video,track_id,event_id,start_frame,end_frame,length_frames,has_full,outcome__cv,id_before__cv,id_after__cv,id_continuous__cv,recall_during__cv,outcome__ekf_ctrv,id_before__ekf_ctrv,id_after__ekf_ctrv,id_continuous__ekf_ctrv,recall_during__ekf_ctrv,outcome__ukf_ctrv,id_before__ukf_ctrv,id_after__ukf_ctrv,id_continuous__ukf_ctrv,recall_during__ukf_ctrv,split,part,source,curv,path_len,net_disp,max_occ,mean_occ,full_len,full_start,full_end,occluder,code,n_preserved,differ
MVI_20011,10,0,47,107,61,False,switched,16.0,95.0,False,0.082,switched,15.0,96.0,False,0.082,switched,15.0,96.0,False,0.082,DETRAC-all,train,train,0.04406829125930245,71.55,68.53,0.4641,0.3313,0,-1,-1,vehicle,SSS,0,False
MVI_20011,13,1,197,209,13,False,lost_after,67.0,,False,0.0,lost_after,68.0,,False,0.0,lost_after,68.0,,False,0.0,DETRAC-all,train,train,0.019323671497584627,12.66,12.42,0.2158,0.1607,0,-1,-1,background,LLL,0,False
MVI_20011,21,0,227,302,76,False,preserved,151.0,151.0,True,1.0,preserved,152.0,152.0,True,1.0,preserved,152.0,152.0,True,1.0,DETRAC-all,train,train,0.006701073836677063,241.87,240.26,0.3427,0.2312,0,-1,-1,vehicle,PPP,3,False
MVI_20011,29,0,511,541,31,False,no_match_before,,,False,0.0,no_match_before,,,False,0.0,no_match_before,,,False,0.0,DETRAC-all,train,train,0.25806451612903225,11.31,8.99,0.425,0.2973,0,-1,-1,vehicle,NNN,0,False
MVI_20011,35,1,488,495,8,False,preserved,263.0,263.0,True,1.0,preserved,263.0,263.0,True,1.0,preserved,262.0,262.0,True,1.0,DETRAC-all,train,train,0.04330708661417315,7.95,7.62,0.1271,0.1155,0,-1,-1,vehicle,PPP,3,False
MVI_20011,37,1,453,571,119,False,lost_after,240.0,,False,0.1513,lost_after,240.0,,False,0.1513,lost_after,240.0,,False,0.1513,DETRAC-all,train,train,0.1396016674386289,123.02,107.95,0.867,0.4413,0,-1,-1,both,LLL,0,False
MVI_20011,40,1,538,575,38,True,lost_after,256.0,,False,0.0,lost_after,256.0,,False,0.0,lost_after,255.0,,False,0.0,DETRAC-all,train,train,0.1250387837418554,36.26,32.23,1.0,0.6492,24,548,571,background,LLL,0,False
MVI_20011,43,1,548,553,6,False,preserved,280.0,280.0,True,1.0,preserved,280.0,280.0,True,1.0,preserved,279.0,279.0,True,1.0,DETRAC-all,train,train,0.0,7.84,7.84,0.2525,0.1782,0,-1,-1,background,PPP,3,False
MVI_20011,43,2,560,571,12,False,lost_after,280.0,,False,0.0,lost_after,280.0,,False,0.0,lost_after,279.0,,False,0.0,DETRAC-all,train,train,0.11088082901554408,10.72,9.65,0.3503,0.247,0,-1,-1,background,LLL,0,False
MVI_20011,43,3,593,599,7,False,no_match_before,,,False,0.0,no_match_before,,,False,0.0,no_match_before,,,False,0.0,DETRAC-all,train,train,0.03275862068965529,5.99,5.8,0.3732,0.2272,0,-1,-1,background,NNN,0,False
MVI_20011,47,0,570,638,69,False,no_match_before,,,False,0.0725,no_match_before,,,False,0.0725,no_match_before,,,False,0.0725,DETRAC-all,train,train,0.520162932790224,37.32,24.55,0.6353,0.4427,0,-1,-1,vehicle,NNN,0,False
MVI_20011,47,1,645,652,8,False,preserved,372.0,372.0,True,1.0,preserved,377.0,377.0,True,1.0,preserved,370.0,370.0,True,1.0,DETRAC-all,train,train,,3.64,0.8,0.1563,0.1299,0,-1,-1,vehicle,PPP,3,False
MVI_20011,47,2,658,662,5,False,preserved,372.0,372.0,True,1.0,preserved,377.0,377.0,True,1.0,preserved,370.0,370.0,True,1.0,DETRAC-all,train,train,,2.64,2.15,0.1563,0.1314,0,-1,-1,vehicle,PPP,3,False
MVI_20011,51,1,652,663,12,False,no_match_before,,,False,0.0,no_match_before,,,False,0.0,no_match_before,,,False,0.0,DETRAC-all,train,train,,7.18,3.65,0.1549,0.1376,0,-1,-1,vehicle,NNN,0,False
MVI_20012,3,1,31,402,372,True,no_match_before,,,False,0.3844,no_match_before,,,False,0.3844,no_match_before,,,False,0.3844,DETRAC-all,train,train,0.920880195599022,196.41,102.25,0.9761,0.5173,22,65,123,vehicle,NNN,0,False
MVI_20012,12,0,35,41,7,False,no_match_before,,,False,0.0,no_match_before,,,False,0.0,no_match_before,,,False,0.0,DETRAC-all,train,train,,2.45,1.54,0.2041,0.1532,0,-1,-1,vehicle,NNN,0,False
MVI_20012,12,1,52,82,31,False,no_match_before,,,False,0.0,no_match_before,,,False,0.0,no_match_before,,,False,0.0,DETRAC-all,train,train,0.12883435582822078,16.56,14.67,0.3445,0.1886,0,-1,-1,vehicle,NNN,0,False
MVI_20012,14,1,209,326,118,False,preserved,39.0,39.0,True,1.0,preserved,39.0,39.0,True,1.0,preserved,39.0,39.0,True,1.0,DETRAC-all,train,train,0.39304918032786884,106.22,76.25,0.4999,0.2995,0,-1,-1,vehicle,PPP,3,False
MVI_20012,15,0,293,399,107,False,preserved,62.0,62.0,False,0.729,switched,61.0,227.0,False,0.757,switched,61.0,224.0,False,0.757,DETRAC-all,train,train,0.14660033167495867,138.28,120.6,0.6936,0.3787,0,-1,-1,vehicle,PSS,1,True
MVI_20012,16,1,238,241,4,False,preserved,52.0,52.0,True,1.0,preserved,52.0,52.0,True,1.0,preserved,52.0,52.0,True,1.0,DETRAC-all,train,train,,4.04,4.04,0.1297,0.1018,0,-1,-1,background,PPP,3,False
MVI_20012,16,2,247,267,21,False,preserved,52.0,52.0,True,1.0,preserved,52.0,52.0,True,1.0,preserved,52.0,52.0,True,1.0,DETRAC-all,train,train,0.14186248912097477,13.12,11.49,0.1787,0.1241,0,-1,-1,background,PPP,3,False
MVI_20012,17,0,209,221,13,False,preserved,79.0,79.0,True,1.0,preserved,79.0,79.0,True,1.0,preserved,78.0,78.0,True,1.0,DETRAC-all,train,train,0.03304524656837815,20.32,19.67,0.1702,0.1421,0,-1,-1,vehicle,PPP,3,False
MVI_20012,18,1,149,177,29,False,no_match_before,,,False,0.0,no_match_before,,,False,0.0,no_match_before,,,False,0.0,DETRAC-all,train,train,0.6772908366533865,16.84,10.04,0.1985,0.1419,0,-1,-1,vehicle,NNN,0,False
MVI_20012,18,2,187,224,38,False,no_match_before,,,False,0.1579,no_match_before,,,False,0.1579,no_match_before,,,False,0.1579,DETRAC-all,train,train,0.37578124999999996,35.22,25.6,0.2563,0.1898,0,-1,-1,vehicle,NNN,0,False
MVI_20012,25,0,321,331,11,False,switched,183.0,207.0,False,0.0,switched,183.0,207.0,False,0.0,switched,182.0,204.0,False,0.0,DETRAC-all,train,train,0.0193133047210301,9.5,9.32,0.1726,0.1566,0,-1,-1,vehicle,SSS,0,False
MVI_20012,28,1,435,444,10,False,preserved,323.0,323.0,True,1.0,preserved,267.0,267.0,True,1.0,preserved,316.0,316.0,True,1.0,DETRAC-all,train,train,0.2535612535612537,8.8,7.02,0.1416,0.1197,0,-1,-1,vehicle,PPP,3,False
MVI_20012,31,1,486,513,28,False,preserved,326.0,326.0,False,0.8214,preserved,319.0,319.0,False,0.8214,preserved,319.0,319.0,False,0.8214,DETRAC-all,train,train,0.027118644067796405,24.24,23.6,0.2299,0.1812,0,-1,-1,vehicle,PPP,3,False
MVI_20012,41,0,815,842,28,False,lost_after,461.0,,False,0.3214,lost_after,454.0,,False,0.3214,lost_after,450.0,,False,0.3214,DETRAC-all,train,train,1.1253062653132657,60.72,28.57,0.2366,0.1852,0,-1,-1,vehicle,LLL,0,False
MVI_20033,2,0,83,101,19,False,preserved,2.0,2.0,True,1.0,preserved,2.0,2.0,True,1.0,preserved,2.0,2.0,True,1.0,DETRAC-all,train,train,0.023320377568017747,18.43,18.01,0.1937,0.1383,0,-1,-1,vehicle,PPP,3,False
MVI_20033,2,1,105,173,69,False,lost_after,2.0,,False,0.2754,lost_after,2.0,,False,0.2754,lost_after,2.0,,False,0.2754,DETRAC-all,train,train,0.25480225988700567,44.42,35.4,0.3598,0.2529,0,-1,-1,vehicle,LLL,0,False
MVI_20033,5,0,211,233,23,False,no_match_before,,,False,0.0,no_match_before,,,False,0.0,no_match_before,,,False,0.0,DETRAC-all,train,train,,7.76,4.59,0.26,0.2145,0,-1,-1,vehicle,NNN,0,False
MVI_20033,14,0,530,560,31,False,lost_after,139.0,,False,0.0968,lost_after,150.0,,False,0.0968,lost_after,134.0,,False,0.0968,DETRAC-all,train,train,0.08660213958227203,21.33,19.63,0.1929,0.1327,0,-1,-1,vehicle,LLL,0,False
MVI_20034,16,0,325,343,19,False,preserved,118.0,118.0,False,0.6842,preserved,122.0,122.0,False,0.7895,preserved,122.0,122.0,False,0.7895,DETRAC-all,train,train,0.0023148148148146586,12.99,12.96,0.1355,0.1203,0,-1,-1,vehicle,PPP,3,False
MVI_20034,16,1,619,638,20,False,no_match_before,,,False,0.0,no_match_before,,,False,0.0,no_match_before,,,False,0.0,DETRAC-all,train,train,,8.31,3.75,0.4426,0.2678,0,-1,-1,vehicle,NNN,0,False
MVI_20034,22,0,539,568,30,False,preserved,225.0,225.0,True,1.0,preserved,227.0,227.0,True,1.0,preserved,227.0,227.0,True,1.0,DETRAC-all,train,train,0.013565891472868241,20.92,20.64,0.1713,0.1464,0,-1,-1,vehicle,PPP,3,False
MVI_20034,24,1,426,440,15,False,no_match_before,,,False,0.0,no_match_before,,,False,0.0,no_match_before,,,False,0.0,DETRAC-all,train,train,,8.3,4.32,0.1736,0.1565,0,-1,-1,vehicle,NNN,0,False
MVI_20034,30,0,548,741,194,False,switched,194.0,373.0,False,0.5567,switched,196.0,373.0,False,0.5567,switched,196.0,374.0,False,0.5567,DETRAC-all,train,train,0.12257079400333137,161.74,144.08,0.4955,0.3355,0,-1,-1,vehicle,SSS,0,False
MVI_20034,38,0,604,623,20,False,no_match_before,,,False,0.0,no_match_before,,,False,0.0,no_match_before,,,False,0.0,DETRAC-all,train,train,0.09513274336283195,9.9,9.04,0.1581,0.1255,0,-1,-1,vehicle,NNN,0,False
MVI_20034,38,1,640,662,23,False,no_match_before,,,False,0.5217,no_match_before,,,False,0.5217,no_match_before,,,False,0.5217,DETRAC-all,train,train,0.2251131221719458,10.83,8.84,0.2036,0.1529,0,-1,-1,vehicle,NNN,0,False
MVI_20034,38,2,684,687,4,False,preserved,346.0,346.0,True,1.0,preserved,347.0,347.0,True,1.0,preserved,348.0,348.0,True,1.0,DETRAC-all,train,train,,1.7,1.01,0.1165,0.1083,0,-1,-1,vehicle,PPP,3,False
MVI_20034,48,0,238,347,110,True,switched,1.0,116.0,False,0.4,switched,1.0,120.0,False,0.4,switched,1.0,120.0,False,0.4,DETRAC-all,train,train,,11.39,4.57,1.0,0.6383,19,296,314,vehicle,SSS,0,False
MVI_20034,48,1,422,455,34,False,preserved,116.0,116.0,True,1.0,preserved,120.0,120.0,True,1.0,preserved,120.0,120.0,True,1.0,DETRAC-all,train,train,0.0015898251192369983,31.5,31.45,0.1743,0.145,0,-1,-1,vehicle,PPP,3,False
MVI_20034,48,2,646,682,37,False,lost_after,341.0,,False,0.8108,lost_after,342.0,,False,0.8108,lost_after,336.0,,False,0.8108,DETRAC-all,train,train,0.0007833920877398093,25.55,25.53,0.1344,0.115,0,-1,-1,vehicle,LLL,0,False
MVI_20034,50,0,321,340,20,False,switched,63.0,139.0,False,0.7,switched,63.0,141.0,False,0.7,switched,63.0,141.0,False,0.7,DETRAC-all,train,train,0.0,23.11,23.11,0.1385,0.1278,0,-1,-1,vehicle,SSS,0,False
MVI_20035,10,0,360,375,16,False,preserved,102.0,102.0,True,1.0,preserved,104.0,104.0,True,1.0,preserved,101.0,101.0,True,1.0,DETRAC-all,train,train,0.01869158878504673,19.62,19.26,0.1536,0.1261,0,-1,-1,vehicle,PPP,3,False
MVI_20035,12,0,389,449,61,False,preserved,125.0,125.0,False,0.7869,preserved,127.0,127.0,False,0.7869,preserved,124.0,124.0,False,0.7869,DETRAC-all,train,train,0.025321100917431227,55.88,54.5,0.348,0.215,0,-1,-1,vehicle,PPP,3,False
MVI_20035,13,0,436,508,73,False,preserved,151.0,151.0,False,0.589,preserved,155.0,155.0,False,0.6027,preserved,147.0,147.0,False,0.589,DETRAC-all,train,train,0.13064713064713063,55.56,49.14,0.4392,0.2565,0,-1,-1,vehicle,PPP,3,False
MVI_20035,34,0,103,135,33,False,preserved,5.0,5.0,True,1.0,preserved,5.0,5.0,True,1.0,preserved,5.0,5.0,True,1.0,DETRAC-all,train,train,0.003197364596454033,103.54,103.21,0.257,0.1954,0,-1,-1,vehicle,PPP,3,False
MVI_20035,37,0,99,209,111,False,preserved,10.0,10.0,True,1.0,preserved,10.0,10.0,True,1.0,preserved,10.0,10.0,True,1.0,DETRAC-all,train,train,0.010506861973373471,295.26,292.19,0.2277,0.1625,0,-1,-1,vehicle,PPP,3,False
MVI_20035,49,0,251,356,106,False,no_match_before,,,False,0.3396,no_match_before,,,False,0.3396,no_match_before,,,False,0.3396,DETRAC-all,train,train,0.0676552363299352,69.12,64.74,0.2966,0.1984,0,-1,-1,vehicle,NNN,0,False
MVI_20035,54,0,472,500,29,False,preserved,186.0,186.0,True,1.0,preserved,192.0,192.0,True,1.0,preserved,182.0,182.0,True,1.0,DETRAC-all,train,train,0.06830855018587356,22.99,21.52,0.2482,0.1905,0,-1,-1,vehicle,PPP,3,False
MVI_20051,11,0,134,167,34,False,no_match_before,,,False,0.0,no_match_before,,,False,0.0,no_match_before,,,False,0.0,DETRAC-all,train,train,1.715034965034965,15.53,5.72,0.1775,0.1496,0,-1,-1,vehicle,NNN,0,False
MVI_20051,51,0,31,34,4,False,preserved,4.0,4.0,True,1.0,preserved,4.0,4.0,True,1.0,preserved,4.0,4.0,True,1.0,DETRAC-all,train,train,,0.93,0.93,0.1031,0.1019,0,-1,-1,vehicle,PPP,3,False
MVI_20051,51,1,726,762,37,False,preserved,169.0,169.0,False,0.9459,preserved,175.0,175.0,False,0.9459,preserved,176.0,176.0,False,0.9459,DETRAC-all,train,train,,8.29,3.63,0.1394,0.1297,0,-1,-1,vehicle,PPP,3,False
MVI_20051,51,2,786,865,80,False,switched,169.0,542.0,False,0.7125,switched,175.0,549.0,False,0.7125,switched,176.0,549.0,False,0.7125,DETRAC-all,train,train,,18.5,0.69,0.1847,0.1453,0,-1,-1,vehicle,SSS,0,False
MVI_20052,8,0,30,107,78,False,no_match_before,,,False,0.2564,no_match_before,,,False,0.2564,no_match_before,,,False,0.2564,DETRAC-all,train,train,0.40150375939849625,27.96,19.95,0.5161,0.3453,0,-1,-1,vehicle,NNN,0,False
MVI_20052,24,0,191,286,96,False,no_match_before,,,False,0.9271,no_match_before,,,False,0.9271,no_match_before,,,False,0.9271,DETRAC-all,train,train,0.20824361734850827,39.28,32.51,0.223,0.1575,0,-1,-1,vehicle,NNN,0,False
MVI_20052,24,1,295,301,7,False,preserved,168.0,168.0,True,1.0,preserved,173.0,173.0,True,1.0,preserved,176.0,176.0,True,1.0,DETRAC-all,train,train,0.0,5.09,5.09,0.1069,0.1042,0,-1,-1,vehicle,PPP,3,False
MVI_20052,30,0,265,546,282,False,no_match_before,,,False,0.4681,no_match_before,,,False,0.4681,no_match_before,,,False,0.4681,DETRAC-all,train,train,0.3540735334367302,148.42,109.61,0.499,0.3701,0,-1,-1,vehicle,NNN,0,False
MVI_20052,31,0,334,394,61,False,lost_after,216.0,,False,0.8852,lost_after,221.0,,False,0.8852,lost_after,224.0,,False,0.8852,DETRAC-all,train,train,0.011794439764111209,72.06,71.22,0.2022,0.1563,0,-1,-1,vehicle,LLL,0,False
MVI_20052,43,0,128,138,11,False,switched,4.0,31.0,False,1.0,switched,4.0,32.0,False,1.0,switched,4.0,32.0,False,1.0,DETRAC-all,train,train,,5.26,2.27,0.1183,0.1089,0,-1,-1,vehicle,SSS,0,False
MVI_20052,43,1,253,271,19,False,preserved,4.0,4.0,True,1.0,preserved,4.0,4.0,True,1.0,preserved,4.0,4.0,True,1.0,DETRAC-all,train,train,0.26391382405745056,7.04,5.57,0.1635,0.1358,0,-1,-1,vehicle,PPP,3,False
MVI_20052,43,2,280,353,74,False,preserved,4.0,4.0,True,1.0,preserved,4.0,4.0,True,1.0,preserved,4.0,4.0,True,1.0,DETRAC-all,train,train,,17.35,0.96,0.1268,0.113,0,-1,-1,vehicle,PPP,3,False
MVI_20052,43,3,364,403,40,False,preserved,4.0,4.0,True,1.0,preserved,4.0,4.0,True,1.0,preserved,4.0,4.0,True,1.0,DETRAC-all,train,train,,3.84,2.75,0.1321,0.115,0,-1,-1,vehicle,PPP,3,False
MVI_20052,43,4,437,539,103,False,preserved,4.0,4.0,False,0.9417,preserved,4.0,4.0,False,0.9417,preserved,4.0,4.0,False,0.9417,DETRAC-all,train,train,,6.14,2.82,0.2271,0.1598,0,-1,-1,vehicle,PPP,3,False
MVI_20061,7,0,17,267,251,False,switched,19.0,378.0,False,0.3466,switched,20.0,374.0,False,0.3466,switched,20.0,364.0,False,0.3426,DETRAC-all,train,train,0.3537380060546975,263.83,194.89,0.5821,0.3926,0,-1,-1,vehicle,SSS,0,False
MVI_20061,8,0,96,159,64,False,switched,3.0,245.0,False,0.4531,switched,3.0,244.0,False,0.4531,switched,3.0,237.0,False,0.4531,DETRAC-all,train,train,0.42797397769516743,61.46,43.04,0.5349,0.324,0,-1,-1,vehicle,SSS,0,False
MVI_20061,9,0,165,203,39,False,preserved,212.0,212.0,True,1.0,preserved,212.0,212.0,True,1.0,preserved,205.0,205.0,True,1.0,DETRAC-all,train,train,0.3203067932797663,36.15,27.38,0.2866,0.2272,0,-1,-1,vehicle,PPP,3,False
MVI_20061,9,1,210,212,3,False,preserved,212.0,212.0,True,1.0,preserved,212.0,212.0,True,1.0,preserved,205.0,205.0,True,1.0,DETRAC-all,train,train,,1.46,1.22,0.1125,0.1061,0,-1,-1,vehicle,PPP,3,False
MVI_20061,22,0,173,183,11,False,preserved,241.0,241.0,True,1.0,preserved,240.0,240.0,True,1.0,preserved,233.0,233.0,True,1.0,DETRAC-all,train,train,,3.84,3.52,0.1399,0.1336,0,-1,-1,vehicle,PPP,3,False
MVI_20061,49,0,142,153,12,False,switched,142.0,261.0,False,0.0,switched,145.0,261.0,False,0.0,switched,144.0,254.0,False,0.0,DETRAC-all,train,train,0.02496532593619971,14.78,14.42,0.1202,0.1099,0,-1,-1,vehicle,SSS,0,False
MVI_20061,49,1,160,215,56,False,preserved,261.0,261.0,False,0.8571,preserved,261.0,261.0,False,0.8571,preserved,254.0,254.0,False,0.8571,DETRAC-all,train,train,0.07566204287515754,42.65,39.65,0.1365,0.1159,0,-1,-1,vehicle,PPP,3,False
MVI_20061,49,2,219,243,25,False,lost_after,261.0,,False,0.44,lost_after,261.0,,False,0.44,lost_after,254.0,,False,0.44,DETRAC-all,train,train,0.03875315922493683,24.66,23.74,0.1469,0.1208,0,-1,-1,vehicle,LLL,0,False
MVI_20062,25,0,713,795,83,False,lost_after,359.0,,False,0.3494,lost_after,363.0,,False,0.3494,lost_after,358.0,,False,0.3494,DETRAC-all,train,train,0.056820056077849346,128.15,121.26,0.6009,0.3786,0,-1,-1,vehicle,LLL,0,False
MVI_20063,4,0,379,383,5,False,no_match_before,,,False,0.0,no_match_before,,,False,0.0,no_match_before,,,False,0.0,DETRAC-all,train,train,,1.41,1.24,0.1148,0.1083,0,-1,-1,vehicle,NNN,0,False
MVI_20063,7,0,235,351,117,False,switched,65.0,126.0,False,0.4872,switched,67.0,124.0,False,0.4872,switched,64.0,123.0,False,0.4872,DETRAC-all,train,train,0.02625452664252448,238.05,231.96,0.5956,0.4021,0,-1,-1,vehicle,SSS,0,False
MVI_20063,11,0,599,639,41,False,no_match_before,,,False,0.0,no_match_before,,,False,0.0,no_match_before,,,False,0.0,DETRAC-all,train,train,0.19176232275489524,17.65,14.81,0.2696,0.1662,0,-1,-1,vehicle,NNN,0,False
MVI_20063,11,1,660,662,3,False,no_match_before,,,False,0.0,no_match_before,,,False,0.0,no_match_before,,,False,0.0,DETRAC-all,train,train,,0.73,0.35,0.1132,0.1086,0,-1,-1,vehicle,NNN,0,False
MVI_20063,12,1,583,670,88,False,lost_after,241.0,,False,0.0,lost_after,235.0,,False,0.0,lost_after,239.0,,False,0.0,DETRAC-all,train,train,0.8569711538461537,30.9,16.64,0.2405,0.1619,0,-1,-1,vehicle,LLL,0,False
MVI_20063,14,0,480,562,83,False,switched,172.0,221.0,False,0.7711,switched,169.0,214.0,False,0.7711,switched,170.0,218.0,False,0.7711,DETRAC-all,train,train,0.021840733417220815,113.69,111.26,0.3772,0.262,0,-1,-1,vehicle,SSS,0,False
MVI_20063,16,0,699,779,81,False,no_match_before,,,False,0.0,no_match_before,,,False,0.0,no_match_before,,,False,0.0,DETRAC-all,train,train,1.146487294469357,28.72,13.38,0.4104,0.2867,0,-1,-1,vehicle,NNN,0,False
MVI_20063,18,0,581,771,191,False,switched,244.0,390.0,False,0.466,switched,238.0,382.0,False,0.4607,switched,242.0,388.0,False,0.466,DETRAC-all,train,train,0.029849589083579042,265.66,257.96,0.6311,0.4863,0,-1,-1,vehicle,SSS,0,False
MVI_20063,22,0,682,791,110,False,no_match_before,,,False,0.1818,no_match_before,,,False,0.1909,no_match_before,,,False,0.1818,DETRAC-all,train,train,0.25498108448928125,49.76,39.65,0.2943,0.2081,0,-1,-1,vehicle,NNN,0,False
MVI_20063,23,0,738,746,9,False,preserved,315.0,315.0,True,1.0,preserved,309.0,309.0,True,1.0,preserved,313.0,313.0,True,1.0,DETRAC-all,train,train,0.08689655172413802,7.88,7.25,0.1331,0.1189,0,-1,-1,vehicle,PPP,3,False
MVI_20064,7,0,3,10,8,False,preserved,1.0,1.0,True,1.0,preserved,1.0,1.0,True,1.0,preserved,1.0,1.0,True,1.0,DETRAC-all,train,train,0.01858567543064371,22.47,22.06,0.125,0.1195,0,-1,-1,background,PPP,3,False
MVI_20064,7,1,14,23,10,False,preserved,1.0,1.0,True,1.0,preserved,1.0,1.0,True,1.0,preserved,1.0,1.0,True,1.0,DETRAC-all,train,train,0.11784351145038152,23.43,20.96,0.2362,0.1598,0,-1,-1,background,PPP,3,False
MVI_20064,7,2,29,38,10,False,preserved,1.0,1.0,True,1.0,preserved,1.0,1.0,True,1.0,preserved,1.0,1.0,True,1.0,DETRAC-all,train,train,0.01784386617100364,13.69,13.45,0.1426,0.1215,0,-1,-1,background,PPP,3,False
MVI_20064,7,3,184,233,50,False,lost_after,103.0,,False,0.16,lost_after,109.0,,False,0.18,lost_after,109.0,,False,0.18,DETRAC-all,train,train,1.0143454871488347,33.7,16.73,0.3979,0.2606,0,-1,-1,vehicle,LLL,0,False
MVI_20064,11,0,92,127,36,False,no_match_before,,,False,0.0,no_match_before,,,False,0.0,no_match_before,,,False,0.0,DETRAC-all,train,train,0.44226457399103136,25.73,17.84,0.455,0.3148,0,-1,-1,vehicle,NNN,0,False
MVI_20064,16,0,202,239,38,False,lost_after,45.0,,False,0.4474,lost_after,53.0,,False,0.4474,lost_after,53.0,,False,0.4474,DETRAC-all,train,train,0.10326797385620923,25.32,22.95,0.3798,0.2517,0,-1,-1,vehicle,LLL,0,False
MVI_20064,16,1,245,248,4,False,lost_after,45.0,,False,0.0,lost_after,53.0,,False,0.0,lost_after,53.0,,False,0.0,DETRAC-all,train,train,,1.54,0.34,0.1449,0.1234,0,-1,-1,vehicle,LLL,0,False
MVI_20064,18,0,104,112,9,False,no_match_before,,,False,0.0,no_match_before,,,False,0.0,no_match_before,,,False,0.0,DETRAC-all,train,train,0.005272407732864748,34.32,34.14,0.1529,0.1209,0,-1,-1,background,NNN,0,False
MVI_20064,18,1,144,294,151,False,preserved,77.0,77.0,False,0.9868,preserved,85.0,85.0,False,0.9868,preserved,85.0,85.0,False,0.9868,DETRAC-all,train,train,0.08104147880973844,191.82,177.44,0.4451,0.2044,0,-1,-1,background,PPP,3,False
MVI_20064,19,0,117,139,23,False,preserved,82.0,82.0,False,0.8261,preserved,90.0,90.0,False,0.913,preserved,90.0,90.0,False,0.913,DETRAC-all,train,train,0.02600426935765565,52.87,51.53,0.2023,0.1738,0,-1,-1,vehicle,PPP,3,False
MVI_20064,19,1,247,265,19,False,preserved,82.0,82.0,False,0.6842,preserved,90.0,90.0,False,0.6842,preserved,90.0,90.0,False,0.6842,DETRAC-all,train,train,0.002457002457002311,8.16,8.14,0.2128,0.1797,0,-1,-1,vehicle,PPP,3,False
MVI_20064,19,2,284,328,45,False,switched,82.0,238.0,False,0.2444,switched,90.0,244.0,False,0.2444,switched,90.0,243.0,False,0.2444,DETRAC-all,train,train,1.120044052863436,19.25,9.08,0.3583,0.2409,0,-1,-1,vehicle,SSS,0,False
MVI_20064,19,3,407,411,5,False,no_match_before,,,False,0.0,no_match_before,,,False,0.0,no_match_before,,,False,0.0,DETRAC-all,train,train,,1.9,1.02,0.2117,0.1688,0,-1,-1,vehicle,NNN,0,False
MVI_20064,19,4,423,430,8,False,no_match_before,,,False,0.0,no_match_before,,,False,0.0,no_match_before,,,False,0.0,DETRAC-all,train,train,,2.47,2.18,0.189,0.145,0,-1,-1,vehicle,NNN,0,False
MVI_20064,20,0,667,669,3,False,no_match_before,,,False,0.0,no_match_before,,,False,0.0,no_match_before,,,False,0.0,DETRAC-all,train,train,,1.61,1.6,0.1125,0.1071,0,-1,-1,vehicle,NNN,0,False
MVI_20064,20,1,721,749,29,False,no_match_before,,,False,0.0,no_match_before,,,False,0.0,no_match_before,,,False,0.0,DETRAC-all,train,train,1.670572916666667,20.51,7.68,0.1837,0.1414,0,-1,-1,vehicle,NNN,0,False
MVI_20064,22,0,152,170,19,False,no_match_before,,,False,0.0,no_match_before,,,False,0.0,no_match_before,,,False,0.0,DETRAC-all,train,train,0.09438470728793313,9.16,8.37,0.2723,0.1651,0,-1,-1,vehicle,NNN,0,False
MVI_20064,22,1,228,302,75,False,no_match_before,,,False,0.0,no_match_before,,,False,0.0,no_match_before,,,False,0.0,DETRAC-all,train,train,,33.68,1.69,0.3222,0.226,0,-1,-1,vehicle,NNN,0,False
MVI_20064,22,2,310,315,6,False,no_match_before,,,False,0.0,no_match_before,,,False,0.0,no_match_before,,,False,0.0,DETRAC-all,train,train,,0.55,0.41,0.1693,0.1348,0,-1,-1,vehicle,NNN,0,False
MVI_20064,22,3,324,333,10,False,no_match_before,,,False,0.0,no_match_before,,,False,0.0,no_match_before,,,False,0.0,DETRAC-all,train,train,,5.06,4.58,0.1445,0.1347,0,-1,-1,vehicle,NNN,0,False
MVI_20064,24,0,280,341,62,False,preserved,167.0,167.0,False,1.0,preserved,172.0,172.0,False,0.9839,preserved,170.0,170.0,True,1.0,DETRAC-all,train,train,0.016846300153971594,112.27,110.41,0.1938,0.1598,0,-1,-1,vehicle,PPP,3,False
MVI_20064,24,1,345,347,3,False,preserved,167.0,167.0,True,1.0,preserved,172.0,172.0,True,1.0,preserved,170.0,170.0,True,1.0,DETRAC-all,train,train,,1.89,1.89,0.118,0.1102,0,-1,-1,vehicle,PPP,3,False
MVI_20064,24,2,377,466,90,False,lost_after,167.0,,False,0.5333,lost_after,172.0,,False,0.5333,lost_after,170.0,,False,0.5333,DETRAC-all,train,train,0.4513867723255103,47.62,32.81,0.3133,0.2122,0,-1,-1,vehicle,LLL,0,False
MVI_20064,24,3,525,582,58,False,no_match_before,,,False,0.0,no_match_before,,,False,0.0,no_match_before,,,False,0.0,DETRAC-all,train,train,,31.5,4.04,0.3275,0.2493,0,-1,-1,vehicle,NNN,0,False
MVI_20064,24,4,600,602,3,False,no_match_before,,,False,0.0,no_match_before,,,False,0.0,no_match_before,,,False,0.0,DETRAC-all,train,train,,0.53,0.46,0.1376,0.1257,0,-1,-1,vehicle,NNN,0,False
MVI_20064,24,5,618,629,12,False,no_match_before,,,False,0.0,no_match_before,,,False,0.0,no_match_before,,,False,0.0,DETRAC-all,train,train,,5.05,3.89,0.2275,0.1652,0,-1,-1,vehicle,NNN,0,False
MVI_20064,25,1,488,605,118,False,no_match_before,,,False,0.0,no_match_before,,,False,0.0,no_match_before,,,False,0.0,DETRAC-all,train,train,0.2651162790697674,24.48,19.35,0.8333,0.3694,0,-1,-1,vehicle,NNN,0,False
MVI_20064,25,2,630,634,5,False,no_match_before,,,False,0.0,no_match_before,,,False,0.0,no_match_before,,,False,0.0,DETRAC-all,train,train,,1.62,1.62,0.1432,0.1227,0,-1,-1,vehicle,NNN,0,False
MVI_20064,25,3,653,664,12,False,no_match_before,,,False,0.0,no_match_before,,,False,0.0,no_match_before,,,False,0.0,DETRAC-all,train,train,,5.86,3.33,0.2283,0.1533,0,-1,-1,vehicle,NNN,0,False
MVI_20064,25,4,675,732,58,False,no_match_before,,,False,0.0,no_match_before,,,False,0.0,no_match_before,,,False,0.0,DETRAC-all,train,train,0.10097719869706845,13.52,12.28,0.6605,0.4402,0,-1,-1,vehicle,NNN,0,False
MVI_20064,26,0,408,555,148,False,lost_after,222.0,,False,0.0338,lost_after,228.0,,False,0.0338,lost_after,226.0,,False,0.0338,DETRAC-all,train,train,0.512142471667566,84.06,55.59,0.8152,0.4113,0,-1,-1,vehicle,LLL,0,False
MVI_20064,28,0,449,489,41,False,lost_after,237.0,,False,0.0732,lost_after,243.0,,False,0.0732,lost_after,242.0,,False,0.0976,DETRAC-all,train,train,0.3542234332425067,24.85,18.35,0.3484,0.2621,0,-1,-1,vehicle,LLL,0,False
MVI_20064,28,1,524,534,11,False,no_match_before,,,False,0.0,no_match_before,,,False,0.0,no_match_before,,,False,0.0,DETRAC-all,train,train,,11.25,2.85,0.1327,0.1175,0,-1,-1,vehicle,NNN,0,False
MVI_20064,28,2,547,681,135,False,no_match_before,,,False,0.0,no_match_before,,,False,0.0,no_match_before,,,False,0.0,DETRAC-all,train,train,0.6329800982165936,63.18,38.69,0.5144,0.2732,0,-1,-1,vehicle,NNN,0,False
MVI_20064,29,1,502,572,71,False,lost_after,271.0,,False,0.169,lost_after,274.0,,False,0.169,lost_after,273.0,,False,0.169,DETRAC-all,train,train,0.6907384740922071,41.44,24.51,0.2506,0.164,0,-1,-1,vehicle,LLL,0,False
MVI_20064,29,2,592,605,14,False,no_match_before,,,False,0.0,no_match_before,,,False,0.0,no_match_before,,,False,0.0,DETRAC-all,train,train,,8.15,3.08,0.2259,0.1498,0,-1,-1,vehicle,NNN,0,False
MVI_20064,29,3,611,615,5,False,no_match_before,,,False,0.0,no_match_before,,,False,0.0,no_match_before,,,False,0.0,DETRAC-all,train,train,,2.01,0.83,0.1065,0.1045,0,-1,-1,vehicle,NNN,0,False
MVI_20064,29,4,621,626,6,False,no_match_before,,,False,0.0,no_match_before,,,False,0.0,no_match_before,,,False,0.0,DETRAC-all,train,train,,4.61,3.77,0.1272,0.1131,0,-1,-1,vehicle,NNN,0,False
MVI_20064,29,5,634,744,111,False,no_match_before,,,False,0.0,no_match_before,,,False,0.0,no_match_before,,,False,0.0,DETRAC-all,train,train,1.3329124579124576,55.43,23.76,0.5125,0.3837,0,-1,-1,vehicle,NNN,0,False
MVI_20064,29,6,748,753,6,False,no_match_before,,,False,0.0,no_match_before,,,False,0.0,no_match_before,,,False,0.0,DETRAC-all,train,train,,5.93,4.02,0.1784,0.1413,0,-1,-1,vehicle,NNN,0,False
MVI_20064,29,7,768,786,19,False,no_match_before,,,False,0.0,no_match_before,,,False,0.0,no_match_before,,,False,0.0,DETRAC-all,train,train,0.049032258064516165,8.13,7.75,0.2351,0.1848,0,-1,-1,vehicle,NNN,0,False
MVI_20064,29,8,794,799,6,False,no_match_before,,,False,0.0,no_match_before,,,False,0.0,no_match_before,,,False,0.0,DETRAC-all,train,train,,2.15,2.15,0.1513,0.1414,0,-1,-1,vehicle,NNN,0,False
MVI_20064,30,0,374,450,77,False,no_match_before,,,False,0.7662,no_match_before,,,False,0.7662,no_match_before,,,False,0.7662,DETRAC-all,train,train,0.03718786839567034,193.56,186.62,0.5078,0.3246,0,-1,-1,vehicle,NNN,0,False
MVI_20064,30,1,454,485,32,False,switched,269.0,365.0,False,0.375,switched,272.0,243.0,False,0.375,switched,271.0,366.0,False,0.375,DETRAC-all,train,train,0.022832291383528158,37.63,36.79,0.354,0.2686,0,-1,-1,vehicle,SSS,0,False
MVI_20064,30,2,515,646,132,False,lost_after,365.0,,False,0.0152,lost_after,243.0,,False,0.0152,lost_after,366.0,,False,0.0152,DETRAC-all,train,train,1.5074829931972786,55.29,22.05,0.8856,0.4002,0,-1,-1,vehicle,LLL,0,False
MVI_20064,30,3,652,666,15,False,no_match_before,,,False,0.0,no_match_before,,,False,0.0,no_match_before,,,False,0.0,DETRAC-all,train,train,,5.36,2.98,0.183,0.149,0,-1,-1,vehicle,NNN,0,False
MVI_20064,30,4,718,759,42,False,no_match_before,,,False,0.0,no_match_before,,,False,0.0,no_match_before,,,False,0.0,DETRAC-all,train,train,0.16375698324022347,33.33,28.64,0.5265,0.3581,0,-1,-1,vehicle,NNN,0,False
MVI_20064,31,0,396,398,3,False,no_match_before,,,False,0.0,no_match_before,,,False,0.0,no_match_before,,,False,0.0,DETRAC-all,train,train,,0.51,0.49,0.1192,0.1101,0,-1,-1,vehicle,NNN,0,False
MVI_20064,31,1,408,410,3,False,no_match_before,,,False,0.0,no_match_before,,,False,0.0,no_match_before,,,False,0.0,DETRAC-all,train,train,,0.86,0.41,0.1192,0.1097,0,-1,-1,vehicle,NNN,0,False
MVI_20064,31,2,419,434,16,False,no_match_before,,,False,0.0,no_match_before,,,False,0.0,no_match_before,,,False,0.0,DETRAC-all,train,train,0.086299892125135,10.07,9.27,0.178,0.1281,0,-1,-1,vehicle,NNN,0,False
MVI_20064,31,3,444,445,2,False,no_match_before,,,False,0.0,no_match_before,,,False,0.0,no_match_before,,,False,0.0,DETRAC-all,train,train,,1.09,1.09,0.1127,0.108,0,-1,-1,vehicle,NNN,0,False
MVI_20064,31,4,455,491,37,False,no_match_before,,,False,0.7568,no_match_before,,,False,0.7568,no_match_before,,,False,0.7568,DETRAC-all,train,train,0.1190933538225123,29.13,26.03,0.3005,0.2184,0,-1,-1,vehicle,NNN,0,False
MVI_20064,34,1,532,551,20,False,preserved,308.0,308.0,True,1.0,preserved,311.0,311.0,True,1.0,preserved,310.0,310.0,True,1.0,DETRAC-all,train,train,0.8092016238159674,13.37,7.39,0.2712,0.1796,0,-1,-1,background,PPP,3,False
MVI_20064,34,2,575,686,112,False,switched,308.0,571.0,False,0.0,switched,311.0,570.0,False,0.0,switched,310.0,566.0,False,0.0,DETRAC-all,train,train,2.2422619047619046,54.47,16.8,0.6855,0.3581,0,-1,-1,vehicle,SSS,0,False
MVI_20064,35,0,563,762,200,False,lost_after,316.0,,False,0.0,lost_after,319.0,,False,0.0,lost_after,318.0,,False,0.0,DETRAC-all,train,train,0.9848866498740554,94.56,47.64,0.5229,0.3253,0,-1,-1,vehicle,LLL,0,False
MVI_20064,35,1,780,783,4,False,no_match_before,,,False,0.0,no_match_before,,,False,0.0,no_match_before,,,False,0.0,DETRAC-all,train,train,,0.86,0.56,0.1975,0.1561,0,-1,-1,vehicle,NNN,0,False
MVI_20064,38,0,512,550,39,False,preserved,359.0,359.0,True,1.0,preserved,362.0,362.0,True,1.0,preserved,360.0,360.0,True,1.0,DETRAC-all,train,train,0.1107796340493239,55.85,50.28,0.3063,0.2298,0,-1,-1,vehicle,PPP,3,False
MVI_20064,38,1,752,791,40,False,lost_after,359.0,,False,0.125,lost_after,362.0,,False,0.125,lost_after,360.0,,False,0.125,DETRAC-all,train,train,0.07516339869281041,23.03,21.42,0.448,0.322,0,-1,-1,vehicle,LLL,0,False
MVI_20064,39,0,482,788,307,True,no_match_before,,,False,0.8339,no_match_before,,,False,0.8339,no_match_before,,,False,0.8241,DETRAC-all,train,train,0.10778686305301344,409.15,369.34,1.0,0.4131,8,751,758,background,NNN,0,False
MVI_20064,43,0,654,695,42,False,no_match_before,,,False,0.0,no_match_before,,,False,0.0,no_match_before,,,False,0.0,DETRAC-all,train,train,0.9842053307008884,20.1,10.13,0.5381,0.3298,0,-1,-1,vehicle,NNN,0,False
MVI_20064,47,0,707,750,44,False,no_match_before,,,False,0.5,no_match_before,,,False,0.5,no_match_before,,,False,0.5,DETRAC-all,train,train,0.09127919434326115,50.93,46.67,0.1334,0.1226,0,-1,-1,vehicle,NNN,0,False
MVI_20065,14,0,256,310,55,False,preserved,107.0,107.0,True,1.0,preserved,133.0,133.0,True,1.0,preserved,133.0,133.0,True,1.0,DETRAC-all,train,train,0.03159478435305929,61.71,59.82,0.3342,0.255,0,-1,-1,vehicle,PPP,3,False
MVI_20065,15,1,257,263,7,False,preserved,143.0,143.0,False,0.7143,preserved,150.0,150.0,False,0.7143,preserved,150.0,150.0,False,0.7143,DETRAC-all,train,train,,2.55,2.26,0.1154,0.1118,0,-1,-1,vehicle,PPP,3,False
MVI_20065,15,2,289,339,51,False,preserved,143.0,143.0,True,1.0,preserved,150.0,150.0,True,1.0,preserved,150.0,150.0,True,1.0,DETRAC-all,train,train,0.06209150326797386,39.0,36.72,0.2098,0.1555,0,-1,-1,vehicle,PPP,3,False
MVI_20065,18,1,164,262,99,False,no_match_before,,,False,0.6263,no_match_before,,,False,0.6263,no_match_before,,,False,0.6263,DETRAC-all,train,train,0.3374003984063747,53.71,40.16,0.2934,0.1798,0,-1,-1,vehicle,NNN,0,False
MVI_20065,18,2,310,318,9,False,preserved,140.0,140.0,True,1.0,preserved,147.0,147.0,True,1.0,preserved,147.0,147.0,True,1.0,DETRAC-all,train,train,,4.1,4.1,0.1186,0.1101,0,-1,-1,vehicle,PPP,3,False
MVI_20065,18,3,367,428,62,False,preserved,140.0,140.0,True,1.0,preserved,147.0,147.0,True,1.0,preserved,147.0,147.0,True,1.0,DETRAC-all,train,train,0.008826676176890258,113.15,112.16,0.1887,0.1429,0,-1,-1,vehicle,PPP,3,False
MVI_20065,20,1,239,419,181,False,switched,145.0,218.0,False,0.6188,switched,152.0,243.0,False,0.6188,preserved,152.0,152.0,False,0.6354,DETRAC-all,train,train,0.19173373574782038,142.15,119.28,0.3735,0.2045,0,-1,-1,vehicle,SSP,1,True
MVI_20065,23,0,305,333,29,False,preserved,184.0,184.0,False,0.931,switched,219.0,242.0,False,0.7586,switched,218.0,239.0,False,0.7586,DETRAC-all,train,train,0.06723456038941289,35.08,32.87,0.1409,0.1265,0,-1,-1,vehicle,PSS,1,True
MVI_20065,24,0,275,297,23,False,preserved,150.0,150.0,True,1.0,preserved,193.0,193.0,True,1.0,preserved,192.0,192.0,True,1.0,DETRAC-all,train,train,0.014285714285714235,25.56,25.2,0.1254,0.1151,0,-1,-1,vehicle,PPP,3,False
MVI_20065,28,0,374,404,31,False,lost_after,192.0,,False,0.0,lost_after,201.0,,False,0.0,lost_after,200.0,,False,0.0,DETRAC-all,train,train,0.01442622950819672,30.94,30.5,0.2265,0.2045,0,-1,-1,vehicle,LLL,0,False
MVI_20065,32,0,422,473,52,False,preserved,273.0,273.0,False,0.9808,preserved,297.0,297.0,False,0.9808,preserved,293.0,293.0,False,0.9808,DETRAC-all,train,train,0.8058882235528941,36.19,20.04,0.1776,0.1396,0,-1,-1,vehicle,PPP,3,False
MVI_20065,32,1,481,483,3,False,preserved,273.0,273.0,True,1.0,preserved,297.0,297.0,True,1.0,preserved,293.0,293.0,True,1.0,DETRAC-all,train,train,,1.71,1.71,0.1023,0.1013,0,-1,-1,vehicle,PPP,3,False
MVI_20065,34,0,429,434,6,False,switched,271.0,327.0,False,1.0,switched,295.0,351.0,False,1.0,switched,291.0,346.0,False,1.0,DETRAC-all,train,train,,4.9,2.95,0.1109,0.1096,0,-1,-1,vehicle,SSS,0,False
MVI_20065,37,0,448,488,41,False,switched,314.0,396.0,False,0.4634,switched,338.0,426.0,False,0.4634,switched,334.0,422.0,False,0.439,DETRAC-all,train,train,0.043658326143226844,60.48,57.95,0.3638,0.301,0,-1,-1,vehicle,SSS,0,False
MVI_20065,39,0,527,615,89,False,lost_after,344.0,,False,0.0674,lost_after,368.0,,False,0.0674,lost_after,363.0,,False,0.0337,DETRAC-all,train,train,0.03491818064682373,80.32,77.61,0.4956,0.326,0,-1,-1,vehicle,LLL,0,False
MVI_20065,41,0,584,627,44,False,preserved,368.0,368.0,True,1.0,preserved,397.0,397.0,True,1.0,preserved,393.0,393.0,True,1.0,DETRAC-all,train,train,0.017038384225136483,106.25,104.47,0.2452,0.1813,0,-1,-1,vehicle,PPP,3,False
MVI_20065,42,0,578,598,21,False,preserved,395.0,395.0,True,1.0,preserved,425.0,425.0,True,1.0,preserved,421.0,421.0,True,1.0,DETRAC-all,train,train,0.008534850640113723,21.27,21.09,0.2296,0.2017,0,-1,-1,vehicle,PPP,3,False
MVI_20065,46,0,628,635,8,False,preserved,405.0,405.0,False,0.625,preserved,434.0,434.0,False,0.625,preserved,430.0,430.0,False,0.625,DETRAC-all,train,train,0.004733727810650956,8.49,8.45,0.1788,0.1543,0,-1,-1,vehicle,PPP,3,False
MVI_20065,49,0,597,667,71,False,no_match_before,,,False,0.3944,no_match_before,,,False,0.3944,no_match_before,,,False,0.3944,DETRAC-all,train,train,0.08389261744966436,38.76,35.76,0.2791,0.1833,0,-1,-1,vehicle,NNN,0,False
MVI_20065,53,0,651,674,24,False,preserved,506.0,506.0,False,0.9167,preserved,536.0,536.0,False,0.9167,preserved,535.0,535.0,False,0.9167,DETRAC-all,train,train,0.0017647058823531125,51.09,51.0,0.137,0.1164,0,-1,-1,vehicle,PPP,3,False
MVI_20065,53,1,708,713,6,False,preserved,506.0,506.0,True,1.0,preserved,536.0,536.0,True,1.0,preserved,535.0,535.0,True,1.0,DETRAC-all,train,train,0.058721934369602824,6.13,5.79,0.1113,0.1059,0,-1,-1,vehicle,PPP,3,False
MVI_20065,53,2,722,819,98,False,lost_after,506.0,,False,0.5204,lost_after,536.0,,False,0.5102,lost_after,535.0,,False,0.5102,DETRAC-all,train,train,0.106611570247934,66.95,60.5,0.257,0.1617,0,-1,-1,vehicle,LLL,0,False
MVI_20065,54,1,706,709,4,False,no_match_before,,,False,0.0,no_match_before,,,False,0.0,no_match_before,,,False,0.0,DETRAC-all,train,train,,4.25,4.25,0.1243,0.1151,0,-1,-1,vehicle,NNN,0,False
MVI_20065,56,1,750,752,3,False,no_match_before,,,False,0.0,no_match_before,,,False,0.0,no_match_before,,,False,0.0,DETRAC-all,train,train,,1.12,1.1,0.1143,0.109,0,-1,-1,vehicle,NNN,0,False
MVI_20065,56,2,762,773,12,False,no_match_before,,,False,0.5833,no_match_before,,,False,0.5833,no_match_before,,,False,0.5833,DETRAC-all,train,train,0.004533091568449832,11.08,11.03,0.2104,0.1537,0,-1,-1,vehicle,NNN,0,False
MVI_20065,63,1,775,876,102,False,preserved,611.0,611.0,False,0.9608,switched,645.0,718.0,False,0.9608,switched,644.0,732.0,False,0.9608,DETRAC-all,train,train,0.03607562595809921,101.38,97.85,0.5584,0.3488,0,-1,-1,vehicle,PSS,1,True
MVI_20065,67,0,1045,1055,11,False,preserved,698.0,698.0,True,1.0,preserved,724.0,724.0,True,1.0,preserved,738.0,738.0,True,1.0,DETRAC-all,train,train,0.0018348623853210455,5.46,5.45,0.148,0.1308,0,-1,-1,vehicle,PPP,3,False
MVI_20065,67,1,1074,1095,22,False,preserved,698.0,698.0,True,1.0,preserved,724.0,724.0,True,1.0,preserved,738.0,738.0,True,1.0,DETRAC-all,train,train,,7.01,3.96,0.1255,0.1211,0,-1,-1,vehicle,PPP,3,False
MVI_20065,67,2,1102,1120,19,False,preserved,698.0,698.0,True,1.0,preserved,724.0,724.0,True,1.0,preserved,738.0,738.0,True,1.0,DETRAC-all,train,train,,9.72,1.34,0.1741,0.1283,0,-1,-1,vehicle,PPP,3,False
MVI_20065,67,3,1124,1137,14,False,switched,698.0,790.0,False,1.0,preserved,724.0,724.0,False,1.0,preserved,738.0,738.0,False,1.0,DETRAC-all,train,train,,2.49,0.37,0.1193,0.1107,0,-1,-1,vehicle,SPP,2,True
MVI_20065,70,0,895,903,9,False,no_match_before,,,False,0.0,no_match_before,,,False,0.0,no_match_before,,,False,0.0,DETRAC-all,train,train,,1.85,1.4,0.1063,0.1053,0,-1,-1,vehicle,NNN,0,False
MVI_20065,70,1,915,1037,123,False,no_match_before,,,False,0.7886,no_match_before,,,False,0.7886,no_match_before,,,False,0.7886,DETRAC-all,train,train,0.17309397163120566,52.93,45.12,0.255,0.179,0,-1,-1,vehicle,NNN,0,False
MVI_20065,70,2,1070,1148,79,False,lost_after,728.0,,False,0.5063,lost_after,756.0,,False,0.5696,lost_after,768.0,,False,0.5696,DETRAC-all,train,train,0.014871605394420895,109.87,108.26,0.5156,0.3038,0,-1,-1,vehicle,LLL,0,False
MVI_20065,74,0,1086,1089,4,False,preserved,741.0,741.0,True,1.0,preserved,770.0,770.0,True,1.0,preserved,781.0,781.0,True,1.0,DETRAC-all,train,train,,1.54,1.52,0.1354,0.1196,0,-1,-1,vehicle,PPP,3,False
MVI_20065,74,1,1102,1125,24,False,preserved,741.0,741.0,True,1.0,preserved,770.0,770.0,True,1.0,preserved,781.0,781.0,True,1.0,DETRAC-all,train,train,0.06403940886699488,15.12,14.21,0.152,0.123,0,-1,-1,vehicle,PPP,3,False
MVI_39771,11,0,190,200,11,False,preserved,84.0,84.0,True,1.0,switched,91.0,126.0,False,1.0,switched,92.0,127.0,False,1.0,DETRAC-all,train,train,0.01062959934587071,12.36,12.23,0.1373,0.1267,0,-1,-1,vehicle,PSS,1,True
MVI_39771,18,0,309,319,11,False,no_match_before,,,False,0.0,no_match_before,,,False,0.0,no_match_before,,,False,0.0,DETRAC-all,train,train,0.1861336664584632,18.99,16.01,0.512,0.2286,0,-1,-1,vehicle,NNN,0,False
MVI_39771,24,0,490,493,4,False,no_match_before,,,False,0.0,no_match_before,,,False,0.0,no_match_before,,,False,0.0,DETRAC-all,train,train,,1.18,1.15,0.1214,0.113,0,-1,-1,vehicle,NNN,0,False
MVI_39771,24,1,497,552,56,False,no_match_before,,,False,0.1071,no_match_before,,,False,0.1071,no_match_before,,,False,0.1071,DETRAC-all,train,train,0.06193548387096781,32.92,31.0,0.2529,0.1864,0,-1,-1,vehicle,NNN,0,False
MVI_39781,12,0,576,609,34,False,switched,90.0,112.0,False,0.6765,switched,87.0,109.0,False,0.7353,switched,87.0,109.0,False,0.7353,DETRAC-all,train,train,0.001700023182134247,259.26,258.82,0.493,0.335,0,-1,-1,vehicle,SSS,0,False
MVI_39781,18,0,713,749,37,False,switched,145.0,180.0,False,0.6486,switched,141.0,130.0,False,0.6486,switched,141.0,130.0,False,0.6486,DETRAC-all,train,train,0.0013653430424394042,176.02,175.78,0.4223,0.3034,0,-1,-1,vehicle,SSS,0,False
MVI_39781,30,0,933,1007,75,True,no_match_before,,,False,0.92,no_match_before,,,False,0.92,no_match_before,,,False,0.92,DETRAC-all,train,train,0.009596587879864948,170.43,168.81,1.0,0.5884,16,980,995,vehicle,NNN,0,False
MVI_39781,34,0,1032,1287,256,False,switched,275.0,515.0,False,0.0469,switched,275.0,520.0,False,0.0469,switched,272.0,513.0,False,0.0469,DETRAC-all,train,train,1.4496888753983912,161.41,65.89,0.4662,0.3091,0,-1,-1,vehicle,SSS,0,False
MVI_39781,37,1,1075,1127,53,True,preserved,326.0,326.0,True,1.0,preserved,325.0,325.0,True,1.0,preserved,322.0,322.0,True,1.0,DETRAC-all,train,train,0.0024968789013732895,176.66,176.22,1.0,0.6508,15,1097,1111,vehicle,PPP,3,False
MVI_39781,38,0,1074,1106,33,False,preserved,343.0,343.0,False,0.5455,preserved,343.0,343.0,False,0.5455,switched,340.0,369.0,False,0.5455,DETRAC-all,train,train,0.034903127494376296,142.62,137.81,0.1706,0.1481,0,-1,-1,vehicle,PPS,2,True
MVI_39781,38,1,1218,1227,10,False,preserved,343.0,343.0,False,0.3,preserved,403.0,403.0,False,0.3,preserved,369.0,369.0,False,0.3,DETRAC-all,train,train,,6.32,4.27,0.1365,0.1248,0,-1,-1,vehicle,PPP,3,False
MVI_39781,38,2,1385,1387,3,False,preserved,520.0,520.0,True,1.0,preserved,525.0,525.0,True,1.0,preserved,518.0,518.0,True,1.0,DETRAC-all,train,train,,1.4,0.38,0.1186,0.111,0,-1,-1,vehicle,PPP,3,False
MVI_39781,38,3,1460,1474,15,False,switched,596.0,520.0,False,0.2,switched,606.0,403.0,False,0.2,switched,598.0,518.0,False,0.1333,DETRAC-all,train,train,0.05284319356691536,18.33,17.41,0.1511,0.1317,0,-1,-1,vehicle,SSS,0,False
MVI_39781,41,0,1185,1195,11,False,no_match_before,,,False,0.2727,no_match_before,,,False,0.2727,no_match_before,,,False,0.2727,DETRAC-all,train,train,0.15353075170842834,25.32,21.95,0.2055,0.167,0,-1,-1,vehicle,NNN,0,False
MVI_39781,41,1,1426,1439,14,False,preserved,445.0,445.0,False,0.9286,preserved,450.0,450.0,False,0.9286,preserved,443.0,443.0,False,0.9286,DETRAC-all,train,train,,0.0,0.0,0.1809,0.1438,0,-1,-1,vehicle,PPP,3,False
MVI_39781,41,2,1514,1528,15,False,switched,445.0,511.0,False,0.4,switched,450.0,675.0,False,0.4667,switched,443.0,509.0,False,0.4,DETRAC-all,train,train,,0.0,0.0,0.1895,0.1537,0,-1,-1,vehicle,SSS,0,False
MVI_39781,41,3,1672,1703,32,False,preserved,511.0,511.0,False,0.3438,preserved,675.0,675.0,False,0.3438,preserved,509.0,509.0,False,0.3438,DETRAC-all,train,train,1.2060055865921786,31.59,14.32,0.5646,0.3304,0,-1,-1,vehicle,PPP,3,False
MVI_39781,42,0,1185,1190,6,False,no_match_before,,,False,0.5,no_match_before,,,False,0.5,no_match_before,,,False,0.5,DETRAC-all,train,train,0.010189604024248622,78.32,77.53,0.1632,0.1303,0,-1,-1,background,NNN,0,False
MVI_39781,43,1,1283,1292,10,False,no_match_before,,,False,0.0,no_match_before,,,False,0.0,no_match_before,,,False,0.0,DETRAC-all,train,train,,1.63,0.38,0.132,0.1158,0,-1,-1,vehicle,NNN,0,False
MVI_39781,43,2,1533,1689,157,False,switched,572.0,762.0,False,0.4586,switched,581.0,762.0,False,0.4586,switched,574.0,763.0,False,0.4586,DETRAC-all,train,train,0.01935901404091278,362.27,355.39,0.6356,0.3566,0,-1,-1,vehicle,SSS,0,False
MVI_39781,45,0,1420,1431,12,False,switched,587.0,590.0,False,0.9167,switched,594.0,595.0,False,0.9167,switched,589.0,592.0,False,0.9167,DETRAC-all,train,train,0.009773077180534218,150.85,149.39,0.1916,0.1407,0,-1,-1,background,SSS,0,False
MVI_39781,48,0,1509,1514,6,False,no_match_before,,,False,0.3333,no_match_before,,,False,0.3333,no_match_before,,,False,0.3333,DETRAC-all,train,train,0.00770811921891057,58.83,58.38,0.1513,0.1235,0,-1,-1,background,NNN,0,False
MVI_39781,48,1,1590,1619,30,True,preserved,643.0,643.0,False,0.3333,switched,646.0,734.0,False,0.3333,switched,647.0,735.0,False,0.3333,DETRAC-all,train,train,0.38878648233486945,90.41,65.1,1.0,0.7587,16,1598,1613,both,PSS,1,True
MVI_39801,2,0,12,30,19,False,no_match_before,,,False,0.0,no_match_before,,,False,0.0,no_match_before,,,False,0.0,DETRAC-all,train,train,0.003332539871459206,42.15,42.01,0.3991,0.3358,0,-1,-1,background,NNN,0,False
MVI_39801,2,1,125,135,11,False,preserved,8.0,8.0,True,1.0,preserved,8.0,8.0,True,1.0,preserved,8.0,8.0,True,1.0,DETRAC-all,train,train,0.0007100591715976101,169.12,169.0,0.339,0.2677,0,-1,-1,background,PPP,3,False
MVI_39801,4,1,173,182,10,False,preserved,14.0,14.0,True,1.0,preserved,14.0,14.0,True,1.0,preserved,14.0,14.0,True,1.0,DETRAC-all,train,train,0.00038056577445133577,157.72,157.66,0.338,0.2777,0,-1,-1,background,PPP,3,False
MVI_39801,5,0,81,141,61,False,no_match_before,,,False,0.6885,no_match_before,,,False,0.6066,no_match_before,,,False,0.6066,DETRAC-all,train,train,0.003539418850259768,527.37,525.51,0.5611,0.3508,0,-1,-1,vehicle,NNN,0,False
MVI_39801,7,0,108,141,34,True,no_match_before,,,False,0.7941,no_match_before,,,False,0.7941,no_match_before,,,False,0.7941,DETRAC-all,train,train,0.0016283832128494158,405.97,405.31,1.0,0.3826,4,113,122,background,NNN,0,False
MVI_39801,8,0,156,163,8,False,preserved,43.0,43.0,True,1.0,preserved,50.0,50.0,True,1.0,preserved,50.0,50.0,True,1.0,DETRAC-all,train,train,0.00019349845201244165,103.38,103.36,0.1569,0.1491,0,-1,-1,background,PPP,3,False
MVI_39801,9,0,245,259,15,False,no_match_before,,,False,0.0667,no_match_before,,,False,0.0667,no_match_before,,,False,0.0667,DETRAC-all,train,train,0.013351393188854477,52.37,51.68,0.4394,0.3106,0,-1,-1,background,NNN,0,False
MVI_39801,9,1,318,325,8,False,lost_after,54.0,,False,0.875,lost_after,65.0,,False,0.875,lost_after,65.0,,False,0.875,DETRAC-all,train,train,0.0016136623411551199,148.97,148.73,0.3639,0.3141,0,-1,-1,background,LLL,0,False
MVI_39801,10,0,251,258,8,False,preserved,48.0,48.0,False,0.75,preserved,59.0,59.0,False,0.75,preserved,59.0,59.0,False,0.75,DETRAC-all,train,train,0.00048828125,102.45,102.4,0.188,0.1734,0,-1,-1,background,PPP,3,False
MVI_39801,11,0,263,270,8,False,preserved,51.0,51.0,True,1.0,preserved,62.0,62.0,True,1.0,preserved,62.0,62.0,True,1.0,DETRAC-all,train,train,0.0,90.34,90.34,0.2083,0.1837,0,-1,-1,background,PPP,3,False
MVI_39801,12,1,309,337,29,False,preserved,59.0,59.0,True,1.0,preserved,70.0,70.0,True,1.0,preserved,70.0,70.0,True,1.0,DETRAC-all,train,train,0.0005349228182789378,130.93,130.86,0.2983,0.2175,0,-1,-1,vehicle,PPP,3,False
MVI_39801,12,2,373,383,11,False,preserved,59.0,59.0,False,0.6364,preserved,70.0,70.0,False,0.6364,preserved,70.0,70.0,False,0.6364,DETRAC-all,train,train,0.00026203734032104187,152.69,152.65,0.3373,0.269,0,-1,-1,background,PPP,3,False
MVI_39801,13,0,281,295,15,False,no_match_before,,,False,0.5333,no_match_before,,,False,0.5333,no_match_before,,,False,0.5333,DETRAC-all,train,train,0.00189753320683117,47.52,47.43,0.3828,0.2847,0,-1,-1,background,NNN,0,False
MVI_39801,13,1,354,362,9,False,preserved,62.0,62.0,True,1.0,preserved,73.0,73.0,True,1.0,preserved,73.0,73.0,True,1.0,DETRAC-all,train,train,0.00021767522855919985,183.8,183.76,0.3084,0.2783,0,-1,-1,background,PPP,3,False
MVI_39801,16,0,317,334,18,False,no_match_before,,,False,0.2222,no_match_before,,,False,0.2222,no_match_before,,,False,0.2222,DETRAC-all,train,train,0.008517887563884052,47.36,46.96,0.2832,0.2094,0,-1,-1,background,NNN,0,False
MVI_39801,16,1,399,406,8,False,preserved,111.0,111.0,False,0.875,preserved,120.0,120.0,False,0.875,preserved,120.0,120.0,False,0.875,DETRAC-all,train,train,0.00011573404316878033,172.83,172.81,0.3628,0.2992,0,-1,-1,background,PPP,3,False
MVI_39801,17,1,420,429,10,False,preserved,85.0,85.0,False,0.9,preserved,94.0,94.0,False,0.9,preserved,94.0,94.0,False,0.9,DETRAC-all,train,train,0.00044005783617273586,159.14,159.07,0.3484,0.3013,0,-1,-1,background,PPP,3,False
MVI_39801,18,0,515,539,25,False,preserved,119.0,119.0,True,1.0,preserved,127.0,127.0,True,1.0,preserved,127.0,127.0,True,1.0,DETRAC-all,train,train,0.0037897928246588553,238.38,237.48,0.865,0.4607,0,-1,-1,background,PPP,3,False
MVI_39801,19,0,327,345,19,True,no_match_before,,,False,0.7368,no_match_before,,,False,0.7368,no_match_before,,,False,0.7368,DETRAC-all,train,train,0.00028007281893294156,214.29,214.23,0.9874,0.4885,2,341,342,background,NNN,0,False
MVI_39801,20,0,368,390,23,False,no_match_before,,,False,0.2609,no_match_before,,,False,0.2609,no_match_before,,,False,0.2609,DETRAC-all,train,train,0.007383627608346766,62.76,62.3,0.3809,0.2471,0,-1,-1,background,NNN,0,False
MVI_39801,20,1,456,466,11,False,switched,132.0,164.0,False,1.0,switched,139.0,178.0,False,1.0,switched,140.0,179.0,False,1.0,DETRAC-all,train,train,0.0008032988807369357,186.88,186.73,0.3094,0.2555,0,-1,-1,background,SSS,0,False
MVI_39801,21,0,384,395,12,True,no_match_before,,,False,0.75,no_match_before,,,False,0.75,no_match_before,,,False,0.75,DETRAC-all,train,train,0.00020624226591503536,145.49,145.46,0.988,0.5636,2,394,395,background,NNN,0,False
MVI_39801,22,0,415,424,10,False,preserved,149.0,149.0,True,1.0,preserved,161.0,161.0,True,1.0,preserved,162.0,162.0,True,1.0,DETRAC-all,train,train,0.0008019960791303404,112.31,112.22,0.2119,0.1813,0,-1,-1,background,PPP,3,False
MVI_39801,23,1,507,514,8,False,lost_after,157.0,,False,0.875,lost_after,168.0,,False,0.875,lost_after,169.0,,False,0.875,DETRAC-all,train,train,0.0010082823190493695,138.99,138.85,0.3779,0.33,0,-1,-1,background,LLL,0,False
MVI_39801,24,0,443,454,12,False,preserved,160.0,160.0,True,1.0,preserved,171.0,171.0,True,1.0,preserved,172.0,172.0,True,1.0,DETRAC-all,train,train,0.0005236973029589809,114.63,114.57,0.1843,0.1677,0,-1,-1,background,PPP,3,False
MVI_39801,25,1,546,554,9,False,preserved,170.0,170.0,True,1.0,preserved,181.0,181.0,True,1.0,preserved,182.0,182.0,True,1.0,DETRAC-all,train,train,0.0006646284726836704,150.56,150.46,0.3522,0.2883,0,-1,-1,background,PPP,3,False
MVI_39801,26,0,495,520,26,False,no_match_before,,,False,0.3077,no_match_before,,,False,0.3077,no_match_before,,,False,0.3077,DETRAC-all,train,train,0.023595703468920703,58.13,56.79,0.401,0.3017,0,-1,-1,background,NNN,0,False
MVI_39801,26,1,607,618,12,False,preserved,196.0,196.0,False,0.8333,preserved,205.0,205.0,False,0.8333,preserved,206.0,206.0,False,0.8333,DETRAC-all,train,train,0.0021346669919493078,164.31,163.96,0.325,0.3005,0,-1,-1,background,PPP,3,False
MVI_39801,28,0,521,530,10,False,preserved,199.0,199.0,False,0.8,preserved,208.0,208.0,False,0.8,preserved,209.0,209.0,False,0.8,DETRAC-all,train,train,0.0007663487738420738,117.53,117.44,0.1807,0.1596,0,-1,-1,background,PPP,3,False
MVI_39801,29,0,532,540,9,False,switched,215.0,224.0,False,0.1111,switched,224.0,233.0,False,0.1111,switched,225.0,234.0,False,0.1111,DETRAC-all,train,train,0.0,101.5,101.5,0.1944,0.1783,0,-1,-1,background,SSS,0,False
MVI_39801,30,0,542,569,28,False,no_match_before,,,False,0.5714,no_match_before,,,False,0.5714,no_match_before,,,False,0.5714,DETRAC-all,train,train,0.005012964563526401,58.14,57.85,0.4763,0.3485,0,-1,-1,background,NNN,0,False
MVI_39801,30,1,658,670,13,False,switched,242.0,340.0,False,0.9231,switched,251.0,350.0,False,0.9231,switched,252.0,351.0,False,0.9231,DETRAC-all,train,train,0.0003329818524890893,180.25,180.19,0.3566,0.2892,0,-1,-1,background,SSS,0,False
MVI_39801,31,0,578,589,12,False,preserved,268.0,268.0,False,0.5,preserved,276.0,276.0,False,0.5,preserved,277.0,277.0,False,0.5,DETRAC-all,train,train,0.0006875214850463607,116.44,116.36,0.197,0.1724,0,-1,-1,background,PPP,3,False
MVI_39801,32,0,585,611,27,False,switched,274.0,279.0,False,0.5926,switched,282.0,287.0,False,0.5556,switched,283.0,288.0,False,0.5556,DETRAC-all,train,train,0.009416195856873921,58.96,58.41,0.4394,0.3172,0,-1,-1,background,SSS,0,False
MVI_39801,32,1,694,705,12,False,switched,279.0,368.0,False,1.0,switched,287.0,378.0,False,1.0,switched,288.0,379.0,False,1.0,DETRAC-all,train,train,0.0001795224702290099,167.14,167.11,0.3542,0.3061,0,-1,-1,background,SSS,0,False
MVI_39801,34,0,638,646,9,False,switched,311.0,323.0,False,0.2222,switched,319.0,332.0,False,0.3333,switched,320.0,333.0,False,0.3333,DETRAC-all,train,train,0.00010698619878035664,93.48,93.47,0.2304,0.2046,0,-1,-1,background,SSS,0,False
MVI_39801,36,1,782,793,12,False,switched,360.0,461.0,False,0.75,switched,370.0,473.0,False,0.75,switched,371.0,473.0,False,0.75,DETRAC-all,train,train,0.002719502719502609,180.67,180.18,0.3731,0.2908,0,-1,-1,background,SSS,0,False
MVI_39801,37,0,701,709,9,False,switched,348.0,379.0,False,0.1111,preserved,358.0,358.0,False,0.0,switched,359.0,390.0,False,0.1111,DETRAC-all,train,train,0.0002810831069053332,106.76,106.73,0.2324,0.1957,0,-1,-1,background,SPS,1,True
MVI_39801,38,0,727,737,11,False,no_match_before,,,False,0.0,no_match_before,,,False,0.0,no_match_before,,,False,0.0,DETRAC-all,train,train,0.0008280887711162865,120.86,120.76,0.2176,0.1783,0,-1,-1,background,NNN,0,False
MVI_39801,39,0,752,761,10,False,no_match_before,,,False,0.7,no_match_before,,,False,0.7,no_match_before,,,False,0.7,DETRAC-all,train,train,0.0,107.61,107.61,0.1999,0.1785,0,-1,-1,background,NNN,0,False
MVI_39801,42,0,859,865,7,False,no_match_before,,,False,0.0,no_match_before,,,False,0.0,no_match_before,,,False,0.0,DETRAC-all,train,train,0.0014552510308027955,82.58,82.46,0.2652,0.2219,0,-1,-1,background,NNN,0,False
MVI_39811,4,0,63,74,12,False,preserved,45.0,45.0,True,1.0,preserved,47.0,47.0,True,1.0,preserved,46.0,46.0,True,1.0,DETRAC-all,train,train,0.00044563279857401383,112.25,112.2,0.1629,0.1336,0,-1,-1,background,PPP,3,False
MVI_39811,5,0,119,129,11,False,no_match_before,,,False,0.8182,no_match_before,,,False,0.8182,no_match_before,,,False,0.8182,DETRAC-all,train,train,0.0031149793861657837,109.49,109.15,0.1691,0.1529,0,-1,-1,background,NNN,0,False
MVI_39811,6,0,267,277,11,False,no_match_before,,,False,0.8182,no_match_before,,,False,0.8182,no_match_before,,,False,0.8182,DETRAC-all,train,train,0.00073891625615774,121.89,121.8,0.2805,0.2073,0,-1,-1,background,NNN,0,False
MVI_39811,7,0,572,593,22,True,preserved,116.0,116.0,False,0.9545,preserved,120.0,120.0,False,0.9545,preserved,119.0,119.0,False,0.9545,DETRAC-all,train,train,0.0011862748005575519,337.59,337.19,0.9404,0.3618,2,582,583,background,PPP,3,False
MVI_39821,4,0,78,95,18,False,no_match_before,,,False,0.1111,no_match_before,,,False,0.1111,no_match_before,,,False,0.1111,DETRAC-all,train,train,0.0018570102135562205,43.16,43.08,0.324,0.2491,0,-1,-1,background,NNN,0,False
MVI_39821,6,0,145,165,21,False,switched,41.0,49.0,False,0.4286,switched,38.0,48.0,False,0.4286,switched,41.0,51.0,False,0.4286,DETRAC-all,train,train,0.0014500634402754287,55.25,55.17,0.2708,0.2232,0,-1,-1,background,SSS,0,False
MVI_39821,8,0,170,190,21,False,no_match_before,,,False,0.3333,no_match_before,,,False,0.3333,no_match_before,,,False,0.3333,DETRAC-all,train,train,0.0038306022557990094,47.17,46.99,0.4099,0.2829,0,-1,-1,background,NNN,0,False
MVI_39821,9,0,201,225,25,False,no_match_before,,,False,0.28,no_match_before,,,False,0.28,no_match_before,,,False,0.28,DETRAC-all,train,train,0.02100439182738212,53.47,52.37,0.3898,0.2462,0,-1,-1,background,NNN,0,False
MVI_39821,11,0,242,257,16,False,no_match_before,,,False,0.3125,no_match_before,,,False,0.3125,no_match_before,,,False,0.3125,DETRAC-all,train,train,0.001171989452094957,34.17,34.13,0.3325,0.2255,0,-1,-1,background,NNN,0,False
MVI_39821,13,0,358,409,52,False,no_match_before,,,False,0.3269,no_match_before,,,False,0.3077,no_match_before,,,False,0.3077,DETRAC-all,train,train,0.01385536783766872,113.42,111.87,0.1734,0.1401,0,-1,-1,background,NNN,0,False
MVI_39821,14,0,419,439,21,False,switched,186.0,196.0,False,0.4762,switched,188.0,202.0,False,0.4762,switched,191.0,205.0,False,0.4762,DETRAC-all,train,train,0.009480919649206054,42.59,42.19,0.4604,0.3197,0,-1,-1,background,SSS,0,False
MVI_39821,16,0,494,520,27,False,switched,213.0,238.0,False,0.2963,switched,219.0,243.0,False,0.2963,switched,222.0,246.0,False,0.2963,DETRAC-all,train,train,0.013036502206177358,50.51,49.86,0.4452,0.3185,0,-1,-1,background,SSS,0,False
MVI_39821,19,0,547,564,18,False,switched,260.0,295.0,False,0.2778,switched,267.0,302.0,False,0.2778,switched,270.0,305.0,False,0.2778,DETRAC-all,train,train,0.006123837604898874,44.36,44.09,0.3913,0.3057,0,-1,-1,background,SSS,0,False
MVI_39821,21,0,619,642,24,False,no_match_before,,,False,0.0833,no_match_before,,,False,0.0833,no_match_before,,,False,0.0833,DETRAC-all,train,train,0.0017218289649894025,52.36,52.27,0.5024,0.362,0,-1,-1,background,NNN,0,False
MVI_39821,24,1,702,722,21,False,preserved,495.0,495.0,False,0.7619,preserved,499.0,499.0,False,0.8095,preserved,503.0,503.0,False,0.8095,DETRAC-all,train,train,0.005892436254553157,93.89,93.34,0.5621,0.3412,0,-1,-1,vehicle,PPP,3,False
MVI_39821,24,2,759,784,26,False,switched,495.0,639.0,False,0.1923,switched,499.0,641.0,False,0.1923,switched,503.0,651.0,False,0.1923,DETRAC-all,train,train,0.008790135514589181,82.63,81.91,0.4847,0.284,0,-1,-1,vehicle,SSS,0,False
MVI_39821,25,0,732,758,27,False,switched,524.0,570.0,False,0.2222,switched,527.0,572.0,False,0.2222,switched,531.0,579.0,False,0.2222,DETRAC-all,train,train,0.0009794319294809117,51.1,51.05,0.4092,0.295,0,-1,-1,background,SSS,0,False
MVI_39821,26,1,729,734,6,False,preserved,515.0,515.0,False,0.6667,preserved,519.0,519.0,False,0.6667,preserved,523.0,523.0,False,0.6667,DETRAC-all,train,train,0.0008169934640522847,36.75,36.72,0.1383,0.1305,0,-1,-1,background,PPP,3,False
MVI_39821,26,2,745,757,13,False,switched,515.0,614.0,False,0.3846,switched,519.0,615.0,False,0.3846,switched,523.0,625.0,False,0.3846,DETRAC-all,train,train,0.001590386994168469,56.68,56.59,0.2268,0.1677,0,-1,-1,background,SSS,0,False
MVI_39821,28,0,787,810,24,False,no_match_before,,,False,0.0,no_match_before,,,False,0.0,no_match_before,,,False,0.0,DETRAC-all,train,train,0.015294827933185928,50.45,49.69,0.2945,0.2282,0,-1,-1,background,NNN,0,False
MVI_39821,31,0,800,823,24,False,no_match_before,,,False,0.0,no_match_before,,,False,0.0,no_match_before,,,False,0.0,DETRAC-all,train,train,0.011964735516372782,48.21,47.64,0.3311,0.256,0,-1,-1,background,NNN,0,False
MVI_39851,20,0,1121,1126,6,False,preserved,216.0,216.0,True,1.0,preserved,195.0,195.0,True,1.0,preserved,194.0,194.0,True,1.0,DETRAC-all,train,train,,0.0,0.0,0.1285,0.1216,0,-1,-1,vehicle,PPP,3,False
MVI_39851,20,1,1219,1229,11,False,preserved,216.0,216.0,True,1.0,preserved,195.0,195.0,True,1.0,preserved,194.0,194.0,True,1.0,DETRAC-all,train,train,1.3771428571428572,12.48,5.25,0.1631,0.1449,0,-1,-1,vehicle,PPP,3,False
MVI_39851,32,0,1284,1354,71,False,no_match_before,,,False,0.2817,no_match_before,,,False,0.2817,no_match_before,,,False,0.2817,DETRAC-all,train,train,0.14108286435086348,58.8,51.53,0.4382,0.2782,0,-1,-1,vehicle,NNN,0,False
MVI_39851,32,1,1359,1362,4,False,preserved,443.0,443.0,False,0.75,preserved,432.0,432.0,False,0.75,preserved,433.0,433.0,False,0.75,DETRAC-all,train,train,,4.13,4.12,0.1362,0.1196,0,-1,-1,vehicle,PPP,3,False
MVI_39861,1,0,23,48,26,False,preserved,1.0,1.0,True,1.0,preserved,1.0,1.0,True,1.0,preserved,1.0,1.0,True,1.0,DETRAC-all,train,train,1.5895140664961636,20.25,7.82,0.2483,0.1744,0,-1,-1,vehicle,PPP,3,False
MVI_39861,5,0,152,182,31,True,no_match_before,,,False,0.0968,no_match_before,,,False,0.0968,no_match_before,,,False,0.0968,DETRAC-all,train,train,0.006755414265845472,50.67,50.33,1.0,0.5365,12,171,182,background,NNN,0,False
MVI_39861,5,1,189,192,4,False,switched,12.0,25.0,False,0.0,switched,12.0,25.0,False,0.0,switched,12.0,25.0,False,0.0,DETRAC-all,train,train,0.0,6.51,6.51,0.152,0.1209,0,-1,-1,background,SSS,0,False
MVI_39861,6,0,279,324,46,False,no_match_before,,,False,0.0,no_match_before,,,False,0.0,no_match_before,,,False,0.0,DETRAC-all,train,train,0.02192758796532379,60.12,58.83,0.4234,0.2511,0,-1,-1,background,NNN,0,False
MVI_39861,7,1,420,421,2,False,preserved,49.0,49.0,True,1.0,preserved,48.0,48.0,True,1.0,preserved,49.0,49.0,True,1.0,DETRAC-all,train,train,0.0,11.45,11.45,0.1088,0.1056,0,-1,-1,background,PPP,3,False
MVI_39861,7,2,441,447,7,False,preserved,49.0,49.0,True,1.0,preserved,48.0,48.0,True,1.0,preserved,49.0,49.0,True,1.0,DETRAC-all,train,train,0.0,36.61,36.61,0.1288,0.1171,0,-1,-1,background,PPP,3,False
MVI_39861,7,3,484,521,38,False,lost_after,49.0,,False,0.2895,lost_after,48.0,,False,0.2895,lost_after,49.0,,False,0.2895,DETRAC-all,train,train,0.005608225397249367,75.31,74.89,0.3878,0.2353,0,-1,-1,background,LLL,0,False
MVI_39861,7,4,529,565,37,False,lost_after,49.0,,False,0.0,lost_after,48.0,,False,0.0,lost_after,49.0,,False,0.0,DETRAC-all,train,train,0.12280701754385959,39.68,35.34,0.8845,0.4778,0,-1,-1,background,LLL,0,False
MVI_39861,8,0,499,542,44,False,switched,58.0,64.0,False,0.1364,switched,57.0,63.0,False,0.1591,switched,58.0,64.0,False,0.1591,DETRAC-all,train,train,0.021137586471944747,53.14,52.04,0.3658,0.2708,0,-1,-1,background,SSS,0,False
MVI_39861,8,1,650,652,3,False,preserved,64.0,64.0,True,1.0,preserved,63.0,63.0,True,1.0,preserved,68.0,68.0,True,1.0,DETRAC-all,train,train,,3.56,3.47,0.1109,0.1062,0,-1,-1,vehicle,PPP,3,False
MVI_39861,9,0,556,591,36,True,no_match_before,,,False,0.0278,no_match_before,,,False,0.0278,no_match_before,,,False,0.0278,DETRAC-all,train,train,0.007590818724019455,55.75,55.33,0.9952,0.6127,12,580,591,background,NNN,0,False
MVI_39861,9,1,644,655,12,False,preserved,80.0,80.0,True,1.0,preserved,78.0,78.0,True,1.0,preserved,80.0,80.0,True,1.0,DETRAC-all,train,train,0.0004453681710214763,67.39,67.36,0.2443,0.1711,0,-1,-1,both,PPP,3,False
MVI_39861,11,0,633,658,26,True,switched,84.0,101.0,False,0.3462,switched,82.0,99.0,False,0.3462,switched,84.0,101.0,False,0.3462,DETRAC-all,train,train,0.008315098468271165,46.08,45.7,0.983,0.575,6,653,658,background,SSS,0,False
MVI_39931,11,0,63,95,33,False,preserved,7.0,7.0,False,0.7879,lost_after,7.0,,False,0.7879,lost_after,7.0,,False,0.7879,DETRAC-all,train,train,0.5854572713643178,21.15,13.34,0.166,0.1383,0,-1,-1,vehicle,PLL,1,True
MVI_40131,1,0,157,276,120,True,switched,4.0,116.0,False,0.2583,switched,4.0,117.0,False,0.2583,switched,4.0,119.0,False,0.2583,DETRAC-all,train,train,2.4970518867924527,59.31,16.96,1.0,0.7509,61,192,252,vehicle,SSS,0,False
MVI_40131,16,0,169,220,52,False,switched,70.0,93.0,False,0.1923,switched,71.0,94.0,False,0.1923,switched,72.0,95.0,False,0.1923,DETRAC-all,train,train,0.8289896465548017,51.23,28.01,0.3724,0.2713,0,-1,-1,vehicle,SSS,0,False
MVI_40131,16,1,288,309,22,False,preserved,93.0,93.0,True,1.0,preserved,94.0,94.0,True,1.0,preserved,95.0,95.0,True,1.0,DETRAC-all,train,train,0.01355713363460298,31.4,30.98,0.204,0.1615,0,-1,-1,vehicle,PPP,3,False
MVI_40131,19,0,221,239,19,False,preserved,79.0,79.0,False,0.4211,preserved,80.0,80.0,False,0.4211,switched,81.0,110.0,False,0.3684,DETRAC-all,train,train,0.021983914209115385,19.06,18.65,0.1922,0.1644,0,-1,-1,vehicle,PPS,2,True
MVI_40131,19,1,687,800,114,True,switched,79.0,408.0,False,0.2368,switched,80.0,409.0,False,0.2456,switched,110.0,414.0,False,0.2281,DETRAC-all,train,train,0.001524390243902607,6.57,6.56,1.0,0.7102,54,722,775,vehicle,SSS,0,False
MVI_40131,19,2,906,923,18,False,preserved,408.0,408.0,True,1.0,preserved,409.0,409.0,True,1.0,preserved,414.0,414.0,True,1.0,DETRAC-all,train,train,,4.96,3.49,0.1461,0.1328,0,-1,-1,vehicle,PPP,3,False
MVI_40131,19,3,929,934,6,False,preserved,408.0,408.0,True,1.0,preserved,409.0,409.0,True,1.0,preserved,414.0,414.0,True,1.0,DETRAC-all,train,train,,1.86,1.82,0.1215,0.1102,0,-1,-1,vehicle,PPP,3,False
MVI_40131,19,4,943,955,13,False,preserved,499.0,499.0,False,1.0,preserved,497.0,497.0,False,1.0,preserved,502.0,502.0,False,1.0,DETRAC-all,train,train,,3.02,2.73,0.1432,0.1302,0,-1,-1,vehicle,PPP,3,False
MVI_40131,19,5,973,1044,72,False,preserved,499.0,499.0,False,1.0,preserved,409.0,409.0,True,1.0,preserved,414.0,414.0,True,1.0,DETRAC-all,train,train,0.809272521673577,48.0,26.53,0.2607,0.1836,0,-1,-1,vehicle,PPP,3,False
MVI_40131,19,6,1073,1101,29,False,preserved,499.0,499.0,True,1.0,preserved,409.0,409.0,True,1.0,preserved,414.0,414.0,True,1.0,DETRAC-all,train,train,0.2609413707679604,15.27,12.11,0.2195,0.1736,0,-1,-1,vehicle,PPP,3,False
MVI_40131,20,1,200,261,62,False,no_match_before,,,False,0.0968,no_match_before,,,False,0.0968,no_match_before,,,False,0.0968,DETRAC-all,train,train,0.6590801327643434,34.99,21.09,0.2569,0.1794,0,-1,-1,vehicle,NNN,0,False
MVI_40131,20,2,382,388,7,False,preserved,111.0,111.0,True,1.0,preserved,112.0,112.0,True,1.0,preserved,114.0,114.0,True,1.0,DETRAC-all,train,train,,3.45,2.73,0.1145,0.1076,0,-1,-1,vehicle,PPP,3,False
MVI_40131,25,0,368,544,177,False,switched,154.0,197.0,False,0.9209,switched,155.0,198.0,False,0.9209,switched,154.0,197.0,False,0.9209,DETRAC-all,train,train,0.13902380762799593,143.05,125.59,0.5353,0.3531,0,-1,-1,vehicle,SSS,0,False
MVI_40131,26,0,351,434,84,False,preserved,173.0,173.0,False,0.6667,switched,174.0,202.0,False,0.6548,switched,173.0,201.0,False,0.6548,DETRAC-all,train,train,0.05711538461538468,54.97,52.0,0.3903,0.2295,0,-1,-1,vehicle,PSS,1,True
MVI_40131,29,0,729,830,102,False,switched,243.0,425.0,False,0.9216,switched,245.0,420.0,False,0.9412,switched,244.0,425.0,False,0.9412,DETRAC-all,train,train,0.08663201906920404,278.08,255.91,0.3669,0.2627,0,-1,-1,vehicle,SSS,0,False
MVI_40131,30,0,467,475,9,False,preserved,214.0,214.0,True,1.0,preserved,216.0,216.0,True,1.0,preserved,215.0,215.0,True,1.0,DETRAC-all,train,train,,3.11,3.07,0.1635,0.1301,0,-1,-1,vehicle,PPP,3,False
MVI_40131,30,1,518,568,51,False,preserved,214.0,214.0,False,0.902,preserved,216.0,216.0,False,0.902,preserved,215.0,215.0,False,0.902,DETRAC-all,train,train,0.2439716312056739,26.31,21.15,0.2146,0.1716,0,-1,-1,vehicle,PPP,3,False
MVI_40131,31,1,476,483,8,False,no_match_before,,,False,0.0,no_match_before,,,False,0.0,no_match_before,,,False,0.0,DETRAC-all,train,train,,4.1,3.68,0.1918,0.1515,0,-1,-1,vehicle,NNN,0,False
MVI_40131,34,0,606,670,65,False,no_match_before,,,False,0.8769,no_match_before,,,False,0.8769,no_match_before,,,False,0.8769,DETRAC-all,train,train,0.4312904453749524,37.6,26.27,0.2408,0.1998,0,-1,-1,vehicle,NNN,0,False
MVI_40131,35,0,737,833,97,True,switched,263.0,437.0,False,0.2784,switched,265.0,437.0,False,0.2784,switched,264.0,441.0,False,0.2784,DETRAC-all,train,train,0.11794195250659634,42.37,37.9,1.0,0.7303,50,759,808,vehicle,SSS,0,False
MVI_40131,35,1,930,955,26,False,preserved,437.0,437.0,True,1.0,preserved,437.0,437.0,True,1.0,preserved,441.0,441.0,True,1.0,DETRAC-all,train,train,0.5030599755201959,12.28,8.17,0.1972,0.1627,0,-1,-1,vehicle,PPP,3,False
MVI_40131,37,1,977,1009,33,False,preserved,473.0,473.0,True,1.0,preserved,471.0,471.0,True,1.0,preserved,476.0,476.0,True,1.0,DETRAC-all,train,train,0.059832469086557705,26.57,25.07,0.1298,0.1148,0,-1,-1,vehicle,PPP,3,False
MVI_40131,38,0,789,839,51,False,preserved,342.0,342.0,False,0.7647,preserved,344.0,344.0,False,0.7647,preserved,343.0,343.0,False,0.8235,DETRAC-all,train,train,0.10672236992024309,29.14,26.33,0.3385,0.2417,0,-1,-1,vehicle,PPP,3,False
MVI_40131,39,1,818,872,55,False,preserved,331.0,331.0,True,1.0,preserved,333.0,333.0,True,1.0,preserved,332.0,332.0,True,1.0,DETRAC-all,train,train,0.012200701540338699,132.74,131.14,0.2575,0.1789,0,-1,-1,vehicle,PPP,3,False
MVI_40131,40,1,929,939,11,False,preserved,452.0,452.0,True,1.0,preserved,450.0,450.0,True,1.0,preserved,455.0,455.0,True,1.0,DETRAC-all,train,train,,6.38,1.93,0.141,0.1287,0,-1,-1,vehicle,PPP,3,False
MVI_40131,40,2,975,989,15,False,preserved,452.0,452.0,True,1.0,preserved,450.0,450.0,True,1.0,preserved,455.0,455.0,True,1.0,DETRAC-all,train,train,0.022727272727272707,8.1,7.92,0.1432,0.1236,0,-1,-1,vehicle,PPP,3,False
MVI_40131,40,3,997,1004,8,False,preserved,452.0,452.0,True,1.0,preserved,450.0,450.0,True,1.0,preserved,455.0,455.0,True,1.0,DETRAC-all,train,train,,5.04,4.98,0.1238,0.1115,0,-1,-1,vehicle,PPP,3,False
MVI_40141,11,0,104,140,37,False,preserved,19.0,19.0,True,1.0,preserved,19.0,19.0,True,1.0,preserved,19.0,19.0,True,1.0,DETRAC-all,train,train,0.011632005639760301,57.4,56.74,0.309,0.2478,0,-1,-1,vehicle,PPP,3,False
MVI_40152,1,0,13,22,10,False,preserved,1.0,1.0,True,1.0,preserved,1.0,1.0,True,1.0,preserved,1.0,1.0,True,1.0,DETRAC-all,train,train,0.008880206020779768,113.61,112.61,0.2021,0.1413,0,-1,-1,background,PPP,3,False
MVI_40152,2,0,4,31,28,False,preserved,3.0,3.0,True,1.0,preserved,3.0,3.0,True,1.0,preserved,3.0,3.0,True,1.0,DETRAC-all,train,train,0.001598796200507957,213.0,212.66,0.401,0.267,0,-1,-1,vehicle,PPP,3,False
MVI_40152,5,0,30,48,19,False,switched,5.0,33.0,False,0.3684,switched,5.0,35.0,False,0.3684,switched,5.0,35.0,False,0.3684,DETRAC-all,train,train,0.0026516407026846434,90.75,90.51,0.4014,0.303,0,-1,-1,background,SSS,0,False
MVI_40152,7,0,50,65,16,False,preserved,23.0,23.0,True,1.0,preserved,23.0,23.0,False,0.9375,preserved,23.0,23.0,False,0.9375,DETRAC-all,train,train,0.00040290088638195165,124.15,124.1,0.3367,0.264,0,-1,-1,background,PPP,3,False
MVI_40152,8,0,104,122,19,False,preserved,48.0,48.0,False,0.6842,preserved,51.0,51.0,False,0.6842,preserved,51.0,51.0,False,0.6842,DETRAC-all,train,train,0.0035189583883170616,114.07,113.67,0.3803,0.2778,0,-1,-1,background,PPP,3,False
MVI_40152,9,0,85,102,18,False,preserved,49.0,49.0,False,0.7778,preserved,52.0,52.0,False,0.7778,preserved,52.0,52.0,False,0.7778,DETRAC-all,train,train,0.005226130653266381,200.04,199.0,0.2615,0.1991,0,-1,-1,background,PPP,3,False
MVI_40152,10,0,175,194,20,False,preserved,73.0,73.0,False,0.95,preserved,76.0,76.0,False,0.95,preserved,76.0,76.0,False,0.95,DETRAC-all,train,train,0.0014803204458377905,115.01,114.84,0.3761,0.3003,0,-1,-1,background,PPP,3,False
MVI_40152,11,0,222,242,21,False,switched,80.0,99.0,False,0.5714,switched,83.0,102.0,False,0.5714,switched,83.0,102.0,False,0.5714,DETRAC-all,train,train,0.0031503150315033146,111.45,111.1,0.3921,0.2929,0,-1,-1,background,SSS,0,False
MVI_40152,12,0,239,257,19,False,switched,96.0,101.0,False,0.7895,switched,99.0,104.0,False,0.7895,switched,99.0,104.0,False,0.7895,DETRAC-all,train,train,0.012268961121733701,190.59,188.28,0.2852,0.2275,0,-1,-1,background,SSS,0,False
MVI_40152,13,0,269,291,23,False,preserved,105.0,105.0,False,0.7391,preserved,107.0,107.0,False,0.6957,preserved,108.0,108.0,False,0.6957,DETRAC-all,train,train,0.0016164709885995165,117.73,117.54,0.401,0.2799,0,-1,-1,background,PPP,3,False
MVI_40152,15,0,306,323,18,False,switched,117.0,144.0,False,0.5556,preserved,119.0,119.0,False,0.7222,preserved,120.0,120.0,False,0.7222,DETRAC-all,train,train,0.0017490671641791078,85.91,85.76,0.4792,0.3462,0,-1,-1,background,SPP,2,True
MVI_40152,16,0,327,346,20,False,preserved,126.0,126.0,False,0.9,preserved,128.0,128.0,False,0.9,preserved,129.0,129.0,False,0.9,DETRAC-all,train,train,0.0008618213157136623,104.52,104.43,0.4062,0.3124,0,-1,-1,background,PPP,3,False
MVI_40152,17,0,341,364,24,False,preserved,143.0,143.0,True,1.0,preserved,144.0,144.0,True,1.0,preserved,145.0,145.0,True,1.0,DETRAC-all,train,train,0.00026896180742319586,148.76,148.72,0.3422,0.2599,0,-1,-1,background,PPP,3,False
MVI_40152,18,0,377,394,18,False,switched,150.0,177.0,False,0.4444,switched,151.0,179.0,False,0.4444,switched,152.0,180.0,False,0.4444,DETRAC-all,train,train,0.0018232648596085976,82.42,82.27,0.4695,0.3548,0,-1,-1,background,SSS,0,False
MVI_40152,19,0,382,402,21,False,preserved,164.0,164.0,True,1.0,preserved,164.0,164.0,True,1.0,preserved,165.0,165.0,True,1.0,DETRAC-all,train,train,0.001953954634270616,117.94,117.71,0.3917,0.2856,0,-1,-1,background,PPP,3,False
MVI_40152,20,0,415,435,21,False,switched,168.0,212.0,False,0.2857,switched,168.0,214.0,False,0.2857,switched,169.0,215.0,False,0.2857,DETRAC-all,train,train,0.01232665639445285,85.41,84.37,0.4608,0.3542,0,-1,-1,background,SSS,0,False
MVI_40152,21,0,379,399,21,False,preserved,169.0,169.0,False,0.8571,preserved,169.0,169.0,False,0.8571,preserved,170.0,170.0,False,0.8571,DETRAC-all,train,train,0.0060975609756097615,209.55,208.28,0.2693,0.2033,0,-1,-1,background,PPP,3,False
MVI_40152,22,0,463,482,20,False,switched,207.0,228.0,False,0.4,switched,209.0,228.0,False,0.4,switched,210.0,229.0,False,0.4,DETRAC-all,train,train,0.0025369978858351683,94.84,94.6,0.3826,0.3001,0,-1,-1,background,SSS,0,False
MVI_40152,23,0,540,559,20,False,preserved,233.0,233.0,True,1.0,preserved,233.0,233.0,True,1.0,preserved,234.0,234.0,True,1.0,DETRAC-all,train,train,0.0027521761392728106,156.67,156.24,0.3292,0.2628,0,-1,-1,background,PPP,3,False
MVI_40152,24,0,576,594,19,False,switched,236.0,257.0,False,0.2105,switched,236.0,258.0,False,0.2105,switched,240.0,259.0,False,0.2105,DETRAC-all,train,train,0.00913404507710558,85.07,84.3,0.4496,0.3162,0,-1,-1,background,SSS,0,False
MVI_40152,25,0,595,619,25,False,preserved,241.0,241.0,True,1.0,preserved,242.0,242.0,True,1.0,preserved,243.0,243.0,True,1.0,DETRAC-all,train,train,0.0073095772074092125,121.27,120.39,0.3749,0.2761,0,-1,-1,background,PPP,3,False
MVI_40152,27,0,636,658,23,False,preserved,261.0,261.0,False,0.8261,preserved,262.0,262.0,False,0.7826,preserved,263.0,263.0,False,0.7826,DETRAC-all,train,train,0.007584269662921361,107.61,106.8,0.4086,0.3137,0,-1,-1,background,PPP,3,False
MVI_40152,27,1,716,717,2,False,lost_after,261.0,,False,1.0,lost_after,262.0,,False,1.0,lost_after,263.0,,False,1.0,DETRAC-all,train,train,,1.44,1.44,0.1324,0.1245,0,-1,-1,vehicle,LLL,0,False
MVI_40152,28,0,641,656,16,False,preserved,274.0,274.0,False,0.875,preserved,274.0,274.0,False,0.875,preserved,275.0,275.0,False,0.875,DETRAC-all,train,train,0.00017464198393302155,171.81,171.78,0.2834,0.2232,0,-1,-1,background,PPP,3,False
MVI_40152,29,0,690,710,21,False,preserved,290.0,290.0,False,0.0952,preserved,292.0,292.0,False,0.0952,preserved,292.0,292.0,False,0.0952,DETRAC-all,train,train,0.007161932507890212,82.97,82.38,0.49,0.3643,0,-1,-1,background,PPP,3,False
MVI_40152,30,0,668,685,18,False,preserved,284.0,284.0,True,1.0,preserved,285.0,285.0,True,1.0,preserved,286.0,286.0,True,1.0,DETRAC-all,train,train,0.00031635558367604233,126.48,126.44,0.352,0.277,0,-1,-1,background,PPP,3,False
MVI_40152,32,0,794,816,23,False,preserved,316.0,316.0,False,0.3043,preserved,324.0,324.0,False,0.3043,preserved,319.0,319.0,False,0.3043,DETRAC-all,train,train,0.011097852028639776,84.73,83.8,0.5321,0.3951,0,-1,-1,background,PPP,3,False
MVI_40152,32,1,828,850,23,False,preserved,316.0,316.0,True,1.0,preserved,324.0,324.0,True,1.0,preserved,319.0,319.0,True,1.0,DETRAC-all,train,train,0.009653465346534773,40.79,40.4,0.2769,0.1802,0,-1,-1,vehicle,PPP,3,False
MVI_40152,33,0,801,817,17,False,preserved,318.0,318.0,True,1.0,preserved,326.0,326.0,False,0.9412,preserved,321.0,321.0,False,0.9412,DETRAC-all,train,train,0.002856648199445866,115.85,115.52,0.4224,0.3113,0,-1,-1,background,PPP,3,False
MVI_40152,34,0,822,835,14,False,preserved,347.0,347.0,False,0.9286,preserved,351.0,351.0,False,0.9286,preserved,346.0,346.0,False,0.9286,DETRAC-all,train,train,0.0009582716264482372,114.9,114.79,0.3453,0.2721,0,-1,-1,background,PPP,3,False
MVI_40152,35,0,860,879,20,False,preserved,361.0,361.0,True,1.0,preserved,370.0,370.0,True,1.0,preserved,365.0,365.0,True,1.0,DETRAC-all,train,train,0.001889989572471329,153.73,153.44,0.3011,0.2364,0,-1,-1,background,PPP,3,False
MVI_40152,36,0,898,922,25,False,preserved,362.0,362.0,False,0.68,preserved,371.0,371.0,False,0.64,preserved,366.0,366.0,False,0.64,DETRAC-all,train,train,0.0027992196115023127,118.22,117.89,0.4101,0.3,0,-1,-1,background,PPP,3,False
MVI_40152,37,0,930,954,25,False,switched,372.0,392.0,False,0.52,switched,381.0,401.0,False,0.52,switched,376.0,396.0,False,0.52,DETRAC-all,train,train,0.004628655585945607,95.5,95.06,0.4874,0.3396,0,-1,-1,background,SSS,0,False
MVI_40152,38,0,958,977,20,False,preserved,385.0,385.0,True,1.0,preserved,394.0,394.0,True,1.0,preserved,389.0,389.0,True,1.0,DETRAC-all,train,train,0.004046535154274,119.1,118.62,0.3447,0.2673,0,-1,-1,background,PPP,3,False
MVI_40152,39,0,1020,1040,21,False,preserved,394.0,394.0,False,0.9048,preserved,403.0,403.0,False,0.9048,preserved,398.0,398.0,False,0.9048,DETRAC-all,train,train,0.0027063599458727605,125.97,125.63,0.3454,0.265,0,-1,-1,background,PPP,3,False
MVI_40152,40,0,1136,1154,19,False,preserved,404.0,404.0,False,0.5789,preserved,413.0,413.0,False,0.5789,preserved,408.0,408.0,False,0.5789,DETRAC-all,train,train,0.0021019442984759884,114.42,114.18,0.3492,0.2776,0,-1,-1,background,PPP,3,False
MVI_40152,41,0,1245,1267,23,False,switched,420.0,431.0,False,0.4348,switched,430.0,441.0,False,0.3913,switched,425.0,436.0,False,0.3913,DETRAC-all,train,train,0.0015344911766757008,143.59,143.37,0.3334,0.2624,0,-1,-1,background,SSS,0,False
MVI_40152,42,0,1286,1305,20,False,preserved,426.0,426.0,False,0.95,preserved,436.0,436.0,False,0.95,preserved,431.0,431.0,False,0.95,DETRAC-all,train,train,0.006692949481984067,109.8,109.07,0.3717,0.2873,0,-1,-1,background,PPP,3,False
MVI_40152,43,0,1300,1316,17,False,preserved,433.0,433.0,True,1.0,preserved,443.0,443.0,True,1.0,preserved,438.0,438.0,True,1.0,DETRAC-all,train,train,0.0014222727919213085,140.82,140.62,0.3123,0.2319,0,-1,-1,background,PPP,3,False
MVI_40152,44,0,1361,1382,22,False,preserved,446.0,446.0,False,0.8636,preserved,456.0,456.0,False,0.8636,preserved,451.0,451.0,False,0.8636,DETRAC-all,train,train,0.0051193308818229255,139.4,138.69,0.3119,0.255,0,-1,-1,background,PPP,3,False
MVI_40152,45,0,1419,1458,40,False,preserved,464.0,464.0,False,0.95,preserved,474.0,474.0,False,0.95,preserved,469.0,469.0,False,0.95,DETRAC-all,train,train,0.04754349181163953,184.86,176.47,0.1586,0.1306,0,-1,-1,background,PPP,3,False
MVI_40152,47,0,1644,1670,27,False,no_match_before,,,False,0.037,no_match_before,,,False,0.037,no_match_before,,,False,0.037,DETRAC-all,train,train,0.001386722135552132,57.77,57.69,0.7333,0.4696,0,-1,-1,background,NNN,0,False
MVI_40161,1,1,42,63,22,False,no_match_before,,,False,0.0,no_match_before,,,False,0.0,no_match_before,,,False,0.0,DETRAC-all,train,train,0.03490080822924324,28.17,27.22,0.1348,0.1183,0,-1,-1,vehicle,NNN,0,False
MVI_40161,2,1,25,57,33,False,preserved,4.0,4.0,False,0.2727,switched,4.0,17.0,False,0.2424,switched,4.0,18.0,False,0.2424,DETRAC-all,train,train,0.013201320132013361,67.54,66.66,0.1634,0.1389,0,-1,-1,vehicle,PSS,1,True
MVI_40161,2,2,108,110,3,False,preserved,4.0,4.0,True,1.0,preserved,17.0,17.0,True,1.0,preserved,18.0,18.0,True,1.0,DETRAC-all,train,train,,0.47,0.47,0.1039,0.1032,0,-1,-1,vehicle,PPP,3,False
MVI_40161,2,3,204,214,11,False,preserved,4.0,4.0,True,1.0,preserved,17.0,17.0,True,1.0,preserved,18.0,18.0,True,1.0,DETRAC-all,train,train,,4.86,2.67,0.1184,0.1119,0,-1,-1,vehicle,PPP,3,False
MVI_40161,2,4,269,278,10,False,preserved,4.0,4.0,True,1.0,preserved,17.0,17.0,True,1.0,preserved,18.0,18.0,True,1.0,DETRAC-all,train,train,,4.51,4.09,0.132,0.1182,0,-1,-1,vehicle,PPP,3,False
MVI_40161,2,5,449,455,7,False,preserved,4.0,4.0,True,1.0,preserved,17.0,17.0,True,1.0,preserved,18.0,18.0,True,1.0,DETRAC-all,train,train,0.006510416666666741,7.73,7.68,0.1228,0.1139,0,-1,-1,vehicle,PPP,3,False
MVI_40161,2,6,506,541,36,False,lost_after,134.0,,False,0.0,lost_after,134.0,,False,0.0,lost_after,135.0,,False,0.0,DETRAC-all,train,train,0.012677935943060437,45.53,44.96,0.1822,0.1486,0,-1,-1,vehicle,LLL,0,False
MVI_40161,5,0,42,69,28,False,preserved,1.0,1.0,True,1.0,preserved,1.0,1.0,True,1.0,preserved,1.0,1.0,True,1.0,DETRAC-all,train,train,0.001568851173072705,140.45,140.23,0.3438,0.2517,0,-1,-1,vehicle,PPP,3,False
MVI_40161,6,0,41,100,60,False,lost_after,13.0,,False,0.8,lost_after,13.0,,False,0.8,lost_after,14.0,,False,0.8,DETRAC-all,train,train,0.0010277492291881352,360.38,360.01,0.7232,0.5091,0,-1,-1,background,LLL,0,False
MVI_40161,11,1,245,282,38,False,switched,41.0,87.0,False,0.8421,switched,41.0,87.0,False,0.8421,switched,42.0,88.0,False,0.8421,DETRAC-all,train,train,0.012791487434910431,89.47,88.34,0.3784,0.2718,0,-1,-1,background,SSS,0,False
MVI_40161,33,0,624,651,28,False,switched,187.0,206.0,False,0.6786,switched,187.0,200.0,False,0.75,switched,188.0,201.0,False,0.75,DETRAC-all,train,train,0.0005812826971516305,309.84,309.66,0.5218,0.3323,0,-1,-1,vehicle,SSS,0,False
MVI_40161,50,0,979,1011,33,False,preserved,266.0,266.0,True,1.0,preserved,266.0,266.0,True,1.0,preserved,267.0,267.0,True,1.0,DETRAC-all,train,train,0.00019486213503938643,307.97,307.91,0.3827,0.2768,0,-1,-1,vehicle,PPP,3,False
MVI_40161,61,0,1306,1328,23,False,switched,379.0,399.0,False,0.0,switched,392.0,412.0,False,0.0,switched,391.0,411.0,False,0.0,DETRAC-all,train,train,0.08863152918931694,92.12,84.62,0.6119,0.4105,0,-1,-1,vehicle,SSS,0,False
MVI_40161,61,1,1380,1404,25,False,switched,393.0,449.0,False,0.0,switched,412.0,461.0,False,0.0,switched,411.0,461.0,False,0.0,DETRAC-all,train,train,0.03627089827146501,36.57,35.29,0.2408,0.1819,0,-1,-1,vehicle,SSS,0,False
MVI_40162,6,0,98,197,100,False,preserved,11.0,11.0,False,0.98,preserved,11.0,11.0,False,0.98,preserved,11.0,11.0,False,0.98,DETRAC-all,train,train,0.0030357880934395176,703.76,701.63,0.3533,0.2289,0,-1,-1,background,PPP,3,False
MVI_40162,6,1,209,215,7,False,lost_after,11.0,,False,0.0,lost_after,11.0,,False,0.0,lost_after,11.0,,False,0.0,DETRAC-all,train,train,0.02622950819672143,15.65,15.25,0.3185,0.206,0,-1,-1,background,LLL,0,False
MVI_40162,16,0,601,604,4,False,preserved,82.0,82.0,True,1.0,preserved,75.0,75.0,True,1.0,preserved,75.0,75.0,True,1.0,DETRAC-all,train,train,0.0,42.46,42.46,0.1259,0.1163,0,-1,-1,vehicle,PPP,3,False
MVI_40162,16,1,614,620,7,False,preserved,82.0,82.0,True,1.0,preserved,75.0,75.0,True,1.0,preserved,75.0,75.0,True,1.0,DETRAC-all,train,train,0.0010986998718183205,54.67,54.61,0.1865,0.1482,0,-1,-1,vehicle,PPP,3,False
MVI_40162,31,0,870,900,31,False,preserved,173.0,173.0,False,0.9032,preserved,166.0,166.0,False,0.9032,preserved,166.0,166.0,False,0.9032,DETRAC-all,train,train,0.0037570444583594487,64.12,63.88,0.2578,0.1923,0,-1,-1,vehicle,PPP,3,False
MVI_40162,32,1,820,848,29,False,no_match_before,,,False,0.9655,no_match_before,,,False,0.9655,no_match_before,,,False,0.9655,DETRAC-all,train,train,0.003438871101624663,84.62,84.33,0.1601,0.1274,0,-1,-1,vehicle,NNN,0,False
MVI_40162,32,2,852,854,3,False,preserved,193.0,193.0,True,1.0,preserved,187.0,187.0,True,1.0,preserved,186.0,186.0,True,1.0,DETRAC-all,train,train,0.0,9.16,9.16,0.11,0.1059,0,-1,-1,vehicle,PPP,3,False
MVI_40162,35,0,899,928,30,False,preserved,218.0,218.0,True,1.0,preserved,212.0,212.0,True,1.0,preserved,211.0,211.0,True,1.0,DETRAC-all,train,train,0.002061226047789688,131.26,130.99,0.3377,0.2333,0,-1,-1,vehicle,PPP,3,False
MVI_40162,37,1,949,954,6,False,preserved,249.0,249.0,True,1.0,preserved,245.0,245.0,True,1.0,preserved,244.0,244.0,True,1.0,DETRAC-all,train,train,0.0007092198581559739,14.11,14.1,0.1184,0.0949,0,-1,-1,background,PPP,3,False
MVI_40162,40,0,990,1018,29,False,switched,260.0,268.0,False,1.0,preserved,264.0,264.0,True,1.0,switched,262.0,254.0,False,1.0,DETRAC-all,train,train,0.01712804369965748,109.86,108.01,0.1473,0.1304,0,-1,-1,vehicle,SPS,1,True
MVI_40162,40,1,1050,1071,22,False,switched,268.0,302.0,False,0.6364,switched,264.0,302.0,False,0.6364,switched,254.0,295.0,False,0.6364,DETRAC-all,train,train,0.39707835325365193,10.52,7.53,0.1535,0.1324,0,-1,-1,vehicle,SSS,0,False
MVI_40162,40,2,1116,1135,20,False,switched,268.0,340.0,False,0.25,switched,264.0,339.0,False,0.25,switched,254.0,332.0,False,0.25,DETRAC-all,train,train,,3.61,0.76,0.132,0.1163,0,-1,-1,vehicle,SSS,0,False
MVI_40162,40,3,1149,1166,18,False,switched,340.0,334.0,False,0.3889,switched,339.0,334.0,False,0.3889,switched,332.0,327.0,False,0.3889,DETRAC-all,train,train,,8.13,3.35,0.1364,0.1217,0,-1,-1,vehicle,SSS,0,False
MVI_40162,40,4,1242,1269,28,False,switched,353.0,409.0,False,0.3929,switched,351.0,407.0,False,0.3929,switched,344.0,397.0,False,0.3929,DETRAC-all,train,train,,14.64,3.49,0.2398,0.1867,0,-1,-1,vehicle,SSS,0,False
MVI_40162,40,5,1299,1314,16,False,preserved,409.0,409.0,False,0.75,preserved,407.0,407.0,False,0.6875,preserved,397.0,397.0,False,0.75,DETRAC-all,train,train,,7.16,1.28,0.1455,0.1288,0,-1,-1,vehicle,PPP,3,False
MVI_40162,40,6,1369,1385,17,False,switched,409.0,452.0,False,0.5882,switched,407.0,451.0,False,0.5882,switched,397.0,440.0,False,0.5882,DETRAC-all,train,train,,12.28,3.44,0.1331,0.1207,0,-1,-1,vehicle,SSS,0,False
MVI_40162,40,7,1415,1435,21,False,switched,452.0,447.0,False,0.2857,switched,451.0,446.0,False,0.2857,switched,440.0,397.0,False,0.2857,DETRAC-all,train,train,0.7827715355805243,9.52,5.34,0.1575,0.1298,0,-1,-1,vehicle,SSS,0,False
MVI_40162,40,8,1449,1472,24,False,switched,475.0,485.0,False,0.7917,preserved,474.0,474.0,False,0.75,preserved,397.0,397.0,False,0.3333,DETRAC-all,train,train,0.21970357454228417,13.99,11.47,0.1579,0.1394,0,-1,-1,vehicle,SPP,2,True
MVI_40162,40,9,1510,1584,75,False,switched,485.0,549.0,False,0.1067,switched,474.0,560.0,False,0.1067,switched,397.0,544.0,False,0.1067,DETRAC-all,train,train,0.013513513513513598,102.0,100.64,0.1806,0.1335,0,-1,-1,vehicle,SSS,0,False
MVI_40162,41,1,1011,1013,3,False,preserved,266.0,266.0,True,1.0,preserved,262.0,262.0,True,1.0,preserved,260.0,260.0,True,1.0,DETRAC-all,train,train,0.0,5.19,5.19,0.105,0.0922,0,-1,-1,background,PPP,3,False
MVI_40162,41,2,1018,1021,4,False,preserved,266.0,266.0,False,0.25,preserved,262.0,262.0,False,0.25,preserved,260.0,260.0,False,0.25,DETRAC-all,train,train,0.0,6.53,6.53,0.1437,0.1351,0,-1,-1,background,PPP,3,False
MVI_40162,52,0,1113,1144,32,False,no_match_before,,,False,0.875,no_match_before,,,False,0.875,no_match_before,,,False,0.875,DETRAC-all,train,train,0.0027806385169928394,389.48,388.4,0.4194,0.2845,0,-1,-1,vehicle,NNN,0,False
MVI_40162,58,1,1197,1261,65,True,no_match_before,,,False,0.6923,no_match_before,,,False,0.6769,no_match_before,,,False,0.6769,DETRAC-all,train,train,0.01782029637966609,108.52,106.62,1.0,0.5951,10,1232,1241,vehicle,NNN,0,False
MVI_40162,65,1,1362,1369,8,False,preserved,421.0,421.0,True,1.0,preserved,419.0,419.0,True,1.0,preserved,409.0,409.0,True,1.0,DETRAC-all,train,train,0.03215003348961831,15.41,14.93,0.1471,0.1157,0,-1,-1,background,PPP,3,False
MVI_40162,75,0,1485,1582,98,False,lost_after,484.0,,False,0.7347,lost_after,484.0,,False,0.7347,lost_after,475.0,,False,0.7347,DETRAC-all,train,train,0.0021120497999109755,450.75,449.8,0.2886,0.1967,0,-1,-1,vehicle,LLL,0,False
MVI_40162,82,1,1572,1581,10,False,no_match_before,,,False,0.1,no_match_before,,,False,0.1,no_match_before,,,False,0.1,DETRAC-all,train,train,0.014827018121911006,12.32,12.14,0.1124,0.1097,0,-1,-1,vehicle,NNN,0,False
MVI_40171,6,0,36,76,41,False,preserved,21.0,21.0,False,0.9512,preserved,21.0,21.0,False,0.9512,preserved,21.0,21.0,False,0.9512,DETRAC-all,train,train,0.00034176349965830966,380.51,380.38,0.3577,0.2443,0,-1,-1,vehicle,PPP,3,False
MVI_40171,8,0,123,134,12,False,no_match_before,,,False,0.0,no_match_before,,,False,0.0,no_match_before,,,False,0.0,DETRAC-all,train,train,0.003759398496240518,16.02,15.96,0.135,0.1158,0,-1,-1,vehicle,NNN,0,False
MVI_40171,8,1,163,173,11,False,preserved,44.0,44.0,False,0.0,preserved,45.0,45.0,False,0.0,preserved,45.0,45.0,False,0.0,DETRAC-all,train,train,0.003801076971808648,31.69,31.57,0.1125,0.1058,0,-1,-1,vehicle,PPP,3,False
MVI_40171,8,2,216,241,26,False,preserved,44.0,44.0,True,1.0,preserved,45.0,45.0,True,1.0,preserved,45.0,45.0,True,1.0,DETRAC-all,train,train,0.05968091392554653,53.8,50.77,0.1257,0.1166,0,-1,-1,vehicle,PPP,3,False
MVI_40171,8,3,261,285,25,False,preserved,44.0,44.0,False,1.0,preserved,45.0,45.0,False,1.0,preserved,45.0,45.0,False,1.0,DETRAC-all,train,train,1.2277091906721536,16.24,7.29,0.1582,0.1453,0,-1,-1,vehicle,PPP,3,False
MVI_40171,8,4,299,316,18,False,preserved,44.0,44.0,False,1.0,preserved,45.0,45.0,False,1.0,preserved,45.0,45.0,False,1.0,DETRAC-all,train,train,,0.43,0.43,0.1283,0.1162,0,-1,-1,vehicle,PPP,3,False
MVI_40171,8,5,497,508,12,False,preserved,44.0,44.0,False,1.0,preserved,45.0,45.0,False,1.0,preserved,45.0,45.0,False,1.0,DETRAC-all,train,train,,3.67,3.67,0.111,0.1074,0,-1,-1,vehicle,PPP,3,False
MVI_40171,8,6,655,686,32,False,switched,44.0,176.0,False,1.0,switched,45.0,180.0,False,1.0,switched,45.0,179.0,False,1.0,DETRAC-all,train,train,0.015851223165252115,81.39,80.12,0.1509,0.1329,0,-1,-1,vehicle,SSS,0,False
MVI_40171,8,7,690,717,28,False,preserved,44.0,44.0,False,1.0,preserved,45.0,45.0,False,1.0,preserved,45.0,45.0,False,1.0,DETRAC-all,train,train,0.016526686534814372,112.56,110.73,0.1539,0.1386,0,-1,-1,vehicle,PPP,3,False
MVI_40171,8,8,736,751,16,False,preserved,44.0,44.0,True,1.0,preserved,45.0,45.0,True,1.0,preserved,45.0,45.0,True,1.0,DETRAC-all,train,train,0.08164368748310347,40.01,36.99,0.1491,0.1351,0,-1,-1,vehicle,PPP,3,False
MVI_40171,9,0,154,154,1,True,preserved,49.0,49.0,True,1.0,preserved,52.0,52.0,True,1.0,preserved,52.0,52.0,True,1.0,DETRAC-all,train,train,,,,,,1,154,154,,PPP,3,False
MVI_40171,9,1,158,167,10,True,preserved,49.0,49.0,False,0.9,preserved,52.0,52.0,False,0.9,preserved,52.0,52.0,False,0.9,DETRAC-all,train,train,8.960172035288316e-05,223.23,223.21,0.9998,0.7106,10,158,167,background,PPP,3,False
MVI_40171,11,0,165,191,27,False,preserved,56.0,56.0,True,1.0,preserved,60.0,60.0,True,1.0,preserved,59.0,59.0,True,1.0,DETRAC-all,train,train,0.0010719927781539518,177.43,177.24,0.3506,0.2663,0,-1,-1,vehicle,PPP,3,False
MVI_40171,14,0,226,256,31,False,switched,88.0,96.0,False,0.7742,switched,92.0,100.0,False,0.7742,switched,92.0,100.0,False,0.7742,DETRAC-all,train,train,0.0027232056020229933,154.65,154.23,0.3828,0.2783,0,-1,-1,vehicle,SSS,0,False
MVI_40171,18,0,467,675,209,False,switched,148.0,189.0,False,0.11,switched,152.0,193.0,False,0.1148,switched,151.0,193.0,False,0.1196,DETRAC-all,train,train,0.8700808625336924,34.69,18.55,0.2439,0.1529,0,-1,-1,vehicle,SSS,0,False
MVI_40171,18,1,772,782,11,False,preserved,189.0,189.0,False,0.7273,preserved,193.0,193.0,False,0.7273,preserved,193.0,193.0,False,0.7273,DETRAC-all,train,train,,0.0,0.0,0.1205,0.1115,0,-1,-1,vehicle,PPP,3,False
MVI_40171,18,2,917,920,4,False,preserved,189.0,189.0,True,1.0,preserved,193.0,193.0,True,1.0,preserved,193.0,193.0,True,1.0,DETRAC-all,train,train,,1.32,1.32,0.1103,0.1072,0,-1,-1,vehicle,PPP,3,False
MVI_40171,18,3,925,928,4,False,preserved,189.0,189.0,False,0.5,preserved,193.0,193.0,False,0.5,preserved,193.0,193.0,False,0.5,DETRAC-all,train,train,,1.69,1.59,0.1034,0.1023,0,-1,-1,vehicle,PPP,3,False
MVI_40171,18,4,963,966,4,False,preserved,189.0,189.0,True,1.0,preserved,193.0,193.0,True,1.0,preserved,193.0,193.0,True,1.0,DETRAC-all,train,train,,4.35,4.35,0.103,0.1024,0,-1,-1,vehicle,PPP,3,False
MVI_40171,23,0,528,589,62,False,preserved,183.0,183.0,False,0.8387,preserved,187.0,187.0,False,0.8387,preserved,187.0,187.0,False,0.8387,DETRAC-all,train,train,0.0007956458568758595,867.91,867.22,0.3606,0.2581,0,-1,-1,background,PPP,3,False
MVI_40171,31,0,796,821,26,False,preserved,277.0,277.0,True,1.0,preserved,285.0,285.0,True,1.0,preserved,281.0,281.0,True,1.0,DETRAC-all,train,train,0.0004965622612680409,261.93,261.8,0.3486,0.2393,0,-1,-1,vehicle,PPP,3,False
MVI_40171,35,0,916,977,62,False,switched,326.0,351.0,False,0.9516,switched,331.0,361.0,False,0.871,switched,327.0,357.0,False,0.871,DETRAC-all,train,train,0.0004063956515665268,787.73,787.41,0.507,0.3952,0,-1,-1,vehicle,SSS,0,False
MVI_40171,41,0,703,801,99,True,switched,6.0,296.0,False,0.101,switched,6.0,304.0,False,0.101,switched,6.0,300.0,False,0.101,DETRAC-all,train,train,0.3639514731369151,7.87,5.77,1.0,0.8305,66,722,787,vehicle,SSS,0,False
MVI_40171,41,1,1080,1131,52,True,switched,296.0,393.0,False,0.0769,switched,304.0,406.0,False,0.0769,switched,300.0,402.0,False,0.0769,DETRAC-all,train,train,,2.97,2.97,1.0,0.8743,38,1089,1126,vehicle,SSS,0,False
MVI_40172,16,0,244,423,180,True,no_match_before,,,False,0.0111,no_match_before,,,False,0.0111,no_match_before,,,False,0.0111,DETRAC-all,train,train,0.008246884582762348,772.67,766.35,1.0,0.9338,158,257,414,both,NNN,0,False
MVI_40172,40,0,1286,1314,29,False,preserved,518.0,518.0,False,0.5517,preserved,520.0,520.0,False,0.5517,preserved,519.0,519.0,False,0.5517,DETRAC-all,train,train,0.0007559075820817718,304.5,304.27,0.7352,0.4882,0,-1,-1,vehicle,PPP,3,False
MVI_40172,51,0,1455,1464,10,False,switched,569.0,572.0,False,0.5,switched,572.0,575.0,False,0.5,switched,571.0,574.0,False,0.5,DETRAC-all,train,train,0.01946750644145423,35.61,34.93,0.2331,0.176,0,-1,-1,vehicle,SSS,0,False
MVI_40172,57,0,1554,1590,37,False,preserved,607.0,607.0,True,1.0,preserved,610.0,610.0,True,1.0,preserved,609.0,609.0,True,1.0,DETRAC-all,train,train,0.00035853716835321237,753.33,753.06,0.2861,0.2185,0,-1,-1,background,PPP,3,False
MVI_40172,60,0,1628,1671,44,False,preserved,621.0,621.0,False,0.7955,preserved,624.0,624.0,False,0.7955,preserved,623.0,623.0,False,0.7955,DETRAC-all,train,train,0.0007122196543554171,688.48,687.99,0.8536,0.5556,0,-1,-1,vehicle,PPP,3,False
MVI_40172,61,0,1636,1648,13,False,preserved,622.0,622.0,True,1.0,preserved,625.0,625.0,True,1.0,preserved,624.0,624.0,True,1.0,DETRAC-all,train,train,0.0023720290336353145,211.29,210.79,0.3593,0.2876,0,-1,-1,vehicle,PPP,3,False
MVI_40172,65,0,1680,1708,29,False,switched,640.0,663.0,False,0.4483,switched,643.0,667.0,False,0.3448,switched,642.0,665.0,False,0.4483,DETRAC-all,train,train,0.013195933056697307,515.2,508.49,0.47,0.3078,0,-1,-1,vehicle,SSS,0,False
MVI_40172,79,0,2114,2227,114,False,no_match_before,,,False,0.0526,no_match_before,,,False,0.0526,no_match_before,,,False,0.0526,DETRAC-all,train,train,0.007075656298429989,643.33,638.81,0.8175,0.6115,0,-1,-1,background,NNN,0,False
MVI_40172,99,0,34,83,50,True,switched,2.0,57.0,False,0.12,switched,2.0,56.0,False,0.12,switched,2.0,56.0,False,0.12,DETRAC-all,train,train,,2.39,1.31,1.0,0.9117,42,42,83,vehicle,SSS,0,False
MVI_40172,99,1,364,437,74,True,switched,67.0,243.0,False,0.0811,switched,56.0,244.0,False,0.0811,switched,56.0,244.0,False,0.0811,DETRAC-all,train,train,,0.39,0.36,1.0,0.7627,40,374,413,vehicle,SSS,0,False
MVI_40172,99,2,2208,2247,40,True,switched,243.0,807.0,False,0.125,switched,244.0,814.0,False,0.125,switched,244.0,813.0,False,0.125,DETRAC-all,train,train,,4.34,4.34,1.0,0.7195,15,2222,2236,vehicle,SSS,0,False
MVI_40172,105,0,45,96,52,True,switched,3.0,66.0,False,0.0385,switched,3.0,65.0,False,0.0385,switched,3.0,65.0,False,0.0385,DETRAC-all,train,train,,1.09,1.09,1.0,0.9531,47,50,96,vehicle,SSS,0,False
MVI_40172,105,1,378,422,45,True,switched,66.0,230.0,False,0.0222,switched,65.0,231.0,False,0.0222,switched,65.0,231.0,False,0.0222,DETRAC-all,train,train,,0.55,0.53,1.0,0.9671,42,381,422,vehicle,SSS,0,False
MVI_40172,105,2,426,446,21,True,no_match_before,,,False,0.0,no_match_before,,,False,0.0,no_match_before,,,False,0.0,DETRAC-all,train,train,,0.25,0.24,1.0,0.7854,7,431,437,vehicle,NNN,0,False
MVI_40172,105,3,2228,2266,39,True,switched,438.0,814.0,False,0.2051,switched,438.0,821.0,False,0.2051,switched,438.0,820.0,False,0.2051,DETRAC-all,train,train,,0.29,0.29,1.0,0.7933,20,2240,2259,vehicle,SSS,0,False
MVI_40181,3,1,57,72,16,False,preserved,4.0,4.0,False,0.625,preserved,4.0,4.0,False,0.625,preserved,4.0,4.0,False,0.625,DETRAC-all,train,train,,0.0,0.0,0.1981,0.1612,0,-1,-1,vehicle,PPP,3,False
MVI_40181,3,2,167,173,7,False,preserved,4.0,4.0,True,1.0,preserved,4.0,4.0,True,1.0,preserved,4.0,4.0,True,1.0,DETRAC-all,train,train,,1.37,0.21,0.1323,0.1211,0,-1,-1,vehicle,PPP,3,False
MVI_40181,3,3,182,197,16,False,preserved,4.0,4.0,False,0.375,preserved,4.0,4.0,False,0.375,preserved,4.0,4.0,False,0.375,DETRAC-all,train,train,,4.46,1.22,0.2569,0.2002,0,-1,-1,vehicle,PPP,3,False
MVI_40181,3,4,207,223,17,False,preserved,4.0,4.0,False,0.5882,preserved,4.0,4.0,False,0.5882,preserved,4.0,4.0,False,0.5882,DETRAC-all,train,train,0.3538050734312417,10.14,7.49,0.2677,0.205,0,-1,-1,vehicle,PPP,3,False
MVI_40181,8,0,155,172,18,False,preserved,14.0,14.0,True,1.0,preserved,14.0,14.0,True,1.0,preserved,14.0,14.0,True,1.0,DETRAC-all,train,train,1.0604534005037785,24.54,11.91,0.1852,0.1534,0,-1,-1,vehicle,PPP,3,False
MVI_40181,8,1,184,200,17,False,preserved,55.0,55.0,False,1.0,preserved,14.0,14.0,True,1.0,preserved,14.0,14.0,True,1.0,DETRAC-all,train,train,0.4653579676674364,12.69,8.66,0.1786,0.1569,0,-1,-1,vehicle,PPP,3,False
MVI_40181,8,2,261,285,25,False,preserved,55.0,55.0,True,1.0,preserved,14.0,14.0,True,1.0,preserved,14.0,14.0,True,1.0,DETRAC-all,train,train,0.0023028209556705814,52.23,52.11,0.182,0.1542,0,-1,-1,vehicle,PPP,3,False
MVI_40181,8,3,321,342,22,False,preserved,55.0,55.0,True,1.0,preserved,14.0,14.0,True,1.0,preserved,14.0,14.0,True,1.0,DETRAC-all,train,train,0.005700035625222588,56.46,56.14,0.1739,0.1417,0,-1,-1,vehicle,PPP,3,False
MVI_40181,8,4,465,519,55,False,switched,55.0,156.0,False,0.3091,switched,14.0,150.0,False,0.3091,switched,14.0,148.0,False,0.3091,DETRAC-all,train,train,,0.0,0.0,0.7752,0.4673,0,-1,-1,vehicle,SSS,0,False
MVI_40181,8,5,581,604,24,False,preserved,156.0,156.0,True,1.0,preserved,150.0,150.0,True,1.0,preserved,148.0,148.0,True,1.0,DETRAC-all,train,train,,0.0,0.0,0.234,0.1877,0,-1,-1,vehicle,PPP,3,False
MVI_40181,8,6,680,694,15,False,preserved,156.0,156.0,False,0.9333,preserved,150.0,150.0,False,0.9333,preserved,148.0,148.0,False,0.9333,DETRAC-all,train,train,0.03455019556714478,15.87,15.34,0.1486,0.1313,0,-1,-1,vehicle,PPP,3,False
MVI_40181,8,7,725,756,32,False,switched,156.0,213.0,False,0.5312,switched,150.0,208.0,False,0.5312,switched,148.0,205.0,False,0.5312,DETRAC-all,train,train,0.02752475247524755,51.89,50.5,0.267,0.1935,0,-1,-1,vehicle,SSS,0,False
MVI_40181,12,0,129,134,6,False,preserved,41.0,41.0,False,0.5,preserved,41.0,41.0,False,0.5,preserved,41.0,41.0,False,0.5,DETRAC-all,train,train,0.00039451622447983503,101.43,101.39,0.1478,0.1201,0,-1,-1,background,PPP,3,False
MVI_40181,29,0,519,530,12,False,switched,139.0,164.0,False,0.4167,switched,134.0,159.0,False,0.4167,switched,132.0,156.0,False,0.4167,DETRAC-all,train,train,0.01428107757221686,31.25,30.81,0.1709,0.1456,0,-1,-1,vehicle,SSS,0,False
MVI_40181,38,0,695,706,12,False,preserved,185.0,185.0,True,1.0,preserved,180.0,180.0,True,1.0,preserved,177.0,177.0,True,1.0,DETRAC-all,train,train,0.003544385371354819,62.29,62.07,0.1346,0.1089,0,-1,-1,background,PPP,3,False
MVI_40181,57,0,1048,1070,23,False,preserved,260.0,260.0,True,1.0,preserved,255.0,255.0,True,1.0,preserved,252.0,252.0,True,1.0,DETRAC-all,train,train,0.013894363421363742,102.89,101.48,0.2279,0.166,0,-1,-1,vehicle,PPP,3,False
MVI_40181,57,1,1201,1223,23,False,preserved,260.0,260.0,False,0.6522,preserved,255.0,255.0,False,0.6522,preserved,252.0,252.0,False,0.6522,DETRAC-all,train,train,,2.66,1.92,0.1798,0.1449,0,-1,-1,vehicle,PPP,3,False
MVI_40181,57,2,1233,1264,32,False,preserved,260.0,260.0,False,0.8125,preserved,255.0,255.0,False,0.8125,preserved,252.0,252.0,False,0.8125,DETRAC-all,train,train,,0.0,0.0,0.2248,0.1818,0,-1,-1,vehicle,PPP,3,False
MVI_40181,57,3,1291,1308,18,False,preserved,260.0,260.0,False,0.6667,preserved,255.0,255.0,False,0.6667,preserved,252.0,252.0,False,0.6667,DETRAC-all,train,train,,3.74,3.74,0.1602,0.1476,0,-1,-1,vehicle,PPP,3,False
MVI_40181,57,4,1319,1340,22,False,preserved,260.0,260.0,False,0.4091,preserved,255.0,255.0,False,0.4091,preserved,252.0,252.0,False,0.3636,DETRAC-all,train,train,,0.0,0.0,0.2437,0.1892,0,-1,-1,vehicle,PPP,3,False
MVI_40181,57,5,1443,1458,16,False,preserved,404.0,404.0,False,0.9375,preserved,402.0,402.0,False,0.9375,preserved,252.0,252.0,False,0.9375,DETRAC-all,train,train,,0.0,0.0,0.1794,0.1561,0,-1,-1,vehicle,PPP,3,False
MVI_40181,57,6,1472,1495,24,False,preserved,404.0,404.0,False,0.5833,preserved,402.0,402.0,False,0.5833,preserved,252.0,252.0,False,0.5833,DETRAC-all,train,train,,4.22,4.22,0.2275,0.1788,0,-1,-1,vehicle,PPP,3,False
MVI_40181,57,7,1554,1577,24,False,preserved,404.0,404.0,False,0.2917,preserved,402.0,402.0,False,0.2917,preserved,252.0,252.0,False,0.2917,DETRAC-all,train,train,0.010666666666666602,37.9,37.5,0.1407,0.1228,0,-1,-1,vehicle,PPP,3,False
MVI_40181,65,0,1155,1174,20,False,preserved,298.0,298.0,False,0.95,preserved,295.0,295.0,False,0.95,preserved,292.0,292.0,False,0.95,DETRAC-all,train,train,0.0005420572667560464,313.79,313.62,0.4484,0.2997,0,-1,-1,vehicle,PPP,3,False
MVI_40181,67,0,1186,1207,22,False,preserved,321.0,321.0,False,0.5455,preserved,319.0,319.0,False,0.5455,preserved,316.0,316.0,False,0.5455,DETRAC-all,train,train,0.0017907106883046087,89.51,89.35,0.2735,0.1987,0,-1,-1,vehicle,PPP,3,False
MVI_40181,67,1,1271,1279,9,False,preserved,362.0,362.0,False,0.8889,preserved,360.0,360.0,False,0.8889,preserved,357.0,357.0,False,0.8889,DETRAC-all,train,train,0.007692307692307665,9.17,9.1,0.1437,0.1213,0,-1,-1,vehicle,PPP,3,False
MVI_40181,67,2,1293,1315,23,False,switched,374.0,362.0,False,0.9565,switched,372.0,360.0,False,0.9565,switched,369.0,357.0,False,0.9565,DETRAC-all,train,train,,3.39,2.06,0.1961,0.1594,0,-1,-1,vehicle,SSS,0,False
MVI_40181,67,3,1419,1428,10,False,switched,362.0,416.0,False,1.0,switched,360.0,415.0,False,1.0,switched,357.0,410.0,False,1.0,DETRAC-all,train,train,,0.0,0.0,0.152,0.1357,0,-1,-1,vehicle,SSS,0,False
MVI_40181,67,4,1448,1469,22,False,preserved,416.0,416.0,False,0.9091,switched,415.0,360.0,False,0.9091,preserved,410.0,410.0,False,0.9091,DETRAC-all,train,train,,0.0,0.0,0.1768,0.1425,0,-1,-1,vehicle,PSP,2,True
MVI_40181,67,5,1521,1532,12,False,switched,447.0,416.0,False,1.0,switched,445.0,360.0,False,0.9167,switched,441.0,410.0,False,0.9167,DETRAC-all,train,train,0.004784688995215447,8.4,8.36,0.1463,0.1287,0,-1,-1,vehicle,SSS,0,False
MVI_40181,67,6,1559,1590,32,False,preserved,416.0,416.0,True,1.0,preserved,360.0,360.0,True,1.0,preserved,410.0,410.0,True,1.0,DETRAC-all,train,train,0.0021997929606625277,77.45,77.28,0.1976,0.1623,0,-1,-1,vehicle,PPP,3,False
MVI_40181,67,7,1629,1656,28,False,preserved,416.0,416.0,False,0.4286,preserved,360.0,360.0,False,0.4286,preserved,410.0,410.0,False,0.3929,DETRAC-all,train,train,0.0014973262032085266,46.82,46.75,0.1839,0.1533,0,-1,-1,vehicle,PPP,3,False
MVI_40181,72,0,1287,1303,17,False,preserved,366.0,366.0,True,1.0,preserved,364.0,364.0,True,1.0,preserved,361.0,361.0,True,1.0,DETRAC-all,train,train,0.0,249.47,249.47,0.3456,0.2805,0,-1,-1,vehicle,PPP,3,False
MVI_40181,76,0,1398,1410,13,False,preserved,411.0,411.0,True,1.0,preserved,409.0,409.0,True,1.0,preserved,404.0,404.0,True,1.0,DETRAC-all,train,train,8.595495960106447e-05,232.7,232.68,0.1356,0.1218,0,-1,-1,background,PPP,3,False
MVI_40181,82,0,1601,1626,26,False,preserved,462.0,462.0,False,0.6923,preserved,460.0,460.0,False,0.6538,preserved,456.0,456.0,False,0.6538,DETRAC-all,train,train,0.004271748952600074,122.25,121.73,0.6317,0.4389,0,-1,-1,vehicle,PPP,3,False
MVI_40191,22,0,186,187,2,False,lost_after,58.0,,False,1.0,lost_after,59.0,,False,1.0,lost_after,59.0,,False,1.0,DETRAC-all,train,train,,1.19,1.19,0.1166,0.1126,0,-1,-1,vehicle,LLL,0,False
MVI_40191,85,0,569,574,6,False,no_match_before,,,False,0.0,no_match_before,,,False,0.0,no_match_before,,,False,0.0,DETRAC-all,train,train,,3.53,3.53,0.1133,0.1065,0,-1,-1,vehicle,NNN,0,False
MVI_40191,85,1,578,589,12,False,no_match_before,,,False,0.5833,no_match_before,,,False,0.5833,no_match_before,,,False,0.5833,DETRAC-all,train,train,0.00990099009900991,11.22,11.11,0.1676,0.1322,0,-1,-1,vehicle,NNN,0,False
MVI_40191,85,2,647,673,27,False,preserved,355.0,355.0,True,1.0,preserved,366.0,366.0,True,1.0,preserved,358.0,358.0,True,1.0,DETRAC-all,train,train,0.0008522243054371881,58.72,58.67,0.4165,0.3336,0,-1,-1,vehicle,PPP,3,False
MVI_40191,91,0,627,667,41,False,preserved,358.0,358.0,False,0.9268,preserved,369.0,369.0,False,0.9268,preserved,361.0,361.0,False,0.9268,DETRAC-all,train,train,0.006774302811335842,89.17,88.57,0.3484,0.2272,0,-1,-1,vehicle,PPP,3,False
MVI_40191,97,0,736,738,3,False,preserved,392.0,392.0,True,1.0,preserved,452.0,452.0,True,1.0,preserved,444.0,444.0,True,1.0,DETRAC-all,train,train,,2.78,2.78,0.116,0.1096,0,-1,-1,vehicle,PPP,3,False
MVI_40191,112,0,877,887,11,False,preserved,513.0,513.0,True,1.0,preserved,530.0,530.0,True,1.0,preserved,522.0,522.0,True,1.0,DETRAC-all,train,train,0.00013982102908283167,71.53,71.52,0.2914,0.2837,0,-1,-1,vehicle,PPP,3,False
MVI_40191,136,1,953,959,7,False,no_match_before,,,False,0.4286,no_match_before,,,False,0.4286,no_match_before,,,False,0.4286,DETRAC-all,train,train,0.008503401360544283,5.93,5.88,0.141,0.1205,0,-1,-1,vehicle,NNN,0,False
MVI_40191,171,0,1335,1342,8,False,preserved,834.0,834.0,True,1.0,preserved,862.0,862.0,True,1.0,preserved,851.0,851.0,True,1.0,DETRAC-all,train,train,0.0,18.08,18.08,0.1125,0.1065,0,-1,-1,vehicle,PPP,3,False
MVI_40191,171,1,1348,1354,7,False,lost_after,834.0,,False,0.2857,lost_after,862.0,,False,0.2857,lost_after,851.0,,False,0.2857,DETRAC-all,train,train,0.0008403361344537785,11.91,11.9,0.1134,0.1066,0,-1,-1,vehicle,LLL,0,False
MVI_40191,180,0,1481,1483,3,False,lost_after,878.0,,False,0.0,lost_after,906.0,,False,0.0,lost_after,895.0,,False,0.0,DETRAC-all,train,train,,1.63,1.63,0.1087,0.1053,0,-1,-1,vehicle,LLL,0,False
MVI_40191,204,0,1706,1707,2,False,lost_after,996.0,,False,1.0,lost_after,1022.0,,False,1.0,lost_after,1011.0,,False,1.0,DETRAC-all,train,train,,0.92,0.92,0.1103,0.1072,0,-1,-1,vehicle,LLL,0,False
MVI_40191,204,1,1713,1719,7,False,lost_after,996.0,,False,0.0,lost_after,1022.0,,False,0.0,lost_after,1011.0,,False,0.0,DETRAC-all,train,train,,4.88,4.55,0.1903,0.1486,0,-1,-1,vehicle,LLL,0,False
MVI_40191,214,0,1761,1762,2,False,lost_after,1048.0,,False,0.0,lost_after,1074.0,,False,0.0,lost_after,1063.0,,False,0.0,DETRAC-all,train,train,,0.43,0.43,0.1034,0.1024,0,-1,-1,vehicle,LLL,0,False
MVI_40191,214,1,1767,1775,9,False,lost_after,1048.0,,False,0.0,lost_after,1074.0,,False,0.0,lost_after,1063.0,,False,0.0,DETRAC-all,train,train,,5.01,4.46,0.1577,0.1298,0,-1,-1,vehicle,LLL,0,False
MVI_40191,220,0,1797,1799,3,False,preserved,1058.0,1058.0,True,1.0,preserved,1084.0,1084.0,True,1.0,preserved,1073.0,1073.0,True,1.0,DETRAC-all,train,train,,1.36,1.36,0.1101,0.1058,0,-1,-1,vehicle,PPP,3,False
MVI_40191,240,0,1817,1844,28,False,no_match_before,,,False,0.5,no_match_before,,,False,0.5,no_match_before,,,False,0.5,DETRAC-all,train,train,0.022137745974955214,45.71,44.72,0.1627,0.1336,0,-1,-1,vehicle,NNN,0,False
MVI_40191,240,1,1850,1863,14,False,preserved,1142.0,1142.0,True,1.0,preserved,1167.0,1167.0,True,1.0,preserved,1157.0,1157.0,True,1.0,DETRAC-all,train,train,0.0028818443804032867,34.8,34.7,0.1614,0.1405,0,-1,-1,vehicle,PPP,3,False
MVI_40191,260,0,2006,2007,2,False,preserved,1230.0,1230.0,True,1.0,preserved,1255.0,1255.0,True,1.0,preserved,1245.0,1245.0,True,1.0,DETRAC-all,train,train,,2.48,2.48,0.1016,0.1012,0,-1,-1,vehicle,PPP,3,False
MVI_40191,260,1,2034,2039,6,False,preserved,1230.0,1230.0,True,1.0,preserved,1255.0,1255.0,True,1.0,preserved,1245.0,1245.0,True,1.0,DETRAC-all,train,train,0.0025188916876572875,7.96,7.94,0.1072,0.1036,0,-1,-1,vehicle,PPP,3,False
MVI_40191,275,0,2109,2138,30,False,preserved,1314.0,1314.0,True,1.0,preserved,1333.0,1333.0,True,1.0,preserved,1325.0,1325.0,True,1.0,DETRAC-all,train,train,0.02628406076681955,42.56,41.47,0.2177,0.1623,0,-1,-1,vehicle,PPP,3,False
MVI_40191,279,0,2131,2134,4,False,preserved,1331.0,1331.0,True,1.0,preserved,1349.0,1349.0,True,1.0,preserved,1342.0,1342.0,True,1.0,DETRAC-all,train,train,0.0,9.5,9.5,0.1224,0.1126,0,-1,-1,vehicle,PPP,3,False
MVI_40191,279,1,2139,2189,51,False,preserved,1331.0,1331.0,False,0.9412,preserved,1349.0,1349.0,False,0.9412,preserved,1342.0,1342.0,False,0.9412,DETRAC-all,train,train,0.004454865181711787,85.68,85.3,0.1521,0.1205,0,-1,-1,vehicle,PPP,3,False
MVI_40191,302,1,2274,2278,5,False,preserved,1463.0,1463.0,True,1.0,preserved,1483.0,1483.0,True,1.0,preserved,1477.0,1477.0,True,1.0,DETRAC-all,train,train,0.0,6.99,6.99,0.1327,0.1185,0,-1,-1,vehicle,PPP,3,False
MVI_40191,318,0,2484,2490,7,False,lost_after,1517.0,,False,0.0,lost_after,1538.0,,False,0.0,lost_after,1532.0,,False,0.0,DETRAC-all,train,train,,5.22,4.77,0.1768,0.1422,0,-1,-1,vehicle,LLL,0,False
MVI_40192,30,0,106,178,73,False,preserved,74.0,74.0,True,1.0,preserved,75.0,75.0,True,1.0,preserved,75.0,75.0,True,1.0,DETRAC-all,train,train,0.01145236855804277,194.3,192.1,0.2611,0.1578,0,-1,-1,vehicle,PPP,3,False
MVI_40192,109,0,727,743,17,False,preserved,532.0,532.0,True,1.0,preserved,547.0,547.0,True,1.0,preserved,552.0,552.0,True,1.0,DETRAC-all,train,train,0.008072455207718043,51.2,50.79,0.1943,0.1609,0,-1,-1,vehicle,PPP,3,False
MVI_40192,128,0,920,942,23,False,lost_after,658.0,,False,0.8696,lost_after,673.0,,False,0.8696,lost_after,677.0,,False,0.8696,DETRAC-all,train,train,0.038206979542719566,34.51,33.24,0.252,0.1941,0,-1,-1,vehicle,LLL,0,False
MVI_40192,132,0,884,909,26,False,preserved,660.0,660.0,False,0.9615,preserved,675.0,675.0,False,0.9615,preserved,679.0,679.0,False,0.9615,DETRAC-all,train,train,0.144267053701016,39.42,34.45,0.3619,0.2364,0,-1,-1,vehicle,PPP,3,False
MVI_40192,158,0,1096,1098,3,False,preserved,791.0,791.0,True,1.0,preserved,810.0,810.0,True,1.0,preserved,813.0,813.0,True,1.0,DETRAC-all,train,train,0.0,5.63,5.63,0.106,0.1039,0,-1,-1,vehicle,PPP,3,False
MVI_40192,205,0,1445,1463,19,False,preserved,1039.0,1039.0,False,0.5789,preserved,1062.0,1062.0,False,0.5789,preserved,1066.0,1066.0,False,0.5789,DETRAC-all,train,train,0.018574065528380146,88.29,86.68,0.1855,0.1606,0,-1,-1,vehicle,PPP,3,False
MVI_40192,249,0,1787,1855,69,False,switched,1278.0,1311.0,False,0.8696,switched,1300.0,1333.0,False,0.8696,switched,1304.0,1337.0,False,0.8841,DETRAC-all,train,train,0.009312393033323207,200.51,198.66,0.499,0.3374,0,-1,-1,vehicle,SSS,0,False
MVI_40192,286,0,2012,2055,44,False,no_match_before,,,False,0.5227,no_match_before,,,False,0.5,no_match_before,,,False,0.5,DETRAC-all,train,train,0.024824874032198574,83.39,81.37,0.6966,0.389,0,-1,-1,vehicle,NNN,0,False
MVI_40192,303,0,2150,2178,29,False,preserved,1578.0,1578.0,True,1.0,preserved,1601.0,1601.0,True,1.0,preserved,1605.0,1605.0,True,1.0,DETRAC-all,train,train,0.006677796327211993,102.51,101.83,0.3555,0.2494,0,-1,-1,vehicle,PPP,3,False
MVI_40192,307,0,2145,2184,40,False,switched,1581.0,1608.0,False,0.55,switched,1604.0,1617.0,False,0.625,switched,1608.0,1621.0,False,0.625,DETRAC-all,train,train,0.006908375775301234,199.68,198.31,0.3074,0.214,0,-1,-1,vehicle,SSS,0,False
MVI_40201,25,0,92,158,67,False,switched,98.0,199.0,False,0.5075,switched,101.0,198.0,False,0.5075,switched,101.0,206.0,False,0.5075,DETRAC-all,train,train,0.00033097239690227376,453.36,453.21,0.4796,0.3056,0,-1,-1,vehicle,SSS,0,False
MVI_40201,42,0,264,278,15,False,preserved,305.0,305.0,True,1.0,preserved,325.0,325.0,True,1.0,preserved,333.0,333.0,True,1.0,DETRAC-all,train,train,0.00659340659340657,45.8,45.5,0.1889,0.1599,0,-1,-1,vehicle,PPP,3,False
MVI_40201,44,1,303,324,22,False,preserved,300.0,300.0,True,1.0,preserved,320.0,320.0,True,1.0,preserved,328.0,328.0,True,1.0,DETRAC-all,train,train,0.00378740058073479,79.51,79.21,0.1735,0.1404,0,-1,-1,background,PPP,3,False
MVI_40201,47,0,283,308,26,False,switched,309.0,311.0,False,0.9231,preserved,329.0,329.0,False,0.9615,preserved,337.0,337.0,False,0.9615,DETRAC-all,train,train,0.0008707009142359112,275.88,275.64,0.368,0.2563,0,-1,-1,vehicle,SPP,2,True
MVI_40201,60,1,445,448,4,False,preserved,366.0,366.0,True,1.0,preserved,385.0,385.0,True,1.0,preserved,393.0,393.0,True,1.0,DETRAC-all,train,train,0.004830917874396157,8.32,8.28,0.1145,0.1073,0,-1,-1,vehicle,PPP,3,False
MVI_40201,78,0,631,656,26,False,preserved,542.0,542.0,True,1.0,preserved,556.0,556.0,True,1.0,preserved,564.0,564.0,True,1.0,DETRAC-all,train,train,0.00030006462930476374,433.37,433.24,0.2582,0.2383,0,-1,-1,vehicle,PPP,3,False
MVI_40201,80,0,575,582,8,False,no_match_before,,,False,0.875,no_match_before,,,False,0.875,no_match_before,,,False,0.875,DETRAC-all,train,train,0.0033609679587720542,89.56,89.26,0.1192,0.1103,0,-1,-1,background,NNN,0,False
MVI_40201,85,0,647,697,51,False,switched,562.0,629.0,False,0.8627,switched,576.0,643.0,False,0.8627,switched,584.0,651.0,False,0.8627,DETRAC-all,train,train,0.002087786449271878,201.59,201.17,0.3353,0.234,0,-1,-1,vehicle,SSS,0,False
MVI_40201,91,0,674,740,67,False,lost_after,596.0,,False,0.4328,lost_after,610.0,,False,0.4179,lost_after,618.0,,False,0.4179,DETRAC-all,train,train,0.0013294050014371894,278.69,278.32,0.3788,0.2493,0,-1,-1,vehicle,LLL,0,False
MVI_40201,104,0,746,803,58,False,preserved,703.0,703.0,True,1.0,preserved,723.0,723.0,True,1.0,preserved,727.0,727.0,True,1.0,DETRAC-all,train,train,0.0007800312012480326,384.9,384.6,0.2092,0.1655,0,-1,-1,vehicle,PPP,3,False
MVI_40201,104,1,809,814,6,False,preserved,703.0,703.0,True,1.0,preserved,723.0,723.0,True,1.0,preserved,727.0,727.0,True,1.0,DETRAC-all,train,train,0.0,16.3,16.3,0.1131,0.1066,0,-1,-1,vehicle,PPP,3,False
MVI_40201,107,0,762,798,37,False,preserved,711.0,711.0,True,1.0,preserved,731.0,731.0,True,1.0,preserved,735.0,735.0,True,1.0,DETRAC-all,train,train,0.0009446268723853901,222.52,222.31,0.3431,0.2344,0,-1,-1,vehicle,PPP,3,False
MVI_40204,11,0,21,51,31,False,switched,11.0,69.0,False,0.3871,switched,11.0,70.0,False,0.3871,switched,11.0,70.0,False,0.3871,DETRAC-all,train,train,0.004602584528235143,56.75,56.49,0.2915,0.2444,0,-1,-1,vehicle,SSS,0,False
MVI_40204,30,0,197,267,71,False,lost_after,129.0,,False,0.1831,lost_after,132.0,,False,0.1831,lost_after,132.0,,False,0.1831,DETRAC-all,train,train,0.0070605908863297095,201.11,199.7,0.6624,0.3582,0,-1,-1,vehicle,LLL,0,False
MVI_40204,34,0,225,227,3,False,preserved,140.0,140.0,False,0.6667,preserved,143.0,143.0,False,0.6667,preserved,143.0,143.0,False,0.6667,DETRAC-all,train,train,0.005020080321284981,10.01,9.96,0.1187,0.1094,0,-1,-1,vehicle,PPP,3,False
MVI_40204,34,1,234,258,25,False,lost_after,140.0,,False,0.2,lost_after,143.0,,False,0.24,lost_after,143.0,,False,0.24,DETRAC-all,train,train,0.00418589674788028,93.56,93.17,0.1953,0.1494,0,-1,-1,vehicle,LLL,0,False
MVI_40204,40,0,279,317,39,False,lost_after,166.0,,False,0.0,lost_after,169.0,,False,0.0,lost_after,169.0,,False,0.0,DETRAC-all,train,train,0.010198405340255734,108.96,107.86,0.3734,0.239,0,-1,-1,vehicle,LLL,0,False
MVI_40204,49,0,305,350,46,False,preserved,221.0,221.0,False,0.7391,preserved,231.0,231.0,False,0.7391,preserved,231.0,231.0,False,0.7391,DETRAC-all,train,train,0.0023760023760022175,202.5,202.02,0.3756,0.2497,0,-1,-1,vehicle,PPP,3,False
MVI_40204,52,0,300,301,2,False,preserved,240.0,240.0,True,1.0,preserved,250.0,250.0,True,1.0,preserved,250.0,250.0,True,1.0,DETRAC-all,train,train,0.0,11.65,11.65,0.1053,0.1036,0,-1,-1,vehicle,PPP,3,False
MVI_40204,63,0,365,403,39,False,switched,350.0,399.0,False,0.5897,switched,360.0,410.0,False,0.5897,switched,360.0,411.0,False,0.5897,DETRAC-all,train,train,0.0010426924636506296,345.62,345.26,0.4433,0.3249,0,-1,-1,vehicle,SSS,0,False
MVI_40204,72,0,489,521,33,False,preserved,494.0,494.0,True,1.0,preserved,505.0,505.0,True,1.0,preserved,504.0,504.0,True,1.0,DETRAC-all,train,train,0.0002778292276348626,216.02,215.96,0.3835,0.2684,0,-1,-1,vehicle,PPP,3,False
MVI_40204,82,0,596,603,8,False,preserved,579.0,579.0,True,1.0,preserved,592.0,592.0,True,1.0,preserved,590.0,590.0,True,1.0,DETRAC-all,train,train,0.0,22.46,22.46,0.1124,0.1082,0,-1,-1,vehicle,PPP,3,False
MVI_40204,96,0,679,760,82,False,switched,690.0,797.0,False,0.7073,switched,707.0,811.0,False,0.7195,switched,703.0,807.0,False,0.7195,DETRAC-all,train,train,0.0052505793742756435,277.61,276.16,0.3418,0.2345,0,-1,-1,vehicle,SSS,0,False
MVI_40204,112,0,737,776,40,False,no_match_before,,,False,0.0,no_match_before,,,False,0.0,no_match_before,,,False,0.0,DETRAC-all,train,train,0.05342977134857674,45.15,42.86,0.3318,0.2225,0,-1,-1,vehicle,NNN,0,False
MVI_40204,115,0,771,841,71,False,preserved,838.0,838.0,False,0.8169,preserved,851.0,851.0,False,0.8169,preserved,847.0,847.0,False,0.8169,DETRAC-all,train,train,0.00218654525849149,334.59,333.86,0.2227,0.157,0,-1,-1,vehicle,PPP,3,False
MVI_40204,115,1,848,851,4,False,lost_after,838.0,,False,0.0,lost_after,851.0,,False,0.0,lost_after,847.0,,False,0.0,DETRAC-all,train,train,0.0,6.08,6.08,0.1143,0.1081,0,-1,-1,vehicle,LLL,0,False
MVI_40204,117,0,863,893,31,False,lost_after,847.0,,False,0.2581,lost_after,860.0,,False,0.2581,lost_after,856.0,,False,0.2581,DETRAC-all,train,train,0.009275271183776246,64.2,63.61,0.4563,0.2578,0,-1,-1,vehicle,LLL,0,False
MVI_40204,120,0,832,893,62,False,lost_after,887.0,,False,0.6452,lost_after,900.0,,False,0.6613,lost_after,895.0,,False,0.6613,DETRAC-all,train,train,0.0037837345003646217,220.19,219.36,0.4734,0.2519,0,-1,-1,vehicle,LLL,0,False
MVI_40204,126,0,904,946,43,False,switched,934.0,1062.0,False,0.5116,switched,948.0,1075.0,False,0.5349,switched,943.0,1070.0,False,0.5349,DETRAC-all,train,train,0.0038106125559684845,105.37,104.97,0.5182,0.3424,0,-1,-1,vehicle,SSS,0,False
MVI_40204,128,0,860,877,18,False,preserved,933.0,933.0,True,1.0,preserved,970.0,970.0,True,1.0,preserved,965.0,965.0,True,1.0,DETRAC-all,train,train,0.0004283572499466093,233.55,233.45,0.1294,0.1157,0,-1,-1,both,PPP,3,False
MVI_40204,145,0,991,1136,146,False,no_match_before,,,False,0.5411,no_match_before,,,False,0.5411,no_match_before,,,False,0.5411,DETRAC-all,train,train,0.0010733278040688798,820.76,819.88,0.5739,0.3899,0,-1,-1,vehicle,NNN,0,False
MVI_40204,153,0,1026,1154,129,False,lost_after,1165.0,,False,0.4729,lost_after,1181.0,,False,0.4496,lost_after,1176.0,,False,0.4651,DETRAC-all,train,train,0.0022096395525479373,580.56,579.28,0.5184,0.3106,0,-1,-1,vehicle,LLL,0,False
MVI_40204,161,1,1119,1185,67,False,lost_after,1223.0,,False,0.1642,lost_after,1238.0,,False,0.1493,lost_after,1234.0,,False,0.1493,DETRAC-all,train,train,0.0058083252662148865,176.63,175.61,0.5313,0.3232,0,-1,-1,vehicle,LLL,0,False
MVI_40211,11,0,88,104,17,False,no_match_before,,,False,0.1176,no_match_before,,,False,0.1176,no_match_before,,,False,0.1176,DETRAC-all,train,train,5.7270488517113805e-05,349.24,349.22,0.2619,0.1611,0,-1,-1,background,NNN,0,False
MVI_40211,14,0,120,123,4,False,preserved,49.0,49.0,True,1.0,preserved,50.0,50.0,True,1.0,preserved,50.0,50.0,True,1.0,DETRAC-all,train,train,0.0012116316639740887,74.37,74.28,0.1155,0.1075,0,-1,-1,vehicle,PPP,3,False
MVI_40211,42,0,386,421,36,False,preserved,154.0,154.0,False,0.4167,switched,157.0,175.0,False,0.4722,switched,157.0,175.0,False,0.4722,DETRAC-all,train,train,0.0001994500876156824,702.07,701.93,0.7496,0.4729,0,-1,-1,vehicle,PSS,1,True
MVI_40211,43,0,402,404,3,False,preserved,154.0,154.0,True,1.0,preserved,157.0,157.0,True,1.0,preserved,157.0,157.0,True,1.0,DETRAC-all,train,train,0.0,54.05,54.05,0.1448,0.1324,0,-1,-1,background,PPP,3,False
MVI_40211,69,0,689,693,5,False,lost_after,252.0,,False,0.6,lost_after,257.0,,False,0.6,lost_after,257.0,,False,0.6,DETRAC-all,train,train,0.000985100357099089,81.29,81.21,0.2223,0.1464,0,-1,-1,background,LLL,0,False
MVI_40211,90,1,925,929,5,False,preserved,319.0,319.0,True,1.0,preserved,324.0,324.0,True,1.0,preserved,324.0,324.0,True,1.0,DETRAC-all,train,train,9.185266832001382e-05,108.88,108.87,0.2837,0.1974,0,-1,-1,vehicle,PPP,3,False
MVI_40211,126,0,1193,1226,34,False,switched,463.0,495.0,False,0.7647,switched,469.0,502.0,False,0.7647,switched,469.0,502.0,False,0.7647,DETRAC-all,train,train,0.00031332138070272464,574.67,574.49,0.4887,0.3138,0,-1,-1,vehicle,SSS,0,False
MVI_40211,127,0,1180,1183,4,False,lost_after,466.0,,False,0.75,lost_after,472.0,,False,0.75,lost_after,472.0,,False,0.75,DETRAC-all,train,train,0.01543624161073831,75.65,74.5,0.1584,0.1314,0,-1,-1,background,LLL,0,False
MVI_40211,130,0,1206,1225,20,False,preserved,488.0,488.0,False,0.9,preserved,495.0,495.0,False,0.85,preserved,495.0,495.0,False,0.85,DETRAC-all,train,train,0.0005452562704471031,623.9,623.56,0.2256,0.1672,0,-1,-1,vehicle,PPP,3,False
MVI_40211,148,0,1356,1386,31,False,lost_after,584.0,,False,0.4516,lost_after,581.0,,False,0.4516,lost_after,584.0,,False,0.4516,DETRAC-all,train,train,2.89201226215674e-05,691.58,691.56,0.6825,0.4376,0,-1,-1,vehicle,LLL,0,False
MVI_40211,151,0,1365,1370,6,False,lost_after,595.0,,False,0.3333,lost_after,592.0,,False,0.3333,lost_after,595.0,,False,0.3333,DETRAC-all,train,train,0.0015042117930204046,133.16,132.96,0.4983,0.3227,0,-1,-1,background,LLL,0,False
MVI_40211,159,0,1471,1474,4,False,switched,628.0,632.0,False,0.0,switched,625.0,629.0,False,0.0,switched,628.0,632.0,False,0.0,DETRAC-all,train,train,0.002605863192182367,76.95,76.75,0.1589,0.1374,0,-1,-1,background,SSS,0,False
MVI_40211,178,0,1636,1664,29,False,switched,728.0,744.0,False,0.4138,switched,723.0,738.0,False,0.4138,switched,726.0,741.0,False,0.4138,DETRAC-all,train,train,0.0003417545151029877,380.52,380.39,0.5217,0.3751,0,-1,-1,vehicle,SSS,0,False
MVI_40211,184,1,1685,1687,3,False,preserved,776.0,776.0,True,1.0,preserved,770.0,770.0,True,1.0,preserved,773.0,773.0,True,1.0,DETRAC-all,train,train,0.0,38.71,38.71,0.1286,0.1184,0,-1,-1,vehicle,PPP,3,False
MVI_40211,195,0,1776,1811,36,False,switched,839.0,834.0,False,0.9722,switched,833.0,828.0,False,0.9722,switched,836.0,831.0,False,0.9722,DETRAC-all,train,train,0.0001916994153168261,626.1,625.98,0.1821,0.1655,0,-1,-1,vehicle,SSS,0,False
MVI_40211,205,0,1912,1919,8,False,lost_after,867.0,,False,0.25,lost_after,861.0,,False,0.25,lost_after,863.0,,False,0.25,DETRAC-all,train,train,0.006447651212772465,131.12,130.28,0.1791,0.1472,0,-1,-1,vehicle,LLL,0,False
MVI_40212,23,0,188,191,4,False,preserved,82.0,82.0,True,1.0,preserved,80.0,80.0,True,1.0,preserved,79.0,79.0,True,1.0,DETRAC-all,train,train,0.0013839959738299878,79.59,79.48,0.1379,0.1273,0,-1,-1,vehicle,PPP,3,False
MVI_40212,38,0,309,333,25,False,no_match_before,,,False,0.2,no_match_before,,,False,0.2,no_match_before,,,False,0.2,DETRAC-all,train,train,0.0037885186168287177,415.98,414.41,0.572,0.4329,0,-1,-1,background,NNN,0,False
MVI_40212,53,0,410,411,2,True,lost_after,222.0,,False,0.5,lost_after,216.0,,False,0.5,lost_after,215.0,,False,0.5,DETRAC-all,train,train,0.0,27.1,27.1,0.9955,0.9495,2,410,411,background,LLL,0,False
MVI_40212,59,0,451,484,34,False,no_match_before,,,False,0.6176,no_match_before,,,False,0.6176,no_match_before,,,False,0.6176,DETRAC-all,train,train,0.0012073807711487916,381.45,380.99,0.7904,0.5091,0,-1,-1,vehicle,NNN,0,False
MVI_40212,71,1,551,594,44,False,switched,323.0,334.0,False,0.6364,switched,318.0,330.0,False,0.6364,switched,315.0,327.0,False,0.6364,DETRAC-all,train,train,0.0006635606381477643,708.77,708.3,0.2181,0.1635,0,-1,-1,vehicle,SSS,0,False
MVI_40212,77,1,610,611,2,False,preserved,367.0,367.0,True,1.0,preserved,362.0,362.0,True,1.0,preserved,359.0,359.0,True,1.0,DETRAC-all,train,train,0.0,15.99,15.99,0.1135,0.1101,0,-1,-1,vehicle,PPP,3,False
MVI_40212,87,0,671,691,21,False,switched,412.0,417.0,False,0.9524,switched,402.0,407.0,False,0.9524,switched,399.0,404.0,False,0.9524,DETRAC-all,train,train,0.00040584415584410394,271.15,271.04,0.4201,0.2614,0,-1,-1,vehicle,SSS,0,False
MVI_40212,92,0,696,725,30,False,switched,412.0,450.0,False,0.5667,no_match_before,,,False,0.5667,no_match_before,,,False,0.5667,DETRAC-all,train,train,0.0005513591001820028,362.94,362.74,0.4665,0.2921,0,-1,-1,vehicle,SNN,0,True
MVI_40212,94,0,743,763,21,False,preserved,449.0,449.0,False,0.9048,preserved,438.0,438.0,False,0.9048,preserved,435.0,435.0,False,0.9048,DETRAC-all,train,train,0.0002030714557683666,394.03,393.95,0.3115,0.2257,0,-1,-1,vehicle,PPP,3,False
MVI_40212,102,0,751,791,41,False,switched,477.0,498.0,False,0.7317,switched,462.0,485.0,False,0.7073,switched,459.0,482.0,False,0.7073,DETRAC-all,train,train,0.0005864242779651807,750.75,750.31,0.7258,0.4893,0,-1,-1,vehicle,SSS,0,False
MVI_40212,105,0,782,804,23,False,preserved,501.0,501.0,False,0.7826,preserved,488.0,488.0,False,0.7826,preserved,485.0,485.0,False,0.7826,DETRAC-all,train,train,0.00014835694681414324,404.49,404.43,0.3266,0.2137,0,-1,-1,background,PPP,3,False
MVI_40212,108,0,799,826,28,False,switched,510.0,537.0,False,0.3571,switched,497.0,524.0,False,0.3571,switched,494.0,521.0,False,0.3571,DETRAC-all,train,train,7.489888650313858e-05,400.57,400.54,0.5993,0.3333,0,-1,-1,vehicle,SSS,0,False
MVI_40212,111,0,807,832,26,False,no_match_before,,,False,0.1538,no_match_before,,,False,0.1538,no_match_before,,,False,0.1538,DETRAC-all,train,train,0.00185980299864541,436.34,435.53,0.592,0.4467,0,-1,-1,background,NNN,0,False
MVI_40212,118,0,904,911,8,False,no_match_before,,,False,0.625,no_match_before,,,False,0.625,no_match_before,,,False,0.625,DETRAC-all,train,train,0.0011271052716324004,310.88,310.53,0.2859,0.2355,0,-1,-1,vehicle,NNN,0,False
MVI_40212,121,0,912,933,22,False,no_match_before,,,False,0.2273,no_match_before,,,False,0.2727,no_match_before,,,False,0.2727,DETRAC-all,train,train,0.0009594095940959058,406.89,406.5,0.3521,0.2449,0,-1,-1,background,NNN,0,False
MVI_40212,135,0,1009,1015,7,False,no_match_before,,,False,0.4286,no_match_before,,,False,0.4286,no_match_before,,,False,0.4286,DETRAC-all,train,train,0.0017411102926403466,149.59,149.33,0.3329,0.2247,0,-1,-1,background,NNN,0,False
MVI_40212,136,0,1011,1056,46,True,switched,617.0,643.0,False,0.1304,switched,604.0,629.0,False,0.1522,switched,601.0,648.0,False,0.1522,DETRAC-all,train,train,0.009755836796878192,755.57,748.27,1.0,0.79,21,1030,1050,vehicle,SSS,0,False
MVI_40212,148,0,1123,1144,22,False,no_match_before,,,False,0.0455,no_match_before,,,False,0.0455,no_match_before,,,False,0.0455,DETRAC-all,train,train,0.000638645126191717,423.04,422.77,0.365,0.2692,0,-1,-1,background,NNN,0,False
MVI_40212,166,0,1267,1275,9,False,no_match_before,,,False,0.8889,no_match_before,,,False,0.6667,no_match_before,,,False,0.7778,DETRAC-all,train,train,0.0041720350941774065,163.67,162.99,0.427,0.2356,0,-1,-1,background,NNN,0,False
MVI_40212,172,0,1340,1364,25,False,preserved,786.0,786.0,False,0.8,preserved,772.0,772.0,False,0.76,preserved,771.0,771.0,False,0.76,DETRAC-all,train,train,0.0022190558501320456,429.06,428.11,0.2944,0.1934,0,-1,-1,background,PPP,3,False
MVI_40212,179,0,1421,1441,21,False,switched,807.0,820.0,False,0.1429,switched,793.0,806.0,False,0.1429,switched,792.0,805.0,False,0.1429,DETRAC-all,train,train,0.0002680965147452419,261.17,261.1,0.4121,0.3001,0,-1,-1,vehicle,SSS,0,False
MVI_40212,194,0,1548,1571,24,False,no_match_before,,,False,0.875,no_match_before,,,False,0.875,no_match_before,,,False,0.875,DETRAC-all,train,train,0.00016875399283988735,829.75,829.61,0.2138,0.1729,0,-1,-1,vehicle,NNN,0,False
MVI_40212,204,0,1631,1660,30,False,preserved,922.0,922.0,False,0.6,preserved,908.0,908.0,False,0.6,preserved,907.0,907.0,False,0.6,DETRAC-all,train,train,0.00025244025580617446,356.61,356.52,0.4726,0.2894,0,-1,-1,vehicle,PPP,3,False
MVI_40212,210,0,1676,1682,7,False,switched,944.0,949.0,False,0.0,switched,931.0,965.0,False,0.0,switched,930.0,964.0,False,0.0,DETRAC-all,train,train,0.0001902768528208032,105.13,105.11,0.2779,0.1847,0,-1,-1,vehicle,SSS,0,False
MVI_40213,5,0,10,12,3,False,preserved,13.0,13.0,False,0.6667,preserved,7.0,7.0,False,0.6667,preserved,7.0,7.0,False,0.6667,DETRAC-all,train,train,0.0,51.48,51.48,0.1262,0.113,0,-1,-1,vehicle,PPP,3,False
MVI_40213,11,0,51,71,21,False,switched,29.0,61.0,False,0.5238,switched,26.0,58.0,False,0.5238,switched,26.0,58.0,False,0.5238,DETRAC-all,train,train,0.0005076464242654843,315.34,315.18,0.3554,0.2903,0,-1,-1,vehicle,SSS,0,False
MVI_40213,12,0,46,72,27,False,no_match_before,,,False,0.2222,no_match_before,,,False,0.2222,no_match_before,,,False,0.2222,DETRAC-all,train,train,0.0001692906720840437,531.72,531.63,0.5843,0.383,0,-1,-1,vehicle,NNN,0,False
MVI_40213,15,0,71,91,21,False,no_match_before,,,False,0.2381,no_match_before,,,False,0.2857,no_match_before,,,False,0.2857,DETRAC-all,train,train,0.00020897913691619863,287.17,287.11,0.4399,0.3226,0,-1,-1,vehicle,NNN,0,False
MVI_40213,56,0,387,416,30,False,switched,214.0,255.0,False,0.0667,switched,216.0,258.0,False,0.0667,switched,216.0,257.0,False,0.0667,DETRAC-all,train,train,0.0012327879813620601,479.18,478.59,0.6687,0.4292,0,-1,-1,vehicle,SSS,0,False
MVI_40213,57,1,399,405,7,False,preserved,220.0,220.0,True,1.0,preserved,222.0,222.0,True,1.0,preserved,222.0,222.0,True,1.0,DETRAC-all,train,train,7.518796992478372e-05,133.01,133.0,0.1181,0.1083,0,-1,-1,vehicle,PPP,3,False
MVI_40213,69,0,483,485,3,False,no_match_before,,,False,0.0,no_match_before,,,False,0.0,no_match_before,,,False,0.0,DETRAC-all,train,train,0.0,25.14,25.14,0.1382,0.1233,0,-1,-1,background,NNN,0,False
MVI_40213,69,1,491,495,5,False,no_match_before,,,False,0.0,no_match_before,,,False,0.0,no_match_before,,,False,0.0,DETRAC-all,train,train,0.0,74.42,74.42,0.2457,0.1946,0,-1,-1,background,NNN,0,False
MVI_40213,80,0,570,601,32,False,preserved,341.0,341.0,False,0.5938,preserved,341.0,341.0,False,0.5938,preserved,340.0,340.0,False,0.5938,DETRAC-all,train,train,0.000278364146697907,431.21,431.09,0.7529,0.4452,0,-1,-1,vehicle,PPP,3,False
MVI_40213,83,0,570,592,23,False,preserved,345.0,345.0,False,0.7826,preserved,345.0,345.0,False,0.7826,preserved,344.0,344.0,False,0.7826,DETRAC-all,train,train,0.00011919803561633024,419.52,419.47,0.3268,0.2301,0,-1,-1,background,PPP,3,False
MVI_40213,85,0,591,631,41,False,switched,358.0,373.0,False,0.561,switched,358.0,404.0,False,0.5366,switched,357.0,403.0,False,0.5366,DETRAC-all,train,train,9.777656100284915e-05,511.42,511.37,0.7588,0.4668,0,-1,-1,vehicle,SSS,0,False
MVI_40213,87,0,596,636,41,False,switched,369.0,423.0,False,0.5122,switched,369.0,421.0,False,0.5122,switched,368.0,420.0,False,0.5122,DETRAC-all,train,train,0.0003071685459408169,781.57,781.33,0.4668,0.3369,0,-1,-1,vehicle,SSS,0,False
MVI_40213,97,0,677,686,10,False,preserved,444.0,444.0,True,1.0,preserved,442.0,442.0,True,1.0,preserved,441.0,441.0,True,1.0,DETRAC-all,train,train,0.0008076321235677142,198.27,198.11,0.2442,0.2137,0,-1,-1,vehicle,PPP,3,False
MVI_40213,98,0,666,704,39,False,switched,447.0,469.0,False,0.4359,switched,445.0,466.0,False,0.4359,switched,444.0,465.0,False,0.4359,DETRAC-all,train,train,0.0003115049148552096,578.02,577.84,0.6965,0.4289,0,-1,-1,vehicle,SSS,0,False
MVI_40213,103,0,716,725,10,False,no_match_before,,,False,0.4,no_match_before,,,False,0.4,no_match_before,,,False,0.4,DETRAC-all,train,train,0.0001815376236724564,110.19,110.17,0.3699,0.197,0,-1,-1,vehicle,NNN,0,False
MVI_40213,111,0,776,806,31,True,preserved,515.0,515.0,False,0.6129,preserved,513.0,513.0,False,0.6129,preserved,512.0,512.0,False,0.6129,DETRAC-all,train,train,0.0007292573337411845,425.4,425.09,0.9149,0.6796,2,795,796,vehicle,PPP,3,False
MVI_40213,198,1,1535,1538,4,False,preserved,866.0,866.0,True,1.0,preserved,864.0,864.0,True,1.0,preserved,861.0,861.0,True,1.0,DETRAC-all,train,train,0.00012960082944535323,77.17,77.16,0.1205,0.1103,0,-1,-1,vehicle,PPP,3,False
MVI_40213,218,0,1666,1711,46,False,switched,935.0,959.0,False,0.5,switched,931.0,955.0,False,0.5,switched,928.0,952.0,False,0.5,DETRAC-all,train,train,0.0003764557300205418,823.78,823.47,0.4994,0.3564,0,-1,-1,vehicle,SSS,0,False
MVI_40241,33,0,144,178,35,False,preserved,162.0,162.0,True,1.0,preserved,163.0,163.0,True,1.0,preserved,163.0,163.0,True,1.0,DETRAC-all,train,train,0.0002904925924389623,241.04,240.97,0.4705,0.3141,0,-1,-1,vehicle,PPP,3,False
MVI_40241,35,0,167,206,40,False,no_match_before,,,False,0.65,no_match_before,,,False,0.65,no_match_before,,,False,0.65,DETRAC-all,train,train,0.0005890799307830541,271.77,271.61,0.5281,0.3187,0,-1,-1,vehicle,NNN,0,False
MVI_40241,37,0,198,217,20,False,lost_after,199.0,,False,1.0,lost_after,197.0,,False,1.0,lost_after,197.0,,False,1.0,DETRAC-all,train,train,0.0012603528988117674,111.22,111.08,0.2484,0.2189,0,-1,-1,vehicle,LLL,0,False
MVI_40241,59,0,401,431,31,False,lost_after,368.0,,False,0.5161,lost_after,369.0,,False,0.5161,lost_after,369.0,,False,0.5161,DETRAC-all,train,train,0.0019121741755847577,298.66,298.09,0.8456,0.5082,0,-1,-1,vehicle,LLL,0,False
MVI_40241,129,0,928,945,18,False,preserved,766.0,766.0,True,1.0,preserved,765.0,765.0,True,1.0,preserved,770.0,770.0,True,1.0,DETRAC-all,train,train,0.00021367521367521292,140.43,140.4,0.4487,0.3253,0,-1,-1,vehicle,PPP,3,False
MVI_40241,133,0,967,991,25,False,lost_after,780.0,,False,0.72,lost_after,779.0,,False,0.72,lost_after,784.0,,False,0.72,DETRAC-all,train,train,0.0009650105839871248,321.55,321.24,0.8081,0.5083,0,-1,-1,vehicle,LLL,0,False
MVI_40241,189,0,1288,1327,40,False,preserved,1230.0,1230.0,True,1.0,preserved,1209.0,1209.0,True,1.0,switched,1214.0,1245.0,False,1.0,DETRAC-all,train,train,0.0002786524368156851,358.97,358.87,0.4836,0.3202,0,-1,-1,vehicle,PPS,2,True
MVI_40241,193,1,1305,1355,51,False,no_match_before,,,False,0.8039,no_match_before,,,False,0.8039,no_match_before,,,False,0.8039,DETRAC-all,train,train,0.0013122900335946763,572.27,571.52,0.362,0.226,0,-1,-1,vehicle,NNN,0,False
MVI_40241,197,0,1333,1375,43,False,no_match_before,,,False,0.7442,no_match_before,,,False,0.7442,no_match_before,,,False,0.7442,DETRAC-all,train,train,0.00035341933203736353,226.44,226.36,0.5454,0.3338,0,-1,-1,vehicle,NNN,0,False
MVI_40241,216,1,1495,1526,32,False,preserved,1383.0,1383.0,True,1.0,preserved,1357.0,1357.0,True,1.0,preserved,1360.0,1360.0,True,1.0,DETRAC-all,train,train,0.000604960677555777,396.96,396.72,0.2897,0.1913,0,-1,-1,background,PPP,3,False
MVI_40241,220,0,1519,1554,36,False,preserved,1425.0,1425.0,False,0.7222,preserved,1398.0,1398.0,False,0.7222,preserved,1402.0,1402.0,False,0.7222,DETRAC-all,train,train,0.0009984116178807234,220.57,220.35,0.5284,0.3382,0,-1,-1,vehicle,PPP,3,False
MVI_40241,223,0,1528,1540,13,False,no_match_before,,,False,0.1538,no_match_before,,,False,0.4615,no_match_before,,,False,0.4615,DETRAC-all,train,train,0.004532863258625008,39.89,39.71,0.1803,0.1446,0,-1,-1,background,NNN,0,False
MVI_40241,223,1,1544,1595,52,False,preserved,1442.0,1442.0,False,0.9615,preserved,1406.0,1406.0,False,0.9615,preserved,1410.0,1410.0,False,0.9615,DETRAC-all,train,train,0.00036247205944550664,496.77,496.59,0.3923,0.251,0,-1,-1,background,PPP,3,False
MVI_40241,228,0,1574,1587,14,False,no_match_before,,,False,0.3571,no_match_before,,,False,0.3571,no_match_before,,,False,0.3571,DETRAC-all,train,train,0.0008731717965508867,45.85,45.81,0.1597,0.1181,0,-1,-1,background,NNN,0,False
MVI_40241,228,1,1593,1639,47,False,preserved,1476.0,1476.0,True,1.0,preserved,1442.0,1442.0,True,1.0,preserved,1446.0,1446.0,True,1.0,DETRAC-all,train,train,0.0005620667402210788,480.64,480.37,0.4727,0.2654,0,-1,-1,background,PPP,3,False
MVI_40241,235,0,1637,1638,2,False,preserved,1502.0,1502.0,True,1.0,preserved,1468.0,1468.0,True,1.0,preserved,1472.0,1472.0,True,1.0,DETRAC-all,train,train,0.0,5.51,5.51,0.1052,0.1031,0,-1,-1,background,PPP,3,False
MVI_40241,235,1,1644,1678,35,False,preserved,1502.0,1502.0,True,1.0,preserved,1468.0,1468.0,True,1.0,preserved,1472.0,1472.0,True,1.0,DETRAC-all,train,train,0.000314396962441732,413.62,413.49,0.3261,0.2061,0,-1,-1,background,PPP,3,False
MVI_40241,243,0,1671,1701,31,True,preserved,1567.0,1567.0,True,1.0,preserved,1531.0,1531.0,True,1.0,preserved,1535.0,1535.0,True,1.0,DETRAC-all,train,train,3.9635354736278217e-05,252.31,252.3,1.0,0.6758,6,1685,1690,vehicle,PPP,3,False
MVI_40241,254,1,1760,1799,40,False,preserved,1666.0,1666.0,True,1.0,preserved,1630.0,1630.0,True,1.0,preserved,1635.0,1635.0,True,1.0,DETRAC-all,train,train,0.00034270830953420095,437.84,437.69,0.2798,0.175,0,-1,-1,background,PPP,3,False
MVI_40241,272,1,1849,1852,4,False,preserved,1770.0,1770.0,True,1.0,preserved,1732.0,1732.0,True,1.0,preserved,1737.0,1737.0,True,1.0,DETRAC-all,train,train,0.0008058017727639033,12.42,12.41,0.1188,0.1075,0,-1,-1,vehicle,PPP,3,False
MVI_40241,324,0,2215,2218,4,False,no_match_before,,,False,0.0,no_match_before,,,False,0.0,no_match_before,,,False,0.0,DETRAC-all,train,train,0.0012135922330096527,8.25,8.24,0.1414,0.1188,0,-1,-1,background,NNN,0,False
MVI_40241,324,1,2245,2247,3,False,preserved,2068.0,2068.0,True,1.0,preserved,2025.0,2025.0,True,1.0,preserved,2027.0,2027.0,True,1.0,DETRAC-all,train,train,0.001913875598086312,10.47,10.45,0.108,0.1054,0,-1,-1,background,PPP,3,False
MVI_40241,324,2,2260,2287,28,False,lost_after,2068.0,,False,0.5357,lost_after,2025.0,,False,0.5,lost_after,2027.0,,False,0.5,DETRAC-all,train,train,0.0009310222076179819,365.53,365.19,0.2514,0.1531,0,-1,-1,background,LLL,0,False
MVI_40241,325,0,2255,2291,37,False,switched,2054.0,2068.0,False,0.8919,preserved,2011.0,2011.0,False,0.8919,preserved,2013.0,2013.0,False,0.8919,DETRAC-all,train,train,0.00013357911891209717,374.36,374.31,0.6201,0.442,0,-1,-1,vehicle,SPP,2,True
MVI_40241,335,0,2288,2299,12,False,no_match_before,,,False,0.0,no_match_before,,,False,0.0,no_match_before,,,False,0.0,DETRAC-all,train,train,0.012331838565022402,27.09,26.76,0.2101,0.1452,0,-1,-1,background,NNN,0,False
MVI_40243,8,1,33,75,43,False,preserved,23.0,23.0,True,1.0,preserved,22.0,22.0,True,1.0,preserved,22.0,22.0,True,1.0,DETRAC-all,train,train,0.00032315050196030093,464.33,464.18,0.4432,0.2917,0,-1,-1,background,PPP,3,False
MVI_40243,14,0,49,106,58,False,no_match_before,,,False,0.8966,no_match_before,,,False,0.8966,no_match_before,,,False,0.8966,DETRAC-all,train,train,0.00045094134004730613,532.46,532.22,0.4099,0.2158,0,-1,-1,background,NNN,0,False
MVI_40243,15,0,52,100,49,False,switched,46.0,91.0,False,0.7959,switched,38.0,87.0,False,0.7959,switched,38.0,87.0,False,0.7959,DETRAC-all,train,train,0.0003785871128947349,396.36,396.21,0.5872,0.3475,0,-1,-1,vehicle,SSS,0,False
MVI_40243,17,1,73,77,5,False,no_match_before,,,False,1.0,no_match_before,,,False,1.0,no_match_before,,,False,1.0,DETRAC-all,train,train,0.0009153318077803618,21.87,21.85,0.1421,0.1217,0,-1,-1,vehicle,NNN,0,False
MVI_40243,18,0,90,98,9,False,preserved,78.0,78.0,True,1.0,preserved,74.0,74.0,True,1.0,preserved,74.0,74.0,True,1.0,DETRAC-all,train,train,0.001322168356103992,45.44,45.38,0.1191,0.1058,0,-1,-1,background,PPP,3,False
MVI_40243,18,1,103,133,31,False,preserved,78.0,78.0,True,1.0,preserved,74.0,74.0,True,1.0,preserved,74.0,74.0,True,1.0,DETRAC-all,train,train,0.00010485202757593015,381.53,381.49,0.3348,0.2082,0,-1,-1,background,PPP,3,False
MVI_40243,31,1,178,222,45,False,preserved,158.0,158.0,False,0.9778,preserved,156.0,156.0,False,0.9778,preserved,156.0,156.0,False,0.9778,DETRAC-all,train,train,0.0006024346669990521,481.67,481.38,0.4188,0.2433,0,-1,-1,background,PPP,3,False
MVI_40243,42,0,267,272,6,False,preserved,209.0,209.0,True,1.0,preserved,207.0,207.0,True,1.0,preserved,207.0,207.0,True,1.0,DETRAC-all,train,train,0.0,21.61,21.61,0.1353,0.1138,0,-1,-1,background,PPP,3,False
MVI_40243,42,1,278,320,43,False,preserved,209.0,209.0,False,0.8837,preserved,207.0,207.0,False,0.8837,preserved,207.0,207.0,False,0.8837,DETRAC-all,train,train,0.0005402485143166658,463.0,462.75,0.4403,0.2403,0,-1,-1,background,PPP,3,False
MVI_40243,51,0,366,386,21,False,preserved,262.0,262.0,True,1.0,preserved,260.0,260.0,True,1.0,preserved,260.0,260.0,True,1.0,DETRAC-all,train,train,0.0005142798368018564,291.82,291.67,0.21,0.1528,0,-1,-1,background,PPP,3,False
MVI_40243,53,0,339,351,13,False,preserved,232.0,232.0,True,1.0,preserved,230.0,230.0,True,1.0,preserved,230.0,230.0,True,1.0,DETRAC-all,train,train,0.00048318515655187966,207.06,206.96,0.199,0.1396,0,-1,-1,background,PPP,3,False
MVI_40243,85,0,601,638,38,False,switched,445.0,478.0,False,0.6053,switched,439.0,473.0,False,0.6053,switched,439.0,473.0,False,0.6053,DETRAC-all,train,train,0.0004600450844183257,217.47,217.37,0.7369,0.4723,0,-1,-1,vehicle,SSS,0,False
MVI_40243,100,0,697,708,12,False,no_match_before,,,False,0.5833,no_match_before,,,False,0.5833,no_match_before,,,False,0.5833,DETRAC-all,train,train,0.0004022526146421068,49.74,49.72,0.14,0.1224,0,-1,-1,background,NNN,0,False
MVI_40243,100,1,712,748,37,False,preserved,513.0,513.0,False,0.9189,preserved,508.0,508.0,False,0.9189,preserved,510.0,510.0,False,0.9189,DETRAC-all,train,train,0.0005798844526534452,465.88,465.61,0.4323,0.256,0,-1,-1,background,PPP,3,False
MVI_40243,102,0,748,771,24,False,preserved,523.0,523.0,True,1.0,preserved,518.0,518.0,True,1.0,preserved,520.0,520.0,True,1.0,DETRAC-all,train,train,0.00023008340523444915,347.78,347.7,0.2762,0.167,0,-1,-1,background,PPP,3,False
MVI_40243,142,0,1061,1111,51,False,switched,754.0,820.0,False,0.7255,switched,744.0,809.0,False,0.7255,switched,746.0,811.0,False,0.7255,DETRAC-all,train,train,0.0005264543300869118,494.13,493.87,0.7034,0.4299,0,-1,-1,vehicle,SSS,0,False
MVI_40243,143,0,1101,1105,5,False,lost_after,759.0,,False,0.2,lost_after,749.0,,False,0.2,lost_after,751.0,,False,0.2,DETRAC-all,train,train,0.0,94.36,94.36,0.1557,0.1313,0,-1,-1,background,LLL,0,False
MVI_40243,150,0,1149,1175,27,False,switched,782.0,858.0,False,0.6667,switched,772.0,844.0,False,0.6667,switched,774.0,847.0,False,0.6667,DETRAC-all,train,train,0.014101057579318343,51.78,51.06,0.3558,0.2399,0,-1,-1,vehicle,SSS,0,False
MVI_40243,154,0,1169,1181,13,False,preserved,826.0,826.0,False,0.8462,preserved,815.0,815.0,False,0.8462,preserved,817.0,817.0,False,0.8462,DETRAC-all,train,train,8.756184055003224e-05,228.43,228.41,0.2707,0.19,0,-1,-1,background,PPP,3,False
MVI_40243,155,0,1129,1147,19,False,preserved,825.0,825.0,True,1.0,preserved,814.0,814.0,True,1.0,preserved,816.0,816.0,True,1.0,DETRAC-all,train,train,0.0010233668770254223,58.69,58.63,0.387,0.2959,0,-1,-1,vehicle,PPP,3,False
MVI_40243,157,0,1198,1213,16,False,preserved,842.0,842.0,True,1.0,preserved,829.0,829.0,True,1.0,preserved,831.0,831.0,True,1.0,DETRAC-all,train,train,0.00016167495250796193,247.45,247.41,0.2564,0.1702,0,-1,-1,background,PPP,3,False
MVI_40243,160,0,1187,1238,52,False,no_match_before,,,False,0.0,no_match_before,,,False,0.0,no_match_before,,,False,0.0,DETRAC-all,train,train,0.0005774894608172598,519.79,519.49,0.4699,0.2635,0,-1,-1,background,NNN,0,False
MVI_40243,162,0,1187,1208,22,False,no_match_before,,,False,0.2727,no_match_before,,,False,0.2727,no_match_before,,,False,0.2727,DETRAC-all,train,train,0.0012521343198634849,87.96,87.85,0.1246,0.1148,0,-1,-1,vehicle,NNN,0,False
MVI_40243,167,0,1229,1231,3,False,no_match_before,,,False,0.6667,no_match_before,,,False,0.6667,no_match_before,,,False,0.6667,DETRAC-all,train,train,0.0,8.12,8.12,0.1109,0.1102,0,-1,-1,background,NNN,0,False
MVI_40243,167,1,1238,1240,3,False,preserved,899.0,899.0,True,1.0,preserved,885.0,885.0,True,1.0,preserved,888.0,888.0,True,1.0,DETRAC-all,train,train,0.0,10.9,10.9,0.1297,0.1175,0,-1,-1,background,PPP,3,False
MVI_40244,11,0,68,91,24,False,switched,29.0,50.0,False,0.4583,switched,24.0,51.0,False,0.4583,switched,24.0,51.0,False,0.4583,DETRAC-all,train,train,0.00019320471419503882,362.38,362.31,0.3102,0.1949,0,-1,-1,background,SSS,0,False
MVI_40244,12,0,55,91,37,False,preserved,22.0,22.0,True,1.0,preserved,21.0,21.0,True,1.0,preserved,21.0,21.0,True,1.0,DETRAC-all,train,train,0.0004321894718646302,347.22,347.07,0.4335,0.2809,0,-1,-1,vehicle,PPP,3,False
MVI_40244,14,0,80,112,33,False,preserved,33.0,33.0,True,1.0,preserved,34.0,34.0,True,1.0,preserved,34.0,34.0,True,1.0,DETRAC-all,train,train,0.00045096363808982964,421.51,421.32,0.3989,0.2233,0,-1,-1,background,PPP,3,False
MVI_40244,23,0,112,157,46,False,no_match_before,,,False,0.9565,no_match_before,,,False,0.9565,no_match_before,,,False,0.9565,DETRAC-all,train,train,0.0003254413798714495,491.8,491.64,0.4128,0.2192,0,-1,-1,background,NNN,0,False
MVI_40244,29,0,171,172,2,False,preserved,142.0,142.0,True,1.0,preserved,142.0,142.0,True,1.0,preserved,142.0,142.0,True,1.0,DETRAC-all,train,train,0.0,6.6,6.6,0.1135,0.1119,0,-1,-1,background,PPP,3,False
MVI_40244,29,1,178,208,31,False,preserved,142.0,142.0,False,0.8387,preserved,142.0,142.0,False,0.8387,preserved,142.0,142.0,False,0.8387,DETRAC-all,train,train,0.0004060913705583591,394.16,394.0,0.3403,0.1941,0,-1,-1,background,PPP,3,False
MVI_40244,38,0,223,238,16,False,no_match_before,,,False,0.75,no_match_before,,,False,0.8125,no_match_before,,,False,0.8125,DETRAC-all,train,train,0.0010666034605357755,84.47,84.38,0.2119,0.1398,0,-1,-1,background,NNN,0,False
MVI_40244,38,1,242,269,28,False,preserved,182.0,182.0,False,0.9286,preserved,174.0,174.0,False,0.9286,preserved,174.0,174.0,False,0.9286,DETRAC-all,train,train,0.0003554743042861741,393.98,393.84,0.4819,0.2788,0,-1,-1,background,PPP,3,False
MVI_40244,42,0,249,274,26,False,preserved,199.0,199.0,False,0.8846,preserved,193.0,193.0,False,0.8846,preserved,193.0,193.0,False,0.8846,DETRAC-all,train,train,0.00011922266820341143,251.66,251.63,0.3903,0.281,0,-1,-1,vehicle,PPP,3,False
MVI_40244,85,0,633,634,2,False,no_match_before,,,False,0.0,no_match_before,,,False,0.0,no_match_before,,,False,0.0,DETRAC-all,train,train,,4.36,4.36,0.1143,0.1114,0,-1,-1,background,NNN,0,False
MVI_40244,85,1,644,683,40,False,preserved,355.0,355.0,True,1.0,preserved,343.0,343.0,True,1.0,preserved,343.0,343.0,True,1.0,DETRAC-all,train,train,0.0006673411835618204,464.84,464.53,0.408,0.2181,0,-1,-1,background,PPP,3,False
MVI_40244,99,0,757,790,34,False,preserved,429.0,429.0,False,0.8529,preserved,412.0,412.0,False,0.8529,preserved,412.0,412.0,False,0.8529,DETRAC-all,train,train,0.0007714817770683169,376.19,375.9,0.3369,0.2747,0,-1,-1,vehicle,PPP,3,False
MVI_40244,143,0,1190,1208,19,False,preserved,661.0,661.0,False,0.9474,preserved,642.0,642.0,False,0.9474,preserved,639.0,639.0,False,0.9474,DETRAC-all,train,train,0.00015769885826033558,317.11,317.06,0.3492,0.2103,0,-1,-1,background,PPP,3,False
MVI_40732,2,0,106,149,44,False,preserved,7.0,7.0,True,1.0,preserved,7.0,7.0,True,1.0,preserved,7.0,7.0,True,1.0,DETRAC-all,train,train,,9.41,0.0,0.6549,0.4289,0,-1,-1,vehicle,PPP,3,False
MVI_40732,2,1,205,219,15,False,preserved,7.0,7.0,True,1.0,preserved,7.0,7.0,True,1.0,preserved,7.0,7.0,True,1.0,DETRAC-all,train,train,,5.29,2.78,0.2004,0.1587,0,-1,-1,vehicle,PPP,3,False
MVI_40732,2,2,916,958,43,True,switched,7.0,616.0,False,0.186,switched,7.0,621.0,False,0.186,switched,7.0,620.0,False,0.186,DETRAC-all,train,train,,1.51,1.5,0.992,0.654,14,929,942,vehicle,SSS,0,False
MVI_40732,2,3,1544,1559,16,False,preserved,693.0,693.0,False,0.9375,preserved,698.0,698.0,False,0.9375,preserved,697.0,697.0,False,0.9375,DETRAC-all,train,train,,0.34,0.34,0.1951,0.1625,0,-1,-1,vehicle,PPP,3,False
MVI_40732,2,4,1577,1596,20,False,preserved,693.0,693.0,False,0.95,preserved,698.0,698.0,False,0.95,preserved,697.0,697.0,False,0.95,DETRAC-all,train,train,,0.44,0.43,0.4251,0.2983,0,-1,-1,vehicle,PPP,3,False
MVI_40732,2,5,1679,1716,38,True,switched,693.0,954.0,False,0.2895,switched,698.0,957.0,False,0.2895,switched,697.0,956.0,False,0.2895,DETRAC-all,train,train,,0.29,0.28,1.0,0.6657,12,1692,1703,vehicle,SSS,0,False
MVI_40732,2,6,1879,1890,12,False,preserved,954.0,954.0,True,1.0,preserved,957.0,957.0,True,1.0,preserved,956.0,956.0,True,1.0,DETRAC-all,train,train,,0.75,0.75,0.2126,0.1561,0,-1,-1,vehicle,PPP,3,False
MVI_40732,5,1,34,42,9,False,preserved,5.0,5.0,True,1.0,preserved,5.0,5.0,True,1.0,preserved,5.0,5.0,True,1.0,DETRAC-all,train,train,0.03174603174603163,9.1,8.82,0.1277,0.1191,0,-1,-1,background,PPP,3,False
MVI_40732,10,0,26,76,51,False,lost_after,14.0,,False,0.8235,lost_after,14.0,,False,0.8235,lost_after,14.0,,False,0.8235,DETRAC-all,train,train,0.0047151777749459,315.36,313.88,0.7554,0.3274,0,-1,-1,vehicle,LLL,0,False
MVI_40732,11,1,95,120,26,False,lost_after,15.0,,False,0.8846,lost_after,15.0,,False,0.8846,lost_after,15.0,,False,0.8846,DETRAC-all,train,train,0.03659953524399695,53.53,51.64,0.2808,0.1987,0,-1,-1,vehicle,LLL,0,False
MVI_40732,14,0,34,106,73,True,lost_after,30.0,,False,0.726,lost_after,30.0,,False,0.726,lost_after,30.0,,False,0.726,DETRAC-all,train,train,0.007365513613047492,612.72,608.24,1.0,0.892,59,45,106,vehicle,LLL,0,False
MVI_40732,15,0,53,131,79,False,preserved,36.0,36.0,False,0.8228,preserved,36.0,36.0,False,0.8228,preserved,36.0,36.0,False,0.8228,DETRAC-all,train,train,0.004358353510895974,601.46,598.85,0.7261,0.4973,0,-1,-1,vehicle,PPP,3,False
MVI_40732,16,1,122,123,2,False,preserved,47.0,47.0,True,1.0,preserved,48.0,48.0,True,1.0,preserved,48.0,48.0,True,1.0,DETRAC-all,train,train,,3.18,3.18,0.1027,0.1015,0,-1,-1,background,PPP,3,False
MVI_40732,20,0,213,216,4,False,preserved,148.0,148.0,True,1.0,preserved,153.0,153.0,True,1.0,preserved,153.0,153.0,True,1.0,DETRAC-all,train,train,0.0,16.9,16.9,0.1063,0.1044,0,-1,-1,vehicle,PPP,3,False
MVI_40732,23,0,256,258,3,False,preserved,173.0,173.0,True,1.0,preserved,178.0,178.0,True,1.0,preserved,178.0,178.0,True,1.0,DETRAC-all,train,train,0.0,10.19,10.19,0.1148,0.1081,0,-1,-1,vehicle,PPP,3,False
MVI_40732,40,0,635,647,13,False,preserved,408.0,408.0,True,1.0,preserved,411.0,411.0,True,1.0,preserved,411.0,411.0,True,1.0,DETRAC-all,train,train,0.0020065211938802285,39.95,39.87,0.2091,0.1509,0,-1,-1,background,PPP,3,False
MVI_40732,50,0,1036,1221,186,False,preserved,645.0,645.0,True,1.0,preserved,650.0,650.0,True,1.0,preserved,649.0,649.0,True,1.0,DETRAC-all,train,train,0.005301899418335365,781.2,777.08,0.5817,0.2931,0,-1,-1,background,PPP,3,False
MVI_40732,57,0,1534,1577,44,False,preserved,740.0,740.0,True,1.0,preserved,746.0,746.0,True,1.0,preserved,745.0,745.0,True,1.0,DETRAC-all,train,train,0.009430697352483142,350.01,346.74,0.1948,0.1594,0,-1,-1,background,PPP,3,False
MVI_40732,62,0,1719,1723,5,False,no_match_before,,,False,0.4,no_match_before,,,False,0.4,no_match_before,,,False,0.4,DETRAC-all,train,train,0.03652300949598253,14.19,13.69,0.2103,0.1437,0,-1,-1,background,NNN,0,False
MVI_40732,64,0,1785,1823,39,False,preserved,985.0,985.0,False,0.8462,preserved,989.0,989.0,False,0.8462,preserved,988.0,988.0,False,0.8462,DETRAC-all,train,train,0.002608695652173809,184.48,184.0,0.2861,0.2029,0,-1,-1,vehicle,PPP,3,False
MVI_40732,65,1,1814,1868,55,False,preserved,1034.0,1034.0,False,0.9273,preserved,1039.0,1039.0,False,0.9273,preserved,1038.0,1038.0,False,0.9273,DETRAC-all,train,train,0.0038455754398778463,467.26,465.47,0.2938,0.2082,0,-1,-1,background,PPP,3,False
MVI_40732,68,0,1954,1965,12,False,preserved,1148.0,1148.0,True,1.0,preserved,1153.0,1153.0,True,1.0,preserved,1152.0,1152.0,True,1.0,DETRAC-all,train,train,0.007656211410224545,40.8,40.49,0.3155,0.2445,0,-1,-1,background,PPP,3,False
MVI_40732,68,1,1969,1988,20,False,preserved,1148.0,1148.0,True,1.0,preserved,1153.0,1153.0,True,1.0,preserved,1152.0,1152.0,True,1.0,DETRAC-all,train,train,0.002668659265584905,93.93,93.68,0.1644,0.1368,0,-1,-1,background,PPP,3,False
MVI_40732,68,2,1994,2006,13,False,preserved,1148.0,1148.0,True,1.0,preserved,1153.0,1153.0,True,1.0,preserved,1152.0,1152.0,True,1.0,DETRAC-all,train,train,0.001506213129157885,79.79,79.67,0.173,0.1279,0,-1,-1,background,PPP,3,False
MVI_40751,2,0,10,81,72,True,switched,1.0,28.0,False,0.0833,switched,1.0,28.0,False,0.0833,switched,1.0,28.0,False,0.0833,DETRAC-all,train,train,2.3641114982578393,19.31,5.74,1.0,0.8217,47,21,67,vehicle,SSS,0,False
MVI_40751,2,1,514,688,175,False,switched,28.0,362.0,False,0.6514,switched,28.0,372.0,False,0.6514,switched,28.0,372.0,False,0.6514,DETRAC-all,train,train,2.9240654205607477,33.59,8.56,0.8746,0.3755,0,-1,-1,vehicle,SSS,0,False
MVI_40751,2,2,694,702,9,False,preserved,362.0,362.0,True,1.0,preserved,372.0,372.0,True,1.0,preserved,372.0,372.0,True,1.0,DETRAC-all,train,train,,0.0,0.0,0.1171,0.1121,0,-1,-1,vehicle,PPP,3,False
MVI_40751,2,3,709,714,6,False,preserved,362.0,362.0,True,1.0,preserved,372.0,372.0,True,1.0,preserved,372.0,372.0,True,1.0,DETRAC-all,train,train,,0.0,0.0,0.1602,0.1312,0,-1,-1,vehicle,PPP,3,False
MVI_40751,2,4,735,1144,410,False,preserved,362.0,362.0,True,1.0,preserved,372.0,372.0,True,1.0,preserved,372.0,372.0,True,1.0,DETRAC-all,train,train,8.095541401273886,71.4,7.85,0.2879,0.1973,0,-1,-1,vehicle,PPP,3,False
MVI_40751,4,0,43,88,46,False,preserved,2.0,2.0,True,1.0,preserved,2.0,2.0,True,1.0,preserved,2.0,2.0,True,1.0,DETRAC-all,train,train,0.02180064308681673,158.89,155.5,0.2894,0.205,0,-1,-1,background,PPP,3,False
MVI_40751,7,1,147,160,14,False,preserved,64.0,64.0,True,1.0,preserved,65.0,65.0,True,1.0,preserved,65.0,65.0,True,1.0,DETRAC-all,train,train,0.003305364861428961,39.46,39.33,0.146,0.1127,0,-1,-1,background,PPP,3,False
MVI_40751,7,2,179,275,97,False,preserved,64.0,64.0,True,1.0,preserved,65.0,65.0,True,1.0,preserved,65.0,65.0,True,1.0,DETRAC-all,train,train,0.00756704980842926,525.95,522.0,0.4336,0.2376,0,-1,-1,background,PPP,3,False
MVI_40751,8,0,455,458,4,False,preserved,161.0,161.0,True,1.0,preserved,164.0,164.0,True,1.0,preserved,117.0,117.0,True,1.0,DETRAC-all,train,train,,1.63,0.67,0.1212,0.1073,0,-1,-1,background,PPP,3,False
MVI_40751,8,1,485,489,5,False,preserved,161.0,161.0,True,1.0,preserved,164.0,164.0,True,1.0,preserved,117.0,117.0,True,1.0,DETRAC-all,train,train,,1.73,1.73,0.1097,0.1033,0,-1,-1,background,PPP,3,False
MVI_40751,8,2,508,517,10,False,preserved,161.0,161.0,True,1.0,preserved,164.0,164.0,True,1.0,preserved,117.0,117.0,True,1.0,DETRAC-all,train,train,,9.32,1.6,0.2112,0.154,0,-1,-1,background,PPP,3,False
MVI_40751,8,3,525,548,24,False,preserved,161.0,161.0,True,1.0,preserved,164.0,164.0,True,1.0,preserved,117.0,117.0,True,1.0,DETRAC-all,train,train,,4.81,3.33,0.1398,0.1116,0,-1,-1,background,PPP,3,False
MVI_40751,9,0,338,371,34,False,preserved,154.0,154.0,True,1.0,preserved,157.0,157.0,True,1.0,preserved,156.0,156.0,True,1.0,DETRAC-all,train,train,0.003433897473632319,163.64,163.08,0.3083,0.2429,0,-1,-1,vehicle,PPP,3,False
MVI_40751,11,1,352,440,89,False,preserved,177.0,177.0,False,0.9663,preserved,180.0,180.0,False,0.9663,preserved,179.0,179.0,False,0.9663,DETRAC-all,train,train,0.0037355650940178453,558.89,556.81,0.3267,0.1943,0,-1,-1,background,PPP,3,False
MVI_40751,23,0,601,611,11,False,preserved,348.0,348.0,True,1.0,preserved,358.0,358.0,True,1.0,preserved,358.0,358.0,True,1.0,DETRAC-all,train,train,0.0,70.85,70.85,0.1826,0.1542,0,-1,-1,vehicle,PPP,3,False
MVI_40751,23,1,620,623,4,False,preserved,348.0,348.0,True,1.0,preserved,358.0,358.0,True,1.0,preserved,358.0,358.0,True,1.0,DETRAC-all,train,train,0.0017730496453898237,16.95,16.92,0.1164,0.1079,0,-1,-1,vehicle,PPP,3,False
MVI_40751,28,0,1079,1081,3,False,preserved,428.0,428.0,True,1.0,preserved,438.0,438.0,True,1.0,preserved,438.0,438.0,True,1.0,DETRAC-all,train,train,,0.3,0.3,0.2439,0.2425,0,-1,-1,vehicle,PPP,3,False
MVI_40751,28,1,1085,1099,15,False,preserved,428.0,428.0,True,1.0,preserved,438.0,438.0,True,1.0,preserved,438.0,438.0,True,1.0,DETRAC-all,train,train,,1.06,0.91,0.2536,0.1875,0,-1,-1,vehicle,PPP,3,False
MVI_40751,29,0,1054,1076,23,False,preserved,445.0,445.0,True,1.0,preserved,460.0,460.0,True,1.0,preserved,455.0,455.0,True,1.0,DETRAC-all,train,train,,12.43,3.53,0.2327,0.185,0,-1,-1,vehicle,PPP,3,False
MVI_40751,32,0,865,1036,172,False,switched,471.0,504.0,False,0.8721,switched,486.0,520.0,False,0.8721,switched,481.0,515.0,False,0.8721,DETRAC-all,train,train,0.009403027535298758,674.15,667.87,0.4911,0.3138,0,-1,-1,background,SSS,0,False
MVI_40751,33,0,996,1009,14,False,preserved,484.0,484.0,True,1.0,preserved,500.0,500.0,True,1.0,preserved,495.0,495.0,True,1.0,DETRAC-all,train,train,0.004041764904008094,29.81,29.69,0.158,0.1374,0,-1,-1,vehicle,PPP,3,False
MVI_40751,38,0,1078,1090,13,False,preserved,541.0,541.0,True,1.0,preserved,556.0,556.0,True,1.0,preserved,551.0,551.0,True,1.0,DETRAC-all,train,train,0.013998035363457673,41.29,40.72,0.1691,0.1392,0,-1,-1,vehicle,PPP,3,False
MVI_40752,6,1,79,127,49,False,switched,22.0,39.0,False,0.898,switched,22.0,39.0,False,0.898,switched,23.0,40.0,False,0.898,DETRAC-all,train,train,0.0014522350805536988,441.34,440.7,0.1943,0.1362,0,-1,-1,background,SSS,0,False
MVI_40752,9,0,136,156,21,False,preserved,36.0,36.0,True,1.0,preserved,27.0,27.0,True,1.0,preserved,28.0,28.0,True,1.0,DETRAC-all,train,train,0.0037708744837492425,111.8,111.38,0.2563,0.1889,0,-1,-1,vehicle,PPP,3,False
MVI_40752,10,1,122,128,7,False,switched,74.0,106.0,False,1.0,preserved,72.0,72.0,True,1.0,preserved,73.0,73.0,True,1.0,DETRAC-all,train,train,0.0010615711252652815,47.15,47.1,0.1354,0.1107,0,-1,-1,background,SPP,2,True
MVI_40752,10,2,142,147,6,False,preserved,106.0,106.0,True,1.0,preserved,72.0,72.0,True,1.0,preserved,73.0,73.0,True,1.0,DETRAC-all,train,train,0.00016846361185973713,59.37,59.36,0.1119,0.1019,0,-1,-1,background,PPP,3,False
MVI_40752,17,0,185,230,46,False,switched,134.0,261.0,False,0.2174,switched,126.0,243.0,False,0.2174,switched,127.0,244.0,False,0.2174,DETRAC-all,train,train,0.0016697975370487672,287.94,287.46,0.5683,0.3659,0,-1,-1,vehicle,SSS,0,False
MVI_40752,28,0,194,199,6,False,no_match_before,,,False,0.0,no_match_before,,,False,0.0,no_match_before,,,False,0.0,DETRAC-all,train,train,0.007123070834982093,25.45,25.27,0.1629,0.1223,0,-1,-1,background,NNN,0,False
MVI_40752,28,1,204,230,27,False,no_match_before,,,False,0.0,no_match_before,,,False,0.0,no_match_before,,,False,0.0,DETRAC-all,train,train,0.0005808887598024448,172.25,172.15,0.195,0.1301,0,-1,-1,background,NNN,0,False
MVI_40752,28,2,240,268,29,False,lost_after,260.0,,False,0.8276,lost_after,208.0,,False,0.8276,lost_after,243.0,,False,0.8276,DETRAC-all,train,train,0.0007718120805368933,298.23,298.0,0.2024,0.1586,0,-1,-1,background,LLL,0,False
MVI_40752,29,0,206,266,61,False,no_match_before,,,False,0.0,no_match_before,,,False,0.0,no_match_before,,,False,0.0,DETRAC-all,train,train,0.0007148212075247518,573.98,573.57,0.8619,0.5142,0,-1,-1,vehicle,NNN,0,False
MVI_40752,36,0,333,337,5,False,preserved,329.0,329.0,True,1.0,preserved,309.0,309.0,True,1.0,preserved,310.0,310.0,True,1.0,DETRAC-all,train,train,0.0,24.87,24.87,0.1039,0.1023,0,-1,-1,vehicle,PPP,3,False
MVI_40752,36,1,345,346,2,False,preserved,329.0,329.0,True,1.0,preserved,309.0,309.0,True,1.0,preserved,310.0,310.0,True,1.0,DETRAC-all,train,train,0.0,6.91,6.91,0.1055,0.1039,0,-1,-1,vehicle,PPP,3,False
MVI_40752,60,1,588,609,22,False,preserved,599.0,599.0,True,1.0,preserved,557.0,557.0,True,1.0,preserved,567.0,567.0,True,1.0,DETRAC-all,train,train,0.00024335834516331367,246.61,246.55,0.1393,0.1076,0,-1,-1,background,PPP,3,False
MVI_40752,63,0,580,583,4,False,preserved,608.0,608.0,True,1.0,preserved,568.0,568.0,True,1.0,preserved,580.0,580.0,True,1.0,DETRAC-all,train,train,0.0010498687664042272,38.14,38.1,0.1169,0.1102,0,-1,-1,vehicle,PPP,3,False
MVI_40752,63,1,596,626,31,False,preserved,608.0,608.0,True,1.0,preserved,568.0,568.0,True,1.0,preserved,580.0,580.0,True,1.0,DETRAC-all,train,train,0.0005165289256199301,232.44,232.32,0.1752,0.1306,0,-1,-1,vehicle,PPP,3,False
MVI_40752,68,0,709,735,27,False,preserved,674.0,674.0,True,1.0,preserved,643.0,643.0,True,1.0,preserved,655.0,655.0,True,1.0,DETRAC-all,train,train,0.0020267888614733387,113.71,113.48,0.3549,0.2421,0,-1,-1,vehicle,PPP,3,False
MVI_40752,69,1,670,674,5,False,preserved,681.0,681.0,True,1.0,preserved,650.0,650.0,True,1.0,preserved,662.0,662.0,True,1.0,DETRAC-all,train,train,0.0014457831325300763,20.78,20.75,0.1323,0.1197,0,-1,-1,background,PPP,3,False
MVI_40752,69,2,720,729,10,True,preserved,681.0,681.0,False,0.7,preserved,650.0,650.0,False,0.7,preserved,662.0,662.0,False,0.7,DETRAC-all,train,train,0.0,105.1,105.1,1.0,0.7572,4,724,727,vehicle,PPP,3,False
MVI_40752,71,0,725,735,11,False,preserved,682.0,682.0,True,1.0,preserved,651.0,651.0,True,1.0,preserved,663.0,663.0,True,1.0,DETRAC-all,train,train,0.005281963647661758,64.71,64.37,0.2064,0.1914,0,-1,-1,vehicle,PPP,3,False
MVI_40752,78,1,745,774,30,False,no_match_before,,,False,0.0,no_match_before,,,False,0.0,no_match_before,,,False,0.0,DETRAC-all,train,train,0.0029330456476299727,297.49,296.62,0.2336,0.1577,0,-1,-1,vehicle,NNN,0,False
MVI_40752,102,0,1036,1066,31,False,no_match_before,,,False,0.0,no_match_before,,,False,0.0,no_match_before,,,False,0.0,DETRAC-all,train,train,0.0047115225657132775,121.55,120.98,0.5628,0.4125,0,-1,-1,vehicle,NNN,0,False
MVI_40752,108,1,1175,1176,2,False,lost_after,1031.0,,False,0.0,lost_after,960.0,,False,0.0,lost_after,981.0,,False,0.0,DETRAC-all,train,train,0.0,13.37,13.37,0.1051,0.1029,0,-1,-1,vehicle,LLL,0,False
MVI_40752,113,1,1204,1226,23,False,preserved,1048.0,1048.0,False,0.913,preserved,998.0,998.0,False,0.913,preserved,1019.0,1019.0,False,0.913,DETRAC-all,train,train,0.00031003479279334556,290.38,290.29,0.2063,0.1594,0,-1,-1,background,PPP,3,False
MVI_40752,125,0,1308,1316,9,False,no_match_before,,,False,0.3333,no_match_before,,,False,0.3333,no_match_before,,,False,0.3333,DETRAC-all,train,train,0.00500217485863419,46.21,45.98,0.1836,0.1416,0,-1,-1,vehicle,NNN,0,False
MVI_40752,138,0,1441,1475,35,False,lost_after,1267.0,,False,0.0,lost_after,1213.0,,False,0.0,lost_after,1235.0,,False,0.0,DETRAC-all,train,train,0.0012843152994059803,187.11,186.87,0.8092,0.4626,0,-1,-1,vehicle,LLL,0,False
MVI_40752,146,0,1523,1591,69,False,lost_after,1385.0,,False,0.4058,lost_after,1330.0,,False,0.4058,lost_after,1347.0,,False,0.4058,DETRAC-all,train,train,0.005719885602287977,502.87,500.01,0.8196,0.5434,0,-1,-1,vehicle,LLL,0,False
MVI_40752,148,1,1534,1558,25,False,preserved,1399.0,1399.0,False,0.88,preserved,1344.0,1344.0,False,0.88,preserved,1361.0,1361.0,False,0.88,DETRAC-all,train,train,0.0012760714600017486,227.55,227.26,0.1608,0.1263,0,-1,-1,vehicle,PPP,3,False
MVI_40752,149,0,1566,1589,24,False,preserved,1409.0,1409.0,True,1.0,preserved,1354.0,1354.0,True,1.0,preserved,1371.0,1371.0,True,1.0,DETRAC-all,train,train,0.0010008407061932179,250.04,249.79,0.1582,0.1334,0,-1,-1,background,PPP,3,False
MVI_40752,149,1,1594,1597,4,False,lost_after,1409.0,,False,0.75,lost_after,1354.0,,False,0.75,lost_after,1371.0,,False,0.75,DETRAC-all,train,train,0.0,40.34,40.34,0.1478,0.1212,0,-1,-1,background,LLL,0,False
MVI_40752,155,0,1590,1656,67,False,no_match_before,,,False,0.1343,no_match_before,,,False,0.1493,no_match_before,,,False,0.1493,DETRAC-all,train,train,0.004530646261080351,662.94,659.95,0.8187,0.5833,0,-1,-1,vehicle,NNN,0,False
MVI_40752,158,0,1607,1676,70,False,no_match_before,,,False,0.4714,no_match_before,,,False,0.4714,no_match_before,,,False,0.4714,DETRAC-all,train,train,0.0008922939647082462,650.59,650.01,0.2985,0.2002,0,-1,-1,background,NNN,0,False
MVI_40752,174,0,1806,1838,33,False,preserved,1696.0,1696.0,True,1.0,preserved,1635.0,1635.0,True,1.0,preserved,1652.0,1652.0,True,1.0,DETRAC-all,train,train,0.00471671307609256,176.8,175.97,0.2276,0.1607,0,-1,-1,vehicle,PPP,3,False
MVI_40752,175,0,1840,1860,21,False,preserved,1717.0,1717.0,True,1.0,preserved,1657.0,1657.0,True,1.0,preserved,1674.0,1674.0,True,1.0,DETRAC-all,train,train,0.002037845705967989,68.84,68.7,0.2281,0.1731,0,-1,-1,vehicle,PPP,3,False
MVI_40752,181,1,1848,1865,18,False,preserved,1811.0,1811.0,False,0.8333,preserved,1737.0,1737.0,False,0.8333,preserved,1754.0,1754.0,False,0.8333,DETRAC-all,train,train,0.001720606308889927,122.26,122.05,0.218,0.1516,0,-1,-1,background,PPP,3,False
MVI_40752,181,2,1873,1885,13,False,preserved,1811.0,1811.0,True,1.0,preserved,1737.0,1737.0,True,1.0,preserved,1754.0,1754.0,True,1.0,DETRAC-all,train,train,0.0010598402087069747,122.79,122.66,0.2189,0.1405,0,-1,-1,background,PPP,3,False
MVI_40752,181,3,1893,1899,7,False,preserved,1811.0,1811.0,False,0.8571,preserved,1737.0,1737.0,False,0.8571,preserved,1754.0,1754.0,False,0.8571,DETRAC-all,train,train,0.0025719534598895866,81.86,81.65,0.147,0.1202,0,-1,-1,background,PPP,3,False
MVI_40752,182,0,1875,1891,17,False,preserved,1810.0,1810.0,True,1.0,preserved,1736.0,1736.0,True,1.0,preserved,1753.0,1753.0,True,1.0,DETRAC-all,train,train,0.00015183723048894926,131.74,131.72,0.2473,0.2143,0,-1,-1,vehicle,PPP,3,False
MVI_40752,187,1,1911,1912,2,False,preserved,1857.0,1857.0,True,1.0,switched,1784.0,1805.0,False,1.0,switched,1801.0,1822.0,False,1.0,DETRAC-all,train,train,0.0,6.95,6.95,0.1106,0.1087,0,-1,-1,background,PSS,1,True
MVI_40752,187,2,1919,1933,15,False,switched,1857.0,1885.0,False,0.9333,switched,1805.0,1815.0,False,0.9333,switched,1822.0,1832.0,False,0.9333,DETRAC-all,train,train,0.0012952249373974212,115.96,115.81,0.2358,0.1564,0,-1,-1,background,SSS,0,False
MVI_40752,187,3,1938,1959,22,False,lost_after,1885.0,,False,1.0,lost_after,1815.0,,False,1.0,lost_after,1832.0,,False,1.0,DETRAC-all,train,train,0.001369587109768311,248.59,248.25,0.2334,0.1689,0,-1,-1,background,LLL,0,False
MVI_40871,1,0,149,161,13,False,switched,5.0,116.0,False,0.5385,preserved,5.0,5.0,False,0.5385,preserved,5.0,5.0,False,0.5385,DETRAC-all,train,train,,10.45,4.2,0.7538,0.5449,0,-1,-1,vehicle,SPP,2,True
MVI_40871,2,0,129,147,19,False,switched,9.0,91.0,False,0.8421,switched,9.0,95.0,False,0.8421,switched,9.0,90.0,False,0.8421,DETRAC-all,train,train,0.21366279069767447,8.35,6.88,0.4499,0.3247,0,-1,-1,vehicle,SSS,0,False
MVI_40871,2,1,176,194,19,False,preserved,91.0,91.0,True,1.0,preserved,95.0,95.0,True,1.0,preserved,90.0,90.0,True,1.0,DETRAC-all,train,train,,5.64,2.07,0.443,0.3199,0,-1,-1,vehicle,PPP,3,False
MVI_40871,2,2,267,294,28,False,preserved,91.0,91.0,True,1.0,preserved,95.0,95.0,True,1.0,preserved,90.0,90.0,True,1.0,DETRAC-all,train,train,0.02235885969815521,36.58,35.78,0.3911,0.2819,0,-1,-1,vehicle,PPP,3,False
MVI_40871,2,3,346,361,16,False,switched,91.0,319.0,False,0.3125,switched,95.0,328.0,False,0.3125,switched,90.0,323.0,False,0.3125,DETRAC-all,train,train,0.049615653389238235,15.02,14.31,0.6716,0.4242,0,-1,-1,vehicle,SSS,0,False
MVI_40871,3,0,97,125,29,False,preserved,11.0,11.0,False,0.8276,preserved,11.0,11.0,False,0.8276,preserved,11.0,11.0,False,0.8276,DETRAC-all,train,train,0.026575342465753327,37.47,36.5,0.5598,0.3605,0,-1,-1,vehicle,PPP,3,False
MVI_40871,3,1,157,176,20,False,preserved,11.0,11.0,True,1.0,preserved,11.0,11.0,True,1.0,preserved,11.0,11.0,True,1.0,DETRAC-all,train,train,0.22514071294559113,13.06,10.66,0.564,0.3876,0,-1,-1,vehicle,PPP,3,False
MVI_40871,3,2,244,262,19,False,preserved,11.0,11.0,True,1.0,preserved,11.0,11.0,True,1.0,preserved,11.0,11.0,True,1.0,DETRAC-all,train,train,,4.82,1.99,0.4663,0.3537,0,-1,-1,vehicle,PPP,3,False
MVI_40871,3,3,312,343,32,False,preserved,11.0,11.0,False,0.75,preserved,11.0,11.0,False,0.75,preserved,11.0,11.0,False,0.7188,DETRAC-all,train,train,0.06812291743798582,28.85,27.01,0.5054,0.3237,0,-1,-1,vehicle,PPP,3,False
MVI_40871,3,4,566,591,26,False,preserved,11.0,11.0,False,0.9615,preserved,11.0,11.0,False,0.9615,preserved,11.0,11.0,False,0.9615,DETRAC-all,train,train,,0.0,0.0,0.6096,0.405,0,-1,-1,vehicle,PPP,3,False
MVI_40871,4,1,217,244,28,False,preserved,85.0,85.0,True,1.0,preserved,84.0,84.0,True,1.0,preserved,79.0,79.0,True,1.0,DETRAC-all,train,train,0.11135611907386989,10.08,9.07,0.3881,0.2588,0,-1,-1,vehicle,PPP,3,False
MVI_40871,4,2,285,312,28,False,preserved,85.0,85.0,True,1.0,preserved,84.0,84.0,True,1.0,preserved,79.0,79.0,True,1.0,DETRAC-all,train,train,0.36523125996810224,8.56,6.27,0.4149,0.2966,0,-1,-1,vehicle,PPP,3,False
MVI_40871,4,3,540,567,28,False,preserved,85.0,85.0,True,1.0,preserved,84.0,84.0,True,1.0,preserved,79.0,79.0,True,1.0,DETRAC-all,train,train,,0.0,0.0,0.4466,0.292,0,-1,-1,vehicle,PPP,3,False
MVI_40871,8,1,515,542,28,False,switched,384.0,434.0,False,0.25,switched,393.0,447.0,False,0.25,switched,388.0,439.0,False,0.25,DETRAC-all,train,train,0.26388888888888906,14.56,11.52,0.4159,0.2823,0,-1,-1,vehicle,SSS,0,False
MVI_40871,11,1,1369,1455,87,False,no_match_before,,,False,0.0,no_match_before,,,False,0.0,no_match_before,,,False,0.0,DETRAC-all,train,train,0.021169848262359237,83.45,81.72,0.3623,0.2247,0,-1,-1,vehicle,NNN,0,False
MVI_40871,16,1,95,117,23,False,preserved,53.0,53.0,False,1.0,preserved,52.0,52.0,False,1.0,preserved,46.0,46.0,False,1.0,DETRAC-all,train,train,0.0008984725965859308,111.4,111.3,0.4437,0.2866,0,-1,-1,vehicle,PPP,3,False
MVI_40871,16,2,122,137,16,False,preserved,53.0,53.0,True,1.0,preserved,52.0,52.0,True,1.0,preserved,46.0,46.0,True,1.0,DETRAC-all,train,train,0.002808199943836076,107.13,106.83,0.3962,0.2986,0,-1,-1,vehicle,PPP,3,False
MVI_40871,22,1,88,128,41,False,preserved,3.0,3.0,True,1.0,preserved,3.0,3.0,True,1.0,preserved,3.0,3.0,True,1.0,DETRAC-all,train,train,0.0,10.06,10.06,0.3781,0.3008,0,-1,-1,vehicle,PPP,3,False
MVI_40871,23,0,58,86,29,False,preserved,4.0,4.0,True,1.0,preserved,4.0,4.0,True,1.0,preserved,4.0,4.0,True,1.0,DETRAC-all,train,train,,0.0,0.0,0.3881,0.3134,0,-1,-1,vehicle,PPP,3,False
MVI_40871,26,0,4,31,28,False,preserved,1.0,1.0,True,1.0,preserved,1.0,1.0,True,1.0,preserved,1.0,1.0,True,1.0,DETRAC-all,train,train,0.0027262813522355156,36.78,36.68,0.2691,0.2182,0,-1,-1,vehicle,PPP,3,False
MVI_40871,27,0,99,119,21,False,preserved,19.0,19.0,True,1.0,preserved,19.0,19.0,True,1.0,preserved,19.0,19.0,True,1.0,DETRAC-all,train,train,0.020154119739181908,17.21,16.87,0.2379,0.2144,0,-1,-1,vehicle,PPP,3,False
MVI_40871,27,1,243,273,31,False,preserved,19.0,19.0,True,1.0,preserved,19.0,19.0,True,1.0,preserved,19.0,19.0,True,1.0,DETRAC-all,train,train,,2.85,2.79,0.3767,0.276,0,-1,-1,vehicle,PPP,3,False
MVI_40871,31,1,901,1099,199,False,preserved,27.0,27.0,True,1.0,preserved,27.0,27.0,True,1.0,preserved,18.0,18.0,True,1.0,DETRAC-all,train,train,0.06798866855524088,7.54,7.06,0.124,0.116,0,-1,-1,vehicle,PPP,3,False
MVI_40871,31,2,1704,1711,8,False,preserved,27.0,27.0,True,1.0,preserved,27.0,27.0,True,1.0,preserved,18.0,18.0,True,1.0,DETRAC-all,train,train,,0.54,0.53,0.11,0.1087,0,-1,-1,vehicle,PPP,3,False
MVI_40871,32,0,82,147,66,False,no_match_before,,,False,0.303,no_match_before,,,False,0.197,no_match_before,,,False,0.2121,DETRAC-all,train,train,1.331792975970425,25.23,10.82,0.3044,0.1987,0,-1,-1,vehicle,NNN,0,False
MVI_40871,32,1,199,218,20,False,preserved,74.0,74.0,True,1.0,preserved,98.0,98.0,True,1.0,preserved,68.0,68.0,True,1.0,DETRAC-all,train,train,0.049928673323823114,7.36,7.01,0.2133,0.1806,0,-1,-1,vehicle,PPP,3,False
MVI_40871,32,2,248,328,81,False,preserved,74.0,74.0,True,1.0,preserved,98.0,98.0,True,1.0,preserved,68.0,68.0,True,1.0,DETRAC-all,train,train,0.9713790112749352,22.73,11.53,0.3934,0.338,0,-1,-1,vehicle,PPP,3,False
MVI_40871,33,1,231,250,20,False,preserved,37.0,37.0,True,1.0,preserved,36.0,36.0,True,1.0,preserved,30.0,30.0,True,1.0,DETRAC-all,train,train,0.0628654970760234,7.27,6.84,0.3193,0.266,0,-1,-1,vehicle,PPP,3,False
MVI_40871,34,1,395,1000,606,False,switched,317.0,445.0,False,0.9604,switched,326.0,458.0,False,0.9604,switched,321.0,450.0,False,0.9604,DETRAC-all,train,train,0.5236746256576283,37.65,24.71,0.219,0.1823,0,-1,-1,vehicle,SSS,0,False
MVI_40871,36,0,405,1399,995,False,no_match_before,,,False,0.0,no_match_before,,,False,0.0,no_match_before,,,False,0.0,DETRAC-all,train,train,0.07524411257897756,37.44,34.82,0.2431,0.1748,0,-1,-1,vehicle,NNN,0,False
MVI_40871,36,1,1497,1699,203,False,no_match_before,,,False,0.0,no_match_before,,,False,0.0,no_match_before,,,False,0.0,DETRAC-all,train,train,0.0019920318725101804,5.03,5.02,0.2163,0.2142,0,-1,-1,vehicle,NNN,0,False
MVI_40871,36,2,1703,1715,13,False,no_match_before,,,False,0.0,no_match_before,,,False,0.0,no_match_before,,,False,0.0,DETRAC-all,train,train,,1.85,1.3,0.172,0.1392,0,-1,-1,vehicle,NNN,0,False
MVI_40871,37,0,427,499,73,False,preserved,286.0,286.0,False,0.9863,preserved,295.0,295.0,False,0.9863,preserved,288.0,288.0,False,0.9863,DETRAC-all,train,train,,5.32,2.73,0.184,0.1754,0,-1,-1,vehicle,PPP,3,False
MVI_40963,16,0,311,344,34,True,lost_after,68.0,,False,0.3235,lost_after,71.0,,False,0.3235,lost_after,72.0,,False,0.3529,DETRAC-all,train,train,0.017781769196228092,113.33,111.35,0.9196,0.4902,1,329,329,background,LLL,0,False
MVI_40963,19,0,346,379,34,True,lost_after,78.0,,False,0.2941,lost_after,81.0,,False,0.2941,lost_after,82.0,,False,0.2941,DETRAC-all,train,train,0.03254161211894524,110.42,106.94,0.9758,0.4922,3,362,364,background,LLL,0,False
MVI_40963,20,0,400,433,34,False,lost_after,84.0,,False,0.2059,lost_after,86.0,,False,0.2059,lost_after,88.0,,False,0.2059,DETRAC-all,train,train,0.017099056603773644,103.5,101.76,0.8894,0.5381,0,-1,-1,background,LLL,0,False
MVI_40963,30,0,545,583,39,True,lost_after,119.0,,False,0.2564,lost_after,121.0,,False,0.2564,lost_after,123.0,,False,0.2564,DETRAC-all,train,train,0.02229378251176617,123.81,121.11,0.9693,0.4766,2,563,564,background,LLL,0,False
MVI_40963,32,0,586,624,39,True,lost_after,131.0,,False,0.3333,lost_after,133.0,,False,0.3333,lost_after,135.0,,False,0.3333,DETRAC-all,train,train,0.05295032326704319,128.66,122.19,0.9859,0.4664,2,607,608,background,LLL,0,False
MVI_40963,33,0,569,577,9,False,preserved,133.0,133.0,False,0.8889,preserved,135.0,135.0,False,0.8889,preserved,137.0,137.0,False,0.8889,DETRAC-all,train,train,0.05156794425087119,15.09,14.35,0.1847,0.1648,0,-1,-1,vehicle,PPP,3,False
MVI_40963,35,0,632,671,40,True,lost_after,147.0,,False,0.125,lost_after,148.0,,False,0.125,lost_after,150.0,,False,0.125,DETRAC-all,train,train,0.014298323036187055,114.92,113.3,0.9734,0.4867,2,651,652,background,LLL,0,False
MVI_40963,39,0,669,710,42,True,lost_after,173.0,,False,0.1667,lost_after,171.0,,False,0.1667,lost_after,176.0,,False,0.1667,DETRAC-all,train,train,0.030698595606769796,114.49,111.08,0.9424,0.5095,2,687,688,background,LLL,0,False
MVI_40963,43,0,730,774,45,True,lost_after,199.0,,False,0.1778,lost_after,197.0,,False,0.1556,lost_after,202.0,,False,0.1778,DETRAC-all,train,train,0.03323828194617717,115.95,112.22,0.9169,0.4831,2,752,753,background,LLL,0,False
MVI_40963,44,0,704,742,39,False,no_match_before,,,False,0.9487,no_match_before,,,False,0.9487,no_match_before,,,False,0.9487,DETRAC-all,train,train,0.023182620710831214,133.29,130.27,0.463,0.2937,0,-1,-1,vehicle,NNN,0,False
MVI_40963,52,0,809,849,41,True,lost_after,265.0,,False,0.1707,lost_after,263.0,,False,0.1707,lost_after,268.0,,False,0.1707,DETRAC-all,train,train,0.06112068965517237,123.09,116.0,0.9689,0.5159,3,826,828,background,LLL,0,False
MVI_40963,56,0,855,857,3,False,lost_after,309.0,,False,0.0,lost_after,307.0,,False,0.0,lost_after,312.0,,False,0.0,DETRAC-all,train,train,,3.04,3.03,0.2522,0.1861,0,-1,-1,vehicle,LLL,0,False
MVI_40963,57,0,877,880,4,False,lost_after,296.0,,False,0.0,lost_after,294.0,,False,0.0,lost_after,299.0,,False,0.0,DETRAC-all,train,train,,2.64,2.64,0.1116,0.1099,0,-1,-1,background,LLL,0,False
MVI_40963,60,0,860,898,39,True,lost_after,305.0,,False,0.1795,lost_after,303.0,,False,0.1795,lost_after,308.0,,False,0.1795,DETRAC-all,train,train,0.008372801082544123,119.23,118.24,0.9786,0.5139,5,875,879,background,LLL,0,False
MVI_40963,63,0,900,937,38,True,lost_after,331.0,,False,0.1579,lost_after,325.0,,False,0.1579,lost_after,330.0,,False,0.1579,DETRAC-all,train,train,0.0316684915354164,122.49,118.73,1.0,0.493,2,917,918,background,LLL,0,False
MVI_40963,68,0,930,971,42,True,lost_after,348.0,,False,0.2143,lost_after,346.0,,False,0.1905,lost_after,350.0,,False,0.1905,DETRAC-all,train,train,0.015155029768808337,131.29,129.33,0.9637,0.498,2,947,948,background,LLL,0,False
MVI_40963,69,0,923,924,2,False,preserved,340.0,340.0,True,1.0,preserved,338.0,338.0,True,1.0,preserved,342.0,342.0,True,1.0,DETRAC-all,train,train,,4.91,4.91,0.1011,0.1008,0,-1,-1,vehicle,PPP,3,False
MVI_40963,71,0,943,956,14,False,preserved,366.0,366.0,True,1.0,preserved,364.0,364.0,True,1.0,preserved,359.0,359.0,True,1.0,DETRAC-all,train,train,0.00043280675178514194,46.23,46.21,0.1704,0.1464,0,-1,-1,vehicle,PPP,3,False
MVI_40963,72,0,954,998,45,True,lost_after,368.0,,False,0.2444,lost_after,366.0,,False,0.2444,lost_after,361.0,,False,0.2444,DETRAC-all,train,train,0.04594678217821779,135.22,129.28,0.9776,0.4892,3,972,974,background,LLL,0,False
MVI_40963,79,0,1061,1100,40,False,lost_after,443.0,,False,0.25,lost_after,441.0,,False,0.25,lost_after,420.0,,False,0.25,DETRAC-all,train,train,0.023487664751605353,121.14,118.36,0.8868,0.4902,0,-1,-1,background,LLL,0,False
MVI_40963,88,0,1146,1181,36,True,lost_after,506.0,,False,0.1667,lost_after,507.0,,False,0.1667,lost_after,487.0,,False,0.1667,DETRAC-all,train,train,0.012011222163773594,115.43,114.06,0.9592,0.5024,2,1161,1162,background,LLL,0,False
MVI_40963,91,0,1216,1245,30,True,lost_after,546.0,,False,0.2333,lost_after,545.0,,False,0.2333,lost_after,525.0,,False,0.2333,DETRAC-all,train,train,0.013207547169811207,102.03,100.7,0.9815,0.5448,4,1231,1234,background,LLL,0,False
MVI_40963,95,0,1284,1313,30,True,lost_after,590.0,,False,0.1667,lost_after,589.0,,False,0.1667,lost_after,569.0,,False,0.1667,DETRAC-all,train,train,0.016104085160586035,111.68,109.91,0.9576,0.4704,3,1298,1300,background,LLL,0,False
MVI_40963,98,0,1312,1340,29,True,lost_after,610.0,,False,0.3793,lost_after,610.0,,False,0.3793,lost_after,590.0,,False,0.3793,DETRAC-all,train,train,0.018371757925071952,113.08,111.04,0.9901,0.545,3,1328,1330,background,LLL,0,False
MVI_40963,102,0,1367,1402,36,True,switched,646.0,678.0,False,0.3333,switched,648.0,680.0,False,0.3333,switched,628.0,660.0,False,0.3333,DETRAC-all,train,train,0.03566009104704082,122.85,118.62,0.9746,0.4636,3,1382,1384,background,SSS,0,False
MVI_40963,106,0,1450,1498,49,False,lost_after,705.0,,False,0.9592,lost_after,707.0,,False,0.9592,lost_after,687.0,,False,0.9592,DETRAC-all,train,train,0.002566735112936369,390.6,389.6,0.5478,0.3688,0,-1,-1,vehicle,LLL,0,False
MVI_40963,107,0,1445,1480,36,True,lost_after,690.0,,False,0.25,lost_after,692.0,,False,0.25,lost_after,672.0,,False,0.25,DETRAC-all,train,train,0.010363574583758028,118.94,117.72,0.9676,0.4929,4,1459,1462,background,LLL,0,False
MVI_40963,113,0,1515,1552,38,True,lost_after,746.0,,False,0.2105,lost_after,748.0,,False,0.2105,lost_after,728.0,,False,0.2105,DETRAC-all,train,train,0.02327571453020716,119.58,116.86,0.9957,0.5391,4,1531,1534,background,LLL,0,False
MVI_40963,117,0,1548,1585,38,True,lost_after,768.0,,False,0.2632,lost_after,770.0,,False,0.2632,lost_after,750.0,,False,0.2632,DETRAC-all,train,train,0.024876428166275,126.48,123.41,0.9866,0.5121,4,1565,1568,background,LLL,0,False
MVI_40963,123,0,1587,1621,35,True,lost_after,782.0,,False,0.1714,lost_after,784.0,,False,0.1714,lost_after,764.0,,False,0.1714,DETRAC-all,train,train,0.01028070802789216,113.01,111.86,0.9275,0.5077,1,1602,1602,background,LLL,0,False
MVI_40963,129,0,1633,1671,39,True,lost_after,798.0,,False,0.2308,lost_after,800.0,,False,0.2308,lost_after,780.0,,False,0.2308,DETRAC-all,train,train,0.054812834224598816,126.24,119.68,0.9882,0.5313,4,1648,1651,background,LLL,0,False
MVI_40963,132,0,1697,1736,40,True,lost_after,832.0,,False,0.2,lost_after,834.0,,False,0.2,lost_after,814.0,,False,0.2,DETRAC-all,train,train,0.061030142431268475,128.13,120.76,0.9879,0.5345,6,1712,1717,background,LLL,0,False
MVI_40991,2,0,76,115,40,True,switched,10.0,23.0,False,0.475,switched,10.0,23.0,False,0.475,switched,10.0,23.0,False,0.475,DETRAC-all,train,train,0.022106842980570196,251.98,246.53,1.0,0.5434,9,88,96,background,SSS,0,False
MVI_40991,3,0,127,172,46,True,switched,22.0,29.0,False,0.3261,switched,22.0,29.0,False,0.3261,switched,22.0,29.0,False,0.3261,DETRAC-all,train,train,0.010311676228872857,260.62,257.96,0.9951,0.5531,6,147,152,background,SSS,0,False
MVI_40991,4,0,340,388,49,True,no_match_before,,,False,0.551,no_match_before,,,False,0.551,no_match_before,,,False,0.551,DETRAC-all,train,train,0.0022106592877766396,666.43,664.96,1.0,0.5342,17,372,388,background,NNN,0,False
MVI_40991,5,0,390,482,93,True,switched,33.0,47.0,False,0.3441,switched,33.0,68.0,False,0.2796,switched,33.0,47.0,False,0.3333,DETRAC-all,train,train,0.016569009504051158,362.6,356.69,0.976,0.4158,7,408,414,background,SSS,0,False
MVI_40991,6,0,414,445,32,True,switched,40.0,56.0,False,0.25,switched,40.0,56.0,False,0.25,switched,40.0,56.0,False,0.25,DETRAC-all,train,train,0.0066564260112647045,314.56,312.48,1.0,0.7725,19,427,445,background,SSS,0,False
MVI_40991,7,0,457,498,42,True,switched,53.0,62.0,False,0.5238,switched,53.0,69.0,False,0.5,switched,53.0,64.0,False,0.5,DETRAC-all,train,train,0.007926430412867003,261.95,259.89,0.9891,0.5129,6,472,477,background,SSS,0,False
MVI_40991,8,0,497,540,44,True,switched,58.0,70.0,False,0.3182,switched,60.0,77.0,False,0.3182,switched,59.0,72.0,False,0.3182,DETRAC-all,train,train,0.007496663788366442,256.69,254.78,0.9874,0.5273,6,512,517,background,SSS,0,False
MVI_40991,8,1,677,727,51,False,lost_after,70.0,,False,0.0,lost_after,77.0,,False,0.0,lost_after,72.0,,False,0.0,DETRAC-all,train,train,0.11482530689329562,59.03,52.95,0.624,0.3782,0,-1,-1,vehicle,LLL,0,False
MVI_40991,9,0,569,656,88,True,switched,72.0,89.0,False,0.6818,switched,80.0,97.0,False,0.6818,switched,74.0,91.0,False,0.6818,DETRAC-all,train,train,0.008533103657272223,632.32,626.97,0.9911,0.4433,7,614,620,both,SSS,0,False
MVI_40991,9,1,717,734,18,False,switched,89.0,117.0,False,0.0,switched,97.0,125.0,False,0.0,switched,91.0,121.0,False,0.0,DETRAC-all,train,train,0.29663212435233155,10.01,7.72,0.2775,0.2125,0,-1,-1,vehicle,SSS,0,False
MVI_40991,11,0,609,680,72,True,no_match_before,,,False,0.5278,no_match_before,,,False,0.5278,no_match_before,,,False,0.5278,DETRAC-all,train,train,0.00496117659146611,684.67,681.29,1.0,0.5873,29,652,680,background,NNN,0,False
MVI_40991,12,0,652,720,69,True,no_match_before,,,False,0.4783,no_match_before,,,False,0.4783,no_match_before,,,False,0.4783,DETRAC-all,train,train,0.007708253358925221,656.27,651.25,0.9989,0.5676,26,695,720,background,NNN,0,False
MVI_40991,13,0,718,766,49,True,switched,99.0,125.0,False,0.449,switched,107.0,132.0,False,0.4286,switched,101.0,128.0,False,0.4286,DETRAC-all,train,train,0.012497124894579326,264.12,260.86,0.9945,0.5094,6,737,742,background,SSS,0,False
MVI_40991,13,1,809,818,10,False,preserved,125.0,125.0,False,0.5,preserved,132.0,132.0,False,0.3,switched,128.0,151.0,False,0.3,DETRAC-all,train,train,0.09261576971214014,8.73,7.99,0.1375,0.1227,0,-1,-1,vehicle,PPS,2,True
MVI_40991,14,0,727,789,63,True,no_match_before,,,False,0.6349,no_match_before,,,False,0.619,no_match_before,,,False,0.619,DETRAC-all,train,train,0.007444206203002013,667.19,662.26,0.9949,0.6136,23,767,789,background,NNN,0,False
MVI_40991,15,0,814,870,57,True,no_match_before,,,False,0.6667,no_match_before,,,False,0.6667,no_match_before,,,False,0.6667,DETRAC-all,train,train,0.0047360482654599245,666.14,663.0,1.0,0.5437,20,851,870,background,NNN,0,False
MVI_40991,16,0,909,960,52,True,no_match_before,,,False,0.3654,no_match_before,,,False,0.3654,no_match_before,,,False,0.3654,DETRAC-all,train,train,0.0038529934795494825,643.53,641.06,1.0,0.5283,18,943,960,background,NNN,0,False
MVI_40991,17,0,985,1021,37,True,switched,213.0,222.0,False,0.5135,switched,223.0,232.0,False,0.5135,switched,222.0,231.0,False,0.5135,DETRAC-all,train,train,0.00130461068507981,314.68,314.27,0.9993,0.5915,10,1002,1015,background,SSS,0,False
MVI_40991,18,0,1040,1045,6,False,preserved,224.0,224.0,True,1.0,preserved,234.0,234.0,True,1.0,preserved,233.0,233.0,True,1.0,DETRAC-all,train,train,0.009428571428571342,70.66,70.0,0.2098,0.1506,0,-1,-1,background,PPP,3,False
MVI_40991,18,1,1058,1090,33,True,switched,224.0,230.0,False,0.3636,switched,234.0,240.0,False,0.3636,switched,233.0,239.0,False,0.3636,DETRAC-all,train,train,0.005290496344747986,313.53,311.88,1.0,0.748,16,1072,1090,background,SSS,0,False
MVI_40991,19,0,1158,1197,40,True,switched,238.0,253.0,False,0.35,switched,248.0,263.0,False,0.35,switched,247.0,262.0,False,0.35,DETRAC-all,train,train,0.00742206828302816,244.32,242.52,0.9994,0.543,5,1173,1177,background,SSS,0,False
MVI_40991,20,0,1203,1234,32,True,switched,250.0,267.0,False,0.3438,switched,260.0,277.0,False,0.3438,switched,259.0,276.0,False,0.3438,DETRAC-all,train,train,0.012056044314108672,217.42,214.83,0.991,0.598,7,1213,1219,background,SSS,0,False
MVI_40991,21,0,1258,1296,39,True,switched,273.0,281.0,False,0.5128,switched,287.0,295.0,False,0.5128,switched,286.0,294.0,False,0.5128,DETRAC-all,train,train,0.0020255932094399576,311.65,311.02,1.0,0.7433,18,1273,1296,background,SSS,0,False
MVI_40991,24,0,1400,1441,42,True,switched,307.0,318.0,False,0.5,switched,320.0,331.0,False,0.5,switched,318.0,329.0,False,0.5,DETRAC-all,train,train,0.008998315209067131,263.51,261.16,0.9882,0.5076,3,1416,1418,background,SSS,0,False
MVI_40991,24,1,1449,1499,51,False,switched,318.0,335.0,False,0.3922,switched,331.0,348.0,False,0.3922,preserved,329.0,329.0,False,0.4314,DETRAC-all,train,train,0.057716280229369143,84.85,80.22,0.4769,0.3098,0,-1,-1,vehicle,SSP,1,True
MVI_40991,25,0,1398,1454,57,True,no_match_before,,,False,0.614,no_match_before,,,False,0.614,no_match_before,,,False,0.614,DETRAC-all,train,train,0.0073911721887147674,629.69,625.07,1.0,0.5364,18,1433,1454,background,NNN,0,False
MVI_40992,2,0,15,54,40,True,switched,1.0,8.0,False,0.525,switched,1.0,8.0,False,0.5,switched,1.0,8.0,False,0.5,DETRAC-all,train,train,0.002514520470321413,283.07,282.36,0.9856,0.506,4,31,34,background,SSS,0,False
MVI_40992,3,0,54,81,28,True,switched,6.0,12.0,False,0.4643,switched,6.0,12.0,False,0.4643,switched,6.0,12.0,False,0.4643,DETRAC-all,train,train,0.004949328305444256,255.84,254.58,0.9954,0.5669,5,66,70,background,SSS,0,False
MVI_40992,4,0,146,184,39,True,switched,15.0,18.0,False,0.359,switched,15.0,18.0,False,0.359,switched,15.0,18.0,False,0.359,DETRAC-all,train,train,0.0045923816304735965,282.19,280.9,0.9863,0.5101,3,163,165,background,SSS,0,False
MVI_40992,5,0,228,293,66,True,switched,19.0,20.0,False,0.3485,switched,19.0,30.0,False,0.3485,switched,19.0,30.0,False,0.3485,DETRAC-all,train,train,0.02181743336420716,297.87,291.51,0.998,0.6326,14,247,260,both,SSS,0,False
MVI_40992,5,1,339,354,16,False,preserved,20.0,20.0,False,0.8125,preserved,30.0,30.0,False,0.75,preserved,30.0,30.0,False,0.8125,DETRAC-all,train,train,,7.96,3.41,0.2585,0.1962,0,-1,-1,vehicle,PPP,3,False
MVI_40992,6,0,224,275,52,True,switched,20.0,26.0,False,0.4231,switched,20.0,26.0,False,0.4231,switched,20.0,26.0,False,0.4231,DETRAC-all,train,train,0.004702271939810876,608.94,606.09,1.0,0.5689,20,256,275,background,SSS,0,False
MVI_40992,7,0,294,328,35,True,switched,27.0,37.0,False,0.3429,switched,28.0,38.0,False,0.3429,switched,28.0,37.0,False,0.3429,DETRAC-all,train,train,0.0014334862385321223,279.44,279.04,1.0,0.5959,9,309,320,background,SSS,0,False
MVI_40992,10,0,386,425,40,True,switched,47.0,64.0,False,0.45,switched,50.0,69.0,False,0.425,switched,48.0,65.0,False,0.425,DETRAC-all,train,train,0.0017437425073565382,275.75,275.27,0.9795,0.5518,5,403,407,background,SSS,0,False
MVI_40992,12,0,492,517,26,False,no_match_before,,,False,0.6154,no_match_before,,,False,0.6154,no_match_before,,,False,0.6154,DETRAC-all,train,train,0.011609709939221835,277.96,274.77,0.7093,0.3822,0,-1,-1,vehicle,NNN,0,False
MVI_40992,12,1,524,563,40,True,switched,69.0,77.0,False,0.425,switched,74.0,82.0,False,0.425,switched,70.0,78.0,False,0.425,DETRAC-all,train,train,0.0048612141902923955,270.79,269.48,0.9858,0.53,4,541,544,background,SSS,0,False
MVI_40992,12,2,575,609,35,False,preserved,77.0,77.0,False,0.6857,preserved,82.0,82.0,False,0.6857,preserved,78.0,78.0,False,0.6857,DETRAC-all,train,train,0.02050245451920296,70.68,69.26,0.4997,0.3665,0,-1,-1,vehicle,PPP,3,False
MVI_40992,15,0,688,746,59,True,no_match_before,,,False,0.1695,no_match_before,,,False,0.1695,no_match_before,,,False,0.1695,DETRAC-all,train,train,0.005540121978478085,629.81,626.34,1.0,0.6279,21,726,746,background,NNN,0,False
MVI_40992,16,0,775,832,58,True,no_match_before,,,False,0.4138,no_match_before,,,False,0.4138,no_match_before,,,False,0.4138,DETRAC-all,train,train,0.006545252237658117,615.13,611.13,1.0,0.5853,21,812,832,background,NNN,0,False
MVI_40992,17,0,838,889,52,True,switched,108.0,113.0,False,0.4423,switched,114.0,117.0,False,0.4423,switched,109.0,114.0,False,0.4423,DETRAC-all,train,train,0.00547195622435015,580.65,577.49,0.9985,0.5879,20,870,889,background,SSS,0,False
MVI_40992,18,0,917,933,17,False,no_match_before,,,False,0.8235,no_match_before,,,False,0.8235,no_match_before,,,False,0.8235,DETRAC-all,train,train,0.010484542648571793,206.25,204.11,0.3473,0.2048,0,-1,-1,background,NNN,0,False
MVI_40992,18,1,938,975,38,True,switched,118.0,125.0,False,0.3947,switched,122.0,129.0,False,0.3947,switched,119.0,126.0,False,0.3947,DETRAC-all,train,train,0.002737253722364441,333.36,332.45,1.0,0.7632,21,955,975,background,SSS,0,False
MVI_40992,19,0,973,1012,40,True,switched,121.0,130.0,False,0.5,switched,125.0,134.0,False,0.5,switched,122.0,131.0,False,0.5,DETRAC-all,train,train,0.004334135951102214,271.12,269.95,0.9773,0.5285,4,989,992,background,SSS,0,False
MVI_40992,19,1,1048,1066,19,False,lost_after,130.0,,False,0.2632,lost_after,134.0,,False,0.2632,lost_after,131.0,,False,0.2632,DETRAC-all,train,train,0.06317689530685922,11.78,11.08,0.251,0.2185,0,-1,-1,vehicle,LLL,0,False
MVI_40992,20,0,987,1033,47,True,no_match_before,,,False,0.3191,no_match_before,,,False,0.3191,no_match_before,,,False,0.3191,DETRAC-all,train,train,0.002183739539429297,656.27,654.84,0.9993,0.6956,17,1017,1033,background,NNN,0,False
MVI_40992,21,1,1025,1068,44,True,switched,131.0,143.0,False,0.4091,switched,135.0,147.0,False,0.4091,switched,132.0,144.0,False,0.4091,DETRAC-all,train,train,0.001677226984718505,268.75,268.3,1.0,0.5417,6,1042,1047,background,SSS,0,False
MVI_40992,21,2,1084,1126,43,False,preserved,143.0,143.0,False,0.4651,switched,147.0,173.0,False,0.4651,preserved,144.0,144.0,False,0.4651,DETRAC-all,train,train,0.029089376053963,73.23,71.16,0.3042,0.1989,0,-1,-1,vehicle,PSP,2,True
MVI_40992,23,0,1123,1168,46,True,switched,164.0,179.0,False,0.3913,switched,168.0,184.0,False,0.3913,switched,165.0,181.0,False,0.3913,DETRAC-all,train,train,0.004618460053767315,291.48,290.14,0.9889,0.5454,4,1141,1144,background,SSS,0,False
MVI_40992,23,1,1187,1218,32,False,lost_after,177.0,,False,0.2812,lost_after,182.0,,False,0.2812,lost_after,179.0,,False,0.2812,DETRAC-all,train,train,0.07358262967430651,35.6,33.16,0.2613,0.2,0,-1,-1,vehicle,LLL,0,False
MVI_40992,25,0,1195,1226,32,True,switched,181.0,190.0,False,0.3125,switched,186.0,195.0,False,0.3125,switched,183.0,192.0,False,0.3125,DETRAC-all,train,train,0.004275644235584242,260.72,259.61,0.9926,0.5641,3,1208,1210,background,SSS,0,False
MVI_40992,26,0,1267,1305,39,True,switched,195.0,204.0,False,0.3846,switched,200.0,209.0,False,0.3846,switched,197.0,206.0,False,0.3846,DETRAC-all,train,train,0.0031030357409900233,268.31,267.48,0.972,0.5792,5,1282,1286,background,SSS,0,False
MVI_40992,27,0,1310,1353,44,True,switched,202.0,207.0,False,0.3864,switched,207.0,212.0,False,0.3864,switched,204.0,209.0,False,0.3864,DETRAC-all,train,train,0.0028756539514256385,289.46,288.63,0.9915,0.5178,3,1328,1330,background,SSS,0,False
MVI_40992,28,0,1343,1401,59,True,no_match_before,,,False,0.6102,no_match_before,,,False,0.6102,no_match_before,,,False,0.6102,DETRAC-all,train,train,0.00519991680133125,628.26,625.01,1.0,0.5771,21,1381,1401,background,NNN,0,False
MVI_40992,29,0,1388,1450,63,True,no_match_before,,,False,0.5079,no_match_before,,,False,0.5238,no_match_before,,,False,0.5238,DETRAC-all,train,train,0.004679555685093373,620.47,617.58,1.0,0.5483,23,1428,1450,background,NNN,0,False
MVI_40992,36,1,1769,1835,67,True,switched,277.0,300.0,False,0.3433,switched,281.0,304.0,False,0.3433,switched,279.0,302.0,False,0.3433,DETRAC-all,train,train,0.008460812086874547,266.99,264.75,0.9909,0.5385,7,1791,1797,background,SSS,0,False
MVI_40992,37,0,1808,1898,91,True,switched,297.0,328.0,False,0.3956,switched,301.0,331.0,False,0.4396,switched,299.0,329.0,False,0.4396,DETRAC-all,train,train,0.017320854867998392,364.15,357.95,0.999,0.5769,12,1848,1859,background,SSS,0,False
MVI_40992,40,0,1928,1976,49,True,switched,342.0,352.0,False,0.3878,switched,344.0,354.0,False,0.3878,switched,342.0,351.0,False,0.3878,DETRAC-all,train,train,0.0014757075828668587,264.67,264.28,0.9481,0.5465,5,1945,1949,background,SSS,0,False
MVI_40992,42,0,2042,2096,55,True,no_match_before,,,False,0.6545,no_match_before,,,False,0.6545,no_match_before,,,False,0.6545,DETRAC-all,train,train,0.006482849171180138,613.25,609.3,1.0,0.5872,21,2076,2096,background,NNN,0,False
MVI_40992,43,0,2100,2137,38,True,switched,369.0,389.0,False,0.2895,switched,371.0,375.0,False,0.2895,switched,368.0,391.0,False,0.2895,DETRAC-all,train,train,0.004910158334815895,282.43,281.05,0.9936,0.551,6,2115,2120,background,SSS,0,False
MVI_41063,18,0,82,111,30,False,no_match_before,,,False,0.1667,no_match_before,,,False,0.1667,no_match_before,,,False,0.1667,DETRAC-all,train,train,0.0003909877327599176,409.38,409.22,0.5083,0.3724,0,-1,-1,vehicle,NNN,0,False
MVI_41063,32,0,221,241,21,False,switched,128.0,150.0,False,0.0476,switched,136.0,158.0,False,0.0476,switched,133.0,155.0,False,0.0476,DETRAC-all,train,train,0.000194077852944341,360.75,360.68,0.4694,0.397,0,-1,-1,vehicle,SSS,0,False
MVI_41063,41,0,344,387,44,False,preserved,211.0,211.0,True,1.0,preserved,218.0,218.0,True,1.0,preserved,216.0,216.0,True,1.0,DETRAC-all,train,train,0.0004989522003793212,401.04,400.84,0.3587,0.2408,0,-1,-1,vehicle,PPP,3,False
MVI_41063,43,0,332,361,30,False,preserved,213.0,213.0,False,0.8667,preserved,220.0,220.0,False,0.8667,preserved,218.0,218.0,False,0.8667,DETRAC-all,train,train,0.0021110491515972107,251.59,251.06,0.3991,0.27,0,-1,-1,vehicle,PPP,3,False
MVI_41063,46,0,373,411,39,False,switched,234.0,274.0,False,0.5385,switched,240.0,283.0,False,0.4103,switched,238.0,279.0,False,0.4615,DETRAC-all,train,train,0.00010816852656425624,554.75,554.69,0.506,0.3522,0,-1,-1,vehicle,SSS,0,False
MVI_41063,61,0,597,623,27,False,preserved,313.0,313.0,True,1.0,preserved,322.0,322.0,True,1.0,preserved,318.0,318.0,True,1.0,DETRAC-all,train,train,0.0013439909457451105,283.12,282.74,0.3978,0.3161,0,-1,-1,vehicle,PPP,3,False
MVI_41063,82,1,797,823,27,False,preserved,423.0,423.0,False,0.6296,switched,437.0,500.0,False,0.5926,preserved,433.0,433.0,False,0.5926,DETRAC-all,train,train,0.0009330679273451548,160.91,160.76,0.3675,0.274,0,-1,-1,vehicle,PSP,2,True
MVI_41063,84,0,809,827,19,False,switched,433.0,501.0,False,0.0526,switched,448.0,512.0,False,0.1053,switched,442.0,506.0,False,0.1053,DETRAC-all,train,train,0.0002676480428238648,149.49,149.45,0.1552,0.1243,0,-1,-1,vehicle,SSS,0,False
MVI_41063,86,0,781,820,40,True,switched,439.0,495.0,False,0.125,switched,454.0,497.0,False,0.2,switched,448.0,491.0,False,0.2,DETRAC-all,train,train,0.00026559014129401426,564.93,564.78,1.0,0.6016,4,795,798,vehicle,SSS,0,False
MVI_41063,113,0,1083,1099,17,False,switched,629.0,668.0,False,0.4706,switched,644.0,681.0,False,0.4706,switched,640.0,679.0,False,0.4706,DETRAC-all,train,train,0.0010739102969046233,158.47,158.3,0.4899,0.3258,0,-1,-1,vehicle,SSS,0,False
MVI_41063,132,0,1226,1261,36,False,switched,736.0,786.0,False,0.3333,switched,745.0,794.0,False,0.3333,switched,744.0,793.0,False,0.3333,DETRAC-all,train,train,0.00042283298097256505,473.2,473.0,0.6264,0.3749,0,-1,-1,vehicle,SSS,0,False
MVI_41063,139,0,1302,1345,44,False,preserved,795.0,795.0,True,1.0,preserved,802.0,802.0,True,1.0,preserved,801.0,801.0,True,1.0,DETRAC-all,train,train,0.0017314487632509312,283.49,283.0,0.2585,0.1974,0,-1,-1,vehicle,PPP,3,False
MVI_41063,142,0,1282,1301,20,False,switched,806.0,812.0,False,0.85,switched,813.0,819.0,False,0.85,switched,812.0,818.0,False,0.85,DETRAC-all,train,train,9.113554893969145e-05,329.21,329.18,0.1958,0.1614,0,-1,-1,vehicle,SSS,0,False
MVI_41063,145,0,1379,1399,21,False,switched,832.0,885.0,False,0.381,switched,839.0,891.0,False,0.381,switched,838.0,890.0,False,0.381,DETRAC-all,train,train,0.0018341538758566145,103.78,103.59,0.2947,0.1775,0,-1,-1,vehicle,SSS,0,False
MVI_41073,12,0,63,111,49,False,preserved,28.0,28.0,False,0.8163,preserved,29.0,29.0,False,0.7959,preserved,29.0,29.0,False,0.7959,DETRAC-all,train,train,0.0005430442421339166,313.22,313.05,0.4699,0.2988,0,-1,-1,vehicle,PPP,3,False
MVI_41073,20,0,177,203,27,False,preserved,92.0,92.0,False,0.7037,preserved,89.0,89.0,False,0.7037,preserved,89.0,89.0,False,0.7037,DETRAC-all,train,train,0.000696067220205876,201.27,201.13,0.4891,0.3586,0,-1,-1,vehicle,PPP,3,False
MVI_41073,105,0,1159,1206,48,False,switched,585.0,636.0,False,0.6042,switched,560.0,609.0,False,0.6042,switched,561.0,610.0,False,0.6042,DETRAC-all,train,train,0.00032437046521560653,585.94,585.75,0.6236,0.4184,0,-1,-1,vehicle,SSS,0,False
MVI_41073,139,0,1502,1523,22,False,preserved,792.0,792.0,True,1.0,preserved,754.0,754.0,True,1.0,preserved,753.0,753.0,True,1.0,DETRAC-all,train,train,0.0005266160530126296,227.99,227.87,0.2377,0.2055,0,-1,-1,vehicle,PPP,3,False
MVI_63521,6,0,309,407,99,False,preserved,1.0,1.0,False,1.0,preserved,1.0,1.0,False,1.0,preserved,1.0,1.0,False,1.0,DETRAC-all,train,train,0.09444444444444433,110.32,100.8,0.2787,0.2043,0,-1,-1,vehicle,PPP,3,False
MVI_63521,25,0,595,612,18,False,preserved,182.0,182.0,True,1.0,preserved,179.0,179.0,True,1.0,preserved,179.0,179.0,True,1.0,DETRAC-all,train,train,,4.1,1.24,0.2018,0.176,0,-1,-1,vehicle,PPP,3,False
MVI_63521,25,1,649,669,21,False,preserved,182.0,182.0,True,1.0,preserved,179.0,179.0,True,1.0,preserved,179.0,179.0,True,1.0,DETRAC-all,train,train,,6.06,1.77,0.3084,0.24,0,-1,-1,vehicle,PPP,3,False
MVI_63521,25,2,889,907,19,False,preserved,182.0,182.0,True,1.0,preserved,179.0,179.0,True,1.0,preserved,179.0,179.0,True,1.0,DETRAC-all,train,train,,3.91,1.01,0.3534,0.275,0,-1,-1,vehicle,PPP,3,False
MVI_63521,25,3,985,992,8,False,preserved,182.0,182.0,True,1.0,preserved,179.0,179.0,True,1.0,preserved,179.0,179.0,True,1.0,DETRAC-all,train,train,,1.57,0.67,0.2694,0.2004,0,-1,-1,vehicle,PPP,3,False
MVI_63521,25,4,1209,1225,17,False,preserved,182.0,182.0,True,1.0,preserved,179.0,179.0,True,1.0,preserved,179.0,179.0,True,1.0,DETRAC-all,train,train,,5.0,2.49,0.2415,0.1837,0,-1,-1,vehicle,PPP,3,False
MVI_63521,46,0,1351,1451,101,False,preserved,365.0,365.0,True,1.0,preserved,362.0,362.0,True,1.0,preserved,361.0,361.0,True,1.0,DETRAC-all,train,train,0.06453300776140214,122.07,114.67,0.2056,0.1678,0,-1,-1,vehicle,PPP,3,False
MVI_63521,48,0,1073,1083,11,False,preserved,407.0,407.0,False,0.4545,preserved,407.0,407.0,False,0.4545,preserved,406.0,406.0,False,0.4545,DETRAC-all,train,train,,4.26,4.09,0.2359,0.17,0,-1,-1,vehicle,PPP,3,False
MVI_63521,50,0,1098,1138,41,False,switched,416.0,426.0,False,0.5366,switched,416.0,426.0,False,0.5366,switched,415.0,425.0,False,0.5366,DETRAC-all,train,train,0.21803278688524586,14.86,12.2,0.4691,0.3268,0,-1,-1,vehicle,SSS,0,False
MVI_63521,52,1,1238,1326,89,False,preserved,447.0,447.0,False,0.9888,preserved,447.0,447.0,False,0.9775,preserved,446.0,446.0,False,0.9775,DETRAC-all,train,train,0.049669499527856376,111.16,105.9,0.22,0.1564,0,-1,-1,vehicle,PPP,3,False
MVI_63521,54,0,1183,1283,101,True,no_match_before,,,False,0.0,no_match_before,,,False,0.0,no_match_before,,,False,0.0,DETRAC-all,train,train,1.4936921783010932,88.95,35.67,0.9643,0.5343,6,1226,1239,vehicle,NNN,0,False
MVI_63521,57,1,1327,1359,33,False,preserved,471.0,471.0,True,1.0,preserved,471.0,471.0,True,1.0,preserved,470.0,470.0,True,1.0,DETRAC-all,train,train,0.003094378545642096,38.9,38.78,0.1284,0.1129,0,-1,-1,vehicle,PPP,3,False
MVI_63521,63,0,1304,1429,126,True,no_match_before,,,False,0.0,no_match_before,,,False,0.0,no_match_before,,,False,0.0,DETRAC-all,train,train,0.4294298490776971,102.29,71.56,1.0,0.5439,25,1390,1414,vehicle,NNN,0,False
MVI_63521,63,1,1433,1453,21,False,no_match_before,,,False,0.381,no_match_before,,,False,0.381,no_match_before,,,False,0.381,DETRAC-all,train,train,0.12068965517241392,9.1,8.12,0.2457,0.2161,0,-1,-1,vehicle,NNN,0,False
MVI_63521,65,0,1506,1522,17,False,preserved,571.0,571.0,True,1.0,preserved,571.0,571.0,True,1.0,preserved,570.0,570.0,True,1.0,DETRAC-all,train,train,,4.37,2.54,0.1985,0.1828,0,-1,-1,vehicle,PPP,3,False
MVI_63521,65,1,1686,1703,18,False,preserved,571.0,571.0,True,1.0,preserved,571.0,571.0,True,1.0,preserved,570.0,570.0,True,1.0,DETRAC-all,train,train,0.007653061224489832,7.9,7.84,0.192,0.1697,0,-1,-1,vehicle,PPP,3,False
MVI_63521,83,0,1859,1883,25,False,preserved,797.0,797.0,True,1.0,preserved,796.0,796.0,True,1.0,preserved,794.0,794.0,True,1.0,DETRAC-all,train,train,0.0023398654577362343,68.54,68.38,0.2956,0.216,0,-1,-1,vehicle,PPP,3,False
MVI_63544,6,0,2,31,30,True,no_match_before,,,False,0.0667,no_match_before,,,False,0.0667,no_match_before,,,False,0.0667,DETRAC-all,train,train,0.020977837929284426,120.7,118.22,1.0,0.7801,15,11,25,both,NNN,0,False
MVI_63544,8,1,125,138,14,False,switched,60.0,97.0,False,1.0,switched,61.0,100.0,False,1.0,switched,62.0,101.0,False,1.0,DETRAC-all,train,train,0.006822410585073602,48.7,48.37,0.1434,0.1234,0,-1,-1,background,SSS,0,False
MVI_63544,8,2,143,153,11,False,preserved,97.0,97.0,True,1.0,preserved,100.0,100.0,True,1.0,preserved,101.0,101.0,True,1.0,DETRAC-all,train,train,0.0011190689346463056,44.73,44.68,0.1559,0.1285,0,-1,-1,background,PPP,3,False
MVI_63544,8,3,159,220,62,True,lost_after,97.0,,False,0.9516,lost_after,100.0,,False,0.9355,lost_after,101.0,,False,0.9355,DETRAC-all,train,train,0.0038428342443797003,488.49,486.62,0.9928,0.4059,8,165,172,background,LLL,0,False
MVI_63544,10,1,159,265,107,True,preserved,79.0,79.0,False,0.9065,switched,82.0,151.0,False,0.9065,switched,83.0,151.0,False,0.9065,DETRAC-all,train,train,0.010600052460230547,654.98,648.11,0.998,0.3795,9,203,211,both,PSS,1,True
MVI_63544,13,0,438,476,39,False,preserved,231.0,231.0,False,0.3077,preserved,240.0,240.0,False,0.3077,preserved,240.0,240.0,False,0.3077,DETRAC-all,train,train,0.03765527950310554,160.38,154.56,0.3884,0.2974,0,-1,-1,background,PPP,3,False
MVI_63544,14,0,561,572,12,False,preserved,310.0,310.0,False,0.9167,preserved,299.0,299.0,False,0.9167,preserved,299.0,299.0,False,0.9167,DETRAC-all,train,train,0.01001835044388244,203.65,201.63,0.3215,0.2494,0,-1,-1,background,PPP,3,False
MVI_63544,15,0,689,718,30,False,preserved,330.0,330.0,False,0.6667,preserved,319.0,319.0,False,0.6667,preserved,319.0,319.0,False,0.6667,DETRAC-all,train,train,0.002344002586485594,124.01,123.72,0.4615,0.3419,0,-1,-1,background,PPP,3,False
MVI_63544,16,0,821,828,8,False,preserved,409.0,409.0,False,0.5,preserved,398.0,398.0,False,0.5,preserved,398.0,398.0,False,0.5,DETRAC-all,train,train,0.001180455758571064,195.07,194.84,0.3145,0.2576,0,-1,-1,background,PPP,3,False
MVI_63544,17,0,1102,1113,12,False,preserved,461.0,461.0,False,0.5,preserved,450.0,450.0,False,0.5,preserved,450.0,450.0,False,0.5,DETRAC-all,train,train,0.004588112617309736,240.85,239.75,0.2648,0.2347,0,-1,-1,background,PPP,3,False
MVI_63552,21,0,161,181,21,False,no_match_before,,,False,0.7143,no_match_before,,,False,0.7143,no_match_before,,,False,0.7143,DETRAC-all,train,train,0.0016644127743681292,192.58,192.26,0.4538,0.3432,0,-1,-1,vehicle,NNN,0,False
MVI_63552,31,0,252,301,50,False,preserved,106.0,106.0,False,0.8,preserved,109.0,109.0,False,0.8,preserved,109.0,109.0,False,0.8,DETRAC-all,train,train,0.0008197561225535832,488.35,487.95,0.3877,0.2369,0,-1,-1,vehicle,PPP,3,False
MVI_63553,10,0,18,53,36,False,preserved,9.0,9.0,False,0.9722,preserved,9.0,9.0,False,0.9722,preserved,9.0,9.0,False,0.9722,DETRAC-all,train,train,0.00044324532665251937,519.13,518.9,0.3485,0.2571,0,-1,-1,background,PPP,3,False
MVI_63553,10,1,84,87,4,False,lost_after,9.0,,False,0.0,lost_after,9.0,,False,0.0,lost_after,9.0,,False,0.0,DETRAC-all,train,train,0.021957340025094085,16.29,15.94,0.2617,0.1908,0,-1,-1,background,LLL,0,False
MVI_63553,23,0,111,141,31,False,no_match_before,,,False,0.5161,no_match_before,,,False,0.5161,no_match_before,,,False,0.5161,DETRAC-all,train,train,0.000156687185226545,446.82,446.75,0.4827,0.384,0,-1,-1,vehicle,NNN,0,False
MVI_63553,29,0,159,210,52,False,switched,84.0,113.0,False,0.7308,switched,86.0,117.0,False,0.7308,switched,87.0,118.0,False,0.7308,DETRAC-all,train,train,0.001799880007999466,450.84,450.03,0.4399,0.2407,0,-1,-1,vehicle,SSS,0,False
MVI_63553,41,0,263,306,44,False,switched,138.0,177.0,False,0.4091,switched,141.0,179.0,False,0.4091,switched,142.0,180.0,False,0.4091,DETRAC-all,train,train,0.0019203390391684394,302.61,302.03,0.4948,0.3239,0,-1,-1,vehicle,SSS,0,False
MVI_63553,60,1,385,401,17,False,lost_after,216.0,,False,0.2941,lost_after,227.0,,False,0.2941,lost_after,228.0,,False,0.2941,DETRAC-all,train,train,8.003201280515349e-05,124.96,124.95,0.1904,0.1529,0,-1,-1,vehicle,LLL,0,False
MVI_63553,73,0,487,535,49,False,preserved,307.0,307.0,False,0.5306,preserved,315.0,315.0,False,0.4898,preserved,315.0,315.0,False,0.4898,DETRAC-all,train,train,0.0011880435299149728,632.04,631.29,0.468,0.2834,0,-1,-1,background,PPP,3,False
MVI_63553,74,0,516,546,31,False,lost_after,311.0,,False,0.8065,lost_after,319.0,,False,0.8065,lost_after,319.0,,False,0.8065,DETRAC-all,train,train,0.0018164082209288779,297.83,297.29,0.4127,0.2384,0,-1,-1,vehicle,LLL,0,False
MVI_63553,82,0,564,572,9,False,no_match_before,,,False,0.4444,no_match_before,,,False,0.3333,no_match_before,,,False,0.3333,DETRAC-all,train,train,0.020794946038431128,116.34,113.97,0.2168,0.1542,0,-1,-1,background,NNN,0,False
MVI_63553,97,0,673,701,29,False,preserved,411.0,411.0,True,1.0,preserved,423.0,423.0,True,1.0,preserved,423.0,423.0,True,1.0,DETRAC-all,train,train,0.0036383303013913793,408.26,406.78,0.3087,0.2568,0,-1,-1,vehicle,PPP,3,False
MVI_63553,102,0,710,766,57,False,switched,434.0,474.0,False,0.4737,switched,446.0,487.0,False,0.4737,switched,446.0,487.0,False,0.4737,DETRAC-all,train,train,0.001124523395357846,569.77,569.13,0.4441,0.3041,0,-1,-1,vehicle,SSS,0,False
MVI_63553,109,0,760,825,66,False,lost_after,466.0,,False,0.8333,lost_after,478.0,,False,0.8333,lost_after,478.0,,False,0.8333,DETRAC-all,train,train,0.0007901009722259822,747.33,746.74,0.4209,0.2874,0,-1,-1,background,LLL,0,False
MVI_63553,120,0,856,883,28,False,preserved,523.0,523.0,False,0.9286,preserved,544.0,544.0,False,0.9286,preserved,544.0,544.0,False,0.9286,DETRAC-all,train,train,0.0006386339954960185,297.7,297.51,0.2941,0.2423,0,-1,-1,vehicle,PPP,3,False
MVI_63553,123,0,894,938,45,False,preserved,539.0,539.0,False,0.7111,preserved,559.0,559.0,False,0.7333,preserved,559.0,559.0,False,0.7333,DETRAC-all,train,train,0.0025975508805984315,351.24,350.33,0.4423,0.2715,0,-1,-1,vehicle,PPP,3,False
MVI_63553,144,0,1055,1108,54,False,lost_after,660.0,,False,0.6852,lost_after,684.0,,False,0.6852,lost_after,684.0,,False,0.6852,DETRAC-all,train,train,0.000669853545656629,657.3,656.86,0.3105,0.2302,0,-1,-1,background,LLL,0,False
MVI_63553,149,0,1111,1151,41,False,preserved,708.0,708.0,False,0.9756,preserved,733.0,733.0,False,0.9756,preserved,733.0,733.0,False,0.9756,DETRAC-all,train,train,0.0014897673185449989,793.25,792.07,0.4274,0.3172,0,-1,-1,vehicle,PPP,3,False
MVI_63553,156,0,1169,1225,57,False,lost_after,740.0,,False,0.9474,lost_after,764.0,,False,0.9474,lost_after,764.0,,False,0.9474,DETRAC-all,train,train,0.0023015294974508826,688.08,686.5,0.5098,0.3484,0,-1,-1,background,LLL,0,False
MVI_63553,157,0,1181,1201,21,False,no_match_before,,,False,1.0,no_match_before,,,False,0.9524,no_match_before,,,False,0.9524,DETRAC-all,train,train,0.0006604747162022306,242.41,242.25,0.4462,0.308,0,-1,-1,vehicle,NNN,0,False
MVI_63553,166,0,1233,1287,55,False,switched,770.0,816.0,False,0.5455,switched,792.0,837.0,False,0.5636,switched,792.0,837.0,False,0.5636,DETRAC-all,train,train,0.004288640845474978,524.55,522.31,0.6208,0.3457,0,-1,-1,vehicle,SSS,0,False
MVI_63553,170,0,1252,1323,72,False,no_match_before,,,False,0.2917,no_match_before,,,False,0.2917,no_match_before,,,False,0.2917,DETRAC-all,train,train,0.0020427428465310538,647.51,646.19,0.585,0.3971,0,-1,-1,vehicle,NNN,0,False
MVI_63553,170,1,1328,1331,4,False,preserved,839.0,839.0,False,0.5,preserved,860.0,860.0,False,0.5,preserved,859.0,859.0,False,0.5,DETRAC-all,train,train,0.0,18.84,18.84,0.2031,0.1566,0,-1,-1,vehicle,PPP,3,False
MVI_63553,172,1,1313,1326,14,False,preserved,819.0,819.0,False,0.9286,preserved,840.0,840.0,False,0.9286,preserved,840.0,840.0,False,0.9286,DETRAC-all,train,train,0.0009089876150436549,88.09,88.01,0.2434,0.1909,0,-1,-1,vehicle,PPP,3,False
MVI_63553,174,0,1282,1324,43,False,preserved,820.0,820.0,True,1.0,preserved,841.0,841.0,True,1.0,preserved,841.0,841.0,True,1.0,DETRAC-all,train,train,0.0020730901885961384,546.21,545.08,0.5311,0.3258,0,-1,-1,background,PPP,3,False
MVI_63553,180,0,1389,1397,9,False,preserved,857.0,857.0,True,1.0,preserved,878.0,878.0,True,1.0,preserved,877.0,877.0,True,1.0,DETRAC-all,train,train,0.0,48.22,48.22,0.1606,0.1372,0,-1,-1,vehicle,PPP,3,False
MVI_63554,19,0,115,176,62,False,switched,67.0,75.0,False,0.8548,switched,66.0,74.0,False,0.8548,switched,66.0,74.0,False,0.8548,DETRAC-all,train,train,0.0019536615891817544,656.46,655.18,0.6477,0.4712,0,-1,-1,both,SSS,0,False
MVI_63554,23,0,156,200,45,False,switched,83.0,88.0,False,0.7111,switched,82.0,87.0,False,0.6889,switched,82.0,93.0,False,0.7556,DETRAC-all,train,train,0.0003115949998167,545.75,545.58,0.4287,0.3138,0,-1,-1,vehicle,SSS,0,False
MVI_63554,33,0,262,306,45,False,lost_after,135.0,,False,0.9556,lost_after,149.0,,False,0.9556,lost_after,147.0,,False,0.9556,DETRAC-all,train,train,0.0023829740611904793,365.96,365.09,0.4292,0.2713,0,-1,-1,vehicle,LLL,0,False
MVI_63554,58,0,426,446,21,False,preserved,299.0,299.0,False,0.9524,preserved,294.0,294.0,False,0.9524,preserved,292.0,292.0,False,0.9524,DETRAC-all,train,train,0.0006957507666143226,388.34,388.07,0.3979,0.3394,0,-1,-1,vehicle,PPP,3,False
MVI_63554,62,0,458,462,5,False,preserved,316.0,316.0,True,1.0,preserved,311.0,311.0,True,1.0,preserved,309.0,309.0,True,1.0,DETRAC-all,train,train,0.0001874765654292787,53.35,53.34,0.1129,0.1077,0,-1,-1,vehicle,PPP,3,False
MVI_63554,73,0,536,585,50,False,preserved,370.0,370.0,False,0.88,preserved,363.0,363.0,False,0.88,preserved,361.0,361.0,False,0.88,DETRAC-all,train,train,0.00100165946568187,669.56,668.89,0.6061,0.4391,0,-1,-1,background,PPP,3,False
MVI_63554,79,0,566,626,61,True,no_match_before,,,False,0.3934,no_match_before,,,False,0.3934,no_match_before,,,False,0.3934,DETRAC-all,train,train,0.0015272788980966734,708.22,707.14,1.0,0.6204,9,584,592,vehicle,NNN,0,False
MVI_63554,87,0,631,661,31,False,preserved,417.0,417.0,False,0.871,preserved,410.0,410.0,False,0.871,preserved,408.0,408.0,False,0.871,DETRAC-all,train,train,0.000647979264663423,416.95,416.68,0.3082,0.2691,0,-1,-1,vehicle,PPP,3,False
MVI_63554,93,0,670,708,39,False,preserved,441.0,441.0,False,0.7949,preserved,434.0,434.0,False,0.7949,preserved,432.0,432.0,False,0.7949,DETRAC-all,train,train,0.0010597947344934688,538.41,537.84,0.3818,0.2548,0,-1,-1,background,PPP,3,False
MVI_63554,94,0,701,726,26,False,preserved,443.0,443.0,True,1.0,preserved,436.0,436.0,True,1.0,preserved,434.0,434.0,True,1.0,DETRAC-all,train,train,0.00034989503149041035,571.8,571.6,0.2946,0.2295,0,-1,-1,vehicle,PPP,3,False
MVI_63554,95,0,691,741,51,False,preserved,451.0,451.0,False,0.7255,preserved,444.0,444.0,False,0.7059,preserved,442.0,442.0,False,0.7059,DETRAC-all,train,train,0.0008823622096871819,635.22,634.66,0.476,0.328,0,-1,-1,vehicle,PPP,3,False
MVI_63554,126,0,909,945,37,False,lost_after,608.0,,False,0.9189,lost_after,606.0,,False,0.9189,lost_after,605.0,,False,0.9189,DETRAC-all,train,train,0.0015026501284083338,733.14,732.04,0.4752,0.3065,0,-1,-1,vehicle,LLL,0,False
MVI_63554,148,0,1114,1121,8,False,preserved,702.0,702.0,True,1.0,preserved,700.0,700.0,True,1.0,preserved,698.0,698.0,True,1.0,DETRAC-all,train,train,0.0003014318010552408,66.37,66.35,0.2005,0.1795,0,-1,-1,vehicle,PPP,3,False
MVI_63554,152,0,1138,1147,10,False,preserved,722.0,722.0,True,1.0,preserved,718.0,718.0,True,1.0,preserved,716.0,716.0,True,1.0,DETRAC-all,train,train,0.00010895026420443266,183.59,183.57,0.2924,0.2012,0,-1,-1,background,PPP,3,False
MVI_63554,152,1,1182,1183,2,False,preserved,722.0,722.0,True,1.0,preserved,718.0,718.0,True,1.0,preserved,716.0,716.0,True,1.0,DETRAC-all,train,train,0.0,8.14,8.14,0.1185,0.1159,0,-1,-1,background,PPP,3,False
MVI_63561,16,0,90,98,9,False,preserved,83.0,83.0,True,1.0,preserved,81.0,81.0,True,1.0,preserved,81.0,81.0,True,1.0,DETRAC-all,train,train,0.0002956830277942579,101.49,101.46,0.1411,0.1222,0,-1,-1,background,PPP,3,False
MVI_63561,16,1,107,110,4,False,preserved,83.0,83.0,True,1.0,preserved,81.0,81.0,True,1.0,preserved,81.0,81.0,True,1.0,DETRAC-all,train,train,0.0,56.97,56.97,0.1297,0.1149,0,-1,-1,background,PPP,3,False
MVI_63561,21,0,121,148,28,False,preserved,109.0,109.0,True,1.0,preserved,106.0,106.0,True,1.0,preserved,106.0,106.0,True,1.0,DETRAC-all,train,train,0.0008114333577635691,382.35,382.04,0.339,0.251,0,-1,-1,background,PPP,3,False
MVI_63561,28,0,172,196,25,False,preserved,141.0,141.0,False,0.72,preserved,144.0,144.0,False,0.72,preserved,144.0,144.0,False,0.72,DETRAC-all,train,train,0.0007145258910559171,238.09,237.92,0.7192,0.4472,0,-1,-1,vehicle,PPP,3,False
MVI_63561,42,0,236,246,11,False,preserved,258.0,258.0,True,1.0,preserved,265.0,265.0,True,1.0,preserved,264.0,264.0,True,1.0,DETRAC-all,train,train,7.464914899957265e-05,267.94,267.92,0.3236,0.2834,0,-1,-1,vehicle,PPP,3,False
MVI_63561,66,0,387,407,21,False,lost_after,405.0,,False,1.0,lost_after,410.0,,False,1.0,lost_after,409.0,,False,1.0,DETRAC-all,train,train,0.0005669135102575051,282.39,282.23,0.514,0.4247,0,-1,-1,vehicle,LLL,0,False
MVI_63561,71,0,425,472,48,False,switched,436.0,506.0,False,0.5208,switched,441.0,511.0,False,0.5208,switched,440.0,510.0,False,0.5208,DETRAC-all,train,train,0.001538940379028908,579.21,578.32,0.6596,0.4148,0,-1,-1,background,SSS,0,False
MVI_63561,84,0,518,569,52,False,preserved,533.0,533.0,True,1.0,preserved,539.0,539.0,True,1.0,preserved,538.0,538.0,True,1.0,DETRAC-all,train,train,0.0008208746681570567,573.03,572.56,0.4504,0.2596,0,-1,-1,background,PPP,3,False
MVI_63561,100,1,644,649,6,False,preserved,671.0,671.0,False,0.6667,preserved,669.0,669.0,False,0.6667,preserved,670.0,670.0,False,0.6667,DETRAC-all,train,train,0.003074820635462938,29.36,29.27,0.1288,0.1135,0,-1,-1,background,PPP,3,False
MVI_63561,100,2,656,679,24,False,preserved,671.0,671.0,False,0.9167,preserved,669.0,669.0,False,0.9167,preserved,670.0,670.0,False,0.9167,DETRAC-all,train,train,0.00022595806218372871,221.33,221.28,0.1934,0.1425,0,-1,-1,background,PPP,3,False
MVI_63561,101,0,614,625,12,False,preserved,669.0,669.0,True,1.0,preserved,667.0,667.0,True,1.0,preserved,668.0,668.0,True,1.0,DETRAC-all,train,train,0.0053100701687844865,53.01,52.73,0.1696,0.1437,0,-1,-1,vehicle,PPP,3,False
MVI_63561,102,0,625,672,48,False,preserved,662.0,662.0,False,0.7917,preserved,660.0,660.0,False,0.7917,preserved,661.0,661.0,False,0.7917,DETRAC-all,train,train,0.0018269230769230038,312.57,312.0,0.4679,0.304,0,-1,-1,vehicle,PPP,3,False
MVI_63561,107,1,708,738,31,False,switched,703.0,768.0,False,0.4839,switched,701.0,766.0,False,0.4839,switched,702.0,767.0,False,0.4839,DETRAC-all,train,train,0.0005559158713979162,431.96,431.72,0.3937,0.2419,0,-1,-1,background,SSS,0,False
MVI_63561,108,0,673,732,60,False,preserved,694.0,694.0,False,0.9833,switched,692.0,723.0,False,1.0,switched,693.0,724.0,False,1.0,DETRAC-all,train,train,0.001990445859872514,453.06,452.16,0.3068,0.2281,0,-1,-1,vehicle,PSS,1,True
MVI_63561,128,0,875,891,17,False,preserved,865.0,865.0,True,1.0,preserved,862.0,862.0,True,1.0,preserved,865.0,865.0,True,1.0,DETRAC-all,train,train,5.0763998172387303e-05,197.0,196.99,0.2731,0.232,0,-1,-1,vehicle,PPP,3,False
MVI_63561,144,0,949,952,4,False,preserved,948.0,948.0,True,1.0,preserved,942.0,942.0,True,1.0,preserved,945.0,945.0,True,1.0,DETRAC-all,train,train,0.008192244675041094,18.46,18.31,0.1706,0.1415,0,-1,-1,vehicle,PPP,3,False
MVI_63561,164,0,1082,1131,50,False,switched,1084.0,1141.0,False,0.84,switched,1069.0,1128.0,False,0.84,switched,1069.0,1128.0,False,0.84,DETRAC-all,train,train,0.00039893375886279614,551.69,551.47,0.4126,0.2817,0,-1,-1,vehicle,SSS,0,False
MVI_63561,177,0,1206,1255,50,True,switched,1195.0,1226.0,False,0.34,switched,1182.0,1213.0,False,0.34,switched,1182.0,1212.0,False,0.34,DETRAC-all,train,train,0.005159641773442747,818.21,814.01,1.0,0.6905,18,1218,1235,vehicle,SSS,0,False
MVI_63562,5,0,11,43,33,False,preserved,4.0,4.0,True,1.0,preserved,4.0,4.0,False,0.9394,preserved,4.0,4.0,False,0.9394,DETRAC-all,train,train,0.00023980815347734996,458.81,458.7,0.3919,0.203,0,-1,-1,background,PPP,3,False
MVI_63562,11,1,73,93,21,False,switched,31.0,64.0,False,0.619,switched,31.0,60.0,False,0.619,switched,31.0,60.0,False,0.619,DETRAC-all,train,train,0.00046689700252144917,321.42,321.27,0.4794,0.315,0,-1,-1,background,SSS,0,False
MVI_63562,18,0,105,106,2,False,preserved,77.0,77.0,True,1.0,preserved,73.0,73.0,True,1.0,preserved,73.0,73.0,True,1.0,DETRAC-all,train,train,0.0,7.39,7.39,0.1377,0.1218,0,-1,-1,background,PPP,3,False
MVI_63562,18,1,120,146,27,False,preserved,77.0,77.0,True,1.0,preserved,73.0,73.0,True,1.0,preserved,73.0,73.0,True,1.0,DETRAC-all,train,train,0.000457537937520458,393.59,393.41,0.229,0.1704,0,-1,-1,background,PPP,3,False
MVI_63562,23,0,151,201,51,False,lost_after,111.0,,False,0.6275,lost_after,107.0,,False,0.6078,lost_after,107.0,,False,0.6078,DETRAC-all,train,train,0.0014659757261694661,587.5,586.64,0.6207,0.3802,0,-1,-1,vehicle,LLL,0,False
MVI_63562,24,0,168,195,28,False,switched,117.0,111.0,False,0.7857,switched,113.0,107.0,False,0.8214,switched,113.0,107.0,False,0.8214,DETRAC-all,train,train,0.0015606074722818164,429.99,429.32,0.4075,0.249,0,-1,-1,background,SSS,0,False
MVI_63562,30,0,205,245,41,False,no_match_before,,,False,0.9756,no_match_before,,,False,0.9512,no_match_before,,,False,0.9512,DETRAC-all,train,train,0.0006198812833422274,532.69,532.36,0.2031,0.1314,0,-1,-1,background,NNN,0,False
MVI_63562,31,1,248,271,24,False,lost_after,181.0,,False,0.6667,lost_after,179.0,,False,0.6667,lost_after,179.0,,False,0.6667,DETRAC-all,train,train,0.0011534334763949605,373.23,372.8,0.3598,0.2703,0,-1,-1,vehicle,LLL,0,False
MVI_63562,40,0,298,330,33,False,preserved,244.0,244.0,True,1.0,preserved,242.0,242.0,True,1.0,preserved,242.0,242.0,True,1.0,DETRAC-all,train,train,0.0016371205388465704,428.28,427.58,0.5127,0.377,0,-1,-1,background,PPP,3,False
MVI_63562,109,1,959,996,38,False,preserved,644.0,644.0,True,1.0,preserved,637.0,637.0,True,1.0,preserved,637.0,637.0,True,1.0,DETRAC-all,train,train,0.0008328081390114317,444.65,444.28,0.3762,0.2408,0,-1,-1,background,PPP,3,False
MVI_63563,8,0,22,45,24,False,preserved,19.0,19.0,True,1.0,preserved,19.0,19.0,True,1.0,preserved,19.0,19.0,True,1.0,DETRAC-all,train,train,0.00016705956601636984,538.82,538.73,0.3346,0.2434,0,-1,-1,vehicle,PPP,3,False
MVI_63563,10,0,31,80,50,False,preserved,25.0,25.0,True,1.0,preserved,24.0,24.0,True,1.0,preserved,24.0,24.0,True,1.0,DETRAC-all,train,train,0.00032344279318397007,587.62,587.43,0.379,0.2125,0,-1,-1,background,PPP,3,False
MVI_63563,13,0,92,115,24,False,preserved,40.0,40.0,False,0.875,preserved,38.0,38.0,False,0.8333,preserved,38.0,38.0,False,0.8333,DETRAC-all,train,train,0.0006581771354987609,349.68,349.45,0.2623,0.1765,0,-1,-1,background,PPP,3,False
MVI_63563,16,1,118,168,51,False,preserved,63.0,63.0,True,1.0,preserved,62.0,62.0,True,1.0,preserved,62.0,62.0,True,1.0,DETRAC-all,train,train,0.0010641505418298447,564.43,563.83,0.5091,0.3008,0,-1,-1,background,PPP,3,False
MVI_63563,18,0,141,146,6,False,preserved,58.0,58.0,True,1.0,preserved,57.0,57.0,True,1.0,preserved,57.0,57.0,True,1.0,DETRAC-all,train,train,0.010418794688457522,49.46,48.95,0.2546,0.1894,0,-1,-1,vehicle,PPP,3,False
MVI_63563,37,1,253,262,10,False,preserved,165.0,165.0,False,0.8,preserved,163.0,163.0,False,0.9,preserved,163.0,163.0,False,0.9,DETRAC-all,train,train,0.000300120048019048,66.66,66.64,0.1891,0.1399,0,-1,-1,background,PPP,3,False
MVI_63563,37,2,276,299,24,False,preserved,165.0,165.0,False,0.5417,preserved,163.0,163.0,False,0.5417,preserved,163.0,163.0,False,0.5417,DETRAC-all,train,train,0.00046641791044765846,343.2,343.04,0.4176,0.2534,0,-1,-1,background,PPP,3,False
MVI_63563,75,0,540,574,35,False,preserved,374.0,374.0,True,1.0,preserved,356.0,356.0,True,1.0,preserved,356.0,356.0,True,1.0,DETRAC-all,train,train,2.016169680829627e-05,496.0,495.99,0.2628,0.1968,0,-1,-1,background,PPP,3,False
MVI_63563,90,0,649,679,31,False,switched,432.0,486.0,False,1.0,switched,419.0,473.0,False,1.0,switched,419.0,473.0,False,1.0,DETRAC-all,train,train,6.888317413666911e-05,435.55,435.52,0.3114,0.1881,0,-1,-1,background,SSS,0,False
MVI_63563,109,0,876,883,8,False,preserved,555.0,555.0,True,1.0,preserved,544.0,544.0,True,1.0,preserved,543.0,543.0,True,1.0,DETRAC-all,train,train,0.0033149171270718814,27.24,27.15,0.2653,0.2069,0,-1,-1,vehicle,PPP,3,False
MVI_63563,109,1,887,930,44,False,preserved,555.0,555.0,False,0.7273,preserved,544.0,544.0,False,0.7273,preserved,543.0,543.0,False,0.7273,DETRAC-all,train,train,0.0029013890400027,276.53,275.73,0.6745,0.3978,0,-1,-1,vehicle,PPP,3,False
MVI_63563,111,0,889,920,32,False,preserved,569.0,569.0,True,1.0,preserved,558.0,558.0,True,1.0,preserved,557.0,557.0,True,1.0,DETRAC-all,train,train,0.00032457696801846403,462.29,462.14,0.2752,0.1752,0,-1,-1,background,PPP,3,False
MVI_63563,115,0,937,958,22,False,preserved,591.0,591.0,True,1.0,preserved,580.0,580.0,True,1.0,preserved,579.0,579.0,True,1.0,DETRAC-all,train,train,9.402914903611226e-05,319.08,319.05,0.2902,0.1804,0,-1,-1,background,PPP,3,False
MVI_63563,117,0,984,1002,19,False,preserved,615.0,615.0,False,0.8421,preserved,603.0,603.0,False,0.8421,preserved,602.0,602.0,False,0.8421,DETRAC-all,train,train,0.0009896981420667306,222.51,222.29,0.2602,0.1743,0,-1,-1,vehicle,PPP,3,False
MVI_63563,128,0,1124,1136,13,False,preserved,660.0,660.0,False,0.6154,preserved,648.0,648.0,False,0.6154,preserved,647.0,647.0,False,0.6154,DETRAC-all,train,train,0.00042995342171270323,139.61,139.55,0.5215,0.3726,0,-1,-1,vehicle,PPP,3,False
MVI_63563,132,0,1098,1107,10,False,preserved,675.0,675.0,True,1.0,preserved,663.0,663.0,True,1.0,preserved,662.0,662.0,True,1.0,DETRAC-all,train,train,0.0019149751053235686,52.32,52.22,0.4669,0.3012,0,-1,-1,vehicle,PPP,3,False
MVI_63563,132,1,1143,1166,24,False,switched,675.0,697.0,False,0.5417,switched,663.0,685.0,False,0.5417,switched,662.0,685.0,False,0.5417,DETRAC-all,train,train,0.0008874904191376043,248.11,247.89,0.6594,0.4294,0,-1,-1,vehicle,SSS,0,False
MVI_63563,139,1,1149,1190,42,False,preserved,717.0,717.0,False,0.5952,switched,705.0,691.0,False,0.6429,preserved,705.0,705.0,False,0.5714,DETRAC-all,train,train,0.0012169151201704143,394.92,394.44,0.7255,0.4233,0,-1,-1,vehicle,PSP,2,True
MVI_63563,142,1,1141,1168,28,False,preserved,702.0,702.0,True,1.0,switched,691.0,726.0,False,0.9286,preserved,691.0,691.0,True,1.0,DETRAC-all,train,train,0.00017570986786630272,284.61,284.56,0.409,0.2775,0,-1,-1,vehicle,PSP,2,True
MVI_63563,143,0,1123,1130,8,False,no_match_before,,,False,0.75,no_match_before,,,False,0.75,no_match_before,,,False,0.75,DETRAC-all,train,train,0.00019727756954046605,50.7,50.69,0.1694,0.1388,0,-1,-1,background,NNN,0,False
MVI_63563,143,1,1134,1170,37,False,preserved,718.0,718.0,True,1.0,preserved,706.0,706.0,True,1.0,preserved,706.0,706.0,True,1.0,DETRAC-all,train,train,0.00039236458517244444,509.93,509.73,0.4897,0.3176,0,-1,-1,background,PPP,3,False
MVI_63563,145,0,1160,1178,19,False,preserved,735.0,735.0,True,1.0,preserved,723.0,723.0,True,1.0,preserved,723.0,723.0,True,1.0,DETRAC-all,train,train,0.0018135889630157553,154.67,154.39,0.4787,0.3463,0,-1,-1,vehicle,PPP,3,False
MVI_63563,148,0,1198,1227,30,False,lost_after,758.0,,False,0.6,lost_after,745.0,,False,0.6,lost_after,746.0,,False,0.6,DETRAC-all,train,train,0.001637472259927053,464.89,464.13,0.446,0.2897,0,-1,-1,vehicle,LLL,0,False
MVI_63563,171,0,1332,1343,12,False,preserved,823.0,823.0,True,1.0,preserved,809.0,809.0,True,1.0,preserved,810.0,810.0,True,1.0,DETRAC-all,train,train,0.0008697027197976936,126.59,126.48,0.4214,0.3641,0,-1,-1,vehicle,PPP,3,False
MVI_39031,4,0,470,473,4,False,no_match_before,,,False,0.0,no_match_before,,,False,0.0,no_match_before,,,False,0.0,DETRAC-test,test,test,,0.64,0.22,0.1126,0.1063,0,-1,-1,vehicle,NNN,0,False
MVI_39031,4,1,482,543,62,False,no_match_before,,,False,0.0,no_match_before,,,False,0.0,no_match_before,,,False,0.0,DETRAC-test,test,test,0.6936466492602262,19.46,11.49,0.233,0.1602,0,-1,-1,vehicle,NNN,0,False
MVI_39031,4,2,550,551,2,False,no_match_before,,,False,0.0,no_match_before,,,False,0.0,no_match_before,,,False,0.0,DETRAC-test,test,test,,0.15,0.15,0.1119,0.1083,0,-1,-1,vehicle,NNN,0,False
MVI_39031,4,3,565,582,18,False,no_match_before,,,False,0.0,no_match_before,,,False,0.0,no_match_before,,,False,0.0,DETRAC-test,test,test,,4.56,1.91,0.1577,0.1312,0,-1,-1,vehicle,NNN,0,False
MVI_39031,9,1,275,278,4,False,no_match_before,,,False,0.0,no_match_before,,,False,0.0,no_match_before,,,False,0.0,DETRAC-test,test,test,,1.92,1.82,0.1225,0.1115,0,-1,-1,vehicle,NNN,0,False
MVI_39031,11,0,303,307,5,False,no_match_before,,,False,0.0,no_match_before,,,False,0.0,no_match_before,,,False,0.0,DETRAC-test,test,test,,1.31,1.3,0.1625,0.1369,0,-1,-1,vehicle,NNN,0,False
MVI_39031,11,1,315,317,3,False,no_match_before,,,False,0.0,no_match_before,,,False,0.0,no_match_before,,,False,0.0,DETRAC-test,test,test,,0.65,0.44,0.1618,0.1354,0,-1,-1,vehicle,NNN,0,False
MVI_39031,12,0,566,568,3,False,no_match_before,,,False,0.0,no_match_before,,,False,0.0,no_match_before,,,False,0.0,DETRAC-test,test,test,,0.42,0.42,0.1157,0.1096,0,-1,-1,vehicle,NNN,0,False
MVI_39031,17,0,594,598,5,False,no_match_before,,,False,0.0,no_match_before,,,False,0.0,no_match_before,,,False,0.0,DETRAC-test,test,test,,1.58,0.78,0.1695,0.1394,0,-1,-1,vehicle,NNN,0,False
MVI_39031,17,1,604,633,30,False,no_match_before,,,False,0.0,no_match_before,,,False,0.0,no_match_before,,,False,0.0,DETRAC-test,test,test,,12.42,3.95,0.1651,0.1439,0,-1,-1,vehicle,NNN,0,False
MVI_39031,17,2,650,654,5,False,no_match_before,,,False,0.0,no_match_before,,,False,0.0,no_match_before,,,False,0.0,DETRAC-test,test,test,,1.54,0.54,0.1325,0.1162,0,-1,-1,vehicle,NNN,0,False
MVI_39031,22,1,1034,1048,15,False,no_match_before,,,False,0.0,no_match_before,,,False,0.0,no_match_before,,,False,0.0,DETRAC-test,test,test,,5.5,4.72,0.3164,0.1919,0,-1,-1,vehicle,NNN,0,False
MVI_39031,22,2,1053,1074,22,False,no_match_before,,,False,0.0,no_match_before,,,False,0.0,no_match_before,,,False,0.0,DETRAC-test,test,test,,16.77,4.08,0.2036,0.152,0,-1,-1,vehicle,NNN,0,False
MVI_39031,22,3,1121,1122,2,False,preserved,90.0,90.0,True,1.0,preserved,94.0,94.0,True,1.0,preserved,91.0,91.0,True,1.0,DETRAC-test,test,test,,0.44,0.44,0.1148,0.1089,0,-1,-1,vehicle,PPP,3,False
MVI_39031,24,1,1144,1147,4,False,no_match_before,,,False,0.0,no_match_before,,,False,0.0,no_match_before,,,False,0.0,DETRAC-test,test,test,,1.89,1.32,0.118,0.1084,0,-1,-1,vehicle,NNN,0,False
MVI_39031,26,1,1147,1152,6,False,preserved,103.0,103.0,True,1.0,preserved,107.0,107.0,True,1.0,preserved,104.0,104.0,True,1.0,DETRAC-test,test,test,,2.25,2.24,0.1834,0.1431,0,-1,-1,vehicle,PPP,3,False
MVI_39031,29,1,1190,1193,4,False,no_match_before,,,False,0.0,no_match_before,,,False,0.0,no_match_before,,,False,0.0,DETRAC-test,test,test,,1.56,0.68,0.1222,0.1113,0,-1,-1,vehicle,NNN,0,False
MVI_39031,29,2,1221,1225,5,False,no_match_before,,,False,0.0,no_match_before,,,False,0.0,no_match_before,,,False,0.0,DETRAC-test,test,test,,3.25,3.25,0.105,0.1031,0,-1,-1,vehicle,NNN,0,False
MVI_39031,31,1,1239,1248,10,False,switched,128.0,143.0,False,0.4,switched,131.0,148.0,False,0.4,switched,129.0,146.0,False,0.4,DETRAC-test,test,test,,5.09,4.29,0.1409,0.122,0,-1,-1,vehicle,SSS,0,False
MVI_39031,32,1,1264,1277,14,False,no_match_before,,,False,0.2857,no_match_before,,,False,0.2857,no_match_before,,,False,0.2857,DETRAC-test,test,test,0.3080229226361031,9.13,6.98,0.1488,0.1343,0,-1,-1,vehicle,NNN,0,False
MVI_39031,37,1,1314,1318,5,False,no_match_before,,,False,0.0,no_match_before,,,False,0.0,no_match_before,,,False,0.0,DETRAC-test,test,test,,0.49,0.48,0.1263,0.1136,0,-1,-1,vehicle,NNN,0,False
MVI_39051,24,0,741,801,61,False,preserved,221.0,221.0,True,1.0,preserved,222.0,222.0,True,1.0,preserved,223.0,223.0,True,1.0,DETRAC-test,test,test,0.0029237008393852015,212.68,212.06,0.2866,0.2114,0,-1,-1,vehicle,PPP,3,False
MVI_39211,8,0,148,159,12,False,preserved,21.0,21.0,True,1.0,preserved,21.0,21.0,True,1.0,preserved,21.0,21.0,True,1.0,DETRAC-test,test,test,0.003913894324853118,5.13,5.11,0.1807,0.1502,0,-1,-1,vehicle,PPP,3,False
MVI_39271,4,1,175,177,3,False,preserved,12.0,12.0,True,1.0,preserved,12.0,12.0,True,1.0,preserved,12.0,12.0,True,1.0,DETRAC-test,test,test,,3.98,3.98,0.1097,0.106,0,-1,-1,vehicle,PPP,3,False
MVI_39271,4,2,183,204,22,False,preserved,12.0,12.0,True,1.0,preserved,12.0,12.0,True,1.0,preserved,12.0,12.0,True,1.0,DETRAC-test,test,test,0.03674469243331524,38.09,36.74,0.1619,0.1346,0,-1,-1,vehicle,PPP,3,False
MVI_39271,4,3,277,285,9,False,switched,12.0,34.0,False,0.8889,switched,12.0,35.0,False,0.8889,switched,12.0,35.0,False,0.8889,DETRAC-test,test,test,,3.52,3.08,0.2035,0.1607,0,-1,-1,vehicle,SSS,0,False
MVI_39271,4,4,332,351,20,False,switched,37.0,12.0,False,0.7,switched,38.0,12.0,False,0.75,switched,38.0,12.0,False,0.75,DETRAC-test,test,test,,8.51,1.3,0.1361,0.1205,0,-1,-1,vehicle,SSS,0,False
MVI_39271,4,5,430,460,31,False,switched,12.0,77.0,False,0.9677,switched,12.0,79.0,False,0.9677,switched,12.0,79.0,False,0.9677,DETRAC-test,test,test,,0.0,0.0,0.1617,0.136,0,-1,-1,vehicle,SSS,0,False
MVI_39271,4,6,493,524,32,False,preserved,12.0,12.0,False,0.7812,preserved,12.0,12.0,False,0.8125,preserved,12.0,12.0,False,0.8125,DETRAC-test,test,test,,0.0,0.0,0.1778,0.1431,0,-1,-1,vehicle,PPP,3,False
MVI_39271,4,7,571,586,16,False,switched,12.0,111.0,False,0.9375,switched,12.0,128.0,False,1.0,switched,12.0,128.0,False,1.0,DETRAC-test,test,test,,0.0,0.0,0.1408,0.123,0,-1,-1,vehicle,SSS,0,False
MVI_39271,4,8,627,638,12,False,preserved,12.0,12.0,False,1.0,preserved,12.0,12.0,False,0.9167,preserved,12.0,12.0,False,0.9167,DETRAC-test,test,test,,0.0,0.0,0.1151,0.1078,0,-1,-1,vehicle,PPP,3,False
MVI_39271,4,9,657,686,30,False,preserved,12.0,12.0,False,0.8,preserved,12.0,12.0,False,0.8,preserved,12.0,12.0,False,0.8,DETRAC-test,test,test,,0.0,0.0,0.1864,0.1516,0,-1,-1,vehicle,PPP,3,False
MVI_39271,4,10,704,722,19,False,switched,12.0,153.0,False,0.9474,switched,12.0,161.0,False,0.9474,switched,12.0,161.0,False,0.9474,DETRAC-test,test,test,,0.0,0.0,0.1288,0.1175,0,-1,-1,vehicle,SSS,0,False
MVI_39271,4,11,739,789,51,False,switched,153.0,178.0,False,0.3137,switched,161.0,186.0,False,0.3137,switched,161.0,185.0,False,0.3137,DETRAC-test,test,test,,0.0,0.0,0.2167,0.1633,0,-1,-1,vehicle,SSS,0,False
MVI_39271,4,12,838,885,48,False,switched,178.0,294.0,False,0.0625,switched,186.0,297.0,False,0.0625,switched,185.0,300.0,False,0.0625,DETRAC-test,test,test,,3.33,3.33,0.225,0.1709,0,-1,-1,vehicle,SSS,0,False
MVI_39271,4,13,911,963,53,False,switched,294.0,340.0,False,0.2264,switched,297.0,342.0,False,0.2264,switched,300.0,345.0,False,0.2264,DETRAC-test,test,test,0.14641925195708883,39.54,34.49,0.1934,0.1507,0,-1,-1,vehicle,SSS,0,False
MVI_39271,4,14,1027,1184,158,False,preserved,340.0,340.0,False,0.9937,preserved,342.0,342.0,False,0.9937,preserved,345.0,345.0,False,0.9937,DETRAC-test,test,test,0.020302075232286887,498.54,488.62,0.3896,0.2009,0,-1,-1,vehicle,PPP,3,False
MVI_39271,4,15,1193,1212,20,False,switched,340.0,570.0,False,0.85,switched,342.0,582.0,False,0.85,switched,345.0,590.0,False,0.85,DETRAC-test,test,test,0.025034770514603677,44.22,43.14,0.2702,0.1982,0,-1,-1,vehicle,SSS,0,False
MVI_39271,6,0,258,276,19,False,preserved,22.0,22.0,True,1.0,preserved,22.0,22.0,True,1.0,preserved,22.0,22.0,True,1.0,DETRAC-test,test,test,0.001517067003792727,79.22,79.1,0.6746,0.471,0,-1,-1,vehicle,PPP,3,False
MVI_39271,7,0,324,388,65,False,preserved,28.0,28.0,False,0.8769,preserved,29.0,29.0,False,0.8769,preserved,29.0,29.0,False,0.8769,DETRAC-test,test,test,0.002050535785156793,302.98,302.36,0.5943,0.3652,0,-1,-1,vehicle,PPP,3,False
MVI_39271,9,0,399,433,35,False,preserved,38.0,38.0,True,1.0,preserved,39.0,39.0,True,1.0,preserved,39.0,39.0,True,1.0,DETRAC-test,test,test,0.02070280577499317,74.94,73.42,0.432,0.2614,0,-1,-1,vehicle,PPP,3,False
MVI_39271,9,1,498,525,28,False,preserved,38.0,38.0,True,1.0,preserved,39.0,39.0,True,1.0,preserved,39.0,39.0,True,1.0,DETRAC-test,test,test,0.0026411592547648244,140.46,140.09,0.4185,0.2643,0,-1,-1,vehicle,PPP,3,False
MVI_39271,9,2,539,558,20,False,preserved,38.0,38.0,False,0.7,preserved,39.0,39.0,False,0.7,preserved,39.0,39.0,False,0.7,DETRAC-test,test,test,0.004931649074234379,116.15,115.58,0.5639,0.3732,0,-1,-1,vehicle,PPP,3,False
MVI_39271,12,1,479,517,39,False,preserved,52.0,52.0,False,0.7692,preserved,54.0,54.0,False,0.7692,preserved,54.0,54.0,False,0.7692,DETRAC-test,test,test,0.006808676198813313,103.51,102.81,0.5115,0.3101,0,-1,-1,vehicle,PPP,3,False
MVI_39271,12,2,561,598,38,False,preserved,52.0,52.0,True,1.0,preserved,54.0,54.0,True,1.0,preserved,54.0,54.0,True,1.0,DETRAC-test,test,test,0.00061264082230017,293.99,293.81,0.5729,0.3426,0,-1,-1,vehicle,PPP,3,False
MVI_39271,16,1,572,602,31,False,preserved,106.0,106.0,True,1.0,preserved,113.0,113.0,True,1.0,preserved,113.0,113.0,True,1.0,DETRAC-test,test,test,0.027806925498426116,39.18,38.12,0.4088,0.2706,0,-1,-1,vehicle,PPP,3,False
MVI_39271,22,0,729,765,37,False,no_match_before,,,False,0.0,no_match_before,,,False,0.0,no_match_before,,,False,0.0,DETRAC-test,test,test,0.2918367346938775,25.32,19.6,0.1778,0.1393,0,-1,-1,vehicle,NNN,0,False
MVI_39271,22,1,774,927,154,False,no_match_before,,,False,0.0,no_match_before,,,False,0.0,no_match_before,,,False,0.0,DETRAC-test,test,test,1.0629629629629629,11.14,5.4,0.3677,0.2394,0,-1,-1,vehicle,NNN,0,False
MVI_39271,22,2,985,1127,143,False,switched,326.0,507.0,False,0.3077,switched,328.0,508.0,False,0.3077,switched,331.0,516.0,False,0.3077,DETRAC-test,test,test,0.0,5.67,5.67,0.2603,0.1661,0,-1,-1,vehicle,SSS,0,False
MVI_39271,22,3,1217,1314,98,False,switched,507.0,618.0,False,0.9388,switched,508.0,631.0,False,0.9286,switched,516.0,641.0,False,0.898,DETRAC-test,test,test,0.13988062940857304,105.04,92.15,0.2247,0.1681,0,-1,-1,vehicle,SSS,0,False
MVI_39271,25,1,889,947,59,False,preserved,254.0,254.0,True,1.0,preserved,257.0,257.0,True,1.0,preserved,260.0,260.0,True,1.0,DETRAC-test,test,test,0.0017205017205017548,360.98,360.36,0.4003,0.2468,0,-1,-1,vehicle,PPP,3,False
MVI_39271,28,1,923,1027,105,False,preserved,305.0,305.0,True,1.0,preserved,308.0,308.0,True,1.0,preserved,311.0,311.0,True,1.0,DETRAC-test,test,test,0.002447959752165163,593.78,592.33,0.4721,0.3653,0,-1,-1,vehicle,PPP,3,False
MVI_39271,32,0,966,1027,62,False,switched,352.0,364.0,False,0.6452,switched,354.0,366.0,False,0.6452,preserved,357.0,357.0,False,0.6129,DETRAC-test,test,test,0.017661626694473354,156.15,153.44,0.6435,0.427,0,-1,-1,vehicle,SSP,1,True
MVI_39271,34,1,1029,1109,81,False,preserved,380.0,380.0,False,0.8765,preserved,382.0,382.0,False,0.8765,switched,385.0,471.0,False,0.8519,DETRAC-test,test,test,0.010549305641406104,245.23,242.67,0.5721,0.3469,0,-1,-1,vehicle,PPS,2,True
MVI_39271,36,1,1110,1166,57,False,preserved,392.0,392.0,False,0.6842,preserved,394.0,394.0,False,0.6842,preserved,399.0,399.0,False,0.6842,DETRAC-test,test,test,0.0024066483661113747,266.57,265.93,0.8421,0.4991,0,-1,-1,vehicle,PPP,3,False
MVI_39271,37,0,1066,1115,50,False,switched,427.0,405.0,False,0.44,switched,419.0,430.0,False,0.44,switched,424.0,435.0,False,0.42,DETRAC-test,test,test,0.00924937744574894,85.11,84.33,0.8395,0.5567,0,-1,-1,vehicle,SSS,0,False
MVI_39271,40,0,1203,1255,53,False,preserved,502.0,502.0,False,0.9245,preserved,503.0,503.0,False,0.9245,preserved,511.0,511.0,False,0.9245,DETRAC-test,test,test,0.009549795361528002,133.2,131.94,0.5498,0.3314,0,-1,-1,vehicle,PPP,3,False
MVI_39311,3,0,83,160,78,True,switched,2.0,127.0,False,0.6154,switched,2.0,121.0,False,0.6154,switched,2.0,123.0,False,0.6154,DETRAC-test,test,test,0.0398844572825241,93.6,90.01,0.9512,0.5596,9,117,125,vehicle,SSS,0,False
MVI_39311,3,1,225,273,49,True,preserved,127.0,127.0,False,0.4082,preserved,121.0,121.0,False,0.5102,preserved,123.0,123.0,False,0.4898,DETRAC-test,test,test,5.76605504587156,44.25,6.54,1.0,0.7436,21,241,261,vehicle,PPP,3,False
MVI_39311,5,1,271,332,62,False,preserved,2.0,2.0,True,1.0,preserved,2.0,2.0,True,1.0,preserved,2.0,2.0,True,1.0,DETRAC-test,test,test,,18.06,4.48,0.1848,0.1375,0,-1,-1,vehicle,PPP,3,False
MVI_39311,6,1,213,219,7,False,preserved,6.0,6.0,True,1.0,preserved,6.0,6.0,True,1.0,preserved,6.0,6.0,True,1.0,DETRAC-test,test,test,,1.6,1.6,0.1391,0.1206,0,-1,-1,vehicle,PPP,3,False
MVI_39311,6,2,230,236,7,False,preserved,6.0,6.0,True,1.0,preserved,6.0,6.0,True,1.0,preserved,6.0,6.0,True,1.0,DETRAC-test,test,test,,0.38,0.38,0.1203,0.1175,0,-1,-1,vehicle,PPP,3,False
MVI_39311,6,3,747,1497,751,True,switched,6.0,1442.0,False,0.1997,switched,6.0,1450.0,False,0.2024,switched,6.0,1440.0,False,0.1997,DETRAC-test,test,test,16.461730865432717,349.06,19.99,1.0,0.4542,68,917,991,vehicle,SSS,0,False
MVI_39311,7,0,514,667,154,False,preserved,437.0,437.0,False,1.0,preserved,427.0,427.0,False,1.0,preserved,424.0,424.0,False,1.0,DETRAC-test,test,test,,46.65,1.63,0.7055,0.4567,0,-1,-1,vehicle,PPP,3,False
MVI_39311,7,1,711,792,82,True,switched,437.0,701.0,False,0.4024,switched,427.0,685.0,False,0.4024,switched,424.0,686.0,False,0.4024,DETRAC-test,test,test,,0.0,0.0,0.9803,0.5094,8,730,741,vehicle,SSS,0,False
MVI_39311,7,2,797,818,22,False,no_match_before,,,False,0.5455,no_match_before,,,False,0.5455,no_match_before,,,False,0.5455,DETRAC-test,test,test,0.0,7.16,7.16,0.2199,0.164,0,-1,-1,vehicle,NNN,0,False
MVI_39311,7,3,822,1201,380,True,switched,701.0,955.0,False,0.4526,switched,685.0,939.0,False,0.4526,switched,686.0,937.0,False,0.4526,DETRAC-test,test,test,3.2780569514237854,25.54,5.97,1.0,0.534,98,873,970,vehicle,SSS,0,False
MVI_39311,11,1,184,208,25,False,preserved,96.0,96.0,True,1.0,preserved,91.0,91.0,True,1.0,preserved,93.0,93.0,True,1.0,DETRAC-test,test,test,0.18759689922480605,22.98,19.35,0.1988,0.1497,0,-1,-1,vehicle,PPP,3,False
MVI_39311,12,0,96,156,61,False,no_match_before,,,False,0.9344,no_match_before,,,False,0.9344,no_match_before,,,False,0.9344,DETRAC-test,test,test,0.08935005043954458,75.59,69.39,0.358,0.2576,0,-1,-1,vehicle,NNN,0,False
MVI_39311,13,1,930,1417,488,True,switched,267.0,1364.0,False,0.0266,switched,100.0,1374.0,False,0.0266,switched,262.0,1362.0,False,0.0266,DETRAC-test,test,test,0.0,16.54,16.54,1.0,0.8854,349,961,1361,vehicle,SSS,0,False
MVI_39311,16,0,235,401,167,True,switched,162.0,337.0,False,0.1198,switched,157.0,328.0,False,0.1138,switched,159.0,328.0,False,0.1198,DETRAC-test,test,test,0.7168574243917227,453.01,263.86,1.0,0.8062,102,258,359,vehicle,SSS,0,False
MVI_39311,18,1,383,427,45,False,preserved,202.0,202.0,True,1.0,preserved,199.0,199.0,True,1.0,preserved,203.0,203.0,True,1.0,DETRAC-test,test,test,0.053355335533553205,38.3,36.36,0.1795,0.1386,0,-1,-1,vehicle,PPP,3,False
MVI_39311,18,2,575,918,344,True,switched,202.0,769.0,False,0.1047,switched,199.0,754.0,False,0.1047,switched,203.0,756.0,False,0.1047,DETRAC-test,test,test,0.4741752298539752,109.03,73.96,1.0,0.8139,190,633,880,vehicle,SSS,0,False
MVI_39311,21,0,307,314,8,False,no_match_before,,,False,0.0,no_match_before,,,False,0.0,no_match_before,,,False,0.0,DETRAC-test,test,test,0.13013698630136994,8.25,7.3,0.1194,0.1089,0,-1,-1,vehicle,NNN,0,False
MVI_39311,23,0,354,390,37,False,switched,300.0,354.0,False,0.2432,switched,291.0,345.0,False,0.2162,switched,296.0,345.0,False,0.2432,DETRAC-test,test,test,0.02840527846119434,45.98,44.71,0.5745,0.4171,0,-1,-1,vehicle,SSS,0,False
MVI_39311,24,0,475,476,2,False,preserved,415.0,415.0,True,1.0,preserved,405.0,405.0,True,1.0,preserved,402.0,402.0,True,1.0,DETRAC-test,test,test,,0.69,0.69,0.1118,0.1073,0,-1,-1,vehicle,PPP,3,False
MVI_39311,24,1,486,870,385,False,preserved,415.0,415.0,False,0.9688,preserved,405.0,405.0,False,0.9662,preserved,402.0,402.0,False,0.9662,DETRAC-test,test,test,0.3522457169316253,438.06,323.95,0.3607,0.2142,0,-1,-1,vehicle,PPP,3,False
MVI_39311,26,0,445,447,3,False,preserved,387.0,387.0,True,1.0,preserved,377.0,377.0,True,1.0,preserved,377.0,377.0,True,1.0,DETRAC-test,test,test,,0.99,0.71,0.1506,0.131,0,-1,-1,vehicle,PPP,3,False
MVI_39311,26,1,458,516,59,False,preserved,387.0,387.0,False,0.8814,preserved,377.0,377.0,False,0.8983,preserved,377.0,377.0,False,0.8983,DETRAC-test,test,test,0.1562175268444752,33.38,28.87,0.2507,0.1904,0,-1,-1,vehicle,PPP,3,False
MVI_39311,26,2,533,808,276,False,switched,387.0,634.0,False,0.3406,switched,377.0,622.0,False,0.3406,switched,377.0,619.0,False,0.3514,DETRAC-test,test,test,0.8351698284675679,161.55,88.03,0.5945,0.4357,0,-1,-1,vehicle,SSS,0,False
MVI_39311,27,1,558,758,201,False,switched,446.0,497.0,False,0.9851,switched,435.0,486.0,False,0.9851,switched,432.0,483.0,False,0.9851,DETRAC-test,test,test,1.3045372981286851,89.9,39.01,0.3364,0.2531,0,-1,-1,vehicle,SSS,0,False
MVI_39311,28,1,574,649,76,False,no_match_before,,,False,0.3553,no_match_before,,,False,0.3553,no_match_before,,,False,0.3553,DETRAC-test,test,test,0.0121451456672379,135.84,134.21,0.6683,0.3939,0,-1,-1,vehicle,NNN,0,False
MVI_39311,31,0,711,864,154,False,preserved,519.0,519.0,False,0.8442,preserved,507.0,507.0,False,0.8442,preserved,504.0,504.0,False,0.8442,DETRAC-test,test,test,0.4767392232180965,69.2,46.86,0.2928,0.1989,0,-1,-1,vehicle,PPP,3,False
MVI_39311,31,1,1035,1055,21,False,preserved,519.0,519.0,True,1.0,preserved,507.0,507.0,True,1.0,preserved,504.0,504.0,True,1.0,DETRAC-test,test,test,0.041196388261851125,18.45,17.72,0.1506,0.1158,0,-1,-1,vehicle,PPP,3,False
MVI_39311,32,0,656,657,2,False,no_match_before,,,False,0.0,no_match_before,,,False,0.0,no_match_before,,,False,0.0,DETRAC-test,test,test,,1.55,1.55,0.1092,0.1067,0,-1,-1,vehicle,NNN,0,False
MVI_39311,32,1,669,673,5,False,no_match_before,,,False,0.0,no_match_before,,,False,0.0,no_match_before,,,False,0.0,DETRAC-test,test,test,,4.2,4.19,0.1212,0.112,0,-1,-1,vehicle,NNN,0,False
MVI_39311,32,2,678,724,47,False,no_match_before,,,False,0.0,no_match_before,,,False,0.0,no_match_before,,,False,0.0,DETRAC-test,test,test,0.2202189311010947,37.9,31.06,0.272,0.196,0,-1,-1,vehicle,NNN,0,False
MVI_39311,32,3,735,788,54,False,no_match_before,,,False,0.2778,no_match_before,,,False,0.2778,no_match_before,,,False,0.2778,DETRAC-test,test,test,0.25765027322404377,46.03,36.6,0.2597,0.1609,0,-1,-1,vehicle,NNN,0,False
MVI_39311,32,4,961,963,3,False,preserved,658.0,658.0,True,1.0,preserved,645.0,645.0,True,1.0,preserved,642.0,642.0,True,1.0,DETRAC-test,test,test,,0.63,0.63,0.1066,0.1039,0,-1,-1,vehicle,PPP,3,False
MVI_39311,32,5,968,1281,314,False,switched,658.0,1132.0,False,0.5096,switched,645.0,1129.0,False,0.5096,switched,642.0,1122.0,False,0.5096,DETRAC-test,test,test,1.3210566699550585,211.75,91.23,0.5764,0.4073,0,-1,-1,vehicle,SSS,0,False
MVI_39311,33,0,731,781,51,False,preserved,603.0,603.0,False,0.902,preserved,591.0,591.0,False,0.902,preserved,588.0,588.0,False,0.902,DETRAC-test,test,test,0.8271604938271606,25.16,13.77,0.2469,0.2003,0,-1,-1,vehicle,PPP,3,False
MVI_39311,34,0,968,1039,72,False,switched,749.0,903.0,False,0.2778,switched,734.0,887.0,False,0.2778,switched,735.0,885.0,False,0.2778,DETRAC-test,test,test,0.017139914668236056,138.27,135.94,0.7811,0.4256,0,-1,-1,vehicle,SSS,0,False
MVI_39311,35,0,1043,1093,51,False,preserved,765.0,765.0,False,0.7647,preserved,750.0,750.0,False,0.7647,preserved,813.0,813.0,False,0.7647,DETRAC-test,test,test,0.06817403220280904,31.18,29.19,0.4725,0.3411,0,-1,-1,vehicle,PPP,3,False
MVI_39311,37,0,946,1046,101,False,switched,786.0,996.0,False,0.0,switched,771.0,978.0,False,0.0,switched,773.0,976.0,False,0.0,DETRAC-test,test,test,0.049721433827394135,99.86,95.13,0.5603,0.3972,0,-1,-1,vehicle,SSS,0,False
MVI_39311,37,1,1148,1224,77,False,switched,996.0,1152.0,False,0.1558,switched,978.0,1148.0,False,0.1558,switched,976.0,1142.0,False,0.1558,DETRAC-test,test,test,,0.0,0.0,0.8926,0.5281,0,-1,-1,vehicle,SSS,0,False
MVI_39311,38,0,1128,1179,52,False,preserved,789.0,789.0,True,1.0,preserved,774.0,774.0,True,1.0,preserved,853.0,853.0,True,1.0,DETRAC-test,test,test,0.09093406593406606,39.71,36.4,0.1665,0.1275,0,-1,-1,vehicle,PPP,3,False
MVI_39311,38,1,1189,1217,29,False,preserved,789.0,789.0,True,1.0,preserved,774.0,774.0,True,1.0,preserved,853.0,853.0,True,1.0,DETRAC-test,test,test,0.024267782426778295,24.48,23.9,0.2292,0.1523,0,-1,-1,vehicle,PPP,3,False
MVI_39311,38,2,1295,1445,151,False,preserved,789.0,789.0,True,1.0,preserved,774.0,774.0,True,1.0,preserved,853.0,853.0,True,1.0,DETRAC-test,test,test,0.6257110352673494,128.61,79.11,0.2,0.1514,0,-1,-1,vehicle,PPP,3,False
MVI_39311,40,0,1207,1287,81,False,lost_after,892.0,,False,0.0,lost_after,875.0,,False,0.0,lost_after,1004.0,,False,0.0,DETRAC-test,test,test,0.0446732849311009,141.01,134.98,0.6525,0.426,0,-1,-1,vehicle,LLL,0,False
MVI_39311,41,0,1271,1445,175,False,switched,1071.0,1381.0,False,0.8857,switched,1066.0,1389.0,False,0.8857,preserved,1061.0,1061.0,False,0.88,DETRAC-test,test,test,0.6190896259703598,91.77,56.68,0.4827,0.3301,0,-1,-1,vehicle,SSP,1,True
MVI_39311,43,0,928,1033,106,True,no_match_before,,,False,0.283,no_match_before,,,False,0.2925,no_match_before,,,False,0.2925,DETRAC-test,test,test,0.1132845246744536,199.2,178.93,1.0,0.5996,32,958,989,vehicle,NNN,0,False
MVI_39311,43,1,1221,1234,14,False,preserved,1008.0,1008.0,True,1.0,preserved,990.0,990.0,True,1.0,preserved,989.0,989.0,True,1.0,DETRAC-test,test,test,0.030334728033472924,29.55,28.68,0.112,0.1071,0,-1,-1,vehicle,PPP,3,False
MVI_39311,44,0,1100,1119,20,False,preserved,960.0,960.0,False,1.0,preserved,943.0,943.0,False,1.0,preserved,941.0,941.0,False,1.0,DETRAC-test,test,test,0.01972909305064796,34.63,33.96,0.1674,0.1394,0,-1,-1,vehicle,PPP,3,False
MVI_39311,45,0,1446,1498,53,False,preserved,1166.0,1166.0,True,1.0,preserved,1185.0,1185.0,True,1.0,preserved,1157.0,1157.0,True,1.0,DETRAC-test,test,test,0.36228160328879766,26.51,19.46,0.1325,0.1156,0,-1,-1,vehicle,PPP,3,False
MVI_39311,46,0,1431,1432,2,False,preserved,1138.0,1138.0,True,1.0,preserved,1135.0,1135.0,True,1.0,preserved,1128.0,1128.0,True,1.0,DETRAC-test,test,test,,0.6,0.6,0.1042,0.1025,0,-1,-1,vehicle,PPP,3,False
MVI_39311,46,1,1440,1489,50,False,preserved,1138.0,1138.0,True,1.0,preserved,1135.0,1135.0,True,1.0,preserved,1128.0,1128.0,True,1.0,DETRAC-test,test,test,0.7307692307692308,26.1,15.08,0.1513,0.1244,0,-1,-1,vehicle,PPP,3,False
MVI_39311,48,0,1292,1432,141,False,switched,1228.0,1379.0,False,0.2128,switched,1234.0,1387.0,False,0.2057,switched,1221.0,1377.0,False,0.2128,DETRAC-test,test,test,0.2522576045627376,105.39,84.16,0.5713,0.3727,0,-1,-1,vehicle,SSS,0,False
MVI_39361,4,0,87,103,17,False,preserved,24.0,24.0,True,1.0,preserved,23.0,23.0,True,1.0,preserved,23.0,23.0,True,1.0,DETRAC-test,test,test,0.0002308580223162604,129.98,129.95,0.2939,0.2204,0,-1,-1,vehicle,PPP,3,False
MVI_39361,4,1,110,127,18,False,preserved,24.0,24.0,False,0.7778,preserved,23.0,23.0,False,0.7778,preserved,23.0,23.0,False,0.7778,DETRAC-test,test,test,0.0007367222557095321,149.42,149.31,0.4565,0.301,0,-1,-1,vehicle,PPP,3,False
MVI_39361,6,0,116,136,21,False,preserved,76.0,76.0,False,0.619,switched,76.0,102.0,False,0.619,switched,75.0,102.0,False,0.619,DETRAC-test,test,test,0.0008392782207302663,143.1,142.98,0.88,0.3966,0,-1,-1,vehicle,PSS,1,True
MVI_39361,7,0,215,262,48,False,no_match_before,,,False,0.5208,no_match_before,,,False,0.4792,no_match_before,,,False,0.4792,DETRAC-test,test,test,0.009718087900542738,115.33,114.22,0.4938,0.3366,0,-1,-1,vehicle,NNN,0,False
MVI_39361,10,0,463,467,5,False,preserved,193.0,193.0,True,1.0,preserved,194.0,194.0,True,1.0,preserved,194.0,194.0,True,1.0,DETRAC-test,test,test,0.0010834236186347823,27.72,27.69,0.1135,0.1087,0,-1,-1,background,PPP,3,False
MVI_39361,15,0,783,792,10,False,lost_after,367.0,,False,1.0,lost_after,370.0,,False,1.0,lost_after,366.0,,False,1.0,DETRAC-test,test,test,0.001498386353158132,86.89,86.76,0.1574,0.1315,0,-1,-1,background,LLL,0,False
MVI_39361,25,0,1576,1593,18,False,lost_after,616.0,,False,0.3889,lost_after,615.0,,False,0.3889,lost_after,610.0,,False,0.2778,DETRAC-test,test,test,0.012994862496222392,33.52,33.09,0.1345,0.1122,0,-1,-1,vehicle,LLL,0,False
MVI_39361,41,0,1676,1688,13,False,no_match_before,,,False,0.8462,no_match_before,,,False,0.8462,no_match_before,,,False,0.8462,DETRAC-test,test,test,0.07868467410452151,18.37,17.03,0.1261,0.1115,0,-1,-1,vehicle,NNN,0,False
MVI_39361,42,0,1775,1784,10,False,switched,693.0,801.0,False,0.8,switched,694.0,802.0,False,0.8,switched,780.0,800.0,False,0.8,DETRAC-test,test,test,0.01504629629629628,17.54,17.28,0.1467,0.1267,0,-1,-1,vehicle,SSS,0,False
MVI_39361,43,0,1756,1757,2,False,preserved,770.0,770.0,True,1.0,preserved,771.0,771.0,True,1.0,preserved,769.0,769.0,True,1.0,DETRAC-test,test,test,,2.27,2.27,0.1041,0.1026,0,-1,-1,vehicle,PPP,3,False
MVI_39361,50,0,1753,1761,9,False,lost_after,772.0,,False,0.4444,lost_after,773.0,,False,0.4444,lost_after,771.0,,False,0.4444,DETRAC-test,test,test,0.07080504364694451,22.08,20.62,0.3422,0.239,0,-1,-1,vehicle,LLL,0,False
MVI_39361,52,0,1773,1828,56,True,no_match_before,,,False,0.7143,no_match_before,,,False,0.7143,no_match_before,,,False,0.7143,DETRAC-test,test,test,0.037554069996067696,105.54,101.72,1.0,0.5838,6,1795,1800,vehicle,NNN,0,False
MVI_39361,57,1,1942,1951,10,False,preserved,897.0,897.0,True,1.0,preserved,905.0,905.0,True,1.0,preserved,899.0,899.0,True,1.0,DETRAC-test,test,test,0.005593385214007984,41.35,41.12,0.1383,0.1296,0,-1,-1,vehicle,PPP,3,False
MVI_39371,12,0,186,228,43,False,preserved,98.0,98.0,False,0.9767,preserved,99.0,99.0,False,0.9767,preserved,99.0,99.0,False,0.9767,DETRAC-test,test,test,0.09806685461135722,54.53,49.66,0.6524,0.4195,0,-1,-1,vehicle,PPP,3,False
MVI_39371,12,1,236,238,3,False,preserved,98.0,98.0,True,1.0,preserved,99.0,99.0,True,1.0,preserved,99.0,99.0,True,1.0,DETRAC-test,test,test,,1.54,1.54,0.112,0.1069,0,-1,-1,vehicle,PPP,3,False
MVI_39371,13,0,152,201,50,False,no_match_before,,,False,0.88,no_match_before,,,False,0.88,no_match_before,,,False,0.88,DETRAC-test,test,test,0.0032732100347920845,438.31,436.88,0.3093,0.23,0,-1,-1,vehicle,NNN,0,False
MVI_39371,17,0,314,328,15,False,switched,143.0,124.0,False,1.0,switched,144.0,125.0,False,1.0,switched,125.0,144.0,False,1.0,DETRAC-test,test,test,0.012325195543967826,42.71,42.19,0.1237,0.1102,0,-1,-1,vehicle,SSS,0,False
MVI_39371,19,0,277,297,21,True,switched,138.0,159.0,False,0.1429,switched,139.0,160.0,False,0.1429,switched,139.0,159.0,False,0.1429,DETRAC-test,test,test,0.0017163048965169736,99.22,99.05,1.0,0.7435,10,288,297,vehicle,SSS,0,False
MVI_39371,31,0,416,456,41,False,preserved,234.0,234.0,True,1.0,preserved,238.0,238.0,True,1.0,preserved,237.0,237.0,True,1.0,DETRAC-test,test,test,0.0006591306067296188,303.63,303.43,0.3144,0.253,0,-1,-1,vehicle,PPP,3,False
MVI_39371,43,0,724,757,34,False,preserved,394.0,394.0,True,1.0,preserved,409.0,409.0,True,1.0,preserved,408.0,408.0,True,1.0,DETRAC-test,test,test,0.00017255064361387795,289.82,289.77,0.1619,0.1368,0,-1,-1,vehicle,PPP,3,False
MVI_39371,51,0,827,885,59,False,switched,476.0,535.0,False,0.8983,switched,507.0,559.0,False,0.9153,switched,498.0,550.0,False,0.9153,DETRAC-test,test,test,0.002687217185834978,649.25,647.51,0.5314,0.2925,0,-1,-1,background,SSS,0,False
MVI_39371,54,0,986,1078,93,False,preserved,555.0,555.0,True,1.0,preserved,578.0,578.0,True,1.0,preserved,569.0,569.0,True,1.0,DETRAC-test,test,test,0.003318768553417284,601.61,599.62,0.302,0.2066,0,-1,-1,background,PPP,3,False
MVI_39371,59,0,1127,1133,7,False,preserved,657.0,657.0,True,1.0,preserved,680.0,680.0,True,1.0,preserved,671.0,671.0,True,1.0,DETRAC-test,test,test,0.0,18.69,18.69,0.1427,0.1329,0,-1,-1,background,PPP,3,False
MVI_39371,59,1,1139,1204,66,False,switched,657.0,692.0,False,0.7727,switched,680.0,715.0,False,0.7727,switched,671.0,706.0,False,0.7727,DETRAC-test,test,test,0.003841876453341442,595.74,593.46,0.5054,0.2876,0,-1,-1,background,SSS,0,False
MVI_39371,60,0,1199,1263,65,False,preserved,662.0,662.0,False,0.8769,preserved,685.0,685.0,False,0.8769,preserved,676.0,676.0,False,0.8769,DETRAC-test,test,test,0.00415124635297337,512.81,510.69,0.5636,0.3467,0,-1,-1,background,PPP,3,False
MVI_39401,17,0,114,120,7,False,preserved,101.0,101.0,True,1.0,preserved,101.0,101.0,True,1.0,preserved,101.0,101.0,True,1.0,DETRAC-test,test,test,,4.99,4.96,0.1237,0.1092,0,-1,-1,background,PPP,3,False
MVI_39401,23,1,131,134,4,False,preserved,146.0,146.0,True,1.0,preserved,146.0,146.0,True,1.0,preserved,146.0,146.0,True,1.0,DETRAC-test,test,test,,4.35,4.35,0.1584,0.1242,0,-1,-1,background,PPP,3,False
MVI_39401,33,0,214,257,44,False,preserved,194.0,194.0,True,1.0,preserved,193.0,193.0,True,1.0,preserved,193.0,193.0,True,1.0,DETRAC-test,test,test,0.010692611501782023,104.92,103.81,0.4657,0.328,0,-1,-1,vehicle,PPP,3,False
MVI_39401,37,0,249,307,59,False,preserved,265.0,265.0,True,1.0,preserved,264.0,264.0,True,1.0,preserved,264.0,264.0,True,1.0,DETRAC-test,test,test,0.0015943665714475141,150.77,150.53,0.5116,0.3701,0,-1,-1,vehicle,PPP,3,False
MVI_39401,39,0,251,335,85,False,switched,237.0,397.0,False,0.8353,switched,236.0,395.0,False,0.8353,switched,236.0,397.0,False,0.8353,DETRAC-test,test,test,0.03980596376087875,145.76,140.18,0.7917,0.4658,0,-1,-1,background,SSS,0,False
MVI_39401,45,0,385,405,21,False,preserved,365.0,365.0,True,1.0,preserved,364.0,364.0,True,1.0,preserved,365.0,365.0,True,1.0,DETRAC-test,test,test,0.0019428254232582987,72.2,72.06,0.3295,0.2993,0,-1,-1,vehicle,PPP,3,False
MVI_39401,47,0,391,411,21,False,preserved,312.0,312.0,True,1.0,preserved,312.0,312.0,True,1.0,preserved,312.0,312.0,True,1.0,DETRAC-test,test,test,0.26152073732718883,10.95,8.68,0.2934,0.2274,0,-1,-1,vehicle,PPP,3,False
MVI_39401,54,0,371,426,56,False,switched,439.0,521.0,False,0.4464,switched,438.0,524.0,False,0.4107,switched,442.0,528.0,False,0.4107,DETRAC-test,test,test,0.008890177320384662,208.81,206.97,0.612,0.4073,0,-1,-1,vehicle,SSS,0,False
MVI_39401,63,0,502,531,30,False,no_match_before,,,False,0.7333,no_match_before,,,False,0.8,no_match_before,,,False,0.7,DETRAC-test,test,test,0.05460970125281084,98.49,93.39,0.5317,0.3298,0,-1,-1,vehicle,NNN,0,False
MVI_39401,66,0,544,605,62,False,switched,606.0,728.0,False,0.7258,switched,610.0,731.0,False,0.7258,switched,616.0,739.0,False,0.7258,DETRAC-test,test,test,0.031452548270451075,151.18,146.57,0.8205,0.5251,0,-1,-1,background,SSS,0,False
MVI_39401,68,0,562,611,50,False,preserved,661.0,661.0,True,1.0,preserved,664.0,664.0,True,1.0,preserved,672.0,672.0,True,1.0,DETRAC-test,test,test,0.0029387755102039392,184.29,183.75,0.485,0.3087,0,-1,-1,vehicle,PPP,3,False
MVI_39401,70,0,620,666,47,False,switched,671.0,510.0,False,0.9362,switched,674.0,513.0,False,0.9362,switched,682.0,517.0,False,0.9362,DETRAC-test,test,test,0.007597946814372314,347.45,344.83,0.6588,0.3885,0,-1,-1,vehicle,SSS,0,False
MVI_39401,72,0,617,670,54,False,preserved,730.0,730.0,False,0.8148,preserved,733.0,733.0,False,0.8148,preserved,741.0,741.0,False,0.8148,DETRAC-test,test,test,0.008905275099262644,177.87,176.3,0.5388,0.3761,0,-1,-1,vehicle,PPP,3,False
MVI_39401,83,0,794,813,20,True,switched,899.0,979.0,False,0.2,switched,918.0,1007.0,False,0.2,switched,924.0,1008.0,False,0.2,DETRAC-test,test,test,0.013954033771106822,86.47,85.28,1.0,0.862,15,799,813,vehicle,SSS,0,False
MVI_39401,92,0,962,1016,55,True,preserved,1024.0,1024.0,True,1.0,preserved,1063.0,1063.0,True,1.0,preserved,1054.0,1054.0,True,1.0,DETRAC-test,test,test,0.002345527743742304,286.32,285.65,1.0,0.7381,27,981,1007,vehicle,PPP,3,False
MVI_39401,94,1,980,984,5,False,preserved,1047.0,1047.0,True,1.0,preserved,1097.0,1097.0,True,1.0,preserved,1078.0,1078.0,True,1.0,DETRAC-test,test,test,0.003542958370239324,11.33,11.29,0.1215,0.1119,0,-1,-1,vehicle,PPP,3,False
MVI_39401,99,0,1001,1063,63,False,switched,1029.0,1154.0,False,0.8571,switched,1069.0,1210.0,False,0.9048,switched,1060.0,1187.0,False,0.9048,DETRAC-test,test,test,0.01834631817039467,162.08,159.16,0.5631,0.4012,0,-1,-1,background,SSS,0,False
MVI_39401,104,0,1091,1111,21,False,preserved,1152.0,1152.0,True,1.0,preserved,1208.0,1208.0,True,1.0,preserved,1185.0,1185.0,True,1.0,DETRAC-test,test,test,0.0038986354775827348,56.65,56.43,0.2791,0.2124,0,-1,-1,vehicle,PPP,3,False
MVI_39401,113,0,1261,1347,87,False,switched,1289.0,1355.0,False,0.7356,switched,1347.0,1415.0,False,0.7816,switched,1322.0,1390.0,False,0.7356,DETRAC-test,test,test,0.04622943056706519,176.75,168.94,0.7015,0.459,0,-1,-1,background,SSS,0,False
MVI_39401,118,0,1338,1358,21,False,preserved,1326.0,1326.0,True,1.0,preserved,1385.0,1385.0,True,1.0,preserved,1360.0,1360.0,True,1.0,DETRAC-test,test,test,0.039816232771822335,27.16,26.12,0.2388,0.1844,0,-1,-1,vehicle,PPP,3,False
MVI_39401,125,0,11,80,70,False,no_match_before,,,False,0.0,no_match_before,,,False,0.0,no_match_before,,,False,0.0,DETRAC-test,test,test,0.059096038486666114,178.32,168.37,0.3227,0.1797,0,-1,-1,vehicle,NNN,0,False
MVI_39401,125,1,89,101,13,False,no_match_before,,,False,0.0,no_match_before,,,False,0.0,no_match_before,,,False,0.0,DETRAC-test,test,test,0.0003806623524933439,26.28,26.27,0.1272,0.116,0,-1,-1,vehicle,NNN,0,False
MVI_39501,6,1,65,67,3,False,no_match_before,,,False,0.0,no_match_before,,,False,0.0,no_match_before,,,False,0.0,DETRAC-test,test,test,,1.43,1.39,0.1096,0.1054,0,-1,-1,vehicle,NNN,0,False
MVI_39501,10,1,163,185,23,False,no_match_before,,,False,0.1739,no_match_before,,,False,0.1739,no_match_before,,,False,0.1739,DETRAC-test,test,test,0.046206896551724164,15.17,14.5,0.1825,0.1394,0,-1,-1,vehicle,NNN,0,False
MVI_39501,12,0,160,162,3,False,no_match_before,,,False,0.0,no_match_before,,,False,0.0,no_match_before,,,False,0.0,DETRAC-test,test,test,,0.96,0.77,0.1431,0.1286,0,-1,-1,vehicle,NNN,0,False
MVI_39501,12,1,188,192,5,False,no_match_before,,,False,0.0,no_match_before,,,False,0.0,no_match_before,,,False,0.0,DETRAC-test,test,test,,1.03,0.53,0.1618,0.1331,0,-1,-1,vehicle,NNN,0,False
MVI_39501,12,2,200,295,96,False,no_match_before,,,False,0.0,no_match_before,,,False,0.0,no_match_before,,,False,0.0,DETRAC-test,test,test,0.21865284974093258,58.8,48.25,0.6859,0.3658,0,-1,-1,vehicle,NNN,0,False
MVI_39501,16,0,220,223,4,False,no_match_before,,,False,0.0,no_match_before,,,False,0.0,no_match_before,,,False,0.0,DETRAC-test,test,test,,1.45,1.45,0.1767,0.1355,0,-1,-1,vehicle,NNN,0,False
MVI_39501,16,1,229,232,4,False,no_match_before,,,False,0.0,no_match_before,,,False,0.0,no_match_before,,,False,0.0,DETRAC-test,test,test,,1.06,0.96,0.1738,0.1425,0,-1,-1,vehicle,NNN,0,False
MVI_39501,16,2,239,440,202,True,no_match_before,,,False,0.2723,no_match_before,,,False,0.2772,no_match_before,,,False,0.2772,DETRAC-test,test,test,0.032970940865677756,406.66,393.68,1.0,0.6094,35,394,428,vehicle,NNN,0,False
MVI_39501,17,0,317,357,41,False,no_match_before,,,False,0.3171,no_match_before,,,False,0.3171,no_match_before,,,False,0.3171,DETRAC-test,test,test,0.02949173813009831,49.22,47.81,0.4614,0.3161,0,-1,-1,vehicle,NNN,0,False
MVI_39511,6,1,176,177,2,False,preserved,116.0,116.0,True,1.0,preserved,119.0,119.0,True,1.0,preserved,119.0,119.0,True,1.0,DETRAC-test,test,test,,0.64,0.64,0.1077,0.1046,0,-1,-1,vehicle,PPP,3,False
MVI_39511,7,1,121,231,111,False,switched,6.0,209.0,False,0.8829,switched,18.0,214.0,False,0.8739,switched,18.0,219.0,False,0.8829,DETRAC-test,test,test,0.24218009478672986,131.05,105.5,0.8371,0.5642,0,-1,-1,vehicle,SSS,0,False
MVI_39511,12,0,171,261,91,False,preserved,113.0,113.0,False,0.6264,preserved,116.0,116.0,False,0.6374,switched,116.0,229.0,False,0.5934,DETRAC-test,test,test,0.05346779564266013,110.73,105.11,0.3252,0.2542,0,-1,-1,vehicle,PPS,2,True
MVI_40701,8,0,469,478,10,False,lost_after,131.0,,False,0.4,lost_after,132.0,,False,0.4,lost_after,132.0,,False,0.4,DETRAC-test,test,test,0.005464480874316946,16.56,16.47,0.1086,0.106,0,-1,-1,vehicle,LLL,0,False
MVI_40701,8,1,483,553,71,False,lost_after,131.0,,False,0.0,lost_after,132.0,,False,0.0,lost_after,132.0,,False,0.0,DETRAC-test,test,test,0.00789889415481837,121.22,120.27,0.1634,0.1362,0,-1,-1,vehicle,LLL,0,False
MVI_40701,8,2,571,572,2,False,no_match_before,,,False,0.0,no_match_before,,,False,0.0,no_match_before,,,False,0.0,DETRAC-test,test,test,,2.04,2.04,0.1019,0.1014,0,-1,-1,vehicle,NNN,0,False
MVI_40701,9,0,189,234,46,True,switched,109.0,257.0,False,0.3696,switched,109.0,257.0,False,0.3696,switched,109.0,258.0,False,0.3696,DETRAC-test,test,test,0.021559755123768953,191.9,187.85,1.0,0.6668,19,200,218,vehicle,SSS,0,False
MVI_40701,10,0,310,349,40,False,preserved,135.0,135.0,True,1.0,preserved,136.0,136.0,True,1.0,preserved,136.0,136.0,True,1.0,DETRAC-test,test,test,0.004592145015105631,83.13,82.75,0.129,0.1134,0,-1,-1,vehicle,PPP,3,False
MVI_40701,10,1,364,367,4,False,preserved,135.0,135.0,True,1.0,preserved,136.0,136.0,True,1.0,preserved,136.0,136.0,True,1.0,DETRAC-test,test,test,0.0017605633802817433,5.69,5.68,0.101,0.1004,0,-1,-1,vehicle,PPP,3,False
MVI_40701,10,2,373,379,7,False,preserved,135.0,135.0,True,1.0,preserved,136.0,136.0,True,1.0,preserved,136.0,136.0,True,1.0,DETRAC-test,test,test,0.0,11.8,11.8,0.1103,0.105,0,-1,-1,vehicle,PPP,3,False
MVI_40701,10,3,389,393,5,False,preserved,135.0,135.0,True,1.0,preserved,136.0,136.0,True,1.0,preserved,136.0,136.0,True,1.0,DETRAC-test,test,test,0.0029940119760478723,6.7,6.68,0.1087,0.1042,0,-1,-1,vehicle,PPP,3,False
MVI_40701,10,4,398,449,52,False,lost_after,135.0,,False,0.7115,lost_after,136.0,,False,0.6923,lost_after,136.0,,False,0.7115,DETRAC-test,test,test,0.008885686839577245,84.02,83.28,0.1443,0.1153,0,-1,-1,vehicle,LLL,0,False
MVI_40701,11,0,168,232,65,False,switched,174.0,199.0,False,0.8154,switched,174.0,199.0,False,0.8154,switched,175.0,200.0,False,0.8154,DETRAC-test,test,test,0.02081908669553978,268.7,263.22,0.2632,0.1499,0,-1,-1,vehicle,SSS,0,False
MVI_40701,12,0,207,271,65,True,switched,211.0,271.0,False,0.4154,switched,198.0,271.0,False,0.4154,switched,199.0,272.0,False,0.4154,DETRAC-test,test,test,0.022303537201603163,293.35,286.95,1.0,0.5549,17,221,237,vehicle,SSS,0,False
MVI_40701,13,0,223,268,46,True,switched,209.0,295.0,False,0.1522,switched,208.0,295.0,False,0.1522,switched,209.0,296.0,False,0.1522,DETRAC-test,test,test,0.4441042491225451,193.38,133.91,1.0,0.7637,26,232,257,vehicle,SSS,0,False
MVI_40701,13,1,275,303,29,False,switched,295.0,320.0,False,0.5172,switched,295.0,321.0,False,0.4828,switched,296.0,321.0,False,0.4828,DETRAC-test,test,test,0.005429800437204868,142.58,141.81,0.889,0.5008,0,-1,-1,vehicle,SSS,0,False
MVI_40701,14,0,189,254,66,True,no_match_before,,,False,0.1364,no_match_before,,,False,0.1364,no_match_before,,,False,0.1364,DETRAC-test,test,test,0.03295414565497823,88.08,85.27,1.0,0.51,9,237,245,vehicle,NNN,0,False
MVI_40701,18,0,409,634,226,False,switched,276.0,641.0,False,0.7655,switched,276.0,643.0,False,0.7655,switched,277.0,641.0,False,0.7478,DETRAC-test,test,test,0.022680620520241,303.91,297.17,0.5746,0.3696,0,-1,-1,vehicle,SSS,0,False
MVI_40701,21,1,343,443,101,True,switched,347.0,512.0,False,0.3168,switched,348.0,515.0,False,0.3168,switched,348.0,513.0,False,0.3168,DETRAC-test,test,test,0.02099665588509403,186.24,182.41,1.0,0.7305,46,370,415,vehicle,SSS,0,False
MVI_40701,22,1,310,411,102,True,switched,328.0,495.0,False,0.1471,switched,329.0,498.0,False,0.1471,switched,329.0,496.0,False,0.1471,DETRAC-test,test,test,0.02414727446605025,385.53,376.44,1.0,0.7326,49,360,408,vehicle,SSS,0,False
MVI_40701,23,1,321,371,51,True,switched,341.0,416.0,False,0.3137,switched,342.0,418.0,False,0.3137,switched,342.0,329.0,False,0.3137,DETRAC-test,test,test,0.17140766486783132,128.07,109.33,1.0,0.5983,16,341,356,vehicle,SSS,0,False
MVI_40701,23,2,376,430,55,True,switched,416.0,517.0,False,0.0545,switched,418.0,519.0,False,0.0545,switched,329.0,517.0,False,0.0545,DETRAC-test,test,test,0.042931103146157,261.88,251.1,1.0,0.8706,39,381,419,vehicle,SSS,0,False
MVI_40701,26,0,479,554,76,False,preserved,358.0,358.0,True,1.0,preserved,359.0,359.0,True,1.0,preserved,359.0,359.0,True,1.0,DETRAC-test,test,test,0.008719808627208891,130.72,129.59,0.1829,0.141,0,-1,-1,vehicle,PPP,3,False
MVI_40701,30,0,374,377,4,False,no_match_before,,,False,0.0,no_match_before,,,False,0.0,no_match_before,,,False,0.0,DETRAC-test,test,test,,3.72,3.58,0.1039,0.1021,0,-1,-1,vehicle,NNN,0,False
MVI_40701,30,1,387,471,85,True,switched,457.0,592.0,False,0.0588,switched,459.0,594.0,False,0.0588,switched,456.0,592.0,False,0.0588,DETRAC-test,test,test,0.2562732919254658,101.13,80.5,1.0,0.7707,46,415,460,vehicle,SSS,0,False
MVI_40701,30,2,496,549,54,True,switched,592.0,663.0,False,0.0556,switched,594.0,665.0,False,0.0556,switched,592.0,663.0,False,0.0556,DETRAC-test,test,test,0.0020416496529194195,171.78,171.43,1.0,0.7823,32,507,538,vehicle,SSS,0,False
MVI_40701,32,0,517,527,11,False,preserved,506.0,506.0,True,1.0,preserved,509.0,509.0,True,1.0,preserved,507.0,507.0,True,1.0,DETRAC-test,test,test,0.001024240355069983,29.32,29.29,0.1305,0.1209,0,-1,-1,vehicle,PPP,3,False
MVI_40701,32,1,631,682,52,False,preserved,506.0,506.0,True,1.0,preserved,509.0,509.0,True,1.0,preserved,507.0,507.0,True,1.0,DETRAC-test,test,test,0.004522031759385703,95.52,95.09,0.1662,0.129,0,-1,-1,vehicle,PPP,3,False
MVI_40701,33,1,589,635,47,False,preserved,668.0,668.0,True,1.0,preserved,670.0,670.0,True,1.0,preserved,668.0,668.0,True,1.0,DETRAC-test,test,test,0.024184841286978953,94.86,92.62,0.5419,0.2957,0,-1,-1,vehicle,PPP,3,False
MVI_40701,34,1,519,580,62,True,switched,609.0,717.0,False,0.2097,switched,611.0,721.0,False,0.2097,switched,609.0,723.0,False,0.2097,DETRAC-test,test,test,0.015213422585412584,116.78,115.03,1.0,0.7698,33,537,569,vehicle,SSS,0,False
MVI_40701,34,2,617,635,19,False,preserved,717.0,717.0,False,0.7368,preserved,721.0,721.0,False,0.7368,preserved,723.0,723.0,False,0.7368,DETRAC-test,test,test,0.025994980279669955,57.23,55.78,0.7662,0.4635,0,-1,-1,vehicle,PPP,3,False
MVI_40701,35,0,460,464,5,False,preserved,575.0,575.0,True,1.0,preserved,577.0,577.0,True,1.0,preserved,575.0,575.0,True,1.0,DETRAC-test,test,test,0.00390625,10.28,10.24,0.1056,0.104,0,-1,-1,vehicle,PPP,3,False
MVI_40701,35,1,721,774,54,False,no_match_before,,,False,0.0,no_match_before,,,False,0.0,no_match_before,,,False,0.0,DETRAC-test,test,test,0.004793567341889737,129.96,129.34,0.1306,0.1165,0,-1,-1,vehicle,NNN,0,False
MVI_40701,37,0,639,728,90,False,preserved,600.0,600.0,True,1.0,preserved,602.0,602.0,True,1.0,preserved,600.0,600.0,True,1.0,DETRAC-test,test,test,0.006857142857142895,158.58,157.5,0.1791,0.1454,0,-1,-1,vehicle,PPP,3,False
MVI_40701,37,1,737,768,32,False,preserved,600.0,600.0,True,1.0,preserved,602.0,602.0,True,1.0,preserved,600.0,600.0,True,1.0,DETRAC-test,test,test,0.005330490405117239,56.58,56.28,0.1901,0.1659,0,-1,-1,vehicle,PPP,3,False
MVI_40701,39,0,540,604,65,True,no_match_before,,,False,0.0615,no_match_before,,,False,0.0615,no_match_before,,,False,0.0615,DETRAC-test,test,test,0.032834850455136566,95.31,92.28,1.0,0.6866,26,566,591,vehicle,NNN,0,False
MVI_40701,39,1,638,654,17,False,preserved,749.0,749.0,True,1.0,preserved,754.0,754.0,True,1.0,preserved,756.0,756.0,True,1.0,DETRAC-test,test,test,0.0017857142857142794,61.71,61.6,0.4066,0.285,0,-1,-1,vehicle,PPP,3,False
MVI_40701,42,0,664,674,11,False,preserved,657.0,657.0,True,1.0,preserved,659.0,659.0,True,1.0,preserved,657.0,657.0,True,1.0,DETRAC-test,test,test,0.0033351862145638567,18.05,17.99,0.134,0.1251,0,-1,-1,vehicle,PPP,3,False
MVI_40701,42,1,694,703,10,False,preserved,657.0,657.0,True,1.0,preserved,659.0,659.0,True,1.0,preserved,657.0,657.0,True,1.0,DETRAC-test,test,test,0.0,17.9,17.9,0.1165,0.1091,0,-1,-1,vehicle,PPP,3,False
MVI_40701,45,1,670,777,108,False,preserved,761.0,761.0,True,1.0,preserved,766.0,766.0,True,1.0,preserved,768.0,768.0,True,1.0,DETRAC-test,test,test,0.006931074316518959,209.2,207.76,0.3914,0.2723,0,-1,-1,vehicle,PPP,3,False
MVI_40701,46,0,667,691,25,False,preserved,768.0,768.0,True,1.0,preserved,773.0,773.0,True,1.0,preserved,776.0,776.0,True,1.0,DETRAC-test,test,test,0.0006350012700027108,78.79,78.74,0.12,0.1098,0,-1,-1,vehicle,PPP,3,False
MVI_40701,46,1,824,877,54,False,lost_after,768.0,,False,0.0,lost_after,773.0,,False,0.0,lost_after,776.0,,False,0.0,DETRAC-test,test,test,0.0026338893766459925,137.04,136.68,0.2947,0.1937,0,-1,-1,vehicle,LLL,0,False
MVI_40701,47,1,669,683,15,False,preserved,800.0,800.0,True,1.0,preserved,802.0,802.0,True,1.0,preserved,805.0,805.0,True,1.0,DETRAC-test,test,test,0.0014975664545113787,26.75,26.71,0.2929,0.2194,0,-1,-1,vehicle,PPP,3,False
MVI_40701,48,0,865,1020,156,False,lost_after,792.0,,False,0.7628,lost_after,794.0,,False,0.7179,lost_after,797.0,,False,0.7179,DETRAC-test,test,test,0.015456989247311759,317.31,312.48,0.3425,0.225,0,-1,-1,vehicle,LLL,0,False
MVI_40701,53,0,831,832,2,False,preserved,925.0,925.0,True,1.0,preserved,925.0,925.0,True,1.0,preserved,926.0,926.0,True,1.0,DETRAC-test,test,test,,2.44,2.44,0.1192,0.1133,0,-1,-1,vehicle,PPP,3,False
MVI_40701,54,0,867,902,36,False,preserved,934.0,934.0,True,1.0,preserved,934.0,934.0,True,1.0,preserved,934.0,934.0,True,1.0,DETRAC-test,test,test,0.05828463117990834,67.0,63.31,0.2696,0.1996,0,-1,-1,vehicle,PPP,3,False
MVI_40701,56,1,869,885,17,False,preserved,978.0,978.0,True,1.0,preserved,979.0,979.0,True,1.0,preserved,980.0,980.0,True,1.0,DETRAC-test,test,test,0.004502814258911858,26.77,26.65,0.163,0.1381,0,-1,-1,vehicle,PPP,3,False
MVI_40701,56,2,899,903,5,False,preserved,978.0,978.0,True,1.0,preserved,979.0,979.0,True,1.0,preserved,980.0,980.0,True,1.0,DETRAC-test,test,test,0.0,8.87,8.87,0.1308,0.1143,0,-1,-1,vehicle,PPP,3,False
MVI_40701,58,0,1010,1012,3,False,preserved,1093.0,1093.0,True,1.0,preserved,1096.0,1096.0,True,1.0,preserved,1095.0,1095.0,True,1.0,DETRAC-test,test,test,,5.01,4.98,0.1148,0.1078,0,-1,-1,vehicle,PPP,3,False
MVI_40711,7,0,66,130,65,False,lost_after,3.0,,False,0.0,lost_after,3.0,,False,0.0,lost_after,3.0,,False,0.0,DETRAC-test,test,test,2.1642512077294684,19.65,6.21,0.4848,0.3021,0,-1,-1,vehicle,LLL,0,False
MVI_40711,7,1,138,185,48,True,no_match_before,,,False,0.0,no_match_before,,,False,0.0,no_match_before,,,False,0.0,DETRAC-test,test,test,,6.63,1.66,1.0,0.7014,20,157,176,vehicle,NNN,0,False
MVI_40711,11,0,35,94,60,True,switched,36.0,84.0,False,0.3,switched,36.0,85.0,False,0.3,switched,36.0,85.0,False,0.3,DETRAC-test,test,test,0.03875968992248069,87.1,83.85,1.0,0.6865,23,57,79,vehicle,SSS,0,False
MVI_40711,14,0,33,47,15,False,no_match_before,,,False,0.0,no_match_before,,,False,0.0,no_match_before,,,False,0.0,DETRAC-test,test,test,,6.23,4.55,0.2102,0.167,0,-1,-1,vehicle,NNN,0,False
MVI_40711,27,0,285,286,2,False,preserved,245.0,245.0,True,1.0,preserved,253.0,253.0,True,1.0,preserved,255.0,255.0,True,1.0,DETRAC-test,test,test,,2.11,2.11,0.1123,0.109,0,-1,-1,vehicle,PPP,3,False
MVI_40712,31,0,794,852,59,False,preserved,327.0,327.0,False,0.5932,preserved,327.0,327.0,False,0.5932,preserved,328.0,328.0,False,0.5932,DETRAC-test,test,test,0.022705771050141932,64.86,63.42,0.6356,0.3861,0,-1,-1,vehicle,PPP,3,False
MVI_40712,31,1,1035,1799,765,False,switched,424.0,327.0,False,0.9974,switched,422.0,327.0,False,0.9987,switched,434.0,328.0,False,0.9974,DETRAC-test,test,test,,28.07,0.77,0.1357,0.1156,0,-1,-1,vehicle,SSS,0,False
MVI_40712,31,2,2097,2199,103,False,preserved,327.0,327.0,True,1.0,preserved,327.0,327.0,True,1.0,preserved,328.0,328.0,True,1.0,DETRAC-test,test,test,,3.5,3.2,0.1123,0.1119,0,-1,-1,vehicle,PPP,3,False
MVI_40712,49,0,1666,1787,122,False,no_match_before,,,False,0.4754,no_match_before,,,False,0.4754,no_match_before,,,False,0.3689,DETRAC-test,test,test,0.022043688998074407,153.93,150.61,0.3269,0.2369,0,-1,-1,vehicle,NNN,0,False
MVI_40714,2,0,100,305,206,True,switched,3.0,303.0,False,0.3544,switched,3.0,311.0,False,0.3641,switched,3.0,304.0,False,0.3641,DETRAC-test,test,test,1.7962449327928316,131.06,46.87,0.9355,0.5071,8,242,249,vehicle,SSS,0,False
MVI_40714,2,1,579,636,58,False,no_match_before,,,False,0.0,no_match_before,,,False,0.0,no_match_before,,,False,0.0,DETRAC-test,test,test,0.007799124976222149,52.98,52.57,0.4073,0.2595,0,-1,-1,vehicle,NNN,0,False
MVI_40714,14,1,629,642,14,False,preserved,11.0,11.0,True,1.0,preserved,11.0,11.0,True,1.0,preserved,11.0,11.0,True,1.0,DETRAC-test,test,test,,5.93,1.48,0.1217,0.1112,0,-1,-1,vehicle,PPP,3,False
MVI_40714,17,0,645,648,4,False,preserved,18.0,18.0,True,1.0,preserved,18.0,18.0,True,1.0,preserved,18.0,18.0,True,1.0,DETRAC-test,test,test,,1.44,0.47,0.1125,0.1074,0,-1,-1,vehicle,PPP,3,False
MVI_40714,19,1,624,665,42,False,preserved,19.0,19.0,True,1.0,preserved,19.0,19.0,True,1.0,preserved,19.0,19.0,True,1.0,DETRAC-test,test,test,,13.0,1.63,0.1257,0.1132,0,-1,-1,vehicle,PPP,3,False
MVI_40714,19,2,672,703,32,False,preserved,19.0,19.0,True,1.0,preserved,19.0,19.0,True,1.0,preserved,19.0,19.0,True,1.0,DETRAC-test,test,test,,7.08,1.39,0.1312,0.1131,0,-1,-1,vehicle,PPP,3,False
MVI_40714,20,1,814,818,5,False,preserved,753.0,753.0,True,1.0,preserved,614.0,614.0,True,1.0,preserved,738.0,738.0,True,1.0,DETRAC-test,test,test,,2.47,2.43,0.1117,0.1056,0,-1,-1,vehicle,PPP,3,False
MVI_40714,22,1,859,870,12,False,preserved,841.0,841.0,True,1.0,preserved,823.0,823.0,True,1.0,preserved,819.0,819.0,True,1.0,DETRAC-test,test,test,,5.77,3.92,0.1577,0.1385,0,-1,-1,vehicle,PPP,3,False
MVI_40714,22,2,883,887,5,False,preserved,841.0,841.0,True,1.0,preserved,823.0,823.0,True,1.0,preserved,819.0,819.0,True,1.0,DETRAC-test,test,test,,3.51,3.49,0.1395,0.1202,0,-1,-1,vehicle,PPP,3,False
MVI_40714,22,3,895,897,3,False,preserved,841.0,841.0,True,1.0,preserved,823.0,823.0,True,1.0,preserved,819.0,819.0,True,1.0,DETRAC-test,test,test,,1.84,1.29,0.1192,0.1096,0,-1,-1,vehicle,PPP,3,False
MVI_40714,26,0,76,77,2,False,preserved,12.0,12.0,True,1.0,preserved,12.0,12.0,True,1.0,preserved,12.0,12.0,True,1.0,DETRAC-test,test,test,,0.15,0.15,0.101,0.1006,0,-1,-1,vehicle,PPP,3,False
MVI_40714,26,1,109,312,204,False,preserved,12.0,12.0,True,1.0,preserved,12.0,12.0,True,1.0,preserved,12.0,12.0,True,1.0,DETRAC-test,test,test,,14.2,1.72,0.1316,0.1074,0,-1,-1,vehicle,PPP,3,False
MVI_40714,26,2,774,779,6,False,preserved,12.0,12.0,True,1.0,preserved,12.0,12.0,True,1.0,preserved,12.0,12.0,True,1.0,DETRAC-test,test,test,,1.65,1.01,0.1174,0.1093,0,-1,-1,vehicle,PPP,3,False
MVI_40714,26,3,790,792,3,False,preserved,12.0,12.0,False,0.6667,preserved,12.0,12.0,False,0.6667,preserved,12.0,12.0,False,0.6667,DETRAC-test,test,test,,0.96,0.3,0.1179,0.11,0,-1,-1,vehicle,PPP,3,False
MVI_40714,28,1,749,751,3,False,preserved,22.0,22.0,True,1.0,preserved,22.0,22.0,True,1.0,preserved,22.0,22.0,True,1.0,DETRAC-test,test,test,,1.62,1.62,0.1033,0.1019,0,-1,-1,vehicle,PPP,3,False
MVI_40714,30,1,834,838,5,False,preserved,773.0,773.0,True,1.0,preserved,758.0,758.0,True,1.0,preserved,758.0,758.0,True,1.0,DETRAC-test,test,test,,1.28,1.21,0.1129,0.1062,0,-1,-1,vehicle,PPP,3,False
MVI_40714,31,1,93,1116,1024,False,switched,73.0,942.0,False,0.0859,switched,74.0,924.0,False,0.0859,switched,74.0,919.0,False,0.0879,DETRAC-test,test,test,1.5522707258774688,405.76,158.98,0.6871,0.497,0,-1,-1,vehicle,SSS,0,False
MVI_40714,34,0,56,176,121,True,no_match_before,,,False,0.0,no_match_before,,,False,0.0,no_match_before,,,False,0.0,DETRAC-test,test,test,0.1506425898812429,70.73,61.47,1.0,0.8357,63,107,169,vehicle,NNN,0,False
MVI_40714,34,1,185,295,111,True,no_match_before,,,False,0.018,no_match_before,,,False,0.018,no_match_before,,,False,0.018,DETRAC-test,test,test,0.02122365339578458,209.31,204.96,1.0,0.9226,86,190,275,vehicle,NNN,0,False
MVI_40714,35,0,190,240,51,True,preserved,139.0,139.0,False,0.5294,preserved,142.0,142.0,False,0.5294,preserved,139.0,139.0,False,0.4314,DETRAC-test,test,test,0.022103024137612115,110.52,108.13,1.0,0.9197,39,190,228,vehicle,PPP,3,False
MVI_40714,36,0,106,136,31,False,preserved,62.0,62.0,False,0.4839,switched,63.0,148.0,False,0.3871,preserved,88.0,88.0,False,0.4839,DETRAC-test,test,test,0.042354934349851714,24.61,23.61,0.2619,0.2051,0,-1,-1,vehicle,PSP,2,True
MVI_40714,47,0,646,1004,359,True,no_match_before,,,False,0.0223,no_match_before,,,False,0.0223,no_match_before,,,False,0.0223,DETRAC-test,test,test,0.36640325966168685,221.33,161.98,0.9629,0.5347,9,700,708,vehicle,NNN,0,False
MVI_40714,50,0,1006,1161,156,False,preserved,914.0,914.0,False,0.9487,preserved,896.0,896.0,False,0.9487,preserved,891.0,891.0,False,0.9487,DETRAC-test,test,test,0.012265462918632952,444.01,438.63,0.8895,0.6742,0,-1,-1,vehicle,PPP,3,False
MVI_40714,53,0,1072,1102,31,False,preserved,965.0,965.0,True,1.0,preserved,950.0,950.0,True,1.0,preserved,945.0,945.0,True,1.0,DETRAC-test,test,test,0.0016344320348680164,110.31,110.13,0.2633,0.2236,0,-1,-1,vehicle,PPP,3,False
MVI_40714,53,1,1147,1157,11,False,preserved,965.0,965.0,True,1.0,preserved,950.0,950.0,True,1.0,preserved,945.0,945.0,True,1.0,DETRAC-test,test,test,0.0021739130434783593,18.44,18.4,0.1367,0.1228,0,-1,-1,vehicle,PPP,3,False
MVI_40742,5,1,83,148,66,False,preserved,17.0,17.0,True,1.0,preserved,17.0,17.0,True,1.0,preserved,17.0,17.0,True,1.0,DETRAC-test,test,test,,0.0,0.0,0.1679,0.124,0,-1,-1,vehicle,PPP,3,False
MVI_40742,6,1,251,346,96,False,no_match_before,,,False,0.1146,no_match_before,,,False,0.1146,no_match_before,,,False,0.1146,DETRAC-test,test,test,,0.0,0.0,0.2123,0.1683,0,-1,-1,vehicle,NNN,0,False
MVI_40742,6,2,351,561,211,False,switched,281.0,457.0,False,0.1706,switched,285.0,463.0,False,0.1706,switched,283.0,461.0,False,0.1706,DETRAC-test,test,test,,0.0,0.0,0.6718,0.4394,0,-1,-1,vehicle,SSS,0,False
MVI_40742,6,3,621,651,31,False,preserved,457.0,457.0,False,0.6452,preserved,463.0,463.0,False,0.6452,preserved,461.0,461.0,False,0.6452,DETRAC-test,test,test,,0.0,0.0,0.1561,0.1452,0,-1,-1,vehicle,PPP,3,False
MVI_40742,6,4,1271,1281,11,False,switched,457.0,677.0,False,0.7273,switched,463.0,683.0,False,0.7273,switched,461.0,681.0,False,0.7273,DETRAC-test,test,test,,1.51,1.51,0.1695,0.1556,0,-1,-1,vehicle,SSS,0,False
MVI_40742,6,5,1371,1391,21,False,no_match_before,,,False,0.3333,no_match_before,,,False,0.3333,no_match_before,,,False,0.3333,DETRAC-test,test,test,,5.56,1.92,0.2233,0.2,0,-1,-1,vehicle,NNN,0,False
MVI_40742,6,6,1456,1476,21,False,switched,823.0,863.0,False,0.0,switched,823.0,864.0,False,0.0,switched,823.0,864.0,False,0.0,DETRAC-test,test,test,,7.86,3.2,0.2307,0.201,0,-1,-1,vehicle,SSS,0,False
MVI_40742,7,1,1329,1340,12,False,preserved,469.0,469.0,True,1.0,preserved,475.0,475.0,True,1.0,preserved,473.0,473.0,True,1.0,DETRAC-test,test,test,0.017786561264822254,5.15,5.06,0.1397,0.1256,0,-1,-1,vehicle,PPP,3,False
MVI_40742,8,1,448,705,258,False,preserved,11.0,11.0,False,0.9225,preserved,11.0,11.0,False,0.9341,preserved,11.0,11.0,False,0.9341,DETRAC-test,test,test,,0.0,0.0,0.7016,0.3432,0,-1,-1,vehicle,PPP,3,False
MVI_40742,9,0,46,95,50,False,preserved,1.0,1.0,True,1.0,preserved,1.0,1.0,True,1.0,preserved,1.0,1.0,True,1.0,DETRAC-test,test,test,,43.98,3.94,0.2061,0.1658,0,-1,-1,vehicle,PPP,3,False
MVI_40742,9,1,177,221,45,False,preserved,1.0,1.0,True,1.0,preserved,1.0,1.0,True,1.0,preserved,1.0,1.0,True,1.0,DETRAC-test,test,test,,15.08,1.15,0.1991,0.1607,0,-1,-1,vehicle,PPP,3,False
MVI_40742,9,2,289,323,35,False,preserved,1.0,1.0,True,1.0,preserved,1.0,1.0,True,1.0,preserved,1.0,1.0,True,1.0,DETRAC-test,test,test,,22.78,1.82,0.1626,0.1419,0,-1,-1,vehicle,PPP,3,False
MVI_40742,9,3,368,406,39,False,preserved,1.0,1.0,True,1.0,preserved,1.0,1.0,True,1.0,preserved,1.0,1.0,True,1.0,DETRAC-test,test,test,,20.66,4.16,0.1577,0.1405,0,-1,-1,vehicle,PPP,3,False
MVI_40742,9,4,471,498,28,False,preserved,1.0,1.0,True,1.0,preserved,1.0,1.0,True,1.0,preserved,1.0,1.0,True,1.0,DETRAC-test,test,test,,10.6,2.97,0.1344,0.1163,0,-1,-1,vehicle,PPP,3,False
MVI_40742,9,5,554,588,35,False,preserved,1.0,1.0,True,1.0,preserved,1.0,1.0,True,1.0,preserved,1.0,1.0,True,1.0,DETRAC-test,test,test,,13.82,4.22,0.1577,0.1399,0,-1,-1,vehicle,PPP,3,False
MVI_40742,9,6,637,754,118,True,switched,1.0,522.0,False,0.6186,switched,1.0,527.0,False,0.6186,switched,1.0,524.0,False,0.6271,DETRAC-test,test,test,,8.72,0.69,1.0,0.6399,25,675,699,vehicle,SSS,0,False
MVI_40742,9,7,794,816,23,False,preserved,522.0,522.0,True,1.0,preserved,527.0,527.0,True,1.0,preserved,524.0,524.0,True,1.0,DETRAC-test,test,test,,15.91,4.06,0.1627,0.1372,0,-1,-1,vehicle,PPP,3,False
MVI_40742,14,1,184,218,35,False,preserved,12.0,12.0,True,1.0,preserved,12.0,12.0,True,1.0,preserved,12.0,12.0,True,1.0,DETRAC-test,test,test,,0.0,0.0,0.558,0.3738,0,-1,-1,vehicle,PPP,3,False
MVI_40742,15,0,121,155,35,False,preserved,4.0,4.0,True,1.0,preserved,4.0,4.0,True,1.0,preserved,4.0,4.0,True,1.0,DETRAC-test,test,test,,0.0,0.0,0.4951,0.3213,0,-1,-1,vehicle,PPP,3,False
MVI_40742,15,1,223,260,38,False,preserved,4.0,4.0,True,1.0,preserved,4.0,4.0,True,1.0,preserved,4.0,4.0,True,1.0,DETRAC-test,test,test,,0.0,0.0,0.4699,0.3109,0,-1,-1,vehicle,PPP,3,False
MVI_40742,16,1,1204,1309,106,False,preserved,5.0,5.0,True,1.0,preserved,5.0,5.0,True,1.0,preserved,5.0,5.0,True,1.0,DETRAC-test,test,test,0.8324225865209471,10.06,5.49,0.1357,0.1134,0,-1,-1,vehicle,PPP,3,False
MVI_40742,16,2,1314,1363,50,False,preserved,5.0,5.0,True,1.0,preserved,5.0,5.0,True,1.0,preserved,5.0,5.0,True,1.0,DETRAC-test,test,test,1.8674033149171274,15.57,5.43,0.141,0.118,0,-1,-1,vehicle,PPP,3,False
MVI_40742,17,0,393,398,6,False,preserved,15.0,15.0,True,1.0,preserved,15.0,15.0,True,1.0,preserved,15.0,15.0,True,1.0,DETRAC-test,test,test,,3.8,1.89,0.1216,0.1094,0,-1,-1,vehicle,PPP,3,False
MVI_40742,17,1,543,547,5,False,preserved,15.0,15.0,True,1.0,preserved,15.0,15.0,True,1.0,preserved,15.0,15.0,True,1.0,DETRAC-test,test,test,,2.66,1.45,0.1157,0.1087,0,-1,-1,vehicle,PPP,3,False
MVI_40742,17,2,649,655,7,False,preserved,15.0,15.0,False,0.8571,preserved,15.0,15.0,False,0.8571,preserved,15.0,15.0,False,0.8571,DETRAC-test,test,test,,6.02,0.64,0.1239,0.1109,0,-1,-1,vehicle,PPP,3,False
MVI_40742,17,3,1120,1131,12,False,preserved,15.0,15.0,True,1.0,preserved,15.0,15.0,True,1.0,preserved,15.0,15.0,True,1.0,DETRAC-test,test,test,,3.42,1.52,0.112,0.1068,0,-1,-1,vehicle,PPP,3,False
MVI_40742,17,4,1325,1328,4,False,preserved,15.0,15.0,True,1.0,preserved,15.0,15.0,True,1.0,preserved,15.0,15.0,True,1.0,DETRAC-test,test,test,,3.54,1.19,0.1173,0.109,0,-1,-1,vehicle,PPP,3,False
MVI_40742,17,5,1396,1397,2,False,preserved,15.0,15.0,True,1.0,preserved,15.0,15.0,True,1.0,preserved,15.0,15.0,True,1.0,DETRAC-test,test,test,,0.72,0.72,0.1017,0.1012,0,-1,-1,vehicle,PPP,3,False
MVI_40742,17,6,1413,1427,15,False,preserved,15.0,15.0,False,0.8667,preserved,15.0,15.0,False,0.8667,preserved,15.0,15.0,False,0.8667,DETRAC-test,test,test,0.34408602150537626,12.5,9.3,0.1773,0.1453,0,-1,-1,vehicle,PPP,3,False
MVI_40742,23,1,575,596,22,True,lost_after,439.0,,False,0.2727,lost_after,445.0,,False,0.2727,lost_after,443.0,,False,0.2727,DETRAC-test,test,test,0.0021540800810948557,158.18,157.84,1.0,0.7473,11,586,596,vehicle,LLL,0,False
MVI_40742,29,1,1588,1607,20,False,preserved,967.0,967.0,False,0.4,preserved,969.0,969.0,False,0.4,preserved,968.0,968.0,False,0.4,DETRAC-test,test,test,0.008834586466165417,107.34,106.4,0.5062,0.3427,0,-1,-1,background,PPP,3,False
MVI_40742,41,1,174,194,21,False,preserved,14.0,14.0,False,0.7143,preserved,14.0,14.0,False,0.7143,preserved,14.0,14.0,False,0.7143,DETRAC-test,test,test,2.184168012924071,19.71,6.19,0.7238,0.4346,0,-1,-1,vehicle,PPP,3,False
MVI_40742,41,2,280,299,20,False,preserved,14.0,14.0,False,0.4,preserved,14.0,14.0,False,0.4,preserved,14.0,14.0,False,0.4,DETRAC-test,test,test,1.5963777490297542,20.07,7.73,0.672,0.4188,0,-1,-1,vehicle,PPP,3,False
MVI_40743,1,0,137,166,30,False,preserved,11.0,11.0,True,1.0,preserved,11.0,11.0,True,1.0,preserved,11.0,11.0,True,1.0,DETRAC-test,test,test,0.0010540369615628098,142.46,142.31,0.203,0.1588,0,-1,-1,vehicle,PPP,3,False
MVI_40743,16,0,290,305,16,False,no_match_before,,,False,0.0,no_match_before,,,False,0.0,no_match_before,,,False,0.0,DETRAC-test,test,test,0.0011189854531892252,107.36,107.24,0.1157,0.1109,0,-1,-1,both,NNN,0,False
MVI_40743,16,1,312,324,13,False,no_match_before,,,False,0.0,no_match_before,,,False,0.0,no_match_before,,,False,0.0,DETRAC-test,test,test,0.0027737226277371185,68.69,68.5,0.1163,0.1097,0,-1,-1,vehicle,NNN,0,False
MVI_40743,16,2,329,340,12,False,no_match_before,,,False,0.0,no_match_before,,,False,0.0,no_match_before,,,False,0.0,DETRAC-test,test,test,0.0005345687811832978,56.15,56.12,0.1133,0.1094,0,-1,-1,vehicle,NNN,0,False
MVI_40743,16,3,349,355,7,False,no_match_before,,,False,0.0,no_match_before,,,False,0.0,no_match_before,,,False,0.0,DETRAC-test,test,test,0.0,26.26,26.26,0.104,0.1025,0,-1,-1,vehicle,NNN,0,False
MVI_40743,16,4,396,397,2,False,no_match_before,,,False,0.0,no_match_before,,,False,0.0,no_match_before,,,False,0.0,DETRAC-test,test,test,,2.37,2.37,0.1022,0.1012,0,-1,-1,vehicle,NNN,0,False
MVI_40743,18,0,397,415,19,False,switched,176.0,295.0,False,1.0,switched,175.0,295.0,False,1.0,switched,175.0,295.0,False,1.0,DETRAC-test,test,test,0.0025092936802975085,107.87,107.6,0.3895,0.317,0,-1,-1,background,SSS,0,False
MVI_40743,19,0,282,286,5,False,preserved,184.0,184.0,True,1.0,preserved,183.0,183.0,True,1.0,preserved,183.0,183.0,True,1.0,DETRAC-test,test,test,0.0,44.87,44.87,0.1167,0.1073,0,-1,-1,background,PPP,3,False
MVI_40743,21,0,360,504,145,False,preserved,222.0,222.0,False,0.9931,preserved,221.0,221.0,False,0.9862,preserved,221.0,221.0,False,0.9862,DETRAC-test,test,test,0.004173810637155606,579.82,577.41,0.3161,0.2364,0,-1,-1,background,PPP,3,False
MVI_40743,22,0,314,320,7,False,preserved,214.0,214.0,True,1.0,preserved,213.0,213.0,False,0.8571,preserved,213.0,213.0,True,1.0,DETRAC-test,test,test,0.00046743533811133275,64.21,64.18,0.1156,0.1062,0,-1,-1,background,PPP,3,False
MVI_40743,34,0,683,696,14,False,preserved,441.0,441.0,True,1.0,preserved,442.0,442.0,True,1.0,preserved,441.0,441.0,True,1.0,DETRAC-test,test,test,0.0010194624652455353,108.01,107.9,0.4454,0.3561,0,-1,-1,background,PPP,3,False
MVI_40743,37,0,773,798,26,False,preserved,456.0,456.0,False,0.9615,preserved,457.0,457.0,False,0.9615,preserved,456.0,456.0,False,0.9615,DETRAC-test,test,test,0.0034517766497461633,98.84,98.5,0.3855,0.353,0,-1,-1,background,PPP,3,False
MVI_40743,48,0,907,914,8,False,switched,632.0,643.0,False,0.5,switched,618.0,629.0,False,0.5,switched,634.0,645.0,False,0.5,DETRAC-test,test,test,0.00011686338670102714,85.58,85.57,0.1202,0.1165,0,-1,-1,background,SSS,0,False
MVI_40743,49,0,1030,1050,21,False,preserved,644.0,644.0,False,0.9048,preserved,630.0,630.0,False,0.9048,preserved,646.0,646.0,False,0.9048,DETRAC-test,test,test,0.0017779358165170844,112.69,112.49,0.3723,0.2977,0,-1,-1,background,PPP,3,False
MVI_40743,51,0,996,1002,7,False,preserved,676.0,676.0,True,1.0,preserved,667.0,667.0,True,1.0,preserved,683.0,683.0,True,1.0,DETRAC-test,test,test,0.0,71.7,71.7,0.1418,0.1272,0,-1,-1,background,PPP,3,False
MVI_40743,55,0,1048,1053,6,False,preserved,698.0,698.0,True,1.0,preserved,690.0,690.0,True,1.0,preserved,706.0,706.0,True,1.0,DETRAC-test,test,test,0.004127358490566113,17.03,16.96,0.1486,0.1258,0,-1,-1,vehicle,PPP,3,False
MVI_40743,55,1,1059,1068,10,False,preserved,698.0,698.0,False,0.9,preserved,690.0,690.0,False,0.9,preserved,706.0,706.0,False,0.9,DETRAC-test,test,test,0.0011926058437685683,33.58,33.54,0.1791,0.14,0,-1,-1,vehicle,PPP,3,False
MVI_40743,55,2,1147,1166,20,False,preserved,698.0,698.0,False,0.9,switched,690.0,769.0,False,0.9,switched,706.0,784.0,False,0.9,DETRAC-test,test,test,0.0015515903801395226,116.19,116.01,0.4217,0.3084,0,-1,-1,background,PSS,1,True
MVI_40743,58,0,1317,1626,310,True,lost_after,780.0,,False,0.171,lost_after,773.0,,False,0.171,lost_after,788.0,,False,0.171,DETRAC-test,test,test,0.11337495892211624,169.4,152.15,0.9473,0.8408,251,1376,1626,vehicle,LLL,0,False
MVI_40743,62,0,1455,1522,68,False,preserved,911.0,911.0,True,1.0,preserved,904.0,904.0,True,1.0,preserved,929.0,929.0,True,1.0,DETRAC-test,test,test,0.8668885191347755,11.22,6.01,0.4659,0.3077,0,-1,-1,vehicle,PPP,3,False
MVI_40743,64,0,1411,1413,3,False,preserved,952.0,952.0,True,1.0,preserved,942.0,942.0,True,1.0,preserved,967.0,967.0,True,1.0,DETRAC-test,test,test,0.0,5.12,5.12,0.112,0.1102,0,-1,-1,background,PPP,3,False
MVI_40743,64,1,1421,1422,2,False,preserved,952.0,952.0,True,1.0,preserved,942.0,942.0,True,1.0,preserved,967.0,967.0,True,1.0,DETRAC-test,test,test,,2.92,2.92,0.1026,0.1023,0,-1,-1,background,PPP,3,False
MVI_40743,66,0,1407,1418,12,False,switched,964.0,978.0,False,1.0,switched,955.0,969.0,False,1.0,switched,980.0,994.0,False,1.0,DETRAC-test,test,test,0.0005093594804532753,78.57,78.53,0.1207,0.1129,0,-1,-1,background,SSS,0,False
MVI_40743,67,0,1454,1462,9,False,switched,1005.0,1007.0,False,0.8889,switched,991.0,996.0,False,0.8889,switched,1016.0,1021.0,False,0.8889,DETRAC-test,test,test,0.0016735128556215617,65.84,65.73,0.1449,0.1262,0,-1,-1,background,SSS,0,False
MVI_40743,68,0,1474,1476,3,False,preserved,1006.0,1006.0,True,1.0,preserved,995.0,995.0,True,1.0,preserved,1020.0,1020.0,True,1.0,DETRAC-test,test,test,0.0,12.59,12.59,0.1031,0.1024,0,-1,-1,background,PPP,3,False
MVI_40761,1,0,19,31,13,False,switched,7.0,4.0,False,0.3846,preserved,7.0,7.0,False,0.3846,switched,7.0,4.0,False,0.3846,DETRAC-test,test,test,,4.11,1.73,0.4989,0.3832,0,-1,-1,vehicle,SPS,1,True
MVI_40761,1,1,196,211,16,False,preserved,4.0,4.0,False,0.25,preserved,7.0,7.0,False,0.25,preserved,4.0,4.0,False,0.25,DETRAC-test,test,test,,6.0,1.92,0.5282,0.4128,0,-1,-1,vehicle,PPP,3,False
MVI_40761,1,2,280,286,7,False,preserved,4.0,4.0,False,0.2857,preserved,7.0,7.0,False,0.2857,preserved,4.0,4.0,False,0.2857,DETRAC-test,test,test,,4.41,4.19,0.4272,0.3401,0,-1,-1,vehicle,PPP,3,False
MVI_40761,1,3,310,336,27,False,preserved,4.0,4.0,False,0.0,preserved,7.0,7.0,False,0.0,preserved,4.0,4.0,False,0.0,DETRAC-test,test,test,,10.98,0.58,0.4631,0.398,0,-1,-1,vehicle,PPP,3,False
MVI_40761,1,4,384,401,18,False,switched,4.0,441.0,False,0.3333,switched,7.0,438.0,False,0.3333,switched,4.0,438.0,False,0.3333,DETRAC-test,test,test,,8.56,3.33,0.4631,0.3319,0,-1,-1,vehicle,SSS,0,False
MVI_40761,1,5,609,620,12,False,lost_after,583.0,,False,0.1667,lost_after,592.0,,False,0.25,lost_after,597.0,,False,0.25,DETRAC-test,test,test,,4.42,2.78,0.3999,0.2869,0,-1,-1,vehicle,LLL,0,False
MVI_40761,1,6,630,681,52,False,switched,583.0,722.0,False,0.0,switched,592.0,722.0,False,0.0,switched,597.0,721.0,False,0.0,DETRAC-test,test,test,,24.39,1.18,0.7134,0.4495,0,-1,-1,vehicle,SSS,0,False
MVI_40761,1,7,702,816,115,True,lost_after,722.0,,False,0.0,lost_after,722.0,,False,0.0,lost_after,721.0,,False,0.0,DETRAC-test,test,test,,77.06,3.29,1.0,0.9717,108,706,813,vehicle,LLL,0,False
MVI_40761,1,8,837,851,15,False,no_match_before,,,False,0.0,no_match_before,,,False,0.0,no_match_before,,,False,0.0,DETRAC-test,test,test,,2.87,2.25,0.3212,0.2537,0,-1,-1,vehicle,NNN,0,False
MVI_40761,1,9,894,906,13,False,no_match_before,,,False,0.0,no_match_before,,,False,0.0,no_match_before,,,False,0.0,DETRAC-test,test,test,,3.39,2.96,0.3087,0.2274,0,-1,-1,vehicle,NNN,0,False
MVI_40761,1,10,1027,1116,90,True,no_match_before,,,False,0.0,no_match_before,,,False,0.0,no_match_before,,,False,0.0,DETRAC-test,test,test,5.026968716289105,55.87,9.27,1.0,0.9862,88,1029,1116,vehicle,NNN,0,False
MVI_40761,1,11,1151,1221,71,True,no_match_before,,,False,0.0,no_match_before,,,False,0.0,no_match_before,,,False,0.0,DETRAC-test,test,test,4.734651404786681,55.11,9.61,1.0,0.9786,69,1153,1221,vehicle,NNN,0,False
MVI_40761,1,12,1228,1296,69,True,no_match_before,,,False,0.0,no_match_before,,,False,0.0,no_match_before,,,False,0.0,DETRAC-test,test,test,,52.07,3.81,1.0,0.9806,67,1230,1296,vehicle,NNN,0,False
MVI_40761,1,13,1334,1366,33,False,switched,1333.0,1380.0,False,0.0303,switched,1351.0,1404.0,False,0.0303,switched,1342.0,1394.0,False,0.0303,DETRAC-test,test,test,,12.91,0.91,0.629,0.4657,0,-1,-1,vehicle,SSS,0,False
MVI_40761,1,14,1389,1471,83,True,switched,1380.0,1448.0,False,0.0,switched,1404.0,1477.0,False,0.0,switched,1394.0,1465.0,False,0.0,DETRAC-test,test,test,8.415708812260537,49.15,5.22,1.0,0.9762,79,1391,1469,vehicle,SSS,0,False
MVI_40761,1,15,1524,1551,28,True,switched,1448.0,1552.0,False,0.0,switched,1477.0,1580.0,False,0.0,switched,1465.0,1567.0,False,0.0,DETRAC-test,test,test,,22.72,4.04,1.0,0.9778,27,1525,1551,vehicle,SSS,0,False
MVI_40761,1,16,1660,1746,87,True,switched,1589.0,1810.0,False,0.0,switched,1615.0,1840.0,False,0.0,switched,1602.0,1826.0,False,0.0,DETRAC-test,test,test,5.937669376693767,51.2,7.38,1.0,0.9751,83,1663,1745,vehicle,SSS,0,False
MVI_40761,1,17,1778,1811,34,False,switched,1810.0,1876.0,False,0.0294,switched,1840.0,1912.0,False,0.0294,switched,1826.0,1891.0,False,0.0294,DETRAC-test,test,test,,17.2,0.39,0.8331,0.6662,0,-1,-1,vehicle,SSS,0,False
MVI_40761,1,18,1817,1846,30,False,no_match_before,,,False,0.0333,no_match_before,,,False,0.0333,no_match_before,,,False,0.0333,DETRAC-test,test,test,,20.12,4.33,0.6286,0.4925,0,-1,-1,vehicle,NNN,0,False
MVI_40761,1,19,1903,1941,39,True,switched,1876.0,1952.0,False,0.0,switched,1930.0,1988.0,False,0.0,switched,1909.0,1968.0,False,0.0,DETRAC-test,test,test,4.911764705882352,36.18,6.12,1.0,0.964,37,1905,1941,vehicle,SSS,0,False
MVI_40761,1,20,2014,2026,13,False,preserved,1952.0,1952.0,False,0.4615,preserved,1988.0,1988.0,False,0.4615,preserved,1968.0,1968.0,False,0.4615,DETRAC-test,test,test,,3.95,3.64,0.4431,0.2886,0,-1,-1,vehicle,PPP,3,False
MVI_40761,2,0,11,29,19,False,preserved,6.0,6.0,False,0.5263,preserved,6.0,6.0,False,0.5789,preserved,6.0,6.0,False,0.5789,DETRAC-test,test,test,,11.79,2.31,0.625,0.3962,0,-1,-1,vehicle,PPP,3,False
MVI_40761,2,1,185,204,20,False,preserved,6.0,6.0,False,0.4,preserved,6.0,6.0,False,0.4,preserved,6.0,6.0,False,0.4,DETRAC-test,test,test,,16.56,2.25,0.7113,0.4603,0,-1,-1,vehicle,PPP,3,False
MVI_40761,2,2,274,324,51,False,switched,6.0,347.0,False,0.4902,switched,6.0,343.0,False,0.4706,switched,6.0,343.0,False,0.4902,DETRAC-test,test,test,3.7097844112769485,28.4,6.03,0.685,0.4191,0,-1,-1,vehicle,SSS,0,False
MVI_40761,2,3,345,390,46,False,preserved,347.0,347.0,False,0.7826,preserved,343.0,343.0,False,0.7826,switched,343.0,411.0,False,0.7826,DETRAC-test,test,test,1.4590570719602978,19.82,8.06,0.6639,0.3804,0,-1,-1,vehicle,PPS,2,True
MVI_40761,2,4,405,421,17,False,preserved,347.0,347.0,False,0.2941,preserved,343.0,343.0,False,0.2941,switched,411.0,444.0,False,0.2353,DETRAC-test,test,test,,4.73,2.07,0.3891,0.2737,0,-1,-1,vehicle,PPS,2,True
MVI_40761,2,5,520,529,10,False,preserved,347.0,347.0,False,0.7,preserved,343.0,343.0,False,0.7,preserved,444.0,444.0,False,0.7,DETRAC-test,test,test,,2.77,1.61,0.3073,0.2406,0,-1,-1,vehicle,PPP,3,False
MVI_40761,2,6,579,672,94,False,switched,347.0,707.0,False,0.2872,switched,343.0,707.0,False,0.2766,switched,444.0,710.0,False,0.2872,DETRAC-test,test,test,,46.86,4.93,0.8457,0.4249,0,-1,-1,vehicle,SSS,0,False
MVI_40761,2,7,685,849,165,True,lost_after,707.0,,False,0.0242,lost_after,707.0,,False,0.0242,lost_after,710.0,,False,0.0242,DETRAC-test,test,test,,182.11,0.24,1.0,0.7271,95,699,793,vehicle,LLL,0,False
MVI_40761,2,8,877,887,11,False,no_match_before,,,False,0.0,no_match_before,,,False,0.0,no_match_before,,,False,0.0,DETRAC-test,test,test,,0.96,0.69,0.3832,0.3213,0,-1,-1,vehicle,NNN,0,False
MVI_40761,2,9,925,951,27,False,no_match_before,,,False,0.0,no_match_before,,,False,0.0,no_match_before,,,False,0.0,DETRAC-test,test,test,,9.85,1.32,0.5378,0.3098,0,-1,-1,vehicle,NNN,0,False
MVI_40761,2,10,1007,1116,110,True,switched,1092.0,1169.0,False,0.0182,switched,1106.0,1189.0,False,0.0182,switched,1118.0,1180.0,False,0.0182,DETRAC-test,test,test,6.667325428194993,116.39,15.18,1.0,0.8627,81,1024,1104,vehicle,SSS,0,False
MVI_40761,2,11,1138,1366,229,True,switched,1169.0,1376.0,False,0.1878,switched,1189.0,1399.0,False,0.1834,switched,1180.0,1389.0,False,0.1878,DETRAC-test,test,test,,197.68,3.84,1.0,0.7857,128,1148,1283,vehicle,SSS,0,False
MVI_40761,2,12,1372,1460,89,True,switched,1376.0,1421.0,False,0.1461,switched,1399.0,1449.0,False,0.1461,switched,1389.0,1437.0,False,0.1461,DETRAC-test,test,test,2.0251121076233183,101.19,33.45,1.0,0.8459,62,1388,1449,vehicle,SSS,0,False
MVI_40761,2,13,1510,1550,41,True,switched,1421.0,1529.0,False,0.1951,switched,1449.0,1555.0,False,0.1951,switched,1437.0,1542.0,False,0.1951,DETRAC-test,test,test,,47.26,4.02,1.0,0.8318,27,1517,1543,vehicle,SSS,0,False
MVI_40761,2,14,1560,1579,20,False,preserved,1529.0,1529.0,False,0.85,preserved,1555.0,1555.0,False,0.85,preserved,1542.0,1542.0,False,0.85,DETRAC-test,test,test,,12.46,1.84,0.5798,0.3738,0,-1,-1,vehicle,PPP,3,False
MVI_40761,2,15,1643,1738,96,True,switched,1529.0,1763.0,False,0.0938,switched,1555.0,1793.0,False,0.1042,switched,1542.0,1779.0,False,0.0938,DETRAC-test,test,test,5.525267993874426,127.83,19.59,1.0,0.8687,71,1653,1723,vehicle,SSS,0,False
MVI_40761,2,16,1759,1828,70,True,switched,1763.0,1885.0,False,0.1714,switched,1793.0,1893.0,False,0.1714,switched,1779.0,1872.0,False,0.1714,DETRAC-test,test,test,3.340836012861737,54.0,12.44,1.0,0.5513,8,1777,1784,vehicle,SSS,0,False
MVI_40761,2,17,1890,1929,40,True,switched,1885.0,1940.0,False,0.075,switched,1893.0,1976.0,False,0.05,switched,1872.0,1956.0,False,0.075,DETRAC-test,test,test,,50.97,0.62,1.0,0.8946,31,1898,1928,vehicle,SSS,0,False
MVI_40761,2,18,2006,2015,10,False,switched,1940.0,2046.0,False,0.9,switched,1976.0,2080.0,False,0.9,switched,1956.0,2059.0,False,0.9,DETRAC-test,test,test,,2.89,1.39,0.5714,0.4026,0,-1,-1,vehicle,SSS,0,False
MVI_40761,4,0,71,108,38,False,switched,5.0,104.0,False,0.4737,switched,5.0,98.0,False,0.5,switched,5.0,98.0,False,0.5,DETRAC-test,test,test,1.6641104294478533,17.37,6.52,0.5881,0.3836,0,-1,-1,vehicle,SSS,0,False
MVI_40761,4,1,115,163,49,False,switched,104.0,174.0,False,0.6122,preserved,98.0,98.0,False,0.6122,preserved,98.0,98.0,False,0.6122,DETRAC-test,test,test,,18.25,4.47,0.541,0.3908,0,-1,-1,vehicle,SPP,2,True
MVI_40761,4,2,215,272,58,False,switched,174.0,269.0,False,0.6207,switched,98.0,263.0,False,0.6207,switched,98.0,262.0,False,0.6207,DETRAC-test,test,test,2.239842726081258,24.72,7.63,0.6346,0.4134,0,-1,-1,vehicle,SSS,0,False
MVI_40761,4,3,395,484,90,False,switched,391.0,454.0,False,0.8,switched,263.0,453.0,False,0.8,switched,262.0,454.0,False,0.8,DETRAC-test,test,test,2.7223214285714286,41.69,11.2,0.68,0.3614,0,-1,-1,vehicle,SSS,0,False
MVI_40761,4,4,634,722,89,True,switched,454.0,784.0,False,0.0225,switched,453.0,785.0,False,0.0225,switched,454.0,786.0,False,0.0225,DETRAC-test,test,test,9.943192948090108,111.73,10.21,1.0,0.8821,66,644,709,vehicle,SSS,0,False
MVI_40761,4,5,781,840,60,False,switched,784.0,918.0,False,0.3667,switched,785.0,924.0,False,0.3667,switched,786.0,922.0,False,0.3667,DETRAC-test,test,test,,14.68,0.71,0.684,0.3895,0,-1,-1,vehicle,SSS,0,False
MVI_40761,4,6,850,1054,205,True,switched,918.0,1134.0,False,0.039,switched,924.0,1154.0,False,0.0341,switched,922.0,1145.0,False,0.0341,DETRAC-test,test,test,23.542168674698793,244.44,9.96,1.0,0.8902,161,878,1038,vehicle,SSS,0,False
MVI_40761,4,7,1076,1245,170,True,switched,1134.0,1241.0,False,0.0118,switched,1154.0,1261.0,False,0.0118,switched,1145.0,1252.0,False,0.0118,DETRAC-test,test,test,43.48626817447496,275.37,6.19,1.0,0.909,135,1092,1234,vehicle,SSS,0,False
MVI_40761,4,8,1324,1409,86,True,switched,1241.0,1402.0,False,0.1395,switched,1261.0,1429.0,False,0.1395,switched,1252.0,1419.0,False,0.1395,DETRAC-test,test,test,,66.52,3.25,1.0,0.8409,60,1336,1395,vehicle,SSS,0,False
MVI_40761,4,9,1458,1518,61,True,switched,1402.0,1516.0,False,0.3279,switched,1429.0,1542.0,False,0.3279,switched,1419.0,1529.0,False,0.3279,DETRAC-test,test,test,6.883221476510067,58.73,7.45,1.0,0.6556,25,1494,1518,vehicle,SSS,0,False
MVI_40761,4,10,1538,1546,9,False,switched,1516.0,1532.0,False,0.7778,switched,1542.0,1558.0,False,0.7778,switched,1529.0,1545.0,False,0.7778,DETRAC-test,test,test,,3.87,3.78,0.3212,0.2376,0,-1,-1,vehicle,SSS,0,False
MVI_40761,4,11,1607,1676,70,True,switched,1516.0,1694.0,False,0.0429,switched,1542.0,1721.0,False,0.0429,switched,1529.0,1708.0,False,0.0429,DETRAC-test,test,test,2.5989208633093526,60.03,16.68,1.0,0.8536,50,1617,1666,vehicle,SSS,0,False
MVI_40761,4,12,1709,1737,29,False,switched,1694.0,1769.0,False,0.5517,switched,1721.0,1799.0,False,0.5517,switched,1708.0,1785.0,False,0.5517,DETRAC-test,test,test,0.6859273066169618,18.09,10.73,0.6661,0.4443,0,-1,-1,vehicle,SSS,0,False
MVI_40761,4,13,1786,1905,120,True,switched,1769.0,1929.0,False,0.525,switched,1799.0,1965.0,False,0.525,switched,1785.0,1945.0,False,0.525,DETRAC-test,test,test,6.530026109660574,57.68,7.66,1.0,0.5825,32,1866,1897,vehicle,SSS,0,False
MVI_40761,4,14,1978,1995,18,False,preserved,1929.0,1929.0,False,0.7222,preserved,1965.0,1965.0,False,0.8333,preserved,1945.0,1945.0,False,0.8333,DETRAC-test,test,test,,5.19,1.98,0.433,0.2701,0,-1,-1,vehicle,PPP,3,False
MVI_40761,5,0,32,60,29,False,preserved,3.0,3.0,False,0.5172,preserved,3.0,3.0,False,0.5172,preserved,3.0,3.0,False,0.5172,DETRAC-test,test,test,,10.06,2.49,0.634,0.4194,0,-1,-1,vehicle,PPP,3,False
MVI_40761,5,1,65,102,38,False,switched,3.0,108.0,False,0.6842,switched,3.0,101.0,False,0.7105,switched,3.0,101.0,False,0.6842,DETRAC-test,test,test,1.4698996655518393,14.77,5.98,0.5509,0.3641,0,-1,-1,vehicle,SSS,0,False
MVI_40761,5,2,118,136,19,False,preserved,108.0,108.0,False,0.6316,preserved,101.0,101.0,False,0.6316,preserved,101.0,101.0,False,0.6842,DETRAC-test,test,test,,8.53,2.93,0.4768,0.3149,0,-1,-1,vehicle,PPP,3,False
MVI_40761,5,3,176,204,29,False,preserved,108.0,108.0,False,0.5517,preserved,101.0,101.0,False,0.5517,preserved,101.0,101.0,False,0.5517,DETRAC-test,test,test,,13.06,2.56,0.7016,0.4832,0,-1,-1,vehicle,PPP,3,False
MVI_40761,5,4,220,248,29,False,switched,108.0,242.0,False,0.5517,preserved,101.0,101.0,False,0.5517,preserved,101.0,101.0,False,0.5172,DETRAC-test,test,test,,10.9,3.65,0.4606,0.3132,0,-1,-1,vehicle,SPP,2,True
MVI_40761,5,5,258,266,9,False,preserved,242.0,242.0,True,1.0,preserved,101.0,101.0,True,1.0,preserved,101.0,101.0,True,1.0,DETRAC-test,test,test,,2.07,1.83,0.3109,0.2219,0,-1,-1,vehicle,PPP,3,False
MVI_40761,5,6,313,331,19,False,preserved,242.0,242.0,False,0.6842,preserved,101.0,101.0,False,0.6842,preserved,101.0,101.0,False,0.6842,DETRAC-test,test,test,,6.05,2.2,0.3643,0.2752,0,-1,-1,vehicle,PPP,3,False
MVI_40761,5,7,356,384,29,False,switched,242.0,419.0,False,0.4483,switched,101.0,416.0,False,0.4483,switched,101.0,416.0,False,0.4483,DETRAC-test,test,test,,15.56,4.86,0.6186,0.4283,0,-1,-1,vehicle,SSS,0,False
MVI_40761,5,8,541,550,10,False,switched,419.0,555.0,False,0.6,switched,416.0,564.0,False,0.6,switched,416.0,567.0,False,0.6,DETRAC-test,test,test,,3.83,1.92,0.3024,0.2332,0,-1,-1,vehicle,SSS,0,False
MVI_40761,5,9,559,567,9,False,switched,555.0,578.0,False,0.6667,preserved,564.0,564.0,False,0.6667,switched,567.0,416.0,False,0.5556,DETRAC-test,test,test,,0.74,0.72,0.3923,0.2986,0,-1,-1,vehicle,SPS,1,True
MVI_40761,5,10,606,680,75,True,switched,600.0,716.0,False,0.1333,switched,604.0,716.0,False,0.1333,switched,416.0,719.0,False,0.1333,DETRAC-test,test,test,,56.21,2.87,1.0,0.8294,51,617,667,vehicle,SSS,0,False
MVI_40761,5,11,687,717,31,False,preserved,716.0,716.0,False,0.8387,preserved,716.0,716.0,False,0.8387,preserved,719.0,719.0,False,0.8387,DETRAC-test,test,test,,12.44,2.77,0.3095,0.2329,0,-1,-1,vehicle,PPP,3,False
MVI_40761,5,12,730,773,44,False,switched,716.0,821.0,False,0.2273,switched,716.0,823.0,False,0.2273,switched,719.0,823.0,False,0.2273,DETRAC-test,test,test,,17.09,2.89,0.5763,0.3563,0,-1,-1,vehicle,SSS,0,False
MVI_40761,5,13,786,997,212,True,switched,821.0,1106.0,False,0.0519,switched,823.0,1122.0,False,0.0519,switched,823.0,1112.0,False,0.0519,DETRAC-test,test,test,19.163295880149814,269.18,13.35,1.0,0.8651,152,814,965,vehicle,SSS,0,False
MVI_40761,5,14,1010,1119,110,True,switched,1106.0,1167.0,False,0.2455,switched,1122.0,1187.0,False,0.2455,switched,1112.0,1178.0,False,0.2455,DETRAC-test,test,test,,77.77,4.14,1.0,0.7648,61,1043,1103,vehicle,SSS,0,False
MVI_40761,5,15,1124,1174,51,True,lost_after,1167.0,,False,0.1176,lost_after,1187.0,,False,0.1176,lost_after,1178.0,,False,0.098,DETRAC-test,test,test,,54.88,2.15,1.0,0.8821,39,1132,1170,vehicle,LLL,0,False
MVI_40761,5,16,1201,1211,11,True,no_match_before,,,False,0.0,no_match_before,,,False,0.0,no_match_before,,,False,0.0,DETRAC-test,test,test,0.059259259259259345,7.15,6.75,1.0,0.8379,5,1201,1205,vehicle,NNN,0,False
MVI_40761,5,17,1293,1372,80,True,switched,1226.0,1381.0,False,0.125,switched,1246.0,1405.0,False,0.125,switched,1237.0,1395.0,False,0.125,DETRAC-test,test,test,,50.63,3.72,1.0,0.8393,55,1307,1361,vehicle,SSS,0,False
MVI_40761,5,18,1423,1440,18,False,preserved,1381.0,1381.0,False,0.7222,preserved,1405.0,1405.0,False,0.7778,preserved,1395.0,1395.0,False,0.8889,DETRAC-test,test,test,,6.39,4.91,0.4447,0.315,0,-1,-1,vehicle,PPP,3,False
MVI_40761,5,19,1470,1509,40,True,switched,1381.0,1496.0,False,0.15,switched,1405.0,1523.0,False,0.15,switched,1395.0,1510.0,False,0.15,DETRAC-test,test,test,,43.95,1.53,1.0,0.8018,25,1478,1502,vehicle,SSS,0,False
MVI_40761,5,20,1518,1527,10,False,preserved,1496.0,1496.0,False,0.8,preserved,1523.0,1523.0,False,0.8,preserved,1510.0,1510.0,False,0.8,DETRAC-test,test,test,,3.37,1.89,0.4242,0.2837,0,-1,-1,vehicle,PPP,3,False
MVI_40761,5,21,1582,1650,69,True,switched,1496.0,1655.0,False,0.1159,switched,1523.0,1680.0,False,0.1159,switched,1510.0,1668.0,False,0.1159,DETRAC-test,test,test,6.6162642947903425,59.94,7.87,1.0,0.8323,47,1592,1638,vehicle,SSS,0,False
MVI_40761,5,22,1682,1709,28,False,switched,1655.0,1730.0,False,0.5357,preserved,1680.0,1680.0,False,0.5357,preserved,1668.0,1668.0,False,0.5357,DETRAC-test,test,test,,14.82,1.62,0.7441,0.4447,0,-1,-1,vehicle,SPP,2,True
MVI_40761,5,23,1726,1773,48,False,switched,1730.0,1823.0,False,0.3333,preserved,1680.0,1680.0,False,0.3542,preserved,1668.0,1668.0,False,0.3542,DETRAC-test,test,test,1.9399656946826758,17.14,5.83,0.7714,0.452,0,-1,-1,vehicle,SPP,2,True
MVI_40761,5,24,1840,1885,46,True,switched,1823.0,1920.0,False,0.1739,switched,1680.0,1956.0,False,0.1739,switched,1668.0,1935.0,False,0.1739,DETRAC-test,test,test,,49.26,3.68,1.0,0.7958,29,1848,1876,vehicle,SSS,0,False
MVI_40761,5,25,1953,2002,50,False,switched,1920.0,1963.0,False,0.34,switched,1956.0,2039.0,False,0.34,switched,1935.0,2019.0,False,0.34,DETRAC-test,test,test,0.7527559055118112,11.13,6.35,0.718,0.4903,0,-1,-1,vehicle,SSS,0,False
MVI_40761,6,0,61,67,7,False,preserved,2.0,2.0,True,1.0,preserved,2.0,2.0,True,1.0,preserved,2.0,2.0,True,1.0,DETRAC-test,test,test,0.00043066322136087187,23.23,23.22,0.2594,0.1881,0,-1,-1,vehicle,PPP,3,False
MVI_40761,6,1,99,107,9,False,switched,5.0,2.0,False,0.7778,preserved,2.0,2.0,False,0.6667,preserved,2.0,2.0,False,0.6667,DETRAC-test,test,test,0.007281553398058138,20.75,20.6,0.3269,0.2639,0,-1,-1,vehicle,SPP,2,True
MVI_40761,7,0,43,51,9,False,preserved,25.0,25.0,True,1.0,preserved,23.0,23.0,True,1.0,preserved,23.0,23.0,True,1.0,DETRAC-test,test,test,0.0,33.08,33.08,0.4234,0.302,0,-1,-1,vehicle,PPP,3,False
MVI_40761,7,1,75,94,20,False,switched,25.0,99.0,False,0.9,preserved,23.0,23.0,False,0.9,preserved,23.0,23.0,False,0.9,DETRAC-test,test,test,0.006284916201117374,57.64,57.28,0.6523,0.3467,0,-1,-1,vehicle,SPP,2,True
MVI_40761,7,2,127,136,10,False,preserved,3.0,3.0,False,0.9,preserved,3.0,3.0,False,0.9,preserved,3.0,3.0,False,0.9,DETRAC-test,test,test,0.00543900543900544,25.88,25.74,0.4858,0.3482,0,-1,-1,vehicle,PPP,3,False
MVI_40761,7,3,149,185,37,False,preserved,3.0,3.0,False,0.5405,preserved,3.0,3.0,False,0.5405,preserved,3.0,3.0,False,0.5405,DETRAC-test,test,test,0.03313945624239123,76.38,73.93,0.8539,0.4831,0,-1,-1,vehicle,PPP,3,False
MVI_40761,7,4,240,249,10,False,preserved,3.0,3.0,False,0.9,preserved,3.0,3.0,False,0.9,preserved,3.0,3.0,False,0.9,DETRAC-test,test,test,,3.36,2.97,0.2896,0.2178,0,-1,-1,vehicle,PPP,3,False
MVI_40761,7,5,264,297,34,True,switched,3.0,330.0,False,0.3235,switched,3.0,325.0,False,0.3235,switched,3.0,325.0,False,0.3235,DETRAC-test,test,test,,28.41,4.89,0.9212,0.5604,2,271,272,vehicle,SSS,0,False
MVI_40761,7,6,327,335,9,False,switched,330.0,332.0,False,0.6667,switched,325.0,364.0,False,0.6667,switched,325.0,364.0,False,0.6667,DETRAC-test,test,test,,2.06,0.86,0.4601,0.336,0,-1,-1,vehicle,SSS,0,False
MVI_40761,7,7,353,372,20,False,switched,332.0,414.0,False,0.5,switched,364.0,330.0,False,0.6,switched,364.0,330.0,False,0.6,DETRAC-test,test,test,0.767371601208459,11.7,6.62,0.5723,0.4311,0,-1,-1,vehicle,SSS,0,False
MVI_40761,7,8,390,408,19,False,switched,414.0,434.0,False,0.5263,preserved,330.0,330.0,False,0.5789,preserved,330.0,330.0,False,0.5789,DETRAC-test,test,test,1.974489795918367,17.49,5.88,0.5513,0.3629,0,-1,-1,vehicle,SPP,2,True
MVI_40761,7,9,510,519,10,False,switched,434.0,523.0,False,0.3,preserved,330.0,330.0,False,0.3,switched,330.0,535.0,False,0.3,DETRAC-test,test,test,,4.67,3.98,0.4487,0.3221,0,-1,-1,vehicle,SPS,1,True
MVI_40761,7,10,571,579,9,False,switched,552.0,599.0,False,0.2222,switched,549.0,330.0,False,0.2222,switched,551.0,610.0,False,0.2222,DETRAC-test,test,test,,8.0,3.63,0.6197,0.423,0,-1,-1,vehicle,SSS,0,False
MVI_40761,7,11,593,634,42,False,switched,599.0,657.0,False,0.4048,switched,330.0,655.0,False,0.4048,switched,610.0,661.0,False,0.4048,DETRAC-test,test,test,0.2138150903294369,57.11,47.05,0.5908,0.3169,0,-1,-1,vehicle,SSS,0,False
MVI_40761,11,0,56,89,34,False,no_match_before,,,False,0.0294,no_match_before,,,False,0.1176,no_match_before,,,False,0.1176,DETRAC-test,test,test,0.0004754320488744579,420.87,420.67,0.5175,0.2909,0,-1,-1,background,NNN,0,False
MVI_40761,13,0,110,129,20,False,switched,101.0,91.0,False,1.0,switched,95.0,123.0,False,1.0,switched,95.0,123.0,False,1.0,DETRAC-test,test,test,0.0011645962732917958,103.16,103.04,0.6659,0.3924,0,-1,-1,vehicle,SSS,0,False
MVI_40761,13,1,136,141,6,False,preserved,91.0,91.0,True,1.0,preserved,123.0,123.0,True,1.0,preserved,123.0,123.0,True,1.0,DETRAC-test,test,test,0.0,28.28,28.28,0.2354,0.1724,0,-1,-1,vehicle,PPP,3,False
MVI_40761,15,0,206,210,5,False,preserved,162.0,162.0,True,1.0,preserved,155.0,155.0,True,1.0,preserved,154.0,154.0,True,1.0,DETRAC-test,test,test,0.0,14.94,14.94,0.1917,0.1469,0,-1,-1,vehicle,PPP,3,False
MVI_40761,15,1,243,271,29,False,preserved,162.0,162.0,False,0.7931,preserved,155.0,155.0,False,0.7931,preserved,98.0,98.0,False,0.7931,DETRAC-test,test,test,0.09447300771208234,51.09,46.68,0.5913,0.4028,0,-1,-1,vehicle,PPP,3,False
MVI_40761,15,2,281,337,57,False,switched,162.0,330.0,False,0.3684,switched,155.0,362.0,False,0.386,switched,98.0,362.0,False,0.3684,DETRAC-test,test,test,0.010465333582508007,108.14,107.02,0.6477,0.4188,0,-1,-1,vehicle,SSS,0,False
MVI_40761,16,0,209,228,20,False,preserved,197.0,197.0,True,1.0,preserved,190.0,190.0,True,1.0,preserved,189.0,189.0,True,1.0,DETRAC-test,test,test,0.0028112449799195804,124.85,124.5,0.5803,0.4194,0,-1,-1,vehicle,PPP,3,False
MVI_40761,16,1,247,275,29,True,switched,197.0,293.0,False,0.4138,switched,190.0,287.0,False,0.4138,switched,189.0,286.0,False,0.4138,DETRAC-test,test,test,0.004295369843977159,158.99,158.31,0.9922,0.4931,2,262,263,vehicle,SSS,0,False
MVI_40761,16,2,297,316,20,False,switched,293.0,350.0,False,0.45,switched,287.0,347.0,False,0.45,switched,286.0,347.0,False,0.45,DETRAC-test,test,test,0.01522070015220689,60.03,59.13,0.7996,0.4807,0,-1,-1,vehicle,SSS,0,False
MVI_40761,22,0,286,304,19,False,no_match_before,,,False,0.7368,no_match_before,,,False,0.7368,no_match_before,,,False,0.7368,DETRAC-test,test,test,0.0023435465671384215,115.48,115.21,0.5885,0.4186,0,-1,-1,vehicle,NNN,0,False
MVI_40761,24,0,319,370,52,False,no_match_before,,,False,0.4615,no_match_before,,,False,0.4423,no_match_before,,,False,0.4423,DETRAC-test,test,test,0.001595023526597128,251.18,250.78,0.6376,0.3888,0,-1,-1,vehicle,NNN,0,False
MVI_40761,24,1,376,391,16,False,preserved,242.0,242.0,False,0.9375,preserved,101.0,101.0,False,0.9375,preserved,101.0,101.0,False,0.9375,DETRAC-test,test,test,0.0018893850910339793,58.33,58.22,0.4621,0.267,0,-1,-1,vehicle,PPP,3,False
MVI_40761,31,0,538,553,16,False,no_match_before,,,False,0.0,no_match_before,,,False,0.0,no_match_before,,,False,0.0,DETRAC-test,test,test,0.004700352526439522,42.75,42.55,0.2518,0.1692,0,-1,-1,vehicle,NNN,0,False
MVI_40761,31,1,733,741,9,False,switched,654.0,681.0,False,0.5556,switched,618.0,679.0,False,0.5556,switched,625.0,685.0,False,0.5556,DETRAC-test,test,test,0.018433179723502224,13.26,13.02,0.1052,0.1038,0,-1,-1,vehicle,SSS,0,False
MVI_40761,34,1,708,717,10,False,preserved,649.0,649.0,True,1.0,preserved,648.0,648.0,True,1.0,preserved,656.0,656.0,True,1.0,DETRAC-test,test,test,0.005152425933877325,23.41,23.29,0.448,0.3186,0,-1,-1,both,PPP,3,False
MVI_40761,34,2,733,799,67,False,switched,649.0,829.0,False,0.9701,switched,648.0,831.0,False,0.9701,switched,656.0,831.0,False,0.9701,DETRAC-test,test,test,0.012585104188157725,147.24,145.41,0.7307,0.3887,0,-1,-1,vehicle,SSS,0,False
MVI_40761,34,3,846,895,50,False,switched,829.0,1016.0,False,0.56,switched,831.0,1022.0,False,0.54,switched,831.0,967.0,False,0.58,DETRAC-test,test,test,1.1132911392405065,33.39,15.8,0.7646,0.4643,0,-1,-1,vehicle,SSS,0,False
MVI_40761,34,4,912,930,19,False,switched,1016.0,1075.0,False,0.4737,switched,1022.0,1084.0,False,0.4737,switched,967.0,1080.0,False,0.4737,DETRAC-test,test,test,,13.55,4.53,0.581,0.3978,0,-1,-1,vehicle,SSS,0,False
MVI_40761,34,5,957,1097,141,True,switched,1016.0,1151.0,False,0.0426,switched,1050.0,1171.0,False,0.0426,switched,1084.0,1162.0,False,0.0426,DETRAC-test,test,test,20.286031042128606,192.0,9.02,1.0,0.7937,91,994,1084,vehicle,SSS,0,False
MVI_40761,34,6,1118,1271,154,True,switched,1151.0,1274.0,False,0.0195,switched,1171.0,1292.0,False,0.0195,switched,1162.0,1282.0,False,0.0195,DETRAC-test,test,test,,230.8,4.5,1.0,0.9392,135,1131,1265,vehicle,SSS,0,False
MVI_40761,34,7,1291,1298,8,False,preserved,1274.0,1274.0,False,0.25,preserved,1292.0,1292.0,False,0.25,preserved,1282.0,1282.0,False,0.25,DETRAC-test,test,test,,4.06,3.88,0.3078,0.2265,0,-1,-1,vehicle,PPP,3,False
MVI_40761,37,0,650,739,90,False,switched,663.0,778.0,False,0.6,switched,661.0,779.0,False,0.6,switched,667.0,780.0,False,0.6,DETRAC-test,test,test,0.0058352402745993626,351.64,349.6,0.5929,0.3894,0,-1,-1,vehicle,SSS,0,False
MVI_40761,38,1,683,696,14,False,no_match_before,,,False,0.0,no_match_before,,,False,0.0,no_match_before,,,False,0.0,DETRAC-test,test,test,0.02693458743052579,24.02,23.39,0.1292,0.1142,0,-1,-1,vehicle,NNN,0,False
MVI_40761,38,2,843,895,53,False,preserved,859.0,859.0,False,0.9811,preserved,860.0,860.0,False,0.9811,preserved,860.0,860.0,False,0.9811,DETRAC-test,test,test,0.03221989624101207,113.41,109.87,0.2043,0.1326,0,-1,-1,vehicle,PPP,3,False
MVI_40761,38,3,1045,1050,6,False,switched,859.0,1125.0,False,0.0,switched,860.0,1145.0,False,0.0,switched,860.0,1136.0,False,0.0,DETRAC-test,test,test,0.005291005291005346,7.6,7.56,0.1062,0.1021,0,-1,-1,vehicle,SSS,0,False
MVI_40761,38,4,1081,1106,26,False,preserved,1125.0,1125.0,False,0.9615,preserved,1145.0,1145.0,False,0.9615,preserved,1136.0,1136.0,False,0.9615,DETRAC-test,test,test,0.017697394010112832,52.33,51.42,0.3087,0.1911,0,-1,-1,vehicle,PPP,3,False
MVI_40761,40,1,806,837,32,False,preserved,742.0,742.0,True,1.0,preserved,743.0,743.0,True,1.0,preserved,744.0,744.0,True,1.0,DETRAC-test,test,test,0.005814410308792262,128.01,127.27,0.5743,0.3766,0,-1,-1,vehicle,PPP,3,False
MVI_40761,42,0,786,797,12,False,no_match_before,,,False,0.0,no_match_before,,,False,0.0,no_match_before,,,False,0.0,DETRAC-test,test,test,0.04684684684684681,11.62,11.1,0.1418,0.1216,0,-1,-1,vehicle,NNN,0,False
MVI_40761,42,1,801,830,30,False,no_match_before,,,False,0.0,no_match_before,,,False,0.0,no_match_before,,,False,0.0,DETRAC-test,test,test,0.036465036465036516,24.16,23.31,0.2633,0.1835,0,-1,-1,vehicle,NNN,0,False
MVI_40761,42,2,918,932,15,False,preserved,1004.0,1004.0,False,1.0,preserved,1010.0,1010.0,False,1.0,preserved,1007.0,1007.0,False,1.0,DETRAC-test,test,test,0.013047530288909481,10.87,10.73,0.1122,0.1089,0,-1,-1,vehicle,PPP,3,False
MVI_40761,42,3,981,1001,21,False,preserved,1004.0,1004.0,True,1.0,preserved,1010.0,1010.0,True,1.0,preserved,1007.0,1007.0,True,1.0,DETRAC-test,test,test,0.035404141616566465,15.5,14.97,0.1534,0.1228,0,-1,-1,vehicle,PPP,3,False
MVI_40761,42,4,1043,1047,5,False,preserved,1004.0,1004.0,True,1.0,preserved,1010.0,1010.0,True,1.0,preserved,1007.0,1007.0,True,1.0,DETRAC-test,test,test,0.0021299254526090383,9.41,9.39,0.1145,0.1076,0,-1,-1,vehicle,PPP,3,False
MVI_40761,47,0,886,896,11,False,no_match_before,,,False,0.0,no_match_before,,,False,0.0,no_match_before,,,False,0.0,DETRAC-test,test,test,0.004381161007666945,9.17,9.13,0.3442,0.2577,0,-1,-1,vehicle,NNN,0,False
MVI_40761,47,1,951,971,21,False,no_match_before,,,False,0.0,no_match_before,,,False,0.0,no_match_before,,,False,0.0,DETRAC-test,test,test,,8.73,4.83,0.215,0.161,0,-1,-1,vehicle,NNN,0,False
MVI_40761,47,2,984,1002,19,False,no_match_before,,,False,0.0,no_match_before,,,False,0.0,no_match_before,,,False,0.0,DETRAC-test,test,test,,7.48,4.23,0.1718,0.1364,0,-1,-1,vehicle,NNN,0,False
MVI_40761,47,3,1056,1206,151,False,no_match_before,,,False,0.3444,no_match_before,,,False,0.3444,no_match_before,,,False,0.3444,DETRAC-test,test,test,0.00702879100932674,521.51,517.87,0.836,0.5189,0,-1,-1,vehicle,NNN,0,False
MVI_40761,53,0,1105,1194,90,True,no_match_before,,,False,0.0222,no_match_before,,,False,0.0222,no_match_before,,,False,0.0222,DETRAC-test,test,test,0.1626765757077211,409.89,352.54,1.0,0.8665,67,1118,1184,vehicle,NNN,0,False
MVI_40761,53,1,1270,1348,79,True,switched,1202.0,1362.0,False,0.1392,switched,1222.0,1381.0,False,0.1392,switched,1213.0,1371.0,False,0.1392,DETRAC-test,test,test,9.990147783251231,89.24,8.12,1.0,0.8481,56,1282,1337,vehicle,SSS,0,False
MVI_40761,53,2,1403,1421,19,False,preserved,1362.0,1362.0,False,1.0,preserved,1381.0,1381.0,False,1.0,preserved,1371.0,1371.0,False,1.0,DETRAC-test,test,test,,9.9,2.24,0.473,0.3109,0,-1,-1,vehicle,PPP,3,False
MVI_40761,53,3,1456,1495,40,True,switched,1362.0,1470.0,False,0.2,switched,1381.0,1500.0,False,0.2,switched,1371.0,1487.0,False,0.2,DETRAC-test,test,test,,56.8,2.29,1.0,0.8247,26,1463,1488,vehicle,SSS,0,False
MVI_40761,53,4,1503,1511,9,False,preserved,1470.0,1470.0,False,0.8889,switched,1500.0,1524.0,False,0.8889,switched,1487.0,1511.0,False,0.8889,DETRAC-test,test,test,,4.92,1.72,0.4661,0.3616,0,-1,-1,vehicle,PSS,1,True
MVI_40761,53,5,1562,1629,68,True,switched,1470.0,1631.0,False,0.1324,switched,1500.0,1659.0,False,0.1324,switched,1487.0,1646.0,False,0.1324,DETRAC-test,test,test,,94.94,4.66,1.0,0.8365,47,1572,1618,vehicle,SSS,0,False
MVI_40761,53,6,1662,1690,29,False,preserved,1631.0,1631.0,False,0.5862,preserved,1659.0,1659.0,False,0.5862,preserved,1646.0,1646.0,False,0.5862,DETRAC-test,test,test,,13.93,3.33,0.7674,0.4595,0,-1,-1,vehicle,PPP,3,False
MVI_40761,53,7,1705,1742,38,False,switched,1631.0,1766.0,False,0.6579,switched,1659.0,1796.0,False,0.6579,switched,1646.0,1782.0,False,0.6842,DETRAC-test,test,test,0.8539553752535498,18.28,9.86,0.7903,0.4366,0,-1,-1,vehicle,SSS,0,False
MVI_40761,53,8,1822,1861,40,True,switched,1766.0,1903.0,False,0.15,switched,1796.0,1940.0,False,0.15,switched,1782.0,1919.0,False,0.15,DETRAC-test,test,test,,36.28,3.84,1.0,0.8696,30,1831,1860,vehicle,SSS,0,False
MVI_40761,53,9,1934,1972,39,False,preserved,1903.0,1903.0,False,0.5385,preserved,1940.0,1940.0,False,0.5385,preserved,1919.0,1919.0,False,0.5385,DETRAC-test,test,test,0.06624233851956607,45.23,42.42,0.8567,0.4948,0,-1,-1,vehicle,PPP,3,False
MVI_40761,53,10,2001,2008,8,False,preserved,1903.0,1903.0,True,1.0,preserved,1940.0,1940.0,True,1.0,preserved,1919.0,1919.0,True,1.0,DETRAC-test,test,test,0.006538796861377483,23.09,22.94,0.2359,0.1872,0,-1,-1,vehicle,PPP,3,False
MVI_40761,54,0,1201,1221,21,False,no_match_before,,,False,0.0,no_match_before,,,False,0.0,no_match_before,,,False,0.0,DETRAC-test,test,test,0.0054331421672200175,33.31,33.13,0.1874,0.1477,0,-1,-1,vehicle,NNN,0,False
MVI_40761,54,1,1288,1340,53,False,switched,1257.0,1337.0,False,0.3774,switched,1277.0,1355.0,False,0.3774,switched,1267.0,1346.0,False,0.3774,DETRAC-test,test,test,0.005377406982721267,254.27,252.91,0.2103,0.1855,0,-1,-1,vehicle,SSS,0,False
MVI_40761,60,1,1441,1449,9,False,preserved,1371.0,1371.0,True,1.0,preserved,1394.0,1394.0,True,1.0,preserved,1428.0,1428.0,True,1.0,DETRAC-test,test,test,0.0006510416666667407,30.74,30.72,0.2971,0.188,0,-1,-1,vehicle,PPP,3,False
MVI_40761,60,2,1491,1533,43,True,switched,1371.0,1522.0,False,0.186,switched,1394.0,1548.0,False,0.186,switched,1428.0,1535.0,False,0.186,DETRAC-test,test,test,0.1304006284367636,43.17,38.19,1.0,0.8567,31,1497,1527,vehicle,SSS,0,False
MVI_40761,60,3,1546,1555,10,False,preserved,1522.0,1522.0,False,0.6,preserved,1548.0,1548.0,False,0.6,preserved,1535.0,1535.0,False,0.6,DETRAC-test,test,test,0.14211212516297267,8.76,7.67,0.6007,0.399,0,-1,-1,vehicle,PPP,3,False
MVI_40761,60,4,1628,1706,79,True,switched,1522.0,1733.0,False,0.0506,switched,1548.0,1762.0,False,0.0506,switched,1535.0,1749.0,False,0.0506,DETRAC-test,test,test,0.027204502814258902,10.95,10.66,1.0,0.8756,60,1636,1695,vehicle,SSS,0,False
MVI_40761,60,5,1734,1771,38,False,switched,1733.0,1825.0,False,0.3158,switched,1762.0,1856.0,False,0.3158,switched,1749.0,1840.0,False,0.3158,DETRAC-test,test,test,,6.95,1.22,0.7077,0.4782,0,-1,-1,vehicle,SSS,0,False
MVI_40761,60,6,1779,1807,29,False,preserved,1825.0,1825.0,False,0.2759,preserved,1856.0,1856.0,False,0.2759,preserved,1840.0,1840.0,False,0.2759,DETRAC-test,test,test,,13.64,1.1,0.4856,0.3586,0,-1,-1,vehicle,PPP,3,False
MVI_40761,62,1,1423,1429,7,False,no_match_before,,,False,0.0,no_match_before,,,False,0.0,no_match_before,,,False,0.0,DETRAC-test,test,test,0.0,20.5,20.5,0.1269,0.1218,0,-1,-1,background,NNN,0,False
MVI_40761,63,0,1511,1520,10,False,preserved,1456.0,1456.0,True,1.0,preserved,1485.0,1485.0,True,1.0,preserved,1473.0,1473.0,True,1.0,DETRAC-test,test,test,0.0008802816901409827,68.22,68.16,0.4246,0.3146,0,-1,-1,vehicle,PPP,3,False
MVI_40761,66,0,1518,1524,7,False,switched,1501.0,1535.0,False,0.0,switched,1527.0,1561.0,False,0.0,switched,1514.0,1548.0,False,0.0,DETRAC-test,test,test,0.02429378531073434,18.13,17.7,0.1324,0.1194,0,-1,-1,background,SSS,0,False
MVI_40761,66,1,1528,1538,11,False,switched,1501.0,1535.0,False,0.0,switched,1527.0,1561.0,False,0.0,switched,1514.0,1548.0,False,0.0,DETRAC-test,test,test,0.00453119553851522,28.82,28.69,0.1434,0.123,0,-1,-1,background,SSS,0,False
MVI_40761,66,2,1544,1610,67,False,switched,1501.0,1535.0,False,0.4478,switched,1527.0,1561.0,False,0.4478,switched,1514.0,1548.0,False,0.4478,DETRAC-test,test,test,0.0011404784307016413,351.13,350.73,0.2287,0.1516,0,-1,-1,both,SSS,0,False
MVI_40761,66,3,1614,1625,12,False,preserved,1535.0,1535.0,False,0.75,preserved,1561.0,1561.0,False,0.75,preserved,1548.0,1548.0,False,0.75,DETRAC-test,test,test,0.00046838407494154133,64.08,64.05,0.1366,0.1221,0,-1,-1,background,PPP,3,False
MVI_40761,66,4,1629,1643,15,False,preserved,1535.0,1535.0,True,1.0,preserved,1561.0,1561.0,True,1.0,preserved,1548.0,1548.0,True,1.0,DETRAC-test,test,test,0.0006310740880979271,79.28,79.23,0.1474,0.1229,0,-1,-1,background,PPP,3,False
MVI_40761,66,5,1647,1657,11,False,preserved,1535.0,1535.0,True,1.0,preserved,1561.0,1561.0,True,1.0,preserved,1548.0,1548.0,True,1.0,DETRAC-test,test,test,0.0007304601899196239,54.8,54.76,0.1261,0.1105,0,-1,-1,background,PPP,3,False
MVI_40761,66,6,1701,1702,2,False,preserved,1665.0,1665.0,False,0.5,preserved,1691.0,1691.0,False,0.5,preserved,1679.0,1679.0,False,0.5,DETRAC-test,test,test,,1.71,1.71,0.1124,0.111,0,-1,-1,background,PPP,3,False
MVI_40761,66,7,1709,1718,10,False,preserved,1665.0,1665.0,False,0.2,preserved,1691.0,1691.0,False,0.2,preserved,1679.0,1679.0,False,0.2,DETRAC-test,test,test,0.04002624671916011,15.85,15.24,0.1528,0.1208,0,-1,-1,background,PPP,3,False
MVI_40761,66,8,1728,1733,6,False,lost_after,1665.0,,False,0.0,lost_after,1691.0,,False,0.0,lost_after,1679.0,,False,0.0,DETRAC-test,test,test,0.01404853128991057,7.94,7.83,0.1288,0.1193,0,-1,-1,background,LLL,0,False
MVI_40761,68,0,1609,1668,60,False,no_match_before,,,False,0.0,no_match_before,,,False,0.0,no_match_before,,,False,0.0,DETRAC-test,test,test,0.008692952499223638,324.9,322.1,0.2774,0.1777,0,-1,-1,background,NNN,0,False
MVI_40761,68,1,1693,1778,86,False,switched,1691.0,1807.0,False,0.4535,switched,1718.0,1837.0,False,0.4535,switched,1705.0,1823.0,False,0.4535,DETRAC-test,test,test,0.0023481368044921958,392.72,391.8,0.1912,0.1433,0,-1,-1,background,SSS,0,False
MVI_40761,68,2,1800,1802,3,False,lost_after,1807.0,,False,0.0,lost_after,1837.0,,False,0.0,lost_after,1823.0,,False,0.0,DETRAC-test,test,test,,3.25,3.2,0.1255,0.1174,0,-1,-1,background,LLL,0,False
MVI_40761,69,0,1662,1740,79,False,switched,1633.0,1631.0,False,0.6835,switched,1661.0,1728.0,False,0.7089,switched,1648.0,1646.0,False,0.7089,DETRAC-test,test,test,0.003314146171289112,287.6,286.65,0.5705,0.3724,0,-1,-1,vehicle,SSS,0,False
MVI_40761,69,1,1867,1916,50,True,switched,1631.0,1930.0,False,0.14,switched,1728.0,1966.0,False,0.14,switched,1646.0,1946.0,False,0.14,DETRAC-test,test,test,2.0507117437722417,68.58,22.48,1.0,0.7815,30,1877,1906,vehicle,SSS,0,False
MVI_40761,69,2,1992,2010,19,False,switched,1930.0,2026.0,False,0.8421,switched,1966.0,2060.0,False,0.8421,switched,1946.0,2040.0,False,0.8421,DETRAC-test,test,test,,6.53,1.91,0.6393,0.4155,0,-1,-1,vehicle,SSS,0,False
MVI_40761,72,0,1788,1827,40,True,switched,1778.0,1893.0,False,0.0,switched,1808.0,1929.0,False,0.0,switched,1794.0,1908.0,False,0.0,DETRAC-test,test,test,0.08501440922190207,15.06,13.88,1.0,0.9316,34,1794,1827,vehicle,SSS,0,False
MVI_40762,1,0,28,46,19,False,preserved,3.0,3.0,False,0.6842,preserved,3.0,3.0,False,0.6842,preserved,3.0,3.0,False,0.7895,DETRAC-test,test,test,,0.0,0.0,0.4214,0.2678,0,-1,-1,vehicle,PPP,3,False
MVI_40762,1,1,141,147,7,False,preserved,3.0,3.0,True,1.0,preserved,3.0,3.0,True,1.0,preserved,3.0,3.0,True,1.0,DETRAC-test,test,test,,1.19,1.19,0.2048,0.1659,0,-1,-1,vehicle,PPP,3,False
MVI_40762,1,2,153,171,19,False,preserved,3.0,3.0,False,0.8947,preserved,3.0,3.0,False,0.8947,preserved,3.0,3.0,False,0.8947,DETRAC-test,test,test,,0.0,0.0,0.5255,0.3633,0,-1,-1,vehicle,PPP,3,False
MVI_40762,1,3,213,236,24,True,preserved,3.0,3.0,False,0.625,preserved,3.0,3.0,False,0.5833,preserved,3.0,3.0,False,0.5833,DETRAC-test,test,test,,0.0,0.0,0.9061,0.5155,1,226,226,vehicle,PPP,3,False
MVI_40762,1,4,268,281,14,False,preserved,3.0,3.0,True,1.0,preserved,3.0,3.0,True,1.0,preserved,3.0,3.0,True,1.0,DETRAC-test,test,test,,0.0,0.0,0.499,0.343,0,-1,-1,vehicle,PPP,3,False
MVI_40762,1,5,427,435,9,False,preserved,3.0,3.0,True,1.0,preserved,3.0,3.0,True,1.0,preserved,3.0,3.0,True,1.0,DETRAC-test,test,test,,3.45,0.95,0.2398,0.1786,0,-1,-1,vehicle,PPP,3,False
MVI_40762,1,6,943,1059,117,False,switched,3.0,385.0,False,0.359,switched,3.0,469.0,False,0.3419,switched,3.0,448.0,False,0.359,DETRAC-test,test,test,6.472972972972974,38.71,5.18,0.7236,0.454,0,-1,-1,vehicle,SSS,0,False
MVI_40762,1,7,1088,1089,2,False,preserved,385.0,385.0,False,0.5,preserved,469.0,469.0,False,0.5,preserved,448.0,448.0,False,0.5,DETRAC-test,test,test,,0.11,0.11,0.1201,0.111,0,-1,-1,vehicle,PPP,3,False
MVI_40762,1,8,1124,1138,15,False,preserved,385.0,385.0,False,0.4,preserved,469.0,469.0,False,0.4,preserved,448.0,448.0,False,0.4667,DETRAC-test,test,test,,4.65,0.44,0.3808,0.2571,0,-1,-1,vehicle,PPP,3,False
MVI_40762,1,9,1171,1186,16,False,preserved,385.0,385.0,False,0.375,preserved,469.0,469.0,False,0.4375,switched,448.0,583.0,False,0.375,DETRAC-test,test,test,,4.7,4.17,0.3817,0.2622,0,-1,-1,vehicle,PPS,2,True
MVI_40762,1,10,1266,1291,26,False,switched,385.0,543.0,False,0.3462,switched,469.0,520.0,False,0.3462,switched,583.0,499.0,False,0.3462,DETRAC-test,test,test,1.2403528114663724,20.32,9.07,0.7906,0.4847,0,-1,-1,vehicle,SSS,0,False
MVI_40762,1,11,1372,1375,4,False,preserved,543.0,543.0,True,1.0,preserved,520.0,520.0,True,1.0,preserved,499.0,499.0,True,1.0,DETRAC-test,test,test,,1.15,1.15,0.1153,0.1095,0,-1,-1,vehicle,PPP,3,False
MVI_40762,1,12,1421,1451,31,False,switched,543.0,778.0,False,0.0645,switched,520.0,809.0,False,0.0645,switched,499.0,787.0,False,0.0645,DETRAC-test,test,test,,0.0,0.0,0.483,0.3735,0,-1,-1,vehicle,SSS,0,False
MVI_40762,1,13,1796,1806,11,False,preserved,778.0,778.0,False,0.8182,preserved,1083.0,1083.0,False,0.8182,preserved,787.0,787.0,False,0.8182,DETRAC-test,test,test,,0.0,0.0,0.5302,0.3556,0,-1,-1,vehicle,PPP,3,False
MVI_40762,2,0,9,27,19,False,preserved,2.0,2.0,False,0.8947,preserved,2.0,2.0,False,0.9474,preserved,2.0,2.0,False,0.9474,DETRAC-test,test,test,,0.43,0.43,0.6531,0.4215,0,-1,-1,vehicle,PPP,3,False
MVI_40762,2,1,130,159,30,False,switched,2.0,46.0,False,0.7333,preserved,2.0,2.0,False,0.6667,switched,2.0,102.0,False,0.7,DETRAC-test,test,test,,11.84,1.92,0.681,0.3845,0,-1,-1,vehicle,SPS,1,True
MVI_40762,2,2,199,222,24,False,preserved,46.0,46.0,False,0.7083,preserved,2.0,2.0,False,0.7083,preserved,102.0,102.0,False,0.6667,DETRAC-test,test,test,,13.6,2.2,0.8816,0.5058,0,-1,-1,vehicle,PPP,3,False
MVI_40762,2,3,258,273,16,False,preserved,46.0,46.0,True,1.0,preserved,2.0,2.0,True,1.0,preserved,102.0,102.0,True,1.0,DETRAC-test,test,test,,6.52,2.48,0.4163,0.261,0,-1,-1,vehicle,PPP,3,False
MVI_40762,2,4,418,426,9,False,preserved,46.0,46.0,True,1.0,preserved,2.0,2.0,True,1.0,preserved,102.0,102.0,True,1.0,DETRAC-test,test,test,,1.25,1.06,0.2818,0.2088,0,-1,-1,vehicle,PPP,3,False
MVI_40762,2,5,900,948,49,False,switched,46.0,323.0,False,0.6939,preserved,2.0,2.0,False,0.7143,preserved,102.0,102.0,False,0.7143,DETRAC-test,test,test,,23.63,1.01,0.7704,0.4716,0,-1,-1,vehicle,SPP,2,True
MVI_40762,2,6,1026,1040,15,False,switched,323.0,421.0,False,1.0,switched,2.0,459.0,False,1.0,switched,102.0,438.0,False,1.0,DETRAC-test,test,test,,5.38,2.07,0.526,0.3362,0,-1,-1,vehicle,SSS,0,False
MVI_40762,2,7,1068,1074,7,False,preserved,421.0,421.0,True,1.0,preserved,2.0,2.0,True,1.0,preserved,102.0,102.0,True,1.0,DETRAC-test,test,test,,2.32,1.63,0.1873,0.1536,0,-1,-1,vehicle,PPP,3,False
MVI_40762,2,8,1108,1125,18,False,switched,421.0,489.0,False,0.5556,switched,2.0,520.0,False,0.6111,switched,102.0,499.0,False,0.6111,DETRAC-test,test,test,,4.38,1.39,0.606,0.3589,0,-1,-1,vehicle,SSS,0,False
MVI_40762,2,9,1157,1165,9,False,switched,489.0,543.0,False,1.0,preserved,520.0,520.0,True,1.0,preserved,499.0,499.0,True,1.0,DETRAC-test,test,test,,4.43,3.86,0.5729,0.3729,0,-1,-1,vehicle,SPP,2,True
MVI_40762,5,1,126,149,24,False,preserved,6.0,6.0,False,0.9583,preserved,6.0,6.0,False,0.9583,preserved,6.0,6.0,False,0.9583,DETRAC-test,test,test,1.0388007054673722,11.56,5.67,0.3951,0.2405,0,-1,-1,vehicle,PPP,3,False
MVI_40762,5,2,183,201,19,False,switched,6.0,113.0,False,0.4211,switched,6.0,127.0,False,0.4211,switched,6.0,123.0,False,0.4211,DETRAC-test,test,test,,0.0,0.0,0.5633,0.3616,0,-1,-1,vehicle,SSS,0,False
MVI_40762,5,3,246,253,8,False,preserved,113.0,113.0,True,1.0,preserved,127.0,127.0,True,1.0,preserved,123.0,123.0,True,1.0,DETRAC-test,test,test,,0.0,0.0,0.3045,0.2359,0,-1,-1,vehicle,PPP,3,False
MVI_40762,5,4,882,909,28,False,switched,113.0,319.0,False,0.8214,switched,127.0,341.0,False,0.8214,switched,123.0,333.0,False,0.8214,DETRAC-test,test,test,,10.73,3.06,0.4506,0.3106,0,-1,-1,vehicle,SSS,0,False
MVI_40762,5,5,1018,1024,7,False,preserved,319.0,319.0,True,1.0,preserved,341.0,341.0,True,1.0,preserved,333.0,333.0,True,1.0,DETRAC-test,test,test,,0.0,0.0,0.2046,0.1691,0,-1,-1,vehicle,PPP,3,False
MVI_40762,5,6,1100,1107,8,False,preserved,319.0,319.0,False,0.75,preserved,341.0,341.0,False,0.75,preserved,333.0,333.0,False,0.75,DETRAC-test,test,test,,1.85,1.15,0.2486,0.195,0,-1,-1,vehicle,PPP,3,False
MVI_40762,5,7,1147,1154,8,False,switched,319.0,507.0,False,1.0,switched,341.0,538.0,False,1.0,switched,333.0,517.0,False,1.0,DETRAC-test,test,test,,2.29,2.23,0.1655,0.1409,0,-1,-1,vehicle,SSS,0,False
MVI_40762,5,8,1175,1370,196,False,switched,319.0,663.0,False,0.5867,switched,341.0,694.0,False,0.5867,switched,333.0,674.0,False,0.5867,DETRAC-test,test,test,8.823529411764705,60.12,6.12,0.7773,0.459,0,-1,-1,vehicle,SSS,0,False
MVI_40762,6,0,106,123,18,False,preserved,1.0,1.0,False,0.9444,preserved,1.0,1.0,False,0.9444,preserved,1.0,1.0,False,0.9444,DETRAC-test,test,test,,0.0,0.0,0.4182,0.287,0,-1,-1,vehicle,PPP,3,False
MVI_40762,6,1,129,137,9,False,preserved,1.0,1.0,True,1.0,preserved,1.0,1.0,True,1.0,preserved,1.0,1.0,True,1.0,DETRAC-test,test,test,,4.46,3.1,0.3497,0.2567,0,-1,-1,vehicle,PPP,3,False
MVI_40762,6,2,164,182,19,False,switched,1.0,107.0,False,0.6316,switched,1.0,121.0,False,0.6842,switched,1.0,117.0,False,0.6842,DETRAC-test,test,test,,0.0,0.0,0.5938,0.3804,0,-1,-1,vehicle,SSS,0,False
MVI_40762,6,3,234,238,5,False,preserved,107.0,107.0,True,1.0,preserved,121.0,121.0,True,1.0,preserved,117.0,117.0,True,1.0,DETRAC-test,test,test,,0.0,0.0,0.3655,0.3459,0,-1,-1,vehicle,PPP,3,False
MVI_40762,6,4,396,402,7,False,preserved,107.0,107.0,True,1.0,preserved,121.0,121.0,True,1.0,preserved,117.0,117.0,True,1.0,DETRAC-test,test,test,,3.34,2.95,0.1824,0.1469,0,-1,-1,vehicle,PPP,3,False
MVI_40762,6,5,855,872,18,False,switched,107.0,297.0,False,0.5,switched,121.0,319.0,False,0.5,switched,117.0,311.0,False,0.5,DETRAC-test,test,test,0.34397163120567353,11.37,8.46,0.4925,0.3774,0,-1,-1,vehicle,SSS,0,False
MVI_40762,6,6,944,1179,236,False,switched,297.0,531.0,False,0.2415,switched,121.0,562.0,False,0.2415,switched,311.0,542.0,False,0.2415,DETRAC-test,test,test,2.5060449050086353,60.9,17.37,0.823,0.594,0,-1,-1,vehicle,SSS,0,False
MVI_40762,6,7,1205,1242,38,False,switched,531.0,593.0,False,0.5789,switched,562.0,622.0,False,0.5789,preserved,542.0,542.0,False,0.5789,DETRAC-test,test,test,0.10192386410151455,26.92,24.43,0.879,0.5291,0,-1,-1,vehicle,SSP,1,True
MVI_40762,7,0,90,126,37,False,preserved,21.0,21.0,False,0.973,switched,23.0,56.0,False,0.9459,switched,22.0,56.0,False,0.973,DETRAC-test,test,test,0.001981624932444692,278.1,277.55,0.5443,0.3364,0,-1,-1,vehicle,PSS,1,True
MVI_40762,10,1,139,146,8,False,preserved,46.0,46.0,False,0.875,switched,48.0,100.0,False,0.625,switched,47.0,98.0,False,0.625,DETRAC-test,test,test,0.0,89.62,89.62,0.1447,0.1362,0,-1,-1,background,PSS,1,True
MVI_40762,12,0,188,193,6,False,no_match_before,,,False,0.0,no_match_before,,,False,0.0,no_match_before,,,False,0.0,DETRAC-test,test,test,0.0004844961240308976,41.3,41.28,0.1696,0.1418,0,-1,-1,background,NNN,0,False
MVI_40762,12,1,198,204,7,False,no_match_before,,,False,0.4286,no_match_before,,,False,0.4286,no_match_before,,,False,0.4286,DETRAC-test,test,test,0.004066543438077552,54.32,54.1,0.2199,0.1684,0,-1,-1,background,NNN,0,False
MVI_40762,12,2,210,213,4,False,preserved,114.0,114.0,True,1.0,preserved,128.0,128.0,True,1.0,preserved,124.0,124.0,True,1.0,DETRAC-test,test,test,0.0007437709185571517,26.91,26.89,0.1408,0.1284,0,-1,-1,background,PPP,3,False
MVI_40762,27,0,1045,1056,12,False,no_match_before,,,False,0.0,no_match_before,,,False,0.0,no_match_before,,,False,0.0,DETRAC-test,test,test,1.2543424317617866,18.17,8.06,0.7014,0.4767,0,-1,-1,vehicle,NNN,0,False
MVI_40762,29,0,998,1014,17,False,preserved,363.0,363.0,True,1.0,preserved,384.0,384.0,True,1.0,preserved,376.0,376.0,True,1.0,DETRAC-test,test,test,,3.7,1.82,0.5684,0.332,0,-1,-1,vehicle,PPP,3,False
MVI_40762,29,1,1039,1047,9,False,preserved,363.0,363.0,True,1.0,preserved,384.0,384.0,True,1.0,preserved,376.0,376.0,True,1.0,DETRAC-test,test,test,,0.0,0.0,0.3017,0.2338,0,-1,-1,vehicle,PPP,3,False
MVI_40762,29,2,1078,1097,20,False,preserved,363.0,363.0,False,0.55,preserved,384.0,384.0,False,0.55,preserved,376.0,376.0,False,0.55,DETRAC-test,test,test,0.0,6.83,6.83,0.4959,0.3067,0,-1,-1,vehicle,PPP,3,False
MVI_40762,29,3,1126,1144,19,False,preserved,363.0,363.0,False,1.0,preserved,384.0,384.0,False,1.0,preserved,376.0,376.0,False,1.0,DETRAC-test,test,test,0.03402562969509493,23.4,22.63,0.5577,0.3488,0,-1,-1,vehicle,PPP,3,False
MVI_40762,29,4,1233,1266,34,True,switched,363.0,606.0,False,0.4412,switched,384.0,635.0,False,0.4412,switched,376.0,617.0,False,0.4412,DETRAC-test,test,test,0.267605633802817,40.5,31.95,1.0,0.5827,7,1248,1254,vehicle,SSS,0,False
MVI_40762,29,5,1424,1821,398,False,lost_after,606.0,,False,0.0704,lost_after,635.0,,False,0.0628,lost_after,617.0,,False,0.0704,DETRAC-test,test,test,7.55010814708003,118.59,13.87,0.3897,0.2589,0,-1,-1,vehicle,LLL,0,False
MVI_40762,30,0,893,925,33,False,preserved,298.0,298.0,False,0.7879,preserved,320.0,320.0,False,0.7879,preserved,312.0,312.0,False,0.7879,DETRAC-test,test,test,0.0004594482245607878,457.28,457.07,0.4577,0.2831,0,-1,-1,vehicle,PPP,3,False
MVI_40762,41,0,1093,1098,6,False,no_match_before,,,False,0.0,no_match_before,,,False,0.0,no_match_before,,,False,0.0,DETRAC-test,test,test,0.03155818540433919,5.23,5.07,0.1547,0.1427,0,-1,-1,vehicle,NNN,0,False
MVI_40762,45,0,1333,1339,7,False,preserved,535.0,535.0,True,1.0,preserved,566.0,566.0,True,1.0,preserved,546.0,546.0,True,1.0,DETRAC-test,test,test,0.00557413600891854,9.02,8.97,0.1882,0.1586,0,-1,-1,vehicle,PPP,3,False
MVI_40762,45,1,1435,1464,30,False,switched,663.0,535.0,False,0.1667,switched,744.0,817.0,False,0.0667,switched,546.0,795.0,False,0.1667,DETRAC-test,test,test,0.0033444816053511683,51.0,50.83,0.3916,0.2812,0,-1,-1,vehicle,SSS,0,False
MVI_40762,52,1,1448,1479,32,False,switched,757.0,798.0,False,0.0625,switched,787.0,830.0,False,0.0625,switched,766.0,808.0,False,0.0938,DETRAC-test,test,test,0.02192564346997128,64.32,62.94,0.3348,0.2472,0,-1,-1,vehicle,SSS,0,False
MVI_40762,52,2,1783,1792,10,False,preserved,798.0,798.0,False,0.0,preserved,830.0,830.0,False,0.0,preserved,808.0,808.0,False,0.0,DETRAC-test,test,test,,3.32,2.14,0.3216,0.2214,0,-1,-1,vehicle,PPP,3,False
MVI_40762,55,0,1460,1511,52,False,switched,772.0,852.0,False,0.8077,preserved,803.0,803.0,False,0.8077,preserved,781.0,781.0,False,0.8077,DETRAC-test,test,test,0.0013998184019370363,529.38,528.64,0.2864,0.2064,0,-1,-1,vehicle,SPP,2,True
MVI_40763,1,0,57,86,30,True,switched,1.0,99.0,False,0.0,switched,11.0,99.0,False,0.0,switched,1.0,99.0,False,0.0,DETRAC-test,test,test,,0.0,0.0,1.0,0.8687,21,64,84,vehicle,SSS,0,False
MVI_40763,1,1,140,148,9,False,switched,121.0,172.0,False,0.1111,preserved,119.0,119.0,False,0.1111,preserved,119.0,119.0,False,0.1111,DETRAC-test,test,test,,0.0,0.0,0.3652,0.2772,0,-1,-1,vehicle,SPP,2,True
MVI_40763,1,2,195,206,12,False,preserved,110.0,110.0,False,0.5,preserved,2.0,2.0,False,0.5,preserved,2.0,2.0,False,0.5,DETRAC-test,test,test,,3.84,3.84,0.2808,0.2119,0,-1,-1,vehicle,PPP,3,False
MVI_40763,1,3,216,261,46,True,switched,110.0,226.0,False,0.0,switched,2.0,218.0,False,0.0,switched,2.0,218.0,False,0.0,DETRAC-test,test,test,,0.0,0.0,1.0,0.8498,31,224,254,vehicle,SSS,0,False
MVI_40763,1,4,389,407,19,False,switched,226.0,379.0,False,0.5789,switched,218.0,382.0,False,0.5789,switched,218.0,379.0,False,0.5789,DETRAC-test,test,test,,2.72,2.72,0.4263,0.3041,0,-1,-1,vehicle,SSS,0,False
MVI_40763,1,5,459,477,19,False,switched,379.0,465.0,False,0.2105,switched,397.0,469.0,False,0.1579,switched,379.0,467.0,False,0.2105,DETRAC-test,test,test,,0.0,0.0,0.7711,0.5137,0,-1,-1,vehicle,SSS,0,False
MVI_40763,1,6,491,500,10,False,preserved,465.0,465.0,False,0.3,preserved,469.0,469.0,False,0.3,preserved,467.0,467.0,False,0.3,DETRAC-test,test,test,,0.0,0.0,0.5904,0.3301,0,-1,-1,vehicle,PPP,3,False
MVI_40763,1,7,636,641,6,False,preserved,465.0,465.0,True,1.0,preserved,469.0,469.0,True,1.0,preserved,467.0,467.0,True,1.0,DETRAC-test,test,test,,0.0,0.0,0.2586,0.1882,0,-1,-1,vehicle,PPP,3,False
MVI_40763,1,8,664,673,10,False,preserved,465.0,465.0,False,0.7,preserved,469.0,469.0,False,0.8,preserved,467.0,467.0,False,0.7,DETRAC-test,test,test,,0.0,0.0,0.4291,0.3032,0,-1,-1,vehicle,PPP,3,False
MVI_40763,1,9,708,723,16,False,preserved,465.0,465.0,False,0.375,preserved,469.0,469.0,False,0.375,preserved,467.0,467.0,False,0.375,DETRAC-test,test,test,,0.0,0.0,0.5872,0.3608,0,-1,-1,vehicle,PPP,3,False
MVI_40763,1,10,818,827,10,False,preserved,465.0,465.0,False,0.5,preserved,469.0,469.0,False,0.5,preserved,467.0,467.0,False,0.5,DETRAC-test,test,test,,0.0,0.0,0.7128,0.4765,0,-1,-1,vehicle,PPP,3,False
MVI_40763,1,11,935,984,50,False,switched,465.0,683.0,False,0.54,switched,469.0,693.0,False,0.52,switched,467.0,629.0,False,0.6,DETRAC-test,test,test,,0.0,0.0,0.8435,0.5007,0,-1,-1,vehicle,SSS,0,False
MVI_40763,1,12,1006,1016,11,False,switched,689.0,716.0,False,0.6364,switched,699.0,726.0,False,0.6364,preserved,629.0,629.0,False,0.5455,DETRAC-test,test,test,,0.0,0.0,0.6721,0.4807,0,-1,-1,vehicle,SSP,1,True
MVI_40763,1,13,1033,1041,9,False,switched,716.0,751.0,False,0.4444,switched,726.0,758.0,False,0.4444,preserved,629.0,629.0,False,0.4444,DETRAC-test,test,test,,0.0,0.0,0.6963,0.4428,0,-1,-1,vehicle,SSP,1,True
MVI_40763,1,14,1106,1114,9,False,preserved,751.0,751.0,True,1.0,preserved,758.0,758.0,True,1.0,preserved,629.0,629.0,True,1.0,DETRAC-test,test,test,,0.0,0.0,0.5301,0.3483,0,-1,-1,vehicle,PPP,3,False
MVI_40763,1,15,1178,1186,9,False,preserved,751.0,751.0,False,0.8889,preserved,814.0,814.0,False,0.8889,preserved,802.0,802.0,False,0.8889,DETRAC-test,test,test,,0.0,0.0,0.3673,0.2724,0,-1,-1,vehicle,PPP,3,False
MVI_40763,1,16,1222,1230,9,False,preserved,751.0,751.0,True,1.0,preserved,814.0,814.0,True,1.0,preserved,802.0,802.0,True,1.0,DETRAC-test,test,test,,0.0,0.0,0.3854,0.2883,0,-1,-1,vehicle,PPP,3,False
MVI_40763,1,17,1266,1283,18,False,switched,751.0,905.0,False,0.5556,switched,814.0,919.0,False,0.5556,switched,802.0,907.0,False,0.5556,DETRAC-test,test,test,,0.0,0.0,0.5657,0.3854,0,-1,-1,vehicle,SSS,0,False
MVI_40763,1,18,1310,1359,50,True,switched,905.0,929.0,False,0.06,switched,919.0,946.0,False,0.06,switched,802.0,934.0,False,0.06,DETRAC-test,test,test,,0.0,0.0,1.0,0.9049,40,1319,1358,vehicle,SSS,0,False
MVI_40763,1,19,1387,1394,8,False,preserved,929.0,929.0,False,0.375,preserved,946.0,946.0,False,0.375,preserved,934.0,934.0,False,0.375,DETRAC-test,test,test,,0.0,0.0,0.3212,0.2705,0,-1,-1,vehicle,PPP,3,False
MVI_40763,1,20,1504,1511,8,False,preserved,929.0,929.0,True,1.0,preserved,946.0,946.0,True,1.0,preserved,934.0,934.0,True,1.0,DETRAC-test,test,test,,0.0,0.0,0.3736,0.2579,0,-1,-1,vehicle,PPP,3,False
MVI_40763,1,21,1515,1523,9,False,switched,997.0,1008.0,False,0.2222,switched,1018.0,1029.0,False,0.2222,switched,1006.0,1013.0,False,0.5556,DETRAC-test,test,test,,0.0,0.0,0.4177,0.323,0,-1,-1,vehicle,SSS,0,False
MVI_40763,1,22,1571,1581,11,False,preserved,1008.0,1008.0,False,0.6364,preserved,1029.0,1029.0,False,0.6364,preserved,1013.0,1013.0,False,0.6364,DETRAC-test,test,test,,0.0,0.0,0.6243,0.3994,0,-1,-1,vehicle,PPP,3,False
MVI_40763,1,23,1652,1671,20,False,switched,1008.0,1057.0,False,0.65,switched,1029.0,1079.0,False,0.65,switched,1013.0,1064.0,False,0.65,DETRAC-test,test,test,0.017114914425427896,8.32,8.18,0.6442,0.3781,0,-1,-1,vehicle,SSS,0,False
MVI_40763,2,1,55,86,32,True,lost_after,26.0,,False,0.0,lost_after,51.0,,False,0.0,lost_after,51.0,,False,0.0,DETRAC-test,test,test,0.0006555227794164953,30.53,30.51,1.0,0.9204,25,59,83,vehicle,LLL,0,False
MVI_40763,3,1,154,194,41,False,lost_after,2.0,,False,0.561,lost_after,2.0,,False,0.5854,lost_after,2.0,,False,0.561,DETRAC-test,test,test,0.008322981366459592,81.17,80.5,0.5162,0.3312,0,-1,-1,vehicle,LLL,0,False
MVI_40763,4,1,199,252,54,True,switched,95.0,215.0,False,0.1481,switched,95.0,207.0,False,0.1481,switched,95.0,207.0,False,0.1481,DETRAC-test,test,test,0.22797927461139889,71.1,57.9,1.0,0.835,36,209,244,vehicle,SSS,0,False
MVI_40763,5,0,32,72,41,True,switched,23.0,81.0,False,0.1707,switched,22.0,81.0,False,0.1707,switched,22.0,81.0,False,0.1707,DETRAC-test,test,test,,0.0,0.0,1.0,0.6977,17,42,58,vehicle,SSS,0,False
MVI_40763,5,1,92,100,9,False,preserved,81.0,81.0,False,0.1111,preserved,81.0,81.0,False,0.1111,preserved,81.0,81.0,False,0.1111,DETRAC-test,test,test,,0.0,0.0,0.4172,0.2793,0,-1,-1,vehicle,PPP,3,False
MVI_40763,5,2,118,126,9,False,preserved,81.0,81.0,False,0.1111,preserved,81.0,81.0,False,0.1111,preserved,81.0,81.0,False,0.1111,DETRAC-test,test,test,,0.0,0.0,0.3629,0.275,0,-1,-1,vehicle,PPP,3,False
MVI_40763,5,3,155,159,5,False,preserved,81.0,81.0,False,0.6,preserved,81.0,81.0,False,0.6,preserved,81.0,81.0,False,0.6,DETRAC-test,test,test,,0.0,0.0,0.343,0.3083,0,-1,-1,vehicle,PPP,3,False
MVI_40763,5,4,185,234,50,True,switched,81.0,217.0,False,0.02,switched,81.0,209.0,False,0.02,switched,81.0,209.0,False,0.02,DETRAC-test,test,test,1.21606648199446,24.0,10.83,1.0,0.7307,25,198,222,vehicle,SSS,0,False
MVI_40763,8,1,330,380,51,False,switched,249.0,333.0,False,0.549,switched,241.0,334.0,False,0.549,switched,241.0,332.0,False,0.549,DETRAC-test,test,test,,0.0,0.0,0.5939,0.3731,0,-1,-1,vehicle,SSS,0,False
MVI_40763,8,2,407,447,41,False,switched,333.0,423.0,False,0.4146,switched,334.0,427.0,False,0.4146,switched,332.0,424.0,False,0.4146,DETRAC-test,test,test,,0.0,0.0,0.6922,0.485,0,-1,-1,vehicle,SSS,0,False
MVI_40763,8,3,464,471,8,False,preserved,423.0,423.0,False,0.875,preserved,427.0,427.0,False,0.875,preserved,424.0,424.0,False,0.875,DETRAC-test,test,test,,0.0,0.0,0.3508,0.2463,0,-1,-1,vehicle,PPP,3,False
MVI_40763,8,4,502,520,19,False,switched,423.0,486.0,False,0.4737,switched,427.0,490.0,False,0.4737,switched,424.0,488.0,False,0.4737,DETRAC-test,test,test,,0.0,0.0,0.6105,0.4143,0,-1,-1,vehicle,SSS,0,False
MVI_40763,8,5,545,573,29,False,switched,423.0,507.0,False,0.4828,switched,427.0,512.0,False,0.4828,switched,424.0,510.0,False,0.4828,DETRAC-test,test,test,,0.0,0.0,0.6494,0.4063,0,-1,-1,vehicle,SSS,0,False
MVI_40763,8,6,698,707,10,False,preserved,530.0,530.0,False,0.7,preserved,535.0,535.0,False,0.6,preserved,424.0,424.0,False,0.6,DETRAC-test,test,test,0.0,6.87,6.87,0.5205,0.3384,0,-1,-1,vehicle,PPP,3,False
MVI_40763,8,7,797,806,10,False,preserved,530.0,530.0,False,0.5,preserved,535.0,535.0,False,0.5,preserved,424.0,424.0,False,0.5,DETRAC-test,test,test,,0.6,0.6,0.4517,0.325,0,-1,-1,vehicle,PPP,3,False
MVI_40763,8,8,894,913,20,False,preserved,530.0,530.0,False,0.8,preserved,535.0,535.0,False,0.8,preserved,424.0,424.0,False,0.8,DETRAC-test,test,test,,3.11,3.11,0.5236,0.3741,0,-1,-1,vehicle,PPP,3,False
MVI_40763,8,9,956,964,9,False,preserved,530.0,530.0,True,1.0,preserved,535.0,535.0,True,1.0,preserved,424.0,424.0,True,1.0,DETRAC-test,test,test,,0.0,0.0,0.3503,0.263,0,-1,-1,vehicle,PPP,3,False
MVI_40763,8,10,987,996,10,False,preserved,530.0,530.0,False,0.7,preserved,535.0,535.0,False,0.7,preserved,424.0,424.0,False,0.7,DETRAC-test,test,test,,0.0,0.0,0.5398,0.3977,0,-1,-1,vehicle,PPP,3,False
MVI_40763,8,11,1007,1015,9,False,switched,530.0,714.0,False,0.8889,switched,535.0,724.0,False,0.8889,switched,424.0,715.0,False,1.0,DETRAC-test,test,test,,0.0,0.0,0.4792,0.3287,0,-1,-1,vehicle,SSS,0,False
MVI_40763,8,12,1082,1090,9,False,preserved,714.0,714.0,True,1.0,preserved,724.0,724.0,True,1.0,preserved,715.0,715.0,True,1.0,DETRAC-test,test,test,,0.0,0.0,0.3646,0.271,0,-1,-1,vehicle,PPP,3,False
MVI_40763,8,13,1218,1245,28,False,switched,714.0,864.0,False,0.9286,switched,724.0,877.0,False,0.9286,switched,715.0,865.0,False,0.9286,DETRAC-test,test,test,,0.0,0.0,0.5464,0.3646,0,-1,-1,vehicle,SSS,0,False
MVI_40763,8,14,1280,1329,50,True,switched,864.0,921.0,False,0.04,switched,877.0,938.0,False,0.04,switched,865.0,926.0,False,0.04,DETRAC-test,test,test,,2.2,2.2,1.0,0.9097,40,1288,1327,vehicle,SSS,0,False
MVI_40763,8,15,1623,1630,8,False,preserved,921.0,921.0,True,1.0,preserved,938.0,938.0,True,1.0,preserved,926.0,926.0,True,1.0,DETRAC-test,test,test,,0.0,0.0,0.4158,0.2832,0,-1,-1,vehicle,PPP,3,False
MVI_40763,14,0,181,191,11,False,no_match_before,,,False,0.0,no_match_before,,,False,0.0,no_match_before,,,False,0.0,DETRAC-test,test,test,0.0012862918044835858,54.49,54.42,0.3797,0.3244,0,-1,-1,vehicle,NNN,0,False
MVI_40763,14,1,267,295,29,False,preserved,194.0,194.0,True,1.0,preserved,185.0,185.0,True,1.0,preserved,185.0,185.0,True,1.0,DETRAC-test,test,test,0.0062380869866573985,58.07,57.71,0.6331,0.4226,0,-1,-1,vehicle,PPP,3,False
MVI_40763,14,2,350,387,38,False,preserved,194.0,194.0,False,0.9211,preserved,185.0,185.0,False,0.9211,preserved,185.0,185.0,False,0.9211,DETRAC-test,test,test,0.005025125628140836,96.0,95.52,0.5279,0.339,0,-1,-1,vehicle,PPP,3,False
MVI_40763,14,3,426,460,35,False,switched,194.0,379.0,False,0.6286,switched,185.0,397.0,False,0.6286,switched,185.0,379.0,False,0.6286,DETRAC-test,test,test,0.015235457063711877,73.3,72.2,0.5092,0.3419,0,-1,-1,vehicle,SSS,0,False
MVI_40763,15,0,196,202,7,False,no_match_before,,,False,0.0,no_match_before,,,False,0.0,no_match_before,,,False,0.0,DETRAC-test,test,test,0.0,57.72,57.72,0.1813,0.1432,0,-1,-1,vehicle,NNN,0,False
MVI_40763,17,0,324,352,29,False,switched,240.0,288.0,False,1.0,switched,232.0,282.0,False,1.0,switched,232.0,282.0,False,1.0,DETRAC-test,test,test,0.0010270103728047264,194.94,194.74,0.5899,0.372,0,-1,-1,vehicle,SSS,0,False
MVI_40763,19,0,311,391,81,False,no_match_before,,,False,0.5309,no_match_before,,,False,0.5309,no_match_before,,,False,0.5309,DETRAC-test,test,test,0.000702247191011196,456.0,455.68,0.5443,0.3964,0,-1,-1,vehicle,NNN,0,False
MVI_40763,19,1,429,457,29,False,switched,306.0,437.0,False,0.3793,switched,331.0,442.0,False,0.3793,switched,329.0,438.0,False,0.3793,DETRAC-test,test,test,0.005566097406704662,79.49,79.05,0.7414,0.4846,0,-1,-1,vehicle,SSS,0,False
MVI_40763,19,2,482,526,45,False,lost_after,437.0,,False,0.1556,lost_after,442.0,,False,0.1556,lost_after,438.0,,False,0.1556,DETRAC-test,test,test,0.05954866288895522,106.58,100.59,0.7929,0.4965,0,-1,-1,vehicle,LLL,0,False
MVI_40763,21,0,390,394,5,False,preserved,282.0,282.0,True,1.0,preserved,300.0,300.0,True,1.0,preserved,299.0,299.0,True,1.0,DETRAC-test,test,test,0.0007074637424830943,28.29,28.27,0.164,0.1364,0,-1,-1,vehicle,PPP,3,False
MVI_40763,23,0,471,480,10,False,preserved,335.0,335.0,True,1.0,preserved,373.0,373.0,True,1.0,preserved,370.0,370.0,True,1.0,DETRAC-test,test,test,0.0008457851705667707,71.0,70.94,0.3233,0.2406,0,-1,-1,vehicle,PPP,3,False
MVI_40763,24,0,432,452,21,False,no_match_before,,,False,0.0,no_match_before,,,False,0.0,no_match_before,,,False,0.0,DETRAC-test,test,test,0.002897224763647399,65.77,65.58,0.4309,0.3641,0,-1,-1,vehicle,NNN,0,False
MVI_40763,24,1,570,578,9,False,preserved,461.0,461.0,True,1.0,preserved,465.0,465.0,True,1.0,preserved,463.0,463.0,True,1.0,DETRAC-test,test,test,0.0006759040216288703,29.61,29.59,0.3858,0.2527,0,-1,-1,vehicle,PPP,3,False
MVI_40763,24,2,609,635,27,False,lost_after,461.0,,False,0.4444,lost_after,465.0,,False,0.4074,lost_after,463.0,,False,0.4074,DETRAC-test,test,test,0.004137235116044469,99.51,99.1,0.615,0.4328,0,-1,-1,vehicle,LLL,0,False
MVI_40763,26,1,562,597,36,False,lost_after,500.0,,False,0.25,lost_after,505.0,,False,0.25,lost_after,503.0,,False,0.25,DETRAC-test,test,test,0.0023681573913834075,110.05,109.79,0.6914,0.4499,0,-1,-1,vehicle,LLL,0,False
MVI_40763,32,0,884,902,19,False,preserved,621.0,621.0,False,1.0,preserved,628.0,628.0,False,1.0,preserved,626.0,626.0,False,1.0,DETRAC-test,test,test,0.00044766765153547716,111.74,111.69,0.5818,0.3819,0,-1,-1,vehicle,PPP,3,False
MVI_40763,36,0,946,955,10,False,no_match_before,,,False,0.0,no_match_before,,,False,0.0,no_match_before,,,False,0.0,DETRAC-test,test,test,,2.35,1.73,0.4468,0.3651,0,-1,-1,vehicle,NNN,0,False
MVI_40763,36,1,1034,1042,9,False,no_match_before,,,False,0.0,no_match_before,,,False,0.0,no_match_before,,,False,0.0,DETRAC-test,test,test,,1.54,0.85,0.4631,0.3211,0,-1,-1,vehicle,NNN,0,False
MVI_40763,36,2,1124,1132,9,False,no_match_before,,,False,0.1111,no_match_before,,,False,0.1111,no_match_before,,,False,0.1111,DETRAC-test,test,test,0.011716057891109521,14.68,14.51,0.4401,0.2828,0,-1,-1,vehicle,NNN,0,False
MVI_40763,36,3,1179,1196,18,False,preserved,807.0,807.0,False,1.0,switched,816.0,853.0,False,1.0,switched,804.0,842.0,False,1.0,DETRAC-test,test,test,0.0010495014867937247,57.23,57.17,0.5271,0.3806,0,-1,-1,vehicle,PSS,1,True
MVI_40763,36,4,1219,1236,18,False,preserved,807.0,807.0,True,1.0,preserved,853.0,853.0,True,1.0,preserved,842.0,842.0,True,1.0,DETRAC-test,test,test,0.00038935756002600463,77.08,77.05,0.4447,0.3043,0,-1,-1,vehicle,PPP,3,False
MVI_40763,37,0,958,965,8,False,no_match_before,,,False,0.0,no_match_before,,,False,0.0,no_match_before,,,False,0.0,DETRAC-test,test,test,0.0009779951100243878,61.41,61.35,0.2183,0.1767,0,-1,-1,vehicle,NNN,0,False
MVI_40763,45,0,1226,1235,10,False,lost_after,846.0,,False,0.0,lost_after,816.0,,False,0.0,lost_after,804.0,,False,0.0,DETRAC-test,test,test,0.0,75.66,75.66,0.2556,0.2032,0,-1,-1,vehicle,LLL,0,False
MVI_40771,12,0,69,114,46,False,lost_after,26.0,,False,0.7826,lost_after,17.0,,False,0.7826,lost_after,17.0,,False,0.7826,DETRAC-test,test,test,0.171807191568506,151.21,129.04,0.3341,0.2061,0,-1,-1,vehicle,LLL,0,False
MVI_40771,14,1,66,116,51,True,no_match_before,,,False,0.0196,no_match_before,,,False,0.0196,no_match_before,,,False,0.0196,DETRAC-test,test,test,0.03710393617821928,137.8,132.87,1.0,0.8449,28,73,100,vehicle,NNN,0,False
MVI_40771,18,0,131,152,22,False,preserved,68.0,68.0,True,1.0,preserved,70.0,70.0,True,1.0,preserved,70.0,70.0,True,1.0,DETRAC-test,test,test,0.0003636099192787512,137.56,137.51,0.5909,0.3484,0,-1,-1,vehicle,PPP,3,False
MVI_40771,26,0,226,246,21,False,switched,177.0,239.0,False,0.1905,switched,180.0,237.0,False,0.1905,switched,179.0,236.0,False,0.1905,DETRAC-test,test,test,0.09793161671591388,26.01,23.69,0.3062,0.2438,0,-1,-1,vehicle,SSS,0,False
MVI_40771,72,1,1581,1582,2,False,no_match_before,,,False,0.0,no_match_before,,,False,0.0,no_match_before,,,False,0.0,DETRAC-test,test,test,,1.01,1.01,0.1047,0.1032,0,-1,-1,vehicle,NNN,0,False
MVI_40772,14,0,666,686,21,True,preserved,193.0,193.0,False,0.9524,preserved,194.0,194.0,False,0.9524,preserved,194.0,194.0,False,0.9524,DETRAC-test,test,test,0.23212851405622503,15.34,12.45,1.0,1.0,21,666,686,vehicle,PPP,3,False
MVI_40772,24,1,962,978,17,False,preserved,297.0,297.0,True,1.0,preserved,299.0,299.0,True,1.0,preserved,299.0,299.0,True,1.0,DETRAC-test,test,test,0.005253104106972328,21.05,20.94,0.2251,0.1871,0,-1,-1,vehicle,PPP,3,False
MVI_40772,24,2,1013,1030,18,False,preserved,297.0,297.0,True,1.0,preserved,299.0,299.0,True,1.0,preserved,299.0,299.0,True,1.0,DETRAC-test,test,test,0.005752416014726203,43.71,43.46,0.2922,0.2284,0,-1,-1,vehicle,PPP,3,False
MVI_40772,26,0,888,899,12,False,no_match_before,,,False,0.0,no_match_before,,,False,0.0,no_match_before,,,False,0.0,DETRAC-test,test,test,0.014311270125223707,5.67,5.59,0.1461,0.1182,0,-1,-1,vehicle,NNN,0,False
MVI_40772,32,0,987,1037,51,False,preserved,342.0,342.0,False,0.9216,preserved,345.0,345.0,False,0.9216,preserved,345.0,345.0,False,0.9216,DETRAC-test,test,test,0.015343374131423948,287.86,283.51,0.3266,0.2347,0,-1,-1,vehicle,PPP,3,False
MVI_40772,40,0,1000,1003,4,False,no_match_before,,,False,0.0,no_match_before,,,False,0.0,no_match_before,,,False,0.0,DETRAC-test,test,test,,3.17,2.83,0.164,0.1331,0,-1,-1,vehicle,NNN,0,False
MVI_40772,40,1,1013,1029,17,False,no_match_before,,,False,0.0,no_match_before,,,False,0.0,no_match_before,,,False,0.0,DETRAC-test,test,test,0.014657980456026065,18.69,18.42,0.1998,0.1725,0,-1,-1,vehicle,NNN,0,False
MVI_40772,40,2,1042,1053,12,False,no_match_before,,,False,0.0,no_match_before,,,False,0.0,no_match_before,,,False,0.0,DETRAC-test,test,test,0.02400000000000002,12.8,12.5,0.1432,0.126,0,-1,-1,vehicle,NNN,0,False
MVI_40772,40,3,1112,1144,33,False,switched,464.0,551.0,False,0.4545,switched,464.0,549.0,False,0.4545,switched,466.0,551.0,False,0.4545,DETRAC-test,test,test,0.03601992591646441,81.11,78.29,0.4952,0.305,0,-1,-1,vehicle,SSS,0,False
MVI_40772,43,0,1113,1136,24,False,preserved,396.0,396.0,False,0.8333,preserved,399.0,399.0,False,0.8333,preserved,399.0,399.0,False,0.8333,DETRAC-test,test,test,0.020970209702096954,113.44,111.11,0.371,0.2713,0,-1,-1,vehicle,PPP,3,False
MVI_40772,51,1,1099,1104,6,False,no_match_before,,,False,0.3333,no_match_before,,,False,0.3333,no_match_before,,,False,0.3333,DETRAC-test,test,test,0.01646706586826352,6.79,6.68,0.1454,0.1246,0,-1,-1,vehicle,NNN,0,False
MVI_40772,54,0,1145,1169,25,False,preserved,495.0,495.0,True,1.0,preserved,493.0,493.0,True,1.0,preserved,495.0,495.0,True,1.0,DETRAC-test,test,test,0.012591963780418602,71.57,70.68,0.2623,0.2195,0,-1,-1,vehicle,PPP,3,False
MVI_40772,59,0,1173,1178,6,False,no_match_before,,,False,0.0,no_match_before,,,False,0.0,no_match_before,,,False,0.0,DETRAC-test,test,test,0.04831460674157295,9.33,8.9,0.1177,0.109,0,-1,-1,vehicle,NNN,0,False
MVI_40773,2,0,476,599,124,False,lost_after,182.0,,False,0.5081,lost_after,182.0,,False,0.4597,lost_after,183.0,,False,0.4435,DETRAC-test,test,test,0.017648433847592182,261.21,256.68,0.4959,0.3242,0,-1,-1,vehicle,LLL,0,False
MVI_40773,10,0,313,348,36,False,lost_after,102.0,,False,0.5833,lost_after,102.0,,False,0.5833,lost_after,103.0,,False,0.5833,DETRAC-test,test,test,0.007174549230623883,106.69,105.93,0.2368,0.1859,0,-1,-1,vehicle,LLL,0,False
MVI_40773,22,0,849,919,71,False,switched,348.0,452.0,False,0.3944,switched,353.0,455.0,False,0.3944,switched,356.0,458.0,False,0.3944,DETRAC-test,test,test,0.05973698936765515,75.75,71.48,0.2119,0.1754,0,-1,-1,vehicle,SSS,0,False
MVI_40775,1,0,646,647,2,False,preserved,2.0,2.0,True,1.0,preserved,2.0,2.0,True,1.0,preserved,2.0,2.0,True,1.0,DETRAC-test,test,test,,0.0,0.0,0.1031,0.1018,0,-1,-1,vehicle,PPP,3,False
MVI_40775,6,0,36,85,50,True,lost_after,8.0,,False,0.22,lost_after,8.0,,False,0.24,lost_after,40.0,,False,0.24,DETRAC-test,test,test,0.4014027515511196,51.95,37.07,1.0,0.6565,13,62,74,vehicle,LLL,0,False
MVI_40775,9,1,152,153,2,False,preserved,78.0,78.0,True,1.0,preserved,79.0,79.0,True,1.0,preserved,79.0,79.0,True,1.0,DETRAC-test,test,test,,1.2,1.2,0.102,0.1013,0,-1,-1,vehicle,PPP,3,False
MVI_40775,9,2,160,199,40,False,lost_after,78.0,,False,0.8,lost_after,79.0,,False,0.8,lost_after,79.0,,False,0.8,DETRAC-test,test,test,0.020074562661313466,35.57,34.87,0.2106,0.1594,0,-1,-1,vehicle,LLL,0,False
MVI_40775,9,3,205,223,19,False,lost_after,78.0,,False,0.0,lost_after,79.0,,False,0.0,lost_after,79.0,,False,0.0,DETRAC-test,test,test,0.018115942028985588,14.05,13.8,0.1361,0.1194,0,-1,-1,vehicle,LLL,0,False
MVI_40775,13,0,24,66,43,True,switched,5.0,64.0,False,0.0233,switched,5.0,65.0,False,0.0233,switched,5.0,65.0,False,0.0233,DETRAC-test,test,test,0.08765432098765435,61.67,56.7,1.0,0.7978,26,31,56,vehicle,SSS,0,False
MVI_40775,14,0,6,52,47,True,no_match_before,,,False,0.0,no_match_before,,,False,0.0,no_match_before,,,False,0.0,DETRAC-test,test,test,0.019641043007111447,60.22,59.06,1.0,0.6877,20,21,40,vehicle,NNN,0,False
MVI_40775,15,1,206,229,24,False,preserved,141.0,141.0,True,1.0,preserved,142.0,142.0,True,1.0,preserved,146.0,146.0,True,1.0,DETRAC-test,test,test,0.03726609578179496,65.41,63.06,0.5877,0.3585,0,-1,-1,vehicle,PPP,3,False
MVI_40775,17,0,628,972,345,False,no_match_before,,,False,0.0,no_match_before,,,False,0.0,no_match_before,,,False,0.0,DETRAC-test,test,test,,1.81,1.81,0.1565,0.1299,0,-1,-1,vehicle,NNN,0,False
MVI_40775,21,1,119,147,29,False,switched,52.0,140.0,False,0.6552,switched,53.0,141.0,False,0.6552,switched,53.0,140.0,False,0.6552,DETRAC-test,test,test,0.23506960035922764,55.01,44.54,0.2888,0.2017,0,-1,-1,vehicle,SSS,0,False
MVI_40775,22,1,232,238,7,False,lost_after,55.0,,False,0.0,lost_after,56.0,,False,0.0,lost_after,56.0,,False,0.0,DETRAC-test,test,test,0.004250797024442088,9.45,9.41,0.1175,0.1144,0,-1,-1,vehicle,LLL,0,False
MVI_40775,24,0,165,223,59,True,switched,90.0,197.0,False,0.4915,switched,91.0,198.0,False,0.4915,switched,91.0,202.0,False,0.4915,DETRAC-test,test,test,0.020409686205738797,273.48,268.01,1.0,0.6016,14,192,205,vehicle,SSS,0,False
MVI_40775,27,1,290,298,9,False,preserved,225.0,225.0,False,0.7778,preserved,250.0,250.0,False,0.7778,preserved,254.0,254.0,False,0.7778,DETRAC-test,test,test,0.12163616792249732,10.42,9.29,0.2992,0.2363,0,-1,-1,vehicle,PPP,3,False
MVI_40775,29,1,219,223,5,False,no_match_before,,,False,0.0,no_match_before,,,False,0.0,no_match_before,,,False,0.0,DETRAC-test,test,test,0.04051383399209496,10.53,10.12,0.1801,0.1442,0,-1,-1,vehicle,NNN,0,False
MVI_40775,31,0,221,301,81,False,preserved,144.0,144.0,True,1.0,preserved,145.0,145.0,True,1.0,preserved,145.0,145.0,True,1.0,DETRAC-test,test,test,0.003726645515435445,199.31,198.57,0.2262,0.1758,0,-1,-1,vehicle,PPP,3,False
MVI_40775,41,0,381,434,54,False,preserved,289.0,289.0,False,0.3333,switched,293.0,369.0,False,0.3333,switched,296.0,373.0,False,0.3333,DETRAC-test,test,test,0.057144980307646476,142.26,134.57,0.783,0.5349,0,-1,-1,vehicle,PSS,1,True
MVI_40775,44,0,349,356,8,False,no_match_before,,,False,0.0,no_match_before,,,False,0.0,no_match_before,,,False,0.0,DETRAC-test,test,test,,3.45,2.78,0.2582,0.2037,0,-1,-1,vehicle,NNN,0,False
MVI_40775,44,1,406,475,70,True,switched,312.0,397.0,False,0.0143,switched,316.0,398.0,False,0.0143,switched,320.0,402.0,False,0.0143,DETRAC-test,test,test,0.056650246305418595,25.74,24.36,1.0,0.8264,41,421,461,vehicle,SSS,0,False
MVI_40792,1,0,9,38,30,False,no_match_before,,,False,0.0,no_match_before,,,False,0.0,no_match_before,,,False,0.0,DETRAC-test,test,test,,13.01,2.24,0.2738,0.1927,0,-1,-1,vehicle,NNN,0,False
MVI_40792,1,1,134,174,41,False,no_match_before,,,False,0.0,no_match_before,,,False,0.0,no_match_before,,,False,0.0,DETRAC-test,test,test,,17.21,0.77,0.3565,0.2585,0,-1,-1,vehicle,NNN,0,False
MVI_40792,1,2,203,258,56,False,no_match_before,,,False,0.0,no_match_before,,,False,0.0,no_match_before,,,False,0.0,DETRAC-test,test,test,2.254691689008043,24.28,7.46,0.504,0.3082,0,-1,-1,vehicle,NNN,0,False
MVI_40792,5,0,51,66,16,False,preserved,4.0,4.0,True,1.0,preserved,4.0,4.0,True,1.0,preserved,4.0,4.0,True,1.0,DETRAC-test,test,test,0.00016784155756965902,119.18,119.16,0.5011,0.3505,0,-1,-1,background,PPP,3,False
MVI_40792,7,0,80,118,39,False,no_match_before,,,False,0.0,no_match_before,,,False,0.0,no_match_before,,,False,0.0,DETRAC-test,test,test,1.2898961284230408,24.25,10.59,0.4863,0.3131,0,-1,-1,vehicle,NNN,0,False
MVI_40792,8,0,1018,1035,18,False,preserved,21.0,21.0,True,1.0,preserved,21.0,21.0,True,1.0,preserved,21.0,21.0,True,1.0,DETRAC-test,test,test,,14.58,4.74,0.2492,0.2015,0,-1,-1,vehicle,PPP,3,False
MVI_40792,17,0,910,932,23,False,lost_after,259.0,,False,0.0,lost_after,264.0,,False,0.0,lost_after,263.0,,False,0.0,DETRAC-test,test,test,0.0030330062444245964,112.44,112.1,0.5192,0.3757,0,-1,-1,background,LLL,0,False
MVI_40792,18,0,893,918,26,False,no_match_before,,,False,0.0,no_match_before,,,False,0.0,no_match_before,,,False,0.0,DETRAC-test,test,test,,11.8,1.35,0.4364,0.3243,0,-1,-1,vehicle,NNN,0,False
MVI_40792,18,1,997,1022,26,True,no_match_before,,,False,0.0,no_match_before,,,False,0.0,no_match_before,,,False,0.0,DETRAC-test,test,test,,135.72,4.23,1.0,0.7662,15,1002,1016,vehicle,NNN,0,False
MVI_40792,18,2,1338,1363,26,False,no_match_before,,,False,0.0,no_match_before,,,False,0.0,no_match_before,,,False,0.0,DETRAC-test,test,test,,8.0,1.51,0.3252,0.2397,0,-1,-1,vehicle,NNN,0,False
MVI_40792,18,3,1399,1423,25,False,no_match_before,,,False,0.0,no_match_before,,,False,0.0,no_match_before,,,False,0.0,DETRAC-test,test,test,,14.07,2.57,0.2166,0.1808,0,-1,-1,vehicle,NNN,0,False
MVI_40792,19,0,869,879,11,False,no_match_before,,,False,0.0,no_match_before,,,False,0.0,no_match_before,,,False,0.0,DETRAC-test,test,test,,6.38,1.69,0.2651,0.2016,0,-1,-1,vehicle,NNN,0,False
MVI_40792,19,1,979,1004,26,True,no_match_before,,,False,0.0,no_match_before,,,False,0.0,no_match_before,,,False,0.0,DETRAC-test,test,test,,88.26,1.96,1.0,0.7436,14,986,999,vehicle,NNN,0,False
MVI_40792,19,2,1312,1323,12,False,no_match_before,,,False,0.0,no_match_before,,,False,0.0,no_match_before,,,False,0.0,DETRAC-test,test,test,,4.49,2.87,0.2339,0.1824,0,-1,-1,vehicle,NNN,0,False
MVI_40792,20,0,974,1028,55,False,switched,265.0,308.0,False,0.9455,preserved,270.0,270.0,False,0.9455,preserved,269.0,269.0,False,0.9455,DETRAC-test,test,test,0.006520190674483617,183.7,182.51,0.7123,0.4254,0,-1,-1,both,SPP,2,True
MVI_40792,21,0,868,914,47,False,no_match_before,,,False,0.0,no_match_before,,,False,0.0,no_match_before,,,False,0.0,DETRAC-test,test,test,,32.74,2.3,0.507,0.2379,0,-1,-1,vehicle,NNN,0,False
MVI_40792,21,1,919,963,45,False,no_match_before,,,False,0.0,no_match_before,,,False,0.0,no_match_before,,,False,0.0,DETRAC-test,test,test,,22.58,1.08,0.234,0.1518,0,-1,-1,vehicle,NNN,0,False
MVI_40792,21,2,969,1015,47,True,no_match_before,,,False,0.0,no_match_before,,,False,0.0,no_match_before,,,False,0.0,DETRAC-test,test,test,,123.76,2.64,1.0,0.5459,15,996,1010,vehicle,NNN,0,False
MVI_40792,21,3,1019,1077,59,False,no_match_before,,,False,0.0,no_match_before,,,False,0.0,no_match_before,,,False,0.0,DETRAC-test,test,test,,40.82,1.39,0.246,0.1733,0,-1,-1,vehicle,NNN,0,False
MVI_40792,21,4,1083,1129,47,False,no_match_before,,,False,0.0,no_match_before,,,False,0.0,no_match_before,,,False,0.0,DETRAC-test,test,test,,27.53,2.42,0.2553,0.1881,0,-1,-1,vehicle,NNN,0,False
MVI_40792,21,5,1133,1142,10,False,no_match_before,,,False,0.0,no_match_before,,,False,0.0,no_match_before,,,False,0.0,DETRAC-test,test,test,,5.5,2.16,0.1829,0.1516,0,-1,-1,vehicle,NNN,0,False
MVI_40792,21,6,1148,1154,7,False,no_match_before,,,False,0.0,no_match_before,,,False,0.0,no_match_before,,,False,0.0,DETRAC-test,test,test,,5.58,1.6,0.2411,0.1719,0,-1,-1,vehicle,NNN,0,False
MVI_40792,21,7,1159,1163,5,False,no_match_before,,,False,0.0,no_match_before,,,False,0.0,no_match_before,,,False,0.0,DETRAC-test,test,test,,3.63,1.07,0.1529,0.1307,0,-1,-1,vehicle,NNN,0,False
MVI_40792,21,8,1169,1397,229,False,no_match_before,,,False,0.0,no_match_before,,,False,0.0,no_match_before,,,False,0.0,DETRAC-test,test,test,,103.92,3.2,0.3475,0.213,0,-1,-1,vehicle,NNN,0,False
MVI_40792,22,0,912,931,20,False,preserved,267.0,267.0,True,1.0,preserved,272.0,272.0,True,1.0,preserved,271.0,271.0,True,1.0,DETRAC-test,test,test,0.0008739495798320007,148.88,148.75,0.3229,0.308,0,-1,-1,background,PPP,3,False
MVI_40792,23,0,1014,1030,17,False,lost_after,281.0,,False,0.0,lost_after,286.0,,False,0.0,lost_after,285.0,,False,0.0,DETRAC-test,test,test,0.00016091399147155627,124.31,124.29,0.3556,0.3348,0,-1,-1,background,LLL,0,False
MVI_40792,24,0,975,991,17,False,preserved,283.0,283.0,True,1.0,preserved,288.0,288.0,True,1.0,preserved,287.0,287.0,True,1.0,DETRAC-test,test,test,0.0006501480892870948,138.52,138.43,0.3079,0.2949,0,-1,-1,background,PPP,3,False
MVI_40792,26,0,1018,1033,16,False,preserved,314.0,314.0,True,1.0,preserved,322.0,322.0,True,1.0,preserved,321.0,321.0,True,1.0,DETRAC-test,test,test,0.002316490516867109,138.46,138.14,0.3252,0.3103,0,-1,-1,background,PPP,3,False
MVI_40792,28,0,1147,1163,17,False,preserved,344.0,344.0,False,0.8235,preserved,352.0,352.0,False,0.8235,preserved,350.0,350.0,False,0.8235,DETRAC-test,test,test,0.001891291834553055,121.84,121.61,0.3408,0.3168,0,-1,-1,background,PPP,3,False
MVI_40792,29,0,1352,1379,28,False,lost_after,416.0,,False,0.25,lost_after,423.0,,False,0.25,lost_after,420.0,,False,0.25,DETRAC-test,test,test,0.0030467414728394537,134.98,134.57,0.4738,0.3459,0,-1,-1,background,LLL,0,False
MVI_40792,30,0,1253,1752,500,False,no_match_before,,,False,0.978,no_match_before,,,False,0.978,no_match_before,,,False,0.978,DETRAC-test,test,test,2.1857655607108466,363.91,114.23,0.4438,0.3717,0,-1,-1,vehicle,NNN,0,False
MVI_40792,32,0,1418,1420,3,False,preserved,454.0,454.0,True,1.0,preserved,461.0,461.0,True,1.0,preserved,458.0,458.0,True,1.0,DETRAC-test,test,test,0.0,11.34,11.34,0.1145,0.106,0,-1,-1,background,PPP,3,False
MVI_40792,32,1,1424,1448,25,False,lost_after,454.0,,False,0.12,lost_after,461.0,,False,0.12,lost_after,458.0,,False,0.12,DETRAC-test,test,test,0.0024328623561336027,107.13,106.87,0.5139,0.3786,0,-1,-1,background,LLL,0,False
MVI_40792,34,0,1667,1681,15,False,preserved,542.0,542.0,False,0.9333,preserved,548.0,548.0,False,0.9333,preserved,545.0,545.0,False,0.9333,DETRAC-test,test,test,7.273256236817183e-05,137.5,137.49,0.3065,0.2903,0,-1,-1,background,PPP,3,False
MVI_40792,35,0,1713,1731,19,False,preserved,557.0,557.0,False,0.9474,preserved,563.0,563.0,False,0.9474,preserved,560.0,560.0,False,0.9474,DETRAC-test,test,test,0.0016000000000000458,150.24,150.0,0.369,0.2986,0,-1,-1,background,PPP,3,False
MVI_40792,35,1,1764,1771,8,False,preserved,557.0,557.0,True,1.0,preserved,563.0,563.0,True,1.0,preserved,560.0,560.0,True,1.0,DETRAC-test,test,test,0.0005730659025788842,69.84,69.8,0.1474,0.1373,0,-1,-1,vehicle,PPP,3,False
MVI_40792,35,2,1778,1795,18,False,preserved,557.0,557.0,True,1.0,preserved,563.0,563.0,True,1.0,preserved,560.0,560.0,True,1.0,DETRAC-test,test,test,0.0014076429800324863,192.08,191.81,0.3788,0.2707,0,-1,-1,vehicle,PPP,3,False
MVI_40792,36,1,1779,1791,13,False,preserved,564.0,564.0,True,1.0,preserved,570.0,570.0,True,1.0,preserved,567.0,567.0,True,1.0,DETRAC-test,test,test,0.03237410071942448,22.96,22.24,0.1518,0.1257,0,-1,-1,vehicle,PPP,3,False
MVI_40793,1,1,417,471,55,False,preserved,2.0,2.0,True,1.0,preserved,2.0,2.0,True,1.0,preserved,2.0,2.0,True,1.0,DETRAC-test,test,test,0.03431621759023873,40.69,39.34,0.479,0.3367,0,-1,-1,vehicle,PPP,3,False
MVI_40793,1,2,527,570,44,False,preserved,2.0,2.0,True,1.0,preserved,2.0,2.0,True,1.0,preserved,2.0,2.0,True,1.0,DETRAC-test,test,test,0.02383776091081602,86.33,84.32,0.5771,0.3496,0,-1,-1,vehicle,PPP,3,False
MVI_40793,1,3,651,683,33,False,preserved,2.0,2.0,True,1.0,preserved,2.0,2.0,True,1.0,preserved,2.0,2.0,True,1.0,DETRAC-test,test,test,0.11267605633802824,25.28,22.72,0.4295,0.3166,0,-1,-1,vehicle,PPP,3,False
MVI_40793,1,4,729,737,9,False,preserved,2.0,2.0,True,1.0,preserved,2.0,2.0,True,1.0,preserved,2.0,2.0,True,1.0,DETRAC-test,test,test,,1.81,1.6,0.2957,0.2099,0,-1,-1,vehicle,PPP,3,False
MVI_40793,1,5,749,758,10,False,preserved,2.0,2.0,True,1.0,preserved,2.0,2.0,True,1.0,preserved,2.0,2.0,True,1.0,DETRAC-test,test,test,,2.59,2.58,0.1945,0.1612,0,-1,-1,vehicle,PPP,3,False
MVI_40793,1,6,841,849,9,False,preserved,2.0,2.0,True,1.0,preserved,2.0,2.0,True,1.0,preserved,2.0,2.0,True,1.0,DETRAC-test,test,test,,0.0,0.0,0.2506,0.1968,0,-1,-1,vehicle,PPP,3,False
MVI_40793,1,7,902,908,7,False,preserved,2.0,2.0,True,1.0,preserved,2.0,2.0,True,1.0,preserved,2.0,2.0,True,1.0,DETRAC-test,test,test,,0.0,0.0,0.2454,0.2051,0,-1,-1,vehicle,PPP,3,False
MVI_40793,1,8,1015,1032,18,False,preserved,2.0,2.0,False,0.5,preserved,2.0,2.0,False,0.5,preserved,2.0,2.0,False,0.5,DETRAC-test,test,test,,0.0,0.0,0.681,0.4648,0,-1,-1,vehicle,PPP,3,False
MVI_40793,1,9,1101,1109,9,False,preserved,2.0,2.0,True,1.0,preserved,2.0,2.0,True,1.0,preserved,2.0,2.0,True,1.0,DETRAC-test,test,test,,0.0,0.0,0.2736,0.2109,0,-1,-1,vehicle,PPP,3,False
MVI_40793,1,10,1274,1281,8,False,preserved,2.0,2.0,True,1.0,preserved,2.0,2.0,True,1.0,preserved,2.0,2.0,True,1.0,DETRAC-test,test,test,,0.0,0.0,0.238,0.1822,0,-1,-1,vehicle,PPP,3,False
MVI_40793,1,11,1605,1644,40,True,preserved,2.0,2.0,False,0.525,preserved,2.0,2.0,False,0.525,preserved,2.0,2.0,False,0.525,DETRAC-test,test,test,,0.0,0.0,1.0,0.7756,19,1623,1641,vehicle,PPP,3,False
MVI_40793,1,12,1652,1661,10,False,preserved,2.0,2.0,True,1.0,preserved,2.0,2.0,True,1.0,preserved,2.0,2.0,True,1.0,DETRAC-test,test,test,,0.0,0.0,0.2784,0.226,0,-1,-1,vehicle,PPP,3,False
MVI_40793,1,13,1881,1889,9,False,preserved,2.0,2.0,True,1.0,preserved,2.0,2.0,True,1.0,preserved,2.0,2.0,True,1.0,DETRAC-test,test,test,,0.0,0.0,0.25,0.202,0,-1,-1,vehicle,PPP,3,False
MVI_40793,2,1,452,483,32,False,preserved,5.0,5.0,True,1.0,preserved,5.0,5.0,True,1.0,preserved,5.0,5.0,True,1.0,DETRAC-test,test,test,0.0020390557603324755,127.77,127.51,0.5183,0.3632,0,-1,-1,background,PPP,3,False
MVI_40793,3,0,411,431,21,False,preserved,4.0,4.0,True,1.0,preserved,4.0,4.0,True,1.0,preserved,4.0,4.0,True,1.0,DETRAC-test,test,test,0.003985706432105385,73.05,72.76,0.2376,0.1982,0,-1,-1,vehicle,PPP,3,False
MVI_40793,3,1,450,476,27,False,preserved,4.0,4.0,True,1.0,preserved,4.0,4.0,True,1.0,preserved,4.0,4.0,True,1.0,DETRAC-test,test,test,0.0016539340001575642,127.18,126.97,0.4158,0.3638,0,-1,-1,background,PPP,3,False
MVI_40793,3,2,481,485,5,False,preserved,4.0,4.0,True,1.0,preserved,4.0,4.0,True,1.0,preserved,4.0,4.0,True,1.0,DETRAC-test,test,test,0.0,14.88,14.88,0.1025,0.1012,0,-1,-1,background,PPP,3,False
MVI_40793,6,0,93,456,364,False,preserved,3.0,3.0,True,1.0,preserved,3.0,3.0,True,1.0,preserved,3.0,3.0,True,1.0,DETRAC-test,test,test,0.13795100480685707,196.49,172.67,0.2562,0.1635,0,-1,-1,vehicle,PPP,3,False
MVI_40793,6,1,507,537,31,False,preserved,3.0,3.0,True,1.0,preserved,3.0,3.0,True,1.0,preserved,3.0,3.0,True,1.0,DETRAC-test,test,test,0.0007613730093267712,157.73,157.61,0.4203,0.3232,0,-1,-1,background,PPP,3,False
MVI_40793,8,0,531,563,33,False,preserved,21.0,21.0,True,1.0,preserved,128.0,128.0,True,1.0,preserved,21.0,21.0,True,1.0,DETRAC-test,test,test,0.0003572704537333493,196.0,195.93,0.3511,0.3052,0,-1,-1,background,PPP,3,False
MVI_40793,9,1,478,511,34,False,switched,42.0,173.0,False,0.6765,switched,43.0,214.0,False,0.6765,switched,43.0,178.0,False,0.6765,DETRAC-test,test,test,1.1639042357274403,47.0,21.72,0.8991,0.4903,0,-1,-1,vehicle,SSS,0,False
MVI_40793,9,2,574,598,25,False,preserved,173.0,173.0,True,1.0,preserved,214.0,214.0,True,1.0,preserved,178.0,178.0,True,1.0,DETRAC-test,test,test,1.1944444444444442,23.7,10.8,0.5927,0.3862,0,-1,-1,vehicle,PPP,3,False
MVI_40793,9,3,641,659,19,False,preserved,173.0,173.0,True,1.0,preserved,214.0,214.0,True,1.0,preserved,178.0,178.0,True,1.0,DETRAC-test,test,test,,0.0,0.0,0.6193,0.3947,0,-1,-1,vehicle,PPP,3,False
MVI_40793,9,4,696,713,18,False,preserved,173.0,173.0,True,1.0,preserved,214.0,214.0,True,1.0,preserved,178.0,178.0,True,1.0,DETRAC-test,test,test,0.0,7.49,7.49,0.4626,0.3353,0,-1,-1,vehicle,PPP,3,False
MVI_40793,9,5,772,779,8,False,switched,173.0,646.0,False,1.0,switched,214.0,693.0,False,1.0,switched,178.0,656.0,False,1.0,DETRAC-test,test,test,,0.0,0.0,0.4632,0.3117,0,-1,-1,vehicle,SSS,0,False
MVI_40793,9,6,835,843,9,False,switched,173.0,779.0,False,1.0,switched,214.0,836.0,False,1.0,switched,178.0,799.0,False,1.0,DETRAC-test,test,test,,0.0,0.0,0.4754,0.2915,0,-1,-1,vehicle,SSS,0,False
MVI_40793,9,7,891,899,9,False,preserved,779.0,779.0,True,1.0,preserved,836.0,836.0,True,1.0,preserved,799.0,799.0,True,1.0,DETRAC-test,test,test,,0.01,0.0,0.5139,0.324,0,-1,-1,vehicle,PPP,3,False
MVI_40793,9,8,966,990,25,True,switched,779.0,960.0,False,0.76,switched,836.0,1015.0,False,0.76,switched,799.0,980.0,False,0.76,DETRAC-test,test,test,,0.0,0.0,1.0,0.8949,21,966,986,vehicle,SSS,0,False
MVI_40793,9,9,1044,1052,9,False,preserved,960.0,960.0,True,1.0,preserved,1015.0,1015.0,True,1.0,preserved,980.0,980.0,True,1.0,DETRAC-test,test,test,,0.0,0.0,0.5065,0.3482,0,-1,-1,vehicle,PPP,3,False
MVI_40793,9,10,1576,1606,31,True,preserved,960.0,960.0,False,0.7419,preserved,1015.0,1015.0,False,0.7419,preserved,980.0,980.0,False,0.7419,DETRAC-test,test,test,,1.92,1.92,1.0,0.8724,20,1584,1603,vehicle,PPP,3,False
MVI_40793,11,0,491,557,67,False,no_match_before,,,False,0.0,no_match_before,,,False,0.0,no_match_before,,,False,0.0,DETRAC-test,test,test,0.03467474116038294,105.93,102.38,0.705,0.4114,0,-1,-1,vehicle,NNN,0,False
MVI_40793,11,1,634,662,29,False,preserved,307.0,307.0,False,0.5172,preserved,350.0,350.0,False,0.5172,preserved,314.0,314.0,False,0.5172,DETRAC-test,test,test,0.01392272885485557,87.39,86.19,0.6868,0.454,0,-1,-1,vehicle,PPP,3,False
MVI_40793,13,0,514,559,46,False,switched,151.0,287.0,False,0.587,switched,180.0,330.0,False,0.587,switched,156.0,294.0,False,0.587,DETRAC-test,test,test,0.0022051932300568566,181.79,181.39,0.481,0.3446,0,-1,-1,vehicle,SSS,0,False
MVI_40793,15,0,581,614,34,False,preserved,165.0,165.0,True,1.0,preserved,175.0,175.0,True,1.0,preserved,139.0,139.0,True,1.0,DETRAC-test,test,test,0.003418927766058122,137.94,137.47,0.4606,0.3431,0,-1,-1,background,PPP,3,False
MVI_40793,19,0,563,631,69,False,preserved,214.0,214.0,False,0.3913,switched,257.0,474.0,False,0.3913,preserved,221.0,221.0,False,0.3913,DETRAC-test,test,test,0.027949457492102647,149.69,145.62,0.6592,0.4112,0,-1,-1,vehicle,PSP,2,True
MVI_40793,20,1,673,715,43,False,preserved,401.0,401.0,False,0.3953,preserved,445.0,445.0,False,0.3953,preserved,409.0,409.0,False,0.3953,DETRAC-test,test,test,0.047147694712164734,40.2,38.39,0.6431,0.4148,0,-1,-1,vehicle,PPP,3,False
MVI_40793,20,2,751,811,61,False,preserved,401.0,401.0,False,0.9508,preserved,445.0,445.0,False,0.9508,preserved,409.0,409.0,False,0.9508,DETRAC-test,test,test,0.01018291533094473,214.28,212.12,0.8569,0.4908,0,-1,-1,vehicle,PPP,3,False
MVI_40793,21,0,536,616,81,False,no_match_before,,,False,0.037,no_match_before,,,False,0.037,no_match_before,,,False,0.037,DETRAC-test,test,test,0.010037281330656622,246.54,244.09,0.7888,0.4317,0,-1,-1,vehicle,NNN,0,False
MVI_40793,21,1,642,665,24,False,preserved,372.0,372.0,False,0.875,preserved,415.0,415.0,False,0.875,preserved,379.0,379.0,False,0.875,DETRAC-test,test,test,0.0007511535572486405,186.52,186.38,0.4034,0.3295,0,-1,-1,vehicle,PPP,3,False
MVI_40793,24,0,566,691,126,False,preserved,284.0,284.0,True,1.0,preserved,327.0,327.0,True,1.0,preserved,291.0,291.0,True,1.0,DETRAC-test,test,test,0.00628266652408116,752.79,748.09,0.6481,0.3346,0,-1,-1,vehicle,PPP,3,False
MVI_40793,25,0,616,648,33,False,preserved,302.0,302.0,True,1.0,preserved,345.0,345.0,True,1.0,preserved,309.0,309.0,True,1.0,DETRAC-test,test,test,0.006414051707124502,203.98,202.68,0.3244,0.2853,0,-1,-1,background,PPP,3,False
MVI_40793,26,1,656,742,87,False,switched,286.0,485.0,False,0.8621,switched,329.0,531.0,False,0.8851,preserved,293.0,293.0,False,0.8736,DETRAC-test,test,test,0.010992965810567634,309.01,305.65,0.8399,0.376,0,-1,-1,both,SSP,1,True
MVI_40793,28,0,688,771,84,False,preserved,360.0,360.0,False,0.6667,preserved,403.0,403.0,False,0.6429,preserved,367.0,367.0,False,0.6429,DETRAC-test,test,test,0.007737912990230189,362.05,359.27,0.7761,0.458,0,-1,-1,vehicle,PPP,3,False
MVI_40793,30,0,701,806,106,False,preserved,398.0,398.0,False,0.8679,preserved,442.0,442.0,False,0.8679,preserved,406.0,406.0,False,0.8679,DETRAC-test,test,test,0.006444874102717879,452.87,449.97,0.8456,0.3652,0,-1,-1,vehicle,PPP,3,False
MVI_40793,31,0,677,707,31,False,preserved,415.0,415.0,True,1.0,preserved,459.0,459.0,True,1.0,preserved,423.0,423.0,True,1.0,DETRAC-test,test,test,0.0017087340721573252,205.18,204.83,0.3539,0.2699,0,-1,-1,background,PPP,3,False
MVI_40793,33,0,671,741,71,True,no_match_before,,,False,0.0423,no_match_before,,,False,0.0704,no_match_before,,,False,0.0704,DETRAC-test,test,test,0.11040384751396859,157.0,141.39,1.0,0.5364,9,702,710,vehicle,NNN,0,False
MVI_40793,33,1,770,827,58,False,switched,554.0,727.0,False,0.7069,switched,597.0,781.0,False,0.7069,switched,561.0,744.0,False,0.7069,DETRAC-test,test,test,0.0063325853901770035,201.82,200.55,0.627,0.3668,0,-1,-1,vehicle,SSS,0,False
MVI_40793,35,0,736,767,32,False,preserved,478.0,478.0,True,1.0,preserved,525.0,525.0,True,1.0,preserved,488.0,488.0,True,1.0,DETRAC-test,test,test,0.0039720673970145,156.71,156.09,0.4606,0.3265,0,-1,-1,background,PPP,3,False
MVI_40793,36,0,788,856,69,False,preserved,486.0,486.0,False,0.9855,preserved,534.0,534.0,False,0.9855,preserved,497.0,497.0,False,0.9855,DETRAC-test,test,test,0.009122378334351477,247.79,245.55,0.7429,0.3274,0,-1,-1,background,PPP,3,False
MVI_40793,37,0,721,750,30,False,preserved,508.0,508.0,True,1.0,preserved,554.0,554.0,True,1.0,preserved,517.0,517.0,True,1.0,DETRAC-test,test,test,0.003371402081840724,238.09,237.29,0.3379,0.2507,0,-1,-1,background,PPP,3,False
MVI_40793,38,1,741,748,8,False,preserved,523.0,523.0,False,0.75,preserved,567.0,567.0,False,0.75,preserved,530.0,530.0,False,0.75,DETRAC-test,test,test,0.0,29.9,29.9,0.185,0.1561,0,-1,-1,vehicle,PPP,3,False
MVI_40793,40,0,798,827,30,False,preserved,595.0,595.0,False,0.9667,switched,640.0,759.0,False,0.9667,switched,604.0,722.0,False,0.9667,DETRAC-test,test,test,0.002028619990131153,182.76,182.39,0.5414,0.3575,0,-1,-1,background,PSS,1,True
MVI_40793,41,1,853,889,37,False,preserved,610.0,610.0,True,1.0,preserved,679.0,679.0,True,1.0,preserved,643.0,643.0,True,1.0,DETRAC-test,test,test,0.001193950650039799,150.94,150.76,0.4352,0.3166,0,-1,-1,vehicle,PPP,3,False
MVI_40793,42,1,779,797,19,False,preserved,596.0,596.0,True,1.0,preserved,641.0,641.0,True,1.0,preserved,605.0,605.0,True,1.0,DETRAC-test,test,test,0.0019734245494011926,76.16,76.01,0.2623,0.2187,0,-1,-1,vehicle,PPP,3,False
MVI_40793,43,0,809,906,98,False,preserved,617.0,617.0,False,0.8163,preserved,664.0,664.0,False,0.8163,preserved,628.0,628.0,False,0.8163,DETRAC-test,test,test,0.006075835427371334,536.5,533.26,0.8664,0.4234,0,-1,-1,vehicle,PPP,3,False
MVI_40793,44,0,802,826,25,False,preserved,625.0,625.0,True,1.0,preserved,672.0,672.0,True,1.0,preserved,636.0,636.0,True,1.0,DETRAC-test,test,test,0.0010591448798709102,179.58,179.39,0.4309,0.3868,0,-1,-1,background,PPP,3,False
MVI_40793,46,0,847,872,26,False,preserved,689.0,689.0,False,1.0,preserved,740.0,740.0,False,1.0,preserved,703.0,703.0,False,1.0,DETRAC-test,test,test,0.003827489576925691,146.87,146.31,0.4409,0.3244,0,-1,-1,background,PPP,3,False
MVI_40793,49,0,862,882,21,False,preserved,771.0,771.0,True,1.0,preserved,828.0,828.0,True,1.0,preserved,791.0,791.0,True,1.0,DETRAC-test,test,test,0.0011854725724753656,185.8,185.58,0.3602,0.2851,0,-1,-1,background,PPP,3,False
MVI_40793,50,0,909,932,24,False,preserved,794.0,794.0,True,1.0,preserved,851.0,851.0,True,1.0,preserved,814.0,814.0,True,1.0,DETRAC-test,test,test,0.0013174266266560153,136.81,136.63,0.3952,0.345,0,-1,-1,background,PPP,3,False
MVI_40793,52,1,954,1017,64,False,no_match_before,,,False,0.6875,preserved,973.0,973.0,False,0.7031,preserved,938.0,938.0,False,0.7031,DETRAC-test,test,test,0.022231909328683575,304.85,298.22,0.2625,0.1783,0,-1,-1,vehicle,NPP,2,True
MVI_40793,53,0,969,995,27,False,preserved,852.0,852.0,False,0.9259,preserved,907.0,907.0,False,0.9259,preserved,871.0,871.0,False,0.9259,DETRAC-test,test,test,0.0009926379353131232,121.01,120.89,0.5209,0.3465,0,-1,-1,background,PPP,3,False
MVI_40793,54,0,926,946,21,False,preserved,866.0,866.0,True,1.0,preserved,920.0,920.0,True,1.0,preserved,884.0,884.0,True,1.0,DETRAC-test,test,test,0.0021787775291486344,170.19,169.82,0.3652,0.3109,0,-1,-1,background,PPP,3,False
MVI_40793,56,0,1018,1065,48,False,preserved,921.0,921.0,True,1.0,preserved,971.0,971.0,True,1.0,preserved,936.0,936.0,True,1.0,DETRAC-test,test,test,0.045369379014989386,234.33,224.16,0.2852,0.1767,0,-1,-1,background,PPP,3,False
MVI_40793,58,1,1018,1022,5,False,preserved,994.0,994.0,True,1.0,preserved,1048.0,1048.0,True,1.0,preserved,1013.0,1013.0,True,1.0,DETRAC-test,test,test,0.0005200208008320217,19.24,19.23,0.1392,0.1202,0,-1,-1,vehicle,PPP,3,False
MVI_40793,61,1,1122,1153,32,False,preserved,1032.0,1032.0,True,1.0,preserved,1077.0,1077.0,True,1.0,preserved,1042.0,1042.0,True,1.0,DETRAC-test,test,test,0.001515556744227542,112.34,112.17,0.5246,0.3525,0,-1,-1,background,PPP,3,False
MVI_40793,62,0,1090,1112,23,False,switched,1028.0,1050.0,False,1.0,switched,1074.0,1095.0,False,1.0,switched,1039.0,1060.0,False,1.0,DETRAC-test,test,test,0.0025854237998741425,143.48,143.11,0.4301,0.3167,0,-1,-1,background,SSS,0,False
MVI_40793,63,0,1112,1140,29,False,preserved,1043.0,1043.0,False,0.9655,preserved,1088.0,1088.0,False,0.9655,preserved,1053.0,1053.0,False,0.9655,DETRAC-test,test,test,0.0014981660381259143,193.86,193.57,0.3338,0.2875,0,-1,-1,background,PPP,3,False
MVI_40793,64,0,1159,1184,26,False,preserved,1072.0,1072.0,True,1.0,preserved,1115.0,1115.0,True,1.0,preserved,1080.0,1080.0,True,1.0,DETRAC-test,test,test,0.0007224958949096916,152.36,152.25,0.4431,0.319,0,-1,-1,background,PPP,3,False
MVI_40793,65,0,1141,1143,3,False,no_match_before,,,False,0.0,no_match_before,,,False,0.0,no_match_before,,,False,0.0,DETRAC-test,test,test,0.0,6.7,6.7,0.1076,0.1046,0,-1,-1,vehicle,NNN,0,False
MVI_40793,67,0,1198,1223,26,False,preserved,1098.0,1098.0,True,1.0,preserved,1141.0,1141.0,True,1.0,preserved,1106.0,1106.0,True,1.0,DETRAC-test,test,test,0.0009873756964526859,141.93,141.79,0.4778,0.3535,0,-1,-1,background,PPP,3,False
MVI_40793,69,0,1263,1309,47,False,preserved,1165.0,1165.0,True,1.0,preserved,1207.0,1207.0,True,1.0,preserved,1172.0,1172.0,True,1.0,DETRAC-test,test,test,0.03724539939675342,306.06,295.07,0.288,0.1788,0,-1,-1,background,PPP,3,False
MVI_40793,69,1,1314,1315,2,False,preserved,1165.0,1165.0,True,1.0,preserved,1207.0,1207.0,True,1.0,preserved,1172.0,1172.0,True,1.0,DETRAC-test,test,test,,3.17,3.17,0.1062,0.1049,0,-1,-1,background,PPP,3,False
MVI_40793,72,0,1334,1358,25,False,preserved,1204.0,1204.0,True,1.0,preserved,1246.0,1246.0,True,1.0,preserved,1211.0,1211.0,True,1.0,DETRAC-test,test,test,0.002216819221968036,140.15,139.84,0.545,0.3517,0,-1,-1,background,PPP,3,False
MVI_40793,77,0,1524,1533,10,False,preserved,1314.0,1314.0,False,0.9,preserved,1358.0,1358.0,False,0.9,preserved,1325.0,1325.0,False,0.9,DETRAC-test,test,test,0.010309278350515427,17.64,17.46,0.3282,0.2622,0,-1,-1,vehicle,PPP,3,False
MVI_40793,79,0,1524,1540,17,False,preserved,1330.0,1330.0,True,1.0,preserved,1374.0,1374.0,True,1.0,preserved,1343.0,1343.0,True,1.0,DETRAC-test,test,test,0.0005984440454818163,117.04,116.97,0.5171,0.3858,0,-1,-1,background,PPP,3,False
MVI_40793,82,0,1619,1658,40,False,preserved,1364.0,1364.0,True,1.0,preserved,1408.0,1408.0,True,1.0,preserved,1377.0,1377.0,True,1.0,DETRAC-test,test,test,0.0032041501373207826,328.75,327.7,0.2704,0.1735,0,-1,-1,background,PPP,3,False
MVI_40793,83,0,1693,1701,9,False,preserved,1366.0,1366.0,True,1.0,preserved,1410.0,1410.0,True,1.0,preserved,1379.0,1379.0,True,1.0,DETRAC-test,test,test,0.0005895357406042745,67.89,67.85,0.3598,0.2643,0,-1,-1,vehicle,PPP,3,False
MVI_40793,84,0,1665,1681,17,False,preserved,1378.0,1378.0,True,1.0,preserved,1422.0,1422.0,True,1.0,preserved,1391.0,1391.0,True,1.0,DETRAC-test,test,test,0.0016181229773462036,105.23,105.06,0.5257,0.3731,0,-1,-1,background,PPP,3,False
MVI_40793,85,0,1890,1926,37,False,preserved,1427.0,1427.0,False,0.9189,preserved,1473.0,1473.0,False,0.9189,preserved,1442.0,1442.0,False,0.9189,DETRAC-test,test,test,0.004700669980548744,185.95,185.08,0.6338,0.4334,0,-1,-1,both,PPP,3,False
MVI_40793,87,0,1893,1905,13,False,preserved,1431.0,1431.0,True,1.0,preserved,1477.0,1477.0,True,1.0,preserved,1446.0,1446.0,True,1.0,DETRAC-test,test,test,0.00046332046332042687,129.56,129.5,0.3975,0.3625,0,-1,-1,background,PPP,3,False
MVI_40851,2,1,548,588,41,False,preserved,5.0,5.0,True,1.0,preserved,5.0,5.0,True,1.0,preserved,5.0,5.0,True,1.0,DETRAC-test,test,test,0.6906650396583283,27.71,16.39,0.3316,0.2462,0,-1,-1,vehicle,PPP,3,False
MVI_40851,2,2,640,687,48,False,preserved,5.0,5.0,True,1.0,preserved,5.0,5.0,True,1.0,preserved,5.0,5.0,True,1.0,DETRAC-test,test,test,0.027397260273972712,45.0,43.8,0.294,0.2194,0,-1,-1,vehicle,PPP,3,False
MVI_40851,4,1,596,598,3,False,preserved,8.0,8.0,True,1.0,preserved,8.0,8.0,True,1.0,preserved,8.0,8.0,True,1.0,DETRAC-test,test,test,,1.25,1.25,0.1063,0.1042,0,-1,-1,vehicle,PPP,3,False
MVI_40851,4,2,602,648,47,False,preserved,8.0,8.0,True,1.0,preserved,8.0,8.0,True,1.0,preserved,8.0,8.0,True,1.0,DETRAC-test,test,test,0.10762173606210301,31.39,28.34,0.4072,0.2803,0,-1,-1,vehicle,PPP,3,False
MVI_40851,4,3,693,723,31,False,preserved,8.0,8.0,False,0.9355,preserved,8.0,8.0,False,0.9355,preserved,8.0,8.0,False,0.9355,DETRAC-test,test,test,0.05647330003841722,27.5,26.03,0.4229,0.2884,0,-1,-1,vehicle,PPP,3,False
MVI_40851,6,1,652,682,31,False,switched,644.0,860.0,False,0.5161,switched,644.0,854.0,False,0.5161,switched,657.0,870.0,False,0.5161,DETRAC-test,test,test,0.08715336728919065,19.21,17.67,0.4272,0.3274,0,-1,-1,vehicle,SSS,0,False
MVI_40851,8,1,734,739,6,False,lost_after,644.0,,False,0.0,lost_after,644.0,,False,0.0,lost_after,657.0,,False,0.0,DETRAC-test,test,test,,4.02,3.79,0.1348,0.1181,0,-1,-1,vehicle,LLL,0,False
MVI_40851,9,1,479,621,143,False,switched,419.0,718.0,False,0.4406,switched,429.0,718.0,False,0.4406,switched,426.0,734.0,False,0.4476,DETRAC-test,test,test,0.7755463673951566,60.12,33.86,0.5566,0.3398,0,-1,-1,vehicle,SSS,0,False
MVI_40851,9,2,678,708,31,False,lost_after,718.0,,False,0.0645,lost_after,718.0,,False,0.0645,lost_after,734.0,,False,0.0645,DETRAC-test,test,test,0.08782201405152223,18.58,17.08,0.3007,0.235,0,-1,-1,vehicle,LLL,0,False
MVI_40851,12,1,443,537,95,False,lost_after,348.0,,False,0.0,lost_after,352.0,,False,0.0,lost_after,461.0,,False,0.0,DETRAC-test,test,test,0.6037929267042541,31.29,19.51,0.3798,0.252,0,-1,-1,vehicle,LLL,0,False
MVI_40851,12,2,558,652,95,False,no_match_before,,,False,0.0,no_match_before,,,False,0.0,no_match_before,,,False,0.0,DETRAC-test,test,test,1.2523076923076926,43.92,19.5,0.4048,0.2437,0,-1,-1,vehicle,NNN,0,False
MVI_40851,26,0,559,608,50,False,preserved,507.0,507.0,True,1.0,preserved,515.0,515.0,True,1.0,preserved,526.0,526.0,True,1.0,DETRAC-test,test,test,0.05060902384628596,61.24,58.29,0.3844,0.3022,0,-1,-1,vehicle,PPP,3,False
MVI_40851,29,0,812,889,78,False,preserved,693.0,693.0,False,0.7436,preserved,692.0,692.0,False,0.7436,preserved,707.0,707.0,False,0.7436,DETRAC-test,test,test,0.0024739949395558014,178.29,177.85,0.6917,0.3684,0,-1,-1,vehicle,PPP,3,False
MVI_40852,1,0,289,379,91,False,no_match_before,,,False,0.0,no_match_before,,,False,0.0,no_match_before,,,False,0.0,DETRAC-test,test,test,0.585679806918745,39.42,24.86,0.5348,0.408,0,-1,-1,vehicle,NNN,0,False
MVI_40852,5,0,184,204,21,False,lost_after,10.0,,False,0.3333,lost_after,10.0,,False,0.3333,lost_after,10.0,,False,0.3333,DETRAC-test,test,test,0.05272407732864681,11.98,11.38,0.2051,0.1819,0,-1,-1,vehicle,LLL,0,False
MVI_40852,12,0,399,439,41,False,no_match_before,,,False,0.0,no_match_before,,,False,0.0,no_match_before,,,False,0.0,DETRAC-test,test,test,0.023055332798716854,51.03,49.88,0.4391,0.3313,0,-1,-1,vehicle,NNN,0,False
MVI_40852,14,0,81,112,32,False,preserved,89.0,89.0,True,1.0,preserved,92.0,92.0,True,1.0,preserved,92.0,92.0,True,1.0,DETRAC-test,test,test,0.0031470532138089258,105.19,104.86,0.1342,0.1132,0,-1,-1,vehicle,PPP,3,False
MVI_40852,16,0,112,259,148,False,preserved,123.0,123.0,False,0.9595,preserved,126.0,126.0,False,0.9595,preserved,126.0,126.0,False,0.9595,DETRAC-test,test,test,0.004982497380994877,393.32,391.37,0.522,0.3535,0,-1,-1,vehicle,PPP,3,False
MVI_40852,19,0,217,353,137,False,switched,252.0,620.0,False,0.9489,switched,252.0,626.0,False,0.9489,switched,252.0,625.0,False,0.9489,DETRAC-test,test,test,0.020892739635884894,372.34,364.72,0.5987,0.3435,0,-1,-1,vehicle,SSS,0,False
MVI_40852,25,0,434,554,121,False,lost_after,333.0,,False,0.0826,lost_after,337.0,,False,0.0826,lost_after,334.0,,False,0.0826,DETRAC-test,test,test,0.11764705882352944,85.12,76.16,0.4012,0.2816,0,-1,-1,vehicle,LLL,0,False
MVI_40852,26,0,286,393,108,False,preserved,439.0,439.0,False,0.963,preserved,442.0,442.0,False,0.963,preserved,439.0,439.0,False,0.963,DETRAC-test,test,test,0.012703881143349305,188.13,185.77,0.3939,0.2594,0,-1,-1,vehicle,PPP,3,False
MVI_40852,28,0,291,472,182,False,switched,478.0,722.0,False,0.5824,switched,482.0,728.0,False,0.5824,switched,478.0,727.0,False,0.5769,DETRAC-test,test,test,0.012023940524437116,377.07,372.59,0.4322,0.2715,0,-1,-1,vehicle,SSS,0,False
MVI_40852,30,0,331,411,81,False,preserved,565.0,565.0,True,1.0,preserved,570.0,570.0,True,1.0,preserved,568.0,568.0,True,1.0,DETRAC-test,test,test,0.014163756305781927,104.54,103.08,0.3703,0.2753,0,-1,-1,vehicle,PPP,3,False
MVI_40852,34,0,366,652,287,False,no_match_before,,,False,0.6202,no_match_before,,,False,0.6132,no_match_before,,,False,0.6202,DETRAC-test,test,test,0.05335447670163451,431.77,409.9,0.6495,0.3996,0,-1,-1,vehicle,NNN,0,False
MVI_40852,36,0,623,663,41,False,preserved,677.0,677.0,False,0.2927,switched,684.0,1314.0,False,0.2927,preserved,683.0,683.0,False,0.3171,DETRAC-test,test,test,0.04957420924574185,34.51,32.88,0.3575,0.2685,0,-1,-1,vehicle,PSP,2,True
MVI_40852,37,0,411,765,355,True,no_match_before,,,False,0.2845,no_match_before,,,False,0.2761,no_match_before,,,False,0.2761,DETRAC-test,test,test,0.24465568998453535,547.3,439.72,1.0,0.6444,102,502,616,vehicle,NNN,0,False
MVI_40852,39,1,414,422,9,False,no_match_before,,,False,0.0,no_match_before,,,False,0.0,no_match_before,,,False,0.0,DETRAC-test,test,test,0.0034662045060658286,5.79,5.77,0.1647,0.1523,0,-1,-1,vehicle,NNN,0,False
MVI_40852,43,0,738,788,51,False,lost_after,907.0,,False,0.8431,lost_after,929.0,,False,0.8431,lost_after,937.0,,False,0.8431,DETRAC-test,test,test,0.07087259319950845,26.14,24.41,0.2278,0.188,0,-1,-1,vehicle,LLL,0,False
MVI_40852,44,0,771,809,39,True,preserved,951.0,951.0,True,1.0,preserved,977.0,977.0,True,1.0,preserved,985.0,985.0,True,1.0,DETRAC-test,test,test,0.002670313924710177,153.95,153.54,1.0,0.8158,24,782,805,vehicle,PPP,3,False
MVI_40852,45,1,772,826,55,False,preserved,1070.0,1070.0,True,1.0,preserved,1091.0,1091.0,True,1.0,preserved,1098.0,1098.0,True,1.0,DETRAC-test,test,test,0.010152757078986552,108.45,107.36,0.3938,0.2686,0,-1,-1,vehicle,PPP,3,False
MVI_40852,46,0,727,809,83,False,lost_after,860.0,,False,0.4578,lost_after,877.0,,False,0.4578,lost_after,880.0,,False,0.4819,DETRAC-test,test,test,0.08125135781012394,49.77,46.03,0.2879,0.215,0,-1,-1,vehicle,LLL,0,False
MVI_40852,46,1,815,817,3,False,no_match_before,,,False,0.0,no_match_before,,,False,0.0,lost_after,880.0,,False,0.0,DETRAC-test,test,test,,0.89,0.86,0.1115,0.1068,0,-1,-1,vehicle,NNL,0,True
MVI_40852,46,2,829,833,5,False,no_match_before,,,False,0.0,no_match_before,,,False,0.0,no_match_before,,,False,0.0,DETRAC-test,test,test,,2.66,2.57,0.1282,0.1205,0,-1,-1,vehicle,NNN,0,False
MVI_40852,47,0,522,773,252,False,no_match_before,,,False,0.4881,no_match_before,,,False,0.4921,no_match_before,,,False,0.4802,DETRAC-test,test,test,0.07701172462170547,214.95,199.58,0.4535,0.313,0,-1,-1,vehicle,NNN,0,False
MVI_40852,47,1,843,917,75,False,switched,1027.0,1612.0,False,0.8667,switched,1049.0,1647.0,False,0.8667,switched,1347.0,1623.0,False,0.8667,DETRAC-test,test,test,0.029230999850097472,137.32,133.42,0.5642,0.3421,0,-1,-1,vehicle,SSS,0,False
MVI_40852,49,0,790,851,62,False,preserved,1102.0,1102.0,False,0.9839,preserved,1118.0,1118.0,False,0.9839,preserved,1125.0,1125.0,False,0.9839,DETRAC-test,test,test,0.15658967391304324,34.05,29.44,0.2352,0.1905,0,-1,-1,vehicle,PPP,3,False
MVI_40852,50,0,793,833,41,True,preserved,1358.0,1358.0,True,1.0,preserved,1357.0,1357.0,True,1.0,preserved,1349.0,1349.0,True,1.0,DETRAC-test,test,test,0.00790678318768201,72.66,72.09,1.0,0.8191,24,807,830,vehicle,PPP,3,False
MVI_40852,51,0,587,843,257,False,no_match_before,,,False,0.3502,no_match_before,,,False,0.3502,no_match_before,,,False,0.3502,DETRAC-test,test,test,0.07769436445907041,209.59,194.48,0.5066,0.3107,0,-1,-1,vehicle,NNN,0,False
MVI_40852,51,1,887,943,57,False,preserved,1390.0,1390.0,True,1.0,preserved,1427.0,1427.0,True,1.0,preserved,1410.0,1410.0,True,1.0,DETRAC-test,test,test,0.018938217944737712,65.64,64.42,0.359,0.2776,0,-1,-1,vehicle,PPP,3,False
MVI_40852,51,2,979,1126,148,False,switched,1390.0,1715.0,False,0.9865,switched,1427.0,1761.0,False,0.9865,switched,1410.0,1769.0,False,0.9865,DETRAC-test,test,test,0.0780572419774499,149.16,138.36,0.6373,0.3856,0,-1,-1,vehicle,SSS,0,False
MVI_40852,52,1,934,974,41,False,preserved,1540.0,1540.0,False,0.9268,preserved,1567.0,1567.0,False,0.9268,preserved,1550.0,1550.0,False,0.9268,DETRAC-test,test,test,0.05673408978786387,21.42,20.27,0.3605,0.2839,0,-1,-1,vehicle,PPP,3,False
MVI_40852,53,0,852,922,71,False,lost_after,1148.0,,False,0.0,lost_after,1161.0,,False,0.0,lost_after,1170.0,,False,0.0,DETRAC-test,test,test,0.08301158301158318,39.27,36.26,0.4635,0.3154,0,-1,-1,vehicle,LLL,0,False
MVI_40852,54,0,805,864,60,True,switched,1189.0,1566.0,False,0.2,switched,1204.0,1591.0,False,0.2,switched,1212.0,1574.0,False,0.2,DETRAC-test,test,test,0.009760425909494108,79.66,78.89,1.0,0.7503,28,824,851,vehicle,SSS,0,False
MVI_40852,55,0,893,1007,115,False,lost_after,1286.0,,False,0.1826,lost_after,1311.0,,False,0.1826,lost_after,1316.0,,False,0.1826,DETRAC-test,test,test,0.07142176935529942,112.51,105.01,0.6134,0.3119,0,-1,-1,vehicle,LLL,0,False
MVI_40852,57,1,824,879,56,True,preserved,1534.0,1534.0,False,0.9643,preserved,1562.0,1562.0,False,0.9643,preserved,1545.0,1545.0,False,0.9643,DETRAC-test,test,test,0.09678166242185693,47.37,43.19,1.0,0.6815,19,847,865,vehicle,PPP,3,False
MVI_40852,57,2,1075,1121,47,False,switched,1534.0,1748.0,False,0.766,switched,1562.0,1795.0,False,0.766,switched,1545.0,1770.0,False,0.766,DETRAC-test,test,test,0.23261843035588026,52.3,42.43,0.7497,0.3934,0,-1,-1,vehicle,SSS,0,False
MVI_40852,58,1,842,942,101,False,preserved,1515.0,1515.0,False,0.6832,preserved,1549.0,1549.0,False,0.6733,preserved,1532.0,1532.0,False,0.6733,DETRAC-test,test,test,0.060579300600494435,60.05,56.62,0.4182,0.2951,0,-1,-1,vehicle,PPP,3,False
MVI_40852,58,2,1061,1107,47,False,preserved,1515.0,1515.0,False,0.9787,switched,1549.0,1776.0,False,0.9574,switched,1532.0,1751.0,False,0.9574,DETRAC-test,test,test,0.014489710205795925,48.31,47.62,0.4065,0.3069,0,-1,-1,vehicle,PSS,1,True
MVI_40852,59,0,1032,1037,6,False,no_match_before,,,False,0.0,no_match_before,,,False,0.0,no_match_before,,,False,0.0,DETRAC-test,test,test,,4.32,4.08,0.144,0.1304,0,-1,-1,vehicle,NNN,0,False
MVI_40852,59,1,1045,1105,61,False,no_match_before,,,False,0.0,no_match_before,,,False,0.0,no_match_before,,,False,0.0,DETRAC-test,test,test,0.07258064516129026,43.89,40.92,0.3859,0.288,0,-1,-1,vehicle,NNN,0,False
MVI_40852,61,0,838,906,69,True,no_match_before,,,False,0.3768,no_match_before,,,False,0.3478,no_match_before,,,False,0.3623,DETRAC-test,test,test,0.2958199356913185,28.21,21.77,1.0,0.6925,28,861,888,vehicle,NNN,0,False
MVI_40852,67,0,1020,1086,67,False,no_match_before,,,False,0.0,no_match_before,,,False,0.0,no_match_before,,,False,0.0,DETRAC-test,test,test,0.5101088646967342,19.42,12.86,0.3831,0.2713,0,-1,-1,vehicle,NNN,0,False
MVI_40853,3,1,58,248,191,False,switched,30.0,59.0,False,0.9058,switched,30.0,60.0,False,0.9058,switched,30.0,60.0,False,0.9058,DETRAC-test,test,test,,89.27,4.25,0.2227,0.1577,0,-1,-1,vehicle,SSS,0,False
MVI_40853,3,2,253,259,7,False,preserved,59.0,59.0,True,1.0,preserved,60.0,60.0,True,1.0,preserved,60.0,60.0,True,1.0,DETRAC-test,test,test,,2.96,2.64,0.1352,0.1179,0,-1,-1,vehicle,PPP,3,False
MVI_40853,3,3,263,272,10,False,preserved,59.0,59.0,True,1.0,preserved,60.0,60.0,True,1.0,preserved,60.0,60.0,True,1.0,DETRAC-test,test,test,,3.34,1.6,0.1255,0.1175,0,-1,-1,vehicle,PPP,3,False
MVI_40853,3,4,284,286,3,False,preserved,59.0,59.0,True,1.0,preserved,60.0,60.0,True,1.0,preserved,60.0,60.0,True,1.0,DETRAC-test,test,test,,1.06,1.06,0.1031,0.1019,0,-1,-1,vehicle,PPP,3,False
MVI_40853,4,1,39,74,36,False,preserved,9.0,9.0,False,0.9722,preserved,9.0,9.0,False,0.9722,preserved,9.0,9.0,False,0.9722,DETRAC-test,test,test,,14.64,3.95,0.3149,0.2248,0,-1,-1,vehicle,PPP,3,False
MVI_40853,6,0,16,36,21,False,preserved,3.0,3.0,True,1.0,preserved,3.0,3.0,True,1.0,preserved,3.0,3.0,True,1.0,DETRAC-test,test,test,,10.08,3.02,0.3179,0.2762,0,-1,-1,vehicle,PPP,3,False
MVI_40853,6,1,75,101,27,False,preserved,3.0,3.0,True,1.0,preserved,3.0,3.0,True,1.0,preserved,3.0,3.0,True,1.0,DETRAC-test,test,test,,5.38,2.58,0.425,0.3176,0,-1,-1,vehicle,PPP,3,False
MVI_40853,7,1,112,142,31,False,preserved,5.0,5.0,True,1.0,preserved,5.0,5.0,True,1.0,preserved,5.0,5.0,True,1.0,DETRAC-test,test,test,,12.47,2.25,0.3939,0.3171,0,-1,-1,vehicle,PPP,3,False
MVI_40853,9,1,76,95,20,False,preserved,46.0,46.0,True,1.0,preserved,47.0,47.0,True,1.0,preserved,47.0,47.0,True,1.0,DETRAC-test,test,test,,5.64,0.97,0.5828,0.3433,0,-1,-1,vehicle,PPP,3,False
MVI_40853,9,2,136,179,44,False,preserved,46.0,46.0,False,0.8182,preserved,47.0,47.0,False,0.8182,preserved,47.0,47.0,False,0.8182,DETRAC-test,test,test,1.8179442508710801,32.35,11.48,0.7816,0.4827,0,-1,-1,vehicle,PPP,3,False
MVI_40853,9,3,184,186,3,False,switched,46.0,130.0,False,1.0,switched,47.0,131.0,False,1.0,switched,47.0,131.0,False,1.0,DETRAC-test,test,test,,1.5,1.5,0.118,0.1158,0,-1,-1,vehicle,SSS,0,False
MVI_40853,13,0,328,390,63,False,switched,222.0,377.0,False,0.5714,switched,223.0,383.0,False,0.5714,switched,223.0,394.0,False,0.5714,DETRAC-test,test,test,0.5863141524105755,40.8,25.72,0.7265,0.4316,0,-1,-1,vehicle,SSS,0,False
MVI_40853,14,0,562,578,17,False,no_match_before,,,False,0.0,no_match_before,,,False,0.0,no_match_before,,,False,0.0,DETRAC-test,test,test,,7.09,2.02,0.1262,0.1066,0,-1,-1,vehicle,NNN,0,False
MVI_40853,14,1,584,641,58,False,no_match_before,,,False,0.0,no_match_before,,,False,0.0,no_match_before,,,False,0.0,DETRAC-test,test,test,,26.1,2.97,0.1865,0.1358,0,-1,-1,vehicle,NNN,0,False
MVI_40853,15,1,162,249,88,False,no_match_before,,,False,0.0,no_match_before,,,False,0.0,no_match_before,,,False,0.0,DETRAC-test,test,test,0.005836807623585516,253.32,251.85,0.7313,0.3621,0,-1,-1,vehicle,NNN,0,False
MVI_40853,16,0,375,405,31,False,preserved,69.0,69.0,False,0.7097,preserved,70.0,70.0,False,0.7097,preserved,70.0,70.0,False,0.7097,DETRAC-test,test,test,,22.84,1.54,0.4855,0.3231,0,-1,-1,vehicle,PPP,3,False
MVI_40853,16,1,749,779,31,False,preserved,69.0,69.0,True,1.0,preserved,70.0,70.0,True,1.0,preserved,70.0,70.0,True,1.0,DETRAC-test,test,test,0.04600694444444464,24.1,23.04,0.297,0.2493,0,-1,-1,vehicle,PPP,3,False
MVI_40853,16,2,817,1247,431,False,preserved,69.0,69.0,True,1.0,preserved,70.0,70.0,True,1.0,preserved,70.0,70.0,True,1.0,DETRAC-test,test,test,0.11129533678756465,53.62,48.25,0.3416,0.2846,0,-1,-1,vehicle,PPP,3,False
MVI_40853,19,1,785,1325,541,False,preserved,463.0,463.0,True,1.0,preserved,477.0,477.0,True,1.0,preserved,410.0,410.0,True,1.0,DETRAC-test,test,test,0.7987481031866464,94.83,52.72,0.372,0.2828,0,-1,-1,vehicle,PPP,3,False
MVI_40853,20,0,194,220,27,True,no_match_before,,,False,0.0,no_match_before,,,False,0.0,no_match_before,,,False,0.0,DETRAC-test,test,test,0.009362092703074865,109.97,108.95,1.0,0.642,8,210,220,vehicle,NNN,0,False
MVI_40853,24,0,234,272,39,True,no_match_before,,,False,0.0,no_match_before,,,False,0.0,no_match_before,,,False,0.0,DETRAC-test,test,test,0.03955012661999113,139.57,134.26,1.0,0.7986,24,243,266,vehicle,NNN,0,False
MVI_40853,25,0,222,234,13,False,no_match_before,,,False,0.0,no_match_before,,,False,0.0,no_match_before,,,False,0.0,DETRAC-test,test,test,0.0016927634363099742,47.34,47.26,0.375,0.2953,0,-1,-1,vehicle,NNN,0,False
MVI_40853,25,1,275,314,40,True,no_match_before,,,False,0.0,no_match_before,,,False,0.0,no_match_before,,,False,0.0,DETRAC-test,test,test,0.0002872944049416848,139.27,139.23,1.0,0.7788,22,286,307,vehicle,NNN,0,False
MVI_40853,26,0,220,229,10,False,preserved,150.0,150.0,True,1.0,preserved,151.0,151.0,True,1.0,preserved,151.0,151.0,True,1.0,DETRAC-test,test,test,0.008003766478342778,21.41,21.24,0.1402,0.1273,0,-1,-1,vehicle,PPP,3,False
MVI_40853,26,1,261,270,10,False,preserved,150.0,150.0,True,1.0,preserved,151.0,151.0,True,1.0,preserved,151.0,151.0,True,1.0,DETRAC-test,test,test,0.0012842465753424293,46.78,46.72,0.1199,0.1109,0,-1,-1,vehicle,PPP,3,False
MVI_40853,26,2,316,387,72,False,preserved,150.0,150.0,True,1.0,preserved,151.0,151.0,True,1.0,preserved,151.0,151.0,True,1.0,DETRAC-test,test,test,0.006828153000061787,325.87,323.66,0.2494,0.1533,0,-1,-1,vehicle,PPP,3,False
MVI_40853,26,3,395,396,2,False,preserved,150.0,150.0,True,1.0,preserved,151.0,151.0,True,1.0,preserved,151.0,151.0,True,1.0,DETRAC-test,test,test,,1.93,1.93,0.1227,0.1161,0,-1,-1,vehicle,PPP,3,False
MVI_40853,26,4,406,410,5,False,preserved,150.0,150.0,True,1.0,preserved,151.0,151.0,True,1.0,preserved,151.0,151.0,True,1.0,DETRAC-test,test,test,0.0,9.73,9.73,0.1158,0.1096,0,-1,-1,vehicle,PPP,3,False
MVI_40853,27,0,693,713,21,False,preserved,372.0,372.0,True,1.0,preserved,378.0,378.0,True,1.0,preserved,384.0,384.0,True,1.0,DETRAC-test,test,test,0.7247437774524157,11.78,6.83,0.3351,0.2725,0,-1,-1,vehicle,PPP,3,False
MVI_40853,27,1,851,1361,511,False,preserved,372.0,372.0,True,1.0,preserved,378.0,378.0,True,1.0,preserved,384.0,384.0,True,1.0,DETRAC-test,test,test,0.3650195421552207,97.79,71.64,0.4765,0.4096,0,-1,-1,vehicle,PPP,3,False
MVI_40853,27,2,1401,1437,37,False,preserved,372.0,372.0,True,1.0,preserved,378.0,378.0,True,1.0,preserved,384.0,384.0,True,1.0,DETRAC-test,test,test,1.6855955678670362,19.39,7.22,0.2851,0.2347,0,-1,-1,vehicle,PPP,3,False
MVI_40853,29,0,473,522,50,False,switched,174.0,541.0,False,0.82,preserved,175.0,175.0,False,0.82,preserved,175.0,175.0,False,0.82,DETRAC-test,test,test,,25.66,3.09,0.3705,0.2392,0,-1,-1,vehicle,SPP,2,True
MVI_40853,29,1,783,831,49,False,switched,541.0,1037.0,False,0.4694,switched,175.0,1041.0,False,0.4694,switched,175.0,1057.0,False,0.4694,DETRAC-test,test,test,,20.44,3.68,0.7017,0.3983,0,-1,-1,vehicle,SSS,0,False
MVI_40853,29,2,910,982,73,False,switched,1037.0,1221.0,False,0.7397,switched,1041.0,1218.0,False,0.7397,switched,1057.0,1226.0,False,0.726,DETRAC-test,test,test,,1.32,1.31,0.6147,0.3808,0,-1,-1,vehicle,SSS,0,False
MVI_40853,30,1,325,372,48,True,no_match_before,,,False,0.0,no_match_before,,,False,0.0,no_match_before,,,False,0.0,DETRAC-test,test,test,0.006880878732403284,159.5,158.41,1.0,0.7303,24,336,359,vehicle,NNN,0,False
MVI_40853,32,0,389,472,84,False,preserved,236.0,236.0,False,0.7262,preserved,237.0,237.0,False,0.7262,preserved,237.0,237.0,False,0.7262,DETRAC-test,test,test,0.09481132075471699,92.84,84.8,0.4103,0.2816,0,-1,-1,vehicle,PPP,3,False
MVI_40853,32,1,760,803,44,False,switched,236.0,1000.0,False,0.4545,switched,237.0,1005.0,False,0.4545,switched,237.0,1021.0,False,0.4545,DETRAC-test,test,test,,35.96,2.87,0.8132,0.4315,0,-1,-1,vehicle,SSS,0,False
MVI_40853,32,2,876,928,53,False,preserved,1000.0,1000.0,False,0.6415,preserved,1005.0,1005.0,False,0.6792,preserved,1021.0,1021.0,False,0.6792,DETRAC-test,test,test,,9.97,2.71,0.5853,0.3553,0,-1,-1,vehicle,PPP,3,False
MVI_40853,32,3,1381,1453,73,False,preserved,1000.0,1000.0,False,0.9041,preserved,1005.0,1005.0,False,0.9041,preserved,1021.0,1021.0,False,0.9041,DETRAC-test,test,test,,1.22,1.2,0.4168,0.2913,0,-1,-1,vehicle,PPP,3,False
MVI_40853,35,0,497,590,94,False,no_match_before,,,False,0.2234,no_match_before,,,False,0.2234,no_match_before,,,False,0.2234,DETRAC-test,test,test,0.02548136009832036,125.16,122.05,0.4092,0.2643,0,-1,-1,vehicle,NNN,0,False
MVI_40853,35,1,634,640,7,False,preserved,673.0,673.0,True,1.0,preserved,664.0,664.0,True,1.0,preserved,673.0,673.0,True,1.0,DETRAC-test,test,test,0.009523809523809712,6.36,6.3,0.129,0.1147,0,-1,-1,vehicle,PPP,3,False
MVI_40853,35,2,644,760,117,False,preserved,673.0,673.0,False,0.9744,preserved,664.0,664.0,False,0.9744,preserved,673.0,673.0,False,0.9744,DETRAC-test,test,test,0.19767960731816148,107.36,89.64,0.3017,0.1898,0,-1,-1,vehicle,PPP,3,False
MVI_40853,35,3,945,1365,421,False,preserved,673.0,673.0,True,1.0,preserved,664.0,664.0,True,1.0,preserved,673.0,673.0,True,1.0,DETRAC-test,test,test,0.0340241261985772,33.43,32.33,0.261,0.1987,0,-1,-1,vehicle,PPP,3,False
MVI_40853,35,4,1395,1420,26,False,preserved,673.0,673.0,True,1.0,preserved,664.0,664.0,True,1.0,preserved,673.0,673.0,True,1.0,DETRAC-test,test,test,0.005226258763543656,78.86,78.45,0.3352,0.256,0,-1,-1,vehicle,PPP,3,False
MVI_40853,36,0,530,545,16,False,preserved,533.0,533.0,True,1.0,preserved,541.0,541.0,True,1.0,preserved,549.0,549.0,True,1.0,DETRAC-test,test,test,0.010569105691056846,24.86,24.6,0.2974,0.215,0,-1,-1,vehicle,PPP,3,False
MVI_40853,36,1,575,609,35,False,preserved,533.0,533.0,False,0.5714,preserved,541.0,541.0,False,0.5714,preserved,549.0,549.0,False,0.5714,DETRAC-test,test,test,0.016076294277929115,37.29,36.7,0.3006,0.2323,0,-1,-1,vehicle,PPP,3,False
MVI_40853,36,2,640,677,38,False,switched,533.0,876.0,False,0.3158,switched,541.0,882.0,False,0.3158,switched,549.0,895.0,False,0.3158,DETRAC-test,test,test,0.05385996409335725,23.48,22.28,0.3544,0.2828,0,-1,-1,vehicle,SSS,0,False
MVI_40853,36,3,767,819,53,False,no_match_before,,,False,0.0,no_match_before,,,False,0.0,no_match_before,,,False,0.0,DETRAC-test,test,test,,24.89,3.45,0.391,0.267,0,-1,-1,vehicle,NNN,0,False
MVI_40853,36,4,827,840,14,False,no_match_before,,,False,0.0,no_match_before,,,False,0.0,no_match_before,,,False,0.0,DETRAC-test,test,test,,4.64,1.52,0.2482,0.2031,0,-1,-1,vehicle,NNN,0,False
MVI_40853,36,5,848,884,37,False,no_match_before,,,False,0.0,no_match_before,,,False,0.0,no_match_before,,,False,0.0,DETRAC-test,test,test,,11.65,0.47,0.3061,0.2019,0,-1,-1,vehicle,NNN,0,False
MVI_40853,36,6,889,892,4,False,no_match_before,,,False,0.0,no_match_before,,,False,0.0,no_match_before,,,False,0.0,DETRAC-test,test,test,,0.77,0.48,0.1177,0.1093,0,-1,-1,vehicle,NNN,0,False
MVI_40853,36,7,902,909,8,False,no_match_before,,,False,0.0,no_match_before,,,False,0.0,no_match_before,,,False,0.0,DETRAC-test,test,test,,0.22,0.22,0.1559,0.1284,0,-1,-1,vehicle,NNN,0,False
MVI_40853,36,8,913,1413,501,False,no_match_before,,,False,0.0,no_match_before,,,False,0.0,no_match_before,,,False,0.0,DETRAC-test,test,test,,5.43,2.89,0.3829,0.3214,0,-1,-1,vehicle,NNN,0,False
MVI_40853,36,9,1453,1573,121,False,no_match_before,,,False,0.0,no_match_before,,,False,0.0,no_match_before,,,False,0.0,DETRAC-test,test,test,,0.44,0.43,0.7315,0.5053,0,-1,-1,vehicle,NNN,0,False
MVI_40853,37,0,734,770,37,False,switched,403.0,958.0,False,0.5405,switched,409.0,962.0,False,0.5135,switched,422.0,978.0,False,0.5135,DETRAC-test,test,test,2.0953630796150486,35.38,11.43,0.7507,0.417,0,-1,-1,vehicle,SSS,0,False
MVI_40853,37,1,844,886,43,False,switched,958.0,1108.0,False,0.7442,preserved,962.0,962.0,False,0.7442,switched,978.0,1123.0,False,0.7442,DETRAC-test,test,test,,19.37,1.11,0.5932,0.3693,0,-1,-1,vehicle,SPS,1,True
MVI_40853,37,2,1337,1388,52,False,preserved,1108.0,1108.0,False,0.9038,preserved,962.0,962.0,False,0.9038,preserved,1123.0,1123.0,False,0.9038,DETRAC-test,test,test,,0.65,0.63,0.5269,0.3298,0,-1,-1,vehicle,PPP,3,False
MVI_40853,38,0,539,572,34,False,switched,636.0,659.0,False,0.9412,switched,630.0,650.0,False,0.9412,switched,639.0,659.0,False,0.9412,DETRAC-test,test,test,0.01286185551725394,273.26,269.79,0.1583,0.127,0,-1,-1,vehicle,SSS,0,False
MVI_40853,38,1,607,645,39,False,switched,761.0,768.0,False,0.9487,switched,767.0,774.0,False,0.9487,switched,776.0,783.0,False,0.9487,DETRAC-test,test,test,0.07179266278986285,149.29,139.29,0.3797,0.2444,0,-1,-1,vehicle,SSS,0,False
MVI_40853,40,0,701,737,37,True,switched,544.0,899.0,False,0.4865,switched,550.0,903.0,False,0.4865,switched,558.0,919.0,False,0.4865,DETRAC-test,test,test,,54.01,4.82,0.9264,0.475,1,722,722,vehicle,SSS,0,False
MVI_40853,40,1,813,852,40,False,preserved,899.0,899.0,False,0.775,preserved,903.0,903.0,False,0.775,preserved,919.0,919.0,False,0.775,DETRAC-test,test,test,,9.98,3.44,0.5642,0.3567,0,-1,-1,vehicle,PPP,3,False
MVI_40853,40,2,1294,1348,55,False,preserved,899.0,899.0,False,0.8909,preserved,903.0,903.0,False,0.8909,preserved,919.0,919.0,False,0.8909,DETRAC-test,test,test,,0.6,0.59,0.5025,0.3298,0,-1,-1,vehicle,PPP,3,False
MVI_40853,42,0,1042,1065,24,False,preserved,750.0,750.0,True,1.0,preserved,754.0,754.0,True,1.0,preserved,763.0,763.0,True,1.0,DETRAC-test,test,test,,1.0,1.0,0.2477,0.1897,0,-1,-1,vehicle,PPP,3,False
MVI_40853,43,0,738,761,24,False,preserved,712.0,712.0,True,1.0,preserved,711.0,711.0,True,1.0,preserved,720.0,720.0,True,1.0,DETRAC-test,test,test,0.0014816810344826514,148.7,148.48,0.1394,0.1219,0,-1,-1,vehicle,PPP,3,False
MVI_40853,44,0,776,837,62,False,preserved,945.0,945.0,False,0.9677,preserved,949.0,949.0,False,0.9677,preserved,965.0,965.0,False,0.9677,DETRAC-test,test,test,0.3987995998666223,41.95,29.99,0.2481,0.1388,0,-1,-1,vehicle,PPP,3,False
MVI_40853,44,1,1011,1431,421,False,preserved,945.0,945.0,False,0.8575,preserved,949.0,949.0,False,0.8575,preserved,965.0,965.0,False,0.8575,DETRAC-test,test,test,0.5704495614035088,57.29,36.48,0.4123,0.2627,0,-1,-1,vehicle,PPP,3,False
MVI_40853,48,0,792,824,33,False,preserved,978.0,978.0,False,0.9697,preserved,983.0,983.0,False,1.0,preserved,999.0,999.0,False,1.0,DETRAC-test,test,test,0.014978320851399385,77.25,76.11,0.2681,0.2099,0,-1,-1,vehicle,PPP,3,False
MVI_40853,48,1,835,905,71,False,preserved,978.0,978.0,False,0.7465,preserved,983.0,983.0,False,0.7465,preserved,999.0,999.0,False,0.7465,DETRAC-test,test,test,0.030124223602484346,66.34,64.4,0.3049,0.2172,0,-1,-1,vehicle,PPP,3,False
MVI_40853,48,2,980,1449,470,False,no_match_before,,,False,0.0,no_match_before,,,False,0.0,no_match_before,,,False,0.0,DETRAC-test,test,test,0.09176029962546828,11.66,10.68,0.3845,0.2215,0,-1,-1,vehicle,NNN,0,False
MVI_40853,53,0,924,971,48,False,preserved,1006.0,1006.0,False,0.9792,preserved,1011.0,1011.0,False,0.9792,preserved,1027.0,1027.0,False,0.9792,DETRAC-test,test,test,0.018157463908319738,68.41,67.19,0.2843,0.2009,0,-1,-1,vehicle,PPP,3,False
MVI_40853,53,1,1010,1360,351,False,switched,1006.0,1803.0,False,0.1966,switched,1011.0,1805.0,False,0.2393,switched,1027.0,1827.0,False,0.1966,DETRAC-test,test,test,0.48354712771890695,26.6,17.93,0.3655,0.337,0,-1,-1,vehicle,SSS,0,False
MVI_40853,53,2,1440,1484,45,False,preserved,1803.0,1803.0,False,0.7778,preserved,1805.0,1805.0,False,0.7778,preserved,1827.0,1827.0,False,0.7778,DETRAC-test,test,test,,0.81,0.79,0.368,0.2608,0,-1,-1,vehicle,PPP,3,False
MVI_40853,53,3,1515,1552,38,False,preserved,1803.0,1803.0,False,0.8684,preserved,1805.0,1805.0,False,0.8684,preserved,1827.0,1827.0,False,0.8684,DETRAC-test,test,test,,0.68,0.67,0.4153,0.3116,0,-1,-1,vehicle,PPP,3,False
MVI_40853,55,0,990,1403,414,False,switched,1162.0,1828.0,False,0.9758,preserved,1162.0,1162.0,False,0.9758,preserved,1171.0,1171.0,False,0.9758,DETRAC-test,test,test,0.27014593908629436,80.07,63.04,0.3546,0.2854,0,-1,-1,vehicle,SPP,2,True
MVI_40853,59,0,961,1030,70,False,preserved,1216.0,1216.0,True,1.0,preserved,1214.0,1214.0,True,1.0,preserved,1222.0,1222.0,True,1.0,DETRAC-test,test,test,0.014397808868161999,274.07,270.18,0.2396,0.1806,0,-1,-1,vehicle,PPP,3,False
MVI_40853,61,1,996,1031,36,False,preserved,1263.0,1263.0,True,1.0,preserved,1260.0,1260.0,True,1.0,preserved,1269.0,1269.0,True,1.0,DETRAC-test,test,test,0.0010142749812172003,266.47,266.2,0.2045,0.1418,0,-1,-1,vehicle,PPP,3,False
MVI_40853,61,2,1287,1314,28,False,switched,1694.0,1263.0,False,0.8929,switched,1710.0,1260.0,False,0.9286,switched,1723.0,1269.0,False,0.9286,DETRAC-test,test,test,,18.11,3.85,0.1863,0.1531,0,-1,-1,vehicle,SSS,0,False
MVI_40853,62,0,1087,1398,312,False,no_match_before,,,False,0.9167,no_match_before,,,False,0.9199,no_match_before,,,False,0.9199,DETRAC-test,test,test,0.143732826041006,54.11,47.31,0.1742,0.1543,0,-1,-1,vehicle,NNN,0,False
MVI_40853,62,1,1473,1506,34,False,switched,1385.0,1924.0,False,0.3235,switched,1384.0,1927.0,False,0.3235,switched,1392.0,1949.0,False,0.3235,DETRAC-test,test,test,0.8548939082819988,27.1,14.61,0.1702,0.1461,0,-1,-1,vehicle,SSS,0,False
MVI_40853,63,1,1190,1225,36,False,preserved,1334.0,1334.0,False,0.9444,preserved,1333.0,1333.0,False,0.9444,preserved,1511.0,1511.0,False,0.9444,DETRAC-test,test,test,1.5100000000000002,25.1,10.0,0.1859,0.1637,0,-1,-1,vehicle,PPP,3,False
MVI_40853,63,2,1233,1279,47,False,preserved,1334.0,1334.0,False,0.8723,preserved,1333.0,1333.0,False,0.8723,preserved,1511.0,1511.0,False,0.8723,DETRAC-test,test,test,0.3430220132506947,62.84,46.79,0.2813,0.1738,0,-1,-1,vehicle,PPP,3,False
MVI_40853,63,3,1283,1314,32,False,preserved,1334.0,1334.0,False,0.9688,preserved,1333.0,1333.0,False,0.9375,preserved,1511.0,1511.0,False,0.9375,DETRAC-test,test,test,0.002508308772809942,159.87,159.47,0.1329,0.1143,0,-1,-1,vehicle,PPP,3,False
MVI_40853,65,0,1296,1475,180,False,no_match_before,,,False,0.0,no_match_before,,,False,0.0,no_match_before,,,False,0.0,DETRAC-test,test,test,5.945080091533181,60.7,8.74,0.4987,0.3611,0,-1,-1,vehicle,NNN,0,False
MVI_40853,66,0,1369,1371,3,False,preserved,1623.0,1623.0,True,1.0,preserved,1640.0,1640.0,True,1.0,preserved,1652.0,1652.0,True,1.0,DETRAC-test,test,test,,0.12,0.12,0.1025,0.1016,0,-1,-1,vehicle,PPP,3,False
MVI_40853,67,0,1486,1513,28,False,preserved,1673.0,1673.0,True,1.0,preserved,1689.0,1689.0,True,1.0,preserved,1701.0,1701.0,True,1.0,DETRAC-test,test,test,,10.5,2.19,0.3157,0.2387,0,-1,-1,vehicle,PPP,3,False
MVI_40853,69,0,1364,1498,135,True,no_match_before,,,False,0.0889,no_match_before,,,False,0.0889,no_match_before,,,False,0.0889,DETRAC-test,test,test,0.07857806464231598,220.58,204.51,1.0,0.6144,32,1432,1463,vehicle,NNN,0,False
MVI_40853,69,1,1507,1527,21,False,preserved,1913.0,1913.0,False,0.9048,preserved,1916.0,1916.0,False,0.9048,preserved,1938.0,1938.0,False,0.9048,DETRAC-test,test,test,0.02490039840637448,30.87,30.12,0.1435,0.1165,0,-1,-1,vehicle,PPP,3,False
MVI_40853,69,2,1532,1539,8,False,preserved,1913.0,1913.0,True,1.0,preserved,1916.0,1916.0,True,1.0,preserved,1938.0,1938.0,True,1.0,DETRAC-test,test,test,0.0061517429938482415,14.72,14.63,0.2619,0.1865,0,-1,-1,vehicle,PPP,3,False
MVI_40853,76,0,756,906,151,False,switched,889.0,1042.0,False,0.5828,switched,893.0,1046.0,False,0.5762,switched,909.0,1062.0,False,0.5894,DETRAC-test,test,test,0.00499266576054036,746.8,743.09,0.5832,0.4384,0,-1,-1,vehicle,SSS,0,False
MVI_40854,7,0,70,73,4,False,no_match_before,,,False,0.0,no_match_before,,,False,0.0,no_match_before,,,False,0.0,DETRAC-test,test,test,,2.11,2.1,0.1053,0.1024,0,-1,-1,vehicle,NNN,0,False
MVI_40854,7,1,93,136,44,False,switched,135.0,221.0,False,0.9773,preserved,140.0,140.0,False,1.0,preserved,140.0,140.0,False,1.0,DETRAC-test,test,test,0.05710172744721698,44.06,41.68,0.1681,0.1438,0,-1,-1,vehicle,SPP,2,True
MVI_40854,32,1,445,465,21,False,switched,459.0,649.0,False,0.8571,switched,461.0,660.0,False,0.8571,switched,466.0,664.0,False,0.8571,DETRAC-test,test,test,0.08377261718193463,76.07,70.19,0.7133,0.4392,0,-1,-1,vehicle,SSS,0,False
MVI_40854,47,1,445,454,10,False,no_match_before,,,False,0.0,no_match_before,,,False,0.0,no_match_before,,,False,0.0,DETRAC-test,test,test,0.11714770797962659,6.58,5.89,0.1373,0.1218,0,-1,-1,vehicle,NNN,0,False
MVI_40854,47,2,466,471,6,False,no_match_before,,,False,0.0,no_match_before,,,False,0.0,no_match_before,,,False,0.0,DETRAC-test,test,test,,1.92,1.92,0.1176,0.1115,0,-1,-1,vehicle,NNN,0,False
MVI_40854,48,0,805,1146,342,False,switched,779.0,1314.0,False,0.0322,switched,812.0,1329.0,False,0.0322,switched,821.0,1337.0,False,0.0322,DETRAC-test,test,test,8.240989399293285,130.76,14.15,0.3861,0.2748,0,-1,-1,vehicle,SSS,0,False
MVI_40854,54,0,639,646,8,False,lost_after,709.0,,False,0.0,lost_after,718.0,,False,0.0,lost_after,726.0,,False,0.0,DETRAC-test,test,test,0.030752916224814575,9.72,9.43,0.1026,0.1017,0,-1,-1,vehicle,LLL,0,False
MVI_40854,59,0,741,767,27,False,preserved,801.0,801.0,True,1.0,preserved,819.0,819.0,True,1.0,preserved,828.0,828.0,True,1.0,DETRAC-test,test,test,0.05451318458417864,41.59,39.44,0.2915,0.2195,0,-1,-1,vehicle,PPP,3,False
MVI_40854,77,0,937,954,18,False,preserved,1037.0,1037.0,True,1.0,preserved,1058.0,1058.0,True,1.0,preserved,1067.0,1067.0,True,1.0,DETRAC-test,test,test,,4.67,2.64,0.1956,0.1303,0,-1,-1,vehicle,PPP,3,False
MVI_40854,77,1,960,961,2,False,preserved,1037.0,1037.0,True,1.0,preserved,1058.0,1058.0,True,1.0,preserved,1067.0,1067.0,True,1.0,DETRAC-test,test,test,,0.44,0.44,0.1102,0.1057,0,-1,-1,vehicle,PPP,3,False
MVI_40854,77,2,971,1090,120,False,preserved,1037.0,1037.0,True,1.0,preserved,1058.0,1058.0,True,1.0,preserved,1067.0,1067.0,True,1.0,DETRAC-test,test,test,3.5733532934131738,30.55,6.68,0.2086,0.1507,0,-1,-1,vehicle,PPP,3,False
MVI_40854,83,0,1140,1180,41,False,no_match_before,,,False,0.0,no_match_before,,,False,0.0,no_match_before,,,False,0.0,DETRAC-test,test,test,,10.18,4.39,0.2355,0.1904,0,-1,-1,vehicle,NNN,0,False
MVI_40855,2,0,300,302,3,False,preserved,11.0,11.0,True,1.0,preserved,11.0,11.0,True,1.0,preserved,11.0,11.0,True,1.0,DETRAC-test,test,test,,0.78,0.68,0.1053,0.1029,0,-1,-1,vehicle,PPP,3,False
MVI_40855,2,1,308,363,56,False,preserved,11.0,11.0,True,1.0,preserved,11.0,11.0,True,1.0,preserved,11.0,11.0,True,1.0,DETRAC-test,test,test,,22.89,2.42,0.1419,0.1192,0,-1,-1,vehicle,PPP,3,False
MVI_40855,2,2,369,380,12,False,preserved,11.0,11.0,True,1.0,preserved,11.0,11.0,True,1.0,preserved,11.0,11.0,True,1.0,DETRAC-test,test,test,,4.05,0.78,0.1236,0.1091,0,-1,-1,vehicle,PPP,3,False
MVI_40855,4,1,53,128,76,False,preserved,20.0,20.0,True,1.0,preserved,20.0,20.0,True,1.0,preserved,20.0,20.0,True,1.0,DETRAC-test,test,test,,29.07,0.91,0.1618,0.1327,0,-1,-1,vehicle,PPP,3,False
MVI_40855,4,2,134,174,41,False,preserved,20.0,20.0,True,1.0,preserved,20.0,20.0,True,1.0,preserved,20.0,20.0,True,1.0,DETRAC-test,test,test,,14.69,1.3,0.1501,0.126,0,-1,-1,vehicle,PPP,3,False
MVI_40855,4,3,178,189,12,False,preserved,20.0,20.0,True,1.0,preserved,20.0,20.0,True,1.0,preserved,20.0,20.0,True,1.0,DETRAC-test,test,test,,5.95,0.53,0.1476,0.1274,0,-1,-1,vehicle,PPP,3,False
MVI_40855,4,4,194,381,188,False,preserved,20.0,20.0,True,1.0,preserved,20.0,20.0,True,1.0,preserved,20.0,20.0,True,1.0,DETRAC-test,test,test,,71.86,1.82,0.1692,0.1304,0,-1,-1,vehicle,PPP,3,False
MVI_40855,4,5,390,391,2,False,preserved,20.0,20.0,True,1.0,preserved,20.0,20.0,True,1.0,preserved,20.0,20.0,True,1.0,DETRAC-test,test,test,,0.3,0.3,0.1034,0.1021,0,-1,-1,vehicle,PPP,3,False
MVI_40855,5,0,31,39,9,False,preserved,16.0,16.0,True,1.0,preserved,16.0,16.0,True,1.0,preserved,16.0,16.0,True,1.0,DETRAC-test,test,test,,2.32,1.98,0.1095,0.106,0,-1,-1,vehicle,PPP,3,False
MVI_40855,5,1,62,70,9,False,preserved,16.0,16.0,True,1.0,preserved,16.0,16.0,True,1.0,preserved,16.0,16.0,True,1.0,DETRAC-test,test,test,,4.05,1.35,0.1341,0.1178,0,-1,-1,vehicle,PPP,3,False
MVI_40855,5,2,82,94,13,False,preserved,16.0,16.0,True,1.0,preserved,16.0,16.0,True,1.0,preserved,16.0,16.0,True,1.0,DETRAC-test,test,test,,1.86,0.54,0.1476,0.1275,0,-1,-1,vehicle,PPP,3,False
MVI_40855,5,3,99,103,5,False,preserved,16.0,16.0,True,1.0,preserved,16.0,16.0,True,1.0,preserved,16.0,16.0,True,1.0,DETRAC-test,test,test,,1.43,0.78,0.1146,0.1075,0,-1,-1,vehicle,PPP,3,False
MVI_40855,5,4,109,139,31,False,preserved,16.0,16.0,True,1.0,preserved,16.0,16.0,True,1.0,preserved,16.0,16.0,True,1.0,DETRAC-test,test,test,,5.25,1.76,0.1426,0.1183,0,-1,-1,vehicle,PPP,3,False
MVI_40855,5,5,145,177,33,False,preserved,16.0,16.0,True,1.0,preserved,16.0,16.0,True,1.0,preserved,16.0,16.0,True,1.0,DETRAC-test,test,test,,10.86,0.78,0.129,0.1126,0,-1,-1,vehicle,PPP,3,False
MVI_40855,5,6,185,195,11,False,preserved,16.0,16.0,True,1.0,preserved,16.0,16.0,True,1.0,preserved,16.0,16.0,True,1.0,DETRAC-test,test,test,,2.06,0.68,0.1146,0.1104,0,-1,-1,vehicle,PPP,3,False
MVI_40855,5,7,209,219,11,False,preserved,16.0,16.0,True,1.0,preserved,16.0,16.0,True,1.0,preserved,16.0,16.0,True,1.0,DETRAC-test,test,test,,3.22,1.52,0.1423,0.1289,0,-1,-1,vehicle,PPP,3,False
MVI_40855,5,8,224,243,20,False,preserved,16.0,16.0,True,1.0,preserved,16.0,16.0,True,1.0,preserved,16.0,16.0,True,1.0,DETRAC-test,test,test,,4.66,0.98,0.1355,0.1223,0,-1,-1,vehicle,PPP,3,False
MVI_40855,5,9,248,319,72,False,preserved,16.0,16.0,True,1.0,preserved,16.0,16.0,True,1.0,preserved,16.0,16.0,True,1.0,DETRAC-test,test,test,,19.37,0.01,0.1671,0.1234,0,-1,-1,vehicle,PPP,3,False
MVI_40855,5,10,323,343,21,False,preserved,16.0,16.0,True,1.0,preserved,16.0,16.0,True,1.0,preserved,16.0,16.0,True,1.0,DETRAC-test,test,test,,5.36,0.64,0.1456,0.1265,0,-1,-1,vehicle,PPP,3,False
MVI_40855,5,11,350,386,37,False,preserved,16.0,16.0,True,1.0,preserved,16.0,16.0,True,1.0,preserved,16.0,16.0,True,1.0,DETRAC-test,test,test,,12.63,1.6,0.1555,0.1265,0,-1,-1,vehicle,PPP,3,False
MVI_40855,5,12,394,401,8,False,preserved,16.0,16.0,True,1.0,preserved,16.0,16.0,True,1.0,preserved,16.0,16.0,True,1.0,DETRAC-test,test,test,,1.2,1.19,0.112,0.1059,0,-1,-1,vehicle,PPP,3,False
MVI_40855,5,13,408,429,22,False,preserved,16.0,16.0,True,1.0,preserved,16.0,16.0,True,1.0,preserved,16.0,16.0,True,1.0,DETRAC-test,test,test,,5.15,2.42,0.164,0.1298,0,-1,-1,vehicle,PPP,3,False
MVI_40855,14,0,44,450,407,True,switched,12.0,541.0,False,0.0246,switched,12.0,559.0,False,0.0246,switched,12.0,546.0,False,0.0246,DETRAC-test,test,test,4.07412817235713,555.82,109.54,1.0,0.9419,354,75,428,vehicle,SSS,0,False
MVI_40855,14,1,491,511,21,False,preserved,541.0,541.0,True,1.0,preserved,559.0,559.0,True,1.0,preserved,546.0,546.0,True,1.0,DETRAC-test,test,test,,8.95,4.4,0.3994,0.3311,0,-1,-1,vehicle,PPP,3,False
MVI_40855,14,2,549,559,11,False,preserved,541.0,541.0,True,1.0,preserved,559.0,559.0,True,1.0,preserved,546.0,546.0,True,1.0,DETRAC-test,test,test,,6.09,0.98,0.3539,0.3365,0,-1,-1,vehicle,PPP,3,False
MVI_40855,14,3,607,635,29,False,preserved,541.0,541.0,False,0.931,preserved,559.0,559.0,False,0.931,preserved,546.0,546.0,False,0.931,DETRAC-test,test,test,,15.15,1.56,0.5575,0.4098,0,-1,-1,vehicle,PPP,3,False
MVI_40855,14,4,669,686,18,False,preserved,541.0,541.0,True,1.0,preserved,559.0,559.0,True,1.0,preserved,546.0,546.0,True,1.0,DETRAC-test,test,test,,6.95,2.52,0.3598,0.2804,0,-1,-1,vehicle,PPP,3,False
MVI_40855,15,1,460,490,31,False,preserved,481.0,481.0,False,0.2903,preserved,499.0,499.0,False,0.2903,preserved,486.0,486.0,False,0.2903,DETRAC-test,test,test,,11.61,2.2,0.3771,0.2964,0,-1,-1,vehicle,PPP,3,False
MVI_40855,15,2,518,550,33,False,switched,481.0,676.0,False,0.303,switched,499.0,553.0,False,0.303,switched,486.0,677.0,False,0.303,DETRAC-test,test,test,,7.44,1.35,0.4277,0.3001,0,-1,-1,vehicle,SSS,0,False
MVI_40855,15,3,586,613,28,False,lost_after,676.0,,False,0.2857,lost_after,553.0,,False,0.3214,lost_after,691.0,,False,0.1429,DETRAC-test,test,test,,15.73,1.3,0.6509,0.4303,0,-1,-1,vehicle,LLL,0,False
MVI_40855,15,4,650,676,27,False,no_match_before,,,False,0.0,no_match_before,,,False,0.0,no_match_before,,,False,0.0,DETRAC-test,test,test,,8.88,0.6,0.3332,0.2421,0,-1,-1,vehicle,NNN,0,False
MVI_40855,15,5,716,733,18,False,lost_after,886.0,,False,0.0,switched,831.0,886.0,False,0.0556,switched,829.0,884.0,False,0.0,DETRAC-test,test,test,,4.62,1.18,0.2654,0.2184,0,-1,-1,vehicle,LSS,0,True
MVI_40855,16,1,424,464,41,False,switched,433.0,579.0,False,0.3659,switched,450.0,597.0,False,0.3659,switched,437.0,584.0,False,0.3659,DETRAC-test,test,test,,14.18,2.53,0.3425,0.2818,0,-1,-1,vehicle,SSS,0,False
MVI_40855,16,2,485,529,45,False,preserved,579.0,579.0,False,0.5333,preserved,597.0,597.0,False,0.5333,preserved,584.0,584.0,False,0.5333,DETRAC-test,test,test,,15.0,1.97,0.3974,0.2929,0,-1,-1,vehicle,PPP,3,False
MVI_40855,16,3,562,596,35,False,switched,579.0,765.0,False,0.3143,preserved,597.0,597.0,False,0.3143,preserved,584.0,584.0,False,0.3143,DETRAC-test,test,test,,18.23,0.81,0.4598,0.3532,0,-1,-1,vehicle,SPP,2,True
MVI_40855,16,4,625,650,26,False,preserved,765.0,765.0,False,0.6154,switched,597.0,851.0,False,0.6154,switched,584.0,849.0,False,0.6154,DETRAC-test,test,test,,5.08,2.16,0.3715,0.2838,0,-1,-1,vehicle,PSS,1,True
MVI_40855,16,5,697,714,18,False,preserved,765.0,765.0,False,0.8333,preserved,851.0,851.0,False,0.8333,preserved,849.0,849.0,False,0.8333,DETRAC-test,test,test,,9.49,1.43,0.3089,0.2328,0,-1,-1,vehicle,PPP,3,False
MVI_40855,18,0,100,110,11,False,preserved,10.0,10.0,True,1.0,preserved,10.0,10.0,True,1.0,preserved,10.0,10.0,True,1.0,DETRAC-test,test,test,0.004406779661016991,29.63,29.5,0.2256,0.1681,0,-1,-1,vehicle,PPP,3,False
MVI_40855,18,1,136,485,350,True,switched,10.0,582.0,False,0.1143,switched,10.0,600.0,False,0.1143,switched,10.0,587.0,False,0.1143,DETRAC-test,test,test,11.410967955071028,375.68,30.27,1.0,0.6182,84,380,463,vehicle,SSS,0,False
MVI_40855,18,2,511,528,18,False,preserved,582.0,582.0,True,1.0,preserved,600.0,600.0,True,1.0,preserved,587.0,587.0,True,1.0,DETRAC-test,test,test,,8.07,1.59,0.3041,0.2388,0,-1,-1,vehicle,PPP,3,False
MVI_40855,18,3,629,653,25,False,preserved,582.0,582.0,False,0.92,preserved,600.0,600.0,False,0.92,preserved,587.0,587.0,False,0.92,DETRAC-test,test,test,,11.66,0.86,0.5636,0.4044,0,-1,-1,vehicle,PPP,3,False
MVI_40855,19,0,13,32,20,False,preserved,4.0,4.0,True,1.0,preserved,4.0,4.0,True,1.0,preserved,4.0,4.0,True,1.0,DETRAC-test,test,test,,9.7,4.66,0.3926,0.3176,0,-1,-1,vehicle,PPP,3,False
MVI_40855,19,1,62,120,59,False,preserved,4.0,4.0,False,0.8644,preserved,4.0,4.0,False,0.8644,preserved,4.0,4.0,False,0.8644,DETRAC-test,test,test,,27.67,0.97,0.5811,0.3237,0,-1,-1,vehicle,PPP,3,False
MVI_40855,20,0,3,13,11,False,preserved,9.0,9.0,True,1.0,preserved,9.0,9.0,True,1.0,preserved,9.0,9.0,True,1.0,DETRAC-test,test,test,,3.58,1.83,0.161,0.1388,0,-1,-1,vehicle,PPP,3,False
MVI_40855,24,1,35,372,338,True,lost_after,7.0,,False,0.1538,lost_after,7.0,,False,0.1538,lost_after,7.0,,False,0.1538,DETRAC-test,test,test,0.5722271517302573,354.38,225.4,1.0,0.6059,39,82,127,vehicle,LLL,0,False
MVI_40855,25,0,23,29,7,False,preserved,13.0,13.0,True,1.0,preserved,13.0,13.0,True,1.0,preserved,13.0,13.0,True,1.0,DETRAC-test,test,test,0.008571428571428452,28.24,28.0,0.1182,0.1094,0,-1,-1,vehicle,PPP,3,False
MVI_40855,25,1,194,233,40,False,preserved,13.0,13.0,True,1.0,preserved,13.0,13.0,True,1.0,preserved,13.0,13.0,True,1.0,DETRAC-test,test,test,0.1201171875,34.41,30.72,0.3054,0.2283,0,-1,-1,vehicle,PPP,3,False
MVI_40855,33,0,132,158,27,False,preserved,65.0,65.0,True,1.0,preserved,73.0,73.0,True,1.0,preserved,67.0,67.0,True,1.0,DETRAC-test,test,test,0.352823588205897,27.07,20.01,0.4017,0.2788,0,-1,-1,vehicle,PPP,3,False
MVI_40855,34,0,213,233,21,False,preserved,78.0,78.0,True,1.0,preserved,86.0,86.0,True,1.0,preserved,79.0,79.0,True,1.0,DETRAC-test,test,test,0.0028545673076922906,66.75,66.56,0.2077,0.1597,0,-1,-1,vehicle,PPP,3,False
MVI_40855,36,0,180,350,171,False,preserved,96.0,96.0,True,1.0,preserved,103.0,103.0,True,1.0,preserved,97.0,97.0,True,1.0,DETRAC-test,test,test,3.509149623250808,83.78,18.58,0.3389,0.2808,0,-1,-1,vehicle,PPP,3,False
MVI_40855,36,1,392,507,116,True,switched,96.0,600.0,False,0.2672,switched,103.0,618.0,False,0.2672,switched,97.0,606.0,False,0.2672,DETRAC-test,test,test,,160.58,3.72,1.0,0.7609,66,426,491,vehicle,SSS,0,False
MVI_40855,36,2,648,666,19,False,preserved,600.0,600.0,True,1.0,preserved,618.0,618.0,True,1.0,preserved,606.0,606.0,True,1.0,DETRAC-test,test,test,,9.67,0.53,0.4689,0.3581,0,-1,-1,vehicle,PPP,3,False
MVI_40855,37,0,137,625,489,False,no_match_before,,,False,0.2945,no_match_before,,,False,0.2945,no_match_before,,,False,0.2945,DETRAC-test,test,test,0.22191477587161046,441.6,361.4,0.4721,0.309,0,-1,-1,vehicle,NNN,0,False
MVI_40855,41,1,631,711,81,False,preserved,681.0,681.0,True,1.0,preserved,686.0,686.0,True,1.0,preserved,682.0,682.0,True,1.0,DETRAC-test,test,test,0.006117737591381456,261.49,259.9,0.3766,0.3226,0,-1,-1,vehicle,PPP,3,False
MVI_40855,42,0,446,523,78,True,switched,399.0,625.0,False,0.1667,switched,414.0,641.0,False,0.1667,switched,400.0,630.0,False,0.1667,DETRAC-test,test,test,,133.04,4.94,1.0,0.807,48,469,516,vehicle,SSS,0,False
MVI_40855,43,1,337,355,19,False,preserved,375.0,375.0,True,1.0,preserved,390.0,390.0,True,1.0,preserved,378.0,378.0,True,1.0,DETRAC-test,test,test,0.0050746268656716165,101.01,100.5,0.5185,0.3755,0,-1,-1,vehicle,PPP,3,False
MVI_40855,44,0,344,671,328,False,switched,274.0,16.0,False,0.1982,switched,285.0,16.0,False,0.2134,switched,274.0,16.0,False,0.2134,DETRAC-test,test,test,0.32185921185584365,392.46,296.9,0.5345,0.2933,0,-1,-1,vehicle,SSS,0,False
MVI_40855,45,1,830,844,15,False,preserved,955.0,955.0,True,1.0,preserved,936.0,936.0,True,1.0,preserved,934.0,934.0,True,1.0,DETRAC-test,test,test,,5.66,0.39,0.1809,0.1338,0,-1,-1,vehicle,PPP,3,False
MVI_40863,16,1,53,99,47,False,switched,22.0,110.0,False,0.8085,switched,22.0,111.0,False,0.8085,switched,22.0,113.0,False,0.766,DETRAC-test,test,test,,0.0,0.0,0.7071,0.4308,0,-1,-1,vehicle,SSS,0,False
MVI_40863,16,2,130,177,48,False,preserved,110.0,110.0,False,0.7708,preserved,111.0,111.0,False,0.7708,preserved,113.0,113.0,False,0.7708,DETRAC-test,test,test,,0.0,0.0,0.5561,0.3517,0,-1,-1,vehicle,PPP,3,False
MVI_40863,16,3,207,249,43,False,preserved,110.0,110.0,False,0.8372,preserved,111.0,111.0,False,0.8372,preserved,113.0,113.0,False,0.8372,DETRAC-test,test,test,,0.0,0.0,0.6055,0.3499,0,-1,-1,vehicle,PPP,3,False
MVI_40863,16,4,280,330,51,False,switched,110.0,337.0,False,0.8627,switched,111.0,336.0,False,0.8627,switched,113.0,340.0,False,0.8627,DETRAC-test,test,test,,0.0,0.0,0.6083,0.3467,0,-1,-1,vehicle,SSS,0,False
MVI_40863,16,5,359,464,106,False,switched,337.0,460.0,False,0.8585,switched,336.0,468.0,False,0.8585,switched,340.0,470.0,False,0.8585,DETRAC-test,test,test,,0.0,0.0,0.5678,0.337,0,-1,-1,vehicle,SSS,0,False
MVI_40863,16,6,475,530,56,False,switched,460.0,506.0,False,0.875,switched,468.0,515.0,False,0.875,switched,470.0,516.0,False,0.875,DETRAC-test,test,test,,0.0,0.0,0.5881,0.3718,0,-1,-1,vehicle,SSS,0,False
MVI_40863,16,7,571,607,37,False,preserved,506.0,506.0,False,0.8108,preserved,468.0,468.0,False,0.8108,preserved,516.0,516.0,False,0.8108,DETRAC-test,test,test,,0.0,0.0,0.5707,0.3858,0,-1,-1,vehicle,PPP,3,False
MVI_40863,16,8,681,731,51,False,switched,506.0,662.0,False,0.8431,switched,468.0,671.0,False,0.8431,switched,516.0,671.0,False,0.8431,DETRAC-test,test,test,,0.0,0.0,0.5939,0.3454,0,-1,-1,vehicle,SSS,0,False
MVI_40863,17,1,83,137,55,False,preserved,56.0,56.0,False,1.0,preserved,55.0,55.0,False,1.0,preserved,4.0,4.0,False,1.0,DETRAC-test,test,test,,0.0,0.0,0.5451,0.3163,0,-1,-1,vehicle,PPP,3,False
MVI_40863,17,2,167,212,46,False,switched,56.0,225.0,False,0.9565,switched,55.0,226.0,False,0.9565,switched,4.0,232.0,False,0.9565,DETRAC-test,test,test,,0.0,0.0,0.6211,0.3604,0,-1,-1,vehicle,SSS,0,False
MVI_40863,17,3,241,286,46,False,preserved,225.0,225.0,False,0.9565,preserved,226.0,226.0,False,0.9565,preserved,232.0,232.0,False,0.9565,DETRAC-test,test,test,,0.0,0.0,0.5996,0.3524,0,-1,-1,vehicle,PPP,3,False
MVI_40863,17,4,316,362,47,False,preserved,225.0,225.0,False,0.9574,preserved,226.0,226.0,False,0.9574,preserved,232.0,232.0,False,0.9574,DETRAC-test,test,test,,0.0,0.0,0.5391,0.3417,0,-1,-1,vehicle,PPP,3,False
MVI_40863,17,5,367,413,47,False,preserved,225.0,225.0,True,1.0,preserved,226.0,226.0,False,0.9787,preserved,232.0,232.0,False,0.9787,DETRAC-test,test,test,,0.0,0.0,0.5896,0.3525,0,-1,-1,vehicle,PPP,3,False
MVI_40863,17,6,421,477,57,False,preserved,225.0,225.0,False,0.9298,preserved,226.0,226.0,False,0.9298,preserved,232.0,232.0,False,0.9298,DETRAC-test,test,test,,0.0,0.0,0.5629,0.3752,0,-1,-1,vehicle,PPP,3,False
MVI_40863,17,7,517,572,56,False,preserved,225.0,225.0,False,0.8571,preserved,226.0,226.0,False,0.8571,preserved,232.0,232.0,False,0.8571,DETRAC-test,test,test,,0.0,0.0,0.5662,0.3811,0,-1,-1,vehicle,PPP,3,False
MVI_40863,17,8,636,682,47,False,preserved,225.0,225.0,False,0.9149,preserved,226.0,226.0,False,0.9149,preserved,232.0,232.0,False,0.9149,DETRAC-test,test,test,,0.0,0.0,0.5572,0.3612,0,-1,-1,vehicle,PPP,3,False
MVI_40863,19,1,179,241,63,False,switched,33.0,144.0,False,1.0,switched,33.0,240.0,False,1.0,switched,33.0,151.0,False,1.0,DETRAC-test,test,test,,0.0,0.0,0.1695,0.1535,0,-1,-1,vehicle,SSS,0,False
MVI_40863,19,2,253,418,166,False,switched,144.0,33.0,False,1.0,switched,240.0,33.0,False,1.0,preserved,151.0,151.0,False,1.0,DETRAC-test,test,test,,0.0,0.0,0.2368,0.1723,0,-1,-1,vehicle,SSP,1,True
MVI_40863,19,3,445,513,69,False,switched,33.0,490.0,False,1.0,switched,33.0,498.0,False,1.0,switched,151.0,499.0,False,1.0,DETRAC-test,test,test,,0.0,0.0,0.156,0.1391,0,-1,-1,vehicle,SSS,0,False
MVI_40863,19,4,564,633,70,False,preserved,33.0,33.0,False,1.0,preserved,33.0,33.0,False,1.0,preserved,151.0,151.0,False,1.0,DETRAC-test,test,test,,0.0,0.0,0.1661,0.1401,0,-1,-1,vehicle,PPP,3,False
MVI_40863,21,1,253,296,44,False,preserved,12.0,12.0,False,0.5455,preserved,12.0,12.0,False,0.5909,preserved,12.0,12.0,False,0.5455,DETRAC-test,test,test,,0.0,0.0,0.488,0.3665,0,-1,-1,vehicle,PPP,3,False
MVI_40863,21,2,305,352,48,False,preserved,12.0,12.0,False,0.8125,preserved,12.0,12.0,False,0.7917,preserved,12.0,12.0,False,0.8125,DETRAC-test,test,test,,0.0,0.0,0.488,0.3563,0,-1,-1,vehicle,PPP,3,False
MVI_40863,21,3,395,435,41,False,preserved,12.0,12.0,False,0.6829,preserved,12.0,12.0,False,0.6829,preserved,12.0,12.0,False,0.7073,DETRAC-test,test,test,,0.0,0.0,0.5269,0.4225,0,-1,-1,vehicle,PPP,3,False
MVI_40863,21,4,498,553,56,False,preserved,12.0,12.0,False,0.6071,preserved,12.0,12.0,False,0.625,preserved,12.0,12.0,False,0.625,DETRAC-test,test,test,,0.0,0.0,0.5043,0.3749,0,-1,-1,vehicle,PPP,3,False
MVI_40863,22,1,1533,1553,21,False,preserved,8.0,8.0,True,1.0,preserved,8.0,8.0,True,1.0,preserved,8.0,8.0,True,1.0,DETRAC-test,test,test,0.1046228710462287,22.7,20.55,0.1198,0.1096,0,-1,-1,vehicle,PPP,3,False
MVI_40863,27,1,1544,1564,21,False,preserved,843.0,843.0,True,1.0,preserved,854.0,854.0,True,1.0,preserved,856.0,856.0,True,1.0,DETRAC-test,test,test,,0.0,0.0,0.2698,0.2343,0,-1,-1,vehicle,PPP,3,False
MVI_40863,28,1,1512,1532,21,False,preserved,831.0,831.0,True,1.0,preserved,842.0,842.0,True,1.0,preserved,844.0,844.0,True,1.0,DETRAC-test,test,test,,0.0,0.0,0.2003,0.1757,0,-1,-1,vehicle,PPP,3,False
MVI_40863,29,1,1449,1499,51,False,preserved,790.0,790.0,True,1.0,preserved,800.0,800.0,True,1.0,preserved,803.0,803.0,True,1.0,DETRAC-test,test,test,,0.0,0.0,0.2951,0.2236,0,-1,-1,vehicle,PPP,3,False
MVI_40863,29,2,1565,1595,31,False,preserved,790.0,790.0,True,1.0,preserved,800.0,800.0,True,1.0,preserved,803.0,803.0,True,1.0,DETRAC-test,test,test,,0.0,0.0,0.3147,0.2564,0,-1,-1,vehicle,PPP,3,False
MVI_40864,8,1,512,520,9,False,preserved,469.0,469.0,True,1.0,preserved,460.0,460.0,True,1.0,preserved,461.0,461.0,True,1.0,DETRAC-test,test,test,0.0,88.61,88.61,0.107,0.1033,0,-1,-1,vehicle,PPP,3,False
MVI_40864,16,0,53,105,53,True,switched,6.0,130.0,False,0.0,switched,6.0,132.0,False,0.0,switched,6.0,132.0,False,0.0,DETRAC-test,test,test,,0.0,0.0,1.0,0.9788,51,55,105,vehicle,SSS,0,False
MVI_40864,16,1,163,195,33,True,switched,130.0,271.0,False,0.0,switched,132.0,275.0,False,0.0,switched,132.0,275.0,False,0.0,DETRAC-test,test,test,,0.0,0.0,1.0,0.967,31,165,195,vehicle,SSS,0,False
MVI_40864,16,2,351,365,15,False,preserved,271.0,271.0,False,0.5333,preserved,275.0,275.0,False,0.5333,preserved,275.0,275.0,False,0.5333,DETRAC-test,test,test,,0.07,0.06,0.6969,0.4269,0,-1,-1,vehicle,PPP,3,False
MVI_40864,16,3,393,445,53,True,switched,271.0,495.0,False,0.0,switched,275.0,483.0,False,0.0,switched,275.0,484.0,False,0.0,DETRAC-test,test,test,,0.27,0.24,1.0,0.9597,48,398,445,vehicle,SSS,0,False
MVI_40864,16,4,522,555,34,True,switched,495.0,631.0,False,0.0,switched,483.0,622.0,False,0.0,switched,484.0,621.0,False,0.0,DETRAC-test,test,test,,0.17,0.16,1.0,0.9508,30,525,554,vehicle,SSS,0,False
MVI_40864,16,5,825,855,31,False,preserved,631.0,631.0,False,0.8065,preserved,622.0,622.0,False,0.8065,preserved,621.0,621.0,False,0.8065,DETRAC-test,test,test,,1.17,1.17,0.6046,0.4162,0,-1,-1,vehicle,PPP,3,False
MVI_40864,17,0,36,95,60,True,switched,9.0,121.0,False,0.0667,switched,9.0,122.0,False,0.0667,switched,9.0,122.0,False,0.0667,DETRAC-test,test,test,,0.0,0.0,1.0,0.8752,42,47,88,vehicle,SSS,0,False
MVI_40864,17,1,147,185,39,True,switched,121.0,263.0,False,0.1538,switched,122.0,267.0,False,0.1282,switched,122.0,267.0,False,0.1538,DETRAC-test,test,test,,0.0,0.0,1.0,0.8789,29,157,185,vehicle,SSS,0,False
MVI_40864,17,2,332,349,18,False,switched,402.0,263.0,False,0.8889,preserved,267.0,267.0,True,1.0,preserved,267.0,267.0,True,1.0,DETRAC-test,test,test,,0.16,0.16,0.3792,0.2861,0,-1,-1,vehicle,SPP,2,True
MVI_40864,17,3,375,433,59,True,switched,263.0,481.0,False,0.0508,switched,267.0,469.0,False,0.0508,switched,267.0,470.0,False,0.0508,DETRAC-test,test,test,,0.54,0.53,1.0,0.9011,47,386,432,vehicle,SSS,0,False
MVI_40864,17,4,504,543,40,True,switched,481.0,614.0,False,0.2,switched,469.0,603.0,False,0.2,switched,470.0,602.0,False,0.2,DETRAC-test,test,test,,0.36,0.36,1.0,0.8515,28,514,541,vehicle,SSS,0,False
MVI_40864,17,5,805,830,26,False,preserved,614.0,614.0,True,1.0,preserved,603.0,603.0,True,1.0,preserved,602.0,602.0,True,1.0,DETRAC-test,test,test,,0.24,0.23,0.2976,0.2096,0,-1,-1,vehicle,PPP,3,False
MVI_40864,18,0,15,83,69,True,switched,2.0,105.0,False,0.1739,switched,2.0,106.0,False,0.1739,switched,2.0,106.0,False,0.1739,DETRAC-test,test,test,,0.0,0.0,1.0,0.8715,50,28,77,vehicle,SSS,0,False
MVI_40864,18,1,126,175,50,True,switched,105.0,247.0,False,0.2,switched,106.0,251.0,False,0.2,switched,106.0,250.0,False,0.2,DETRAC-test,test,test,,0.0,0.0,1.0,0.8453,34,139,172,vehicle,SSS,0,False
MVI_40864,18,2,309,335,27,False,preserved,247.0,247.0,True,1.0,preserved,251.0,251.0,True,1.0,preserved,250.0,250.0,True,1.0,DETRAC-test,test,test,,0.14,0.12,0.4027,0.2728,0,-1,-1,vehicle,PPP,3,False
MVI_40864,18,3,352,420,69,True,switched,247.0,472.0,False,0.1449,switched,251.0,463.0,False,0.1449,switched,250.0,464.0,False,0.1449,DETRAC-test,test,test,,0.38,0.32,1.0,0.8755,50,367,416,vehicle,SSS,0,False
MVI_40864,18,4,486,534,49,True,switched,472.0,599.0,False,0.2041,switched,463.0,588.0,False,0.2041,switched,464.0,587.0,False,0.2041,DETRAC-test,test,test,,0.27,0.22,1.0,0.8328,31,497,527,vehicle,SSS,0,False
MVI_40864,18,5,782,799,18,False,preserved,599.0,599.0,True,1.0,preserved,588.0,588.0,True,1.0,preserved,587.0,587.0,True,1.0,DETRAC-test,test,test,,0.09,0.08,0.2589,0.2116,0,-1,-1,vehicle,PPP,3,False
MVI_40864,19,1,107,166,60,True,switched,93.0,236.0,False,0.1833,switched,94.0,241.0,False,0.1833,switched,94.0,240.0,False,0.1833,DETRAC-test,test,test,,0.0,0.0,1.0,0.8269,38,121,158,vehicle,SSS,0,False
MVI_40864,19,2,295,315,21,False,preserved,236.0,236.0,True,1.0,preserved,241.0,241.0,True,1.0,preserved,240.0,240.0,True,1.0,DETRAC-test,test,test,,0.15,0.13,0.3093,0.2371,0,-1,-1,vehicle,PPP,3,False
MVI_40864,19,3,333,411,79,True,switched,236.0,448.0,False,0.2278,switched,241.0,439.0,False,0.2278,switched,240.0,440.0,False,0.2278,DETRAC-test,test,test,,0.58,0.52,1.0,0.8366,52,347,398,vehicle,SSS,0,False
MVI_40864,19,4,468,517,50,True,switched,448.0,507.0,False,0.14,switched,439.0,495.0,False,0.14,switched,440.0,495.0,False,0.14,DETRAC-test,test,test,,0.37,0.33,1.0,0.8334,33,480,512,vehicle,SSS,0,False
MVI_40864,20,1,84,151,68,True,switched,75.0,200.0,False,0.2059,switched,76.0,204.0,False,0.2059,switched,76.0,204.0,False,0.2059,DETRAC-test,test,test,,0.0,0.0,1.0,0.8173,41,102,142,vehicle,SSS,0,False
MVI_40864,20,2,268,288,21,False,preserved,200.0,200.0,True,1.0,preserved,204.0,204.0,True,1.0,preserved,204.0,204.0,True,1.0,DETRAC-test,test,test,,0.13,0.11,0.3637,0.306,0,-1,-1,vehicle,PPP,3,False
MVI_40864,20,3,307,395,89,True,switched,200.0,454.0,False,0.2247,switched,204.0,445.0,False,0.2247,switched,204.0,446.0,False,0.2247,DETRAC-test,test,test,,0.58,0.52,1.0,0.8311,59,327,385,vehicle,SSS,0,False
MVI_40864,20,4,448,506,59,True,switched,454.0,558.0,False,0.2373,switched,445.0,547.0,False,0.2373,switched,446.0,546.0,False,0.2373,DETRAC-test,test,test,,0.37,0.34,1.0,0.8054,34,464,497,vehicle,SSS,0,False
MVI_40864,20,5,1081,1101,21,False,preserved,558.0,558.0,True,1.0,preserved,547.0,547.0,True,1.0,preserved,546.0,546.0,True,1.0,DETRAC-test,test,test,,2.44,1.51,0.2166,0.1832,0,-1,-1,vehicle,PPP,3,False
MVI_40864,21,1,205,378,174,False,switched,159.0,391.0,False,0.6034,switched,163.0,392.0,False,0.6092,switched,163.0,392.0,False,0.6092,DETRAC-test,test,test,,0.73,0.58,0.803,0.4381,0,-1,-1,vehicle,SSS,0,False
MVI_40864,21,2,405,494,90,False,switched,391.0,527.0,False,0.5889,switched,392.0,515.0,False,0.5889,switched,392.0,515.0,False,0.5889,DETRAC-test,test,test,,0.38,0.3,0.7283,0.4586,0,-1,-1,vehicle,SSS,0,False
MVI_40864,21,3,711,741,31,False,preserved,527.0,527.0,True,1.0,preserved,515.0,515.0,True,1.0,preserved,515.0,515.0,True,1.0,DETRAC-test,test,test,,0.12,0.1,0.1846,0.1589,0,-1,-1,vehicle,PPP,3,False
MVI_40864,23,0,535,1203,669,False,switched,566.0,1244.0,False,0.1794,switched,555.0,1251.0,False,0.1794,switched,554.0,1242.0,False,0.1794,DETRAC-test,test,test,2.860197368421052,23.47,6.08,0.3184,0.2858,0,-1,-1,vehicle,SSS,0,False
MVI_40864,38,0,222,281,60,False,no_match_before,,,False,0.0,no_match_before,,,False,0.0,no_match_before,,,False,0.0,DETRAC-test,test,test,0.003525488327775106,105.32,104.95,0.3993,0.2833,0,-1,-1,vehicle,NNN,0,False
MVI_40864,39,1,317,1055,739,True,switched,374.0,1077.0,False,0.9459,switched,380.0,455.0,False,0.9472,switched,380.0,456.0,False,0.9445,DETRAC-test,test,test,0.02825386726050816,517.15,502.94,1.0,0.5313,34,366,524,vehicle,SSS,0,False
MVI_40864,39,2,1069,1139,71,False,preserved,1048.0,1048.0,False,1.0,preserved,1077.0,1077.0,False,1.0,preserved,1069.0,1069.0,False,1.0,DETRAC-test,test,test,,0.83,0.8,0.4174,0.2861,0,-1,-1,vehicle,PPP,3,False
MVI_40864,39,3,1164,1237,74,False,preserved,1048.0,1048.0,False,0.8378,preserved,1077.0,1077.0,False,0.8378,preserved,1069.0,1069.0,False,0.8514,DETRAC-test,test,test,,0.86,0.84,0.5706,0.3608,0,-1,-1,vehicle,PPP,3,False
MVI_40864,39,4,1261,1321,61,False,preserved,1048.0,1048.0,True,1.0,preserved,1077.0,1077.0,True,1.0,preserved,1069.0,1069.0,True,1.0,DETRAC-test,test,test,,0.71,0.69,0.3782,0.2626,0,-1,-1,vehicle,PPP,3,False
MVI_40864,39,5,1337,1461,125,True,switched,1048.0,1556.0,False,0.12,switched,1077.0,1590.0,False,0.12,switched,1069.0,1551.0,False,0.12,DETRAC-test,test,test,,1.47,1.43,1.0,0.7489,64,1375,1438,vehicle,SSS,0,False
MVI_40864,39,6,1466,1506,41,False,preserved,1556.0,1556.0,True,1.0,preserved,1590.0,1590.0,True,1.0,preserved,1551.0,1551.0,True,1.0,DETRAC-test,test,test,0.2378435517970401,11.71,9.46,0.3844,0.2668,0,-1,-1,vehicle,PPP,3,False
MVI_40864,40,1,1116,1179,64,False,preserved,467.0,467.0,False,0.875,preserved,458.0,458.0,False,0.875,preserved,459.0,459.0,False,0.875,DETRAC-test,test,test,,0.78,0.76,0.7168,0.4151,0,-1,-1,vehicle,PPP,3,False
MVI_40864,40,2,1210,1248,39,False,preserved,467.0,467.0,True,1.0,preserved,458.0,458.0,True,1.0,preserved,459.0,459.0,True,1.0,DETRAC-test,test,test,,0.47,0.46,0.4773,0.3426,0,-1,-1,vehicle,PPP,3,False
MVI_40864,40,3,1288,1464,177,True,switched,467.0,1513.0,False,0.3672,switched,458.0,1520.0,False,0.3672,switched,459.0,1509.0,False,0.3672,DETRAC-test,test,test,,2.19,2.13,1.0,0.6893,86,1319,1404,vehicle,SSS,0,False
MVI_40864,41,1,1172,1213,42,False,switched,586.0,1252.0,False,0.9762,preserved,575.0,575.0,True,1.0,preserved,574.0,574.0,True,1.0,DETRAC-test,test,test,,0.42,0.4,0.3349,0.2388,0,-1,-1,vehicle,SPP,2,True
MVI_40864,41,2,1239,1414,176,True,switched,1252.0,1449.0,False,0.3352,switched,575.0,1458.0,False,0.3352,switched,574.0,1448.0,False,0.3352,DETRAC-test,test,test,,1.8,1.7,1.0,0.7294,87,1274,1360,vehicle,SSS,0,False
MVI_40864,41,3,1468,1488,21,False,switched,1449.0,1611.0,False,1.0,switched,1458.0,1618.0,False,1.0,switched,1448.0,1607.0,False,1.0,DETRAC-test,test,test,,2.0,1.97,0.2439,0.2093,0,-1,-1,vehicle,SSS,0,False
MVI_40864,42,1,600,611,12,False,preserved,544.0,544.0,False,0.9167,preserved,532.0,532.0,False,0.9167,preserved,532.0,532.0,False,0.9167,DETRAC-test,test,test,0.0,109.89,109.89,0.1885,0.1645,0,-1,-1,vehicle,PPP,3,False
MVI_40864,43,1,594,653,60,False,switched,632.0,710.0,False,0.9333,switched,621.0,702.0,False,0.9333,switched,620.0,698.0,False,0.9333,DETRAC-test,test,test,0.00046420945130432045,538.8,538.55,0.7037,0.4042,0,-1,-1,vehicle,SSS,0,False
MVI_40864,44,1,623,683,61,False,switched,658.0,749.0,False,0.7869,switched,647.0,743.0,False,0.7869,switched,646.0,737.0,False,0.7869,DETRAC-test,test,test,0.0009472926376417057,528.32,527.82,0.7656,0.4624,0,-1,-1,vehicle,SSS,0,False
MVI_40864,45,1,707,711,5,False,preserved,689.0,689.0,True,1.0,preserved,678.0,678.0,True,1.0,preserved,677.0,677.0,True,1.0,DETRAC-test,test,test,0.0,41.84,41.84,0.2686,0.196,0,-1,-1,vehicle,PPP,3,False
MVI_40864,46,0,617,677,61,False,no_match_before,,,False,0.0,no_match_before,,,False,0.0,no_match_before,,,False,0.0,DETRAC-test,test,test,0.0020479812755997973,102.75,102.54,0.4817,0.3404,0,-1,-1,vehicle,NNN,0,False
MVI_40864,47,1,1133,1173,41,False,preserved,773.0,773.0,True,1.0,preserved,767.0,767.0,True,1.0,preserved,761.0,761.0,True,1.0,DETRAC-test,test,test,,0.53,0.51,0.2879,0.2386,0,-1,-1,vehicle,PPP,3,False
MVI_40864,47,2,1183,1368,186,True,switched,773.0,1419.0,False,0.3118,switched,767.0,1429.0,False,0.3118,switched,761.0,1419.0,False,0.3118,DETRAC-test,test,test,,2.43,2.37,1.0,0.7091,89,1226,1314,vehicle,SSS,0,False
MVI_40864,47,3,1418,1447,30,False,preserved,1419.0,1419.0,False,0.9667,preserved,1429.0,1429.0,False,0.9667,preserved,1419.0,1419.0,False,0.9667,DETRAC-test,test,test,,0.38,0.37,0.1348,0.1237,0,-1,-1,vehicle,PPP,3,False
MVI_40864,48,1,729,784,56,False,switched,785.0,847.0,False,0.5714,switched,779.0,838.0,False,0.5536,switched,773.0,832.0,False,0.5536,DETRAC-test,test,test,0.0003164321346138532,537.41,537.24,0.8223,0.482,0,-1,-1,vehicle,SSS,0,False
MVI_40864,49,1,1382,1412,31,False,preserved,1418.0,1418.0,False,0.871,preserved,1428.0,1428.0,False,0.871,preserved,1418.0,1418.0,False,0.871,DETRAC-test,test,test,,0.6,0.59,0.2204,0.1743,0,-1,-1,vehicle,PPP,3,False
MVI_40864,49,2,1440,1500,61,False,switched,1418.0,1637.0,False,0.5738,switched,1428.0,1645.0,False,0.5738,switched,1418.0,1634.0,False,0.5738,DETRAC-test,test,test,,5.47,4.51,0.3973,0.2975,0,-1,-1,vehicle,SSS,0,False
MVI_40864,50,1,1347,1357,11,False,no_match_before,,,False,0.0,no_match_before,,,False,0.0,no_match_before,,,False,0.0,DETRAC-test,test,test,,0.21,0.2,0.1353,0.1166,0,-1,-1,vehicle,NNN,0,False
MVI_40864,50,2,1402,1460,59,False,no_match_before,,,False,0.1695,no_match_before,,,False,0.1695,no_match_before,,,False,0.1695,DETRAC-test,test,test,,1.17,1.15,0.3736,0.2442,0,-1,-1,vehicle,NNN,0,False
MVI_40864,52,1,1013,1020,8,False,preserved,1019.0,1019.0,True,1.0,preserved,1013.0,1013.0,True,1.0,preserved,1005.0,1005.0,True,1.0,DETRAC-test,test,test,0.0,34.82,34.82,0.2048,0.1616,0,-1,-1,vehicle,PPP,3,False
MVI_40864,52,2,1069,1097,29,False,preserved,1019.0,1019.0,True,1.0,preserved,1013.0,1013.0,True,1.0,preserved,1005.0,1005.0,True,1.0,DETRAC-test,test,test,0.000622703779811884,160.69,160.59,0.3579,0.2767,0,-1,-1,vehicle,PPP,3,False
MVI_40864,62,1,91,161,71,True,switched,60.0,219.0,False,0.1127,switched,60.0,232.0,False,0.0986,switched,60.0,231.0,False,0.0986,DETRAC-test,test,test,0.009244992295839749,39.3,38.94,1.0,0.8921,55,104,158,vehicle,SSS,0,False
MVI_40864,62,2,307,311,5,False,preserved,232.0,232.0,True,1.0,preserved,232.0,232.0,True,1.0,preserved,231.0,231.0,True,1.0,DETRAC-test,test,test,,0.02,0.02,0.3437,0.2421,0,-1,-1,vehicle,PPP,3,False
MVI_40864,62,3,607,621,15,True,preserved,232.0,232.0,False,0.0,preserved,232.0,232.0,False,0.0,preserved,231.0,231.0,False,0.0,DETRAC-test,test,test,,0.07,0.07,1.0,0.8605,11,611,621,vehicle,PPP,3,False
MVI_40864,63,1,54,1140,1087,True,switched,13.0,619.0,False,0.8988,switched,13.0,208.0,False,0.8997,switched,13.0,208.0,False,0.8997,DETRAC-test,test,test,0.07401776806499116,226.07,210.49,1.0,0.3598,79,74,613,background,SSS,0,False
MVI_40864,64,1,280,296,17,False,preserved,139.0,139.0,False,0.8824,preserved,143.0,143.0,False,0.8824,preserved,143.0,143.0,False,0.8824,DETRAC-test,test,test,,0.11,0.1,0.372,0.2653,0,-1,-1,vehicle,PPP,3,False
MVI_40864,64,2,579,598,20,True,switched,139.0,666.0,False,0.3,switched,143.0,655.0,False,0.3,switched,143.0,654.0,False,0.3,DETRAC-test,test,test,,0.14,0.12,1.0,0.7446,10,589,598,vehicle,SSS,0,False
MVI_40864,64,3,1172,1239,68,False,switched,666.0,1218.0,False,0.75,switched,655.0,1225.0,False,0.7353,switched,654.0,1214.0,False,0.75,DETRAC-test,test,test,0.0007138891092250965,126.16,126.07,0.3934,0.3201,0,-1,-1,background,SSS,0,False
MVI_40864,65,1,265,272,8,False,preserved,90.0,90.0,True,1.0,preserved,91.0,91.0,True,1.0,preserved,91.0,91.0,True,1.0,DETRAC-test,test,test,,0.04,0.04,0.3037,0.2155,0,-1,-1,vehicle,PPP,3,False
MVI_40864,65,2,563,592,30,True,switched,90.0,651.0,False,0.2,switched,91.0,640.0,False,0.2,switched,91.0,639.0,False,0.2,DETRAC-test,test,test,,0.17,0.15,1.0,0.704,12,573,584,vehicle,SSS,0,False
MVI_40864,65,3,1268,1304,37,False,switched,651.0,1351.0,False,1.0,switched,640.0,1360.0,False,1.0,switched,639.0,1350.0,False,1.0,DETRAC-test,test,test,0.000409802475206833,122.06,122.01,0.3836,0.3151,0,-1,-1,background,SSS,0,False
MVI_40864,66,1,529,572,44,False,no_match_before,,,False,0.0,no_match_before,,,False,0.0,no_match_before,,,False,0.0,DETRAC-test,test,test,,0.11,0.04,0.456,0.3083,0,-1,-1,vehicle,NNN,0,False
MVI_40864,66,2,1340,1412,73,False,switched,1411.0,1452.0,False,0.726,switched,1421.0,1461.0,False,0.726,switched,1411.0,1451.0,False,0.726,DETRAC-test,test,test,0.000285184657065507,210.45,210.39,0.2387,0.1647,0,-1,-1,background,SSS,0,False
MVI_40864,70,1,192,859,668,True,lost_after,165.0,,False,0.2665,lost_after,169.0,,False,0.2665,lost_after,169.0,,False,0.2665,DETRAC-test,test,test,0.11424586998498176,103.87,93.22,1.0,0.4893,12,585,596,vehicle,LLL,0,False
MVI_40864,71,1,187,1210,1024,False,switched,207.0,1204.0,False,0.0752,switched,211.0,1206.0,False,0.084,switched,211.0,1198.0,False,0.084,DETRAC-test,test,test,0.05362120521007552,415.78,394.62,0.8482,0.484,0,-1,-1,vehicle,SSS,0,False
MVI_40864,72,1,201,1300,1100,True,no_match_before,,,False,0.0873,no_match_before,,,False,0.0873,no_match_before,,,False,0.0873,DETRAC-test,test,test,0.01238976434870609,700.27,691.7,1.0,0.7363,568,438,1005,vehicle,NNN,0,False
MVI_40864,73,0,181,201,21,False,no_match_before,,,False,0.0,no_match_before,,,False,0.0,no_match_before,,,False,0.0,DETRAC-test,test,test,0.052631578947368585,10.8,10.26,0.2251,0.1893,0,-1,-1,vehicle,NNN,0,False
MVI_40864,73,1,506,544,39,True,switched,287.0,617.0,False,0.3846,switched,291.0,606.0,False,0.3846,switched,291.0,605.0,False,0.3846,DETRAC-test,test,test,,0.81,0.81,1.0,0.7206,16,521,536,vehicle,SSS,0,False
MVI_40864,73,2,1451,1477,27,False,switched,617.0,1573.0,False,1.0,switched,606.0,1580.0,False,1.0,switched,605.0,1569.0,False,1.0,DETRAC-test,test,test,0.0002921627346430533,136.95,136.91,0.4307,0.3166,0,-1,-1,background,SSS,0,False
MVI_40864,74,0,271,321,51,False,no_match_before,,,False,0.0,no_match_before,,,False,0.0,no_match_before,,,False,0.0,DETRAC-test,test,test,0.012537313432835928,33.92,33.5,0.2587,0.1859,0,-1,-1,vehicle,NNN,0,False
MVI_40864,74,1,380,1346,967,True,no_match_before,,,False,0.0124,no_match_before,,,False,0.0124,no_match_before,,,False,0.0124,DETRAC-test,test,test,0.02889551250207001,621.35,603.9,1.0,0.6206,35,1104,1138,vehicle,NNN,0,False
MVI_40864,75,0,479,527,49,True,switched,399.0,584.0,False,0.3673,switched,395.0,573.0,False,0.3673,switched,395.0,572.0,False,0.3673,DETRAC-test,test,test,,1.8,1.8,1.0,0.7049,20,496,515,vehicle,SSS,0,False
MVI_40864,75,1,1393,1433,41,False,preserved,584.0,584.0,True,1.0,preserved,573.0,573.0,True,1.0,preserved,572.0,572.0,True,1.0,DETRAC-test,test,test,0.0027841052898001095,79.24,79.02,0.2242,0.1747,0,-1,-1,vehicle,PPP,3,False
MVI_40864,76,0,431,1413,983,False,no_match_before,,,False,0.0163,no_match_before,,,False,0.0163,no_match_before,,,False,0.0163,DETRAC-test,test,test,0.01090179661608226,463.64,458.64,0.7536,0.4791,0,-1,-1,vehicle,NNN,0,False
MVI_40864,76,1,1424,1439,16,False,preserved,1473.0,1473.0,True,1.0,preserved,1481.0,1481.0,True,1.0,preserved,1470.0,1470.0,True,1.0,DETRAC-test,test,test,9.855129594948941e-05,101.48,101.47,0.469,0.3611,0,-1,-1,background,PPP,3,False
MVI_40864,77,0,451,508,58,True,no_match_before,,,False,0.0,no_match_before,,,False,0.0,no_match_before,,,False,0.0,DETRAC-test,test,test,0.0,16.18,16.18,1.0,0.8072,29,467,495,vehicle,NNN,0,False
MVI_40891,1,0,51,59,9,False,lost_after,18.0,,False,0.0,lost_after,18.0,,False,0.0,lost_after,18.0,,False,0.0,DETRAC-test,test,test,,0.0,0.0,0.3925,0.2731,0,-1,-1,vehicle,LLL,0,False
MVI_40891,1,1,131,139,9,False,no_match_before,,,False,0.0,no_match_before,,,False,0.0,no_match_before,,,False,0.0,DETRAC-test,test,test,,0.0,0.0,0.3258,0.2562,0,-1,-1,vehicle,NNN,0,False
MVI_40891,1,2,235,253,19,False,lost_after,205.0,,False,0.0,lost_after,213.0,,False,0.0,lost_after,213.0,,False,0.0,DETRAC-test,test,test,,0.0,0.0,0.3905,0.2761,0,-1,-1,vehicle,LLL,0,False
MVI_40891,1,3,426,454,29,False,switched,388.0,452.0,False,0.0,switched,382.0,435.0,False,0.0,switched,382.0,434.0,False,0.0,DETRAC-test,test,test,,0.0,0.0,0.5671,0.3641,0,-1,-1,vehicle,SSS,0,False
MVI_40891,1,4,502,561,60,True,switched,452.0,556.0,False,0.0333,switched,435.0,540.0,False,0.0333,switched,434.0,539.0,False,0.0333,DETRAC-test,test,test,0.0,10.68,10.68,1.0,0.812,38,515,552,vehicle,SSS,0,False
MVI_40891,1,5,589,597,9,False,lost_after,556.0,,False,0.0,lost_after,540.0,,False,0.0,lost_after,539.0,,False,0.0,DETRAC-test,test,test,0.0036101083032489267,11.12,11.08,0.3053,0.2553,0,-1,-1,vehicle,LLL,0,False
MVI_40891,3,0,70,78,9,False,no_match_before,,,False,0.0,no_match_before,,,False,0.0,no_match_before,,,False,0.0,DETRAC-test,test,test,,0.0,0.0,0.3072,0.2208,0,-1,-1,vehicle,NNN,0,False
MVI_40891,3,1,149,157,9,False,no_match_before,,,False,0.0,no_match_before,,,False,0.0,no_match_before,,,False,0.0,DETRAC-test,test,test,,0.0,0.0,0.2463,0.1943,0,-1,-1,vehicle,NNN,0,False
MVI_40891,3,2,255,263,9,False,no_match_before,,,False,0.0,no_match_before,,,False,0.0,no_match_before,,,False,0.0,DETRAC-test,test,test,,0.0,0.0,0.2659,0.1953,0,-1,-1,vehicle,NNN,0,False
MVI_40891,3,3,453,470,18,False,no_match_before,,,False,0.0,no_match_before,,,False,0.0,no_match_before,,,False,0.0,DETRAC-test,test,test,,0.0,0.0,0.3987,0.3018,0,-1,-1,vehicle,NNN,0,False
MVI_40891,3,4,527,575,49,True,no_match_before,,,False,0.0,no_match_before,,,False,0.0,no_match_before,,,False,0.0,DETRAC-test,test,test,0.0,13.29,13.29,1.0,0.8234,29,544,572,vehicle,NNN,0,False
MVI_40891,3,5,609,616,8,False,preserved,581.0,581.0,False,0.75,preserved,565.0,565.0,False,0.75,switched,565.0,609.0,False,0.75,DETRAC-test,test,test,0.0,7.17,7.17,0.3011,0.2096,0,-1,-1,vehicle,PPS,2,True
MVI_40891,5,1,721,730,10,False,lost_after,609.0,,False,0.3,lost_after,594.0,,False,0.3,lost_after,594.0,,False,0.3,DETRAC-test,test,test,0.003239241092086953,21.68,21.61,0.4961,0.3608,0,-1,-1,vehicle,LLL,0,False
MVI_40891,7,0,101,109,9,False,preserved,8.0,8.0,False,0.3333,preserved,8.0,8.0,False,0.3333,preserved,8.0,8.0,False,0.3333,DETRAC-test,test,test,,0.0,0.0,0.2453,0.2043,0,-1,-1,vehicle,PPP,3,False
MVI_40891,7,1,492,501,10,False,preserved,206.0,206.0,False,0.1,preserved,214.0,214.0,False,0.1,preserved,214.0,214.0,False,0.1,DETRAC-test,test,test,,0.0,0.0,0.3741,0.2649,0,-1,-1,vehicle,PPP,3,False
MVI_40891,7,2,569,618,50,True,switched,206.0,624.0,False,0.06,switched,214.0,609.0,False,0.06,switched,214.0,610.0,False,0.04,DETRAC-test,test,test,,0.0,0.0,1.0,0.8376,32,582,613,vehicle,SSS,0,False
MVI_40891,7,3,741,749,9,False,switched,616.0,771.0,False,0.0,switched,627.0,756.0,False,0.0,switched,628.0,756.0,False,0.0,DETRAC-test,test,test,0.009263773768893202,20.7,20.51,0.4897,0.3546,0,-1,-1,vehicle,SSS,0,False
MVI_40891,7,4,780,789,10,False,lost_after,771.0,,False,0.0,lost_after,756.0,,False,0.0,lost_after,756.0,,False,0.0,DETRAC-test,test,test,0.002481389578163906,20.2,20.15,0.2904,0.2457,0,-1,-1,vehicle,LLL,0,False
MVI_40891,8,1,676,786,111,False,lost_after,636.0,,False,0.0,lost_after,622.0,,False,0.0,lost_after,623.0,,False,0.0,DETRAC-test,test,test,0.013305278792004493,163.74,161.59,0.7492,0.3781,0,-1,-1,vehicle,LLL,0,False
MVI_40891,9,0,599,648,50,True,switched,10.0,652.0,False,0.04,switched,10.0,639.0,False,0.04,switched,10.0,640.0,False,0.04,DETRAC-test,test,test,0.08951762523191098,23.49,21.56,1.0,0.7851,29,611,639,vehicle,SSS,0,False
MVI_40891,9,1,763,772,10,False,lost_after,734.0,,False,0.5,lost_after,719.0,,False,0.5,lost_after,719.0,,False,0.5,DETRAC-test,test,test,0.0006811989100816707,29.38,29.36,0.574,0.4201,0,-1,-1,vehicle,LLL,0,False
MVI_40891,9,2,801,810,10,False,no_match_before,,,False,0.0,no_match_before,,,False,0.0,no_match_before,,,False,0.0,DETRAC-test,test,test,0.0016006402561026256,25.03,24.99,0.3481,0.262,0,-1,-1,vehicle,NNN,0,False
MVI_40891,13,1,97,175,79,False,preserved,3.0,3.0,True,1.0,preserved,3.0,3.0,True,1.0,preserved,3.0,3.0,True,1.0,DETRAC-test,test,test,,0.0,0.0,0.4298,0.3113,0,-1,-1,vehicle,PPP,3,False
MVI_40891,13,2,186,291,106,False,preserved,3.0,3.0,False,0.9906,preserved,3.0,3.0,False,0.9906,preserved,3.0,3.0,False,0.9906,DETRAC-test,test,test,,0.0,0.0,0.5254,0.3496,0,-1,-1,vehicle,PPP,3,False
MVI_40891,13,3,322,379,58,False,preserved,3.0,3.0,True,1.0,preserved,3.0,3.0,True,1.0,preserved,3.0,3.0,True,1.0,DETRAC-test,test,test,0.6869300911854104,16.65,9.87,0.463,0.3193,0,-1,-1,vehicle,PPP,3,False
MVI_40891,14,0,2,10,9,False,preserved,2.0,2.0,True,1.0,preserved,2.0,2.0,True,1.0,preserved,2.0,2.0,True,1.0,DETRAC-test,test,test,0.06321839080459757,16.65,15.66,0.1444,0.1247,0,-1,-1,vehicle,PPP,3,False
MVI_40891,15,0,57,269,213,False,preserved,1.0,1.0,True,1.0,preserved,1.0,1.0,True,1.0,preserved,1.0,1.0,True,1.0,DETRAC-test,test,test,0.005666835907430556,614.03,610.57,0.4315,0.2824,0,-1,-1,vehicle,PPP,3,False
MVI_40891,20,0,519,545,27,False,preserved,5.0,5.0,True,1.0,preserved,5.0,5.0,True,1.0,preserved,5.0,5.0,True,1.0,DETRAC-test,test,test,0.036126902622409585,56.5,54.53,0.3169,0.2681,0,-1,-1,vehicle,PPP,3,False
MVI_40891,24,1,549,561,13,False,no_match_before,,,False,0.1538,no_match_before,,,False,0.1538,no_match_before,,,False,0.1538,DETRAC-test,test,test,,3.77,3.77,0.1382,0.1301,0,-1,-1,vehicle,NNN,0,False
MVI_40891,24,2,901,960,60,False,preserved,559.0,559.0,True,1.0,preserved,543.0,543.0,True,1.0,preserved,542.0,542.0,True,1.0,DETRAC-test,test,test,,8.53,2.72,0.2114,0.1313,0,-1,-1,vehicle,PPP,3,False
MVI_40891,24,3,964,975,12,False,preserved,559.0,559.0,True,1.0,preserved,543.0,543.0,True,1.0,preserved,542.0,542.0,True,1.0,DETRAC-test,test,test,,0.0,0.0,0.1111,0.1047,0,-1,-1,vehicle,PPP,3,False
MVI_40891,24,4,979,981,3,False,preserved,559.0,559.0,True,1.0,preserved,543.0,543.0,True,1.0,preserved,542.0,542.0,True,1.0,DETRAC-test,test,test,,0.0,0.0,0.1008,0.1004,0,-1,-1,vehicle,PPP,3,False
MVI_40891,24,5,989,996,8,False,preserved,559.0,559.0,True,1.0,preserved,543.0,543.0,True,1.0,preserved,542.0,542.0,True,1.0,DETRAC-test,test,test,,0.0,0.0,0.1132,0.1066,0,-1,-1,vehicle,PPP,3,False
MVI_40891,24,6,1020,1040,21,False,preserved,559.0,559.0,True,1.0,preserved,543.0,543.0,True,1.0,preserved,542.0,542.0,True,1.0,DETRAC-test,test,test,,4.07,0.44,0.1237,0.1125,0,-1,-1,vehicle,PPP,3,False
MVI_40891,24,7,1127,1176,50,False,preserved,559.0,559.0,True,1.0,preserved,543.0,543.0,True,1.0,preserved,542.0,542.0,True,1.0,DETRAC-test,test,test,1.1904761904761907,14.26,6.51,0.156,0.126,0,-1,-1,vehicle,PPP,3,False
MVI_40891,24,8,1397,1440,44,False,switched,559.0,1295.0,False,0.6591,switched,543.0,1292.0,False,0.6591,switched,542.0,1289.0,False,0.6591,DETRAC-test,test,test,0.030019319363947083,69.31,67.29,0.6267,0.4324,0,-1,-1,vehicle,SSS,0,False
MVI_40891,25,1,648,654,7,False,no_match_before,,,False,0.0,no_match_before,,,False,0.0,no_match_before,,,False,0.0,DETRAC-test,test,test,,3.27,1.87,0.1182,0.1097,0,-1,-1,vehicle,NNN,0,False
MVI_40891,25,2,658,680,23,False,no_match_before,,,False,0.4348,no_match_before,,,False,0.4348,no_match_before,,,False,0.4348,DETRAC-test,test,test,0.04411764705882337,8.52,8.16,0.1413,0.1226,0,-1,-1,vehicle,NNN,0,False
MVI_40891,25,3,827,889,63,False,preserved,672.0,672.0,False,0.9841,preserved,658.0,658.0,False,0.9841,preserved,659.0,659.0,False,0.9841,DETRAC-test,test,test,,21.7,4.38,0.1556,0.1215,0,-1,-1,vehicle,PPP,3,False
MVI_40891,25,4,893,1029,137,False,preserved,672.0,672.0,False,0.927,preserved,658.0,658.0,False,0.927,preserved,659.0,659.0,False,0.927,DETRAC-test,test,test,3.6449136276391556,24.2,5.21,0.15,0.1233,0,-1,-1,vehicle,PPP,3,False
MVI_40891,25,5,1037,1183,147,False,preserved,672.0,672.0,False,0.966,preserved,658.0,658.0,False,0.966,preserved,659.0,659.0,False,0.966,DETRAC-test,test,test,2.2612456747404845,18.85,5.78,0.157,0.1343,0,-1,-1,vehicle,PPP,3,False
MVI_40891,43,0,811,812,2,False,preserved,788.0,788.0,False,0.5,preserved,773.0,773.0,False,0.5,preserved,773.0,773.0,False,0.5,DETRAC-test,test,test,,4.63,4.63,0.1534,0.1335,0,-1,-1,vehicle,PPP,3,False
MVI_40891,46,0,868,942,75,False,lost_after,760.0,,False,0.1733,lost_after,745.0,,False,0.1733,lost_after,745.0,,False,0.1733,DETRAC-test,test,test,0.0062710792580100705,190.95,189.76,0.7149,0.4519,0,-1,-1,vehicle,LLL,0,False
MVI_40891,51,0,925,1273,349,False,preserved,885.0,885.0,False,0.4355,switched,867.0,924.0,False,0.4298,switched,868.0,925.0,False,0.4327,DETRAC-test,test,test,1.0658372213582168,39.85,19.29,0.2824,0.2206,0,-1,-1,vehicle,PSS,1,True
MVI_40891,51,1,1278,1319,42,False,preserved,885.0,885.0,False,0.881,preserved,924.0,924.0,False,0.881,preserved,925.0,925.0,False,0.881,DETRAC-test,test,test,0.958108108108108,14.49,7.4,0.1575,0.1226,0,-1,-1,vehicle,PPP,3,False
MVI_40891,57,0,1130,1132,3,False,no_match_before,,,False,0.0,no_match_before,,,False,0.0,no_match_before,,,False,0.0,DETRAC-test,test,test,,0.44,0.0,0.1031,0.1012,0,-1,-1,vehicle,NNN,0,False
MVI_40891,57,1,1154,1264,111,False,no_match_before,,,False,0.0,no_match_before,,,False,0.0,no_match_before,,,False,0.0,DETRAC-test,test,test,,0.88,0.88,0.125,0.1162,0,-1,-1,vehicle,NNN,0,False
MVI_40891,57,2,1471,1509,39,False,preserved,1261.0,1261.0,False,0.9744,preserved,1258.0,1258.0,False,0.9744,preserved,1256.0,1256.0,False,0.9744,DETRAC-test,test,test,0.2960444993819529,20.97,16.18,0.1542,0.125,0,-1,-1,vehicle,PPP,3,False
MVI_40891,57,3,1514,1532,19,False,preserved,1261.0,1261.0,True,1.0,preserved,1258.0,1258.0,True,1.0,preserved,1256.0,1256.0,True,1.0,DETRAC-test,test,test,0.20299727520435962,8.83,7.34,0.107,0.1041,0,-1,-1,vehicle,PPP,3,False
MVI_40892,5,0,278,442,165,False,preserved,6.0,6.0,True,1.0,preserved,6.0,6.0,True,1.0,preserved,6.0,6.0,True,1.0,DETRAC-test,test,test,1.8394296342219465,45.8,16.13,0.1529,0.1298,0,-1,-1,vehicle,PPP,3,False
MVI_40892,12,0,108,189,82,False,no_match_before,,,False,0.0,no_match_before,,,False,0.0,no_match_before,,,False,0.0,DETRAC-test,test,test,0.00764699218307463,177.89,176.54,0.1659,0.1361,0,-1,-1,vehicle,NNN,0,False
MVI_40892,14,0,225,238,14,False,no_match_before,,,False,0.0,no_match_before,,,False,0.0,no_match_before,,,False,0.0,DETRAC-test,test,test,,2.96,1.06,0.2006,0.1691,0,-1,-1,vehicle,NNN,0,False
MVI_40892,14,1,367,379,13,False,no_match_before,,,False,0.0,no_match_before,,,False,0.0,no_match_before,,,False,0.0,DETRAC-test,test,test,,1.19,0.54,0.2634,0.1954,0,-1,-1,vehicle,NNN,0,False
MVI_40892,14,2,396,446,51,True,no_match_before,,,False,0.0,no_match_before,,,False,0.0,no_match_before,,,False,0.0,DETRAC-test,test,test,,6.16,2.51,1.0,0.6108,16,413,428,vehicle,NNN,0,False
MVI_40892,14,3,589,613,25,False,no_match_before,,,False,0.0,no_match_before,,,False,0.0,no_match_before,,,False,0.0,DETRAC-test,test,test,,0.23,0.23,0.2626,0.2019,0,-1,-1,vehicle,NNN,0,False
MVI_40892,14,4,666,673,8,False,no_match_before,,,False,0.0,no_match_before,,,False,0.0,no_match_before,,,False,0.0,DETRAC-test,test,test,,0.07,0.07,0.1221,0.1184,0,-1,-1,vehicle,NNN,0,False
MVI_40892,14,5,728,735,8,False,no_match_before,,,False,0.0,no_match_before,,,False,0.0,no_match_before,,,False,0.0,DETRAC-test,test,test,,0.07,0.07,0.18,0.1572,0,-1,-1,vehicle,NNN,0,False
MVI_40892,14,6,871,891,21,False,no_match_before,,,False,0.0,no_match_before,,,False,0.0,no_match_before,,,False,0.0,DETRAC-test,test,test,,0.2,0.19,0.3001,0.2297,0,-1,-1,vehicle,NNN,0,False
MVI_40892,14,7,934,958,25,False,no_match_before,,,False,0.0,no_match_before,,,False,0.0,no_match_before,,,False,0.0,DETRAC-test,test,test,,0.24,0.23,0.2817,0.2135,0,-1,-1,vehicle,NNN,0,False
MVI_40892,14,8,1072,1094,23,False,no_match_before,,,False,0.0,no_match_before,,,False,0.0,no_match_before,,,False,0.0,DETRAC-test,test,test,,0.22,0.21,0.345,0.2501,0,-1,-1,vehicle,NNN,0,False
MVI_40892,14,9,1128,1178,51,True,no_match_before,,,False,0.0,no_match_before,,,False,0.0,no_match_before,,,False,0.0,DETRAC-test,test,test,,0.49,0.47,1.0,0.8124,33,1136,1168,vehicle,NNN,0,False
MVI_40892,14,10,1210,1219,10,False,no_match_before,,,False,0.0,no_match_before,,,False,0.0,no_match_before,,,False,0.0,DETRAC-test,test,test,,3.14,3.09,0.1883,0.1625,0,-1,-1,vehicle,NNN,0,False
MVI_40892,15,0,208,271,64,False,switched,139.0,269.0,False,0.375,switched,139.0,247.0,False,0.3906,switched,139.0,268.0,False,0.375,DETRAC-test,test,test,0.0021538314267937064,209.38,208.93,0.6778,0.3921,0,-1,-1,vehicle,SSS,0,False
MVI_40892,22,1,1117,1163,47,True,switched,1096.0,1181.0,False,0.0,switched,1087.0,1171.0,False,0.0,switched,1094.0,1178.0,False,0.0,DETRAC-test,test,test,,0.46,0.44,1.0,0.8029,28,1127,1154,vehicle,SSS,0,False
MVI_40892,22,2,1232,1301,70,False,switched,1181.0,1300.0,False,0.2571,switched,1174.0,1291.0,False,0.2571,switched,1178.0,1301.0,False,0.2571,DETRAC-test,test,test,0.027603513174403904,16.38,15.94,0.282,0.2191,0,-1,-1,vehicle,SSS,0,False
MVI_40892,25,0,236,277,42,True,no_match_before,,,False,0.9048,no_match_before,,,False,0.9048,no_match_before,,,False,0.9048,DETRAC-test,test,test,0.0053193771180986005,234.35,233.11,1.0,0.4697,3,236,238,vehicle,NNN,0,False
MVI_40892,29,1,1548,1586,39,False,preserved,1372.0,1372.0,False,0.9231,preserved,1364.0,1364.0,False,0.9231,preserved,1372.0,1372.0,False,0.9231,DETRAC-test,test,test,0.001056896248018413,340.98,340.62,0.4701,0.4372,0,-1,-1,vehicle,PPP,3,False
MVI_40892,33,0,351,1226,876,True,no_match_before,,,False,0.0,no_match_before,,,False,0.0,no_match_before,,,False,0.0,DETRAC-test,test,test,0.8776779543883899,27.17,14.47,1.0,0.2551,32,1146,1177,vehicle,NNN,0,False
MVI_40892,33,1,1441,1477,37,False,preserved,1354.0,1354.0,True,1.0,preserved,1346.0,1346.0,True,1.0,preserved,1354.0,1354.0,True,1.0,DETRAC-test,test,test,0.011731300904131992,135.4,133.83,0.431,0.3115,0,-1,-1,vehicle,PPP,3,False
MVI_40892,36,0,464,553,90,False,lost_after,381.0,,False,0.0333,lost_after,378.0,,False,0.0333,lost_after,381.0,,False,0.0333,DETRAC-test,test,test,0.0018178719536441346,176.35,176.03,0.5522,0.3309,0,-1,-1,vehicle,LLL,0,False
MVI_40892,38,1,1560,1595,36,False,preserved,1445.0,1445.0,True,1.0,preserved,1439.0,1439.0,True,1.0,preserved,1447.0,1447.0,True,1.0,DETRAC-test,test,test,0.011914690813773277,84.93,83.93,0.4201,0.3042,0,-1,-1,vehicle,PPP,3,False
MVI_40892,40,0,426,427,2,False,preserved,384.0,384.0,True,1.0,preserved,381.0,381.0,True,1.0,preserved,384.0,384.0,True,1.0,DETRAC-test,test,test,0.0,7.32,7.32,0.1195,0.1133,0,-1,-1,vehicle,PPP,3,False
MVI_40892,48,0,567,627,61,False,lost_after,480.0,,False,0.0656,lost_after,478.0,,False,0.0656,lost_after,481.0,,False,0.0656,DETRAC-test,test,test,0.00028333962976945237,105.91,105.88,0.4693,0.3419,0,-1,-1,vehicle,LLL,0,False
MVI_40892,53,0,619,705,87,False,lost_after,529.0,,False,0.1724,lost_after,535.0,,False,0.1609,lost_after,538.0,,False,0.1609,DETRAC-test,test,test,0.0009701337398655419,144.45,144.31,0.5337,0.3206,0,-1,-1,vehicle,LLL,0,False
MVI_40892,56,1,920,1285,366,True,no_match_before,,,False,0.0,no_match_before,,,False,0.0,no_match_before,,,False,0.0,DETRAC-test,test,test,,5.02,4.99,1.0,0.2227,15,1133,1147,vehicle,NNN,0,False
MVI_40892,57,0,727,785,59,False,lost_after,572.0,,False,0.0678,lost_after,579.0,,False,0.0678,lost_after,580.0,,False,0.0678,DETRAC-test,test,test,0.0009384164222874247,85.33,85.25,0.684,0.4312,0,-1,-1,vehicle,LLL,0,False
MVI_40892,59,0,657,709,53,False,preserved,609.0,609.0,False,0.9811,preserved,615.0,615.0,False,0.9811,preserved,616.0,616.0,False,0.9811,DETRAC-test,test,test,0.00023862077193825826,167.67,167.63,0.1695,0.1475,0,-1,-1,vehicle,PPP,3,False
MVI_40892,59,1,725,742,18,False,switched,609.0,750.0,False,0.2778,switched,615.0,752.0,False,0.2778,switched,616.0,753.0,False,0.2778,DETRAC-test,test,test,0.00035650623885907784,28.06,28.05,0.2372,0.1997,0,-1,-1,vehicle,SSS,0,False
MVI_40892,65,0,816,823,8,False,lost_after,679.0,,False,0.0,lost_after,682.0,,False,0.0,lost_after,683.0,,False,0.0,DETRAC-test,test,test,0.0,11.81,11.81,0.1073,0.1038,0,-1,-1,vehicle,LLL,0,False
MVI_40892,69,0,759,954,196,True,lost_after,748.0,,False,0.0612,lost_after,750.0,,False,0.0612,lost_after,751.0,,False,0.0612,DETRAC-test,test,test,0.014867132321379817,520.16,512.54,1.0,0.8381,125,803,930,vehicle,LLL,0,False
MVI_40892,70,0,757,792,36,False,no_match_before,,,False,0.0,no_match_before,,,False,0.0,no_match_before,,,False,0.0,DETRAC-test,test,test,0.002466325175488615,52.84,52.71,0.5626,0.3536,0,-1,-1,vehicle,NNN,0,False
MVI_40892,72,0,776,826,51,False,switched,783.0,799.0,False,0.9412,switched,785.0,800.0,False,0.9412,switched,786.0,801.0,False,0.9412,DETRAC-test,test,test,0.0003610108303249149,277.1,277.0,0.3524,0.3034,0,-1,-1,vehicle,SSS,0,False
MVI_40892,72,1,836,886,51,True,lost_after,799.0,,False,0.2549,lost_after,800.0,,False,0.2549,lost_after,801.0,,False,0.2549,DETRAC-test,test,test,7.966857871255506e-05,125.53,125.52,1.0,0.7217,20,836,855,vehicle,LLL,0,False
MVI_40892,73,1,789,829,41,False,no_match_before,,,False,0.0,no_match_before,,,False,0.0,no_match_before,,,False,0.0,DETRAC-test,test,test,0.0035769034236075026,39.28,39.14,0.6042,0.4662,0,-1,-1,vehicle,NNN,0,False
MVI_40892,73,2,1104,1145,42,True,switched,1029.0,1172.0,False,0.0,switched,1021.0,1163.0,False,0.0,switched,1026.0,1170.0,False,0.0,DETRAC-test,test,test,,0.81,0.81,1.0,0.706,15,1124,1138,vehicle,SSS,0,False
MVI_40892,76,0,1034,1075,42,False,no_match_before,,,False,0.0,no_match_before,,,False,0.0,no_match_before,,,False,0.0,DETRAC-test,test,test,0.0007320644216690653,27.34,27.32,0.42,0.2954,0,-1,-1,vehicle,NNN,0,False
MVI_40892,78,0,844,897,54,False,no_match_before,,,False,0.0,no_match_before,,,False,0.0,no_match_before,,,False,0.0,DETRAC-test,test,test,0.0011346873936231017,88.23,88.13,0.5002,0.3523,0,-1,-1,vehicle,NNN,0,False
MVI_40892,79,0,992,1034,43,False,switched,887.0,1055.0,False,0.0,switched,882.0,1047.0,False,0.0,switched,887.0,1052.0,False,0.0,DETRAC-test,test,test,0.0013166556945358732,45.63,45.57,0.5098,0.3492,0,-1,-1,vehicle,SSS,0,False
MVI_40892,81,0,986,1383,398,False,no_match_before,,,False,0.0,no_match_before,,,False,0.0,no_match_before,,,False,0.0,DETRAC-test,test,test,0.012356199403493973,23.76,23.47,0.6983,0.4567,0,-1,-1,vehicle,NNN,0,False
MVI_40892,85,0,969,1117,149,False,no_match_before,,,False,0.6107,no_match_before,,,False,0.6174,no_match_before,,,False,0.6174,DETRAC-test,test,test,0.0028954988154776817,533.4,531.86,0.3182,0.239,0,-1,-1,vehicle,NNN,0,False
MVI_40892,87,0,1063,1193,131,True,lost_after,1036.0,,False,0.3969,lost_after,1028.0,,False,0.3969,lost_after,1033.0,,False,0.3969,DETRAC-test,test,test,0.0008617965585591136,348.41,348.11,1.0,0.7808,74,1095,1168,vehicle,LLL,0,False
MVI_40892,93,1,1233,1256,24,False,preserved,1216.0,1216.0,False,0.625,preserved,1207.0,1207.0,False,0.7083,preserved,1214.0,1214.0,False,0.7083,DETRAC-test,test,test,0.0004466778336125188,89.59,89.55,0.6482,0.4445,0,-1,-1,vehicle,PPP,3,False
MVI_40892,95,0,1161,1205,45,False,no_match_before,,,False,0.0,no_match_before,,,False,0.0,no_match_before,,,False,0.0,DETRAC-test,test,test,0.0010826771653542622,101.71,101.6,0.7624,0.5028,0,-1,-1,vehicle,NNN,0,False
MVI_40892,96,0,1391,1415,25,False,lost_after,1113.0,,False,0.24,lost_after,1105.0,,False,0.24,lost_after,1278.0,,False,0.24,DETRAC-test,test,test,0.001427212178877424,21.05,21.02,0.4923,0.3495,0,-1,-1,vehicle,LLL,0,False
MVI_40892,96,1,1434,1467,34,False,no_match_before,,,False,0.0,no_match_before,,,False,0.0,no_match_before,,,False,0.0,DETRAC-test,test,test,0.025952960259529645,12.65,12.33,0.4114,0.2971,0,-1,-1,vehicle,NNN,0,False
MVI_40892,97,0,1226,1269,44,False,no_match_before,,,False,0.0,no_match_before,,,False,0.0,no_match_before,,,False,0.0,DETRAC-test,test,test,0.0003453833755469038,86.89,86.86,0.5371,0.3156,0,-1,-1,vehicle,NNN,0,False
MVI_40892,97,1,1327,1335,9,False,preserved,1283.0,1283.0,False,0.5556,preserved,1274.0,1274.0,False,0.5556,preserved,1284.0,1284.0,False,0.5556,DETRAC-test,test,test,0.0,42.22,42.22,0.3541,0.2889,0,-1,-1,vehicle,PPP,3,False
MVI_40892,99,1,1517,1546,30,False,no_match_before,,,False,0.0,no_match_before,,,False,0.0,no_match_before,,,False,0.0,DETRAC-test,test,test,0.030885780885780978,17.69,17.16,0.4096,0.2867,0,-1,-1,vehicle,NNN,0,False
MVI_40892,101,0,1499,1595,97,False,lost_after,1327.0,,False,0.0,lost_after,1315.0,,False,0.0,lost_after,1325.0,,False,0.0,DETRAC-test,test,test,0.9481289366432013,52.58,26.99,0.3975,0.2759,0,-1,-1,vehicle,LLL,0,False
MVI_40892,105,1,1452,1474,23,False,no_match_before,,,False,0.0,no_match_before,,,False,0.0,no_match_before,,,False,0.0,DETRAC-test,test,test,0.0020512820512819108,9.77,9.75,0.1321,0.1224,0,-1,-1,vehicle,NNN,0,False
MVI_40892,108,0,1416,1542,127,False,no_match_before,,,False,0.0,no_match_before,,,False,0.0,no_match_before,,,False,0.0,DETRAC-test,test,test,0.013693270735524177,77.73,76.68,0.368,0.2462,0,-1,-1,vehicle,NNN,0,False
MVI_40892,110,0,1659,1675,17,False,lost_after,1574.0,,False,0.0,lost_after,1440.0,,False,0.0,lost_after,1448.0,,False,0.0,DETRAC-test,test,test,0.012180267965895109,16.62,16.42,0.5388,0.2491,0,-1,-1,vehicle,LLL,0,False
MVI_40892,115,1,1489,1538,50,False,no_match_before,,,False,0.0,no_match_before,,,False,0.0,no_match_before,,,False,0.0,DETRAC-test,test,test,0.014042126379137265,20.22,19.94,0.1158,0.1085,0,-1,-1,vehicle,NNN,0,False
MVI_40892,116,0,1717,1786,70,False,preserved,1498.0,1498.0,True,1.0,preserved,1497.0,1497.0,True,1.0,preserved,1505.0,1505.0,True,1.0,DETRAC-test,test,test,0.018422193324663994,46.99,46.14,0.5449,0.3484,0,-1,-1,vehicle,PPP,3,False
MVI_40892,119,1,1635,1636,2,False,no_match_before,,,False,0.0,no_match_before,,,False,0.0,no_match_before,,,False,0.0,DETRAC-test,test,test,,0.49,0.49,0.1082,0.1055,0,-1,-1,vehicle,NNN,0,False
MVI_40892,119,2,1646,1685,40,False,no_match_before,,,False,0.0,no_match_before,,,False,0.0,no_match_before,,,False,0.0,DETRAC-test,test,test,0.07741522712731919,16.84,15.63,0.1775,0.1415,0,-1,-1,vehicle,NNN,0,False
MVI_40892,119,3,1689,1716,28,False,no_match_before,,,False,0.0,no_match_before,,,False,0.0,no_match_before,,,False,0.0,DETRAC-test,test,test,0.2530120481927711,14.56,11.62,0.1149,0.1098,0,-1,-1,vehicle,NNN,0,False
MVI_40892,119,4,1734,1758,25,False,preserved,1825.0,1825.0,True,1.0,preserved,1827.0,1827.0,True,1.0,preserved,1837.0,1837.0,True,1.0,DETRAC-test,test,test,0.016666666666666607,11.59,11.4,0.1202,0.1159,0,-1,-1,vehicle,PPP,3,False
MVI_40892,121,0,1631,1647,17,False,no_match_before,,,False,0.0,no_match_before,,,False,0.0,no_match_before,,,False,0.0,DETRAC-test,test,test,0.0020920502092049986,9.58,9.56,0.1095,0.1055,0,-1,-1,vehicle,NNN,0,False
MVI_40892,121,1,1681,1692,12,False,no_match_before,,,False,0.0,no_match_before,,,False,0.0,no_match_before,,,False,0.0,DETRAC-test,test,test,0.03453947368421062,6.29,6.08,0.1349,0.1181,0,-1,-1,vehicle,NNN,0,False
MVI_40892,121,2,1697,1752,56,False,no_match_before,,,False,0.0,no_match_before,,,False,0.0,no_match_before,,,False,0.0,DETRAC-test,test,test,0.07825459790840239,29.9,27.73,0.2201,0.1698,0,-1,-1,vehicle,NNN,0,False
MVI_40892,123,0,1606,1616,11,False,no_match_before,,,False,0.0,no_match_before,,,False,0.0,no_match_before,,,False,0.0,DETRAC-test,test,test,,2.72,2.72,0.1116,0.1065,0,-1,-1,vehicle,NNN,0,False
MVI_40892,123,1,1636,1640,5,False,no_match_before,,,False,0.0,no_match_before,,,False,0.0,no_match_before,,,False,0.0,DETRAC-test,test,test,,2.43,2.43,0.1014,0.1011,0,-1,-1,vehicle,NNN,0,False
MVI_40892,123,2,1648,1663,16,False,no_match_before,,,False,0.0,no_match_before,,,False,0.0,no_match_before,,,False,0.0,DETRAC-test,test,test,0.39250814332247574,8.55,6.14,0.1479,0.1239,0,-1,-1,vehicle,NNN,0,False
MVI_40892,123,3,1679,1730,52,False,no_match_before,,,False,0.0,no_match_before,,,False,0.0,no_match_before,,,False,0.0,DETRAC-test,test,test,0.2691029900332227,22.92,18.06,0.1536,0.1294,0,-1,-1,vehicle,NNN,0,False
MVI_40892,123,4,1748,1786,39,False,no_match_before,,,False,0.4103,no_match_before,,,False,0.4103,no_match_before,,,False,0.4103,DETRAC-test,test,test,0.03867403314917128,18.8,18.1,0.132,0.1144,0,-1,-1,vehicle,NNN,0,False
MVI_40892,129,0,1747,1749,3,False,no_match_before,,,False,0.0,no_match_before,,,False,0.0,no_match_before,,,False,0.0,DETRAC-test,test,test,,1.38,1.38,0.1049,0.1028,0,-1,-1,vehicle,NNN,0,False
MVI_40892,129,1,1760,1775,16,False,lost_after,1867.0,,False,0.0625,lost_after,1882.0,,False,0.0625,lost_after,1886.0,,False,0.0625,DETRAC-test,test,test,0.5815126050420167,9.41,5.95,0.1456,0.1285,0,-1,-1,vehicle,LLL,0,False
MVI_40901,4,0,435,600,166,False,preserved,7.0,7.0,False,0.759,preserved,7.0,7.0,False,0.759,preserved,7.0,7.0,False,0.759,DETRAC-test,test,test,,86.94,3.24,0.257,0.1759,0,-1,-1,vehicle,PPP,3,False
MVI_40901,12,0,7,31,25,False,preserved,5.0,5.0,False,0.96,preserved,5.0,5.0,False,0.96,preserved,5.0,5.0,False,0.96,DETRAC-test,test,test,,14.21,4.7,0.4566,0.3169,0,-1,-1,vehicle,PPP,3,False
MVI_40901,12,1,87,93,7,False,preserved,5.0,5.0,True,1.0,preserved,5.0,5.0,True,1.0,preserved,5.0,5.0,True,1.0,DETRAC-test,test,test,,2.42,1.06,0.3254,0.2446,0,-1,-1,vehicle,PPP,3,False
MVI_40901,16,1,39,188,150,False,preserved,15.0,15.0,True,1.0,preserved,15.0,15.0,True,1.0,preserved,15.0,15.0,True,1.0,DETRAC-test,test,test,,39.01,4.15,0.1642,0.1261,0,-1,-1,vehicle,PPP,3,False
MVI_40901,23,0,226,272,47,False,preserved,103.0,103.0,False,0.6809,preserved,105.0,105.0,False,0.6809,preserved,107.0,107.0,False,0.6809,DETRAC-test,test,test,0.00129590998166762,316.79,316.38,0.5693,0.432,0,-1,-1,vehicle,PPP,3,False
MVI_40901,41,0,888,926,39,False,preserved,463.0,463.0,False,0.7949,preserved,481.0,481.0,False,0.7949,preserved,490.0,490.0,False,0.7949,DETRAC-test,test,test,0.001071046054980318,336.48,336.12,0.5428,0.3913,0,-1,-1,vehicle,PPP,3,False
MVI_40902,10,0,66,111,46,False,no_match_before,,,False,0.8696,no_match_before,,,False,0.8696,no_match_before,,,False,0.8696,DETRAC-test,test,test,0.00028733567990801845,417.75,417.63,0.4803,0.2789,0,-1,-1,vehicle,NNN,0,False
MVI_40902,14,1,114,153,40,False,no_match_before,,,False,0.0,no_match_before,,,False,0.0,no_match_before,,,False,0.0,DETRAC-test,test,test,0.0030722891566263844,166.51,166.0,0.229,0.1516,0,-1,-1,vehicle,NNN,0,False
MVI_40902,14,2,158,195,38,False,no_match_before,,,False,0.5526,no_match_before,,,False,0.5526,no_match_before,,,False,0.5526,DETRAC-test,test,test,0.0011917598320185796,176.42,176.21,0.1516,0.1238,0,-1,-1,vehicle,NNN,0,False
MVI_40902,14,3,202,231,30,False,lost_after,115.0,,False,0.0667,lost_after,115.0,,False,0.0667,lost_after,115.0,,False,0.0667,DETRAC-test,test,test,0.0013609145345672147,147.16,146.96,0.177,0.1437,0,-1,-1,vehicle,LLL,0,False
MVI_40902,15,1,178,183,6,False,preserved,92.0,92.0,True,1.0,preserved,92.0,92.0,True,1.0,preserved,92.0,92.0,True,1.0,DETRAC-test,test,test,0.00021800741225219689,45.88,45.87,0.146,0.1238,0,-1,-1,vehicle,PPP,3,False
MVI_40902,15,2,192,201,10,False,preserved,92.0,92.0,False,0.7,preserved,92.0,92.0,False,0.7,preserved,92.0,92.0,False,0.7,DETRAC-test,test,test,0.0006594131223212063,91.05,90.99,0.3051,0.2328,0,-1,-1,vehicle,PPP,3,False
MVI_40902,21,0,222,229,8,False,preserved,153.0,153.0,True,1.0,preserved,153.0,153.0,True,1.0,preserved,153.0,153.0,True,1.0,DETRAC-test,test,test,0.0012297097884901298,40.71,40.66,0.1592,0.1296,0,-1,-1,vehicle,PPP,3,False
MVI_40902,25,0,556,570,15,False,no_match_before,,,False,0.0,no_match_before,,,False,0.0,no_match_before,,,False,0.0,DETRAC-test,test,test,,5.01,4.66,0.3324,0.2101,0,-1,-1,vehicle,NNN,0,False
MVI_40902,25,1,761,767,7,False,preserved,607.0,607.0,True,1.0,preserved,610.0,610.0,True,1.0,preserved,605.0,605.0,True,1.0,DETRAC-test,test,test,,0.0,0.0,0.2943,0.2315,0,-1,-1,vehicle,PPP,3,False
MVI_40902,25,2,829,876,48,False,switched,607.0,800.0,False,0.125,switched,610.0,798.0,False,0.125,switched,605.0,793.0,False,0.125,DETRAC-test,test,test,,0.0,0.0,0.7938,0.5767,0,-1,-1,vehicle,SSS,0,False
MVI_40902,27,0,306,309,4,False,no_match_before,,,False,0.0,no_match_before,,,False,0.0,no_match_before,,,False,0.0,DETRAC-test,test,test,0.0,14.4,14.4,0.1156,0.1091,0,-1,-1,vehicle,NNN,0,False
MVI_40902,35,0,442,452,11,False,switched,314.0,352.0,False,0.9091,switched,312.0,333.0,False,0.9091,switched,311.0,332.0,False,0.9091,DETRAC-test,test,test,0.0018875838926175614,47.77,47.68,0.1049,0.1028,0,-1,-1,vehicle,SSS,0,False
MVI_40902,35,1,478,483,6,False,lost_after,314.0,,False,0.0,lost_after,312.0,,False,0.0,lost_after,311.0,,False,0.0,DETRAC-test,test,test,0.012279983626688473,24.73,24.43,0.108,0.104,0,-1,-1,vehicle,LLL,0,False
MVI_40902,35,2,505,506,2,False,no_match_before,,,False,0.0,no_match_before,,,False,0.0,no_match_before,,,False,0.0,DETRAC-test,test,test,,4.9,4.9,0.1109,0.1076,0,-1,-1,vehicle,NNN,0,False
MVI_40902,54,1,617,624,8,False,switched,522.0,575.0,False,0.125,switched,521.0,576.0,False,0.125,switched,520.0,571.0,False,0.125,DETRAC-test,test,test,0.000849617672047609,35.34,35.31,0.1107,0.1053,0,-1,-1,vehicle,SSS,0,False
MVI_40902,54,2,661,671,11,False,lost_after,575.0,,False,0.0909,lost_after,576.0,,False,0.0909,lost_after,571.0,,False,0.0909,DETRAC-test,test,test,0.00035335689045923324,56.62,56.6,0.1627,0.1285,0,-1,-1,vehicle,LLL,0,False
MVI_40902,62,0,641,679,39,False,no_match_before,,,False,0.0,no_match_before,,,False,0.0,no_match_before,,,False,0.0,DETRAC-test,test,test,0.0016150551225333487,142.64,142.41,0.1372,0.1188,0,-1,-1,vehicle,NNN,0,False
MVI_40902,62,1,684,694,11,False,no_match_before,,,False,0.5455,no_match_before,,,False,0.5455,no_match_before,,,False,0.5455,DETRAC-test,test,test,0.002241695536987942,49.18,49.07,0.111,0.1055,0,-1,-1,vehicle,NNN,0,False
MVI_40902,62,2,720,724,5,False,lost_after,631.0,,False,0.4,lost_after,630.0,,False,0.4,lost_after,625.0,,False,0.4,DETRAC-test,test,test,0.0,22.0,22.0,0.1043,0.1023,0,-1,-1,vehicle,LLL,0,False
MVI_40902,66,1,763,780,18,False,lost_after,632.0,,False,0.0,lost_after,631.0,,False,0.0,lost_after,626.0,,False,0.0,DETRAC-test,test,test,0.0026733038348081273,108.77,108.48,0.6121,0.3836,0,-1,-1,vehicle,LLL,0,False
MVI_40902,68,0,785,802,18,False,preserved,666.0,666.0,False,0.8333,preserved,665.0,665.0,False,0.8333,preserved,660.0,660.0,False,0.8333,DETRAC-test,test,test,0.002914319020788758,103.24,102.94,0.2483,0.182,0,-1,-1,vehicle,PPP,3,False
MVI_40902,70,0,795,814,20,False,preserved,703.0,703.0,False,0.25,preserved,701.0,701.0,False,0.25,preserved,696.0,696.0,False,0.25,DETRAC-test,test,test,0.0007614857432947097,118.28,118.19,0.4934,0.3727,0,-1,-1,vehicle,PPP,3,False
MVI_40902,76,0,856,979,124,False,no_match_before,,,False,0.8629,no_match_before,,,False,0.8871,no_match_before,,,False,0.8871,DETRAC-test,test,test,0.0017167151728114671,746.89,745.61,0.3173,0.2022,0,-1,-1,vehicle,NNN,0,False
MVI_40902,78,1,899,905,7,False,no_match_before,,,False,0.0,no_match_before,,,False,0.0,no_match_before,,,False,0.0,DETRAC-test,test,test,0.0,28.61,28.61,0.107,0.1056,0,-1,-1,vehicle,NNN,0,False
MVI_40903,3,0,27,63,37,False,preserved,3.0,3.0,True,1.0,preserved,3.0,3.0,True,1.0,preserved,3.0,3.0,True,1.0,DETRAC-test,test,test,0.010095614550504672,189.1,187.21,0.3142,0.2148,0,-1,-1,vehicle,PPP,3,False
MVI_40903,4,0,129,140,12,False,preserved,2.0,2.0,True,1.0,preserved,2.0,2.0,True,1.0,preserved,2.0,2.0,True,1.0,DETRAC-test,test,test,0.0007304601899196239,41.1,41.07,0.2443,0.1869,0,-1,-1,vehicle,PPP,3,False
MVI_40903,4,1,157,195,39,True,switched,2.0,184.0,False,0.1282,switched,2.0,180.0,False,0.1282,switched,2.0,179.0,False,0.1282,DETRAC-test,test,test,0.05969890984599413,122.48,115.58,1.0,0.7939,25,165,189,vehicle,SSS,0,False
MVI_40903,5,0,98,106,9,False,preserved,8.0,8.0,True,1.0,preserved,8.0,8.0,True,1.0,preserved,8.0,8.0,True,1.0,DETRAC-test,test,test,0.0012574662055957475,31.85,31.81,0.3212,0.2092,0,-1,-1,vehicle,PPP,3,False
MVI_40903,5,1,127,166,40,True,lost_after,8.0,,False,0.0,lost_after,8.0,,False,0.0,lost_after,8.0,,False,0.0,DETRAC-test,test,test,0.4062349194093233,145.7,103.61,1.0,0.8158,25,135,159,vehicle,LLL,0,False
MVI_40903,9,0,26,33,8,False,preserved,6.0,6.0,True,1.0,preserved,6.0,6.0,True,1.0,preserved,6.0,6.0,True,1.0,DETRAC-test,test,test,0.0017291066282418832,17.38,17.35,0.2243,0.1616,0,-1,-1,vehicle,PPP,3,False
MVI_40903,11,0,37,66,30,False,no_match_before,,,False,0.0,no_match_before,,,False,0.0,no_match_before,,,False,0.0,DETRAC-test,test,test,2.237657864523536,28.2,8.71,0.2962,0.1872,0,-1,-1,vehicle,NNN,0,False
MVI_40903,11,1,71,131,61,False,no_match_before,,,False,0.1803,no_match_before,,,False,0.1803,no_match_before,,,False,0.1803,DETRAC-test,test,test,0.03826913456728365,124.53,119.94,0.4175,0.2967,0,-1,-1,vehicle,NNN,0,False
MVI_40903,13,0,186,215,30,True,switched,57.0,207.0,False,0.1,switched,55.0,205.0,False,0.1,switched,54.0,204.0,False,0.1,DETRAC-test,test,test,0.39242662473794554,106.27,76.32,1.0,0.8567,22,194,215,vehicle,SSS,0,False
MVI_40903,14,0,90,100,11,False,preserved,72.0,72.0,False,0.5455,preserved,68.0,68.0,False,0.3636,preserved,67.0,67.0,False,0.3636,DETRAC-test,test,test,0.006067000791348143,38.14,37.91,0.1786,0.1418,0,-1,-1,vehicle,PPP,3,False
MVI_40903,15,0,118,306,189,False,switched,102.0,296.0,False,0.8307,switched,98.0,297.0,False,0.8307,switched,97.0,296.0,False,0.8307,DETRAC-test,test,test,0.010209847180794318,768.8,761.03,0.2647,0.1506,0,-1,-1,vehicle,SSS,0,False
MVI_40903,16,1,250,369,120,False,lost_after,169.0,,False,1.0,lost_after,165.0,,False,1.0,lost_after,164.0,,False,1.0,DETRAC-test,test,test,0.004447689856611703,453.93,451.92,0.5319,0.3432,0,-1,-1,vehicle,LLL,0,False
MVI_40903,20,0,209,248,40,True,switched,149.0,240.0,False,0.1,switched,145.0,242.0,False,0.1,switched,144.0,241.0,False,0.1,DETRAC-test,test,test,0.04266460640398306,121.46,116.49,1.0,0.8188,25,217,241,vehicle,SSS,0,False
MVI_40903,23,0,233,289,57,False,no_match_before,,,False,0.0,no_match_before,,,False,0.0,no_match_before,,,False,0.0,DETRAC-test,test,test,0.03970563066917676,121.5,116.86,0.7278,0.4322,0,-1,-1,vehicle,NNN,0,False
MVI_40903,24,0,288,392,105,False,switched,225.0,368.0,False,0.5524,switched,223.0,370.0,False,0.5429,switched,222.0,369.0,False,0.5429,DETRAC-test,test,test,0.00348085529587272,322.88,321.76,0.8142,0.3848,0,-1,-1,vehicle,SSS,0,False
MVI_40903,30,0,426,441,16,False,preserved,312.0,312.0,True,1.0,preserved,313.0,313.0,True,1.0,preserved,312.0,312.0,True,1.0,DETRAC-test,test,test,0.002350728725905027,42.64,42.54,0.2232,0.1814,0,-1,-1,vehicle,PPP,3,False
MVI_40903,30,1,513,540,28,False,switched,312.0,693.0,False,0.7143,switched,313.0,713.0,False,0.7143,switched,312.0,712.0,False,0.7143,DETRAC-test,test,test,0.008795934323690524,51.61,51.16,0.4406,0.2992,0,-1,-1,vehicle,SSS,0,False
MVI_40903,30,2,583,620,38,False,switched,792.0,889.0,False,0.3421,switched,812.0,904.0,False,0.3421,switched,808.0,911.0,False,0.3158,DETRAC-test,test,test,0.030369127516778338,61.41,59.6,0.6659,0.3681,0,-1,-1,vehicle,SSS,0,False
MVI_40903,32,0,503,507,5,False,preserved,435.0,435.0,True,1.0,preserved,435.0,435.0,True,1.0,preserved,434.0,434.0,True,1.0,DETRAC-test,test,test,0.009765625,10.34,10.24,0.1036,0.1019,0,-1,-1,vehicle,PPP,3,False
MVI_40903,36,0,550,578,29,False,switched,696.0,791.0,False,0.2414,switched,716.0,811.0,False,0.2759,switched,715.0,807.0,False,0.2414,DETRAC-test,test,test,0.0399718260257087,59.06,56.79,0.6782,0.4398,0,-1,-1,vehicle,SSS,0,False
MVI_40903,36,1,640,697,58,False,switched,887.0,1053.0,False,0.069,switched,902.0,1067.0,False,0.069,switched,909.0,1074.0,False,0.069,DETRAC-test,test,test,1.065667011375388,39.95,19.34,0.8319,0.5201,0,-1,-1,vehicle,SSS,0,False
MVI_40903,37,0,577,619,43,False,preserved,459.0,459.0,True,1.0,preserved,461.0,461.0,True,1.0,preserved,458.0,458.0,True,1.0,DETRAC-test,test,test,0.03335513407455837,110.6,107.03,0.3226,0.244,0,-1,-1,vehicle,PPP,3,False
MVI_40903,41,0,499,514,16,False,preserved,568.0,568.0,True,1.0,preserved,585.0,585.0,True,1.0,preserved,580.0,580.0,True,1.0,DETRAC-test,test,test,0.002282525995435103,39.52,39.43,0.1379,0.1193,0,-1,-1,vehicle,PPP,3,False
MVI_40903,41,1,519,535,17,False,preserved,568.0,568.0,True,1.0,preserved,585.0,585.0,True,1.0,preserved,580.0,580.0,True,1.0,DETRAC-test,test,test,0.0045882637044194485,41.6,41.41,0.1439,0.1217,0,-1,-1,vehicle,PPP,3,False
MVI_40903,41,2,590,679,90,False,switched,568.0,971.0,False,1.0,preserved,585.0,585.0,False,1.0,preserved,580.0,580.0,False,1.0,DETRAC-test,test,test,0.01177489177489166,233.72,231.0,0.4593,0.2827,0,-1,-1,vehicle,SPP,2,True
MVI_40903,41,3,724,790,67,False,preserved,568.0,568.0,False,0.9851,preserved,585.0,585.0,False,0.9851,preserved,580.0,580.0,False,0.9851,DETRAC-test,test,test,0.03225977609168584,194.55,188.47,0.6577,0.3901,0,-1,-1,vehicle,PPP,3,False
MVI_40903,43,0,532,721,190,False,switched,569.0,860.0,False,0.5737,switched,586.0,834.0,False,0.5737,switched,581.0,837.0,False,0.5737,DETRAC-test,test,test,0.008656755690040763,383.34,380.05,0.7074,0.4322,0,-1,-1,vehicle,SSS,0,False
MVI_40903,44,0,639,906,268,True,switched,615.0,1401.0,False,0.3657,switched,633.0,1423.0,False,0.3657,switched,628.0,1428.0,False,0.3657,DETRAC-test,test,test,0.4163299574959334,539.82,381.14,1.0,0.6394,132,763,900,vehicle,SSS,0,False
MVI_40903,45,0,622,650,29,False,preserved,555.0,555.0,False,0.8966,preserved,572.0,572.0,False,0.8966,preserved,567.0,567.0,False,0.8966,DETRAC-test,test,test,0.012147388311512852,74.99,74.09,0.6771,0.3646,0,-1,-1,vehicle,PPP,3,False
MVI_40903,45,1,707,745,39,False,switched,555.0,1068.0,False,0.6667,switched,572.0,1147.0,False,0.6667,switched,567.0,1154.0,False,0.6667,DETRAC-test,test,test,0.004243281471004279,35.5,35.35,0.6967,0.4262,0,-1,-1,vehicle,SSS,0,False
MVI_40903,45,2,766,929,164,True,switched,1068.0,1426.0,False,0.0671,switched,1147.0,1449.0,False,0.0671,switched,1154.0,1454.0,False,0.061,DETRAC-test,test,test,0.7198536341963739,310.21,180.37,1.0,0.8988,125,783,921,vehicle,SSS,0,False
MVI_40903,47,0,658,715,58,False,preserved,644.0,644.0,False,1.0,preserved,662.0,662.0,False,1.0,preserved,660.0,660.0,False,1.0,DETRAC-test,test,test,0.008714133900106225,142.38,141.15,0.3973,0.2869,0,-1,-1,vehicle,PPP,3,False
MVI_40903,49,0,607,647,41,False,preserved,704.0,704.0,True,1.0,preserved,724.0,724.0,True,1.0,preserved,723.0,723.0,True,1.0,DETRAC-test,test,test,0.0025851310394009452,112.47,112.18,0.2119,0.1535,0,-1,-1,vehicle,PPP,3,False
MVI_40903,49,1,698,744,47,False,preserved,704.0,704.0,False,0.8723,preserved,724.0,724.0,False,0.8723,preserved,723.0,723.0,False,0.8723,DETRAC-test,test,test,0.011853275668749053,63.17,62.43,0.2652,0.1742,0,-1,-1,vehicle,PPP,3,False
MVI_40903,50,0,802,951,150,True,switched,788.0,1483.0,False,0.04,switched,808.0,1505.0,False,0.04,switched,804.0,1510.0,False,0.04,DETRAC-test,test,test,0.6147460656021215,280.11,173.47,1.0,0.8962,104,817,943,vehicle,SSS,0,False
MVI_40903,51,0,670,686,17,False,preserved,768.0,768.0,True,1.0,preserved,788.0,788.0,True,1.0,preserved,784.0,784.0,True,1.0,DETRAC-test,test,test,0.014415018437814453,30.26,29.83,0.1478,0.1261,0,-1,-1,vehicle,PPP,3,False
MVI_40903,51,1,698,712,15,False,preserved,768.0,768.0,False,1.0,switched,1049.0,788.0,False,1.0,switched,1056.0,784.0,False,1.0,DETRAC-test,test,test,0.011117287381879004,36.38,35.98,0.1427,0.1178,0,-1,-1,vehicle,PSS,1,True
MVI_40903,51,2,720,729,10,False,preserved,768.0,768.0,True,1.0,preserved,788.0,788.0,True,1.0,preserved,784.0,784.0,True,1.0,DETRAC-test,test,test,0.00170430336599936,23.51,23.47,0.1074,0.1054,0,-1,-1,vehicle,PPP,3,False
MVI_40903,52,0,715,756,42,False,preserved,783.0,783.0,True,1.0,preserved,803.0,803.0,True,1.0,preserved,799.0,799.0,True,1.0,DETRAC-test,test,test,0.01000543773790108,92.87,91.95,0.3607,0.238,0,-1,-1,vehicle,PPP,3,False
MVI_40903,56,0,662,703,42,False,switched,913.0,1037.0,False,0.3333,switched,927.0,1102.0,False,0.3333,switched,934.0,1109.0,False,0.3333,DETRAC-test,test,test,0.1073170731707318,36.32,32.8,0.1849,0.1425,0,-1,-1,vehicle,SSS,0,False
MVI_40903,56,1,810,812,3,False,preserved,1225.0,1225.0,True,1.0,preserved,1240.0,1240.0,True,1.0,preserved,1250.0,1250.0,True,1.0,DETRAC-test,test,test,,4.73,4.71,0.1097,0.1051,0,-1,-1,vehicle,PPP,3,False
MVI_40903,56,2,824,827,4,False,preserved,1225.0,1225.0,True,1.0,preserved,1240.0,1240.0,True,1.0,preserved,1250.0,1250.0,True,1.0,DETRAC-test,test,test,0.0011695906432749315,8.56,8.55,0.1037,0.1017,0,-1,-1,vehicle,PPP,3,False
MVI_40903,56,3,834,837,4,False,preserved,1225.0,1225.0,True,1.0,preserved,1240.0,1240.0,True,1.0,preserved,1250.0,1250.0,True,1.0,DETRAC-test,test,test,0.0012077294685990392,8.29,8.28,0.1093,0.1058,0,-1,-1,vehicle,PPP,3,False
MVI_40903,58,0,697,715,19,False,preserved,940.0,940.0,True,1.0,preserved,953.0,953.0,True,1.0,preserved,960.0,960.0,True,1.0,DETRAC-test,test,test,0.0028195488721802775,64.02,63.84,0.3739,0.2681,0,-1,-1,vehicle,PPP,3,False
MVI_40903,58,1,772,798,27,False,preserved,940.0,940.0,False,0.7037,preserved,953.0,953.0,False,0.7037,preserved,960.0,960.0,False,0.7037,DETRAC-test,test,test,0.015686981608366235,56.33,55.46,0.4579,0.3002,0,-1,-1,vehicle,PPP,3,False
MVI_40903,58,2,820,982,163,True,switched,940.0,1522.0,False,0.0736,switched,953.0,1545.0,False,0.0736,switched,1258.0,1550.0,False,0.0736,DETRAC-test,test,test,0.5582057480526457,290.06,186.15,1.0,0.8678,114,838,971,vehicle,SSS,0,False
MVI_40903,59,0,676,693,18,False,preserved,981.0,981.0,True,1.0,preserved,993.0,993.0,True,1.0,preserved,1000.0,1000.0,True,1.0,DETRAC-test,test,test,0.0040387722132471104,49.72,49.52,0.1969,0.1377,0,-1,-1,vehicle,PPP,3,False
MVI_40903,59,1,716,718,3,False,preserved,981.0,981.0,True,1.0,preserved,993.0,993.0,True,1.0,preserved,1000.0,1000.0,True,1.0,DETRAC-test,test,test,0.0,5.76,5.76,0.1072,0.1046,0,-1,-1,vehicle,PPP,3,False
MVI_40903,59,2,722,806,85,False,preserved,981.0,981.0,False,0.8471,preserved,993.0,993.0,False,0.8471,preserved,1000.0,1000.0,False,0.8471,DETRAC-test,test,test,0.00804636237367684,210.47,208.79,0.5385,0.3183,0,-1,-1,vehicle,PPP,3,False
MVI_40903,69,1,875,1035,161,True,switched,1338.0,1596.0,False,0.0311,switched,1352.0,1621.0,False,0.0311,switched,1357.0,1626.0,False,0.0311,DETRAC-test,test,test,0.08529307397012809,336.43,309.99,1.0,0.7433,36,894,1006,vehicle,SSS,0,False
MVI_40903,70,0,889,904,16,False,preserved,1291.0,1291.0,True,1.0,preserved,1304.0,1304.0,True,1.0,preserved,1312.0,1312.0,True,1.0,DETRAC-test,test,test,0.0005120327700971483,58.62,58.59,0.1363,0.1136,0,-1,-1,vehicle,PPP,3,False
MVI_40903,71,0,900,1055,156,True,switched,1290.0,1612.0,False,0.0385,switched,1303.0,1637.0,False,0.0385,switched,1311.0,1642.0,False,0.0385,DETRAC-test,test,test,0.5083388249607137,297.55,197.27,1.0,0.9123,130,913,1046,vehicle,SSS,0,False
MVI_40904,12,1,63,79,17,False,preserved,56.0,56.0,False,0.8235,preserved,58.0,58.0,False,0.8235,preserved,56.0,56.0,False,0.8235,DETRAC-test,test,test,0.009209100758396538,18.63,18.46,0.1845,0.1472,0,-1,-1,vehicle,PPP,3,False
MVI_40904,16,1,156,216,61,False,no_match_before,,,False,0.0164,no_match_before,,,False,0.0164,no_match_before,,,False,0.0164,DETRAC-test,test,test,0.0017519709673383677,160.1,159.82,0.5315,0.3502,0,-1,-1,vehicle,NNN,0,False
MVI_40904,22,0,575,582,8,False,preserved,236.0,236.0,True,1.0,preserved,245.0,245.0,True,1.0,preserved,249.0,249.0,True,1.0,DETRAC-test,test,test,0.00589622641509413,17.06,16.96,0.1575,0.1344,0,-1,-1,vehicle,PPP,3,False
MVI_40904,23,0,562,581,20,False,no_match_before,,,False,0.0,no_match_before,,,False,0.0,no_match_before,,,False,0.0,DETRAC-test,test,test,0.001469353484466751,47.71,47.64,0.221,0.1611,0,-1,-1,vehicle,NNN,0,False
MVI_40904,23,1,589,605,17,False,switched,247.0,251.0,False,0.7059,switched,256.0,261.0,False,0.7059,switched,260.0,265.0,False,0.7059,DETRAC-test,test,test,0.0013422818791946067,59.68,59.6,0.406,0.295,0,-1,-1,vehicle,SSS,0,False
MVI_40904,23,2,638,653,16,False,switched,251.0,236.0,False,0.3125,switched,261.0,245.0,False,0.25,switched,265.0,249.0,False,0.25,DETRAC-test,test,test,0.0013147515119642517,76.16,76.06,0.5076,0.3448,0,-1,-1,vehicle,SSS,0,False
MVI_40904,23,3,758,767,10,False,preserved,251.0,251.0,False,0.0,preserved,245.0,245.0,False,0.0,preserved,249.0,249.0,False,0.0,DETRAC-test,test,test,,0.0,0.0,0.5343,0.3435,0,-1,-1,vehicle,PPP,3,False
MVI_40904,23,4,936,965,30,True,switched,251.0,459.0,False,0.0,switched,245.0,472.0,False,0.0,switched,249.0,481.0,False,0.0,DETRAC-test,test,test,,0.0,0.0,1.0,0.8921,20,946,965,vehicle,SSS,0,False
MVI_40904,23,5,977,986,10,False,no_match_before,,,False,0.1,no_match_before,,,False,0.1,no_match_before,,,False,0.1,DETRAC-test,test,test,,0.0,0.0,0.7291,0.4581,0,-1,-1,vehicle,NNN,0,False
MVI_40904,26,0,718,732,15,False,preserved,298.0,298.0,False,0.9333,preserved,315.0,315.0,False,0.9333,preserved,319.0,319.0,False,0.9333,DETRAC-test,test,test,0.0010272213662043672,38.98,38.94,0.232,0.1899,0,-1,-1,vehicle,PPP,3,False
MVI_40904,26,1,796,812,17,False,preserved,298.0,298.0,True,1.0,preserved,315.0,315.0,True,1.0,preserved,319.0,319.0,True,1.0,DETRAC-test,test,test,0.0033514872224549297,23.95,23.87,0.2683,0.2157,0,-1,-1,vehicle,PPP,3,False
MVI_40904,28,0,830,865,36,False,preserved,307.0,307.0,True,1.0,preserved,324.0,324.0,True,1.0,preserved,328.0,328.0,True,1.0,DETRAC-test,test,test,0.006462372316030862,48.28,47.97,0.2723,0.2033,0,-1,-1,vehicle,PPP,3,False
MVI_40904,30,0,1065,1122,58,True,switched,349.0,620.0,False,0.2414,switched,366.0,634.0,False,0.2414,switched,370.0,646.0,False,0.2586,DETRAC-test,test,test,,0.0,0.0,1.0,0.6137,13,1087,1099,vehicle,SSS,0,False
MVI_40904,32,0,966,976,11,False,preserved,451.0,451.0,False,0.7273,preserved,463.0,463.0,False,0.7273,preserved,472.0,472.0,False,0.7273,DETRAC-test,test,test,0.00746268656716409,17.55,17.42,0.1985,0.1832,0,-1,-1,vehicle,PPP,3,False
MVI_40904,33,0,1052,1070,19,False,preserved,474.0,474.0,True,1.0,preserved,489.0,489.0,True,1.0,preserved,496.0,496.0,True,1.0,DETRAC-test,test,test,0.002642325246216659,41.74,41.63,0.1969,0.14,0,-1,-1,vehicle,PPP,3,False
MVI_40905,5,0,895,949,55,False,preserved,5.0,5.0,False,1.0,preserved,5.0,5.0,False,1.0,preserved,8.0,8.0,False,1.0,DETRAC-test,test,test,,3.37,3.37,0.142,0.1197,0,-1,-1,vehicle,PPP,3,False
MVI_40905,5,1,955,970,16,False,preserved,5.0,5.0,False,1.0,preserved,5.0,5.0,False,1.0,preserved,8.0,8.0,False,1.0,DETRAC-test,test,test,,0.0,0.0,0.1044,0.1014,0,-1,-1,vehicle,PPP,3,False
MVI_40905,5,2,986,987,2,False,preserved,5.0,5.0,True,1.0,preserved,5.0,5.0,True,1.0,preserved,8.0,8.0,True,1.0,DETRAC-test,test,test,,0.0,0.0,0.1039,0.1024,0,-1,-1,vehicle,PPP,3,False
MVI_40905,5,3,1002,1010,9,False,preserved,444.0,444.0,True,1.0,preserved,446.0,446.0,True,1.0,preserved,444.0,444.0,True,1.0,DETRAC-test,test,test,,4.99,2.3,0.1176,0.1093,0,-1,-1,vehicle,PPP,3,False
MVI_40905,5,4,1017,1108,92,False,switched,444.0,5.0,False,1.0,switched,446.0,5.0,False,1.0,switched,444.0,8.0,False,1.0,DETRAC-test,test,test,,10.01,1.24,0.1232,0.1119,0,-1,-1,vehicle,SSS,0,False
MVI_40905,5,5,1226,1387,162,False,preserved,5.0,5.0,False,0.9815,preserved,5.0,5.0,False,0.9815,preserved,8.0,8.0,False,0.9815,DETRAC-test,test,test,,0.0,0.0,0.225,0.1518,0,-1,-1,vehicle,PPP,3,False
MVI_40905,5,6,1563,1619,57,False,switched,712.0,5.0,False,0.9825,switched,725.0,5.0,False,0.9825,switched,728.0,8.0,False,0.9825,DETRAC-test,test,test,,0.0,0.0,0.1337,0.117,0,-1,-1,vehicle,SSS,0,False
MVI_40905,6,0,155,231,77,False,switched,11.0,119.0,False,0.4545,switched,11.0,120.0,False,0.4805,switched,11.0,120.0,False,0.4805,DETRAC-test,test,test,0.1243772241992882,63.19,56.2,0.4231,0.2592,0,-1,-1,vehicle,SSS,0,False
MVI_40905,7,0,132,161,30,False,preserved,2.0,2.0,True,1.0,preserved,2.0,2.0,True,1.0,preserved,2.0,2.0,True,1.0,DETRAC-test,test,test,,4.61,3.11,0.3841,0.2553,0,-1,-1,vehicle,PPP,3,False
MVI_40905,7,1,201,246,46,False,switched,2.0,147.0,False,0.9565,switched,2.0,147.0,False,0.9565,switched,2.0,147.0,False,0.9565,DETRAC-test,test,test,0.03891670459717789,45.65,43.94,0.4194,0.2483,0,-1,-1,vehicle,SSS,0,False
MVI_40905,8,0,103,126,24,False,preserved,6.0,6.0,True,1.0,preserved,6.0,6.0,True,1.0,preserved,6.0,6.0,True,1.0,DETRAC-test,test,test,,0.0,0.0,0.3906,0.2408,0,-1,-1,vehicle,PPP,3,False
MVI_40905,8,1,177,191,15,False,preserved,6.0,6.0,True,1.0,preserved,6.0,6.0,False,1.0,preserved,6.0,6.0,False,1.0,DETRAC-test,test,test,,7.8,1.83,0.3357,0.2552,0,-1,-1,vehicle,PPP,3,False
MVI_40905,8,2,246,293,48,False,preserved,6.0,6.0,False,0.9792,preserved,6.0,6.0,False,0.9792,switched,6.0,194.0,False,0.9583,DETRAC-test,test,test,0.027195964469788336,93.67,91.19,0.305,0.2006,0,-1,-1,vehicle,PPS,2,True
MVI_40905,9,0,308,361,54,False,switched,203.0,267.0,False,0.2037,switched,202.0,271.0,False,0.2037,switched,203.0,267.0,False,0.2037,DETRAC-test,test,test,0.014775600505688935,128.43,126.56,0.3523,0.2351,0,-1,-1,vehicle,SSS,0,False
MVI_40905,13,1,300,359,60,False,switched,12.0,262.0,False,0.5667,preserved,12.0,12.0,False,0.5667,switched,12.0,262.0,False,0.55,DETRAC-test,test,test,,4.83,4.83,0.666,0.4442,0,-1,-1,vehicle,SPS,1,True
MVI_40905,13,2,726,822,97,False,lost_after,352.0,,False,0.5773,lost_after,356.0,,False,0.5773,lost_after,352.0,,False,0.5773,DETRAC-test,test,test,,0.0,0.0,0.6598,0.3472,0,-1,-1,vehicle,LLL,0,False
MVI_40905,13,3,1105,1214,110,False,preserved,452.0,452.0,False,0.5182,switched,454.0,529.0,False,0.5091,switched,452.0,536.0,False,0.5091,DETRAC-test,test,test,0.013236449332286071,257.97,254.6,0.4235,0.2312,0,-1,-1,vehicle,PSS,1,True
MVI_40905,14,1,783,1083,301,False,preserved,14.0,14.0,True,1.0,preserved,14.0,14.0,True,1.0,preserved,14.0,14.0,True,1.0,DETRAC-test,test,test,0.32900813723334066,60.43,45.47,0.4361,0.3672,0,-1,-1,vehicle,PPP,3,False
MVI_40905,17,0,256,281,26,False,preserved,13.0,13.0,False,0.0769,preserved,13.0,13.0,False,0.0769,preserved,13.0,13.0,False,0.0769,DETRAC-test,test,test,,0.0,0.0,0.5413,0.342,0,-1,-1,vehicle,PPP,3,False
MVI_40905,26,0,674,754,81,False,preserved,332.0,332.0,True,1.0,preserved,336.0,336.0,True,1.0,preserved,332.0,332.0,True,1.0,DETRAC-test,test,test,0.55503355704698,46.34,29.8,0.28,0.2059,0,-1,-1,vehicle,PPP,3,False
MVI_40905,26,1,796,899,104,False,preserved,332.0,332.0,True,1.0,preserved,336.0,336.0,True,1.0,preserved,332.0,332.0,True,1.0,DETRAC-test,test,test,0.030301113360323928,162.87,158.08,0.1835,0.149,0,-1,-1,vehicle,PPP,3,False
MVI_40905,34,0,1161,1344,184,False,preserved,479.0,479.0,True,1.0,preserved,481.0,481.0,True,1.0,preserved,479.0,479.0,True,1.0,DETRAC-test,test,test,0.03885480572597144,340.36,327.63,0.2955,0.2121,0,-1,-1,vehicle,PPP,3,False
MVI_40905,41,0,1409,1418,10,False,preserved,613.0,613.0,True,1.0,preserved,628.0,628.0,True,1.0,preserved,626.0,626.0,True,1.0,DETRAC-test,test,test,0.23487544483985778,6.94,5.62,0.1407,0.1198,0,-1,-1,vehicle,PPP,3,False
MVI_40905,41,1,1423,1434,12,False,preserved,613.0,613.0,True,1.0,preserved,628.0,628.0,True,1.0,preserved,626.0,626.0,True,1.0,DETRAC-test,test,test,0.20211360634081887,9.1,7.57,0.119,0.1139,0,-1,-1,vehicle,PPP,3,False
MVI_40905,41,2,1439,1451,13,False,preserved,613.0,613.0,True,1.0,preserved,628.0,628.0,True,1.0,preserved,626.0,626.0,True,1.0,DETRAC-test,test,test,0.07777777777777795,8.73,8.1,0.1468,0.1207,0,-1,-1,vehicle,PPP,3,False
MVI_40905,41,3,1459,1536,78,False,preserved,613.0,613.0,True,1.0,preserved,628.0,628.0,True,1.0,preserved,626.0,626.0,True,1.0,DETRAC-test,test,test,0.05785123966942152,144.64,136.73,0.1634,0.1271,0,-1,-1,vehicle,PPP,3,False
