1,1,537.1412353515625,15.043371200561523,41.6474609375,35.99897766113281,0.8551775813102722
1,2,597.9666748046875,60.72657775878906,53.42578125,52.58038330078125,0.8337783217430115
1,3,362.7646179199219,89.72994995117188,60.06158447265625,60.86846923828125,0.7856965065002441
1,4,459.58978271484375,17.75242805480957,53.58563232421875,47.94526672363281,0.7709265947341919
1,5,389.556884765625,13.57482624053955,38.72552490234375,20.5167236328125,0.6820482015609741
1,6,627.8446044921875,300.2098388671875,160.4320068359375,200.35601806640625,0.5142961740493774
2,1,536.5714721679688,15.293683052062988,42.60870361328125,36.87131881713867,0.8187849521636963
2,2,597.7406616210938,63.4660530090332,55.12652587890625,54.30294418334961,0.7643696665763855
2,3,361.87274169921875,91.97354888916016,60.42547607421875,61.21459197998047,0.8390649557113647
2,4,458.8213806152344,18.95594024658203,54.065521240234375,48.405250549316406,0.7999740839004517
2,5,388.0346374511719,13.92880630493164,39.1156005859375,20.72708511352539,0.6384137868881226
2,6,637.7129516601562,317.07000732421875,160.97808837890625,201.116455078125,0.45250946283340454
3,1,536.5494995117188,15.791423797607422,42.98797607421875,37.234405517578125,0.8596614003181458
3,2,598.0607299804688,67.4005355834961,55.7603759765625,54.98747253417969,0.8526895642280579
3,3,358.117431640625,95.6909408569336,62.986175537109375,63.840126037597656,0.7706526517868042
3,4,458.46124267578125,21.92833137512207,52.62127685546875,47.079833984375,0.7692668437957764
3,5,383.9119873046875,13.956910133361816,44.137969970703125,23.44424819946289,0.6717185378074646
4,1,536.1505126953125,16.702730178833008,44.25958251953125,38.41210174560547,0.8760328888893127
4,2,598.0191040039062,70.00279998779297,57.0169677734375,56.296531677246094,0.8241580724716187
4,3,356.364501953125,99.12097930908203,63.842498779296875,64.6769790649414,0.8095419406890869
4,4,457.4570007324219,23.715600967407227,52.016754150390625,46.46519470214844,0.8441976308822632
4,5,380.4767150878906,13.858370780944824,47.83343505859375,25.52166748046875,0.7483639717102051
4,6,658.6065063476562,351.04681396484375,151.19781494140625,188.00482177734375,0.42872217297554016
5,1,536.0777587890625,17.302288055419922,45.0018310546875,39.13996505737305,0.8525184988975525
5,2,598.3880615234375,72.95787048339844,56.8544921875,56.19097900390625,0.7742455005645752
5,3,353.5652160644531,101.49854278564453,66.30081176757812,67.26802825927734,0.7953903079032898
5,4,456.40679931640625,24.596492767333984,52.429962158203125,46.789730072021484,0.8088528513908386
5,5,376.1776428222656,13.697392463684082,52.0362548828125,28.024269104003906,0.7673007845878601
6,1,535.637939453125,17.424785614013672,46.136474609375,40.283485412597656,0.8090865612030029
6,2,599.0667114257812,75.32591247558594,58.46893310546875,57.918487548828125,0.8387206792831421
6,3,350.1629638671875,105.14757537841797,68.11126708984375,69.21582794189453,0.7678831815719604
6,4,454.34332275390625,25.769254684448242,54.1448974609375,48.337547302246094,0.7759581208229065
6,5,371.888916015625,12.974682807922363,55.600982666015625,30.344741821289062,0.7494967579841614
6,6,679.2719116210938,386.5422668457031,126.649169921875,153.45773315429688,0.4588378667831421
7,1,534.56787109375,17.94904136657715,47.9888916015625,42.22630310058594,0.770828902721405
7,2,599.6136474609375,77.969970703125,59.344970703125,58.83604431152344,0.861584484577179
7,3,347.6676025390625,109.07942199707031,68.30288696289062,69.44755554199219,0.7326838970184326
7,4,453.1163330078125,26.443750381469727,55.530120849609375,49.67328643798828,0.794558584690094
7,5,369.3875427246094,12.540139198303223,57.44781494140625,31.861682891845703,0.7238463759422302
7,8,496.3714599609375,12.212336540222168,32.7607421875,18.06403350830078,0.47625041007995605
7,6,688.3629150390625,407.1309814453125,113.44219970703125,132.8690185546875,0.41127341985702515
8,1,534.1028442382812,19.343164443969727,48.28851318359375,42.77349090576172,0.8200878500938416
8,2,599.775634765625,82.03340148925781,59.79254150390625,59.2735595703125,0.7752156853675842
8,3,345.222900390625,112.721435546875,70.03988647460938,71.2205810546875,0.651577889919281
8,4,451.64312744140625,27.020034790039062,56.35369873046875,50.479286193847656,0.8010682463645935
8,5,367.08758544921875,12.438615798950195,59.048736572265625,33.33686828613281,0.7418109774589539
8,8,497.3967590332031,12.115804672241211,30.747955322265625,16.914785385131836,0.48126617074012756
8,6,697.615478515625,429.6903076171875,99.30712890625,110.3096923828125,0.3557009994983673
9,1,533.6240844726562,20.76506996154785,48.5966796875,43.382835388183594,0.8022472262382507
9,2,599.6153564453125,85.00232696533203,61.6810302734375,61.408531188964844,0.7689221501350403
9,3,342.3132629394531,115.49628448486328,71.75839233398438,73.04779815673828,0.6659265160560608
9,4,450.61444091796875,27.658649444580078,56.1654052734375,50.35664749145508,0.7821329832077026
9,5,365.2757873535156,12.739694595336914,59.211883544921875,34.01556396484375,0.7347610592842102
9,8,498.4983825683594,12.163840293884277,29.451568603515625,16.15032958984375,0.567622721195221
10,1,534.032470703125,23.481185913085938,47.0469970703125,42.16236877441406,0.7888765335083008
10,2,599.3798217773438,88.16007995605469,61.84381103515625,61.711517333984375,0.7764963507652283
10,3,339.35723876953125,120.4935302734375,72.89117431640625,74.05497741699219,0.7687360644340515
10,4,449.0575866699219,27.865970611572266,56.469818115234375,50.818119049072266,0.7252168655395508
10,5,363.02447509765625,13.29172134399414,60.8148193359375,35.60434341430664,0.8031212091445923
10,8,498.59124755859375,12.18078899383545,29.96612548828125,16.38396453857422,0.5708068013191223
11,1,534.7337036132812,25.791378021240234,45.90643310546875,41.33455276489258,0.8112481236457825
11,2,599.8323974609375,91.95038604736328,62.38189697265625,62.25011444091797,0.8005257844924927
11,3,336.3019104003906,124.7961196899414,72.79632568359375,73.56114959716797,0.7602375149726868
11,4,448.4534912109375,29.27069664001465,56.01788330078125,50.49451446533203,0.6891879439353943
11,5,360.62384033203125,14.730815887451172,62.236572265625,37.15348434448242,0.8946447372436523
11,8,498.5889892578125,12.452300071716309,30.69635009765625,16.74549102783203,0.5674868226051331
12,1,534.7318725585938,27.291078567504883,45.79638671875,41.45710754394531,0.8125143051147461
12,2,600.4674682617188,94.88877868652344,63.63885498046875,63.708984375,0.7425383925437927
12,3,332.65289306640625,128.56385803222656,76.1370849609375,76.78086853027344,0.7106257677078247
12,4,448.4256286621094,30.127153396606445,55.342376708984375,49.98894500732422,0.6655818819999695
12,5,358.36114501953125,15.923887252807617,62.787811279296875,38.249305725097656,0.8540101647377014
12,8,497.9310302734375,12.689180374145508,32.47894287109375,17.7288875579834,0.5526535511016846
13,1,533.9600830078125,28.398805618286133,46.87969970703125,42.815399169921875,0.8044152855873108
13,2,599.1273803710938,98.2879638671875,66.26202392578125,66.59400939941406,0.6767077445983887
13,3,329.5301513671875,133.88882446289062,76.88995361328125,77.39317321777344,0.8149566650390625
13,4,448.09686279296875,31.504594802856445,54.117431640625,48.772369384765625,0.6680589914321899
13,5,356.2659912109375,18.09894561767578,62.0958251953125,38.556480407714844,0.7801965475082397
13,8,496.9554748535156,13.06017780303955,34.829437255859375,19.095535278320312,0.5028123259544373
14,1,533.1505737304688,29.541122436523438,48.1583251953125,44.46403503417969,0.8101717829704285
14,2,598.7640991210938,102.88326263427734,68.42303466796875,69.13338470458984,0.716715931892395
14,3,325.57977294921875,138.50660705566406,79.71255493164062,80.2137451171875,0.8020427227020264
14,4,445.4986572265625,32.2593994140625,56.093841552734375,50.42755889892578,0.8376836180686951
14,5,354.48968505859375,19.4044246673584,62.17828369140625,39.380043029785156,0.8213585019111633
14,8,496.9772644042969,13.836963653564453,35.488739013671875,19.559734344482422,0.4988867938518524
15,1,532.8558349609375,31.051971435546875,48.319580078125,45.00111389160156,0.8218015432357788
15,2,599.5574340820312,106.1336898803711,70.0572509765625,71.29474639892578,0.6823172569274902
15,3,322.84246826171875,143.61241149902344,80.06539916992188,80.16043090820312,0.8055657148361206
15,4,443.6662902832031,33.53333282470703,57.42510986328125,51.498634338378906,0.8114791512489319
15,5,352.2601013183594,21.396888732910156,61.20220947265625,39.32332992553711,0.774894118309021
15,8,496.5279846191406,14.157431602478027,36.632293701171875,20.294342041015625,0.4822867214679718
16,1,532.7127685546875,32.152565002441406,48.60369873046875,45.64811706542969,0.8040460348129272
16,2,600.294189453125,110.34703063964844,70.813720703125,72.36965942382812,0.7034491896629333
16,3,317.7111511230469,148.3735809326172,82.93600463867188,83.07353210449219,0.7808231711387634
16,4,442.38702392578125,34.70819091796875,58.321075439453125,52.25068664550781,0.7688072323799133
16,5,350.3943176269531,23.48445701599121,60.910186767578125,39.72608947753906,0.7995185852050781
16,8,496.54302978515625,14.155967712402344,36.99945068359375,20.567127227783203,0.5258998274803162
17,1,533.1681518554688,33.95293045043945,47.61865234375,44.805606842041016,0.7765104174613953
17,2,601.7006225585938,114.93650817871094,69.85888671875,71.33250427246094,0.758661687374115
17,3,313.537353515625,154.02381896972656,85.12637329101562,85.39572143554688,0.8071878552436829
17,4,440.9968566894531,36.961875915527344,58.54473876953125,52.68293762207031,0.6326026916503906
17,5,348.6830749511719,25.01775360107422,60.797088623046875,40.22504425048828,0.8540412783622742
17,8,495.6722412109375,14.40239429473877,39.64251708984375,22.254844665527344,0.5395611524581909
18,1,532.6849365234375,35.779598236083984,48.03814697265625,45.43452072143555,0.8264719843864441
18,2,601.1428833007812,119.21047973632812,72.092529296875,73.94770812988281,0.710061252117157
18,3,309.7326965332031,159.56253051757812,85.74380493164062,85.763916015625,0.8261487483978271
18,4,439.829833984375,38.5189208984375,58.391937255859375,52.74305725097656,0.640923023223877
18,5,346.4505920410156,26.70161247253418,60.534027099609375,40.68279266357422,0.8547288179397583
18,8,495.3555908203125,14.720610618591309,40.8272705078125,23.149364471435547,0.5403063893318176
19,1,532.0139770507812,38.270809173583984,49.0164794921875,46.708621978759766,0.7806610465049744
19,2,601.5848999023438,123.4394302368164,73.1971435546875,75.39269256591797,0.6696908473968506
19,3,305.19818115234375,165.6674346923828,88.67855834960938,88.53753662109375,0.7564245462417603
19,4,438.5281677246094,40.116825103759766,58.735748291015625,53.17207717895508,0.6839488744735718
19,5,343.87957763671875,28.791492462158203,59.706451416015625,40.601680755615234,0.8436019420623779
19,8,495.85137939453125,15.420886993408203,40.50250244140625,23.16763687133789,0.5667640566825867
20,1,531.473388671875,39.5177116394043,49.95355224609375,47.883785247802734,0.7621355056762695
20,2,601.1583251953125,127.65845489501953,76.043701171875,78.93379974365234,0.7599940896034241
20,3,299.5085144042969,170.90513610839844,92.80203247070312,92.88066101074219,0.8286088109016418
20,4,437.3641357421875,40.913143157958984,59.61114501953125,54.12791061401367,0.7427912354469299
20,5,341.36846923828125,30.697267532348633,59.45745849609375,40.89392852783203,0.8393615484237671
20,8,495.91925048828125,15.98795223236084,41.19580078125,23.824520111083984,0.6343106031417847
21,1,531.4625244140625,41.28152847290039,50.30560302734375,48.56687545776367,0.7610371708869934
21,2,601.17333984375,131.75973510742188,77.77001953125,81.12229919433594,0.7853094935417175
21,3,295.20159912109375,176.95892333984375,94.0145263671875,94.08038330078125,0.7948470711708069
21,4,436.0697326660156,41.64108657836914,60.305023193359375,54.927425384521484,0.69941645860672
21,5,338.67095947265625,32.25566864013672,59.865325927734375,41.668312072753906,0.8535001873970032
21,8,496.46392822265625,16.117202758789062,41.326904296875,24.138317108154297,0.6587368249893188
22,1,531.009033203125,43.013938903808594,50.611083984375,49.17499542236328,0.7512807250022888
22,2,602.10986328125,137.19436645507812,78.33734130859375,82.12078857421875,0.7743218541145325
22,3,289.1292724609375,182.5480499267578,97.88137817382812,98.14073181152344,0.8646284341812134
22,4,433.87908935546875,42.257530212402344,61.623016357421875,56.307342529296875,0.780673086643219
22,5,336.2209777832031,33.69981384277344,60.676239013671875,42.77986145019531,0.8570954203605652
22,8,495.6349792480469,15.964940071105957,43.762115478515625,25.994617462158203,0.6517482995986938
23,1,529.9500122070312,45.13075637817383,51.081298828125,49.77473068237305,0.7379187345504761
23,2,602.8052368164062,143.08892822265625,79.36187744140625,83.67465209960938,0.7800498604774475
23,3,284.1050109863281,190.3192596435547,100.13742065429688,100.32255554199219,0.8502166271209717
23,4,432.9981384277344,43.525299072265625,61.740020751953125,56.488807678222656,0.8238955736160278
23,5,333.4942321777344,35.66716766357422,60.925048828125,43.45518493652344,0.8903787136077881
23,8,495.2478942871094,16.44232177734375,45.712310791015625,27.697250366210938,0.558947741985321
24,1,529.9390869140625,47.377685546875,51.371826171875,50.30994415283203,0.7979894280433655
24,2,602.5382080078125,147.84982299804688,82.3878173828125,87.55891418457031,0.7874919772148132
24,3,277.316650390625,196.39175415039062,104.14675903320312,104.56991577148438,0.8149424195289612
24,4,431.6519775390625,44.36512756347656,62.19647216796875,57.001007080078125,0.7970165610313416
24,5,330.0870056152344,37.19676208496094,62.130096435546875,44.749046325683594,0.9124699234962463
24,8,494.7928771972656,15.953994750976562,48.100677490234375,29.772747039794922,0.5867230892181396
25,1,528.577880859375,49.04526138305664,52.90667724609375,51.86277389526367,0.7835182547569275
25,2,602.646728515625,152.60137939453125,84.8526611328125,90.68267822265625,0.8137683868408203
25,3,270.3421325683594,203.1126251220703,108.60250854492188,109.43226623535156,0.817847490310669
25,4,430.6607666015625,46.09564208984375,61.894775390625,56.66057586669922,0.8208326697349548
25,5,326.94970703125,39.65064239501953,62.80377197265625,45.819374084472656,0.8533625602722168
25,8,494.7728271484375,14.986207962036133,50.27301025390625,31.910776138305664,0.6101778745651245
26,1,526.9860229492188,51.12881851196289,54.22076416015625,53.01474380493164,0.8008315563201904
26,2,603.5167236328125,158.6046600341797,86.32537841796875,92.74714660644531,0.7838683128356934
26,3,264.6484375,212.3313446044922,110.25070190429688,111.13432312011719,0.8779556155204773
26,4,428.967529296875,47.08776092529297,62.75042724609375,57.50701904296875,0.831217348575592
26,5,324.0523376464844,42.40884780883789,63.175689697265625,46.765804290771484,0.8433797359466553
26,8,494.0916442871094,14.041244506835938,52.411895751953125,34.22715759277344,0.5379437208175659
27,1,528.2265014648438,52.7921028137207,54.5919189453125,53.81206130981445,0.8192275166511536
27,2,604.9046020507812,165.4153594970703,88.1943359375,95.32258605957031,0.6973501443862915
27,3,256.93017578125,218.96856689453125,115.62091064453125,116.99771118164062,0.7832047939300537
27,4,427.5708312988281,48.23796081542969,63.404266357421875,58.134864807128906,0.7288963198661804
27,5,321.11065673828125,44.74081039428711,63.212890625,47.1503791809082,0.7893138527870178
27,8,494.4715270996094,14.072723388671875,53.050445556640625,35.57207489013672,0.4727255702018738
28,1,526.901123046875,54.96906661987305,55.4345703125,54.63259506225586,0.8088470697402954
28,2,605.0057983398438,172.18630981445312,90.1597900390625,98.09371948242188,0.6685466766357422
28,3,249.9723358154297,227.970703125,118.25825500488281,119.74374389648438,0.7408987283706665
28,4,425.789794921875,49.06078338623047,64.33123779296875,58.896575927734375,0.7145492434501648
28,5,317.92083740234375,47.12837600708008,63.3834228515625,47.605045318603516,0.7802021503448486
28,8,495.4905090332031,15.036714553833008,52.443572998046875,36.06336212158203,0.6709663271903992
29,1,525.74853515625,57.31144714355469,56.28759765625,55.58464813232422,0.8113949298858643
29,2,605.7037353515625,179.09474182128906,91.98394775390625,100.57185363769531,0.7516773343086243
29,3,242.20907592773438,237.5198211669922,122.92648315429688,124.73625183105469,0.7366632223129272
29,4,423.7673645019531,50.19437789916992,65.8294677734375,60.23906326293945,0.6533459424972534
29,5,315.39923095703125,49.64684295654297,63.192901611328125,47.70161437988281,0.8068251013755798
29,8,496.1299133300781,16.035993576049805,52.521575927734375,36.997154235839844,0.6896610856056213
30,1,525.2031860351562,60.2139778137207,57.0411376953125,56.30961227416992,0.7930077910423279
30,2,604.643310546875,185.19326782226562,95.752685546875,105.48495483398438,0.7935345768928528
30,3,234.4608612060547,247.24942016601562,126.05998229980469,127.79946899414062,0.8027593493461609
30,4,422.48291015625,51.51392364501953,66.4532470703125,60.86511993408203,0.6202065944671631
30,5,311.9756164550781,51.56719207763672,63.27777099609375,48.06437683105469,0.7834678292274475
30,8,496.64825439453125,16.48200035095215,52.77490234375,38.10376739501953,0.6875209808349609
30,11,595.3475952148438,13.978757858276367,32.919921875,12.87322998046875,0.41219717264175415
31,1,523.6657104492188,62.5428581237793,58.730712890625,58.035396575927734,0.7457066774368286
31,2,604.8360595703125,192.49563598632812,98.60430908203125,109.18002319335938,0.8187720775604248
31,3,223.6119842529297,257.5379638671875,133.37074279785156,135.52197265625,0.811637818813324
31,4,421.5515441894531,53.13188934326172,66.18191528320312,60.5538330078125,0.6720747351646423
31,5,308.46337890625,54.39083480834961,63.078521728515625,47.989253997802734,0.7116665840148926
31,8,496.5060119628906,17.11176300048828,53.661895751953125,39.735557556152344,0.757120668888092
31,11,594.0004272460938,14.185344696044922,37.261474609375,14.611310958862305,0.4813283681869507
32,1,524.8457641601562,66.33309936523438,57.998779296875,57.507972717285156,0.8385535478591919
32,2,604.9066772460938,200.5980224609375,101.6385498046875,113.0831298828125,0.8159794211387634
32,3,215.06715393066406,267.8957214355469,137.7631072998047,140.40902709960938,0.8753564357757568
32,4,419.0697937011719,54.16658020019531,67.49624633789062,61.801734924316406,0.6923822164535522
32,5,304.332763671875,57.74892044067383,64.07012939453125,48.96987533569336,0.8163986802101135
32,8,496.756591796875,17.799413681030273,53.52398681640625,40.69425964355469,0.6838705539703369
32,11,592.4871215820312,13.933013916015625,41.0836181640625,16.20777702331543,0.4949552118778229
33,1,523.7633666992188,67.80317687988281,59.56182861328125,59.32225799560547,0.8369560837745667
33,2,604.9585571289062,209.2828826904297,104.2591552734375,116.47001647949219,0.8434179425239563
33,3,205.1120147705078,279.1973876953125,142.62681579589844,145.50140380859375,0.8616970777511597
33,4,417.6654357910156,55.33587646484375,67.9862060546875,62.25355529785156,0.668835461139679
33,5,300.282958984375,59.974124908447266,65.70443725585938,50.49466323852539,0.8272358775138855
33,8,498.0068054199219,18.782135009765625,52.832916259765625,41.01858139038086,0.6600044369697571
33,11,592.0090942382812,13.924921035766602,42.43719482421875,16.86835479736328,0.4352431297302246
34,1,524.56103515625,71.41316223144531,59.119140625,59.224273681640625,0.7317959666252136
34,2,604.192626953125,217.01162719726562,109.13336181640625,122.66986083984375,0.8641157150268555
34,3,193.87612915039062,289.1707763671875,150.51992797851562,154.17276000976562,0.8721757531166077
34,4,416.5451354980469,57.38517379760742,67.94046020507812,62.18539047241211,0.6838620901107788
34,5,295.7681579589844,62.30228042602539,66.98263549804688,51.84244155883789,0.8013592958450317
34,8,499.0982666015625,20.7148494720459,51.881591796875,40.95140838623047,0.6482669711112976
34,11,590.5577392578125,13.898455619812012,45.70147705078125,18.396827697753906,0.42870238423347473
35,1,524.1011352539062,74.25337219238281,59.8125,60.28770446777344,0.7456778883934021
35,2,605.1343383789062,225.88365173339844,112.460205078125,126.79124450683594,0.8432657122612
35,3,182.36585998535156,302.7483215332031,155.9622344970703,160.12429809570312,0.8271477222442627
35,4,415.6485290527344,59.69904327392578,68.0318603515625,62.255348205566406,0.6285635232925415
35,5,292.3394775390625,65.90946197509766,67.268310546875,52.14404296875,0.7329190373420715
35,8,500.20111083984375,22.91670799255371,50.744384765625,40.5633544921875,0.6499805450439453
35,11,589.894775390625,13.953856468200684,47.27911376953125,19.307022094726562,0.45049771666526794
36,1,523.6492309570312,77.45146942138672,60.5523681640625,61.28571319580078,0.8126491904258728
36,2,605.7432861328125,236.7105255126953,115.73809814453125,130.99476623535156,0.8385863900184631
36,3,168.3903045654297,314.27423095703125,165.11351013183594,170.23739624023438,0.8633792400360107
36,4,414.1265563964844,62.068206787109375,69.01693725585938,63.147804260253906,0.5889219045639038
36,5,287.3348693847656,69.26200866699219,68.407958984375,53.37395477294922,0.8114142417907715
36,8,501.4309387207031,24.548593521118164,50.336822509765625,40.64788818359375,0.6473137140274048
36,11,588.9295654296875,14.010030746459961,48.5068359375,20.13909339904785,0.4428214132785797
37,1,523.2771606445312,80.3962631225586,60.994384765625,61.89917755126953,0.7934929728507996
37,2,605.2964477539062,247.2425537109375,120.5654296875,137.47293090820312,0.8681947588920593
37,3,153.90338134765625,328.2667541503906,174.03564453125,180.11041259765625,0.6469378471374512
37,4,412.66015625,64.4149169921875,69.35098266601562,63.44379425048828,0.41085922718048096
37,5,283.0933532714844,72.6101303100586,68.5545654296875,53.591827392578125,0.7566151022911072
37,8,501.8689270019531,25.771692276000977,50.806793212890625,41.48870849609375,0.6719403862953186
37,11,588.25341796875,13.901266098022461,50.16778564453125,21.187746047973633,0.6200935244560242
38,1,522.3910522460938,84.03141784667969,62.37506103515625,63.49835205078125,0.7024852633476257
38,2,605.97705078125,257.55206298828125,124.75201416015625,143.20828247070312,0.7839887738227844
38,3,139.69992065429688,343.70849609375,180.89016723632812,187.5472412109375,0.6470927000045776
38,4,410.5141906738281,65.57089233398438,70.703369140625,64.73831176757812,0.494307279586792
38,5,277.75067138671875,75.28272247314453,70.89334106445312,55.672019958496094,0.6638644933700562
38,8,501.8221130371094,27.411258697509766,50.943267822265625,42.14396286010742,0.6919132471084595
38,11,586.6281127929688,14.102995872497559,53.48675537109375,23.11678695678711,0.5909797549247742
39,1,521.7568969726562,86.86144256591797,64.2008056640625,65.83867645263672,0.7578017115592957
39,2,606.2964477539062,269.0014343261719,129.6143798828125,149.96853637695312,0.8056530952453613
39,3,132.39959716796875,360.7508850097656,174.0108642578125,178.16201782226562,0.6433111429214478
39,4,408.854736328125,67.02139282226562,71.05856323242188,64.91116333007812,0.3801095485687256
39,5,274.1582946777344,79.29708862304688,70.53134155273438,55.47686767578125,0.7929372191429138
39,8,501.9641418457031,29.24234390258789,50.982879638671875,42.76890182495117,0.7165993452072144
39,11,585.662109375,14.53870964050293,55.45550537109375,24.561555862426758,0.6129526495933533
40,1,521.5845947265625,89.8495101928711,64.34466552734375,66.29261016845703,0.7405996918678284
40,2,606.6964721679688,278.1745300292969,136.22686767578125,159.11587524414062,0.7906021475791931
40,3,126.78427124023438,377.07763671875,164.55599975585938,162.92236328125,0.5975877046585083
40,4,407.3801574707031,67.97834014892578,71.8665771484375,65.62618255615234,0.5305236577987671
40,5,269.0881652832031,82.54700469970703,72.07717895507812,56.973731994628906,0.753092885017395
40,8,501.98272705078125,30.403017044067383,51.642578125,43.854270935058594,0.6937678456306458
40,11,585.485107421875,14.70664119720459,57.03277587890625,25.88829803466797,0.5529487729072571
41,1,521.1707763671875,93.87371826171875,64.6561279296875,66.88133239746094,0.7176560163497925
41,2,604.9385375976562,284.5475158691406,146.60333251953125,173.794677734375,0.7355514764785767
41,3,122.43666076660156,395.1022033691406,153.2493133544922,144.89779663085938,0.7515531182289124
41,4,405.5113525390625,70.20679473876953,71.6016845703125,65.48319244384766,0.5089855194091797
41,5,264.0621337890625,85.70448303222656,73.81033325195312,58.40281677246094,0.8134641051292419
41,8,502.3558349609375,32.411556243896484,51.2738037109375,43.96799087524414,0.6890949606895447
41,11,585.4349365234375,15.174473762512207,57.99285888671875,26.983985900878906,0.5983114838600159
42,1,520.6023559570312,96.527587890625,65.7559814453125,68.33718872070312,0.7558741569519043
42,2,605.8788452148438,302.93328857421875,148.7952880859375,178.06304931640625,0.7258737683296204
42,3,119.88980865478516,414.3864440917969,141.09930419921875,125.61355590820312,0.6767805218696594
42,4,402.3815612792969,71.72676086425781,72.87548828125,66.99742126464844,0.377762109041214
42,5,258.81591796875,88.54246520996094,75.65982055664062,59.95903015136719,0.7151264548301697
42,8,502.6088562011719,34.35227584838867,50.852935791015625,44.00014114379883,0.6311976313591003
42,11,584.0503540039062,14.708020210266113,59.42327880859375,28.51040267944336,0.5239149332046509
43,1,520.584716796875,100.42728424072266,66.1644287109375,69.0766372680664,0.7615789771080017
43,2,606.4650268554688,319.27435302734375,154.2666015625,186.32427978515625,0.8177314400672913
43,3,119.84175872802734,434.2251281738281,126.7374496459961,105.77487182617188,0.7113635540008545
43,4,400.52606201171875,72.68498229980469,74.35482788085938,68.60421752929688,0.39513668417930603
43,5,254.37730407714844,93.5550765991211,75.58067321777344,59.91643524169922,0.7602800726890564
43,8,503.5475769042969,35.873985290527344,49.960235595703125,43.42377471923828,0.6536398530006409
43,11,583.5535278320312,14.2422513961792,60.0255126953125,29.746559143066406,0.4992968738079071
44,1,517.9849853515625,102.40723419189453,69.5989990234375,73.48912811279297,0.712029218673706
44,2,606.2894897460938,333.62384033203125,160.795654296875,196.1956787109375,0.8025016188621521
44,3,121.52959442138672,455.0621337890625,109.50334930419922,84.9378662109375,0.6197434663772583
44,4,398.1773986816406,75.0317153930664,74.24691772460938,68.86113739013672,0.3719770610332489
44,5,248.95596313476562,97.29754638671875,76.711181640625,60.84596252441406,0.774314820766449
44,8,503.8578186035156,36.92552947998047,51.417205810546875,45.1397705078125,0.7229783535003662
44,11,583.0781860351562,13.781972885131836,61.9151611328125,31.672090530395508,0.5167059302330017
45,1,518.6505737304688,106.97533416748047,69.57525634765625,73.73571014404297,0.6691982746124268
45,2,613.462158203125,350.2821960449219,155.349365234375,189.28189086914062,0.6582514643669128
45,3,123.27120971679688,479.11602783203125,89.11956787109375,60.88397216796875,0.678831160068512
45,4,396.7463073730469,77.44902038574219,73.73910522460938,68.19557189941406,0.613572359085083
45,5,242.28810119628906,100.92313385009766,79.99440002441406,63.64769744873047,0.7869383096694946
45,8,504.69842529296875,39.044090270996094,51.33251953125,45.46760559082031,0.8211539387702942
45,11,580.9381103515625,13.2433500289917,66.65155029296875,35.38554000854492,0.7204796671867371
46,1,517.85693359375,111.62239074707031,70.878173828125,75.65107727050781,0.717157781124115
46,2,620.8961181640625,368.0235290527344,146.19952392578125,171.97647094726562,0.6074969172477722
46,4,394.9894714355469,79.50169372558594,73.95721435546875,68.22633361816406,0.5518930554389954
46,5,235.71240234375,104.9508285522461,82.36544799804688,65.66275787353516,0.8396815657615662
46,8,504.6440124511719,40.186737060546875,52.310943603515625,46.810997009277344,0.8210660219192505
46,11,580.7874755859375,13.54193115234375,67.7506103515625,37.40412521362305,0.7292099595069885
47,1,517.21826171875,115.37354278564453,71.87139892578125,77.0945816040039,0.7513056397438049
47,2,629.7158813476562,386.1059875488281,135.17901611328125,153.89401245117188,0.44715946912765503
47,4,393.07232666015625,81.32716369628906,75.50265502929688,69.48612976074219,0.5271475315093994
47,5,229.9500732421875,107.98247528076172,83.90341186523438,66.97447967529297,0.8261131048202515
47,8,504.6538391113281,41.59189224243164,53.072174072265625,47.995059967041016,0.8276379704475403
47,11,581.1298828125,13.932113647460938,67.55987548828125,38.72373962402344,0.6965476274490356
48,1,516.8070678710938,120.51142883300781,72.3946533203125,78.07882690429688,0.7626822590827942
48,2,638.591064453125,404.56451416015625,123.85595703125,135.43548583984375,0.6400496363639832
48,4,391.1689758300781,84.27362060546875,76.14984130859375,69.86036682128906,0.5697537660598755
48,5,222.52279663085938,112.26822662353516,88.25350952148438,70.8198013305664,0.7776162028312683
48,8,505.1585388183594,43.7318000793457,52.650726318359375,47.99338150024414,0.841315507888794
48,11,581.4544677734375,14.52851390838623,67.51416015625,40.16357421875,0.7217409014701843
49,1,516.3451538085938,125.1178970336914,72.9599609375,79.1005630493164,0.7445248961448669
49,2,645.465576171875,426.01959228515625,110.61578369140625,113.98040771484375,0.37031078338623047
49,4,389.6768798828125,86.36217498779297,75.89694213867188,69.2028579711914,0.44762155413627625
49,5,215.76568603515625,116.83309173583984,89.63262939453125,72.18291473388672,0.8209786415100098
49,8,505.6466369628906,45.429710388183594,52.740325927734375,48.48883056640625,0.8395728468894958
49,11,582.481201171875,15.217303276062012,66.0684814453125,40.76222229003906,0.7155655026435852
50,1,514.7540283203125,128.52589416503906,75.693603515625,82.67694091796875,0.7473095655441284
50,2,653.54833984375,449.5540466308594,95.29864501953125,90.44595336914062,0.3847888708114624
50,4,387.78070068359375,88.43665313720703,76.39923095703125,69.32457733154297,0.35725781321525574
50,5,208.6969451904297,120.43672180175781,92.12666320800781,74.45445251464844,0.8027114868164062
50,8,505.8827819824219,47.253292083740234,53.237457275390625,49.3200569152832,0.8441314101219177
50,11,583.1918334960938,16.028146743774414,64.48565673828125,41.160308837890625,0.6772465705871582
51,1,514.2655029296875,133.1587371826172,76.61871337890625,84.07656860351562,0.7462486624717712
51,4,384.66754150390625,90.31397247314453,78.1761474609375,71.00812530517578,0.40034133195877075
51,5,202.0316925048828,124.98960876464844,91.14839172363281,73.71315002441406,0.7453893423080444
51,8,505.27020263671875,48.969913482666016,54.70751953125,51.32185745239258,0.8646643757820129
51,11,583.3670654296875,17.670377731323242,64.26031494140625,42.40687561035156,0.661169707775116
52,1,513.2396850585938,138.2410888671875,79.2381591796875,87.40501403808594,0.7430859208106995
52,4,381.63848876953125,92.56491088867188,79.34164428710938,71.84815979003906,0.4868994653224945
52,5,193.51719665527344,129.97564697265625,94.74671936035156,76.81446838378906,0.741425633430481
52,8,505.3568420410156,51.33519744873047,54.238616943359375,51.28900909423828,0.8376621007919312
52,11,584.1609497070312,19.404632568359375,63.165771484375,42.9975700378418,0.7170285582542419
53,1,512.3619995117188,144.3419647216797,80.64691162109375,89.42555236816406,0.756014883518219
53,4,378.9526672363281,93.03174591064453,81.36404418945312,73.59784698486328,0.5019195079803467
53,5,185.67332458496094,135.0337677001953,97.39582824707031,79.1331787109375,0.7097118496894836
53,8,505.8227233886719,53.78728103637695,53.779876708984375,51.22880172729492,0.8608685731887817
53,11,584.6884155273438,21.37603759765625,62.1636962890625,43.51152801513672,0.7792547345161438
54,1,511.0911560058594,149.3805694580078,82.19351196289062,91.60664367675781,0.7967424392700195
54,4,376.20068359375,93.94590759277344,83.49948120117188,75.617919921875,0.5648838877677917
54,5,178.2335968017578,140.78692626953125,98.36039733886719,79.88595581054688,0.7927141189575195
54,8,506.5745544433594,55.80430221557617,53.639190673828125,51.48299026489258,0.8509265780448914
54,11,585.4480590820312,23.239221572875977,61.125732421875,43.960655212402344,0.7372119426727295
55,1,509.4351501464844,154.98822021484375,84.32394409179688,94.54156494140625,0.7882213592529297
55,4,371.7077331542969,94.95037078857422,88.37380981445312,80.56298065185547,0.6792794466018677
55,5,169.2998046875,146.07594299316406,101.38131713867188,82.34848022460938,0.8067294359207153
55,8,506.2395935058594,57.55769729614258,53.928253173828125,52.20155715942383,0.828926146030426
55,11,587.1946411132812,25.28158950805664,58.4166259765625,42.96360397338867,0.7332860827445984
56,1,507.8340759277344,159.15647888183594,87.28109741210938,98.62413024902344,0.7704683542251587
56,4,369.5881652832031,96.50104522705078,88.93527221679688,81.43067169189453,0.608249843120575
56,5,160.6340789794922,152.3086395263672,102.45170593261719,82.95436096191406,0.795495867729187
56,8,506.3019714355469,59.30442428588867,53.990997314453125,52.583492279052734,0.805595874786377
56,11,587.8417358398438,26.61117172241211,58.16680908203125,43.748477935791016,0.8273758292198181
57,1,508.0915222167969,166.08120727539062,87.50723266601562,99.21307373046875,0.7974410057067871
57,4,366.5259704589844,97.77418518066406,90.22348022460938,82.83612060546875,0.5903189182281494
57,5,151.84043884277344,158.10824584960938,104.38624572753906,84.39970397949219,0.7567766308784485
57,8,506.0206298828125,61.72016143798828,53.77850341796875,52.655799865722656,0.7687589526176453
57,11,588.8816528320312,28.380474090576172,57.1043701171875,43.77957534790039,0.7177109122276306
57,17,570.5521850585938,12.792144775390625,40.05303955078125,16.748294830322266,0.36481401324272156
58,1,506.21356201171875,172.6334991455078,89.3695068359375,101.94215393066406,0.8021992444992065
58,4,364.8509216308594,99.81385803222656,89.33990478515625,82.04951477050781,0.5685152411460876
58,5,141.20074462890625,165.00904846191406,108.65287780761719,87.67094421386719,0.7543173432350159
58,8,505.85321044921875,64.13373565673828,54.5189208984375,53.68395233154297,0.7771913409233093
58,11,588.872802734375,29.95198631286621,57.5721435546875,45.02680206298828,0.683702290058136
58,17,570.3779907226562,13.402565002441406,42.06976318359375,17.62680435180664,0.313524454832077
58,19,487.78082275390625,12.61001968383789,40.98040771484375,16.355356216430664,0.47163036465644836
59,1,504.8546447753906,178.67526245117188,91.62350463867188,105.1685791015625,0.7931085824966431
59,4,362.28179931640625,103.06355285644531,88.91229248046875,81.61143493652344,0.5564002990722656
59,5,130.0536651611328,171.049072265625,112.57444763183594,90.84671020507812,0.8265146613121033
59,8,505.1776428222656,66.8183364868164,56.277801513671875,55.76777648925781,0.8183577656745911
59,11,589.5459594726562,31.873794555664062,56.26263427734375,44.743438720703125,0.6865871548652649
59,19,486.582763671875,12.69246768951416,42.39654541015625,16.981334686279297,0.368761271238327
60,1,503.56005859375,185.32827758789062,94.99334716796875,109.95303344726562,0.830359160900116
60,4,358.8542785644531,105.83684539794922,89.91607666015625,82.38187408447266,0.6843960881233215
60,5,119.9925537109375,178.48741149902344,114.88291931152344,92.24580383300781,0.7729001045227051
60,8,505.1532287597656,69.52498626708984,56.440582275390625,56.26121520996094,0.870324432849884
60,11,589.3840942382812,33.052852630615234,56.9404296875,46.15292739868164,0.6729157567024231
60,19,487.6703186035156,13.789161682128906,40.530609130859375,16.289247512817383,0.4488978385925293
60,17,568.0464477539062,13.654500007629395,46.2064208984375,19.511459350585938,0.29445722699165344
61,1,502.51837158203125,192.23751831054688,97.4765625,113.56997680664062,0.8062834739685059
61,4,355.37371826171875,108.24974822998047,91.43240356445312,83.69271087646484,0.6215440034866333
61,5,108.00167846679688,185.45452880859375,119.94223022460938,96.1962890625,0.7767065167427063
61,8,505.1326599121094,71.9976577758789,56.474761962890625,56.575294494628906,0.8494545817375183
61,11,589.7105102539062,34.99374008178711,57.01422119140625,47.14653396606445,0.5340662598609924
61,19,487.10955810546875,14.211615562438965,41.26116943359375,16.69345474243164,0.4479609429836273
61,17,567.0653686523438,14.041275024414062,47.70855712890625,20.375625610351562,0.3343966603279114
62,1,500.8185119628906,198.74496459960938,100.45718383789062,117.85055541992188,0.754808247089386
62,4,351.8798522949219,109.44359588623047,92.770751953125,84.77718353271484,0.7354813814163208
62,5,95.25569152832031,192.1217498779297,124.51705932617188,99.56999206542969,0.7398191690444946
62,8,505.5547790527344,74.5000991821289,56.432403564453125,56.81481170654297,0.759509801864624
62,11,590.4959716796875,37.62312698364258,56.12493896484375,47.04671859741211,0.6945887804031372
62,19,485.2315368652344,14.215173721313477,43.987457275390625,17.9905948638916,0.44978225231170654
62,17,566.071533203125,14.361804962158203,49.94891357421875,21.59686279296875,0.3899659514427185
63,1,499.11785888671875,206.0304718017578,101.1446533203125,118.85893249511719,0.8300667405128479
63,4,348.08721923828125,112.48246765136719,94.09280395507812,85.88529968261719,0.6709109544754028
63,5,81.96305847167969,200.9895477294922,128.47300720214844,102.43269348144531,0.7485474944114685
63,8,506.4069519042969,77.99954986572266,55.749786376953125,56.099327087402344,0.859515368938446
63,11,590.6781616210938,39.33832550048828,55.82794189453125,47.39756774902344,0.7391128540039062
63,19,484.1524658203125,14.2500581741333,44.9527587890625,18.60218048095703,0.4687668979167938
63,17,565.3699340820312,14.498672485351562,51.36761474609375,22.54389190673828,0.409521222114563
64,1,496.2723693847656,215.2484588623047,105.58816528320312,124.53678894042969,0.8386014103889465
64,4,343.51165771484375,115.07296752929688,96.1939697265625,87.7958984375,0.6466415524482727
64,5,67.09033966064453,208.44244384765625,134.35995483398438,107.05062866210938,0.6995417475700378
64,8,506.3497619628906,80.1668701171875,56.853729248046875,57.422821044921875,0.8568969368934631
64,11,590.23876953125,40.76523971557617,57.05859375,49.1464729309082,0.77195143699646
64,19,483.0731506347656,14.319868087768555,45.977386474609375,19.295320510864258,0.49885085225105286
64,17,563.8831176757812,14.54749870300293,54.09075927734375,24.222307205200195,0.49129146337509155
65,1,494.5002746582031,223.74465942382812,109.06369018554688,129.23995971679688,0.7886644601821899
65,4,339.90008544921875,117.9074935913086,97.11257934570312,88.47437286376953,0.7520989775657654
65,5,52.101219177246094,216.55567932128906,139.4207763671875,110.88661193847656,0.7228983640670776
65,8,504.2695007324219,82.0848159790039,59.759490966796875,60.97783660888672,0.799178421497345
65,11,590.6195068359375,43.06745910644531,56.63165283203125,49.33122253417969,0.6102119088172913
65,19,482.32684326171875,14.376607894897461,46.53961181640625,19.842153549194336,0.5328139662742615
65,17,562.2195434570312,14.505647659301758,56.73626708984375,26.051782608032227,0.44982072710990906
66,1,493.6266784667969,233.6466827392578,111.71841430664062,132.98915100097656,0.7959522604942322
66,4,336.1047668457031,120.63756561279297,98.20147705078125,89.1500015258789,0.6211989521980286
66,5,36.83057403564453,225.33145141601562,145.94354248046875,115.8134765625,0.7531529664993286
66,8,503.2721862792969,85.72445678710938,60.971771240234375,62.7647705078125,0.7639884948730469
66,11,591.0792236328125,44.85865020751953,56.597412109375,49.77821350097656,0.6255147457122803
66,19,481.7272644042969,14.433868408203125,47.052520751953125,20.383262634277344,0.5075048804283142
66,17,560.9719848632812,14.263648986816406,59.05914306640625,27.904193878173828,0.4229901134967804
66,21,393.48095703125,13.820584297180176,43.676971435546875,19.703880310058594,0.3883882761001587
67,1,491.6882629394531,242.60484313964844,114.72341918945312,136.9836883544922,0.8144587874412537
67,4,331.0809020996094,122.66790008544922,102.18148803710938,92.98531341552734,0.6726016402244568
67,5,20.365921020507812,234.83058166503906,153.17518615722656,121.40098571777344,0.8073770999908447
67,8,502.7720642089844,88.87084197998047,61.416412353515625,63.60675811767578,0.8666793704032898
67,11,591.5712890625,46.93911361694336,56.24017333984375,49.95387649536133,0.6962444186210632
67,19,480.14483642578125,14.778902053833008,49.39654541015625,21.85650062561035,0.5660897493362427
67,17,559.0428466796875,13.876696586608887,62.5357666015625,30.566852569580078,0.43150511384010315
67,21,390.56292724609375,13.694281578063965,48.297821044921875,21.856979370117188,0.4591459631919861
68,1,488.6016540527344,252.33871459960938,120.16085815429688,144.42459106445312,0.8055586814880371
68,4,327.7870788574219,124.99325561523438,102.76974487304688,93.49259948730469,0.7931954264640808
68,5,3.295830011367798,245.41128540039062,160.23370361328125,127.12640380859375,0.8401235342025757
68,8,502.5054016113281,91.74263763427734,61.404693603515625,63.907203674316406,0.9086676239967346
68,11,591.5618286132812,48.84785842895508,56.81365966796875,50.8665657043457,0.651507556438446
68,19,479.1213073730469,15.212063789367676,50.753692626953125,22.972881317138672,0.5531583428382874
68,17,558.0964965820312,13.881769180297852,64.42657470703125,32.632293701171875,0.5632064938545227
68,21,387.70855712890625,14.160003662109375,50.917144775390625,23.159202575683594,0.5019974112510681
69,1,485.1990966796875,261.51171875,124.7889404296875,151.00827026367188,0.8285097479820251
69,4,324.8723449707031,128.08558654785156,103.13052368164062,93.62997436523438,0.8197880983352661
69,5,0.0,254.56138610839844,157.02468872070312,132.39515686035156,0.8818532824516296
69,8,501.5445251464844,94.6880111694336,63.022796630859375,65.9578628540039,0.7808639407157898
69,11,591.02978515625,50.61832809448242,57.8612060546875,52.44521713256836,0.7496619820594788
69,19,478.2145690917969,15.144479751586914,52.112213134765625,24.14335060119629,0.6176398396492004
69,17,557.92626953125,14.183514595031738,64.59820556640625,33.87006378173828,0.6129200458526611
69,21,386.08740234375,14.16966438293457,52.138671875,23.857423782348633,0.5049604177474976
70,1,481.79583740234375,272.9441833496094,129.297119140625,157.44287109375,0.8505474328994751
70,4,320.90216064453125,131.22103881835938,105.12362670898438,95.5784912109375,0.8383097648620605
70,5,0.0,264.1978759765625,153.69273376464844,141.12826538085938,0.8747878074645996
70,8,501.55279541015625,97.11659240722656,62.8521728515625,65.9127197265625,0.8166325688362122
70,11,591.1913452148438,52.7270622253418,57.8690185546875,52.94662857055664,0.7452396154403687
70,19,477.1638488769531,15.093283653259277,53.056182861328125,25.230484008789062,0.614801287651062
70,17,557.638671875,14.37700080871582,64.9302978515625,35.322898864746094,0.6141863465309143
70,21,384.68310546875,14.287211418151855,52.75714111328125,24.322811126708984,0.5110124349594116
71,1,478.87847900390625,286.1053161621094,133.003173828125,162.41232299804688,0.7844746708869934
71,4,316.581787109375,133.68115234375,106.61105346679688,96.94761657714844,0.8396202325820923
71,5,0.0,275.98199462890625,146.87799072265625,145.05023193359375,0.8394525051116943
71,8,500.0011291503906,101.0497055053711,63.761505126953125,67.17395782470703,0.765324056148529
71,11,591.9030151367188,55.24005889892578,57.3074951171875,52.81642150878906,0.7285212874412537
71,19,475.99200439453125,14.87658405303955,54.02703857421875,26.426799774169922,0.5861154794692993
71,17,558.3948364257812,14.678812980651855,63.72076416015625,35.914398193359375,0.6668945550918579
71,21,380.708251953125,14.048951148986816,57.6883544921875,26.93946075439453,0.5557460188865662
72,1,475.3518981933594,298.40032958984375,139.45858764648438,171.52328491210938,0.8351308703422546
72,4,312.62799072265625,138.16624450683594,106.95327758789062,97.22674560546875,0.7981160879135132
72,5,0.0,287.93499755859375,142.447509765625,153.40386962890625,0.7503752112388611
72,8,498.0399475097656,104.06514739990234,67.21463012695312,71.42705535888672,0.8494330048561096
72,11,591.6854858398438,57.3791389465332,58.11920166015625,54.08437728881836,0.7073195576667786
72,19,474.5953369140625,14.253129005432129,55.9549560546875,28.23062515258789,0.6075615286827087
72,17,557.6959838867188,15.601099967956543,64.897216796875,37.91366195678711,0.7028484344482422
72,21,376.823974609375,13.266366004943848,62.765106201171875,29.84734344482422,0.6143612265586853
73,1,472.0350341796875,310.8085021972656,147.1055908203125,182.42208862304688,0.830040693283081
73,4,307.37506103515625,141.63800048828125,109.318115234375,99.392578125,0.8065446615219116
73,5,0.0,301.1384582519531,134.15782165527344,159.16714477539062,0.7149930000305176
73,8,497.8744201660156,107.35640716552734,67.24563598632812,71.7565689086914,0.7841734886169434
73,11,591.3613891601562,59.86433792114258,58.77435302734375,55.2299919128418,0.6777687668800354
73,19,473.3331604003906,14.001618385314941,57.842620849609375,30.14236831665039,0.6503373384475708
73,17,556.9202880859375,16.247970581054688,66.21484375,40.18495559692383,0.7544930577278137
73,21,374.06005859375,12.66368579864502,64.52865600585938,31.294567108154297,0.5558727383613586
74,1,467.6459045410156,325.8172302246094,155.90768432617188,195.37686157226562,0.7698307037353516
74,4,303.0762634277344,144.8396759033203,109.69253540039062,99.42799377441406,0.8430320620536804
74,5,0.0,314.19970703125,122.2799301147461,158.71746826171875,0.4661378264427185
74,8,496.47454833984375,111.6489486694336,68.98223876953125,74.25601959228516,0.7594108581542969
74,11,591.47802734375,62.037296295166016,59.01141357421875,56.00309371948242,0.6947227120399475
74,19,472.12060546875,14.403964042663574,58.500732421875,31.453105926513672,0.6175074577331543
74,17,557.3504028320312,16.887571334838867,65.62786865234375,41.349090576171875,0.7026010155677795
74,21,370.8924560546875,12.10219955444336,67.621826171875,33.55860137939453,0.6749656200408936
75,1,466.8286437988281,341.2173767089844,154.87472534179688,194.84426879882812,0.7251821160316467
75,4,297.49365234375,146.72418212890625,113.88922119140625,103.3597412109375,0.823658287525177
75,8,495.8819580078125,115.39861297607422,68.61175537109375,74.09453582763672,0.7974776029586792
75,11,591.4866333007812,64.36981964111328,59.534912109375,56.9716796875,0.7233415842056274
75,19,466.7098083496094,13.41079044342041,61.398406982421875,33.54861831665039,0.629442572593689
75,17,557.7068481445312,18.00812339782715,64.98492431640625,42.38252258300781,0.6714161038398743
75,21,368.942138671875,12.374491691589355,69.65213012695312,35.40735626220703,0.7140601873397827
75,22,0.0,329.94708251953125,67.85577392578125,134.37765502929688,0.4852887988090515
76,1,469.2955627441406,356.7505187988281,148.60855102539062,183.24948120117188,0.7329785227775574
76,4,291.81072998046875,149.69544982910156,115.91802978515625,105.15785217285156,0.733647882938385
76,8,494.59002685546875,119.6432113647461,70.55084228515625,76.80558013916016,0.7553492784500122
76,11,590.3901977539062,66.8480224609375,61.16717529296875,59.01091003417969,0.7710627913475037
76,19,464.6627502441406,12.893566131591797,62.591644287109375,34.8720588684082,0.5974971055984497
76,17,558.986572265625,20.400962829589844,61.6466064453125,41.436622619628906,0.7154548764228821
76,21,367.21881103515625,12.775106430053711,70.30032348632812,36.602134704589844,0.7738857269287109
76,22,0.0,344.3785705566406,53.684059143066406,117.75875854492188,0.4430371820926666
77,1,474.0671691894531,375.6910705566406,138.09194946289062,164.30892944335938,0.7744485139846802
77,4,286.17193603515625,153.58758544921875,118.33929443359375,107.48605346679688,0.6410524845123291
77,8,494.6841125488281,123.70537567138672,69.78073120117188,76.1497573852539,0.8339666724205017
77,11,590.4354248046875,69.70655822753906,61.043212890625,59.16986083984375,0.7551171779632568
77,19,466.02716064453125,13.456323623657227,62.27508544921875,35.71832275390625,0.6158322095870972
77,17,560.3027954101562,22.491376876831055,59.2454833984375,40.86183166503906,0.6781438589096069
77,21,366.65509033203125,13.992696762084961,68.20123291015625,36.29388427734375,0.7553128600120544
77,22,0.0,362.3251037597656,40.706573486328125,108.26922607421875,0.4949943721294403
78,1,476.90380859375,395.2649230957031,126.972412109375,144.73507690429688,0.8149018883705139
78,4,280.19793701171875,157.10064697265625,120.40985107421875,109.29855346679688,0.7386906147003174
78,8,493.3940734863281,126.32279205322266,71.26937866210938,78.1437759399414,0.8105301856994629
78,11,590.8246459960938,72.62125396728516,60.254150390625,58.66521453857422,0.7664505243301392
78,19,464.701416015625,13.541727066040039,62.92034912109375,37.09649658203125,0.6741200089454651
78,17,560.6146850585938,24.848901748657227,57.844482421875,40.88307189941406,0.6846892833709717
78,21,363.80841064453125,15.171614646911621,70.13955688476562,38.36201477050781,0.7887235283851624
79,1,482.5267028808594,416.2088317871094,115.73574829101562,123.79116821289062,0.7507105469703674
79,4,274.8785095214844,161.20042419433594,122.00534057617188,110.55119323730469,0.757684588432312
79,8,491.54376220703125,129.87432861328125,73.12225341796875,80.64591979980469,0.7461821436882019
79,11,590.8955078125,74.82426452636719,60.8900146484375,59.66978454589844,0.7161924242973328
79,19,464.1243896484375,14.246282577514648,62.4483642578125,37.74397277832031,0.7486052513122559
79,17,560.5702514648438,26.904394149780273,56.59735107421875,40.999000549316406,0.676682710647583
79,21,362.38348388671875,16.639633178710938,68.44122314453125,38.31462478637695,0.7389810085296631
80,1,491.1247863769531,438.71209716796875,101.10269165039062,101.28790283203125,0.7739754915237427
80,4,268.26007080078125,165.51014709472656,125.40478515625,113.53065490722656,0.7525095343589783
80,8,491.0755615234375,135.3251190185547,72.87957763671875,80.5897216796875,0.6465082168579102
80,11,590.2035522460938,77.85214233398438,61.94329833984375,61.14219665527344,0.7602387070655823
80,19,463.75634765625,14.701399803161621,61.789306640625,38.22506332397461,0.7951468825340271
80,17,560.7836303710938,28.40601921081543,55.9940185546875,41.49668884277344,0.7363567352294922
80,21,360.8247985839844,18.01590919494629,68.33758544921875,39.07921600341797,0.7992400527000427
81,1,499.572265625,464.0291442871094,84.72174072265625,75.97085571289062,0.4913684129714966
81,4,260.9485778808594,168.51483154296875,128.8760986328125,116.7259521484375,0.6999152302742004
81,8,490.576904296875,139.98146057128906,73.2294921875,81.19889831542969,0.676131010055542
81,11,589.1524047851562,79.25746154785156,63.31787109375,63.00480651855469,0.6984116435050964
81,19,463.275146484375,15.312065124511719,60.87774658203125,38.47624969482422,0.7998901605606079
81,17,560.63134765625,30.120927810668945,56.31561279296875,42.650299072265625,0.799221396446228
81,21,358.3663024902344,19.986642837524414,68.42327880859375,40.102622985839844,0.7435339093208313
82,4,254.3104248046875,172.1733856201172,130.8931884765625,118.39970397949219,0.7436673641204834
82,8,490.3686218261719,145.46566772460938,72.93612670898438,80.88642883300781,0.7697703838348389
82,11,588.7982788085938,83.10887145996094,64.2950439453125,64.38597106933594,0.7445181608200073
82,19,462.4547119140625,15.785819053649902,60.9578857421875,39.37480163574219,0.8242636919021606
82,17,561.450927734375,32.44679641723633,54.96026611328125,42.4291877746582,0.7777472734451294
82,21,357.3135070800781,20.833099365234375,67.48580932617188,40.371646881103516,0.7837283611297607
83,4,246.42210388183594,175.90907287597656,134.82908630371094,122.18382263183594,0.7637192010879517
83,8,488.15582275390625,149.6475830078125,75.510498046875,84.10560607910156,0.8040384650230408
83,11,588.056884765625,85.78722381591797,66.0601806640625,66.7758560180664,0.6802587509155273
83,19,462.4842224121094,16.63800811767578,60.275482177734375,39.7654914855957,0.8393173217773438
83,17,560.717041015625,33.8746452331543,55.64068603515625,43.8887825012207,0.7970412373542786
83,21,355.80377197265625,22.561227798461914,66.21209716796875,40.352378845214844,0.7821118831634521
84,4,239.56686401367188,180.54319763183594,136.74911499023438,123.78733825683594,0.6782268285751343
84,8,485.6989440917969,154.99853515625,78.31045532226562,87.58737182617188,0.7669112086296082
84,11,587.1175537109375,88.43861389160156,66.62445068359375,67.76521301269531,0.7393978238105774
84,19,461.9271240234375,17.21971893310547,60.3387451171875,40.66294860839844,0.8299543857574463
84,17,560.2924194335938,35.374629974365234,56.23553466796875,45.26511001586914,0.7736311554908752
84,21,353.6593322753906,23.960927963256836,66.35653686523438,41.26307678222656,0.8312678933143616
85,4,232.08897399902344,184.84730529785156,140.0900421142578,126.75758361816406,0.6719101071357727
85,8,484.51953125,159.97543334960938,78.9249267578125,88.34968566894531,0.7869654893875122
85,11,586.6310424804688,92.50472259521484,66.45281982421875,67.90105438232422,0.7322806715965271
85,19,462.031005859375,17.85759925842285,60.242431640625,41.52638244628906,0.8272956013679504
85,17,560.1381225585938,37.50469207763672,55.92755126953125,45.918418884277344,0.7731218338012695
85,21,351.5080261230469,25.77366828918457,66.37539672851562,42.007904052734375,0.8145160675048828
86,4,225.1151123046875,189.635986328125,142.95040893554688,129.50759887695312,0.6496189832687378
86,8,483.0247802734375,165.6845703125,80.95208740234375,91.09921264648438,0.8042179942131042
86,11,586.0831909179688,95.41850280761719,67.514404296875,69.33903503417969,0.6730597019195557
86,19,461.33319091796875,18.635299682617188,60.5377197265625,42.79784393310547,0.7649888396263123
86,17,560.1107788085938,39.66797637939453,55.32366943359375,46.12953186035156,0.7299501299858093
86,21,349.8251953125,27.56494903564453,65.23443603515625,41.97563171386719,0.7010117173194885
87,4,217.40155029296875,194.3140411376953,146.13034057617188,132.3518524169922,0.8096159100532532
87,8,481.52655029296875,172.1026611328125,83.22900390625,94.1729736328125,0.8078792691230774
87,11,585.644287109375,98.19425964355469,68.69818115234375,70.89067077636719,0.7155911326408386
87,19,461.49560546875,19.906164169311523,59.4755859375,42.96833038330078,0.7610213160514832
87,17,560.697021484375,41.61732482910156,54.61529541015625,46.126373291015625,0.7429023385047913
87,21,347.92218017578125,29.55190658569336,65.07537841796875,42.525447845458984,0.7749097347259521
88,4,208.5303192138672,199.75096130371094,150.0696258544922,136.1608123779297,0.7727149128913879
88,8,481.0585021972656,177.60113525390625,83.36227416992188,94.58648681640625,0.7783143520355225
88,11,584.5852661132812,101.15797424316406,70.66644287109375,73.45840454101562,0.7060914635658264
88,19,462.12530517578125,21.426076889038086,58.109619140625,42.83013916015625,0.7817785143852234
88,17,560.35400390625,44.42247009277344,54.8592529296875,47.01025390625,0.7752341032028198
88,21,345.2298889160156,30.857627868652344,65.93954467773438,43.72930145263672,0.7671722173690796
89,4,200.57138061523438,205.5984649658203,152.44125366210938,138.38490295410156,0.8333861827850342
89,8,478.41461181640625,184.09649658203125,85.72967529296875,97.52902221679688,0.8246906399726868
89,11,584.073974609375,104.45513916015625,71.52935791015625,74.79142761230469,0.735824465751648
89,19,462.44598388671875,22.966033935546875,56.51080322265625,42.37755584716797,0.7933025360107422
89,17,560.1163940429688,46.1197509765625,55.49676513671875,48.232215881347656,0.8023066520690918
89,21,343.5428466796875,32.779624938964844,66.43145751953125,44.789039611816406,0.7920902371406555
89,23,599.3309326171875,12.581624984741211,36.5684814453125,21.133817672729492,0.3729455769062042
90,4,191.73080444335938,211.46900939941406,155.008544921875,140.67124938964844,0.8518692851066589
90,8,475.8940734863281,190.66836547851562,88.64340209960938,101.09298706054688,0.808622419834137
90,11,583.306396484375,107.44425964355469,72.5263671875,76.29586791992188,0.7291248440742493
90,19,462.382080078125,24.04274559020996,55.35272216796875,42.243934631347656,0.750499427318573
90,17,559.8978271484375,47.817344665527344,55.9921875,49.33971405029297,0.7381269335746765
90,21,341.83856201171875,34.524749755859375,66.361083984375,45.50257873535156,0.7881314754486084
90,23,599.0755004882812,13.620540618896484,37.4801025390625,21.677547454833984,0.4081827700138092
91,4,181.86187744140625,216.73155212402344,160.46170043945312,145.84144592285156,0.8417145609855652
91,8,473.16754150390625,196.9656219482422,92.7711181640625,105.98899841308594,0.8174628019332886
91,11,582.39990234375,110.98332977294922,74.4061279296875,78.75679779052734,0.7547748684883118
91,19,461.7035217285156,25.20011329650879,55.512115478515625,43.182518005371094,0.7932059168815613
91,17,559.5635986328125,49.91337585449219,56.265380859375,50.268280029296875,0.7755100131034851
91,21,339.8569641113281,36.732818603515625,65.30059814453125,45.36656188964844,0.8253856897354126
91,23,598.8308715820312,14.487784385681152,38.49468994140625,22.30196762084961,0.3057129383087158
92,4,172.0821990966797,221.15611267089844,165.0878448486328,150.37513732910156,0.8391920924186707
92,8,470.27154541015625,203.74505615234375,96.5262451171875,110.65484619140625,0.8630365133285522
92,11,581.9037475585938,115.09616088867188,75.14306640625,80.05499267578125,0.7009466290473938
92,19,460.5736999511719,25.623308181762695,55.639434814453125,44.02690124511719,0.7945489883422852
92,17,559.1033325195312,51.716670989990234,57.030029296875,51.648929595947266,0.7471409440040588
92,21,336.8032531738281,39.076393127441406,64.30731201171875,45.02586364746094,0.7387169599533081
92,23,598.47607421875,14.872588157653809,39.90374755859375,23.176132202148438,0.37898868322372437
93,4,162.39447021484375,227.7821502685547,169.10235595703125,154.38230895996094,0.8657882809638977
93,8,469.0662841796875,210.9671173095703,98.3817138671875,113.25444030761719,0.8469407558441162
93,11,581.7437744140625,120.36611938476562,75.28509521484375,80.34982299804688,0.73069167137146
93,19,459.470703125,25.73120880126953,56.7613525390625,45.82990264892578,0.7806033492088318
93,17,559.5244140625,55.07929992675781,55.940185546875,51.089447021484375,0.7763142585754395
93,21,333.41510009765625,41.054847717285156,65.278076171875,46.11613464355469,0.7387728691101074
93,23,598.5910034179688,15.07430648803711,40.18878173828125,23.390613555908203,0.3939493000507355
94,4,150.45684814453125,234.280517578125,174.31954956054688,159.44088745117188,0.8543444275856018
94,8,466.5099182128906,218.51454162597656,101.41915893554688,117.55781555175781,0.8156452775001526
94,11,581.128662109375,124.12696838378906,76.13525390625,81.46986389160156,0.749586820602417
94,19,458.8771057128906,26.696914672851562,56.897064208984375,46.827659606933594,0.7556267976760864
94,17,559.5345458984375,57.16289138793945,56.35858154296875,51.96889877319336,0.6911941170692444
94,21,330.235595703125,42.82040786743164,66.99676513671875,47.87199020385742,0.7408975958824158
94,23,597.64111328125,15.429874420166016,42.263671875,24.722946166992188,0.4304484724998474
95,4,140.2842254638672,241.32388305664062,176.6584014892578,161.26974487304688,0.9109252095222473
95,8,465.05059814453125,226.03466796875,104.0450439453125,121.4957275390625,0.8757412433624268
95,11,579.9358520507812,127.79019927978516,77.99658203125,83.9623031616211,0.7304192781448364
95,19,458.0403747558594,27.109375,57.711517333984375,48.415191650390625,0.7425506711006165
95,17,559.2005615234375,59.366607666015625,56.783935546875,52.928977966308594,0.6715837121009827
95,21,327.0572509765625,45.77843475341797,65.704345703125,47.561309814453125,0.6587080955505371
95,23,596.6241455078125,15.508559226989746,44.80975341796875,26.43240737915039,0.5795173048973083
96,4,129.25306701660156,247.81640625,180.9137420654297,165.14434814453125,0.7846211791038513
96,8,461.9127502441406,235.18511962890625,107.23391723632812,125.48776245117188,0.874781608581543
96,11,577.6851196289062,130.0486602783203,80.956787109375,87.71083068847656,0.7562670707702637
96,19,457.5325622558594,28.550010681152344,56.823028564453125,48.5008544921875,0.7705118656158447
96,17,559.2836303710938,61.89848327636719,56.391357421875,52.974029541015625,0.676515519618988
96,21,326.0947265625,47.961639404296875,64.25210571289062,46.771812438964844,0.7324044108390808
96,23,595.4346923828125,14.906386375427246,47.7464599609375,28.523326873779297,0.562213122844696
97,4,118.07415771484375,255.02667236328125,185.44485473632812,169.23794555664062,0.8196122050285339
97,8,458.9917297363281,243.97799682617188,110.93466186523438,130.43341064453125,0.8864322304725647
97,11,577.6092529296875,134.85748291015625,82.10028076171875,89.34231567382812,0.682379424571991
97,19,457.7337341308594,29.506258010864258,55.716644287109375,48.30409240722656,0.8082593083381653
97,17,559.0162963867188,63.707977294921875,57.98431396484375,55.060760498046875,0.7024092078208923
97,21,323.5801086425781,49.73069381713867,65.2047119140625,47.625667572021484,0.7955955862998962
97,23,594.6830444335938,13.9720458984375,50.0400390625,30.378189086914062,0.6018474698066711
98,4,105.47123718261719,262.25360107421875,191.3659210205078,174.59927368164062,0.8028098940849304
98,8,455.8816223144531,253.1527862548828,115.08517456054688,136.18760681152344,0.8697192072868347
98,11,576.905517578125,137.66712951660156,83.49896240234375,91.46124267578125,0.7675995230674744
98,19,458.04827880859375,32.36604690551758,53.904937744140625,47.27217483520508,0.81907719373703
98,17,558.978515625,67.15093994140625,58.5216064453125,56.07952880859375,0.8151364922523499
98,21,321.4228515625,51.658023834228516,66.441650390625,49.04179763793945,0.7596340179443359
98,23,593.3988647460938,13.343756675720215,53.236083984375,32.899742126464844,0.5863632559776306
99,4,88.7645492553711,269.07769775390625,198.94955444335938,180.7960205078125,0.8287288546562195
99,8,452.3627624511719,261.9016418457031,119.72091674804688,142.92562866210938,0.8785629868507385
99,11,577.6548461914062,144.9197540283203,82.645751953125,90.55645751953125,0.8157585263252258
99,19,458.0771179199219,34.93136978149414,52.59564208984375,46.474246978759766,0.807849109172821
99,17,559.0518798828125,69.50508880615234,58.8226318359375,56.751495361328125,0.82767254114151
99,21,318.2051086425781,53.8374137878418,67.36837768554688,49.97163772583008,0.7734502553939819
99,23,592.6932373046875,12.908380508422852,56.06463623046875,35.4375,0.6322792768478394
99,27,531.2609252929688,14.031097412109375,41.09912109375,19.588584899902344,0.4756448268890381
100,4,75.03812408447266,277.3968200683594,205.14620971679688,186.18832397460938,0.8606875538825989
100,8,448.8889465332031,272.4870300292969,123.03890991210938,147.83444213867188,0.8335667252540588
100,11,576.7197875976562,150.93841552734375,85.09881591796875,93.69093322753906,0.7986984848976135
100,19,457.6646728515625,36.97272491455078,52.304290771484375,46.53157043457031,0.7983834743499756
100,17,559.2078857421875,72.0755615234375,59.6715087890625,57.92314147949219,0.8084396719932556
100,21,316.46923828125,56.15758514404297,67.55401611328125,50.51383972167969,0.6429374814033508
100,23,592.45458984375,12.865386009216309,56.81524658203125,36.75053405761719,0.659263551235199
100,27,528.9647827148438,13.898233413696289,44.1766357421875,21.101049423217773,0.4848100543022156
101,4,60.0224609375,285.84771728515625,212.59646606445312,192.83822631835938,0.8899222016334534
101,8,444.8477478027344,281.387939453125,128.43447875976562,155.91738891601562,0.8533695936203003
101,11,576.854736328125,155.86215209960938,86.41571044921875,95.29670715332031,0.802596926689148
101,19,456.8779602050781,38.90682601928711,52.227203369140625,46.78615951538086,0.7337043881416321
101,17,559.7136840820312,74.86468505859375,59.78021240234375,58.37001037597656,0.7968540787696838
101,21,312.78753662109375,58.46311950683594,68.2205810546875,51.21442413330078,0.7480310797691345
101,23,591.9547729492188,12.940418243408203,57.82550048828125,38.43647766113281,0.6832310557365417
101,27,529.2279663085938,13.96548080444336,44.0264892578125,21.103633880615234,0.5529213547706604
102,4,43.02759552001953,289.126953125,223.2481689453125,203.14450073242188,0.8433682918548584
102,8,442.0859680175781,292.4334411621094,132.15274047851562,162.1192626953125,0.7424235343933105
102,11,576.0311889648438,162.35879516601562,86.9425048828125,95.86404418945312,0.8034110069274902
102,19,456.1535339355469,40.48236846923828,52.062347412109375,46.92259216308594,0.679722011089325
102,17,559.3756103515625,77.07605743408203,60.94769287109375,59.87842559814453,0.7684752345085144
102,21,309.1789245605469,61.43601989746094,68.81491088867188,51.79853820800781,0.7330772876739502
102,23,590.5906372070312,13.585615158081055,59.15570068359375,40.43567657470703,0.6579780578613281
102,27,526.5552368164062,14.10265827178955,48.79498291015625,23.53360366821289,0.5445518493652344
103,4,24.480243682861328,295.015380859375,235.50865173339844,215.30255126953125,0.8325976729393005
103,8,439.5883483886719,306.529296875,134.00454711914062,165.65057373046875,0.8118330836296082
103,11,573.4906005859375,167.89454650878906,90.03631591796875,99.15135192871094,0.8080370426177979
103,19,454.8602294921875,42.025447845458984,52.410003662109375,47.54167556762695,0.6941121816635132
103,17,559.0921020507812,79.90400695800781,61.56207275390625,60.913787841796875,0.7921527624130249
103,21,304.7928161621094,64.54044342041016,70.34683227539062,53.23396301269531,0.7446677684783936
103,23,591.6700439453125,14.450703620910645,58.37042236328125,40.94423294067383,0.6227627396583557
103,27,523.7504272460938,13.877347946166992,53.4444580078125,26.052515029907227,0.5793876051902771
104,4,6.619217395782471,307.4722900390625,240.78968811035156,220.16876220703125,0.8465870022773743
104,8,435.9527893066406,321.4122009277344,139.29995727539062,173.90188598632812,0.6551792025566101
104,11,572.3367309570312,174.94842529296875,91.71942138671875,100.88897705078125,0.826444685459137
104,19,453.9549560546875,43.8590202331543,51.88507080078125,47.18086624145508,0.5898786187171936
104,17,559.5170288085938,83.53843688964844,61.37432861328125,61.05992126464844,0.8002511858940125
104,21,300.4316711425781,66.7098159790039,72.42864990234375,55.079345703125,0.7956477403640747
104,23,591.98828125,14.965473175048828,58.103759765625,41.70633316040039,0.6704631447792053
104,27,523.1151733398438,13.664010047912598,55.778076171875,27.537891387939453,0.6291326284408569
105,4,0.0,319.0278015136719,236.76223754882812,217.87210083007812,0.7672693729400635
105,8,431.02093505859375,334.6876525878906,144.655517578125,182.50338745117188,0.7672755718231201
105,11,570.8981323242188,179.96339416503906,93.50762939453125,102.99302673339844,0.8516545295715332
105,19,452.6480407714844,45.17395782470703,52.745574951171875,48.110618591308594,0.6384032368659973
105,17,559.5847778320312,85.90800476074219,62.846435546875,63.04766845703125,0.8100299835205078
105,21,298.1054382324219,69.56763458251953,72.55487060546875,55.490867614746094,0.674964189529419
105,23,591.6063842773438,15.526155471801758,58.7294921875,43.1915283203125,0.6621145009994507
105,27,522.3101196289062,13.475829124450684,57.69207763671875,28.924514770507812,0.6675713062286377
106,4,0.0,331.2945556640625,224.7801513671875,208.452392578125,0.7896683216094971
106,8,427.72052001953125,349.1046447753906,146.224365234375,185.68179321289062,0.6499419212341309
106,11,569.1102294921875,186.35215759277344,96.513916015625,106.56800842285156,0.8243634700775146
106,19,451.1109924316406,45.66368865966797,54.42083740234375,49.95320129394531,0.6575922966003418
106,17,559.65380859375,88.59458923339844,64.06451416015625,64.78398132324219,0.7938250303268433
106,21,295.335205078125,71.86079406738281,73.15118408203125,56.27214050292969,0.6491109132766724
106,23,591.2689819335938,15.819000244140625,60.28009033203125,45.53154754638672,0.6103266477584839
106,27,521.5562744140625,13.394856452941895,60.260986328125,30.770118713378906,0.6235904693603516
107,4,0.0,342.7986755371094,212.49261474609375,197.20132446289062,0.8145638108253479
107,8,428.109619140625,363.17376708984375,140.689208984375,176.82623291015625,0.7188891768455505
107,11,567.6465454101562,192.74354553222656,98.3134765625,108.67420959472656,0.8455703258514404
107,19,449.2916564941406,46.77635192871094,55.431121826171875,51.13678741455078,0.7021901607513428
107,17,559.7388305664062,91.05819702148438,65.43896484375,66.76060485839844,0.8252663612365723
107,21,290.74078369140625,74.10125732421875,74.81427001953125,57.64915466308594,0.7554259896278381
107,23,591.5642700195312,16.234243392944336,60.8939208984375,47.18666076660156,0.5520426630973816
107,27,520.3501586914062,12.96983814239502,63.0426025390625,32.921390533447266,0.5946678519248962
108,4,0.0,353.4281005859375,200.93612670898438,186.5718994140625,0.7758122682571411
108,8,431.5909423828125,379.7532653808594,132.15655517578125,160.24673461914062,0.7045595049858093
108,11,565.6785888671875,199.27447509765625,101.9755859375,113.17935180664062,0.8606196641921997
108,19,448.71136474609375,48.50510025024414,55.5577392578125,51.515018463134766,0.688614010810852
108,17,560.6675415039062,95.55707550048828,64.88995361328125,66.67469024658203,0.8427897095680237
108,21,285.7104797363281,76.46771240234375,77.51995849609375,60.03861999511719,0.6974109411239624
108,23,592.5155639648438,17.99152374267578,59.32757568359375,47.010459899902344,0.5408527851104736
108,27,520.1774291992188,12.780360221862793,64.333740234375,34.35867691040039,0.581553041934967
109,4,0.0,365.2400817871094,188.7177276611328,174.75991821289062,0.859368085861206
109,8,433.2243957519531,397.29827880859375,122.08926391601562,142.70172119140625,0.5710222721099854
109,11,564.3184204101562,206.4886474609375,104.30169677734375,116.04296875,0.8659372925758362
109,19,448.0647888183594,49.950340270996094,55.481842041015625,51.60929870605469,0.6166993975639343
109,17,559.6366577148438,98.68318176269531,67.55780029296875,70.08787536621094,0.8194668292999268
109,21,281.3650207519531,79.0654296875,79.02874755859375,61.43212890625,0.5672648549079895
109,23,594.5221557617188,21.532079696655273,56.050048828125,45.05584716796875,0.6339267492294312
109,27,519.19189453125,12.851274490356445,65.6490478515625,36.01514434814453,0.5730931162834167
110,4,0.0,378.29217529296875,175.2426300048828,161.52337646484375,0.8348290920257568
110,8,438.9868469238281,415.8994445800781,111.86325073242188,124.10055541992188,0.6248006820678711
110,11,562.635498046875,214.71536254882812,106.430908203125,118.83676147460938,0.8711522221565247
110,19,446.3761901855469,51.68134689331055,55.119140625,51.2352409362793,0.6354668140411377
110,17,560.2342529296875,101.79239654541016,68.39080810546875,71.4984359741211,0.8624259233474731
110,21,276.98468017578125,83.05288696289062,80.48529052734375,62.84336853027344,0.7103431224822998
110,23,595.6266479492188,23.510251998901367,55.04730224609375,44.85301971435547,0.6331506371498108
110,27,519.0721435546875,13.339414596557617,66.64483642578125,37.598960876464844,0.598012387752533
111,4,0.0,392.380615234375,160.61593627929688,146.8375244140625,0.7006016373634338
111,8,444.13372802734375,436.7327880859375,99.27667236328125,103.2672119140625,0.5803520083427429
111,11,560.8206176757812,222.15133666992188,109.92919921875,123.206298828125,0.8232610821723938
111,19,444.37213134765625,53.64153289794922,56.04669189453125,51.87036895751953,0.640068769454956
111,17,562.232666015625,106.25053405761719,67.24371337890625,70.45394897460938,0.8248627781867981
111,21,273.03515625,85.8770980834961,81.52432250976562,64.08904266357422,0.714253306388855
111,23,596.2626342773438,26.113502502441406,54.62249755859375,45.18336486816406,0.6891650557518005
111,27,519.774658203125,13.860136032104492,65.900634765625,38.190704345703125,0.5028712153434753
112,4,0.0,403.6999206542969,147.06341552734375,135.27517700195312,0.5626834630966187
112,8,451.3627014160156,459.30548095703125,85.18197631835938,80.69451904296875,0.4515503942966461
112,11,557.6502075195312,229.48272705078125,114.06890869140625,128.39962768554688,0.8655505776405334
112,19,442.2667541503906,55.26585006713867,57.360626220703125,53.09072494506836,0.7317072749137878
112,17,561.845947265625,110.03025817871094,69.02020263671875,72.65109252929688,0.8518126010894775
112,21,270.6422424316406,89.85948181152344,80.1541748046875,63.3211669921875,0.6387945413589478
112,23,596.1738891601562,28.43143081665039,54.18218994140625,45.55953598022461,0.7664341330528259
112,27,519.3388061523438,14.252169609069824,66.2086181640625,39.477142333984375,0.5842183828353882
113,4,0.0,419.0478515625,130.83961486816406,118.82452392578125,0.6725943088531494
113,8,460.506103515625,482.3591003417969,68.87860107421875,57.640899658203125,0.4362073242664337
113,11,555.3463134765625,238.03585815429688,116.88690185546875,131.97698974609375,0.8619022965431213
113,19,439.9710388183594,56.719295501708984,58.83746337890625,54.33906936645508,0.7620114684104919
113,17,562.400146484375,114.1297378540039,70.503662109375,74.55594635009766,0.8477575182914734
113,21,266.6100769042969,92.90904998779297,81.20199584960938,64.34778594970703,0.667852520942688
113,23,596.2760009765625,30.91061782836914,54.2840576171875,46.22188186645508,0.820625364780426
113,27,518.8005981445312,14.05926513671875,67.51409912109375,41.574031829833984,0.523398220539093
114,4,0.0,437.0574951171875,113.27892303466797,102.3175048828125,0.3552349805831909
114,11,552.2982788085938,246.43226623535156,121.271484375,137.4967803955078,0.87517249584198
114,19,439.4277038574219,59.12714385986328,58.9461669921875,54.36970520019531,0.7346392869949341
114,17,562.109130859375,117.57172393798828,72.89495849609375,77.6346664428711,0.8403969407081604
114,21,261.7630615234375,95.78248596191406,82.7354736328125,65.65608215332031,0.6412870287895203
114,23,596.8741455078125,32.731258392333984,53.06170654296875,45.68795394897461,0.7901372909545898
114,27,518.4866943359375,14.565072059631348,67.26934814453125,42.76183319091797,0.5347828269004822
115,4,0.36405789852142334,454.37872314453125,95.38220977783203,85.62127685546875,0.5307125449180603
115,11,550.5216674804688,256.32708740234375,123.78741455078125,140.82034301757812,0.8571605682373047
115,19,438.7884521484375,61.38600158691406,58.923370361328125,54.25659942626953,0.7326992750167847
115,17,563.1246337890625,121.74153137207031,73.54248046875,78.79217529296875,0.8388344049453735
115,21,255.37989807128906,98.28507995605469,86.78248596191406,69.13841247558594,0.6580873727798462
115,23,597.8390502929688,34.167877197265625,53.15350341796875,46.253692626953125,0.7542417645454407
115,27,519.0097045898438,15.462345123291016,66.45452880859375,43.64087677001953,0.5206738710403442
116,4,1.080406904220581,472.63153076171875,75.558349609375,67.36846923828125,0.37628552317619324
116,11,546.1995849609375,263.51104736328125,130.72650146484375,149.79458618164062,0.8481793403625488
116,19,437.33990478515625,62.76689529418945,60.39239501953125,55.850650787353516,0.7562307715415955
116,17,564.1062622070312,126.30314636230469,73.95440673828125,79.60646057128906,0.8174694776535034
116,21,250.13880920410156,101.3749008178711,89.66285705566406,71.87654876708984,0.566961407661438
116,23,598.4703369140625,35.680660247802734,53.31292724609375,46.91366195678711,0.7780730128288269
116,27,520.4353637695312,19.079421997070312,63.85137939453125,43.1109504699707,0.3996880352497101
117,11,542.3292236328125,273.9725646972656,135.9608154296875,156.88168334960938,0.815592348575592
117,19,437.0199890136719,65.4229736328125,60.394439697265625,56.050376892089844,0.7523244023323059
117,17,565.3490600585938,131.13111877441406,75.28369140625,81.26203918457031,0.8247678279876709
117,21,245.57696533203125,105.41910552978516,90.62820434570312,72.88951873779297,0.5880675911903381
117,23,598.4734497070312,37.85009765625,53.92547607421875,47.848426818847656,0.7844721078872681
117,27,521.8453369140625,21.9909610748291,61.55322265625,42.69744873046875,0.4289543926715851
118,11,538.75732421875,285.1210021972656,140.0516357421875,162.84988403320312,0.649278998374939
118,19,436.0232849121094,67.47390747070312,61.5185546875,57.498809814453125,0.7991544008255005
118,17,565.9898071289062,135.43373107910156,76.89501953125,83.22700500488281,0.8245947957038879
118,21,240.58493041992188,109.40644073486328,92.78057861328125,74.80240631103516,0.6303938627243042
118,23,599.0450439453125,39.9979248046875,54.03277587890625,48.34736633300781,0.8268622756004333
118,27,521.4063720703125,22.41107749938965,62.93218994140625,45.03608703613281,0.4476606845855713
119,11,535.7546997070312,295.0404357910156,145.8096923828125,171.31393432617188,0.6504818201065063
119,19,434.9249267578125,68.53740692138672,62.9456787109375,59.384742736816406,0.8117089867591858
119,17,566.183837890625,140.03419494628906,78.34429931640625,84.75933837890625,0.8378574848175049
119,21,236.3141326904297,113.71165466308594,92.31263732910156,74.4244384765625,0.5867952704429626
119,23,600.0054321289062,42.07788848876953,53.31988525390625,47.922607421875,0.730068564414978
119,27,523.3449096679688,25.524944305419922,59.82177734375,43.90799331665039,0.6828604340553284
120,11,532.0149536132812,306.3275451660156,152.2261962890625,180.63735961914062,0.7266684770584106
120,19,433.983642578125,70.1778793334961,63.074066162109375,59.969383239746094,0.7141110301017761
120,17,567.3128051757812,145.55128479003906,80.24462890625,86.82630920410156,0.8724768757820129
120,21,230.89694213867188,117.52782440185547,94.624267578125,76.3530502319336,0.6227423548698425
120,23,599.689697265625,43.82400131225586,53.91741943359375,48.77944564819336,0.7172539234161377
120,27,525.3178100585938,29.295679092407227,56.174560546875,41.993255615234375,0.6917562484741211
121,11,528.3546142578125,319.2054443359375,158.12713623046875,189.52755737304688,0.7176311016082764
121,19,433.171630859375,72.9755630493164,63.012786865234375,60.33197784423828,0.6906806826591492
121,17,567.600341796875,150.6844482421875,82.30731201171875,89.04934692382812,0.865696370601654
121,21,225.5377197265625,120.32588958740234,96.69479370117188,78.22896575927734,0.6989992260932922
121,23,599.443603515625,44.995059967041016,56.7001953125,51.87739944458008,0.8076398372650146
121,27,525.4190063476562,31.88782501220703,55.49041748046875,42.34101867675781,0.6919931173324585
122,11,523.376220703125,330.8309326171875,165.43841552734375,199.7698974609375,0.7491004467010498
122,19,432.28729248046875,75.73588562011719,62.328460693359375,59.948089599609375,0.7583299279212952
122,17,567.8867797851562,155.9114532470703,85.329345703125,92.34379577636719,0.8378066420555115
122,21,219.49961853027344,124.65957641601562,98.89567565917969,80.07637023925781,0.6292414665222168
122,23,600.2627563476562,47.27406311035156,56.93115234375,52.610679626464844,0.7846075296401978
122,27,525.7711181640625,33.458011627197266,54.79913330078125,42.601016998291016,0.6902916431427002
123,11,524.7666015625,345.389404296875,161.099853515625,194.473388671875,0.7678396105766296
123,19,431.2108459472656,78.4318618774414,62.33477783203125,60.17131805419922,0.8030738234519958
123,17,568.9033813476562,161.68055725097656,87.01165771484375,94.22344970703125,0.8404961824417114
123,21,214.4187469482422,128.4612274169922,100.08607482910156,80.87831115722656,0.7175106406211853
123,23,601.4102783203125,49.8283805847168,55.7152099609375,51.95000076293945,0.7373219728469849
123,27,525.6688842773438,35.07417678833008,54.50439453125,43.16316604614258,0.62543785572052
124,11,526.724609375,357.74127197265625,154.5911865234375,182.25872802734375,0.8258563876152039
124,19,430.2093811035156,81.41844177246094,62.502105712890625,60.49786376953125,0.7363400459289551
124,17,570.0829467773438,167.4793701171875,88.61944580078125,95.81393432617188,0.8387021422386169
124,21,208.20973205566406,133.22213745117188,103.25474548339844,83.49661254882812,0.7683315277099609
124,23,603.5202026367188,53.05339813232422,55.41162109375,52.050758361816406,0.757962703704834
124,27,525.5221557617188,37.079734802246094,55.0172119140625,44.294830322265625,0.7076116800308228
125,11,531.2833251953125,372.1677551269531,145.85296630859375,167.83224487304688,0.8777865171432495
125,19,428.42193603515625,84.62018585205078,62.799560546875,60.85100555419922,0.7727941870689392
125,17,570.4702758789062,173.30479431152344,91.66827392578125,99.12458801269531,0.8257749080657959
125,21,202.54257202148438,138.35394287109375,104.090576171875,84.18190002441406,0.6569330096244812
125,23,604.09912109375,55.560646057128906,55.45220947265625,52.56219482421875,0.7573901414871216
125,27,524.8253173828125,38.43538284301758,55.9918212890625,45.78438186645508,0.6907975077629089
126,11,535.3941040039062,387.53924560546875,136.64068603515625,152.46075439453125,0.8021546006202698
126,19,426.76654052734375,86.98845672607422,63.298828125,61.575645446777344,0.7363331913948059
126,17,571.6414184570312,178.8721160888672,94.3382568359375,101.87217712402344,0.7812746167182922
126,21,195.17449951171875,142.4248809814453,107.47805786132812,87.02980041503906,0.6642172932624817
126,23,604.315185546875,58.22711181640625,56.16241455078125,53.77000427246094,0.7183905243873596
126,27,524.655517578125,40.56705856323242,55.87713623046875,46.280033111572266,0.6707870960235596
127,11,541.184326171875,403.5151672363281,128.78125,136.48483276367188,0.7521247863769531
127,19,425.2854919433594,88.190673828125,64.38632202148438,62.99501037597656,0.7368354201316833
127,17,572.7105712890625,185.76580810546875,96.79541015625,104.38882446289062,0.7911337614059448
127,21,189.2132110595703,146.10223388671875,108.62953186035156,87.91273498535156,0.62599778175354
127,23,605.59912109375,61.05239486694336,54.8861083984375,52.76820755004883,0.7579473257064819
127,27,524.7098388671875,43.503639221191406,55.54931640625,46.553062438964844,0.5658934116363525
128,11,546.2269287109375,421.29986572265625,118.07916259765625,118.70013427734375,0.806678056716919
128,19,423.48114013671875,89.65591430664062,65.98580932617188,64.99986267089844,0.8229537010192871
128,17,574.0292358398438,190.78428649902344,100.474853515625,108.73933410644531,0.8131442070007324
128,21,181.5804901123047,151.36097717285156,111.05668640136719,89.91180419921875,0.8066105842590332
128,23,606.4116821289062,63.83455276489258,55.36138916015625,53.43806076049805,0.7122218012809753
128,27,524.2549438476562,45.14896011352539,56.3265380859375,47.8768424987793,0.6410261392593384
129,11,552.769287109375,442.15533447265625,104.317626953125,97.84466552734375,0.7709299325942993
129,19,421.7728271484375,92.14364624023438,66.64401245117188,65.9791259765625,0.7413568496704102
129,17,575.0414428710938,197.1918182373047,104.232666015625,113.20649719238281,0.7798874974250793
129,21,174.6185760498047,157.0517120361328,113.05268859863281,91.47364807128906,0.7189138531684875
129,23,605.9783325195312,65.86673736572266,57.5927734375,55.89869689941406,0.6894593834877014
129,27,524.404541015625,47.447654724121094,56.32696533203125,48.44963073730469,0.6990765333175659
130,11,559.6183471679688,463.14276123046875,90.82208251953125,76.85723876953125,0.6672950387001038
130,19,420.36114501953125,94.22930908203125,67.07382202148438,66.66763305664062,0.7033117413520813
130,17,575.7108154296875,203.89674377441406,108.37445068359375,118.27949523925781,0.780402421951294
130,21,166.69825744628906,162.2021942138672,116.22865295410156,93.93074035644531,0.7163056135177612
130,23,606.2378540039062,68.35388946533203,58.40509033203125,56.91057586669922,0.7445929050445557
130,27,524.6553344726562,49.767059326171875,55.345703125,48.09716033935547,0.6699207425117493
131,11,568.8280639648438,487.3575134277344,71.66656494140625,52.642486572265625,0.4903566539287567
131,19,418.4864807128906,96.3687515258789,67.57522583007812,67.31610870361328,0.6581298112869263
131,17,577.0762939453125,210.82083129882812,111.8118896484375,122.73858642578125,0.7852869033813477
131,21,158.64547729492188,167.18162536621094,119.830078125,96.83421325683594,0.7978023290634155
131,23,606.3920288085938,70.40750885009766,59.64697265625,58.208274841308594,0.7358989715576172
131,27,523.71826171875,51.397125244140625,56.79571533203125,49.8226318359375,0.6669589281082153
132,19,415.61126708984375,99.0218505859375,69.20245361328125,69.24150085449219,0.614588737487793
132,17,579.0071411132812,218.48233032226562,115.34185791015625,127.15594482421875,0.8103657960891724
132,21,150.61231994628906,172.2137908935547,123.31654357910156,99.77870178222656,0.6325089335441589
132,23,607.5377807617188,73.49376678466797,59.6817626953125,58.246131896972656,0.6925617456436157
132,27,524.3120727539062,54.68465805053711,56.23773193359375,49.66341781616211,0.6698501110076904
133,19,413.3594055175781,101.00082397460938,71.1583251953125,71.56101989746094,0.658866286277771
133,17,579.9761352539062,226.6283721923828,119.31170654296875,132.20457458496094,0.8645133376121521
133,21,142.2894744873047,178.39222717285156,125.36778259277344,101.37666320800781,0.6945161819458008
133,23,607.9573974609375,76.19151306152344,60.5135498046875,59.15550231933594,0.7564200758934021
133,27,524.817626953125,56.784576416015625,56.547607421875,50.33685302734375,0.7696385383605957
134,19,412.3637390136719,103.32844543457031,70.98739624023438,71.47187805175781,0.6813862919807434
134,17,580.80615234375,234.20167541503906,123.928466796875,137.9653778076172,0.8255111575126648
134,21,133.653076171875,185.2269744873047,128.81686401367188,104.18467712402344,0.6789548397064209
134,23,609.1998291015625,79.3937759399414,60.82958984375,59.294883728027344,0.8319782018661499
134,27,525.4022827148438,58.70118713378906,56.98797607421875,51.062110900878906,0.7379591464996338
135,19,410.3883361816406,106.87610626220703,71.9188232421875,72.7012710571289,0.6505789160728455
135,17,582.7369384765625,243.25498962402344,128.962646484375,144.72633361816406,0.8106354475021362
135,21,123.54309844970703,191.04580688476562,133.22723388671875,107.76693725585938,0.6220762133598328
135,23,609.5901489257812,82.00274658203125,62.8521728515625,61.59220886230469,0.7236685156822205
135,27,525.5811157226562,61.53458786010742,57.14501953125,51.51547622680664,0.7004185914993286
136,19,408.2774353027344,109.4975814819336,73.43603515625,74.52620697021484,0.7431728839874268
136,17,585.2607421875,252.60647583007812,133.17291259765625,150.31536865234375,0.8470624685287476
136,21,113.51541137695312,198.5528564453125,137.46080017089844,111.11257934570312,0.6619369387626648
136,23,610.5591430664062,85.82379913330078,62.8172607421875,61.815574645996094,0.7121533751487732
136,27,524.450439453125,63.639625549316406,58.60882568359375,53.34447479248047,0.672663152217865
137,19,407.4864196777344,113.3032455444336,72.04791259765625,72.8403549194336,0.65345698595047
137,17,586.936767578125,262.3174133300781,137.8798828125,156.68829345703125,0.8658819198608398
137,21,102.72351837158203,205.02369689941406,142.51248168945312,115.21507263183594,0.5630642771720886
137,23,611.9430541992188,90.25118255615234,62.40753173828125,61.41466522216797,0.7730870842933655
137,27,524.2745361328125,66.44700622558594,59.01678466796875,54.22685241699219,0.7279397249221802
138,19,404.5068054199219,116.22335052490234,74.17684936523438,75.20490264892578,0.7354761362075806
138,17,588.5155029296875,272.5229797363281,143.72174072265625,164.55230712890625,0.8230865001678467
138,21,92.65223693847656,212.3981475830078,146.09097290039062,117.97163391113281,0.7209110260009766
138,23,611.4506225585938,92.4134521484375,64.43780517578125,63.476593017578125,0.7831394672393799
138,27,524.2096557617188,69.1566390991211,60.37432861328125,56.01664733886719,0.7696853280067444
139,19,402.8808288574219,119.23515319824219,74.48452758789062,75.57807922363281,0.741050124168396
139,17,590.6802368164062,283.681396484375,149.18548583984375,172.33489990234375,0.7846052646636963
139,21,81.19258117675781,219.97511291503906,150.46730041503906,121.33009338378906,0.7180817723274231
139,23,611.845947265625,96.08340454101562,65.34649658203125,64.19873046875,0.7729120850563049
139,27,524.4659423828125,71.9171371459961,60.21722412109375,56.299049377441406,0.7891099452972412
140,19,400.73541259765625,122.39055633544922,75.16830444335938,76.33077239990234,0.7135579586029053
140,17,593.786865234375,295.4872131347656,154.8118896484375,180.3505859375,0.7919488549232483
140,21,69.46549224853516,227.44296264648438,156.02420043945312,125.62582397460938,0.7363587617874146
140,23,611.5377197265625,98.75594329833984,68.5986328125,67.81780242919922,0.733733057975769
140,27,524.2966918945312,74.56877899169922,60.653564453125,57.004295349121094,0.735357403755188
141,19,396.0137634277344,125.15648651123047,77.83053588867188,78.6792984008789,0.7720639109611511
141,17,596.193115234375,308.46630859375,161.32049560546875,189.73214721679688,0.781326174736023
141,21,56.249229431152344,236.60775756835938,163.71920776367188,131.90966796875,0.7570195198059082
141,23,614.6997680664062,104.78900146484375,67.81085205078125,66.90769958496094,0.807056188583374
141,27,524.5361938476562,77.28248596191406,60.70440673828125,57.25520324707031,0.7671307325363159
141,29,428.99969482421875,13.528498649597168,38.116973876953125,16.730621337890625,0.41581085324287415
142,19,394.5870361328125,129.81443786621094,77.47402954101562,77.85028076171875,0.8034347891807556
142,17,599.6321411132812,321.8464660644531,167.5413818359375,198.92343139648438,0.7163699865341187
142,21,41.4356803894043,244.05445861816406,171.66738891601562,138.6420135498047,0.7454383373260498
142,23,613.5701904296875,106.2572250366211,70.166748046875,69.50257110595703,0.5406780242919922
142,27,523.9003295898438,80.7342529296875,62.00982666015625,58.84686279296875,0.7058874368667603
142,29,427.41156005859375,13.717888832092285,37.689453125,16.513195037841797,0.43145665526390076
143,19,391.5637512207031,133.2860107421875,80.786376953125,81.31039428710938,0.8078566193580627
143,17,606.177734375,335.1465759277344,168.73455810546875,201.04055786132812,0.6781274080276489
143,21,27.410844802856445,252.99429321289062,178.2359161376953,144.203369140625,0.8361016511917114
143,23,612.4281616210938,109.37252807617188,71.91961669921875,71.16059875488281,0.6469284892082214
143,27,523.383056640625,84.31596374511719,63.26544189453125,60.419952392578125,0.6812548041343689
143,29,424.19757080078125,14.397768020629883,39.321380615234375,17.21672248840332,0.4419460594654083
144,19,389.3254699707031,136.38294982910156,82.62869262695312,83.32279968261719,0.8397402763366699
144,17,616.8441772460938,350.7738342285156,161.9669189453125,189.22616577148438,0.553349494934082
144,21,12.50125789642334,262.2220458984375,184.56314086914062,149.5128173828125,0.8846152424812317
144,23,614.6976928710938,113.19696044921875,72.613037109375,72.08161926269531,0.5743586421012878
144,27,522.235595703125,87.35040283203125,65.33099365234375,63.00654602050781,0.7070984244346619
144,29,420.7298278808594,14.496749877929688,43.800201416015625,19.22803497314453,0.4381575286388397
145,19,387.2901916503906,140.47918701171875,83.9390869140625,84.81672668457031,0.8300632834434509
145,17,627.2566528320312,368.1495361328125,152.71221923828125,171.8504638671875,0.6283887028694153
145,21,0.0,271.1330261230469,192.1580810546875,157.99432373046875,0.8657280802726746
145,23,615.5226440429688,116.80050659179688,74.60614013671875,74.11073303222656,0.5930894613265991
145,27,522.33984375,90.87740325927734,65.4794921875,63.513206481933594,0.79445880651474
145,29,418.13494873046875,14.702445983886719,47.0345458984375,20.786197662353516,0.5885196328163147
146,19,385.118896484375,144.6327667236328,84.90509033203125,86.091796875,0.841889500617981
146,17,636.9200439453125,384.6553039550781,142.634521484375,155.34469604492188,0.76171875
146,21,0.0,281.1418762207031,189.16458129882812,165.14761352539062,0.8155909180641174
146,23,616.4632568359375,120.45709228515625,76.19970703125,75.74481201171875,0.7323408126831055
146,27,521.7015380859375,92.96697235107422,66.57244873046875,64.9544448852539,0.6450183987617493
146,29,414.3515930175781,14.862099647521973,51.198486328125,22.85809326171875,0.5414242148399353
147,19,383.11419677734375,148.83367919921875,84.99459838867188,86.222412109375,0.8405178189277649
147,17,649.7374877929688,405.5404052734375,129.60150146484375,134.4595947265625,0.6327203512191772
147,21,0.0,289.0214538574219,187.863037109375,175.5772705078125,0.8326791524887085
147,23,617.65234375,124.95342254638672,77.43365478515625,77.00191497802734,0.5211686491966248
147,27,522.4532470703125,96.3496322631836,65.67376708984375,64.1982192993164,0.7131495475769043
147,29,410.91644287109375,14.440083503723145,55.691375732421875,25.164264678955078,0.6280192136764526
148,19,379.7421569824219,152.9917449951172,86.431640625,87.82992553710938,0.7773582935333252
148,17,657.8523559570312,427.473876953125,115.1754150390625,112.526123046875,0.7263774871826172
148,21,0.0,300.0634460449219,184.80662536621094,184.52191162109375,0.784381628036499
148,23,617.8436279296875,128.61968994140625,80.321044921875,80.18571472167969,0.6792624592781067
148,27,521.3564453125,99.64325714111328,67.96246337890625,66.83734893798828,0.6401445865631104
148,29,409.3682556152344,14.730734825134277,56.794464111328125,26.030410766601562,0.6323205232620239
149,19,376.59130859375,156.51461791992188,87.23959350585938,88.730712890625,0.7696330547332764
149,17,668.5039672851562,450.6786804199219,97.93701171875,89.32131958007812,0.5673971176147461
149,21,0.0,310.7159118652344,181.86753845214844,196.32977294921875,0.8294075727462769
149,23,618.4927368164062,132.91146850585938,82.623779296875,82.90141296386719,0.6104139685630798
149,27,521.144287109375,103.8842544555664,68.2183837890625,67.4662857055664,0.7890940308570862
149,29,407.7488098144531,14.570694923400879,58.554229736328125,27.354564666748047,0.6555123925209045
149,30,545.4915771484375,14.639738082885742,36.19964599609375,19.768815994262695,0.35088130831718445
150,19,373.3023376464844,161.6049346923828,89.06256103515625,90.67445373535156,0.7949497103691101
150,17,680.1838989257812,476.1546630859375,79.56103515625,63.8453369140625,0.6593606472015381
150,21,0.0,322.9720458984375,177.03761291503906,205.36053466796875,0.7420036792755127
150,23,619.3477172851562,137.9066925048828,84.228271484375,84.90037536621094,0.6970569491386414
150,27,520.8097534179688,107.82061004638672,67.75750732421875,67.20044708251953,0.7184678316116333
150,29,405.8831787109375,14.462849617004395,60.775299072265625,29.023143768310547,0.6175402998924255
150,30,544.7946166992188,15.131728172302246,37.62982177734375,20.568634033203125,0.33054548501968384
150,31,373.7290954589844,9.81190299987793,45.30084228515625,19.47218132019043,0.510651171207428
150,33,373.9679870605469,4.027263164520264,42.3262939453125,23.636255264282227,0.4633723795413971
151,19,370.1222229003906,166.69900512695312,90.68572998046875,92.47409057617188,0.7780033349990845
151,21,0.0,336.54669189453125,165.14085388183594,201.63427734375,0.46202829480171204
151,23,619.7918701171875,142.93324279785156,86.12908935546875,87.19163513183594,0.5302208662033081
151,27,520.2235717773438,111.98340606689453,68.91937255859375,68.79764556884766,0.6404740214347839
151,29,401.85870361328125,13.49754524230957,65.69338989257812,32.22810363769531,0.6081318855285645
151,30,544.2616577148438,15.012450218200684,38.8851318359375,21.290374755859375,0.301978200674057
151,31,370.046875,9.453194618225098,47.524139404296875,20.505416870117188,0.50322026014328
151,33,369.5226135253906,2.9154040813446045,46.528411865234375,26.10155487060547,0.449025958776474
152,19,366.471923828125,170.42208862304688,93.13095092773438,95.20947265625,0.7348604798316956
152,21,0.0,350.5887451171875,149.8072509765625,189.4112548828125,0.4797252416610718
152,23,620.910888671875,146.99305725097656,88.5889892578125,90.36067199707031,0.5437269806861877
152,27,519.7969970703125,115.31002044677734,70.25335693359375,70.57086944580078,0.6532947421073914
152,29,397.12872314453125,12.908766746520996,71.61972045898438,36.293025970458984,0.6433411240577698
152,30,542.3140258789062,14.867778778076172,42.7332763671875,23.536399841308594,0.39141708612442017
152,31,364.3411865234375,7.904019355773926,54.9525146484375,23.921875,0.5028812289237976
152,33,364.5813903808594,0.8654515147209167,52.403900146484375,29.657014846801758,0.34664541482925415
153,19,362.8890075683594,174.70281982421875,95.73187255859375,98.22695922851562,0.7498106360435486
153,21,0.0,366.8188781738281,131.333251953125,173.18112182617188,0.6333435773849487
153,23,622.7575073242188,152.8576202392578,89.24713134765625,91.38905334472656,0.6775556802749634
153,27,518.3141479492188,120.26624298095703,72.81396484375,73.8730239868164,0.6878141164779663
153,29,394.6002502441406,13.166932106018066,73.91107177734375,38.70294952392578,0.7228919863700867
153,30,540.4940185546875,14.230365753173828,47.11712646484375,26.211936950683594,0.5022591948509216
153,31,361.0208435058594,8.22792911529541,57.618377685546875,25.371170043945312,0.5556431412696838
153,33,359.8603820800781,0.0,57.347259521484375,32.81806945800781,0.42435726523399353
154,19,359.6258544921875,179.13238525390625,97.29476928710938,99.82846069335938,0.8085343241691589
154,21,0.0,382.5094299316406,112.37004089355469,155.35354614257812,0.6018097400665283
154,23,624.0184936523438,158.4958038330078,90.77325439453125,93.48304748535156,0.5969805121421814
154,27,518.0875244140625,124.22379302978516,72.70709228515625,74.02051544189453,0.7844938635826111
154,29,392.48828125,13.690017700195312,73.53863525390625,39.667415618896484,0.7626363039016724
154,30,539.8510131835938,14.02920150756836,48.77001953125,27.466869354248047,0.47921496629714966
154,31,356.34771728515625,6.432961463928223,63.45361328125,28.430992126464844,0.5726847052574158
154,33,356.7247619628906,0.012510108761489391,57.544158935546875,33.57732391357422,0.44116222858428955
155,19,355.4809875488281,184.58126831054688,99.36959838867188,102.1494140625,0.8070200681686401
155,23,626.5943603515625,165.18710327148438,92.166748046875,95.18753051757812,0.7324339151382446
155,27,516.7127075195312,128.0791015625,74.6134033203125,76.41981506347656,0.6702039241790771
155,29,391.98980712890625,14.059537887573242,72.24349975585938,40.18605041503906,0.7739191055297852
155,30,538.9884643554688,13.845104217529297,51.35821533203125,29.36063003540039,0.46464839577674866
155,31,351.71624755859375,5.258159160614014,67.32925415039062,30.864112854003906,0.53648841381073
156,19,351.1802062988281,190.2747344970703,102.05914306640625,105.27641296386719,0.8181546330451965
156,23,627.2044677734375,170.10919189453125,95.067138671875,98.5369873046875,0.7721149325370789
156,27,515.7805786132812,132.17747497558594,76.32781982421875,78.62127685546875,0.7306134104728699
156,29,390.440185546875,14.495430946350098,73.27825927734375,42.15003204345703,0.771101713180542
156,30,537.3147583007812,13.790349006652832,56.4710693359375,32.840579986572266,0.5176742076873779
156,33,352.3597717285156,1.8706916570663452,60.129486083984375,35.81488800048828,0.6138707995414734
157,19,347.63128662109375,195.60195922851562,103.35357666015625,106.73126220703125,0.8125782012939453
157,23,628.3497924804688,176.25958251953125,97.8114013671875,101.6949462890625,0.7931108474731445
157,27,514.3085327148438,136.66500854492188,78.1451416015625,80.97407531738281,0.7289373278617859
157,29,388.8363342285156,15.914230346679688,73.72100830078125,43.751914978027344,0.7729783058166504
157,30,535.27294921875,13.809806823730469,60.4261474609375,35.99287033081055,0.5277947187423706
157,33,350.828369140625,3.127636671066284,59.5921630859375,36.2432975769043,0.6463987231254578
158,19,343.35394287109375,201.0213623046875,105.95703125,109.76849365234375,0.8353076577186584
158,23,628.819091796875,182.24105834960938,101.20135498046875,105.74032592773438,0.8282672762870789
158,27,513.8007202148438,141.8769073486328,78.48248291015625,81.69889831542969,0.7837297916412354
158,29,387.3604431152344,17.616600036621094,72.94610595703125,44.581214904785156,0.7840899229049683
158,30,535.1356201171875,14.238454818725586,61.13116455078125,37.302757263183594,0.601311445236206
158,33,349.75701904296875,3.8675119876861572,58.868682861328125,36.5260124206543,0.7223606705665588
159,19,338.9447021484375,207.03431701660156,109.12472534179688,113.51264953613281,0.8523651361465454
159,23,630.1351318359375,189.9197540283203,102.59222412109375,107.57661437988281,0.7853635549545288
159,27,512.0618896484375,146.02609252929688,81.15386962890625,85.17510986328125,0.7741906642913818
159,29,386.0312805175781,18.63673210144043,72.50018310546875,45.655799865722656,0.7534267902374268
159,30,535.4779663085938,14.870494842529297,61.1846923828125,38.22520446777344,0.6226018667221069
159,33,346.85357666015625,5.141128063201904,60.845306396484375,38.710411071777344,0.7436258792877197
160,19,335.1470947265625,213.29087829589844,110.06271362304688,114.47157287597656,0.851965069770813
160,23,631.061767578125,196.0974578857422,106.18341064453125,111.77113342285156,0.8310810327529907
160,27,509.41473388671875,150.18756103515625,85.0218505859375,90.01817321777344,0.7975335717201233
160,29,385.8580017089844,21.16024398803711,69.08648681640625,44.50667190551758,0.7748787999153137
160,30,535.6547241210938,15.446321487426758,60.8089599609375,39.00685119628906,0.5898986458778381
160,33,344.28997802734375,6.263575553894043,62.5772705078125,40.8311882019043,0.708990752696991
161,19,329.6474304199219,218.9130096435547,113.32086181640625,118.13981628417969,0.8074885010719299
161,23,632.9010620117188,203.346923828125,109.37567138671875,115.53048706054688,0.8336893320083618
161,27,508.5958251953125,155.25892639160156,85.62994384765625,91.06787109375,0.8292331695556641
161,29,384.3767395019531,23.465700149536133,68.54312133789062,45.29457092285156,0.7157751321792603
161,30,535.4402465820312,16.2345027923584,59.7022705078125,39.462860107421875,0.5844942331314087
161,33,343.1282958984375,8.453481674194336,61.052520751953125,40.62278747558594,0.6439496278762817
162,19,325.75848388671875,227.27639770507812,114.32156372070312,119.02322387695312,0.7304965853691101
162,23,634.8729858398438,211.94053649902344,111.61883544921875,118.52961730957031,0.8215174078941345
162,27,506.4499206542969,159.27532958984375,89.07565307617188,95.66923522949219,0.7525956630706787
162,29,382.095703125,25.42770767211914,70.05722045898438,47.61515426635742,0.7032609581947327
162,30,536.3939208984375,17.88282012939453,59.71734619140625,40.51581954956055,0.4846544861793518
162,33,343.1164855957031,13.562620162963867,56.708160400390625,38.15211486816406,0.6601713299751282
163,19,319.8219299316406,234.23324584960938,117.88900756835938,123.22021484375,0.7260329127311707
163,23,637.7564086914062,219.36184692382812,114.25390625,122.01641845703125,0.7612829208374023
163,27,504.7421569824219,164.10475158691406,92.29367065429688,100.12904357910156,0.7345755100250244
163,29,380.4879150390625,26.67580223083496,70.9708251953125,49.587646484375,0.731989860534668
163,30,539.1360473632812,20.64400291442871,56.5855712890625,39.12738037109375,0.4749484658241272
163,33,342.5058288574219,16.266067504882812,53.803558349609375,36.51778030395508,0.7425843477249146
164,19,314.8730163574219,239.88677978515625,121.55709838867188,127.5087890625,0.7892147898674011
164,23,638.1073608398438,227.51271057128906,117.8419189453125,126.49092102050781,0.8521236777305603
164,27,504.3506774902344,171.33628845214844,92.18453979492188,100.50907897949219,0.7767007946968079
164,29,379.0235290527344,28.798599243164062,69.25564575195312,49.51835632324219,0.8008028268814087
164,30,539.4982299804688,22.845605850219727,56.82623291015625,40.16920471191406,0.5413647890090942
164,33,340.1534729003906,19.357290267944336,54.063995361328125,37.14007568359375,0.7955278158187866
165,19,309.02276611328125,247.69839477539062,124.89553833007812,131.17327880859375,0.8145946860313416
165,23,639.2453002929688,237.43994140625,120.58544921875,129.90243530273438,0.8165698051452637
165,27,503.6062316894531,178.2036895751953,93.52297973632812,102.30036926269531,0.7531783580780029
165,29,377.1063232421875,30.752851486206055,68.57186889648438,49.979774475097656,0.8497446775436401
165,30,540.5621337890625,25.09372901916504,56.29217529296875,40.53688049316406,0.6980882883071899
165,33,336.5015563964844,20.943382263183594,56.028167724609375,38.91210174560547,0.7983428239822388
166,19,303.1898193359375,255.474853515625,127.46804809570312,134.18212890625,0.810154378414154
166,23,639.5244750976562,245.7422637939453,126.2891845703125,136.5543670654297,0.8143258690834045
166,27,507.9241027832031,197.33847045898438,86.10586547851562,92.98211669921875,0.553827702999115
166,29,375.4956970214844,33.328529357910156,68.355712890625,50.71434020996094,0.8552653193473816
166,30,541.2109375,27.1209659576416,55.6134033203125,40.86503601074219,0.6699292063713074
166,33,333.9537048339844,21.99952507019043,56.2301025390625,39.4522705078125,0.7044512629508972
167,19,296.62860107421875,263.53521728515625,130.9864501953125,138.10836791992188,0.6780486702919006
167,23,641.10302734375,254.83050537109375,130.5604248046875,141.89230346679688,0.7676124572753906
167,27,503.08990478515625,197.3551025390625,94.736328125,102.76626586914062,0.7331700325012207
167,29,373.584716796875,35.533382415771484,68.82156372070312,52.14529800415039,0.7694461941719055
167,30,540.9609375,28.38005256652832,56.4532470703125,42.37464904785156,0.6877246499061584
167,33,332.17694091796875,24.296422958374023,55.05029296875,38.899879455566406,0.805171549320221
168,19,290.4389343261719,270.9832763671875,135.1861572265625,142.91357421875,0.8693894743919373
168,23,643.2096557617188,264.6903381347656,135.21484375,147.76287841796875,0.8395191431045532
168,27,499.4857482910156,201.30435180664062,100.72628784179688,109.86505126953125,0.7097505331039429
168,29,371.5035400390625,37.91830062866211,67.21493530273438,51.81160354614258,0.7306880950927734
168,30,541.4750366210938,30.019960403442383,56.1033935546875,42.865966796875,0.699975311756134
168,33,329.9912109375,26.288108825683594,54.536407470703125,38.79521179199219,0.7858445048332214
169,19,283.18328857421875,279.2806396484375,139.56259155273438,147.82424926757812,0.7975794672966003
169,23,643.8336791992188,275.3595275878906,140.48095703125,154.51943969726562,0.8279595375061035
169,27,496.3489074707031,207.1182403564453,104.64468383789062,114.81373596191406,0.800743579864502
169,29,369.3730163574219,40.3970832824707,67.53067016601562,52.87663650512695,0.7070610523223877
169,30,542.2701416015625,31.472883224487305,55.4658203125,43.14332580566406,0.7623509764671326
169,33,326.3200988769531,28.161399841308594,56.3458251953125,40.35807800292969,0.8099449276924133
170,19,275.0330810546875,286.3646545410156,145.052978515625,154.16806030273438,0.6903961896896362
170,23,646.7877807617188,287.0331726074219,144.84844970703125,160.23941040039062,0.8087528944015503
170,27,495.5179138183594,213.5769500732422,107.38320922851562,118.30564880371094,0.7362467050552368
170,29,366.4764404296875,43.15633010864258,68.08242797851562,54.03437423706055,0.6898580193519592
170,30,543.0224609375,34.38825988769531,54.7071533203125,43.280540466308594,0.696578860282898
170,33,322.8433837890625,30.330745697021484,56.770416259765625,41.00312423706055,0.8301364183425903
171,19,263.3309326171875,290.0306701660156,155.26058959960938,166.36520385742188,0.4463212490081787
171,23,647.8058471679688,298.3677673339844,151.1622314453125,168.50149536132812,0.753428041934967
171,27,493.686767578125,222.285888671875,109.541748046875,121.4298095703125,0.70682692527771
171,29,363.3369445800781,45.36733627319336,69.1697998046875,55.73039627075195,0.7368969321250916
171,30,544.6538696289062,37.27387619018555,54.57537841796875,43.68667221069336,0.714623749256134
171,33,319.9822082519531,32.167816162109375,57.089630126953125,41.46759796142578,0.8484014868736267
172,19,252.90838623046875,292.5006408691406,164.91387939453125,178.57327270507812,0.6633697748184204
172,23,650.6625366210938,311.69744873046875,156.7337646484375,175.98910522460938,0.7769520282745361
172,27,491.5832214355469,231.16519165039062,112.99960327148438,125.74285888671875,0.7491124868392944
172,29,361.7530212402344,47.725975036621094,68.85858154296875,56.229576110839844,0.7394272089004517
172,30,545.5928955078125,39.5502815246582,54.80279541015625,44.317081451416016,0.730806827545166
172,33,317.1167907714844,35.07874298095703,57.245849609375,41.925086975097656,0.8093408942222595
173,19,241.74429321289062,291.1604309082031,177.48995971679688,195.50418090820312,0.32896801829338074
173,23,652.5554809570312,323.3491516113281,164.35858154296875,186.36184692382812,0.9022543430328369
173,27,489.74798583984375,240.73228454589844,115.557861328125,129.0489044189453,0.7089160084724426
173,29,358.60357666015625,49.62198257446289,69.50643920898438,57.3548469543457,0.7386517524719238
173,30,546.1480102539062,41.29637908935547,56.12353515625,45.74110412597656,0.6762297749519348
173,33,312.799072265625,37.28078079223633,59.217254638671875,43.63032150268555,0.8348664045333862
174,19,238.25511169433594,314.3067321777344,172.3940887451172,190.47097778320312,0.646015465259552
174,23,654.9185791015625,335.9000549316406,170.61627197265625,195.04879760742188,0.9094759821891785
174,27,487.3542175292969,249.81814575195312,119.51736450195312,134.33816528320312,0.7794022560119629
174,29,355.29400634765625,52.86504364013672,70.24383544921875,58.59907531738281,0.732975959777832
174,30,547.02978515625,43.8924674987793,56.3316650390625,46.23183822631836,0.6824495196342468
174,33,308.8714294433594,39.93199157714844,59.93939208984375,44.46781921386719,0.834781289100647
175,19,230.81021118164062,329.6925048828125,173.44699096679688,192.5206298828125,0.4884735345840454
175,23,662.7681884765625,349.5309753417969,166.30682373046875,189.83944702148438,0.7113537788391113
175,27,484.8733215332031,259.657958984375,122.92349243164062,138.79168701171875,0.7029238939285278
175,29,352.74261474609375,54.85318374633789,70.8807373046875,59.80655288696289,0.8125794529914856
175,30,547.7310791015625,45.718971252441406,57.04022216796875,47.13964080810547,0.7888087034225464
175,33,304.5438537597656,41.822383880615234,61.497833251953125,46.04171371459961,0.8475288152694702
176,19,220.3347930908203,335.92437744140625,179.49571228027344,200.2882080078125,0.3511357009410858
176,23,671.3602294921875,362.67431640625,159.18426513671875,177.32568359375,0.5229994654655457
176,27,481.1939697265625,268.8529357910156,127.9913330078125,145.826171875,0.7335478067398071
176,29,350.50506591796875,57.99696731567383,71.36627197265625,60.95283126831055,0.7768275737762451
176,30,548.1002197265625,47.53932571411133,57.8798828125,48.29349899291992,0.8316329717636108
176,33,301.559326171875,44.34598922729492,60.84893798828125,45.69112777709961,0.8752451539039612
177,19,217.58106994628906,352.9925537109375,169.96961975097656,187.0074462890625,0.41247281432151794
177,23,681.853515625,379.73797607421875,147.92236328125,160.26202392578125,0.733598530292511
177,27,478.9082336425781,280.3861389160156,131.87008666992188,151.50418090820312,0.7434347867965698
177,29,346.96807861328125,61.13315200805664,72.49859619140625,62.60175704956055,0.7360209226608276
177,30,548.704345703125,49.69459915161133,57.75262451171875,48.5909538269043,0.8229302167892456
177,33,298.1895446777344,47.35078811645508,61.3226318359375,46.147708892822266,0.8452355861663818
178,19,215.45294189453125,368.4746398925781,160.38900756835938,171.52536010742188,0.4738583266735077
178,23,690.7213134765625,396.5826416015625,137.8135986328125,143.4173583984375,0.6500938534736633
178,27,475.6835021972656,291.1253967285156,136.69802856445312,158.1654052734375,0.695545494556427
178,29,344.1086120605469,64.44174194335938,72.28582763671875,62.941383361816406,0.7238525152206421
178,30,549.322509765625,51.90229797363281,57.8404541015625,49.08336639404297,0.8327980041503906
178,33,293.61126708984375,50.547019958496094,61.571258544921875,46.804283142089844,0.7408674359321594
179,19,213.97451782226562,382.00616455078125,152.19390869140625,157.99383544921875,0.5503218173980713
179,23,698.3814086914062,415.36956787109375,126.05535888671875,124.63043212890625,0.552642285823822
179,27,471.4872131347656,302.864013671875,141.79428100585938,165.5765380859375,0.7301254868507385
179,29,340.5760498046875,66.58126831054688,73.33218383789062,64.28843688964844,0.7062996625900269
179,30,550.2744140625,54.18278121948242,58.76678466796875,50.312198638916016,0.7970736622810364
179,33,289.83184814453125,52.39025115966797,62.602569580078125,47.687469482421875,0.8293168544769287
180,19,212.37811279296875,395.4840087890625,143.054931640625,144.5159912109375,0.5807942152023315
180,23,709.6326904296875,434.4036865234375,113.43817138671875,105.5963134765625,0.5574425458908081
180,27,467.7509460449219,314.2542419433594,148.67965698242188,175.50924682617188,0.7610589861869812
180,29,336.72357177734375,69.06836700439453,75.47158813476562,66.79723358154297,0.5422571301460266
180,30,551.2486572265625,56.36735153198242,58.9127197265625,50.999263763427734,0.7593904137611389
180,33,285.330322265625,54.35601806640625,64.8363037109375,49.75904083251953,0.8993900418281555
181,19,211.05865478515625,409.2080993652344,136.28692626953125,130.79190063476562,0.549456000328064
181,23,719.6053466796875,455.58123779296875,97.42169189453125,84.41876220703125,0.5746959447860718
181,27,464.22625732421875,327.7889404296875,154.91021728515625,184.89910888671875,0.6435036659240723
181,29,333.4659118652344,72.33641052246094,75.23446655273438,66.96969604492188,0.6292744278907776
181,30,552.748291015625,59.285091400146484,58.31573486328125,50.6623649597168,0.7081485390663147
181,33,281.5970764160156,57.6957893371582,65.26373291015625,50.228328704833984,0.8012667894363403
182,19,208.11322021484375,423.7477722167969,128.23886108398438,116.25222778320312,0.570082426071167
182,27,460.0962829589844,341.1976623535156,159.38143920898438,192.15194702148438,0.5928952097892761
182,29,328.4173583984375,75.44476318359375,77.69528198242188,69.79129028320312,0.6083670854568481
182,30,553.2301025390625,61.69833755493164,58.80584716796875,51.3452262878418,0.6846127510070801
182,33,276.6331481933594,60.485809326171875,66.08395385742188,50.962257385253906,0.828525960445404
183,19,208.88368225097656,439.9501037597656,117.70051574707031,100.04989624023438,0.6746525764465332
183,27,460.8603515625,356.17913818359375,153.4407958984375,183.82086181640625,0.8071075081825256
183,29,326.3250732421875,81.15487670898438,75.99554443359375,68.53993225097656,0.6658161878585815
183,30,553.3517456054688,63.84906005859375,60.52581787109375,53.26685333251953,0.638965368270874
183,33,272.0310974121094,63.401126861572266,67.29678344726562,52.0521125793457,0.854246973991394
184,19,211.4065704345703,456.6158142089844,104.80842590332031,83.38418579101562,0.7448657155036926
184,27,462.90020751953125,371.6084289550781,144.052490234375,168.39157104492188,0.5949475169181824
184,29,322.7320251464844,84.5271224975586,76.4493408203125,69.26493072509766,0.6259556412696838
184,30,553.142578125,66.48655700683594,62.23193359375,55.28258514404297,0.6452659964561462
184,33,266.957275390625,66.17102813720703,69.27603149414062,53.782386779785156,0.7365346550941467
185,19,213.012451171875,474.8711242675781,90.73876953125,65.12887573242188,0.7099084854125977
185,27,467.0765075683594,389.96282958984375,132.70443725585938,150.03717041015625,0.4578934609889984
185,29,317.7506408691406,87.60953521728516,78.95364379882812,71.85445404052734,0.6779980659484863
185,30,555.2564697265625,69.38361358642578,62.82489013671875,56.046173095703125,0.6875720024108887
185,33,262.3222961425781,69.84992980957031,69.53533935546875,53.94805145263672,0.8758611083030701
186,19,217.9337615966797,494.29449462890625,72.59983825683594,45.70550537109375,0.5808745622634888
186,27,472.3680419921875,407.880126953125,122.86260986328125,132.119873046875,0.5288791060447693
186,29,312.9770202636719,89.26432037353516,81.30630493164062,74.3003921508789,0.6439367532730103
186,30,557.049560546875,72.88292694091797,63.04150390625,56.40856170654297,0.7763334512710571
186,33,257.4435119628906,73.16313934326172,71.191650390625,55.49077606201172,0.8519865870475769
187,27,479.32177734375,427.4700927734375,110.659912109375,112.5299072265625,0.5828263759613037
187,29,308.4668273925781,92.5237045288086,83.00015258789062,76.11493682861328,0.6686897277832031
187,30,558.4104614257812,75.6121597290039,64.15008544921875,57.71308135986328,0.7836701273918152
187,33,251.81198120117188,75.97976684570312,72.5211181640625,56.54454040527344,0.8548319935798645
188,27,486.7518005371094,450.2579650878906,94.95858764648438,89.74203491210938,0.47987332940101624
188,29,303.22796630859375,96.3703842163086,85.3463134765625,78.65863800048828,0.6555020809173584
188,30,559.5337524414062,78.8941879272461,64.242919921875,58.010826110839844,0.7999390959739685
188,33,246.58816528320312,80.16222381591797,73.72653198242188,57.50493621826172,0.8274945616722107
189,29,298.06396484375,99.70700073242188,87.92413330078125,81.38670349121094,0.6926679611206055
189,30,560.642333984375,81.66069030761719,64.438232421875,58.357208251953125,0.7721498608589172
189,33,240.1728057861328,84.09341430664062,75.62928771972656,58.95945739746094,0.8835729360580444
190,29,293.5572814941406,103.68134307861328,89.08370971679688,82.81806182861328,0.5587462782859802
190,30,561.3617553710938,84.35643768310547,66.29150390625,60.44824981689453,0.7611104846000671
190,33,233.9755859375,87.1324234008789,78.2056884765625,61.16381072998047,0.837874710559845
191,29,288.47314453125,109.15912628173828,90.14382934570312,83.98294830322266,0.591946005821228
191,30,562.02001953125,86.58417510986328,67.8017578125,62.290077209472656,0.736521303653717
191,33,228.1556396484375,91.50505828857422,79.69549560546875,62.21269989013672,0.8193279504776001
191,47,525.2149047851562,14.659706115722656,41.2666015625,26.74048614501953,0.5093632936477661
192,29,281.9307861328125,113.36672973632812,92.30184936523438,85.95762634277344,0.6390693783760071
192,30,562.6859130859375,90.81214141845703,68.22735595703125,63.011009216308594,0.6813839673995972
192,33,221.71902465820312,95.6125717163086,80.99020385742188,63.39281463623047,0.735596776008606
192,47,525.029296875,14.598339080810547,42.48089599609375,27.555912017822266,0.6094874143600464
193,29,276.5695495605469,118.96144104003906,93.4793701171875,87.10324096679688,0.6689214706420898
193,30,563.6005249023438,93.54257202148438,69.6904296875,64.6865234375,0.7319460511207581
193,33,214.59364318847656,99.20561981201172,83.21070861816406,65.04344940185547,0.6404090523719788
193,47,523.3526000976562,14.170146942138672,46.28009033203125,30.136573791503906,0.6083284616470337
194,29,271.5962219238281,123.06350708007812,95.05734252929688,88.6976318359375,0.7522131204605103
194,30,564.2373657226562,96.9301528930664,71.37713623046875,66.68866729736328,0.7685354351997375
194,33,206.92784118652344,103.85640716552734,85.48997497558594,66.78682708740234,0.7408912181854248
194,47,521.791015625,13.692750930786133,49.57025146484375,32.49280548095703,0.7527822852134705
194,48,597.0484008789062,14.0936279296875,37.74151611328125,15.554496765136719,0.4527483284473419
195,29,264.5722351074219,127.04916381835938,98.4327392578125,92.16390991210938,0.7435922622680664
195,30,564.8488159179688,100.63936614990234,73.83233642578125,69.46105194091797,0.7919641137123108
195,33,198.9927520751953,107.85638427734375,88.53547668457031,69.26927185058594,0.6831070184707642
195,47,521.6271362304688,13.860849380493164,50.927734375,33.624359130859375,0.7568176984786987
195,48,596.6676635742188,14.016702651977539,39.19903564453125,16.18343734741211,0.5559163093566895
196,29,258.7707824707031,131.61807250976562,100.18862915039062,93.97470092773438,0.8176466822624207
196,30,565.6915893554688,104.20809173583984,75.156005859375,71.16680145263672,0.7332894206047058
196,33,191.46148681640625,112.30884552001953,90.62680053710938,70.8366470336914,0.6458649635314941
196,47,521.5936889648438,14.400842666625977,52.0523681640625,34.67359161376953,0.8118429780006409
196,48,596.1910400390625,14.351892471313477,40.2501220703125,16.67397117614746,0.6265410780906677
197,29,253.29360961914062,137.5951385498047,100.68695068359375,94.29756164550781,0.8113676905632019
197,30,567.2755737304688,108.1291275024414,75.3929443359375,71.70030975341797,0.6788899898529053
197,33,183.32891845703125,117.1568832397461,93.20196533203125,72.84088897705078,0.7223898768424988
197,47,521.3930053710938,14.853957176208496,52.8187255859375,35.62521743774414,0.8034368753433228
197,48,595.1688232421875,14.524402618408203,42.98150634765625,17.922103881835938,0.6326510310173035
198,29,245.75372314453125,142.73751831054688,104.41461181640625,97.90625,0.7890021800994873
198,30,569.0484619140625,111.8188247680664,75.9920654296875,72.47437286376953,0.6937959790229797
198,33,175.3901824951172,122.63981628417969,94.20649719238281,73.39627075195312,0.7192434072494507
198,47,521.42431640625,15.429961204528809,53.3731689453125,36.45136260986328,0.7292822003364563
198,48,594.2314453125,14.746515274047852,45.56060791015625,19.167341232299805,0.585250198841095
199,29,236.95982360839844,146.44985961914062,109.06022644042969,102.46360778808594,0.7164371609687805
199,30,570.1426391601562,115.44602966308594,77.8062744140625,74.50701904296875,0.767194390296936
199,33,166.9216766357422,127.59700775146484,97.52400207519531,75.9786605834961,0.7565643787384033
199,47,520.4390869140625,16.284330368041992,55.68621826171875,38.65199279785156,0.7017661333084106
199,48,594.0653076171875,14.851238250732422,46.74639892578125,19.879074096679688,0.5834349393844604
200,29,229.00949096679688,151.94439697265625,111.989501953125,105.3941650390625,0.6939679980278015
200,30,571.1156616210938,120.1454849243164,79.3946533203125,76.3292465209961,0.7408176064491272
200,33,157.38360595703125,133.62490844726562,100.3338623046875,78.17239379882812,0.6382465362548828
200,47,519.3348388671875,16.95453643798828,58.25634765625,41.25453567504883,0.7063372135162354
200,48,593.4419555664062,14.620216369628906,48.63470458984375,20.967166900634766,0.5781034827232361
201,29,221.7111053466797,158.8845977783203,114.25910949707031,107.49794006347656,0.795249879360199
201,30,572.4555053710938,124.11289978027344,81.1651611328125,78.29078674316406,0.7593613862991333
201,33,147.97750854492188,138.889404296875,103.60313415527344,80.43559265136719,0.7635236978530884
201,47,520.23046875,19.216554641723633,57.2191162109375,41.134178161621094,0.7290021181106567
201,48,591.7984008789062,14.971843719482422,52.29888916015625,22.972518920898438,0.6359720826148987
202,29,212.45286560058594,165.3105926513672,118.14845275878906,111.39833068847656,0.8137381672859192
202,30,573.9276123046875,128.1659698486328,82.3265380859375,79.74641418457031,0.6491540670394897
202,33,137.11605834960938,144.6276397705078,107.35865783691406,83.29866027832031,0.7773985862731934
202,47,521.1993408203125,22.3148250579834,55.49267578125,40.31785583496094,0.7613429427146912
202,48,590.6886596679688,15.098555564880371,54.406005859375,24.381309509277344,0.6862279772758484
203,29,203.3248748779297,171.8061981201172,122.50709533691406,115.62406921386719,0.8175783157348633
203,30,574.631591796875,131.5778350830078,85.63763427734375,83.36692810058594,0.7623046636581421
203,33,126.63458251953125,151.0225372314453,111.2947998046875,86.15182495117188,0.7735442519187927
203,47,522.3389282226562,24.938356399536133,53.7957763671875,39.56050109863281,0.772331714630127
203,48,590.4757690429688,15.174365043640137,55.260986328125,25.331207275390625,0.7842726111412048
204,29,193.21669006347656,178.34378051757812,127.13160705566406,120.20596313476562,0.765969455242157
204,30,575.5242309570312,135.90977478027344,87.84722900390625,85.93843078613281,0.7636182308197021
204,33,116.24337005615234,157.17880249023438,112.66121673583984,86.8577880859375,0.8102020025253296
204,47,521.6314697265625,27.08155632019043,54.87054443359375,40.97198486328125,0.7585026025772095
204,48,590.5283203125,15.26776123046875,56.52178955078125,26.568580627441406,0.7819421291351318
205,29,183.20791625976562,186.31504821777344,130.6356201171875,123.53684997558594,0.7194821834564209
205,30,577.8204956054688,142.6427001953125,87.71343994140625,85.92471313476562,0.7399885654449463
205,33,103.9898910522461,164.46633911132812,116.27364349365234,89.45559692382812,0.7609613537788391
205,47,521.9492797851562,28.94028663635254,54.79107666015625,41.48619842529297,0.7644704580307007
205,48,590.078369140625,15.313905715942383,58.72705078125,28.442529678344727,0.6716897487640381
206,29,171.31829833984375,193.03567504882812,136.31411743164062,129.24435424804688,0.8257420063018799
206,30,580.1019897460938,148.95953369140625,88.41363525390625,86.63836669921875,0.696026086807251
206,33,90.83503723144531,171.0312042236328,122.91036987304688,94.46318054199219,0.8047826290130615
206,47,521.9425659179688,30.553665161132812,55.78656005859375,42.843345642089844,0.7273039221763611
206,48,588.9359130859375,14.802875518798828,61.650146484375,30.837451934814453,0.6953962445259094
207,29,160.84312438964844,202.18035888671875,140.7709503173828,133.6639404296875,0.8125476837158203
207,30,580.91015625,153.89447021484375,91.1917724609375,89.59735107421875,0.6987170577049255
207,33,77.4515151977539,178.28550720214844,128.33673095703125,98.52827453613281,0.7819750308990479
207,47,522.107666015625,33.13265609741211,56.13397216796875,43.73189926147461,0.7870743274688721
207,48,588.944580078125,14.510083198547363,62.433349609375,32.265079498291016,0.717254638671875
208,29,149.17733764648438,211.0189208984375,144.98638916015625,137.62347412109375,0.8371474742889404
208,30,582.5006713867188,158.56178283691406,93.95867919921875,92.76643371582031,0.607124388217926
208,33,63.70658493041992,186.76748657226562,132.8939666748047,101.96554565429688,0.7898037433624268
208,47,522.8500366210938,35.088191986083984,55.207763671875,43.56967544555664,0.768294632434845
208,48,587.67919921875,14.186981201171875,66.02764892578125,35.45573043823242,0.7730875611305237
209,29,136.05799865722656,219.37828063964844,151.48960876464844,144.05516052246094,0.8867905139923096
209,30,584.2882690429688,162.87197875976562,96.60943603515625,96.03646850585938,0.7202519774436951
209,33,48.176658630371094,193.98081970214844,138.97509765625,106.65992736816406,0.7647058367729187
209,47,521.8939208984375,37.49034881591797,56.1280517578125,44.69499206542969,0.7570728659629822
209,48,587.7571411132812,13.925914764404297,66.7760009765625,37.19816207885742,0.7337148189544678
210,29,122.11038208007812,228.7232208251953,157.98638916015625,150.4066619873047,0.8558464646339417
210,30,586.4375,168.8218994140625,99.05780029296875,99.28994750976562,0.7043456435203552
210,33,32.82345199584961,203.40719604492188,144.1500701904297,110.48779296875,0.8047968149185181
210,47,520.4321899414062,39.400291442871094,57.5777587890625,46.293968200683594,0.7710170149803162
210,48,588.1580810546875,13.941229820251465,66.5804443359375,38.4422721862793,0.7151088118553162
211,29,103.4420394897461,239.69772338867188,164.80853271484375,155.99566650390625,0.8320808410644531
211,30,588.5628051757812,174.96795654296875,100.76739501953125,101.72833251953125,0.7896068692207336
211,33,16.554994583129883,212.52479553222656,149.87301635742188,114.61396789550781,0.8236823081970215
211,47,520.2670288085938,41.799072265625,58.28265380859375,47.383811950683594,0.7661082744598389
211,48,590.4476928710938,14.599369049072266,64.31060791015625,38.348323822021484,0.6958754062652588
212,29,82.46849060058594,249.67173767089844,174.8145294189453,163.8633270263672,0.8500019311904907
212,30,590.2379150390625,181.0956573486328,103.478759765625,105.11775207519531,0.8187059164047241
212,33,0.687555730342865,223.00823974609375,156.31668090820312,119.98165893554688,0.7368923425674438
212,47,519.5595703125,43.88561248779297,59.14007568359375,48.62080383300781,0.7982619404792786
212,48,590.40380859375,14.782011985778809,64.638427734375,39.923274993896484,0.7458791136741638
213,29,70.95469665527344,261.7015686035156,181.83445739746094,170.591064453125,0.9160152077674866
213,30,592.6016235351562,189.53570556640625,105.2908935546875,107.32171630859375,0.7717459201812744
213,33,0.0,233.23939514160156,150.89964294433594,124.97904968261719,0.8452165126800537
213,47,519.2166748046875,46.29043197631836,59.59515380859375,49.380924224853516,0.7724120020866394
213,48,591.6959228515625,16.310958862304688,63.74896240234375,40.60102844238281,0.6856666803359985
214,29,54.93317794799805,273.8437805175781,192.0477752685547,180.56179809570312,0.8792376518249512
214,30,593.7343139648438,196.2200469970703,108.92987060546875,111.45509338378906,0.767906129360199
214,33,0.0,244.6189422607422,145.48306274414062,129.62852478027344,0.8535505533218384
214,47,518.7245483398438,48.451454162597656,60.681884765625,50.787200927734375,0.7635045647621155
214,48,591.3373413085938,16.78118896484375,65.16680908203125,42.93708801269531,0.755139172077179
215,29,37.30668640136719,285.8970642089844,199.82894897460938,188.44866943359375,0.7264278531074524
215,30,594.7008056640625,203.55226135253906,112.7401123046875,116.04438781738281,0.7784433364868164
215,33,0.0,256.52880859375,139.58380126953125,135.13287353515625,0.616706371307373
215,47,519.4327392578125,51.509666442871094,60.06298828125,50.68280029296875,0.7723866701126099
215,48,592.008056640625,18.042142868041992,64.93707275390625,44.19499206542969,0.7261618971824646
216,29,15.329049110412598,297.9425354003906,211.3194122314453,200.00137329101562,0.8199597597122192
216,30,597.3934326171875,212.39956665039062,114.88995361328125,118.80191040039062,0.8276398181915283
216,33,0.0,268.3379821777344,132.2477569580078,140.22994995117188,0.72050541639328
216,47,520.4055786132812,55.15943908691406,59.810546875,50.777984619140625,0.7789446711540222
216,48,594.0492553710938,21.344905853271484,61.0577392578125,42.59716033935547,0.7518577575683594
217,29,0.0,312.0058898925781,220.18252563476562,214.76705932617188,0.7677479982376099
217,30,599.5567626953125,220.4395751953125,118.78839111328125,123.468994140625,0.7948893308639526
217,47,520.7046508789062,58.05107116699219,59.76214599609375,51.05421447753906,0.802068293094635
217,48,596.0714111328125,23.53883934020996,57.8839111328125,41.3236083984375,0.7221645712852478
217,49,489.7770690917969,14.054539680480957,34.596038818359375,14.999032020568848,0.456997811794281
218,29,0.0,327.1519775390625,207.88916015625,211.05633544921875,0.7378361225128174
218,30,601.3587036132812,228.79022216796875,122.74029541015625,128.36141967773438,0.8030433654785156
218,47,520.414306640625,60.5698127746582,61.4515380859375,53.010868072509766,0.7491642832756042
218,48,597.2476806640625,26.088274002075195,56.1492919921875,41.00065612792969,0.7857425808906555
218,49,487.35443115234375,14.045714378356934,38.2772216796875,16.664371490478516,0.4281843602657318
219,29,0.0,342.7068176269531,193.97988891601562,197.29318237304688,0.590323269367218
219,30,604.5365600585938,239.2215118408203,124.96697998046875,131.19190979003906,0.7626703381538391
219,47,519.8995361328125,62.98715591430664,63.429931640625,55.389278411865234,0.7677621245384216
219,48,597.0532836914062,27.56159210205078,56.92620849609375,42.531288146972656,0.8265262842178345
219,49,485.581787109375,13.823519706726074,40.8121337890625,17.882976531982422,0.5689622759819031
219,51,564.2680053710938,13.338533401489258,39.8204345703125,14.912130355834961,0.38559624552726746
220,29,0.0,360.8890686035156,178.23178100585938,179.11093139648438,0.8332705497741699
220,30,605.5444946289062,249.00686645507812,130.1279296875,137.53436279296875,0.7645118832588196
220,47,520.008544921875,66.42501068115234,63.96746826171875,56.522216796875,0.7638252973556519
220,48,597.5651245117188,29.07115936279297,57.713134765625,44.212303161621094,0.7877057790756226
220,49,482.96661376953125,13.392544746398926,44.94122314453125,19.908435821533203,0.5686277151107788
220,51,563.7432250976562,13.871487617492676,41.7186279296875,15.645392417907715,0.39886438846588135
221,29,0.0,379.76873779296875,160.93035888671875,160.23126220703125,0.8113669157028198
221,30,607.9932250976562,258.91143798828125,134.42535400390625,142.95611572265625,0.7862148284912109
221,47,520.0350341796875,69.0608901977539,64.28857421875,57.37383270263672,0.8300841450691223
221,48,598.4314575195312,30.985515594482422,56.60302734375,44.22500228881836,0.8132573366165161
221,49,481.42437744140625,13.47271728515625,46.5745849609375,20.906742095947266,0.5188642740249634
221,51,562.759033203125,14.231650352478027,43.96478271484375,16.54788589477539,0.3692975342273712
222,29,0.0,400.1814270019531,141.8804473876953,139.81857299804688,0.7727648615837097
222,30,610.2767333984375,269.1296691894531,139.37652587890625,149.27450561523438,0.7729801535606384
222,47,520.0589599609375,71.78997802734375,64.9710693359375,58.60902404785156,0.8428416848182678
222,48,599.4048461914062,32.464115142822266,55.828857421875,44.38737869262695,0.8584883213043213
222,49,478.9570617675781,13.96064281463623,49.965423583984375,22.842437744140625,0.6456188559532166
222,51,560.8068237304688,14.271503448486328,48.38043212890625,18.34173583984375,0.316917359828949
223,29,0.0,422.1627502441406,122.32997131347656,117.83724975585938,0.6383764147758484
223,30,610.0868530273438,275.7285461425781,148.6680908203125,161.03414916992188,0.7724037766456604
223,47,518.95849609375,75.7129135131836,66.3861083984375,60.401329040527344,0.8280897736549377
223,48,599.5792236328125,34.780731201171875,57.12890625,46.295135498046875,0.8864395618438721
223,49,477.350341796875,14.315424919128418,51.70751953125,24.152679443359375,0.5838724970817566
223,51,558.46435546875,14.43288516998291,52.14593505859375,20.00640106201172,0.3488457202911377
224,29,0.9842881560325623,446.96673583984375,98.2298583984375,93.03326416015625,0.6494424343109131
224,30,611.156494140625,284.2375793457031,156.4761962890625,171.42108154296875,0.6788872480392456
224,47,518.297607421875,78.6008071899414,67.1861572265625,61.735084533691406,0.8312512636184692
224,48,600.337646484375,36.602108001708984,56.43450927734375,46.4362678527832,0.8614770770072937
224,49,474.5096740722656,14.688715934753418,54.998504638671875,26.34188461303711,0.5193739533424377
224,51,557.4613037109375,14.805244445800781,54.78045654296875,21.32758331298828,0.4570779800415039
225,30,606.5916748046875,280.1795654296875,175.4970703125,196.333740234375,0.6670222878456116
225,47,517.9348754882812,81.64041137695312,68.6578369140625,63.94923400878906,0.7825064063072205
225,48,600.7298583984375,38.66767120361328,56.98712158203125,47.67736053466797,0.8327714204788208
225,49,474.0306701660156,14.598050117492676,56.256744384765625,27.719188690185547,0.6303369998931885
225,51,557.237548828125,15.304754257202148,55.677734375,22.024431228637695,0.4618932008743286
226,30,616.145751953125,307.46832275390625,169.19439697265625,190.09405517578125,0.5066319108009338
226,47,518.1481323242188,85.17123413085938,69.4439697265625,65.3250732421875,0.8260869383811951
226,48,601.2557983398438,40.10529327392578,56.78802490234375,48.31221008300781,0.8213721513748169
226,49,472.2518310546875,14.341554641723633,58.84527587890625,29.93748664855957,0.6622409820556641
226,51,554.2330932617188,15.208296775817871,60.99609375,24.68868637084961,0.5792446732521057
227,30,621.7534790039062,327.35626220703125,172.224609375,194.83221435546875,0.8425296545028687
227,47,518.426025390625,89.79129791259766,69.3470458984375,65.7471694946289,0.8141037225723267
227,48,602.1533203125,41.84573745727539,56.8663330078125,49.04240036010742,0.7801837921142578
227,49,470.6214294433594,14.057226181030273,60.158782958984375,31.692922592163086,0.6875771284103394
227,51,552.9729614257812,15.657118797302246,62.61077880859375,25.943740844726562,0.5475224852561951
228,30,628.717041015625,343.2820129394531,171.1419677734375,194.04788208007812,0.7995046973228455
228,47,518.0106811523438,94.08472442626953,70.541259765625,67.56156158447266,0.8054850697517395
228,48,602.196533203125,44.803348541259766,57.09930419921875,49.81386184692383,0.8337388634681702
228,49,468.0361022949219,14.383931159973145,63.007720947265625,34.4443244934082,0.6849950551986694
228,51,551.2910766601562,14.649945259094238,66.1851806640625,28.19122314453125,0.5575515031814575
229,30,638.4436645507812,357.9359436035156,164.418212890625,182.06405639648438,0.6355156302452087
229,47,517.13330078125,97.43936920166016,72.02728271484375,69.71944427490234,0.7915887832641602
229,48,602.6656494140625,46.726722717285156,57.21990966796875,50.443641662597656,0.8202991485595703
229,49,466.12677001953125,14.694278717041016,64.48284912109375,36.58498764038086,0.6395463347434998
229,51,549.1561889648438,14.017576217651367,70.5616455078125,31.063383102416992,0.608380913734436
230,30,648.7672729492188,374.4200134277344,153.19818115234375,165.57998657226562,0.7295668125152588
230,47,516.6137084960938,101.02236938476562,73.4879150390625,71.93798828125,0.8293780088424683
230,48,603.2445678710938,49.419918060302734,57.69927978515625,51.47458267211914,0.8300480842590332
230,49,464.56298828125,14.759259223937988,64.64129638671875,37.869781494140625,0.7118574976921082
230,51,548.3868408203125,13.857954025268555,72.407958984375,32.96179962158203,0.5941272377967834
231,30,660.580322265625,392.4510498046875,140.905029296875,147.5489501953125,0.7939928770065308
231,47,515.8857421875,104.55935668945312,74.817626953125,73.96452331542969,0.7982987761497498
231,48,603.809326171875,50.94049072265625,58.05023193359375,52.40277099609375,0.8628047704696655
231,49,463.1599426269531,15.520197868347168,64.64266967773438,39.09370422363281,0.7177025675773621
231,51,548.1737060546875,13.879807472229004,73.03558349609375,34.43647003173828,0.613629162311554
232,30,669.4692993164062,411.06927490234375,129.790771484375,128.93072509765625,0.7224340438842773
232,47,514.7661743164062,108.8468246459961,76.70965576171875,76.76712799072266,0.7823506593704224
232,48,604.0437622070312,53.109230041503906,58.5010986328125,53.49370574951172,0.8626918196678162
232,49,460.8850402832031,16.2423095703125,66.64694213867188,41.71304702758789,0.7919579744338989
232,51,547.7391357421875,13.962279319763184,74.29107666015625,36.328826904296875,0.6987552046775818
233,30,679.3057250976562,431.8008117675781,115.765380859375,108.19918823242188,0.6362807154655457
233,47,514.8468627929688,114.33750915527344,77.2091064453125,77.82945251464844,0.8161286115646362
233,48,604.4360961914062,56.2208366394043,58.5858154296875,54.075687408447266,0.8631240725517273
233,49,459.8357238769531,17.814043045043945,66.85232543945312,43.2764892578125,0.8299791812896729
233,51,547.1027221679688,14.314857482910156,75.7255859375,38.42195510864258,0.7602301836013794
234,30,691.3331298828125,454.4336242675781,98.60467529296875,85.56637573242188,0.4993024170398712
234,47,515.0526733398438,119.4496078491211,77.86328125,78.94721221923828,0.7953388094902039
234,48,605.4110107421875,58.77332305908203,58.29766845703125,54.17564392089844,0.7835703492164612
234,49,459.6681213378906,19.53297233581543,65.91836547851562,44.09198760986328,0.8246986865997314
234,51,547.7271118164062,15.300233840942383,74.51104736328125,39.132057189941406,0.7130676507949829
235,30,704.7935180664062,478.5693664550781,79.15106201171875,61.430633544921875,0.43607574701309204
235,47,514.6964721679688,124.0821762084961,78.8262939453125,80.37677764892578,0.7919227480888367
235,48,606.5145263671875,61.35382843017578,57.85406494140625,54.01032257080078,0.7821143269538879
235,49,460.1046447753906,21.235431671142578,64.93106079101562,44.8481559753418,0.8325968980789185
235,51,548.861083984375,16.503765106201172,72.8692626953125,39.57244873046875,0.7062618136405945
236,47,513.4180297851562,129.3026580810547,81.3994140625,83.56976318359375,0.7858886122703552
236,48,606.7245483398438,63.49939727783203,59.39263916015625,55.8572998046875,0.7824992537498474
236,49,460.82122802734375,22.972143173217773,62.66192626953125,44.57665252685547,0.760036826133728
236,51,549.4964599609375,17.84088134765625,71.14544677734375,39.911197662353516,0.7513659000396729
237,47,512.426513671875,134.45709228515625,83.61279296875,86.52516174316406,0.8196326494216919
237,48,607.422119140625,66.5119400024414,60.539306640625,57.46581268310547,0.8926486968994141
237,49,460.3194580078125,24.467430114746094,62.72088623046875,46.075401306152344,0.7659214735031128
237,51,550.1952514648438,19.77519416809082,70.05657958984375,40.55194854736328,0.7301641702651978
238,47,512.193115234375,141.13841247558594,83.84307861328125,87.12289428710938,0.8181231617927551
238,48,607.850341796875,68.82127380371094,61.5032958984375,58.958168029785156,0.8462086915969849
238,49,459.95782470703125,26.081764221191406,62.779541015625,47.68897247314453,0.7812292575836182
238,51,551.6040649414062,22.240924835205078,68.04180908203125,40.53498077392578,0.7354349493980408
239,47,510.8195495605469,146.34693908691406,87.41726684570312,91.68391418457031,0.8023150563240051
239,48,608.3479614257812,71.37474822998047,61.98089599609375,59.98303985595703,0.8391954898834229
239,49,459.9070739746094,27.805496215820312,61.349700927734375,48.008636474609375,0.7232919335365295
239,51,552.77587890625,24.324390411376953,65.6385498046875,40.15036392211914,0.6924149394035339
240,47,510.0135803222656,152.33578491210938,88.71798706054688,93.771728515625,0.7891378402709961
240,48,608.933837890625,74.13484954833984,62.4847412109375,60.84601593017578,0.7235780954360962
240,49,459.46514892578125,29.475399017333984,60.61236572265625,48.75827407836914,0.7721330523490906
240,51,552.5372314453125,25.616527557373047,66.0013427734375,41.475704193115234,0.771222710609436
241,47,509.3279724121094,158.09010314941406,90.39450073242188,96.1328125,0.8408198952674866
241,48,610.2694702148438,77.34609985351562,61.290283203125,59.74085998535156,0.7849085927009583
241,49,458.55877685546875,31.482730865478516,60.62750244140625,50.139896392822266,0.8022207021713257
241,51,552.4424438476562,26.958065032958984,65.89910888671875,42.512569427490234,0.8545602560043335
242,47,507.634521484375,163.3704071044922,93.873046875,100.72489929199219,0.8223601579666138
242,48,609.074951171875,79.90137481689453,64.70330810546875,63.658363342285156,0.8432176113128662
242,49,457.67578125,34.19236373901367,60.37457275390625,51.17414474487305,0.8046208024024963
242,51,552.2463989257812,28.271541595458984,66.1422119140625,43.78862380981445,0.8041567206382751
243,47,506.27655029296875,168.3160858154297,97.689208984375,105.78923034667969,0.8133823275566101
243,48,609.1264038085938,82.36861419677734,66.72027587890625,66.40222930908203,0.8330435752868652
243,49,457.9980773925781,38.2975959777832,58.388824462890625,50.50022506713867,0.8553816676139832
243,51,552.0928344726562,29.66263771057129,67.11444091796875,45.68730926513672,0.8032687902450562
244,47,505.5886535644531,176.9252166748047,98.81643676757812,107.79917907714844,0.7880740761756897
244,48,609.996826171875,85.31957244873047,65.611083984375,65.35831451416016,0.758365273475647
244,49,457.76873779296875,41.30044174194336,56.6712646484375,49.90487289428711,0.8755829930305481
244,51,553.2454223632812,32.00265121459961,64.98272705078125,45.29799270629883,0.7817761301994324
245,47,504.4947509765625,185.57566833496094,100.2818603515625,110.14518737792969,0.7993949055671692
245,48,611.3223876953125,88.8307876586914,65.83807373046875,65.7914810180664,0.7881526350975037
245,49,456.90020751953125,43.6115837097168,57.0018310546875,51.237674713134766,0.8826096653938293
245,51,553.5105590820312,33.28011703491211,64.9471435546875,46.4056282043457,0.7710183262825012
246,47,502.46893310546875,193.26828002929688,103.62054443359375,114.52676391601562,0.8138192296028137
246,48,611.4058837890625,91.66105651855469,68.12823486328125,68.358642578125,0.8029161691665649
246,49,455.8385925292969,46.208526611328125,56.999176025390625,52.161109924316406,0.86944580078125
246,51,554.169189453125,35.55982208251953,63.56781005859375,46.28705596923828,0.7569981217384338
247,47,500.6027526855469,201.11575317382812,107.03115844726562,119.01187133789062,0.8440854549407959
247,48,613.4342651367188,94.7364730834961,67.0538330078125,67.0451431274414,0.7968142032623291
247,49,454.350341796875,48.53164291381836,57.21026611328125,53.34225845336914,0.8790621757507324
247,51,553.9188842773438,37.460086822509766,63.856689453125,47.47073745727539,0.7216227054595947
248,47,499.0063171386719,210.8677215576172,110.12088012695312,122.98832702636719,0.8630366921424866
248,48,612.367919921875,97.6847915649414,70.703369140625,71.30181121826172,0.7364755272865295
248,49,453.7616882324219,51.10283279418945,55.563323974609375,52.58273696899414,0.8343490362167358
248,51,553.91455078125,38.82600784301758,64.9007568359375,49.22224044799805,0.7313416004180908
249,47,496.52838134765625,219.364501953125,114.4847412109375,128.8994140625,0.8335452675819397
249,48,612.25390625,101.53292846679688,71.46795654296875,72.30802917480469,0.7737011313438416
249,49,452.3191223144531,53.9282341003418,55.3277587890625,53.02878189086914,0.7913040518760681
249,51,554.2720947265625,41.43641662597656,64.10003662109375,49.4912109375,0.680177628993988
250,47,494.1532897949219,229.20391845703125,119.03775024414062,135.166748046875,0.8681251406669617
250,48,611.5274658203125,104.90023803710938,73.7591552734375,74.85350036621094,0.7402498722076416
250,49,449.08343505859375,56.4869384765625,58.17498779296875,56.59834289550781,0.7649607062339783
250,51,554.5825805664062,43.03495788574219,64.2945556640625,50.559425354003906,0.6585298776626587
251,47,491.77557373046875,239.9998016357422,123.19830322265625,141.11705017089844,0.8027651906013489
251,48,612.004150390625,107.81552124023438,74.80633544921875,76.04119873046875,0.7453706860542297
251,49,447.6348876953125,59.149539947509766,58.4027099609375,57.521183013916016,0.836498498916626
251,51,554.9931030273438,45.39695739746094,63.995361328125,51.139366149902344,0.6816684007644653
252,47,489.5021057128906,251.12057495117188,127.37680053710938,147.00143432617188,0.8245720267295837
252,48,613.70068359375,111.76558685302734,76.0924072265625,77.70145416259766,0.668826162815094
252,49,446.2326965332031,62.132415771484375,58.80987548828125,58.62946319580078,0.7354611158370972
252,51,555.0761108398438,47.9735107421875,63.70703125,51.63958740234375,0.6129627823829651
253,47,487.27008056640625,262.8502197265625,132.4786376953125,154.04660034179688,0.8183563351631165
253,48,616.0449829101562,116.5418701171875,76.363037109375,78.20132446289062,0.6592785716056824
253,49,443.98248291015625,65.60235595703125,59.730926513671875,60.232452392578125,0.846847414970398
253,51,555.2988891601562,50.69400405883789,63.53851318359375,52.14120864868164,0.6349509954452515
254,47,483.1904602050781,273.5677490234375,139.46218872070312,163.90292358398438,0.8023538589477539
254,48,617.1906127929688,120.6131591796875,77.623291015625,79.53176879882812,0.7581075429916382
254,49,441.9222717285156,68.4765396118164,60.035980224609375,61.110633850097656,0.8575515747070312
254,51,555.5860595703125,53.36301040649414,62.7369384765625,52.06771469116211,0.5638170838356018
255,47,479.5106201171875,286.97503662109375,145.49969482421875,172.73681640625,0.8107504844665527
255,48,617.8755493164062,124.80574798583984,79.65167236328125,81.8978500366211,0.8096314668655396
255,49,440.3718566894531,71.15206909179688,60.81268310546875,62.340606689453125,0.7840583920478821
255,51,555.2476196289062,55.56365966796875,63.663818359375,53.484397888183594,0.635179340839386
256,47,474.3060607910156,299.3023986816406,153.70968627929688,184.71209716796875,0.8766196370124817
256,48,618.3038940429688,128.84124755859375,81.9298095703125,84.64019775390625,0.7315850853919983
256,49,438.1042175292969,73.38453674316406,62.06024169921875,64.29400634765625,0.7428473234176636
256,51,555.0977783203125,58.61672592163086,63.5858154296875,53.8410530090332,0.5266133546829224
257,47,470.4178466796875,314.1949157714844,161.43109130859375,196.5625,0.798028826713562
257,48,618.9735717773438,133.52407836914062,83.7247314453125,86.89883422851562,0.7676049470901489
257,49,436.274658203125,78.25960540771484,63.013916015625,65.8587875366211,0.7796124815940857
257,51,554.4397583007812,60.72121047973633,65.11590576171875,55.74470901489258,0.5355228185653687
258,47,467.7388610839844,330.7080993652344,164.75350952148438,202.46347045898438,0.6652058362960815
258,48,620.4130859375,138.03182983398438,85.69317626953125,89.28828430175781,0.8111124038696289
258,49,434.67462158203125,81.32566833496094,63.585357666015625,67.15342712402344,0.8352213501930237
258,51,554.4049682617188,63.725040435791016,65.1026611328125,56.24020767211914,0.5725570917129517
259,47,469.8633117675781,346.08648681640625,158.80673217773438,193.91351318359375,0.7354819178581238
259,48,620.6195678710938,144.25706481933594,87.3062744140625,91.10525512695312,0.795940637588501
259,49,433.2360534667969,85.18287658691406,61.773956298828125,65.50453186035156,0.8264564275741577
259,51,553.9070434570312,66.31050109863281,66.31353759765625,57.9456787109375,0.5006008148193359
260,47,473.5389404296875,365.26177978515625,148.3797607421875,174.73822021484375,0.5268239974975586
260,48,622.5010986328125,149.55810546875,88.6964111328125,92.80169677734375,0.8029893636703491
260,49,431.0163269042969,89.80618286132812,62.573944091796875,66.65975952148438,0.8214752674102783
260,51,554.2666015625,69.06105041503906,66.347412109375,58.37519836425781,0.5765268206596375
261,47,478.6505126953125,384.8784484863281,136.01708984375,155.12155151367188,0.6803126335144043
261,48,623.965576171875,154.46292114257812,90.911376953125,95.2518310546875,0.8478431701660156
261,49,427.8154296875,93.27043151855469,65.2822265625,70.05805969238281,0.7720723748207092
261,51,553.7568969726562,71.39462280273438,67.379150390625,59.8011474609375,0.6753774881362915
262,47,483.2338562011719,405.9652099609375,124.56832885742188,134.0347900390625,0.6449488997459412
262,48,625.4349975585938,159.30245971679688,93.55279541015625,98.22357177734375,0.825167715549469
262,49,426.044921875,97.19898223876953,65.13238525390625,70.17687225341797,0.7490443587303162
262,51,553.3629760742188,74.18341064453125,68.69183349609375,61.39018249511719,0.673797070980072
263,47,491.5781555175781,429.0983581542969,110.43716430664062,110.90164184570312,0.7456254959106445
263,48,626.7489624023438,165.43272399902344,95.75506591796875,100.90168762207031,0.8432530760765076
263,49,423.1427001953125,101.50003051757812,66.52212524414062,72.19407653808594,0.8386427760124207
263,51,554.0862426757812,77.58047485351562,67.52850341796875,60.514739990234375,0.5798918604850769
264,47,500.13323974609375,454.25286865234375,94.3126220703125,85.74713134765625,0.6808363199234009
264,48,627.6001586914062,170.23959350585938,98.99737548828125,104.8009033203125,0.8709043264389038
264,49,420.82244873046875,105.4898452758789,66.2393798828125,71.96221160888672,0.7827789187431335
264,51,553.3682250976562,81.47510528564453,69.2315673828125,62.430076599121094,0.6162604093551636
265,47,511.40582275390625,483.3725891113281,72.8341064453125,56.627410888671875,0.5145413279533386
265,48,628.4474487304688,176.55003356933594,101.75335693359375,108.20027160644531,0.8400462865829468
265,49,417.3700866699219,111.0875015258789,68.27279663085938,74.4300308227539,0.7210633754730225
265,51,552.6767578125,84.82479858398438,69.98114013671875,63.365264892578125,0.6871935129165649
266,48,629.8983154296875,183.4577178955078,103.57208251953125,110.59193420410156,0.8218165636062622
266,49,414.1890869140625,115.17772674560547,70.332275390625,77.0971908569336,0.7719998359680176
266,51,552.9309692382812,87.59333801269531,69.5421142578125,63.05137634277344,0.7534621953964233
267,48,631.5873413085938,190.51185607910156,105.947509765625,113.42680358886719,0.8663634061813354
267,49,410.20281982421875,120.48688507080078,73.85891723632812,81.75841522216797,0.7895190715789795
267,51,552.1366577148438,90.6169662475586,71.19268798828125,64.9183120727539,0.7513796091079712
268,48,633.1063842773438,197.0052032470703,109.43499755859375,117.65776062011719,0.8398165702819824
268,49,407.1083679199219,125.21047973632812,74.92251586914062,83.30207824707031,0.8022392392158508
268,51,551.0890502929688,93.55403900146484,73.22686767578125,67.27562713623047,0.7960480451583862
269,48,634.5935668945312,204.66366577148438,112.3731689453125,121.215576171875,0.8521736264228821
269,49,403.31121826171875,130.48817443847656,76.6136474609375,85.70979309082031,0.7695339918136597
269,51,551.6334838867188,96.78006744384766,73.6212158203125,67.99034881591797,0.7023655772209167
270,48,636.6888427734375,213.04429626464844,115.236572265625,124.86329650878906,0.8103772401809692
270,49,398.55828857421875,136.5808868408203,78.77627563476562,88.67478942871094,0.8033772110939026
270,51,550.4729614257812,101.03733825683594,75.9376220703125,70.5992431640625,0.7193439602851868
271,48,637.8234252929688,220.8191680908203,119.3746337890625,130.0935821533203,0.8056648969650269
271,49,393.3094482421875,141.0756072998047,81.38302612304688,91.79302978515625,0.8146646618843079
271,51,550.1939697265625,103.96636962890625,76.6158447265625,71.64614868164062,0.8203595876693726
272,48,638.2734375,228.03167724609375,124.494384765625,136.4520263671875,0.8445854783058167
272,49,389.7556457519531,147.11837768554688,83.79403686523438,94.83863830566406,0.836243212223053
272,51,548.6455688476562,106.6561508178711,79.8992919921875,75.50553131103516,0.8216679096221924
273,48,640.58740234375,237.7509765625,127.73040771484375,140.51058959960938,0.8320237398147583
273,49,385.858642578125,153.60528564453125,85.23944091796875,97.01228332519531,0.8259807825088501
273,51,548.7490234375,110.20281982421875,79.9134521484375,76.09770202636719,0.8010604977607727
274,48,642.0576171875,247.47264099121094,131.92987060546875,145.7267303466797,0.8179420232772827
274,49,380.5379333496094,161.33949279785156,88.8162841796875,101.71046447753906,0.866445004940033
274,51,547.71435546875,114.72721862792969,81.69635009765625,78.34310913085938,0.7927569150924683
275,48,643.6119995117188,257.43511962890625,136.18646240234375,151.20626831054688,0.7973539233207703
275,49,375.1734924316406,167.80764770507812,91.8472900390625,106.198486328125,0.8169967532157898
275,51,547.6278076171875,119.41950988769531,81.466796875,78.48583984375,0.7619016766548157
276,48,645.0706787109375,266.79400634765625,142.14453125,158.6373291015625,0.8155493140220642
276,49,369.35076904296875,175.41610717773438,95.0330810546875,110.68814086914062,0.8416814208030701
276,51,546.1732788085938,123.51181030273438,84.92236328125,82.48660278320312,0.76944500207901
277,48,647.8932495117188,278.7718811035156,147.08807373046875,165.0880126953125,0.8379047513008118
277,49,363.9080505371094,182.5692596435547,98.07608032226562,115.11326599121094,0.8551903367042542
277,51,545.4490966796875,127.45930480957031,86.05645751953125,84.1202392578125,0.7995367646217346
278,48,649.592041015625,290.1868591308594,153.56304931640625,173.65240478515625,0.8040306568145752
278,49,358.1229553222656,190.12161254882812,101.2816162109375,119.58474731445312,0.8662460446357727
278,51,544.3328857421875,131.5132598876953,88.6717529296875,87.47850036621094,0.8072347044944763
278,58,591.8733520507812,14.680662155151367,45.721435546875,31.5599422454834,0.44157281517982483
279,48,652.1092529296875,301.9339599609375,160.33294677734375,182.84130859375,0.8667476177215576
279,49,352.5569152832031,199.03916931152344,103.22653198242188,122.24873352050781,0.8403966426849365
279,51,544.2725830078125,136.88316345214844,88.93853759765625,88.27923583984375,0.830490231513977
279,58,591.0196533203125,14.896207809448242,47.4384765625,32.79497528076172,0.5126039385795593
280,48,653.959716796875,314.00689697265625,169.164306640625,194.787353515625,0.8357142806053162
280,49,345.2286376953125,207.87391662597656,107.3935546875,127.88142395019531,0.8723170161247253
280,51,543.33056640625,143.02694702148438,89.64764404296875,89.43852233886719,0.8130667209625244
280,58,590.7804565429688,13.92676067352295,51.353271484375,35.6912727355957,0.6124117374420166
280,60,486.3238220214844,14.194345474243164,39.219635009765625,19.282663345336914,0.38769984245300293
281,48,657.1524658203125,328.25579833984375,174.3441162109375,202.165283203125,0.8399863839149475
281,49,337.8843994140625,216.96923828125,111.53897094726562,133.65072631835938,0.8746364116668701
281,51,541.1553344726562,148.03176879882812,92.9498291015625,93.57870483398438,0.7983571290969849
281,58,589.4577026367188,13.785187721252441,54.22955322265625,37.99319076538086,0.6771073937416077
281,60,485.6631774902344,14.24944019317627,40.071136474609375,19.718341827392578,0.4932817816734314
282,48,665.3180541992188,342.4783020019531,170.8697509765625,197.46975708007812,0.8407734036445618
282,49,330.814453125,226.6240997314453,114.01095581054688,137.0480194091797,0.8823369741439819
282,51,541.1549682617188,152.84654235839844,93.667724609375,94.82363891601562,0.7586053013801575
282,58,590.2534790039062,14.348176956176758,54.13165283203125,38.22784423828125,0.6866701245307922
282,60,484.1709899902344,14.4418306350708,42.286529541015625,20.86859130859375,0.4074179232120514
283,48,675.9352416992188,357.1132507324219,163.64166259765625,182.88674926757812,0.801506519317627
283,49,323.0133361816406,237.42971801757812,117.79119873046875,141.92245483398438,0.8873184323310852
283,51,539.9253540039062,158.5772247314453,96.02764892578125,97.75489807128906,0.8554920554161072
283,58,590.204833984375,14.745272636413574,54.87945556640625,39.21672821044922,0.6318944692611694
283,60,478.9387512207031,14.743023872375488,50.137786865234375,24.924480438232422,0.45138630270957947
284,48,687.3092041015625,373.8133544921875,153.5819091796875,166.1866455078125,0.7762764692306519
284,49,314.3167419433594,249.46507263183594,121.57257080078125,146.81434631347656,0.852466881275177
284,51,537.9407348632812,164.1161346435547,99.49322509765625,102.08885192871094,0.7967036366462708
284,58,589.6624755859375,15.107033729553223,57.024658203125,41.322235107421875,0.5975778102874756
284,60,478.2291259765625,15.003351211547852,50.62872314453125,25.356313705444336,0.5543034076690674
285,48,697.0195922851562,391.6876220703125,142.894287109375,148.3123779296875,0.7523613572120667
285,49,303.660400390625,261.1837158203125,128.92535400390625,156.7154541015625,0.8690711259841919
285,51,537.1785888671875,170.85227966308594,101.19232177734375,104.41725158691406,0.8269132375717163
285,58,588.9931030273438,15.833441734313965,58.74835205078125,43.28361129760742,0.6131718754768372
285,60,474.2568359375,14.760398864746094,53.98370361328125,27.317401885986328,0.6165422797203064
286,48,706.3187255859375,410.9128723144531,129.3948974609375,129.08712768554688,0.7118643522262573
286,49,293.2909240722656,273.849853515625,134.00869750976562,163.57855224609375,0.9001380801200867
286,51,535.3427124023438,176.7678680419922,104.48748779296875,108.48265075683594,0.8241254091262817
286,58,588.383056640625,17.504375457763672,59.49188232421875,44.596736907958984,0.5600520372390747
286,60,470.9826354980469,14.3385591506958,57.465179443359375,29.420703887939453,0.6260257363319397
287,48,716.6690063476562,431.3038635253906,115.35357666015625,108.69613647460938,0.7409289479255676
287,49,280.99346923828125,286.35772705078125,142.0233154296875,174.51748657226562,0.8341244459152222
287,51,534.2406005859375,182.107421875,107.9254150390625,113.09295654296875,0.7852603197097778
287,58,589.3052978515625,20.443281173706055,58.03753662109375,44.2403564453125,0.6362566947937012
287,60,467.2291564941406,14.123881340026855,60.766387939453125,31.56985855102539,0.665898323059082
288,48,726.5452270507812,453.27685546875,100.58978271484375,86.72314453125,0.6434424519538879
288,49,268.543701171875,300.6504211425781,149.72653198242188,185.12918090820312,0.8706541061401367
288,51,533.4150390625,189.91970825195312,109.23602294921875,115.30850219726562,0.8176960349082947
288,58,591.2431640625,23.615041732788086,55.80914306640625,42.952980041503906,0.6227568984031677
288,60,464.44879150390625,13.75440502166748,64.27630615234375,33.936302185058594,0.7171844244003296
289,48,737.1815795898438,477.4393310546875,82.58892822265625,62.5606689453125,0.6350741386413574
289,49,255.2083740234375,316.9961242675781,157.2572021484375,195.93685913085938,0.8492775559425354
289,51,530.8065795898438,195.76075744628906,113.05426025390625,120.46131896972656,0.8016135692596436
289,58,592.6928100585938,26.80938148498535,53.81622314453125,41.81117248535156,0.7414038777351379
289,60,462.77972412109375,14.140761375427246,66.41619873046875,35.797603607177734,0.8162658214569092
290,49,243.26364135742188,333.402099609375,160.83468627929688,200.64300537109375,0.7593562602996826
290,51,529.771728515625,202.44888305664062,115.814697265625,124.42660522460938,0.8746907711029053
290,58,593.5471801757812,29.003538131713867,53.75018310546875,42.23640441894531,0.788473904132843
290,60,462.4670715332031,14.84671401977539,66.40823364257812,36.59651184082031,0.8277055025100708
291,49,235.45443725585938,352.8041076660156,154.05313110351562,187.19589233398438,0.7211233973503113
291,51,528.7269897460938,210.48182678222656,118.782470703125,128.7919464111328,0.8778859972953796
291,58,594.5562133789062,31.462818145751953,53.6788330078125,42.59012222290039,0.7047873139381409
291,60,461.2406921386719,15.717049598693848,66.87417602539062,37.756683349609375,0.8175780177116394
292,49,231.6536407470703,373.8203125,142.92796325683594,166.1796875,0.8218042254447937
292,51,526.7230224609375,218.1455841064453,122.69903564453125,134.41786193847656,0.8716394901275635
292,58,595.5298461914062,34.05910873413086,52.915283203125,42.31270980834961,0.7171210646629333
292,60,460.1479187011719,16.331544876098633,68.71737670898438,39.80799102783203,0.8078995943069458
293,49,230.05484008789062,395.63958740234375,130.70596313476562,144.36041259765625,0.7763450145721436
293,51,525.0209350585938,227.0452423095703,126.38897705078125,139.68125915527344,0.8626207113265991
293,58,595.5371704101562,35.86266326904297,53.33551025390625,43.03338623046875,0.784694492816925
293,60,459.52166748046875,17.710834503173828,69.3402099609375,41.246826171875,0.8157868981361389
294,49,228.5946502685547,420.0896301269531,115.93321228027344,119.91036987304688,0.7448340058326721
294,51,523.4451904296875,236.28677368164062,129.31988525390625,144.17391967773438,0.8573399186134338
294,58,596.58935546875,37.767276763916016,53.881591796875,43.884151458740234,0.8249830007553101
294,60,459.5634460449219,19.51258659362793,68.66714477539062,41.96458435058594,0.8306507468223572
295,49,231.5500030517578,447.7412109375,97.30665588378906,92.2587890625,0.7999637126922607
295,51,521.4166870117188,246.04039001464844,133.84881591796875,150.7157440185547,0.8197084665298462
295,58,595.8865966796875,40.16327667236328,55.6298828125,45.714393615722656,0.7890139222145081
295,60,459.3873596191406,21.274168014526367,67.71969604492188,42.52629852294922,0.8673445582389832
296,51,518.746337890625,255.64627075195312,139.1981201171875,158.66232299804688,0.8260965347290039
296,58,596.6183471679688,42.081058502197266,55.88140869140625,46.320980072021484,0.7534202337265015
296,60,459.72381591796875,22.992759704589844,65.635009765625,42.30891418457031,0.8557606339454651
297,51,516.183349609375,266.0291748046875,144.1844482421875,166.30001831054688,0.8546637296676636
297,58,597.2776489257812,44.38772964477539,55.41961669921875,46.278079986572266,0.7616704702377319
297,60,459.1961975097656,24.740503311157227,64.81155395507812,42.83857727050781,0.8616666197776794
298,51,512.7542114257812,275.5445861816406,149.9681396484375,175.13211059570312,0.8726341724395752
298,58,596.5651245117188,45.953208923339844,57.07745361328125,48.051170349121094,0.824439525604248
298,60,458.3436584472656,26.40612030029297,64.92959594726562,44.09513854980469,0.8653623461723328
299,51,510.1033630371094,284.3652038574219,155.78909301757812,184.61343383789062,0.8582887649536133
299,58,596.1174926757812,48.18522262573242,58.33642578125,49.53762435913086,0.7940670251846313
299,60,456.74029541015625,28.030832290649414,66.0423583984375,46.031982421875,0.860537588596344
300,51,507.218017578125,297.43719482421875,161.7510986328125,194.465087890625,0.6736289858818054
300,58,596.3378295898438,51.0648193359375,58.27789306640625,49.875511169433594,0.8607339262962341
300,60,456.3013000488281,29.665376663208008,65.57040405273438,46.776275634765625,0.8698899745941162
301,51,504.4000244140625,311.54034423828125,167.77191162109375,204.6114501953125,0.6981325149536133
301,58,597.9700317382812,53.374473571777344,57.52398681640625,49.678504943847656,0.8054872751235962
301,60,456.439208984375,31.589433670043945,64.6065673828125,47.18800354003906,0.8316267132759094
302,51,503.78143310546875,326.6676940917969,168.32745361328125,207.65884399414062,0.6494700908660889
302,58,598.4335327148438,55.64692687988281,57.93310546875,50.52045440673828,0.8410845994949341
302,60,456.6929016113281,34.53605651855469,63.229522705078125,47.002174377441406,0.7954782247543335
303,51,507.0551452636719,342.6183776855469,160.76742553710938,197.38162231445312,0.7077038884162903
303,58,598.9617309570312,59.0787353515625,57.89788818359375,50.76739501953125,0.8659319281578064
303,60,456.6137390136719,37.98220443725586,61.576080322265625,46.496463775634766,0.796954870223999
304,51,510.5014953613281,358.0093078613281,151.54653930664062,181.99069213867188,0.7445138096809387
304,58,600.1279907226562,62.29933166503906,58.13995361328125,51.196685791015625,0.8101760149002075
304,60,455.4994812011719,40.45035171508789,61.233184814453125,46.979061126708984,0.8446051478385925
305,51,515.608642578125,374.2613220214844,142.16143798828125,165.73867797851562,0.7808188796043396
305,58,600.3152465820312,65.56097412109375,60.1439208984375,53.633216857910156,0.7676249146461487
305,60,454.7064514160156,42.99009704589844,60.649871826171875,47.15399169921875,0.9007354974746704
306,51,521.7619018554688,393.3554382324219,130.137451171875,146.64456176757812,0.7414917945861816
306,58,600.36474609375,67.66143798828125,61.96453857421875,55.900909423828125,0.7893372774124146
306,60,453.3081359863281,45.093780517578125,61.814605712890625,48.862457275390625,0.8984041810035706
307,51,527.4176025390625,411.6396484375,118.88702392578125,128.3603515625,0.5800459384918213
307,58,600.9783935546875,70.55280303955078,62.379150390625,56.855621337890625,0.7765976190567017
307,60,451.906494140625,47.63434600830078,62.2451171875,49.898658752441406,0.8868502974510193
308,51,533.6759643554688,431.30810546875,107.201416015625,108.69189453125,0.3684314489364624
308,58,602.2484130859375,73.70426177978516,61.5968017578125,56.59587860107422,0.7150405645370483
308,60,450.17315673828125,50.04990768432617,62.6153564453125,50.7894401550293,0.8691504597663879
309,58,603.1454467773438,76.77915954589844,61.48565673828125,56.90574645996094,0.7124875783920288
309,60,448.2001647949219,52.56602478027344,63.19976806640625,51.78369140625,0.8497257232666016
310,58,603.6064453125,79.75051879882812,62.475341796875,58.123870849609375,0.7671046257019043
310,60,447.8216857910156,55.26553726196289,63.28045654296875,52.413455963134766,0.8173953294754028
311,58,603.9296264648438,83.72212219238281,63.37347412109375,59.278778076171875,0.7525182366371155
311,60,445.43896484375,57.22239685058594,64.77426147460938,54.275352478027344,0.8476772308349609
311,64,432.2224426269531,12.659573554992676,33.65948486328125,14.416829109191895,0.4378758370876312
312,58,604.5551147460938,87.25218200683594,64.65234375,60.87565612792969,0.7152459025382996
312,60,443.5697326660156,59.9400634765625,64.58953857421875,54.406341552734375,0.8238442540168762
312,64,429.34393310546875,12.78215503692627,37.515960693359375,16.109390258789062,0.5758363604545593
313,58,605.7870483398438,91.60755920410156,64.11187744140625,60.4002685546875,0.7294996380805969
313,60,439.5580749511719,62.60276412963867,66.53485107421875,56.29298782348633,0.828494668006897
313,64,426.9851379394531,12.767860412597656,40.209442138671875,17.333786010742188,0.6203936338424683
314,58,604.226806640625,93.80870056152344,68.7022705078125,65.3031005859375,0.7811635732650757
314,60,437.489013671875,65.09134674072266,68.02716064453125,57.93132781982422,0.8269474506378174
314,64,426.6728210449219,13.461009979248047,39.644317626953125,17.122150421142578,0.6209830641746521
315,58,604.0020141601562,96.79305267333984,70.33441162109375,67.3558578491211,0.7807331681251526
315,60,436.3233337402344,67.76238250732422,68.38101196289062,58.674095153808594,0.8661442399024963
315,64,424.38037109375,13.63501262664795,42.05316162109375,18.294788360595703,0.5866130590438843
316,58,604.60888671875,102.53189086914062,71.33636474609375,68.92630004882812,0.7362034320831299
316,60,435.46575927734375,70.92547607421875,68.71035766601562,59.35295104980469,0.8540010452270508
316,64,421.79290771484375,13.713140487670898,44.79803466796875,19.702756881713867,0.5792111754417419
317,58,605.328369140625,105.6110610961914,72.2940673828125,70.39498138427734,0.7592601180076599
317,60,433.1667785644531,73.3762435913086,70.89651489257812,61.84497833251953,0.7805535197257996
317,64,420.1470642089844,13.967377662658691,46.0811767578125,20.51675796508789,0.5805299878120422
318,58,605.8548583984375,109.19247436523438,73.5457763671875,72.0382080078125,0.7879329323768616
318,60,430.9345397949219,75.45657348632812,72.014404296875,63.249053955078125,0.7012032270431519
318,64,418.15509033203125,14.543087005615234,47.920257568359375,21.63641357421875,0.5723745226860046
319,58,605.6959228515625,113.8539810180664,73.94256591796875,72.49056243896484,0.836998462677002
319,60,428.52435302734375,80.07575225830078,73.46136474609375,65.15946197509766,0.7849227786064148
319,64,415.64764404296875,14.84179973602295,50.479583740234375,23.230079650878906,0.6626685857772827
320,58,605.7456665039062,118.27958679199219,75.91424560546875,74.77250671386719,0.7720494866371155
320,60,427.2120056152344,85.33941650390625,71.85638427734375,63.908416748046875,0.7968548536300659
320,64,412.7902526855469,15.217082023620605,53.399169921875,25.143768310546875,0.7791956663131714
321,58,606.8726806640625,122.76164245605469,77.304443359375,76.43803405761719,0.7201499938964844
321,60,425.5273132324219,89.19113159179688,72.94808959960938,65.23130798339844,0.852899432182312
321,64,411.0385437011719,15.380179405212402,54.598846435546875,26.320415496826172,0.7964838743209839
322,58,607.1514282226562,127.20293426513672,79.15380859375,78.65982818603516,0.6862205862998962
322,60,423.5008239746094,93.58153533935547,73.49130249023438,66.07073211669922,0.8561766147613525
322,64,409.0096130371094,14.489701271057129,56.93377685546875,28.18927764892578,0.708511233329773
323,58,606.8346557617188,131.70816040039062,82.85711669921875,83.06668090820312,0.7547881007194519
323,60,420.3623962402344,95.8813247680664,76.10769653320312,68.96428680419922,0.8422979712486267
323,64,406.5031433105469,13.932598114013672,59.67401123046875,30.453369140625,0.7823779582977295
323,67,572.9261474609375,14.14757251739502,39.54583740234375,25.022106170654297,0.501575231552124
324,58,608.1016845703125,135.89572143554688,83.887939453125,84.46879577636719,0.7621169686317444
324,60,416.8182067871094,98.28836822509766,79.12521362304688,72.5682144165039,0.8000515699386597
324,64,404.4509582519531,13.642208099365234,61.460968017578125,32.30461120605469,0.8342260122299194
324,67,571.7468872070312,14.156578063964844,41.54779052734375,26.356101989746094,0.5025477409362793
325,58,610.4835815429688,142.49765014648438,84.94964599609375,86.27342224121094,0.6039921045303345
325,60,414.3470153808594,102.47107696533203,79.37466430664062,73.31769561767578,0.7604592442512512
325,64,402.88330078125,13.780353546142578,61.784423828125,33.51018524169922,0.7650363445281982
326,58,611.6588745117188,147.8062286376953,87.09228515625,89.10263061523438,0.6522829532623291
326,60,411.894287109375,106.7591323852539,80.51809692382812,74.91938018798828,0.7522577047348022
326,64,400.79534912109375,13.958847045898438,62.9903564453125,35.321563720703125,0.7368072271347046
326,67,567.4267578125,13.284729957580566,49.93658447265625,31.981388092041016,0.7026358842849731
327,58,612.2144165039062,153.8811492919922,89.29296875,92.15594482421875,0.6259058117866516
327,60,408.4617004394531,111.23117065429688,81.53912353515625,76.27088928222656,0.8203410506248474
327,64,398.8431396484375,14.296077728271484,63.75469970703125,36.889244079589844,0.8391147255897522
327,67,566.770263671875,13.633469581604004,51.96246337890625,33.678680419921875,0.7287013530731201
328,58,613.122314453125,159.74856567382812,91.23211669921875,94.75880432128906,0.7680363059043884
328,60,405.0374450683594,116.15799713134766,83.32989501953125,78.35883331298828,0.7478541135787964
328,64,397.578125,14.791400909423828,63.660430908203125,37.951263427734375,0.8599473834037781
328,67,565.4724731445312,14.119646072387695,54.133544921875,35.63726043701172,0.7144950032234192
329,58,612.7302856445312,166.51852416992188,94.18505859375,98.57339477539062,0.7689085602760315
329,60,402.79852294921875,121.05413055419922,83.09661865234375,78.23160552978516,0.8167933821678162
329,64,396.4612121582031,15.415289878845215,63.13763427734375,38.71795654296875,0.8494908809661865
329,67,565.2066650390625,14.870792388916016,54.94732666015625,36.71686935424805,0.7282342910766602
330,58,614.6649169921875,174.16281127929688,95.13568115234375,100.06948852539062,0.7385053634643555
330,60,399.3853759765625,125.7636489868164,85.13095092773438,80.48169708251953,0.8174663186073303
330,64,395.04248046875,16.180164337158203,63.54803466796875,40.097599029541016,0.8821549415588379
330,67,565.4006958007812,15.57565975189209,55.8873291015625,37.93113708496094,0.6985048055648804
331,58,614.967041015625,180.45985412597656,98.4658203125,104.32618713378906,0.7806322574615479
331,60,394.80120849609375,131.1321563720703,87.36306762695312,82.77134704589844,0.8229787945747375
331,64,393.2322692871094,17.069454193115234,63.134918212890625,40.98360061645508,0.8506973385810852
331,67,564.346435546875,16.29400634765625,58.305908203125,40.400779724121094,0.7598431706428528
332,58,617.6350708007812,188.9730682373047,100.40899658203125,106.72611999511719,0.7920857071876526
332,60,391.0967712402344,136.67523193359375,88.56732177734375,83.94297790527344,0.8237523436546326
332,64,392.3641662597656,19.217981338500977,61.528228759765625,40.976226806640625,0.8098148703575134
332,67,563.8162841796875,18.608198165893555,58.538818359375,41.41307067871094,0.7751835584640503
333,58,617.5894775390625,195.76284790039062,104.58551025390625,111.86895751953125,0.7820041179656982
333,60,387.7816467285156,142.64547729492188,90.4376220703125,85.83631896972656,0.7861368060112
333,64,391.6672668457031,21.48008918762207,60.37530517578125,41.119873046875,0.8132402896881104
333,67,564.6671752929688,21.827360153198242,56.04730224609375,40.355552673339844,0.7891861200332642
334,58,618.5385131835938,204.64862060546875,106.61651611328125,114.44970703125,0.8352301120758057
334,60,383.5580139160156,147.74404907226562,93.4744873046875,89.09866333007812,0.7562723159790039
334,64,390.78997802734375,23.163433074951172,58.95355224609375,40.94822311401367,0.8083403706550598
334,67,565.2677612304688,24.526594161987305,54.51336669921875,39.828887939453125,0.8097396492958069
335,58,618.6025390625,213.08047485351562,110.85919189453125,119.531005859375,0.8581778407096863
335,60,379.548828125,154.10581970214844,94.90863037109375,90.53369140625,0.8341249823570251
335,64,390.1053161621094,26.08199119567871,56.521697998046875,39.90674591064453,0.8363795280456543
335,67,565.6806030273438,26.318256378173828,53.63812255859375,39.7635612487793,0.8011322021484375
336,58,620.61083984375,221.80001831054688,114.558837890625,124.30755615234375,0.8224056959152222
336,60,374.01995849609375,159.14991760253906,98.61505126953125,94.40573120117188,0.8075677752494812
336,64,387.9535217285156,27.249284744262695,57.414398193359375,41.30517578125,0.8730302453041077
336,67,565.781494140625,28.46726417541504,54.15533447265625,40.78144073486328,0.8010862469673157
336,68,431.55023193359375,12.60744571685791,35.25518798828125,14.281346321105957,0.4658948481082916
337,58,621.5167846679688,231.1252899169922,118.43902587890625,129.4894256591797,0.8620792627334595
337,60,369.0899658203125,165.7192840576172,101.93045043945312,98.11396789550781,0.8175898194313049
337,64,386.2367248535156,28.453712463378906,58.36285400390625,42.71611785888672,0.8348957300186157
337,67,565.749755859375,31.338369369506836,53.89862060546875,41.15979766845703,0.8357051610946655
337,68,429.9657897949219,12.6597261428833,37.43023681640625,15.178427696228027,0.5879685282707214
338,58,622.479736328125,240.83889770507812,122.88470458984375,134.96820068359375,0.8512981534004211
338,60,364.9365539550781,172.33807373046875,103.75262451171875,100.151123046875,0.8050491213798523
338,64,385.70391845703125,31.183137893676758,57.2054443359375,42.42774200439453,0.8289116024971008
338,67,565.3375244140625,33.06032943725586,54.70794677734375,42.480472564697266,0.812839925289154
338,68,429.0285339355469,12.804608345031738,38.6619873046875,15.713141441345215,0.6429449319839478
339,58,622.5591430664062,251.4500274658203,127.5914306640625,140.8984832763672,0.7122212648391724
339,60,358.87359619140625,179.8391571044922,106.248046875,102.73814392089844,0.7967479825019836
339,64,383.9983825683594,33.03493881225586,57.369140625,43.14516067504883,0.8373373746871948
339,67,565.9107666015625,34.99387741088867,54.63385009765625,43.028133392333984,0.8157526254653931
339,68,428.05828857421875,13.550700187683105,38.547882080078125,15.70493221282959,0.6025919914245605
340,58,622.29541015625,262.8395080566406,133.57086181640625,148.37734985351562,0.6509386897087097
340,60,353.67376708984375,187.7027587890625,108.74197387695312,105.39849853515625,0.7518053650856018
340,64,382.43194580078125,34.965267181396484,56.44598388671875,42.91008377075195,0.8119767308235168
340,67,567.0538940429688,37.70891189575195,53.05072021484375,42.127437591552734,0.8284640908241272
340,68,426.4815368652344,13.536867141723633,40.322509765625,16.525270462036133,0.6055746674537659
341,58,623.7847900390625,274.3995056152344,140.2777099609375,157.1549072265625,0.757307767868042
341,60,346.7769775390625,194.3029327392578,113.53872680664062,110.53562927246094,0.7375115156173706
341,64,381.08172607421875,37.54578399658203,55.803466796875,42.81159973144531,0.8538908362388611
341,67,565.8348388671875,40.02309799194336,55.080810546875,44.35659408569336,0.8214758038520813
341,68,424.01788330078125,13.64838981628418,43.22003173828125,17.903005599975586,0.5567992329597473
342,58,622.59521484375,281.4687194824219,150.3089599609375,170.12533569335938,0.5426973700523376
342,60,340.5238342285156,202.49493408203125,117.64456176757812,115.01190185546875,0.7587636709213257
342,64,378.9017639160156,39.27648162841797,56.942138671875,44.08821105957031,0.811590313911438
342,67,565.2928466796875,42.71480178833008,55.96258544921875,45.6824836730957,0.8236070275306702
342,68,421.3772277832031,13.464156150817871,46.96099853515625,19.7630615234375,0.6045979261398315
343,58,627.3784790039062,298.2369384765625,152.86578369140625,174.56845092773438,0.6373907923698425
343,60,332.9649353027344,211.42294311523438,121.60418701171875,119.18258666992188,0.8000012040138245
343,64,375.9864196777344,40.70473098754883,58.059814453125,45.54421615600586,0.7793712615966797
343,67,564.9635009765625,43.88949203491211,56.750244140625,47.06410598754883,0.7955577969551086
343,68,419.8164367675781,13.626222610473633,48.399200439453125,20.72762107849121,0.5675960779190063
344,58,630.152587890625,313.69134521484375,157.98834228515625,182.09225463867188,0.7998557686805725
344,60,325.3487243652344,218.01669311523438,127.81951904296875,126.05355834960938,0.7215330600738525
344,64,374.5034484863281,42.923561096191406,57.203460693359375,45.32391357421875,0.7883074879646301
344,67,565.5111083984375,47.3234748840332,56.18878173828125,47.085567474365234,0.7817323207855225
344,68,417.78338623046875,14.08486270904541,50.71124267578125,22.140716552734375,0.6850259304046631
345,58,632.0264892578125,330.09759521484375,165.6236572265625,192.7806396484375,0.8108594417572021
345,60,317.2169494628906,227.1465301513672,132.670166015625,131.5222625732422,0.7898116707801819
345,64,372.87615966796875,44.25563430786133,57.365478515625,45.83345413208008,0.7982609272003174
345,67,565.188720703125,50.24348449707031,56.83184814453125,48.191871643066406,0.7970960140228271
345,68,416.45330810546875,14.507956504821777,52.366668701171875,23.351211547851562,0.6752718687057495
346,58,639.1610107421875,345.2222595214844,164.595947265625,191.67349243164062,0.8483559489250183
346,60,308.749755859375,237.3325653076172,138.05215454101562,137.7862091064453,0.7727953195571899
346,64,369.7843933105469,46.305877685546875,59.10546875,47.61163330078125,0.8117063045501709
346,67,565.7512817382812,53.10211181640625,55.97613525390625,47.928443908691406,0.8220652937889099
346,68,414.1749267578125,14.754077911376953,54.503265380859375,24.935596466064453,0.7299646139144897
347,58,649.5206909179688,362.07977294921875,156.052490234375,177.92022705078125,0.6073484420776367
347,60,300.4592590332031,248.09141540527344,142.66915893554688,143.14268493652344,0.8191620111465454
347,64,367.5973815917969,48.654449462890625,59.05706787109375,48.003875732421875,0.8427026867866516
347,67,565.1506958007812,56.31074142456055,57.498779296875,49.79167556762695,0.7805073261260986
347,68,412.4082336425781,14.603924751281738,55.836822509765625,26.243858337402344,0.7623751759529114
348,58,659.5429077148438,380.7108459472656,144.97802734375,159.28915405273438,0.6487154364585876
348,60,291.1633605957031,259.0176086425781,148.47113037109375,149.848388671875,0.6790465116500854
348,64,364.3910217285156,50.37133026123047,60.61798095703125,49.76190185546875,0.7937557101249695
348,67,565.761962890625,58.949501037597656,57.6396484375,50.259925842285156,0.8220917582511902
348,68,409.0238342285156,13.880565643310547,60.04766845703125,29.165958404541016,0.6858422160148621
349,58,670.021484375,401.8155822753906,131.7691650390625,138.18441772460938,0.678962767124176
349,60,276.590087890625,269.7122802734375,157.03326416015625,158.83355712890625,0.5710052251815796
349,64,362.3009033203125,52.41128158569336,61.07366943359375,50.460758209228516,0.8270046710968018
349,67,566.4143676757812,61.90304183959961,56.82635498046875,49.730098724365234,0.8221554160118103
349,68,406.8260498046875,13.430315017700195,62.827362060546875,31.62693977355957,0.7100178599357605
349,71,534.9295043945312,13.535150527954102,37.4283447265625,16.29852294921875,0.3775561451911926
350,58,679.3580932617188,422.7222595214844,119.45941162109375,117.27774047851562,0.4324413537979126
350,60,266.20550537109375,281.7392578125,163.79440307617188,166.52435302734375,0.7203198671340942
350,64,359.83782958984375,55.47340393066406,61.26190185546875,50.821380615234375,0.8729385733604431
350,67,565.2083129882812,64.77384185791016,59.44927978515625,52.589759826660156,0.7515272498130798
350,68,405.2500305175781,13.495837211608887,63.657470703125,33.229209899902344,0.7608818411827087
350,71,534.569091796875,13.70047378540039,38.312744140625,16.72894859313965,0.34655144810676575
351,58,689.283447265625,446.5526428222656,102.952392578125,93.44735717773438,0.3810693025588989
351,60,254.1508026123047,290.4254455566406,174.8268585205078,179.64324951171875,0.5319388508796692
351,64,357.2178039550781,58.03392791748047,61.878692626953125,51.59258270263672,0.8672791719436646
351,67,564.1070556640625,67.66975402832031,61.55517578125,55.13732147216797,0.7766004204750061
351,68,404.187255859375,14.211821556091309,63.084014892578125,34.05906295776367,0.7452242374420166
351,71,533.0135498046875,13.831915855407715,42.22247314453125,18.548381805419922,0.4434681534767151
351,72,602.91650390625,13.447452545166016,34.98406982421875,13.160533905029297,0.37538909912109375
352,60,236.84335327148438,291.1537170410156,193.3116455078125,202.16168212890625,0.5326696634292603
352,64,355.20233154296875,60.961483001708984,61.88092041015625,51.719425201416016,0.8496026396751404
352,67,565.6144409179688,71.86604309082031,59.299560546875,53.28693389892578,0.8038901090621948
352,68,402.90985107421875,14.558121681213379,63.386505126953125,35.380218505859375,0.7642133831977844
352,71,531.5189208984375,13.916970252990723,44.70867919921875,19.806640625,0.5664069056510925
352,72,602.0501708984375,13.801725387573242,38.12628173828125,14.358949661254883,0.38305288553237915
353,60,227.2648468017578,314.0110168457031,194.78684997558594,205.59176635742188,0.506691575050354
353,64,352.1255798339844,62.87299728393555,64.21206665039062,54.121517181396484,0.8392062783241272
353,67,565.1720581054688,74.21511840820312,60.641845703125,54.97138977050781,0.7663646936416626
353,68,401.1119384765625,14.642773628234863,64.36688232421875,37.139381408691406,0.7900151610374451
353,71,530.4910278320312,14.09418773651123,46.4832763671875,20.79122543334961,0.5487823486328125
353,72,601.6405639648438,14.322367668151855,40.59600830078125,15.337433815002441,0.4517955482006073
354,60,219.5539093017578,332.1769104003906,192.15309143066406,203.24288940429688,0.46956849098205566
354,64,349.2914733886719,65.08511352539062,65.21282958984375,55.307891845703125,0.7866703271865845
354,67,564.9259643554688,77.46334075927734,60.9818115234375,55.653358459472656,0.8202930688858032
354,68,400.4648742675781,15.340963363647461,62.768890380859375,37.29341125488281,0.7540817260742188
354,71,527.9915161132812,14.142065048217773,50.62786865234375,22.92963218688965,0.6736564636230469
354,72,599.4410400390625,14.086462020874023,45.7442626953125,17.440244674682617,0.4919545352458954
355,60,213.28114318847656,350.3982238769531,182.1488800048828,189.60177612304688,0.6329184770584106
355,64,346.4096984863281,68.03921508789062,65.24835205078125,55.497650146484375,0.8139528632164001
355,67,564.6266479492188,80.31262969970703,61.10400390625,55.949867248535156,0.8000631928443909
355,68,399.1128845214844,16.08376121520996,62.360687255859375,38.076019287109375,0.7820653915405273
355,71,526.0631713867188,14.48583984375,54.3265380859375,25.05103302001953,0.7434520125389099
355,72,597.80810546875,14.084136962890625,49.8414306640625,19.229679107666016,0.5608900189399719
356,60,210.23956298828125,368.5131530761719,170.38638305664062,171.48684692382812,0.4557303190231323
356,64,343.1701354980469,70.99429321289062,65.16574096679688,55.53973388671875,0.8580678701400757
356,67,564.0588989257812,84.3949966430664,62.80841064453125,57.920860290527344,0.827280580997467
356,68,397.47320556640625,16.640810012817383,63.0760498046875,39.67705535888672,0.8266006708145142
356,71,524.025146484375,14.32636547088623,58.489501953125,27.576541900634766,0.6981968283653259
356,72,596.4974975585938,14.12439250946045,53.54656982421875,20.980236053466797,0.6714838743209839
357,60,209.22958374023438,388.5555419921875,156.9539794921875,151.4444580078125,0.4591779410839081
357,64,340.13800048828125,73.9908447265625,66.3182373046875,56.75477600097656,0.7874584794044495
357,67,564.09130859375,88.37529754638672,63.4656982421875,58.810508728027344,0.7852035760879517
357,68,396.90399169921875,17.747865676879883,62.821258544921875,40.637046813964844,0.831060528755188
357,71,521.8410034179688,14.0101957321167,62.45947265625,30.25869369506836,0.7277767658233643
357,72,594.8216552734375,14.778908729553223,57.9329833984375,23.15884017944336,0.6222798228263855
358,60,205.47215270996094,408.2397766113281,143.37095642089844,131.76022338867188,0.3346138894557953
358,64,337.5069274902344,76.47032165527344,66.97494506835938,57.334381103515625,0.7469027042388916
358,67,563.1683349609375,91.35969543457031,65.65667724609375,61.32853698730469,0.7625979781150818
358,68,395.8188781738281,19.302488327026367,62.179473876953125,41.318153381347656,0.801698625087738
358,71,519.5698852539062,13.477558135986328,66.94659423828125,33.48274612426758,0.6950444579124451
358,72,593.3053588867188,15.254515647888184,62.14813232421875,25.431377410888672,0.6719487905502319
359,60,211.40858459472656,431.3805847167969,125.95997619628906,108.61941528320312,0.5591570138931274
359,64,333.76416015625,80.27981567382812,67.77691650390625,58.221649169921875,0.7863380312919617
359,67,563.2969360351562,95.57157135009766,65.94354248046875,61.859352111816406,0.8253752589225769
359,68,395.1554260253906,22.21916389465332,59.99127197265625,40.82035827636719,0.8100790977478027
359,71,518.675048828125,13.186724662780762,69.09600830078125,35.70767593383789,0.621655285358429
359,72,592.7852783203125,15.600606918334961,64.16046142578125,26.917699813842773,0.5985491871833801
360,60,218.40992736816406,456.39630126953125,105.90483093261719,83.60369873046875,0.5927649140357971
360,64,330.01605224609375,83.79156494140625,69.25515747070312,59.68724060058594,0.777353823184967
360,67,563.0608520507812,100.0418701171875,66.35784912109375,62.39250183105469,0.7346967458724976
360,68,394.7340087890625,23.854907989501953,58.924468994140625,41.00771713256836,0.8194522261619568
360,71,518.4906005859375,13.584298133850098,69.84576416015625,37.319766998291016,0.6627894639968872
360,72,591.9921875,16.266178131103516,66.542236328125,28.669578552246094,0.508447527885437
361,60,225.59872436523438,484.2210998535156,81.62582397460938,55.778900146484375,0.4996773898601532
361,64,327.2450256347656,88.01595306396484,68.85537719726562,59.374900817871094,0.8367401361465454
361,67,561.5075073242188,104.75647735595703,69.9434814453125,66.35791778564453,0.7736684083938599
361,68,393.16204833984375,25.476669311523438,58.180084228515625,41.36383056640625,0.8170380592346191
361,71,518.248779296875,14.196216583251953,69.65374755859375,38.481510162353516,0.7397104501724243
361,72,590.798583984375,15.604418754577637,70.63665771484375,31.404781341552734,0.5385810732841492
362,64,323.37152099609375,90.90283966064453,70.12420654296875,60.567955017089844,0.8590983152389526
362,67,562.3889770507812,109.53458404541016,69.69488525390625,66.31798553466797,0.7477738857269287
362,68,390.95587158203125,26.82445526123047,59.0732421875,43.015037536621094,0.8065231442451477
362,71,518.9452514648438,14.814538955688477,68.5972900390625,39.18571472167969,0.7454624176025391
362,72,588.4285278320312,15.066742897033691,76.4796142578125,35.29899978637695,0.617867112159729
363,64,320.15802001953125,94.60516357421875,70.83322143554688,61.20744323730469,0.7947240471839905
363,67,561.708740234375,114.32083892822266,71.5601806640625,68.5495834350586,0.7588633298873901
363,68,389.63055419921875,28.30699920654297,58.403961181640625,43.370338439941406,0.787534773349762
363,71,519.0228881835938,15.11240291595459,67.91302490234375,40.11119842529297,0.7255071401596069
363,72,587.845703125,14.928972244262695,79.051513671875,37.94086456298828,0.7432093024253845
364,64,316.02777099609375,97.84027099609375,72.43984985351562,62.62916564941406,0.8330094218254089
364,67,559.4346923828125,119.53176879882812,77.125244140625,74.78944396972656,0.7954506874084473
364,68,387.7896423339844,30.16244125366211,58.583770751953125,44.28714370727539,0.7879669070243835
364,71,519.0697631835938,16.448118209838867,67.63031005859375,41.28590393066406,0.7231712341308594
364,72,588.4327392578125,14.765254974365234,79.34259033203125,39.64820861816406,0.7441515326499939
365,64,310.7690124511719,100.3687515258789,75.97869873046875,66.01016998291016,0.7787784934043884
365,67,559.7190551757812,124.21964263916016,76.46771240234375,74.46707916259766,0.7905175089836121
365,68,386.7249755859375,32.30122375488281,57.811065673828125,44.42536163330078,0.8563238382339478
365,71,519.2698974609375,17.969894409179688,67.80712890625,42.874000549316406,0.7571131587028503
365,72,589.010009765625,15.298484802246094,79.13189697265625,41.1923713684082,0.7996610403060913
366,64,307.1065673828125,104.4496078491211,76.8817138671875,66.9676284790039,0.7477802038192749
366,67,558.6763916015625,129.07029724121094,79.66485595703125,78.23870849609375,0.7910804748535156
366,68,385.7242126464844,33.78972625732422,57.564849853515625,44.915550231933594,0.8718797564506531
366,71,520.0191040039062,19.84291648864746,66.708740234375,43.59357452392578,0.7306293249130249
366,72,589.9447021484375,16.17095375061035,77.79254150390625,42.18408203125,0.8456545472145081
367,64,303.2051086425781,107.99827575683594,78.16314697265625,68.1138916015625,0.7764741778373718
367,67,557.1458129882812,133.90663146972656,83.3526611328125,82.68290710449219,0.7864528894424438
367,68,384.27752685546875,36.022335052490234,57.536346435546875,45.574649810791016,0.8534683585166931
367,71,521.4102172851562,22.62255859375,63.571044921875,42.81977844238281,0.70984947681427
367,72,590.573974609375,16.599002838134766,78.6424560546875,44.397491455078125,0.7899325489997864
368,64,298.1537170410156,111.88935852050781,79.90179443359375,69.9759521484375,0.7914046049118042
368,67,558.5692138671875,139.72006225585938,81.1527099609375,80.5780029296875,0.7988728880882263
368,68,382.06109619140625,38.38764953613281,57.557891845703125,46.23481750488281,0.7997320890426636
368,71,522.2113647460938,24.682008743286133,61.73553466796875,42.79639434814453,0.7677303552627563
368,72,591.2798461914062,18.5694522857666,77.76080322265625,45.68927001953125,0.7315641641616821
369,64,294.4484558105469,116.72299194335938,79.69644165039062,69.70770263671875,0.797536313533783
369,67,558.595458984375,146.37547302246094,82.4376220703125,82.24595642089844,0.8056981563568115
369,68,379.2968444824219,40.12605667114258,58.323822021484375,47.51913833618164,0.8306389451026917
369,71,522.0682373046875,26.732086181640625,61.9954833984375,44.26378631591797,0.8159795999526978
369,72,594.2791748046875,22.26381492614746,72.546142578125,44.05919647216797,0.8047322034835815
370,64,289.13189697265625,121.13936614990234,81.76034545898438,71.54552459716797,0.7186659574508667
370,67,557.9312744140625,153.258544921875,84.7537841796875,85.03433227539062,0.7963688373565674
370,68,377.7471923828125,41.82916259765625,57.809906005859375,47.654151916503906,0.7476770877838135
370,71,522.4523315429688,29.221826553344727,61.2171630859375,44.957115173339844,0.7890642285346985
370,72,596.29248046875,24.620166778564453,69.7650146484375,43.72080612182617,0.7819262742996216
371,64,283.6863098144531,125.4173812866211,83.4219970703125,72.7764663696289,0.7206788063049316
371,67,558.256591796875,160.21417236328125,85.0589599609375,85.52793884277344,0.7792048454284668
371,68,376.4114990234375,44.264747619628906,57.499359130859375,47.83601379394531,0.7283552289009094
371,71,523.033203125,30.87691307067871,60.21612548828125,45.40272521972656,0.7767560482025146
371,72,597.6428833007812,26.83733558654785,69.27191162109375,44.74817657470703,0.831965446472168
372,64,277.30145263671875,129.96875,86.593505859375,75.64047241210938,0.846674919128418
372,67,554.7047729492188,167.86793518066406,93.22601318359375,95.13200378417969,0.7130181193351746
372,68,374.2654724121094,46.636409759521484,57.978057861328125,48.75993728637695,0.7726256847381592
372,71,524.3077392578125,33.480712890625,58.18829345703125,44.946678161621094,0.755748987197876
372,72,597.7866821289062,28.899690628051758,70.15460205078125,46.707489013671875,0.7927335500717163
373,64,272.4675598144531,134.5411834716797,87.99859619140625,76.88951110839844,0.8033913969993591
373,67,556.0276489257812,174.8986053466797,91.47705078125,93.62358093261719,0.7318084836006165
373,68,372.0412292480469,48.27241897583008,58.53472900390625,49.766231536865234,0.7249362468719482
373,71,524.9696044921875,35.937808990478516,56.41290283203125,44.38454818725586,0.7908164858818054
373,72,599.40966796875,31.427427291870117,68.24908447265625,46.657920837402344,0.7795019149780273
374,64,266.67816162109375,139.4260711669922,91.08987426757812,79.630859375,0.8255798816680908
374,67,555.7523193359375,180.8901824951172,93.56103515625,96.31596374511719,0.7269220948219299
374,68,370.32958984375,50.72454071044922,58.330780029296875,49.91730499267578,0.733374297618866
374,71,524.0618286132812,37.639957427978516,57.62451171875,46.24271011352539,0.7976744174957275
374,72,600.029296875,33.90760803222656,68.0477294921875,47.67865753173828,0.7701175212860107
375,64,260.31512451171875,144.50570678710938,93.46405029296875,81.86293029785156,0.8211731314659119
375,67,555.38671875,189.8189697265625,95.8355712890625,99.23077392578125,0.720291018486023
375,68,368.55157470703125,53.17869186401367,57.95941162109375,49.82123947143555,0.7468987703323364
375,71,522.0709228515625,38.93225860595703,59.531982421875,48.596160888671875,0.7826926708221436
375,72,602.10546875,36.94591522216797,66.21807861328125,47.42583465576172,0.7668519020080566
376,64,255.11935424804688,149.1259307861328,94.65939331054688,82.92976379394531,0.8705871105194092
376,67,554.2427978515625,198.55429077148438,99.32342529296875,103.45108032226562,0.7361429929733276
376,68,366.1160888671875,55.92921829223633,58.161468505859375,50.27653121948242,0.7233850359916687
376,71,521.092041015625,41.91272735595703,59.15032958984375,48.717201232910156,0.7680794596672058
376,72,603.6681518554688,39.32377624511719,65.12872314453125,47.709930419921875,0.7304425239562988
377,64,248.47061157226562,154.38211059570312,97.7938232421875,85.79132080078125,0.7950279116630554
377,67,552.28271484375,206.87869262695312,104.67095947265625,109.97784423828125,0.6734341979026794
377,68,362.9888916015625,58.237850189208984,59.26336669921875,51.56222915649414,0.7291837334632874
377,71,520.8571166992188,45.088565826416016,59.21832275390625,49.26156997680664,0.8605517745018005
377,72,604.7135620117188,42.14973068237305,64.40533447265625,48.1484489440918,0.6718623638153076
378,64,242.2393341064453,161.0223388671875,98.69548034667969,86.4066162109375,0.7886587381362915
378,67,552.0963134765625,216.0372314453125,106.5889892578125,112.75778198242188,0.6942214965820312
378,68,360.119873046875,60.396728515625,60.111083984375,52.457550048828125,0.810465395450592
378,71,520.2727661132812,47.73872375488281,60.43365478515625,50.85432434082031,0.8989624381065369
378,72,605.2684326171875,44.173072814941406,65.4005126953125,49.97016906738281,0.6983840465545654
379,64,235.5681610107422,167.13720703125,100.32637023925781,87.7274169921875,0.8145788311958313
379,67,550.3380737304688,226.155029296875,111.71685791015625,119.33200073242188,0.6773731708526611
379,68,357.3643798828125,62.60248947143555,61.584625244140625,54.03959274291992,0.8172136545181274
379,71,520.3340454101562,50.148555755615234,60.54461669921875,51.48030471801758,0.8739219307899475
379,72,606.4473876953125,47.01141357421875,66.14306640625,51.42864227294922,0.7837774753570557
380,64,227.26707458496094,173.62869262695312,105.06501770019531,92.00680541992188,0.8269394636154175
380,67,548.6376342773438,235.98741149902344,116.73779296875,126.08848571777344,0.6901307702064514
380,68,354.73248291015625,66.41690063476562,62.16351318359375,54.79899597167969,0.8379718065261841
380,71,521.4657592773438,53.52689743041992,58.96502685546875,50.49898147583008,0.8144741654396057
380,72,607.5597534179688,49.4488639831543,65.8050537109375,52.078914642333984,0.8101062178611755
381,64,219.0713653564453,179.4922637939453,109.27476501464844,95.82423400878906,0.858968198299408
381,67,548.3126831054688,248.31072998046875,120.314453125,131.14181518554688,0.7704602479934692
381,68,351.9425964355469,68.94779968261719,63.029052734375,55.89018249511719,0.8258684277534485
381,71,521.1240844726562,56.04026794433594,60.050048828125,52.01324462890625,0.8605536222457886
381,72,608.4551391601562,52.407989501953125,66.6451416015625,53.723304748535156,0.755598783493042
382,64,211.29293823242188,186.7925567626953,111.83663940429688,98.19911193847656,0.8462247252464294
382,67,547.5682373046875,261.0375671386719,124.08935546875,136.4854736328125,0.7680371999740601
382,68,349.22186279296875,71.69631958007812,63.47430419921875,56.394134521484375,0.7770296931266785
382,71,521.0596313476562,59.47639083862305,60.46673583984375,52.97489547729492,0.8627459406852722
382,72,608.9877319335938,55.513607025146484,67.35345458984375,55.12650680541992,0.8059830069541931
383,64,202.01028442382812,193.2156982421875,115.943115234375,101.92828369140625,0.7997459173202515
383,67,546.6256103515625,273.966064453125,127.90118408203125,141.67294311523438,0.7135930061340332
383,68,346.16448974609375,74.45689392089844,65.23599243164062,58.24830627441406,0.7277054786682129
383,71,521.1109619140625,61.999916076660156,60.57830810546875,53.63206481933594,0.8452552556991577
383,72,610.8759155273438,59.021385192871094,66.51080322265625,55.187522888183594,0.7784965634346008
384,64,193.6638946533203,200.58135986328125,119.52680969238281,105.26870727539062,0.8188349008560181
384,67,544.4939575195312,287.9851379394531,134.3719482421875,150.23165893554688,0.737568736076355
384,68,343.2202453613281,77.0586929321289,65.65396118164062,58.77497100830078,0.8326059579849243
384,71,519.4780883789062,63.86469268798828,63.790771484375,57.489784240722656,0.7728919386863708
384,72,611.4614868164062,62.24576187133789,68.3907470703125,57.71025466918945,0.7458925247192383
385,64,184.6080780029297,208.34226989746094,123.14158630371094,108.67591857910156,0.8634932637214661
385,67,541.7022094726562,301.3185729980469,141.9874267578125,160.55770874023438,0.6791464686393738
385,68,339.9236145019531,79.92699432373047,67.1810302734375,60.491661071777344,0.8273139595985413
385,71,519.4286499023438,67.10852813720703,64.091552734375,58.663536071777344,0.8871220350265503
385,72,612.8447875976562,66.20863342285156,67.9716796875,58.149253845214844,0.7532313466072083
386,64,174.1029815673828,215.62274169921875,128.6742706298828,113.90316772460938,0.8602973222732544
386,67,533.5144653320312,305.26800537109375,162.16986083984375,187.57373046875,0.6323513388633728
386,68,336.80804443359375,83.74087524414062,67.72311401367188,61.16227722167969,0.765002429485321
386,71,520.2520751953125,70.2677001953125,62.975830078125,58.34442138671875,0.8867040872573853
386,72,613.992431640625,69.59656524658203,68.2880859375,59.220314025878906,0.7862809896469116
387,64,164.06475830078125,224.7418670654297,132.21768188476562,117.20606994628906,0.8565286993980408
387,67,533.4685668945312,329.3697509765625,166.36090087890625,195.4384765625,0.7205027341842651
387,68,333.435791015625,86.6002197265625,68.08242797851562,61.53509521484375,0.8265645503997803
387,71,519.7077026367188,73.6584701538086,63.0367431640625,59.161949157714844,0.8284006118774414
387,72,615.34130859375,72.74830627441406,68.14971923828125,59.8572998046875,0.779262363910675
388,64,152.51644897460938,233.30850219726562,137.5723876953125,122.26901245117188,0.8811566829681396
388,67,537.782470703125,348.3013610839844,161.1375732421875,190.19308471679688,0.7166454195976257
388,68,330.7160949707031,90.84107971191406,68.02700805664062,61.53102111816406,0.8529466390609741
388,71,519.37939453125,76.34306335449219,64.337646484375,61.18107604980469,0.7855202555656433
388,72,616.0454711914062,76.0005111694336,69.28076171875,61.420860290527344,0.7716060876846313
389,64,140.51571655273438,241.97232055664062,143.00750732421875,127.52084350585938,0.851162850856781
389,67,545.5523681640625,367.7272644042969,150.9835205078125,172.27273559570312,0.5751765370368958
389,68,327.0374450683594,94.52851104736328,70.0048828125,63.577003479003906,0.8457193374633789
389,71,519.3799438476562,80.36367797851562,64.74505615234375,62.21739196777344,0.8963926434516907
389,72,616.6134643554688,80.11595916748047,70.7208251953125,63.31836700439453,0.7283362150192261
390,64,127.82402038574219,251.44937133789062,148.49266052246094,132.77880859375,0.8943055868148804
390,68,323.63983154296875,98.06622314453125,70.09515380859375,63.62873840332031,0.7785349488258362
390,71,519.2630004882812,84.5216293334961,65.57293701171875,63.71460723876953,0.8651829361915588
390,72,617.0841674804688,84.11949920654297,71.37603759765625,64.37097930908203,0.7823657989501953
391,64,114.69747161865234,261.1614685058594,154.8292236328125,138.9866943359375,0.8358384966850281
391,68,319.29742431640625,101.13140869140625,72.8341064453125,66.27388000488281,0.7767220139503479
391,71,519.05859375,87.68567657470703,65.3729248046875,64.13680267333984,0.8344232439994812
391,72,618.97509765625,88.0890884399414,71.532958984375,65.08600616455078,0.6995910406112671
392,64,93.32075500488281,272.283203125,162.58750915527344,144.6190185546875,0.7807026505470276
392,68,315.98675537109375,104.17224884033203,74.45733642578125,68.08879852294922,0.8007544279098511
392,71,517.534912109375,91.06404876708984,67.37078857421875,66.94849395751953,0.8146097660064697
392,72,620.9244995117188,93.16610717773438,71.8695068359375,65.91983032226562,0.7211406230926514
393,64,78.63924407958984,284.8006896972656,169.11483764648438,150.05532836914062,0.9237380027770996
393,68,312.0371398925781,107.79953002929688,75.27874755859375,68.98968505859375,0.8119704723358154
393,71,516.830810546875,94.54155731201172,67.25653076171875,67.65328216552734,0.7806598544120789
393,72,621.5401611328125,96.1175537109375,74.48431396484375,69.12287902832031,0.6933028101921082
394,64,63.68115997314453,294.041015625,179.93057250976562,160.65780639648438,0.737777054309845
394,68,306.95751953125,111.80593872070312,77.66677856445312,71.09046936035156,0.809550940990448
394,71,515.4111938476562,97.2619857788086,69.5980224609375,71.0589370727539,0.7734392285346985
394,72,622.7090454101562,100.50298309326172,75.6519775390625,70.83341217041016,0.6903111934661865
395,64,47.71674346923828,307.56170654296875,186.84799194335938,167.33547973632812,0.696721613407135
395,68,303.1183166503906,116.35781860351562,79.03164672851562,72.45338439941406,0.748598039150238
395,71,514.811279296875,101.98728942871094,69.10137939453125,71.17720031738281,0.7634939551353455
395,72,623.92041015625,105.23406982421875,76.34637451171875,72.02235412597656,0.599556565284729
396,64,29.77172088623047,321.4006652832031,193.93792724609375,173.95111083984375,0.7670935392379761
396,68,298.65277099609375,120.71720123291016,80.40597534179688,73.9728012084961,0.767192006111145
396,71,514.14794921875,106.18943786621094,68.9002685546875,71.50634765625,0.6442601084709167
396,72,623.8511962890625,109.8214340209961,79.8997802734375,76.28548431396484,0.6675879955291748
397,64,9.23246955871582,336.27880859375,204.15362548828125,183.56072998046875,0.5216955542564392
397,68,294.3719787597656,125.11100006103516,81.12969970703125,74.80652618408203,0.6686989665031433
397,71,511.61785888671875,110.56346130371094,70.9649658203125,74.01393127441406,0.7294002771377563
397,72,624.4560546875,114.68401336669922,82.22607421875,79.47832489013672,0.5809838771820068
398,64,0.0,352.1299133300781,202.5040740966797,183.20272827148438,0.7561267018318176
398,68,289.5075378417969,129.64080810546875,82.5274658203125,75.99662780761719,0.6886488199234009
398,71,510.0401611328125,115.50765991210938,72.81842041015625,76.38337707519531,0.7465353012084961
398,72,625.9906005859375,120.0616455078125,83.07037353515625,80.89974975585938,0.5787732601165771
399,64,0.0,366.5134582519531,189.94203186035156,173.48654174804688,0.573515772819519
399,68,282.25750732421875,133.81834411621094,86.76382446289062,80.26060485839844,0.7167219519615173
399,71,508.79742431640625,120.03656768798828,73.44012451171875,77.21878814697266,0.7223107218742371
399,72,628.241455078125,125.59033203125,83.398193359375,81.78927612304688,0.5736830830574036
400,64,0.0,383.74786376953125,174.28472900390625,156.25213623046875,0.8023965358734131
400,68,278.3404541015625,139.3282470703125,87.2440185546875,80.82777404785156,0.8201979994773865
400,71,507.4930114746094,124.5352554321289,76.05300903320312,80.3901138305664,0.6601361632347107
400,72,628.504638671875,131.10865783691406,86.70489501953125,85.68792724609375,0.6538361310958862
401,64,0.0,402.476806640625,158.45428466796875,137.523193359375,0.8324383497238159
401,68,273.2999267578125,144.88232421875,89.62567138671875,83.1976318359375,0.8728950619697571
401,71,506.23065185546875,128.99317932128906,79.0281982421875,84.281982421875,0.7296972274780273
401,72,630.1333618164062,138.11341857910156,87.7275390625,86.96095275878906,0.718827486038208
402,64,2.88486647605896,423.3426513671875,137.3409881591797,116.6573486328125,0.7571238279342651
402,68,267.3688659667969,149.56776428222656,92.87457275390625,86.66452026367188,0.841010332107544
402,71,504.39990234375,133.69467163085938,80.33526611328125,86.06997680664062,0.6897682547569275
402,72,632.1148071289062,144.8249053955078,90.21722412109375,89.9683837890625,0.7256873846054077
403,64,6.963172435760498,445.27764892578125,113.33418273925781,94.72235107421875,0.7176438570022583
403,68,262.17706298828125,154.265869140625,94.27484130859375,88.09959411621094,0.8012399673461914
403,71,503.1112060546875,139.41090393066406,81.4036865234375,87.71994018554688,0.7836219668388367
403,72,632.4176635742188,150.12594604492188,93.51983642578125,93.83467102050781,0.673251211643219
404,64,10.993291854858398,468.7010498046875,88.3479232788086,71.2989501953125,0.4539002776145935
404,68,256.3045959472656,161.45706176757812,95.619384765625,89.39765930175781,0.8125014901161194
404,71,501.3359375,145.14051818847656,83.75848388671875,91.27732849121094,0.719085693359375
404,72,633.5277709960938,157.51980590820312,95.9796142578125,96.91873168945312,0.7634692788124084
405,68,249.62945556640625,167.4146270751953,99.41787719726562,93.08900451660156,0.8278163075447083
405,71,500.543701171875,151.8883056640625,83.98809814453125,92.302001953125,0.6888477206230164
405,72,635.542724609375,165.16793823242188,98.91339111328125,100.46572875976562,0.5979032516479492
406,68,242.77467346191406,173.65255737304688,101.58183288574219,95.26898193359375,0.8047600388526917
406,71,499.0252990722656,157.86607360839844,86.69784545898438,96.1458740234375,0.8163577318191528
406,72,636.6793212890625,171.66941833496094,102.96502685546875,105.30101013183594,0.7220418453216553
407,68,235.9527587890625,180.46473693847656,104.19314575195312,97.94013977050781,0.8619675040245056
407,71,497.77508544921875,164.22457885742188,88.5626220703125,99.03781127929688,0.7852672338485718
407,72,641.55029296875,185.81068420410156,101.47393798828125,103.56379699707031,0.6055591702461243
408,68,228.68984985351562,188.8098602294922,106.15838623046875,99.77894592285156,0.843783438205719
408,71,495.4704284667969,170.08956909179688,91.77572631835938,103.57119750976562,0.7972639799118042
408,72,642.5368041992188,192.73902893066406,107.37677001953125,109.97270202636719,0.6053813099861145
409,68,220.02655029296875,194.6470947265625,111.138427734375,104.8533935546875,0.831764280796051
409,71,493.40704345703125,177.8431396484375,94.39215087890625,107.56884765625,0.8287497758865356
409,72,642.364013671875,199.43624877929688,114.08111572265625,117.60577392578125,0.6611133217811584
410,68,211.912109375,202.2274627685547,114.74139404296875,108.54844665527344,0.8681755065917969
410,71,491.1786804199219,185.67686462402344,96.90573120117188,111.10664367675781,0.8029235601425171
410,72,643.1067504882812,207.27427673339844,120.112548828125,124.98277282714844,0.6074860095977783
410,75,543.2496948242188,13.798352241516113,37.91473388671875,16.651870727539062,0.39732763171195984
411,68,203.53341674804688,211.0865936279297,117.40655517578125,111.14994812011719,0.8553382158279419
411,71,488.8379211425781,192.92877197265625,100.85250854492188,116.25320434570312,0.8313843011856079
411,72,645.4193115234375,216.63543701171875,124.251953125,130.18746948242188,0.7394602298736572
411,75,542.6054077148438,14.196195602416992,38.922119140625,17.114336013793945,0.33312639594078064
412,68,194.10580444335938,218.45069885253906,122.46685791015625,116.35090637207031,0.8672988414764404
412,71,486.34893798828125,200.73269653320312,104.15509033203125,120.63693237304688,0.8062495589256287
412,72,647.4065551757812,227.4791717529297,129.477783203125,136.6759796142578,0.734436571598053
412,75,541.1238403320312,14.322210311889648,41.2498779296875,18.187353134155273,0.4619043469429016
413,68,184.0885467529297,226.8177032470703,126.80955505371094,120.79319763183594,0.8734149932861328
413,71,483.42626953125,210.05271911621094,107.58050537109375,125.31507873535156,0.7654405236244202
413,72,649.537353515625,239.3076171875,134.44976806640625,143.36380004882812,0.676217257976532
413,75,539.5709228515625,14.304750442504883,44.7177734375,19.817415237426758,0.4042917788028717
414,68,174.11053466796875,236.08705139160156,131.10110473632812,125.09587097167969,0.8712073564529419
414,71,480.110595703125,217.51913452148438,112.15631103515625,131.49710083007812,0.7769911885261536
414,72,652.2627563476562,251.77481079101562,139.9517822265625,150.70660400390625,0.7777485847473145
414,75,538.067138671875,14.333250999450684,48.4178466796875,21.681114196777344,0.47852814197540283
415,68,163.57174682617188,245.9151153564453,136.00830078125,129.92530822753906,0.8469437956809998
415,71,476.4219055175781,228.1832733154297,114.17752075195312,134.64967346191406,0.8299208879470825
415,72,653.7298583984375,263.55169677734375,147.82623291015625,160.80642700195312,0.8483726978302002
415,75,537.2235107421875,14.494330406188965,50.44036865234375,22.892597198486328,0.585218071937561
416,68,151.83392333984375,256.04217529296875,141.5003662109375,135.335693359375,0.8917827606201172
416,71,473.4671630859375,238.5349884033203,118.07855224609375,139.94126892089844,0.8443194031715393
416,72,655.6823120117188,277.2306213378906,154.95098876953125,170.28741455078125,0.8334424495697021
416,75,534.8402099609375,14.89084243774414,54.84814453125,25.367462158203125,0.4871630072593689
417,68,139.30177307128906,265.27960205078125,148.4719696044922,142.54721069335938,0.8266202211380005
417,71,469.7525634765625,249.58822631835938,123.4854736328125,147.26226806640625,0.7609359622001648
417,72,657.2301025390625,288.9169006347656,165.157958984375,183.5706787109375,0.7274014949798584
417,75,533.5982055664062,14.751728057861328,57.255859375,27.026039123535156,0.5369775891304016
418,68,125.0327377319336,276.5754699707031,155.17132568359375,149.26040649414062,0.8838393092155457
418,71,466.6979675292969,261.1477966308594,127.33688354492188,152.72885131835938,0.734341025352478
418,72,661.4660034179688,305.8909606933594,172.7598876953125,194.37783813476562,0.5996229648590088
418,75,532.6212158203125,14.25567626953125,58.7872314453125,28.41048812866211,0.6431434750556946
419,68,110.30175018310547,287.5387268066406,163.1221923828125,157.5091552734375,0.8184548616409302
419,71,462.576416015625,273.37384033203125,132.46795654296875,160.462646484375,0.7514095306396484
419,72,665.1336059570312,322.2259216308594,181.3140869140625,205.95523071289062,0.5443699955940247
419,75,531.8304443359375,13.8694429397583,60.31439208984375,29.89556121826172,0.6833536624908447
420,68,92.53238677978516,296.90203857421875,173.86758422851562,168.9891357421875,0.751919150352478
420,71,457.71551513671875,285.777099609375,138.92486572265625,169.9083251953125,0.7707082033157349
420,72,681.3805541992188,348.66510009765625,169.73760986328125,191.2523193359375,0.3414403200149536
420,75,531.1859130859375,13.83956241607666,61.9888916015625,31.558345794677734,0.6654154658317566
421,68,75.27420043945312,310.4148864746094,182.44766235351562,177.79681396484375,0.7355839610099792
421,71,454.0056457519531,297.5522155761719,144.68478393554688,178.70904541015625,0.689965546131134
421,72,693.0974731445312,364.3963317871094,161.47998046875,175.60366821289062,0.5826018452644348
421,75,529.4315185546875,13.50765609741211,65.0806884765625,34.190406799316406,0.7341343760490417
422,68,57.612064361572266,325.73004150390625,191.27346801757812,187.0850830078125,0.6393911242485046
422,71,448.3712158203125,313.8623046875,148.25872802734375,185.66537475585938,0.6475081443786621
422,72,719.1370239257812,398.1759033203125,138.55230712890625,141.8240966796875,0.4174567461013794
422,75,529.3682250976562,13.956518173217773,65.33026123046875,35.379234313964844,0.7454421520233154
423,68,40.936805725097656,340.6236267089844,196.09552001953125,191.81021118164062,0.37810850143432617
423,71,443.36248779296875,329.57159423828125,153.0770263671875,194.29364013671875,0.7196953892707825
423,72,721.4127807617188,405.9977111816406,136.34979248046875,134.00228881835938,0.5303294062614441
423,75,529.5733642578125,14.632643699645996,65.0203857421875,36.165313720703125,0.7670578956604004
424,68,27.6633358001709,356.2349548339844,191.00436401367188,183.76504516601562,0.3404545485973358
424,71,441.7397766113281,346.1226806640625,149.46780395507812,191.26898193359375,0.6517961025238037
424,72,730.3350219726562,425.58563232421875,124.1080322265625,114.41436767578125,0.5085419416427612
424,75,528.9879760742188,15.193079948425293,66.22119140625,38.09297561645508,0.7837481498718262
425,68,20.012712478637695,373.2578125,180.50755310058594,166.7421875,0.7467483282089233
425,71,441.63543701171875,362.8087158203125,141.38275146484375,177.1912841796875,0.6088451147079468
425,72,743.5819702148438,451.0928649902344,104.63348388671875,88.90713500976562,0.47588199377059937
425,75,528.9871826171875,16.015945434570312,65.5970458984375,38.90933609008789,0.8009632229804993
426,68,17.162288665771484,391.3522644042969,168.0059051513672,148.64773559570312,0.749126136302948
426,71,444.5354919433594,382.007080078125,130.26107788085938,157.992919921875,0.6255506873130798
426,75,529.0559692382812,17.21567153930664,65.08056640625,39.681060791015625,0.7722461223602295
427,68,17.12194061279297,410.93682861328125,151.07113647460938,129.06317138671875,0.6485452651977539
427,71,447.7690734863281,404.4282531738281,117.07760620117188,135.57174682617188,0.3295880854129791
427,75,529.27978515625,17.897071838378906,64.84552001953125,40.639610290527344,0.7445254325866699
428,75,529.72265625,19.567712783813477,64.09405517578125,41.272987365722656,0.7577630281448364
429,75,531.2014770507812,21.714981079101562,62.33380126953125,41.096824645996094,0.7797489762306213
429,68,23.562944412231445,454.99444580078125,109.07807922363281,85.00555419921875,0.4719889760017395
430,75,532.1487426757812,23.575233459472656,61.34906005859375,41.47119903564453,0.7521905303001404
430,77,491.2416687011719,12.11060619354248,36.988494873046875,13.745993614196777,0.4604931175708771
431,75,533.4927368164062,25.919696807861328,59.06561279296875,40.78959274291992,0.7393143177032471
431,77,488.0400695800781,12.832318305969238,40.946990966796875,15.27774715423584,0.5832267999649048
432,75,533.2573852539062,27.40543556213379,59.0858154296875,41.66474914550781,0.7403455972671509
432,77,486.80029296875,13.459718704223633,42.22393798828125,15.83806037902832,0.5290507078170776
433,75,532.666015625,29.038267135620117,59.84136962890625,43.123146057128906,0.716671347618103
433,77,486.3173828125,13.64205265045166,43.135498046875,16.29822540283203,0.5640213489532471
434,75,532.4718627929688,30.760112762451172,59.6224365234375,43.78519058227539,0.7718927264213562
434,77,485.5558166503906,13.621539115905762,44.845489501953125,17.130558013916016,0.5785035490989685
435,75,532.4505615234375,32.40414047241211,59.51080322265625,44.49696731567383,0.7982960939407349
435,77,484.0342102050781,13.506843566894531,46.512298583984375,18.00999641418457,0.5504100322723389
436,75,533.779541015625,34.78715515136719,57.91339111328125,44.06208038330078,0.7375227212905884
436,77,481.41552734375,13.390085220336914,49.47235107421875,19.493371963500977,0.5194201469421387
437,75,533.9635620117188,36.56202697753906,57.9322509765625,44.88519287109375,0.7595712542533875
437,77,480.6622619628906,13.685233116149902,49.846832275390625,20.012664794921875,0.5704004764556885
438,75,534.0158081054688,38.080406188964844,57.87933349609375,45.56544494628906,0.7755136489868164
438,77,479.2496032714844,14.14177131652832,51.406646728515625,21.049924850463867,0.6176311373710632
439,75,533.8311157226562,40.1102294921875,57.6278076171875,46.030609130859375,0.7210646271705627
439,77,477.97723388671875,14.346099853515625,52.645751953125,21.994998931884766,0.6251635551452637
440,75,533.5192260742188,42.42605209350586,58.0430908203125,47.1240119934082,0.7345565557479858
440,77,474.9925231933594,14.457408905029297,56.752532958984375,24.308189392089844,0.6167205572128296
441,75,533.253662109375,44.046512603759766,59.23248291015625,48.9569206237793,0.6974267959594727
441,77,472.8540954589844,14.962556838989258,59.377105712890625,26.100290298461914,0.581602931022644
442,75,533.3939208984375,46.74848556518555,58.49267578125,48.945858001708984,0.7315790057182312
442,77,471.0721130371094,14.784599304199219,61.202117919921875,27.640701293945312,0.6044488549232483
443,75,532.47900390625,48.552371978759766,59.89715576171875,50.86750411987305,0.7616062164306641
443,77,468.63427734375,14.688116073608398,63.643310546875,29.54081153869629,0.5174347162246704
444,75,532.7750244140625,50.8155632019043,59.4539794921875,51.156734466552734,0.7147548198699951
444,77,465.6474609375,14.65809440612793,67.24273681640625,32.159889221191406,0.4913386404514313
445,75,532.5902709960938,53.41099166870117,60.1348876953125,52.27505111694336,0.7762047648429871
445,77,462.5025939941406,14.681214332580566,72.42562866210938,35.91372299194336,0.6672044396400452
446,75,532.6862182617188,55.84041213989258,59.80865478515625,52.40732192993164,0.7947800755500793
446,77,461.0322265625,14.352627754211426,74.70166015625,38.47238540649414,0.73201584815979
447,75,532.3721313476562,58.442588806152344,60.03948974609375,53.0947265625,0.7721332311630249
447,77,461.0188903808594,14.529069900512695,74.00918579101562,39.56121826171875,0.7567671537399292
448,75,532.5012817382812,60.74099349975586,59.87939453125,53.34549331665039,0.7354503870010376
448,77,460.5569152832031,14.740509986877441,73.08157348632812,40.49284744262695,0.7284241318702698
449,75,532.0076904296875,64.1685791015625,60.4552001953125,54.4412841796875,0.675729513168335
449,77,460.0936279296875,15.680005073547363,72.1463623046875,41.43516540527344,0.7337411046028137
450,75,531.651611328125,66.7177963256836,61.18994140625,55.655235290527344,0.7326721549034119
450,77,460.487548828125,16.127033233642578,70.903076171875,42.192691802978516,0.7248305082321167
451,75,530.613525390625,68.67631530761719,62.4193115234375,57.387977600097656,0.7131910920143127
451,77,459.93011474609375,17.074968338012695,71.6435546875,44.19844055175781,0.7248378992080688
451,79,543.6736450195312,13.142580032348633,38.26995849609375,13.857990264892578,0.47131067514419556
452,75,530.3878784179688,71.35967254638672,62.646484375,58.07427215576172,0.7075201272964478
452,77,459.3671569824219,18.66353988647461,71.19302368164062,45.42983627319336,0.7384698390960693
452,79,542.1278076171875,13.295372009277344,41.06964111328125,14.947799682617188,0.45927438139915466
453,75,529.9782104492188,73.85596466064453,62.68988037109375,58.31267547607422,0.7253867387771606
453,77,460.03009033203125,20.160215377807617,68.65447998046875,45.17559814453125,0.7915845513343811
453,79,541.332275390625,13.158114433288574,42.913330078125,15.738659858703613,0.4919314682483673
454,75,529.75048828125,76.8281478881836,64.0087890625,60.207008361816406,0.6647411584854126
454,77,460.46124267578125,22.316503524780273,66.1119384765625,44.76764678955078,0.7946339249610901
454,79,540.2242431640625,13.563629150390625,45.45013427734375,16.867891311645508,0.5498455166816711
455,75,528.852783203125,80.10147857666016,64.71600341796875,61.34711456298828,0.7168411612510681
455,77,460.37548828125,24.022811889648438,65.01654052734375,45.243255615234375,0.844774067401886
455,79,538.8991088867188,13.999495506286621,48.32037353515625,18.191402435302734,0.5250446796417236
456,75,527.7437744140625,82.0594253540039,66.65240478515625,63.875511169433594,0.7132511734962463
456,77,459.7998962402344,25.665481567382812,65.03042602539062,46.53246307373047,0.802902102470398
456,79,538.5403442382812,14.002724647521973,50.04241943359375,19.147483825683594,0.5469610095024109
457,75,527.1228637695312,84.69832611083984,67.80621337890625,65.68038177490234,0.6568794250488281
457,77,458.3697204589844,26.50946807861328,66.79446411132812,49.167808532714844,0.7988535761833191
457,79,538.4602661132812,13.918082237243652,51.0411376953125,19.887657165527344,0.594224750995636
458,75,527.2379150390625,87.80015563964844,68.27105712890625,66.70884704589844,0.6590467691421509
458,77,458.53265380859375,28.002885818481445,65.91302490234375,49.74285125732422,0.7914751768112183
458,79,537.6590576171875,14.40655517578125,53.151123046875,21.169898986816406,0.5754179358482361
459,75,527.10400390625,92.00425720214844,68.550537109375,67.5479736328125,0.6613261699676514
459,77,459.088623046875,30.06493377685547,63.84576416015625,49.303375244140625,0.7356069684028625
459,79,537.3251342773438,14.59883975982666,54.08709716796875,22.031932830810547,0.6119600534439087
460,75,527.3466186523438,95.49237060546875,68.43780517578125,67.84065246582031,0.7367947101593018
460,77,459.1697082519531,31.473529815673828,62.705963134765625,49.60989761352539,0.742280900478363
460,79,535.3320922851562,14.751699447631836,58.13043212890625,24.362695693969727,0.6517264246940613
461,75,526.515625,98.52950286865234,69.907470703125,69.75432586669922,0.7462842464447021
461,77,459.1263122558594,32.792633056640625,62.193756103515625,50.384490966796875,0.7170372009277344
461,79,534.80419921875,14.714470863342285,60.13238525390625,25.94467544555664,0.6507629752159119
462,75,525.777587890625,101.35536193847656,72.163818359375,72.42623901367188,0.7390713095664978
462,77,458.1053161621094,35.5804557800293,61.583343505859375,50.768672943115234,0.7252459526062012
462,79,534.2423706054688,14.946308135986328,62.14532470703125,27.652347564697266,0.6613855361938477
463,75,526.2340087890625,105.4842758178711,72.0223388671875,72.76140594482422,0.7312641739845276
463,77,457.0853576660156,37.11180877685547,62.159637451171875,52.332862854003906,0.6775773167610168
463,79,533.6647338867188,15.214476585388184,64.0562744140625,29.433792114257812,0.686708927154541
464,75,524.5084228515625,108.92321014404297,74.54437255859375,76.16626739501953,0.6403800249099731
464,77,457.0740051269531,39.18724822998047,61.126190185546875,52.4112548828125,0.5962979197502136
464,79,533.1766357421875,15.018780708312988,65.23260498046875,31.040576934814453,0.6563522219657898
465,75,524.2691650390625,112.77532958984375,75.71221923828125,77.91410827636719,0.7985931038856506
465,77,454.8242492675781,41.4776496887207,61.959381103515625,53.94182205200195,0.6986289024353027
465,79,533.0505981445312,14.242817878723145,65.755859375,32.4312629699707,0.7282578945159912
466,75,523.1268310546875,116.67019653320312,76.91461181640625,79.57559204101562,0.7917844653129578
466,77,452.86279296875,44.1223030090332,62.34246826171875,54.6927604675293,0.7684746384620667
466,79,533.2056884765625,14.535996437072754,66.51397705078125,34.03544616699219,0.7271168231964111
467,75,522.0071411132812,120.8981704711914,78.5067138671875,81.78534698486328,0.7916923761367798
467,77,450.9630432128906,46.53411102294922,62.868255615234375,55.497718811035156,0.8052478432655334
467,79,532.679443359375,14.864096641540527,67.68353271484375,35.93214416503906,0.7811462879180908
468,75,521.2438354492188,125.56259155273438,80.39410400390625,84.50640869140625,0.7910683155059814
468,77,450.10205078125,48.280372619628906,63.70159912109375,56.724327087402344,0.7525915503501892
468,79,533.3137817382812,15.74199390411377,67.37640380859375,37.133506774902344,0.717590868473053
469,75,520.5518798828125,129.953857421875,81.83587646484375,86.70024108886719,0.7886192798614502
469,77,449.4010009765625,50.33610153198242,64.19366455078125,57.69991683959961,0.5644072890281677
469,79,534.385986328125,16.879528045654297,66.63671875,38.12842559814453,0.6589736342430115
470,75,520.0120849609375,134.30587768554688,83.06671142578125,88.45327758789062,0.8237134218215942
470,77,448.137939453125,52.63824462890625,65.01348876953125,59.07463836669922,0.6468097567558289
470,79,534.9391479492188,17.92723846435547,66.95660400390625,39.764991760253906,0.7049403190612793
471,75,518.482666015625,140.138916015625,85.31402587890625,91.45921325683594,0.7851252555847168
471,77,444.9701232910156,54.560489654541016,67.33920288085938,61.91604995727539,0.7208519577980042
471,79,535.9104614257812,19.2298583984375,65.00323486328125,39.8226318359375,0.6447875499725342
472,75,517.9996337890625,144.45921325683594,86.08966064453125,92.79393005371094,0.8045228123664856
472,77,443.1089782714844,56.84458541870117,67.73443603515625,62.84428787231445,0.705555260181427
472,79,537.7017211914062,21.381019592285156,62.2462158203125,39.28782653808594,0.6463735103607178
473,75,517.3863525390625,150.15896606445312,85.76123046875,92.64788818359375,0.8308262825012207
473,77,441.69915771484375,59.424983978271484,68.78915405273438,64.4534912109375,0.6772336959838867
473,79,537.9932861328125,22.705656051635742,61.97064208984375,40.2955322265625,0.6174687147140503
474,75,516.5318603515625,155.89889526367188,87.085693359375,94.2591552734375,0.8411062359809875
474,77,440.8268737792969,61.915245056152344,68.93307495117188,65.18180084228516,0.6651801466941833
474,79,537.4967041015625,23.788175582885742,61.46197509765625,40.904449462890625,0.6061536073684692
475,75,515.1408081054688,160.959716796875,89.18048095703125,96.8028564453125,0.8950157165527344
475,77,440.15570068359375,64.11840057373047,68.6431884765625,65.36786651611328,0.6019260883331299
475,79,537.2636108398438,24.937650680541992,62.17315673828125,42.43763732910156,0.531410276889801
476,75,512.802490234375,166.6280059814453,91.82220458984375,99.87425231933594,0.8652975559234619
476,77,438.33782958984375,65.96369934082031,69.73941040039062,67.07737731933594,0.641226053237915
476,79,538.5712890625,26.9268798828125,60.583740234375,42.446800231933594,0.629773736000061
477,75,511.2072448730469,173.45654296875,93.55294799804688,101.72946166992188,0.8398721814155579
477,77,436.413330078125,68.82701873779297,70.88372802734375,68.86371612548828,0.5898213386535645
477,79,539.1884765625,28.80170249938965,59.4058837890625,42.629119873046875,0.6940277218818665
478,75,509.6568298339844,179.55850219726562,95.92245483398438,104.46746826171875,0.8609277606010437
478,77,434.80731201171875,72.64318084716797,70.81866455078125,69.2971420288086,0.6107244491577148
478,79,539.40576171875,30.936424255371094,59.0843505859375,43.40501403808594,0.7211653590202332
479,75,507.3202819824219,186.14825439453125,99.08993530273438,108.19720458984375,0.8599836230278015
479,77,432.0745544433594,74.78268432617188,72.67312622070312,71.69569396972656,0.5025493502616882
479,79,540.2359008789062,32.25300979614258,58.329345703125,43.75320816040039,0.7833420634269714
480,75,504.874755859375,192.36508178710938,102.7952880859375,112.816650390625,0.863570511341095
480,77,430.2392272949219,80.94207000732422,70.95797729492188,70.17517852783203,0.5305918455123901
480,79,541.3638305664062,34.613040924072266,56.20587158203125,42.8379020690918,0.7461919188499451
481,75,502.7773132324219,199.57911682128906,105.58627319335938,116.26506042480469,0.8038164973258972
481,77,429.82208251953125,84.9991455078125,69.191650390625,69.13603210449219,0.465160608291626
481,79,541.0758666992188,35.87496566772461,57.2679443359375,44.498836517333984,0.811974048614502
482,75,500.89508056640625,207.6312255859375,108.80145263671875,119.94879150390625,0.8602467179298401
482,77,426.93994140625,87.97574615478516,70.49087524414062,70.82154083251953,0.42652687430381775
482,79,540.7090454101562,38.035526275634766,58.04364013671875,45.99320602416992,0.7629284262657166
483,75,497.3948974609375,214.99761962890625,114.62371826171875,126.82293701171875,0.8600680828094482
483,77,423.7456359863281,90.59534454345703,72.82220458984375,73.4556655883789,0.5002350807189941
483,79,540.4102783203125,40.42000961303711,59.42169189453125,48.13148880004883,0.7057121396064758
484,75,494.5644226074219,223.85992431640625,118.73776245117188,131.96377563476562,0.8621599078178406
484,77,419.1960754394531,92.49526977539062,77.44918823242188,78.80062866210938,0.5975317358970642
484,79,540.9658813476562,43.0219841003418,58.17608642578125,47.977596282958984,0.7174837589263916
485,75,492.1117248535156,233.5017852783203,122.60684204101562,136.80238342285156,0.8027374744415283
485,77,416.5866394042969,95.0986328125,79.05368041992188,80.98080444335938,0.5621389150619507
485,79,541.048095703125,45.10819625854492,58.48712158203125,49.16263961791992,0.7262093424797058
486,75,489.0540771484375,242.38626098632812,127.082275390625,142.52627563476562,0.8581148982048035
486,77,415.2052917480469,97.67080688476562,79.878173828125,82.6455078125,0.4446711838245392
486,79,541.0643920898438,46.86497497558594,58.430908203125,49.999427795410156,0.6661127805709839
487,75,485.9225158691406,252.3944549560547,131.85165405273438,148.4128875732422,0.8787587285041809
487,77,412.05029296875,102.50688934326172,80.65814208984375,83.76805877685547,0.5870528221130371
487,79,540.4271240234375,49.20969772338867,59.6229248046875,51.999759674072266,0.6557040214538574
488,75,482.00189208984375,262.9024658203125,138.4432373046875,156.86581420898438,0.7986940145492554
488,77,406.75677490234375,107.14404296875,83.45468139648438,87.02590942382812,0.678896427154541
488,79,540.3905639648438,51.448184967041016,59.0064697265625,52.31473922729492,0.639773428440094
489,75,477.82513427734375,273.01568603515625,144.85400390625,165.46127319335938,0.8029050230979919
489,77,403.0998229980469,112.52484130859375,83.7525634765625,87.34817504882812,0.6763579845428467
489,79,540.5026245117188,52.31930160522461,60.23797607421875,54.34519577026367,0.7923077940940857
489,80,614.44873046875,13.268807411193848,37.59649658203125,20.091266632080078,0.3476666510105133
490,75,473.4507751464844,285.31292724609375,150.46994018554688,173.577392578125,0.7772424221038818
490,77,399.1322021484375,117.9897232055664,86.07217407226562,89.8488998413086,0.7067000865936279
490,79,540.8060302734375,56.52650833129883,58.88787841796875,53.85750198364258,0.7365688681602478
490,80,614.1558227539062,13.948899269104004,40.111572265625,21.469738006591797,0.338457316160202
491,75,467.9393615722656,296.381591796875,158.63339233398438,185.1796875,0.6998198628425598
491,77,394.6535949707031,121.14955139160156,89.51217651367188,93.81742858886719,0.7555249333381653
491,79,540.146484375,59.35580825805664,59.145263671875,54.85133743286133,0.6087794303894043
491,80,612.8584594726562,14.503628730773926,42.45147705078125,22.78399658203125,0.2578814923763275
492,75,462.9754638671875,309.5020751953125,165.33197021484375,195.19046020507812,0.7100843787193298
492,77,391.6318359375,126.50113677978516,90.43563842773438,95.04015350341797,0.7191966772079468
492,79,540.4087524414062,63.08058166503906,57.40765380859375,53.583770751953125,0.6166256666183472
493,75,457.7996520996094,323.3226318359375,171.85208129882812,205.21685791015625,0.6404224634170532
493,77,387.3213195800781,131.7730255126953,92.87283325195312,97.8251953125,0.6648404002189636
493,79,540.5778198242188,65.15867614746094,58.336181640625,54.985450744628906,0.6935929656028748
494,75,458.93927001953125,339.5171813964844,167.11212158203125,199.17544555664062,0.41467219591140747
494,77,382.8926086425781,138.181396484375,94.35098266601562,99.46426391601562,0.6883832812309265
494,79,539.9962768554688,69.17726135253906,59.1629638671875,56.312042236328125,0.752138614654541
495,75,461.2835693359375,355.0230407714844,158.79107666015625,184.97695922851562,0.6776310801506042
495,77,378.6284484863281,143.69720458984375,96.98989868164062,102.43013000488281,0.6904327273368835
495,79,540.2589721679688,72.04086303710938,58.88323974609375,56.2384033203125,0.6453655362129211
495,80,605.1312866210938,14.002569198608398,63.63323974609375,35.00770568847656,0.38269665837287903
496,75,464.92950439453125,373.53680419921875,147.5390625,166.46319580078125,0.6164150834083557
496,77,373.2471008300781,150.1881866455078,99.64483642578125,105.56608581542969,0.6527199745178223
496,79,538.5733642578125,75.30712890625,60.4114990234375,58.08514404296875,0.6543045043945312
497,75,470.44830322265625,392.1767272949219,137.21630859375,147.82327270507812,0.6434314846992493
497,77,367.1978759765625,156.16998291015625,103.38555908203125,109.9273681640625,0.7044280171394348
497,79,537.1491088867188,78.79964447021484,60.1005859375,57.71472930908203,0.7181563973426819
498,75,474.9070129394531,412.5854797363281,126.05819702148438,127.41452026367188,0.7250891327857971
498,77,361.2814025878906,163.3255615234375,105.69329833984375,112.62277221679688,0.7117039561271667
498,79,535.21337890625,82.54055786132812,62.8614501953125,60.99357604980469,0.6336035132408142
498,80,603.1795654296875,16.37374496459961,69.01446533203125,39.3110466003418,0.46172231435775757
499,75,481.36175537109375,435.89971923828125,110.0025634765625,104.10028076171875,0.7807828187942505
499,77,355.19793701171875,169.753173828125,110.05862426757812,117.80203247070312,0.7370744347572327
499,79,533.9347534179688,86.8017807006836,64.376220703125,63.096885681152344,0.739030122756958
500,75,489.0107116699219,460.48431396484375,92.74166870117188,79.51568603515625,0.6450808644294739
500,77,348.98614501953125,176.42013549804688,113.49072265625,121.88739013671875,0.6216503977775574
500,79,533.8560791015625,88.98680114746094,64.189697265625,63.41258239746094,0.588557779788971
501,77,341.5919189453125,183.60781860351562,118.10061645507812,127.316650390625,0.7443541884422302
501,79,533.1724853515625,93.12696075439453,64.66009521484375,64.47185516357422,0.6335821151733398
502,77,334.45697021484375,191.1083984375,121.89947509765625,131.84930419921875,0.8113424181938171
502,79,532.680419921875,95.87193298339844,64.4532470703125,64.65818786621094,0.6524463891983032
502,80,603.3590698242188,25.665390014648438,70.59912109375,42.07102966308594,0.4115632474422455
503,77,326.6051025390625,200.1694793701172,125.5760498046875,136.25489807128906,0.8620770573616028
503,79,532.2454833984375,100.12005615234375,64.4478759765625,64.80140686035156,0.5593438744544983
503,87,429.30035400390625,14.108453750610352,36.215606689453125,18.7990779876709,0.4462526738643646
503,80,604.21044921875,27.560497283935547,69.39453125,42.9374885559082,0.3346399962902069
504,77,319.40875244140625,209.65249633789062,129.03631591796875,140.50881958007812,0.8064988255500793
504,79,529.8491821289062,103.428466796875,67.59771728515625,68.41983032226562,0.7710722088813782
504,87,426.9535217285156,14.225335121154785,37.76025390625,19.616363525390625,0.4494655728340149
504,80,605.8375854492188,30.71501350402832,67.8079833984375,43.60990905761719,0.46562904119491577
505,77,310.23870849609375,217.20361328125,135.54129028320312,148.35504150390625,0.8280775547027588
505,79,528.5113525390625,107.8591079711914,69.97332763671875,71.4847640991211,0.5970376133918762
505,87,424.09197998046875,14.251948356628418,41.967620849609375,21.875476837158203,0.5485925078392029
505,80,607.7318115234375,33.76560592651367,66.1209716796875,44.06985092163086,0.6188017725944519
506,77,300.84735107421875,227.07577514648438,141.0369873046875,155.0640869140625,0.7532263398170471
506,79,527.9116821289062,111.64237976074219,69.8046875,71.7303466796875,0.5870500802993774
506,87,419.7359313964844,14.44842529296875,46.7734375,24.577430725097656,0.5672866106033325
506,80,608.4879760742188,36.38764953613281,66.56829833984375,45.90776824951172,0.7337232232093811
507,77,290.7578430175781,238.37474060058594,146.35922241210938,161.62855529785156,0.8025965094566345
507,79,525.9705810546875,116.01333618164062,73.379638671875,76.13076782226562,0.5524095296859741
507,87,417.386474609375,14.853812217712402,48.82659912109375,25.869384765625,0.6524587869644165
507,80,610.0186767578125,38.86475372314453,65.96697998046875,46.77061462402344,0.7179276347160339
508,77,277.92791748046875,250.07455444335938,152.98800659179688,169.01821899414062,0.8636861443519592
508,79,525.2730712890625,121.02464294433594,75.02471923828125,78.54627990722656,0.6509186029434204
508,87,414.7447204589844,14.527689933776855,52.015625,27.92715835571289,0.6805892586708069
508,80,610.4440307617188,41.54426574707031,66.75506591796875,48.663124084472656,0.6616368889808655
509,77,267.35528564453125,262.25103759765625,159.75216674804688,177.47613525390625,0.8456177711486816
509,79,523.4071044921875,125.23988342285156,78.02142333984375,82.59977722167969,0.6114091277122498
509,87,412.220458984375,13.699776649475098,55.3970947265625,30.264751434326172,0.7042451500892639
509,80,611.5382690429688,44.1192626953125,65.43017578125,48.93714904785156,0.5712458491325378
510,77,255.75155639648438,274.18603515625,168.37942504882812,188.374267578125,0.7972193956375122
510,79,522.5889892578125,130.12420654296875,78.50555419921875,83.75416564941406,0.6165476441383362
510,87,409.51611328125,13.229262351989746,57.834014892578125,32.23381423950195,0.7058203220367432
510,80,612.6946411132812,47.568748474121094,65.173583984375,49.863304138183594,0.4869595766067505
511,77,241.55862426757812,283.74041748046875,178.93734741210938,201.92205810546875,0.7678694128990173
511,79,522.3536987304688,135.39151000976562,78.92559814453125,84.673828125,0.6059279441833496
511,87,407.13262939453125,13.522499084472656,60.55517578125,34.58229446411133,0.6504863500595093
511,80,613.6685180664062,50.5806999206543,65.29339599609375,50.9759407043457,0.5794248580932617
512,77,222.846923828125,285.83203125,197.713134765625,226.6773681640625,0.7369546294212341
512,79,520.8270874023438,141.21630859375,80.381591796875,86.87138366699219,0.691068708896637
512,87,404.9158020019531,13.902994155883789,61.94659423828125,36.32142639160156,0.6924701929092407
512,80,614.5343017578125,53.421363830566406,65.1739501953125,51.82347106933594,0.5977534651756287
513,77,212.07781982421875,309.4600830078125,193.58395385742188,223.030517578125,0.5322223901748657
513,79,519.5445556640625,146.21839904785156,82.551513671875,89.99185180664062,0.6740743517875671
513,87,403.2938232421875,14.782183647155762,61.839111328125,37.0776481628418,0.6657769083976746
513,80,615.5406494140625,56.529632568359375,65.885986328125,53.38017272949219,0.6497507095336914
514,77,204.6702423095703,330.3677062988281,183.8280487060547,209.63229370117188,0.5177375674247742
514,79,518.8053588867188,151.75987243652344,82.61126708984375,90.3538818359375,0.6806008815765381
514,87,403.0997009277344,16.059528350830078,59.99700927734375,36.6970329284668,0.676647424697876
514,80,617.3880004882812,59.39682388305664,65.65301513671875,53.92000961303711,0.6746896505355835
515,77,203.66026306152344,350.4677429199219,171.6075897216797,189.53225708007812,0.5138201713562012
515,79,516.410400390625,157.9736785888672,85.83526611328125,94.52670288085938,0.7217721343040466
515,87,401.7571105957031,16.92521095275879,59.710113525390625,37.33551025390625,0.7320940494537354
515,80,617.5866088867188,62.2532958984375,67.54705810546875,56.61809539794922,0.6642196774482727
516,77,203.15501403808594,370.6761474609375,157.98435974121094,169.3238525390625,0.627083420753479
516,79,515.5682983398438,164.541015625,87.1787109375,96.63592529296875,0.6794514656066895
516,87,400.9591979980469,18.184324264526367,59.42962646484375,37.94249725341797,0.6404136419296265
516,80,618.7770385742188,66.21475219726562,67.310546875,57.37934875488281,0.6251382231712341
517,77,201.55474853515625,392.2332458496094,144.85006713867188,147.76675415039062,0.6999240517616272
517,79,513.4283447265625,171.2498779296875,89.9017333984375,100.3035888671875,0.7553810477256775
517,87,400.0301818847656,19.078855514526367,58.88604736328125,38.46726989746094,0.5966856479644775
517,80,620.1567993164062,69.4098129272461,67.51593017578125,58.258148193359375,0.7121958136558533
518,77,199.07803344726562,415.7255859375,130.07424926757812,124.2744140625,0.7776918411254883
518,79,512.5709228515625,179.73678588867188,91.3800048828125,102.4593505859375,0.7800015807151794
518,87,397.8852844238281,21.38985824584961,59.569366455078125,39.74260330200195,0.615655779838562
518,80,619.820068359375,72.62439727783203,69.0592041015625,60.35285186767578,0.5119019746780396
519,77,199.21649169921875,442.1227722167969,111.11114501953125,97.87722778320312,0.639614462852478
519,79,510.7951965332031,186.32269287109375,93.44711303710938,105.40460205078125,0.7871916890144348
519,87,396.2074279785156,23.784330368041992,58.5648193359375,39.803062438964844,0.7024317979812622
519,80,621.1090698242188,76.94886016845703,69.38250732421875,61.53459930419922,0.4698884189128876
520,77,201.04165649414062,470.8641357421875,89.07061767578125,69.1358642578125,0.554485023021698
520,79,508.61602783203125,192.56678771972656,97.0126953125,110.17021179199219,0.7963917851448059
520,87,395.4831237792969,25.836469650268555,57.18865966796875,39.53955841064453,0.7739354968070984
520,80,621.2275390625,81.01564025878906,72.7493896484375,65.56170654296875,0.5629110932350159
521,79,506.3768005371094,199.78114318847656,100.65927124023438,115.20719909667969,0.8298081755638123
521,87,393.88427734375,27.308855056762695,56.686614990234375,39.80811309814453,0.8322479128837585
521,80,622.2224731445312,84.9124984741211,72.51593017578125,66.09683990478516,0.4970594048500061
522,79,505.0041198730469,209.38150024414062,102.45596313476562,117.81671142578125,0.8586475849151611
522,87,391.6636657714844,29.600929260253906,57.18310546875,40.830848693847656,0.8095957636833191
522,80,624.4937744140625,89.48123931884766,72.33148193359375,66.6393051147461,0.456298291683197
523,79,502.80560302734375,216.98422241210938,106.2076416015625,123.01187133789062,0.8434158563613892
523,87,390.3179016113281,30.901487350463867,57.2703857421875,41.54368591308594,0.7447525858879089
523,80,626.830322265625,94.33797454833984,72.133544921875,67.09676361083984,0.664180338382721
524,79,503.6429443359375,232.5260772705078,104.2130126953125,120.82182312011719,0.8387465476989746
524,87,388.3057861328125,32.879878997802734,58.00677490234375,42.870357513427734,0.7111949324607849
524,80,626.974609375,98.97740936279297,74.10906982421875,69.87889862060547,0.5769859552383423
525,79,500.4466857910156,240.23655700683594,110.17538452148438,128.9561309814453,0.8690561652183533
525,87,386.44793701171875,34.7523307800293,58.18719482421875,43.736141204833984,0.7759186625480652
525,80,628.93310546875,104.69539642333984,72.69708251953125,68.95442962646484,0.6410074830055237
526,79,496.46856689453125,247.614013671875,116.09857177734375,137.3243408203125,0.8115326762199402
526,87,384.3848876953125,36.210330963134766,58.5269775390625,44.63460922241211,0.8146369457244873
526,80,629.3717041015625,107.94602966308594,74.75811767578125,71.7080078125,0.6117324829101562
527,79,493.053955078125,257.1728210449219,121.079833984375,144.76730346679688,0.7296751737594604
527,87,382.1142272949219,38.93035125732422,58.19134521484375,44.97901916503906,0.8279795050621033
527,80,631.0508422851562,114.14553833007812,74.422119140625,71.75192260742188,0.653556764125824
528,79,489.8329162597656,266.4624328613281,127.29873657226562,154.21249389648438,0.8245444893836975
528,87,379.79473876953125,40.68840026855469,59.35247802734375,46.61058807373047,0.7658492922782898
528,80,631.6859130859375,118.60174560546875,77.9296875,75.77665710449219,0.6024273633956909
529,79,488.38555908203125,280.16986083984375,130.29278564453125,159.55657958984375,0.8409612774848938
529,87,378.2760925292969,42.618629455566406,58.580322265625,46.607879638671875,0.7615715861320496
529,80,632.6920776367188,123.62002563476562,80.0772705078125,78.449462890625,0.5619809627532959
530,79,484.92730712890625,291.3992614746094,136.7177734375,169.6680908203125,0.8193582892417908
530,87,377.41949462890625,45.369781494140625,56.771392822265625,45.52641296386719,0.6049312353134155
530,80,633.9696044921875,129.06544494628906,81.389892578125,80.30860900878906,0.6729194521903992
531,79,480.57623291015625,303.221923828125,144.613037109375,182.15875244140625,0.8420822620391846
531,87,374.8016662597656,47.39977264404297,57.491241455078125,46.457496643066406,0.5726417899131775
531,80,635.5159912109375,135.67649841308594,83.3133544921875,82.58216857910156,0.7454070448875427
532,79,477.58563232421875,317.4405212402344,150.4608154296875,192.28359985351562,0.8471442461013794
532,87,371.31878662109375,48.889137268066406,60.01318359375,49.060203552246094,0.7109543085098267
532,80,637.1026611328125,142.74383544921875,86.06024169921875,85.6812744140625,0.7073681354522705
533,79,476.353271484375,333.8936767578125,152.11126708984375,196.31109619140625,0.8825013041496277
533,87,369.2568054199219,51.919097900390625,59.66815185546875,49.19561767578125,0.7925503253936768
533,80,638.2005615234375,148.97930908203125,89.00341796875,89.15985107421875,0.7021386623382568
534,79,477.4245910644531,349.67364501953125,147.96719360351562,190.32635498046875,0.844763994216919
534,87,367.5570068359375,54.02336502075195,59.833465576171875,49.88303756713867,0.7506785988807678
534,80,639.3316650390625,155.33828735351562,91.7559814453125,92.43960571289062,0.6103963255882263
535,79,481.7517395019531,368.9937438964844,138.03738403320312,171.00625610351562,0.6370289921760559
535,87,364.2103576660156,56.00394058227539,61.0499267578125,51.35451889038086,0.7634467482566833
535,80,640.125244140625,163.20880126953125,95.13629150390625,96.50958251953125,0.6387587189674377
536,79,486.1549072265625,385.70404052734375,128.63372802734375,154.29595947265625,0.5559577345848083
536,87,360.82757568359375,58.28670120239258,61.58563232421875,52.13968276977539,0.8069019317626953
536,80,642.0369873046875,171.22125244140625,98.08831787109375,100.02972412109375,0.665860116481781
537,79,491.5075988769531,405.38958740234375,117.71536254882812,134.61041259765625,0.43153858184814453
537,87,357.9656982421875,60.709407806396484,62.450592041015625,53.2902946472168,0.82767254114151
537,80,643.6226196289062,179.4891815185547,102.10980224609375,104.92405700683594,0.6813011765480042
538,87,355.1366882324219,63.49606704711914,63.679168701171875,54.77656936645508,0.81402188539505
538,80,646.4546508789062,188.94520568847656,105.54901123046875,109.09388732910156,0.6310181021690369
539,87,351.8855285644531,66.65140533447266,65.45797729492188,56.97871398925781,0.8012101650238037
539,80,647.7681274414062,197.90536499023438,110.16314697265625,114.91131591796875,0.4375167191028595
540,87,348.9558410644531,69.5996322631836,65.150146484375,56.916015625,0.7807908058166504
540,80,650.4639282226562,207.49075317382812,113.51324462890625,119.21136474609375,0.731456458568573
540,90,469.534423828125,14.846786499023438,55.47998046875,23.22927474975586,0.4937075078487396
541,87,346.178955078125,72.15946960449219,65.95208740234375,57.918426513671875,0.7370616793632507
541,80,652.2501831054688,217.41452026367188,118.33282470703125,125.11978149414062,0.6268547773361206
541,90,466.30059814453125,14.250530242919922,60.69195556640625,25.470439910888672,0.4636242687702179
542,87,342.71710205078125,75.2114486694336,66.7886962890625,58.95006561279297,0.6680166721343994
542,80,654.6480102539062,228.96588134765625,123.5450439453125,131.62799072265625,0.6511625647544861
542,90,463.29119873046875,13.576662063598633,65.74114990234375,27.713171005249023,0.648707389831543
543,87,339.10693359375,78.46855926513672,67.44464111328125,59.81798553466797,0.7427447438240051
543,80,656.6660766601562,240.59573364257812,129.91131591796875,139.7532958984375,0.7142826914787292
543,90,461.945068359375,13.637316703796387,67.59033203125,28.669246673583984,0.6276354789733887
544,87,335.4870300292969,82.24889373779297,68.19195556640625,60.61510467529297,0.7539448142051697
544,80,659.8636474609375,253.9881134033203,134.2830810546875,145.33460998535156,0.6491537094116211
544,90,458.4977111816406,13.747889518737793,73.38803100585938,31.465991973876953,0.608302116394043
545,87,331.09234619140625,85.87176513671875,69.88003540039062,62.28202819824219,0.6982764005661011
545,80,663.0213012695312,268.0810546875,140.70745849609375,153.42144775390625,0.6848213076591492
545,90,456.1787109375,13.931855201721191,77.28851318359375,33.61540222167969,0.5920172333717346
546,87,327.75347900390625,89.64620208740234,70.64239501953125,63.258689880371094,0.7848107218742371
546,80,666.9651489257812,283.03521728515625,148.6043701171875,163.17718505859375,0.6518235802650452
546,90,454.4556579589844,14.71301555633545,80.07699584960938,35.42420196533203,0.5969868898391724
547,87,324.1130676269531,93.71817779541016,70.76251220703125,63.47032928466797,0.8048486113548279
547,80,669.573486328125,298.2083435058594,158.58624267578125,175.86843872070312,0.6722562909126282
547,90,453.0632629394531,14.658764839172363,81.98880004882812,36.97219467163086,0.6211072206497192
548,87,319.58331298828125,96.47651672363281,73.35501098632812,66.16427612304688,0.6861702799797058
548,80,672.9850463867188,315.66015625,168.1668701171875,188.28799438476562,0.6459635496139526
548,90,451.26385498046875,14.418105125427246,83.6561279296875,38.53007507324219,0.6423503160476685
549,87,314.4232177734375,99.20423126220703,76.31341552734375,69.20348358154297,0.6920415163040161
549,80,677.8622436523438,332.82598876953125,175.612548828125,197.94989013671875,0.49330511689186096
549,90,450.8779602050781,14.38541316986084,83.73770141601562,39.39735794067383,0.673130452632904
550,87,309.2891845703125,101.97410583496094,78.35751342773438,71.385986328125,0.7820857763290405
550,80,691.0762939453125,353.0355224609375,167.65960693359375,186.9644775390625,0.34616410732269287
550,90,447.6610412597656,13.771509170532227,88.42385864257812,42.712066650390625,0.658894956111908
551,87,305.2361145019531,105.33119201660156,79.31005859375,72.53054809570312,0.6568405628204346
551,80,705.3027954101562,373.83856201171875,156.2196044921875,166.16143798828125,0.43515291810035706
551,90,445.21551513671875,13.533658981323242,91.24969482421875,45.311805725097656,0.542824923992157
552,87,301.2386779785156,110.46214294433594,79.66766357421875,73.00221252441406,0.6087871193885803
552,90,444.97418212890625,13.765105247497559,91.17449951171875,46.49443054199219,0.49592483043670654
553,87,296.8661804199219,115.27142333984375,79.42642211914062,72.87403869628906,0.6774014830589294
553,90,444.18499755859375,13.961470603942871,91.7100830078125,48.16143798828125,0.45743560791015625
553,80,733.177734375,423.8602294921875,120.18341064453125,116.1397705078125,0.43551018834114075
554,87,289.992919921875,120.04016876220703,82.55731201171875,75.91065216064453,0.6391791105270386
554,90,442.8121643066406,14.000751495361328,93.34024047851562,50.45619583129883,0.5896316766738892
555,87,283.83013916015625,124.0132827758789,85.43304443359375,78.7879867553711,0.6331969499588013
555,90,441.15838623046875,14.30064868927002,95.25469970703125,53.03310775756836,0.6160988807678223
556,87,277.8880615234375,128.52919006347656,88.73095703125,82.1710205078125,0.7384436726570129
556,90,439.1913146972656,14.318111419677734,98.21163940429688,56.428157806396484,0.5376796722412109
557,87,272.0808410644531,133.55799865722656,90.238525390625,83.97776794433594,0.6310691833496094
557,90,438.4036865234375,14.550994873046875,98.45819091796875,58.29151153564453,0.5688638091087341
558,87,266.1994323730469,138.76239013671875,91.34011840820312,85.09759521484375,0.6799449920654297
558,90,436.7901611328125,14.671982765197754,99.907470703125,61.02215576171875,0.45847514271736145
559,87,259.1595153808594,143.24171447753906,94.99713134765625,88.96452331542969,0.65263432264328
559,90,435.9180603027344,14.714310646057129,100.29544067382812,63.15033721923828,0.4653160572052002
560,87,253.60398864746094,150.14315795898438,95.75764465332031,89.68989562988281,0.6207857131958008
560,90,434.2289733886719,14.800442695617676,101.35043334960938,65.85281372070312,0.3547724783420563
561,87,247.80589294433594,157.05941772460938,96.07539367675781,89.86393737792969,0.4338139295578003
562,87,239.13681030273438,163.9940185546875,98.86221313476562,92.36752319335938,0.5288515686988831
562,90,430.75775146484375,15.13183307647705,106.05889892578125,71.34516906738281,0.343712717294693
563,87,230.84872436523438,170.14906311035156,103.09478759765625,96.38975524902344,0.6800705790519714
563,90,430.1585998535156,15.396992683410645,105.04263305664062,72.93809509277344,0.471805214881897
564,87,221.8733367919922,176.7176055908203,106.02018737792969,99.19090270996094,0.6860642433166504
564,90,426.6790466308594,15.255070686340332,107.64590454101562,77.13760375976562,0.42330601811408997
565,87,212.16358947753906,182.51853942871094,111.16502380371094,104.28965759277344,0.779433012008667
565,90,423.5491027832031,14.40025520324707,110.21713256835938,81.41975402832031,0.40425246953964233
566,87,202.9063262939453,190.68113708496094,113.98298645019531,107.08265686035156,0.629236102104187
566,90,421.146484375,14.398855209350586,113.085205078125,86.1346206665039,0.41980868577957153
567,87,193.34060668945312,199.62294006347656,117.41827392578125,110.44407653808594,0.698657214641571
567,90,419.6722717285156,14.88218879699707,114.04653930664062,89.48492431640625,0.47193092107772827
568,87,182.1816864013672,207.7769317626953,122.25730895996094,115.17192077636719,0.7641541957855225
568,90,418.82806396484375,14.80049991607666,114.68450927734375,92.48526000976562,0.4673267602920532
569,87,170.70968627929688,215.93661499023438,127.85586547851562,120.78741455078125,0.6184888482093811
569,90,417.07861328125,15.189974784851074,115.74786376953125,95.78125,0.4445892572402954
569,96,430.6341552734375,14.973821640014648,88.03363037109375,96.82077026367188,0.3683460056781769
570,87,158.1986846923828,225.66580200195312,131.93055725097656,124.88095092773438,0.6935133337974548
570,96,426.26416015625,16.6970157623291,91.72210693359375,100.94707489013672,0.32416123151779175
571,87,145.62136840820312,235.54098510742188,136.35397338867188,128.93402099609375,0.6799843907356262
571,96,422.86492919921875,17.258712768554688,94.76202392578125,104.46704864501953,0.33006662130355835
572,87,132.22520446777344,245.00811767578125,143.3500213623047,135.8309326171875,0.7437462210655212
572,96,418.6239013671875,16.520524978637695,99.64068603515625,110.35108184814453,0.33547624945640564
573,87,117.13783264160156,255.8628692626953,149.47499084472656,141.62693786621094,0.8245408535003662
573,96,415.22467041015625,15.652996063232422,104.04534912109375,116.09872436523438,0.45053502917289734
574,87,95.65382385253906,267.8340148925781,156.59056091308594,146.85488891601562,0.7671694755554199
574,96,413.3604736328125,15.550294876098633,106.01861572265625,119.2529296875,0.40230244398117065
575,87,80.9447021484375,277.41143798828125,166.67257690429688,156.94412231445312,0.8074376583099365
575,96,410.6251525878906,15.920300483703613,108.76846313476562,123.54490661621094,0.36014655232429504
576,87,61.3712272644043,285.6845703125,180.22039794921875,171.04229736328125,0.8078097105026245
577,87,45.244964599609375,303.88177490234375,184.55824279785156,175.50991821289062,0.6387237310409546
577,96,404.10198974609375,16.628053665161133,115.25396728515625,132.51968383789062,0.2967909574508667
578,87,24.139251708984375,319.7201232910156,193.61892700195312,184.91265869140625,0.7785921096801758
578,96,400.4527893066406,16.143293380737305,119.23257446289062,139.22784423828125,0.36378681659698486
579,87,5.206532001495361,337.6787109375,200.49929809570312,192.2138671875,0.8286177515983582
580,87,0.0,354.4657897949219,190.74996948242188,184.97274780273438,0.5546994805335999
580,106,404.93414306640625,14.184823989868164,103.25656127929688,58.19990539550781,0.3862955868244171
581,87,0.0,374.00164794921875,174.1676483154297,165.99835205078125,0.6813788414001465
581,106,402.0403137207031,14.63818073272705,106.61572265625,60.17192459106445,0.38300445675849915
582,87,0.0,393.3396301269531,156.97120666503906,146.66036987304688,0.6205737590789795
582,96,385.1197814941406,15.646636962890625,136.67092895507812,162.53518676757812,0.2929072976112366
583,87,0.0,416.361083984375,135.60400390625,123.638916015625,0.6151151657104492
584,96,376.8499755859375,15.433219909667969,145.0135498046875,175.12322998046875,0.2847248315811157
586,96,377.67803955078125,50.68647384643555,127.91046142578125,153.9599609375,0.36431360244750977
587,96,366.984375,29.452768325805664,149.01348876953125,182.7305145263672,0.5802786350250244
588,96,361.4732971191406,25.691999435424805,156.77835083007812,195.51544189453125,0.7361244559288025
589,96,355.93878173828125,24.66609764099121,162.14349365234375,205.0153350830078,0.7578962445259094
590,96,350.46600341796875,26.47252655029297,166.48370361328125,212.88162231445312,0.6723825335502625
591,96,344.8442077636719,33.47281265258789,166.58181762695312,216.17657470703125,0.41294875741004944
592,96,341.2261657714844,34.15779495239258,170.47329711914062,223.23854064941406,0.6695405840873718
593,96,337.5145568847656,35.9797248840332,174.77297973632812,231.46302795410156,0.7908223271369934
594,96,329.7066650390625,38.29555130004883,180.07748413085938,240.59910583496094,0.7245460748672485
595,96,323.94915771484375,41.86872863769531,185.13583374023438,250.09141540527344,0.8503002524375916
596,96,319.5841064453125,45.76976013183594,188.65396118164062,257.6861572265625,0.7830026149749756
597,96,310.27410888671875,49.80857849121094,195.58309936523438,269.04046630859375,0.8437607884407043
598,96,302.39825439453125,54.11909866333008,201.97821044921875,280.0943908691406,0.8502572178840637
599,96,294.5238952636719,58.338531494140625,207.6519775390625,289.7584228515625,0.8824470639228821
600,96,289.0566711425781,62.54001998901367,214.55715942382812,302.6303405761719,0.9004744291305542
601,96,279.93548583984375,66.66880798339844,223.67340087890625,318.8753662109375,0.8868452310562134
602,96,264.7360534667969,70.82604217529297,233.66879272460938,334.24200439453125,0.8250430822372437
603,96,254.53756713867188,77.09138488769531,241.59957885742188,347.39642333984375,0.8378846645355225
604,96,244.27615356445312,82.46725463867188,251.0400390625,363.1159973144531,0.8434349894523621
605,96,228.2848663330078,88.08277893066406,262.8511962890625,381.35479736328125,0.7129396200180054
606,96,211.08453369140625,94.88359832763672,276.6722412109375,401.3356628417969,0.7052890658378601
625,124,430.43212890625,15.256336212158203,34.125274658203125,15.226119995117188,0.5241498947143555
626,124,426.6778564453125,14.58486270904541,38.474853515625,17.216297149658203,0.5897486805915833
627,124,423.2978515625,14.149555206298828,42.696319580078125,19.223079681396484,0.649351954460144
628,124,420.20709228515625,13.92015266418457,45.938323974609375,20.860578536987305,0.6545596718788147
629,124,418.5908508300781,14.433624267578125,47.77874755859375,21.961517333984375,0.7645522356033325
630,124,417.14849853515625,14.918622016906738,48.58221435546875,22.64145278930664,0.7587103843688965
630,130,501.294189453125,14.179834365844727,45.3695068359375,16.814210891723633,0.35948094725608826
631,124,413.76678466796875,14.947395324707031,51.98187255859375,24.689990997314453,0.8007426261901855
631,130,499.1607971191406,13.746517181396484,49.024200439453125,18.215036392211914,0.4255434274673462
632,124,411.0387268066406,14.831415176391602,54.977142333984375,26.679746627807617,0.7878038883209229
632,130,497.62451171875,13.637199401855469,51.9830322265625,19.401020050048828,0.5280362367630005
633,124,409.2962951660156,14.802680969238281,56.09320068359375,27.875022888183594,0.7428591847419739
633,130,496.2908630371094,13.597062110900879,54.460784912109375,20.47760009765625,0.42102447152137756
634,124,406.65972900390625,14.536497116088867,58.336029052734375,29.79559898376465,0.7005239725112915
634,130,494.7957458496094,13.530360221862793,55.970977783203125,21.26571273803711,0.5014767646789551
635,124,404.1164245605469,14.570891380310059,60.62109375,31.875022888183594,0.6991007924079895
635,130,492.81683349609375,13.227027893066406,60.25030517578125,23.22553253173828,0.6415061950683594
636,124,401.9143371582031,14.622854232788086,62.09466552734375,33.726165771484375,0.6964734792709351
636,130,490.5873107910156,13.26273250579834,63.529754638671875,24.935516357421875,0.6745314002037048
637,124,400.6871337890625,15.34195327758789,61.973785400390625,34.806888580322266,0.7259310483932495
637,130,489.46502685546875,13.685065269470215,64.79962158203125,25.960323333740234,0.6551408171653748
638,124,397.7649230957031,14.332386016845703,64.39108276367188,37.39213943481445,0.6895390152931213
638,130,488.69427490234375,14.03962516784668,66.33563232421875,27.18451499938965,0.6057464480400085
639,124,395.9410705566406,14.42138957977295,64.88693237304688,39.05975341796875,0.616303026676178
639,130,488.0860900878906,14.096232414245605,67.09500122070312,28.154006958007812,0.582613468170166
640,124,393.85955810546875,14.497550010681152,66.14923095703125,41.34961700439453,0.5501936674118042
640,130,485.41253662109375,13.920573234558105,71.22186279296875,30.782176971435547,0.5224965214729309
641,124,393.06610107421875,14.653282165527344,65.64505004882812,42.59222412109375,0.4881051182746887
641,130,483.9692687988281,13.81908893585205,73.51254272460938,32.744625091552734,0.6120578646659851
642,124,391.0522155761719,14.68078327178955,66.15399169921875,44.553104400634766,0.7262017130851746
642,130,480.63232421875,13.606376647949219,75.37347412109375,34.91082000732422,0.6056578159332275
643,124,389.01123046875,14.763072967529297,66.87509155273438,46.77584457397461,0.704873263835907
643,130,478.0777893066406,13.727304458618164,76.33749389648438,36.726707458496094,0.6198430061340332
644,124,387.6139221191406,14.672361373901367,67.48147583007812,49.09345245361328,0.6525275111198425
644,130,476.9218444824219,14.449263572692871,76.17044067382812,38.029605865478516,0.6600927710533142
644,134,581.2276000976562,13.400688171386719,46.1781005859375,11.54881477355957,0.5351603627204895
645,124,385.8221130371094,14.613186836242676,68.07196044921875,51.30219650268555,0.6903305649757385
645,130,476.413818359375,15.076275825500488,76.191162109375,39.420372009277344,0.690871000289917
645,134,579.8978881835938,13.922880172729492,50.58514404296875,12.703826904296875,0.5581063628196716
646,124,383.7637023925781,14.338741302490234,68.9034423828125,53.90864944458008,0.6837748885154724
646,130,475.688720703125,16.04497528076172,76.80194091796875,41.22248077392578,0.7302032709121704
646,134,577.1262817382812,14.280216217041016,57.03173828125,14.454240798950195,0.5784423351287842
647,124,382.30096435546875,14.711115837097168,68.810546875,55.838809967041016,0.695436418056488
647,130,474.1613464355469,16.183067321777344,78.66629028320312,43.852256774902344,0.7135177850723267
647,134,574.7833862304688,13.764625549316406,62.49346923828125,16.043344497680664,0.5665788054466248
648,124,380.6529541015625,15.548944473266602,68.73370361328125,57.7200927734375,0.7862968444824219
648,130,473.4241943359375,16.692092895507812,77.8387451171875,45.226741790771484,0.769199788570404
648,134,572.8959350585938,13.744823455810547,67.9837646484375,17.767784118652344,0.6107649803161621
649,124,379.50701904296875,17.191890716552734,67.30218505859375,58.3671989440918,0.7361398339271545
649,130,474.3363037109375,19.013080596923828,73.869384765625,44.511817932128906,0.7955650091171265
649,134,571.8331298828125,13.98680305480957,72.32568359375,19.3270320892334,0.6423680782318115
650,124,377.7578125,18.869802474975586,67.26104736328125,60.12178039550781,0.754461944103241
650,130,475.5098571777344,21.71135902404785,69.92666625976562,43.60536193847656,0.7302126288414001
650,134,569.5466918945312,14.14145278930664,78.8917236328125,21.718475341796875,0.6718726754188538
651,124,376.26318359375,20.182605743408203,66.02175903320312,60.75820541381836,0.7400793433189392
651,130,476.2988586425781,24.6214599609375,67.15719604492188,43.230918884277344,0.800302267074585
651,134,568.3892822265625,14.454649925231934,82.75982666015625,23.519485473632812,0.7099278569221497
652,124,375.08917236328125,22.032594680786133,65.23013305664062,61.65678405761719,0.7180614471435547
652,130,475.4814758300781,26.404809951782227,67.81759643554688,45.05735778808594,0.8115378022193909
652,134,567.1007080078125,14.549006462097168,86.9136962890625,25.59756088256836,0.6710673570632935
653,124,373.904052734375,23.82170295715332,64.77456665039062,62.74005889892578,0.6723331809043884
653,130,473.8318176269531,27.671979904174805,69.66049194335938,47.66864013671875,0.8281675577163696
653,134,567.8291015625,15.557514190673828,87.10125732421875,26.618602752685547,0.6869397163391113
654,124,371.9593505859375,25.801931381225586,64.16256713867188,63.730926513671875,0.5432977676391602
654,130,474.1063537597656,29.660531997680664,68.33236694335938,47.9769287109375,0.844608724117279
654,134,567.3715209960938,15.7868013381958,90.19195556640625,28.692489624023438,0.7129592895507812
655,124,369.8558044433594,27.76287841796875,64.10494995117188,65.1664810180664,0.7393164038658142
655,130,473.03497314453125,31.123971939086914,69.1541748046875,49.73162841796875,0.8292801380157471
655,134,567.9323120117188,16.31615447998047,90.495361328125,30.021060943603516,0.7170455455780029
656,124,368.09405517578125,30.510313034057617,62.835205078125,65.1205825805664,0.721965491771698
656,130,472.83258056640625,33.355262756347656,68.70367431640625,50.31749725341797,0.8155338168144226
656,134,565.4661865234375,15.181530952453613,96.33648681640625,33.47811508178711,0.7524089813232422
657,124,366.1025085449219,32.832000732421875,63.06640625,66.6174545288086,0.6635895371437073
657,130,472.2253723144531,35.56618118286133,68.44290161132812,50.94248580932617,0.8291381001472473
657,134,564.427001953125,14.695178985595703,101.12738037109375,36.91927719116211,0.8847382068634033
658,124,364.62200927734375,37.29433822631836,60.771392822265625,65.20266723632812,0.6731201410293579
658,130,472.3248596191406,37.93022918701172,66.91506958007812,50.41571044921875,0.7924350500106812
658,134,565.84814453125,14.648397445678711,101.3670654296875,38.892242431640625,0.8786049485206604
659,124,362.5261535644531,38.575958251953125,60.91827392578125,66.35150909423828,0.7492170929908752
659,130,471.0892028808594,39.70286560058594,67.76651000976562,51.96490478515625,0.7634692788124084
659,134,566.1339721679688,14.741270065307617,103.2376708984375,41.628997802734375,0.8672386407852173
660,124,359.5885925292969,40.53504943847656,61.81805419921875,68.23409271240234,0.7607073783874512
660,130,470.5784912109375,42.60472869873047,67.6754150390625,52.79203796386719,0.6132288575172424
660,134,568.3341674804688,15.615708351135254,101.134521484375,42.785213470458984,0.8544005751609802
660,139,363.0611572265625,39.751338958740234,55.289031982421875,69.25868225097656,0.4953962564468384
661,124,357.32220458984375,42.277408599853516,62.444091796875,69.96151733398438,0.3596206307411194
661,130,468.6885986328125,45.37247085571289,67.88995361328125,53.9575309753418,0.6630600690841675
661,134,570.2926025390625,16.41598129272461,99.89776611328125,44.260009765625,0.8045442700386047
661,139,360.32977294921875,43.53358840942383,55.54962158203125,69.6461181640625,0.5823836326599121
662,130,467.4927062988281,47.4389762878418,66.74954223632812,54.015743255615234,0.7123982906341553
662,134,571.9066162109375,18.424945831298828,97.85064697265625,45.40117263793945,0.7578366994857788
662,139,358.31878662109375,46.675724029541016,54.8348388671875,68.69685363769531,0.7299174070358276
663,130,466.2676086425781,50.415401458740234,65.54867553710938,53.85087966918945,0.6942917704582214
663,134,574.4161987304688,20.992475509643555,93.76519775390625,45.43114471435547,0.764434814453125
663,139,354.7926025390625,48.80503845214844,56.60791015625,70.97188568115234,0.7095473408699036
664,130,464.83245849609375,53.04389953613281,65.5771484375,54.739463806152344,0.6839750409126282
664,134,575.7672119140625,23.47676658630371,91.86187744140625,46.470863342285156,0.7438005805015564
664,139,351.2842712402344,51.34846115112305,58.102203369140625,72.89112854003906,0.5864590406417847
665,130,463.9315490722656,55.98175048828125,65.69845581054688,55.544700622558594,0.7393169403076172
665,134,577.879150390625,25.681379318237305,89.6590576171875,47.280029296875,0.766990065574646
665,139,348.7381896972656,53.32539367675781,59.47662353515625,74.67259979248047,0.5493447780609131
665,124,346.6604309082031,52.87309265136719,65.08917236328125,73.99776458740234,0.3354567289352417
666,130,462.8737487792969,58.89670944213867,65.51620483398438,55.97548294067383,0.7215958833694458
666,134,579.5811157226562,27.63665008544922,87.8719482421875,48.20176696777344,0.795580267906189
667,130,460.7709045410156,61.60690689086914,67.37033081054688,58.516544342041016,0.7291370630264282
667,134,581.50634765625,30.39946937561035,86.04693603515625,49.00457763671875,0.7546998262405396
667,124,340.9417419433594,59.22357940673828,65.430908203125,74.9673080444336,0.6307122707366943
668,130,459.1990661621094,64.50585174560547,67.83609008789062,59.74794006347656,0.866539478302002
668,134,583.0714721679688,32.69208526611328,84.88177490234375,50.10382843017578,0.7988095879554749
668,140,338.5350036621094,61.52661895751953,62.491241455078125,76.77083587646484,0.39197057485580444
668,124,337.0745849609375,61.44695281982422,67.02633666992188,77.80809783935547,0.39546406269073486
669,130,458.01763916015625,67.17738342285156,68.0379638671875,60.72905731201172,0.8726192116737366
669,134,585.4510498046875,35.123634338378906,83.7821044921875,51.04485321044922,0.7913033962249756
669,140,333.0315856933594,64.40084838867188,65.74993896484375,80.87702941894531,0.5101061463356018
669,124,333.33935546875,64.37793731689453,68.0625,79.9570083618164,0.3474408984184265
670,130,456.2535400390625,70.68423461914062,68.05206298828125,61.310516357421875,0.7688083052635193
670,134,587.5697631835938,37.3135986328125,82.51922607421875,51.76422882080078,0.820995032787323
671,130,454.60601806640625,73.3420181274414,68.6444091796875,62.49181365966797,0.7029121518135071
671,134,588.2044677734375,39.721336364746094,82.78216552734375,53.575538635253906,0.7398850321769714
671,124,325.9776306152344,71.19717407226562,68.02877807617188,79.95378112792969,0.7266708016395569
672,130,452.48968505859375,76.48951721191406,70.20574951171875,64.67959594726562,0.6444600820541382
672,134,589.6365356445312,43.1442756652832,81.3216552734375,54.20839309692383,0.775485634803772
672,124,322.2609558105469,73.52570343017578,70.60122680664062,83.56029510498047,0.5834493041038513
673,130,451.2298889160156,80.60686492919922,70.17245483398438,65.24198150634766,0.6808186769485474
673,134,590.6278686523438,45.764976501464844,80.36614990234375,55.20648193359375,0.7753032445907593
673,124,318.7268981933594,77.27667999267578,70.98391723632812,84.27954864501953,0.6666169762611389
674,130,449.7008361816406,83.73085021972656,70.80245971679688,66.40936279296875,0.7350003719329834
674,134,592.0632934570312,48.85007095336914,79.47650146484375,55.99568557739258,0.6539379954338074
674,124,315.06622314453125,81.19877624511719,72.51931762695312,86.55349731445312,0.6287885904312134
675,130,449.03753662109375,87.286865234375,70.290283203125,66.27012634277344,0.6895385980606079
675,134,593.8470458984375,52.29197311401367,78.50738525390625,56.70359420776367,0.6833796501159668
675,124,311.594482421875,84.39363098144531,73.82290649414062,88.57804870605469,0.43256282806396484
676,130,446.3929748535156,90.620361328125,72.68606567382812,69.21247863769531,0.6693023443222046
676,134,595.961181640625,55.88086700439453,77.00384521484375,56.89966583251953,0.7413693070411682
676,124,306.8028259277344,88.54036712646484,73.87445068359375,88.67357635498047,0.35302338004112244
677,130,443.1798400878906,94.31678009033203,75.27377319335938,72.4116439819336,0.6703705787658691
677,134,597.5521850585938,59.1583366394043,77.25457763671875,58.375972747802734,0.6780655384063721
677,124,301.40911865234375,92.68978881835938,75.38998413085938,90.84420776367188,0.5316584706306458
678,130,440.7934875488281,97.97915649414062,77.28030395507812,75.07485961914062,0.7068430185317993
678,134,599.2352905273438,62.8928337097168,76.7552490234375,59.1265983581543,0.6969248652458191
678,124,297.29888916015625,96.99420166015625,76.1966552734375,91.74383544921875,0.6204107403755188
679,130,439.3904113769531,102.3799819946289,77.04025268554688,75.23676300048828,0.6739096641540527
679,134,600.4061889648438,66.6763916015625,75.66864013671875,59.34624481201172,0.7195351123809814
679,124,290.32745361328125,101.37403869628906,77.35516357421875,92.43447875976562,0.5752292275428772
680,130,437.69769287109375,106.64043426513672,78.15826416015625,76.83521270751953,0.7097603678703308
680,134,600.9408569335938,69.72183990478516,76.91534423828125,61.39862823486328,0.6984787583351135
680,124,283.5429992675781,105.2986068725586,80.94488525390625,96.42029571533203,0.6965702176094055
681,130,435.5643615722656,110.91011047363281,80.01895141601562,79.05416870117188,0.672245979309082
681,134,601.4131469726562,73.43468475341797,77.5684814453125,62.770164489746094,0.7391854524612427
681,124,279.8240966796875,109.62799835205078,82.08584594726562,97.3826675415039,0.670368492603302
682,130,432.34173583984375,115.41747283935547,81.650146484375,81.06250762939453,0.6453689932823181
682,134,602.2260131835938,77.29524993896484,78.66864013671875,64.69953155517578,0.8137069940567017
682,124,274.75506591796875,114.06208038330078,84.832275390625,100.75170135498047,0.7199063301086426
683,130,430.0147705078125,120.23629760742188,81.24307250976562,80.87748718261719,0.6269862055778503
683,134,603.52880859375,81.58165740966797,79.26287841796875,66.0653305053711,0.8234850764274597
683,124,269.80926513671875,119.0950927734375,85.50851440429688,101.39372253417969,0.6615433096885681
684,130,427.071044921875,125.11670684814453,82.61383056640625,82.72061920166016,0.7524256706237793
684,134,605.1072998046875,85.5326919555664,79.66632080078125,67.17577362060547,0.8299263715744019
684,124,264.33380126953125,123.62181854248047,87.94595336914062,104.00678253173828,0.7569223046302795
685,130,424.4837951660156,130.2521514892578,83.61749267578125,84.35011291503906,0.6291847229003906
685,134,605.635009765625,89.52118682861328,81.13861083984375,69.22150421142578,0.8127565979957581
685,124,257.2171936035156,128.35400390625,91.16885375976562,107.70687866210938,0.7319761514663696
686,130,422.4314270019531,135.0456085205078,83.96258544921875,84.99534606933594,0.638588547706604
686,134,606.111328125,93.72542572021484,82.9351806640625,71.84558868408203,0.7575345039367676
686,124,250.34994506835938,133.5520477294922,92.764892578125,109.63960266113281,0.6460586786270142
687,130,418.29339599609375,140.78482055664062,86.14938354492188,87.81275939941406,0.7693822979927063
687,134,607.5324096679688,98.41722106933594,82.86163330078125,72.46220397949219,0.7962886095046997
687,124,242.50205993652344,137.99168395996094,96.27870178222656,113.99476623535156,0.7650806903839111
688,130,415.16156005859375,146.328369140625,88.31353759765625,90.42997741699219,0.6554773449897766
688,134,608.7053833007812,103.33070373535156,83.36297607421875,73.60888671875,0.7517622113227844
688,124,234.6774444580078,142.73074340820312,99.71217346191406,118.3529052734375,0.714961051940918
689,130,412.8521728515625,152.15135192871094,89.27362060546875,91.67091369628906,0.678398072719574
689,134,609.3654174804688,107.19808959960938,86.796142578125,77.43171691894531,0.7615019679069519
689,124,226.7684783935547,150.19273376464844,101.74137878417969,121.02586364746094,0.7642064690589905
690,130,408.74261474609375,158.1214599609375,91.82742309570312,94.48646545410156,0.7846360206604004
690,134,611.3255615234375,113.25752258300781,87.40069580078125,78.53895568847656,0.7514223456382751
690,124,219.31512451171875,157.22024536132812,103.133056640625,122.42529296875,0.7595535516738892
691,130,404.703857421875,164.42434692382812,94.57681274414062,97.64712524414062,0.8349499702453613
691,134,612.1303100585938,118.91239929199219,88.8856201171875,80.49822998046875,0.8070601224899292
691,124,210.32217407226562,163.61380004882812,106.38455200195312,126.13235473632812,0.74408358335495
692,130,400.9378967285156,170.37066650390625,97.67510986328125,101.28201293945312,0.8576517105102539
692,134,613.69970703125,125.02483367919922,90.77374267578125,83.02938079833984,0.7887526154518127
692,124,201.37969970703125,170.7352752685547,109.35546875,129.59425354003906,0.7260454893112183
693,130,396.5622253417969,176.9033203125,100.715576171875,105.05133056640625,0.8230176568031311
693,134,613.660888671875,130.54327392578125,93.1578369140625,85.86541748046875,0.7147855162620544
693,124,192.22787475585938,177.68521118164062,113.6341552734375,134.78494262695312,0.5400830507278442
694,130,391.8638916015625,184.2288055419922,103.10476684570312,107.95024108886719,0.7811984419822693
694,134,614.11865234375,136.28509521484375,95.96807861328125,89.13945007324219,0.7779884934425354
694,124,182.7466583251953,184.9268035888672,117.63218688964844,139.64695739746094,0.7141382694244385
695,130,387.4027099609375,191.7533721923828,105.83981323242188,111.27253723144531,0.8242405652999878
695,134,614.7996826171875,143.1821746826172,98.61810302734375,92.06011962890625,0.7975666522979736
695,124,171.62261962890625,192.4276580810547,121.27359008789062,144.2107696533203,0.6480133533477783
696,130,380.7626037597656,199.59959411621094,110.08877563476562,116.10939025878906,0.7965761423110962
696,134,616.7569580078125,150.05426025390625,101.32672119140625,94.95143127441406,0.8109232187271118
696,124,160.873291015625,201.6505889892578,124.08261108398438,147.29652404785156,0.755298376083374
697,130,375.1826171875,207.4635009765625,115.04977416992188,121.84405517578125,0.8773608207702637
697,134,617.38232421875,156.6561279296875,105.34429931640625,99.37460327148438,0.8156573176383972
697,124,147.72825622558594,210.0476531982422,129.3215789794922,153.4357147216797,0.7511422634124756
698,130,370.33734130859375,215.246337890625,119.079833984375,126.89736938476562,0.8687386512756348
698,134,618.787353515625,164.72291564941406,107.82781982421875,102.35487365722656,0.8416146636009216
698,124,135.47329711914062,218.7967987060547,134.14065551757812,158.98707580566406,0.7630862593650818
699,130,365.235595703125,224.27488708496094,122.59466552734375,131.4539031982422,0.8602160811424255
699,134,620.0239868164062,172.5946044921875,111.90545654296875,107.19668579101562,0.832463800907135
699,124,121.75615692138672,228.25088500976562,139.67221069335938,165.41976928710938,0.5554514527320862
700,130,359.6787414550781,234.4324951171875,126.24087524414062,135.85211181640625,0.8318500518798828
700,134,620.9533081054688,181.04446411132812,115.70245361328125,111.62191772460938,0.7860556244850159
700,124,104.0438232421875,238.89073181152344,145.13800048828125,170.4698944091797,0.5159650444984436
701,130,353.3416748046875,243.7237548828125,132.42791748046875,143.03909301757812,0.8308596014976501
701,134,622.2176513671875,189.91148376464844,120.5609130859375,117.24107360839844,0.7910419702529907
701,124,89.20307159423828,249.44906616210938,154.21945190429688,179.56069946289062,0.6443145275115967
702,130,347.0257873535156,254.07240295410156,136.72525024414062,148.3072967529297,0.7785976529121399
702,134,624.0940551757812,199.4908905029297,124.37713623046875,121.93354797363281,0.7943059802055359
703,130,339.9478454589844,264.3397216796875,143.50930786132812,156.42678833007812,0.7517070770263672
703,134,624.9229736328125,209.0378875732422,129.71600341796875,128.3555145263672,0.8106077909469604
703,124,54.24290466308594,273.54998779296875,168.57125854492188,196.39657592773438,0.32761093974113464
704,130,329.3269958496094,274.6217041015625,149.98757934570312,165.0322265625,0.8162438869476318
704,134,625.323974609375,218.03619384765625,136.36627197265625,136.4110107421875,0.7750855088233948
705,130,318.7679748535156,284.7818603515625,157.9278564453125,176.12527465820312,0.6929829716682434
705,134,626.3333129882812,228.94638061523438,142.97064208984375,144.40481567382812,0.81703782081604
706,130,308.86602783203125,298.6655578613281,163.82156372070312,184.94705200195312,0.7532563209533691
706,134,626.9191284179688,240.22796630859375,149.151611328125,152.03073120117188,0.8134073615074158
707,130,298.74334716796875,312.13116455078125,171.3365478515625,195.72348022460938,0.7436337471008301
707,134,628.29638671875,252.14059448242188,157.24420166015625,162.1441650390625,0.7798051238059998
707,146,536.00048828125,13.98275375366211,49.4013671875,21.627887725830078,0.41726312041282654
707,124,1.224850058555603,331.103759765625,172.9134521484375,201.88043212890625,0.38743793964385986
708,130,289.3110656738281,327.2958984375,176.46450805664062,203.58599853515625,0.7623357772827148
708,134,628.944091796875,264.05633544921875,166.1912841796875,173.42935180664062,0.7328118681907654
708,146,535.1410522460938,14.998371124267578,52.613037109375,23.112560272216797,0.37109190225601196
709,130,283.5530090332031,341.89251708984375,172.40817260742188,198.10748291015625,0.7567376494407654
709,134,631.4046020507812,277.93682861328125,174.96832275390625,185.36343383789062,0.6996251344680786
709,146,533.3789672851562,14.644844055175781,58.09796142578125,25.711708068847656,0.6160312294960022
710,130,279.9955749511719,358.0149230957031,163.73651123046875,181.98507690429688,0.6226605772972107
710,134,633.5999145507812,292.93304443359375,183.8450927734375,197.72451782226562,0.7296317219734192
710,146,532.3639526367188,14.537128448486328,61.23712158203125,27.40308380126953,0.6084838509559631
711,130,279.4721984863281,376.4682922363281,152.06192016601562,163.53170776367188,0.7374221086502075
711,134,636.1406860351562,308.4343566894531,194.71820068359375,212.59768676757812,0.6780778169631958
711,146,531.0065307617188,14.544593811035156,64.31097412109375,29.20159149169922,0.6024163365364075
712,130,278.0610656738281,394.98858642578125,140.92630004882812,145.01141357421875,0.5717577338218689
712,134,645.3892822265625,325.87322998046875,192.657958984375,211.502685546875,0.5608641505241394
712,146,528.9766845703125,14.177566528320312,68.1993408203125,31.56308364868164,0.6757221817970276
713,130,282.6030578613281,416.37109375,126.73715209960938,123.62890625,0.5354039669036865
713,134,659.027587890625,344.3941955566406,182.95440673828125,195.60580444335938,0.39931535720825195
713,146,526.5564575195312,13.87704086303711,72.3155517578125,34.2585334777832,0.6992666125297546
714,130,288.62030029296875,438.9935302734375,109.85379028320312,101.0064697265625,0.4469369053840637
714,134,673.8298950195312,365.5610656738281,168.2943115234375,174.43893432617188,0.6692816615104675
714,146,526.8836669921875,14.513442993164062,70.163818359375,33.984153747558594,0.6555492281913757
715,130,295.39739990234375,464.28741455078125,91.52304077148438,75.71258544921875,0.4510417580604553
715,134,687.064208984375,388.9053649902344,151.79168701171875,151.09463500976562,0.5013096332550049
715,146,525.1710815429688,14.802821159362793,73.5167236328125,36.58448028564453,0.6991547346115112
716,134,698.0287475585938,414.0767822265625,134.62689208984375,125.9232177734375,0.5129241943359375
716,146,524.4572143554688,14.752392768859863,75.787841796875,38.976802825927734,0.6269578337669373
717,134,710.874755859375,442.33331298828125,113.6513671875,97.66668701171875,0.3605387210845947
717,146,525.49169921875,15.73851203918457,72.284912109375,38.32063293457031,0.5741093754768372
718,146,524.7255249023438,17.828441619873047,75.1412353515625,41.14171600341797,0.5892797112464905
719,146,525.07568359375,19.75410270690918,74.8975830078125,42.323020935058594,0.601703941822052
720,146,527.044189453125,22.63884735107422,70.72784423828125,41.15401077270508,0.6122532486915588
721,146,527.53369140625,24.861478805541992,69.9051513671875,41.87549591064453,0.5376497507095337
722,146,526.7078247070312,27.041547775268555,69.61114501953125,42.91627502441406,0.5455084443092346
723,146,524.7026977539062,29.638702392578125,72.3052978515625,45.909568786621094,0.6091595888137817
724,146,525.5699462890625,31.964826583862305,72.1336669921875,47.20082092285156,0.5864157676696777
725,146,528.2792358398438,34.69190216064453,69.18096923828125,46.31031036376953,0.5717673301696777
726,146,526.8270263671875,37.45913314819336,70.26019287109375,47.913639068603516,0.6503890156745911
727,146,526.8046264648438,39.735511779785156,70.67364501953125,49.21775817871094,0.6425251364707947
728,146,528.7999877929688,42.53408432006836,68.2894287109375,48.52570724487305,0.5604782104492188
729,146,528.8343505859375,44.51363754272461,68.931640625,50.1685676574707,0.46069028973579407
730,146,528.745361328125,48.57807159423828,69.0841064453125,51.30120849609375,0.6797608733177185
731,146,529.7762451171875,51.00892639160156,67.644287109375,51.06773376464844,0.6787953972816467
732,146,528.5506591796875,53.998958587646484,71.33026123046875,55.12210464477539,0.6856874823570251
733,146,527.986328125,55.99340057373047,72.70574951171875,57.45426940917969,0.7177416086196899
734,146,530.6305541992188,60.48271942138672,68.58856201171875,54.99340057373047,0.6918720006942749
735,146,529.4969482421875,63.610660552978516,70.430419921875,57.60245132446289,0.6745259165763855
736,146,528.4468383789062,66.7295913696289,72.54742431640625,60.473358154296875,0.6975257992744446
737,146,529.56396484375,70.6341323852539,71.50482177734375,60.533363342285156,0.596703052520752
738,146,528.3305053710938,73.87145233154297,74.44976806640625,64.1447525024414,0.6064889430999756
739,146,528.6629638671875,77.52010345458984,73.3643798828125,64.11682891845703,0.7124502658843994
739,148,524.93505859375,13.050627708435059,40.03076171875,19.486549377441406,0.44485512375831604
740,146,526.2283325195312,80.5121078491211,77.736328125,69.36637115478516,0.7716246247291565
740,148,524.6897583007812,13.536054611206055,40.93170166015625,19.94386100769043,0.4729233384132385
741,146,527.5131225585938,84.78324127197266,75.16839599609375,67.99752044677734,0.6936563849449158
741,148,524.4893798828125,14.132121086120605,40.517578125,19.753833770751953,0.4203146994113922
742,146,528.178466796875,87.85908508300781,73.47125244140625,67.1405029296875,0.5908096432685852
742,148,524.1917724609375,14.222574234008789,41.870361328125,20.448549270629883,0.43892842531204224
743,146,527.9005126953125,91.82670593261719,74.56903076171875,68.93441772460938,0.6240615844726562
743,148,523.523681640625,14.168713569641113,43.629638671875,21.389049530029297,0.5759775042533875
744,146,526.6691284179688,96.84539031982422,76.77496337890625,71.98094940185547,0.6694796681404114
744,148,521.354248046875,14.288357734680176,47.829345703125,23.692119598388672,0.4921376407146454
745,146,525.8543090820312,101.36759948730469,77.8831787109375,73.69793701171875,0.7332045435905457
745,148,519.1782836914062,14.58265209197998,53.0198974609375,26.676979064941406,0.5194265842437744
746,146,525.4008178710938,105.68299102783203,78.51904296875,75.27790069580078,0.6266542673110962
746,148,518.29833984375,15.009699821472168,55.0284423828125,28.130367279052734,0.5902707576751709
747,146,524.3653564453125,110.6107177734375,80.94964599609375,78.58432006835938,0.6657285094261169
747,148,517.3614501953125,14.97230052947998,57.36236572265625,29.872962951660156,0.6210227608680725
748,146,522.7517700195312,115.08828735351562,82.8790283203125,81.61492919921875,0.6924610137939453
748,148,516.1236572265625,15.648497581481934,60.3231201171875,32.11614227294922,0.5165632963180542
749,146,522.3502807617188,120.79792022705078,83.6851806640625,83.29517364501953,0.6379297375679016
749,148,514.6915893554688,15.55668830871582,63.31494140625,34.562278747558594,0.6877233982086182
750,146,521.787109375,126.3700180053711,84.04364013671875,84.4028549194336,0.7248105406761169
750,148,512.5237426757812,14.679780960083008,68.1822509765625,38.320831298828125,0.8031865954399109
751,146,520.7618408203125,131.6204833984375,87.05572509765625,88.53738403320312,0.7001293301582336
751,148,512.2823486328125,14.33818244934082,69.27313232421875,40.101417541503906,0.7986872792243958
752,146,520.0384521484375,138.60269165039062,88.69866943359375,91.17250061035156,0.7622896432876587
752,148,513.1620483398438,14.337386131286621,68.2208251953125,40.67317199707031,0.7887457609176636
753,146,518.9468383789062,145.4432830810547,91.12310791015625,94.69023132324219,0.7495601773262024
753,148,512.9978637695312,14.818235397338867,68.75189208984375,42.26056671142578,0.8069813847541809
754,146,518.4443969726562,151.3713836669922,91.27044677734375,95.56916809082031,0.7340351939201355
754,148,512.9991455078125,15.71731948852539,68.90203857421875,43.6218376159668,0.7339664697647095
755,146,516.1340942382812,157.19131469726562,95.56890869140625,101.09268188476562,0.7629358768463135
755,148,512.640869140625,16.738908767700195,69.64288330078125,45.48753356933594,0.7649982571601868
756,146,515.3490600585938,166.15338134765625,95.41552734375,101.53842163085938,0.8161394596099854
756,148,512.5850219726562,17.926862716674805,70.18548583984375,47.215843200683594,0.7583858966827393
757,146,513.1433715820312,173.3408966064453,98.878173828125,106.26890563964844,0.8127700686454773
757,148,513.8660278320312,20.547395706176758,67.6712646484375,46.69490051269531,0.7347588539123535
758,146,512.0643920898438,180.35069274902344,101.17144775390625,109.79664611816406,0.8158038258552551
758,148,514.1826171875,23.012178421020508,67.9251708984375,48.13787841796875,0.7038260698318481
759,146,510.76287841796875,189.3042449951172,103.82470703125,113.72279357910156,0.7454065084457397
759,148,513.6314697265625,24.245250701904297,68.1778564453125,49.64156723022461,0.7383084297180176
760,146,509.80645751953125,197.93504333496094,105.60858154296875,116.50260925292969,0.7806626558303833
760,148,513.2570190429688,26.270238876342773,68.69580078125,51.37110137939453,0.7329609990119934
761,146,507.968505859375,207.9860382080078,108.5198974609375,120.49205017089844,0.7944974303245544
761,148,514.1441040039062,28.95629119873047,67.32562255859375,51.490745544433594,0.7500724792480469
762,146,505.0166015625,216.57237243652344,113.79656982421875,127.59962463378906,0.8028722405433655
762,148,515.2149047851562,31.66852569580078,65.56951904296875,51.141387939453125,0.7486358284950256
763,146,502.32379150390625,227.4278564453125,117.5635986328125,133.04220581054688,0.8030799627304077
763,148,515.2537841796875,33.73356246948242,66.2347412109375,52.80605697631836,0.7882034182548523
764,146,499.1646423339844,238.73605346679688,122.11166381835938,139.58837890625,0.7283101677894592
764,148,514.6558837890625,34.776668548583984,67.8134765625,55.36758041381836,0.764859676361084
765,146,496.2467346191406,250.7969512939453,127.50436401367188,147.39854431152344,0.724727988243103
765,148,515.8365478515625,37.248844146728516,65.802734375,54.66877365112305,0.7618329524993896
766,146,492.5333557128906,262.0595703125,133.99868774414062,156.9417724609375,0.7289934754371643
766,148,515.5252075195312,39.70144271850586,66.931884765625,56.76066970825195,0.694666862487793
767,146,489.3148193359375,275.7243347167969,140.4844970703125,166.6124267578125,0.7626861929893494
767,148,515.0983276367188,41.49343490600586,67.91278076171875,58.82888412475586,0.7000676393508911
768,146,484.0716552734375,287.85052490234375,148.53289794921875,178.9373779296875,0.7757642269134521
768,148,515.8948364257812,43.985496520996094,66.99407958984375,59.06605529785156,0.6312866806983948
769,146,478.9724426269531,300.7627868652344,157.83779907226562,193.5223388671875,0.775521993637085
769,148,516.2704467773438,46.35652160644531,67.08306884765625,60.06349182128906,0.7284249067306519
770,146,474.06634521484375,315.2409362792969,167.33428955078125,209.22781372070312,0.7474656105041504
770,148,515.7866821289062,49.24490737915039,68.01922607421875,61.82358169555664,0.7198092341423035
771,146,474.9450988769531,332.0295715332031,163.00369262695312,205.78433227539062,0.6373061537742615
771,148,516.6163330078125,52.3628044128418,67.71405029296875,62.39694595336914,0.6512235999107361
772,146,477.9834899902344,347.4585876464844,155.44436645507812,192.54141235351562,0.5808829069137573
772,148,516.6592407226562,54.4959716796875,67.68853759765625,63.02849578857422,0.7050614953041077
773,146,483.83343505859375,368.21820068359375,142.60260009765625,171.78179931640625,0.6510061025619507
773,148,514.0014038085938,56.315059661865234,71.819580078125,67.96662902832031,0.6922650337219238
774,146,490.4620361328125,390.0194091796875,129.46368408203125,149.9805908203125,0.6154605746269226
774,148,514.4136962890625,59.512779235839844,70.8607177734375,67.71028900146484,0.6910735964775085
775,146,497.47772216796875,414.04833984375,114.19390869140625,125.95166015625,0.37697136402130127
775,148,514.457275390625,62.29191970825195,71.5384521484375,69.12806701660156,0.7433568835258484
776,148,514.5950317382812,66.71488952636719,71.90704345703125,70.11466979980469,0.8201729655265808
777,148,515.4322509765625,70.57244110107422,70.67706298828125,69.34741973876953,0.7468475103378296
778,148,514.489501953125,74.5903549194336,73.2149658203125,72.59171295166016,0.7401683330535889
779,148,514.48193359375,77.75017547607422,72.67620849609375,72.54366302490234,0.7470785975456238
780,148,514.4754638671875,81.64256286621094,72.25006103515625,72.37806701660156,0.7244107127189636
781,148,513.3765869140625,85.49315643310547,74.96673583984375,75.76107025146484,0.7658566832542419
782,148,511.32269287109375,90.10961151123047,77.840087890625,79.19403839111328,0.7344189286231995
783,148,509.81732177734375,94.10760498046875,79.6956787109375,81.56036376953125,0.7598416805267334
784,148,508.0311279296875,97.12043762207031,82.7047119140625,85.18745422363281,0.772667407989502
785,148,507.7913818359375,101.45646667480469,82.80877685546875,85.64048767089844,0.6893219947814941
786,148,506.85394287109375,105.56979370117188,86.22100830078125,89.95515441894531,0.7308787107467651
787,148,507.5723876953125,110.3077392578125,85.66180419921875,89.85136413574219,0.7362306118011475
788,148,507.9833068847656,115.8782958984375,86.15664672851562,90.91229248046875,0.7555549144744873
789,148,506.9734191894531,120.66864013671875,89.61007690429688,95.37405395507812,0.7761234045028687
790,148,506.6200256347656,125.561279296875,91.45553588867188,98.11520385742188,0.7543683052062988
791,148,505.8591003417969,131.55743408203125,93.68801879882812,101.51344299316406,0.7703954577445984
792,148,505.9805908203125,138.5100555419922,94.26959228515625,102.9322509765625,0.8196187019348145
793,148,506.0696716308594,144.62741088867188,94.00576782226562,103.19354248046875,0.7650064826011658
794,148,503.9175109863281,149.57835388183594,97.37973022460938,107.56227111816406,0.7716946601867676
795,148,501.0054016113281,154.06826782226562,103.23348999023438,115.25927734375,0.8113898038864136
796,148,499.50726318359375,160.5718231201172,106.0545654296875,119.39518737792969,0.8142678141593933
797,148,498.5614318847656,169.04283142089844,107.74740600585938,121.94847106933594,0.8422789573669434
798,148,497.717529296875,176.83819580078125,110.27740478515625,125.68222045898438,0.7375539541244507
799,148,496.37762451171875,184.58087158203125,113.55517578125,130.26568603515625,0.8456974029541016
800,148,494.3950500488281,192.78456115722656,116.63894653320312,134.6158905029297,0.8396349549293518
801,148,492.0117492675781,201.31539916992188,120.97457885742188,140.486328125,0.8208621740341187
802,148,490.4196472167969,210.41122436523438,124.98928833007812,146.161865234375,0.8109187483787537
803,148,488.393310546875,220.41473388671875,129.3812255859375,152.36724853515625,0.7778664231300354
804,148,486.10040283203125,231.0521697998047,134.40643310546875,159.65733337402344,0.8002480864524841
805,148,483.7196044921875,241.2897186279297,140.8624267578125,168.85804748535156,0.7932364344596863
806,148,480.0190124511719,252.83526611328125,147.21408081054688,177.8768310546875,0.8038155436515808
807,148,476.3374328613281,264.6219177246094,154.61868286132812,188.93124389648438,0.6047634482383728
808,148,473.20721435546875,278.62457275390625,160.47357177734375,198.32879638671875,0.5713844895362854
809,148,469.4445495605469,292.38299560546875,167.68618774414062,209.86834716796875,0.7123451828956604
810,148,467.30743408203125,308.1256103515625,173.52154541015625,219.6287841796875,0.6152199506759644
810,150,518.3077392578125,14.794821739196777,43.49359130859375,21.109973907470703,0.4547206461429596
811,148,470.2618103027344,325.8265380859375,168.44076538085938,213.04248046875,0.7035920023918152
811,150,516.7097778320312,14.780797004699707,47.01312255859375,22.880382537841797,0.6768988370895386
812,148,475.9374084472656,343.316650390625,158.93106079101562,196.683349609375,0.6123254895210266
812,150,514.7785034179688,14.77925968170166,51.454833984375,25.191516876220703,0.6858240962028503
813,148,480.7425231933594,363.5828857421875,148.30270385742188,176.4171142578125,0.699387788772583
813,150,512.1978149414062,14.410965919494629,55.8701171875,27.6029052734375,0.7726637125015259
814,148,486.5855407714844,384.72174072265625,136.62924194335938,155.27825927734375,0.5807760953903198
814,150,509.42236328125,13.832259178161621,61.4456787109375,30.815284729003906,0.794001042842865
815,148,495.6444091796875,408.2153015136719,125.21234130859375,131.78469848632812,0.6831084489822388
815,150,507.6460266113281,13.45456600189209,65.53530883789062,33.509788513183594,0.7848812341690063
816,148,501.116943359375,434.2126770019531,109.1380615234375,105.78732299804688,0.5237091183662415
816,150,506.9588317871094,13.886194229125977,67.43307495117188,35.2154541015625,0.8057465553283691
817,150,505.90313720703125,14.364789009094238,70.30133056640625,37.68284606933594,0.8445031046867371
818,150,505.92864990234375,15.755975723266602,70.156494140625,38.601051330566406,0.8483700156211853
819,150,504.7384033203125,16.651329040527344,71.9671630859375,40.75545883178711,0.863438069820404
820,150,505.0054626464844,18.301651000976562,71.67526245117188,41.795162200927734,0.8513844013214111
821,150,505.0165100097656,20.002098083496094,71.32296752929688,42.81465530395508,0.8491268157958984
822,150,505.8147277832031,22.364463806152344,69.64620971679688,43.016693115234375,0.8205701112747192
823,150,506.51336669921875,24.460590362548828,68.47845458984375,43.49544906616211,0.8208072781562805
824,150,507.1890563964844,27.33095932006836,67.15469360351562,43.81077194213867,0.820826530456543
825,150,506.801025390625,30.71922492980957,67.1927490234375,44.96195983886719,0.8312804102897644
826,150,506.6432189941406,32.834388732910156,67.45492553710938,46.397499084472656,0.8318358659744263
827,150,506.4052734375,34.533477783203125,68.412353515625,48.36285400390625,0.8079653978347778
828,150,506.0225524902344,36.508216857910156,68.39791870117188,49.67292022705078,0.7771983742713928
829,150,507.0641784667969,39.65834426879883,66.46566772460938,49.37224197387695,0.8092631101608276
830,150,507.2613220214844,42.380615234375,65.78103637695312,49.958213806152344,0.7822718620300293
831,150,507.4257507324219,45.65300750732422,65.18649291992188,50.43403625488281,0.802086353302002
832,150,506.44635009765625,47.9604377746582,66.76666259765625,52.81034469604492,0.8026018738746643
833,150,506.9378662109375,51.38052749633789,66.18316650390625,53.339168548583984,0.8007776737213135
834,150,506.75634765625,53.79159164428711,66.51141357421875,54.57424545288086,0.781720757484436
835,150,506.9645690917969,57.30363845825195,65.82113647460938,54.81596755981445,0.7757072448730469
836,150,506.83050537109375,59.97249984741211,66.2069091796875,56.06314468383789,0.7310702204704285
837,150,506.39306640625,64.12596130371094,66.76873779296875,57.433433532714844,0.8215492963790894
838,150,506.04779052734375,67.35643005371094,67.4375,58.90760803222656,0.8924663662910461
839,150,506.8247985839844,71.51529693603516,66.47097778320312,58.70439910888672,0.7793278098106384
840,150,505.93463134765625,75.02133178710938,68.1419677734375,60.97868347167969,0.7106102705001831
841,150,505.4092712402344,79.43486785888672,68.69619750976562,62.158287048339844,0.8031519651412964
842,150,504.64569091796875,83.1827163696289,70.56964111328125,64.81424713134766,0.8107330799102783
843,150,504.3571472167969,86.72159576416016,71.38278198242188,66.37842559814453,0.8159827589988708
844,150,503.68426513671875,90.9571533203125,71.9925537109375,67.61769104003906,0.8080019950866699
845,150,502.2325134277344,94.37384033203125,74.35269165039062,70.53959655761719,0.7554173469543457
846,150,501.447509765625,98.83776092529297,75.3895263671875,72.3093490600586,0.7479062676429749
847,150,501.36407470703125,103.43389892578125,76.399169921875,74.05023193359375,0.8113642930984497
848,150,500.29034423828125,107.93279266357422,78.06304931640625,76.51639556884766,0.8146803379058838
849,150,499.72137451171875,113.54049682617188,79.0086669921875,78.18893432617188,0.7708730101585388
850,150,499.1685791015625,119.04976654052734,80.0003662109375,79.65840911865234,0.7845527529716492
851,150,497.36083984375,123.7448959350586,83.90130615234375,84.48322296142578,0.7752909660339355
852,150,496.3598937988281,129.356201171875,85.25485229492188,86.65235900878906,0.7616991400718689
853,150,495.59393310546875,134.889404296875,87.0960693359375,89.2442626953125,0.8060728311538696
854,150,495.9529724121094,142.59181213378906,87.95669555664062,90.591552734375,0.7735137343406677
855,150,495.2892761230469,149.96751403808594,89.81021118164062,93.0328369140625,0.7594883441925049
856,150,493.81683349609375,156.5137939453125,93.2607421875,97.34843444824219,0.7824729681015015
857,150,493.0048828125,164.89547729492188,95.9249267578125,100.69821166992188,0.8259804844856262
858,150,491.0777587890625,172.3031768798828,98.2939453125,103.97816467285156,0.8064939975738525
859,150,489.4228210449219,179.91468811035156,101.50796508789062,108.07142639160156,0.7989693880081177
860,150,488.6903991699219,189.35226440429688,104.00949096679688,111.24618530273438,0.7519677877426147
861,150,486.33013916015625,197.5955352783203,108.35552978515625,116.99449157714844,0.8437047004699707
862,150,483.67205810546875,207.82423400878906,112.436767578125,122.37553405761719,0.8314886689186096
863,150,480.793212890625,216.50999450683594,117.87225341796875,129.81748962402344,0.7953731417655945
864,150,477.8946228027344,228.80758666992188,122.03524780273438,135.56527709960938,0.7554046511650085
865,150,473.4681701660156,239.96986389160156,128.25314331054688,143.73094177246094,0.735715389251709
866,150,465.52435302734375,253.3777618408203,134.50653076171875,150.8149871826172,0.7017883658409119
867,150,464.19256591796875,265.4745178222656,142.839111328125,162.49188232421875,0.7432073354721069
868,150,461.0385437011719,278.64642333984375,150.43856811523438,173.70272827148438,0.729389488697052
869,150,457.8362731933594,293.0434875488281,158.18484497070312,185.90966796875,0.6728417873382568
870,150,454.59051513671875,310.74481201171875,164.9866943359375,196.60415649414062,0.7047919034957886
871,150,454.2453308105469,328.5597839355469,167.85519409179688,202.55282592773438,0.7329180836677551
872,150,457.30810546875,347.70794677734375,159.96856689453125,192.29205322265625,0.5631659030914307
873,150,462.7708740234375,368.4986267089844,147.92803955078125,171.50137329101562,0.5492165684700012
874,150,470.0566101074219,390.7516174316406,134.48526000976562,149.24838256835938,0.48628100752830505
875,150,477.8087158203125,415.6199035644531,118.70562744140625,124.38009643554688,0.33542972803115845
876,150,487.48602294921875,443.3753662109375,100.73699951171875,96.6246337890625,0.3648725748062134
880,151,476.9312744140625,13.608306884765625,47.14080810546875,25.09585952758789,0.3617938160896301
881,151,478.1434631347656,14.51321029663086,44.754241943359375,23.825645446777344,0.5960272550582886
882,151,477.88726806640625,14.87912368774414,44.8944091796875,23.928638458251953,0.604062557220459
883,151,475.835693359375,14.816831588745117,48.6949462890625,26.085268020629883,0.645672082901001
883,152,605.7254028320312,14.546919822692871,43.66650390625,21.751636505126953,0.39974915981292725
884,151,474.2352294921875,14.629921913146973,52.5938720703125,28.462661743164062,0.759014904499054
884,152,605.0934448242188,14.546551704406738,45.3720703125,22.638351440429688,0.526669442653656
885,151,472.3075866699219,14.284967422485352,56.453277587890625,30.921045303344727,0.8280424475669861
885,152,603.424560546875,14.391036033630371,49.0489501953125,24.568817138671875,0.6181138753890991
886,151,470.5271301269531,14.140960693359375,58.818328857421875,32.72514724731445,0.7935742139816284
886,152,601.583984375,14.0767183303833,53.0889892578125,26.79910659790039,0.6434178948402405
887,151,468.16278076171875,14.40737247467041,62.99371337890625,35.79917907714844,0.8510358929634094
887,152,600.7188720703125,14.223259925842285,56.09771728515625,28.616012573242188,0.6097556352615356
888,151,467.1892395019531,14.88902759552002,64.08987426757812,37.2579460144043,0.8554315567016602
888,152,600.8582763671875,14.739062309265137,57.4957275390625,29.674148559570312,0.6135500073432922
889,151,465.66131591796875,15.328706741333008,65.71551513671875,39.21466064453125,0.842176616191864
889,152,600.2933959960938,14.27546501159668,59.623779296875,31.211515426635742,0.6049312353134155
890,151,464.640625,15.929824829101562,66.991943359375,41.161964416503906,0.8509076237678528
890,152,599.0706176757812,14.382193565368652,62.409912109375,33.30064010620117,0.6265352964401245
891,151,462.9723815917969,16.614160537719727,68.08004760742188,43.00050354003906,0.8602233529090881
891,152,597.6342163085938,14.437284469604492,65.25921630859375,35.66271209716797,0.6371331214904785
892,151,461.55572509765625,17.115646362304688,69.45263671875,45.23880386352539,0.8415648937225342
892,152,596.3418579101562,14.492094993591309,68.15997314453125,38.23231887817383,0.7121209502220154
893,151,460.88885498046875,18.931921005249023,69.034423828125,46.34784698486328,0.794122040271759
893,152,595.3690795898438,14.715677261352539,69.81024169921875,40.241554260253906,0.7455376982688904
893,153,561.8123168945312,13.677716255187988,37.82440185546875,17.847293853759766,0.39170220494270325
894,151,460.50323486328125,21.570356369018555,66.89459228515625,46.122703552246094,0.76630699634552
894,152,594.5148315429688,14.828686714172363,71.12176513671875,42.25242233276367,0.7473349571228027
894,153,559.6500244140625,13.181466102600098,39.2799072265625,18.590091705322266,0.425935834646225
895,151,461.1121520996094,24.765628814697266,64.55447387695312,45.59098434448242,0.8541693687438965
895,152,595.2059936523438,15.242690086364746,69.87042236328125,42.75886535644531,0.7497521638870239
895,153,558.1610717773438,13.10487174987793,41.52001953125,19.75816535949707,0.5212634205818176
896,151,460.7489318847656,26.838104248046875,64.01113891601562,46.3594970703125,0.8437117338180542
896,152,595.8322143554688,15.952847480773926,69.28533935546875,43.6671028137207,0.7129979729652405
896,153,557.48486328125,13.46242904663086,42.76971435546875,20.4964599609375,0.519777238368988
897,151,459.3357849121094,28.988780975341797,64.01968383789062,47.36404800415039,0.8472935557365417
897,152,595.1110229492188,16.644643783569336,71.04168701171875,46.233924865722656,0.693864643573761
897,153,557.9393310546875,13.833106994628906,42.3304443359375,20.399295806884766,0.5397014021873474
898,151,459.2760009765625,30.96314811706543,63.002197265625,47.56487274169922,0.8506932854652405
898,152,594.0933227539062,16.15325355529785,73.10528564453125,49.19141387939453,0.7166818380355835
898,153,557.32470703125,13.967957496643066,43.16107177734375,20.98211669921875,0.5668532848358154
899,151,459.5517578125,34.368099212646484,60.76300048828125,46.632511138916016,0.8051685094833374
899,152,594.67529296875,16.968738555908203,71.94390869140625,49.91946792602539,0.7004876136779785
899,153,555.1378784179688,13.961467742919922,47.218994140625,23.276500701904297,0.6220228672027588
900,151,459.3042907714844,37.84364700317383,58.986480712890625,45.997371673583984,0.8201500773429871
900,152,597.0868530273438,20.890888214111328,68.00848388671875,48.35982131958008,0.7011588215827942
900,153,550.9493408203125,13.897841453552246,55.4024658203125,27.947898864746094,0.5768508911132812
901,151,457.72271728515625,39.814422607421875,61.13494873046875,48.635711669921875,0.8142435550689697
901,152,598.4179077148438,22.89202880859375,66.64404296875,48.509796142578125,0.7180348038673401
901,153,550.3955688476562,14.200940132141113,55.3140869140625,28.50686264038086,0.6461700201034546
902,151,456.53790283203125,41.75986862182617,61.1002197265625,49.48556137084961,0.810105562210083
902,152,598.572509765625,25.55658721923828,65.30279541015625,48.6175537109375,0.7553780674934387
902,153,549.476318359375,14.094778060913086,56.32269287109375,29.7248592376709,0.5952395796775818
903,151,454.19781494140625,43.53719711303711,62.27667236328125,51.20442581176758,0.8494287133216858
903,152,599.0109252929688,27.581308364868164,64.058349609375,48.750022888183594,0.7096955180168152
903,153,548.9895629882812,13.471917152404785,56.811279296875,30.73763656616211,0.5742935538291931
904,151,452.0507507324219,45.992488861083984,63.561187744140625,53.1307487487793,0.8824792504310608
904,152,599.3712768554688,29.236312866210938,63.898193359375,49.81017303466797,0.6924338340759277
904,153,548.1574096679688,13.159345626831055,57.95745849609375,32.23206329345703,0.5749043226242065
905,151,451.27496337890625,49.3557243347168,62.83197021484375,53.10759353637695,0.8725970387458801
905,152,600.3399658203125,30.718120574951172,63.82623291015625,50.72463607788086,0.7232009768486023
905,153,543.6049194335938,13.47657585144043,65.40362548828125,37.67198181152344,0.6624209880828857
906,151,448.78741455078125,51.275264739990234,64.05462646484375,54.54446792602539,0.8554361462593079
906,152,601.9981079101562,33.776363372802734,62.4456787109375,50.42142868041992,0.7240356802940369
906,153,542.9129638671875,13.64565372467041,65.83001708984375,39.125736236572266,0.7607147097587585
906,155,494.3331604003906,12.962458610534668,29.142730712890625,16.840076446533203,0.5000901222229004
907,151,447.6816101074219,53.54912185668945,64.72628784179688,55.73427200317383,0.828096866607666
907,152,602.68408203125,35.97157287597656,61.905029296875,50.67046356201172,0.6561750173568726
907,153,543.1726684570312,14.13775634765625,65.34210205078125,40.129600524902344,0.6935631632804871
907,155,493.01629638671875,13.392990112304688,29.605224609375,17.086578369140625,0.5210311412811279
908,151,446.6978454589844,55.81018829345703,65.0531005859375,56.61546325683594,0.8308025002479553
908,152,603.3540649414062,38.39852523803711,61.11663818359375,50.7099494934082,0.5783205032348633
908,153,543.59716796875,14.590682029724121,63.5277099609375,40.28449249267578,0.7324668169021606
908,155,491.56439208984375,13.634665489196777,31.15020751953125,17.96743392944336,0.5907766819000244
908,156,696.6746215820312,66.12564849853516,42.0201416015625,27.818389892578125,0.38066431879997253
909,151,446.03961181640625,59.04961395263672,64.73428344726562,56.86357116699219,0.7404955625534058
909,152,602.9862060546875,40.11329650878906,61.8751220703125,51.96344757080078,0.5454027652740479
909,153,542.5594482421875,15.01007080078125,63.74395751953125,41.68562698364258,0.7103778123855591
909,155,490.7841491699219,13.835281372070312,31.934906005859375,18.387496948242188,0.5681298971176147
909,156,697.265380859375,66.04060363769531,40.0062255859375,26.467262268066406,0.32128652930259705
910,151,444.4318542480469,61.47702407836914,65.27963256835938,57.85856246948242,0.699720561504364
910,152,603.4297485351562,41.53062438964844,62.48291015625,53.11451721191406,0.5122460722923279
910,153,540.7860107421875,15.62327766418457,65.9046630859375,44.540321350097656,0.6628250479698181
910,155,489.499267578125,14.009065628051758,33.81524658203125,19.476694107055664,0.652655303478241
910,156,697.2298583984375,66.11837768554688,40.43768310546875,26.72801971435547,0.34829282760620117
911,151,440.1890869140625,62.680850982666016,68.89120483398438,61.9531364440918,0.7436891794204712
911,152,602.8847045898438,43.5136604309082,64.1156005859375,55.305179595947266,0.6019240021705627
911,153,539.5001220703125,16.152690887451172,67.19586181640625,46.86888885498047,0.7395479679107666
911,155,488.4225769042969,13.917844772338867,35.257537841796875,20.301218032836914,0.6578295230865479
911,156,697.4078979492188,66.55412292480469,39.38665771484375,25.996482849121094,0.3178934156894684
912,151,439.8829650878906,67.37995910644531,67.54904174804688,61.33119201660156,0.8124666213989258
912,152,603.5880737304688,45.68330001831055,64.318359375,56.27339553833008,0.7341408729553223
912,153,540.1569213867188,18.211225509643555,65.3309326171875,46.901824951171875,0.7444203495979309
912,155,487.0450439453125,14.09226131439209,37.1536865234375,21.427082061767578,0.6273095607757568
912,156,698.112060546875,66.96556854248047,38.551513671875,25.36437225341797,0.29918354749679565
913,151,440.3423767089844,71.959228515625,65.40213012695312,59.66822814941406,0.7713004350662231
913,152,604.9713745117188,47.950748443603516,64.0169677734375,56.69913864135742,0.720866322517395
913,153,542.1205444335938,21.781742095947266,60.0838623046875,44.02156448364258,0.7887672185897827
913,155,485.16357421875,14.312795639038086,40.59967041015625,23.588308334350586,0.6161794066429138
913,156,697.3760986328125,67.10621643066406,40.00311279296875,26.322853088378906,0.3458952307701111
914,151,437.84130859375,74.98875427246094,67.33221435546875,62.088287353515625,0.8082606196403503
914,152,605.6975708007812,50.82326126098633,62.2843017578125,55.69052505493164,0.6689275503158569
914,153,543.394287109375,24.276086807250977,56.8330078125,42.361534118652344,0.7066904306411743
914,155,482.56365966796875,13.781838417053223,44.8026123046875,26.399032592773438,0.6416219472885132
914,156,697.4292602539062,67.39302062988281,40.04925537109375,26.31659698486328,0.25342464447021484
915,151,436.3395690917969,79.02044677734375,68.2666015625,63.80293273925781,0.7757770419120789
915,152,606.6066284179688,53.68271255493164,63.26959228515625,57.18581771850586,0.566860020160675
915,153,542.4694213867188,26.17127799987793,58.024169921875,44.205604553222656,0.7189072966575623
915,155,480.14373779296875,13.015426635742188,48.180419921875,28.953533172607422,0.6285457015037537
916,151,434.445556640625,84.4600830078125,67.79678344726562,63.90000915527344,0.6931541562080383
916,152,606.780517578125,55.81375503540039,63.749267578125,58.128780364990234,0.5094886422157288
916,153,541.8853149414062,27.721704483032227,58.083984375,45.05625915527344,0.6767624020576477
916,155,478.06622314453125,12.833320617675781,50.2178955078125,30.853214263916016,0.5873714089393616
917,151,431.028076171875,87.76486206054688,68.61834716796875,65.28166198730469,0.7221798896789551
917,152,607.5250854492188,58.339515686035156,63.81744384765625,58.599342346191406,0.5974436402320862
917,153,542.1453247070312,29.235721588134766,57.2366943359375,45.08913803100586,0.7458252906799316
917,155,475.4090270996094,12.92624568939209,53.377349853515625,33.61172866821289,0.6356192827224731
918,151,429.0580139160156,90.94832611083984,68.98236083984375,66.04584503173828,0.7150366902351379
918,152,607.100341796875,60.21770095825195,65.7440185546875,60.8703727722168,0.5415000319480896
918,153,542.3674926757812,32.61237716674805,56.024658203125,44.73659896850586,0.8027967810630798
918,155,473.3945617675781,13.304990768432617,56.051971435546875,36.25299835205078,0.7325554490089417
919,151,425.7029724121094,92.73338317871094,72.92507934570312,70.59829711914062,0.6561986804008484
919,152,607.2061157226562,63.395545959472656,67.7664794921875,63.54292297363281,0.7075434327125549
919,153,542.1389770507812,35.27384948730469,56.826416015625,46.08903503417969,0.7909979820251465
919,155,472.6741027832031,14.541712760925293,56.531402587890625,37.42206954956055,0.7076448798179626
920,151,423.58935546875,96.91255950927734,73.0135498046875,71.3320541381836,0.674609899520874
920,152,608.3074340820312,66.7309341430664,66.330322265625,62.661277770996094,0.6690905690193176
920,153,541.95166015625,37.28083038330078,56.77264404296875,46.701995849609375,0.7762115001678467
920,155,471.2232360839844,15.408203125,57.772369384765625,39.244056701660156,0.7011324167251587
921,151,421.2225646972656,102.48955535888672,73.53366088867188,72.3370132446289,0.8023781776428223
921,152,608.6334838867188,69.01322937011719,65.04461669921875,61.73828125,0.6864870190620422
921,153,541.3016357421875,39.12518310546875,57.17108154296875,47.72630310058594,0.7752459049224854
921,155,470.14862060546875,16.055994033813477,58.42889404296875,40.73658752441406,0.7556783556938171
922,151,418.57098388671875,106.16709899902344,75.19525146484375,74.33595275878906,0.8026757836341858
922,152,608.9395141601562,71.9234848022461,68.1568603515625,65.35132598876953,0.6747974157333374
922,153,539.9473266601562,41.295692443847656,58.861572265625,49.948020935058594,0.7558887004852295
922,155,469.516357421875,17.430368423461914,58.42242431640625,41.80265808105469,0.8014172911643982
923,151,415.5526123046875,109.93024444580078,77.62203979492188,77.3490219116211,0.8317142128944397
923,152,610.4923095703125,75.75415802001953,67.2611083984375,64.79976654052734,0.6808116436004639
923,153,538.6660766601562,43.40202331542969,60.61260986328125,52.30400848388672,0.8322258591651917
923,155,468.9712219238281,18.99005699157715,57.844879150390625,42.39502716064453,0.8070669770240784
924,151,412.5302734375,112.56892395019531,80.6219482421875,81.1922607421875,0.7421064376831055
924,152,609.6524047851562,78.51065063476562,69.8045654296875,67.84930419921875,0.5718868374824524
924,153,538.18896484375,46.656734466552734,60.60223388671875,52.895320892333984,0.8541781902313232
924,155,468.1669921875,20.666284561157227,57.74658203125,43.278900146484375,0.7779315114021301
925,151,410.17578125,119.08696746826172,79.85330200195312,81.06949615478516,0.7747992873191833
925,152,612.7298583984375,86.16029357910156,67.32733154296875,65.4498291015625,0.721000611782074
925,153,537.9505615234375,49.54930114746094,59.760986328125,52.61365509033203,0.8222460150718689
925,155,468.10919189453125,23.743104934692383,56.09271240234375,42.883201599121094,0.808357298374176
926,151,406.713134765625,124.74993896484375,81.6282958984375,83.33236694335938,0.6984130144119263
926,152,614.35400390625,87.87301635742188,66.873291015625,64.79344177246094,0.6151472330093384
926,153,537.0868530273438,51.56791305541992,60.14251708984375,53.55573654174805,0.7874771356582642
926,155,466.6343688964844,25.502012252807617,57.292816162109375,44.82074737548828,0.7948773503303528
926,160,552.044677734375,13.03569507598877,42.34674072265625,23.693199157714844,0.32971811294555664
927,151,404.1134948730469,130.31704711914062,80.9349365234375,83.02662658691406,0.7691423296928406
927,152,612.4876098632812,89.70661926269531,71.71929931640625,70.02766418457031,0.5674024820327759
927,153,534.0103759765625,53.89583206176758,64.83099365234375,58.8147087097168,0.6965585350990295
927,155,466.5282897949219,27.69634437561035,55.686065673828125,44.345794677734375,0.7914416790008545
927,160,550.6483154296875,12.863785743713379,44.132080078125,24.74312973022461,0.41530147194862366
928,151,400.7616271972656,135.9653778076172,83.21151733398438,85.96102905273438,0.7709442377090454
928,152,612.0991821289062,92.62046813964844,73.59051513671875,72.32479858398438,0.711357057094574
928,153,533.1458129882812,56.43426513671875,65.68304443359375,60.42310333251953,0.7168777585029602
928,155,465.8060607910156,30.681264877319336,55.256134033203125,44.68206787109375,0.7940123081207275
928,160,547.8764038085938,12.850248336791992,48.59722900390625,27.389562606811523,0.4870093762874603
929,151,397.1083068847656,140.93128967285156,84.78472900390625,87.78414916992188,0.7803477048873901
929,152,611.8963012695312,94.96121978759766,75.81024169921875,74.96927642822266,0.6918253898620605
929,153,531.4951171875,60.25935363769531,68.146728515625,63.910850524902344,0.6353664994239807
929,155,464.98199462890625,32.79174041748047,55.3349609375,45.463470458984375,0.7529076337814331
929,160,547.0067749023438,12.967317581176758,49.45623779296875,28.054513931274414,0.5116422772407532
930,151,394.36578369140625,146.54757690429688,85.65335083007812,88.75398254394531,0.8203956484794617
930,152,611.421875,97.86880493164062,78.328125,77.77244567871094,0.6708033680915833
930,153,530.5701293945312,62.751338958740234,68.67852783203125,65.36843872070312,0.6062792539596558
930,155,464.0086975097656,35.14969253540039,54.888031005859375,45.74625778198242,0.7742621898651123
930,160,545.4989624023438,13.1663179397583,51.29254150390625,29.35129165649414,0.6526445150375366
931,151,390.08673095703125,151.7691192626953,90.0262451171875,93.81968688964844,0.7503675818443298
931,152,612.37109375,102.12541961669922,78.3719482421875,78.09191131591797,0.6284610629081726
931,153,531.01806640625,65.85758972167969,67.166259765625,64.54505920410156,0.7456961870193481
931,155,462.5420227050781,37.78502655029297,54.368743896484375,45.91984558105469,0.7722144722938538
931,160,545.1536254882812,13.802074432373047,51.56573486328125,29.798297882080078,0.562698483467102
932,151,385.46807861328125,156.7799072265625,91.558349609375,95.72537231445312,0.7327029705047607
932,152,612.0185546875,105.52115631103516,80.48675537109375,80.67137908935547,0.5460545420646667
932,153,532.0418701171875,69.50377655029297,64.3837890625,62.057884216308594,0.7090248465538025
932,155,461.7057800292969,39.38386917114258,53.999908447265625,46.177127838134766,0.7574686408042908
932,160,544.68701171875,13.82776165008545,52.88800048828125,30.892547607421875,0.5121669769287109
933,151,382.88507080078125,165.4955596923828,91.04315185546875,94.78581237792969,0.7932041883468628
933,152,613.4974365234375,109.72874450683594,81.68524169921875,82.03349304199219,0.654064416885376
933,153,530.228759765625,72.69123840332031,67.5206298828125,65.99089050292969,0.6825739741325378
933,155,460.87884521484375,42.32474899291992,52.66851806640625,45.28072738647461,0.7115399837493896
933,160,544.9608154296875,13.75314712524414,52.51171875,31.04119873046875,0.5752112865447998
934,151,378.78936767578125,171.955810546875,94.09597778320312,98.00680541992188,0.8402295112609863
934,152,614.5763549804688,114.13125610351562,82.36346435546875,82.97825622558594,0.5641641616821289
934,153,530.530517578125,74.5757827758789,66.4031982421875,65.39014434814453,0.7073758840560913
934,155,459.0845031738281,43.786136627197266,54.099090576171875,47.12911605834961,0.6997829675674438
934,160,542.8137817382812,13.736249923706055,56.0968017578125,33.77294921875,0.49545183777809143
935,151,372.43109130859375,178.37974548339844,98.25881958007812,102.47953796386719,0.8825481534004211
935,152,615.8941650390625,118.84559631347656,82.23095703125,82.86198425292969,0.615990161895752
935,153,529.8154907226562,77.79920196533203,67.8997802734375,67.41207122802734,0.747418999671936
935,155,457.5860290527344,47.26367950439453,54.970367431640625,48.38795471191406,0.757457971572876
935,160,539.0469970703125,13.561787605285645,63.5814208984375,39.29152297973633,0.4443433880805969
936,151,366.7450866699219,185.83595275878906,102.08218383789062,106.80699157714844,0.8181488513946533
936,152,617.3372802734375,123.70924377441406,83.82073974609375,84.83842468261719,0.7082910537719727
936,153,528.9863891601562,82.47644805908203,67.634033203125,67.4361343383789,0.7815287113189697
936,155,456.1536560058594,49.6451416015625,56.591583251953125,50.29723358154297,0.7278385162353516
936,160,538.007080078125,13.978449821472168,65.017333984375,41.19671630859375,0.6318264007568359
937,151,361.10357666015625,193.7840118408203,104.3128662109375,109.06578063964844,0.8205177783966064
937,152,617.700439453125,128.4514923095703,85.70391845703125,87.02748107910156,0.6891213655471802
937,153,528.8595581054688,86.12068939208984,65.81005859375,65.52977752685547,0.6647643446922302
937,155,453.51190185546875,51.52470016479492,59.240478515625,53.20810317993164,0.7922458648681641
937,160,537.492431640625,14.377883911132812,64.2991943359375,41.86550521850586,0.6678992509841919
938,151,355.2434997558594,202.2046661376953,108.19094848632812,113.33403015136719,0.8224407434463501
938,152,617.7394409179688,132.51278686523438,87.66619873046875,89.01612854003906,0.7381178736686707
938,153,526.4544067382812,89.85388946533203,71.03118896484375,71.42967987060547,0.6861538290977478
938,155,452.38751220703125,54.03042221069336,59.181884765625,53.5604133605957,0.7674649357795715
938,160,537.2408447265625,14.998744010925293,63.29498291015625,42.33897399902344,0.6489346623420715
939,151,348.65057373046875,211.36341857910156,110.78353881835938,115.87196350097656,0.8412899971008301
939,152,619.4603881835938,138.33485412597656,89.684326171875,91.50961303710938,0.6233027577400208
939,153,527.3057861328125,93.57752227783203,69.43634033203125,69.90196990966797,0.7039278149604797
939,155,451.1612243652344,56.53667449951172,59.247802734375,54.058135986328125,0.7913663983345032
939,160,537.709228515625,15.567753791809082,61.60601806640625,42.29674530029297,0.6025506854057312
940,151,341.7126159667969,221.09268188476562,116.43936157226562,122.13250732421875,0.7922565937042236
940,152,620.649169921875,144.50665283203125,91.525390625,93.77922058105469,0.6824660301208496
940,153,523.66015625,97.4334487915039,74.85980224609375,76.3484878540039,0.7297167778015137
940,155,449.6094970703125,60.295928955078125,58.208404541015625,53.46276092529297,0.7705152034759521
940,160,536.3319091796875,16.230838775634766,63.5443115234375,44.9930534362793,0.510840892791748
940,161,422.93389892578125,12.658088684082031,41.368377685546875,19.00084686279297,0.45385512709617615
941,151,333.8446044921875,231.00497436523438,121.28207397460938,127.4454345703125,0.8459745049476624
941,152,619.9060668945312,149.52471923828125,94.2833251953125,97.04232788085938,0.6888514161109924
941,153,518.87646484375,101.36445617675781,82.90826416015625,86.35247802734375,0.7173484563827515
941,155,447.09991455078125,63.24904251098633,60.13006591796875,55.88265609741211,0.7632588148117065
941,160,534.689208984375,17.14716911315918,65.216796875,47.5352783203125,0.5740270614624023
941,161,422.6094055175781,13.808219909667969,40.883270263671875,18.79570770263672,0.38701680302619934
942,151,326.7022705078125,240.72950744628906,125.71658325195312,132.4811248779297,0.8397482633590698
942,152,621.9540405273438,155.62286376953125,96.689697265625,99.84896850585938,0.6424283385276794
942,153,517.5512084960938,106.44817352294922,84.9329833984375,90.1145248413086,0.698740541934967
942,155,444.7552185058594,66.01241302490234,60.802764892578125,56.92756652832031,0.7507093548774719
942,160,534.7474975585938,18.553125381469727,63.90155029296875,47.83477783203125,0.6005169749259949
942,161,419.74139404296875,14.190156936645508,44.468292236328125,20.504976272583008,0.5458803772926331
943,151,318.4396057128906,252.51242065429688,130.192138671875,137.51535034179688,0.8482341170310974
943,152,622.2669677734375,161.6883544921875,99.1197509765625,102.61569213867188,0.7750677466392517
943,153,517.4346923828125,111.06219482421875,84.184326171875,90.64036560058594,0.6942621469497681
943,155,443.9924621582031,69.92062377929688,60.01739501953125,56.39508056640625,0.7291640043258667
943,160,535.7530517578125,20.934627532958984,60.7835693359375,46.53817367553711,0.5241618156433105
943,161,415.8800354003906,13.911433219909668,50.357818603515625,23.384376525878906,0.5987762808799744
944,151,309.19122314453125,263.6149597167969,135.81021118164062,143.820556640625,0.8453183770179749
944,152,623.3005981445312,168.14073181152344,101.85211181640625,106.14576721191406,0.7084710597991943
944,153,517.4872436523438,116.04167938232422,83.27288818359375,90.72530364990234,0.7638279795646667
944,155,442.5828552246094,73.67061614990234,61.02471923828125,57.50829315185547,0.7467858195304871
944,160,534.3698120117188,23.299842834472656,63.2689208984375,49.554359436035156,0.5839158296585083
944,161,412.42578125,13.93187141418457,55.829833984375,26.185483932495117,0.7232842445373535
945,151,299.29656982421875,276.0951843261719,142.03060913085938,150.79489135742188,0.8068703413009644
945,152,625.1199951171875,175.104736328125,103.03289794921875,107.91537475585938,0.764347493648529
945,153,515.9857788085938,120.4832534790039,85.81683349609375,94.8608627319336,0.7069661021232605
945,155,440.74896240234375,76.9468994140625,60.78704833984375,57.39598083496094,0.6860385537147522
945,160,532.4973754882812,25.295204162597656,65.4144287109375,52.691246032714844,0.5428104996681213
945,161,409.7262878417969,13.943930625915527,59.472747802734375,28.238994598388672,0.7220379114151001
946,151,288.8802490234375,289.7348937988281,148.99234008789062,158.5284423828125,0.8227117657661438
946,152,624.7711791992188,182.57420349121094,106.86932373046875,112.35310363769531,0.7298954129219055
946,153,517.8489379882812,125.5147705078125,80.04254150390625,88.39117431640625,0.8094964027404785
946,155,438.9342346191406,80.90496826171875,60.514007568359375,57.082366943359375,0.7045924663543701
946,160,533.2649536132812,27.997716903686523,62.99456787109375,51.78241729736328,0.5849254131317139
946,161,407.06292724609375,14.086698532104492,62.537017822265625,30.134241104125977,0.6913819909095764
947,151,278.2463073730469,305.30572509765625,154.4732666015625,164.62161254882812,0.8937904834747314
947,152,624.701171875,189.73831176757812,110.35296630859375,116.61221313476562,0.7996614575386047
947,153,517.7542724609375,130.85353088378906,78.77728271484375,86.85752868652344,0.8226114511489868
947,155,434.46600341796875,84.8107681274414,64.1505126953125,60.985740661621094,0.6593848466873169
947,160,533.5764770507812,30.90580940246582,61.65277099609375,51.643409729003906,0.538068413734436
947,161,405.0534362792969,14.52017879486084,63.6767578125,31.138675689697266,0.6716974973678589
948,151,264.703857421875,319.8735046386719,163.04144287109375,174.23226928710938,0.9193385243415833
948,152,625.2890625,195.67111206054688,113.626220703125,120.59451293945312,0.8437984585762024
948,153,513.5680541992188,136.5605010986328,85.73699951171875,95.4378662109375,0.8067898750305176
948,155,431.4988098144531,89.1800765991211,64.3623046875,61.37688446044922,0.7018557786941528
948,160,533.5651245117188,34.552730560302734,60.45526123046875,51.429508209228516,0.5904868245124817
948,161,402.5332336425781,14.211585998535156,65.71817016601562,32.69906997680664,0.6475662589073181
949,151,248.5198974609375,334.7822265625,178.48443603515625,192.45037841796875,0.7065397500991821
949,152,626.6759643554688,203.337890625,116.43756103515625,124.14590454101562,0.7744041681289673
949,153,514.5921630859375,143.29811096191406,82.6629638671875,91.82330322265625,0.786377489566803
949,155,428.92449951171875,92.83931732177734,66.50177001953125,63.77532196044922,0.5493818521499634
949,160,533.40234375,37.34781265258789,60.3052978515625,52.05171585083008,0.6338514685630798
949,161,398.7759094238281,13.791913986206055,71.23028564453125,36.33331298828125,0.6650343537330627
950,151,240.22018432617188,351.30322265625,175.111328125,187.7421875,0.4228236973285675
950,152,627.0144653320312,212.24789428710938,120.16943359375,128.7420654296875,0.7538577318191528
950,153,511.4967041015625,147.93728637695312,85.52899169921875,95.21835327148438,0.7922095656394958
950,155,426.1989440917969,97.28441619873047,68.69607543945312,66.42044830322266,0.6626719832420349
950,160,532.9631958007812,38.69927215576172,59.47222900390625,52.16089630126953,0.5993078947067261
950,161,395.8581848144531,13.53605842590332,74.98321533203125,39.269203186035156,0.7076585292816162
951,151,236.6570281982422,368.71453857421875,164.90086364746094,171.28546142578125,0.5474820137023926
951,152,627.4237060546875,220.11277770996094,125.1259765625,134.8933868408203,0.7705514430999756
951,153,509.41094970703125,154.73573303222656,88.2374267578125,98.40638732910156,0.8315522074699402
951,155,423.9233703613281,100.72045135498047,69.61376953125,67.6703872680664,0.684529721736908
951,160,533.6985473632812,41.513832092285156,58.44232177734375,51.68279266357422,0.5116100907325745
951,161,393.8137512207031,13.414080619812012,77.41571044921875,41.719390869140625,0.806927502155304
952,151,235.01148986816406,387.8804626464844,151.8157196044922,152.11953735351562,0.8169406652450562
952,152,627.3009643554688,229.78536987304688,130.3319091796875,141.29336547851562,0.7959195971488953
952,153,507.313232421875,161.15830993652344,91.4677734375,102.37178039550781,0.8364793658256531
952,155,421.4157409667969,104.25139617919922,70.70599365234375,68.87676239013672,0.7841862440109253
952,160,530.6040649414062,43.77684783935547,63.191650390625,57.07765197753906,0.5382141470909119
952,161,391.7652587890625,13.502001762390137,79.2886962890625,43.959163665771484,0.7696767449378967
953,151,234.13058471679688,408.5851135253906,138.00384521484375,131.41488647460938,0.8267339468002319
953,152,630.1923217773438,240.69537353515625,133.5626220703125,145.38967895507812,0.7612044215202332
953,153,505.25653076171875,168.49432373046875,94.04217529296875,105.63397216796875,0.8125929832458496
953,155,418.2956848144531,107.67498779296875,73.28033447265625,71.65245056152344,0.771229088306427
953,160,529.8706665039062,47.979122161865234,62.9537353515625,57.68398666381836,0.5141344666481018
953,161,389.909912109375,13.427141189575195,79.8485107421875,45.626220703125,0.7202696800231934
954,151,237.21995544433594,431.6016540527344,122.45716857910156,108.39834594726562,0.7231504321098328
954,152,630.4494018554688,250.5824432373047,138.89459228515625,151.7465362548828,0.7328084707260132
954,153,502.18792724609375,174.9984588623047,97.6939697265625,110.09382629394531,0.7659889459609985
954,155,415.0731506347656,111.61094665527344,75.29803466796875,74.0452880859375,0.8051629662513733
954,160,530.8209228515625,50.04463577270508,60.32177734375,55.68850326538086,0.6746812462806702
954,161,387.757080078125,13.738869667053223,80.96163940429688,47.69401931762695,0.8182100057601929
955,151,241.33193969726562,456.47625732421875,102.38851928710938,83.52374267578125,0.6588675379753113
955,152,630.906494140625,260.35467529296875,147.387939453125,162.28564453125,0.637051522731781
955,153,499.434326171875,183.09457397460938,100.5355224609375,113.50509643554688,0.80829918384552
955,155,410.59002685546875,115.85517883300781,78.00543212890625,77.45863342285156,0.6625171303749084
955,160,529.9248657226562,53.37266159057617,60.66204833984375,56.51308059692383,0.5929651260375977
955,161,385.29254150390625,14.290903091430664,81.52545166015625,49.509925842285156,0.844452440738678
955,164,519.9130249023438,13.039649963378906,39.1959228515625,15.300594329833984,0.39063358306884766
956,151,248.0163116455078,485.3697814941406,78.45518493652344,54.630218505859375,0.488295316696167
956,152,631.7898559570312,270.9416198730469,154.01812744140625,170.88034057617188,0.7186418175697327
956,153,496.4810485839844,189.83995056152344,105.40402221679688,119.60334777832031,0.8237563371658325
956,155,408.1064758300781,122.07250213623047,78.93899536132812,78.56876373291016,0.7430617213249207
956,160,528.4827270507812,55.8593635559082,63.64337158203125,60.178348541259766,0.5871258974075317
956,161,383.9650573730469,15.26815414428711,81.02056884765625,50.61726760864258,0.8067906498908997
956,164,519.5691528320312,13.507774353027344,39.19183349609375,15.289888381958008,0.49477025866508484
957,152,633.689453125,281.5818786621094,160.261962890625,179.07080078125,0.7330940961837769
957,153,492.79644775390625,198.39637756347656,110.17962646484375,125.91615295410156,0.8477493524551392
957,155,404.233154296875,128.7122802734375,80.88601684570312,80.66267395019531,0.6994867920875549
957,160,529.8576049804688,59.984458923339844,60.40008544921875,57.25157165527344,0.5584866404533386
957,161,382.69586181640625,16.22954559326172,80.46875,51.770790100097656,0.7411847710609436
957,164,518.8092041015625,13.51689338684082,42.356689453125,16.54896354675293,0.4331408739089966
958,152,635.4358520507812,295.8150329589844,167.64569091796875,188.76956176757812,0.8953210711479187
958,153,491.14447021484375,207.67962646484375,112.40997314453125,129.20138549804688,0.8431574702262878
958,155,401.00994873046875,135.28025817871094,82.536865234375,82.47129821777344,0.731183648109436
958,160,528.1339111328125,62.719383239746094,62.2816162109375,59.69078063964844,0.5152347683906555
958,161,382.4134216308594,19.00986671447754,78.03631591796875,51.62644958496094,0.700446367263794
958,164,517.5844116210938,13.385977745056152,46.09332275390625,18.107078552246094,0.45989924669265747
959,152,636.3538818359375,309.4430847167969,176.9527587890625,201.34542846679688,0.858136773109436
959,153,487.7502746582031,216.47454833984375,116.50997924804688,134.44512939453125,0.8603516817092896
959,155,397.5102844238281,141.16175842285156,83.9312744140625,84.00491333007812,0.7740328907966614
959,160,526.3671264648438,65.64669036865234,65.4638671875,63.563026428222656,0.6918432712554932
959,161,380.01324462890625,21.63042640686035,78.39730834960938,53.42121124267578,0.7076525092124939
959,164,517.369384765625,13.475534439086914,46.51849365234375,18.381336212158203,0.4757913053035736
960,152,640.3505859375,323.7447204589844,181.955078125,208.66262817382812,0.61036616563797
960,153,483.64935302734375,226.1231231689453,120.68511962890625,140.0602264404297,0.8042477369308472
960,155,394.4190368652344,147.1905059814453,84.69012451171875,84.72232055664062,0.7830932140350342
960,160,527.4238891601562,68.07676696777344,62.8162841796875,60.97175598144531,0.8108879923820496
960,161,377.55078125,23.181062698364258,78.44113159179688,55.044776916503906,0.6276976466178894
960,164,517.0077514648438,13.756278991699219,47.76544189453125,19.041179656982422,0.5202768445014954
961,152,648.927490234375,338.8251037597656,176.51910400390625,201.17489624023438,0.631584107875824
961,153,480.5626525878906,237.29229736328125,124.43179321289062,145.36785888671875,0.8053551316261292
961,155,389.3863220214844,152.44187927246094,89.0845947265625,89.46366882324219,0.7075929641723633
961,160,526.39111328125,71.91618347167969,63.7161865234375,62.085845947265625,0.601952314376831
961,161,376.085205078125,24.981260299682617,77.53140258789062,55.86058044433594,0.7276918888092041
961,164,515.1973876953125,13.819413185119629,52.9442138671875,21.46530532836914,0.5052021145820618
962,152,661.0609741210938,355.3038024902344,166.99078369140625,184.69619750976562,0.6203889846801758
962,153,476.1649475097656,248.39805603027344,129.82162475585938,152.8037567138672,0.7873810529708862
962,155,385.1312561035156,159.39886474609375,90.992919921875,91.38102722167969,0.8459218144416809
962,160,525.1915283203125,74.7113265991211,65.634765625,64.34151458740234,0.7315662503242493
962,161,375.9070129394531,27.302576065063477,75.72274780273438,55.72509002685547,0.7231042385101318
962,164,514.3084716796875,13.82778549194336,56.4051513671875,23.307655334472656,0.564972996711731
963,152,671.4591064453125,372.0434265136719,156.4151611328125,167.95657348632812,0.5134183168411255
963,153,471.4239196777344,259.9082336425781,135.96249389648438,161.01937866210938,0.8518031239509583
963,155,379.9986572265625,167.56781005859375,93.6259765625,94.08816528320312,0.824738085269928
963,160,526.3239135742188,78.0510482788086,62.51336669921875,60.971412658691406,0.6956869959831238
963,161,374.677490234375,30.313064575195312,74.71792602539062,56.11493682861328,0.7375268340110779
963,164,513.0498657226562,13.683188438415527,59.87127685546875,25.318870544433594,0.6411771178245544
964,152,681.2542114257812,390.4059143066406,144.1845703125,149.59408569335938,0.6761980056762695
964,153,467.69952392578125,272.7525939941406,141.974609375,169.5517578125,0.7986202239990234
964,155,375.181640625,174.69296264648438,96.3177490234375,96.90118408203125,0.8343088030815125
964,160,524.2787475585938,82.1080322265625,67.184326171875,66.04043579101562,0.6068805456161499
964,161,373.59454345703125,32.96231460571289,73.71282958984375,56.51845932006836,0.7426801919937134
964,164,511.9898376464844,14.121259689331055,62.269805908203125,27.01170539855957,0.5903239846229553
965,152,691.2947387695312,410.62921142578125,131.63995361328125,129.37078857421875,0.5742394924163818
965,153,463.44073486328125,285.46942138671875,149.510009765625,180.59994506835938,0.8402739763259888
965,155,368.7177429199219,181.33538818359375,101.588623046875,102.8668212890625,0.6930890679359436
965,160,524.3244018554688,85.31683349609375,65.10797119140625,63.93525695800781,0.7137705087661743
965,161,371.7215881347656,35.10470962524414,74.06643676757812,57.88429641723633,0.7159329652786255
965,164,511.8285827636719,14.497410774230957,63.059967041015625,28.0498046875,0.6040595769882202
966,152,701.2685546875,434.0238952636719,115.221923828125,105.97610473632812,0.33016297221183777
966,153,458.8674621582031,299.9200439453125,156.05239868164062,190.75900268554688,0.7891773581504822
966,155,362.9822692871094,190.18869018554688,102.68429565429688,104.2178955078125,0.6641605496406555
966,160,523.53955078125,89.68912506103516,64.74957275390625,63.563209533691406,0.5530791282653809
966,161,368.5304870605469,37.02616882324219,75.10946655273438,59.621803283691406,0.6791024208068848
966,164,511.8345947265625,14.543801307678223,63.7119140625,29.06975555419922,0.6051632165908813
967,153,453.1462097167969,314.5329284667969,165.33529663085938,204.65158081054688,0.7330368161201477
967,155,356.57550048828125,197.9009246826172,108.06103515625,110.24656677246094,0.6382222175598145
967,160,522.1212768554688,93.5854721069336,66.8741455078125,65.65621185302734,0.7367976903915405
967,161,365.7259826660156,39.780887603759766,75.52322387695312,60.947017669677734,0.7032569646835327
967,164,511.7919921875,14.284443855285645,64.5548095703125,30.25890350341797,0.6317443251609802
968,153,451.59747314453125,331.18096923828125,164.75482177734375,204.8150634765625,0.6174868941307068
968,155,349.40283203125,205.86126708984375,112.997802734375,115.92568969726562,0.7879500389099121
968,160,518.62841796875,97.31671142578125,72.308837890625,71.89921569824219,0.5767021775245667
968,161,364.1152648925781,41.97355270385742,75.30056762695312,61.60892868041992,0.6983521580696106
968,164,510.86407470703125,13.945476531982422,67.694091796875,32.768394470214844,0.5870685577392578
969,153,453.3490295410156,349.26666259765625,157.13809204101562,190.73333740234375,0.5455223917961121
969,155,343.40814208984375,215.09263610839844,116.69400024414062,120.24302673339844,0.4830653667449951
969,160,518.013427734375,101.65573120117188,72.48895263671875,72.30374145507812,0.7504439949989319
969,161,362.12451171875,44.576595306396484,74.86166381835938,61.950496673583984,0.7209118008613586
969,164,509.5978698730469,13.928255081176758,71.63302612304688,35.947975158691406,0.7351060509681702
970,153,454.8580627441406,367.9645080566406,146.84024047851562,172.03549194335938,0.6243962049484253
970,155,335.43768310546875,224.81748962402344,120.55288696289062,124.73506164550781,0.60123211145401
970,160,512.9640502929688,106.17513275146484,81.7230224609375,83.20146942138672,0.6377434134483337
970,161,358.405517578125,47.14908218383789,76.33441162109375,63.82096481323242,0.6284826993942261
970,164,509.17535400390625,13.42598819732666,74.5489501953125,38.95149612426758,0.7692052125930786
971,153,462.4265441894531,388.64117431640625,135.30014038085938,151.35882568359375,0.6327226161956787
971,155,327.9835205078125,236.3837127685547,124.61798095703125,129.5471649169922,0.7447941303253174
971,160,512.5288696289062,110.48434448242188,81.54974365234375,83.82438659667969,0.7144386172294617
971,161,355.98052978515625,49.86806106567383,76.26678466796875,64.46794128417969,0.6902524828910828
971,164,509.0588684082031,12.88510513305664,76.49166870117188,41.59730911254883,0.8285405039787292
972,153,468.59783935546875,411.73248291015625,120.435302734375,128.26751708984375,0.7423303723335266
972,155,320.3360900878906,247.1643524169922,128.6839599609375,134.4403533935547,0.6348717212677002
972,160,509.9902648925781,115.22915649414062,85.95327758789062,89.689208984375,0.667875349521637
972,161,352.9293518066406,51.6213264465332,77.62625122070312,66.35527038574219,0.7507417798042297
972,164,511.1276550292969,13.524284362792969,73.27420043945312,41.28950500488281,0.7850238680839539
973,153,476.71392822265625,438.0320739746094,103.31536865234375,101.96792602539062,0.6822670102119446
973,155,310.9825134277344,258.537109375,133.7005615234375,140.24166870117188,0.6277765035629272
973,160,507.3770751953125,120.4589614868164,90.02471923828125,95.61554718017578,0.6951684951782227
973,161,348.9241638183594,54.18588638305664,79.64602661132812,69.04774475097656,0.7783308029174805
973,164,512.7954711914062,14.205413818359375,70.256591796875,40.8709716796875,0.7457974553108215
973,167,505.8051452636719,12.442483901977539,24.966278076171875,16.28095054626465,0.37868231534957886
973,168,424.6351318359375,12.295183181762695,36.90850830078125,13.63255500793457,0.39715883135795593
974,153,485.1524353027344,466.409912109375,83.89254760742188,73.590087890625,0.5888891220092773
974,155,300.582763671875,269.33013916015625,141.77572631835938,149.76126098632812,0.8198867440223694
974,160,508.4237976074219,125.25099182128906,86.61898803710938,92.62702941894531,0.7312270998954773
974,161,346.6620788574219,57.54493713378906,79.521484375,69.46721649169922,0.7300862073898315
974,164,513.3848876953125,14.340414047241211,70.52313232421875,42.423927307128906,0.7480285167694092
974,167,504.6351318359375,13.139896392822266,26.6036376953125,17.360671997070312,0.3499630391597748
974,168,419.31414794921875,11.970683097839355,43.244415283203125,16.034481048583984,0.5595728158950806
975,155,289.79864501953125,280.95660400390625,149.6959228515625,159.4046630859375,0.6716750264167786
975,160,505.1925048828125,130.19668579101562,92.101806640625,100.07460021972656,0.6966965794563293
975,161,344.6056213378906,61.06148910522461,78.834228515625,69.23004150390625,0.7070733308792114
975,164,512.7911987304688,14.795085906982422,72.2420654296875,44.948631286621094,0.7563444972038269
975,167,503.50006103515625,13.194842338562012,30.0567626953125,19.647533416748047,0.426617830991745
975,168,416.5278625488281,12.116900444030762,46.11737060546875,17.196056365966797,0.5602707862854004
976,155,278.9465637207031,296.1661071777344,155.65231323242188,166.7720947265625,0.7343763113021851
976,160,507.8729248046875,135.7189483642578,85.76007080078125,92.92465209960938,0.7508543729782104
976,161,340.4513854980469,63.3773307800293,81.13348388671875,71.91453552246094,0.775524914264679
976,164,511.93536376953125,15.636245727539062,74.24017333984375,47.928829193115234,0.7265129685401917
976,167,503.15203857421875,13.509139060974121,31.70184326171875,20.727188110351562,0.4877651333808899
976,168,414.5991516113281,12.524897575378418,48.801849365234375,18.358116149902344,0.5496457815170288
977,155,266.0271911621094,311.0712890625,164.57345581054688,177.47885131835938,0.7397370934486389
977,160,504.49859619140625,142.8053436279297,89.55975341796875,98.16487121582031,0.6949914693832397
977,161,337.79443359375,67.57018280029297,79.92120361328125,70.9387435913086,0.6781117916107178
977,164,511.55810546875,16.13421630859375,75.546630859375,50.630531311035156,0.7694312930107117
977,167,503.7735900878906,13.947029113769531,32.286895751953125,21.002201080322266,0.5123730897903442
977,168,412.6165466308594,13.141037940979004,50.930572509765625,19.359745025634766,0.5760669112205505
978,155,251.76454162597656,324.9462585449219,175.00648498535156,190.50045776367188,0.5295758247375488
978,160,499.9268798828125,147.96746826171875,97.057861328125,108.1231689453125,0.6791558265686035
978,161,333.239990234375,70.52462768554688,82.18914794921875,73.33053588867188,0.42396894097328186
978,164,513.563232421875,17.00601577758789,73.03076171875,50.5256233215332,0.6201128959655762
978,167,503.1552429199219,14.814976692199707,34.048614501953125,22.05234146118164,0.46773582696914673
978,168,410.7386169433594,13.704745292663574,52.999114990234375,20.423751831054688,0.535245954990387
979,155,241.37136840820312,342.77764892578125,175.57882690429688,191.0159912109375,0.7241069674491882
979,160,502.7052001953125,153.73716735839844,90.04058837890625,99.83383178710938,0.7785509824752808
979,161,329.3890075683594,74.05847930908203,83.7635498046875,75.09088897705078,0.6923261880874634
979,164,512.6582641601562,19.025718688964844,75.2122802734375,53.93379211425781,0.6726564168930054
979,167,503.1187744140625,15.373945236206055,36.080810546875,23.24884605407715,0.5721731185913086
979,168,408.88153076171875,14.375540733337402,54.1260986328125,21.165878295898438,0.5561816096305847
980,155,234.56126403808594,360.03680419921875,169.4086456298828,179.96319580078125,0.639824390411377
980,160,502.369384765625,159.9396514892578,88.97479248046875,98.56593322753906,0.7378646731376648
980,161,326.11297607421875,77.61148071289062,83.84817504882812,75.3314208984375,0.6675207018852234
980,164,512.491455078125,20.678695678710938,75.017578125,55.59313201904297,0.7064517736434937
980,167,501.3314514160156,15.266079902648926,39.288177490234375,25.354232788085938,0.5795939564704895
980,168,404.95831298828125,14.862883567810059,58.60693359375,23.382526397705078,0.5982344746589661
981,155,232.435302734375,378.6651611328125,158.79971313476562,161.3348388671875,0.6796045303344727
981,160,502.2984619140625,167.94573974609375,88.30047607421875,97.38925170898438,0.8243083953857422
981,161,322.15234375,80.4538803100586,85.90005493164062,77.53038787841797,0.7077158689498901
981,164,512.7477416992188,22.35671043395996,74.3218994140625,56.777015686035156,0.7632899880409241
981,167,499.19781494140625,14.885943412780762,43.36956787109375,28.033710479736328,0.6117865443229675
981,168,402.94189453125,15.322265625,60.39617919921875,24.57463836669922,0.6404140591621399
982,155,233.89329528808594,400.5860290527344,143.4989776611328,139.41397094726562,0.7387563586235046
982,160,500.3735046386719,174.84127807617188,90.52426147460938,99.52288818359375,0.8240559101104736
982,161,317.1813659667969,83.05692291259766,88.6884765625,80.48303985595703,0.652393639087677
982,164,513.7252197265625,23.830547332763672,72.8446044921875,57.15189743041992,0.7923235297203064
982,167,497.3580627441406,14.622591972351074,46.895416259765625,30.49822235107422,0.5777192115783691
982,168,400.5029296875,15.12967300415039,63.385040283203125,26.422576904296875,0.7282518744468689
983,155,234.08056640625,423.6995544433594,127.27420043945312,116.30044555664062,0.6879172921180725
983,160,497.9103698730469,182.11111450195312,93.31106567382812,102.57476806640625,0.7976598143577576
983,161,312.3921203613281,87.01528930664062,90.50936889648438,82.33854675292969,0.7694166302680969
983,164,515.3228149414062,25.6783447265625,70.24102783203125,56.35438537597656,0.7125123739242554
983,167,495.4284973144531,14.634175300598145,48.622650146484375,31.95587158203125,0.5143926739692688
983,168,396.5941162109375,14.0624361038208,68.43341064453125,29.3822021484375,0.6885442733764648
984,155,238.13731384277344,448.5331726074219,107.62925720214844,91.46682739257812,0.7313436269760132
984,160,495.89971923828125,190.46969604492188,96.2845458984375,105.66705322265625,0.7606155872344971
984,161,307.073974609375,90.11347961425781,93.31124877929688,85.46910095214844,0.7020605206489563
984,164,515.5238647460938,27.708541870117188,70.32177734375,57.906044006347656,0.8046123385429382
984,167,493.2886962890625,13.918542861938477,51.4599609375,34.404747009277344,0.5409456491470337
984,168,393.216064453125,13.200793266296387,72.10308837890625,31.971729278564453,0.7152785658836365
985,155,240.46876525878906,474.23455810546875,87.12980651855469,65.76544189453125,0.6839631199836731
985,160,492.81085205078125,198.20956420898438,100.1312255859375,109.7513427734375,0.7502110600471497
985,161,302.3688049316406,94.05448913574219,94.73089599609375,87.17784118652344,0.6410923600196838
985,164,516.5706176757812,30.003032684326172,68.91204833984375,57.85286331176758,0.8697234392166138
985,167,491.7398681640625,13.442323684692383,53.46490478515625,36.40043640136719,0.6221439242362976
985,168,391.3746032714844,12.82583999633789,72.89138793945312,33.44416427612305,0.7288870215415955
986,160,489.6541442871094,207.14735412597656,104.20596313476562,113.98976135253906,0.7792173027992249
986,161,297.9327697753906,97.82415008544922,95.6148681640625,88.4247817993164,0.7294028997421265
986,164,516.7703247070312,31.41156005859375,69.16180419921875,59.20465087890625,0.8578886985778809
986,167,490.78076171875,13.664658546447754,54.64166259765625,37.87775802612305,0.6336987614631653
986,168,388.68701171875,12.935663223266602,76.18075561523438,36.26625061035156,0.7102054953575134
987,160,486.2767639160156,216.78366088867188,108.02645874023438,118.0992431640625,0.8176431059837341
987,161,292.0977783203125,102.0506362915039,99.10650634765625,92.22801971435547,0.7427888512611389
987,164,517.4659423828125,33.658206939697266,68.10247802734375,59.33218765258789,0.8359828591346741
987,167,489.4731750488281,13.731330871582031,55.093109130859375,38.95320129394531,0.6351476907730103
987,168,386.1805725097656,13.515655517578125,77.78744506835938,38.41072463989258,0.8107168674468994
988,160,483.8609313964844,225.77247619628906,112.46157836914062,123.36137390136719,0.7941857576370239
988,161,286.6976013183594,106.58763122558594,100.18701171875,93.44398498535156,0.7897605299949646
988,164,517.5787353515625,35.97477340698242,68.374755859375,60.7086067199707,0.7408309578895569
988,167,488.3071594238281,14.588250160217285,55.120574951171875,39.66691589355469,0.6591131687164307
988,168,385.4955139160156,14.516999244689941,76.14810180664062,38.93042755126953,0.8387894034385681
989,160,480.16650390625,237.0465545654297,115.786376953125,127.21376037597656,0.7767808437347412
989,161,280.7068176269531,111.91162109375,101.57818603515625,94.64579772949219,0.7993651032447815
989,164,518.6718139648438,38.523521423339844,67.32305908203125,60.79295349121094,0.7733121514320374
989,167,486.86016845703125,15.5319242477417,55.7535400390625,40.83030319213867,0.7419766783714294
989,168,384.11456298828125,15.192212104797363,75.861083984375,40.161808013916016,0.8622748255729675
990,160,476.1028137207031,247.27967834472656,121.07229614257812,133.4260711669922,0.7530176639556885
990,161,275.4933776855469,117.25416564941406,102.81341552734375,95.98110961914062,0.8077349066734314
990,164,519.2229614257812,40.482154846191406,66.9169921875,61.30695343017578,0.7929022908210754
990,167,485.80731201171875,16.324430465698242,56.20074462890625,41.82646179199219,0.7732671499252319
990,168,382.3094787597656,16.112241744995117,75.58456420898438,41.42695617675781,0.8422717452049255
991,160,471.9258728027344,258.2652893066406,126.56442260742188,140.31149291992188,0.7039805054664612
991,161,268.6714782714844,121.68843841552734,105.95016479492188,99.2002182006836,0.8578785061836243
991,164,520.02978515625,42.930572509765625,66.00665283203125,61.22669219970703,0.8477385640144348
991,167,484.83978271484375,17.112443923950195,56.73480224609375,43.029029846191406,0.7149412631988525
991,168,380.877197265625,17.03762435913086,75.99642944335938,43.13863754272461,0.7990072965621948
992,160,467.17059326171875,269.1707458496094,132.7032470703125,148.1748046875,0.6874164938926697
992,161,261.9999694824219,126.13981628417969,109.11099243164062,102.43598937988281,0.8496456146240234
992,164,519.576416015625,45.43833541870117,66.87969970703125,62.96797561645508,0.7251214385032654
992,167,484.4435119628906,19.65956687927246,55.010650634765625,42.36680603027344,0.666170060634613
992,168,380.1673278808594,18.62688446044922,74.42474365234375,43.65407943725586,0.7703134417533875
993,160,463.7265625,281.35601806640625,138.3319091796875,156.20101928710938,0.6733070611953735
993,161,255.37188720703125,131.03024291992188,110.99407958984375,104.2236328125,0.8055438995361328
993,164,520.818603515625,47.979270935058594,65.18487548828125,62.00440979003906,0.6196780800819397
993,167,484.48443603515625,22.752674102783203,52.6346435546875,40.95907211303711,0.7895247936248779
993,168,378.62982177734375,20.257369995117188,73.97268676757812,44.820762634277344,0.794551432132721
994,160,458.82049560546875,295.0174865722656,144.959228515625,165.36541748046875,0.582657516002655
994,161,248.34286499023438,136.2315673828125,114.61953735351562,107.96199035644531,0.7552556991577148
994,164,521.1249389648438,50.322269439697266,66.21514892578125,63.8178596496582,0.7376177906990051
994,167,483.7735900878906,24.927684783935547,52.379364013671875,41.162105560302734,0.8126249313354492
994,168,377.4583740234375,22.853946685791016,71.72579956054688,44.61495590209961,0.8397039175033569
995,160,454.7630310058594,308.8609924316406,152.88772583007812,176.85610961914062,0.6359301209449768
995,161,240.75636291503906,141.4132843017578,117.80427551269531,110.9593505859375,0.6006180644035339
995,164,519.5089111328125,51.98125457763672,69.7841796875,68.53373718261719,0.78254634141922
995,167,482.43359375,26.30845069885254,53.64349365234375,42.68247985839844,0.8053632378578186
995,168,376.7889099121094,25.636812210083008,69.643310546875,44.37217712402344,0.8548727631568909
996,160,449.3023376464844,325.1007385253906,160.23721313476562,187.78213500976562,0.7305666208267212
996,161,232.60653686523438,148.2732391357422,120.97943115234375,114.10731506347656,0.6316848397254944
996,164,519.8463134765625,54.909183502197266,69.78106689453125,69.47196960449219,0.7491329312324524
996,167,481.0196533203125,27.297821044921875,54.21527099609375,43.74833679199219,0.7460275292396545
996,168,374.627197265625,27.506837844848633,70.27655029296875,45.99102020263672,0.7929663062095642
997,160,445.8538818359375,339.15655517578125,164.5587158203125,194.791748046875,0.7239495515823364
997,161,224.60630798339844,154.3975067138672,124.85151672363281,118.03196716308594,0.7108927965164185
997,164,521.4307250976562,57.396324157714844,67.2764892578125,67.5226058959961,0.6950086355209351
997,167,479.5067138671875,28.661231994628906,55.14788818359375,45.085060119628906,0.7747867703437805
997,168,373.8443908691406,30.140911102294922,68.86532592773438,46.0855827331543,0.8065052032470703
998,160,447.9452209472656,356.8367919921875,156.74716186523438,183.1632080078125,0.5988633036613464
998,161,216.14366149902344,160.55369567871094,127.86540222167969,120.90257263183594,0.6249028444290161
998,164,521.497314453125,60.23988723754883,67.5958251953125,68.55404663085938,0.7122567892074585
998,167,478.44647216796875,30.288475036621094,55.246337890625,45.77989196777344,0.7006454467773438
998,168,373.1600036621094,32.0447883605957,67.137939453125,45.94351577758789,0.7532864809036255
999,160,451.2960205078125,374.2483215332031,145.71484375,165.75167846679688,0.5429513454437256
999,161,206.6107635498047,167.99627685546875,131.97682189941406,124.89553833007812,0.7561689019203186
999,164,521.4590454101562,62.88009262084961,67.913330078125,69.49923706054688,0.7143368124961853
999,167,477.6651611328125,32.29816818237305,55.3319091796875,46.196414947509766,0.7801139950752258
999,168,371.8774108886719,34.500816345214844,66.13180541992188,46.095741271972656,0.697769045829773
1000,160,460.06671142578125,395.3933410644531,131.2518310546875,144.60665893554688,0.3276233375072479
1000,161,196.48609924316406,174.1759796142578,137.07411193847656,129.9326629638672,0.6561396718025208
1000,164,521.2119750976562,66.47964477539062,68.5758056640625,70.73158264160156,0.7014753222465515
1000,167,476.1864013671875,34.02084732055664,55.30126953125,46.63096237182617,0.6863246560096741
1000,168,369.0440368652344,37.257938385009766,66.54904174804688,47.13478469848633,0.7134214639663696
1001,160,465.2654724121094,416.7434997558594,119.22665405273438,123.25650024414062,0.47459691762924194
1001,161,185.50936889648438,181.7273406982422,142.26461791992188,135.09413146972656,0.6736411452293396
1001,164,520.2645263671875,69.05876159667969,70.66815185546875,73.5726318359375,0.632850706577301
1001,167,474.9776611328125,35.60483169555664,55.714111328125,47.371829986572266,0.6488838195800781
1001,168,366.20880126953125,38.991432189941406,67.58404541015625,48.77555847167969,0.7427542209625244
1002,161,174.9827880859375,189.9499969482422,147.16409301757812,139.8221893310547,0.7661542892456055
1002,164,519.443603515625,71.76539611816406,72.50018310546875,76.30596923828125,0.6921512484550476
1002,167,472.7195129394531,36.888450622558594,57.282440185546875,49.27031707763672,0.5457689762115479
1002,168,364.3181457519531,41.31098556518555,67.12612915039062,49.284603118896484,0.745179295539856
1003,161,162.7154083251953,197.88938903808594,153.2517852783203,145.9822235107422,0.8596242666244507
1003,164,519.9017333984375,74.2252426147461,71.74139404296875,76.13558197021484,0.6526036858558655
1003,167,471.6597900390625,39.05978775024414,57.20489501953125,49.583980560302734,0.6560208797454834
1003,168,361.7950439453125,43.94623947143555,67.36099243164062,50.255741119384766,0.7515791058540344
1004,161,149.94212341308594,206.30650329589844,159.94435119628906,152.86656188964844,0.8239481449127197
1004,164,519.5667114257812,77.70652770996094,72.32061767578125,77.37135314941406,0.6180055737495422
1004,167,470.0908508300781,41.433982849121094,57.576812744140625,50.44879913330078,0.6389451026916504
1004,168,358.6978759765625,46.10378646850586,68.45071411132812,51.81637191772461,0.7579089999198914
1005,161,136.8809356689453,216.0274658203125,166.01918029785156,159.03826904296875,0.8402231335639954
1005,164,520.1041870117188,80.25166320800781,71.85528564453125,77.13589477539062,0.6486661434173584
1005,167,468.9732666015625,43.6861457824707,56.94512939453125,50.364009857177734,0.6591299176216125
1005,168,356.10491943359375,48.819217681884766,68.23342895507812,52.33735275268555,0.7732476592063904
1006,161,122.49992370605469,225.410400390625,172.21656799316406,165.35128784179688,0.9084727168083191
1006,164,520.7848510742188,84.82280731201172,71.697998046875,77.16742706298828,0.6041733622550964
1006,167,467.28643798828125,45.96791076660156,57.4818115234375,51.214508056640625,0.7864148020744324
1006,168,353.51959228515625,51.45068359375,68.89028930664062,53.526947021484375,0.7707667350769043
1007,161,108.5915756225586,236.6089324951172,178.26986694335938,171.46214294433594,0.8706651329994202
1007,164,520.79150390625,88.11150360107422,73.31005859375,79.5117416381836,0.6579729914665222
1007,167,464.9468994140625,47.56281280517578,58.507568359375,52.58465576171875,0.6303941011428833
1007,168,351.29156494140625,54.76169204711914,69.03927612304688,54.3148078918457,0.7940199375152588
1008,161,91.91152954101562,245.86074829101562,188.0860595703125,181.33026123046875,0.8469427227973938
1008,164,521.0775756835938,91.81487274169922,73.8502197265625,80.41568756103516,0.6944642066955566
1008,167,463.79656982421875,49.96616744995117,58.12847900390625,52.5936164855957,0.7745753526687622
1008,168,348.15277099609375,56.919742584228516,69.98199462890625,55.73598098754883,0.8040324449539185
1009,161,74.80528259277344,258.05108642578125,196.28407287597656,189.517578125,0.889981210231781
1009,164,520.39453125,95.58555603027344,75.72833251953125,83.02056884765625,0.649224042892456
1009,167,462.62060546875,52.514739990234375,58.42010498046875,53.17018127441406,0.6617662310600281
1009,168,345.5036926269531,60.63567352294922,69.7491455078125,56.00498962402344,0.7733427286148071
1010,161,55.922637939453125,270.1714782714844,205.7176513671875,198.84454345703125,0.907356321811676
1010,164,520.29296875,99.03424835205078,77.16162109375,85.12738800048828,0.5585283041000366
1010,167,461.20574951171875,55.07981491088867,58.9425048828125,54.05336380004883,0.6551207900047302
1010,168,342.3158874511719,63.82796859741211,71.372314453125,57.91440200805664,0.6707637310028076
1011,161,33.90546798706055,279.1478576660156,219.42327880859375,213.13223266601562,0.8373056650161743
1011,164,520.1228637695312,103.45143127441406,78.59307861328125,87.080078125,0.6899476051330566
1011,167,460.1883239746094,58.030765533447266,58.246734619140625,53.71016311645508,0.5724798440933228
1011,168,339.46685791015625,67.3032455444336,71.54885864257812,58.550743103027344,0.8053249716758728
1012,161,11.583107948303223,292.4867858886719,233.26040649414062,227.54464721679688,0.8120401501655579
1012,164,519.9912109375,107.2926025390625,79.215087890625,88.06346130371094,0.7190603017807007
1012,167,458.6600341796875,60.915016174316406,59.06005859375,54.794105529785156,0.6214162111282349
1012,168,336.26409912109375,71.23933410644531,71.64474487304688,58.869049072265625,0.7781872749328613
1013,161,0.0,308.04351806640625,231.46156311035156,226.64007568359375,0.5493209958076477
1013,164,519.5671997070312,111.77613830566406,80.23614501953125,89.46598815917969,0.6992453932762146
1013,167,457.0472412109375,63.4936637878418,59.947265625,55.930294036865234,0.5823637247085571
1013,168,332.8273620605469,75.048828125,72.20361328125,59.43601989746094,0.705760657787323
1014,161,0.0,325.97857666015625,216.72628784179688,214.02142333984375,0.5609734058380127
1014,164,519.6360473632812,116.82918548583984,81.1448974609375,90.68367767333984,0.7963764071464539
1014,167,455.27325439453125,66.86038970947266,59.6260986328125,55.564849853515625,0.6086858510971069
1014,168,328.9827575683594,78.99114227294922,73.07131958007812,60.57068634033203,0.7967764139175415
1015,161,0.0,343.17828369140625,201.49197387695312,196.82171630859375,0.7476928234100342
1015,164,517.8034057617188,120.40618896484375,84.5531005859375,95.03533935546875,0.7929055690765381
1015,167,453.3716735839844,68.98159790039062,61.195953369140625,57.326927185058594,0.5790673494338989
1015,168,324.6069641113281,82.798828125,75.315185546875,62.82762145996094,0.7841429710388184
1016,161,0.0,361.9412841796875,186.11526489257812,178.0587158203125,0.6739342212677002
1016,164,515.9912109375,125.50707244873047,88.6568603515625,100.56221771240234,0.8018088936805725
1016,167,451.54058837890625,71.5674819946289,61.7044677734375,58.106407165527344,0.46231257915496826
1016,168,321.51544189453125,86.84979248046875,75.45986938476562,63.02558898925781,0.7545832991600037
1017,161,1.4543107748031616,382.09356689453125,167.48545837402344,157.90643310546875,0.7618422508239746
1017,164,515.376220703125,130.34759521484375,89.28277587890625,101.75601196289062,0.7920933961868286
1017,167,449.5628967285156,74.66338348388672,63.068145751953125,59.641990661621094,0.5689264535903931
1017,168,317.6015930175781,89.9073486328125,76.94601440429688,64.46922302246094,0.7702697515487671
1018,161,4.436887264251709,402.9451904296875,146.43873596191406,137.0548095703125,0.7663044333457947
1018,164,514.0568237304688,135.2355194091797,92.41961669921875,105.88107299804688,0.8164960145950317
1018,167,446.85040283203125,78.26445770263672,63.92193603515625,60.592185974121094,0.6860301494598389
1018,168,312.2753601074219,93.38926696777344,79.44580078125,67.0086669921875,0.6679496169090271
1019,161,6.177388668060303,426.21868896484375,124.34883880615234,113.78131103515625,0.5210156440734863
1019,164,512.7499389648438,141.2989044189453,95.32415771484375,109.90666198730469,0.775104284286499
1019,167,443.870849609375,80.88492584228516,65.85934448242188,62.680931091308594,0.6335541605949402
1019,168,307.49102783203125,97.1687240600586,80.66140747070312,68.29572296142578,0.739507257938385
1020,161,9.396224021911621,452.78155517578125,98.3463363647461,87.21844482421875,0.6058302521705627
1020,164,511.72125244140625,145.87423706054688,98.2659912109375,114.0982666015625,0.8142483234405518
1020,167,442.1054382324219,83.96990966796875,66.30276489257812,63.30696105957031,0.6196213960647583
1020,168,302.4783020019531,102.43382263183594,82.361083984375,69.96340942382812,0.7268027663230896
1021,164,510.2908630371094,151.3684539794922,100.32858276367188,117.04545593261719,0.8539673089981079
1021,167,440.06024169921875,86.7128677368164,67.23709106445312,64.5249252319336,0.5001633167266846
1021,168,298.23175048828125,107.22674560546875,83.79788208007812,71.36050415039062,0.7586331963539124
1022,164,508.87445068359375,157.1341094970703,103.490234375,121.32789611816406,0.8528262376785278
1022,167,437.1185302734375,89.6553955078125,69.18081665039062,66.73014831542969,0.5193961262702942
1022,168,293.6531677246094,111.56668090820312,85.15805053710938,72.81993103027344,0.7503538131713867
1023,164,508.03802490234375,164.31436157226562,106.56005859375,125.42919921875,0.8626718521118164
1023,167,435.0266418457031,93.2000732421875,70.58029174804688,68.216552734375,0.579113781452179
1023,168,286.3435974121094,116.28933715820312,88.548828125,76.0155029296875,0.7611330151557922
1024,164,506.71368408203125,170.5116729736328,110.121826171875,130.2490997314453,0.8427203893661499
1024,167,431.5047302246094,97.02799987792969,73.53170776367188,71.39146423339844,0.4655037224292755
1024,168,280.9615478515625,121.16669464111328,90.04840087890625,77.36466217041016,0.7010535001754761
1025,164,505.51788330078125,177.37969970703125,114.19512939453125,135.97970581054688,0.8027801513671875
1025,167,429.4297180175781,100.72172546386719,73.86325073242188,72.00154113769531,0.5740904808044434
1025,168,274.79840087890625,126.28397369384766,93.3226318359375,80.5404281616211,0.8320362567901611
1026,164,503.99505615234375,184.9065399169922,116.956298828125,139.9397735595703,0.8915117979049683
1026,167,427.4851989746094,104.73751068115234,73.65716552734375,71.8265609741211,0.4771701395511627
1026,168,268.72222900390625,131.36813354492188,95.41943359375,82.60136413574219,0.8467603325843811
1027,164,501.4543151855469,192.4393310546875,121.24911499023438,145.68179321289062,0.8705270886421204
1027,167,424.3912658691406,108.4462890625,75.95977783203125,74.36476135253906,0.5177109241485596
1027,168,261.9576416015625,135.07679748535156,98.39581298828125,85.42091369628906,0.8146727681159973
1028,164,499.5841369628906,200.752197265625,123.91787719726562,149.19644165039062,0.8873887062072754
1028,167,422.0569152832031,112.38580322265625,77.26336669921875,75.63938903808594,0.6997238993644714
1028,168,255.36349487304688,142.49188232421875,100.79873657226562,87.71379089355469,0.8298749923706055
1029,164,497.460693359375,209.13735961914062,127.57061767578125,154.39865112304688,0.8572277426719666
1029,167,419.3918151855469,115.90977478027344,79.03271484375,77.43978881835938,0.6654925346374512
1029,168,248.63624572753906,150.2077178955078,102.33164978027344,89.1239013671875,0.8292779922485352
1030,164,495.8656311035156,217.6789093017578,131.88381958007812,160.7667694091797,0.8394510746002197
1030,167,416.9489440917969,120.40852355957031,78.65274047851562,76.91981506347656,0.692360520362854
1030,168,240.7855224609375,156.8922882080078,105.09185791015625,91.64187622070312,0.8005084991455078
1031,164,493.4156188964844,226.83714294433594,137.11563110351562,168.6804962158203,0.8003048300743103
1031,167,414.0792541503906,125.1858901977539,80.5604248046875,78.89691925048828,0.654005765914917
1031,168,233.3128204345703,163.9193115234375,107.51045227050781,93.74490356445312,0.753566563129425
1032,164,491.0689697265625,237.15162658691406,141.96490478515625,176.22874450683594,0.8399616479873657
1032,167,409.8107604980469,129.52456665039062,83.65921020507812,82.05908203125,0.7250855565071106
1032,168,225.2241668701172,171.152587890625,110.10420227050781,95.95166015625,0.7581741809844971
1033,164,487.923095703125,247.5894317626953,147.82098388671875,185.46849060058594,0.9031317234039307
1033,167,406.77215576171875,134.40953063964844,85.06951904296875,83.39823913574219,0.6866682767868042
1033,168,215.69766235351562,178.7430419921875,114.4136962890625,99.70773315429688,0.8483132719993591
1034,164,486.4831237792969,258.6401672363281,151.33145141601562,191.86074829101562,0.8661038279533386
1034,167,402.8102722167969,139.4595184326172,87.46170043945312,85.82896423339844,0.7908642888069153
1034,168,206.07742309570312,186.37103271484375,118.93801879882812,103.73031616210938,0.8360328078269958
1035,164,483.8996887207031,270.4210510253906,155.77969360351562,199.46429443359375,0.7372117638587952
1035,167,399.3076477050781,144.30276489257812,88.7420654296875,87.26060485839844,0.7107383012771606
1035,168,195.5652618408203,193.8020477294922,123.77290344238281,108.16758728027344,0.7862792611122131
1036,164,480.98736572265625,284.2435607910156,162.0703125,209.6265869140625,0.6861154437065125
1036,167,395.00537109375,149.51622009277344,91.66769409179688,90.55349731445312,0.7611303329467773
1036,168,185.2919158935547,202.4329071044922,128.36595153808594,112.44465637207031,0.8139641880989075
1037,164,476.2265930175781,296.7140197753906,169.67855834960938,221.42092895507812,0.7290754318237305
1037,167,390.4299011230469,154.73939514160156,93.9163818359375,93.08863830566406,0.7678537368774414
1037,168,174.13710021972656,212.13507080078125,133.4231719970703,117.1197509765625,0.8576921224594116
1038,164,475.3852233886719,310.9156799316406,170.82394409179688,223.52035522460938,0.6610699892044067
1038,167,386.6401672363281,160.7660369873047,95.2470703125,94.37515258789062,0.7600460648536682
1038,168,162.29501342773438,221.39894104003906,138.11465454101562,121.36430358886719,0.8218638896942139
1039,164,477.9604797363281,325.84625244140625,165.80844116210938,214.15374755859375,0.7979905009269714
1039,167,382.44744873046875,167.23643493652344,97.635986328125,96.91923522949219,0.7094317674636841
1039,168,148.5628204345703,231.80352783203125,145.02415466308594,127.73468017578125,0.8394857048988342
1040,164,483.2438049316406,341.9967956542969,157.14041137695312,198.00320434570312,0.640175998210907
1040,167,377.1719055175781,172.6962127685547,101.11471557617188,100.64833068847656,0.7928839921951294
1040,168,136.0386962890625,243.52587890625,148.98876953125,131.27557373046875,0.7852123975753784
1041,164,487.1083068847656,360.0459289550781,147.50601196289062,179.95407104492188,0.6955174207687378
1041,167,372.0039367675781,178.76385498046875,103.84170532226562,103.68048095703125,0.7964734435081482
1041,168,120.79434967041016,255.03997802734375,155.783203125,137.36196899414062,0.7626280188560486
1042,164,490.77618408203125,379.83892822265625,137.53814697265625,160.16107177734375,0.38532766699790955
1042,167,367.1534118652344,185.7008819580078,106.24209594726562,106.39613342285156,0.7619263529777527
1042,168,102.9613265991211,266.52642822265625,164.694580078125,145.22042846679688,0.7237371802330017
1042,177,493.7281188964844,14.278755187988281,37.830780029296875,18.14838409423828,0.43012183904647827
1043,164,498.97076416015625,400.9662780761719,125.9736328125,139.03372192382812,0.7783022522926331
1043,167,361.8900146484375,192.9196014404297,108.77362060546875,109.01325988769531,0.8322530388832092
1043,168,85.26456451416016,278.3665466308594,174.13751220703125,153.8465576171875,0.7577675580978394
1043,177,492.37091064453125,14.450057029724121,40.7410888671875,19.530803680419922,0.47101104259490967
1044,164,507.20947265625,424.0758972167969,112.33349609375,115.92410278320312,0.7489798665046692
1044,167,356.26910400390625,200.56105041503906,112.17874145507812,112.62394714355469,0.7738852500915527
1044,168,66.9498062133789,290.1982727050781,185.41262817382812,164.38882446289062,0.6788833141326904
1044,177,490.05340576171875,14.169702529907227,44.072998046875,21.158246994018555,0.5077012777328491
1045,164,515.2826538085938,449.32794189453125,96.243896484375,90.67205810546875,0.7500912547111511
1045,167,350.00628662109375,208.12088012695312,115.79086303710938,116.56088256835938,0.800001859664917
1045,168,48.37683868408203,304.7088317871094,195.35031127929688,173.537353515625,0.5147569179534912
1045,177,486.79644775390625,14.139667510986328,48.56646728515625,23.430782318115234,0.5411601662635803
1046,164,524.95556640625,477.62646484375,76.02642822265625,62.37353515625,0.6553304195404053
1046,167,343.45770263671875,216.16329956054688,120.04156494140625,121.14584350585938,0.7327674627304077
1046,177,484.9142150878906,13.96366024017334,50.532867431640625,24.580581665039062,0.5110119581222534
1047,167,337.02264404296875,224.36029052734375,123.37762451171875,124.8909912109375,0.6457676291465759
1047,177,483.0167541503906,14.046104431152344,54.432525634765625,26.831329345703125,0.5888329744338989
1047,168,7.35011625289917,339.5083312988281,211.21304321289062,188.04556274414062,0.6940593123435974
1048,167,330.06866455078125,233.3309326171875,127.27139282226562,129.038818359375,0.7519702315330505
1048,177,480.14544677734375,13.805851936340332,58.27691650390625,29.227989196777344,0.6105325818061829
1048,168,0.6516827344894409,357.96240234375,201.5391082763672,179.18927001953125,0.6509753465652466
1049,167,322.3434143066406,241.83615112304688,132.48251342773438,134.90365600585938,0.832506537437439
1049,177,477.49151611328125,13.465319633483887,61.4307861328125,31.44396209716797,0.6569974422454834
1049,168,0.12708695232868195,377.1255187988281,185.047607421875,162.87448120117188,0.680597722530365
1050,167,314.6817321777344,251.10362243652344,137.88162231445312,141.0605926513672,0.7754608392715454
1050,177,474.5927734375,13.936482429504395,63.433837890625,33.15180587768555,0.5891239047050476
1050,168,1.3442655801773071,396.00665283203125,167.49044799804688,143.99334716796875,0.7378711700439453
1051,167,306.4825134277344,261.5860290527344,142.2042236328125,146.13009643554688,0.7769549489021301
1051,177,471.6292724609375,14.085865020751953,67.778076171875,36.37835693359375,0.7585008144378662
1051,168,3.965378522872925,417.3402099609375,145.95428466796875,122.6597900390625,0.5642337799072266
1052,167,297.8960266113281,271.8641052246094,147.3226318359375,152.24014282226562,0.7800012826919556
1052,177,470.241943359375,14.045470237731934,69.89569091796875,38.62498474121094,0.7125475406646729
1052,168,9.48028564453125,441.3130798339844,120.53138732910156,98.68692016601562,0.4591488540172577
1053,167,289.36383056640625,283.0988464355469,152.94815063476562,158.9425048828125,0.5947604775428772
1053,177,468.7269287109375,14.238306999206543,72.060791015625,41.15130615234375,0.7685001492500305
1053,168,13.864157676696777,466.4414978027344,93.82331848144531,73.55850219726562,0.48504942655563354
1054,167,279.18463134765625,295.3642883300781,159.94427490234375,167.49853515625,0.8328334093093872
1054,177,468.1596984863281,15.038735389709473,71.82492065429688,42.31873321533203,0.766754150390625
1055,167,268.04046630859375,307.7193908691406,166.64535522460938,175.64297485351562,0.7891167998313904
1055,177,467.9142761230469,16.223094940185547,71.89419555664062,43.638370513916016,0.7824400067329407
1056,167,256.39892578125,318.7181091308594,174.23880004882812,184.79672241210938,0.7193372249603271
1056,177,467.6148376464844,17.75288963317871,71.74295043945312,44.851470947265625,0.742649257183075
1057,167,244.4656982421875,332.3041687011719,182.24786376953125,194.71029663085938,0.5924943685531616
1057,177,468.0023498535156,19.85186767578125,70.32913208007812,45.21112060546875,0.7713949084281921
1058,167,237.5425567626953,346.4615478515625,179.5168914794922,191.34417724609375,0.42693862318992615
1058,177,469.3404235839844,22.547653198242188,66.47000122070312,43.74803161621094,0.7397170662879944
1059,167,230.68226623535156,360.3041687011719,173.9037628173828,179.69583129882812,0.52496337890625
1059,177,469.379150390625,24.825441360473633,64.9879150390625,43.79998779296875,0.7571897506713867
1060,167,230.29855346679688,377.69989013671875,162.0347900390625,162.30010986328125,0.7148768901824951
1060,177,467.9800109863281,25.555835723876953,67.63058471679688,46.74872970581055,0.7931563258171082
1061,167,231.44229125976562,394.4637756347656,149.75149536132812,145.53622436523438,0.7410976886749268
1061,177,466.6828918457031,27.082950592041016,68.89938354492188,48.85810470581055,0.7838943004608154
1062,167,233.93582153320312,412.8974304199219,136.48001098632812,127.10256958007812,0.6104427576065063
1062,177,467.54986572265625,29.388715744018555,67.73101806640625,48.990196228027344,0.7412896156311035
1063,167,236.54397583007812,432.8136291503906,121.4345703125,107.18637084960938,0.7299343347549438
1063,177,467.8278503417969,31.197404861450195,67.06832885742188,49.397560119628906,0.7725327014923096
1064,167,239.0221710205078,454.879638671875,103.42161560058594,85.120361328125,0.6235944628715515
1064,177,467.6785888671875,33.23957443237305,66.5040283203125,49.776302337646484,0.8125448822975159
1065,167,243.03981018066406,478.69671630859375,84.44679260253906,61.30328369140625,0.43099308013916016
1065,177,465.4602966308594,35.47148132324219,65.86349487304688,50.097511291503906,0.8192795515060425
1066,177,464.1568298339844,37.59922409057617,65.61618041992188,50.84238815307617,0.8302081227302551
1067,177,463.59906005859375,40.009586334228516,64.387451171875,50.73666763305664,0.8068873882293701
1068,177,462.7710266113281,42.668968200683594,63.423675537109375,50.688819885253906,0.8111032843589783
1069,177,461.06805419921875,44.925819396972656,64.482666015625,52.44055938720703,0.8439722061157227
1070,177,459.572265625,47.416786193847656,65.7413330078125,54.479209899902344,0.8041565418243408
1071,177,459.13104248046875,49.85067367553711,65.78466796875,55.39839553833008,0.7699376940727234
1072,177,459.06182861328125,52.54759979248047,64.67193603515625,55.19562530517578,0.7611206769943237
1073,177,457.963134765625,55.020774841308594,65.40936279296875,56.56434631347656,0.7755634784698486
1074,177,457.23065185546875,57.87626266479492,63.87841796875,55.74077224731445,0.727014422416687
1075,177,455.4991760253906,60.45294952392578,64.23922729492188,56.64459991455078,0.6510831713676453
1076,177,454.106689453125,63.148162841796875,65.28021240234375,58.308143615722656,0.8305192589759827
1076,184,533.880859375,15.341554641723633,42.55615234375,25.5329532623291,0.44167816638946533
1077,177,452.7344055175781,66.79399108886719,66.10739135742188,59.706298828125,0.7763385772705078
1077,184,532.3252563476562,15.508553504943848,45.96539306640625,27.67135238647461,0.36573052406311035
1078,177,451.9576416015625,69.65230560302734,66.628662109375,60.73332977294922,0.7604366540908813
1078,184,529.5499877929688,14.503532409667969,49.83111572265625,30.176593780517578,0.42063772678375244
1079,177,451.26849365234375,72.07066345214844,67.0281982421875,61.82545471191406,0.67134028673172
1079,184,527.8967895507812,13.974506378173828,54.18609619140625,33.17060470581055,0.4966171085834503
1080,177,449.4204406738281,75.80056762695312,68.25643920898438,63.60295104980469,0.7337619662284851
1080,184,526.5778198242188,14.326647758483887,56.63458251953125,35.12917709350586,0.5304902195930481
1081,177,447.4889831542969,78.89153289794922,71.23733520507812,67.0935287475586,0.7186751961708069
1081,184,526.0587158203125,14.95860481262207,57.9422607421875,36.517120361328125,0.5728116631507874
1082,177,444.7358093261719,82.12808227539062,73.04653930664062,69.58026123046875,0.7384178638458252
1082,184,526.0933227539062,15.506949424743652,58.2044677734375,37.35469055175781,0.5266925096511841
1082,185,419.94610595703125,13.928600311279297,40.405487060546875,15.356887817382812,0.393218457698822
1083,177,443.6159362792969,86.02601623535156,72.27352905273438,69.34283447265625,0.6390920281410217
1083,184,524.49755859375,16.248809814453125,60.20263671875,39.38138198852539,0.6198201179504395
1083,185,415.50274658203125,14.092066764831543,46.027557373046875,17.53121566772461,0.3907087743282318
1084,177,440.8736267089844,89.33975982666016,75.15768432617188,72.92659759521484,0.7606024146080017
1084,184,523.247802734375,17.31732749938965,62.01043701171875,41.46405029296875,0.5052841305732727
1084,185,411.6584167480469,14.131250381469727,51.138763427734375,19.578763961791992,0.4368165135383606
1085,177,440.2048645019531,92.77719116210938,75.92129516601562,74.13954162597656,0.7718145847320557
1085,184,524.4183959960938,20.44312858581543,59.715576171875,40.75816345214844,0.5136172771453857
1085,185,409.55572509765625,14.380118370056152,52.932373046875,20.43435287475586,0.4983672797679901
1086,177,438.1156005859375,96.66783142089844,78.103271484375,76.85595703125,0.8147327899932861
1086,184,524.2764282226562,22.73077392578125,59.4075927734375,41.3463134765625,0.5405970215797424
1086,185,405.7832946777344,14.666698455810547,56.924835205078125,22.223224639892578,0.5117037296295166
1087,177,436.453857421875,101.1678466796875,77.7276611328125,76.84957885742188,0.756426990032196
1087,184,525.0123291015625,25.309818267822266,57.6024169921875,40.78732681274414,0.4635647237300873
1087,185,402.1304016113281,15.208189964294434,60.554351806640625,24.012863159179688,0.6028187870979309
1088,177,433.9230651855469,105.13107299804688,80.87600708007812,80.46853637695312,0.7428099513053894
1088,184,522.9025268554688,26.876880645751953,60.1522216796875,43.48772048950195,0.6969727873802185
1088,185,398.883544921875,15.066527366638184,64.899658203125,26.236793518066406,0.6202735304832458
1089,177,431.2630310058594,109.65116882324219,81.60140991210938,81.77520751953125,0.7782328724861145
1089,184,519.8103637695312,28.337812423706055,62.878173828125,46.417823791503906,0.6883367300033569
1089,185,395.0684509277344,14.720992088317871,69.97808837890625,28.974895477294922,0.6912704110145569
1090,177,427.6474914550781,113.21141052246094,84.177734375,85.34233093261719,0.7763539552688599
1090,184,519.39599609375,30.195295333862305,63.044189453125,47.38496398925781,0.6304982900619507
1090,185,391.177978515625,14.486457824707031,74.60409545898438,31.857364654541016,0.7001063227653503
1091,177,426.0337219238281,118.63836669921875,83.3367919921875,85.0877685546875,0.7906019687652588
1091,184,520.1319580078125,32.04620361328125,61.8416748046875,47.22516632080078,0.5472840070724487
1091,185,388.3604736328125,14.053956031799316,77.71841430664062,34.30104064941406,0.7382867336273193
1092,177,424.5799255371094,123.82085418701172,83.43927001953125,85.8055648803711,0.6838681101799011
1092,184,520.6402587890625,34.88166809082031,60.48779296875,46.80992889404297,0.6160210967063904
1092,185,385.6493225097656,14.191327095031738,79.80526733398438,36.44947052001953,0.761440634727478
1093,177,421.4439392089844,129.44985961914062,85.39639282226562,88.48416137695312,0.7878523468971252
1093,184,520.5078735351562,37.27760696411133,60.28717041015625,47.337406158447266,0.7526475191116333
1093,185,382.68310546875,14.415340423583984,80.97882080078125,38.435638427734375,0.7243615984916687
1094,177,419.36273193359375,134.44595336914062,85.699951171875,89.02949523925781,0.7408767342567444
1094,184,520.3060302734375,39.300048828125,60.05279541015625,47.71874237060547,0.7413446307182312
1094,185,380.62353515625,15.215086936950684,81.90444946289062,40.416343688964844,0.8094291687011719
1095,177,417.6783142089844,139.9003143310547,86.61868286132812,90.18307495117188,0.795325756072998
1095,184,520.9036254882812,41.393253326416016,59.11865234375,47.40579605102539,0.6199268102645874
1095,185,378.70477294921875,16.299755096435547,81.79559326171875,41.95675277709961,0.7161641120910645
1096,177,414.0018310546875,145.45985412597656,88.63192749023438,93.03123474121094,0.6791723966598511
1096,184,521.2048950195312,43.00576400756836,59.13031005859375,47.97934341430664,0.5658200979232788
1096,185,377.4126281738281,17.52052116394043,81.36544799804688,43.3101806640625,0.7576106786727905
1097,177,410.0822448730469,150.0583953857422,92.03256225585938,97.5391845703125,0.741233766078949
1097,184,520.8037109375,46.985137939453125,59.116455078125,48.72651672363281,0.6155427098274231
1097,185,376.75592041015625,19.419178009033203,80.4893798828125,44.40446853637695,0.8277882933616638
1098,177,406.49151611328125,155.74754333496094,94.571044921875,100.81529235839844,0.7517471313476562
1098,184,520.536376953125,49.48979949951172,59.93243408203125,50.090492248535156,0.7036473155021667
1098,185,376.8905944824219,21.537723541259766,77.39303588867188,44.160030364990234,0.8084633350372314
1099,177,402.674072265625,162.43997192382812,97.32781982421875,104.63894653320312,0.7329643964767456
1099,184,520.93017578125,51.87525177001953,59.92572021484375,50.73554992675781,0.6844232678413391
1099,185,374.8818664550781,23.20221710205078,77.00711059570312,45.39601135253906,0.8366653919219971
1099,186,552.5355834960938,13.795830726623535,36.14300537109375,23.962852478027344,0.39038029313087463
1100,177,399.9762878417969,169.30599975585938,98.48785400390625,106.70132446289062,0.8038400411605835
1100,184,520.6920776367188,53.7981071472168,61.22967529296875,52.637699127197266,0.6717772483825684
1100,185,374.1365966796875,26.08503532409668,75.49154663085938,45.836509704589844,0.8032970428466797
1100,186,550.3576049804688,14.080607414245605,39.67181396484375,26.35928726196289,0.34636834263801575
1101,177,397.1407775878906,176.79588317871094,99.74676513671875,108.28523254394531,0.8098825812339783
1101,184,520.208740234375,56.29109191894531,61.547607421875,53.6982421875,0.5700270533561707
1101,185,371.5996398925781,27.943925857543945,76.37405395507812,47.81250762939453,0.8652240633964539
1101,186,549.252685546875,14.183774948120117,40.68975830078125,27.104692459106445,0.41684138774871826
1102,177,393.4837646484375,183.9302520751953,102.32772827148438,111.50505065917969,0.7854349613189697
1102,184,519.4906616210938,58.520687103271484,62.19061279296875,55.03224563598633,0.6631112098693848
1102,185,370.6609802246094,30.1787109375,74.07406616210938,47.68006134033203,0.812256932258606
1102,186,549.0193481445312,14.074101448059082,40.8934326171875,27.304515838623047,0.28875532746315
1103,177,389.3345031738281,191.4959259033203,105.60110473632812,115.45875549316406,0.8079015016555786
1103,184,520.7171020507812,62.41615676879883,60.6796875,54.28117752075195,0.6110368371009827
1103,185,369.4778137207031,33.223026275634766,72.73736572265625,48.110233306884766,0.6691251993179321
1103,186,549.4195556640625,13.987611770629883,39.83062744140625,26.625864028930664,0.3424847722053528
1104,177,383.84442138671875,199.50778198242188,110.22482299804688,121.24325561523438,0.7506894469261169
1104,184,520.1513671875,64.99614715576172,62.07818603515625,56.39942169189453,0.5500055551528931
1104,185,368.0926513671875,35.4284553527832,71.59246826171875,48.463138580322266,0.7449324131011963
1104,186,546.9637451171875,13.749876022338867,44.40106201171875,29.93752098083496,0.4218241572380066
1105,177,379.14874267578125,207.47557067871094,112.68328857421875,124.01921081542969,0.8299334645271301
1105,184,519.933349609375,69.39704132080078,61.87408447265625,56.851417541503906,0.717181921005249
1105,185,366.15179443359375,38.14632034301758,70.55047607421875,48.7613410949707,0.7436861991882324
1105,186,546.1386108398438,13.280855178833008,44.87481689453125,30.377962112426758,0.5341963171958923
1106,177,372.6226501464844,214.85374450683594,118.69168090820312,131.3390655517578,0.7933757901191711
1106,184,519.703125,72.62178802490234,62.27618408203125,57.78026580810547,0.780702531337738
1106,185,364.1319274902344,40.817291259765625,70.004150390625,49.30842590332031,0.8063182234764099
1106,186,543.8792724609375,13.346680641174316,48.290771484375,33.0471305847168,0.5956322550773621
1107,177,367.64434814453125,223.3426971435547,122.16958618164062,136.16322326660156,0.7628632187843323
1107,184,518.37841796875,75.10623931884766,64.4940185546875,60.63500213623047,0.7758857011795044
1107,185,361.6480712890625,43.27901077270508,70.8375244140625,50.888492584228516,0.7715375423431396
1107,186,542.0979614257812,13.75273323059082,50.87744140625,35.30999755859375,0.5592907071113586
1108,177,362.36273193359375,233.34609985351562,127.79071044921875,143.65359497070312,0.8523241281509399
1108,184,517.5661010742188,77.30599975585938,65.67852783203125,62.499053955078125,0.7349429726600647
1108,185,358.67919921875,46.046531677246094,71.722412109375,52.55229187011719,0.8218289017677307
1108,186,541.3541259765625,14.094842910766602,51.83990478515625,36.463623046875,0.6710530519485474
1109,177,356.943115234375,242.38473510742188,131.35888671875,148.61740112304688,0.7938634157180786
1109,184,516.6654052734375,81.06169891357422,66.53875732421875,64.07808685302734,0.700634241104126
1109,185,356.279541015625,48.60634231567383,71.4415283203125,53.2481575012207,0.8038613796234131
1109,186,540.1936645507812,14.544363975524902,54.38671875,38.961334228515625,0.6504275798797607
1110,177,351.437255859375,253.9027862548828,135.17587280273438,153.81080627441406,0.8170437812805176
1110,184,516.1887817382812,84.6739730834961,66.7896728515625,65.1156997680664,0.6862204074859619
1110,185,353.98785400390625,51.55730438232422,71.45672607421875,54.105018615722656,0.8038057684898376
1110,186,539.665771484375,14.911734580993652,55.271484375,40.36268997192383,0.7039055824279785
1111,177,344.6647033691406,263.66265869140625,140.19952392578125,160.6822509765625,0.831948459148407
1111,184,514.2994995117188,87.88687133789062,68.03466796875,66.83908081054688,0.6820871829986572
1111,185,351.1965637207031,54.34384536743164,71.6522216796875,55.20539474487305,0.8067060708999634
1111,186,539.47216796875,15.983199119567871,55.6639404296875,41.484989166259766,0.5924246311187744
1112,177,337.1973571777344,275.6409606933594,145.8653564453125,168.83383178710938,0.8243278861045837
1112,184,513.8085327148438,91.30394744873047,69.782470703125,69.37642669677734,0.6644204258918762
1112,185,349.294189453125,57.33708953857422,70.9169921875,55.40338134765625,0.8665192127227783
1112,186,539.331787109375,17.059030532836914,55.914794921875,42.44348907470703,0.624190628528595
1113,177,327.79632568359375,287.4635314941406,153.734375,179.75274658203125,0.8014280200004578
1113,184,513.7482299804688,95.15960693359375,69.2498779296875,69.31221008300781,0.6812376379966736
1113,185,346.225830078125,60.96644973754883,71.83370971679688,56.77521896362305,0.7955828309059143
1113,186,539.7933349609375,19.758142471313477,54.1724853515625,41.78118133544922,0.7797561287879944
1114,177,319.19818115234375,300.9569091796875,160.64218139648438,189.75970458984375,0.7980712056159973
1114,184,510.416748046875,98.45636749267578,73.2008056640625,73.88277435302734,0.6691587567329407
1114,185,342.6544494628906,63.66202163696289,72.8602294921875,58.31405258178711,0.7976972460746765
1114,186,540.1825561523438,22.32276153564453,53.70281982421875,41.95726776123047,0.7364553809165955
1114,187,487.2525939941406,13.617908477783203,40.109527587890625,16.471410751342773,0.38657164573669434
1115,177,309.8399353027344,315.2242736816406,168.21072387695312,200.75765991210938,0.7769956588745117
1115,184,508.9398193359375,102.72245788574219,73.7138671875,74.60362243652344,0.6849258542060852
1115,185,339.4800720214844,67.05265045166016,73.1080322265625,59.152549743652344,0.8485276699066162
1115,186,538.949462890625,24.444921493530273,54.64569091796875,43.334136962890625,0.7631039619445801
1115,187,485.1934814453125,13.237386703491211,42.75567626953125,17.595232009887695,0.478400319814682
1116,177,301.6484680175781,330.3319396972656,170.5191650390625,205.30239868164062,0.6157457828521729
1116,184,507.60760498046875,106.48644256591797,75.98687744140625,77.50289154052734,0.6834195256233215
1116,185,336.4564514160156,70.52623748779297,73.69729614257812,60.17705535888672,0.7959403395652771
1116,186,537.236083984375,26.52484130859375,55.36456298828125,44.49561309814453,0.79645836353302
1116,187,483.31884765625,12.79736614227295,45.476806640625,18.787315368652344,0.5057618618011475
1117,177,296.4551086425781,341.2358703613281,166.87448120117188,198.76412963867188,0.7635244131088257
1117,184,506.7878112792969,110.77249908447266,77.06491088867188,79.09412384033203,0.7818722724914551
1117,185,332.7616882324219,74.28194427490234,74.54415893554688,61.17694854736328,0.8235288858413696
1117,186,536.4973754882812,28.80538558959961,56.3203125,45.99917221069336,0.7393373250961304
1117,187,481.6262512207031,12.887173652648926,47.695343017578125,19.838703155517578,0.40872082114219666
1118,177,297.5577697753906,362.0104064941406,154.02239990234375,177.98959350585938,0.7287641167640686
1118,184,505.764404296875,115.53295135498047,78.431396484375,81.3270492553711,0.7763559818267822
1118,185,327.8507080078125,77.29598999023438,76.82962036132812,63.835601806640625,0.7665860652923584
1118,186,536.7794799804688,30.598793029785156,55.4014892578125,45.881690979003906,0.7893604040145874
1119,177,298.81951904296875,380.29400634765625,142.73565673828125,159.70599365234375,0.7036928534507751
1119,184,506.3851623535156,119.9534683227539,78.23788452148438,81.8748550415039,0.7533783912658691
1119,185,324.30474853515625,81.47732543945312,78.47723388671875,65.85519409179688,0.845589816570282
1119,186,536.7601318359375,33.146202087402344,54.76007080078125,45.806983947753906,0.813030481338501
1119,187,473.225830078125,14.567625045776367,57.0018310546875,23.957853317260742,0.3795531094074249
1120,177,300.7154541015625,400.902587890625,130.179443359375,139.097412109375,0.6586135029792786
1120,184,505.0877380371094,124.80178833007812,80.34774780273438,84.86663818359375,0.7035723328590393
1120,185,321.4725341796875,84.86581420898438,78.08502197265625,65.92948913574219,0.8442248106002808
1120,186,536.8302612304688,35.62053298950195,53.85693359375,45.418453216552734,0.8616195321083069
1120,187,470.6789855957031,14.962407112121582,58.792327880859375,24.92900848388672,0.5277607440948486
1121,177,303.2281494140625,422.59368896484375,117.42233276367188,117.40631103515625,0.6140206456184387
1121,184,505.2769775390625,129.3365020751953,80.8651123046875,86.10591125488281,0.7524515986442566
1121,185,317.6153564453125,88.29222106933594,79.06539916992188,67.07527160644531,0.8038915395736694
1121,186,535.8016357421875,37.866111755371094,54.46331787109375,46.41015625,0.7808958888053894
1121,187,469.27374267578125,15.090194702148438,60.2947998046875,25.861583709716797,0.5393310785293579
1122,177,310.3968200683594,447.0213317871094,100.586181640625,92.97866821289062,0.45902618765830994
1122,184,504.7416687011719,133.9638214111328,81.81173706054688,87.76564025878906,0.7968540787696838
1122,185,312.7533264160156,91.96894073486328,80.7705078125,68.98853302001953,0.8082720041275024
1122,186,535.4019165039062,39.69493103027344,55.079345703125,47.353431701660156,0.7784944772720337
1122,187,468.5677490234375,15.343098640441895,61.0352783203125,26.54946517944336,0.5556979775428772
1123,177,316.26995849609375,472.5365295410156,81.685302734375,67.46347045898438,0.5713894367218018
1123,184,503.9264831542969,140.0059356689453,83.06863403320312,89.92576599121094,0.7397394180297852
1123,185,307.6263122558594,96.42118835449219,83.16207885742188,71.57048034667969,0.8167874217033386
1123,186,535.1115112304688,41.53230667114258,55.5416259765625,48.281063079833984,0.7244406342506409
1123,187,465.9176330566406,14.909802436828613,64.71463012695312,28.69342803955078,0.6313797235488892
1124,184,502.56158447265625,145.50506591796875,84.576171875,92.396484375,0.8052956461906433
1124,185,304.0600891113281,101.3570785522461,83.48980712890625,72.08013153076172,0.7931791543960571
1124,186,533.2305908203125,43.27547073364258,57.70989990234375,50.78639602661133,0.7392202615737915
1124,187,466.01287841796875,15.011436462402344,63.18133544921875,28.485301971435547,0.6306856274604797
1125,184,500.81549072265625,150.12405395507812,86.35675048828125,95.18173217773438,0.7907683253288269
1125,185,299.1167907714844,105.78492736816406,85.87969970703125,74.37831115722656,0.8060383796691895
1125,186,532.277587890625,45.98645782470703,59.0633544921875,52.72306823730469,0.8088440299034119
1125,187,463.6264953613281,14.418564796447754,67.52493286132812,31.208560943603516,0.574792206287384
1126,184,498.8390197753906,156.30650329589844,88.54940795898438,98.41377258300781,0.801896870136261
1126,185,294.5632629394531,110.91241455078125,86.8106689453125,75.44297790527344,0.7737928032875061
1126,186,531.981201171875,48.90448760986328,58.79705810546875,53.038543701171875,0.7720521688461304
1126,187,459.66400146484375,13.873723030090332,74.42169189453125,35.51908874511719,0.5946229696273804
1127,184,497.2455749511719,163.8560333251953,90.44357299804688,101.33305358886719,0.8187296986579895
1127,185,287.04766845703125,115.2243423461914,90.74063110351562,79.28458404541016,0.8051977157592773
1127,186,531.6704711914062,52.93067169189453,58.13226318359375,52.84526062011719,0.719264805316925
1127,187,457.6647033691406,13.442323684692383,76.40737915039062,37.68122863769531,0.6304678320884705
1127,189,583.6145629882812,13.16530990600586,40.0931396484375,18.123064041137695,0.43278172612190247
1128,184,496.10003662109375,170.11752319335938,91.6614990234375,103.4459228515625,0.8169452548027039
1128,185,281.79742431640625,120.17314910888672,92.03662109375,80.54853057861328,0.8092222213745117
1128,186,530.3093872070312,55.09403991699219,59.49761962890625,54.60643005371094,0.6718156933784485
1128,187,456.660400390625,13.118789672851562,77.40863037109375,39.4455680847168,0.6814215183258057
1128,189,583.9628295898438,13.721317291259766,41.35028076171875,18.710186004638672,0.49720481038093567
1129,184,495.1536560058594,176.54742431640625,94.35891723632812,107.18740844726562,0.8460996747016907
1129,185,275.51025390625,125.67415618896484,93.63259887695312,82.1852035522461,0.8702150583267212
1129,186,529.3929443359375,57.41220474243164,60.0147705078125,55.522525787353516,0.7310932874679565
1129,187,455.3306579589844,12.866272926330566,79.97030639648438,42.26478576660156,0.6855858564376831
1129,189,583.7791137695312,13.995208740234375,42.95147705078125,19.472900390625,0.4743712842464447
1129,190,366.42779541015625,2.2900032997131348,44.879547119140625,26.861305236816406,0.44287317991256714
1130,184,493.5238342285156,184.7555389404297,95.52267456054688,108.98512268066406,0.8290238380432129
1130,185,268.9356994628906,130.24722290039062,97.96090698242188,86.71006774902344,0.855449914932251
1130,186,527.3762817382812,59.281856536865234,63.6383056640625,59.83937454223633,0.7104672789573669
1130,187,455.22943115234375,13.014623641967773,78.5018310546875,42.99519348144531,0.7277436852455139
1130,189,582.7667236328125,14.12507438659668,46.77410888671875,21.312463760375977,0.5787939429283142
1130,190,363.4959716796875,1.399361491203308,45.963287353515625,27.61284065246582,0.4662814140319824
1131,184,490.6644592285156,192.29676818847656,98.44741821289062,112.73561096191406,0.8495919704437256
1131,185,263.5997619628906,136.75379943847656,98.673828125,87.40560913085938,0.8572102189064026
1131,186,527.2708129882812,63.69211959838867,62.24407958984375,58.881656646728516,0.7633253335952759
1131,187,455.08721923828125,14.013518333435059,76.75164794921875,43.43571853637695,0.7893970012664795
1131,189,581.6918334960938,14.080357551574707,50.65570068359375,23.292713165283203,0.6454628109931946
1131,190,361.58221435546875,1.020372748374939,46.904052734375,28.228099822998047,0.48216360807418823
1132,184,487.76641845703125,200.06224060058594,101.49688720703125,116.25654602050781,0.847027599811554
1132,185,257.4957275390625,143.63232421875,99.92031860351562,88.68370056152344,0.8438763618469238
1132,186,527.1220092773438,66.68547821044922,62.51873779296875,59.42266082763672,0.6975903511047363
1132,187,452.1708984375,14.299991607666016,80.1146240234375,47.02876663208008,0.7947588562965393
1132,189,579.6834716796875,14.068434715270996,56.28363037109375,26.235389709472656,0.6559000015258789
1132,190,357.9677429199219,0.347129225730896,50.497802734375,30.568037033081055,0.5438753366470337
1133,184,485.9090576171875,208.45559692382812,104.93023681640625,120.34564208984375,0.8577890396118164
1133,185,250.1127471923828,150.59933471679688,102.19935607910156,90.96543884277344,0.8323166370391846
1133,186,524.3409423828125,69.5257339477539,67.354736328125,65.1530990600586,0.5738931894302368
1133,187,451.1334228515625,14.72258186340332,80.20379638671875,48.77549743652344,0.8108944296836853
1133,189,578.343017578125,13.805747985839844,60.48236083984375,28.673233032226562,0.6447551846504211
1133,190,353.5848693847656,0.0,54.594879150390625,33.4033203125,0.6389442086219788
1134,184,483.3174133300781,216.435791015625,109.23629760742188,125.79135131835938,0.8174751400947571
1134,185,242.40621948242188,156.6604461669922,105.71621704101562,94.07917785644531,0.7170836329460144
1134,186,525.0183715820312,73.28260040283203,65.9842529296875,64.51569366455078,0.651473343372345
1134,187,449.87994384765625,15.058241844177246,80.4127197265625,50.696189880371094,0.7231760621070862
1134,189,578.5371704101562,14.600068092346191,61.19818115234375,29.50277328491211,0.5447919368743896
1134,190,350.0356140136719,0.0,56.858245849609375,35.17296600341797,0.675265371799469
1135,184,476.98822021484375,225.2720489501953,114.9742431640625,132.54115295410156,0.8399279117584229
1135,185,234.67852783203125,163.9927978515625,108.63729858398438,96.8564453125,0.7715612053871155
1135,186,524.9500732421875,77.14739990234375,64.90087890625,63.89262390136719,0.7791280746459961
1135,187,449.2698974609375,15.458015441894531,79.7904052734375,51.99280548095703,0.7030137181282043
1135,189,576.2708129882812,14.597044944763184,67.31689453125,33.23056411743164,0.5208964347839355
1135,190,346.4684143066406,0.0,60.08013916015625,37.83171081542969,0.6613889336585999
1136,184,475.24664306640625,235.6230010986328,118.4180908203125,136.7843780517578,0.8529602289199829
1136,185,226.37110900878906,170.8303680419922,111.95204162597656,99.97621154785156,0.802649974822998
1136,186,524.1260986328125,79.86865997314453,65.9696044921875,65.41239166259766,0.7162009477615356
1136,187,447.9175720214844,16.054689407348633,81.54293823242188,54.94292449951172,0.6291335225105286
1136,189,574.1771850585938,13.608414649963379,72.76611328125,37.011531829833984,0.5606032013893127
1136,190,344.1329040527344,0.5292317271232605,61.112152099609375,39.15373992919922,0.8029623627662659
1137,184,472.1084899902344,246.14085388183594,123.22244262695312,143.07566833496094,0.8535788655281067
1137,185,217.76882934570312,178.46702575683594,115.2476806640625,102.82572937011719,0.8258318305015564
1137,186,524.41748046875,84.6589126586914,63.88580322265625,63.389610290527344,0.6187446713447571
1137,187,446.056884765625,17.48255729675293,82.565185546875,57.51372528076172,0.6179283857345581
1137,189,572.9742431640625,13.41063117980957,75.99371337890625,39.82794952392578,0.6034892201423645
1137,190,341.9944152832031,1.2576241493225098,62.316986083984375,40.576534271240234,0.8269720673561096
1138,184,468.8578186035156,256.4664306640625,127.98965454101562,149.28265380859375,0.7662218809127808
1138,185,208.39698791503906,186.75216674804688,119.12596130371094,106.3475341796875,0.7438527345657349
1138,186,522.31591796875,88.90389251708984,67.11737060546875,67.14485931396484,0.5870914459228516
1138,187,444.8858337402344,19.04503059387207,82.30459594726562,59.15373992919922,0.7403210997581482
1138,189,572.8331298828125,12.747331619262695,77.77374267578125,42.08122253417969,0.5743537545204163
1138,190,339.326171875,1.2676029205322266,64.18069458007812,42.52616882324219,0.7751966714859009
1139,184,466.7084655761719,268.0373840332031,132.73074340820312,156.03671264648438,0.8717610836029053
1139,185,198.66851806640625,194.85159301757812,123.74905395507812,110.75173950195312,0.7669208645820618
1139,186,521.788330078125,92.75724792480469,67.8448486328125,68.17457580566406,0.6351848244667053
1139,187,444.01904296875,20.48255157470703,81.6053466796875,60.48170471191406,0.7788998484611511
1139,189,573.166259765625,13.213330268859863,78.10125732421875,43.60099792480469,0.6831408739089966
1139,190,337.7798156738281,2.966222047805786,64.02398681640625,43.20257568359375,0.7348927855491638
1140,184,463.9466857910156,280.1363830566406,138.17251586914062,163.6864013671875,0.843900740146637
1140,185,187.5702362060547,203.60137939453125,129.39720153808594,116.03872680664062,0.810802161693573
1140,186,520.9451293945312,96.8082504272461,69.6278076171875,70.34102630615234,0.6622974872589111
1140,187,445.1813049316406,23.642860412597656,77.42239379882812,58.84027862548828,0.7492284178733826
1140,189,573.7125244140625,13.776067733764648,78.66864013671875,45.301513671875,0.67709881067276
1140,190,336.261474609375,5.541438102722168,63.549774169921875,43.63665008544922,0.672291100025177
1141,184,459.7944030761719,292.44189453125,144.25839233398438,172.83551025390625,0.8483059406280518
1141,185,175.76730346679688,212.74624633789062,135.63555908203125,122.00341796875,0.8802486062049866
1141,186,520.6260375976562,101.40104675292969,68.81756591796875,69.64822387695312,0.6473772525787354
1141,187,445.3042297363281,27.1291446685791,75.00387573242188,58.29225158691406,0.6880598068237305
1141,189,573.8153076171875,14.217918395996094,80.2408447265625,47.75319290161133,0.6181696653366089
1141,190,333.9759826660156,8.923502922058105,61.856292724609375,42.99271774291992,0.7617159485816956
1142,184,455.0393981933594,305.7382507324219,150.45333862304688,182.70114135742188,0.8357723951339722
1142,185,163.4205780029297,222.5120391845703,141.23863220214844,127.32240295410156,0.8652780055999756
1142,186,518.4907836914062,105.01326751708984,71.413818359375,72.72539520263672,0.6497312188148499
1142,187,443.81243896484375,28.597414016723633,75.42193603515625,59.992820739746094,0.7564864158630371
1142,189,574.1728515625,14.615748405456543,82.1673583984375,50.58144760131836,0.7009052038192749
1142,190,332.68670654296875,12.152331352233887,59.369232177734375,41.61494827270508,0.7889477014541626
1143,184,449.25738525390625,319.0462951660156,158.4229736328125,195.21755981445312,0.8075922727584839
1143,185,151.16990661621094,232.91880798339844,146.25889587402344,132.1150360107422,0.8454440236091614
1143,186,517.6458740234375,109.79591369628906,72.44281005859375,74.12309265136719,0.7221978306770325
1143,187,441.5010070800781,29.513181686401367,77.33126831054688,62.97779083251953,0.7849022746086121
1143,189,575.3911743164062,15.290464401245117,82.28436279296875,52.36620330810547,0.6753643155097961
1143,190,330.5997009277344,14.720314979553223,58.671905517578125,41.42931365966797,0.8072674870491028
1144,184,446.0262145996094,333.77374267578125,160.68734741210938,199.9677734375,0.7768034934997559
1144,185,137.3170623779297,244.02792358398438,152.8736114501953,138.53054809570312,0.890537440776825
1144,186,516.1718139648438,114.08682250976562,74.4287109375,76.60202026367188,0.7294194102287292
1144,187,439.4366760253906,30.69350814819336,78.05355834960938,64.88851928710938,0.726012110710144
1144,189,575.9304809570312,15.527600288391113,84.9542236328125,56.05161666870117,0.5873062014579773
1144,190,328.020751953125,16.9283504486084,58.9990234375,42.10491180419922,0.7613973021507263
1145,184,447.43511962890625,350.3572082519531,153.75225830078125,189.64279174804688,0.5222896933555603
1145,185,122.15888214111328,255.54940795898438,160.35598754882812,145.80209350585938,0.8090596795082092
1145,186,515.4581909179688,119.11701965332031,75.53125,78.15248107910156,0.7405588030815125
1145,187,436.830810546875,32.710853576660156,79.65093994140625,67.54830932617188,0.7891427278518677
1145,189,577.4276733398438,17.219375610351562,84.29132080078125,57.53260803222656,0.7143139839172363
1145,190,324.5859069824219,18.955120086669922,60.44927978515625,43.55144500732422,0.8376686573028564
1146,184,450.684814453125,367.30712890625,144.6351318359375,172.69287109375,0.5875327587127686
1146,185,106.71358489990234,267.5694274902344,168.31350708007812,153.55715942382812,0.7413950562477112
1146,186,513.57080078125,123.9699935913086,78.013671875,81.18448638916016,0.7959386110305786
1146,187,435.981689453125,34.65281295776367,79.635986328125,68.71745300292969,0.7477537393569946
1146,189,579.0821533203125,19.97935676574707,82.09552001953125,57.876426696777344,0.6645375490188599
1146,190,321.8350524902344,20.724132537841797,60.8369140625,44.25162124633789,0.8480599522590637
1146,192,453.3816833496094,366.6635437011719,139.89260864257812,169.04611206054688,0.35330265760421753
1147,185,86.35318756103516,276.4464111328125,181.34432983398438,166.18087768554688,0.5888475775718689
1147,186,512.1102294921875,128.78245544433594,79.8087158203125,83.64088439941406,0.6510806679725647
1147,187,435.8996887207031,36.373313903808594,77.70864868164062,68.15361022949219,0.7267763018608093
1147,189,581.486083984375,22.651281356811523,77.7572021484375,56.37849426269531,0.6848546862602234
1147,190,320.03533935546875,23.382404327392578,59.3741455078125,43.51920700073242,0.728540301322937
1147,192,457.43896484375,385.4172668457031,127.07171630859375,152.65451049804688,0.544083297252655
1148,185,65.31497955322266,282.99688720703125,196.85321044921875,182.4278564453125,0.4035037159919739
1148,186,511.8720703125,134.87030029296875,80.68072509765625,84.85546875,0.7675427198410034
1148,187,435.9253845214844,38.97046661376953,76.32516479492188,67.87957763671875,0.7488752603530884
1148,189,583.5233154296875,25.906604766845703,75.3311767578125,56.0931510925293,0.4983048439025879
1148,190,315.6927795410156,25.26810646057129,61.444061279296875,45.42650604248047,0.7068032622337341
1148,192,463.57763671875,407.8409118652344,111.0283203125,131.37942504882812,0.5523359775543213
1149,185,48.66532897949219,303.51483154296875,201.14576721191406,187.2835693359375,0.5913453698158264
1149,186,509.5272216796875,141.28379821777344,84.337890625,89.56268310546875,0.719120979309082
1149,187,434.2161865234375,41.86482238769531,77.44351196289062,70.06562805175781,0.7896163463592529
1149,189,584.3770751953125,28.269351959228516,74.95916748046875,57.27262496948242,0.5366847515106201
1149,190,310.309326171875,27.424734115600586,64.20791625976562,48.06877136230469,0.8139605522155762
1149,192,472.6427001953125,430.03973388671875,95.70172119140625,109.96026611328125,0.5887284278869629
1150,185,28.345008850097656,320.96771240234375,210.98834228515625,197.364501953125,0.3540528118610382
1150,186,508.21368408203125,146.38250732421875,85.89178466796875,91.84187316894531,0.8037200570106506
1150,187,432.48297119140625,44.12138366699219,78.46221923828125,72.21662902832031,0.8374640941619873
1150,189,585.175537109375,30.755205154418945,75.0355224609375,58.77055358886719,0.6406307816505432
1150,190,308.24078369140625,30.11492156982422,62.68316650390625,47.21105194091797,0.8500787615776062
1151,185,11.052389144897461,338.95489501953125,210.624267578125,196.14593505859375,0.3865772783756256
1151,186,506.9319152832031,153.15670776367188,87.17697143554688,93.74984741210938,0.7292577624320984
1151,187,431.05963134765625,46.884368896484375,78.85641479492188,73.90711975097656,0.6937171816825867
1151,189,586.3795166015625,33.622314453125,74.7166748046875,59.88128662109375,0.6096650958061218
1151,190,306.0833740234375,32.3699951171875,62.426422119140625,47.377288818359375,0.8090304732322693
1152,186,504.9176940917969,159.4285888671875,89.26943969726562,96.6182861328125,0.741731584072113
1152,187,428.4761657714844,48.82533264160156,80.70065307617188,76.71217346191406,0.69304358959198
1152,189,587.0726928710938,36.22052001953125,75.13909912109375,61.60741424560547,0.5725668668746948
1152,190,302.5050964355469,35.836612701416016,62.30157470703125,47.5415153503418,0.7835373282432556
1153,186,503.4660949707031,166.59681701660156,91.06625366210938,99.22434997558594,0.7214699983596802
1153,187,426.9016418457031,51.36444854736328,80.744140625,77.71753692626953,0.709502100944519
1153,189,589.1311645507812,39.66960144042969,73.0845947265625,60.98207092285156,0.6392990350723267
1153,190,298.6163024902344,38.20005416870117,62.937408447265625,48.32716751098633,0.8015867471694946
1153,185,5.522569179534912,376.622802734375,182.26483154296875,163.377197265625,0.6369408369064331
1154,186,501.5602111816406,172.9772186279297,94.09603881835938,103.48066711425781,0.7857872843742371
1154,187,426.0744323730469,54.15007019042969,79.73117065429688,77.67402648925781,0.6175855994224548
1154,189,590.1842651367188,42.574989318847656,73.04718017578125,62.01081085205078,0.6228433847427368
1154,190,295.25201416015625,40.653018951416016,63.46881103515625,48.83222579956055,0.7775397896766663
1154,185,9.473655700683594,400.0448303222656,158.39358520507812,139.95516967773438,0.8442678451538086
1155,186,499.6797180175781,180.85386657714844,95.84231567382812,106.17369079589844,0.83250492811203
1155,187,425.1123962402344,56.81047439575195,78.87802124023438,77.53054809570312,0.49334943294525146
1155,189,590.0122680664062,45.129669189453125,75.373779296875,65.3410873413086,0.5641418695449829
1155,190,290.8283386230469,42.967933654785156,64.90994262695312,50.16859436035156,0.6676790118217468
1155,185,12.936487197875977,424.64508056640625,134.7093048095703,115.35491943359375,0.6091219186782837
1155,195,429.68310546875,54.41667175292969,72.08294677734375,80.1490478515625,0.4291415214538574
1156,186,496.33428955078125,189.65008544921875,98.98504638671875,110.14114379882812,0.847653865814209
1156,189,592.0839233398438,48.492515563964844,73.2928466796875,64.47464752197266,0.6226224899291992
1156,190,285.57220458984375,45.802398681640625,67.38790893554688,52.379547119140625,0.8320267200469971
1156,185,18.52989387512207,450.4874267578125,109.03056335449219,89.5125732421875,0.6957934498786926
1156,195,427.07293701171875,61.39109802246094,71.69119262695312,79.69303894042969,0.46898138523101807
1157,186,493.85205078125,196.63162231445312,102.48297119140625,114.78173828125,0.8471792340278625
1157,189,593.2841186523438,51.640316009521484,73.61529541015625,65.67582702636719,0.5297651886940002
1157,190,281.7369384765625,48.74645233154297,67.26870727539062,52.55353546142578,0.8275861144065857
1157,195,424.4652099609375,64.7512435913086,73.7623291015625,82.02497100830078,0.48455822467803955
1158,186,491.83465576171875,204.88002014160156,105.6578369140625,119.34672546386719,0.8581876754760742
1158,189,594.262451171875,55.13277816772461,74.19451904296875,67.10737609863281,0.608072817325592
1158,190,278.20123291015625,52.65286636352539,67.0068359375,52.34464645385742,0.7955312132835388
1158,195,421.80548095703125,67.41732025146484,74.91744995117188,83.33885955810547,0.5329559445381165
1159,186,490.4399719238281,214.5845947265625,107.86691284179688,122.65283203125,0.8255038857460022
1159,189,594.6207885742188,57.827880859375,75.77410888671875,69.54083251953125,0.6127051115036011
1159,190,273.5339660644531,56.00883102416992,68.16497802734375,53.398860931396484,0.7496410608291626
1159,195,419.7991638183594,71.4558334350586,73.42291259765625,81.51004791259766,0.5165002346038818
1159,187,416.442626953125,69.50892639160156,82.02874755859375,81.59776306152344,0.42379918694496155
1160,186,487.6673889160156,223.3577117919922,112.18533325195312,128.64317321777344,0.7720301747322083
1160,189,595.7700805664062,61.10197830200195,76.61956787109375,71.14218139648438,0.6936468482017517
1160,190,268.1978454589844,58.63306427001953,70.14312744140625,55.02173614501953,0.8010351061820984
1160,195,417.14013671875,73.5074234008789,74.72592163085938,82.8631362915039,0.5755082964897156
1160,187,413.92181396484375,71.86268615722656,82.98904418945312,83.44960021972656,0.4076760411262512
1161,186,485.024658203125,233.12142944335938,115.904541015625,134.24136352539062,0.8044572472572327
1161,189,596.3165893554688,65.04042053222656,78.90960693359375,74.09130859375,0.6004828214645386
1161,190,262.28192138671875,61.5694694519043,72.34219360351562,56.7550163269043,0.8561100363731384
1162,186,482.251953125,242.8221435546875,119.86761474609375,140.32583618164062,0.8121465444564819
1162,189,596.68505859375,69.01515197753906,80.97467041015625,77.21652221679688,0.5321680307388306
1162,190,257.3693542480469,64.58999633789062,74.74624633789062,58.78455352783203,0.7365319728851318
1162,187,408.12005615234375,79.78105926513672,86.09036254882812,87.44091033935547,0.44672921299934387
1163,186,479.58087158203125,253.234619140625,123.51165771484375,146.2764892578125,0.7817033529281616
1163,189,598.9178466796875,73.62638854980469,81.56854248046875,78.65879821777344,0.5323745608329773
1163,190,253.30157470703125,69.31033325195312,73.54986572265625,57.75697326660156,0.7981395125389099
1163,187,405.0621643066406,82.71292114257812,86.96319580078125,89.01419067382812,0.43411314487457275
1164,186,476.3049621582031,264.4491882324219,127.87826538085938,153.04568481445312,0.6570754647254944
1164,189,600.1987915039062,77.94432067871094,82.32537841796875,80.26255798339844,0.6521700024604797
1164,190,247.83184814453125,73.1264877319336,75.4989013671875,59.439720153808594,0.7315062880516052
1164,187,401.9988708496094,85.2182846069336,88.89434814453125,91.86043548583984,0.5243290066719055
1165,186,474.18145751953125,278.0960998535156,131.06488037109375,158.3565673828125,0.7605117559432983
1165,189,601.3555908203125,81.6927719116211,83.84979248046875,82.5086441040039,0.7287053465843201
1165,190,241.7089080810547,76.68112182617188,76.94602966308594,60.611053466796875,0.7298459410667419
1165,187,399.81634521484375,90.41781616210938,88.843505859375,92.27774047851562,0.525885283946991
1166,186,468.916748046875,289.04638671875,138.5555419921875,169.46014404296875,0.7803984880447388
1166,189,602.79052734375,86.7622299194336,83.5897216796875,82.77361297607422,0.6566073298454285
1166,190,235.15570068359375,81.04747772216797,78.94992065429688,62.22966766357422,0.7154765725135803
1166,187,395.8594970703125,94.96846008300781,90.89459228515625,94.75527954101562,0.6686360836029053
1167,186,463.71405029296875,302.830322265625,145.86572265625,180.836181640625,0.7703966498374939
1167,189,604.0165405273438,91.95213317871094,84.96942138671875,84.78330993652344,0.5986153483390808
1167,190,228.90528869628906,84.23054504394531,81.31166076660156,64.21426391601562,0.6662540435791016
1167,187,393.0089416503906,98.90094757080078,91.72586059570312,95.97077178955078,0.7300655841827393
1168,186,458.9847106933594,316.9253234863281,151.57351684570312,190.34457397460938,0.7251837253570557
1168,189,605.2431030273438,96.89679718017578,86.40087890625,86.9183120727539,0.5995423793792725
1168,190,223.26376342773438,89.30168914794922,81.76885986328125,64.49210357666016,0.746375322341919
1168,187,389.6387634277344,102.86530303955078,93.94766235351562,98.94318389892578,0.7060489058494568
1169,186,455.63372802734375,332.1509704589844,156.63372802734375,199.02340698242188,0.6876474022865295
1169,189,606.5936889648438,101.58942413330078,88.85382080078125,90.02483367919922,0.5518029928207397
1169,190,216.4542999267578,93.89313507080078,83.83113098144531,66.07514190673828,0.7519152760505676
1169,187,385.6601867675781,106.58273315429688,97.66629028320312,103.80230712890625,0.6685445308685303
1170,186,455.8805236816406,345.9599914550781,152.81961059570312,194.04000854492188,0.6925032734870911
1170,189,607.1751098632812,106.08716583251953,91.53155517578125,93.49593353271484,0.6226251721382141
1170,190,208.77590942382812,97.82567596435547,87.38983154296875,68.9197769165039,0.6889274716377258
1170,187,381.61541748046875,110.46357727050781,100.32977294921875,107.40029907226562,0.6961479783058167
1171,186,459.4888000488281,363.6090087890625,142.86129760742188,176.3909912109375,0.5915948748588562
1171,189,608.7108154296875,111.96975708007812,92.84619140625,95.44450378417969,0.5944193005561829
1171,190,201.55438232421875,102.44630432128906,89.14718627929688,70.30911254882812,0.7387979626655579
1171,187,378.9747314453125,115.88043212890625,100.11749267578125,107.57693481445312,0.581977903842926
1172,186,464.1556701660156,382.39776611328125,131.66915893554688,157.60223388671875,0.6216615438461304
1172,189,609.529296875,118.54206085205078,94.88116455078125,98.09052276611328,0.5338882803916931
1172,190,193.22901916503906,106.94610595703125,92.92308044433594,73.41148376464844,0.8012217283248901
1172,187,374.7268371582031,121.42322540283203,102.78146362304688,111.11084747314453,0.657011866569519
1173,186,470.25445556640625,403.7194519042969,119.30706787109375,136.28054809570312,0.568468451499939
1173,189,611.135986328125,124.82315063476562,97.58489990234375,101.63621520996094,0.6657440662384033
1173,190,186.10260009765625,112.42575073242188,93.65814208984375,73.94908142089844,0.6825547218322754
1173,187,370.4451599121094,125.88687896728516,104.4586181640625,113.3344497680664,0.7120352983474731
1174,186,474.68115234375,423.6725158691406,108.564453125,116.32748413085938,0.5091082453727722
1174,189,611.5247192382812,130.8087615966797,100.8533935546875,105.80587768554688,0.7111766934394836
1174,190,177.07223510742188,117.7021713256836,96.9100341796875,76.60297393798828,0.7251518368721008
1174,187,366.32440185546875,130.75718688964844,106.17221069335938,115.60795593261719,0.6062631011009216
1175,186,481.8186950683594,449.2024230957031,92.86801147460938,90.79757690429688,0.599433183670044
1175,189,612.1760864257812,138.28858947753906,104.06951904296875,109.8538818359375,0.6243273019790649
1175,190,168.80368041992188,123.61653900146484,98.8988037109375,78.13062286376953,0.716261625289917
1175,187,361.27020263671875,136.47732543945312,108.786865234375,118.98945617675781,0.6244660019874573
1176,189,613.169921875,144.66397094726562,107.83740234375,114.35781860351562,0.6459539532661438
1176,190,159.6276092529297,128.53256225585938,101.76548767089844,80.14862060546875,0.760346531867981
1176,187,356.4774475097656,142.76905822753906,111.50820922851562,122.46717834472656,0.6683726906776428
1177,189,613.8497314453125,150.9586181640625,112.31903076171875,119.77667236328125,0.7274714708328247
1177,190,149.38308715820312,134.253173828125,106.080322265625,83.61483764648438,0.7346785068511963
1177,187,351.7796936035156,147.78138732910156,114.2349853515625,125.93879699707031,0.6831433176994324
1178,189,614.260498046875,158.70700073242188,116.76544189453125,125.35488891601562,0.8256036043167114
1178,190,139.9024200439453,140.92185974121094,108.16934204101562,84.94961547851562,0.7802891731262207
1178,187,346.69293212890625,154.0587158203125,115.62539672851562,127.66024780273438,0.7394115924835205
1179,189,615.0396118164062,166.62486267089844,120.4844970703125,130.28880310058594,0.7606375813484192
1179,190,129.13612365722656,148.10987854003906,111.37492370605469,87.37893676757812,0.8027280569076538
1179,187,340.95697021484375,161.4396209716797,118.976318359375,131.5074920654297,0.7411668300628662
1180,189,616.1455688476562,174.64898681640625,126.127685546875,137.58416748046875,0.7507301568984985
1180,190,117.85155487060547,154.7265625,114.9801254272461,89.97685241699219,0.8140296936035156
1180,187,334.7236022949219,167.0760498046875,123.33035278320312,136.87884521484375,0.6872500777244568
1181,189,618.0429077148438,183.81143188476562,130.67803955078125,143.66165161132812,0.8691781759262085
1181,190,106.09162902832031,161.9907989501953,118.91299438476562,92.74940490722656,0.7185795903205872
1181,187,328.4380798339844,174.13706970214844,126.98150634765625,141.45982360839844,0.7149022221565247
1182,189,619.011962890625,192.7505645751953,135.7618408203125,150.5655975341797,0.8075276613235474
1182,190,93.29252624511719,168.74244689941406,124.486572265625,97.01499938964844,0.6791475415229797
1182,187,322.29498291015625,181.85447692871094,130.28067016601562,145.4337921142578,0.7844842076301575
1183,189,619.886962890625,202.54986572265625,141.67169189453125,158.48959350585938,0.807378351688385
1183,190,80.23191833496094,177.54678344726562,129.14613342285156,100.53506469726562,0.7833910584449768
1183,187,314.6421813964844,190.171875,134.63357543945312,150.815185546875,0.7410837411880493
1184,189,621.426513671875,213.6712646484375,147.3189697265625,166.0400390625,0.8460459113121033
1184,190,67.23219299316406,186.72238159179688,133.00491333007812,103.25787353515625,0.6839118003845215
1184,187,306.4805603027344,198.41517639160156,138.70928955078125,155.62403869628906,0.7100798487663269
1185,189,623.4255981445312,225.39474487304688,153.9434814453125,175.12838745117188,0.7884451150894165
1185,190,52.750431060791016,196.1345672607422,137.9998321533203,106.95744323730469,0.803668737411499
1185,187,298.1253967285156,206.11927795410156,144.59725952148438,162.6283416748047,0.6761522889137268
1186,189,624.6843872070312,237.42684936523438,161.3001708984375,185.32070922851562,0.7517387866973877
1186,190,35.85279846191406,204.94068908691406,144.625244140625,111.91316223144531,0.8014937043190002
1186,187,289.5110778808594,216.025390625,149.25360107421875,168.34548950195312,0.6881615519523621
1187,189,626.9678955078125,250.10247802734375,168.911865234375,196.03488159179688,0.7795430421829224
1187,190,18.650230407714844,214.48638916015625,152.0509033203125,117.45672607421875,0.7773101329803467
1187,187,279.33551025390625,225.82833862304688,155.210693359375,175.54275512695312,0.7226162552833557
1188,189,628.2717895507812,264.27288818359375,177.7003173828125,208.75311279296875,0.7675589919090271
1188,190,1.9516204595565796,225.53097534179688,159.6161651611328,123.56060791015625,0.8251585364341736
1188,187,268.5059509277344,237.4010009765625,161.16403198242188,182.34756469726562,0.8265534043312073
1189,189,631.1614990234375,279.676513671875,187.39459228515625,222.9398193359375,0.65315842628479
1189,190,0.0,236.20420837402344,155.6233673095703,128.9702911376953,0.8632797002792358
1189,187,257.8411560058594,248.49554443359375,168.654541015625,191.5208740234375,0.6393227577209473
1189,202,549.2335205078125,14.515487670898438,43.7435302734375,28.432613372802734,0.44580283761024475
1190,189,635.872802734375,296.8414611816406,194.0546875,233.14724731445312,0.6345254182815552
1190,190,0.0,248.48406982421875,150.76385498046875,135.77932739257812,0.8584595918655396
1190,187,247.004150390625,260.0919494628906,175.2415771484375,199.62103271484375,0.5026755332946777
1190,202,548.489013671875,14.365570068359375,46.37353515625,30.17556381225586,0.45471805334091187
1191,189,646.337890625,315.1221618652344,188.12152099609375,224.87783813476562,0.4703771471977234
1191,190,0.0,260.50946044921875,145.43788146972656,143.11273193359375,0.780694305896759
1191,187,233.879150390625,269.9842834472656,185.14788818359375,212.01467895507812,0.2903364300727844
1191,202,547.6721801757812,13.480854988098145,50.16192626953125,32.764854431152344,0.6479646563529968
1192,189,659.4984130859375,334.0352478027344,178.32110595703125,205.96475219726562,0.27579617500305176
1192,190,0.0,274.8172912597656,137.81166076660156,147.3875732421875,0.7069269418716431
1192,187,218.98326110839844,275.3591003417969,198.04847717285156,228.94464111328125,0.3635905981063843
1192,202,544.940673828125,13.08378791809082,55.62078857421875,36.57673645019531,0.5633509755134583
1193,189,669.826904296875,355.656982421875,164.42156982421875,184.343017578125,0.339865505695343
1193,190,0.0,289.24810791015625,128.38829040527344,150.10494995117188,0.5423544049263
1193,202,543.894775390625,13.149284362792969,59.6112060546875,39.582916259765625,0.5885122418403625
1194,189,682.5440063476562,379.8323974609375,148.873779296875,160.1676025390625,0.31827735900878906
1194,202,544.9021606445312,13.45748233795166,59.9681396484375,40.26152801513672,0.6891589164733887
1195,189,692.4894409179688,405.43328857421875,132.19061279296875,134.56671142578125,0.5038978457450867
1195,202,544.3903198242188,13.841814994812012,62.07196044921875,42.28333282470703,0.6438280344009399
1195,203,0.0,319.2182922363281,63.8420295715332,117.54669189453125,0.5100889801979065
1196,189,705.984130859375,436.2806701660156,111.0704345703125,103.71932983398438,0.3709409832954407
1196,202,542.9609985351562,14.479475975036621,66.26593017578125,46.040340423583984,0.7455588579177856
1197,189,720.4398803710938,467.7998352050781,88.2181396484375,72.20016479492188,0.5227632522583008
1197,202,542.4818115234375,14.880776405334473,68.04046630859375,48.208980560302734,0.7898960113525391
1197,187,194.75927734375,360.7884826660156,160.624755859375,177.04934692382812,0.34063994884490967
1198,202,543.3184814453125,15.413549423217773,68.42230224609375,49.467620849609375,0.7260825037956238
1199,202,542.895751953125,17.35192108154297,70.48828125,52.16980743408203,0.7678236961364746
1200,202,542.23828125,19.73149299621582,73.7230224609375,56.00214385986328,0.7832828164100647
1201,202,543.0109252929688,22.55451774597168,73.37371826171875,57.07337951660156,0.8592143058776855
1201,204,372.69171142578125,3.338108777999878,39.479766845703125,26.756196975708008,0.5202528238296509
1202,202,546.6466064453125,25.816242218017578,67.8050537109375,53.508121490478516,0.8499526977539062
1202,204,370.279296875,3.1420750617980957,40.6353759765625,27.584062576293945,0.6101951003074646
1203,202,547.654052734375,28.677268981933594,67.449462890625,54.28765106201172,0.8181536793708801
1203,204,368.2091369628906,2.3260586261749268,43.015594482421875,29.294809341430664,0.5443276166915894
1204,202,547.3452758789062,31.030059814453125,68.545654296875,56.22638702392578,0.8229057192802429
1204,204,365.6912841796875,1.8505072593688965,46.345428466796875,31.719621658325195,0.4809381663799286
1205,202,548.1253662109375,34.07172393798828,67.64788818359375,56.28223419189453,0.7668083310127258
1205,204,362.03936767578125,0.9810053706169128,50.107269287109375,34.61882400512695,0.5196805596351624
1206,202,548.3090209960938,36.52996063232422,69.3555908203125,58.84088134765625,0.7250959873199463
1206,204,359.437744140625,0.45995354652404785,53.025115966796875,37.03948974609375,0.5903279185295105
1207,202,548.9802856445312,38.78581237792969,71.26898193359375,61.84850311279297,0.8388062715530396
1207,204,356.9090576171875,0.6663379073143005,55.43939208984375,39.20370864868164,0.6998414993286133
1208,202,551.5333862304688,41.61127471923828,69.02081298828125,60.79070281982422,0.7660689949989319
1208,204,354.7238464355469,1.8012912273406982,55.790374755859375,39.95656967163086,0.6806636452674866
1209,202,552.5486450195312,45.30782699584961,69.248046875,61.9013786315918,0.7683922648429871
1209,204,351.9836120605469,2.3309178352355957,57.826202392578125,42.073978424072266,0.7006200551986694
1210,202,552.9010620117188,48.81281661987305,70.8973388671875,64.45677185058594,0.7430086731910706
1210,204,349.6288757324219,3.5592360496520996,59.54339599609375,44.06075668334961,0.7010980844497681
1211,202,554.3136596679688,51.132083892822266,69.607421875,63.97408676147461,0.6695212125778198
1211,204,347.29547119140625,5.198179244995117,61.511322021484375,46.37547302246094,0.6455590724945068
1212,202,553.507568359375,54.369998931884766,73.064208984375,68.23066711425781,0.8588384985923767
1212,204,346.6724548339844,10.121391296386719,58.195770263671875,44.502166748046875,0.6322726011276245
1213,202,555.5784301757812,58.58388137817383,70.48297119140625,66.31161499023438,0.8133724927902222
1213,204,346.3104248046875,14.820058822631836,55.17218017578125,42.51287841796875,0.7716431021690369
1214,202,556.7864990234375,60.93728256225586,70.092041015625,66.39016723632812,0.7263630628585815
1214,204,344.9828796386719,17.826942443847656,55.210357666015625,42.813209533691406,0.7524640560150146
1215,202,557.3217163085938,64.9842529296875,71.29388427734375,68.06964111328125,0.7898621559143066
1215,204,343.2728271484375,20.059492111206055,55.59893798828125,43.4189453125,0.7851908802986145
1215,207,420.016845703125,12.719595909118652,41.864044189453125,14.688267707824707,0.5614144206047058
1216,202,558.723876953125,68.67384338378906,71.445556640625,68.56674194335938,0.7989823222160339
1216,204,341.2794494628906,21.920644760131836,56.1256103515625,44.142127990722656,0.7823531627655029
1216,207,416.0085754394531,12.752293586730957,46.40460205078125,16.34842300415039,0.595759928226471
1217,202,558.61376953125,72.45758056640625,74.24365234375,72.05364990234375,0.8116909265518188
1217,204,338.56353759765625,24.34303855895996,57.2210693359375,45.444976806640625,0.8159350752830505
1217,207,412.9151611328125,13.089545249938965,50.1219482421875,17.78154754638672,0.5380781292915344
1218,202,560.3491821289062,76.75121307373047,73.93878173828125,72.26688385009766,0.7401111125946045
1218,204,334.5975341796875,25.681968688964844,59.56488037109375,47.86322021484375,0.8396974802017212
1218,207,410.1043701171875,13.55232048034668,53.495391845703125,19.164804458618164,0.5241572856903076
1219,202,559.7737426757812,79.73851776123047,78.17169189453125,77.40499114990234,0.7940272688865662
1219,204,332.4056091308594,28.36908721923828,60.33978271484375,48.848838806152344,0.8345701098442078
1219,207,407.3446960449219,14.221939086914062,55.54693603515625,20.1507568359375,0.5196748375892639
1220,202,561.2305908203125,84.49353790283203,78.225341796875,77.97933197021484,0.7997944951057434
1220,204,329.6329345703125,31.13752555847168,61.86669921875,50.52875518798828,0.896085798740387
1220,207,404.2828369140625,14.83547306060791,58.359466552734375,21.515457153320312,0.6240676045417786
1221,202,561.1173095703125,89.61079406738281,80.77423095703125,81.25083923339844,0.8313741683959961
1221,204,327.6486511230469,34.09433364868164,62.170623779296875,51.19197463989258,0.8322588801383972
1221,207,401.59417724609375,15.18251895904541,60.933685302734375,22.894332885742188,0.6807492971420288
1222,202,561.8834838867188,94.80842590332031,82.31756591796875,83.56947326660156,0.8160239458084106
1222,204,324.49896240234375,36.23704147338867,63.144866943359375,52.29276657104492,0.7977002859115601
1222,207,399.0800476074219,15.130818367004395,63.557281494140625,24.400409698486328,0.7462946772575378
1223,202,562.2056884765625,99.04408264160156,84.61981201171875,86.79682922363281,0.8324069976806641
1223,204,321.88311767578125,38.86991500854492,62.668121337890625,52.103153228759766,0.767618715763092
1223,207,396.44390869140625,15.109375,66.13137817382812,25.97356414794922,0.7769877314567566
1224,202,563.074951171875,104.36600494384766,87.0203857421875,90.04448699951172,0.8405188918113708
1224,204,318.7041320800781,42.9721565246582,63.364013671875,53.0540885925293,0.70361328125
1224,207,392.63232421875,14.409547805786133,71.17977905273438,28.830259323120117,0.7617293000221252
1225,202,564.7872314453125,109.50733947753906,87.1939697265625,90.77816772460938,0.7778863310813904
1225,204,315.49462890625,47.007572174072266,64.50506591796875,54.37147903442383,0.7300382852554321
1225,207,389.3811340332031,13.374276161193848,75.69699096679688,31.730796813964844,0.717089831829071
1225,208,555.4353637695312,12.3775053024292,40.73138427734375,16.49423599243164,0.3824416399002075
1226,202,565.266845703125,115.05647277832031,89.38568115234375,93.63273620605469,0.8212810158729553
1226,204,312.2963562011719,50.39527130126953,64.57272338867188,54.683815002441406,0.7900496125221252
1226,207,385.3731994628906,12.98028564453125,80.54150390625,35.039546966552734,0.6178581118583679
1226,208,553.7511596679688,12.198341369628906,44.1585693359375,17.937557220458984,0.422453910112381
1227,202,565.4752807617188,119.87313079833984,92.455322265625,97.4882583618164,0.8334701061248779
1227,204,309.5585021972656,53.58123016357422,65.0802001953125,55.201385498046875,0.7621209621429443
1227,207,382.1373596191406,12.666792869567871,83.06924438476562,37.52312469482422,0.6942028999328613
1227,208,551.475830078125,12.227909088134766,48.313232421875,19.762731552124023,0.39447903633117676
1228,202,566.28564453125,127.00941467285156,95.78729248046875,101.64900207519531,0.7984768152236938
1228,204,305.287353515625,57.746429443359375,67.51126098632812,57.686767578125,0.8181235790252686
1228,207,380.93682861328125,13.225051879882812,82.53634643554688,38.67522430419922,0.7116890549659729
1228,208,550.8311157226562,12.581780433654785,49.7628173828125,20.531692504882812,0.43986955285072327
1229,202,567.3809204101562,133.78118896484375,97.11627197265625,103.41093444824219,0.778443455696106
1229,204,300.8066101074219,61.59541320800781,68.8797607421875,59.19050598144531,0.6799609661102295
1229,207,380.1196594238281,14.670126914978027,80.40548706054688,39.05642318725586,0.7315958142280579
1229,208,550.4525756835938,12.95851993560791,50.907958984375,21.221336364746094,0.49472203850746155
1230,202,567.9871215820312,140.56326293945312,100.77032470703125,107.82232666015625,0.7710070610046387
1230,204,296.053955078125,66.43592834472656,70.41006469726562,61.043731689453125,0.7502728700637817
1230,207,378.4093933105469,15.165249824523926,80.49008178710938,40.560665130615234,0.7527715563774109
1230,208,548.6527099609375,13.407073974609375,54.10076904296875,22.871631622314453,0.5803316235542297
1231,202,568.8846435546875,147.09947204589844,104.389404296875,112.21327209472656,0.762900710105896
1231,204,292.7975769042969,70.1031265258789,71.01010131835938,61.76221466064453,0.7401984333992004
1231,207,376.9410705566406,15.848111152648926,80.4810791015625,42.084197998046875,0.7395116686820984
1231,208,547.3184204101562,13.67086410522461,57.7689208984375,24.845436096191406,0.5718677043914795
1232,202,570.314453125,153.91400146484375,106.0989990234375,114.55645751953125,0.8310791850090027
1232,204,288.2807922363281,73.70208740234375,73.2132568359375,63.72181701660156,0.7487847208976746
1232,207,375.40386962890625,17.033451080322266,80.04876708984375,43.42155838012695,0.7388802170753479
1232,208,546.4124755859375,13.55439281463623,60.5106201171875,26.530670166015625,0.6027770042419434
1233,202,570.1239013671875,161.11878967285156,111.9822998046875,121.63325500488281,0.841072678565979
1233,204,283.6756591796875,77.60297393798828,74.82476806640625,65.14725494384766,0.6700038313865662
1233,207,373.6905517578125,18.945690155029297,79.45599365234375,44.61600112915039,0.7691059708595276
1233,208,545.4691772460938,13.695684432983398,62.08544921875,27.83086585998535,0.6377958655357361
1234,202,571.0099487304688,168.326904296875,117.2833251953125,128.32342529296875,0.8157179951667786
1234,204,278.3215637207031,82.31459045410156,77.07977294921875,67.22706604003906,0.6631985306739807
1234,207,371.1856689453125,20.55130386352539,79.249755859375,45.99850082397461,0.7500787973403931
1234,208,544.4400634765625,13.429693222045898,64.44049072265625,29.6279239654541,0.6527295112609863
1234,209,483.5832824707031,14.196691513061523,43.583953857421875,10.390066146850586,0.42367759346961975
1235,202,572.2086791992188,177.58448791503906,122.22406005859375,134.8580780029297,0.7830107808113098
1235,204,273.79461669921875,86.8037109375,78.1727294921875,68.42787170410156,0.6781086325645447
1235,207,371.2374572753906,24.22340202331543,75.18240356445312,44.898277282714844,0.7857720851898193
1235,208,542.8305053710938,12.820487022399902,67.887451171875,32.147499084472656,0.6679404973983765
1235,209,477.5212707519531,13.953852653503418,52.795989990234375,12.666863441467285,0.44772791862487793
1236,202,573.8309936523438,187.4568328857422,125.5947265625,139.5176544189453,0.840277910232544
1236,204,267.2197570800781,91.23680877685547,81.81121826171875,71.98157501220703,0.551177442073822
1236,207,370.0381774902344,26.593482971191406,74.1807861328125,45.573333740234375,0.7850934863090515
1236,208,541.4180297851562,12.695273399353027,71.01007080078125,34.74150085449219,0.6914168000221252
1236,209,475.0049133300781,14.483607292175293,55.477508544921875,13.400897026062012,0.4513612389564514
1237,202,574.6832885742188,197.07569885253906,131.6104736328125,147.42112731933594,0.7248316407203674
1237,204,261.409423828125,96.4718246459961,84.931884765625,75.13660430908203,0.5431839227676392
1237,207,368.8929138183594,28.69451332092285,73.12344360351562,46.207244873046875,0.7464327812194824
1237,208,540.263671875,13.047806739807129,73.16802978515625,37.02595901489258,0.6721091866493225
1237,209,469.7563171386719,14.412903785705566,61.396942138671875,14.983345985412598,0.4815578758716583
1238,202,575.1959228515625,207.96072387695312,137.6895751953125,155.6392822265625,0.8002759218215942
1238,204,255.84902954101562,100.93543243408203,85.80355834960938,76.06099700927734,0.7080420851707458
1238,207,368.1927795410156,31.0832576751709,71.54421997070312,46.33063507080078,0.7210485935211182
1238,208,539.6384887695312,13.447670936584473,73.9537353515625,38.748409271240234,0.7293165326118469
1238,209,464.9601745605469,14.394121170043945,66.78390502929688,16.550016403198242,0.540168285369873
1239,202,577.0027465820312,218.0205535888672,143.811767578125,164.20396423339844,0.8412954807281494
1239,204,249.38475036621094,106.4065933227539,88.71577453613281,78.9035415649414,0.7126989364624023
1239,207,366.07379150390625,32.96083068847656,71.43359375,47.26104736328125,0.7886801362037659
1239,208,538.77001953125,13.745095252990723,75.31878662109375,40.92830276489258,0.7523050308227539
1239,209,458.16998291015625,13.909870147705078,76.61798095703125,19.42620086669922,0.6036856174468994
1240,202,578.8577270507812,229.30789184570312,148.69781494140625,171.43670654296875,0.8188724517822266
1240,204,242.20541381835938,112.66999053955078,92.2689208984375,82.3219985961914,0.6951612234115601
1240,207,363.374267578125,35.443626403808594,71.8017578125,48.539459228515625,0.8100607991218567
1240,208,538.6624755859375,13.975119590759277,75.342529296875,42.44232940673828,0.7912859320640564
1240,209,454.0290222167969,13.869236946105957,82.11441040039062,21.390472412109375,0.6671690344810486
1241,202,580.4703979492188,242.2850341796875,155.70654296875,181.33737182617188,0.8486641645431519
1241,204,235.6963348388672,118.89777374267578,93.60102844238281,83.6006851196289,0.7114974856376648
1241,207,361.8528137207031,38.3942985534668,70.02224731445312,48.35691452026367,0.7539592981338501
1241,208,539.0347290039062,14.739594459533691,74.3580322265625,43.40060806274414,0.7893909811973572
1241,209,449.2435607910156,13.963521957397461,90.43771362304688,24.377485275268555,0.7184898853302002
1242,202,581.250732421875,254.15097045898438,163.6273193359375,192.4776611328125,0.7753117680549622
1242,204,228.79493713378906,124.9175033569336,96.44456481933594,86.2375259399414,0.7600923776626587
1242,207,359.13543701171875,41.40202713012695,69.51849365234375,48.70085525512695,0.7559013962745667
1242,208,538.5526123046875,15.545258522033691,75.4434814453125,45.73494338989258,0.7733649611473083
1242,209,447.1322937011719,14.786865234375,93.99380493164062,26.314987182617188,0.7967714071273804
1243,202,582.7175903320312,269.6052551269531,172.19482421875,204.63815307617188,0.7095636129379272
1243,204,220.7466278076172,130.7008514404297,99.61277770996094,89.36058044433594,0.7815161347389221
1243,207,356.8149719238281,44.039276123046875,69.9378662109375,49.751731872558594,0.7807328701019287
1243,208,538.4647216796875,16.41843032836914,75.32061767578125,47.37532043457031,0.7528246641159058
1243,209,445.5067443847656,14.699161529541016,96.68997192382812,28.18891143798828,0.7230715751647949
1244,202,583.7090454101562,286.02203369140625,181.86676025390625,218.88082885742188,0.8316721320152283
1244,204,212.5856475830078,137.82015991210938,102.54118347167969,92.0928955078125,0.8482407927513123
1244,207,352.2109069824219,45.74732208251953,73.01333618164062,52.91438293457031,0.8385366201400757
1244,208,538.6412353515625,17.410747528076172,74.4158935546875,48.39421463012695,0.7424451112747192
1244,209,444.3379211425781,14.421468734741211,96.93643188476562,29.526479721069336,0.6963182091712952
1245,202,588.2269897460938,303.9483337402344,186.46502685546875,226.04208374023438,0.6139244437217712
1245,204,204.83815002441406,145.32241821289062,104.57795715332031,93.72976684570312,0.7830237150192261
1245,207,350.3706359863281,48.284912109375,72.40841674804688,53.336395263671875,0.8335270881652832
1245,208,540.015380859375,19.90138053894043,71.8809814453125,48.31427764892578,0.7486321926116943
1245,209,441.5415954589844,13.781314849853516,101.56008911132812,32.45035934448242,0.7223373055458069
1246,202,598.7974243164062,321.8258056640625,180.9149169921875,218.1741943359375,0.8194493055343628
1246,204,196.0521697998047,153.32650756835938,107.22358703613281,95.94540405273438,0.775170624256134
1246,207,347.83941650390625,50.61332702636719,73.21694946289062,54.85968017578125,0.7857762575149536
1246,208,541.3471069335938,22.968120574951172,69.4078369140625,48.08541488647461,0.8050107955932617
1246,209,438.9582214355469,13.536547660827637,105.85958862304688,35.584293365478516,0.7611655592918396
1246,213,377.3240661621094,3.583251953125,47.168701171875,23.310619354248047,0.46708887815475464
1247,202,612.0201416015625,342.1396484375,170.0933837890625,197.8603515625,0.7248698472976685
1247,204,187.4822540283203,161.36863708496094,109.37385559082031,97.31929016113281,0.6610381007194519
1247,207,344.93243408203125,53.38998031616211,72.73556518554688,55.23476028442383,0.7091867327690125
1247,208,540.5260009765625,24.41085433959961,70.1600341796875,50.04104995727539,0.7748936414718628
1247,209,437.5240173339844,13.661952018737793,107.90567016601562,38.22332000732422,0.7333093285560608
1247,213,371.5751953125,1.8697859048843384,54.673431396484375,27.165054321289062,0.6127659678459167
1247,214,375.8988952636719,10.531919479370117,47.2021484375,18.388586044311523,0.4841338098049164
1247,215,614.2425537109375,13.217791557312012,38.0888671875,18.128982543945312,0.3595525324344635
1248,202,625.919921875,365.23468017578125,156.367431640625,174.76531982421875,0.3603624105453491
1248,204,175.90377807617188,169.1425018310547,115.022216796875,102.11064147949219,0.7470188140869141
1248,207,341.7427978515625,56.063148498535156,73.36898803710938,56.40861511230469,0.7419818043708801
1248,208,540.5824584960938,26.3231143951416,69.24664306640625,50.720985412597656,0.7538288831710815
1248,209,437.2456359863281,13.790431022644043,107.01638793945312,39.90259552001953,0.760793149471283
1248,214,368.7636413574219,7.612401485443115,56.61297607421875,22.17084503173828,0.5989766716957092
1248,215,612.960205078125,13.205496788024902,40.32562255859375,19.224483489990234,0.36694565415382385
1249,202,639.5307006835938,391.2384948730469,140.566162109375,148.76150512695312,0.5453561544418335
1249,204,165.00929260253906,177.7912139892578,120.22007751464844,106.42408752441406,0.6850688457489014
1249,207,339.01666259765625,59.64239501953125,73.11956787109375,56.94903564453125,0.7535507678985596
1249,208,540.7060546875,28.362794876098633,68.72515869140625,51.69480895996094,0.8180153965950012
1249,209,437.7039489746094,14.249629020690918,105.16799926757812,41.272525787353516,0.7425092458724976
1249,214,367.05389404296875,9.505443572998047,56.336517333984375,22.173274993896484,0.5921321511268616
1249,215,611.9178466796875,13.376947402954102,44.045654296875,21.060205459594727,0.4448018968105316
1249,213,363.7557678222656,1.520372748374939,61.7320556640625,31.012731552124023,0.48657333850860596
1250,204,152.7320098876953,187.61590576171875,125.24131774902344,110.48040771484375,0.786479651927948
1250,207,336.1211853027344,63.23066711425781,73.58938598632812,58.076820373535156,0.7264640927314758
1250,208,542.0931396484375,30.760059356689453,66.49761962890625,51.1384391784668,0.7827950119972229
1250,209,436.8156433105469,14.681679725646973,105.35263061523438,43.5721435546875,0.7180368900299072
1250,214,358.3744812011719,6.884822368621826,68.85247802734375,27.494525909423828,0.6913848519325256
1250,215,611.8826904296875,13.871861457824707,45.68939208984375,21.911697387695312,0.49712568521499634
1251,204,139.10870361328125,196.653564453125,132.31747436523438,116.5611572265625,0.5866317749023438
1251,207,332.54876708984375,68.32772827148438,72.22750854492188,57.59284973144531,0.8062175512313843
1251,208,542.35888671875,33.47201919555664,65.8365478515625,51.52854537963867,0.7405195832252502
1251,209,436.5602722167969,15.504793167114258,103.85189819335938,45.23130798339844,0.7520003318786621
1251,215,611.9984130859375,13.946703910827637,47.74609375,23.015968322753906,0.49695804715156555
1251,213,355.2037048339844,1.263677716255188,68.591064453125,35.183040618896484,0.6920069456100464
1252,204,124.25055694580078,207.3638916015625,140.47100830078125,123.74459838867188,0.7801039814949036
1252,207,329.31317138671875,70.73778533935547,73.6697998046875,59.29631805419922,0.711565375328064
1252,208,541.8388671875,35.385475158691406,66.48468017578125,53.123146057128906,0.7782330513000488
1252,209,435.662841796875,16.481781005859375,103.4075927734375,47.43476104736328,0.7253943085670471
1252,215,611.0551147460938,14.084528923034668,49.942138671875,24.24362564086914,0.473375529050827
1252,213,351.6981201171875,0.9522289633750916,71.33963012695312,37.467464447021484,0.6902934908866882
1253,204,109.40118408203125,218.4519805908203,146.36329650878906,128.56260681152344,0.6121864914894104
1253,207,326.0899658203125,74.46186828613281,75.0096435546875,60.95556640625,0.7042098045349121
1253,208,541.4121704101562,37.386268615722656,67.0634765625,54.65095520019531,0.7882299423217773
1253,209,436.4967956542969,18.01540184020996,100.09170532226562,48.292579650878906,0.7176403403282166
1253,215,610.3899536132812,14.464590072631836,51.85797119140625,25.404085159301758,0.4058660864830017
1253,213,349.04473876953125,1.4961729049682617,72.66043090820312,39.096153259277344,0.6951143741607666
1254,204,93.47332000732422,230.25946044921875,152.8087158203125,133.87966918945312,0.4321863055229187
1254,207,322.5743713378906,77.65708923339844,75.65902709960938,61.78810119628906,0.8363308906555176
1254,208,541.3404541015625,39.75975036621094,67.37322998046875,56.016441345214844,0.798811137676239
1254,209,436.2391052246094,20.632080078125,97.62545776367188,49.288063049316406,0.7540956735610962
1254,215,608.6126098632812,14.549665451049805,55.44293212890625,27.57523536682129,0.3337862491607666
1254,213,345.9443054199219,2.1471619606018066,74.03994750976562,40.768516540527344,0.8209865093231201
1255,204,74.81982421875,242.5636444091797,163.65748596191406,143.12290954589844,0.7482694387435913
1255,207,318.83172607421875,81.27569580078125,77.25778198242188,63.70550537109375,0.766209602355957
1255,208,540.6693725585938,42.07714080810547,68.1602783203125,57.83245086669922,0.8326480984687805
1255,209,436.2229309082031,23.41505241394043,94.42214965820312,49.84575653076172,0.7764456868171692
1255,215,605.6779174804688,13.598231315612793,59.884033203125,30.474319458007812,0.34768158197402954
1255,213,342.7469177246094,2.435746431350708,76.04928588867188,42.965335845947266,0.7506076097488403
1256,204,54.373374938964844,255.54742431640625,175.167724609375,153.55743408203125,0.7936263680458069
1256,207,315.5610046386719,84.02540588378906,77.88214111328125,64.67689514160156,0.6235519051551819
1256,208,540.472900390625,44.90810775756836,68.1561279296875,59.02633285522461,0.8114956021308899
1256,209,436.7977294921875,26.841968536376953,90.20367431640625,49.58938217163086,0.7154554724693298
1256,215,604.69921875,13.9254789352417,61.98236083984375,32.23783874511719,0.3401006758213043
1256,213,338.42242431640625,2.42732834815979,78.1505126953125,45.37993621826172,0.773977518081665
1257,204,32.983848571777344,268.58416748046875,187.57489013671875,164.772705078125,0.7978677749633789
1257,207,310.3306579589844,86.96528625488281,80.33767700195312,67.26045227050781,0.664292573928833
1257,208,540.9990234375,47.94855880737305,66.6602783203125,58.67257308959961,0.8188396692276001
1257,209,436.6978759765625,29.78616714477539,87.61248779296875,50.06560134887695,0.7602505683898926
1257,215,604.2266845703125,14.164151191711426,64.262939453125,34.230751037597656,0.330173522233963
1257,213,334.7635803222656,3.416438341140747,79.4010009765625,47.515586853027344,0.7647147178649902
1258,204,8.68460464477539,283.99224853515625,199.93614196777344,175.98245239257812,0.831000030040741
1258,207,305.7710876464844,91.13802337646484,82.00827026367188,69.15044403076172,0.7655104994773865
1258,208,541.1760864257812,50.59990692138672,65.5189208984375,58.5306396484375,0.7581003904342651
1258,209,436.88360595703125,32.212615966796875,84.78985595703125,50.243553161621094,0.6397053003311157
1258,215,605.3929443359375,14.986137390136719,65.2386474609375,35.62729263305664,0.3483545780181885
1258,213,335.6641845703125,9.451537132263184,72.10684204101562,43.980281829833984,0.7380427122116089
1259,204,0.0,300.85858154296875,203.01573181152344,188.88259887695312,0.7419769763946533
1259,207,302.17254638671875,96.40956115722656,82.29257202148438,69.56317138671875,0.6987236738204956
1259,208,541.7103271484375,53.5080680847168,64.85369873046875,58.78329849243164,0.7842748165130615
1259,209,435.025390625,34.92425537109375,84.4796142578125,51.719993591308594,0.6760988235473633
1259,215,605.0352783203125,14.448138236999512,67.67144775390625,38.08182907104492,0.45807528495788574
1259,213,334.4047546386719,14.036511421203613,68.81378173828125,42.73941421508789,0.7866119146347046
1260,204,0.0,319.1938781738281,200.14598083496094,205.11587524414062,0.7309807538986206
1260,207,297.54388427734375,100.63575744628906,84.1202392578125,71.53445434570312,0.73902827501297
1260,208,540.8998413085938,56.1486701965332,66.21771240234375,61.03630447387695,0.7760834693908691
1260,209,433.92840576171875,37.00714111328125,83.67816162109375,52.78199005126953,0.710385799407959
1260,215,604.3967895507812,13.70390510559082,70.478515625,40.98225402832031,0.48802629113197327
1260,213,331.1294250488281,16.57117462158203,68.769775390625,43.501216888427734,0.8219354748725891
1261,204,0.0,338.5216979980469,187.04933166503906,200.13980102539062,0.7737470269203186
1261,207,292.63885498046875,105.28701782226562,85.49395751953125,73.18692016601562,0.7492879033088684
1261,208,540.2627563476562,59.169254302978516,66.77716064453125,62.45193862915039,0.6973996162414551
1261,209,433.4611511230469,39.54822540283203,82.09146118164062,53.17243194580078,0.6482565402984619
1261,215,604.6838989257812,13.853822708129883,70.96966552734375,42.67889404296875,0.3939021825790405
1261,213,327.71356201171875,18.58260154724121,69.31387329101562,44.63880920410156,0.8347147703170776
1262,204,0.0,358.0228576660156,168.5740966796875,181.97714233398438,0.807693600654602
1262,207,287.3046569824219,109.75115203857422,87.29510498046875,75.02452850341797,0.7132106423377991
1262,208,539.6419067382812,61.97050857543945,68.0841064453125,64.68791198730469,0.7158963680267334
1262,209,432.47406005859375,42.515899658203125,81.49041748046875,54.221923828125,0.6997169256210327
1262,215,605.4332885742188,14.71091365814209,70.4107666015625,43.843624114990234,0.5710570812225342
1262,213,324.9919128417969,21.426610946655273,68.54275512695312,44.924102783203125,0.8258316516876221
1263,204,0.0,378.0760498046875,147.22860717773438,161.9239501953125,0.6330514550209045
1263,207,281.3753662109375,114.91754913330078,89.3201904296875,77.11803436279297,0.7097483277320862
1263,208,539.2383422851562,64.83514404296875,67.74462890625,65.11680603027344,0.7827309370040894
1263,209,431.84722900390625,45.63017272949219,80.81842041015625,55.115577697753906,0.7962745428085327
1263,215,606.0919799804688,15.743947982788086,69.72454833984375,44.91144561767578,0.5784356594085693
1263,213,321.9353942871094,23.65138053894043,68.27377319335938,45.53954315185547,0.8071008324623108
1264,204,0.0,403.3444519042969,123.01181030273438,136.65554809570312,0.6484941840171814
1264,207,276.3598327636719,120.0777587890625,89.8995361328125,77.71353149414062,0.7760423421859741
1264,208,539.3055419921875,68.52198028564453,67.000244140625,64.91991424560547,0.8205832242965698
1264,209,431.12103271484375,48.10687255859375,80.34732055664062,56.23564147949219,0.7347294092178345
1264,215,607.0562133789062,16.586793899536133,69.74517822265625,46.31175231933594,0.4531571567058563
1264,213,318.5467224121094,25.810546875,69.306396484375,47.00346374511719,0.6774921417236328
1265,207,270.30938720703125,124.7594985961914,92.762451171875,80.51317596435547,0.8037487864494324
1265,208,538.2484130859375,71.13019561767578,68.563720703125,67.21422576904297,0.7768069505691528
1265,209,429.847412109375,50.6583137512207,80.552490234375,57.84413528442383,0.6353448629379272
1265,215,608.387451171875,17.554349899291992,69.00030517578125,47.20075988769531,0.4418129622936249
1265,213,315.02728271484375,28.40122413635254,69.81295776367188,48.06398010253906,0.6872500777244568
1266,207,263.640380859375,129.62478637695312,96.23715209960938,83.82395935058594,0.8028165698051453
1266,208,538.0078125,74.60958862304688,68.82196044921875,68.0919189453125,0.7807497978210449
1266,209,429.635009765625,54.21003723144531,78.9097900390625,58.01582336425781,0.743914008140564
1266,215,609.8497924804688,18.881288528442383,67.37408447265625,47.32880401611328,0.39954549074172974
1266,213,311.0157775878906,31.103036880493164,69.67547607421875,48.711387634277344,0.7422619462013245
1267,207,258.8443908691406,136.0140380859375,96.19076538085938,83.65184020996094,0.7869383096694946
1267,208,536.658447265625,76.88250732421875,71.04302978515625,71.23124694824219,0.7823995351791382
1267,209,428.4344177246094,57.2308464050293,78.40933227539062,58.931453704833984,0.703988254070282
1267,215,611.4736328125,21.385129928588867,65.644775390625,47.390625,0.508042573928833
1267,213,306.5213623046875,33.393951416015625,70.02578735351562,49.70893096923828,0.733267068862915
1268,207,251.46543884277344,142.67417907714844,99.59013366699219,86.82528686523438,0.8253684043884277
1268,208,536.19140625,79.53726959228516,72.0185546875,73.06587982177734,0.7264864444732666
1268,209,427.3447265625,61.137760162353516,77.41177368164062,59.35239791870117,0.615084707736969
1268,215,612.3094482421875,23.793954849243164,65.28240966796875,48.31206512451172,0.6550270915031433
1268,213,303.1229553222656,36.36419677734375,69.57638549804688,49.965782165527344,0.7623062133789062
1269,207,245.03379821777344,148.73330688476562,101.85993957519531,88.91560363769531,0.7749868035316467
1269,208,536.146240234375,83.79403686523438,71.31829833984375,72.86167907714844,0.6760625243186951
1269,209,425.1607360839844,64.26054382324219,78.3150634765625,61.243614196777344,0.7020202279090881
1269,215,613.6865234375,25.584251403808594,64.1458740234375,48.43702697753906,0.5571696162223816
1269,213,298.3203125,39.09276580810547,70.73724365234375,51.44214630126953,0.7413538098335266
1270,207,237.65676879882812,154.47608947753906,104.130859375,90.97184753417969,0.7918270826339722
1270,208,535.6246337890625,87.67308044433594,72.4100341796875,74.66171264648438,0.723984956741333
1270,209,424.406005859375,69.29955291748047,76.16580200195312,60.49443817138672,0.7727481126785278
1270,215,614.7107543945312,27.101442337036133,64.6842041015625,49.782958984375,0.5905315279960632
1270,213,294.2742004394531,42.281211853027344,70.383544921875,51.69933319091797,0.7179722189903259
1271,207,230.02346801757812,162.55772399902344,106.0501708984375,92.51535034179688,0.7369686961174011
1271,208,535.88037109375,92.52041625976562,72.2862548828125,75.02276611328125,0.7632316946983337
1271,209,421.94842529296875,72.16325378417969,77.56979370117188,62.61674499511719,0.7077729105949402
1271,215,616.7898559570312,29.765438079833984,62.83294677734375,49.13406753540039,0.582434892654419
1271,213,290.3796081542969,44.869056701660156,70.60458374023438,52.3740234375,0.7581568360328674
1272,207,220.7103729248047,168.44984436035156,111.29231262207031,97.24797058105469,0.6518082618713379
1272,208,534.0985717773438,96.71289825439453,74.85498046875,78.62267303466797,0.6830281615257263
1272,209,419.45196533203125,75.37008666992188,78.97042846679688,64.90081787109375,0.659755527973175
1272,215,617.8048095703125,31.972957611083984,61.97357177734375,49.21559524536133,0.5157716274261475
1272,213,285.64312744140625,48.47772979736328,70.8953857421875,52.962791442871094,0.6833696961402893
1273,207,211.3135528564453,174.76437377929688,116.09880065917969,101.73138427734375,0.8457678556442261
1273,208,533.0662841796875,100.0687484741211,76.34686279296875,80.87207794189453,0.7700070738792419
1273,209,416.188232421875,79.21214294433594,80.91336059570312,67.47328186035156,0.7163869738578796
1273,215,619.1663208007812,34.01655578613281,61.7081298828125,49.66539001464844,0.718044638633728
1273,213,279.67779541015625,51.580326080322266,72.71194458007812,54.77272415161133,0.7551104426383972
1274,207,201.6800079345703,180.662841796875,121.22108459472656,106.71847534179688,0.7454548478126526
1274,208,532.3318481445312,104.33915710449219,77.3956298828125,82.59097290039062,0.7674739956855774
1274,209,414.4232482910156,82.28939819335938,80.84365844726562,68.27816772460938,0.6559869050979614
1274,215,620.3174438476562,35.964500427246094,60.9827880859375,49.616722106933594,0.6925601363182068
1274,213,274.1357727050781,55.402076721191406,73.12258911132812,55.357078552246094,0.8612512946128845
1275,207,192.6019744873047,189.55227661132812,123.67704772949219,109.02581787109375,0.7734492421150208
1275,208,531.9185791015625,108.8060302734375,77.4744873046875,83.27937316894531,0.7880361676216125
1275,209,411.6658020019531,85.83570861816406,80.82730102539062,69.23486328125,0.5218269228935242
1275,215,620.8770751953125,38.15623092651367,60.6365966796875,49.87905502319336,0.654722273349762
1275,213,268.4850769042969,58.43024826049805,75.3228759765625,57.522151947021484,0.7869642376899719
1276,207,182.2801513671875,197.9248809814453,128.33938598632812,113.40400695800781,0.8188477754592896
1276,208,531.2970581054688,113.63256072998047,78.56060791015625,85.11164093017578,0.7558144927024841
1276,209,408.5422058105469,89.66824340820312,82.45257568359375,71.53602600097656,0.6316690444946289
1276,215,620.3435668945312,39.757041931152344,62.2149658203125,52.01597595214844,0.6032550930976868
1276,213,262.65057373046875,61.750205993652344,76.85125732421875,59.02374267578125,0.8207505345344543
1277,207,171.02268981933594,206.83441162109375,133.26185607910156,117.95233154296875,0.8351403474807739
1277,208,532.2633666992188,118.69699096679688,76.7911376953125,83.38053894042969,0.7837384939193726
1277,209,405.5011901855469,94.30435943603516,83.28289794921875,72.99427032470703,0.6596947312355042
1277,215,620.1503295898438,41.68271255493164,64.13470458984375,54.57371139526367,0.5813035368919373
1277,213,256.5360107421875,65.6576156616211,77.90347290039062,60.21202850341797,0.757830798625946
1278,207,159.96170043945312,214.8665771484375,138.55032348632812,122.94863891601562,0.7746770977973938
1278,208,530.979736328125,123.06348419189453,79.4337158203125,86.95349884033203,0.7910945415496826
1278,209,401.8659362792969,98.11798095703125,84.6126708984375,74.87962341308594,0.7252288460731506
1278,215,621.6061401367188,43.80781555175781,62.95770263671875,54.280364990234375,0.6233847737312317
1278,213,250.52088928222656,70.00130462646484,79.15888977050781,61.46062469482422,0.8634136915206909
1279,207,148.16714477539062,225.4669189453125,142.7806396484375,126.8297119140625,0.7701014280319214
1279,208,530.6322631835938,127.77330017089844,79.60174560546875,87.59896850585938,0.8081904053688049
1279,209,397.9024963378906,103.20164489746094,87.04440307617188,77.97625732421875,0.6052185893058777
1279,215,621.8610229492188,45.98112869262695,63.35772705078125,55.25107192993164,0.6301514506340027
1279,213,245.02706909179688,74.260009765625,79.59591674804688,62.000885009765625,0.6797864437103271
1280,207,135.23458862304688,236.77957153320312,147.20040893554688,130.762451171875,0.6439346075057983
1280,208,529.3798828125,133.28152465820312,80.33038330078125,88.49191284179688,0.7880617380142212
1280,209,394.8900146484375,109.07813262939453,87.1007080078125,78.34294891357422,0.6119011640548706
1280,215,623.0370483398438,47.985286712646484,61.6038818359375,54.37742233276367,0.4966047704219818
1280,213,238.0911407470703,78.21556091308594,81.72187805175781,63.92498779296875,0.809729278087616
1281,207,120.85774993896484,248.087890625,154.23068237304688,137.18508911132812,0.6943303942680359
1281,208,528.7133178710938,140.04629516601562,80.45843505859375,88.58303833007812,0.8066633343696594
1281,209,391.71246337890625,114.45970916748047,88.66238403320312,80.39128875732422,0.7892082929611206
1281,215,624.1766967773438,50.66420364379883,62.573486328125,55.921382904052734,0.3892991542816162
1281,213,231.0872039794922,83.00692749023438,82.92079162597656,65.04867553710938,0.7269455194473267
1282,207,106.26736450195312,259.9367370605469,159.62686157226562,141.80075073242188,0.7977932095527649
1282,208,526.9928588867188,145.5133514404297,83.46630859375,92.11259460449219,0.8631726503372192
1282,209,388.0489501953125,119.32112121582031,90.95819091796875,83.30238342285156,0.7949270606040955
1282,215,625.3494262695312,52.434326171875,62.72454833984375,56.75462341308594,0.478292316198349
1282,213,223.66036987304688,87.32301330566406,85.25735473632812,67.11962890625,0.7211281657218933
1283,207,89.02519989013672,270.9991760253906,169.13763427734375,150.32257080078125,0.8770769834518433
1283,208,526.0531005859375,150.7250518798828,86.04510498046875,95.33702087402344,0.8395406007766724
1283,209,384.83343505859375,124.26752471923828,92.55178833007812,85.55786895751953,0.7582858800888062
1283,215,625.9497680664062,55.36606979370117,64.29498291015625,58.898250579833984,0.44322362542152405
1283,213,216.8638458251953,92.22074890136719,85.89710998535156,67.71234130859375,0.7087337374687195
1284,207,69.93787384033203,279.13446044921875,183.10079956054688,163.4246826171875,0.6025844216346741
1284,208,524.2234497070312,156.85476684570312,89.39776611328125,99.71475219726562,0.8238133788108826
1284,209,381.4648742675781,129.62277221679688,93.667236328125,87.18072509765625,0.7718881368637085
1284,215,627.0118408203125,58.008060455322266,63.79718017578125,59.23469924926758,0.3441861569881439
1284,213,208.02349853515625,96.75221252441406,89.69094848632812,70.99679565429688,0.7844579219818115
1285,207,47.806732177734375,286.0663757324219,199.20518493652344,179.52297973632812,0.599655270576477
1285,208,522.7579956054688,164.1351776123047,89.99505615234375,100.25090026855469,0.8629131317138672
1285,209,376.3608703613281,135.842529296875,97.64593505859375,91.92703247070312,0.7940816879272461
1285,215,628.31005859375,60.71745681762695,65.33697509765625,61.52150344848633,0.3196234703063965
1285,213,200.3494110107422,101.77418518066406,90.69883728027344,71.9378662109375,0.7957433462142944
1286,207,32.48295593261719,308.2130126953125,200.9879608154297,181.1993408203125,0.7431133985519409
1286,208,521.284423828125,170.34254455566406,92.77178955078125,103.66941833496094,0.7903265357017517
1286,209,373.11920166015625,143.08177185058594,97.7493896484375,92.53926086425781,0.716042160987854
1286,215,629.3668823242188,63.207008361816406,64.53802490234375,61.582191467285156,0.38649365305900574
1286,213,191.24603271484375,106.50292205810547,94.106201171875,74.76634979248047,0.7926627397537231
1286,222,634.0370483398438,63.556270599365234,56.07879638671875,61.148746490478516,0.3615278899669647
1287,207,11.342812538146973,327.4512634277344,209.96397399902344,189.48031616210938,0.7336825728416443
1287,208,520.0477905273438,176.96096801757812,94.9195556640625,106.24679565429688,0.8446795344352722
1287,209,368.5815734863281,148.58291625976562,99.72894287109375,95.13345336914062,0.7508110404014587
1287,213,181.18435668945312,111.42021179199219,97.63558959960938,77.80401611328125,0.8341113924980164
1287,222,635.6735229492188,67.256103515625,55.39227294921875,60.330169677734375,0.6403675079345703
1288,207,0.0,344.75189208984375,209.0328369140625,189.8072509765625,0.6627888083457947
1288,208,518.2626953125,183.897216796875,97.77197265625,109.6851806640625,0.8088223338127136
1288,209,363.65631103515625,155.65211486816406,101.99935913085938,97.88322448730469,0.4252529740333557
1288,213,172.09457397460938,117.77620697021484,99.23431396484375,79.1244125366211,0.7197796702384949
1288,222,636.4407958984375,69.81702423095703,56.51708984375,61.484779357910156,0.3528088629245758
1288,215,631.5877685546875,68.82012939453125,64.850341796875,62.42073059082031,0.510157585144043
1289,207,0.0,362.9364318847656,193.28892517089844,177.06356811523438,0.7210314869880676
1289,208,516.7728271484375,191.7853546142578,100.22882080078125,112.70976257324219,0.8712806105613708
1289,209,357.4561462402344,163.10414123535156,105.23171997070312,101.58680725097656,0.7480276823043823
1289,213,162.23193359375,123.78697967529297,102.02978515625,81.44014739990234,0.8004735112190247
1289,222,637.2115478515625,72.2354965209961,57.7884521484375,62.724281311035156,0.3547680974006653
1289,215,633.31640625,71.92860412597656,64.20086669921875,61.89674377441406,0.49264317750930786
1290,207,0.0,381.7740783691406,176.5468292236328,158.22592163085938,0.7672529220581055
1290,208,514.3649291992188,199.49488830566406,103.49920654296875,116.56166076660156,0.8708881735801697
1290,209,351.2715148925781,169.36155700683594,110.21945190429688,107.26283264160156,0.7405941486358643
1290,213,150.9361114501953,129.34242248535156,106.20237731933594,85.12078857421875,0.8180587291717529
1290,215,634.8297119140625,75.08709716796875,63.94158935546875,61.914764404296875,0.4940841495990753
1291,207,0.0,401.96954345703125,158.20001220703125,138.03045654296875,0.766606867313385
1291,208,511.8320007324219,207.68894958496094,107.31045532226562,121.29530334472656,0.8827884197235107
1291,209,345.2233581542969,177.2345428466797,113.19357299804688,110.74952697753906,0.7593575119972229
1291,213,140.00633239746094,135.32029724121094,108.59495544433594,87.13508605957031,0.8254008293151855
1291,215,636.1940307617188,80.42384338378906,63.61395263671875,61.65620422363281,0.4698222279548645
1292,207,2.6396324634552,423.6591796875,136.61309814453125,116.3408203125,0.6011662483215332
1292,208,509.7289123535156,215.7133026123047,111.51651000976562,126.73155212402344,0.8528706431388855
1292,209,338.5199279785156,186.10830688476562,116.56451416015625,114.53018188476562,0.7874346971511841
1292,213,127.71813201904297,142.98936462402344,111.87752532958984,89.76170349121094,0.813532829284668
1292,215,637.6829223632812,85.71422576904297,63.16961669921875,61.09319305419922,0.5931840538978577
1293,207,7.03130578994751,446.7371520996094,112.70942687988281,93.26284790039062,0.7090359926223755
1293,208,507.5162353515625,224.89627075195312,114.94964599609375,131.39846801757812,0.8540351390838623
1293,209,332.2723693847656,195.18894958496094,119.50369262695312,118.19761657714844,0.8377615809440613
1293,213,114.86959838867188,150.4615020751953,114.80021667480469,91.92054748535156,0.873110830783844
1293,215,636.5716552734375,86.1131362915039,66.4306640625,64.66988372802734,0.521298885345459
1294,207,11.414236068725586,471.6885986328125,85.59648895263672,68.3114013671875,0.32709017395973206
1294,208,505.1993103027344,235.35549926757812,117.94259643554688,135.59521484375,0.8773144483566284
1294,209,324.938232421875,204.12893676757812,123.15313720703125,122.21328735351562,0.873901903629303
1294,213,100.35923767089844,157.18959045410156,121.24603271484375,97.33103942871094,0.7986829876899719
1294,215,636.649658203125,88.20457458496094,69.00299072265625,67.51649475097656,0.3727533221244812
1295,208,502.3741149902344,245.34141540527344,122.89297485351562,142.39161682128906,0.8832248449325562
1295,209,317.643798828125,213.9827117919922,128.692626953125,128.48411560058594,0.8283177018165588
1295,213,86.13607025146484,165.45767211914062,125.90155792236328,101.02737426757812,0.8275139331817627
1295,215,637.9760131835938,92.26051330566406,70.68780517578125,69.20645141601562,0.6900428533554077
1296,208,498.4107360839844,254.3558349609375,129.85806274414062,151.93038940429688,0.7696234583854675
1296,209,309.02642822265625,224.98182678222656,132.88372802734375,133.57752990722656,0.8095175623893738
1296,213,71.93022155761719,174.64871215820312,129.38633728027344,103.7900390625,0.8100711703300476
1296,215,637.6602172851562,94.01290893554688,73.37835693359375,72.371826171875,0.48529335856437683
1296,224,590.2650756835938,14.40017032623291,37.532958984375,20.231510162353516,0.4362085163593292
1297,208,495.1067810058594,265.5305480957031,134.70455932617188,158.9283447265625,0.7993439435958862
1297,209,299.71270751953125,236.64244079589844,137.6104736328125,138.95533752441406,0.8496487140655518
1297,213,54.8110237121582,182.76348876953125,135.3548583984375,108.44186401367188,0.8504986763000488
1297,215,638.0704956054688,95.92476654052734,75.25152587890625,74.53429412841797,0.6422918438911438
1297,224,588.7067260742188,14.903736114501953,40.44500732421875,21.859966278076172,0.5694250464439392
1298,208,492.4678039550781,278.46917724609375,138.32113647460938,164.52767944335938,0.7680189609527588
1298,209,289.92041015625,248.5896759033203,144.08493041992188,146.3568878173828,0.8267881870269775
1298,213,37.81930160522461,193.0060272216797,140.69252014160156,112.62339782714844,0.787240207195282
1298,215,638.5958251953125,99.43875885009766,76.40093994140625,76.0021743774414,0.6542696356773376
1298,224,586.2835693359375,14.82580280303955,44.470703125,24.165512084960938,0.5153112411499023
1299,208,489.1080017089844,290.9005432128906,144.37698364257812,173.47943115234375,0.7678724527359009
1299,209,277.8795166015625,260.52587890625,150.91778564453125,153.96310424804688,0.8383550047874451
1299,213,20.21718406677246,203.40171813964844,146.7572784423828,117.36933898925781,0.8473637700080872
1299,215,638.8124389648438,103.39360046386719,77.183837890625,77.05964660644531,0.6620844006538391
1299,224,584.214599609375,14.633662223815918,48.21868896484375,26.436302185058594,0.518214762210846
1300,208,484.5829162597656,303.930419921875,152.34872436523438,185.19302368164062,0.7777413129806519
1300,209,264.6280822753906,270.9132995605469,161.03631591796875,165.6566162109375,0.8915202021598816
1300,213,1.6563304662704468,213.34698486328125,154.60670471191406,124.11114501953125,0.8210321664810181
1300,215,640.4876098632812,107.05286407470703,78.56927490234375,78.7334213256836,0.6430011987686157
1300,224,582.7958374023438,14.699793815612793,50.73358154296875,28.125385284423828,0.5430060029029846
1301,208,479.7284240722656,318.7227478027344,159.83547973632812,196.86672973632812,0.821375846862793
1301,209,251.90737915039062,283.0360412597656,170.44659423828125,177.27212524414062,0.8281674385070801
1301,213,0.0,225.2891845703125,149.0140838623047,130.75885009765625,0.8590498566627502
1301,215,641.6865234375,110.9843521118164,79.51214599609375,79.82567596435547,0.6942556500434875
1301,224,581.3746948242188,14.639840126037598,53.01007080078125,29.795696258544922,0.5982716083526611
1302,208,477.336181640625,334.29541015625,161.5682373046875,200.35479736328125,0.7982466220855713
1302,209,241.19186401367188,300.14239501953125,175.65322875976562,184.02313232421875,0.8428893685340881
1302,213,0.0,237.84066772460938,142.9649658203125,137.2742919921875,0.8487643599510193
1302,215,642.41064453125,115.2708969116211,80.741455078125,81.29996490478516,0.5817895531654358
1302,224,578.6964111328125,14.301799774169922,56.7679443359375,32.46811294555664,0.6168732047080994
1303,208,479.3268737792969,349.6837158203125,155.36654663085938,190.3162841796875,0.718411922454834
1303,209,226.41384887695312,316.7450866699219,185.35098266601562,195.89511108398438,0.7265074253082275
1303,213,0.0,251.49102783203125,135.29916381835938,142.58819580078125,0.7436635494232178
1303,215,642.5573120117188,119.43399047851562,82.810302734375,83.57606506347656,0.623437762260437
1303,224,576.9830322265625,14.095438003540039,59.59063720703125,34.781341552734375,0.6743313670158386
1303,225,421.1566162109375,13.478395462036133,41.998931884765625,14.137809753417969,0.42520567774772644
1304,208,484.2289123535156,367.26300048828125,145.00692749023438,172.73699951171875,0.5572418570518494
1304,209,214.33546447753906,333.8225402832031,187.54856872558594,198.35891723632812,0.610012948513031
1304,213,0.0,264.6905517578125,126.47322845458984,147.3004150390625,0.7155561447143555
1304,215,643.00537109375,123.7648696899414,83.99169921875,84.99164581298828,0.6552244424819946
1304,224,575.364013671875,13.879402160644531,62.67901611328125,37.48445510864258,0.7828471660614014
1304,225,415.970703125,14.09558391571045,47.135589599609375,15.901816368103027,0.45742353796958923
1305,208,487.8484802246094,385.5314025878906,133.88485717773438,154.46859741210938,0.662922203540802
1305,209,204.9386444091797,351.1919860839844,180.87498474121094,188.80801391601562,0.7759085297584534
1305,215,644.4920043945312,128.38853454589844,85.77801513671875,87.02325439453125,0.6472000479698181
1305,224,574.8118286132812,14.2119779586792,63.4808349609375,38.914859771728516,0.8073974847793579
1305,225,412.149658203125,14.034408569335938,52.893951416015625,17.93866729736328,0.5426587462425232
1306,208,492.0848693847656,406.2915344238281,122.82839965820312,133.70846557617188,0.44097840785980225
1306,209,202.7110137939453,369.7165832519531,168.8619842529297,170.28341674804688,0.7386276721954346
1306,215,645.2722778320312,132.35792541503906,87.95269775390625,89.67057800292969,0.6528998017311096
1306,224,575.0264892578125,14.739211082458496,63.060546875,39.64255905151367,0.8270139098167419
1306,225,408.6641845703125,14.227517127990723,57.755523681640625,19.770248413085938,0.5585233569145203
1306,226,0.0,295.7705078125,62.23285675048828,123.45989990234375,0.48464518785476685
1307,208,500.95330810546875,428.0498962402344,109.60418701171875,111.95010375976562,0.3849360942840576
1307,209,199.60755920410156,391.41632080078125,155.44569396972656,148.58367919921875,0.7172130942344666
1307,215,647.0388793945312,137.35211181640625,88.91754150390625,90.86996459960938,0.627196729183197
1307,224,574.674560546875,15.834877014160156,63.3660888671875,41.014923095703125,0.7849132418632507
1307,225,404.57794189453125,14.570903778076172,64.01220703125,22.2454833984375,0.610395610332489
1308,209,197.8606719970703,415.4872131347656,139.29087829589844,124.51278686523438,0.6954430341720581
1308,215,648.509765625,143.06625366210938,91.068115234375,93.32400512695312,0.5739573240280151
1308,224,573.5501708984375,17.142467498779297,64.29949951171875,42.90481185913086,0.6965656280517578
1308,225,400.9638977050781,14.379804611206055,69.60595703125,24.64153480529785,0.6615887880325317
1309,209,202.50343322753906,440.91949462890625,119.41044616699219,99.08050537109375,0.7903690338134766
1309,215,656.963134765625,159.51023864746094,82.3834228515625,83.24519348144531,0.49145257472991943
1309,224,572.9695434570312,18.14347267150879,64.67437744140625,44.51319885253906,0.5987191796302795
1309,225,397.0958251953125,14.158198356628418,74.22921752929688,26.869735717773438,0.7128636837005615
1310,209,207.06849670410156,468.38336181640625,96.58052062988281,71.61663818359375,0.7492572665214539
1310,215,653.2491455078125,157.13966369628906,91.9620361328125,93.15458679199219,0.5778466463088989
1310,224,573.8395385742188,21.37824249267578,62.4404296875,44.16681671142578,0.671855628490448
1310,225,394.8237609863281,14.11050796508789,76.90957641601562,28.540359497070312,0.7372715473175049
1311,215,652.0977783203125,159.27813720703125,97.78900146484375,99.681396484375,0.5664024353027344
1311,224,574.7193603515625,23.999357223510742,60.3380126953125,43.82173156738281,0.7282572984695435
1311,225,392.69964599609375,14.139806747436523,79.26364135742188,30.25763511657715,0.7194487452507019
1312,215,658.2421264648438,171.3479461669922,93.2371826171875,94.81440734863281,0.551699697971344
1312,224,574.0870971679688,25.976778030395508,60.08453369140625,44.93598175048828,0.671620786190033
1312,225,388.6653137207031,13.836836814880371,84.84341430664062,33.505157470703125,0.7598474025726318
1313,215,656.134521484375,172.33848571777344,100.5009765625,102.39625549316406,0.7452540397644043
1313,224,573.170654296875,28.570756912231445,59.60015869140625,45.672264099121094,0.6877493858337402
1313,225,384.1123962402344,13.599322319030762,90.74136352539062,37.24053955078125,0.7957121729850769
1314,215,654.797119140625,175.42198181152344,106.7310791015625,109.20341491699219,0.7193878889083862
1314,224,572.9506225585938,30.08321762084961,60.07470703125,47.2426643371582,0.7711565494537354
1314,225,382.1726989746094,13.748220443725586,91.76605224609375,39.13597869873047,0.756446123123169
1315,215,656.2818603515625,180.54518127441406,109.79571533203125,112.87815856933594,0.6363495588302612
1315,224,573.1499633789062,31.752485275268555,58.98614501953125,47.38862609863281,0.745223343372345
1315,225,380.6885681152344,14.034404754638672,91.01638793945312,40.30210494995117,0.7954198122024536
1316,215,658.619873046875,188.08473205566406,111.91424560546875,115.40449523925781,0.6564275026321411
1316,224,573.0266723632812,34.35862731933594,57.835205078125,47.539520263671875,0.7720717787742615
1316,225,378.586669921875,14.736252784729004,91.96533203125,42.36561584472656,0.8542038202285767
1317,215,659.4805297851562,193.316162109375,115.53515625,119.69403076171875,0.5395632982254028
1317,224,572.6091918945312,37.1074333190918,57.55517578125,48.201412200927734,0.7477728128433228
1317,225,377.1988525390625,15.966650009155273,90.96258544921875,43.560646057128906,0.833149254322052
1318,215,661.6771240234375,200.99081420898438,118.03192138671875,122.57647705078125,0.6377002000808716
1318,224,572.2657470703125,39.64921569824219,57.6053466796875,49.17108917236328,0.7787438035011292
1318,225,375.4528503417969,17.092580795288086,91.28875732421875,45.479286193847656,0.8154268860816956
1319,215,663.1810302734375,207.28265380859375,122.0955810546875,127.37216186523438,0.6149162650108337
1319,224,572.4019165039062,42.09458923339844,57.22894287109375,49.799827575683594,0.7072984576225281
1319,225,375.22314453125,18.58330535888672,89.50802612304688,46.34015655517578,0.8006475567817688
1319,229,664.6889038085938,206.8919219970703,118.78955078125,127.60963439941406,0.5356633067131042
1320,224,571.4042358398438,43.40394592285156,57.87286376953125,51.51624298095703,0.7061629295349121
1320,225,375.69793701171875,20.808549880981445,85.51956176757812,45.95038604736328,0.654194712638855
1321,224,570.7871704101562,46.49325942993164,57.84698486328125,52.351444244384766,0.7450209856033325
1321,225,374.4253845214844,23.217334747314453,83.69515991210938,46.50106430053711,0.7098811268806458
1321,215,667.7147216796875,223.7071533203125,128.49639892578125,134.56195068359375,0.6409201622009277
1322,224,570.30712890625,49.55409240722656,57.73785400390625,53.06231689453125,0.6967719197273254
1322,225,372.81427001953125,25.240020751953125,83.12307739257812,47.724456787109375,0.7438572645187378
1322,215,670.418212890625,232.31719970703125,131.59967041015625,138.52542114257812,0.6940613389015198
1323,224,570.1484985351562,52.390953063964844,57.3255615234375,53.38740539550781,0.643247663974762
1323,225,370.6663513183594,27.188520431518555,82.75955200195312,49.06456756591797,0.790720522403717
1323,215,671.8643798828125,241.81053161621094,136.11236572265625,143.89280700683594,0.7146124839782715
1324,224,569.7006225585938,55.75895309448242,57.280029296875,54.120914459228516,0.6956391930580139
1324,225,370.1178283691406,30.057981491088867,80.72357177734375,49.242340087890625,0.8443266153335571
1324,215,673.7726440429688,250.4891357421875,141.78509521484375,150.83856201171875,0.7138352394104004
1325,224,568.9457397460938,58.505863189697266,57.43060302734375,54.844356536865234,0.6065860986709595
1325,225,368.7625427246094,32.23591995239258,80.32855224609375,50.44014358520508,0.7536607384681702
1325,215,675.8089599609375,260.2442932128906,145.8558349609375,155.86651611328125,0.6499488949775696
1326,224,568.1456909179688,61.84564208984375,58.5137939453125,56.606842041015625,0.6237247586250305
1326,225,367.0770263671875,34.742488861083984,79.88839721679688,51.6086311340332,0.7419140338897705
1326,215,678.1115112304688,268.8012390136719,151.52044677734375,162.95703125,0.6317961812019348
1326,233,679.4305419921875,268.0353698730469,148.6981201171875,164.92813110351562,0.5167121887207031
1327,224,567.8186645507812,65.37037658691406,58.49151611328125,57.24512481689453,0.7106162905693054
1327,225,364.37835693359375,36.75055694580078,79.49166870117188,52.56199645996094,0.7372738122940063
1327,215,678.3438720703125,278.6171569824219,158.46124267578125,171.40203857421875,0.29617828130722046
1327,233,681.2586059570312,279.57257080078125,155.7103271484375,172.86642456054688,0.5730207562446594
1328,224,567.1619873046875,68.38883972167969,58.26983642578125,57.53650665283203,0.7501139640808105
1328,225,362.5393981933594,39.39034652709961,78.2713623046875,52.96682357788086,0.7157793641090393
1329,224,566.0462036132812,70.73808288574219,59.51507568359375,59.34767150878906,0.7538161873817444
1329,225,359.960693359375,42.77462387084961,77.64962768554688,53.76887893676758,0.5697947144508362
1329,215,683.7965087890625,301.01214599609375,173.12969970703125,189.22177124023438,0.6530554294586182
1330,224,565.96142578125,74.29326629638672,59.62255859375,59.96092987060547,0.7036445140838623
1330,225,357.0151062011719,45.23470687866211,78.0223388671875,55.18813705444336,0.704914927482605
1330,215,686.68115234375,312.0187072753906,179.62457275390625,198.36422729492188,0.8077636957168579
1331,224,565.7916259765625,77.81642150878906,58.61248779296875,59.10093688964844,0.6593161225318909
1331,225,355.19818115234375,47.66202163696289,77.99887084960938,56.1310920715332,0.7440834641456604
1331,215,690.0328369140625,324.4036865234375,186.1622314453125,207.28271484375,0.5476714968681335
1332,224,563.53466796875,80.73152160644531,61.35205078125,62.38665771484375,0.6953138113021851
1332,225,353.2716369628906,50.884727478027344,77.00259399414062,56.30024719238281,0.7804790735244751
1332,215,698.3592529296875,335.6168518066406,182.6536865234375,203.51101684570312,0.5570799708366394
1333,224,562.9970703125,85.50354766845703,61.78460693359375,63.26331329345703,0.6399329900741577
1333,225,350.87060546875,53.51803970336914,77.208740234375,57.25455093383789,0.7078315019607544
1333,215,710.056884765625,350.48406982421875,174.72723388671875,189.51593017578125,0.4215902090072632
1334,224,562.500244140625,89.37670135498047,60.887939453125,62.511741638183594,0.6273291707038879
1334,225,348.3218078613281,56.66793441772461,78.05691528320312,58.83987045288086,0.8075188994407654
1334,215,723.4251098632812,366.23126220703125,164.97760009765625,173.76873779296875,0.47542575001716614
1335,224,561.4776000976562,93.44031524658203,63.00994873046875,65.07059478759766,0.6756578087806702
1335,225,344.52130126953125,60.05208206176758,78.2098388671875,59.79936599731445,0.6006928086280823
1335,215,732.8873291015625,380.89398193359375,156.09307861328125,159.10601806640625,0.5066636204719543
1335,236,614.2401123046875,13.966336250305176,37.807861328125,15.449240684509277,0.43359893560409546
1336,224,560.5787353515625,96.6296157836914,63.3326416015625,65.84709930419922,0.592841386795044
1336,225,341.41937255859375,63.374637603759766,79.2567138671875,61.44565200805664,0.6444851756095886
1336,215,740.7158203125,397.2968444824219,145.6802978515625,142.70315551757812,0.36541619896888733
1336,236,613.2174072265625,14.008512496948242,41.30902099609375,16.9363956451416,0.5159403085708618
1337,224,559.37060546875,100.72577667236328,65.2171630859375,68.17987823486328,0.6453087329864502
1337,225,338.591552734375,66.93013763427734,79.08041381835938,62.04920196533203,0.7279896140098572
1337,236,612.6822509765625,14.261598587036133,42.830322265625,17.645587921142578,0.41891998052597046
1338,224,558.5985717773438,104.7528076171875,65.67706298828125,69.09461975097656,0.6461215019226074
1338,225,335.2806396484375,70.42504119873047,79.32681274414062,62.78319549560547,0.6909806132316589
1338,236,611.7743530273438,14.490891456604004,45.58026123046875,18.892990112304688,0.3329925239086151
1338,215,760.3684692382812,432.5346374511719,120.69573974609375,107.46536254882812,0.5431039929389954
1339,224,557.7738647460938,108.98712158203125,66.6846923828125,70.53120422363281,0.5926548838615417
1339,225,331.7158508300781,74.25121307373047,79.75836181640625,63.53577423095703,0.5851041674613953
1339,236,611.0362548828125,14.788503646850586,48.72503662109375,20.39090919494629,0.27152833342552185
1339,215,770.2420043945312,453.3060302734375,106.11309814453125,86.6939697265625,0.5635792016983032
1340,224,556.5308837890625,113.51527404785156,67.9609375,72.37826538085938,0.5992004871368408
1340,225,326.893798828125,77.1210708618164,82.50811767578125,66.37004852294922,0.5556250214576721
1341,224,554.9673461914062,118.29537963867188,70.10662841796875,75.28872680664062,0.6275505423545837
1341,225,322.9104919433594,81.63114166259766,83.07083129882812,67.38329315185547,0.6487226486206055
1342,224,553.7420654296875,122.9629135131836,71.1324462890625,76.95841217041016,0.6619625687599182
1342,225,319.9698791503906,85.158935546875,82.87222290039062,67.58460998535156,0.6749346852302551
1343,224,552.07861328125,126.75668334960938,73.29534912109375,80.17488098144531,0.5413861274719238
1343,225,314.8161315917969,87.91572570800781,86.853515625,71.54779052734375,0.7598703503608704
1344,224,550.8917846679688,132.6970672607422,74.9114990234375,82.73272705078125,0.5963215827941895
1344,225,310.7030029296875,91.61843872070312,87.73443603515625,72.61174011230469,0.7032663226127625
1345,224,550.3837890625,139.4695587158203,74.955078125,83.24833679199219,0.6292096376419067
1345,225,306.48016357421875,96.36898040771484,89.27389526367188,74.41802215576172,0.6740561723709106
1346,224,549.1729125976562,145.31773376464844,76.2669677734375,85.35916137695312,0.5919612050056458
1346,225,301.9033508300781,100.72811889648438,89.72006225585938,75.07878112792969,0.7174066305160522
1347,224,547.7824096679688,151.33409118652344,77.7867431640625,87.78446960449219,0.6270303130149841
1347,225,296.2253112792969,104.93913269042969,92.82656860351562,78.31430053710938,0.7204278111457825
1348,224,545.7882080078125,157.53289794921875,80.337890625,91.52737426757812,0.7015493512153625
1348,225,291.4390869140625,110.28736877441406,94.41787719726562,80.05772399902344,0.6215887069702148
1349,224,543.7229614257812,164.51657104492188,82.16888427734375,94.197265625,0.7124189734458923
1349,225,285.0872497558594,115.28425598144531,96.73666381835938,82.25117492675781,0.6605475544929504
1350,224,542.473388671875,170.29379272460938,84.760498046875,97.829833984375,0.6698279976844788
1350,225,279.1282653808594,120.1429672241211,98.93618774414062,84.5110092163086,0.6740894913673401
1350,240,483.41693115234375,14.4273681640625,44.49755859375,16.31610107421875,0.408191055059433
1350,241,546.8457641601562,13.275520324707031,42.50067138671875,14.286737442016602,0.4592244029045105
1351,224,540.7127075195312,177.72288513183594,86.44598388671875,100.38179016113281,0.7507703900337219
1351,225,274.0126647949219,124.75389099121094,99.98065185546875,85.55201721191406,0.7826722264289856
1351,240,478.6169128417969,14.444241523742676,46.096038818359375,16.903114318847656,0.5126985311508179
1351,241,544.0971069335938,13.224381446838379,48.28851318359375,16.323989868164062,0.5138568878173828
1352,224,539.3839721679688,184.89739990234375,89.0992431640625,104.43130493164062,0.8158196210861206
1352,225,266.7522277832031,129.9834747314453,103.84286499023438,89.48695373535156,0.8383733630180359
1352,240,475.45648193359375,14.215291023254395,49.74102783203125,18.277626037597656,0.6067089438438416
1352,241,542.9161987304688,13.439493179321289,51.2410888671875,17.487035751342773,0.6233276128768921
1352,243,618.8176879882812,15.849363327026367,46.856689453125,48.65855407714844,0.3616863787174225
1353,224,537.4067993164062,192.97369384765625,91.3880615234375,107.7677001953125,0.7583767771720886
1353,225,261.2193908691406,136.2031707763672,104.13833618164062,89.89689636230469,0.8490345478057861
1353,240,473.126220703125,14.416764259338379,52.95892333984375,19.520523071289062,0.6118859648704529
1353,241,541.4969482421875,13.783586502075195,54.10638427734375,18.70231056213379,0.5966571569442749
1353,243,618.1931762695312,16.9859619140625,50.21185302734375,52.21764373779297,0.275895357131958
1354,224,535.52294921875,201.80746459960938,93.706298828125,111.42706298828125,0.8090310096740723
1354,225,256.0269775390625,142.73544311523438,104.25079345703125,89.69291687011719,0.7995120286941528
1354,240,469.8665466308594,14.484780311584473,58.602081298828125,21.807872772216797,0.6013132929801941
1354,241,540.109130859375,13.968916893005371,57.3997802734375,20.160259246826172,0.6302887797355652
1354,243,617.1424560546875,17.48529815673828,54.88714599609375,57.31150817871094,0.2531126141548157
1355,224,533.37841796875,209.55520629882812,97.26220703125,116.581298828125,0.8304075002670288
1355,225,248.5174102783203,148.9129638671875,107.92744445800781,92.91819763183594,0.746020495891571
1355,240,466.7909851074219,14.472555160522461,63.213226318359375,23.846269607543945,0.6635208129882812
1355,241,538.0655517578125,14.1692533493042,61.75421142578125,22.145645141601562,0.6719334721565247
1355,243,615.3221435546875,14.672745704650879,60.496826171875,63.63623046875,0.4208175837993622
1356,224,531.3087158203125,217.9781494140625,100.20465087890625,121.15579223632812,0.7847911715507507
1356,225,240.0425567626953,155.2853240966797,111.78861999511719,96.40008544921875,0.6577054262161255
1356,240,464.21795654296875,14.292156219482422,67.9686279296875,26.10578155517578,0.7043494582176208
1356,241,534.5725708007812,14.824833869934082,67.63323974609375,24.90201187133789,0.8283828496932983
1356,243,614.5527954101562,12.096721649169922,64.307861328125,68.24903869628906,0.4194270968437195
1357,224,530.3971557617188,227.7059326171875,102.758056640625,124.97564697265625,0.7932272553443909
1357,225,231.7464599609375,162.1647186279297,115.74591064453125,100.06922912597656,0.6862404942512512
1357,240,464.230224609375,14.476029396057129,68.9215087890625,27.026996612548828,0.7437142133712769
1357,241,532.5697631835938,15.259641647338867,69.76275634765625,26.364809036254883,0.8062164783477783
1357,243,617.4520263671875,18.11245346069336,60.57574462890625,64.49464416503906,0.42818108201026917
1358,224,526.314453125,237.32241821289062,107.5550537109375,132.02084350585938,0.7882080078125
1358,225,223.3170166015625,168.75758361816406,119.32736206054688,103.24494934082031,0.7086079120635986
1358,240,463.2583312988281,14.632168769836426,68.87112426757812,27.553234100341797,0.7216934561729431
1358,241,532.2072143554688,15.445866584777832,70.75543212890625,27.520523071289062,0.8182131052017212
1358,243,615.8001708984375,13.738585472106934,65.16204833984375,70.1935043334961,0.4465114176273346
1359,224,524.9254760742188,248.60870361328125,110.398193359375,136.44879150390625,0.8123930096626282
1359,225,214.31768798828125,175.9871826171875,123.05691528320312,106.57778930664062,0.7299208045005798
1359,240,460.935546875,14.247448921203613,73.513916015625,30.246768951416016,0.6831893920898438
1359,241,530.8882446289062,15.261841773986816,74.62310791015625,30.07119369506836,0.820218563079834
1359,243,618.9218139648438,21.544050216674805,60.09930419921875,64.86569213867188,0.58111572265625
1360,224,522.1764526367188,259.24407958984375,114.2618408203125,142.349365234375,0.7883994579315186
1360,225,204.3923797607422,183.85914611816406,127.39823913574219,110.42085266113281,0.7118934988975525
1360,240,458.0419006347656,14.457146644592285,79.58157348632812,33.92340087890625,0.6636127233505249
1360,241,528.9678955078125,14.964094161987305,76.82647705078125,32.080162048339844,0.7588367462158203
1360,243,615.66162109375,15.698118209838867,67.48822021484375,74.07926177978516,0.4325665831565857
1361,224,519.2515258789062,271.5235595703125,117.421875,147.498291015625,0.8159324526786804
1361,225,194.3598175048828,191.92469787597656,131.47019958496094,114.08454895019531,0.6341018080711365
1361,240,456.5799255371094,14.679349899291992,81.80972290039062,36.16259765625,0.6657637357711792
1361,241,526.4232788085938,14.629094123840332,81.284912109375,35.39916229248047,0.7629138231277466
1361,243,615.41796875,14.58039379119873,69.3416748046875,77.29029083251953,0.42217350006103516
1362,224,516.2402954101562,284.4929504394531,122.280029296875,155.27322387695312,0.7865968942642212
1362,225,183.18319702148438,200.4099578857422,137.51620483398438,119.60960388183594,0.6982693672180176
1362,240,455.5882568359375,14.957446098327637,82.39984130859375,37.76935577392578,0.6773247718811035
1362,241,525.507080078125,14.563780784606934,83.0162353515625,37.75772476196289,0.8090880513191223
1362,243,614.2079467773438,13.142349243164062,73.47149658203125,83.59103393554688,0.47831064462661743
1363,224,513.8427124023438,298.1559753417969,127.04510498046875,163.39120483398438,0.7797442078590393
1363,225,171.78872680664062,209.0081787109375,143.0069580078125,124.70828247070312,0.7783018350601196
1363,240,454.6488952636719,14.937834739685059,82.77725219726562,39.3970832824707,0.7297413945198059
1363,241,525.1544799804688,14.539680480957031,84.0010986328125,39.93506622314453,0.8499462008476257
1363,243,616.7059936523438,18.74568748474121,69.531005859375,80.30048370361328,0.5093117952346802
1364,224,509.1837158203125,311.6394348144531,134.34051513671875,175.39495849609375,0.7383862137794495
1364,225,158.88279724121094,217.2047576904297,149.4813690185547,130.8041534423828,0.645415723323822
1364,240,454.15179443359375,14.566311836242676,82.7606201171875,40.87981414794922,0.7913832068443298
1364,241,525.56201171875,14.92968463897705,83.06982421875,41.2855339050293,0.8613752722740173
1364,243,617.9429321289062,21.415193557739258,67.97369384765625,79.70655822753906,0.376628041267395
1365,224,505.6933288574219,326.6252746582031,138.65335083007812,183.51019287109375,0.8059530258178711
1365,225,146.07408142089844,227.46890258789062,154.5863494873047,135.49990844726562,0.6533528566360474
1365,240,452.65960693359375,14.09990119934082,84.12115478515625,43.165374755859375,0.8223750591278076
1365,241,526.0718994140625,15.641438484191895,82.2662353515625,42.751991271972656,0.8817542791366577
1365,243,618.5776977539062,22.283708572387695,68.07733154296875,80.9825668334961,0.42817947268486023
1366,224,502.8296813964844,342.4981689453125,142.33767700195312,190.72918701171875,0.7155801057815552
1366,225,131.3480682373047,238.30604553222656,163.33192443847656,144.1649932861328,0.7285614013671875
1366,240,450.2862548828125,14.134782791137695,88.127197265625,47.21739959716797,0.8344441056251526
1366,241,525.3375244140625,15.923863410949707,84.3365478515625,45.857330322265625,0.8218506574630737
1366,243,619.2619018554688,24.98973846435547,69.1815185546875,83.56024169921875,0.5445913672447205
1367,224,505.4076843261719,361.3094787597656,134.99093627929688,178.69052124023438,0.6754061579704285
1367,225,117.9338607788086,249.1837921142578,168.22817993164062,149.0512237548828,0.5541759729385376
1367,240,449.6463623046875,14.236654281616211,88.302490234375,49.31639099121094,0.7821463346481323
1367,241,525.1497192382812,16.200876235961914,83.9925537109375,47.84651184082031,0.8355083465576172
1367,243,620.5808715820312,27.474822998046875,68.38165283203125,83.51385498046875,0.6513368487358093
1368,224,510.0029602050781,380.7110595703125,124.16946411132812,159.2889404296875,0.5472632646560669
1368,225,97.90148162841797,260.2648620605469,177.65493774414062,156.98507690429688,0.5880496501922607
1368,240,449.46905517578125,14.434553146362305,87.25091552734375,50.81645965576172,0.726052463054657
1368,241,526.6524047851562,18.12432289123535,81.253662109375,48.356201171875,0.7925461530685425
1368,243,621.7506103515625,30.320117950439453,68.08148193359375,83.988037109375,0.6127051115036011
1369,225,81.46956634521484,271.22027587890625,187.61993408203125,166.4302978515625,0.7640728950500488
1369,240,449.1673889160156,14.238590240478516,86.47647094726562,52.46243667602539,0.7133366465568542
1369,241,528.4105224609375,20.252172470092773,77.9658203125,48.381500244140625,0.8075381517410278
1369,243,622.0771484375,34.21466064453125,68.72247314453125,85.70963287353516,0.45550137758255005
1370,225,63.7285270690918,282.429443359375,198.3483428955078,177.12005615234375,0.7080612182617188
1370,240,446.5155029296875,13.494572639465332,89.4625244140625,56.61113357543945,0.6343234777450562
1370,241,528.9866333007812,22.99725341796875,76.4696044921875,49.40892028808594,0.8307879567146301
1370,243,622.9879760742188,37.180816650390625,69.55303955078125,87.72273254394531,0.34645166993141174
1371,240,446.02410888671875,14.881582260131836,88.887939453125,58.682334899902344,0.5880803465843201
1371,241,529.0385131835938,24.630929946899414,75.78802490234375,50.89380645751953,0.8660733699798584
1371,243,623.921875,40.11436080932617,69.174072265625,88.05311584472656,0.4068111181259155
1372,240,444.1628112792969,14.179424285888672,89.91470336914062,61.94735336303711,0.5978787541389465
1372,241,529.5700073242188,26.382909774780273,73.656005859375,51.25791931152344,0.8178876042366028
1372,243,624.4672241210938,41.91621398925781,69.4620361328125,89.33224487304688,0.30112674832344055
1372,225,25.00398063659668,312.0936279296875,218.4508819580078,196.7725830078125,0.3827058672904968
1373,240,443.44390869140625,14.652910232543945,88.5045166015625,63.632835388183594,0.5822722911834717
1373,241,531.68896484375,28.372159957885742,69.95928955078125,50.30096435546875,0.7525460720062256
1373,243,625.9933471679688,44.51736068725586,69.90093994140625,90.43597412109375,0.3887957036495209
1373,225,5.687303066253662,328.4072265625,223.74301147460938,202.12164306640625,0.36375412344932556
1374,240,444.20391845703125,17.60490608215332,83.86810302734375,62.399688720703125,0.6220484375953674
1374,241,531.8153686523438,30.15130043029785,68.9718017578125,51.083168029785156,0.7378990054130554
1374,243,626.6500854492188,47.18118667602539,71.82696533203125,93.55772399902344,0.33071812987327576
1374,225,0.0,346.1334533691406,213.4095458984375,193.86654663085938,0.37562480568885803
1375,240,442.6225891113281,17.172670364379883,84.53738403320312,65.22127532958984,0.5458489060401917
1375,241,531.2239990234375,31.55672836303711,69.16424560546875,52.77888870239258,0.6569265723228455
1375,243,626.8698120117188,49.66452407836914,73.86083984375,96.90423583984375,0.3786648213863373
1375,225,0.0,361.7400207519531,196.90090942382812,178.25997924804688,0.5969173908233643
1376,240,441.7153625488281,17.48116683959961,84.23788452148438,67.35649108886719,0.5283145308494568
1376,241,531.0670776367188,35.38582992553711,68.5771484375,53.74586868286133,0.8179884552955627
1376,243,628.0272216796875,52.788604736328125,74.5609130859375,98.26884460449219,0.4140772223472595
1376,225,0.0,380.0278015136719,181.29244995117188,159.97219848632812,0.5674898028373718
1376,246,455.6358337402344,16.274761199951172,55.93408203125,69.50810241699219,0.33185264468193054
1377,240,440.5704650878906,18.46581268310547,84.14212036132812,69.71129608154297,0.3840937614440918
1377,241,531.6034545898438,38.379920959472656,66.60321044921875,53.46739196777344,0.582510769367218
1377,243,628.2922973632812,56.1147346496582,75.3787841796875,100.03009033203125,0.46074357628822327
1377,225,1.3851407766342163,397.6568908691406,162.73069763183594,142.34310913085938,0.46207761764526367
1377,246,454.6303405761719,20.062990188598633,55.115570068359375,68.48727416992188,0.40637117624282837
1378,240,439.2483215332031,19.18844223022461,83.72244262695312,71.59445190429688,0.37349259853363037
1378,241,530.3825073242188,40.29558563232422,68.34332275390625,56.290199279785156,0.709862470626831
1378,243,628.992431640625,59.690059661865234,76.2833251953125,101.75827026367188,0.47725701332092285
1378,225,4.454283237457275,419.27276611328125,140.70379638671875,120.72723388671875,0.5555416345596313
1378,246,452.61541748046875,21.774232864379883,56.105987548828125,69.66317749023438,0.37811458110809326
1379,240,438.53692626953125,21.332826614379883,82.8399658203125,72.96389770507812,0.322896808385849
1379,241,530.2733154296875,42.9342155456543,68.93389892578125,58.25216293334961,0.6677156090736389
1379,243,629.4392700195312,62.81489562988281,77.26055908203125,103.48085021972656,0.4202449917793274
1379,246,450.5021057128906,23.387542724609375,57.7197265625,71.66419219970703,0.4803953468799591
1380,241,530.1178588867188,45.894927978515625,68.15985107421875,58.92070007324219,0.805726945400238
1380,243,630.0965576171875,65.78968048095703,77.94805908203125,104.70574188232422,0.6730021834373474
1380,246,448.314208984375,26.55997085571289,59.099945068359375,73.43023681640625,0.6046319603919983
1381,241,531.3203735351562,49.09576416015625,66.475830078125,58.674041748046875,0.7386773824691772
1381,243,631.50927734375,68.14431762695312,79.39581298828125,107.01432800292969,0.560932993888855
1381,246,445.958740234375,27.7448787689209,60.477508544921875,75.04487609863281,0.6381931900978088
1381,240,436.7008056640625,27.289806365966797,81.57952880859375,73.91156005859375,0.33452659845352173
1382,241,530.0789184570312,51.58106231689453,67.5845947265625,60.744956970214844,0.6543161869049072
1382,243,632.1423950195312,71.58479309082031,80.7877197265625,109.53404235839844,0.46014177799224854
1382,246,444.49822998046875,30.291259765625,59.80804443359375,73.8046646118164,0.7045301198959351
1382,252,633.7078247070312,71.87944793701172,77.8436279296875,108.69962310791016,0.35812368988990784
1382,253,613.3011474609375,14.379016876220703,43.6473388671875,22.76343536376953,0.381368488073349
1383,241,530.1220703125,55.13843536376953,66.9154052734375,61.068260192871094,0.7856882214546204
1383,246,443.8383483886719,33.46900177001953,59.7271728515625,73.27739715576172,0.664801299571991
1383,253,613.1830444335938,15.340858459472656,44.37237548828125,23.156402587890625,0.4542056918144226
1384,241,529.1529541015625,57.729957580566406,68.62347412109375,63.86170959472656,0.7703999876976013
1384,246,442.1557922363281,36.180511474609375,60.72259521484375,74.11194610595703,0.6117911338806152
1384,253,612.0411987304688,15.602217674255371,47.62200927734375,24.89754867553711,0.5259005427360535
1384,243,633.9019165039062,79.24388122558594,84.173583984375,114.63247680664062,0.6163352727890015
1385,241,528.2708740234375,60.474395751953125,68.747802734375,64.91112518310547,0.7252873778343201
1385,246,443.305908203125,43.827632904052734,57.8359375,69.67218017578125,0.5342280864715576
1385,253,609.86669921875,15.20837116241455,52.1588134765625,27.420642852783203,0.323753297328949
1385,243,635.0958251953125,83.39619445800781,86.30645751953125,117.79541015625,0.6926135420799255
1386,241,528.5426025390625,63.5260124206543,68.0098876953125,65.21653747558594,0.6394595503807068
1386,246,439.55316162109375,41.320594787597656,62.467010498046875,75.28101348876953,0.49709421396255493
1386,243,636.33203125,87.89185333251953,87.6932373046875,120.22274017333984,0.7072765827178955
1386,240,428.97137451171875,38.65746307373047,84.39581298828125,79.15148162841797,0.3131503760814667
1387,241,527.636962890625,67.39434814453125,69.22479248046875,67.404296875,0.7958196401596069
1387,246,436.411376953125,41.96432113647461,66.13763427734375,80.11985778808594,0.45089957118034363
1387,243,637.5673217773438,91.73411560058594,89.80975341796875,123.55415344238281,0.7200846672058105
1387,240,428.06158447265625,40.90162658691406,83.9415283203125,81.37837219238281,0.35028332471847534
1387,253,606.1798706054688,14.583649635314941,61.05694580078125,32.6336669921875,0.3814578056335449
1388,241,527.38671875,70.73062133789062,69.30859375,68.44393920898438,0.6152980327606201
1388,246,433.7198486328125,44.568580627441406,67.2271728515625,81.47227478027344,0.43689674139022827
1388,243,638.5797729492188,96.40870666503906,91.4688720703125,126.17953491210938,0.8117172718048096
1388,240,427.5335998535156,44.13496780395508,82.30416870117188,81.90591430664062,0.3406965732574463
1389,241,526.9910278320312,74.56332397460938,69.7581787109375,69.89154052734375,0.6871355175971985
1389,246,432.6068420410156,47.924068450927734,66.92373657226562,80.98123168945312,0.5729325413703918
1389,243,639.8709106445312,100.13859558105469,94.12744140625,130.2795867919922,0.7527921199798584
1389,240,427.06756591796875,46.53887176513672,81.39559936523438,82.92162322998047,0.349722295999527
1389,253,604.5533447265625,15.115023612976074,66.739990234375,36.550018310546875,0.3190142810344696
1390,241,526.8910522460938,78.46066284179688,69.686279296875,70.60745239257812,0.6757959723472595
1390,246,430.8873291015625,50.12190246582031,67.93020629882812,82.1845703125,0.5018911361694336
1390,243,640.4000854492188,104.49362182617188,97.15374755859375,135.10446166992188,0.677237868309021
1390,253,604.4918212890625,14.89260196685791,68.21136474609375,38.360172271728516,0.46800604462623596
1391,241,526.0393676757812,83.28590393066406,68.8682861328125,70.09982299804688,0.720859169960022
1391,246,428.49017333984375,52.074378967285156,69.34243774414062,83.82682037353516,0.3982510268688202
1391,243,641.2760009765625,109.06349182128906,99.530517578125,139.0536651611328,0.64833003282547
1391,253,604.5679321289062,15.527681350708008,69.2825927734375,40.01374816894531,0.6489405632019043
1392,241,525.8658447265625,87.00345611572266,70.08612060546875,72.05345916748047,0.568800151348114
1392,246,426.031494140625,54.752872467041016,71.05862426757812,86.27157592773438,0.41090402007102966
1392,243,642.8582153320312,113.92127990722656,102.08599853515625,143.02110290527344,0.6885729432106018
1392,253,604.2879028320312,15.814167976379395,70.2196044921875,41.755008697509766,0.6567524075508118
1393,241,525.1605834960938,90.76822662353516,69.70867919921875,71.99297332763672,0.6155266761779785
1393,246,422.8536682128906,56.418487548828125,73.78451538085938,90.25396728515625,0.27569133043289185
1393,243,644.1693115234375,118.24612426757812,105.3194580078125,148.19943237304688,0.5864328742027283
1393,253,603.8171997070312,16.398082733154297,70.80023193359375,43.391841888427734,0.5182852149009705
1394,241,523.1361694335938,93.78534698486328,73.4356689453125,76.7844009399414,0.5860051512718201
1394,246,420.6178894042969,60.21664810180664,73.59417724609375,89.90676879882812,0.4499545395374298
1394,243,646.04736328125,123.38200378417969,108.15521240234375,152.54750061035156,0.6302492022514343
1394,253,604.0261840820312,17.121017456054688,72.2081298828125,45.6859016418457,0.45181798934936523
1395,241,523.2643432617188,98.01644134521484,73.28741455078125,77.33280181884766,0.6519995331764221
1395,246,419.716552734375,63.1989860534668,73.5316162109375,90.02449035644531,0.3753470778465271
1395,243,647.019775390625,129.9102020263672,111.7601318359375,158.36973571777344,0.48006588220596313
1395,253,605.014892578125,18.480897903442383,71.2587890625,46.651580810546875,0.40194064378738403
1396,241,522.9617919921875,102.78227996826172,73.6669921875,78.42707061767578,0.5973374247550964
1396,246,417.453857421875,67.33969116210938,74.5201416015625,91.49043273925781,0.5684990882873535
1396,243,648.8353271484375,135.258544921875,114.83209228515625,163.174072265625,0.6575158834457397
1396,253,605.7418212890625,20.017501831054688,72.0289306640625,48.74310302734375,0.5302417278289795
1397,241,522.9066162109375,107.84011840820312,72.50775146484375,77.47203063964844,0.5411476492881775
1397,246,414.6886291503906,70.35041809082031,75.94564819335938,93.62553405761719,0.3680848777294159
1397,243,651.22412109375,142.05335998535156,117.500244140625,167.0171356201172,0.5731703042984009
1397,253,607.5533447265625,23.255020141601562,69.90093994140625,48.625938415527344,0.643436074256897
1398,241,522.1513671875,114.93936920166016,73.281982421875,78.56407928466797,0.6336407661437988
1398,246,409.7762145996094,73.29485321044922,79.403076171875,98.25141143798828,0.37692657113075256
1398,243,652.381591796875,147.77960205078125,121.82391357421875,173.63330078125,0.6093650460243225
1398,253,609.0217895507812,25.79343032836914,68.70819091796875,49.108089447021484,0.5534232258796692
1399,241,520.4434204101562,119.25979614257812,75.6219482421875,81.57034301757812,0.5753098726272583
1399,246,408.35284423828125,76.75688934326172,79.275634765625,98.27501678466797,0.4030458629131317
1399,243,653.95849609375,154.18296813964844,126.0782470703125,180.3661651611328,0.5208326578140259
1399,253,611.0674438476562,28.570642471313477,66.848876953125,48.751991271972656,0.5820317268371582
1400,241,518.6290283203125,123.56465911865234,78.059814453125,84.84215545654297,0.5648707747459412
1400,246,405.88543701171875,80.0701675415039,80.12457275390625,99.5674057006836,0.429954469203949
1400,243,655.7760009765625,161.56195068359375,129.81378173828125,186.37176513671875,0.4333200454711914
1400,253,611.8294067382812,30.812725067138672,66.65576171875,49.724308013916016,0.5523732304573059
1401,241,516.7891845703125,127.878662109375,80.47552490234375,88.21244812011719,0.675446093082428
1401,246,402.5064392089844,83.3128433227539,82.33975219726562,102.71643829345703,0.36968544125556946
1401,243,657.6929931640625,168.0380401611328,135.34893798828125,194.7718963623047,0.6012821793556213
1401,253,612.6795654296875,33.11463165283203,66.105712890625,50.25109100341797,0.5982136130332947
1402,241,516.0904541015625,133.92843627929688,81.32470703125,89.34588623046875,0.780437707901001
1402,246,398.7235412597656,87.09855651855469,84.26626586914062,105.3990478515625,0.45328646898269653
1402,243,659.9595336914062,175.42507934570312,139.529052734375,201.03399658203125,0.5859686136245728
1402,253,613.23486328125,35.923362731933594,65.8533935546875,51.07154846191406,0.48829174041748047
1403,241,514.7625122070312,141.3635711669922,82.8148193359375,91.30320739746094,0.7783000469207764
1403,246,394.9502868652344,90.7524185180664,86.00253295898438,107.64473724365234,0.59916752576828
1403,243,661.48876953125,184.8875732421875,144.5709228515625,208.94635009765625,0.5628712177276611
1403,253,614.3182983398438,38.15291976928711,65.43743896484375,51.505069732666016,0.6079257130622864
1403,266,395.7684020996094,90.72266387939453,83.61297607421875,106.95307159423828,0.36455726623535156
1404,241,512.5209350585938,146.22837829589844,86.20269775390625,95.71546936035156,0.739116907119751
1404,246,392.5196533203125,94.7195053100586,87.44570922851562,109.62625885009766,0.4496385455131531
1404,243,663.4930419921875,193.30514526367188,150.6202392578125,218.327880859375,0.5621302723884583
1404,253,615.2085571289062,40.31880187988281,65.25860595703125,52.091651916503906,0.5422277450561523
1404,266,392.82879638671875,95.72733306884766,84.8115234375,108.45536041259766,0.2824719250202179
1405,241,510.8568115234375,152.34609985351562,88.8719482421875,99.3858642578125,0.7527252435684204
1405,246,389.26251220703125,98.07209014892578,88.62091064453125,110.95560455322266,0.5705460906028748
1405,243,665.76318359375,202.67144775390625,156.04736328125,226.91986083984375,0.6618362069129944
1405,253,615.6053466796875,42.82537078857422,66.44451904296875,54.09471130371094,0.5260767340660095
1406,241,511.2127685546875,159.7620849609375,89.103515625,100.24008178710938,0.7781974077224731
1406,246,386.3763427734375,102.57229614257812,90.05328369140625,112.82615661621094,0.3683619797229767
1406,243,668.2237548828125,211.44387817382812,162.72003173828125,237.20004272460938,0.6882948875427246
1406,253,616.1798706054688,44.64103317260742,67.3243408203125,55.84573745727539,0.48382946848869324
1407,241,509.9418029785156,166.85855102539062,91.05569458007812,102.913818359375,0.7939144372940063
1407,246,382.46453857421875,107.31475067138672,92.50735473632812,116.0969009399414,0.5199536085128784
1407,243,670.4111328125,220.4687957763672,170.80078125,249.4685516357422,0.6361238360404968
1407,253,618.10400390625,47.814170837402344,65.33087158203125,55.000755310058594,0.6930959820747375
1407,270,425.2815856933594,14.530936241149902,35.9176025390625,15.619847297668457,0.37877747416496277
1408,241,509.7851257324219,178.6214599609375,90.49069213867188,102.394775390625,0.7569145560264587
1408,246,379.0318908691406,111.79013061523438,94.15084838867188,118.33000183105469,0.551487386226654
1408,243,672.55810546875,231.612060546875,178.81317138671875,262.2172546386719,0.593430757522583
1408,253,619.3164672851562,50.1464958190918,65.37445068359375,55.97066879272461,0.6753862500190735
1408,270,422.29266357421875,14.769137382507324,39.60009765625,17.274654388427734,0.4419998824596405
1408,272,921.3635864257812,372.54534912109375,34.26129150390625,15.21490478515625,0.33969369530677795
1409,241,509.21600341796875,189.14198303222656,91.0770263671875,103.14918518066406,0.7829846739768982
1409,246,375.0151672363281,117.51815032958984,96.34817504882812,121.2984390258789,0.41567716002464294
1409,243,676.1810302734375,242.4982452392578,187.85986328125,276.70977783203125,0.47318220138549805
1409,253,620.2782592773438,53.46982955932617,64.3709716796875,55.7625617980957,0.717295229434967
1409,270,417.3558044433594,14.720795631408691,45.742279052734375,20.081470489501953,0.4967520534992218
1410,241,506.3374938964844,196.09671020507812,94.76925659179688,107.75631713867188,0.7320253849029541
1410,246,371.5656433105469,121.5931396484375,98.70004272460938,124.29866027832031,0.6798295974731445
1410,243,691.536865234375,255.00608825683594,193.22930908203125,279.77423095703125,0.3093049228191376
1410,253,620.9400024414062,56.38188934326172,64.64739990234375,56.59962463378906,0.7100626230239868
1410,270,415.03179931640625,14.584959030151367,48.85333251953125,21.645631790161133,0.5264428853988647
1411,241,504.79339599609375,206.79002380371094,96.48095703125,109.79536437988281,0.7888144850730896
1411,246,367.179443359375,125.8339614868164,101.72613525390625,128.21743774414062,0.5470137000083923
1411,243,708.9539184570312,267.4704895019531,195.0599365234375,272.5295104980469,0.5149350762367249
1411,253,620.9497680664062,59.17811965942383,66.73504638671875,59.15385055541992,0.6586573123931885
1411,270,411.31390380859375,14.369284629821777,52.604339599609375,23.60808563232422,0.6285386085510254
1412,241,501.521240234375,213.4693145751953,101.38739013671875,115.95677185058594,0.7267794609069824
1412,246,361.64129638671875,130.9969024658203,104.67184448242188,131.9905242919922,0.4157123863697052
1412,243,712.1768798828125,281.6637268066406,190.57733154296875,258.3362731933594,0.5902220606803894
1412,253,621.712158203125,62.64629364013672,67.2279052734375,60.305267333984375,0.5289989113807678
1412,270,408.0193176269531,14.132081031799316,57.431976318359375,26.269161224365234,0.7014205455780029
1412,275,497.1676025390625,12.704778671264648,37.550048828125,14.948368072509766,0.3686192035675049
1413,241,496.64874267578125,216.94044494628906,109.01983642578125,126.04051208496094,0.7441829442977905
1413,246,356.94122314453125,137.06321716308594,106.6439208984375,134.43421936035156,0.7043909430503845
1413,243,717.6199951171875,295.79644775390625,185.33636474609375,244.20355224609375,0.45167556405067444
1413,253,622.9262084960938,66.50883483886719,66.354248046875,60.087440490722656,0.4642254710197449
1413,270,405.74456787109375,13.9423189163208,59.8048095703125,27.943214416503906,0.6126091480255127
1413,275,495.1584167480469,12.596708297729492,39.835479736328125,15.868341445922852,0.3583519458770752
1414,241,492.68145751953125,224.46609497070312,114.4620361328125,133.65603637695312,0.6954988837242126
1414,246,352.2425842285156,142.38565063476562,109.79244995117188,138.21002197265625,0.6698705554008484
1414,243,720.3864135742188,309.8932800292969,178.63671875,230.10671997070312,0.45921042561531067
1414,253,623.1974487304688,68.69197082519531,66.71563720703125,60.889617919921875,0.6356620788574219
1414,270,403.75787353515625,14.392987251281738,61.285003662109375,29.327198028564453,0.5899336934089661
1414,275,491.73492431640625,12.356082916259766,44.82373046875,17.90542221069336,0.3873801827430725
1415,241,488.9280700683594,232.21421813964844,120.02474975585938,141.82005310058594,0.7881150245666504
1415,246,347.1980285644531,148.0867156982422,113.392822265625,142.90931701660156,0.7170985341072083
1415,253,623.3284912109375,71.83242797851562,69.243896484375,63.88323974609375,0.6955709457397461
1415,270,401.6003112792969,14.596639633178711,63.445281982421875,31.18609046936035,0.6027434468269348
1415,275,490.451171875,12.661336898803711,47.090576171875,18.907093048095703,0.38758665323257446
1416,241,487.9666442871094,245.4686279296875,121.65780639648438,145.1246337890625,0.731606662273407
1416,246,341.3740539550781,153.59666442871094,117.29312133789062,147.68528747558594,0.800656795501709
1416,253,623.906494140625,74.76873016357422,70.23797607421875,65.24761199951172,0.6716487407684326
1416,270,399.3028564453125,14.970085144042969,65.47381591796875,33.1147346496582,0.6187806725502014
1416,275,489.5028991699219,12.913148880004883,49.235076904296875,19.9381160736084,0.47969886660575867
1417,241,483.0896301269531,253.55638122558594,128.67788696289062,155.61048889160156,0.6373791098594666
1417,246,335.71380615234375,160.02210998535156,120.66275024414062,152.4049530029297,0.6753055453300476
1417,253,627.1222534179688,79.87200164794922,68.6287841796875,63.82488250732422,0.6196138262748718
1417,270,397.4957580566406,15.060626029968262,67.0289306640625,34.98758316040039,0.6761552095413208
1417,275,489.40911865234375,13.80179500579834,49.85528564453125,20.366378784179688,0.37584224343299866
1418,241,482.50677490234375,271.89959716796875,128.69061279296875,156.6641845703125,0.8040043711662292
1418,246,330.29052734375,166.6627960205078,124.27001953125,157.39097595214844,0.8025892376899719
1418,253,628.563232421875,84.09282684326172,68.40802001953125,63.726905822753906,0.700393557548523
1418,270,396.0722961425781,15.109293937683105,67.80072021484375,36.61016082763672,0.6631506681442261
1418,275,487.4241943359375,14.241678237915039,52.9158935546875,21.91005516052246,0.4060123562812805
1419,241,477.2287902832031,280.59771728515625,137.13607788085938,169.22750854492188,0.7714941501617432
1419,246,323.2900390625,173.19842529296875,128.22555541992188,162.75765991210938,0.803156316280365
1419,253,629.6165161132812,88.4721908569336,67.95355224609375,63.349082946777344,0.5889974236488342
1419,270,393.64129638671875,14.674199104309082,69.16668701171875,38.64126968383789,0.6250508427619934
1419,275,485.3340148925781,13.6194486618042,57.640228271484375,24.314517974853516,0.5139612555503845
1420,241,472.81695556640625,291.3421325683594,144.1717529296875,180.45187377929688,0.5243604183197021
1420,246,315.93658447265625,179.85482788085938,132.59234619140625,168.7877197265625,0.809286892414093
1420,253,629.0948486328125,92.25355529785156,70.39093017578125,66.19223022460938,0.6338842511177063
1420,270,390.626708984375,14.377808570861816,71.08535766601562,41.16131591796875,0.7464287877082825
1420,275,483.9584655761719,13.584057807922363,59.910858154296875,25.80431365966797,0.6192030906677246
1421,241,468.01666259765625,306.49688720703125,149.91748046875,190.24395751953125,0.8470938801765442
1421,246,309.3183288574219,188.19281005859375,136.5845947265625,174.17953491210938,0.653093159198761
1421,253,628.1741943359375,93.26030731201172,73.921142578125,70.1375503540039,0.4994411766529083
1421,270,388.1835021972656,14.35079574584961,72.80587768554688,43.76106262207031,0.8534960150718689
1421,275,483.3361511230469,13.922015190124512,60.575469970703125,26.658878326416016,0.6831596493721008
1422,241,463.4508056640625,320.2619323730469,156.2550048828125,201.41427612304688,0.6622847318649292
1422,246,301.2417297363281,195.94931030273438,141.886474609375,181.598388671875,0.5732900500297546
1422,253,628.6090087890625,96.93569946289062,75.951904296875,72.66015625,0.639103889465332
1422,270,385.2279968261719,14.301339149475098,75.71295166015625,47.386966705322266,0.8329405188560486
1422,275,481.4634094238281,14.227629661560059,62.832183837890625,28.43100357055664,0.7436951994895935
1423,241,462.41497802734375,335.773681640625,154.50274658203125,200.92333984375,0.6186508536338806
1423,246,293.37799072265625,203.73558044433594,147.41485595703125,189.27796936035156,0.5493688583374023
1423,253,629.8032836914062,101.02975463867188,76.24493408203125,73.42462158203125,0.616179883480072
1423,270,383.1247253417969,14.38368034362793,76.57815551757812,49.96412658691406,0.7283535599708557
1423,275,480.5532531738281,15.040139198303223,63.032562255859375,29.307559967041016,0.6458625793457031
1424,241,465.23388671875,355.34869384765625,145.17730712890625,184.65130615234375,0.49109122157096863
1424,246,284.1166687011719,213.85702514648438,151.44659423828125,194.32940673828125,0.5072948336601257
1424,253,631.2493896484375,104.71659088134766,77.55645751953125,75.14618682861328,0.3979032039642334
1424,270,381.0685729980469,14.383055686950684,77.33416748046875,52.51995849609375,0.62422776222229
1424,275,481.5704040527344,14.797106742858887,63.192230224609375,30.07726287841797,0.6569852232933044
1425,241,467.0490417480469,373.43023681640625,135.08358764648438,166.56976318359375,0.6360116600990295
1425,246,270.6360778808594,222.86846923828125,159.27545166015625,203.49005126953125,0.5054410099983215
1425,253,631.7747192382812,108.70130920410156,78.82440185546875,76.78512573242188,0.700706422328949
1425,270,379.4850769042969,14.270644187927246,77.26693725585938,54.58671569824219,0.7043159008026123
1425,275,480.51605224609375,14.74049186706543,66.2099609375,32.41106414794922,0.6376451253890991
1426,241,472.64892578125,394.8271179199219,122.67041015625,145.17288208007812,0.7100253105163574
1426,246,262.651611328125,233.04522705078125,164.48587036132812,210.45486450195312,0.49306386709213257
1426,253,632.6721801757812,113.6406478881836,80.6199951171875,79.01268768310547,0.5426516532897949
1426,270,377.82171630859375,15.077125549316406,77.05795288085938,56.57769775390625,0.7299970388412476
1426,275,478.9501647949219,14.905143737792969,69.13858032226562,34.83272933959961,0.6746445894241333
1427,241,476.729736328125,417.8338928222656,108.0892333984375,122.16610717773438,0.5494503378868103
1427,246,253.9981689453125,242.5005340576172,172.53106689453125,222.2262725830078,0.4625261723995209
1427,253,633.8927001953125,117.91412353515625,81.649658203125,80.33047485351562,0.5363413095474243
1427,270,375.61639404296875,15.805665969848633,78.25994873046875,59.77008056640625,0.8063627481460571
1427,275,477.1272888183594,14.49680233001709,72.25845336914062,37.60835647583008,0.7122982144355774
1428,241,488.2986145019531,445.1018981933594,91.75869750976562,94.89810180664062,0.4512426555156708
1428,246,243.55784606933594,251.73033142089844,180.24732971191406,233.5399932861328,0.3218314051628113
1428,253,635.8758544921875,122.70083618164062,83.02374267578125,81.87718200683594,0.590074896812439
1428,270,375.0693664550781,18.477096557617188,76.0390625,60.21540069580078,0.7335476875305176
1428,275,476.1970520019531,14.044402122497559,73.47927856445312,39.55132293701172,0.7050485610961914
1429,246,231.5493621826172,262.80096435546875,189.4545135498047,246.89508056640625,0.4474506676197052
1429,253,636.4193725585938,126.58323669433594,85.37744140625,84.54991149902344,0.6244661808013916
1429,270,373.6512451171875,19.836442947387695,74.7841796875,61.28160095214844,0.6751713156700134
1429,275,476.04290771484375,13.604620933532715,73.88983154296875,41.077693939208984,0.680315375328064
1430,246,220.20291137695312,273.6442565917969,195.50411987304688,256.0550231933594,0.35629355907440186
1430,253,636.5473022460938,130.5146026611328,88.2916259765625,87.92205810546875,0.6023864150047302
1430,270,372.2005310058594,21.502399444580078,74.41790771484375,63.151981353759766,0.6004118919372559
1430,275,474.9695129394531,13.764496803283691,74.15512084960938,42.75932312011719,0.7696431279182434
1431,246,212.4617919921875,286.8190612792969,193.41036987304688,252.46755981445312,0.3056606948375702
1431,253,638.2007446289062,136.51303100585938,89.0294189453125,88.87889099121094,0.7243512868881226
1431,270,370.98419189453125,23.92724609375,73.014892578125,63.98973083496094,0.62820965051651
1431,275,474.15753173828125,13.83707332611084,74.92901611328125,44.87406921386719,0.7609432339668274
1432,246,205.33460998535156,300.7339782714844,186.93797302246094,239.26602172851562,0.6394553184509277
1432,253,638.6470947265625,142.96261596679688,91.1707763671875,91.65727233886719,0.39728081226348877
1432,270,369.881103515625,26.743976593017578,70.72906494140625,63.718257904052734,0.5784821510314941
1432,275,472.6126708984375,13.530638694763184,76.8582763671875,47.687103271484375,0.698783278465271
1433,253,639.4580688476562,147.25962829589844,93.83941650390625,94.83103942871094,0.5665389895439148
1433,270,368.32830810546875,29.983793258666992,68.85888671875,63.63892364501953,0.6275177001953125
1433,275,472.543212890625,13.950032234191895,76.69561767578125,49.3591194152832,0.700750470161438
1434,253,643.798095703125,158.486328125,91.59967041015625,92.16178894042969,0.5885462164878845
1434,270,367.0514831542969,31.956085205078125,67.66497802734375,63.90534973144531,0.5419893860816956
1434,275,473.1260681152344,14.655850410461426,75.08114624023438,50.11452102661133,0.7492780685424805
1434,290,374.3052062988281,50.940547943115234,52.074493408203125,46.69832229614258,0.5334048271179199
1435,253,643.4218139648438,161.3960418701172,97.39697265625,98.48802185058594,0.7270799875259399
1435,275,473.4820861816406,15.2869234085083,74.33755493164062,51.44168472290039,0.7504127025604248
1435,290,365.93011474609375,42.35586929321289,65.17892456054688,58.730838775634766,0.6412243247032166
1436,253,645.0211791992188,167.0260009765625,100.33770751953125,101.82989501953125,0.7098817229270935
1436,275,473.4215087890625,15.785168647766113,73.15472412109375,52.4853630065918,0.7426067590713501
1436,290,361.9311828613281,43.19981002807617,67.89987182617188,61.53715133666992,0.6855612397193909
1437,253,646.1105346679688,172.8037109375,104.34307861328125,106.32760620117188,0.7282835245132446
1437,275,472.2943115234375,16.970449447631836,74.214111328125,55.166015625,0.7648302316665649
1437,290,356.5970153808594,43.212772369384766,71.77032470703125,65.52220153808594,0.6122587323188782
1438,253,647.8069458007812,179.6752471923828,107.066650390625,109.50868225097656,0.7349750995635986
1438,275,471.6580810546875,19.080059051513672,73.9473876953125,56.679691314697266,0.8003982901573181
1438,290,352.2486572265625,43.13681411743164,75.46450805664062,69.65007019042969,0.6247940063476562
1438,270,354.6021423339844,42.497642517089844,71.91229248046875,69.88385772705078,0.3423434793949127
1439,253,648.9974975585938,187.33775329589844,110.4862060546875,113.40715026855469,0.7400765419006348
1439,275,472.3197326660156,20.623756408691406,72.31259155273438,56.92597961425781,0.8823004961013794
1439,290,349.3225402832031,44.05598449707031,77.5426025390625,72.57762908935547,0.3798093795776367
1439,270,352.8243103027344,45.07487106323242,70.70352172851562,70.34809875488281,0.7147892713546753
1440,253,650.7573852539062,194.1958770751953,114.845458984375,118.41111755371094,0.716794490814209
1440,275,472.41009521484375,21.908828735351562,71.37603759765625,57.70050048828125,0.8605073094367981
1440,270,349.2746887207031,47.6494026184082,72.39093017578125,73.63218688964844,0.7833279967308044
1441,253,652.6676025390625,202.55397033691406,117.6075439453125,121.50755310058594,0.7866190075874329
1441,275,472.99267578125,23.137537002563477,69.980712890625,57.899208068847656,0.7848107218742371
1441,270,346.1733093261719,50.470611572265625,72.2275390625,74.9194564819336,0.674156129360199
1442,253,653.6768188476562,210.81149291992188,121.47637939453125,126.19256591796875,0.7621159553527832
1442,275,472.9306640625,24.046493530273438,70.64093017578125,59.996337890625,0.802619457244873
1442,270,343.70941162109375,53.1115837097168,71.73028564453125,75.70048522949219,0.652590274810791
1443,253,656.3767700195312,219.33218383789062,124.97857666015625,130.47601318359375,0.7566414475440979
1443,275,472.29058837890625,24.320510864257812,71.23095703125,62.03932189941406,0.7555170655250549
1443,270,340.2859802246094,56.48015594482422,71.55325317382812,76.4552230834961,0.7751772999763489
1444,253,658.3309326171875,229.1488037109375,128.2152099609375,134.38589477539062,0.6891859173774719
1444,275,472.5558166503906,25.99961280822754,70.47622680664062,62.88372039794922,0.8287599682807922
1444,270,337.817138671875,59.28438186645508,70.78823852539062,76.25247192382812,0.4719711244106293
1445,253,660.3484497070312,238.8018035888672,133.27679443359375,140.3540802001953,0.8279261589050293
1445,275,473.48358154296875,27.393123626708984,68.823974609375,62.79387283325195,0.737880527973175
1445,270,333.4721374511719,61.68462371826172,73.42636108398438,80.13707733154297,0.4355293810367584
1446,253,662.2010498046875,249.47433471679688,138.22296142578125,146.1357421875,0.8284228444099426
1446,275,473.39483642578125,29.05565071105957,68.4306640625,63.768638610839844,0.7253414988517761
1446,270,328.8297424316406,65.54617309570312,74.57568359375,82.30838012695312,0.525499165058136
1447,253,663.6917114257812,259.68377685546875,143.39276123046875,152.57339477539062,0.8257480263710022
1447,275,472.61053466796875,32.60246658325195,69.41217041015625,66.16105651855469,0.684948742389679
1447,270,327.1988830566406,74.04827880859375,70.87527465820312,78.24815368652344,0.6690574288368225
1448,253,666.7634887695312,271.9619445800781,148.83953857421875,159.48098754882812,0.7488123178482056
1448,275,473.1637268066406,35.47147750854492,68.01376342773438,66.1800537109375,0.7842885851860046
1448,270,322.0126647949219,73.9957046508789,74.36764526367188,82.8074722290039,0.6286091208457947
1449,253,670.1043090820312,284.7928771972656,152.61798095703125,164.03366088867188,0.7864745259284973
1449,275,474.1702575683594,39.501380920410156,65.78268432617188,65.03759765625,0.819956362247467
1449,270,317.22967529296875,76.99163055419922,76.24334716796875,85.3055191040039,0.7005954384803772
1450,253,671.4959106445312,296.0312194824219,160.91497802734375,174.46585083007812,0.8092123866081238
1450,275,474.67279052734375,41.797977447509766,64.49395751953125,64.70475769042969,0.7432548403739929
1450,270,311.9560241699219,80.17513275146484,78.16070556640625,88.02582550048828,0.5817087888717651
1451,253,674.306884765625,307.8072509765625,169.73760986328125,185.596923828125,0.7461814880371094
1451,275,474.08673095703125,43.511451721191406,64.87554931640625,66.09771728515625,0.7274293303489685
1451,270,307.552734375,84.19136047363281,79.61932373046875,90.24415588378906,0.5316466093063354
1452,253,678.2667846679688,321.2629089355469,177.61370849609375,195.72579956054688,0.8777811527252197
1452,275,472.6744384765625,43.57614517211914,66.9884033203125,69.36555480957031,0.8081540465354919
1452,270,302.5291748046875,88.74372863769531,81.44927978515625,92.82049560546875,0.6132026314735413
1453,253,683.79736328125,335.1012878417969,180.19036865234375,199.35787963867188,0.7483817338943481
1453,275,472.5184326171875,45.054840087890625,66.83984375,70.1743392944336,0.7398968935012817
1453,270,297.3349914550781,93.45030975341797,81.87240600585938,94.01477813720703,0.49026942253112793
1454,253,695.9478759765625,351.1011047363281,173.43524169921875,188.89889526367188,0.8253272771835327
1454,275,471.5874328613281,47.4275016784668,67.97683715820312,72.47694396972656,0.6981680393218994
1454,270,288.81201171875,97.98275756835938,84.02117919921875,96.08416748046875,0.4895986020565033
1455,253,708.6126708984375,366.7419738769531,164.21875,173.25802612304688,0.7185000777244568
1455,275,473.2914733886719,54.28252410888672,65.19241333007812,69.97161102294922,0.7114263772964478
1455,270,281.8680419921875,102.63484954833984,86.72909545898438,98.7787857055664,0.6928289532661438
1456,253,718.8153686523438,382.90228271484375,154.116943359375,157.09771728515625,0.7921635508537292
1456,275,474.7388000488281,61.60977554321289,61.601287841796875,66.148193359375,0.814424455165863
1456,270,277.406494140625,107.152587890625,88.57049560546875,101.28788757324219,0.6538578867912292
1457,253,731.3568725585938,402.7319641113281,142.271484375,137.26803588867188,0.5660955905914307
1457,275,473.9488830566406,63.4425163269043,62.894012451171875,68.00341796875,0.8563789129257202
1457,270,273.0453796386719,112.23601531982422,90.37738037109375,103.98511505126953,0.7823268175125122
1458,253,741.224853515625,422.9989929199219,128.904296875,117.00100708007812,0.627118706703186
1458,275,472.3770446777344,63.39299774169922,65.41549682617188,71.47667694091797,0.7804563641548157
1458,270,267.8913879394531,117.37212371826172,92.46115112304688,106.6775131225586,0.6639481782913208
1459,253,753.9291381835938,444.6728210449219,112.5589599609375,95.32717895507812,0.6684156060218811
1459,275,473.20751953125,68.02510833740234,64.14642333984375,70.37039947509766,0.7199912071228027
1459,270,261.0573425292969,122.60353088378906,93.64834594726562,108.62113952636719,0.5512590408325195
1459,295,262.64520263671875,121.4669418334961,90.90521240234375,109.81267547607422,0.46992385387420654
1460,253,768.1583862304688,470.61602783203125,92.4254150390625,69.38397216796875,0.5505516529083252
1460,275,472.9424133300781,71.00261688232422,63.984466552734375,70.58060455322266,0.6993119716644287
1460,270,253.27621459960938,127.81056213378906,96.2464599609375,112.14631652832031,0.27073007822036743
1460,295,253.67747497558594,128.33595275878906,93.50569152832031,112.96994018554688,0.53199303150177
1461,275,471.8498840332031,73.62669372558594,66.05673217773438,73.66165161132812,0.6520268321037292
1461,270,245.32534790039062,133.21388244628906,99.73867797851562,116.64178466796875,0.4272853434085846
1461,295,245.07339477539062,133.64674377441406,97.275634765625,117.55793762207031,0.5344732403755188
1462,275,470.8708801269531,74.76189422607422,67.89590454101562,76.55023956298828,0.733633816242218
1462,270,237.01609802246094,136.63368225097656,104.14582824707031,122.86372375488281,0.5764045715332031
1462,295,236.28953552246094,135.90628051757812,102.41566467285156,124.03762817382812,0.47073283791542053
1463,275,471.8721923828125,80.97138214111328,65.6363525390625,74.22074127197266,0.7322298288345337
1463,270,229.72886657714844,144.56488037109375,105.15779113769531,124.4345703125,0.4741703271865845
1463,295,229.15585327148438,144.3616180419922,103.6329345703125,125.54759216308594,0.5217189192771912
1464,275,471.3186950683594,84.23309326171875,66.70736694335938,75.91436767578125,0.6199946999549866
1464,270,220.82110595703125,151.84510803222656,108.1014404296875,128.19163513183594,0.45129838585853577
1464,295,220.4268341064453,152.48143005371094,105.90162658691406,128.2455291748047,0.5623149871826172
1465,275,467.4650573730469,79.68428802490234,73.85165405273438,85.5301742553711,0.5608072876930237
1466,275,467.19976806640625,83.98106384277344,74.90863037109375,87.89823913574219,0.5695798397064209
1466,270,202.32530212402344,167.08660888671875,112.46830749511719,133.345947265625,0.6221500039100647
1467,275,465.4379577636719,82.81398010253906,77.69058227539062,92.60955810546875,0.6988184452056885
1467,270,191.78492736816406,174.6493682861328,116.43858337402344,138.2196502685547,0.5523927807807922
1468,275,465.30047607421875,84.12312316894531,77.317626953125,93.17326354980469,0.5988850593566895
1468,270,180.39671325683594,182.9945831298828,120.44145202636719,143.02842712402344,0.6744614243507385
1469,275,468.88128662109375,97.37384796142578,70.00250244140625,83.70092010498047,0.5644853711128235
1469,270,168.17027282714844,191.61666870117188,124.78324890136719,148.1339111328125,0.6634004712104797
1470,275,470.84027099609375,107.58760070800781,65.4959716796875,77.42247009277344,0.7873872518539429
1470,270,156.5382080078125,200.6898956298828,129.60531616210938,153.8488311767578,0.6937609910964966
1471,275,469.83349609375,112.86788940429688,67.4346923828125,79.44635009765625,0.631312906742096
1471,270,142.29673767089844,210.25607299804688,135.45191955566406,160.8350830078125,0.6699894666671753
1472,275,469.0206298828125,117.1840591430664,68.0792236328125,79.81079864501953,0.6067924499511719
1472,270,127.5801773071289,219.99400329589844,141.68008422851562,168.24559020996094,0.7451604604721069
1473,275,462.8846740722656,108.21524810791016,79.08639526367188,94.07254791259766,0.45846593379974365
1473,270,112.87679290771484,231.32237243652344,147.4228515625,174.7350311279297,0.753044068813324
1474,275,461.7297058105469,110.78398895263672,81.25485229492188,97.4947280883789,0.5661429166793823
1474,270,92.49797821044922,242.2299346923828,155.2442626953125,182.62770080566406,0.8480184078216553
1475,275,461.3735656738281,118.6253890991211,81.16720581054688,98.0851821899414,0.5990279912948608
1475,270,77.05359649658203,254.1759796142578,163.800537109375,192.1629180908203,0.8135157823562622
1476,275,459.5306396484375,118.4355697631836,84.29302978515625,102.83126068115234,0.5991269946098328
1476,270,57.424400329589844,266.6186218261719,172.65509033203125,202.2816162109375,0.692654550075531
1477,275,457.0234375,117.83662414550781,89.3819580078125,110.55946350097656,0.6605064868927002
1477,270,36.33257293701172,278.0218811035156,183.37509155273438,214.90402221679688,0.6431439518928528
1478,275,456.1396179199219,120.17768859863281,90.76846313476562,113.67304992675781,0.6596528887748718
1478,270,6.5483269691467285,280.3176574707031,205.13040161132812,242.23007202148438,0.8138140439987183
1479,275,455.02899169921875,125.6005859375,91.64361572265625,116.11239624023438,0.4786066710948944
1479,270,0.0,303.83740234375,195.54086303710938,232.9754638671875,0.5379586219787598
1480,275,455.0303039550781,133.94802856445312,90.55075073242188,115.42915344238281,0.481486439704895
1480,270,0.0,324.19012451171875,180.36009216308594,215.80987548828125,0.8680148124694824
1481,275,452.2735900878906,133.2361602783203,95.64797973632812,123.33708190917969,0.4573161005973816
1481,270,0.0,342.8769836425781,164.3217315673828,197.12301635742188,0.696977436542511
1482,275,450.8894958496094,139.29518127441406,98.10415649414062,127.84608459472656,0.37325674295425415
1482,270,0.0,363.2760009765625,146.59487915039062,176.7239990234375,0.34831538796424866
1483,275,451.4776306152344,145.68739318847656,98.09097290039062,128.6948699951172,0.5657507181167603
1483,304,422.8486328125,14.416511535644531,40.305877685546875,19.116329193115234,0.3762195110321045
1484,275,449.7249755859375,149.08058166503906,99.750732421875,131.8696746826172,0.6420799493789673
1484,304,419.418212890625,15.261726379394531,43.754547119140625,20.798370361328125,0.3744997978210449
1485,275,453.612060546875,172.08319091796875,91.43475341796875,119.29306030273438,0.42437586188316345
1485,304,415.51318359375,15.35313606262207,47.621063232421875,22.750761032104492,0.412249356508255
1486,275,454.22393798828125,187.22744750976562,88.52532958984375,114.206787109375,0.6333519816398621
1486,304,412.9618225097656,15.735727310180664,49.29656982421875,23.724260330200195,0.5514140725135803
1487,275,448.52099609375,181.81346130371094,100.3497314453125,130.15382385253906,0.4929027855396271
1487,304,410.01953125,15.596235275268555,52.56280517578125,25.5462589263916,0.6128582954406738
1488,275,447.2930603027344,188.08982849121094,103.38662719726562,134.26673889160156,0.5874511003494263
1488,304,404.9154357910156,14.961250305175781,58.187774658203125,28.66834259033203,0.6218710541725159
1489,275,441.9819641113281,186.0762176513672,112.41726684570312,147.42161560058594,0.6340433359146118
1489,304,401.4251403808594,14.327698707580566,61.252166748046875,30.651512145996094,0.5880641341209412
1490,275,437.51483154296875,187.17347717285156,119.31451416015625,158.1872100830078,0.6604971289634705
1490,304,398.26654052734375,14.250797271728516,64.7939453125,33.07535171508789,0.5920975804328918
1491,275,435.2598876953125,191.64015197753906,123.3846435546875,165.2774200439453,0.6187968254089355
1491,304,396.3700256347656,14.418139457702637,66.34161376953125,34.66823959350586,0.5722793340682983
1492,275,431.8208923339844,196.9441680908203,128.50662231445312,173.9300079345703,0.7486156225204468
1492,304,394.11920166015625,14.246745109558105,67.8245849609375,36.33549499511719,0.6729604601860046
1493,275,428.470703125,203.44732666015625,133.284423828125,182.44241333007812,0.900862991809845
1493,304,391.7774658203125,14.414151191711426,70.56826782226562,38.930912017822266,0.8023715615272522
1494,275,426.7600402832031,211.8175048828125,134.03305053710938,185.406494140625,0.9045577645301819
1494,304,389.33050537109375,15.342254638671875,71.20346069335938,40.371856689453125,0.8037002086639404
1495,275,423.9746398925781,220.5548858642578,137.46267700195312,192.32679748535156,0.8623591661453247
1495,304,386.56689453125,16.018110275268555,72.77426147460938,42.50630187988281,0.8125897645950317
1496,275,421.3401184082031,229.22825622558594,140.71780395507812,199.2340850830078,0.9119350910186768
1496,304,384.70574951171875,16.9936466217041,73.01632690429688,43.97810363769531,0.713793933391571
1497,275,418.0805358886719,238.34100341796875,144.36831665039062,206.80487060546875,0.8768324851989746
1497,304,384.52093505859375,20.328487396240234,70.52593994140625,43.74061965942383,0.6494678854942322
1498,275,414.9737548828125,248.05601501464844,148.33135986328125,214.99937438964844,0.8784849643707275
1498,304,382.56512451171875,22.300142288208008,70.84381103515625,45.261863708496094,0.6948070526123047
1499,275,410.93560791015625,257.74359130859375,153.31658935546875,225.13906860351562,0.7617848515510559
1499,304,381.1929931640625,24.674419403076172,69.68331909179688,45.73015213012695,0.7839081883430481
1500,275,407.846923828125,268.1434020996094,157.81097412109375,234.68511962890625,0.740361750125885
1500,304,379.4834289550781,27.223587036132812,69.34100341796875,46.72179412841797,0.6917148232460022
1501,275,403.8714599609375,278.7846984863281,163.59783935546875,246.43771362304688,0.7212666273117065
1501,304,377.9173889160156,29.260892868041992,68.26217651367188,47.037071228027344,0.7310981154441833
1502,275,400.6386413574219,285.2627868652344,164.78274536132812,250.68136596679688,0.44594067335128784
1502,304,376.45343017578125,31.639583587646484,67.28897094726562,47.45590591430664,0.7456954121589661
1503,275,402.7809143066406,303.2140808105469,156.76296997070312,236.78591918945312,0.46408697962760925
1503,304,374.9312744140625,33.90758514404297,67.35931396484375,48.60624694824219,0.6527089476585388
1504,304,373.6582946777344,36.57408142089844,66.06991577148438,48.682945251464844,0.5370731353759766
1505,304,370.76806640625,39.19868469238281,65.6063232421875,49.24034118652344,0.5397591590881348
1505,275,408.44891357421875,334.50537109375,140.3577880859375,205.49462890625,0.30572324991226196
1506,304,367.7340393066406,41.94043731689453,64.48153686523438,48.87388610839844,0.6214720010757446
1506,275,413.6037292480469,351.6420593261719,130.90896606445312,188.35794067382812,0.5097922682762146
1507,304,364.3251037597656,44.793540954589844,65.44720458984375,50.36582946777344,0.5597866773605347
1507,275,418.6166687011719,368.73779296875,123.50619506835938,171.26220703125,0.3633159101009369
1508,304,360.6970520019531,47.14683151245117,66.07354736328125,51.551822662353516,0.5653641223907471
1508,275,422.3570251464844,386.5658874511719,115.91189575195312,153.43411254882812,0.5752003192901611
1509,304,357.3345947265625,49.89007568359375,66.60726928710938,52.438232421875,0.6690029501914978
1509,275,425.6637878417969,406.4184265136719,106.81704711914062,133.58157348632812,0.32987767457962036
1510,304,354.95458984375,52.757503509521484,67.24215698242188,53.6052360534668,0.7868871688842773
1511,304,352.85888671875,56.103885650634766,66.602294921875,53.63424301147461,0.7768903374671936
1511,309,515.7877807617188,13.424155235290527,38.85479736328125,14.928854942321777,0.40642890334129333
1512,304,349.5550842285156,59.728641510009766,66.63153076171875,54.14010238647461,0.6701400279998779
1512,309,512.978515625,13.413931846618652,43.49896240234375,16.75973129272461,0.4928009808063507
1513,304,345.7131652832031,62.65342330932617,68.82693481445312,56.41371536254883,0.708173930644989
1513,309,511.37823486328125,13.679849624633789,46.698974609375,18.084888458251953,0.4934770166873932
1514,304,343.2458801269531,67.58676147460938,67.39901733398438,55.495750427246094,0.6268267035484314
1514,309,509.4092102050781,13.780975341796875,50.422882080078125,19.693397521972656,0.4921852648258209
1515,304,339.458251953125,70.52198791503906,69.43228149414062,57.66401672363281,0.6822208762168884
1515,309,506.7200012207031,13.992652893066406,55.380096435546875,21.920482635498047,0.4946150481700897
1516,304,335.8808898925781,74.87841796875,69.02655029296875,57.51179504394531,0.761100709438324
1516,309,504.1556091308594,14.44605541229248,61.128265380859375,24.709144592285156,0.6155745387077332
1517,304,331.4141845703125,79.62503814697266,70.0557861328125,58.51122283935547,0.763972818851471
1517,309,501.9775390625,14.752732276916504,65.17083740234375,26.987415313720703,0.5794331431388855
1518,304,327.2686767578125,82.49771118164062,72.69091796875,61.07054138183594,0.7304331660270691
1518,309,500.40313720703125,14.818143844604492,68.6795654296875,29.222063064575195,0.6335505843162537
1519,304,322.95550537109375,87.01805114746094,73.58999633789062,62.00889587402344,0.6934646368026733
1519,309,499.4740905761719,14.874022483825684,71.51766967773438,31.398494720458984,0.5478997230529785
1520,304,318.86004638671875,88.9921646118164,76.41622924804688,64.7618179321289,0.7321876883506775
1520,309,496.54876708984375,15.229340553283691,76.6385498046875,34.8936882019043,0.5961968898773193
1521,304,313.0869445800781,91.83705139160156,78.40594482421875,66.98272705078125,0.5812157988548279
1521,309,494.50830078125,14.816341400146484,80.59613037109375,38.1683464050293,0.6683610677719116
1522,304,308.3101806640625,96.1178207397461,80.43069458007812,69.0859146118164,0.6474493145942688
1522,309,492.44354248046875,14.449079513549805,83.98095703125,41.467308044433594,0.7478025555610657
1523,304,303.5569763183594,101.61248779296875,81.1417236328125,70.0223388671875,0.6183157563209534
1523,309,492.0843505859375,14.664732933044434,85.3641357421875,43.94590377807617,0.8293609619140625
1524,304,298.8013000488281,106.9004135131836,81.90304565429688,70.8454360961914,0.6265071630477905
1524,309,491.9861755371094,14.98560905456543,85.75466918945312,46.04949188232422,0.8179545998573303
1525,304,293.7317199707031,111.37992095947266,83.91290283203125,72.82054901123047,0.6209213137626648
1525,309,491.4998779296875,15.962132453918457,86.209716796875,48.30695724487305,0.7624232172966003
1526,304,286.15185546875,115.92172241210938,86.98526000976562,75.55450439453125,0.5488867163658142
1526,309,491.3334045410156,16.809741973876953,86.92416381835938,50.96249771118164,0.6991772055625916
1527,304,280.069091796875,121.22822570800781,89.06097412109375,77.34321594238281,0.573747456073761
1527,309,491.9791564941406,19.66436004638672,84.78518676757812,51.81444549560547,0.6818608641624451
1528,304,274.58563232421875,126.91673278808594,90.60867309570312,78.77847290039062,0.7066220045089722
1528,309,491.4430236816406,22.161752700805664,85.43881225585938,54.56519317626953,0.7051312923431396
1529,304,267.19073486328125,131.64430236816406,94.22866821289062,82.14373779296875,0.8315922021865845
1529,309,491.9645080566406,24.14976692199707,84.04421997070312,55.94831848144531,0.7395532131195068
1530,304,259.3909912109375,134.5797882080078,98.91403198242188,86.72196960449219,0.7935391068458557
1530,309,492.48431396484375,25.986204147338867,81.499267578125,56.273841857910156,0.7628499865531921
1531,304,253.03280639648438,142.05621337890625,99.88009643554688,87.70756530761719,0.7928919196128845
1531,309,492.6011657714844,27.791919708251953,80.50888061523438,57.621829986572266,0.8100522756576538
1532,304,245.97377014160156,149.60580444335938,101.54713439941406,89.231689453125,0.6782903671264648
1532,309,492.76373291015625,30.316802978515625,79.31951904296875,58.67256164550781,0.8765140771865845
1533,304,237.70010375976562,155.74423217773438,104.73248291015625,92.13929748535156,0.7213034629821777
1533,309,491.93084716796875,32.83542251586914,79.99066162109375,61.19621658325195,0.7043915390968323
1534,304,228.906494140625,163.08819580078125,108.037353515625,95.09860229492188,0.7655219435691833
1534,309,491.3830261230469,36.08404541015625,79.96762084960938,63.165771484375,0.7591220140457153
1535,304,220.38375854492188,169.9692840576172,111.00180053710938,97.54844665527344,0.7444555759429932
1535,309,491.9753723144531,38.80879592895508,79.10861206054688,64.42367553710938,0.8330925703048706
1536,304,211.767822265625,177.93370056152344,113.66973876953125,99.75541687011719,0.8225509524345398
1536,309,492.96478271484375,42.32099533081055,77.19561767578125,64.64891052246094,0.808603823184967
1537,304,200.97447204589844,184.8982391357422,118.80802917480469,104.33720397949219,0.7981395125389099
1537,309,493.8082580566406,45.9044189453125,74.97030639648438,64.4181137084961,0.8112553954124451
1538,304,190.3411407470703,192.80859375,123.66288757324219,108.64306640625,0.7003212571144104
1538,309,493.5003967285156,48.86301803588867,76.27511596679688,67.33038330078125,0.8042964935302734
1539,304,179.44863891601562,201.76333618164062,128.30706787109375,112.83148193359375,0.7498745322227478
1539,309,492.5380554199219,52.70970916748047,77.54141235351562,70.25916290283203,0.8559861779212952
1540,304,167.31375122070312,211.340087890625,133.11770629882812,117.06536865234375,0.8679967522621155
1540,309,492.9541931152344,56.8355712890625,76.14602661132812,70.44506072998047,0.8703495264053345
1541,304,154.9716796875,220.48423767089844,138.953125,122.31166076660156,0.8137181997299194
1541,309,492.7796630859375,59.40946960449219,76.40704345703125,72.31001281738281,0.7507187724113464
1542,304,142.4505157470703,230.43646240234375,143.71470642089844,126.51751708984375,0.7686653733253479
1542,309,492.0828857421875,64.29710388183594,76.60546875,74.06576538085938,0.8255617618560791
1543,304,126.49080657958984,240.05911254882812,152.31829833984375,134.37640380859375,0.5644537210464478
1543,309,491.6084899902344,68.90423583984375,77.08554077148438,76.11178588867188,0.7611862421035767
1544,304,111.34637451171875,251.14385986328125,158.67803955078125,140.04705810546875,0.7255018353462219
1544,309,491.4962158203125,72.32145690917969,77.07122802734375,77.66413879394531,0.7902689576148987
1545,304,90.03939819335938,263.0033874511719,166.6795654296875,145.88919067382812,0.8455473780632019
1545,309,491.0181884765625,76.49576568603516,77.63714599609375,79.75200653076172,0.8279814720153809
1546,304,76.61607360839844,275.82733154296875,173.65090942382812,151.95513916015625,0.9137647747993469
1546,309,488.78497314453125,80.45785522460938,80.18170166015625,83.78411865234375,0.7307847738265991
1547,304,58.331153869628906,288.8019714355469,183.42794799804688,160.83889770507812,0.8078994154930115
1547,309,486.9784240722656,84.90898895263672,81.82418823242188,87.1344985961914,0.5176203846931458
1548,304,39.47449493408203,303.2479248046875,191.822021484375,168.53469848632812,0.7493040561676025
1548,309,487.2840576171875,89.92145538330078,80.20220947265625,86.53778839111328,0.6194458603858948
1549,304,16.705358505249023,318.0097961425781,205.34378051757812,181.00897216796875,0.7059275507926941
1549,309,486.92498779296875,95.62391662597656,80.3499755859375,87.89411926269531,0.7005264163017273
1550,304,0.0,334.3174743652344,214.8395233154297,192.18905639648438,0.7241491675376892
1550,309,485.3912048339844,100.89076232910156,82.21206665039062,91.26695251464844,0.7903214693069458
1551,304,0.0,350.03717041015625,201.44969177246094,187.91253662109375,0.7209388613700867
1551,309,485.0421142578125,106.24971771240234,82.560546875,92.81888580322266,0.7677056789398193
1552,304,0.0,368.713134765625,185.0559844970703,171.286865234375,0.6092192530632019
1552,309,483.69732666015625,111.64104461669922,84.32916259765625,96.32161712646484,0.73258376121521
1553,304,0.0,387.2137756347656,167.9080810546875,152.78622436523438,0.7777892351150513
1553,309,482.5405578613281,117.7059097290039,85.22158813476562,98.50911712646484,0.690711498260498
1554,304,0.0,407.84027099609375,148.13294982910156,132.15972900390625,0.4691706597805023
1554,309,480.86883544921875,124.10187530517578,86.41009521484375,100.81525421142578,0.7168044447898865
1555,304,0.14872461557388306,429.7998962402344,128.6840362548828,110.20010375976562,0.3336738646030426
1555,309,478.9543762207031,129.90066528320312,88.83505249023438,104.81634521484375,0.6252973675727844
1556,304,4.008978366851807,454.4191589355469,101.3006362915039,85.58084106445312,0.5867649912834167
1556,309,477.465087890625,137.5814666748047,90.06768798828125,106.9464111328125,0.6607893705368042
1557,309,476.7342224121094,144.65164184570312,92.62026977539062,110.628662109375,0.8003124594688416
1558,309,475.0048522949219,152.02845764160156,95.61318969726562,115.18400573730469,0.791059136390686
1558,311,497.2099914550781,13.753039360046387,39.589874267578125,17.18294906616211,0.3656619191169739
1559,309,472.8891296386719,160.25018310546875,97.55477905273438,118.28366088867188,0.7997588515281677
1559,311,494.9650573730469,14.368948936462402,43.235015869140625,18.80853271484375,0.4323575496673584
1560,309,470.0281677246094,168.36862182617188,101.34530639648438,123.94369506835938,0.8090332746505737
1560,311,492.1248474121094,14.664568901062012,48.009674072265625,21.014984130859375,0.5358238816261292
1561,309,467.3132019042969,176.687744140625,105.25863647460938,129.89041137695312,0.758344292640686
1561,311,489.3617248535156,14.951619148254395,51.996795654296875,23.00686264038086,0.6917585134506226
1562,309,464.3432312011719,186.6728515625,108.34945678710938,134.75433349609375,0.8379767537117004
1562,311,486.7532043457031,15.252395629882812,54.677459716796875,24.547466278076172,0.7505255937576294
1563,309,461.052978515625,196.04026794433594,112.83099365234375,141.75694274902344,0.7204915285110474
1563,311,484.4012756347656,15.17196273803711,57.578765869140625,26.32763671875,0.7832135558128357
1564,309,456.9363098144531,207.4755859375,117.65487670898438,149.2547607421875,0.771699070930481
1564,311,480.78515625,14.736895561218262,63.564453125,29.79955291748047,0.7096607089042664
1565,309,451.84002685546875,218.18980407714844,123.61395263671875,158.8005828857422,0.8264133334159851
1565,311,478.48052978515625,14.70277214050293,66.81005859375,32.20611572265625,0.7242076992988586
1566,309,448.5338134765625,231.11676025390625,126.72955322265625,164.43283081054688,0.7750151753425598
1566,311,475.9332580566406,14.834904670715332,70.12344360351562,34.8404426574707,0.7611607313156128
1567,309,444.7703857421875,244.00411987304688,131.58868408203125,172.8345947265625,0.837877631187439
1567,311,473.3077087402344,14.661459922790527,73.43106079101562,37.70980453491211,0.8154318332672119
1568,309,441.1310729980469,258.01153564453125,136.81967163085938,181.85992431640625,0.8085359334945679
1568,311,472.0326232910156,14.762446403503418,74.37319946289062,39.530296325683594,0.7973614931106567
1569,309,434.63427734375,269.9755554199219,144.65997314453125,195.33346557617188,0.7730807662010193
1569,311,470.4207763671875,14.970035552978516,76.39337158203125,42.11166763305664,0.8177435398101807
1570,309,427.5936584472656,283.00054931640625,153.29849243164062,210.41738891601562,0.7251421809196472
1570,311,469.9200134277344,16.122831344604492,77.75265502929688,44.489036560058594,0.8288653492927551
1571,309,421.9527893066406,301.8908996582031,157.92044067382812,220.33175659179688,0.48836609721183777
1571,311,469.77783203125,17.75069808959961,76.81103515625,45.66964340209961,0.7732585072517395
1571,312,597.2677001953125,13.64381217956543,37.63433837890625,16.432605743408203,0.5808255672454834
1572,309,421.4254150390625,323.1462097167969,152.214111328125,213.76132202148438,0.5214087963104248
1572,311,470.7193603515625,20.8085880279541,73.7333984375,45.3427734375,0.730890691280365
1572,312,596.1196899414062,13.766944885253906,40.2657470703125,17.619277954101562,0.6222018003463745
1573,311,470.0653991699219,23.899198532104492,71.97293090820312,45.67893981933594,0.7841165065765381
1573,312,594.92333984375,13.915560722351074,42.9072265625,18.857868194580078,0.6516687870025635
1574,311,468.9954528808594,26.160001754760742,71.61630249023438,46.99211883544922,0.7783442139625549
1574,312,594.658203125,14.253349304199219,43.4532470703125,19.170551300048828,0.6039012670516968
1575,311,468.5957946777344,28.785594940185547,70.57241821289062,47.76688003540039,0.7512197494506836
1575,312,593.4776611328125,14.525528907775879,45.61102294921875,20.23245620727539,0.627895712852478
1576,311,469.365966796875,31.99665069580078,67.83319091796875,47.14036560058594,0.7599804997444153
1576,312,591.391845703125,15.185037612915039,49.9229736328125,22.39530372619629,0.7777994871139526
1577,311,468.94140625,34.92138671875,66.66485595703125,47.407508850097656,0.7444806098937988
1577,312,590.0230712890625,15.566125869750977,52.3543701171875,23.802820205688477,0.7610086798667908
1578,311,468.32928466796875,37.36793518066406,67.3345947265625,48.915313720703125,0.7766842842102051
1578,312,588.5436401367188,15.447636604309082,54.6162109375,25.22775650024414,0.768193244934082
1579,311,466.8671875,39.35777282714844,67.39404296875,50.202880859375,0.7650234699249268
1579,312,587.540283203125,15.347662925720215,57.028076171875,26.882156372070312,0.7072278261184692
1580,311,466.2774658203125,42.880699157714844,66.25372314453125,50.59210205078125,0.8188288807868958
1580,312,585.5035400390625,15.152932167053223,60.98968505859375,29.450180053710938,0.6344988942146301
1581,311,464.21142578125,45.895511627197266,66.507080078125,51.95759201049805,0.8085933923721313
1581,312,584.5115356445312,14.99661922454834,63.7647705078125,31.653141021728516,0.6078091263771057
1582,311,463.2635498046875,49.06734848022461,65.5479736328125,52.20352554321289,0.7945772409439087
1582,312,582.55322265625,14.133272171020508,67.82000732421875,34.76243591308594,0.6747172474861145
1583,311,461.9120788574219,51.34492492675781,66.29110717773438,53.81536102294922,0.7883829474449158
1583,312,581.41796875,14.284353256225586,70.22320556640625,37.21296691894531,0.7510156035423279
1584,311,461.2516174316406,55.315635681152344,65.53469848632812,54.073814392089844,0.8321987986564636
1584,312,580.8605346679688,14.709977149963379,71.88739013671875,39.44015121459961,0.7490680813789368
1585,311,459.7105407714844,58.763519287109375,66.05203247070312,55.443878173828125,0.7755857110023499
1585,312,580.463623046875,15.124402046203613,72.71240234375,41.339786529541016,0.7044572830200195
1586,311,457.6433410644531,62.393455505371094,67.37124633789062,57.714263916015625,0.7866463661193848
1586,312,580.2838745117188,16.05787467956543,73.1708984375,42.9970703125,0.8269237279891968
1587,311,456.41595458984375,65.83802795410156,67.4864501953125,58.814964294433594,0.845516562461853
1587,312,579.9887084960938,16.53450584411621,74.37664794921875,45.26582336425781,0.7761121392250061
1588,311,454.45001220703125,69.15463256835938,67.6673583984375,59.78324890136719,0.781348705291748
1588,312,580.8157348632812,18.038536071777344,73.0860595703125,45.990234375,0.7464969158172607
1589,311,452.8821105957031,72.82518005371094,68.88723754882812,61.848541259765625,0.7201895713806152
1589,312,581.7662353515625,20.502281188964844,71.08941650390625,46.1622314453125,0.7133914232254028
1590,311,451.526611328125,77.51543426513672,68.2818603515625,61.863075256347656,0.7775892615318298
1590,312,583.4697875976562,23.709793090820312,68.4005126953125,45.637657165527344,0.769167959690094
1591,311,449.19097900390625,82.17735290527344,68.88751220703125,63.12876892089844,0.6994913816452026
1591,312,583.8809814453125,25.718664169311523,67.78228759765625,46.422813415527344,0.7773622870445251
1592,311,446.8584289550781,86.26264190673828,69.36746215820312,64.38953399658203,0.6665726900100708
1592,312,584.3793334960938,27.2061710357666,67.27838134765625,47.341468811035156,0.7561615109443665
1592,314,540.01123046875,13.505915641784668,42.4998779296875,19.196090698242188,0.5686235427856445
1593,311,443.8104248046875,91.58574676513672,69.8939208984375,65.3705825805664,0.7033608555793762
1593,312,585.0470581054688,29.012434005737305,66.38232421875,47.9539794921875,0.722622811794281
1593,314,539.3214721679688,13.637131690979004,43.9793701171875,19.884315490722656,0.5674242377281189
1594,311,441.51348876953125,95.62680053710938,71.56280517578125,67.61990356445312,0.7189388871192932
1594,312,585.1049194335938,30.747844696044922,66.7239990234375,49.574947357177734,0.718498945236206
1594,314,537.1080322265625,13.49328899383545,48.6102294921875,22.07544708251953,0.6333515644073486
1595,311,438.2397766113281,100.14505767822266,73.91439819335938,70.4864273071289,0.7154581546783447
1595,312,585.3536376953125,32.43803024291992,66.46588134765625,50.703006744384766,0.8196344971656799
1595,314,534.0254516601562,13.388577461242676,54.40081787109375,24.93423843383789,0.6263461112976074
1596,311,435.91595458984375,104.06751251220703,76.0770263671875,73.2541275024414,0.6702260375022888
1596,312,586.349853515625,35.08401107788086,65.13885498046875,50.766849517822266,0.8321557641029358
1596,314,533.853515625,14.072530746459961,55.85894775390625,25.911664962768555,0.6716040968894958
1597,311,432.1350402832031,109.03109741210938,77.182861328125,75.17860412597656,0.8064817190170288
1597,312,587.0092163085938,37.692626953125,63.83111572265625,50.75037384033203,0.7614381909370422
1597,314,532.4908447265625,14.058284759521484,58.78643798828125,27.68048858642578,0.5830965042114258
1598,311,428.9535827636719,113.34841918945312,78.2235107421875,77.09500122070312,0.6800746321678162
1598,312,586.8179321289062,40.32832717895508,63.45953369140625,51.58528518676758,0.5578636527061462
1598,314,530.7214965820312,13.789562225341797,62.23114013671875,29.85776138305664,0.4845951795578003
1599,311,427.18212890625,122.27204132080078,76.0340576171875,75.09090423583984,0.6022160053253174
1599,312,586.58447265625,42.38866424560547,65.16131591796875,54.04875183105469,0.6608902812004089
1599,314,530.458740234375,13.721272468566895,63.59088134765625,31.15152359008789,0.44929802417755127
1600,311,423.8408508300781,127.6816177368164,78.60452270507812,78.08704376220703,0.6409466862678528
1600,312,586.4450073242188,44.780372619628906,65.65728759765625,55.459747314453125,0.6915093660354614
1601,311,420.4163513183594,133.20921325683594,82.00149536132812,81.8284912109375,0.6684010028839111
1601,312,587.1145629882812,47.9307975769043,64.42974853515625,55.23313522338867,0.6612111926078796
1601,314,525.2990112304688,13.452444076538086,74.24285888671875,37.627601623535156,0.4817085862159729
1602,311,416.2758483886719,139.42041015625,83.88961791992188,84.10774230957031,0.6575433611869812
1602,312,586.8543090820312,50.543800354003906,64.0345458984375,55.809722900390625,0.48921939730644226
1602,314,525.1885986328125,13.646356582641602,75.46044921875,39.496055603027344,0.42350345849990845
1603,311,412.0679626464844,144.95289611816406,87.21835327148438,87.97903442382812,0.7206486463546753
1603,312,587.4667358398438,53.82794952392578,63.6063232421875,56.21465301513672,0.7448217272758484
1603,314,525.3214721679688,13.644145965576172,75.8245849609375,40.98674392700195,0.6385914087295532
1604,311,407.71270751953125,150.98785400390625,89.92218017578125,91.18415832519531,0.7647339701652527
1604,312,587.4326171875,56.57609176635742,63.9012451171875,57.18364334106445,0.7399817705154419
1604,314,525.26806640625,14.002046585083008,75.40472412109375,42.25007629394531,0.5964863896369934
1605,311,402.79193115234375,157.7003173828125,93.45248413085938,95.28877258300781,0.807645320892334
1605,312,587.6085205078125,59.95595932006836,63.9483642578125,57.90647506713867,0.7821983695030212
1605,314,525.2603759765625,14.25313663482666,75.442626953125,43.76508331298828,0.591816782951355
1606,311,398.45745849609375,166.2825469970703,95.85980224609375,98.18702697753906,0.790157675743103
1606,312,587.1189575195312,63.19498825073242,65.21234130859375,59.8200569152832,0.7646580934524536
1606,314,524.4225463867188,14.429072380065918,76.60064697265625,46.0697135925293,0.5964480638504028
1607,311,392.9981689453125,173.8155059814453,100.00570678710938,102.98835754394531,0.8010984659194946
1607,312,587.0498046875,65.79579162597656,65.26300048828125,60.52539825439453,0.7192937731742859
1607,314,525.0872802734375,15.80901050567627,75.51165771484375,47.095802307128906,0.4652600586414337
1608,311,387.8095703125,182.6274871826172,102.61795043945312,106.17652893066406,0.81751549243927
1608,312,586.7764892578125,69.62315368652344,65.16021728515625,60.91841125488281,0.8094135522842407
1608,314,525.3513793945312,16.749441146850586,75.90423583984375,49.099571228027344,0.5057761669158936
1609,311,381.76483154296875,191.26023864746094,106.48675537109375,110.70149230957031,0.7991414070129395
1609,312,585.814453125,72.7479019165039,66.77691650390625,63.08702850341797,0.7886194586753845
1609,314,527.9766845703125,20.1441707611084,71.82305908203125,47.94837188720703,0.5791330933570862
1610,311,374.07476806640625,201.0350799560547,111.53329467773438,116.51808166503906,0.8129891157150269
1610,312,584.9429321289062,75.69206237792969,67.94091796875,64.842041015625,0.7910118699073792
1610,314,529.4563598632812,23.028003692626953,69.1114501953125,47.536441802978516,0.7377298474311829
1611,311,368.27679443359375,211.7970733642578,115.30081176757812,121.04280090332031,0.8558318018913269
1611,312,584.4336547851562,79.16753387451172,69.29339599609375,66.80651092529297,0.7611756920814514
1611,314,528.2598876953125,24.039857864379883,71.51251220703125,50.7891845703125,0.6279333829879761
1612,311,360.9281921386719,222.24684143066406,119.884521484375,126.59126281738281,0.8450866341590881
1612,312,584.7119140625,82.88040924072266,68.80169677734375,66.79625701904297,0.7717846632003784
1612,314,527.3436889648438,25.100543975830078,72.1148681640625,52.62423324584961,0.6817044019699097
1613,311,352.4693298339844,233.6573028564453,124.91806030273438,132.7974395751953,0.7574395537376404
1613,312,584.1355590820312,86.84597778320312,70.101806640625,68.56451416015625,0.7292524576187134
1613,314,527.4072875976562,27.97869873046875,70.5687255859375,52.501686096191406,0.65081387758255
1614,311,345.4261169433594,245.7467803955078,129.57052612304688,138.58897399902344,0.8135507702827454
1614,312,583.3113403320312,90.84961700439453,71.392578125,70.34288787841797,0.8213634490966797
1614,314,529.5155029296875,29.608156204223633,68.34271240234375,52.112213134765625,0.5944620370864868
1615,311,336.2620849609375,258.59503173828125,136.011474609375,146.66152954101562,0.7809117436408997
1615,312,583.0342407226562,95.05799865722656,72.5565185546875,72.0899658203125,0.763952910900116
1615,314,530.6932983398438,32.89265060424805,66.1187744140625,51.41041946411133,0.5799373984336853
1616,311,326.5242614746094,272.064453125,142.9132080078125,155.17608642578125,0.8465605974197388
1616,312,583.0065307617188,99.26493072509766,73.3206787109375,73.28466033935547,0.8065846562385559
1616,314,530.408203125,34.28233337402344,67.57666015625,53.80461883544922,0.5300688147544861
1617,311,316.2532043457031,286.60382080078125,149.93746948242188,164.0963134765625,0.8501951694488525
1617,312,581.322509765625,103.87410736083984,75.8731689453125,76.63871002197266,0.7924744486808777
1617,314,530.9138793945312,36.079315185546875,66.98516845703125,54.466331481933594,0.5450771450996399
1618,311,303.81842041015625,302.91998291015625,157.96905517578125,174.3997802734375,0.8609799146652222
1618,312,580.103271484375,107.47720336914062,78.25067138671875,79.83979797363281,0.7924816608428955
1618,314,530.3723754882812,38.22056198120117,68.36395263671875,56.58333969116211,0.5897178053855896
1619,311,290.10528564453125,319.2964782714844,167.5784912109375,187.080078125,0.9023280143737793
1619,312,579.4915161132812,112.30821990966797,80.49267578125,82.98140716552734,0.7625487446784973
1619,314,531.340087890625,39.93043518066406,69.36138916015625,58.661705017089844,0.6546666622161865
1620,311,279.0239562988281,336.9974670410156,173.56463623046875,194.85391235351562,0.6802294254302979
1620,312,579.5810546875,117.72514343261719,81.6082763671875,84.85420227050781,0.8032791614532471
1620,314,531.2913208007812,41.9160270690918,70.6536865234375,61.17721939086914,0.864338755607605
1621,311,273.5063171386719,355.92730712890625,165.7733154296875,184.07269287109375,0.7255988717079163
1621,312,579.0455322265625,122.96862030029297,83.24554443359375,87.32678985595703,0.8134623765945435
1621,314,532.4049682617188,44.06873321533203,69.8038330078125,61.52891540527344,0.7373270392417908
1622,311,271.2558898925781,376.7201232910156,154.7447509765625,163.27987670898438,0.7573023438453674
1622,312,579.3270874023438,128.52713012695312,83.69244384765625,88.21408081054688,0.8267747759819031
1622,314,533.03662109375,46.711753845214844,69.347412109375,62.01116943359375,0.7096279263496399
1623,311,268.47796630859375,397.88873291015625,142.0894775390625,142.11126708984375,0.739717960357666
1623,312,578.4642944335938,133.85879516601562,86.32989501953125,91.72662353515625,0.8075084090232849
1623,314,533.900634765625,48.778411865234375,69.61285400390625,63.137184143066406,0.6278359889984131
1624,311,273.1332092285156,422.30316162109375,125.29769897460938,117.69683837890625,0.7979695200920105
1624,312,578.2298583984375,140.45579528808594,87.5985107421875,93.784912109375,0.831464409828186
1624,314,534.1321411132812,50.946144104003906,70.16790771484375,64.64130401611328,0.7135909199714661
1625,311,279.21142578125,449.8284606933594,103.9482421875,90.17153930664062,0.7465183734893799
1625,312,577.9238891601562,146.40814208984375,90.2080078125,97.3316650390625,0.8379358053207397
1625,314,534.563720703125,54.5363655090332,69.71881103515625,65.16441345214844,0.6674423813819885
1626,311,284.7748718261719,479.57232666015625,79.97454833984375,60.42767333984375,0.6533435583114624
1626,312,577.7061157226562,152.48492431640625,92.413818359375,100.57057189941406,0.8187357783317566
1626,314,534.5717163085938,56.64683532714844,70.9697265625,67.23614501953125,0.6707022190093994
1627,312,576.8185424804688,158.29286193847656,94.9893798828125,104.35032653808594,0.8210526704788208
1627,314,535.1376342773438,59.110504150390625,71.81036376953125,69.03312683105469,0.6074835062026978
1628,312,577.4296264648438,166.06080627441406,95.52655029296875,105.65455627441406,0.8291584849357605
1628,314,536.2327880859375,61.385650634765625,71.0556640625,69.23373413085938,0.595178484916687
1628,322,490.263916015625,14.174293518066406,41.0863037109375,15.031904220581055,0.4779793322086334
1629,312,576.955810546875,173.1890106201172,98.36334228515625,109.51182556152344,0.854032576084137
1629,314,536.6615600585938,63.66350173950195,71.45526123046875,70.44685363769531,0.6232738494873047
1629,322,487.4155578613281,14.32860279083252,44.181121826171875,16.221981048583984,0.4868878424167633
1630,312,577.2393798828125,180.4988555908203,99.93316650390625,111.64189147949219,0.8529492020606995
1630,314,536.53076171875,66.39392852783203,73.39556884765625,73.31661224365234,0.7118207216262817
1630,322,484.1103210449219,14.181300163269043,49.072906494140625,18.15489959716797,0.5705884099006653
1631,312,576.9026489257812,188.36363220214844,101.992919921875,114.58924865722656,0.8606038093566895
1631,314,536.9215087890625,69.09220123291016,73.67340087890625,74.57588958740234,0.716710090637207
1631,322,481.2251281738281,14.166251182556152,53.416839599609375,19.981048583984375,0.6248367428779602
1632,312,576.2825317382812,196.49171447753906,104.77630615234375,118.38969421386719,0.8780012130737305
1632,314,537.6073608398438,71.96022033691406,73.15673828125,74.80221557617188,0.7620291113853455
1632,322,478.8273620605469,14.19160270690918,56.661163330078125,21.51814079284668,0.5723334550857544
1633,312,575.463134765625,204.99166870117188,108.2978515625,123.20928955078125,0.8719523549079895
1633,314,538.6500854492188,75.52178955078125,73.14923095703125,75.63465881347656,0.7268006801605225
1633,322,475.71258544921875,14.107112884521484,60.902587890625,23.604705810546875,0.6727731823921204
1634,312,574.5923461914062,214.62376403808594,111.88800048828125,128.01319885253906,0.888583242893219
1634,314,539.6432495117188,78.78118896484375,72.24456787109375,75.317138671875,0.6690791845321655
1634,322,473.85107421875,14.624902725219727,64.4649658203125,25.592050552368164,0.6570030450820923
1635,312,573.5888061523438,224.90499877929688,115.40606689453125,132.94717407226562,0.8664706349372864
1635,314,539.5111083984375,81.67239379882812,74.19158935546875,78.08741760253906,0.6396709680557251
1635,322,471.8233337402344,14.784148216247559,66.53720092773438,27.088550567626953,0.6769065856933594
1636,312,572.7778930664062,235.82418823242188,119.34014892578125,138.34970092773438,0.8781768679618835
1636,314,540.2576293945312,85.80195617675781,75.7406005859375,80.10125732421875,0.6375508308410645
1636,322,469.67340087890625,14.589232444763184,68.46429443359375,28.639698028564453,0.7054857015609741
1636,324,602.5958251953125,13.21468448638916,41.11370849609375,14.625504493713379,0.5303557515144348
1637,312,571.8895263671875,247.23492431640625,123.76031494140625,144.2244873046875,0.8831984400749207
1637,314,539.0862426757812,89.16117858886719,79.9158935546875,85.376708984375,0.7405593395233154
1637,322,466.5169372558594,14.475235939025879,72.83468627929688,31.45328140258789,0.6669445633888245
1637,324,602.7283935546875,13.189227104187012,43.736083984375,15.602189064025879,0.47717252373695374
1638,312,571.1491088867188,258.8239440917969,128.8604736328125,151.24142456054688,0.8829541802406311
1638,314,541.0240478515625,93.72380828857422,79.4354248046875,85.13724517822266,0.7837496399879456
1638,322,464.6356506347656,14.280647277832031,75.10061645507812,33.547691345214844,0.7202823758125305
1638,324,600.6598510742188,13.194091796875,48.145263671875,17.270751953125,0.45659950375556946
1639,312,569.4266967773438,271.6939697265625,134.91632080078125,159.51666259765625,0.8736981153488159
1639,314,542.24462890625,97.70668029785156,80.7584228515625,86.85916137695312,0.8139774203300476
1639,322,462.1957702636719,13.947287559509277,77.73538208007812,35.92179489135742,0.8030290007591248
1639,324,599.4714965820312,13.408746719360352,51.31195068359375,18.576202392578125,0.5221988558769226
1640,312,567.9801635742188,285.0769348144531,140.74017333984375,167.75979614257812,0.7970784306526184
1640,314,544.0009155273438,101.4996109008789,80.0118408203125,86.00064849853516,0.7963259816169739
1640,322,460.53668212890625,14.024443626403809,79.1551513671875,37.93834686279297,0.826321542263031
1640,324,599.2642211914062,14.129011154174805,53.05633544921875,19.424474716186523,0.5253281593322754
1641,312,565.9525756835938,298.3353271484375,147.02593994140625,176.67013549804688,0.8805757164955139
1641,314,543.279296875,105.4981689453125,83.69146728515625,90.33338928222656,0.8024765253067017
1641,322,459.8002014160156,14.219496726989746,79.73489379882812,39.73493194580078,0.824748694896698
1641,324,598.61572265625,14.461003303527832,56.006591796875,20.838062286376953,0.5800489187240601
1642,312,564.7371215820312,312.5563049316406,153.33587646484375,185.83407592773438,0.923209547996521
1642,314,543.5297241210938,109.9064712524414,85.51385498046875,92.79033660888672,0.8056093454360962
1642,322,458.82293701171875,14.737428665161133,80.18377685546875,41.579193115234375,0.8654810786247253
1642,324,597.2243041992188,15.165443420410156,59.97021484375,22.786701202392578,0.6092422008514404
1643,312,561.9080200195312,326.5998229980469,163.370361328125,200.14413452148438,0.8850315809249878
1643,314,544.4682006835938,114.24049377441406,86.6341552734375,94.28334045410156,0.777384877204895
1643,322,458.2369689941406,15.390924453735352,80.13296508789062,43.253753662109375,0.8396628499031067
1643,324,596.355712890625,15.903107643127441,62.02545166015625,24.129840850830078,0.7011538147926331
1644,312,569.0498046875,341.537841796875,162.18212890625,197.3558349609375,0.8971616625785828
1644,314,544.679443359375,118.99363708496094,88.58392333984375,96.64872741699219,0.7811383008956909
1644,322,457.3115234375,16.096946716308594,81.02984619140625,45.62998580932617,0.8269302845001221
1644,324,596.4053344726562,16.3339786529541,62.44989013671875,24.89078712463379,0.7274304628372192
1645,312,572.6907348632812,356.6213684082031,155.282958984375,183.37863159179688,0.8526439666748047
1645,314,544.5838623046875,122.85940551757812,91.240478515625,100.05128479003906,0.7430523633956909
1645,322,457.2762145996094,17.790485382080078,80.01138305664062,46.85977554321289,0.8563511967658997
1645,324,595.9186401367188,16.08462905883789,64.27288818359375,26.323238372802734,0.6449622511863708
1646,312,578.88623046875,376.6439208984375,142.58343505859375,163.3560791015625,0.9067255854606628
1646,314,545.8762817382812,127.56731414794922,92.12762451171875,101.13570404052734,0.8074401617050171
1646,322,457.6534118652344,18.712705612182617,78.30728149414062,47.72248840332031,0.8389114737510681
1646,324,594.7188110351562,15.7418212890625,67.91705322265625,28.73200225830078,0.6258838772773743
1647,312,587.6862182617188,398.2376403808594,129.5556640625,141.76235961914062,0.7946544885635376
1647,314,546.5850219726562,133.02151489257812,94.748779296875,104.38961791992188,0.809887707233429
1647,322,457.9781799316406,20.963056564331055,75.66647338867188,47.822509765625,0.8604282736778259
1647,324,593.251708984375,15.48164176940918,70.655517578125,30.92594337463379,0.6365334391593933
1648,312,595.718994140625,420.0511779785156,116.57464599609375,119.94882202148438,0.7831128239631653
1648,314,547.4820556640625,138.96524047851562,97.2366943359375,107.60459899902344,0.7544004917144775
1648,322,457.0194091796875,22.612520217895508,75.27069091796875,49.42987060546875,0.8040485382080078
1648,324,592.5344848632812,15.555047988891602,72.535888671875,32.868690490722656,0.6220011115074158
1649,312,605.0756225585938,447.0229187011719,99.3497314453125,92.97708129882812,0.6598165035247803
1649,314,548.2949829101562,144.4492645263672,99.98138427734375,111.32711791992188,0.770241379737854
1649,322,456.4180603027344,25.281362533569336,73.92666625976562,50.30907440185547,0.811892569065094
1649,324,591.8526000976562,15.44256591796875,74.64691162109375,35.14122772216797,0.578268826007843
1650,314,548.720947265625,149.69300842285156,103.7041015625,116.27281188964844,0.7944854497909546
1650,322,456.5461120605469,28.11414909362793,71.44436645507812,50.204017639160156,0.7757465243339539
1650,324,591.6929931640625,15.14294719696045,76.3955078125,37.386375427246094,0.7411192655563354
1651,314,550.5750122070312,155.99578857421875,105.2532958984375,118.663330078125,0.8464698791503906
1651,322,456.0317077636719,30.650171279907227,69.94650268554688,50.615013122558594,0.7880474925041199
1651,324,592.0877685546875,15.041543006896973,75.99957275390625,38.61531448364258,0.7971737384796143
1652,314,551.0927734375,162.75314331054688,108.238037109375,122.72418212890625,0.8234118819236755
1652,322,455.8541564941406,33.80965805053711,68.38723754882812,50.83699417114258,0.823313295841217
1652,324,592.255859375,15.330002784729004,76.9307861328125,40.640464782714844,0.8404458165168762
1653,314,551.2808837890625,168.11898803710938,111.59405517578125,127.40859985351562,0.8278824090957642
1653,322,455.16796875,35.76615905761719,68.03948974609375,51.930633544921875,0.830630898475647
1653,324,593.52978515625,16.038393020629883,76.26611328125,41.85935974121094,0.8384425640106201
1654,314,553.5556030273438,175.15797424316406,113.87286376953125,130.52821350097656,0.7971498370170593
1654,322,455.14361572265625,37.673343658447266,67.14288330078125,52.48237228393555,0.8370566368103027
1654,324,594.1725463867188,16.429841995239258,76.20220947265625,43.433738708496094,0.8122656941413879
1655,314,555.2923583984375,183.12379455566406,116.36651611328125,133.9933624267578,0.7636393904685974
1655,322,454.6867980957031,40.931644439697266,66.02230834960938,52.734493255615234,0.8453546166419983
1655,324,594.2882080078125,16.747419357299805,77.48858642578125,45.835296630859375,0.7123724818229675
1656,314,556.4102783203125,190.7810821533203,120.39227294921875,139.15748596191406,0.8045160174369812
1656,322,452.9983215332031,43.679649353027344,66.43911743164062,54.18778991699219,0.8862763047218323
1656,324,595.2418212890625,17.36008644104004,76.712158203125,46.98261260986328,0.738543689250946
1657,314,557.9136962890625,199.11087036132812,124.3170166015625,144.2203369140625,0.8301464915275574
1657,322,451.7627868652344,46.09144592285156,66.27743530273438,55.14643859863281,0.9070786237716675
1657,324,596.06884765625,18.50023078918457,75.7080078125,47.96955871582031,0.7224547266960144
1658,314,559.9983520507812,207.13462829589844,129.29681396484375,150.78355407714844,0.8367729783058167
1658,322,450.49969482421875,48.47017288208008,66.373046875,56.222904205322266,0.862119197845459
1658,324,598.443359375,21.632761001586914,72.31072998046875,47.17285919189453,0.7907434105873108
1659,314,561.8501586914062,216.4961395263672,133.5533447265625,156.4751739501953,0.8320420384407043
1659,322,448.2330627441406,51.18779754638672,67.20303344726562,57.80381774902344,0.840904176235199
1659,324,599.5463256835938,23.716821670532227,71.93994140625,48.482810974121094,0.8293805718421936
1660,314,563.5480346679688,225.6561737060547,137.737548828125,162.11424255371094,0.8747705817222595
1660,322,444.2261047363281,52.70689010620117,69.25198364257812,60.09377670288086,0.7931577563285828
1660,324,600.6314697265625,26.04885482788086,70.8597412109375,49.225467681884766,0.7976380586624146
1661,314,564.456298828125,237.04501342773438,142.69403076171875,168.89926147460938,0.7883312106132507
1661,322,443.61175537109375,56.417686462402344,69.7908935546875,61.52373504638672,0.8071897625923157
1661,324,602.2470703125,28.049924850463867,68.6783447265625,48.94541931152344,0.8148471713066101
1662,314,565.7332763671875,247.51429748535156,147.304931640625,175.3514862060547,0.8282620310783386
1662,322,442.0781555175781,59.32086181640625,71.22140502929688,63.960777282714844,0.7921025156974792
1662,324,604.7501831054688,31.015869140625,65.69482421875,47.85784149169922,0.7687579393386841
1663,314,567.9558715820312,259.53741455078125,152.72772216796875,182.84719848632812,0.9173147082328796
1663,322,440.71246337890625,61.61965560913086,70.57781982421875,64.32051086425781,0.8397623896598816
1663,324,605.9513549804688,32.95589828491211,64.54510498046875,48.10390853881836,0.7232968211174011
1664,314,570.724853515625,271.24896240234375,156.94232177734375,189.03582763671875,0.839201033115387
1664,322,440.02227783203125,66.3451156616211,69.01751708984375,63.481117248535156,0.8246251344680786
1664,324,606.8058471679688,34.85665512084961,65.35430908203125,49.997928619384766,0.6932093501091003
1665,314,572.5948486328125,284.5295715332031,164.6793212890625,199.56942749023438,0.7985745668411255
1665,322,437.9765319824219,70.10665893554688,70.19277954101562,65.09812927246094,0.8482082486152649
1665,324,607.6050415039062,36.55105972290039,65.1435546875,51.03305435180664,0.6620795130729675
1666,314,574.931640625,298.1197509765625,171.65557861328125,209.33883666992188,0.7727521657943726
1666,322,436.1680603027344,73.85640716552734,69.79254150390625,65.2472152709961,0.7610485553741455
1666,324,608.4029541015625,38.8476448059082,63.60906982421875,50.69632339477539,0.6604662537574768
1667,314,577.7525024414062,313.4963684082031,176.96160888671875,216.89468383789062,0.5670871734619141
1667,322,434.5702819824219,78.63382720947266,69.7647705078125,65.88318634033203,0.7902930378913879
1667,324,609.9093017578125,41.34548568725586,62.99017333984375,51.054141998291016,0.646016538143158
1668,314,587.15087890625,328.9831237792969,172.71038818359375,210.34274291992188,0.3779096305370331
1668,322,431.1295166015625,81.00454711914062,71.692626953125,68.46121215820312,0.8286216855049133
1668,324,610.178955078125,42.69765090942383,64.67132568359375,53.42665481567383,0.6527245044708252
1669,314,597.7640991210938,346.0041198730469,164.0589599609375,193.99588012695312,0.5054929256439209
1669,322,428.7455139160156,84.56314086914062,72.861083984375,70.15455627441406,0.7396867275238037
1669,324,611.1720581054688,44.52671813964844,65.055908203125,54.687835693359375,0.7427093982696533
1670,314,608.6439819335938,366.1149597167969,152.3121337890625,173.88504028320312,0.6097622513771057
1670,322,425.5083923339844,87.80042266845703,74.70785522460938,72.58307647705078,0.7222544550895691
1670,324,612.4816284179688,47.25921630859375,63.310791015625,53.99256134033203,0.7131853103637695
1671,314,620.2926025390625,386.0748596191406,141.4564208984375,153.92514038085938,0.6071933507919312
1671,322,422.0894775390625,92.13929748535156,76.27081298828125,74.86332702636719,0.7036393284797668
1671,324,613.6005249023438,49.68840026855469,62.64251708984375,54.06132507324219,0.7115215063095093
1672,314,627.8653564453125,408.1574401855469,128.8568115234375,131.84255981445312,0.5608254075050354
1672,322,419.588623046875,95.39167022705078,77.4947509765625,76.66840362548828,0.6943292021751404
1672,324,613.6224365234375,52.034175872802734,63.39007568359375,55.45058059692383,0.7061827182769775
1673,314,638.3349609375,433.7447509765625,111.8070068359375,106.2552490234375,0.5386704206466675
1673,322,417.74530029296875,99.4017562866211,78.94342041015625,78.56096649169922,0.8150473833084106
1673,324,614.2512817382812,54.548606872558594,63.56805419921875,56.23381805419922,0.7339204549789429
1674,314,650.3955688476562,460.5516052246094,92.61822509765625,79.44839477539062,0.5923170447349548
1674,322,415.5252685546875,104.19058990478516,79.43463134765625,79.38382720947266,0.7944725155830383
1674,324,615.2996826171875,56.33134841918945,63.756591796875,56.904170989990234,0.7784900069236755
1675,322,411.6511535644531,108.39130401611328,82.66326904296875,83.31848907470703,0.7483174800872803
1675,324,615.609619140625,58.97441864013672,64.0430908203125,57.64622497558594,0.7563331127166748
1676,322,408.256591796875,111.40018463134766,84.78726196289062,85.9720230102539,0.7027586102485657
1676,324,616.4114990234375,61.90777587890625,65.1646728515625,59.29334259033203,0.7612410187721252
1677,322,404.7174987792969,117.03301239013672,86.42437744140625,88.07909393310547,0.7414765954017639
1677,324,617.580322265625,64.15727233886719,65.5733642578125,60.210487365722656,0.8019329309463501
1678,322,400.8861083984375,123.1684799194336,87.58187866210938,89.59680938720703,0.8010486364364624
1678,324,619.4873657226562,67.56401062011719,64.43670654296875,59.262672424316406,0.8620848655700684
1679,322,398.185546875,129.33531188964844,87.97113037109375,90.1226806640625,0.8332436680793762
1679,324,618.7567138671875,68.9871826171875,66.8720703125,62.20491027832031,0.7271024584770203
1680,322,393.7245178222656,134.74928283691406,91.01870727539062,93.69003295898438,0.8454969525337219
1680,324,618.9747314453125,71.98582458496094,66.93206787109375,62.75364685058594,0.6938946843147278
1681,322,389.3424072265625,141.1209716796875,93.30010986328125,96.49996948242188,0.8228133320808411
1681,324,619.1314086914062,74.38378143310547,67.5211181640625,63.74272918701172,0.6499642729759216
1682,322,384.6271057128906,146.98692321777344,96.5927734375,100.18710327148438,0.7973493337631226
1682,324,621.1021118164062,79.42281341552734,66.3402099609375,62.84131622314453,0.633364200592041
1683,322,379.7449035644531,152.8770294189453,99.30184936523438,103.48603820800781,0.7647895812988281
1683,324,621.0570068359375,81.5424575805664,69.095947265625,66.10042572021484,0.6433172821998596
1684,322,374.8050842285156,160.42422485351562,101.46295166015625,106.11697387695312,0.8297629356384277
1684,324,622.5534057617188,84.92237091064453,68.41607666015625,65.60004425048828,0.6328312158584595
1685,322,368.8945617675781,167.20628356933594,104.85296630859375,110.21977233886719,0.878290057182312
1685,324,622.7337646484375,87.92352294921875,69.9417724609375,67.4443359375,0.6479448676109314
1686,322,363.2762756347656,174.11541748046875,108.42007446289062,114.55584716796875,0.8723722100257874
1686,324,623.555419921875,91.09344482421875,71.4093017578125,68.98324584960938,0.7444300055503845
1687,322,357.2217712402344,182.07809448242188,111.5072021484375,118.31988525390625,0.8275773525238037
1687,324,623.703125,94.06903076171875,72.754150390625,70.52647399902344,0.7345931529998779
1688,322,350.87872314453125,189.72894287109375,115.53799438476562,123.39022827148438,0.8577192425727844
1688,324,623.6876831054688,97.3974380493164,74.27569580078125,72.39287567138672,0.6697340607643127
1689,322,343.116943359375,198.3566436767578,119.85360717773438,128.7647247314453,0.7221736907958984
1689,324,625.3959350585938,101.66551971435547,74.25164794921875,72.62044525146484,0.6901891231536865
1690,322,335.7901306152344,206.4046173095703,125.25686645507812,135.5326385498047,0.7863205671310425
1690,324,625.983642578125,104.75529479980469,76.19622802734375,74.96635437011719,0.725945234298706
1691,322,327.501708984375,215.8179931640625,130.4874267578125,142.18594360351562,0.8607125878334045
1691,324,627.2022094726562,108.50777435302734,77.03057861328125,76.21736907958984,0.8343470692634583
1692,322,319.9234619140625,226.00137329101562,135.2366943359375,148.44766235351562,0.8813627362251282
1692,324,628.6604614257812,114.40750122070312,76.638671875,76.01483154296875,0.7933554649353027
1693,322,311.54400634765625,237.76731872558594,139.778076171875,154.43800354003906,0.9075969457626343
1693,324,629.2719116210938,117.64389038085938,78.314208984375,77.88603210449219,0.7790234088897705
1694,322,301.9489440917969,249.23814392089844,145.50375366210938,161.83815002441406,0.8661139607429504
1694,324,629.8087158203125,122.66033172607422,79.71820068359375,79.5585708618164,0.7830939888954163
1695,322,291.4480895996094,261.3146057128906,152.5330810546875,170.93887329101562,0.8784419894218445
1695,324,629.8720092773438,126.84066009521484,81.38165283203125,81.4681167602539,0.8154364824295044
1696,322,280.3396301269531,272.5773620605469,159.94329833984375,180.88101196289062,0.8243429660797119
1696,324,630.1934814453125,131.0476837158203,84.44488525390625,84.90029907226562,0.786417543888092
1697,322,268.0434875488281,286.27569580078125,167.8662109375,191.55282592773438,0.837924599647522
1697,324,631.1585693359375,134.9626922607422,86.541259765625,87.38777160644531,0.7159630060195923
1698,322,254.97801208496094,301.7670593261719,176.7102508544922,203.49835205078125,0.7202410697937012
1698,324,632.81396484375,140.4730987548828,88.16357421875,89.32023620605469,0.7840738892555237
1699,322,242.24798583984375,317.6824951171875,182.77786254882812,211.8927001953125,0.6722112894058228
1699,324,633.3800659179688,145.56063842773438,90.3814697265625,91.97502136230469,0.7389009594917297
1700,322,234.2816162109375,334.2879638671875,178.382080078125,205.7120361328125,0.41244742274284363
1700,324,633.6755981445312,150.2738800048828,93.0841064453125,95.23338317871094,0.7354440689086914
1701,322,228.7191619873047,354.4657287597656,167.8999481201172,185.53427124023438,0.5510323643684387
1701,324,633.928466796875,155.91549682617188,95.36065673828125,98.06597900390625,0.8152880668640137
1702,322,226.38720703125,375.33038330078125,154.98788452148438,164.66961669921875,0.7370728254318237
1702,324,635.1123046875,161.97825622558594,97.93377685546875,101.16404724121094,0.803363561630249
1703,322,220.20587158203125,397.8078308105469,142.09970092773438,142.19216918945312,0.482115775346756
1703,324,636.433349609375,168.63943481445312,99.28533935546875,102.97479248046875,0.7831897139549255
1704,322,225.13230895996094,422.17974853515625,125.67213439941406,117.82025146484375,0.636070191860199
1704,324,638.0452270507812,175.25196838378906,101.78265380859375,105.94947814941406,0.7733736634254456
1705,322,231.56553649902344,449.39312744140625,105.05067443847656,90.60687255859375,0.4717617630958557
1705,324,639.6427001953125,181.87135314941406,104.48760986328125,109.09324645996094,0.7294110059738159
1706,324,640.9713134765625,190.09915161132812,106.774658203125,111.58187866210938,0.6456249952316284
1707,324,641.763427734375,196.9018096923828,110.757568359375,116.32649230957031,0.6428061127662659
1708,324,643.6541748046875,204.1398162841797,113.81048583984375,120.15959167480469,0.7171629667282104
1709,324,645.572265625,213.0264434814453,116.67083740234375,123.57292175292969,0.7850658893585205
1709,330,372.3570556640625,2.759302854537964,44.2274169921875,26.492063522338867,0.44066479802131653
1710,324,646.7861938476562,220.9143829345703,120.46124267578125,128.03147888183594,0.6510958075523376
1710,330,370.6050720214844,2.8451857566833496,45.782684326171875,27.463027954101562,0.4050072133541107
1711,324,647.6721801757812,229.83346557617188,125.21075439453125,133.75408935546875,0.7402280569076538
1711,330,368.63446044921875,2.30969500541687,48.130462646484375,28.954021453857422,0.4758729338645935
1712,324,648.7637939453125,239.15951538085938,129.307861328125,138.78323364257812,0.7940334677696228
1712,330,366.88275146484375,1.9104893207550049,50.195220947265625,30.294095993041992,0.5178725719451904
1713,324,650.3695068359375,250.17745971679688,134.1141357421875,144.76483154296875,0.8154676556587219
1713,330,363.5483703613281,1.5829633474349976,52.613525390625,31.921159744262695,0.4560451805591583
1714,324,652.4069213867188,260.8448181152344,138.83941650390625,150.74758911132812,0.731162965297699
1714,330,361.375,1.4861551523208618,54.25244140625,33.1375732421875,0.4528941214084625
1715,324,653.4038696289062,271.6155090332031,145.2528076171875,159.04751586914062,0.7416544556617737
1715,330,358.465087890625,1.6598972082138062,57.016204833984375,35.13319778442383,0.6067412495613098
1716,324,656.0582275390625,284.0314025878906,149.21429443359375,164.39907836914062,0.6154063940048218
1716,330,355.8360900878906,1.8466477394104004,59.01470947265625,36.738616943359375,0.6968680620193481
1717,324,657.9358520507812,295.61383056640625,155.8255615234375,173.03103637695312,0.7254242897033691
1717,330,354.8179626464844,2.4325571060180664,60.162322998046875,37.848514556884766,0.4995687007904053
1718,324,659.7479858398438,309.2215881347656,162.6361083984375,182.0035400390625,0.7608453631401062
1718,330,353.1213684082031,2.6643757820129395,60.62030029296875,38.63469696044922,0.6837002038955688
1719,324,661.4373779296875,321.1739501953125,171.1824951171875,193.40460205078125,0.9040342569351196
1719,330,349.8432922363281,2.2477123737335205,63.256103515625,41.053218841552734,0.6673270463943481
1720,324,665.591064453125,334.6675109863281,175.18658447265625,199.26876831054688,0.7814211845397949
1720,330,349.4783935546875,3.626126527786255,62.576995849609375,41.21894073486328,0.7313380241394043
1721,324,674.9989624023438,349.9404602050781,169.11224365234375,190.05953979492188,0.6659971475601196
1721,330,347.30548095703125,4.357620716094971,63.500946044921875,42.36357879638672,0.697550356388092
1722,324,685.8857421875,366.38897705078125,159.55029296875,173.61102294921875,0.6007930636405945
1722,330,345.2225341796875,6.412627220153809,63.291595458984375,42.779537200927734,0.7281242609024048
1723,324,695.6222534179688,382.99371337890625,149.753173828125,157.00628662109375,0.6241409778594971
1723,330,344.8323974609375,9.610077857971191,60.364898681640625,41.234458923339844,0.6744176745414734
1724,324,705.731689453125,402.29241943359375,136.6890869140625,137.70758056640625,0.45027369260787964
1724,330,344.0867004394531,12.752642631530762,58.91046142578125,40.64237976074219,0.7515982985496521
1724,334,532.8670654296875,13.42773151397705,41.2642822265625,15.01124095916748,0.40824565291404724
1725,324,714.0036010742188,421.92437744140625,123.9605712890625,118.07562255859375,0.5087378621101379
1725,330,344.2707214355469,15.178471565246582,56.6776123046875,39.47315216064453,0.7374358177185059
1725,334,531.2276611328125,13.488100051879883,44.92724609375,16.39980697631836,0.4182736277580261
1726,324,725.953125,443.79150390625,107.685791015625,96.20849609375,0.6201764941215515
1726,330,342.1996154785156,17.550046920776367,55.969329833984375,39.18378448486328,0.7245738506317139
1726,334,528.087890625,13.806234359741211,50.22137451171875,18.461503982543945,0.4486885666847229
1727,324,736.5664672851562,468.4822998046875,90.12615966796875,71.5177001953125,0.4669319987297058
1727,330,338.1435852050781,18.87969970703125,58.517303466796875,41.19297409057617,0.8163061738014221
1727,334,526.4202270507812,13.978590965270996,53.23480224609375,19.767345428466797,0.5164323449134827
1728,330,334.8664245605469,20.065919876098633,60.390838623046875,42.894004821777344,0.806117832660675
1728,334,524.887451171875,14.02746295928955,56.97137451171875,21.439720153808594,0.5596073269844055
1729,330,332.5540466308594,21.82803726196289,60.683563232421875,43.2861442565918,0.7380933165550232
1729,334,522.076904296875,14.152199745178223,61.9649658203125,23.711376190185547,0.5010855197906494
1730,330,330.787109375,23.746835708618164,59.995391845703125,42.937591552734375,0.7555020451545715
1730,334,520.0777587890625,14.697038650512695,65.1322021484375,25.462270736694336,0.6494010090827942
1731,330,328.7563171386719,26.023569107055664,60.33587646484375,43.275421142578125,0.8046370148658752
1731,334,518.5588989257812,14.97282886505127,66.75543212890625,26.691104888916016,0.6636293530464172
1731,338,447.6986389160156,13.247865676879883,34.954803466796875,15.800434112548828,0.4117768704891205
1732,330,326.49444580078125,27.390661239624023,61.08843994140625,43.95813751220703,0.7633323669433594
1732,334,515.76708984375,14.854508399963379,70.71527099609375,29.032611846923828,0.6704519987106323
1732,338,444.1357116699219,13.049294471740723,38.76806640625,17.538909912109375,0.5276464223861694
1733,330,324.4881286621094,29.01058578491211,61.55328369140625,44.508235931396484,0.7800007462501526
1733,334,514.5396118164062,14.377153396606445,72.53814697265625,30.64984703063965,0.6525191068649292
1733,338,444.35760498046875,13.25338077545166,39.036224365234375,17.652496337890625,0.376308798789978
1734,330,321.3618469238281,30.539474487304688,63.66668701171875,46.41802978515625,0.7989190220832825
1734,334,512.9437866210938,14.743192672729492,74.8197021484375,32.64427185058594,0.6822949051856995
1734,338,443.14825439453125,13.670434951782227,40.500030517578125,18.316709518432617,0.3620409071445465
1735,330,319.0144958496094,32.13528823852539,63.776824951171875,46.41730880737305,0.7952377200126648
1735,334,511.3278503417969,14.372961044311523,78.53384399414062,35.5316162109375,0.7755740880966187
1735,338,441.1120910644531,13.67728042602539,43.882904052734375,19.888530731201172,0.5196622014045715
1736,330,316.2448425292969,33.916046142578125,64.69381713867188,47.13671112060547,0.7797643542289734
1736,334,510.5582580566406,14.479828834533691,79.90518188476562,37.533843994140625,0.82098788022995
1736,338,439.1080627441406,13.837410926818848,46.136505126953125,20.98194122314453,0.5559188723564148
1737,330,313.43817138671875,36.2745361328125,64.35494995117188,47.00129699707031,0.7002744674682617
1737,334,510.06201171875,14.769213676452637,80.030029296875,39.04718780517578,0.7996480464935303
1737,338,436.3398742675781,13.722244262695312,48.922698974609375,22.437679290771484,0.596636950969696
1738,330,309.0664978027344,38.74509811401367,65.66696166992188,48.08024215698242,0.7860405445098877
1738,334,509.560546875,15.193426132202148,79.1441650390625,40.126007080078125,0.8235726356506348
1738,338,432.773681640625,13.74333667755127,53.707244873046875,24.898311614990234,0.6470335125923157
1739,330,306.0248107910156,40.75718688964844,65.75616455078125,48.18395233154297,0.8049538731575012
1739,334,508.801513671875,15.597635269165039,80.56475830078125,42.53782653808594,0.8084832429885864
1739,338,429.5700378417969,13.70452880859375,58.29608154296875,27.398502349853516,0.7032710909843445
1740,330,303.3801574707031,43.158905029296875,65.86184692382812,48.19657897949219,0.755524754524231
1740,334,508.8870544433594,16.903810501098633,80.09732055664062,43.99131774902344,0.8102689385414124
1740,338,427.03607177734375,13.650871276855469,60.92413330078125,29.14023208618164,0.6954158544540405
1741,330,300.0753173828125,44.85363006591797,67.18887329101562,49.267066955566406,0.7805984616279602
1741,334,510.3141784667969,19.55266761779785,77.14926147460938,43.94990539550781,0.8208601474761963
1741,338,424.1453552246094,13.680747985839844,63.945770263671875,31.211143493652344,0.6885940432548523
1742,330,297.3042297363281,47.2425422668457,67.49038696289062,49.56227493286133,0.8093587160110474
1742,334,511.67962646484375,22.79865837097168,73.90447998046875,43.511444091796875,0.8093041777610779
1742,338,421.9710388183594,14.441431045532227,65.80429077148438,32.882720947265625,0.6401324272155762
1743,330,294.40216064453125,49.29151153564453,68.22320556640625,50.21464538574219,0.6935199499130249
1743,334,511.1856994628906,24.622081756591797,73.41921997070312,44.6790657043457,0.8137580156326294
1743,338,419.8141784667969,14.513864517211914,67.4971923828125,34.61042785644531,0.7592991590499878
1744,330,290.36187744140625,51.82143783569336,68.5826416015625,50.3118782043457,0.745425820350647
1744,334,509.7408142089844,25.624637603759766,74.59695434570312,46.9979362487793,0.799407958984375
1744,338,417.6446228027344,14.785430908203125,69.38427734375,36.64578628540039,0.8482553958892822
1745,330,287.4416809082031,54.291080474853516,69.32891845703125,50.74325180053711,0.7390262484550476
1745,334,509.7322998046875,27.614757537841797,74.46881103515625,48.36521530151367,0.8543378114700317
1745,338,415.49261474609375,15.17782211303711,71.97195434570312,39.133201599121094,0.7978910207748413
1746,330,284.64105224609375,56.08363342285156,70.53472900390625,51.756446838378906,0.7608009576797485
1746,334,509.6167907714844,29.27303695678711,73.50857543945312,49.08742904663086,0.8406498432159424
1746,338,414.4296875,15.966339111328125,71.103515625,39.77337646484375,0.8353444933891296
1747,330,280.6111145019531,58.38008117675781,72.376220703125,53.164520263671875,0.6922904253005981
1747,334,510.497314453125,31.758283615112305,70.8509521484375,48.48515319824219,0.8438816666603088
1747,338,412.59552001953125,16.841827392578125,70.94464111328125,40.84187316894531,0.8506356477737427
1747,340,600.8324584960938,13.449892044067383,46.49407958984375,16.52767562866211,0.5443011522293091
1748,330,276.748779296875,60.86371994018555,72.67300415039062,53.32150650024414,0.8264877796173096
1748,334,510.7452392578125,33.38467788696289,69.409912109375,48.561527252197266,0.834999680519104
1748,338,410.2060546875,18.132509231567383,70.91949462890625,42.0020751953125,0.7892433404922485
1748,340,600.4749755859375,14.238268852233887,47.80572509765625,17.035293579101562,0.6049713492393494
1749,330,273.1534118652344,63.187355041503906,74.105712890625,54.45018005371094,0.8213772177696228
1749,334,510.1778259277344,35.58804702758789,68.57174682617188,48.92648696899414,0.8630678653717041
1749,338,408.72808837890625,19.401697158813477,70.59036254882812,42.93370819091797,0.8125069737434387
1749,340,599.2037963867188,14.05663776397705,51.484375,18.4505615234375,0.6373017430305481
1750,330,269.5018310546875,65.99244689941406,75.11248779296875,55.306640625,0.7404443025588989
1750,334,509.8309020996094,37.772552490234375,68.02816772460938,49.44770812988281,0.868564784526825
1750,338,408.29620361328125,21.82636833190918,68.34103393554688,42.54756164550781,0.7902846336364746
1750,340,597.2333984375,13.869029998779297,56.4954833984375,20.457733154296875,0.6174112558364868
1751,330,264.3431396484375,68.19339752197266,76.79443359375,56.531639099121094,0.7394191026687622
1751,334,508.6296081542969,39.60383224487305,68.86410522460938,51.07785415649414,0.8481959700584412
1751,338,407.9622802734375,23.945079803466797,67.03219604492188,42.65058517456055,0.7733476161956787
1751,340,596.0482788085938,14.217331886291504,59.54107666015625,21.857749938964844,0.5682380199432373
1752,330,260.2699890136719,71.11508178710938,78.24960327148438,57.52079772949219,0.8046333193778992
1752,334,508.6725769042969,42.28277587890625,68.39077758789062,51.75200653076172,0.8274990916252136
1752,338,405.6401062011719,24.91684341430664,68.6661376953125,44.83412551879883,0.8342539668083191
1752,340,594.4773559570312,15.141340255737305,63.5308837890625,23.75205421447754,0.6456498503684998
1753,330,256.2618713378906,73.7223892211914,79.46160888671875,58.42664337158203,0.7770372033119202
1753,334,507.704833984375,44.65606689453125,69.45745849609375,53.56183624267578,0.8378877639770508
1753,338,403.7026672363281,26.851118087768555,67.91021728515625,45.40254211425781,0.8175936937332153
1753,340,593.63330078125,15.568350791931152,66.25433349609375,25.313018798828125,0.6156336665153503
1754,330,251.74249267578125,76.44853210449219,81.2120361328125,59.77088928222656,0.7543688416481018
1754,334,507.2738037109375,47.5260124206543,69.23809814453125,54.313594818115234,0.8909977078437805
1754,338,402.18511962890625,29.90548324584961,68.33279418945312,46.612178802490234,0.8478102684020996
1754,340,593.65625,15.665669441223145,67.89300537109375,26.57904815673828,0.6440867781639099
1755,330,247.52981567382812,79.19763946533203,82.18951416015625,60.57428741455078,0.8115758895874023
1755,334,506.7324523925781,50.225345611572266,69.14901733398438,55.1734504699707,0.8859394192695618
1755,338,400.5799255371094,31.304880142211914,68.56570434570312,47.669281005859375,0.838491678237915
1755,340,593.3898315429688,15.70140552520752,69.7337646484375,28.08697509765625,0.6413712501525879
1756,330,242.15484619140625,81.65924072265625,84.24819946289062,62.15753173828125,0.7516664862632751
1756,334,507.0359191894531,52.6829719543457,67.97329711914062,55.034297943115234,0.8456452488899231
1756,338,399.7627868652344,33.94130325317383,67.73477172851562,47.91765213012695,0.7841786742210388
1756,340,592.2109375,15.824186325073242,72.9622802734375,30.343351364135742,0.5889655351638794
1757,330,236.8121795654297,83.89656829833984,86.68122863769531,64.09021759033203,0.7278791069984436
1757,334,505.979736328125,55.196144104003906,68.95928955078125,56.725067138671875,0.835887610912323
1757,338,398.9354248046875,36.134681701660156,66.64453125,47.779869079589844,0.8122507333755493
1757,340,591.2689819335938,15.697566032409668,75.412109375,32.43958282470703,0.5554601550102234
1758,330,232.55795288085938,87.33853149414062,86.93994140625,64.29856872558594,0.6957219839096069
1758,334,504.9286804199219,57.644508361816406,69.88607788085938,58.38782501220703,0.8625465035438538
1758,338,396.7176513671875,38.14981460571289,66.142578125,48.23130416870117,0.7278773784637451
1758,340,589.5780639648438,15.258390426635742,79.84136962890625,35.68054962158203,0.7088251113891602
1759,330,227.9561004638672,91.30442810058594,88.04399108886719,65.18592834472656,0.834407389163971
1759,334,503.7062072753906,60.57545852661133,70.40274047851562,59.81789016723633,0.791039764881134
1759,338,394.4173889160156,40.168819427490234,65.94268798828125,48.8224983215332,0.7072157859802246
1759,340,588.8824462890625,15.13051986694336,82.09869384765625,38.19267272949219,0.7897617816925049
1760,330,223.6900634765625,95.28488159179688,88.92535400390625,65.91824340820312,0.7841284871101379
1760,334,502.1747131347656,63.26579284667969,71.57577514648438,61.79560852050781,0.7996957302093506
1760,338,393.2403564453125,42.434017181396484,66.12493896484375,49.32976150512695,0.7544711232185364
1760,340,589.2648315429688,15.41589641571045,82.561279296875,39.97207260131836,0.793891966342926
1761,330,217.92747497558594,98.54584503173828,90.70869445800781,67.0999526977539,0.7628294229507446
1761,334,501.3650207519531,66.365966796875,71.02938842773438,61.92753601074219,0.8499167561531067
1761,338,390.8208923339844,45.74013137817383,65.93841552734375,49.645450592041016,0.6931032538414001
1761,340,589.6618041992188,16.388015747070312,82.41448974609375,41.52142333984375,0.791382908821106
1762,330,211.64085388183594,101.86205291748047,93.08644104003906,68.8898696899414,0.7701308727264404
1762,334,500.41754150390625,69.90702056884766,70.89605712890625,62.34528350830078,0.7849414348602295
1762,338,386.7947998046875,48.039878845214844,66.1912841796875,50.726707458496094,0.6398870348930359
1762,340,590.2477416992188,17.21792984008789,82.1348876953125,42.99184036254883,0.7159419059753418
1763,330,205.7593536376953,104.87031555175781,94.46324157714844,69.92317199707031,0.8026028275489807
1763,334,498.626220703125,73.33935546875,72.08721923828125,64.11610412597656,0.7590914964675903
1763,338,384.28924560546875,50.10715866088867,66.515625,51.84596633911133,0.7203828692436218
1763,340,589.5679321289062,18.880083084106445,83.776611328125,45.598663330078125,0.6956016421318054
1764,330,199.83831787109375,108.46283721923828,96.7738037109375,71.5941390991211,0.8113987445831299
1764,334,497.4371643066406,76.45844268798828,72.30484008789062,64.85242462158203,0.7994714975357056
1764,338,381.7697448730469,51.900672912597656,67.6466064453125,53.280120849609375,0.7534117102622986
1764,340,591.4381103515625,21.594797134399414,81.08831787109375,45.69462585449219,0.7174317836761475
1765,330,193.87890625,112.55003356933594,98.59555053710938,72.98886108398438,0.7962154150009155
1765,334,495.06195068359375,79.94878387451172,74.72613525390625,67.8736343383789,0.8495630621910095
1765,338,379.67181396484375,54.55572509765625,68.27133178710938,54.209449768066406,0.7279788255691528
1765,340,592.1193237304688,23.95794677734375,80.66778564453125,47.151336669921875,0.7245588302612305
1766,330,187.51321411132812,116.67003631591797,100.14932250976562,74.04993438720703,0.6967781782150269
1766,334,494.2280578613281,82.42255401611328,75.16909790039062,68.98714447021484,0.7753804922103882
1766,338,377.3535461425781,57.94268035888672,68.20199584960938,54.58100891113281,0.7569316029548645
1766,340,593.6121826171875,26.3986759185791,78.5404052734375,47.474464416503906,0.7092955112457275
1767,330,181.02432250976562,120.69849395751953,103.06784057617188,76.25170135498047,0.7797288298606873
1767,334,491.70294189453125,86.2212905883789,76.16864013671875,70.4753189086914,0.7656095623970032
1767,338,374.9393615722656,60.38876724243164,68.582275390625,55.463687896728516,0.7600709199905396
1767,340,594.2813720703125,28.566043853759766,77.8297119140625,48.609989166259766,0.71388840675354
1767,343,485.2395324707031,13.805988311767578,41.511627197265625,14.639448165893555,0.5188580751419067
1768,330,174.85223388671875,124.846923828125,104.23287963867188,77.0655517578125,0.7710715532302856
1768,334,489.98724365234375,89.72587585449219,76.8717041015625,71.7608642578125,0.8295950293540955
1768,338,370.6751708984375,62.986053466796875,71.06729125976562,58.13444519042969,0.7807403802871704
1768,340,595.5291748046875,30.842086791992188,76.02191162109375,48.8883056640625,0.7033236622810364
1768,343,483.8336181640625,13.942486763000488,43.5313720703125,15.392840385437012,0.5497206449508667
1769,330,168.135498046875,129.0653533935547,106.09439086914062,78.43524169921875,0.785834550857544
1769,334,488.8158874511719,93.9947738647461,77.67300415039062,73.21036529541016,0.7914106845855713
1769,338,366.7568054199219,65.11072540283203,73.31607055664062,60.61632537841797,0.8172197341918945
1769,340,596.8370971679688,33.56413650512695,74.8172607421875,49.49972915649414,0.7930649518966675
1769,343,481.484375,14.079925537109375,46.41845703125,16.505823135375977,0.5805900692939758
1770,330,160.31045532226562,132.76785278320312,109.36517333984375,80.98635864257812,0.8095734119415283
1770,334,486.9878845214844,98.02473449707031,79.65664672851562,75.856201171875,0.8362454175949097
1770,338,364.56243896484375,69.03514099121094,72.6741943359375,60.44087219238281,0.7371619939804077
1770,340,598.2234497070312,35.763343811035156,73.11004638671875,49.543304443359375,0.6988719701766968
1770,343,477.5953369140625,14.271252632141113,51.5753173828125,18.500350952148438,0.5805433988571167
1771,330,153.31674194335938,137.6500244140625,111.10031127929688,82.32365417480469,0.7430005073547363
1771,334,485.17034912109375,102.49606323242188,80.322998046875,77.21958923339844,0.8011847734451294
1771,338,361.6687927246094,71.97431945800781,73.78680419921875,61.76678466796875,0.7525830268859863
1771,340,599.1139526367188,38.43496322631836,72.30908203125,50.26395034790039,0.6228153705596924
1771,343,474.41534423828125,14.380306243896484,54.61700439453125,19.796512603759766,0.5760811567306519
1772,330,145.51007080078125,142.60365295410156,113.61013793945312,83.94442749023438,0.7839468121528625
1772,334,484.6929016113281,107.12140655517578,80.16915893554688,77.52336883544922,0.8403618335723877
1772,338,358.6657409667969,75.47328186035156,74.20681762695312,62.299957275390625,0.7150413990020752
1772,340,600.8505859375,41.112186431884766,71.6722412109375,51.09537124633789,0.6005411744117737
1772,343,472.31365966796875,14.441131591796875,56.89202880859375,20.88753890991211,0.5694224834442139
1773,330,137.72821044921875,146.74554443359375,115.91004943847656,85.46780395507812,0.788349986076355
1773,334,482.46673583984375,110.79256439208984,82.433837890625,80.4981460571289,0.8643620610237122
1773,338,355.2308349609375,78.3691177368164,74.68405151367188,62.89624786376953,0.6618989706039429
1773,340,601.8139038085938,43.855735778808594,71.47637939453125,52.257591247558594,0.5639320015907288
1773,343,469.3131408691406,14.72585391998291,61.958587646484375,23.160797119140625,0.5311352610588074
1774,330,130.31045532226562,151.7858123779297,117.71566772460938,86.4556884765625,0.760465681552887
1774,334,480.0345153808594,114.92957305908203,83.72573852539062,82.43346405029297,0.8410910367965698
1774,338,351.1841735839844,82.03441619873047,76.8404541015625,65.1706314086914,0.5740970373153687
1774,340,603.5009765625,46.32133102416992,71.23333740234375,53.1639518737793,0.6651092171669006
1774,343,466.03240966796875,14.892358779907227,66.15899658203125,25.25963020324707,0.6164926290512085
1775,330,121.55601501464844,156.44290161132812,120.86570739746094,88.54339599609375,0.7421161532402039
1775,334,477.5713806152344,119.92113494873047,85.30062866210938,84.6963119506836,0.840532124042511
1775,338,347.7271423339844,84.99983215332031,77.84835815429688,66.33979797363281,0.7644716501235962
1775,340,605.0276489257812,48.5228157043457,69.86444091796875,53.062679290771484,0.5867802500724792
1775,343,463.24005126953125,14.617080688476562,68.9498291015625,26.961536407470703,0.5910530686378479
1776,330,112.48616790771484,162.83084106445312,124.19905853271484,90.81510925292969,0.5678834915161133
1776,334,475.76702880859375,124.97986602783203,86.0384521484375,86.0093765258789,0.8297619819641113
1776,338,343.629638671875,88.27449035644531,79.9326171875,68.49124145507812,0.7325201034545898
1776,340,605.6724853515625,51.492000579833984,71.458740234375,55.34836196899414,0.588071346282959
1776,343,461.85052490234375,14.740434646606445,69.74420166015625,27.984567642211914,0.5574474930763245
1777,330,104.67356872558594,168.21051025390625,126.11158752441406,92.05844116210938,0.7439452409744263
1777,334,472.80743408203125,129.8693389892578,88.32781982421875,89.04061889648438,0.8473983407020569
1777,338,339.9501953125,92.2403564453125,82.02276611328125,70.49723815917969,0.7431904077529907
1777,340,606.9859008789062,55.78879165649414,70.439453125,55.537227630615234,0.6700906753540039
1777,343,459.5576171875,14.665891647338867,72.7877197265625,30.06751823425293,0.6420235633850098
1778,330,94.54297637939453,173.15829467773438,130.21560668945312,94.92599487304688,0.5760864615440369
1778,334,470.9205017089844,135.92877197265625,89.63156127929688,91.07537841796875,0.8240125775337219
1778,338,335.1130065917969,95.91121673583984,84.87667846679688,73.31159210205078,0.7362748980522156
1778,340,607.8524780273438,57.676422119140625,69.68255615234375,55.82147979736328,0.6817517876625061
1778,343,457.088623046875,13.819753646850586,76.8980712890625,32.91423034667969,0.6783275604248047
1779,330,84.91104125976562,179.18450927734375,133.82882690429688,97.32061767578125,0.666376531124115
1779,334,468.2818908691406,142.01356506347656,90.18997192382812,91.94407653808594,0.8366071581840515
1779,338,330.9117431640625,99.55728149414062,87.15036010742188,75.70111083984375,0.6765441298484802
1779,340,608.0896606445312,61.230873107910156,71.23486328125,58.011695861816406,0.6002503633499146
1779,343,455.31396484375,13.662426948547363,79.93402099609375,35.56354522705078,0.7568019032478333
1779,352,436.7856140136719,13.674642562866211,33.769317626953125,14.17713737487793,0.5297877192497253
1780,330,73.9701919555664,185.260009765625,138.75045776367188,100.85873413085938,0.5930036306381226
1780,334,465.2774353027344,147.88400268554688,92.56692504882812,94.7708740234375,0.8287897706031799
1780,338,327.3001403808594,103.62187194824219,86.759521484375,75.52947998046875,0.7710397839546204
1780,340,609.0330810546875,64.41958618164062,71.91729736328125,59.45262145996094,0.5996295809745789
1780,343,454.9957275390625,14.182899475097656,80.86810302734375,37.4810791015625,0.7833098769187927
1780,352,433.8728942871094,13.928007125854492,37.010162353515625,15.554605484008789,0.5798086524009705
1781,330,62.58673858642578,191.1458282470703,143.37921142578125,104.14714050292969,0.5721810460090637
1781,334,462.32183837890625,153.4775848388672,95.03448486328125,97.66998291015625,0.8269245624542236
1781,338,323.32122802734375,108.31328582763672,86.94192504882812,75.77916717529297,0.7723915576934814
1781,340,610.0013427734375,68.29560852050781,72.09332275390625,60.42152404785156,0.5183476209640503
1781,343,454.90020751953125,14.540019989013672,80.55059814453125,38.94802474975586,0.7188882231712341
1781,352,431.0600891113281,13.657865524291992,40.700225830078125,17.14809226989746,0.5201154947280884
1782,330,51.3267936706543,197.72105407714844,147.97755432128906,107.35746765136719,0.5663991570472717
1782,334,459.1536865234375,159.72509765625,98.0599365234375,101.2451171875,0.781704306602478
1782,338,320.4676818847656,113.26884460449219,85.49081420898438,74.23550415039062,0.6686899065971375
1782,340,610.8929443359375,71.69647979736328,72.93426513671875,61.914100646972656,0.5313219428062439
1782,343,454.1387634277344,15.37871265411377,80.17013549804688,40.464351654052734,0.7652495503425598
1782,352,426.66998291015625,13.457334518432617,46.360137939453125,19.700868606567383,0.5681490898132324
1782,359,50.26877975463867,196.816650390625,150.49197387695312,108.24734497070312,0.5451622605323792
1783,330,39.19770050048828,204.1053466796875,152.77935791015625,110.76010131835938,0.503847062587738
1783,334,454.5369567871094,166.6890106201172,100.00003051757812,103.21531677246094,0.8223263025283813
1783,338,313.6488037109375,117.85576629638672,89.6856689453125,77.99945831298828,0.6712176203727722
1783,340,612.9329223632812,75.027099609375,71.8814697265625,61.438323974609375,0.4751969575881958
1783,343,454.4649353027344,16.45769691467285,78.82052612304688,41.476783752441406,0.7215436100959778
1783,352,423.6168212890625,13.324091911315918,49.248443603515625,21.141921997070312,0.5355380177497864
1783,359,37.797882080078125,205.64892578125,152.89193725585938,109.95315551757812,0.5153509974479675
1784,334,451.0827331542969,173.22763061523438,102.36471557617188,105.84060668945312,0.791408896446228
1784,338,307.804443359375,121.98324584960938,92.33746337890625,80.43011474609375,0.7058107256889343
1784,340,613.7655639648438,79.45172882080078,73.43359375,63.389915466308594,0.6513100266456604
1784,343,453.9348449707031,17.03580665588379,79.05618286132812,43.34959411621094,0.7789077758789062
1784,352,421.6675720214844,13.34704303741455,51.221771240234375,22.27496337890625,0.5915920734405518
1784,364,536.6583862304688,14.016580581665039,46.45855712890625,18.420915603637695,0.5036742091178894
1785,334,447.89605712890625,179.01678466796875,106.21380615234375,110.39337158203125,0.783954381942749
1785,338,302.5423889160156,126.75045013427734,94.50213623046875,82.31061553955078,0.8061113953590393
1785,340,614.1220703125,83.03872680664062,75.08905029296875,65.390380859375,0.6533589363098145
1785,343,453.22491455078125,18.319345474243164,78.43499755859375,44.75470733642578,0.7582921981811523
1785,352,419.1039123535156,13.628462791442871,54.02960205078125,23.884986877441406,0.5691857933998108
1785,364,536.243896484375,14.342680931091309,48.2735595703125,19.19348907470703,0.4937494695186615
1785,330,14.340251922607422,218.39930725097656,162.75485229492188,118.10545349121094,0.6316424608230591
1786,334,444.21807861328125,187.3806915283203,109.0087890625,113.86082458496094,0.7894918322563171
1786,338,296.7360534667969,131.29010009765625,96.863525390625,84.66117858886719,0.7450065016746521
1786,340,614.9979248046875,86.52359771728516,76.234130859375,66.93274688720703,0.5945870876312256
1786,343,452.66986083984375,19.65121078491211,77.3695068359375,45.82170486450195,0.7261891961097717
1786,352,416.60614013671875,14.042407989501953,57.3167724609375,25.885234832763672,0.6110959649085999
1786,364,535.45068359375,14.288094520568848,49.84808349609375,19.915203094482422,0.612158477306366
1786,367,1.7938649654388428,225.42115783691406,168.7689971923828,122.51060485839844,0.5230059027671814
1786,330,1.5139198303222656,226.08692932128906,167.73069763183594,121.99470520019531,0.5634706020355225
1787,334,439.2397766113281,194.9787139892578,113.05477905273438,118.70997619628906,0.7177060842514038
1787,338,290.839111328125,136.2419891357422,97.49972534179688,85.24296569824219,0.822089672088623
1787,340,614.6878662109375,90.52462768554688,79.36065673828125,70.17730712890625,0.741672933101654
1787,343,453.6194152832031,21.942453384399414,73.94314575195312,45.234458923339844,0.7183580994606018
1787,352,413.971435546875,14.343504905700684,58.782470703125,27.1624755859375,0.6862470507621765
1787,364,534.1880493164062,14.282590866088867,52.47021484375,21.125703811645508,0.7258033752441406
1787,369,605.05029296875,13.678600311279297,42.8994140625,15.700113296508789,0.49237266182899475
1788,334,435.4523620605469,202.6408233642578,115.96865844726562,122.30091857910156,0.8443800806999207
1788,338,285.4339294433594,142.89341735839844,99.13095092773438,86.69828796386719,0.7096558213233948
1788,340,614.4036254882812,94.45109558105469,81.3189697265625,72.17491149902344,0.7778910994529724
1788,343,453.2451477050781,23.37320899963379,72.26113891601562,45.64879608154297,0.6970650553703308
1788,352,411.81610107421875,14.54829216003418,60.491485595703125,28.588842391967773,0.7150314450263977
1788,364,533.5068969726562,14.494918823242188,53.603271484375,21.786022186279297,0.7181193828582764
1788,369,605.3589477539062,13.979249954223633,44.421630859375,16.27360725402832,0.49259573221206665
1788,330,0.0,242.154296875,161.78262329101562,130.9512939453125,0.7771254777908325
1789,334,430.5687255859375,211.57821655273438,120.47894287109375,127.68023681640625,0.8712202906608582
1789,338,278.3787536621094,148.103271484375,101.93548583984375,89.21044921875,0.7557322382926941
1789,340,615.1402587890625,99.00125885009766,82.10205078125,73.07450103759766,0.7544876933097839
1789,343,453.21087646484375,25.639568328857422,71.12786865234375,46.41049575805664,0.7275002002716064
1789,352,410.0019836425781,14.727314949035645,62.291229248046875,30.15184783935547,0.7173267602920532
1789,364,529.8540649414062,14.435028076171875,60.4202880859375,24.993026733398438,0.8204012513160706
1789,369,603.6830444335938,13.665544509887695,47.88580322265625,17.58557891845703,0.4843524098396301
1789,330,0.0,250.6874542236328,159.36602783203125,138.0657196044922,0.8345881104469299
1790,334,425.59100341796875,221.04176330566406,124.14019775390625,132.2622528076172,0.8584725856781006
1790,338,271.93603515625,154.6444091796875,103.58816528320312,90.66432189941406,0.7522261142730713
1790,340,616.856201171875,103.4426498413086,84.378173828125,75.8023452758789,0.6737188696861267
1790,343,452.5566711425781,28.44622230529785,70.51705932617188,47.53907012939453,0.8155171871185303
1790,352,408.81060791015625,14.957853317260742,62.903167724609375,31.238191604614258,0.6648895144462585
1790,364,527.4027099609375,14.455428123474121,64.89654541015625,27.431541442871094,0.8305568099021912
1790,369,601.7063598632812,13.770014762878418,52.75213623046875,19.515789031982422,0.5466157793998718
1790,330,0.0,259.49609375,154.49961853027344,142.72882080078125,0.8119505047798157
1791,334,419.48223876953125,230.1999053955078,129.6978759765625,139.3789825439453,0.8900322318077087
1791,338,264.86529541015625,160.8896484375,106.24136352539062,93.02241516113281,0.7848192453384399
1791,340,617.8189697265625,107.88334655761719,86.71466064453125,78.65982055664062,0.8052416443824768
1791,343,451.8671875,30.280860900878906,70.52227783203125,49.02252960205078,0.8643519878387451
1791,352,406.9725646972656,14.815604209899902,64.56680297851562,32.95729446411133,0.665643036365509
1791,364,526.2521362304688,14.194507598876953,66.9959716796875,29.01699447631836,0.8254880309104919
1791,369,600.6992797851562,13.725053787231445,55.92242431640625,20.93040657043457,0.6130381226539612
1791,330,0.0,268.230712890625,149.60211181640625,147.72702026367188,0.7807348370552063
1792,334,413.3373107910156,239.76206970214844,134.45388793945312,145.68727111816406,0.9189207553863525
1792,338,256.4471435546875,166.46534729003906,110.843994140625,97.16676330566406,0.7128660082817078
1792,340,618.4524536132812,112.72122192382812,89.11016845703125,81.45668029785156,0.7178905010223389
1792,343,451.8929443359375,32.49274826049805,68.8775634765625,49.2255973815918,0.8848193883895874
1792,352,404.675537109375,14.461494445800781,66.01016235351562,34.700477600097656,0.6518539190292358
1792,364,524.6467895507812,13.676454544067383,70.26129150390625,31.31175422668457,0.7947078347206116
1792,369,600.4490356445312,13.942787170410156,58.53094482421875,22.253562927246094,0.6008129715919495
1792,330,0.0,277.7231140136719,142.40650939941406,151.1361083984375,0.5877954959869385
1793,334,406.8950500488281,250.4792938232422,139.26602172851562,152.16407775878906,0.8588539958000183
1793,338,248.4169464111328,172.1508331298828,114.88987731933594,100.97410583496094,0.7016951441764832
1793,340,619.9722290039062,118.44397735595703,91.16522216796875,84.24700164794922,0.7113999724388123
1793,343,451.1579284667969,35.615577697753906,67.15414428710938,49.07428741455078,0.8718802332878113
1793,352,401.3055114746094,13.77232837677002,70.371826171875,38.338470458984375,0.6229704022407532
1793,364,524.5335083007812,13.600689888000488,70.33349609375,32.266029357910156,0.8182811737060547
1793,369,600.01513671875,14.294465065002441,60.3177490234375,23.351757049560547,0.669812798500061
1793,330,0.0,287.6290588378906,133.91236877441406,152.82144165039062,0.7591588497161865
1794,334,398.88140869140625,261.23101806640625,145.6851806640625,160.71112060546875,0.853482723236084
1794,338,239.79180908203125,179.0889129638672,119.23806762695312,105.00621032714844,0.7061417698860168
1794,340,622.687744140625,125.26116180419922,90.48602294921875,84.14925384521484,0.6756369471549988
1794,343,450.5471496582031,38.5010986328125,66.11734008789062,49.342864990234375,0.8188876509666443
1794,352,398.1827392578125,13.743459701538086,72.68722534179688,40.99943542480469,0.6744921803474426
1794,364,523.539306640625,14.19353199005127,72.29736328125,34.255279541015625,0.747123658657074
1794,369,599.0115356445312,14.686234474182129,63.07586669921875,24.99691390991211,0.756239116191864
1794,371,922.647216796875,376.93206787109375,35.91339111328125,15.673583984375,0.3316860496997833
1795,334,391.1788635253906,273.0838623046875,152.42727661132812,169.823974609375,0.8198900818824768
1795,338,231.19093322753906,187.1580352783203,121.97215270996094,107.57191467285156,0.715752363204956
1795,340,623.2236938476562,130.0603790283203,93.78369140625,88.16624450683594,0.7651820182800293
1795,343,448.61138916015625,39.98019790649414,67.15850830078125,51.11135482788086,0.8201607465744019
1795,352,396.8393859863281,13.642251968383789,72.22012329101562,42.131591796875,0.647395133972168
1795,364,521.9547119140625,14.135059356689453,74.87042236328125,36.728973388671875,0.7537188529968262
1795,369,598.1580810546875,14.68478775024414,65.96026611328125,26.84383773803711,0.7431255578994751
1796,334,382.4873046875,285.71923828125,159.7659912109375,180.00762939453125,0.8327250480651855
1796,338,221.9857177734375,194.33773803710938,126.50689697265625,111.857177734375,0.717863917350769
1796,340,624.3359985351562,135.71502685546875,96.6768798828125,91.71408081054688,0.7149930000305176
1796,343,446.69195556640625,41.944984436035156,67.13275146484375,51.821632385253906,0.7927345037460327
1796,352,395.6172180175781,13.651836395263672,73.04757690429688,44.12633514404297,0.5760429501533508
1796,364,521.43212890625,14.15986442565918,75.54742431640625,38.45984649658203,0.7940966486930847
1796,369,596.3211669921875,14.21225643157959,70.53057861328125,29.644676208496094,0.7048419117927551
1796,375,0.0,318.23626708984375,63.865074157714844,117.7188720703125,0.44443124532699585
1796,371,923.2794799804688,377.05126953125,35.381103515625,15.441619873046875,0.2514437437057495
1797,334,373.5154113769531,298.51702880859375,167.28884887695312,190.596923828125,0.880767285823822
1797,338,211.71485900878906,202.65611267089844,131.20433044433594,116.30439758300781,0.7268849611282349
1797,340,625.2675170898438,142.8320770263672,99.64447021484375,95.14569091796875,0.780218780040741
1797,343,444.7958679199219,44.2990837097168,67.92849731445312,53.2772102355957,0.8042441010475159
1797,352,393.9465637207031,13.730207443237305,74.34762573242188,46.467185974121094,0.6324560046195984
1797,364,521.327392578125,14.365009307861328,75.20452880859375,39.73356246948242,0.8097735643386841
1797,369,595.1140747070312,15.028707504272461,73.1646728515625,31.795236587524414,0.6519541144371033
1797,375,0.0,332.3304443359375,52.22053909301758,105.72259521484375,0.4867427349090576
1798,334,364.0854187011719,312.87890625,174.97836303710938,201.8590087890625,0.7859511971473694
1798,338,201.0665740966797,211.46957397460938,136.6857147216797,121.56719970703125,0.7453595995903015
1798,340,626.10546875,148.75027465820312,102.863037109375,99.08160400390625,0.6497379541397095
1798,343,444.2366638183594,47.228271484375,67.03936767578125,53.340179443359375,0.6643319129943848
1798,352,392.359375,14.017806053161621,73.9490966796875,47.79070281982422,0.6269596219062805
1798,364,521.38525390625,14.79154109954834,74.838623046875,41.035091400146484,0.8324751257896423
1798,369,594.2774047851562,15.111197471618652,75.64263916015625,34.071197509765625,0.7114322781562805
1798,375,0.0,344.48004150390625,41.37111282348633,95.74697875976562,0.5058047771453857
1799,334,356.2198486328125,327.81378173828125,177.6470947265625,206.15277099609375,0.7467995285987854
1799,338,190.5853271484375,220.75209045410156,140.56167602539062,124.95420837402344,0.5792635083198547
1799,340,628.3744506835938,155.49664306640625,104.7462158203125,101.75033569335938,0.7369635105133057
1799,343,442.3871154785156,50.006282806396484,67.54879760742188,54.47060775756836,0.6944089531898499
1799,352,390.5917663574219,13.904747009277344,74.71456909179688,49.978965759277344,0.6160170435905457
1799,364,521.5900268554688,15.04707145690918,73.72796630859375,41.95201110839844,0.774262547492981
1799,369,593.9315185546875,14.473979949951172,77.62701416015625,36.28266525268555,0.703581690788269
1799,371,922.4786987304688,376.59014892578125,36.86968994140625,16.153656005859375,0.2709021270275116
1800,334,352.7793884277344,343.3955078125,171.49636840820312,196.6044921875,0.7713758945465088
1800,338,178.88230895996094,229.58775329589844,146.20469665527344,130.21360778808594,0.716105580329895
1800,340,629.66455078125,162.97451782226562,107.40338134765625,105.03289794921875,0.7705754041671753
1800,343,441.8016662597656,52.537654876708984,67.12872314453125,54.88223648071289,0.7266941070556641
1800,352,387.991943359375,14.014497756958008,76.41976928710938,52.915626525878906,0.678886890411377
1800,364,520.9168090820312,15.31043815612793,74.5987548828125,44.05670166015625,0.7764711976051331
1800,369,593.1758422851562,13.34375,80.87066650390625,39.32196044921875,0.7512072920799255
1801,334,351.1695861816406,360.5985412597656,161.23727416992188,179.40145874023438,0.7662114500999451
1801,338,167.06422424316406,238.4624786376953,151.46705627441406,135.06825256347656,0.7608271837234497
1801,340,631.5187377929688,170.1638946533203,110.41033935546875,108.99681091308594,0.7894120812416077
1801,343,440.99298095703125,54.972591400146484,67.20205688476562,55.73226547241211,0.7208771109580994
1801,352,386.869384765625,14.38191032409668,76.27642822265625,54.52360534667969,0.7321142554283142
1801,364,520.5872802734375,15.341914176940918,75.43780517578125,46.242740631103516,0.7292072772979736
1801,369,593.8936767578125,13.534720420837402,81.41619873046875,41.117576599121094,0.7395426034927368
1802,334,352.17205810546875,379.9527893066406,149.31985473632812,160.04721069335938,0.6984919905662537
1802,338,153.7112579345703,249.13063049316406,158.46324157714844,141.54307556152344,0.8249198198318481
1802,340,633.5091552734375,177.8810577392578,113.7076416015625,113.13426208496094,0.7238247394561768
1802,343,441.0176696777344,58.17061233520508,66.57305908203125,55.915279388427734,0.6886696815490723
1802,352,385.49066162109375,15.262553215026855,76.11923217773438,56.14274215698242,0.70075923204422
1802,364,519.975341796875,16.38008689880371,75.342529296875,47.98645782470703,0.6771486401557922
1802,369,594.76220703125,14.214905738830566,80.89678955078125,42.4897575378418,0.6863847970962524
1803,334,349.62939453125,400.3980712890625,136.8974609375,139.6019287109375,0.6932377815246582
1803,338,139.46780395507812,260.0701599121094,165.572509765625,148.24786376953125,0.8106180429458618
1803,340,635.6527099609375,187.17196655273438,116.2298583984375,116.40408325195312,0.7658191919326782
1803,343,439.2261657714844,60.88849639892578,67.2489013671875,57.012542724609375,0.6947176456451416
1803,352,383.1089782714844,15.646306037902832,77.35101318359375,58.986995697021484,0.6859104037284851
1803,364,521.6041259765625,19.095335006713867,71.81463623046875,47.29487609863281,0.6505914926528931
1803,369,593.8074340820312,14.40812873840332,82.8525390625,45.31809997558594,0.6817079782485962
1804,334,358.6537170410156,422.56292724609375,122.5662841796875,117.43707275390625,0.7275518178939819
1804,338,124.55906677246094,271.4603271484375,174.35984802246094,156.84732055664062,0.9077067971229553
1804,340,636.3109741210938,195.20484924316406,121.909912109375,123.32518005371094,0.7394400238990784
1804,343,436.5714111328125,63.314884185791016,69.46820068359375,59.89934158325195,0.6429620385169983
1804,352,381.2940368652344,16.2937068939209,77.45645141601562,60.92852020263672,0.7191221117973328
1804,364,523.2518920898438,22.002883911132812,67.93707275390625,46.10813903808594,0.6524903774261475
1804,369,594.9314575195312,14.8381929397583,82.6099853515625,47.03174591064453,0.6579576730728149
1804,371,923.049560546875,377.06390380859375,35.846923828125,15.766754150390625,0.26326778531074524
1805,334,366.68194580078125,447.7225646972656,105.13986206054688,92.27743530273438,0.6014689803123474
1805,338,107.1756362915039,281.0315246582031,183.428955078125,165.79168701171875,0.8298752307891846
1805,340,636.316162109375,203.99298095703125,127.67755126953125,130.50015258789062,0.7032860517501831
1805,343,435.3571472167969,66.46208953857422,69.45599365234375,60.73053741455078,0.7805799245834351
1805,352,379.7626953125,17.98358726501465,76.21524047851562,61.726036071777344,0.6968523263931274
1805,364,523.222412109375,25.499176025390625,66.714111328125,46.65972900390625,0.6697596311569214
1805,369,595.1356201171875,14.851959228515625,83.4476318359375,49.46998596191406,0.6922171115875244
1806,334,377.6729431152344,474.0262756347656,84.96322631835938,65.97372436523438,0.5618206262588501
1806,338,90.62224578857422,293.9907531738281,191.798583984375,174.00726318359375,0.7680721282958984
1806,340,638.9203491210938,213.50335693359375,131.343017578125,135.19796752929688,0.703191876411438
1806,343,435.1687927246094,70.7010498046875,67.77188110351562,59.93870544433594,0.743327796459198
1806,352,378.67254638671875,20.03128433227539,74.91278076171875,62.3513069152832,0.733273983001709
1806,364,522.4178466796875,27.622793197631836,67.1568603515625,48.26300811767578,0.7697995901107788
1806,369,596.260498046875,15.758200645446777,81.65606689453125,50.36676788330078,0.5459581613540649
1807,338,71.63407135009766,307.3563232421875,201.1326904296875,183.16049194335938,0.8175084590911865
1807,340,641.7509765625,224.32147216796875,136.24896240234375,141.64413452148438,0.748923659324646
1807,343,433.4501953125,74.12015533447266,69.12496948242188,61.99683380126953,0.6407129168510437
1807,352,377.2196960449219,21.847843170166016,73.52011108398438,62.740970611572266,0.5689135789871216
1807,364,522.6831665039062,29.790733337402344,66.3143310546875,48.793365478515625,0.7883630990982056
1807,369,596.9320678710938,17.40538215637207,81.38037109375,52.1890869140625,0.6529335379600525
1808,338,44.9609489440918,308.82049560546875,224.30921936035156,206.80865478515625,0.6408705115318298
1808,340,644.0375366210938,235.15460205078125,141.334716796875,148.3994140625,0.6910235285758972
1808,343,431.9231262207031,76.76834869384766,69.63702392578125,63.174522399902344,0.6851304173469543
1808,352,375.4355163574219,23.732837677001953,73.09677124023438,63.91512680053711,0.6729261875152588
1808,364,523.3721313476562,31.513402938842773,64.30364990234375,48.31639099121094,0.731522798538208
1808,369,597.6095581054688,17.886260986328125,82.36700439453125,54.97981262207031,0.6123008131980896
1808,371,921.5527954101562,376.67608642578125,36.923095703125,16.41961669921875,0.27644801139831543
1809,338,30.598838806152344,330.1978454589844,221.4833984375,203.45565795898438,0.637782871723175
1809,340,645.3602294921875,248.27377319335938,146.78314208984375,155.39083862304688,0.5790635943412781
1809,343,430.1031494140625,80.25942993164062,69.70651245117188,63.948577880859375,0.7735185623168945
1809,352,373.93890380859375,25.678861618041992,72.8604736328125,65.24459838867188,0.6532599925994873
1809,364,522.5167236328125,32.07040023803711,64.78521728515625,49.74032974243164,0.8076142072677612
1809,369,599.1727294921875,18.806644439697266,81.47808837890625,56.41584396362305,0.7022179961204529
1810,338,20.156936645507812,350.76934814453125,210.00791931152344,189.23065185546875,0.7736829519271851
1810,340,648.880615234375,261.7165832519531,152.0885009765625,162.61923217773438,0.6506420373916626
1810,343,426.6404724121094,83.53668975830078,72.30853271484375,67.21736907958984,0.6929715871810913
1810,352,372.6369323730469,28.54510498046875,71.47872924804688,65.23040771484375,0.5021474361419678
1810,364,521.7027587890625,33.20151901245117,65.4747314453125,51.24844741821289,0.7742366790771484
1810,369,601.8865966796875,21.64468765258789,77.67388916015625,55.52891159057617,0.7944470643997192
1811,338,20.656824111938477,369.80450439453125,194.78221130371094,170.19549560546875,0.6989529132843018
1811,340,650.9414672851562,272.9515686035156,159.51348876953125,172.43048095703125,0.5996776819229126
1811,343,424.38739013671875,87.13751983642578,73.6898193359375,69.33318328857422,0.6090992093086243
1811,352,371.4326477050781,30.567005157470703,70.85049438476562,65.90573120117188,0.6646621227264404
1811,364,521.9822387695312,35.96482467651367,64.14422607421875,50.9974250793457,0.8686581254005432
1811,369,603.5947265625,23.892995834350586,76.14019775390625,56.20289611816406,0.7121090292930603
1812,338,19.969388961791992,388.63812255859375,177.7864227294922,151.36187744140625,0.47631606459617615
1812,340,652.1099853515625,285.4815673828125,170.57806396484375,186.82586669921875,0.8789697885513306
1812,343,422.4651794433594,90.90673065185547,74.19369506835938,70.5851821899414,0.6680321097373962
1812,352,368.4856262207031,32.87558364868164,70.90170288085938,67.17994689941406,0.44315487146377563
1812,364,523.0933837890625,38.271697998046875,62.53692626953125,50.498443603515625,0.7553878426551819
1812,369,605.5886840820312,26.17970848083496,74.915771484375,56.95482635498047,0.6524324417114258
1813,338,19.939138412475586,407.8169860839844,158.86077880859375,132.18301391601562,0.5605729222297668
1813,340,653.0003662109375,300.0108337402344,179.41668701171875,199.38934326171875,0.5758819580078125
1813,343,420.3333740234375,94.98601531982422,74.20526123046875,71.11627960205078,0.6352447867393494
1813,352,366.9674072265625,35.06011962890625,69.84112548828125,67.2046890258789,0.5712649822235107
1813,364,523.3859252929688,41.50547790527344,61.1627197265625,50.17781066894531,0.7176722288131714
1813,369,607.6373901367188,28.7954158782959,72.95892333984375,56.932533264160156,0.581434428691864
1814,340,656.0999755859375,316.1807556152344,187.38775634765625,210.65939331054688,0.5216856002807617
1814,343,417.23590087890625,98.28438568115234,76.43963623046875,74.04505157470703,0.6657932996749878
1814,352,365.1371154785156,37.21711349487305,69.42276000976562,67.64775085449219,0.479422003030777
1814,364,522.5899658203125,43.81734848022461,62.30462646484375,52.071529388427734,0.7151379585266113
1814,369,609.5480346679688,32.15740203857422,71.738037109375,57.24175262451172,0.6814481616020203
1814,380,370.56719970703125,37.35541534423828,59.41790771484375,67.213623046875,0.36867690086364746
1815,340,674.4214477539062,342.75537109375,175.32708740234375,196.37823486328125,0.3963106572628021
1815,343,414.39892578125,101.87238311767578,78.21176147460938,76.47209930419922,0.735034167766571
1815,352,363.0001525878906,39.279869079589844,70.47225952148438,69.3827896118164,0.4007933437824249
1815,364,522.1229858398438,46.127079010009766,62.571044921875,53.12496566772461,0.8298810720443726
1815,369,610.7037353515625,34.597721099853516,71.5380859375,58.33658218383789,0.7110499143600464
1815,380,367.38525390625,40.51121520996094,60.346954345703125,68.21031188964844,0.5785619020462036
1815,371,923.7327880859375,377.82861328125,33.37841796875,14.793792724609375,0.25086477398872375
1816,340,682.9984741210938,353.21826171875,171.1146240234375,186.78173828125,0.5275247693061829
1816,343,411.5391540527344,106.08446502685547,80.1326904296875,79.26326751708984,0.7585439682006836
1816,352,360.3941345214844,41.41905975341797,71.4052734375,71.15216064453125,0.4038519859313965
1816,364,522.508544921875,49.19022750854492,61.0699462890625,52.516849517822266,0.8361489176750183
1816,369,611.702392578125,37.963714599609375,71.401611328125,59.537437438964844,0.5985933542251587
1816,380,364.1724548339844,42.580909729003906,62.3486328125,70.4937515258789,0.5900935530662537
1817,340,693.3340454101562,369.2912902832031,160.935546875,170.70870971679688,0.6213793754577637
1817,343,410.79229736328125,110.58064270019531,78.80715942382812,78.20486450195312,0.826374351978302
1817,364,522.02001953125,50.741790771484375,61.9598388671875,54.02888488769531,0.8646970987319946
1817,369,612.388916015625,40.26800537109375,71.3192138671875,60.662803649902344,0.7244213223457336
1817,380,361.4885559082031,45.14544677734375,62.568328857421875,70.70550537109375,0.608151912689209
1818,340,703.1485595703125,389.96917724609375,146.72857666015625,150.03082275390625,0.5482911467552185
1818,343,408.13751220703125,115.22198486328125,81.17578125,81.21232604980469,0.7698493003845215
1818,364,522.1300048828125,53.71058654785156,61.37835693359375,54.16349792480469,0.6964607834815979
1818,369,613.7467041015625,43.17388153076172,70.129638671875,60.54283142089844,0.8059424757957458
1818,380,357.90557861328125,47.59010696411133,64.63711547851562,73.1595458984375,0.645098090171814
1818,371,922.362548828125,377.32476806640625,36.2550048828125,16.23284912109375,0.298145592212677
1819,340,715.2664794921875,413.2702331542969,129.4228515625,126.72976684570312,0.5657413601875305
1819,343,403.24456787109375,119.87049865722656,83.687744140625,84.241455078125,0.7701621055603027
1819,364,522.0521850585938,57.22341537475586,61.3021240234375,54.71806716918945,0.8150542974472046
1819,369,615.2012329101562,45.64815139770508,70.54718017578125,61.64615249633789,0.7515430450439453
1819,380,354.2983093261719,49.22265625,66.40243530273438,75.158935546875,0.5775770545005798
1819,383,481.3661804199219,13.966354370117188,40.593475341796875,19.87356185913086,0.4402438998222351
1820,340,729.1967163085938,440.4695129394531,111.14093017578125,99.53048706054688,0.5108098387718201
1820,343,399.3752136230469,125.15171813964844,86.67416381835938,88.215087890625,0.8061292767524719
1820,364,521.1915283203125,59.59536361694336,61.833740234375,55.825557708740234,0.7858341932296753
1820,369,615.6632080078125,47.916954040527344,71.04315185546875,63.053619384765625,0.6942391395568848
1820,380,351.8739318847656,51.92424774169922,66.72442626953125,75.64712524414062,0.6693124175071716
1820,383,479.908935546875,14.303028106689453,42.001220703125,20.562564849853516,0.49705055356025696
1820,352,349.0879821777344,51.060611724853516,74.26620483398438,75.30453491210938,0.310085266828537
1821,343,397.0250549316406,130.08529663085938,86.88223266601562,88.97801208496094,0.8193489909172058
1821,364,521.3949584960938,62.58649826049805,61.45806884765625,56.03011703491211,0.6648163795471191
1821,369,616.792724609375,49.5842399597168,71.68939208984375,64.57048034667969,0.700146496295929
1821,380,348.6091003417969,54.39009094238281,67.49337768554688,76.55712890625,0.46226966381073
1821,383,477.86212158203125,14.664724349975586,44.7786865234375,21.93967628479004,0.536080002784729
1821,352,346.1086730957031,53.85496520996094,74.158203125,76.18782043457031,0.39719676971435547
1822,343,393.950439453125,135.19232177734375,88.83853149414062,91.76571655273438,0.8532100915908813
1822,364,519.9740600585938,65.10449981689453,62.37249755859375,57.63433837890625,0.6666161417961121
1822,369,617.4396362304688,52.04999542236328,73.2110595703125,67.06412506103516,0.7442507147789001
1822,383,475.1895446777344,14.43261432647705,49.449188232421875,24.34341049194336,0.648622453212738
1822,385,549.657470703125,13.737249374389648,36.80096435546875,19.971635818481445,0.4690307676792145
1822,371,923.7683715820312,378.73681640625,33.15185546875,14.767974853515625,0.251065731048584
1823,343,392.3014221191406,140.94485473632812,87.09469604492188,90.17585754394531,0.8038555383682251
1823,364,519.364013671875,67.76239776611328,63.38922119140625,59.2462158203125,0.8550507426261902
1823,369,617.919189453125,54.19161605834961,74.6468505859375,69.6341552734375,0.781136155128479
1823,383,472.5058288574219,14.320531845092773,53.550445556640625,26.56816291809082,0.6974469423294067
1823,385,548.6488037109375,14.047745704650879,39.61749267578125,21.55618667602539,0.5716554522514343
1823,352,338.8466796875,59.22883224487305,76.22332763671875,79.40829467773438,0.6410138010978699
1824,343,388.09759521484375,146.201416015625,90.40899658203125,94.26969909667969,0.8042141199111938
1824,364,518.8707275390625,70.1064682006836,64.05419921875,60.52899932861328,0.7886230945587158
1824,369,619.1483154296875,56.792686462402344,73.62298583984375,69.58268737792969,0.7494317889213562
1824,383,470.49737548828125,13.686120986938477,56.8475341796875,28.53891944885254,0.7103913426399231
1824,385,548.1077880859375,14.033591270446777,40.29315185546875,21.994979858398438,0.6587104201316833
1824,352,335.4838562011719,62.384918212890625,76.8291015625,81.01667785644531,0.5174237489700317
1824,371,923.4973754882812,378.94927978515625,33.71575927734375,15.056640625,0.26153698563575745
1825,343,385.8350830078125,152.48960876464844,90.06698608398438,94.13450622558594,0.8100197911262512
1825,364,517.7490844726562,73.27251434326172,64.93511962890625,62.10382843017578,0.6699028015136719
1825,369,620.3845825195312,59.915802001953125,73.793212890625,70.66194152832031,0.6483345627784729
1825,383,469.5167236328125,14.240682601928711,58.96478271484375,30.028703689575195,0.7257181406021118
1825,385,548.10888671875,14.152711868286133,39.64483642578125,21.66359519958496,0.5666459798812866
1825,352,332.25994873046875,65.96267700195312,77.12295532226562,82.10588073730469,0.46591946482658386
1825,371,923.2849731445312,378.7128601074219,34.45721435546875,15.4552001953125,0.2677743136882782
1826,343,381.3788757324219,158.53871154785156,92.01907348632812,96.54483032226562,0.8182445764541626
1826,364,517.4386596679688,76.6219711303711,64.2159423828125,61.869529724121094,0.7775241136550903
1826,369,621.0973510742188,63.19208908081055,74.5264892578125,72.13847351074219,0.6265861988067627
1826,383,468.0338439941406,13.872364044189453,61.833160400390625,32.07859802246094,0.7413854002952576
1826,385,546.5769653320312,14.115928649902344,43.48779296875,23.919879913330078,0.561547040939331
1826,352,328.7960510253906,68.3525619506836,78.14944458007812,83.8179702758789,0.42027685046195984
1827,343,376.22430419921875,165.8165740966797,96.13134765625,101.57481384277344,0.8415754437446594
1827,364,516.5670776367188,79.85450744628906,65.4298095703125,63.5731201171875,0.7517289519309998
1827,369,621.4921264648438,65.93802642822266,74.75103759765625,73.0239486694336,0.5815061926841736
1827,383,465.9373474121094,13.335132598876953,65.30728149414062,34.62283706665039,0.7407848238945007
1827,385,544.9459228515625,14.027161598205566,47.02069091796875,26.151809692382812,0.6648287177085876
1827,352,324.9159240722656,72.05257415771484,78.995361328125,85.3829116821289,0.5839180946350098
1828,343,372.77264404296875,172.02020263671875,97.46661376953125,103.5594482421875,0.8122856616973877
1828,364,515.9666748046875,83.68756866455078,65.524658203125,64.35840606689453,0.5699756145477295
1828,369,622.8590087890625,69.3287582397461,76.50421142578125,75.43961334228516,0.5162432193756104
1828,383,463.5136413574219,13.159873962402344,69.37973022460938,37.77989196777344,0.7823072075843811
1828,385,543.21630859375,13.842869758605957,50.9737548828125,28.836483001708984,0.5944857597351074
1828,352,321.68609619140625,75.04988861083984,79.344970703125,86.35701751708984,0.6216685771942139
1828,371,923.7117919921875,378.8450927734375,33.64422607421875,15.040679931640625,0.32287678122520447
1829,343,367.8251647949219,178.8839569091797,98.544921875,104.96623229980469,0.8424853682518005
1829,364,516.5398559570312,86.83944702148438,64.0938720703125,63.37019348144531,0.6570189595222473
1829,369,624.1634521484375,72.53272247314453,76.3089599609375,75.93392181396484,0.6025252938270569
1829,383,462.7691650390625,13.740823745727539,70.44036865234375,39.413978576660156,0.8656109571456909
1829,385,542.2938842773438,13.66295051574707,52.8419189453125,30.471223831176758,0.6519309282302856
1829,352,317.446044921875,78.85564422607422,80.23428344726562,87.6788101196289,0.5995016098022461
1829,371,923.6303100585938,378.83673095703125,33.7911376953125,15.135986328125,0.3088964521884918
1830,343,363.3243713378906,187.11572265625,100.88705444335938,107.78555297851562,0.831554114818573
1830,364,516.416748046875,89.60269927978516,64.34429931640625,64.07062530517578,0.7418673038482666
1830,369,624.7527465820312,75.76929473876953,76.59161376953125,76.91974639892578,0.6091774702072144
1830,383,462.2451477050781,14.211329460144043,70.53250122070312,40.61643981933594,0.8731525540351868
1830,385,541.8704833984375,13.77890682220459,53.3477783203125,31.347412109375,0.6959835290908813
1830,352,313.0021667480469,82.26847076416016,81.81039428710938,89.79662322998047,0.5768024921417236
1830,371,923.2973022460938,378.4161682128906,34.19415283203125,15.36724853515625,0.3223651349544525
1831,343,357.9308776855469,194.4424591064453,103.35049438476562,110.55900573730469,0.8454017639160156
1831,364,514.5462646484375,92.28450775146484,66.38037109375,66.70207977294922,0.6742936968803406
1831,369,625.5475463867188,79.59127807617188,76.84832763671875,77.80848693847656,0.5189897418022156
1831,383,461.9089050292969,14.9616060256958,69.77890014648438,41.40974807739258,0.8875331282615662
1831,385,541.3185424804688,14.070645332336426,54.20391845703125,32.50593566894531,0.6668292880058289
1831,352,308.9266662597656,85.62609100341797,83.79171752929688,92.49137115478516,0.5681682825088501
1831,371,922.7308349609375,378.0030517578125,35.40240478515625,16.05584716796875,0.2664763927459717
1832,343,351.25701904296875,202.23765563964844,108.58364868164062,116.75779724121094,0.8397945761680603
1832,364,513.0867919921875,97.00084686279297,66.6871337890625,67.1247787475586,0.7425812482833862
1832,369,626.5616455078125,82.84307861328125,79.248046875,81.10649108886719,0.48412927985191345
1832,383,460.8314514160156,15.616273880004883,69.87911987304688,42.687286376953125,0.8994982242584229
1832,385,539.9576416015625,14.309864044189453,55.3167724609375,33.89455032348633,0.6207062602043152
1832,352,304.9636535644531,89.742431640625,84.6895751953125,93.84344482421875,0.6125577688217163
1832,371,923.13232421875,378.32269287109375,34.6806640625,15.798675537109375,0.28882622718811035
1833,343,345.7027282714844,211.20376586914062,111.26727294921875,119.84356689453125,0.8702799081802368
1833,364,509.9669494628906,99.99051666259766,70.87020874023438,71.9101791381836,0.7497768998146057
1833,369,627.8934326171875,86.79194641113281,80.50970458984375,83.0894775390625,0.5174573063850403
1833,383,459.4804992675781,15.951523780822754,70.93453979492188,44.6647834777832,0.8050357699394226
1833,385,538.1973266601562,14.526372909545898,57.14752197265625,35.71595764160156,0.6416962742805481
1833,352,300.29937744140625,93.35540771484375,85.506103515625,94.99853515625,0.6274972558021545
1834,343,337.8654479980469,219.6238250732422,117.28765869140625,127.02433776855469,0.8245825171470642
1834,364,509.535400390625,103.3973617553711,71.16497802734375,72.49047088623047,0.7554890513420105
1834,369,628.5155029296875,90.42207336425781,82.39501953125,85.87216186523438,0.4068734645843506
1834,383,458.3764953613281,16.580299377441406,70.81674194335938,46.038883209228516,0.8121525049209595
1834,385,537.7698364257812,14.86738109588623,58.32330322265625,37.21912384033203,0.6992975473403931
1834,352,295.7433776855469,96.98326873779297,87.06796264648438,97.0966567993164,0.5219611525535583
1835,343,330.3012390136719,229.28118896484375,121.23153686523438,131.75030517578125,0.8895906209945679
1835,364,508.1460266113281,107.46383666992188,72.67086791992188,74.49923706054688,0.7541731595993042
1835,369,629.9308471679688,95.22156524658203,82.6131591796875,86.7384262084961,0.47112560272216797
1835,383,457.2335510253906,17.501815795898438,71.26968383789062,47.862342834472656,0.839118242263794
1835,385,537.1289672851562,14.96522045135498,60.920166015625,39.91731643676758,0.6975159645080566
1835,352,289.6488342285156,101.24311828613281,89.05609130859375,99.31887817382812,0.6399081349372864
1835,371,923.7671508789062,378.28924560546875,33.6385498046875,15.338287353515625,0.3140990138053894
1836,343,324.39471435546875,239.4311981201172,123.97659301757812,135.14247131347656,0.893925130367279
1836,364,507.4654541015625,111.27298736572266,72.5509033203125,74.63143157958984,0.8604341149330139
1836,369,631.0695190429688,99.33868408203125,84.24737548828125,89.24476623535156,0.5832459926605225
1836,383,457.8880615234375,20.413043975830078,68.1085205078125,46.99204635620117,0.8358248472213745
1836,385,537.4757080078125,15.538389205932617,61.42730712890625,41.337684631347656,0.6874690055847168
1836,352,284.60748291015625,105.17325592041016,90.97592163085938,101.70682525634766,0.6859615445137024
1837,343,315.4183654785156,249.8061981201172,131.20639038085938,143.8993682861328,0.865175724029541
1837,364,506.18359375,114.94385528564453,75.44317626953125,78.24994659423828,0.766504168510437
1837,369,632.00341796875,103.06779479980469,85.70745849609375,91.14170837402344,0.586194634437561
1837,383,458.3783264160156,23.06911277770996,65.53421020507812,46.29065704345703,0.7961186766624451
1837,385,537.2759399414062,17.137365341186523,61.43359375,42.533348083496094,0.8019474744796753
1837,352,278.4269714355469,109.28057098388672,93.60543823242188,105.18102264404297,0.6904944777488708
1837,371,923.2510375976562,377.7061767578125,34.74462890625,15.945953369140625,0.26115164160728455
1838,343,307.0075378417969,261.01483154296875,136.00973510742188,149.76321411132812,0.8810299038887024
1838,364,506.7830810546875,118.8984146118164,75.99847412109375,78.8716049194336,0.7814719676971436
1838,369,633.2161254882812,107.58826446533203,88.1422119140625,94.11241912841797,0.7307158708572388
1838,383,457.9154052734375,25.49332046508789,64.84259033203125,46.93338394165039,0.7784839272499084
1838,385,538.0960693359375,19.434078216552734,59.2305908203125,42.04554748535156,0.7163726687431335
1838,352,273.9673156738281,114.03846740722656,94.21484375,106.14382934570312,0.7376565337181091
1839,343,297.69696044921875,272.6512145996094,142.53564453125,158.01913452148438,0.8694643974304199
1839,364,506.9006652832031,123.70335388183594,78.14529418945312,81.12477111816406,0.7222479581832886
1839,369,633.7321166992188,112.20860290527344,90.6429443359375,97.5059814453125,0.5578175187110901
1839,383,457.4393310546875,27.35053825378418,64.46771240234375,47.74756622314453,0.7992175817489624
1839,385,539.2219848632812,22.035003662109375,57.236328125,41.477020263671875,0.7413742542266846
1839,352,268.8694763183594,118.89948272705078,96.40338134765625,108.57190704345703,0.7336352467536926
1840,343,288.1205139160156,284.506103515625,148.56036376953125,165.50607299804688,0.8668985366821289
1840,364,504.3065490722656,127.42977142333984,80.19467163085938,83.78740692138672,0.7455682754516602
1840,369,635.785888671875,117.22022247314453,92.43695068359375,100.14041900634766,0.5568787455558777
1840,383,457.2436828613281,29.480693817138672,63.421234130859375,47.96901321411133,0.8110935091972351
1840,385,540.2999267578125,24.636621475219727,55.525634765625,40.986976623535156,0.7394622564315796
1840,352,263.018310546875,123.26354217529297,98.04067993164062,110.21434783935547,0.693098783493042
1841,343,277.4923400878906,298.3951721191406,155.19131469726562,173.80535888671875,0.8690052032470703
1841,364,502.2376708984375,131.28294372558594,83.27227783203125,87.82925415039062,0.6791489720344543
1841,369,637.5628662109375,121.68971252441406,94.84075927734375,103.61860656738281,0.6161238551139832
1841,383,457.4680480957031,31.863496780395508,61.507110595703125,47.29225158691406,0.7858128547668457
1841,385,541.082275390625,26.389387130737305,55.05377197265625,41.371986389160156,0.7921048402786255
1841,352,256.2259826660156,128.06021118164062,101.826416015625,114.77821350097656,0.5572545528411865
1842,343,265.29302978515625,312.9841613769531,163.02685546875,183.58050537109375,0.9390921592712402
1842,364,501.1322326660156,135.134033203125,84.58303833007812,89.87203979492188,0.6789583563804626
1842,369,638.7935791015625,127.08650207519531,97.063720703125,106.79519653320312,0.6340230107307434
1842,383,456.8227233886719,34.60771179199219,61.313323974609375,47.94343566894531,0.7925780415534973
1842,385,541.5869140625,27.972976684570312,54.29266357421875,41.377967834472656,0.8093441128730774
1842,352,249.70655822753906,132.3671417236328,104.73081970214844,118.31236267089844,0.6076204180717468
1842,371,923.7496948242188,378.1185607910156,33.05609130859375,15.15313720703125,0.3253704309463501
1843,343,250.8053436279297,327.6742858886719,175.1586456298828,199.32211303710938,0.8351216912269592
1843,364,501.57135009765625,141.84207153320312,84.2457275390625,89.48321533203125,0.7254112362861633
1843,369,639.8762817382812,131.98513793945312,99.22491455078125,109.86494445800781,0.6245310306549072
1843,383,450.9355163574219,36.66960525512695,62.829864501953125,48.997005462646484,0.8097497820854187
1843,385,540.7662963867188,29.59402084350586,55.54241943359375,43.10750961303711,0.7567628026008606
1843,352,241.78598022460938,137.2917022705078,106.03485107421875,119.58653259277344,0.4873864948749542
1844,343,242.97254943847656,343.9037170410156,172.3434295654297,195.37759399414062,0.7142848372459412
1844,364,500.2523193359375,147.57797241210938,86.31060791015625,92.09849548339844,0.7290792465209961
1844,369,641.1911010742188,137.9951629638672,101.9254150390625,113.48493957519531,0.6630178689956665
1844,383,448.0540771484375,38.17921829223633,64.52276611328125,50.50373458862305,0.8385098576545715
1844,385,540.4823608398438,30.80543327331543,56.13861083984375,44.427032470703125,0.805680513381958
1844,352,234.43560791015625,142.5115203857422,109.47982788085938,123.74934387207031,0.5035132765769958
1845,343,238.128662109375,361.13153076171875,162.95401000976562,178.86846923828125,0.7183170318603516
1845,364,497.9359130859375,151.9069061279297,89.0491943359375,95.5963134765625,0.7264392375946045
1845,369,641.7528076171875,143.76573181152344,105.8436279296875,118.67036437988281,0.6766753792762756
1845,383,447.3222351074219,39.801734924316406,65.34298706054688,51.52156066894531,0.8153842687606812
1845,385,541.0848999023438,33.13258743286133,54.8199462890625,44.0971565246582,0.7153306007385254
1845,352,226.83494567871094,148.50074768066406,112.50502014160156,127.21122741699219,0.47656869888305664
1846,343,235.79727172851562,379.8662414550781,151.45916748046875,160.13375854492188,0.8431960940361023
1846,364,495.4128723144531,157.30221557617188,91.14083862304688,98.68331909179688,0.779662013053894
1846,369,643.5460815429688,149.99072265625,108.74713134765625,122.54275512695312,0.640509843826294
1846,383,447.1919250488281,42.165958404541016,65.42660522460938,52.05165481567383,0.7258386611938477
1846,385,541.3374633789062,36.02949905395508,55.11383056640625,45.01707077026367,0.7801504135131836
1846,352,218.0696563720703,154.6944580078125,116.63374328613281,131.88693237304688,0.4912855327129364
1846,388,219.26394653320312,154.24179077148438,114.80908203125,132.44668579101562,0.43878474831581116
1847,343,229.91827392578125,399.9893798828125,140.44900512695312,140.0106201171875,0.8336303234100342
1847,364,494.91217041015625,165.18980407714844,92.0784912109375,100.10942077636719,0.7834489941596985
1847,369,645.7728271484375,157.5015106201172,111.52667236328125,126.36088562011719,0.7384147644042969
1847,383,445.4471740722656,44.13035202026367,67.18508911132812,54.01993179321289,0.752495288848877
1847,385,541.46630859375,38.17887496948242,54.41497802734375,45.07796096801758,0.7538443207740784
1847,352,209.43955993652344,161.62034606933594,119.93385314941406,135.7527313232422,0.37322798371315
1847,388,209.603515625,163.1290740966797,116.97738647460938,134.8813934326172,0.49566590785980225
1847,371,923.4273681640625,378.1525573730469,34.47235107421875,15.85302734375,0.30373743176460266
1848,343,235.14212036132812,421.958740234375,125.7906494140625,118.041259765625,0.8406032919883728
1848,364,494.0661926269531,171.264892578125,94.30715942382812,102.78359985351562,0.8138329982757568
1848,369,647.319580078125,164.28810119628906,115.6329345703125,131.9407501220703,0.6621368527412415
1848,383,444.7845153808594,47.32769012451172,66.9644775390625,54.249610900878906,0.8214964866638184
1848,385,540.3177490234375,39.944129943847656,55.566650390625,46.702606201171875,0.7049559950828552
1848,352,201.190185546875,168.38775634765625,122.53717041015625,138.66989135742188,0.4825817048549652
1848,388,200.7943115234375,169.9855499267578,120.36434936523438,138.7111053466797,0.4983220100402832
1848,371,923.4710083007812,377.5481262207031,35.14190673828125,16.18511962890625,0.3169613480567932
1849,343,238.88107299804688,446.4578857421875,108.01681518554688,93.5421142578125,0.7934765815734863
1849,364,491.8038330078125,177.45797729492188,96.95416259765625,106.52401733398438,0.8360700011253357
1849,369,649.273193359375,170.85824584960938,119.188720703125,136.86114501953125,0.5066753029823303
1849,383,443.7019958496094,49.52159881591797,67.40380859375,55.02672576904297,0.7509801387786865
1849,385,540.8721313476562,42.057491302490234,54.8505859375,46.61068344116211,0.6759561896324158
1849,371,923.6072998046875,377.7027893066406,34.04669189453125,15.69830322265625,0.26916536688804626
1850,343,244.2667694091797,472.49603271484375,87.85359191894531,67.50396728515625,0.7662400007247925
1850,364,489.801513671875,183.74217224121094,98.911376953125,109.20942687988281,0.7796975374221802
1850,369,650.6921997070312,178.1675567626953,123.067138671875,142.28968811035156,0.49264150857925415
1850,383,442.17156982421875,51.73584747314453,68.54336547851562,56.46277618408203,0.7905070781707764
1850,385,539.8460693359375,44.065025329589844,56.72412109375,48.942054748535156,0.7181085348129272
1850,352,181.84632873535156,182.45533752441406,130.49082946777344,147.8357391357422,0.5569769144058228
1851,364,487.8723449707031,191.4210205078125,100.99099731445312,112.118896484375,0.8006250262260437
1851,369,653.3182983398438,186.9739532470703,125.91119384765625,146.3824920654297,0.5368834733963013
1851,383,441.4893798828125,54.18971252441406,68.64300537109375,57.083213806152344,0.755694568157196
1851,385,540.0553588867188,47.2393913269043,56.2353515625,48.9266471862793,0.778576672077179
1851,391,171.8341522216797,190.60073852539062,133.50782775878906,154.76608276367188,0.5393568873405457
1851,352,171.1070556640625,190.8115997314453,135.21707153320312,153.5156707763672,0.5397769808769226
1851,371,923.944091796875,378.1081848144531,33.4422607421875,15.420379638671875,0.27080851793289185
1852,364,485.0660095214844,198.15301513671875,104.15036010742188,116.39093017578125,0.7882295250892639
1852,369,655.44677734375,195.00840759277344,130.3970947265625,152.59291076660156,0.5277175307273865
1852,383,440.46881103515625,56.456016540527344,69.18179321289062,58.2322998046875,0.7971981167793274
1852,385,539.9000854492188,49.73042297363281,56.3289794921875,49.36474609375,0.7938075661659241
1852,371,924.087646484375,377.5071716308594,34.46551513671875,15.907958984375,0.2739642262458801
1853,364,483.46746826171875,205.95071411132812,107.02789306640625,120.03656005859375,0.8880797028541565
1853,369,658.3267211914062,203.24131774902344,135.44671630859375,159.4924774169922,0.5063484907150269
1853,383,439.505615234375,58.3372917175293,68.98861694335938,58.74551773071289,0.7700325846672058
1853,385,539.6091918945312,51.96975326538086,56.618408203125,50.09453201293945,0.7470864057540894
1853,352,148.45054626464844,207.03497314453125,144.24574279785156,163.87393188476562,0.5361456871032715
1854,364,481.16326904296875,214.2540740966797,109.614013671875,123.71577453613281,0.8522862792015076
1854,369,660.09033203125,212.70797729492188,140.74212646484375,166.8155517578125,0.5991610884666443
1854,383,437.8343811035156,61.051055908203125,70.21939086914062,60.559349060058594,0.6900716423988342
1854,385,539.31787109375,54.30580139160156,57.40460205078125,51.336509704589844,0.7542341351509094
1854,352,136.10592651367188,215.54183959960938,149.22442626953125,169.59481811523438,0.5907928347587585
1854,371,924.200439453125,377.97198486328125,32.82647705078125,15.128509521484375,0.3152705132961273
1855,364,478.6215515136719,221.8358154296875,113.08224487304688,128.40484619140625,0.8428531289100647
1855,369,662.1981811523438,222.06651306152344,146.41943359375,174.71534729003906,0.5209161639213562
1855,383,436.2218322753906,64.26089477539062,70.93539428710938,62.02214050292969,0.7954084873199463
1855,385,538.3442993164062,56.37981033325195,58.54241943359375,52.840267181396484,0.7595282196998596
1855,352,122.31893920898438,225.37510681152344,154.7828369140625,175.93836975097656,0.36946970224380493
1855,371,923.7197875976562,377.6823425292969,33.27398681640625,15.365631103515625,0.2935132384300232
1856,364,475.2386474609375,230.80690002441406,116.529296875,132.9245147705078,0.8441929817199707
1856,369,665.0347900390625,233.10305786132812,152.7850341796875,183.50241088867188,0.6218856573104858
1856,383,435.2335205078125,67.22207641601562,70.52151489257812,62.36848449707031,0.8095892667770386
1856,385,538.630615234375,59.66897201538086,58.0152587890625,52.64381790161133,0.7849069833755493
1856,352,107.01145935058594,236.4732208251953,160.9149627685547,182.3655242919922,0.4056377410888672
1856,371,923.4061889648438,377.4708557128906,33.4652099609375,15.475738525390625,0.30540895462036133
1857,364,470.9560546875,239.93031311035156,121.3001708984375,139.1456756591797,0.8663058280944824
1857,369,667.3818969726562,243.91378784179688,160.83538818359375,194.70428466796875,0.6219441294670105
1857,383,432.9164123535156,70.47802734375,70.63113403320312,63.09477233886719,0.6990803480148315
1857,385,537.2108764648438,62.470062255859375,60.3133544921875,55.24291229248047,0.6436259746551514
1857,352,90.09785461425781,245.47850036621094,169.7715301513672,191.9285430908203,0.6279228925704956
1857,371,923.232421875,377.1790771484375,33.52838134765625,15.555023193359375,0.41205134987831116
1858,364,468.1789855957031,251.00982666015625,124.65219116210938,143.55166625976562,0.8128247857093811
1858,369,669.6415405273438,254.69744873046875,169.35797119140625,207.0379638671875,0.5700258612632751
1858,383,430.74530029296875,73.20281219482422,71.48727416992188,64.4808578491211,0.5931626558303833
1858,385,536.7098999023438,65.19038391113281,61.11151123046875,56.469337463378906,0.762106716632843
1858,352,76.44189453125,256.6453552246094,176.8002471923828,199.36355590820312,0.467049777507782
1858,398,76.03439331054688,256.3009338378906,178.54295349121094,200.6751708984375,0.4123990833759308
1859,364,464.8568420410156,260.56597900390625,129.42947387695312,149.89260864257812,0.8094485998153687
1859,369,672.3953247070312,267.798583984375,177.2587890625,218.85501098632812,0.5526160597801208
1859,383,429.4924621582031,76.11521911621094,71.39739990234375,64.87284851074219,0.6243297457695007
1859,385,536.743896484375,67.62909698486328,61.1097412109375,56.84679412841797,0.7701541185379028
1859,371,922.5560302734375,376.63092041015625,34.9696044921875,16.381683349609375,0.25660762190818787
1860,364,461.1007995605469,270.4970397949219,135.19522094726562,157.32601928710938,0.8211572766304016
1860,369,675.8523559570312,282.0710754394531,184.41046142578125,229.70669555664062,0.6453818678855896
1860,383,426.725341796875,79.88069152832031,73.79281616210938,67.771240234375,0.6954222917556763
1860,385,536.0092163085938,70.5583267211914,62.044921875,58.271583557128906,0.7163323760032654
1860,371,923.2996215820312,376.7325744628906,34.8194580078125,16.350250244140625,0.33503249287605286
1860,352,36.87013244628906,278.9479064941406,194.7186279296875,221.16293334960938,0.5834845304489136
1861,364,455.9671630859375,278.323974609375,143.18658447265625,168.31756591796875,0.7449716925621033
1861,369,683.2783813476562,295.9161376953125,189.1202392578125,236.9527587890625,0.5169000625610352
1861,383,424.7069396972656,83.12136840820312,74.7606201171875,69.36363220214844,0.7073370218276978
1861,385,535.4588623046875,73.73566436767578,63.41436767578125,60.112098693847656,0.6706944108009338
1861,371,922.9405517578125,376.9299011230469,33.99420166015625,15.989837646484375,0.27077576518058777
1861,352,14.781391143798828,288.13330078125,207.066162109375,236.66033935546875,0.4509269595146179
1862,364,452.5804138183594,290.3710632324219,148.65774536132812,177.1619873046875,0.6095289587974548
1862,369,695.1380004882812,310.2185363769531,185.16461181640625,229.78146362304688,0.5648203492164612
1862,383,422.6831970214844,85.95691680908203,75.709716796875,70.99518585205078,0.7594372034072876
1862,385,535.6943359375,76.71907806396484,62.5809326171875,59.624534606933594,0.6732932329177856
1862,352,4.088113307952881,305.5064392089844,203.66043090820312,231.77853393554688,0.573352038860321
1863,364,451.5343933105469,307.2640380859375,150.30307006835938,181.39474487304688,0.7665543556213379
1863,369,707.7577514648438,328.6530456542969,176.0574951171875,211.34695434570312,0.5045884847640991
1863,383,419.5926818847656,89.49034118652344,76.95709228515625,72.69619750976562,0.767670750617981
1863,385,534.330322265625,79.6475601196289,65.28741455078125,62.906394958496094,0.6715484261512756
1863,352,0.7048119306564331,320.2678527832031,194.0562744140625,219.64260864257812,0.7326362729072571
1863,371,924.0003662109375,377.3392639160156,32.58941650390625,15.280120849609375,0.252223402261734
1864,364,447.6979064941406,321.40850830078125,156.10513305664062,190.93121337890625,0.6839260458946228
1864,369,718.4282836914062,345.87615966796875,167.5435791015625,194.12384033203125,0.4668489098548889
1864,383,418.4102478027344,92.61868286132812,76.06130981445312,72.239013671875,0.6932888627052307
1864,385,534.1259765625,83.3731689453125,66.1954345703125,64.47470092773438,0.6608996987342834
1864,352,0.0,335.9100646972656,179.8565216064453,204.08993530273438,0.30966389179229736
1865,364,444.454833984375,335.36480712890625,159.64068603515625,197.3956298828125,0.7515131831169128
1865,369,729.5094604492188,366.3114929199219,155.1702880859375,173.68850708007812,0.43526920676231384
1865,383,414.7118835449219,96.14883422851562,78.99618530273438,75.81581115722656,0.6742909550666809
1865,385,534.7020263671875,86.83535766601562,64.7930908203125,63.45497131347656,0.6875759363174438
1866,364,444.997802734375,351.6446838378906,152.64794921875,188.35531616210938,0.6684401035308838
1866,369,740.8030395507812,388.28887939453125,141.7554931640625,151.71112060546875,0.45705628395080566
1866,383,411.9856262207031,100.56839752197266,79.623291015625,76.85999298095703,0.7434746623039246
1866,385,534.7837524414062,90.23420715332031,64.573486328125,63.62089538574219,0.6151783466339111
1867,364,447.3291931152344,368.6080322265625,143.02371215820312,171.3919677734375,0.577116072177887
1867,369,751.8798217773438,412.4839782714844,126.39422607421875,127.51602172851562,0.3715222477912903
1867,383,408.7490539550781,104.1314468383789,82.336669921875,80.19420623779297,0.6436233520507812
1867,385,534.24365234375,94.45751953125,66.34881591796875,65.75942993164062,0.6473206877708435
1868,364,450.9433898925781,385.1120910644531,132.51004028320312,154.88790893554688,0.7179884314537048
1868,383,405.9938659667969,108.28895568847656,83.58743286132812,81.79522705078125,0.7923420667648315
1868,385,532.6021118164062,97.35921478271484,69.6121826171875,69.6817398071289,0.7064754962921143
1868,402,484.0442810058594,16.006977081298828,44.987091064453125,26.48709487915039,0.4336961507797241
1869,364,454.86810302734375,404.2305908203125,120.7169189453125,135.7694091796875,0.5032035708427429
1869,383,401.6974182128906,111.6098403930664,86.04562377929688,84.6700210571289,0.7483733296394348
1869,385,532.5237426757812,101.50689697265625,70.381591796875,71.07162475585938,0.6782274842262268
1869,402,479.89459228515625,14.956934928894043,48.3280029296875,28.44338607788086,0.4085601568222046
1870,364,460.823486328125,423.34088134765625,109.6558837890625,116.65911865234375,0.45993876457214355
1870,383,399.7591247558594,116.80642700195312,85.78668212890625,84.78141784667969,0.7136752605438232
1870,385,533.2940673828125,104.9447250366211,69.3232421875,70.43634796142578,0.670947790145874
1870,402,478.5815734863281,15.33227825164795,50.698272705078125,29.881553649902344,0.39311739802360535
1871,364,468.4697265625,445.5623779296875,95.21917724609375,94.4376220703125,0.44923877716064453
1871,383,396.7151794433594,121.51167297363281,87.68435668945312,86.98638916015625,0.8218083381652832
1871,385,530.8474731445312,108.45384216308594,73.80548095703125,75.9666748046875,0.6628718972206116
1871,402,475.80987548828125,15.368374824523926,55.23028564453125,32.718265533447266,0.49581730365753174
1872,383,394.4576416015625,126.72932434082031,87.24032592773438,86.60649108886719,0.8057937026023865
1872,385,530.5374145507812,113.25328826904297,73.55401611328125,76.25220489501953,0.745597779750824
1872,402,473.3603210449219,14.708159446716309,59.589080810546875,35.62445068359375,0.6610651016235352
1873,383,390.48834228515625,131.47755432128906,90.46844482421875,90.33419799804688,0.7955143451690674
1873,385,530.603515625,117.64832305908203,73.8509521484375,76.94336700439453,0.7446548938751221
1873,402,471.6922912597656,14.183462142944336,62.066436767578125,37.515594482421875,0.6956179738044739
1874,383,389.1735534667969,136.52566528320312,89.28155517578125,89.03968811035156,0.8289961814880371
1874,385,530.8065795898438,122.19461059570312,73.7982177734375,77.30879211425781,0.6413019299507141
1874,402,470.8182678222656,14.452555656433105,63.539459228515625,38.904361724853516,0.7075134515762329
1875,383,385.3341064453125,142.703369140625,91.30422973632812,91.09202575683594,0.8329306840896606
1875,385,529.3804931640625,126.55902862548828,77.16644287109375,81.4660415649414,0.7196682691574097
1875,402,468.66827392578125,14.642006874084473,66.145263671875,41.16265106201172,0.7802904844284058
1875,403,381.4278259277344,12.52285385131836,43.347412109375,17.575279235839844,0.5252825021743774
