video,frame,track_id,bb_left,bb_top,bb_width,bb_height,cx,cy,area,vehicle_type,orientation,speed,trajectory_length,truncation_ratio,occlusion_ratio,visibility,occ_ratio_by_vehicle,occ_ratio_by_background,occlusion_source,n_occlusion_regions,occluder_ids,occlusion_status_raw,frame_density
MVI_20011,1,1,592.75,378.8,160.05,162.2,672.775,459.9,25960.11,car,18.488,6.859,5.0,0.1,0.0,1.0,0.0,0.0,none,0,,,7
MVI_20011,1,2,557.65,120.98,47.2,43.06,581.25,142.51,2032.4320000000002,car,19.398,1.5055,72.0,0.0,0.0,1.0,0.0,0.0,none,0,,,7
MVI_20011,1,3,545.2,88.27,35.25,30.08,562.825,103.31,1060.32,car,2.7525,0.5206,105.0,0.0,0.0,1.0,0.0,0.0,none,0,,1,7
MVI_20011,1,4,508.35,67.5,28.0,25.925,522.35,80.4625,725.9,car,349.06,0.52707,132.0,0.0,0.0,1.0,0.0,0.0,none,0,,,7
MVI_20011,1,5,553.0,70.095,29.55,19.695,567.775,79.9425,581.98725,car,58.543,0.49822,151.0,0.0,0.07169229222805132,0.9283077077719487,0.07169229222805132,0.0,vehicle,1,3,,7
MVI_20011,1,6,731.1,114.23,52.4,39.95,757.3000000000001,134.205,2093.38,car,227.87,2.2585,91.0,0.0,0.0,1.0,0.0,0.0,none,0,,,7
MVI_20011,1,7,902.15,250.12,58.85,107.99,931.5749999999999,304.115,6355.211499999999,car,197.29,12.115,157.0,0.3583,0.0,1.0,0.0,0.0,none,0,,,7
MVI_20011,2,1,594.2,391.81,161.5,149.19,674.95,466.405,24094.185,car,18.488,6.859,5.0,0.2,0.0,1.0,0.0,0.0,none,0,,,7
MVI_20011,2,2,557.7,121.87,48.1,44.12,581.75,143.93,2122.172,car,19.398,1.5055,72.0,0.0,0.0,1.0,0.0,0.0,none,0,,,7
MVI_20011,2,3,545.0,88.53,35.7,30.6,562.85,103.83,1092.42,car,2.7525,0.5206,105.0,0.0,0.0,1.0,0.0,0.0,none,0,,1,7
MVI_20011,2,4,508.15,67.76,28.2,26.44,522.25,80.98,745.6080000000001,car,349.06,0.52707,132.0,0.0,0.0,1.0,0.0,0.0,none,0,,,7
MVI_20011,2,5,553.35,70.185,29.7,20.035,568.2,80.2025,595.0395,car,58.543,0.49822,151.0,0.0,0.07767803650009786,0.9223219634999021,0.07767803650009786,0.0,vehicle,1,3,,7
MVI_20011,2,6,729.85,112.94,51.55,39.5,755.625,132.69,2036.225,car,227.87,2.2585,91.0,0.0,0.0,1.0,0.0,0.0,none,0,,,7
MVI_20011,2,7,894.95,238.56,66.05,107.98,927.975,292.55,7132.079,car,197.29,12.115,157.0,0.27642,0.0,1.0,0.0,0.0,none,0,,,7
MVI_20011,3,1,598.55,406.26,162.95,134.74,680.025,473.63,21955.883,car,35.066,8.8334,5.0,0.3,0.0,1.0,0.0,0.0,none,0,,,7
MVI_20011,3,2,557.75,122.76,49.0,45.18,582.25,145.35,2213.82,car,19.398,1.5055,72.0,0.0,0.0,1.0,0.0,0.0,none,0,,,7
MVI_20011,3,3,544.85,88.79,36.15,31.12,562.9250000000001,104.35000000000001,1124.988,car,8.2072,0.52538,105.0,0.0,0.0,1.0,0.0,0.0,none,0,,1,7
MVI_20011,3,4,508.0,68.02,28.35,26.96,522.175,81.5,764.316,car,351.79,0.52538,132.0,0.0,0.0,1.0,0.0,0.0,none,0,,,7
MVI_20011,3,5,553.65,70.27,29.95,20.385,568.625,80.46249999999999,610.53075,car,58.543,0.49822,151.0,0.0,0.08354656993116219,0.9164534300688378,0.08354656993116219,0.0,vehicle,1,3,,7
MVI_20011,3,6,728.65,111.64,50.7,39.07,754.0,131.175,1980.8490000000002,car,227.01,2.2217,91.0,0.0,0.0,1.0,0.0,0.0,none,0,,,7
MVI_20011,3,7,884.8,234.22,76.2,99.31,922.9,283.875,7567.4220000000005,car,210.33,10.05,157.0,0.22894,0.0,1.0,0.0,0.0,none,0,,,7
MVI_20011,4,1,595.65,422.17,171.6,118.83,681.4499999999999,481.58500000000004,20391.228,car,10.159,8.0792,5.0,0.4,0.0,1.0,0.0,0.0,none,0,,,7
MVI_20011,4,2,557.75,123.65,49.9,46.24,582.7,146.77,2307.376,car,17.583,1.4896,72.0,0.0,0.0,1.0,0.0,0.0,none,0,,,7
MVI_20011,4,3,544.65,89.05,36.6,31.64,562.9499999999999,104.87,1158.0240000000001,car,2.7525,0.5206,105.0,0.0,0.0,1.0,0.0,0.0,none,0,,1,7
MVI_20011,4,4,507.8,68.28,28.55,27.48,522.075,82.02,784.5540000000001,car,349.11,0.52953,132.0,0.0,0.0,1.0,0.0,0.0,none,0,,,7
MVI_20011,4,5,554.0,70.355,30.1,20.73,569.05,80.72,623.9730000000001,car,58.789,0.49692,151.0,0.0,0.08887203452713482,0.9111279654728652,0.08887203452713482,0.0,vehicle,1,3,,7
MVI_20011,4,6,727.45,110.33,49.8,38.65,752.35,129.655,1924.7699999999998,car,227.44,2.24,91.0,0.0,0.0,1.0,0.0,0.0,none,0,,,7
MVI_20011,4,7,880.5,225.54,80.5,103.65,920.75,277.365,8343.825,car,198.29,6.8511,157.0,0.14796,0.0,1.0,0.0,0.0,none,0,,,7
MVI_20011,5,1,602.9,440.96,160.05,100.04,682.925,490.97999999999996,16011.402000000002,car,8.9202,9.5126,5.0,0.5,0.0,1.0,0.0,0.0,none,0,,,7
MVI_20011,5,2,557.8,124.54,50.8,47.3,583.1999999999999,148.19,2402.8399999999997,car,19.461,1.5007,72.0,0.0,0.0,1.0,0.0,0.0,none,0,,,7
MVI_20011,5,3,544.5,89.31,37.0,32.15,563.0,105.385,1189.55,car,5.5187,0.51991,105.0,0.0,0.0,1.0,0.0,0.0,none,0,,1,7
MVI_20011,5,4,507.65,68.54,28.7,28.0,522.0,82.54,803.6,car,351.79,0.52538,132.0,0.0,0.0,1.0,0.0,0.0,none,0,,,7
MVI_20011,5,5,554.35,70.44,30.25,21.08,569.475,80.97999999999999,637.67,car,58.543,0.49822,151.0,0.0,0.09409490802452646,0.9059050919754735,0.09409490802452646,0.0,vehicle,1,3,,7
MVI_20011,5,6,726.25,109.04,48.9,38.21,750.7,128.145,1868.469,car,227.49,2.2383,91.0,0.0,0.0,1.0,0.0,0.0,none,0,,,7
MVI_20011,5,7,871.8,221.21,89.2,94.97,916.4,268.695,8471.324,car,206.63,9.7045,157.0,0.13306,0.0,1.0,0.0,0.0,none,0,,,7
MVI_20011,6,2,557.85,125.43,51.7,48.36,583.7,149.61,2500.212,car,19.398,1.5055,72.0,0.0,0.0,1.0,0.0,0.0,none,0,,,6
MVI_20011,6,3,544.35,89.565,37.4,32.675,563.0500000000001,105.9025,1222.0449999999998,car,5.5187,0.51991,105.0,0.0,0.0,1.0,0.0,0.0,none,0,,1,6
MVI_20011,6,4,507.45,68.8,28.9,28.515,521.9,83.0575,824.0835,car,349.06,0.52707,132.0,0.0,0.0,1.0,0.0,0.0,none,0,,,6
MVI_20011,6,5,554.7,70.53,30.45,21.42,569.9250000000001,81.24000000000001,652.239,car,59.982,0.51971,151.0,0.0,0.0989119785845373,0.9010880214154627,0.0989119785845373,0.0,vehicle,1,3,,6
MVI_20011,6,6,725.0,107.74,48.1,37.78,749.05,126.63,1817.218,car,227.44,2.24,91.0,0.0,0.0,1.0,0.0,0.0,none,0,,,6
MVI_20011,6,7,866.0,213.97,95.0,92.09,913.5,260.015,8748.550000000001,car,198.48,9.1469,157.0,0.10354,0.0,1.0,0.0,0.0,none,0,,,6
MVI_20011,7,2,557.9,126.32,52.55,49.42,584.175,151.03,2597.0209999999997,car,18.495,1.4973,72.0,0.0,0.0,1.0,0.0,0.0,none,0,,,6
MVI_20011,7,3,544.15,89.825,37.85,33.195,563.0749999999999,106.4225,1256.43075,car,2.7525,0.5206,105.0,0.0,0.0,1.0,0.0,0.0,none,0,,1,6
MVI_20011,7,4,507.3,69.06,29.05,29.035,521.825,83.5775,843.46675,car,351.79,0.52538,132.0,0.0,0.0,1.0,0.0,0.0,none,0,,,6
MVI_20011,7,5,555.05,70.615,30.6,21.77,570.3499999999999,81.5,666.162,car,58.543,0.49822,151.0,0.0,0.1035663997646215,0.8964336002353785,0.1035663997646215,0.0,vehicle,1,3,,6
MVI_20011,7,6,723.8,106.44,47.2,37.35,747.4,125.115,1762.92,car,227.44,2.24,91.0,0.0,0.0,1.0,0.0,0.0,none,0,,,6
MVI_20011,7,7,861.4,207.69,99.6,97.58,911.1999999999999,256.48,9718.967999999999,car,213.03,4.2195,157.0,0.00273,0.0,1.0,0.0,0.0,none,0,,,6
MVI_20011,8,2,558.55,128.19,52.45,49.23,584.775,152.805,2582.1135,car,18.604,1.8808,72.0,0.0,0.0,1.0,0.0,0.0,none,0,,,6
MVI_20011,8,3,544.15,90.865,37.95,33.455,563.125,107.5925,1269.61725,car,2.4523,1.1686,105.0,0.0,0.0,1.0,0.0,0.0,none,0,,1,6
MVI_20011,8,4,507.45,69.665,28.7,29.125,521.8,84.2275,835.8874999999999,car,357.8,0.65048,132.0,0.0,0.0,1.0,0.0,0.0,none,0,,,6
MVI_20011,8,5,555.25,71.395,30.6,21.855,570.55,82.32249999999999,668.763,car,13.667,0.84647,151.0,0.0,0.09575477411280256,0.9042452258871975,0.09575477411280256,0.0,vehicle,1,3,,6
MVI_20011,8,6,722.25,105.23,46.7,36.92,745.6,123.69,1724.1640000000002,car,231.58,2.2973,91.0,0.0,0.0,1.0,0.0,0.0,none,0,,,6
MVI_20011,8,7,854.45,205.3,106.55,86.3,907.725,248.45000000000002,9195.265,car,203.4,8.7497,157.0,0.05571,0.0,1.0,0.0,0.0,none,0,,,6
MVI_20011,9,2,559.2,130.07,52.35,49.03,585.375,154.58499999999998,2566.7205000000004,car,18.604,1.8808,72.0,0.0,0.0,1.0,0.0,0.0,none,0,,,6
MVI_20011,9,3,544.15,91.905,38.05,33.705,563.175,108.7575,1282.4752499999997,car,2.447,1.1711,105.0,0.0,0.0,1.0,0.0,0.0,none,0,,1,6
MVI_20011,9,4,507.65,70.27,28.35,29.21,521.8249999999999,84.875,828.1035,car,2.2111,0.64798,132.0,0.0,0.0,1.0,0.0,0.0,none,0,,,6
MVI_20011,9,5,555.4,72.175,30.6,21.94,570.6999999999999,83.145,671.364,car,10.335,0.83607,151.0,0.0,0.0882203990681653,0.9117796009318347,0.0882203990681653,0.0,vehicle,1,3,,6
MVI_20011,9,6,720.7,104.02,46.15,36.48,743.7750000000001,122.25999999999999,1683.552,car,231.97,2.317,91.0,0.0,0.0,1.0,0.0,0.0,none,0,,,6
MVI_20011,9,7,850.1,200.97,110.9,89.18,905.5500000000001,245.56,9890.062000000002,car,216.96,3.617,157.0,0.0,0.0,1.0,0.0,0.0,none,0,,,6
MVI_20011,10,2,559.85,131.96,52.25,48.83,585.975,156.375,2551.3675,car,18.604,1.8808,72.0,0.0,0.0,1.0,0.0,0.0,none,0,,,6
MVI_20011,10,3,544.15,92.94,38.15,33.98,563.225,109.92999999999999,1296.3369999999998,car,2.4523,1.1686,105.0,0.0,0.0,1.0,0.0,0.0,none,0,,1,6
MVI_20011,10,4,507.8,70.875,28.0,29.3,521.8,85.525,820.4,car,357.8,0.65048,132.0,0.0,0.0,1.0,0.0,0.0,none,0,,,6
MVI_20011,10,5,555.6,72.95,30.55,22.03,570.875,83.965,673.0165000000001,car,12.047,0.83847,151.0,0.0,0.08093115101932903,0.919068848980671,0.08093115101932903,0.0,vehicle,1,3,,6
MVI_20011,10,6,719.15,102.81,45.65,36.04,741.975,120.83,1645.2259999999999,car,231.58,2.2973,91.0,0.0,0.0,1.0,0.0,0.0,none,0,,,6
MVI_20011,10,7,840.0,196.63,121.0,90.63,900.5,241.945,10966.23,car,234.4,6.2105,157.0,0.0,0.0,1.0,0.0,0.0,none,0,,,6
MVI_20011,11,2,560.5,133.84,52.1,48.63,586.55,158.155,2533.623,car,17.879,1.8729,72.0,0.0,0.0,1.0,0.0,0.0,none,0,,,6
MVI_20011,11,3,544.15,93.98,38.2,34.23,563.25,111.095,1307.586,car,1.2267,1.1678,105.0,0.0,0.0,1.0,0.0,0.0,none,0,,1,6
MVI_20011,11,4,508.0,71.48,27.65,29.385,521.825,86.1725,812.49525,car,2.2111,0.64798,132.0,0.0,0.0,1.0,0.0,0.0,none,0,,,6
MVI_20011,11,5,555.75,73.73,30.6,22.115,571.05,84.78750000000001,676.7189999999999,car,12.011,0.84091,151.0,0.0,0.07330812346040219,0.9266918765395978,0.07330812346040219,0.0,vehicle,1,3,,6
MVI_20011,11,6,717.6,101.6,45.1,35.61,740.15,119.405,1606.011,car,231.92,2.3185,91.0,0.0,0.0,1.0,0.0,0.0,none,0,,,6
MVI_20011,11,7,834.2,195.18,126.8,87.75,897.6,239.055,11126.699999999999,car,225.1,4.0942,157.0,0.0,0.0,1.0,0.0,0.0,none,0,,,6
MVI_20011,12,2,561.15,135.72,52.0,48.44,587.15,159.94,2518.88,car,18.604,1.8808,72.0,0.0,0.0,1.0,0.0,0.0,none,0,,,6
MVI_20011,12,3,544.15,95.02,38.3,34.49,563.3,112.265,1320.9669999999999,car,2.447,1.1711,105.0,0.0,0.0,1.0,0.0,0.0,none,0,,1,6
MVI_20011,12,4,508.15,72.085,27.3,29.475,521.8,86.82249999999999,804.6675,car,357.8,0.65048,132.0,0.0,0.0,1.0,0.0,0.0,none,0,,,6
MVI_20011,12,5,555.9,74.51,30.6,22.2,571.1999999999999,85.61,679.32,car,10.335,0.83607,151.0,0.0,0.06605060943296216,0.9339493905670379,0.06605060943296216,0.0,vehicle,1,3,,6
MVI_20011,12,6,716.0,100.39,44.65,35.18,738.325,117.98,1570.787,car,231.97,2.317,91.0,0.0,0.0,1.0,0.0,0.0,none,0,,,6
MVI_20011,12,7,826.8,187.35,110.65,86.77,882.125,230.73499999999999,9601.1005,car,241.74,17.57,157.0,0.0,0.0,1.0,0.0,0.0,none,0,,,6
MVI_20011,13,2,561.8,137.6,51.9,48.25,587.75,161.725,2504.1749999999997,car,18.604,1.8808,72.0,0.0,0.0,1.0,0.0,0.0,none,0,,,6
MVI_20011,13,3,544.15,96.06,38.4,34.75,563.35,113.435,1334.3999999999999,car,2.447,1.1711,105.0,0.0,0.0,1.0,0.0,0.0,none,0,,1,6
MVI_20011,13,4,508.35,72.69,26.95,29.56,521.825,87.47,796.6419999999999,car,2.2111,0.64798,132.0,0.0,0.0,1.0,0.0,0.0,none,0,,,6
MVI_20011,13,5,556.1,75.29,30.6,22.285,571.4,86.4325,681.921,car,13.667,0.84647,151.0,0.0,0.058763038533789225,0.9412369614662108,0.058763038533789225,0.0,vehicle,1,3,,6
MVI_20011,13,6,714.45,99.175,44.1,34.755,736.5,116.5525,1532.6955000000003,car,232.02,2.3154,91.0,0.0,0.0,1.0,0.0,0.0,none,0,,,6
MVI_20011,13,7,819.85,183.29,113.15,84.59,876.4250000000001,225.58499999999998,9571.3585,car,227.92,7.6803,157.0,0.0,0.0,1.0,0.0,0.0,none,0,,,6
MVI_20011,14,2,562.5,139.68,52.65,48.76,588.825,164.06,2567.214,car,24.697,2.5728,72.0,0.0,0.0,1.0,0.0,0.0,none,0,,,6
MVI_20011,14,3,544.85,97.53,38.55,34.66,564.125,114.86,1336.1429999999998,car,28.54,1.6221,105.0,0.0,0.0,1.0,0.0,0.0,none,0,,1,6
MVI_20011,14,4,508.5,73.905,27.5,29.735,522.25,88.77250000000001,817.7125,car,18.104,1.3677,132.0,0.0,0.0,1.0,0.0,0.0,none,0,,,6
MVI_20011,14,5,556.8,76.415,30.75,22.285,572.175,87.5575,685.26375,car,34.563,1.3661,151.0,0.0,0.045416089790245105,0.9545839102097549,0.045416089790245105,0.0,vehicle,1,3,,6
MVI_20011,14,6,713.85,98.655,43.85,34.495,735.775,115.9025,1512.60575,car,228.12,0.97372,91.0,0.0,0.0,1.0,0.0,0.0,none,0,,,6
MVI_20011,14,7,815.55,180.09,111.35,83.73,871.2249999999999,221.955,9323.3355,car,235.03,6.346,157.0,0.0,0.0,1.0,0.0,0.0,none,0,,,6
MVI_20011,15,2,563.2,141.75,53.45,49.29,589.9250000000001,166.395,2634.5505000000003,car,25.201,2.5834,72.0,0.0,0.0,1.0,0.0,0.0,none,0,,,6
MVI_20011,15,3,545.55,99.0,38.7,34.57,564.9,116.285,1337.8590000000002,car,28.498,1.6243,105.0,0.0,0.0,1.0,0.0,0.0,none,0,,,6
MVI_20011,15,4,508.65,75.115,28.0,29.905,522.65,90.0675,837.34,car,17.134,1.3578,132.0,0.0,0.0,1.0,0.0,0.0,none,0,,,6
MVI_20011,15,5,557.5,77.54,30.9,22.285,572.95,88.6825,688.6065,car,34.563,1.3661,151.0,0.0,0.0,1.0,0.0,0.0,none,0,,,6
MVI_20011,15,6,713.25,98.135,43.6,34.235,735.05,115.2525,1492.646,car,228.12,0.97372,91.0,0.0,0.0,1.0,0.0,0.0,none,0,,,6
MVI_20011,15,7,811.2,176.88,109.55,82.87,865.975,218.315,9078.4085,car,235.32,6.3842,157.0,0.0,0.0,1.0,0.0,0.0,none,0,,,6
MVI_20011,16,2,563.9,143.82,54.2,49.81,591.0,168.725,2699.702,car,24.721,2.5706,72.0,0.0,0.0,1.0,0.0,0.0,none,0,,,6
MVI_20011,16,3,546.25,100.47,38.9,34.49,565.7,117.715,1341.661,car,29.267,1.6364,105.0,0.0,0.0,1.0,0.0,0.0,none,0,,,6
MVI_20011,16,4,508.85,76.325,28.5,30.085,523.1,91.3675,857.4225,car,19.128,1.3733,132.0,0.0,0.0,1.0,0.0,0.0,none,0,,,6
MVI_20011,16,5,558.15,78.665,31.15,22.285,573.725,89.8075,694.17775,car,34.563,1.3661,151.0,0.0,0.0,1.0,0.0,0.0,none,0,,,6
MVI_20011,16,6,712.65,97.615,43.3,33.975,734.3,114.60249999999999,1471.1175,car,229.09,0.99247,91.0,0.0,0.0,1.0,0.0,0.0,none,0,,,6
MVI_20011,16,7,806.9,173.69,107.7,82.0,860.75,214.69,8831.4,car,235.19,6.3636,157.0,0.0,0.0,1.0,0.0,0.0,none,0,,,6
MVI_20011,17,2,564.6,145.91,55.0,50.32,592.1,171.07,2767.6,car,25.201,2.5834,72.0,0.0,0.0,1.0,0.0,0.0,none,0,,,6
MVI_20011,17,3,546.9,101.94,39.1,34.41,566.4499999999999,119.145,1345.4309999999998,car,27.717,1.6125,105.0,0.0,0.0,1.0,0.0,0.0,none,0,,,6
MVI_20011,17,4,509.0,77.54,29.05,30.25,523.525,92.665,878.7625,car,18.104,1.3677,132.0,0.0,0.0,1.0,0.0,0.0,none,0,,,6
MVI_20011,17,5,558.85,79.79,31.3,22.29,574.5,90.935,697.677,car,34.563,1.3661,151.0,0.0,0.0,1.0,0.0,0.0,none,0,,,6
MVI_20011,17,6,712.05,97.095,43.05,33.715,733.5749999999999,113.9525,1451.43075,car,228.23,0.97205,91.0,0.0,0.0,1.0,0.0,0.0,none,0,,,6
MVI_20011,17,7,802.55,170.48,105.9,81.14,855.5,211.04999999999998,8592.726,car,235.28,6.387,157.0,0.0,0.0,1.0,0.0,0.0,none,0,,,6
MVI_20011,18,2,565.25,147.98,55.8,50.84,593.15,173.39999999999998,2836.872,car,24.212,2.5602,72.0,0.0,0.0,1.0,0.0,0.0,none,0,,,6
MVI_20011,18,3,547.6,103.42,39.25,34.31,567.225,120.575,1346.6675,car,28.456,1.6265,105.0,0.0,0.0,1.0,0.0,0.0,none,0,,,6
MVI_20011,18,4,509.2,78.75,29.55,30.43,523.975,93.965,899.2065,car,19.128,1.3733,132.0,0.0,0.0,1.0,0.0,0.0,none,0,,,6
MVI_20011,18,5,559.55,80.915,31.45,22.285,575.275,92.0575,700.86325,car,34.563,1.3661,151.0,0.0,0.0,1.0,0.0,0.0,none,0,,,6
MVI_20011,18,6,711.45,96.575,42.8,33.455,732.85,113.30250000000001,1431.8739999999998,car,228.12,0.97372,91.0,0.0,0.0,1.0,0.0,0.0,none,0,,,6
MVI_20011,18,7,798.25,167.28,104.05,80.27,850.275,207.415,8352.093499999999,car,235.19,6.3636,157.0,0.0,0.0,1.0,0.0,0.0,none,0,,,6
MVI_20011,19,2,565.95,150.06,56.55,51.37,594.225,175.745,2904.9734999999996,car,24.674,2.5751,72.0,0.0,0.0,1.0,0.0,0.0,none,0,,,6
MVI_20011,19,3,548.3,104.89,39.45,34.23,568.025,122.005,1350.3735,car,29.267,1.6364,105.0,0.0,0.0,1.0,0.0,0.0,none,0,,,6
MVI_20011,19,4,509.35,79.96,30.1,30.6,524.4,95.25999999999999,921.0600000000001,car,18.136,1.3653,132.0,0.0,0.0,1.0,0.0,0.0,none,0,,,6
MVI_20011,19,5,560.25,82.04,31.65,22.29,576.075,93.185,705.4784999999999,car,35.417,1.3804,151.0,0.0,0.0,1.0,0.0,0.0,none,0,,,6
MVI_20011,19,6,710.85,96.06,42.5,33.19,732.1,112.655,1410.5749999999998,car,229.19,0.99084,91.0,0.0,0.0,1.0,0.0,0.0,none,0,,,6
MVI_20011,19,7,793.9,164.07,102.25,79.41,845.025,203.77499999999998,8119.6725,car,235.28,6.387,157.0,0.0,0.0,1.0,0.0,0.0,none,0,,,6
MVI_20011,20,2,565.45,151.7,58.3,52.24,594.6,177.82,3045.592,car,10.244,2.1086,72.0,0.0,0.0,1.0,0.0,0.0,none,0,,,6
MVI_20011,20,3,547.95,105.32,40.3,35.27,568.1,122.955,1421.381,car,4.514,0.95296,105.0,0.0,0.0,1.0,0.0,0.0,none,0,,,6
MVI_20011,20,4,508.75,79.7,30.5,31.29,524.0,95.345,954.345,car,282.0,0.40893,132.0,0.0,0.0,1.0,0.0,0.0,none,0,,,6
MVI_20011,20,5,560.35,81.605,31.9,22.975,576.3000000000001,93.0925,732.9025,car,111.25,0.24142,151.0,0.0,0.0,1.0,0.0,0.0,none,0,,,6
MVI_20011,20,6,709.35,94.76,42.35,32.93,730.525,111.22500000000001,1394.5855000000001,car,227.76,2.1273,91.0,0.0,0.0,1.0,0.0,0.0,none,0,,,6
MVI_20011,20,7,790.6,161.4,99.3,76.89,840.25,199.845,7635.177,car,230.51,6.1875,157.0,0.0,0.0,1.0,0.0,0.0,none,0,,,6
MVI_20011,21,2,564.9,153.35,60.05,53.09,594.925,179.89499999999998,3188.0545,car,8.9017,2.1003,72.0,0.0,0.0,1.0,0.0,0.0,none,0,,,6
MVI_20011,21,3,547.6,105.75,41.15,36.31,568.1750000000001,123.905,1494.1565,car,4.4905,0.95794,105.0,0.0,0.0,1.0,0.0,0.0,none,0,,,6
MVI_20011,21,4,508.15,79.44,30.95,31.99,523.625,95.435,990.0904999999999,car,283.13,0.38507,132.0,0.0,0.0,1.0,0.0,0.0,none,0,,,6
MVI_20011,21,5,560.4,81.175,32.2,23.675,576.5,93.0125,762.335,car,113.03,0.21731,151.0,0.0,0.0,1.0,0.0,0.0,none,0,,,6
MVI_20011,21,6,707.9,93.46,42.2,32.68,729.0,109.8,1379.096,car,226.89,2.0889,91.0,0.0,0.0,1.0,0.0,0.0,none,0,,,6
MVI_20011,21,7,787.35,158.71,96.35,74.39,835.525,195.905,7167.4765,car,230.18,6.1522,157.0,0.0,0.0,1.0,0.0,0.0,none,0,,,6
MVI_20011,22,2,564.4,154.99,61.75,53.96,595.275,181.97,3332.03,car,9.5629,2.1068,72.0,0.0,0.0,1.0,0.0,0.0,none,0,,,6
MVI_20011,22,3,547.25,106.19,42.05,37.34,568.275,124.86,1570.147,car,5.9933,0.95773,105.0,0.0,0.0,1.0,0.0,0.0,none,0,,,6
MVI_20011,22,4,507.55,79.185,31.35,32.675,523.225,95.52250000000001,1024.36125,car,282.34,0.40946,132.0,0.0,0.0,1.0,0.0,0.0,none,0,,,6
MVI_20011,22,5,560.5,80.74,32.4,24.37,576.7,92.925,789.588,car,113.63,0.2183,151.0,0.0,0.0,1.0,0.0,0.0,none,0,,,6
MVI_20011,22,6,706.4,92.165,42.05,32.415,727.425,108.3725,1363.0507499999999,car,227.81,2.1256,91.0,0.0,0.0,1.0,0.0,0.0,none,0,,,6
MVI_20011,22,7,784.05,156.03,93.4,71.88,830.75,191.97,6713.592,car,230.51,6.1875,157.0,0.0,0.0,1.0,0.0,0.0,none,0,,,6
MVI_20011,23,2,563.9,156.63,63.45,54.83,595.625,184.045,3478.9635,car,9.5629,2.1068,72.0,0.0,0.0,1.0,0.0,0.0,none,0,,,6
MVI_20011,23,3,546.9,106.61,42.9,38.39,568.35,125.805,1646.931,car,4.514,0.95296,105.0,0.0,0.0,1.0,0.0,0.0,none,0,,,6
MVI_20011,23,4,506.95,78.925,31.8,33.365,522.85,95.6075,1061.007,car,283.13,0.38507,132.0,0.0,0.0,1.0,0.0,0.0,none,0,,,6
MVI_20011,23,5,560.6,80.31,32.65,25.05,576.9250000000001,92.83500000000001,817.8824999999999,car,110.7,0.24052,151.0,0.0,0.0,1.0,0.0,0.0,none,0,,,6
MVI_20011,23,6,704.95,90.865,41.85,32.155,725.875,106.9425,1345.68675,car,227.36,2.1072,91.0,0.0,0.0,1.0,0.0,0.0,none,0,,,6
MVI_20011,23,7,780.75,153.35,90.5,69.36,826.0,188.03,6277.08,car,230.33,6.1714,157.0,0.0,0.0,1.0,0.0,0.0,none,0,,,6
MVI_20011,24,2,563.35,158.28,65.25,55.69,595.975,186.125,3633.7725,car,9.5629,2.1068,72.0,0.0,0.0,1.0,0.0,0.0,none,0,,,6
MVI_20011,24,3,546.6,107.05,43.75,39.42,568.475,126.75999999999999,1724.625,car,7.4764,0.96067,105.0,0.0,0.0,1.0,0.0,0.0,none,0,,,6
MVI_20011,24,4,506.35,78.665,32.25,34.055,522.475,95.69250000000001,1098.27375,car,282.77,0.38451,132.0,0.0,0.0,1.0,0.0,0.0,none,0,,,6
MVI_20011,24,5,560.7,79.875,32.9,25.755,577.1500000000001,92.7525,847.3394999999999,car,111.25,0.24142,151.0,0.0,0.0,1.0,0.0,0.0,none,0,,,6
MVI_20011,24,6,703.45,89.565,41.7,31.895,724.3000000000001,105.5125,1330.0215,car,227.76,2.1273,91.0,0.0,0.0,1.0,0.0,0.0,none,0,,,6
MVI_20011,24,7,777.45,150.66,87.55,66.86,821.225,184.09,5853.593,car,230.51,6.1875,157.0,0.0,0.0,1.0,0.0,0.0,none,0,,,6
MVI_20011,25,2,562.85,159.93,66.95,56.55,596.325,188.205,3786.0225,car,9.5629,2.1068,72.0,0.0,0.0,1.0,0.0,0.0,none,0,,,7
MVI_20011,25,3,546.25,107.48,44.6,40.46,568.55,127.71000000000001,1804.516,car,4.514,0.95296,105.0,0.0,0.0,1.0,0.0,0.0,none,0,,,7
MVI_20011,25,4,505.75,78.405,32.65,34.755,522.075,95.7825,1134.75075,car,282.34,0.40946,132.0,0.0,0.0,1.0,0.0,0.0,none,0,,,7
MVI_20011,25,5,560.75,79.44,33.2,26.45,577.35,92.66499999999999,878.1400000000001,car,113.63,0.2183,151.0,0.0,0.0,1.0,0.0,0.0,none,0,,1,7
MVI_20011,25,6,702.0,88.27,41.5,31.64,722.75,104.09,1313.06,car,227.41,2.1055,91.0,0.0,0.0,1.0,0.0,0.0,none,0,,,7
MVI_20011,25,7,774.15,147.98,84.6,64.34,816.4499999999999,180.14999999999998,5443.164,car,230.47,6.1907,157.0,0.0,0.0,1.0,0.0,0.0,none,0,,,7
MVI_20011,25,8,560.25,65.425,31.1,22.805,575.8,76.8275,709.2355,car,81.215,0.27826,127.0,0.0,0.3792449757520597,0.6207550242479403,0.3792449757520597,0.0,vehicle,1,5,,7
MVI_20011,26,2,563.0,161.82,67.9,57.87,596.95,190.755,3929.373,car,13.759,2.6279,72.0,0.0,0.0,1.0,0.0,0.0,none,0,,,7
MVI_20011,26,3,545.65,108.35,45.8,40.72,568.55,128.70999999999998,1864.9759999999999,car,0.0,0.995,105.0,0.0,0.0,1.0,0.0,0.0,none,0,,,7
MVI_20011,26,4,505.15,79.185,32.8,33.975,521.55,96.1725,1114.3799999999999,car,306.61,0.65401,132.0,0.0,0.0,1.0,0.0,0.0,none,0,,,7
MVI_20011,26,5,560.75,79.615,32.85,26.445,577.175,92.83749999999999,868.71825,car,315.0,0.24749,151.0,0.0,0.0,1.0,0.0,0.0,none,0,,1,7
MVI_20011,26,6,700.8,87.405,41.15,31.455,721.375,103.1325,1294.3732499999999,car,235.29,1.6727,91.0,0.0,0.0,1.0,0.0,0.0,none,0,,,7
MVI_20011,26,7,770.65,145.04,83.1,63.74,812.1999999999999,176.91,5296.794,car,232.66,5.3457,157.0,0.0,0.0,1.0,0.0,0.0,none,0,,,7
MVI_20011,26,8,560.5,65.595,31.15,22.55,576.075,76.87,702.4325,car,81.215,0.27826,127.0,0.0,0.3752346310855489,0.6247653689144511,0.3752346310855489,0.0,vehicle,1,5,,7
MVI_20011,27,2,563.2,163.73,68.85,59.15,597.625,193.30499999999998,4072.4774999999995,car,14.813,2.6402,72.0,0.0,0.0,1.0,0.0,0.0,none,0,,,7
MVI_20011,27,3,545.0,109.21,47.05,40.98,568.525,129.7,1928.1089999999997,car,358.56,0.99531,105.0,0.0,0.0,1.0,0.0,0.0,none,0,,,7
MVI_20011,27,4,504.5,79.96,33.05,33.2,521.025,96.56,1097.26,car,306.43,0.65252,132.0,0.0,0.0,1.0,0.0,0.0,none,0,,,7
MVI_20011,27,5,560.75,79.79,32.5,26.44,577.0,93.01,859.3000000000001,car,314.59,0.24573,151.0,0.0,0.0,1.0,0.0,0.0,none,0,,1,7
MVI_20011,27,6,699.6,86.54,40.8,31.29,720.0,102.185,1276.6319999999998,car,235.29,1.6727,91.0,0.0,0.0,1.0,0.0,0.0,none,0,,,7
MVI_20011,27,7,767.1,142.1,81.65,63.13,807.9250000000001,173.665,5154.5645,car,232.78,5.3686,157.0,0.0,0.0,1.0,0.0,0.0,none,0,,,7
MVI_20011,27,8,560.75,65.77,31.15,22.29,576.325,76.91499999999999,694.3335,car,79.796,0.25402,127.0,0.0,0.3710183938986088,0.6289816061013912,0.3710183938986088,0.0,vehicle,1,5,,7
MVI_20011,28,2,563.35,165.63,69.8,60.46,598.25,195.85999999999999,4220.108,car,13.759,2.6279,72.0,0.0,0.0,1.0,0.0,0.0,none,0,,,7
MVI_20011,28,3,544.4,110.08,48.25,41.24,568.525,130.7,1989.8300000000002,car,0.0,0.995,105.0,0.0,0.0,1.0,0.0,0.0,none,0,,,7
MVI_20011,28,4,503.9,80.74,33.2,32.42,520.5,96.94999999999999,1076.344,car,306.61,0.65401,132.0,0.0,0.0,1.0,0.0,0.0,none,0,,,7
MVI_20011,28,5,560.75,79.96,32.15,26.45,576.825,93.18499999999999,850.3675,car,314.59,0.24573,151.0,0.0,0.0,1.0,0.0,0.0,none,0,,1,7
MVI_20011,28,6,698.35,85.675,40.5,31.115,718.6,101.2325,1260.1575,car,235.84,1.6919,91.0,0.0,0.0,1.0,0.0,0.0,none,0,,,7
MVI_20011,28,7,763.55,139.16,80.15,62.53,803.625,170.425,5011.779500000001,car,232.98,5.3855,157.0,0.0,0.0,1.0,0.0,0.0,none,0,,,7
MVI_20011,28,8,561.05,65.94,31.1,22.03,576.5999999999999,76.955,685.133,car,81.724,0.27789,127.0,0.0,0.36359509759419023,0.6364049024058098,0.36359509759419023,0.0,vehicle,1,5,,7
MVI_20011,29,2,563.55,167.54,70.75,61.75,598.925,198.415,4368.8125,car,14.799,2.6427,72.0,0.0,0.0,1.0,0.0,0.0,none,0,,,7
MVI_20011,29,3,543.8,110.94,49.45,41.5,568.525,131.69,2052.175,car,0.0,0.995,105.0,0.0,0.0,1.0,0.0,0.0,none,0,,,7
MVI_20011,29,4,503.3,81.52,33.35,31.64,519.975,97.34,1055.194,car,306.61,0.65401,132.0,0.0,0.0,1.0,0.0,0.0,none,0,,,7
MVI_20011,29,5,560.75,80.135,31.85,26.445,576.675,93.3575,842.2732500000001,car,318.99,0.2286,151.0,0.0,0.0,1.0,0.0,0.0,none,0,,1,7
MVI_20011,29,6,697.15,84.81,40.1,30.94,717.1999999999999,100.28,1240.6940000000002,car,235.77,1.6933,91.0,0.0,0.0,1.0,0.0,0.0,none,0,,,7
MVI_20011,29,7,760.0,136.21,78.7,61.92,799.35,167.17000000000002,4873.104,car,232.78,5.3686,157.0,0.0,0.0,1.0,0.0,0.0,none,0,,,7
MVI_20011,29,8,561.3,66.115,31.1,21.77,576.8499999999999,77.0,677.047,car,79.796,0.25402,127.0,0.0,0.3559944878272848,0.6440055121727152,0.3559944878272848,0.0,vehicle,1,5,,7
MVI_20011,30,2,563.7,169.44,71.7,63.05,599.5500000000001,200.965,4520.685,car,13.772,2.6255,72.0,0.0,0.0,1.0,0.0,0.0,none,0,,,7
MVI_20011,30,3,543.2,111.81,50.7,41.76,568.5500000000001,132.69,2117.232,car,1.4357,0.99781,105.0,0.0,0.0,1.0,0.0,0.0,none,0,,,7
MVI_20011,30,4,502.7,82.3,33.55,30.86,519.475,97.72999999999999,1035.3529999999998,car,307.95,0.63411,132.0,0.0,0.0,1.0,0.0,0.0,none,0,,,7
MVI_20011,30,5,560.75,80.31,31.5,26.44,576.5,93.53,832.86,car,315.0,0.24749,151.0,0.0,0.0,1.0,0.0,0.0,none,0,,1,7
MVI_20011,30,6,695.95,83.94,39.75,30.77,715.825,99.325,1223.1075,car,235.22,1.6741,91.0,0.0,0.0,1.0,0.0,0.0,none,0,,,7
MVI_20011,30,7,756.45,133.27,77.2,61.32,795.0500000000001,163.93,4733.904,car,232.96,5.387,157.0,0.0,0.0,1.0,0.0,0.0,none,0,,,7
MVI_20011,30,8,561.55,66.29,31.1,21.51,577.0999999999999,77.045,668.9610000000001,car,79.796,0.25402,127.0,0.0,0.34373154787797816,0.6562684521220219,0.34373154787797816,0.0,vehicle,1,5,,7
MVI_20011,31,2,563.9,171.35,72.65,64.34,600.225,203.51999999999998,4674.301,car,14.813,2.6402,72.0,0.0,0.0,1.0,0.0,0.0,none,0,,,7
MVI_20011,31,3,542.6,112.68,51.9,42.01,568.5500000000001,133.685,2180.319,car,0.0,0.995,105.0,0.0,0.0,1.0,0.0,0.0,none,0,,,7
MVI_20011,31,4,502.1,83.075,33.7,30.085,518.95,98.1175,1013.8645000000001,car,306.43,0.65252,132.0,0.0,0.0,1.0,0.0,0.0,none,0,,,7
MVI_20011,31,5,560.75,80.48,31.15,26.45,576.325,93.705,823.9174999999999,car,314.59,0.24573,151.0,0.0,0.0,1.0,0.0,0.0,none,0,,1,7
MVI_20011,31,6,694.75,83.075,39.4,30.605,714.45,98.3775,1205.837,car,235.36,1.6713,91.0,0.0,0.0,1.0,0.0,0.0,none,0,,,7
MVI_20011,31,7,752.9,130.32,75.75,60.72,790.775,160.68,4599.54,car,232.8,5.3671,157.0,0.0,0.0,1.0,0.0,0.0,none,0,,,7
MVI_20011,31,8,561.8,66.46,31.1,21.25,577.3499999999999,77.085,660.875,car,80.91,0.25318,127.0,0.0,0.32929525250614694,0.670704747493853,0.32929525250614694,0.0,vehicle,1,5,,7
MVI_20011,32,2,564.65,173.77,73.1,65.82,601.1999999999999,206.68,4811.441999999999,car,17.147,3.307,72.0,0.0,0.0,1.0,0.0,0.0,none,0,,,7
MVI_20011,32,3,542.85,113.71,51.65,42.36,568.6750000000001,134.89,2187.894,car,5.8981,1.2164,105.0,0.0,0.0,1.0,0.0,0.0,none,0,,,7
MVI_20011,32,4,501.05,83.075,35.0,31.115,518.55,98.63250000000001,1089.0249999999999,car,322.3,0.65407,132.0,0.0,0.0,1.0,0.0,0.0,none,0,,,7
MVI_20011,32,5,560.35,81.085,32.3,26.615,576.5,94.3925,859.6644999999999,car,14.231,0.71185,151.0,0.0,0.0,1.0,0.0,0.0,none,0,,1,7
MVI_20011,32,6,694.05,81.605,38.55,30.255,713.3249999999999,96.7325,1166.33025,car,214.37,1.9929,91.0,0.0,0.0,1.0,0.0,0.0,none,0,,,7
MVI_20011,32,7,749.75,128.07,75.55,59.94,787.525,158.04,4528.467,car,230.91,4.1871,157.0,0.0,0.0,1.0,0.0,0.0,none,0,,,7
MVI_20011,32,8,562.4,66.72,31.3,21.51,578.05,77.475,673.263,car,60.876,0.80131,127.0,0.0,0.32102796381206133,0.6789720361879387,0.32102796381206133,0.0,vehicle,1,5,,7
MVI_20011,33,2,565.45,176.19,73.5,67.29,602.2,209.835,4945.8150000000005,car,17.573,3.3121,72.0,0.0,0.0,1.0,0.0,0.0,none,0,,,7
MVI_20011,33,3,543.1,114.75,51.4,42.71,568.8000000000001,136.105,2195.294,car,5.886,1.2189,105.0,0.0,0.0,1.0,0.0,0.0,none,0,,,7
MVI_20011,33,4,500.0,83.075,36.35,32.155,518.175,99.1525,1168.83425,car,324.2,0.64111,132.0,0.0,0.0,1.0,0.0,0.0,none,0,,,7
MVI_20011,33,5,559.9,81.69,33.55,26.79,576.675,95.085,898.8044999999998,car,14.182,0.71427,151.0,0.0,0.0,1.0,0.0,0.0,none,0,,1,7
MVI_20011,33,6,693.35,80.135,37.7,29.905,712.2,95.0875,1127.4185000000002,car,214.41,1.9908,91.0,0.0,0.0,1.0,0.0,0.0,none,0,,,7
MVI_20011,33,7,746.65,125.83,75.25,59.15,784.275,155.405,4451.037499999999,car,230.91,4.1871,157.0,0.0,0.0,1.0,0.0,0.0,none,0,,,7
MVI_20011,33,8,563.0,66.98,31.5,21.77,578.75,77.86500000000001,685.755,car,60.876,0.80131,127.0,0.0,0.3134895115602517,0.6865104884397484,0.3134895115602517,0.0,vehicle,1,5,,7
MVI_20011,34,2,566.2,178.62,73.95,68.76,603.1750000000001,213.0,5084.802000000001,car,17.147,3.307,72.0,0.0,0.0,1.0,0.0,0.0,none,0,,,8
MVI_20011,34,3,543.4,115.79,51.1,43.06,568.9499999999999,137.32,2200.366,car,7.0523,1.2217,105.0,0.0,0.0,1.0,0.0,0.0,none,0,,,8
MVI_20011,34,4,498.98,83.075,37.62,33.195,517.79,99.6725,1248.7958999999998,car,323.48,0.64701,132.0,0.0,0.0,1.0,0.0,0.0,none,0,,,8
MVI_20011,34,5,559.45,82.3,34.75,26.96,576.825,95.78,936.86,car,12.179,0.711,151.0,0.0,0.0,1.0,0.0,0.0,none,0,,1,8
MVI_20011,34,6,692.65,78.665,36.85,29.555,711.0749999999999,93.44250000000001,1089.10175,car,214.37,1.9929,91.0,0.0,0.0,1.0,0.0,0.0,none,0,,,8
MVI_20011,34,7,743.55,123.58,75.0,58.37,781.05,152.765,4377.75,car,230.7,4.1678,157.0,0.0,0.0,1.0,0.0,0.0,none,0,,,8
MVI_20011,34,8,563.65,67.24,31.6,22.03,579.4499999999999,78.255,696.148,car,60.876,0.80131,127.0,0.0,0.3058738946316008,0.6941261053683991,0.3058738946316008,0.0,vehicle,1,5,,8
MVI_20011,34,11,918.05,212.53,42.95,57.39,939.525,241.225,2464.9005,car,243.32,3.2177,136.0,0.59517,0.0,1.0,0.0,0.0,none,0,,,8
MVI_20011,35,2,567.0,181.04,74.4,70.23,604.2,216.155,5225.112000000001,car,17.971,3.3221,72.0,0.0,0.0,1.0,0.0,0.0,none,0,,,8
MVI_20011,35,3,543.65,116.83,50.85,43.4,569.0749999999999,138.53,2206.89,car,5.8981,1.2164,105.0,0.0,0.0,1.0,0.0,0.0,none,0,,,8
MVI_20011,35,4,497.94,83.075,38.91,34.235,517.395,100.1925,1332.0838499999998,car,322.78,0.65301,132.0,0.0,0.0,1.0,0.0,0.0,none,0,,,8
MVI_20011,35,5,559.05,82.905,35.95,27.135,577.025,96.4725,975.5032500000001,car,16.109,0.7208,151.0,0.0,0.0,1.0,0.0,0.0,none,0,,1,8
MVI_20011,35,6,691.95,77.19,35.95,29.22,709.9250000000001,91.8,1050.459,car,214.96,2.0071,91.0,0.0,0.0,1.0,0.0,0.0,none,0,,,8
MVI_20011,35,7,740.4,121.33,74.75,57.6,777.775,150.13,4305.6,car,231.15,4.205,157.0,0.0,0.0,1.0,0.0,0.0,none,0,,,8
MVI_20011,35,8,564.25,67.5,31.8,22.29,580.15,78.645,708.822,car,60.876,0.80131,127.0,0.0,0.2986839432184663,0.7013160567815337,0.2986839432184663,0.0,vehicle,1,5,,8
MVI_20011,35,11,912.3,205.3,48.7,68.96,936.65,239.78,3358.352,car,243.32,3.2177,136.0,0.44283,0.0,1.0,0.0,0.0,none,0,,,8
MVI_20011,36,2,567.8,183.46,74.8,71.7,605.1999999999999,219.31,5363.16,car,17.573,3.3121,72.0,0.0,0.0,1.0,0.0,0.0,none,0,,,8
MVI_20011,36,3,543.9,117.86,50.6,43.76,569.1999999999999,139.74,2214.256,car,5.886,1.2189,105.0,0.0,0.0,1.0,0.0,0.0,none,0,,,8
MVI_20011,36,4,496.9,83.075,40.2,35.275,517.0,100.7125,1418.055,car,322.82,0.64951,132.0,0.0,0.0,1.0,0.0,0.0,none,0,,,8
MVI_20011,36,5,558.6,83.51,37.2,27.31,577.2,97.165,1015.932,car,14.231,0.71185,151.0,0.0,0.0,1.0,0.0,0.0,none,0,,1,8
MVI_20011,36,6,691.25,75.72,35.1,28.86,708.8,90.15,1012.986,car,214.37,1.9929,91.0,0.0,0.0,1.0,0.0,0.0,none,0,,,8
MVI_20011,36,7,737.3,119.08,74.5,56.82,774.55,147.49,4233.09,car,230.7,4.1678,157.0,0.0,0.0,1.0,0.0,0.0,none,0,,,8
MVI_20011,36,8,564.85,67.76,31.95,22.55,580.825,79.03500000000001,720.4725,car,59.982,0.77957,127.0,0.0,0.2921138558376624,0.7078861441623376,0.2921138558376624,0.0,vehicle,1,5,,8
MVI_20011,36,11,905.05,202.41,55.95,66.06,933.025,235.44,3696.0570000000002,car,219.89,5.6528,136.0,0.38295,0.0,1.0,0.0,0.0,none,0,,,8
MVI_20011,37,2,568.55,185.88,75.25,73.18,606.175,222.47,5506.795,car,17.147,3.307,72.0,0.0,0.0,1.0,0.0,0.0,none,0,,,10
MVI_20011,37,3,544.15,118.91,50.35,44.09,569.3249999999999,140.95499999999998,2219.9315,car,5.886,1.2189,105.0,0.0,0.0,1.0,0.0,0.0,none,0,,,10
MVI_20011,37,4,495.87,83.075,41.48,36.315,516.61,101.2325,1506.3461999999997,car,322.78,0.65301,132.0,0.0,0.0,1.0,0.0,0.0,none,0,,,10
MVI_20011,37,5,558.15,84.115,38.4,27.485,577.35,97.85749999999999,1055.424,car,12.222,0.70856,151.0,0.0,0.0,1.0,0.0,0.0,none,0,,1,10
MVI_20011,37,6,690.6,74.25,34.2,28.52,707.7,88.51,975.384,car,213.81,1.9768,91.0,0.0,0.0,1.0,0.0,0.0,none,0,,,10
MVI_20011,37,7,734.2,116.83,74.2,56.04,771.3000000000001,144.85,4158.168,car,230.91,4.1871,157.0,0.0,0.0,1.0,0.0,0.0,none,0,,,10
MVI_20011,37,8,565.45,68.02,32.15,22.805,581.5250000000001,79.4225,733.18075,car,61.032,0.8001,127.0,0.0,0.28462422124421566,0.7153757787557844,0.28462422124421566,0.0,vehicle,1,5,,10
MVI_20011,37,9,546.75,52.44,24.9,22.81,559.2,63.845,567.9689999999999,car,349.96,0.57378,163.0,0.0,0.0,1.0,0.0,0.0,none,0,,,10
MVI_20011,37,10,582.6,54.52,30.05,22.805,597.625,65.9225,685.29025,car,21.659,0.7451,127.0,0.0,0.0,1.0,0.0,0.0,none,0,,,10
MVI_20011,37,11,897.85,193.74,63.15,71.84,929.4250000000001,229.66000000000003,4536.696,car,211.91,6.8116,136.0,0.23765,0.0,1.0,0.0,0.0,none,0,,,10
MVI_20011,38,2,569.0,189.95,76.9,74.48,607.45,227.19,5727.512000000001,car,15.132,4.8843,72.0,0.0,0.0,1.0,0.0,0.0,none,0,,,10
MVI_20011,38,3,544.65,120.29,50.25,44.62,569.775,142.6,2242.1549999999997,car,15.299,1.7054,105.0,0.0,0.0,1.0,0.0,0.0,none,0,,,10
MVI_20011,38,4,496.13,84.46,40.82,35.97,516.54,102.445,1468.2954,car,356.7,1.2145,132.0,0.0,0.0,1.0,0.0,0.0,none,0,,,10
MVI_20011,38,5,558.5,84.635,37.95,28.085,577.475,98.67750000000001,1065.8257500000002,car,8.6414,0.83194,151.0,0.0,0.0,1.0,0.0,0.0,none,0,,1,10
MVI_20011,38,6,689.35,73.99,34.75,28.26,706.725,88.11999999999999,982.0350000000001,car,248.2,1.0501,91.0,0.0,0.0,1.0,0.0,0.0,none,0,,,10
MVI_20011,38,7,732.45,115.44,72.5,55.96,768.7,143.42,4057.1,car,241.23,2.9661,157.0,0.0,0.0,1.0,0.0,0.0,none,0,,,10
MVI_20011,38,8,565.95,68.885,32.35,22.72,582.125,80.245,734.992,car,36.11,1.0181,127.0,0.0,0.289234440646973,0.710765559353027,0.289234440646973,0.0,vehicle,1,5,,10
MVI_20011,38,9,546.5,53.135,25.2,22.55,559.1,64.41,568.26,car,349.96,0.57378,163.0,0.0,0.0,1.0,0.0,0.0,none,0,,,10
MVI_20011,38,10,582.9,55.04,30.0,23.15,597.9,66.615,694.5,car,21.659,0.7451,127.0,0.0,0.0,1.0,0.0,0.0,none,0,,,10
MVI_20011,38,11,890.6,193.74,70.4,66.06,925.8000000000001,226.77,4650.624000000001,car,231.41,4.6376,136.0,0.21628,0.0,1.0,0.0,0.0,none,0,,,10
MVI_20011,39,2,569.4,194.02,78.55,75.77,608.675,231.905,5951.733499999999,car,14.557,4.874,72.0,0.0,0.0,1.0,0.0,0.0,none,0,,,10
MVI_20011,39,3,545.2,121.68,50.15,45.13,570.2750000000001,144.245,2263.2695,car,16.907,1.7193,105.0,0.0,0.0,1.0,0.0,0.0,none,0,,,10
MVI_20011,39,4,496.38,85.845,40.12,35.615,516.4399999999999,103.6525,1428.8738,car,355.51,1.2137,132.0,0.0,0.0,1.0,0.0,0.0,none,0,,,10
MVI_20011,39,5,558.85,85.155,37.55,28.695,577.625,99.5025,1077.49725,car,10.335,0.83607,151.0,0.0,0.0,1.0,0.0,0.0,none,0,,1,10
MVI_20011,39,6,688.15,73.73,35.25,28.0,705.775,87.73,987.0,car,247.68,1.0269,91.0,0.0,0.0,1.0,0.0,0.0,none,0,,,10
MVI_20011,39,7,730.75,114.06,70.75,55.87,766.125,141.995,3952.8025,car,241.04,2.943,157.0,0.0,0.0,1.0,0.0,0.0,none,0,,,10
MVI_20011,39,8,566.5,69.75,32.5,22.635,582.75,81.0675,735.6375,car,37.23,1.033,127.0,0.0,0.29386348575215365,0.7061365142478464,0.29386348575215365,0.0,vehicle,1,5,,10
MVI_20011,39,9,546.25,53.825,25.55,22.29,559.025,64.97,569.5095,car,352.37,0.565,163.0,0.0,0.0,1.0,0.0,0.0,none,0,,,10
MVI_20011,39,10,583.25,55.56,29.9,23.5,598.2,67.31,702.65,car,23.348,0.75698,127.0,0.0,0.0,1.0,0.0,0.0,none,0,,,10
MVI_20011,39,11,886.25,186.51,74.75,64.61,923.625,218.815,4829.5975,car,195.3,8.2446,136.0,0.18463,0.0,1.0,0.0,0.0,none,0,,,10
MVI_20011,40,2,569.85,198.09,80.2,77.06,609.95,236.62,6180.212,car,15.132,4.8843,72.0,0.0,0.0,1.0,0.0,0.0,none,0,,,10
MVI_20011,40,3,545.7,123.06,50.1,45.65,570.75,145.885,2287.065,car,16.13,1.7098,105.0,0.0,0.0,1.0,0.0,0.0,none,0,,,10
MVI_20011,40,4,496.64,87.23,39.41,35.27,516.345,104.86500000000001,1389.9907,car,355.52,1.2162,132.0,0.0,0.0,1.0,0.0,0.0,none,0,,,10
MVI_20011,40,5,559.2,85.675,37.1,29.295,577.75,100.32249999999999,1086.8445000000002,car,8.6414,0.83194,151.0,0.0,0.0,1.0,0.0,0.0,none,0,,1,10
MVI_20011,40,6,686.95,73.47,35.8,27.74,704.85,87.34,993.0919999999999,car,247.14,1.0039,91.0,0.0,0.0,1.0,0.0,0.0,none,0,,,10
MVI_20011,40,7,729.0,112.68,69.0,55.77,763.5,140.565,3848.13,car,241.42,2.9892,157.0,0.0,0.0,1.0,0.0,0.0,none,0,,,10
MVI_20011,40,8,567.0,70.615,32.65,22.55,583.325,81.89,736.2574999999999,car,34.957,1.0036,127.0,0.0,0.29807098739231797,0.701929012607682,0.29807098739231797,0.0,vehicle,1,5,,10
MVI_20011,40,9,545.95,54.52,25.95,22.03,558.9250000000001,65.535,571.6785,car,349.96,0.57378,163.0,0.0,0.0,1.0,0.0,0.0,none,0,,,10
MVI_20011,40,10,583.6,56.075,29.85,23.85,598.525,68.0,711.9225000000001,car,25.221,0.76271,127.0,0.0,0.0,1.0,0.0,0.0,none,0,,,10
MVI_20011,40,11,880.5,186.51,80.5,57.38,920.75,215.2,4619.09,car,218.5,4.6189,136.0,0.21983,0.0,1.0,0.0,0.0,none,0,,,10
MVI_20011,41,2,570.3,202.16,81.8,78.36,611.1999999999999,241.34,6409.848,car,14.841,4.8803,72.0,0.0,0.0,1.0,0.0,0.0,none,0,,,10
MVI_20011,41,3,546.25,124.44,49.95,46.18,571.225,147.53,2306.6910000000003,car,16.13,1.7098,105.0,0.0,0.0,1.0,0.0,0.0,none,0,,,10
MVI_20011,41,4,496.9,88.615,38.75,34.925,516.275,106.07749999999999,1353.34375,car,356.7,1.2145,132.0,0.0,0.0,1.0,0.0,0.0,none,0,,,10
MVI_20011,41,5,559.55,86.19,36.65,29.91,577.875,101.145,1096.2015,car,8.6674,0.82947,151.0,0.0,0.0,1.0,0.0,0.0,none,0,,1,10
MVI_20011,41,6,685.75,73.21,36.3,27.48,703.9,86.94999999999999,997.5239999999999,car,247.68,1.0269,91.0,0.0,0.0,1.0,0.0,0.0,none,0,,,10
MVI_20011,41,7,727.25,111.29,67.3,55.69,760.9,139.135,3747.937,car,241.23,2.9661,157.0,0.0,0.0,1.0,0.0,0.0,none,0,,,10
MVI_20011,41,8,567.5,71.48,32.85,22.46,583.925,82.71000000000001,737.811,car,36.193,1.0161,127.0,0.0,0.30146609362018234,0.6985339063798177,0.30146609362018234,0.0,vehicle,1,5,,10
MVI_20011,41,9,545.7,55.21,26.3,21.77,558.85,66.095,572.551,car,352.37,0.565,163.0,0.0,0.0,1.0,0.0,0.0,none,0,,,10
MVI_20011,41,10,583.95,56.595,29.75,24.195,598.825,68.6925,719.80125,car,23.423,0.75469,127.0,0.0,0.0,1.0,0.0,0.0,none,0,,,10
MVI_20011,41,11,873.25,183.62,87.75,64.61,917.125,215.925,5669.5275,car,281.31,3.6968,136.0,0.03803,0.0,1.0,0.0,0.0,none,0,,,10
MVI_20011,42,2,570.7,206.22,83.5,79.66,612.45,246.05,6651.61,car,14.848,4.8779,72.0,0.0,0.0,1.0,0.0,0.0,none,0,,,10
MVI_20011,42,3,546.75,125.83,49.9,46.69,571.7,149.175,2329.8309999999997,car,16.106,1.7122,105.0,0.0,0.0,1.0,0.0,0.0,none,0,,,10
MVI_20011,42,4,497.17,90.0,38.03,34.58,516.1850000000001,107.28999999999999,1315.0774,car,355.51,1.2137,132.0,0.0,0.0,1.0,0.0,0.0,none,0,,,10
MVI_20011,42,5,559.9,86.71,36.25,30.51,578.025,101.96499999999999,1105.9875,car,10.335,0.83607,151.0,0.0,0.0,1.0,0.0,0.0,none,0,,1,10
MVI_20011,42,6,684.5,72.95,36.85,27.225,702.925,86.5625,1003.24125,car,248.33,1.0492,91.0,0.0,0.0,1.0,0.0,0.0,none,0,,,10
MVI_20011,42,7,725.55,109.91,65.55,55.6,758.3249999999999,137.71,3644.58,car,241.0,2.9442,157.0,0.0,0.0,1.0,0.0,0.0,none,0,,,10
MVI_20011,42,8,568.05,72.345,33.0,22.375,584.55,83.5325,738.375,car,37.23,1.033,127.0,0.0,0.3048329101066536,0.6951670898933464,0.3048329101066536,0.0,vehicle,1,5,,10
MVI_20011,42,9,545.45,55.905,26.6,21.51,558.75,66.66,572.166,car,349.96,0.57378,163.0,0.0,0.0,1.0,0.0,0.0,none,0,,,10
MVI_20011,42,10,584.3,57.115,29.65,24.54,599.125,69.385,727.611,car,23.423,0.75469,127.0,0.0,0.0,1.0,0.0,0.0,none,0,,,10
MVI_20011,42,11,867.45,176.38,93.55,64.62,914.225,208.69,6045.201,car,201.86,7.7899,136.0,0.0,0.0,1.0,0.0,0.0,none,0,,,10
MVI_20011,43,2,571.15,210.29,85.1,80.96,613.6999999999999,250.76999999999998,6889.695999999999,car,14.841,4.8803,72.0,0.0,0.0,1.0,0.0,0.0,none,0,,,10
MVI_20011,43,3,547.25,127.21,49.85,47.22,572.175,150.82,2353.917,car,16.106,1.7122,105.0,0.0,0.0,1.0,0.0,0.0,none,0,,,10
MVI_20011,43,4,497.43,91.385,37.32,34.225,516.09,108.4975,1277.277,car,355.52,1.2162,132.0,0.0,0.0,1.0,0.0,0.0,none,0,,,10
MVI_20011,43,5,560.25,87.23,35.8,31.12,578.15,102.79,1114.096,car,8.6414,0.83194,151.0,0.0,0.0,1.0,0.0,0.0,none,0,,1,10
MVI_20011,43,6,683.3,72.69,37.35,26.965,701.9749999999999,86.1725,1007.14275,car,247.68,1.0269,91.0,0.0,0.0,1.0,0.0,0.0,none,0,,,10
MVI_20011,43,7,723.8,108.52,63.85,55.52,755.7249999999999,136.28,3544.952,car,241.23,2.9661,157.0,0.0,0.0,1.0,0.0,0.0,none,0,,,10
MVI_20011,43,8,568.55,73.21,33.2,22.29,585.15,84.35499999999999,740.028,car,36.11,1.0181,127.0,0.0,0.3073194527774623,0.6926805472225377,0.3073194527774623,0.0,vehicle,1,5,,10
MVI_20011,43,9,545.2,56.595,26.95,21.25,558.6750000000001,67.22,572.6875,car,352.37,0.565,163.0,0.0,0.0,1.0,0.0,0.0,none,0,,,10
MVI_20011,43,10,584.65,57.635,29.55,24.885,599.425,70.0775,735.35175,car,23.423,0.75469,127.0,0.0,0.0,1.0,0.0,0.0,none,0,,,10
MVI_20011,43,11,860.9,173.43,100.1,64.34,910.9499999999999,205.60000000000002,6440.434,car,226.62,4.5061,136.0,0.0,0.0,1.0,0.0,0.0,none,0,,,10
MVI_20011,44,2,571.95,215.13,86.9,83.31,615.4000000000001,256.78499999999997,7239.639000000001,car,15.782,6.2506,72.0,0.0,0.0,1.0,0.0,0.0,none,0,,,10
MVI_20011,44,3,546.9,128.94,51.15,48.34,572.475,153.11,2472.591,car,7.4554,2.312,105.0,0.0,0.0,1.0,0.0,0.0,none,0,,,10
MVI_20011,44,4,497.25,92.685,37.7,34.395,516.1,109.88250000000001,1296.6915000000001,car,0.5171,1.3851,132.0,0.0,0.0,1.0,0.0,0.0,none,0,,,10
MVI_20011,44,5,560.85,88.185,35.6,30.945,578.65,103.6575,1101.642,car,29.958,1.0013,151.0,0.0,0.0,1.0,0.0,0.0,none,0,,1,10
MVI_20011,44,6,683.15,72.345,36.65,26.705,701.475,85.69749999999999,978.7382499999999,car,226.47,0.68966,91.0,0.0,0.0,1.0,0.0,0.0,none,0,,,10
MVI_20011,44,7,721.65,107.22,63.05,54.91,753.175,134.675,3462.0754999999995,car,237.85,3.0117,157.0,0.0,0.0,1.0,0.0,0.0,none,0,,,10
MVI_20011,44,8,569.35,73.99,33.7,23.07,586.2,85.52499999999999,777.4590000000001,car,41.906,1.5721,127.0,0.0,0.3093571493802248,0.6906428506197753,0.3093571493802248,0.0,vehicle,1,5,,10
MVI_20011,44,9,545.55,57.2,26.8,21.165,558.9499999999999,67.7825,567.222,car,26.053,0.62612,163.0,0.0,0.0,1.0,0.0,0.0,none,0,,,10
MVI_20011,44,10,585.6,59.02,29.3,23.93,600.25,70.985,701.149,car,42.274,1.2265,127.0,0.0,0.0,1.0,0.0,0.0,none,0,,,10
MVI_20011,44,11,856.3,170.4,104.7,63.48,908.65,202.14000000000001,6646.356,car,213.59,4.1568,136.0,0.0,0.0,1.0,0.0,0.0,none,0,,,10
MVI_20011,45,2,572.7,219.98,88.75,85.64,617.075,262.8,7600.55,car,15.567,6.2415,72.0,0.0,0.0,1.0,0.0,0.0,none,0,,,10
MVI_20011,45,3,546.6,130.68,52.4,49.45,572.8000000000001,155.405,2591.1800000000003,car,8.0602,2.3179,105.0,0.0,0.0,1.0,0.0,0.0,none,0,,,10
MVI_20011,45,4,497.07,93.98,38.03,34.58,516.085,111.27000000000001,1315.0774,car,359.48,1.3851,132.0,0.0,0.0,1.0,0.0,0.0,none,0,,,10
MVI_20011,45,5,561.45,89.135,35.45,30.775,579.1750000000001,104.52250000000001,1090.97375,car,31.255,1.0119,151.0,0.0,0.0,1.0,0.0,0.0,none,0,,1,10
MVI_20011,45,6,682.95,72.0,35.95,26.44,700.9250000000001,85.22,950.5180000000001,car,229.04,0.72836,91.0,0.0,0.0,1.0,0.0,0.0,none,0,,,10
MVI_20011,45,7,719.5,105.93,62.25,54.3,750.625,133.08,3380.1749999999997,car,237.89,3.0104,157.0,0.0,0.0,1.0,0.0,0.0,none,0,,,10
MVI_20011,45,8,570.1,74.77,34.25,23.845,587.225,86.6925,816.69125,car,41.281,1.5536,127.0,0.0,0.31108941108405325,0.6889105889159468,0.31108941108405325,0.0,vehicle,1,5,,10
MVI_20011,45,9,545.9,57.81,26.6,21.075,559.1999999999999,68.3475,560.595,car,23.868,0.61784,163.0,0.0,0.0,1.0,0.0,0.0,none,0,,,10
MVI_20011,45,10,586.55,60.405,29.05,22.98,601.0749999999999,71.895,667.5690000000001,car,42.195,1.2283,127.0,0.0,0.0,1.0,0.0,0.0,none,0,,,10
MVI_20011,45,11,851.7,167.37,92.55,62.61,897.975,198.675,5794.5554999999995,car,252.03,11.223,136.0,0.0,0.0,1.0,0.0,0.0,none,0,,,10
MVI_20011,46,2,573.5,224.82,90.55,87.98,618.775,268.81,7966.589,car,15.782,6.2506,72.0,0.0,0.0,1.0,0.0,0.0,none,0,,,10
MVI_20011,46,3,546.25,132.41,53.7,50.58,573.1,157.7,2716.146,car,7.4554,2.312,105.0,0.0,0.0,1.0,0.0,0.0,none,0,,,10
MVI_20011,46,4,496.9,95.28,38.4,34.75,516.1,112.655,1334.3999999999999,car,0.62051,1.3851,132.0,0.0,0.0,1.0,0.0,0.0,none,0,,,10
MVI_20011,46,5,562.05,90.085,35.3,30.605,579.6999999999999,105.38749999999999,1080.3564999999999,car,31.255,1.0119,151.0,0.0,0.0,1.0,0.0,0.0,none,0,,1,10
MVI_20011,46,6,682.8,71.655,35.25,26.18,700.425,84.745,922.845,car,226.47,0.68966,91.0,0.0,0.0,1.0,0.0,0.0,none,0,,,10
MVI_20011,46,7,717.3,104.63,61.5,53.69,748.05,131.475,3301.935,car,238.1,3.0329,157.0,0.0,0.0,1.0,0.0,0.0,none,0,,,10
MVI_20011,46,8,570.9,75.55,34.75,24.625,588.275,87.8625,855.71875,car,41.906,1.5721,127.0,0.0,0.3118787568929634,0.6881212431070366,0.3118787568929634,0.0,vehicle,1,5,,10
MVI_20011,46,9,546.25,58.415,26.4,20.99,559.45,68.91,554.136,car,23.962,0.61555,163.0,0.0,0.0,1.0,0.0,0.0,none,0,,,10
MVI_20011,46,10,587.5,61.79,28.8,22.025,601.9,72.8025,634.3199999999999,car,42.274,1.2265,127.0,0.0,0.0,1.0,0.0,0.0,none,0,,,10
MVI_20011,46,11,847.15,164.34,90.3,61.75,892.3,195.215,5576.025,car,238.61,6.6479,136.0,0.0,0.0,1.0,0.0,0.0,none,0,,,10
MVI_20011,47,2,574.25,229.68,92.4,90.3,620.45,274.83,8343.72,car,15.561,6.2439,72.0,0.0,0.0,1.0,0.0,0.0,none,0,,,10
MVI_20011,47,3,545.9,134.13,55.0,51.72,573.4,159.99,2844.6,car,7.4554,2.312,105.0,0.0,0.0,1.0,0.0,0.0,none,0,,,10
MVI_20011,47,4,496.73,96.575,38.72,34.925,516.09,114.0375,1352.2959999999998,car,359.48,1.3826,132.0,0.0,0.0,1.0,0.0,0.0,none,0,,,10
MVI_20011,47,5,562.65,91.04,35.1,30.42,580.1999999999999,106.25,1067.7420000000002,car,30.029,0.99911,151.0,0.0,0.0,1.0,0.0,0.0,none,0,,1,10
MVI_20011,47,6,682.6,71.31,34.6,25.92,699.9,84.27000000000001,896.8320000000001,car,227.86,0.70799,91.0,0.0,0.0,1.0,0.0,0.0,none,0,,,10
MVI_20011,47,7,715.15,103.33,60.7,53.1,745.5,129.88,3223.17,car,237.89,3.0104,157.0,0.0,0.0,1.0,0.0,0.0,none,0,,,10
MVI_20011,47,8,571.65,76.325,35.3,25.405,589.3,89.0275,896.7964999999999,car,41.342,1.5517,127.0,0.0,0.3111174051192218,0.6888825948807782,0.3111174051192218,0.0,vehicle,1,5,1,10
MVI_20011,47,9,546.6,59.02,26.25,20.905,559.725,69.4725,548.75625,car,26.053,0.62612,163.0,0.0,0.0,1.0,0.0,0.0,none,0,,,10
MVI_20011,47,10,588.45,63.175,28.55,21.075,602.725,73.71249999999999,601.69125,car,42.195,1.2283,127.0,0.0,0.24366732938197116,0.7563326706180289,0.24366732938197116,0.0,vehicle,1,8,,10
MVI_20011,47,11,842.55,161.31,88.05,60.88,886.5749999999999,191.75,5360.484,car,238.85,6.6893,136.0,0.0,0.0,1.0,0.0,0.0,none,0,,,10
MVI_20011,48,2,575.05,234.52,94.2,92.65,622.15,280.845,8727.630000000001,car,15.782,6.2506,72.0,0.0,0.0,1.0,0.0,0.0,none,0,,,10
MVI_20011,48,3,545.55,135.87,56.3,52.83,573.6999999999999,162.285,2974.3289999999997,car,7.4554,2.312,105.0,0.0,0.0,1.0,0.0,0.0,none,0,,,10
MVI_20011,48,4,496.56,97.875,39.09,35.095,516.105,115.4225,1371.86355,car,0.62051,1.3851,132.0,0.0,0.0,1.0,0.0,0.0,none,0,,,10
MVI_20011,48,5,563.3,91.99,34.9,30.25,580.75,107.115,1055.725,car,32.45,1.025,151.0,0.0,0.0,1.0,0.0,0.0,none,0,,1,10
MVI_20011,48,6,682.45,70.96,33.9,25.665,699.4000000000001,83.79249999999999,870.0434999999999,car,226.32,0.69138,91.0,0.0,0.0,1.0,0.0,0.0,none,0,,,10
MVI_20011,48,7,713.0,102.03,59.9,52.49,742.95,128.275,3144.151,car,237.89,3.0104,157.0,0.0,0.0,1.0,0.0,0.0,none,0,,,10
MVI_20011,48,8,572.45,77.105,35.8,26.185,590.35,90.1975,937.4229999999999,car,41.906,1.5721,127.0,0.0,0.31039882742369235,0.6896011725763076,0.31039882742369235,0.0,vehicle,1,5,1,10
MVI_20011,48,9,546.9,59.625,26.1,20.815,559.9499999999999,70.0325,543.2715000000001,car,21.89,0.60351,163.0,0.0,0.0,1.0,0.0,0.0,none,0,,,10
MVI_20011,48,10,589.4,64.56,28.25,20.125,603.525,74.6225,568.53125,car,41.319,1.2117,127.0,0.0,0.25131951849612516,0.7486804815038748,0.25131951849612516,0.0,vehicle,1,8,,10
MVI_20011,48,11,837.95,158.28,85.8,60.02,880.85,188.29,5149.716,car,238.85,6.6893,136.0,0.0,0.0,1.0,0.0,0.0,none,0,,,10
MVI_20011,49,2,575.85,239.37,96.0,94.98,623.85,286.86,9118.08,car,15.788,6.2482,72.0,0.0,0.0,1.0,0.0,0.0,none,0,,,10
MVI_20011,49,3,545.2,137.6,57.6,53.96,574.0,164.57999999999998,3108.096,car,7.4474,2.3145,105.0,0.0,0.0,1.0,0.0,0.0,none,0,,,10
MVI_20011,49,4,496.38,99.175,39.42,35.265,516.09,116.8075,1390.1463,car,359.48,1.3851,132.0,0.0,0.0,1.0,0.0,0.0,none,0,,,10
MVI_20011,49,5,563.9,92.94,34.75,30.08,581.275,107.97999999999999,1045.28,car,31.255,1.0119,151.0,0.0,0.0,1.0,0.0,0.0,none,0,,1,10
MVI_20011,49,6,682.25,70.615,33.2,25.405,698.85,83.3175,843.4460000000001,car,229.18,0.72672,91.0,0.0,0.0,1.0,0.0,0.0,none,0,,,10
MVI_20011,49,7,710.85,100.73,59.15,51.89,740.4250000000001,126.67500000000001,3069.2934999999998,car,237.6,2.9906,157.0,0.0,0.0,1.0,0.0,0.0,none,0,,,10
MVI_20011,49,8,573.25,77.885,36.3,26.965,591.4,91.3675,978.8294999999999,car,41.967,1.5702,127.0,0.0,0.3090568888657317,0.6909431111342683,0.3090568888657317,0.0,vehicle,1,5,1,10
MVI_20011,49,9,547.25,60.23,25.95,20.73,560.225,70.595,537.9435,car,26.053,0.62612,163.0,0.0,0.0,1.0,0.0,0.0,none,0,,,10
MVI_20011,49,10,590.35,65.94,28.0,19.175,604.35,75.5275,536.9,car,42.352,1.2246,127.0,0.0,0.2585509405848392,0.7414490594151608,0.2585509405848392,0.0,vehicle,1,8,,10
MVI_20011,49,11,833.35,155.25,83.55,59.16,875.125,184.82999999999998,4942.817999999999,car,238.83,6.6906,136.0,0.0,0.0,1.0,0.0,0.0,none,0,,,10
MVI_20011,50,2,576.85,244.82,99.0,98.1,626.35,293.87,9711.9,car,19.628,7.4425,72.0,0.0,0.0,1.0,0.0,0.0,none,0,,,10
MVI_20011,50,3,545.55,139.5,58.95,54.05,575.025,166.525,3186.2475,car,27.759,2.2008,105.0,0.0,0.0,1.0,0.0,0.0,none,0,,,10
MVI_20011,50,4,496.21,99.95,40.14,35.62,516.28,117.76,1429.7867999999999,car,11.165,0.96833,132.0,0.0,0.0,1.0,0.0,0.0,none,0,,,10
MVI_20011,50,5,564.5,93.635,35.15,30.685,582.075,108.9775,1078.57775,car,38.8,1.2767,151.0,0.0,0.0,1.0,0.0,0.0,none,0,,1,10
MVI_20011,50,6,681.4,70.095,32.95,24.885,697.875,82.5375,819.9607500000001,car,231.34,1.2486,91.0,0.0,0.0,1.0,0.0,0.0,none,0,,,10
MVI_20011,50,7,709.25,99.605,58.55,50.335,738.525,124.77250000000001,2947.11425,car,224.96,2.6888,157.0,0.0,0.0,1.0,0.0,0.0,none,0,,,10
MVI_20011,50,8,574.0,78.315,36.3,26.445,592.15,91.5375,959.9535,car,77.047,0.76958,127.0,0.0,0.2972604923050954,0.7027395076949046,0.2972604923050954,0.0,vehicle,1,5,1,10
MVI_20011,50,9,547.7,60.49,25.65,20.645,560.5250000000001,70.8125,529.5442499999999,car,54.058,0.37055,163.0,0.0,0.0,1.0,0.0,0.0,none,0,,,10
MVI_20011,50,10,591.25,66.2,28.15,19.955,605.325,76.17750000000001,561.7332499999999,car,56.31,1.1718,127.0,0.0,0.26587708667770643,0.7341229133222935,0.26587708667770643,0.0,vehicle,1,8,,10
MVI_20011,50,11,830.15,152.91,81.75,58.21,871.025,182.015,4758.6675000000005,car,235.55,4.9719,136.0,0.0,0.0,1.0,0.0,0.0,none,0,,,10
MVI_20011,51,2,577.9,250.27,101.9,101.21,628.85,300.875,10313.298999999999,car,19.628,7.4425,72.0,0.0,0.0,1.0,0.0,0.0,none,0,,,10
MVI_20011,51,3,545.9,141.41,60.35,54.13,576.0749999999999,168.475,3266.7455000000004,car,28.331,2.2125,105.0,0.0,0.0,1.0,0.0,0.0,none,0,,,10
MVI_20011,51,4,496.04,100.73,40.81,35.96,516.445,118.71000000000001,1467.5276000000001,car,9.8277,0.96669,132.0,0.0,0.0,1.0,0.0,0.0,none,0,,,10
MVI_20011,51,5,565.1,94.325,35.6,31.285,582.9,109.9675,1113.746,car,39.664,1.2925,151.0,0.0,0.0,1.0,0.0,0.0,none,0,,1,10
MVI_20011,51,6,680.55,69.575,32.65,24.365,696.875,81.75750000000001,795.5172499999999,car,232.05,1.2682,91.0,0.0,0.0,1.0,0.0,0.0,none,0,,,10
MVI_20011,51,7,707.7,98.48,57.95,48.77,736.6750000000001,122.86500000000001,2826.2215,car,224.16,2.6555,157.0,0.0,0.0,1.0,0.0,0.0,none,0,,,10
MVI_20011,51,8,574.8,78.75,36.3,25.93,592.9499999999999,91.715,941.2589999999999,car,77.661,0.81892,127.0,0.0,0.28493167130407243,0.7150683286959276,0.28493167130407243,0.0,vehicle,1,5,1,10
MVI_20011,51,9,548.15,60.75,25.4,20.56,560.85,71.03,522.2239999999999,car,56.208,0.39106,163.0,0.0,0.0,1.0,0.0,0.0,none,0,,,10
MVI_20011,51,10,592.1,66.46,28.35,20.73,606.275,76.82499999999999,587.6955,car,55.722,1.1497,127.0,0.0,0.27286239217417857,0.7271376078258214,0.27286239217417857,0.0,vehicle,1,8,,10
MVI_20011,51,11,826.95,150.57,79.95,57.25,866.9250000000001,179.195,4577.1375,car,235.53,4.9734,136.0,0.0,0.0,1.0,0.0,0.0,none,0,,,10
MVI_20011,52,2,578.95,255.72,104.85,104.33,631.375,307.885,10939.0005,car,19.809,7.4509,72.0,0.0,0.0,1.0,0.0,0.0,none,0,,,10
MVI_20011,52,3,546.25,143.31,61.75,54.22,577.125,170.42000000000002,3348.085,car,28.331,2.2125,105.0,0.0,0.0,1.0,0.0,0.0,none,0,,,10
MVI_20011,52,4,495.87,101.51,41.48,36.31,516.61,119.665,1506.1388,car,9.6817,0.96626,132.0,0.0,0.0,1.0,0.0,0.0,none,0,,,10
MVI_20011,52,5,565.7,95.02,36.05,31.9,583.725,110.97,1149.995,car,39.593,1.2945,151.0,0.0,0.0,1.0,0.0,0.0,none,0,,1,10
MVI_20011,52,6,679.65,69.06,32.45,23.845,695.875,80.9825,773.77025,car,232.22,1.2652,91.0,0.0,0.0,1.0,0.0,0.0,none,0,,,10
MVI_20011,52,7,706.15,97.355,57.35,47.215,734.8249999999999,120.9625,2707.7802500000003,car,224.16,2.6555,157.0,0.0,0.0,1.0,0.0,0.0,none,0,,,10
MVI_20011,52,8,575.55,79.185,36.35,25.395,593.7249999999999,91.88250000000001,923.10825,car,77.452,0.79397,127.0,0.0,0.27133545821955385,0.7286645417804462,0.27133545821955385,0.0,vehicle,1,5,1,10
MVI_20011,52,9,548.55,61.01,25.15,20.47,561.125,71.245,514.8204999999999,car,51.981,0.34907,163.0,0.0,0.0,1.0,0.0,0.0,none,0,,,10
MVI_20011,52,10,592.95,66.72,28.55,21.51,607.225,77.475,614.1105000000001,car,55.62,1.1511,127.0,0.0,0.2791073430595966,0.7208926569404034,0.2791073430595966,0.0,vehicle,1,8,,10
MVI_20011,52,11,823.75,148.24,78.1,56.3,862.8,176.39000000000001,4397.03,car,235.74,4.9912,136.0,0.0,0.0,1.0,0.0,0.0,none,0,,,10
MVI_20011,53,2,580.0,261.18,107.75,107.44,633.875,314.9,11576.66,car,19.628,7.4425,72.0,0.0,0.0,1.0,0.0,0.0,none,0,,,10
MVI_20011,53,3,546.6,145.21,63.1,54.31,578.15,172.365,3426.9610000000002,car,27.789,2.1986,105.0,0.0,0.0,1.0,0.0,0.0,none,0,,,10
MVI_20011,53,4,495.69,102.29,42.21,36.65,516.795,120.61500000000001,1546.9965,car,11.136,0.97078,132.0,0.0,0.0,1.0,0.0,0.0,none,0,,,10
MVI_20011,53,5,566.3,95.71,36.5,32.5,584.55,111.96,1186.25,car,39.735,1.2906,151.0,0.0,0.0,1.0,0.0,0.0,none,0,,1,10
MVI_20011,53,6,678.8,68.54,32.15,23.325,694.875,80.2025,749.89875,car,232.05,1.2682,91.0,0.0,0.0,1.0,0.0,0.0,none,0,,,10
MVI_20011,53,7,704.6,96.23,56.75,45.65,732.975,119.055,2590.6375,car,224.2,2.6537,157.0,0.0,0.0,1.0,0.0,0.0,none,0,,,10
MVI_20011,53,8,576.35,79.615,36.3,24.885,594.5,92.05749999999999,903.3255,car,77.452,0.79397,127.0,0.0,0.2573773241207079,0.7426226758792921,0.2573773241207079,0.0,vehicle,1,5,1,10
MVI_20011,53,9,549.0,61.27,24.9,20.385,561.45,71.4625,507.5865,car,56.208,0.39106,163.0,0.0,0.0,1.0,0.0,0.0,none,0,,,10
MVI_20011,53,10,593.85,66.98,28.65,22.29,608.1750000000001,78.125,638.6084999999999,car,55.62,1.1511,127.0,0.0,0.2842336110465169,0.7157663889534831,0.2842336110465169,0.0,vehicle,1,8,,10
MVI_20011,53,11,820.55,145.91,76.3,55.34,858.6999999999999,173.57999999999998,4222.442,car,235.55,4.9719,136.0,0.0,0.0,1.0,0.0,0.0,none,0,,,10
MVI_20011,54,2,581.0,266.63,110.75,110.56,636.375,321.90999999999997,12244.52,car,19.628,7.4425,72.0,0.0,0.0,1.0,0.0,0.0,none,0,,,10
MVI_20011,54,3,546.9,147.12,64.55,54.39,579.175,174.315,3510.8745,car,27.759,2.2008,105.0,0.0,0.0,1.0,0.0,0.0,none,0,,,10
MVI_20011,54,4,495.52,103.07,42.88,37.0,516.96,121.57,1586.5600000000002,car,9.8531,0.96422,132.0,0.0,0.0,1.0,0.0,0.0,none,0,,,10
MVI_20011,54,5,566.9,96.405,36.95,33.105,585.375,112.9575,1223.22975,car,39.593,1.2945,151.0,0.0,0.0,1.0,0.0,0.0,none,0,,1,10
MVI_20011,54,6,677.95,68.02,31.9,22.805,693.9000000000001,79.4225,727.4794999999999,car,231.34,1.2486,91.0,0.0,0.0,1.0,0.0,0.0,none,0,,,10
MVI_20011,54,7,703.05,95.105,56.1,44.095,731.0999999999999,117.1525,2473.7295,car,224.55,2.6729,157.0,0.0,0.0,1.0,0.0,0.0,none,0,,,10
MVI_20011,54,8,577.15,80.05,36.3,24.37,595.3,92.235,884.631,car,77.661,0.81892,127.0,0.0,0.24190933846993876,0.7580906615300612,0.24190933846993876,0.0,vehicle,1,5,1,10
MVI_20011,54,9,549.45,61.53,24.6,20.295,561.75,71.67750000000001,499.25700000000006,car,54.372,0.36909,163.0,0.0,0.0,1.0,0.0,0.0,none,0,,,10
MVI_20011,54,10,594.7,67.24,28.85,23.07,609.125,78.77499999999999,665.5695000000001,car,55.62,1.1511,127.0,0.0,0.28903818459229286,0.7109618154077071,0.28903818459229286,0.0,vehicle,1,8,,10
MVI_20011,54,11,817.35,143.57,74.5,54.39,854.6,170.765,4052.055,car,235.53,4.9734,136.0,0.0,0.0,1.0,0.0,0.0,none,0,,,10
MVI_20011,55,2,582.05,272.07,113.7,113.68,638.9,328.90999999999997,12925.416000000001,car,19.816,7.4485,72.0,0.0,0.0,1.0,0.0,0.0,none,0,,,10
MVI_20011,55,3,547.25,149.02,65.9,54.48,580.2,176.26000000000002,3590.232,car,27.759,2.2008,105.0,0.0,0.0,1.0,0.0,0.0,none,0,,,10
MVI_20011,55,4,495.35,103.85,43.55,37.34,517.125,122.52,1626.1570000000002,car,9.6817,0.96626,132.0,0.0,0.0,1.0,0.0,0.0,none,0,,,10
MVI_20011,55,5,567.5,97.095,37.35,33.715,586.175,113.9525,1259.2552500000002,car,38.8,1.2767,151.0,0.0,0.0,1.0,0.0,0.0,none,0,,1,10
MVI_20011,55,6,677.1,67.5,31.6,22.29,692.9,78.645,704.364,car,232.13,1.2667,91.0,0.0,0.0,1.0,0.0,0.0,none,0,,,10
MVI_20011,55,7,701.5,93.98,55.5,42.54,729.25,115.25,2360.97,car,224.2,2.6537,157.0,0.0,0.0,1.0,0.0,0.0,none,0,,,10
MVI_20011,55,8,577.9,80.48,36.3,23.85,596.05,92.405,865.755,car,77.229,0.76903,127.0,0.0,0.2252175846515473,0.7747824153484527,0.2252175846515473,0.0,vehicle,1,5,1,10
MVI_20011,55,9,549.85,61.79,24.4,20.21,562.0500000000001,71.895,493.12399999999997,car,54.058,0.37055,163.0,0.0,0.0,1.0,0.0,0.0,none,0,,,10
MVI_20011,55,10,595.55,67.5,29.05,23.845,610.0749999999999,79.4225,692.6972499999999,car,55.722,1.1497,127.0,0.0,0.29252642478369834,0.7074735752163017,0.29252642478369834,0.0,vehicle,1,8,,10
MVI_20011,55,11,814.15,141.23,72.65,53.45,850.475,167.95499999999998,3883.1425000000004,car,235.74,4.9912,136.0,0.0,0.0,1.0,0.0,0.0,none,0,,,10
MVI_20011,56,2,583.25,280.47,116.7,118.0,641.6,339.47,13770.6,car,14.345,10.897,72.0,0.0,0.0,1.0,0.0,0.0,none,0,,,10
MVI_20011,56,3,547.35,151.44,65.9,55.69,580.3000000000001,179.285,3669.971,car,1.8918,3.0292,105.0,0.0,0.0,1.0,0.0,0.0,none,0,,,10
MVI_20011,56,4,495.08,105.32,43.07,37.87,516.615,124.255,1631.0609,car,343.75,1.8046,132.0,0.0,0.0,1.0,0.0,0.0,none,0,,,10
MVI_20011,56,5,567.25,98.05,37.9,34.32,586.2,115.21,1300.728,car,1.1412,1.2552,151.0,0.0,0.0,1.0,0.0,0.0,none,0,,1,10
MVI_20011,56,6,676.15,66.98,31.7,22.635,692.0,78.2975,717.5295,car,248.89,0.96476,91.0,0.0,0.0,1.0,0.0,0.0,none,0,,,10
MVI_20011,56,7,699.9,93.46,55.2,41.67,727.5,114.29499999999999,2300.184,car,241.44,1.9924,157.0,0.0,0.0,1.0,0.0,0.0,none,0,,,10
MVI_20011,56,8,578.5,81.175,36.65,25.145,596.825,93.7475,921.5642499999999,car,29.997,1.5501,127.0,0.0,0.23915369980986104,0.760846300190139,0.23915369980986104,0.0,vehicle,1,5,1,10
MVI_20011,56,9,549.45,62.565,25.05,20.475,561.975,72.8025,512.8987500000001,car,355.28,0.91059,163.0,0.0,0.0,1.0,0.0,0.0,none,0,,,10
MVI_20011,56,10,596.1,68.365,29.2,24.195,610.7,80.46249999999999,706.494,car,31.004,1.2134,127.0,0.0,0.3069866835387131,0.6930133164612868,0.3069866835387131,0.0,vehicle,1,8,,10
MVI_20011,56,11,810.1,139.41,72.45,52.66,846.325,165.74,3815.217,car,241.99,4.7006,136.0,0.0,0.0,1.0,0.0,0.0,none,0,,,10
MVI_20011,57,2,584.5,288.87,119.7,122.32,644.35,350.03,14641.704,car,14.6,10.91,72.0,0.0,0.0,1.0,0.0,0.0,none,0,,,10
MVI_20011,57,3,547.45,153.87,65.9,56.9,580.4000000000001,182.32,3749.71,car,1.8903,3.0316,105.0,0.0,0.0,1.0,0.0,0.0,none,0,,,10
MVI_20011,57,4,494.82,106.79,42.53,38.39,516.085,125.98500000000001,1632.7267000000002,car,342.99,1.8118,132.0,0.0,0.0,1.0,0.0,0.0,none,0,,,10
MVI_20011,57,5,567.0,99.0,38.4,34.93,586.2,116.465,1341.312,car,0.0,1.255,151.0,0.0,0.0,1.0,0.0,0.0,none,0,,1,10
MVI_20011,57,6,675.15,66.46,31.85,22.98,691.0749999999999,77.94999999999999,731.913,car,249.41,0.98812,91.0,0.0,0.0,1.0,0.0,0.0,none,0,,,10
MVI_20011,57,7,698.35,92.94,54.85,40.81,725.775,113.345,2238.4285,car,241.09,1.9705,157.0,0.0,0.0,1.0,0.0,0.0,none,0,,,10
MVI_20011,57,8,579.1,81.865,37.0,26.445,597.6,95.08749999999999,978.465,car,29.997,1.5501,127.0,0.0,0.2502419606219943,0.7497580393780057,0.2502419606219943,0.0,vehicle,1,5,1,10
MVI_20011,57,9,549.0,63.345,25.75,20.73,561.875,73.71,533.7975,car,353.71,0.91299,163.0,0.0,0.0,1.0,0.0,0.0,none,0,,,10
MVI_20011,57,10,596.6,69.23,29.4,24.54,611.3000000000001,81.5,721.4759999999999,car,30.041,1.1985,127.0,0.0,0.3217674600402509,0.6782325399597491,0.3217674600402509,0.0,vehicle,1,8,,10
MVI_20011,57,11,806.0,137.6,72.35,51.88,842.175,163.54,3753.518,car,241.99,4.7006,136.0,0.0,0.0,1.0,0.0,0.0,none,0,,,10
MVI_20011,58,2,585.7,297.26,122.75,126.66,647.075,360.59,15547.515,car,14.469,10.906,72.0,0.0,0.0,1.0,0.0,0.0,none,0,,,10
MVI_20011,58,3,547.55,156.29,65.9,58.12,580.5,185.35,3830.108,car,1.8903,3.0316,105.0,0.0,0.0,1.0,0.0,0.0,none,0,,,10
MVI_20011,58,4,494.57,108.26,42.03,38.9,515.585,127.71000000000001,1634.9669999999999,car,343.73,1.8022,132.0,0.0,0.0,1.0,0.0,0.0,none,0,,,10
MVI_20011,58,5,566.75,99.95,38.9,35.53,586.2,117.715,1382.117,car,0.0,1.2525,151.0,0.0,0.0,1.0,0.0,0.0,none,0,,1,10
MVI_20011,58,6,674.2,65.94,31.9,23.33,690.1500000000001,77.60499999999999,744.2269999999999,car,249.55,0.98724,91.0,0.0,0.0,1.0,0.0,0.0,none,0,,,10
MVI_20011,58,7,696.8,92.425,54.5,39.945,724.05,112.3975,2177.0025,car,241.16,1.9693,157.0,0.0,0.0,1.0,0.0,0.0,none,0,,,10
MVI_20011,58,8,579.7,82.56,37.35,27.74,598.375,96.43,1036.089,car,29.997,1.5501,127.0,0.0,0.25922724785226015,0.7407727521477399,0.25922724785226015,0.0,vehicle,1,5,1,10
MVI_20011,58,9,548.55,64.125,26.45,20.99,561.775,74.62,555.1854999999999,car,353.73,0.91548,163.0,0.0,0.0,1.0,0.0,0.0,none,0,,,10
MVI_20011,58,10,597.1,70.095,29.55,24.885,611.875,82.5375,735.35175,car,28.996,1.1862,127.0,0.0,0.33695302962153906,0.6630469703784609,0.33695302962153906,0.0,vehicle,1,8,,10
MVI_20011,58,11,801.95,135.78,72.15,51.1,838.0250000000001,161.33,3686.8650000000002,car,242.02,4.6994,136.0,0.0,0.0,1.0,0.0,0.0,none,0,,,10
MVI_20011,59,2,586.9,305.65,125.8,130.98,649.8,371.14,16477.284,car,14.473,10.904,72.0,0.0,0.0,1.0,0.0,0.0,none,0,,,10
MVI_20011,59,3,547.6,158.71,65.9,59.33,580.5500000000001,188.375,3909.847,car,0.94617,3.0279,105.0,0.0,0.0,1.0,0.0,0.0,none,0,,,10
MVI_20011,59,4,494.31,109.73,41.49,39.43,515.055,129.445,1635.9507,car,343.04,1.8086,132.0,0.0,0.0,1.0,0.0,0.0,none,0,,,10
MVI_20011,59,5,566.5,100.91,39.4,36.13,586.2,118.975,1423.5220000000002,car,0.0,1.2575,151.0,0.0,0.0,1.0,0.0,0.0,none,0,,1,10
MVI_20011,59,6,673.25,65.425,32.0,23.67,689.25,77.25999999999999,757.44,car,249.03,0.96386,91.0,0.0,0.0,1.0,0.0,0.0,none,0,,,10
MVI_20011,59,7,695.25,91.905,54.15,39.075,722.325,111.4425,2115.91125,car,241.09,1.9705,157.0,0.0,0.0,1.0,0.0,0.0,none,0,,,10
MVI_20011,59,8,580.35,83.25,37.65,29.04,599.1750000000001,97.77,1093.356,car,30.838,1.5606,127.0,0.0,0.26593259651933987,0.7340674034806601,0.26593259651933987,0.0,vehicle,1,5,1,10
MVI_20011,59,9,548.15,64.905,27.1,21.25,561.6999999999999,75.53,575.875,car,355.29,0.91309,163.0,0.0,0.0,1.0,0.0,0.0,none,0,,,10
MVI_20011,59,10,597.65,70.96,29.7,25.23,612.5,83.57499999999999,749.331,car,31.065,1.2112,127.0,0.0,0.35141879890195415,0.6485812010980458,0.35141879890195415,0.0,vehicle,1,8,,10
MVI_20011,59,11,797.9,133.96,71.95,50.33,833.875,159.125,3621.2435,car,241.99,4.7006,136.0,0.0,0.0,1.0,0.0,0.0,none,0,,,10
MVI_20011,60,2,588.1,314.05,128.85,135.31,652.525,381.70500000000004,17434.6935,car,14.473,10.904,72.0,0.0,0.0,1.0,0.0,0.0,none,0,,,10
MVI_20011,60,3,547.7,161.13,65.9,60.55,580.6500000000001,191.405,3990.2450000000003,car,1.8903,3.0316,105.0,0.0,0.0,1.0,0.0,0.0,none,0,,,10
MVI_20011,60,4,494.05,111.2,41.0,39.95,514.55,131.175,1637.95,car,343.73,1.8022,132.0,0.0,0.0,1.0,0.0,0.0,none,0,,,10
MVI_20011,60,5,566.2,101.86,39.95,36.74,586.1750000000001,120.23,1467.7630000000001,car,358.86,1.2527,151.0,0.0,0.0,1.0,0.0,0.0,none,0,,1,10
MVI_20011,60,6,672.3,64.905,32.1,24.02,688.3499999999999,76.915,771.042,car,249.03,0.96386,91.0,0.0,0.0,1.0,0.0,0.0,none,0,,,10
MVI_20011,60,7,693.7,91.385,53.8,38.215,720.6,110.4925,2055.967,car,241.09,1.9705,157.0,0.0,0.0,1.0,0.0,0.0,none,0,,,10
MVI_20011,60,8,580.95,83.94,38.0,30.34,599.95,99.11,1152.92,car,30.043,1.548,127.0,0.0,0.27147070048225425,0.7285292995177457,0.27147070048225425,0.0,vehicle,1,5,1,10
MVI_20011,60,9,547.7,65.685,27.85,21.505,561.625,76.4375,598.91425,car,355.28,0.91059,163.0,0.0,0.0,1.0,0.0,0.0,none,0,,,10
MVI_20011,60,10,598.15,71.825,29.9,25.58,613.1,84.61500000000001,764.8419999999999,car,29.982,1.2007,127.0,0.0,0.3661828194581358,0.6338171805418642,0.3661828194581358,0.0,vehicle,1,8,,10
MVI_20011,60,11,793.8,132.15,71.8,49.54,829.6999999999999,156.92000000000002,3556.9719999999998,car,242.13,4.7227,136.0,0.0,0.0,1.0,0.0,0.0,none,0,,,10
MVI_20011,61,2,589.35,322.44,131.8,139.63,655.25,392.255,18403.234,car,14.476,10.901,72.0,0.0,0.0,1.0,0.0,0.0,none,0,,,11
MVI_20011,61,3,547.8,163.56,65.9,61.75,580.75,194.435,4069.3250000000003,car,1.8903,3.0316,105.0,0.0,0.0,1.0,0.0,0.0,none,0,,,11
MVI_20011,61,4,493.79,112.68,40.46,40.45,514.02,132.905,1636.6070000000002,car,342.99,1.8118,132.0,0.0,0.0,1.0,0.0,0.0,none,0,,,11
MVI_20011,61,5,565.95,102.81,40.45,37.35,586.1750000000001,121.485,1510.8075000000001,car,0.0,1.2575,151.0,0.0,0.0,1.0,0.0,0.0,none,0,,1,11
MVI_20011,61,6,671.35,64.385,32.15,24.365,687.4250000000001,76.56750000000001,783.3347499999999,car,249.41,0.98812,91.0,0.0,0.0,1.0,0.0,0.0,none,0,,,11
MVI_20011,61,7,692.15,90.865,53.45,37.345,718.875,109.5375,1996.09025,car,241.09,1.9705,157.0,0.0,0.0,1.0,0.0,0.0,none,0,,,11
MVI_20011,61,8,581.55,84.635,38.35,31.635,600.7249999999999,100.4525,1213.20225,car,29.997,1.5501,127.0,0.0,0.2757009393940709,0.7242990606059291,0.2757009393940709,0.0,vehicle,1,5,1,11
MVI_20011,61,9,547.25,66.46,28.55,21.77,561.525,77.345,621.5335,car,353.71,0.91299,163.0,0.0,0.0,1.0,0.0,0.0,none,0,,,11
MVI_20011,61,10,598.65,72.69,30.1,25.925,613.6999999999999,85.6525,780.3425000000001,car,30.041,1.1985,127.0,0.0,0.38069821905124956,0.6193017809487504,0.38069821905124956,0.0,vehicle,1,8,,11
MVI_20011,61,11,789.75,130.32,71.6,48.78,825.55,154.70999999999998,3492.6479999999997,car,241.99,4.7006,136.0,0.0,0.0,1.0,0.0,0.0,none,0,,,11
MVI_20011,61,12,922.4,182.17,38.6,54.49,941.6999999999999,209.415,2103.3140000000003,car,209.59,5.8219,109.0,0.46223,0.0,1.0,0.0,0.0,none,0,,,11
MVI_20011,62,2,591.4,332.74,136.1,141.02,659.4499999999999,403.25,19192.822,car,20.911,11.768,72.0,0.0,0.0,1.0,0.0,0.0,none,0,,,11
MVI_20011,62,3,548.15,166.32,66.95,63.58,581.625,198.10999999999999,4256.6810000000005,car,13.392,3.7777,105.0,0.0,0.0,1.0,0.0,0.0,none,0,,,11
MVI_20011,62,4,493.27,114.32,41.48,41.24,514.01,134.94,1710.6352,car,359.72,2.0325,132.0,0.0,0.0,1.0,0.0,0.0,none,0,,,11
MVI_20011,62,5,566.4,104.19,40.1,38.13,586.4499999999999,123.255,1529.0130000000001,car,8.8313,1.7912,151.0,0.0,0.0,1.0,0.0,0.0,none,0,,1,11
MVI_20011,62,6,671.55,64.73,30.95,23.935,687.025,76.6975,740.78825,car,288.0,0.42059,91.0,0.0,0.0,1.0,0.0,0.0,none,0,,,11
MVI_20011,62,7,691.0,90.26,52.6,37.26,717.3,108.89,1959.876,car,247.65,1.7029,157.0,0.0,0.0,1.0,0.0,0.0,none,0,,,11
MVI_20011,62,8,582.85,85.76,38.65,31.98,602.1750000000001,101.75,1236.027,car,48.177,1.9458,127.0,0.0,0.2592641584690299,0.7407358415309702,0.2592641584690299,0.0,vehicle,1,5,1,11
MVI_20011,62,9,547.55,67.415,28.4,21.68,561.75,78.25500000000001,615.712,car,13.888,0.9374,163.0,0.0,0.0,1.0,0.0,0.0,none,0,,,11
MVI_20011,62,10,599.35,74.075,30.45,25.49,614.575,86.82000000000001,776.1705,car,36.85,1.459,127.0,0.0,0.3939607985616556,0.6060392014383444,0.3939607985616556,0.0,vehicle,1,8,,11
MVI_20011,62,11,787.5,129.2,69.55,47.99,822.275,153.195,3337.7045,car,245.17,3.6084,136.0,0.0,0.0,1.0,0.0,0.0,none,0,,,11
MVI_20011,62,12,916.65,176.38,44.35,55.94,938.8249999999999,204.35,2480.939,car,209.59,5.8219,109.0,0.35986,0.0,1.0,0.0,0.0,none,0,,,11
MVI_20011,63,2,593.5,343.04,140.3,142.4,663.65,414.24,19978.72,car,20.915,11.765,72.0,0.0,0.0,1.0,0.0,0.0,none,0,,,11
MVI_20011,63,3,548.5,169.1,67.95,65.38,582.475,201.79,4442.571,car,13.015,3.7745,105.0,0.0,0.0,1.0,0.0,0.0,none,0,,,11
MVI_20011,63,4,492.75,115.96,42.55,42.02,514.025,136.97,1787.951,car,0.42284,2.0326,132.0,0.0,0.0,1.0,0.0,0.0,none,0,,,11
MVI_20011,63,5,566.85,105.58,39.75,38.9,586.725,125.03,1546.2749999999999,car,8.8068,1.7962,151.0,0.0,0.0,1.0,0.0,0.0,none,0,,1,11
MVI_20011,63,6,671.7,65.075,29.75,23.5,686.575,76.825,699.125,car,285.82,0.46771,91.0,0.0,0.0,1.0,0.0,0.0,none,0,,,11
MVI_20011,63,7,689.9,89.655,51.7,37.175,715.75,108.2425,1921.9475,car,247.25,1.6808,157.0,0.0,0.0,1.0,0.0,0.0,none,0,,,11
MVI_20011,63,8,584.15,86.885,38.9,32.325,603.6,103.04750000000001,1257.4425,car,47.681,1.9272,127.0,0.0,0.24334591840183584,0.7566540815981642,0.24334591840183584,0.0,vehicle,1,5,1,11
MVI_20011,63,9,547.8,68.365,28.35,21.595,561.9749999999999,79.1625,612.21825,car,13.925,0.93498,163.0,0.0,0.0,1.0,0.0,0.0,none,0,,,11
MVI_20011,63,10,600.05,75.46,30.8,25.06,615.4499999999999,87.99,771.848,car,36.791,1.461,127.0,0.0,0.40630409096091435,0.5936959090390856,0.40630409096091435,0.0,vehicle,1,8,,11
MVI_20011,63,11,785.25,128.07,67.45,47.22,818.975,151.68,3184.989,car,245.38,3.6301,136.0,0.0,0.0,1.0,0.0,0.0,none,0,,,11
MVI_20011,63,12,907.95,173.5,53.05,55.94,934.475,201.47,2967.6169999999997,car,236.4,5.2225,109.0,0.22694,0.0,1.0,0.0,0.0,none,0,,,11
MVI_20011,64,2,595.55,353.33,144.6,143.8,667.8499999999999,425.23,20793.48,car,20.915,11.765,72.0,0.0,0.0,1.0,0.0,0.0,none,0,,,12
MVI_20011,64,3,548.85,171.87,69.0,67.2,583.35,205.47,4636.8,car,13.384,3.7802,105.0,0.0,0.0,1.0,0.0,0.0,none,0,,,12
MVI_20011,64,4,492.23,117.61,43.57,42.8,514.015,139.01,1864.7959999999998,car,359.72,2.035,132.0,0.0,0.0,1.0,0.0,0.0,none,0,,,12
MVI_20011,64,5,567.25,106.96,39.45,39.69,586.975,126.80499999999999,1565.7705,car,8.0171,1.7925,151.0,0.0,0.0,1.0,0.0,0.0,none,0,,1,12
MVI_20011,64,6,671.9,65.425,28.5,23.065,686.15,76.9575,657.3525000000001,car,287.32,0.44518,91.0,0.0,0.0,1.0,0.0,0.0,none,0,,,12
MVI_20011,64,7,688.75,89.05,50.85,37.09,714.175,107.595,1886.0265000000002,car,247.65,1.7029,157.0,0.0,0.0,1.0,0.0,0.0,none,0,,,12
MVI_20011,64,8,585.45,88.01,39.15,32.68,605.0250000000001,104.35000000000001,1279.422,car,47.626,1.9289,127.0,0.0,0.22804242853413503,0.771957571465865,0.22804242853413503,0.0,vehicle,1,5,1,12
MVI_20011,64,9,548.05,69.315,28.25,21.51,562.175,80.07,607.6575,car,12.428,0.92928,163.0,0.0,0.0,1.0,0.0,0.0,none,0,,,12
MVI_20011,64,10,600.75,76.845,31.1,24.625,616.3,89.1575,765.8375000000001,car,36.057,1.4441,127.0,0.0,0.4191763918585863,0.5808236081414138,0.4191763918585863,0.0,vehicle,1,8,,12
MVI_20011,64,11,783.0,126.95,65.4,46.43,815.7,150.165,3036.5220000000004,car,245.17,3.6084,136.0,0.0,0.0,1.0,0.0,0.0,none,0,,,12
MVI_20011,64,12,903.6,169.16,57.4,55.94,932.3000000000001,197.13,3210.9559999999997,car,206.62,4.8545,109.0,0.16048,0.0,1.0,0.0,0.0,none,0,,,12
MVI_20011,64,13,916.65,271.81,44.35,71.84,938.8249999999999,307.73,3186.1040000000003,car,254.13,5.276,148.0,0.57617,0.39720925619502706,0.6027907438049729,0.0,0.39720925619502706,background,1,,-1,12
MVI_20011,65,2,600.0,360.0,141.25,170.15,670.625,445.075,24033.6875,car,7.9603,20.038,72.0,0.0,0.0,1.0,0.0,0.0,none,0,,,12
MVI_20011,65,3,549.15,174.63,70.1,69.03,584.1999999999999,209.14499999999998,4839.003,car,13.006,3.7769,105.0,0.0,0.0,1.0,0.0,0.0,none,0,,,12
MVI_20011,65,4,491.71,119.25,44.64,43.57,514.03,141.035,1944.9648,car,0.42284,2.0326,132.0,0.0,0.0,1.0,0.0,0.0,none,0,,,12
MVI_20011,65,5,567.7,108.35,39.05,40.46,587.225,128.57999999999998,1579.963,car,8.0171,1.7925,151.0,0.0,0.0,1.0,0.0,0.0,none,0,,1,12
MVI_20011,65,6,672.05,65.77,27.3,22.635,685.6999999999999,77.08749999999999,617.9355,car,286.11,0.4684,91.0,0.0,0.0,1.0,0.0,0.0,none,0,,,12
MVI_20011,65,7,687.65,88.44,49.95,37.0,712.625,106.94,1848.15,car,247.17,1.6817,157.0,0.0,0.0,1.0,0.0,0.0,none,0,,,12
MVI_20011,65,8,586.75,89.135,39.4,33.025,606.45,105.64750000000001,1301.185,car,47.681,1.9272,127.0,0.0,0.21226804797165666,0.7877319520283433,0.21226804797165666,0.0,vehicle,1,5,1,12
MVI_20011,65,9,548.3,70.27,28.2,21.42,562.4,80.97999999999999,604.044,car,13.888,0.9374,163.0,0.0,0.0,1.0,0.0,0.0,none,0,,,12
MVI_20011,65,10,601.45,78.23,31.45,24.2,617.1750000000001,90.33,761.0899999999999,car,36.791,1.461,127.0,0.0,0.43146868307296204,0.568531316927038,0.43146868307296204,0.0,vehicle,1,8,,12
MVI_20011,65,11,780.75,125.83,63.3,45.65,812.4,148.655,2889.645,car,245.34,3.6311,136.0,0.0,0.0,1.0,0.0,0.0,none,0,,,12
MVI_20011,65,12,896.4,169.16,64.6,51.6,928.6999999999999,194.96,3333.3599999999997,car,238.95,4.2021,109.0,0.1254,0.0,1.0,0.0,0.0,none,0,,,12
MVI_20011,65,13,906.5,263.13,54.5,86.31,933.75,306.28499999999997,4703.895,car,254.13,5.276,148.0,0.36608,0.5468872073037344,0.4531127926962656,0.0,0.5468872073037344,background,1,,-1,12
MVI_20011,66,2,601.45,370.12,145.55,170.88,674.225,455.56,24871.584000000003,car,18.95,11.086,72.0,0.0,0.0,1.0,0.0,0.0,none,0,,,12
MVI_20011,66,3,549.5,177.41,71.1,70.83,585.05,212.825,5036.013,car,13.015,3.7745,105.0,0.0,0.0,1.0,0.0,0.0,none,0,,,12
MVI_20011,66,4,491.19,120.9,45.66,44.35,514.02,143.07500000000002,2025.021,car,359.72,2.035,132.0,0.0,0.0,1.0,0.0,0.0,none,0,,,12
MVI_20011,66,5,568.15,109.73,38.7,41.24,587.5,130.35,1595.9880000000003,car,8.819,1.7937,151.0,0.0,0.0,1.0,0.0,0.0,none,0,,1,12
MVI_20011,66,6,672.25,66.115,26.1,22.2,685.3,77.21499999999999,579.42,car,287.68,0.41983,91.0,0.0,0.0,1.0,0.0,0.0,none,0,,,12
MVI_20011,66,7,686.5,87.835,49.15,36.915,711.075,106.29249999999999,1814.37225,car,247.33,1.6798,157.0,0.0,0.0,1.0,0.0,0.0,none,0,,,12
MVI_20011,66,8,588.05,90.26,39.65,33.37,607.875,106.94500000000001,1323.1204999999998,car,47.681,1.9272,127.0,0.0,0.19750279736426066,0.8024972026357393,0.19750279736426066,0.0,vehicle,1,5,1,12
MVI_20011,66,9,548.55,71.22,28.1,21.34,562.5999999999999,81.89,599.654,car,12.395,0.93172,163.0,0.0,0.0,1.0,0.0,0.0,none,0,,,12
MVI_20011,66,10,602.15,79.615,31.8,23.765,618.05,91.4975,755.7270000000001,car,36.85,1.459,127.0,0.0,0.44356758459073065,0.5564324154092694,0.44356758459073065,0.0,vehicle,1,8,,12
MVI_20011,66,11,778.5,124.7,61.25,44.87,809.125,147.135,2748.2875,car,245.17,3.6084,136.0,0.0,0.0,1.0,0.0,0.0,none,0,,,12
MVI_20011,66,12,889.15,163.38,71.85,54.49,925.0749999999999,190.625,3915.1065,car,219.89,5.6528,109.0,0.0,0.0,1.0,0.0,0.0,none,0,,,12
MVI_20011,66,13,900.7,260.24,60.3,87.75,930.85,304.115,5291.325,car,233.19,3.622,148.0,0.28347,0.5728275998922762,0.42717240010772384,0.0,0.5728275998922762,background,1,,-1,12
MVI_20011,67,2,607.25,383.13,151.35,157.87,682.925,462.065,23893.624499999998,car,53.204,10.865,72.0,0.0,0.0,1.0,0.0,0.0,none,0,,,12
MVI_20011,67,3,549.85,180.18,72.15,72.64,585.9250000000001,216.5,5240.976000000001,car,13.384,3.7802,105.0,0.0,0.0,1.0,0.0,0.0,none,0,,,12
MVI_20011,67,4,490.68,122.54,46.67,45.14,514.015,145.11,2106.6838000000002,car,359.79,2.035,132.0,0.0,0.0,1.0,0.0,0.0,none,0,,,12
MVI_20011,67,5,568.55,111.11,38.4,42.02,587.75,132.12,1613.568,car,8.0171,1.7925,151.0,0.0,0.0,1.0,0.0,0.0,none,0,,1,12
MVI_20011,67,6,672.4,66.46,24.9,21.77,684.85,77.345,542.073,car,286.11,0.4684,91.0,0.0,0.0,1.0,0.0,0.0,none,0,,,12
MVI_20011,67,7,685.4,87.23,48.25,36.83,709.525,105.64500000000001,1777.0475,car,247.33,1.6798,157.0,0.0,0.0,1.0,0.0,0.0,none,0,,,12
MVI_20011,67,8,589.35,91.385,39.9,33.715,609.3000000000001,108.2425,1345.2285000000002,car,47.681,1.9272,127.0,0.0,0.18303507545372416,0.8169649245462758,0.18303507545372416,0.0,vehicle,1,5,1,12
MVI_20011,67,9,548.85,72.175,28.0,21.25,562.85,82.8,595.0,car,15.362,0.94372,163.0,0.0,0.0,1.0,0.0,0.0,none,0,,,12
MVI_20011,67,10,602.85,81.0,32.15,23.33,618.9250000000001,92.66499999999999,750.0595,car,36.85,1.459,127.0,0.0,0.45562785352361984,0.5443721464763802,0.45562785352361984,0.0,vehicle,1,8,,12
MVI_20011,67,11,776.25,123.58,59.15,44.1,805.825,145.63,2608.515,car,245.38,3.6301,136.0,0.0,0.0,1.0,0.0,0.0,none,0,,,12
MVI_20011,67,12,886.25,160.48,74.75,55.94,923.625,188.45,4181.514999999999,car,213.75,2.6099,109.0,0.0,0.0,1.0,0.0,0.0,none,0,,,12
MVI_20011,67,13,890.6,253.01,70.4,81.97,925.8000000000001,293.995,5770.688,car,206.51,11.312,148.0,0.21449,0.4428782148679672,0.5571217851320328,0.0,0.4428782148679672,background,1,,-1,12
MVI_20011,68,2,608.65,399.04,157.15,141.96,687.225,470.02000000000004,22309.014000000003,car,28.408,9.0384,72.0,0.0,0.0,1.0,0.0,0.0,none,0,,,12
MVI_20011,68,3,550.05,183.72,73.75,73.86,586.925,220.65,5447.175,car,13.54,4.2712,105.0,0.0,0.0,1.0,0.0,0.0,none,0,,,12
MVI_20011,68,4,490.07,124.7,47.38,44.62,513.76,147.01,2114.0956,car,352.36,1.917,132.0,0.0,0.0,1.0,0.0,0.0,none,0,,,12
MVI_20011,68,5,568.8,112.68,39.35,41.67,588.4749999999999,133.51500000000001,1639.7145,car,27.631,1.5633,151.0,0.0,0.0,1.0,0.0,0.0,none,0,,1,12
MVI_20011,68,6,671.45,66.29,25.3,21.51,684.1,77.045,544.2030000000001,car,248.2,0.80777,91.0,0.0,0.0,1.0,0.0,0.0,none,0,,,12
MVI_20011,68,7,684.8,86.45,47.0,36.74,708.3,104.82000000000001,1726.7800000000002,car,236.04,1.4769,157.0,0.0,0.0,1.0,0.0,0.0,none,0,,,12
MVI_20011,68,8,590.35,93.03,39.85,33.63,610.275,109.845,1340.1555,car,31.317,1.8758,127.0,0.0,0.18568293007788958,0.8143170699221104,0.18568293007788958,0.0,vehicle,1,5,1,12
MVI_20011,68,9,548.9,72.95,28.45,21.51,563.125,83.705,611.9595,car,16.902,0.94586,163.0,0.0,0.0,1.0,0.0,0.0,none,0,,,12
MVI_20011,68,10,603.1,81.865,32.75,24.545,619.475,94.13749999999999,803.8487500000001,car,20.481,1.5719,127.0,0.0,0.4510773948457345,0.5489226051542655,0.4510773948457345,0.0,vehicle,1,8,,12
MVI_20011,68,11,774.15,122.11,57.8,43.58,803.05,143.9,2518.924,car,238.06,3.2701,136.0,0.0,0.0,1.0,0.0,0.0,none,0,,,12
MVI_20011,68,12,881.95,157.59,79.05,53.05,921.475,184.115,4193.6025,car,206.38,4.8389,109.0,0.0,0.0,1.0,0.0,0.0,none,0,,,12
MVI_20011,68,13,887.7,250.12,73.3,80.52,924.35,290.38,5902.115999999999,car,201.87,3.8926,148.0,0.19559,0.4008596239043759,0.5991403760956241,0.0,0.4008596239043759,background,1,,-1,12
MVI_20011,69,2,611.55,412.05,158.6,128.95,690.8499999999999,476.525,20451.469999999998,car,29.12,7.449,72.0,0.02195,0.0,1.0,0.0,0.0,none,0,,,12
MVI_20011,69,3,550.2,187.27,75.45,75.08,587.9250000000001,224.81,5664.786,car,13.532,4.2736,105.0,0.0,0.0,1.0,0.0,0.0,none,0,,,12
MVI_20011,69,4,489.46,126.86,48.09,44.1,513.505,148.91,2120.7690000000002,car,352.45,1.9217,132.0,0.0,0.0,1.0,0.0,0.0,none,0,,,12
MVI_20011,69,5,569.1,114.23,40.25,41.33,589.225,134.895,1663.5325,car,28.436,1.575,151.0,0.0,0.0,1.0,0.0,0.0,none,0,,1,12
MVI_20011,69,6,670.5,66.115,25.75,21.25,683.375,76.74,547.1875,car,247.18,0.78654,91.0,0.0,0.0,1.0,0.0,0.0,none,0,,,12
MVI_20011,69,7,684.15,85.675,45.85,36.655,707.0749999999999,104.0025,1680.63175,car,236.2,1.4741,157.0,0.0,0.0,1.0,0.0,0.0,none,0,,,12
MVI_20011,69,8,591.4,94.675,39.75,33.535,611.275,111.4425,1333.01625,car,32.005,1.8868,127.0,0.0,0.18825051832638967,0.8117494816736104,0.18825051832638967,0.0,vehicle,1,5,1,12
MVI_20011,69,9,549.0,73.73,28.85,21.77,563.425,84.61500000000001,628.0645000000001,car,18.246,0.95818,163.0,0.0,0.0,1.0,0.0,0.0,none,0,,,12
MVI_20011,69,10,603.35,82.73,33.35,25.75,620.025,95.605,858.7625,car,20.513,1.5695,127.0,0.0,0.44689771619044744,0.5531022838095525,0.44689771619044744,0.0,vehicle,1,8,,12
MVI_20011,69,11,772.1,120.64,56.4,43.05,800.3000000000001,142.165,2428.02,car,237.79,3.2502,136.0,0.0,0.0,1.0,0.0,0.0,none,0,,,12
MVI_20011,69,12,877.6,153.26,83.4,55.93,919.3000000000001,181.225,4664.562,car,216.96,3.617,109.0,0.0,0.0,1.0,0.0,0.0,none,0,,,12
MVI_20011,69,13,881.95,242.89,79.05,80.52,921.475,283.15,6365.106,car,201.69,7.7807,148.0,0.1303,0.33102355247500986,0.6689764475249902,0.0,0.33102355247500986,background,1,,-1,12
MVI_20011,70,2,611.55,425.06,157.15,115.94,690.125,483.03,18219.971,car,353.64,6.5453,72.0,0.13002,0.0,1.0,0.0,0.0,none,0,,,12
MVI_20011,70,3,550.4,190.82,77.05,76.29,588.925,228.965,5878.1445,car,13.54,4.2712,105.0,0.0,0.0,1.0,0.0,0.0,none,0,,,12
MVI_20011,70,4,488.86,129.03,48.79,43.57,513.255,150.815,2125.7803,car,352.45,1.9217,132.0,0.0,0.0,1.0,0.0,0.0,none,0,,,12
MVI_20011,70,5,569.35,115.79,41.25,40.98,589.975,136.28,1690.425,car,28.436,1.575,151.0,0.0,0.0,1.0,0.0,0.0,none,0,,1,12
MVI_20011,70,6,669.55,65.94,26.2,20.995,682.65,76.4375,550.069,car,247.35,0.78558,91.0,0.0,0.0,1.0,0.0,0.0,none,0,,,12
MVI_20011,70,7,683.55,84.895,44.65,36.565,705.875,103.1775,1632.6272499999998,car,235.57,1.4548,157.0,0.0,0.0,1.0,0.0,0.0,none,0,,,12
MVI_20011,70,8,592.45,96.315,39.7,33.455,612.3000000000001,113.04249999999999,1328.1635,car,32.645,1.9002,127.0,0.0,0.19104349728026648,0.8089565027197335,0.19104349728026648,0.0,vehicle,1,5,1,12
MVI_20011,70,9,549.1,74.51,29.3,22.03,563.75,85.525,645.479,car,19.654,0.96629,163.0,0.0,0.0,1.0,0.0,0.0,none,0,,,12
MVI_20011,70,10,603.6,83.595,34.0,26.965,620.6,97.0775,916.81,car,21.33,1.5808,127.0,0.0,0.4435976374603239,0.5564023625396761,0.4435976374603239,0.0,vehicle,1,8,,12
MVI_20011,70,11,770.0,119.17,55.0,42.53,797.5,140.435,2339.15,car,238.29,3.2913,136.0,0.0,0.0,1.0,0.0,0.0,none,0,,,12
MVI_20011,70,12,872.3,152.4,72.4,51.36,908.5,178.08,3718.4640000000004,car,253.75,11.249,109.0,0.0,0.0,1.0,0.0,0.0,none,0,,,12
MVI_20011,70,13,874.7,238.56,86.3,74.73,917.85,275.925,6449.1990000000005,car,206.64,8.0856,148.0,0.11724,0.2799882590070485,0.7200117409929515,0.0,0.2799882590070485,background,1,,-1,12
MVI_20011,71,2,618.8,442.41,152.8,98.59,695.1999999999999,491.70500000000004,15064.552000000001,car,30.328,10.05,72.0,0.29344,0.0,1.0,0.0,0.0,none,0,,,12
MVI_20011,71,3,550.55,194.37,78.7,77.5,589.9,233.12,6099.25,car,13.206,4.2679,105.0,0.0,0.0,1.0,0.0,0.0,none,0,,,12
MVI_20011,71,4,488.25,131.19,49.45,43.06,512.975,152.72,2129.3170000000005,car,351.7,1.9226,132.0,0.0,0.0,1.0,0.0,0.0,none,0,,,12
MVI_20011,71,5,569.6,117.35,42.2,40.63,590.7,137.665,1714.5860000000002,car,27.673,1.5611,151.0,0.0,0.0,1.0,0.0,0.0,none,0,,1,12
MVI_20011,71,6,668.6,65.77,26.6,20.73,681.9,76.13499999999999,551.418,car,248.03,0.80871,91.0,0.0,0.0,1.0,0.0,0.0,none,0,,,12
MVI_20011,71,7,682.95,84.115,43.4,36.485,704.6500000000001,102.35749999999999,1583.4489999999998,car,236.12,1.4755,157.0,0.0,0.0,1.0,0.0,0.0,none,0,,,12
MVI_20011,71,8,593.5,97.96,39.6,33.36,613.3,114.63999999999999,1321.056,car,32.005,1.8868,127.0,0.0,0.19352018385291717,0.8064798161470829,0.19352018385291717,0.0,vehicle,1,5,1,12
MVI_20011,71,9,549.15,75.29,29.75,22.285,564.025,86.4325,662.97875,car,16.858,0.94825,163.0,0.0,0.0,1.0,0.0,0.0,none,0,,,12
MVI_20011,71,10,603.85,84.46,34.6,28.18,621.15,98.55,975.028,car,20.513,1.5695,127.0,0.0,0.4403873529785809,0.5596126470214191,0.4403873529785809,0.0,vehicle,1,8,,12
MVI_20011,71,11,767.95,117.69,53.6,42.02,794.75,138.7,2252.2720000000004,car,237.79,3.2502,136.0,0.0,0.0,1.0,0.0,0.0,none,0,,,12
MVI_20011,71,12,867.65,149.88,72.3,50.16,903.8,174.95999999999998,3626.5679999999998,car,236.46,5.6385,109.0,0.0,0.0,1.0,0.0,0.0,none,0,,,12
MVI_20011,71,13,867.45,232.77,93.55,76.18,914.225,270.86,7126.639,car,215.6,6.2265,148.0,0.02212,0.2700641915494811,0.729935808450519,0.0,0.2700641915494811,background,1,,-1,12
MVI_20011,72,2,618.8,453.98,154.25,87.02,695.925,497.49,13422.835,car,7.1464,5.8278,72.0,0.36229,0.0,1.0,0.0,0.0,none,0,,,12
MVI_20011,72,3,550.75,197.91,80.35,78.72,590.925,237.26999999999998,6325.151999999999,car,13.858,4.2796,105.0,0.0,0.0,1.0,0.0,0.0,none,0,,,12
MVI_20011,72,4,487.64,133.35,50.16,42.55,512.72,154.625,2134.3079999999995,car,352.45,1.9217,132.0,0.0,0.0,1.0,0.0,0.0,none,0,,,12
MVI_20011,72,5,569.85,118.91,43.15,40.28,591.4250000000001,139.05,1738.0819999999999,car,27.631,1.5633,151.0,0.0,0.0,1.0,0.0,0.0,none,0,,1,12
MVI_20011,72,6,667.65,65.595,27.05,20.47,681.175,75.83,553.7135,car,247.18,0.78654,91.0,0.0,0.0,1.0,0.0,0.0,none,0,,,12
MVI_20011,72,7,682.35,83.335,42.2,36.395,703.45,101.5325,1535.8690000000001,car,235.57,1.4548,157.0,0.0,0.0,1.0,0.0,0.0,none,0,,,12
MVI_20011,72,8,594.5,99.605,39.55,33.275,614.275,116.2425,1316.02625,car,31.317,1.8758,127.0,0.0,0.1963828609041803,0.8036171390958197,0.1963828609041803,0.0,vehicle,1,5,1,12
MVI_20011,72,9,549.25,76.065,30.15,22.55,564.325,87.34,679.8824999999999,car,18.293,0.9558,163.0,0.0,0.0,1.0,0.0,0.0,none,0,,,12
MVI_20011,72,10,604.15,85.325,35.15,29.385,621.725,100.0175,1032.88275,car,21.363,1.5785,127.0,0.0,0.43726115089055345,0.5627388491094465,0.43726115089055345,0.0,vehicle,1,8,,12
MVI_20011,72,11,765.85,116.22,52.25,41.5,791.975,136.97,2168.375,car,238.06,3.2701,136.0,0.0,0.0,1.0,0.0,0.0,none,0,,,12
MVI_20011,72,12,862.95,147.38,72.25,48.94,899.075,171.85,3535.915,car,236.58,5.6608,109.0,0.0,0.0,1.0,0.0,0.0,none,0,,,12
MVI_20011,72,13,860.25,228.44,100.75,73.29,910.625,265.085,7383.967500000001,car,211.92,6.8094,148.0,0.0,0.23635667410507966,0.7636433258949203,0.0,0.23635667410507966,background,1,,-1,12
MVI_20011,73,3,550.9,201.46,82.0,79.92,591.9,241.42000000000002,6553.4400000000005,car,13.214,4.2654,105.0,0.0,0.0,1.0,0.0,0.0,none,0,,,11
MVI_20011,73,4,487.04,135.52,50.86,42.02,512.47,156.53,2137.1372,car,352.45,1.9217,132.0,0.0,0.0,1.0,0.0,0.0,none,0,,,11
MVI_20011,73,5,570.1,120.46,44.1,39.95,592.15,140.435,1761.795,car,27.631,1.5633,151.0,0.0,0.0,1.0,0.0,0.0,none,0,,1,11
MVI_20011,73,6,666.7,65.425,27.45,20.21,680.4250000000001,75.53,554.7645,car,248.2,0.80777,91.0,0.0,0.0,1.0,0.0,0.0,none,0,,,11
MVI_20011,73,7,681.75,82.56,41.0,36.3,702.25,100.71000000000001,1488.3,car,235.65,1.4534,157.0,0.0,0.0,1.0,0.0,0.0,none,0,,,11
MVI_20011,73,8,595.55,101.25,39.45,33.19,615.275,117.845,1309.3455,car,32.005,1.8868,127.0,0.0,0.19912773213792676,0.8008722678620732,0.19912773213792676,0.0,vehicle,1,5,1,11
MVI_20011,73,9,549.35,76.845,30.6,22.81,564.65,88.25,697.986,car,19.654,0.96629,163.0,0.0,0.0,1.0,0.0,0.0,none,0,,,11
MVI_20011,73,10,604.4,86.19,35.75,30.6,622.275,101.49,1093.95,car,20.481,1.5719,127.0,0.0,0.4346853146853148,0.5653146853146852,0.4346853146853148,0.0,vehicle,1,8,,11
MVI_20011,73,11,763.8,114.75,50.85,40.98,789.2249999999999,135.24,2083.833,car,237.83,3.2489,136.0,0.0,0.0,1.0,0.0,0.0,none,0,,,11
MVI_20011,73,12,858.3,144.87,72.1,47.73,894.3499999999999,168.735,3441.3329999999996,car,236.6,5.6594,109.0,0.0,0.0,1.0,0.0,0.0,none,0,,,11
MVI_20011,73,13,854.65,224.82,106.35,73.18,907.8249999999999,261.40999999999997,7782.693,car,217.36,4.6142,148.0,0.0,0.2609251065151871,0.7390748934848129,0.0,0.2609251065151871,background,1,,-1,11
MVI_20011,74,3,550.55,204.75,83.75,81.74,592.425,245.62,6845.724999999999,car,7.1292,4.2302,105.0,0.0,0.0,1.0,0.0,0.0,none,0,,,11
MVI_20011,74,4,486.95,136.47,50.35,43.84,512.125,158.39,2207.344,car,349.49,1.8917,132.0,0.0,0.0,1.0,0.0,0.0,none,0,,,11
MVI_20011,74,5,570.45,121.24,43.75,40.38,592.325,141.43,1766.625,car,9.9751,1.0103,151.0,0.0,0.0,1.0,0.0,0.0,none,0,,1,11
MVI_20011,74,6,666.0,64.815,26.9,19.87,679.45,74.75,534.503,car,231.34,1.2486,91.0,0.0,0.0,1.0,0.0,0.0,none,0,,,11
MVI_20011,74,7,680.1,81.52,40.8,35.96,700.5,99.5,1467.168,car,235.28,2.129,157.0,0.0,0.0,1.0,0.0,0.0,none,0,,,11
MVI_20011,74,8,596.25,101.94,40.4,33.54,616.45,118.71,1355.0159999999998,car,53.641,1.4591,127.0,0.0,0.18863836294184022,0.8113616370581598,0.18863836294184022,0.0,vehicle,1,5,1,11
MVI_20011,74,9,549.15,77.28,30.8,22.72,564.55,88.64,699.776,car,345.62,0.40262,163.0,0.0,0.0,1.0,0.0,0.0,none,0,,,11
MVI_20011,74,10,604.65,86.97,35.6,29.73,622.4499999999999,101.835,1058.3880000000001,car,26.896,0.38685,127.0,0.0,0.44626356307894655,0.5537364369210535,0.44626356307894655,0.0,vehicle,1,8,,11
MVI_20011,74,11,760.85,113.36,50.95,40.38,786.325,133.55,2057.3610000000003,car,239.81,3.3552,136.0,0.0,0.0,1.0,0.0,0.0,none,0,,,11
MVI_20011,74,12,854.05,142.27,70.05,47.21,889.0749999999999,165.875,3307.0605,car,241.58,5.9981,109.0,0.0,0.0,1.0,0.0,0.0,none,0,,,11
MVI_20011,74,13,851.55,219.76,109.45,70.39,906.275,254.95499999999998,7704.1855000000005,car,193.5,6.6385,148.0,0.0,0.1906041852185411,0.8093958147814588,0.0,0.1906041852185411,background,1,,-1,11
MVI_20011,75,3,550.2,208.04,85.45,83.56,592.9250000000001,249.82,7140.202,car,6.793,4.2272,105.0,0.0,0.0,1.0,0.0,0.0,none,0,,,11
MVI_20011,75,4,486.87,137.43,49.78,45.64,511.76,160.25,2271.9592000000002,car,348.82,1.896,132.0,0.0,0.0,1.0,0.0,0.0,none,0,,,11
MVI_20011,75,5,570.8,122.02,43.4,40.8,592.5,142.42,1770.7199999999998,car,9.9751,1.0103,151.0,0.0,0.0,1.0,0.0,0.0,none,0,,1,11
MVI_20011,75,6,665.3,64.21,26.3,19.52,678.4499999999999,73.97,513.376,car,232.05,1.2682,91.0,0.0,0.0,1.0,0.0,0.0,none,0,,,11
MVI_20011,75,7,678.45,80.48,40.65,35.62,698.7750000000001,98.29,1447.9529999999997,car,234.9,2.1085,157.0,0.0,0.0,1.0,0.0,0.0,none,0,,,11
MVI_20011,75,8,596.95,102.64,41.3,33.88,617.6,119.58,1399.244,car,52.971,1.4405,127.0,0.0,0.1787572431970405,0.8212427568029594,0.1787572431970405,0.0,vehicle,1,5,1,11
MVI_20011,75,9,549.0,77.71,30.95,22.635,564.475,89.02749999999999,700.55325,car,349.05,0.39469,163.0,0.0,0.0,1.0,0.0,0.0,none,0,,,11
MVI_20011,75,10,604.9,87.75,35.45,28.86,622.625,102.18,1023.0870000000001,car,26.73,0.38908,127.0,0.0,0.4553860033408696,0.5446139966591304,0.4553860033408696,0.0,vehicle,1,8,,11
MVI_20011,75,11,757.9,111.98,51.0,39.77,783.4,131.865,2028.2700000000002,car,240.02,3.3769,136.0,0.0,0.0,1.0,0.0,0.0,none,0,,,11
MVI_20011,75,12,849.8,139.68,68.0,46.69,883.8,163.025,3174.92,car,241.58,5.9981,109.0,0.0,0.0,1.0,0.0,0.0,none,0,,,11
MVI_20011,75,13,842.35,216.18,103.8,70.92,894.25,251.64000000000001,7361.496,car,254.55,12.476,148.0,0.0,0.2598181130574545,0.7401818869425455,0.0,0.2598181130574545,background,1,,-1,11
MVI_20011,76,3,549.85,211.32,87.2,85.38,593.45,254.01,7445.1359999999995,car,7.1334,4.2277,105.0,0.0,0.0,1.0,0.0,0.0,none,0,,,11
MVI_20011,76,4,486.78,138.38,49.27,47.47,511.41499999999996,162.115,2338.8469,car,349.57,1.8913,132.0,0.0,0.0,1.0,0.0,0.0,none,0,,,11
MVI_20011,76,5,571.15,122.8,43.05,41.24,592.675,143.42,1775.382,car,9.9506,1.0127,151.0,0.0,0.0,1.0,0.0,0.0,none,0,,,11
MVI_20011,76,6,664.6,63.605,25.7,19.175,677.45,73.1925,492.7975,car,232.13,1.2667,91.0,0.0,0.0,1.0,0.0,0.0,none,0,,,11
MVI_20011,76,7,676.8,79.44,40.5,35.27,697.05,97.075,1428.4350000000002,car,234.9,2.1085,157.0,0.0,0.0,1.0,0.0,0.0,none,0,,,11
MVI_20011,76,8,597.65,103.33,42.25,34.23,618.775,120.445,1446.2175,car,53.641,1.4591,127.0,0.0,0.0,1.0,0.0,0.0,none,0,,1,11
MVI_20011,76,9,548.85,78.145,31.1,22.545,564.4,89.41749999999999,701.1495000000001,car,349.11,0.39715,163.0,0.0,0.0,1.0,0.0,0.0,none,0,,,11
MVI_20011,76,10,605.15,88.53,35.3,28.0,622.8,102.53,988.3999999999999,car,26.73,0.38908,127.0,0.0,0.46408336705787145,0.5359166329421285,0.46408336705787145,0.0,vehicle,1,8,,11
MVI_20011,76,11,754.95,110.6,51.1,39.16,780.5,130.18,2001.0759999999998,car,239.81,3.3552,136.0,0.0,0.0,1.0,0.0,0.0,none,0,,,11
MVI_20011,76,12,845.55,137.07,65.9,46.18,878.5,160.16,3043.262,car,241.67,6.0212,109.0,0.0,0.0,1.0,0.0,0.0,none,0,,,11
MVI_20011,76,13,836.2,211.85,102.8,69.79,887.6,246.745,7174.412,car,233.67,8.2544,148.0,0.0,0.25440412398953366,0.7455958760104664,0.0,0.25440412398953366,background,1,,-1,11
MVI_20011,77,3,549.5,214.62,88.95,87.19,593.975,258.21500000000003,7755.5505,car,7.125,4.2327,105.0,0.0,0.0,1.0,0.0,0.0,none,0,,,11
MVI_20011,77,4,486.69,139.32,48.76,49.3,511.07,163.97,2403.868,car,349.49,1.8917,132.0,0.0,0.0,1.0,0.0,0.0,none,0,,,11
MVI_20011,77,5,571.5,123.58,42.7,41.67,592.85,144.415,1779.3090000000002,car,9.9997,1.0078,151.0,0.0,0.0,1.0,0.0,0.0,none,0,,,11
MVI_20011,77,6,663.9,63.0,25.1,18.825,676.4499999999999,72.4125,472.5075,car,232.05,1.2682,91.0,0.0,0.0,1.0,0.0,0.0,none,0,,,11
MVI_20011,77,7,675.15,78.405,40.3,34.925,695.3,95.8675,1407.4774999999997,car,235.34,2.1276,157.0,0.0,0.0,1.0,0.0,0.0,none,0,,,11
MVI_20011,77,8,598.35,104.02,43.2,34.58,619.95,121.31,1493.856,car,53.641,1.4591,127.0,0.0,0.0,1.0,0.0,0.0,none,0,,1,11
MVI_20011,77,9,548.65,78.575,31.3,22.465,564.3,89.8075,703.1545,car,345.62,0.40262,163.0,0.0,0.0,1.0,0.0,0.0,none,0,,,11
MVI_20011,77,10,605.4,89.31,35.1,27.13,622.9499999999999,102.875,952.263,car,23.499,0.3762,127.0,0.0,0.4577957980095838,0.5422042019904162,0.4577957980095838,0.0,vehicle,1,8,,11
MVI_20011,77,11,752.0,109.21,51.2,38.56,777.6,128.49,1974.2720000000002,car,239.81,3.3552,136.0,0.0,0.0,1.0,0.0,0.0,none,0,,,11
MVI_20011,77,12,841.35,134.48,63.8,45.65,873.25,157.30499999999998,2912.47,car,241.46,5.9761,109.0,0.0,0.0,1.0,0.0,0.0,none,0,,,11
MVI_20011,77,13,830.1,207.52,101.7,68.67,880.95,241.85500000000002,6983.7390000000005,car,233.67,8.2544,148.0,0.0,0.26989997764807633,0.7301000223519236,0.0,0.26989997764807633,background,1,,-1,11
MVI_20011,78,3,549.15,217.91,90.7,89.01,594.5,262.415,8073.207,car,7.1292,4.2302,105.0,0.0,0.0,1.0,0.0,0.0,none,0,,,11
MVI_20011,78,4,486.61,140.28,48.24,51.1,510.73,165.83,2465.0640000000003,car,349.58,1.8937,132.0,0.0,0.0,1.0,0.0,0.0,none,0,,,11
MVI_20011,78,5,571.85,124.36,42.35,42.1,593.025,145.41,1782.9350000000002,car,9.9751,1.0103,151.0,0.0,0.0,1.0,0.0,0.0,none,0,,,11
MVI_20011,78,6,663.25,62.395,24.45,18.48,675.475,71.635,451.836,car,231.43,1.247,91.0,0.0,0.0,1.0,0.0,0.0,none,0,,,11
MVI_20011,78,7,673.55,77.365,40.1,34.575,693.5999999999999,94.6525,1386.4575000000002,car,234.5,2.0881,157.0,0.0,0.0,1.0,0.0,0.0,none,0,,,11
MVI_20011,78,8,599.0,104.71,44.2,34.92,621.1,122.16999999999999,1543.4640000000002,car,53.05,1.439,127.0,0.0,0.0,1.0,0.0,0.0,none,0,,1,11
MVI_20011,78,9,548.5,79.01,31.45,22.38,564.225,90.2,703.851,car,349.11,0.39715,163.0,0.0,0.0,1.0,0.0,0.0,none,0,,,11
MVI_20011,78,10,605.7,90.085,34.9,26.275,623.1500000000001,103.2225,916.9975,car,30.101,0.39878,127.0,0.0,0.44338725023786807,0.5566127497621319,0.44338725023786807,0.0,vehicle,1,8,,11
MVI_20011,78,11,749.1,107.83,51.25,37.95,774.725,126.805,1944.9375000000002,car,239.59,3.3337,136.0,0.0,0.0,1.0,0.0,0.0,none,0,,,11
MVI_20011,78,12,837.1,131.88,61.75,45.14,867.975,154.45,2787.395,car,241.58,5.9981,109.0,0.0,0.0,1.0,0.0,0.0,none,0,,,11
MVI_20011,78,13,823.95,203.19,100.7,67.55,874.3000000000001,236.965,6802.285,car,233.67,8.2544,148.0,0.0,0.28149070496164164,0.7185092950383584,0.0,0.28149070496164164,background,1,,-1,11
MVI_20011,79,3,548.85,221.19,92.35,90.83,595.025,266.605,8388.1505,car,7.1334,4.2277,105.0,0.0,0.0,1.0,0.0,0.0,none,0,,,14
MVI_20011,79,4,486.52,141.23,47.73,52.93,510.385,167.695,2526.3489,car,349.57,1.8913,132.0,0.0,0.0,1.0,0.0,0.0,none,0,,,14
MVI_20011,79,5,572.2,125.14,42.0,42.54,593.2,146.41,1786.68,car,9.9506,1.0127,151.0,0.0,0.0,1.0,0.0,0.0,none,0,,,14
MVI_20011,79,6,662.55,61.79,23.85,18.135,674.4749999999999,70.8575,432.51975000000004,car,232.13,1.2667,91.0,0.0,0.0,1.0,0.0,0.0,none,0,,,14
MVI_20011,79,7,671.9,76.325,39.95,34.235,691.875,93.4425,1367.6882500000002,car,234.95,2.1071,157.0,0.0,0.0,1.0,0.0,0.0,none,0,,,14
MVI_20011,79,8,599.7,105.41,45.15,35.27,622.2750000000001,123.045,1592.4405000000002,car,53.562,1.4605,127.0,0.0,0.0,1.0,0.0,0.0,none,0,,1,14
MVI_20011,79,9,548.3,79.44,31.65,22.29,564.125,90.585,705.4784999999999,car,345.53,0.4002,163.0,0.0,0.0,1.0,0.0,0.0,none,0,,,14
MVI_20011,79,10,605.95,90.865,34.75,25.405,623.325,103.5675,882.82375,car,26.73,0.38908,127.0,0.0,0.4274749065144656,0.5725250934855344,0.4274749065144656,0.0,vehicle,1,8,,14
MVI_20011,79,11,746.15,106.44,51.35,37.35,771.8249999999999,125.115,1917.9225000000001,car,239.81,3.3552,136.0,0.0,0.0,1.0,0.0,0.0,none,0,,,14
MVI_20011,79,12,832.85,129.29,59.65,44.62,862.6750000000001,151.6,2661.5829999999996,car,241.69,6.0201,109.0,0.0,0.0,1.0,0.0,0.0,none,0,,,14
MVI_20011,79,13,817.8,198.87,99.65,66.42,867.625,232.08,6618.753000000001,car,233.79,8.273,148.0,0.0,0.2769403843896274,0.7230596156103726,0.0,0.2769403843896274,background,1,,-1,14
MVI_20011,79,14,554.55,59.71,26.45,19.695,567.775,69.5575,520.9327499999999,car,273.24,0.7512,163.0,0.0,0.0,1.0,0.0,0.0,none,0,,,14
MVI_20011,79,15,584.65,50.365,22.3,22.29,595.8,61.510000000000005,497.067,car,349.11,0.26476,160.0,0.0,0.0,1.0,0.0,0.0,none,0,,,14
MVI_20011,79,16,516.1,51.925,20.25,18.65,526.225,61.25,377.66249999999997,car,281.47,0.86733,179.0,0.0,0.0,1.0,0.0,0.0,none,0,,,14
MVI_20011,80,3,548.75,226.04,93.6,93.16,595.55,272.62,8719.776,car,4.9882,6.0379,105.0,0.0,0.0,1.0,0.0,0.0,none,0,,,14
MVI_20011,80,4,484.79,143.48,49.36,53.45,509.47,170.20499999999998,2638.292,car,339.97,2.6716,132.0,0.0,0.0,1.0,0.0,0.0,none,0,,,14
MVI_20011,80,5,571.25,126.26,43.2,43.06,592.85,147.79000000000002,1860.1920000000002,car,345.79,1.4261,151.0,0.0,0.0,1.0,0.0,0.0,none,0,,,14
MVI_20011,80,6,661.15,61.185,24.35,17.785,673.3249999999999,70.0775,433.06475,car,235.85,1.3896,91.0,0.0,0.0,1.0,0.0,0.0,none,0,,,14
MVI_20011,80,7,670.35,75.81,39.55,33.45,690.125,92.535,1322.9475,car,242.59,1.9713,157.0,0.0,0.0,1.0,0.0,0.0,none,0,,,14
MVI_20011,80,8,600.3,106.44,45.4,35.79,623.0,124.335,1624.866,car,29.242,1.4841,127.0,0.0,0.0,1.0,0.0,0.0,none,0,,1,14
MVI_20011,80,9,548.05,79.615,31.45,23.245,563.775,91.2375,731.05525,car,331.7,0.73824,163.0,0.0,0.0,1.0,0.0,0.0,none,0,,,14
MVI_20011,80,10,605.95,91.645,34.85,25.055,623.375,104.1725,873.16675,car,4.7245,0.60706,127.0,0.0,0.4094991019756535,0.5905008980243465,0.4094991019756535,0.0,vehicle,1,8,,14
MVI_20011,80,11,743.7,104.97,50.7,37.09,769.0500000000001,123.515,1880.4630000000002,car,240.03,3.2032,136.0,0.0,0.0,1.0,0.0,0.0,none,0,,,14
MVI_20011,80,12,828.45,127.39,59.55,44.01,858.225,149.395,2620.7954999999997,car,243.62,4.9674,109.0,0.0,0.0,1.0,0.0,0.0,none,0,,,14
MVI_20011,80,13,813.2,195.23,97.95,65.04,862.1750000000001,227.75,6370.668000000001,car,231.55,6.9591,148.0,0.0,0.28233930884484937,0.7176606911551506,0.0,0.28233930884484937,background,1,,-1,14
MVI_20011,80,14,553.85,59.71,26.35,19.78,567.025,69.6,521.2030000000001,car,273.24,0.7512,163.0,0.0,0.0,1.0,0.0,0.0,none,0,,,14
MVI_20011,80,15,584.2,50.625,23.1,22.29,595.75,61.769999999999996,514.899,car,349.11,0.26476,160.0,0.0,0.0,1.0,0.0,0.0,none,0,,,14
MVI_20011,80,16,515.1,52.01,20.55,18.825,525.375,61.4225,386.85375,car,281.47,0.86733,179.0,0.0,0.0,1.0,0.0,0.0,none,0,,,14
MVI_20011,81,3,548.65,230.88,94.8,95.5,596.05,278.63,9053.4,car,4.7518,6.0357,105.0,0.0,0.0,1.0,0.0,0.0,none,0,,,14
MVI_20011,81,4,483.06,145.73,51.04,53.96,508.58,172.70999999999998,2754.1184,car,340.46,2.6608,132.0,0.0,0.0,1.0,0.0,0.0,none,0,,,14
MVI_20011,81,5,570.3,127.39,44.45,43.57,592.525,149.175,1936.6865,car,346.79,1.4226,151.0,0.0,0.0,1.0,0.0,0.0,none,0,,,14
MVI_20011,81,6,659.75,60.575,24.9,17.445,672.2,69.2975,434.3805,car,235.27,1.369,91.0,0.0,0.0,1.0,0.0,0.0,none,0,,,14
MVI_20011,81,7,668.75,75.29,39.25,32.67,688.375,91.625,1282.2975000000001,car,242.53,1.9725,157.0,0.0,0.0,1.0,0.0,0.0,none,0,,,14
MVI_20011,81,8,600.9,107.48,45.7,36.31,623.75,125.635,1659.3670000000002,car,29.982,1.5008,127.0,0.0,0.0,1.0,0.0,0.0,none,0,,1,14
MVI_20011,81,9,547.8,79.79,31.3,24.19,563.4499999999999,91.885,757.147,car,333.43,0.72672,163.0,0.0,0.0,1.0,0.0,0.0,none,0,,,14
MVI_20011,81,10,605.95,92.425,34.9,24.715,623.4000000000001,104.7825,862.5535,car,2.3565,0.60801,127.0,0.0,0.3908557556139992,0.6091442443860008,0.3908557556139992,0.0,vehicle,1,8,,14
MVI_20011,81,11,741.3,103.5,49.95,36.82,766.275,121.91,1839.159,car,239.99,3.2045,136.0,0.0,0.0,1.0,0.0,0.0,none,0,,,14
MVI_20011,81,12,824.0,125.48,59.5,43.4,853.75,147.18,2582.2999999999997,car,243.74,4.9899,109.0,0.0,0.0,1.0,0.0,0.0,none,0,,,14
MVI_20011,81,13,808.6,191.6,96.2,63.65,856.7,223.42499999999998,6123.13,car,231.68,6.9787,148.0,0.0,0.2955351266427463,0.7044648733572537,0.0,0.2955351266427463,background,1,,-1,14
MVI_20011,81,14,553.15,59.71,26.25,19.865,566.275,69.6425,521.45625,car,273.24,0.7512,163.0,0.0,0.0,1.0,0.0,0.0,none,0,,,14
MVI_20011,81,15,583.8,50.885,23.85,22.29,595.7249999999999,62.03,531.6165,car,354.51,0.2612,160.0,0.0,0.0,1.0,0.0,0.0,none,0,,,14
MVI_20011,81,16,514.05,52.095,20.9,19.0,524.5,61.595,397.09999999999997,car,281.15,0.89184,179.0,0.0,0.0,1.0,0.0,0.0,none,0,,,14
MVI_20011,82,3,548.55,235.73,96.05,97.84,596.5749999999999,284.65,9397.532,car,4.9903,6.0354,105.0,0.0,0.0,1.0,0.0,0.0,none,0,,,14
MVI_20011,82,4,481.32,147.98,52.68,54.48,507.65999999999997,175.22,2870.0063999999998,car,339.92,2.6724,132.0,0.0,0.0,1.0,0.0,0.0,none,0,,,14
MVI_20011,82,5,569.35,128.51,45.65,44.09,592.1750000000001,150.555,2012.7085000000002,car,345.82,1.4285,151.0,0.0,0.0,1.0,0.0,0.0,none,0,,,14
MVI_20011,82,6,658.4,59.97,25.4,17.095,671.1,68.5175,434.21299999999997,car,234.66,1.3485,91.0,0.0,0.0,1.0,0.0,0.0,none,0,,,14
MVI_20011,82,7,667.2,74.77,38.9,31.9,686.6500000000001,90.72,1240.9099999999999,car,242.25,1.9491,157.0,0.0,0.0,1.0,0.0,0.0,none,0,,,14
MVI_20011,82,8,601.55,108.52,45.9,36.83,624.5,126.935,1690.4969999999998,car,30.029,1.4987,127.0,0.0,0.0,1.0,0.0,0.0,none,0,,1,14
MVI_20011,82,9,547.55,79.96,31.1,25.15,563.0999999999999,92.535,782.165,car,331.61,0.73604,163.0,0.0,0.0,1.0,0.0,0.0,none,0,,,14
MVI_20011,82,10,605.95,93.2,35.0,24.37,623.45,105.385,852.95,car,4.744,0.60457,127.0,0.0,0.3713582273286827,0.6286417726713174,0.3713582273286827,0.0,vehicle,1,8,,14
MVI_20011,82,11,738.85,102.03,49.3,36.57,763.5,120.315,1802.9009999999998,car,240.03,3.2032,136.0,0.0,0.0,1.0,0.0,0.0,none,0,,,14
MVI_20011,82,12,819.6,123.58,59.4,42.8,849.3000000000001,144.98,2542.3199999999997,car,243.62,4.9674,109.0,0.0,0.0,1.0,0.0,0.0,none,0,,,14
MVI_20011,82,13,804.05,187.96,94.45,62.27,851.275,219.095,5881.401500000001,car,231.42,6.9396,148.0,0.0,0.2921818039458796,0.7078181960541203,0.0,0.2921818039458796,background,1,,-1,14
MVI_20011,82,14,552.45,59.71,26.2,19.955,565.5500000000001,69.6875,522.8209999999999,car,273.55,0.7264,163.0,0.0,0.0,1.0,0.0,0.0,none,0,,,14
MVI_20011,82,15,583.35,51.145,24.65,22.29,595.6750000000001,62.290000000000006,549.4485,car,349.11,0.26476,160.0,0.0,0.0,1.0,0.0,0.0,none,0,,,14
MVI_20011,82,16,513.0,52.185,21.25,19.17,523.625,61.77,407.3625,car,281.31,0.89233,179.0,0.0,0.0,1.0,0.0,0.0,none,0,,,14
MVI_20011,83,3,548.5,240.57,97.2,100.18,597.1,290.65999999999997,9737.496000000001,car,4.9882,6.0379,105.0,0.0,0.0,1.0,0.0,0.0,none,0,,,14
MVI_20011,83,4,479.6,150.23,54.3,55.0,506.75,177.73,2986.5,car,339.97,2.6716,132.0,0.0,0.0,1.0,0.0,0.0,none,0,,,14
MVI_20011,83,5,568.4,129.63,46.85,44.62,591.8249999999999,151.94,2090.447,car,345.82,1.4285,151.0,0.0,0.0,1.0,0.0,0.0,none,0,,,14
MVI_20011,83,6,657.0,59.365,25.9,16.75,669.95,67.74000000000001,433.825,car,235.94,1.3882,91.0,0.0,0.0,1.0,0.0,0.0,none,0,,,14
MVI_20011,83,7,665.65,74.25,38.55,31.11,684.925,89.805,1199.2904999999998,car,242.19,1.9503,157.0,0.0,0.0,1.0,0.0,0.0,none,0,,,14
MVI_20011,83,8,602.15,109.56,46.15,37.35,625.225,128.235,1723.7025,car,29.148,1.4885,127.0,0.0,0.0,1.0,0.0,0.0,none,0,,1,14
MVI_20011,83,9,547.25,80.135,30.95,26.095,562.725,93.1825,807.6402499999999,car,330.02,0.75042,163.0,0.0,0.0,1.0,0.0,0.0,none,0,,,14
MVI_20011,83,10,605.95,93.98,35.1,24.02,623.5,105.99000000000001,843.102,car,4.7051,0.60955,127.0,0.0,0.3513738551207328,0.6486261448792672,0.3513738551207328,0.0,vehicle,1,8,,14
MVI_20011,83,11,736.45,100.56,48.6,36.31,760.75,118.715,1764.6660000000002,car,239.81,3.1816,136.0,0.0,0.0,1.0,0.0,0.0,none,0,,,14
MVI_20011,83,12,815.2,121.68,59.3,42.19,844.85,142.775,2501.8669999999997,car,243.64,4.9663,109.0,0.0,0.0,1.0,0.0,0.0,none,0,,,14
MVI_20011,83,13,799.45,184.32,92.7,60.89,845.8000000000001,214.765,5644.503000000001,car,231.68,6.9787,148.0,0.0,0.2818671546458563,0.7181328453541437,0.0,0.2818671546458563,background,1,,-1,14
MVI_20011,83,14,551.75,59.71,26.1,20.04,564.8,69.73,523.044,car,273.24,0.7512,163.0,0.0,0.0,1.0,0.0,0.0,none,0,,,14
MVI_20011,83,15,582.9,51.405,25.45,22.285,595.625,62.5475,567.15325,car,349.01,0.26231,160.0,0.0,0.0,1.0,0.0,0.0,none,0,,,14
MVI_20011,83,16,511.95,52.27,21.6,19.345,522.75,61.9425,417.852,car,281.15,0.89184,179.0,0.0,0.0,1.0,0.0,0.0,none,0,,,14
MVI_20011,84,3,548.4,245.43,98.45,102.51,597.625,296.685,10092.1095,car,4.9862,6.0404,105.0,0.0,0.0,1.0,0.0,0.0,none,0,,,14
MVI_20011,84,4,477.87,152.48,55.93,55.52,505.835,180.23999999999998,3105.2336,car,339.97,2.6716,132.0,0.0,0.0,1.0,0.0,0.0,none,0,,,14
MVI_20011,84,5,567.45,130.76,48.05,45.14,591.475,153.32999999999998,2168.977,car,345.82,1.4285,151.0,0.0,0.0,1.0,0.0,0.0,none,0,,,14
MVI_20011,84,6,655.6,58.76,26.45,16.405,668.825,66.9625,433.91225000000003,car,235.35,1.3675,91.0,0.0,0.0,1.0,0.0,0.0,none,0,,,14
MVI_20011,84,7,664.1,73.73,38.2,30.34,683.2,88.9,1158.988,car,242.19,1.9503,157.0,0.0,0.0,1.0,0.0,0.0,none,0,,,14
MVI_20011,84,8,602.75,110.6,46.4,37.86,625.95,129.53,1756.704,car,29.242,1.4841,127.0,0.0,0.0,1.0,0.0,0.0,none,0,,1,14
MVI_20011,84,9,547.0,80.31,30.8,27.05,562.4,93.83500000000001,833.14,car,333.43,0.72672,163.0,0.0,0.0,1.0,0.0,0.0,none,0,,,14
MVI_20011,84,10,605.95,94.76,35.2,23.68,623.5500000000001,106.60000000000001,833.5360000000001,car,4.7051,0.60955,127.0,0.0,0.33108108108108164,0.6689189189189184,0.33108108108108164,0.0,vehicle,1,8,,14
MVI_20011,84,11,734.0,99.085,47.9,36.045,757.95,117.10749999999999,1726.5555,car,240.22,3.2261,136.0,0.0,0.0,1.0,0.0,0.0,none,0,,,14
MVI_20011,84,12,810.8,119.77,59.2,41.58,840.4,140.56,2461.536,car,243.62,4.9674,109.0,0.0,0.0,1.0,0.0,0.0,none,0,,,14
MVI_20011,84,13,794.85,180.69,91.0,59.5,840.35,210.44,5414.5,car,231.55,6.9591,148.0,0.0,0.2874078862314156,0.7125921137685844,0.0,0.2874078862314156,background,1,,-1,14
MVI_20011,84,14,551.1,59.71,26.0,20.125,564.1,69.77250000000001,523.25,car,273.47,0.70129,163.0,0.0,0.0,1.0,0.0,0.0,none,0,,,14
MVI_20011,84,15,582.5,51.665,26.15,22.285,595.575,62.8075,582.75275,car,349.11,0.26476,160.0,0.0,0.0,1.0,0.0,0.0,none,0,,,14
MVI_20011,84,16,510.9,52.355,21.95,19.52,521.875,62.114999999999995,428.464,car,281.15,0.89184,179.0,0.0,0.0,1.0,0.0,0.0,none,0,,,14
MVI_20011,85,3,548.3,250.27,99.65,104.85,598.125,302.695,10448.3025,car,4.7538,6.0333,105.0,0.0,0.0,1.0,0.0,0.0,none,0,,,14
MVI_20011,85,4,476.13,154.73,57.62,56.04,504.94,182.75,3229.0247999999997,car,340.48,2.6631,132.0,0.0,0.0,1.0,0.0,0.0,none,0,,,14
MVI_20011,85,5,566.5,131.88,49.25,45.66,591.125,154.70999999999998,2248.7549999999997,car,345.82,1.4285,151.0,0.0,0.0,1.0,0.0,0.0,none,0,,,14
MVI_20011,85,6,654.25,58.155,26.95,16.055,667.725,66.1825,432.68224999999995,car,234.66,1.3485,91.0,0.0,0.0,1.0,0.0,0.0,none,0,,,14
MVI_20011,85,7,662.55,73.21,37.85,29.56,681.4749999999999,87.99,1118.846,car,242.25,1.9491,157.0,0.0,0.0,1.0,0.0,0.0,none,0,,,14
MVI_20011,85,8,603.35,111.64,46.7,38.38,626.7,130.83,1792.3460000000002,car,29.982,1.5008,127.0,0.0,0.0,1.0,0.0,0.0,none,0,,1,14
MVI_20011,85,9,546.75,80.48,30.6,28.0,562.05,94.48,856.8000000000001,car,331.61,0.73604,163.0,0.0,0.0,1.0,0.0,0.0,none,0,,,14
MVI_20011,85,10,605.95,95.54,35.25,23.32,623.575,107.2,822.03,car,2.3662,0.60552,127.0,0.0,0.3096054888507718,0.6903945111492282,0.3096054888507718,0.0,vehicle,1,8,,14
MVI_20011,85,11,731.6,97.615,47.2,35.795,755.2,115.51249999999999,1689.5240000000001,car,239.81,3.1816,136.0,0.0,0.0,1.0,0.0,0.0,none,0,,,14
MVI_20011,85,12,806.35,117.86,59.15,40.99,835.9250000000001,138.355,2424.5585,car,243.74,4.9899,109.0,0.0,0.0,1.0,0.0,0.0,none,0,,,14
MVI_20011,85,13,790.25,177.06,89.3,58.12,834.9,206.12,5190.116,car,231.58,6.956,148.0,0.0,0.28828835424872973,0.7117116457512702,0.0,0.28828835424872973,background,1,,-1,14
MVI_20011,85,14,550.4,59.71,25.9,20.215,563.35,69.8175,523.5685,car,273.43,0.75135,163.0,0.0,0.0,1.0,0.0,0.0,none,0,,,14
MVI_20011,85,15,582.05,51.925,26.95,22.285,595.525,63.067499999999995,600.58075,car,349.11,0.26476,160.0,0.0,0.0,1.0,0.0,0.0,none,0,,,14
MVI_20011,85,16,509.9,52.44,22.25,19.695,521.025,62.287499999999994,438.21375,car,281.47,0.86733,179.0,0.0,0.0,1.0,0.0,0.0,none,0,,,14
MVI_20011,86,3,549.15,255.46,101.85,110.22,600.0749999999999,310.57,11225.907,car,13.908,8.1128,105.0,0.0,0.0,1.0,0.0,0.0,none,0,,,14
MVI_20011,86,4,476.48,156.46,57.62,56.56,505.29,184.74,3258.9872,car,9.9053,2.0201,132.0,0.0,0.0,1.0,0.0,0.0,none,0,,,14
MVI_20011,86,5,567.15,132.93,49.5,45.73,591.9,155.79500000000002,2263.6349999999998,car,35.6,1.3313,151.0,0.0,0.0,1.0,0.0,0.0,none,0,,,14
MVI_20011,86,6,653.95,56.94,26.65,16.32,667.2750000000001,65.1,434.928,car,202.57,1.1723,91.0,0.0,0.0,1.0,0.0,0.0,none,0,,,14
MVI_20011,86,7,661.65,72.0,38.0,29.21,680.65,86.605,1109.98,car,210.78,1.6121,157.0,0.0,0.0,1.0,0.0,0.0,none,0,,,14
MVI_20011,86,8,604.45,112.16,47.6,38.21,628.25,131.265,1818.796,car,74.409,1.6092,127.0,0.0,0.0,1.0,0.0,0.0,none,0,,1,14
MVI_20011,86,9,546.5,80.655,31.65,28.005,562.325,94.6575,886.3582499999999,car,57.529,0.32596,163.0,0.0,0.0,1.0,0.0,0.0,none,0,,,14
MVI_20011,86,10,605.85,96.315,36.5,23.075,624.1,107.85249999999999,842.2375,car,39.036,0.8336,127.0,0.0,0.3133261105092093,0.6866738894907907,0.3133261105092093,0.0,vehicle,1,8,,14
MVI_20011,86,11,730.45,96.06,46.3,35.26,753.6,113.69,1632.5379999999998,car,221.36,2.4214,136.0,0.0,0.0,1.0,0.0,0.0,none,0,,,14
MVI_20011,86,12,804.4,115.27,57.5,40.46,833.15,135.5,2326.4500000000003,car,224.19,3.9814,109.0,0.0,0.0,1.0,0.0,0.0,none,0,,,14
MVI_20011,86,13,786.2,173.43,87.7,57.07,830.0500000000001,201.965,5005.039,car,229.41,6.3864,148.0,0.0,0.2812365697849704,0.7187634302150296,0.0,0.2812365697849704,background,1,,-1,14
MVI_20011,86,14,550.75,59.365,26.15,20.905,563.825,69.8175,546.66575,car,90.0,0.475,163.0,0.0,0.0,1.0,0.0,0.0,none,0,,,14
MVI_20011,86,15,582.4,51.665,26.2,22.025,595.5,62.677499999999995,577.055,car,183.67,0.3908,160.0,0.0,0.0,1.0,0.0,0.0,none,0,,,14
MVI_20011,86,16,509.9,51.835,22.6,20.215,521.1999999999999,61.9425,456.85900000000004,car,153.1,0.38685,179.0,0.0,0.0,1.0,0.0,0.0,none,0,,,14
MVI_20011,87,3,550.05,260.65,103.95,115.58,602.025,318.44,12014.541,car,13.908,8.1128,105.0,0.0,0.0,1.0,0.0,0.0,none,0,,,14
MVI_20011,87,4,476.82,158.19,57.58,57.08,505.61,186.73,3286.6663999999996,car,9.2053,2.016,132.0,0.0,0.0,1.0,0.0,0.0,none,0,,,14
MVI_20011,87,5,567.85,133.96,49.65,45.83,592.6750000000001,156.875,2275.4595,car,35.663,1.3293,151.0,0.0,0.0,1.0,0.0,0.0,none,0,,,14
MVI_20011,87,6,653.7,55.73,26.3,16.58,666.85,64.02,436.054,car,201.48,1.1606,91.0,0.0,0.0,1.0,0.0,0.0,none,0,,,14
MVI_20011,87,7,660.8,70.79,38.05,28.865,679.8249999999999,85.22250000000001,1098.31325,car,210.83,1.6099,157.0,0.0,0.0,1.0,0.0,0.0,none,0,,,14
MVI_20011,87,8,605.6,112.68,48.4,38.03,629.8000000000001,131.695,1840.652,car,74.409,1.6092,127.0,0.0,0.0,1.0,0.0,0.0,none,0,,1,14
MVI_20011,87,9,546.25,80.825,32.65,28.005,562.575,94.8275,914.3632499999999,car,55.784,0.30232,163.0,0.0,0.0,1.0,0.0,0.0,none,0,,,14
MVI_20011,87,10,605.75,97.095,37.7,22.815,624.6,108.5025,860.1255000000001,car,37.569,0.82006,127.0,0.0,0.3168967784352399,0.6831032215647601,0.3168967784352399,0.0,vehicle,1,8,,14
MVI_20011,87,11,729.35,94.5,45.3,34.75,752.0,111.875,1574.175,car,221.36,2.4214,136.0,0.0,0.0,1.0,0.0,0.0,none,0,,,14
MVI_20011,87,12,802.4,112.68,55.85,39.94,830.3249999999999,132.65,2230.649,car,224.7,4.0164,109.0,0.0,0.0,1.0,0.0,0.0,none,0,,,14
MVI_20011,87,13,782.15,169.79,86.15,56.03,825.225,197.805,4826.9845000000005,car,229.27,6.3675,148.0,0.0,0.2862132662742133,0.7137867337257867,0.0,0.2862132662742133,background,1,,-1,14
MVI_20011,87,14,551.1,59.02,26.4,21.595,564.3000000000001,69.8175,570.108,car,90.0,0.475,163.0,0.0,0.0,1.0,0.0,0.0,none,0,,,14
MVI_20011,87,15,582.75,51.405,25.4,21.77,595.45,62.29,552.958,car,187.35,0.39071,160.0,0.0,0.0,1.0,0.0,0.0,none,0,,,14
MVI_20011,87,16,509.9,51.23,22.95,20.73,521.375,61.595,475.7535,car,153.27,0.38908,179.0,0.0,0.0,1.0,0.0,0.0,none,0,,,14
MVI_20011,88,3,550.9,265.85,106.15,120.94,603.975,326.32000000000005,12837.781,car,13.908,8.1128,105.0,0.0,0.0,1.0,0.0,0.0,none,0,,,14
MVI_20011,88,4,477.18,159.93,57.57,57.59,505.96500000000003,188.72500000000002,3315.4563000000003,car,9.9629,2.023,132.0,0.0,0.0,1.0,0.0,0.0,none,0,,,14
MVI_20011,88,5,568.55,135.0,49.8,45.91,593.4499999999999,157.95499999999998,2286.3179999999998,car,35.6,1.3313,151.0,0.0,0.0,1.0,0.0,0.0,none,0,,,14
MVI_20011,88,6,653.45,54.52,25.95,16.835,666.4250000000001,62.9375,436.86825,car,201.44,1.1629,91.0,0.0,0.0,1.0,0.0,0.0,none,0,,,14
MVI_20011,88,7,659.95,69.575,38.1,28.52,679.0,83.83500000000001,1086.612,car,210.74,1.6142,157.0,0.0,0.0,1.0,0.0,0.0,none,0,,,14
MVI_20011,88,8,606.7,113.19,49.3,37.87,631.35,132.125,1866.9909999999998,car,74.409,1.6092,127.0,0.0,0.0,1.0,0.0,0.0,none,0,,1,14
MVI_20011,88,9,545.95,81.0,33.75,28.0,562.825,95.0,945.0,car,55.008,0.30516,163.0,0.0,0.0,1.0,0.0,0.0,none,0,,,14
MVI_20011,88,10,605.7,97.875,38.9,22.555,625.1500000000001,109.1525,877.3895,car,40.236,0.85147,127.0,0.0,0.3127413765494112,0.6872586234505889,0.3127413765494112,0.0,vehicle,1,8,,14
MVI_20011,88,11,728.2,92.94,44.4,34.24,750.4000000000001,110.06,1520.256,car,221.36,2.4214,136.0,0.0,0.0,1.0,0.0,0.0,none,0,,,14
MVI_20011,88,12,800.4,110.08,54.2,39.42,827.5,129.79,2136.5640000000003,car,224.67,4.0182,109.0,0.0,0.0,1.0,0.0,0.0,none,0,,,14
MVI_20011,88,13,778.05,166.16,84.6,55.0,820.3499999999999,193.66,4653.0,car,229.58,6.4038,148.0,0.0,0.27624113475177337,0.7237588652482266,0.0,0.27624113475177337,background,1,,-1,14
MVI_20011,88,14,551.4,58.675,26.75,22.285,564.775,69.8175,596.12375,car,90.0,0.475,163.0,0.0,0.0,1.0,0.0,0.0,none,0,,,14
MVI_20011,88,15,583.1,51.145,24.6,21.51,595.4,61.900000000000006,529.1460000000001,car,187.31,0.39319,160.0,0.0,0.0,1.0,0.0,0.0,none,0,,,14
MVI_20011,88,16,509.9,50.625,23.3,21.25,521.55,61.25,495.125,car,153.1,0.38685,179.0,0.0,0.0,1.0,0.0,0.0,none,0,,,14
MVI_20011,89,3,551.75,271.04,108.35,126.31,605.925,334.19500000000005,13685.6885,car,13.908,8.1128,105.0,0.0,0.0,1.0,0.0,0.0,none,0,,,14
MVI_20011,89,4,477.52,161.66,57.58,58.11,506.31,190.715,3345.9737999999998,car,9.9053,2.0201,132.0,0.0,0.0,1.0,0.0,0.0,none,0,,,14
MVI_20011,89,5,569.25,136.04,50.0,46.0,594.25,159.04,2300.0,car,36.466,1.346,151.0,0.0,0.0,1.0,0.0,0.0,none,0,,,14
MVI_20011,89,6,653.2,53.31,25.55,17.095,665.975,61.8575,436.77725,car,202.62,1.17,91.0,0.0,0.0,1.0,0.0,0.0,none,0,,,14
MVI_20011,89,7,659.1,68.365,38.2,28.175,678.2,82.4525,1076.285,car,210.06,1.5973,157.0,0.0,0.0,1.0,0.0,0.0,none,0,,,14
MVI_20011,89,8,607.85,113.71,50.15,37.7,632.9250000000001,132.56,1890.6550000000002,car,74.645,1.6333,127.0,0.0,0.0,1.0,0.0,0.0,none,0,,1,14
MVI_20011,89,9,545.7,81.175,34.75,28.005,563.075,95.1775,973.1737499999999,car,55.008,0.30516,163.0,0.0,0.0,1.0,0.0,0.0,none,0,,,14
MVI_20011,89,10,605.6,98.655,40.1,22.285,625.65,109.7975,893.6285,car,37.675,0.81808,127.0,0.0,0.30622960212213496,0.6937703978778651,0.30622960212213496,0.0,vehicle,1,8,,14
MVI_20011,89,11,727.1,91.385,43.4,33.715,748.8000000000001,108.2425,1463.231,car,221.36,2.4214,136.0,0.0,0.0,1.0,0.0,0.0,none,0,,,14
MVI_20011,89,12,798.4,107.48,52.6,38.9,824.6999999999999,126.93,2046.1399999999999,car,224.44,3.9989,109.0,0.0,0.0,1.0,0.0,0.0,none,0,,,14
MVI_20011,89,13,774.0,162.52,83.05,53.96,815.525,189.5,4481.378,car,229.27,6.3675,148.0,0.0,0.28266305587254653,0.7173369441274535,0.0,0.28266305587254653,background,1,,-1,14
MVI_20011,89,14,551.75,58.325,27.0,22.985,565.25,69.8175,620.595,car,90.0,0.475,163.0,0.0,0.0,1.0,0.0,0.0,none,0,,,14
MVI_20011,89,15,583.45,50.885,23.85,21.25,595.375,61.51,506.81250000000006,car,183.67,0.3908,160.0,0.0,0.0,1.0,0.0,0.0,none,0,,,14
MVI_20011,89,16,509.9,50.02,23.65,21.77,521.725,60.905,514.8605,car,153.1,0.38685,179.0,0.0,0.0,1.0,0.0,0.0,none,0,,,14
MVI_20011,90,3,552.65,276.23,110.45,131.67,607.875,342.065,14542.9515,car,13.908,8.1128,105.0,0.0,0.0,1.0,0.0,0.0,none,0,,,14
MVI_20011,90,4,477.87,163.38,57.58,58.64,506.66,192.7,3376.4912,car,9.9053,2.0201,132.0,0.0,0.0,1.0,0.0,0.0,none,0,,,14
MVI_20011,90,5,569.95,137.07,50.15,46.09,595.0250000000001,160.115,2311.4135,car,35.663,1.3293,151.0,0.0,0.0,1.0,0.0,0.0,none,0,,,14
MVI_20011,90,6,652.95,52.095,25.2,17.355,665.5500000000001,60.7725,437.346,car,201.39,1.1653,91.0,0.0,0.0,1.0,0.0,0.0,none,0,,,14
MVI_20011,90,7,658.2,67.155,38.3,27.825,677.35,81.0675,1065.6975,car,211.54,1.625,157.0,0.0,0.0,1.0,0.0,0.0,none,0,,,14
MVI_20011,90,8,608.95,114.23,51.05,37.52,634.475,132.99,1915.396,car,74.409,1.6092,127.0,0.0,0.0,1.0,0.0,0.0,none,0,,1,14
MVI_20011,90,9,545.45,81.345,35.8,28.005,563.35,95.3475,1002.5789999999998,car,58.276,0.3233,163.0,0.0,0.0,1.0,0.0,0.0,none,0,,,14
MVI_20011,90,10,605.5,99.435,41.35,22.025,626.175,110.4475,910.73375,car,38.928,0.83554,127.0,0.0,0.3008749812994193,0.6991250187005806,0.3008749812994193,0.0,vehicle,1,8,,14
MVI_20011,90,11,725.95,89.825,42.45,33.195,747.1750000000001,106.4225,1409.12775,car,221.8,2.438,136.0,0.0,0.0,1.0,0.0,0.0,none,0,,,14
MVI_20011,90,12,796.4,104.89,50.95,38.38,821.875,124.08,1955.4610000000002,car,224.7,4.0164,109.0,0.0,0.0,1.0,0.0,0.0,none,0,,,14
MVI_20011,90,13,769.95,158.88,81.45,52.93,810.6750000000001,185.345,4311.1485,car,229.43,6.3848,148.0,0.0,0.25584133787087127,0.7441586621291287,0.0,0.25584133787087127,background,1,,-1,14
MVI_20011,90,14,552.1,57.98,27.25,23.675,565.725,69.8175,645.1437500000001,car,90.0,0.475,163.0,0.0,0.0,1.0,0.0,0.0,none,0,,,14
MVI_20011,90,15,583.8,50.625,23.05,20.99,595.3249999999999,61.12,483.8195,car,187.31,0.39319,160.0,0.0,0.0,1.0,0.0,0.0,none,0,,,14
MVI_20011,90,16,509.9,49.413,24.0,22.287,521.9,60.5565,534.8879999999999,car,153.32,0.38975,179.0,0.0,0.0,1.0,0.0,0.0,none,0,,,14
MVI_20011,91,3,553.5,281.43,112.65,137.03,609.825,349.945,15436.4295,car,13.908,8.1128,105.0,0.0,0.0,1.0,0.0,0.0,none,0,,,15
MVI_20011,91,4,478.21,165.12,57.59,59.15,507.005,194.695,3406.4485,car,9.9053,2.0201,132.0,0.0,0.0,1.0,0.0,0.0,none,0,,,15
MVI_20011,91,5,570.65,138.12,50.3,46.17,595.8,161.205,2322.351,car,35.6,1.3313,151.0,0.0,0.0,1.0,0.0,0.0,none,0,,,15
MVI_20011,91,6,652.65,50.885,24.9,17.615,665.1,59.692499999999995,438.61349999999993,car,202.62,1.17,91.0,0.0,0.0,1.0,0.0,0.0,none,0,,,15
MVI_20011,91,7,657.35,65.94,38.4,27.485,676.5500000000001,79.6825,1055.424,car,210.01,1.5994,157.0,0.0,0.0,1.0,0.0,0.0,none,0,,,15
MVI_20011,91,8,610.1,114.75,51.9,37.35,636.0500000000001,133.425,1938.465,car,74.645,1.6333,127.0,0.0,0.0,1.0,0.0,0.0,none,0,,1,15
MVI_20011,91,9,545.2,81.52,36.8,28.0,563.6,95.52,1030.3999999999999,car,55.008,0.30516,163.0,0.0,0.0,1.0,0.0,0.0,none,0,,,15
MVI_20011,91,10,605.4,100.21,42.55,21.77,626.675,111.095,926.3135,car,37.675,0.81808,127.0,0.0,0.2954242813043305,0.7045757186956695,0.2954242813043305,0.0,vehicle,1,8,,15
MVI_20011,91,11,724.85,88.27,41.5,32.67,745.6,104.60499999999999,1355.805,car,220.91,2.405,136.0,0.0,0.0,1.0,0.0,0.0,none,0,,,15
MVI_20011,91,12,794.4,102.29,49.3,37.87,819.05,121.22500000000001,1866.9909999999998,car,224.7,4.0164,109.0,0.0,0.0,1.0,0.0,0.0,none,0,,,15
MVI_20011,91,13,765.85,155.25,79.95,51.88,805.825,181.19,4147.8060000000005,car,229.41,6.3864,148.0,0.0,0.261584076015127,0.738415923984873,0.0,0.261584076015127,background,1,,-1,15
MVI_20011,91,14,552.45,57.635,27.5,24.365,566.2,69.8175,670.0374999999999,car,90.0,0.475,163.0,0.0,0.0,1.0,0.0,0.0,none,0,,,15
MVI_20011,91,15,584.15,50.365,22.25,20.73,595.275,60.730000000000004,461.2425,car,187.31,0.39319,160.0,0.0,0.0,1.0,0.0,0.0,none,0,,,15
MVI_20011,91,16,509.9,48.807,24.35,22.808,522.0749999999999,60.211,555.3748,car,153.14,0.38729,179.0,0.0,0.0,1.0,0.0,0.0,none,0,,,15
MVI_20011,91,17,918.05,180.72,42.95,77.63,939.525,219.535,3334.2085,van,218.4,5.3529,121.0,0.59878,0.0,1.0,0.0,0.0,none,0,,,15
MVI_20011,92,3,552.8,288.61,117.5,143.18,611.55,360.20000000000005,16823.65,car,9.5484,10.399,105.0,0.0,0.0,1.0,0.0,0.0,none,0,,,14
MVI_20011,92,4,476.92,167.54,60.03,61.58,506.935,198.32999999999998,3696.6474,car,358.86,3.6357,132.0,0.0,0.0,1.0,0.0,0.0,none,0,,,14
MVI_20011,92,5,571.0,139.59,50.55,46.6,596.275,162.89000000000001,2355.63,car,15.743,1.7507,151.0,0.0,0.0,1.0,0.0,0.0,none,0,,,14
MVI_20011,92,7,656.4,64.645,37.95,27.48,675.375,78.38499999999999,1042.866,car,222.16,1.7505,157.0,0.0,0.0,1.0,0.0,0.0,none,0,,,14
MVI_20011,92,8,612.25,115.88,52.6,38.56,638.55,135.16,2028.256,car,55.278,3.0416,127.0,0.0,0.0,1.0,0.0,0.0,none,0,,1,14
MVI_20011,92,9,545.35,81.435,36.75,28.605,563.725,95.7375,1051.23375,car,29.887,0.25086,163.0,0.0,0.0,1.0,0.0,0.0,none,0,,,14
MVI_20011,92,10,605.75,100.47,42.05,24.02,626.775,112.48,1010.0409999999999,car,4.1297,1.3886,127.0,0.0,0.30304264876376263,0.6969573512362374,0.30304264876376263,0.0,vehicle,1,8,,14
MVI_20011,92,11,723.05,87.06,41.05,31.63,743.5749999999999,102.875,1298.4115,car,229.49,2.6634,136.0,0.0,0.0,1.0,0.0,0.0,none,0,,,14
MVI_20011,92,12,791.9,100.39,48.7,36.91,816.25,118.845,1797.5169999999998,car,229.64,3.6748,109.0,0.0,0.0,1.0,0.0,0.0,none,0,,,14
MVI_20011,92,13,763.9,152.91,78.45,49.64,803.125,177.73,3894.2580000000003,car,217.97,4.3888,148.0,0.0,0.24193312307505055,0.7580668769249495,0.0,0.24193312307505055,background,1,,-1,14
MVI_20011,92,14,552.65,57.81,27.05,23.585,566.175,69.6025,637.97425,car,186.63,0.21645,163.0,0.0,0.0,1.0,0.0,0.0,none,0,,,14
MVI_20011,92,15,584.85,50.365,22.8,21.25,596.25,60.99,484.5,car,75.069,1.0091,160.0,0.0,0.0,1.0,0.0,0.0,none,0,,,14
MVI_20011,92,16,510.15,49.068,24.45,22.982,522.375,60.559,561.9099,car,40.804,0.45908,179.0,0.0,0.0,1.0,0.0,0.0,none,0,,,14
MVI_20011,92,17,911.4,176.1,49.6,78.49,936.1999999999999,215.345,3893.104,van,218.4,5.3529,121.0,0.52759,0.0,1.0,0.0,0.0,none,0,,,14
MVI_20011,93,3,552.1,295.79,122.35,149.33,613.275,370.45500000000004,18270.5255,car,9.5484,10.399,105.0,0.0,0.0,1.0,0.0,0.0,none,0,,,14
MVI_20011,93,4,475.62,169.96,62.43,64.0,506.835,201.96,3995.52,car,358.42,3.6339,132.0,0.0,0.0,1.0,0.0,0.0,none,0,,,14
MVI_20011,93,5,571.35,141.06,50.8,47.04,596.75,164.58,2389.6319999999996,car,15.699,1.7555,151.0,0.0,0.0,1.0,0.0,0.0,none,0,,,14
MVI_20011,93,7,655.45,63.345,37.5,27.48,674.2,77.085,1030.5,car,222.11,1.7523,157.0,0.0,0.0,1.0,0.0,0.0,none,0,,,14
MVI_20011,93,8,614.4,117.0,53.3,39.77,641.05,136.885,2119.741,car,55.317,3.0402,127.0,0.0,0.0,1.0,0.0,0.0,none,0,,1,14
MVI_20011,93,9,545.55,81.345,36.65,29.215,563.875,95.9525,1070.72975,car,34.902,0.26215,163.0,0.0,0.0,1.0,0.0,0.0,none,0,,,14
MVI_20011,93,10,606.1,100.73,41.5,26.27,626.85,113.86500000000001,1090.205,car,3.0996,1.387,127.0,0.0,0.3045298819946712,0.6954701180053289,0.3045298819946712,0.0,vehicle,1,8,,14
MVI_20011,93,11,721.2,85.845,40.65,30.595,741.5250000000001,101.1425,1243.6867499999998,car,229.8,2.684,136.0,0.0,0.0,1.0,0.0,0.0,none,0,,,14
MVI_20011,93,12,789.4,98.48,48.1,35.96,813.4499999999999,116.46000000000001,1729.6760000000002,car,229.61,3.6765,109.0,0.0,0.0,1.0,0.0,0.0,none,0,,,14
MVI_20011,93,13,761.9,150.57,76.95,47.39,800.375,174.265,3646.6605,car,218.44,4.4237,148.0,0.0,0.20368224571494914,0.7963177542850508,0.0,0.20368224571494914,background,1,,-1,14
MVI_20011,93,14,552.8,57.98,26.6,22.81,566.0999999999999,69.38499999999999,606.746,car,199.03,0.23007,163.0,0.0,0.0,1.0,0.0,0.0,none,0,,,14
MVI_20011,93,15,585.5,50.365,23.35,21.77,597.175,61.25,508.3295,car,74.3,0.96085,160.0,0.0,0.0,1.0,0.0,0.0,none,0,,,14
MVI_20011,93,16,510.4,49.327,24.55,23.153,522.675,60.903499999999994,568.40615,car,41.03,0.457,179.0,0.0,0.0,1.0,0.0,0.0,none,0,,,14
MVI_20011,93,17,904.75,171.47,56.25,79.36,932.875,211.15,4464.0,van,218.42,5.351,121.0,0.45495,0.0,1.0,0.0,0.0,none,0,,,14
MVI_20011,94,3,551.4,302.97,127.2,155.47,615.0,380.70500000000004,19775.784,car,9.5507,10.397,105.0,0.0,0.0,1.0,0.0,0.0,none,0,,,14
MVI_20011,94,4,474.32,172.38,64.88,66.43,506.76,205.595,4309.9784,car,358.82,3.6383,132.0,0.0,0.0,1.0,0.0,0.0,none,0,,,14
MVI_20011,94,5,571.65,142.53,51.15,47.47,597.225,166.265,2428.0905,car,15.721,1.7531,151.0,0.0,0.0,1.0,0.0,0.0,none,0,,,14
MVI_20011,94,7,654.5,62.05,37.1,27.48,673.05,75.78999999999999,1019.508,car,221.61,1.7319,157.0,0.0,0.0,1.0,0.0,0.0,none,0,,,14
MVI_20011,94,8,616.6,118.13,53.95,40.97,643.575,138.615,2210.3315000000002,car,55.583,3.0608,127.0,0.0,0.0,1.0,0.0,0.0,none,0,,1,14
MVI_20011,94,9,545.7,81.26,36.6,29.82,564.0,96.17,1091.412,car,30.174,0.2487,163.0,0.0,0.0,1.0,0.0,0.0,none,0,,,14
MVI_20011,94,10,606.45,100.99,41.0,28.52,626.95,115.25,1169.32,car,4.1297,1.3886,127.0,0.0,0.3002368898163036,0.6997631101836964,0.3002368898163036,0.0,vehicle,1,8,,14
MVI_20011,94,11,719.4,84.635,40.2,29.555,739.5,99.41250000000001,1188.111,car,229.49,2.6634,136.0,0.0,0.0,1.0,0.0,0.0,none,0,,,14
MVI_20011,94,12,786.9,96.575,47.45,35.015,810.625,114.08250000000001,1661.4617500000002,car,229.89,3.6939,109.0,0.0,0.0,1.0,0.0,0.0,none,0,,,14
MVI_20011,94,13,759.9,148.24,75.5,45.14,797.65,170.81,3408.07,car,218.22,4.4042,148.0,0.0,0.15404613168156756,0.8459538683184324,0.0,0.15404613168156756,background,1,,-1,14
MVI_20011,94,14,553.0,58.155,26.15,22.03,566.075,69.17,576.0845,car,186.63,0.21645,163.0,0.0,0.0,1.0,0.0,0.0,none,0,,,14
MVI_20011,94,15,586.2,50.365,23.85,22.29,598.125,61.510000000000005,531.6165,car,74.694,0.98494,160.0,0.0,0.0,1.0,0.0,0.0,none,0,,,14
MVI_20011,94,16,510.65,49.587,24.65,23.328,522.975,61.251000000000005,575.0351999999999,car,40.825,0.45889,179.0,0.0,0.0,1.0,0.0,0.0,none,0,,,14
MVI_20011,94,17,898.1,166.85,62.9,80.22,929.5500000000001,206.95999999999998,5045.838,van,218.42,5.351,121.0,0.38082,0.0,1.0,0.0,0.0,none,0,,,14
MVI_20011,95,3,550.75,310.15,132.0,161.62,616.75,390.96,21333.84,car,9.6818,10.406,105.0,0.0,0.0,1.0,0.0,0.0,none,0,,,14
MVI_20011,95,4,473.02,174.81,67.28,68.85,506.65999999999997,209.235,4632.228,car,358.46,3.6363,132.0,0.0,0.0,1.0,0.0,0.0,none,0,,,14
MVI_20011,95,5,572.0,144.0,51.4,47.91,597.7,167.95499999999998,2462.5739999999996,car,15.721,1.7531,151.0,0.0,0.0,1.0,0.0,0.0,none,0,,,14
MVI_20011,95,7,653.55,60.75,36.65,27.48,671.875,74.49,1007.1419999999999,car,222.11,1.7523,157.0,0.0,0.0,1.0,0.0,0.0,none,0,,,14
MVI_20011,95,8,618.75,119.25,54.65,42.19,646.075,140.345,2305.6834999999996,car,55.317,3.0402,127.0,0.0,0.0,1.0,0.0,0.0,none,0,,1,14
MVI_20011,95,9,545.9,81.175,36.45,30.425,564.125,96.3875,1108.99125,car,29.887,0.25086,163.0,0.0,0.0,1.0,0.0,0.0,none,0,,,14
MVI_20011,95,10,606.8,101.25,40.45,30.77,627.025,116.635,1244.6465,car,3.0996,1.387,127.0,0.0,0.2924083263802214,0.7075916736197786,0.2924083263802214,0.0,vehicle,1,8,,14
MVI_20011,95,11,717.6,83.425,39.75,28.515,737.475,97.6825,1133.47125,car,229.49,2.6634,136.0,0.0,0.0,1.0,0.0,0.0,none,0,,,14
MVI_20011,95,12,784.4,94.675,46.85,34.055,807.8249999999999,111.7025,1595.47675,car,229.67,3.6732,109.0,0.0,0.0,1.0,0.0,0.0,none,0,,,14
MVI_20011,95,13,757.9,145.91,74.05,42.88,794.925,167.35,3175.264,car,218.22,4.4042,148.0,0.0,0.13610521833775077,0.8638947816622492,0.0,0.13610521833775077,background,1,,-1,14
MVI_20011,95,14,553.15,58.325,25.75,21.25,566.025,68.95,547.1875,car,192.8,0.22561,163.0,0.0,0.0,1.0,0.0,0.0,none,0,,,14
MVI_20011,95,15,586.9,50.365,24.35,22.81,599.0749999999999,61.77,555.4235,car,74.694,0.98494,160.0,0.0,0.0,1.0,0.0,0.0,none,0,,,14
MVI_20011,95,16,510.9,49.846,24.75,23.499,523.275,61.595499999999994,581.60025,car,41.03,0.457,179.0,0.0,0.0,1.0,0.0,0.0,none,0,,,14
MVI_20011,95,17,891.45,162.22,69.55,81.1,926.225,202.76999999999998,5640.504999999999,van,218.42,5.351,121.0,0.30511,0.0,1.0,0.0,0.0,none,0,,,14
MVI_20011,96,3,550.05,317.33,136.85,167.77,618.4749999999999,401.215,22959.3245,car,9.5507,10.397,105.0,0.0,0.0,1.0,0.0,0.0,none,0,,,14
MVI_20011,96,4,471.72,177.23,69.73,71.27,506.58500000000004,212.86499999999998,4969.6571,car,358.82,3.6333,132.0,0.0,0.0,1.0,0.0,0.0,none,0,,,14
MVI_20011,96,5,572.35,145.47,51.65,48.34,598.1750000000001,169.64,2496.761,car,15.721,1.7531,151.0,0.0,0.0,1.0,0.0,0.0,none,0,,,14
MVI_20011,96,7,652.6,59.45,36.2,27.485,670.7,73.1925,994.9570000000001,car,222.16,1.7505,157.0,0.0,0.0,1.0,0.0,0.0,none,0,,,14
MVI_20011,96,8,620.9,120.38,55.35,43.4,648.5749999999999,142.07999999999998,2402.19,car,55.278,3.0416,127.0,0.0,0.0,1.0,0.0,0.0,none,0,,1,14
MVI_20011,96,9,546.05,81.085,36.4,31.025,564.25,96.5975,1129.31,car,30.174,0.2487,163.0,0.0,0.0,1.0,0.0,0.0,none,0,,,14
MVI_20011,96,10,607.15,101.51,39.95,33.02,627.125,118.02000000000001,1319.1490000000001,car,4.1297,1.3886,127.0,0.0,0.28103724446594036,0.7189627555340596,0.28103724446594036,0.0,vehicle,1,8,,14
MVI_20011,96,11,715.75,82.21,39.35,27.48,735.425,95.94999999999999,1081.338,car,229.8,2.684,136.0,0.0,0.0,1.0,0.0,0.0,none,0,,,14
MVI_20011,96,12,781.9,92.77,46.25,33.11,805.025,109.32499999999999,1531.3374999999999,car,229.64,3.6748,109.0,0.0,0.0,1.0,0.0,0.0,none,0,,,14
MVI_20011,96,13,755.9,143.57,72.6,40.63,792.1999999999999,163.885,2949.738,car,218.18,4.4082,148.0,0.0,0.10434825059039135,0.8956517494096087,0.0,0.10434825059039135,background,1,,-1,14
MVI_20011,96,14,553.35,58.5,25.3,20.47,566.0,68.735,517.891,car,186.63,0.21645,163.0,0.0,0.0,1.0,0.0,0.0,none,0,,,14
MVI_20011,96,15,587.6,50.365,24.9,23.325,600.0500000000001,62.0275,580.7924999999999,car,75.206,1.0084,160.0,0.0,0.0,1.0,0.0,0.0,none,0,,,14
MVI_20011,96,16,511.2,50.105,24.8,23.675,523.6,61.942499999999995,587.14,car,43.125,0.47543,179.0,0.0,0.0,1.0,0.0,0.0,none,0,,,14
MVI_20011,96,17,884.8,157.59,76.2,81.97,922.9,198.575,6246.1140000000005,van,218.42,5.351,121.0,0.228,0.0,1.0,0.0,0.0,none,0,,,14
MVI_20011,97,3,549.35,324.52,141.7,173.91,620.2,411.47499999999997,24643.047,car,9.5461,10.402,105.0,0.0,0.0,1.0,0.0,0.0,none,0,,,14
MVI_20011,97,4,470.43,179.66,72.12,73.69,506.49,216.505,5314.5228,car,358.46,3.6363,132.0,0.0,0.0,1.0,0.0,0.0,none,0,,,14
MVI_20011,97,5,572.7,146.94,51.9,48.77,598.6500000000001,171.325,2531.163,car,15.743,1.7507,151.0,0.0,0.0,1.0,0.0,0.0,none,0,,,14
MVI_20011,97,7,651.65,58.155,35.75,27.48,669.525,71.895,982.41,car,222.16,1.7505,157.0,0.0,0.0,1.0,0.0,0.0,none,0,,,14
MVI_20011,97,8,623.1,121.5,56.0,44.62,651.1,143.81,2498.72,car,55.583,3.0608,127.0,0.0,0.0,1.0,0.0,0.0,none,0,,1,14
MVI_20011,97,9,546.25,81.0,36.3,31.64,564.4,96.82,1148.532,car,34.592,0.26421,163.0,0.0,0.0,1.0,0.0,0.0,none,0,,,14
MVI_20011,97,10,607.5,101.77,39.4,35.27,627.2,119.405,1389.6380000000001,car,3.0996,1.387,127.0,0.0,0.2661498893956549,0.7338501106043451,0.2661498893956549,0.0,vehicle,1,8,,14
MVI_20011,97,11,713.95,81.0,38.9,26.44,733.4000000000001,94.22,1028.516,car,229.49,2.6634,136.0,0.0,0.0,1.0,0.0,0.0,none,0,,,14
MVI_20011,97,12,779.35,90.865,45.65,32.155,802.1750000000001,106.9425,1467.87575,car,230.14,3.7131,109.0,0.0,0.0,1.0,0.0,0.0,none,0,,,14
MVI_20011,97,13,753.9,141.23,71.1,38.39,789.4499999999999,160.42499999999998,2729.529,car,218.48,4.4197,148.0,0.0,0.07144089694595661,0.9285591030540434,0.0,0.07144089694595661,background,1,,-1,14
MVI_20011,97,14,553.5,58.675,24.9,19.69,565.95,68.52,490.281,car,193.09,0.22074,163.0,0.0,0.0,1.0,0.0,0.0,none,0,,,14
MVI_20011,97,15,588.3,50.365,25.4,23.845,601.0,62.2875,605.6629999999999,car,74.694,0.98494,160.0,0.0,0.0,1.0,0.0,0.0,none,0,,,14
MVI_20011,97,16,511.45,50.365,24.9,23.845,523.9,62.2875,593.7404999999999,car,41.009,0.45719,179.0,0.0,0.0,1.0,0.0,0.0,none,0,,,14
MVI_20011,97,17,884.25,154.73,76.75,82.52,922.625,195.98999999999998,6333.41,van,186.08,2.5971,121.0,0.20637,0.0,1.0,0.0,0.0,none,0,,,14
MVI_20011,98,3,549.45,335.6,145.35,168.45,622.125,419.82500000000005,24484.207499999997,car,12.982,8.569,105.0,0.0,0.0,1.0,0.0,0.0,none,0,,,14
MVI_20011,98,4,469.3,183.03,73.1,75.77,505.85,220.915,5538.786999999999,car,351.78,4.4608,132.0,0.0,0.0,1.0,0.0,0.0,none,0,,,14
MVI_20011,98,5,572.65,148.85,53.25,50.06,599.275,173.88,2665.695,car,13.746,2.6303,151.0,0.0,0.0,1.0,0.0,0.0,none,0,,,14
MVI_20011,98,7,650.7,57.635,36.1,27.305,668.75,71.2875,985.7105,car,231.91,0.98472,157.0,0.0,0.0,1.0,0.0,0.0,none,0,,,14
MVI_20011,98,8,624.45,123.23,56.4,45.83,652.6500000000001,146.145,2584.812,car,33.548,2.8047,127.0,0.0,0.0,1.0,0.0,0.0,none,0,,1,14
MVI_20011,98,9,546.15,82.125,36.8,30.685,564.55,97.4675,1129.2079999999999,car,12.995,0.66708,163.0,0.0,0.0,1.0,0.0,0.0,none,0,,,14
MVI_20011,98,10,607.4,102.98,40.05,37.26,627.425,121.61,1492.263,car,5.8263,2.2164,127.0,0.0,0.26217228464419357,0.7378277153558064,0.26217228464419357,0.0,vehicle,1,8,,14
MVI_20011,98,11,713.0,79.875,37.85,26.875,731.925,93.3125,1017.21875,car,238.4,1.7318,136.0,0.0,0.0,1.0,0.0,0.0,none,0,,,14
MVI_20011,98,12,776.75,90.0,45.85,32.07,799.675,106.035,1470.4095,car,250.0,2.6605,109.0,0.0,0.0,1.0,0.0,0.0,none,0,,,14
MVI_20011,98,13,750.3,139.16,70.5,39.41,785.55,158.865,2778.4049999999997,car,248.23,4.1995,148.0,0.0,0.12345176459155545,0.8765482354084445,0.0,0.12345176459155545,background,1,,-1,14
MVI_20011,98,14,553.25,59.19,25.4,19.78,565.95,69.08,502.412,car,0.0,0.56,163.0,0.0,0.0,1.0,0.0,0.0,none,0,,,14
MVI_20011,98,15,587.5,50.885,26.2,24.02,600.6,62.894999999999996,629.324,car,326.64,0.72736,160.0,0.0,0.0,1.0,0.0,0.0,none,0,,,14
MVI_20011,98,16,510.5,50.28,25.5,24.535,523.25,62.5475,625.6425,car,291.8,0.70007,179.0,0.0,0.0,1.0,0.0,0.0,none,0,,,14
MVI_20011,98,17,877.85,152.13,83.15,82.0,919.4250000000001,193.13,6818.3,van,228.26,4.2885,121.0,0.17059,0.0,1.0,0.0,0.0,none,0,,,14
MVI_20011,99,3,555.2,342.65,138.35,183.15,624.375,434.22499999999997,25338.802499999998,car,8.8791,14.577,105.0,0.0,0.0,1.0,0.0,0.0,none,0,,,14
MVI_20011,99,4,468.18,186.41,74.02,77.84,505.19,225.32999999999998,5761.7168,car,351.46,4.462,132.0,0.0,0.0,1.0,0.0,0.0,none,0,,,14
MVI_20011,99,5,572.55,150.75,54.65,51.37,599.875,176.435,2807.3705,car,13.228,2.6221,151.0,0.0,0.0,1.0,0.0,0.0,none,0,,,14
MVI_20011,99,7,649.75,57.115,36.45,27.135,667.975,70.6825,989.0707500000001,car,232.02,0.98318,157.0,0.0,0.0,1.0,0.0,0.0,none,0,,,14
MVI_20011,99,8,625.85,124.96,56.75,47.04,654.225,148.48,2669.52,car,34.0,2.8165,127.0,0.0,0.0,1.0,0.0,0.0,none,0,,1,14
MVI_20011,99,9,546.05,83.25,37.35,29.73,564.7249999999999,98.115,1110.4155,car,15.124,0.67073,163.0,0.0,0.0,1.0,0.0,0.0,none,0,,,14
MVI_20011,99,10,607.35,104.19,40.6,39.25,627.65,123.815,1593.55,car,5.8263,2.2164,127.0,0.0,0.2562881616516586,0.7437118383483414,0.2562881616516586,0.0,vehicle,1,8,,14
MVI_20011,99,11,712.05,78.75,36.8,27.31,730.4499999999999,92.405,1005.0079999999999,car,238.4,1.7318,136.0,0.0,0.0,1.0,0.0,0.0,none,0,,,14
MVI_20011,99,12,774.15,89.135,46.0,31.975,797.15,105.1225,1470.8500000000001,car,250.23,2.6831,109.0,0.0,0.0,1.0,0.0,0.0,none,0,,,14
MVI_20011,99,13,746.65,137.07,69.9,40.47,781.6,157.305,2828.853,car,248.48,4.246,148.0,0.0,0.15011384472788103,0.849886155272119,0.0,0.15011384472788103,background,1,,-1,14
MVI_20011,99,14,553.0,59.71,25.9,19.865,565.95,69.6425,514.5034999999999,car,0.0,0.5625,163.0,0.0,0.0,1.0,0.0,0.0,none,0,,,14
MVI_20011,99,15,586.75,51.405,26.95,24.19,600.225,63.5,651.9205000000001,car,328.21,0.71179,160.0,0.0,0.0,1.0,0.0,0.0,none,0,,,14
MVI_20011,99,16,509.55,50.19,26.1,25.235,522.6,62.8075,658.6335,car,291.8,0.70007,179.0,0.0,0.0,1.0,0.0,0.0,none,0,,,14
MVI_20011,99,17,871.45,149.54,89.55,81.48,916.225,190.28,7296.534000000001,van,228.26,4.2885,121.0,0.13585,0.0,1.0,0.0,0.0,none,0,,,14
MVI_20011,100,3,556.05,354.51,142.4,173.89,627.25,441.455,24761.935999999998,car,21.692,7.7783,105.0,0.02282,0.0,1.0,0.0,0.0,none,0,,,14
MVI_20011,100,4,467.05,189.78,75.0,79.92,504.55,229.74,5994.0,car,351.78,4.4583,132.0,0.0,0.0,1.0,0.0,0.0,none,0,,,14
MVI_20011,100,5,572.45,152.66,56.05,52.66,600.475,178.99,2951.593,car,13.228,2.6221,151.0,0.0,0.0,1.0,0.0,0.0,none,0,,,14
MVI_20011,100,7,648.8,56.595,36.8,26.965,667.1999999999999,70.0775,992.3119999999999,car,232.02,0.98318,157.0,0.0,0.0,1.0,0.0,0.0,none,0,,,14
MVI_20011,100,8,627.25,126.69,57.05,48.25,655.775,150.815,2752.6625,car,33.577,2.8026,127.0,0.0,0.0,1.0,0.0,0.0,none,0,,1,14
MVI_20011,100,9,545.95,84.375,37.9,28.785,564.9000000000001,98.7675,1090.9515,car,15.068,0.67315,163.0,0.0,0.0,1.0,0.0,0.0,none,0,,,14
MVI_20011,100,10,607.25,105.41,41.25,41.24,627.875,126.03,1701.15,car,5.8133,2.2214,127.0,0.0,0.24933133468535998,0.75066866531464,0.24933133468535998,0.0,vehicle,1,8,,14
MVI_20011,100,11,711.1,77.625,35.8,27.735,729.0,91.4925,992.9129999999999,car,237.89,1.7119,136.0,0.0,0.0,1.0,0.0,0.0,none,0,,,14
MVI_20011,100,12,771.6,88.27,46.15,31.9,794.6750000000001,104.22,1472.185,car,249.86,2.6361,109.0,0.0,0.0,1.0,0.0,0.0,none,0,,,14
MVI_20011,100,13,743.0,135.0,69.3,41.5,777.65,155.75,2875.95,car,248.48,4.246,148.0,0.0,0.1782019854309011,0.8217980145690988,0.0,0.1782019854309011,background,1,,-1,14
MVI_20011,100,14,552.7,60.23,26.45,19.955,565.9250000000001,70.2075,527.8097499999999,car,357.47,0.56555,163.0,0.0,0.0,1.0,0.0,0.0,none,0,,,14
MVI_20011,100,15,585.95,51.925,27.75,24.365,599.825,64.1075,676.12875,car,326.64,0.72736,160.0,0.0,0.0,1.0,0.0,0.0,none,0,,,14
MVI_20011,100,16,508.6,50.105,26.7,25.925,521.95,63.067499999999995,692.1975,car,291.8,0.70007,179.0,0.0,0.0,1.0,0.0,0.0,none,0,,,14
MVI_20011,100,17,865.05,146.94,95.95,80.97,913.025,187.425,7769.0715,van,228.24,4.2901,121.0,0.10106,0.0,1.0,0.0,0.0,none,0,,,14
MVI_20011,101,3,556.9,366.36,146.45,164.64,630.125,448.68,24111.527999999995,car,21.692,7.7783,105.0,0.04864,0.0,1.0,0.0,0.0,none,0,,,14
MVI_20011,101,4,465.93,193.16,75.92,81.99,503.89,234.155,6224.6808,car,351.47,4.4644,132.0,0.0,0.0,1.0,0.0,0.0,none,0,,,14
MVI_20011,101,5,572.35,154.56,57.45,53.96,601.075,181.54,3100.0020000000004,car,13.216,2.6245,151.0,0.0,0.0,1.0,0.0,0.0,none,0,,,14
MVI_20011,101,7,647.85,56.075,37.15,26.79,666.4250000000001,69.47,995.2484999999999,car,231.91,0.98472,157.0,0.0,0.0,1.0,0.0,0.0,none,0,,,14
MVI_20011,101,8,628.6,128.43,57.45,49.45,657.325,153.155,2840.9025,car,33.52,2.8068,127.0,0.0,0.0,1.0,0.0,0.0,none,0,,1,14
MVI_20011,101,9,545.9,85.5,38.35,27.83,565.0749999999999,99.41499999999999,1067.2805,car,15.124,0.67073,163.0,0.0,0.0,1.0,0.0,0.0,none,0,,,14
MVI_20011,101,10,607.15,106.61,41.85,43.24,628.0749999999999,128.23,1809.594,car,5.1827,2.2141,127.0,0.0,0.2414729491808656,0.7585270508191344,0.2414729491808656,0.0,vehicle,1,8,,14
MVI_20011,101,11,710.15,76.5,34.75,28.18,727.525,90.59,979.255,car,238.4,1.7318,136.0,0.0,0.0,1.0,0.0,0.0,none,0,,,14
MVI_20011,101,12,769.0,87.405,46.35,31.805,792.175,103.3075,1474.16175,car,250.0,2.6605,109.0,0.0,0.0,1.0,0.0,0.0,none,0,,,14
MVI_20011,101,13,739.4,132.93,68.65,42.53,773.725,154.195,2919.6845000000003,car,248.36,4.2227,148.0,0.0,0.19419906500171508,0.8058009349982849,0.0,0.19419906500171508,background,1,,-1,14
MVI_20011,101,14,552.45,60.75,26.95,20.04,565.9250000000001,70.77,540.078,car,0.0,0.5625,163.0,0.0,0.0,1.0,0.0,0.0,none,0,,,14
MVI_20011,101,15,585.15,52.44,28.55,24.54,599.425,64.71,700.617,car,326.42,0.72319,160.0,0.0,0.0,1.0,0.0,0.0,none,0,,,14
MVI_20011,101,16,507.65,50.02,27.3,26.615,521.3,63.3275,726.5894999999999,car,291.8,0.70007,179.0,0.0,0.0,1.0,0.0,0.0,none,0,,,14
MVI_20011,101,17,858.65,144.35,102.35,80.44,909.8249999999999,184.57,8233.034,van,228.26,4.2885,121.0,0.06685,0.0,1.0,0.0,0.0,none,0,,,14
MVI_20011,102,3,557.8,378.21,150.5,155.44,633.05,455.92999999999995,23393.72,car,21.965,7.8201,105.0,0.07715,0.0,1.0,0.0,0.0,none,0,,,14
MVI_20011,102,4,464.8,196.53,76.9,84.08,503.25,238.57,6465.752,car,351.78,4.4583,132.0,0.0,0.0,1.0,0.0,0.0,none,0,,,14
MVI_20011,102,5,572.3,156.46,58.8,55.26,601.6999999999999,184.09,3249.2879999999996,car,13.772,2.6255,151.0,0.0,0.0,1.0,0.0,0.0,none,0,,,14
MVI_20011,102,7,646.9,55.56,37.5,26.615,665.65,68.8675,998.0624999999999,car,232.14,0.98165,157.0,0.0,0.0,1.0,0.0,0.0,none,0,,,14
MVI_20011,102,8,630.0,130.16,57.75,50.66,658.875,155.49,2925.615,car,33.577,2.8026,127.0,0.0,0.0,1.0,0.0,0.0,none,0,,1,14
MVI_20011,102,9,545.8,86.625,38.9,26.875,565.25,100.0625,1045.4375,car,15.068,0.67315,163.0,0.0,0.0,1.0,0.0,0.0,none,0,,,14
MVI_20011,102,10,607.05,107.83,42.45,45.22,628.275,130.44,1919.5890000000002,car,5.1769,2.2165,127.0,0.0,0.23252633766915745,0.7674736623308426,0.23252633766915745,0.0,vehicle,1,8,,14
MVI_20011,102,11,709.2,75.375,33.7,28.605,726.0500000000001,89.6775,963.9885,car,238.33,1.7331,136.0,0.0,0.0,1.0,0.0,0.0,none,0,,,14
MVI_20011,102,12,766.4,86.54,46.5,31.72,789.65,102.4,1474.98,car,250.23,2.6831,109.0,0.0,0.0,1.0,0.0,0.0,none,0,,,14
MVI_20011,102,13,735.75,130.85,68.05,43.58,769.775,152.64,2965.6189999999997,car,248.48,4.246,148.0,0.0,0.2553699581773654,0.7446300418226346,0.0,0.2553699581773654,background,1,,-1,14
MVI_20011,102,14,552.2,61.27,27.5,20.125,565.95,71.33250000000001,553.4375,car,2.5448,0.56306,163.0,0.0,0.0,1.0,0.0,0.0,none,0,,,14
MVI_20011,102,15,584.4,52.96,29.3,24.715,599.05,65.3175,724.1495,car,328.31,0.71392,160.0,0.0,0.0,1.0,0.0,0.0,none,0,,,14
MVI_20011,102,16,506.7,49.932,27.9,27.308,520.65,63.586,761.8932,car,291.71,0.69961,179.0,0.0,0.0,1.0,0.0,0.0,none,0,,,14
MVI_20011,102,17,852.25,141.75,95.75,79.93,900.125,181.715,7653.297500000001,van,253.6,10.111,121.0,0.03316,0.0,1.0,0.0,0.0,none,0,,,14
MVI_20011,103,3,558.65,390.07,154.55,150.93,635.925,465.53499999999997,23326.2315,car,16.668,10.024,105.0,0.10896,0.0,1.0,0.0,0.0,none,0,,,16
MVI_20011,103,4,463.68,199.91,77.82,86.15,502.59000000000003,242.985,6704.193,car,351.47,4.4644,132.0,0.0,0.0,1.0,0.0,0.0,none,0,,,16
MVI_20011,103,5,572.2,158.37,60.2,56.56,602.3000000000001,186.65,3404.9120000000003,car,13.216,2.6245,151.0,0.0,0.0,1.0,0.0,0.0,none,0,,,16
MVI_20011,103,7,645.9,55.04,37.9,26.44,664.85,68.26,1002.076,car,232.79,1.0045,157.0,0.0,0.0,1.0,0.0,0.0,none,0,,,16
MVI_20011,103,8,631.4,131.88,58.1,51.89,660.4499999999999,157.825,3014.809,car,33.972,2.8186,127.0,0.0,0.0,1.0,0.0,0.0,none,0,,1,16
MVI_20011,103,9,545.7,87.75,39.45,25.93,565.4250000000001,100.715,1022.9385000000001,car,15.068,0.67315,163.0,0.0,0.0,1.0,0.0,0.0,none,0,,,16
MVI_20011,103,10,607.0,109.04,43.05,47.21,628.525,132.645,2032.3905,car,6.4612,2.2216,127.0,0.0,0.2236285300487281,0.7763714699512719,0.2236285300487281,0.0,vehicle,1,8,,16
MVI_20011,103,11,708.25,74.25,32.65,29.04,724.575,88.77,948.156,car,238.4,1.7318,136.0,0.0,0.0,1.0,0.0,0.0,none,0,,,16
MVI_20011,103,12,763.8,85.675,46.7,31.635,787.15,101.49249999999999,1477.3545000000001,car,250.05,2.6596,109.0,0.0,0.0,1.0,0.0,0.0,none,0,,,16
MVI_20011,103,13,732.1,128.77,67.5,44.61,765.85,151.07500000000002,3011.175,car,248.36,4.2227,148.0,0.0,0.2565443722135045,0.7434556277864954,0.0,0.2565443722135045,background,1,,-1,16
MVI_20011,103,14,551.95,61.79,28.0,20.21,565.95,71.895,565.88,car,0.0,0.5625,163.0,0.0,0.0,1.0,0.0,0.0,none,0,,,16
MVI_20011,103,15,583.6,53.48,30.1,24.885,598.65,65.9225,749.0385000000001,car,326.53,0.72528,160.0,0.0,0.0,1.0,0.0,0.0,none,0,,,16
MVI_20011,103,16,505.75,49.846,28.5,27.999,520.0,63.845499999999994,797.9715,car,291.74,0.69979,179.0,0.0,0.0,1.0,0.0,0.0,none,0,,,16
MVI_20011,103,17,845.85,139.16,99.65,79.4,895.6750000000001,178.86,7912.210000000001,van,237.32,5.2871,121.0,0.0,0.0,1.0,0.0,0.0,none,0,,,16
MVI_20011,103,18,538.45,28.038,26.45,33.192,551.6750000000001,44.634,877.9284,others,90.172,0.25,211.0,0.0,0.0,1.0,0.0,0.0,none,0,,,16
MVI_20011,103,19,573.25,35.307,18.65,19.693,582.575,45.1535,367.27445,car,95.944,0.4273,167.0,0.0,0.0,1.0,0.0,0.0,none,0,,,16
MVI_20011,104,3,559.5,401.93,158.6,139.07,638.8,471.46500000000003,22056.501999999997,car,25.865,6.5902,105.0,0.14379,0.0,1.0,0.0,0.0,none,0,,,16
MVI_20011,104,4,463.5,203.71,78.65,88.58,502.825,248.0,6966.817,car,2.71,5.0231,132.0,0.0,0.0,1.0,0.0,0.0,none,0,,,16
MVI_20011,104,5,572.3,160.7,61.55,57.68,603.0749999999999,189.54,3550.2039999999997,car,14.974,2.9994,151.0,0.0,0.0,1.0,0.0,0.0,none,0,,,16
MVI_20011,104,7,645.4,54.345,37.2,26.095,664.0,67.3925,970.734,car,224.42,1.2145,157.0,0.0,0.0,1.0,0.0,0.0,none,0,,,16
MVI_20011,104,8,633.7,134.13,59.0,52.24,663.2,160.25,3082.1600000000003,car,48.623,3.6648,127.0,0.0,0.0,1.0,0.0,0.0,none,0,,1,16
MVI_20011,104,9,545.55,88.185,40.3,27.485,565.6999999999999,101.92750000000001,1107.6454999999999,car,12.779,1.2433,163.0,0.0,0.0,1.0,0.0,0.0,none,0,,,16
MVI_20011,104,10,607.05,110.17,43.6,46.95,628.8499999999999,133.645,2047.0200000000002,car,18.089,1.0467,127.0,0.0,0.1903647741595092,0.8096352258404909,0.1903647741595092,0.0,vehicle,1,8,,16
MVI_20011,104,11,706.85,73.04,33.45,29.21,723.575,87.64500000000001,977.0745000000001,car,221.63,1.5052,136.0,0.0,0.0,1.0,0.0,0.0,none,0,,,16
MVI_20011,104,12,762.4,84.29,45.3,30.68,785.05,99.63000000000001,1389.8039999999999,car,228.43,2.8069,109.0,0.0,0.0,1.0,0.0,0.0,none,0,,,16
MVI_20011,104,13,730.65,126.61,65.4,44.18,763.35,148.7,2889.3720000000003,car,226.41,3.4517,148.0,0.0,0.26039447326270215,0.7396055267372978,0.0,0.26039447326270215,background,1,,-1,16
MVI_20011,104,14,552.3,61.7,27.8,21.165,566.1999999999999,72.2825,588.387,car,32.829,0.46115,163.0,0.0,0.0,1.0,0.0,0.0,none,0,,,16
MVI_20011,104,15,584.75,53.48,29.45,25.06,599.475,66.00999999999999,738.0169999999999,car,83.946,0.82963,160.0,0.0,0.0,1.0,0.0,0.0,none,0,,,16
MVI_20011,104,16,505.8,50.45,28.35,27.83,519.975,64.36500000000001,788.9805,car,357.24,0.5201,179.0,0.0,0.0,1.0,0.0,0.0,none,0,,,16
MVI_20011,104,17,841.75,136.99,97.5,77.94,890.5,175.96,7599.15,van,240.73,5.9322,121.0,0.0,0.0,1.0,0.0,0.0,none,0,,,16
MVI_20011,104,18,538.55,27.952,26.75,33.363,551.925,44.6335,892.46025,others,90.172,0.25,211.0,0.0,0.0,1.0,0.0,0.0,none,0,,,16
MVI_20011,104,19,573.4,35.654,19.2,18.911,583.0,45.109500000000004,363.0912,car,95.944,0.4273,167.0,0.0,0.0,1.0,0.0,0.0,none,0,,,16
MVI_20011,105,3,555.2,416.38,158.55,124.62,634.475,478.69,19758.501000000004,car,329.1,8.4227,105.0,0.22596,0.0,1.0,0.0,0.0,none,0,,,16
MVI_20011,105,4,463.32,207.52,79.43,91.0,503.03499999999997,253.02,7228.130000000001,car,2.4239,5.0245,132.0,0.0,0.0,1.0,0.0,0.0,none,0,,,16
MVI_20011,105,5,572.35,163.04,63.0,58.81,603.85,192.445,3705.03,car,14.962,3.0018,151.0,0.0,0.0,1.0,0.0,0.0,none,0,,,16
MVI_20011,105,7,644.9,53.655,36.45,25.75,663.125,66.53,938.5875000000001,car,225.41,1.2286,157.0,0.0,0.0,1.0,0.0,0.0,none,0,,,16
MVI_20011,105,8,636.05,136.38,59.85,52.58,665.9749999999999,162.67,3146.913,car,48.88,3.6836,127.0,0.0,0.0,1.0,0.0,0.0,none,0,,1,16
MVI_20011,105,9,545.35,88.615,41.15,29.045,565.9250000000001,103.13749999999999,1195.20175,car,10.534,1.2307,163.0,0.0,0.0,1.0,0.0,0.0,none,0,,,16
MVI_20011,105,10,607.15,111.29,44.1,46.69,629.1999999999999,134.635,2059.029,car,19.38,1.0548,127.0,0.0,0.15945380079639523,0.8405461992036047,0.15945380079639523,0.0,vehicle,1,8,,16
MVI_20011,105,11,705.45,71.825,34.25,29.385,722.575,86.5175,1006.4362500000001,car,221.57,1.5071,136.0,0.0,0.0,1.0,0.0,0.0,none,0,,,16
MVI_20011,105,12,761.0,82.905,43.95,29.735,782.975,97.77250000000001,1306.8532500000001,car,228.13,2.7866,109.0,0.0,0.0,1.0,0.0,0.0,none,0,,,16
MVI_20011,105,13,729.15,124.44,63.35,43.75,760.8249999999999,146.315,2771.5625,car,226.66,3.4716,148.0,0.0,0.2321831097079716,0.7678168902920284,0.0,0.2321831097079716,background,1,,-1,16
MVI_20011,105,14,552.65,61.615,27.65,22.115,566.475,72.6725,611.47975,car,35.189,0.47721,163.0,0.0,0.0,1.0,0.0,0.0,none,0,,,16
MVI_20011,105,15,585.85,53.48,28.9,25.23,600.3000000000001,66.095,729.1469999999999,car,84.118,0.82937,160.0,0.0,0.0,1.0,0.0,0.0,none,0,,,16
MVI_20011,105,16,505.9,51.06,28.2,27.65,520.0,64.885,779.7299999999999,car,2.7525,0.5206,179.0,0.0,0.0,1.0,0.0,0.0,none,0,,,16
MVI_20011,105,17,837.7,134.82,95.3,76.47,885.35,173.055,7287.590999999999,van,240.62,5.9104,121.0,0.0,0.0,1.0,0.0,0.0,none,0,,,16
MVI_20011,105,18,538.6,27.866,27.15,33.539,552.1750000000001,44.6355,910.58385,others,89.599,0.25001,211.0,0.0,0.0,1.0,0.0,0.0,none,0,,,16
MVI_20011,105,19,573.6,36.0,19.65,18.135,583.4250000000001,45.0675,356.35275,car,95.644,0.42707,167.0,0.0,0.0,1.0,0.0,0.0,none,0,,,16
MVI_20011,106,4,463.15,211.32,80.2,93.43,503.25,258.03499999999997,7493.086000000001,car,2.4536,5.0221,132.0,0.0,0.0,1.0,0.0,0.0,none,0,,,15
MVI_20011,106,5,572.45,165.38,64.35,59.93,604.625,195.345,3856.4954999999995,car,14.962,3.0018,151.0,0.0,0.0,1.0,0.0,0.0,none,0,,,15
MVI_20011,106,7,644.35,52.96,35.8,25.405,662.25,65.6625,909.499,car,225.25,1.2321,157.0,0.0,0.0,1.0,0.0,0.0,none,0,,,15
MVI_20011,106,8,638.4,138.63,60.7,52.93,668.75,165.095,3212.851,car,48.851,3.6853,127.0,0.0,0.0,1.0,0.0,0.0,none,0,,1,15
MVI_20011,106,9,545.2,89.05,42.0,30.6,566.2,104.35,1285.2,car,12.779,1.2433,163.0,0.0,0.0,1.0,0.0,0.0,none,0,,,15
MVI_20011,106,10,607.25,112.42,44.6,46.43,629.55,135.635,2070.7780000000002,car,19.38,1.0548,127.0,0.0,0.13133179896637925,0.8686682010336207,0.13133179896637925,0.0,vehicle,1,8,,15
MVI_20011,106,11,704.1,70.615,35.0,29.56,721.6,85.395,1034.6,car,220.98,1.4868,136.0,0.0,0.0,1.0,0.0,0.0,none,0,,,15
MVI_20011,106,12,759.65,81.52,42.5,28.78,780.9,95.91,1223.15,car,228.13,2.7866,109.0,0.0,0.0,1.0,0.0,0.0,none,0,,,15
MVI_20011,106,13,727.7,122.28,61.25,43.32,758.325,143.94,2653.35,car,226.44,3.45,148.0,0.0,0.19786307874950534,0.8021369212504946,0.0,0.19786307874950534,background,1,,-1,15
MVI_20011,106,14,553.0,61.53,27.45,23.065,566.725,73.0625,633.1342500000001,car,32.661,0.46325,163.0,0.0,0.0,1.0,0.0,0.0,none,0,,,15
MVI_20011,106,15,587.0,53.48,28.25,25.405,601.125,66.1825,717.6912500000001,car,83.946,0.82963,160.0,0.0,0.0,1.0,0.0,0.0,none,0,,,15
MVI_20011,106,16,506.0,51.665,28.0,27.48,520.0,65.405,769.44,car,0.0,0.52,179.0,0.0,0.0,1.0,0.0,0.0,none,0,,,15
MVI_20011,106,17,833.65,132.66,93.15,75.0,880.225,170.16,6986.25,van,240.52,5.8874,121.0,0.0,0.0,1.0,0.0,0.0,none,0,,,15
MVI_20011,106,18,538.7,27.779,27.5,33.711,552.45,44.6345,927.0525,others,90.156,0.275,211.0,0.0,0.0,1.0,0.0,0.0,none,0,,,15
MVI_20011,106,19,573.75,36.346,20.2,17.354,583.85,45.022999999999996,350.5508,car,95.977,0.42732,167.0,0.0,0.0,1.0,0.0,0.0,none,0,,,15
MVI_20011,107,4,462.98,215.13,80.97,95.85,503.46500000000003,263.055,7760.974499999999,car,2.4239,5.0245,132.0,0.0,0.0,1.0,0.0,0.0,none,0,,,15
MVI_20011,107,5,572.55,167.71,65.7,61.06,605.4,198.24,4011.6420000000003,car,14.974,2.9994,151.0,0.0,0.0,1.0,0.0,0.0,none,0,,,15
MVI_20011,107,7,643.85,52.27,35.1,25.055,661.4,64.7975,879.4305,car,224.5,1.2127,157.0,0.0,0.0,1.0,0.0,0.0,none,0,,,15
MVI_20011,107,8,640.75,140.88,61.55,53.28,671.525,167.51999999999998,3279.384,car,48.88,3.6836,127.0,0.0,0.0,1.0,0.0,0.0,none,0,,1,15
MVI_20011,107,9,545.0,89.48,42.9,32.16,566.45,105.56,1379.6639999999998,car,11.674,1.2356,163.0,0.0,0.0,1.0,0.0,0.0,none,0,,,15
MVI_20011,107,10,607.35,113.54,45.1,46.17,629.9,136.625,2082.2670000000003,car,19.38,1.0548,127.0,0.0,0.1058034344298789,0.8941965655701211,0.1058034344298789,0.0,vehicle,1,8,,15
MVI_20011,107,11,702.7,69.405,35.8,29.73,720.6,84.27,1064.3339999999998,car,221.63,1.5052,136.0,0.0,0.0,1.0,0.0,0.0,none,0,,,15
MVI_20011,107,12,758.25,80.135,41.15,27.825,778.825,94.0475,1144.99875,car,228.09,2.7883,109.0,0.0,0.0,1.0,0.0,0.0,none,0,,,15
MVI_20011,107,13,726.25,120.11,59.15,42.89,755.825,141.555,2536.9435,car,226.41,3.4517,148.0,0.0,0.20487251686921684,0.7951274831307832,0.0,0.20487251686921684,background,1,,-1,15
MVI_20011,107,14,553.35,61.44,27.3,24.02,567.0,73.45,655.746,car,35.362,0.47516,163.0,0.0,0.0,1.0,0.0,0.0,none,0,,,15
MVI_20011,107,15,588.1,53.48,27.65,25.58,601.9250000000001,66.27,707.2869999999999,car,83.758,0.80477,160.0,0.0,0.0,1.0,0.0,0.0,none,0,,,15
MVI_20011,107,16,506.1,52.27,27.8,27.305,520.0,65.9225,759.0790000000001,car,0.0,0.5175,179.0,0.0,0.0,1.0,0.0,0.0,none,0,,,15
MVI_20011,107,17,829.55,130.5,91.0,73.52,875.05,167.26,6690.32,van,240.73,5.9322,121.0,0.0,0.0,1.0,0.0,0.0,none,0,,,15
MVI_20011,107,18,538.8,27.692,27.8,33.883,552.6999999999999,44.6335,941.9474000000001,others,90.172,0.25,211.0,0.0,0.0,1.0,0.0,0.0,none,0,,,15
MVI_20011,107,19,573.9,36.693,20.75,16.577,584.275,44.9815,343.97275,car,95.61,0.42705,167.0,0.0,0.0,1.0,0.0,0.0,none,0,,,15
MVI_20011,108,4,462.81,218.94,81.74,98.27,503.68,268.075,8032.589799999999,car,2.4536,5.0221,132.0,0.0,0.0,1.0,0.0,0.0,none,0,,,15
MVI_20011,108,5,572.65,170.05,67.1,62.18,606.1999999999999,201.14000000000001,4172.277999999999,car,15.422,3.0083,151.0,0.0,0.0,1.0,0.0,0.0,none,0,,,15
MVI_20011,108,7,643.35,51.575,34.4,24.715,660.5500000000001,63.932500000000005,850.1959999999999,car,224.5,1.2127,157.0,0.0,0.0,1.0,0.0,0.0,none,0,,,15
MVI_20011,108,8,643.05,143.13,62.45,53.62,674.275,169.94,3348.569,car,48.623,3.6648,127.0,0.0,0.0,1.0,0.0,0.0,none,0,,,15
MVI_20011,108,9,544.85,89.915,43.75,33.715,566.725,106.77250000000001,1475.0312500000002,car,12.779,1.2433,163.0,0.0,0.0,1.0,0.0,0.0,none,0,,,15
MVI_20011,108,10,607.4,114.67,45.65,45.9,630.225,137.62,2095.335,car,18.089,1.0467,127.0,0.0,0.0,1.0,0.0,0.0,none,0,,,15
MVI_20011,108,11,701.3,68.19,36.6,29.905,719.5999999999999,83.1425,1094.5230000000001,car,221.57,1.5071,136.0,0.0,0.0,1.0,0.0,0.0,none,0,,,15
MVI_20011,108,12,756.85,78.75,39.8,26.88,776.75,92.19,1069.8239999999998,car,228.13,2.7866,109.0,0.0,0.0,1.0,0.0,0.0,none,0,,,15
MVI_20011,108,13,724.75,117.95,57.1,42.46,753.3,139.18,2424.466,car,226.69,3.4699,148.0,0.0,0.18983561741018432,0.8101643825898157,0.0,0.18983561741018432,background,1,,-1,15
MVI_20011,108,14,553.65,61.355,27.15,24.97,567.225,73.84,677.9354999999999,car,29.982,0.45025,163.0,0.0,0.0,1.0,0.0,0.0,none,0,,,15
MVI_20011,108,15,589.25,53.48,27.05,25.75,602.775,66.35499999999999,696.5375,car,84.289,0.85424,160.0,0.0,0.0,1.0,0.0,0.0,none,0,,,15
MVI_20011,108,16,506.15,52.875,27.65,27.135,519.975,66.4425,750.28275,car,357.25,0.5206,179.0,0.0,0.0,1.0,0.0,0.0,none,0,,,15
MVI_20011,108,17,825.5,128.34,88.85,72.04,869.925,164.36,6400.754,van,240.5,5.8886,121.0,0.0,0.0,1.0,0.0,0.0,none,0,,,15
MVI_20011,108,18,538.9,27.606,28.15,34.059,552.975,44.6355,958.7608499999999,others,89.635,0.27501,211.0,0.0,0.0,1.0,0.0,0.0,none,0,,,15
MVI_20011,108,19,574.1,37.038,21.25,15.797,584.725,44.936499999999995,335.68625000000003,car,95.648,0.45219,167.0,0.0,0.0,1.0,0.0,0.0,none,0,,,15
MVI_20011,109,4,462.63,222.75,82.52,100.69,503.89,273.095,8308.9388,car,2.4239,5.0245,132.0,0.0,0.0,1.0,0.0,0.0,none,0,,,15
MVI_20011,109,5,572.7,172.38,68.5,63.31,606.95,204.035,4336.735000000001,car,14.512,2.993,151.0,0.0,0.0,1.0,0.0,0.0,none,0,,,15
MVI_20011,109,7,642.8,50.885,33.7,24.365,659.65,63.067499999999995,821.1005,car,226.14,1.2483,157.0,0.0,0.0,1.0,0.0,0.0,none,0,,,15
MVI_20011,109,8,645.4,145.38,63.3,53.97,677.05,172.365,3416.301,car,48.88,3.6836,127.0,0.0,0.0,1.0,0.0,0.0,none,0,,,15
MVI_20011,109,9,544.65,90.345,44.65,35.265,566.975,107.97749999999999,1574.58225,car,11.674,1.2356,163.0,0.0,0.0,1.0,0.0,0.0,none,0,,,15
MVI_20011,109,10,607.5,115.79,46.15,45.65,630.575,138.615,2106.7475,car,19.38,1.0548,127.0,0.0,0.0,1.0,0.0,0.0,none,0,,,15
MVI_20011,109,11,699.9,66.98,37.35,30.08,718.5749999999999,82.02000000000001,1123.488,car,222.4,1.5201,136.0,0.0,0.0,1.0,0.0,0.0,none,0,,,15
MVI_20011,109,12,755.5,77.365,38.35,25.925,774.675,90.3275,994.2237500000001,car,228.13,2.7866,109.0,0.0,0.0,1.0,0.0,0.0,none,0,,,15
MVI_20011,109,13,723.3,115.79,55.0,42.02,750.8,136.8,2311.1000000000004,car,226.44,3.45,148.0,0.0,0.17724460213751028,0.8227553978624897,0.0,0.17724460213751028,background,1,,-1,15
MVI_20011,109,14,554.0,61.27,27.0,25.92,567.5,74.23,699.84,car,35.189,0.47721,163.0,0.0,0.0,1.0,0.0,0.0,none,0,,,15
MVI_20011,109,15,590.35,53.48,26.45,25.925,603.575,66.4425,685.71625,car,83.758,0.80477,160.0,0.0,0.0,1.0,0.0,0.0,none,0,,,15
MVI_20011,109,16,506.25,53.48,27.5,26.96,520.0,66.96,741.4,car,2.7658,0.5181,179.0,0.0,0.0,1.0,0.0,0.0,none,0,,,15
MVI_20011,109,17,821.4,126.18,86.7,70.57,864.75,161.465,6118.419,van,240.76,5.9309,121.0,0.0,0.0,1.0,0.0,0.0,none,0,,,15
MVI_20011,109,18,538.95,27.519,28.55,34.231,553.225,44.6345,977.2950500000001,others,90.229,0.25,211.0,0.0,0.0,1.0,0.0,0.0,none,0,,,15
MVI_20011,109,19,574.25,37.385,21.8,15.02,585.15,44.894999999999996,327.436,car,95.644,0.42707,167.0,0.0,0.0,1.0,0.0,0.0,none,0,,,15
MVI_20011,110,4,461.51,227.85,84.79,104.08,503.905,279.89,8824.9432,car,0.1054,6.795,132.0,0.0,0.0,1.0,0.0,0.0,none,0,,,15
MVI_20011,110,5,573.25,174.29,69.15,65.3,607.825,206.94,4515.495,car,16.79,3.0291,151.0,0.0,0.0,1.0,0.0,0.0,none,0,,,15
MVI_20011,110,7,642.4,50.28,33.35,24.19,659.0749999999999,62.375,806.7365000000001,car,219.7,0.9001,157.0,0.0,0.0,1.0,0.0,0.0,none,0,,,15
MVI_20011,110,8,647.4,147.98,65.4,54.48,680.1,175.22,3562.992,car,46.891,4.1777,127.0,0.0,0.0,1.0,0.0,0.0,none,0,,,15
MVI_20011,110,9,546.25,91.04,42.85,35.27,567.675,108.67500000000001,1511.3195000000003,car,45.205,0.98642,163.0,0.0,0.0,1.0,0.0,0.0,none,0,,,15
MVI_20011,110,10,607.75,117.35,47.3,46.78,631.4,140.74,2212.694,car,21.264,2.2749,127.0,0.0,0.0,1.0,0.0,0.0,none,0,,,15
MVI_20011,110,11,699.5,66.2,36.45,29.82,717.725,81.11,1086.939,car,223.05,1.2452,136.0,0.0,0.0,1.0,0.0,0.0,none,0,,,15
MVI_20011,110,12,753.6,76.155,38.2,25.665,772.7,88.9875,980.403,car,235.79,2.3881,109.0,0.0,0.0,1.0,0.0,0.0,none,0,,,15
MVI_20011,110,13,721.3,113.89,54.55,41.84,748.5749999999999,134.81,2282.372,car,228.16,2.9868,148.0,0.0,0.15641621961713517,0.8435837803828649,0.0,0.15641621961713517,background,1,,-1,15
MVI_20011,110,14,554.55,61.53,26.8,26.18,567.9499999999999,74.62,701.624,car,49.086,0.59548,163.0,0.0,0.0,1.0,0.0,0.0,none,0,,,15
MVI_20011,110,15,590.65,53.825,27.2,26.53,604.25,67.09,721.616,car,46.191,0.93535,160.0,0.0,0.0,1.0,0.0,0.0,none,0,,,15
MVI_20011,110,16,506.15,53.655,27.6,26.785,519.9499999999999,67.0475,739.2660000000001,car,330.26,0.10078,179.0,0.0,0.0,1.0,0.0,0.0,none,0,,,15
MVI_20011,110,17,818.15,123.93,84.4,68.84,860.35,158.35000000000002,5810.0960000000005,van,234.7,5.391,121.0,0.0,0.0,1.0,0.0,0.0,none,0,,,15
MVI_20011,110,18,539.65,27.779,27.9,34.146,553.6,44.852000000000004,952.6734,others,59.886,0.43351,211.0,0.0,0.0,1.0,0.0,0.0,none,0,,,15
MVI_20011,110,19,574.35,36.865,21.85,15.885,585.275,44.807500000000005,347.08725000000004,car,124.84,0.1523,167.0,0.0,0.0,1.0,0.0,0.0,none,0,,,15
MVI_20011,111,4,460.38,232.96,87.02,107.44,503.89,286.68,9349.4288,car,359.89,6.7925,132.0,0.0,0.0,1.0,0.0,0.0,none,0,,,15
MVI_20011,111,5,573.75,176.19,69.9,67.29,608.7,209.835,4703.571000000001,car,16.804,3.0267,151.0,0.0,0.0,1.0,0.0,0.0,none,0,,,15
MVI_20011,111,7,641.95,49.673,33.0,24.017,658.45,61.6815,792.561,car,222.03,0.93358,157.0,0.0,0.0,1.0,0.0,0.0,none,0,,,15
MVI_20011,111,8,649.4,150.57,67.45,55.0,683.125,178.07,3709.75,car,46.656,4.1595,127.0,0.0,0.0,1.0,0.0,0.0,none,0,,,15
MVI_20011,111,9,547.8,91.73,41.15,35.27,568.375,109.36500000000001,1451.3605,car,45.412,0.9829,163.0,0.0,0.0,1.0,0.0,0.0,none,0,,,15
MVI_20011,111,10,608.0,118.91,48.45,47.9,632.225,142.85999999999999,2320.755,car,21.241,2.2772,127.0,0.0,0.0,1.0,0.0,0.0,none,0,,,15
MVI_20011,111,11,699.05,65.425,35.6,29.555,716.8499999999999,80.2025,1052.1580000000001,car,223.96,1.2606,136.0,0.0,0.0,1.0,0.0,0.0,none,0,,,15
MVI_20011,111,12,751.65,74.94,38.05,25.405,770.675,87.6425,966.66025,car,236.46,2.4296,109.0,0.0,0.0,1.0,0.0,0.0,none,0,,,15
MVI_20011,111,13,719.3,111.98,54.15,41.68,746.375,132.82,2256.9719999999998,car,227.87,2.9665,148.0,0.0,0.15817653032470055,0.8418234696752994,0.0,0.15817653032470055,background,1,,-1,15
MVI_20011,111,14,555.05,61.79,26.6,26.44,568.3499999999999,75.01,703.3040000000001,car,45.725,0.55866,163.0,0.0,0.0,1.0,0.0,0.0,none,0,,,15
MVI_20011,111,15,590.9,54.175,28.0,27.135,604.9,67.74249999999999,759.7800000000001,car,44.89,0.92101,160.0,0.0,0.0,1.0,0.0,0.0,none,0,,,15
MVI_20011,111,16,506.1,53.825,27.65,26.615,519.9250000000001,67.13250000000001,735.9047499999999,car,343.61,0.0886,179.0,0.0,0.0,1.0,0.0,0.0,none,0,,,15
MVI_20011,111,17,814.85,121.68,82.15,67.11,855.9250000000001,155.235,5513.0865,van,234.86,5.4115,121.0,0.0,0.0,1.0,0.0,0.0,none,0,,,15
MVI_20011,111,18,540.35,28.038,27.3,34.057,554.0,45.066500000000005,929.7561000000001,others,61.77,0.454,211.0,0.0,0.0,1.0,0.0,0.0,none,0,,,15
MVI_20011,111,19,574.45,36.346,21.95,16.749,585.4250000000001,44.720499999999994,367.64054999999996,car,120.19,0.17353,167.0,0.0,0.0,1.0,0.0,0.0,none,0,,,15
MVI_20011,112,4,459.26,238.07,89.29,110.81,503.905,293.475,9894.224900000001,car,0.10544,6.7925,132.0,0.0,0.0,1.0,0.0,0.0,none,0,,,15
MVI_20011,112,5,574.25,178.1,70.6,69.28,609.55,212.74,4891.168,car,16.336,3.022,151.0,0.0,0.0,1.0,0.0,0.0,none,0,,,15
MVI_20011,112,7,641.5,49.068,32.7,23.847,657.85,60.9915,779.7969000000002,car,221.0,0.91457,157.0,0.0,0.0,1.0,0.0,0.0,none,0,,,15
MVI_20011,112,8,651.4,153.18,69.5,55.51,686.15,180.935,3857.9449999999997,car,46.631,4.1612,127.0,0.0,0.0,1.0,0.0,0.0,none,0,,,15
MVI_20011,112,9,549.35,92.425,39.4,35.265,569.0500000000001,110.0575,1389.441,car,44.267,0.96705,163.0,0.0,0.0,1.0,0.0,0.0,none,0,,,15
MVI_20011,112,10,608.3,120.46,49.55,49.03,633.0749999999999,144.975,2429.4365,car,21.871,2.2817,127.0,0.0,0.0,1.0,0.0,0.0,none,0,,,15
MVI_20011,112,11,698.65,64.645,34.75,29.295,716.025,79.29249999999999,1018.00125,car,222.2,1.2283,136.0,0.0,0.0,1.0,0.0,0.0,none,0,,,15
MVI_20011,112,12,749.75,73.73,37.9,25.145,768.7,86.30250000000001,952.9955,car,235.84,2.3867,109.0,0.0,0.0,1.0,0.0,0.0,none,0,,,15
MVI_20011,112,13,717.3,110.08,53.7,41.49,744.15,130.825,2228.0130000000004,car,228.16,2.9868,148.0,0.0,0.16023245824867266,0.8397675417513273,0.0,0.16023245824867266,background,1,,-1,15
MVI_20011,112,14,555.6,62.05,26.4,26.7,568.8000000000001,75.39999999999999,704.88,car,49.086,0.59548,163.0,0.0,0.0,1.0,0.0,0.0,none,0,,,15
MVI_20011,112,15,591.15,54.52,28.75,27.74,605.525,68.39,797.525,car,43.987,0.89993,160.0,0.0,0.0,1.0,0.0,0.0,none,0,,,15
MVI_20011,112,16,506.0,54.0,27.75,26.44,519.875,67.22,733.71,car,330.26,0.10078,179.0,0.0,0.0,1.0,0.0,0.0,none,0,,,15
MVI_20011,112,17,811.55,119.43,79.95,65.38,851.525,152.12,5227.130999999999,van,234.7,5.391,121.0,0.0,0.0,1.0,0.0,0.0,none,0,,,15
MVI_20011,112,18,541.05,28.298,26.7,33.972,554.4,45.284,907.0524,others,61.493,0.45519,211.0,0.0,0.0,1.0,0.0,0.0,none,0,,,15
MVI_20011,112,19,574.55,35.827,22.0,17.613,585.55,44.6335,387.486,car,124.84,0.1523,167.0,0.0,0.0,1.0,0.0,0.0,none,0,,,15
MVI_20011,113,4,458.13,243.18,91.52,114.19,503.89,300.275,10450.6688,car,359.89,6.795,132.0,0.0,0.0,1.0,0.0,0.0,none,0,,,15
MVI_20011,113,5,574.8,180.0,71.25,71.27,610.425,215.635,5077.987499999999,car,16.79,3.0291,151.0,0.0,0.0,1.0,0.0,0.0,none,0,,,15
MVI_20011,113,7,641.1,48.462,32.3,23.673,657.25,60.298500000000004,764.6378999999998,car,220.89,0.91665,157.0,0.0,0.0,1.0,0.0,0.0,none,0,,,15
MVI_20011,113,8,653.35,155.77,71.65,56.04,689.1750000000001,183.79000000000002,4015.266,car,46.631,4.1612,127.0,0.0,0.0,1.0,0.0,0.0,none,0,,,15
MVI_20011,113,9,550.9,93.115,37.7,35.275,569.75,110.7525,1329.8675,car,45.309,0.98466,163.0,0.0,0.0,1.0,0.0,0.0,none,0,,,15
MVI_20011,113,10,608.55,122.02,50.65,50.16,633.875,147.1,2540.604,car,20.652,2.2683,127.0,0.0,0.0,1.0,0.0,0.0,none,0,,,15
MVI_20011,113,11,698.2,63.865,33.9,29.04,715.1500000000001,78.385,984.4559999999999,car,223.96,1.2606,136.0,0.0,0.0,1.0,0.0,0.0,none,0,,,15
MVI_20011,113,12,747.85,72.52,37.7,24.885,766.7,84.96249999999999,938.1645000000001,car,236.18,2.4074,109.0,0.0,0.0,1.0,0.0,0.0,none,0,,,15
MVI_20011,113,13,715.35,108.18,53.25,41.32,741.975,128.84,2200.29,car,227.58,2.9463,148.0,0.0,0.16225133959614416,0.8377486604038559,0.0,0.16225133959614416,background,1,,-1,15
MVI_20011,113,14,556.1,62.31,26.25,26.96,569.225,75.79,707.7,car,47.459,0.57682,163.0,0.0,0.0,1.0,0.0,0.0,none,0,,,15
MVI_20011,113,15,591.4,54.865,29.55,28.345,606.175,69.0375,837.59475,car,45.11,0.91747,160.0,0.0,0.0,1.0,0.0,0.0,none,0,,,15
MVI_20011,113,16,505.9,54.175,27.85,26.265,519.8249999999999,67.3075,731.4802500000001,car,330.26,0.10078,179.0,0.0,0.0,1.0,0.0,0.0,none,0,,,15
MVI_20011,113,17,808.25,117.18,77.7,63.64,847.1,149.0,4944.828,van,234.83,5.4129,121.0,0.0,0.0,1.0,0.0,0.0,none,0,,,15
MVI_20011,113,18,541.75,28.558,26.1,33.882,554.8,45.498999999999995,884.3202,others,61.77,0.454,211.0,0.0,0.0,1.0,0.0,0.0,none,0,,,15
MVI_20011,113,19,574.6,35.307,22.15,18.483,585.6750000000001,44.548500000000004,409.39844999999997,car,124.14,0.15102,167.0,0.0,0.0,1.0,0.0,0.0,none,0,,,15
MVI_20011,114,4,457.01,248.28,93.79,117.57,503.905,307.065,11026.890300000001,car,0.10544,6.7925,132.0,0.0,0.0,1.0,0.0,0.0,none,0,,,15
MVI_20011,114,5,575.3,181.91,71.95,73.25,611.275,218.535,5270.337500000001,car,16.336,3.022,151.0,0.0,0.0,1.0,0.0,0.0,none,0,,,15
MVI_20011,114,7,640.65,47.856,32.0,23.499,656.65,59.6055,751.968,car,220.9,0.91646,157.0,0.0,0.0,1.0,0.0,0.0,none,0,,,15
MVI_20011,114,8,655.35,158.37,73.7,56.56,692.2,186.65,4168.472000000001,car,46.656,4.1595,127.0,0.0,0.0,1.0,0.0,0.0,none,0,,,15
MVI_20011,114,9,552.45,93.81,35.95,35.26,570.4250000000001,111.44,1267.597,car,44.267,0.96705,163.0,0.0,0.0,1.0,0.0,0.0,none,0,,,15
MVI_20011,114,10,608.8,123.58,51.8,51.27,634.6999999999999,149.215,2655.786,car,21.286,2.2725,127.0,0.0,0.0,1.0,0.0,0.0,none,0,,,15
MVI_20011,114,11,697.75,63.085,33.05,28.78,714.275,77.475,951.179,car,223.88,1.2624,136.0,0.0,0.0,1.0,0.0,0.0,none,0,,,15
MVI_20011,114,12,745.95,71.31,37.55,24.625,764.725,83.6225,924.6687499999999,car,235.84,2.3867,109.0,0.0,0.0,1.0,0.0,0.0,none,0,,,15
MVI_20011,114,13,713.35,106.27,52.8,41.16,739.75,126.85,2173.2479999999996,car,228.19,2.9851,148.0,0.0,0.16427025355596786,0.8357297464440321,0.0,0.16427025355596786,background,1,,-1,15
MVI_20011,114,14,556.6,62.565,26.1,27.225,569.65,76.1775,710.5725000000001,car,47.643,0.57514,163.0,0.0,0.0,1.0,0.0,0.0,none,0,,,15
MVI_20011,114,15,591.65,55.21,30.35,28.955,606.8249999999999,69.6875,878.78425,car,45.0,0.91924,160.0,0.0,0.0,1.0,0.0,0.0,none,0,,,15
MVI_20011,114,16,505.8,54.345,27.95,26.095,519.775,67.3925,729.35525,car,329.53,0.098615,179.0,0.0,0.0,1.0,0.0,0.0,none,0,,,15
MVI_20011,114,17,805.0,114.93,75.4,61.92,842.7,145.89000000000001,4668.768,van,234.7,5.391,121.0,0.0,0.0,1.0,0.0,0.0,none,0,,,15
MVI_20011,114,18,542.4,28.817,25.5,33.798,555.15,45.716,861.849,others,58.142,0.41208,211.0,0.0,0.0,1.0,0.0,0.0,none,0,,,15
MVI_20011,114,19,574.7,34.788,22.2,19.347,585.8000000000001,44.4615,429.5034,car,124.84,0.1523,167.0,0.0,0.0,1.0,0.0,0.0,none,0,,,15
MVI_20011,115,4,455.88,253.38,96.02,120.94,503.89,313.85,11612.6588,car,359.89,6.7925,132.0,0.0,0.0,1.0,0.0,0.0,none,0,,,15
MVI_20011,115,5,575.85,183.81,72.65,75.25,612.1750000000001,221.435,5466.9125,car,17.241,3.0364,151.0,0.0,0.0,1.0,0.0,0.0,none,0,,,15
MVI_20011,115,7,640.2,47.25,31.65,23.325,656.0250000000001,58.9125,738.2362499999999,car,222.05,0.93321,157.0,0.0,0.0,1.0,0.0,0.0,none,0,,,15
MVI_20011,115,8,657.35,160.96,75.75,57.08,695.225,189.5,4323.8099999999995,car,46.656,4.1595,127.0,0.0,0.0,1.0,0.0,0.0,none,0,,,15
MVI_20011,115,9,554.0,94.5,34.25,35.27,571.125,112.135,1207.9975000000002,car,45.309,0.98466,163.0,0.0,0.0,1.0,0.0,0.0,none,0,,,15
MVI_20011,115,10,609.05,125.14,52.95,52.4,635.525,151.34,2774.58,car,21.241,2.2772,127.0,0.0,0.0,1.0,0.0,0.0,none,0,,,15
MVI_20011,115,11,697.35,62.31,32.15,28.515,713.4250000000001,76.5675,916.75725,car,223.13,1.2434,136.0,0.0,0.0,1.0,0.0,0.0,none,0,,,15
MVI_20011,115,12,744.05,70.095,37.35,24.365,762.7249999999999,82.2775,910.03275,car,236.08,2.4102,109.0,0.0,0.0,1.0,0.0,0.0,none,0,,,15
MVI_20011,115,13,711.35,104.36,52.4,40.99,737.5500000000001,124.855,2147.876,car,227.83,2.9682,148.0,0.0,0.15038112069784287,0.8496188793021571,0.0,0.15038112069784287,background,1,,-1,15
MVI_20011,115,14,557.15,62.825,25.9,27.485,570.1,76.5675,711.8615,car,49.086,0.59548,163.0,0.0,0.0,1.0,0.0,0.0,none,0,,,15
MVI_20011,115,15,591.9,55.56,31.15,29.555,607.475,70.3375,920.63825,car,45.0,0.91924,160.0,0.0,0.0,1.0,0.0,0.0,none,0,,,15
MVI_20011,115,16,505.75,54.52,28.0,25.92,519.75,67.48,725.76,car,344.05,0.091001,179.0,0.0,0.0,1.0,0.0,0.0,none,0,,,15
MVI_20011,115,17,801.7,112.68,73.15,60.19,838.2750000000001,142.775,4402.8985,van,234.86,5.4115,121.0,0.0,0.0,1.0,0.0,0.0,none,0,,,15
MVI_20011,115,18,543.1,29.077,24.9,33.713,555.5500000000001,45.9335,839.4537,others,61.493,0.45519,211.0,0.0,0.0,1.0,0.0,0.0,none,0,,,15
MVI_20011,115,19,574.8,34.269,22.3,20.211,585.9499999999999,44.3745,450.70529999999997,car,120.19,0.17353,167.0,0.0,0.0,1.0,0.0,0.0,none,0,,,15
MVI_20011,116,4,453.46,260.13,99.39,126.57,503.155,323.41499999999996,12579.7923,car,355.59,9.5909,132.0,0.0,0.0,1.0,0.0,0.0,none,0,,,15
MVI_20011,116,5,576.7,187.44,74.3,76.2,613.85,225.54,5661.66,car,22.185,4.4359,151.0,0.0,0.0,1.0,0.0,0.0,none,0,,,15
MVI_20011,116,7,639.7,46.644,31.35,23.156,655.375,58.221999999999994,725.9406,car,223.27,0.94831,157.0,0.0,0.0,1.0,0.0,0.0,none,0,,,15
MVI_20011,116,8,659.85,163.65,76.65,58.89,698.1750000000001,193.095,4513.918500000001,car,39.391,4.6485,127.0,0.0,0.0,1.0,0.0,0.0,none,0,,,15
MVI_20011,116,9,553.6,96.23,35.1,35.18,571.15,113.82000000000001,1234.818,car,0.84876,1.6877,163.0,0.0,0.0,1.0,0.0,0.0,none,0,,,15
MVI_20011,116,10,609.85,128.43,53.85,51.36,636.775,154.11,2765.736,car,24.288,3.039,127.0,0.0,0.0,1.0,0.0,0.0,none,0,,,15
MVI_20011,116,11,696.2,61.615,32.0,27.74,712.2,75.485,887.68,car,228.53,1.6348,136.0,0.0,0.0,1.0,0.0,0.0,none,0,,,15
MVI_20011,116,12,742.85,68.97,36.8,24.97,761.25,81.455,918.8959999999998,car,240.85,1.6888,109.0,0.0,0.0,1.0,0.0,0.0,none,0,,,15
MVI_20011,116,13,709.0,103.42,52.4,40.02,735.2,123.43,2097.0480000000002,car,238.72,2.7496,148.0,0.0,0.13590532977785916,0.8640946702221408,0.0,0.13590532977785916,background,1,,-1,15
MVI_20011,116,14,556.7,64.04,27.15,27.305,570.2750000000001,77.69250000000001,741.33075,car,8.8418,1.1385,163.0,0.0,0.0,1.0,0.0,0.0,none,0,,,15
MVI_20011,116,15,592.35,56.075,30.6,29.56,607.65,70.855,904.5360000000001,car,18.684,0.54629,160.0,0.0,0.0,1.0,0.0,0.0,none,0,,,15
MVI_20011,116,16,506.15,55.04,27.25,25.23,519.775,67.655,687.5175,car,8.1301,0.17678,179.0,0.0,0.0,1.0,0.0,0.0,none,0,,,15
MVI_20011,116,17,798.6,111.29,71.25,59.33,834.225,140.955,4227.2625,van,245.83,4.4391,121.0,0.0,0.0,1.0,0.0,0.0,none,0,,,15
MVI_20011,116,18,542.95,29.509,25.05,33.451,555.475,46.2345,837.9475500000001,others,346.02,0.31045,211.0,0.0,0.0,1.0,0.0,0.0,none,0,,,15
MVI_20011,116,19,575.5,35.394,21.85,19.781,586.425,45.284499999999994,432.21485,car,27.564,1.0265,167.0,0.0,0.0,1.0,0.0,0.0,none,0,,,15
MVI_20011,117,4,451.04,266.88,102.76,132.19,502.42,332.975,13583.8444,car,355.6,9.5907,132.0,0.0,0.0,1.0,0.0,0.0,none,0,,,15
MVI_20011,117,5,577.55,191.07,75.95,77.16,615.525,229.64999999999998,5860.302,car,22.173,4.4382,151.0,0.0,0.0,1.0,0.0,0.0,none,0,,,15
MVI_20011,117,7,639.15,46.038,31.15,22.982,654.725,57.528999999999996,715.8892999999999,car,223.18,0.94995,157.0,0.0,0.0,1.0,0.0,0.0,none,0,,,15
MVI_20011,117,8,662.35,166.32,77.5,60.72,701.1,196.68,4705.8,car,39.172,4.6307,127.0,0.0,0.0,1.0,0.0,0.0,none,0,,,15
MVI_20011,117,9,553.15,97.96,35.95,35.1,571.125,115.50999999999999,1261.8450000000003,car,359.15,1.6877,163.0,0.0,0.0,1.0,0.0,0.0,none,0,,,15
MVI_20011,117,10,610.6,131.71,54.85,50.33,638.025,156.875,2760.6005,car,24.307,3.0367,127.0,0.0,0.0,1.0,0.0,0.0,none,0,,,15
MVI_20011,117,11,695.1,60.925,31.8,26.96,711.0,74.405,857.3280000000001,car,228.01,1.6144,136.0,0.0,0.0,1.0,0.0,0.0,none,0,,,15
MVI_20011,117,12,741.65,67.845,36.3,25.58,759.8,80.63499999999999,928.5539999999999,car,240.51,1.6658,109.0,0.0,0.0,1.0,0.0,0.0,none,0,,,15
MVI_20011,117,13,706.65,102.46,52.45,39.08,732.875,122.0,2049.746,car,238.45,2.7283,148.0,0.0,0.16877700944409715,0.8312229905559029,0.0,0.16877700944409715,background,1,,-1,15
MVI_20011,117,14,556.25,65.25,28.35,27.135,570.425,78.8175,769.2772500000001,car,7.5946,1.135,163.0,0.0,0.0,1.0,0.0,0.0,none,0,,,15
MVI_20011,117,15,592.8,56.595,30.05,29.56,607.8249999999999,71.375,888.278,car,18.6,0.54866,160.0,0.0,0.0,1.0,0.0,0.0,none,0,,,15
MVI_20011,117,16,506.6,55.56,26.45,24.535,519.825,67.8275,648.95075,car,16.164,0.1796,179.0,0.0,0.0,1.0,0.0,0.0,none,0,,,15
MVI_20011,117,17,795.45,109.91,69.4,58.46,830.1500000000001,139.14,4057.1240000000003,van,245.96,4.4619,121.0,0.0,0.0,1.0,0.0,0.0,none,0,,,15
MVI_20011,117,18,542.75,29.942,25.25,33.193,555.375,46.5385,838.12325,others,341.79,0.32002,211.0,0.0,0.0,1.0,0.0,0.0,none,0,,,15
MVI_20011,117,19,576.15,36.519,21.45,19.346,586.875,46.192,414.9717,car,26.375,1.0129,167.0,0.0,0.0,1.0,0.0,0.0,none,0,,,15
MVI_20011,118,4,448.62,273.63,106.13,137.82,501.685,342.53999999999996,14626.836599999999,car,355.59,9.5909,132.0,0.0,0.0,1.0,0.0,0.0,none,0,,,15
MVI_20011,118,5,578.4,194.71,77.6,78.11,617.1999999999999,233.76500000000001,6061.335999999999,car,22.173,4.4382,151.0,0.0,0.0,1.0,0.0,0.0,none,0,,,15
MVI_20011,118,7,638.65,45.432,30.85,22.808,654.0749999999999,56.836,703.6268,car,223.17,0.95013,157.0,0.0,0.0,1.0,0.0,0.0,none,0,,,15
MVI_20011,118,8,664.9,169.01,78.35,62.53,704.0749999999999,200.27499999999998,4899.2255,car,39.629,4.6644,127.0,0.0,0.0,1.0,0.0,0.0,none,0,,,15
MVI_20011,118,9,552.7,99.69,36.85,35.01,571.125,117.195,1290.1185,car,0.0,1.685,163.0,0.0,0.0,1.0,0.0,0.0,none,0,,,15
MVI_20011,118,10,611.4,135.0,55.75,49.29,639.275,159.645,2747.9175,car,24.288,3.039,127.0,0.0,0.0,1.0,0.0,0.0,none,0,,,15
MVI_20011,118,11,693.95,60.23,31.65,26.185,709.7750000000001,73.32249999999999,828.7552499999999,car,228.53,1.6348,136.0,0.0,0.0,1.0,0.0,0.0,none,0,,,15
MVI_20011,118,12,740.4,66.72,35.8,26.185,758.3,79.8125,937.4229999999999,car,241.26,1.7107,109.0,0.0,0.0,1.0,0.0,0.0,none,0,,,15
MVI_20011,118,13,704.35,101.51,52.4,38.12,730.5500000000001,120.57000000000001,1997.4879999999998,car,238.45,2.7283,148.0,0.0,0.19642170566231165,0.8035782943376883,0.0,0.19642170566231165,background,1,,-1,15
MVI_20011,118,14,555.85,66.46,29.55,26.965,570.625,79.9425,796.81575,car,10.081,1.1426,163.0,0.0,0.0,1.0,0.0,0.0,none,0,,,15
MVI_20011,118,15,593.2,57.115,29.6,29.56,608.0,71.895,874.976,car,18.6,0.54866,160.0,0.0,0.0,1.0,0.0,0.0,none,0,,,15
MVI_20011,118,16,507.05,56.075,25.65,23.85,519.875,68.0,611.7525,car,16.164,0.1796,179.0,0.0,0.0,1.0,0.0,0.0,none,0,,,15
MVI_20011,118,17,792.35,108.52,67.45,57.6,826.075,137.32,3885.1200000000003,van,245.96,4.4619,121.0,0.0,0.0,1.0,0.0,0.0,none,0,,,15
MVI_20011,118,18,542.6,30.375,25.4,32.935,555.3000000000001,46.8425,836.549,others,346.13,0.31287,211.0,0.0,0.0,1.0,0.0,0.0,none,0,,,15
MVI_20011,118,19,576.85,37.644,21.0,18.916,587.35,47.102,397.236,car,27.564,1.0265,167.0,0.0,0.0,1.0,0.0,0.0,none,0,,,15
MVI_20011,119,4,446.19,280.38,109.51,143.44,500.945,352.1,15708.1144,car,355.59,9.5909,132.0,0.0,0.0,1.0,0.0,0.0,none,0,,,15
MVI_20011,119,5,579.3,198.35,79.2,79.05,618.9,237.875,6260.76,car,22.459,4.45,151.0,0.0,0.0,1.0,0.0,0.0,none,0,,,15
MVI_20011,119,7,638.15,44.827,30.6,22.633,653.4499999999999,56.143499999999996,692.5698,car,222.06,0.93302,157.0,0.0,0.0,1.0,0.0,0.0,none,0,,,15
MVI_20011,119,8,667.4,171.69,79.2,64.35,707.0,203.865,5096.5199999999995,car,39.172,4.6307,127.0,0.0,0.0,1.0,0.0,0.0,none,0,,,15
MVI_20011,119,9,552.3,101.43,37.7,34.92,571.15,118.89000000000001,1316.4840000000002,car,0.84751,1.6902,163.0,0.0,0.0,1.0,0.0,0.0,none,0,,,15
MVI_20011,119,10,612.15,138.29,56.75,48.25,640.525,162.415,2738.1875,car,24.288,3.039,127.0,0.0,0.0,1.0,0.0,0.0,none,0,,,15
MVI_20011,119,11,692.85,59.54,31.45,25.4,708.575,72.24,798.8299999999999,car,227.95,1.6161,136.0,0.0,0.0,1.0,0.0,0.0,none,0,,,15
MVI_20011,119,12,739.2,65.595,35.3,26.79,756.85,78.99,945.6869999999999,car,240.44,1.667,109.0,0.0,0.0,1.0,0.0,0.0,none,0,,,15
MVI_20011,119,13,702.0,100.56,52.4,37.17,728.2,119.14500000000001,1947.708,car,238.72,2.7496,148.0,0.0,0.18329236209945227,0.8167076379005478,0.0,0.18329236209945227,background,1,,-1,15
MVI_20011,119,14,555.4,67.675,30.75,26.785,570.775,81.0675,823.63875,car,7.5946,1.135,163.0,0.0,0.0,1.0,0.0,0.0,none,0,,,15
MVI_20011,119,15,593.65,57.635,29.05,29.555,608.175,72.4125,858.57275,car,18.684,0.54629,160.0,0.0,0.0,1.0,0.0,0.0,none,0,,,15
MVI_20011,119,16,507.45,56.595,24.9,23.155,519.9,68.1725,576.5595,car,8.2463,0.1743,179.0,0.0,0.0,1.0,0.0,0.0,none,0,,,15
MVI_20011,119,17,789.25,107.14,65.55,56.73,822.025,135.505,3718.6514999999995,van,245.83,4.4391,121.0,0.0,0.0,1.0,0.0,0.0,none,0,,,15
MVI_20011,119,18,542.4,30.808,25.6,32.672,555.1999999999999,47.144,836.4032,others,341.64,0.31741,211.0,0.0,0.0,1.0,0.0,0.0,none,0,,,15
MVI_20011,119,19,577.55,38.769,20.55,18.481,587.8249999999999,48.0095,379.78455,car,27.628,1.0243,167.0,0.0,0.0,1.0,0.0,0.0,none,0,,,15
MVI_20011,120,4,443.77,287.13,112.88,149.07,500.21,361.66499999999996,16827.0216,car,355.6,9.5907,132.0,0.0,0.0,1.0,0.0,0.0,none,0,,,15
MVI_20011,120,5,580.15,201.98,80.9,80.01,620.6,241.98499999999999,6472.809000000001,car,22.471,4.4477,151.0,0.0,0.0,1.0,0.0,0.0,none,0,,,15
MVI_20011,120,7,637.6,44.221,30.35,22.464,652.775,55.452999999999996,681.7823999999999,car,224.35,0.96562,157.0,0.0,0.0,1.0,0.0,0.0,none,0,,,15
MVI_20011,120,8,669.9,174.38,80.1,66.16,709.9499999999999,207.45999999999998,5299.415999999999,car,39.391,4.6485,127.0,0.0,0.0,1.0,0.0,0.0,none,0,,,15
MVI_20011,120,9,551.85,103.16,38.55,34.83,571.125,120.57499999999999,1342.6964999999998,car,359.15,1.6877,163.0,0.0,0.0,1.0,0.0,0.0,none,0,,,15
MVI_20011,120,10,612.95,141.57,57.7,47.22,641.8000000000001,165.18,2724.594,car,24.736,3.0471,127.0,0.0,0.0,1.0,0.0,0.0,none,0,,,15
MVI_20011,120,11,691.7,58.845,31.3,24.625,707.35,71.1575,770.7625,car,228.53,1.6348,136.0,0.0,0.0,1.0,0.0,0.0,none,0,,,15
MVI_20011,120,12,738.0,64.47,34.75,27.395,755.375,78.1675,951.9762499999999,car,240.85,1.6888,109.0,0.0,0.0,1.0,0.0,0.0,none,0,,,15
MVI_20011,120,13,699.65,99.605,52.4,36.215,725.85,117.7125,1897.6660000000002,car,238.68,2.7509,148.0,0.0,0.21598110521029507,0.7840188947897049,0.0,0.21598110521029507,background,1,,-1,15
MVI_20011,120,14,554.95,68.885,32.0,26.615,570.95,82.19250000000001,851.68,car,8.8418,1.1385,163.0,0.0,0.0,1.0,0.0,0.0,none,0,,,15
MVI_20011,120,15,594.1,58.155,28.5,29.555,608.35,72.9325,842.3175,car,18.6,0.54866,160.0,0.0,0.0,1.0,0.0,0.0,none,0,,,15
MVI_20011,120,16,507.9,57.115,24.1,22.46,519.9499999999999,68.345,541.2860000000001,car,16.164,0.1796,179.0,0.0,0.0,1.0,0.0,0.0,none,0,,,15
MVI_20011,120,17,786.1,105.75,63.65,55.87,817.9250000000001,133.685,3556.1254999999996,van,246.09,4.4848,121.0,0.0,0.0,1.0,0.0,0.0,none,0,,,15
MVI_20011,120,18,542.25,31.241,25.75,32.414,555.125,47.448,834.6605000000001,others,346.14,0.31311,211.0,0.0,0.0,1.0,0.0,0.0,none,0,,,15
MVI_20011,120,19,578.25,39.894,20.15,18.046,588.325,48.917,363.6269,car,28.853,1.0361,167.0,0.0,0.0,1.0,0.0,0.0,none,0,,,15
MVI_20011,121,4,441.35,293.88,116.25,154.69,499.475,371.225,17982.7125,car,355.59,9.5909,132.0,0.0,0.0,1.0,0.0,0.0,none,0,,,15
MVI_20011,121,5,581.0,205.62,82.55,80.95,622.275,246.095,6682.4225,car,22.173,4.4382,151.0,0.0,0.0,1.0,0.0,0.0,none,0,,,15
MVI_20011,121,7,637.1,43.615,30.05,22.29,652.125,54.760000000000005,669.8145,car,223.18,0.94995,157.0,0.0,0.0,1.0,0.0,0.0,none,0,,,15
MVI_20011,121,8,672.4,177.06,80.95,67.98,712.875,211.05,5502.981000000001,car,39.152,4.6327,127.0,0.0,0.0,1.0,0.0,0.0,none,0,,,15
MVI_20011,121,9,551.4,104.89,39.45,34.74,571.125,122.26,1370.4930000000002,car,0.0,1.6875,163.0,0.0,0.0,1.0,0.0,0.0,none,0,,,15
MVI_20011,121,10,613.75,144.87,58.6,46.17,643.05,167.955,2705.5620000000004,car,24.288,3.039,127.0,0.0,0.0,1.0,0.0,0.0,none,0,,,15
MVI_20011,121,11,690.6,58.155,31.1,23.845,706.15,70.0775,741.5795,car,228.01,1.6144,136.0,0.0,0.0,1.0,0.0,0.0,none,0,,,15
MVI_20011,121,12,736.8,63.345,34.2,28.0,753.9,77.345,957.6000000000001,car,240.85,1.6888,109.0,0.0,0.0,1.0,0.0,0.0,none,0,,,15
MVI_20011,121,13,697.35,98.655,52.4,35.275,723.5500000000001,116.2925,1848.4099999999999,car,238.22,2.7057,148.0,0.0,0.2231052634426346,0.7768947365573654,0.0,0.2231052634426346,background,1,,-1,15
MVI_20011,121,14,554.55,70.095,33.2,26.445,571.15,83.3175,877.974,car,10.081,1.1426,163.0,0.0,0.0,1.0,0.0,0.0,none,0,,,15
MVI_20011,121,15,594.5,58.675,28.0,29.555,608.5,73.4525,827.54,car,16.091,0.5412,160.0,0.0,0.0,1.0,0.0,0.0,none,0,,,15
MVI_20011,121,16,508.35,57.635,23.3,21.77,520.0,68.52,507.241,car,15.945,0.182,179.0,0.0,0.0,1.0,0.0,0.0,none,0,,,15
MVI_20011,121,17,783.0,104.36,61.75,55.01,813.875,131.865,3396.8675,van,245.83,4.4391,121.0,0.0,0.0,1.0,0.0,0.0,none,0,,,15
MVI_20011,121,18,542.1,31.673,25.9,32.152,555.0500000000001,47.748999999999995,832.7368,others,346.02,0.31045,211.0,0.0,0.0,1.0,0.0,0.0,none,0,,,15
MVI_20011,121,19,578.95,41.019,19.7,17.616,588.8000000000001,49.827,347.0352,car,27.564,1.0265,167.0,0.0,0.0,1.0,0.0,0.0,none,0,,,15
MVI_20011,122,4,441.18,304.1,117.02,158.5,499.69,383.35,18547.67,car,1.0167,12.117,132.0,0.0,0.0,1.0,0.0,0.0,none,0,,,15
MVI_20011,122,5,582.25,209.94,83.65,82.78,624.075,251.32999999999998,6924.5470000000005,car,18.975,5.5358,151.0,0.0,0.0,1.0,0.0,0.0,none,0,,,15
MVI_20011,122,7,636.6,43.096,29.7,22.549,651.45,54.37049999999999,669.7053,car,240.0,0.77944,157.0,0.0,0.0,1.0,0.0,0.0,none,0,,,15
MVI_20011,122,8,675.6,181.56,81.65,69.28,716.4250000000001,216.2,5656.712,car,34.592,6.2529,127.0,0.0,0.0,1.0,0.0,0.0,none,0,,,15
MVI_20011,122,9,551.95,105.83,39.4,34.67,571.6500000000001,123.16499999999999,1365.998,car,30.05,1.0484,163.0,0.0,0.0,1.0,0.0,0.0,none,0,,,15
MVI_20011,122,10,614.6,147.38,59.75,48.07,644.475,171.415,2872.1825,car,22.384,3.742,127.0,0.0,0.0,1.0,0.0,0.0,none,0,,,15
MVI_20011,122,11,689.9,57.375,30.5,24.8,705.15,69.775,756.4,car,253.17,1.0448,136.0,0.0,0.0,1.0,0.0,0.0,none,0,,,15
MVI_20011,122,12,736.7,63.085,32.7,27.135,753.0500000000001,76.6525,887.3145000000002,car,230.83,1.0964,109.0,0.0,0.0,1.0,0.0,0.0,none,0,,,15
MVI_20011,122,13,696.1,97.095,51.45,35.355,721.825,114.7725,1819.01475,car,228.66,2.2975,148.0,0.0,0.23227134359410737,0.7677286564058926,0.0,0.23227134359410737,background,1,,-1,15
MVI_20011,122,14,554.8,70.27,32.85,26.79,571.2249999999999,83.66499999999999,880.0515,car,12.179,0.3555,163.0,0.0,0.0,1.0,0.0,0.0,none,0,,,15
MVI_20011,122,15,594.95,59.19,28.25,29.905,609.075,74.1425,844.8162500000001,car,39.806,0.89818,160.0,0.0,0.0,1.0,0.0,0.0,none,0,,,15
MVI_20011,122,16,508.0,58.24,23.9,22.29,519.95,69.385,532.731,car,356.69,0.86644,179.0,0.0,0.0,1.0,0.0,0.0,none,0,,,15
MVI_20011,122,17,780.6,102.9,61.8,54.56,811.5,130.18,3371.808,van,234.61,2.9135,121.0,0.0,0.0,1.0,0.0,0.0,none,0,,,15
MVI_20011,122,18,542.25,31.759,26.1,32.846,555.3,48.182,857.2805999999999,others,29.986,0.50021,211.0,0.0,0.0,1.0,0.0,0.0,none,0,,,15
MVI_20011,122,19,579.1,41.193,20.15,18.047,589.1750000000001,50.216499999999996,363.64705,car,43.932,0.5405,167.0,0.0,0.0,1.0,0.0,0.0,none,0,,,15
MVI_20011,123,4,441.0,314.31,117.85,162.31,499.925,395.46500000000003,19128.2335,car,1.1228,12.12,132.0,0.0,0.0,1.0,0.0,0.0,none,0,,,15
MVI_20011,123,5,583.45,214.27,84.75,84.6,625.825,256.57,7169.849999999999,car,18.476,5.5221,151.0,0.0,0.0,1.0,0.0,0.0,none,0,,,15
MVI_20011,123,7,636.05,42.577,29.4,22.808,650.75,53.980999999999995,670.5552,car,240.91,0.80107,157.0,0.0,0.0,1.0,0.0,0.0,none,0,,,15
MVI_20011,123,8,678.8,186.06,82.35,70.57,719.9749999999999,221.345,5811.439499999999,car,34.579,6.255,127.0,0.0,0.0,1.0,0.0,0.0,none,0,,,15
MVI_20011,123,9,552.45,106.79,39.45,34.58,572.1750000000001,124.08000000000001,1364.181,car,29.982,1.0506,163.0,0.0,0.0,1.0,0.0,0.0,none,0,,,15
MVI_20011,123,10,615.45,149.88,60.9,49.99,645.9000000000001,174.875,3044.391,car,22.37,3.7443,127.0,0.0,0.0,1.0,0.0,0.0,none,0,,,15
MVI_20011,123,11,689.2,56.595,29.9,25.75,704.1500000000001,69.47,769.925,car,253.04,1.0455,136.0,0.0,0.0,1.0,0.0,0.0,none,0,,,15
MVI_20011,123,12,736.6,62.825,31.15,26.27,752.1750000000001,75.96000000000001,818.3104999999999,car,231.64,1.1159,109.0,0.0,0.0,1.0,0.0,0.0,none,0,,,15
MVI_20011,123,13,694.9,95.54,50.5,35.44,720.15,113.26,1789.7199999999998,car,227.92,2.2568,148.0,0.0,0.1992378696108891,0.8007621303891109,0.0,0.1992378696108891,background,1,,-1,15
MVI_20011,123,14,555.05,70.44,32.5,27.135,571.3,84.0075,881.8875,car,12.352,0.35062,163.0,0.0,0.0,1.0,0.0,0.0,none,0,,,15
MVI_20011,123,15,595.4,59.71,28.5,30.25,609.65,74.83500000000001,862.125,car,39.704,0.9001,160.0,0.0,0.0,1.0,0.0,0.0,none,0,,,15
MVI_20011,123,16,507.65,58.845,24.5,22.81,519.9,70.25,558.8449999999999,car,356.69,0.86644,179.0,0.0,0.0,1.0,0.0,0.0,none,0,,,15
MVI_20011,123,17,778.15,101.43,61.95,54.13,809.125,128.495,3353.3535,van,234.65,2.912,121.0,0.0,0.0,1.0,0.0,0.0,none,0,,,15
MVI_20011,123,18,542.4,31.846,26.3,33.539,555.55,48.6155,882.0757000000001,others,29.986,0.50021,211.0,0.0,0.0,1.0,0.0,0.0,none,0,,,15
MVI_20011,123,19,579.3,41.365,20.55,18.48,589.5749999999999,50.605000000000004,379.764,car,45.799,0.55796,167.0,0.0,0.0,1.0,0.0,0.0,none,0,,,15
MVI_20011,124,4,440.82,324.52,118.63,166.11,500.135,407.575,19705.6293,car,1.0049,12.117,132.0,0.0,0.0,1.0,0.0,0.0,none,0,,,15
MVI_20011,124,5,584.65,218.6,85.9,86.41,627.6,261.805,7422.619000000001,car,18.73,5.5277,151.0,0.0,0.0,1.0,0.0,0.0,none,0,,,15
MVI_20011,124,7,635.55,42.057,29.05,23.068,650.0749999999999,53.591,670.1254,car,240.0,0.77944,157.0,0.0,0.0,1.0,0.0,0.0,none,0,,,15
MVI_20011,124,8,682.0,190.56,83.05,71.88,723.525,226.5,5969.633999999999,car,34.579,6.255,127.0,0.0,0.0,1.0,0.0,0.0,none,0,,,15
MVI_20011,124,9,553.0,107.74,39.4,34.49,572.7,124.985,1358.906,car,30.05,1.0484,163.0,0.0,0.0,1.0,0.0,0.0,none,0,,,15
MVI_20011,124,10,616.35,152.4,62.0,51.88,647.35,178.34,3216.56,car,22.723,3.7539,127.0,0.0,0.0,1.0,0.0,0.0,none,0,,,15
MVI_20011,124,11,688.5,55.815,29.3,26.705,703.15,69.16749999999999,782.4565,car,253.17,1.0448,136.0,0.0,0.0,1.0,0.0,0.0,none,0,,,15
MVI_20011,124,12,736.55,62.565,29.55,25.405,751.3249999999999,75.2675,750.71775,car,230.83,1.0964,109.0,0.0,0.0,1.0,0.0,0.0,none,0,,,15
MVI_20011,124,13,693.7,93.98,49.55,35.53,718.475,111.745,1760.5114999999998,car,227.87,2.2585,148.0,0.0,0.18346940647647006,0.81653059352353,0.0,0.18346940647647006,background,1,,-1,15
MVI_20011,124,14,555.3,70.615,32.15,27.48,571.375,84.35499999999999,883.482,car,12.179,0.3555,163.0,0.0,0.0,1.0,0.0,0.0,none,0,,,15
MVI_20011,124,15,595.8,60.23,28.8,30.595,610.1999999999999,75.5275,881.136,car,38.457,0.88434,160.0,0.0,0.0,1.0,0.0,0.0,none,0,,,15
MVI_20011,124,16,507.3,59.45,25.15,23.33,519.875,71.11500000000001,586.7494999999999,car,358.34,0.86536,179.0,0.0,0.0,1.0,0.0,0.0,none,0,,,15
MVI_20011,124,17,775.75,99.95,62.0,53.71,806.75,126.805,3330.02,van,234.57,2.9149,121.0,0.0,0.0,1.0,0.0,0.0,none,0,,,15
MVI_20011,124,18,542.6,31.933,26.45,34.232,555.825,49.049,905.4363999999999,others,32.405,0.51316,211.0,0.0,0.0,1.0,0.0,0.0,none,0,,,15
MVI_20011,124,19,579.45,41.538,21.0,18.912,589.95,50.994,397.152,car,43.95,0.54032,167.0,0.0,0.0,1.0,0.0,0.0,none,0,,,15
MVI_20011,125,4,440.65,334.73,119.4,169.92,500.34999999999997,419.69,20288.448,car,1.0169,12.114,132.0,0.0,0.0,1.0,0.0,0.0,none,0,,,15
MVI_20011,125,5,585.85,222.93,87.05,88.22,629.375,267.04,7679.5509999999995,car,18.722,5.5301,151.0,0.0,0.0,1.0,0.0,0.0,none,0,,,15
MVI_20011,125,7,635.0,41.538,28.7,23.327,649.35,53.201499999999996,669.4849,car,241.75,0.823,157.0,0.0,0.0,1.0,0.0,0.0,none,0,,,15
MVI_20011,125,8,685.2,195.06,83.75,73.17,727.075,231.645,6127.9875,car,34.592,6.2529,127.0,0.0,0.0,1.0,0.0,0.0,none,0,,,15
MVI_20011,125,9,553.5,108.69,39.4,34.41,573.2,125.895,1355.754,car,28.853,1.0361,163.0,0.0,0.0,1.0,0.0,0.0,none,0,,,15
MVI_20011,125,10,617.2,154.91,63.15,53.78,648.7750000000001,181.8,3396.207,car,22.384,3.742,127.0,0.0,0.0,1.0,0.0,0.0,none,0,,,15
MVI_20011,125,11,687.8,55.04,28.7,27.65,702.15,68.865,793.555,car,253.17,1.0448,136.0,0.0,0.0,1.0,0.0,0.0,none,0,,,15
MVI_20011,125,12,736.45,62.31,28.0,24.535,750.45,74.5775,686.98,car,231.74,1.1143,109.0,0.0,0.0,1.0,0.0,0.0,none,0,,,15
MVI_20011,125,13,692.5,92.425,48.6,35.615,716.8,110.2325,1730.8890000000001,car,227.92,2.2568,148.0,0.0,0.21365899257549142,0.7863410074245085,0.0,0.21365899257549142,background,1,,-1,15
MVI_20011,125,14,555.6,70.79,31.8,27.825,571.5,84.7025,884.835,car,19.784,0.3693,163.0,0.0,0.0,1.0,0.0,0.0,none,0,,,15
MVI_20011,125,15,596.25,60.75,29.05,30.94,610.775,76.22,898.807,car,39.704,0.9001,160.0,0.0,0.0,1.0,0.0,0.0,none,0,,,15
MVI_20011,125,16,506.95,60.06,25.75,23.845,519.825,71.9825,614.00875,car,356.7,0.86894,179.0,0.0,0.0,1.0,0.0,0.0,none,0,,,15
MVI_20011,125,17,773.3,98.48,62.1,53.27,804.3499999999999,125.11500000000001,3308.0670000000005,van,234.89,2.9339,121.0,0.0,0.0,1.0,0.0,0.0,none,0,,,15
MVI_20011,125,18,542.75,32.019,26.65,34.921,556.075,49.4795,930.64465,others,30.13,0.49804,211.0,0.0,0.0,1.0,0.0,0.0,none,0,,,15
MVI_20011,125,19,579.65,41.712,21.4,19.348,590.35,51.386,414.0472,car,45.615,0.55971,167.0,0.0,0.0,1.0,0.0,0.0,none,0,,,15
MVI_20011,126,4,440.48,344.94,120.17,173.71,500.565,431.795,20874.7307,car,1.0057,12.107,132.0,0.0,0.0,1.0,0.0,0.0,none,0,,,15
MVI_20011,126,5,587.1,227.25,88.1,90.05,631.15,272.275,7933.404999999999,car,18.73,5.5277,151.0,0.0,0.0,1.0,0.0,0.0,none,0,,,15
MVI_20011,126,7,634.5,41.019,28.35,23.586,648.675,52.812,668.6631,car,240.0,0.77944,157.0,0.0,0.0,1.0,0.0,0.0,none,0,,,15
MVI_20011,126,8,688.4,199.56,84.45,74.47,730.625,236.79500000000002,6288.9915,car,34.579,6.255,127.0,0.0,0.0,1.0,0.0,0.0,none,0,,,15
MVI_20011,126,9,554.0,109.65,39.45,34.31,573.725,126.805,1353.5295,car,29.982,1.0506,163.0,0.0,0.0,1.0,0.0,0.0,none,0,,,15
MVI_20011,126,10,618.05,157.41,64.25,55.69,650.175,185.255,3578.0825,car,22.015,3.7348,127.0,0.0,0.0,1.0,0.0,0.0,none,0,,,15
MVI_20011,126,11,687.1,54.26,28.1,28.605,701.15,68.5625,803.8005,car,253.17,1.0448,136.0,0.0,0.0,1.0,0.0,0.0,none,0,,,15
MVI_20011,126,12,736.35,62.05,26.45,23.67,749.575,73.88499999999999,626.0715,car,231.64,1.1159,109.0,0.0,0.0,1.0,0.0,0.0,none,0,,,15
MVI_20011,126,13,691.25,90.865,47.65,35.705,715.075,108.7175,1701.34325,car,228.66,2.2975,148.0,0.0,0.18504790259108495,0.814952097408915,0.0,0.18504790259108495,background,1,,-1,15
MVI_20011,126,14,555.85,70.96,31.45,28.175,571.575,85.0475,886.10375,car,12.265,0.35306,163.0,0.0,0.0,1.0,0.0,0.0,none,0,,,15
MVI_20011,126,15,596.7,61.27,29.3,31.29,611.35,76.915,916.797,car,39.602,0.90203,160.0,0.0,0.0,1.0,0.0,0.0,none,0,,,15
MVI_20011,126,16,506.6,60.665,26.35,24.365,519.775,72.8475,642.01775,car,356.69,0.86644,179.0,0.0,0.0,1.0,0.0,0.0,none,0,,,15
MVI_20011,126,17,770.9,97.01,62.15,52.84,801.975,123.43,3284.0060000000003,van,234.61,2.9135,121.0,0.0,0.0,1.0,0.0,0.0,none,0,,,15
MVI_20011,126,18,542.95,32.106,26.8,35.614,556.35,49.913,954.4552,others,32.39,0.51337,211.0,0.0,0.0,1.0,0.0,0.0,none,0,,,15
MVI_20011,126,19,579.8,41.885,21.85,19.78,590.7249999999999,51.775,432.19300000000004,car,43.95,0.54032,167.0,0.0,0.0,1.0,0.0,0.0,none,0,,,15
MVI_20011,127,4,440.31,355.15,120.94,177.55,500.78,443.92499999999995,21472.897,car,1.0152,12.134,132.0,0.0,0.0,1.0,0.0,0.0,none,0,,,15
MVI_20011,127,5,588.3,231.57,89.25,91.87,632.925,277.505,8199.397500000001,car,18.738,5.5254,151.0,0.0,0.0,1.0,0.0,0.0,none,0,,,15
MVI_20011,127,7,634.0,40.5,28.0,23.845,648.0,52.4225,667.66,car,240.01,0.77932,157.0,0.0,0.0,1.0,0.0,0.0,none,0,,,15
MVI_20011,127,8,691.6,204.06,85.15,75.76,734.1750000000001,241.94,6450.964000000001,car,34.592,6.2529,127.0,0.0,0.0,1.0,0.0,0.0,none,0,,,15
MVI_20011,127,9,554.55,110.6,39.4,34.22,574.25,127.71,1348.2679999999998,car,30.05,1.0484,163.0,0.0,0.0,1.0,0.0,0.0,none,0,,,15
MVI_20011,127,10,618.9,159.93,65.4,57.59,651.6,188.72500000000002,3766.3860000000004,car,22.37,3.7443,127.0,0.0,0.0,1.0,0.0,0.0,none,0,,,15
MVI_20011,127,11,686.4,53.48,27.5,29.56,700.15,68.25999999999999,812.9,car,253.17,1.0448,136.0,0.0,0.0,1.0,0.0,0.0,none,0,,,15
MVI_20011,127,12,736.25,61.79,24.9,22.805,748.7,73.1925,567.8444999999999,car,231.64,1.1159,109.0,0.0,0.0,1.0,0.0,0.0,none,0,,,15
MVI_20011,127,13,690.05,89.31,46.7,35.79,713.4,107.205,1671.393,car,227.92,2.2568,148.0,0.0,0.19274341821462743,0.8072565817853725,0.0,0.19274341821462743,background,1,,-1,15
MVI_20011,127,14,556.1,71.135,31.1,28.52,571.65,85.39500000000001,886.972,car,12.179,0.3555,163.0,0.0,0.0,1.0,0.0,0.0,none,0,,,15
MVI_20011,127,15,597.1,61.79,29.55,31.635,611.875,77.6075,934.81425,car,37.167,0.86901,160.0,0.0,0.0,1.0,0.0,0.0,none,0,,,15
MVI_20011,127,16,506.25,61.27,26.95,24.885,519.725,73.7125,670.65075,car,356.69,0.86644,179.0,0.0,0.0,1.0,0.0,0.0,none,0,,,15
MVI_20011,127,17,768.45,95.54,62.3,52.4,799.6,121.74000000000001,3264.52,van,234.61,2.9135,121.0,0.0,0.0,1.0,0.0,0.0,none,0,,,15
MVI_20011,127,18,543.1,32.193,27.0,36.307,556.6,50.3465,980.2890000000001,others,29.986,0.50021,211.0,0.0,0.0,1.0,0.0,0.0,none,0,,,15
MVI_20011,127,19,580.0,42.057,22.25,20.213,591.125,52.1635,449.73925,car,45.799,0.55796,167.0,0.0,0.0,1.0,0.0,0.0,none,0,,,15
MVI_20011,128,4,435.81,367.4,127.34,166.8,499.48,450.79999999999995,21240.312,car,349.29,6.9944,132.0,0.0,0.0,1.0,0.0,0.0,none,0,,,15
MVI_20011,128,5,587.95,237.38,92.3,94.29,634.1,284.525,8702.967,car,9.512,7.1103,151.0,0.0,0.0,1.0,0.0,0.0,none,0,,,15
MVI_20011,128,7,633.45,40.327,27.85,23.758,647.375,52.205999999999996,661.6603,car,250.89,0.66144,157.0,0.0,0.0,1.0,0.0,0.0,none,0,,,15
MVI_20011,128,8,694.75,209.25,88.45,79.67,738.975,249.085,7046.811500000001,car,33.912,8.6035,127.0,0.0,0.0,1.0,0.0,0.0,none,0,,,15
MVI_20011,128,9,554.65,112.42,40.45,34.74,574.875,129.79,1405.2330000000002,car,16.725,2.1719,163.0,0.0,0.0,1.0,0.0,0.0,none,0,,,15
MVI_20011,128,10,620.55,162.44,67.3,59.75,654.1999999999999,192.315,4021.1749999999997,car,35.913,4.4326,127.0,0.0,0.0,1.0,0.0,0.0,none,0,,,15
MVI_20011,128,11,685.15,53.05,27.65,28.69,698.975,67.395,793.2785,car,233.64,1.4591,136.0,0.0,0.0,1.0,0.0,0.0,none,0,,,15
MVI_20011,128,12,733.95,60.575,26.1,23.59,747.0,72.37,615.6990000000001,car,244.18,1.8885,109.0,0.0,0.0,1.0,0.0,0.0,none,0,,,15
MVI_20011,128,13,688.85,88.615,45.9,35.015,711.8000000000001,106.1225,1607.1885,car,235.92,1.9318,148.0,0.0,0.1586621606613039,0.8413378393386961,0.0,0.1586621606613039,background,1,,-1,15
MVI_20011,128,14,556.2,72.085,31.45,28.955,571.9250000000001,86.5625,910.6347499999999,car,13.254,1.1995,163.0,0.0,0.0,1.0,0.0,0.0,none,0,,,15
MVI_20011,128,15,598.05,62.395,29.5,31.72,612.8,78.255,935.74,car,55.008,1.1291,160.0,0.0,0.0,1.0,0.0,0.0,none,0,,,15
MVI_20011,128,16,506.25,61.355,26.6,25.75,519.55,74.22999999999999,684.95,car,341.32,0.54629,179.0,0.0,0.0,1.0,0.0,0.0,none,0,,,15
MVI_20011,128,17,765.35,94.5,61.75,51.02,796.225,120.01,3150.485,van,242.86,3.7926,121.0,0.0,0.0,1.0,0.0,0.0,none,0,,,15
MVI_20011,128,18,542.75,32.538,27.05,36.222,556.275,50.649,979.8051,others,312.99,0.44434,211.0,0.0,0.0,1.0,0.0,0.0,none,0,,,15
MVI_20011,128,19,580.25,42.75,22.45,20.125,591.475,52.8125,451.80625,car,28.347,0.73714,167.0,0.0,0.0,1.0,0.0,0.0,none,0,,,15
MVI_20011,129,4,431.32,379.64,133.68,161.36,498.15999999999997,460.32,21570.604800000005,car,352.09,9.6139,132.0,8e-05,0.0,1.0,0.0,0.0,none,0,,,16
MVI_20011,129,5,587.6,243.18,95.3,96.7,635.25,291.53000000000003,9215.51,car,9.3165,7.1037,151.0,0.0,0.0,1.0,0.0,0.0,none,0,,,16
MVI_20011,129,7,632.95,40.154,27.65,23.671,646.7750000000001,51.98950000000001,654.50315,car,250.16,0.63787,157.0,0.0,0.0,1.0,0.0,0.0,none,0,,,16
MVI_20011,129,8,697.85,214.44,91.85,83.56,743.775,256.22,7674.986,car,33.921,8.6014,127.0,0.0,0.0,1.0,0.0,0.0,none,0,,,16
MVI_20011,129,9,554.7,114.23,41.5,35.27,575.45,131.865,1463.7050000000002,car,15.489,2.1532,163.0,0.0,0.0,1.0,0.0,0.0,none,0,,,16
MVI_20011,129,10,622.2,164.94,69.2,61.93,656.8000000000001,195.905,4285.5560000000005,car,35.913,4.4326,127.0,0.0,0.0,1.0,0.0,0.0,none,0,,,16
MVI_20011,129,11,683.85,52.615,27.8,27.825,697.75,66.5275,773.535,car,234.7,1.5011,136.0,0.0,0.0,1.0,0.0,0.0,none,0,,,16
MVI_20011,129,12,731.6,59.365,27.3,24.365,745.25,71.5475,665.1645,car,244.83,1.9337,109.0,0.0,0.0,1.0,0.0,0.0,none,0,,,16
MVI_20011,129,13,687.65,87.925,45.1,34.235,710.1999999999999,105.04249999999999,1543.9985,car,235.98,1.9304,148.0,0.0,0.1742488739464449,0.825751126053555,0.0,0.1742488739464449,background,1,,-1,16
MVI_20011,129,14,556.25,73.04,31.85,29.39,572.175,87.73500000000001,936.0715,car,12.061,1.1964,163.0,0.0,0.0,1.0,0.0,0.0,none,0,,,16
MVI_20011,129,15,599.0,63.0,29.4,31.81,613.7,78.905,935.2139999999999,car,54.162,1.1102,160.0,0.0,0.0,1.0,0.0,0.0,none,0,,,16
MVI_20011,129,16,506.25,61.44,26.25,26.62,519.375,74.75,698.775,car,341.4,0.54866,179.0,0.0,0.0,1.0,0.0,0.0,none,0,,,16
MVI_20011,129,17,762.25,93.46,61.2,49.64,792.85,118.28,3037.9680000000003,van,242.83,3.7937,121.0,0.0,0.0,1.0,0.0,0.0,none,0,,,16
MVI_20011,129,18,542.4,32.885,27.15,36.135,555.975,50.9525,981.0652499999999,others,315.29,0.42639,211.0,0.0,0.0,1.0,0.0,0.0,none,0,,,16
MVI_20011,129,19,580.5,43.443,22.65,20.037,591.825,53.4615,453.83804999999995,car,28.347,0.73714,167.0,0.0,0.0,1.0,0.0,0.0,none,0,,,16
MVI_20011,129,20,920.95,224.1,40.05,71.84,940.975,260.02,2877.192,car,204.42,6.5317,137.0,0.48753,0.0,1.0,0.0,0.0,none,0,,,16
MVI_20011,130,4,426.82,391.89,140.08,149.11,496.86,466.445,20887.328800000003,car,348.04,6.2609,132.0,0.02453,0.0,1.0,0.0,0.0,none,0,,,16
MVI_20011,130,5,587.25,248.97,98.35,99.14,636.425,298.54,9750.419,car,9.5187,7.1053,151.0,0.0,0.0,1.0,0.0,0.0,none,0,,,16
MVI_20011,130,7,632.4,39.981,27.5,23.584,646.15,51.773,648.56,car,250.89,0.66144,157.0,0.0,0.0,1.0,0.0,0.0,none,0,,,16
MVI_20011,130,8,700.95,219.63,95.25,87.45,748.575,263.355,8329.612500000001,car,33.912,8.6035,127.0,0.0,0.0,1.0,0.0,0.0,none,0,,,16
MVI_20011,130,9,554.8,116.05,42.55,35.79,576.0749999999999,133.945,1522.8645,car,16.744,2.1695,163.0,0.0,0.0,1.0,0.0,0.0,none,0,,,16
MVI_20011,130,10,623.85,167.45,71.1,64.09,659.4,199.495,4556.799,car,35.894,4.4346,127.0,0.0,0.0,1.0,0.0,0.0,none,0,,,16
MVI_20011,130,11,682.55,52.185,28.0,26.96,696.55,65.665,754.88,car,234.29,1.4778,136.0,0.0,0.0,1.0,0.0,0.0,none,0,,,16
MVI_20011,130,12,729.25,58.155,28.55,25.145,743.525,70.7275,717.88975,car,244.58,1.91,109.0,0.0,0.0,1.0,0.0,0.0,none,0,,,16
MVI_20011,130,13,686.4,87.23,44.4,33.46,708.6,103.96000000000001,1485.624,car,235.92,1.9318,148.0,0.0,0.18391867659650105,0.8160813234034989,0.0,0.18391867659650105,background,1,,-1,16
MVI_20011,130,14,556.35,73.99,32.15,29.82,572.4250000000001,88.89999999999999,958.713,car,12.086,1.194,163.0,0.0,0.0,1.0,0.0,0.0,none,0,,,16
MVI_20011,130,15,599.95,63.605,29.3,31.895,614.6,79.5525,934.5235,car,54.267,1.1087,160.0,0.0,0.0,1.0,0.0,0.0,none,0,,,16
MVI_20011,130,16,506.25,61.53,25.9,27.48,519.2,75.27,711.732,car,341.4,0.54866,179.0,0.0,0.0,1.0,0.0,0.0,none,0,,,16
MVI_20011,130,17,759.1,92.425,60.75,48.255,789.475,116.5525,2931.49125,van,242.89,3.7914,121.0,0.0,0.0,1.0,0.0,0.0,none,0,,,16
MVI_20011,130,18,542.1,33.231,27.2,36.049,555.7,51.2555,980.5328,others,317.8,0.40937,211.0,0.0,0.0,1.0,0.0,0.0,none,0,,,16
MVI_20011,130,19,580.75,44.135,22.8,19.95,592.15,54.11,454.86,car,26.618,0.72538,167.0,0.0,0.0,1.0,0.0,0.0,none,0,,,16
MVI_20011,130,20,915.55,219.6,45.45,68.94,938.275,254.07,3133.323,car,204.42,6.5317,137.0,0.44327,0.0,1.0,0.0,0.0,none,0,,,16
MVI_20011,131,4,422.32,404.14,146.43,136.86,495.53499999999997,472.57,20040.4098,car,347.81,6.2637,132.0,0.05595,0.0,1.0,0.0,0.0,none,0,,,16
MVI_20011,131,5,586.9,254.77,101.4,101.55,637.6,305.545,10297.17,car,9.5153,7.1078,151.0,0.0,0.0,1.0,0.0,0.0,none,0,,,16
MVI_20011,131,7,631.9,39.807,27.3,23.503,645.55,51.5585,641.6319,car,250.35,0.63711,157.0,0.0,0.0,1.0,0.0,0.0,none,0,,,16
MVI_20011,131,8,704.1,224.82,98.6,91.36,753.4,270.5,9008.096,car,34.05,8.6174,127.0,0.0,0.0,1.0,0.0,0.0,none,0,,,16
MVI_20011,131,9,554.9,117.86,43.55,36.32,576.675,136.02,1581.7359999999999,car,16.109,2.1624,163.0,0.0,0.0,1.0,0.0,0.0,none,0,,,16
MVI_20011,131,10,625.5,169.96,73.0,66.25,662.0,203.085,4836.25,car,35.913,4.4326,127.0,0.0,0.0,1.0,0.0,0.0,none,0,,,16
MVI_20011,131,11,681.25,51.75,28.15,26.095,695.325,64.7975,734.5742499999999,car,234.7,1.5011,136.0,0.0,0.0,1.0,0.0,0.0,none,0,,,16
MVI_20011,131,12,726.9,56.94,29.75,25.925,741.775,69.9025,771.2687500000001,car,244.76,1.9347,109.0,0.0,0.0,1.0,0.0,0.0,none,0,,,16
MVI_20011,131,13,685.2,86.54,43.6,32.67,707.0,102.875,1424.412,car,235.92,1.9318,148.0,0.0,0.15515173980561803,0.844848260194382,0.0,0.15515173980561803,background,1,,-1,16
MVI_20011,131,14,556.45,74.94,32.5,30.25,572.7,90.065,983.125,car,13.282,1.197,163.0,0.0,0.0,1.0,0.0,0.0,none,0,,,16
MVI_20011,131,15,600.9,64.21,29.25,31.98,615.525,80.19999999999999,935.415,car,55.008,1.1291,160.0,0.0,0.0,1.0,0.0,0.0,none,0,,,16
MVI_20011,131,16,506.25,61.615,25.6,28.345,519.05,75.7875,725.6320000000001,car,343.84,0.5388,179.0,0.0,0.0,1.0,0.0,0.0,none,0,,,16
MVI_20011,131,17,756.0,91.385,60.2,46.865,786.1,114.81750000000001,2821.273,van,242.83,3.7937,121.0,0.0,0.0,1.0,0.0,0.0,none,0,,,16
MVI_20011,131,18,541.75,33.577,27.3,35.963,555.4,51.558499999999995,981.7899000000001,others,315.29,0.42639,211.0,0.0,0.0,1.0,0.0,0.0,none,0,,,16
MVI_20011,131,19,581.0,44.827,23.0,19.863,592.5,54.7585,456.849,car,28.347,0.73714,167.0,0.0,0.0,1.0,0.0,0.0,none,0,,,16
MVI_20011,131,20,910.15,215.12,50.85,66.01,935.5749999999999,248.125,3356.6085000000003,car,204.43,6.5294,137.0,0.40458,0.0,1.0,0.0,0.0,none,0,,,16
MVI_20011,132,4,417.83,416.38,152.82,124.62,494.24,478.69,19044.4284,car,348.03,6.2585,132.0,0.09333,0.0,1.0,0.0,0.0,none,0,,,16
MVI_20011,132,5,586.55,260.57,104.4,103.98,638.75,312.56,10855.512,car,9.3165,7.1037,151.0,0.0,0.0,1.0,0.0,0.0,none,0,,,16
MVI_20011,132,7,631.4,39.635,27.1,23.415,644.9499999999999,51.3425,634.5465,car,250.16,0.63787,157.0,0.0,0.0,1.0,0.0,0.0,none,0,,,16
MVI_20011,132,8,707.2,230.02,102.0,95.24,758.2,277.64,9714.48,car,33.912,8.6035,127.0,0.0,0.0,1.0,0.0,0.0,none,0,,,16
MVI_20011,132,9,554.95,119.69,44.65,36.82,577.2750000000001,138.1,1644.013,car,16.109,2.1624,163.0,0.0,0.0,1.0,0.0,0.0,none,0,,,16
MVI_20011,132,10,627.15,172.47,74.9,68.41,664.6,206.675,5123.909000000001,car,35.894,4.4346,127.0,0.0,0.0,1.0,0.0,0.0,none,0,,,16
MVI_20011,132,11,679.95,51.315,28.35,25.235,694.125,63.9325,715.41225,car,234.21,1.4793,136.0,0.0,0.0,1.0,0.0,0.0,none,0,,,16
MVI_20011,132,12,724.6,55.73,30.95,26.705,740.075,69.0825,826.5197499999999,car,244.25,1.8874,109.0,0.0,0.0,1.0,0.0,0.0,none,0,,,16
MVI_20011,132,13,684.0,85.845,42.8,31.895,705.4,101.7925,1365.106,car,235.92,1.9318,148.0,0.0,0.16189219005703587,0.8381078099429642,0.0,0.16189219005703587,background,1,,-1,16
MVI_20011,132,14,556.55,75.895,32.85,30.685,572.9749999999999,91.2375,1008.00225,car,13.227,1.2019,163.0,0.0,0.0,1.0,0.0,0.0,none,0,,,16
MVI_20011,132,15,601.9,64.815,29.1,32.07,616.4499999999999,80.85,933.2370000000001,car,54.904,1.1305,160.0,0.0,0.0,1.0,0.0,0.0,none,0,,,16
MVI_20011,132,16,506.25,61.7,25.25,29.215,518.875,76.3075,737.67875,car,341.4,0.54866,179.0,0.0,0.0,1.0,0.0,0.0,none,0,,,16
MVI_20011,132,17,752.9,90.345,59.65,45.475,782.725,113.0825,2712.5837500000002,van,242.83,3.7937,121.0,0.0,0.0,1.0,0.0,0.0,none,0,,,16
MVI_20011,132,18,541.4,33.923,27.4,35.877,555.1,51.86150000000001,983.0298,others,315.29,0.42639,211.0,0.0,0.0,1.0,0.0,0.0,none,0,,,16
MVI_20011,132,19,581.3,45.519,23.15,19.781,592.875,55.409499999999994,457.93014999999997,car,29.944,0.75128,167.0,0.0,0.0,1.0,0.0,0.0,none,0,,,16
MVI_20011,132,20,904.7,210.63,56.3,63.1,932.85,242.18,3552.5299999999997,car,204.62,6.542,137.0,0.37093,0.0,1.0,0.0,0.0,none,0,,,16
MVI_20011,133,5,586.2,266.37,107.45,106.4,639.9250000000001,319.57,11432.68,car,9.5153,7.1078,151.0,0.0,0.0,1.0,0.0,0.0,none,0,,,15
MVI_20011,133,7,630.85,39.462,27.0,23.328,644.35,51.126000000000005,629.856,car,250.16,0.63787,157.0,0.0,0.0,1.0,0.0,0.0,none,0,,,15
MVI_20011,133,8,710.3,235.21,105.35,99.14,762.9749999999999,284.78000000000003,10444.399,car,33.783,8.5875,127.0,0.0,0.0,1.0,0.0,0.0,none,0,,,15
MVI_20011,133,9,555.05,121.5,45.65,37.35,577.875,140.175,1705.0275,car,16.128,2.16,163.0,0.0,0.0,1.0,0.0,0.0,none,0,,,15
MVI_20011,133,10,628.8,174.98,76.8,70.58,667.1999999999999,210.26999999999998,5420.544,car,35.894,4.4346,127.0,0.0,0.0,1.0,0.0,0.0,none,0,,,15
MVI_20011,133,11,678.65,50.885,28.5,24.365,692.9,63.067499999999995,694.4024999999999,car,234.77,1.4996,136.0,0.0,0.0,1.0,0.0,0.0,none,0,,,15
MVI_20011,133,12,722.25,54.52,32.15,27.48,738.325,68.26,883.482,car,244.83,1.9337,109.0,0.0,0.0,1.0,0.0,0.0,none,0,,,15
MVI_20011,133,13,682.8,85.155,42.0,31.115,703.8,100.7125,1306.83,car,235.98,1.9304,148.0,0.0,0.15961525217511072,0.8403847478248893,0.0,0.15961525217511072,background,1,,-1,15
MVI_20011,133,14,556.6,76.845,33.2,31.115,573.2,92.4025,1033.018,car,10.908,1.189,163.0,0.0,0.0,1.0,0.0,0.0,none,0,,,15
MVI_20011,133,15,602.85,65.425,29.0,32.15,617.35,81.5,932.3499999999999,car,54.162,1.1102,160.0,0.0,0.0,1.0,0.0,0.0,none,0,,,15
MVI_20011,133,16,506.25,61.79,24.9,30.075,518.7,76.8275,748.8675,car,341.4,0.54866,179.0,0.0,0.0,1.0,0.0,0.0,none,0,,,15
MVI_20011,133,17,749.75,89.31,59.15,44.1,779.325,111.36,2608.515,van,243.07,3.8137,121.0,0.0,0.0,1.0,0.0,0.0,none,0,,,15
MVI_20011,133,18,541.05,34.269,27.45,35.791,554.775,52.1645,982.4629499999999,others,312.99,0.44434,211.0,0.0,0.0,1.0,0.0,0.0,none,0,,,15
MVI_20011,133,19,581.55,46.212,23.3,19.693,593.1999999999999,56.0585,458.84690000000006,car,26.609,0.7256,167.0,0.0,0.0,1.0,0.0,0.0,none,0,,,15
MVI_20011,133,20,899.3,206.13,61.7,60.19,930.15,236.225,3713.723,car,204.42,6.5317,137.0,0.34352,0.0,1.0,0.0,0.0,none,0,,,15
MVI_20011,134,5,587.85,272.6,110.05,111.85,642.875,328.52500000000003,12309.092499999999,car,18.233,9.4284,151.0,0.0,0.0,1.0,0.0,0.0,none,0,,,15
MVI_20011,134,7,630.25,39.202,26.8,23.068,643.65,50.736,618.2224000000001,car,240.89,0.80119,157.0,0.0,0.0,1.0,0.0,0.0,none,0,,,15
MVI_20011,134,8,713.85,242.13,110.5,103.9,769.1,294.08,11480.95,car,33.355,11.14,127.0,0.0,0.0,1.0,0.0,0.0,none,0,,,15
MVI_20011,134,9,554.8,122.45,45.3,38.9,577.4499999999999,141.9,1762.1699999999998,car,346.2,1.7814,163.0,0.0,0.0,1.0,0.0,0.0,none,0,,,15
MVI_20011,134,10,631.05,179.48,78.2,72.05,670.15,215.505,5634.31,car,29.402,6.009,127.0,0.0,0.0,1.0,0.0,0.0,none,0,,,15
MVI_20011,134,11,677.85,50.45,27.65,24.11,691.6750000000001,62.505,666.6415,car,245.34,1.348,136.0,0.0,0.0,1.0,0.0,0.0,none,0,,,15
MVI_20011,134,12,720.8,54.345,31.7,26.355,736.65,67.5225,835.4535,car,246.24,1.8302,109.0,0.0,0.0,1.0,0.0,0.0,none,0,,,15
MVI_20011,134,13,681.25,84.29,41.4,30.6,701.95,99.59,1266.84,car,238.7,2.1652,148.0,0.0,0.1526238514729565,0.8473761485270435,0.0,0.1526238514729565,background,1,,-1,15
MVI_20011,134,14,556.35,77.19,33.7,31.64,573.2,93.00999999999999,1066.268,car,0.0,0.605,163.0,0.0,0.0,1.0,0.0,0.0,none,0,,,15
MVI_20011,134,15,603.0,66.03,29.4,33.28,617.7,82.67,978.432,car,16.654,1.2212,160.0,0.0,0.0,1.0,0.0,0.0,none,0,,,15
MVI_20011,134,16,505.4,63.085,25.8,29.56,518.3,77.865,762.648,car,338.92,1.1119,179.0,0.0,0.0,1.0,0.0,0.0,none,0,,,15
MVI_20011,134,17,748.05,88.01,57.4,44.09,776.75,110.055,2530.766,van,243.21,2.8845,121.0,0.0,0.0,1.0,0.0,0.0,none,0,,,15
MVI_20011,134,18,540.85,34.182,27.65,36.483,554.6750000000001,52.423500000000004,1008.7549499999999,others,338.91,0.27787,211.0,0.0,0.0,1.0,0.0,0.0,none,0,,,15
MVI_20011,134,19,581.35,46.904,23.6,19.606,593.15,56.70700000000001,462.70160000000004,car,355.59,0.65067,167.0,0.0,0.0,1.0,0.0,0.0,none,0,,,15
MVI_20011,134,20,893.25,201.81,67.75,60.45,927.125,232.035,4095.4875,car,215.8,5.1719,137.0,0.2703,0.0,1.0,0.0,0.0,none,0,,,15
MVI_20011,135,5,589.5,278.82,112.65,117.31,645.825,337.475,13214.971500000001,car,18.228,9.4308,151.0,0.0,0.0,1.0,0.0,0.0,none,0,,,15
MVI_20011,135,7,629.65,38.943,26.6,22.807,642.9499999999999,50.3465,606.6662,car,240.89,0.80119,157.0,0.0,0.0,1.0,0.0,0.0,none,0,,,15
MVI_20011,135,8,717.4,249.06,115.6,108.65,775.1999999999999,303.385,12559.94,car,33.254,11.124,127.0,0.0,0.0,1.0,0.0,0.0,none,0,,,15
MVI_20011,135,9,554.55,123.41,44.95,40.46,577.025,143.64,1818.6770000000001,car,346.22,1.7839,163.0,0.0,0.0,1.0,0.0,0.0,none,0,,,15
MVI_20011,135,10,633.3,183.98,79.55,73.52,673.0749999999999,220.73999999999998,5848.516,car,29.194,5.9967,127.0,0.0,0.0,1.0,0.0,0.0,none,0,,,15
MVI_20011,135,11,677.1,50.02,26.75,23.845,690.475,61.9425,637.85375,car,244.89,1.3253,136.0,0.0,0.0,1.0,0.0,0.0,none,0,,,15
MVI_20011,135,12,719.3,54.175,31.3,25.23,734.9499999999999,66.78999999999999,789.6990000000001,car,246.69,1.8511,109.0,0.0,0.0,1.0,0.0,0.0,none,0,,,15
MVI_20011,135,13,679.65,83.425,40.85,30.075,700.0749999999999,98.46249999999999,1228.56375,car,239.04,2.1866,148.0,0.0,0.11639607631268625,0.8836039236873138,0.0,0.11639607631268625,background,1,,-1,15
MVI_20011,135,14,556.1,77.54,34.25,32.15,573.225,93.61500000000001,1101.1375,car,2.3565,0.60801,163.0,0.0,0.0,1.0,0.0,0.0,none,0,,,15
MVI_20011,135,15,603.15,66.635,29.75,34.405,618.025,83.8375,1023.54875,car,15.556,1.2119,160.0,0.0,0.0,1.0,0.0,0.0,none,0,,,15
MVI_20011,135,16,504.5,64.385,26.8,29.04,517.9,78.905,778.272,car,338.96,1.1143,179.0,0.0,0.0,1.0,0.0,0.0,none,0,,,15
MVI_20011,135,17,746.3,86.71,55.7,44.1,774.15,108.75999999999999,2456.3700000000003,van,243.48,2.9058,121.0,0.0,0.0,1.0,0.0,0.0,none,0,,,15
MVI_20011,135,18,540.7,34.096,27.8,37.174,554.6,52.68299999999999,1033.4372,others,343.87,0.26988,211.0,0.0,0.0,1.0,0.0,0.0,none,0,,,15
MVI_20011,135,19,581.2,47.596,23.85,19.519,593.125,57.35549999999999,465.52815,car,357.79,0.64898,167.0,0.0,0.0,1.0,0.0,0.0,none,0,,,15
MVI_20011,135,20,887.2,197.48,73.8,60.71,924.1,227.83499999999998,4480.398,car,215.76,5.176,137.0,0.19704,0.0,1.0,0.0,0.0,none,0,,,15
MVI_20011,136,5,591.15,285.06,115.25,122.76,648.775,346.44,14148.09,car,18.228,9.4308,151.0,0.0,0.0,1.0,0.0,0.0,none,0,,,15
MVI_20011,136,7,629.05,38.682,26.45,22.548,642.275,49.956,596.3946,car,239.98,0.77957,157.0,0.0,0.0,1.0,0.0,0.0,none,0,,,15
MVI_20011,136,8,720.95,255.98,120.7,113.41,781.3000000000001,312.685,13688.587,car,33.254,11.124,127.0,0.0,0.0,1.0,0.0,0.0,none,0,,,15
MVI_20011,136,9,554.3,124.36,44.6,42.02,576.5999999999999,145.37,1874.092,car,346.2,1.7814,163.0,0.0,0.0,1.0,0.0,0.0,none,0,,,15
MVI_20011,136,10,635.55,188.48,80.95,74.99,676.025,225.975,6070.4405,car,29.402,6.009,127.0,0.0,0.0,1.0,0.0,0.0,none,0,,,15
MVI_20011,136,11,676.3,49.587,25.9,23.588,689.25,61.381,610.9292,car,245.37,1.3477,136.0,0.0,0.0,1.0,0.0,0.0,none,0,,,15
MVI_20011,136,12,717.85,54.0,30.85,24.105,733.275,66.0525,743.6392500000001,car,246.24,1.8302,109.0,0.0,0.0,1.0,0.0,0.0,none,0,,,15
MVI_20011,136,13,678.1,82.56,40.2,29.55,698.2,97.33500000000001,1187.91,car,239.04,2.1866,148.0,0.0,0.15189618742160577,0.8481038125783942,0.0,0.15189618742160577,background,1,,-1,15
MVI_20011,136,14,555.85,77.885,34.75,32.675,573.225,94.2225,1135.45625,car,0.0,0.6075,163.0,0.0,0.0,1.0,0.0,0.0,none,0,,,15
MVI_20011,136,15,603.35,67.24,30.05,35.53,618.375,85.005,1067.6765,car,16.688,1.2188,160.0,0.0,0.0,1.0,0.0,0.0,none,0,,,15
MVI_20011,136,16,503.65,65.685,27.75,28.515,517.525,79.9425,791.29125,car,340.13,1.1032,179.0,0.0,0.0,1.0,0.0,0.0,none,0,,,15
MVI_20011,136,17,744.6,85.415,53.95,44.095,771.575,107.4625,2378.9252500000002,van,243.26,2.8834,121.0,0.0,0.0,1.0,0.0,0.0,none,0,,,15
MVI_20011,136,18,540.5,34.01,28.0,37.865,554.5,52.942499999999995,1060.22,others,338.91,0.27787,211.0,0.0,0.0,1.0,0.0,0.0,none,0,,,15
MVI_20011,136,19,581.0,48.288,24.15,19.432,593.075,58.004,469.28279999999995,car,355.59,0.65067,167.0,0.0,0.0,1.0,0.0,0.0,none,0,,,15
MVI_20011,136,20,881.15,193.16,79.85,60.97,921.0749999999999,223.64499999999998,4868.4545,car,215.8,5.1719,137.0,0.12259,0.0,1.0,0.0,0.0,none,0,,,15
MVI_20011,137,5,592.8,291.29,117.8,128.21,651.6999999999999,355.39500000000004,15103.138,car,18.084,9.423,151.0,0.0,0.0,1.0,0.0,0.0,none,0,,,15
MVI_20011,137,7,628.45,38.423,26.25,22.287,641.575,49.566500000000005,585.0337499999999,car,240.89,0.80119,157.0,0.0,0.0,1.0,0.0,0.0,none,0,,,15
MVI_20011,137,8,724.5,262.9,125.8,118.17,787.4,321.98499999999996,14865.786,car,33.254,11.124,127.0,0.0,0.0,1.0,0.0,0.0,none,0,,,15
MVI_20011,137,9,554.0,125.31,44.3,43.57,576.15,147.095,1930.1509999999998,car,345.44,1.79,163.0,0.0,0.0,1.0,0.0,0.0,none,0,,,15
MVI_20011,137,10,637.8,192.98,82.35,76.46,678.9749999999999,231.20999999999998,6296.480999999999,car,29.402,6.009,127.0,0.0,0.0,1.0,0.0,0.0,none,0,,,15
MVI_20011,137,11,675.5,49.154,25.1,23.326,688.05,60.81700000000001,585.4826,car,244.84,1.3258,136.0,0.0,0.0,1.0,0.0,0.0,none,0,,,15
MVI_20011,137,12,716.35,53.825,30.45,22.985,731.575,65.3175,699.89325,car,246.62,1.8521,109.0,0.0,0.0,1.0,0.0,0.0,none,0,,,15
MVI_20011,137,13,676.55,81.69,39.6,29.04,696.3499999999999,96.21,1149.984,car,238.64,2.1665,148.0,0.0,0.15995744288616226,0.8400425571138377,0.0,0.15995744288616226,background,1,,-1,15
MVI_20011,137,14,555.6,78.23,35.25,33.2,573.225,94.83000000000001,1170.3000000000002,car,0.0,0.605,163.0,0.0,0.0,1.0,0.0,0.0,none,0,,,15
MVI_20011,137,15,603.5,67.845,30.45,36.655,618.725,86.1725,1116.14475,car,16.688,1.2188,160.0,0.0,0.0,1.0,0.0,0.0,none,0,,,15
MVI_20011,137,16,502.8,66.98,28.7,28.0,517.15,80.98,803.6,car,340.13,1.1032,179.0,0.0,0.0,1.0,0.0,0.0,none,0,,,15
MVI_20011,137,17,742.85,84.115,52.25,44.095,768.975,106.1625,2303.96375,van,243.43,2.9069,121.0,0.0,0.0,1.0,0.0,0.0,none,0,,,15
MVI_20011,137,18,540.35,33.923,28.15,38.557,554.4250000000001,53.2015,1085.37955,others,343.87,0.26988,211.0,0.0,0.0,1.0,0.0,0.0,none,0,,,15
MVI_20011,137,19,580.85,48.981,24.35,19.344,593.025,58.653000000000006,471.0264000000001,car,355.59,0.65067,167.0,0.0,0.0,1.0,0.0,0.0,none,0,,,15
MVI_20011,137,20,875.1,188.82,85.9,61.24,918.0500000000001,219.44,5260.5160000000005,car,215.78,5.1739,137.0,0.04744,0.0,1.0,0.0,0.0,none,0,,,15
MVI_20011,138,5,594.45,297.52,120.4,133.67,654.6500000000001,364.35499999999996,16093.867999999999,car,18.228,9.4308,151.0,0.0,0.0,1.0,0.0,0.0,none,0,,,15
MVI_20011,138,7,627.85,38.163,26.1,22.027,640.9,49.1765,574.9047,car,240.0,0.77944,157.0,0.0,0.0,1.0,0.0,0.0,none,0,,,15
MVI_20011,138,8,728.05,269.82,130.9,122.94,793.5,331.28999999999996,16092.846,car,33.254,11.124,127.0,0.0,0.0,1.0,0.0,0.0,none,0,,,15
MVI_20011,138,9,553.75,126.26,43.95,45.14,575.725,148.83,1983.9030000000002,car,346.2,1.7814,163.0,0.0,0.0,1.0,0.0,0.0,none,0,,,15
MVI_20011,138,10,640.05,197.48,83.7,77.94,681.9,236.45,6523.578,car,29.182,5.9989,127.0,0.0,0.0,1.0,0.0,0.0,none,0,,,15
MVI_20011,138,11,674.75,48.721,24.2,23.069,686.85,60.2555,558.2697999999999,car,244.92,1.3249,136.0,0.0,0.0,1.0,0.0,0.0,none,0,,,15
MVI_20011,138,12,714.9,53.655,30.0,21.855,729.9,64.5825,655.65,car,246.31,1.8292,109.0,0.0,0.0,1.0,0.0,0.0,none,0,,,15
MVI_20011,138,13,675.0,80.825,39.0,28.525,694.5,95.0875,1112.475,car,238.7,2.1652,148.0,0.0,0.1483179397289827,0.8516820602710173,0.0,0.1483179397289827,background,1,,-1,15
MVI_20011,138,14,555.3,78.575,35.8,33.715,573.1999999999999,95.4325,1206.997,car,357.63,0.60552,163.0,0.0,0.0,1.0,0.0,0.0,none,0,,,15
MVI_20011,138,15,603.7,68.45,30.75,37.78,619.075,87.34,1161.7350000000001,car,16.688,1.2188,160.0,0.0,0.0,1.0,0.0,0.0,none,0,,,15
MVI_20011,138,16,501.9,68.28,29.65,27.48,516.725,82.02,814.7819999999999,car,337.77,1.1235,179.0,0.0,0.0,1.0,0.0,0.0,none,0,,,15
MVI_20011,138,17,741.1,82.815,50.5,44.105,766.35,104.86749999999999,2227.3025,van,243.7,2.9282,121.0,0.0,0.0,1.0,0.0,0.0,none,0,,,15
MVI_20011,138,18,540.15,33.837,28.35,39.248,554.3249999999999,53.461,1112.6808,others,338.91,0.27787,211.0,0.0,0.0,1.0,0.0,0.0,none,0,,,15
MVI_20011,138,19,580.65,49.673,24.65,19.262,592.975,59.304,474.8083,car,355.61,0.65292,167.0,0.0,0.0,1.0,0.0,0.0,none,0,,,15
MVI_20011,138,20,869.0,184.5,92.0,61.49,915.0,215.245,5657.08,car,216.0,5.1886,137.0,0.0,0.0,1.0,0.0,0.0,none,0,,,15
MVI_20011,139,5,596.1,303.75,123.0,139.12,657.6,373.31,17111.760000000002,car,18.233,9.4284,151.0,0.0,0.0,1.0,0.0,0.0,none,0,,,15
MVI_20011,139,7,627.25,37.904,25.9,21.771,640.2,48.789500000000004,563.8688999999999,car,241.05,0.79998,157.0,0.0,0.0,1.0,0.0,0.0,none,0,,,15
MVI_20011,139,8,731.6,276.75,136.0,127.69,799.6,340.595,17365.84,car,33.254,11.124,127.0,0.0,0.0,1.0,0.0,0.0,none,0,,,15
MVI_20011,139,9,553.5,127.21,43.6,46.7,575.3,150.56,2036.1200000000001,car,346.2,1.7814,163.0,0.0,0.0,1.0,0.0,0.0,none,0,,,15
MVI_20011,139,10,642.3,201.98,85.1,79.4,684.8499999999999,241.68,6756.94,car,29.402,6.009,127.0,0.0,0.0,1.0,0.0,0.0,none,0,,,15
MVI_20011,139,11,673.95,48.288,23.35,22.807,685.625,59.6915,532.54345,car,245.29,1.3485,136.0,0.0,0.0,1.0,0.0,0.0,none,0,,,15
MVI_20011,139,12,713.4,53.48,29.6,20.73,728.1999999999999,63.845,613.6080000000001,car,246.55,1.8531,109.0,0.0,0.0,1.0,0.0,0.0,none,0,,,15
MVI_20011,139,13,673.45,79.96,38.4,28.0,692.6500000000001,93.96,1075.2,car,238.7,2.1652,148.0,0.0,0.18909970238095225,0.8109002976190478,0.0,0.18909970238095225,background,1,,-1,15
MVI_20011,139,14,555.05,78.925,36.3,34.235,573.1999999999999,96.04249999999999,1242.7305,car,0.0,0.6075,163.0,0.0,0.0,1.0,0.0,0.0,none,0,,,15
MVI_20011,139,15,603.85,69.06,31.15,38.9,619.4250000000001,88.51,1211.735,car,16.654,1.2212,160.0,0.0,0.0,1.0,0.0,0.0,none,0,,,15
MVI_20011,139,16,501.05,69.575,30.6,26.965,516.35,83.0575,825.129,car,340.13,1.1032,179.0,0.0,0.0,1.0,0.0,0.0,none,0,,,15
MVI_20011,139,17,739.4,81.52,48.75,44.09,763.775,103.565,2149.3875000000003,van,243.26,2.8834,121.0,0.0,0.0,1.0,0.0,0.0,none,0,,,15
MVI_20011,139,18,540.0,33.75,28.5,39.94,554.25,53.72,1138.29,others,343.87,0.26988,211.0,0.0,0.0,1.0,0.0,0.0,none,0,,,15
MVI_20011,139,19,580.5,50.365,24.9,19.175,592.95,59.9525,477.4575,car,357.79,0.64898,167.0,0.0,0.0,1.0,0.0,0.0,none,0,,,15
MVI_20011,139,20,862.95,180.18,98.05,61.75,911.975,211.055,6054.5875,car,215.8,5.1719,137.0,0.0,0.0,1.0,0.0,0.0,none,0,,,15
MVI_20011,140,5,597.65,312.93,126.9,143.78,661.1,384.82,18245.682,car,16.914,12.03,151.0,0.0,0.0,1.0,0.0,0.0,none,0,,,15
MVI_20011,140,7,626.8,37.385,26.0,21.68,639.8,48.224999999999994,563.68,car,215.31,0.69206,157.0,0.0,0.0,1.0,0.0,0.0,none,0,,,15
MVI_20011,140,8,738.25,286.44,141.7,133.67,809.1,353.275,18941.038999999997,car,36.846,15.842,127.0,0.0,0.0,1.0,0.0,0.0,none,0,,,15
MVI_20011,140,9,553.65,127.82,45.15,47.9,576.225,151.76999999999998,2162.685,car,37.397,1.5231,163.0,0.0,0.0,1.0,0.0,0.0,none,0,,,15
MVI_20011,140,10,643.15,207.78,92.5,81.83,689.4,248.695,7569.275,car,32.987,8.3572,127.0,0.0,0.0,1.0,0.0,0.0,none,0,,,15
MVI_20011,140,11,673.55,47.769,23.3,22.376,685.1999999999999,58.957,521.3608,car,210.05,0.84881,136.0,0.0,0.0,1.0,0.0,0.0,none,0,,,15
MVI_20011,140,12,712.45,52.53,29.5,20.645,727.2,62.8525,609.0275,car,225.22,1.4089,109.0,0.0,0.0,1.0,0.0,0.0,none,0,,,15
MVI_20011,140,13,672.3,79.01,38.25,27.92,691.425,92.97,1067.94,car,230.99,1.5766,148.0,0.0,0.15044946345300353,0.8495505365469964,0.0,0.15044946345300353,background,1,,-1,15
MVI_20011,140,14,555.5,80.135,36.2,33.105,573.6,96.6875,1198.401,car,31.706,0.76109,163.0,0.0,0.0,1.0,0.0,0.0,none,0,,,15
MVI_20011,140,15,604.2,70.01,31.8,37.95,620.1,88.98500000000001,1206.8100000000002,car,54.866,0.82538,160.0,0.0,0.0,1.0,0.0,0.0,none,0,,,15
MVI_20011,140,16,501.9,69.405,29.5,27.22,516.65,83.015,802.99,car,98.063,0.303,179.0,0.0,0.0,1.0,0.0,0.0,none,0,,,15
MVI_20011,140,17,737.3,80.22,48.45,43.67,761.525,102.055,2115.8115000000003,van,236.05,2.7125,121.0,0.0,0.0,1.0,0.0,0.0,none,0,,,15
MVI_20011,140,18,539.9,33.837,29.05,39.853,554.425,53.76350000000001,1157.72965,others,76.118,0.18027,211.0,0.0,0.0,1.0,0.0,0.0,none,0,,,15
MVI_20011,140,19,580.95,50.19,25.15,19.695,593.5250000000001,60.037499999999994,495.32925,car,81.591,0.58125,167.0,0.0,0.0,1.0,0.0,0.0,none,0,,,15
MVI_20011,140,20,858.9,176.97,102.1,60.37,909.9499999999999,207.155,6163.776999999999,car,207.45,4.3922,137.0,0.0,0.0,1.0,0.0,0.0,none,0,,,15
MVI_20011,141,5,599.2,322.1,130.8,148.46,664.6,396.33000000000004,19418.568000000003,car,16.914,12.03,151.0,0.0,0.0,1.0,0.0,0.0,none,0,,,15
MVI_20011,141,7,626.35,36.865,26.1,21.595,639.4,47.6625,563.6295,car,215.44,0.68981,157.0,0.0,0.0,1.0,0.0,0.0,none,0,,,15
MVI_20011,141,8,744.9,296.13,147.45,139.64,818.625,365.95,20589.917999999998,car,36.913,15.859,127.0,0.0,0.0,1.0,0.0,0.0,none,0,,,15
MVI_20011,141,9,553.85,128.43,46.7,49.11,577.2,152.985,2293.437,car,38.746,1.5578,163.0,0.0,0.0,1.0,0.0,0.0,none,0,,,15
MVI_20011,141,10,644.0,213.57,99.85,84.25,693.925,255.695,8412.3625,car,32.852,8.3415,127.0,0.0,0.0,1.0,0.0,0.0,none,0,,,15
MVI_20011,141,11,673.1,47.25,23.3,21.94,684.75,58.22,511.20200000000006,car,211.41,0.86352,136.0,0.0,0.0,1.0,0.0,0.0,none,0,,,15
MVI_20011,141,12,711.5,51.575,29.4,20.56,726.2,61.855000000000004,604.4639999999999,car,225.07,1.4124,109.0,0.0,0.0,1.0,0.0,0.0,none,0,,,15
MVI_20011,141,13,671.2,78.06,38.05,27.83,690.225,91.975,1058.9315,car,230.34,1.5589,148.0,0.0,0.14009404763197622,0.8599059523680238,0.0,0.14009404763197622,background,1,,-1,15
MVI_20011,141,14,555.9,81.345,36.15,31.985,573.975,97.3375,1156.25775,car,30.077,0.74825,163.0,0.0,0.0,1.0,0.0,0.0,none,0,,,15
MVI_20011,141,15,604.55,70.96,32.5,37.0,620.8,89.46,1202.5,car,55.84,0.84595,160.0,0.0,0.0,1.0,0.0,0.0,none,0,,,15
MVI_20011,141,16,502.8,69.23,28.35,27.48,516.975,82.97,779.0580000000001,car,97.883,0.3281,179.0,0.0,0.0,1.0,0.0,0.0,none,0,,,15
MVI_20011,141,17,735.25,78.925,48.05,43.235,759.275,100.54249999999999,2077.44175,van,236.09,2.7111,121.0,0.0,0.0,1.0,0.0,0.0,none,0,,,15
MVI_20011,141,18,539.85,33.923,29.55,39.767,554.625,53.8065,1175.1148500000002,others,77.798,0.20462,211.0,0.0,0.0,1.0,0.0,0.0,none,0,,,15
MVI_20011,141,19,581.35,50.02,25.4,20.21,594.0500000000001,60.125,513.334,car,80.538,0.53224,167.0,0.0,0.0,1.0,0.0,0.0,none,0,,,15
MVI_20011,141,20,854.85,173.77,90.65,58.98,900.1750000000001,203.26000000000002,5346.537,car,248.29,10.522,137.0,0.0,0.0,1.0,0.0,0.0,none,0,,,15
MVI_20011,142,5,600.75,331.27,134.7,153.13,668.1,407.835,20626.610999999997,car,16.914,12.03,151.0,0.0,0.0,1.0,0.0,0.0,none,0,,,15
MVI_20011,142,7,625.95,36.346,26.15,21.509,639.0250000000001,47.1005,562.46035,car,213.7,0.67583,157.0,0.0,0.0,1.0,0.0,0.0,none,0,,,15
MVI_20011,142,8,751.6,305.82,153.1,145.62,828.15,378.63,22294.422,car,36.919,15.857,127.0,0.0,0.0,1.0,0.0,0.0,none,0,,,15
MVI_20011,142,9,554.0,129.03,48.25,50.32,578.125,154.19,2427.94,car,37.397,1.5231,163.0,0.0,0.0,1.0,0.0,0.0,none,0,,,15
MVI_20011,142,10,644.9,219.38,107.15,86.67,698.475,262.715,9286.6905,car,32.977,8.3593,127.0,0.0,0.0,1.0,0.0,0.0,none,0,,,15
MVI_20011,142,11,672.65,46.731,23.35,21.509,684.3249999999999,57.4855,502.23515000000003,car,210.05,0.8486,136.0,0.0,0.0,1.0,0.0,0.0,none,0,,,15
MVI_20011,142,12,710.55,50.625,29.3,20.47,725.1999999999999,60.86,599.771,car,225.14,1.4107,109.0,0.0,0.0,1.0,0.0,0.0,none,0,,,15
MVI_20011,142,13,670.05,77.105,37.9,27.745,689.0,90.9775,1051.5355,car,230.84,1.5798,148.0,0.0,0.1542577497383594,0.8457422502616406,0.0,0.1542577497383594,background,1,,-1,15
MVI_20011,142,14,556.35,82.56,36.05,30.86,574.375,97.99000000000001,1112.503,car,31.509,0.76535,163.0,0.0,0.0,1.0,0.0,0.0,none,0,,,15
MVI_20011,142,15,604.9,71.915,33.2,36.045,621.5,89.9375,1196.6940000000002,car,55.7,0.84735,160.0,0.0,0.0,1.0,0.0,0.0,none,0,,,15
MVI_20011,142,16,503.65,69.06,27.25,27.74,517.275,82.93,755.915,car,97.595,0.30265,179.0,0.0,0.0,1.0,0.0,0.0,none,0,,,15
MVI_20011,142,17,733.15,77.625,47.75,42.805,757.025,99.0275,2043.93875,van,236.05,2.7125,121.0,0.0,0.0,1.0,0.0,0.0,none,0,,,15
MVI_20011,142,18,539.75,34.01,30.05,39.68,554.775,53.849999999999994,1192.384,others,73.916,0.15611,211.0,0.0,0.0,1.0,0.0,0.0,none,0,,,15
MVI_20011,142,19,581.8,49.846,25.65,20.729,594.625,60.210499999999996,531.69885,car,81.542,0.58132,167.0,0.0,0.0,1.0,0.0,0.0,none,0,,,15
MVI_20011,142,20,850.75,170.57,88.25,57.59,894.875,199.365,5082.3175,car,233.69,6.5773,137.0,0.0,0.0,1.0,0.0,0.0,none,0,,,15
MVI_20011,143,5,602.3,340.44,138.6,157.81,671.5999999999999,419.345,21872.466,car,16.917,12.028,151.0,0.0,0.0,1.0,0.0,0.0,none,0,,,15
MVI_20011,143,7,625.5,35.827,26.25,21.423,638.625,46.5385,562.35375,car,215.44,0.68981,157.0,0.0,0.0,1.0,0.0,0.0,none,0,,,15
MVI_20011,143,8,758.25,315.52,158.85,151.58,837.675,391.31,24078.483,car,36.919,15.857,127.0,0.0,0.0,1.0,0.0,0.0,none,0,,,15
MVI_20011,143,9,554.2,129.63,49.8,51.55,579.1,155.405,2567.1899999999996,car,38.804,1.5559,163.0,0.0,0.0,1.0,0.0,0.0,none,0,,,15
MVI_20011,143,10,645.75,225.18,114.55,89.09,703.025,269.725,10205.2595,car,32.987,8.3572,127.0,0.0,0.0,1.0,0.0,0.0,none,0,,,15
MVI_20011,143,11,672.25,46.212,23.3,21.078,683.9,56.751000000000005,491.1174,car,210.05,0.84881,136.0,0.0,0.0,1.0,0.0,0.0,none,0,,,15
MVI_20011,143,12,709.6,49.673,29.25,20.387,724.225,59.8665,596.31975,car,224.46,1.392,109.0,0.0,0.0,1.0,0.0,0.0,none,0,,,15
MVI_20011,143,13,668.95,76.155,37.7,27.655,687.8000000000001,89.9825,1042.5935000000002,car,230.41,1.5573,148.0,0.0,0.14113842067881682,0.8588615793211831,0.0,0.14113842067881682,background,1,,-1,15
MVI_20011,143,14,556.8,83.77,35.95,29.73,574.775,98.63499999999999,1068.7935,car,31.706,0.76109,163.0,0.0,0.0,1.0,0.0,0.0,none,0,,,15
MVI_20011,143,15,605.25,72.865,33.9,35.095,622.2,90.4125,1189.7205,car,55.84,0.84595,160.0,0.0,0.0,1.0,0.0,0.0,none,0,,,15
MVI_20011,143,16,504.5,68.885,26.1,28.0,517.55,82.885,730.8000000000001,car,99.293,0.27866,179.0,0.0,0.0,1.0,0.0,0.0,none,0,,,15
MVI_20011,143,17,731.1,76.325,47.35,42.365,754.775,97.50750000000001,2005.9827500000001,van,236.0,2.7139,121.0,0.0,0.0,1.0,0.0,0.0,none,0,,,15
MVI_20011,143,18,539.65,34.096,30.6,39.594,554.9499999999999,53.893,1211.5764000000001,others,76.118,0.18027,211.0,0.0,0.0,1.0,0.0,0.0,none,0,,,15
MVI_20011,143,19,582.25,49.673,25.9,21.252,595.2,60.299,550.4268,car,81.25,0.58177,167.0,0.0,0.0,1.0,0.0,0.0,none,0,,,15
MVI_20011,143,20,846.7,167.37,85.8,56.2,889.6,195.47,4821.96,car,233.56,6.5572,137.0,0.0,0.0,1.0,0.0,0.0,none,0,,,15
MVI_20011,144,5,603.85,349.62,142.5,162.48,675.1,430.86,23153.399999999998,car,16.91,12.033,151.0,0.0,0.0,1.0,0.0,0.0,none,0,,,15
MVI_20011,144,7,625.05,35.307,26.35,21.338,638.2249999999999,45.976,562.2563,car,215.43,0.69002,157.0,0.0,0.0,1.0,0.0,0.0,none,0,,,15
MVI_20011,144,8,764.9,325.21,164.55,157.55,847.175,403.985,25924.852500000005,car,36.846,15.842,127.0,0.0,0.0,1.0,0.0,0.0,none,0,,,15
MVI_20011,144,9,554.35,130.24,51.4,52.75,580.0500000000001,156.615,2711.35,car,38.136,1.5384,163.0,0.0,0.0,1.0,0.0,0.0,none,0,,,15
MVI_20011,144,10,646.6,230.97,121.9,91.52,707.5500000000001,276.73,11156.288,car,32.852,8.3415,127.0,0.0,0.0,1.0,0.0,0.0,none,0,,,15
MVI_20011,144,11,671.8,45.693,23.35,20.642,683.4749999999999,56.013999999999996,481.9907,car,209.97,0.85076,136.0,0.0,0.0,1.0,0.0,0.0,none,0,,,15
MVI_20011,144,12,708.65,48.721,29.15,20.299,723.225,58.87049999999999,591.7158499999999,car,225.11,1.4114,109.0,0.0,0.0,1.0,0.0,0.0,none,0,,,15
MVI_20011,144,13,667.8,75.2,37.55,27.57,686.5749999999999,88.985,1035.2535,car,230.84,1.5798,148.0,0.0,0.13524223777074904,0.8647577622292509,0.0,0.13524223777074904,background,1,,-1,15
MVI_20011,144,14,557.2,84.98,35.9,28.6,575.1500000000001,99.28,1026.74,car,30.077,0.74825,163.0,0.0,0.0,1.0,0.0,0.0,none,0,,,15
MVI_20011,144,15,605.6,73.815,34.55,34.145,622.875,90.8875,1179.70975,car,54.866,0.82538,160.0,0.0,0.0,1.0,0.0,0.0,none,0,,,15
MVI_20011,144,16,505.4,68.71,24.95,28.26,517.875,82.83999999999999,705.087,car,97.883,0.3281,179.0,0.0,0.0,1.0,0.0,0.0,none,0,,,15
MVI_20011,144,17,729.0,75.03,47.05,41.93,752.525,95.995,1972.8065,van,236.09,2.7111,121.0,0.0,0.0,1.0,0.0,0.0,none,0,,,15
MVI_20011,144,18,539.55,34.182,31.15,39.508,555.125,53.93600000000001,1230.6742,others,76.118,0.18027,211.0,0.0,0.0,1.0,0.0,0.0,none,0,,,15
MVI_20011,144,19,582.65,49.5,26.2,21.77,595.75,60.385,570.374,car,81.113,0.55668,167.0,0.0,0.0,1.0,0.0,0.0,none,0,,,15
MVI_20011,144,20,842.65,164.16,83.35,54.83,884.3249999999999,191.575,4570.080499999999,car,233.58,6.5557,137.0,0.0,0.0,1.0,0.0,0.0,none,0,,,15
MVI_20011,145,5,605.4,358.79,146.4,167.16,678.6,442.37,24472.224000000002,car,16.91,12.033,151.0,0.0,0.0,1.0,0.0,0.0,none,0,,,15
MVI_20011,145,7,624.65,34.788,26.45,21.252,637.875,45.413999999999994,562.1153999999999,car,211.91,0.66208,157.0,0.0,0.0,1.0,0.0,0.0,none,0,,,15
MVI_20011,145,8,771.6,334.9,170.25,163.53,856.725,416.66499999999996,27840.982500000002,car,36.985,15.874,127.0,0.0,0.0,1.0,0.0,0.0,none,0,,,15
MVI_20011,145,9,554.55,130.85,52.9,53.96,581.0,157.82999999999998,2854.484,car,38.079,1.5403,163.0,0.0,0.0,1.0,0.0,0.0,none,0,,,15
MVI_20011,145,10,647.5,236.77,129.25,93.94,712.125,283.74,12141.744999999999,car,33.13,8.3708,127.0,0.0,0.0,1.0,0.0,0.0,none,0,,,15
MVI_20011,145,11,671.35,45.173,23.35,20.212,683.025,55.279,471.9502,car,211.49,0.8616,136.0,0.0,0.0,1.0,0.0,0.0,none,0,,,15
MVI_20011,145,12,707.7,47.769,29.05,20.211,722.225,57.8745,587.12955,car,225.11,1.4114,109.0,0.0,0.0,1.0,0.0,0.0,none,0,,,15
MVI_20011,145,13,666.7,74.25,37.35,27.48,685.375,87.99,1026.3780000000002,car,230.34,1.5589,148.0,0.0,0.1318227787423342,0.8681772212576658,0.0,0.1318227787423342,background,1,,-1,15
MVI_20011,145,14,557.65,86.19,35.8,27.49,575.55,99.935,984.1419999999998,car,31.608,0.76322,163.0,0.0,0.0,1.0,0.0,0.0,none,0,,,15
MVI_20011,145,15,605.95,74.77,35.25,33.19,623.575,91.365,1169.9475,car,55.7,0.84735,160.0,0.0,0.0,1.0,0.0,0.0,none,0,,,15
MVI_20011,145,16,506.25,68.54,23.85,28.52,518.175,82.80000000000001,680.202,car,97.595,0.30265,179.0,0.0,0.0,1.0,0.0,0.0,none,0,,,15
MVI_20011,145,17,726.9,73.73,46.7,41.5,750.25,94.48,1938.0500000000002,van,236.34,2.7333,121.0,0.0,0.0,1.0,0.0,0.0,none,0,,,15
MVI_20011,145,18,539.5,34.269,31.6,39.421,555.3,53.9795,1245.7036,others,76.118,0.18027,211.0,0.0,0.0,1.0,0.0,0.0,none,0,,,15
MVI_20011,145,19,583.1,49.327,26.45,22.288,596.325,60.471,589.5176,car,81.494,0.5814,167.0,0.0,0.0,1.0,0.0,0.0,none,0,,,15
MVI_20011,145,20,838.55,160.96,80.95,53.45,879.025,187.685,4326.7775,car,233.69,6.5773,137.0,0.0,0.0,1.0,0.0,0.0,none,0,,,15
MVI_20011,146,5,607.6,370.64,146.35,156.01,680.775,448.645,22832.063499999997,car,19.11,6.6436,151.0,0.06745,0.0,1.0,0.0,0.0,none,0,,,15
MVI_20011,146,7,624.2,34.356,26.35,21.424,637.375,45.068,564.5224000000001,car,235.3,0.60819,157.0,0.0,0.0,1.0,0.0,0.0,none,0,,,15
MVI_20011,146,8,781.9,349.19,162.65,154.36,863.225,426.37,25106.654000000002,car,33.819,11.679,127.0,0.0,0.0,1.0,0.0,0.0,none,0,,,15
MVI_20011,146,9,554.65,133.7,53.5,54.31,581.4,160.855,2905.585,car,7.5265,3.0538,163.0,0.0,0.0,1.0,0.0,0.0,none,0,,,15
MVI_20011,146,10,653.95,243.6,128.95,97.23,718.4250000000001,292.215,12537.8085,car,36.61,10.564,127.0,0.0,0.0,1.0,0.0,0.0,none,0,,,15
MVI_20011,146,11,670.05,44.654,23.25,20.386,681.675,54.847,473.9745,car,252.26,1.4174,136.0,0.0,0.0,1.0,0.0,0.0,none,0,,,15
MVI_20011,146,12,706.25,46.904,28.75,20.211,720.625,57.0095,581.06625,car,241.6,1.8189,109.0,0.0,0.0,1.0,0.0,0.0,none,0,,,15
MVI_20011,146,13,665.2,73.21,37.65,27.31,684.0250000000001,86.865,1028.2214999999999,car,230.19,1.7573,148.0,0.0,0.133006360983504,0.8669936390164961,0.0,0.133006360983504,background,1,,-1,15
MVI_20011,146,14,557.75,86.71,35.95,28.52,575.725,100.97,1025.294,car,9.5742,1.0522,163.0,0.0,0.0,1.0,0.0,0.0,none,0,,,15
MVI_20011,146,15,606.1,74.685,35.55,34.665,623.875,92.0175,1232.3407499999998,car,24.775,0.71589,160.0,0.0,0.0,1.0,0.0,0.0,none,0,,,15
MVI_20011,146,16,504.85,69.23,25.35,28.78,517.525,83.62,729.5730000000001,car,321.6,1.0464,179.0,0.0,0.0,1.0,0.0,0.0,none,0,,,15
MVI_20011,146,17,725.2,72.605,46.35,40.975,748.375,93.0925,1899.19125,van,233.55,2.3311,121.0,0.0,0.0,1.0,0.0,0.0,none,0,,,15
MVI_20011,146,18,539.2,34.356,31.75,40.114,555.075,54.413,1273.6195,others,332.57,0.48841,211.0,0.0,0.0,1.0,0.0,0.0,none,0,,,15
MVI_20011,146,19,583.35,50.02,26.45,22.46,596.575,61.25,594.067,car,17.793,0.81813,167.0,0.0,0.0,1.0,0.0,0.0,none,0,,,15
MVI_20011,146,20,834.4,158.02,80.55,53.53,874.675,184.78500000000003,4311.8414999999995,car,236.33,5.2267,137.0,0.0,0.0,1.0,0.0,0.0,none,0,,,15
MVI_20011,147,5,609.75,382.5,146.4,144.85,682.95,454.925,21206.04,car,19.11,6.6436,151.0,0.13427,0.0,1.0,0.0,0.0,none,0,,,15
MVI_20011,147,7,623.75,33.923,26.3,21.597,636.9,44.721500000000006,568.0011000000001,car,233.89,0.58795,157.0,0.0,0.0,1.0,0.0,0.0,none,0,,,15
MVI_20011,147,8,792.15,363.46,155.05,145.19,869.675,436.05499999999995,22511.7095,car,33.656,11.638,127.0,0.10403,0.0,1.0,0.0,0.0,none,0,,,15
MVI_20011,147,9,554.7,136.56,54.15,54.65,581.7750000000001,163.885,2959.2974999999997,car,7.0552,3.0531,163.0,0.0,0.0,1.0,0.0,0.0,none,0,,,15
MVI_20011,147,10,660.45,250.44,128.55,100.52,724.725,300.7,12921.846000000001,car,36.61,10.564,127.0,0.0,0.0,1.0,0.0,0.0,none,0,,,15
MVI_20011,147,11,668.75,44.135,23.15,20.555,680.325,54.412499999999994,475.84824999999995,car,252.15,1.4183,136.0,0.0,0.0,1.0,0.0,0.0,none,0,,,15
MVI_20011,147,12,704.75,46.038,28.55,20.212,719.025,56.144,577.0526,car,241.6,1.819,109.0,0.0,0.0,1.0,0.0,0.0,none,0,,,15
MVI_20011,147,13,663.75,72.175,37.85,27.135,682.675,85.74249999999999,1027.0597500000001,car,230.26,1.7557,148.0,0.0,0.13923240590433028,0.8607675940956697,0.0,0.13923240590433028,background,1,,-1,15
MVI_20011,147,14,557.85,87.23,36.1,29.56,575.9,102.01,1067.116,car,9.5516,1.0546,163.0,0.0,0.0,1.0,0.0,0.0,none,0,,,15
MVI_20011,147,15,606.3,74.595,35.8,36.135,624.1999999999999,92.6625,1293.6329999999998,car,26.653,0.72449,160.0,0.0,0.0,1.0,0.0,0.0,none,0,,,15
MVI_20011,147,16,503.5,69.925,26.75,29.035,516.875,84.4425,776.68625,car,321.68,1.0483,179.0,0.0,0.0,1.0,0.0,0.0,none,0,,,15
MVI_20011,147,17,723.45,71.48,46.0,40.46,746.45,91.71000000000001,1861.16,van,234.27,2.3715,121.0,0.0,0.0,1.0,0.0,0.0,none,0,,,15
MVI_20011,147,18,538.95,34.443,31.8,40.807,554.85,54.8465,1297.6626,others,332.56,0.48819,211.0,0.0,0.0,1.0,0.0,0.0,none,0,,,15
MVI_20011,147,19,583.6,50.71,26.45,22.635,596.825,62.0275,598.69575,car,17.825,0.8167,167.0,0.0,0.0,1.0,0.0,0.0,none,0,,,15
MVI_20011,147,20,830.25,155.07,80.1,53.62,870.3,181.88,4294.9619999999995,car,236.44,5.2503,137.0,0.0,0.0,1.0,0.0,0.0,none,0,,,15
MVI_20011,148,5,611.9,394.36,146.4,133.64,685.1,461.18,19564.895999999997,car,18.976,6.6118,151.0,0.2017,0.0,1.0,0.0,0.0,none,0,,,15
MVI_20011,148,7,623.35,33.49,26.15,21.77,636.4250000000001,44.375,569.2855,car,233.91,0.5878,157.0,0.0,0.0,1.0,0.0,0.0,none,0,,,15
MVI_20011,148,8,802.45,377.74,158.55,136.01,881.725,445.745,21564.3855,car,51.196,15.463,127.0,0.20246,0.0,1.0,0.0,0.0,none,0,,,15
MVI_20011,148,9,554.8,139.41,54.75,55.0,582.175,166.91,3011.25,car,7.5203,3.0563,163.0,0.0,0.0,1.0,0.0,0.0,none,0,,,15
MVI_20011,148,10,666.95,257.28,128.2,103.8,731.0500000000001,309.17999999999995,13307.159999999998,car,36.71,10.581,127.0,0.0,0.0,1.0,0.0,0.0,none,0,,,15
MVI_20011,148,11,667.45,43.615,23.1,20.73,679.0,53.980000000000004,478.86300000000006,car,251.94,1.3936,136.0,0.0,0.0,1.0,0.0,0.0,none,0,,,15
MVI_20011,148,12,703.3,45.173,28.25,20.212,717.425,55.279,570.989,car,241.6,1.819,109.0,0.0,0.0,1.0,0.0,0.0,none,0,,,15
MVI_20011,148,13,662.3,71.135,38.1,26.96,681.3499999999999,84.61500000000001,1027.1760000000002,car,229.6,1.7398,148.0,0.0,0.17309253720881376,0.8269074627911862,0.0,0.17309253720881376,background,1,,-1,15
MVI_20011,148,14,557.9,87.75,36.3,30.6,576.05,103.05,1110.78,car,8.2267,1.0483,163.0,0.0,0.0,1.0,0.0,0.0,none,0,,,15
MVI_20011,148,15,606.45,74.51,36.05,37.6,624.475,93.31,1355.48,car,22.932,0.70578,160.0,0.0,0.0,1.0,0.0,0.0,none,0,,,15
MVI_20011,148,16,502.1,70.615,28.25,29.3,516.225,85.265,827.725,car,321.68,1.0483,179.0,0.0,0.0,1.0,0.0,0.0,none,0,,,15
MVI_20011,148,17,721.75,70.355,45.65,39.945,744.575,90.3275,1823.4892499999999,van,233.6,2.3296,121.0,0.0,0.0,1.0,0.0,0.0,none,0,,,15
MVI_20011,148,18,538.7,34.529,31.9,41.501,554.6500000000001,55.2795,1323.8818999999999,others,335.22,0.47719,211.0,0.0,0.0,1.0,0.0,0.0,none,0,,,15
MVI_20011,148,19,583.9,51.405,26.4,22.805,597.1,62.807500000000005,602.0519999999999,car,19.421,0.82706,167.0,0.0,0.0,1.0,0.0,0.0,none,0,,,15
MVI_20011,148,20,826.1,152.13,79.65,53.71,865.9250000000001,178.98499999999999,4278.0015,car,236.48,5.2475,137.0,0.0,0.0,1.0,0.0,0.0,none,0,,,15
MVI_20011,149,5,614.1,406.21,146.35,122.49,687.275,467.455,17926.4115,car,19.11,6.6436,151.0,0.26909,0.0,1.0,0.0,0.0,none,0,,,15
MVI_20011,149,7,622.9,33.057,26.1,21.943,635.9499999999999,44.0285,572.7123,car,233.89,0.58795,157.0,0.0,0.0,1.0,0.0,0.0,none,0,,,15
MVI_20011,149,8,812.75,392.02,148.25,126.83,886.875,455.435,18802.5475,car,27.99,10.974,127.0,0.29526,0.0,1.0,0.0,0.0,none,0,,,15
MVI_20011,149,9,554.9,142.27,55.35,55.35,582.5749999999999,169.94500000000002,3063.6225,car,7.5265,3.0538,163.0,0.0,0.0,1.0,0.0,0.0,none,0,,,15
MVI_20011,149,10,673.45,264.12,127.85,107.09,737.375,317.665,13691.4565,car,36.718,10.579,127.0,0.0,0.0,1.0,0.0,0.0,none,0,,,15
MVI_20011,149,11,666.15,43.096,23.0,20.904,677.65,53.547999999999995,480.792,car,252.25,1.4175,136.0,0.0,0.0,1.0,0.0,0.0,none,0,,,15
MVI_20011,149,12,701.85,44.307,28.0,20.213,715.85,54.4135,565.964,car,241.22,1.797,109.0,0.0,0.0,1.0,0.0,0.0,none,0,,,15
MVI_20011,149,13,660.8,70.095,38.4,26.79,680.0,83.49,1028.7359999999999,car,230.19,1.7573,148.0,0.0,0.13755229718800538,0.8624477028119946,0.0,0.13755229718800538,background,1,,-1,15
MVI_20011,149,14,558.0,88.27,36.5,31.64,576.25,104.09,1154.8600000000001,car,10.886,1.0591,163.0,0.0,0.0,1.0,0.0,0.0,none,0,,,15
MVI_20011,149,15,606.65,74.425,36.3,39.075,624.8,93.9625,1418.4225,car,26.565,0.72672,160.0,0.0,0.0,1.0,0.0,0.0,none,0,,,15
MVI_20011,149,16,500.7,71.31,29.75,29.555,515.575,86.0875,879.26125,car,321.68,1.0483,179.0,0.0,0.0,1.0,0.0,0.0,none,0,,,15
MVI_20011,149,17,720.0,69.23,45.3,39.43,742.65,88.94500000000001,1786.1789999999999,van,234.27,2.3715,121.0,0.0,0.0,1.0,0.0,0.0,none,0,,,15
MVI_20011,149,18,538.45,34.615,31.95,42.195,554.4250000000001,55.712500000000006,1348.13025,others,332.56,0.48819,211.0,0.0,0.0,1.0,0.0,0.0,none,0,,,15
MVI_20011,149,19,584.15,52.095,26.45,22.98,597.375,63.585,607.821,car,19.479,0.8247,167.0,0.0,0.0,1.0,0.0,0.0,none,0,,,15
MVI_20011,149,20,821.95,149.19,79.2,53.79,861.5500000000001,176.085,4260.168,car,236.46,5.2489,137.0,0.0,0.0,1.0,0.0,0.0,none,0,,,15
MVI_20011,150,5,616.25,418.07,146.4,111.33,689.45,473.735,16298.712,car,19.11,6.6436,151.0,0.33597,0.0,1.0,0.0,0.0,none,0,,,15
MVI_20011,150,7,622.45,32.625,26.05,22.115,635.475,43.6825,576.09575,car,233.91,0.5878,157.0,0.0,0.0,1.0,0.0,0.0,none,0,,,15
MVI_20011,150,8,823.05,406.3,137.95,117.65,892.025,465.125,16229.8175,car,27.99,10.974,127.0,0.38267,0.0,1.0,0.0,0.0,none,0,,,15
MVI_20011,150,9,554.95,145.13,55.95,55.69,582.9250000000001,172.975,3115.8555,car,6.5945,3.0477,163.0,0.0,0.0,1.0,0.0,0.0,none,0,,,15
MVI_20011,150,10,679.95,270.95,127.5,110.38,743.7,326.14,14073.449999999999,car,36.718,10.579,127.0,0.0,0.0,1.0,0.0,0.0,none,0,,,15
MVI_20011,150,11,664.9,42.577,22.85,21.078,676.3249999999999,53.116,481.63230000000004,car,251.94,1.3936,136.0,0.0,0.0,1.0,0.0,0.0,none,0,,,15
MVI_20011,150,12,700.35,43.443,27.75,20.212,714.225,53.549,560.883,car,241.97,1.8409,109.0,0.0,0.0,1.0,0.0,0.0,none,0,,,15
MVI_20011,150,13,659.35,69.06,38.65,26.615,678.6750000000001,82.3675,1028.6697499999998,car,229.73,1.7366,148.0,0.0,0.11373912764519421,0.8862608723548058,0.0,0.11373912764519421,background,1,,-1,15
MVI_20011,150,14,558.1,88.79,36.65,32.67,576.4250000000001,105.125,1197.3555000000001,car,9.5742,1.0522,163.0,0.0,0.0,1.0,0.0,0.0,none,0,,,15
MVI_20011,150,15,606.8,74.335,36.6,40.555,625.0999999999999,94.6125,1484.313,car,24.859,0.71362,160.0,0.0,0.0,1.0,0.0,0.0,none,0,,,15
MVI_20011,150,16,499.32,72.0,31.23,29.82,514.935,86.91,931.2786,car,322.14,1.0387,179.0,0.0,0.0,1.0,0.0,0.0,none,0,,,15
MVI_20011,150,17,718.25,68.105,45.0,38.905,740.75,87.5575,1750.7250000000001,van,233.91,2.3512,121.0,0.0,0.0,1.0,0.0,0.0,none,0,,,15
MVI_20011,150,18,538.2,34.702,32.05,42.883,554.225,56.1435,1374.40015,others,335.09,0.47492,211.0,0.0,0.0,1.0,0.0,0.0,none,0,,,15
MVI_20011,150,19,584.4,52.79,26.45,23.15,597.625,64.365,612.3175,car,17.771,0.81908,167.0,0.0,0.0,1.0,0.0,0.0,none,0,,,15
MVI_20011,150,20,817.8,146.25,78.8,53.88,857.1999999999999,173.19,4245.744,car,236.33,5.2267,137.0,0.0,0.0,1.0,0.0,0.0,none,0,,,15
MVI_20011,151,5,618.4,429.93,146.4,100.17,691.6,480.015,14664.888,car,18.899,6.6378,151.0,0.40314,0.0,1.0,0.0,0.0,none,0,,,15
MVI_20011,151,7,622.05,32.193,25.9,22.287,635.0,43.3365,577.2333,car,233.91,0.5878,157.0,0.0,0.0,1.0,0.0,0.0,none,0,,,15
MVI_20011,151,8,833.35,420.57,127.65,108.48,897.1750000000001,474.81,13847.472000000002,car,27.996,10.971,127.0,0.46417,0.0,1.0,0.0,0.0,none,0,,,15
MVI_20011,151,9,555.05,147.98,56.55,56.04,583.3249999999999,176.0,3169.062,car,7.5203,3.0563,163.0,0.0,0.0,1.0,0.0,0.0,none,0,,,15
MVI_20011,151,10,686.4,277.79,127.2,113.67,750.0,334.625,14458.824,car,36.601,10.566,127.0,0.0,0.0,1.0,0.0,0.0,none,0,,,15
MVI_20011,151,11,663.6,42.057,22.8,21.253,675.0,52.6835,484.5684,car,251.93,1.3937,136.0,0.0,0.0,1.0,0.0,0.0,none,0,,,15
MVI_20011,151,12,698.9,42.577,27.45,20.213,712.625,52.683499999999995,554.84685,car,241.6,1.819,109.0,0.0,0.0,1.0,0.0,0.0,none,0,,,15
MVI_20011,151,13,657.85,68.02,38.9,26.44,677.3000000000001,81.24,1028.516,car,230.65,1.7782,148.0,0.0,0.15254988741059927,0.8474501125894007,0.0,0.15254988741059927,background,1,,-1,15
MVI_20011,151,14,558.15,89.31,36.85,33.71,576.5749999999999,106.165,1242.2135,car,8.2072,1.0508,163.0,0.0,0.0,1.0,0.0,0.0,none,0,,,15
MVI_20011,151,15,607.0,74.25,36.8,42.02,625.4,95.26,1546.336,car,24.775,0.71589,160.0,0.0,0.0,1.0,0.0,0.0,none,0,,,15
MVI_20011,151,16,497.94,72.69,32.66,30.08,514.27,87.72999999999999,982.4127999999998,car,320.94,1.0593,179.0,0.0,0.0,1.0,0.0,0.0,none,0,,,15
MVI_20011,151,17,716.55,66.98,44.6,38.38,738.8499999999999,86.17,1711.7480000000003,van,233.91,2.3512,121.0,0.0,0.0,1.0,0.0,0.0,none,0,,,15
MVI_20011,151,18,537.9,34.788,32.2,43.577,554.0,56.576499999999996,1403.1794,others,332.56,0.48819,211.0,0.0,0.0,1.0,0.0,0.0,none,0,,,15
MVI_20011,151,19,584.65,53.48,26.45,23.33,597.875,65.145,617.0785,car,17.771,0.81908,167.0,0.0,0.0,1.0,0.0,0.0,none,0,,,15
MVI_20011,151,20,813.65,143.31,78.35,53.96,852.8249999999999,170.29,4227.766,car,236.48,5.2475,137.0,0.0,0.0,1.0,0.0,0.0,none,0,,,15
MVI_20011,152,7,621.0,31.241,25.65,22.029,633.825,42.2555,565.04385,car,227.39,1.5966,157.0,0.0,0.0,1.0,0.0,0.0,none,0,,,13
MVI_20011,152,9,554.2,149.88,58.8,57.34,583.6,178.55,3371.592,car,6.1492,2.5673,163.0,0.0,0.0,1.0,0.0,0.0,none,0,,,13
MVI_20011,152,10,692.3,287.92,134.95,121.54,759.775,348.69,16401.823,car,34.804,17.126,127.0,0.0,0.0,1.0,0.0,0.0,none,0,,,13
MVI_20011,152,11,662.9,41.365,23.15,20.73,674.475,51.730000000000004,479.8995,car,208.84,1.0885,136.0,0.0,0.0,1.0,0.0,0.0,none,0,,,13
MVI_20011,152,12,697.6,41.712,26.8,19.863,711.0,51.6435,532.3284,car,237.37,1.9294,109.0,0.0,0.0,1.0,0.0,0.0,none,0,,,13
MVI_20011,152,13,656.85,66.895,38.45,26.355,676.075,80.07249999999999,1013.3497500000001,car,226.38,1.6922,148.0,0.0,0.09769578568505098,0.902304214314949,0.0,0.09769578568505098,background,1,,-1,13
MVI_20011,152,14,558.1,89.915,36.75,33.195,576.475,106.5125,1219.91625,car,343.84,0.3592,163.0,0.0,0.0,1.0,0.0,0.0,none,0,,,13
MVI_20011,152,15,607.5,75.55,37.25,41.59,626.125,96.345,1549.2275000000002,car,33.812,1.3029,160.0,0.0,0.0,1.0,0.0,0.0,none,0,,,13
MVI_20011,152,16,497.17,72.95,33.18,31.29,513.76,88.595,1038.2022,car,329.35,1.0054,179.0,0.0,0.0,1.0,0.0,0.0,none,0,,,13
MVI_20011,152,17,714.65,65.94,44.35,37.52,736.8249999999999,84.7,1664.0120000000002,van,233.98,2.5038,121.0,0.0,0.0,1.0,0.0,0.0,none,0,,,13
MVI_20011,152,18,537.5,34.269,32.25,44.096,553.625,56.31699999999999,1422.0959999999998,others,235.29,0.45617,211.0,0.0,0.0,1.0,0.0,0.0,none,0,,,13
MVI_20011,152,19,585.1,53.05,26.25,23.845,598.225,64.9725,625.93125,car,116.24,0.3902,167.0,0.0,0.0,1.0,0.0,0.0,none,0,,,13
MVI_20011,152,20,810.0,140.88,77.25,52.67,848.625,167.215,4068.7575,car,233.81,5.2039,137.0,0.0,0.0,1.0,0.0,0.0,none,0,,,13
MVI_20011,153,7,619.95,30.288,25.4,21.772,632.6500000000001,41.174,553.0088,car,227.39,1.5966,157.0,0.0,0.0,1.0,0.0,0.0,none,0,,,13
MVI_20011,153,9,553.35,151.79,61.05,58.64,583.875,181.10999999999999,3579.9719999999998,car,6.1432,2.5698,163.0,0.0,0.0,1.0,0.0,0.0,none,0,,,13
MVI_20011,153,10,698.2,298.04,142.75,129.42,769.575,362.75,18474.704999999998,car,34.872,17.14,127.0,0.0,0.0,1.0,0.0,0.0,none,0,,,13
MVI_20011,153,11,662.2,40.673,23.5,20.212,673.95,50.779,474.98199999999997,car,208.89,1.0865,136.0,0.0,0.0,1.0,0.0,0.0,none,0,,,13
MVI_20011,153,12,696.3,40.846,26.1,19.519,709.3499999999999,50.60549999999999,509.4459,car,237.83,1.9492,109.0,0.0,0.0,1.0,0.0,0.0,none,0,,,13
MVI_20011,153,13,655.8,65.77,38.05,26.27,674.8249999999999,78.905,999.5734999999999,car,226.95,1.7104,148.0,0.0,0.13057569053201182,0.8694243094679882,0.0,0.13057569053201182,background,1,,-1,13
MVI_20011,153,14,558.0,90.52,36.65,32.67,576.325,106.85499999999999,1197.3555000000001,car,336.5,0.3762,163.0,0.0,0.0,1.0,0.0,0.0,none,0,,,13
MVI_20011,153,15,608.0,76.845,37.7,41.155,626.85,97.4225,1551.5435000000002,car,33.873,1.3008,160.0,0.0,0.0,1.0,0.0,0.0,none,0,,,13
MVI_20011,153,16,496.38,73.21,33.72,32.5,513.24,89.46,1095.8999999999999,car,329.23,1.0067,179.0,0.0,0.0,1.0,0.0,0.0,none,0,,,13
MVI_20011,153,17,712.75,64.905,44.1,36.655,734.8,83.2325,1616.4855,van,234.07,2.5008,121.0,0.0,0.0,1.0,0.0,0.0,none,0,,,13
MVI_20011,153,18,537.05,33.75,32.35,44.615,553.2249999999999,56.057500000000005,1443.2952500000001,others,237.03,0.4768,211.0,0.0,0.0,1.0,0.0,0.0,none,0,,,13
MVI_20011,153,19,585.5,52.615,26.1,24.365,598.55,64.7975,635.9265,car,118.3,0.36912,167.0,0.0,0.0,1.0,0.0,0.0,none,0,,,13
MVI_20011,153,20,806.35,138.46,76.15,51.36,844.4250000000001,164.14000000000001,3911.0640000000003,car,233.79,5.2053,137.0,0.0,0.0,1.0,0.0,0.0,none,0,,,13
MVI_20011,154,7,618.9,29.337,25.15,21.509,631.475,40.091499999999996,540.9513499999999,car,227.33,1.598,157.0,0.0,0.0,1.0,0.0,0.0,none,0,,,13
MVI_20011,154,9,552.45,153.69,63.3,59.94,584.1,183.66,3794.2019999999998,car,5.0425,2.5599,163.0,0.0,0.0,1.0,0.0,0.0,none,0,,,13
MVI_20011,154,10,704.1,308.17,150.5,137.29,779.35,376.815,20662.145,car,34.804,17.126,127.0,0.0,0.0,1.0,0.0,0.0,none,0,,,13
MVI_20011,154,11,661.5,39.981,23.85,19.694,673.425,49.828,469.7019,car,208.9,1.0863,136.0,0.0,0.0,1.0,0.0,0.0,none,0,,,13
MVI_20011,154,12,695.0,39.981,25.4,19.174,707.7,49.568,487.01959999999997,car,237.84,1.9491,109.0,0.0,0.0,1.0,0.0,0.0,none,0,,,13
MVI_20011,154,13,654.75,64.645,37.6,26.18,673.55,77.735,984.368,car,227.46,1.7305,148.0,0.0,0.09861657428929005,0.90138342571071,0.0,0.09861657428929005,background,1,,-1,13
MVI_20011,154,14,557.9,91.125,36.6,32.155,576.1999999999999,107.2025,1176.873,car,340.22,0.3693,163.0,0.0,0.0,1.0,0.0,0.0,none,0,,,13
MVI_20011,154,15,608.55,78.145,38.1,40.715,627.5999999999999,98.5025,1551.2415,car,34.716,1.3169,160.0,0.0,0.0,1.0,0.0,0.0,none,0,,,13
MVI_20011,154,16,495.61,73.47,34.24,33.72,512.73,90.33,1154.5728,car,329.3,1.0089,179.0,0.0,0.0,1.0,0.0,0.0,none,0,,,13
MVI_20011,154,17,710.85,63.865,43.8,35.79,732.75,81.76,1567.6019999999999,van,234.31,2.524,121.0,0.0,0.0,1.0,0.0,0.0,none,0,,,13
MVI_20011,154,18,536.65,33.231,32.4,45.134,552.85,55.798,1462.3416,others,235.32,0.45603,211.0,0.0,0.0,1.0,0.0,0.0,none,0,,,13
MVI_20011,154,19,585.95,52.185,25.95,24.88,598.9250000000001,64.625,645.636,car,114.7,0.41277,167.0,0.0,0.0,1.0,0.0,0.0,none,0,,,13
MVI_20011,154,20,802.75,136.04,74.95,50.06,840.225,161.07,3751.9970000000003,car,233.83,5.2024,137.0,0.0,0.0,1.0,0.0,0.0,none,0,,,13
MVI_20011,155,7,617.9,28.384,24.85,21.251,630.3249999999999,39.0095,528.08735,car,226.75,1.5788,157.0,0.0,0.0,1.0,0.0,0.0,none,0,,,13
MVI_20011,155,9,551.6,155.6,65.55,61.22,584.375,186.20999999999998,4012.9709999999995,car,6.1492,2.5673,163.0,0.0,0.0,1.0,0.0,0.0,none,0,,,13
MVI_20011,155,10,709.95,318.29,158.35,145.17,789.125,390.875,22987.669499999996,car,34.804,17.126,127.0,0.0,0.0,1.0,0.0,0.0,none,0,,,13
MVI_20011,155,11,660.8,39.288,24.2,19.172,672.9,48.873999999999995,463.9624,car,208.83,1.0887,136.0,0.0,0.0,1.0,0.0,0.0,none,0,,,13
MVI_20011,155,12,693.7,39.115,24.7,18.825,706.0500000000001,48.5275,464.97749999999996,car,237.77,1.9505,109.0,0.0,0.0,1.0,0.0,0.0,none,0,,,13
MVI_20011,155,13,653.7,63.52,37.2,26.095,672.3000000000001,76.5675,970.734,car,226.95,1.7104,148.0,0.0,0.14731120986799678,0.8526887901320033,0.0,0.14731120986799678,background,1,,-1,13
MVI_20011,155,14,557.85,91.73,36.45,31.63,576.075,107.545,1152.9135,car,340.08,0.36695,163.0,0.0,0.0,1.0,0.0,0.0,none,0,,,13
MVI_20011,155,15,609.05,79.44,38.55,40.29,628.3249999999999,99.585,1553.1795,car,33.873,1.3008,160.0,0.0,0.0,1.0,0.0,0.0,none,0,,,13
MVI_20011,155,16,494.82,73.73,34.78,34.93,512.21,91.19500000000001,1214.8654000000001,car,329.23,1.0067,179.0,0.0,0.0,1.0,0.0,0.0,none,0,,,13
MVI_20011,155,17,708.9,62.825,43.6,34.925,730.6999999999999,80.2875,1522.73,van,234.31,2.524,121.0,0.0,0.0,1.0,0.0,0.0,none,0,,,13
MVI_20011,155,18,536.2,32.712,32.5,45.653,552.45,55.5385,1483.7224999999999,others,237.0,0.47694,211.0,0.0,0.0,1.0,0.0,0.0,none,0,,,13
MVI_20011,155,19,586.4,51.75,25.75,25.405,599.275,64.4525,654.17875,car,116.24,0.3902,167.0,0.0,0.0,1.0,0.0,0.0,none,0,,,13
MVI_20011,155,20,799.1,133.62,73.85,48.76,836.025,158.0,3600.9259999999995,car,233.81,5.2039,137.0,0.0,0.0,1.0,0.0,0.0,none,0,,,13
MVI_20011,156,7,616.85,27.433,24.6,20.99,629.15,37.928,516.354,car,227.37,1.5971,157.0,0.0,0.0,1.0,0.0,0.0,none,0,,,13
MVI_20011,156,9,550.75,157.5,67.8,62.53,584.65,188.765,4239.534,car,6.1432,2.5698,163.0,0.0,0.0,1.0,0.0,0.0,none,0,,,13
MVI_20011,156,10,715.85,328.42,166.1,153.04,798.9,404.94,25419.944,car,34.804,17.126,127.0,0.0,0.0,1.0,0.0,0.0,none,0,,,13
MVI_20011,156,11,660.1,38.596,24.55,18.654,672.375,47.922999999999995,457.95570000000004,car,208.89,1.0865,136.0,0.0,0.0,1.0,0.0,0.0,none,0,,,13
MVI_20011,156,12,692.4,38.25,24.0,18.48,704.4,47.49,443.52,car,237.83,1.9492,109.0,0.0,0.0,1.0,0.0,0.0,none,0,,,13
MVI_20011,156,13,652.65,62.395,36.75,26.01,671.025,75.4,955.8675000000001,car,227.52,1.7288,148.0,0.0,0.15620548873144052,0.8437945112685594,0.0,0.15620548873144052,background,1,,-1,13
MVI_20011,156,14,557.75,92.335,36.4,31.115,575.95,107.8925,1132.5859999999998,car,340.08,0.36695,163.0,0.0,0.0,1.0,0.0,0.0,none,0,,,13
MVI_20011,156,15,609.6,80.74,38.95,39.86,629.075,100.66999999999999,1552.547,car,34.716,1.3169,160.0,0.0,0.0,1.0,0.0,0.0,none,0,,,13
MVI_20011,156,16,494.05,73.99,35.25,36.14,511.675,92.06,1273.935,car,328.14,1.0184,179.0,0.0,0.0,1.0,0.0,0.0,none,0,,,13
MVI_20011,156,17,707.0,61.79,43.35,34.055,728.675,78.8175,1476.28425,van,234.02,2.5023,121.0,0.0,0.0,1.0,0.0,0.0,none,0,,,13
MVI_20011,156,18,535.75,32.193,32.6,46.172,552.05,55.278999999999996,1505.2072,others,237.03,0.4768,211.0,0.0,0.0,1.0,0.0,0.0,none,0,,,13
MVI_20011,156,19,586.8,51.315,25.6,25.925,599.5999999999999,64.2775,663.6800000000001,car,118.3,0.36912,167.0,0.0,0.0,1.0,0.0,0.0,none,0,,,13
MVI_20011,156,20,795.45,131.19,72.75,47.47,831.825,154.925,3453.4425,car,233.81,5.2039,137.0,0.0,0.0,1.0,0.0,0.0,none,0,,,13
MVI_20011,157,7,615.8,26.481,24.35,20.731,627.9749999999999,36.846500000000006,504.79985000000005,car,227.37,1.597,157.0,0.0,0.0,1.0,0.0,0.0,none,0,,,14
MVI_20011,157,9,549.85,159.41,70.05,63.82,584.875,191.32,4470.590999999999,car,5.0375,2.5624,163.0,0.0,0.0,1.0,0.0,0.0,none,0,,,14
MVI_20011,157,10,721.75,338.54,173.9,160.92,808.7,419.0,27983.987999999998,car,34.872,17.14,127.0,0.0,0.0,1.0,0.0,0.0,none,0,,,14
MVI_20011,157,11,659.4,37.904,24.9,18.136,671.85,46.972,451.58639999999997,car,208.9,1.0863,136.0,0.0,0.0,1.0,0.0,0.0,none,0,,,14
MVI_20011,157,12,691.1,37.385,23.3,18.135,702.75,46.4525,422.54550000000006,car,237.83,1.9492,109.0,0.0,0.0,1.0,0.0,0.0,none,0,,,14
MVI_20011,157,13,651.65,61.27,36.3,25.92,669.8,74.23,940.896,car,226.32,1.694,148.0,0.0,0.12434955616773799,0.875650443832262,0.0,0.12434955616773799,background,1,,-1,14
MVI_20011,157,14,557.65,92.94,36.3,30.6,575.8,108.24,1110.78,car,336.65,0.37849,163.0,0.0,0.0,1.0,0.0,0.0,none,0,,,14
MVI_20011,157,15,610.1,82.04,39.4,39.42,629.8000000000001,101.75,1553.148,car,33.812,1.3029,160.0,0.0,0.0,1.0,0.0,0.0,none,0,,,14
MVI_20011,157,16,493.27,74.25,35.78,37.35,511.15999999999997,92.925,1336.383,car,329.23,1.0067,179.0,0.0,0.0,1.0,0.0,0.0,none,0,,,14
MVI_20011,157,17,705.1,60.75,43.05,33.19,726.625,77.345,1428.8294999999998,van,234.31,2.524,121.0,0.0,0.0,1.0,0.0,0.0,none,0,,,14
MVI_20011,157,18,535.35,31.673,32.65,46.692,551.6750000000001,55.019,1524.4938,others,235.29,0.45617,211.0,0.0,0.0,1.0,0.0,0.0,none,0,,,14
MVI_20011,157,19,587.25,50.885,25.4,26.44,599.95,64.105,671.576,car,116.24,0.3902,167.0,0.0,0.0,1.0,0.0,0.0,none,0,,,14
MVI_20011,157,20,791.85,128.77,71.6,46.17,827.65,151.85500000000002,3305.772,car,233.65,5.1837,137.0,0.0,0.0,1.0,0.0,0.0,none,0,,,14
MVI_20011,157,21,566.5,30.116,16.05,20.73,574.525,40.481,332.7165,car,55.239,0.30431,167.0,0.0,0.0,1.0,0.0,0.0,none,0,,,14
MVI_20011,158,9,550.3,162.44,70.25,64.51,585.425,194.695,4531.8275,car,9.2557,3.4195,163.0,0.0,0.0,1.0,0.0,0.0,none,0,,,13
MVI_20011,158,10,731.8,353.68,174.5,152.57,819.05,429.96500000000003,26623.465,car,43.347,15.078,127.0,0.0,0.0,1.0,0.0,0.0,none,0,,,13
MVI_20011,158,11,658.8,37.298,24.55,18.222,671.0749999999999,46.409000000000006,447.35010000000005,car,234.0,0.95791,136.0,0.0,0.0,1.0,0.0,0.0,none,0,,,13
MVI_20011,158,12,690.6,36.779,23.15,18.136,702.1750000000001,45.847,419.84839999999997,car,223.53,0.83484,109.0,0.0,0.0,1.0,0.0,0.0,none,0,,,13
MVI_20011,158,13,650.95,60.49,35.95,25.925,668.9250000000001,73.4525,932.0037500000001,car,228.38,1.1705,148.0,0.0,0.09931826991039473,0.9006817300896053,0.0,0.09931826991039473,background,1,,-1,13
MVI_20011,158,14,557.55,93.46,37.2,32.33,576.15,109.625,1202.676,car,14.182,1.4285,163.0,0.0,0.0,1.0,0.0,0.0,none,0,,,13
MVI_20011,158,15,610.95,83.075,39.95,39.255,630.9250000000001,102.7025,1568.2372500000001,car,49.821,1.4725,160.0,0.0,0.0,1.0,0.0,0.0,none,0,,,13
MVI_20011,158,16,493.44,75.55,35.26,36.05,511.07,93.57499999999999,1271.1229999999998,car,352.12,0.6562,179.0,0.0,0.0,1.0,0.0,0.0,none,0,,,13
MVI_20011,158,17,704.0,59.8,42.1,33.105,725.05,76.35249999999999,1393.7205,van,237.78,1.8616,121.0,0.0,0.0,1.0,0.0,0.0,none,0,,,13
MVI_20011,158,18,535.65,32.279,33.15,47.126,552.225,55.842,1562.2269,others,33.754,0.98986,211.0,0.0,0.0,1.0,0.0,0.0,none,0,,,13
MVI_20011,158,19,587.6,51.75,26.2,26.7,600.7,65.1,699.54,car,37.008,1.246,167.0,0.0,0.0,1.0,0.0,0.0,none,0,,,13
MVI_20011,158,20,789.25,126.35,69.85,45.83,824.175,149.265,3201.2254999999996,car,233.25,4.337,137.0,0.0,0.0,1.0,0.0,0.0,none,0,,,13
MVI_20011,158,21,566.5,30.288,16.55,20.732,574.775,40.653999999999996,343.1146,car,55.239,0.30431,167.0,0.0,0.0,1.0,0.0,0.0,none,0,,,13
MVI_20011,159,9,550.75,165.46,70.4,65.22,585.95,198.07,4591.488,car,8.8418,3.4156,163.0,0.0,0.0,1.0,0.0,0.0,none,0,,,13
MVI_20011,159,10,741.9,368.82,175.05,144.23,829.425,440.935,25247.4615,car,43.397,15.101,127.0,0.0,0.0,1.0,0.0,0.0,none,0,,,13
MVI_20011,159,11,658.2,36.693,24.2,18.307,670.3000000000001,45.8465,443.02939999999995,car,234.02,0.95776,136.0,0.0,0.0,1.0,0.0,0.0,none,0,,,13
MVI_20011,159,12,690.05,36.173,23.0,18.137,701.55,45.2415,417.151,car,225.91,0.8702,109.0,0.0,0.0,1.0,0.0,0.0,none,0,,,13
MVI_20011,159,13,650.25,59.71,35.6,25.925,668.05,72.6725,922.9300000000001,car,228.29,1.1722,148.0,0.0,0.10482918531199549,0.8951708146880045,0.0,0.10482918531199549,background,1,,-1,13
MVI_20011,159,14,557.5,93.98,38.0,34.06,576.5,111.01,1294.2800000000002,car,14.182,1.4285,163.0,0.0,0.0,1.0,0.0,0.0,none,0,,,13
MVI_20011,159,15,611.85,84.115,40.45,39.075,632.075,103.6525,1580.5837500000002,car,50.366,1.4932,160.0,0.0,0.0,1.0,0.0,0.0,none,0,,,13
MVI_20011,159,16,493.62,76.845,34.73,34.755,510.985,94.2225,1207.04115,car,352.3,0.65339,179.0,0.0,0.0,1.0,0.0,0.0,none,0,,,13
MVI_20011,159,17,702.85,58.845,41.15,33.02,723.4250000000001,75.355,1358.7730000000001,van,238.46,1.9067,121.0,0.0,0.0,1.0,0.0,0.0,none,0,,,13
MVI_20011,159,18,536.0,32.885,33.55,47.555,552.775,56.662499999999994,1595.4702499999999,others,33.843,0.98758,211.0,0.0,0.0,1.0,0.0,0.0,none,0,,,13
MVI_20011,159,19,587.95,52.615,26.95,26.96,601.4250000000001,66.095,726.572,car,36.079,1.2311,167.0,0.0,0.0,1.0,0.0,0.0,none,0,,,13
MVI_20011,159,20,786.65,123.93,68.15,45.48,820.725,146.67000000000002,3099.462,car,233.05,4.317,137.0,0.0,0.0,1.0,0.0,0.0,none,0,,,13
MVI_20011,159,21,566.5,30.462,17.1,20.728,575.05,40.826,354.44880000000006,car,58.051,0.32409,167.0,0.0,0.0,1.0,0.0,0.0,none,0,,,13
MVI_20011,160,9,551.15,168.49,70.6,65.91,586.4499999999999,201.445,4653.245999999999,car,8.427,3.4118,163.0,0.0,0.0,1.0,0.0,0.0,none,0,,,13
MVI_20011,160,10,751.95,383.97,175.65,135.88,839.7750000000001,451.91,23867.322,car,43.328,15.084,127.0,0.0,0.0,1.0,0.0,0.0,none,0,,,13
MVI_20011,160,11,657.6,36.087,23.85,18.393,669.525,45.283500000000004,438.67305000000005,car,234.0,0.95791,136.0,0.0,0.0,1.0,0.0,0.0,none,0,,,13
MVI_20011,160,12,689.55,35.568,22.8,18.132,700.9499999999999,44.634,413.40960000000007,car,224.63,0.85403,109.0,0.0,0.0,1.0,0.0,0.0,none,0,,,13
MVI_20011,160,13,649.55,58.935,35.3,25.92,667.1999999999999,71.89500000000001,914.976,car,227.55,1.152,148.0,0.0,0.1064563442101214,0.8935436557898786,0.0,0.1064563442101214,background,1,,-1,13
MVI_20011,160,14,557.4,94.5,38.9,35.79,576.85,112.395,1392.231,car,14.182,1.4285,163.0,0.0,0.0,1.0,0.0,0.0,none,0,,,13
MVI_20011,160,15,612.7,85.155,40.95,38.905,633.1750000000001,104.6075,1593.1597500000003,car,49.036,1.4567,160.0,0.0,0.0,1.0,0.0,0.0,none,0,,,13
MVI_20011,160,16,493.79,78.145,34.21,33.455,510.89500000000004,94.8725,1144.4955499999999,car,352.33,0.65586,179.0,0.0,0.0,1.0,0.0,0.0,none,0,,,13
MVI_20011,160,17,701.75,57.895,40.2,32.93,721.85,74.36,1323.786,van,237.72,1.863,121.0,0.0,0.0,1.0,0.0,0.0,none,0,,,13
MVI_20011,160,18,536.35,33.49,34.0,47.99,553.35,57.485,1631.66,others,34.941,1.004,211.0,0.0,0.0,1.0,0.0,0.0,none,0,,,13
MVI_20011,160,19,588.3,53.48,27.75,27.22,602.175,67.09,755.355,car,37.008,1.246,167.0,0.0,0.0,1.0,0.0,0.0,none,0,,,13
MVI_20011,160,20,784.05,121.5,66.4,45.13,817.25,144.065,2996.6320000000005,car,233.22,4.3385,137.0,0.0,0.0,1.0,0.0,0.0,none,0,,,13
MVI_20011,160,21,566.5,30.634,17.6,20.731,575.3,40.9995,364.8656000000001,car,55.162,0.30459,167.0,0.0,0.0,1.0,0.0,0.0,none,0,,,13
MVI_20011,161,9,551.6,171.52,70.75,66.6,586.975,204.82,4711.95,car,8.8418,3.4156,163.0,0.0,0.0,1.0,0.0,0.0,none,0,,,13
MVI_20011,161,10,762.0,399.11,176.25,127.54,850.125,462.88,22478.925000000003,car,43.334,15.082,127.0,0.05861,0.0,1.0,0.0,0.0,none,0,,,13
MVI_20011,161,11,657.0,35.481,23.5,18.479,668.75,44.7205,434.25649999999996,car,234.02,0.95776,136.0,0.0,0.0,1.0,0.0,0.0,none,0,,,13
MVI_20011,161,12,689.0,34.962,22.65,18.133,700.325,44.0285,410.71244999999993,car,225.91,0.8702,109.0,0.0,0.0,1.0,0.0,0.0,none,0,,,13
MVI_20011,161,13,648.85,58.155,34.95,25.92,666.325,71.11500000000001,905.9040000000001,car,228.29,1.1722,148.0,0.0,0.09805122838623079,0.9019487716137692,0.0,0.09805122838623079,background,1,,-1,13
MVI_20011,161,14,557.3,95.02,39.8,37.52,577.1999999999999,113.78,1493.296,car,14.182,1.4285,163.0,0.0,0.0,1.0,0.0,0.0,none,0,,,13
MVI_20011,161,15,613.55,86.19,41.5,38.74,634.3,105.56,1607.71,car,49.821,1.4725,160.0,0.0,0.0,1.0,0.0,0.0,none,0,,,13
MVI_20011,161,16,493.96,79.44,33.69,32.16,510.80499999999995,95.52,1083.4703999999997,car,352.09,0.65372,179.0,0.0,0.0,1.0,0.0,0.0,none,0,,,13
MVI_20011,161,17,700.6,56.94,39.25,32.85,720.225,73.365,1289.3625,van,238.52,1.9054,121.0,0.0,0.0,1.0,0.0,0.0,none,0,,,13
MVI_20011,161,18,536.7,34.096,34.4,48.424,553.9000000000001,58.30799999999999,1665.7856,others,33.762,0.98966,211.0,0.0,0.0,1.0,0.0,0.0,none,0,,,13
MVI_20011,161,19,588.65,54.345,28.5,27.48,602.9,68.085,783.1800000000001,car,36.079,1.2311,167.0,0.0,0.0,1.0,0.0,0.0,none,0,,,13
MVI_20011,161,20,781.45,119.08,64.7,44.79,813.8000000000001,141.475,2897.913,car,233.02,4.3185,137.0,0.0,0.0,1.0,0.0,0.0,none,0,,,13
MVI_20011,161,21,566.5,30.808,18.1,20.732,575.55,41.174,375.24920000000003,car,55.162,0.30459,167.0,0.0,0.0,1.0,0.0,0.0,none,0,,,13
MVI_20011,162,9,552.05,174.55,70.9,67.29,587.5,208.19500000000002,4770.861000000001,car,8.8418,3.4156,163.0,0.0,0.0,1.0,0.0,0.0,none,0,,,13
MVI_20011,162,10,772.1,414.26,176.8,119.19,860.5,473.855,21072.792,car,43.397,15.101,127.0,0.11793,0.0,1.0,0.0,0.0,none,0,,,13
MVI_20011,162,11,656.4,34.875,23.15,18.565,667.975,44.1575,429.77975,car,234.0,0.95791,136.0,0.0,0.0,1.0,0.0,0.0,none,0,,,13
MVI_20011,162,12,688.5,34.356,22.45,18.134,699.725,43.423,407.1083,car,224.75,0.85225,109.0,0.0,0.0,1.0,0.0,0.0,none,0,,,13
MVI_20011,162,13,648.15,57.375,34.6,25.925,665.4499999999999,70.3375,897.0050000000001,car,228.38,1.1705,148.0,0.0,0.10886226944108471,0.8911377305589153,0.0,0.10886226944108471,background,1,,-1,13
MVI_20011,162,14,557.2,95.54,40.65,39.25,577.5250000000001,115.165,1595.5125,car,13.206,1.4226,163.0,0.0,0.0,1.0,0.0,0.0,none,0,,,13
MVI_20011,162,15,614.4,87.23,42.05,38.56,635.425,106.51,1621.448,car,49.747,1.4741,160.0,0.0,0.0,1.0,0.0,0.0,none,0,,,13
MVI_20011,162,16,494.13,80.74,33.22,30.86,510.74,96.16999999999999,1025.1692,car,354.51,0.653,179.0,0.0,0.0,1.0,0.0,0.0,none,0,,,13
MVI_20011,162,17,699.5,55.99,38.3,32.76,718.65,72.37,1254.7079999999999,van,237.72,1.863,121.0,0.0,0.0,1.0,0.0,0.0,none,0,,,13
MVI_20011,162,18,537.05,34.702,34.85,48.858,554.4749999999999,59.131,1702.7013,others,34.941,1.004,211.0,0.0,0.0,1.0,0.0,0.0,none,0,,,13
MVI_20011,162,19,589.0,55.21,29.3,27.74,603.65,69.08,812.7819999999999,car,37.008,1.246,167.0,0.0,0.0,1.0,0.0,0.0,none,0,,,13
MVI_20011,162,20,778.85,116.66,62.95,44.44,810.325,138.88,2797.498,car,233.25,4.337,137.0,0.0,0.0,1.0,0.0,0.0,none,0,,,13
MVI_20011,162,21,566.5,30.981,18.65,20.729,575.825,41.3455,386.5958499999999,car,58.013,0.32423,167.0,0.0,0.0,1.0,0.0,0.0,none,0,,,13
MVI_20011,163,9,552.45,177.57,71.1,67.99,588.0,211.565,4834.088999999999,car,8.427,3.4118,163.0,0.0,0.0,1.0,0.0,0.0,none,0,,,13
MVI_20011,163,10,782.15,429.4,178.85,111.6,871.5749999999999,485.2,19959.66,car,44.304,15.856,127.0,0.17704,0.0,1.0,0.0,0.0,none,0,,,13
MVI_20011,163,11,655.8,34.269,22.8,18.656,667.1999999999999,43.596999999999994,425.35679999999996,car,234.12,0.95644,136.0,0.0,0.0,1.0,0.0,0.0,none,0,,,13
MVI_20011,163,12,688.0,33.75,22.25,18.135,699.125,42.8175,403.50375,car,224.74,0.85243,109.0,0.0,0.0,1.0,0.0,0.0,none,0,,,13
MVI_20011,163,13,647.5,56.595,34.2,25.925,664.6,69.5575,886.6350000000001,car,227.46,1.1536,148.0,0.0,0.10570302322827313,0.8942969767717268,0.0,0.10570302322827313,background,1,,-1,13
MVI_20011,163,14,557.15,96.06,41.5,40.98,577.9,116.55,1700.6699999999998,car,15.15,1.4349,163.0,0.0,0.0,1.0,0.0,0.0,none,0,,,13
MVI_20011,163,15,615.3,88.27,42.55,38.39,636.5749999999999,107.465,1633.4945,car,50.366,1.4932,160.0,0.0,0.0,1.0,0.0,0.0,none,0,,,13
MVI_20011,163,16,494.31,82.04,32.69,29.56,510.655,96.82000000000001,966.3163999999999,car,352.33,0.65586,179.0,0.0,0.0,1.0,0.0,0.0,none,0,,,13
MVI_20011,163,17,698.35,55.04,37.35,32.67,717.025,71.375,1220.2245,van,238.52,1.9054,121.0,0.0,0.0,1.0,0.0,0.0,none,0,,,13
MVI_20011,163,18,537.4,35.307,35.25,49.288,555.025,59.951,1737.4019999999998,others,33.843,0.98758,211.0,0.0,0.0,1.0,0.0,0.0,none,0,,,13
MVI_20011,163,19,589.35,56.075,30.05,28.0,604.375,70.075,841.4,car,36.079,1.2311,167.0,0.0,0.0,1.0,0.0,0.0,none,0,,,13
MVI_20011,163,20,776.25,114.23,61.25,44.09,806.875,136.275,2700.5125000000003,car,233.02,4.3185,137.0,0.0,0.0,1.0,0.0,0.0,none,0,,,13
MVI_20011,163,21,566.5,31.154,19.15,20.731,576.075,41.5195,396.99865,car,55.162,0.30459,167.0,0.0,0.0,1.0,0.0,0.0,none,0,,,13
MVI_20011,164,9,552.4,181.38,73.95,70.75,589.375,216.755,5231.962500000001,car,14.832,5.3715,163.0,0.0,0.0,1.0,0.0,0.0,none,0,,,12
MVI_20011,164,11,655.1,34.529,22.8,18.136,666.5,43.597,413.50079999999997,car,270.0,0.7,136.0,0.0,0.0,1.0,0.0,0.0,none,0,,,12
MVI_20011,164,12,686.95,33.663,21.95,17.877,697.9250000000001,42.601499999999994,392.40014999999994,car,259.81,1.2192,109.0,0.0,0.0,1.0,0.0,0.0,none,0,,,12
MVI_20011,164,13,646.35,56.335,34.25,25.49,663.475,69.08,873.0324999999999,car,247.0,1.2221,148.0,0.0,0.14236153865978624,0.8576384613402137,0.0,0.14236153865978624,background,1,,-1,12
MVI_20011,164,14,557.4,97.96,42.1,40.55,578.4499999999999,118.23499999999999,1707.155,car,18.077,1.7725,163.0,0.0,0.0,1.0,0.0,0.0,none,0,,,12
MVI_20011,164,15,616.05,89.395,43.25,40.035,637.675,109.4125,1731.5137499999998,car,29.459,2.2367,160.0,0.0,0.0,1.0,0.0,0.0,none,0,,,12
MVI_20011,164,16,493.88,83.165,33.17,29.905,510.465,98.1175,991.9488500000001,car,351.56,1.3117,179.0,0.0,0.0,1.0,0.0,0.0,none,0,,,12
MVI_20011,164,17,697.35,54.605,36.9,32.76,715.8000000000001,70.985,1208.8439999999998,van,252.34,1.2856,121.0,0.0,0.0,1.0,0.0,0.0,none,0,,,12
MVI_20011,164,18,537.25,35.913,35.4,49.722,554.95,60.774,1760.1588,others,354.79,0.82641,211.0,0.0,0.0,1.0,0.0,0.0,none,0,,,12
MVI_20011,164,19,589.6,57.2,30.6,27.915,604.9,71.1575,854.1990000000001,car,25.873,1.2031,167.0,0.0,0.0,1.0,0.0,0.0,none,0,,,12
MVI_20011,164,20,773.9,112.85,60.4,43.66,804.1,134.68,2637.064,car,240.03,3.2032,137.0,0.0,0.0,1.0,0.0,0.0,none,0,,,12
MVI_20011,164,21,566.4,31.759,19.6,20.816,576.1999999999999,42.167,407.9936,car,10.922,0.6597,167.0,0.0,0.0,1.0,0.0,0.0,none,0,,,12
MVI_20011,165,9,552.3,185.19,76.8,73.52,590.6999999999999,221.95,5646.335999999999,car,14.322,5.3565,163.0,0.0,0.0,1.0,0.0,0.0,none,0,,,12
MVI_20011,165,11,654.4,34.788,22.8,17.617,665.8,43.5965,401.66760000000005,car,269.98,0.7,136.0,0.0,0.0,1.0,0.0,0.0,none,0,,,12
MVI_20011,165,12,685.9,33.577,21.6,17.613,696.6999999999999,42.3835,380.4408,car,259.9,1.2443,109.0,0.0,0.0,1.0,0.0,0.0,none,0,,,12
MVI_20011,165,13,645.25,56.075,34.2,25.06,662.35,68.605,857.052,car,247.11,1.2212,148.0,0.0,0.09451001806191456,0.9054899819380855,0.0,0.09451001806191456,background,1,,-1,12
MVI_20011,165,14,557.65,99.865,42.7,40.115,579.0,119.9225,1712.9105000000002,car,18.052,1.7749,163.0,0.0,0.0,1.0,0.0,0.0,none,0,,,12
MVI_20011,165,15,616.85,90.52,43.9,41.67,638.8000000000001,111.35499999999999,1829.313,car,30.045,2.2469,160.0,0.0,0.0,1.0,0.0,0.0,none,0,,,12
MVI_20011,165,16,493.44,84.29,33.71,30.25,510.295,99.415,1019.7275000000001,car,352.66,1.3107,179.0,0.0,0.0,1.0,0.0,0.0,none,0,,,12
MVI_20011,165,17,696.3,54.175,36.45,32.845,714.525,70.5975,1197.20025,van,253.09,1.3326,121.0,0.0,0.0,1.0,0.0,0.0,none,0,,,12
MVI_20011,165,18,537.05,36.519,35.6,50.156,554.8499999999999,61.596999999999994,1785.5536,others,353.07,0.8288,211.0,0.0,0.0,1.0,0.0,0.0,none,0,,,12
MVI_20011,165,19,589.85,58.325,31.1,27.83,605.4,72.24000000000001,865.513,car,24.792,1.1924,167.0,0.0,0.0,1.0,0.0,0.0,none,0,,,12
MVI_20011,165,20,771.6,111.46,59.5,43.23,801.35,133.075,2572.185,car,239.77,3.1828,137.0,0.0,0.0,1.0,0.0,0.0,none,0,,,12
MVI_20011,165,21,566.3,32.365,20.05,20.905,576.3249999999999,42.8175,419.14525000000003,car,10.877,0.6624,167.0,0.0,0.0,1.0,0.0,0.0,none,0,,,12
MVI_20011,166,9,552.2,189.0,79.65,76.29,592.0250000000001,227.145,6076.498500000001,car,14.308,5.3613,163.0,0.0,0.0,1.0,0.0,0.0,none,0,,,12
MVI_20011,166,11,653.7,35.048,22.8,17.097,665.1,43.596500000000006,389.81160000000006,car,269.98,0.7,136.0,0.0,0.0,1.0,0.0,0.0,none,0,,,12
MVI_20011,166,12,684.85,33.49,21.25,17.356,695.475,42.168000000000006,368.81500000000005,car,260.03,1.2438,109.0,0.0,0.0,1.0,0.0,0.0,none,0,,,12
MVI_20011,166,13,644.1,55.815,34.25,24.625,661.225,68.1275,843.40625,car,247.0,1.2221,148.0,0.0,0.10907673496609704,0.890923265033903,0.0,0.10907673496609704,background,1,,-1,12
MVI_20011,166,14,557.9,101.77,43.35,39.68,579.5749999999999,121.61,1720.1280000000002,car,18.816,1.7828,163.0,0.0,0.0,1.0,0.0,0.0,none,0,,,12
MVI_20011,166,15,617.65,91.645,44.6,43.315,639.9499999999999,113.3025,1931.849,car,30.562,2.2617,160.0,0.0,0.0,1.0,0.0,0.0,none,0,,,12
MVI_20011,166,16,493.01,85.415,34.24,30.595,510.13,100.7125,1047.5728,car,352.75,1.3079,179.0,0.0,0.0,1.0,0.0,0.0,none,0,,,12
MVI_20011,166,17,695.25,53.74,36.05,32.935,713.275,70.20750000000001,1187.30675,van,252.67,1.3094,121.0,0.0,0.0,1.0,0.0,0.0,none,0,,,12
MVI_20011,166,18,536.9,37.125,35.75,50.585,554.775,62.417500000000004,1808.41375,others,354.78,0.82392,211.0,0.0,0.0,1.0,0.0,0.0,none,0,,,12
MVI_20011,166,19,590.1,59.45,31.65,27.74,605.9250000000001,73.32000000000001,877.9709999999999,car,25.925,1.2008,167.0,0.0,0.0,1.0,0.0,0.0,none,0,,,12
MVI_20011,166,20,769.25,110.08,58.65,42.8,798.575,131.48,2510.22,car,240.03,3.2032,137.0,0.0,0.0,1.0,0.0,0.0,none,0,,,12
MVI_20011,166,21,566.2,32.971,20.5,20.989,576.45,43.4655,430.2745,car,10.922,0.6597,167.0,0.0,0.0,1.0,0.0,0.0,none,0,,,12
MVI_20011,167,9,552.1,192.81,82.55,79.06,593.375,232.34,6526.403,car,14.574,5.3651,163.0,0.0,0.0,1.0,0.0,0.0,none,0,,,12
MVI_20011,167,11,653.0,35.307,22.85,16.578,664.425,43.596000000000004,378.8073,car,269.98,0.675,136.0,0.0,0.0,1.0,0.0,0.0,none,0,,,12
MVI_20011,167,12,683.85,33.404,20.9,17.096,694.3000000000001,41.952000000000005,357.3064,car,259.57,1.1947,109.0,0.0,0.0,1.0,0.0,0.0,none,0,,,12
MVI_20011,167,13,643.0,55.56,34.2,24.19,660.1,67.655,827.2980000000001,car,247.22,1.2202,148.0,0.0,0.10304630254152673,0.8969536974584733,0.0,0.10304630254152673,background,1,,-1,12
MVI_20011,167,14,558.15,103.68,43.95,39.25,580.125,123.305,1725.0375000000001,car,18.027,1.7772,163.0,0.0,0.0,1.0,0.0,0.0,none,0,,,12
MVI_20011,167,15,618.4,92.77,45.3,44.96,641.05,115.25,2036.6879999999999,car,29.459,2.2367,160.0,0.0,0.0,1.0,0.0,0.0,none,0,,,12
MVI_20011,167,16,492.57,86.54,34.78,30.94,509.96,102.01,1076.0932,car,352.64,1.3083,179.0,0.0,0.0,1.0,0.0,0.0,none,0,,,12
MVI_20011,167,17,694.2,53.31,35.65,33.015,712.0250000000001,69.8175,1176.98475,van,252.67,1.3094,121.0,0.0,0.0,1.0,0.0,0.0,none,0,,,12
MVI_20011,167,18,536.7,37.731,35.95,51.019,554.6750000000001,63.2405,1834.1330500000001,others,353.07,0.82905,211.0,0.0,0.0,1.0,0.0,0.0,none,0,,,12
MVI_20011,167,19,590.35,60.575,32.15,27.655,606.4250000000001,74.4025,889.10825,car,24.792,1.1924,167.0,0.0,0.0,1.0,0.0,0.0,none,0,,,12
MVI_20011,167,20,766.9,108.69,57.75,42.37,795.775,129.875,2446.8675,car,240.26,3.2249,137.0,0.0,0.0,1.0,0.0,0.0,none,0,,,12
MVI_20011,167,21,566.15,33.577,20.9,21.078,576.6,44.116,440.5302,car,12.985,0.66757,167.0,0.0,0.0,1.0,0.0,0.0,none,0,,,12
MVI_20011,168,9,552.05,196.62,85.35,81.82,594.7249999999999,237.53,6983.336999999999,car,14.58,5.3627,163.0,0.0,0.0,1.0,0.0,0.0,none,0,,,12
MVI_20011,168,11,652.35,35.568,22.8,16.057,663.75,43.5965,366.09959999999995,car,270.0,0.675,136.0,0.0,0.0,1.0,0.0,0.0,none,0,,,12
MVI_20011,168,12,682.8,33.318,20.55,16.836,693.0749999999999,41.736,345.97979999999995,car,259.99,1.2439,109.0,0.0,0.0,1.0,0.0,0.0,none,0,,,12
MVI_20011,168,13,641.85,55.3,34.25,23.76,658.975,67.17999999999999,813.7800000000001,car,247.11,1.2212,148.0,0.0,0.121654501216545,0.878345498783455,0.0,0.121654501216545,background,1,,-1,12
MVI_20011,168,14,558.45,105.58,44.5,38.82,580.7,124.99,1727.49,car,18.842,1.7804,163.0,0.0,0.0,1.0,0.0,0.0,none,0,,,12
MVI_20011,168,15,619.2,93.895,46.0,46.605,642.2,117.19749999999999,2143.83,car,30.562,2.2617,160.0,0.0,0.0,1.0,0.0,0.0,none,0,,,12
MVI_20011,168,16,492.14,87.665,35.26,31.285,509.77,103.3075,1103.1091,car,351.67,1.3113,179.0,0.0,0.0,1.0,0.0,0.0,none,0,,,12
MVI_20011,168,17,693.15,52.875,35.2,33.105,710.75,69.4275,1165.296,van,252.99,1.3333,121.0,0.0,0.0,1.0,0.0,0.0,none,0,,,12
MVI_20011,168,18,536.55,38.337,36.1,51.453,554.5999999999999,64.0635,1857.4533000000001,others,354.79,0.82616,211.0,0.0,0.0,1.0,0.0,0.0,none,0,,,12
MVI_20011,168,19,590.65,61.7,32.65,27.57,606.975,75.485,900.1605,car,26.934,1.2142,167.0,0.0,0.0,1.0,0.0,0.0,none,0,,,12
MVI_20011,168,20,764.55,107.31,56.9,41.93,793.0,128.275,2385.817,car,240.03,3.2032,137.0,0.0,0.0,1.0,0.0,0.0,none,0,,,12
MVI_20011,168,21,566.05,34.182,21.35,21.163,576.7249999999999,44.7635,451.83005,car,10.922,0.6597,167.0,0.0,0.0,1.0,0.0,0.0,none,0,,,12
MVI_20011,169,9,551.95,200.43,88.2,84.59,596.0500000000001,242.72500000000002,7460.838000000001,car,14.308,5.3613,163.0,0.0,0.0,1.0,0.0,0.0,none,0,,,12
MVI_20011,169,11,651.65,35.827,22.8,15.538,663.05,43.596,354.26640000000003,car,269.98,0.7,136.0,0.0,0.0,1.0,0.0,0.0,none,0,,,12
MVI_20011,169,12,681.75,33.231,20.2,16.576,691.85,41.519000000000005,334.8352,car,259.98,1.244,109.0,0.0,0.0,1.0,0.0,0.0,none,0,,,12
MVI_20011,169,13,640.75,55.04,34.2,23.325,657.85,66.7025,797.715,car,247.0,1.2221,148.0,0.0,0.11534821333433612,0.8846517866656639,0.0,0.11534821333433612,background,1,,-1,12
MVI_20011,169,14,558.7,107.48,45.15,38.39,581.2750000000001,126.67500000000001,1733.3084999999999,car,18.816,1.7828,163.0,0.0,0.0,1.0,0.0,0.0,none,0,,,12
MVI_20011,169,15,619.95,95.02,46.7,48.25,643.3000000000001,119.145,2253.275,car,29.459,2.2367,160.0,0.0,0.0,1.0,0.0,0.0,none,0,,,12
MVI_20011,169,16,491.71,88.79,35.79,31.64,509.60499999999996,104.61000000000001,1132.3956,car,352.66,1.3107,179.0,0.0,0.0,1.0,0.0,0.0,none,0,,,12
MVI_20011,169,17,692.15,52.44,34.75,33.195,709.525,69.0375,1153.5262500000001,van,252.34,1.2856,121.0,0.0,0.0,1.0,0.0,0.0,none,0,,,12
MVI_20011,169,18,536.35,38.943,36.3,51.882,554.5,64.884,1883.3165999999999,others,353.05,0.82657,211.0,0.0,0.0,1.0,0.0,0.0,none,0,,,12
MVI_20011,169,19,590.9,62.825,33.2,27.485,607.5,76.5675,912.5020000000001,car,25.873,1.2031,167.0,0.0,0.0,1.0,0.0,0.0,none,0,,,12
MVI_20011,169,20,762.25,105.93,56.0,41.5,790.25,126.68,2324.0,car,239.81,3.1816,137.0,0.0,0.0,1.0,0.0,0.0,none,0,,,12
MVI_20011,169,21,565.95,34.788,21.8,21.252,576.85,45.413999999999994,463.29359999999997,car,10.877,0.6624,167.0,0.0,0.0,1.0,0.0,0.0,none,0,,,12
MVI_20011,170,9,553.25,204.32,88.65,87.11,597.575,247.875,7722.3015000000005,car,16.502,5.3686,163.0,0.0,0.0,1.0,0.0,0.0,none,0,,,10
MVI_20011,170,13,640.4,54.435,33.5,22.89,657.15,65.88,766.815,car,220.4,1.08,148.0,0.0,0.12441071184053545,0.8755892881594646,0.0,0.12441071184053545,background,1,,-1,10
MVI_20011,170,14,559.65,108.95,45.05,38.48,582.175,128.19,1733.5239999999997,car,30.713,1.7622,163.0,0.0,0.0,1.0,0.0,0.0,none,0,,,10
MVI_20011,170,15,621.7,96.665,47.7,48.855,645.5500000000001,121.0925,2330.3835,car,49.122,2.9758,160.0,0.0,0.0,1.0,0.0,0.0,none,0,,,10
MVI_20011,170,16,491.63,89.48,36.37,32.59,509.815,105.775,1185.2983000000002,car,10.099,1.1833,179.0,0.0,0.0,1.0,0.0,0.0,none,0,,,10
MVI_20011,170,17,690.85,51.75,34.8,32.845,708.25,68.1725,1143.0059999999999,van,235.85,1.5407,121.0,0.0,0.0,1.0,0.0,0.0,none,0,,,10
MVI_20011,170,18,537.05,39.115,36.15,52.32,555.125,65.275,1891.368,others,57.937,0.73749,211.0,0.0,0.0,1.0,0.0,0.0,none,0,,,10
MVI_20011,170,19,591.3,63.69,33.45,27.31,608.025,77.345,913.5195,car,34.029,0.93815,167.0,0.0,0.0,1.0,0.0,0.0,none,0,,,10
MVI_20011,170,20,760.25,105.06,55.7,40.38,788.1,125.25,2249.166,car,236.42,2.5807,137.0,0.0,0.0,1.0,0.0,0.0,none,0,,,10
