video,track_id,seg_id,start_frame,end_frame,length_frames,duration_s,bucket,mean_occlusion_ratio,max_occlusion_ratio,is_heavy,main_source,path_len_px,net_disp_px
MVI_20011,8,0,25,75,51,2.04,long,0.274,0.3792,False,vehicle,61.74,59.79
MVI_20011,10,0,47,107,61,2.44,long,0.3313,0.4641,False,vehicle,71.55,68.53
MVI_20011,13,0,64,171,108,4.32,long,0.1961,0.5728,False,background,381.58,372.31
MVI_20011,13,1,197,209,13,0.52,medium,0.1607,0.2158,False,background,12.66,12.42
MVI_20011,21,0,227,302,76,3.04,long,0.2312,0.3427,False,vehicle,241.87,240.26
MVI_20011,24,0,229,269,41,1.64,long,0.3022,0.5548,False,vehicle,40.36,38.72
MVI_20011,26,0,295,315,21,0.84,medium,0.2238,0.2774,False,vehicle,15.8,15.5
MVI_20011,28,0,301,404,104,4.16,long,0.7186,0.9974,True,background,349.16,344.65
MVI_20011,28,1,409,421,13,0.52,medium,0.9611,1.0,True,background,8.92,8.43
MVI_20011,29,0,511,541,31,1.24,medium,0.2973,0.425,False,vehicle,11.31,8.99
MVI_20011,29,1,650,664,15,0.6,medium,0.4667,0.796,True,vehicle,9.53,7.05
MVI_20011,34,0,478,541,64,2.56,long,0.3183,0.6403,False,vehicle,56.18,47.98
MVI_20011,35,0,367,479,113,4.52,long,0.1764,0.2774,False,vehicle,71.48,49.33
MVI_20011,35,1,488,495,8,0.32,short,0.1155,0.1271,False,vehicle,7.95,7.62
MVI_20011,37,0,397,447,51,2.04,long,0.4478,0.759,True,background,259.07,250.32
MVI_20011,37,1,453,571,119,4.76,long,0.4413,0.867,True,both,123.02,107.95
MVI_20011,40,0,421,533,113,4.52,long,0.4788,0.967,True,background,357.22,350.29
MVI_20011,40,1,538,575,38,1.52,long,0.6492,1.0,True,background,36.26,32.23
MVI_20011,43,0,475,529,55,2.2,long,0.3314,0.5621,False,background,252.76,251.15
MVI_20011,43,1,548,553,6,0.24,short,0.1782,0.2525,False,background,7.84,7.84
MVI_20011,43,2,560,571,12,0.48,short,0.247,0.3503,False,background,10.72,9.65
MVI_20011,43,3,593,599,7,0.28,short,0.2272,0.3732,False,background,5.99,5.8
MVI_20011,47,0,570,638,69,2.76,long,0.4427,0.6353,False,vehicle,37.32,24.55
MVI_20011,47,1,645,652,8,0.32,short,0.1299,0.1563,False,vehicle,3.64,0.8
MVI_20011,47,2,658,662,5,0.2,short,0.1314,0.1563,False,vehicle,2.64,2.15
MVI_20011,48,0,541,664,124,4.96,long,0.4011,0.768,True,background,382.01,376.25
MVI_20011,51,0,619,646,28,1.12,medium,0.1635,0.212,False,vehicle,23.39,22.3
MVI_20011,51,1,652,663,12,0.48,short,0.1376,0.1549,False,vehicle,7.18,3.65
MVI_20011,52,0,631,664,34,1.36,medium,0.3057,0.3591,False,vehicle,15.63,11.1
MVI_20012,3,0,1,11,11,0.44,short,0.888,1.0,True,vehicle,4.33,3.12
MVI_20012,3,1,31,402,372,14.88,long,0.5173,0.9761,True,vehicle,196.41,102.25
MVI_20012,5,0,1,22,22,0.88,medium,0.2611,0.3663,False,vehicle,13.5,11.12
MVI_20012,9,0,34,43,10,0.4,short,0.289,0.4286,False,background,5.73,5.51
MVI_20012,11,0,1,81,81,3.24,long,0.2607,0.4277,False,vehicle,53.01,43.17
MVI_20012,12,0,35,41,7,0.28,short,0.1532,0.2041,False,vehicle,2.45,1.54
MVI_20012,12,1,52,82,31,1.24,medium,0.1886,0.3445,False,vehicle,16.56,14.67
MVI_20012,14,0,31,88,58,2.32,long,0.5996,1.0,True,vehicle,26.68,13.87
MVI_20012,14,1,209,326,118,4.72,long,0.2995,0.4999,False,vehicle,106.22,76.25
MVI_20012,15,0,293,399,107,4.28,long,0.3787,0.6936,False,vehicle,138.28,120.6
MVI_20012,16,0,79,221,143,5.72,long,0.2583,0.5052,False,background,348.72,340.57
MVI_20012,16,1,238,241,4,0.16,short,0.1018,0.1297,False,background,4.04,4.04
MVI_20012,16,2,247,267,21,0.84,medium,0.1241,0.1787,False,background,13.12,11.49
MVI_20012,16,5,295,325,31,1.24,medium,0.3582,0.6217,False,background,16.18,11.34
MVI_20012,17,0,209,221,13,0.52,medium,0.1421,0.1702,False,vehicle,20.32,19.67
MVI_20012,17,1,231,271,41,1.64,long,0.2294,0.3253,False,vehicle,38.39,37.47
MVI_20012,18,0,139,142,4,0.16,short,0.3056,0.408,False,vehicle,0.54,0.54
MVI_20012,18,1,149,177,29,1.16,medium,0.1419,0.1985,False,vehicle,16.84,10.04
MVI_20012,18,2,187,224,38,1.52,long,0.1898,0.2563,False,vehicle,35.22,25.6
MVI_20012,25,0,321,331,11,0.44,short,0.1566,0.1726,False,vehicle,9.5,9.32
MVI_20012,26,0,295,392,98,3.92,long,0.283,0.4864,False,background,369.11,364.22
MVI_20012,28,0,355,430,76,3.04,long,0.2152,0.3933,False,vehicle,56.07,54.55
MVI_20012,28,1,435,444,10,0.4,short,0.1197,0.1416,False,vehicle,8.8,7.02
MVI_20012,31,0,403,480,78,3.12,long,0.2013,0.2826,False,vehicle,50.39,47.15
MVI_20012,31,1,486,513,28,1.12,medium,0.1812,0.2299,False,vehicle,24.24,23.6
MVI_20012,36,0,544,679,136,5.44,long,0.3746,0.5469,False,vehicle,93.14,71.83
MVI_20012,37,0,487,589,103,4.12,long,0.2658,0.6998,False,background,402.24,396.99
MVI_20012,38,0,499,615,117,4.68,long,0.6901,1.0,True,vehicle,124.87,78.84
MVI_20012,41,0,815,842,28,1.12,medium,0.1852,0.2366,False,vehicle,60.72,28.57
MVI_20012,41,1,852,855,4,0.16,short,0.2108,0.2841,False,vehicle,2.4,2.4
MVI_20033,2,0,83,101,19,0.76,medium,0.1383,0.1937,False,vehicle,18.43,18.01
MVI_20033,2,1,105,173,69,2.76,long,0.2529,0.3598,False,vehicle,44.42,35.4
MVI_20033,5,0,211,233,23,0.92,medium,0.2145,0.26,False,vehicle,7.76,4.59
MVI_20033,5,1,243,247,5,0.2,short,0.1773,0.2241,False,vehicle,0.48,0.48
MVI_20033,14,0,530,560,31,1.24,medium,0.1327,0.1929,False,vehicle,21.33,19.63
MVI_20034,2,0,90,91,2,0.08,short,0.1133,0.1195,False,vehicle,0.46,0.46
MVI_20034,4,0,1,31,31,1.24,medium,0.1959,0.2417,False,vehicle,12.43,12.28
MVI_20034,6,0,234,253,20,0.8,medium,0.2156,0.2734,False,vehicle,9.85,9.26
MVI_20034,7,0,222,325,104,4.16,long,0.2077,0.326,False,vehicle,72.34,70.05
MVI_20034,15,0,405,469,65,2.6,long,0.33,0.5303,False,vehicle,53.96,46.28
MVI_20034,16,0,325,343,19,0.76,medium,0.1203,0.1355,False,vehicle,12.99,12.96
MVI_20034,16,1,619,638,20,0.8,medium,0.2678,0.4426,False,vehicle,8.31,3.75
MVI_20034,20,0,469,505,37,1.48,medium,0.2395,0.4795,False,vehicle,28.59,26.13
MVI_20034,21,0,640,643,4,0.16,short,0.1568,0.1819,False,vehicle,2.8,2.8
MVI_20034,22,0,539,568,30,1.2,medium,0.1464,0.1713,False,vehicle,20.92,20.64
MVI_20034,23,0,484,643,160,6.4,long,0.3625,0.5486,False,vehicle,110.22,97.68
MVI_20034,24,0,403,417,15,0.6,medium,0.2133,0.2513,False,vehicle,10.15,4.33
MVI_20034,24,1,426,440,15,0.6,medium,0.1565,0.1736,False,vehicle,8.3,4.32
MVI_20034,25,0,403,513,111,4.44,long,0.2239,0.341,False,vehicle,63.6,44.35
MVI_20034,28,0,439,453,15,0.6,medium,0.1552,0.1873,False,vehicle,8.93,8.66
MVI_20034,30,0,548,741,194,7.76,long,0.3355,0.4955,False,vehicle,161.74,144.08
MVI_20034,33,0,541,621,81,3.24,long,0.3462,0.5089,False,vehicle,64.1,58.86
MVI_20034,38,0,604,623,20,0.8,medium,0.1255,0.1581,False,vehicle,9.9,9.04
MVI_20034,38,1,640,662,23,0.92,medium,0.1529,0.2036,False,vehicle,10.83,8.84
MVI_20034,38,2,684,687,4,0.16,short,0.1083,0.1165,False,vehicle,1.7,1.01
MVI_20034,42,0,691,800,110,4.4,long,0.3684,0.5679,False,vehicle,78.22,62.04
MVI_20034,46,0,757,800,44,1.76,long,0.1521,0.1896,False,vehicle,17.81,11.79
MVI_20034,48,0,238,347,110,4.4,long,0.6383,1.0,True,vehicle,11.39,4.57
MVI_20034,48,1,422,455,34,1.36,medium,0.145,0.1743,False,vehicle,31.5,31.45
MVI_20034,48,2,646,682,37,1.48,medium,0.115,0.1344,False,vehicle,25.55,25.53
MVI_20034,48,3,686,731,46,1.84,long,0.159,0.1956,False,vehicle,21.02,19.41
MVI_20034,49,0,614,651,38,1.52,long,0.126,0.15,False,vehicle,14.06,10.76
MVI_20034,50,0,321,340,20,0.8,medium,0.1278,0.1385,False,vehicle,23.11,23.11
MVI_20035,1,0,151,157,7,0.28,short,0.2743,0.2767,False,vehicle,2.97,2.97
MVI_20035,2,0,67,115,49,1.96,long,0.2985,0.5536,False,vehicle,33.64,24.44
MVI_20035,10,0,360,375,16,0.64,medium,0.1261,0.1536,False,vehicle,19.62,19.26
MVI_20035,10,1,381,445,65,2.6,long,0.3272,0.57,False,vehicle,47.07,39.78
MVI_20035,12,0,389,449,61,2.44,long,0.215,0.348,False,vehicle,55.88,54.5
MVI_20035,13,0,436,508,73,2.92,long,0.2565,0.4392,False,vehicle,55.56,49.14
MVI_20035,15,0,575,601,27,1.08,medium,0.2171,0.2781,False,vehicle,20.48,19.34
MVI_20035,19,0,639,691,53,2.12,long,0.1998,0.3395,False,vehicle,31.91,26.89
MVI_20035,22,0,654,727,74,2.96,long,0.2977,0.4855,False,vehicle,52.62,48.24
MVI_20035,28,0,774,800,27,1.08,medium,0.1143,0.1537,False,vehicle,33.38,32.34
MVI_20035,33,0,1,11,11,0.44,short,0.1525,0.1893,False,vehicle,12.59,12.59
MVI_20035,34,0,103,135,33,1.32,medium,0.1954,0.257,False,vehicle,103.54,103.21
MVI_20035,35,0,1,115,115,4.6,long,0.3376,0.5333,False,vehicle,255.46,246.87
MVI_20035,37,0,99,209,111,4.44,long,0.1625,0.2277,False,vehicle,295.26,292.19
MVI_20035,49,0,251,356,106,4.24,long,0.1984,0.2966,False,vehicle,69.12,64.74
MVI_20035,54,0,472,500,29,1.16,medium,0.1905,0.2482,False,vehicle,22.99,21.52
MVI_20035,55,0,397,427,31,1.24,medium,0.2089,0.2996,False,vehicle,22.33,21.61
MVI_20035,58,0,487,556,70,2.8,long,0.2625,0.363,False,vehicle,42.56,36.57
MVI_20035,58,1,605,619,15,0.6,medium,0.1765,0.2617,False,vehicle,24.31,24.2
MVI_20035,62,0,577,637,61,2.44,long,0.3301,0.4287,False,vehicle,40.04,36.4
MVI_20051,4,0,1,41,41,1.64,long,0.3502,0.4446,False,vehicle,31.58,25.93
MVI_20051,6,0,19,49,31,1.24,medium,0.1926,0.2215,False,vehicle,16.79,9.2
MVI_20051,8,0,67,117,51,2.04,long,0.2966,0.5002,False,vehicle,23.08,17.11
MVI_20051,9,0,73,212,140,5.6,long,0.3737,0.6658,False,vehicle,113.43,81.38
MVI_20051,11,0,134,167,34,1.36,medium,0.1496,0.1775,False,vehicle,15.53,5.72
MVI_20051,13,0,187,217,31,1.24,medium,0.2366,0.3123,False,vehicle,15.18,9.95
MVI_20051,15,0,235,255,21,0.84,medium,0.3016,0.3846,False,vehicle,12.16,12.05
MVI_20051,17,0,271,381,111,4.44,long,0.315,0.5383,False,vehicle,100.74,91.3
MVI_20051,19,0,301,341,41,1.64,long,0.2121,0.2868,False,vehicle,20.01,15.12
MVI_20051,20,0,355,365,11,0.44,short,0.1691,0.1825,False,vehicle,3.86,3.85
MVI_20051,23,0,391,441,51,2.04,long,0.3412,0.4015,False,vehicle,19.57,5.75
MVI_20051,24,0,439,512,74,2.96,long,0.3897,0.5621,False,vehicle,37.28,16.33
MVI_20051,25,0,439,469,31,1.24,medium,0.1434,0.1878,False,vehicle,15.75,7.73
MVI_20051,26,0,487,547,61,2.44,long,0.2823,0.4098,False,vehicle,22.42,17.31
MVI_20051,27,0,487,537,51,2.04,long,0.2986,0.4006,False,vehicle,19.25,8.51
MVI_20051,28,0,559,613,55,2.2,long,0.2907,0.5344,False,vehicle,24.89,21.99
MVI_20051,29,0,565,625,61,2.44,long,0.3671,0.4624,False,vehicle,24.45,19.02
MVI_20051,30,0,619,701,83,3.32,long,0.2761,0.3883,False,vehicle,36.36,25.78
MVI_20051,33,0,691,701,11,0.44,short,0.1968,0.3193,False,vehicle,3.28,3.25
MVI_20051,38,0,745,853,109,4.36,long,0.3281,0.4586,False,vehicle,38.77,28.45
MVI_20051,42,0,880,906,27,1.08,medium,0.3003,0.4358,False,vehicle,20.96,18.12
MVI_20051,43,0,829,889,61,2.44,long,0.3213,0.5006,False,vehicle,25.28,20.81
MVI_20051,44,0,829,899,71,2.84,long,0.1889,0.2378,False,vehicle,48.37,44.2
MVI_20051,47,0,900,906,7,0.28,short,0.181,0.2292,False,vehicle,28.35,28.35
MVI_20051,51,0,31,34,4,0.16,short,0.1019,0.1031,False,vehicle,0.93,0.93
MVI_20051,51,1,726,762,37,1.48,medium,0.1297,0.1394,False,vehicle,8.29,3.63
MVI_20051,51,2,786,865,80,3.2,long,0.1453,0.1847,False,vehicle,18.5,0.69
MVI_20052,8,0,30,107,78,3.12,long,0.3453,0.5161,False,vehicle,27.96,19.95
MVI_20052,10,0,1,31,31,1.24,medium,0.1849,0.2261,False,vehicle,125.2,123.66
MVI_20052,12,0,67,109,43,1.72,long,0.1803,0.2428,False,vehicle,27.99,27.38
MVI_20052,13,0,1,11,11,0.44,short,0.3283,0.4054,False,vehicle,10.12,10.03
MVI_20052,14,0,19,69,51,2.04,long,0.3161,0.4858,False,vehicle,43.4,40.32
MVI_20052,15,0,25,65,41,1.64,long,0.2579,0.3321,False,vehicle,24.67,20.63
MVI_20052,20,0,103,178,76,3.04,long,0.2698,0.3661,False,vehicle,30.12,23.82
MVI_20052,23,0,181,211,31,1.24,medium,0.3098,0.343,False,vehicle,11.63,8.26
MVI_20052,24,0,191,286,96,3.84,long,0.1575,0.223,False,vehicle,39.28,32.51
MVI_20052,24,1,295,301,7,0.28,short,0.1042,0.1069,False,vehicle,5.09,5.09
MVI_20052,25,0,292,343,52,2.08,long,0.3081,0.5257,False,vehicle,58.47,57.96
MVI_20052,27,0,247,287,41,1.64,long,0.3165,0.4246,False,vehicle,22.02,18.31
MVI_20052,28,0,247,307,61,2.44,long,0.1684,0.3169,False,vehicle,25.78,13.52
MVI_20052,30,0,265,546,282,11.28,long,0.3701,0.499,False,vehicle,148.42,109.61
MVI_20052,31,0,334,394,61,2.44,long,0.1563,0.2022,False,vehicle,72.06,71.22
MVI_20052,34,0,343,511,169,6.76,long,0.2716,0.507,False,vehicle,334.69,330.7
MVI_20052,39,0,427,457,31,1.24,medium,0.2901,0.357,False,vehicle,15.4,12.08
MVI_20052,40,0,599,631,33,1.32,medium,0.1701,0.2251,False,vehicle,31.06,28.19
MVI_20052,43,0,128,138,11,0.44,short,0.1089,0.1183,False,vehicle,5.26,2.27
MVI_20052,43,1,253,271,19,0.76,medium,0.1358,0.1635,False,vehicle,7.04,5.57
MVI_20052,43,2,280,353,74,2.96,long,0.113,0.1268,False,vehicle,17.35,0.96
MVI_20052,43,3,364,403,40,1.6,long,0.115,0.1321,False,vehicle,3.84,2.75
MVI_20052,43,4,437,539,103,4.12,long,0.1598,0.2271,False,vehicle,6.14,2.82
MVI_20061,7,0,17,267,251,10.04,long,0.3926,0.5821,False,vehicle,263.83,194.89
MVI_20061,7,1,339,457,119,4.76,long,0.5245,0.7527,True,vehicle,71.83,51.81
MVI_20061,8,0,96,159,64,2.56,long,0.324,0.5349,False,vehicle,61.46,43.04
MVI_20061,8,1,165,229,65,2.6,long,0.1916,0.2838,False,vehicle,51.38,34.75
MVI_20061,9,0,165,203,39,1.56,long,0.2272,0.2866,False,vehicle,36.15,27.38
MVI_20061,9,1,210,212,3,0.12,short,0.1061,0.1125,False,vehicle,1.46,1.22
MVI_20061,10,0,1,120,120,4.8,long,0.5141,0.6934,False,vehicle,100.69,33.11
MVI_20061,11,0,1,111,111,4.44,long,0.398,0.5394,False,vehicle,94.34,26.23
MVI_20061,11,1,134,181,48,1.92,long,0.1966,0.2291,False,vehicle,37.48,29.49
MVI_20061,12,0,1,21,21,0.84,medium,0.2543,0.3153,False,vehicle,13.61,1.31
MVI_20061,12,1,102,229,128,5.12,long,0.218,0.3139,False,vehicle,86.28,30.9
MVI_20061,13,0,21,79,59,2.36,long,0.3591,0.5079,False,vehicle,51.56,38.09
MVI_20061,14,0,1,81,81,3.24,long,0.2626,0.3546,False,vehicle,60.62,16.77
MVI_20061,15,0,1,127,127,5.08,long,0.4684,0.552,False,vehicle,96.86,21.06
MVI_20061,16,0,1,31,31,1.24,medium,0.2818,0.335,False,vehicle,21.04,4.38
MVI_20061,17,0,1,61,61,2.44,long,0.5391,0.628,False,vehicle,45.07,25.71
MVI_20061,22,0,173,183,11,0.44,short,0.1336,0.1399,False,vehicle,3.84,3.52
MVI_20061,25,0,169,339,171,6.84,long,0.348,0.456,False,vehicle,126.35,94.59
MVI_20061,34,0,451,501,51,2.04,long,0.2708,0.4623,False,vehicle,22.46,21.42
MVI_20061,49,0,142,153,12,0.48,short,0.1099,0.1202,False,vehicle,14.78,14.42
MVI_20061,49,1,160,215,56,2.24,long,0.1159,0.1365,False,vehicle,42.65,39.65
MVI_20061,49,2,219,243,25,1.0,medium,0.1208,0.1469,False,vehicle,24.66,23.74
MVI_20062,12,0,2,162,161,6.44,long,0.6788,1.0,True,vehicle,143.75,141.82
MVI_20062,19,0,301,431,131,5.24,long,0.3048,0.4031,False,vehicle,115.72,101.03
MVI_20062,21,0,355,483,129,5.16,long,0.2333,0.3576,False,vehicle,140.79,131.97
MVI_20062,24,0,505,525,21,0.84,medium,0.2897,0.3948,False,vehicle,23.06,21.89
MVI_20062,25,0,713,795,83,3.32,long,0.3786,0.6009,False,vehicle,128.15,121.26
MVI_20062,26,0,700,778,79,3.16,long,0.5362,0.6986,False,vehicle,181.6,180.61
MVI_20063,4,0,379,383,5,0.2,short,0.1083,0.1148,False,vehicle,1.41,1.24
MVI_20063,7,0,235,351,117,4.68,long,0.4021,0.5956,False,vehicle,238.05,231.96
MVI_20063,7,1,407,481,75,3.0,long,0.1879,0.2416,False,vehicle,47.09,33.92
MVI_20063,10,0,534,541,8,0.32,short,0.1909,0.2127,False,vehicle,2.25,2.25
MVI_20063,11,0,599,639,41,1.64,long,0.1662,0.2696,False,vehicle,17.65,14.81
MVI_20063,11,1,660,662,3,0.12,short,0.1086,0.1132,False,vehicle,0.73,0.35
MVI_20063,12,0,381,578,198,7.92,long,0.4458,0.7625,True,vehicle,306.2,291.42
MVI_20063,12,1,583,670,88,3.52,long,0.1619,0.2405,False,vehicle,30.9,16.64
MVI_20063,13,0,380,439,60,2.4,long,0.5602,1.0,True,vehicle,86.01,84.33
MVI_20063,14,0,480,562,83,3.32,long,0.262,0.3772,False,vehicle,113.69,111.26
MVI_20063,16,0,699,779,81,3.24,long,0.2867,0.4104,False,vehicle,28.72,13.38
MVI_20063,18,0,581,771,191,7.64,long,0.4863,0.6311,False,vehicle,265.66,257.96
MVI_20063,22,0,682,791,110,4.4,long,0.2081,0.2943,False,vehicle,49.76,39.65
MVI_20063,23,0,738,746,9,0.36,short,0.1189,0.1331,False,vehicle,7.88,7.25
MVI_20063,27,0,761,791,31,1.24,medium,0.3631,0.484,False,vehicle,11.74,10.97
MVI_20064,4,0,1,7,7,0.28,short,0.117,0.1286,False,vehicle,6.51,6.51
MVI_20064,7,0,3,10,8,0.32,short,0.1195,0.125,False,background,22.47,22.06
MVI_20064,7,1,14,23,10,0.4,short,0.1598,0.2362,False,background,23.43,20.96
MVI_20064,7,2,29,38,10,0.4,short,0.1215,0.1426,False,background,13.69,13.45
MVI_20064,7,3,184,233,50,2.0,long,0.2606,0.3979,False,vehicle,33.7,16.73
MVI_20064,9,0,42,127,86,3.44,long,0.4196,0.589,False,vehicle,82.94,71.64
MVI_20064,10,0,1,35,35,1.4,medium,0.1843,0.2203,False,vehicle,30.36,18.56
MVI_20064,11,0,92,127,36,1.44,medium,0.3148,0.455,False,vehicle,25.73,17.84
MVI_20064,14,0,11,19,9,0.36,short,0.3181,0.3799,False,vehicle,5.0,4.94
MVI_20064,15,0,377,379,3,0.12,short,0.1151,0.1266,False,vehicle,0.17,0.16
MVI_20064,16,0,202,239,38,1.52,long,0.2517,0.3798,False,vehicle,25.32,22.95
MVI_20064,16,1,245,248,4,0.16,short,0.1234,0.1449,False,vehicle,1.54,0.34
MVI_20064,16,2,279,355,77,3.08,long,0.3416,0.4377,False,vehicle,39.19,27.02
MVI_20064,18,0,104,112,9,0.36,short,0.1209,0.1529,False,background,34.32,34.14
MVI_20064,18,1,144,294,151,6.04,long,0.2044,0.4451,False,background,191.82,177.44
MVI_20064,18,2,404,775,372,14.88,long,0.3355,0.4965,False,vehicle,163.85,26.24
MVI_20064,19,0,117,139,23,0.92,medium,0.1738,0.2023,False,vehicle,52.87,51.53
MVI_20064,19,1,247,265,19,0.76,medium,0.1797,0.2128,False,vehicle,8.16,8.14
MVI_20064,19,2,284,328,45,1.8,long,0.2409,0.3583,False,vehicle,19.25,9.08
MVI_20064,19,4,407,411,5,0.2,short,0.1688,0.2117,False,vehicle,1.9,1.02
MVI_20064,19,5,423,430,8,0.32,short,0.145,0.189,False,vehicle,2.47,2.18
MVI_20064,20,0,667,669,3,0.12,short,0.1071,0.1125,False,vehicle,1.61,1.6
MVI_20064,20,1,721,749,29,1.16,medium,0.1414,0.1837,False,vehicle,20.51,7.68
MVI_20064,22,0,152,170,19,0.76,medium,0.1651,0.2723,False,vehicle,9.16,8.37
MVI_20064,22,1,228,302,75,3.0,long,0.226,0.3222,False,vehicle,33.68,1.69
MVI_20064,22,2,310,315,6,0.24,short,0.1348,0.1693,False,vehicle,0.55,0.41
MVI_20064,22,3,324,333,10,0.4,short,0.1347,0.1445,False,vehicle,5.06,4.58
MVI_20064,24,0,280,341,62,2.48,long,0.1598,0.1938,False,vehicle,112.27,110.41
MVI_20064,24,1,345,347,3,0.12,short,0.1102,0.118,False,vehicle,1.89,1.89
MVI_20064,24,2,377,466,90,3.6,long,0.2122,0.3133,False,vehicle,47.62,32.81
MVI_20064,24,3,525,582,58,2.32,long,0.2493,0.3275,False,vehicle,31.5,4.04
MVI_20064,24,4,600,602,3,0.12,short,0.1257,0.1376,False,vehicle,0.53,0.46
MVI_20064,24,5,618,629,12,0.48,short,0.1652,0.2275,False,vehicle,5.05,3.89
MVI_20064,24,6,633,691,59,2.36,long,0.346,0.615,False,vehicle,21.54,2.66
MVI_20064,25,0,253,262,10,0.4,short,0.1395,0.1672,False,background,34.3,34.3
MVI_20064,25,1,488,605,118,4.72,long,0.3694,0.8333,True,vehicle,24.48,19.35
MVI_20064,25,2,630,634,5,0.2,short,0.1227,0.1432,False,vehicle,1.62,1.62
MVI_20064,25,3,653,664,12,0.48,short,0.1533,0.2283,False,vehicle,5.86,3.33
MVI_20064,25,4,675,732,58,2.32,long,0.4402,0.6605,False,vehicle,13.52,12.28
MVI_20064,26,0,408,555,148,5.92,long,0.4113,0.8152,True,vehicle,84.06,55.59
MVI_20064,28,0,449,489,41,1.64,long,0.2621,0.3484,False,vehicle,24.85,18.35
MVI_20064,28,1,524,534,11,0.44,short,0.1175,0.1327,False,vehicle,11.25,2.85
MVI_20064,28,2,547,681,135,5.4,long,0.2732,0.5144,False,vehicle,63.18,38.69
MVI_20064,29,0,361,400,40,1.6,long,0.2041,0.3981,False,background,140.77,136.96
MVI_20064,29,1,502,572,71,2.84,long,0.164,0.2506,False,vehicle,41.44,24.51
MVI_20064,29,2,592,605,14,0.56,medium,0.1498,0.2259,False,vehicle,8.15,3.08
MVI_20064,29,3,611,615,5,0.2,short,0.1045,0.1065,False,vehicle,2.01,0.83
MVI_20064,29,4,621,626,6,0.24,short,0.1131,0.1272,False,vehicle,4.61,3.77
MVI_20064,29,5,634,744,111,4.44,long,0.3837,0.5125,False,vehicle,55.43,23.76
MVI_20064,29,6,748,753,6,0.24,short,0.1413,0.1784,False,vehicle,5.93,4.02
MVI_20064,29,7,768,786,19,0.76,medium,0.1848,0.2351,False,vehicle,8.13,7.75
MVI_20064,29,8,794,799,6,0.24,short,0.1414,0.1513,False,vehicle,2.15,2.15
MVI_20064,30,0,374,450,77,3.08,long,0.3246,0.5078,False,vehicle,193.56,186.62
MVI_20064,30,1,454,485,32,1.28,medium,0.2686,0.354,False,vehicle,37.63,36.79
MVI_20064,30,2,515,646,132,5.28,long,0.4002,0.8856,True,vehicle,55.29,22.05
MVI_20064,30,3,652,666,15,0.6,medium,0.149,0.183,False,vehicle,5.36,2.98
MVI_20064,30,4,718,759,42,1.68,long,0.3581,0.5265,False,vehicle,33.33,28.64
MVI_20064,30,5,777,800,24,0.96,medium,0.2227,0.2986,False,vehicle,7.52,4.63
MVI_20064,31,1,396,398,3,0.12,short,0.1101,0.1192,False,vehicle,0.51,0.49
MVI_20064,31,2,408,410,3,0.12,short,0.1097,0.1192,False,vehicle,0.86,0.41
MVI_20064,31,3,419,434,16,0.64,medium,0.1281,0.178,False,vehicle,10.07,9.27
MVI_20064,31,4,444,445,2,0.08,short,0.108,0.1127,False,vehicle,1.09,1.09
MVI_20064,31,5,455,491,37,1.48,medium,0.2184,0.3005,False,vehicle,29.13,26.03
MVI_20064,34,0,421,525,105,4.2,long,0.2653,0.4368,False,background,292.71,283.73
MVI_20064,34,1,532,551,20,0.8,medium,0.1796,0.2712,False,background,13.37,7.39
MVI_20064,34,2,575,686,112,4.48,long,0.3581,0.6855,False,vehicle,54.47,16.8
MVI_20064,35,0,563,762,200,8.0,long,0.3253,0.5229,False,vehicle,94.56,47.64
MVI_20064,35,1,780,783,4,0.16,short,0.1561,0.1975,False,vehicle,0.86,0.56
MVI_20064,35,2,790,800,11,0.44,short,0.2979,0.3905,False,vehicle,4.4,2.09
MVI_20064,38,0,512,550,39,1.56,long,0.2298,0.3063,False,vehicle,55.85,50.28
MVI_20064,38,1,752,791,40,1.6,long,0.322,0.448,False,vehicle,23.03,21.42
MVI_20064,38,2,797,800,4,0.16,short,0.1576,0.2083,False,vehicle,3.03,1.32
MVI_20064,39,0,482,788,307,12.28,long,0.4131,1.0,True,background,409.15,369.34
MVI_20064,43,0,654,695,42,1.68,long,0.3298,0.5381,False,vehicle,20.1,10.13
MVI_20064,45,0,710,800,91,3.64,long,0.3951,0.5638,False,vehicle,115.35,98.99
MVI_20064,47,0,707,750,44,1.76,long,0.1226,0.1334,False,vehicle,50.93,46.67
MVI_20065,6,0,1,97,97,3.88,long,0.3202,0.65,False,vehicle,46.96,32.26
MVI_20065,12,0,97,117,21,0.84,medium,0.3985,0.6322,False,vehicle,44.96,44.41
MVI_20065,14,0,256,310,55,2.2,long,0.255,0.3342,False,vehicle,61.71,59.82
MVI_20065,15,0,103,250,148,5.92,long,0.2734,0.4403,False,vehicle,83.26,60.09
MVI_20065,15,1,257,263,7,0.28,short,0.1118,0.1154,False,vehicle,2.55,2.26
MVI_20065,15,2,289,339,51,2.04,long,0.1555,0.2098,False,vehicle,39.0,36.72
MVI_20065,16,0,103,113,11,0.44,short,0.1622,0.1641,False,vehicle,6.59,6.33
MVI_20065,17,0,266,295,30,1.2,medium,0.2865,0.3423,False,vehicle,23.22,19.27
MVI_20065,18,0,151,156,6,0.24,short,0.1667,0.2135,False,vehicle,1.41,1.41
MVI_20065,18,1,164,262,99,3.96,long,0.1798,0.2934,False,vehicle,53.71,40.16
MVI_20065,18,2,310,318,9,0.36,short,0.1101,0.1186,False,vehicle,4.1,4.1
MVI_20065,18,3,367,428,62,2.48,long,0.1429,0.1887,False,vehicle,113.15,112.16
MVI_20065,19,0,151,161,11,0.44,short,0.2107,0.2832,False,vehicle,8.17,5.37
MVI_20065,20,0,169,189,21,0.84,medium,0.1745,0.2151,False,vehicle,11.92,7.16
MVI_20065,20,1,239,419,181,7.24,long,0.2045,0.3735,False,vehicle,142.15,119.28
MVI_20065,21,0,169,249,81,3.24,long,0.3079,0.4825,False,vehicle,46.17,33.62
MVI_20065,23,0,305,333,29,1.16,medium,0.1265,0.1409,False,vehicle,35.08,32.87
MVI_20065,24,0,275,297,23,0.92,medium,0.1151,0.1254,False,vehicle,25.56,25.2
MVI_20065,26,0,229,395,167,6.68,long,0.3661,0.5887,False,vehicle,160.15,144.78
MVI_20065,28,0,374,404,31,1.24,medium,0.2045,0.2265,False,vehicle,30.94,30.5
MVI_20065,30,0,307,337,31,1.24,medium,0.2527,0.4144,False,vehicle,71.36,68.35
MVI_20065,30,1,454,475,22,0.88,medium,0.2617,0.436,False,vehicle,22.92,20.56
MVI_20065,32,0,422,473,52,2.08,long,0.1396,0.1776,False,vehicle,36.19,20.04
MVI_20065,32,1,481,483,3,0.12,short,0.1013,0.1023,False,vehicle,1.71,1.71
MVI_20065,34,0,429,434,6,0.24,short,0.1096,0.1109,False,vehicle,4.9,2.95
MVI_20065,37,0,448,488,41,1.64,long,0.301,0.3638,False,vehicle,60.48,57.95
MVI_20065,38,0,435,589,155,6.2,long,0.395,0.5146,False,vehicle,260.49,250.75
MVI_20065,39,0,527,615,89,3.56,long,0.326,0.4956,False,vehicle,80.32,77.61
MVI_20065,40,0,630,643,14,0.56,medium,0.1962,0.219,False,vehicle,7.8,7.45
MVI_20065,41,0,584,627,44,1.76,long,0.1813,0.2452,False,vehicle,106.25,104.47
MVI_20065,42,0,578,598,21,0.84,medium,0.2017,0.2296,False,vehicle,21.27,21.09
MVI_20065,46,0,628,635,8,0.32,short,0.1543,0.1788,False,vehicle,8.49,8.45
MVI_20065,46,1,779,781,3,0.12,short,0.1672,0.1736,False,vehicle,0.48,0.48
MVI_20065,48,0,537,647,111,4.44,long,0.2927,0.5154,False,vehicle,195.44,173.52
MVI_20065,49,0,597,667,71,2.84,long,0.1833,0.2791,False,vehicle,38.76,35.76
MVI_20065,52,0,662,781,120,4.8,long,0.1952,0.2551,False,vehicle,126.42,118.78
MVI_20065,53,0,651,674,24,0.96,medium,0.1164,0.137,False,vehicle,51.09,51.0
MVI_20065,53,1,708,713,6,0.24,short,0.1059,0.1113,False,vehicle,6.13,5.79
MVI_20065,53,2,722,819,98,3.92,long,0.1617,0.257,False,vehicle,66.95,60.5
MVI_20065,54,0,619,698,80,3.2,long,0.2063,0.3546,False,vehicle,45.75,33.27
MVI_20065,54,1,706,709,4,0.16,short,0.1151,0.1243,False,vehicle,4.25,4.25
MVI_20065,55,0,844,859,16,0.64,medium,0.4977,0.6392,False,vehicle,3.61,1.49
MVI_20065,56,0,649,736,88,3.52,long,0.3331,0.5396,False,vehicle,42.71,39.77
MVI_20065,56,1,750,752,3,0.12,short,0.109,0.1143,False,vehicle,1.12,1.1
MVI_20065,56,2,762,773,12,0.48,short,0.1537,0.2104,False,vehicle,11.08,11.03
MVI_20065,59,0,1035,1200,166,6.64,long,0.3123,0.7634,True,vehicle,68.69,4.05
MVI_20065,63,0,715,753,39,1.56,long,0.3579,0.6562,False,vehicle,49.94,46.88
MVI_20065,63,1,775,876,102,4.08,long,0.3488,0.5584,False,vehicle,101.38,97.85
MVI_20065,64,0,757,989,233,9.32,long,0.3522,0.5037,False,vehicle,199.19,194.49
MVI_20065,67,0,1045,1055,11,0.44,short,0.1308,0.148,False,vehicle,5.46,5.45
MVI_20065,67,1,1074,1095,22,0.88,medium,0.1211,0.1255,False,vehicle,7.01,3.96
MVI_20065,67,2,1102,1120,19,0.76,medium,0.1283,0.1741,False,vehicle,9.72,1.34
MVI_20065,67,3,1124,1137,14,0.56,medium,0.1107,0.1193,False,vehicle,2.49,0.37
MVI_20065,70,0,895,903,9,0.36,short,0.1053,0.1063,False,vehicle,1.85,1.4
MVI_20065,70,1,915,1037,123,4.92,long,0.179,0.255,False,vehicle,52.93,45.12
MVI_20065,70,2,1070,1148,79,3.16,long,0.3038,0.5156,False,vehicle,109.87,108.26
MVI_20065,74,0,1086,1089,4,0.16,short,0.1196,0.1354,False,vehicle,1.54,1.52
MVI_20065,74,1,1102,1125,24,0.96,medium,0.123,0.152,False,vehicle,15.12,14.21
MVI_20065,74,2,1143,1183,41,1.64,long,0.3168,0.4489,False,vehicle,66.52,65.69
MVI_39761,2,0,1,70,70,2.8,long,0.211,0.2702,False,vehicle,287.27,286.62
MVI_39771,11,0,190,200,11,0.44,short,0.1267,0.1373,False,vehicle,12.36,12.23
MVI_39771,18,0,309,319,11,0.44,short,0.2286,0.512,False,vehicle,18.99,16.01
MVI_39771,24,0,490,493,4,0.16,short,0.113,0.1214,False,vehicle,1.18,1.15
MVI_39771,24,1,497,552,56,2.24,long,0.1864,0.2529,False,vehicle,32.92,31.0
MVI_39771,24,2,560,570,11,0.44,short,0.1459,0.1644,False,vehicle,8.65,8.64
MVI_39771,25,0,511,570,60,2.4,long,0.2061,0.326,False,vehicle,36.89,33.56
MVI_39781,10,0,386,486,101,4.04,long,0.5276,0.688,False,background,787.93,784.98
MVI_39781,12,0,576,609,34,1.36,medium,0.335,0.493,False,vehicle,259.26,258.82
MVI_39781,13,0,566,641,76,3.04,long,0.621,0.8249,True,background,739.72,736.73
MVI_39781,14,0,596,676,81,3.24,long,0.5626,0.7852,True,background,772.55,771.07
MVI_39781,16,1,735,781,47,1.88,long,0.365,0.5672,False,vehicle,99.25,98.43
MVI_39781,18,0,713,749,37,1.48,medium,0.3034,0.4223,False,vehicle,176.02,175.78
MVI_39781,19,0,696,781,86,3.44,long,0.55,0.7627,True,background,723.17,720.93
MVI_39781,20,0,701,703,3,0.12,short,0.3294,0.4929,False,vehicle,19.61,19.61
MVI_39781,23,0,771,861,91,3.64,long,0.4445,0.7812,True,background,783.37,782.33
MVI_39781,26,0,836,853,18,0.72,medium,0.2463,0.4743,False,background,318.02,317.67
MVI_39781,28,0,851,903,53,2.12,long,0.3309,0.4233,False,vehicle,97.22,95.89
MVI_39781,30,0,933,1007,75,3.0,long,0.5884,1.0,True,vehicle,170.43,168.81
MVI_39781,31,0,951,1066,116,4.64,long,0.5033,0.7698,True,background,778.55,776.29
MVI_39781,34,0,1032,1287,256,10.24,long,0.3091,0.4662,False,vehicle,161.41,65.89
MVI_39781,35,0,1011,1131,121,4.84,long,0.451,0.774,True,background,751.46,749.3
MVI_39781,36,0,1011,1121,111,4.44,long,0.2711,0.3722,False,vehicle,704.19,701.58
MVI_39781,37,0,1036,1048,13,0.52,medium,0.1986,0.2888,False,vehicle,14.15,13.91
MVI_39781,37,1,1075,1127,53,2.12,long,0.6508,1.0,True,vehicle,176.66,176.22
MVI_39781,38,0,1074,1106,33,1.32,medium,0.1481,0.1706,False,vehicle,142.62,137.81
MVI_39781,38,1,1218,1227,10,0.4,short,0.1248,0.1365,False,vehicle,6.32,4.27
MVI_39781,38,2,1385,1387,3,0.12,short,0.111,0.1186,False,vehicle,1.4,0.38
MVI_39781,38,3,1460,1474,15,0.6,medium,0.1317,0.1511,False,vehicle,18.33,17.41
MVI_39781,38,4,1586,1601,16,0.64,medium,0.4038,0.6214,False,vehicle,23.82,23.03
MVI_39781,39,0,1066,1186,121,4.84,long,0.4359,0.7935,True,background,745.68,743.56
MVI_39781,40,0,1181,1186,6,0.24,short,0.1341,0.1476,False,vehicle,9.31,9.31
MVI_39781,41,0,1185,1195,11,0.44,short,0.167,0.2055,False,vehicle,25.32,21.95
MVI_39781,41,1,1426,1439,14,0.56,medium,0.1438,0.1809,False,vehicle,0.0,0.0
MVI_39781,41,2,1514,1528,15,0.6,medium,0.1537,0.1895,False,vehicle,0.0,0.0
MVI_39781,41,3,1672,1703,32,1.28,medium,0.3304,0.5646,False,vehicle,31.59,14.32
MVI_39781,42,0,1185,1190,6,0.24,short,0.1303,0.1632,False,background,78.32,77.53
MVI_39781,43,0,1276,1279,4,0.16,short,0.1112,0.1189,False,vehicle,0.64,0.64
MVI_39781,43,1,1283,1292,10,0.4,short,0.1158,0.132,False,vehicle,1.63,0.38
MVI_39781,43,2,1533,1689,157,6.28,long,0.3566,0.6356,False,vehicle,362.27,355.39
MVI_39781,45,0,1420,1431,12,0.48,short,0.1407,0.1916,False,background,150.85,149.39
MVI_39781,48,0,1509,1514,6,0.24,short,0.1235,0.1513,False,background,58.83,58.38
MVI_39781,48,1,1590,1619,30,1.2,medium,0.7587,1.0,True,both,90.41,65.1
MVI_39781,49,0,1857,1865,9,0.36,short,0.1175,0.1328,False,vehicle,37.07,36.99
MVI_39781,50,0,1836,1865,30,1.2,medium,0.5004,0.7075,True,background,348.49,346.56
MVI_39801,2,0,12,30,19,0.76,medium,0.3358,0.3991,False,background,42.15,42.01
MVI_39801,2,1,125,135,11,0.44,short,0.2677,0.339,False,background,169.12,169.0
MVI_39801,4,0,56,77,22,0.88,medium,0.3517,0.445,False,background,39.88,38.72
MVI_39801,4,1,173,182,10,0.4,short,0.2777,0.338,False,background,157.72,157.66
MVI_39801,5,0,81,141,61,2.44,long,0.3508,0.5611,False,vehicle,527.37,525.51
MVI_39801,6,0,81,181,101,4.04,long,0.5989,0.9964,True,background,733.83,731.9
MVI_39801,7,0,108,141,34,1.36,medium,0.3826,1.0,True,background,405.97,405.31
MVI_39801,8,0,156,163,8,0.32,short,0.1491,0.1569,False,background,103.38,103.36
MVI_39801,9,0,245,259,15,0.6,medium,0.3106,0.4394,False,background,52.37,51.68
MVI_39801,9,1,318,325,8,0.32,short,0.3141,0.3639,False,background,148.97,148.73
MVI_39801,10,0,251,258,8,0.32,short,0.1734,0.188,False,background,102.45,102.4
MVI_39801,11,0,263,270,8,0.32,short,0.1837,0.2083,False,background,90.34,90.34
MVI_39801,12,0,256,265,10,0.4,short,0.3692,0.4405,False,background,21.9,21.63
MVI_39801,12,1,309,337,29,1.16,medium,0.2175,0.2983,False,vehicle,130.93,130.86
MVI_39801,12,2,373,383,11,0.44,short,0.269,0.3373,False,background,152.69,152.65
MVI_39801,13,0,281,295,15,0.6,medium,0.2847,0.3828,False,background,47.52,47.43
MVI_39801,13,1,354,362,9,0.36,short,0.2783,0.3084,False,background,183.8,183.76
MVI_39801,14,0,296,391,96,3.84,long,0.679,1.0,True,background,724.79,724.17
MVI_39801,15,0,296,333,38,1.52,long,0.2939,0.517,False,vehicle,399.56,398.13
MVI_39801,16,0,317,334,18,0.72,medium,0.2094,0.2832,False,background,47.36,46.96
MVI_39801,16,1,399,406,8,0.32,short,0.2992,0.3628,False,background,172.83,172.81
MVI_39801,17,0,316,360,45,1.8,long,0.2243,0.3961,False,vehicle,123.15,122.11
MVI_39801,17,1,420,429,10,0.4,short,0.3013,0.3484,False,background,159.14,159.07
MVI_39801,18,0,515,539,25,1.0,medium,0.4607,0.865,True,background,238.38,237.48
MVI_39801,19,0,327,345,19,0.76,medium,0.4885,0.9874,True,background,214.29,214.23
MVI_39801,20,0,368,390,23,0.92,medium,0.2471,0.3809,False,background,62.76,62.3
MVI_39801,20,1,456,466,11,0.44,short,0.2555,0.3094,False,background,186.88,186.73
MVI_39801,21,0,384,395,12,0.48,short,0.5636,0.988,True,background,145.49,145.46
MVI_39801,22,0,415,424,10,0.4,short,0.1813,0.2119,False,background,112.31,112.22
MVI_39801,23,0,426,432,7,0.28,short,0.2427,0.375,False,background,11.95,11.91
MVI_39801,23,1,507,514,8,0.32,short,0.33,0.3779,False,background,138.99,138.85
MVI_39801,24,0,443,454,12,0.48,short,0.1677,0.1843,False,background,114.63,114.57
MVI_39801,25,0,461,472,12,0.48,short,0.3393,0.446,False,background,22.96,22.93
MVI_39801,25,1,546,554,9,0.36,short,0.2883,0.3522,False,background,150.56,150.46
MVI_39801,26,0,495,520,26,1.04,medium,0.3017,0.401,False,background,58.13,56.79
MVI_39801,26,1,607,618,12,0.48,short,0.3005,0.325,False,background,164.31,163.96
MVI_39801,27,0,506,591,86,3.44,long,0.5236,0.9994,True,background,699.55,698.64
MVI_39801,28,0,521,530,10,0.4,short,0.1596,0.1807,False,background,117.53,117.44
MVI_39801,29,0,532,540,9,0.36,short,0.1783,0.1944,False,background,101.5,101.5
MVI_39801,29,1,563,651,89,3.56,long,0.3043,0.449,False,vehicle,328.79,327.16
MVI_39801,30,0,542,569,28,1.12,medium,0.3485,0.4763,False,background,58.14,57.85
MVI_39801,30,1,658,670,13,0.52,medium,0.2892,0.3566,False,background,180.25,180.19
MVI_39801,31,0,578,589,12,0.48,short,0.1724,0.197,False,background,116.44,116.36
MVI_39801,31,1,626,701,76,3.04,long,0.2494,0.3779,False,vehicle,244.74,244.33
MVI_39801,32,0,585,611,27,1.08,medium,0.3172,0.4394,False,background,58.96,58.41
MVI_39801,32,1,694,705,12,0.48,short,0.3061,0.3542,False,background,167.14,167.11
MVI_39801,33,0,591,701,111,4.44,long,0.653,0.9992,True,background,729.93,728.52
MVI_39801,34,0,638,646,9,0.36,short,0.2046,0.2304,False,background,93.48,93.47
MVI_39801,35,0,666,791,126,5.04,long,0.6669,1.0,True,background,740.2,738.47
MVI_39801,36,0,686,708,23,0.92,medium,0.2936,0.3915,False,background,55.84,54.59
MVI_39801,36,1,782,793,12,0.48,short,0.2908,0.3731,False,background,180.67,180.18
MVI_39801,37,0,701,709,9,0.36,short,0.1957,0.2324,False,background,106.76,106.73
MVI_39801,37,1,815,831,17,0.68,medium,0.2225,0.3343,False,vehicle,25.43,25.43
MVI_39801,38,0,727,737,11,0.44,short,0.1783,0.2176,False,background,120.86,120.76
MVI_39801,39,0,752,761,10,0.4,short,0.1785,0.1999,False,background,107.61,107.61
MVI_39801,39,1,837,885,49,1.96,long,0.3066,0.3807,False,vehicle,105.72,105.43
MVI_39801,40,0,766,885,120,4.8,long,0.6248,0.9971,True,background,722.77,720.63
MVI_39801,41,0,806,822,17,0.68,medium,0.3348,0.4351,False,background,43.9,43.82
MVI_39801,41,1,879,885,7,0.28,short,0.2588,0.293,False,background,143.4,143.39
MVI_39801,42,0,859,865,7,0.28,short,0.2219,0.2652,False,background,82.58,82.46
MVI_39801,43,0,866,885,20,0.8,medium,0.6121,0.7531,True,background,100.14,99.3
MVI_39811,1,0,1,6,6,0.24,short,0.4921,0.5225,False,background,20.19,20.19
MVI_39811,2,0,1,51,51,2.04,long,0.6022,0.6871,False,background,296.63,296.18
MVI_39811,3,0,36,101,66,2.64,long,0.5176,1.0,True,background,617.05,615.98
MVI_39811,4,0,63,74,12,0.48,short,0.1336,0.1629,False,background,112.25,112.2
MVI_39811,5,0,119,129,11,0.44,short,0.1529,0.1691,False,background,109.49,109.15
MVI_39811,6,0,267,277,11,0.44,short,0.2073,0.2805,False,background,121.89,121.8
MVI_39811,7,1,572,593,22,0.88,medium,0.3618,0.9404,True,background,337.59,337.19
MVI_39811,8,0,656,673,18,0.72,medium,0.4524,0.9739,True,background,249.05,248.81
MVI_39811,9,0,770,786,17,0.68,medium,0.4082,0.9697,True,background,324.89,324.2
MVI_39821,1,0,1,17,17,0.68,medium,0.384,0.533,False,background,43.21,42.39
MVI_39821,1,1,85,91,7,0.28,short,0.234,0.3672,False,background,82.59,82.54
MVI_39821,2,0,60,61,2,0.08,short,0.1731,0.2325,False,background,24.44,24.44
MVI_39821,3,0,35,41,7,0.28,short,0.3607,0.7196,True,background,89.38,89.18
MVI_39821,4,0,78,95,18,0.72,medium,0.2491,0.324,False,background,43.16,43.08
MVI_39821,4,1,168,176,9,0.36,short,0.2911,0.5995,False,background,114.96,114.23
MVI_39821,5,0,101,103,3,0.12,short,0.1598,0.2096,False,background,18.4,18.33
MVI_39821,6,0,145,165,21,0.84,medium,0.2232,0.2708,False,background,55.25,55.17
MVI_39821,6,1,220,226,7,0.28,short,0.1746,0.2082,False,background,92.96,92.29
MVI_39821,7,0,136,142,7,0.28,short,0.2326,0.3023,False,background,34.13,33.79
MVI_39821,8,0,170,190,21,0.84,medium,0.2829,0.4099,False,background,47.17,46.99
MVI_39821,8,1,261,266,6,0.24,short,0.1963,0.2507,False,background,62.48,62.25
MVI_39821,9,0,201,225,25,1.0,medium,0.2462,0.3898,False,background,53.47,52.37
MVI_39821,9,1,298,306,9,0.36,short,0.255,0.432,False,background,110.63,109.97
MVI_39821,10,0,201,210,10,0.4,short,0.2379,0.3678,False,background,51.0,50.26
MVI_39821,11,0,242,257,16,0.64,medium,0.2255,0.3325,False,background,34.17,34.13
MVI_39821,11,1,330,336,7,0.28,short,0.2232,0.3411,False,background,85.44,85.15
MVI_39821,12,0,316,324,9,0.36,short,0.2068,0.2723,False,background,50.92,50.73
MVI_39821,13,0,358,409,52,2.08,long,0.1401,0.1734,False,background,113.42,111.87
MVI_39821,13,1,465,501,37,1.48,medium,0.1802,0.4237,False,background,229.86,227.54
MVI_39821,14,0,419,439,21,0.84,medium,0.3197,0.4604,False,background,42.59,42.19
MVI_39821,14,1,522,526,5,0.2,short,0.2584,0.3239,False,background,65.11,64.78
MVI_39821,15,0,461,487,27,1.08,medium,0.3915,0.9938,True,background,242.02,241.84
MVI_39821,16,0,494,520,27,1.08,medium,0.3185,0.4452,False,background,50.51,49.86
MVI_39821,16,1,598,606,9,0.36,short,0.2643,0.4084,False,background,102.29,101.7
MVI_39821,17,0,481,611,131,5.24,long,0.9564,1.0,True,both,737.73,735.15
MVI_39821,18,0,496,511,16,0.64,medium,0.7567,0.9972,True,background,78.55,78.47
MVI_39821,19,0,547,564,18,0.72,medium,0.3057,0.3913,False,background,44.36,44.09
MVI_39821,19,1,639,646,8,0.32,short,0.2225,0.3204,False,background,91.32,91.19
MVI_39821,20,0,536,565,30,1.2,medium,0.4145,0.6222,False,both,49.62,48.64
MVI_39821,20,1,661,666,6,0.24,short,0.2785,0.3717,False,background,62.71,62.61
MVI_39821,21,0,619,642,24,0.96,medium,0.362,0.5024,False,background,52.36,52.27
MVI_39821,21,1,719,726,8,0.32,short,0.1805,0.2471,False,background,82.71,82.68
MVI_39821,22,0,616,713,98,3.92,long,0.525,0.9974,True,background,627.5,626.02
MVI_39821,23,0,621,721,101,4.04,long,0.9675,1.0,True,both,701.15,700.12
MVI_39821,24,0,681,698,18,0.72,medium,0.2509,0.3968,False,background,52.13,49.93
MVI_39821,24,1,702,722,21,0.84,medium,0.3412,0.5621,False,vehicle,93.89,93.34
MVI_39821,24,2,759,784,26,1.04,medium,0.284,0.4847,False,vehicle,82.63,81.91
MVI_39821,25,0,732,758,27,1.08,medium,0.295,0.4092,False,background,51.1,51.05
MVI_39821,25,1,851,861,11,0.44,short,0.2022,0.2905,False,background,103.8,103.1
MVI_39821,26,0,701,719,19,0.76,medium,0.5016,0.9935,True,background,202.37,202.04
MVI_39821,26,1,729,734,6,0.24,short,0.1305,0.1383,False,background,36.75,36.72
MVI_39821,26,2,745,757,13,0.52,medium,0.1677,0.2268,False,background,56.68,56.59
MVI_39821,27,0,736,775,40,1.6,long,0.4624,0.9992,True,background,390.12,389.4
MVI_39821,28,0,787,810,24,0.96,medium,0.2282,0.2945,False,background,50.45,49.69
MVI_39821,29,0,766,814,49,1.96,long,0.3601,0.5937,False,vehicle,270.0,267.62
MVI_39821,30,0,776,818,43,1.72,long,0.3229,0.9979,True,background,361.37,360.95
MVI_39821,31,0,800,823,24,0.96,medium,0.256,0.3311,False,background,48.21,47.64
MVI_39821,32,0,826,833,8,0.32,short,0.2212,0.2982,False,background,37.27,37.0
MVI_39821,33,0,866,880,15,0.6,medium,0.7864,0.9972,True,background,183.87,183.81
MVI_39821,34,0,876,880,5,0.2,short,0.351,0.4549,False,background,19.79,19.79
MVI_39851,13,0,521,531,11,0.44,short,0.2453,0.3183,False,vehicle,10.64,7.25
MVI_39851,18,0,671,781,111,4.44,long,0.262,0.36,False,vehicle,491.22,478.84
MVI_39851,20,0,1121,1126,6,0.24,short,0.1216,0.1285,False,vehicle,0.0,0.0
MVI_39851,20,1,1219,1229,11,0.44,short,0.1449,0.1631,False,vehicle,12.48,5.25
MVI_39851,24,0,896,938,43,1.72,long,0.1643,0.2109,False,vehicle,19.81,11.48
MVI_39851,32,0,1284,1354,71,2.84,long,0.2782,0.4382,False,vehicle,58.8,51.53
MVI_39851,32,1,1359,1362,4,0.16,short,0.1196,0.1362,False,vehicle,4.13,4.12
MVI_39851,35,0,1261,1357,97,3.88,long,0.1762,0.2543,False,vehicle,44.55,37.55
MVI_39861,1,0,23,48,26,1.04,medium,0.1744,0.2483,False,vehicle,20.25,7.82
MVI_39861,1,1,169,241,73,2.92,long,0.4603,0.9624,True,background,332.65,321.61
MVI_39861,2,0,1,11,11,0.44,short,0.4339,0.6958,False,background,103.4,102.81
MVI_39861,3,0,1,96,96,3.84,long,0.6644,0.9581,True,background,492.64,476.21
MVI_39861,4,0,1,71,71,2.84,long,0.6935,1.0,True,both,637.54,632.92
MVI_39861,5,0,152,182,31,1.24,medium,0.5365,1.0,True,background,50.67,50.33
MVI_39861,5,1,189,192,4,0.16,short,0.1209,0.152,False,background,6.51,6.51
MVI_39861,5,2,259,281,23,0.92,medium,0.5463,0.997,True,background,248.04,247.41
MVI_39861,6,0,279,324,46,1.84,long,0.2511,0.4234,False,background,60.12,58.83
MVI_39861,7,0,406,416,11,0.44,short,0.1609,0.2074,False,background,105.74,105.13
MVI_39861,7,1,420,421,2,0.08,short,0.1056,0.1088,False,background,11.45,11.45
MVI_39861,7,2,441,447,7,0.28,short,0.1171,0.1288,False,background,36.61,36.61
MVI_39861,7,4,484,521,38,1.52,long,0.2353,0.3878,False,background,75.31,74.89
MVI_39861,7,6,529,565,37,1.48,medium,0.4778,0.8845,True,background,39.68,35.34
MVI_39861,8,0,499,542,44,1.76,long,0.2708,0.3658,False,background,53.14,52.04
MVI_39861,8,1,650,652,3,0.12,short,0.1062,0.1109,False,vehicle,3.56,3.47
MVI_39861,9,0,556,591,36,1.44,medium,0.6127,0.9952,True,background,55.75,55.33
MVI_39861,9,1,644,655,12,0.48,short,0.1711,0.2443,False,both,67.39,67.36
MVI_39861,9,2,670,691,22,0.88,medium,0.6312,0.997,True,background,267.99,266.37
MVI_39861,11,0,633,658,26,1.04,medium,0.575,0.983,True,background,46.08,45.7
MVI_39861,11,1,730,745,16,0.64,medium,0.6236,0.9938,True,background,230.35,228.36
MVI_39861,12,0,561,568,8,0.32,short,0.2121,0.2675,False,vehicle,2.98,2.56
MVI_39861,12,1,573,701,129,5.16,long,0.5423,0.9988,True,background,708.55,705.29
MVI_39861,13,0,737,745,9,0.36,short,0.2062,0.3549,False,background,8.52,8.35
MVI_39931,4,0,1,54,54,2.16,long,0.4835,0.6711,False,background,261.01,259.49
MVI_39931,4,1,142,181,40,1.6,long,0.749,1.0,True,background,100.16,98.98
MVI_39931,5,0,66,86,21,0.84,medium,0.538,0.7951,True,vehicle,120.17,117.75
MVI_39931,10,0,1,105,105,4.2,long,0.2397,0.318,False,vehicle,75.15,64.15
MVI_39931,11,0,63,95,33,1.32,medium,0.1383,0.166,False,vehicle,21.15,13.34
MVI_39931,12,0,36,86,51,2.04,long,0.2652,0.3591,False,vehicle,82.72,80.29
MVI_39931,12,1,100,201,102,4.08,long,0.4338,0.947,True,vehicle,732.56,729.08
MVI_39931,13,0,310,341,32,1.28,medium,0.3402,0.5371,False,vehicle,349.21,348.54
MVI_39931,14,0,151,233,83,3.32,long,0.5504,0.6884,False,background,357.73,355.25
MVI_39931,14,1,324,361,38,1.52,long,0.6366,1.0,True,background,127.98,126.73
MVI_39931,17,0,241,311,71,2.84,long,0.4933,0.6192,False,background,352.54,350.92
MVI_39931,17,1,407,431,25,1.0,medium,0.4582,0.9759,True,background,56.19,55.44
MVI_39931,19,0,386,471,86,3.44,long,0.5468,0.7036,True,background,345.18,342.97
MVI_39931,19,1,577,611,35,1.4,medium,0.572,1.0,True,background,73.18,72.55
MVI_39931,21,0,836,884,49,1.96,long,0.4256,0.5476,False,background,298.35,297.34
MVI_39931,21,1,957,976,20,0.8,medium,0.5037,0.9458,True,background,42.18,41.76
MVI_39931,25,0,1051,1096,46,1.84,long,0.5417,0.6589,False,background,326.85,325.72
MVI_39931,25,1,1159,1181,23,0.92,medium,0.6626,0.9968,True,background,71.19,70.76
MVI_40131,1,0,157,276,120,4.8,long,0.7509,1.0,True,vehicle,59.31,16.96
MVI_40131,12,0,101,181,81,3.24,long,0.3719,0.5105,False,vehicle,75.42,70.67
MVI_40131,16,0,169,220,52,2.08,long,0.2713,0.3724,False,vehicle,51.23,28.01
MVI_40131,16,1,288,309,22,0.88,medium,0.1615,0.204,False,vehicle,31.4,30.98
MVI_40131,17,0,131,194,64,2.56,long,0.2532,0.3737,False,vehicle,69.1,64.83
MVI_40131,19,0,221,239,19,0.76,medium,0.1644,0.1922,False,vehicle,19.06,18.65
MVI_40131,19,1,687,800,114,4.56,long,0.7102,1.0,True,vehicle,6.57,6.56
MVI_40131,19,2,906,923,18,0.72,medium,0.1328,0.1461,False,vehicle,4.96,3.49
MVI_40131,19,3,929,934,6,0.24,short,0.1102,0.1215,False,vehicle,1.86,1.82
MVI_40131,19,4,943,955,13,0.52,medium,0.1302,0.1432,False,vehicle,3.02,2.73
MVI_40131,19,5,973,1044,72,2.88,long,0.1836,0.2607,False,vehicle,48.0,26.53
MVI_40131,19,6,1073,1101,29,1.16,medium,0.1736,0.2195,False,vehicle,15.27,12.11
MVI_40131,20,0,191,195,5,0.2,short,0.1381,0.1726,False,vehicle,0.95,0.95
MVI_40131,20,1,200,261,62,2.48,long,0.1794,0.2569,False,vehicle,34.99,21.09
MVI_40131,20,2,382,388,7,0.28,short,0.1076,0.1145,False,vehicle,3.45,2.73
MVI_40131,23,0,291,315,25,1.0,medium,0.1597,0.2107,False,vehicle,9.53,8.96
MVI_40131,25,0,368,544,177,7.08,long,0.3531,0.5353,False,vehicle,143.05,125.59
MVI_40131,26,0,351,434,84,3.36,long,0.2295,0.3903,False,vehicle,54.97,52.0
MVI_40131,29,0,729,830,102,4.08,long,0.2627,0.3669,False,vehicle,278.08,255.91
MVI_40131,30,0,467,475,9,0.36,short,0.1301,0.1635,False,vehicle,3.11,3.07
MVI_40131,30,1,518,568,51,2.04,long,0.1716,0.2146,False,vehicle,26.31,21.15
MVI_40131,31,0,446,469,24,0.96,medium,0.1977,0.3061,False,vehicle,10.19,8.78
MVI_40131,31,1,476,483,8,0.32,short,0.1515,0.1918,False,vehicle,4.1,3.68
MVI_40131,34,0,606,670,65,2.6,long,0.1998,0.2408,False,vehicle,37.6,26.27
MVI_40131,35,0,737,833,97,3.88,long,0.7303,1.0,True,vehicle,42.37,37.9
MVI_40131,35,1,930,955,26,1.04,medium,0.1627,0.1972,False,vehicle,12.28,8.17
MVI_40131,36,0,711,739,29,1.16,medium,0.3626,0.7088,True,vehicle,16.84,15.23
MVI_40131,37,0,711,920,210,8.4,long,0.4162,0.6543,False,vehicle,112.17,83.11
MVI_40131,37,1,977,1009,33,1.32,medium,0.1148,0.1298,False,vehicle,26.57,25.07
MVI_40131,38,0,789,839,51,2.04,long,0.2417,0.3385,False,vehicle,29.14,26.33
MVI_40131,39,0,711,810,100,4.0,long,0.2036,0.3048,False,vehicle,77.56,70.84
MVI_40131,39,1,818,872,55,2.2,long,0.1789,0.2575,False,vehicle,132.74,131.14
MVI_40131,40,0,806,924,119,4.76,long,0.2665,0.4287,False,vehicle,58.06,46.71
MVI_40131,40,1,929,939,11,0.44,short,0.1287,0.141,False,vehicle,6.38,1.93
MVI_40131,40,3,975,989,15,0.6,medium,0.1236,0.1432,False,vehicle,8.1,7.92
MVI_40131,40,4,997,1004,8,0.32,short,0.1115,0.1238,False,vehicle,5.04,4.98
MVI_40131,41,0,846,888,43,1.72,long,0.1707,0.2211,False,vehicle,19.98,14.58
MVI_40131,45,0,1101,1125,25,1.0,medium,0.258,0.3859,False,vehicle,17.85,15.47
MVI_40131,60,0,1610,1631,22,0.88,medium,0.2262,0.2879,False,vehicle,29.09,29.01
MVI_40131,62,0,1620,1645,26,1.04,medium,0.165,0.2607,False,vehicle,39.35,38.33
MVI_40131,65,0,1586,1645,60,2.4,long,0.4445,0.5301,False,vehicle,29.4,9.61
MVI_40141,8,0,133,156,24,0.96,medium,0.1906,0.2665,False,vehicle,8.3,2.53
MVI_40141,11,0,104,140,37,1.48,medium,0.2478,0.309,False,vehicle,57.4,56.74
MVI_40141,12,0,61,96,36,1.44,medium,0.249,0.369,False,vehicle,26.13,23.62
MVI_40141,13,0,91,141,51,2.04,long,0.2574,0.4688,False,vehicle,30.78,27.99
MVI_40152,1,0,13,22,10,0.4,short,0.1413,0.2021,False,background,113.61,112.61
MVI_40152,2,0,4,31,28,1.12,medium,0.267,0.401,False,vehicle,213.0,212.66
MVI_40152,3,0,1,41,41,1.64,long,0.7729,0.8646,True,background,536.97,536.69
MVI_40152,5,0,30,48,19,0.76,medium,0.303,0.4014,False,background,90.75,90.51
MVI_40152,6,0,11,31,21,0.84,medium,0.4777,0.735,True,background,39.58,39.43
MVI_40152,7,0,50,65,16,0.64,medium,0.264,0.3367,False,background,124.15,124.1
MVI_40152,8,0,104,122,19,0.76,medium,0.2778,0.3803,False,background,114.07,113.67
MVI_40152,9,0,85,102,18,0.72,medium,0.1991,0.2615,False,background,200.04,199.0
MVI_40152,10,0,175,194,20,0.8,medium,0.3003,0.3761,False,background,115.01,114.84
MVI_40152,11,0,222,242,21,0.84,medium,0.2929,0.3921,False,background,111.45,111.1
MVI_40152,12,0,239,257,19,0.76,medium,0.2275,0.2852,False,background,190.59,188.28
MVI_40152,13,0,269,291,23,0.92,medium,0.2799,0.401,False,background,117.73,117.54
MVI_40152,14,0,266,272,7,0.28,short,0.2466,0.3552,False,background,9.56,9.55
MVI_40152,15,0,306,323,18,0.72,medium,0.3462,0.4792,False,background,85.91,85.76
MVI_40152,16,0,327,346,20,0.8,medium,0.3124,0.4062,False,background,104.52,104.43
MVI_40152,16,1,372,421,50,2.0,long,0.2814,0.378,False,vehicle,67.58,66.08
MVI_40152,17,0,341,364,24,0.96,medium,0.2599,0.3422,False,background,148.76,148.72
MVI_40152,18,0,377,394,18,0.72,medium,0.3548,0.4695,False,background,82.42,82.27
MVI_40152,19,0,382,402,21,0.84,medium,0.2856,0.3917,False,background,117.94,117.71
MVI_40152,20,0,415,435,21,0.84,medium,0.3542,0.4608,False,background,85.41,84.37
MVI_40152,21,0,379,399,21,0.84,medium,0.2033,0.2693,False,background,209.55,208.28
MVI_40152,22,0,463,482,20,0.8,medium,0.3001,0.3826,False,background,94.84,94.6
MVI_40152,23,0,540,559,20,0.8,medium,0.2628,0.3292,False,background,156.67,156.24
MVI_40152,24,0,576,594,19,0.76,medium,0.3162,0.4496,False,background,85.07,84.3
MVI_40152,25,0,595,619,25,1.0,medium,0.2761,0.3749,False,background,121.27,120.39
MVI_40152,26,0,581,696,116,4.64,long,0.7101,1.0,True,background,777.5,776.3
MVI_40152,27,0,636,658,23,0.92,medium,0.3137,0.4086,False,background,107.61,106.8
MVI_40152,27,1,716,717,2,0.08,short,0.1245,0.1324,False,vehicle,1.44,1.44
MVI_40152,27,2,724,741,18,0.72,medium,0.2444,0.3459,False,vehicle,15.37,14.79
MVI_40152,28,0,641,656,16,0.64,medium,0.2232,0.2834,False,background,171.81,171.78
MVI_40152,29,0,690,710,21,0.84,medium,0.3643,0.49,False,background,82.97,82.38
MVI_40152,30,0,668,685,18,0.72,medium,0.277,0.352,False,background,126.48,126.44
MVI_40152,31,0,711,728,18,0.72,medium,0.5074,0.6477,False,background,42.55,42.45
MVI_40152,32,0,794,816,23,0.92,medium,0.3951,0.5321,False,background,84.73,83.8
MVI_40152,32,1,828,850,23,0.92,medium,0.1802,0.2769,False,vehicle,40.79,40.4
MVI_40152,33,0,801,817,17,0.68,medium,0.3113,0.4224,False,background,115.85,115.52
MVI_40152,34,0,822,835,14,0.56,medium,0.2721,0.3453,False,background,114.9,114.79
MVI_40152,35,0,860,879,20,0.8,medium,0.2364,0.3011,False,background,153.73,153.44
MVI_40152,36,0,898,922,25,1.0,medium,0.3,0.4101,False,background,118.22,117.89
MVI_40152,37,0,930,954,25,1.0,medium,0.3396,0.4874,False,background,95.5,95.06
MVI_40152,38,0,958,977,20,0.8,medium,0.2673,0.3447,False,background,119.1,118.62
MVI_40152,39,0,1020,1040,21,0.84,medium,0.265,0.3454,False,background,125.97,125.63
MVI_40152,40,0,1136,1154,19,0.76,medium,0.2776,0.3492,False,background,114.42,114.18
MVI_40152,41,0,1245,1267,23,0.92,medium,0.2624,0.3334,False,background,143.59,143.37
MVI_40152,42,0,1286,1305,20,0.8,medium,0.2873,0.3717,False,background,109.8,109.07
MVI_40152,42,1,1350,1386,37,1.48,medium,0.2831,0.4272,False,vehicle,46.29,44.29
MVI_40152,43,0,1300,1316,17,0.68,medium,0.2319,0.3123,False,background,140.82,140.62
MVI_40152,44,0,1361,1382,22,0.88,medium,0.255,0.3119,False,background,139.4,138.69
MVI_40152,45,0,1419,1458,40,1.6,long,0.1306,0.1586,False,background,184.86,176.47
MVI_40152,46,0,1611,1706,96,3.84,long,0.5746,1.0,True,background,757.62,755.68
MVI_40152,47,0,1644,1670,27,1.08,medium,0.4696,0.7333,True,background,57.77,57.69
MVI_40152,48,0,1696,1750,55,2.2,long,0.726,0.988,True,background,212.0,210.68
MVI_40152,49,0,1736,1750,15,0.6,medium,0.2936,0.397,False,background,82.39,82.05
MVI_40161,1,0,1,10,10,0.4,short,0.1212,0.1312,False,vehicle,9.06,8.99
MVI_40161,1,1,42,63,22,0.88,medium,0.1183,0.1348,False,vehicle,28.17,27.22
MVI_40161,1,3,100,106,7,0.28,short,0.1046,0.1073,False,vehicle,7.43,7.36
MVI_40161,2,0,1,4,4,0.16,short,0.1156,0.1283,False,vehicle,5.44,5.44
MVI_40161,2,1,25,57,33,1.32,medium,0.1389,0.1634,False,vehicle,67.54,66.66
MVI_40161,2,2,108,110,3,0.12,short,0.1032,0.1039,False,vehicle,0.47,0.47
MVI_40161,2,3,204,214,11,0.44,short,0.1119,0.1184,False,vehicle,4.86,2.67
MVI_40161,2,4,269,278,10,0.4,short,0.1182,0.132,False,vehicle,4.51,4.09
MVI_40161,2,5,449,455,7,0.28,short,0.1139,0.1228,False,vehicle,7.73,7.68
MVI_40161,2,6,506,541,36,1.44,medium,0.1486,0.1822,False,vehicle,45.53,44.96
MVI_40161,5,0,42,69,28,1.12,medium,0.2517,0.3438,False,vehicle,140.45,140.23
MVI_40161,6,0,41,100,60,2.4,long,0.5091,0.7232,True,background,360.38,360.01
MVI_40161,10,0,217,266,50,2.0,long,0.2861,0.4064,False,vehicle,149.06,148.73
MVI_40161,11,0,166,237,72,2.88,long,0.3914,0.6478,False,background,664.51,663.32
MVI_40161,11,1,245,282,38,1.52,long,0.2718,0.3784,False,background,89.47,88.34
MVI_40161,16,0,245,311,67,2.68,long,0.3494,0.4731,False,vehicle,544.8,544.1
MVI_40161,17,0,241,316,76,3.04,long,0.3908,0.6389,False,background,763.39,761.66
MVI_40161,28,0,526,601,76,3.04,long,0.289,0.6106,False,background,758.27,756.92
MVI_40161,30,0,571,645,75,3.0,long,0.4878,0.6504,False,background,814.41,812.52
MVI_40161,33,0,624,651,28,1.12,medium,0.3323,0.5218,False,vehicle,309.84,309.66
MVI_40161,34,0,621,704,84,3.36,long,0.352,0.6757,False,background,769.18,767.9
MVI_40161,40,0,771,835,65,2.6,long,0.4114,0.754,True,background,716.23,715.74
MVI_40161,44,0,881,943,63,2.52,long,0.434,0.7037,True,background,727.67,726.83
MVI_40161,50,0,979,1011,33,1.32,medium,0.2768,0.3827,False,vehicle,307.97,307.91
MVI_40161,51,0,971,1044,74,2.96,long,0.4704,0.7253,True,background,750.28,749.77
MVI_40161,61,0,1306,1328,23,0.92,medium,0.4105,0.6119,False,vehicle,92.12,84.62
MVI_40161,61,1,1380,1404,25,1.0,medium,0.1819,0.2408,False,vehicle,36.57,35.29
MVI_40162,3,0,11,106,96,3.84,long,0.3968,0.6269,False,background,731.51,729.3
MVI_40162,6,0,98,197,100,4.0,long,0.2289,0.3533,False,background,703.76,701.63
MVI_40162,6,2,209,215,7,0.28,short,0.206,0.3185,False,background,15.65,15.25
MVI_40162,10,0,361,434,74,2.96,long,0.2588,0.5659,False,background,705.34,704.32
MVI_40162,16,0,601,604,4,0.16,short,0.1163,0.1259,False,vehicle,42.46,42.46
MVI_40162,16,1,614,620,7,0.28,short,0.1482,0.1865,False,vehicle,54.67,54.61
MVI_40162,16,2,627,691,65,2.6,long,0.1648,0.2318,False,vehicle,232.41,232.07
MVI_40162,17,0,586,701,116,4.64,long,0.2846,0.7048,True,background,810.19,807.25
MVI_40162,21,0,661,766,106,4.24,long,0.4536,0.7796,True,background,767.08,766.37
MVI_40162,31,0,870,900,31,1.24,medium,0.1923,0.2578,False,vehicle,64.12,63.88
MVI_40162,32,0,801,813,13,0.52,medium,0.1692,0.2421,False,vehicle,22.06,21.76
MVI_40162,32,1,820,848,29,1.16,medium,0.1274,0.1601,False,vehicle,84.62,84.33
MVI_40162,32,2,852,854,3,0.12,short,0.1059,0.11,False,vehicle,9.16,9.16
MVI_40162,34,0,826,909,84,3.36,long,0.356,0.7527,True,background,739.94,739.35
MVI_40162,35,0,899,928,30,1.2,medium,0.2333,0.3377,False,vehicle,131.26,130.99
MVI_40162,37,0,876,938,63,2.52,long,0.3517,0.6171,False,background,656.59,656.09
MVI_40162,37,1,949,954,6,0.24,short,0.0949,0.1184,False,background,14.11,14.1
MVI_40162,39,0,916,966,51,2.04,long,0.8035,1.0,True,vehicle,109.23,107.99
MVI_40162,40,0,990,1018,29,1.16,medium,0.1304,0.1473,False,vehicle,109.86,108.01
MVI_40162,40,1,1050,1071,22,0.88,medium,0.1324,0.1535,False,vehicle,10.52,7.53
MVI_40162,40,2,1116,1135,20,0.8,medium,0.1163,0.132,False,vehicle,3.61,0.76
MVI_40162,40,3,1149,1166,18,0.72,medium,0.1217,0.1364,False,vehicle,8.13,3.35
MVI_40162,40,4,1242,1269,28,1.12,medium,0.1867,0.2398,False,vehicle,14.64,3.49
MVI_40162,40,5,1299,1314,16,0.64,medium,0.1288,0.1455,False,vehicle,7.16,1.28
MVI_40162,40,6,1369,1385,17,0.68,medium,0.1207,0.1331,False,vehicle,12.28,3.44
MVI_40162,40,7,1415,1435,21,0.84,medium,0.1298,0.1575,False,vehicle,9.52,5.34
MVI_40162,40,8,1449,1472,24,0.96,medium,0.1394,0.1579,False,vehicle,13.99,11.47
MVI_40162,40,9,1510,1584,75,3.0,long,0.1335,0.1806,False,vehicle,102.0,100.64
MVI_40162,40,10,1630,1666,37,1.48,medium,0.1238,0.1614,False,vehicle,43.38,40.55
MVI_40162,41,0,931,998,68,2.72,long,0.3191,0.6844,False,background,687.62,687.1
MVI_40162,41,1,1011,1013,3,0.12,short,0.0922,0.105,False,background,5.19,5.19
MVI_40162,41,2,1018,1021,4,0.16,short,0.1351,0.1437,False,background,6.53,6.53
MVI_40162,42,0,956,1006,51,2.04,long,0.5279,0.8018,True,vehicle,77.58,76.92
MVI_40162,44,0,1066,1091,26,1.04,medium,0.304,0.3738,False,vehicle,47.53,47.26
MVI_40162,46,0,1011,1093,83,3.32,long,0.3163,0.678,False,background,729.03,727.17
MVI_40162,47,0,1016,1020,5,0.2,short,0.2313,0.3887,False,vehicle,37.67,37.67
MVI_40162,50,0,1171,1201,31,1.24,medium,0.253,0.3533,False,vehicle,58.43,58.03
MVI_40162,52,0,1113,1144,32,1.28,medium,0.2845,0.4194,False,vehicle,389.48,388.4
MVI_40162,53,0,1111,1211,101,4.04,long,0.4471,0.7006,True,background,789.64,788.48
MVI_40162,54,0,1126,1186,61,2.44,long,0.8147,1.0,True,vehicle,106.55,103.08
MVI_40162,55,0,1151,1211,61,2.44,long,0.6114,1.0,True,vehicle,86.71,85.87
MVI_40162,58,0,1191,1192,2,0.08,short,0.1062,0.1093,False,vehicle,0.53,0.53
MVI_40162,58,1,1197,1261,65,2.6,long,0.5951,1.0,True,vehicle,108.52,106.62
MVI_40162,60,0,1201,1311,111,4.44,long,0.462,0.7659,True,background,790.23,788.5
MVI_40162,62,0,1261,1321,61,2.44,long,0.6395,1.0,True,vehicle,138.98,137.45
MVI_40162,65,0,1281,1358,78,3.12,long,0.4449,0.7656,True,background,711.88,709.94
MVI_40162,65,1,1362,1369,8,0.32,short,0.1157,0.1471,False,background,15.41,14.93
MVI_40162,71,0,1386,1387,2,0.08,short,0.1099,0.1135,False,vehicle,1.57,1.57
MVI_40162,72,0,1498,1526,29,1.16,medium,0.1408,0.1899,False,vehicle,61.91,61.63
MVI_40162,73,0,1421,1535,115,4.6,long,0.4928,0.828,True,background,797.27,794.74
MVI_40162,75,0,1485,1582,98,3.92,long,0.1967,0.2886,False,vehicle,450.75,449.8
MVI_40162,76,0,1471,1586,116,4.64,long,0.3657,0.7652,True,background,751.96,750.78
MVI_40162,82,0,1561,1565,5,0.2,short,0.1437,0.1905,False,vehicle,2.41,2.41
MVI_40162,82,1,1572,1581,10,0.4,short,0.1097,0.1124,False,vehicle,12.32,12.14
MVI_40162,83,0,1586,1681,96,3.84,long,0.2097,0.3198,False,vehicle,628.79,627.81
MVI_40162,88,0,1651,1724,74,2.96,long,0.326,0.6619,False,background,691.83,690.02
MVI_40171,1,0,1,26,26,1.04,medium,0.3727,0.4757,False,background,663.49,663.31
MVI_40171,6,0,36,76,41,1.64,long,0.2443,0.3577,False,vehicle,380.51,380.38
MVI_40171,7,0,36,91,56,2.24,long,0.5251,0.6057,False,background,892.53,891.82
MVI_40171,8,0,123,134,12,0.48,short,0.1158,0.135,False,vehicle,16.02,15.96
MVI_40171,8,1,163,173,11,0.44,short,0.1058,0.1125,False,vehicle,31.69,31.57
MVI_40171,8,3,216,241,26,1.04,medium,0.1166,0.1257,False,vehicle,53.8,50.77
MVI_40171,8,4,261,285,25,1.0,medium,0.1453,0.1582,False,vehicle,16.24,7.29
MVI_40171,8,5,299,316,18,0.72,medium,0.1162,0.1283,False,vehicle,0.43,0.43
MVI_40171,8,6,497,508,12,0.48,short,0.1074,0.111,False,vehicle,3.67,3.67
MVI_40171,8,7,655,686,32,1.28,medium,0.1329,0.1509,False,vehicle,81.39,80.12
MVI_40171,8,8,690,717,28,1.12,medium,0.1386,0.1539,False,vehicle,112.56,110.73
MVI_40171,8,9,736,751,16,0.64,medium,0.1351,0.1491,False,vehicle,40.01,36.99
MVI_40171,9,1,158,167,10,0.4,short,0.7106,0.9998,True,background,223.23,223.21
MVI_40171,11,0,165,191,27,1.08,medium,0.2663,0.3506,False,vehicle,177.43,177.24
MVI_40171,12,0,161,221,61,2.44,long,0.4439,0.536,False,background,934.94,934.39
MVI_40171,14,0,226,256,31,1.24,medium,0.2783,0.3828,False,vehicle,154.65,154.23
MVI_40171,15,0,226,291,66,2.64,long,0.4684,0.6165,False,background,926.76,926.06
MVI_40171,16,0,261,321,61,2.44,long,0.4533,0.6027,False,background,868.51,868.28
MVI_40171,17,0,266,276,11,0.44,short,0.1674,0.1919,False,vehicle,36.32,36.1
MVI_40171,18,0,467,675,209,8.36,long,0.1529,0.2439,False,vehicle,34.69,18.55
MVI_40171,18,1,772,782,11,0.44,short,0.1115,0.1205,False,vehicle,0.0,0.0
MVI_40171,18,2,917,920,4,0.16,short,0.1072,0.1103,False,vehicle,1.32,1.32
MVI_40171,18,3,925,928,4,0.16,short,0.1023,0.1034,False,vehicle,1.69,1.59
MVI_40171,18,4,963,966,4,0.16,short,0.1024,0.103,False,vehicle,4.35,4.35
MVI_40171,19,0,351,411,61,2.44,long,0.3574,0.4317,False,background,888.7,888.26
MVI_40171,22,0,488,556,69,2.76,long,0.3857,0.4664,False,background,885.94,885.25
MVI_40171,23,0,528,589,62,2.48,long,0.2581,0.3606,False,background,867.91,867.22
MVI_40171,25,0,596,661,66,2.64,long,0.3638,0.531,False,background,934.21,933.14
MVI_40171,26,0,621,667,47,1.88,long,0.2711,1.0,True,background,690.39,689.83
MVI_40171,27,0,621,650,30,1.2,medium,0.3432,0.4754,False,vehicle,183.37,182.86
MVI_40171,28,0,651,671,21,0.84,medium,0.2374,0.3239,False,vehicle,119.34,119.16
MVI_40171,29,0,654,706,53,2.12,long,0.418,0.5479,False,background,906.39,905.37
MVI_40171,31,0,796,821,26,1.04,medium,0.2393,0.3486,False,vehicle,261.93,261.8
MVI_40171,34,0,881,946,66,2.64,long,0.2801,0.4528,False,background,916.84,916.5
MVI_40171,35,0,916,977,62,2.48,long,0.3952,0.507,False,vehicle,787.73,787.41
MVI_40171,36,0,916,981,66,2.64,long,0.3959,0.4958,False,background,941.74,940.66
MVI_40171,38,0,966,973,8,0.32,short,0.1751,0.2633,False,vehicle,2.29,1.84
MVI_40171,39,0,1017,1086,70,2.8,long,0.4025,0.5494,False,background,920.06,919.11
MVI_40171,40,0,1128,1150,23,0.92,medium,0.1814,0.2817,False,background,565.35,565.28
MVI_40171,41,0,703,801,99,3.96,long,0.8305,1.0,True,vehicle,7.87,5.77
MVI_40171,41,1,1080,1131,52,2.08,long,0.8743,1.0,True,vehicle,2.97,2.97
MVI_40171,42,0,1,1150,1150,46.0,long,0.9499,1.0,True,background,124.45,79.23
MVI_40171,43,0,1,1150,1150,46.0,long,0.9851,1.0,True,both,97.34,70.93
MVI_40171,44,0,1,1150,1150,46.0,long,0.9863,1.0,True,both,129.95,64.83
MVI_40172,16,0,244,423,180,7.2,long,0.9338,1.0,True,both,772.67,766.35
MVI_40172,35,0,1058,1096,39,1.56,long,0.3144,0.4226,False,background,853.71,853.5
MVI_40172,36,0,1105,1141,37,1.48,medium,0.3723,0.4952,False,background,841.77,841.32
MVI_40172,40,0,1286,1314,29,1.16,medium,0.4882,0.7352,True,vehicle,304.5,304.27
MVI_40172,41,0,1288,1326,39,1.56,long,0.3595,0.4631,False,background,881.5,881.27
MVI_40172,47,0,1409,1456,48,1.92,long,0.3696,0.4716,False,background,851.33,850.76
MVI_40172,50,0,1451,1501,51,2.04,long,0.4743,0.5556,False,background,938.21,937.96
MVI_40172,51,0,1455,1464,10,0.4,short,0.176,0.2331,False,vehicle,35.61,34.93
MVI_40172,56,0,1564,1591,28,1.12,medium,0.341,0.4369,False,vehicle,541.96,541.88
MVI_40172,57,0,1554,1590,37,1.48,medium,0.2185,0.2861,False,background,753.33,753.06
MVI_40172,60,0,1628,1671,44,1.76,long,0.5556,0.8536,True,vehicle,688.48,687.99
MVI_40172,61,0,1636,1648,13,0.52,medium,0.2876,0.3593,False,vehicle,211.29,210.79
MVI_40172,63,0,1626,1671,46,1.84,long,0.4171,0.4906,False,background,837.67,837.21
MVI_40172,65,0,1680,1708,29,1.16,medium,0.3078,0.47,False,vehicle,515.2,508.49
MVI_40172,67,0,1681,1711,31,1.24,medium,0.3207,0.5437,False,vehicle,776.81,776.14
MVI_40172,79,0,2114,2227,114,4.56,long,0.6115,0.8175,True,background,643.33,638.81
MVI_40172,95,0,2512,2551,40,1.6,long,0.3905,0.5061,False,background,864.11,863.71
MVI_40172,96,0,2586,2635,50,2.0,long,0.3814,0.4774,False,background,791.32,790.43
MVI_40172,99,0,34,83,50,2.0,long,0.9117,1.0,True,vehicle,2.39,1.31
MVI_40172,99,1,364,437,74,2.96,long,0.7627,1.0,True,vehicle,0.39,0.36
MVI_40172,99,2,2208,2247,40,1.6,long,0.7195,1.0,True,vehicle,4.34,4.34
MVI_40172,100,0,1,2635,2635,105.4,long,0.9481,1.0,True,background,229.04,52.12
MVI_40172,101,0,1,2635,2635,105.4,long,0.9434,1.0,True,background,231.44,59.73
MVI_40172,102,0,1,2635,2635,105.4,long,0.9133,1.0,True,background,238.03,58.76
MVI_40172,105,0,45,96,52,2.08,long,0.9531,1.0,True,vehicle,1.09,1.09
MVI_40172,105,1,378,422,45,1.8,long,0.9671,1.0,True,vehicle,0.55,0.53
MVI_40172,105,2,426,446,21,0.84,medium,0.7854,1.0,True,vehicle,0.25,0.24
MVI_40172,105,3,2228,2266,39,1.56,long,0.7933,1.0,True,vehicle,0.29,0.29
MVI_40181,3,0,1,8,8,0.32,short,0.1425,0.1668,False,vehicle,0.0,0.0
MVI_40181,3,1,57,72,16,0.64,medium,0.1612,0.1981,False,vehicle,0.0,0.0
MVI_40181,3,2,167,173,7,0.28,short,0.1211,0.1323,False,vehicle,1.37,0.21
MVI_40181,3,3,182,197,16,0.64,medium,0.2002,0.2569,False,vehicle,4.46,1.22
MVI_40181,3,4,207,223,17,0.68,medium,0.205,0.2677,False,vehicle,10.14,7.49
MVI_40181,3,5,301,326,26,1.04,medium,0.2653,0.4399,False,vehicle,49.29,48.22
MVI_40181,8,0,155,172,18,0.72,medium,0.1534,0.1852,False,vehicle,24.54,11.91
MVI_40181,8,1,184,200,17,0.68,medium,0.1569,0.1786,False,vehicle,12.69,8.66
MVI_40181,8,2,261,285,25,1.0,medium,0.1542,0.182,False,vehicle,52.23,52.11
MVI_40181,8,3,321,342,22,0.88,medium,0.1417,0.1739,False,vehicle,56.46,56.14
MVI_40181,8,4,465,519,55,2.2,long,0.4673,0.7752,True,vehicle,0.0,0.0
MVI_40181,8,5,581,604,24,0.96,medium,0.1877,0.234,False,vehicle,0.0,0.0
MVI_40181,8,6,680,694,15,0.6,medium,0.1313,0.1486,False,vehicle,15.87,15.34
MVI_40181,8,7,725,756,32,1.28,medium,0.1935,0.267,False,vehicle,51.89,50.5
MVI_40181,11,0,71,142,72,2.88,long,0.4869,0.6933,False,background,902.16,901.14
MVI_40181,12,0,129,134,6,0.24,short,0.1201,0.1478,False,background,101.43,101.39
MVI_40181,14,0,202,221,20,0.8,medium,0.1727,0.2658,False,vehicle,108.72,108.17
MVI_40181,15,0,161,205,45,1.8,long,0.3018,0.4646,False,background,733.8,733.55
MVI_40181,18,0,191,215,25,1.0,medium,0.2495,0.3537,False,background,472.88,472.67
MVI_40181,27,0,416,463,48,1.92,long,0.247,0.4875,False,background,894.22,893.11
MVI_40181,29,0,519,530,12,0.48,short,0.1456,0.1709,False,vehicle,31.25,30.81
MVI_40181,31,0,481,531,51,2.04,long,0.47,0.5597,False,background,888.68,887.77
MVI_40181,35,0,591,648,58,2.32,long,0.3164,0.4469,False,background,922.72,922.01
MVI_40181,38,0,695,706,12,0.48,short,0.1089,0.1346,False,background,62.29,62.07
MVI_40181,40,0,676,743,68,2.72,long,0.4359,0.5681,False,background,909.14,907.83
MVI_40181,41,0,676,736,61,2.44,long,0.2451,0.4131,False,vehicle,812.83,812.01
MVI_40181,45,0,726,773,48,1.92,long,0.2605,0.4672,False,background,777.6,777.0
MVI_40181,56,0,1073,1101,29,1.16,medium,0.3693,0.5303,False,vehicle,124.16,123.33
MVI_40181,57,0,1048,1070,23,0.92,medium,0.166,0.2279,False,vehicle,102.89,101.48
MVI_40181,57,1,1201,1223,23,0.92,medium,0.1449,0.1798,False,vehicle,2.66,1.92
MVI_40181,57,2,1233,1264,32,1.28,medium,0.1818,0.2248,False,vehicle,0.0,0.0
MVI_40181,57,3,1291,1308,18,0.72,medium,0.1476,0.1602,False,vehicle,3.74,3.74
MVI_40181,57,4,1319,1340,22,0.88,medium,0.1892,0.2437,False,vehicle,0.0,0.0
MVI_40181,57,5,1443,1458,16,0.64,medium,0.1561,0.1794,False,vehicle,0.0,0.0
MVI_40181,57,6,1472,1495,24,0.96,medium,0.1788,0.2275,False,vehicle,4.22,4.22
MVI_40181,57,7,1554,1577,24,0.96,medium,0.1228,0.1407,False,vehicle,37.9,37.5
MVI_40181,57,8,1601,1611,11,0.44,short,0.1345,0.153,False,vehicle,6.76,6.49
MVI_40181,58,0,1041,1101,61,2.44,long,0.4768,0.5984,False,background,887.11,885.98
MVI_40181,60,0,1051,1055,5,0.2,short,0.2286,0.3351,False,vehicle,83.35,83.35
MVI_40181,62,0,1086,1146,61,2.44,long,0.4779,0.546,False,background,894.01,892.87
MVI_40181,65,0,1155,1174,20,0.8,medium,0.2997,0.4484,False,vehicle,313.79,313.62
MVI_40181,66,0,1151,1207,57,2.28,long,0.4733,0.6494,False,background,934.88,933.31
MVI_40181,67,0,1186,1207,22,0.88,medium,0.1987,0.2735,False,vehicle,89.51,89.35
MVI_40181,67,1,1271,1279,9,0.36,short,0.1213,0.1437,False,vehicle,9.17,9.1
MVI_40181,67,2,1293,1315,23,0.92,medium,0.1594,0.1961,False,vehicle,3.39,2.06
MVI_40181,67,3,1419,1428,10,0.4,short,0.1357,0.152,False,vehicle,0.0,0.0
MVI_40181,67,4,1448,1469,22,0.88,medium,0.1425,0.1768,False,vehicle,0.0,0.0
MVI_40181,67,5,1521,1532,12,0.48,short,0.1287,0.1463,False,vehicle,8.4,8.36
MVI_40181,67,6,1559,1590,32,1.28,medium,0.1623,0.1976,False,vehicle,77.45,77.28
MVI_40181,67,7,1629,1656,28,1.12,medium,0.1533,0.1839,False,vehicle,46.82,46.75
MVI_40181,67,8,1693,1700,8,0.32,short,0.1913,0.2558,False,vehicle,4.88,4.46
MVI_40181,68,0,1176,1223,48,1.92,long,0.6483,1.0,True,vehicle,880.44,875.68
MVI_40181,71,0,1329,1336,8,0.32,short,0.276,0.3321,False,vehicle,15.28,15.13
MVI_40181,72,0,1287,1303,17,0.68,medium,0.2805,0.3456,False,vehicle,249.47,249.47
MVI_40181,74,0,1281,1339,59,2.36,long,0.4772,0.597,False,background,900.39,899.46
MVI_40181,75,0,1331,1386,56,2.24,long,0.5327,0.6581,False,background,912.78,912.3
MVI_40181,76,0,1398,1410,13,0.52,medium,0.1218,0.1356,False,background,232.7,232.68
MVI_40181,82,0,1601,1626,26,1.04,medium,0.4389,0.6317,False,vehicle,122.25,121.73
MVI_40181,83,0,1571,1623,53,2.12,long,0.3948,0.5294,False,background,868.44,867.48
MVI_40181,84,0,1671,1676,6,0.24,short,0.2216,0.3147,False,vehicle,13.67,13.67
MVI_40181,85,0,1621,1681,61,2.44,long,0.4349,0.5675,False,background,925.25,924.28
MVI_40191,7,0,1,11,11,0.44,short,0.2415,0.2959,False,vehicle,12.69,12.59
MVI_40191,22,0,186,187,2,0.08,short,0.1126,0.1166,False,vehicle,1.19,1.19
MVI_40191,22,1,194,211,18,0.72,medium,0.1781,0.2505,False,vehicle,11.12,10.66
MVI_40191,26,0,91,112,22,0.88,medium,0.14,0.1882,False,vehicle,36.09,35.79
MVI_40191,35,0,171,202,32,1.28,medium,0.1604,0.2091,False,vehicle,36.27,35.49
MVI_40191,38,0,196,197,2,0.08,short,0.1031,0.1059,False,vehicle,1.72,1.72
MVI_40191,38,1,205,286,82,3.28,long,0.2042,0.3385,False,vehicle,378.3,375.07
MVI_40191,41,0,226,230,5,0.2,short,0.1117,0.1217,False,vehicle,3.33,3.33
MVI_40191,62,0,386,435,50,2.0,long,0.2386,0.3821,False,vehicle,65.16,64.87
MVI_40191,68,0,436,453,18,0.72,medium,0.1511,0.248,False,vehicle,14.64,14.13
MVI_40191,70,0,538,541,4,0.16,short,0.2064,0.3134,False,vehicle,31.49,31.49
MVI_40191,73,0,476,501,26,1.04,medium,0.2078,0.2835,False,vehicle,47.53,47.16
MVI_40191,81,0,690,696,7,0.28,short,0.2888,0.5268,False,vehicle,56.43,55.41
MVI_40191,85,0,569,574,6,0.24,short,0.1065,0.1133,False,vehicle,3.53,3.53
MVI_40191,85,1,578,589,12,0.48,short,0.1322,0.1676,False,vehicle,11.22,11.11
MVI_40191,85,2,647,673,27,1.08,medium,0.3336,0.4165,False,vehicle,58.72,58.67
MVI_40191,86,0,571,592,22,0.88,medium,0.1852,0.2827,False,vehicle,14.04,13.33
MVI_40191,91,0,627,667,41,1.64,long,0.2272,0.3484,False,vehicle,89.17,88.57
MVI_40191,93,0,611,650,40,1.6,long,0.2899,0.4979,False,vehicle,48.84,48.68
MVI_40191,95,0,626,636,11,0.44,short,0.1087,0.1187,False,vehicle,10.08,9.84
MVI_40191,97,0,736,738,3,0.12,short,0.1096,0.116,False,vehicle,2.78,2.78
MVI_40191,97,1,747,766,20,0.8,medium,0.187,0.3028,False,vehicle,16.04,15.89
MVI_40191,112,0,877,887,11,0.44,short,0.2837,0.2914,False,vehicle,71.53,71.52
MVI_40191,116,0,776,777,2,0.08,short,0.1338,0.1458,False,vehicle,0.63,0.63
MVI_40191,120,0,836,886,51,2.04,long,0.3034,0.3757,False,vehicle,69.56,68.16
MVI_40191,121,0,841,900,60,2.4,long,0.183,0.3214,False,vehicle,114.36,113.21
MVI_40191,123,0,846,912,67,2.68,long,0.2278,0.3987,False,vehicle,114.59,113.61
MVI_40191,129,0,891,899,9,0.36,short,0.1372,0.1502,False,vehicle,8.07,8.02
MVI_40191,136,0,946,949,4,0.16,short,0.1268,0.1447,False,vehicle,2.26,2.26
MVI_40191,136,1,953,959,7,0.28,short,0.1205,0.141,False,vehicle,5.93,5.88
MVI_40191,171,0,1335,1342,8,0.32,short,0.1065,0.1125,False,vehicle,18.08,18.08
MVI_40191,171,1,1348,1354,7,0.28,short,0.1066,0.1134,False,vehicle,11.91,11.9
MVI_40191,180,0,1481,1483,3,0.12,short,0.1053,0.1087,False,vehicle,1.63,1.63
MVI_40191,201,0,1531,1586,56,2.24,long,0.2206,0.282,False,vehicle,132.23,131.87
MVI_40191,204,0,1706,1707,2,0.08,short,0.1072,0.1103,False,vehicle,0.92,0.92
MVI_40191,204,1,1713,1719,7,0.28,short,0.1486,0.1903,False,vehicle,4.88,4.55
MVI_40191,214,0,1761,1762,2,0.08,short,0.1024,0.1034,False,vehicle,0.43,0.43
MVI_40191,214,1,1767,1775,9,0.36,short,0.1298,0.1577,False,vehicle,5.01,4.46
MVI_40191,220,0,1797,1799,3,0.12,short,0.1058,0.1101,False,vehicle,1.36,1.36
MVI_40191,222,0,1798,1836,39,1.56,long,0.2096,0.2958,False,vehicle,41.32,39.6
MVI_40191,223,0,1817,1851,35,1.4,medium,0.1848,0.2931,False,vehicle,25.03,24.12
MVI_40191,231,0,1850,1876,27,1.08,medium,0.2589,0.379,False,vehicle,36.36,35.82
MVI_40191,232,0,1854,1936,83,3.32,long,0.355,0.5406,False,vehicle,98.77,97.85
MVI_40191,237,0,1959,1961,3,0.12,short,0.1176,0.1283,False,vehicle,1.09,1.09
MVI_40191,240,0,1817,1844,28,1.12,medium,0.1336,0.1627,False,vehicle,45.71,44.72
MVI_40191,240,1,1850,1863,14,0.56,medium,0.1405,0.1614,False,vehicle,34.8,34.7
MVI_40191,241,0,1831,1891,61,2.44,long,0.421,0.637,False,vehicle,188.74,187.7
MVI_40191,242,0,1911,1971,61,2.44,long,0.2027,0.3073,False,vehicle,64.98,64.23
MVI_40191,260,0,2006,2007,2,0.08,short,0.1012,0.1016,False,vehicle,2.48,2.48
MVI_40191,260,2,2034,2039,6,0.24,short,0.1036,0.1072,False,vehicle,7.96,7.94
MVI_40191,260,3,2043,2046,4,0.16,short,0.1089,0.1143,False,vehicle,4.62,4.62
MVI_40191,261,0,1971,2009,39,1.56,long,0.2135,0.3041,False,vehicle,43.14,42.6
MVI_40191,263,0,2089,2151,63,2.52,long,0.2161,0.311,False,vehicle,68.58,67.77
MVI_40191,272,0,2051,2085,35,1.4,medium,0.3599,0.4864,False,vehicle,54.19,53.4
MVI_40191,273,0,2066,2124,59,2.36,long,0.3007,0.4915,False,vehicle,111.58,110.95
MVI_40191,275,0,2109,2138,30,1.2,medium,0.1623,0.2177,False,vehicle,42.56,41.47
MVI_40191,279,0,2131,2134,4,0.16,short,0.1126,0.1224,False,vehicle,9.5,9.5
MVI_40191,279,1,2139,2189,51,2.04,long,0.1205,0.1521,False,vehicle,85.68,85.3
MVI_40191,279,2,2197,2201,5,0.2,short,0.1213,0.1408,False,vehicle,5.43,5.43
MVI_40191,282,0,2101,2111,11,0.44,short,0.1882,0.2248,False,vehicle,9.23,9.21
MVI_40191,292,0,2302,2331,30,1.2,medium,0.2074,0.3477,False,vehicle,30.24,29.39
MVI_40191,299,0,2251,2254,4,0.16,short,0.1552,0.1979,False,vehicle,8.52,8.52
MVI_40191,302,0,2266,2267,2,0.08,short,0.108,0.1121,False,vehicle,1.05,1.05
MVI_40191,302,1,2274,2278,5,0.2,short,0.1185,0.1327,False,vehicle,6.99,6.99
MVI_40191,304,0,2395,2416,22,0.88,medium,0.1372,0.1729,False,vehicle,17.08,16.7
MVI_40191,318,0,2484,2490,7,0.28,short,0.1422,0.1768,False,vehicle,5.22,4.77
MVI_40191,326,0,2411,2479,69,2.76,long,0.141,0.183,False,vehicle,214.47,211.99
MVI_40192,18,0,117,126,10,0.4,short,0.2179,0.2928,False,vehicle,7.5,7.12
MVI_40192,30,0,106,178,73,2.92,long,0.1578,0.2611,False,vehicle,194.3,192.1
MVI_40192,40,0,247,261,15,0.6,medium,0.2682,0.4414,False,vehicle,162.85,162.58
MVI_40192,42,0,327,346,20,0.8,medium,0.1942,0.2768,False,vehicle,14.25,13.78
MVI_40192,49,0,337,386,50,2.0,long,0.2416,0.3649,False,vehicle,53.32,51.01
MVI_40192,61,0,442,451,10,0.4,short,0.1348,0.1476,False,vehicle,10.74,10.73
MVI_40192,87,0,570,581,12,0.48,short,0.1309,0.1495,False,vehicle,17.26,16.98
MVI_40192,109,0,727,743,17,0.68,medium,0.1609,0.1943,False,vehicle,51.2,50.79
MVI_40192,121,0,855,871,17,0.68,medium,0.2194,0.2766,False,vehicle,15.82,15.65
MVI_40192,128,0,920,942,23,0.92,medium,0.1941,0.252,False,vehicle,34.51,33.24
MVI_40192,132,0,884,909,26,1.04,medium,0.2364,0.3619,False,vehicle,39.42,34.45
MVI_40192,134,0,866,905,40,1.6,long,0.2151,0.2985,False,vehicle,90.69,88.82
MVI_40192,147,0,946,965,20,0.8,medium,0.2034,0.3061,False,vehicle,22.57,22.41
MVI_40192,155,0,1021,1043,23,0.92,medium,0.1495,0.1821,False,vehicle,42.97,42.51
MVI_40192,158,0,1096,1098,3,0.12,short,0.1039,0.106,False,vehicle,5.63,5.63
MVI_40192,158,1,1102,1106,5,0.2,short,0.1962,0.2633,False,vehicle,9.16,9.16
MVI_40192,176,0,1240,1261,22,0.88,medium,0.1919,0.2315,False,vehicle,61.47,61.12
MVI_40192,205,0,1445,1463,19,0.76,medium,0.1606,0.1855,False,vehicle,88.29,86.68
MVI_40192,230,0,1703,1721,19,0.76,medium,0.3083,0.5545,False,vehicle,27.08,25.86
MVI_40192,231,0,1636,1656,21,0.84,medium,0.2707,0.3535,False,vehicle,21.9,21.79
MVI_40192,236,0,1661,1701,41,1.64,long,0.3337,0.432,False,vehicle,104.32,103.18
MVI_40192,240,0,1711,1750,40,1.6,long,0.1614,0.1958,False,vehicle,102.1,101.25
MVI_40192,249,0,1787,1855,69,2.76,long,0.3374,0.499,False,vehicle,200.51,198.66
MVI_40192,251,0,1771,1841,71,2.84,long,0.5485,1.0,True,vehicle,304.57,302.15
MVI_40192,252,0,1786,1836,51,2.04,long,0.1346,0.1708,False,vehicle,112.91,110.7
MVI_40192,286,0,2012,2055,44,1.76,long,0.389,0.6966,False,vehicle,83.39,81.37
MVI_40192,289,0,2066,2096,31,1.24,medium,0.2097,0.3047,False,vehicle,72.59,72.39
MVI_40192,291,0,2100,2121,22,0.88,medium,0.1572,0.3334,False,vehicle,49.1,48.35
MVI_40192,303,0,2150,2178,29,1.16,medium,0.2494,0.3555,False,vehicle,102.51,101.83
MVI_40192,307,0,2145,2184,40,1.6,long,0.214,0.3074,False,vehicle,199.68,198.31
MVI_40201,7,0,1,64,64,2.56,long,0.3486,0.5079,False,vehicle,232.46,230.76
MVI_40201,8,0,1,36,36,1.44,medium,0.6311,0.7829,True,background,114.68,113.83
MVI_40201,10,0,1,71,71,2.84,long,0.3475,0.507,False,background,396.69,396.12
MVI_40201,17,0,61,146,86,3.44,long,0.56,0.7306,True,background,627.93,625.89
MVI_40201,20,0,78,146,69,2.76,long,0.3039,0.4264,False,vehicle,431.68,431.33
MVI_40201,21,0,149,151,3,0.12,short,0.131,0.1595,False,vehicle,6.32,6.32
MVI_40201,22,0,86,166,81,3.24,long,0.3522,0.5475,False,vehicle,472.73,472.15
MVI_40201,25,0,92,158,67,2.68,long,0.3056,0.4796,False,vehicle,453.36,453.21
MVI_40201,26,0,91,111,21,0.84,medium,0.1897,0.2326,False,vehicle,43.18,43.08
MVI_40201,27,0,91,166,76,3.04,long,0.4568,0.6481,False,background,606.69,605.51
MVI_40201,28,0,91,166,76,3.04,long,0.3066,0.4249,False,vehicle,575.29,574.45
MVI_40201,30,0,116,156,41,1.64,long,0.3373,0.4802,False,vehicle,116.74,116.16
MVI_40201,32,0,136,201,66,2.64,long,0.2995,0.3987,False,vehicle,538.15,537.59
MVI_40201,33,0,136,216,81,3.24,long,0.6149,0.7298,True,background,616.81,615.02
MVI_40201,37,0,186,276,91,3.64,long,0.6384,0.7819,True,background,660.52,658.66
MVI_40201,40,0,216,301,86,3.44,long,0.4684,0.5706,False,background,668.59,666.96
MVI_40201,42,0,264,278,15,0.6,medium,0.1599,0.1889,False,vehicle,45.8,45.5
MVI_40201,44,0,251,299,49,1.96,long,0.2435,0.4614,False,background,488.64,487.69
MVI_40201,44,1,303,324,22,0.88,medium,0.1404,0.1735,False,background,79.51,79.21
MVI_40201,47,0,283,308,26,1.04,medium,0.2563,0.368,False,vehicle,275.88,275.64
MVI_40201,48,0,281,356,76,3.04,long,0.8042,0.9474,True,background,656.65,653.38
MVI_40201,51,0,356,396,41,1.64,long,0.3379,0.599,False,vehicle,152.34,152.03
MVI_40201,52,0,408,416,9,0.36,short,0.1405,0.2215,False,vehicle,19.95,19.43
MVI_40201,54,0,321,406,86,3.44,long,0.5801,0.721,True,background,665.09,663.9
MVI_40201,55,0,370,411,42,1.68,long,0.3209,0.5498,False,vehicle,186.9,186.75
MVI_40201,57,0,341,431,91,3.64,long,0.7385,0.8903,True,background,639.51,638.05
MVI_40201,60,0,351,389,39,1.56,long,0.3397,0.5025,False,vehicle,343.05,342.44
MVI_40201,60,1,445,448,4,0.16,short,0.1073,0.1145,False,vehicle,8.32,8.28
MVI_40201,61,0,361,431,71,2.84,long,0.187,0.2783,False,vehicle,473.84,473.45
MVI_40201,62,0,371,471,101,4.04,long,0.7524,0.9328,True,background,634.08,632.96
MVI_40201,69,0,517,571,55,2.2,long,0.2616,0.3504,False,vehicle,225.61,225.05
MVI_40201,70,0,486,586,101,4.04,long,0.2118,0.2877,False,vehicle,746.99,746.21
MVI_40201,72,0,491,581,91,3.64,long,0.7023,0.855,True,background,648.8,647.85
MVI_40201,78,0,631,656,26,1.04,medium,0.2383,0.2582,False,vehicle,433.37,433.24
MVI_40201,80,0,575,582,8,0.32,short,0.1103,0.1192,False,background,89.56,89.26
MVI_40201,80,1,592,666,75,3.0,long,0.32,0.4657,False,both,393.14,392.9
MVI_40201,81,0,576,601,26,1.04,medium,0.2402,0.3768,False,vehicle,235.6,235.5
MVI_40201,82,0,581,666,86,3.44,long,0.7443,0.8727,True,background,668.14,665.86
MVI_40201,85,0,647,697,51,2.04,long,0.234,0.3353,False,vehicle,201.59,201.17
MVI_40201,87,0,611,616,6,0.24,short,0.208,0.3395,False,vehicle,34.88,34.88
MVI_40201,88,0,621,706,86,3.44,long,0.6577,0.821,True,background,647.27,646.42
MVI_40201,90,0,679,726,48,1.92,long,0.2224,0.4248,False,vehicle,173.6,173.33
MVI_40201,91,0,674,740,67,2.68,long,0.2493,0.3788,False,vehicle,278.69,278.32
MVI_40201,92,0,651,726,76,3.04,long,0.5775,0.6474,False,background,619.46,618.82
MVI_40201,93,0,651,663,13,0.52,medium,0.247,0.523,False,vehicle,148.0,147.93
MVI_40201,93,1,727,741,15,0.6,medium,0.1512,0.2516,False,vehicle,42.76,42.76
MVI_40201,94,0,705,741,37,1.48,medium,0.2706,0.4351,False,vehicle,130.91,130.64
MVI_40201,98,0,671,756,86,3.44,long,0.7231,0.811,True,background,626.0,624.5
MVI_40201,102,0,706,791,86,3.44,long,0.5751,0.7406,True,background,634.66,632.38
MVI_40201,104,0,746,803,58,2.32,long,0.1655,0.2092,False,vehicle,384.9,384.6
MVI_40201,104,1,809,814,6,0.24,short,0.1066,0.1131,False,vehicle,16.3,16.3
MVI_40201,107,0,762,798,37,1.48,medium,0.2344,0.3431,False,vehicle,222.52,222.31
MVI_40201,108,0,818,836,19,0.76,medium,0.1654,0.2865,False,vehicle,58.52,58.27
MVI_40201,110,0,771,851,81,3.24,long,0.6761,0.7869,True,background,651.5,649.88
MVI_40201,117,0,889,925,37,1.48,medium,0.2398,0.3075,False,vehicle,428.76,428.7
MVI_40201,121,0,861,925,65,2.6,long,0.6021,0.721,True,background,553.36,552.9
MVI_40201,126,0,911,925,15,0.6,medium,0.4478,0.5343,False,vehicle,154.38,154.28
MVI_40204,6,0,1,86,86,3.44,long,0.5714,0.7002,True,background,321.35,319.94
MVI_40204,9,0,1,66,66,2.64,long,0.4363,0.564,False,vehicle,182.09,181.42
MVI_40204,10,0,45,76,32,1.28,medium,0.3304,0.5662,False,vehicle,55.44,55.19
MVI_40204,11,0,21,51,31,1.24,medium,0.2444,0.2915,False,vehicle,56.75,56.49
MVI_40204,12,0,1,16,16,0.64,medium,0.6785,0.8448,True,background,40.45,39.64
MVI_40204,15,0,11,146,136,5.44,long,0.497,0.9106,True,background,817.76,815.48
MVI_40204,27,0,111,221,111,4.44,long,0.5342,0.8476,True,background,750.97,748.72
MVI_40204,30,0,197,267,71,2.84,long,0.3582,0.6624,False,vehicle,201.11,199.7
MVI_40204,34,0,225,227,3,0.12,short,0.1094,0.1187,False,vehicle,10.01,9.96
MVI_40204,34,1,234,258,25,1.0,medium,0.1494,0.1953,False,vehicle,93.56,93.17
MVI_40204,34,2,267,291,25,1.0,medium,0.1978,0.3098,False,both,62.81,61.99
MVI_40204,35,0,181,311,131,5.24,long,0.7623,1.0,True,background,762.21,759.52
MVI_40204,36,0,245,296,52,2.08,long,0.1776,0.294,False,vehicle,165.3,164.02
MVI_40204,39,0,280,301,22,0.88,medium,0.159,0.2076,False,vehicle,57.09,56.66
MVI_40204,40,0,279,317,39,1.56,long,0.239,0.3734,False,vehicle,108.96,107.86
MVI_40204,46,0,241,381,141,5.64,long,0.6015,0.7994,True,background,805.51,803.04
MVI_40204,49,0,305,350,46,1.84,long,0.2497,0.3756,False,vehicle,202.5,202.02
MVI_40204,50,0,281,401,121,4.84,long,0.3481,0.4315,False,vehicle,722.59,721.06
MVI_40204,51,0,281,411,131,5.24,long,0.7387,0.9821,True,background,747.53,745.52
MVI_40204,52,0,300,301,2,0.08,short,0.1036,0.1053,False,vehicle,11.65,11.65
MVI_40204,60,0,326,456,131,5.24,long,0.7707,0.9459,True,background,753.08,750.35
MVI_40204,63,0,365,403,39,1.56,long,0.3249,0.4433,False,vehicle,345.62,345.26
MVI_40204,64,0,362,491,130,5.2,long,0.3334,0.4618,False,vehicle,754.01,751.98
MVI_40204,65,0,361,501,141,5.64,long,0.6306,0.9686,True,background,796.84,795.33
MVI_40204,67,0,484,541,58,2.32,long,0.2782,0.3598,False,vehicle,144.79,144.2
MVI_40204,68,0,532,546,15,0.6,medium,0.25,0.2534,False,vehicle,28.7,28.61
MVI_40204,71,0,446,561,116,4.64,long,0.6464,1.0,True,background,747.54,745.63
MVI_40204,72,0,489,521,33,1.32,medium,0.2684,0.3835,False,vehicle,216.02,215.96
MVI_40204,73,0,471,606,136,5.44,long,0.6496,0.8508,True,background,746.28,742.49
MVI_40204,74,0,476,591,116,4.64,long,0.3001,0.4571,False,vehicle,742.07,739.19
MVI_40204,78,0,608,626,19,0.76,medium,0.2112,0.2927,False,vehicle,45.32,45.29
MVI_40204,81,0,511,651,141,5.64,long,0.6015,0.9614,True,background,756.15,754.56
MVI_40204,82,0,596,603,8,0.32,short,0.1082,0.1124,False,vehicle,22.46,22.46
MVI_40204,82,1,612,651,40,1.6,long,0.1459,0.2113,False,vehicle,87.72,87.52
MVI_40204,85,0,551,691,141,5.64,long,0.739,1.0,True,background,753.4,751.45
MVI_40204,86,0,593,706,114,4.56,long,0.3125,0.4966,False,vehicle,483.21,481.73
MVI_40204,88,0,576,721,146,5.84,long,0.5862,0.9657,True,background,789.7,786.5
MVI_40204,90,0,601,746,146,5.84,long,0.7459,1.0,True,background,774.78,772.52
MVI_40204,92,0,611,651,41,1.64,long,0.2695,0.5656,False,vehicle,373.44,372.77
MVI_40204,93,0,640,751,112,4.48,long,0.3403,0.5608,False,vehicle,460.06,458.83
MVI_40204,96,0,679,760,82,3.28,long,0.2345,0.3418,False,vehicle,277.61,276.16
MVI_40204,98,0,641,796,156,6.24,long,0.7258,1.0,True,background,780.82,778.12
MVI_40204,99,0,646,656,11,0.44,short,0.2054,0.4975,False,vehicle,115.66,114.68
MVI_40204,106,0,696,746,51,2.04,long,0.3308,0.4677,False,vehicle,431.8,431.36
MVI_40204,106,1,752,821,70,2.8,long,0.2442,0.3359,False,vehicle,205.53,205.01
MVI_40204,108,0,716,866,151,6.04,long,0.6991,0.9008,True,background,764.47,762.19
MVI_40204,110,0,787,861,75,3.0,long,0.56,0.7992,True,vehicle,215.1,214.06
MVI_40204,112,0,737,776,40,1.6,long,0.2225,0.3318,False,vehicle,45.15,42.86
MVI_40204,115,0,771,841,71,2.84,long,0.157,0.2227,False,vehicle,334.59,333.86
MVI_40204,115,1,848,851,4,0.16,short,0.1081,0.1143,False,vehicle,6.08,6.08
MVI_40204,116,0,751,896,146,5.84,long,0.7591,0.9442,True,background,750.14,747.41
MVI_40204,117,0,863,893,31,1.24,medium,0.2578,0.4563,False,vehicle,64.2,63.61
MVI_40204,117,1,898,906,9,0.36,short,0.4753,0.5599,False,vehicle,14.75,14.66
MVI_40204,119,0,856,921,66,2.64,long,0.3142,0.8407,True,vehicle,148.67,133.04
MVI_40204,120,0,832,893,62,2.48,long,0.2519,0.4734,False,vehicle,220.19,219.36
MVI_40204,121,0,801,821,21,0.84,medium,0.2768,0.3857,False,vehicle,215.16,214.98
MVI_40204,122,0,801,941,141,5.64,long,0.6373,0.8159,True,background,738.43,736.33
MVI_40204,126,0,904,946,43,1.72,long,0.3424,0.5182,False,vehicle,105.37,104.97
MVI_40204,126,1,988,991,4,0.16,short,0.1651,0.1731,False,vehicle,4.16,4.16
MVI_40204,127,0,831,835,5,0.2,short,0.2071,0.3462,False,vehicle,27.9,27.9
MVI_40204,128,0,860,877,18,0.72,medium,0.1157,0.1294,False,both,233.55,233.45
MVI_40204,128,1,889,986,98,3.92,long,0.5258,0.9876,True,background,351.39,350.48
MVI_40204,129,0,856,1011,156,6.24,long,0.6754,0.9686,True,background,792.32,790.16
MVI_40204,133,0,939,991,53,2.12,long,0.4484,0.7846,True,vehicle,181.87,181.52
MVI_40204,135,0,962,1036,75,3.0,long,0.3076,0.4126,False,vehicle,196.56,196.31
MVI_40204,137,0,974,1036,63,2.52,long,0.3475,0.5644,False,vehicle,182.5,181.92
MVI_40204,138,0,1070,1076,7,0.28,short,0.2956,0.3383,False,vehicle,7.91,7.83
MVI_40204,142,0,947,1091,145,5.8,long,0.6602,0.8963,True,background,777.05,776.28
MVI_40204,145,0,991,1136,146,5.84,long,0.3899,0.5739,False,vehicle,820.76,819.88
MVI_40204,148,0,1032,1141,110,4.4,long,0.4725,0.7994,True,vehicle,323.41,321.79
MVI_40204,149,0,1090,1161,72,2.88,long,0.2409,0.3326,False,vehicle,143.66,141.84
MVI_40204,150,0,1001,1146,146,5.84,long,0.5797,0.8641,True,background,755.43,752.8
MVI_40204,153,0,1026,1154,129,5.16,long,0.3106,0.5184,False,vehicle,580.56,579.28
MVI_40204,154,0,1026,1053,28,1.12,medium,0.2128,0.2739,False,vehicle,277.84,277.7
MVI_40204,158,0,1051,1081,31,1.24,medium,0.3104,0.4116,False,vehicle,35.19,34.67
MVI_40204,161,0,1056,1077,22,0.88,medium,0.2947,0.6977,False,vehicle,231.19,229.54
MVI_40204,161,1,1119,1185,67,2.68,long,0.3232,0.5313,False,vehicle,176.63,175.61
MVI_40204,162,0,1056,1206,151,6.04,long,0.799,0.9962,True,background,742.81,739.85
MVI_40204,165,1,1087,1225,139,5.56,long,0.4816,0.9614,True,background,626.71,624.85
MVI_40204,168,0,1106,1225,120,4.8,long,0.6508,0.9316,True,background,707.06,705.18
MVI_40204,173,0,1161,1225,65,2.6,long,0.6196,0.7359,True,background,526.21,525.15
MVI_40204,177,0,1206,1225,20,0.8,medium,0.4398,0.5228,False,background,235.76,234.99
MVI_40211,1,0,1,15,15,0.6,medium,0.5487,0.6544,False,background,302.54,302.45
MVI_40211,4,0,21,44,24,0.96,medium,0.4103,0.532,False,background,425.94,425.76
MVI_40211,7,0,65,71,7,0.28,short,0.1894,0.2493,False,background,151.34,149.98
MVI_40211,9,0,66,82,17,0.68,medium,0.2724,0.4158,False,vehicle,240.5,240.4
MVI_40211,10,0,86,106,21,0.84,medium,0.2693,0.4876,False,vehicle,347.77,347.69
MVI_40211,11,0,88,104,17,0.68,medium,0.1611,0.2619,False,background,349.24,349.22
MVI_40211,14,0,120,123,4,0.16,short,0.1075,0.1155,False,vehicle,74.37,74.28
MVI_40211,15,0,101,121,21,0.84,medium,0.3238,0.4094,False,background,414.33,414.28
MVI_40211,18,0,141,146,6,0.24,short,0.4259,0.5071,False,background,78.4,78.4
MVI_40211,20,0,156,172,17,0.68,medium,0.5176,0.6375,False,background,399.44,399.2
MVI_40211,23,0,173,176,4,0.16,short,0.3061,0.3782,False,background,65.66,65.65
MVI_40211,25,0,236,241,6,0.24,short,0.3371,0.4489,False,background,113.9,113.9
MVI_40211,28,0,266,286,21,0.84,medium,0.5377,0.6512,False,background,403.89,403.49
MVI_40211,33,0,311,316,6,0.24,short,0.3706,0.5443,False,background,108.38,108.38
MVI_40211,38,0,361,379,19,0.76,medium,0.4097,0.4975,False,background,403.62,403.59
MVI_40211,42,0,386,421,36,1.44,medium,0.4729,0.7496,True,vehicle,702.07,701.93
MVI_40211,43,0,402,404,3,0.12,short,0.1324,0.1448,False,background,54.05,54.05
MVI_40211,48,0,456,477,22,0.88,medium,0.3223,0.4801,False,vehicle,335.95,335.84
MVI_40211,54,0,545,551,7,0.28,short,0.1881,0.2269,False,vehicle,167.73,167.72
MVI_40211,56,0,531,542,12,0.48,short,0.4361,0.5185,False,background,386.83,386.82
MVI_40211,58,0,536,541,6,0.24,short,0.2763,0.4089,False,background,130.92,130.86
MVI_40211,62,0,601,636,36,1.44,medium,0.7734,0.9575,True,vehicle,839.9,839.26
MVI_40211,63,0,601,620,20,0.8,medium,0.4156,0.5134,False,background,416.01,415.58
MVI_40211,69,0,689,693,5,0.2,short,0.1464,0.2223,False,background,81.29,81.21
MVI_40211,70,0,711,730,20,0.8,medium,0.4039,0.5096,False,background,413.65,413.52
MVI_40211,75,0,751,776,26,1.04,medium,0.2805,0.3785,False,background,443.7,442.54
MVI_40211,77,0,756,761,6,0.24,short,0.3005,0.4771,False,background,121.92,121.85
MVI_40211,78,0,786,807,22,0.88,medium,0.364,0.446,False,background,391.21,390.76
MVI_40211,82,0,841,862,22,0.88,medium,0.3778,0.4816,False,background,398.76,398.67
MVI_40211,86,0,871,911,41,1.64,long,0.3384,0.6062,False,vehicle,822.77,822.67
MVI_40211,87,0,911,916,6,0.24,short,0.2433,0.4752,False,vehicle,64.57,64.57
MVI_40211,88,0,881,903,23,0.92,medium,0.3778,0.4425,False,background,421.97,421.72
MVI_40211,88,1,915,921,7,0.28,short,0.4456,0.6911,False,vehicle,131.15,131.14
MVI_40211,90,0,901,921,21,0.84,medium,0.2456,0.3189,False,background,356.55,356.45
MVI_40211,90,1,925,929,5,0.2,short,0.1974,0.2837,False,vehicle,108.88,108.87
MVI_40211,92,0,936,959,24,0.96,medium,0.4608,0.562,False,background,402.63,402.39
MVI_40211,94,0,945,951,7,0.28,short,0.242,0.3546,False,background,136.91,136.88
MVI_40211,98,0,986,1041,56,2.24,long,0.3253,0.5118,False,vehicle,838.26,838.03
MVI_40211,99,0,986,1005,20,0.8,medium,0.3479,0.4194,False,background,406.48,406.37
MVI_40211,102,0,991,995,5,0.2,short,0.239,0.4327,False,vehicle,41.04,41.0
MVI_40211,104,0,1016,1026,11,0.44,short,0.2319,0.2679,False,vehicle,405.01,404.89
MVI_40211,106,0,1031,1049,19,0.76,medium,0.4993,0.5979,False,background,411.03,410.93
MVI_40211,107,0,1031,1041,11,0.44,short,0.2141,0.2741,False,vehicle,111.39,110.39
MVI_40211,110,0,1062,1066,5,0.2,short,0.2736,0.4206,False,background,129.25,129.25
MVI_40211,111,0,1061,1080,20,0.8,medium,0.3955,0.5028,False,background,427.92,427.81
MVI_40211,112,0,1061,1071,11,0.44,short,0.3499,0.4818,False,vehicle,122.02,121.86
MVI_40211,113,0,1066,1076,11,0.44,short,0.3275,0.5708,False,vehicle,107.03,107.01
MVI_40211,116,0,1091,1096,6,0.24,short,0.3541,0.5641,False,background,136.61,136.53
MVI_40211,119,0,1131,1150,20,0.8,medium,0.4003,0.4715,False,background,406.56,406.49
MVI_40211,120,0,1169,1196,28,1.12,medium,0.2879,0.45,False,vehicle,509.92,509.67
MVI_40211,121,0,1189,1196,8,0.32,short,0.2228,0.3972,False,vehicle,156.06,156.04
MVI_40211,122,0,1151,1156,6,0.24,short,0.2731,0.41,False,background,128.59,128.48
MVI_40211,125,0,1166,1185,20,0.8,medium,0.49,0.5966,False,background,416.54,416.31
MVI_40211,126,0,1193,1226,34,1.36,medium,0.3138,0.4887,False,vehicle,574.67,574.49
MVI_40211,127,0,1180,1183,4,0.16,short,0.1314,0.1584,False,background,75.65,74.5
MVI_40211,130,0,1206,1225,20,0.8,medium,0.1672,0.2256,False,vehicle,623.9,623.56
MVI_40211,131,0,1231,1252,22,0.88,medium,0.5603,0.6864,False,background,454.79,454.29
MVI_40211,132,0,1236,1266,31,1.24,medium,0.2499,0.2744,False,vehicle,802.66,802.59
MVI_40211,133,0,1260,1266,7,0.28,short,0.1387,0.143,False,vehicle,146.08,145.92
MVI_40211,137,0,1271,1292,22,0.88,medium,0.4358,0.5495,False,background,440.5,440.41
MVI_40211,139,0,1277,1281,5,0.2,short,0.2541,0.3693,False,background,116.43,116.42
MVI_40211,145,0,1331,1381,51,2.04,long,0.2392,0.3297,False,vehicle,856.0,855.87
MVI_40211,146,0,1336,1337,2,0.08,short,0.1358,0.1565,False,vehicle,7.44,7.44
MVI_40211,146,1,1372,1386,15,0.6,medium,0.2726,0.4287,False,vehicle,288.19,288.03
MVI_40211,148,0,1356,1386,31,1.24,medium,0.4376,0.6825,False,vehicle,691.58,691.56
MVI_40211,150,0,1356,1373,18,0.72,medium,0.4254,0.4971,False,background,385.19,385.07
MVI_40211,151,0,1365,1370,6,0.24,short,0.3227,0.4983,False,background,133.16,132.96
MVI_40211,154,0,1406,1426,21,0.84,medium,0.3993,0.501,False,background,422.13,422.02
MVI_40211,156,0,1419,1426,8,0.32,short,0.2923,0.4246,False,background,169.13,169.1
MVI_40211,157,0,1451,1473,23,0.92,medium,0.3673,0.4284,False,background,418.42,418.38
MVI_40211,158,0,1451,1468,18,0.72,medium,0.1656,0.2139,False,vehicle,226.98,226.95
MVI_40211,159,0,1471,1474,4,0.16,short,0.1374,0.1589,False,background,76.95,76.75
MVI_40211,164,0,1516,1538,23,0.92,medium,0.3563,0.4481,False,background,434.89,434.44
MVI_40211,165,0,1528,1531,4,0.16,short,0.173,0.2401,False,background,100.67,100.64
MVI_40211,167,0,1526,1533,8,0.32,short,0.1587,0.2359,False,vehicle,274.29,274.28
MVI_40211,168,0,1541,1586,46,1.84,long,0.4289,0.5694,False,vehicle,858.69,858.54
MVI_40211,171,0,1566,1589,24,0.96,medium,0.5971,0.7384,True,background,450.27,449.83
MVI_40211,172,0,1576,1581,6,0.24,short,0.2444,0.3491,False,background,139.99,139.96
MVI_40211,174,0,1601,1620,20,0.8,medium,0.4756,0.5793,False,background,402.5,402.38
MVI_40211,177,0,1631,1654,24,0.96,medium,0.4937,0.5844,False,background,447.9,447.88
MVI_40211,178,0,1636,1664,29,1.16,medium,0.3751,0.5217,False,vehicle,380.52,380.39
MVI_40211,180,0,1659,1691,33,1.32,medium,0.2529,0.4006,False,vehicle,666.06,665.94
MVI_40211,184,0,1661,1679,19,0.76,medium,0.1536,0.1944,False,vehicle,251.68,251.67
MVI_40211,184,1,1685,1687,3,0.12,short,0.1184,0.1286,False,vehicle,38.71,38.71
MVI_40211,186,0,1681,1701,21,0.84,medium,0.5467,0.7478,True,background,431.62,431.4
MVI_40211,187,0,1696,1713,18,0.72,medium,0.3505,0.5634,False,vehicle,176.38,176.29
MVI_40211,190,0,1726,1752,27,1.08,medium,0.3998,0.4884,False,background,451.12,450.85
MVI_40211,191,0,1731,1771,41,1.64,long,0.3768,0.5118,False,vehicle,849.45,849.3
MVI_40211,195,0,1776,1811,36,1.44,medium,0.1655,0.1821,False,vehicle,626.1,625.98
MVI_40211,196,0,1776,1798,23,0.92,medium,0.42,0.4974,False,background,430.66,430.53
MVI_40211,198,0,1801,1823,23,0.92,medium,0.347,0.4612,False,background,419.79,419.51
MVI_40211,201,0,1831,1855,25,1.0,medium,0.5214,0.6249,False,background,447.03,445.95
MVI_40211,203,0,1867,1871,5,0.2,short,0.263,0.3725,False,background,105.38,105.37
MVI_40211,205,0,1912,1919,8,0.32,short,0.1472,0.1791,False,vehicle,131.12,130.28
MVI_40211,207,0,1886,1906,21,0.84,medium,0.508,0.5862,False,background,423.44,423.29
MVI_40211,210,0,1921,1941,21,0.84,medium,0.2751,0.3362,False,background,397.36,397.22
MVI_40211,213,0,1931,1950,20,0.8,medium,0.431,0.5109,False,vehicle,263.88,263.78
MVI_40212,3,0,1,14,14,0.56,medium,0.3594,0.4555,False,background,269.22,269.2
MVI_40212,5,0,11,19,9,0.36,short,0.1429,0.1722,False,vehicle,97.91,97.59
MVI_40212,6,0,26,48,23,0.92,medium,0.3983,0.5313,False,background,413.3,412.76
MVI_40212,8,0,31,66,36,1.44,medium,0.3421,0.4316,False,vehicle,842.62,842.42
MVI_40212,11,0,56,60,5,0.2,short,0.242,0.3234,False,background,87.52,87.52
MVI_40212,15,0,86,107,22,0.88,medium,0.3126,0.4187,False,background,423.19,423.09
MVI_40212,18,0,114,116,3,0.12,short,0.1827,0.2336,False,background,71.76,71.76
MVI_40212,22,0,156,174,19,0.76,medium,0.5061,0.6212,False,background,394.32,394.2
MVI_40212,23,0,188,191,4,0.16,short,0.1273,0.1379,False,vehicle,79.59,79.48
MVI_40212,26,0,186,191,6,0.24,short,0.2428,0.3517,False,background,160.27,159.75
MVI_40212,27,0,191,201,11,0.44,short,0.1818,0.2715,False,vehicle,101.83,101.79
MVI_40212,28,0,201,222,22,0.88,medium,0.3799,0.481,False,background,426.77,426.34
MVI_40212,29,0,273,276,4,0.16,short,0.2975,0.5218,False,vehicle,32.45,32.45
MVI_40212,33,0,251,306,56,2.24,long,0.2461,0.3455,False,vehicle,868.97,868.28
MVI_40212,38,0,309,333,25,1.0,medium,0.4329,0.572,False,background,415.98,414.41
MVI_40212,39,0,311,351,41,1.64,long,0.2559,0.3907,False,vehicle,765.67,764.54
MVI_40212,40,0,340,381,42,1.68,long,0.3356,0.5055,False,vehicle,637.02,636.87
MVI_40212,44,0,341,364,24,0.96,medium,0.376,0.4443,False,background,419.94,419.68
MVI_40212,48,0,366,389,24,0.96,medium,0.3942,0.517,False,background,424.34,424.03
MVI_40212,52,0,396,416,21,0.84,medium,0.502,0.61,False,vehicle,735.3,734.88
MVI_40212,53,0,410,411,2,0.08,short,0.9495,0.9955,True,background,27.1,27.1
MVI_40212,53,1,415,416,2,0.08,short,0.1213,0.1337,False,background,20.27,20.27
MVI_40212,54,0,401,430,30,1.2,medium,0.4138,0.5169,False,background,451.26,451.02
MVI_40212,57,0,436,464,29,1.16,medium,0.4733,0.5762,False,background,440.17,439.76
MVI_40212,59,0,451,484,34,1.36,medium,0.5091,0.7904,True,vehicle,381.45,380.99
MVI_40212,62,0,466,489,24,0.96,medium,0.522,0.6736,False,background,410.37,409.39
MVI_40212,62,1,505,506,2,0.08,short,0.2273,0.2935,False,vehicle,26.08,26.08
MVI_40212,64,0,476,481,6,0.24,short,0.4462,0.7068,True,background,110.96,110.87
MVI_40212,66,0,516,543,28,1.12,medium,0.4319,0.5087,False,background,451.76,451.64
MVI_40212,68,0,536,541,6,0.24,short,0.2841,0.4052,False,background,119.38,119.28
MVI_40212,71,0,541,547,7,0.28,short,0.1432,0.1656,False,vehicle,33.3,33.29
MVI_40212,71,1,551,594,44,1.76,long,0.1635,0.2181,False,vehicle,708.77,708.3
MVI_40212,71,2,600,601,2,0.08,short,0.1089,0.1135,False,vehicle,11.12,11.12
MVI_40212,74,0,566,590,25,1.0,medium,0.4818,0.6678,False,background,463.37,463.23
MVI_40212,75,0,566,583,18,0.72,medium,0.2161,0.3035,False,vehicle,212.76,212.7
MVI_40212,77,0,576,604,29,1.16,medium,0.1869,0.2486,False,vehicle,334.28,333.82
MVI_40212,77,1,610,611,2,0.08,short,0.1101,0.1135,False,vehicle,15.99,15.99
MVI_40212,78,0,593,596,4,0.16,short,0.3084,0.3743,False,background,76.08,75.85
MVI_40212,79,0,601,626,26,1.04,medium,0.4155,0.5618,False,background,462.74,462.15
MVI_40212,80,0,601,619,19,0.76,medium,0.2942,0.466,False,vehicle,217.17,216.86
MVI_40212,83,0,626,648,23,0.92,medium,0.3607,0.5233,False,background,406.74,406.25
MVI_40212,86,0,661,685,25,1.0,medium,0.4841,0.6022,False,background,432.55,431.4
MVI_40212,87,0,671,691,21,0.84,medium,0.2614,0.4201,False,vehicle,271.15,271.04
MVI_40212,88,0,666,671,6,0.24,short,0.3016,0.444,False,background,115.09,114.59
MVI_40212,89,0,671,681,11,0.44,short,0.1512,0.1714,False,vehicle,164.37,164.37
MVI_40212,92,0,696,725,30,1.2,medium,0.2921,0.4665,False,vehicle,362.94,362.74
MVI_40212,93,0,738,746,9,0.36,short,0.2707,0.7388,True,vehicle,137.49,137.49
MVI_40212,94,0,743,763,21,0.84,medium,0.2257,0.3115,False,vehicle,394.03,393.95
MVI_40212,95,0,711,731,21,0.84,medium,0.5203,0.6453,False,background,411.57,411.16
MVI_40212,97,0,716,721,6,0.24,short,0.3225,0.4309,False,background,126.11,126.11
MVI_40212,98,0,721,728,8,0.32,short,0.1769,0.3383,False,vehicle,68.01,67.95
MVI_40212,102,0,751,791,41,1.64,long,0.4893,0.7258,True,vehicle,750.75,750.31
MVI_40212,104,0,751,776,26,1.04,medium,0.4408,0.5648,False,background,459.12,458.77
MVI_40212,105,0,782,804,23,0.92,medium,0.2137,0.3266,False,background,404.49,404.43
MVI_40212,108,0,799,826,28,1.12,medium,0.3333,0.5993,False,vehicle,400.57,400.54
MVI_40212,111,0,807,832,26,1.04,medium,0.4467,0.592,False,background,436.34,435.53
MVI_40212,115,0,846,873,28,1.12,medium,0.3243,0.4378,False,background,436.34,435.84
MVI_40212,118,0,904,911,8,0.32,short,0.2355,0.2859,False,vehicle,310.88,310.53
MVI_40212,119,0,905,911,7,0.28,short,0.2308,0.3574,False,background,134.82,134.74
MVI_40212,121,0,912,933,22,0.88,medium,0.2449,0.3521,False,background,406.89,406.5
MVI_40212,131,0,981,991,11,0.44,short,0.2635,0.3578,False,vehicle,124.44,124.39
MVI_40212,132,0,981,1001,21,0.84,medium,0.5145,0.6705,False,background,440.4,439.6
MVI_40212,133,0,996,1021,26,1.04,medium,0.3186,0.3995,False,background,446.54,446.21
MVI_40212,135,0,1009,1015,7,0.28,short,0.2247,0.3329,False,background,149.59,149.33
MVI_40212,136,0,1011,1056,46,1.84,long,0.79,1.0,True,vehicle,755.57,748.27
MVI_40212,139,0,1021,1045,25,1.0,medium,0.5024,0.6288,False,background,457.52,456.51
MVI_40212,140,0,1046,1067,22,0.88,medium,0.4418,0.5695,False,background,432.8,432.73
MVI_40212,142,0,1051,1056,6,0.24,short,0.122,0.1561,False,background,116.21,116.18
MVI_40212,146,0,1086,1110,25,1.0,medium,0.3381,0.4193,False,background,432.38,431.81
MVI_40212,147,0,1136,1156,21,0.84,medium,0.3067,0.5068,False,vehicle,493.96,493.95
MVI_40212,148,0,1123,1144,22,0.88,medium,0.2692,0.365,False,background,423.04,422.77
MVI_40212,152,0,1146,1151,6,0.24,short,0.3692,0.4785,False,background,96.24,96.24
MVI_40212,156,0,1176,1195,20,0.8,medium,0.5226,0.6245,False,background,402.99,402.77
MVI_40212,159,0,1206,1226,21,0.84,medium,0.3555,0.483,False,vehicle,234.11,234.0
MVI_40212,163,0,1241,1246,6,0.24,short,0.2222,0.3025,False,background,100.66,100.66
MVI_40212,164,0,1251,1272,22,0.88,medium,0.3996,0.4989,False,background,442.89,442.46
MVI_40212,166,0,1267,1275,9,0.36,short,0.2356,0.427,False,background,163.67,162.99
MVI_40212,170,0,1311,1316,6,0.24,short,0.3147,0.3555,False,background,65.54,65.44
MVI_40212,172,0,1340,1364,25,1.0,medium,0.1934,0.2944,False,background,429.06,428.11
MVI_40212,175,0,1371,1376,6,0.24,short,0.228,0.2865,False,background,84.1,84.1
MVI_40212,178,0,1416,1437,22,0.88,medium,0.3958,0.5258,False,background,457.13,456.85
MVI_40212,179,0,1421,1441,21,0.84,medium,0.3001,0.4121,False,vehicle,261.17,261.1
MVI_40212,182,0,1441,1461,21,0.84,medium,0.2859,0.4102,False,background,425.26,425.18
MVI_40212,183,0,1463,1466,4,0.16,short,0.163,0.2326,False,background,55.81,55.81
MVI_40212,188,0,1516,1521,6,0.24,short,0.2583,0.3023,False,background,70.93,70.93
MVI_40212,189,0,1527,1541,15,0.6,medium,0.3052,0.3874,False,vehicle,397.93,397.19
MVI_40212,190,0,1521,1543,23,0.92,medium,0.5255,0.6807,False,background,470.9,470.73
MVI_40212,192,0,1540,1541,2,0.08,short,0.1192,0.1305,False,background,16.03,16.03
MVI_40212,194,0,1548,1571,24,0.96,medium,0.1729,0.2138,False,vehicle,829.75,829.61
MVI_40212,197,0,1551,1570,20,0.8,medium,0.1589,0.1936,False,vehicle,258.67,258.48
MVI_40212,198,0,1565,1572,8,0.32,short,0.1704,0.2002,False,background,123.89,123.01
MVI_40212,200,0,1591,1612,22,0.88,medium,0.2979,0.3793,False,background,429.85,429.57
MVI_40212,202,0,1616,1619,4,0.16,short,0.201,0.2701,False,background,51.56,51.56
MVI_40212,204,0,1631,1660,30,1.2,medium,0.2894,0.4726,False,vehicle,356.61,356.52
MVI_40212,205,0,1643,1676,34,1.36,medium,0.2459,0.3489,False,vehicle,754.15,753.71
MVI_40212,206,0,1636,1659,24,0.96,medium,0.3943,0.4901,False,background,431.95,431.85
MVI_40212,207,0,1636,1676,41,1.64,long,0.3258,0.3978,False,vehicle,886.34,886.2
MVI_40212,209,0,1656,1661,6,0.24,short,0.2923,0.3219,False,background,62.02,61.84
MVI_40212,210,0,1676,1682,7,0.28,short,0.1847,0.2779,False,vehicle,105.13,105.11
MVI_40212,210,1,1688,1690,3,0.12,short,0.128,0.1505,False,vehicle,42.67,42.67
MVI_40213,5,1,10,12,3,0.12,short,0.113,0.1262,False,vehicle,51.48,51.48
MVI_40213,10,0,26,31,6,0.24,short,0.3126,0.386,False,background,94.79,94.79
MVI_40213,11,0,51,71,21,0.84,medium,0.2903,0.3554,False,vehicle,315.34,315.18
MVI_40213,12,0,46,72,27,1.08,medium,0.383,0.5843,False,vehicle,531.72,531.63
MVI_40213,13,0,46,63,18,0.72,medium,0.4057,0.4934,False,background,404.53,404.29
MVI_40213,14,0,91,106,16,0.64,medium,0.3386,0.5559,False,vehicle,394.65,394.64
MVI_40213,15,0,71,91,21,0.84,medium,0.3226,0.4399,False,vehicle,287.17,287.11
MVI_40213,16,0,66,71,6,0.24,short,0.2377,0.3027,False,background,103.06,103.03
MVI_40213,17,0,71,106,36,1.44,medium,0.279,0.3569,False,vehicle,798.84,798.7
MVI_40213,20,0,76,97,22,0.88,medium,0.4084,0.5514,False,background,454.29,454.09
MVI_40213,22,0,116,141,26,1.04,medium,0.2947,0.3606,False,vehicle,744.92,744.3
MVI_40213,25,0,121,144,24,0.96,medium,0.5555,0.6696,False,background,460.2,460.13
MVI_40213,26,0,131,136,6,0.24,short,0.2059,0.2627,False,background,129.62,129.52
MVI_40213,28,0,156,162,7,0.28,short,0.2896,0.4946,False,vehicle,78.3,78.3
MVI_40213,29,0,166,171,6,0.24,short,0.3216,0.4083,False,background,76.9,76.9
MVI_40213,31,0,206,210,5,0.2,short,0.2723,0.3246,False,background,59.1,59.1
MVI_40213,36,0,241,268,28,1.12,medium,0.3902,0.465,False,background,441.4,441.26
MVI_40213,42,0,276,280,5,0.2,short,0.192,0.2605,False,background,77.61,77.61
MVI_40213,44,0,316,339,24,0.96,medium,0.4767,0.5834,False,background,438.17,437.73
MVI_40213,45,0,316,347,32,1.28,medium,0.1483,0.2355,False,vehicle,592.44,592.37
MVI_40213,45,1,354,356,3,0.12,short,0.1097,0.1164,False,vehicle,65.07,65.07
MVI_40213,48,0,346,351,6,0.24,short,0.2139,0.2609,False,background,80.37,80.37
MVI_40213,51,0,366,390,25,1.0,medium,0.5441,0.7011,True,background,440.93,440.06
MVI_40213,52,0,376,381,6,0.24,short,0.3229,0.4016,False,background,66.75,66.75
MVI_40213,56,0,387,416,30,1.2,medium,0.4292,0.6687,False,vehicle,479.18,478.59
MVI_40213,57,0,386,389,4,0.16,short,0.176,0.2785,False,vehicle,26.08,26.08
MVI_40213,57,1,399,405,7,0.28,short,0.1083,0.1181,False,vehicle,133.01,133.0
MVI_40213,58,0,391,396,6,0.24,short,0.2091,0.2332,False,background,93.63,93.56
MVI_40213,62,0,436,461,26,1.04,medium,0.5743,0.7035,True,background,455.48,454.89
MVI_40213,65,0,461,465,5,0.2,short,0.2488,0.3768,False,background,69.98,69.98
MVI_40213,67,0,482,486,5,0.2,short,0.1097,0.1203,False,vehicle,87.08,86.77
MVI_40213,68,0,481,506,26,1.04,medium,0.4571,0.5445,False,background,464.29,464.26
MVI_40213,69,0,483,485,3,0.12,short,0.1233,0.1382,False,background,25.14,25.14
MVI_40213,69,1,491,495,5,0.2,short,0.1946,0.2457,False,background,74.42,74.42
MVI_40213,70,0,509,516,8,0.32,short,0.1455,0.1592,False,vehicle,124.79,124.41
MVI_40213,76,0,536,557,22,0.88,medium,0.3662,0.4728,False,background,391.56,391.41
MVI_40213,77,0,546,566,21,0.84,medium,0.2782,0.37,False,vehicle,318.07,318.0
MVI_40213,79,0,547,551,5,0.2,short,0.3238,0.4186,False,background,104.35,104.35
MVI_40213,80,0,570,601,32,1.28,medium,0.4452,0.7529,True,vehicle,431.21,431.09
MVI_40213,80,1,613,621,9,0.36,short,0.298,0.5116,False,vehicle,118.86,118.82
MVI_40213,83,0,570,592,23,0.92,medium,0.2301,0.3268,False,background,419.52,419.47
MVI_40213,85,0,591,631,41,1.64,long,0.4668,0.7588,True,vehicle,511.42,511.37
MVI_40213,87,0,596,636,41,1.64,long,0.3369,0.4668,False,vehicle,781.57,781.33
MVI_40213,88,0,591,612,22,0.88,medium,0.3811,0.4601,False,background,422.01,421.88
MVI_40213,90,0,611,635,25,1.0,medium,0.5572,0.7047,True,background,444.21,443.53
MVI_40213,93,0,629,631,3,0.12,short,0.1232,0.1393,False,background,40.27,40.27
MVI_40213,97,0,677,686,10,0.4,short,0.2137,0.2442,False,vehicle,198.27,198.11
MVI_40213,98,0,666,704,39,1.56,long,0.4289,0.6965,False,vehicle,578.02,577.84
MVI_40213,101,0,681,703,23,0.92,medium,0.4713,0.5981,False,background,440.46,440.15
MVI_40213,103,0,716,725,10,0.4,short,0.197,0.3699,False,vehicle,110.19,110.17
MVI_40213,104,0,787,791,5,0.2,short,0.2418,0.3977,False,vehicle,40.54,40.54
MVI_40213,110,0,800,811,12,0.48,short,0.5024,0.9013,True,vehicle,218.11,218.1
MVI_40213,111,0,776,806,31,1.24,medium,0.6796,0.9149,True,vehicle,425.4,425.09
MVI_40213,112,0,771,797,27,1.08,medium,0.4718,0.5946,False,background,457.96,457.24
MVI_40213,114,0,776,811,36,1.44,medium,0.1639,0.2319,False,vehicle,741.6,740.58
MVI_40213,119,0,806,832,27,1.08,medium,0.5757,0.6822,False,background,451.23,449.79
MVI_40213,120,0,812,816,5,0.2,short,0.168,0.2228,False,background,118.93,118.89
MVI_40213,121,0,831,857,27,1.08,medium,0.5708,0.704,True,background,436.47,436.17
MVI_40213,122,0,831,871,41,1.64,long,0.3724,0.4483,False,vehicle,865.82,865.65
MVI_40213,125,0,842,846,5,0.2,short,0.2132,0.2623,False,background,91.79,91.79
MVI_40213,127,0,856,883,28,1.12,medium,0.3333,0.5182,False,vehicle,435.54,435.38
MVI_40213,128,0,856,901,46,1.84,long,0.2331,0.6052,False,vehicle,798.73,798.55
MVI_40213,129,0,876,898,23,0.92,medium,0.5221,0.6134,False,background,426.99,426.74
MVI_40213,132,0,908,911,4,0.16,short,0.1473,0.1867,False,background,55.57,55.57
MVI_40213,137,0,936,956,21,0.84,medium,0.4292,0.4977,False,background,420.73,420.6
MVI_40213,138,0,936,981,46,1.84,long,0.3192,0.3732,False,vehicle,864.16,863.99
MVI_40213,139,0,944,951,8,0.32,short,0.1359,0.205,False,background,143.12,143.11
MVI_40213,146,0,996,1036,41,1.64,long,0.4866,0.5469,False,vehicle,896.31,896.1
MVI_40213,147,0,996,1020,25,1.0,medium,0.5026,0.6437,False,background,459.51,459.41
MVI_40213,148,0,1011,1016,6,0.24,short,0.2171,0.2797,False,background,100.95,100.9
MVI_40213,150,0,1036,1056,21,0.84,medium,0.5305,0.661,False,background,433.23,433.16
MVI_40213,152,0,1051,1056,6,0.24,short,0.3099,0.3966,False,background,92.62,92.62
MVI_40213,155,0,1081,1086,6,0.24,short,0.207,0.2568,False,background,94.61,94.61
MVI_40213,157,0,1126,1131,6,0.24,short,0.1891,0.2715,False,vehicle,123.16,123.16
MVI_40213,159,0,1101,1122,22,0.88,medium,0.4227,0.5364,False,background,442.36,442.12
MVI_40213,163,0,1171,1176,6,0.24,short,0.1516,0.1888,False,background,77.0,77.0
MVI_40213,171,0,1236,1255,20,0.8,medium,0.5207,0.6736,False,background,419.39,419.25
MVI_40213,174,0,1271,1276,6,0.24,short,0.5559,0.7267,True,background,67.26,67.26
MVI_40213,175,0,1291,1309,19,0.76,medium,0.4189,0.4972,False,background,386.04,385.89
MVI_40213,181,0,1326,1347,22,0.88,medium,0.5905,0.7058,True,background,438.52,438.4
MVI_40213,182,0,1326,1331,6,0.24,short,0.3816,0.4948,False,background,74.97,74.97
MVI_40213,184,0,1384,1396,13,0.52,medium,0.2634,0.553,False,vehicle,271.46,270.6
MVI_40213,188,0,1409,1416,8,0.32,short,0.2415,0.4712,False,background,139.93,138.93
MVI_40213,189,0,1411,1431,21,0.84,medium,0.5919,0.6863,False,background,431.76,431.52
MVI_40213,195,0,1471,1493,23,0.92,medium,0.5517,0.653,False,background,435.01,434.85
MVI_40213,198,0,1506,1510,5,0.2,short,0.1702,0.2354,False,vehicle,56.73,56.73
MVI_40213,198,1,1535,1538,4,0.16,short,0.1103,0.1205,False,vehicle,77.17,77.16
MVI_40213,199,0,1526,1547,22,0.88,medium,0.5886,0.7081,True,background,434.77,434.45
MVI_40213,202,0,1577,1581,5,0.2,short,0.2455,0.4683,False,vehicle,56.8,56.8
MVI_40213,204,0,1546,1568,23,0.92,medium,0.4214,0.5213,False,background,437.96,437.92
MVI_40213,205,0,1561,1601,41,1.64,long,0.8148,1.0,True,vehicle,703.68,701.55
MVI_40213,206,0,1566,1588,23,0.92,medium,0.5986,0.7369,True,background,438.57,438.1
MVI_40213,207,0,1566,1571,6,0.24,short,0.4252,0.5611,False,background,78.21,78.21
MVI_40213,209,0,1640,1646,7,0.28,short,0.2408,0.4072,False,vehicle,94.81,94.79
MVI_40213,210,0,1596,1618,23,0.92,medium,0.4284,0.5578,False,background,412.96,412.47
MVI_40213,214,0,1631,1655,25,1.0,medium,0.5697,0.713,True,background,429.26,428.28
MVI_40213,216,0,1650,1656,7,0.28,short,0.2823,0.3843,False,background,149.29,147.78
MVI_40213,217,0,1656,1681,26,1.04,medium,0.4926,0.6123,False,background,445.22,444.54
MVI_40213,218,0,1666,1711,46,1.84,long,0.3564,0.4994,False,vehicle,823.78,823.47
MVI_40213,223,0,1701,1724,24,0.96,medium,0.4738,0.5735,False,background,425.53,425.35
MVI_40213,228,0,1754,1756,3,0.12,short,0.1805,0.2221,False,background,58.63,58.63
MVI_40213,229,0,1771,1790,20,0.8,medium,0.5611,0.646,False,background,356.45,356.25
MVI_40213,230,0,1781,1790,10,0.4,short,0.5683,0.6794,False,vehicle,115.64,115.56
MVI_40241,8,0,1,19,19,0.76,medium,0.509,0.6158,False,vehicle,220.24,219.91
MVI_40241,9,0,1,21,21,0.84,medium,0.5145,0.5898,False,vehicle,309.78,309.62
MVI_40241,10,0,1,13,13,0.52,medium,0.4495,0.5911,False,background,200.49,200.46
MVI_40241,14,0,11,63,53,2.12,long,0.409,0.5089,False,background,505.8,505.47
MVI_40241,17,0,36,85,50,2.0,long,0.4707,0.6366,False,background,506.65,506.49
MVI_40241,21,0,56,108,53,2.12,long,0.3463,0.4896,False,background,500.94,500.83
MVI_40241,24,0,76,130,55,2.2,long,0.2788,0.3186,False,background,502.22,502.04
MVI_40241,26,0,86,124,39,1.56,long,0.2057,0.3048,False,vehicle,365.5,365.47
MVI_40241,27,0,91,101,11,0.44,short,0.2303,0.2983,False,vehicle,44.38,44.38
MVI_40241,32,0,131,183,53,2.12,long,0.2837,0.3962,False,background,496.78,496.32
MVI_40241,33,0,144,178,35,1.4,medium,0.3141,0.4705,False,vehicle,241.04,240.97
MVI_40241,35,0,167,206,40,1.6,long,0.3187,0.5281,False,vehicle,271.77,271.61
MVI_40241,37,0,198,217,20,0.8,medium,0.2189,0.2484,False,vehicle,111.22,111.08
MVI_40241,38,0,181,230,50,2.0,long,0.289,0.4169,False,background,497.55,497.16
MVI_40241,41,0,201,252,52,2.08,long,0.3337,0.5294,False,background,509.17,508.95
MVI_40241,42,0,211,234,24,0.96,medium,0.2706,0.3692,False,vehicle,135.31,135.19
MVI_40241,43,0,240,261,22,0.88,medium,0.3791,0.8946,True,vehicle,253.36,253.1
MVI_40241,44,0,216,266,51,2.04,long,0.4614,0.8041,True,vehicle,535.16,534.94
MVI_40241,47,0,251,303,53,2.12,long,0.4334,0.557,False,background,521.92,521.68
MVI_40241,48,0,266,270,5,0.2,short,0.1418,0.1844,False,vehicle,17.99,17.99
MVI_40241,50,0,291,341,51,2.04,long,0.2236,0.3101,False,background,486.77,486.45
MVI_40241,51,0,296,346,51,2.04,long,0.3761,0.5327,False,vehicle,436.02,435.77
MVI_40241,54,0,326,343,18,0.72,medium,0.2672,0.3985,False,vehicle,87.26,87.22
MVI_40241,59,0,401,431,31,1.24,medium,0.5082,0.8456,True,vehicle,298.66,298.09
MVI_40241,60,0,371,428,58,2.32,long,0.4088,0.5419,False,background,525.7,525.49
MVI_40241,72,0,456,510,55,2.2,long,0.5956,0.7137,True,background,523.72,523.52
MVI_40241,74,0,486,544,59,2.36,long,0.4837,0.5979,False,background,539.84,539.62
MVI_40241,75,0,492,551,60,2.4,long,0.4432,0.6492,False,vehicle,564.55,564.05
MVI_40241,77,0,506,519,14,0.56,medium,0.1655,0.2548,False,vehicle,67.77,67.71
MVI_40241,79,0,567,586,20,0.8,medium,0.3043,0.8039,True,vehicle,289.34,288.69
MVI_40241,80,0,526,584,59,2.36,long,0.5233,0.7429,True,background,537.26,536.89
MVI_40241,84,0,596,611,16,0.64,medium,0.3256,0.7472,True,vehicle,223.02,222.33
MVI_40241,85,0,556,609,54,2.16,long,0.4075,0.5123,False,background,521.17,520.76
MVI_40241,87,0,594,611,18,0.72,medium,0.2313,0.3095,False,vehicle,256.92,256.86
MVI_40241,88,0,566,575,10,0.4,short,0.2357,0.3629,False,vehicle,34.69,34.68
MVI_40241,89,0,571,631,61,2.44,long,0.3324,0.4374,False,vehicle,524.28,524.14
MVI_40241,94,0,616,675,60,2.4,long,0.5448,0.7547,True,background,535.85,535.51
MVI_40241,95,0,675,681,7,0.28,short,0.3507,1.0,True,vehicle,56.06,56.05
MVI_40241,105,0,701,703,3,0.12,short,0.1279,0.1444,False,vehicle,8.97,8.97
MVI_40241,105,1,754,761,8,0.32,short,0.3157,0.8749,True,vehicle,86.83,86.69
MVI_40241,110,0,745,786,42,1.68,long,0.4077,0.64,False,vehicle,423.65,423.2
MVI_40241,113,0,746,799,54,2.16,long,0.4619,0.7554,True,background,537.78,537.28
MVI_40241,127,0,881,931,51,2.04,long,0.4712,0.8051,True,background,532.71,532.39
MVI_40241,129,0,928,945,18,0.72,medium,0.3253,0.4487,False,vehicle,140.43,140.4
MVI_40241,130,0,901,956,56,2.24,long,0.7029,0.9643,True,background,564.84,564.33
MVI_40241,133,0,967,991,25,1.0,medium,0.5083,0.8081,True,vehicle,321.55,321.24
MVI_40241,134,0,931,986,56,2.24,long,0.5565,0.7926,True,background,542.16,541.71
MVI_40241,143,0,981,1043,63,2.52,long,0.5757,0.8851,True,background,551.49,551.2
MVI_40241,147,0,1006,1069,64,2.56,long,0.8044,1.0,True,background,570.5,570.19
MVI_40241,149,0,1068,1086,19,0.76,medium,0.3383,1.0,True,vehicle,200.43,199.87
MVI_40241,150,0,1045,1086,42,1.68,long,0.3358,0.6878,False,vehicle,429.99,429.7
MVI_40241,153,0,1051,1116,66,2.64,long,0.7671,0.9901,True,background,554.07,553.6
MVI_40241,157,0,1098,1121,24,0.96,medium,0.3192,0.5844,False,vehicle,281.64,279.23
MVI_40241,158,0,1056,1121,66,2.64,long,0.3176,0.4892,False,vehicle,592.21,591.95
MVI_40241,159,0,1076,1079,4,0.16,short,0.1546,0.2063,False,vehicle,14.38,14.38
MVI_40241,160,0,1076,1147,72,2.88,long,0.7082,0.9575,True,background,561.25,560.84
MVI_40241,161,0,1127,1151,25,1.0,medium,0.3454,0.5418,False,vehicle,332.04,330.95
MVI_40241,164,0,1096,1115,20,0.8,medium,0.1679,0.2345,False,vehicle,84.4,84.31
MVI_40241,166,0,1106,1161,56,2.24,long,0.5253,0.6545,False,vehicle,527.96,527.66
MVI_40241,168,0,1136,1203,68,2.72,long,0.5011,0.761,True,background,531.51,530.72
MVI_40241,173,0,1176,1246,71,2.84,long,0.644,1.0,True,background,541.01,540.53
MVI_40241,179,0,1206,1275,70,2.8,long,0.7719,1.0,True,background,545.23,544.73
MVI_40241,180,0,1216,1230,15,0.6,medium,0.3081,0.5733,False,vehicle,72.78,72.67
MVI_40241,183,0,1261,1301,41,1.64,long,0.2606,0.4588,False,vehicle,467.61,466.92
MVI_40241,189,0,1288,1327,40,1.6,long,0.3202,0.4836,False,vehicle,358.97,358.87
MVI_40241,191,0,1281,1347,67,2.68,long,0.7428,1.0,True,background,544.9,544.07
MVI_40241,193,0,1291,1297,7,0.28,short,0.143,0.1687,False,vehicle,22.82,22.78
MVI_40241,193,1,1305,1355,51,2.04,long,0.226,0.362,False,vehicle,572.27,571.52
MVI_40241,197,0,1333,1375,43,1.72,long,0.3338,0.5454,False,vehicle,226.44,226.36
MVI_40241,199,0,1336,1346,11,0.44,short,0.1759,0.2209,False,vehicle,50.44,50.43
MVI_40241,201,0,1351,1413,63,2.52,long,0.5489,0.9818,True,background,529.19,528.57
MVI_40241,202,0,1407,1416,10,0.4,short,0.3901,0.8933,True,vehicle,142.19,141.34
MVI_40241,208,0,1401,1464,64,2.56,long,0.6424,0.9585,True,background,556.28,555.84
MVI_40241,215,0,1451,1506,56,2.24,long,0.1999,0.2584,False,vehicle,472.26,472.1
MVI_40241,216,0,1466,1482,17,0.68,medium,0.7153,0.8416,True,background,62.59,62.53
MVI_40241,216,1,1495,1526,32,1.28,medium,0.1913,0.2897,False,background,396.96,396.72
MVI_40241,220,0,1519,1554,36,1.44,medium,0.3382,0.5284,False,vehicle,220.57,220.35
MVI_40241,223,0,1528,1540,13,0.52,medium,0.1446,0.1803,False,background,39.89,39.71
MVI_40241,223,1,1544,1595,52,2.08,long,0.251,0.3923,False,background,496.77,496.59
MVI_40241,228,0,1574,1587,14,0.56,medium,0.1181,0.1597,False,background,45.85,45.81
MVI_40241,228,1,1593,1639,47,1.88,long,0.2654,0.4727,False,background,480.64,480.37
MVI_40241,233,0,1611,1670,60,2.4,long,0.4757,0.5406,False,vehicle,544.38,544.14
MVI_40241,234,0,1640,1666,27,1.08,medium,0.2602,0.5492,False,vehicle,310.64,310.31
MVI_40241,235,0,1637,1638,2,0.08,short,0.1031,0.1052,False,background,5.51,5.51
MVI_40241,235,1,1644,1678,35,1.4,medium,0.2061,0.3261,False,background,413.62,413.49
MVI_40241,241,0,1691,1706,16,0.64,medium,0.2954,0.4829,False,vehicle,36.51,36.4
MVI_40241,242,0,1656,1720,65,2.6,long,0.2425,0.4413,False,background,563.57,563.23
MVI_40241,243,0,1671,1701,31,1.24,medium,0.6758,1.0,True,vehicle,252.31,252.3
MVI_40241,248,0,1696,1762,67,2.68,long,0.2677,0.3869,False,background,568.54,568.18
MVI_40241,251,0,1701,1766,66,2.64,long,0.2969,0.4339,False,vehicle,554.2,553.86
MVI_40241,254,0,1736,1748,13,0.52,medium,0.1496,0.1804,False,background,41.44,41.23
MVI_40241,254,1,1760,1799,40,1.6,long,0.175,0.2798,False,background,437.84,437.69
MVI_40241,259,0,1751,1776,26,1.04,medium,0.4481,0.6809,False,vehicle,99.52,99.34
MVI_40241,262,0,1771,1831,61,2.44,long,0.2635,0.3625,False,vehicle,542.69,542.27
MVI_40241,266,0,1801,1870,70,2.8,long,0.3437,0.5289,False,background,563.59,563.24
MVI_40241,271,0,1836,1909,74,2.96,long,0.2121,0.4012,False,background,555.06,554.86
MVI_40241,272,0,1836,1843,8,0.32,short,0.1366,0.1531,False,vehicle,25.29,25.26
MVI_40241,272,1,1849,1852,4,0.16,short,0.1075,0.1188,False,vehicle,12.42,12.41
MVI_40241,282,0,1906,1979,74,2.96,long,0.215,0.4077,False,background,566.21,565.81
MVI_40241,284,0,1921,1937,17,0.68,medium,0.145,0.1881,False,vehicle,52.86,52.73
MVI_40241,289,0,1946,2021,76,3.04,long,0.2952,0.5349,False,background,568.28,567.91
MVI_40241,290,0,1961,1988,28,1.12,medium,0.1884,0.2274,False,vehicle,102.23,102.15
MVI_40241,291,0,1966,2040,75,3.0,long,0.5717,0.689,False,vehicle,568.06,567.47
MVI_40241,294,0,1971,2050,80,3.2,long,0.3356,0.5356,False,background,593.16,592.39
MVI_40241,297,0,2001,2006,6,0.24,short,0.1158,0.1206,False,vehicle,16.55,16.55
MVI_40241,303,0,2051,2124,74,2.96,long,0.261,0.4104,False,background,568.67,568.02
MVI_40241,307,0,2081,2115,35,1.4,medium,0.298,0.4449,False,vehicle,169.49,169.31
MVI_40241,310,0,2116,2186,71,2.84,long,0.2877,0.4089,False,background,582.85,582.51
MVI_40241,311,0,2181,2206,26,1.04,medium,0.5551,1.0,True,vehicle,306.03,305.97
MVI_40241,318,0,2186,2259,74,2.96,long,0.3636,0.5538,False,background,602.36,601.96
MVI_40241,319,0,2191,2241,51,2.04,long,0.196,0.2561,False,vehicle,235.7,235.46
MVI_40241,322,0,2206,2261,56,2.24,long,0.4584,0.7188,True,vehicle,310.12,308.99
MVI_40241,323,0,2206,2209,4,0.16,short,0.1915,0.2515,False,vehicle,14.13,14.13
MVI_40241,324,0,2215,2218,4,0.16,short,0.1188,0.1414,False,background,8.25,8.24
MVI_40241,324,2,2245,2247,3,0.12,short,0.1054,0.108,False,background,10.47,10.45
MVI_40241,324,3,2260,2287,28,1.12,medium,0.1531,0.2514,False,background,365.53,365.19
MVI_40241,325,0,2255,2291,37,1.48,medium,0.442,0.6201,False,vehicle,374.36,374.31
MVI_40241,330,0,2251,2320,70,2.8,long,0.287,0.5156,False,background,328.67,328.26
MVI_40241,335,0,2288,2299,12,0.48,short,0.1452,0.2101,False,background,27.09,26.76
MVI_40241,335,1,2303,2320,18,0.72,medium,0.1731,0.2028,False,background,59.98,59.89
MVI_40243,2,0,1,15,15,0.6,medium,0.4344,0.5218,False,vehicle,245.22,244.91
MVI_40243,3,0,1,8,8,0.32,short,0.3168,0.4299,False,background,142.45,142.35
MVI_40243,8,0,11,28,18,0.72,medium,0.1605,0.2519,False,background,64.97,64.89
MVI_40243,8,1,33,75,43,1.72,long,0.2917,0.4432,False,background,464.33,464.18
MVI_40243,9,0,52,71,20,0.8,medium,0.3107,0.7471,True,vehicle,275.62,274.94
MVI_40243,14,0,49,106,58,2.32,long,0.2158,0.4099,False,background,532.46,532.22
MVI_40243,15,0,52,100,49,1.96,long,0.3475,0.5872,False,vehicle,396.36,396.21
MVI_40243,16,0,51,91,41,1.64,long,0.419,0.5836,False,vehicle,339.98,339.85
MVI_40243,17,0,66,68,3,0.12,short,0.126,0.1431,False,vehicle,9.99,9.99
MVI_40243,17,1,73,77,5,0.2,short,0.1217,0.1421,False,vehicle,21.87,21.85
MVI_40243,18,0,90,98,9,0.36,short,0.1058,0.1191,False,background,45.44,45.38
MVI_40243,18,1,103,133,31,1.24,medium,0.2082,0.3348,False,background,381.53,381.49
MVI_40243,19,0,76,86,11,0.44,short,0.3626,0.4469,False,vehicle,50.45,50.45
MVI_40243,25,0,126,184,59,2.36,long,0.2719,0.4468,False,background,543.87,543.59
MVI_40243,28,0,136,146,11,0.44,short,0.2721,0.3187,False,vehicle,38.67,38.64
MVI_40243,31,0,166,173,8,0.32,short,0.1146,0.1569,False,background,29.1,29.1
MVI_40243,31,1,178,222,45,1.8,long,0.2433,0.4188,False,background,481.67,481.38
MVI_40243,42,1,267,272,6,0.24,short,0.1138,0.1353,False,background,21.61,21.61
MVI_40243,42,2,278,320,43,1.72,long,0.2403,0.4403,False,background,463.0,462.75
MVI_40243,43,0,261,286,26,1.04,medium,0.3732,0.6751,False,vehicle,283.59,283.51
MVI_40243,48,0,325,366,42,1.68,long,0.5783,0.8418,True,vehicle,310.55,309.57
MVI_40243,50,0,321,341,21,0.84,medium,0.8319,1.0,True,vehicle,391.95,388.4
MVI_40243,51,0,366,386,21,0.84,medium,0.1528,0.21,False,background,291.82,291.67
MVI_40243,53,0,339,351,13,0.52,medium,0.1396,0.199,False,background,207.06,206.96
MVI_40243,64,0,416,476,61,2.44,long,0.2347,0.5097,False,background,560.74,560.21
MVI_40243,66,0,426,481,56,2.24,long,0.3186,0.3889,False,vehicle,550.86,550.69
MVI_40243,70,0,466,523,58,2.32,long,0.3011,0.4977,False,background,528.44,528.3
MVI_40243,73,0,496,553,58,2.32,long,0.3626,0.6008,False,background,536.76,536.27
MVI_40243,76,0,511,574,64,2.56,long,0.2561,0.4335,False,background,553.85,553.46
MVI_40243,84,0,576,634,59,2.36,long,0.2848,0.4139,False,background,550.98,550.4
MVI_40243,85,0,601,638,38,1.52,long,0.4723,0.7369,True,vehicle,217.47,217.37
MVI_40243,89,0,678,686,9,0.36,short,0.3299,0.5938,False,vehicle,108.72,108.02
MVI_40243,90,0,631,681,51,2.04,long,0.4878,0.6197,False,vehicle,479.78,479.35
MVI_40243,94,0,646,656,11,0.44,short,0.2945,0.4803,False,vehicle,43.55,43.52
MVI_40243,100,0,697,708,12,0.48,short,0.1224,0.14,False,background,49.74,49.72
MVI_40243,100,1,712,748,37,1.48,medium,0.256,0.4323,False,background,465.88,465.61
MVI_40243,102,0,748,771,24,0.96,medium,0.167,0.2762,False,background,347.78,347.7
MVI_40243,108,0,771,816,46,1.84,long,0.5584,0.6554,False,vehicle,502.02,501.72
MVI_40243,109,0,776,836,61,2.44,long,0.2995,0.5279,False,background,558.75,558.45
MVI_40243,111,0,801,858,58,2.32,long,0.319,0.4533,False,background,559.92,559.37
MVI_40243,113,0,811,838,28,1.12,medium,0.2011,0.2473,False,vehicle,154.49,154.45
MVI_40243,114,0,816,866,51,2.04,long,0.6453,0.8838,True,vehicle,503.79,503.7
MVI_40243,120,0,846,904,59,2.36,long,0.3066,0.448,False,background,570.85,570.61
MVI_40243,142,0,1061,1111,51,2.04,long,0.4299,0.7034,True,vehicle,494.13,493.87
MVI_40243,143,0,1101,1105,5,0.2,short,0.1313,0.1557,False,background,94.36,94.36
MVI_40243,144,0,1112,1121,10,0.4,short,0.1432,0.159,False,vehicle,19.34,19.31
MVI_40243,150,0,1149,1175,27,1.08,medium,0.2399,0.3558,False,vehicle,51.78,51.06
MVI_40243,152,0,1174,1186,13,0.52,medium,0.2977,0.4539,False,vehicle,168.15,167.18
MVI_40243,154,0,1169,1181,13,0.52,medium,0.19,0.2707,False,background,228.43,228.41
MVI_40243,155,0,1129,1147,19,0.76,medium,0.2959,0.387,False,vehicle,58.69,58.63
MVI_40243,156,0,1136,1186,51,2.04,long,0.2957,0.3286,False,vehicle,242.81,242.56
MVI_40243,157,0,1198,1213,16,0.64,medium,0.1702,0.2564,False,background,247.45,247.41
MVI_40243,160,0,1187,1238,52,2.08,long,0.2635,0.4699,False,background,519.79,519.49
MVI_40243,162,0,1187,1208,22,0.88,medium,0.1148,0.1246,False,vehicle,87.96,87.85
MVI_40243,164,0,1201,1241,41,1.64,long,0.5606,0.7746,True,vehicle,431.65,431.52
MVI_40243,167,0,1229,1231,3,0.12,short,0.1102,0.1109,False,background,8.12,8.12
MVI_40243,167,1,1238,1240,3,0.12,short,0.1175,0.1297,False,background,10.9,10.9
MVI_40243,167,2,1251,1265,15,0.6,medium,0.1939,0.2311,False,background,146.14,146.1
MVI_40243,168,0,1231,1254,24,0.96,medium,0.3286,0.4306,False,vehicle,103.18,103.11
MVI_40243,169,0,1246,1265,20,0.8,medium,0.5691,0.6917,False,vehicle,91.29,91.21
MVI_40244,1,0,1,16,16,0.64,medium,0.4679,0.5617,False,vehicle,226.26,226.16
MVI_40244,2,0,1,12,12,0.48,short,0.1715,0.2358,False,background,217.97,217.77
MVI_40244,11,0,68,91,24,0.96,medium,0.1949,0.3102,False,background,362.38,362.31
MVI_40244,12,0,55,91,37,1.48,medium,0.2809,0.4335,False,vehicle,347.22,347.07
MVI_40244,14,0,80,112,33,1.32,medium,0.2233,0.3989,False,background,421.51,421.32
MVI_40244,17,0,86,126,41,1.64,long,0.5576,0.6482,False,vehicle,418.4,418.29
MVI_40244,19,0,91,141,51,2.04,long,0.5386,0.6201,False,vehicle,521.5,521.26
MVI_40244,23,0,112,157,46,1.84,long,0.2192,0.4128,False,background,491.8,491.64
MVI_40244,29,0,171,172,2,0.08,short,0.1119,0.1135,False,background,6.6,6.6
MVI_40244,29,1,178,208,31,1.24,medium,0.1941,0.3403,False,background,394.16,394.0
MVI_40244,30,0,163,216,54,2.16,long,0.3631,0.6754,False,vehicle,585.33,584.7
MVI_40244,33,0,191,243,53,2.12,long,0.3557,0.5583,False,background,532.89,532.36
MVI_40244,35,0,242,261,20,0.8,medium,0.2791,0.6581,False,vehicle,282.39,282.29
MVI_40244,38,0,223,238,16,0.64,medium,0.1398,0.2119,False,background,84.47,84.38
MVI_40244,38,1,242,269,28,1.12,medium,0.2788,0.4819,False,background,393.98,393.84
MVI_40244,42,0,249,274,26,1.04,medium,0.281,0.3903,False,vehicle,251.66,251.63
MVI_40244,50,0,276,298,23,0.92,medium,0.2763,0.3404,False,vehicle,130.88,130.81
MVI_40244,54,0,321,368,48,1.92,long,0.2883,0.5083,False,background,503.55,503.36
MVI_40244,58,0,371,421,51,2.04,long,0.2243,0.4411,False,background,517.75,517.16
MVI_40244,73,0,590,596,7,0.28,short,0.4732,0.7271,True,vehicle,90.45,90.03
MVI_40244,74,0,541,594,54,2.16,long,0.3867,0.6903,False,background,549.43,549.17
MVI_40244,85,0,633,634,2,0.08,short,0.1114,0.1143,False,background,4.36,4.36
MVI_40244,85,1,644,683,40,1.6,long,0.2181,0.408,False,background,464.84,464.53
MVI_40244,86,0,641,676,36,1.44,medium,0.1648,0.2114,False,vehicle,318.31,318.27
MVI_40244,88,0,656,713,58,2.32,long,0.3064,0.5699,False,background,537.44,537.19
MVI_40244,89,0,661,681,21,0.84,medium,0.1962,0.2394,False,vehicle,123.49,123.12
MVI_40244,91,0,696,746,51,2.04,long,0.501,0.7122,True,background,552.01,551.7
MVI_40244,92,0,701,711,11,0.44,short,0.28,0.297,False,vehicle,44.89,44.88
MVI_40244,94,0,706,759,54,2.16,long,0.4189,0.5975,False,vehicle,490.61,490.22
MVI_40244,96,0,721,771,51,2.04,long,0.3619,0.5053,False,background,551.44,550.99
MVI_40244,99,0,757,790,34,1.36,medium,0.2747,0.3369,False,vehicle,376.19,375.9
MVI_40244,100,0,736,743,8,0.32,short,0.188,0.2801,False,vehicle,33.7,33.7
MVI_40244,104,0,786,831,46,1.84,long,0.2928,0.5071,False,background,533.28,533.17
MVI_40244,110,0,836,886,51,2.04,long,0.464,0.7185,True,background,572.66,572.51
MVI_40244,124,0,986,1035,50,2.0,long,0.2924,0.4993,False,background,523.88,523.69
MVI_40244,130,0,1046,1083,38,1.52,long,0.2704,0.4213,False,background,502.27,501.91
MVI_40244,136,0,1091,1137,47,1.88,long,0.3236,0.5176,False,background,539.15,538.68
MVI_40244,142,0,1141,1158,18,0.72,medium,0.25,0.4028,False,vehicle,84.39,84.34
MVI_40244,143,0,1190,1208,19,0.76,medium,0.2103,0.3492,False,background,317.11,317.06
MVI_40244,145,0,1186,1244,59,2.36,long,0.3855,0.4937,False,background,522.23,521.81
MVI_40244,148,0,1232,1271,40,1.6,long,0.2703,0.6788,False,vehicle,395.32,395.03
MVI_40244,150,0,1241,1303,63,2.52,long,0.3133,0.4704,False,background,548.26,547.95
MVI_40244,157,0,1296,1345,50,2.0,long,0.2957,0.5322,False,background,386.8,386.06
MVI_40244,158,0,1301,1345,45,1.8,long,0.3446,0.474,False,vehicle,334.4,334.25
MVI_40732,2,0,106,149,44,1.76,long,0.4289,0.6549,False,vehicle,9.41,0.0
MVI_40732,2,1,205,219,15,0.6,medium,0.1587,0.2004,False,vehicle,5.29,2.78
MVI_40732,2,2,916,958,43,1.72,long,0.654,0.992,True,vehicle,1.51,1.5
MVI_40732,2,3,1544,1559,16,0.64,medium,0.1625,0.1951,False,vehicle,0.34,0.34
MVI_40732,2,4,1577,1596,20,0.8,medium,0.2983,0.4251,False,vehicle,0.44,0.43
MVI_40732,2,5,1679,1716,38,1.52,long,0.6657,1.0,True,vehicle,0.29,0.28
MVI_40732,2,6,1879,1890,12,0.48,short,0.1561,0.2126,False,vehicle,0.75,0.75
MVI_40732,2,7,2089,2120,32,1.28,medium,0.8186,1.0,True,vehicle,1.81,1.81
MVI_40732,5,0,1,28,28,1.12,medium,0.1853,0.2382,False,background,48.15,47.75
MVI_40732,5,1,34,42,9,0.36,short,0.1191,0.1277,False,background,9.1,8.82
MVI_40732,6,0,1,174,174,6.96,long,0.3037,0.4367,False,background,324.59,309.89
MVI_40732,7,0,1,1100,1100,44.0,long,0.3511,0.5264,False,background,757.15,444.63
MVI_40732,10,0,26,76,51,2.04,long,0.3274,0.7554,True,vehicle,315.36,313.88
MVI_40732,11,0,11,15,5,0.2,short,0.3463,0.5519,False,vehicle,5.4,5.4
MVI_40732,11,1,95,120,26,1.04,medium,0.1987,0.2808,False,vehicle,53.53,51.64
MVI_40732,11,2,130,131,2,0.08,short,0.2074,0.263,False,vehicle,2.01,2.01
MVI_40732,14,0,34,106,73,2.92,long,0.892,1.0,True,vehicle,612.72,608.24
MVI_40732,15,0,53,131,79,3.16,long,0.4973,0.7261,True,vehicle,601.46,598.85
MVI_40732,16,0,66,103,38,1.52,long,0.3291,0.5259,False,background,88.09,86.16
MVI_40732,16,1,122,123,2,0.08,short,0.1015,0.1027,False,background,3.18,3.18
MVI_40732,16,2,225,326,102,4.08,long,0.2786,0.4978,False,vehicle,421.33,418.06
MVI_40732,17,0,96,104,9,0.36,short,0.2594,0.3532,False,vehicle,25.4,25.39
MVI_40732,20,0,213,216,4,0.16,short,0.1044,0.1063,False,vehicle,16.9,16.9
MVI_40732,23,0,256,258,3,0.12,short,0.1081,0.1148,False,vehicle,10.19,10.19
MVI_40732,40,0,635,647,13,0.52,medium,0.1509,0.2091,False,background,39.95,39.87
MVI_40732,40,1,745,811,67,2.68,long,0.2556,0.4197,False,vehicle,334.88,331.57
MVI_40732,50,1,1036,1221,186,7.44,long,0.2931,0.5817,False,background,781.2,777.08
MVI_40732,57,0,1534,1577,44,1.76,long,0.1594,0.1948,False,background,350.01,346.74
MVI_40732,58,0,1466,1536,71,2.84,long,0.4393,0.6534,False,vehicle,414.54,414.16
MVI_40732,59,0,1511,1564,54,2.16,long,0.416,0.6788,False,vehicle,343.55,342.73
MVI_40732,62,0,1719,1723,5,0.2,short,0.1437,0.2103,False,background,14.19,13.69
MVI_40732,64,0,1785,1823,39,1.56,long,0.2029,0.2861,False,vehicle,184.48,184.0
MVI_40732,65,0,1756,1808,53,2.12,long,0.2871,0.4372,False,background,229.56,228.59
MVI_40732,65,1,1814,1868,55,2.2,long,0.2082,0.2938,False,background,467.26,465.47
MVI_40732,68,0,1954,1965,12,0.48,short,0.2445,0.3155,False,background,40.8,40.49
MVI_40732,68,1,1969,1988,20,0.8,medium,0.1368,0.1644,False,background,93.93,93.68
MVI_40732,68,2,1994,2006,13,0.52,medium,0.1279,0.173,False,background,79.79,79.67
MVI_40732,69,0,1936,1944,9,0.36,short,0.1615,0.2035,False,vehicle,27.52,27.43
MVI_40732,72,0,2087,2120,34,1.36,medium,0.2011,0.3079,False,vehicle,69.21,68.36
MVI_40751,2,0,10,81,72,2.88,long,0.8217,1.0,True,vehicle,19.31,5.74
MVI_40751,2,1,514,688,175,7.0,long,0.3755,0.8746,True,vehicle,33.59,8.56
MVI_40751,2,2,694,702,9,0.36,short,0.1121,0.1171,False,vehicle,0.0,0.0
MVI_40751,2,3,709,714,6,0.24,short,0.1312,0.1602,False,vehicle,0.0,0.0
MVI_40751,2,4,735,1144,410,16.4,long,0.1973,0.2879,False,vehicle,71.4,7.85
MVI_40751,3,0,1,58,58,2.32,long,0.2623,0.3818,False,background,386.85,383.77
MVI_40751,4,1,43,88,46,1.84,long,0.205,0.2894,False,background,158.89,155.5
MVI_40751,5,0,11,29,19,0.76,medium,0.3607,0.5552,False,background,73.2,72.79
MVI_40751,7,0,116,134,19,0.76,medium,0.3326,0.4805,False,background,51.67,51.36
MVI_40751,7,1,147,160,14,0.56,medium,0.1127,0.146,False,background,39.46,39.33
MVI_40751,7,3,179,275,97,3.88,long,0.2376,0.4336,False,background,525.95,522.0
MVI_40751,8,1,455,458,4,0.16,short,0.1073,0.1212,False,background,1.63,0.67
MVI_40751,8,2,485,489,5,0.2,short,0.1033,0.1097,False,background,1.73,1.73
MVI_40751,8,3,508,517,10,0.4,short,0.154,0.2112,False,background,9.32,1.6
MVI_40751,8,4,525,548,24,0.96,medium,0.1116,0.1398,False,background,4.81,3.33
MVI_40751,8,5,555,1145,591,23.64,long,0.4637,0.6502,False,vehicle,394.36,1.25
MVI_40751,9,0,338,371,34,1.36,medium,0.2429,0.3083,False,vehicle,163.64,163.08
MVI_40751,11,0,316,347,32,1.28,medium,0.2118,0.3603,False,background,126.55,125.57
MVI_40751,11,1,352,440,89,3.56,long,0.1943,0.3267,False,background,558.89,556.81
MVI_40751,15,0,923,1145,223,8.92,long,0.2867,0.3909,False,vehicle,27.39,6.86
MVI_40751,21,0,521,525,5,0.2,short,0.2051,0.2779,False,vehicle,5.94,5.94
MVI_40751,21,1,534,1145,612,24.48,long,0.7733,1.0,True,vehicle,391.69,45.65
MVI_40751,23,0,601,611,11,0.44,short,0.1542,0.1826,False,vehicle,70.85,70.85
MVI_40751,23,1,620,623,4,0.16,short,0.1079,0.1164,False,vehicle,16.95,16.92
MVI_40751,28,0,1079,1081,3,0.12,short,0.2425,0.2439,False,vehicle,0.3,0.3
MVI_40751,28,1,1085,1099,15,0.6,medium,0.1875,0.2536,False,vehicle,1.06,0.91
MVI_40751,29,0,1054,1076,23,0.92,medium,0.185,0.2327,False,vehicle,12.43,3.53
MVI_40751,31,0,861,901,41,1.64,long,0.5868,0.8692,True,vehicle,355.73,354.22
MVI_40751,32,0,865,1036,172,6.88,long,0.3138,0.4911,False,background,674.15,667.87
MVI_40751,33,0,996,1009,14,0.56,medium,0.1374,0.158,False,vehicle,29.81,29.69
MVI_40751,35,0,1059,1081,23,0.92,medium,0.1537,0.2036,False,vehicle,149.64,148.83
MVI_40751,36,0,1069,1145,77,3.08,long,0.2093,0.3967,False,vehicle,106.28,101.92
MVI_40751,38,0,1078,1090,13,0.52,medium,0.1392,0.1691,False,vehicle,41.29,40.72
MVI_40751,38,1,1097,1145,49,1.96,long,0.2022,0.2535,False,vehicle,104.42,103.54
MVI_40751,41,0,1101,1145,45,1.8,long,0.4114,0.5558,False,vehicle,136.28,135.49
MVI_40752,2,0,1,40,40,1.6,long,0.7257,0.8731,True,background,413.72,412.52
MVI_40752,4,0,6,88,83,3.32,long,0.7049,0.8451,True,background,685.82,684.38
MVI_40752,5,0,41,116,76,3.04,long,0.8751,1.0,True,background,673.09,671.21
MVI_40752,6,0,41,72,32,1.28,medium,0.2017,0.2827,False,both,153.76,153.45
MVI_40752,6,1,79,127,49,1.96,long,0.1362,0.1943,False,background,441.34,440.7
MVI_40752,9,0,136,156,21,0.84,medium,0.1889,0.2563,False,vehicle,111.8,111.38
MVI_40752,10,0,81,118,38,1.52,long,0.2455,0.5505,False,background,223.08,222.93
MVI_40752,10,1,122,128,7,0.28,short,0.1107,0.1354,False,background,47.15,47.1
MVI_40752,10,2,142,147,6,0.24,short,0.1019,0.1119,False,background,59.37,59.36
MVI_40752,11,0,86,172,87,3.48,long,0.7234,0.9243,True,background,696.7,695.49
MVI_40752,14,0,111,198,88,3.52,long,0.8416,1.0,True,background,711.05,710.21
MVI_40752,17,0,185,230,46,1.84,long,0.3659,0.5683,False,vehicle,287.94,287.46
MVI_40752,20,0,171,260,90,3.6,long,0.7046,0.9302,True,background,708.3,707.03
MVI_40752,23,0,156,176,21,0.84,medium,0.9666,0.9943,True,background,119.08,118.7
MVI_40752,28,0,194,199,6,0.24,short,0.1223,0.1629,False,background,25.45,25.27
MVI_40752,28,1,204,230,27,1.08,medium,0.1301,0.195,False,background,172.25,172.15
MVI_40752,28,2,240,268,29,1.16,medium,0.1586,0.2024,False,background,298.23,298.0
MVI_40752,29,0,206,266,61,2.44,long,0.5142,0.8619,True,vehicle,573.98,573.57
MVI_40752,30,0,196,280,85,3.4,long,0.7702,0.9506,True,background,698.97,696.77
MVI_40752,34,0,271,341,71,2.84,long,0.8713,0.9924,True,background,679.91,678.36
MVI_40752,36,0,333,337,5,0.2,short,0.1023,0.1039,False,vehicle,24.87,24.87
MVI_40752,36,1,345,346,2,0.08,short,0.1039,0.1055,False,vehicle,6.91,6.91
MVI_40752,36,2,358,386,29,1.16,medium,0.2689,1.0,True,vehicle,273.34,272.75
MVI_40752,37,0,291,381,91,3.64,long,0.239,0.323,False,both,588.07,587.3
MVI_40752,39,0,306,385,80,3.2,long,0.8277,1.0,True,background,701.13,700.46
MVI_40752,44,0,371,458,88,3.52,long,0.3281,0.6104,False,background,654.69,654.12
MVI_40752,45,0,371,444,74,2.96,long,0.7426,0.9791,True,background,679.53,678.59
MVI_40752,48,1,447,461,15,0.6,medium,0.2349,0.3203,False,vehicle,172.98,172.56
MVI_40752,50,0,416,496,81,3.24,long,0.6497,0.8351,True,background,714.4,712.9
MVI_40752,54,0,471,525,55,2.2,long,0.3865,0.4991,False,both,330.1,328.88
MVI_40752,55,0,471,551,81,3.24,long,0.8341,1.0,True,background,706.32,704.39
MVI_40752,58,0,511,587,77,3.08,long,0.508,0.7559,True,background,677.89,677.44
MVI_40752,60,0,526,570,45,1.8,long,0.1891,0.3196,False,background,245.86,245.41
MVI_40752,60,1,588,609,22,0.88,medium,0.1076,0.1393,False,background,246.61,246.55
MVI_40752,63,0,580,583,4,0.16,short,0.1102,0.1169,False,vehicle,38.14,38.1
MVI_40752,63,1,596,626,31,1.24,medium,0.1306,0.1752,False,vehicle,232.44,232.32
MVI_40752,68,0,709,735,27,1.08,medium,0.2421,0.3549,False,vehicle,113.71,113.48
MVI_40752,69,0,646,661,16,0.64,medium,0.184,0.3612,False,background,67.2,67.13
MVI_40752,69,1,670,674,5,0.2,short,0.1197,0.1323,False,background,20.78,20.75
MVI_40752,69,2,720,729,10,0.4,short,0.7572,1.0,True,vehicle,105.1,105.1
MVI_40752,71,0,725,735,11,0.44,short,0.1914,0.2064,False,vehicle,64.71,64.37
MVI_40752,72,0,686,761,76,3.04,long,0.3449,0.5117,False,background,687.86,687.27
MVI_40752,76,0,731,811,81,3.24,long,0.9131,1.0,True,background,708.15,707.36
MVI_40752,78,0,710,729,20,0.8,medium,0.8714,1.0,True,vehicle,51.78,51.77
MVI_40752,78,1,745,774,30,1.2,medium,0.1577,0.2336,False,vehicle,297.49,296.62
MVI_40752,80,0,776,781,6,0.24,short,0.9731,1.0,True,both,26.48,26.48
MVI_40752,81,0,791,881,91,3.64,long,0.9887,1.0,True,background,814.15,810.04
MVI_40752,83,0,821,886,66,2.64,long,0.8303,1.0,True,both,546.94,545.91
MVI_40752,84,0,826,836,11,0.44,short,0.1509,0.2095,False,vehicle,46.52,46.51
MVI_40752,86,0,836,903,68,2.72,long,0.2084,0.3367,False,vehicle,459.8,459.36
MVI_40752,86,1,909,916,8,0.32,short,0.1807,0.2116,False,vehicle,82.49,82.42
MVI_40752,90,0,786,854,69,2.76,long,0.7512,0.9869,True,background,649.97,649.35
MVI_40752,92,0,881,944,64,2.56,long,0.9774,1.0,True,background,572.63,572.32
MVI_40752,94,0,901,994,94,3.76,long,0.1711,0.3448,False,background,676.95,675.65
MVI_40752,96,0,951,970,20,0.8,medium,0.2705,0.3593,False,vehicle,107.78,107.7
MVI_40752,97,0,951,1034,84,3.36,long,0.722,0.8877,True,background,658.01,656.74
MVI_40752,98,0,961,1013,53,2.12,long,0.8673,1.0,True,background,586.44,585.22
MVI_40752,99,0,986,1074,89,3.56,long,0.8612,0.9945,True,background,694.02,692.94
MVI_40752,101,0,996,1050,55,2.2,long,0.9787,1.0,True,background,600.09,599.46
MVI_40752,101,1,1058,1066,9,0.36,short,0.9006,1.0,True,background,41.12,41.12
MVI_40752,102,0,1036,1066,31,1.24,medium,0.4125,0.5628,False,vehicle,121.55,120.98
MVI_40752,103,0,1036,1114,79,3.16,long,0.2191,0.4108,False,background,652.2,650.91
MVI_40752,105,0,1101,1136,36,1.44,medium,0.1983,0.2706,False,vehicle,336.9,336.63
MVI_40752,107,0,1086,1173,88,3.52,long,0.7119,0.9637,True,background,692.2,691.19
MVI_40752,108,0,1091,1164,74,2.96,long,0.3629,0.5541,False,vehicle,522.62,521.87
MVI_40752,108,1,1175,1176,2,0.08,short,0.1029,0.1051,False,vehicle,13.37,13.37
MVI_40752,111,0,1151,1213,63,2.52,long,0.4784,0.9927,True,background,525.74,524.98
MVI_40752,112,0,1166,1226,61,2.44,long,0.3465,0.7497,True,vehicle,562.41,562.0
MVI_40752,113,0,1151,1198,48,1.92,long,0.2558,0.4316,False,background,328.68,328.28
MVI_40752,113,1,1204,1226,23,0.92,medium,0.1594,0.2063,False,background,290.38,290.29
MVI_40752,116,0,1196,1281,86,3.44,long,0.5559,0.7771,True,background,690.32,689.41
MVI_40752,121,0,1266,1346,81,3.24,long,0.7538,0.9113,True,background,686.69,686.05
MVI_40752,123,0,1291,1367,77,3.08,long,0.5811,0.7826,True,background,676.62,675.71
MVI_40752,125,0,1308,1316,9,0.36,short,0.1416,0.1836,False,vehicle,46.21,45.98
MVI_40752,129,0,1326,1386,61,2.44,long,0.481,0.5832,False,vehicle,541.81,539.06
MVI_40752,130,0,1326,1403,78,3.12,long,0.6348,0.7885,True,background,653.79,653.32
MVI_40752,132,0,1351,1427,77,3.08,long,0.5864,0.8181,True,background,680.9,679.95
MVI_40752,133,0,1361,1446,86,3.44,long,0.4731,0.631,False,background,673.16,672.41
MVI_40752,137,0,1406,1479,74,2.96,long,0.5398,0.7238,True,background,666.19,665.51
MVI_40752,138,0,1441,1475,35,1.4,medium,0.4626,0.8092,True,vehicle,187.11,186.87
MVI_40752,139,0,1426,1466,41,1.64,long,0.2568,0.4039,False,vehicle,274.99,274.67
MVI_40752,140,0,1426,1506,81,3.24,long,0.194,0.2949,False,background,664.86,664.39
MVI_40752,141,0,1441,1491,51,2.04,long,0.8378,0.9964,True,background,355.36,354.58
MVI_40752,143,0,1461,1565,105,4.2,long,0.9999,1.0,True,both,814.77,813.54
MVI_40752,144,0,1471,1490,20,0.8,medium,0.3458,0.6664,False,vehicle,218.48,218.29
MVI_40752,146,1,1523,1591,69,2.76,long,0.5434,0.8196,True,vehicle,502.87,500.01
MVI_40752,147,0,1501,1536,36,1.44,medium,0.9711,1.0,True,background,224.23,223.55
MVI_40752,148,0,1506,1518,13,0.52,medium,0.1469,0.2218,False,vehicle,180.63,179.6
MVI_40752,148,1,1534,1558,25,1.0,medium,0.1263,0.1608,False,vehicle,227.55,227.26
MVI_40752,149,0,1566,1589,24,0.96,medium,0.1334,0.1582,False,background,250.04,249.79
MVI_40752,149,1,1594,1597,4,0.16,short,0.1212,0.1478,False,background,40.34,40.34
MVI_40752,150,0,1526,1586,61,2.44,long,0.9754,1.0,True,background,528.8,527.92
MVI_40752,152,0,1551,1629,79,3.16,long,0.246,0.3248,False,background,671.32,670.47
MVI_40752,153,0,1551,1651,101,4.04,long,0.9984,1.0,True,both,905.63,900.74
MVI_40752,154,0,1581,1676,96,3.84,long,0.4429,0.5963,False,vehicle,885.54,883.78
MVI_40752,155,0,1590,1656,67,2.68,long,0.5833,0.8187,True,vehicle,662.94,659.95
MVI_40752,158,0,1607,1676,70,2.8,long,0.2002,0.2985,False,background,650.59,650.01
MVI_40752,159,0,1611,1697,87,3.48,long,0.4715,0.6861,False,background,687.45,686.52
MVI_40752,161,0,1626,1691,66,2.64,long,0.9754,1.0,True,background,554.6,554.17
MVI_40752,163,0,1641,1730,90,3.6,long,0.6708,0.8856,True,background,696.27,695.55
MVI_40752,164,0,1744,1781,38,1.52,long,0.2493,0.3247,False,vehicle,129.89,126.08
MVI_40752,167,0,1686,1774,89,3.56,long,0.7268,0.9026,True,background,678.78,677.8
MVI_40752,171,0,1726,1826,101,4.04,long,0.7801,0.9234,True,background,704.25,703.43
MVI_40752,173,0,1736,1796,61,2.44,long,0.9762,1.0,True,background,592.12,590.96
MVI_40752,174,0,1806,1838,33,1.32,medium,0.1607,0.2276,False,vehicle,176.8,175.97
MVI_40752,175,0,1840,1860,21,0.84,medium,0.1731,0.2281,False,vehicle,68.84,68.7
MVI_40752,178,0,1786,1865,80,3.2,long,0.2004,0.2805,False,background,663.28,662.76
MVI_40752,179,0,1796,1843,48,1.92,long,0.8471,1.0,True,background,498.7,498.3
MVI_40752,180,0,1914,1936,23,0.92,medium,0.2138,0.2457,False,vehicle,82.34,82.14
MVI_40752,181,0,1821,1841,21,0.84,medium,0.1367,0.2212,False,background,104.41,104.19
MVI_40752,181,1,1848,1865,18,0.72,medium,0.1516,0.218,False,background,122.26,122.05
MVI_40752,181,2,1873,1885,13,0.52,medium,0.1405,0.2189,False,background,122.79,122.66
MVI_40752,181,3,1893,1899,7,0.28,short,0.1202,0.147,False,background,81.86,81.65
MVI_40752,182,0,1875,1891,17,0.68,medium,0.2143,0.2473,False,vehicle,131.74,131.72
MVI_40752,183,0,1846,1901,56,2.24,long,0.8431,1.0,True,background,518.2,517.1
MVI_40752,184,0,1846,1931,86,3.44,long,0.5977,0.7642,True,background,663.9,662.96
MVI_40752,185,0,1846,1906,61,2.44,long,0.3819,0.4695,False,vehicle,425.39,424.67
MVI_40752,187,0,1876,1907,32,1.28,medium,0.1548,0.2233,False,background,162.26,162.02
MVI_40752,187,1,1911,1912,2,0.08,short,0.1087,0.1106,False,background,6.95,6.95
MVI_40752,187,2,1919,1933,15,0.6,medium,0.1564,0.2358,False,background,115.96,115.81
MVI_40752,187,3,1938,1959,22,0.88,medium,0.1689,0.2334,False,background,248.59,248.25
MVI_40752,188,0,1901,1971,71,2.84,long,0.8331,1.0,True,background,688.87,687.46
MVI_40752,190,0,1911,1989,79,3.16,long,0.6341,0.8376,True,background,669.92,669.5
MVI_40752,195,0,2001,2025,25,1.0,medium,0.9791,1.0,True,background,339.58,339.02
MVI_40752,197,0,256,290,35,1.4,medium,0.9819,1.0,True,background,205.41,204.0
MVI_40752,198,0,640,680,41,1.64,long,0.9379,1.0,True,background,217.4,217.1
MVI_40752,199,0,1590,1631,42,1.68,long,0.9711,0.9984,True,background,217.81,217.54
MVI_40871,1,0,149,161,13,0.52,medium,0.5449,0.7538,True,vehicle,10.45,4.2
MVI_40871,2,0,129,147,19,0.76,medium,0.3247,0.4499,False,vehicle,8.35,6.88
MVI_40871,2,1,176,194,19,0.76,medium,0.3199,0.443,False,vehicle,5.64,2.07
MVI_40871,2,2,267,294,28,1.12,medium,0.2819,0.3911,False,vehicle,36.58,35.78
MVI_40871,2,3,346,361,16,0.64,medium,0.4242,0.6716,False,vehicle,15.02,14.31
MVI_40871,3,0,97,125,29,1.16,medium,0.3605,0.5598,False,vehicle,37.47,36.5
MVI_40871,3,1,157,176,20,0.8,medium,0.3876,0.564,False,vehicle,13.06,10.66
MVI_40871,3,2,244,262,19,0.76,medium,0.3537,0.4663,False,vehicle,4.82,1.99
MVI_40871,3,3,312,343,32,1.28,medium,0.3237,0.5054,False,vehicle,28.85,27.01
MVI_40871,3,4,566,591,26,1.04,medium,0.405,0.6096,False,vehicle,0.0,0.0
MVI_40871,4,0,1,141,141,5.64,long,0.5655,0.7954,True,vehicle,131.78,128.55
MVI_40871,4,1,217,244,28,1.12,medium,0.2588,0.3881,False,vehicle,10.08,9.07
MVI_40871,4,2,285,312,28,1.12,medium,0.2966,0.4149,False,vehicle,8.56,6.27
MVI_40871,4,3,540,567,28,1.12,medium,0.292,0.4466,False,vehicle,0.0,0.0
MVI_40871,8,0,76,286,211,8.44,long,0.439,0.6637,False,vehicle,143.9,135.55
MVI_40871,8,1,515,542,28,1.12,medium,0.2823,0.4159,False,vehicle,14.56,11.52
MVI_40871,10,0,201,1327,1127,45.08,long,0.4761,0.7753,True,vehicle,280.83,228.37
MVI_40871,11,0,306,796,491,19.64,long,0.5695,0.8071,True,vehicle,135.06,90.16
MVI_40871,11,2,1369,1455,87,3.48,long,0.2247,0.3623,False,vehicle,83.45,81.72
MVI_40871,13,0,1638,1720,83,3.32,long,0.3187,0.404,False,vehicle,30.28,23.24
MVI_40871,16,0,76,80,5,0.2,short,0.2651,0.3838,False,vehicle,13.97,13.97
MVI_40871,16,1,95,117,23,0.92,medium,0.2866,0.4437,False,vehicle,111.4,111.3
MVI_40871,16,2,122,137,16,0.64,medium,0.2986,0.3962,False,vehicle,107.13,106.83
MVI_40871,16,3,143,161,19,0.76,medium,0.3899,0.6893,False,vehicle,133.21,132.43
MVI_40871,17,0,121,206,86,3.44,long,0.3999,0.7375,True,vehicle,504.71,503.84
MVI_40871,18,0,206,246,41,1.64,long,0.5128,0.8309,True,vehicle,168.47,168.15
MVI_40871,18,1,256,296,41,1.64,long,0.4616,0.7545,True,vehicle,270.94,270.39
MVI_40871,19,0,271,361,91,3.64,long,0.3898,0.6065,False,vehicle,479.58,478.52
MVI_40871,20,0,501,521,21,0.84,medium,0.5506,0.764,True,vehicle,73.56,73.23
MVI_40871,20,1,532,591,60,2.4,long,0.2973,0.4138,False,vehicle,351.13,349.84
MVI_40871,21,0,571,1720,1150,46.0,long,0.5825,0.6967,False,vehicle,114.2,55.37
MVI_40871,22,0,1,38,38,1.52,long,0.2811,0.3804,False,vehicle,0.0,0.0
MVI_40871,22,1,88,128,41,1.64,long,0.3008,0.3781,False,vehicle,10.06,10.06
MVI_40871,23,0,58,86,29,1.16,medium,0.3134,0.3881,False,vehicle,0.0,0.0
MVI_40871,24,0,1,23,23,0.92,medium,0.1124,0.1256,False,vehicle,0.0,0.0
MVI_40871,24,1,52,1720,1669,66.76,long,0.186,0.2203,False,vehicle,79.83,54.98
MVI_40871,25,0,1,1720,1720,68.8,long,0.1987,0.4895,False,vehicle,89.72,71.64
MVI_40871,26,0,4,31,28,1.12,medium,0.2182,0.2691,False,vehicle,36.78,36.68
MVI_40871,26,1,79,1720,1642,65.68,long,0.3427,0.4007,False,vehicle,212.67,163.81
MVI_40871,27,0,99,119,21,0.84,medium,0.2144,0.2379,False,vehicle,17.21,16.87
MVI_40871,27,1,243,273,31,1.24,medium,0.276,0.3767,False,vehicle,2.85,2.79
MVI_40871,28,0,1,21,21,0.84,medium,0.1966,0.2326,False,vehicle,51.68,51.55
MVI_40871,28,1,55,1720,1666,66.64,long,0.4447,0.4904,False,vehicle,164.67,106.14
MVI_40871,29,0,1,71,71,2.84,long,0.5686,0.7404,True,vehicle,199.2,193.82
MVI_40871,30,0,7,1720,1714,68.56,long,0.4572,0.6506,False,vehicle,214.32,114.14
MVI_40871,31,0,1,25,25,1.0,medium,0.3217,0.5654,False,vehicle,41.68,40.25
MVI_40871,31,1,901,1099,199,7.96,long,0.116,0.124,False,vehicle,7.54,7.06
MVI_40871,31,2,1704,1711,8,0.32,short,0.1087,0.11,False,vehicle,0.54,0.53
MVI_40871,32,0,82,147,66,2.64,long,0.1987,0.3044,False,vehicle,25.23,10.82
MVI_40871,32,1,199,218,20,0.8,medium,0.1806,0.2133,False,vehicle,7.36,7.01
MVI_40871,32,2,248,328,81,3.24,long,0.338,0.3934,False,vehicle,22.73,11.53
MVI_40871,33,0,46,65,20,0.8,medium,0.1808,0.2397,False,vehicle,18.6,18.07
MVI_40871,33,1,231,250,20,0.8,medium,0.266,0.3193,False,vehicle,7.27,6.84
MVI_40871,33,2,259,1720,1462,58.48,long,0.127,0.1395,False,vehicle,64.68,51.46
MVI_40871,34,0,101,386,286,11.44,long,0.413,0.62,False,vehicle,107.91,43.23
MVI_40871,34,1,395,1000,606,24.24,long,0.1823,0.219,False,vehicle,37.65,24.71
MVI_40871,34,2,1097,1720,624,24.96,long,0.1434,0.1638,False,vehicle,23.31,20.23
MVI_40871,35,0,136,1720,1585,63.4,long,0.5766,0.6924,False,vehicle,123.18,68.22
MVI_40871,36,0,405,1399,995,39.8,long,0.1748,0.2431,False,vehicle,37.44,34.82
MVI_40871,36,1,1497,1699,203,8.12,long,0.2142,0.2163,False,vehicle,5.03,5.02
MVI_40871,36,2,1703,1715,13,0.52,medium,0.1392,0.172,False,vehicle,1.85,1.3
MVI_40871,37,0,427,499,73,2.92,long,0.1754,0.184,False,vehicle,5.32,2.73
MVI_40871,37,1,598,1720,1123,44.92,long,0.1532,0.1895,False,vehicle,43.55,36.45
MVI_40962,48,0,971,981,11,0.44,short,0.264,0.3682,False,vehicle,10.13,9.92
MVI_40963,6,0,17,21,5,0.2,short,0.3461,0.5119,False,background,15.23,15.23
MVI_40963,8,0,33,61,29,1.16,medium,0.4716,0.9531,True,background,99.77,97.01
MVI_40963,9,0,65,76,12,0.48,short,0.3193,0.6642,False,background,23.84,23.66
MVI_40963,10,0,72,81,10,0.4,short,0.4091,0.8946,True,vehicle,30.23,29.89
MVI_40963,11,0,106,136,31,1.24,medium,0.2221,0.4963,False,background,66.99,62.75
MVI_40963,14,0,236,271,36,1.44,medium,0.4528,0.7989,True,background,119.21,107.11
MVI_40963,16,0,311,344,34,1.36,medium,0.4902,0.9196,True,background,113.33,111.35
MVI_40963,17,0,340,351,12,0.48,short,0.229,0.3212,False,background,21.7,21.61
MVI_40963,19,0,346,379,34,1.36,medium,0.4922,0.9758,True,background,110.42,106.94
MVI_40963,20,0,400,433,34,1.36,medium,0.5381,0.8894,True,background,103.5,101.76
MVI_40963,23,0,440,451,12,0.48,short,0.2433,0.4383,False,background,24.3,23.28
MVI_40963,30,0,545,583,39,1.56,long,0.4766,0.9693,True,background,123.81,121.11
MVI_40963,32,0,586,624,39,1.56,long,0.4664,0.9859,True,background,128.66,122.19
MVI_40963,33,0,569,577,9,0.36,short,0.1648,0.1847,False,vehicle,15.09,14.35
MVI_40963,33,1,620,666,47,1.88,long,0.3309,0.4808,False,background,65.09,59.15
MVI_40963,35,0,632,671,40,1.6,long,0.4867,0.9734,True,background,114.92,113.3
MVI_40963,38,0,611,621,11,0.44,short,0.6203,0.7644,True,vehicle,43.56,42.04
MVI_40963,39,0,669,710,42,1.68,long,0.5095,0.9424,True,background,114.49,111.08
MVI_40963,41,0,707,731,25,1.0,medium,0.4423,0.83,True,background,43.46,42.1
MVI_40963,43,0,730,774,45,1.8,long,0.4831,0.9169,True,background,115.95,112.22
MVI_40963,44,0,704,742,39,1.56,long,0.2937,0.463,False,vehicle,133.29,130.27
MVI_40963,44,1,755,781,27,1.08,medium,0.5278,0.8313,True,background,35.96,35.3
MVI_40963,46,0,781,806,26,1.04,medium,0.4459,0.7459,True,background,38.67,37.48
MVI_40963,52,0,809,849,41,1.64,long,0.5159,0.9689,True,background,123.09,116.0
MVI_40963,56,0,855,857,3,0.12,short,0.1861,0.2522,False,vehicle,3.04,3.03
MVI_40963,57,0,877,880,4,0.16,short,0.1099,0.1116,False,background,2.64,2.64
MVI_40963,60,0,860,898,39,1.56,long,0.5139,0.9786,True,background,119.23,118.24
MVI_40963,63,0,900,937,38,1.52,long,0.493,1.0,True,background,122.49,118.73
MVI_40963,67,0,951,966,16,0.64,medium,0.4954,0.8785,True,vehicle,17.16,17.07
MVI_40963,68,0,930,971,42,1.68,long,0.498,0.9637,True,background,131.29,129.33
MVI_40963,69,0,923,924,2,0.08,short,0.1008,0.1011,False,vehicle,4.91,4.91
MVI_40963,69,1,956,981,26,1.04,medium,0.5576,0.9344,True,background,44.07,42.24
MVI_40963,71,0,943,956,14,0.56,medium,0.1464,0.1704,False,vehicle,46.23,46.21
MVI_40963,71,1,978,1006,29,1.16,medium,0.5152,0.9375,True,background,46.65,44.81
MVI_40963,72,0,954,998,45,1.8,long,0.4892,0.9776,True,background,135.22,129.28
MVI_40963,79,0,1061,1100,40,1.6,long,0.4902,0.8868,True,background,121.14,118.36
MVI_40963,85,0,1145,1201,57,2.28,long,0.2932,0.5613,False,background,96.55,94.73
MVI_40963,88,0,1146,1181,36,1.44,medium,0.5024,0.9592,True,background,115.43,114.06
MVI_40963,91,0,1216,1245,30,1.2,medium,0.5448,0.9815,True,background,102.03,100.7
MVI_40963,94,0,1288,1306,19,0.76,medium,0.41,0.7533,True,background,27.46,25.09
MVI_40963,95,0,1284,1313,30,1.2,medium,0.4704,0.9576,True,background,111.68,109.91
MVI_40963,98,0,1312,1340,29,1.16,medium,0.545,0.9901,True,background,113.08,111.04
MVI_40963,102,0,1367,1402,36,1.44,medium,0.4636,0.9746,True,background,122.85,118.62
MVI_40963,103,0,1420,1441,22,0.88,medium,0.3772,0.8471,True,background,38.15,36.71
MVI_40963,106,1,1450,1498,49,1.96,long,0.3688,0.5478,False,vehicle,390.6,389.6
MVI_40963,107,0,1445,1480,36,1.44,medium,0.4929,0.9676,True,background,118.94,117.72
MVI_40963,108,0,1441,1451,11,0.44,short,0.4722,0.6751,False,vehicle,6.86,4.4
MVI_40963,113,0,1515,1552,38,1.52,long,0.5391,0.9957,True,background,119.58,116.86
MVI_40963,117,0,1548,1585,38,1.52,long,0.5121,0.9866,True,background,126.48,123.41
MVI_40963,123,0,1587,1621,35,1.4,medium,0.5077,0.9275,True,background,113.01,111.86
MVI_40963,126,0,1615,1631,17,0.68,medium,0.4945,0.8166,True,background,39.09,39.01
MVI_40963,129,0,1633,1671,39,1.56,long,0.5313,0.9882,True,background,126.24,119.68
MVI_40963,132,0,1697,1736,40,1.6,long,0.5345,0.9879,True,background,128.13,120.76
MVI_40963,134,0,1721,1731,11,0.44,short,0.3726,0.6315,False,background,35.43,34.88
MVI_40963,140,0,1781,1796,16,0.64,medium,0.4925,0.893,True,background,42.72,41.77
MVI_40963,141,0,1810,1816,7,0.28,short,0.2226,0.2817,False,background,14.68,14.61
MVI_40981,95,0,1681,1701,21,0.84,medium,0.359,0.7205,True,vehicle,35.13,32.55
MVI_40991,1,0,1,31,31,1.24,medium,0.8743,1.0,True,background,286.72,285.61
MVI_40991,2,0,76,115,40,1.6,long,0.5434,1.0,True,background,251.98,246.53
MVI_40991,3,0,127,172,46,1.84,long,0.5531,0.9951,True,background,260.62,257.96
MVI_40991,4,0,340,388,49,1.96,long,0.5342,1.0,True,background,666.43,664.96
MVI_40991,5,0,390,482,93,3.72,long,0.4158,0.976,True,background,362.6,356.69
MVI_40991,5,1,519,556,38,1.52,long,0.3401,0.6498,False,vehicle,18.21,11.46
MVI_40991,6,0,414,445,32,1.28,medium,0.7725,1.0,True,background,314.56,312.48
MVI_40991,7,0,457,498,42,1.68,long,0.5129,0.9891,True,background,261.95,259.89
MVI_40991,7,1,556,621,66,2.64,long,0.1666,0.3291,False,vehicle,33.79,21.89
MVI_40991,8,0,497,540,44,1.76,long,0.5273,0.9874,True,background,256.69,254.78
MVI_40991,8,1,677,727,51,2.04,long,0.3782,0.624,False,vehicle,59.03,52.95
MVI_40991,9,0,569,656,88,3.52,long,0.4433,0.9911,True,both,632.32,626.97
MVI_40991,9,1,717,734,18,0.72,medium,0.2125,0.2775,False,vehicle,10.01,7.72
MVI_40991,10,0,561,644,84,3.36,long,0.5733,1.0,True,background,768.26,760.95
MVI_40991,11,0,609,680,72,2.88,long,0.5873,1.0,True,background,684.67,681.29
MVI_40991,12,0,652,720,69,2.76,long,0.5676,0.9989,True,background,656.27,651.25
MVI_40991,13,0,718,766,49,1.96,long,0.5094,0.9945,True,background,264.12,260.86
MVI_40991,13,1,809,818,10,0.4,short,0.1227,0.1375,False,vehicle,8.73,7.99
MVI_40991,14,0,727,789,63,2.52,long,0.6136,0.9949,True,background,667.19,662.26
MVI_40991,15,0,814,870,57,2.28,long,0.5437,1.0,True,background,666.14,663.0
MVI_40991,16,0,909,960,52,2.08,long,0.5283,1.0,True,background,643.53,641.06
MVI_40991,17,0,985,1021,37,1.48,medium,0.5915,0.9993,True,background,314.68,314.27
MVI_40991,18,0,1040,1045,6,0.24,short,0.1506,0.2098,False,background,70.66,70.0
MVI_40991,18,1,1058,1090,33,1.32,medium,0.748,1.0,True,background,313.53,311.88
MVI_40991,19,0,1158,1197,40,1.6,long,0.543,0.9994,True,background,244.32,242.52
MVI_40991,20,0,1203,1234,32,1.28,medium,0.598,0.991,True,background,217.42,214.83
MVI_40991,21,1,1258,1296,39,1.56,long,0.7433,1.0,True,background,311.65,311.02
MVI_40991,22,0,1281,1339,59,2.36,long,0.6061,0.9986,True,background,663.81,660.47
MVI_40991,23,0,1331,1393,63,2.52,long,0.6193,0.9997,True,background,692.45,689.7
MVI_40991,24,0,1400,1441,42,1.68,long,0.5076,0.9882,True,background,263.51,261.16
MVI_40991,24,1,1449,1499,51,2.04,long,0.3098,0.4769,False,vehicle,84.85,80.22
MVI_40991,25,0,1398,1454,57,2.28,long,0.5364,1.0,True,background,629.69,625.07
MVI_40991,26,0,1690,1806,117,4.68,long,0.3826,0.9996,True,vehicle,454.91,447.69
MVI_40991,27,0,1676,1731,56,2.24,long,0.5712,1.0,True,background,640.18,630.27
MVI_40991,28,0,1817,1820,4,0.16,short,0.1906,0.2573,False,background,32.25,32.25
MVI_40992,2,0,15,54,40,1.6,long,0.506,0.9856,True,background,283.07,282.36
MVI_40992,2,1,89,96,8,0.32,short,0.1751,0.2497,False,vehicle,10.31,10.25
MVI_40992,3,0,54,81,28,1.12,medium,0.5669,0.9954,True,background,255.84,254.58
MVI_40992,4,0,146,184,39,1.56,long,0.5101,0.9863,True,background,282.19,280.9
MVI_40992,5,0,228,293,66,2.64,long,0.6326,0.998,True,both,297.87,291.51
MVI_40992,5,1,339,354,16,0.64,medium,0.1962,0.2585,False,vehicle,7.96,3.41
MVI_40992,6,0,224,275,52,2.08,long,0.5689,1.0,True,background,608.94,606.09
MVI_40992,7,0,294,328,35,1.4,medium,0.5959,1.0,True,background,279.44,279.04
MVI_40992,8,0,322,396,75,3.0,long,0.527,0.9981,True,both,427.65,425.61
MVI_40992,9,0,306,369,64,2.56,long,0.6572,1.0,True,background,650.22,646.72
MVI_40992,10,0,386,425,40,1.6,long,0.5518,0.9795,True,background,275.75,275.27
MVI_40992,11,0,491,537,47,1.88,long,0.6778,0.9994,True,background,645.49,641.0
MVI_40992,12,0,492,517,26,1.04,medium,0.3822,0.7093,True,vehicle,277.96,274.77
MVI_40992,12,1,524,563,40,1.6,long,0.53,0.9858,True,background,270.79,269.48
MVI_40992,12,2,575,609,35,1.4,medium,0.3665,0.4997,False,vehicle,70.68,69.26
MVI_40992,13,0,531,581,51,2.04,long,0.5851,1.0,True,background,639.69,636.28
MVI_40992,14,0,581,633,53,2.12,long,0.6287,1.0,True,background,602.77,600.7
MVI_40992,15,0,688,746,59,2.36,long,0.6279,1.0,True,background,629.81,626.34
MVI_40992,16,0,775,832,58,2.32,long,0.5853,1.0,True,background,615.13,611.13
MVI_40992,17,0,838,889,52,2.08,long,0.5879,0.9985,True,background,580.65,577.49
MVI_40992,18,0,917,933,17,0.68,medium,0.2048,0.3473,False,background,206.25,204.11
MVI_40992,18,1,938,975,38,1.52,long,0.7632,1.0,True,background,333.36,332.45
MVI_40992,19,0,973,1012,40,1.6,long,0.5285,0.9773,True,background,271.12,269.95
MVI_40992,19,1,1048,1066,19,0.76,medium,0.2185,0.251,False,vehicle,11.78,11.08
MVI_40992,20,0,987,1033,47,1.88,long,0.6956,0.9993,True,background,656.27,654.84
MVI_40992,21,0,996,1005,10,0.4,short,0.4282,0.9778,True,vehicle,91.47,90.85
MVI_40992,21,1,1025,1068,44,1.76,long,0.5417,1.0,True,background,268.75,268.3
MVI_40992,21,2,1084,1126,43,1.72,long,0.1989,0.3042,False,vehicle,73.23,71.16
MVI_40992,22,0,1031,1088,58,2.32,long,0.6497,0.9987,True,background,634.52,630.09
MVI_40992,23,0,1123,1168,46,1.84,long,0.5454,0.9889,True,background,291.48,290.14
MVI_40992,23,1,1187,1218,32,1.28,medium,0.2,0.2613,False,vehicle,35.6,33.16
MVI_40992,24,0,1131,1184,54,2.16,long,0.6101,1.0,True,background,635.47,632.72
MVI_40992,25,0,1195,1226,32,1.28,medium,0.5641,0.9926,True,background,260.72,259.61
MVI_40992,26,0,1267,1305,39,1.56,long,0.5792,0.972,True,background,268.31,267.48
MVI_40992,26,1,1370,1371,2,0.08,short,0.1665,0.177,False,vehicle,0.3,0.3
MVI_40992,27,0,1310,1353,44,1.76,long,0.5178,0.9915,True,background,289.46,288.63
MVI_40992,27,1,1421,1431,11,0.44,short,0.153,0.1986,False,vehicle,8.0,7.69
MVI_40992,28,0,1343,1401,59,2.36,long,0.5771,1.0,True,background,628.26,625.01
MVI_40992,29,0,1388,1450,63,2.52,long,0.5483,1.0,True,background,620.47,617.58
MVI_40992,30,0,1457,1541,85,3.4,long,0.4715,0.9956,True,vehicle,412.4,410.89
MVI_40992,31,0,1446,1508,63,2.52,long,0.5801,1.0,True,background,630.28,626.35
MVI_40992,32,0,1591,1633,43,1.72,long,0.6216,1.0,True,background,653.57,651.12
MVI_40992,33,0,1669,1796,128,5.12,long,0.4492,0.9862,True,vehicle,398.6,392.91
MVI_40992,34,0,1686,1746,61,2.44,long,0.58,1.0,True,background,673.61,668.82
MVI_40992,35,0,1721,1784,64,2.56,long,0.6517,1.0,True,background,664.69,661.36
MVI_40992,36,0,1731,1741,11,0.44,short,0.4121,0.7816,True,vehicle,75.69,73.98
MVI_40992,36,1,1769,1835,67,2.68,long,0.5385,0.9909,True,background,266.99,264.75
MVI_40992,36,2,1855,1901,47,1.88,long,0.2948,0.3399,False,vehicle,72.55,71.19
MVI_40992,37,0,1808,1898,91,3.64,long,0.5769,0.999,True,background,364.15,357.95
MVI_40992,37,1,1917,1951,35,1.4,medium,0.3276,0.4994,False,vehicle,57.74,57.45
MVI_40992,38,0,1796,1857,62,2.48,long,0.6567,1.0,True,background,617.74,613.7
MVI_40992,39,0,1851,1926,76,3.04,long,0.6393,1.0,True,background,604.33,598.56
MVI_40992,40,0,1928,1976,49,1.96,long,0.5465,0.9481,True,background,264.67,264.28
MVI_40992,41,0,1991,2042,52,2.08,long,0.589,0.9975,True,background,600.2,595.81
MVI_40992,42,0,2042,2096,55,2.2,long,0.5872,1.0,True,background,613.25,609.3
MVI_40992,43,0,2100,2137,38,1.52,long,0.551,0.9936,True,background,282.43,281.05
MVI_40992,44,0,2143,2160,18,0.72,medium,0.391,0.4953,False,vehicle,171.69,170.93
MVI_40992,45,0,2141,2160,20,0.8,medium,0.4281,0.577,False,background,341.51,339.94
MVI_41063,3,0,1,11,11,0.44,short,0.385,0.4679,False,background,55.98,55.86
MVI_41063,12,0,27,91,65,2.6,long,0.6055,0.7193,True,background,826.85,826.32
MVI_41063,18,0,82,111,30,1.2,medium,0.3724,0.5083,False,vehicle,409.38,409.22
MVI_41063,20,0,91,151,61,2.44,long,0.4888,0.6262,False,background,796.1,794.92
MVI_41063,22,0,131,191,61,2.44,long,0.6842,0.9585,True,vehicle,712.53,711.97
MVI_41063,23,0,132,196,65,2.6,long,0.4048,0.5242,False,background,820.03,819.38
MVI_41063,27,0,227,241,15,0.6,medium,0.3332,0.4786,False,vehicle,78.91,78.81
MVI_41063,28,0,185,246,62,2.48,long,0.4615,0.5798,False,background,792.63,791.98
MVI_41063,32,0,221,241,21,0.84,medium,0.397,0.4694,False,vehicle,360.75,360.68
MVI_41063,34,0,221,301,81,3.24,long,0.408,0.5465,False,vehicle,830.7,830.39
MVI_41063,35,0,237,301,65,2.6,long,0.459,0.619,False,background,831.68,831.08
MVI_41063,38,0,358,366,9,0.36,short,0.2234,0.2502,False,vehicle,35.82,35.82
MVI_41063,39,0,293,356,64,2.56,long,0.5344,0.7005,True,background,814.06,812.82
MVI_41063,41,0,344,387,44,1.76,long,0.2408,0.3587,False,vehicle,401.04,400.84
MVI_41063,43,0,332,361,30,1.2,medium,0.27,0.3991,False,vehicle,251.59,251.06
MVI_41063,44,0,334,396,63,2.52,long,0.4886,0.6349,False,background,802.72,802.19
MVI_41063,46,0,373,411,39,1.56,long,0.3522,0.506,False,vehicle,554.75,554.69
MVI_41063,47,0,375,441,67,2.68,long,0.4652,0.6434,False,background,829.62,828.65
MVI_41063,57,0,532,591,60,2.4,long,0.4685,0.5782,False,background,781.98,781.69
MVI_41063,59,0,546,547,2,0.08,short,0.1068,0.1118,False,vehicle,11.07,11.07
MVI_41063,59,1,580,621,42,1.68,long,0.121,0.1442,False,vehicle,301.74,301.65
MVI_41063,61,0,597,623,27,1.08,medium,0.3161,0.3978,False,vehicle,283.12,282.74
MVI_41063,64,0,586,646,61,2.44,long,0.6188,0.793,True,background,823.54,823.35
MVI_41063,68,0,677,696,20,0.8,medium,0.2801,0.4986,False,vehicle,96.43,96.33
MVI_41063,71,0,637,701,65,2.6,long,0.5499,0.6882,False,background,820.48,819.72
MVI_41063,76,0,718,781,64,2.56,long,0.4861,0.6016,False,background,804.81,804.32
MVI_41063,78,0,773,811,39,1.56,long,0.278,0.3775,False,vehicle,249.75,249.55
MVI_41063,79,0,751,811,61,2.44,long,0.609,0.7468,True,background,799.68,799.31
MVI_41063,82,0,751,761,11,0.44,short,0.2622,0.3269,False,vehicle,115.93,115.91
MVI_41063,82,1,797,823,27,1.08,medium,0.274,0.3675,False,vehicle,160.91,160.76
MVI_41063,84,0,809,827,19,0.76,medium,0.1243,0.1552,False,vehicle,149.49,149.45
MVI_41063,86,0,781,820,40,1.6,long,0.6016,1.0,True,vehicle,564.93,564.78
MVI_41063,87,0,785,856,72,2.88,long,0.4353,0.5629,False,background,810.99,810.35
MVI_41063,93,0,856,921,66,2.64,long,0.5463,0.7036,True,background,815.58,815.2
MVI_41063,104,0,981,1041,61,2.44,long,0.1985,0.271,False,vehicle,777.83,777.73
MVI_41063,105,0,983,1046,64,2.56,long,0.5884,0.7182,True,background,802.95,802.61
MVI_41063,109,0,1022,1086,65,2.6,long,0.5279,0.6455,False,background,828.26,827.33
MVI_41063,110,0,1067,1075,9,0.36,short,0.4947,0.8262,True,vehicle,47.53,47.37
MVI_41063,111,0,1053,1106,54,2.16,long,0.209,0.287,False,vehicle,417.27,416.56
MVI_41063,113,0,1083,1099,17,0.68,medium,0.3258,0.4899,False,vehicle,158.47,158.3
MVI_41063,113,1,1160,1181,22,0.88,medium,0.4009,0.4985,False,vehicle,71.26,70.8
MVI_41063,117,0,1084,1146,63,2.52,long,0.6162,0.7594,True,background,809.81,809.27
MVI_41063,121,0,1117,1181,65,2.6,long,0.5373,0.6654,False,background,818.28,817.63
MVI_41063,125,0,1151,1221,71,2.84,long,0.5888,0.7369,True,background,856.26,855.92
MVI_41063,129,0,1194,1251,58,2.32,long,0.524,0.7165,True,background,773.74,773.53
MVI_41063,130,0,1239,1291,53,2.12,long,0.3279,0.4377,False,vehicle,420.66,420.49
MVI_41063,131,0,1226,1291,66,2.64,long,0.5824,0.7146,True,background,841.05,840.65
MVI_41063,132,0,1226,1261,36,1.44,medium,0.3749,0.6264,False,vehicle,473.2,473.0
MVI_41063,133,1,1284,1291,8,0.32,short,0.1163,0.121,False,vehicle,37.6,37.57
MVI_41063,139,0,1302,1345,44,1.76,long,0.1974,0.2585,False,vehicle,283.49,283.0
MVI_41063,140,0,1281,1341,61,2.44,long,0.6336,0.753,True,background,814.3,813.86
MVI_41063,141,0,1281,1299,19,0.76,medium,0.2318,0.5008,False,vehicle,365.13,365.03
MVI_41063,142,0,1282,1301,20,0.8,medium,0.1614,0.1958,False,vehicle,329.21,329.18
MVI_41063,142,1,1321,1361,41,1.64,long,0.5481,1.0,True,vehicle,263.13,262.69
MVI_41063,145,0,1379,1399,21,0.84,medium,0.1775,0.2947,False,vehicle,103.78,103.59
MVI_41063,147,0,1332,1396,65,2.6,long,0.4042,0.4981,False,background,837.08,836.09
MVI_41063,150,0,1353,1416,64,2.56,long,0.626,0.7271,True,background,813.4,812.89
MVI_41063,154,0,1400,1466,67,2.68,long,0.4809,0.6999,False,background,832.09,831.37
MVI_41063,157,0,1426,1505,80,3.2,long,0.4196,0.5395,False,vehicle,859.23,858.87
MVI_41063,158,0,1426,1456,31,1.24,medium,0.3978,0.5449,False,vehicle,455.86,455.72
MVI_41063,160,0,1455,1505,51,2.04,long,0.4875,0.6576,False,background,725.36,725.12
MVI_41073,7,0,6,62,57,2.28,long,0.4211,0.6267,False,background,752.16,751.46
MVI_41073,11,0,41,98,58,2.32,long,0.4285,0.5988,False,background,787.76,787.25
MVI_41073,12,0,63,111,49,1.96,long,0.2988,0.4699,False,vehicle,313.22,313.05
MVI_41073,12,1,137,151,15,0.6,medium,0.275,0.421,False,vehicle,211.58,211.54
MVI_41073,14,0,76,134,59,2.36,long,0.4423,0.5687,False,background,797.99,797.59
MVI_41073,17,0,136,201,66,2.64,long,0.3593,0.5535,False,vehicle,851.58,851.24
MVI_41073,18,0,136,195,60,2.4,long,0.533,0.6967,False,background,786.06,785.53
MVI_41073,20,0,177,203,27,1.08,medium,0.3586,0.4891,False,vehicle,201.27,201.13
MVI_41073,29,0,271,331,61,2.44,long,0.5735,0.7065,True,background,776.16,776.0
MVI_41073,40,0,431,491,61,2.44,long,0.5232,0.5905,False,background,768.41,768.12
MVI_41073,41,0,431,481,51,2.04,long,0.4481,0.6022,False,vehicle,432.96,432.73
MVI_41073,44,0,494,531,38,1.52,long,0.3886,0.8107,True,vehicle,547.89,547.77
MVI_41073,46,0,510,551,42,1.68,long,0.3963,0.6291,False,vehicle,659.19,659.03
MVI_41073,47,0,491,547,57,2.28,long,0.5899,0.6757,False,background,805.19,804.75
MVI_41073,53,0,561,612,52,2.08,long,0.672,0.7557,True,background,760.12,759.72
MVI_41073,55,0,566,586,21,0.84,medium,0.2267,0.3316,False,vehicle,93.15,93.12
MVI_41073,61,0,651,671,21,0.84,medium,0.2136,0.2764,False,vehicle,113.02,112.99
MVI_41073,63,0,676,738,63,2.52,long,0.525,0.6118,False,background,786.16,785.37
MVI_41073,66,0,721,766,46,1.84,long,0.6761,1.0,True,vehicle,663.11,653.22
MVI_41073,72,0,746,801,56,2.24,long,0.5321,0.6319,False,background,778.2,777.32
MVI_41073,76,0,776,841,66,2.64,long,0.4053,0.5655,False,vehicle,846.73,846.35
MVI_41073,80,0,836,876,41,1.64,long,0.2863,0.3788,False,vehicle,334.26,333.97
MVI_41073,81,0,856,926,71,2.84,long,0.4571,0.6101,False,background,797.18,795.24
MVI_41073,83,0,901,951,51,2.04,long,0.242,0.727,True,vehicle,735.78,734.96
MVI_41073,84,0,881,947,67,2.68,long,0.4037,0.5721,False,background,771.89,770.48
MVI_41073,90,0,926,996,71,2.84,long,0.3475,0.5947,False,background,794.05,792.46
MVI_41073,96,0,991,1054,64,2.56,long,0.2204,0.3579,False,background,756.38,755.67
MVI_41073,98,0,1041,1105,65,2.6,long,0.3542,0.4682,False,background,790.81,789.85
MVI_41073,104,0,1116,1180,65,2.6,long,0.4435,0.5275,False,background,809.82,809.33
MVI_41073,105,0,1159,1206,48,1.92,long,0.4184,0.6236,False,vehicle,585.94,585.75
MVI_41073,106,0,1131,1171,41,1.64,long,0.2815,0.3998,False,vehicle,222.26,222.07
MVI_41073,111,0,1116,1176,61,2.44,long,0.6931,0.9165,True,vehicle,581.3,580.62
MVI_41073,116,0,1251,1318,68,2.72,long,0.5867,0.7068,True,background,800.03,799.58
MVI_41073,121,0,1286,1354,69,2.76,long,0.5565,0.646,False,background,800.87,800.09
MVI_41073,126,0,1356,1423,68,2.72,long,0.6585,0.7566,True,background,799.83,799.33
MVI_41073,134,0,1431,1494,64,2.56,long,0.5788,0.697,False,background,797.59,797.32
MVI_41073,136,0,1456,1506,51,2.04,long,0.4769,0.6948,False,vehicle,369.98,369.83
MVI_41073,137,0,1456,1519,64,2.56,long,0.5357,0.6071,False,background,800.15,799.51
MVI_41073,139,0,1502,1523,22,0.88,medium,0.2055,0.2377,False,vehicle,227.99,227.87
MVI_41073,142,0,1516,1579,64,2.56,long,0.6477,0.7157,True,background,796.11,795.65
MVI_41073,143,0,1583,1601,19,0.76,medium,0.4115,0.9871,True,vehicle,319.32,316.01
MVI_41073,151,0,1621,1683,63,2.52,long,0.6101,0.7219,True,background,770.96,770.41
MVI_41073,154,0,1703,1721,19,0.76,medium,0.2246,0.3474,False,vehicle,383.34,383.32
MVI_41073,155,0,1651,1671,21,0.84,medium,0.3847,0.4746,False,vehicle,84.22,84.1
MVI_41073,155,1,1732,1746,15,0.6,medium,0.4945,1.0,True,vehicle,242.28,242.13
MVI_41073,159,0,1676,1740,65,2.6,long,0.5644,0.6735,False,background,786.44,785.95
MVI_41073,166,0,1823,1825,3,0.12,short,0.1402,0.1796,False,vehicle,23.95,23.95
MVI_41073,167,0,1766,1825,60,2.4,long,0.5036,0.6182,False,background,743.29,743.05
MVI_41073,168,0,1771,1781,11,0.44,short,0.1642,0.2271,False,vehicle,55.91,55.83
MVI_41073,169,0,1781,1816,36,1.44,medium,0.3063,0.3804,False,vehicle,705.02,704.57
MVI_63521,4,0,56,61,6,0.24,short,0.2916,0.4599,False,vehicle,2.13,2.13
MVI_63521,6,0,309,407,99,3.96,long,0.2043,0.2787,False,vehicle,110.32,100.8
MVI_63521,15,0,181,261,81,3.24,long,0.6064,0.9498,True,vehicle,310.31,307.13
MVI_63521,25,0,595,612,18,0.72,medium,0.176,0.2018,False,vehicle,4.1,1.24
MVI_63521,25,1,649,669,21,0.84,medium,0.24,0.3084,False,vehicle,6.06,1.77
MVI_63521,25,2,889,907,19,0.76,medium,0.275,0.3534,False,vehicle,3.91,1.01
MVI_63521,25,3,985,992,8,0.32,short,0.2004,0.2694,False,vehicle,1.57,0.67
MVI_63521,25,4,1209,1225,17,0.68,medium,0.1837,0.2415,False,vehicle,5.0,2.49
MVI_63521,39,0,816,834,19,0.76,medium,0.8802,1.0,True,vehicle,4.72,4.08
MVI_63521,46,0,1351,1451,101,4.04,long,0.1678,0.2056,False,vehicle,122.07,114.67
MVI_63521,48,0,1073,1083,11,0.44,short,0.17,0.2359,False,vehicle,4.26,4.09
MVI_63521,50,0,1098,1138,41,1.64,long,0.3268,0.4691,False,vehicle,14.86,12.2
MVI_63521,52,0,1136,1156,21,0.84,medium,0.4858,0.7052,True,vehicle,12.26,10.12
MVI_63521,52,1,1238,1326,89,3.56,long,0.1564,0.22,False,vehicle,111.16,105.9
MVI_63521,54,0,1183,1283,101,4.04,long,0.5343,0.9643,True,vehicle,88.95,35.67
MVI_63521,54,1,1400,1501,102,4.08,long,0.4984,1.0,True,vehicle,470.79,445.43
MVI_63521,57,0,1191,1266,76,3.04,long,0.5116,0.7563,True,vehicle,44.93,33.78
MVI_63521,57,1,1327,1359,33,1.32,medium,0.1129,0.1284,False,vehicle,38.9,38.78
MVI_63521,61,0,1256,1276,21,0.84,medium,0.4587,1.0,True,vehicle,8.05,7.49
MVI_63521,63,0,1304,1429,126,5.04,long,0.5439,1.0,True,vehicle,102.29,71.56
MVI_63521,63,1,1433,1453,21,0.84,medium,0.2161,0.2457,False,vehicle,9.1,8.12
MVI_63521,65,0,1506,1522,17,0.68,medium,0.1828,0.1985,False,vehicle,4.37,2.54
MVI_63521,65,1,1686,1703,18,0.72,medium,0.1697,0.192,False,vehicle,7.9,7.84
MVI_63521,67,0,1381,1411,31,1.24,medium,0.2917,0.4383,False,vehicle,19.64,17.47
MVI_63521,77,0,1728,1771,44,1.76,long,0.4695,1.0,True,vehicle,26.14,22.6
MVI_63521,83,0,1859,1883,25,1.0,medium,0.216,0.2956,False,vehicle,68.54,68.38
MVI_63525,6,0,46,56,11,0.44,short,0.417,0.5709,False,vehicle,9.66,5.33
MVI_63544,1,0,1,11,11,0.44,short,0.4294,0.5347,False,both,71.62,59.74
MVI_63544,2,0,1,16,16,0.64,medium,0.9284,0.9844,True,background,253.01,252.0
MVI_63544,3,0,1,56,56,2.24,long,0.6792,1.0,True,background,520.32,518.21
MVI_63544,4,0,1,119,119,4.76,long,0.7119,1.0,True,background,356.95,353.99
MVI_63544,5,0,4,91,88,3.52,long,0.4867,0.9089,True,vehicle,569.31,565.6
MVI_63544,6,0,2,31,30,1.2,medium,0.7801,1.0,True,both,120.7,118.22
MVI_63544,6,1,39,91,53,2.12,long,0.5046,0.9976,True,background,518.25,513.87
MVI_63544,7,0,16,163,148,5.92,long,0.4366,1.0,True,background,780.45,768.3
MVI_63544,8,0,76,121,46,1.84,long,0.4269,0.6836,False,both,103.19,101.42
MVI_63544,8,1,125,138,14,0.56,medium,0.1234,0.1434,False,background,48.7,48.37
MVI_63544,8,2,143,153,11,0.44,short,0.1285,0.1559,False,background,44.73,44.68
MVI_63544,8,3,159,220,62,2.48,long,0.4059,0.9928,True,background,488.49,486.62
MVI_63544,9,0,81,176,96,3.84,long,0.8131,0.9985,True,background,765.41,759.7
MVI_63544,10,0,101,148,48,1.92,long,0.202,0.3202,False,background,95.32,92.82
MVI_63544,10,1,159,265,107,4.28,long,0.3795,0.998,True,both,654.98,648.11
MVI_63544,11,0,126,246,121,4.84,long,0.8503,1.0,True,background,838.83,833.07
MVI_63544,12,0,283,366,84,3.36,long,0.3591,0.9898,True,background,519.39,515.86
MVI_63544,13,0,438,476,39,1.56,long,0.2974,0.3884,False,background,160.38,154.56
MVI_63544,14,0,561,572,12,0.48,short,0.2494,0.3215,False,background,203.65,201.63
MVI_63544,15,0,689,718,30,1.2,medium,0.3419,0.4615,False,background,124.01,123.72
MVI_63544,16,0,821,828,8,0.32,short,0.2576,0.3145,False,background,195.07,194.84
MVI_63544,17,0,1102,1113,12,0.48,short,0.2347,0.2648,False,background,240.85,239.75
MVI_63552,5,0,1,36,36,1.44,medium,0.4399,0.5549,False,background,361.84,361.21
MVI_63552,6,0,31,42,12,0.48,short,0.4086,0.5384,False,background,159.4,155.66
MVI_63552,7,0,51,101,51,2.04,long,0.535,0.6762,False,background,738.79,735.83
MVI_63552,8,0,51,81,31,1.24,medium,0.2837,0.5606,False,vehicle,507.49,506.87
MVI_63552,12,0,95,151,57,2.28,long,0.3464,0.5168,False,background,682.96,682.18
MVI_63552,13,0,110,151,42,1.68,long,0.716,0.8381,True,background,652.85,651.95
MVI_63552,14,0,106,111,6,0.24,short,0.5587,0.7309,True,background,58.71,58.66
MVI_63552,18,0,146,206,61,2.44,long,0.3394,0.4936,False,background,710.33,709.07
MVI_63552,20,0,157,211,55,2.2,long,0.6541,0.7742,True,background,745.12,743.42
MVI_63552,21,0,161,181,21,0.84,medium,0.3432,0.4538,False,vehicle,192.58,192.26
MVI_63552,23,0,174,231,58,2.32,long,0.2909,0.4071,False,background,683.81,683.18
MVI_63552,28,0,211,221,11,0.44,short,0.5077,0.866,True,background,159.85,156.83
MVI_63552,29,0,231,240,10,0.4,short,0.489,0.7058,True,background,127.88,89.71
MVI_63552,31,0,252,301,50,2.0,long,0.2369,0.3877,False,vehicle,488.35,487.95
MVI_63552,32,0,292,316,25,1.0,medium,0.3357,0.4192,False,vehicle,158.94,158.76
MVI_63552,33,0,270,316,47,1.88,long,0.4303,0.4887,False,background,668.54,668.18
MVI_63552,34,0,293,341,49,1.96,long,0.5939,0.8241,True,background,715.72,714.48
MVI_63552,36,0,301,316,16,0.64,medium,0.6642,0.9595,True,background,199.03,198.01
MVI_63552,37,0,323,366,44,1.76,long,0.3176,0.5386,False,vehicle,425.58,424.36
MVI_63552,38,0,317,366,50,2.0,long,0.43,0.5944,False,background,695.93,694.82
MVI_63552,42,0,391,400,10,0.4,short,0.5091,0.9186,True,background,166.58,166.54
MVI_63552,46,0,431,437,7,0.28,short,0.4462,0.7155,True,background,137.89,137.53
MVI_63552,48,0,458,516,59,2.36,long,0.7529,0.9795,True,background,723.79,722.45
MVI_63552,50,0,461,473,13,0.52,medium,0.5057,0.782,True,background,177.62,177.46
MVI_63552,52,0,487,541,55,2.2,long,0.7128,0.9866,True,background,714.26,713.01
MVI_63552,53,0,486,502,17,0.68,medium,0.6598,0.8321,True,background,169.35,167.22
MVI_63552,54,0,496,566,71,2.84,long,0.3431,0.5219,False,background,678.16,676.07
MVI_63552,55,0,496,566,71,2.84,long,0.2503,0.3248,False,vehicle,729.14,726.44
MVI_63552,60,0,538,591,54,2.16,long,0.7288,0.8611,True,background,731.94,729.38
MVI_63552,61,0,536,606,71,2.84,long,0.2933,0.4821,False,background,762.54,759.45
MVI_63552,65,0,556,567,12,0.48,short,0.559,0.9913,True,background,170.55,169.77
MVI_63552,66,0,575,626,52,2.08,long,0.7026,0.9065,True,background,693.23,692.1
MVI_63552,68,0,586,596,11,0.44,short,0.5003,0.8591,True,background,141.38,138.84
MVI_63552,69,0,594,656,63,2.52,long,0.2405,0.3543,False,background,667.23,665.41
MVI_63552,70,0,591,606,16,0.64,medium,0.5602,0.8004,True,background,178.25,177.47
MVI_63552,72,0,618,676,59,2.36,long,0.4092,0.5435,False,background,662.14,660.42
MVI_63552,73,0,627,686,60,2.4,long,0.6873,0.7905,True,background,735.45,734.59
MVI_63552,75,0,626,637,12,0.48,short,0.5495,0.9584,True,background,189.57,188.56
MVI_63552,76,0,651,664,14,0.56,medium,0.5127,0.8582,True,background,188.56,187.74
MVI_63552,78,0,664,726,63,2.52,long,0.6731,0.8138,True,background,740.33,737.58
MVI_63552,81,0,712,731,20,0.8,medium,0.1345,0.1627,False,vehicle,155.87,155.66
MVI_63552,82,0,686,701,16,0.64,medium,0.5756,0.8391,True,background,184.7,184.1
MVI_63552,83,0,698,751,54,2.16,long,0.3398,0.4997,False,background,673.82,673.16
MVI_63552,85,0,706,711,6,0.24,short,0.5503,0.7019,True,background,48.56,48.56
MVI_63552,86,0,709,761,53,2.12,long,0.5678,0.7161,True,background,694.97,694.26
MVI_63552,90,0,726,781,56,2.24,long,0.3715,0.5595,False,vehicle,679.9,678.92
MVI_63552,91,0,734,791,58,2.32,long,0.3453,0.4587,False,background,656.9,654.05
MVI_63552,92,0,731,746,16,0.64,medium,0.5787,0.9893,True,background,215.85,214.04
MVI_63552,93,0,746,765,20,0.8,medium,0.6917,0.9751,True,background,188.09,179.01
MVI_63552,94,0,757,806,50,2.0,long,0.6711,0.7913,True,background,668.25,667.44
MVI_63552,96,0,766,771,6,0.24,short,0.5865,0.7401,True,background,56.05,56.05
MVI_63552,97,0,771,780,10,0.4,short,0.1503,0.1818,False,vehicle,87.32,87.21
MVI_63552,99,0,781,796,16,0.64,medium,0.5831,0.7409,True,background,187.14,185.53
MVI_63552,101,0,796,856,61,2.44,long,0.4203,0.5961,False,background,661.69,660.42
MVI_63552,102,0,806,824,19,0.76,medium,0.5686,0.7693,True,background,215.98,215.3
MVI_63552,105,0,827,876,50,2.0,long,0.7485,0.8696,True,background,647.38,646.11
MVI_63552,107,0,850,911,62,2.48,long,0.4593,0.6546,False,background,669.08,667.1
MVI_63552,111,0,881,898,18,0.72,medium,0.5634,0.8798,True,background,229.47,228.94
MVI_63552,113,0,899,951,53,2.12,long,0.4151,0.5895,False,background,626.01,625.26
MVI_63552,114,0,896,931,36,1.44,medium,0.2557,0.6359,False,vehicle,548.34,547.9
MVI_63552,117,0,921,927,7,0.28,short,0.3711,0.6125,False,background,123.67,123.27
MVI_63552,119,0,932,981,50,2.0,long,0.7548,0.9323,True,background,673.93,673.34
MVI_63552,120,0,926,956,31,1.24,medium,0.3533,0.5061,False,vehicle,492.77,489.86
MVI_63552,122,0,958,1011,54,2.16,long,0.6007,0.7756,True,background,686.81,684.76
MVI_63552,123,0,956,969,14,0.56,medium,0.5935,0.9988,True,background,214.61,211.79
MVI_63552,124,0,961,1011,51,2.04,long,0.3289,0.4024,False,vehicle,711.65,710.48
MVI_63552,127,0,987,1041,55,2.2,long,0.6899,0.7996,True,background,707.42,706.12
MVI_63552,128,0,991,997,7,0.28,short,0.3292,0.5012,False,background,102.17,101.24
MVI_63552,129,0,997,1051,55,2.2,long,0.3863,0.5115,False,background,669.94,668.3
MVI_63552,131,0,1016,1029,14,0.56,medium,0.5116,0.944,True,background,214.08,213.88
MVI_63552,132,0,1026,1081,56,2.24,long,0.7801,0.9505,True,background,681.38,680.51
MVI_63552,133,0,1026,1036,11,0.44,short,0.2686,0.3156,False,vehicle,82.62,82.19
MVI_63552,135,0,1041,1056,16,0.64,medium,0.5416,0.9945,True,background,220.05,212.92
MVI_63552,138,0,1064,1116,53,2.12,long,0.8067,1.0,True,background,673.06,672.21
MVI_63552,140,0,1076,1087,12,0.48,short,0.5672,0.9903,True,background,162.57,161.87
MVI_63552,141,0,1086,1131,46,1.84,long,0.3015,0.4119,False,vehicle,715.94,715.1
MVI_63552,143,0,1114,1150,37,1.48,medium,0.5009,0.6414,False,background,541.39,540.71
MVI_63552,145,0,1116,1146,31,1.24,medium,0.639,0.7556,True,both,550.21,549.82
MVI_63552,146,0,1126,1135,10,0.4,short,0.3902,0.6972,False,background,150.17,150.16
MVI_63552,149,0,1141,1150,10,0.4,short,0.7719,0.9759,True,background,129.87,127.81
MVI_63552,152,0,145,157,13,0.52,medium,0.6811,0.9907,True,background,193.7,191.94
MVI_63553,5,0,1,8,8,0.32,short,0.3159,0.4967,False,background,114.52,114.48
MVI_63553,6,0,1,46,46,1.84,long,0.5106,0.5697,False,background,280.36,279.5
MVI_63553,9,0,1,76,76,3.04,long,0.5307,0.7977,True,background,797.66,796.72
MVI_63553,10,0,18,53,36,1.44,medium,0.2571,0.3485,False,background,519.13,518.9
MVI_63553,10,1,84,87,4,0.16,short,0.1908,0.2617,False,background,16.29,15.94
MVI_63553,13,0,31,39,9,0.36,short,0.3793,0.699,False,background,138.23,137.59
MVI_63553,15,0,52,116,65,2.6,long,0.7107,0.8837,True,background,824.87,823.4
MVI_63553,16,0,56,95,40,1.6,long,0.8804,1.0,True,background,497.24,487.24
MVI_63553,17,0,64,136,73,2.92,long,0.3674,0.6231,False,both,771.83,770.9
MVI_63553,18,0,73,136,64,2.56,long,0.664,0.9507,True,background,784.53,782.21
MVI_63553,23,0,111,141,31,1.24,medium,0.384,0.4827,False,vehicle,446.82,446.75
MVI_63553,24,0,115,181,67,2.68,long,0.3824,0.6418,False,background,772.08,770.93
MVI_63553,25,0,121,142,22,0.88,medium,0.6696,0.9981,True,background,257.94,254.47
MVI_63553,28,0,142,201,60,2.4,long,0.7484,0.9219,True,background,763.73,763.15
MVI_63553,29,0,159,210,52,2.08,long,0.2407,0.4399,False,vehicle,450.84,450.03
MVI_63553,31,0,152,221,70,2.8,long,0.401,0.6484,False,background,787.37,784.87
MVI_63553,32,0,189,226,38,1.52,long,0.1292,0.1807,False,vehicle,242.9,241.81
MVI_63553,33,0,156,178,23,0.92,medium,0.7074,0.9881,True,background,237.94,237.52
MVI_63553,38,0,207,266,60,2.4,long,0.7021,0.9206,True,background,784.55,782.84
MVI_63553,41,0,263,306,44,1.76,long,0.3239,0.4948,False,vehicle,302.61,302.03
MVI_63553,42,0,243,301,59,2.36,long,0.4697,0.5882,False,background,741.09,740.26
MVI_63553,43,0,241,269,29,1.16,medium,0.2368,0.4949,False,vehicle,483.16,482.5
MVI_63553,44,0,241,256,16,0.64,medium,0.5949,0.9476,True,background,229.41,228.8
MVI_63553,48,0,261,326,66,2.64,long,0.7552,0.9058,True,background,777.43,776.17
MVI_63553,51,0,293,356,64,2.56,long,0.846,0.9991,True,background,772.19,770.72
MVI_63553,52,0,296,306,11,0.44,short,0.643,0.9931,True,background,195.9,192.35
MVI_63553,54,0,308,371,64,2.56,long,0.4317,0.5544,False,background,769.45,768.51
MVI_63553,57,0,331,396,66,2.64,long,0.4491,0.6121,False,vehicle,788.76,786.96
MVI_63553,60,0,341,342,2,0.08,short,0.1248,0.1467,False,vehicle,19.96,19.96
MVI_63553,60,1,385,401,17,0.68,medium,0.1529,0.1904,False,vehicle,124.96,124.95
MVI_63553,62,0,373,436,64,2.56,long,0.2966,0.5346,False,background,737.32,735.73
MVI_63553,63,0,381,394,14,0.56,medium,0.559,0.9308,True,background,206.2,203.94
MVI_63553,64,0,387,456,70,2.8,long,0.7813,0.9934,True,background,807.7,806.31
MVI_63553,65,0,396,466,71,2.84,long,0.4329,0.5453,False,both,752.27,751.87
MVI_63553,66,0,391,410,20,0.8,medium,0.5537,0.898,True,background,230.51,227.98
MVI_63553,67,0,420,491,72,2.88,long,0.7803,0.9664,True,background,798.71,797.62
MVI_63553,70,0,447,516,70,2.8,long,0.6313,0.786,True,background,791.13,789.07
MVI_63553,71,0,498,501,4,0.16,short,0.3286,0.346,False,vehicle,97.59,97.59
MVI_63553,73,0,487,535,49,1.96,long,0.2834,0.468,False,background,632.04,631.29
MVI_63553,74,0,516,546,31,1.24,medium,0.2384,0.4127,False,vehicle,297.83,297.29
MVI_63553,75,0,496,509,14,0.56,medium,0.5725,0.9022,True,background,216.22,214.39
MVI_63553,76,0,512,571,60,2.4,long,0.7054,0.9671,True,background,757.8,756.62
MVI_63553,78,0,556,571,16,0.64,medium,0.3737,0.4786,False,vehicle,384.85,384.64
MVI_63553,79,0,533,591,59,2.36,long,0.4181,0.6058,False,background,768.97,768.16
MVI_63553,82,0,564,572,9,0.36,short,0.1542,0.2168,False,background,116.34,113.97
MVI_63553,83,0,616,636,21,0.84,medium,0.2458,0.3586,False,vehicle,110.8,110.58
MVI_63553,84,0,560,626,67,2.68,long,0.8523,1.0,True,background,778.21,775.74
MVI_63553,85,0,584,641,58,2.32,long,0.2154,0.4051,False,background,702.43,701.68
MVI_63553,86,0,588,656,69,2.76,long,0.5624,0.7675,True,background,789.18,787.46
MVI_63553,88,0,591,604,14,0.56,medium,0.5429,0.8187,True,background,222.58,218.14
MVI_63553,91,0,616,630,15,0.6,medium,0.5485,0.8393,True,background,211.66,210.86
MVI_63553,93,0,648,711,64,2.56,long,0.3521,0.4844,False,background,714.76,714.16
MVI_63553,95,0,661,675,15,0.6,medium,0.5598,0.9181,True,background,256.47,254.49
MVI_63553,96,0,664,721,58,2.32,long,0.8218,0.9448,True,background,769.19,768.54
MVI_63553,97,0,673,701,29,1.16,medium,0.2568,0.3087,False,vehicle,408.26,406.78
MVI_63553,99,0,681,699,19,0.76,medium,0.5123,0.7865,True,background,233.34,232.17
MVI_63553,102,0,710,766,57,2.28,long,0.3041,0.4441,False,vehicle,569.77,569.13
MVI_63553,103,0,710,781,72,2.88,long,0.3102,0.6101,False,background,798.36,797.49
MVI_63553,105,0,722,781,60,2.4,long,0.6582,0.8151,True,background,825.39,822.83
MVI_63553,107,0,721,735,15,0.6,medium,0.566,0.9857,True,background,217.17,215.75
MVI_63553,109,0,760,825,66,2.64,long,0.2874,0.4209,False,background,747.33,746.74
MVI_63553,111,0,835,841,7,0.28,short,0.1284,0.1475,False,vehicle,32.93,32.93
MVI_63553,113,0,778,836,59,2.36,long,0.8258,0.9435,True,background,784.28,783.04
MVI_63553,114,0,776,786,11,0.44,short,0.4817,0.7633,True,background,156.35,156.0
MVI_63553,115,0,776,846,71,2.84,long,0.3752,0.5971,False,background,883.94,882.72
MVI_63553,116,0,796,806,11,0.44,short,0.1676,0.1885,False,background,100.48,100.23
MVI_63553,118,0,801,886,86,3.44,long,0.2612,0.5828,False,vehicle,844.54,842.11
MVI_63553,119,0,832,896,65,2.6,long,0.6991,0.8615,True,background,782.66,781.26
MVI_63553,120,0,856,883,28,1.12,medium,0.2423,0.2941,False,vehicle,297.7,297.51
MVI_63553,121,0,849,916,68,2.72,long,0.3559,0.5311,False,background,758.21,755.69
MVI_63553,123,0,894,938,45,1.8,long,0.2715,0.4423,False,vehicle,351.24,350.33
MVI_63553,124,0,880,941,62,2.48,long,0.8114,1.0,True,background,762.45,761.52
MVI_63553,125,0,876,941,66,2.64,long,0.3914,0.53,False,both,878.32,876.29
MVI_63553,126,0,886,898,13,0.52,medium,0.5211,0.8344,True,background,178.84,178.27
MVI_63553,129,0,927,986,60,2.4,long,0.736,1.0,True,background,781.26,779.31
MVI_63553,131,0,966,976,11,0.44,short,0.4251,0.6327,False,background,141.34,139.97
MVI_63553,134,0,1001,1066,66,2.64,long,0.7019,0.9155,True,background,738.78,736.84
MVI_63553,135,0,1001,1056,56,2.24,long,0.4304,0.6495,False,both,809.44,808.96
MVI_63553,139,0,1034,1096,63,2.52,long,0.4581,0.5849,False,background,737.73,736.93
MVI_63553,140,0,1073,1106,34,1.36,medium,0.1961,0.2895,False,vehicle,274.17,273.33
MVI_63553,142,0,1046,1059,14,0.56,medium,0.4871,0.8637,True,background,191.81,190.26
MVI_63553,144,0,1055,1108,54,2.16,long,0.2302,0.3105,False,background,657.3,656.86
MVI_63553,145,0,1063,1121,59,2.36,long,0.8421,0.9775,True,background,772.23,771.2
MVI_63553,146,0,1083,1141,59,2.36,long,0.4273,0.652,False,background,721.08,719.9
MVI_63553,148,0,1076,1086,11,0.44,short,0.4237,0.7974,True,background,165.81,165.4
MVI_63553,149,0,1111,1151,41,1.64,long,0.3172,0.4274,False,vehicle,793.25,792.07
MVI_63553,152,0,1131,1141,11,0.44,short,0.4136,0.7448,True,background,182.16,180.3
MVI_63553,156,0,1169,1225,57,2.28,long,0.3484,0.5098,False,background,688.08,686.5
MVI_63553,156,1,1229,1236,8,0.32,short,0.2021,0.2342,False,both,37.21,37.21
MVI_63553,157,0,1181,1201,21,0.84,medium,0.308,0.4462,False,vehicle,242.41,242.25
MVI_63553,159,0,1182,1246,65,2.6,long,0.6187,0.797,True,background,801.26,799.52
MVI_63553,160,0,1181,1246,66,2.64,long,0.4155,0.6938,False,vehicle,817.17,816.51
MVI_63553,161,0,1186,1194,9,0.36,short,0.4659,0.7865,True,background,138.85,138.09
MVI_63553,162,0,1201,1206,6,0.24,short,0.5904,0.7437,True,background,53.52,52.86
MVI_63553,163,0,1201,1212,12,0.48,short,0.4543,0.6419,False,background,154.52,153.99
MVI_63553,165,0,1220,1281,62,2.48,long,0.3808,0.6552,False,background,752.17,751.37
MVI_63553,166,0,1233,1287,55,2.2,long,0.3457,0.6208,False,vehicle,524.55,522.31
MVI_63553,166,1,1298,1321,24,0.96,medium,0.2578,0.4789,False,vehicle,99.38,97.7
MVI_63553,170,0,1252,1323,72,2.88,long,0.3971,0.585,False,vehicle,647.51,646.19
MVI_63553,170,1,1328,1331,4,0.16,short,0.1566,0.2031,False,vehicle,18.84,18.84
MVI_63553,171,0,1258,1326,69,2.76,long,0.2803,0.4752,False,both,734.72,733.14
MVI_63553,172,0,1256,1308,53,2.12,long,0.2585,0.4099,False,vehicle,706.51,705.91
MVI_63553,172,1,1313,1326,14,0.56,medium,0.1909,0.2434,False,vehicle,88.09,88.01
MVI_63553,173,0,1270,1326,57,2.28,long,0.697,0.8331,True,background,760.36,759.18
MVI_63553,174,0,1282,1324,43,1.72,long,0.3258,0.5311,False,background,546.21,545.08
MVI_63553,174,1,1328,1346,19,0.76,medium,0.2262,0.3279,False,background,127.65,127.21
MVI_63553,176,0,1271,1281,11,0.44,short,0.4591,0.8215,True,background,139.34,139.23
MVI_63553,177,0,1311,1319,9,0.36,short,0.4206,0.7225,True,background,157.27,156.17
MVI_63553,180,0,1389,1397,9,0.36,short,0.1372,0.1606,False,vehicle,48.22,48.22
MVI_63553,181,0,1336,1345,10,0.4,short,0.4351,0.6849,False,background,178.43,177.96
MVI_63553,182,0,1342,1401,60,2.4,long,0.7548,0.9673,True,background,751.5,748.43
MVI_63553,183,0,1352,1405,54,2.16,long,0.453,0.5716,False,background,649.0,647.81
MVI_63553,185,0,1374,1405,32,1.28,medium,0.7829,0.9237,True,background,531.77,530.62
MVI_63553,186,0,1385,1405,21,0.84,medium,0.4335,0.573,False,background,327.41,327.12
MVI_63553,189,0,1099,1110,12,0.48,short,0.4834,0.7204,True,background,162.22,161.78
MVI_63553,190,0,1305,1361,57,2.28,long,0.6712,0.8441,True,background,773.26,772.31
MVI_63554,3,0,1,11,11,0.44,short,0.3701,0.4877,False,background,62.54,62.45
MVI_63554,4,0,1,26,26,1.04,medium,0.8288,0.9447,True,background,203.26,202.96
MVI_63554,5,0,1,40,40,1.6,long,0.2579,0.3789,False,background,351.05,350.61
MVI_63554,8,0,11,23,13,0.52,medium,0.5787,0.9815,True,background,213.78,206.66
MVI_63554,9,0,17,71,55,2.2,long,0.8846,0.9984,True,background,752.8,751.79
MVI_63554,11,0,50,101,52,2.08,long,0.7168,0.8946,True,background,699.8,698.53
MVI_63554,13,0,51,66,16,0.64,medium,0.5784,0.8089,True,background,221.43,220.02
MVI_63554,15,0,77,141,65,2.6,long,0.3817,0.4842,False,background,672.66,672.04
MVI_63554,19,0,115,176,62,2.48,long,0.4712,0.6477,False,both,656.46,655.18
MVI_63554,20,0,120,176,57,2.28,long,0.6918,0.9046,True,background,726.48,724.79
MVI_63554,22,0,136,196,61,2.44,long,0.492,0.5709,False,vehicle,739.23,738.57
MVI_63554,23,0,156,200,45,1.8,long,0.3138,0.4287,False,vehicle,545.75,545.58
MVI_63554,24,0,146,156,11,0.44,short,0.548,0.8813,True,background,169.12,169.1
MVI_63554,25,0,161,211,51,2.04,long,0.8282,1.0,True,background,689.93,688.57
MVI_63554,30,0,208,281,74,2.96,long,0.4319,0.5971,False,both,764.31,763.39
MVI_63554,31,0,201,276,76,3.04,long,0.3677,0.5091,False,vehicle,823.38,819.91
MVI_63554,32,0,213,276,64,2.56,long,0.9057,1.0,True,background,756.57,756.06
MVI_63554,33,0,262,306,45,1.8,long,0.2713,0.4292,False,vehicle,365.96,365.09
MVI_63554,35,0,236,251,16,0.64,medium,0.2551,0.6202,False,vehicle,188.89,188.88
MVI_63554,36,0,248,306,59,2.36,long,0.9148,1.0,True,background,739.16,737.2
MVI_63554,41,0,357,381,25,1.0,medium,0.3293,0.4275,False,vehicle,138.22,137.92
MVI_63554,42,0,291,301,11,0.44,short,0.5213,0.9779,True,background,186.17,184.58
MVI_63554,43,0,305,366,62,2.48,long,0.9213,1.0,True,background,748.76,747.99
MVI_63554,44,0,323,386,64,2.56,long,0.3417,0.4642,False,background,712.26,711.18
MVI_63554,47,0,343,401,59,2.36,long,0.7204,0.8728,True,background,752.72,751.01
MVI_63554,49,0,373,426,54,2.16,long,0.2396,0.3322,False,vehicle,457.67,456.1
MVI_63554,50,0,364,426,63,2.52,long,0.518,0.7282,True,background,746.97,745.8
MVI_63554,51,0,361,371,11,0.44,short,0.5805,0.8404,True,background,157.61,157.56
MVI_63554,55,0,410,471,62,2.48,long,0.2764,0.3977,False,both,711.11,709.62
MVI_63554,56,0,414,461,48,1.92,long,0.9189,0.9988,True,background,713.87,713.5
MVI_63554,58,0,426,446,21,0.84,medium,0.3394,0.3979,False,vehicle,388.34,388.07
MVI_63554,60,0,426,438,13,0.52,medium,0.536,0.805,True,background,185.53,183.78
MVI_63554,61,0,406,468,63,2.52,long,0.4422,1.0,True,vehicle,798.36,797.26
MVI_63554,62,0,458,462,5,0.2,short,0.1077,0.1129,False,vehicle,53.35,53.34
MVI_63554,62,1,467,501,35,1.4,medium,0.2602,0.3625,False,vehicle,264.16,263.83
MVI_63554,63,0,447,506,60,2.4,long,0.467,0.6759,False,background,718.16,717.23
MVI_63554,64,0,455,496,42,1.68,long,0.9191,1.0,True,background,730.26,728.87
MVI_63554,68,0,490,546,57,2.28,long,0.9345,1.0,True,background,738.04,735.85
MVI_63554,69,0,486,501,16,0.64,medium,0.5505,0.8005,True,background,207.19,206.38
MVI_63554,72,0,602,621,20,0.8,medium,0.4747,0.6329,False,vehicle,95.49,94.2
MVI_63554,73,0,536,585,50,2.0,long,0.4391,0.6061,False,background,669.56,668.89
MVI_63554,76,0,541,553,13,0.52,medium,0.5231,0.8551,True,background,203.75,202.95
MVI_63554,77,0,551,606,56,2.24,long,0.7916,0.9653,True,background,774.91,773.37
MVI_63554,79,0,566,626,61,2.44,long,0.6204,1.0,True,vehicle,708.22,707.14
MVI_63554,80,0,572,626,55,2.2,long,0.2119,0.2614,False,both,700.77,700.0
MVI_63554,81,0,571,580,10,0.4,short,0.4382,0.6954,False,vehicle,134.8,134.75
MVI_63554,82,0,574,626,53,2.12,long,0.9154,1.0,True,background,760.85,759.88
MVI_63554,83,0,576,590,15,0.6,medium,0.6507,0.9854,True,background,214.29,213.84
MVI_63554,86,0,623,671,49,1.96,long,0.91,1.0,True,background,745.47,744.33
MVI_63554,87,0,631,661,31,1.24,medium,0.2691,0.3082,False,vehicle,416.95,416.68
MVI_63554,88,0,626,638,13,0.52,medium,0.6175,0.9831,True,background,226.09,224.41
MVI_63554,90,0,707,726,20,0.8,medium,0.194,0.2936,False,vehicle,98.66,98.53
MVI_63554,92,0,657,706,50,2.0,long,0.8011,0.9978,True,background,743.25,741.65
MVI_63554,93,0,670,708,39,1.56,long,0.2548,0.3818,False,background,538.41,537.84
MVI_63554,93,3,723,731,9,0.36,short,0.1673,0.244,False,background,54.09,54.09
MVI_63554,94,0,701,726,26,1.04,medium,0.2295,0.2946,False,vehicle,571.8,571.6
MVI_63554,95,0,691,741,51,2.04,long,0.328,0.476,False,vehicle,635.22,634.66
MVI_63554,96,0,676,690,15,0.6,medium,0.6313,0.9773,True,background,208.89,207.9
MVI_63554,98,0,698,761,64,2.56,long,0.3488,0.6647,False,background,720.29,719.82
MVI_63554,99,0,701,715,15,0.6,medium,0.4443,0.6632,False,background,194.68,194.16
MVI_63554,101,0,719,766,48,1.92,long,0.9169,1.0,True,background,753.54,752.08
MVI_63554,102,0,721,734,14,0.56,medium,0.47,0.6838,False,background,197.15,195.79
MVI_63554,103,0,785,801,17,0.68,medium,0.1883,0.2249,False,vehicle,106.85,106.77
MVI_63554,105,0,751,811,61,2.44,long,0.466,0.8308,True,background,740.59,739.42
MVI_63554,108,0,773,816,44,1.76,long,0.9069,1.0,True,background,725.04,724.58
MVI_63554,109,0,766,783,18,0.72,medium,0.4613,0.8255,True,background,239.03,237.51
MVI_63554,112,0,796,826,31,1.24,medium,0.2635,0.4192,False,vehicle,526.18,526.17
MVI_63554,115,0,839,891,53,2.12,long,0.8257,0.9293,True,background,729.2,728.72
MVI_63554,116,0,831,845,15,0.6,medium,0.5773,0.9101,True,background,193.94,192.06
MVI_63554,117,0,849,901,53,2.12,long,0.498,0.6177,False,background,694.9,694.22
MVI_63554,120,0,866,880,15,0.6,medium,0.6369,0.9803,True,background,199.33,197.91
MVI_63554,123,0,882,941,60,2.4,long,0.5178,0.6241,False,both,833.6,833.14
MVI_63554,124,0,888,941,54,2.16,long,0.8766,0.9912,True,background,770.14,769.45
MVI_63554,126,0,909,945,37,1.48,medium,0.3065,0.4752,False,vehicle,733.14,732.04
MVI_63554,129,0,916,928,13,0.52,medium,0.5928,0.9327,True,background,187.58,186.78
MVI_63554,132,0,956,967,12,0.48,short,0.4861,0.6924,False,background,160.59,160.23
MVI_63554,134,0,977,1031,55,2.2,long,0.6043,0.8791,True,background,755.21,754.42
MVI_63554,137,0,996,1007,12,0.48,short,0.6346,0.9849,True,background,201.1,196.76
MVI_63554,139,0,1029,1076,48,1.92,long,0.5105,0.6681,False,background,692.95,692.4
MVI_63554,142,0,1056,1070,15,0.6,medium,0.4599,0.6964,False,background,195.87,191.73
MVI_63554,143,0,1070,1126,57,2.28,long,0.4056,0.6127,False,background,694.6,693.96
MVI_63554,147,0,1113,1151,39,1.56,long,0.8781,1.0,True,background,632.5,631.12
MVI_63554,148,0,1114,1121,8,0.32,short,0.1795,0.2005,False,vehicle,66.37,66.35
MVI_63554,151,0,1121,1132,12,0.48,short,0.5225,0.9166,True,background,186.85,184.88
MVI_63554,152,0,1138,1147,10,0.4,short,0.2012,0.2924,False,background,183.59,183.57
MVI_63554,152,1,1182,1183,2,0.08,short,0.1159,0.1185,False,background,8.14,8.14
MVI_63554,152,2,1187,1191,5,0.2,short,0.2359,0.3301,False,background,28.91,28.91
MVI_63554,153,0,1146,1159,14,0.56,medium,0.5505,0.9372,True,background,196.27,195.13
MVI_63554,155,0,1158,1206,49,1.96,long,0.7602,0.9975,True,background,733.3,732.8
MVI_63554,158,0,1193,1246,54,2.16,long,0.2862,0.4766,False,background,659.91,659.59
MVI_63554,160,0,1206,1217,12,0.48,short,0.5506,0.8919,True,background,188.68,187.77
MVI_63554,162,0,1218,1271,54,2.16,long,0.3136,0.4375,False,background,644.04,643.68
MVI_63554,163,0,1211,1264,54,2.16,long,0.2966,0.7716,True,vehicle,740.72,740.39
MVI_63554,164,0,1216,1281,66,2.64,long,0.3562,0.4494,False,vehicle,787.16,786.73
MVI_63554,165,0,1225,1276,52,2.08,long,0.9101,1.0,True,background,714.58,714.1
MVI_63554,168,0,1254,1306,53,2.12,long,0.3722,0.5359,False,background,668.52,668.25
MVI_63554,169,0,1251,1264,14,0.56,medium,0.5729,0.8617,True,background,217.33,213.21
MVI_63554,171,0,1277,1326,50,2.0,long,0.8796,0.9977,True,background,723.68,722.25
MVI_63554,174,0,1291,1301,11,0.44,short,0.6025,0.9615,True,background,175.29,174.28
MVI_63554,175,0,1308,1366,59,2.36,long,0.3294,0.5237,False,background,702.32,701.83
MVI_63554,177,0,1316,1366,51,2.04,long,0.8128,0.9931,True,background,715.68,715.13
MVI_63554,180,0,1346,1354,9,0.36,short,0.3577,0.5259,False,background,170.22,167.16
MVI_63554,182,0,1381,1431,51,2.04,long,0.8863,1.0,True,background,760.18,759.78
MVI_63554,183,0,1401,1408,8,0.32,short,0.3509,0.5429,False,background,107.36,107.28
MVI_63554,185,0,1407,1445,39,1.56,long,0.3091,0.3913,False,vehicle,670.2,669.15
MVI_63554,186,0,1428,1445,18,0.72,medium,0.6443,0.8116,True,background,405.07,404.71
MVI_63554,188,0,1431,1441,11,0.44,short,0.4164,0.7849,True,background,162.31,161.53
MVI_63554,189,0,1156,1169,14,0.56,medium,0.2297,0.3083,False,background,137.74,135.67
MVI_63554,190,0,786,802,17,0.68,medium,0.509,0.7976,True,background,203.65,202.22
MVI_63561,7,0,11,50,40,1.6,long,0.502,0.5853,False,background,503.39,503.28
MVI_63561,9,0,26,69,44,1.76,long,0.5612,0.7109,True,background,590.88,590.29
MVI_63561,10,0,54,76,23,0.92,medium,0.6023,0.8406,True,vehicle,296.7,296.4
MVI_63561,11,0,51,80,30,1.2,medium,0.3768,0.5779,False,background,416.6,416.26
MVI_63561,12,0,56,81,26,1.04,medium,0.5784,0.865,True,vehicle,411.87,411.51
MVI_63561,15,0,102,141,40,1.6,long,0.1698,0.2135,False,vehicle,375.25,375.03
MVI_63561,16,0,90,98,9,0.36,short,0.1222,0.1411,False,background,101.49,101.46
MVI_63561,16,1,107,110,4,0.16,short,0.1149,0.1297,False,background,56.97,56.97
MVI_63561,17,0,81,121,41,1.64,long,0.8613,0.9721,True,background,555.96,554.68
MVI_63561,19,0,96,131,36,1.44,medium,0.2784,0.4856,False,background,473.64,473.29
MVI_63561,20,0,111,138,28,1.12,medium,0.2706,0.4039,False,vehicle,389.34,388.94
MVI_63561,21,0,121,148,28,1.12,medium,0.251,0.339,False,background,382.35,382.04
MVI_63561,23,0,121,156,36,1.44,medium,0.9184,1.0,True,background,482.36,482.02
MVI_63561,26,0,136,170,35,1.4,medium,0.4258,0.6385,False,background,452.89,451.98
MVI_63561,27,0,151,161,11,0.44,short,0.683,0.9941,True,background,183.38,183.3
MVI_63561,28,0,172,196,25,1.0,medium,0.4472,0.7192,True,vehicle,238.09,237.92
MVI_63561,29,0,161,188,28,1.12,medium,0.8353,0.9945,True,background,419.88,419.77
MVI_63561,32,0,166,178,13,0.52,medium,0.5549,0.9157,True,background,307.24,305.43
MVI_63561,37,0,201,228,28,1.12,medium,0.9054,0.999,True,background,454.64,454.11
MVI_63561,38,0,201,234,34,1.36,medium,0.5796,0.757,True,both,480.88,479.89
MVI_63561,39,0,206,236,31,1.24,medium,0.5369,0.7775,True,vehicle,480.12,479.47
MVI_63561,40,0,211,221,11,0.44,short,0.5219,0.6569,False,vehicle,103.57,103.37
MVI_63561,41,0,216,241,26,1.04,medium,0.1559,0.205,False,background,352.31,352.28
MVI_63561,42,0,236,246,11,0.44,short,0.2834,0.3236,False,vehicle,267.94,267.92
MVI_63561,47,0,276,294,19,0.76,medium,0.2394,0.3807,False,vehicle,255.74,255.08
MVI_63561,48,0,276,297,22,0.88,medium,0.3651,0.5392,False,background,348.26,347.37
MVI_63561,49,0,281,306,26,1.04,medium,0.8793,1.0,True,background,432.95,432.42
MVI_63561,50,0,281,285,5,0.2,short,0.1895,0.2617,False,vehicle,43.17,43.17
MVI_63561,52,0,301,336,36,1.44,medium,0.9222,1.0,True,background,536.33,536.04
MVI_63561,54,0,301,341,41,1.64,long,0.2638,0.7058,True,vehicle,507.2,506.33
MVI_63561,56,0,306,313,8,0.32,short,0.4162,0.9284,True,vehicle,143.61,143.43
MVI_63561,57,0,365,371,7,0.28,short,0.2862,0.8706,True,vehicle,68.41,67.92
MVI_63561,58,0,326,367,42,1.68,long,0.4168,0.6497,False,background,532.88,532.53
MVI_63561,59,0,331,371,41,1.64,long,0.6736,0.7884,True,both,593.35,593.02
MVI_63561,62,0,346,352,7,0.28,short,0.2343,0.3502,False,vehicle,54.14,54.12
MVI_63561,64,0,351,389,39,1.56,long,0.9024,1.0,True,background,585.92,584.85
MVI_63561,65,0,361,405,45,1.8,long,0.4311,0.6739,False,background,549.3,548.58
MVI_63561,66,0,387,407,21,0.84,medium,0.4247,0.514,False,vehicle,282.39,282.23
MVI_63561,68,0,386,440,55,2.2,long,0.5852,0.7368,True,background,677.44,675.81
MVI_63561,70,0,406,451,46,1.84,long,0.4712,0.6894,False,background,549.83,549.75
MVI_63561,71,0,425,472,48,1.92,long,0.4148,0.6596,False,background,579.21,578.32
MVI_63561,72,0,421,454,34,1.36,medium,0.2069,0.2546,False,vehicle,231.72,230.87
MVI_63561,75,0,441,492,52,2.08,long,0.8805,1.0,True,background,645.76,644.79
MVI_63561,77,0,461,511,51,2.04,long,0.5457,0.7938,True,background,588.19,587.94
MVI_63561,80,0,481,531,51,2.04,long,0.859,1.0,True,background,633.57,632.13
MVI_63561,82,0,491,538,48,1.92,long,0.3084,0.425,False,both,570.6,570.25
MVI_63561,83,0,491,538,48,1.92,long,0.4176,0.6273,False,vehicle,461.55,461.25
MVI_63561,84,0,518,569,52,2.08,long,0.2596,0.4504,False,background,573.03,572.56
MVI_63561,86,0,521,586,66,2.64,long,0.8198,0.9736,True,background,718.38,716.98
MVI_63561,90,0,536,599,64,2.56,long,0.4068,0.5918,False,background,640.57,639.6
MVI_63561,91,0,551,602,52,2.08,long,0.2859,0.435,False,vehicle,543.05,542.8
MVI_63561,92,0,551,624,74,2.96,long,0.7099,0.9105,True,background,744.07,742.69
MVI_63561,93,0,561,601,41,1.64,long,0.3769,0.7076,True,vehicle,367.24,366.86
MVI_63561,96,0,571,656,86,3.44,long,0.3236,0.5033,False,both,854.97,853.31
MVI_63561,98,0,581,646,66,2.64,long,0.3568,0.6354,False,vehicle,698.28,697.66
MVI_63561,99,0,586,650,65,2.6,long,0.9218,1.0,True,background,690.48,688.8
MVI_63561,100,0,611,626,16,0.64,medium,0.2266,0.3208,False,background,66.18,65.97
MVI_63561,100,1,644,649,6,0.24,short,0.1135,0.1288,False,background,29.36,29.27
MVI_63561,100,2,656,679,24,0.96,medium,0.1425,0.1934,False,background,221.33,221.28
MVI_63561,101,0,614,625,12,0.48,short,0.1437,0.1696,False,vehicle,53.01,52.73
MVI_63561,102,0,625,672,48,1.92,long,0.304,0.4679,False,vehicle,312.57,312.0
MVI_63561,102,1,677,701,25,1.0,medium,0.549,1.0,True,vehicle,334.31,334.17
MVI_63561,104,0,636,712,77,3.08,long,0.6822,0.8238,True,background,758.2,755.93
MVI_63561,107,0,656,704,49,1.96,long,0.1893,0.2945,False,background,270.19,269.51
MVI_63561,107,1,708,738,31,1.24,medium,0.2419,0.3937,False,background,431.96,431.72
MVI_63561,108,0,673,732,60,2.4,long,0.2281,0.3068,False,vehicle,453.06,452.16
MVI_63561,109,0,676,756,81,3.24,long,0.8282,0.9892,True,background,754.88,753.63
MVI_63561,113,0,711,795,85,3.4,long,0.2538,0.488,False,background,728.15,727.8
MVI_63561,116,0,751,828,78,3.12,long,0.8002,0.9946,True,background,788.45,787.21
MVI_63561,117,0,756,836,81,3.24,long,0.4594,0.6812,False,both,848.11,847.31
MVI_63561,118,0,790,836,47,1.88,long,0.318,0.6586,False,vehicle,603.39,603.02
MVI_63561,120,0,771,853,83,3.32,long,0.4357,0.6005,False,background,749.49,748.2
MVI_63561,124,0,806,813,8,0.32,short,0.1744,0.1919,False,vehicle,36.52,36.51
MVI_63561,125,0,816,880,65,2.6,long,0.9117,1.0,True,background,708.18,707.21
MVI_63561,127,0,841,908,68,2.72,long,0.2997,0.5705,False,background,681.83,681.27
MVI_63561,128,0,875,891,17,0.68,medium,0.232,0.2731,False,vehicle,197.0,196.99
MVI_63561,131,0,876,937,62,2.48,long,0.586,0.7172,True,background,730.3,728.68
MVI_63561,135,0,886,947,62,2.48,long,0.5043,0.8569,True,both,633.03,631.39
MVI_63561,137,0,916,966,51,2.04,long,0.4224,0.4974,False,vehicle,794.5,792.83
MVI_63561,139,0,916,988,73,2.92,long,0.2434,0.4002,False,background,702.05,701.22
MVI_63561,141,0,931,999,69,2.76,long,0.8913,0.9987,True,background,757.45,756.04
MVI_63561,144,0,949,952,4,0.16,short,0.1415,0.1706,False,vehicle,18.46,18.31
MVI_63561,149,0,982,1036,55,2.2,long,0.453,0.6729,False,vehicle,620.47,620.33
MVI_63561,151,0,1035,1071,37,1.48,medium,0.2154,0.377,False,vehicle,564.4,564.3
MVI_63561,152,0,1001,1065,65,2.6,long,0.7828,0.9922,True,background,733.18,732.49
MVI_63561,154,0,1026,1084,59,2.36,long,0.7619,0.9616,True,background,678.67,677.28
MVI_63561,158,0,1051,1107,57,2.28,long,0.8784,1.0,True,background,688.81,688.37
MVI_63561,162,0,1081,1133,53,2.12,long,0.8516,0.9913,True,background,656.31,656.0
MVI_63561,163,0,1081,1126,46,1.84,long,0.2711,0.4629,False,background,567.06,566.92
MVI_63561,164,0,1082,1131,50,2.0,long,0.2817,0.4126,False,vehicle,551.69,551.47
MVI_63561,166,0,1091,1136,46,1.84,long,0.5158,0.851,True,vehicle,621.23,620.81
MVI_63561,169,0,1141,1203,63,2.52,long,0.7913,0.958,True,background,731.49,730.21
MVI_63561,175,0,1181,1244,64,2.56,long,0.8074,1.0,True,background,732.92,731.68
MVI_63561,176,0,1186,1208,23,0.92,medium,0.2464,0.5528,False,background,156.97,156.81
MVI_63561,176,1,1212,1246,35,1.4,medium,0.4327,0.7086,True,both,573.23,572.58
MVI_63561,177,0,1206,1255,50,2.0,long,0.6905,1.0,True,vehicle,818.21,814.01
MVI_63561,183,0,1241,1284,44,1.76,long,0.2928,0.3606,False,background,572.82,572.77
MVI_63561,185,0,1256,1283,28,1.12,medium,0.2106,0.3709,False,vehicle,350.66,350.35
MVI_63561,187,0,1261,1285,25,1.0,medium,0.8651,0.9373,True,background,162.18,161.85
MVI_63562,3,0,1,37,37,1.48,medium,0.8211,1.0,True,background,555.64,554.74
MVI_63562,4,0,1,51,51,2.04,long,0.4706,0.6196,False,vehicle,707.01,706.31
MVI_63562,5,0,11,43,33,1.32,medium,0.203,0.3919,False,background,458.81,458.7
MVI_63562,10,0,21,70,50,2.0,long,0.8728,0.9955,True,background,651.31,650.76
MVI_63562,11,0,36,66,31,1.24,medium,0.4429,0.5657,False,both,222.3,222.01
MVI_63562,11,1,73,93,21,0.84,medium,0.315,0.4794,False,background,321.42,321.27
MVI_63562,12,0,36,85,50,2.0,long,0.8068,0.9505,True,background,660.38,659.17
MVI_63562,17,0,86,132,47,1.88,long,0.784,1.0,True,background,644.13,643.7
MVI_63562,18,0,105,106,2,0.08,short,0.1218,0.1377,False,background,7.39,7.39
MVI_63562,18,1,120,146,27,1.08,medium,0.1704,0.229,False,background,393.59,393.41
MVI_63562,22,0,169,191,23,0.92,medium,0.3637,0.6345,False,vehicle,257.65,256.59
MVI_63562,23,0,151,201,51,2.04,long,0.3802,0.6207,False,vehicle,587.5,586.64
MVI_63562,24,0,168,195,28,1.12,medium,0.249,0.4075,False,background,429.99,429.32
MVI_63562,26,0,171,221,51,2.04,long,0.5713,0.7336,True,background,619.92,618.01
MVI_63562,30,0,205,245,41,1.64,long,0.1314,0.2031,False,background,532.69,532.36
MVI_63562,31,0,206,215,10,0.4,short,0.3399,0.5645,False,vehicle,48.9,48.88
MVI_63562,31,1,248,271,24,0.96,medium,0.2703,0.3598,False,vehicle,373.23,372.8
MVI_63562,32,0,216,264,49,1.96,long,0.7257,0.8543,True,background,638.34,637.86
MVI_63562,34,0,231,284,54,2.16,long,0.2511,0.3411,False,background,618.78,618.28
MVI_63562,38,0,266,316,51,2.04,long,0.6858,0.953,True,background,634.77,633.16
MVI_63562,40,0,298,330,33,1.32,medium,0.377,0.5127,False,background,428.28,427.58
MVI_63562,45,0,301,348,48,1.92,long,0.8759,0.9861,True,background,600.52,599.77
MVI_63562,48,0,316,372,57,2.28,long,0.1957,0.35,False,background,570.91,570.07
MVI_63562,48,1,381,386,6,0.24,short,0.2794,0.5898,False,vehicle,59.01,59.01
MVI_63562,49,0,336,381,46,1.84,long,0.791,0.9636,True,background,604.18,602.58
MVI_63562,52,0,380,401,22,0.88,medium,0.3835,0.5421,False,vehicle,236.64,236.17
MVI_63562,55,0,381,427,47,1.88,long,0.5921,0.8502,True,background,580.27,579.85
MVI_63562,57,0,431,476,46,1.84,long,0.4868,0.6413,False,background,717.81,717.17
MVI_63562,60,0,441,474,34,1.36,medium,0.8896,1.0,True,background,586.74,586.3
MVI_63562,64,0,466,509,44,1.76,long,0.4991,0.694,False,background,552.28,551.84
MVI_63562,72,0,571,612,42,1.68,long,0.2932,0.4359,False,background,561.4,561.06
MVI_63562,73,0,581,623,43,1.72,long,0.6006,0.7069,True,background,609.94,609.42
MVI_63562,78,0,626,671,46,1.84,long,0.8153,0.934,True,background,633.99,633.31
MVI_63562,82,0,661,721,61,2.44,long,0.2959,1.0,True,background,796.69,796.22
MVI_63562,83,0,666,696,31,1.24,medium,0.3552,0.3951,False,vehicle,353.82,353.8
MVI_63562,84,0,671,717,47,1.88,long,0.6808,0.7874,True,background,625.66,625.19
MVI_63562,90,0,716,768,53,2.12,long,0.7707,0.9066,True,background,646.3,645.64
MVI_63562,92,0,808,811,4,0.16,short,0.3149,0.571,False,vehicle,33.08,33.08
MVI_63562,94,0,761,807,47,1.88,long,0.7071,0.8149,True,background,663.69,663.35
MVI_63562,97,0,806,826,21,0.84,medium,0.1903,0.2607,False,vehicle,139.8,139.77
MVI_63562,103,0,866,909,44,1.76,long,0.5386,0.7031,True,background,644.68,643.99
MVI_63562,104,0,866,886,21,0.84,medium,0.3067,0.4424,False,vehicle,129.62,129.51
MVI_63562,109,0,936,952,17,0.68,medium,0.2677,0.4129,False,background,90.28,90.25
MVI_63562,109,1,959,996,38,1.52,long,0.2408,0.3762,False,background,444.65,444.28
MVI_63562,112,0,976,1012,37,1.48,medium,0.2301,0.4197,False,background,279.19,279.0
MVI_63562,112,1,1017,1046,30,1.2,medium,0.2424,0.3873,False,background,460.41,460.09
MVI_63562,113,0,981,1038,58,2.32,long,0.3497,0.6288,False,vehicle,522.04,520.48
MVI_63562,115,0,996,1007,12,0.48,short,0.2158,0.2891,False,vehicle,262.8,262.14
MVI_63562,117,0,1001,1040,40,1.6,long,0.85,0.9977,True,background,624.77,623.95
MVI_63562,120,0,1031,1077,47,1.88,long,0.81,0.9389,True,background,642.27,641.77
MVI_63562,121,0,1053,1081,29,1.16,medium,0.2304,0.2748,False,vehicle,331.76,330.99
MVI_63562,123,0,1071,1114,44,1.76,long,0.5259,0.6547,False,background,603.59,603.04
MVI_63562,124,0,1092,1156,65,2.6,long,0.3194,0.6369,False,background,795.17,794.83
MVI_63562,128,0,1106,1148,43,1.72,long,0.7995,0.9389,True,background,643.89,643.06
MVI_63562,132,0,1146,1185,40,1.6,long,0.5183,0.6939,False,vehicle,349.22,348.9
MVI_63562,133,0,1146,1185,40,1.6,long,0.2569,0.5023,False,background,440.96,440.7
MVI_63562,134,0,1146,1185,40,1.6,long,0.3258,0.441,False,vehicle,320.29,320.14
MVI_63563,2,0,1,16,16,0.64,medium,0.3161,0.3999,False,vehicle,268.11,267.91
MVI_63563,3,0,1,13,13,0.52,medium,0.6903,0.9344,True,background,237.81,237.65
MVI_63563,4,0,1,17,17,0.68,medium,0.2492,0.3006,False,both,286.22,286.17
MVI_63563,5,0,1,54,54,2.16,long,0.6093,0.7841,True,background,648.91,647.98
MVI_63563,8,0,22,45,24,0.96,medium,0.2434,0.3346,False,vehicle,538.82,538.73
MVI_63563,10,0,31,80,50,2.0,long,0.2125,0.379,False,background,587.62,587.43
MVI_63563,12,0,51,106,56,2.24,long,0.8044,0.9571,True,background,664.47,664.27
MVI_63563,13,0,92,115,24,0.96,medium,0.1765,0.2623,False,background,349.68,349.45
MVI_63563,14,0,96,153,58,2.32,long,0.8091,0.9249,True,background,699.4,698.89
MVI_63563,16,0,101,113,13,0.52,medium,0.1969,0.2459,False,both,61.87,61.77
MVI_63563,16,1,118,168,51,2.04,long,0.3008,0.5091,False,background,564.43,563.83
MVI_63563,18,0,141,146,6,0.24,short,0.1894,0.2546,False,vehicle,49.46,48.95
MVI_63563,21,0,131,186,56,2.24,long,0.2944,0.4501,False,background,649.22,648.86
MVI_63563,23,0,141,196,56,2.24,long,0.8294,0.9673,True,background,661.82,661.41
MVI_63563,25,0,161,213,53,2.12,long,0.2054,0.411,False,background,628.69,628.59
MVI_63563,27,0,166,211,46,1.84,long,0.4113,0.6651,False,vehicle,452.94,452.06
MVI_63563,29,0,191,245,55,2.2,long,0.3538,0.6332,False,background,638.14,638.06
MVI_63563,33,0,225,286,62,2.48,long,0.3472,0.6792,False,both,799.65,799.03
MVI_63563,35,0,231,281,51,2.04,long,0.6074,0.7106,True,background,657.2,656.87
MVI_63563,36,0,291,311,21,0.84,medium,0.2733,0.5421,False,vehicle,325.65,325.64
MVI_63563,37,0,241,248,8,0.32,short,0.1183,0.1602,False,background,39.12,39.12
MVI_63563,37,1,253,262,10,0.4,short,0.1399,0.1891,False,background,66.66,66.64
MVI_63563,37,2,276,299,24,0.96,medium,0.2534,0.4176,False,background,343.2,343.04
MVI_63563,39,0,246,305,60,2.4,long,0.2574,0.5477,False,vehicle,628.5,628.22
MVI_63563,40,0,261,262,2,0.08,short,0.188,0.1887,False,background,5.95,5.95
MVI_63563,40,1,276,331,56,2.24,long,0.4252,0.6405,False,both,749.77,749.37
MVI_63563,41,0,298,301,4,0.16,short,0.1237,0.1472,False,vehicle,21.64,21.64
MVI_63563,43,0,271,323,53,2.12,long,0.7938,0.9618,True,background,680.32,679.92
MVI_63563,45,0,343,356,14,0.56,medium,0.2528,0.5101,False,vehicle,225.28,225.25
MVI_63563,47,0,291,350,60,2.4,long,0.3588,0.615,False,background,633.54,633.13
MVI_63563,51,0,321,382,62,2.48,long,0.7225,0.9093,True,background,693.36,692.71
MVI_63563,54,0,341,380,40,1.6,long,0.2657,0.4133,False,vehicle,297.96,297.76
MVI_63563,58,0,371,428,58,2.32,long,0.6271,0.8617,True,background,660.15,659.54
MVI_63563,64,0,421,483,63,2.52,long,0.8456,0.9438,True,background,680.6,679.1
MVI_63563,65,0,436,487,52,2.08,long,0.2379,0.3913,False,background,625.68,625.45
MVI_63563,66,0,451,505,55,2.2,long,0.686,0.8127,True,background,685.12,684.45
MVI_63563,70,0,466,533,68,2.72,long,0.7658,0.9078,True,background,746.61,744.47
MVI_63563,73,0,511,564,54,2.16,long,0.6121,0.8018,True,background,684.26,683.53
MVI_63563,75,0,540,574,35,1.4,medium,0.1968,0.2628,False,background,496.0,495.99
MVI_63563,78,0,541,581,41,1.64,long,0.4059,0.5902,False,vehicle,262.94,262.76
MVI_63563,79,0,556,608,53,2.12,long,0.4719,0.5382,False,background,672.07,671.24
MVI_63563,83,0,591,646,56,2.24,long,0.5707,0.7947,True,background,696.06,694.36
MVI_63563,84,0,601,662,62,2.48,long,0.3238,0.4458,False,vehicle,637.84,637.25
MVI_63563,85,0,601,658,58,2.32,long,0.2753,0.5337,False,background,652.41,652.14
MVI_63563,88,0,616,669,54,2.16,long,0.7503,0.9549,True,background,681.41,681.17
MVI_63563,89,0,621,681,61,2.44,long,0.569,0.8149,True,vehicle,548.12,547.69
MVI_63563,90,0,649,679,31,1.24,medium,0.1881,0.3114,False,background,435.55,435.52
MVI_63563,92,0,631,658,28,1.12,medium,0.2677,0.4639,False,vehicle,178.82,178.33
MVI_63563,96,0,696,756,61,2.44,long,0.4598,0.7639,True,vehicle,807.84,807.33
MVI_63563,97,0,701,761,61,2.44,long,0.4191,0.598,False,both,828.38,827.89
MVI_63563,98,0,701,751,51,2.04,long,0.8321,0.9985,True,background,675.85,675.53
MVI_63563,101,0,746,796,51,2.04,long,0.7444,0.8669,True,background,667.02,666.17
MVI_63563,103,0,781,830,50,2.0,long,0.8586,0.9937,True,background,670.81,670.36
MVI_63563,106,0,791,847,57,2.28,long,0.3428,0.5674,False,background,652.59,652.01
MVI_63563,109,0,876,883,8,0.32,short,0.2069,0.2653,False,vehicle,27.24,27.15
MVI_63563,109,1,887,930,44,1.76,long,0.3978,0.6745,False,vehicle,276.53,275.73
MVI_63563,109,2,959,966,8,0.32,short,0.4613,1.0,True,vehicle,73.46,73.33
MVI_63563,111,0,889,920,32,1.28,medium,0.1752,0.2752,False,background,462.29,462.14
MVI_63563,112,0,871,881,11,0.44,short,0.3593,0.5374,False,vehicle,47.92,47.9
MVI_63563,113,0,881,928,48,1.92,long,0.7469,0.8732,True,background,684.05,683.57
MVI_63563,115,0,937,958,22,0.88,medium,0.1804,0.2902,False,background,319.08,319.05
MVI_63563,116,0,906,953,48,1.92,long,0.8069,0.9938,True,background,653.24,653.04
MVI_63563,117,0,984,1002,19,0.76,medium,0.1743,0.2602,False,vehicle,222.51,222.29
MVI_63563,121,0,946,995,50,2.0,long,0.7249,0.8517,True,background,657.65,656.63
MVI_63563,122,0,946,1001,56,2.24,long,0.6275,0.7461,True,both,685.36,684.01
MVI_63563,123,0,951,961,11,0.44,short,0.441,0.6779,False,vehicle,46.25,46.06
MVI_63563,128,0,1124,1136,13,0.52,medium,0.3726,0.5215,False,vehicle,139.61,139.55
MVI_63563,132,0,1098,1107,10,0.4,short,0.3012,0.4669,False,vehicle,52.32,52.22
MVI_63563,132,1,1143,1166,24,0.96,medium,0.4294,0.6594,False,vehicle,248.11,247.89
MVI_63563,133,0,1061,1126,66,2.64,long,0.3466,0.45,False,both,602.03,601.29
MVI_63563,134,0,1061,1120,60,2.4,long,0.752,0.9991,True,background,664.34,663.12
MVI_63563,136,0,1081,1084,4,0.16,short,0.2962,0.5183,False,vehicle,62.34,62.28
MVI_63563,137,0,1108,1136,29,1.16,medium,0.3775,0.8086,True,vehicle,530.37,529.68
MVI_63563,138,0,1159,1166,8,0.32,short,0.4718,0.7087,True,vehicle,114.39,114.33
MVI_63563,139,0,1106,1134,29,1.16,medium,0.3109,0.4778,False,vehicle,158.81,158.15
MVI_63563,139,1,1149,1190,42,1.68,long,0.4233,0.7255,True,vehicle,394.92,394.44
MVI_63563,140,0,1106,1160,55,2.2,long,0.5488,0.7323,True,background,653.34,652.02
MVI_63563,142,0,1111,1133,23,0.92,medium,0.2181,0.3093,False,vehicle,130.52,130.3
MVI_63563,142,1,1141,1168,28,1.12,medium,0.2775,0.409,False,vehicle,284.61,284.56
MVI_63563,143,0,1123,1130,8,0.32,short,0.1388,0.1694,False,background,50.7,50.69
MVI_63563,143,1,1134,1170,37,1.48,medium,0.3176,0.4897,False,background,509.93,509.73
MVI_63563,145,0,1160,1178,19,0.76,medium,0.3463,0.4787,False,vehicle,154.67,154.39
MVI_63563,147,0,1146,1191,46,1.84,long,0.5597,0.7003,True,background,620.97,620.65
MVI_63563,148,0,1198,1227,30,1.2,medium,0.2897,0.446,False,vehicle,464.89,464.13
MVI_63563,149,0,1156,1216,61,2.44,long,0.6093,0.9562,True,vehicle,461.64,460.74
MVI_63563,150,0,1171,1219,49,1.96,long,0.8299,0.9953,True,background,637.24,636.9
MVI_63563,153,0,1206,1255,50,2.0,long,0.5741,0.7104,True,background,629.79,628.45
MVI_63563,157,0,1241,1301,61,2.44,long,0.5458,0.7888,True,both,769.5,768.32
MVI_63563,158,0,1241,1289,49,1.96,long,0.7852,0.9954,True,background,614.79,614.52
MVI_63563,160,0,1266,1320,55,2.2,long,0.7072,0.9784,True,background,640.75,639.7
MVI_63563,162,0,1299,1346,48,1.92,long,0.2402,0.3097,False,vehicle,865.46,865.07
MVI_63563,165,0,1311,1356,46,1.84,long,0.9174,1.0,True,background,577.88,577.17
MVI_63563,169,0,1361,1390,30,1.2,medium,0.7404,0.8602,True,background,249.95,249.6
MVI_63563,170,0,1381,1387,7,0.28,short,0.3313,0.4144,False,background,147.13,146.11
MVI_63563,171,0,1332,1343,12,0.48,short,0.3641,0.4214,False,vehicle,126.59,126.48
MVI_63563,175,0,476,481,6,0.24,short,0.272,0.3598,False,background,112.61,111.81
MVI_63563,176,0,521,540,20,0.8,medium,0.1696,0.2698,False,background,218.6,193.29
MVI_63563,177,0,646,651,6,0.24,short,0.3327,0.4389,False,background,86.85,85.74
