video,track_id,n_frames,first_frame,last_frame,path_len_px,net_disp_px,straightness,net_turn_deg,total_turn_deg,median_speed_px_per_frame,median_speed_px_per_s,mean_kappa,median_kappa,p90_kappa,max_kappa,min_radius_px,median_abs_omega_rad_s,p90_abs_omega_rad_s,max_abs_omega_rad_s,curvature_class,turn_class
MVI_20011,1,5,1,5,33.04,32.74,0.991,27.72,27.72,8.185,204.63,0.015066,0.014719,0.020439,0.02184,45.79,3.01204,3.74594,3.91827,unknown,unknown
MVI_20011,2,72,1,72,372.65,371.8,0.9977,10.69,44.27,3.988,99.7,0.003574,0.001719,0.008602,0.02022,49.45,0.26387,0.70911,1.33737,straight,gentle
MVI_20011,3,105,1,105,384.01,382.38,0.9958,11.01,119.9,2.351,58.78,0.013658,0.007149,0.035902,0.063049,15.86,0.43962,1.56728,2.03614,straight,gentle
MVI_20011,4,132,1,132,404.86,399.16,0.9859,9.31,282.2,1.931,48.28,0.034393,0.012193,0.07752,0.576423,1.73,0.67882,1.9119,7.70233,straight,straight
MVI_20011,5,151,1,151,422.65,416.95,0.9865,67.64,340.44,1.369,34.23,0.043526,0.016418,0.09993,0.388412,2.57,0.63652,2.66146,4.91094,curved,sharp
MVI_20011,6,91,1,91,121.42,118.4,0.9751,39.51,191.46,1.246,31.15,0.04293,0.02194,0.090165,0.230278,4.34,0.80917,2.52562,3.12715,curved,gentle
MVI_20011,7,157,1,157,413.43,404.16,0.9776,27.4,208.17,1.715,42.88,0.018925,0.010623,0.05258,0.10996,9.09,0.52124,1.34782,2.93252,curved,gentle
MVI_20011,8,127,25,151,516.47,511.13,0.9897,31.96,197.54,1.896,47.41,0.024921,0.013876,0.082392,0.157166,6.36,0.64306,1.88088,3.85252,curved,gentle
MVI_20011,9,163,37,199,440.41,434.89,0.9875,31.07,362.49,1.246,31.15,0.044678,0.018635,0.138066,0.274408,3.64,0.7098,2.50351,4.25539,curved,gentle
MVI_20011,10,127,37,163,506.16,499.69,0.9872,41.85,189.02,1.552,38.8,0.02675,0.006333,0.078733,0.226309,4.42,0.4928,1.94609,3.38453,curved,gentle
MVI_20011,11,136,34,169,346.74,340.85,0.983,74.45,253.75,1.668,41.7,0.03246,0.010206,0.098386,0.199306,5.02,0.56346,2.53213,3.40092,curved,sharp
MVI_20011,12,109,61,169,303.49,299.63,0.9873,61.04,175.96,2.041,51.03,0.016846,0.011185,0.032693,0.115375,8.67,0.66743,1.638,2.73279,curved,sharp
MVI_20011,13,148,64,211,419.16,412.62,0.9844,13.65,247.12,1.976,49.39,0.023832,0.010316,0.064015,0.160524,6.23,0.60454,2.03254,3.5094,straight,gentle
MVI_20011,14,163,79,241,443.42,432.12,0.9745,116.26,319.32,1.329,33.21,0.029282,0.010458,0.089523,0.186573,5.36,0.50738,1.68033,3.12415,curved,sharp
MVI_20011,15,160,79,238,517.86,507.95,0.9809,30.73,463.86,1.43,35.76,0.051448,0.012464,0.124483,0.861044,1.16,0.63573,2.76788,11.11044,curved,gentle
MVI_20011,16,179,79,257,446.67,431.88,0.9669,48.37,323.26,1.16,29.0,0.03311,0.016632,0.071213,0.449182,2.23,0.70755,1.93465,5.7061,curved,sharp
MVI_20011,17,121,91,211,333.11,328.31,0.9856,16.87,185.94,2.418,60.45,0.018532,0.007089,0.047656,0.149056,6.71,0.53969,1.76845,4.44706,straight,gentle
MVI_20011,18,211,103,313,519.11,499.78,0.9628,22.92,347.0,0.969,24.23,0.047971,0.012161,0.149891,0.338701,2.95,0.76374,2.98368,5.37397,curved,gentle
MVI_20011,19,167,103,269,480.0,470.42,0.98,71.21,403.63,1.218,30.45,0.047895,0.02014,0.137193,0.464691,2.15,0.67509,2.55364,6.38675,curved,sharp
MVI_20011,20,137,129,265,364.61,358.3,0.9827,34.04,198.63,1.973,49.32,0.023788,0.007377,0.069333,0.177047,5.65,0.47521,1.63617,4.23767,curved,gentle
MVI_20011,21,167,157,323,544.98,539.09,0.9892,10.86,341.76,1.737,43.42,0.046132,0.009618,0.142538,0.683428,1.46,0.50645,2.44147,8.63203,straight,gentle
MVI_20011,22,217,193,409,463.32,447.46,0.9658,43.45,397.79,0.925,23.12,0.036605,0.013606,0.119331,0.278923,3.59,0.6442,1.78351,3.66685,curved,gentle
MVI_20011,23,181,199,379,525.87,518.87,0.9867,0.84,262.3,1.391,34.78,0.043463,0.008174,0.135747,0.543832,1.84,0.36692,2.14781,6.96677,straight,straight
MVI_20011,24,121,229,349,406.62,403.7,0.9928,15.11,178.03,2.045,51.11,0.022143,0.006586,0.067981,0.174824,5.72,0.44652,1.8161,4.11625,straight,gentle
MVI_20011,25,163,259,421,343.54,334.26,0.973,38.39,452.84,1.327,33.18,0.047972,0.017729,0.129787,0.464015,2.16,0.94025,2.70461,8.3506,curved,gentle
MVI_20011,26,151,295,445,518.86,505.43,0.9741,27.41,327.45,1.354,33.86,0.039308,0.012434,0.131855,0.348185,2.87,0.61301,2.48365,5.20589,curved,gentle
MVI_20011,27,121,295,415,526.93,523.08,0.9927,6.7,193.06,1.963,49.07,0.021613,0.007146,0.05156,0.160526,6.23,0.5334,1.65707,3.7189,straight,straight
MVI_20011,28,121,301,421,361.35,358.0,0.9907,24.55,190.49,2.168,54.21,0.030697,0.004811,0.095978,0.259412,3.85,0.35801,2.45119,6.09707,curved,gentle
MVI_20011,29,352,313,664,170.63,57.41,0.3365,487.37,2074.44,0.414,10.35,0.167976,0.105444,0.374303,1.03637,0.96,1.5891,5.07376,14.30469,static,static
MVI_20011,30,193,313,505,460.95,452.34,0.9813,25.98,287.87,1.077,26.92,0.033413,0.008443,0.092988,0.293558,3.41,0.33177,1.97406,4.1018,curved,gentle
MVI_20011,31,157,325,481,320.38,313.24,0.9777,25.06,399.11,1.534,38.36,0.042536,0.023782,0.115077,0.211098,4.74,0.98039,3.05802,5.17417,curved,gentle
MVI_20011,32,127,355,481,275.25,270.86,0.984,33.12,281.63,1.776,44.4,0.035591,0.01663,0.113926,0.199339,5.02,0.78553,2.6315,4.43285,curved,gentle
MVI_20011,33,211,355,565,489.89,473.28,0.9661,44.23,365.05,1.098,27.46,0.027897,0.009692,0.081641,0.240141,4.16,0.48608,1.81177,4.56158,curved,gentle
MVI_20011,34,175,367,541,339.89,328.48,0.9664,100.45,459.3,1.423,35.58,0.056753,0.018722,0.162779,0.504949,1.98,0.92871,2.93495,7.6199,curved,sharp
MVI_20011,35,217,367,583,514.04,490.17,0.9536,89.13,652.61,0.942,23.56,0.057549,0.01708,0.109706,1.292576,0.77,0.47514,2.88056,17.22501,curved,sharp
MVI_20011,36,151,385,535,504.61,498.17,0.9872,36.73,237.17,1.633,40.82,0.037489,0.004295,0.135307,0.468587,2.13,0.27208,2.49994,6.6509,curved,gentle
MVI_20011,37,193,397,589,404.59,378.08,0.9345,74.52,435.89,1.453,36.33,0.049795,0.011269,0.144327,0.560983,1.78,0.77975,3.67637,7.6715,curved,sharp
MVI_20011,38,145,397,541,311.13,303.74,0.9763,58.31,191.79,1.762,44.04,0.016459,0.010121,0.042159,0.082365,12.14,0.4937,1.35066,2.98533,curved,sharp
MVI_20011,39,175,409,583,567.57,559.09,0.9851,31.74,256.39,1.314,32.84,0.033867,0.011408,0.095406,0.354585,2.82,0.71289,1.98662,4.56277,curved,gentle
MVI_20011,40,169,421,589,404.87,395.0,0.9756,46.22,403.1,1.45,36.26,0.036444,0.011622,0.081823,0.521666,1.92,0.67561,2.42836,6.82946,curved,sharp
MVI_20011,41,163,439,601,296.78,290.47,0.9787,5.06,354.03,1.493,37.33,0.035334,0.011633,0.101097,0.25971,3.85,0.59283,2.48139,7.10099,straight,straight
MVI_20011,42,175,457,631,488.83,476.96,0.9757,2.9,309.02,1.175,29.37,0.037966,0.009459,0.133817,0.30764,3.25,0.49417,2.79235,4.16018,straight,straight
MVI_20011,43,145,475,619,359.79,355.94,0.9893,7.81,244.42,1.79,44.75,0.033651,0.011641,0.096393,0.208486,4.8,0.6138,2.0831,4.34383,straight,straight
MVI_20011,44,163,493,655,313.35,308.36,0.9841,10.55,284.96,1.362,34.05,0.023478,0.012185,0.051517,0.242106,4.13,0.6055,1.57662,4.5893,straight,gentle
MVI_20011,45,154,511,664,269.52,235.72,0.8746,81.85,513.27,1.268,31.71,0.057351,0.037489,0.130706,0.527991,1.89,1.21117,2.79764,7.52649,curved,sharp
MVI_20011,46,95,570,664,57.19,45.56,0.7966,117.13,154.4,0.722,18.05,0.05317,0.01546,0.138774,0.261355,3.83,0.35243,2.51776,3.52038,curved,sharp
MVI_20011,47,148,517,664,69.02,44.35,0.6425,21.14,129.79,0.411,10.28,0.0734,0.044208,0.172668,0.209784,4.77,0.78588,2.63769,4.05523,static,static
MVI_20011,48,124,541,664,380.83,376.0,0.9873,29.44,168.19,2.382,59.56,0.014867,0.006222,0.042711,0.102236,9.78,0.4145,1.87423,2.52231,curved,gentle
MVI_20011,49,118,547,664,294.5,290.23,0.9855,51.76,197.33,2.358,58.94,0.019077,0.00916,0.047159,0.108803,9.19,0.52416,1.89621,3.53783,curved,sharp
MVI_20011,50,94,571,664,65.92,60.39,0.9161,10.78,230.91,0.65,16.25,0.08046,0.048002,0.193976,0.400709,2.5,1.03598,3.17622,7.49648,curved,gentle
MVI_20011,51,46,619,664,32.56,29.25,0.8986,91.66,161.45,0.681,17.03,0.113888,0.099182,0.253796,0.302635,3.3,2.11615,3.58677,4.03801,curved,sharp
MVI_20011,52,34,631,664,14.27,11.31,0.7927,11.38,18.06,0.423,10.58,0.080766,0.084361,0.120617,0.12965,7.71,1.21449,1.5404,1.75112,static,static
MVI_20011,53,28,637,664,90.32,89.29,0.9887,29.58,29.58,3.575,89.39,0.006177,0.006708,0.010439,0.019542,51.17,0.42417,0.97236,1.07528,curved,gentle
MVI_20012,1,25,1,25,180.67,180.5,0.9991,10.89,10.89,7.512,187.8,0.001258,0.000934,0.002381,0.003229,309.68,0.17548,0.32892,0.40467,straight,gentle
MVI_20012,3,493,1,493,659.72,573.55,0.8694,262.8,1302.61,0.459,11.48,0.051615,0.022011,0.141488,0.44199,2.26,0.76205,2.34518,5.82929,static,static
MVI_20012,4,133,1,133,456.11,451.5,0.9899,32.59,254.04,2.006,50.15,0.030652,0.008293,0.084062,0.310317,3.22,0.73363,2.51328,5.51456,curved,gentle
MVI_20012,5,169,1,169,459.57,444.63,0.9675,199.01,510.04,1.301,32.53,0.041835,0.027317,0.100724,0.257764,3.88,1.00514,2.41942,5.27119,curved,sharp
MVI_20012,6,97,1,97,505.8,504.23,0.9969,45.57,104.56,3.025,75.62,0.012956,0.003004,0.0115,0.316308,3.16,0.28949,1.0919,5.99441,curved,sharp
MVI_20012,7,127,1,127,563.97,560.31,0.9935,1.33,196.89,2.622,65.55,0.019709,0.006317,0.053053,0.195676,5.11,0.63755,2.0277,3.29299,straight,straight
MVI_20012,8,145,1,145,211.0,204.83,0.9708,66.88,372.37,1.361,34.03,0.048789,0.030171,0.108732,0.262438,3.81,1.02644,2.7244,3.87261,curved,sharp
MVI_20012,9,43,1,43,26.48,23.81,0.8991,8.34,122.71,0.583,14.57,0.119025,0.122533,0.201967,0.339977,2.94,2.14255,3.05158,4.526,curved,straight
MVI_20012,10,49,1,49,36.98,32.28,0.8731,54.56,185.09,0.675,16.89,0.132272,0.113634,0.285856,0.336053,2.98,2.71762,4.27796,5.62973,curved,sharp
MVI_20012,11,211,1,211,486.45,469.23,0.9646,175.79,774.96,1.004,25.11,0.070556,0.016426,0.177907,1.137698,0.88,0.61853,3.214,14.92671,curved,sharp
MVI_20012,12,343,13,355,536.65,500.21,0.9321,13.81,938.92,0.663,16.57,0.086879,0.035014,0.219134,0.975017,1.03,1.0675,3.56398,14.38167,curved,gentle
MVI_20012,13,229,25,253,574.79,562.89,0.9793,37.78,496.45,1.237,30.91,0.046834,0.013442,0.153709,0.335556,2.98,0.68827,3.25826,6.58598,curved,gentle
MVI_20012,14,403,31,433,575.02,504.18,0.8768,86.63,875.8,0.637,15.93,0.059979,0.021749,0.160437,0.676635,1.48,0.88784,2.76776,8.91568,curved,sharp
MVI_20012,15,385,79,463,543.57,493.84,0.9085,7.31,1457.07,0.68,17.01,0.070642,0.028396,0.204242,0.682126,1.47,0.93308,3.58256,11.23851,curved,straight
MVI_20012,16,247,79,325,423.79,408.67,0.9643,86.0,817.34,1.234,30.85,0.06701,0.019602,0.206089,0.567933,1.76,0.83208,3.76525,7.43246,curved,sharp
MVI_20012,17,133,139,271,332.86,327.66,0.9844,40.27,180.26,1.904,47.61,0.019524,0.00835,0.054093,0.143465,6.97,0.42296,1.37209,2.82669,curved,gentle
MVI_20012,18,217,139,355,627.22,600.83,0.9579,15.8,795.14,1.416,35.4,0.07083,0.022431,0.174937,0.767295,1.3,0.99921,3.39097,9.62595,curved,gentle
MVI_20012,19,151,139,289,532.58,525.27,0.9863,15.19,221.5,1.658,41.46,0.028381,0.006531,0.088111,0.207642,4.82,0.47802,1.96499,3.42353,straight,gentle
MVI_20012,20,151,181,331,347.63,342.6,0.9855,20.74,196.87,1.56,38.99,0.021422,0.009486,0.053509,0.116018,8.62,0.40428,1.65461,2.61303,curved,gentle
MVI_20012,21,217,211,427,609.19,593.99,0.9751,32.81,372.1,1.431,35.78,0.036371,0.009333,0.113005,0.427514,2.34,0.56466,1.74643,5.58674,curved,gentle
MVI_20012,22,766,171,936,242.65,185.32,0.7637,287.71,415.58,0.208,5.21,0.0271,0.000218,0.069746,0.525667,1.9,0.00556,1.16912,6.72679,static,static
MVI_20012,23,103,241,343,283.57,278.75,0.983,10.46,171.26,2.283,57.09,0.015585,0.010183,0.033487,0.079219,12.62,0.70461,1.82072,2.51921,straight,gentle
MVI_20012,24,271,271,541,502.24,484.22,0.9641,42.01,481.76,0.907,22.66,0.048981,0.015867,0.156384,0.320623,3.12,0.5659,2.56208,5.34138,curved,gentle
MVI_20012,25,193,271,463,560.14,552.91,0.9871,17.59,264.39,1.473,36.83,0.029528,0.009462,0.080887,0.248012,4.03,0.41993,2.18901,4.27474,straight,gentle
MVI_20012,26,109,295,403,381.98,377.74,0.9889,37.06,125.57,2.156,53.89,0.011137,0.005164,0.032384,0.048266,20.72,0.44912,1.34614,1.83624,curved,gentle
MVI_20012,27,211,313,523,564.43,555.28,0.9838,33.74,389.91,1.454,36.35,0.036534,0.018978,0.097735,0.237235,4.22,0.81592,2.2008,7.20385,curved,gentle
MVI_20012,28,205,355,559,557.25,549.42,0.986,11.01,337.57,1.335,33.38,0.02722,0.011428,0.08039,0.336144,2.97,0.54128,1.78485,6.45251,straight,gentle
MVI_20012,29,223,361,583,533.19,525.56,0.9857,6.73,247.25,1.262,31.54,0.025281,0.007169,0.066121,0.261101,3.83,0.37439,1.68095,4.20731,straight,straight
MVI_20012,30,133,361,493,329.24,325.4,0.9883,38.78,151.38,1.85,46.24,0.011507,0.009084,0.024245,0.049311,20.28,0.41929,1.1937,1.79938,curved,gentle
MVI_20012,31,217,403,619,486.92,480.22,0.9862,35.43,284.89,1.128,28.21,0.033093,0.009728,0.089199,0.261253,3.83,0.47493,1.68853,3.36268,curved,gentle
MVI_20012,32,253,427,679,485.43,471.08,0.9704,12.04,485.31,0.956,23.89,0.050101,0.027167,0.146066,0.370389,2.7,0.92298,2.54852,5.74633,straight,gentle
MVI_20012,33,121,427,547,317.06,314.33,0.9914,12.78,160.23,2.191,54.77,0.016904,0.007369,0.049141,0.137463,7.27,0.39083,1.79508,3.35331,straight,gentle
MVI_20012,34,91,469,559,251.98,247.71,0.983,10.65,149.64,2.409,60.24,0.014034,0.009606,0.033318,0.058603,17.06,0.58043,1.88665,2.58543,straight,gentle
MVI_20012,35,199,487,685,530.82,525.19,0.9894,9.85,289.35,1.245,31.13,0.030213,0.011297,0.058781,0.346457,2.89,0.58236,1.59628,5.02016,straight,straight
MVI_20012,36,193,487,679,108.73,83.42,0.7673,5.79,485.2,0.518,12.96,0.097005,0.080059,0.18,0.774784,1.29,1.46007,2.87097,10.50544,curved,straight
MVI_20012,37,103,487,589,400.78,396.27,0.9887,20.59,138.24,2.868,71.69,0.017803,0.00436,0.063481,0.135167,7.4,0.37384,1.58007,3.07042,curved,gentle
MVI_20012,38,271,499,769,668.95,601.68,0.8994,575.66,1049.91,1.265,31.62,0.055677,0.027146,0.136302,0.414467,2.41,1.035,3.53124,8.81836,curved,sharp
MVI_20012,39,139,505,643,323.0,318.67,0.9866,47.14,186.75,1.784,44.61,0.017467,0.009229,0.044021,0.072701,13.75,0.58924,1.39251,2.3321,curved,sharp
MVI_20012,40,97,661,757,319.8,315.94,0.9879,33.28,129.25,2.585,64.62,0.014036,0.006646,0.041754,0.074866,13.36,0.51407,1.59564,2.79838,curved,gentle
MVI_20012,41,171,685,855,117.06,74.7,0.6381,43.17,512.32,0.467,11.67,0.127428,0.073497,0.256981,1.770026,0.56,1.23359,4.56755,23.9817,static,static
MVI_20012,42,571,1,571,535.52,447.37,0.8354,22.11,1000.8,0.722,18.06,0.034825,0.013207,0.083214,0.582542,1.72,0.46102,2.33979,9.78426,curved,gentle
MVI_20032,1,235,1,235,370.21,357.38,0.9654,12.27,432.0,1.013,25.33,0.043976,0.021671,0.121605,0.278099,3.6,0.69283,2.60187,4.09562,curved,gentle
MVI_20032,2,217,1,217,188.57,169.42,0.8984,153.61,909.7,0.76,18.99,0.095151,0.05443,0.242711,0.430598,2.32,1.23962,4.17282,6.56644,curved,sharp
MVI_20032,3,97,1,97,293.02,285.51,0.9744,8.97,176.96,2.851,71.29,0.016099,0.009238,0.042775,0.140889,7.1,0.5044,1.87534,7.17049,straight,straight
MVI_20032,4,437,1,437,200.58,55.26,0.2755,157.67,725.31,0.287,7.19,0.110196,0.057912,0.30596,0.566269,1.77,1.36379,4.69568,7.75637,static,static
MVI_20032,5,253,91,343,489.06,457.6,0.9357,38.11,454.31,0.741,18.53,0.055871,0.030367,0.135046,0.491001,2.04,1.16785,2.669,6.23732,curved,gentle
MVI_20032,6,193,91,283,148.97,131.82,0.8849,20.22,577.1,0.539,13.48,0.09198,0.05946,0.198266,0.520681,1.92,1.39944,3.3113,7.01646,curved,gentle
MVI_20032,7,119,319,437,459.54,455.68,0.9916,8.9,198.61,2.578,64.46,0.025663,0.007824,0.085498,0.115725,8.64,0.65087,2.32759,3.22649,straight,straight
MVI_20032,8,89,349,437,459.8,455.55,0.9908,8.18,93.57,4.06,101.5,0.008748,0.002503,0.031631,0.060434,16.55,0.31752,1.34955,1.98208,straight,straight
MVI_20032,9,17,421,437,192.62,189.44,0.9835,31.92,31.92,12.097,302.42,0.00278,0.003463,0.004929,0.005085,196.66,1.0473,1.52985,1.55902,curved,gentle
MVI_20033,1,91,1,91,327.45,322.24,0.9841,32.01,133.27,3.112,77.8,0.018751,0.004661,0.02087,0.34502,2.9,0.34896,1.39359,6.88945,curved,gentle
MVI_20033,2,229,1,229,349.03,326.78,0.9363,5.4,472.14,0.787,19.68,0.051275,0.021326,0.1185,0.586725,1.7,0.76689,2.28943,7.66593,curved,straight
MVI_20033,3,127,1,127,86.49,74.44,0.8606,118.66,361.24,0.58,14.51,0.091781,0.06322,0.169066,0.576041,1.74,1.40469,3.21633,7.20886,curved,sharp
MVI_20033,4,127,1,127,64.96,54.6,0.8405,33.1,189.43,0.445,11.13,0.098477,0.082085,0.201168,0.303184,3.3,1.28334,2.96804,4.13559,static,static
MVI_20033,5,241,7,247,538.99,519.15,0.9632,6.38,406.51,0.997,24.92,0.044591,0.010108,0.137364,0.526841,1.9,0.53507,2.75517,6.67421,curved,straight
MVI_20033,6,211,49,259,481.0,467.77,0.9725,42.71,203.79,0.837,20.92,0.029969,0.008401,0.088589,0.206062,4.85,0.38996,1.92682,3.2211,curved,gentle
MVI_20033,7,235,55,289,537.1,521.85,0.9716,9.11,382.47,1.079,26.98,0.046107,0.011378,0.154765,0.357771,2.8,0.62026,2.85314,4.66764,straight,straight
MVI_20033,8,259,145,403,437.45,422.31,0.9654,33.69,750.22,0.975,24.37,0.065621,0.02837,0.178877,0.839176,1.19,1.04706,2.78175,11.17668,curved,gentle
MVI_20033,9,319,49,367,222.17,185.72,0.8359,78.01,686.96,0.493,12.33,0.075923,0.045751,0.17238,0.53766,1.86,1.14372,3.0993,8.14443,static,static
MVI_20033,10,235,145,379,212.62,185.28,0.8714,219.01,871.32,0.994,24.84,0.080415,0.066918,0.188529,0.328972,3.04,1.46037,4.07761,6.16643,curved,sharp
MVI_20033,11,259,253,511,547.65,521.6,0.9524,80.3,592.63,0.831,20.78,0.064384,0.018113,0.191126,0.637186,1.57,0.79122,3.20925,13.23916,curved,sharp
MVI_20033,12,235,313,547,527.3,510.07,0.9673,7.67,461.57,0.97,24.24,0.043521,0.016143,0.115438,0.379162,2.64,0.68262,2.02221,5.76725,curved,straight
MVI_20033,13,283,313,595,639.56,619.47,0.9686,11.56,509.61,0.823,20.57,0.050069,0.015391,0.133787,0.712893,1.4,0.73355,2.85114,9.62665,curved,gentle
MVI_20033,14,235,379,613,524.46,512.31,0.9768,20.89,496.56,0.988,24.7,0.058407,0.02798,0.151768,0.459402,2.18,1.04148,2.61731,6.55588,curved,gentle
MVI_20033,15,259,385,643,601.66,571.47,0.9498,10.93,1074.6,0.798,19.94,0.086632,0.029074,0.232799,0.57764,1.73,1.32765,4.35435,9.40191,curved,gentle
MVI_20033,16,253,415,667,497.63,485.55,0.9757,24.65,452.76,0.893,22.32,0.045416,0.009708,0.132754,0.577042,1.73,0.33401,2.5381,8.29406,curved,gentle
MVI_20033,17,223,445,667,490.25,480.42,0.9799,74.02,447.01,0.923,23.08,0.05147,0.011385,0.152052,0.367237,2.72,0.7133,3.02912,4.97761,curved,sharp
MVI_20033,18,223,463,685,518.98,504.41,0.9719,19.43,544.82,1.068,26.7,0.071207,0.013256,0.200795,0.969062,1.03,0.69829,3.80636,12.53375,straight,gentle
MVI_20033,20,229,529,757,527.58,520.35,0.9863,29.13,373.46,0.928,23.19,0.038475,0.010798,0.110223,0.296331,3.37,0.50498,2.16813,4.66163,curved,gentle
MVI_20033,21,220,565,784,530.2,514.36,0.9701,8.26,532.39,1.027,25.67,0.060438,0.024165,0.143703,0.453755,2.2,0.90227,2.89673,7.21853,straight,straight
MVI_20033,22,154,631,784,458.21,452.87,0.9883,91.92,255.61,1.74,43.5,0.03396,0.006711,0.086146,0.455479,2.2,0.35422,2.26506,7.51747,curved,sharp
MVI_20033,23,136,649,784,521.37,513.46,0.9848,73.39,285.78,3.043,76.07,0.024352,0.011225,0.086887,0.127884,7.82,0.92161,2.00059,3.55049,curved,sharp
MVI_20033,24,106,679,784,463.71,462.4,0.9972,2.97,83.2,3.64,90.99,0.005208,0.004039,0.010883,0.015792,63.32,0.4005,0.81225,1.03933,straight,straight
MVI_20033,25,58,727,784,351.3,347.58,0.9894,22.23,87.34,5.148,128.69,0.006986,0.004529,0.016499,0.023411,42.72,0.67543,1.62459,2.03816,curved,gentle
MVI_20033,26,327,458,784,73.73,55.89,0.7581,38.46,90.13,0.072,1.79,0.047991,0.004109,0.192009,0.452637,2.21,0.11957,3.78798,5.93554,static,static
MVI_20034,1,127,1,127,128.25,124.16,0.9681,20.09,216.76,0.814,20.34,0.038965,0.034964,0.074852,0.274626,3.64,0.72745,1.73338,3.62267,curved,gentle
MVI_20034,2,91,1,91,77.01,75.26,0.9772,38.36,168.09,0.915,22.88,0.038038,0.028181,0.082782,0.160202,6.24,0.71272,1.58037,2.1948,curved,gentle
MVI_20034,3,109,1,109,57.0,53.53,0.9392,18.97,172.46,0.558,13.95,0.079703,0.054157,0.190523,0.324214,3.08,0.88338,2.53773,4.33854,curved,gentle
MVI_20034,4,31,1,31,12.52,12.41,0.9913,14.58,20.9,0.404,10.1,0.019245,0.016234,0.029872,0.043148,23.18,0.25667,0.43161,0.55703,static,static
MVI_20034,5,181,19,199,489.25,485.35,0.992,30.84,255.21,1.579,39.47,0.027638,0.006803,0.078269,0.183428,5.45,0.37211,1.81483,2.89248,curved,gentle
MVI_20034,6,187,67,253,472.0,465.39,0.986,39.7,213.19,1.336,33.4,0.022276,0.011648,0.05992,0.182728,5.47,0.378,1.53809,2.9712,curved,gentle
MVI_20034,7,211,115,325,496.16,491.76,0.9911,37.16,269.35,1.133,28.32,0.027344,0.009303,0.0506,0.335619,2.98,0.38706,1.20827,4.30545,curved,gentle
MVI_20034,8,229,145,373,508.24,496.06,0.976,216.7,429.87,1.121,28.03,0.034316,0.00985,0.102777,0.262957,3.8,0.48582,1.79112,3.63771,curved,sharp
MVI_20034,9,151,103,253,500.66,495.28,0.9892,28.37,204.42,1.879,46.98,0.027923,0.007047,0.065448,0.373468,2.68,0.50181,1.46115,5.64671,curved,gentle
MVI_20034,10,163,157,319,504.89,502.57,0.9954,7.23,190.99,1.625,40.63,0.024479,0.01258,0.06225,0.199301,5.02,0.42929,1.42835,2.87721,straight,straight
MVI_20034,11,145,157,301,448.79,446.82,0.9956,1.58,113.81,1.612,40.29,0.016788,0.004701,0.056652,0.131065,7.63,0.21657,1.07189,2.05379,straight,straight
MVI_20034,13,199,181,379,572.54,563.78,0.9847,45.81,180.39,1.088,27.21,0.026158,0.007099,0.075462,0.329451,3.04,0.45228,1.40136,4.51018,curved,sharp
MVI_20034,14,217,253,469,471.96,460.46,0.9756,147.83,492.49,1.139,28.49,0.040755,0.009526,0.11504,0.405942,2.46,0.40072,2.26614,5.54875,curved,sharp
MVI_20034,15,181,289,469,457.25,444.62,0.9724,120.85,446.39,1.754,43.86,0.041677,0.013402,0.094105,0.468392,2.13,0.7141,2.24635,6.07338,curved,sharp
MVI_20034,16,512,289,800,260.56,150.71,0.5784,443.56,961.27,0.376,9.41,0.088462,0.054941,0.200236,0.622571,1.61,1.14966,3.52431,7.89661,static,static
MVI_20034,18,277,301,577,608.66,598.42,0.9832,10.93,324.16,0.96,24.01,0.032949,0.009805,0.093604,0.36093,2.77,0.57279,1.76159,4.52903,straight,gentle
MVI_20034,19,235,319,553,469.52,453.9,0.9667,16.4,447.88,0.824,20.59,0.058083,0.013764,0.146234,0.648404,1.54,0.61184,2.28551,8.8094,curved,gentle
MVI_20034,20,181,325,505,451.81,439.62,0.973,28.69,240.02,1.524,38.09,0.024784,0.008314,0.072907,0.275639,3.63,0.43374,1.73061,3.82209,curved,gentle
MVI_20034,21,307,337,643,519.75,484.14,0.9315,41.95,654.26,1.056,26.4,0.051006,0.023462,0.126777,0.408053,2.45,0.86281,2.48429,5.32568,curved,gentle
MVI_20034,22,331,361,691,485.47,455.71,0.9387,115.24,577.92,0.572,14.31,0.041963,0.021045,0.112249,0.228846,4.37,0.61813,1.9436,3.85705,curved,sharp
MVI_20034,23,271,373,643,509.13,496.01,0.9742,25.77,335.04,0.955,23.87,0.030415,0.010103,0.092951,0.247135,4.05,0.51275,1.78622,3.39447,curved,gentle
MVI_20034,24,193,403,595,476.29,455.11,0.9555,0.0,578.44,1.203,30.08,0.038691,0.011948,0.11009,0.336925,2.97,0.57173,2.13168,4.52115,curved,straight
MVI_20034,25,289,403,691,568.44,543.03,0.9553,62.92,697.83,0.803,20.07,0.069723,0.043913,0.179578,0.392757,2.55,1.30414,3.12561,5.25147,curved,sharp
MVI_20034,26,343,415,757,475.64,440.45,0.926,7.62,597.8,0.657,16.43,0.059674,0.017821,0.167825,0.541502,1.85,0.76196,2.73395,7.34948,curved,straight
MVI_20034,27,307,415,721,517.41,499.37,0.9651,14.67,410.12,0.834,20.86,0.038459,0.015074,0.115486,0.234832,4.26,0.67139,2.20071,4.19702,curved,gentle
MVI_20034,28,193,439,631,476.75,468.0,0.9816,67.5,351.16,1.048,26.2,0.041784,0.017439,0.110991,0.524641,1.91,0.71594,1.78041,7.03254,curved,sharp
MVI_20034,30,301,457,757,467.22,450.21,0.9636,2.79,620.2,1.004,25.11,0.049098,0.018283,0.127387,0.623167,1.6,0.65142,2.45924,9.50054,curved,straight
MVI_20034,31,302,499,800,500.09,484.81,0.9695,23.77,667.17,1.051,26.28,0.054323,0.024928,0.151668,0.466691,2.14,0.82951,2.82633,6.36638,curved,gentle
MVI_20034,32,205,523,727,540.3,531.79,0.9842,48.47,308.2,1.175,29.37,0.033571,0.014884,0.089995,0.305943,3.27,0.58645,2.07194,3.96125,curved,sharp
MVI_20034,33,187,541,727,592.86,583.81,0.9847,5.31,425.15,1.311,32.77,0.047899,0.012975,0.151014,0.475389,2.1,0.62625,3.20572,5.96234,straight,straight
MVI_20034,34,254,547,800,363.2,350.58,0.9652,22.54,444.34,0.815,20.38,0.051971,0.013395,0.179224,0.482238,2.07,0.62166,3.48951,6.81,curved,gentle
MVI_20034,35,230,571,800,450.6,439.13,0.9745,50.0,388.39,1.192,29.81,0.034557,0.014848,0.087892,0.229776,4.35,0.63746,1.99969,4.67042,curved,sharp
MVI_20034,36,193,589,781,508.14,499.41,0.9828,59.95,367.74,1.207,30.17,0.049267,0.008826,0.147959,0.613095,1.63,0.50967,2.09727,8.79599,curved,sharp
MVI_20034,37,212,589,800,127.49,109.75,0.8609,5.35,469.17,0.557,13.93,0.0983,0.069792,0.254841,0.387526,2.58,1.17052,3.48037,5.5658,curved,straight
MVI_20034,38,212,589,800,188.13,178.84,0.9506,2.02,502.18,0.671,16.78,0.059171,0.033696,0.128002,0.373562,2.68,0.90197,2.89411,6.15455,curved,straight
MVI_20034,39,170,631,800,490.04,480.82,0.9812,14.61,323.16,1.872,46.81,0.031731,0.011737,0.069279,0.270917,3.69,0.8489,1.99253,5.27887,straight,gentle
MVI_20034,40,116,685,800,309.09,301.63,0.9759,23.48,134.94,2.661,66.53,0.01078,0.008341,0.027307,0.051577,19.39,0.43563,1.0953,1.60678,curved,gentle
MVI_20034,41,116,685,800,121.35,105.04,0.8657,91.48,227.3,0.812,20.31,0.055625,0.040816,0.122379,0.294651,3.39,1.03352,2.56252,3.69736,curved,sharp
MVI_20034,42,110,691,800,70.22,63.11,0.8987,68.09,292.11,0.586,14.65,0.105075,0.072836,0.266011,0.391765,2.55,1.4433,4.09646,6.74507,curved,sharp
MVI_20034,43,92,709,800,42.9,31.83,0.7418,56.66,196.75,0.411,10.28,0.157214,0.140407,0.287758,0.528519,1.89,2.0994,4.00142,7.01947,static,static
MVI_20034,44,74,727,800,377.91,372.54,0.9858,17.47,68.8,4.637,115.93,0.005182,0.001703,0.015539,0.021414,46.7,0.27098,1.32564,1.65306,straight,gentle
MVI_20034,45,44,757,800,19.42,18.3,0.9425,18.82,45.35,0.462,11.55,0.163195,0.099592,0.363389,0.49156,2.03,1.30226,4.87544,6.16872,static,static
MVI_20034,46,44,757,800,13.94,10.08,0.723,6.45,6.45,0.286,7.14,0.122669,0.112957,0.140991,0.148,6.76,1.51534,1.78899,1.8574,static,static
MVI_20034,47,38,763,800,270.96,267.92,0.9888,7.81,33.4,8.011,200.28,0.002491,0.001027,0.006466,0.009123,109.62,0.15902,0.9944,1.32778,straight,straight
MVI_20034,48,731,1,731,367.94,328.22,0.892,31.88,129.12,0.134,3.34,0.008053,8.8e-05,0.027808,0.129142,7.74,0.00209,0.66308,4.19865,static,static
MVI_20034,49,421,231,651,546.41,526.65,0.9638,5.92,447.98,0.98,24.51,0.018316,0.00835,0.047803,0.229382,4.36,0.35643,1.38575,4.02904,curved,straight
MVI_20034,50,221,231,451,583.34,580.53,0.9952,1.24,77.69,1.217,30.41,0.003068,0.000111,0.009968,0.069893,14.31,0.00318,0.39183,1.91722,straight,straight
MVI_20035,1,157,1,157,217.07,213.34,0.9828,28.02,282.54,0.962,24.05,0.04184,0.018562,0.111207,0.223251,4.48,0.61288,2.11129,4.49953,curved,gentle
MVI_20035,2,115,1,115,118.12,109.89,0.9303,61.19,329.79,0.917,22.93,0.074525,0.04976,0.201347,0.43151,2.32,1.21336,3.19586,5.5181,curved,sharp
MVI_20035,3,67,1,67,38.7,35.86,0.9267,73.17,190.11,0.527,13.17,0.146265,0.12522,0.288192,0.524857,1.91,2.05534,4.58388,7.06594,curved,sharp
MVI_20035,4,37,1,37,32.26,30.73,0.9526,95.84,121.28,0.817,20.42,0.084913,0.077852,0.144279,0.342203,2.92,1.54358,2.71664,5.32263,curved,sharp
MVI_20035,5,13,1,13,8.49,7.03,0.828,105.67,105.67,0.666,16.66,0.244072,0.235954,0.416486,0.45207,2.21,3.93054,5.74072,6.06323,unknown,unknown
MVI_20035,6,228,2,229,544.62,525.5,0.9649,108.68,603.07,1.207,30.17,0.048513,0.021673,0.136329,0.3768,2.65,0.82379,2.92953,5.51314,curved,sharp
MVI_20035,7,183,71,253,488.52,473.3,0.9688,65.55,517.07,1.595,39.88,0.050994,0.016574,0.156271,0.358842,2.79,0.82999,3.59255,7.03677,curved,sharp
MVI_20035,8,187,139,325,512.4,506.32,0.9881,14.6,298.16,1.268,31.7,0.040041,0.010985,0.109975,0.289647,3.45,0.57069,2.63632,4.83587,straight,gentle
MVI_20035,9,157,181,337,457.93,408.28,0.8916,57.99,397.18,1.881,47.03,0.051788,0.011438,0.108071,0.668666,1.5,0.76754,2.837,11.20954,curved,sharp
MVI_20035,10,195,251,445,500.66,487.69,0.9741,128.27,547.62,1.494,37.36,0.057745,0.020775,0.178956,0.413133,2.42,0.79413,3.21264,5.94228,curved,sharp
MVI_20035,11,175,265,439,469.43,463.88,0.9882,18.68,215.51,1.381,34.52,0.023998,0.009361,0.065253,0.225815,4.43,0.40769,1.85597,3.15637,straight,gentle
MVI_20035,12,261,281,541,552.55,542.36,0.9816,25.62,386.1,0.895,22.37,0.0379,0.012205,0.110842,0.315764,3.17,0.49885,2.30548,4.41101,curved,gentle
MVI_20035,13,217,325,541,472.89,447.3,0.9459,43.36,564.8,1.08,27.01,0.065539,0.035254,0.155439,0.518881,1.93,1.121,3.24771,8.39517,curved,gentle
MVI_20035,14,255,341,595,534.02,519.54,0.9729,66.05,509.71,1.129,28.22,0.051456,0.009784,0.177483,0.402663,2.48,0.50462,2.95982,6.27087,curved,sharp
MVI_20035,15,221,381,601,556.14,542.97,0.9763,53.14,522.59,1.665,41.62,0.049186,0.018118,0.145684,0.42024,2.38,0.82393,3.2809,5.32904,curved,sharp
MVI_20035,16,181,439,619,467.84,462.79,0.9892,117.06,354.91,1.544,38.61,0.022402,0.009502,0.054768,0.19149,5.22,0.46355,1.76299,4.19867,curved,sharp
MVI_20035,17,179,441,619,445.51,430.0,0.9652,116.48,282.98,1.834,45.85,0.029735,0.009141,0.059794,0.366353,2.73,0.53825,1.7774,5.75349,curved,sharp
MVI_20035,18,257,471,727,518.47,506.77,0.9774,11.75,425.06,1.135,28.38,0.046711,0.014864,0.147508,0.543409,1.84,0.66861,2.24924,7.64531,straight,gentle
MVI_20035,19,199,493,691,510.34,503.63,0.9869,31.01,351.11,1.408,35.21,0.045051,0.011564,0.141715,0.425111,2.35,0.48815,2.77623,5.81316,curved,gentle
MVI_20035,20,227,501,727,510.67,497.28,0.9738,34.26,417.22,1.226,30.65,0.042779,0.012439,0.111701,0.435512,2.3,0.6306,2.33701,6.21335,curved,gentle
MVI_20035,21,193,535,727,468.67,464.52,0.9911,16.61,264.54,1.162,29.04,0.03278,0.009835,0.090769,0.28118,3.56,0.52684,1.7063,4.21445,straight,gentle
MVI_20035,22,187,541,727,466.93,461.06,0.9874,3.84,374.48,1.52,37.99,0.040823,0.012039,0.119345,0.406043,2.46,0.58386,2.13275,5.9634,straight,straight
MVI_20035,23,207,581,787,447.76,441.07,0.9851,10.07,362.95,1.13,28.24,0.037434,0.013449,0.106973,0.275134,3.63,0.58883,2.20673,3.72575,straight,gentle
MVI_20035,24,220,581,800,399.55,384.81,0.9631,20.18,451.72,1.44,36.01,0.040872,0.020126,0.103077,0.333767,3.0,0.74187,2.65969,4.53927,curved,gentle
MVI_20035,25,206,595,800,504.85,495.48,0.9814,110.35,493.97,1.368,34.21,0.036749,0.011692,0.09911,0.331168,3.02,0.53753,2.29404,4.44559,curved,sharp
MVI_20035,26,170,631,800,474.92,468.72,0.987,21.61,264.12,1.841,46.02,0.027585,0.006239,0.098418,0.182236,5.49,0.5958,2.3645,3.73277,curved,gentle
MVI_20035,27,150,651,800,332.62,327.1,0.9834,41.26,236.53,2.306,57.64,0.024528,0.009741,0.056424,0.209209,4.78,0.59322,2.16002,4.64877,curved,gentle
MVI_20035,28,130,671,800,476.74,472.21,0.9905,35.57,169.18,2.726,68.16,0.016885,0.004474,0.052201,0.086402,11.57,0.46231,1.80544,2.78431,curved,gentle
MVI_20035,29,104,697,800,410.57,408.14,0.9941,22.09,99.22,2.677,66.92,0.01068,0.002538,0.034828,0.066847,14.96,0.26552,1.59576,2.51236,curved,gentle
MVI_20035,30,19,1,19,134.85,133.69,0.9914,17.01,36.6,7.442,186.05,0.005738,0.004019,0.010552,0.0117,85.47,0.79508,1.62935,1.74566,straight,gentle
MVI_20035,31,49,1,49,260.11,259.29,0.9968,1.64,52.92,4.88,122.0,0.006577,0.002553,0.016513,0.047795,20.92,0.29059,1.37826,2.28302,straight,straight
MVI_20035,32,61,1,61,472.38,470.35,0.9957,14.14,51.49,6.981,174.51,0.004306,0.001155,0.015202,0.042467,23.55,0.25258,1.15993,2.24756,straight,gentle
MVI_20035,33,133,1,133,468.56,461.6,0.9851,5.02,159.93,2.826,70.64,0.011005,0.005939,0.028623,0.079703,12.55,0.46308,1.40007,2.82698,straight,straight
MVI_20035,34,175,1,175,426.14,417.1,0.9788,158.61,431.15,2.174,54.35,0.026231,0.009642,0.073122,0.275219,3.63,0.55078,2.20582,4.42305,curved,sharp
MVI_20035,35,145,1,145,505.03,492.99,0.9762,20.47,327.55,2.403,60.08,0.034078,0.010771,0.083398,0.34198,2.92,0.84437,2.73981,5.95797,curved,gentle
MVI_20035,36,229,1,229,536.19,525.89,0.9808,97.71,535.96,1.596,39.91,0.042858,0.014339,0.122532,0.401324,2.49,0.68703,2.69694,5.72354,curved,sharp
MVI_20035,37,187,49,235,536.92,528.68,0.9847,21.67,373.87,1.803,45.08,0.035154,0.0099,0.106944,0.332052,3.01,0.67001,2.81923,4.58543,curved,gentle
MVI_20035,38,241,49,289,558.57,553.36,0.9907,18.8,390.85,1.368,34.21,0.033102,0.008779,0.104005,0.230317,4.34,0.47238,2.20907,4.04303,straight,gentle
MVI_20035,39,115,49,163,453.08,452.33,0.9983,4.38,55.48,2.484,62.09,0.00556,0.00184,0.016876,0.04374,22.86,0.16629,0.57877,0.78726,straight,straight
MVI_20035,40,211,85,295,543.41,533.72,0.9822,15.96,375.19,1.692,42.29,0.036536,0.008113,0.097956,0.573087,1.74,0.5462,2.15628,7.92667,straight,gentle
MVI_20035,41,253,91,343,539.35,532.62,0.9875,57.26,309.18,1.294,32.34,0.024043,0.009754,0.066684,0.184942,5.41,0.44903,1.49494,2.87002,curved,sharp
MVI_20035,42,145,91,235,424.04,421.63,0.9943,10.92,223.29,1.666,41.65,0.041593,0.006769,0.113898,0.525466,1.9,0.43641,2.09555,7.02065,straight,gentle
MVI_20035,43,229,103,331,543.06,531.31,0.9784,2.96,372.55,1.6,39.99,0.034907,0.013104,0.105948,0.352885,2.83,0.60251,1.86854,5.467,straight,straight
MVI_20035,44,265,121,385,517.83,510.18,0.9852,25.61,364.71,1.088,27.21,0.033452,0.015698,0.096218,0.504275,1.98,0.65067,1.77223,6.72388,curved,gentle
MVI_20035,45,211,151,361,453.89,450.36,0.9922,42.62,313.92,0.98,24.5,0.037716,0.010457,0.114302,0.320297,3.12,0.51019,2.14244,4.18129,curved,gentle
MVI_20035,46,259,157,415,583.65,571.3,0.9788,52.44,543.07,1.259,31.47,0.045849,0.013925,0.132749,0.505711,1.98,0.67802,2.33777,7.60703,curved,sharp
MVI_20035,47,211,217,427,457.88,452.99,0.9893,39.53,248.01,1.158,28.95,0.034593,0.010854,0.118647,0.312381,3.2,0.4234,1.62096,4.16222,curved,gentle
MVI_20035,48,217,241,457,552.56,545.31,0.9869,3.67,325.73,1.484,37.1,0.032956,0.010266,0.094391,0.279195,3.58,0.62074,1.81885,4.0476,straight,straight
MVI_20035,49,223,241,463,464.49,457.89,0.9858,9.18,313.04,1.154,28.85,0.032393,0.009829,0.090462,0.334104,2.99,0.38853,1.75935,6.70804,straight,straight
MVI_20035,50,217,259,475,570.42,564.12,0.989,1.89,306.83,1.494,37.34,0.029818,0.005957,0.08815,0.267822,3.73,0.38074,1.65018,3.69599,straight,straight
MVI_20035,51,524,277,800,619.68,543.34,0.8768,1.54,779.53,0.563,14.07,0.040884,0.020472,0.081703,0.54884,1.82,0.6366,1.85041,7.17746,curved,straight
MVI_20035,52,193,313,505,439.97,437.84,0.9951,5.56,265.78,1.355,33.89,0.028657,0.013587,0.075586,0.211036,4.74,0.56775,1.42529,3.03332,straight,straight
MVI_20035,53,187,349,535,555.0,551.1,0.993,76.46,239.51,1.715,42.89,0.018705,0.006193,0.054142,0.209031,4.78,0.35747,1.28792,2.85957,curved,sharp
MVI_20035,54,277,349,625,574.48,563.84,0.9815,7.83,566.02,0.883,22.08,0.050134,0.023133,0.129341,0.395637,2.53,0.74639,2.39785,5.39598,straight,straight
MVI_20035,55,169,397,565,579.55,575.75,0.9934,48.73,175.49,2.061,51.53,0.018483,0.006626,0.054303,0.152796,6.54,0.33218,1.23343,2.58085,curved,sharp
MVI_20035,56,241,421,661,583.13,570.55,0.9784,107.94,576.23,1.104,27.6,0.045646,0.01135,0.145061,0.345901,2.89,0.47283,2.38268,4.57757,curved,sharp
MVI_20035,57,127,481,607,414.25,412.01,0.9946,2.35,126.65,1.574,39.35,0.019479,0.00513,0.069621,0.153782,6.5,0.25177,1.91069,2.53836,straight,straight
MVI_20035,58,133,487,619,119.12,109.4,0.9184,67.12,326.31,0.739,18.47,0.067899,0.040867,0.181339,0.441268,2.27,0.86169,2.85739,5.7615,curved,sharp
MVI_20035,59,151,511,661,431.18,429.47,0.996,17.6,160.95,1.325,33.11,0.022379,0.009966,0.058026,0.168951,5.92,0.48338,1.38227,2.33764,straight,gentle
MVI_20035,60,241,511,751,579.82,573.96,0.9899,21.39,285.94,1.306,32.65,0.030587,0.007596,0.0826,0.386235,2.59,0.39129,1.55442,5.84898,curved,gentle
MVI_20035,61,187,535,721,453.78,447.89,0.987,28.22,335.63,1.154,28.84,0.034316,0.009392,0.102282,0.266376,3.75,0.44858,2.01109,3.80594,curved,gentle
MVI_20035,62,187,577,763,466.32,461.8,0.9903,58.67,260.04,1.185,29.62,0.026257,0.009726,0.081555,0.259614,3.85,0.38867,1.64222,3.70613,curved,sharp
MVI_20035,63,188,613,800,154.84,147.41,0.952,57.39,481.33,0.733,18.33,0.068499,0.04079,0.19976,0.395981,2.53,0.95814,2.9318,5.31876,curved,sharp
MVI_20035,64,176,625,800,220.73,217.54,0.9855,21.51,217.21,0.847,21.18,0.03657,0.016825,0.09468,0.311569,3.21,0.55292,1.6304,3.93086,curved,gentle
MVI_20035,65,1,800,800,0.0,0.0,,,,0.0,0.0,,,,,,,,,unknown,unknown
MVI_20051,1,43,1,43,240.87,239.56,0.9946,32.89,38.09,5.674,141.85,0.003422,0.00217,0.006482,0.016064,62.25,0.36405,0.85658,1.58668,curved,gentle
MVI_20051,2,73,1,73,419.83,415.97,0.9908,48.35,92.2,4.782,119.54,0.006472,0.004057,0.015738,0.031084,32.17,0.36076,1.52077,2.11903,curved,sharp
MVI_20051,3,133,1,133,412.52,408.68,0.9907,48.2,167.12,2.046,51.16,0.02103,0.009327,0.040101,0.255573,3.91,0.53355,1.29331,4.04046,curved,sharp
MVI_20051,4,175,1,175,460.33,423.92,0.9209,81.85,346.8,1.322,33.06,0.044113,0.011644,0.128997,0.476727,2.1,0.7729,2.74403,6.71206,curved,sharp
MVI_20051,5,223,1,223,418.24,336.31,0.8041,85.35,525.49,1.135,28.39,0.045274,0.029707,0.117037,0.242959,4.12,0.90366,2.82058,5.48832,curved,sharp
MVI_20051,6,259,19,277,461.99,438.5,0.9491,10.31,632.01,1.071,26.78,0.050392,0.018807,0.138125,0.392336,2.55,0.79542,2.66991,5.8729,curved,gentle
MVI_20051,7,157,49,205,405.84,399.01,0.9832,10.7,246.42,1.462,36.55,0.033406,0.014742,0.07278,0.519792,1.92,0.62038,1.63597,7.36306,straight,gentle
MVI_20051,8,265,67,331,484.91,455.97,0.9403,117.51,661.38,0.869,21.72,0.061027,0.017618,0.178083,0.466921,2.14,0.66313,2.94964,6.04673,curved,sharp
MVI_20051,9,235,73,307,557.52,524.0,0.9399,74.25,596.71,1.351,33.79,0.04051,0.013164,0.142085,0.341294,2.93,0.61959,2.76394,5.47303,curved,sharp
MVI_20051,10,193,91,283,409.53,397.67,0.971,39.33,398.55,1.073,26.82,0.042594,0.017249,0.118161,0.216058,4.63,0.75973,2.38897,8.66405,curved,gentle
MVI_20051,11,241,127,367,467.45,450.05,0.9628,51.8,642.31,1.139,28.48,0.043086,0.010182,0.120114,0.530543,1.88,0.47491,1.90808,7.54597,curved,sharp
MVI_20051,12,187,145,331,397.36,390.64,0.9831,62.83,350.42,1.282,32.06,0.034019,0.009792,0.103978,0.356041,2.81,0.39107,1.82168,4.76878,curved,sharp
MVI_20051,13,223,187,409,534.71,506.28,0.9468,76.03,395.04,1.369,34.22,0.037124,0.013197,0.069747,0.683954,1.46,0.59182,2.07024,8.62781,curved,sharp
MVI_20051,14,211,205,415,290.75,281.52,0.9683,22.73,449.83,1.342,33.55,0.051609,0.024964,0.135176,0.37321,2.68,0.78666,2.45133,5.74571,curved,gentle
MVI_20051,15,223,235,457,583.22,566.03,0.9705,65.82,328.31,1.219,30.47,0.026124,0.009247,0.078896,0.198671,5.03,0.46964,1.63983,3.47164,curved,sharp
MVI_20051,16,157,235,391,411.01,408.44,0.9937,11.35,224.6,1.62,40.49,0.027805,0.01174,0.075004,0.256704,3.9,0.46776,1.73402,4.0302,straight,gentle
MVI_20051,17,217,271,487,564.42,552.25,0.9784,38.82,303.37,1.688,42.2,0.020595,0.006418,0.070876,0.1449,6.9,0.35816,1.50535,2.98343,curved,gentle
MVI_20051,18,163,277,439,430.02,421.72,0.9807,194.08,455.96,1.415,35.37,0.039108,0.01249,0.090369,0.436166,2.29,0.58266,2.13444,5.61013,curved,sharp
MVI_20051,19,229,301,529,540.62,524.24,0.9697,53.9,521.56,1.046,26.15,0.042074,0.008656,0.130556,0.314196,3.18,0.50835,2.50827,4.01181,curved,sharp
MVI_20051,20,229,355,583,480.63,467.44,0.9726,11.11,232.98,1.155,28.86,0.028365,0.007069,0.085496,0.29284,3.41,0.34052,1.9889,4.1988,straight,gentle
MVI_20051,21,97,367,463,339.98,331.89,0.9762,41.74,178.01,2.764,69.11,0.018958,0.005964,0.053232,0.142198,7.03,0.55813,2.1123,4.4357,curved,gentle
MVI_20051,22,235,391,625,502.22,488.08,0.9719,8.38,254.92,1.234,30.86,0.020486,0.008123,0.054484,0.17544,5.7,0.4372,1.2872,2.62529,straight,straight
MVI_20051,23,259,391,649,564.55,537.05,0.9513,37.31,249.7,1.212,30.29,0.01838,0.008482,0.044475,0.256187,3.9,0.48191,1.29628,3.8167,curved,gentle
MVI_20051,24,247,439,685,510.33,485.41,0.9512,174.75,549.33,1.009,25.23,0.032058,0.010448,0.089363,0.29184,3.43,0.45954,1.62226,4.44661,curved,sharp
MVI_20051,25,199,439,637,428.12,416.81,0.9736,33.67,282.35,0.889,22.22,0.028728,0.007141,0.064654,0.33251,3.01,0.31324,1.19662,4.58271,curved,gentle
MVI_20051,26,193,487,679,443.15,437.95,0.9883,2.77,99.7,1.022,25.54,0.010598,0.004398,0.024445,0.139779,7.15,0.24702,0.65965,1.78946,straight,straight
MVI_20051,27,247,487,733,559.55,544.31,0.9728,72.34,319.16,1.168,29.21,0.036915,0.010595,0.107096,0.255514,3.91,0.55252,2.13835,3.39226,curved,sharp
MVI_20051,28,211,559,769,547.82,539.95,0.9856,62.12,284.88,1.586,39.65,0.022491,0.011483,0.06134,0.155113,6.45,0.5659,1.56753,2.44902,curved,sharp
MVI_20051,29,259,565,823,590.5,576.41,0.9761,1.83,269.46,1.213,30.32,0.01826,0.004698,0.048567,0.167162,5.98,0.40307,1.28718,2.21699,straight,straight
MVI_20051,30,247,619,865,564.85,545.17,0.9652,85.99,286.81,1.288,32.2,0.019369,0.007419,0.053435,0.175906,5.68,0.4091,1.18243,3.09679,curved,sharp
MVI_20051,31,181,625,805,457.72,456.13,0.9965,12.99,150.09,1.067,26.67,0.020644,0.003242,0.061017,0.138656,7.21,0.23249,1.22937,2.81087,straight,gentle
MVI_20051,32,133,643,775,322.98,317.18,0.982,63.03,169.86,2.051,51.29,0.017827,0.008893,0.03557,0.158421,6.31,0.45873,1.30837,3.0226,curved,sharp
MVI_20051,33,151,691,841,456.16,453.2,0.9935,7.85,113.3,1.553,38.82,0.011906,0.004204,0.026747,0.140785,7.1,0.30494,1.09521,2.09394,straight,straight
MVI_20051,34,115,715,829,286.05,281.47,0.984,30.37,116.46,1.936,48.4,0.010048,0.008424,0.024424,0.041229,24.25,0.29736,1.22926,2.61676,curved,gentle
MVI_20051,35,180,727,906,134.76,121.55,0.902,55.9,344.3,0.776,19.41,0.054745,0.036997,0.119447,0.284907,3.51,0.83303,2.48076,3.98581,curved,sharp
MVI_20051,36,139,727,865,425.92,419.3,0.9845,8.35,180.55,1.91,47.74,0.032056,0.004445,0.099072,0.247285,4.04,0.39076,2.02256,4.02425,straight,straight
MVI_20051,37,162,745,906,172.03,165.98,0.9648,3.18,209.93,0.746,18.64,0.034353,0.029139,0.068639,0.159838,6.26,0.64424,1.60213,2.55235,curved,straight
MVI_20051,38,162,745,906,85.35,65.45,0.7668,54.46,209.66,0.46,11.49,0.048766,0.029457,0.136113,0.324449,3.08,0.48625,1.85135,4.15165,static,static
MVI_20051,39,157,745,901,446.69,445.16,0.9966,21.96,81.26,1.424,35.6,0.010907,0.003869,0.030829,0.059758,16.73,0.23856,0.67418,1.26521,curved,gentle
MVI_20051,40,138,769,906,368.53,362.81,0.9845,19.01,195.79,1.56,38.99,0.02872,0.005548,0.10689,0.257053,3.89,0.27641,1.9514,3.37274,straight,gentle
MVI_20051,41,108,799,906,83.89,82.04,0.9779,64.05,171.2,0.719,17.98,0.038623,0.023587,0.082323,0.255811,3.91,0.55154,1.50498,3.22771,curved,sharp
MVI_20051,42,96,811,906,196.69,181.76,0.9241,57.94,203.79,1.891,47.27,0.036111,0.013913,0.102279,0.335096,2.98,0.48571,2.357,4.34393,curved,sharp
MVI_20051,43,78,829,906,32.05,28.16,0.8784,1.2,67.58,0.399,9.98,0.067361,0.066123,0.12687,0.13712,7.29,0.98133,2.25094,2.48355,static,static
MVI_20051,44,78,829,906,52.52,49.48,0.9421,28.18,71.19,0.72,17.99,0.031331,0.022871,0.060384,0.15769,6.34,0.42011,1.12092,1.99935,curved,gentle
MVI_20051,45,72,835,906,170.28,163.79,0.9619,34.52,83.85,2.25,56.26,0.010949,0.008646,0.021187,0.0541,18.48,0.34664,1.38797,3.47258,curved,gentle
MVI_20051,46,12,895,906,99.66,98.53,0.9887,29.92,29.92,8.95,223.76,0.00535,0.0055,0.006444,0.006462,154.76,1.22993,1.40507,1.40761,unknown,unknown
MVI_20051,47,12,895,906,54.56,54.56,1.0,1.01,1.01,4.966,124.15,0.000335,0.000323,0.000442,0.000478,2093.63,0.04007,0.04996,0.05258,unknown,unknown
MVI_20051,48,12,895,906,28.37,28.37,1.0,0.72,0.72,2.582,64.55,0.000463,0.000447,0.000606,0.00065,1537.53,0.02884,0.03582,0.03756,unknown,unknown
MVI_20051,49,6,901,906,0.69,0.69,1.0,,,0.139,3.47,,,,,,,,,unknown,unknown
MVI_20051,50,6,901,906,1.45,1.45,1.0,,,0.29,7.26,,,,,,,,,unknown,unknown
MVI_20051,51,906,1,906,265.7,38.99,0.1467,304.46,1450.38,0.236,5.9,0.041097,0.016127,0.134283,0.223142,4.48,0.25347,1.75799,2.96246,static,static
MVI_20052,1,61,1,61,375.09,373.31,0.9952,0.8,53.14,6.97,174.24,0.003111,0.003031,0.005449,0.006378,156.78,0.38499,0.93007,1.04625,straight,straight
MVI_20052,2,81,1,81,395.02,393.47,0.9961,25.71,54.25,4.381,109.52,0.003924,0.00163,0.010678,0.014916,67.04,0.1602,0.86209,1.55125,curved,gentle
MVI_20052,3,103,1,103,428.92,424.19,0.989,10.34,130.52,3.635,90.88,0.009423,0.004713,0.02633,0.055459,18.03,0.33942,1.57329,2.87552,straight,gentle
MVI_20052,4,694,1,694,171.06,17.84,0.1043,189.8,225.99,0.19,4.75,0.078804,0.066073,0.134352,0.160673,6.22,0.99375,1.84426,2.06521,static,static
MVI_20052,5,115,1,115,399.38,397.84,0.9961,1.62,96.75,2.813,70.33,0.01362,0.002721,0.033642,0.25795,3.88,0.20223,0.76554,3.34732,straight,straight
MVI_20052,6,139,1,139,515.48,508.67,0.9868,19.43,163.04,2.04,51.0,0.013007,0.003766,0.037076,0.102058,9.8,0.26827,1.3702,2.7627,straight,gentle
MVI_20052,7,193,1,193,490.15,483.09,0.9856,18.07,132.45,1.238,30.95,0.01571,0.006836,0.042125,0.097989,10.21,0.33472,0.86266,1.78024,straight,gentle
MVI_20052,8,319,1,319,540.6,517.23,0.9568,87.25,375.98,0.762,19.06,0.02462,0.008415,0.063416,0.216292,4.62,0.43541,1.39816,2.74768,curved,sharp
MVI_20052,9,139,1,139,311.99,309.93,0.9934,39.97,116.11,1.543,38.58,0.018127,0.005677,0.055558,0.122793,8.14,0.24068,1.15594,2.16966,curved,gentle
MVI_20052,10,139,1,139,263.77,261.92,0.993,25.33,159.45,1.491,37.27,0.02466,0.007724,0.059433,0.229545,4.36,0.39073,1.52195,3.24979,curved,gentle
MVI_20052,11,139,1,139,200.95,197.86,0.9846,10.1,265.89,1.221,30.53,0.038236,0.023192,0.088408,0.410648,2.44,0.80638,1.99995,8.92382,straight,gentle
MVI_20052,12,109,1,109,103.85,100.96,0.9722,48.49,171.59,0.814,20.34,0.0383,0.02856,0.09073,0.198662,5.03,0.71255,1.6293,2.5711,curved,sharp
MVI_20052,13,103,1,103,116.61,111.09,0.9527,6.66,117.74,0.771,19.27,0.035871,0.020187,0.083977,0.243581,4.11,0.77607,1.69001,3.10956,curved,straight
MVI_20052,14,151,19,169,501.38,495.52,0.9883,46.23,197.35,1.91,47.74,0.027771,0.004858,0.085169,0.391234,2.56,0.3661,1.55089,5.74041,curved,sharp
MVI_20052,15,227,25,251,540.3,511.23,0.9462,124.69,423.14,0.939,23.48,0.042327,0.01115,0.103342,0.506785,1.97,0.5499,1.86143,7.54648,curved,sharp
MVI_20052,16,163,37,199,453.37,446.35,0.9845,1.39,171.15,1.525,38.13,0.021179,0.005108,0.056761,0.309633,3.23,0.22353,1.25973,4.20698,straight,straight
MVI_20052,17,169,91,259,469.11,467.51,0.9966,20.94,145.93,1.616,40.4,0.018617,0.004106,0.051023,0.277412,3.6,0.26401,1.2143,3.50019,curved,gentle
MVI_20052,18,133,97,229,273.87,269.02,0.9823,14.18,129.07,1.57,39.24,0.011203,0.008487,0.022169,0.081497,12.27,0.31647,1.2768,2.47418,straight,gentle
MVI_20052,19,163,97,259,423.89,417.32,0.9845,13.28,168.33,1.537,38.43,0.017542,0.008193,0.039429,0.159406,6.27,0.34307,1.26399,2.31172,straight,gentle
MVI_20052,20,313,103,415,548.29,508.46,0.9274,86.94,403.4,0.586,14.65,0.030139,0.007326,0.100868,0.219577,4.55,0.40326,1.82795,3.61318,curved,sharp
MVI_20052,21,235,115,349,523.75,483.04,0.9223,70.58,359.09,1.159,28.97,0.036624,0.006087,0.113498,0.3479,2.87,0.32025,1.86317,4.54582,curved,sharp
MVI_20052,22,121,139,259,274.83,269.01,0.9788,6.72,134.58,1.934,48.35,0.014038,0.009153,0.03083,0.074593,13.41,0.44637,1.17964,2.22389,straight,straight
MVI_20052,23,217,181,397,468.4,460.8,0.9838,0.59,211.63,1.34,33.51,0.024669,0.008047,0.085924,0.197583,5.06,0.40314,1.71966,2.5835,straight,straight
MVI_20052,24,283,181,463,513.95,502.5,0.9777,25.32,244.07,0.974,24.35,0.02149,0.008625,0.038966,0.333833,3.0,0.39601,1.24929,4.1831,curved,gentle
MVI_20052,25,121,223,343,273.65,269.23,0.9838,26.05,120.59,1.664,41.61,0.012727,0.006459,0.029218,0.061923,16.15,0.35253,1.0729,2.51899,curved,gentle
MVI_20052,26,151,223,373,438.31,430.82,0.9829,6.58,132.36,1.778,44.46,0.012346,0.005284,0.034736,0.079398,12.59,0.24895,1.17297,2.12725,straight,straight
MVI_20052,27,175,247,421,436.29,428.58,0.9823,126.3,275.08,1.618,40.44,0.016436,0.005332,0.048533,0.106971,9.35,0.34184,1.11509,2.1816,curved,sharp
MVI_20052,28,265,247,511,501.65,477.85,0.9526,180.01,375.53,0.958,23.94,0.021038,0.009104,0.047612,0.327362,3.05,0.34145,1.26179,4.22038,curved,sharp
MVI_20052,29,121,253,373,261.39,256.17,0.98,15.53,131.75,1.93,48.26,0.01515,0.008452,0.037555,0.083824,11.93,0.39131,1.32562,2.0736,straight,gentle
MVI_20052,30,436,259,694,559.57,344.75,0.6161,127.27,603.51,0.615,15.38,0.044113,0.020712,0.119662,0.319466,3.13,0.59988,2.28854,4.60453,curved,sharp
MVI_20052,31,145,265,409,342.61,335.41,0.979,25.67,135.67,1.609,40.23,0.016088,0.005232,0.04473,0.218393,4.58,0.30791,1.31239,2.76285,curved,gentle
MVI_20052,32,157,283,439,422.22,416.37,0.9861,0.58,173.74,1.727,43.18,0.019228,0.006995,0.057425,0.164162,6.09,0.35958,1.32803,2.71152,straight,straight
MVI_20052,33,121,319,439,246.33,239.62,0.9728,16.73,136.24,1.891,47.28,0.016039,0.009171,0.041747,0.099399,10.06,0.40055,1.0871,2.93433,straight,gentle
MVI_20052,34,205,343,547,569.84,559.53,0.9819,4.78,254.62,2.008,50.19,0.022534,0.003766,0.057627,0.242844,4.12,0.28047,1.57357,3.31845,straight,straight
MVI_20052,35,133,349,481,284.2,277.67,0.977,54.79,143.51,1.794,44.84,0.016581,0.006337,0.057412,0.089312,11.2,0.26776,1.41804,2.4513,curved,sharp
MVI_20052,36,79,379,457,188.63,184.44,0.9778,73.39,142.02,2.313,57.82,0.023125,0.005856,0.056998,0.166196,6.02,0.29637,2.30792,4.22476,curved,sharp
MVI_20052,37,241,385,625,571.79,530.44,0.9277,111.96,271.62,1.187,29.68,0.021333,0.007109,0.071073,0.162855,6.14,0.39038,1.0906,2.03697,curved,sharp
MVI_20052,38,205,391,595,499.71,492.3,0.9852,22.36,209.29,1.27,31.76,0.017861,0.009235,0.055269,0.098396,10.16,0.42933,1.21609,2.36808,curved,gentle
MVI_20052,39,199,427,625,483.09,478.37,0.9902,5.37,167.07,1.388,34.7,0.019514,0.003068,0.057057,0.242097,4.13,0.20566,1.21935,4.13774,straight,straight
MVI_20052,40,145,487,631,276.2,266.72,0.9657,60.54,253.09,1.484,37.11,0.030149,0.013541,0.066081,0.244659,4.09,0.49192,2.27909,4.81824,curved,sharp
MVI_20052,41,187,493,679,447.49,438.38,0.9796,17.85,238.79,1.211,30.28,0.031243,0.007315,0.079596,0.316892,3.16,0.42683,1.55151,4.561,straight,gentle
MVI_20052,42,70,625,694,355.89,348.65,0.9797,22.32,58.35,4.382,109.54,0.00362,0.002594,0.008752,0.01262,79.24,0.26648,0.83741,2.45892,curved,gentle
MVI_20052,43,694,1,694,130.02,22.49,0.173,115.52,205.29,0.139,3.48,0.007875,0.00424,0.020988,0.032157,31.1,0.08743,0.27236,0.49334,static,static
MVI_20061,1,55,1,55,335.36,333.58,0.9947,4.04,64.93,5.868,146.69,0.004671,0.003282,0.009368,0.032684,30.6,0.59704,1.00412,3.1952,straight,straight
MVI_20061,2,73,1,73,330.15,327.34,0.9915,11.97,127.68,3.602,90.06,0.011613,0.004428,0.030774,0.0534,18.73,0.72518,2.05212,4.29718,straight,gentle
MVI_20061,3,151,1,151,226.47,205.41,0.907,34.04,713.31,1.39,34.75,0.07643,0.040309,0.163697,0.735975,1.36,1.42381,3.94711,9.28653,curved,gentle
MVI_20061,4,157,1,157,404.76,387.96,0.9585,23.49,607.37,1.459,36.47,0.086366,0.016288,0.230012,0.829312,1.21,0.82574,5.23693,14.07404,curved,gentle
MVI_20061,5,229,1,229,459.62,420.27,0.9144,7.6,864.93,1.254,31.35,0.0693,0.013384,0.189069,0.874757,1.14,0.6167,3.79457,11.82014,curved,straight
MVI_20061,6,199,1,199,540.43,511.25,0.946,27.32,1039.88,1.508,37.7,0.089364,0.017278,0.253149,1.096877,0.91,0.91066,5.64888,14.97285,curved,gentle
MVI_20061,7,457,1,457,386.94,306.83,0.793,13.51,2131.26,0.653,16.33,0.122272,0.085086,0.290792,0.610303,1.64,1.77776,5.19741,13.00273,curved,gentle
MVI_20061,8,229,1,229,183.9,121.9,0.6629,30.66,1547.14,0.69,17.24,0.195908,0.149984,0.408185,1.31602,0.76,2.66907,7.14201,18.25039,curved,gentle
MVI_20061,9,247,1,247,180.88,60.5,0.3345,352.04,1928.29,0.64,15.99,0.187234,0.112067,0.458906,1.188375,0.84,2.30983,7.23829,15.51173,curved,sharp
MVI_20061,10,295,1,295,181.72,82.44,0.4537,60.58,1995.78,0.47,11.75,0.19604,0.105894,0.491454,1.290634,0.77,1.95189,6.92741,18.25173,static,static
MVI_20061,11,181,1,181,132.0,55.29,0.4188,83.09,1139.75,0.606,15.15,0.18818,0.152523,0.410544,1.062309,0.94,2.47242,6.6114,16.4752,curved,sharp
MVI_20061,12,229,1,229,142.05,42.94,0.3023,178.9,1801.88,0.464,11.61,0.179427,0.094134,0.476469,1.179367,0.85,1.72399,7.21003,17.83202,static,static
MVI_20061,13,79,1,79,65.72,52.62,0.8006,53.55,345.29,0.784,19.59,0.133471,0.094859,0.301554,0.76719,1.3,2.20815,5.56314,11.34937,curved,sharp
MVI_20061,14,151,1,151,93.69,25.73,0.2746,153.22,1049.2,0.402,10.06,0.190787,0.112052,0.412729,1.126716,0.89,2.12388,6.58168,17.56504,static,static
MVI_20061,15,127,1,127,82.73,21.03,0.2542,195.36,1373.36,0.515,12.88,0.195615,0.112043,0.432067,1.041024,0.96,2.34629,8.46478,14.21153,curved,sharp
MVI_20061,16,61,1,61,38.24,18.47,0.4829,48.67,585.7,0.546,13.64,0.18196,0.174081,0.344305,0.459138,2.18,2.5637,5.66428,6.30061,curved,sharp
MVI_20061,17,61,1,61,40.1,25.81,0.6437,38.24,474.79,0.537,13.42,0.210444,0.146392,0.429435,0.962838,1.04,2.66847,6.04336,12.92445,curved,gentle
MVI_20061,18,421,7,427,445.78,388.34,0.8711,41.45,2153.5,0.829,20.73,0.129764,0.090412,0.273377,0.934968,1.07,2.06906,5.48021,14.23423,curved,gentle
MVI_20061,19,235,25,259,584.47,546.26,0.9346,79.74,896.76,1.153,28.83,0.067908,0.01842,0.185331,0.761467,1.31,0.78874,3.77232,11.5515,curved,sharp
MVI_20061,20,253,49,301,478.26,444.41,0.9292,111.95,742.98,1.089,27.22,0.057357,0.023996,0.128291,1.202379,0.83,0.66191,2.51097,15.53654,curved,sharp
MVI_20061,22,229,103,331,475.93,451.09,0.9478,172.38,739.21,1.188,29.69,0.056996,0.016932,0.200968,0.452828,2.21,0.62559,3.60149,6.94772,curved,sharp
MVI_20061,23,241,121,361,469.83,444.29,0.9456,117.02,657.33,1.137,28.43,0.058594,0.02003,0.164066,0.513499,1.95,0.71962,3.21701,8.12159,curved,sharp
MVI_20061,24,271,139,409,476.56,447.69,0.9394,12.02,624.54,0.866,21.66,0.068468,0.027863,0.190186,0.480862,2.08,0.85611,3.27278,6.62196,curved,gentle
MVI_20061,25,253,169,421,553.23,526.07,0.9509,36.36,767.45,0.793,19.83,0.078494,0.019555,0.284889,0.790563,1.26,0.44929,4.47972,10.5515,curved,gentle
MVI_20061,26,385,211,595,334.16,291.03,0.8709,9.79,1501.02,0.798,19.95,0.10568,0.070117,0.257225,0.634009,1.58,1.45214,4.33452,9.68255,curved,straight
MVI_20061,28,205,259,463,563.78,547.36,0.9709,110.04,521.91,1.632,40.81,0.046565,0.016325,0.145261,0.399125,2.51,0.68126,2.81325,5.27902,curved,sharp
MVI_20061,29,229,289,517,445.53,432.42,0.9706,8.64,464.05,1.092,27.31,0.021668,0.009957,0.04971,0.284612,3.51,0.40239,1.20895,3.82951,straight,straight
MVI_20061,30,199,307,505,470.13,459.01,0.9763,361.73,536.11,0.946,23.65,0.028003,0.011953,0.071312,0.210433,4.75,0.47372,1.52719,2.86336,curved,sharp
MVI_20061,31,199,313,511,522.68,511.6,0.9788,16.74,470.0,1.627,40.68,0.043942,0.014322,0.111009,0.711014,1.41,0.63867,2.16505,9.3921,straight,gentle
MVI_20061,32,217,361,577,459.7,451.56,0.9823,46.86,384.28,1.185,29.64,0.039375,0.015857,0.09574,0.460906,2.17,0.66198,2.18402,5.80531,curved,sharp
MVI_20061,33,229,397,625,457.1,443.77,0.9708,2.02,545.33,0.958,23.95,0.044788,0.012485,0.139972,0.532664,1.88,0.56996,2.51087,7.46634,straight,straight
MVI_20061,34,211,451,661,433.68,425.04,0.9801,10.98,328.93,0.978,24.45,0.041299,0.007525,0.103094,0.594347,1.68,0.37854,2.0134,8.18648,straight,gentle
MVI_20061,35,199,469,667,525.28,514.83,0.9801,31.39,514.85,1.244,31.11,0.059338,0.023453,0.184708,0.366876,2.73,0.6171,3.07241,7.26137,curved,gentle
MVI_20061,36,271,481,751,468.31,450.21,0.9614,30.33,615.69,0.81,20.25,0.040554,0.015209,0.126434,0.379925,2.63,0.45406,1.90222,4.87597,curved,gentle
MVI_20061,38,175,553,727,511.84,495.13,0.9674,93.03,422.28,1.744,43.59,0.05799,0.014278,0.155835,0.739143,1.35,0.81475,2.99837,9.33429,curved,sharp
MVI_20061,39,218,583,800,326.11,313.02,0.9599,19.03,262.17,0.82,20.51,0.035967,0.009305,0.095549,0.396361,2.52,0.42545,1.81465,5.0118,curved,gentle
MVI_20061,40,188,613,800,577.56,569.5,0.9861,35.12,331.12,1.308,32.71,0.037912,0.017694,0.113442,0.265205,3.77,0.62493,2.5058,5.10773,curved,gentle
MVI_20061,41,152,649,800,334.72,329.65,0.9848,0.94,177.42,1.169,29.22,0.025694,0.005186,0.082367,0.273108,3.66,0.27445,1.80434,3.88399,straight,straight
MVI_20061,42,134,667,800,147.11,141.79,0.9639,28.1,311.68,0.912,22.79,0.064116,0.035748,0.185933,0.294735,3.39,0.9245,2.77498,5.37441,curved,gentle
MVI_20061,43,98,703,800,67.76,62.63,0.9243,1.94,128.36,0.634,15.84,0.049434,0.035365,0.121698,0.189625,5.27,0.76132,2.03086,3.042,curved,straight
MVI_20061,44,86,715,800,80.33,77.06,0.9593,5.45,216.69,0.813,20.32,0.065562,0.055475,0.154505,0.202199,4.95,0.97986,2.68067,3.78398,curved,straight
MVI_20061,45,50,751,800,144.92,140.47,0.9693,79.37,86.36,2.774,69.35,0.012807,0.004754,0.029194,0.042424,23.57,0.44136,1.93028,2.41671,curved,sharp
MVI_20061,46,44,757,800,33.35,30.4,0.9115,93.38,210.98,0.607,15.16,0.072427,0.044,0.200908,0.262306,3.81,0.93085,2.72659,3.2816,curved,sharp
MVI_20061,47,8,793,800,9.77,9.59,0.9812,36.03,36.04,1.441,36.04,0.073327,0.047659,0.175207,0.195595,5.11,1.63489,4.9032,5.27986,unknown,unknown
MVI_20061,48,2,799,800,1.86,1.86,1.0,0.0,0.0,1.856,46.4,0.0,0.0,0.0,0.0,,0.0,0.0,0.0,unknown,unknown
MVI_20061,49,321,31,351,278.21,255.69,0.919,30.06,1059.26,0.831,20.79,0.07283,0.050316,0.166471,0.466494,2.14,1.04451,3.23717,7.13296,curved,gentle
MVI_20061,50,341,161,501,279.06,256.95,0.9208,0.42,877.66,0.805,20.12,0.058788,0.028071,0.144889,0.643578,1.55,0.58105,2.62771,8.80309,curved,straight
MVI_20061,51,211,441,651,266.14,251.28,0.9442,51.87,395.03,1.217,30.42,0.030286,0.01621,0.087529,0.153503,6.51,0.50819,2.25325,4.12208,curved,sharp
MVI_20062,1,19,1,19,134.64,134.55,0.9993,8.76,8.76,7.927,198.17,0.001338,0.001017,0.002326,0.003838,260.55,0.20316,0.31217,0.4365,straight,straight
MVI_20062,2,13,1,13,122.5,122.5,1.0,1.1,1.1,10.219,255.49,0.000208,0.000139,0.000458,0.000668,1498.12,0.03553,0.07941,0.10227,unknown,unknown
MVI_20062,3,61,1,61,336.29,334.68,0.9952,32.85,74.69,5.533,138.33,0.00956,0.002603,0.026963,0.101571,9.85,0.43496,1.5288,3.62146,curved,gentle
MVI_20062,4,97,1,97,463.61,458.52,0.989,72.99,186.27,3.701,92.53,0.018682,0.007514,0.041358,0.121036,8.26,0.61864,2.28959,4.20521,curved,sharp
MVI_20062,5,115,1,115,457.41,448.06,0.9796,88.82,285.6,2.494,62.35,0.046711,0.00943,0.058494,0.755292,1.32,0.79494,2.47153,9.45747,curved,sharp
MVI_20062,6,175,1,175,445.81,426.7,0.9571,136.77,436.76,1.339,33.46,0.053721,0.008916,0.157205,0.55558,1.8,0.45567,3.13184,7.88124,curved,sharp
MVI_20062,7,193,1,193,508.16,488.59,0.9615,80.15,659.39,1.26,31.51,0.07567,0.014425,0.261379,0.909389,1.1,0.70371,4.47575,11.62913,curved,sharp
MVI_20062,8,133,1,133,147.14,135.97,0.9241,81.81,486.34,0.994,24.84,0.096574,0.053922,0.239269,0.668711,1.5,1.35037,4.52085,11.22494,curved,sharp
MVI_20062,9,235,1,235,479.81,452.84,0.9438,209.3,701.62,1.098,27.45,0.070376,0.009602,0.221007,1.119547,0.89,0.43019,3.43919,14.56096,curved,sharp
MVI_20062,10,205,91,295,488.85,472.24,0.966,1.52,379.56,1.037,25.94,0.038565,0.018523,0.101095,0.591555,1.69,0.64656,2.58813,8.62248,curved,straight
MVI_20062,11,139,97,235,251.74,240.0,0.9534,39.87,414.44,1.715,42.88,0.051423,0.019194,0.151031,0.38818,2.58,0.88601,3.9571,5.75976,curved,gentle
MVI_20062,12,234,2,235,553.18,548.62,0.9918,9.97,143.76,1.11,27.75,0.007989,0.003064,0.020616,0.076662,13.04,0.32355,0.89861,2.21618,straight,straight
MVI_20062,13,187,181,367,419.88,401.52,0.9563,97.21,540.65,2.007,50.18,0.059805,0.016297,0.195161,0.444839,2.25,0.80565,3.55733,6.51674,curved,sharp
MVI_20062,14,181,199,379,558.71,547.29,0.9796,89.07,404.59,1.871,46.76,0.045243,0.010943,0.168362,0.507423,1.97,0.62215,2.92809,6.86466,curved,sharp
MVI_20062,15,253,241,493,469.21,448.18,0.9552,10.35,756.01,1.055,26.38,0.061409,0.018628,0.166974,0.70867,1.41,0.55498,3.3618,9.32947,curved,gentle
MVI_20062,16,151,283,433,356.46,344.12,0.9654,79.02,274.12,1.764,44.1,0.034934,0.013221,0.093205,0.427254,2.34,0.69447,2.15913,5.41894,curved,sharp
MVI_20062,17,187,283,469,317.28,304.9,0.961,52.37,414.04,1.179,29.47,0.03495,0.019061,0.086052,0.239517,4.18,0.76522,2.42788,5.18673,curved,sharp
MVI_20062,19,229,301,529,472.34,457.83,0.9693,18.75,498.57,1.396,34.91,0.047173,0.014194,0.142508,0.540734,1.85,0.68791,2.56964,8.31644,curved,gentle
MVI_20062,20,121,337,457,509.04,505.64,0.9933,24.38,169.86,2.949,73.73,0.01555,0.006742,0.038234,0.126682,7.89,0.50696,1.42058,3.91743,curved,gentle
MVI_20062,21,199,355,553,463.77,446.14,0.962,9.52,338.81,1.625,40.62,0.030188,0.013588,0.073945,0.30882,3.24,0.6176,1.96833,5.76942,curved,straight
MVI_20062,22,181,451,631,365.42,350.29,0.9586,89.0,476.78,1.307,32.67,0.057553,0.020738,0.192094,0.550869,1.82,0.82642,3.25131,7.71097,curved,sharp
MVI_20062,23,133,499,631,281.52,274.24,0.9741,81.1,299.21,1.848,46.2,0.032768,0.015216,0.088397,0.165405,6.05,0.68781,2.66059,4.52674,curved,sharp
MVI_20062,24,121,505,625,410.2,399.28,0.9734,20.26,150.44,2.492,62.3,0.016,0.004303,0.053919,0.132866,7.53,0.35702,1.67516,2.72458,curved,gentle
MVI_20062,25,248,553,800,226.75,177.72,0.7838,72.67,604.83,0.669,16.73,0.065602,0.038562,0.142826,0.454303,2.2,1.0208,3.39515,5.90025,curved,sharp
MVI_20062,26,101,700,800,213.12,209.17,0.9815,46.27,80.12,2.12,53.0,0.011126,0.002111,0.03094,0.096531,10.36,0.09658,1.21866,1.7736,curved,sharp
MVI_20062,27,50,751,800,230.61,227.35,0.9859,41.62,50.72,4.481,112.02,0.004206,0.003528,0.010327,0.011596,86.24,0.29363,1.58068,1.73864,curved,gentle
MVI_20062,28,501,300,800,295.0,270.95,0.9185,17.36,83.63,0.53,13.24,0.006274,0.0002,0.022073,0.091416,10.94,0.00391,0.50004,1.20029,curved,gentle
MVI_20063,2,129,1,129,427.19,418.89,0.9806,59.18,117.5,2.625,65.61,0.009025,0.003333,0.023746,0.085861,11.65,0.21165,0.95166,2.70516,curved,sharp
MVI_20063,3,211,1,211,179.97,168.6,0.9368,39.04,318.84,0.73,18.24,0.048835,0.023536,0.13799,0.376421,2.66,0.55306,2.51068,5.41599,curved,gentle
MVI_20063,4,371,21,391,301.82,266.32,0.8824,28.75,1129.9,0.69,17.26,0.078821,0.04798,0.20212,0.548217,1.82,0.93169,3.3494,7.17062,curved,gentle
MVI_20063,5,241,91,331,387.58,373.77,0.9644,78.77,570.72,1.02,25.5,0.048989,0.01511,0.155033,0.389524,2.57,0.56055,2.51544,5.37211,curved,sharp
MVI_20063,6,261,141,401,422.4,407.92,0.9657,32.18,562.47,0.987,24.67,0.04274,0.011709,0.118757,0.501976,1.99,0.50965,2.19914,6.47977,curved,gentle
MVI_20063,7,251,231,481,332.84,315.84,0.9489,32.36,629.14,0.822,20.56,0.06341,0.019488,0.144242,0.952142,1.05,0.73739,2.84967,13.16367,curved,gentle
MVI_20063,8,261,231,491,379.5,358.24,0.944,2.7,460.13,1.041,26.02,0.039786,0.013266,0.110566,0.541798,1.85,0.56414,2.35609,7.83456,curved,straight
MVI_20063,9,221,271,491,358.42,347.17,0.9686,72.37,479.44,0.989,24.72,0.033461,0.015498,0.08418,0.275501,3.63,0.56585,1.98552,3.78371,curved,sharp
MVI_20063,10,221,321,541,317.23,305.81,0.964,5.21,403.46,0.969,24.22,0.040118,0.010479,0.073498,0.566125,1.77,0.4643,1.66423,7.22101,curved,straight
MVI_20063,11,341,361,701,373.96,351.88,0.9409,19.69,437.76,0.601,15.03,0.044401,0.016713,0.124507,0.397538,2.52,0.49412,2.14569,6.60312,curved,gentle
MVI_20063,12,321,381,701,342.3,315.65,0.9221,29.93,639.97,0.571,14.27,0.051525,0.018796,0.157258,0.415015,2.41,0.60671,2.73332,5.75534,curved,gentle
MVI_20063,13,155,380,534,468.03,448.12,0.9575,63.26,102.96,2.771,69.27,0.004747,0.001409,0.015497,0.037596,26.6,0.12121,0.88327,1.37355,curved,sharp
MVI_20063,14,351,441,791,348.19,261.74,0.7517,251.17,925.16,0.729,18.23,0.055165,0.019719,0.157778,1.191842,0.84,0.53033,2.59262,15.04879,curved,sharp
MVI_20063,15,341,451,791,399.63,355.15,0.8887,102.81,486.31,0.562,14.05,0.022995,0.010784,0.078318,0.119584,8.36,0.4515,1.33359,2.29149,curved,sharp
MVI_20063,16,331,461,791,351.33,317.71,0.9043,55.67,560.36,0.581,14.53,0.035227,0.01365,0.097413,0.399116,2.51,0.48951,1.7392,5.03595,curved,sharp
MVI_20063,17,281,511,791,333.79,319.47,0.9571,42.88,457.54,0.902,22.56,0.042683,0.010152,0.138373,0.519065,1.93,0.38391,2.25813,6.84172,curved,gentle
MVI_20063,18,221,571,791,296.63,288.51,0.9726,51.47,367.67,1.226,30.64,0.022215,0.007535,0.064137,0.33112,3.02,0.3315,1.57368,4.21671,curved,sharp
MVI_20063,19,211,581,791,316.1,308.32,0.9754,32.66,318.89,1.236,30.89,0.033922,0.010251,0.122662,0.206376,4.85,0.3482,2.15776,3.93031,curved,gentle
MVI_20063,20,210,591,800,87.84,75.45,0.8589,15.48,117.48,0.35,8.75,0.035701,0.020544,0.095529,0.143906,6.95,0.32515,1.32658,2.00662,static,static
MVI_20063,21,150,651,800,85.56,76.36,0.8925,19.8,199.29,0.49,12.24,0.041253,0.023868,0.0951,0.262175,3.81,0.43571,1.66192,3.58312,static,static
MVI_20063,22,120,681,800,58.2,48.56,0.8344,51.44,91.07,0.446,11.15,0.026852,0.019057,0.065823,0.10274,9.73,0.36065,0.91395,1.33988,static,static
MVI_20063,23,140,661,800,151.13,146.71,0.9708,41.23,182.45,1.08,27.01,0.022082,0.013568,0.048187,0.166397,6.01,0.35562,1.15629,3.74762,curved,gentle
MVI_20063,24,100,701,800,245.89,242.77,0.9873,34.28,76.79,2.306,57.65,0.006655,0.005408,0.012988,0.02852,35.06,0.30059,0.75207,1.25694,curved,gentle
MVI_20063,25,60,741,800,182.15,180.0,0.9882,27.75,34.85,3.181,79.52,0.003131,0.001286,0.009191,0.020337,49.17,0.10801,0.67312,1.84202,curved,gentle
MVI_20063,26,40,761,800,128.12,127.66,0.9964,12.91,12.91,3.42,85.51,0.001724,0.001237,0.004581,0.006157,162.42,0.10773,0.39255,0.52603,straight,gentle
MVI_20063,27,31,761,791,11.61,10.97,0.9444,8.01,8.06,0.283,7.06,0.031434,0.000123,0.098613,0.160417,6.23,0.00216,1.4186,2.10271,static,static
MVI_20063,28,30,771,800,142.87,140.91,0.9863,15.41,30.86,4.959,123.98,0.004201,0.002345,0.012312,0.014744,67.82,0.28919,1.46394,1.80544,straight,gentle
MVI_20063,29,20,781,800,41.98,41.78,0.9951,7.25,14.19,2.229,55.72,0.005659,0.00369,0.018807,0.022966,43.54,0.25119,1.05774,1.26856,straight,straight
MVI_20063,30,771,1,771,306.81,230.51,0.7513,5.21,417.56,0.038,0.94,0.038603,0.016421,0.09452,0.520509,1.92,0.64089,3.83205,6.88809,static,static
MVI_20064,1,163,1,163,466.61,423.71,0.9081,66.7,312.74,2.232,55.79,0.026931,0.008679,0.083498,0.191877,5.21,0.44904,3.00941,4.70357,curved,sharp
MVI_20064,2,331,1,331,534.91,499.13,0.9331,19.62,1045.18,0.758,18.94,0.044484,0.022777,0.108159,0.778493,1.28,0.56566,1.89291,11.71335,curved,gentle
MVI_20064,3,265,1,265,484.64,464.65,0.9587,10.48,438.77,1.021,25.53,0.038672,0.015759,0.091685,0.689994,1.45,0.59272,1.75609,9.16159,curved,gentle
MVI_20064,4,145,1,145,507.49,495.95,0.9773,11.99,354.29,1.857,46.42,0.036814,0.012774,0.121683,0.229221,4.36,0.67181,3.4343,7.34143,straight,gentle
MVI_20064,5,310,1,310,669.98,620.2,0.9257,66.75,556.26,1.741,43.54,0.023278,0.00784,0.065394,0.632244,1.58,0.422,2.15188,10.10303,curved,sharp
MVI_20064,6,109,1,109,456.89,449.14,0.983,6.19,185.25,2.82,70.49,0.023935,0.005203,0.096384,0.205063,4.88,0.42482,2.97162,6.0424,straight,straight
MVI_20064,7,235,1,235,227.85,185.35,0.8135,0.17,1066.7,0.704,17.6,0.103934,0.0583,0.273114,0.921321,1.09,1.78447,4.51678,11.71693,curved,straight
MVI_20064,8,277,1,277,278.15,251.35,0.9037,45.55,799.15,0.679,16.97,0.056343,0.040062,0.122143,0.245347,4.08,1.14422,2.84139,4.57514,curved,sharp
MVI_20064,9,127,1,127,140.11,124.68,0.8899,25.12,522.75,1.053,26.33,0.093402,0.056112,0.200354,0.713406,1.4,1.49494,4.39232,12.70824,curved,gentle
MVI_20064,10,235,1,235,148.19,110.18,0.7435,179.67,1098.16,0.576,14.4,0.148786,0.10804,0.304615,1.077096,0.93,2.11454,4.75199,14.209,curved,sharp
MVI_20064,11,139,1,139,91.42,55.05,0.6022,291.16,927.18,0.58,14.49,0.165867,0.134999,0.345856,0.632007,1.58,2.42757,5.61292,11.55074,curved,sharp
MVI_20064,12,139,1,139,63.13,23.2,0.3675,372.74,648.27,0.381,9.53,0.151628,0.114343,0.317654,0.44001,2.27,1.66767,4.35682,5.5216,static,static
MVI_20064,13,109,1,109,48.84,19.82,0.4058,431.06,517.63,0.417,10.42,0.169877,0.140707,0.28836,0.449273,2.23,2.12547,4.04935,5.66946,static,static
MVI_20064,14,19,1,19,8.9,6.38,0.7174,95.24,95.24,0.503,12.56,0.021866,0.017144,0.035784,0.059768,16.73,0.29643,0.55253,0.796,curved,sharp
MVI_20064,15,349,31,379,345.33,310.19,0.8982,46.98,690.14,0.581,14.52,0.059943,0.02695,0.147855,0.488821,2.05,0.86114,2.51472,6.54292,curved,sharp
MVI_20064,16,289,67,355,314.51,275.83,0.877,15.98,856.87,0.672,16.79,0.052794,0.018476,0.166573,0.440357,2.27,0.7153,2.98708,5.62949,curved,gentle
MVI_20064,17,283,97,379,563.64,538.36,0.9551,65.32,471.06,0.667,16.67,0.046467,0.022128,0.125168,0.337943,2.96,0.73412,2.06887,4.28851,curved,sharp
MVI_20064,18,673,103,775,536.31,380.7,0.7099,42.03,1443.3,0.357,8.92,0.060779,0.021704,0.171118,0.83222,1.2,0.85153,2.68262,10.80804,static,static
MVI_20064,19,325,109,433,311.03,278.82,0.8964,27.6,480.06,0.543,13.58,0.051646,0.017757,0.127578,0.546755,1.83,0.73376,2.69393,6.8379,curved,gentle
MVI_20064,20,644,157,800,473.34,335.61,0.709,405.61,1546.53,0.397,9.91,0.06826,0.027332,0.181665,0.842348,1.19,0.80262,3.19871,11.39111,static,static
MVI_20064,21,367,145,511,638.89,602.02,0.9423,29.9,977.77,0.629,15.72,0.051615,0.022325,0.137284,0.513765,1.95,0.81109,2.51438,6.74074,curved,gentle
MVI_20064,22,650,151,800,584.84,494.42,0.8454,385.22,1226.51,0.745,18.62,0.047592,0.023563,0.139953,0.377526,2.65,0.6929,2.39915,6.05542,curved,sharp
MVI_20064,23,343,151,493,536.44,506.3,0.9438,49.48,529.77,0.654,16.36,0.044807,0.019295,0.113247,0.529409,1.89,0.62064,2.09682,6.94494,curved,sharp
MVI_20064,24,451,241,691,386.2,286.34,0.7414,165.98,1097.84,0.445,11.13,0.051918,0.028492,0.145508,0.521117,1.92,0.77928,2.32318,7.58491,static,static
MVI_20064,25,505,253,757,396.1,331.55,0.837,23.25,675.98,0.407,10.19,0.045316,0.026355,0.106188,0.476969,2.1,0.77239,2.35887,6.70574,static,static
MVI_20064,26,343,295,637,316.95,282.48,0.8913,8.98,795.55,0.588,14.69,0.075153,0.019461,0.239785,0.622617,1.61,0.70058,4.14262,8.47283,curved,straight
MVI_20064,27,385,301,685,494.5,248.61,0.5028,56.46,1063.67,0.798,19.94,0.137616,0.00304,0.137404,24.449005,0.04,0.14442,2.77543,351.01384,curved,sharp
MVI_20064,28,445,319,763,383.13,319.4,0.8337,37.99,1398.97,0.568,14.21,0.10417,0.04615,0.282979,0.826461,1.21,1.03449,4.1351,10.48832,curved,gentle
MVI_20064,29,440,361,800,420.76,345.71,0.8216,96.12,1602.4,0.518,12.94,0.095354,0.047279,0.233999,0.878456,1.14,1.13316,4.33856,11.97338,curved,sharp
MVI_20064,30,428,373,800,397.31,300.55,0.7565,109.27,1238.64,0.541,13.53,0.10253,0.044756,0.294159,0.701668,1.43,1.43325,5.1063,9.39452,curved,sharp
MVI_20064,31,295,379,673,531.46,499.59,0.94,21.92,811.99,0.816,20.39,0.069746,0.022397,0.180207,0.848613,1.18,0.6678,3.40098,11.97316,curved,gentle
MVI_20064,32,422,379,800,373.78,306.8,0.8208,380.04,1276.85,0.644,16.1,0.042674,0.020189,0.103041,0.530975,1.88,0.62847,1.73749,7.08392,curved,sharp
MVI_20064,33,283,379,661,608.2,579.97,0.9536,18.48,1092.62,0.777,19.42,0.068745,0.016044,0.227394,0.572149,1.75,0.55109,3.69032,7.25527,curved,gentle
MVI_20064,34,380,421,800,419.26,343.62,0.8196,229.62,1115.75,0.479,11.96,0.055449,0.023181,0.111202,0.793336,1.26,0.85523,2.63953,14.39705,static,static
MVI_20064,35,374,427,800,334.96,274.23,0.8187,148.57,1083.26,0.555,13.89,0.079441,0.035432,0.206886,0.690371,1.45,1.11894,4.34441,10.74717,curved,sharp
MVI_20064,36,247,451,697,618.71,594.48,0.9608,86.7,838.31,1.047,26.17,0.06767,0.021729,0.185362,0.689204,1.45,0.62595,3.00883,11.3345,curved,sharp
MVI_20064,38,332,469,800,306.32,257.12,0.8394,190.73,1128.25,0.617,15.43,0.087099,0.049416,0.213323,0.547772,1.83,1.40513,3.94185,7.22908,curved,sharp
MVI_20064,39,320,481,800,407.85,373.38,0.9155,87.76,1004.28,0.673,16.84,0.099724,0.032198,0.278632,0.899579,1.11,1.0349,4.14331,12.02676,curved,sharp
MVI_20064,40,241,505,745,584.21,557.97,0.9551,139.69,735.61,1.238,30.95,0.057587,0.017255,0.146606,1.037575,0.96,0.55629,2.41906,15.13081,curved,sharp
MVI_20064,41,236,565,800,266.88,251.92,0.9439,6.16,643.43,0.685,17.11,0.081694,0.04349,0.236352,0.654627,1.53,0.94571,3.62265,8.56557,curved,straight
MVI_20064,42,194,607,800,152.91,140.53,0.919,18.85,591.44,0.721,18.03,0.092222,0.055025,0.23596,0.462485,2.16,1.19118,4.12089,8.45438,curved,gentle
MVI_20064,43,194,607,800,94.16,67.62,0.7182,9.28,227.02,0.371,9.28,0.058354,0.026892,0.126174,0.521719,1.92,0.63922,2.28223,6.61082,static,static
MVI_20064,44,188,613,800,279.74,263.55,0.9421,16.83,515.86,1.117,27.93,0.062554,0.026274,0.191915,0.336395,2.97,0.97822,4.65222,7.6655,curved,gentle
MVI_20064,45,146,655,800,227.42,213.38,0.9382,125.45,523.16,1.431,35.79,0.072361,0.037493,0.136911,0.730365,1.37,1.20265,4.05655,9.99685,curved,sharp
MVI_20064,46,122,679,800,210.77,201.63,0.9567,25.26,362.08,1.669,41.72,0.045403,0.032136,0.095541,0.267483,3.74,1.3154,2.99626,4.56577,curved,gentle
MVI_20064,47,134,667,800,117.96,106.64,0.9041,67.6,493.99,0.85,21.26,0.080431,0.069132,0.146006,0.288394,3.47,1.81727,3.23624,5.09786,curved,sharp
MVI_20064,48,134,667,800,41.44,11.88,0.2865,179.02,183.06,0.232,5.8,0.05543,0.034382,0.11132,0.181985,5.49,0.64779,1.70397,2.394,static,static
MVI_20064,49,116,685,800,55.59,21.57,0.388,5.63,633.41,0.388,9.71,0.076455,0.055267,0.170503,0.215469,4.64,0.92997,2.30409,2.77523,static,static
MVI_20064,50,62,739,800,22.58,4.97,0.2202,130.0,263.4,0.256,6.4,0.086509,0.038332,0.209418,0.396404,2.52,0.52787,3.71927,5.84294,static,static
MVI_20064,51,241,560,800,121.15,90.99,0.7511,0.38,402.21,0.408,10.2,0.067406,0.028501,0.181997,0.411616,2.43,0.52201,2.62008,5.7478,static,static
MVI_20065,2,103,1,103,432.71,431.59,0.9974,18.58,105.4,2.932,73.3,0.013967,0.004153,0.029881,0.219735,4.55,0.27336,1.35569,3.79378,straight,gentle
MVI_20065,3,73,1,73,413.53,412.19,0.9968,24.04,73.87,4.372,109.29,0.00845,0.00203,0.022335,0.104083,9.61,0.21735,1.53402,3.42382,curved,gentle
MVI_20065,4,187,1,187,109.3,95.0,0.8691,10.71,698.65,0.523,13.07,0.127858,0.113598,0.24352,0.422192,2.37,2.1371,3.99436,5.62133,curved,gentle
MVI_20065,5,151,1,151,87.43,75.22,0.8603,20.56,413.16,0.526,13.15,0.124462,0.110807,0.275594,0.423325,2.36,1.99082,4.53254,6.60789,curved,gentle
MVI_20065,6,97,1,97,44.37,32.11,0.7238,90.72,292.52,0.421,10.52,0.158752,0.141327,0.264974,0.321409,3.11,2.25623,3.81806,4.57079,static,static
MVI_20065,7,97,1,97,39.24,31.81,0.8107,75.16,231.67,0.373,9.32,0.177002,0.13129,0.356165,0.387547,2.58,2.0937,4.7428,5.3029,static,static
MVI_20065,8,187,37,223,279.98,273.41,0.9765,5.8,367.05,1.149,28.72,0.036244,0.022305,0.095822,0.143493,6.97,0.69451,2.48174,3.19739,straight,straight
MVI_20065,9,229,55,283,525.48,514.57,0.9793,22.99,423.34,1.023,25.57,0.041296,0.016283,0.107042,0.525141,1.9,0.63056,2.18134,7.19917,curved,gentle
MVI_20065,10,319,55,373,494.44,480.85,0.9725,13.55,494.21,0.769,19.22,0.038035,0.018339,0.104249,0.47369,2.11,0.58869,1.9552,6.07627,straight,gentle
MVI_20065,11,205,55,259,525.08,518.65,0.9878,17.75,340.21,1.223,30.58,0.033036,0.01499,0.084238,0.312526,3.2,0.6349,1.79097,4.79394,straight,gentle
MVI_20065,12,79,97,175,364.88,357.74,0.9804,59.86,75.42,4.29,107.26,0.007163,0.002493,0.019751,0.06685,14.96,0.35651,1.01402,2.39381,curved,sharp
MVI_20065,13,187,97,283,281.14,270.07,0.9606,5.13,496.05,1.132,28.31,0.063614,0.030698,0.179669,0.496586,2.01,1.00082,3.10256,7.51484,curved,straight
MVI_20065,14,301,103,403,513.05,493.61,0.9621,63.04,479.86,0.825,20.62,0.034954,0.018567,0.084509,0.338704,2.95,0.5157,1.90875,4.33891,curved,sharp
MVI_20065,15,343,103,445,481.65,457.66,0.9502,45.88,703.24,0.682,17.04,0.058735,0.02633,0.161135,0.587967,1.7,0.74159,2.5434,7.68151,curved,sharp
MVI_20065,16,212,103,314,526.79,518.49,0.9842,16.81,474.53,1.098,27.45,0.053413,0.015801,0.139934,0.531617,1.88,0.63703,2.49397,6.91032,straight,gentle
MVI_20065,17,157,139,295,239.46,229.83,0.9598,1.64,474.83,1.117,27.92,0.071398,0.026214,0.224779,0.525103,1.9,0.79112,4.16024,7.67811,curved,straight
MVI_20065,18,325,151,475,512.47,486.56,0.9495,187.38,926.85,0.83,20.75,0.060498,0.017775,0.179409,0.593213,1.69,0.64508,2.95044,8.04516,curved,sharp
MVI_20065,19,193,151,343,544.28,525.72,0.9659,114.13,415.12,1.539,38.46,0.043176,0.009813,0.106918,0.795379,1.26,0.4799,2.69455,10.45034,curved,sharp
MVI_20065,20,343,169,511,509.77,474.04,0.9299,94.84,767.38,0.789,19.71,0.058124,0.024137,0.165032,0.495868,2.02,0.61748,2.95524,6.40184,curved,sharp
MVI_20065,21,230,169,398,500.37,480.37,0.96,119.29,588.74,1.102,27.55,0.047248,0.019368,0.13956,0.360403,2.77,0.846,2.69693,4.91343,curved,sharp
MVI_20065,22,139,187,325,251.04,237.32,0.9453,37.53,434.52,1.625,40.63,0.071645,0.017883,0.191497,0.951007,1.05,0.78886,3.19806,13.07743,curved,gentle
MVI_20065,23,230,211,440,540.91,521.91,0.9649,11.77,569.0,1.349,33.73,0.056674,0.016932,0.140276,0.648191,1.54,0.68039,3.09588,9.09741,curved,gentle
MVI_20065,24,163,211,373,213.74,205.72,0.9625,47.66,411.58,1.225,30.63,0.048978,0.025769,0.135556,0.223184,4.48,0.91113,2.9304,5.21788,curved,sharp
MVI_20065,25,163,229,391,278.03,269.48,0.9693,0.76,454.03,1.433,35.82,0.051958,0.02063,0.14846,0.537147,1.86,0.75978,3.21465,8.88429,curved,straight
MVI_20065,26,248,229,476,537.42,518.01,0.9639,16.14,618.15,1.229,30.72,0.052109,0.023131,0.137122,0.371945,2.69,1.1626,2.5167,5.38265,curved,gentle
MVI_20065,27,337,271,607,495.95,478.33,0.9645,15.47,485.57,0.758,18.96,0.036906,0.016952,0.105563,0.334237,2.99,0.48513,1.77742,4.53558,curved,gentle
MVI_20065,28,157,277,433,265.62,258.69,0.9739,27.36,278.76,1.545,38.62,0.026818,0.018134,0.057806,0.186596,5.36,0.67642,1.89521,3.30019,curved,gentle
MVI_20065,29,199,301,499,295.64,278.86,0.9433,128.74,528.67,0.893,22.33,0.047849,0.020624,0.123987,0.326479,3.06,0.67621,2.53359,5.77223,curved,sharp
MVI_20065,30,169,307,475,244.02,229.73,0.9414,0.26,453.56,1.288,32.21,0.051765,0.027146,0.122285,0.4229,2.36,0.94233,3.15598,7.41043,curved,straight
MVI_20065,31,217,325,541,550.72,540.1,0.9807,8.33,494.91,1.365,34.14,0.048199,0.021167,0.106342,0.681439,1.47,0.78955,2.69276,10.11498,straight,straight
MVI_20065,32,325,325,649,481.53,453.74,0.9423,333.2,1084.42,0.68,17.01,0.069382,0.017136,0.223454,0.72244,1.38,0.5621,3.25735,9.40946,curved,sharp
MVI_20065,33,199,343,541,245.03,229.75,0.9376,40.6,589.98,1.002,25.05,0.078007,0.047033,0.172209,0.739964,1.35,1.13074,3.72624,9.58922,curved,gentle
MVI_20065,34,284,349,632,559.2,537.53,0.9613,17.39,802.63,1.123,28.07,0.041605,0.014663,0.096839,0.444983,2.25,0.57625,1.96864,5.79992,curved,gentle
MVI_20065,35,169,373,541,316.72,303.63,0.9587,124.73,519.83,1.133,28.33,0.065158,0.023548,0.190126,0.397728,2.51,0.95692,3.82699,7.66251,curved,sharp
MVI_20065,36,337,385,721,527.67,505.29,0.9576,12.22,727.11,0.803,20.07,0.03518,0.018549,0.087903,0.406574,2.46,0.55749,1.71368,5.19306,curved,gentle
MVI_20065,37,175,415,589,219.14,204.41,0.9328,34.76,569.41,1.211,30.28,0.067015,0.053216,0.134747,0.330168,3.03,1.49648,3.0622,6.23354,curved,gentle
MVI_20065,38,163,427,589,285.69,274.84,0.962,9.16,359.25,1.37,34.24,0.030296,0.021848,0.077185,0.138989,7.19,0.86355,2.37972,3.64059,curved,straight
MVI_20065,39,193,427,619,330.94,318.23,0.9616,16.85,362.18,1.268,31.7,0.027227,0.015559,0.063189,0.157578,6.35,0.63625,1.78173,3.60175,curved,gentle
MVI_20065,40,169,475,643,298.52,284.32,0.9524,74.16,523.76,1.053,26.33,0.067035,0.023892,0.153657,0.695632,1.44,0.91841,4.18188,11.04542,curved,sharp
MVI_20065,41,205,475,679,556.54,542.5,0.9748,68.49,396.78,1.359,33.97,0.03718,0.014062,0.098045,0.321559,3.11,0.76982,2.20225,5.63924,curved,sharp
MVI_20065,42,253,481,733,282.87,270.36,0.9558,60.27,789.26,0.89,22.26,0.078602,0.032686,0.222659,0.460247,2.17,1.0022,3.86535,6.12587,curved,sharp
MVI_20065,44,259,487,745,556.86,544.16,0.9772,101.83,611.56,1.212,30.3,0.051074,0.013053,0.121181,0.910602,1.1,0.67497,2.7911,11.67233,curved,sharp
MVI_20065,45,283,511,793,486.41,481.41,0.9897,51.81,334.36,0.856,21.4,0.027648,0.0104,0.075086,0.187356,5.34,0.35453,1.41538,3.15981,curved,sharp
MVI_20065,46,259,523,781,278.08,260.24,0.9359,35.44,817.97,0.902,22.55,0.082005,0.04397,0.217518,0.55908,1.79,1.17664,4.06945,7.35739,curved,gentle
MVI_20065,47,163,529,691,341.59,330.11,0.9664,20.12,337.57,1.471,36.79,0.04244,0.016566,0.090105,0.484187,2.07,0.66986,2.55686,6.33818,curved,gentle
MVI_20065,48,155,537,691,218.66,209.15,0.9565,72.55,540.19,1.217,30.44,0.071218,0.035862,0.158613,0.600326,1.67,1.25538,4.31341,9.96292,curved,sharp
MVI_20065,49,265,577,841,499.29,493.02,0.9874,26.8,349.47,1.098,27.46,0.030406,0.009096,0.081694,0.355621,2.81,0.32468,1.67651,4.86506,curved,gentle
MVI_20065,50,193,577,769,506.44,498.29,0.9839,36.18,292.91,1.715,42.88,0.028164,0.01216,0.078561,0.284263,3.52,0.48708,1.6912,4.18473,curved,gentle
MVI_20065,51,145,583,727,333.64,321.55,0.9638,13.2,270.59,2.013,50.32,0.023119,0.010888,0.058666,0.199196,5.02,0.59457,1.8003,3.11198,curved,gentle
MVI_20065,52,193,589,781,237.9,226.84,0.9535,89.57,546.03,1.148,28.7,0.055755,0.040878,0.116127,0.437462,2.29,1.23497,2.97392,5.98022,curved,sharp
MVI_20065,53,211,619,829,274.77,263.92,0.9605,12.93,391.93,1.05,26.24,0.047611,0.02505,0.128843,0.32802,3.05,0.81323,3.04606,5.10391,curved,gentle
MVI_20065,54,259,619,877,487.29,475.37,0.9755,21.1,382.37,1.06,26.51,0.039197,0.013737,0.126928,0.411638,2.43,0.47486,2.21002,5.64668,curved,gentle
MVI_20065,55,229,631,859,278.21,261.56,0.9402,15.84,371.74,1.068,26.71,0.032293,0.021762,0.072535,0.216127,4.63,0.77943,2.17736,3.30634,curved,gentle
MVI_20065,56,277,649,925,499.59,493.22,0.9872,9.18,304.52,1.043,26.07,0.024075,0.008248,0.071818,0.239144,4.18,0.33509,1.32539,3.43552,straight,straight
MVI_20065,57,164,666,829,246.76,235.17,0.953,33.69,270.62,1.542,38.56,0.028153,0.016736,0.060056,0.204565,4.89,0.64697,1.95455,3.25331,curved,gentle
MVI_20065,58,157,673,829,362.11,356.11,0.9834,27.58,166.47,2.1,52.51,0.016298,0.009942,0.032044,0.148368,6.74,0.48549,1.18872,2.0082,curved,gentle
MVI_20065,59,516,685,1200,214.59,108.5,0.5056,266.34,850.5,0.328,8.19,0.099335,0.084035,0.208702,0.419805,2.38,1.42622,3.30317,5.62233,static,static
MVI_20065,60,343,685,1027,502.26,485.23,0.9661,11.12,399.12,0.888,22.19,0.032808,0.018029,0.095034,0.259814,3.85,0.47411,1.65196,3.25015,curved,gentle
MVI_20065,61,188,685,872,555.63,544.67,0.9803,84.45,337.71,1.55,38.75,0.037402,0.006375,0.132917,0.347492,2.88,0.42471,2.51164,5.81128,curved,sharp
MVI_20065,62,199,715,913,260.39,251.75,0.9668,132.48,513.26,1.158,28.95,0.050938,0.019695,0.141835,0.320125,3.12,0.82887,2.74938,4.13544,curved,sharp
MVI_20065,63,259,715,973,508.34,451.93,0.889,75.93,444.25,1.373,34.32,0.032982,0.014201,0.087087,0.258539,3.87,0.60869,1.86133,5.48544,curved,sharp
MVI_20065,64,307,757,1063,511.65,504.24,0.9855,2.63,336.45,0.944,23.6,0.025519,0.01146,0.065296,0.157413,6.35,0.42171,1.27071,3.01801,straight,straight
MVI_20065,65,187,763,949,237.12,219.82,0.927,2.44,394.99,1.067,26.66,0.037688,0.02014,0.097934,0.278218,3.59,0.6397,1.83238,3.75756,curved,straight
MVI_20065,66,199,769,967,553.02,546.65,0.9885,0.64,202.53,1.85,46.24,0.015754,0.006362,0.041676,0.120521,8.3,0.34684,1.38788,2.15881,straight,straight
MVI_20065,67,384,817,1200,171.72,106.91,0.6226,169.69,565.26,0.38,9.49,0.078169,0.054744,0.168112,0.561709,1.78,0.91067,3.0538,7.36808,static,static
MVI_20065,68,199,823,1021,258.29,251.6,0.9741,15.47,298.73,1.123,28.07,0.02851,0.017052,0.056876,0.297046,3.37,0.5035,1.32164,4.61365,straight,gentle
MVI_20065,69,211,841,1051,561.86,553.47,0.9851,35.95,260.47,1.236,30.89,0.023034,0.010492,0.064507,0.208854,4.79,0.49108,1.64677,3.88473,curved,gentle
MVI_20065,70,289,877,1165,217.4,169.48,0.7796,102.68,415.24,0.498,12.44,0.051671,0.033054,0.131923,0.398638,2.51,0.89371,1.96458,5.23648,static,static
MVI_20065,71,217,913,1129,503.27,485.93,0.9655,6.35,275.02,1.262,31.54,0.020805,0.006439,0.05597,0.252559,3.96,0.29129,1.3744,3.28086,curved,straight
MVI_20065,72,169,913,1081,518.04,516.04,0.9961,11.77,153.45,1.527,38.17,0.018363,0.005687,0.061139,0.099528,10.05,0.35473,1.24745,2.18131,straight,gentle
MVI_20065,73,157,937,1093,311.15,305.16,0.9808,53.75,235.42,1.423,35.57,0.025325,0.012895,0.064946,0.202247,4.94,0.56522,1.69583,3.62315,curved,sharp
MVI_20065,74,205,979,1183,148.46,119.8,0.8069,74.64,242.57,0.476,11.89,0.044657,0.031995,0.098275,0.161939,6.18,0.97448,2.18472,2.85934,static,static
MVI_20065,75,145,1021,1165,275.5,272.01,0.9873,8.91,163.91,1.555,38.86,0.017815,0.010123,0.043801,0.154273,6.48,0.4303,1.25557,1.96234,straight,straight
MVI_20065,77,6,1195,1200,0.6,0.6,0.9999,,,0.12,3.01,,,,,,,,,unknown,unknown
MVI_20065,78,461,1,461,510.83,401.88,0.7867,376.5,1212.24,1.024,25.61,0.03005,0.01313,0.07925,0.431295,2.32,0.48454,2.62877,7.06261,curved,sharp
MVI_20065,79,690,511,1200,463.0,350.6,0.7572,307.98,1005.68,0.383,9.58,0.02581,0.015493,0.061387,0.298423,3.35,0.49176,1.41022,4.20355,static,static
MVI_20065,80,101,1100,1200,109.96,103.53,0.9415,38.34,189.37,0.95,23.74,0.036152,0.015449,0.107455,0.163856,6.1,0.40825,2.34591,5.12381,curved,gentle
MVI_39761,1,76,1,76,425.35,422.41,0.9931,10.19,83.88,3.942,98.55,0.007237,0.003955,0.016464,0.035504,28.17,0.5009,1.11179,3.17558,straight,gentle
MVI_39761,2,86,1,86,556.36,554.53,0.9967,16.58,57.26,3.7,92.5,0.004732,0.002065,0.012607,0.022808,43.84,0.2588,0.78992,1.1923,straight,gentle
MVI_39761,3,86,1,86,183.7,181.27,0.9868,24.18,185.1,1.705,42.62,0.031932,0.021927,0.077837,0.112128,8.92,0.96749,2.08128,2.99939,curved,gentle
MVI_39761,4,101,1,101,110.13,106.75,0.9693,13.07,245.95,0.875,21.89,0.057635,0.034767,0.155405,0.227849,4.39,1.01202,2.83049,4.94582,curved,gentle
MVI_39761,5,71,1,71,42.56,34.33,0.8066,107.13,238.7,0.469,11.73,0.098608,0.055208,0.281067,0.551497,1.81,1.20132,5.07624,6.98447,static,static
MVI_39761,6,16,1,16,6.0,5.73,0.9545,,,0.405,10.12,,,,,,,,,static,static
MVI_39761,7,156,46,201,489.34,486.98,0.9952,15.62,140.71,2.277,56.92,0.011811,0.005368,0.030258,0.07993,12.51,0.34475,0.90499,1.95373,straight,gentle
MVI_39761,8,106,166,271,453.26,450.85,0.9947,3.68,102.42,2.819,70.47,0.010305,0.005252,0.025254,0.064636,15.47,0.44295,1.03778,1.47917,straight,straight
MVI_39761,9,91,196,286,360.64,359.41,0.9966,41.8,109.31,2.535,63.38,0.014959,0.007014,0.033604,0.106672,9.37,0.4396,1.69441,3.25746,curved,gentle
MVI_39761,10,206,211,416,506.9,498.48,0.9834,88.67,375.41,1.945,48.63,0.026044,0.008386,0.068843,0.31498,3.17,0.49328,2.31666,6.05612,curved,sharp
MVI_39761,11,96,221,316,366.35,364.81,0.9958,13.4,70.27,2.537,63.42,0.014821,0.002911,0.03479,0.29226,3.42,0.3185,0.98004,3.69009,straight,gentle
MVI_39761,12,161,256,416,389.04,385.35,0.9905,10.06,180.7,1.634,40.84,0.019977,0.007235,0.047487,0.249769,4.0,0.39578,1.19972,3.38124,straight,gentle
MVI_39761,13,96,321,416,415.59,413.01,0.9938,12.86,118.9,2.833,70.82,0.021636,0.005133,0.054276,0.256716,3.9,0.45233,1.68448,3.94273,straight,gentle
MVI_39761,14,171,341,511,431.3,428.28,0.993,5.81,201.26,1.603,40.08,0.021192,0.012266,0.051866,0.151215,6.61,0.51344,1.46849,2.40782,straight,straight
MVI_39761,15,186,356,541,433.01,410.11,0.9471,45.22,510.2,2.223,55.56,0.034803,0.01808,0.082619,0.31531,3.17,0.93673,3.39743,7.82714,curved,sharp
MVI_39761,16,176,611,786,481.0,472.48,0.9823,94.95,360.54,1.691,42.27,0.03985,0.008834,0.108207,0.58668,1.7,0.58093,2.02771,7.34189,curved,sharp
MVI_39761,17,106,621,726,404.87,399.28,0.9862,13.13,143.39,2.438,60.95,0.020424,0.003869,0.065525,0.152467,6.56,0.30653,1.68774,3.21861,straight,gentle
MVI_39761,18,106,626,731,462.26,460.31,0.9958,43.74,113.71,2.819,70.46,0.016188,0.002452,0.03329,0.192771,5.19,0.24072,1.00088,4.13255,curved,gentle
MVI_39761,19,131,661,791,363.62,361.87,0.9952,19.45,156.22,1.629,40.72,0.026055,0.007024,0.09021,0.174714,5.72,0.41993,1.63991,3.12997,straight,gentle
MVI_39761,20,116,691,806,471.44,467.61,0.9919,50.77,188.04,2.436,60.9,0.026296,0.006154,0.067402,0.285572,3.5,0.57584,2.15234,5.1228,curved,sharp
MVI_39761,21,111,701,811,428.06,425.26,0.9935,2.79,143.04,2.502,62.55,0.015485,0.008059,0.048172,0.075927,13.17,0.48871,1.45203,2.24887,straight,straight
MVI_39761,22,101,796,896,403.2,400.42,0.9931,59.59,122.58,2.362,59.06,0.014672,0.006373,0.026222,0.100252,9.97,0.53853,1.37738,1.87162,curved,sharp
MVI_39761,23,216,1081,1296,516.75,502.06,0.9716,26.18,376.87,1.6,39.99,0.031737,0.007891,0.099499,0.561909,1.78,0.43038,2.24075,7.06746,curved,gentle
MVI_39761,24,86,1381,1466,413.1,411.93,0.9972,13.12,79.64,2.89,72.25,0.010184,0.003771,0.030213,0.079587,12.56,0.37913,1.01721,2.48562,straight,gentle
MVI_39761,25,111,1406,1516,468.06,464.16,0.9917,2.53,139.14,2.841,71.02,0.016718,0.005549,0.037671,0.169104,5.91,0.45728,1.36798,3.63294,straight,straight
MVI_39761,26,86,1411,1496,359.32,357.98,0.9963,33.19,75.64,2.806,70.16,0.011295,0.005004,0.034284,0.071055,14.07,0.32012,1.05072,1.90415,curved,gentle
MVI_39761,27,96,1436,1531,401.18,400.41,0.9981,10.25,54.75,2.771,69.27,0.00746,0.002663,0.019583,0.075558,13.23,0.2542,0.66334,0.96132,straight,gentle
MVI_39761,28,96,1471,1566,368.66,367.15,0.9959,16.16,86.83,2.178,54.45,0.009997,0.003584,0.030734,0.051785,19.31,0.3226,1.239,2.08754,straight,gentle
MVI_39761,29,126,1516,1641,475.25,473.22,0.9957,31.24,137.13,2.386,59.64,0.02121,0.005673,0.081688,0.171508,5.83,0.41033,1.62639,2.90989,curved,gentle
MVI_39761,30,91,1531,1621,384.82,381.18,0.9905,7.37,152.24,2.585,64.62,0.026301,0.005309,0.09453,0.202891,4.93,0.46725,2.55694,4.59674,straight,straight
MVI_39761,31,96,1556,1651,376.14,374.33,0.9952,39.39,144.51,2.342,58.54,0.019347,0.010395,0.051038,0.103669,9.65,0.67074,1.73345,2.57908,curved,gentle
MVI_39761,32,20,1641,1660,21.18,17.0,0.8026,37.02,150.58,1.019,25.47,0.168623,0.103163,0.466103,0.703308,1.42,2.63725,8.1375,11.74269,curved,gentle
MVI_39761,33,20,1641,1660,17.95,14.57,0.8118,78.9,81.4,0.884,22.11,0.092605,0.030739,0.297694,0.410662,2.44,0.93399,5.14382,6.6525,curved,sharp
MVI_39761,34,122,40,161,494.28,490.37,0.9921,34.98,154.02,2.321,58.03,0.020063,0.005046,0.059835,0.169194,5.91,0.40292,1.53822,3.36074,curved,gentle
MVI_39771,1,21,1,21,219.65,218.23,0.9936,6.57,30.56,11.045,276.14,0.002887,0.00264,0.00475,0.007344,136.17,0.69115,1.03142,1.37897,straight,straight
MVI_39771,2,46,1,46,364.98,361.03,0.9892,22.12,55.33,7.709,192.72,0.00333,0.002376,0.007177,0.01144,87.41,0.45757,1.27505,1.59718,curved,gentle
MVI_39771,3,61,1,61,454.83,452.81,0.9956,35.3,79.89,5.805,145.13,0.005241,0.002788,0.01803,0.021851,45.76,0.46663,1.6091,2.95029,curved,gentle
MVI_39771,4,91,1,91,455.43,450.35,0.9888,49.66,103.62,3.181,79.52,0.01075,0.003701,0.042051,0.068634,14.57,0.3708,1.64269,2.36134,curved,sharp
MVI_39771,5,136,1,136,553.22,549.34,0.993,33.57,232.06,2.661,66.53,0.022318,0.008001,0.068198,0.107232,9.33,0.7012,2.02842,3.57526,curved,gentle
MVI_39771,6,511,1,511,280.17,196.47,0.7013,7.39,1293.61,0.443,11.07,0.12605,0.089182,0.268562,0.921501,1.09,1.59914,4.36615,11.59138,static,static
MVI_39771,7,116,11,126,411.27,407.28,0.9903,1.4,157.6,1.978,49.44,0.021212,0.008242,0.050268,0.155733,6.42,0.68872,1.56857,3.76664,straight,straight
MVI_39771,8,126,11,136,450.38,442.74,0.983,42.12,177.48,2.027,50.67,0.019935,0.006211,0.051811,0.14227,7.03,0.65862,1.67768,3.43429,curved,gentle
MVI_39771,9,161,51,211,575.4,570.69,0.9918,53.68,316.16,1.788,44.69,0.03713,0.013323,0.096465,0.297809,3.36,0.71273,2.63818,4.79919,curved,sharp
MVI_39771,10,161,86,246,513.39,504.7,0.9831,4.48,290.69,1.415,35.36,0.043295,0.011801,0.101194,0.673217,1.49,0.79667,2.50116,9.06346,straight,straight
MVI_39771,11,171,106,276,550.47,540.93,0.9827,58.43,433.54,1.402,35.06,0.061914,0.012147,0.166676,0.754924,1.32,0.63406,3.49863,9.91131,curved,sharp
MVI_39771,12,106,146,251,454.55,452.49,0.9955,43.76,130.3,1.975,49.38,0.027682,0.005386,0.097839,0.177486,5.63,0.45613,2.08302,2.73357,curved,gentle
MVI_39771,13,141,156,296,375.28,372.73,0.9932,50.46,201.58,1.358,33.96,0.030748,0.00779,0.088951,0.29059,3.44,0.49711,1.64891,3.7433,curved,sharp
MVI_39771,14,176,196,371,506.69,502.66,0.992,19.45,254.89,1.294,32.36,0.03454,0.013175,0.111318,0.194172,5.15,0.61812,1.87876,4.44418,straight,gentle
MVI_39771,15,156,231,386,549.78,544.81,0.991,16.57,297.69,1.45,36.26,0.062878,0.008643,0.125899,0.796441,1.26,0.59681,3.15694,10.01492,straight,gentle
MVI_39771,16,146,236,381,378.49,376.83,0.9956,7.82,115.74,1.248,31.21,0.023843,0.006683,0.070684,0.276313,3.62,0.28607,1.37642,3.59099,straight,straight
MVI_39771,17,191,246,436,512.35,504.64,0.9849,12.41,251.3,1.259,31.48,0.039442,0.014156,0.092724,0.432121,2.31,0.68965,1.74869,5.93179,straight,gentle
MVI_39771,18,96,306,401,80.74,72.26,0.895,64.08,482.33,0.67,16.76,0.190389,0.155799,0.421154,0.733175,1.36,2.41571,6.79675,9.61971,curved,sharp
MVI_39771,19,191,336,526,490.04,484.02,0.9877,0.85,220.95,1.153,28.82,0.035309,0.010512,0.101536,0.3455,2.89,0.55468,1.82918,4.77042,straight,straight
MVI_39771,20,186,371,556,564.49,557.29,0.9872,95.04,411.19,1.365,34.12,0.049554,0.012351,0.145889,0.49182,2.03,0.61441,2.8507,7.03236,curved,sharp
MVI_39771,21,180,391,570,258.45,255.17,0.9873,13.34,224.33,0.886,22.16,0.039353,0.018379,0.102759,0.306007,3.27,0.6073,2.10445,4.33557,straight,gentle
MVI_39771,22,125,446,570,84.16,78.06,0.9275,25.59,396.12,0.59,14.74,0.123853,0.086661,0.305749,0.64323,1.55,1.70225,4.12635,9.09369,curved,gentle
MVI_39771,23,110,461,570,72.88,68.24,0.9364,13.24,235.15,0.639,15.97,0.108521,0.071015,0.235866,0.627563,1.59,1.30852,3.88622,8.24023,curved,gentle
MVI_39771,24,85,486,570,49.5,47.66,0.9628,10.61,151.9,0.577,14.43,0.080176,0.036204,0.245047,0.421844,2.37,0.60159,3.41365,5.30554,curved,gentle
MVI_39771,25,60,511,570,35.43,33.58,0.9477,6.06,203.7,0.569,14.22,0.13052,0.105021,0.266761,0.359858,2.78,1.93029,4.01203,5.10204,curved,straight
MVI_39771,26,45,526,570,18.42,16.08,0.8727,12.34,28.42,0.36,9.0,0.071075,0.03114,0.151487,0.265777,3.76,0.52704,1.90585,3.349,static,static
MVI_39771,27,10,561,570,5.44,4.25,0.782,116.54,116.54,0.577,14.42,0.272467,0.242752,0.491107,0.588142,1.7,3.94038,6.38775,7.3645,unknown,unknown
MVI_39781,1,46,1,46,619.17,612.92,0.9899,13.74,30.79,13.039,325.97,0.001111,0.000764,0.002416,0.002656,376.45,0.27218,0.79899,1.33473,straight,gentle
MVI_39781,2,106,1,106,658.1,653.33,0.9927,29.55,97.07,3.553,88.83,0.008033,0.002496,0.023312,0.06018,16.62,0.39715,0.93708,1.64087,curved,gentle
MVI_39781,3,26,1,26,73.32,73.15,0.9977,10.32,26.76,2.874,71.85,0.008194,0.006277,0.01716,0.01733,57.7,0.4541,0.94444,0.95066,straight,gentle
MVI_39781,4,91,71,161,783.51,781.27,0.9971,0.68,68.66,6.498,162.45,0.003339,0.00196,0.006597,0.02479,40.34,0.27125,1.01384,2.34015,straight,straight
MVI_39781,5,121,136,256,655.07,650.75,0.9934,2.28,94.86,3.247,81.18,0.008952,0.002748,0.026286,0.058753,17.02,0.27951,1.07855,1.82883,straight,straight
MVI_39781,6,86,141,226,804.28,798.89,0.9933,23.92,57.55,5.11,127.76,0.003801,0.001203,0.011299,0.026065,38.37,0.27723,0.81837,0.98843,curved,gentle
MVI_39781,7,106,231,336,660.89,656.32,0.9931,29.53,108.74,3.628,90.69,0.009959,0.002633,0.030156,0.058049,17.23,0.44384,1.26768,1.7819,curved,gentle
MVI_39781,8,106,341,446,703.79,699.22,0.9935,1.45,67.37,3.484,87.09,0.005208,0.002117,0.016053,0.038198,26.18,0.22879,0.72712,1.31311,straight,straight
MVI_39781,9,96,346,441,744.78,743.76,0.9986,3.01,38.56,5.993,149.83,0.002021,0.000788,0.006855,0.015108,66.19,0.14988,0.53776,1.05159,straight,straight
MVI_39781,10,101,386,486,785.0,783.25,0.9978,13.69,51.52,5.527,138.17,0.002424,0.000839,0.006141,0.017407,57.45,0.14962,0.77298,2.07774,straight,gentle
MVI_39781,11,86,481,566,851.11,847.53,0.9958,4.51,36.32,5.596,139.9,0.001524,0.000925,0.004035,0.007777,128.59,0.14788,0.51881,1.01017,straight,straight
MVI_39781,12,101,556,656,706.43,703.61,0.996,31.84,75.92,5.129,128.23,0.003014,0.002405,0.006569,0.015583,64.17,0.25732,0.68091,3.47224,curved,gentle
MVI_39781,13,76,566,641,739.44,737.02,0.9967,22.61,48.15,7.134,178.35,0.002456,0.000772,0.00754,0.014709,67.99,0.16215,0.8501,1.74111,curved,gentle
MVI_39781,14,81,596,676,770.03,768.73,0.9983,22.94,46.54,6.913,172.82,0.003264,0.000978,0.011051,0.017077,58.56,0.22099,0.88201,1.28579,curved,gentle
MVI_39781,15,91,611,701,800.23,797.36,0.9964,2.03,69.72,4.545,113.62,0.005023,0.001804,0.012797,0.035281,28.34,0.26484,1.07249,1.57982,straight,straight
MVI_39781,16,126,656,781,716.0,714.47,0.9979,10.51,84.2,4.333,108.32,0.005113,0.001602,0.017083,0.039557,25.28,0.19717,0.92451,1.89063,straight,gentle
MVI_39781,17,91,671,761,651.49,646.89,0.9929,15.06,61.42,3.734,93.35,0.004624,0.002208,0.017527,0.029943,33.4,0.29958,0.70171,1.18685,straight,gentle
MVI_39781,18,86,676,761,664.45,663.15,0.998,5.72,59.7,6.604,165.11,0.003328,0.001288,0.007535,0.03111,32.14,0.18346,1.01245,2.99514,straight,straight
MVI_39781,19,86,696,781,723.32,721.53,0.9975,23.59,48.1,5.768,144.2,0.002478,0.001365,0.006567,0.015829,63.18,0.20488,0.62518,1.355,curved,gentle
MVI_39781,20,116,701,816,709.64,708.84,0.9989,16.89,64.09,4.619,115.46,0.005125,0.001375,0.010232,0.068556,14.59,0.17741,0.58188,2.45271,straight,gentle
MVI_39781,21,101,736,836,668.84,668.11,0.9989,18.32,47.8,4.825,120.64,0.00236,0.001504,0.006326,0.011143,89.75,0.22126,0.51787,1.97473,straight,gentle
MVI_39781,22,116,761,876,802.74,800.98,0.9978,7.37,63.38,3.405,85.12,0.004297,0.001751,0.010001,0.024267,41.21,0.21239,0.53248,0.91574,straight,straight
MVI_39781,23,91,771,861,781.4,780.62,0.999,20.35,55.01,5.8,145.0,0.004497,0.000983,0.008643,0.046712,21.41,0.17877,0.87807,1.74249,curved,gentle
MVI_39781,24,106,791,896,744.93,743.16,0.9976,12.07,57.48,5.556,138.91,0.004354,0.000585,0.009811,0.068062,14.69,0.09161,0.7287,2.45699,straight,gentle
MVI_39781,25,521,826,1346,931.43,780.96,0.8384,44.07,1669.0,0.717,17.93,0.063544,0.019369,0.171949,1.023506,0.98,0.91039,3.53894,17.79222,curved,gentle
MVI_39781,26,101,836,936,703.02,702.31,0.999,8.45,34.45,4.538,113.44,0.002326,0.00081,0.007129,0.017501,57.14,0.12729,0.39153,0.77571,straight,straight
MVI_39781,27,111,851,961,706.21,705.52,0.999,17.84,50.44,4.47,111.75,0.002917,0.001259,0.007859,0.019078,52.42,0.17676,0.43055,0.89323,straight,gentle
MVI_39781,28,111,851,961,677.29,673.35,0.9942,12.73,107.09,3.109,77.71,0.010766,0.004848,0.028111,0.098841,10.12,0.40122,1.04784,2.64714,straight,gentle
MVI_39781,29,111,896,1006,754.12,752.48,0.9978,6.58,53.85,4.672,116.79,0.003321,0.001433,0.009563,0.01544,64.77,0.25228,0.6072,0.81099,straight,straight
MVI_39781,30,146,906,1051,748.26,742.51,0.9923,40.49,196.3,2.614,65.34,0.022424,0.00625,0.067262,0.164926,6.06,0.54775,1.55008,3.9144,curved,gentle
MVI_39781,31,116,951,1066,776.62,774.55,0.9973,31.8,77.4,4.445,111.12,0.005177,0.001751,0.017593,0.027601,36.23,0.22114,0.89666,1.95347,curved,gentle
MVI_39781,32,111,971,1081,713.29,712.4,0.9987,25.64,75.36,4.461,111.52,0.006609,0.001221,0.008835,0.106928,9.35,0.20773,0.57628,3.00032,curved,gentle
MVI_39781,33,126,986,1111,791.19,789.39,0.9977,6.96,104.53,3.201,80.01,0.009537,0.002216,0.020594,0.136139,7.35,0.28846,0.81276,2.79758,straight,straight
MVI_39781,34,711,991,1701,741.49,597.12,0.8053,13.25,2098.43,0.432,10.81,0.105863,0.036767,0.319667,0.773311,1.29,1.26334,5.09219,11.10112,static,static
MVI_39781,35,121,1011,1131,748.85,747.33,0.998,5.78,93.18,4.295,107.37,0.006627,0.002399,0.022035,0.030582,32.7,0.3187,1.05952,1.34107,straight,straight
MVI_39781,36,111,1011,1121,702.83,700.31,0.9964,33.4,70.84,4.251,106.28,0.003139,0.001366,0.009498,0.019698,50.77,0.19538,0.65106,3.26797,curved,gentle
MVI_39781,37,126,1036,1161,664.53,661.27,0.9951,19.46,138.56,2.696,67.4,0.014874,0.00266,0.052417,0.080898,12.36,0.3588,1.64052,2.6645,straight,gentle
MVI_39781,38,561,1041,1601,777.92,658.34,0.8463,722.11,2143.6,0.763,19.08,0.06478,0.020479,0.173548,1.077322,0.93,0.97992,3.21585,13.55466,curved,sharp
MVI_39781,39,121,1066,1186,743.57,742.23,0.9982,5.53,87.41,3.889,97.22,0.00717,0.003589,0.01941,0.041266,24.23,0.30405,0.99526,1.60412,straight,straight
MVI_39781,40,106,1081,1186,705.61,702.65,0.9958,33.76,86.13,4.676,116.9,0.00501,0.002661,0.012659,0.025441,39.31,0.31802,1.04153,3.21095,curved,gentle
MVI_39781,41,695,1171,1865,692.91,601.52,0.8681,364.31,1141.35,0.223,5.57,0.060345,0.01251,0.189399,2.167414,0.46,0.80788,4.49857,28.18385,static,static
MVI_39781,42,126,1181,1306,717.34,716.24,0.9985,1.73,78.59,3.884,97.1,0.005288,0.002282,0.015905,0.026165,38.22,0.28967,0.73487,1.23738,straight,straight
MVI_39781,43,446,1276,1721,851.97,796.49,0.9349,1.65,287.03,0.344,8.6,0.030552,0.007911,0.097638,0.368629,2.71,0.48839,2.17418,4.66288,static,static
MVI_39781,44,91,1346,1436,729.99,727.43,0.9965,21.89,59.28,4.483,112.08,0.003599,0.001794,0.007371,0.037154,26.92,0.25664,0.72326,1.71193,curved,gentle
MVI_39781,45,126,1416,1541,726.22,724.58,0.9977,22.47,79.09,4.185,104.62,0.003564,0.001683,0.009932,0.018205,54.93,0.22292,0.65487,2.48178,curved,gentle
MVI_39781,46,101,1436,1536,839.29,835.73,0.9958,14.55,113.49,4.455,111.37,0.010267,0.00164,0.038013,0.064949,15.4,0.26322,1.7629,2.54696,straight,gentle
MVI_39781,47,221,1491,1711,867.11,852.89,0.9836,6.42,585.99,2.15,53.74,0.050238,0.011318,0.143673,0.572674,1.75,0.81283,3.32341,7.90925,straight,straight
MVI_39781,48,121,1506,1626,734.24,719.07,0.9793,11.99,296.75,4.339,108.47,0.052973,0.001388,0.018139,1.851161,0.54,0.23933,1.18036,31.86234,straight,gentle
MVI_39781,49,140,1726,1865,330.32,303.95,0.9202,57.36,498.85,1.814,45.34,0.043925,0.038158,0.099374,0.179022,5.59,1.60174,4.39982,7.84151,curved,sharp
MVI_39781,50,30,1836,1865,345.69,344.77,0.9973,4.27,16.57,11.724,293.1,0.000962,0.000538,0.0028,0.003139,318.53,0.19115,0.68011,1.04454,straight,straight
MVI_39801,1,26,1,26,69.69,69.54,0.9978,3.83,20.7,2.585,64.62,0.00582,0.006353,0.009167,0.009878,101.24,0.44048,0.64109,0.67261,straight,straight
MVI_39801,2,136,6,141,860.26,858.99,0.9985,57.52,113.97,4.366,109.16,0.012271,0.001862,0.010574,0.578702,1.73,0.23995,0.68925,9.33231,curved,sharp
MVI_39801,3,131,11,141,500.03,491.61,0.9832,28.69,141.95,3.507,87.68,0.008083,0.004814,0.022525,0.043045,23.23,0.41264,1.1234,2.17549,curved,gentle
MVI_39801,4,131,56,186,833.7,831.7,0.9976,44.29,141.25,4.102,102.56,0.014203,0.001146,0.022788,0.409215,2.44,0.21257,1.46921,7.33881,curved,gentle
MVI_39801,5,116,76,191,729.89,728.21,0.9977,1.97,78.26,5.648,141.21,0.003138,0.002332,0.007393,0.012023,83.17,0.31373,0.73168,1.18226,straight,straight
MVI_39801,6,101,81,181,732.1,730.81,0.9982,9.15,69.46,5.91,147.75,0.004214,0.001823,0.011639,0.021527,46.45,0.35397,0.77524,1.32967,straight,straight
MVI_39801,7,116,106,221,766.97,765.2,0.9977,26.72,89.34,5.015,125.38,0.004988,0.002085,0.013516,0.033474,29.87,0.26155,1.2846,2.82726,curved,gentle
MVI_39801,8,116,151,266,707.39,706.68,0.999,5.59,63.46,4.82,120.5,0.003827,0.001641,0.012262,0.020484,48.82,0.23092,0.74354,0.99265,straight,straight
MVI_39801,9,96,231,326,845.53,844.31,0.9986,4.52,56.01,5.984,149.61,0.003232,0.000881,0.010076,0.018274,54.72,0.22258,0.91425,1.6728,straight,straight
MVI_39801,10,106,246,351,712.51,711.91,0.9992,0.96,55.25,5.555,138.86,0.002462,0.00135,0.007394,0.015973,62.61,0.22195,0.56001,0.96685,straight,straight
MVI_39801,11,121,256,376,689.26,688.28,0.9986,2.85,74.8,4.558,113.95,0.003441,0.001776,0.009028,0.019822,50.45,0.25965,0.68349,1.78671,straight,straight
MVI_39801,12,131,256,386,798.12,797.08,0.9987,14.78,90.1,4.37,109.24,0.004823,0.002165,0.013234,0.040142,24.91,0.26619,0.69899,2.013,straight,gentle
MVI_39801,13,96,271,366,880.34,879.78,0.9994,11.55,40.91,6.449,161.23,0.00295,0.001305,0.00672,0.018854,53.04,0.17158,0.58594,0.94776,straight,gentle
MVI_39801,14,96,296,391,722.54,722.13,0.9994,5.17,39.0,6.235,155.88,0.002252,0.00073,0.005832,0.014421,69.34,0.16093,0.5375,0.85366,straight,straight
MVI_39801,15,116,296,411,719.35,717.41,0.9973,15.1,95.14,5.122,128.04,0.004413,0.00245,0.011621,0.024046,41.59,0.34368,0.72138,3.62879,straight,gentle
MVI_39801,16,101,311,411,873.86,873.29,0.9993,1.47,52.95,6.074,151.85,0.003332,0.000968,0.009755,0.02221,45.03,0.1945,0.67952,1.57372,straight,straight
MVI_39801,17,116,316,431,791.87,789.87,0.9975,36.67,82.46,4.761,119.03,0.004336,0.001665,0.006453,0.039439,25.36,0.19979,0.83678,2.05661,curved,gentle
MVI_39801,18,226,321,546,937.91,834.74,0.89,204.02,1035.77,2.173,54.31,0.069783,0.005082,0.119585,2.168516,0.46,0.60771,3.49394,27.86412,curved,sharp
MVI_39801,19,116,326,441,720.82,720.38,0.9994,2.29,45.13,5.355,133.87,0.002411,0.000657,0.006706,0.013508,74.03,0.1307,0.52182,1.08983,straight,straight
MVI_39801,20,111,361,471,888.94,887.95,0.9989,4.61,62.78,5.633,140.83,0.003331,0.000734,0.012075,0.022796,43.87,0.15124,0.63949,1.78958,straight,straight
MVI_39801,21,121,381,501,703.0,702.27,0.999,4.14,56.19,4.909,122.72,0.002334,0.001483,0.005849,0.011435,87.45,0.16313,0.51924,0.76128,straight,straight
MVI_39801,22,121,411,531,678.39,677.69,0.999,3.5,60.04,4.78,119.5,0.002349,0.001439,0.006279,0.010791,92.67,0.20061,0.59336,0.9328,straight,straight
MVI_39801,23,91,426,516,778.24,777.69,0.9993,18.61,48.15,6.381,159.52,0.003799,0.000837,0.008428,0.081333,12.3,0.14731,0.65837,2.58521,straight,gentle
MVI_39801,24,126,436,561,717.46,716.71,0.999,8.7,54.97,4.95,123.75,0.002157,0.001073,0.006836,0.012358,80.92,0.14705,0.57384,0.78061,straight,straight
MVI_39801,25,96,461,556,789.54,789.09,0.9994,3.87,36.99,6.654,166.34,0.00196,0.001211,0.004389,0.00908,110.13,0.20032,0.44029,1.28833,straight,straight
MVI_39801,26,131,491,621,831.32,828.7,0.9968,37.06,142.16,4.402,110.05,0.0083,0.002673,0.022115,0.113378,8.82,0.33635,1.48983,3.22482,curved,gentle
MVI_39801,27,86,506,591,697.31,696.48,0.9988,29.81,53.76,6.572,164.3,0.004085,0.000708,0.006852,0.050656,19.74,0.15501,0.59193,2.15758,curved,gentle
MVI_39801,28,136,516,651,707.93,706.24,0.9976,1.08,97.3,3.859,96.48,0.004313,0.001979,0.013548,0.021983,45.49,0.22825,0.88217,1.55438,straight,straight
MVI_39801,29,126,526,651,702.4,700.59,0.9974,0.77,69.09,4.462,111.55,0.002708,0.001047,0.008554,0.020277,49.32,0.12024,0.765,2.18098,straight,straight
MVI_39801,30,136,541,676,857.79,854.85,0.9966,19.38,112.24,4.419,110.48,0.004976,0.002819,0.013925,0.024634,40.59,0.36967,0.9593,1.95775,straight,gentle
MVI_39801,31,131,571,701,700.52,699.75,0.9989,9.16,43.74,4.367,109.16,0.001295,0.000882,0.003027,0.006386,156.6,0.12398,0.33135,0.696,straight,straight
MVI_39801,32,126,581,706,803.66,802.64,0.9987,22.14,85.27,4.81,120.26,0.004739,0.001419,0.012246,0.032885,30.41,0.18734,0.78128,1.81514,curved,gentle
MVI_39801,33,111,591,701,729.45,728.28,0.9984,0.93,51.86,5.408,135.19,0.002203,0.001047,0.005803,0.017013,58.78,0.1959,0.4773,0.84463,straight,straight
MVI_39801,34,121,631,751,684.8,683.77,0.9985,26.93,46.81,4.775,119.38,0.001527,0.00077,0.003288,0.01865,53.62,0.09218,0.36884,2.43022,curved,gentle
MVI_39801,35,126,666,791,740.21,739.0,0.9984,4.33,48.11,4.906,122.66,0.002089,0.000615,0.002752,0.028295,35.34,0.10038,0.53149,1.54706,straight,straight
MVI_39801,36,111,686,796,823.49,821.49,0.9976,5.22,86.63,5.443,136.08,0.005059,0.001552,0.012303,0.047679,20.97,0.28072,1.09115,2.79426,straight,straight
MVI_39801,37,136,696,831,698.49,698.02,0.9993,6.27,33.33,3.969,99.22,0.001064,0.000679,0.002692,0.00506,197.62,0.08322,0.2611,0.72068,straight,straight
MVI_39801,38,121,721,841,715.33,713.84,0.9979,25.78,61.62,4.498,112.45,0.002244,0.000882,0.005829,0.014376,69.56,0.14468,0.65572,1.14693,curved,gentle
MVI_39801,39,140,746,885,706.46,705.72,0.999,4.69,58.53,4.103,102.57,0.002527,0.000909,0.008305,0.014459,69.16,0.12249,0.48792,0.96562,straight,straight
MVI_39801,40,120,766,885,720.84,719.23,0.9978,13.83,82.65,5.252,131.3,0.00442,0.001108,0.009499,0.089294,11.2,0.14308,0.82857,5.18068,straight,gentle
MVI_39801,41,80,806,885,738.56,738.11,0.9994,11.44,38.17,6.62,165.51,0.002889,0.000865,0.005871,0.046859,21.34,0.18072,0.56822,1.54505,straight,gentle
MVI_39801,42,30,856,885,340.68,340.25,0.9987,13.59,18.39,11.372,284.3,0.001006,0.000976,0.001738,0.001879,532.27,0.29254,0.50218,0.56382,straight,gentle
MVI_39801,43,25,861,885,138.79,136.95,0.9868,12.68,46.0,5.614,140.36,0.005436,0.004531,0.011436,0.013741,72.78,0.71385,1.66358,1.97093,straight,gentle
MVI_39811,1,6,1,6,20.19,20.19,1.0,0.01,0.03,4.037,100.92,2.1e-05,2.1e-05,3.4e-05,3.4e-05,29758.72,0.00216,0.00339,0.00339,unknown,unknown
MVI_39811,2,51,1,51,296.63,296.31,0.9989,4.33,24.67,5.601,140.02,0.001964,0.000841,0.005241,0.007106,140.72,0.13121,0.6722,0.90193,straight,straight
MVI_39811,3,66,36,101,614.58,613.78,0.9987,16.42,24.11,8.307,207.68,0.000906,0.000743,0.001674,0.007474,133.79,0.17041,0.39325,0.99507,straight,gentle
MVI_39811,4,86,56,141,600.12,598.64,0.9975,6.15,51.45,7.057,176.44,0.002222,0.001281,0.005952,0.011035,90.62,0.20064,0.67348,0.9322,straight,straight
MVI_39811,5,96,111,206,600.32,598.59,0.9971,18.37,61.23,6.284,157.1,0.002189,0.002137,0.003924,0.006536,153.0,0.31664,0.60177,0.74748,straight,gentle
MVI_39811,6,81,261,341,606.16,605.81,0.9994,1.01,19.91,7.098,177.46,0.000743,0.000588,0.001763,0.003074,325.26,0.08054,0.28213,0.50122,straight,straight
MVI_39811,7,86,511,596,775.39,774.57,0.999,2.8,37.51,7.929,198.22,0.001636,0.000761,0.004535,0.009676,103.35,0.17342,0.41434,0.84883,straight,straight
MVI_39811,8,61,656,716,551.45,551.15,0.9995,2.78,26.99,8.211,205.27,0.001401,0.000741,0.003516,0.004359,229.44,0.2139,0.38373,0.60764,straight,straight
MVI_39811,9,66,721,786,715.52,714.89,0.9991,1.92,28.36,9.184,229.61,0.001083,0.00054,0.002712,0.00674,148.36,0.17475,0.47437,0.7543,straight,straight
MVI_39821,1,91,1,91,710.33,709.09,0.9983,31.92,72.47,5.775,144.37,0.004759,0.001559,0.016526,0.037937,26.36,0.30191,1.21699,1.74714,curved,gentle
MVI_39821,2,61,1,61,624.83,624.01,0.9987,7.78,41.79,7.528,188.21,0.002701,0.000682,0.008031,0.014782,67.65,0.27711,0.81403,1.54593,straight,straight
MVI_39821,3,41,1,41,551.19,549.47,0.9969,4.36,43.16,14.078,351.95,0.001848,0.001259,0.003967,0.004488,222.83,0.4883,1.06248,1.45781,straight,straight
MVI_39821,4,111,66,176,769.67,767.95,0.9978,0.55,85.3,5.15,128.74,0.00411,0.002246,0.011184,0.017431,57.37,0.35206,0.8247,1.36556,straight,straight
MVI_39821,5,161,101,261,616.1,614.73,0.9978,6.61,137.33,2.792,69.8,0.009478,0.004541,0.025958,0.03974,25.16,0.37742,0.95941,1.90241,straight,straight
MVI_39821,6,116,111,226,771.7,768.94,0.9964,39.75,146.92,3.58,89.51,0.014017,0.002658,0.026002,0.223691,4.47,0.29536,1.30037,5.85449,curved,gentle
MVI_39821,7,171,136,306,628.6,625.4,0.9949,18.56,219.98,2.828,70.7,0.020301,0.004163,0.049402,0.346627,2.88,0.36628,1.85933,5.29145,straight,gentle
MVI_39821,8,121,146,266,739.79,738.63,0.9984,15.89,102.04,3.795,94.87,0.008559,0.00178,0.025231,0.073338,13.64,0.22215,1.13624,2.14452,straight,gentle
MVI_39821,9,126,181,306,778.26,775.91,0.997,22.1,116.35,4.148,103.71,0.007616,0.002388,0.025092,0.047991,20.84,0.29819,1.25896,2.67408,curved,gentle
MVI_39821,10,206,201,406,645.04,640.9,0.9936,31.39,316.59,2.466,61.66,0.024523,0.008345,0.063992,0.270346,3.7,0.55424,1.97719,4.45856,curved,gentle
MVI_39821,11,106,231,336,730.18,728.56,0.9978,14.39,66.3,5.12,127.99,0.002973,0.001507,0.006918,0.017597,56.83,0.22404,0.81443,1.76209,straight,gentle
MVI_39821,12,176,316,491,660.97,657.87,0.9953,5.67,214.97,2.979,74.48,0.015939,0.006032,0.041735,0.184994,5.41,0.47101,1.36782,4.84577,straight,straight
MVI_39821,13,181,321,501,795.93,791.17,0.994,7.94,167.82,3.553,88.84,0.007567,0.002807,0.021311,0.06681,14.97,0.36813,1.15938,2.62698,straight,straight
MVI_39821,14,136,391,526,760.08,757.86,0.9971,23.11,137.64,3.432,85.81,0.010386,0.002263,0.033744,0.075552,13.24,0.27075,1.32276,2.19143,curved,gentle
MVI_39821,15,146,461,606,648.02,646.51,0.9977,14.2,127.82,3.494,87.35,0.007855,0.003071,0.020993,0.062104,16.1,0.29389,1.10492,1.56363,straight,gentle
MVI_39821,16,136,471,606,782.28,779.81,0.9968,8.0,145.74,3.685,92.12,0.010213,0.002088,0.040451,0.064901,15.41,0.27165,1.59411,2.71597,straight,straight
MVI_39821,17,131,481,611,735.99,734.12,0.9975,57.02,165.71,3.7,92.51,0.022006,0.003132,0.03189,0.549017,1.82,0.26707,1.31592,8.24974,curved,sharp
MVI_39821,18,186,496,681,663.85,661.29,0.9961,40.71,160.64,3.116,77.89,0.011254,0.003936,0.023878,0.115392,8.67,0.3575,1.12742,2.79929,curved,gentle
MVI_39821,19,121,526,646,755.87,754.62,0.9984,1.25,76.01,4.22,105.49,0.004458,0.00116,0.013787,0.027622,36.2,0.13579,0.98966,1.67528,straight,straight
MVI_39821,20,131,536,666,723.18,721.46,0.9976,0.8,124.22,3.831,95.79,0.008494,0.002989,0.025788,0.044934,22.25,0.31749,1.26909,2.16546,straight,straight
MVI_39821,21,141,586,726,755.42,754.58,0.9989,11.12,87.0,3.496,87.4,0.006196,0.002865,0.014954,0.068601,14.58,0.25405,0.6274,2.10409,straight,gentle
MVI_39821,22,116,616,731,659.71,658.12,0.9976,28.25,100.84,4.724,118.09,0.007106,0.002338,0.016859,0.07042,14.2,0.27842,0.86337,2.75107,curved,gentle
MVI_39821,23,101,621,721,699.59,698.78,0.9988,14.58,47.4,4.956,123.9,0.002596,0.001324,0.007657,0.014242,70.21,0.20026,0.45743,0.69955,straight,gentle
MVI_39821,24,200,681,880,618.81,613.37,0.9912,24.78,233.86,2.87,71.74,0.010681,0.006664,0.023286,0.127967,7.81,0.47885,1.26068,3.32055,curved,gentle
MVI_39821,25,166,696,861,763.68,761.59,0.9973,4.22,128.6,3.084,77.1,0.009422,0.003001,0.022963,0.103445,9.67,0.24291,0.81009,2.90873,straight,straight
MVI_39821,26,136,701,836,649.19,647.76,0.9978,37.91,108.4,3.658,91.45,0.007719,0.002311,0.023843,0.116136,8.61,0.2691,1.04441,3.03956,curved,gentle
MVI_39821,27,145,736,880,647.4,640.94,0.99,179.2,326.83,2.964,74.11,0.016195,0.003043,0.042164,0.192665,5.19,0.37776,1.30243,3.9876,curved,sharp
MVI_39821,28,140,741,880,523.26,520.93,0.9955,6.58,159.97,2.589,64.72,0.013596,0.006962,0.033355,0.058722,17.03,0.45662,1.45136,2.01454,straight,straight
MVI_39821,29,115,766,880,503.22,500.28,0.9942,16.96,89.05,4.204,105.1,0.004104,0.003262,0.009051,0.017586,56.86,0.33013,0.87196,1.18301,straight,gentle
MVI_39821,30,105,776,880,580.94,580.08,0.9985,12.08,66.53,5.177,129.43,0.004758,0.00157,0.015076,0.033149,30.17,0.21117,1.01723,1.6246,straight,gentle
MVI_39821,31,100,781,880,265.71,263.76,0.9927,21.72,151.98,2.635,65.86,0.017659,0.00991,0.049263,0.1146,8.73,0.67177,1.73646,3.55474,curved,gentle
MVI_39821,32,55,826,880,315.78,315.35,0.9986,16.32,39.56,5.756,143.89,0.003902,0.001537,0.005181,0.065062,15.37,0.23996,0.76029,3.68807,straight,gentle
MVI_39821,33,15,866,880,183.67,183.63,0.9998,1.23,5.23,13.371,334.27,0.000625,0.000593,0.000976,0.001657,603.34,0.20431,0.26479,0.30697,straight,straight
MVI_39821,34,5,876,880,19.79,19.79,1.0,0.06,0.06,4.948,123.69,5.7e-05,5.7e-05,5.7e-05,5.7e-05,17655.97,0.007,0.007,0.007,unknown,unknown
MVI_39851,1,6,1,6,48.3,48.3,1.0,0.0,0.01,9.659,241.48,3e-06,3e-06,7e-06,7e-06,151635.27,0.0008,0.00159,0.00159,unknown,unknown
MVI_39851,2,56,1,56,448.15,446.98,0.9974,1.78,33.28,8.052,201.31,0.002563,0.001011,0.00457,0.027812,35.96,0.18391,0.6924,1.32171,straight,straight
MVI_39851,3,6,1,6,5.96,5.96,1.0,0.04,0.09,1.192,29.81,0.000252,0.000252,0.000494,0.000494,2022.5,0.0075,0.01474,0.01474,unknown,unknown
MVI_39851,4,121,1,121,101.07,95.81,0.948,62.0,378.43,0.802,20.06,0.083092,0.057309,0.195522,0.37094,2.7,1.24914,3.57387,5.66466,curved,sharp
MVI_39851,5,96,11,106,565.36,563.03,0.9959,31.23,101.17,3.903,97.57,0.009079,0.003085,0.013582,0.081198,12.32,0.29227,1.12683,2.5182,curved,gentle
MVI_39851,6,116,46,161,588.66,587.69,0.9984,4.45,88.47,2.897,72.43,0.006552,0.004289,0.015226,0.032525,30.75,0.33439,0.74027,1.28858,straight,straight
MVI_39851,7,81,296,376,573.24,571.32,0.9967,44.25,107.32,4.427,110.67,0.01572,0.0021,0.032023,0.182949,5.47,0.36838,1.49843,5.06553,curved,gentle
MVI_39851,8,71,341,411,456.45,454.92,0.9967,15.16,72.89,3.902,97.54,0.009032,0.002215,0.028912,0.055988,17.86,0.34395,1.45206,2.50426,straight,gentle
MVI_39851,9,81,371,451,533.26,531.14,0.996,5.49,85.17,3.34,83.51,0.008677,0.004517,0.026628,0.042226,23.68,0.50605,1.23764,1.82579,straight,straight
MVI_39851,10,81,396,476,579.71,578.92,0.9986,23.43,57.95,4.556,113.91,0.006771,0.001649,0.019389,0.062799,15.92,0.22026,0.82444,2.11346,curved,gentle
MVI_39851,11,76,456,531,489.33,487.22,0.9957,51.07,85.09,3.756,93.91,0.009571,0.002688,0.035293,0.050166,19.93,0.38016,1.56122,1.87294,curved,sharp
MVI_39851,12,126,496,621,600.78,594.95,0.9903,34.37,254.14,2.252,56.3,0.032215,0.011614,0.083217,0.3785,2.64,0.86173,2.4162,4.9942,curved,gentle
MVI_39851,13,126,521,646,597.38,587.71,0.9838,42.02,331.28,2.509,62.73,0.056718,0.0145,0.167841,0.565766,1.77,1.07772,3.96063,10.02362,curved,gentle
MVI_39851,14,151,551,701,592.06,573.43,0.9685,81.59,497.23,2.176,54.41,0.044973,0.008704,0.128821,0.507287,1.97,0.78718,3.53642,9.02368,curved,sharp
MVI_39851,15,121,566,686,543.99,538.02,0.989,46.38,304.07,2.18,54.5,0.058783,0.009236,0.163992,0.571421,1.75,0.61238,4.037,9.74782,curved,sharp
MVI_39851,16,116,591,706,546.67,539.16,0.9863,86.64,289.91,2.311,57.77,0.045435,0.011066,0.108099,0.753707,1.33,0.76546,3.1036,12.28533,curved,sharp
MVI_39851,17,136,646,781,567.34,554.27,0.977,63.23,391.72,2.279,56.99,0.050078,0.007964,0.148914,0.849726,1.18,0.79156,3.81517,14.83339,curved,sharp
MVI_39851,18,116,671,786,543.96,534.45,0.9825,29.12,279.93,2.955,73.87,0.024246,0.00767,0.05375,0.333217,3.0,0.68615,2.25391,5.56564,curved,gentle
MVI_39851,19,111,686,796,442.23,439.0,0.9927,27.37,160.08,2.211,55.27,0.020648,0.01222,0.054977,0.119974,8.34,0.63237,1.79206,3.10586,curved,gentle
MVI_39851,20,656,736,1391,663.53,592.39,0.8928,377.12,1712.18,0.769,19.22,0.073838,0.030633,0.172041,1.075347,0.93,1.26691,4.57692,13.8054,curved,sharp
MVI_39851,21,156,796,951,544.6,535.0,0.9824,82.04,480.4,1.413,35.33,0.069147,0.014111,0.231154,0.615089,1.63,0.69696,4.15492,10.69325,curved,sharp
MVI_39851,22,231,851,1081,536.93,498.27,0.928,89.9,533.47,0.872,21.8,0.064036,0.017911,0.205219,0.65096,1.54,0.68922,3.55322,9.82334,curved,sharp
MVI_39851,23,121,886,1006,461.41,458.81,0.9944,13.28,172.74,2.192,54.81,0.027826,0.00643,0.057155,0.333055,3.0,0.53065,1.74774,5.49262,straight,gentle
MVI_39851,24,256,896,1151,588.43,548.62,0.9323,25.93,363.53,0.624,15.6,0.043595,0.008818,0.137878,0.291651,3.43,0.60767,2.4527,4.29745,curved,gentle
MVI_39851,25,131,971,1101,455.34,450.76,0.9899,81.91,247.91,1.805,45.12,0.041152,0.015223,0.109897,0.403055,2.48,0.7461,2.81559,6.00869,curved,sharp
MVI_39851,26,136,1001,1136,455.26,451.6,0.992,39.51,215.77,1.744,43.6,0.030629,0.010553,0.107571,0.192443,5.2,0.45564,2.10553,5.05778,curved,gentle
MVI_39851,27,116,1021,1136,530.27,527.63,0.995,63.99,193.71,2.299,57.46,0.025606,0.007435,0.064813,0.299927,3.33,0.50302,2.04948,6.73066,curved,sharp
MVI_39851,28,166,1026,1191,492.23,478.38,0.9719,49.83,358.22,1.358,33.95,0.056173,0.010704,0.154154,0.605192,1.65,0.67499,2.84566,8.92179,curved,sharp
MVI_39851,29,141,1076,1216,482.73,479.01,0.9923,78.87,186.23,1.682,42.06,0.022358,0.005856,0.058051,0.23236,4.3,0.3812,1.37755,4.34858,curved,sharp
MVI_39851,30,116,1086,1201,568.55,564.92,0.9936,42.92,183.44,2.699,67.49,0.022032,0.006134,0.057646,0.170112,5.88,0.58694,1.61332,3.88165,curved,gentle
MVI_39851,31,156,1096,1251,583.9,575.87,0.9862,34.94,274.09,2.011,50.28,0.02501,0.010845,0.061484,0.136878,7.31,0.86021,2.06326,2.70481,curved,gentle
MVI_39851,32,280,1141,1420,356.22,335.94,0.9431,27.97,657.81,0.618,15.44,0.081956,0.05326,0.182977,0.613587,1.63,1.19752,3.25536,8.2115,curved,gentle
MVI_39851,33,260,1161,1420,496.95,482.76,0.9714,1.61,700.92,1.143,28.59,0.063852,0.016498,0.218618,0.591127,1.69,0.78121,3.86043,8.14028,straight,straight
MVI_39851,34,205,1216,1420,152.84,146.84,0.9607,34.27,435.84,0.682,17.05,0.063819,0.049596,0.128779,0.286316,3.49,1.03804,2.46018,4.4686,curved,gentle
MVI_39851,35,160,1261,1420,85.12,75.5,0.8869,9.0,482.62,0.503,12.59,0.145525,0.135899,0.2952,0.444622,2.25,2.08146,4.10636,5.61746,curved,straight
MVI_39851,36,30,1391,1420,10.64,8.22,0.7726,116.09,116.09,0.417,10.42,0.195661,0.180828,0.30456,0.390112,2.56,2.79073,4.46602,5.28613,static,static
MVI_39851,37,15,1406,1420,12.57,12.43,0.9882,25.5,35.48,0.871,21.78,0.066428,0.057932,0.126419,0.154717,6.46,1.21256,2.61362,2.99219,curved,gentle
MVI_39861,1,241,1,241,669.38,628.61,0.9391,44.51,652.71,2.678,66.94,0.043959,0.010055,0.090302,0.754294,1.33,0.77843,3.11356,9.90722,curved,gentle
MVI_39861,2,11,1,11,104.79,104.19,0.9943,22.5,22.5,10.419,260.47,0.004193,0.003507,0.007366,0.008942,111.83,0.91333,1.49804,1.7048,unknown,unknown
MVI_39861,3,96,1,96,484.88,476.49,0.9827,17.47,187.84,5.469,136.73,0.013037,0.006111,0.037561,0.101719,9.83,0.88551,2.55317,4.66628,straight,gentle
MVI_39861,4,71,1,71,636.33,633.13,0.995,25.57,104.87,4.941,123.53,0.007457,0.005083,0.017949,0.034264,29.19,0.43847,1.77674,2.49407,curved,gentle
MVI_39861,5,206,76,281,718.08,712.62,0.9924,8.49,281.71,1.821,45.53,0.025624,0.008075,0.053757,0.614121,1.63,0.49566,1.56932,7.81761,straight,straight
MVI_39861,6,321,196,516,593.99,523.92,0.882,36.67,667.07,1.785,44.61,0.035976,0.015566,0.063515,0.814704,1.23,0.66543,2.27828,12.38032,curved,gentle
MVI_39861,7,181,406,586,654.08,643.88,0.9844,126.94,397.09,2.353,58.82,0.034895,0.006644,0.092263,0.53452,1.87,0.44231,2.16268,7.57864,curved,sharp
MVI_39861,8,335,411,745,556.66,480.98,0.864,40.53,707.49,1.737,43.42,0.040083,0.018137,0.097647,0.553845,1.81,0.75491,2.31696,9.90749,curved,gentle
MVI_39861,9,236,456,691,784.37,765.18,0.9755,105.58,622.99,1.706,42.64,0.039723,0.009528,0.098425,0.814713,1.23,0.53427,2.45312,12.15372,curved,sharp
MVI_39861,10,235,511,745,612.98,592.41,0.9664,19.61,369.03,1.282,32.05,0.041622,0.007733,0.127743,0.421844,2.37,0.47908,2.19411,6.23182,curved,gentle
MVI_39861,11,195,551,745,721.66,713.95,0.9893,51.24,399.03,1.885,47.12,0.045162,0.011414,0.147468,0.5185,1.93,0.56199,2.84998,7.21811,curved,sharp
MVI_39861,12,141,561,701,712.12,708.81,0.9954,14.65,183.03,2.471,61.77,0.019983,0.003968,0.058059,0.22287,4.49,0.39024,1.73207,3.52166,straight,gentle
MVI_39861,13,70,676,745,48.58,47.09,0.9694,52.77,142.84,0.629,15.74,0.06141,0.037045,0.154683,0.286722,3.49,0.63201,2.3034,3.84812,curved,sharp
MVI_39861,14,55,691,745,34.98,33.84,0.9674,5.49,103.42,0.618,15.44,0.082321,0.056621,0.199825,0.383617,2.61,0.94474,2.93134,4.83911,curved,straight
MVI_39931,1,61,1,61,338.58,332.24,0.9813,48.56,103.21,5.568,139.2,0.00746,0.005039,0.016112,0.051581,19.39,0.72143,1.54065,2.66464,curved,sharp
MVI_39931,2,16,1,16,138.82,138.26,0.996,14.17,14.17,9.177,229.43,0.001836,0.001372,0.003642,0.004317,231.63,0.38766,0.82098,0.96705,straight,gentle
MVI_39931,3,96,1,96,524.97,523.58,0.9973,16.72,75.23,4.452,111.29,0.004728,0.001795,0.015831,0.023947,41.76,0.21902,1.17096,1.42397,straight,gentle
MVI_39931,4,181,1,181,582.59,579.09,0.994,9.04,204.11,2.782,69.55,0.008335,0.006387,0.017506,0.039681,25.2,0.50353,1.12509,1.8998,straight,straight
MVI_39931,5,86,1,86,556.59,553.92,0.9952,8.82,87.47,6.395,159.89,0.003948,0.00137,0.013279,0.020871,47.91,0.21927,1.60662,2.37251,straight,straight
MVI_39931,6,91,1,91,699.15,698.0,0.9984,24.16,53.06,7.301,182.53,0.003008,0.001642,0.009004,0.013968,71.59,0.28927,0.61206,1.06359,curved,gentle
MVI_39931,7,141,1,141,704.17,701.3,0.9959,45.69,160.95,3.894,97.35,0.009149,0.003114,0.01949,0.083931,11.91,0.37865,1.34249,3.58215,curved,sharp
MVI_39931,8,166,1,166,790.51,787.29,0.9959,43.54,191.74,2.775,69.37,0.015093,0.003908,0.044487,0.113466,8.81,0.32862,1.53825,3.26609,curved,gentle
MVI_39931,9,206,1,206,844.3,834.76,0.9887,78.23,455.22,2.079,51.98,0.044579,0.005362,0.149473,0.420452,2.38,0.44749,3.49264,6.78945,curved,sharp
MVI_39931,10,281,1,281,913.85,901.52,0.9865,145.79,629.43,1.253,31.32,0.033746,0.016165,0.086945,0.206522,4.84,0.62655,1.90197,3.44945,curved,sharp
MVI_39931,11,436,1,436,245.9,116.75,0.4748,428.33,1245.22,0.361,9.03,0.10548,0.063221,0.265981,0.528227,1.89,1.30173,3.72251,9.42022,static,static
MVI_39931,12,166,36,201,843.93,839.54,0.9948,22.17,182.19,3.052,76.31,0.011241,0.004552,0.028534,0.09773,10.23,0.46898,1.40599,3.79391,curved,gentle
MVI_39931,13,206,136,341,856.98,852.92,0.9953,2.93,291.01,2.475,61.87,0.021855,0.008851,0.062362,0.23028,4.34,0.5394,1.83142,4.04,straight,straight
MVI_39931,14,211,151,361,688.72,684.45,0.9938,11.66,250.07,2.737,68.43,0.011215,0.007557,0.026404,0.053247,18.78,0.58567,1.33104,2.46985,straight,gentle
MVI_39931,15,141,206,346,882.81,880.09,0.9969,54.61,141.46,4.657,116.43,0.010734,0.00191,0.022694,0.145109,6.89,0.28294,1.16942,4.68326,curved,sharp
MVI_39931,16,156,236,391,924.34,921.38,0.9968,34.56,180.02,3.684,92.1,0.010717,0.002745,0.025985,0.133296,7.5,0.3044,1.51065,4.45405,curved,gentle
MVI_39931,17,191,241,431,615.16,610.71,0.9928,2.93,279.93,2.466,61.65,0.014519,0.009146,0.035231,0.099271,10.07,0.62966,1.52119,2.46378,straight,straight
MVI_39931,18,101,391,491,786.05,784.61,0.9982,19.7,81.78,5.645,141.13,0.005039,0.001687,0.011268,0.040877,24.46,0.21594,1.10258,1.87531,straight,gentle
MVI_39931,19,226,386,611,620.17,616.05,0.9933,20.45,269.82,2.419,60.48,0.013024,0.008293,0.027489,0.12144,8.23,0.48688,1.27762,4.23705,curved,gentle
MVI_39931,20,101,576,676,824.96,824.19,0.9991,2.22,49.41,4.914,122.84,0.003392,0.001281,0.00519,0.065716,15.22,0.17225,0.58616,1.62465,straight,straight
MVI_39931,21,141,836,976,558.98,556.99,0.9964,44.03,131.21,3.26,81.5,0.006633,0.003245,0.01783,0.042675,23.43,0.33201,1.10211,2.28954,curved,gentle
MVI_39931,22,76,901,976,771.99,771.27,0.9991,1.1,40.19,7.251,181.29,0.002707,0.000859,0.010353,0.015423,64.84,0.18238,0.7684,1.06634,straight,straight
MVI_39931,23,76,1006,1081,884.52,883.44,0.9988,0.49,47.48,7.908,197.7,0.00228,0.000911,0.007287,0.008579,116.57,0.22347,0.69674,1.33319,straight,straight
MVI_39931,24,86,1041,1126,765.82,765.31,0.9993,0.26,32.39,7.012,175.31,0.001947,0.000505,0.006647,0.010361,96.51,0.13624,0.53744,0.98764,straight,straight
MVI_39931,25,131,1051,1181,607.2,605.83,0.9977,18.86,103.86,4.233,105.83,0.00462,0.003626,0.008456,0.025155,39.75,0.33503,0.86171,1.45623,straight,gentle
MVI_39931,26,76,1171,1246,799.86,799.62,0.9997,9.27,22.21,7.335,183.38,0.001719,0.000439,0.004685,0.008532,117.2,0.10951,0.46081,0.56114,straight,straight
MVI_39931,27,85,1186,1270,541.23,540.68,0.999,0.7,43.96,4.814,120.36,0.002937,0.001894,0.006491,0.014793,67.6,0.24001,0.65726,1.00197,straight,straight
MVI_40131,1,486,1,486,624.68,375.04,0.6004,139.22,1487.84,0.782,19.56,0.047818,0.019677,0.130772,0.43273,2.31,0.69689,2.67483,6.45983,curved,sharp
MVI_40131,2,111,1,111,431.29,427.02,0.9901,34.1,205.39,3.379,84.47,0.026062,0.006328,0.056133,0.380736,2.63,0.52222,2.20139,7.76717,curved,gentle
MVI_40131,3,76,1,76,444.76,441.32,0.9923,14.61,82.29,5.197,129.92,0.006228,0.002857,0.011932,0.0818,12.22,0.42617,1.13105,2.90594,straight,gentle
MVI_40131,4,56,1,56,359.95,355.71,0.9882,1.19,107.07,6.823,170.58,0.008934,0.002962,0.020963,0.061893,16.16,0.43592,2.85549,3.71972,straight,straight
MVI_40131,5,31,1,31,239.02,236.75,0.9905,2.41,49.14,7.702,192.54,0.004503,0.003573,0.007702,0.015227,65.67,0.7225,1.53804,2.23672,straight,straight
MVI_40131,6,6,1,6,38.3,38.27,0.9992,5.79,5.79,7.459,186.48,0.002117,0.001594,0.004751,0.005398,185.27,0.36642,0.95401,1.04093,unknown,unknown
MVI_40131,7,126,11,136,549.78,542.08,0.986,32.05,193.01,2.391,59.79,0.014322,0.006397,0.038676,0.058265,17.16,0.53471,1.83109,3.04263,curved,gentle
MVI_40131,8,166,21,186,474.83,458.62,0.9659,2.76,427.08,2.422,60.54,0.045132,0.006687,0.093432,1.105188,0.9,0.46284,1.83356,13.98164,curved,straight
MVI_40131,9,561,21,581,597.8,446.22,0.7464,8.39,1922.99,0.775,19.37,0.076424,0.033074,0.194331,0.91636,1.09,1.11219,4.19954,12.15683,curved,straight
MVI_40131,10,151,66,216,545.73,513.14,0.9403,104.0,309.73,2.36,59.01,0.013261,0.006143,0.029208,0.230322,4.34,0.549,1.13248,2.91324,curved,sharp
MVI_40131,11,171,71,241,513.09,472.68,0.9212,59.94,577.73,1.784,44.6,0.017193,0.009591,0.034982,0.267021,3.75,0.60098,1.56984,3.36914,curved,sharp
MVI_40131,12,326,101,426,572.13,531.32,0.9287,30.01,1016.83,1.134,28.35,0.067418,0.030955,0.179189,0.722617,1.38,0.95811,3.54338,13.63086,curved,gentle
MVI_40131,13,156,121,276,569.58,556.73,0.9774,27.56,268.47,2.297,57.44,0.019693,0.010023,0.057874,0.111736,8.95,0.63118,1.86362,3.82783,curved,gentle
MVI_40131,14,176,121,296,511.7,505.54,0.988,14.43,255.55,1.565,39.14,0.027337,0.012247,0.069623,0.164662,6.07,0.59025,1.87497,4.658,straight,gentle
MVI_40131,15,176,126,301,464.62,452.38,0.9736,52.48,340.58,1.93,48.26,0.047297,0.008284,0.127768,1.089883,0.92,0.45495,2.42564,15.65779,curved,sharp
MVI_40131,16,256,131,386,529.66,487.75,0.9209,323.28,707.08,1.091,27.28,0.03604,0.015862,0.094475,0.370516,2.7,0.64992,1.73981,5.37396,curved,sharp
MVI_40131,17,171,131,301,544.97,530.75,0.9739,58.25,434.84,1.996,49.91,0.061954,0.016619,0.158149,0.73393,1.36,0.62232,3.55255,10.54028,curved,sharp
MVI_40131,18,201,146,346,483.15,463.69,0.9597,33.9,566.87,1.465,36.63,0.032485,0.010593,0.087446,0.465469,2.15,0.55595,1.73234,5.93598,curved,gentle
MVI_40131,19,1086,156,1241,688.04,546.91,0.7949,30.4,1453.34,0.179,4.49,0.087001,0.037912,0.245194,1.181985,0.85,1.17908,3.78636,14.89715,static,static
MVI_40131,20,406,191,596,589.27,526.74,0.8939,99.98,1003.9,0.55,13.74,0.068996,0.031174,0.205909,0.424,2.36,0.84021,3.72698,6.12545,curved,sharp
MVI_40131,21,181,231,411,464.0,458.47,0.9881,24.91,250.14,1.4,35.0,0.024636,0.012249,0.062471,0.300583,3.33,0.55033,1.47786,4.12558,curved,gentle
MVI_40131,22,286,241,526,560.05,548.37,0.9792,4.01,605.67,1.037,25.93,0.051621,0.022855,0.154438,0.368301,2.72,0.93531,2.38748,4.80404,straight,straight
MVI_40131,23,226,291,516,439.06,422.3,0.9618,18.08,363.28,1.029,25.73,0.04966,0.019659,0.131987,0.37952,2.63,0.75174,2.3246,4.91484,curved,gentle
MVI_40131,24,131,296,426,438.77,434.59,0.9905,44.31,171.03,1.852,46.3,0.022427,0.007802,0.067558,0.170744,5.86,0.47224,1.58815,3.49481,curved,gentle
MVI_40131,25,321,306,626,551.6,528.84,0.9587,33.83,736.15,0.714,17.84,0.057768,0.020488,0.177054,0.548678,1.82,0.88146,2.97082,7.48446,curved,gentle
MVI_40131,26,231,336,566,471.81,464.54,0.9846,1.89,401.68,1.074,26.85,0.049497,0.021792,0.130052,0.322898,3.1,0.93721,2.76274,5.19746,straight,straight
MVI_40131,27,341,366,706,577.67,559.01,0.9677,28.39,757.64,0.851,21.27,0.067844,0.019639,0.210696,0.562385,1.78,0.82624,3.40505,7.44647,curved,gentle
MVI_40131,28,221,396,616,448.56,440.96,0.9831,65.01,416.57,1.133,28.32,0.040013,0.016264,0.108527,0.317589,3.15,0.84477,2.19505,4.0376,curved,sharp
MVI_40131,29,816,401,1216,758.8,463.8,0.6112,1165.01,4457.6,0.453,11.31,0.124456,0.05946,0.320198,0.993542,1.01,1.71617,5.83139,14.42312,static,static
MVI_40131,30,296,446,741,501.37,478.05,0.9535,25.64,495.95,0.761,19.03,0.047026,0.013921,0.147493,0.384284,2.6,0.70814,2.62718,5.04735,curved,gentle
MVI_40131,31,221,446,666,462.18,457.27,0.9894,7.63,284.37,1.026,25.65,0.030444,0.016658,0.076097,0.248412,4.03,0.66291,1.69296,3.58232,straight,straight
MVI_40131,32,861,466,1326,464.05,377.56,0.8136,98.81,1954.86,0.099,2.49,0.118911,0.046651,0.303948,1.23563,0.81,1.5151,7.09764,16.03302,static,static
MVI_40131,33,271,521,791,475.7,460.71,0.9685,50.72,402.97,1.38,34.51,0.0424,0.010863,0.129636,0.428025,2.34,0.66652,2.69028,6.30355,curved,sharp
MVI_40131,34,281,556,836,590.66,539.29,0.913,9.54,602.07,1.17,29.25,0.056571,0.009257,0.17676,0.624117,1.6,0.73881,3.44251,9.28125,curved,straight
MVI_40131,35,456,626,1081,539.7,366.02,0.6782,94.54,627.49,0.517,12.92,0.055091,0.023703,0.150438,0.484868,2.06,0.90726,2.72731,6.15614,curved,sharp
MVI_40131,36,226,711,936,462.91,457.22,0.9877,56.51,394.03,1.463,36.58,0.041356,0.014336,0.124203,0.398079,2.51,0.64445,2.28853,5.22846,curved,sharp
MVI_40131,37,421,711,1131,575.29,543.26,0.9443,0.75,1064.52,0.645,16.11,0.089772,0.048056,0.214247,0.725913,1.38,1.28345,3.95437,11.03258,curved,straight
MVI_40131,38,306,711,1016,577.14,563.33,0.9761,22.03,617.77,0.889,22.23,0.050544,0.013379,0.151614,0.544358,1.84,0.7332,2.6392,8.15057,curved,gentle
MVI_40131,39,241,711,951,611.89,602.78,0.9851,34.6,495.28,2.133,53.32,0.049849,0.014707,0.166947,0.40974,2.44,0.80952,2.6394,7.44438,curved,gentle
MVI_40131,40,366,806,1171,564.7,542.89,0.9614,72.2,911.99,0.633,15.81,0.069961,0.030609,0.190267,0.427134,2.34,1.08599,3.42574,6.30042,curved,sharp
MVI_40131,41,281,846,1126,511.76,470.66,0.9197,22.31,597.79,0.868,21.7,0.049413,0.015896,0.152509,0.368147,2.72,0.76737,2.43547,5.00802,curved,gentle
MVI_40131,42,121,966,1086,496.4,493.87,0.9949,50.54,184.75,2.634,65.86,0.028099,0.00635,0.059957,0.598517,1.67,0.56356,1.69443,8.22231,curved,sharp
MVI_40131,43,176,991,1166,199.02,185.63,0.9328,60.94,457.01,0.917,22.92,0.058815,0.040156,0.130362,0.300915,3.32,1.18783,2.65473,5.24828,curved,sharp
MVI_40131,44,161,1061,1221,461.26,453.71,0.9836,0.08,282.13,1.764,44.1,0.031062,0.013501,0.079963,0.229129,4.36,0.78805,2.03302,3.57496,straight,straight
MVI_40131,45,206,1101,1306,456.42,444.46,0.9738,8.39,414.73,1.441,36.03,0.044037,0.022633,0.129042,0.308031,3.25,0.98394,2.89642,4.94574,straight,straight
MVI_40131,46,161,1131,1291,514.93,508.44,0.9874,87.65,318.44,2.442,61.04,0.024949,0.007366,0.061755,0.471323,2.12,0.49528,2.05644,5.98354,curved,sharp
MVI_40131,47,221,1141,1361,569.91,563.24,0.9883,59.44,395.67,2.47,61.75,0.033057,0.008276,0.069715,0.952709,1.05,0.57895,2.14157,11.98394,curved,sharp
MVI_40131,48,106,1171,1276,447.24,445.93,0.9971,1.34,71.89,2.672,66.81,0.009216,0.002622,0.027338,0.076418,13.09,0.22593,1.01356,1.7594,straight,straight
MVI_40131,49,156,1181,1336,509.45,507.34,0.9958,28.23,147.26,2.184,54.61,0.013426,0.005959,0.02845,0.355443,2.81,0.37166,1.04539,5.20977,curved,gentle
MVI_40131,50,151,1231,1381,511.34,506.36,0.9903,14.51,320.25,2.556,63.89,0.030209,0.009784,0.096867,0.177995,5.62,0.78309,2.82106,4.27108,straight,gentle
MVI_40131,51,161,1271,1431,526.25,523.66,0.9951,32.66,172.04,2.149,53.73,0.014445,0.00597,0.035834,0.114634,8.72,0.44983,1.1628,2.07425,curved,gentle
MVI_40131,52,131,1281,1411,447.02,443.48,0.9921,32.3,185.1,2.691,67.27,0.021407,0.00759,0.081813,0.153654,6.51,0.50467,2.12535,3.84053,curved,gentle
MVI_40131,53,360,1286,1645,240.1,120.08,0.5001,79.09,1133.17,0.415,10.37,0.108954,0.074385,0.266435,0.557604,1.79,1.7037,4.63508,8.7384,static,static
MVI_40131,54,121,1346,1466,460.48,454.92,0.9879,26.9,164.63,2.587,64.68,0.014263,0.006841,0.033195,0.093639,10.68,0.603,1.41373,3.08795,curved,gentle
MVI_40131,55,141,1391,1531,456.21,446.85,0.9795,25.14,257.3,2.764,69.09,0.028504,0.006382,0.043942,0.86359,1.16,0.57558,1.79956,10.88115,curved,gentle
MVI_40131,56,106,1396,1501,503.9,489.36,0.9711,1.37,291.34,3.449,86.22,0.030187,0.004828,0.057451,0.404794,2.47,0.47514,2.76505,9.98342,straight,straight
MVI_40131,57,141,1436,1576,545.37,539.34,0.989,61.48,232.55,2.648,66.21,0.022485,0.010712,0.047734,0.353333,2.83,0.57742,2.15203,4.5937,curved,sharp
MVI_40131,58,121,1496,1616,342.75,320.2,0.9342,2.21,303.24,1.778,44.46,0.034288,0.010077,0.089367,0.370303,2.7,0.70731,2.07774,5.03862,curved,straight
MVI_40131,59,136,1506,1641,471.56,467.03,0.9904,22.75,129.27,2.04,50.99,0.0124,0.003652,0.036664,0.133482,7.49,0.30397,0.98405,3.51617,curved,gentle
MVI_40131,60,116,1516,1631,487.94,483.2,0.9903,3.1,124.42,3.058,76.46,0.008147,0.005924,0.016679,0.048627,20.56,0.47956,1.03505,2.19526,straight,straight
MVI_40131,61,115,1531,1645,65.54,48.08,0.7336,131.36,319.93,0.564,14.09,0.096271,0.063167,0.219674,0.378232,2.64,1.36875,3.67884,5.41033,curved,sharp
MVI_40131,62,95,1551,1645,407.12,404.87,0.9945,21.53,104.36,3.254,81.35,0.012795,0.005006,0.032805,0.109968,9.09,0.46977,1.55404,2.62267,curved,gentle
MVI_40131,63,80,1566,1645,472.09,464.59,0.9841,20.32,63.74,5.856,146.4,0.002931,0.002398,0.006143,0.007669,130.39,0.32469,0.62605,1.34127,curved,gentle
MVI_40131,64,60,1586,1645,71.1,69.93,0.9836,15.92,129.45,1.167,29.18,0.04422,0.028783,0.099373,0.140744,7.11,0.85423,2.29085,3.52997,straight,gentle
MVI_40131,65,60,1586,1645,22.71,9.58,0.4218,107.21,110.35,0.282,7.06,0.217382,0.108097,0.440972,0.659029,1.52,1.58517,5.78063,8.40579,static,static
MVI_40131,66,40,1606,1645,273.66,272.94,0.9974,15.71,31.19,6.696,167.4,0.002677,0.001569,0.006654,0.013785,72.54,0.23179,0.85704,1.79033,straight,gentle
MVI_40131,67,5,1641,1645,33.36,33.32,0.9986,10.87,10.87,8.33,208.24,0.006004,0.00555,0.008569,0.009481,105.48,1.15582,1.54088,1.65156,unknown,unknown
MVI_40141,1,11,1,11,64.01,63.93,0.9987,10.67,10.67,6.393,159.82,0.003177,0.002742,0.005281,0.006348,157.54,0.43821,0.67837,0.76688,unknown,unknown
MVI_40141,2,31,1,31,255.2,253.4,0.9929,26.8,28.79,8.169,204.22,0.00218,0.002372,0.003424,0.00431,232.02,0.40401,0.80988,0.92344,curved,gentle
MVI_40141,3,66,1,66,382.0,376.77,0.9863,23.65,75.42,5.275,131.87,0.005433,0.004401,0.012841,0.025861,38.67,0.50635,1.11119,1.75452,curved,gentle
MVI_40141,4,66,1,66,320.62,318.32,0.9928,22.38,68.64,3.78,94.49,0.006211,0.003588,0.015652,0.029766,33.59,0.37907,1.23183,2.76046,curved,gentle
MVI_40141,5,181,1,181,469.12,460.09,0.9808,9.05,255.19,2.171,54.27,0.021313,0.007368,0.041253,0.277696,3.6,0.46101,1.63397,4.82924,straight,straight
MVI_40141,6,121,1,121,437.46,431.12,0.9855,42.73,279.3,2.046,51.15,0.044111,0.004762,0.092359,0.690126,1.45,0.33581,2.2553,10.16894,curved,gentle
MVI_40141,7,386,1,386,310.51,253.58,0.8167,122.36,402.72,0.252,6.3,0.049262,0.017724,0.119255,0.521993,1.92,0.70508,2.36608,7.93514,static,static
MVI_40141,8,156,1,156,77.54,60.92,0.7856,115.24,520.28,0.382,9.56,0.115329,0.084603,0.278948,0.381465,2.62,1.66349,4.4277,7.9724,static,static
MVI_40141,9,176,1,176,57.96,39.18,0.6759,147.61,212.42,0.245,6.13,0.150242,0.112087,0.264946,0.692374,1.44,1.94734,4.73779,9.41335,static,static
MVI_40141,10,141,31,171,425.83,421.12,0.9889,8.26,183.26,1.628,40.7,0.021767,0.008435,0.054263,0.146892,6.81,0.45937,1.73024,3.92791,straight,straight
MVI_40141,11,161,36,196,469.76,463.7,0.9871,17.48,237.98,1.339,33.46,0.03189,0.008496,0.114464,0.323077,3.1,0.40307,1.82588,4.06163,straight,gentle
MVI_40141,12,176,61,236,504.94,496.9,0.9841,21.77,318.5,1.231,30.79,0.041671,0.012331,0.130955,0.340485,2.94,0.62337,2.64856,5.06984,curved,gentle
MVI_40141,13,191,91,281,498.25,493.71,0.9909,31.93,232.14,1.245,31.13,0.03101,0.01145,0.06662,0.379372,2.64,0.46235,1.26774,5.00511,curved,gentle
MVI_40141,14,166,206,371,451.51,445.74,0.9872,52.13,308.65,1.093,27.33,0.046637,0.014694,0.127215,0.352215,2.84,0.74645,2.30554,5.44972,curved,sharp
MVI_40141,15,181,261,441,470.13,468.04,0.9956,23.07,147.86,0.997,24.92,0.023748,0.009998,0.059599,0.163396,6.12,0.50021,1.17559,2.41138,curved,gentle
MVI_40141,16,521,326,846,539.54,502.46,0.9313,114.16,970.88,0.675,16.87,0.072858,0.025636,0.218984,0.645491,1.55,0.95535,3.42346,9.81354,curved,sharp
MVI_40141,17,286,391,676,391.53,378.73,0.9673,7.73,198.04,0.468,11.7,0.032961,0.009489,0.080319,0.348582,2.87,0.44815,1.42869,4.67103,static,static
MVI_40141,18,246,496,741,466.66,425.66,0.9121,142.2,368.3,0.601,15.02,0.056883,0.01029,0.179891,0.434136,2.3,0.51729,3.13114,6.55089,curved,sharp
MVI_40141,19,211,541,751,429.93,413.87,0.9626,100.66,223.02,0.668,16.7,0.020155,0.00665,0.05399,0.182458,5.48,0.38923,1.38109,2.83897,curved,sharp
MVI_40141,20,46,596,641,30.99,29.32,0.9463,5.33,171.21,0.622,15.56,0.12902,0.100818,0.251782,0.332616,3.01,2.00972,3.52877,5.48629,curved,straight
MVI_40141,21,281,646,926,487.12,431.51,0.8858,144.97,268.11,0.44,11.0,0.027046,0.00698,0.098209,0.230547,4.34,0.43186,1.75252,3.75101,static,static
MVI_40141,22,191,681,871,490.91,483.02,0.9839,56.44,303.13,0.902,22.54,0.045106,0.014772,0.132845,0.484579,2.06,0.65369,2.07515,7.04645,curved,sharp
MVI_40141,23,451,831,1281,553.09,468.67,0.8474,93.73,603.69,0.342,8.54,0.048287,0.013118,0.127473,0.468223,2.14,0.73064,2.18783,5.88968,static,static
MVI_40141,24,296,861,1156,545.41,493.57,0.9049,136.76,360.78,0.633,15.81,0.027361,0.010135,0.088201,0.230092,4.35,0.53232,1.50068,2.9122,curved,sharp
MVI_40141,25,106,976,1081,408.0,404.88,0.9924,64.78,138.58,1.855,46.38,0.030476,0.004899,0.111152,0.176768,5.66,0.40452,1.73246,2.90589,curved,sharp
MVI_40141,26,511,1076,1586,529.56,473.04,0.8933,2.98,244.83,0.287,7.18,0.027037,0.008377,0.084063,0.377171,2.65,0.51529,1.51588,4.79523,static,static
MVI_40141,27,171,1336,1506,409.24,406.19,0.9925,13.06,225.13,1.079,26.97,0.040076,0.007657,0.124575,0.404142,2.47,0.34698,1.81685,6.57353,straight,gentle
MVI_40141,28,170,1431,1600,384.87,381.21,0.9905,64.41,249.7,1.072,26.79,0.030283,0.01252,0.087618,0.256665,3.9,0.49976,1.63588,3.90267,curved,sharp
MVI_40141,29,155,1446,1600,415.05,409.0,0.9854,25.65,187.25,1.121,28.04,0.047738,0.004383,0.175768,0.370556,2.7,0.32447,2.74314,5.25428,curved,gentle
MVI_40141,30,145,1456,1600,418.52,415.45,0.9927,25.31,264.71,1.199,29.98,0.051941,0.014631,0.165652,0.313099,3.19,0.61898,2.68317,5.045,curved,gentle
MVI_40141,31,130,1471,1600,468.69,465.88,0.994,0.93,124.05,2.087,52.18,0.018048,0.005314,0.06391,0.116455,8.59,0.37301,1.36357,2.01707,straight,straight
MVI_40141,32,80,1521,1600,401.05,398.84,0.9945,51.92,116.51,3.825,95.62,0.012242,0.00353,0.032332,0.080635,12.4,0.4476,1.96178,4.66732,curved,sharp
MVI_40141,33,15,1586,1600,170.79,169.61,0.9931,24.16,24.16,11.821,295.53,0.002605,0.001475,0.005418,0.006282,159.19,0.48518,1.49375,1.64919,curved,gentle
MVI_40152,1,26,1,26,294.57,293.43,0.9961,21.31,35.11,11.735,293.38,0.002848,0.001297,0.008181,0.012625,79.21,0.37137,1.82001,2.43275,curved,gentle
MVI_40152,2,51,1,51,434.04,433.72,0.9993,9.55,29.06,8.203,205.07,0.001637,0.000927,0.004064,0.007603,131.53,0.22452,0.61921,0.87992,straight,straight
MVI_40152,3,41,1,41,535.93,535.76,0.9997,1.64,13.28,12.874,321.85,0.000577,0.000555,0.000997,0.001129,885.93,0.18101,0.26317,0.38131,straight,straight
MVI_40152,4,91,1,91,634.59,633.46,0.9982,16.66,54.82,6.118,152.94,0.002105,0.001319,0.003101,0.027446,36.43,0.1776,0.65256,3.57591,straight,gentle
MVI_40152,5,86,1,86,611.0,610.32,0.9989,9.08,51.6,4.435,110.89,0.003902,0.002431,0.012385,0.019858,50.36,0.25829,0.65256,0.9184,straight,straight
MVI_40152,6,131,11,141,729.57,728.01,0.9979,24.73,106.58,4.594,114.85,0.004565,0.002595,0.011823,0.040752,24.54,0.2721,1.00245,4.48661,curved,gentle
MVI_40152,7,91,31,121,655.43,647.44,0.9878,40.06,96.39,3.824,95.6,0.009068,0.002622,0.031954,0.057282,17.46,0.30723,1.41006,2.07751,curved,gentle
MVI_40152,8,101,76,176,731.87,725.97,0.9919,19.04,116.16,4.082,102.05,0.01244,0.003076,0.016228,0.240841,4.15,0.37432,0.95322,5.06242,straight,gentle
MVI_40152,9,121,81,201,490.33,485.02,0.9892,42.8,156.41,2.303,57.59,0.01821,0.005782,0.055488,0.100127,9.99,0.48294,1.60516,2.05622,curved,gentle
MVI_40152,10,126,146,271,667.53,663.69,0.9943,6.92,91.76,2.704,67.59,0.007183,0.002525,0.021837,0.054329,18.41,0.32783,0.99886,2.01324,straight,straight
MVI_40152,11,121,191,311,671.45,667.83,0.9946,11.98,102.21,3.166,79.15,0.008639,0.002693,0.024631,0.065754,15.21,0.3634,1.07411,2.11084,straight,gentle
MVI_40152,12,141,231,371,529.84,523.94,0.9889,31.75,234.66,2.117,52.94,0.034324,0.00979,0.097818,0.279901,3.57,0.5887,2.01033,4.03643,curved,gentle
MVI_40152,13,141,241,381,690.34,682.03,0.988,89.37,217.3,2.433,60.81,0.021784,0.00573,0.044079,0.278907,3.59,0.43989,1.72263,5.28296,curved,sharp
MVI_40152,14,221,266,486,593.09,588.63,0.9925,20.37,219.71,2.69,67.26,0.009039,0.006538,0.020104,0.035431,28.22,0.46262,1.20663,2.22853,curved,gentle
MVI_40152,15,91,271,361,764.84,762.91,0.9975,9.32,59.11,4.803,120.07,0.00425,0.001644,0.012034,0.028578,34.99,0.29943,0.71235,1.5512,straight,straight
MVI_40152,16,126,296,421,652.91,648.05,0.9925,60.91,189.23,2.811,70.27,0.021759,0.005428,0.04278,0.41186,2.43,0.50678,1.67023,5.6915,curved,sharp
MVI_40152,17,116,321,436,621.5,615.6,0.9905,2.5,132.15,3.203,80.08,0.010287,0.003045,0.036906,0.051048,19.59,0.28995,1.45554,2.4746,straight,straight
MVI_40152,18,101,336,436,832.46,829.04,0.9959,0.98,66.36,4.501,112.51,0.005382,0.001612,0.013913,0.08214,12.17,0.25319,0.77946,1.76137,straight,straight
MVI_40152,19,116,356,471,661.81,653.44,0.9873,48.81,124.9,3.069,76.72,0.010023,0.004815,0.027378,0.050411,19.84,0.47756,1.30399,1.61878,curved,sharp
MVI_40152,20,106,371,476,818.55,815.1,0.9958,7.93,106.34,3.881,97.01,0.008104,0.002351,0.025572,0.038528,25.96,0.35683,1.30764,2.03336,straight,straight
MVI_40152,21,126,376,501,475.44,469.22,0.9869,29.56,221.96,2.19,54.75,0.030049,0.012077,0.088692,0.216521,4.62,0.83827,2.50018,3.80047,curved,gentle
MVI_40152,22,106,426,531,744.12,741.93,0.9971,19.51,82.31,4.176,104.41,0.006226,0.002031,0.009402,0.058338,17.14,0.2335,0.70681,2.18043,straight,gentle
MVI_40152,23,116,526,641,567.27,563.65,0.9936,53.74,150.24,2.625,65.63,0.015194,0.004144,0.036182,0.198384,5.04,0.42291,1.40285,3.91372,curved,sharp
MVI_40152,24,96,536,631,841.02,838.3,0.9968,17.17,99.7,5.189,129.73,0.006819,0.002589,0.017501,0.034913,28.64,0.4128,1.1739,1.79648,straight,gentle
MVI_40152,25,121,566,686,649.33,644.64,0.9928,36.08,154.01,3.107,77.67,0.011643,0.005267,0.02503,0.07874,12.7,0.53046,1.5414,3.0281,curved,gentle
MVI_40152,26,116,581,696,775.85,774.87,0.9987,13.41,53.96,4.591,114.78,0.00338,0.001109,0.008523,0.030684,32.59,0.19178,0.47104,1.20272,straight,gentle
MVI_40152,27,141,601,741,702.61,695.87,0.9904,17.55,243.85,2.569,64.21,0.023915,0.010056,0.065065,0.200181,5.0,0.70168,2.12785,4.30314,straight,gentle
MVI_40152,28,111,631,741,564.72,557.13,0.9865,54.48,225.6,2.945,73.64,0.030273,0.008459,0.083591,0.196791,5.08,0.90879,2.36916,3.75157,curved,sharp
MVI_40152,29,111,646,756,796.39,791.22,0.9935,14.32,114.79,3.816,95.41,0.007815,0.003041,0.019721,0.045383,22.03,0.51942,1.06008,1.86921,straight,gentle
MVI_40152,30,111,646,756,670.08,665.0,0.9924,1.73,114.13,3.361,84.03,0.008655,0.004325,0.021884,0.034624,28.88,0.50102,1.11317,1.33266,straight,straight
MVI_40152,31,96,711,806,760.21,759.65,0.9993,0.5,42.42,5.886,147.15,0.002186,0.001155,0.006334,0.010704,93.42,0.21605,0.48349,0.66738,straight,straight
MVI_40152,32,131,746,876,826.65,822.28,0.9947,2.71,129.71,3.286,82.15,0.010185,0.003973,0.029612,0.050019,19.99,0.47423,1.06385,1.7129,straight,straight
MVI_40152,33,101,776,876,684.3,679.99,0.9937,29.43,112.31,3.819,95.47,0.011976,0.003116,0.045951,0.079096,12.64,0.44648,1.75909,2.80855,curved,gentle
MVI_40152,34,111,801,911,664.39,658.26,0.9908,2.65,161.27,3.541,88.53,0.018759,0.005028,0.054451,0.155164,6.44,0.61263,1.75548,3.36718,straight,straight
MVI_40152,35,141,841,981,649.0,641.29,0.9881,24.49,277.22,2.303,57.59,0.035825,0.006912,0.12729,0.333284,3.0,0.62063,2.70061,6.04537,curved,gentle
MVI_40152,36,131,861,991,761.12,755.68,0.9929,37.93,134.4,3.302,82.55,0.011426,0.004745,0.034244,0.06547,15.27,0.40989,1.33027,1.86849,curved,gentle
MVI_40152,37,116,886,1001,734.07,728.38,0.9922,13.26,130.34,3.85,96.24,0.008984,0.003167,0.022458,0.06138,16.29,0.46452,1.15302,2.47174,straight,gentle
MVI_40152,38,131,931,1061,697.31,690.37,0.9901,35.17,195.69,2.722,68.05,0.021153,0.004579,0.068905,0.156872,6.37,0.54657,2.04155,3.90632,curved,gentle
MVI_40152,39,141,996,1136,629.48,622.91,0.9896,33.89,199.21,2.341,58.52,0.022053,0.004867,0.05526,0.227659,4.39,0.59345,1.63807,5.30989,curved,gentle
MVI_40152,40,126,1106,1231,847.22,837.76,0.9888,6.84,142.26,2.914,72.86,0.011441,0.004609,0.029513,0.08816,11.34,0.43021,1.35991,2.49133,straight,straight
MVI_40152,41,126,1221,1346,685.97,678.27,0.9888,25.52,140.47,2.985,74.63,0.0096,0.004853,0.023363,0.04212,23.74,0.53118,1.06589,1.88791,curved,gentle
MVI_40152,42,131,1256,1386,698.64,691.08,0.9892,28.16,171.46,2.864,71.61,0.016609,0.004316,0.047047,0.146929,6.81,0.4425,1.50592,4.08634,curved,gentle
MVI_40152,43,131,1281,1411,662.69,652.47,0.9846,31.82,183.13,2.335,58.37,0.016316,0.007593,0.035515,0.134332,7.44,0.46392,1.58803,3.22899,curved,gentle
MVI_40152,44,141,1336,1476,652.94,646.83,0.9906,13.69,137.03,2.486,62.16,0.009877,0.005706,0.024861,0.048866,20.46,0.44974,1.01783,2.15055,straight,gentle
MVI_40152,45,256,1351,1606,652.4,613.61,0.9405,61.66,613.98,2.167,54.17,0.045301,0.016113,0.090146,1.088538,0.92,0.85263,2.8706,16.67123,curved,sharp
MVI_40152,46,96,1611,1706,757.04,755.68,0.9982,27.67,71.38,5.712,142.81,0.004457,0.001332,0.018993,0.025242,39.62,0.23698,1.12449,1.46163,curved,gentle
MVI_40152,47,106,1641,1746,627.58,626.91,0.9989,0.06,53.64,4.097,102.42,0.002977,0.001987,0.007957,0.012742,78.48,0.23751,0.54963,1.24443,straight,straight
MVI_40152,48,55,1696,1750,211.55,210.7,0.996,14.07,59.4,3.398,84.94,0.00696,0.006009,0.016187,0.017055,58.63,0.56449,1.07456,1.73811,straight,gentle
MVI_40152,49,45,1706,1750,483.59,480.6,0.9938,10.03,27.53,10.795,269.88,0.001332,0.000728,0.003349,0.005344,187.13,0.17419,0.77269,1.11638,straight,gentle
MVI_40161,1,106,1,106,137.52,134.29,0.9765,7.47,228.55,1.316,32.91,0.034794,0.030918,0.05883,0.150847,6.63,0.99477,1.98693,4.24283,straight,straight
MVI_40161,2,546,1,546,479.31,402.42,0.8396,37.07,636.6,0.746,18.64,0.031102,0.024768,0.064728,0.272007,3.68,0.86715,1.81489,3.7003,curved,gentle
MVI_40161,3,56,1,56,155.73,155.37,0.9977,8.39,37.67,2.719,67.98,0.004962,0.003653,0.010834,0.017681,56.56,0.27838,0.76943,0.86184,straight,straight
MVI_40161,4,81,1,81,307.23,306.92,0.999,4.39,42.05,3.546,88.65,0.003089,0.002594,0.006153,0.010892,91.81,0.26281,0.51137,0.83182,straight,straight
MVI_40161,5,111,1,111,684.9,684.18,0.9989,8.81,63.95,5.147,128.68,0.003652,0.001449,0.009419,0.036291,27.56,0.24534,0.67489,1.75467,straight,straight
MVI_40161,6,81,21,101,738.38,737.72,0.9991,7.91,30.54,7.407,185.18,0.001255,0.000798,0.003126,0.005576,179.33,0.17074,0.35364,0.63674,straight,straight
MVI_40161,7,110,52,161,782.68,781.22,0.9981,25.19,44.22,6.274,156.85,0.001954,0.000969,0.003886,0.019998,50.0,0.12471,0.50261,0.89692,curved,gentle
MVI_40161,8,71,81,151,680.84,674.57,0.9908,34.65,78.13,7.275,181.87,0.006759,0.001316,0.008529,0.132754,7.53,0.25299,1.36676,4.71259,curved,gentle
MVI_40161,9,71,121,191,614.04,607.28,0.989,70.99,101.36,6.072,151.8,0.009274,0.001831,0.010509,0.116558,8.58,0.40077,0.99597,5.40546,curved,sharp
MVI_40161,10,111,156,266,724.36,723.09,0.9982,18.42,55.93,5.006,125.14,0.002795,0.001137,0.007933,0.021692,46.1,0.17623,0.63359,1.83641,straight,gentle
MVI_40161,11,121,166,286,792.32,790.37,0.9975,20.09,90.37,4.864,121.61,0.004806,0.001545,0.014691,0.037342,26.78,0.21369,0.9021,1.90391,curved,gentle
MVI_40161,12,61,181,241,519.32,513.3,0.9884,21.16,59.93,7.281,182.02,0.002933,0.00193,0.005224,0.017091,58.51,0.31607,1.19172,1.62793,curved,gentle
MVI_40161,13,66,196,261,891.12,890.41,0.9992,5.09,29.97,10.062,251.54,0.001394,0.000552,0.004796,0.007363,135.81,0.18152,0.55228,0.71286,straight,straight
MVI_40161,14,66,216,281,655.37,651.81,0.9946,31.4,53.66,6.961,174.04,0.004175,0.000947,0.015184,0.029804,33.55,0.17536,0.96439,2.05068,curved,gentle
MVI_40161,15,76,226,301,867.92,866.78,0.9987,15.31,38.73,8.409,210.23,0.001919,0.000936,0.0043,0.008675,115.27,0.25715,0.66403,0.89837,straight,gentle
MVI_40161,16,76,236,311,713.04,711.96,0.9985,3.52,36.29,7.63,190.74,0.001936,0.001047,0.00592,0.008896,112.41,0.2436,0.60341,0.77591,straight,straight
MVI_40161,17,76,241,316,764.38,763.09,0.9983,3.85,32.28,7.189,179.73,0.001473,0.000601,0.003177,0.010766,92.88,0.12412,0.58986,0.95705,straight,straight
MVI_40161,18,66,251,316,657.82,651.68,0.9907,10.16,48.15,6.411,160.27,0.001933,0.000822,0.006127,0.007836,127.62,0.14484,1.09962,1.47009,straight,gentle
MVI_40161,19,71,341,411,704.52,697.48,0.99,1.66,46.83,6.998,174.95,0.002187,0.001127,0.003512,0.018732,53.38,0.18689,0.82087,1.74328,straight,straight
MVI_40161,20,71,361,431,822.82,821.71,0.9987,21.23,32.64,8.497,212.41,0.001436,0.000522,0.004184,0.007483,133.63,0.12876,0.62427,1.40059,curved,gentle
MVI_40161,21,71,396,466,858.64,853.98,0.9946,10.46,39.73,8.205,205.11,0.002099,0.000749,0.007241,0.012106,82.61,0.17787,0.61632,0.82494,straight,gentle
MVI_40161,22,81,406,486,765.57,763.98,0.9979,16.64,37.0,7.308,182.71,0.001654,0.000611,0.005113,0.009613,104.02,0.09799,0.47182,2.59597,straight,gentle
MVI_40161,23,71,416,486,641.31,637.37,0.9939,23.13,30.06,6.255,156.38,0.000916,0.000816,0.00173,0.002502,399.73,0.0886,0.67144,0.84538,curved,gentle
MVI_40161,24,76,446,521,600.84,597.77,0.9949,2.01,60.01,5.697,142.44,0.003132,0.002034,0.007677,0.010816,92.46,0.34447,0.87476,1.44174,straight,straight
MVI_40161,25,91,451,541,785.14,783.0,0.9973,23.78,42.48,6.676,166.9,0.001675,0.000707,0.005466,0.008008,124.87,0.13934,0.51137,1.43508,curved,gentle
MVI_40161,26,96,486,581,771.81,770.83,0.9987,15.67,48.5,6.477,161.92,0.002867,0.000801,0.006324,0.026304,38.02,0.14209,0.60319,1.48387,straight,gentle
MVI_40161,27,156,521,676,527.33,520.33,0.9867,51.81,205.57,2.974,74.36,0.017193,0.005756,0.025771,0.521234,1.92,0.40301,1.34234,9.56623,curved,sharp
MVI_40161,28,76,526,601,760.09,759.3,0.999,2.04,38.89,7.381,184.52,0.002362,0.000839,0.003894,0.02477,40.37,0.20226,0.50444,1.36729,straight,straight
MVI_40161,29,91,546,636,858.88,855.06,0.9956,0.74,37.49,5.797,144.92,0.001295,0.000739,0.004097,0.006482,154.28,0.1254,0.5693,0.90381,straight,straight
MVI_40161,30,76,571,646,814.43,812.57,0.9977,28.01,51.28,7.738,193.45,0.002709,0.001001,0.008514,0.020021,49.95,0.18899,0.92466,2.13875,curved,gentle
MVI_40161,31,91,586,676,798.63,790.9,0.9903,29.78,69.13,5.049,126.23,0.004303,0.001311,0.014732,0.029331,34.09,0.21155,0.96298,1.19015,curved,gentle
MVI_40161,32,96,606,701,757.38,751.67,0.9925,31.21,57.71,5.006,125.16,0.003723,0.000843,0.007043,0.031982,31.27,0.1506,1.04532,1.36522,curved,gentle
MVI_40161,33,145,611,755,787.02,785.7,0.9983,32.18,86.7,3.353,83.82,0.005892,0.002,0.013951,0.073093,13.68,0.25873,0.63267,2.04391,curved,gentle
MVI_40161,34,86,621,706,774.55,773.84,0.9991,1.62,57.77,6.03,150.75,0.004311,0.001249,0.015333,0.020679,48.36,0.16623,0.96006,1.20852,straight,straight
MVI_40161,35,61,651,711,807.75,807.69,0.9999,2.77,9.35,8.497,212.42,0.00052,0.000232,0.001954,0.003241,308.53,0.0602,0.17371,0.25063,straight,straight
MVI_40161,36,86,661,746,716.66,712.84,0.9947,18.22,33.47,5.774,144.35,0.001301,0.001019,0.002816,0.005307,188.43,0.1411,0.28732,1.21701,straight,gentle
MVI_40161,37,101,691,791,778.83,777.94,0.9989,0.83,34.61,5.782,144.55,0.001884,0.000739,0.006505,0.012801,78.12,0.12419,0.41399,0.54004,straight,straight
MVI_40161,38,91,711,801,736.21,730.74,0.9926,3.27,55.6,4.986,124.64,0.002648,0.00135,0.008249,0.014672,68.16,0.15707,0.89886,1.64928,straight,straight
MVI_40161,39,96,731,826,860.44,859.48,0.9989,1.16,42.13,5.178,129.44,0.002204,0.001136,0.006311,0.014214,70.35,0.16264,0.55166,1.03847,straight,straight
MVI_40161,40,71,771,841,732.28,731.93,0.9995,7.33,24.4,7.121,178.04,0.001396,0.00068,0.004052,0.006364,157.13,0.14525,0.36032,0.60393,straight,straight
MVI_40161,41,106,781,886,733.51,732.91,0.9992,13.77,53.87,4.962,124.06,0.003089,0.001776,0.006598,0.026965,37.08,0.25106,0.56887,1.2082,straight,gentle
MVI_40161,42,91,796,886,789.02,784.06,0.9937,7.49,29.89,5.191,129.79,0.001286,0.000521,0.002742,0.010069,99.32,0.08454,0.39956,1.16635,straight,straight
MVI_40161,43,86,846,931,698.9,694.65,0.9939,14.24,36.48,5.242,131.05,0.001852,0.000776,0.005008,0.011533,86.71,0.124,0.47638,1.01101,straight,gentle
MVI_40161,44,76,881,956,765.09,764.55,0.9993,13.17,25.87,7.075,176.88,0.001555,0.00063,0.003542,0.0087,114.94,0.14706,0.35315,0.54542,straight,gentle
MVI_40161,45,121,881,1001,763.33,762.35,0.9987,3.99,62.62,4.697,117.43,0.003732,0.001561,0.011577,0.023543,42.48,0.18657,0.75629,1.35583,straight,straight
MVI_40161,46,86,906,991,895.22,894.52,0.9992,4.52,47.99,6.539,163.46,0.003048,0.000698,0.009094,0.024277,41.19,0.16723,0.75501,1.76538,straight,straight
MVI_40161,47,106,926,1031,757.4,753.53,0.9949,12.34,79.25,4.484,112.11,0.005615,0.001803,0.013012,0.040317,24.8,0.33523,0.8341,1.34395,straight,gentle
MVI_40161,48,135,926,1060,760.89,760.09,0.999,8.32,51.62,3.796,94.91,0.003468,0.00091,0.010085,0.031809,31.44,0.12743,0.56144,1.51816,straight,straight
MVI_40161,49,101,961,1061,910.94,909.36,0.9983,15.62,51.83,5.487,137.18,0.003748,0.000738,0.005893,0.072328,13.83,0.16276,0.65151,2.26983,straight,gentle
MVI_40161,50,121,966,1086,718.75,717.94,0.9989,17.64,65.19,4.374,109.34,0.00496,0.001381,0.013434,0.051017,19.6,0.17559,0.66092,1.34382,straight,gentle
MVI_40161,51,91,971,1061,790.33,789.9,0.9994,0.62,22.24,6.174,154.35,0.001165,0.000509,0.003039,0.007496,133.4,0.0981,0.29414,0.46038,straight,straight
MVI_40161,52,96,1026,1121,894.4,893.22,0.9987,1.65,50.75,6.098,152.45,0.0038,0.001067,0.013897,0.021025,47.56,0.19152,0.83796,1.12993,straight,straight
MVI_40161,53,111,1046,1156,775.43,774.58,0.9989,8.29,51.93,5.097,127.43,0.003304,0.001066,0.012044,0.015551,64.31,0.21025,0.53571,0.8172,straight,straight
MVI_40161,54,91,1081,1171,813.77,806.72,0.9913,21.25,49.52,5.031,125.78,0.002917,0.001191,0.008889,0.016635,60.11,0.17844,0.66145,1.08505,curved,gentle
MVI_40161,55,136,1101,1236,792.13,785.49,0.9916,34.5,153.66,3.018,75.45,0.012536,0.001647,0.042113,0.157532,6.35,0.32667,1.34864,3.57595,curved,gentle
MVI_40161,56,126,1156,1281,722.22,716.25,0.9917,2.32,102.59,3.649,91.22,0.007796,0.002203,0.027631,0.049559,20.18,0.24692,1.05213,1.57608,straight,straight
MVI_40161,57,106,1176,1281,724.01,723.23,0.9989,12.82,58.44,5.128,128.19,0.003804,0.001358,0.010488,0.029917,33.43,0.18102,0.68834,1.58806,straight,gentle
MVI_40161,58,131,1216,1346,750.43,745.12,0.9929,7.95,123.46,3.35,83.74,0.010203,0.002829,0.025992,0.180736,5.53,0.35229,1.14724,2.72735,straight,straight
MVI_40161,59,91,1251,1341,857.88,857.49,0.9995,14.11,28.95,5.897,147.42,0.001351,0.000839,0.002925,0.006165,162.21,0.12765,0.30543,1.2374,straight,gentle
MVI_40161,60,111,1271,1381,915.6,912.91,0.9971,6.12,85.1,4.63,115.76,0.006023,0.00127,0.018728,0.048221,20.74,0.20308,0.9521,1.63154,straight,straight
MVI_40161,61,195,1296,1490,460.03,424.04,0.9218,78.89,429.28,1.28,31.99,0.035455,0.015644,0.056648,0.456119,2.19,1.09947,2.70185,8.50768,curved,sharp
MVI_40161,62,101,1306,1406,698.94,697.34,0.9977,23.89,85.53,4.958,123.95,0.005195,0.001591,0.017491,0.036596,27.33,0.23586,1.19005,2.4116,curved,gentle
MVI_40161,63,96,1336,1431,864.89,864.4,0.9994,0.1,35.88,5.412,135.31,0.00196,0.000971,0.006375,0.008147,122.75,0.16965,0.40107,0.71771,straight,straight
MVI_40161,64,116,1356,1471,769.35,767.38,0.9974,24.54,63.71,4.718,117.96,0.003342,0.001202,0.007356,0.029503,33.89,0.18741,0.67948,1.44268,curved,gentle
MVI_40161,65,95,1396,1490,628.9,628.46,0.9993,19.82,47.25,3.6,89.99,0.004558,0.001396,0.011908,0.031325,31.92,0.18388,0.62993,1.26234,straight,gentle
MVI_40162,1,56,1,56,557.43,551.99,0.9902,3.16,44.8,8.697,217.43,0.00131,0.000689,0.003535,0.005856,170.76,0.12226,1.48111,1.90151,straight,straight
MVI_40162,2,31,1,31,98.84,98.82,0.9998,1.75,8.24,3.066,76.66,0.002114,0.001741,0.004525,0.005895,169.65,0.12725,0.33045,0.39591,straight,straight
MVI_40162,3,96,11,106,730.87,728.94,0.9974,6.4,65.03,5.353,133.82,0.003214,0.001353,0.006998,0.020697,48.32,0.21751,1.021,2.59349,straight,straight
MVI_40162,4,126,61,186,637.3,632.22,0.992,40.14,116.71,2.561,64.02,0.012933,0.003149,0.040859,0.076209,13.12,0.35372,1.17894,1.92396,curved,gentle
MVI_40162,5,221,361,581,806.66,791.21,0.9808,51.54,258.68,1.531,38.27,0.014663,0.007351,0.031724,0.227487,4.4,0.3463,1.10478,3.0136,curved,sharp
MVI_40162,6,121,96,216,766.72,764.69,0.9974,32.82,115.24,5.473,136.83,0.005864,0.00246,0.018163,0.033759,29.62,0.35636,1.12579,2.14577,curved,gentle
MVI_40162,7,126,106,231,664.09,658.17,0.9911,4.29,135.78,2.394,59.85,0.010316,0.002782,0.032245,0.050847,19.67,0.46733,1.26505,2.03881,straight,straight
MVI_40162,8,126,151,276,671.51,650.59,0.9688,19.31,220.74,2.322,58.04,0.013595,0.008218,0.039634,0.098564,10.15,0.54531,1.78639,5.42065,curved,gentle
MVI_40162,9,81,241,321,721.05,720.24,0.9989,11.09,35.49,7.037,175.93,0.002129,0.000652,0.006353,0.012345,81.0,0.15126,0.51888,0.89829,straight,gentle
MVI_40162,10,86,361,446,736.45,735.76,0.9991,11.44,41.28,5.623,140.57,0.003194,0.000946,0.01027,0.027534,36.32,0.15407,0.7034,1.62522,straight,gentle
MVI_40162,11,91,436,526,829.99,827.75,0.9973,3.89,43.71,4.985,124.63,0.00202,0.001298,0.004065,0.011765,85.0,0.1927,0.51118,0.9314,straight,straight
MVI_40162,12,86,486,571,732.39,731.24,0.9984,9.54,54.81,6.249,156.22,0.002709,0.001503,0.006876,0.010168,98.34,0.24267,0.76019,1.46998,straight,straight
MVI_40162,13,91,506,596,709.52,709.1,0.9994,1.36,25.66,5.705,142.62,0.001354,0.000725,0.003011,0.008569,116.7,0.11246,0.32181,0.42936,straight,straight
MVI_40162,14,111,516,626,568.05,562.91,0.991,20.64,95.0,3.003,75.07,0.008351,0.002448,0.029118,0.059549,16.79,0.34855,1.13292,1.86758,curved,gentle
MVI_40162,15,111,561,671,758.97,758.15,0.9989,8.06,52.53,4.93,123.26,0.002902,0.001404,0.008279,0.01716,58.28,0.22811,0.45484,0.91576,straight,straight
MVI_40162,16,106,586,691,727.44,726.1,0.9982,3.94,52.57,5.117,127.92,0.002845,0.001085,0.008926,0.019796,50.52,0.20688,0.63909,1.32353,straight,straight
MVI_40162,17,116,586,701,807.23,805.55,0.9979,14.32,70.86,4.82,120.51,0.003144,0.00212,0.006377,0.018673,53.55,0.23669,0.64104,1.66902,straight,gentle
MVI_40162,18,121,611,731,691.8,685.2,0.9905,21.06,110.78,2.998,74.96,0.009301,0.002802,0.022241,0.086885,11.51,0.282,0.97313,2.70133,curved,gentle
MVI_40162,19,96,636,731,760.18,758.48,0.9978,11.07,68.57,5.523,138.08,0.003828,0.001572,0.011489,0.014641,68.3,0.25216,0.82191,2.42665,straight,gentle
MVI_40162,20,91,641,731,843.51,842.78,0.9991,12.45,41.56,5.562,139.04,0.002545,0.000823,0.006325,0.014268,70.09,0.22132,0.52204,0.73203,straight,gentle
MVI_40162,21,106,661,766,765.11,764.52,0.9992,5.85,38.15,4.95,123.75,0.002107,0.001294,0.005384,0.011343,88.16,0.17954,0.37499,0.76518,straight,straight
MVI_40162,22,151,676,826,691.89,690.27,0.9977,30.76,156.81,3.42,85.5,0.018207,0.003977,0.057077,0.136439,7.33,0.33509,1.73801,2.85952,curved,gentle
MVI_40162,23,121,676,796,679.31,674.03,0.9922,12.11,101.45,3.698,92.46,0.008611,0.002767,0.029174,0.080145,12.48,0.31167,1.07888,2.35504,straight,gentle
MVI_40162,24,101,676,776,777.3,772.95,0.9944,8.84,53.37,4.281,107.02,0.002683,0.001567,0.006764,0.010486,95.36,0.22179,0.54366,1.01489,straight,straight
MVI_40162,25,126,706,831,694.45,685.28,0.9868,26.22,110.32,3.06,76.51,0.009122,0.003751,0.027621,0.054935,18.2,0.37984,1.03509,1.84635,curved,gentle
MVI_40162,26,121,741,861,691.09,685.49,0.9919,7.65,98.6,3.276,81.89,0.006273,0.002945,0.015145,0.051481,19.42,0.31996,1.1014,1.73172,straight,straight
MVI_40162,27,136,746,881,691.33,689.94,0.998,8.02,107.11,3.602,90.06,0.007896,0.002499,0.01735,0.088637,11.28,0.2439,0.88372,2.62366,straight,straight
MVI_40162,28,86,746,831,749.69,749.18,0.9993,2.58,36.07,5.732,143.3,0.002464,0.000691,0.010093,0.013062,76.56,0.14958,0.53284,0.73393,straight,straight
MVI_40162,29,126,776,901,711.05,703.08,0.9888,9.89,101.04,3.113,77.82,0.009206,0.002481,0.025176,0.095398,10.48,0.20424,1.28179,2.01785,straight,straight
MVI_40162,30,686,776,1461,791.99,640.55,0.8088,74.1,926.92,0.343,8.57,0.064879,0.029859,0.1852,0.500778,2.0,1.04765,2.87203,6.29617,static,static
MVI_40162,31,146,786,931,746.97,745.09,0.9975,4.59,114.57,3.763,94.08,0.009805,0.001929,0.034242,0.079385,12.6,0.2321,1.12914,2.25895,straight,straight
MVI_40162,32,106,801,906,804.72,802.81,0.9976,8.73,81.09,4.432,110.8,0.0056,0.001356,0.017665,0.042769,23.38,0.19982,1.0504,2.00238,straight,straight
MVI_40162,33,126,811,936,698.32,691.83,0.9907,13.05,81.92,3.158,78.94,0.005602,0.001741,0.016104,0.064099,15.6,0.16975,0.77412,2.20548,straight,gentle
MVI_40162,34,91,826,916,756.84,756.34,0.9993,18.26,43.38,5.679,141.97,0.002859,0.001049,0.007786,0.017153,58.3,0.19095,0.54232,0.90489,straight,gentle
MVI_40162,35,151,856,1006,763.07,761.55,0.998,12.38,121.54,3.224,80.59,0.008358,0.003544,0.022444,0.048188,20.75,0.38103,0.91849,1.65175,straight,gentle
MVI_40162,36,106,866,971,865.12,863.65,0.9983,12.54,62.35,4.818,120.46,0.004925,0.001174,0.014118,0.051929,19.26,0.21328,0.69382,2.10897,straight,gentle
MVI_40162,37,96,876,971,738.94,738.57,0.9995,3.01,38.22,5.201,130.02,0.002172,0.001012,0.005929,0.01032,96.9,0.16767,0.44259,0.79212,straight,straight
MVI_40162,38,101,901,1001,759.55,754.14,0.9929,8.48,81.44,4.3,107.49,0.006268,0.001974,0.021645,0.050816,19.68,0.33143,1.03046,1.34075,straight,straight
MVI_40162,39,106,916,1021,591.52,586.18,0.991,44.87,108.15,3.593,89.81,0.007113,0.00252,0.015742,0.052552,19.03,0.28519,1.37169,2.24549,curved,gentle
MVI_40162,40,741,926,1666,859.26,723.13,0.8416,1.85,1355.55,0.437,10.93,0.043488,0.019373,0.096609,0.595038,1.68,0.71119,2.44686,7.96919,static,static
MVI_40162,41,96,931,1026,758.31,757.65,0.9991,4.64,43.44,5.636,140.89,0.002699,0.000955,0.00759,0.016067,62.24,0.15709,0.60341,1.6379,straight,straight
MVI_40162,42,121,956,1076,690.47,683.1,0.9893,16.26,114.09,2.882,72.05,0.009083,0.003935,0.023957,0.050015,19.99,0.43018,1.07917,1.72519,straight,gentle
MVI_40162,43,106,971,1076,884.73,883.25,0.9983,4.6,66.99,4.682,117.05,0.004675,0.001739,0.014314,0.033274,30.05,0.28556,0.89876,1.56801,straight,straight
MVI_40162,44,121,971,1091,763.18,761.62,0.998,4.09,82.77,4.618,115.45,0.004561,0.001839,0.011089,0.037564,26.62,0.28288,0.81562,1.50649,straight,straight
MVI_40162,45,121,1006,1126,878.42,876.94,0.9983,5.67,65.91,4.747,118.66,0.004748,0.001461,0.016393,0.036101,27.7,0.17276,0.81383,1.74386,straight,straight
MVI_40162,46,96,1011,1106,756.12,754.89,0.9984,22.6,69.94,5.297,132.42,0.00538,0.001891,0.018944,0.026672,37.49,0.3197,0.98242,1.66572,curved,gentle
MVI_40162,47,116,1016,1131,719.7,718.86,0.9988,21.85,74.62,4.632,115.8,0.004249,0.001908,0.012108,0.019624,50.96,0.23623,0.76583,1.9981,curved,gentle
MVI_40162,48,111,1021,1131,654.69,650.26,0.9932,22.21,89.44,3.403,85.08,0.00677,0.002984,0.013692,0.051043,19.59,0.30316,0.96553,1.60977,curved,gentle
MVI_40162,49,111,1051,1161,831.15,829.36,0.9978,12.21,71.67,4.776,119.41,0.005944,0.000877,0.020708,0.046962,21.29,0.14394,1.25112,2.09964,straight,gentle
MVI_40162,50,126,1076,1201,721.7,720.95,0.9989,3.45,74.75,3.916,97.89,0.004716,0.001112,0.015328,0.025848,38.69,0.1969,0.8382,1.27536,straight,straight
MVI_40162,51,111,1086,1196,756.51,752.35,0.9945,7.07,67.31,3.723,93.08,0.003415,0.002245,0.00779,0.010702,93.44,0.27175,0.71564,1.15322,straight,straight
MVI_40162,52,116,1111,1226,725.28,723.03,0.9969,6.88,86.97,5.036,125.9,0.005195,0.001671,0.016471,0.036887,27.11,0.16611,1.33556,3.3716,straight,straight
MVI_40162,53,101,1111,1211,786.49,785.51,0.9988,15.57,54.07,5.364,134.1,0.002684,0.001651,0.007377,0.014137,70.74,0.23144,0.60724,1.79737,straight,gentle
MVI_40162,54,131,1126,1256,592.52,584.51,0.9865,10.41,203.28,2.57,64.25,0.015618,0.005025,0.053134,0.079652,12.55,0.53948,1.78721,3.04738,straight,gentle
MVI_40162,55,141,1151,1291,652.18,646.13,0.9907,11.94,144.88,2.806,70.15,0.012852,0.004204,0.032428,0.139428,7.17,0.45441,1.27813,2.94006,straight,gentle
MVI_40162,56,111,1156,1266,827.88,825.87,0.9976,9.35,67.45,4.16,103.99,0.004373,0.001639,0.010435,0.03772,26.51,0.28039,0.74066,1.98155,straight,straight
MVI_40162,57,106,1166,1271,772.48,771.74,0.999,6.09,41.2,5.434,135.86,0.00248,0.000675,0.007221,0.019151,52.22,0.12137,0.49915,0.76289,straight,straight
MVI_40162,58,141,1191,1331,733.26,726.44,0.9907,27.95,143.89,2.9,72.5,0.016969,0.002853,0.055436,0.214668,4.66,0.31231,1.65695,3.99526,curved,gentle
MVI_40162,59,111,1201,1311,834.58,833.38,0.9986,5.47,60.49,4.222,105.56,0.003894,0.001157,0.011796,0.023436,42.67,0.21576,0.58774,0.93476,straight,straight
MVI_40162,60,111,1201,1311,787.36,785.97,0.9982,18.79,73.01,4.588,114.69,0.004452,0.001794,0.012397,0.022474,44.5,0.34016,0.68813,1.22623,straight,gentle
MVI_40162,61,106,1211,1316,728.83,727.11,0.9976,13.37,59.09,5.795,144.88,0.002761,0.001131,0.009347,0.013408,74.58,0.18944,0.65664,1.02122,straight,gentle
MVI_40162,62,106,1261,1366,590.67,586.61,0.9931,24.88,115.87,3.545,88.63,0.010861,0.003605,0.02823,0.094413,10.59,0.425,1.26554,2.58175,curved,gentle
MVI_40162,63,111,1261,1371,734.15,733.35,0.9989,3.44,59.23,5.161,129.03,0.003867,0.00155,0.009744,0.019486,51.32,0.21396,0.75022,1.04671,straight,straight
MVI_40162,64,101,1271,1371,817.54,815.66,0.9977,18.72,67.08,4.441,111.02,0.003759,0.001669,0.009602,0.019703,50.75,0.2826,0.71605,1.25739,straight,gentle
MVI_40162,65,121,1281,1401,794.38,792.87,0.9981,2.86,105.42,4.22,105.5,0.007206,0.002748,0.021128,0.041186,24.28,0.39018,1.04805,2.22533,straight,straight
MVI_40162,66,111,1306,1416,828.87,824.31,0.9945,13.38,77.51,4.175,104.39,0.005604,0.002414,0.014654,0.041149,24.3,0.28971,0.81434,1.17924,straight,gentle
MVI_40162,67,121,1326,1446,752.12,751.38,0.999,11.4,48.11,4.825,120.62,0.002691,0.001168,0.008176,0.016521,60.53,0.16598,0.47582,0.86031,straight,gentle
MVI_40162,68,101,1346,1446,855.23,852.58,0.9969,16.74,75.73,4.675,116.87,0.005858,0.001103,0.018847,0.07176,13.94,0.1897,1.12589,2.31892,straight,gentle
MVI_40162,69,131,1361,1491,731.5,725.08,0.9912,23.17,107.27,3.553,88.81,0.008099,0.002482,0.02793,0.042913,23.3,0.26514,1.152,1.49196,curved,gentle
MVI_40162,70,116,1376,1491,731.43,730.39,0.9986,9.6,59.5,5.341,133.52,0.003057,0.001361,0.007299,0.021926,45.61,0.20248,0.64972,1.2906,straight,straight
MVI_40162,71,106,1386,1491,860.84,858.95,0.9978,9.02,84.79,4.754,118.84,0.005629,0.002679,0.014227,0.027713,36.08,0.3573,0.84186,1.10088,straight,straight
MVI_40162,72,121,1406,1526,782.17,779.18,0.9962,11.01,88.28,5.033,125.83,0.00403,0.001911,0.009922,0.03051,32.78,0.26707,0.93272,1.77918,straight,gentle
MVI_40162,73,131,1421,1551,819.83,818.61,0.9985,2.37,81.02,4.52,113.0,0.004883,0.001802,0.012607,0.037888,26.39,0.26628,0.77977,1.79151,straight,straight
MVI_40162,74,126,1436,1561,636.87,630.08,0.9893,23.17,130.98,3.205,80.12,0.009666,0.003493,0.029132,0.038352,26.07,0.48624,1.14884,1.54695,curved,gentle
MVI_40162,75,126,1461,1586,753.55,752.13,0.9981,20.29,92.48,4.372,109.31,0.006252,0.001586,0.01228,0.082728,12.09,0.24532,0.69379,2.62481,curved,gentle
MVI_40162,76,116,1471,1586,753.05,752.31,0.999,13.11,66.57,4.08,102.0,0.004622,0.00097,0.01566,0.020906,47.83,0.16037,0.8246,1.33231,straight,gentle
MVI_40162,77,101,1471,1571,830.94,828.16,0.9967,2.5,77.51,4.962,124.05,0.006835,0.001526,0.018973,0.06433,15.54,0.25642,0.94817,2.04959,straight,straight
MVI_40162,78,131,1471,1601,674.64,667.79,0.9898,15.41,119.69,2.732,68.3,0.011395,0.003791,0.036298,0.071402,14.01,0.33087,1.1852,1.91168,straight,gentle
MVI_40162,79,131,1486,1616,748.72,747.35,0.9982,33.26,101.19,4.249,106.23,0.005478,0.001505,0.017539,0.033256,30.07,0.22599,1.06407,2.5452,curved,gentle
MVI_40162,80,106,1541,1646,642.6,636.99,0.9913,18.63,78.63,3.902,97.54,0.005534,0.002646,0.014545,0.032343,30.92,0.35222,0.98849,1.52933,straight,gentle
MVI_40162,81,121,1546,1666,787.18,785.44,0.9978,7.74,78.28,4.561,114.02,0.004509,0.001843,0.012642,0.029775,33.58,0.25187,0.9273,1.77221,straight,straight
MVI_40162,82,121,1561,1681,726.96,718.41,0.9882,23.46,86.83,3.33,83.24,0.007914,0.002125,0.01672,0.122521,8.16,0.26345,1.05602,2.34786,curved,gentle
MVI_40162,83,106,1586,1691,866.01,864.62,0.9984,17.23,74.33,4.537,113.44,0.007295,0.002202,0.012872,0.133356,7.5,0.2948,0.83957,2.76012,straight,gentle
MVI_40162,84,121,1606,1726,793.87,792.26,0.998,0.01,79.58,4.437,110.91,0.004944,0.00156,0.016472,0.033987,29.42,0.24906,0.84248,1.66227,straight,straight
MVI_40162,85,131,1611,1741,729.33,721.93,0.9899,4.42,95.74,3.211,80.28,0.007107,0.002449,0.023478,0.042708,23.41,0.27318,1.07519,2.16484,straight,straight
MVI_40162,86,106,1616,1721,804.19,802.36,0.9977,54.29,87.04,4.345,108.64,0.011509,0.001453,0.011616,0.3145,3.18,0.19158,0.82905,5.49544,curved,sharp
MVI_40162,87,120,1646,1765,568.84,563.98,0.9915,58.32,103.16,2.845,71.13,0.009577,0.002967,0.01674,0.19841,5.04,0.25261,1.26618,2.99432,curved,sharp
MVI_40162,88,115,1651,1765,773.7,771.04,0.9966,60.42,124.19,4.48,112.0,0.010155,0.0027,0.037256,0.112762,8.87,0.27241,1.72755,3.32039,curved,sharp
MVI_40162,89,75,1691,1765,686.74,685.91,0.9988,7.62,30.07,8.045,201.13,0.001319,0.000859,0.003261,0.004228,236.5,0.20079,0.38075,0.48539,straight,straight
MVI_40171,1,26,1,26,661.62,661.48,0.9998,4.73,5.88,25.178,629.46,0.000224,0.000117,0.000624,0.000757,1320.43,0.07882,0.30019,0.34149,straight,straight
MVI_40171,2,66,1,66,850.74,850.49,0.9997,4.02,19.54,13.251,331.27,0.000519,0.000441,0.001087,0.001552,644.15,0.10451,0.37518,0.51001,straight,straight
MVI_40171,3,6,1,6,6.6,6.6,1.0,0.0,0.0,1.319,32.98,0.0,0.0,0.0,0.0,5373104481795.1,0.0,0.0,0.0,unknown,unknown
MVI_40171,4,106,1,106,320.65,316.3,0.9865,0.69,118.77,2.749,68.72,0.009308,0.007641,0.019992,0.039224,25.49,0.52095,1.13971,2.49823,straight,straight
MVI_40171,5,186,1,186,860.75,846.49,0.9834,61.39,270.83,4.244,106.09,0.015328,0.004094,0.046924,0.120601,8.29,0.49144,1.80232,3.78594,curved,sharp
MVI_40171,6,71,31,101,895.13,894.58,0.9994,29.13,46.95,11.333,283.33,0.005323,0.000298,0.002732,0.178104,5.61,0.09089,0.5952,7.21103,curved,gentle
MVI_40171,7,56,36,91,891.43,890.97,0.9995,4.72,30.65,14.528,363.2,0.002087,0.000355,0.006463,0.021059,47.48,0.17071,0.80886,1.59036,straight,straight
MVI_40171,8,726,76,801,988.76,923.41,0.9339,326.78,1420.48,0.721,18.03,0.0343,0.017714,0.090131,0.525265,1.9,1.00172,2.68276,6.65992,curved,sharp
MVI_40171,9,61,116,176,883.95,883.67,0.9997,3.93,16.95,13.562,339.05,0.000593,0.000293,0.001461,0.003494,286.19,0.13071,0.22656,0.54744,straight,straight
MVI_40171,10,121,136,256,886.42,876.81,0.9892,19.98,108.27,7.443,186.08,0.005076,0.001104,0.008062,0.071509,13.98,0.21496,1.00411,3.3089,straight,gentle
MVI_40171,11,91,151,241,941.49,940.29,0.9987,12.64,54.19,9.665,241.62,0.004328,0.000637,0.003668,0.144841,6.9,0.16959,0.59868,4.2039,straight,gentle
MVI_40171,12,61,161,221,932.72,932.35,0.9996,11.02,27.64,14.36,358.99,0.001789,0.000173,0.004033,0.015523,64.42,0.09467,0.62299,1.33115,straight,gentle
MVI_40171,13,96,181,276,946.78,945.33,0.9985,39.37,58.29,9.043,226.06,0.003271,0.000541,0.005737,0.033599,29.76,0.12839,0.7611,1.8821,curved,gentle
MVI_40171,14,86,221,306,918.59,917.74,0.9991,18.62,57.42,9.286,232.15,0.003501,0.00063,0.015786,0.023552,42.46,0.17694,1.01358,1.42003,straight,gentle
MVI_40171,15,66,226,291,924.6,924.22,0.9996,0.87,18.82,13.098,327.45,0.000652,0.000332,0.001981,0.0035,285.73,0.10535,0.29407,0.60108,straight,straight
MVI_40171,16,61,261,321,866.13,865.99,0.9998,8.15,16.46,13.262,331.56,0.001118,0.000221,0.002494,0.009655,103.57,0.09264,0.25674,0.71282,straight,straight
MVI_40171,17,76,266,341,933.8,933.28,0.9994,10.33,30.21,11.414,285.36,0.001797,0.000489,0.002238,0.038072,26.27,0.15173,0.37087,1.52895,straight,gentle
MVI_40171,18,786,346,1131,968.66,910.85,0.9403,13.53,1184.11,0.319,7.96,0.040909,0.014043,0.089116,0.817609,1.22,0.51552,1.92058,12.04057,static,static
MVI_40171,19,61,351,411,888.22,887.96,0.9997,14.38,18.7,13.828,345.7,0.000944,0.000181,0.002044,0.00744,134.41,0.07341,0.53254,0.70654,straight,gentle
MVI_40171,20,66,391,456,883.75,883.18,0.9994,5.23,27.81,12.62,315.5,0.001137,0.000279,0.004622,0.006011,166.37,0.11408,0.54171,0.93135,straight,straight
MVI_40171,21,66,466,531,878.84,878.45,0.9996,3.53,19.28,12.097,302.43,0.000903,0.000314,0.002378,0.005752,173.84,0.08023,0.43342,0.77158,straight,straight
MVI_40171,22,71,486,556,890.35,889.9,0.9995,10.65,37.47,11.736,293.39,0.002321,0.000447,0.009089,0.019506,51.27,0.13464,0.8217,1.1773,straight,gentle
MVI_40171,23,66,526,591,901.55,900.93,0.9993,8.1,32.73,12.838,320.95,0.001345,0.00043,0.004963,0.006143,162.79,0.16021,0.60365,1.33545,straight,straight
MVI_40171,24,31,566,596,841.64,839.25,0.9972,29.68,29.93,28.684,717.09,0.001746,0.000424,0.003786,0.019448,51.42,0.38137,0.92564,2.75598,curved,gentle
MVI_40171,25,66,596,661,932.15,931.33,0.9991,19.0,45.0,13.495,337.37,0.002991,0.00036,0.008161,0.027803,35.97,0.13052,1.12952,2.24204,straight,gentle
MVI_40171,26,56,621,676,904.16,903.58,0.9994,17.31,24.05,14.815,370.37,0.001397,0.000422,0.003542,0.018236,54.84,0.15071,0.52247,1.26308,straight,gentle
MVI_40171,27,76,621,696,893.23,892.65,0.9994,25.8,39.68,10.805,270.13,0.002665,0.00032,0.006022,0.060967,16.4,0.12359,0.76552,2.7665,curved,gentle
MVI_40171,28,76,651,726,921.09,920.54,0.9994,21.11,36.41,11.426,285.65,0.001909,0.000569,0.002559,0.051775,19.31,0.16548,0.53117,1.99046,curved,gentle
MVI_40171,29,56,651,706,916.89,916.29,0.9993,4.49,30.9,15.317,382.92,0.001629,0.000268,0.006506,0.01044,95.78,0.13935,0.92565,1.1193,straight,straight
MVI_40171,30,66,691,756,892.93,892.05,0.999,19.62,37.65,12.868,321.71,0.001304,0.000337,0.003479,0.01437,69.59,0.14796,0.70033,3.24087,straight,gentle
MVI_40171,31,96,761,856,922.01,921.49,0.9994,6.94,31.01,9.46,236.49,0.001006,0.000584,0.002629,0.004395,227.54,0.15842,0.31595,0.39519,straight,straight
MVI_40171,32,56,781,836,894.13,893.92,0.9998,12.43,20.17,15.272,381.8,0.001579,0.000167,0.003202,0.02922,34.22,0.07691,0.47147,1.67908,straight,gentle
MVI_40171,33,91,801,891,924.11,922.86,0.9986,36.01,73.36,9.82,245.5,0.004328,0.00065,0.010307,0.040055,24.97,0.19547,0.93809,2.47723,curved,gentle
MVI_40171,34,71,876,946,934.94,934.72,0.9998,5.57,23.05,13.242,331.06,0.001114,0.000304,0.003122,0.013989,71.49,0.12297,0.41014,0.97144,straight,straight
MVI_40171,35,76,911,986,935.48,934.27,0.9987,6.91,34.04,12.576,314.4,0.001822,0.00047,0.004638,0.033198,30.12,0.12919,0.53284,1.74349,straight,straight
MVI_40171,36,66,916,981,939.52,938.86,0.9993,4.1,26.55,13.755,343.87,0.001019,0.000532,0.002717,0.006229,160.53,0.19656,0.40895,0.89912,straight,straight
MVI_40171,37,66,951,1016,877.69,877.17,0.9994,16.9,34.03,13.133,328.32,0.00255,0.000279,0.004356,0.057353,17.44,0.09516,0.66476,3.27807,straight,gentle
MVI_40171,38,185,966,1150,199.26,191.73,0.9622,31.01,435.95,0.846,21.16,0.067112,0.021542,0.193328,0.544185,1.84,0.66354,3.45482,9.17806,curved,gentle
MVI_40171,39,71,1016,1086,921.64,920.88,0.9992,7.21,32.46,12.753,318.82,0.001601,0.000409,0.006214,0.013275,75.33,0.13849,0.64746,0.95782,straight,straight
MVI_40171,40,45,1106,1150,796.75,796.4,0.9996,15.65,25.33,16.449,411.23,0.002575,0.000309,0.003174,0.053764,18.6,0.11638,0.508,3.29691,straight,gentle
MVI_40171,41,1150,1,1150,95.61,73.99,0.7739,0.11,0.78,0.083,2.07,0.012058,0.010253,0.023051,0.025422,39.34,0.18466,0.35714,0.38421,static,static
MVI_40171,42,1150,1,1150,124.24,79.23,0.6378,,,0.091,2.28,,,,,,,,,static,static
MVI_40171,43,1150,1,1150,97.6,70.92,0.7267,,,0.069,1.74,,,,,,,,,static,static
MVI_40171,44,1150,1,1150,129.96,64.83,0.4988,,,0.081,2.03,,,,,,,,,static,static
MVI_40172,1,96,1,96,660.13,658.92,0.9982,18.27,49.28,6.746,168.65,0.001578,0.000793,0.003769,0.006639,150.62,0.15998,0.57146,1.27474,straight,gentle
MVI_40172,2,16,1,16,309.95,305.86,0.9868,18.33,29.62,19.69,492.25,0.001813,0.001655,0.00283,0.003972,251.77,0.84312,1.51212,1.59285,straight,gentle
MVI_40172,3,106,11,116,910.11,907.47,0.9971,38.43,105.98,8.395,209.87,0.005509,0.000992,0.01536,0.052221,19.15,0.24141,1.39725,2.72975,curved,gentle
MVI_40172,4,26,26,51,795.89,793.35,0.9968,24.16,24.16,32.677,816.93,0.000795,0.000486,0.002016,0.004724,211.66,0.4173,0.82811,1.46473,curved,gentle
MVI_40172,5,392,31,422,920.35,890.48,0.9675,4.01,486.67,1.497,37.42,0.024595,0.01004,0.06722,0.184556,5.42,0.58399,2.14276,4.41622,curved,straight
MVI_40172,6,21,56,76,386.27,379.8,0.9832,19.13,37.96,20.058,501.45,0.002062,0.00204,0.003349,0.00493,202.85,0.75029,1.41825,1.55805,straight,gentle
MVI_40172,7,76,81,156,885.38,884.8,0.9993,16.35,46.11,10.403,260.08,0.003024,0.000587,0.007355,0.035164,28.44,0.15036,0.85925,2.0527,straight,gentle
MVI_40172,8,21,151,171,535.3,525.5,0.9817,44.58,45.97,29.141,728.52,0.002514,0.001607,0.006272,0.014037,71.24,1.12606,2.24251,3.83708,curved,gentle
MVI_40172,9,36,216,251,870.09,866.44,0.9958,29.18,37.2,24.595,614.88,0.001731,0.000435,0.004162,0.017936,55.75,0.29727,1.16631,3.09944,curved,gentle
MVI_40172,10,26,216,241,607.59,597.97,0.9842,36.76,43.85,26.634,665.86,0.00191,0.001389,0.004654,0.008656,115.52,0.8056,1.44784,2.19328,curved,gentle
MVI_40172,11,26,276,301,517.43,507.29,0.9804,21.57,38.54,20.257,506.42,0.001802,0.001917,0.003515,0.004759,210.14,0.72764,1.25932,1.44579,curved,gentle
MVI_40172,12,36,291,326,834.85,831.13,0.9955,41.95,44.04,24.478,611.94,0.002176,0.000459,0.005961,0.023413,42.71,0.3435,1.55184,3.87624,curved,gentle
MVI_40172,13,6,306,311,52.07,52.07,1.0,0.0,0.01,10.413,260.33,4e-06,4e-06,7e-06,7e-06,152778.69,0.00095,0.0017,0.0017,unknown,unknown
MVI_40172,14,36,326,361,854.95,850.94,0.9953,32.65,33.93,24.776,619.39,0.001654,0.000302,0.004251,0.016891,59.2,0.21441,1.11221,2.7987,curved,gentle
MVI_40172,15,26,396,421,547.69,537.04,0.9806,20.87,39.32,21.997,549.93,0.001355,0.000828,0.003537,0.004418,226.36,0.52254,1.70975,2.15114,curved,gentle
MVI_40172,16,227,220,446,920.47,917.57,0.9969,23.26,94.29,4.106,102.66,0.002412,4e-06,0.009151,0.032454,30.81,0.00042,0.92237,1.95749,curved,gentle
MVI_40172,17,41,446,486,882.4,879.24,0.9964,34.47,42.28,21.831,545.76,0.002078,0.000285,0.005967,0.022934,43.6,0.18349,1.52198,3.7343,curved,gentle
MVI_40172,18,31,486,516,652.8,638.85,0.9786,26.92,42.55,23.59,589.76,0.001336,0.00062,0.004164,0.004202,238.01,0.40827,1.52562,1.753,curved,gentle
MVI_40172,19,31,521,551,548.29,540.29,0.9854,23.16,28.9,19.174,479.34,0.000984,0.000836,0.001894,0.002201,454.42,0.28401,0.95169,1.13308,curved,gentle
MVI_40172,20,46,526,571,907.82,905.11,0.997,20.95,24.32,20.082,502.04,0.000864,0.000232,0.0026,0.004079,245.17,0.13626,0.5454,0.8932,curved,gentle
MVI_40172,21,31,621,651,689.14,678.35,0.9843,22.4,29.67,22.684,567.1,0.000934,0.000644,0.002394,0.002973,336.38,0.20161,1.2868,1.48223,curved,gentle
MVI_40172,22,41,641,681,925.14,921.98,0.9966,23.36,40.03,23.036,575.89,0.001621,0.000375,0.004202,0.015297,65.37,0.28402,1.0947,2.59069,curved,gentle
MVI_40172,23,46,646,691,890.89,890.81,0.9999,9.29,12.18,18.92,473.01,0.000863,0.000116,0.001347,0.017123,58.4,0.05394,0.29307,1.60298,straight,straight
MVI_40172,24,36,716,751,803.13,797.61,0.9931,19.29,25.6,25.216,630.39,0.000721,0.000479,0.001934,0.003099,322.64,0.146,0.82201,1.01828,straight,gentle
MVI_40172,25,101,746,846,907.79,906.11,0.9981,1.27,72.83,8.877,221.93,0.003122,0.000752,0.007809,0.024799,40.32,0.20798,0.87371,2.16405,straight,straight
MVI_40172,26,41,766,806,892.74,888.84,0.9956,12.61,28.02,22.569,564.21,0.000723,0.000285,0.002272,0.003294,303.54,0.21557,0.81586,1.03599,straight,gentle
MVI_40172,27,46,806,851,767.61,757.82,0.9872,16.72,35.45,17.786,444.64,0.000838,0.000502,0.001948,0.002858,349.91,0.26712,0.80903,0.96961,straight,gentle
MVI_40172,28,36,846,881,866.23,863.62,0.997,37.79,38.4,26.334,658.36,0.002164,0.000197,0.006083,0.02506,39.9,0.15718,1.57204,4.05442,curved,gentle
MVI_40172,29,31,851,881,434.63,425.36,0.9787,30.66,47.15,14.803,370.08,0.002173,0.00218,0.003887,0.005034,198.65,0.65654,1.39013,1.73852,curved,gentle
MVI_40172,30,31,936,966,804.17,800.85,0.9959,33.54,33.71,27.66,691.5,0.001606,0.00046,0.003965,0.016491,60.64,0.32702,1.18549,3.06583,curved,gentle
MVI_40172,31,26,951,976,421.08,415.74,0.9873,8.42,37.83,16.975,424.38,0.001971,0.001736,0.004039,0.004314,231.82,0.64436,1.39677,1.57453,straight,straight
MVI_40172,32,36,976,1011,781.23,772.52,0.9889,21.03,34.49,23.115,577.88,0.000904,0.000661,0.0019,0.002791,358.32,0.39039,0.8225,0.91755,curved,gentle
MVI_40172,33,16,991,1006,102.38,95.78,0.9355,68.37,68.37,6.643,166.06,0.014718,0.016299,0.029924,0.03107,32.19,2.69097,3.88508,3.98368,curved,sharp
MVI_40172,34,36,1041,1076,643.37,632.64,0.9833,23.69,31.04,20.43,510.74,0.000882,0.000348,0.002216,0.002598,384.94,0.15778,1.03539,1.20925,curved,gentle
MVI_40172,35,46,1051,1096,906.95,906.11,0.9991,19.67,21.72,19.393,484.83,0.001103,0.000187,0.002193,0.014254,70.16,0.10118,0.50087,1.62212,straight,gentle
MVI_40172,36,41,1101,1141,862.48,862.2,0.9997,3.73,9.23,21.774,544.36,0.000306,0.000154,0.000966,0.001493,669.6,0.06059,0.26869,0.47646,straight,straight
MVI_40172,37,91,1101,1191,929.54,928.29,0.9987,26.33,67.27,9.57,239.25,0.004596,0.000675,0.007992,0.046073,21.7,0.21335,0.63639,2.32292,curved,gentle
MVI_40172,38,16,1196,1211,424.71,413.74,0.9742,54.67,54.67,28.229,705.72,0.003362,0.002074,0.008641,0.01165,85.83,1.4538,3.54502,4.3335,curved,sharp
MVI_40172,39,81,1221,1301,928.68,927.65,0.9989,0.36,37.76,11.931,298.27,0.001497,0.000253,0.005352,0.008758,114.18,0.08107,0.74146,0.95688,straight,straight
MVI_40172,40,71,1276,1346,911.57,911.1,0.9995,6.7,25.97,12.364,309.1,0.000733,0.000436,0.001785,0.004231,236.34,0.1189,0.40615,1.06214,straight,straight
MVI_40172,41,41,1286,1326,891.64,891.34,0.9997,16.01,18.32,21.424,535.61,0.001088,0.000129,0.002587,0.013678,73.11,0.08251,0.65218,1.69444,straight,gentle
MVI_40172,42,21,1306,1326,504.19,494.9,0.9816,43.98,48.81,27.353,683.82,0.002603,0.001197,0.007221,0.009935,100.65,0.81847,2.61254,3.23189,curved,gentle
MVI_40172,43,71,1341,1411,929.54,929.1,0.9995,18.49,27.84,13.262,331.55,0.001514,0.000386,0.001533,0.03062,32.66,0.14927,0.3565,1.96379,straight,gentle
MVI_40172,44,46,1341,1386,912.1,909.13,0.9967,3.13,39.15,20.655,516.38,0.001382,0.000654,0.00345,0.006459,154.82,0.42659,0.86937,1.39992,straight,straight
MVI_40172,45,21,1371,1391,421.72,411.26,0.9752,29.53,32.91,21.608,540.21,0.001418,0.000616,0.004332,0.004791,208.74,0.20898,1.87171,2.13582,curved,gentle
MVI_40172,46,46,1381,1426,944.44,941.43,0.9968,10.13,23.88,21.961,549.02,0.000708,0.000281,0.002146,0.002736,365.46,0.1604,0.58067,0.82052,straight,gentle
MVI_40172,47,51,1406,1456,862.64,862.32,0.9996,8.86,23.83,16.734,418.34,0.001333,0.000258,0.005012,0.011538,86.67,0.14855,0.72796,1.26914,straight,straight
MVI_40172,48,56,1426,1481,925.13,924.46,0.9993,20.31,34.42,16.789,419.72,0.002175,0.000288,0.003503,0.045609,21.93,0.13259,0.70029,3.79401,curved,gentle
MVI_40172,49,26,1441,1466,520.05,512.65,0.9858,9.8,38.62,21.479,536.98,0.001781,0.001652,0.003232,0.005287,189.16,0.69224,1.31483,1.43926,straight,straight
MVI_40172,50,51,1451,1501,936.17,935.99,0.9998,0.43,13.97,18.74,468.51,0.000485,0.000246,0.00134,0.002103,475.55,0.12867,0.24253,0.72814,straight,straight
MVI_40172,51,81,1451,1531,962.16,959.67,0.9974,39.78,74.29,12.49,312.26,0.003822,0.000476,0.016578,0.027726,36.07,0.1725,1.60243,2.44022,curved,gentle
MVI_40172,52,21,1471,1491,430.39,422.24,0.9811,30.83,35.88,21.655,541.37,0.001838,0.001877,0.003572,0.004218,237.07,0.76493,1.6462,1.80906,curved,gentle
MVI_40172,53,46,1476,1521,940.59,937.14,0.9963,15.83,41.15,21.614,540.34,0.001355,0.000652,0.002655,0.012058,82.93,0.36436,0.73394,1.71298,straight,gentle
MVI_40172,54,71,1486,1556,913.1,912.75,0.9996,1.65,29.4,12.179,304.47,0.00114,0.000462,0.003787,0.006131,163.11,0.16952,0.51537,0.86839,straight,straight
MVI_40172,55,26,1511,1536,520.52,511.61,0.9829,19.62,35.81,22.372,559.31,0.001339,0.000936,0.002848,0.003531,283.23,0.49434,1.24654,1.45212,straight,gentle
MVI_40172,56,61,1531,1591,887.27,887.01,0.9997,15.45,22.64,14.512,362.8,0.001442,0.000207,0.002263,0.031735,31.51,0.08215,0.41542,2.47712,straight,gentle
MVI_40172,57,51,1541,1591,876.74,876.43,0.9996,14.46,21.18,16.949,423.74,0.001146,0.000404,0.002543,0.013127,76.18,0.15201,0.57247,1.31913,straight,gentle
MVI_40172,58,21,1561,1581,434.69,424.02,0.9755,39.29,41.71,22.734,568.35,0.002144,0.002434,0.003924,0.005421,184.47,1.04962,1.715,1.84987,curved,gentle
MVI_40172,59,66,1566,1631,901.83,901.54,0.9997,15.95,24.46,13.386,334.66,0.001408,0.000165,0.003159,0.02303,43.42,0.05443,0.48797,2.01801,straight,gentle
MVI_40172,60,66,1611,1676,889.21,888.15,0.9988,11.48,33.83,13.215,330.36,0.001158,0.000722,0.002409,0.005988,167.01,0.26167,0.54718,1.0201,straight,gentle
MVI_40172,61,36,1616,1651,876.38,874.99,0.9984,19.63,19.72,25.964,649.11,0.00092,0.000263,0.001863,0.009445,105.87,0.19543,0.51722,1.44151,straight,gentle
MVI_40172,62,31,1621,1651,658.82,651.0,0.9881,4.63,54.09,22.093,552.32,0.002558,0.001373,0.005865,0.01301,76.86,0.63604,1.86023,2.4751,straight,straight
MVI_40172,63,46,1626,1671,833.69,833.44,0.9997,8.8,19.26,18.708,467.7,0.001229,0.000166,0.004417,0.013546,73.82,0.0864,0.7229,1.52798,straight,straight
MVI_40172,64,66,1651,1716,888.59,887.63,0.9989,39.43,53.2,13.143,328.57,0.003209,0.000295,0.00829,0.053744,18.61,0.09589,1.36374,3.64399,curved,gentle
MVI_40172,65,46,1666,1711,868.2,861.02,0.9917,12.49,30.84,22.507,562.68,0.000724,0.0003,0.002156,0.003534,282.95,0.13802,0.8335,1.32186,straight,gentle
MVI_40172,66,41,1671,1711,168.74,126.33,0.7487,100.69,444.02,2.667,66.69,0.077876,0.004398,0.262769,0.303116,3.3,0.48972,5.08689,6.59025,curved,sharp
MVI_40172,67,41,1681,1721,870.32,869.45,0.999,5.07,21.28,22.03,550.75,0.000977,0.000258,0.001881,0.011465,87.22,0.11117,0.66117,1.32946,straight,straight
MVI_40172,68,71,1716,1786,923.61,922.59,0.9989,20.23,52.95,12.93,323.26,0.002475,0.000531,0.009065,0.018422,54.28,0.16073,1.21337,1.74726,curved,gentle
MVI_40172,69,36,1771,1806,812.04,806.13,0.9927,26.07,26.14,25.044,626.1,0.000871,0.00065,0.002088,0.003252,307.49,0.33124,0.66518,0.87162,curved,gentle
MVI_40172,70,36,1816,1851,877.6,875.24,0.9973,28.78,44.35,25.187,629.68,0.002859,0.000314,0.005465,0.04134,24.19,0.27988,1.50577,5.66993,curved,gentle
MVI_40172,71,26,1846,1871,438.83,429.51,0.9788,22.27,31.55,16.71,417.76,0.00127,0.000735,0.00348,0.004138,241.67,0.22995,1.59692,1.81561,curved,gentle
MVI_40172,72,26,1916,1941,518.51,508.18,0.9801,26.16,31.34,21.646,541.14,0.001146,0.000291,0.003681,0.004206,237.78,0.19866,1.64327,1.84705,curved,gentle
MVI_40172,73,36,1921,1956,836.44,834.47,0.9976,28.01,28.38,24.481,612.02,0.001524,0.000167,0.004124,0.018436,54.24,0.09054,1.11925,3.0481,curved,gentle
MVI_40172,74,36,1966,2001,871.28,868.0,0.9962,30.41,42.93,24.792,619.8,0.002088,0.000434,0.005125,0.023118,43.26,0.32446,1.5091,4.13593,curved,gentle
MVI_40172,75,31,1991,2021,494.71,481.88,0.9741,16.49,47.36,16.915,422.87,0.002148,0.001002,0.005281,0.006318,158.28,0.38818,1.76599,2.28223,straight,gentle
MVI_40172,76,46,2021,2066,949.64,947.62,0.9979,2.86,27.95,21.611,540.27,0.000608,0.000248,0.001618,0.002135,468.4,0.15858,0.85345,0.86737,straight,straight
MVI_40172,77,36,2031,2066,531.77,523.8,0.985,16.8,34.56,15.201,380.02,0.001094,0.000641,0.00337,0.004342,230.3,0.24228,1.3075,1.70271,straight,gentle
MVI_40172,78,81,2036,2116,940.41,938.72,0.9982,12.32,56.97,12.29,307.25,0.00251,0.001085,0.007966,0.016198,61.74,0.32274,0.73767,1.33871,straight,gentle
MVI_40172,79,201,2066,2266,929.3,923.75,0.994,40.32,224.86,4.511,112.79,0.008625,0.003543,0.018254,0.093757,10.67,0.4343,1.39715,3.12836,curved,gentle
MVI_40172,80,71,2086,2156,870.61,869.89,0.9992,12.8,28.7,11.61,290.25,0.001067,0.000388,0.002559,0.007385,135.42,0.1278,0.38297,0.98021,straight,gentle
MVI_40172,81,46,2086,2131,879.73,874.79,0.9944,19.69,47.19,19.355,483.88,0.001586,0.000773,0.004423,0.00511,195.69,0.45511,0.94873,1.62803,straight,gentle
MVI_40172,82,36,2146,2181,871.12,870.86,0.9997,5.05,9.88,25.383,634.58,0.000257,0.000198,0.000548,0.000976,1024.46,0.10129,0.31995,0.52457,straight,straight
MVI_40172,83,51,2156,2206,865.77,865.15,0.9993,1.27,29.85,17.168,429.21,0.002027,0.000455,0.004514,0.025634,39.01,0.20704,0.77939,1.87031,straight,straight
MVI_40172,84,56,2181,2236,870.49,870.29,0.9998,8.72,20.35,15.718,392.94,0.001528,0.000283,0.002519,0.027093,36.91,0.10716,0.41772,1.84997,straight,straight
MVI_40172,85,51,2181,2231,925.07,922.08,0.9968,24.46,37.58,18.334,458.35,0.001088,0.000726,0.002477,0.003974,251.65,0.40731,0.54716,0.60363,curved,gentle
MVI_40172,86,31,2191,2221,520.39,511.89,0.9837,26.29,35.94,17.722,443.05,0.001335,0.001216,0.002671,0.002899,344.95,0.3679,1.11218,1.26378,curved,gentle
MVI_40172,87,51,2206,2256,916.41,915.89,0.9994,10.86,27.18,18.149,453.72,0.001215,0.000262,0.002917,0.015397,64.95,0.12528,0.67481,2.0457,straight,gentle
MVI_40172,88,51,2221,2271,940.9,935.34,0.9941,19.5,36.65,18.62,465.49,0.000947,0.000664,0.002081,0.003714,269.23,0.30927,0.60727,0.92157,straight,gentle
MVI_40172,89,46,2266,2311,741.48,731.99,0.9872,25.94,33.57,18.292,457.29,0.000965,0.000856,0.00202,0.002581,387.45,0.20969,0.68177,1.11769,curved,gentle
MVI_40172,90,51,2301,2351,880.56,880.2,0.9996,4.43,16.95,18.188,454.7,0.000947,0.000329,0.001123,0.015166,65.93,0.166,0.33072,1.18855,straight,straight
MVI_40172,91,31,2306,2336,537.41,532.75,0.9913,5.76,35.72,17.055,426.39,0.001412,0.000932,0.00363,0.004158,240.5,0.28179,1.26081,1.51694,straight,straight
MVI_40172,92,71,2396,2466,902.48,901.64,0.9991,11.63,36.03,11.97,299.25,0.001671,0.000489,0.004561,0.012873,77.68,0.15719,0.61635,1.50297,straight,gentle
MVI_40172,93,26,2416,2441,520.07,513.41,0.9872,23.22,24.62,22.584,564.6,0.000828,0.000349,0.001925,0.002368,422.32,0.22546,0.90395,0.93298,curved,gentle
MVI_40172,94,51,2471,2521,768.94,746.56,0.9709,11.91,179.26,13.887,347.17,0.027209,0.000467,0.055482,0.961026,1.04,0.14827,4.18871,19.4707,straight,gentle
MVI_40172,95,41,2511,2551,869.26,868.85,0.9995,12.69,20.42,21.38,534.51,0.001164,0.000177,0.002509,0.016439,60.83,0.11463,0.61547,2.15519,straight,gentle
MVI_40172,96,50,2586,2635,788.88,787.97,0.9988,23.11,35.4,15.72,392.99,0.002174,0.000234,0.006836,0.021991,45.47,0.12611,1.08607,2.36799,curved,gentle
MVI_40172,97,25,2611,2635,769.16,767.98,0.9985,4.24,10.34,32.874,821.84,0.000243,0.000217,0.000548,0.000591,1691.62,0.1745,0.44676,0.55528,straight,straight
MVI_40172,99,2635,1,2635,164.95,52.91,0.3207,,,0.057,1.42,,,,,,,,,static,static
MVI_40172,100,2635,1,2635,225.51,52.11,0.2311,,,0.075,1.87,,,,,,,,,static,static
MVI_40172,101,2635,1,2635,226.92,59.74,0.2632,0.12,0.48,0.069,1.71,0.000529,0.000418,0.000979,0.001309,763.87,0.00533,0.01249,0.01671,static,static
MVI_40172,102,2635,1,2635,233.38,58.76,0.2518,0.01,0.24,0.067,1.68,0.000146,0.00012,0.000217,0.001467,681.73,0.0018,0.00326,0.02035,static,static
MVI_40172,105,2635,1,2635,81.02,30.77,0.3798,,,0.027,0.67,,,,,,,,,static,static
MVI_40181,1,1,1,1,0.0,0.0,,,,0.0,0.0,,,,,,,,,unknown,unknown
MVI_40181,2,26,1,26,184.3,183.85,0.9976,27.39,27.4,7.652,191.31,0.006182,0.000967,0.015103,0.065301,15.31,0.22249,1.38947,3.71207,curved,gentle
MVI_40181,3,326,1,326,207.17,167.89,0.8104,353.42,523.47,0.219,5.46,0.048063,0.016585,0.131407,0.438527,2.28,0.78028,2.69401,7.43855,static,static
MVI_40181,4,26,1,26,756.5,755.41,0.9986,13.44,16.91,29.941,748.51,0.00049,0.000112,0.00157,0.003056,327.26,0.09744,1.0355,1.61728,straight,gentle
MVI_40181,5,31,1,31,730.33,723.5,0.9907,31.35,42.44,26.258,656.46,0.00185,0.000529,0.004412,0.015357,65.12,0.39736,1.36718,2.9219,curved,gentle
MVI_40181,6,66,26,91,875.21,874.94,0.9997,0.04,18.58,12.295,307.37,0.000795,0.000286,0.002219,0.00755,132.45,0.10685,0.30255,0.51989,straight,straight
MVI_40181,7,36,41,76,766.8,760.9,0.9923,12.16,32.95,21.876,546.89,0.001482,0.00063,0.004278,0.008398,119.07,0.37118,0.76957,1.20759,straight,gentle
MVI_40181,8,726,41,766,849.19,822.97,0.9691,1.13,1297.25,1.038,25.96,0.044719,0.017572,0.112009,0.920685,1.09,0.74349,2.68563,11.55217,curved,straight
MVI_40181,9,16,66,81,278.11,274.34,0.9864,35.26,35.26,18.764,469.09,0.002665,0.002445,0.005189,0.006779,147.51,1.10033,1.71819,2.0553,curved,gentle
MVI_40181,10,36,66,101,938.4,937.71,0.9993,19.77,24.16,25.034,625.85,0.001179,0.000322,0.002805,0.013366,74.82,0.21083,0.91874,1.70353,straight,gentle
MVI_40181,11,76,71,146,909.92,909.13,0.9991,5.17,41.44,10.962,274.06,0.002251,0.000454,0.00677,0.019282,51.86,0.18532,0.6706,1.07654,straight,straight
MVI_40181,12,76,126,201,915.46,913.29,0.9976,20.49,45.97,10.858,271.46,0.002264,0.000435,0.01028,0.01458,68.59,0.11711,0.97469,1.15315,curved,gentle
MVI_40181,13,31,126,156,771.85,763.81,0.9896,2.99,45.91,25.217,630.43,0.001807,0.001042,0.004541,0.008579,116.56,0.71591,1.17455,1.68393,straight,straight
MVI_40181,14,71,151,221,888.69,887.92,0.9991,1.63,41.31,11.258,281.45,0.002007,0.000625,0.003696,0.034327,29.13,0.1802,0.74481,2.04099,straight,straight
MVI_40181,15,71,161,231,900.44,899.94,0.9994,24.32,34.72,11.418,285.44,0.00199,0.000245,0.006058,0.029678,33.69,0.0816,0.71097,1.71936,curved,gentle
MVI_40181,16,36,176,211,835.83,834.97,0.999,14.56,27.2,22.819,570.46,0.001734,0.000264,0.004513,0.02112,47.35,0.1693,0.9676,2.71704,straight,gentle
MVI_40181,17,71,181,251,867.04,866.61,0.9995,7.9,24.35,10.585,264.62,0.001457,0.000326,0.006639,0.010374,96.39,0.12484,0.59483,0.86794,straight,straight
MVI_40181,18,76,191,266,889.43,888.88,0.9994,9.18,28.25,10.255,256.36,0.001415,0.000274,0.007492,0.011253,88.87,0.06469,0.61542,0.93574,straight,straight
MVI_40181,19,31,196,226,740.1,731.43,0.9883,24.75,34.99,27.443,686.07,0.001176,0.000724,0.0022,0.006049,165.31,0.44966,1.03148,1.14924,curved,gentle
MVI_40181,20,41,241,281,899.6,889.53,0.9888,0.48,55.52,25.885,647.12,0.001998,0.00091,0.006194,0.010972,91.14,0.59545,1.26444,1.85124,straight,straight
MVI_40181,21,86,246,331,934.7,933.61,0.9988,2.75,48.14,10.462,261.54,0.002843,0.000551,0.012083,0.02839,35.22,0.1549,1.13363,1.59451,straight,straight
MVI_40181,22,26,296,321,428.81,422.76,0.9859,5.01,42.84,17.178,429.44,0.002129,0.002003,0.003476,0.004848,206.27,0.79969,1.28019,1.47146,straight,straight
MVI_40181,23,71,301,371,942.83,941.88,0.999,2.63,25.36,12.672,316.79,0.00086,0.000257,0.003843,0.006116,163.52,0.09819,0.40881,0.72167,straight,straight
MVI_40181,24,41,316,356,853.71,845.77,0.9907,12.64,36.05,23.404,585.11,0.001213,0.000563,0.002933,0.005451,183.44,0.3079,0.80928,0.91224,straight,gentle
MVI_40181,25,26,371,396,373.77,366.89,0.9816,20.17,36.61,15.185,379.61,0.00178,0.001299,0.00392,0.004627,216.13,0.54924,1.55339,1.79877,curved,gentle
MVI_40181,26,36,416,451,936.18,935.74,0.9995,18.82,22.36,25.284,632.11,0.001605,0.000151,0.003004,0.025796,38.77,0.12523,0.73542,3.10143,straight,gentle
MVI_40181,27,56,416,471,926.66,925.55,0.9988,13.85,33.51,15.766,394.16,0.001816,0.00026,0.00538,0.018846,53.06,0.12458,0.88609,1.38808,straight,gentle
MVI_40181,28,41,431,471,687.83,678.9,0.987,1.29,55.73,18.228,455.69,0.002603,0.001227,0.007652,0.013182,75.86,0.60776,1.28551,1.84738,straight,straight
MVI_40181,29,96,436,531,872.23,868.94,0.9962,38.45,91.09,8.946,223.66,0.004348,0.001118,0.010583,0.045734,21.87,0.24555,1.34502,2.5057,curved,gentle
MVI_40181,30,41,471,511,914.22,913.83,0.9996,16.1,18.88,21.492,537.31,0.001299,0.000129,0.002928,0.019653,50.88,0.07859,0.62879,2.23759,straight,gentle
MVI_40181,31,51,481,531,889.57,889.08,0.9995,15.36,28.23,16.538,413.46,0.001935,0.000397,0.003529,0.032084,31.17,0.17386,0.54038,2.35372,straight,gentle
MVI_40181,32,46,486,531,892.67,886.01,0.9925,15.55,63.74,20.122,503.04,0.00292,0.000886,0.009731,0.020248,49.39,0.60941,1.62937,2.64261,straight,gentle
MVI_40181,33,71,551,621,896.5,895.12,0.9985,14.89,34.64,11.214,280.34,0.001599,0.000258,0.00658,0.012774,78.29,0.10867,0.69192,1.23278,straight,gentle
MVI_40181,34,41,571,611,847.01,846.73,0.9997,12.31,16.69,20.053,501.33,0.001258,0.0001,0.003174,0.016378,61.06,0.06194,0.55517,1.65792,straight,gentle
MVI_40181,35,61,591,651,931.6,931.22,0.9996,3.45,16.91,14.84,371.01,0.000708,0.000367,0.001271,0.008253,121.16,0.14191,0.28407,0.56988,straight,straight
MVI_40181,36,61,606,666,837.29,829.05,0.9902,1.95,58.57,15.318,382.94,0.002327,0.000806,0.00892,0.013139,76.11,0.26351,1.12754,1.44274,straight,straight
MVI_40181,37,56,606,661,963.25,961.85,0.9985,10.86,40.36,17.919,447.97,0.001813,0.000456,0.005542,0.012069,82.86,0.21476,0.91623,1.22674,straight,gentle
MVI_40181,38,86,631,716,927.8,925.04,0.997,20.39,51.17,10.932,273.29,0.002038,0.000348,0.008296,0.011679,85.62,0.11149,0.87191,1.13568,curved,gentle
MVI_40181,39,56,641,696,967.03,965.09,0.998,15.67,52.98,19.011,475.28,0.002844,0.000587,0.009273,0.024964,40.06,0.30122,1.25714,2.47632,straight,gentle
MVI_40181,40,71,676,746,916.17,914.85,0.9986,1.09,40.55,11.81,295.26,0.001578,0.000786,0.00332,0.009833,101.7,0.209,0.71875,1.86991,straight,straight
MVI_40181,41,81,676,756,910.93,909.82,0.9988,1.74,47.08,10.738,268.45,0.0021,0.000469,0.00631,0.017445,57.32,0.14547,0.94929,1.56501,straight,straight
MVI_40181,42,46,681,726,722.55,713.39,0.9873,6.77,49.03,18.431,460.77,0.001926,0.001102,0.004926,0.009802,102.02,0.45493,1.03305,1.5744,straight,straight
MVI_40181,43,56,681,736,923.55,922.31,0.9987,3.34,47.73,15.69,392.24,0.002496,0.000299,0.009293,0.018253,54.79,0.18086,1.34012,2.62697,straight,straight
MVI_40181,44,46,711,756,899.33,892.35,0.9922,3.04,50.87,21.207,530.18,0.002022,0.00077,0.006793,0.011078,90.27,0.49957,1.16249,1.61128,straight,straight
MVI_40181,45,71,726,796,898.21,897.53,0.9992,2.85,23.34,11.697,292.42,0.000861,0.000251,0.00297,0.004749,210.56,0.06817,0.46204,1.09937,straight,straight
MVI_40181,46,56,746,801,938.07,937.47,0.9994,4.87,29.0,16.748,418.71,0.001668,0.00031,0.005814,0.015884,62.96,0.16555,0.75195,1.46374,straight,straight
MVI_40181,47,96,761,856,888.97,888.4,0.9994,12.72,39.99,8.265,206.63,0.002171,0.000536,0.007797,0.015468,64.65,0.13585,0.54521,0.86155,straight,gentle
MVI_40181,48,46,761,806,851.01,840.27,0.9874,8.08,51.2,21.675,541.87,0.002198,0.000763,0.005987,0.016426,60.88,0.43079,1.09403,2.08,straight,straight
MVI_40181,49,51,791,841,869.24,862.54,0.9923,6.75,56.69,17.724,443.1,0.0019,0.001196,0.004758,0.009641,103.73,0.52644,0.98638,1.20627,straight,straight
MVI_40181,50,51,821,871,871.92,870.93,0.9989,22.32,38.77,16.807,420.19,0.002802,0.000196,0.013122,0.021397,46.73,0.07818,1.73858,2.40857,curved,gentle
MVI_40181,51,86,846,931,896.71,896.23,0.9995,15.86,27.51,9.315,232.88,0.001219,0.000343,0.004021,0.009646,103.67,0.08714,0.4314,1.73173,straight,gentle
MVI_40181,52,86,916,1001,906.82,905.24,0.9983,26.34,45.66,9.626,240.65,0.002526,0.000352,0.008372,0.024104,41.49,0.11376,0.8837,1.89318,curved,gentle
MVI_40181,53,41,921,961,810.19,802.82,0.9909,8.58,40.79,22.352,558.79,0.00156,0.00084,0.003597,0.00879,113.77,0.46561,0.75263,1.25447,straight,straight
MVI_40181,54,106,961,1066,924.24,922.07,0.9977,3.71,56.04,8.105,202.63,0.002489,0.000546,0.005254,0.022574,44.3,0.10796,0.87257,1.29461,straight,straight
MVI_40181,55,46,1001,1046,855.28,848.14,0.9917,2.33,49.63,18.211,455.27,0.001705,0.000918,0.004335,0.008078,123.79,0.52075,0.94998,2.45964,straight,straight
MVI_40181,56,96,1006,1101,917.32,915.85,0.9984,18.02,59.32,8.667,216.68,0.003359,0.00061,0.01288,0.033685,29.69,0.14858,1.08002,1.76531,straight,gentle
MVI_40181,57,581,1031,1611,860.45,847.8,0.9853,7.29,393.17,0.358,8.94,0.024002,0.00696,0.071204,0.276335,3.62,0.47019,1.91626,3.49581,static,static
MVI_40181,58,61,1041,1101,883.16,882.34,0.9991,7.8,28.18,13.079,326.96,0.001363,0.000256,0.004234,0.008827,113.29,0.09908,0.44085,1.31707,straight,straight
MVI_40181,59,36,1041,1076,599.52,594.11,0.991,29.35,29.35,17.376,434.41,0.000999,0.000887,0.00202,0.003002,333.15,0.38725,0.63114,0.71926,curved,gentle
MVI_40181,60,96,1051,1146,819.39,817.31,0.9975,10.7,74.02,6.965,174.12,0.00638,0.000498,0.022481,0.051673,19.35,0.15094,1.41009,2.24955,straight,gentle
MVI_40181,61,41,1076,1116,876.08,870.32,0.9934,16.35,40.52,22.237,555.92,0.00138,0.000707,0.003265,0.007448,134.26,0.47662,0.85121,1.50803,straight,gentle
MVI_40181,62,61,1086,1146,892.34,891.28,0.9988,4.03,34.69,13.382,334.55,0.001686,0.000241,0.00541,0.018663,53.58,0.07909,0.87978,1.81006,straight,straight
MVI_40181,63,41,1106,1146,803.26,795.23,0.99,5.02,45.59,21.84,546.0,0.001753,0.00086,0.004566,0.009228,108.36,0.57416,0.94402,1.29087,straight,straight
MVI_40181,64,106,1126,1231,686.19,609.99,0.8889,80.9,420.8,5.0,125.0,0.028931,0.005056,0.068784,0.686439,1.46,0.67473,4.63045,18.15817,curved,sharp
MVI_40181,65,96,1146,1241,927.33,924.34,0.9968,11.77,44.98,9.851,246.28,0.00116,0.000531,0.003069,0.008418,118.79,0.14631,0.70871,0.97001,straight,gentle
MVI_40181,66,61,1151,1211,945.36,944.41,0.999,6.35,40.29,14.62,365.5,0.002351,0.000397,0.007749,0.023057,43.37,0.18585,1.10721,1.68971,straight,straight
MVI_40181,67,525,1176,1700,746.82,721.27,0.9658,71.57,547.67,0.695,17.39,0.018086,0.006826,0.041872,0.232523,4.3,0.41736,1.22635,3.11591,curved,sharp
MVI_40181,68,51,1176,1226,946.92,942.92,0.9958,16.39,57.73,20.683,517.08,0.002665,0.000642,0.008422,0.013208,75.71,0.41313,1.22988,1.53439,straight,gentle
MVI_40181,69,106,1181,1286,921.92,920.72,0.9987,3.84,49.96,8.282,207.05,0.002239,0.000731,0.007553,0.015944,62.72,0.13091,0.62066,0.96999,straight,straight
MVI_40181,70,61,1191,1251,954.27,953.29,0.999,6.72,43.18,16.158,403.94,0.002178,0.000357,0.011379,0.01199,83.4,0.14639,1.26301,1.30394,straight,straight
MVI_40181,71,91,1246,1336,941.39,939.86,0.9984,33.82,62.57,9.399,234.98,0.003939,0.000474,0.00816,0.060178,16.62,0.1401,1.05311,2.48894,curved,gentle
MVI_40181,72,96,1271,1366,937.29,935.86,0.9985,20.71,52.86,9.677,241.92,0.002552,0.000657,0.007439,0.023853,41.92,0.13864,0.97007,1.16318,curved,gentle
MVI_40181,73,51,1276,1326,901.7,894.43,0.9919,16.49,65.06,17.848,446.2,0.003388,0.000759,0.012183,0.026774,37.35,0.50262,1.59988,2.70432,straight,gentle
MVI_40181,74,61,1281,1341,906.44,905.62,0.9991,9.5,23.57,13.653,341.33,0.000661,0.000482,0.001181,0.004379,228.36,0.12535,0.34194,1.46976,straight,straight
MVI_40181,75,56,1331,1386,909.96,909.59,0.9996,5.07,14.6,15.508,387.7,0.000512,0.000236,0.000967,0.003928,254.58,0.08812,0.26267,0.57838,straight,straight
MVI_40181,76,91,1391,1481,913.98,912.8,0.9987,8.05,43.08,9.476,236.89,0.001751,0.00068,0.005385,0.015369,65.06,0.13852,0.58594,1.29986,straight,straight
MVI_40181,77,46,1401,1446,917.72,908.14,0.9896,6.09,48.69,22.098,552.44,0.001718,0.0008,0.005007,0.00905,110.5,0.41793,1.09685,1.2646,straight,straight
MVI_40181,78,91,1431,1521,888.81,887.96,0.999,0.65,36.32,8.24,206.0,0.001669,0.000534,0.004578,0.012326,81.13,0.12575,0.46103,1.18094,straight,straight
MVI_40181,79,86,1496,1581,889.69,888.58,0.9988,5.98,46.81,9.175,229.36,0.001871,0.000633,0.005317,0.014425,69.32,0.18987,0.58953,2.62318,straight,straight
MVI_40181,80,41,1496,1536,919.49,918.98,0.9994,4.86,14.69,22.665,566.62,0.000684,0.000176,0.002143,0.004886,204.66,0.09998,0.46561,0.73629,straight,straight
MVI_40181,81,86,1506,1591,839.45,801.94,0.9553,41.02,225.1,8.343,208.58,0.016056,0.000818,0.01761,0.750569,1.33,0.24599,2.39814,13.83884,curved,gentle
MVI_40181,82,96,1536,1631,906.62,905.45,0.9987,8.89,44.35,8.279,206.99,0.00179,0.000566,0.006168,0.010006,99.94,0.167,0.56505,0.96784,straight,straight
MVI_40181,83,56,1571,1626,882.03,881.19,0.999,5.51,22.03,15.11,377.75,0.000822,0.000309,0.001708,0.006189,161.58,0.11616,0.39896,1.04979,straight,straight
MVI_40181,84,91,1586,1676,921.78,920.53,0.9986,0.89,40.13,9.768,244.21,0.001472,0.000553,0.003257,0.012712,78.67,0.15027,0.68516,1.11059,straight,straight
MVI_40181,85,61,1621,1681,922.39,921.7,0.9992,8.73,27.11,15.009,375.23,0.000973,0.000502,0.00172,0.008857,112.91,0.20385,0.40383,0.76031,straight,straight
MVI_40181,86,50,1651,1700,694.87,692.88,0.9971,19.11,23.14,13.433,335.82,0.000683,0.000253,0.002579,0.003733,267.87,0.087,0.81565,1.07846,straight,gentle
MVI_40191,1,1,1,1,0.0,0.0,,,,0.0,0.0,,,,,,,,,unknown,unknown
MVI_40191,2,26,1,26,250.95,250.08,0.9965,24.49,24.49,9.808,245.19,0.002133,0.001332,0.005049,0.010518,95.07,0.29228,1.14123,1.86547,curved,gentle
MVI_40191,3,61,1,61,464.21,463.96,0.9995,1.55,16.12,5.51,137.76,0.001196,0.000706,0.002798,0.005309,188.35,0.1212,0.32005,0.46558,straight,straight
MVI_40191,4,121,1,121,465.8,461.9,0.9916,44.38,102.08,2.795,69.88,0.007795,0.004446,0.02227,0.039513,25.31,0.32953,1.1269,1.55588,curved,gentle
MVI_40191,5,116,1,116,577.3,576.59,0.9988,15.22,62.13,3.025,75.62,0.00501,0.002838,0.013424,0.030475,32.81,0.22961,0.57753,0.97018,straight,gentle
MVI_40191,6,6,1,6,4.92,4.92,1.0,0.09,0.1,0.984,24.6,0.000408,0.000408,0.00048,0.000481,2079.67,0.01003,0.01181,0.01182,unknown,unknown
MVI_40191,7,11,1,11,12.69,12.59,0.9917,27.0,27.0,1.259,31.47,0.041523,0.034935,0.07311,0.087693,11.4,1.09936,1.79867,2.03053,unknown,unknown
MVI_40191,8,21,1,21,23.84,23.69,0.9937,25.82,25.82,1.196,29.91,0.019625,0.02321,0.027869,0.029007,34.47,0.69409,0.82437,0.85707,curved,gentle
MVI_40191,9,26,1,26,40.3,39.85,0.9888,28.99,29.53,1.638,40.96,0.014277,0.006147,0.041052,0.051661,19.36,0.22274,1.37203,1.64792,curved,gentle
MVI_40191,10,71,1,71,72.41,71.69,0.9901,14.53,75.01,0.847,21.17,0.028369,0.014431,0.081626,0.143977,6.95,0.33625,1.63798,2.42668,straight,gentle
MVI_40191,11,96,1,96,149.04,147.58,0.9902,18.87,118.25,1.311,32.77,0.021153,0.012945,0.05652,0.078008,12.82,0.42597,1.53749,2.25466,straight,gentle
MVI_40191,12,86,1,86,207.03,206.28,0.9964,5.72,69.11,2.086,52.15,0.009241,0.003979,0.021434,0.050503,19.8,0.28585,1.10208,1.45664,straight,straight
MVI_40191,13,106,1,106,147.0,146.09,0.9938,21.78,115.03,1.186,29.64,0.022591,0.016283,0.055459,0.105523,9.48,0.4811,1.09804,2.43197,curved,gentle
MVI_40191,14,106,1,106,256.27,255.43,0.9967,17.94,95.95,1.57,39.24,0.013345,0.006665,0.037897,0.056084,17.83,0.29589,1.0665,1.58754,straight,gentle
MVI_40191,15,121,1,121,299.09,297.26,0.9939,22.45,142.72,2.077,51.93,0.018314,0.009452,0.054104,0.088961,11.24,0.50252,1.5729,2.17749,curved,gentle
MVI_40191,16,141,1,141,470.71,468.48,0.9953,1.59,176.71,1.863,46.57,0.021969,0.005886,0.062447,0.148154,6.75,0.41715,1.69421,2.42807,straight,straight
MVI_40191,17,131,16,146,351.77,346.4,0.9847,40.09,133.37,2.041,51.03,0.011729,0.005353,0.036285,0.064184,15.58,0.34957,1.34201,1.94915,curved,gentle
MVI_40191,18,126,16,141,511.29,508.18,0.9939,22.85,111.06,2.196,54.91,0.011751,0.004021,0.036033,0.11113,9.0,0.29235,1.19395,2.87645,curved,gentle
MVI_40191,19,141,36,176,469.79,468.17,0.9965,22.86,154.72,1.837,45.91,0.020661,0.004742,0.06452,0.139704,7.16,0.36461,1.62006,2.041,curved,gentle
MVI_40191,20,96,46,141,261.76,259.32,0.9907,31.27,102.13,2.518,62.96,0.008484,0.005843,0.020947,0.030279,33.03,0.37942,0.89175,3.09269,curved,gentle
MVI_40191,21,96,76,171,376.39,374.27,0.9944,12.17,75.12,3.175,79.36,0.00622,0.003741,0.013072,0.042194,23.7,0.37594,0.92519,1.81403,straight,gentle
MVI_40191,22,136,76,211,439.1,438.17,0.9979,44.19,124.61,1.88,47.0,0.021914,0.002541,0.033376,0.286784,3.49,0.20618,0.98204,3.71164,curved,gentle
MVI_40191,23,106,81,186,557.66,557.01,0.9988,11.51,68.34,3.176,79.4,0.00671,0.00237,0.02054,0.038336,26.09,0.18883,0.82539,2.1013,straight,gentle
MVI_40191,24,131,81,211,526.09,522.07,0.9924,24.27,114.04,2.316,57.89,0.00906,0.005233,0.024917,0.035814,27.92,0.43401,0.80148,1.60112,curved,gentle
MVI_40191,25,126,91,216,362.93,358.21,0.987,27.26,121.96,2.225,55.62,0.012081,0.005088,0.023896,0.138193,7.24,0.37079,0.99662,2.0233,curved,gentle
MVI_40191,26,101,91,191,389.08,386.54,0.9935,4.65,98.86,3.173,79.32,0.006391,0.004246,0.016456,0.018985,52.67,0.36966,1.01791,2.46475,straight,straight
MVI_40191,27,91,101,191,254.71,252.57,0.9916,34.31,80.31,2.461,61.52,0.005953,0.003663,0.015509,0.042143,23.73,0.22854,0.78293,3.39676,curved,gentle
MVI_40191,28,131,106,236,440.25,437.87,0.9946,0.74,159.68,2.08,52.0,0.019807,0.007845,0.069608,0.108099,9.25,0.42774,1.57631,2.23181,straight,straight
MVI_40191,29,141,121,261,498.49,494.75,0.9925,24.45,147.13,2.325,58.12,0.014872,0.004307,0.048436,0.137318,7.28,0.3289,1.36568,3.27481,curved,gentle
MVI_40191,30,111,126,236,437.78,433.85,0.991,37.92,82.32,2.793,69.81,0.005428,0.003995,0.013751,0.026423,37.85,0.27184,0.93251,1.38044,curved,gentle
MVI_40191,31,106,141,246,314.7,310.04,0.9852,35.99,114.15,2.593,64.83,0.011684,0.00445,0.02995,0.100195,9.98,0.25974,1.57782,2.74104,curved,gentle
MVI_40191,32,121,141,261,518.61,515.84,0.9947,15.09,77.52,2.684,67.1,0.007038,0.002158,0.018416,0.062976,15.88,0.21934,0.91608,2.09926,straight,gentle
MVI_40191,33,131,146,276,586.67,585.5,0.998,2.35,75.45,2.835,70.87,0.006749,0.003512,0.017131,0.038741,25.81,0.22476,0.66368,1.49804,straight,straight
MVI_40191,34,136,151,286,469.12,466.75,0.9949,53.45,191.43,2.082,52.05,0.030874,0.005335,0.064499,0.482546,2.07,0.3176,1.40766,6.93349,curved,sharp
MVI_40191,35,121,171,291,548.67,547.49,0.9978,4.23,99.08,2.534,63.34,0.012438,0.003533,0.038569,0.124434,8.04,0.31626,0.91792,2.70166,straight,straight
MVI_40191,36,106,186,291,482.69,478.44,0.9912,51.79,106.77,3.412,85.29,0.009097,0.003943,0.02524,0.049756,20.1,0.45419,1.21777,2.08545,curved,sharp
MVI_40191,37,131,186,316,437.54,436.34,0.9973,7.73,118.93,1.754,43.86,0.019448,0.005496,0.042495,0.236167,4.23,0.30558,1.12753,3.23129,straight,straight
MVI_40191,38,91,196,286,393.35,390.71,0.9933,48.98,77.53,3.387,84.68,0.004914,0.001876,0.0143,0.026355,37.94,0.18438,1.10901,2.82362,curved,sharp
MVI_40191,39,121,201,321,551.43,547.11,0.9922,38.78,102.16,2.84,71.01,0.007943,0.004049,0.020679,0.039953,25.03,0.33286,1.09501,2.19986,curved,gentle
MVI_40191,40,131,206,336,447.7,445.12,0.9942,16.74,150.75,1.933,48.33,0.019697,0.006046,0.062039,0.142672,7.01,0.33436,1.7488,3.34779,straight,gentle
MVI_40191,41,121,226,346,541.59,539.26,0.9957,5.85,94.79,2.828,70.69,0.009875,0.003511,0.031362,0.066333,15.08,0.33545,1.0631,1.7925,straight,straight
MVI_40191,42,131,226,356,447.96,445.79,0.9952,31.54,165.83,1.536,38.4,0.032969,0.005134,0.09567,0.368879,2.71,0.2957,2.27834,5.14306,curved,gentle
MVI_40191,43,96,231,326,472.15,469.86,0.9952,47.01,75.72,3.519,87.98,0.006869,0.001859,0.013961,0.09431,10.6,0.16188,1.20329,2.64648,curved,sharp
MVI_40191,44,131,241,371,475.64,473.55,0.9956,44.19,116.6,2.338,58.44,0.011888,0.006017,0.035903,0.057811,17.3,0.34777,1.09371,2.0662,curved,gentle
MVI_40191,45,126,251,376,357.07,352.46,0.9871,12.6,122.7,2.306,57.64,0.01125,0.005422,0.037575,0.056888,17.58,0.32039,1.0753,2.21036,straight,gentle
MVI_40191,46,126,266,391,554.75,553.69,0.9981,4.55,94.05,2.393,59.83,0.009482,0.003966,0.029906,0.064397,15.53,0.21505,0.92681,2.20355,straight,straight
MVI_40191,47,96,266,361,264.95,261.35,0.9864,41.28,86.02,2.513,62.82,0.008672,0.003937,0.022325,0.047046,21.26,0.25541,1.17109,1.90784,curved,gentle
MVI_40191,48,141,281,421,493.97,487.31,0.9865,9.35,167.77,1.963,49.06,0.016622,0.007358,0.047632,0.102756,9.73,0.48814,1.67499,2.77436,straight,straight
MVI_40191,49,96,281,376,394.16,391.62,0.9936,36.96,87.32,3.01,75.24,0.006665,0.003148,0.014908,0.059004,16.95,0.24257,1.16656,2.49971,curved,gentle
MVI_40191,50,136,306,441,498.38,496.05,0.9953,49.37,131.45,2.058,51.46,0.016137,0.005986,0.049768,0.110232,9.07,0.38967,1.1786,2.14677,curved,sharp
MVI_40191,51,131,311,441,467.11,466.02,0.9977,28.1,111.26,2.081,52.01,0.010681,0.00409,0.031181,0.050841,19.67,0.32828,1.09932,2.0045,curved,gentle
MVI_40191,52,141,316,456,502.98,494.1,0.9823,60.55,200.67,2.384,59.59,0.021103,0.004671,0.05754,0.211691,4.72,0.4661,1.75766,3.5461,curved,sharp
MVI_40191,53,121,336,456,586.53,584.67,0.9968,60.56,129.31,2.866,71.65,0.014665,0.002185,0.042569,0.174722,5.72,0.24835,1.4786,4.28565,curved,sharp
MVI_40191,54,101,346,446,372.27,369.21,0.9918,22.97,93.72,3.089,77.23,0.006308,0.004545,0.014585,0.022081,45.29,0.46746,1.00504,2.00545,curved,gentle
MVI_40191,55,126,346,471,450.58,449.69,0.998,24.72,57.99,2.073,51.82,0.00479,0.002219,0.012526,0.025644,38.99,0.1918,0.48363,2.0391,curved,gentle
MVI_40191,56,121,361,481,461.68,460.2,0.9968,6.65,123.78,2.245,56.12,0.019277,0.003952,0.070089,0.160654,6.22,0.31954,1.4714,3.06653,straight,straight
MVI_40191,57,121,366,486,483.21,478.09,0.9894,35.86,144.79,2.648,66.2,0.012086,0.004681,0.032104,0.077802,12.85,0.39224,1.84714,2.45922,curved,gentle
MVI_40191,58,126,371,496,578.79,576.37,0.9958,2.3,120.55,2.677,66.93,0.011316,0.004845,0.028035,0.080752,12.38,0.4381,1.14266,1.70062,straight,straight
MVI_40191,59,141,371,511,491.81,488.64,0.9936,14.33,191.77,2.06,51.5,0.034779,0.008239,0.096089,0.404291,2.47,0.50425,1.9237,5.82771,straight,gentle
MVI_40191,60,71,381,451,252.51,251.08,0.9943,16.84,82.49,2.862,71.55,0.007956,0.005677,0.020134,0.03205,31.2,0.39446,1.05737,3.20781,straight,gentle
MVI_40191,61,121,386,506,521.29,518.57,0.9948,26.08,120.5,2.8,70.0,0.010863,0.003328,0.037552,0.058748,17.02,0.34211,1.1774,2.0561,curved,gentle
MVI_40191,62,126,386,511,562.98,560.51,0.9956,23.45,106.39,2.784,69.6,0.008228,0.004387,0.020887,0.038564,25.93,0.34321,0.9639,3.16189,curved,gentle
MVI_40191,63,121,391,511,443.74,441.2,0.9943,38.55,175.18,2.1,52.49,0.020623,0.01033,0.056766,0.113128,8.84,0.60599,1.5542,2.78134,curved,gentle
MVI_40191,64,131,396,526,483.7,477.08,0.9863,39.89,142.55,2.199,54.98,0.012605,0.005817,0.036764,0.078309,12.77,0.38155,1.25939,1.88276,curved,gentle
MVI_40191,65,131,406,536,471.29,468.55,0.9942,14.92,125.29,1.908,47.7,0.01431,0.005725,0.04379,0.087418,11.44,0.36255,1.32156,2.32104,straight,gentle
MVI_40191,66,136,431,566,454.36,451.41,0.9935,25.06,151.64,2.074,51.86,0.024967,0.008047,0.06256,0.237767,4.21,0.4556,1.47056,4.50588,curved,gentle
MVI_40191,67,111,436,546,309.8,304.94,0.9843,59.1,147.78,2.086,52.15,0.01688,0.008674,0.042557,0.131171,7.62,0.40109,1.59177,2.76207,curved,sharp
MVI_40191,68,126,436,561,478.08,475.81,0.9953,8.54,123.27,2.331,58.27,0.013126,0.005318,0.030453,0.115658,8.65,0.36216,1.02152,2.69293,straight,straight
MVI_40191,69,121,436,556,589.56,587.83,0.9971,21.97,100.2,3.524,88.1,0.008667,0.003219,0.023792,0.075053,13.32,0.34553,0.9747,1.67894,curved,gentle
MVI_40191,70,96,446,541,464.5,459.89,0.9901,56.99,96.82,3.649,91.22,0.007419,0.003053,0.020432,0.051609,19.38,0.27732,1.50313,2.46463,curved,sharp
MVI_40191,71,76,456,531,257.82,254.41,0.9868,34.07,63.53,3.196,79.9,0.006404,0.003098,0.014141,0.07503,13.33,0.26491,0.86879,2.22731,curved,gentle
MVI_40191,72,86,466,551,395.3,392.83,0.9938,37.56,109.68,3.387,84.68,0.009606,0.00474,0.027109,0.071093,14.07,0.50379,1.35975,2.36213,curved,gentle
MVI_40191,73,101,476,576,516.98,513.97,0.9942,11.52,111.52,3.69,92.26,0.008058,0.003481,0.022293,0.045642,21.91,0.44249,1.21939,2.50891,straight,gentle
MVI_40191,74,106,486,591,414.31,411.07,0.9922,38.51,142.14,3.265,81.62,0.011721,0.005601,0.029761,0.068508,14.6,0.50958,1.42265,2.98246,curved,gentle
MVI_40191,75,146,491,636,441.56,439.54,0.9954,17.79,148.57,1.817,45.43,0.015464,0.007361,0.045847,0.084058,11.9,0.35903,1.21383,2.30808,straight,gentle
MVI_40191,76,131,506,636,501.67,495.46,0.9876,29.3,109.2,2.432,60.8,0.011806,0.005158,0.025756,0.247269,4.04,0.36141,1.08832,3.12313,curved,gentle
MVI_40191,77,116,511,626,335.05,330.72,0.9871,28.86,109.7,2.332,58.31,0.011283,0.004293,0.033531,0.058126,17.2,0.28676,1.30594,2.01772,curved,gentle
MVI_40191,78,146,521,666,449.8,447.69,0.9953,12.25,199.96,1.694,42.36,0.026431,0.007158,0.077522,0.25255,3.96,0.49757,1.86734,4.31962,straight,gentle
MVI_40191,79,116,531,646,545.3,541.77,0.9935,23.52,109.71,2.704,67.61,0.009217,0.005354,0.025114,0.036453,27.43,0.42872,1.06216,1.51529,curved,gentle
MVI_40191,80,131,536,666,509.37,505.26,0.9919,6.05,113.34,2.357,58.93,0.008556,0.005025,0.021264,0.047257,21.16,0.3672,1.01696,1.7642,straight,straight
MVI_40191,81,151,546,696,472.91,470.48,0.9949,4.07,162.87,1.963,49.07,0.020701,0.005718,0.069892,0.158885,6.29,0.3884,1.59886,2.58596,straight,straight
MVI_40191,82,86,546,631,252.02,249.56,0.9903,43.39,85.08,2.436,60.91,0.007157,0.005962,0.016076,0.022126,45.2,0.3831,1.08976,1.97684,curved,gentle
MVI_40191,83,116,551,666,428.82,423.46,0.9875,56.7,137.65,2.542,63.54,0.009132,0.005568,0.023294,0.031996,31.25,0.42774,1.27349,2.42095,curved,sharp
MVI_40191,84,131,551,681,464.99,463.65,0.9971,17.13,150.91,1.813,45.33,0.021157,0.00778,0.044174,0.196109,5.1,0.48783,1.48359,3.06021,straight,gentle
MVI_40191,85,161,566,726,483.55,480.34,0.9934,34.9,159.31,1.812,45.29,0.017765,0.005561,0.059814,0.121431,8.24,0.36347,1.42929,2.63221,curved,gentle
MVI_40191,86,136,571,706,486.09,483.42,0.9945,40.6,132.22,1.948,48.71,0.020153,0.005126,0.062246,0.149268,6.7,0.42467,1.34229,3.21521,curved,gentle
MVI_40191,87,131,576,706,562.94,560.7,0.996,2.3,137.88,2.397,59.92,0.014441,0.006514,0.045058,0.093207,10.73,0.41354,1.11261,2.18615,straight,straight
MVI_40191,88,91,576,666,288.27,284.54,0.9871,35.36,112.82,2.58,64.49,0.008095,0.006146,0.017583,0.029538,33.85,0.31046,1.21188,3.45187,curved,gentle
MVI_40191,89,116,581,696,416.09,412.77,0.992,50.05,133.58,2.677,66.94,0.015097,0.003093,0.051062,0.079252,12.62,0.23936,2.04119,2.82398,curved,sharp
MVI_40191,90,136,581,716,444.7,442.71,0.9955,46.86,165.41,1.935,48.38,0.019914,0.009305,0.061583,0.105447,9.48,0.46616,1.5362,2.18027,curved,sharp
MVI_40191,91,131,586,716,336.0,330.37,0.9833,48.65,162.84,2.124,53.09,0.014764,0.00791,0.041195,0.081227,12.31,0.47289,1.56862,2.29241,curved,sharp
MVI_40191,92,116,601,716,389.53,382.89,0.983,2.45,109.74,3.112,77.8,0.010284,0.003343,0.033917,0.054919,18.21,0.26944,1.54189,2.15153,straight,straight
MVI_40191,93,126,611,736,545.56,544.71,0.9984,5.46,86.09,2.751,68.77,0.00727,0.004359,0.017998,0.028608,34.96,0.32532,0.77359,1.07683,straight,straight
MVI_40191,94,86,611,696,253.06,249.63,0.9864,17.48,114.34,2.652,66.29,0.012875,0.004367,0.032518,0.096706,10.34,0.35716,2.15509,3.40617,straight,gentle
MVI_40191,95,136,626,761,560.95,557.61,0.994,0.74,141.69,2.391,59.79,0.013199,0.004617,0.037105,0.101246,9.88,0.3076,1.49072,2.29711,straight,straight
MVI_40191,96,116,626,741,451.24,449.92,0.9971,22.0,146.59,2.35,58.76,0.020307,0.00464,0.068654,0.126555,7.9,0.38874,1.97039,3.10227,curved,gentle
MVI_40191,97,136,631,766,461.46,458.8,0.9942,32.76,177.68,2.09,52.24,0.017462,0.005778,0.043301,0.110119,9.08,0.4775,1.39572,2.56839,curved,gentle
MVI_40191,98,121,641,761,473.21,466.88,0.9866,41.9,132.0,2.499,62.48,0.013738,0.004231,0.048826,0.086571,11.55,0.34886,1.55444,2.18547,curved,gentle
MVI_40191,99,86,646,731,243.03,239.72,0.9864,42.95,113.34,2.649,66.24,0.011143,0.006721,0.025263,0.06066,16.49,0.43168,2.18994,2.82927,curved,gentle
MVI_40191,100,141,661,801,476.14,472.62,0.9926,14.2,159.11,1.912,47.8,0.020273,0.006699,0.052526,0.215008,4.65,0.44767,1.37594,3.34321,straight,gentle
MVI_40191,101,121,666,786,475.99,474.16,0.9961,55.62,109.61,2.491,62.28,0.013304,0.00373,0.023913,0.134086,7.46,0.30148,1.09238,2.50207,curved,sharp
MVI_40191,102,136,666,801,555.69,554.42,0.9977,15.08,93.29,2.345,58.62,0.009373,0.003589,0.025111,0.088013,11.36,0.22652,0.72952,2.16331,straight,gentle
MVI_40191,103,121,676,796,328.89,324.79,0.9875,36.92,126.89,2.025,50.63,0.012671,0.006773,0.037545,0.059012,16.95,0.36766,1.31552,2.24188,curved,gentle
MVI_40191,104,126,691,816,473.3,469.51,0.992,32.86,129.71,2.463,61.58,0.012612,0.004104,0.036763,0.143692,6.96,0.36651,1.31863,2.17423,curved,gentle
MVI_40191,105,141,701,841,452.22,449.86,0.9948,0.74,210.3,1.956,48.89,0.026121,0.009533,0.087916,0.156378,6.39,0.53737,1.89158,3.49585,straight,straight
MVI_40191,106,116,701,816,468.31,460.89,0.9842,34.01,101.65,2.745,68.63,0.008076,0.004581,0.019349,0.04285,23.34,0.34436,0.97955,1.91226,curved,gentle
MVI_40191,107,126,721,846,555.38,551.68,0.9933,8.43,117.67,2.582,64.55,0.013004,0.00347,0.020999,0.215904,4.63,0.22544,1.36451,3.51514,straight,straight
MVI_40191,108,141,731,871,497.72,492.94,0.9904,61.58,189.63,2.199,54.98,0.019224,0.004281,0.071437,0.12309,8.12,0.30369,2.03682,2.95811,curved,sharp
MVI_40191,109,121,741,861,417.2,414.29,0.993,46.07,120.03,2.792,69.81,0.009601,0.005085,0.016555,0.116876,8.56,0.43924,0.96583,2.4805,curved,sharp
MVI_40191,110,116,751,866,492.36,486.7,0.9885,78.75,157.68,2.661,66.52,0.029366,0.002855,0.073635,0.583569,1.71,0.27779,2.30537,7.81325,curved,sharp
MVI_40191,111,121,751,871,530.81,529.19,0.997,0.46,107.29,2.684,67.1,0.014561,0.002317,0.045857,0.214568,4.66,0.25171,1.26261,3.10443,straight,straight
MVI_40191,112,141,766,906,516.37,513.68,0.9948,27.23,107.92,2.49,62.25,0.008023,0.005406,0.020164,0.039767,25.15,0.3908,0.78585,1.24211,curved,gentle
MVI_40191,113,76,771,846,275.48,272.19,0.9881,33.09,78.16,3.069,76.72,0.00558,0.003469,0.01502,0.024009,41.65,0.2566,1.34603,2.75213,curved,gentle
MVI_40191,114,116,771,886,416.11,413.65,0.9941,25.71,109.25,2.789,69.74,0.00764,0.004061,0.01757,0.049188,20.33,0.32365,1.14757,2.35231,curved,gentle
MVI_40191,116,126,776,901,565.99,564.95,0.9982,29.94,121.36,2.704,67.6,0.014786,0.005518,0.030597,0.242342,4.13,0.38969,1.0337,3.14162,curved,gentle
MVI_40191,117,131,776,906,454.22,452.78,0.9968,2.02,134.25,2.052,51.29,0.016144,0.005288,0.046773,0.132932,7.52,0.30965,1.49594,3.2585,straight,straight
MVI_40191,118,126,806,931,470.11,469.39,0.9985,8.25,87.71,2.408,60.21,0.010779,0.004015,0.036919,0.061288,16.32,0.27715,0.80515,1.74846,straight,straight
MVI_40191,119,126,811,936,543.01,541.78,0.9978,9.57,98.77,2.655,66.37,0.010737,0.002794,0.02457,0.214889,4.65,0.3848,0.81479,2.77886,straight,straight
MVI_40191,120,131,836,966,488.39,484.71,0.9925,4.91,148.09,2.589,64.73,0.014654,0.003505,0.042215,0.096578,10.35,0.35662,1.49493,2.18534,straight,straight
MVI_40191,121,116,841,956,578.56,576.88,0.9971,18.57,119.22,3.258,81.44,0.011871,0.003572,0.035279,0.111941,8.93,0.38261,1.22155,2.92666,straight,gentle
MVI_40191,122,126,841,966,483.64,481.58,0.9957,12.8,137.35,2.342,58.55,0.020023,0.003629,0.076264,0.156428,6.39,0.2669,1.6563,3.20413,straight,gentle
MVI_40191,123,126,846,971,578.91,577.83,0.9981,9.05,98.18,2.798,69.95,0.010853,0.003673,0.028109,0.083398,11.99,0.28739,1.0693,1.78971,straight,straight
MVI_40191,124,126,876,1001,484.2,480.39,0.9921,3.06,105.83,2.886,72.15,0.00758,0.004443,0.015363,0.061733,16.2,0.34673,1.11415,1.74642,straight,straight
MVI_40191,125,106,876,981,399.19,396.52,0.9933,12.39,117.26,3.137,78.42,0.011487,0.003948,0.01805,0.168184,5.95,0.34952,1.20727,3.83296,straight,gentle
MVI_40191,126,121,876,996,455.6,452.33,0.9928,51.89,153.97,2.279,56.97,0.018545,0.006653,0.059092,0.102354,9.77,0.44001,1.53642,2.18372,curved,sharp
MVI_40191,127,121,881,1001,446.97,446.07,0.998,5.22,102.42,2.147,53.66,0.012926,0.004205,0.041884,0.0944,10.59,0.26165,1.36911,2.44853,straight,straight
MVI_40191,128,116,881,996,521.89,521.1,0.9985,25.8,69.86,2.739,68.49,0.006262,0.002925,0.016296,0.038944,25.68,0.25054,0.5921,1.12313,curved,gentle
MVI_40191,129,131,891,1021,480.38,477.61,0.9942,16.74,113.9,2.574,64.34,0.013718,0.003137,0.04145,0.097389,10.27,0.23156,1.47887,3.16953,straight,gentle
MVI_40191,130,91,906,996,435.34,432.65,0.9938,25.99,69.89,3.332,83.31,0.005174,0.00292,0.013985,0.038462,26.0,0.27938,1.03448,1.43969,curved,gentle
MVI_40191,131,91,906,996,324.6,319.32,0.9837,10.28,103.84,3.09,77.25,0.00869,0.004874,0.017705,0.046729,21.4,0.2882,1.70312,2.31872,straight,gentle
MVI_40191,132,126,916,1041,497.99,494.53,0.9931,22.29,114.1,2.477,61.92,0.012238,0.004834,0.036678,0.077492,12.9,0.32969,1.20754,1.94094,curved,gentle
MVI_40191,133,111,916,1026,463.14,459.53,0.9922,23.67,118.62,2.58,64.49,0.012245,0.004232,0.038914,0.080991,12.35,0.36057,1.24178,2.75951,curved,gentle
MVI_40191,134,131,926,1056,593.68,592.3,0.9977,10.7,105.38,2.678,66.96,0.010921,0.002977,0.034603,0.092308,10.83,0.27702,1.19661,2.35046,straight,gentle
MVI_40191,135,141,941,1081,500.74,496.06,0.9907,23.66,131.1,2.149,53.74,0.010737,0.004309,0.024973,0.109731,9.11,0.34283,1.01727,2.20712,curved,gentle
MVI_40191,136,121,946,1066,459.13,457.68,0.9968,45.0,119.58,2.269,56.73,0.016729,0.002989,0.046626,0.172757,5.79,0.27177,1.36448,2.88918,curved,gentle
MVI_40191,137,116,971,1086,547.38,544.86,0.9954,9.26,126.22,2.931,73.27,0.015494,0.002706,0.054133,0.158495,6.31,0.25212,1.7749,3.74049,straight,straight
MVI_40191,138,111,971,1081,453.03,451.94,0.9976,0.86,94.78,2.266,56.65,0.011343,0.003349,0.027829,0.098835,10.12,0.30115,1.0288,1.99219,straight,straight
MVI_40191,139,121,976,1096,486.01,481.35,0.9904,21.08,120.43,2.976,74.4,0.009229,0.004548,0.02666,0.058203,17.18,0.34932,1.35185,2.20715,curved,gentle
MVI_40191,140,111,981,1091,408.21,401.46,0.9835,52.19,112.98,2.546,63.66,0.012218,0.004378,0.034643,0.110545,9.05,0.37422,1.28362,2.08934,curved,sharp
MVI_40191,141,101,991,1091,247.09,243.25,0.9844,31.58,87.8,2.338,58.44,0.008132,0.004749,0.021416,0.031791,31.46,0.32006,0.89617,2.50463,curved,gentle
MVI_40191,142,111,1011,1121,473.81,472.35,0.9969,3.31,105.18,2.865,71.62,0.012661,0.004852,0.032763,0.128068,7.81,0.33565,1.31791,2.48338,straight,straight
MVI_40191,143,126,1011,1136,543.77,541.86,0.9965,9.81,108.6,2.482,62.05,0.009261,0.004548,0.024119,0.058053,17.23,0.32091,1.24485,1.87198,straight,straight
MVI_40191,144,96,1016,1111,454.69,449.12,0.9877,39.13,75.72,3.205,80.12,0.007604,0.002714,0.021761,0.098433,10.16,0.21503,1.0926,1.75281,curved,gentle
MVI_40191,145,121,1041,1161,451.75,449.87,0.9958,66.08,137.48,2.218,55.46,0.022674,0.00408,0.058372,0.350764,2.85,0.34378,1.37862,4.44773,curved,sharp
MVI_40191,146,116,1086,1201,442.92,438.3,0.9896,29.53,99.63,2.493,62.32,0.00713,0.004784,0.017933,0.028915,34.58,0.33352,1.04471,1.48392,curved,gentle
MVI_40191,147,116,1096,1211,558.31,556.39,0.9966,1.79,127.13,2.961,74.02,0.01469,0.003305,0.049797,0.141049,7.09,0.33329,1.72446,3.5922,straight,straight
MVI_40191,148,111,1096,1206,340.25,335.77,0.9868,21.83,89.12,2.592,64.8,0.007597,0.003903,0.016233,0.050861,19.66,0.2626,1.03009,2.37482,curved,gentle
MVI_40191,149,116,1111,1226,491.76,486.34,0.989,3.32,106.84,2.556,63.89,0.010002,0.002862,0.02968,0.084804,11.79,0.2953,1.16727,2.07532,straight,straight
MVI_40191,150,101,1111,1211,452.71,451.66,0.9977,21.45,106.0,2.776,69.41,0.018578,0.004083,0.044896,0.314666,3.18,0.31146,1.4244,4.07437,curved,gentle
MVI_40191,151,106,1121,1226,458.89,456.11,0.994,53.88,106.53,2.514,62.85,0.010309,0.004152,0.019718,0.088957,11.24,0.32561,1.32528,2.29255,curved,sharp
MVI_40191,152,86,1136,1221,217.92,215.27,0.9878,13.16,102.0,2.424,60.6,0.010633,0.006012,0.027112,0.043488,22.99,0.4105,1.3057,2.49129,straight,gentle
MVI_40191,153,101,1136,1236,496.05,493.53,0.9949,26.21,69.21,3.509,87.74,0.005117,0.00249,0.015248,0.025416,39.35,0.35827,0.80054,0.95969,curved,gentle
MVI_40191,154,76,1141,1216,410.81,409.84,0.9976,12.2,33.89,4.515,112.88,0.002137,0.001482,0.005357,0.007144,139.98,0.18166,0.465,0.61034,straight,gentle
MVI_40191,155,96,1146,1241,299.22,295.55,0.9877,51.6,120.61,2.87,71.75,0.014569,0.005549,0.051514,0.082892,12.06,0.45113,1.90249,2.6378,curved,sharp
MVI_40191,156,111,1151,1261,501.59,499.34,0.9955,25.02,64.31,3.182,79.55,0.004294,0.0024,0.010367,0.0193,51.81,0.214,0.61912,0.86015,curved,gentle
MVI_40191,157,71,1171,1241,383.35,380.73,0.9932,31.06,62.63,4.592,114.79,0.003972,0.002861,0.009249,0.015671,63.81,0.34168,0.79498,2.407,curved,gentle
MVI_40191,158,116,1171,1286,499.97,496.37,0.9928,27.3,88.59,3.025,75.64,0.005461,0.003964,0.011244,0.031624,31.62,0.25629,1.15148,1.66327,curved,gentle
MVI_40191,159,86,1171,1256,223.44,218.47,0.9778,58.14,115.7,2.399,59.97,0.013698,0.005656,0.034138,0.086092,11.62,0.37408,2.04367,3.28414,curved,sharp
MVI_40191,160,106,1186,1291,329.15,324.31,0.9853,47.39,124.94,2.318,57.96,0.011485,0.006107,0.027617,0.053713,18.62,0.50364,1.21873,2.3823,curved,sharp
MVI_40191,161,96,1196,1291,453.38,452.53,0.9981,6.21,53.6,3.013,75.33,0.006203,0.002298,0.018359,0.033424,29.92,0.29863,0.65499,1.27694,straight,straight
MVI_40191,162,126,1206,1331,443.27,441.16,0.9952,13.46,166.29,2.256,56.41,0.022885,0.005774,0.089912,0.171685,5.82,0.35865,1.86214,3.57691,straight,gentle
MVI_40191,163,86,1226,1311,246.45,243.29,0.9871,4.53,78.31,2.571,64.28,0.007385,0.004096,0.02026,0.043969,22.74,0.30711,1.08213,2.93596,straight,straight
MVI_40191,164,96,1241,1336,335.48,330.52,0.9852,6.41,101.48,2.93,73.24,0.008566,0.005962,0.018284,0.033255,30.07,0.50842,1.13401,2.46132,straight,straight
MVI_40191,165,126,1256,1381,466.96,465.6,0.9971,12.61,128.35,2.245,56.13,0.016943,0.004262,0.064973,0.137578,7.27,0.30976,1.35849,2.95663,straight,gentle
MVI_40191,166,131,1261,1391,510.62,504.11,0.9872,9.46,116.25,2.565,64.13,0.009162,0.003758,0.020777,0.079647,12.56,0.28962,1.00377,1.62203,straight,straight
MVI_40191,167,101,1261,1361,524.14,521.5,0.995,22.58,55.56,3.432,85.8,0.003205,0.00179,0.008631,0.016632,60.12,0.15418,0.65419,1.1118,curved,gentle
MVI_40191,168,121,1266,1386,585.17,583.05,0.9964,25.83,108.71,3.032,75.79,0.010754,0.003033,0.029655,0.094519,10.58,0.32581,1.17753,2.49512,curved,gentle
MVI_40191,169,96,1271,1366,455.27,452.26,0.9934,24.77,101.84,3.004,75.1,0.011496,0.005676,0.030453,0.079979,12.5,0.43993,1.19474,1.86381,curved,gentle
MVI_40191,170,81,1271,1351,222.72,219.3,0.9846,26.65,88.27,2.724,68.09,0.008729,0.006042,0.019321,0.03325,30.08,0.45365,0.99675,2.44563,curved,gentle
MVI_40191,171,76,1281,1356,315.22,310.59,0.9853,35.33,53.38,3.784,94.61,0.003166,0.0022,0.006499,0.012534,79.78,0.19745,0.94784,2.07006,curved,gentle
MVI_40191,172,96,1301,1396,452.35,451.44,0.998,31.96,80.23,2.881,72.02,0.009049,0.002482,0.02173,0.099719,10.03,0.25178,1.00803,2.09992,curved,gentle
MVI_40191,173,101,1301,1401,352.34,347.1,0.9851,32.38,82.52,2.991,74.77,0.007351,0.003575,0.01876,0.044488,22.48,0.28095,1.0632,2.17305,curved,gentle
MVI_40191,174,101,1306,1406,507.63,505.99,0.9968,4.03,55.97,3.682,92.04,0.004047,0.002305,0.010384,0.0128,78.13,0.29812,0.57851,0.97656,straight,straight
MVI_40191,175,131,1326,1456,463.73,462.01,0.9963,33.7,141.61,2.135,53.38,0.016106,0.005895,0.046636,0.162758,6.14,0.40579,1.31947,3.49911,curved,gentle
MVI_40191,176,116,1331,1446,572.18,571.0,0.9979,5.22,89.3,2.796,69.91,0.008618,0.002505,0.023093,0.089587,11.16,0.23139,1.08455,1.79065,straight,straight
MVI_40191,177,131,1331,1461,512.71,507.48,0.9898,25.79,134.81,2.326,58.14,0.015202,0.004639,0.049591,0.090064,11.1,0.4354,1.33362,2.72217,curved,gentle
MVI_40191,178,96,1341,1436,453.94,451.95,0.9956,6.75,100.38,2.844,71.09,0.009731,0.005061,0.025907,0.039696,25.19,0.50565,1.1194,1.96975,straight,straight
MVI_40191,179,81,1346,1426,231.18,228.91,0.9902,57.58,78.16,2.536,63.4,0.008373,0.004328,0.02253,0.0499,20.04,0.30443,1.44811,2.03952,curved,sharp
MVI_40191,180,131,1356,1486,469.52,468.92,0.9987,14.86,79.08,2.099,52.48,0.00933,0.00301,0.026072,0.058356,17.14,0.25961,0.89505,1.53284,straight,gentle
MVI_40191,181,126,1361,1486,483.78,477.75,0.9875,2.5,139.34,2.213,55.32,0.014511,0.005192,0.037262,0.111084,9.0,0.39209,1.37987,2.30539,straight,straight
MVI_40191,182,106,1361,1466,485.28,483.05,0.9954,8.01,82.35,2.806,70.16,0.006071,0.003639,0.013887,0.030911,32.35,0.31814,0.86269,2.13837,straight,straight
MVI_40191,183,86,1376,1461,382.23,380.77,0.9962,38.44,66.48,3.61,90.26,0.005167,0.001986,0.016191,0.03087,32.39,0.19235,1.17731,2.762,curved,gentle
MVI_40191,184,101,1386,1486,323.97,319.48,0.9862,43.42,91.52,2.571,64.28,0.010165,0.005423,0.021492,0.090663,11.03,0.38937,0.90484,2.17911,curved,gentle
MVI_40191,185,121,1391,1511,437.46,436.63,0.9981,7.11,104.11,2.397,59.93,0.013953,0.00263,0.053108,0.086496,11.56,0.2036,1.45917,2.41107,straight,straight
MVI_40191,186,101,1396,1496,478.76,476.49,0.9953,26.58,66.82,3.424,85.6,0.004219,0.001484,0.009254,0.032155,31.1,0.13489,1.20868,2.00493,curved,gentle
MVI_40191,187,86,1396,1481,240.49,238.08,0.99,26.62,79.44,2.858,71.46,0.00747,0.005638,0.01592,0.031851,31.4,0.36119,0.90697,1.7055,curved,gentle
MVI_40191,188,116,1401,1516,445.9,438.04,0.9824,28.51,81.04,2.983,74.57,0.005967,0.003264,0.015599,0.035643,28.06,0.2679,0.75978,2.11278,curved,gentle
MVI_40191,189,101,1406,1506,464.21,463.12,0.9977,36.24,105.32,2.616,65.39,0.013901,0.004786,0.023129,0.235499,4.25,0.39814,1.00581,4.32408,curved,gentle
MVI_40191,190,121,1431,1551,482.89,473.19,0.9799,16.5,110.98,2.64,66.0,0.009425,0.004553,0.020816,0.080619,12.4,0.38573,1.02696,1.81145,straight,gentle
MVI_40191,191,126,1436,1561,469.58,467.43,0.9954,62.76,138.31,2.295,57.37,0.017646,0.004938,0.041817,0.153804,6.5,0.36052,1.31749,3.28046,curved,sharp
MVI_40191,192,106,1446,1551,326.36,322.73,0.9889,31.47,106.29,2.753,68.82,0.010319,0.005591,0.021907,0.122877,8.14,0.4199,1.08668,2.36123,curved,gentle
MVI_40191,193,106,1471,1576,323.42,319.08,0.9866,0.93,82.04,2.702,67.55,0.006963,0.002768,0.015806,0.048554,20.6,0.20394,1.19002,2.32633,straight,straight
MVI_40191,194,126,1476,1601,508.61,502.38,0.9878,36.18,182.08,2.466,61.65,0.021278,0.005676,0.047088,0.50182,1.99,0.50156,1.73714,6.43461,curved,gentle
MVI_40191,195,101,1486,1586,438.12,437.15,0.9978,12.27,68.44,2.935,73.38,0.006081,0.002192,0.017767,0.026956,37.1,0.16903,0.78023,1.73727,straight,gentle
MVI_40191,196,126,1496,1621,449.89,447.48,0.9947,17.98,176.66,2.163,54.07,0.020854,0.006264,0.057921,0.162958,6.14,0.4598,1.54182,7.1534,straight,gentle
MVI_40191,197,101,1506,1606,475.0,471.97,0.9936,22.13,68.6,3.607,90.17,0.004509,0.002549,0.012471,0.023064,43.36,0.23232,0.81172,1.37856,curved,gentle
MVI_40191,198,91,1506,1596,399.75,397.4,0.9941,14.24,87.2,3.64,90.99,0.007023,0.004095,0.016577,0.033022,30.28,0.51013,0.95868,1.3034,straight,gentle
MVI_40191,199,101,1516,1616,539.04,538.06,0.9982,22.0,67.37,3.771,94.28,0.005765,0.002825,0.015008,0.042108,23.75,0.31771,0.73303,1.15497,curved,gentle
MVI_40191,200,101,1521,1621,315.74,311.52,0.9866,12.3,91.64,2.841,71.02,0.008176,0.004,0.018638,0.039963,25.02,0.29384,1.11409,2.09571,straight,gentle
MVI_40191,201,101,1531,1631,500.36,496.31,0.9919,16.22,74.17,3.457,86.42,0.00413,0.002544,0.008083,0.017545,57.0,0.24612,0.77928,1.22544,straight,gentle
MVI_40191,202,101,1551,1651,408.15,405.92,0.9945,2.08,70.7,3.506,87.64,0.004713,0.00279,0.011554,0.024331,41.1,0.23736,1.11703,1.87133,straight,straight
MVI_40191,203,136,1561,1696,464.89,463.5,0.997,2.04,151.56,2.028,50.69,0.018491,0.00504,0.056228,0.081868,12.21,0.43103,1.38157,2.5548,straight,straight
MVI_40191,204,151,1571,1721,502.18,495.85,0.9874,22.67,183.39,2.008,50.19,0.016498,0.006021,0.036674,0.178077,5.62,0.4163,1.14553,3.37307,curved,gentle
MVI_40191,205,111,1581,1691,338.9,334.68,0.9875,35.7,102.12,2.368,59.21,0.009427,0.00648,0.022426,0.04049,24.7,0.39572,1.09025,2.29294,curved,gentle
MVI_40191,206,106,1581,1686,235.22,232.68,0.9892,37.2,113.95,2.095,52.37,0.011424,0.00723,0.029534,0.038904,25.7,0.44152,1.11992,1.49986,curved,gentle
MVI_40191,207,111,1581,1691,537.44,535.83,0.997,7.54,102.81,3.131,78.27,0.012407,0.002111,0.048881,0.091297,10.95,0.29348,1.49077,3.07267,straight,straight
MVI_40191,208,101,1581,1681,443.68,442.26,0.9968,3.4,83.53,2.772,69.3,0.011233,0.003293,0.018319,0.259689,3.85,0.31288,1.06981,3.35431,straight,straight
MVI_40191,209,141,1591,1731,470.77,467.96,0.994,25.87,207.11,2.024,50.61,0.027614,0.00979,0.092371,0.208619,4.79,0.53806,2.1447,3.61771,curved,gentle
MVI_40191,210,146,1601,1746,499.62,494.69,0.9901,11.75,137.5,2.155,53.88,0.013069,0.003709,0.039615,0.08377,11.94,0.28571,1.24873,2.2819,straight,gentle
MVI_40191,211,101,1606,1706,465.26,461.61,0.9921,41.86,90.0,3.322,83.05,0.006031,0.002809,0.016167,0.032358,30.9,0.27912,1.10488,1.73874,curved,gentle
MVI_40191,212,101,1621,1721,257.99,254.64,0.987,25.24,101.0,2.298,57.45,0.008514,0.004843,0.023316,0.035768,27.96,0.32708,1.03625,2.47071,curved,gentle
MVI_40191,213,116,1631,1746,397.21,390.16,0.9822,15.32,132.05,2.416,60.41,0.01084,0.006316,0.028335,0.050837,19.67,0.47607,1.31369,2.07222,straight,gentle
MVI_40191,214,141,1636,1776,451.09,449.24,0.9959,57.91,158.2,1.912,47.8,0.025991,0.004695,0.056108,0.322802,3.1,0.35922,1.45723,4.49405,curved,sharp
MVI_40191,215,136,1656,1791,485.74,479.89,0.988,61.54,146.46,2.163,54.07,0.017021,0.004655,0.03629,0.274295,3.65,0.35081,1.44308,3.7023,curved,sharp
MVI_40191,216,156,1661,1816,459.96,457.78,0.9953,16.69,191.8,2.0,49.99,0.030944,0.008402,0.099005,0.187488,5.33,0.40399,1.68302,3.01474,straight,gentle
MVI_40191,217,111,1676,1786,410.61,408.23,0.9942,8.69,108.48,2.827,70.68,0.00907,0.004783,0.017799,0.080047,12.49,0.35838,1.22351,2.35549,straight,straight
MVI_40191,218,116,1676,1791,460.73,459.2,0.9967,5.4,132.15,2.353,58.81,0.016392,0.006464,0.0507,0.083778,11.94,0.46133,1.32191,2.20319,straight,straight
MVI_40191,219,116,1681,1796,489.69,485.5,0.9914,44.85,100.88,2.824,70.6,0.007682,0.005666,0.020558,0.030876,32.39,0.30209,1.0716,2.1925,curved,gentle
MVI_40191,220,136,1681,1816,352.58,346.84,0.9837,27.83,177.64,2.426,60.65,0.021159,0.00692,0.060258,0.122344,8.17,0.46247,1.53489,2.61505,curved,gentle
MVI_40191,221,106,1686,1791,244.23,239.7,0.9815,36.21,103.42,2.33,58.24,0.010009,0.006388,0.024584,0.080118,12.48,0.33869,1.01522,2.09557,curved,gentle
MVI_40191,222,146,1691,1836,499.78,491.92,0.9843,32.19,234.04,2.069,51.72,0.023735,0.010714,0.066445,0.160923,6.21,0.74134,1.78445,3.79721,curved,gentle
MVI_40191,223,156,1696,1851,468.24,465.48,0.9941,8.75,150.21,1.506,37.65,0.019959,0.007688,0.051378,0.190769,5.24,0.37917,1.52776,3.30649,straight,straight
MVI_40191,224,136,1721,1856,331.71,326.32,0.9838,32.57,156.4,1.82,45.5,0.014442,0.009038,0.03677,0.091816,10.89,0.44984,1.43236,2.88926,curved,gentle
MVI_40191,225,156,1721,1876,448.28,444.9,0.9924,41.5,251.04,1.542,38.55,0.037158,0.009079,0.10483,0.343704,2.91,0.43571,2.04269,6.23519,curved,gentle
MVI_40191,226,141,1721,1861,497.79,491.11,0.9866,40.11,119.83,1.924,48.1,0.011988,0.004731,0.02868,0.091625,10.91,0.30946,1.07855,2.07491,curved,gentle
MVI_40191,227,106,1726,1831,522.81,520.08,0.9948,2.59,114.56,3.006,75.16,0.014534,0.002877,0.041446,0.121153,8.25,0.4296,1.37985,3.9099,straight,straight
MVI_40191,228,136,1756,1891,449.76,445.97,0.9916,20.42,147.99,2.04,50.99,0.018624,0.004456,0.057586,0.182244,5.49,0.3015,1.42839,2.9171,curved,gentle
MVI_40191,229,156,1766,1921,501.23,492.75,0.9831,19.52,134.82,1.898,47.46,0.012996,0.005435,0.028594,0.153115,6.53,0.27406,1.14616,3.17675,straight,gentle
MVI_40191,230,121,1771,1891,325.11,320.66,0.9863,12.84,130.53,2.274,56.85,0.011282,0.006068,0.020459,0.093723,10.67,0.31872,1.48066,2.91775,straight,gentle
MVI_40191,231,96,1781,1876,232.3,230.34,0.9916,37.2,141.39,2.012,50.31,0.016931,0.00917,0.038298,0.157046,6.37,0.48031,1.64511,7.20991,curved,gentle
MVI_40191,232,146,1791,1936,458.24,456.34,0.9958,4.32,136.23,1.844,46.11,0.017314,0.007366,0.055236,0.090515,11.05,0.38476,1.14946,2.05163,straight,straight
MVI_40191,233,126,1791,1916,502.89,499.21,0.9927,30.54,107.33,3.027,75.68,0.007947,0.004055,0.017721,0.055137,18.14,0.3278,0.92487,1.58004,curved,gentle
MVI_40191,234,96,1791,1886,429.54,427.85,0.9961,14.18,63.54,3.719,92.97,0.004353,0.002864,0.009161,0.024166,41.38,0.28365,0.76892,1.0455,straight,gentle
MVI_40191,235,121,1801,1921,309.8,295.93,0.9552,27.19,212.04,2.221,55.51,0.020423,0.008825,0.063824,0.18626,5.37,0.37187,2.29232,4.84934,curved,gentle
MVI_40191,236,156,1806,1961,488.92,481.4,0.9846,17.76,155.95,2.072,51.8,0.020239,0.006184,0.064406,0.110226,9.07,0.3766,1.63656,2.86393,straight,gentle
MVI_40191,237,151,1811,1961,465.19,461.79,0.9927,43.92,206.62,1.956,48.9,0.022709,0.009573,0.063419,0.143528,6.97,0.51921,1.73363,2.99546,curved,gentle
MVI_40191,238,131,1811,1941,580.56,579.35,0.9979,2.35,105.05,2.415,60.36,0.009955,0.003479,0.031619,0.051639,19.37,0.29053,0.97905,1.87152,straight,straight
MVI_40191,239,126,1816,1941,487.54,485.1,0.995,38.86,112.77,2.144,53.59,0.012124,0.004497,0.036272,0.073294,13.64,0.36418,0.97135,1.81049,curved,gentle
MVI_40191,240,101,1816,1916,407.67,403.62,0.9901,6.8,138.37,3.244,81.1,0.013925,0.004248,0.038208,0.127835,7.82,0.42816,2.09589,3.43607,straight,straight
MVI_40191,241,71,1821,1891,229.58,227.19,0.9896,28.7,68.95,3.032,75.81,0.006905,0.006039,0.014614,0.019295,51.83,0.47996,0.91078,1.56929,curved,gentle
MVI_40191,242,146,1826,1971,341.85,336.86,0.9854,4.71,170.26,1.759,43.96,0.015707,0.009586,0.038649,0.088298,11.33,0.46692,1.46856,2.51903,straight,straight
MVI_40191,243,91,1831,1921,260.32,257.68,0.9898,32.64,69.78,2.844,71.11,0.006729,0.003721,0.015727,0.034397,29.07,0.31282,0.84418,1.7613,curved,gentle
MVI_40191,244,156,1841,1996,470.18,468.63,0.9967,16.43,128.54,1.537,38.43,0.021039,0.003479,0.060188,0.297505,3.36,0.23822,1.01427,4.79373,straight,gentle
MVI_40191,245,146,1851,1996,340.83,336.94,0.9886,0.28,141.41,1.778,44.45,0.013441,0.007446,0.037733,0.07122,14.04,0.39454,1.04046,2.22873,straight,straight
MVI_40191,246,116,1866,1981,522.47,518.02,0.9915,4.53,88.26,2.661,66.52,0.010977,0.003237,0.04674,0.088261,11.33,0.22355,1.15196,1.91529,straight,straight
MVI_40191,247,151,1871,2021,607.1,601.81,0.9913,33.85,173.53,2.189,54.72,0.018323,0.005425,0.057462,0.188719,5.3,0.39352,1.38452,2.77391,curved,gentle
MVI_40191,248,146,1871,2016,504.83,500.12,0.9907,11.93,174.2,1.847,46.18,0.015818,0.006973,0.0439,0.093154,10.73,0.50909,1.35568,4.33391,straight,gentle
MVI_40191,249,121,1881,2001,498.13,496.12,0.996,22.35,109.57,2.89,72.26,0.00963,0.005166,0.028405,0.062972,15.88,0.36416,1.15339,1.63569,curved,gentle
MVI_40191,250,131,1906,2036,329.21,324.91,0.987,17.95,154.6,1.968,49.19,0.016478,0.009571,0.040584,0.090257,11.08,0.47285,1.29645,2.2278,straight,gentle
MVI_40191,251,131,1906,2036,519.75,516.59,0.9939,37.17,120.7,2.65,66.24,0.01054,0.003768,0.037099,0.058934,16.97,0.31279,1.23577,2.22558,curved,gentle
MVI_40191,252,131,1916,2046,493.42,486.53,0.986,43.35,139.91,2.369,59.23,0.01702,0.004543,0.031204,0.368461,2.71,0.34486,1.20602,4.66007,curved,gentle
MVI_40191,253,146,1931,2076,527.12,522.35,0.991,2.88,179.05,2.33,58.24,0.018624,0.00424,0.059993,0.159341,6.28,0.34509,1.80862,3.61232,straight,straight
MVI_40191,254,146,1936,2081,483.98,481.58,0.995,22.0,163.38,1.806,45.16,0.025976,0.007813,0.088728,0.194524,5.14,0.42055,1.69357,3.04836,curved,gentle
MVI_40191,255,141,1946,2086,509.4,503.0,0.9874,22.13,165.61,2.251,56.27,0.015474,0.006201,0.045799,0.118206,8.46,0.38635,1.39098,2.83825,curved,gentle
MVI_40191,256,126,1956,2081,321.2,317.64,0.9889,6.82,123.6,1.954,48.85,0.015917,0.007137,0.034394,0.26211,3.82,0.37079,1.25044,3.4975,straight,straight
MVI_40191,257,126,1956,2081,573.95,570.16,0.9934,32.68,118.49,2.519,62.98,0.011406,0.005605,0.028792,0.059017,16.94,0.4561,1.1326,1.81393,curved,gentle
MVI_40191,258,121,1956,2076,470.02,466.83,0.9932,27.69,97.26,2.129,53.23,0.009375,0.006555,0.026135,0.050814,19.68,0.29535,1.05633,2.62517,curved,gentle
MVI_40191,259,146,1971,2116,540.73,537.13,0.9933,9.63,143.3,2.318,57.94,0.01556,0.004419,0.046887,0.11292,8.86,0.46304,1.15813,3.31545,straight,straight
MVI_40191,260,76,1971,2046,222.32,220.31,0.991,42.38,117.64,2.756,68.91,0.012916,0.006709,0.031303,0.081791,12.23,0.45975,1.91584,5.45838,curved,gentle
MVI_40191,261,131,1971,2101,575.26,572.98,0.996,7.93,130.68,2.391,59.77,0.013608,0.004801,0.045813,0.072651,13.76,0.40663,1.2279,1.72207,straight,straight
MVI_40191,262,156,1996,2151,471.87,469.36,0.9947,2.25,148.61,1.688,42.2,0.01507,0.004814,0.041851,0.116727,8.57,0.30693,1.04124,1.7955,straight,straight
MVI_40191,263,151,2001,2151,508.47,500.3,0.9839,14.21,143.63,1.983,49.57,0.012456,0.005138,0.039124,0.054399,18.38,0.34427,1.19219,1.92342,straight,gentle
MVI_40191,264,136,2001,2136,334.88,329.82,0.9849,34.61,118.35,2.04,51.01,0.010801,0.006099,0.026838,0.054804,18.25,0.35314,0.87879,2.21389,curved,gentle
MVI_40191,265,126,2011,2136,587.51,586.2,0.9978,1.75,88.67,2.662,66.56,0.011175,0.003474,0.034863,0.092847,10.77,0.24139,0.89045,1.75069,straight,straight
MVI_40191,266,156,2021,2176,517.42,508.81,0.9834,0.61,200.79,1.864,46.61,0.021863,0.009306,0.058377,0.139101,7.19,0.58002,1.4845,2.62321,straight,straight
MVI_40191,267,101,2026,2126,257.18,253.9,0.9873,27.45,93.33,2.4,60.0,0.009678,0.006081,0.024699,0.049428,20.23,0.31682,1.12214,2.03447,curved,gentle
MVI_40191,268,141,2041,2181,328.75,323.91,0.9853,13.12,141.03,1.849,46.23,0.013348,0.006845,0.03659,0.059243,16.88,0.3476,1.17687,2.39108,straight,gentle
MVI_40191,269,151,2051,2201,444.87,442.89,0.9955,12.02,209.07,1.618,40.46,0.036465,0.008727,0.126449,0.297522,3.36,0.44357,2.04778,4.79325,straight,gentle
MVI_40191,270,111,2051,2161,462.35,459.68,0.9942,1.04,124.33,2.695,67.37,0.014166,0.003653,0.040898,0.115645,8.65,0.29325,1.5486,2.8668,straight,straight
MVI_40191,271,111,2051,2161,534.89,532.46,0.9954,26.4,115.08,2.906,72.65,0.016596,0.003308,0.04869,0.257295,3.89,0.36786,1.27546,3.63546,curved,gentle
MVI_40191,272,111,2051,2161,487.55,484.26,0.9933,39.34,118.42,3.18,79.51,0.010858,0.00308,0.03148,0.083816,11.93,0.33315,1.34597,2.00762,curved,gentle
MVI_40191,273,111,2066,2176,541.48,539.71,0.9967,9.39,91.12,2.982,74.54,0.008623,0.002347,0.024217,0.075895,13.18,0.24056,0.84282,2.07676,straight,straight
MVI_40191,274,136,2066,2201,524.48,522.73,0.9967,8.24,111.35,2.538,63.45,0.010712,0.003945,0.025774,0.088458,11.3,0.34881,0.89218,2.29207,straight,straight
MVI_40191,275,166,2066,2231,440.39,435.98,0.99,6.69,210.87,2.022,50.56,0.019447,0.007535,0.059375,0.099837,10.02,0.52254,1.79367,2.54471,straight,straight
MVI_40191,276,101,2066,2166,248.8,245.76,0.9878,49.89,106.19,2.313,57.83,0.009999,0.005363,0.025399,0.047449,21.08,0.3087,1.31957,3.73717,curved,sharp
MVI_40191,277,121,2076,2196,444.93,443.75,0.9973,6.53,94.83,2.298,57.44,0.010973,0.004059,0.020188,0.120098,8.33,0.28277,0.81083,2.66258,straight,straight
MVI_40191,278,131,2096,2226,612.52,609.32,0.9948,35.58,116.36,2.716,67.91,0.01078,0.003892,0.028621,0.077566,12.89,0.33666,0.9713,1.78819,curved,gentle
MVI_40191,279,106,2096,2201,247.45,244.85,0.9895,2.54,100.24,2.114,52.84,0.010018,0.007492,0.022682,0.042169,23.71,0.39147,1.02428,2.06604,straight,straight
MVI_40191,280,116,2096,2211,320.89,315.29,0.9826,6.25,132.46,2.273,56.82,0.011226,0.006862,0.023858,0.055753,17.94,0.40118,1.41867,2.04102,straight,straight
MVI_40191,281,141,2101,2241,464.92,462.05,0.9938,21.87,186.09,1.892,47.29,0.023964,0.004115,0.082188,0.202798,4.93,0.3332,2.35465,3.71159,curved,gentle
MVI_40191,282,126,2101,2226,457.4,455.27,0.9953,25.7,123.37,2.365,59.13,0.015206,0.00501,0.031114,0.162582,6.15,0.34357,1.00969,3.49421,curved,gentle
MVI_40191,283,126,2116,2241,484.01,478.16,0.9879,18.24,113.66,2.449,61.24,0.008971,0.004589,0.021834,0.085402,11.71,0.40361,1.05349,1.86696,straight,gentle
MVI_40191,284,96,2121,2216,245.27,239.17,0.9751,42.11,122.09,2.295,57.37,0.011711,0.006942,0.029857,0.062797,15.92,0.48018,1.4009,2.26887,curved,gentle
MVI_40191,285,136,2131,2266,510.1,507.18,0.9943,29.78,105.68,1.847,46.17,0.009501,0.004646,0.02501,0.075812,13.19,0.31165,0.90552,2.21684,curved,gentle
MVI_40191,286,146,2146,2291,509.68,504.24,0.9893,25.24,163.03,2.564,64.11,0.011888,0.00487,0.036706,0.066003,15.15,0.34585,1.43801,2.70973,curved,gentle
MVI_40191,287,151,2151,2301,439.85,435.88,0.991,6.24,167.91,2.051,51.29,0.013041,0.008092,0.035631,0.062741,15.94,0.50004,1.35424,2.17689,straight,straight
MVI_40191,288,131,2161,2291,444.3,441.7,0.9942,2.87,130.95,1.993,49.82,0.014751,0.006605,0.053632,0.079643,12.56,0.37514,1.26121,1.76918,straight,straight
MVI_40191,289,136,2166,2301,616.45,613.93,0.9959,26.35,134.39,2.305,57.61,0.013767,0.004649,0.04815,0.070876,14.11,0.37769,1.24274,1.76596,curved,gentle
MVI_40191,290,86,2171,2256,235.28,233.07,0.9906,40.37,98.88,2.576,64.4,0.010149,0.006202,0.025685,0.050581,19.77,0.39817,1.64513,2.79776,curved,gentle
MVI_40191,291,116,2176,2291,340.6,337.7,0.9915,11.23,116.7,2.505,62.63,0.012231,0.00515,0.039839,0.084294,11.86,0.332,1.45108,2.87825,straight,gentle
MVI_40191,292,141,2191,2331,500.96,495.65,0.9894,48.85,162.31,2.456,61.39,0.012118,0.005105,0.029633,0.103155,9.69,0.31338,1.40817,4.10425,curved,sharp
MVI_40191,293,81,2196,2276,235.93,230.99,0.979,52.84,86.98,2.791,69.76,0.007786,0.004525,0.021305,0.049483,20.21,0.37217,1.23745,2.49705,curved,sharp
MVI_40191,294,126,2201,2326,478.0,475.35,0.9945,17.52,125.11,2.475,61.88,0.010825,0.003788,0.034292,0.099894,10.01,0.25116,1.32633,4.62099,straight,gentle
MVI_40191,295,141,2216,2356,511.26,498.71,0.9755,15.3,160.25,2.602,65.06,0.011835,0.006149,0.035427,0.061755,16.19,0.4597,1.46623,1.98546,straight,gentle
MVI_40191,296,111,2216,2326,478.69,476.59,0.9956,38.59,114.71,2.362,59.05,0.013692,0.004998,0.0448,0.061247,16.33,0.41457,1.15087,1.52066,curved,gentle
MVI_40191,297,106,2236,2341,302.8,299.16,0.988,0.0,91.38,2.372,59.3,0.009304,0.002936,0.022758,0.097654,10.24,0.20644,1.23567,2.42297,straight,straight
MVI_40191,298,141,2241,2381,468.63,467.19,0.9969,40.97,144.07,1.966,49.15,0.017262,0.003252,0.051049,0.115686,8.64,0.3601,1.39801,2.69453,curved,gentle
MVI_40191,299,81,2251,2331,220.33,217.0,0.9849,70.57,134.25,2.484,62.11,0.015289,0.007103,0.036214,0.107399,9.31,0.47834,1.82268,5.98473,curved,sharp
MVI_40191,300,116,2251,2366,564.71,562.03,0.9953,35.07,115.39,3.265,81.62,0.009704,0.004729,0.029274,0.042514,23.52,0.45609,1.00154,1.82279,curved,gentle
MVI_40191,301,101,2251,2351,486.11,483.39,0.9944,24.12,105.8,3.499,87.48,0.009592,0.004163,0.029458,0.074723,13.38,0.37461,1.31039,2.73611,curved,gentle
MVI_40191,302,101,2266,2366,484.77,480.39,0.991,56.13,81.19,3.382,84.54,0.006654,0.001546,0.01622,0.146503,6.83,0.12856,1.02531,2.55238,curved,sharp
MVI_40191,303,116,2266,2381,408.71,405.91,0.9932,25.67,111.3,2.742,68.56,0.007265,0.004679,0.018794,0.025011,39.98,0.39359,1.01513,2.99624,curved,gentle
MVI_40191,304,146,2271,2416,472.24,470.4,0.9961,23.3,151.3,2.217,55.42,0.018354,0.006839,0.040698,0.186064,5.37,0.37398,1.21809,3.1134,curved,gentle
MVI_40191,305,111,2281,2391,321.65,317.8,0.988,38.31,109.95,2.34,58.5,0.012533,0.005442,0.024466,0.162079,6.17,0.2874,1.22007,3.24798,curved,gentle
MVI_40191,306,141,2291,2431,496.46,490.34,0.9877,20.71,154.39,2.227,55.69,0.013897,0.004909,0.036749,0.095849,10.43,0.37038,1.32259,2.06789,curved,gentle
MVI_40191,307,141,2296,2436,453.57,452.19,0.997,4.31,153.18,1.899,47.49,0.018851,0.007382,0.046322,0.254784,3.92,0.38338,1.28378,3.79085,straight,straight
MVI_40191,308,101,2301,2401,476.28,471.4,0.9897,10.88,102.71,3.467,86.67,0.007781,0.004465,0.020867,0.038149,26.21,0.32013,1.51575,2.32199,straight,gentle
MVI_40191,309,81,2316,2396,224.15,221.5,0.9882,25.96,75.35,2.607,65.17,0.007715,0.004335,0.0231,0.042945,23.29,0.26925,1.16846,2.54064,curved,gentle
MVI_40191,310,111,2321,2431,333.14,329.38,0.9887,19.54,88.45,2.42,60.5,0.008054,0.006439,0.01736,0.032315,30.95,0.3644,0.78861,1.81235,straight,gentle
MVI_40191,311,141,2326,2466,438.59,437.56,0.9976,15.97,73.9,1.95,48.75,0.007794,0.003919,0.021446,0.055764,17.93,0.24154,0.72007,0.97487,straight,gentle
MVI_40191,312,136,2326,2461,473.95,467.75,0.9869,22.57,157.02,2.534,63.36,0.017607,0.006139,0.033821,0.404834,2.47,0.35537,1.33716,5.67932,curved,gentle
MVI_40191,313,121,2326,2446,585.24,583.96,0.9978,10.73,90.39,2.867,71.67,0.009987,0.003341,0.031073,0.066382,15.06,0.25734,1.12018,1.67594,straight,gentle
MVI_40191,314,86,2336,2421,394.0,392.68,0.9967,43.18,77.74,3.596,89.9,0.008956,0.002714,0.014776,0.087266,11.46,0.38645,0.88837,2.85178,curved,gentle
MVI_40191,315,131,2341,2471,498.77,493.98,0.9904,42.7,138.81,2.468,61.71,0.013002,0.004668,0.040253,0.088801,11.26,0.34866,1.56462,2.4532,curved,gentle
MVI_40191,316,101,2346,2446,467.5,466.27,0.9974,20.7,97.6,2.72,67.99,0.010724,0.003878,0.02581,0.069557,14.38,0.40001,1.19235,2.17392,curved,gentle
MVI_40191,317,81,2351,2431,240.87,237.65,0.9867,32.71,64.46,2.914,72.85,0.005829,0.003977,0.014734,0.022665,44.12,0.23872,0.68517,2.44927,curved,gentle
MVI_40191,318,141,2351,2491,478.18,473.64,0.9905,14.13,188.59,1.923,48.07,0.019404,0.005312,0.041714,0.300739,3.33,0.29457,1.47649,6.55289,straight,gentle
MVI_40191,319,96,2356,2451,414.94,413.54,0.9966,21.49,58.93,3.476,86.89,0.00457,0.002802,0.011832,0.017948,55.72,0.24554,0.77244,1.17924,curved,gentle
MVI_40191,320,121,2356,2476,559.2,557.51,0.997,17.89,92.58,2.65,66.24,0.008821,0.003771,0.026522,0.049825,20.07,0.28505,1.04152,1.78777,straight,gentle
MVI_40191,321,125,2371,2495,472.32,466.49,0.9876,34.41,140.26,2.506,62.65,0.013672,0.004339,0.03794,0.080043,12.49,0.35708,1.33072,2.18001,curved,gentle
MVI_40191,322,105,2391,2495,424.79,422.54,0.9947,5.74,98.33,3.328,83.2,0.010058,0.003509,0.021289,0.08593,11.64,0.4133,1.25205,1.96456,straight,straight
MVI_40191,323,105,2391,2495,298.37,294.14,0.9858,9.75,130.8,2.614,65.35,0.012448,0.006947,0.025971,0.121486,8.23,0.46635,1.32931,2.54774,straight,straight
MVI_40191,324,95,2401,2495,398.9,394.07,0.9879,8.59,67.23,3.231,80.77,0.005688,0.001521,0.016499,0.053722,18.61,0.14385,1.01405,1.67392,straight,straight
MVI_40191,325,90,2406,2495,326.75,326.14,0.9981,1.58,65.09,2.654,66.36,0.008349,0.004199,0.024436,0.043367,23.06,0.31111,1.05154,1.64383,straight,straight
MVI_40191,326,71,2411,2481,216.48,214.16,0.9893,49.66,81.99,2.993,74.82,0.007546,0.004061,0.012233,0.059613,16.77,0.33107,1.32836,4.40648,curved,sharp
MVI_40191,327,75,2421,2495,219.07,218.34,0.9967,5.05,67.72,2.42,60.51,0.010515,0.005651,0.02772,0.058206,17.18,0.38564,1.03511,2.26267,straight,straight
MVI_40191,328,65,2431,2495,125.83,125.13,0.9945,31.11,70.71,1.894,47.36,0.013589,0.010228,0.036801,0.046657,21.43,0.49594,1.1114,1.26553,curved,gentle
MVI_40191,329,65,2431,2495,372.71,370.35,0.9937,14.82,63.98,5.524,138.1,0.004357,0.00366,0.008913,0.013778,72.58,0.36595,1.45895,2.19965,straight,gentle
MVI_40191,330,60,2436,2495,193.13,188.88,0.978,69.23,95.77,3.031,75.77,0.009507,0.005143,0.02501,0.041468,24.11,0.41777,2.69009,3.78626,curved,sharp
MVI_40191,331,60,2436,2495,132.72,132.03,0.9948,30.4,64.17,2.153,53.83,0.014106,0.008475,0.052675,0.056043,17.84,0.51624,1.47304,1.53429,curved,gentle
MVI_40191,332,55,2441,2495,197.26,193.99,0.9834,22.54,58.4,3.577,89.43,0.005908,0.004675,0.015038,0.020522,48.73,0.39511,0.93168,2.35472,curved,gentle
MVI_40191,333,45,2451,2495,281.25,275.87,0.9809,22.75,40.49,6.418,160.45,0.002634,0.001603,0.005869,0.009631,103.84,0.2173,1.16853,1.90027,curved,gentle
MVI_40191,334,20,2476,2495,28.4,28.31,0.9968,5.53,21.17,1.365,34.13,0.012458,0.010807,0.020079,0.025337,39.47,0.36713,0.8635,1.04813,straight,straight
MVI_40191,335,20,2476,2495,27.66,27.51,0.9946,2.39,26.76,1.485,37.11,0.022802,0.02075,0.049138,0.065087,15.36,0.77918,1.35717,1.5451,straight,straight
MVI_40191,336,15,2481,2495,130.36,130.26,0.9992,2.33,10.24,9.679,241.97,0.001613,0.001475,0.002566,0.003972,251.74,0.37926,0.45608,0.54399,straight,straight
MVI_40191,337,10,2486,2495,37.23,35.71,0.9592,71.17,71.17,3.942,98.55,0.052014,0.027631,0.134333,0.157932,6.33,2.70008,7.68649,8.56528,unknown,unknown
MVI_40191,338,10,2486,2495,43.47,43.43,0.9992,8.74,8.74,4.845,121.13,0.003998,0.003287,0.006995,0.0086,116.27,0.397,0.668,0.7671,unknown,unknown
MVI_40191,339,10,2486,2495,79.94,79.62,0.996,18.64,18.64,8.811,220.27,0.004498,0.004048,0.007224,0.008548,116.99,0.89121,1.28806,1.44153,unknown,unknown
MVI_40191,340,5,2491,2495,5.96,5.96,1.0,0.05,0.05,1.491,37.28,0.000144,0.000144,0.000144,0.000144,6939.48,0.00536,0.00537,0.00537,unknown,unknown
MVI_40191,341,116,2006,2121,451.51,450.05,0.9968,34.35,144.86,2.316,57.89,0.022844,0.009747,0.072815,0.146475,6.83,0.54569,1.5308,2.88398,curved,gentle
MVI_40192,1,16,1,16,222.22,221.94,0.9987,11.42,11.42,14.555,363.87,0.001009,0.000707,0.001963,0.002673,374.15,0.25454,0.60343,0.74222,straight,gentle
MVI_40192,2,21,1,21,244.5,243.5,0.9959,16.28,18.8,12.08,302.0,0.001379,0.001087,0.002732,0.003689,271.07,0.38373,0.81977,1.00157,straight,gentle
MVI_40192,3,41,1,41,371.0,369.59,0.9962,27.01,39.47,8.546,213.66,0.002903,0.001683,0.007486,0.009228,108.36,0.42284,1.01759,1.54897,curved,gentle
MVI_40192,4,51,1,51,351.54,347.61,0.9888,47.82,64.62,6.486,162.16,0.004042,0.002218,0.008859,0.019219,52.03,0.36655,2.0033,2.15408,curved,sharp
MVI_40192,5,81,1,81,499.76,497.37,0.9952,12.71,78.57,4.528,113.2,0.005496,0.002894,0.015845,0.025587,39.08,0.45823,0.8927,1.79706,straight,gentle
MVI_40192,6,71,1,71,412.86,411.47,0.9967,22.38,58.63,4.734,118.36,0.00507,0.002358,0.0128,0.025131,39.79,0.35881,0.80522,1.10563,curved,gentle
MVI_40192,7,76,1,76,378.92,377.8,0.9971,8.43,74.4,4.259,106.48,0.007318,0.003787,0.019012,0.055074,18.16,0.53678,0.95795,1.78168,straight,straight
MVI_40192,8,81,1,81,97.49,96.52,0.99,15.62,107.6,1.099,27.48,0.030094,0.025174,0.062324,0.086687,11.54,0.74857,1.41044,2.31745,straight,gentle
MVI_40192,9,36,1,36,30.52,29.99,0.9826,7.59,61.54,0.889,22.23,0.04799,0.042439,0.070099,0.183608,5.45,1.14653,1.69177,2.32633,straight,straight
MVI_40192,10,36,1,36,41.8,40.74,0.9748,36.92,96.91,1.181,29.53,0.050122,0.053382,0.108499,0.130679,7.65,1.51427,2.32951,3.10056,curved,gentle
MVI_40192,11,16,1,16,13.29,12.66,0.9525,19.65,60.92,0.855,21.39,0.13525,0.108136,0.237381,0.389306,2.57,2.41147,4.3478,5.63429,curved,gentle
MVI_40192,12,11,1,11,8.65,8.0,0.9245,84.87,84.87,0.8,20.0,0.220106,0.163073,0.452781,0.485982,2.06,3.26137,6.44272,6.75394,unknown,unknown
MVI_40192,13,6,1,6,10.24,10.24,1.0,0.02,0.15,2.049,51.21,0.000299,0.000299,0.000359,0.000359,2782.96,0.01531,0.01839,0.0184,unknown,unknown
MVI_40192,14,61,1,61,86.07,85.42,0.9925,21.09,83.39,1.299,32.48,0.024544,0.020914,0.055019,0.078154,12.8,0.74496,1.58875,2.21965,curved,gentle
MVI_40192,15,81,1,81,145.64,143.9,0.988,21.11,148.25,1.631,40.78,0.025598,0.01771,0.058357,0.109159,9.16,0.85558,1.9253,2.79625,curved,gentle
MVI_40192,16,61,1,61,154.69,154.44,0.9984,4.74,35.86,2.303,57.57,0.005542,0.002118,0.016551,0.02755,36.3,0.17836,0.78134,1.28522,straight,straight
MVI_40192,17,101,1,101,252.61,251.4,0.9952,31.16,131.48,1.982,49.54,0.020209,0.009848,0.041796,0.328324,3.05,0.44304,1.6917,5.43837,curved,gentle
MVI_40192,18,126,1,126,329.0,327.1,0.9942,13.01,167.53,1.83,45.74,0.026657,0.007682,0.078173,0.186334,5.37,0.4256,1.87218,4.25129,straight,gentle
MVI_40192,19,131,1,131,411.59,406.46,0.9875,45.83,165.88,2.077,51.93,0.014772,0.010499,0.03881,0.076228,13.12,0.53285,1.55745,2.12212,curved,sharp
MVI_40192,20,151,16,166,446.61,444.51,0.9953,75.49,251.98,1.768,44.21,0.028359,0.004175,0.080162,0.319374,3.13,0.26885,1.65106,4.41335,curved,sharp
MVI_40192,21,111,16,126,296.69,293.01,0.9876,37.66,93.0,2.369,59.22,0.007901,0.004533,0.019442,0.031011,32.25,0.32298,0.9001,2.20998,curved,gentle
MVI_40192,22,86,41,126,216.44,213.9,0.9883,37.88,82.58,2.432,60.8,0.008843,0.006476,0.023565,0.036144,27.67,0.38527,0.99557,2.21043,curved,gentle
MVI_40192,23,116,51,166,330.88,325.75,0.9845,35.16,125.27,2.318,57.95,0.010684,0.006449,0.025078,0.078785,12.69,0.40518,1.21656,2.4899,curved,gentle
MVI_40192,24,131,51,181,464.02,457.48,0.9859,12.99,95.54,2.486,62.16,0.01076,0.003778,0.036773,0.085104,11.75,0.24315,1.02763,1.9142,straight,gentle
MVI_40192,25,96,51,146,567.8,565.38,0.9957,14.66,122.14,3.945,98.62,0.013079,0.002185,0.04353,0.101183,9.88,0.31697,1.84208,3.60829,straight,gentle
MVI_40192,26,1,61,61,0.0,0.0,,,,0.0,0.0,,,,,,,,,unknown,unknown
MVI_40192,27,141,66,206,408.44,406.86,0.9961,19.46,147.6,1.823,45.57,0.021978,0.009235,0.047771,0.196379,5.09,0.43483,1.30952,3.06948,straight,gentle
MVI_40192,28,141,81,221,447.36,439.71,0.9829,47.45,193.87,2.055,51.39,0.020881,0.007712,0.070845,0.137161,7.29,0.49958,1.72982,2.88997,curved,sharp
MVI_40192,29,111,96,206,304.07,298.97,0.9832,37.48,150.36,2.307,57.67,0.016092,0.009649,0.038163,0.103182,9.69,0.53121,1.95664,3.19997,curved,gentle
MVI_40192,30,86,96,181,225.62,224.48,0.9949,10.68,91.66,2.633,65.83,0.010387,0.005133,0.023175,0.069792,14.33,0.38269,1.33079,2.04243,straight,gentle
MVI_40192,31,161,101,261,446.23,443.99,0.995,5.23,209.09,1.658,41.44,0.027203,0.008589,0.080483,0.200593,4.99,0.52342,1.70721,3.46518,straight,straight
MVI_40192,32,106,106,211,488.16,486.54,0.9967,9.57,69.49,3.529,88.23,0.004966,0.003095,0.012314,0.024164,41.38,0.29363,0.6509,1.25909,straight,straight
MVI_40192,33,161,131,291,434.26,432.16,0.9952,38.48,165.16,1.646,41.16,0.015138,0.007408,0.040173,0.092297,10.83,0.35744,1.12345,3.24429,curved,gentle
MVI_40192,34,116,131,246,302.56,297.91,0.9846,47.62,155.88,2.147,53.66,0.016389,0.009529,0.042575,0.068359,14.63,0.64334,1.55413,2.09752,curved,sharp
MVI_40192,35,96,146,241,473.93,470.86,0.9935,13.89,99.52,3.32,82.99,0.009093,0.004846,0.024166,0.048553,20.6,0.45402,1.23584,1.94218,straight,gentle
MVI_40192,36,121,151,271,546.6,543.49,0.9943,1.95,200.38,2.85,71.26,0.020515,0.006774,0.052267,0.321104,3.11,0.51468,1.68713,6.95627,straight,straight
MVI_40192,37,131,156,286,424.04,418.74,0.9875,21.22,145.55,2.121,53.02,0.016653,0.005131,0.05659,0.120467,8.3,0.37806,1.59888,2.93309,curved,gentle
MVI_40192,38,136,166,301,439.43,436.67,0.9937,6.75,135.68,2.047,51.17,0.012878,0.006233,0.032206,0.063793,15.68,0.35189,1.16681,2.00538,straight,straight
MVI_40192,39,91,166,256,224.64,222.54,0.9907,55.74,101.21,2.362,59.05,0.010731,0.006067,0.028052,0.048422,20.65,0.37352,1.20814,3.36112,curved,sharp
MVI_40192,40,91,171,261,449.73,448.73,0.9978,4.05,43.73,3.691,92.27,0.00291,0.002255,0.005543,0.015314,65.3,0.27566,0.55481,0.88736,straight,straight
MVI_40192,41,101,201,301,446.28,444.14,0.9952,8.02,109.11,2.814,70.36,0.012295,0.003526,0.020256,0.148714,6.72,0.32031,1.33,3.39567,straight,straight
MVI_40192,42,141,206,346,461.18,459.58,0.9965,21.48,168.87,2.15,53.74,0.021093,0.006722,0.06413,0.131999,7.58,0.45974,1.48213,2.46934,curved,gentle
MVI_40192,43,146,221,366,493.54,485.96,0.9846,58.22,209.37,2.131,53.27,0.022554,0.007545,0.041547,0.366704,2.73,0.50598,1.50339,5.65522,curved,sharp
MVI_40192,44,116,221,336,322.79,319.67,0.9903,15.17,99.6,2.32,57.99,0.008289,0.003734,0.021548,0.046915,21.32,0.24493,1.09583,2.10464,straight,gentle
MVI_40192,45,106,221,326,488.52,485.39,0.9936,43.84,94.84,3.226,80.64,0.006437,0.003012,0.020008,0.037072,26.97,0.29554,1.07662,1.70808,curved,gentle
MVI_40192,46,141,226,366,452.8,451.38,0.9969,6.94,165.15,1.908,47.7,0.023611,0.008642,0.059645,0.206092,4.85,0.46328,1.57285,3.1201,straight,straight
MVI_40192,47,101,236,336,234.36,232.01,0.99,22.61,103.22,2.109,52.72,0.009819,0.00697,0.019308,0.047253,21.16,0.34186,1.06932,1.55355,curved,gentle
MVI_40192,48,126,246,371,485.8,483.63,0.9955,17.98,150.24,2.243,56.07,0.022393,0.005345,0.06596,0.19131,5.23,0.44146,1.61873,3.99317,straight,gentle
MVI_40192,49,136,251,386,447.09,443.88,0.9928,41.88,195.52,1.956,48.91,0.023926,0.009292,0.059649,0.181057,5.52,0.57108,1.96009,3.23924,curved,gentle
MVI_40192,50,111,256,366,318.99,314.74,0.9867,40.75,139.42,2.308,57.7,0.013014,0.007176,0.036211,0.067029,14.92,0.4188,1.53873,2.20727,curved,gentle
MVI_40192,51,141,256,396,497.3,491.61,0.9885,5.89,198.83,2.233,55.82,0.021361,0.00835,0.062193,0.102536,9.75,0.59319,1.81728,3.15951,straight,straight
MVI_40192,52,136,271,406,439.45,437.87,0.9964,27.32,131.9,2.12,52.99,0.017887,0.004846,0.060144,0.106521,9.39,0.30786,1.38695,2.1204,curved,gentle
MVI_40192,53,111,281,391,305.75,300.29,0.9822,120.72,252.41,2.391,59.76,0.023026,0.005338,0.030977,0.661077,1.51,0.39915,1.61822,8.29054,curved,sharp
MVI_40192,54,91,281,371,214.85,212.62,0.9896,6.09,122.78,2.422,60.54,0.022434,0.009631,0.023771,0.599381,1.67,0.55239,1.67559,7.70713,straight,straight
MVI_40192,55,131,306,436,458.92,457.09,0.996,25.41,131.21,2.168,54.2,0.014438,0.00541,0.038952,0.172326,5.8,0.3927,1.14299,2.45165,curved,gentle
MVI_40192,56,111,306,416,479.61,477.49,0.9956,5.13,116.13,2.891,72.28,0.012337,0.00411,0.034389,0.05799,17.24,0.41653,1.19244,1.70346,straight,straight
MVI_40192,57,116,316,431,329.83,323.62,0.9812,3.75,221.0,2.306,57.66,0.026825,0.007953,0.081019,0.212975,4.7,0.53022,2.81327,4.62224,straight,straight
MVI_40192,58,131,321,451,476.57,470.03,0.9863,11.78,152.46,2.458,61.46,0.014474,0.006876,0.041969,0.092936,10.76,0.473,1.54901,2.44117,straight,gentle
MVI_40192,59,91,331,421,230.24,227.72,0.989,12.79,89.45,2.5,62.5,0.00817,0.005232,0.021112,0.030617,32.66,0.34255,0.93146,2.07339,straight,gentle
MVI_40192,60,106,336,441,566.2,564.15,0.9964,31.19,94.41,3.418,85.45,0.00875,0.002801,0.03141,0.047613,21.0,0.28662,1.25916,1.73809,curved,gentle
MVI_40192,61,106,346,451,311.05,306.06,0.9839,13.84,125.64,2.444,61.09,0.010827,0.009124,0.021544,0.039337,25.42,0.53904,1.21394,2.60472,straight,gentle
MVI_40192,62,136,351,486,465.48,463.69,0.9962,37.1,168.2,2.085,52.13,0.033991,0.004528,0.117236,0.468486,2.13,0.26715,2.03023,5.89526,curved,gentle
MVI_40192,63,131,361,491,481.33,475.72,0.9883,10.58,164.04,2.454,61.34,0.018073,0.004827,0.043621,0.196872,5.08,0.37846,1.6206,3.59496,straight,gentle
MVI_40192,64,91,361,451,234.09,232.18,0.9918,17.31,81.05,2.428,60.69,0.007947,0.005539,0.018491,0.042428,23.57,0.3305,0.88854,2.12108,straight,gentle
MVI_40192,65,91,371,461,408.23,405.8,0.994,8.59,108.8,3.89,97.26,0.007976,0.004826,0.020081,0.03086,32.4,0.4364,1.38174,2.53432,straight,straight
MVI_40192,66,101,376,476,316.58,312.06,0.9857,37.51,124.95,2.848,71.21,0.009901,0.006547,0.021074,0.067826,14.74,0.51882,1.75314,2.9954,curved,gentle
MVI_40192,67,121,381,501,546.39,545.71,0.9988,9.78,74.08,2.602,65.06,0.006088,0.003773,0.014684,0.025627,39.02,0.28128,0.8042,1.13257,straight,straight
MVI_40192,68,91,396,486,234.39,231.25,0.9866,20.45,123.64,2.415,60.37,0.014281,0.00819,0.03266,0.06496,15.39,0.57611,1.75001,2.38045,curved,gentle
MVI_40192,69,131,401,531,440.35,437.87,0.9944,92.17,236.86,2.011,50.28,0.024301,0.003323,0.086309,0.375229,2.67,0.32888,2.07732,4.78288,curved,sharp
MVI_40192,70,126,416,541,439.94,436.22,0.9915,36.76,128.1,2.193,54.83,0.014155,0.005153,0.036608,0.122295,8.18,0.3949,1.27519,2.78713,curved,gentle
MVI_40192,71,111,421,531,478.23,475.92,0.9952,26.67,110.62,2.965,74.14,0.008888,0.003665,0.023263,0.055711,17.95,0.34952,1.29894,2.78176,curved,gentle
MVI_40192,72,131,431,561,462.67,460.13,0.9945,1.99,144.59,2.057,51.44,0.015937,0.005563,0.045177,0.139676,7.16,0.33684,1.32418,2.45965,straight,straight
MVI_40192,73,106,431,536,281.06,279.27,0.9936,39.17,103.67,2.382,59.55,0.014474,0.004003,0.044975,0.151315,6.61,0.31806,1.49309,3.30907,curved,gentle
MVI_40192,74,106,441,546,472.2,468.05,0.9912,29.61,116.82,2.814,70.34,0.010035,0.004481,0.029897,0.052056,19.21,0.38572,1.37091,2.70034,curved,gentle
MVI_40192,75,106,451,556,549.8,548.21,0.9971,10.22,77.72,3.294,82.36,0.006451,0.002977,0.016931,0.039087,25.58,0.28172,0.83708,1.40393,straight,gentle
MVI_40192,76,116,456,571,480.66,472.75,0.9836,102.45,217.23,2.836,70.9,0.034588,0.004533,0.042652,0.697851,1.43,0.45206,1.53838,9.40797,curved,sharp
MVI_40192,77,121,461,581,443.42,442.13,0.9971,5.52,121.29,2.311,57.77,0.016574,0.002688,0.056392,0.117111,8.54,0.24249,1.64533,2.48125,straight,straight
MVI_40192,78,106,466,571,325.57,321.65,0.9879,29.66,124.75,2.449,61.24,0.012211,0.005748,0.033544,0.071256,14.03,0.47632,1.61227,2.90853,curved,gentle
MVI_40192,79,111,476,586,572.87,570.25,0.9954,27.68,115.89,3.433,85.81,0.010431,0.00468,0.018662,0.121027,8.26,0.44471,1.18773,3.197,curved,gentle
MVI_40192,80,131,486,616,457.33,454.98,0.9949,0.4,169.17,2.217,55.42,0.019268,0.008248,0.048085,0.100926,9.91,0.49155,1.8054,2.6622,straight,straight
MVI_40192,81,126,491,616,467.0,463.29,0.9921,26.87,150.98,2.555,63.89,0.016815,0.010447,0.047227,0.081591,12.26,0.58389,1.45865,2.20907,curved,gentle
MVI_40192,82,111,501,611,330.85,328.0,0.9914,13.24,120.37,2.489,62.21,0.011303,0.007254,0.025269,0.055199,18.12,0.51562,1.15084,1.9373,straight,gentle
MVI_40192,83,121,506,626,493.87,489.81,0.9918,23.07,175.18,2.389,59.72,0.020331,0.007251,0.046607,0.114998,8.7,0.50241,1.91423,2.38506,curved,gentle
MVI_40192,84,106,506,611,421.53,420.06,0.9965,11.57,98.34,3.208,80.21,0.009669,0.003114,0.02765,0.046199,21.65,0.36014,1.17473,1.95089,straight,gentle
MVI_40192,85,111,521,631,472.35,469.16,0.9932,9.49,86.2,2.917,72.94,0.007691,0.003215,0.023466,0.048251,20.72,0.30855,1.02329,1.84107,straight,straight
MVI_40192,86,81,526,606,245.31,240.77,0.9815,49.78,116.11,2.901,72.53,0.009954,0.006727,0.022796,0.037611,26.59,0.47692,1.59359,2.89668,curved,sharp
MVI_40192,87,66,516,581,199.01,197.9,0.9944,34.18,85.04,3.018,75.46,0.009619,0.007597,0.020339,0.048246,20.73,0.46826,1.45602,2.18015,curved,gentle
MVI_40192,88,126,541,666,497.29,490.41,0.9862,10.09,178.16,2.459,61.47,0.021909,0.007287,0.048631,0.282642,3.54,0.58371,1.61799,4.45873,straight,gentle
MVI_40192,89,116,546,661,474.55,468.75,0.9878,90.79,175.22,2.606,65.14,0.020919,0.00469,0.058983,0.265968,3.76,0.42655,1.65951,5.58113,curved,sharp
MVI_40192,90,91,546,636,297.89,295.44,0.9918,8.89,95.31,3.132,78.3,0.007117,0.006835,0.013316,0.027419,36.47,0.41697,1.07118,2.03938,straight,straight
MVI_40192,91,101,546,646,548.09,546.05,0.9963,35.52,87.4,3.517,87.93,0.007865,0.003002,0.023716,0.0521,19.19,0.29402,1.32595,1.8823,curved,gentle
MVI_40192,92,111,546,656,485.59,483.51,0.9957,29.18,127.07,2.827,70.67,0.014824,0.003046,0.045386,0.145332,6.88,0.35692,1.4974,3.92388,curved,gentle
MVI_40192,93,101,546,646,490.22,487.72,0.9949,26.72,89.21,3.541,88.53,0.007549,0.004343,0.022252,0.036951,27.06,0.43505,1.16137,1.98136,curved,gentle
MVI_40192,94,96,576,671,487.27,484.13,0.9936,15.96,104.76,4.053,101.32,0.007301,0.005357,0.016955,0.031369,31.88,0.46929,1.35138,1.94638,straight,gentle
MVI_40192,95,116,586,701,449.92,447.08,0.9937,19.42,86.2,2.566,64.15,0.006693,0.003541,0.018011,0.034205,29.24,0.34336,0.6938,1.06732,straight,gentle
MVI_40192,96,101,591,691,535.43,532.95,0.9954,22.23,107.17,3.452,86.31,0.00823,0.004361,0.021004,0.041202,24.27,0.43059,1.28233,1.81282,curved,gentle
MVI_40192,97,106,601,706,462.58,459.61,0.9936,6.0,119.89,3.313,82.82,0.011031,0.006778,0.029163,0.044464,22.49,0.5728,1.26795,2.35721,straight,straight
MVI_40192,98,106,601,706,461.74,459.61,0.9954,44.4,121.45,2.635,65.87,0.012225,0.004247,0.038824,0.066439,15.05,0.48478,1.34658,2.20237,curved,gentle
MVI_40192,99,96,611,706,305.34,302.05,0.9892,39.59,93.95,2.608,65.21,0.007044,0.0047,0.014433,0.032031,31.22,0.38483,1.0998,2.01264,curved,gentle
MVI_40192,100,116,616,731,461.16,459.54,0.9965,4.24,114.34,2.776,69.4,0.013068,0.004589,0.023642,0.112961,8.85,0.30539,1.43714,2.42574,straight,straight
MVI_40192,101,86,616,701,225.17,222.99,0.9903,3.03,91.29,2.676,66.9,0.009833,0.008488,0.018964,0.025015,39.98,0.53438,1.08843,1.75027,straight,straight
MVI_40192,102,96,621,716,532.97,531.58,0.9974,26.9,101.56,3.217,80.43,0.012075,0.004057,0.030689,0.076849,13.01,0.38957,1.46878,2.28494,curved,gentle
MVI_40192,103,96,626,721,420.1,415.27,0.9885,21.32,58.87,3.051,76.26,0.00281,0.002501,0.005887,0.009812,101.92,0.19418,0.86194,1.45218,curved,gentle
MVI_40192,104,81,636,716,369.29,367.62,0.9955,24.16,62.36,3.93,98.25,0.003656,0.002492,0.00846,0.014758,67.76,0.23221,0.7932,2.42382,curved,gentle
MVI_40192,105,101,651,751,495.95,491.56,0.9911,17.39,129.16,3.083,77.06,0.013207,0.004374,0.040576,0.075808,13.19,0.65088,1.4804,2.32048,straight,gentle
MVI_40192,106,101,651,751,571.08,570.37,0.9987,1.35,63.32,3.658,91.45,0.005048,0.00158,0.014495,0.026448,37.81,0.23992,0.6678,1.17441,straight,straight
MVI_40192,107,111,666,776,445.62,442.43,0.9928,39.34,110.45,2.361,59.03,0.012515,0.005769,0.029689,0.098277,10.18,0.44039,1.13262,2.16953,curved,gentle
MVI_40192,108,81,676,756,374.18,370.84,0.9911,41.32,85.48,3.776,94.39,0.005623,0.00392,0.012073,0.017549,56.98,0.46412,0.8871,2.57632,curved,gentle
MVI_40192,109,111,681,791,498.8,495.02,0.9924,5.55,165.82,3.366,84.16,0.016123,0.004909,0.052662,0.096753,10.34,0.59673,2.14671,3.04507,straight,straight
MVI_40192,110,91,686,776,566.96,565.14,0.9968,21.59,111.74,4.563,114.07,0.01206,0.004593,0.046676,0.06895,14.5,0.5427,1.79521,2.86749,curved,gentle
MVI_40192,111,86,706,791,519.71,518.3,0.9973,9.93,82.75,3.958,98.95,0.01116,0.002478,0.035402,0.151367,6.61,0.42381,1.46676,3.74686,straight,straight
MVI_40192,112,96,706,801,472.32,469.34,0.9937,30.26,133.85,2.96,73.99,0.015971,0.005409,0.042988,0.147536,6.78,0.57712,1.44095,3.54799,curved,gentle
MVI_40192,113,86,711,796,383.44,380.71,0.9929,42.66,88.06,3.843,96.08,0.009274,0.002526,0.032625,0.051557,19.4,0.28926,1.81325,2.60197,curved,gentle
MVI_40192,114,111,716,826,431.59,430.43,0.9973,1.83,110.81,2.302,57.54,0.014856,0.003028,0.054616,0.075704,13.21,0.27417,1.34156,1.92764,straight,straight
MVI_40192,115,96,731,826,475.72,474.12,0.9966,19.67,98.25,3.214,80.35,0.010469,0.003969,0.029375,0.074413,13.44,0.44642,1.33647,2.03733,straight,gentle
MVI_40192,116,91,731,821,540.69,540.01,0.9987,11.41,53.54,3.893,97.33,0.005399,0.001531,0.017434,0.036578,27.34,0.229,0.77816,1.48633,straight,gentle
MVI_40192,117,91,741,831,323.55,319.84,0.9885,23.35,95.73,2.816,70.4,0.010236,0.002323,0.020518,0.093773,10.66,0.23877,1.65948,2.53984,curved,gentle
MVI_40192,118,106,751,856,472.92,468.63,0.9909,9.21,119.88,2.745,68.62,0.013772,0.003144,0.046706,0.082319,12.15,0.44277,1.52427,2.29682,straight,straight
MVI_40192,119,71,756,826,213.81,212.29,0.9929,15.68,65.73,2.934,73.34,0.007153,0.005102,0.014581,0.026779,37.34,0.38837,1.04095,1.48348,straight,gentle
MVI_40192,120,106,761,866,540.56,537.76,0.9948,12.8,106.81,2.97,74.24,0.010161,0.002636,0.030613,0.065536,15.26,0.40203,1.29887,2.2383,straight,gentle
MVI_40192,121,106,766,871,429.65,428.52,0.9974,8.02,89.8,2.704,67.59,0.011697,0.005222,0.031217,0.070004,14.28,0.3482,1.13,1.7182,straight,straight
MVI_40192,122,91,776,866,316.18,312.14,0.9872,25.17,90.18,3.051,76.26,0.006546,0.004991,0.01394,0.028027,35.68,0.3213,1.49113,2.13742,curved,gentle
MVI_40192,123,111,786,896,450.43,446.32,0.9909,13.79,154.46,2.457,61.44,0.016162,0.006283,0.041294,0.14031,7.13,0.42008,1.66607,2.87822,straight,gentle
MVI_40192,124,116,786,901,512.05,508.7,0.9935,13.17,102.73,2.7,67.49,0.010809,0.003249,0.027071,0.146344,6.83,0.38977,1.0131,2.05323,straight,gentle
MVI_40192,125,106,801,906,486.32,481.3,0.9897,30.94,117.12,2.998,74.96,0.010702,0.003776,0.029558,0.099171,10.08,0.41552,1.32243,3.26559,curved,gentle
MVI_40192,126,71,801,871,208.94,206.4,0.9879,50.02,115.3,2.909,72.74,0.0161,0.005637,0.03072,0.154458,6.47,0.44268,2.13704,4.67908,curved,sharp
MVI_40192,127,106,841,946,433.38,431.3,0.9952,0.84,124.63,2.408,60.19,0.018859,0.004588,0.04701,0.387292,2.58,0.50166,1.58887,4.94765,straight,straight
MVI_40192,128,106,841,946,477.13,471.87,0.989,0.99,116.83,2.733,68.33,0.01105,0.005132,0.026408,0.066246,15.1,0.44714,1.38152,2.33259,straight,straight
MVI_40192,129,81,846,926,293.46,290.12,0.9886,32.01,106.7,3.298,82.46,0.010095,0.006369,0.025145,0.040846,24.48,0.5429,1.78675,2.81936,curved,gentle
MVI_40192,130,101,851,951,557.19,555.08,0.9962,30.45,125.96,3.62,90.51,0.012069,0.004107,0.037345,0.072524,13.79,0.45957,1.5554,2.26389,curved,gentle
MVI_40192,131,81,851,931,361.92,360.66,0.9965,14.86,90.09,3.786,94.65,0.01141,0.005033,0.030309,0.116543,8.58,0.42564,1.69944,3.19193,straight,gentle
MVI_40192,132,151,861,1011,491.46,480.8,0.9783,46.32,370.79,2.158,53.95,0.038976,0.013497,0.116582,0.320941,3.12,0.79628,3.44577,7.77183,curved,sharp
MVI_40192,133,101,861,961,459.86,448.61,0.9756,55.56,124.15,2.482,62.04,0.015819,0.003641,0.043196,0.164588,6.08,0.38581,1.5185,3.57172,curved,sharp
MVI_40192,134,91,866,956,512.51,509.33,0.9938,10.92,116.78,4.164,104.11,0.009422,0.003115,0.026756,0.049376,20.25,0.55643,1.22646,2.93297,straight,gentle
MVI_40192,135,66,876,941,227.3,224.85,0.9892,24.88,68.59,3.288,82.2,0.005791,0.005464,0.012536,0.017818,56.12,0.35067,1.51707,1.89792,curved,gentle
MVI_40192,136,96,896,991,475.12,470.22,0.9897,39.42,88.92,3.315,82.88,0.006483,0.002563,0.018175,0.032941,30.36,0.31888,1.04544,1.70611,curved,gentle
MVI_40192,137,106,896,1001,500.75,497.43,0.9934,28.98,104.7,2.997,74.94,0.008201,0.005275,0.019486,0.034702,28.82,0.43296,0.98104,1.87271,curved,gentle
MVI_40192,138,111,906,1016,554.07,552.76,0.9976,16.34,111.74,3.171,79.29,0.011524,0.004697,0.037711,0.080586,12.41,0.43837,1.35276,2.39227,straight,gentle
MVI_40192,139,111,911,1021,389.13,385.57,0.9908,37.21,159.83,3.077,76.92,0.016146,0.008287,0.03076,0.316808,3.16,0.59196,1.61742,5.81499,curved,gentle
MVI_40192,140,96,921,1016,457.9,456.24,0.9964,0.49,83.27,3.101,77.52,0.007506,0.003348,0.023542,0.039101,25.58,0.37524,0.83242,1.35507,straight,straight
MVI_40192,141,116,926,1041,702.75,604.5,0.8602,52.95,255.28,3.06,76.49,0.010346,0.00604,0.0247,0.060959,16.4,0.39408,2.12124,12.92901,curved,sharp
MVI_40192,142,106,926,1031,440.93,439.1,0.9959,41.79,132.64,2.416,60.41,0.014512,0.005932,0.037679,0.117808,8.49,0.48934,1.29052,3.36181,curved,gentle
MVI_40192,143,61,931,991,240.88,239.32,0.9935,33.48,71.53,3.746,93.64,0.007129,0.005875,0.016762,0.019373,51.62,0.54477,1.1826,1.44481,curved,gentle
MVI_40192,144,106,931,1036,311.38,305.61,0.9815,33.02,150.59,2.838,70.95,0.013238,0.007246,0.02642,0.076937,13.0,0.54391,1.77868,3.06874,curved,gentle
MVI_40192,145,101,936,1036,479.04,474.73,0.991,31.98,85.85,3.64,90.99,0.00626,0.002792,0.01791,0.030664,32.61,0.3497,0.80816,1.11182,curved,gentle
MVI_40192,146,116,936,1051,489.11,483.43,0.9884,26.11,136.46,2.843,71.07,0.010326,0.007021,0.022756,0.073151,13.67,0.48135,1.45438,2.18492,curved,gentle
MVI_40192,147,106,946,1051,457.36,453.78,0.9922,35.55,150.93,2.726,68.16,0.013324,0.006568,0.037482,0.054581,18.32,0.56478,1.58453,2.19868,curved,gentle
MVI_40192,148,111,966,1076,312.22,306.71,0.9823,7.22,133.05,2.466,61.64,0.011635,0.006279,0.029838,0.067855,14.74,0.35931,1.53208,2.714,straight,straight
MVI_40192,149,61,971,1031,201.14,199.92,0.9939,39.72,63.83,3.255,81.36,0.006878,0.005168,0.013933,0.051982,19.24,0.37036,0.94113,3.06365,curved,gentle
MVI_40192,150,111,986,1096,462.92,459.38,0.9923,15.21,170.04,3.091,77.29,0.015317,0.004778,0.039053,0.131078,7.63,0.51855,1.30298,3.75356,straight,gentle
MVI_40192,151,96,986,1081,460.84,459.46,0.997,7.45,76.31,3.519,87.98,0.008832,0.002487,0.029188,0.067843,14.74,0.25507,1.16998,2.22487,straight,straight
MVI_40192,152,66,1011,1076,441.12,437.02,0.9907,30.25,51.55,5.006,125.16,0.003177,0.002176,0.007354,0.011903,84.01,0.39438,0.86384,1.09611,curved,gentle
MVI_40192,153,56,1011,1066,184.23,183.27,0.9948,28.65,58.52,3.346,83.65,0.006136,0.003251,0.010607,0.048723,20.52,0.28388,1.12386,3.19146,curved,gentle
MVI_40192,154,101,1016,1116,273.69,269.95,0.9863,55.38,120.84,2.15,53.76,0.012868,0.005968,0.026231,0.106711,9.37,0.38469,1.4002,2.5136,curved,sharp
MVI_40192,155,96,1021,1116,416.54,413.88,0.9936,0.96,98.69,3.93,98.24,0.006919,0.003847,0.011089,0.040207,24.87,0.36589,1.13311,1.81975,straight,straight
MVI_40192,156,91,1026,1116,445.17,443.17,0.9955,29.34,97.39,3.626,90.66,0.012869,0.003005,0.0299,0.302086,3.31,0.32996,1.2728,3.90913,curved,gentle
MVI_40192,157,86,1046,1131,234.96,231.52,0.9854,53.43,114.71,2.451,61.27,0.012862,0.010871,0.027991,0.050595,19.76,0.73283,1.37899,1.85318,curved,sharp
MVI_40192,158,61,1046,1106,199.24,197.46,0.9911,11.85,70.24,3.294,82.35,0.007345,0.006271,0.014024,0.021755,45.97,0.53023,1.07017,2.19576,straight,gentle
MVI_40192,159,96,1076,1171,478.93,476.4,0.9947,19.64,51.68,3.661,91.52,0.003608,0.002295,0.008901,0.019303,51.81,0.24378,0.67953,1.19957,straight,gentle
MVI_40192,160,91,1081,1171,445.37,441.2,0.9906,7.51,68.84,3.774,94.36,0.006166,0.002193,0.025064,0.043125,23.19,0.24187,1.08133,1.5864,straight,straight
MVI_40192,161,66,1116,1181,276.95,274.88,0.9925,28.68,64.39,3.58,89.5,0.004472,0.002,0.011203,0.015666,63.83,0.23681,1.27561,2.025,curved,gentle
MVI_40192,162,76,1121,1196,361.78,359.87,0.9947,28.13,69.8,4.306,107.64,0.004642,0.002692,0.011562,0.020882,47.89,0.30685,1.09955,2.46276,curved,gentle
MVI_40192,163,91,1126,1216,489.21,487.81,0.9972,1.68,67.06,3.663,91.58,0.007499,0.001626,0.021052,0.069476,14.39,0.27502,1.05646,1.53015,straight,straight
MVI_40192,164,76,1131,1206,457.7,453.46,0.9907,29.85,63.78,4.275,106.87,0.005326,0.002144,0.017203,0.029328,34.1,0.37134,0.99705,1.64199,curved,gentle
MVI_40192,165,61,1131,1191,215.53,212.76,0.9871,16.69,65.16,3.412,85.31,0.006221,0.004325,0.013813,0.01829,54.67,0.37561,0.99054,1.79515,straight,gentle
MVI_40192,166,101,1141,1241,459.11,454.77,0.9905,39.02,103.69,3.286,82.15,0.007039,0.004447,0.016003,0.037866,26.41,0.38076,1.10029,1.71936,curved,gentle
MVI_40192,167,111,1146,1256,569.47,567.72,0.9969,20.09,84.48,3.437,85.92,0.006765,0.002779,0.01685,0.032326,30.94,0.32736,0.91952,2.06841,curved,gentle
MVI_40192,168,96,1151,1246,429.73,428.54,0.9972,19.76,77.94,3.122,78.05,0.007247,0.002845,0.019705,0.044035,22.71,0.28346,0.87867,1.57832,straight,gentle
MVI_40192,169,86,1156,1241,476.56,474.26,0.9952,17.86,91.77,3.727,93.17,0.012382,0.002126,0.037174,0.130552,7.66,0.24842,1.59267,3.95816,straight,gentle
MVI_40192,170,81,1171,1251,369.29,366.78,0.9932,22.19,80.32,4.005,100.14,0.005122,0.00306,0.011236,0.01756,56.95,0.40745,0.81232,2.68913,curved,gentle
MVI_40192,171,76,1176,1251,268.49,266.74,0.9935,38.58,62.92,3.143,78.58,0.005485,0.00353,0.013777,0.023285,42.95,0.28191,0.92394,1.45675,curved,gentle
MVI_40192,172,91,1191,1281,426.82,424.87,0.9954,28.51,138.64,3.183,79.58,0.03061,0.003841,0.050176,0.603857,1.66,0.42529,1.87763,7.9289,curved,gentle
MVI_40192,173,81,1201,1281,442.47,438.31,0.9906,39.69,70.71,4.407,110.19,0.004065,0.002638,0.01052,0.013589,73.59,0.2894,0.77651,1.78365,curved,gentle
MVI_40192,174,71,1206,1276,252.25,250.03,0.9912,17.08,65.7,3.425,85.62,0.005613,0.003578,0.01381,0.020904,47.84,0.32391,0.93205,2.17872,straight,gentle
MVI_40192,175,96,1211,1306,482.35,478.49,0.992,35.69,99.06,3.799,94.97,0.007188,0.002252,0.014455,0.061655,16.22,0.32188,1.29641,3.03131,curved,gentle
MVI_40192,176,51,1211,1261,174.71,172.59,0.9879,40.55,74.41,3.508,87.69,0.008845,0.004732,0.025321,0.02803,35.68,0.40834,2.33557,2.49935,curved,gentle
MVI_40192,177,76,1216,1291,465.65,462.55,0.9933,4.83,85.92,4.272,106.81,0.007796,0.00231,0.022033,0.069353,14.42,0.30923,1.5305,2.47967,straight,straight
MVI_40192,178,81,1216,1296,423.31,422.32,0.9977,16.82,51.18,3.943,98.58,0.004146,0.00198,0.013229,0.020536,48.69,0.18908,0.72011,1.09032,straight,gentle
MVI_40192,179,101,1221,1321,545.65,544.91,0.9986,18.35,63.63,3.558,88.94,0.005674,0.002073,0.014773,0.031527,31.72,0.25364,0.70071,1.24853,straight,gentle
MVI_40192,180,61,1221,1281,402.14,398.21,0.9902,30.68,49.26,5.374,134.36,0.002842,0.001522,0.007544,0.013329,75.03,0.24893,1.1963,1.49652,curved,gentle
MVI_40192,181,81,1246,1326,429.83,427.39,0.9943,29.65,64.38,4.089,102.23,0.003713,0.003179,0.007588,0.013568,73.7,0.26346,0.75397,1.71115,curved,gentle
MVI_40192,182,86,1266,1351,426.67,426.38,0.9993,1.46,32.24,3.681,92.04,0.003442,0.000859,0.00778,0.029412,34.0,0.11953,0.45069,1.21638,straight,straight
MVI_40192,183,71,1286,1356,465.36,463.98,0.997,23.02,46.48,4.696,117.41,0.003983,0.001638,0.012214,0.020943,47.75,0.17916,0.78197,1.07417,curved,gentle
MVI_40192,184,86,1291,1376,549.35,548.45,0.9984,6.78,48.94,4.318,107.96,0.003031,0.001607,0.007198,0.017567,56.93,0.2666,0.66605,1.10049,straight,straight
MVI_40192,185,66,1291,1356,257.38,254.92,0.9904,19.19,76.6,3.804,95.1,0.006659,0.003537,0.014283,0.036702,27.25,0.34633,1.43947,2.11819,straight,gentle
MVI_40192,186,61,1301,1361,346.71,345.21,0.9957,17.58,51.76,5.326,133.15,0.00344,0.002606,0.008079,0.011506,86.91,0.42441,0.82473,1.58359,straight,gentle
MVI_40192,187,91,1301,1391,417.11,416.0,0.9973,5.57,68.98,3.24,80.99,0.009219,0.003244,0.017237,0.188184,5.31,0.32539,0.74502,2.42732,straight,straight
MVI_40192,188,86,1306,1391,439.98,435.09,0.9889,17.73,65.02,3.843,96.07,0.004519,0.002632,0.011726,0.021012,47.59,0.3182,0.8367,1.59469,straight,gentle
MVI_40192,189,81,1321,1401,487.66,485.53,0.9956,9.02,86.81,4.274,106.85,0.008629,0.003036,0.029805,0.050034,19.99,0.38911,1.52634,2.33263,straight,straight
MVI_40192,190,86,1326,1411,557.16,555.8,0.9976,18.7,68.08,4.544,113.59,0.006593,0.002189,0.019015,0.03583,27.91,0.39814,1.05583,2.06326,straight,gentle
MVI_40192,191,91,1336,1426,434.82,434.06,0.9982,6.66,68.65,3.036,75.9,0.007347,0.003305,0.018616,0.039704,25.19,0.33559,0.88303,1.30639,straight,straight
MVI_40192,192,91,1336,1426,477.7,471.72,0.9875,13.08,88.29,3.442,86.05,0.005895,0.004809,0.013998,0.02548,39.25,0.4049,0.99445,1.91473,straight,gentle
MVI_40192,193,46,1351,1396,175.68,174.6,0.9938,11.31,33.62,3.973,99.33,0.003794,0.003512,0.008136,0.011767,84.98,0.3421,0.81054,1.49587,straight,gentle
MVI_40192,194,71,1361,1431,299.36,295.15,0.9859,21.83,62.8,3.893,97.32,0.004709,0.003276,0.011113,0.014615,68.42,0.32045,1.0491,2.32022,curved,gentle
MVI_40192,195,76,1371,1446,431.82,430.46,0.9968,5.97,60.69,4.47,111.74,0.003863,0.002111,0.011002,0.015181,65.87,0.27999,0.81965,1.04383,straight,straight
MVI_40192,196,76,1371,1446,448.59,446.23,0.9947,19.35,85.1,4.135,103.36,0.007675,0.002442,0.023933,0.042363,23.61,0.44852,1.47453,2.85457,straight,gentle
MVI_40192,197,101,1376,1476,546.87,545.66,0.9978,3.15,92.85,3.757,93.92,0.008279,0.003599,0.020974,0.04395,22.75,0.42514,1.20933,1.96527,straight,straight
MVI_40192,198,46,1381,1426,181.05,178.46,0.9857,63.37,74.31,4.044,101.1,0.008819,0.003141,0.026555,0.028447,35.15,0.31356,1.99545,2.14098,curved,sharp
MVI_40192,199,91,1386,1476,428.3,427.15,0.9973,11.12,65.9,3.102,77.55,0.004946,0.003822,0.010081,0.022565,44.32,0.29952,0.84455,1.90838,straight,gentle
MVI_40192,200,71,1391,1461,282.53,277.77,0.9832,33.76,75.39,3.683,92.08,0.006625,0.003,0.017692,0.031239,32.01,0.39713,1.59334,2.32555,curved,gentle
MVI_40192,201,96,1396,1491,442.29,432.48,0.9778,66.18,125.47,3.549,88.73,0.011236,0.0043,0.040344,0.068131,14.68,0.43623,1.82158,2.24075,curved,sharp
MVI_40192,202,86,1426,1511,431.99,429.43,0.9941,42.26,93.21,3.617,90.43,0.007008,0.004593,0.018123,0.040962,24.41,0.50088,1.15341,1.68845,curved,gentle
MVI_40192,203,71,1436,1506,285.24,282.77,0.9913,6.78,61.57,3.948,98.7,0.004328,0.004301,0.007704,0.009894,101.07,0.40676,0.67026,1.32621,straight,straight
MVI_40192,204,91,1441,1531,441.14,437.9,0.9926,23.1,51.62,3.659,91.47,0.003038,0.002094,0.00725,0.013811,72.41,0.23471,0.58347,1.29408,curved,gentle
MVI_40192,205,46,1441,1486,183.14,181.8,0.9927,1.18,48.94,3.973,99.32,0.005666,0.004407,0.011545,0.01607,62.23,0.41281,1.16696,1.8609,straight,straight
MVI_40192,206,71,1446,1516,409.74,407.35,0.9942,15.85,63.28,4.972,124.3,0.004558,0.003047,0.013726,0.017909,55.84,0.30125,1.02168,1.3207,straight,gentle
MVI_40192,207,91,1456,1546,451.07,449.92,0.9974,13.42,49.23,3.656,91.39,0.003185,0.002367,0.008937,0.0136,73.53,0.24458,0.69773,1.16731,straight,gentle
MVI_40192,208,86,1456,1541,529.49,528.19,0.9976,5.19,78.09,4.196,104.91,0.007629,0.002437,0.019184,0.060486,16.53,0.32832,0.95574,2.95963,straight,straight
MVI_40192,209,86,1471,1556,450.45,449.27,0.9974,37.5,91.76,3.583,89.58,0.012111,0.003052,0.037236,0.089178,11.21,0.30224,1.61324,2.89361,curved,gentle
MVI_40192,210,56,1476,1531,253.96,251.56,0.9906,36.78,59.16,4.212,105.29,0.004819,0.003496,0.010258,0.016587,60.29,0.35427,1.37053,1.56654,curved,gentle
MVI_40192,211,101,1486,1586,458.35,454.98,0.9927,55.15,125.38,3.295,82.38,0.012671,0.007242,0.042317,0.061949,16.14,0.49906,1.47174,2.08299,curved,sharp
MVI_40192,212,96,1491,1586,480.91,476.89,0.9916,2.26,99.15,3.516,87.91,0.006699,0.004231,0.013787,0.036845,27.14,0.4133,1.03771,1.64228,straight,straight
MVI_40192,213,36,1511,1546,151.62,150.01,0.9894,26.49,62.43,4.3,107.5,0.008637,0.005402,0.022262,0.03036,32.94,0.54794,2.4657,3.03396,curved,gentle
MVI_40192,214,101,1536,1636,457.93,456.87,0.9977,5.88,64.95,2.823,70.57,0.006703,0.00321,0.015035,0.052813,18.93,0.32246,0.66138,1.60916,straight,straight
MVI_40192,215,96,1541,1636,441.38,435.38,0.9864,14.84,69.56,3.548,88.69,0.005283,0.003008,0.013756,0.023199,43.11,0.28717,0.79512,1.97406,straight,gentle
MVI_40192,216,71,1556,1626,436.63,434.15,0.9943,28.44,63.0,5.27,131.75,0.003915,0.002583,0.011127,0.018585,53.81,0.3545,0.90601,1.499,curved,gentle
MVI_40192,217,71,1556,1626,282.7,280.64,0.9927,22.93,70.83,3.734,93.34,0.005228,0.004062,0.010633,0.022161,45.12,0.35068,1.03136,1.84709,curved,gentle
MVI_40192,218,46,1556,1601,206.83,205.22,0.9922,24.37,57.0,4.424,110.59,0.005771,0.004999,0.011985,0.020639,48.45,0.50344,1.64148,2.35979,curved,gentle
MVI_40192,219,71,1561,1631,497.23,496.69,0.9989,0.71,36.43,4.882,122.06,0.002593,0.001634,0.005782,0.014061,71.12,0.22065,0.58027,0.68051,straight,straight
MVI_40192,220,76,1566,1641,470.61,469.56,0.9978,26.61,56.41,4.659,116.48,0.005634,0.0014,0.018311,0.029682,33.69,0.21319,1.12034,1.50695,curved,gentle
MVI_40192,221,101,1566,1666,476.87,475.37,0.9969,3.33,100.65,2.962,74.06,0.010399,0.002962,0.031846,0.052906,18.9,0.34275,1.26277,1.83262,straight,straight
MVI_40192,222,76,1576,1651,526.61,525.44,0.9978,8.75,62.31,4.95,123.76,0.00644,0.001705,0.016457,0.055317,18.08,0.30452,0.95527,2.27644,straight,straight
MVI_40192,223,51,1586,1636,192.56,191.07,0.9922,41.54,59.17,4.116,102.91,0.006978,0.005151,0.018598,0.020785,48.11,0.45256,1.11066,1.29647,curved,gentle
MVI_40192,224,86,1596,1681,433.01,428.36,0.9892,27.69,53.62,3.805,95.13,0.003685,0.002719,0.008409,0.01489,67.16,0.2741,0.70914,1.02337,curved,gentle
MVI_40192,225,96,1601,1696,490.68,488.79,0.9962,4.47,83.61,3.262,81.55,0.007547,0.002896,0.022766,0.05633,17.75,0.23516,1.42404,2.19945,straight,straight
MVI_40192,226,86,1616,1701,539.43,538.26,0.9978,12.64,66.4,4.74,118.51,0.004567,0.002604,0.013007,0.031618,31.63,0.32891,0.88433,1.485,straight,gentle
MVI_40192,227,56,1616,1671,192.32,190.21,0.989,52.6,91.31,3.548,88.69,0.011877,0.006349,0.022604,0.098646,10.14,0.55291,2.46153,2.68621,curved,sharp
MVI_40192,228,71,1626,1696,293.49,290.58,0.9901,10.28,66.34,3.715,92.87,0.005406,0.004673,0.011844,0.017544,57.0,0.32652,0.96841,1.97168,straight,gentle
MVI_40192,229,91,1631,1721,410.88,409.33,0.9962,26.59,85.57,3.742,93.56,0.008671,0.00238,0.016781,0.063601,15.72,0.33798,0.94519,2.44255,curved,gentle
MVI_40192,230,91,1631,1721,485.26,483.49,0.9964,61.77,123.48,3.748,93.69,0.017163,0.003083,0.025977,0.216972,4.61,0.28867,1.07493,5.79502,curved,sharp
MVI_40192,231,91,1636,1726,386.12,377.48,0.9776,42.78,91.98,2.645,66.12,0.009791,0.004625,0.02884,0.039661,25.21,0.44264,0.92207,1.69291,curved,gentle
MVI_40192,232,56,1641,1696,198.7,196.64,0.9896,35.3,67.76,3.63,90.75,0.007072,0.006322,0.012884,0.015817,63.22,0.55283,1.33764,1.52413,curved,gentle
MVI_40192,233,91,1656,1746,532.28,531.06,0.9977,2.44,77.02,3.847,96.18,0.005784,0.002747,0.01603,0.024699,40.49,0.33617,0.89751,1.80062,straight,straight
MVI_40192,234,86,1656,1741,452.68,450.03,0.9941,5.37,99.75,3.605,90.13,0.011941,0.004095,0.027089,0.097703,10.24,0.39721,1.62147,2.69569,straight,straight
MVI_40192,236,81,1661,1741,354.44,352.69,0.9951,28.43,74.42,3.964,99.1,0.005483,0.00441,0.011251,0.022321,44.8,0.35694,0.96399,2.54811,curved,gentle
MVI_40192,237,104,1653,1756,442.6,431.44,0.9748,5.05,138.53,3.584,89.6,0.009445,0.005652,0.024317,0.054553,18.33,0.43531,1.60286,2.15565,straight,straight
MVI_40192,238,156,1686,1841,462.36,447.28,0.9674,9.85,286.62,2.807,70.16,0.020534,0.011073,0.049539,0.126489,7.91,0.76596,2.17171,3.01506,curved,straight
MVI_40192,239,61,1691,1751,261.55,258.01,0.9865,46.68,72.07,3.798,94.96,0.005221,0.003922,0.010893,0.021011,47.59,0.33121,1.69661,3.27956,curved,sharp
MVI_40192,240,86,1711,1796,330.72,327.24,0.9895,17.05,111.51,3.878,96.95,0.008065,0.007498,0.016952,0.027586,36.25,0.6335,1.35626,1.706,straight,gentle
MVI_40192,241,96,1711,1806,546.06,545.46,0.9989,5.61,50.56,3.991,99.77,0.00327,0.001875,0.008971,0.017216,58.09,0.24469,0.63238,0.92987,straight,straight
MVI_40192,242,86,1721,1806,487.19,484.76,0.995,23.41,76.55,4.033,100.83,0.006963,0.002248,0.018671,0.041982,23.82,0.36062,0.9965,1.52752,curved,gentle
MVI_40192,243,71,1731,1801,293.07,290.44,0.991,7.19,83.01,3.733,93.33,0.008201,0.005435,0.019429,0.032399,30.86,0.64631,1.39827,1.98807,straight,straight
MVI_40192,244,91,1736,1826,480.69,477.14,0.9926,33.89,53.51,3.84,96.01,0.003604,0.001532,0.007634,0.033742,29.64,0.17136,0.66652,1.31082,curved,gentle
MVI_40192,245,81,1746,1826,481.18,480.55,0.9987,0.18,45.69,4.186,104.66,0.003448,0.0018,0.007397,0.019094,52.37,0.28489,0.49052,0.74923,straight,straight
MVI_40192,246,91,1751,1841,434.72,433.9,0.9981,6.6,59.8,3.408,85.21,0.006375,0.00222,0.020501,0.040081,24.95,0.30875,0.80074,1.00838,straight,straight
MVI_40192,247,111,1761,1871,547.12,545.08,0.9963,6.54,76.74,3.442,86.05,0.005431,0.00346,0.014648,0.03486,28.69,0.36419,0.73734,1.05374,straight,straight
MVI_40192,248,41,1761,1801,174.74,173.67,0.9939,3.25,49.84,4.084,102.09,0.006179,0.003625,0.019809,0.023932,41.78,0.35161,1.85101,2.09973,straight,straight
MVI_40192,249,121,1766,1886,516.52,514.32,0.9957,6.53,129.6,2.916,72.9,0.013322,0.006872,0.030136,0.082259,12.16,0.50382,1.24451,2.10963,straight,straight
MVI_40192,250,91,1771,1861,490.14,488.07,0.9958,71.15,128.13,3.818,95.45,0.024589,0.003761,0.04614,0.349374,2.86,0.34269,1.84869,6.4279,curved,sharp
MVI_40192,251,76,1771,1846,331.73,328.9,0.9915,52.21,123.88,3.935,98.38,0.010463,0.00674,0.022582,0.051985,19.24,0.67794,1.81159,3.0814,curved,sharp
MVI_40192,252,101,1786,1886,429.21,426.98,0.9948,2.49,103.56,3.442,86.06,0.007217,0.003259,0.020632,0.036988,27.04,0.44059,1.23694,1.6102,straight,straight
MVI_40192,253,56,1786,1841,248.22,244.16,0.9837,62.4,89.28,4.024,100.61,0.00929,0.00332,0.031259,0.040814,24.5,0.35866,2.09214,2.48623,curved,sharp
MVI_40192,254,86,1796,1881,449.05,446.36,0.994,31.18,55.25,3.348,83.7,0.004141,0.002652,0.009302,0.020995,47.63,0.22156,0.7122,1.60953,curved,gentle
MVI_40192,255,81,1811,1891,424.19,422.59,0.9962,0.38,66.67,3.727,93.18,0.006427,0.002588,0.017299,0.049123,20.36,0.28508,1.10093,1.78603,straight,straight
MVI_40192,256,81,1826,1906,473.36,471.19,0.9954,31.36,95.37,4.308,107.7,0.009444,0.003253,0.028378,0.060098,16.64,0.42461,1.38769,3.08333,curved,gentle
MVI_40192,257,86,1826,1911,459.3,454.41,0.9894,43.74,96.64,3.99,99.75,0.009044,0.002564,0.012974,0.118492,8.44,0.33924,1.28305,3.18442,curved,gentle
MVI_40192,258,56,1826,1881,191.63,189.75,0.9902,11.88,52.23,3.525,88.13,0.005114,0.003309,0.010966,0.021667,46.15,0.29078,0.74054,2.30664,straight,gentle
MVI_40192,259,101,1836,1936,540.8,539.98,0.9985,8.94,75.63,3.772,94.3,0.005591,0.0033,0.012652,0.031459,31.79,0.36851,0.87198,1.49808,straight,straight
MVI_40192,260,91,1841,1931,456.62,455.23,0.9969,13.37,69.57,3.461,86.52,0.00744,0.001898,0.021788,0.077595,12.89,0.21191,1.20069,2.54465,straight,gentle
MVI_40192,261,91,1856,1946,492.58,490.5,0.9958,15.54,68.0,3.829,95.73,0.005106,0.003064,0.012962,0.02325,43.01,0.31357,0.80306,1.29376,straight,gentle
MVI_40192,262,81,1856,1936,295.64,292.38,0.989,4.45,86.56,3.382,84.54,0.007442,0.004443,0.017544,0.034373,29.09,0.43711,1.23255,2.27562,straight,straight
MVI_40192,263,86,1866,1951,440.54,437.56,0.9932,2.48,74.16,3.903,97.57,0.007229,0.002756,0.017081,0.038398,26.04,0.41717,0.94326,1.49524,straight,straight
MVI_40192,264,81,1891,1971,457.35,452.89,0.9902,28.77,81.35,4.207,105.19,0.004348,0.0027,0.011823,0.014492,69.0,0.25898,0.95546,2.51676,curved,gentle
MVI_40192,265,111,1891,2001,477.9,472.77,0.9893,39.01,101.18,3.255,81.37,0.005525,0.004812,0.012075,0.023536,42.49,0.38293,1.04189,1.499,curved,gentle
MVI_40192,266,81,1906,1986,462.17,459.54,0.9943,33.39,70.56,4.025,100.63,0.00531,0.003388,0.012962,0.019525,51.22,0.42515,1.02942,1.44881,curved,gentle
MVI_40192,267,86,1916,2001,367.89,365.1,0.9924,24.2,66.04,3.825,95.62,0.004216,0.002465,0.009545,0.017456,57.29,0.25884,0.97207,1.53718,curved,gentle
MVI_40192,268,96,1916,2011,477.0,474.66,0.9951,38.39,70.75,3.265,81.62,0.00579,0.002621,0.015234,0.038965,25.66,0.29803,0.76313,1.19666,curved,gentle
MVI_40192,269,111,1916,2026,582.64,581.2,0.9975,12.74,96.24,3.482,87.06,0.007231,0.003811,0.014353,0.049659,20.14,0.36589,1.01655,1.45203,straight,gentle
MVI_40192,271,91,1926,2016,472.07,470.23,0.9961,60.66,129.72,3.674,91.84,0.026547,0.002243,0.022959,0.657808,1.52,0.24713,1.26343,9.98296,curved,sharp
MVI_40192,272,56,1936,1991,198.94,195.87,0.9846,39.53,70.65,3.386,84.65,0.007861,0.004316,0.017447,0.021811,45.85,0.43111,1.31189,2.38093,curved,gentle
MVI_40192,273,81,1961,2041,300.05,296.8,0.9891,36.68,70.62,3.276,81.91,0.005148,0.00428,0.010089,0.018825,53.12,0.274,0.93379,1.63254,curved,gentle
MVI_40192,274,91,1966,2056,426.89,425.67,0.9971,19.29,71.38,2.94,73.49,0.006572,0.004221,0.016317,0.036798,27.18,0.36652,0.78959,1.67677,straight,gentle
MVI_40192,275,86,1971,2056,471.81,468.47,0.9929,48.19,91.13,4.321,108.03,0.007435,0.002385,0.025811,0.04322,23.14,0.44985,1.38944,2.18614,curved,sharp
MVI_40192,276,106,1976,2081,553.56,552.33,0.9978,15.8,91.24,3.441,86.03,0.008072,0.005886,0.019718,0.040301,24.81,0.46518,1.01547,1.30519,straight,gentle
MVI_40192,277,106,1976,2081,497.26,495.66,0.9968,23.55,103.43,3.139,78.47,0.010582,0.004621,0.029326,0.068534,14.59,0.37227,1.21643,2.23075,curved,gentle
MVI_40192,278,111,1986,2096,472.15,466.57,0.9882,10.47,133.93,3.137,78.44,0.010931,0.00522,0.031301,0.062003,16.13,0.46701,1.48417,2.1177,straight,gentle
MVI_40192,279,101,1991,2091,471.56,470.39,0.9975,13.42,62.62,3.262,81.55,0.005734,0.002736,0.016208,0.024507,40.81,0.2731,0.74296,1.04589,straight,gentle
MVI_40192,280,1,1996,1996,0.0,0.0,,,,0.0,0.0,,,,,,,,,unknown,unknown
MVI_40192,281,86,2001,2086,321.15,317.09,0.9873,10.02,97.53,3.554,88.85,0.008005,0.004589,0.020532,0.029487,33.91,0.50048,1.34312,2.11511,straight,gentle
MVI_40192,282,56,2001,2056,194.9,193.78,0.9943,24.93,50.97,3.548,88.69,0.004548,0.003441,0.011592,0.01364,73.31,0.30271,1.18148,1.4678,curved,gentle
MVI_40192,283,96,2006,2101,465.49,464.44,0.9977,1.09,59.17,3.327,83.17,0.004543,0.002605,0.012235,0.02092,47.8,0.25029,0.69453,1.03004,straight,straight
MVI_40192,284,81,2006,2086,486.7,482.14,0.9906,5.88,92.23,4.651,116.27,0.00694,0.002513,0.013528,0.059261,16.87,0.31017,1.80659,2.54429,straight,straight
MVI_40192,285,91,2006,2096,355.79,353.9,0.9947,11.03,107.94,3.602,90.04,0.008838,0.006211,0.022614,0.041027,24.37,0.52296,1.35101,2.22573,straight,gentle
MVI_40192,286,116,2006,2121,478.8,472.52,0.9869,2.13,156.98,3.454,86.35,0.009431,0.00423,0.026663,0.045925,21.77,0.51513,1.73524,2.66873,straight,straight
MVI_40192,287,96,2011,2106,480.78,478.21,0.9947,3.11,92.56,3.366,84.16,0.005955,0.002954,0.016068,0.027555,36.29,0.32894,1.13666,2.23258,straight,straight
MVI_40192,288,106,2016,2121,473.44,471.76,0.9964,26.79,94.93,2.874,71.84,0.010221,0.004938,0.030679,0.056932,17.56,0.42827,1.14919,2.02646,curved,gentle
MVI_40192,289,71,2026,2096,276.95,274.81,0.9923,14.36,51.32,3.681,92.03,0.00375,0.002428,0.010989,0.015789,63.33,0.19901,0.89362,1.19944,straight,gentle
MVI_40192,290,101,2031,2131,570.27,568.73,0.9973,1.98,93.95,3.715,92.88,0.007263,0.003717,0.021548,0.042724,23.41,0.38202,0.95934,1.45255,straight,straight
MVI_40192,291,86,2036,2121,492.25,485.55,0.9864,51.0,97.41,4.156,103.91,0.006735,0.003162,0.018607,0.027682,36.12,0.5287,1.23696,1.73871,curved,sharp
MVI_40192,292,51,2036,2086,180.34,178.16,0.9879,46.86,65.17,3.536,88.39,0.00726,0.004221,0.019247,0.037351,26.77,0.33767,2.07718,3.2317,curved,sharp
MVI_40192,293,106,2041,2146,459.29,457.07,0.9952,21.34,119.39,2.432,60.81,0.012622,0.006653,0.021432,0.132202,7.56,0.491,1.11879,2.80128,curved,gentle
MVI_40192,294,91,2046,2136,445.42,442.2,0.9928,40.62,108.43,4.048,101.19,0.009007,0.003932,0.022331,0.067562,14.8,0.35624,1.22214,3.32298,curved,gentle
MVI_40192,295,91,2056,2146,371.68,369.42,0.9939,33.2,88.88,3.816,95.41,0.007244,0.004652,0.018486,0.032687,30.59,0.42605,1.1151,1.666,curved,gentle
MVI_40192,296,1,2061,2061,0.0,0.0,,,,0.0,0.0,,,,,,,,,unknown,unknown
MVI_40192,297,111,2066,2176,578.66,576.33,0.996,10.25,108.04,3.588,89.69,0.009149,0.004491,0.023729,0.06731,14.86,0.45687,1.15002,2.25182,straight,gentle
MVI_40192,298,71,2066,2136,271.97,268.91,0.9888,25.72,90.19,3.708,92.7,0.008539,0.003627,0.026825,0.047935,20.86,0.31921,1.92963,2.3723,curved,gentle
MVI_40192,299,101,2076,2176,453.65,449.73,0.9913,39.12,135.03,3.103,77.58,0.017675,0.004463,0.043153,0.190077,5.26,0.4685,1.59327,4.15643,curved,gentle
MVI_40192,300,85,2111,2195,443.07,442.04,0.9977,3.19,69.65,3.683,92.07,0.007303,0.001965,0.020069,0.053635,18.64,0.27091,1.2022,2.31066,straight,straight
MVI_40192,301,70,2126,2195,310.3,309.18,0.9964,20.12,47.99,3.978,99.44,0.004422,0.003279,0.008727,0.01827,54.74,0.31927,0.78278,1.0375,curved,gentle
MVI_40192,302,65,2131,2195,422.04,418.63,0.9919,23.42,58.87,5.208,130.19,0.003883,0.001714,0.011709,0.015976,62.6,0.22583,1.10608,1.57065,curved,gentle
MVI_40192,303,56,2136,2191,192.38,190.3,0.9892,5.43,65.26,3.728,93.21,0.006451,0.005305,0.01484,0.01887,52.99,0.49755,0.9377,2.09073,straight,straight
MVI_40192,304,55,2141,2195,152.74,152.19,0.9964,11.49,44.84,2.525,63.14,0.006906,0.003601,0.01851,0.023906,41.83,0.26902,1.09212,1.52067,straight,gentle
MVI_40192,305,55,2141,2195,252.95,248.6,0.9828,10.58,64.55,5.136,128.4,0.005681,0.003627,0.014777,0.019196,52.09,0.4609,1.15518,2.56451,straight,gentle
MVI_40192,306,55,2141,2195,387.55,386.46,0.9972,12.35,37.86,6.93,173.26,0.003212,0.001279,0.01173,0.015929,62.78,0.26691,0.96216,1.13732,straight,gentle
MVI_40192,307,55,2141,2195,250.1,248.84,0.995,18.35,40.56,4.914,122.85,0.003757,0.003125,0.008123,0.010205,97.99,0.30095,0.8935,1.15534,straight,gentle
MVI_40192,308,40,2156,2195,72.98,72.44,0.9927,23.21,60.59,1.801,45.03,0.020191,0.018525,0.046535,0.062772,15.93,0.87883,1.44839,1.75389,curved,gentle
MVI_40192,309,35,2161,2195,223.03,220.35,0.988,15.36,36.83,6.656,166.41,0.003153,0.002723,0.005861,0.006507,153.69,0.44712,0.93203,1.17782,straight,gentle
MVI_40192,310,30,2166,2195,52.02,50.95,0.9793,50.28,80.71,1.928,48.2,0.035399,0.017802,0.094757,0.100999,9.9,0.86823,2.79381,2.91524,curved,sharp
MVI_40192,311,30,2166,2195,48.32,47.92,0.9916,3.96,56.77,1.738,43.45,0.028949,0.019358,0.053696,0.144421,6.92,0.94039,1.77268,2.82888,straight,straight
MVI_40192,312,20,2176,2195,212.81,212.38,0.998,4.12,16.48,10.987,274.68,0.001611,0.001528,0.002382,0.003777,264.76,0.40433,0.60944,0.75113,straight,straight
MVI_40192,313,56,1591,1646,326.19,323.63,0.9922,49.65,75.03,5.381,134.52,0.006057,0.002564,0.017612,0.029026,34.45,0.34307,1.92926,2.53111,curved,sharp
MVI_40192,314,111,1861,1971,449.33,445.27,0.991,27.46,118.1,3.209,80.22,0.008595,0.004365,0.024821,0.050257,19.9,0.4421,1.17099,1.71205,curved,gentle
MVI_40192,315,75,2121,2195,222.38,221.56,0.9963,14.89,75.3,2.322,58.05,0.010498,0.006535,0.028391,0.041905,23.86,0.44082,1.33675,2.07685,straight,gentle
MVI_40201,1,1,1,1,0.0,0.0,,,,0.0,0.0,,,,,,,,,unknown,unknown
MVI_40201,2,11,1,11,201.77,201.75,0.9999,2.8,2.8,20.175,504.38,0.000267,0.000226,0.000452,0.000552,1810.83,0.11404,0.18091,0.20683,unknown,unknown
MVI_40201,3,21,1,21,271.67,269.0,0.9902,19.32,19.32,13.356,333.89,0.001158,0.000804,0.002821,0.003173,315.13,0.22896,1.06173,1.21215,straight,gentle
MVI_40201,4,66,1,66,583.58,578.87,0.9919,2.59,63.36,7.07,176.74,0.003974,0.001465,0.01152,0.021678,46.13,0.38688,1.13453,1.61185,straight,straight
MVI_40201,5,81,1,81,452.71,449.26,0.9924,3.16,110.23,4.273,106.83,0.009045,0.004169,0.020399,0.065314,15.31,0.45961,1.50329,3.52367,straight,straight
MVI_40201,6,91,1,91,814.71,812.99,0.9979,7.15,36.23,6.087,152.17,0.001655,0.000558,0.005491,0.011531,86.72,0.10455,0.53032,0.96872,straight,straight
MVI_40201,7,106,1,106,831.83,830.15,0.998,12.35,74.45,5.156,128.91,0.005332,0.001278,0.01512,0.043486,23.0,0.23658,0.86572,2.41656,straight,gentle
MVI_40201,8,36,1,36,114.4,113.7,0.9939,26.04,37.51,3.288,82.2,0.007222,0.007579,0.012153,0.01456,68.68,0.59076,0.90097,1.15108,curved,gentle
MVI_40201,9,36,1,36,165.47,165.28,0.9988,3.68,18.86,4.767,119.17,0.002274,0.002731,0.003965,0.004303,232.4,0.2866,0.42558,0.43887,straight,straight
MVI_40201,10,71,1,71,396.59,396.18,0.999,8.34,27.79,5.06,126.49,0.001873,0.001433,0.005075,0.005394,185.38,0.21512,0.4452,0.56719,straight,straight
MVI_40201,11,86,6,91,500.09,499.63,0.9991,5.94,29.97,5.347,133.67,0.001777,0.000655,0.005477,0.011331,88.26,0.09224,0.47334,0.96609,straight,straight
MVI_40201,12,106,11,116,669.94,664.26,0.9915,22.44,86.13,3.885,97.13,0.006414,0.00254,0.01929,0.030718,32.55,0.42555,0.85676,1.35558,curved,gentle
MVI_40201,13,96,11,106,604.93,603.9,0.9983,2.52,69.11,5.69,142.24,0.003245,0.001448,0.006603,0.01777,56.27,0.22743,0.98233,1.52249,straight,straight
MVI_40201,14,101,36,136,458.79,455.93,0.9938,14.72,128.5,3.507,87.66,0.01393,0.004055,0.042572,0.105504,9.48,0.35784,2.22189,3.14608,straight,gentle
MVI_40201,15,91,36,126,522.6,521.29,0.9975,18.45,55.52,5.252,131.3,0.002805,0.001356,0.007306,0.021793,45.89,0.21857,0.72908,2.44339,straight,gentle
MVI_40201,16,81,56,136,785.48,784.35,0.9986,1.85,36.2,6.331,158.27,0.001921,0.000818,0.00583,0.010203,98.01,0.17102,0.55404,0.84577,straight,straight
MVI_40201,17,86,61,146,628.16,626.95,0.9981,10.7,60.53,6.109,152.72,0.003454,0.000999,0.009741,0.030004,33.33,0.21798,0.91249,2.24952,straight,gentle
MVI_40201,18,101,71,171,481.17,476.73,0.9908,3.71,102.54,3.531,88.29,0.00703,0.004785,0.017739,0.03582,27.92,0.3224,1.52706,2.32427,straight,straight
MVI_40201,19,101,71,171,773.83,770.58,0.9958,7.91,84.15,4.807,120.18,0.006288,0.001113,0.010418,0.117506,8.51,0.14995,1.37423,3.8126,straight,straight
MVI_40201,20,76,71,146,513.13,512.49,0.9988,14.36,41.96,6.53,163.26,0.001852,0.001452,0.004253,0.005541,180.46,0.24433,0.53643,0.82592,straight,gentle
MVI_40201,21,76,76,151,566.07,565.81,0.9995,1.45,24.15,7.016,175.39,0.001246,0.000521,0.003414,0.006737,148.44,0.10974,0.3773,0.64701,straight,straight
MVI_40201,22,86,81,166,499.43,498.65,0.9984,17.43,61.61,5.424,135.61,0.003277,0.001326,0.009503,0.034156,29.28,0.2044,0.76571,3.489,straight,gentle
MVI_40201,23,91,81,171,778.86,777.73,0.9986,9.84,39.0,5.703,142.57,0.001656,0.000948,0.003352,0.01124,88.97,0.17325,0.48617,0.85319,straight,straight
MVI_40201,24,81,86,166,580.12,578.07,0.9965,19.92,49.56,4.64,116.0,0.003202,0.001865,0.007501,0.018405,54.33,0.25109,0.79949,1.14833,straight,gentle
MVI_40201,25,81,86,166,534.54,533.97,0.9989,18.13,36.16,5.983,149.57,0.001519,0.000809,0.004128,0.010178,98.25,0.13401,0.37658,1.7671,straight,gentle
MVI_40201,26,101,91,191,828.63,826.76,0.9977,17.82,53.65,5.444,136.11,0.002904,0.001751,0.00877,0.012029,83.13,0.205,0.64646,1.28367,straight,gentle
MVI_40201,27,76,91,166,607.0,606.2,0.9987,23.71,60.42,7.114,177.86,0.003452,0.001655,0.006364,0.025697,38.92,0.28346,0.77964,1.81644,curved,gentle
MVI_40201,28,76,91,166,575.77,575.23,0.9991,8.79,38.29,7.195,179.88,0.001514,0.000911,0.00382,0.007412,134.92,0.17546,0.45622,1.57865,straight,straight
MVI_40201,29,86,101,186,590.83,586.64,0.9929,22.34,54.89,4.821,120.53,0.002394,0.00118,0.005702,0.012132,82.43,0.15551,0.6511,1.61927,curved,gentle
MVI_40201,30,91,116,206,649.59,647.86,0.9973,9.0,66.88,4.903,122.58,0.004913,0.001637,0.015003,0.038381,26.05,0.23176,0.95696,1.91727,straight,straight
MVI_40201,31,86,126,211,780.45,777.48,0.9962,17.35,50.55,6.515,162.89,0.001947,0.001086,0.004814,0.009134,109.49,0.28714,0.61576,0.78447,straight,gentle
MVI_40201,32,71,131,201,590.32,586.86,0.9941,42.1,60.41,7.879,196.97,0.002458,0.000767,0.007187,0.01142,87.57,0.13323,0.91712,2.74506,curved,gentle
MVI_40201,33,81,136,216,619.15,617.82,0.9978,5.01,55.26,6.616,165.39,0.002853,0.001415,0.007822,0.014811,67.52,0.25596,0.70735,1.31826,straight,straight
MVI_40201,34,81,161,241,611.02,609.19,0.997,19.9,42.23,6.985,174.62,0.001698,0.001619,0.003155,0.005117,195.43,0.28019,0.56297,0.73465,straight,gentle
MVI_40201,35,91,166,256,832.59,831.01,0.9981,20.88,51.72,6.441,161.03,0.002502,0.001657,0.005851,0.016167,61.85,0.25849,0.55826,0.82399,curved,gentle
MVI_40201,36,81,176,256,464.76,461.57,0.9931,36.39,88.65,4.507,112.68,0.011864,0.002378,0.030158,0.130681,7.65,0.44519,1.48692,2.74559,curved,gentle
MVI_40201,37,91,186,276,661.81,660.4,0.9979,4.86,42.86,5.93,148.26,0.001574,0.001175,0.004331,0.006675,149.81,0.17215,0.48501,0.77365,straight,straight
MVI_40201,38,81,196,276,559.83,559.08,0.9987,18.13,44.98,7.052,176.31,0.002305,0.000958,0.007415,0.012005,83.3,0.13529,0.75678,1.09156,straight,gentle
MVI_40201,39,91,206,296,758.96,753.22,0.9924,34.86,64.33,5.711,142.77,0.002855,0.002244,0.008398,0.010377,96.36,0.26007,0.73837,1.31432,curved,gentle
MVI_40201,40,86,216,301,667.12,665.6,0.9977,1.47,64.35,6.063,151.58,0.003172,0.001596,0.007342,0.021383,46.77,0.24699,0.98434,1.95462,straight,straight
MVI_40201,41,91,221,311,584.87,579.93,0.9916,34.52,89.24,4.226,105.65,0.006397,0.001105,0.019711,0.037932,26.36,0.15351,1.27682,1.89933,curved,gentle
MVI_40201,42,106,246,351,855.15,853.05,0.9975,7.52,60.64,5.301,132.52,0.003286,0.000889,0.01167,0.017777,56.25,0.19967,0.82799,1.29859,straight,straight
MVI_40201,43,71,246,316,892.41,892.07,0.9996,13.39,24.3,8.516,212.89,0.001218,0.000481,0.002786,0.010343,96.68,0.14937,0.31162,0.67107,straight,gentle
MVI_40201,44,76,251,326,595.15,594.5,0.9989,0.86,38.18,6.246,156.16,0.002183,0.001159,0.006093,0.009374,106.67,0.22319,0.56581,0.99337,straight,straight
MVI_40201,45,91,256,346,758.83,755.73,0.9959,31.04,74.47,5.094,127.36,0.004572,0.001368,0.011282,0.039977,25.01,0.29878,0.78004,2.01083,curved,gentle
MVI_40201,46,71,271,341,438.99,436.56,0.9945,21.33,61.55,4.896,122.4,0.004013,0.001694,0.009401,0.030993,32.27,0.28368,1.1829,2.37981,curved,gentle
MVI_40201,47,96,276,371,640.77,639.21,0.9976,28.15,48.89,5.96,148.99,0.001736,0.001155,0.004258,0.012784,78.22,0.18811,0.50601,2.06947,curved,gentle
MVI_40201,48,76,281,356,657.12,654.9,0.9966,0.4,78.68,7.254,181.36,0.003999,0.001751,0.008737,0.025062,39.9,0.34144,1.62338,2.36325,straight,straight
MVI_40201,49,81,291,371,818.13,813.47,0.9943,16.35,41.49,6.701,167.52,0.001324,0.001276,0.00304,0.00354,282.48,0.17677,0.75601,1.00695,straight,gentle
MVI_40201,50,111,291,401,811.06,808.66,0.997,21.81,50.71,4.699,117.47,0.002028,0.001321,0.006006,0.009824,101.79,0.13348,0.56982,1.07272,curved,gentle
MVI_40201,51,91,306,396,607.99,606.87,0.9982,8.86,52.87,5.601,140.03,0.00295,0.001248,0.006818,0.025065,39.9,0.20222,0.87109,1.29432,straight,straight
MVI_40201,52,106,311,416,567.63,564.73,0.9949,51.5,92.22,4.863,121.57,0.005263,0.001773,0.010125,0.050437,19.83,0.22294,1.24327,2.72533,curved,sharp
MVI_40201,53,91,316,406,635.63,632.95,0.9958,10.39,55.05,4.564,114.09,0.003439,0.001336,0.009575,0.027518,36.34,0.21616,0.72589,1.12827,straight,gentle
MVI_40201,54,86,321,406,663.85,662.95,0.9986,4.53,51.51,7.053,176.33,0.002492,0.001142,0.007893,0.018845,53.06,0.20635,0.72752,1.6027,straight,straight
MVI_40201,55,81,331,411,533.67,532.8,0.9984,16.32,45.61,5.789,144.73,0.00217,0.000585,0.005976,0.025623,39.03,0.10335,0.5658,3.16413,straight,gentle
MVI_40201,56,101,336,436,804.21,800.04,0.9948,24.44,68.16,5.513,137.83,0.002743,0.001156,0.008608,0.018118,55.19,0.18912,0.9406,1.62376,curved,gentle
MVI_40201,57,91,341,431,640.37,639.6,0.9988,16.45,51.18,5.886,147.15,0.002636,0.001644,0.005454,0.013045,76.66,0.26213,0.72293,0.97869,straight,gentle
MVI_40201,58,121,351,471,793.26,790.72,0.9968,18.18,67.38,4.275,106.87,0.003299,0.001707,0.005735,0.026293,38.03,0.17606,0.72738,1.10017,straight,gentle
MVI_40201,59,96,351,446,635.44,634.5,0.9985,14.74,47.02,5.554,138.85,0.002484,0.000837,0.007245,0.013819,72.37,0.14919,0.68484,1.39345,straight,gentle
MVI_40201,60,101,351,451,593.89,593.08,0.9986,10.75,62.74,5.284,132.1,0.003054,0.001612,0.008972,0.020663,48.4,0.23671,0.80249,2.46331,straight,gentle
MVI_40201,61,91,361,451,531.03,530.55,0.9991,0.47,37.25,5.016,125.4,0.002112,0.001026,0.006074,0.009589,104.28,0.15979,0.54138,0.71886,straight,straight
MVI_40201,62,101,371,471,631.88,631.18,0.9989,6.12,55.11,4.626,115.64,0.003209,0.001748,0.008321,0.022509,44.43,0.23935,0.63616,1.47796,straight,straight
MVI_40201,63,101,406,506,804.36,802.73,0.998,7.33,40.86,5.588,139.71,0.001693,0.000827,0.004485,0.009599,104.18,0.15922,0.39027,0.69665,straight,straight
MVI_40201,64,121,431,551,865.94,861.42,0.9948,21.59,53.7,4.201,105.03,0.002126,0.001436,0.005475,0.007897,126.63,0.16143,0.41379,1.21183,curved,gentle
MVI_40201,65,96,431,526,644.17,641.2,0.9954,13.81,48.87,4.499,112.47,0.002426,0.001275,0.006144,0.010065,99.35,0.2008,0.46556,1.01273,straight,gentle
MVI_40201,66,86,461,546,551.97,551.76,0.9996,4.4,27.07,5.558,138.95,0.001302,0.001037,0.002726,0.004402,227.16,0.13975,0.33239,0.48661,straight,straight
MVI_40201,67,91,461,551,472.73,470.41,0.9951,12.02,89.76,3.652,91.3,0.009698,0.00288,0.030889,0.078283,12.77,0.34861,1.19228,3.56173,straight,gentle
MVI_40201,68,126,461,586,836.19,833.43,0.9967,28.7,82.73,3.977,99.43,0.005307,0.001555,0.019263,0.027945,35.78,0.24909,0.82729,1.11295,curved,gentle
MVI_40201,69,96,476,571,626.96,625.63,0.9979,22.23,49.55,5.866,146.66,0.00282,0.001614,0.005928,0.028958,34.53,0.24074,0.60706,1.21005,curved,gentle
MVI_40201,70,106,486,591,824.28,822.1,0.9973,39.68,72.01,5.292,132.3,0.004012,0.00127,0.011928,0.031412,31.83,0.18045,0.95473,2.19133,curved,gentle
MVI_40201,71,96,486,581,451.5,448.88,0.9942,14.44,72.74,3.274,81.86,0.004443,0.003136,0.009303,0.025757,38.82,0.3045,0.75695,1.58402,straight,gentle
MVI_40201,72,91,491,581,650.76,650.26,0.9992,9.3,48.1,5.619,140.48,0.00289,0.000985,0.009538,0.018674,53.55,0.2055,0.72693,1.24482,straight,straight
MVI_40201,73,96,506,601,570.34,570.01,0.9994,10.21,27.48,5.03,125.75,0.001185,0.000897,0.002436,0.004773,209.49,0.14141,0.29697,0.64942,straight,gentle
MVI_40201,74,106,521,626,729.68,724.95,0.9935,11.44,73.16,4.245,106.12,0.003903,0.00262,0.010791,0.022199,45.05,0.23731,0.69184,1.46457,straight,gentle
MVI_40201,75,106,526,631,816.12,814.57,0.9981,39.69,74.18,4.881,122.02,0.005167,0.001151,0.011977,0.045489,21.98,0.16225,0.88588,2.18414,curved,gentle
MVI_40201,76,111,546,656,682.06,677.07,0.9927,16.75,99.05,4.115,102.88,0.008308,0.002699,0.027606,0.12166,8.22,0.30973,1.21893,3.1495,straight,gentle
MVI_40201,77,106,551,656,793.95,792.39,0.998,14.44,44.76,4.302,107.54,0.002242,0.000832,0.007177,0.012503,79.98,0.11907,0.55875,0.7263,straight,gentle
MVI_40201,78,101,561,661,821.32,819.73,0.9981,13.75,46.02,5.319,132.98,0.001897,0.000908,0.004449,0.012245,81.66,0.14104,0.65545,1.54064,straight,gentle
MVI_40201,79,86,561,646,451.19,449.28,0.9958,46.09,70.63,3.626,90.66,0.006133,0.002606,0.014733,0.049136,20.35,0.27616,1.1258,1.9205,curved,sharp
MVI_40201,80,96,571,666,636.64,635.85,0.9988,16.98,39.05,5.684,142.09,0.001459,0.00096,0.00326,0.010211,97.94,0.13834,0.44371,1.63662,straight,gentle
MVI_40201,81,96,576,671,555.73,555.55,0.9997,3.28,25.23,5.13,128.26,0.001481,0.000745,0.004169,0.007025,142.35,0.09929,0.39237,0.6209,straight,straight
MVI_40201,82,86,581,666,666.85,664.89,0.997,15.74,52.61,6.847,171.19,0.002404,0.001408,0.006142,0.013634,73.35,0.25748,0.74448,1.74877,straight,gentle
MVI_40201,83,111,586,696,777.73,775.1,0.9966,30.89,81.66,4.135,103.37,0.006167,0.001526,0.020102,0.048895,20.45,0.2095,0.99484,2.00853,curved,gentle
MVI_40201,84,116,591,706,610.02,607.1,0.9952,9.54,82.17,3.467,86.68,0.008142,0.001602,0.026907,0.046432,21.54,0.20845,0.9547,1.24818,straight,straight
MVI_40201,85,101,606,706,618.57,617.99,0.9991,11.04,39.27,5.122,128.06,0.001986,0.001359,0.004856,0.008133,122.96,0.17835,0.49144,0.85505,straight,gentle
MVI_40201,86,111,611,721,871.83,868.85,0.9966,24.02,66.26,4.807,120.19,0.004789,0.001069,0.014573,0.050526,19.79,0.16901,0.79737,1.33557,curved,gentle
MVI_40201,87,96,611,706,576.01,575.08,0.9984,20.3,42.8,5.272,131.81,0.001805,0.000893,0.00294,0.029916,33.43,0.1087,0.30524,3.40012,curved,gentle
MVI_40201,88,86,621,706,650.37,649.95,0.9994,1.03,37.49,6.039,150.96,0.001924,0.001305,0.004578,0.008272,120.89,0.21616,0.4213,0.61304,straight,straight
MVI_40201,89,101,626,726,795.96,794.7,0.9984,9.69,56.76,5.249,131.22,0.002648,0.001491,0.00578,0.013101,76.33,0.22303,0.68891,1.73975,straight,straight
MVI_40201,90,96,631,726,546.84,546.26,0.9989,15.81,39.01,5.065,126.62,0.002025,0.00091,0.004452,0.014292,69.97,0.15675,0.52644,1.73518,straight,gentle
MVI_40201,91,96,646,741,553.42,553.02,0.9993,6.76,36.63,4.862,121.54,0.001802,0.001303,0.003961,0.00812,123.16,0.17298,0.43435,0.61403,straight,straight
MVI_40201,92,76,651,726,619.92,619.51,0.9993,0.79,36.34,6.576,164.4,0.002133,0.001177,0.004721,0.007935,126.03,0.20533,0.56191,0.93676,straight,straight
MVI_40201,93,91,651,741,607.51,607.38,0.9998,3.7,21.83,5.817,145.42,0.000897,0.000607,0.001911,0.004737,211.09,0.09801,0.26416,0.60712,straight,straight
MVI_40201,94,86,656,741,512.19,511.78,0.9992,2.01,41.56,5.386,134.64,0.00238,0.001052,0.006991,0.016571,60.35,0.13081,0.63889,1.01069,straight,straight
MVI_40201,95,81,661,741,452.06,451.35,0.9984,9.04,52.75,4.057,101.41,0.004781,0.002126,0.012634,0.02292,43.63,0.27848,0.73197,1.40218,straight,straight
MVI_40201,96,101,666,766,623.87,620.65,0.9948,30.26,53.19,4.073,101.82,0.003501,0.001978,0.00981,0.020821,48.03,0.22726,0.66486,0.96372,curved,gentle
MVI_40201,97,86,671,756,557.8,557.31,0.9991,3.55,39.06,5.53,138.26,0.001914,0.001403,0.004899,0.006409,156.03,0.22388,0.43351,0.57674,straight,straight
MVI_40201,98,86,671,756,626.59,625.34,0.998,34.22,56.24,5.596,139.9,0.004146,0.000554,0.011936,0.040914,24.44,0.07299,0.94052,2.69461,curved,gentle
MVI_40201,99,96,681,776,817.35,814.3,0.9963,29.03,65.64,5.64,141.0,0.003226,0.001703,0.010868,0.016426,60.88,0.19464,0.9438,1.2642,curved,gentle
MVI_40201,100,101,701,801,784.52,782.25,0.9971,27.91,55.79,4.803,120.07,0.00304,0.00129,0.00667,0.020589,48.57,0.17627,0.82334,1.00926,curved,gentle
MVI_40201,101,101,706,806,775.31,772.68,0.9966,26.39,51.49,5.338,133.46,0.002206,0.001135,0.005955,0.008638,115.76,0.17538,0.58073,1.18244,curved,gentle
MVI_40201,102,86,706,791,635.7,634.36,0.9979,25.38,64.03,5.775,144.37,0.003802,0.001823,0.011346,0.020143,49.65,0.29048,1.00548,1.4135,curved,gentle
MVI_40201,103,81,721,801,459.0,457.12,0.9959,28.42,69.56,3.788,94.69,0.005178,0.001619,0.015115,0.030689,32.59,0.2178,1.08063,2.78539,curved,gentle
MVI_40201,104,86,741,826,510.59,510.19,0.9992,10.14,34.58,5.384,134.59,0.001833,0.000981,0.003861,0.008633,115.84,0.16396,0.4277,0.6434,straight,gentle
MVI_40201,105,111,741,851,626.78,622.0,0.9924,41.35,97.1,3.367,84.18,0.008814,0.001874,0.016746,0.093419,10.7,0.19274,1.08774,2.87932,curved,gentle
MVI_40201,106,91,741,831,771.07,767.5,0.9954,3.3,68.87,5.118,127.95,0.004734,0.001556,0.017016,0.026127,38.27,0.25812,1.18332,1.32894,straight,straight
MVI_40201,107,106,746,851,540.45,539.25,0.9978,16.98,61.87,4.354,108.85,0.003953,0.001824,0.009351,0.024502,40.81,0.25406,0.69513,1.50862,straight,gentle
MVI_40201,108,86,751,836,603.72,601.84,0.9969,38.89,55.69,6.413,160.33,0.002665,0.001075,0.008141,0.016748,59.71,0.14938,1.01302,2.28078,curved,gentle
MVI_40201,109,96,771,866,570.05,569.56,0.9991,0.07,36.84,5.262,131.56,0.001788,0.00096,0.003844,0.006762,147.88,0.16627,0.40405,0.74302,straight,straight
MVI_40201,110,81,771,851,653.29,652.29,0.9985,5.79,41.39,7.017,175.44,0.001792,0.001404,0.003866,0.006188,161.61,0.24053,0.43282,0.86875,straight,straight
MVI_40201,111,76,781,856,736.16,735.2,0.9987,15.22,37.17,6.972,174.29,0.001956,0.000641,0.006043,0.007278,137.41,0.18245,0.52865,0.57402,straight,gentle
MVI_40201,112,86,786,871,852.08,848.58,0.9959,10.01,53.4,6.84,171.0,0.001532,0.00102,0.0036,0.005567,179.64,0.19208,0.88283,1.59098,straight,gentle
MVI_40201,113,91,811,901,795.59,793.39,0.9972,4.17,43.52,5.444,136.1,0.002179,0.000934,0.005984,0.014644,68.29,0.09465,0.63574,1.16502,straight,straight
MVI_40201,114,86,811,896,743.14,742.12,0.9986,17.27,29.03,5.911,147.78,0.001191,0.000783,0.003124,0.004343,230.24,0.13267,0.29922,0.61616,straight,gentle
MVI_40201,115,91,811,901,548.57,547.83,0.9987,17.77,39.32,5.209,130.22,0.001869,0.001437,0.004704,0.007046,141.92,0.20972,0.48771,0.7002,straight,gentle
MVI_40201,116,90,836,925,714.41,713.82,0.9992,13.43,24.34,4.78,119.49,0.001567,0.000418,0.002438,0.016376,61.06,0.09231,0.24584,0.87343,straight,gentle
MVI_40201,117,85,841,925,606.13,605.81,0.9995,12.26,26.33,5.275,131.88,0.001804,0.000484,0.004823,0.010349,96.63,0.08382,0.44138,0.64367,straight,gentle
MVI_40201,118,80,846,925,381.66,381.32,0.9991,24.92,39.61,3.176,79.4,0.005687,0.001127,0.014569,0.060602,16.5,0.13576,0.56744,1.65915,curved,gentle
MVI_40201,119,80,846,925,558.91,558.15,0.9986,15.7,35.62,4.526,113.14,0.002233,0.001529,0.00587,0.010491,95.32,0.19888,0.41449,0.56239,straight,gentle
MVI_40201,120,80,846,925,591.81,591.29,0.9991,8.09,32.54,6.991,174.78,0.001454,0.00094,0.004018,0.006512,153.57,0.17291,0.5007,0.86202,straight,straight
MVI_40201,121,65,861,925,554.34,553.97,0.9993,4.28,25.09,7.302,182.56,0.001392,0.000635,0.004153,0.005896,169.61,0.13337,0.46671,0.6532,straight,straight
MVI_40201,122,65,861,925,473.23,472.63,0.9987,18.23,35.67,7.013,175.33,0.001729,0.001121,0.003262,0.017105,58.46,0.18059,0.50508,2.34601,straight,gentle
MVI_40201,123,50,876,925,137.77,137.59,0.9987,4.42,26.69,2.673,66.83,0.005476,0.004751,0.012423,0.015919,62.82,0.25946,0.6892,1.06598,straight,straight
MVI_40201,124,50,876,925,183.56,183.42,0.9992,3.94,23.65,3.595,89.88,0.003376,0.001839,0.010846,0.012475,80.16,0.18492,0.70557,0.77458,straight,straight
MVI_40201,125,20,906,925,21.97,21.91,0.997,21.17,23.21,1.148,28.7,0.031044,0.005245,0.084324,0.227028,4.4,0.14863,1.63666,3.17697,curved,gentle
MVI_40201,126,15,911,925,155.91,155.89,0.9999,1.56,4.8,11.864,296.6,0.000678,0.000363,0.001476,0.002295,435.75,0.10764,0.29695,0.39945,straight,straight
MVI_40201,127,15,911,925,147.02,146.47,0.9963,22.01,22.01,11.354,283.84,0.00411,0.001552,0.011146,0.020004,49.99,0.44063,1.82788,2.71057,curved,gentle
MVI_40204,1,26,1,26,411.38,407.14,0.9897,15.87,22.22,18.494,462.35,0.000975,0.000644,0.002356,0.002902,344.54,0.21689,1.1404,1.40722,straight,gentle
MVI_40204,2,66,1,66,544.38,540.48,0.9928,22.77,65.94,6.955,173.87,0.004513,0.001237,0.006479,0.078877,12.68,0.24771,1.66691,2.44963,curved,gentle
MVI_40204,3,21,1,21,432.1,431.82,0.9994,5.8,6.89,20.97,524.24,0.000316,0.000265,0.000559,0.000951,1051.93,0.14939,0.32798,0.35223,straight,straight
MVI_40204,4,51,1,51,714.52,712.64,0.9974,26.51,40.49,13.094,327.36,0.001545,0.000579,0.004699,0.008759,114.17,0.19567,0.96069,2.48778,curved,gentle
MVI_40204,5,101,1,101,876.79,871.06,0.9935,29.96,131.8,5.36,134.0,0.022401,0.001766,0.017605,0.76628,1.31,0.26853,1.1959,11.15217,curved,gentle
MVI_40204,6,86,1,86,321.19,320.36,0.9974,3.22,65.23,3.125,78.13,0.005888,0.004594,0.011935,0.02966,33.72,0.4078,0.94407,1.47753,straight,straight
MVI_40204,7,96,1,96,376.84,375.96,0.9977,23.94,77.15,3.247,81.17,0.006479,0.003132,0.0167,0.056505,17.7,0.34203,0.89263,2.04352,curved,gentle
MVI_40204,8,71,1,71,202.82,202.12,0.9965,8.96,53.29,2.653,66.31,0.00572,0.004946,0.01331,0.015086,66.28,0.34894,0.66232,1.332,straight,straight
MVI_40204,9,66,1,66,182.22,181.68,0.997,14.43,36.62,2.667,66.68,0.004122,0.003625,0.008406,0.010297,97.11,0.2238,0.73236,1.09458,straight,gentle
MVI_40204,10,76,1,76,193.77,193.15,0.9968,4.97,53.96,2.337,58.43,0.005863,0.003841,0.013659,0.021957,45.54,0.25089,0.81097,1.18978,straight,straight
MVI_40204,11,66,1,66,137.26,136.67,0.9957,10.44,76.37,1.991,49.77,0.013225,0.010306,0.030792,0.043587,22.94,0.54411,1.0949,1.5075,straight,gentle
MVI_40204,12,16,1,16,40.48,39.68,0.9804,36.17,36.17,2.614,65.35,0.015288,0.013733,0.020481,0.021669,46.15,1.0132,1.38947,1.44971,curved,gentle
MVI_40204,13,16,1,16,41.64,40.71,0.9777,39.99,39.99,2.7,67.5,0.017161,0.017873,0.021644,0.023546,42.47,1.14179,1.41751,1.48733,curved,gentle
MVI_40204,14,146,6,151,707.94,706.97,0.9986,0.06,84.41,3.454,86.36,0.00519,0.001669,0.013268,0.05021,19.92,0.18615,0.66944,1.8125,straight,straight
MVI_40204,15,136,11,146,814.82,812.9,0.9976,31.9,76.97,4.101,102.52,0.00312,0.00226,0.007803,0.011599,86.21,0.19037,0.61885,2.29331,curved,gentle
MVI_40204,16,116,16,131,676.03,671.55,0.9934,21.01,103.12,3.626,90.64,0.006299,0.002295,0.017475,0.056461,17.71,0.32128,0.86881,2.77519,curved,gentle
MVI_40204,17,116,16,131,904.51,902.71,0.998,17.34,53.27,4.617,115.43,0.002091,0.00149,0.00488,0.007859,127.24,0.19986,0.47192,0.975,straight,gentle
MVI_40204,18,131,21,151,943.38,938.67,0.995,22.87,91.96,3.652,91.3,0.005176,0.002037,0.013331,0.03626,27.58,0.28236,0.84629,1.37169,curved,gentle
MVI_40204,19,131,31,161,941.96,940.1,0.998,10.01,67.9,3.865,96.63,0.003441,0.002276,0.009057,0.015629,63.99,0.20055,0.62559,1.81854,straight,gentle
MVI_40204,20,121,51,171,700.47,694.06,0.9908,29.08,104.3,3.243,81.08,0.007463,0.003018,0.018145,0.064029,15.62,0.2724,1.0409,2.67754,curved,gentle
MVI_40204,21,151,51,201,779.32,775.45,0.995,24.19,150.43,3.882,97.04,0.006809,0.004313,0.018763,0.033072,30.24,0.36208,1.18563,2.88941,curved,gentle
MVI_40204,22,46,56,101,380.73,376.47,0.9888,32.59,52.64,7.762,194.04,0.00303,0.002127,0.006109,0.014455,69.18,0.44026,1.18843,2.84584,curved,gentle
MVI_40204,23,141,71,211,968.9,966.89,0.9979,0.58,94.87,3.674,91.85,0.005298,0.001893,0.013492,0.03342,29.92,0.2559,0.98826,1.79644,straight,straight
MVI_40204,24,56,91,146,404.42,401.53,0.9929,19.24,41.56,6.07,151.74,0.003145,0.001546,0.008109,0.013774,72.6,0.28736,0.90242,1.18905,straight,gentle
MVI_40204,25,141,101,241,917.8,913.68,0.9955,36.23,137.71,3.491,87.27,0.007627,0.002905,0.019412,0.046061,21.71,0.3474,1.03181,2.13409,curved,gentle
MVI_40204,26,141,101,241,721.84,719.94,0.9974,20.81,109.36,4.183,104.57,0.005521,0.002504,0.014558,0.028602,34.96,0.29908,0.92989,1.51975,curved,gentle
MVI_40204,27,111,111,221,753.55,751.97,0.9979,36.21,88.7,5.181,129.51,0.006774,0.001471,0.01624,0.065574,15.25,0.17311,0.87713,2.93946,curved,gentle
MVI_40204,28,141,116,256,687.26,685.55,0.9975,21.59,111.46,3.824,95.59,0.006052,0.002603,0.020288,0.034881,28.67,0.29114,1.01474,1.51119,curved,gentle
MVI_40204,29,141,121,261,929.49,923.06,0.9931,28.4,123.68,3.373,84.33,0.007466,0.002928,0.024494,0.049537,20.19,0.30128,1.1418,1.51688,curved,gentle
MVI_40204,30,141,136,276,703.18,701.24,0.9972,25.99,112.01,3.817,95.42,0.004903,0.002797,0.013773,0.019245,51.96,0.29457,0.89583,2.38399,curved,gentle
MVI_40204,31,121,156,276,723.71,722.38,0.9982,15.99,64.89,4.318,107.94,0.003224,0.001371,0.009695,0.013771,72.62,0.17601,0.70621,0.92327,straight,gentle
MVI_40204,32,151,161,311,924.96,915.56,0.9898,21.96,161.34,2.755,68.88,0.015274,0.003286,0.038791,0.105194,9.51,0.30748,1.39204,2.27501,curved,gentle
MVI_40204,33,136,171,306,904.72,901.33,0.9963,31.86,113.4,3.813,95.32,0.006512,0.003395,0.017156,0.031524,31.72,0.37326,0.94512,1.39028,curved,gentle
MVI_40204,34,116,176,291,726.68,724.87,0.9975,2.59,99.5,4.662,116.54,0.005579,0.002753,0.015408,0.033654,29.71,0.31879,1.15563,1.88722,straight,straight
MVI_40204,35,131,181,311,764.2,762.53,0.9978,1.2,95.38,3.964,99.11,0.005348,0.00281,0.015645,0.036634,27.3,0.2761,0.91296,1.96898,straight,straight
MVI_40204,36,116,181,296,700.72,699.35,0.998,2.65,69.81,5.233,130.82,0.002824,0.001353,0.005783,0.01815,55.1,0.21877,0.66121,2.67193,straight,straight
MVI_40204,37,51,186,236,402.99,399.56,0.9915,32.75,52.73,7.271,181.78,0.002666,0.002249,0.005146,0.009432,106.02,0.43982,1.11745,2.01133,curved,gentle
MVI_40204,38,166,191,356,680.16,672.56,0.9888,44.61,210.64,2.052,51.31,0.01841,0.005707,0.052392,0.151552,6.6,0.39195,1.72111,2.66952,curved,gentle
MVI_40204,39,111,191,301,759.81,758.14,0.9978,6.13,61.75,5.381,134.52,0.002878,0.00106,0.008503,0.019952,50.12,0.18638,0.79659,1.63927,straight,straight
MVI_40204,40,151,201,351,731.49,728.94,0.9965,5.97,163.05,4.183,104.58,0.008131,0.003712,0.020997,0.040806,24.51,0.3925,1.32014,2.56741,straight,straight
MVI_40204,41,146,201,346,950.86,945.12,0.994,8.09,107.44,2.784,69.61,0.006619,0.00282,0.018339,0.073462,13.61,0.27626,0.83888,1.54549,straight,straight
MVI_40204,42,156,221,376,950.75,945.31,0.9943,4.44,134.59,2.805,70.13,0.00971,0.003327,0.024725,0.069669,14.35,0.29825,1.04127,2.93742,straight,straight
MVI_40204,43,136,226,361,922.26,919.9,0.9974,3.63,91.46,3.547,88.68,0.005075,0.002332,0.013767,0.028395,35.22,0.28828,0.73988,1.43914,straight,straight
MVI_40204,44,121,231,351,682.18,680.75,0.9979,3.8,95.07,4.491,112.26,0.00534,0.002462,0.015268,0.027865,35.89,0.2677,1.22899,1.76012,straight,straight
MVI_40204,45,121,231,351,753.13,751.8,0.9982,1.54,97.92,4.462,111.56,0.005602,0.002125,0.016244,0.030904,32.36,0.30767,1.0409,1.75466,straight,straight
MVI_40204,46,141,241,381,801.81,800.52,0.9984,2.91,98.12,3.817,95.43,0.005324,0.00252,0.016543,0.038043,26.29,0.26863,0.78051,1.82884,straight,straight
MVI_40204,47,141,246,386,598.32,589.08,0.9846,36.61,218.88,2.569,64.22,0.022758,0.005434,0.069573,0.178789,5.59,0.50316,2.1732,4.24157,curved,gentle
MVI_40204,48,46,256,301,371.13,367.1,0.9891,23.87,34.06,7.368,184.2,0.002074,0.00177,0.003396,0.005981,167.19,0.31067,0.80058,1.16981,curved,gentle
MVI_40204,49,151,261,411,730.86,728.97,0.9974,16.87,113.03,3.923,98.07,0.005858,0.002325,0.019421,0.036787,27.18,0.26043,0.94608,2.13689,straight,gentle
MVI_40204,50,121,281,401,724.8,723.97,0.9989,12.74,68.38,4.634,115.85,0.004067,0.002406,0.011699,0.017504,57.13,0.27386,0.68698,1.21841,straight,gentle
MVI_40204,51,131,281,411,749.64,748.69,0.9987,2.14,83.43,4.037,100.92,0.005295,0.00238,0.017123,0.043253,23.12,0.28495,0.74773,1.36376,straight,straight
MVI_40204,52,131,286,416,691.51,689.07,0.9965,27.02,89.94,4.131,103.28,0.00412,0.001784,0.01263,0.030884,32.38,0.1999,0.84696,4.10413,curved,gentle
MVI_40204,53,156,291,446,723.88,720.76,0.9957,44.97,124.75,3.855,96.37,0.005856,0.002959,0.01432,0.051165,19.54,0.25396,0.9308,3.21457,curved,gentle
MVI_40204,54,136,291,426,881.56,877.73,0.9957,61.75,153.77,3.611,90.27,0.011505,0.003813,0.032296,0.083496,11.98,0.34706,1.42876,3.12299,curved,sharp
MVI_40204,55,146,291,436,924.19,918.61,0.994,37.17,190.21,3.178,79.44,0.016277,0.002337,0.039382,0.208779,4.79,0.30561,1.52841,4.25828,curved,gentle
MVI_40204,56,46,321,366,364.76,361.29,0.9905,29.71,39.8,7.203,180.06,0.002352,0.001955,0.00447,0.005662,176.62,0.31733,1.1012,1.38701,curved,gentle
MVI_40204,57,126,321,446,642.74,632.48,0.984,43.03,209.33,2.349,58.73,0.021142,0.005329,0.061597,0.253784,3.94,0.52003,1.90685,4.53481,curved,gentle
MVI_40204,58,146,321,466,952.04,948.22,0.996,22.02,105.36,3.257,81.43,0.005818,0.001761,0.016179,0.044517,22.46,0.21297,0.808,1.80819,curved,gentle
MVI_40204,59,131,326,456,681.16,679.98,0.9983,0.82,102.84,4.295,107.36,0.005431,0.002502,0.013436,0.028996,34.49,0.34646,0.90976,1.67854,straight,straight
MVI_40204,60,131,326,456,756.56,755.31,0.9983,18.58,91.0,4.015,100.38,0.005844,0.00292,0.015305,0.038677,25.85,0.29273,0.8356,1.95221,straight,gentle
MVI_40204,61,136,346,481,941.17,936.38,0.9949,24.92,124.78,3.667,91.67,0.008367,0.002627,0.025827,0.053748,18.61,0.34043,1.04869,1.94078,curved,gentle
MVI_40204,62,51,361,411,415.7,412.19,0.9916,15.65,69.51,7.689,192.22,0.005494,0.002791,0.01351,0.033635,29.73,0.60282,1.42047,2.75519,straight,gentle
MVI_40204,63,141,361,501,690.9,689.0,0.9972,6.56,130.98,3.678,91.95,0.0078,0.002956,0.023526,0.042948,23.28,0.33362,1.13934,2.1594,straight,straight
MVI_40204,64,131,361,491,762.39,760.32,0.9973,30.8,78.15,4.235,105.87,0.003166,0.001867,0.008163,0.019465,51.37,0.17563,0.69798,3.13705,curved,gentle
MVI_40204,65,141,361,501,797.01,795.89,0.9986,5.61,88.63,3.846,96.15,0.004811,0.002272,0.010806,0.04071,24.56,0.227,0.66405,1.59645,straight,straight
MVI_40204,66,146,381,526,907.1,902.88,0.9954,6.86,129.43,3.072,76.79,0.008075,0.005083,0.021015,0.036966,27.05,0.41427,0.99814,1.33691,straight,straight
MVI_40204,67,131,411,541,696.21,694.98,0.9982,9.04,103.75,3.964,99.1,0.005698,0.002635,0.014019,0.067165,14.89,0.29794,0.89583,2.25669,straight,straight
MVI_40204,68,126,421,546,748.72,746.83,0.9975,19.6,95.67,4.33,108.25,0.004412,0.002402,0.011899,0.025797,38.76,0.23089,0.87639,2.69931,straight,gentle
MVI_40204,69,96,426,521,611.47,610.42,0.9983,9.49,55.26,6.196,154.9,0.002559,0.001546,0.00606,0.013777,72.59,0.2125,0.67262,0.97279,straight,straight
MVI_40204,70,136,426,561,900.58,897.55,0.9966,25.12,122.4,3.731,93.27,0.008145,0.001949,0.0259,0.056709,17.63,0.24119,1.31762,2.38099,curved,gentle
MVI_40204,71,116,446,561,749.81,748.76,0.9986,21.35,84.26,4.74,118.49,0.00747,0.001709,0.019096,0.142241,7.03,0.2302,1.12656,3.46244,curved,gentle
MVI_40204,72,141,466,606,698.61,697.35,0.9982,6.85,91.38,3.86,96.49,0.004578,0.001735,0.010282,0.040757,24.54,0.245,0.68471,2.11026,straight,straight
MVI_40204,73,136,471,606,747.24,744.92,0.9969,4.72,142.36,3.736,93.39,0.008143,0.003743,0.022744,0.038035,26.29,0.40295,1.29374,1.78826,straight,straight
MVI_40204,74,116,476,591,743.43,741.56,0.9975,16.21,79.46,4.845,121.12,0.003645,0.001614,0.010352,0.019881,50.3,0.24055,0.89428,1.71746,straight,gentle
MVI_40204,75,136,476,611,911.4,908.04,0.9963,50.24,126.4,3.426,85.66,0.010065,0.002372,0.023548,0.112362,8.9,0.27722,1.27726,3.81948,curved,sharp
MVI_40204,76,146,486,631,854.18,849.18,0.9941,61.79,169.95,2.825,70.62,0.014706,0.002672,0.036288,0.193557,5.17,0.25075,1.19075,4.80036,curved,sharp
MVI_40204,77,146,486,631,697.13,690.58,0.9906,24.24,182.24,2.466,61.65,0.017341,0.004835,0.048629,0.157322,6.36,0.46963,1.33028,4.94368,curved,gentle
MVI_40204,78,131,496,626,700.57,699.63,0.9987,8.52,58.38,4.235,105.88,0.002217,0.001639,0.004922,0.010677,93.66,0.18408,0.58522,0.90185,straight,straight
MVI_40204,79,141,501,641,935.05,933.19,0.998,12.0,79.88,3.865,96.62,0.004064,0.001855,0.012138,0.023975,41.71,0.17291,0.71322,1.079,straight,gentle
MVI_40204,80,151,506,656,981.22,978.65,0.9974,5.87,118.95,3.11,77.75,0.008766,0.002889,0.027792,0.069642,14.36,0.274,1.14934,2.53449,straight,straight
MVI_40204,81,141,511,651,757.45,756.36,0.9986,2.87,72.17,3.812,95.29,0.00363,0.001713,0.011283,0.021016,47.58,0.17066,0.61676,1.27734,straight,straight
MVI_40204,82,136,516,651,759.41,758.06,0.9982,24.39,66.45,4.306,107.65,0.002597,0.001726,0.006353,0.016313,61.3,0.18492,0.56713,1.8437,curved,gentle
MVI_40204,83,116,536,651,663.5,662.68,0.9988,1.84,51.39,4.56,113.99,0.002629,0.001122,0.006617,0.02011,49.73,0.16973,0.4543,1.17782,straight,straight
MVI_40204,84,141,541,681,705.27,699.55,0.9919,20.06,132.59,2.755,68.88,0.010613,0.002707,0.028954,0.16926,5.91,0.27385,1.06209,3.76921,curved,gentle
MVI_40204,85,141,551,691,755.75,754.52,0.9984,7.08,85.38,3.878,96.96,0.00461,0.002171,0.016245,0.026908,37.16,0.22854,0.85739,1.30809,straight,straight
MVI_40204,86,136,571,706,751.28,749.01,0.997,2.4,110.19,4.146,103.65,0.005984,0.00228,0.014718,0.048108,20.79,0.26689,1.08664,2.16651,straight,straight
MVI_40204,87,136,571,706,938.0,933.95,0.9957,31.85,144.1,3.609,90.21,0.010459,0.004263,0.033179,0.064974,15.39,0.41536,1.27396,2.17099,curved,gentle
MVI_40204,88,146,576,721,789.96,787.67,0.9971,11.01,119.61,3.963,99.08,0.007593,0.003066,0.018316,0.083513,11.97,0.26355,0.94726,2.64163,straight,gentle
MVI_40204,89,161,591,751,800.28,792.7,0.9905,26.88,193.68,2.469,61.72,0.017086,0.00636,0.055788,0.088943,11.24,0.42966,1.41092,2.4011,curved,gentle
MVI_40204,90,146,601,746,775.86,774.26,0.9979,16.56,96.37,3.955,98.86,0.004611,0.002139,0.011988,0.037547,26.63,0.26603,0.80368,1.49326,straight,gentle
MVI_40204,91,151,606,756,767.6,766.27,0.9983,7.41,93.36,3.648,91.21,0.005137,0.00167,0.013007,0.036429,27.45,0.21051,0.75594,1.45047,straight,straight
MVI_40204,92,156,611,766,717.05,715.63,0.998,14.87,98.44,3.117,77.92,0.005051,0.002797,0.012989,0.0296,33.78,0.24472,0.81517,1.39708,straight,gentle
MVI_40204,93,131,621,751,685.67,684.59,0.9984,5.94,73.79,4.122,103.04,0.003989,0.001575,0.013479,0.021616,46.26,0.18266,0.75905,1.16721,straight,straight
MVI_40204,94,171,621,791,912.25,904.39,0.9914,9.76,199.42,2.892,72.3,0.014177,0.003335,0.05237,0.100716,9.93,0.37383,1.27987,2.45113,straight,straight
MVI_40204,95,136,621,756,908.22,903.15,0.9944,31.59,148.27,3.739,93.47,0.009375,0.003775,0.027986,0.084689,11.81,0.32293,1.55203,3.29153,curved,gentle
MVI_40204,96,161,636,796,717.11,713.29,0.9947,2.72,176.99,3.209,80.22,0.010005,0.004046,0.029838,0.069511,14.39,0.37318,1.49501,2.62187,straight,straight
MVI_40204,97,106,641,746,523.86,520.26,0.9931,5.24,103.13,3.251,81.28,0.009083,0.002245,0.02712,0.062988,15.88,0.2781,0.91119,3.1243,straight,straight
MVI_40204,98,156,641,796,781.31,779.42,0.9976,34.34,123.83,3.268,81.71,0.008774,0.002365,0.015293,0.256827,3.89,0.241,0.93503,4.58496,curved,gentle
MVI_40204,99,151,646,796,760.53,757.88,0.9965,6.47,139.28,3.744,93.61,0.008021,0.002931,0.019755,0.063804,15.67,0.30932,1.25056,3.59559,straight,straight
MVI_40204,100,151,671,821,766.18,763.77,0.9969,29.28,102.87,3.975,99.37,0.004278,0.002014,0.010964,0.033056,30.25,0.20801,0.74796,4.2275,curved,gentle
MVI_40204,101,156,681,836,713.33,711.48,0.9974,44.64,127.17,3.476,86.91,0.006744,0.0029,0.018946,0.073057,13.69,0.28706,1.00495,2.7054,curved,gentle
MVI_40204,102,161,691,851,697.96,695.52,0.9965,47.86,151.3,3.535,88.38,0.008929,0.003623,0.020672,0.115367,8.67,0.34815,1.12557,3.344,curved,sharp
MVI_40204,103,136,691,826,849.12,845.76,0.996,11.68,98.94,3.218,80.46,0.006473,0.002257,0.023692,0.046074,21.7,0.19641,1.1479,1.80445,straight,gentle
MVI_40204,104,141,691,831,927.0,924.11,0.9969,9.68,125.84,3.704,92.61,0.008888,0.002664,0.031213,0.100114,9.99,0.29531,1.26444,2.49722,straight,straight
MVI_40204,105,126,691,816,675.87,671.55,0.9936,44.02,138.41,2.75,68.74,0.014722,0.002695,0.046999,0.116551,8.58,0.28879,1.54185,2.62362,curved,gentle
MVI_40204,106,126,696,821,671.63,670.94,0.999,11.86,66.38,3.997,99.92,0.003585,0.001792,0.009311,0.018439,54.23,0.21266,0.58049,0.82417,straight,gentle
MVI_40204,107,151,716,866,914.5,911.33,0.9965,35.81,135.61,3.115,77.89,0.0093,0.002407,0.022955,0.07685,13.01,0.27433,1.0907,2.7299,curved,gentle
MVI_40204,108,151,716,866,765.07,763.66,0.9982,18.87,104.94,3.586,89.64,0.007087,0.002387,0.014986,0.099944,10.01,0.25636,0.82975,2.10382,straight,gentle
MVI_40204,109,141,721,861,740.76,737.27,0.9953,23.0,112.51,4.008,100.19,0.00457,0.002181,0.014806,0.024784,40.35,0.23986,0.75916,4.39213,curved,gentle
MVI_40204,110,131,731,861,680.67,679.36,0.9981,16.05,89.92,4.126,103.16,0.0047,0.001934,0.01416,0.034004,29.41,0.24679,0.77061,1.91646,straight,gentle
MVI_40204,111,136,736,871,925.5,921.22,0.9954,45.28,84.86,3.335,83.38,0.008142,0.001631,0.019667,0.207581,4.82,0.19199,0.92398,2.88913,curved,sharp
MVI_40204,112,146,736,881,684.78,679.66,0.9925,31.46,146.7,2.427,60.68,0.012824,0.003287,0.034376,0.156877,6.37,0.35938,1.08295,4.01576,curved,gentle
MVI_40204,113,116,736,851,613.92,608.42,0.991,38.3,107.53,3.247,81.17,0.006848,0.002262,0.022334,0.059234,16.88,0.21666,1.29352,2.96291,curved,gentle
MVI_40204,114,91,741,831,452.89,447.78,0.9887,45.3,79.63,3.475,86.86,0.00587,0.003236,0.016369,0.031759,31.49,0.28477,1.08438,1.67522,curved,sharp
MVI_40204,115,151,741,891,759.66,756.63,0.996,42.75,139.05,3.651,91.26,0.008479,0.00323,0.029467,0.04599,21.74,0.34456,1.41136,2.16796,curved,gentle
MVI_40204,116,146,751,896,752.26,750.68,0.9979,5.37,137.83,3.709,92.72,0.009537,0.003352,0.03131,0.062098,16.1,0.33746,1.16862,1.72718,straight,straight
MVI_40204,117,141,766,906,678.35,677.23,0.9983,14.55,94.85,3.783,94.57,0.005791,0.002214,0.018617,0.038585,25.92,0.22293,0.86314,1.81866,straight,gentle
MVI_40204,118,151,766,916,941.42,938.03,0.9964,39.27,109.68,3.347,83.69,0.00665,0.002338,0.018202,0.046395,21.55,0.2553,0.95624,1.78537,curved,gentle
MVI_40204,119,151,771,921,744.17,732.14,0.9838,31.52,269.9,3.66,91.5,0.022355,0.002145,0.023698,0.461846,2.17,0.25252,1.44978,13.2635,curved,gentle
MVI_40204,120,156,786,941,751.88,747.04,0.9936,30.45,179.15,3.61,90.25,0.010108,0.003478,0.032584,0.066146,15.12,0.31308,1.58004,3.05216,curved,gentle
MVI_40204,121,156,801,956,692.65,691.72,0.9987,11.63,92.82,3.476,86.91,0.00509,0.001757,0.01242,0.035829,27.91,0.21951,0.65083,1.49652,straight,gentle
MVI_40204,122,141,801,941,738.39,737.03,0.9982,23.56,107.35,3.494,87.35,0.00971,0.00196,0.028554,0.087319,11.45,0.19477,1.15873,3.1347,curved,gentle
MVI_40204,123,106,801,906,675.31,670.07,0.9922,15.27,99.57,3.408,85.2,0.010334,0.001741,0.023065,0.228473,4.38,0.27068,1.27777,2.89801,straight,gentle
MVI_40204,124,151,811,961,660.3,655.45,0.9927,25.94,145.66,2.368,59.19,0.012689,0.00372,0.034969,0.127821,7.82,0.2715,1.2548,3.8943,curved,gentle
MVI_40204,125,141,811,951,903.67,901.65,0.9978,9.14,104.98,3.458,86.46,0.005969,0.002167,0.016833,0.043679,22.89,0.28648,0.70522,1.79781,straight,straight
MVI_40204,126,166,826,991,745.07,742.32,0.9963,7.94,159.95,2.977,74.42,0.009913,0.003356,0.023171,0.096009,10.42,0.30995,1.14629,3.57185,straight,straight
MVI_40204,127,161,831,991,731.33,729.7,0.9978,21.9,105.26,3.359,83.96,0.005051,0.002343,0.013643,0.040345,24.79,0.22093,0.74086,4.31014,curved,gentle
MVI_40204,128,131,856,986,763.56,762.53,0.9986,13.16,79.28,4.05,101.26,0.004623,0.002043,0.011841,0.028167,35.5,0.26601,0.62851,1.40306,straight,gentle
MVI_40204,129,156,856,1011,788.97,787.55,0.9982,1.42,113.34,3.509,87.72,0.007641,0.002524,0.021575,0.078821,12.69,0.2729,0.94491,1.87219,straight,straight
MVI_40204,130,151,856,1006,937.68,931.95,0.9939,24.48,167.38,2.857,71.42,0.011905,0.00316,0.033926,0.109626,9.12,0.33834,1.29988,3.5324,curved,gentle
MVI_40204,131,161,866,1026,728.95,721.6,0.9899,39.69,194.49,2.075,51.86,0.019049,0.005491,0.042966,0.232875,4.29,0.41465,1.34355,4.67151,curved,gentle
MVI_40204,132,166,866,1031,727.66,726.69,0.9987,7.65,111.39,3.274,81.85,0.007745,0.002472,0.025462,0.060762,16.46,0.25012,1.01943,2.14498,straight,straight
MVI_40204,133,106,886,991,645.95,645.48,0.9993,9.4,46.97,4.952,123.8,0.002081,0.001529,0.005005,0.006821,146.61,0.20239,0.38867,0.66889,straight,straight
MVI_40204,134,146,891,1036,837.44,835.2,0.9973,17.22,109.93,2.5,62.5,0.009622,0.002499,0.018318,0.12352,8.1,0.20558,0.88659,3.24408,straight,gentle
MVI_40204,135,141,896,1036,693.57,691.6,0.9972,41.24,79.45,4.017,100.42,0.003198,0.001711,0.008035,0.026666,37.5,0.15358,0.49106,3.42322,curved,gentle
MVI_40204,136,171,901,1071,877.77,873.61,0.9953,1.9,115.98,2.375,59.38,0.007455,0.002961,0.025941,0.043894,22.78,0.23367,0.96269,1.35025,straight,straight
MVI_40204,137,126,911,1036,689.73,688.49,0.9982,41.75,83.04,4.484,112.09,0.004234,0.001235,0.011526,0.0348,28.74,0.16054,0.84766,3.84243,curved,gentle
MVI_40204,138,166,911,1076,777.04,774.03,0.9961,19.59,118.81,3.146,78.64,0.006744,0.002025,0.01771,0.056469,17.71,0.20774,0.89326,1.89999,straight,gentle
MVI_40204,139,71,926,996,445.83,440.34,0.9877,44.13,79.6,4.952,123.8,0.005668,0.003568,0.014115,0.024022,41.63,0.51544,1.19622,1.83658,curved,gentle
MVI_40204,140,161,946,1106,925.47,923.57,0.9979,16.26,106.76,2.872,71.8,0.008379,0.001962,0.021563,0.079377,12.6,0.19015,0.81246,2.41573,straight,gentle
MVI_40204,141,86,946,1031,504.95,500.41,0.991,18.88,103.56,4.615,115.37,0.008708,0.004456,0.021696,0.079841,12.52,0.4499,1.61184,2.24313,straight,gentle
MVI_40204,142,146,946,1091,785.89,785.28,0.9992,1.18,64.66,3.538,88.44,0.004053,0.001049,0.013207,0.038687,25.85,0.15218,0.59294,1.03722,straight,straight
MVI_40204,143,171,951,1121,727.97,726.7,0.9982,15.83,112.89,3.183,79.57,0.005997,0.002702,0.017249,0.043821,22.82,0.25133,0.71802,1.75766,straight,gentle
MVI_40204,144,166,971,1136,926.07,922.8,0.9965,11.71,129.65,2.49,62.26,0.010649,0.003827,0.034331,0.057341,17.44,0.34868,1.07347,1.95368,straight,gentle
MVI_40204,145,161,981,1141,923.43,917.64,0.9937,46.32,115.29,3.031,75.77,0.007593,0.002213,0.016287,0.190745,5.24,0.241,0.79273,2.51074,curved,sharp
MVI_40204,146,81,981,1061,461.13,458.71,0.9947,20.1,67.85,4.604,115.11,0.004617,0.003614,0.010439,0.016223,61.64,0.37426,0.78583,1.66899,curved,gentle
MVI_40204,147,126,986,1111,682.33,676.42,0.9913,17.25,121.48,2.858,71.45,0.012088,0.002369,0.029714,0.258463,3.87,0.23495,1.26095,3.7794,straight,gentle
MVI_40204,148,151,991,1141,658.52,657.36,0.9982,9.21,93.54,3.185,79.64,0.005669,0.002403,0.016012,0.035226,28.39,0.25891,0.7456,2.00814,straight,straight
MVI_40204,149,161,1001,1161,711.54,709.13,0.9966,10.66,172.51,3.402,85.06,0.011207,0.004621,0.023456,0.140602,7.11,0.39838,1.24922,3.87882,straight,gentle
MVI_40204,150,146,1001,1146,755.83,753.98,0.9976,14.19,93.64,3.613,90.31,0.004268,0.003041,0.010472,0.018876,52.98,0.22602,0.73161,2.18313,straight,gentle
MVI_40204,151,176,1011,1186,745.97,739.51,0.9913,14.48,189.26,2.331,58.27,0.013341,0.003953,0.036203,0.104897,9.53,0.31818,1.38885,2.3448,straight,gentle
MVI_40204,152,166,1011,1176,895.63,891.13,0.995,21.05,162.53,2.58,64.49,0.012728,0.002186,0.033828,0.169848,5.89,0.20335,1.33076,3.15412,curved,gentle
MVI_40204,153,171,1016,1186,705.26,701.8,0.9951,4.05,164.08,3.272,81.8,0.008877,0.004129,0.027266,0.056842,17.59,0.34128,1.20516,2.2863,straight,straight
MVI_40204,154,166,1026,1191,712.95,711.5,0.998,11.99,127.47,3.212,80.29,0.008497,0.003074,0.026404,0.07462,13.4,0.24827,0.97538,2.29652,straight,gentle
MVI_40204,155,146,1026,1171,727.39,726.83,0.9992,14.63,71.99,3.298,82.44,0.004797,0.001884,0.011233,0.050392,19.84,0.18271,0.52955,1.49145,straight,gentle
MVI_40204,156,176,1026,1201,991.82,984.82,0.9929,41.12,188.73,2.55,63.75,0.012764,0.003057,0.029639,0.153499,6.51,0.32934,1.2882,3.27566,curved,gentle
MVI_40204,157,156,1036,1191,922.25,920.21,0.9978,16.64,82.26,3.076,76.9,0.004225,0.001376,0.013546,0.040422,24.74,0.1782,0.68373,1.51894,straight,gentle
MVI_40204,158,175,1051,1225,722.17,720.19,0.9973,25.28,152.35,2.099,52.46,0.011633,0.003752,0.035493,0.081068,12.34,0.24433,1.15857,2.95215,curved,gentle
MVI_40204,159,56,1056,1111,414.96,413.47,0.9964,12.52,31.9,5.564,139.09,0.002018,0.00114,0.004662,0.010759,92.95,0.17466,0.75308,1.30534,straight,gentle
MVI_40204,160,166,1056,1221,695.55,688.45,0.9898,56.83,248.5,1.99,49.74,0.023621,0.004515,0.064212,0.202468,4.94,0.34609,2.03932,5.02402,curved,sharp
MVI_40204,161,170,1056,1225,724.5,722.4,0.9971,17.78,118.66,2.803,70.07,0.006415,0.002145,0.020304,0.050347,19.86,0.16228,1.14762,2.16435,straight,gentle
MVI_40204,162,151,1056,1206,740.84,738.71,0.9971,44.12,162.88,3.418,85.44,0.01133,0.001928,0.037734,0.123153,8.12,0.31221,1.39557,3.50062,curved,gentle
MVI_40204,163,160,1066,1225,895.51,892.88,0.9971,6.48,124.97,2.835,70.87,0.008285,0.003422,0.022218,0.083788,11.93,0.32804,0.94045,2.61493,straight,straight
MVI_40204,164,136,1076,1211,515.31,509.35,0.9884,39.42,120.54,1.943,48.59,0.013183,0.00815,0.03098,0.077512,12.9,0.43112,1.15466,2.09104,curved,gentle
MVI_40204,165,145,1081,1225,715.51,714.43,0.9985,8.81,111.62,3.727,93.17,0.008356,0.002645,0.020542,0.093486,10.7,0.21579,1.19486,3.08412,straight,straight
MVI_40204,166,135,1091,1225,689.54,688.08,0.9979,5.75,116.57,3.715,92.87,0.008546,0.002655,0.023721,0.083854,11.93,0.33504,1.21722,2.56615,straight,straight
MVI_40204,167,135,1091,1225,374.8,368.66,0.9836,31.15,134.94,2.183,54.59,0.017037,0.007875,0.03915,0.162913,6.14,0.47127,1.16063,2.91423,curved,gentle
MVI_40204,168,120,1106,1225,705.1,703.71,0.998,1.4,95.17,4.439,110.98,0.005843,0.001906,0.013571,0.063763,15.68,0.23191,1.19563,2.59917,straight,straight
MVI_40204,169,90,1136,1225,571.31,570.85,0.9992,12.42,44.69,5.65,141.26,0.002692,0.00155,0.006406,0.014894,67.14,0.25824,0.62633,0.8977,straight,gentle
MVI_40204,170,90,1136,1225,137.51,135.55,0.9857,36.75,140.13,1.376,34.4,0.029182,0.010267,0.074014,0.299526,3.34,0.40748,1.72582,5.74723,curved,gentle
MVI_40204,171,66,1156,1221,91.69,90.84,0.9907,18.7,99.91,1.26,31.49,0.025278,0.021286,0.056351,0.079154,12.63,0.7039,1.66237,2.21088,straight,gentle
MVI_40204,172,61,1161,1221,86.03,85.61,0.9952,5.78,54.87,1.406,35.14,0.013681,0.00775,0.031653,0.062432,16.02,0.27105,1.08447,1.92786,straight,straight
MVI_40204,173,65,1161,1225,528.33,527.83,0.9991,3.48,31.62,7.239,180.97,0.00188,0.001043,0.005343,0.01018,98.23,0.18409,0.68272,0.96763,straight,straight
MVI_40204,174,40,1186,1225,392.05,391.51,0.9986,4.59,25.82,9.879,246.98,0.00154,0.001117,0.003618,0.004179,239.3,0.23549,0.64234,0.73475,straight,straight
MVI_40204,175,35,1191,1225,35.2,34.36,0.9762,68.19,95.22,0.959,23.97,0.056081,0.033356,0.16223,0.188188,5.31,0.91506,3.7013,4.08643,curved,sharp
MVI_40204,176,30,1196,1225,40.22,40.04,0.9956,12.5,39.48,1.346,33.65,0.023862,0.019016,0.058243,0.073773,13.56,0.66256,1.59978,1.85946,straight,gentle
MVI_40204,177,20,1206,1225,232.66,232.07,0.9975,19.27,19.27,12.612,315.31,0.002634,0.001064,0.006162,0.020606,48.53,0.38912,1.13697,2.5535,straight,gentle
MVI_40204,178,5,1221,1225,3.11,3.11,1.0,0.04,0.04,0.777,19.44,0.000203,0.000203,0.000203,0.000203,4931.78,0.00394,0.00394,0.00394,unknown,unknown
MVI_40204,179,5,1221,1225,2.87,2.87,1.0,0.04,0.04,0.718,17.95,0.000257,0.000257,0.000257,0.000257,3885.68,0.00462,0.00462,0.00462,unknown,unknown
MVI_40211,1,31,1,31,733.71,733.54,0.9998,4.17,8.46,24.793,619.84,0.000235,0.000181,0.000472,0.000622,1607.2,0.11548,0.23002,0.26985,straight,straight
MVI_40211,2,46,1,46,884.67,884.56,0.9999,1.75,7.12,20.147,503.69,0.000188,0.000106,0.000516,0.00078,1281.71,0.05564,0.21164,0.31121,straight,straight
MVI_40211,3,46,11,56,875.91,875.8,0.9999,2.06,11.5,20.297,507.43,0.000555,0.000116,0.000667,0.010621,94.15,0.06141,0.27008,1.10112,straight,straight
MVI_40211,4,41,21,61,875.52,875.16,0.9996,11.11,15.01,22.492,562.31,0.000466,0.000244,0.000923,0.003399,294.17,0.14109,0.41542,0.71799,straight,gentle
MVI_40211,5,26,31,56,828.31,828.14,0.9998,7.81,8.39,34.389,859.73,0.000295,0.000149,0.000692,0.002087,479.07,0.12553,0.32936,0.69055,straight,straight
MVI_40211,6,46,36,81,859.79,859.7,0.9999,3.2,7.13,19.578,489.45,0.000164,0.00016,0.000302,0.000468,2137.9,0.06763,0.15146,0.21335,straight,straight
MVI_40211,7,11,61,71,315.2,314.3,0.9971,19.21,19.21,31.43,785.74,0.00174,0.000762,0.004095,0.007387,135.38,0.59841,1.83671,2.72154,unknown,unknown
MVI_40211,8,41,61,101,870.68,870.58,0.9999,4.28,7.11,23.062,576.56,0.000296,0.000157,0.000343,0.004278,233.74,0.07964,0.18839,0.42701,straight,straight
MVI_40211,9,46,66,111,877.3,877.19,0.9999,3.76,8.84,19.963,499.08,0.000246,0.000134,0.000755,0.001485,673.18,0.07365,0.25691,0.40348,straight,straight
MVI_40211,10,41,86,126,842.64,842.54,0.9999,2.25,6.93,21.323,533.08,0.000173,0.000126,0.000488,0.000617,1619.97,0.07653,0.19032,0.22263,straight,straight
MVI_40211,11,36,86,121,881.81,881.76,0.9999,2.38,4.13,24.808,620.21,9.9e-05,8.6e-05,0.00017,0.000226,4419.75,0.05684,0.08972,0.11991,straight,straight
MVI_40211,12,6,81,86,171.18,171.18,1.0,0.71,0.71,34.522,863.05,7.1e-05,6.4e-05,0.000149,0.000156,6416.5,0.05497,0.12091,0.12483,unknown,unknown
MVI_40211,13,21,86,106,753.93,752.82,0.9985,11.87,11.87,42.71,1067.74,0.000368,0.000246,0.000686,0.001772,564.23,0.22516,0.38693,0.69612,straight,gentle
MVI_40211,14,26,101,126,814.23,813.62,0.9993,11.06,11.44,32.629,815.72,0.000362,0.000119,0.001048,0.001857,538.55,0.09515,0.58317,0.85522,straight,gentle
MVI_40211,15,36,101,136,859.04,858.85,0.9998,5.7,7.58,24.921,623.04,0.000192,0.000162,0.00038,0.000523,1910.3,0.09258,0.2371,0.31532,straight,straight
MVI_40211,16,26,106,131,838.25,837.45,0.999,13.57,13.65,35.893,897.33,0.000551,0.000215,0.001266,0.004542,220.16,0.21398,0.50564,1.19103,straight,gentle
MVI_40211,17,21,136,156,738.98,737.19,0.9976,15.33,15.33,40.874,1021.85,0.000456,0.000357,0.000879,0.00171,584.63,0.33035,0.51176,0.79746,straight,gentle
MVI_40211,18,6,141,146,78.4,78.4,1.0,0.0,0.01,15.68,392.0,2e-06,2e-06,4e-06,4e-06,281076.82,0.0007,0.00139,0.00139,unknown,unknown
MVI_40211,19,31,146,176,892.18,891.8,0.9996,6.32,11.09,30.05,751.25,0.000277,9e-05,0.00072,0.001841,543.3,0.06605,0.54061,1.0111,straight,straight
MVI_40211,20,31,156,186,829.28,829.12,0.9998,0.54,7.87,27.599,689.98,0.000216,0.000129,0.000457,0.000579,1727.2,0.08557,0.25202,0.3714,straight,straight
MVI_40211,21,56,156,211,892.19,891.97,0.9997,4.3,14.67,16.199,404.98,0.000396,0.000298,0.000784,0.002751,363.44,0.11839,0.2843,0.42941,straight,straight
MVI_40211,22,51,171,221,919.47,919.28,0.9998,6.3,15.72,18.59,464.76,0.000548,0.00023,0.000925,0.00774,129.19,0.10663,0.30088,1.6496,straight,straight
MVI_40211,23,6,171,176,112.31,112.3,1.0,1.28,1.28,22.745,568.61,0.000201,0.000173,0.000429,0.000462,2165.45,0.0966,0.22284,0.23408,unknown,unknown
MVI_40211,24,26,186,211,866.86,865.39,0.9983,16.9,21.52,36.325,908.12,0.001131,0.000283,0.002083,0.013704,72.97,0.25039,0.84817,3.00548,straight,gentle
MVI_40211,25,6,236,241,113.9,113.9,1.0,0.0,0.0,22.781,569.51,0.0,0.0,0.0,0.0,4701670.99,6e-05,0.00012,0.00012,unknown,unknown
MVI_40211,26,21,236,256,779.83,777.49,0.997,22.49,22.49,44.126,1103.14,0.000851,0.000315,0.001995,0.005449,183.53,0.34971,1.0407,2.03365,curved,gentle
MVI_40211,27,26,246,271,787.74,787.58,0.9998,6.29,6.38,33.002,825.06,0.000241,3.9e-05,0.000778,0.00159,628.84,0.03526,0.38317,0.6181,straight,straight
MVI_40211,28,36,266,301,848.35,847.86,0.9994,12.77,21.71,25.781,644.52,0.001476,0.000179,0.002161,0.027163,36.81,0.12809,0.67345,3.66599,straight,gentle
MVI_40211,29,46,281,326,855.15,855.05,0.9999,2.44,4.28,18.984,474.59,0.00012,6.8e-05,0.000283,0.000384,2607.25,0.0332,0.14248,0.18142,straight,straight
MVI_40211,30,31,281,311,813.45,813.39,0.9999,0.13,6.56,27.305,682.61,0.000242,8.7e-05,0.000744,0.001327,753.79,0.05208,0.26496,0.48465,straight,straight
MVI_40211,31,21,296,316,779.15,777.09,0.9974,16.41,16.41,42.414,1060.35,0.000489,0.000308,0.000951,0.002127,470.19,0.32653,0.55538,0.94946,straight,gentle
MVI_40211,32,31,306,336,854.93,854.8,0.9998,8.63,9.21,29.436,735.9,0.000507,9.7e-05,0.000765,0.007112,140.62,0.07774,0.27679,1.22391,straight,straight
MVI_40211,33,6,311,316,108.38,108.38,1.0,0.0,0.0,21.676,541.9,0.0,0.0,0.0,0.0,3712532.9,7e-05,0.00015,0.00015,unknown,unknown
MVI_40211,34,56,316,371,855.2,855.08,0.9999,10.77,18.26,16.322,408.06,0.001373,0.000247,0.000862,0.041773,23.94,0.09868,0.2481,2.7027,straight,gentle
MVI_40211,35,26,331,356,891.38,888.56,0.9968,13.39,31.81,36.172,904.31,0.001265,0.00051,0.002704,0.010555,94.74,0.482,1.26359,2.76295,straight,gentle
MVI_40211,36,31,336,366,856.66,855.55,0.9987,14.75,26.43,29.435,735.86,0.001228,0.000236,0.002852,0.012871,77.7,0.20805,1.06805,2.91696,straight,gentle
MVI_40211,37,36,351,386,830.67,830.63,1.0,1.29,3.93,23.513,587.82,9.9e-05,9.7e-05,0.00015,0.000258,3872.05,0.05001,0.10683,0.11588,straight,straight
MVI_40211,38,31,361,391,775.0,774.91,0.9999,0.11,5.79,26.765,669.13,0.000143,0.000116,0.000249,0.000297,3371.77,0.08211,0.1902,0.19352,straight,straight
MVI_40211,39,56,361,416,893.44,893.34,0.9999,2.15,7.84,16.576,414.4,0.000174,0.000161,0.000313,0.000507,1970.63,0.06244,0.10233,0.15711,straight,straight
MVI_40211,40,21,366,386,717.64,715.08,0.9964,15.65,15.65,38.461,961.53,0.000487,0.000347,0.000668,0.002224,449.58,0.35761,0.63186,0.70565,straight,gentle
MVI_40211,41,21,371,391,773.46,773.32,0.9998,0.5,6.6,41.841,1046.04,0.000181,0.000172,0.000308,0.000536,1866.24,0.16293,0.20046,0.27741,straight,straight
MVI_40211,42,46,381,426,871.73,871.65,0.9999,0.11,6.49,20.113,502.84,0.000158,9.6e-05,0.000424,0.000613,1631.15,0.04001,0.1916,0.30821,straight,straight
MVI_40211,43,36,386,421,860.97,860.76,0.9998,4.7,8.3,26.202,655.05,0.000203,0.00015,0.000495,0.000702,1425.5,0.08909,0.36509,0.46055,straight,straight
MVI_40211,44,26,391,416,814.99,814.61,0.9995,14.49,15.75,36.294,907.35,0.000904,0.000167,0.002089,0.010242,97.64,0.15388,0.79651,2.31526,straight,gentle
MVI_40211,45,1,416,416,0.0,0.0,,,,0.0,0.0,,,,,,,,,unknown,unknown
MVI_40211,46,16,431,446,708.52,706.72,0.9975,15.05,15.05,47.936,1198.41,0.000464,0.000387,0.001033,0.001342,745.07,0.46219,0.90971,1.08437,straight,gentle
MVI_40211,47,36,456,491,832.05,832.01,1.0,1.6,4.34,24.31,607.76,0.000134,8e-05,0.000302,0.000363,2754.89,0.05401,0.14011,0.16157,straight,straight
MVI_40211,48,46,456,501,878.17,878.08,0.9999,3.2,7.37,18.798,469.94,0.0002,0.000124,0.000425,0.000977,1023.05,0.06424,0.16027,0.25856,straight,straight
MVI_40211,49,16,461,476,621.29,618.98,0.9963,22.42,22.42,43.134,1078.36,0.001027,0.000416,0.002421,0.0055,181.83,0.48195,1.27561,2.21981,curved,gentle
MVI_40211,50,31,466,496,882.22,881.79,0.9995,5.36,14.46,29.949,748.73,0.00046,0.000154,0.001245,0.003357,297.85,0.10405,0.55604,1.40541,straight,straight
MVI_40211,51,46,491,536,917.87,917.78,0.9999,2.62,5.92,20.552,513.79,0.000151,8.3e-05,0.000277,0.00114,877.42,0.04144,0.12767,0.23412,straight,straight
MVI_40211,52,41,501,541,895.83,895.81,1.0,0.58,3.31,22.662,566.55,0.000126,6.7e-05,0.000211,0.001454,687.54,0.03629,0.07574,0.19168,straight,straight
MVI_40211,53,21,506,526,806.31,803.59,0.9966,24.68,24.68,43.477,1086.93,0.001032,0.000294,0.002422,0.007569,132.12,0.3595,1.16146,2.48231,curved,gentle
MVI_40211,54,41,511,551,839.16,839.04,0.9999,0.11,7.02,20.304,507.6,0.000194,0.000124,0.000421,0.000583,1715.56,0.07868,0.21962,0.27156,straight,straight
MVI_40211,55,26,516,541,797.52,796.85,0.9992,15.84,17.48,35.73,893.24,0.001179,0.000105,0.002495,0.014662,68.2,0.10357,0.89091,2.92587,straight,gentle
MVI_40211,56,21,531,551,807.85,807.71,0.9998,2.29,4.14,42.014,1050.36,9.3e-05,0.000104,0.000124,0.000128,7789.43,0.0885,0.14406,0.1485,straight,straight
MVI_40211,57,41,536,576,855.48,855.39,0.9999,4.67,7.56,21.694,542.35,0.000219,0.000132,0.00061,0.000902,1109.12,0.07688,0.23544,0.30539,straight,straight
MVI_40211,58,6,536,541,131.92,131.91,0.9999,0.88,3.01,25.868,646.7,0.000439,0.000418,0.00057,0.000622,1608.49,0.27161,0.34644,0.36732,unknown,unknown
MVI_40211,59,26,546,571,852.54,852.38,0.9998,1.88,8.04,34.173,854.31,0.000212,0.000133,0.000461,0.000908,1101.79,0.10706,0.31658,0.53244,straight,straight
MVI_40211,60,21,566,586,810.34,807.69,0.9967,28.42,28.42,44.063,1101.58,0.001436,0.000316,0.003069,0.01343,74.46,0.37801,1.52746,4.08619,curved,gentle
MVI_40211,61,26,576,601,841.43,840.98,0.9995,11.52,11.55,37.195,929.87,0.000427,0.000161,0.001155,0.003119,320.59,0.1549,0.53467,1.04002,straight,gentle
MVI_40211,62,36,601,636,842.01,841.56,0.9995,1.43,16.56,24.31,607.76,0.000389,0.000403,0.00057,0.000753,1327.83,0.21778,0.3612,0.43921,straight,straight
MVI_40211,63,36,601,636,891.23,890.85,0.9996,4.15,11.27,25.63,640.75,0.000349,0.000269,0.000541,0.002762,362.01,0.14622,0.25704,0.55654,straight,straight
MVI_40211,64,36,611,646,833.83,833.8,1.0,0.37,3.63,24.385,609.62,9.6e-05,0.000103,0.000179,0.000206,4845.3,0.05487,0.10278,0.13032,straight,straight
MVI_40211,65,61,616,676,876.44,876.34,0.9999,1.79,11.0,14.505,362.62,0.000287,0.000202,0.000703,0.001154,866.9,0.06616,0.209,0.27692,straight,straight
MVI_40211,66,41,651,691,861.7,861.61,0.9999,2.24,7.34,22.11,552.75,0.000326,0.000126,0.000518,0.004251,235.21,0.07134,0.20349,0.52694,straight,straight
MVI_40211,67,18,671,688,750.64,748.75,0.9975,15.65,15.65,45.884,1147.09,0.000469,0.000329,0.000886,0.00172,581.49,0.37377,0.57441,0.89708,straight,gentle
MVI_40211,68,26,681,706,848.44,848.41,1.0,1.57,3.83,33.049,826.22,0.000125,5.3e-05,0.000262,0.001004,995.64,0.0424,0.16785,0.41374,straight,straight
MVI_40211,69,14,681,694,362.54,362.49,0.9999,3.9,3.99,27.709,692.73,0.000289,8.8e-05,0.000794,0.001233,810.79,0.05976,0.34759,0.46721,unknown,unknown
MVI_40211,70,36,711,746,849.59,849.39,0.9998,8.54,10.48,23.991,599.79,0.000293,0.000122,0.00077,0.001047,955.15,0.07783,0.35311,0.44364,straight,straight
MVI_40211,71,21,721,741,753.47,753.45,1.0,0.09,2.25,39.937,998.43,6.3e-05,4.9e-05,0.00013,0.000214,4681.53,0.05502,0.08325,0.11612,straight,straight
MVI_40211,72,21,736,756,859.94,859.15,0.9991,11.9,15.3,46.38,1159.5,0.000751,0.000201,0.001517,0.007158,139.7,0.2595,0.79677,2.24179,straight,gentle
MVI_40211,73,41,736,776,886.67,886.51,0.9998,3.62,8.83,21.956,548.91,0.000224,0.00015,0.000449,0.001403,712.63,0.07262,0.27014,0.57738,straight,straight
MVI_40211,74,36,746,781,811.31,811.27,1.0,1.2,4.53,22.988,574.71,0.000114,0.000121,0.000173,0.00024,4168.27,0.05487,0.12286,0.15995,straight,straight
MVI_40211,75,41,751,791,848.69,847.59,0.9987,26.24,32.68,22.615,565.37,0.001675,0.000266,0.006208,0.013856,72.17,0.16709,1.43235,2.44612,curved,gentle
MVI_40211,76,31,751,781,906.03,902.68,0.9963,22.29,29.27,31.807,795.17,0.000922,0.000205,0.003247,0.003672,272.35,0.16604,1.30665,1.41832,curved,gentle
MVI_40211,77,6,756,761,122.97,122.96,0.9999,0.63,3.15,23.956,598.9,0.000501,0.000492,0.000596,0.000652,1533.74,0.29445,0.33771,0.35872,unknown,unknown
MVI_40211,78,41,786,826,879.93,879.47,0.9995,13.48,19.1,21.959,548.99,0.000728,0.000269,0.001855,0.006485,154.21,0.16206,0.65637,1.5121,straight,gentle
MVI_40211,79,31,786,816,897.83,897.61,0.9998,9.16,11.51,30.647,766.17,0.000392,0.000174,0.001072,0.002624,381.14,0.12878,0.43809,0.79586,straight,straight
MVI_40211,80,6,791,796,133.25,133.25,1.0,0.94,0.94,26.85,671.26,0.00012,0.00011,0.000251,0.000262,3817.96,0.07324,0.1597,0.16436,unknown,unknown
MVI_40211,81,26,816,841,773.78,773.72,0.9999,3.11,3.23,33.429,835.72,0.000104,3.5e-05,0.000312,0.000523,1911.01,0.02911,0.16327,0.23087,straight,straight
MVI_40211,82,41,841,881,888.24,888.08,0.9998,5.57,9.0,22.206,555.15,0.000241,0.000144,0.000443,0.001627,614.5,0.08012,0.25235,0.60058,straight,straight
MVI_40211,83,61,846,906,900.61,900.36,0.9997,3.14,21.56,14.774,369.35,0.000649,0.000285,0.001442,0.007052,141.81,0.11266,0.36747,1.32575,straight,straight
MVI_40211,84,21,861,881,755.46,753.6,0.9975,17.53,17.53,40.311,1007.79,0.000742,0.00032,0.001418,0.005563,179.75,0.35424,0.59478,1.47924,straight,gentle
MVI_40211,85,26,861,886,811.37,811.32,0.9999,2.24,2.53,33.499,837.47,7.9e-05,4.5e-05,0.000152,0.000395,2534.82,0.03704,0.10282,0.13682,straight,straight
MVI_40211,86,46,866,911,869.49,869.41,0.9999,2.56,7.26,19.537,488.42,0.000199,0.000147,0.000334,0.001305,766.45,0.06667,0.16416,0.22949,straight,straight
MVI_40211,87,46,871,916,881.19,881.0,0.9998,12.61,17.07,19.889,497.23,0.000694,0.000177,0.001697,0.008902,112.33,0.09044,0.45248,1.66748,straight,gentle
MVI_40211,88,41,881,921,890.24,889.97,0.9997,11.76,16.29,22.789,569.72,0.000687,0.000158,0.001574,0.008876,112.66,0.09076,0.52498,1.66307,straight,gentle
MVI_40211,89,26,891,916,847.4,846.67,0.9991,7.94,19.9,33.264,831.6,0.000704,0.00024,0.001432,0.006206,161.13,0.20321,0.91181,2.43878,straight,straight
MVI_40211,90,41,901,941,873.44,873.22,0.9997,8.66,13.74,21.268,531.71,0.000412,0.00019,0.001038,0.002743,364.62,0.12282,0.40928,0.64413,straight,straight
MVI_40211,91,31,911,941,763.62,760.28,0.9956,14.31,21.18,26.108,652.69,0.000513,0.00046,0.001204,0.001444,692.44,0.29494,0.72574,0.9426,straight,gentle
MVI_40211,92,41,936,976,837.5,837.31,0.9998,5.96,13.51,21.971,549.27,0.000625,0.000115,0.001481,0.007162,139.62,0.06157,0.45484,1.30048,straight,straight
MVI_40211,93,51,936,986,860.67,860.49,0.9998,0.1,8.26,18.002,450.05,0.000199,0.000198,0.000382,0.000435,2297.36,0.09551,0.14392,0.19527,straight,straight
MVI_40211,94,11,941,951,286.75,286.61,0.9995,7.97,7.97,28.661,716.51,0.000762,0.000356,0.001759,0.003125,319.98,0.25504,0.74005,1.08545,unknown,unknown
MVI_40211,95,26,946,971,813.04,812.76,0.9996,6.75,6.75,34.989,874.72,0.000207,0.000122,0.000436,0.001187,842.67,0.0952,0.20603,0.40319,straight,straight
MVI_40211,96,36,956,991,824.71,824.56,0.9998,3.55,6.13,23.466,586.64,0.000169,0.000178,0.000322,0.000425,2352.65,0.09565,0.16297,0.2026,straight,straight
MVI_40211,97,21,961,981,787.51,786.76,0.9991,9.38,9.38,40.472,1011.79,0.000238,0.0002,0.000315,0.000715,1398.28,0.19978,0.27482,0.33305,straight,straight
MVI_40211,98,61,981,1041,873.66,873.26,0.9995,15.44,24.96,14.997,374.92,0.000919,0.000324,0.00138,0.014515,68.89,0.13752,0.34705,1.69592,straight,gentle
MVI_40211,99,36,986,1021,864.93,864.83,0.9999,6.77,8.11,25.171,629.28,0.000387,5.4e-05,0.000869,0.005417,184.59,0.0376,0.31453,1.06969,straight,straight
MVI_40211,100,21,986,1006,764.64,762.31,0.997,22.97,22.97,42.886,1072.16,0.001008,0.000312,0.002206,0.007461,134.02,0.38477,0.97381,2.19444,curved,gentle
MVI_40211,101,26,986,1011,844.18,843.87,0.9996,1.8,11.9,34.152,853.8,0.000351,0.000191,0.000888,0.001387,720.87,0.15764,0.49355,0.80128,straight,straight
MVI_40211,102,51,991,1041,887.8,887.59,0.9998,6.9,14.2,17.246,431.16,0.000466,0.000193,0.001213,0.00418,239.25,0.08727,0.39743,0.90648,straight,straight
MVI_40211,103,16,1016,1031,724.04,722.35,0.9977,15.33,15.33,50.399,1259.98,0.000465,0.000355,0.001002,0.001458,685.95,0.44662,0.86173,1.10844,straight,gentle
MVI_40211,104,26,1016,1041,840.84,840.23,0.9993,15.43,16.09,35.074,876.84,0.000744,0.000206,0.001601,0.007446,134.3,0.20907,0.68611,1.92494,straight,gentle
MVI_40211,105,56,1016,1071,883.99,883.89,0.9999,3.77,8.72,16.637,415.93,0.000568,0.000155,0.000363,0.01588,62.97,0.0629,0.13254,1.11007,straight,straight
MVI_40211,106,31,1031,1061,807.83,807.73,0.9999,2.51,7.36,28.509,712.71,0.000239,0.000138,0.000521,0.001057,946.47,0.10702,0.21602,0.34614,straight,straight
MVI_40211,107,51,1031,1081,910.75,909.1,0.9982,40.77,45.77,19.03,475.76,0.002516,0.000197,0.004304,0.046366,21.57,0.08751,1.17835,5.74731,curved,gentle
MVI_40211,108,56,1046,1101,870.24,870.2,0.9999,1.39,5.37,15.927,398.17,0.000135,9.4e-05,0.000309,0.00053,1885.68,0.03893,0.11324,0.20479,straight,straight
MVI_40211,109,26,1056,1081,866.73,866.52,0.9998,2.71,9.97,34.358,858.94,0.000306,0.000165,0.000689,0.001897,527.16,0.13393,0.41653,0.91218,straight,straight
MVI_40211,110,6,1061,1066,162.9,162.9,1.0,0.92,0.93,32.863,821.58,9.8e-05,8.9e-05,0.000205,0.000216,4637.49,0.07191,0.15849,0.16386,unknown,unknown
MVI_40211,111,36,1061,1096,884.73,884.6,0.9999,2.02,5.34,24.929,623.22,0.000121,7.4e-05,0.000303,0.000559,1787.56,0.04254,0.17504,0.22615,straight,straight
MVI_40211,112,51,1061,1111,905.85,905.57,0.9997,10.53,18.19,18.441,461.03,0.0008,0.000217,0.001231,0.012702,78.73,0.0949,0.38259,1.81377,straight,gentle
MVI_40211,113,61,1066,1126,874.96,874.86,0.9999,6.79,9.49,14.106,352.66,0.000286,0.00016,0.000642,0.002535,394.46,0.05767,0.1829,0.5931,straight,straight
MVI_40211,114,61,1081,1141,904.28,904.06,0.9998,0.72,20.84,14.83,370.74,0.000638,0.000306,0.001922,0.004517,221.41,0.12423,0.46071,0.91705,straight,straight
MVI_40211,115,16,1081,1096,700.41,699.03,0.998,13.49,13.49,48.86,1221.51,0.000375,0.000312,0.000611,0.000857,1166.37,0.37384,0.53207,0.66804,straight,gentle
MVI_40211,116,6,1091,1096,137.93,137.92,0.9999,0.8,3.19,26.784,669.59,0.000454,0.000436,0.000579,0.000643,1554.04,0.29269,0.3619,0.38863,unknown,unknown
MVI_40211,117,21,1096,1116,745.81,745.79,1.0,0.89,0.96,38.732,968.31,2.2e-05,1.5e-05,5.5e-05,6.4e-05,15630.0,0.01132,0.05419,0.06195,straight,straight
MVI_40211,118,61,1116,1176,906.11,905.99,0.9999,0.71,11.45,14.71,367.74,0.000429,0.000232,0.000787,0.004726,211.62,0.09072,0.23206,0.45964,straight,straight
MVI_40211,119,36,1131,1166,881.42,881.33,0.9999,6.54,9.47,25.667,641.69,0.000344,8.4e-05,0.000947,0.002911,343.56,0.06215,0.35446,0.65255,straight,straight
MVI_40211,120,56,1141,1196,868.67,868.38,0.9997,5.55,12.15,16.54,413.5,0.000272,0.000173,0.000664,0.00106,943.13,0.06374,0.28311,0.424,straight,straight
MVI_40211,121,46,1151,1196,886.74,886.35,0.9996,13.85,23.02,19.889,497.21,0.001434,0.00016,0.00237,0.027982,35.74,0.08533,0.60774,3.16438,straight,gentle
MVI_40211,122,6,1151,1156,129.72,129.7,0.9999,1.15,3.77,25.356,633.9,0.000567,0.000533,0.000759,0.000841,1189.64,0.3394,0.4461,0.4782,unknown,unknown
MVI_40211,123,21,1156,1176,806.33,803.85,0.9969,20.09,20.09,42.638,1065.96,0.00067,0.000333,0.001387,0.003995,250.31,0.35924,0.78562,1.59014,curved,gentle
MVI_40211,124,26,1161,1186,837.3,836.66,0.9992,14.83,14.83,35.484,887.09,0.000621,0.000181,0.001531,0.005683,175.97,0.17452,0.67659,1.63022,straight,gentle
MVI_40211,125,36,1166,1201,884.44,884.26,0.9998,8.93,11.59,25.441,636.02,0.000414,0.000122,0.001101,0.003558,281.02,0.08676,0.44234,0.96922,straight,straight
MVI_40211,126,66,1166,1231,912.95,912.58,0.9996,7.99,22.41,13.989,349.74,0.000648,0.000356,0.001153,0.007687,130.09,0.11736,0.32874,1.50723,straight,straight
MVI_40211,127,16,1171,1186,558.14,555.96,0.9961,22.6,22.6,35.36,884.01,0.001228,0.000362,0.003462,0.005298,188.76,0.31254,1.73529,2.30946,curved,gentle
MVI_40211,128,46,1181,1226,891.05,891.0,0.9999,3.43,7.58,19.98,499.51,0.000348,8e-05,0.000629,0.004939,202.49,0.03985,0.18095,0.70184,straight,straight
MVI_40211,129,26,1201,1226,866.94,862.53,0.9949,16.16,39.55,35.31,882.76,0.001357,0.000679,0.002833,0.008907,112.27,0.67153,1.36495,2.73783,straight,gentle
MVI_40211,130,26,1201,1226,827.97,827.47,0.9994,4.64,14.44,36.353,908.84,0.00051,0.000225,0.001133,0.003593,278.35,0.20526,0.50853,1.10215,straight,straight
MVI_40211,131,36,1231,1266,861.36,860.95,0.9995,11.59,16.22,25.359,633.97,0.000756,0.000126,0.002038,0.008888,112.51,0.07674,0.71265,1.90819,straight,gentle
MVI_40211,132,31,1236,1266,803.03,802.99,1.0,1.26,3.23,26.761,669.02,9.5e-05,7.8e-05,0.000211,0.000263,3798.27,0.04569,0.12738,0.17614,straight,straight
MVI_40211,133,26,1241,1266,863.1,862.59,0.9994,0.27,15.24,34.763,869.08,0.00045,0.00027,0.001122,0.001616,618.68,0.23644,0.65757,0.88694,straight,straight
MVI_40211,134,21,1246,1266,812.21,810.55,0.998,11.2,11.2,41.752,1043.8,0.000276,0.000236,0.000444,0.000884,1131.04,0.23071,0.46166,0.52259,straight,gentle
MVI_40211,135,1,1256,1256,0.0,0.0,,,,0.0,0.0,,,,,,,,,unknown,unknown
MVI_40211,136,56,1261,1316,865.94,865.74,0.9998,3.95,12.49,15.85,396.24,0.000375,0.000209,0.00084,0.001938,515.87,0.08935,0.25342,0.4055,straight,straight
MVI_40211,137,36,1271,1306,852.14,852.01,0.9998,8.24,9.57,25.291,632.27,0.000364,9.4e-05,0.000794,0.003725,268.46,0.05935,0.29886,0.78282,straight,straight
MVI_40211,138,61,1271,1331,885.49,885.34,0.9998,2.89,10.54,15.176,379.39,0.000413,0.000168,0.000652,0.006678,149.75,0.05887,0.2192,0.57773,straight,straight
MVI_40211,139,6,1276,1281,146.87,146.87,1.0,1.08,1.08,29.657,741.42,0.000126,0.000113,0.000267,0.000282,3548.73,0.08258,0.18461,0.19158,unknown,unknown
MVI_40211,140,41,1286,1326,870.8,870.64,0.9998,7.63,9.54,22.815,570.38,0.000462,9.9e-05,0.000587,0.007984,125.25,0.05094,0.1933,1.01032,straight,straight
MVI_40211,141,21,1286,1306,735.39,732.79,0.9965,26.27,26.27,40.554,1013.85,0.001354,0.000366,0.003159,0.011045,90.54,0.35647,1.35732,3.12693,curved,gentle
MVI_40211,142,31,1291,1321,872.26,871.58,0.9992,16.59,17.22,29.615,740.38,0.000979,7.7e-05,0.002417,0.012032,83.11,0.06914,0.83614,2.43762,straight,gentle
MVI_40211,143,26,1316,1341,808.24,806.11,0.9974,9.63,14.04,32.154,803.84,0.000341,0.000358,0.000513,0.000772,1295.05,0.23927,0.43701,0.4753,straight,straight
MVI_40211,144,41,1331,1371,885.28,885.22,0.9999,3.5,7.07,21.759,543.98,0.000192,0.000125,0.00048,0.000739,1353.67,0.06703,0.18291,0.24383,straight,straight
MVI_40211,145,51,1331,1381,853.52,853.41,0.9999,0.26,5.8,17.21,430.24,0.000132,0.000101,0.00027,0.000375,2665.6,0.04175,0.12402,0.15283,straight,straight
MVI_40211,146,51,1336,1386,856.08,855.8,0.9997,6.99,15.05,17.643,441.07,0.000396,0.000305,0.000752,0.001256,796.37,0.1506,0.2887,0.33458,straight,straight
MVI_40211,147,31,1341,1371,900.11,899.36,0.9992,6.93,22.21,30.661,766.53,0.000951,0.00022,0.002627,0.008933,111.95,0.18486,0.90813,1.99262,straight,straight
MVI_40211,148,46,1346,1391,900.65,900.01,0.9993,8.35,29.37,20.067,501.66,0.0014,0.000126,0.00293,0.021854,45.76,0.07418,0.91124,3.11117,straight,straight
MVI_40211,149,51,1351,1401,854.64,854.56,0.9999,0.11,8.12,17.203,430.08,0.000201,0.000183,0.000451,0.000609,1641.67,0.08089,0.15526,0.17344,straight,straight
MVI_40211,150,31,1356,1386,796.14,796.01,0.9998,1.49,6.33,26.233,655.82,0.000173,0.000149,0.000341,0.000431,2322.61,0.09303,0.17673,0.19638,straight,straight
MVI_40211,151,11,1361,1371,324.57,324.48,0.9997,5.79,5.79,32.448,811.19,0.000476,0.000233,0.001089,0.001886,530.31,0.18873,0.52798,0.76151,unknown,unknown
MVI_40211,152,41,1376,1416,884.03,883.85,0.9998,6.47,9.49,21.969,549.21,0.000242,0.000167,0.000536,0.001046,956.26,0.08655,0.2744,0.48782,straight,straight
MVI_40211,153,26,1381,1406,806.28,805.87,0.9995,9.46,11.42,33.453,836.32,0.000384,0.000237,0.000848,0.00203,492.57,0.20075,0.41185,0.73875,straight,straight
MVI_40211,154,36,1406,1441,842.11,842.01,0.9999,4.39,8.43,24.319,607.98,0.000254,0.000229,0.000501,0.000862,1160.04,0.12663,0.21451,0.30518,straight,straight
MVI_40211,155,46,1416,1461,860.55,860.5,0.9999,2.38,7.17,19.557,488.93,0.000198,0.000121,0.000478,0.000779,1284.3,0.06986,0.16496,0.21115,straight,straight
MVI_40211,156,11,1416,1426,274.01,273.95,0.9998,4.94,4.94,27.395,684.88,0.000457,0.000243,0.001027,0.001694,590.35,0.16661,0.43529,0.60753,unknown,unknown
MVI_40211,157,41,1451,1491,907.45,907.36,0.9999,4.19,7.78,23.153,578.84,0.000245,0.000103,0.000497,0.002181,458.54,0.07305,0.1679,0.44989,straight,straight
MVI_40211,158,51,1451,1501,892.14,892.09,0.9999,0.48,7.29,17.657,441.42,0.000214,9.9e-05,0.00044,0.001167,857.22,0.05877,0.16022,0.25157,straight,straight
MVI_40211,159,11,1466,1476,359.65,358.34,0.9963,22.19,22.19,35.834,895.84,0.001844,0.000748,0.004392,0.008201,121.94,0.66978,2.18068,3.30642,unknown,unknown
MVI_40211,160,26,1476,1501,817.87,814.71,0.9961,29.23,29.23,34.489,862.22,0.00134,0.00028,0.003388,0.01261,79.3,0.28369,1.40119,3.38388,curved,gentle
MVI_40211,161,26,1486,1511,782.18,781.8,0.9995,8.92,9.28,33.328,833.19,0.000341,8e-05,0.001064,0.002164,462.01,0.07197,0.50794,0.81683,straight,straight
MVI_40211,162,36,1491,1526,848.26,848.22,1.0,0.37,3.09,24.065,601.62,7.4e-05,6.5e-05,0.000133,0.000158,6310.08,0.0392,0.08104,0.09635,straight,straight
MVI_40211,163,1,1491,1491,0.0,0.0,,,,0.0,0.0,,,,,,,,,unknown,unknown
MVI_40211,164,36,1516,1551,824.24,823.75,0.9994,14.36,24.89,24.905,622.63,0.00162,0.000246,0.003009,0.025285,39.55,0.16118,0.87316,3.62948,straight,gentle
MVI_40211,165,11,1521,1531,379.86,379.79,0.9998,3.7,3.7,37.979,949.48,0.000176,0.000166,0.000245,0.000272,3677.04,0.15774,0.2043,0.2191,unknown,unknown
MVI_40211,166,21,1526,1546,760.14,756.23,0.9949,32.26,32.26,39.531,988.27,0.001524,0.000373,0.003787,0.011425,87.53,0.46282,1.6506,3.44604,curved,gentle
MVI_40211,167,26,1526,1551,809.94,809.78,0.9998,4.01,6.27,34.944,873.61,0.000207,0.000103,0.000484,0.001205,830.22,0.09268,0.22909,0.42173,straight,straight
MVI_40211,168,51,1536,1586,888.15,887.69,0.9995,19.07,25.31,18.058,451.44,0.001814,0.000216,0.002228,0.042461,23.55,0.10203,0.54079,3.85792,straight,gentle
MVI_40211,169,51,1541,1591,869.42,869.37,0.9999,2.27,7.23,17.545,438.62,0.000311,0.000136,0.000355,0.004999,200.05,0.05807,0.11436,0.52617,straight,straight
MVI_40211,170,26,1561,1586,799.91,798.18,0.9978,22.58,22.8,31.316,782.91,0.000786,0.000512,0.001858,0.003073,325.45,0.41982,0.86564,1.09441,curved,gentle
MVI_40211,171,41,1566,1606,912.75,912.11,0.9993,6.76,27.42,23.33,583.26,0.001379,0.00029,0.002922,0.019712,50.73,0.17301,0.95004,2.69385,straight,straight
MVI_40211,172,6,1576,1581,140.72,140.71,0.9999,2.99,2.99,28.647,716.19,0.000435,0.000338,0.000867,0.000993,1007.33,0.23842,0.52598,0.57716,unknown,unknown
MVI_40211,173,41,1586,1626,849.49,849.39,0.9999,4.28,9.26,21.929,548.23,0.000361,8.1e-05,0.000961,0.004008,249.49,0.04824,0.31335,0.812,straight,straight
MVI_40211,174,36,1601,1636,854.69,854.62,0.9999,0.32,5.5,24.729,618.23,0.000142,0.000121,0.000299,0.000399,2505.91,0.06816,0.15575,0.22088,straight,straight
MVI_40211,175,26,1601,1626,783.68,783.4,0.9996,8.06,8.51,32.32,807.99,0.000261,0.000224,0.000473,0.001018,982.19,0.16588,0.28191,0.38912,straight,straight
MVI_40211,176,51,1606,1656,892.27,892.18,0.9999,5.0,10.24,17.608,440.21,0.000311,0.000164,0.000879,0.001919,521.05,0.07625,0.27286,0.45928,straight,straight
MVI_40211,177,41,1631,1671,913.57,913.54,1.0,0.82,3.5,23.088,577.19,0.000116,6.1e-05,0.000229,0.001071,933.51,0.03457,0.10799,0.1436,straight,straight
MVI_40211,178,61,1631,1691,901.3,901.09,0.9998,17.8,23.88,14.652,366.29,0.001907,0.000112,0.001435,0.055134,18.14,0.0525,0.36392,3.95459,straight,gentle
MVI_40211,179,46,1636,1681,915.85,915.81,1.0,2.01,5.03,20.401,510.02,0.000154,6.1e-05,0.000327,0.001146,872.57,0.03333,0.13607,0.18072,straight,straight
MVI_40211,180,51,1641,1691,896.68,896.47,0.9998,13.87,16.59,17.589,439.73,0.000943,0.000137,0.001046,0.021731,46.02,0.06325,0.33411,2.13045,straight,gentle
MVI_40211,181,26,1641,1666,805.28,804.84,0.9995,10.04,14.88,35.126,878.16,0.000773,0.000142,0.001834,0.00788,126.9,0.14748,0.68674,1.82622,straight,gentle
MVI_40211,182,21,1661,1681,774.53,772.71,0.9977,10.88,12.06,38.267,956.66,0.000316,0.000272,0.000533,0.001068,936.61,0.24641,0.55717,0.61549,straight,gentle
MVI_40211,183,46,1661,1706,881.34,881.23,0.9999,1.32,11.75,20.005,500.12,0.000398,0.000218,0.000724,0.003568,280.3,0.11059,0.22458,0.62819,straight,straight
MVI_40211,184,51,1661,1711,908.23,908.1,0.9999,5.6,7.75,17.742,443.56,0.000223,0.000117,0.000249,0.003187,313.77,0.04999,0.12254,0.66963,straight,straight
MVI_40211,185,1,1671,1671,0.0,0.0,,,,0.0,0.0,,,,,,,,,unknown,unknown
MVI_40211,186,36,1681,1716,848.63,848.38,0.9997,6.02,11.12,24.49,612.25,0.000352,0.000118,0.001156,0.001912,523.11,0.07701,0.47987,0.67129,straight,straight
MVI_40211,187,61,1696,1756,865.71,865.59,0.9999,4.63,9.81,14.579,364.47,0.000307,0.000145,0.000595,0.002595,385.4,0.0592,0.15535,0.42428,straight,straight
MVI_40211,188,46,1696,1741,899.7,899.61,0.9999,1.87,8.75,19.705,492.63,0.000255,0.000157,0.000545,0.001462,683.81,0.07187,0.19938,0.34593,straight,straight
MVI_40211,189,1,1726,1726,0.0,0.0,,,,0.0,0.0,,,,,,,,,unknown,unknown
MVI_40211,190,41,1726,1766,845.34,845.1,0.9997,7.76,11.21,21.987,549.66,0.000714,0.000134,0.000973,0.012007,83.28,0.06017,0.33077,1.27205,straight,straight
MVI_40211,191,41,1731,1771,848.36,848.24,0.9999,2.32,5.76,21.745,543.62,0.000192,0.000121,0.000266,0.001913,522.75,0.06641,0.16195,0.23007,straight,straight
MVI_40211,192,41,1736,1776,839.39,839.31,0.9999,3.09,7.71,21.652,541.3,0.000268,0.000123,0.00065,0.002431,411.43,0.06239,0.21241,0.51169,straight,straight
MVI_40211,193,21,1741,1761,757.21,754.46,0.9964,22.93,22.93,41.286,1032.14,0.00102,0.000404,0.002111,0.007708,129.74,0.37214,0.90329,2.14182,curved,gentle
MVI_40211,194,26,1751,1776,820.8,820.76,0.9999,1.5,1.9,34.136,853.4,4.7e-05,3.9e-05,9.8e-05,0.000117,8522.99,0.02529,0.07277,0.07872,straight,straight
MVI_40211,195,61,1761,1821,855.11,854.82,0.9997,5.93,12.51,14.203,355.07,0.000362,0.000281,0.00086,0.001289,776.05,0.08323,0.22829,0.3035,straight,straight
MVI_40211,196,36,1776,1811,818.73,818.63,0.9999,1.16,7.23,24.131,603.27,0.00024,0.000168,0.000453,0.001375,727.5,0.10242,0.22488,0.31148,straight,straight
MVI_40211,197,26,1796,1821,826.86,826.58,0.9997,9.08,11.48,35.599,889.97,0.000498,0.000181,0.001112,0.004281,233.59,0.17433,0.45487,1.12339,straight,straight
MVI_40211,198,41,1801,1841,888.15,887.83,0.9996,8.17,16.86,22.301,557.52,0.000555,0.000286,0.001178,0.003676,272.06,0.18348,0.3867,0.83103,straight,straight
MVI_40211,199,21,1806,1826,844.89,842.59,0.9973,18.05,18.86,41.853,1046.34,0.000651,0.000314,0.001568,0.004501,222.17,0.34147,0.97329,1.966,straight,gentle
MVI_40211,200,1,1816,1816,0.0,0.0,,,,0.0,0.0,,,,,,,,,unknown,unknown
MVI_40211,201,41,1831,1871,873.04,871.98,0.9988,21.28,27.07,22.385,559.62,0.001471,0.0002,0.002804,0.023482,42.59,0.10267,0.83848,3.45818,curved,gentle
MVI_40211,202,26,1841,1866,902.74,902.25,0.9995,2.19,17.19,36.984,924.61,0.000692,0.000226,0.001426,0.006308,158.53,0.21241,0.81094,1.70253,straight,straight
MVI_40211,203,6,1866,1871,133.05,133.05,1.0,1.27,1.27,26.892,672.3,0.000166,0.000146,0.000352,0.000374,2672.34,0.09707,0.21943,0.2286,unknown,unknown
MVI_40211,204,46,1866,1911,896.93,896.64,0.9997,11.12,12.91,19.36,484.0,0.000375,0.000159,0.000658,0.004253,235.12,0.07952,0.33771,1.17551,straight,gentle
MVI_40211,205,51,1871,1921,886.32,884.24,0.9976,27.24,37.66,18.45,461.25,0.001471,0.000145,0.003378,0.022453,44.54,0.07779,0.99704,4.6284,curved,gentle
MVI_40211,206,26,1881,1906,873.92,873.56,0.9996,0.47,12.35,34.712,867.79,0.000337,0.000241,0.000806,0.001135,881.18,0.20366,0.48086,0.70812,straight,straight
MVI_40211,207,36,1886,1921,890.14,890.03,0.9999,6.6,7.55,27.946,698.66,0.000325,4.8e-05,0.000987,0.00325,307.69,0.0313,0.35162,0.78021,straight,straight
MVI_40211,208,21,1896,1916,788.89,786.6,0.9971,17.75,19.78,41.678,1041.96,0.000707,0.000355,0.001754,0.004148,241.11,0.4058,1.03527,1.83756,straight,gentle
MVI_40211,209,1,1906,1906,0.0,0.0,,,,0.0,0.0,,,,,,,,,unknown,unknown
MVI_40211,210,30,1921,1950,661.23,661.15,0.9999,2.62,6.32,22.841,571.02,0.000242,0.000201,0.000563,0.001071,933.65,0.11149,0.21223,0.31851,straight,straight
MVI_40211,211,25,1926,1950,805.81,805.79,1.0,1.02,1.03,34.022,850.54,2.4e-05,1.7e-05,6e-05,7e-05,14244.43,0.01609,0.04893,0.0597,straight,straight
MVI_40211,212,20,1931,1950,766.34,763.18,0.9959,17.41,22.81,44.333,1108.32,0.000749,0.000589,0.001661,0.003296,303.36,0.56669,1.02855,1.62673,straight,gentle
MVI_40211,213,20,1931,1950,265.2,265.16,0.9998,1.66,5.44,13.818,345.46,0.000428,0.000414,0.000623,0.000858,1164.85,0.14586,0.21878,0.2981,straight,straight
MVI_40211,214,20,1931,1950,281.99,281.93,0.9998,3.46,4.84,16.607,415.18,0.000312,0.000252,0.000565,0.000744,1343.98,0.08548,0.25241,0.26471,straight,straight
MVI_40211,215,18,694,711,794.7,792.71,0.9975,10.1,19.19,45.308,1132.71,0.000522,0.000496,0.00098,0.001369,730.56,0.5316,0.91665,1.14617,straight,gentle
MVI_40212,1,1,1,1,0.0,0.0,,,,0.0,0.0,,,,,,,,,unknown,unknown
MVI_40212,2,16,1,16,562.82,561.45,0.9976,17.41,17.41,39.317,982.93,0.000795,0.000382,0.001785,0.003797,263.38,0.39748,0.90544,1.50634,straight,gentle
MVI_40212,3,35,1,35,775.42,775.27,0.9998,8.47,11.17,22.613,565.33,0.000417,0.000152,0.000903,0.004409,226.82,0.08899,0.414,1.19525,straight,straight
MVI_40212,4,44,6,49,919.33,918.77,0.9994,7.09,26.08,22.065,551.64,0.001481,0.000119,0.00229,0.028867,34.64,0.07547,0.77595,3.12123,straight,straight
MVI_40212,5,51,11,61,921.01,920.51,0.9995,10.48,20.01,18.559,463.97,0.000666,0.000198,0.001792,0.005571,179.5,0.1027,0.58709,1.25057,straight,gentle
MVI_40212,6,41,26,66,873.6,872.98,0.9993,16.51,27.27,22.032,550.79,0.000944,0.000377,0.002244,0.007667,130.43,0.20376,0.77898,1.76686,straight,gentle
MVI_40212,7,16,31,46,737.95,734.43,0.9952,27.9,29.06,51.982,1299.56,0.001398,0.000314,0.004029,0.008554,116.91,0.40379,2.5588,4.25448,curved,gentle
MVI_40212,8,36,31,66,843.51,843.38,0.9998,2.83,5.91,24.862,621.54,0.000126,0.000133,0.000294,0.000393,2547.1,0.09113,0.15827,0.19877,straight,straight
MVI_40212,9,31,36,66,912.84,911.43,0.9985,23.06,27.44,31.19,779.75,0.001411,0.000133,0.003611,0.016517,60.54,0.11441,1.39521,3.84457,curved,gentle
MVI_40212,10,41,51,91,886.78,886.52,0.9997,4.09,14.41,21.887,547.18,0.00046,0.000281,0.001038,0.003216,310.93,0.13773,0.38645,0.82148,straight,straight
MVI_40212,11,6,56,61,109.4,109.4,1.0,0.0,0.01,21.88,546.99,2e-06,2e-06,2e-06,2e-06,648435.03,0.00083,0.00084,0.00084,unknown,unknown
MVI_40212,12,31,66,96,919.1,918.76,0.9996,8.71,12.4,30.755,768.88,0.00038,0.000142,0.000985,0.00331,302.14,0.08476,0.5373,1.44744,straight,straight
MVI_40212,13,46,71,116,882.15,882.07,0.9999,3.14,9.01,20.03,500.75,0.000309,0.000187,0.000519,0.003031,329.97,0.09396,0.20012,0.4326,straight,straight
MVI_40212,14,16,86,101,677.67,673.71,0.9942,26.19,26.19,45.857,1146.42,0.001004,0.000584,0.002506,0.004056,246.55,0.66605,1.69239,2.3394,curved,gentle
MVI_40212,15,36,86,121,847.79,847.65,0.9998,1.94,9.11,24.899,622.48,0.000303,0.000155,0.000825,0.001906,524.59,0.09197,0.30802,0.53902,straight,straight
MVI_40212,16,26,101,126,823.91,822.77,0.9986,19.6,24.28,34.385,859.62,0.001357,0.000144,0.003197,0.015738,63.54,0.13159,1.32879,3.87382,straight,gentle
MVI_40212,17,46,101,146,846.2,845.91,0.9997,13.11,16.86,19.285,482.12,0.000669,0.000174,0.001749,0.008082,123.73,0.07365,0.50659,1.40833,straight,gentle
MVI_40212,18,6,111,116,176.85,176.85,1.0,0.34,0.34,35.248,881.21,3e-05,2.9e-05,6.1e-05,6.3e-05,15968.83,0.02636,0.05474,0.05543,unknown,unknown
MVI_40212,19,51,121,171,895.58,895.25,0.9996,12.35,17.29,18.638,465.95,0.00066,0.000278,0.001401,0.007389,135.34,0.12643,0.41089,0.84192,straight,gentle
MVI_40212,20,31,121,151,926.23,925.17,0.9989,17.89,18.84,31.625,790.63,0.000852,0.000162,0.001911,0.008941,111.84,0.14621,0.72113,2.01699,straight,gentle
MVI_40212,21,106,136,241,923.93,922.3,0.9982,25.97,59.3,8.703,217.58,0.001592,0.000653,0.003098,0.018606,53.75,0.13729,0.60068,2.71279,curved,gentle
MVI_40212,22,36,156,191,848.67,848.57,0.9999,0.09,6.56,23.891,597.28,0.000173,0.000166,0.000342,0.00051,1960.32,0.09059,0.17794,0.2816,straight,straight
MVI_40212,23,26,171,196,874.7,870.55,0.9953,24.25,26.9,36.469,911.74,0.000986,0.000405,0.002543,0.006794,147.19,0.4173,1.05219,2.03288,curved,gentle
MVI_40212,24,26,181,206,819.72,818.38,0.9984,23.21,25.28,36.015,900.36,0.001541,5.1e-05,0.00401,0.017171,58.24,0.05086,1.51199,4.01355,curved,gentle
MVI_40212,25,46,186,231,859.77,859.68,0.9999,4.94,12.4,20.384,509.6,0.000703,0.000167,0.000837,0.014008,71.39,0.07846,0.23088,1.45485,straight,straight
MVI_40212,26,6,186,191,160.86,160.67,0.9988,8.2,8.78,32.259,806.47,0.000984,0.00083,0.002046,0.002219,450.56,0.66718,1.50695,1.59203,unknown,unknown
MVI_40212,27,56,191,246,869.31,868.96,0.9996,3.93,17.8,15.916,397.89,0.000525,0.000286,0.001356,0.002623,381.24,0.12011,0.47255,0.72064,straight,straight
MVI_40212,28,36,201,236,847.94,847.43,0.9994,15.29,19.25,25.416,635.39,0.000842,0.000171,0.002282,0.009144,109.37,0.10873,0.77138,1.95196,straight,gentle
MVI_40212,29,66,211,276,919.41,919.07,0.9996,3.22,22.65,14.469,361.72,0.001036,0.000395,0.001692,0.02087,47.92,0.15087,0.36463,1.29002,straight,straight
MVI_40212,30,21,211,231,758.88,757.73,0.9985,11.37,11.37,38.451,961.27,0.000323,0.000256,0.000494,0.001214,823.75,0.22716,0.42412,0.52743,straight,gentle
MVI_40212,31,51,231,281,915.11,914.87,0.9997,12.67,20.87,18.246,456.14,0.001068,0.000289,0.001332,0.019647,50.9,0.14868,0.38731,2.06824,straight,gentle
MVI_40212,32,26,231,256,867.26,866.99,0.9997,7.73,9.29,35.43,885.76,0.000358,5.3e-05,0.001086,0.002956,338.24,0.04765,0.56588,1.10718,straight,straight
MVI_40212,33,61,246,306,896.67,896.19,0.9995,13.39,29.87,14.503,362.56,0.001138,0.00059,0.002283,0.015433,64.8,0.20942,0.59842,1.37625,straight,gentle
MVI_40212,34,56,251,306,864.56,864.28,0.9997,11.3,19.26,15.913,397.83,0.000843,0.000364,0.001125,0.013018,76.82,0.1264,0.37077,1.28534,straight,gentle
MVI_40212,35,26,281,306,839.27,838.89,0.9996,7.02,13.77,33.834,845.85,0.000403,0.000297,0.000904,0.001384,722.36,0.26664,0.49574,0.69017,straight,straight
MVI_40212,36,21,281,301,777.14,774.86,0.9971,17.75,17.75,43.787,1094.67,0.000733,0.000417,0.001475,0.005211,191.89,0.36875,0.66881,1.55178,straight,gentle
MVI_40212,37,66,291,356,875.99,875.21,0.9991,8.11,36.27,14.007,350.17,0.001383,0.000466,0.004138,0.007888,126.78,0.15522,0.75088,0.97205,straight,straight
MVI_40212,38,46,306,351,878.61,875.45,0.9964,38.43,41.95,19.368,484.2,0.002015,0.000272,0.00396,0.027138,36.85,0.15374,1.06128,3.59135,curved,gentle
MVI_40212,39,46,311,356,868.63,867.89,0.9992,11.64,17.53,19.383,484.58,0.000537,0.000364,0.001126,0.002027,493.24,0.20288,0.41774,0.5325,straight,gentle
MVI_40212,40,66,316,381,878.23,878.06,0.9998,6.34,16.36,13.477,336.93,0.000518,0.000268,0.001099,0.005096,196.21,0.09129,0.25673,1.00301,straight,straight
MVI_40212,41,26,321,346,823.2,822.89,0.9996,6.43,6.43,36.026,900.66,0.000183,0.000133,0.000332,0.000816,1225.6,0.09883,0.21691,0.27689,straight,straight
MVI_40212,42,51,326,376,910.7,910.27,0.9995,18.79,27.56,18.771,469.28,0.001473,0.00022,0.002141,0.02707,36.94,0.129,0.60885,2.71841,straight,gentle
MVI_40212,43,21,336,356,793.14,787.75,0.9932,29.14,29.14,41.425,1035.63,0.001283,0.000705,0.003032,0.00879,113.77,0.64115,1.38666,2.81892,curved,gentle
MVI_40212,44,41,341,381,841.5,841.3,0.9998,0.33,12.18,21.339,533.48,0.000376,0.000218,0.000581,0.002711,368.91,0.10795,0.28779,0.53301,straight,straight
MVI_40212,45,26,346,371,817.52,816.99,0.9994,10.79,14.28,35.266,881.66,0.000608,0.000115,0.001757,0.00495,202.03,0.11115,0.7638,1.52906,straight,gentle
MVI_40212,46,46,351,396,880.57,880.35,0.9998,1.85,11.69,19.474,486.86,0.000332,0.000225,0.000655,0.002078,481.26,0.09691,0.2752,0.3154,straight,straight
MVI_40212,47,66,356,421,900.64,900.48,0.9998,5.99,15.1,13.736,343.41,0.000667,0.000226,0.00108,0.009357,106.87,0.0813,0.26687,0.92125,straight,straight
MVI_40212,48,41,366,406,875.95,875.67,0.9997,8.71,14.69,22.717,567.93,0.000522,0.000284,0.000972,0.004365,229.11,0.17383,0.35194,0.87794,straight,straight
MVI_40212,49,21,376,396,797.87,796.31,0.998,11.63,12.66,40.584,1014.6,0.000352,0.000295,0.000711,0.001531,653.16,0.28614,0.50896,0.77499,straight,gentle
MVI_40212,50,56,376,431,886.1,885.61,0.9994,14.43,27.48,16.816,420.4,0.001922,0.000309,0.002105,0.048244,20.73,0.13921,0.39982,3.19076,straight,gentle
MVI_40212,51,51,391,441,893.49,892.86,0.9993,1.33,23.87,18.238,455.95,0.000949,0.000335,0.002082,0.011612,86.12,0.15864,0.51702,1.65183,straight,straight
MVI_40212,52,26,396,421,799.65,798.88,0.999,12.1,18.87,34.067,851.67,0.001028,0.000202,0.002277,0.01032,96.9,0.20769,0.75233,2.07392,straight,gentle
MVI_40212,53,21,396,416,593.27,592.49,0.9987,15.03,15.03,29.096,727.41,0.000575,0.000494,0.001132,0.001635,611.56,0.36322,0.64116,0.727,straight,gentle
MVI_40212,54,51,401,451,920.82,920.64,0.9998,6.29,11.78,19.019,475.47,0.000431,0.000234,0.000883,0.003757,266.17,0.10128,0.27591,0.38896,straight,straight
MVI_40212,55,56,401,456,908.68,908.58,0.9999,0.75,11.03,16.646,416.15,0.000433,0.000183,0.0006,0.007386,135.39,0.08073,0.18788,0.64979,straight,straight
MVI_40212,56,56,421,476,904.76,904.52,0.9997,16.58,24.24,16.492,412.29,0.001937,0.000279,0.001342,0.059719,16.75,0.1223,0.3482,3.59459,straight,gentle
MVI_40212,57,46,436,481,853.19,852.74,0.9995,8.84,19.92,20.442,511.05,0.00114,0.000291,0.001185,0.02291,43.65,0.16683,0.38589,1.86617,straight,straight
MVI_40212,58,26,446,471,836.41,836.2,0.9998,6.14,7.79,33.909,847.73,0.000275,6e-05,0.000827,0.001995,501.26,0.05205,0.44399,0.80099,straight,straight
MVI_40212,59,71,446,516,897.32,896.71,0.9993,26.46,48.36,12.869,321.73,0.005715,0.000478,0.002168,0.274488,3.64,0.16888,0.50847,10.76006,curved,gentle
MVI_40212,60,51,451,501,886.26,886.17,0.9999,1.0,8.47,18.223,455.58,0.000281,0.000175,0.000559,0.00253,395.21,0.08185,0.17938,0.29837,straight,straight
MVI_40212,61,21,461,481,710.39,706.1,0.994,30.55,30.55,37.186,929.66,0.001532,0.000508,0.003225,0.012016,83.22,0.51832,1.24737,2.99784,curved,gentle
MVI_40212,62,41,466,506,831.92,831.13,0.9991,14.09,22.2,20.885,522.12,0.000713,0.000321,0.00246,0.004037,247.68,0.14943,0.90089,1.25359,straight,gentle
MVI_40212,63,71,471,541,918.99,918.3,0.9992,4.54,34.41,12.931,323.27,0.001777,0.000367,0.002702,0.052913,18.9,0.13036,0.60452,2.67583,straight,straight
MVI_40212,64,6,476,481,112.01,111.99,0.9998,2.98,4.01,22.585,564.63,0.000719,0.000537,0.001433,0.001681,594.92,0.30163,0.67556,0.75376,unknown,unknown
MVI_40212,65,31,501,531,884.06,882.62,0.9984,20.81,21.31,29.866,746.65,0.000921,5e-05,0.003037,0.007301,136.97,0.04449,1.12808,2.0244,curved,gentle
MVI_40212,66,46,516,561,878.43,877.94,0.9994,12.22,17.56,19.534,488.36,0.000488,0.00021,0.001335,0.003619,276.34,0.10304,0.57728,1.32089,straight,gentle
MVI_40212,67,26,521,546,851.02,848.8,0.9974,16.07,16.07,35.77,894.26,0.000573,0.000305,0.001047,0.004776,209.4,0.22706,0.49101,1.1545,straight,gentle
MVI_40212,68,6,536,541,120.38,120.36,0.9998,3.17,4.19,24.294,607.35,0.000685,0.000525,0.001358,0.001569,637.54,0.31669,0.69934,0.77206,unknown,unknown
MVI_40212,69,26,541,566,873.82,873.72,0.9999,1.14,4.16,34.411,860.28,9.3e-05,8.6e-05,0.000164,0.000196,5096.12,0.06444,0.13577,0.15125,straight,straight
MVI_40212,70,56,541,596,923.57,923.27,0.9997,17.14,20.78,17.113,427.82,0.001083,0.000156,0.002232,0.020183,49.55,0.07168,0.48744,1.91562,straight,gentle
MVI_40212,71,61,541,601,874.32,873.93,0.9996,3.09,16.79,15.188,379.69,0.000491,0.000403,0.001152,0.001463,683.3,0.1595,0.27415,0.40195,straight,straight
MVI_40212,72,61,551,611,895.91,895.8,0.9999,1.03,9.25,14.308,357.69,0.00028,0.0002,0.000566,0.001551,644.77,0.06783,0.17367,0.33012,straight,straight
MVI_40212,73,21,556,576,740.41,735.91,0.9939,30.02,30.02,39.078,976.95,0.001317,0.00057,0.002987,0.009313,107.38,0.50604,1.30241,2.77988,curved,gentle
MVI_40212,74,41,566,606,902.89,902.73,0.9998,0.68,8.43,22.72,568.0,0.000232,0.000173,0.00052,0.001049,953.15,0.09007,0.22311,0.30336,straight,straight
MVI_40212,75,51,566,616,881.61,881.34,0.9997,3.54,14.82,18.655,466.37,0.000939,0.000135,0.000553,0.025942,38.55,0.05909,0.23255,1.91793,straight,straight
MVI_40212,76,56,576,631,866.89,866.51,0.9996,9.46,17.7,15.537,388.42,0.000543,0.000287,0.001346,0.003707,269.79,0.12366,0.37426,0.68917,straight,straight
MVI_40212,77,61,576,636,902.75,902.32,0.9995,9.37,29.15,15.279,381.98,0.001139,0.000434,0.002372,0.015787,63.34,0.17081,0.5777,1.92784,straight,straight
MVI_40212,78,6,591,596,132.59,132.56,0.9998,2.73,5.52,26.169,654.21,0.000841,0.000692,0.001415,0.001659,602.93,0.45504,0.79586,0.88772,unknown,unknown
MVI_40212,79,41,601,641,869.8,869.24,0.9994,4.68,16.43,22.767,569.18,0.000417,0.000371,0.000797,0.001148,871.12,0.15829,0.42819,0.58859,straight,straight
MVI_40212,80,56,601,656,899.9,899.33,0.9994,14.44,18.67,16.273,406.82,0.000526,0.000272,0.001374,0.002614,382.56,0.12697,0.37095,0.55238,straight,gentle
MVI_40212,81,56,606,661,863.09,862.65,0.9995,7.17,21.56,16.138,403.44,0.000561,0.000531,0.001107,0.001433,698.03,0.19995,0.38591,0.46938,straight,straight
MVI_40212,82,26,611,636,841.67,835.07,0.9922,32.93,32.93,38.042,951.06,0.001202,0.000509,0.003336,0.007493,133.46,0.47928,1.39402,2.39679,curved,gentle
MVI_40212,83,41,626,666,865.86,865.43,0.9995,11.44,22.16,22.047,551.19,0.000704,0.000369,0.001683,0.004725,211.64,0.21658,0.58899,1.17223,straight,gentle
MVI_40212,84,61,641,701,911.44,910.75,0.9992,10.49,31.83,14.922,373.06,0.001128,0.000413,0.00244,0.012543,79.72,0.16929,0.58609,2.30029,straight,gentle
MVI_40212,85,56,656,711,897.73,897.23,0.9994,23.36,29.41,17.181,429.51,0.002487,0.000149,0.00253,0.066974,14.93,0.06888,0.53277,4.8919,curved,gentle
MVI_40212,86,41,661,701,851.41,850.08,0.9984,33.28,38.16,22.258,556.46,0.00287,9.5e-05,0.004799,0.055193,18.12,0.05593,1.33916,6.82362,curved,gentle
MVI_40212,87,66,661,726,941.64,941.26,0.9996,17.19,29.81,15.099,377.48,0.001658,0.000322,0.002306,0.035153,28.45,0.13325,0.51844,2.5987,straight,gentle
MVI_40212,88,6,666,671,114.75,114.51,0.998,10.28,10.28,22.86,571.5,0.00142,0.001361,0.002898,0.002947,339.35,0.80066,1.66981,1.68843,unknown,unknown
MVI_40212,89,41,671,711,817.03,816.92,0.9999,2.96,7.48,20.554,513.84,0.000177,0.000153,0.000353,0.000596,1677.32,0.06737,0.20042,0.28422,straight,straight
MVI_40212,90,31,676,706,930.9,926.54,0.9953,11.57,35.72,32.352,808.81,0.001061,0.000604,0.002421,0.005884,169.96,0.49269,1.0915,1.49686,straight,gentle
MVI_40212,91,31,686,716,843.96,843.53,0.9995,15.13,15.13,28.944,723.59,0.000854,5.9e-05,0.001877,0.011625,86.02,0.0481,0.70741,2.38605,straight,gentle
MVI_40212,92,66,691,756,933.43,933.01,0.9996,9.3,17.01,14.047,351.19,0.00056,0.000262,0.001463,0.005753,173.83,0.09825,0.27876,0.44176,straight,straight
MVI_40212,93,51,696,746,911.39,911.12,0.9997,6.98,16.58,18.526,463.16,0.000642,0.000213,0.000997,0.009369,106.73,0.10489,0.30362,1.35168,straight,straight
MVI_40212,94,61,706,766,911.16,910.91,0.9997,11.26,16.09,15.397,384.92,0.000675,0.000275,0.001171,0.010277,97.3,0.11175,0.26957,0.87,straight,gentle
MVI_40212,95,36,711,746,819.83,819.43,0.9995,6.95,14.06,23.761,594.02,0.000401,0.000139,0.001364,0.001722,580.56,0.09395,0.61135,0.71448,straight,straight
MVI_40212,96,56,711,766,931.45,930.95,0.9995,20.28,26.57,17.548,438.7,0.00133,0.000245,0.002881,0.020192,49.52,0.1064,0.57762,2.11694,curved,gentle
MVI_40212,97,6,716,721,126.11,126.11,1.0,0.0,0.0,25.222,630.55,1e-06,1e-06,1e-06,1e-06,899965.64,0.00035,0.0007,0.0007,unknown,unknown
MVI_40212,98,61,721,781,917.54,917.37,0.9998,4.22,14.46,15.254,381.34,0.000425,0.000264,0.00057,0.004976,200.96,0.10932,0.18805,0.9356,straight,straight
MVI_40212,99,21,721,741,762.02,755.87,0.9919,39.61,39.61,40.927,1023.18,0.001824,0.000364,0.004893,0.012688,78.81,0.39068,2.25486,4.2563,curved,gentle
MVI_40212,100,31,736,766,897.83,897.05,0.9991,18.88,22.37,31.465,786.63,0.001255,0.000108,0.002492,0.017914,55.82,0.09165,1.01064,3.76475,straight,gentle
MVI_40212,101,56,736,791,870.45,870.34,0.9999,0.11,8.97,16.269,406.73,0.000273,0.000221,0.000412,0.001979,505.25,0.09773,0.14698,0.2969,straight,straight
MVI_40212,102,51,746,796,887.4,887.12,0.9997,10.35,19.59,19.271,481.78,0.001178,0.000189,0.001681,0.022151,45.14,0.08717,0.46454,2.02283,straight,gentle
MVI_40212,103,21,751,771,785.51,780.34,0.9934,27.1,27.59,43.581,1089.54,0.001156,0.000728,0.00269,0.007726,129.43,0.64355,1.27191,2.57018,curved,gentle
MVI_40212,104,41,751,791,861.87,861.11,0.9991,13.25,33.19,22.171,554.28,0.001919,0.000381,0.002748,0.033147,30.17,0.21455,0.74928,3.94104,straight,gentle
MVI_40212,105,46,776,821,882.86,882.6,0.9997,10.55,18.92,20.631,515.77,0.001148,0.000221,0.00176,0.021615,46.26,0.12143,0.39526,2.11229,straight,gentle
MVI_40212,106,1,776,776,0.0,0.0,,,,0.0,0.0,,,,,,,,,unknown,unknown
MVI_40212,107,31,776,806,918.29,916.09,0.9976,11.41,25.8,31.4,785.01,0.000833,0.000375,0.002062,0.005358,186.62,0.34791,0.77237,1.45988,straight,gentle
MVI_40212,108,56,791,846,872.56,872.24,0.9996,12.68,19.51,16.203,405.06,0.000967,0.000322,0.000884,0.021716,46.05,0.11376,0.27954,1.873,straight,gentle
MVI_40212,109,46,796,841,932.13,931.77,0.9996,8.19,14.11,21.548,538.69,0.000768,0.000151,0.000831,0.015336,65.2,0.09194,0.32873,1.47824,straight,straight
MVI_40212,110,31,806,836,849.62,848.44,0.9986,23.68,24.37,29.323,733.07,0.001214,0.000253,0.002782,0.013023,76.79,0.21748,0.93222,2.60874,curved,gentle
MVI_40212,111,46,806,851,910.59,909.07,0.9983,13.8,31.25,20.98,524.49,0.000879,0.000145,0.001964,0.009619,103.97,0.08891,0.80264,2.78941,straight,gentle
MVI_40212,112,66,811,876,929.86,929.57,0.9997,4.15,24.02,14.23,355.76,0.001264,0.000289,0.001876,0.032105,31.15,0.1307,0.36874,1.96104,straight,straight
MVI_40212,113,56,826,881,888.71,888.3,0.9995,13.43,29.4,16.641,416.01,0.001472,0.000253,0.002009,0.030162,33.15,0.12209,0.52287,3.24,straight,gentle
MVI_40212,114,31,841,871,864.42,862.98,0.9983,24.65,25.53,29.962,749.06,0.001403,0.000117,0.003631,0.016732,59.77,0.08185,1.31645,3.64555,curved,gentle
MVI_40212,115,46,846,891,871.54,871.11,0.9995,11.19,19.66,19.641,491.01,0.000998,0.00025,0.001422,0.016821,59.45,0.13961,0.46442,1.7752,straight,gentle
MVI_40212,116,21,856,876,730.82,725.87,0.9932,30.92,30.92,37.702,942.55,0.001367,0.0006,0.003328,0.008726,114.59,0.54359,1.45945,2.77528,curved,gentle
MVI_40212,117,31,881,911,901.5,901.0,0.9994,16.66,17.53,31.173,779.32,0.000945,0.00011,0.001834,0.012401,80.64,0.09726,0.72292,2.58531,straight,gentle
MVI_40212,118,16,901,916,583.77,581.11,0.9954,23.25,23.25,41.297,1032.44,0.00095,0.000534,0.00222,0.003768,265.4,0.55025,1.38256,1.97369,curved,gentle
MVI_40212,119,11,901,911,267.35,267.19,0.9994,7.91,7.91,26.719,667.97,0.000666,0.000433,0.001393,0.00203,492.56,0.28902,0.63023,0.81004,unknown,unknown
MVI_40212,120,56,906,961,880.1,879.9,0.9998,15.64,24.82,16.121,403.03,0.002408,0.00024,0.001342,0.080325,12.45,0.10527,0.31505,4.91218,straight,gentle
MVI_40212,121,41,911,951,887.01,886.65,0.9996,0.02,16.57,22.303,557.59,0.000464,0.000317,0.00077,0.002764,361.77,0.17511,0.39796,0.65259,straight,straight
MVI_40212,122,31,916,946,860.89,858.71,0.9975,28.7,28.71,29.667,741.66,0.00124,0.000189,0.003775,0.010751,93.01,0.15413,1.38023,2.77341,curved,gentle
MVI_40212,123,56,916,971,879.43,879.29,0.9998,6.34,14.68,16.261,406.53,0.000591,0.000252,0.000885,0.008095,123.53,0.09865,0.27228,0.92744,straight,straight
MVI_40212,124,21,931,951,737.33,730.77,0.9911,40.34,40.34,38.775,969.38,0.001857,0.000504,0.005032,0.012492,80.05,0.49086,2.3144,4.24361,curved,gentle
MVI_40212,125,31,941,971,870.17,869.75,0.9995,1.61,16.16,29.14,728.51,0.000561,0.000219,0.00147,0.003835,260.75,0.17922,0.58876,1.09069,straight,straight
MVI_40212,126,1,951,951,0.0,0.0,,,,0.0,0.0,,,,,,,,,unknown,unknown
MVI_40212,127,56,961,1016,885.95,885.84,0.9999,6.23,14.03,16.775,419.37,0.00077,0.000207,0.000801,0.016349,61.17,0.08038,0.2413,1.35484,straight,straight
MVI_40212,128,1,976,976,0.0,0.0,,,,0.0,0.0,,,,,,,,,unknown,unknown
MVI_40212,129,36,976,1011,928.75,927.14,0.9983,32.63,34.38,26.847,671.19,0.0017,0.000141,0.003654,0.021813,45.84,0.12071,1.2626,4.1746,curved,gentle
MVI_40212,130,26,976,1001,829.18,824.27,0.9941,26.9,27.65,36.678,916.96,0.001165,0.000547,0.002702,0.009394,106.45,0.48588,0.987,2.27662,curved,gentle
MVI_40212,131,51,981,1031,886.83,886.71,0.9999,2.18,11.08,17.421,435.51,0.000337,0.000198,0.000752,0.0021,476.15,0.09675,0.23497,0.44551,straight,straight
MVI_40212,132,36,981,1016,870.48,869.79,0.9992,10.11,21.82,24.648,616.19,0.000771,0.000265,0.00216,0.005768,173.36,0.16338,0.90123,1.73795,straight,gentle
MVI_40212,133,41,996,1036,849.67,849.22,0.9995,3.55,23.42,22.509,562.73,0.001016,0.000459,0.002307,0.008775,113.96,0.24987,0.64753,1.35921,straight,straight
MVI_40212,134,26,1001,1026,857.68,854.27,0.996,20.1,23.11,35.76,893.99,0.000897,0.000423,0.001842,0.008024,124.63,0.32733,0.77744,2.06605,curved,gentle
MVI_40212,135,11,1006,1016,276.97,276.9,0.9997,5.77,5.77,27.69,692.24,0.000568,0.000268,0.001307,0.002311,432.73,0.18551,0.5334,0.7801,unknown,unknown
MVI_40212,136,56,1006,1061,892.85,889.11,0.9958,7.92,42.64,16.284,407.1,0.001097,0.000657,0.002424,0.006536,153.01,0.23356,1.02584,2.34437,straight,straight
MVI_40212,137,46,1011,1056,856.33,856.05,0.9997,14.12,20.57,19.381,484.52,0.001116,0.000372,0.001666,0.017428,57.38,0.17023,0.5003,1.90466,straight,gentle
MVI_40212,138,36,1016,1051,919.55,919.11,0.9995,5.77,17.54,27.392,684.81,0.000734,0.000169,0.00195,0.006307,158.57,0.12321,0.62363,1.20827,straight,straight
MVI_40212,139,41,1021,1061,883.07,881.83,0.9986,34.45,35.97,23.261,581.53,0.002693,0.000128,0.003982,0.054566,18.33,0.08396,1.14937,6.58151,curved,gentle
MVI_40212,140,36,1046,1081,829.33,829.29,0.9999,0.64,4.56,23.992,599.8,9.7e-05,7e-05,0.000196,0.00022,4539.13,0.04025,0.12704,0.14118,straight,straight
MVI_40212,141,56,1051,1106,888.62,888.57,0.9999,0.85,7.46,16.208,405.21,0.000179,0.00017,0.000309,0.000575,1739.31,0.06514,0.1393,0.22175,straight,straight
MVI_40212,142,6,1051,1056,115.23,115.22,0.9999,2.33,2.33,22.394,559.85,0.00028,0.000207,0.000633,0.000726,1377.61,0.14496,0.38389,0.42166,unknown,unknown
MVI_40212,143,61,1061,1121,920.09,919.69,0.9996,4.72,24.73,15.08,376.99,0.000744,0.000276,0.002165,0.005474,182.68,0.11885,0.55952,1.31553,straight,straight
MVI_40212,144,26,1071,1096,853.02,849.98,0.9964,17.89,20.91,37.365,934.13,0.000674,0.000414,0.001571,0.00387,258.39,0.35598,0.66559,1.21753,straight,gentle
MVI_40212,145,46,1076,1121,894.19,894.01,0.9998,3.23,13.8,19.397,484.91,0.00049,0.00028,0.001014,0.003837,260.61,0.12407,0.3822,0.79499,straight,straight
MVI_40212,146,41,1086,1126,844.05,843.58,0.9994,6.82,20.81,21.324,533.1,0.000669,0.00029,0.001473,0.005305,188.49,0.15822,0.49055,1.12566,straight,straight
MVI_40212,147,46,1111,1156,861.95,861.91,1.0,0.72,3.58,19.438,485.96,0.000121,6.2e-05,0.000299,0.000946,1057.61,0.02728,0.09458,0.16489,straight,straight
MVI_40212,148,41,1121,1161,921.99,921.62,0.9996,11.46,24.19,24.042,601.04,0.001451,0.000291,0.002032,0.027214,36.75,0.16182,0.62621,3.53199,straight,gentle
MVI_40212,149,61,1121,1181,905.55,905.28,0.9997,3.26,17.14,14.989,374.71,0.000488,0.000277,0.00091,0.0017,588.34,0.12992,0.30981,0.37791,straight,straight
MVI_40212,150,26,1121,1146,843.74,838.31,0.9936,32.1,32.1,35.715,892.87,0.001223,0.000389,0.003331,0.008702,114.92,0.36864,1.43359,2.72869,curved,gentle
MVI_40212,151,31,1126,1156,890.33,889.66,0.9992,14.4,17.9,30.097,752.41,0.000915,0.00011,0.002104,0.010802,92.57,0.10207,0.76892,2.28839,straight,gentle
MVI_40212,152,6,1146,1151,96.24,96.24,1.0,0.0,0.01,19.248,481.21,2e-06,2e-06,2e-06,2e-06,534824.03,0.00079,0.0009,0.0009,unknown,unknown
MVI_40212,153,31,1151,1181,892.92,892.51,0.9995,6.41,16.73,30.782,769.56,0.000603,0.000171,0.001567,0.004534,220.56,0.1605,0.67487,1.38398,straight,straight
MVI_40212,154,46,1161,1206,892.92,892.83,0.9999,4.48,6.6,19.489,487.23,0.00016,7.6e-05,0.000313,0.001198,834.4,0.03928,0.1647,0.40945,straight,straight
MVI_40212,155,41,1176,1216,884.08,884.04,1.0,1.27,5.53,22.758,568.94,0.000138,0.00012,0.000222,0.000511,1958.67,0.06548,0.10488,0.13662,straight,straight
MVI_40212,156,36,1176,1211,863.9,863.76,0.9998,5.46,7.91,24.193,604.81,0.000281,0.000113,0.000719,0.00184,543.51,0.07879,0.30714,0.57524,straight,straight
MVI_40212,157,31,1191,1221,891.71,891.09,0.9993,15.62,19.45,30.482,762.05,0.000999,9.6e-05,0.00246,0.012008,83.28,0.07263,0.93903,2.70228,straight,gentle
MVI_40212,158,46,1206,1251,920.67,920.62,0.9999,5.86,9.1,20.892,522.3,0.000555,0.000102,0.000809,0.010803,92.57,0.05479,0.22442,1.26878,straight,straight
MVI_40212,159,56,1206,1261,876.32,876.07,0.9997,10.56,23.44,16.172,404.3,0.001425,0.000296,0.001307,0.036509,27.39,0.1208,0.33081,3.11536,straight,gentle
MVI_40212,160,21,1211,1231,773.96,769.79,0.9946,33.25,33.25,41.631,1040.78,0.001639,0.000376,0.003854,0.013395,74.65,0.41874,1.71501,3.93479,curved,gentle
MVI_40212,161,46,1231,1276,921.97,921.81,0.9998,9.26,15.75,20.46,511.49,0.000787,0.000233,0.001315,0.012576,79.52,0.12079,0.38554,1.50747,straight,straight
MVI_40212,162,26,1236,1261,819.66,814.1,0.9932,33.07,37.18,34.848,871.2,0.001551,0.00045,0.004117,0.012387,80.73,0.41432,1.72157,3.60389,curved,gentle
MVI_40212,163,6,1241,1246,100.48,100.48,1.0,0.76,0.76,19.976,499.39,0.000118,0.00011,0.000243,0.000251,3977.48,0.058,0.12382,0.12653,unknown,unknown
MVI_40212,164,36,1251,1286,855.54,855.24,0.9997,1.35,8.84,24.859,621.47,0.000244,0.00017,0.000553,0.000669,1494.22,0.09612,0.32528,0.41833,straight,straight
MVI_40212,165,31,1256,1286,869.03,867.17,0.9979,27.67,29.15,29.772,744.29,0.001532,0.000317,0.003613,0.016158,61.89,0.25081,1.13162,3.07189,curved,gentle
MVI_40212,166,11,1266,1276,203.66,203.65,1.0,1.81,1.81,20.365,509.13,0.000187,0.000136,0.000366,0.000498,2006.6,0.0692,0.13395,0.16455,unknown,unknown
MVI_40212,167,36,1281,1316,931.72,929.98,0.9981,29.02,33.21,27.631,690.77,0.001472,0.000258,0.003634,0.016087,62.16,0.19337,1.18404,3.20339,curved,gentle
MVI_40212,168,41,1281,1321,914.82,914.55,0.9997,5.81,13.63,22.346,558.66,0.000431,0.000117,0.001453,0.003111,321.45,0.06345,0.46972,0.88043,straight,straight
MVI_40212,169,36,1311,1346,927.39,925.97,0.9985,25.6,27.41,27.304,682.6,0.001255,0.000205,0.003065,0.014097,70.94,0.1491,1.00178,2.78045,curved,gentle
MVI_40212,170,6,1311,1316,65.61,65.52,0.9986,12.07,12.07,13.156,328.9,0.004115,0.003103,0.007651,0.009571,104.48,1.01292,1.87157,2.18858,unknown,unknown
MVI_40212,171,41,1321,1361,898.78,898.67,0.9999,4.21,10.59,22.592,564.81,0.000426,0.000124,0.001045,0.004583,218.21,0.06248,0.36063,0.96601,straight,straight
MVI_40212,172,46,1336,1381,887.0,885.44,0.9982,1.57,32.59,20.633,515.81,0.000957,0.000708,0.002529,0.003942,253.71,0.33669,0.63473,1.10784,straight,straight
MVI_40212,173,51,1346,1396,881.6,881.58,1.0,0.21,4.63,17.789,444.72,0.000146,0.000107,0.000235,0.001374,727.84,0.04554,0.096,0.16155,straight,straight
MVI_40212,174,26,1356,1381,847.32,843.07,0.995,26.82,32.45,38.514,962.85,0.001434,0.000443,0.003353,0.012769,78.32,0.43835,1.30574,3.20206,curved,gentle
MVI_40212,175,6,1371,1376,84.1,84.1,1.0,0.0,0.01,16.82,420.5,1e-06,1e-06,2e-06,2e-06,495575.44,0.00042,0.00085,0.00085,unknown,unknown
MVI_40212,176,36,1376,1411,848.71,848.64,0.9999,1.96,4.46,24.868,621.69,0.000117,0.000105,0.000207,0.000326,3066.3,0.06893,0.14064,0.21664,straight,straight
MVI_40212,177,56,1396,1451,907.96,907.8,0.9998,5.32,10.7,16.429,410.73,0.000319,0.000252,0.000637,0.001797,556.49,0.09265,0.2204,0.33838,straight,straight
MVI_40212,178,36,1416,1451,890.48,890.19,0.9997,2.98,11.55,26.191,654.78,0.000328,0.000278,0.000491,0.001672,598.07,0.16316,0.28139,0.38963,straight,straight
MVI_40212,179,56,1416,1471,883.63,883.26,0.9996,16.84,21.58,17.126,428.14,0.001461,0.000109,0.002826,0.028966,34.52,0.05054,0.51536,2.39336,straight,gentle
MVI_40212,180,41,1421,1461,884.24,884.13,0.9999,5.04,6.83,22.276,556.9,0.000246,7.7e-05,0.00041,0.003206,311.94,0.04709,0.1844,0.53565,straight,straight
MVI_40212,181,66,1436,1501,916.74,916.42,0.9997,2.38,21.33,13.981,349.52,0.000838,0.000339,0.000949,0.017131,58.37,0.12893,0.29077,1.51781,straight,straight
MVI_40212,182,36,1441,1476,879.4,879.22,0.9998,2.1,8.08,25.323,633.08,0.000201,0.000187,0.000327,0.0005,1998.93,0.13021,0.17036,0.21361,straight,straight
MVI_40212,183,11,1456,1466,246.09,246.07,0.9999,3.09,3.09,24.607,615.16,0.000294,0.000179,0.000634,0.000966,1035.48,0.10986,0.25554,0.33846,unknown,unknown
MVI_40212,184,31,1461,1491,843.45,841.69,0.9979,34.23,34.38,29.216,730.39,0.002291,0.000183,0.004513,0.032767,30.52,0.16409,1.49381,5.60105,curved,gentle
MVI_40212,185,26,1481,1506,895.93,892.99,0.9967,19.66,19.66,39.314,982.85,0.000751,0.000326,0.001676,0.006762,147.87,0.2736,0.71599,1.82555,straight,gentle
MVI_40212,186,41,1491,1531,859.15,859.01,0.9998,7.52,11.85,22.122,553.04,0.000479,0.000106,0.001279,0.004734,211.22,0.06285,0.42891,1.02647,straight,straight
MVI_40212,187,71,1506,1576,935.18,934.86,0.9997,2.77,19.09,13.441,336.02,0.000501,0.000241,0.001045,0.004997,200.13,0.08049,0.26223,1.0048,straight,straight
MVI_40212,188,6,1516,1521,70.92,70.92,1.0,0.0,0.01,14.185,354.63,2e-06,2e-06,3e-06,3e-06,288156.99,0.00075,0.00123,0.00123,unknown,unknown
MVI_40212,189,26,1516,1541,840.11,837.78,0.9972,22.31,23.6,35.273,881.83,0.001091,0.000291,0.002462,0.01123,89.05,0.26845,1.0359,2.86817,curved,gentle
MVI_40212,190,36,1521,1556,883.94,883.75,0.9998,6.4,7.46,26.254,656.36,0.000403,8.2e-05,0.000628,0.005931,168.6,0.06283,0.18298,0.82195,straight,straight
MVI_40212,191,26,1526,1551,837.04,836.9,0.9998,4.27,4.75,35.437,885.93,0.000141,6.4e-05,0.000334,0.000623,1605.24,0.05799,0.17894,0.27169,straight,straight
MVI_40212,192,16,1526,1541,485.7,485.67,0.9999,3.3,5.28,35.226,880.64,0.000815,7.3e-05,0.001476,0.008765,114.08,0.07274,0.43723,1.46781,straight,straight
MVI_40212,193,46,1536,1581,893.73,893.6,0.9999,8.97,13.07,20.76,519.01,0.000591,0.000188,0.001124,0.008681,115.19,0.09688,0.31696,1.2424,straight,straight
MVI_40212,194,31,1546,1576,940.96,940.12,0.9991,22.3,22.55,32.569,814.23,0.001208,0.000182,0.002039,0.016508,60.58,0.15893,0.80593,3.24933,curved,gentle
MVI_40212,195,26,1546,1571,792.58,787.31,0.9933,25.75,27.72,34.676,866.91,0.000981,0.000718,0.002395,0.005362,186.49,0.59871,0.97297,1.66912,curved,gentle
MVI_40212,196,41,1551,1591,861.71,861.55,0.9998,4.32,7.06,22.684,567.09,0.000165,0.000105,0.000386,0.000631,1585.92,0.05683,0.23059,0.2937,straight,straight
MVI_40212,197,46,1551,1596,847.58,847.28,0.9996,13.43,24.11,19.999,499.99,0.002378,0.0004,0.00111,0.069261,14.44,0.18849,0.40551,4.1379,straight,gentle
MVI_40212,198,10,1565,1574,155.51,151.89,0.9767,43.02,43.02,16.99,424.76,0.00506,0.004861,0.007876,0.007942,125.91,2.05551,3.00615,3.02289,unknown,unknown
MVI_40212,199,21,1586,1606,708.61,705.49,0.9956,18.63,18.63,37.263,931.58,0.000645,0.00054,0.001259,0.003133,319.18,0.39463,0.68084,1.15895,straight,gentle
MVI_40212,200,36,1591,1626,877.38,877.05,0.9996,15.36,21.62,26.34,658.51,0.001818,0.000146,0.002532,0.035534,28.14,0.10046,0.73428,4.30364,straight,gentle
MVI_40212,201,26,1611,1636,807.91,807.05,0.9989,20.41,21.56,35.912,897.79,0.001222,0.00014,0.003136,0.013292,75.23,0.14034,1.21575,3.20465,curved,gentle
MVI_40212,202,6,1616,1621,86.55,86.25,0.9964,13.65,13.65,17.224,430.59,0.002491,0.002358,0.005114,0.005214,191.79,1.05218,2.22103,2.25,unknown,unknown
MVI_40212,203,26,1616,1641,839.98,834.64,0.9936,30.07,31.4,36.961,924.03,0.00142,0.0007,0.003402,0.012425,80.48,0.51355,1.28104,3.05464,curved,gentle
MVI_40212,204,70,1621,1690,900.51,900.23,0.9997,8.72,22.82,13.069,326.72,0.000969,0.000393,0.001354,0.016973,58.92,0.13563,0.33937,1.11993,straight,straight
MVI_40212,205,46,1631,1676,915.49,914.94,0.9994,18.23,23.36,20.952,523.79,0.000946,0.000213,0.001819,0.013758,72.69,0.12041,0.66377,1.93374,straight,gentle
MVI_40212,206,41,1636,1676,899.93,899.85,0.9999,0.18,6.62,22.879,571.98,0.00021,0.000149,0.000454,0.001359,735.68,0.07863,0.18362,0.24072,straight,straight
MVI_40212,207,41,1636,1676,883.71,883.59,0.9999,0.21,8.16,23.282,582.05,0.000349,0.00012,0.000462,0.004951,201.99,0.07023,0.17842,0.64614,straight,straight
MVI_40212,208,21,1651,1671,694.67,690.62,0.9942,29.25,29.25,37.64,941.0,0.001414,0.000624,0.003353,0.010343,96.68,0.52759,1.45721,3.08782,curved,gentle
MVI_40212,209,6,1656,1661,61.27,61.17,0.9984,8.05,8.05,11.789,294.73,0.001748,0.001168,0.004077,0.004852,206.12,0.46067,1.33051,1.50014,unknown,unknown
MVI_40212,210,30,1661,1690,465.86,465.74,0.9997,2.27,9.12,16.576,414.41,0.000537,0.000304,0.000986,0.003942,253.68,0.12909,0.24779,0.58541,straight,straight
MVI_40212,211,25,1666,1690,472.8,472.73,0.9999,3.81,7.21,19.894,497.35,0.000338,0.000256,0.00074,0.001195,836.69,0.14229,0.25819,0.35573,straight,straight
MVI_40212,212,25,1666,1690,793.33,793.09,0.9997,6.77,7.74,35.419,885.48,0.000245,0.000117,0.000572,0.000978,1022.46,0.11123,0.3102,0.44412,straight,straight
MVI_40212,213,20,1671,1690,765.02,763.25,0.9977,11.76,15.94,41.648,1041.19,0.000438,0.00043,0.000887,0.001358,736.19,0.4326,0.64486,0.85701,straight,gentle
MVI_40212,214,5,1686,1690,24.0,24.0,1.0,0.03,0.03,6.0,150.0,2e-05,2e-05,2e-05,2e-05,50400.0,0.00298,0.00298,0.00298,unknown,unknown
MVI_40213,1,1,1,1,0.0,0.0,,,,0.0,0.0,,,,,,,,,unknown,unknown
MVI_40213,2,1,1,1,0.0,0.0,,,,0.0,0.0,,,,,,,,,unknown,unknown
MVI_40213,3,1,1,1,0.0,0.0,,,,0.0,0.0,,,,,,,,,unknown,unknown
MVI_40213,4,16,1,16,385.63,385.49,0.9996,4.17,8.24,26.88,672.01,0.000508,0.000264,0.001175,0.001847,541.32,0.17724,0.54387,0.73705,straight,straight
MVI_40213,5,16,1,16,376.61,376.59,1.0,0.9,2.25,25.482,637.05,0.000114,0.000104,0.000165,0.000166,6021.89,0.06004,0.10553,0.1061,straight,straight
MVI_40213,6,56,1,56,888.38,888.14,0.9997,7.35,15.13,16.295,407.38,0.000425,0.000158,0.001519,0.00243,411.54,0.07013,0.47194,0.50763,straight,straight
MVI_40213,7,31,16,46,839.15,838.38,0.9991,16.0,16.08,29.598,739.95,0.000728,0.000183,0.001887,0.006589,151.76,0.13188,0.64183,1.47717,straight,gentle
MVI_40213,8,41,21,61,854.73,854.68,0.9999,3.12,5.69,21.833,545.83,0.000199,8e-05,0.000505,0.001463,683.56,0.04596,0.16766,0.34089,straight,straight
MVI_40213,9,26,21,46,821.6,818.5,0.9962,21.5,29.16,34.454,861.36,0.001212,0.000436,0.002698,0.01097,91.16,0.36849,1.15617,2.96299,curved,gentle
MVI_40213,10,6,26,31,94.79,94.79,1.0,0.0,0.01,18.957,473.93,1e-06,1e-06,2e-06,2e-06,505164.13,0.00047,0.00094,0.00094,unknown,unknown
MVI_40213,11,61,31,91,904.27,904.03,0.9997,10.05,18.49,14.976,374.39,0.000662,0.00025,0.001516,0.006462,154.74,0.09736,0.37289,1.00341,straight,gentle
MVI_40213,12,46,41,86,907.79,907.61,0.9998,1.22,12.73,19.788,494.7,0.000433,0.000204,0.001092,0.0028,357.1,0.11827,0.33686,0.70405,straight,straight
MVI_40213,13,31,46,76,825.26,824.87,0.9995,8.7,13.6,27.593,689.83,0.000337,0.000262,0.000808,0.000933,1072.06,0.19177,0.41779,0.45959,straight,straight
MVI_40213,14,41,66,106,837.71,837.67,1.0,2.99,5.12,20.527,513.17,0.000174,5.3e-05,0.000607,0.001086,921.06,0.02689,0.21341,0.3143,straight,straight
MVI_40213,15,56,66,121,903.88,903.68,0.9998,9.3,18.24,16.872,421.8,0.000572,0.000308,0.001348,0.005196,192.45,0.12522,0.37854,0.77812,straight,straight
MVI_40213,16,6,66,71,103.12,103.1,0.9998,4.64,4.64,20.664,516.61,0.000901,0.000806,0.001378,0.001575,634.92,0.41486,0.60187,0.65941,unknown,unknown
MVI_40213,17,41,71,111,890.54,890.44,0.9999,3.18,8.58,21.66,541.51,0.000235,0.000175,0.000427,0.001469,680.86,0.08945,0.20461,0.5075,straight,straight
MVI_40213,18,21,71,91,680.4,677.89,0.9963,23.17,23.38,36.227,905.67,0.001074,0.000369,0.002907,0.007075,141.34,0.33404,1.41431,2.55905,curved,gentle
MVI_40213,19,31,71,101,859.02,858.47,0.9994,15.27,15.84,28.163,704.07,0.000839,9e-05,0.002054,0.010185,98.19,0.05516,0.77864,2.26386,straight,gentle
MVI_40213,20,36,76,111,864.22,863.97,0.9997,5.69,11.82,25.159,628.98,0.000305,0.000259,0.000626,0.001103,906.71,0.15899,0.29831,0.44632,straight,straight
MVI_40213,21,31,91,121,831.27,826.41,0.9941,20.88,23.76,29.111,727.77,0.000685,0.000617,0.001536,0.0022,454.62,0.44382,0.63199,0.71883,curved,gentle
MVI_40213,22,31,111,141,850.73,849.57,0.9986,1.16,27.66,28.779,719.48,0.001034,0.00033,0.002887,0.006577,152.04,0.21142,1.2077,1.93512,straight,straight
MVI_40213,23,51,111,161,863.88,863.66,0.9997,10.61,17.5,17.306,432.64,0.000652,0.000187,0.001756,0.007488,133.55,0.09135,0.48107,1.2649,straight,gentle
MVI_40213,24,26,116,141,754.57,750.82,0.995,31.6,31.6,32.212,805.31,0.001931,0.000503,0.004331,0.020869,47.92,0.3818,1.37209,3.94299,curved,gentle
MVI_40213,25,36,121,156,832.05,831.91,0.9998,3.23,11.42,24.89,622.25,0.000605,0.000183,0.000938,0.008963,111.56,0.11065,0.26791,1.21367,straight,straight
MVI_40213,26,6,131,136,130.77,130.75,0.9999,1.12,3.76,25.538,638.45,0.000562,0.00053,0.000747,0.000828,1207.52,0.33956,0.44301,0.47495,unknown,unknown
MVI_40213,27,41,146,186,875.28,875.16,0.9999,10.88,13.22,22.373,559.32,0.00097,9.6e-05,0.001384,0.019299,51.82,0.05927,0.3904,2.26224,straight,gentle
MVI_40213,28,46,156,201,829.06,828.99,0.9999,2.69,6.52,17.952,448.79,0.000197,0.000187,0.00036,0.000499,2004.89,0.08621,0.14027,0.20457,straight,straight
MVI_40213,29,6,166,171,76.9,76.9,1.0,0.0,0.01,15.38,384.5,3e-06,3e-06,3e-06,3e-06,285898.04,0.00124,0.00134,0.00134,unknown,unknown
MVI_40213,30,41,186,226,842.22,842.16,0.9999,1.57,3.91,21.004,525.11,9.8e-05,9.7e-05,0.000176,0.000271,3694.17,0.04627,0.09071,0.15544,straight,straight
MVI_40213,31,6,206,211,73.87,73.87,1.0,0.0,0.01,14.775,369.37,2e-06,2e-06,3e-06,3e-06,313563.2,0.00059,0.00118,0.00118,unknown,unknown
MVI_40213,32,46,216,261,896.79,896.71,0.9999,3.44,12.51,20.168,504.19,0.000912,0.000111,0.000867,0.021893,45.68,0.04937,0.26394,1.91188,straight,straight
MVI_40213,33,21,226,246,599.85,596.34,0.9941,19.98,19.98,33.198,829.94,0.000775,0.000612,0.001204,0.003225,310.11,0.39394,0.82709,0.85615,straight,gentle
MVI_40213,34,21,236,256,741.89,738.33,0.9952,19.74,19.74,40.185,1004.61,0.000641,0.000593,0.001367,0.002762,362.02,0.47964,0.83664,1.2733,straight,gentle
MVI_40213,35,31,236,266,827.32,827.0,0.9996,12.86,14.82,29.249,731.23,0.000709,0.000151,0.001931,0.007059,141.65,0.10723,0.71819,1.70456,straight,gentle
MVI_40213,36,46,241,286,886.04,885.71,0.9996,6.75,11.59,20.302,507.55,0.000263,0.000169,0.000538,0.001075,930.18,0.103,0.30712,0.49312,straight,straight
MVI_40213,37,1,246,246,0.0,0.0,,,,0.0,0.0,,,,,,,,,unknown,unknown
MVI_40213,38,51,251,301,874.6,874.49,0.9999,3.92,9.28,17.274,431.86,0.000357,0.000108,0.000786,0.003477,287.59,0.0587,0.21594,0.58201,straight,straight
MVI_40213,39,46,251,296,878.73,878.42,0.9997,16.24,19.94,20.708,517.69,0.001254,9.8e-05,0.002754,0.021836,45.79,0.05834,0.6681,2.66556,straight,gentle
MVI_40213,40,26,266,291,834.45,830.7,0.9955,22.63,25.31,36.88,921.99,0.001026,0.000485,0.002281,0.008665,115.41,0.41849,0.89471,2.19047,curved,gentle
MVI_40213,41,31,271,301,848.51,848.05,0.9995,7.67,17.39,28.806,720.14,0.000766,0.000152,0.00217,0.006909,144.75,0.1157,0.79199,1.73853,straight,straight
MVI_40213,42,6,276,281,97.01,97.01,1.0,0.0,0.0,19.401,485.03,0.0,0.0,0.0,0.0,5324184.33,9e-05,9e-05,9e-05,unknown,unknown
MVI_40213,43,56,301,356,913.11,912.95,0.9998,2.11,10.43,16.927,423.17,0.000376,0.000164,0.000577,0.006608,151.34,0.06186,0.2026,0.42616,straight,straight
MVI_40213,44,41,316,356,887.22,886.94,0.9997,8.92,14.76,21.818,545.45,0.000517,0.000137,0.001587,0.004606,217.12,0.09112,0.56973,1.15924,straight,straight
MVI_40213,45,41,316,356,861.42,861.32,0.9999,1.67,6.92,21.774,544.36,0.000388,0.000109,0.000481,0.006684,149.62,0.06419,0.15893,0.77039,straight,straight
MVI_40213,46,21,326,346,735.52,733.09,0.9967,18.3,18.3,39.861,996.51,0.000577,0.000407,0.001139,0.002459,406.65,0.34734,0.61643,1.02992,straight,gentle
MVI_40213,47,51,341,391,870.3,870.23,0.9999,1.34,6.49,17.858,446.45,0.000187,0.000172,0.00034,0.000797,1255.18,0.0675,0.13088,0.16181,straight,straight
MVI_40213,48,6,346,351,80.37,80.37,1.0,0.0,0.01,16.073,401.83,2e-06,2e-06,3e-06,3e-06,293004.42,0.00069,0.00137,0.00137,unknown,unknown
MVI_40213,49,36,351,386,879.18,877.95,0.9986,13.56,30.77,26.078,651.95,0.001407,0.000213,0.003508,0.013819,72.37,0.18355,1.18409,2.60915,straight,gentle
MVI_40213,50,21,356,376,785.37,782.22,0.996,17.86,17.86,40.926,1023.16,0.000544,0.000455,0.001092,0.002328,429.6,0.41167,0.67896,1.02414,straight,gentle
MVI_40213,51,41,366,406,874.82,873.92,0.999,22.5,27.15,23.199,579.98,0.001632,0.000109,0.003312,0.02727,36.67,0.06418,0.94824,3.86638,curved,gentle
MVI_40213,52,6,376,381,66.75,66.75,1.0,0.0,0.01,13.351,333.77,2e-06,2e-06,5e-06,5e-06,204116.49,0.00082,0.00164,0.00164,unknown,unknown
MVI_40213,53,21,376,396,757.0,754.59,0.9968,14.32,14.32,41.369,1034.23,0.000403,0.000385,0.000744,0.001415,706.54,0.34856,0.61721,0.70664,straight,gentle
MVI_40213,54,36,376,411,901.39,900.4,0.9989,22.53,25.02,26.088,652.19,0.001339,8.4e-05,0.003193,0.018815,53.15,0.06656,1.06846,3.50139,curved,gentle
MVI_40213,55,41,381,421,900.02,899.91,0.9999,0.15,9.22,22.494,562.36,0.000278,0.000216,0.000499,0.001521,657.44,0.11042,0.22656,0.30494,straight,straight
MVI_40213,56,51,381,431,875.86,875.49,0.9996,0.15,11.97,16.998,424.94,0.000343,0.000249,0.000963,0.001564,639.27,0.07983,0.41192,0.66082,straight,straight
MVI_40213,57,41,386,426,907.22,907.12,0.9999,1.78,5.95,22.779,569.47,0.000123,0.000112,0.000219,0.000328,3052.3,0.06397,0.12945,0.20068,straight,straight
MVI_40213,58,6,391,396,92.77,92.73,0.9996,4.19,4.19,17.995,449.87,0.00062,0.000449,0.001411,0.001631,613.12,0.25611,0.69091,0.76293,unknown,unknown
MVI_40213,59,31,406,436,853.3,853.08,0.9997,5.65,12.37,28.828,720.71,0.000492,9.9e-05,0.001228,0.004464,224.03,0.08438,0.52338,1.23717,straight,straight
MVI_40213,60,21,426,446,678.31,673.46,0.9929,32.17,32.17,36.285,907.12,0.001547,0.000686,0.003887,0.010264,97.43,0.58239,1.64589,3.14427,curved,gentle
MVI_40213,61,66,426,491,917.11,916.92,0.9998,6.85,25.2,14.347,358.66,0.001703,0.000282,0.00188,0.052499,19.05,0.10984,0.386,3.0742,straight,straight
MVI_40213,62,41,436,476,869.83,869.29,0.9994,11.55,21.07,22.807,570.16,0.001399,0.000222,0.002053,0.025008,39.99,0.1029,0.5416,2.86748,straight,gentle
MVI_40213,63,31,441,471,862.88,862.27,0.9993,6.95,17.76,29.027,725.66,0.000621,0.000276,0.001382,0.004023,248.58,0.208,0.61241,1.2485,straight,straight
MVI_40213,64,31,456,486,888.7,888.49,0.9998,0.49,9.41,29.684,742.11,0.000259,0.000133,0.000546,0.00131,763.23,0.09558,0.29947,0.42279,straight,straight
MVI_40213,65,6,461,466,87.48,87.48,1.0,0.0,0.0,17.496,437.4,0.0,0.0,0.0,0.0,23427166.74,1e-05,2e-05,2e-05,unknown,unknown
MVI_40213,66,41,461,501,855.85,855.63,0.9997,10.56,11.65,22.269,556.72,0.000771,7.9e-05,0.001192,0.014599,68.5,0.04534,0.32909,1.74869,straight,gentle
MVI_40213,67,21,466,486,740.55,732.05,0.9885,40.3,40.3,40.337,1008.43,0.001584,0.000443,0.0047,0.008724,114.63,0.44636,2.55085,3.85279,curved,gentle
MVI_40213,68,41,481,521,872.96,872.88,0.9999,5.22,7.13,22.426,560.66,0.00028,0.000106,0.000571,0.003624,275.93,0.06165,0.24423,0.40155,straight,straight
MVI_40213,69,17,480,496,310.19,291.31,0.9392,5.59,54.17,17.061,426.53,0.009568,0.002917,0.025744,0.06326,15.81,1.24368,4.77781,8.49265,curved,straight
MVI_40213,70,31,486,516,878.2,877.52,0.9992,13.19,19.63,29.689,742.22,0.000907,0.000108,0.002212,0.010898,91.76,0.09584,0.88923,2.57431,straight,gentle
MVI_40213,71,21,496,516,691.75,687.36,0.9937,30.54,30.54,36.691,917.27,0.001463,0.000588,0.003247,0.010476,95.46,0.5396,1.31029,2.86071,curved,gentle
MVI_40213,72,51,511,561,881.23,881.06,0.9998,3.16,9.95,17.364,434.1,0.000226,0.000218,0.000402,0.000668,1496.17,0.08285,0.20659,0.25667,straight,straight
MVI_40213,73,31,516,546,885.72,884.82,0.999,22.24,27.68,31.101,777.54,0.001176,0.00035,0.002803,0.011411,87.64,0.28005,1.11389,2.54347,curved,gentle
MVI_40213,74,21,526,546,690.33,687.45,0.9958,20.76,21.5,36.476,911.9,0.000946,0.000563,0.002077,0.006463,154.74,0.44821,0.94513,2.01427,curved,gentle
MVI_40213,75,41,526,566,898.1,898.05,0.9999,1.07,4.71,22.229,555.72,0.000122,9.6e-05,0.000225,0.000565,1770.1,0.05742,0.10007,0.14305,straight,straight
MVI_40213,76,41,536,576,874.0,873.91,0.9999,1.4,9.11,21.764,544.11,0.000253,0.000223,0.000496,0.000834,1199.59,0.10746,0.21015,0.34647,straight,straight
MVI_40213,77,46,546,591,915.28,915.06,0.9998,5.88,10.7,20.303,507.57,0.000258,7.2e-05,0.00064,0.002851,350.72,0.04042,0.35815,0.97204,straight,straight
MVI_40213,78,56,546,601,906.93,906.75,0.9998,9.14,17.46,16.59,414.74,0.00099,0.000108,0.002345,0.015336,65.21,0.04737,0.43151,1.60634,straight,straight
MVI_40213,79,6,546,551,131.39,131.39,1.0,0.81,0.82,26.481,662.01,0.000106,9.7e-05,0.000221,0.000231,4329.79,0.06378,0.13861,0.14274,unknown,unknown
MVI_40213,80,66,556,621,904.89,904.2,0.9992,24.61,32.09,13.663,341.58,0.001287,0.000341,0.002488,0.022416,44.61,0.12942,0.5643,2.58428,curved,gentle
MVI_40213,81,26,561,586,841.75,837.95,0.9955,27.76,29.9,36.63,915.75,0.001523,0.000443,0.003138,0.017009,58.79,0.37092,1.232,3.8325,curved,gentle
MVI_40213,82,31,566,596,861.01,860.49,0.9994,15.07,17.58,30.371,759.28,0.000873,0.000113,0.002484,0.009007,111.02,0.10018,0.88716,2.09389,straight,gentle
MVI_40213,83,41,566,606,839.07,839.04,1.0,0.44,3.64,22.266,556.64,0.000116,8.9e-05,0.000207,0.00085,1176.4,0.046,0.09292,0.134,straight,straight
MVI_40213,84,46,576,621,881.36,881.19,0.9998,8.96,15.9,20.527,513.18,0.000955,0.000145,0.001443,0.018612,53.73,0.08519,0.35651,1.96877,straight,straight
MVI_40213,85,66,586,651,882.52,882.39,0.9998,6.75,15.75,13.235,330.87,0.000443,0.000272,0.000895,0.003229,309.69,0.09582,0.24944,0.57072,straight,straight
MVI_40213,86,21,586,606,713.89,711.87,0.9972,9.85,9.85,36.122,903.05,0.000222,4e-05,0.000672,0.000724,1381.21,0.04368,0.59129,0.65381,straight,straight
MVI_40213,87,51,591,641,901.57,901.09,0.9995,17.91,33.03,18.383,459.57,0.002811,0.000317,0.00166,0.084757,11.8,0.15806,0.45308,6.23552,straight,gentle
MVI_40213,88,41,591,631,894.68,894.37,0.9997,6.11,15.25,22.229,555.72,0.000442,0.0002,0.000752,0.004358,229.47,0.1143,0.39188,1.2643,straight,straight
MVI_40213,89,41,596,636,850.37,850.28,0.9999,2.13,6.01,21.414,535.35,0.000172,0.000107,0.000376,0.000636,1571.67,0.06177,0.1705,0.22005,straight,straight
MVI_40213,90,41,611,651,868.49,867.84,0.9993,18.42,24.52,21.943,548.57,0.001276,0.000102,0.003129,0.018765,53.29,0.06689,0.97297,3.21137,straight,gentle
MVI_40213,91,1,611,611,0.0,0.0,,,,0.0,0.0,,,,,,,,,unknown,unknown
MVI_40213,92,31,616,646,835.69,835.27,0.9995,9.68,13.19,27.728,693.2,0.000447,9.3e-05,0.001487,0.002868,348.69,0.07202,0.69523,1.07706,straight,straight
MVI_40213,93,11,621,631,262.54,262.35,0.9993,8.73,8.73,26.235,655.87,0.000771,0.000477,0.001651,0.002479,403.42,0.31264,0.71568,0.9384,unknown,unknown
MVI_40213,94,26,621,646,819.22,813.9,0.9935,34.68,37.78,35.959,898.98,0.001688,0.000418,0.004563,0.014737,67.86,0.36378,1.87081,4.1082,curved,gentle
MVI_40213,95,51,631,681,873.7,873.61,0.9999,3.51,8.57,17.483,437.07,0.000251,0.000161,0.000629,0.001321,757.25,0.07006,0.20043,0.29346,straight,straight
MVI_40213,96,66,636,701,914.1,913.77,0.9996,10.73,16.16,13.627,340.68,0.000419,0.00027,0.000654,0.004931,202.79,0.08939,0.23615,0.92931,straight,gentle
MVI_40213,97,36,656,691,863.09,862.46,0.9993,13.15,25.77,25.184,629.6,0.001335,0.000325,0.002499,0.016856,59.33,0.21934,0.75749,2.72916,straight,gentle
MVI_40213,98,56,661,716,876.28,876.05,0.9997,7.29,14.82,14.63,365.76,0.000553,0.000197,0.000841,0.007908,126.45,0.10948,0.23998,0.72826,straight,straight
MVI_40213,99,46,666,711,898.25,897.97,0.9997,14.69,20.65,20.901,522.51,0.001486,0.000141,0.002101,0.032339,30.92,0.07286,0.55085,3.42392,straight,gentle
MVI_40213,100,21,666,686,777.5,772.49,0.9936,33.17,33.21,42.661,1066.53,0.001561,0.000432,0.004167,0.011611,86.13,0.46103,2.07393,4.10634,curved,gentle
MVI_40213,101,41,681,721,902.42,902.18,0.9997,7.85,14.6,22.81,570.24,0.00042,0.000251,0.001021,0.001808,553.16,0.15736,0.34256,0.57389,straight,straight
MVI_40213,102,41,691,731,888.57,887.54,0.9988,12.29,12.93,23.021,575.53,0.000388,0.0001,0.001464,0.002182,458.39,0.06342,0.42692,0.72932,straight,gentle
MVI_40213,103,61,711,771,923.0,922.68,0.9997,8.39,19.07,15.712,392.81,0.000549,0.000209,0.001163,0.006593,151.68,0.09051,0.27257,1.48679,straight,straight
MVI_40213,104,76,716,791,902.07,901.16,0.999,8.27,24.75,12.289,307.23,0.000727,0.000458,0.001733,0.004055,246.63,0.11424,0.3585,0.68181,straight,straight
MVI_40213,105,36,716,751,846.54,845.09,0.9983,21.56,28.95,24.905,622.62,0.001435,0.000188,0.004093,0.015212,65.74,0.14615,1.18708,2.85652,curved,gentle
MVI_40213,106,66,741,806,921.09,920.81,0.9997,12.51,26.32,14.019,350.48,0.001249,0.00035,0.002247,0.024288,41.17,0.1367,0.44848,1.95882,straight,gentle
MVI_40213,107,46,751,796,908.6,907.99,0.9993,0.53,32.86,20.285,507.13,0.001738,0.000211,0.004332,0.026332,37.98,0.11286,1.11626,3.01357,straight,straight
MVI_40213,108,21,751,771,614.88,611.19,0.994,30.5,30.5,33.392,834.79,0.001682,0.000635,0.004097,0.011991,83.39,0.49719,1.56334,3.19872,curved,gentle
MVI_40213,109,31,751,781,852.28,851.63,0.9992,14.08,15.78,29.065,726.64,0.000693,3.8e-05,0.002007,0.007226,138.38,0.03078,0.83753,1.96756,straight,gentle
MVI_40213,110,51,761,811,785.23,785.08,0.9998,3.91,10.08,15.724,393.09,0.000306,0.000178,0.000651,0.001248,801.15,0.07973,0.18879,0.26561,straight,straight
MVI_40213,111,61,766,826,889.01,888.46,0.9994,3.51,29.47,14.971,374.28,0.001162,0.000441,0.001355,0.01951,51.26,0.18058,0.42017,1.87912,straight,straight
MVI_40213,112,41,771,811,846.15,845.47,0.9992,22.01,27.06,22.082,552.05,0.002149,0.000309,0.002705,0.043766,22.85,0.16941,0.66557,4.25786,curved,gentle
MVI_40213,113,36,771,806,905.19,903.95,0.9986,3.65,26.49,26.635,665.88,0.000948,0.000355,0.002459,0.007118,140.49,0.26121,0.79759,1.38104,straight,straight
MVI_40213,114,41,776,816,851.47,850.34,0.9987,23.48,32.74,21.19,529.74,0.001728,0.000137,0.004729,0.022302,44.84,0.08291,1.3493,3.79428,curved,gentle
MVI_40213,115,21,781,801,631.81,627.86,0.9938,25.58,25.58,32.802,820.06,0.001248,0.000843,0.00271,0.007729,129.39,0.5322,1.02326,2.05783,curved,gentle
MVI_40213,116,51,786,836,881.36,881.24,0.9999,7.02,10.29,17.208,430.21,0.00032,9.9e-05,0.00129,0.002108,474.44,0.05396,0.38077,0.52819,straight,straight
MVI_40213,117,31,796,826,880.66,876.74,0.9955,3.29,25.64,28.849,721.22,0.000653,0.000563,0.001061,0.002561,390.52,0.3824,0.64019,1.19244,straight,straight
MVI_40213,118,36,801,836,933.57,932.48,0.9988,19.47,22.38,27.398,684.96,0.001,9.9e-05,0.003238,0.010096,99.05,0.0799,1.04938,2.24488,straight,gentle
MVI_40213,119,46,806,851,913.95,912.5,0.9984,29.3,34.9,20.111,502.77,0.001659,0.000144,0.003982,0.025078,39.87,0.08323,1.17011,4.00324,curved,gentle
MVI_40213,120,6,811,816,150.55,150.54,1.0,0.31,2.11,29.373,734.32,0.000275,0.000271,0.000321,0.000332,3012.67,0.19921,0.2228,0.22643,unknown,unknown
MVI_40213,121,46,831,876,874.1,873.86,0.9997,8.02,15.81,19.236,480.9,0.000605,0.000166,0.001411,0.007836,127.62,0.08465,0.44052,1.38505,straight,straight
MVI_40213,122,41,831,871,866.33,866.23,0.9999,0.24,5.38,21.136,528.41,0.000128,8e-05,0.00033,0.000424,2361.02,0.03538,0.17477,0.21667,straight,straight
MVI_40213,123,31,836,866,883.62,882.2,0.9984,19.29,27.65,29.369,734.23,0.001288,0.000155,0.003232,0.013709,72.95,0.11929,1.23851,3.24517,straight,gentle
MVI_40213,124,21,841,861,700.97,698.77,0.9969,17.78,18.21,38.047,951.17,0.000666,0.000465,0.001629,0.003411,293.14,0.44277,0.88331,1.44601,straight,gentle
MVI_40213,125,6,841,846,115.68,115.68,1.0,1.28,1.29,23.335,583.37,0.000191,0.000173,0.0004,0.000421,2377.8,0.0996,0.21975,0.22712,unknown,unknown
MVI_40213,126,46,851,896,882.72,882.58,0.9998,0.56,10.77,20.071,501.78,0.000283,0.000219,0.000407,0.001858,538.13,0.11268,0.18823,0.33264,straight,straight
MVI_40213,127,46,856,901,852.18,851.98,0.9998,1.85,13.9,18.901,472.52,0.000364,0.000263,0.001105,0.001158,863.27,0.14397,0.38734,0.3998,straight,straight
MVI_40213,128,51,856,906,899.01,898.76,0.9997,2.76,19.02,18.468,461.7,0.000934,0.000256,0.001007,0.018958,52.75,0.11806,0.35884,1.94127,straight,straight
MVI_40213,129,41,876,916,878.82,878.6,0.9998,5.82,11.07,22.303,557.58,0.000357,0.000156,0.001001,0.002311,432.66,0.08137,0.36804,0.6429,straight,straight
MVI_40213,130,31,886,916,862.05,861.64,0.9995,9.21,10.96,29.617,740.42,0.000501,0.000121,0.001044,0.004834,206.86,0.10134,0.35978,0.99925,straight,straight
MVI_40213,131,51,891,941,877.47,877.36,0.9999,5.26,9.38,18.113,452.82,0.000303,0.000132,0.000616,0.003074,325.3,0.06282,0.17388,0.50793,straight,straight
MVI_40213,132,16,896,911,501.68,501.66,1.0,0.06,3.09,36.58,914.5,0.00022,8.9e-05,0.000447,0.001577,633.98,0.0905,0.16912,0.39773,straight,straight
MVI_40213,133,26,901,926,848.75,843.16,0.9934,35.92,40.78,36.387,909.67,0.001985,0.000601,0.004867,0.019887,50.28,0.4715,1.92402,4.95043,curved,gentle
MVI_40213,134,31,916,946,885.87,885.32,0.9994,7.12,18.56,28.971,724.27,0.000616,0.000188,0.001357,0.00505,198.04,0.1622,0.69015,1.90269,straight,straight
MVI_40213,135,56,926,981,924.78,924.24,0.9994,3.42,31.2,17.435,435.87,0.001817,0.000213,0.003144,0.044738,22.35,0.08872,0.78684,3.5748,straight,straight
MVI_40213,136,26,931,956,854.45,849.75,0.9945,30.45,35.57,35.709,892.72,0.001583,0.000439,0.003696,0.015223,65.69,0.40603,1.56462,4.04641,curved,gentle
MVI_40213,137,36,936,971,855.76,855.67,0.9999,1.02,5.72,25.125,628.13,0.000189,0.000117,0.00047,0.000821,1218.6,0.07864,0.21753,0.2697,straight,straight
MVI_40213,138,46,936,981,863.01,862.88,0.9999,2.44,8.86,18.954,473.86,0.000249,0.000207,0.000668,0.00092,1086.64,0.10093,0.23563,0.29186,straight,straight
MVI_40213,139,11,941,951,230.18,230.17,1.0,0.65,0.65,23.017,575.44,6.8e-05,4e-05,0.00015,0.000234,4270.32,0.02289,0.05535,0.07463,unknown,unknown
MVI_40213,140,46,946,991,908.01,907.85,0.9998,4.69,12.08,19.764,494.11,0.000429,0.000115,0.00106,0.004334,230.74,0.0635,0.33767,0.85994,straight,straight
MVI_40213,141,31,951,981,841.91,841.25,0.9992,12.53,19.95,30.04,751.0,0.000989,0.000189,0.002381,0.010741,93.1,0.14339,0.78893,2.15413,straight,gentle
MVI_40213,142,51,956,1006,846.64,846.58,0.9999,3.59,5.87,16.934,423.36,0.00016,8.8e-05,0.000592,0.000743,1346.3,0.03445,0.17514,0.20028,straight,straight
MVI_40213,143,1,966,966,0.0,0.0,,,,0.0,0.0,,,,,,,,,unknown,unknown
MVI_40213,144,21,971,991,765.81,762.91,0.9962,13.95,16.03,41.448,1036.2,0.000431,0.000447,0.000823,0.001143,874.86,0.33499,0.7082,0.79112,straight,gentle
MVI_40213,145,51,976,1026,904.21,903.89,0.9996,12.02,15.87,17.601,440.03,0.000488,0.000191,0.000703,0.006548,152.72,0.09771,0.33158,1.46838,straight,gentle
MVI_40213,146,41,996,1036,896.88,896.76,0.9999,0.83,11.6,22.309,557.72,0.000372,0.000163,0.001097,0.001881,531.67,0.09347,0.37114,0.64249,straight,straight
MVI_40213,147,41,996,1036,900.28,899.95,0.9996,15.71,17.29,23.21,580.25,0.000898,7.7e-05,0.001426,0.014557,68.69,0.03938,0.53993,1.88692,straight,gentle
MVI_40213,148,6,1011,1016,100.22,100.19,0.9998,3.22,3.22,19.563,489.07,0.000454,0.00035,0.001012,0.001139,877.81,0.20772,0.53018,0.57473,unknown,unknown
MVI_40213,149,26,1011,1036,820.72,817.39,0.9959,26.2,26.2,36.545,913.63,0.001059,0.000378,0.002812,0.007477,133.74,0.34814,1.07487,2.06991,curved,gentle
MVI_40213,150,36,1036,1071,871.38,871.27,0.9999,2.18,4.96,25.367,634.17,0.000109,0.000113,0.0002,0.000246,4067.61,0.06294,0.11571,0.13742,straight,straight
MVI_40213,151,26,1046,1071,846.75,844.97,0.9979,9.65,21.95,34.842,871.04,0.000902,0.000432,0.00142,0.008439,118.5,0.35796,0.72122,1.79323,straight,straight
MVI_40213,152,6,1051,1056,92.62,92.62,1.0,0.0,0.01,18.525,463.12,2e-06,2e-06,2e-06,2e-06,496622.25,0.00093,0.00093,0.00093,unknown,unknown
MVI_40213,153,51,1051,1101,897.51,897.25,0.9997,2.32,12.26,18.239,455.98,0.000348,0.00022,0.000751,0.002928,341.53,0.10534,0.23954,0.35258,straight,straight
MVI_40213,154,51,1061,1111,932.68,932.47,0.9998,5.32,15.35,18.749,468.72,0.000719,0.000183,0.000669,0.015192,65.82,0.09776,0.19935,1.51778,straight,straight
MVI_40213,155,6,1081,1086,94.61,94.61,1.0,0.0,0.01,18.922,473.04,1e-06,1e-06,2e-06,2e-06,508054.65,0.00054,0.00093,0.00093,unknown,unknown
MVI_40213,156,21,1086,1106,721.06,716.11,0.9931,31.72,31.72,40.143,1003.56,0.0016,0.000674,0.003981,0.011855,84.35,0.6768,1.70835,3.53624,curved,gentle
MVI_40213,157,46,1086,1131,867.45,867.3,0.9998,6.24,13.04,20.399,509.99,0.000798,9e-05,0.001921,0.012547,79.7,0.04856,0.42782,1.49885,straight,straight
MVI_40213,158,46,1096,1141,874.15,873.95,0.9998,9.54,12.12,20.125,503.12,0.000391,0.000145,0.001113,0.003583,279.09,0.07714,0.36858,0.80474,straight,straight
MVI_40213,159,36,1101,1136,869.83,869.53,0.9997,5.19,10.58,25.818,645.46,0.000334,0.000249,0.000585,0.002233,447.83,0.12768,0.3027,0.52069,straight,straight
MVI_40213,160,26,1101,1126,806.41,806.16,0.9997,6.83,6.83,33.408,835.2,0.000231,9.4e-05,0.00063,0.001564,639.47,0.08251,0.3136,0.57654,straight,straight
MVI_40213,161,1,1106,1106,0.0,0.0,,,,0.0,0.0,,,,,,,,,unknown,unknown
MVI_40213,162,31,1136,1166,880.6,879.47,0.9987,8.95,27.23,29.487,737.18,0.001182,0.000277,0.002562,0.010804,92.56,0.25338,1.14411,2.40344,straight,straight
MVI_40213,163,6,1171,1176,77.0,77.0,1.0,0.0,0.01,15.399,384.98,1e-06,1e-06,3e-06,3e-06,339916.64,0.00057,0.00113,0.00113,unknown,unknown
MVI_40213,164,26,1176,1201,822.31,822.18,0.9998,0.41,6.42,33.999,849.97,0.000165,0.00013,0.000313,0.000461,2168.91,0.11117,0.21859,0.26757,straight,straight
MVI_40213,165,21,1181,1201,675.54,671.21,0.9936,32.02,32.02,37.586,939.64,0.001783,0.00067,0.004024,0.014894,67.14,0.60983,1.63781,3.91891,curved,gentle
MVI_40213,166,41,1181,1221,864.42,864.33,0.9999,4.51,5.74,22.729,568.23,0.000165,9.2e-05,0.000288,0.001499,667.25,0.04795,0.16911,0.2069,straight,straight
MVI_40213,167,61,1181,1241,897.31,897.02,0.9997,1.87,17.45,15.16,379.01,0.000686,0.000256,0.00118,0.011854,84.36,0.09595,0.39613,0.93618,straight,straight
MVI_40213,168,41,1206,1246,876.18,876.07,0.9999,3.9,6.67,23.202,580.04,0.000277,0.0001,0.000417,0.003482,287.2,0.05964,0.13122,0.51489,straight,straight
MVI_40213,169,26,1211,1236,806.9,806.84,0.9999,4.23,5.07,33.374,834.34,0.000146,0.000106,0.00032,0.000576,1737.51,0.08334,0.17572,0.25157,straight,straight
MVI_40213,170,21,1226,1246,704.93,701.03,0.9945,32.26,32.26,39.857,996.43,0.001687,0.00047,0.004168,0.013893,71.98,0.44118,1.88606,4.20871,curved,gentle
MVI_40213,171,36,1236,1271,882.11,882.02,0.9999,1.73,6.12,24.802,620.06,0.000143,0.000112,0.000246,0.000364,2747.56,0.07013,0.14357,0.23547,straight,straight
MVI_40213,172,31,1241,1271,865.92,865.05,0.999,13.01,21.55,29.773,744.33,0.001,0.000241,0.002075,0.011321,88.33,0.19559,0.77874,2.41321,straight,gentle
MVI_40213,173,26,1261,1286,831.38,827.09,0.9948,19.94,20.04,37.658,941.45,0.000606,0.000514,0.001125,0.003134,319.13,0.40504,0.58906,0.92464,straight,gentle
MVI_40213,174,6,1271,1276,67.26,67.26,1.0,0.0,0.01,13.453,336.31,2e-06,2e-06,5e-06,5e-06,217348.04,0.00077,0.00155,0.00155,unknown,unknown
MVI_40213,175,36,1291,1326,876.04,875.88,0.9998,3.99,8.86,24.695,617.37,0.000206,0.000198,0.000333,0.00058,1723.0,0.11149,0.2169,0.26982,straight,straight
MVI_40213,176,31,1291,1321,848.66,847.84,0.999,12.41,21.48,28.756,718.9,0.000992,0.000226,0.002389,0.00937,106.73,0.16056,0.86864,2.16005,straight,gentle
MVI_40213,177,51,1296,1346,904.0,903.87,0.9998,5.6,11.04,17.943,448.58,0.000293,0.000248,0.00048,0.001798,556.11,0.10576,0.17517,0.38401,straight,straight
MVI_40213,178,26,1301,1326,837.36,833.15,0.995,24.51,28.48,36.911,922.77,0.001029,0.000358,0.002672,0.006392,156.45,0.34229,1.16663,2.09254,curved,gentle
MVI_40213,179,31,1321,1351,838.74,837.8,0.9989,18.93,20.94,29.337,733.43,0.000988,0.000168,0.002458,0.01007,99.3,0.13995,0.87647,2.24418,straight,gentle
MVI_40213,180,46,1321,1366,918.34,918.07,0.9997,0.5,14.84,21.104,527.6,0.000534,0.000228,0.001121,0.006349,157.49,0.10609,0.35483,0.94313,straight,straight
MVI_40213,181,36,1326,1361,863.27,863.19,0.9999,1.75,5.95,24.893,622.32,0.000189,0.000108,0.000341,0.000996,1004.22,0.07245,0.15851,0.24784,straight,straight
MVI_40213,182,6,1326,1331,74.97,74.97,1.0,0.0,0.0,14.994,374.85,0.0,0.0,0.0,0.0,2106567.94,0.00018,0.00018,0.00018,unknown,unknown
MVI_40213,183,26,1326,1351,810.49,805.18,0.9934,27.07,29.19,35.639,890.96,0.001144,0.000595,0.002769,0.008126,123.05,0.48796,1.04535,2.15116,curved,gentle
MVI_40213,184,31,1366,1396,865.06,863.97,0.9987,18.43,23.09,29.426,735.65,0.001111,0.000176,0.00252,0.013211,75.69,0.12971,1.03785,3.13207,straight,gentle
MVI_40213,185,41,1366,1406,917.32,917.04,0.9997,14.69,19.06,23.381,584.52,0.001201,8.6e-05,0.002231,0.021376,46.78,0.05609,0.65451,2.9524,straight,gentle
MVI_40213,186,31,1376,1406,824.96,821.46,0.9958,11.66,21.42,27.727,693.18,0.000516,0.000506,0.000905,0.000961,1041.12,0.2438,0.60795,0.70389,straight,gentle
MVI_40213,187,36,1406,1441,912.27,910.86,0.9984,13.21,23.91,26.775,669.38,0.000926,0.000189,0.002494,0.005924,168.81,0.1384,0.77207,1.37643,straight,gentle
MVI_40213,188,11,1406,1416,213.49,212.25,0.9942,22.32,22.32,21.225,530.64,0.001995,0.001735,0.00334,0.003946,253.44,0.9209,1.42496,1.59226,unknown,unknown
MVI_40213,189,36,1411,1446,876.2,875.98,0.9997,6.74,10.97,25.458,636.46,0.000446,0.000123,0.001092,0.004906,203.84,0.0776,0.40198,1.09799,straight,straight
MVI_40213,190,41,1446,1486,829.38,829.3,0.9999,4.61,5.53,20.392,509.8,0.000165,7.1e-05,0.000581,0.000752,1330.06,0.0454,0.21583,0.25625,straight,straight
MVI_40213,191,1,1446,1446,0.0,0.0,,,,0.0,0.0,,,,,,,,,unknown,unknown
MVI_40213,192,26,1451,1476,775.02,771.69,0.9957,15.99,15.99,33.35,833.74,0.000487,0.000507,0.000768,0.002018,495.55,0.32662,0.49799,0.56215,straight,gentle
MVI_40213,193,46,1461,1506,922.4,921.95,0.9995,6.71,17.84,20.088,502.21,0.00053,0.000236,0.001414,0.003413,293.01,0.13126,0.49052,1.202,straight,straight
MVI_40213,194,31,1461,1491,925.27,923.44,0.998,18.16,31.22,31.441,786.03,0.001334,0.00028,0.003456,0.012384,80.75,0.19016,1.32486,3.10231,straight,gentle
MVI_40213,195,36,1471,1506,841.79,841.51,0.9997,9.27,17.91,25.438,635.96,0.001147,0.000272,0.00147,0.019603,51.01,0.19715,0.41662,2.28405,straight,straight
MVI_40213,196,51,1491,1541,871.12,870.89,0.9997,3.87,13.07,17.92,448.01,0.000468,0.000204,0.001543,0.002442,409.51,0.09502,0.29618,0.46516,straight,straight
MVI_40213,197,26,1491,1516,819.56,814.71,0.9941,9.12,26.83,31.3,782.5,0.000661,0.000518,0.001352,0.001689,591.94,0.38195,0.92563,1.07992,straight,straight
MVI_40213,198,41,1506,1546,833.67,833.6,0.9999,1.37,6.06,21.048,526.19,0.00016,0.000112,0.000395,0.000593,1687.61,0.06237,0.1488,0.19502,straight,straight
MVI_40213,199,36,1526,1561,854.79,854.48,0.9996,9.74,13.07,24.444,611.09,0.000608,0.000118,0.001446,0.007273,137.5,0.08635,0.49694,1.4639,straight,straight
MVI_40213,200,21,1531,1551,760.78,757.35,0.9955,22.46,23.45,42.71,1067.76,0.000874,0.000524,0.002144,0.005376,186.02,0.47944,1.1755,2.16953,curved,gentle
MVI_40213,201,26,1536,1561,795.0,793.59,0.9982,20.84,26.28,35.761,894.02,0.001421,0.000178,0.004204,0.012536,79.77,0.17566,1.56892,3.26416,curved,gentle
MVI_40213,202,46,1536,1581,907.6,907.43,0.9998,8.89,12.37,20.229,505.72,0.000429,0.000239,0.001027,0.002874,347.91,0.1203,0.30343,0.68283,straight,straight
MVI_40213,203,76,1541,1616,910.39,908.72,0.9982,3.84,59.01,11.872,296.8,0.001923,0.000765,0.006524,0.009285,107.7,0.28547,0.98632,1.18184,straight,straight
MVI_40213,204,36,1546,1581,836.1,836.02,0.9999,5.54,9.01,25.071,626.77,0.000578,8.6e-05,0.000979,0.009686,103.24,0.05861,0.28112,1.30348,straight,straight
MVI_40213,205,41,1561,1601,705.12,703.57,0.9978,12.25,27.43,18.668,466.71,0.000827,0.000805,0.001502,0.001876,532.92,0.35931,0.60379,0.93203,straight,gentle
MVI_40213,206,36,1566,1601,824.63,824.17,0.9994,10.04,16.9,24.297,607.43,0.000592,0.000188,0.001924,0.004145,241.23,0.12503,0.7019,1.17234,straight,gentle
MVI_40213,207,6,1566,1571,78.22,78.22,1.0,0.0,0.01,15.643,391.07,2e-06,2e-06,2e-06,2e-06,408375.25,0.00096,0.00096,0.00096,unknown,unknown
MVI_40213,208,26,1566,1591,862.96,862.6,0.9996,5.35,11.24,34.565,864.13,0.000348,0.000172,0.00089,0.001915,522.27,0.15142,0.48888,0.81667,straight,straight
MVI_40213,209,61,1586,1646,877.63,877.16,0.9995,27.02,38.02,14.862,371.55,0.003256,0.000312,0.002019,0.108686,9.2,0.12569,0.46328,6.84544,curved,gentle
MVI_40213,210,41,1596,1636,881.35,880.97,0.9996,11.44,15.79,21.851,546.28,0.00067,0.0001,0.001859,0.008143,122.8,0.04893,0.64868,1.73687,straight,gentle
MVI_40213,211,51,1601,1651,884.67,884.61,0.9999,3.78,6.69,18.252,456.3,0.000244,0.000113,0.000397,0.003073,325.38,0.05371,0.10622,0.32296,straight,straight
MVI_40213,212,16,1611,1626,742.24,740.78,0.998,12.98,12.98,50.843,1271.08,0.000337,0.000307,0.000518,0.000714,1400.42,0.36644,0.46963,0.58225,straight,gentle
MVI_40213,213,51,1626,1676,887.38,887.03,0.9996,16.1,24.63,18.439,460.97,0.002031,0.000153,0.001594,0.058191,17.18,0.06907,0.41958,4.6164,straight,gentle
MVI_40213,214,41,1631,1671,858.51,857.61,0.999,22.89,29.46,23.346,583.64,0.001476,0.000164,0.003868,0.018466,54.15,0.08476,1.16602,3.3061,curved,gentle
MVI_40213,215,46,1641,1686,866.52,866.48,0.9999,2.71,5.41,19.184,479.59,0.000149,9.2e-05,0.000302,0.000899,1112.53,0.04469,0.14724,0.32423,straight,straight
MVI_40213,216,9,1648,1656,223.58,223.46,0.9995,10.16,10.16,27.933,698.31,0.002107,0.000438,0.005256,0.012031,83.12,0.30555,1.54584,2.78358,unknown,unknown
MVI_40213,217,41,1656,1696,858.1,857.24,0.999,39.1,42.13,23.074,576.85,0.005616,8.6e-05,0.00389,0.152098,6.57,0.05862,1.01047,11.64102,curved,gentle
MVI_40213,218,56,1661,1716,933.9,933.52,0.9996,3.0,17.16,16.954,423.84,0.000405,0.000292,0.000783,0.00228,438.64,0.12678,0.31642,0.66322,straight,straight
MVI_40213,219,46,1666,1711,874.93,874.82,0.9999,6.72,9.35,19.781,494.53,0.000405,0.000174,0.00059,0.005677,176.15,0.08091,0.20461,0.80261,straight,straight
MVI_40213,220,36,1666,1701,893.57,893.35,0.9998,2.37,10.47,26.573,664.33,0.000455,0.000128,0.001159,0.004274,233.98,0.09579,0.3525,0.84331,straight,straight
MVI_40213,221,36,1686,1721,879.53,879.13,0.9995,8.47,17.8,26.145,653.62,0.000872,0.000174,0.001825,0.01124,88.97,0.11337,0.59856,2.01962,straight,straight
MVI_40213,222,21,1696,1716,827.94,825.24,0.9967,14.93,15.9,44.019,1100.49,0.000451,0.000382,0.000901,0.001887,530.06,0.38339,0.71809,0.93421,straight,gentle
MVI_40213,223,41,1701,1741,880.45,880.3,0.9998,7.79,13.51,22.349,558.71,0.000779,0.000136,0.00136,0.012394,80.68,0.09784,0.39684,1.73101,straight,straight
MVI_40213,224,36,1711,1746,881.05,880.15,0.999,19.42,21.52,25.84,645.99,0.001006,9.6e-05,0.002808,0.011125,89.88,0.07264,0.92224,2.31601,straight,gentle
MVI_40213,225,46,1716,1761,875.53,875.47,0.9999,5.82,8.61,20.354,508.86,0.000536,8.4e-05,0.000579,0.011902,84.02,0.04609,0.14847,1.11919,straight,straight
MVI_40213,226,51,1726,1776,887.07,886.85,0.9998,14.37,18.89,18.364,459.11,0.001385,8e-05,0.002027,0.031892,31.36,0.04181,0.4645,2.9163,straight,gentle
MVI_40213,227,26,1741,1766,837.9,834.88,0.9964,16.66,19.77,36.501,912.53,0.000646,0.000397,0.001417,0.00395,253.16,0.29987,0.65112,1.13534,straight,gentle
MVI_40213,228,6,1751,1756,150.76,150.76,1.0,0.9,0.91,30.353,758.81,0.000102,9.4e-05,0.000211,0.000219,4572.26,0.07076,0.15253,0.15643,unknown,unknown
MVI_40213,229,20,1771,1790,355.54,355.37,0.9995,9.97,9.97,21.109,527.73,0.001002,0.000279,0.002142,0.008537,117.13,0.15676,0.50173,1.26813,straight,straight
MVI_40213,230,15,1776,1790,160.87,160.8,0.9996,4.28,4.78,11.856,296.4,0.000444,0.000386,0.000864,0.000961,1040.62,0.11454,0.28168,0.30252,straight,straight
MVI_40213,231,10,1781,1790,114.04,114.04,1.0,0.07,0.66,12.777,319.43,0.000153,9.6e-05,0.000292,0.000546,1831.01,0.03209,0.05156,0.07884,unknown,unknown
MVI_40241,1,6,1,6,15.28,15.28,1.0,0.01,0.02,3.057,76.42,1.9e-05,1.9e-05,3.1e-05,3.1e-05,32578.57,0.00143,0.00234,0.00235,unknown,unknown
MVI_40241,2,21,1,21,80.16,80.15,0.9998,4.21,7.25,4.049,101.23,0.002129,0.001305,0.004698,0.006126,163.24,0.1364,0.37025,0.4419,straight,straight
MVI_40241,3,31,1,31,146.18,146.11,0.9995,1.65,12.81,4.726,118.15,0.001699,0.001855,0.002609,0.003172,315.3,0.17317,0.39019,0.43395,straight,straight
MVI_40241,4,41,1,41,236.97,236.88,0.9996,1.16,12.21,5.368,134.21,0.001497,0.001094,0.0026,0.005286,189.19,0.1947,0.27232,0.43968,straight,straight
MVI_40241,5,46,1,46,293.0,292.94,0.9998,6.97,13.09,5.119,127.97,0.001653,0.000379,0.00607,0.012027,83.14,0.0869,0.43499,0.68661,straight,straight
MVI_40241,6,46,1,46,459.61,459.22,0.9991,8.03,14.22,8.599,214.97,0.000975,0.000694,0.002344,0.00353,283.29,0.11908,0.41676,0.5997,straight,straight
MVI_40241,7,1,1,1,0.0,0.0,,,,0.0,0.0,,,,,,,,,unknown,unknown
MVI_40241,8,21,1,21,235.56,235.23,0.9986,15.36,17.47,11.871,296.78,0.001963,0.000421,0.005576,0.012499,80.01,0.13792,1.20725,2.06779,straight,gentle
MVI_40241,9,21,1,21,308.02,307.89,0.9996,2.84,7.82,15.655,391.38,0.000543,0.000511,0.000736,0.001548,646.03,0.19483,0.25106,0.32807,straight,straight
MVI_40241,10,21,1,21,328.76,328.32,0.9986,14.43,16.32,15.945,398.63,0.001182,0.000383,0.003234,0.006157,162.43,0.16603,1.06458,1.63539,straight,gentle
MVI_40241,11,21,1,21,266.36,266.33,0.9999,0.58,3.98,13.628,340.69,0.000276,0.000287,0.00042,0.00045,2221.85,0.08973,0.16038,0.16789,straight,straight
MVI_40241,12,56,1,56,486.37,486.07,0.9994,13.09,26.04,8.27,206.74,0.001306,0.000752,0.002528,0.010525,95.01,0.15859,0.46961,1.62839,straight,gentle
MVI_40241,13,61,11,71,593.21,589.94,0.9945,20.91,40.38,7.469,186.72,0.001606,0.001469,0.002951,0.006028,165.9,0.21417,0.86273,1.33789,curved,gentle
MVI_40241,14,61,11,71,639.08,638.16,0.9986,26.49,36.89,9.445,236.13,0.001819,0.000591,0.00707,0.010009,99.91,0.15721,0.90833,1.89064,curved,gentle
MVI_40241,15,56,21,76,463.34,462.59,0.9984,12.53,26.98,6.807,170.18,0.002193,0.000988,0.005963,0.009338,107.09,0.21694,0.47524,0.91101,straight,gentle
MVI_40241,16,56,26,81,556.43,555.71,0.9987,3.67,23.66,8.89,222.26,0.001011,0.000644,0.002503,0.00496,201.63,0.13293,0.52057,0.65469,straight,straight
MVI_40241,17,56,36,91,610.22,609.4,0.9986,10.01,21.37,9.888,247.19,0.000685,0.000558,0.001368,0.002591,385.97,0.12495,0.522,0.96561,straight,gentle
MVI_40241,18,61,36,96,683.38,682.08,0.9981,9.14,24.99,8.204,205.11,0.001219,0.000658,0.003319,0.00577,173.31,0.16882,0.49428,0.69522,straight,straight
MVI_40241,19,56,46,101,527.08,526.57,0.999,14.25,19.12,8.861,221.52,0.000725,0.000268,0.001404,0.007446,134.31,0.06836,0.50418,1.60117,straight,gentle
MVI_40241,20,56,51,106,396.89,396.74,0.9996,5.5,25.0,5.188,129.71,0.002827,0.00078,0.00647,0.029926,33.42,0.16835,0.40672,1.15907,straight,straight
MVI_40241,21,61,56,116,636.38,636.2,0.9997,5.66,14.03,9.207,230.16,0.000593,0.000416,0.001213,0.001845,542.11,0.11476,0.20932,0.26898,straight,straight
MVI_40241,22,61,61,121,651.33,648.23,0.9952,23.46,34.05,7.99,199.74,0.001007,0.000597,0.002241,0.004045,247.2,0.12101,0.99335,1.38353,curved,gentle
MVI_40241,23,61,71,131,420.44,419.61,0.998,8.75,36.45,4.961,124.01,0.002883,0.001822,0.009245,0.011583,86.33,0.24913,0.60213,0.74582,straight,straight
MVI_40241,24,66,76,141,678.54,677.81,0.9989,1.69,20.68,9.353,233.82,0.000761,0.00057,0.001582,0.002443,409.34,0.10987,0.41876,0.60526,straight,straight
MVI_40241,25,56,86,141,527.61,527.46,0.9997,1.76,9.49,9.045,226.12,0.000415,0.000281,0.000944,0.001639,610.15,0.07453,0.17325,0.27521,straight,straight
MVI_40241,26,46,86,131,464.08,463.6,0.999,11.6,14.75,9.811,245.29,0.000516,0.000285,0.001477,0.002237,446.95,0.0795,0.53334,0.70362,straight,gentle
MVI_40241,27,66,91,156,581.79,580.68,0.9981,10.11,18.33,8.403,210.08,0.000631,0.000619,0.001163,0.001872,534.12,0.09657,0.25759,0.66824,straight,gentle
MVI_40241,28,61,111,171,410.77,410.49,0.9993,18.71,30.44,5.547,138.67,0.003828,0.000705,0.016963,0.024379,41.02,0.12768,0.96284,1.31471,straight,gentle
MVI_40241,29,56,116,171,593.33,588.38,0.9916,30.31,44.33,8.101,202.51,0.001984,0.001859,0.004146,0.006586,151.83,0.25386,1.17497,1.66833,curved,gentle
MVI_40241,30,56,131,186,452.62,451.37,0.9972,7.16,36.85,6.658,166.44,0.002857,0.000826,0.011464,0.017386,57.52,0.12246,0.93482,2.05713,straight,straight
MVI_40241,31,46,131,176,475.54,475.3,0.9995,6.95,13.86,10.172,254.29,0.00057,0.000465,0.001243,0.001495,669.03,0.10155,0.4661,0.52718,straight,straight
MVI_40241,32,61,131,191,651.11,650.61,0.9992,7.11,20.09,9.044,226.11,0.001008,0.000527,0.002932,0.005315,188.15,0.12108,0.37512,0.73608,straight,straight
MVI_40241,33,66,136,201,579.86,579.46,0.9993,6.78,15.88,8.145,203.63,0.000791,0.00066,0.001631,0.003071,325.57,0.1132,0.28014,0.36356,straight,straight
MVI_40241,34,51,166,216,528.22,527.62,0.9989,13.28,22.58,9.868,246.71,0.00102,0.000505,0.002054,0.009116,109.7,0.11172,0.58054,1.89182,straight,gentle
MVI_40241,35,61,166,226,497.13,496.68,0.9991,14.42,24.44,7.838,195.95,0.001055,0.000855,0.001935,0.006687,149.55,0.16671,0.31067,0.98969,straight,gentle
MVI_40241,36,51,171,221,436.75,435.4,0.9969,19.72,25.69,6.863,171.59,0.001161,0.000726,0.002883,0.004172,239.67,0.13984,0.80726,1.30402,straight,gentle
MVI_40241,37,51,171,221,649.2,648.43,0.9988,12.48,23.22,9.295,232.38,0.001281,0.000584,0.00327,0.004889,204.54,0.22241,0.4392,0.48906,straight,gentle
MVI_40241,38,56,181,236,631.27,630.61,0.999,14.84,23.64,9.554,238.85,0.00141,0.000411,0.005248,0.006762,147.88,0.16774,0.67001,0.77557,straight,gentle
MVI_40241,39,56,181,236,522.27,522.01,0.9995,1.95,24.5,8.871,221.78,0.001266,0.000702,0.003833,0.005693,175.67,0.16536,0.5386,0.88162,straight,straight
MVI_40241,40,46,181,226,588.84,585.67,0.9946,26.83,38.52,10.237,255.93,0.001923,0.001179,0.005126,0.006073,164.66,0.28482,1.0578,1.54616,curved,gentle
MVI_40241,41,61,201,261,668.99,667.86,0.9983,23.53,28.99,9.971,249.27,0.001216,0.000654,0.003947,0.0059,169.48,0.14747,0.57421,1.50837,curved,gentle
MVI_40241,42,61,211,271,587.73,587.24,0.9992,5.3,17.92,9.137,228.43,0.000834,0.000589,0.001859,0.002954,338.48,0.14845,0.30198,0.53035,straight,straight
MVI_40241,43,51,211,261,458.37,458.15,0.9995,0.87,19.36,8.914,222.85,0.001096,0.000762,0.002663,0.004596,217.59,0.18166,0.37057,0.53315,straight,straight
MVI_40241,44,51,216,266,533.87,533.73,0.9997,0.23,11.87,10.008,250.2,0.000699,0.000316,0.001969,0.002524,396.22,0.09271,0.29715,0.3949,straight,straight
MVI_40241,45,56,226,281,455.14,453.82,0.9971,28.16,44.98,6.166,154.16,0.003709,0.001292,0.012058,0.0214,46.73,0.24172,1.04402,1.53073,curved,gentle
MVI_40241,46,51,241,291,506.0,505.59,0.9992,8.67,20.24,9.757,243.91,0.000929,0.000581,0.001993,0.00446,224.21,0.16115,0.5189,1.09569,straight,straight
MVI_40241,47,61,251,311,651.98,651.31,0.999,11.79,22.77,9.708,242.7,0.000766,0.000485,0.001526,0.00673,148.58,0.10739,0.34785,1.62176,straight,gentle
MVI_40241,48,56,266,321,555.93,555.7,0.9996,4.97,13.34,9.199,229.98,0.000537,0.000388,0.001007,0.002421,413.07,0.0983,0.2065,0.40181,straight,straight
MVI_40241,49,46,286,331,609.04,608.76,0.9995,9.35,20.3,10.106,252.65,0.001542,0.000427,0.004917,0.008037,124.42,0.15309,0.62265,0.81112,straight,straight
MVI_40241,50,61,291,351,638.65,637.62,0.9984,4.75,27.45,9.833,245.83,0.001046,0.000608,0.002602,0.003766,265.53,0.19374,0.41591,0.88773,straight,straight
MVI_40241,51,61,296,356,551.7,551.2,0.9991,5.42,21.63,8.652,216.31,0.001074,0.000956,0.001954,0.002823,354.22,0.21707,0.34127,0.52951,straight,straight
MVI_40241,52,56,296,351,549.16,544.87,0.9922,23.19,36.48,7.13,178.25,0.001157,0.000928,0.002382,0.002736,365.5,0.1599,1.2336,1.50655,curved,gentle
MVI_40241,53,61,316,376,605.53,604.63,0.9985,17.68,24.84,8.842,221.04,0.00083,0.000427,0.001225,0.010363,96.49,0.07173,0.51683,2.21863,straight,gentle
MVI_40241,54,61,326,386,551.43,551.16,0.9995,9.31,17.43,8.428,210.7,0.000826,0.000507,0.002275,0.00255,392.16,0.09903,0.27116,0.42929,straight,straight
MVI_40241,55,46,351,396,497.91,497.74,0.9997,0.89,10.99,10.651,266.27,0.000489,0.000387,0.000943,0.001125,888.85,0.10466,0.27727,0.33922,straight,straight
MVI_40241,56,51,351,401,682.88,680.47,0.9965,15.71,27.5,9.754,243.85,0.000902,0.000784,0.001754,0.003482,287.2,0.13713,0.7821,1.1114,straight,gentle
MVI_40241,57,56,356,411,598.32,598.22,0.9998,4.14,10.42,10.138,253.44,0.000473,0.000405,0.000995,0.001538,650.3,0.10151,0.15236,0.23473,straight,straight
MVI_40241,58,66,356,421,582.43,580.96,0.9975,5.78,20.37,6.711,167.77,0.001267,0.000464,0.003972,0.009237,108.26,0.08042,0.43295,0.79654,straight,straight
MVI_40241,59,66,371,436,507.48,506.45,0.998,13.98,31.76,7.592,189.8,0.001291,0.001041,0.002807,0.004761,210.04,0.20382,0.61699,0.87142,straight,gentle
MVI_40241,60,66,371,436,656.37,655.73,0.999,18.28,25.68,8.673,216.84,0.001103,0.000557,0.003331,0.005178,193.13,0.13119,0.41416,1.2414,straight,gentle
MVI_40241,61,51,376,426,728.26,725.25,0.9959,9.92,25.31,10.667,266.67,0.00086,0.0005,0.002978,0.00437,228.83,0.07867,0.81094,1.07385,straight,straight
MVI_40241,62,51,381,431,540.58,540.35,0.9996,0.95,14.11,10.016,250.4,0.0008,0.000342,0.00228,0.003132,319.24,0.094,0.34971,0.48057,straight,straight
MVI_40241,63,61,381,441,571.15,569.34,0.9968,18.65,30.2,7.478,186.94,0.001834,0.001018,0.005121,0.008055,124.15,0.21303,0.58044,0.68622,straight,gentle
MVI_40241,64,56,386,441,468.82,467.62,0.9974,23.77,43.83,6.708,167.69,0.003759,0.001201,0.014122,0.016173,61.83,0.34294,1.02229,1.07231,curved,gentle
MVI_40241,65,66,396,461,505.53,505.07,0.9991,1.52,19.88,7.551,188.78,0.00078,0.000636,0.001581,0.003376,296.21,0.10444,0.39664,0.5667,straight,straight
MVI_40241,66,41,386,426,336.68,336.62,0.9998,4.3,12.35,6.134,153.35,0.001452,0.00059,0.005123,0.006274,159.4,0.12605,0.42312,0.48433,straight,straight
MVI_40241,67,51,401,451,436.74,435.63,0.9975,10.67,24.05,6.744,168.61,0.001769,0.000995,0.004492,0.006077,164.55,0.2515,0.44386,0.52402,straight,gentle
MVI_40241,68,61,421,481,694.14,692.13,0.9971,13.11,35.47,8.481,212.02,0.001625,0.001007,0.003561,0.008268,120.95,0.19575,0.73111,1.35314,straight,gentle
MVI_40241,69,51,426,476,509.64,509.25,0.9992,8.7,10.56,9.429,235.72,0.000328,0.000233,0.000861,0.001098,910.63,0.05851,0.35019,0.41185,straight,straight
MVI_40241,70,61,441,501,407.96,407.93,0.9999,1.76,11.12,5.387,134.69,0.00116,0.000523,0.003127,0.007443,134.36,0.07509,0.20162,0.3079,straight,straight
MVI_40241,71,56,446,501,596.6,596.06,0.9991,15.32,19.34,9.886,247.15,0.000714,0.000234,0.00173,0.005538,180.57,0.0606,0.46587,1.49395,straight,gentle
MVI_40241,72,61,456,516,636.39,635.75,0.999,5.07,26.66,8.803,220.08,0.001267,0.000887,0.003246,0.005175,193.23,0.17487,0.47332,0.6099,straight,straight
MVI_40241,73,51,461,511,498.4,498.21,0.9996,6.88,13.61,9.373,234.32,0.000646,0.000628,0.001158,0.003196,312.91,0.11108,0.31609,0.74883,straight,straight
MVI_40241,74,66,486,551,654.37,653.08,0.998,23.36,33.5,8.73,218.25,0.001186,0.000853,0.002463,0.0064,156.25,0.16746,0.47239,1.80999,curved,gentle
MVI_40241,75,61,491,551,569.19,569.05,0.9998,1.69,18.7,8.383,209.57,0.000977,0.000436,0.002903,0.004904,203.9,0.14258,0.3596,0.45507,straight,straight
MVI_40241,76,66,501,566,692.1,689.49,0.9962,19.13,35.77,7.765,194.12,0.00139,0.001136,0.003064,0.004829,207.08,0.15768,0.71155,1.36264,straight,gentle
MVI_40241,77,61,506,566,571.59,571.13,0.9992,5.05,28.94,8.86,221.5,0.001228,0.000765,0.002903,0.005981,167.18,0.18363,0.46016,1.17482,straight,straight
MVI_40241,78,56,516,571,387.64,387.47,0.9995,14.01,31.2,5.364,134.1,0.004685,0.000806,0.012397,0.050522,19.79,0.10595,0.72823,1.89584,straight,gentle
MVI_40241,79,66,521,586,608.11,607.44,0.9989,18.39,31.03,8.105,202.63,0.001476,0.000904,0.003404,0.006828,146.46,0.205,0.55731,0.88966,straight,gentle
MVI_40241,80,66,526,591,653.12,651.81,0.998,22.4,35.63,8.279,206.98,0.001209,0.000802,0.002814,0.005887,169.88,0.16817,0.50092,1.78788,curved,gentle
MVI_40241,81,56,526,581,478.79,477.44,0.9972,29.92,39.13,6.732,168.29,0.003163,0.000998,0.012731,0.021432,46.66,0.13574,1.0278,1.28622,curved,gentle
MVI_40241,82,56,536,591,529.68,529.28,0.9992,10.64,17.31,8.941,223.52,0.000748,0.000475,0.001609,0.00477,209.62,0.10888,0.29318,0.84837,straight,gentle
MVI_40241,83,61,546,606,569.26,565.89,0.9941,29.13,38.32,6.874,171.85,0.001289,0.000776,0.003089,0.003694,270.67,0.16001,0.9424,1.66303,curved,gentle
MVI_40241,84,66,546,611,582.59,581.96,0.9989,13.12,24.72,7.945,198.62,0.000974,0.000739,0.002087,0.003498,285.85,0.13867,0.47573,0.80735,straight,gentle
MVI_40241,85,61,556,616,650.55,650.02,0.9992,10.71,21.05,9.279,231.96,0.000943,0.000662,0.002285,0.003108,321.76,0.16522,0.36795,0.50436,straight,gentle
MVI_40241,86,51,556,606,403.82,403.63,0.9995,0.6,21.01,6.403,160.09,0.001949,0.001008,0.006403,0.012597,79.38,0.17838,0.47832,0.69814,straight,straight
MVI_40241,87,46,566,611,488.1,487.99,0.9998,3.47,8.46,10.178,254.45,0.000427,0.000409,0.000884,0.001383,723.26,0.0713,0.24099,0.38083,straight,straight
MVI_40241,88,66,566,631,610.02,609.53,0.9992,11.77,18.74,7.696,192.41,0.000714,0.000539,0.001729,0.002171,460.57,0.11242,0.31915,0.47527,straight,gentle
MVI_40241,89,66,571,636,565.79,565.69,0.9998,0.64,14.44,7.793,194.83,0.000673,0.000538,0.001324,0.003098,322.77,0.11535,0.2026,0.42555,straight,straight
MVI_40241,90,56,571,626,544.81,543.23,0.9971,6.7,33.97,6.867,171.68,0.002006,0.001216,0.004931,0.006076,164.59,0.30505,0.5902,0.83511,straight,straight
MVI_40241,91,66,581,646,721.38,715.58,0.992,39.25,60.74,7.88,196.99,0.002899,0.001175,0.010302,0.017198,58.15,0.17902,1.33479,1.75793,curved,gentle
MVI_40241,92,51,591,641,535.26,535.03,0.9996,6.66,9.22,10.357,258.93,0.00037,0.000308,0.000812,0.001061,942.38,0.09869,0.17027,0.2159,straight,straight
MVI_40241,93,61,606,666,583.52,581.52,0.9966,29.47,43.34,7.13,178.26,0.002841,0.000952,0.00907,0.018826,53.12,0.1658,0.97629,1.57517,curved,gentle
MVI_40241,94,66,616,681,655.1,654.3,0.9988,8.63,26.77,8.227,205.67,0.001323,0.000771,0.003295,0.006886,145.22,0.18769,0.47173,0.51011,straight,straight
MVI_40241,95,61,621,681,509.46,509.22,0.9995,5.57,10.99,8.035,200.88,0.000493,0.000302,0.000829,0.00285,350.83,0.05716,0.21602,0.36897,straight,straight
MVI_40241,96,56,631,686,517.24,516.87,0.9993,14.59,21.98,8.621,215.52,0.001021,0.000362,0.001587,0.015047,66.46,0.08138,0.44504,2.33319,straight,gentle
MVI_40241,97,56,646,701,604.35,603.95,0.9993,6.92,15.61,9.432,235.81,0.000522,0.000515,0.001054,0.001283,779.27,0.09203,0.38702,0.55426,straight,straight
MVI_40241,98,66,656,721,670.51,668.61,0.9972,13.95,31.84,7.323,183.07,0.001393,0.000832,0.003509,0.007382,135.47,0.15209,0.64076,1.01905,straight,gentle
MVI_40241,99,56,661,716,515.84,515.55,0.9994,5.54,13.87,8.915,222.87,0.000662,0.000569,0.001409,0.002345,426.51,0.12511,0.25761,0.44389,straight,straight
MVI_40241,100,56,681,736,393.02,392.8,0.9995,9.9,18.12,5.412,135.29,0.001235,0.000797,0.003101,0.006188,161.61,0.12711,0.35023,0.5468,straight,straight
MVI_40241,101,61,686,746,609.62,606.84,0.9954,24.99,29.77,7.657,191.41,0.000951,0.000746,0.002519,0.00429,233.09,0.12657,0.83416,1.47986,curved,gentle
MVI_40241,102,81,691,771,474.82,473.78,0.9978,1.14,43.42,4.229,105.74,0.004713,0.001135,0.017265,0.027583,36.25,0.19413,0.82551,1.33367,straight,straight
MVI_40241,103,56,691,746,619.87,619.23,0.999,12.64,19.16,10.342,258.56,0.001148,0.000509,0.003175,0.006659,150.18,0.16605,0.45562,0.69434,straight,gentle
MVI_40241,104,61,691,751,505.06,504.72,0.9993,5.39,25.53,7.897,197.44,0.001236,0.000843,0.003324,0.004959,201.67,0.17775,0.47952,0.57538,straight,straight
MVI_40241,105,61,701,761,584.28,583.82,0.9992,0.13,27.83,9.124,228.1,0.00127,0.000636,0.004044,0.005789,172.73,0.13424,0.5677,1.27663,straight,straight
MVI_40241,106,56,706,761,711.39,708.75,0.9963,17.37,36.73,9.636,240.91,0.00135,0.000988,0.002931,0.005562,179.8,0.18655,0.89143,1.33997,straight,gentle
MVI_40241,107,51,711,761,588.58,588.25,0.9994,4.16,13.58,10.099,252.48,0.000637,0.000281,0.001995,0.002865,349.09,0.06617,0.30527,0.34284,straight,straight
MVI_40241,108,76,716,791,462.16,461.46,0.9985,5.25,38.03,4.523,113.09,0.00288,0.002305,0.006524,0.008649,115.62,0.27112,0.4105,0.78599,straight,straight
MVI_40241,109,61,731,791,411.31,411.19,0.9997,5.82,12.87,5.12,128.0,0.000774,0.000484,0.001207,0.004262,234.61,0.10063,0.24232,0.31872,straight,straight
MVI_40241,110,56,731,786,498.95,498.65,0.9994,8.35,17.12,8.499,212.47,0.000683,0.000523,0.001441,0.002642,378.44,0.09611,0.45822,0.73388,straight,straight
MVI_40241,111,51,736,786,546.48,546.19,0.9995,4.4,17.3,10.212,255.3,0.000869,0.000404,0.002688,0.003565,280.53,0.12421,0.40978,0.46126,straight,straight
MVI_40241,112,56,741,796,571.44,568.91,0.9956,17.56,34.35,7.524,188.1,0.001499,0.000528,0.005692,0.006315,158.36,0.0705,0.8948,1.98964,straight,gentle
MVI_40241,113,61,746,806,672.25,671.16,0.9984,24.31,34.57,9.255,231.37,0.001496,0.000786,0.004206,0.007663,130.5,0.20835,0.67128,1.30865,curved,gentle
MVI_40241,114,51,756,806,537.64,536.8,0.9984,16.34,20.87,9.707,242.66,0.000854,0.000624,0.001917,0.003303,302.73,0.13119,0.61916,0.64488,straight,gentle
MVI_40241,115,71,756,826,734.84,732.46,0.9968,21.24,37.56,7.505,187.62,0.001535,0.000954,0.00434,0.004987,200.51,0.16429,0.78896,1.53302,curved,gentle
MVI_40241,116,66,766,831,544.59,543.41,0.9978,10.49,26.96,5.815,145.38,0.001365,0.000869,0.0032,0.004836,206.8,0.1265,0.49339,0.80938,straight,gentle
MVI_40241,117,51,771,821,647.26,646.72,0.9992,9.09,18.19,11.828,295.7,0.000635,0.000558,0.001244,0.002861,349.59,0.1417,0.37519,0.94303,straight,straight
MVI_40241,118,51,781,831,399.88,399.5,0.9991,20.35,24.99,5.905,147.64,0.002925,0.000564,0.013822,0.020632,48.47,0.13548,0.92168,1.20383,curved,gentle
MVI_40241,119,66,796,861,395.69,395.43,0.9994,19.34,35.87,4.189,104.73,0.005494,0.001506,0.018351,0.053739,18.61,0.15711,0.85403,1.85394,straight,gentle
MVI_40241,120,71,811,881,718.74,715.8,0.9959,24.34,40.78,7.28,182.0,0.001568,0.001296,0.003441,0.004953,201.92,0.20469,0.83176,1.74248,curved,gentle
MVI_40241,121,66,816,881,530.91,529.27,0.9969,21.09,32.17,5.403,135.08,0.001804,0.001466,0.00416,0.005916,169.03,0.16014,0.51904,0.96384,curved,gentle
MVI_40241,122,61,826,886,513.94,513.47,0.9991,2.79,16.32,8.242,206.04,0.000806,0.000471,0.001699,0.004209,237.61,0.08293,0.33355,0.42569,straight,straight
MVI_40241,123,56,826,881,612.54,612.07,0.9992,0.03,25.32,9.857,246.43,0.001364,0.000251,0.004943,0.009693,103.17,0.08076,0.73198,0.97447,straight,straight
MVI_40241,124,66,831,896,572.98,570.23,0.9952,29.93,50.92,6.141,153.53,0.002881,0.002117,0.006146,0.010727,93.23,0.34248,0.86223,1.58797,curved,gentle
MVI_40241,125,61,866,926,542.6,542.21,0.9993,13.73,18.53,8.29,207.25,0.000776,0.000508,0.001286,0.005923,168.84,0.09706,0.29038,1.2333,straight,gentle
MVI_40241,126,66,871,936,556.52,552.3,0.9924,31.9,44.86,6.32,157.99,0.00178,0.00095,0.005106,0.00747,133.86,0.15044,1.21262,2.57422,curved,gentle
MVI_40241,127,56,881,936,647.86,646.79,0.9983,15.06,16.93,9.656,241.41,0.000647,0.000409,0.002006,0.003319,301.3,0.11262,0.33222,0.35565,straight,gentle
MVI_40241,128,76,886,961,465.92,463.89,0.9957,14.65,53.48,4.51,112.75,0.005257,0.001372,0.018431,0.026612,37.58,0.20917,0.99237,1.37113,straight,gentle
MVI_40241,129,76,896,971,632.05,631.61,0.9993,6.81,25.74,7.589,189.72,0.001025,0.000572,0.003005,0.00499,200.4,0.13259,0.31162,1.07543,straight,straight
MVI_40241,130,61,901,961,666.72,666.23,0.9993,0.77,27.58,8.921,223.02,0.001754,0.000665,0.006129,0.008149,122.72,0.19133,0.61222,0.7385,straight,straight
MVI_40241,131,66,916,981,542.86,542.65,0.9996,7.71,19.47,7.535,188.38,0.001116,0.000492,0.003059,0.004953,201.88,0.10606,0.35082,0.64396,straight,straight
MVI_40241,132,76,916,991,465.52,464.81,0.9985,1.01,34.1,4.184,104.59,0.003328,0.00145,0.009806,0.029558,33.83,0.1901,0.46265,0.93477,straight,straight
MVI_40241,133,76,921,996,650.76,648.27,0.9962,24.61,37.87,7.64,190.99,0.000994,0.000622,0.001877,0.005685,175.89,0.08443,0.64994,1.82652,curved,gentle
MVI_40241,134,61,931,991,643.53,642.59,0.9986,6.05,28.74,8.612,215.31,0.00153,0.000735,0.004888,0.006625,150.93,0.22486,0.47611,0.76873,straight,straight
MVI_40241,135,71,931,1001,604.67,602.73,0.9968,6.31,42.37,5.947,148.69,0.002997,0.001747,0.008827,0.016601,60.24,0.25009,0.78463,1.22415,straight,straight
MVI_40241,136,56,936,991,498.44,498.34,0.9998,5.58,11.7,8.685,217.12,0.000764,0.000449,0.00235,0.004083,244.91,0.10191,0.32124,0.44843,straight,straight
MVI_40241,137,61,936,996,726.7,725.05,0.9977,10.06,29.03,8.823,220.57,0.001365,0.000595,0.003491,0.008802,113.61,0.11409,0.67657,1.22293,straight,gentle
MVI_40241,138,71,951,1021,467.96,466.75,0.9974,1.47,48.56,4.419,110.47,0.006005,0.001577,0.009574,0.058835,17.0,0.281,0.59205,1.86136,straight,straight
MVI_40241,139,61,951,1011,418.61,416.67,0.9954,22.38,62.84,4.694,117.34,0.009512,0.001293,0.034172,0.052283,19.13,0.17956,1.80907,2.84766,curved,gentle
MVI_40241,140,66,956,1021,655.69,655.16,0.9992,2.04,26.4,8.899,222.47,0.001135,0.000589,0.003287,0.0059,169.5,0.13866,0.44009,1.17155,straight,straight
MVI_40241,141,76,961,1036,516.04,515.55,0.999,19.9,31.26,6.015,150.38,0.001386,0.000656,0.002022,0.022484,44.48,0.09825,0.29231,2.97447,straight,gentle
MVI_40241,142,61,961,1021,659.31,658.7,0.9991,6.69,18.82,7.13,178.24,0.000692,0.000572,0.001416,0.001954,511.86,0.12587,0.351,0.5397,straight,straight
MVI_40241,143,71,981,1051,679.17,678.85,0.9995,5.52,21.87,8.207,205.17,0.001159,0.000502,0.002685,0.00562,177.93,0.15048,0.35078,0.45857,straight,straight
MVI_40241,144,56,996,1051,400.06,398.52,0.9962,1.98,35.04,5.007,125.17,0.00324,0.0011,0.012154,0.01784,56.05,0.14747,1.26708,1.86744,straight,straight
MVI_40241,145,71,1001,1071,524.68,524.37,0.9994,1.73,21.6,6.882,172.04,0.001059,0.000531,0.003735,0.005447,183.59,0.10569,0.41553,0.65834,straight,straight
MVI_40241,146,61,1001,1061,583.0,582.31,0.9988,6.07,24.72,8.616,215.41,0.000997,0.000707,0.002416,0.002962,337.64,0.12657,0.54294,0.75314,straight,straight
MVI_40241,147,71,1006,1076,675.56,675.04,0.9992,10.24,20.54,8.038,200.95,0.000671,0.000479,0.001423,0.005978,167.27,0.07564,0.35903,1.25212,straight,gentle
MVI_40241,148,51,1016,1066,432.97,431.84,0.9974,10.68,23.88,5.962,149.05,0.001294,0.001054,0.00273,0.003541,282.43,0.15739,0.69359,0.74732,straight,gentle
MVI_40241,149,66,1021,1086,500.55,500.11,0.9991,15.65,21.21,7.308,182.71,0.000848,0.000326,0.002213,0.007508,133.2,0.06206,0.37062,1.36875,straight,gentle
MVI_40241,150,61,1026,1086,516.17,515.98,0.9996,1.33,17.51,7.36,184.0,0.000816,0.000621,0.001861,0.003088,323.79,0.14191,0.32882,0.4468,straight,straight
MVI_40241,151,61,1026,1086,528.91,527.97,0.9982,9.52,23.59,6.289,157.23,0.001052,0.00067,0.002658,0.004634,215.79,0.09881,0.43682,0.79997,straight,straight
MVI_40241,152,66,1031,1096,627.36,626.78,0.9991,8.11,22.4,8.768,219.2,0.001056,0.000555,0.002754,0.003531,283.24,0.17045,0.33954,0.53503,straight,straight
MVI_40241,153,71,1051,1121,645.77,644.78,0.9985,14.03,31.95,7.276,181.9,0.001568,0.000984,0.004463,0.006917,144.57,0.24232,0.48589,0.64804,straight,gentle
MVI_40241,154,66,1051,1116,595.49,591.21,0.9928,20.65,46.44,6.227,155.66,0.002177,0.00099,0.006553,0.009917,100.84,0.18699,0.98134,1.73903,curved,gentle
MVI_40241,155,61,1051,1111,447.49,446.33,0.9974,5.46,38.68,4.944,123.6,0.002879,0.001765,0.008102,0.010233,97.72,0.2768,0.61033,0.80996,straight,straight
MVI_40241,156,71,1056,1126,739.97,736.61,0.9955,17.11,46.42,7.341,183.51,0.002072,0.001352,0.005766,0.010008,99.92,0.22541,0.83156,1.45751,straight,gentle
MVI_40241,157,66,1056,1121,552.95,550.59,0.9957,29.39,53.34,7.94,198.49,0.001984,0.000833,0.003898,0.018637,53.66,0.15598,1.04675,3.65823,curved,gentle
MVI_40241,158,66,1056,1121,590.8,590.61,0.9997,1.96,16.69,7.765,194.13,0.000689,0.000633,0.001201,0.002641,378.63,0.09975,0.30122,0.46017,straight,straight
MVI_40241,159,56,1076,1131,510.54,510.41,0.9997,4.43,11.97,8.864,221.6,0.000575,0.000497,0.001072,0.001233,811.2,0.10771,0.20468,0.37131,straight,straight
MVI_40241,160,81,1076,1156,705.95,705.18,0.9989,1.96,27.17,7.084,177.09,0.001801,0.000436,0.006823,0.009979,100.21,0.09672,0.54258,0.82118,straight,straight
MVI_40241,161,71,1081,1151,595.26,594.3,0.9984,20.14,31.21,7.5,187.51,0.001185,0.000596,0.002712,0.013313,75.11,0.08288,0.36016,2.71996,curved,gentle
MVI_40241,162,71,1086,1156,588.86,587.35,0.9974,3.9,39.44,5.798,144.94,0.00206,0.001185,0.005337,0.012304,81.27,0.20762,0.70357,2.61082,straight,straight
MVI_40241,163,56,1091,1146,463.95,462.17,0.9962,17.28,44.68,5.964,149.1,0.002704,0.001477,0.007306,0.008785,113.83,0.31118,0.91858,1.44531,straight,gentle
MVI_40241,164,66,1096,1161,550.91,550.55,0.9993,10.3,25.01,7.49,187.24,0.001331,0.000713,0.003581,0.005278,189.48,0.1989,0.40625,0.5137,straight,gentle
MVI_40241,165,76,1106,1181,600.84,600.05,0.9987,14.03,32.47,6.747,168.68,0.001439,0.000576,0.00438,0.014542,68.77,0.10915,0.38432,2.41969,straight,gentle
MVI_40241,166,56,1106,1161,528.47,528.37,0.9998,2.73,14.13,9.02,225.51,0.000667,0.000436,0.00138,0.002141,467.0,0.10905,0.21159,0.35126,straight,straight
MVI_40241,167,66,1131,1196,690.53,689.06,0.9979,12.5,26.08,7.432,185.8,0.001214,0.000807,0.003012,0.005214,191.77,0.13252,0.50072,1.01742,straight,gentle
MVI_40241,168,76,1136,1211,649.0,647.99,0.9984,14.83,45.01,7.298,182.46,0.002074,0.001484,0.004209,0.010074,99.27,0.18092,0.803,2.12883,straight,gentle
MVI_40241,169,56,1161,1216,542.55,542.28,0.9995,4.34,17.36,9.303,232.58,0.000939,0.00037,0.002818,0.003895,256.74,0.09918,0.36757,0.57012,straight,straight
MVI_40241,170,66,1161,1226,590.79,587.8,0.9949,22.1,42.02,5.93,148.26,0.002027,0.001776,0.004948,0.00614,162.86,0.17999,0.81788,1.18438,curved,gentle
MVI_40241,171,56,1166,1221,440.12,438.96,0.9974,34.69,42.42,6.072,151.79,0.003924,0.001275,0.014213,0.028954,34.54,0.16999,1.12205,1.70147,curved,gentle
MVI_40241,172,71,1166,1236,573.63,573.38,0.9996,0.81,24.95,7.116,177.89,0.001334,0.00072,0.003952,0.006246,160.11,0.14214,0.40145,0.54293,straight,straight
MVI_40241,173,81,1176,1256,684.51,683.45,0.9984,10.59,40.03,6.918,172.96,0.002192,0.000871,0.006846,0.01304,76.68,0.18666,0.73012,0.99439,straight,gentle
MVI_40241,174,66,1181,1246,508.53,508.24,0.9994,10.76,25.09,7.068,176.71,0.001159,0.000741,0.00198,0.011405,87.68,0.12638,0.30877,1.64279,straight,gentle
MVI_40241,175,71,1186,1256,674.91,671.92,0.9956,18.68,40.44,6.439,160.98,0.001602,0.000762,0.00457,0.00744,134.41,0.10677,0.73434,1.42753,straight,gentle
MVI_40241,176,66,1191,1256,533.08,530.85,0.9958,10.88,41.59,5.407,135.18,0.002687,0.001339,0.008012,0.01512,66.14,0.19756,0.6984,0.89303,straight,gentle
MVI_40241,177,56,1201,1256,518.35,518.11,0.9995,13.99,18.23,8.586,214.65,0.001027,0.000569,0.002696,0.008728,114.57,0.12027,0.34856,1.31295,straight,gentle
MVI_40241,178,71,1201,1271,594.35,593.85,0.9991,8.03,18.95,7.36,184.0,0.000815,0.000331,0.00244,0.005201,192.27,0.0614,0.39895,0.52673,straight,straight
MVI_40241,179,81,1206,1286,698.52,697.14,0.998,12.3,44.84,7.514,187.85,0.001932,0.000921,0.005325,0.007745,129.12,0.18238,0.65218,0.94654,straight,gentle
MVI_40241,180,61,1216,1276,489.69,489.46,0.9995,3.56,24.63,7.447,186.18,0.001348,0.000839,0.003712,0.004707,212.43,0.1872,0.49528,0.60501,straight,straight
MVI_40241,181,61,1221,1281,473.7,471.49,0.9953,34.05,51.37,5.513,137.82,0.004108,0.001883,0.014592,0.020648,48.43,0.21366,0.97794,2.21999,curved,gentle
MVI_40241,182,76,1226,1301,603.68,602.97,0.9988,12.53,33.71,7.038,175.94,0.001539,0.000586,0.005026,0.012532,79.8,0.10156,0.49555,2.36283,straight,gentle
MVI_40241,183,56,1246,1301,545.19,544.88,0.9994,10.89,19.29,9.012,225.31,0.000823,0.000475,0.002125,0.003141,318.41,0.10762,0.41294,0.81886,straight,gentle
MVI_40241,184,51,1246,1296,503.04,502.26,0.9984,18.36,26.81,6.956,173.9,0.002085,0.000819,0.008673,0.011378,87.89,0.14662,0.63607,0.76226,straight,gentle
MVI_40241,185,71,1256,1326,711.1,708.45,0.9963,24.38,32.99,6.965,174.13,0.00117,0.0011,0.002403,0.004143,241.38,0.12455,0.57358,1.38488,curved,gentle
MVI_40241,186,61,1266,1326,635.34,634.95,0.9994,3.59,12.15,9.328,233.19,0.000462,0.000336,0.001086,0.001434,697.36,0.08402,0.15669,0.25973,straight,straight
MVI_40241,187,61,1266,1326,581.67,579.38,0.9961,21.51,32.29,6.808,170.19,0.002021,0.001191,0.004172,0.01161,86.13,0.23779,0.59461,0.81087,curved,gentle
MVI_40241,188,71,1276,1346,427.6,426.46,0.9973,13.46,41.77,4.389,109.71,0.003284,0.001989,0.009033,0.017479,57.21,0.21394,0.61333,1.69838,straight,gentle
MVI_40241,189,61,1276,1336,522.39,521.55,0.9984,18.59,31.56,8.033,200.83,0.001428,0.000557,0.002686,0.017082,58.54,0.11678,0.60058,2.81442,straight,gentle
MVI_40241,190,51,1281,1331,550.61,550.34,0.9995,9.92,15.9,10.462,261.56,0.000643,0.000549,0.00141,0.002419,413.45,0.10051,0.3698,0.70556,straight,straight
MVI_40241,191,76,1281,1356,682.6,681.67,0.9986,11.18,37.67,7.706,192.66,0.002159,0.000627,0.006655,0.009258,108.01,0.15356,0.6725,0.87469,straight,gentle
MVI_40241,192,66,1291,1356,586.62,585.44,0.998,16.76,30.74,6.308,157.7,0.002598,0.00091,0.009931,0.013815,72.39,0.19641,0.6372,0.81122,straight,gentle
MVI_40241,193,66,1291,1356,644.52,643.62,0.9986,9.58,38.85,8.513,212.82,0.00188,0.000778,0.006626,0.009773,102.33,0.17344,0.77068,1.28763,straight,straight
MVI_40241,194,56,1291,1346,443.19,441.12,0.9953,21.31,41.73,6.12,152.99,0.002795,0.001948,0.008055,0.014275,70.05,0.20127,1.16031,1.6447,curved,gentle
MVI_40241,195,56,1306,1361,488.68,488.54,0.9997,0.29,10.72,8.23,205.75,0.00061,0.000325,0.001782,0.002793,358.0,0.0739,0.22979,0.31746,straight,straight
MVI_40241,196,66,1326,1391,614.28,613.88,0.9994,7.62,16.11,8.172,204.3,0.000664,0.000473,0.001339,0.002685,372.41,0.1023,0.25974,0.36535,straight,straight
MVI_40241,197,76,1331,1406,569.23,568.79,0.9992,4.2,23.08,7.302,182.56,0.001021,0.000822,0.002111,0.002736,365.45,0.15468,0.32442,0.5098,straight,straight
MVI_40241,198,61,1331,1391,440.47,439.04,0.9968,2.0,42.56,5.367,134.16,0.003484,0.001388,0.011241,0.01545,64.72,0.18024,1.20258,1.68118,straight,straight
MVI_40241,199,56,1336,1391,501.57,501.45,0.9998,7.36,11.32,8.488,212.2,0.000575,0.000385,0.001625,0.001924,519.87,0.09363,0.20925,0.23007,straight,straight
MVI_40241,200,61,1341,1401,716.86,714.08,0.9961,7.98,40.3,8.038,200.95,0.002091,0.001075,0.007313,0.01327,75.36,0.17237,0.97238,1.02968,straight,straight
MVI_40241,201,71,1351,1421,656.09,655.11,0.9985,20.59,45.71,7.848,196.2,0.002331,0.001206,0.006021,0.011809,84.68,0.2874,0.69697,1.35597,curved,gentle
MVI_40241,202,61,1356,1416,591.09,590.0,0.9981,24.49,34.43,9.006,225.14,0.001316,0.00071,0.002408,0.011031,90.66,0.18574,0.54613,2.4978,curved,gentle
MVI_40241,203,56,1361,1416,491.29,490.82,0.999,11.59,16.15,8.181,204.53,0.000585,0.000291,0.001506,0.002493,401.05,0.08162,0.51516,0.75382,straight,gentle
MVI_40241,204,56,1361,1416,556.56,555.17,0.9975,16.65,27.28,6.975,174.38,0.001366,0.001143,0.002643,0.003807,262.66,0.22114,0.52004,0.72855,straight,gentle
MVI_40241,205,61,1361,1421,736.6,736.19,0.9994,3.66,17.94,8.897,222.43,0.000929,0.000489,0.002453,0.003107,321.87,0.13977,0.25064,0.46503,straight,straight
MVI_40241,206,76,1366,1441,485.39,484.19,0.9975,8.98,51.07,4.924,123.11,0.004636,0.001847,0.012387,0.019877,50.31,0.35484,0.71807,1.0336,straight,straight
MVI_40241,207,66,1381,1446,591.04,590.8,0.9996,5.71,13.37,8.047,201.18,0.000616,0.000292,0.001889,0.00338,295.86,0.05052,0.2533,0.42677,straight,straight
MVI_40241,208,71,1401,1471,662.95,662.48,0.9993,3.89,26.61,7.969,199.22,0.001185,0.001137,0.002518,0.003202,312.3,0.18541,0.35209,0.47018,straight,straight
MVI_40241,209,66,1401,1466,428.04,427.32,0.9983,9.88,20.26,4.514,112.86,0.001361,0.000893,0.003272,0.004874,205.16,0.11062,0.32455,0.66964,straight,straight
MVI_40241,210,56,1406,1461,519.36,518.83,0.999,11.18,22.4,6.347,158.67,0.001816,0.000685,0.006586,0.010355,96.58,0.13644,0.50389,0.62135,straight,gentle
MVI_40241,211,61,1406,1466,426.11,425.14,0.9977,18.34,48.47,5.176,129.4,0.005853,0.001734,0.017364,0.051155,19.55,0.17872,1.05607,2.13627,straight,gentle
MVI_40241,212,71,1406,1476,544.07,543.91,0.9997,7.26,18.55,7.122,178.06,0.000969,0.000741,0.001892,0.00387,258.39,0.13041,0.3228,0.4494,straight,straight
MVI_40241,213,71,1436,1506,542.55,542.35,0.9996,3.15,20.08,7.271,181.77,0.001081,0.000554,0.00307,0.004979,200.85,0.12591,0.37513,0.48457,straight,straight
MVI_40241,214,66,1446,1511,447.55,446.69,0.9981,13.51,32.38,4.992,124.8,0.002306,0.001104,0.007651,0.009829,101.74,0.14361,0.50874,1.29587,straight,gentle
MVI_40241,215,61,1451,1511,516.88,516.07,0.9984,22.48,32.61,7.961,199.02,0.001331,0.000828,0.001776,0.015078,66.32,0.14305,0.57768,2.57098,curved,gentle
MVI_40241,216,66,1466,1531,631.58,630.91,0.9989,12.55,20.28,7.891,197.29,0.000955,0.000462,0.002749,0.0035,285.68,0.13557,0.30987,0.42307,straight,gentle
MVI_40241,217,66,1471,1536,570.85,561.17,0.983,43.71,116.13,6.29,157.26,0.00544,0.003241,0.011389,0.045805,21.83,0.35129,1.95488,9.30542,curved,gentle
MVI_40241,218,66,1501,1566,656.44,655.87,0.9991,6.96,37.25,6.624,165.59,0.002884,0.000989,0.008365,0.018735,53.38,0.23132,0.62606,1.17037,straight,straight
MVI_40241,219,51,1506,1556,489.82,489.64,0.9996,3.47,9.48,9.141,228.54,0.000468,0.000516,0.000741,0.001035,966.52,0.09685,0.20472,0.21276,straight,straight
MVI_40241,220,66,1516,1581,571.8,571.46,0.9994,2.13,19.13,7.923,198.08,0.000686,0.000445,0.001861,0.00277,361.07,0.09871,0.38728,0.62025,straight,straight
MVI_40241,221,56,1516,1571,628.87,628.48,0.9994,10.28,16.73,10.218,255.46,0.000625,0.00036,0.001348,0.003926,254.74,0.08138,0.33496,1.1496,straight,gentle
MVI_40241,222,66,1521,1586,445.61,444.23,0.9969,10.6,44.75,4.579,114.48,0.003249,0.0021,0.00927,0.012643,79.09,0.239,0.69897,1.34947,straight,gentle
MVI_40241,223,76,1526,1601,656.13,655.19,0.9986,0.31,39.4,6.825,170.62,0.002115,0.000731,0.008361,0.009619,103.97,0.16922,0.66531,0.74351,straight,straight
MVI_40241,224,61,1541,1601,542.94,542.57,0.9993,10.26,17.02,7.953,198.83,0.000931,0.000655,0.002435,0.003482,287.2,0.16327,0.28308,0.34288,straight,gentle
MVI_40241,225,66,1541,1606,562.2,560.67,0.9973,3.16,43.79,5.782,144.55,0.004339,0.000835,0.014128,0.032054,31.2,0.16606,1.10611,1.49233,straight,straight
MVI_40241,226,61,1561,1621,430.21,429.72,0.9989,1.52,26.59,4.587,114.67,0.002732,0.000941,0.005995,0.027517,36.34,0.16188,0.63334,0.82832,straight,straight
MVI_40241,227,61,1561,1621,513.57,513.33,0.9995,6.25,18.22,7.935,198.38,0.000889,0.00055,0.002211,0.004211,237.45,0.10724,0.28079,0.77692,straight,straight
MVI_40241,228,76,1571,1646,674.35,673.11,0.9982,24.59,46.13,7.262,181.54,0.00188,0.001353,0.004165,0.00914,109.4,0.22757,0.59894,2.41059,curved,gentle
MVI_40241,229,61,1581,1641,556.79,556.52,0.9995,11.67,16.92,8.616,215.4,0.000699,0.000517,0.001422,0.004328,231.06,0.11329,0.18288,0.9385,straight,gentle
MVI_40241,230,81,1586,1666,409.45,406.53,0.9929,14.07,71.74,3.413,85.33,0.007837,0.001865,0.018611,0.054904,18.21,0.23333,0.92186,3.44368,straight,gentle
MVI_40241,231,66,1606,1671,700.16,698.49,0.9976,15.57,26.92,7.171,179.28,0.000785,0.000548,0.001915,0.002528,395.57,0.11494,0.51912,1.21843,straight,gentle
MVI_40241,232,66,1606,1671,609.52,608.6,0.9985,22.17,27.45,8.229,205.73,0.001127,0.000377,0.002806,0.009527,104.96,0.08931,0.45595,2.11493,curved,gentle
MVI_40241,233,61,1611,1671,554.64,554.52,0.9998,3.58,12.69,8.316,207.9,0.000773,0.000238,0.00291,0.003364,297.26,0.05574,0.31691,0.35233,straight,straight
MVI_40241,234,56,1611,1666,486.88,486.75,0.9997,9.59,14.26,8.286,207.15,0.00078,0.000402,0.003258,0.003588,278.74,0.08344,0.37958,0.4153,straight,straight
MVI_40241,235,71,1616,1686,676.2,675.63,0.9992,14.7,24.94,7.755,193.88,0.00142,0.000498,0.003601,0.009361,106.83,0.14467,0.44104,0.69677,straight,gentle
MVI_40241,236,91,1616,1706,428.25,425.49,0.9936,26.05,93.06,3.256,81.39,0.012477,0.00393,0.037411,0.101762,9.83,0.29994,1.90063,3.47344,curved,gentle
MVI_40241,237,61,1626,1686,421.66,421.03,0.9985,5.14,32.8,4.615,115.38,0.003154,0.002171,0.008449,0.013688,73.06,0.26571,0.61236,0.92528,straight,straight
MVI_40241,238,76,1626,1701,568.84,566.27,0.9955,13.15,47.8,4.492,112.31,0.003999,0.001006,0.013141,0.017806,56.16,0.19792,0.92545,1.16122,straight,gentle
MVI_40241,239,61,1626,1686,524.46,524.24,0.9996,2.71,19.22,8.129,203.23,0.000944,0.000595,0.002895,0.003832,260.97,0.12223,0.35927,0.41444,straight,straight
MVI_40241,240,71,1631,1701,594.01,593.57,0.9993,4.57,23.95,7.838,195.96,0.000925,0.000757,0.002045,0.002957,338.19,0.14583,0.34581,0.53824,straight,straight
MVI_40241,241,66,1641,1706,421.51,419.26,0.9947,12.08,59.31,5.246,131.14,0.003939,0.002019,0.012648,0.014656,68.23,0.25394,1.03042,2.7062,straight,gentle
MVI_40241,242,71,1656,1726,661.54,661.04,0.9992,0.21,30.5,7.659,191.46,0.0016,0.000717,0.004504,0.012619,79.24,0.14119,0.55303,0.84234,straight,straight
MVI_40241,243,71,1661,1731,552.07,549.11,0.9946,4.13,56.87,4.856,121.41,0.00472,0.001593,0.015413,0.019621,50.97,0.25901,0.93823,1.2377,straight,straight
MVI_40241,244,71,1671,1741,445.21,436.1,0.9796,14.58,114.76,5.091,127.28,0.008499,0.004532,0.025014,0.061259,16.32,0.39733,2.1138,2.54219,straight,gentle
MVI_40241,245,66,1676,1741,624.6,624.26,0.9994,5.79,20.59,8.158,203.95,0.000886,0.000393,0.003064,0.005137,194.66,0.10141,0.39878,0.79092,straight,straight
MVI_40241,246,61,1676,1736,727.14,723.32,0.9947,23.12,37.9,7.532,188.3,0.001498,0.001177,0.003325,0.005106,195.85,0.23109,1.01587,1.22872,curved,gentle
MVI_40241,247,66,1696,1761,567.49,567.3,0.9997,5.03,11.03,7.626,190.65,0.000444,0.000462,0.000781,0.001066,937.68,0.07723,0.18125,0.23011,straight,straight
MVI_40241,248,71,1696,1766,647.24,646.52,0.9989,7.6,18.81,7.205,180.12,0.000832,0.000537,0.002182,0.002897,345.18,0.12712,0.26705,0.28844,straight,straight
MVI_40241,249,81,1696,1776,409.5,407.51,0.9951,24.19,79.14,3.671,91.78,0.008701,0.002343,0.02584,0.041879,23.88,0.24134,1.32119,1.93283,curved,gentle
MVI_40241,250,71,1701,1771,579.26,575.85,0.9941,9.79,57.58,5.293,132.34,0.004025,0.001363,0.009354,0.030031,33.3,0.18687,1.24441,1.79658,straight,straight
MVI_40241,251,71,1701,1771,614.48,612.92,0.9975,21.1,40.47,7.409,185.23,0.001406,0.000631,0.003803,0.009634,103.8,0.12832,0.52788,2.48635,curved,gentle
MVI_40241,252,66,1706,1771,427.42,426.77,0.9985,5.27,27.19,4.469,111.74,0.002255,0.001275,0.006177,0.010273,97.35,0.16352,0.37682,0.64799,straight,straight
MVI_40241,253,61,1721,1781,669.97,668.49,0.9978,21.44,38.35,7.3,182.5,0.002456,0.000878,0.007332,0.015273,65.47,0.24297,0.62267,1.03322,curved,gentle
MVI_40241,254,71,1736,1806,667.05,666.52,0.9992,16.23,39.0,7.398,184.95,0.002597,0.000889,0.008915,0.015809,63.26,0.21273,0.80577,1.13023,straight,gentle
MVI_40241,255,86,1741,1826,417.72,415.18,0.9939,8.54,73.11,3.598,89.94,0.007872,0.003074,0.02367,0.037074,26.97,0.22968,1.37158,2.40151,straight,straight
MVI_40241,256,66,1746,1811,430.96,430.48,0.9989,6.01,30.34,4.303,107.57,0.003565,0.001693,0.009492,0.016321,61.27,0.25626,0.56086,0.79202,straight,straight
MVI_40241,257,61,1746,1806,549.35,548.76,0.9989,13.99,31.96,8.097,202.43,0.001847,0.00103,0.005176,0.00876,114.16,0.24497,0.57478,0.7727,straight,gentle
MVI_40241,258,71,1751,1821,588.0,585.25,0.9953,11.87,48.44,5.399,134.98,0.003429,0.001426,0.010797,0.016288,61.4,0.26205,0.74372,1.59975,straight,gentle
MVI_40241,259,76,1751,1826,539.7,538.95,0.9986,15.36,41.15,6.425,160.63,0.001942,0.001153,0.004912,0.01526,65.53,0.1896,0.58087,2.13717,straight,gentle
MVI_40241,260,76,1766,1841,627.07,626.15,0.9985,4.51,42.29,7.337,183.42,0.002006,0.00137,0.004591,0.00575,173.93,0.27561,0.50586,1.25039,straight,straight
MVI_40241,261,66,1766,1831,726.51,723.12,0.9953,23.24,37.72,7.288,182.19,0.001593,0.000909,0.004258,0.005795,172.58,0.13689,0.81729,1.16142,curved,gentle
MVI_40241,262,61,1771,1831,542.43,542.07,0.9993,5.44,15.78,8.084,202.1,0.000824,0.000489,0.001791,0.003361,297.55,0.14648,0.23434,0.49193,straight,straight
MVI_40241,263,66,1771,1836,445.06,443.86,0.9973,7.77,48.5,4.528,113.19,0.004102,0.00226,0.01268,0.015458,64.69,0.34334,0.7499,1.27386,straight,straight
MVI_40241,264,86,1776,1861,428.87,426.68,0.9949,8.61,46.99,3.59,89.74,0.004573,0.001403,0.010745,0.036799,27.17,0.14022,0.97049,1.15957,straight,straight
MVI_40241,265,66,1791,1856,529.47,528.83,0.9988,20.17,32.05,7.184,179.61,0.001703,0.000802,0.005989,0.008555,116.89,0.17783,0.70057,0.84785,curved,gentle
MVI_40241,266,76,1801,1876,662.51,661.65,0.9987,12.31,30.52,7.039,175.97,0.001256,0.000839,0.002821,0.005358,186.65,0.13458,0.54288,1.14366,straight,gentle
MVI_40241,267,76,1811,1886,595.2,594.95,0.9996,0.85,15.1,6.981,174.52,0.000745,0.000653,0.001489,0.002036,491.18,0.10093,0.24991,0.32904,straight,straight
MVI_40241,268,76,1811,1886,598.07,597.06,0.9983,5.08,38.77,5.278,131.95,0.002881,0.001251,0.007649,0.017022,58.75,0.2182,0.55884,0.78914,straight,straight
MVI_40241,269,66,1826,1891,558.57,557.88,0.9988,20.88,32.68,7.618,190.44,0.001476,0.001081,0.003976,0.008483,117.89,0.20372,0.43129,1.49575,curved,gentle
MVI_40241,270,71,1826,1896,599.92,599.41,0.9992,12.06,30.87,7.349,183.71,0.001515,0.000918,0.00335,0.005526,180.98,0.20085,0.40718,0.48702,straight,gentle
MVI_40241,271,81,1836,1916,662.92,662.65,0.9996,3.04,18.88,6.348,158.69,0.001027,0.000468,0.0023,0.005074,197.08,0.09762,0.242,0.42964,straight,straight
MVI_40241,272,71,1836,1906,600.98,600.23,0.9988,4.89,38.47,7.272,181.8,0.001955,0.001208,0.005587,0.00623,160.52,0.18041,0.66463,0.75411,straight,straight
MVI_40241,273,76,1836,1911,718.3,716.23,0.9971,33.15,41.78,6.557,163.94,0.002526,0.000311,0.006987,0.023519,42.52,0.06994,0.99729,1.56204,curved,gentle
MVI_40241,274,71,1841,1911,444.47,443.05,0.9968,4.79,60.19,4.289,107.21,0.006073,0.0015,0.020346,0.036753,27.21,0.165,1.51816,2.26399,straight,straight
MVI_40241,275,71,1846,1916,576.59,574.97,0.9972,14.75,27.8,5.511,137.77,0.00089,0.000614,0.002355,0.00377,265.28,0.09175,0.46654,1.36268,straight,gentle
MVI_40241,276,81,1856,1936,755.49,753.89,0.9979,3.49,41.56,6.098,152.46,0.002311,0.001204,0.006735,0.008976,111.41,0.23263,0.57049,0.80638,straight,straight
MVI_40241,277,66,1866,1931,512.25,512.0,0.9995,5.07,18.6,7.229,180.72,0.000902,0.000818,0.001544,0.002672,374.22,0.14927,0.36154,0.5127,straight,straight
MVI_40241,278,66,1876,1941,405.7,403.86,0.9955,5.14,59.3,4.002,100.04,0.006246,0.002613,0.016955,0.026269,38.07,0.30971,1.25486,2.22201,straight,straight
MVI_40241,279,76,1886,1961,619.68,619.07,0.999,17.79,28.35,6.872,171.79,0.001421,0.000762,0.002992,0.00868,115.21,0.12129,0.50267,0.68297,straight,gentle
MVI_40241,280,76,1891,1966,696.4,692.81,0.9948,35.61,52.72,5.787,144.67,0.003129,0.001374,0.00721,0.027731,36.06,0.18199,1.13281,1.26625,curved,gentle
MVI_40241,281,81,1896,1976,465.64,463.47,0.9953,16.45,53.17,3.627,90.67,0.003571,0.002886,0.009667,0.014698,68.04,0.20966,0.59607,1.75043,straight,gentle
MVI_40241,282,81,1906,1986,681.48,680.8,0.999,11.94,33.0,6.631,165.78,0.001445,0.000872,0.003917,0.005603,178.48,0.15246,0.48793,1.11468,straight,gentle
MVI_40241,283,71,1906,1976,592.7,592.22,0.9992,9.58,36.0,7.547,188.67,0.001851,0.001022,0.005121,0.007976,125.37,0.21122,0.64379,0.74707,straight,straight
MVI_40241,284,81,1921,2001,636.01,635.64,0.9994,2.94,28.34,6.794,169.85,0.001723,0.000609,0.005997,0.008444,118.43,0.13578,0.47129,0.78814,straight,straight
MVI_40241,285,71,1931,2001,397.23,395.68,0.9961,7.89,57.35,3.686,92.15,0.006851,0.003293,0.021518,0.037633,26.57,0.21935,1.26531,1.75503,straight,straight
MVI_40241,286,71,1931,2001,559.28,557.4,0.9966,21.32,37.1,4.856,121.4,0.002083,0.001406,0.004983,0.007362,135.84,0.17974,0.47263,1.552,curved,gentle
MVI_40241,287,71,1931,2001,738.61,736.11,0.9966,26.55,46.84,6.614,165.35,0.003012,0.001189,0.009763,0.019147,52.23,0.22387,0.90819,1.13951,curved,gentle
MVI_40241,288,71,1946,2016,537.74,537.47,0.9995,8.53,21.32,7.033,175.83,0.000937,0.000811,0.001878,0.003793,263.62,0.10517,0.32364,0.83184,straight,straight
MVI_40241,289,81,1946,2026,652.87,652.21,0.999,7.3,34.08,6.201,155.03,0.001881,0.001223,0.0052,0.010666,93.76,0.1565,0.54733,0.84035,straight,straight
MVI_40241,290,81,1961,2041,637.14,636.16,0.9985,1.32,29.32,6.844,171.09,0.001144,0.000689,0.002794,0.005343,187.15,0.11257,0.50966,0.82509,straight,straight
MVI_40241,291,76,1966,2041,575.4,575.03,0.9993,14.09,29.78,6.584,164.6,0.001666,0.000978,0.004075,0.007529,132.82,0.19005,0.42581,1.07372,straight,gentle
MVI_40241,292,71,1966,2036,568.4,565.74,0.9953,18.03,46.38,4.856,121.4,0.002758,0.001632,0.007908,0.014608,68.46,0.21687,0.8792,1.10505,straight,gentle
MVI_40241,293,71,1971,2041,710.86,709.29,0.9978,23.36,35.56,6.338,158.46,0.002385,0.000787,0.005413,0.027914,35.82,0.12308,0.80328,1.22565,curved,gentle
MVI_40241,294,86,1971,2056,678.86,677.92,0.9986,21.86,42.07,6.193,154.82,0.002303,0.001087,0.006534,0.011932,83.81,0.23154,0.46268,0.82553,curved,gentle
MVI_40241,295,76,1986,2061,595.12,594.5,0.999,14.13,30.9,7.149,178.73,0.001929,0.000663,0.006441,0.012374,80.81,0.14845,0.60072,0.9885,straight,gentle
MVI_40241,296,76,2001,2076,400.34,399.48,0.9978,9.39,40.31,3.366,84.14,0.002334,0.001539,0.005947,0.010948,91.34,0.22854,0.60476,0.79474,straight,straight
MVI_40241,297,76,2001,2076,581.03,580.75,0.9995,2.39,21.59,6.708,167.69,0.001172,0.000557,0.003143,0.006331,157.95,0.12486,0.29943,0.49096,straight,straight
MVI_40241,298,71,2006,2076,582.11,581.27,0.9986,12.2,31.74,5.374,134.36,0.001642,0.00099,0.004336,0.006825,146.52,0.18397,0.48023,0.91316,straight,gentle
MVI_40241,299,71,2016,2086,541.72,541.27,0.9992,19.27,39.36,6.992,174.8,0.002192,0.000737,0.006443,0.009314,107.37,0.1594,0.73939,1.43347,straight,gentle
MVI_40241,300,76,2026,2101,640.48,639.57,0.9986,11.58,45.1,7.437,185.93,0.002022,0.00096,0.005321,0.009318,107.32,0.18346,0.71529,2.00288,straight,gentle
MVI_40241,301,66,2026,2091,698.75,697.81,0.9987,0.37,40.66,7.009,175.23,0.002929,0.000813,0.010012,0.014048,71.19,0.16347,0.77429,0.97656,straight,straight
MVI_40241,302,81,2046,2126,407.53,405.82,0.9958,4.89,49.21,3.234,80.85,0.005738,0.001824,0.01632,0.024696,40.49,0.14301,0.87048,2.15514,straight,straight
MVI_40241,303,81,2051,2131,663.28,662.75,0.9992,18.09,37.83,6.537,163.44,0.002556,0.00107,0.005794,0.018535,53.95,0.23033,0.58918,1.05862,straight,gentle
MVI_40241,304,66,2056,2121,681.34,679.64,0.9975,14.71,33.31,6.473,161.82,0.002107,0.000801,0.00633,0.010907,91.69,0.13615,0.73406,0.88238,straight,gentle
MVI_40241,305,81,2066,2146,432.48,431.17,0.997,4.62,65.45,3.458,86.46,0.006094,0.002516,0.016276,0.040881,24.46,0.25316,1.21924,2.60849,straight,straight
MVI_40241,306,66,2076,2141,624.5,624.11,0.9994,11.55,22.63,8.004,200.11,0.001028,0.000661,0.002577,0.003581,279.24,0.14527,0.38929,0.81278,straight,gentle
MVI_40241,307,71,2081,2151,598.16,597.85,0.9995,14.34,26.52,7.329,183.22,0.001416,0.000487,0.005373,0.007185,139.19,0.10157,0.60935,0.71204,straight,gentle
MVI_40241,308,91,2091,2181,414.46,411.31,0.9924,20.78,98.04,3.368,84.2,0.009978,0.004095,0.029985,0.046557,21.48,0.25914,1.62807,2.84304,curved,gentle
MVI_40241,309,81,2116,2196,433.38,431.49,0.9956,20.54,48.26,3.885,97.11,0.005066,0.001851,0.012379,0.033859,29.53,0.26625,0.65634,1.2285,curved,gentle
MVI_40241,310,76,2116,2191,679.02,677.85,0.9983,23.71,41.64,6.909,172.72,0.002225,0.000823,0.006534,0.015512,64.47,0.13025,0.68455,1.00574,curved,gentle
MVI_40241,311,66,2141,2206,529.51,529.3,0.9996,3.94,21.09,7.213,180.33,0.001456,0.001171,0.003099,0.003909,255.81,0.19744,0.44232,0.60353,straight,straight
MVI_40241,312,91,2141,2231,468.02,466.6,0.997,0.31,87.66,3.341,83.53,0.008852,0.003454,0.021575,0.042426,23.57,0.46435,1.20505,1.7401,straight,straight
MVI_40241,313,56,2151,2206,538.9,538.5,0.9993,5.01,17.42,8.373,209.32,0.000736,0.000653,0.001669,0.002001,499.79,0.15201,0.28426,0.32252,straight,straight
MVI_40241,314,71,2151,2221,567.51,565.66,0.9967,10.77,35.4,5.108,127.71,0.001949,0.000861,0.004591,0.009219,108.47,0.13495,0.48071,1.13258,straight,gentle
MVI_40241,315,76,2161,2236,443.5,441.92,0.9964,3.44,53.52,3.761,94.04,0.004731,0.002176,0.010665,0.033382,29.96,0.19231,0.93317,1.27513,straight,straight
MVI_40241,316,76,2166,2241,404.17,402.7,0.9964,12.51,50.36,3.599,89.98,0.005289,0.002564,0.013858,0.022267,44.91,0.24012,0.8217,1.77717,straight,gentle
MVI_40241,317,61,2176,2236,526.66,526.48,0.9997,3.02,18.15,7.272,181.81,0.001094,0.0008,0.002561,0.004793,208.65,0.12762,0.33448,0.5138,straight,straight
MVI_40241,318,81,2186,2266,720.42,719.9,0.9993,5.53,21.24,6.683,167.07,0.00086,0.000409,0.002279,0.003729,268.16,0.13348,0.28106,0.57752,straight,straight
MVI_40241,319,84,2191,2274,646.6,645.1,0.9977,32.23,45.91,6.632,165.8,0.002032,0.000944,0.006339,0.008842,113.09,0.15988,0.65154,1.70847,curved,gentle
MVI_40241,320,81,2196,2276,694.24,692.54,0.9976,2.88,48.52,5.098,127.46,0.004116,0.000947,0.01508,0.025145,39.77,0.23315,0.77099,1.20041,straight,straight
MVI_40241,321,76,2201,2276,531.76,529.99,0.9967,30.56,53.41,4.245,106.14,0.004452,0.001891,0.015578,0.019693,50.78,0.2401,0.76445,0.96542,curved,gentle
MVI_40241,322,76,2206,2281,565.45,564.35,0.9981,14.67,35.08,6.636,165.9,0.001941,0.000746,0.003689,0.016296,61.36,0.1476,0.40308,1.47144,straight,gentle
MVI_40241,323,61,2206,2266,548.53,548.24,0.9995,12.13,19.24,8.367,209.16,0.0009,0.000474,0.002768,0.003707,269.73,0.10772,0.33982,0.48692,straight,gentle
MVI_40241,324,84,2211,2294,704.79,703.51,0.9982,2.32,35.58,6.461,161.53,0.002078,0.00096,0.00451,0.015076,66.33,0.18861,0.50477,0.82649,straight,straight
MVI_40241,325,86,2216,2301,655.73,654.68,0.9984,3.08,37.01,6.396,159.91,0.001458,0.000795,0.003835,0.007254,137.85,0.12235,0.57465,1.57715,straight,straight
MVI_40241,326,76,2226,2301,565.98,564.55,0.9975,16.98,50.41,4.798,119.96,0.003541,0.002108,0.009596,0.018843,53.07,0.22877,0.71019,1.27803,straight,gentle
MVI_40241,327,66,2246,2311,408.26,406.6,0.9959,26.22,41.85,4.116,102.9,0.004097,0.001335,0.013977,0.014789,67.62,0.18795,0.68864,1.24756,curved,gentle
MVI_40241,328,71,2246,2316,710.25,707.72,0.9964,21.02,53.79,6.176,154.4,0.0038,0.001018,0.01553,0.02237,44.7,0.18551,1.07703,1.37881,curved,gentle
MVI_40241,329,75,2246,2320,556.33,556.13,0.9996,1.08,20.87,6.21,155.24,0.00121,0.00075,0.003034,0.005261,190.06,0.13847,0.32211,0.42921,straight,straight
MVI_40241,330,70,2251,2320,328.6,328.32,0.9991,15.63,37.48,4.078,101.95,0.004326,0.002034,0.010818,0.027085,36.92,0.15883,0.8158,1.22201,straight,gentle
MVI_40241,331,60,2261,2320,528.13,525.82,0.9956,12.28,40.2,6.201,155.03,0.002809,0.001474,0.006673,0.020614,48.51,0.23182,0.89541,1.06922,straight,gentle
MVI_40241,332,60,2261,2320,411.83,411.04,0.9981,23.71,36.22,5.37,134.26,0.002483,0.001485,0.006938,0.013506,74.04,0.23275,0.63352,1.44085,curved,gentle
MVI_40241,333,38,2283,2320,581.33,577.52,0.9934,18.36,29.96,14.184,354.6,0.000886,0.000439,0.002099,0.002465,405.64,0.16698,1.33623,1.35272,straight,gentle
MVI_40241,334,35,2286,2320,130.03,129.73,0.9977,11.49,30.4,3.817,95.42,0.005574,0.002669,0.017964,0.022613,44.22,0.24905,1.26329,1.47303,straight,gentle
MVI_40241,335,35,2286,2320,101.46,101.09,0.9964,3.33,30.21,2.776,69.4,0.006918,0.003237,0.019457,0.024859,40.23,0.29594,1.26717,1.60666,straight,straight
MVI_40241,336,20,2301,2320,243.49,242.65,0.9965,9.2,23.44,12.809,320.22,0.002068,0.00196,0.003366,0.004091,244.42,0.64745,0.94416,1.14531,straight,straight
MVI_40241,337,15,2306,2320,270.82,270.35,0.9983,12.4,12.4,19.649,491.22,0.000903,0.000966,0.001391,0.00148,675.82,0.41429,0.63756,0.68664,straight,gentle
MVI_40241,338,5,2316,2320,13.19,13.19,1.0,0.03,0.03,3.298,82.46,4.5e-05,4.5e-05,4.5e-05,4.5e-05,22374.61,0.00368,0.00368,0.00368,unknown,unknown
MVI_40243,1,11,1,11,129.92,129.61,0.9976,16.24,16.24,12.961,324.02,0.003021,0.001746,0.006669,0.010306,97.03,0.56587,1.38246,1.84788,unknown,unknown
MVI_40243,2,16,1,16,255.23,254.93,0.9988,9.62,15.03,16.978,424.44,0.001542,0.000725,0.003857,0.007403,135.08,0.28331,1.11484,1.72977,straight,straight
MVI_40243,3,16,1,16,277.48,277.31,0.9994,6.3,6.35,18.795,469.87,0.000381,0.00031,0.000877,0.001032,969.26,0.16098,0.4115,0.45886,straight,straight
MVI_40243,4,41,1,41,376.3,376.22,0.9998,5.23,10.23,9.213,230.33,0.000651,0.000329,0.002179,0.003323,300.94,0.08409,0.36445,0.4829,straight,straight
MVI_40243,5,11,1,11,25.62,25.6,0.9991,8.35,8.35,2.56,64.01,0.005726,0.005672,0.006755,0.007054,141.76,0.36305,0.40789,0.41986,unknown,unknown
MVI_40243,6,51,1,51,316.15,315.86,0.9991,6.44,23.5,4.999,124.96,0.00208,0.001493,0.004216,0.008142,122.82,0.2329,0.35827,0.59593,straight,straight
MVI_40243,7,56,1,56,515.27,512.73,0.9951,16.27,30.94,6.701,167.51,0.00135,0.001107,0.002853,0.003714,269.25,0.18272,0.78702,0.91824,straight,gentle
MVI_40243,8,71,11,81,650.42,649.8,0.999,16.12,34.4,7.592,189.8,0.001627,0.000902,0.004178,0.00695,143.89,0.183,0.49615,0.88345,straight,gentle
MVI_40243,9,61,11,71,555.53,554.78,0.9986,19.46,27.29,8.234,205.84,0.001301,0.000651,0.003918,0.007413,134.9,0.11792,0.60136,0.73236,straight,gentle
MVI_40243,10,61,16,76,611.1,610.65,0.9993,13.33,20.2,8.964,224.09,0.000795,0.000467,0.001679,0.006811,146.82,0.10739,0.31366,1.51531,straight,gentle
MVI_40243,11,56,31,86,617.89,616.04,0.997,24.76,30.58,8.297,207.42,0.001562,0.000554,0.005403,0.010371,96.42,0.11431,0.7543,0.9267,curved,gentle
MVI_40243,12,56,36,91,512.43,510.31,0.9959,24.46,32.64,6.565,164.13,0.001772,0.000556,0.005434,0.008664,115.43,0.10733,0.92311,1.28963,curved,gentle
MVI_40243,13,56,41,96,562.24,561.79,0.9992,2.54,27.77,8.761,219.02,0.001781,0.000542,0.006794,0.008566,116.74,0.19433,0.80894,0.93118,straight,straight
MVI_40243,14,66,46,111,622.97,622.6,0.9994,2.28,22.13,7.921,198.03,0.001129,0.000641,0.003071,0.004529,220.8,0.1485,0.40046,0.50585,straight,straight
MVI_40243,15,56,51,106,470.2,469.49,0.9985,18.78,26.11,8.165,204.13,0.001254,0.000799,0.003372,0.004955,201.83,0.16945,0.54288,0.80603,straight,gentle
MVI_40243,16,51,51,101,506.98,506.37,0.9988,11.13,18.5,9.109,227.72,0.000689,0.000613,0.001262,0.001398,715.4,0.13653,0.50992,0.55301,straight,gentle
MVI_40243,17,56,66,121,569.88,569.6,0.9995,3.93,15.16,9.559,238.99,0.000777,0.000429,0.001925,0.003181,314.36,0.1245,0.28295,0.45481,straight,straight
MVI_40243,18,66,76,141,645.56,644.84,0.9989,9.8,38.52,8.671,216.78,0.002103,0.000563,0.006947,0.00941,106.27,0.13141,0.78128,1.86623,straight,straight
MVI_40243,19,56,76,131,474.45,474.24,0.9995,6.62,9.0,7.912,197.79,0.000504,0.000199,0.001387,0.001767,565.92,0.05174,0.17083,0.23957,straight,straight
MVI_40243,20,46,81,126,368.61,368.21,0.9989,12.78,18.18,5.968,149.19,0.00191,0.001076,0.005891,0.009582,104.36,0.18266,0.41004,0.56729,straight,gentle
MVI_40243,21,56,96,151,533.43,533.24,0.9996,9.45,17.41,9.101,227.52,0.000776,0.000502,0.001686,0.003275,305.38,0.13691,0.29306,0.74267,straight,straight
MVI_40243,22,46,101,146,385.26,384.56,0.9982,7.69,21.96,6.321,158.02,0.001173,0.000999,0.002803,0.003323,300.97,0.11439,0.73587,0.78907,straight,straight
MVI_40243,23,51,106,156,348.26,345.58,0.9923,53.5,61.39,5.015,125.37,0.007987,0.000942,0.040091,0.051352,19.47,0.16589,2.66474,3.14289,curved,sharp
MVI_40243,24,61,106,166,576.2,575.39,0.9986,12.49,23.5,8.658,216.45,0.000767,0.000509,0.001581,0.002903,344.46,0.12694,0.45506,0.89907,straight,gentle
MVI_40243,25,66,126,191,657.62,656.34,0.9981,23.31,36.41,8.542,213.56,0.001383,0.000687,0.003414,0.007739,129.22,0.17986,0.57477,2.09414,curved,gentle
MVI_40243,26,61,131,191,518.82,518.5,0.9994,11.88,15.14,7.911,197.77,0.000587,0.000413,0.001257,0.002305,433.76,0.07608,0.28424,0.63305,straight,gentle
MVI_40243,27,51,131,181,586.53,585.23,0.9978,16.09,31.55,8.372,209.3,0.001882,0.001072,0.004755,0.009296,107.58,0.24392,0.71342,0.85791,straight,gentle
MVI_40243,28,66,136,201,590.92,590.36,0.999,17.12,25.05,8.061,201.53,0.001116,0.000688,0.003278,0.004224,236.77,0.14405,0.3537,1.01261,straight,gentle
MVI_40243,29,51,141,191,403.4,401.82,0.9961,13.14,35.79,6.25,156.24,0.002429,0.00083,0.007254,0.015806,63.27,0.15678,0.94531,1.80035,straight,gentle
MVI_40243,30,51,161,211,367.16,367.08,0.9998,1.49,13.09,5.176,129.4,0.001321,0.000615,0.00361,0.004928,202.91,0.14266,0.24062,0.30162,straight,straight
MVI_40243,31,66,166,231,674.82,674.16,0.999,1.21,27.68,9.5,237.51,0.000965,0.000797,0.002182,0.003469,288.31,0.16591,0.48762,1.02046,straight,straight
MVI_40243,32,66,176,241,532.95,532.87,0.9998,6.79,13.45,7.484,187.1,0.000691,0.00038,0.001554,0.004106,243.52,0.08649,0.2183,0.55007,straight,straight
MVI_40243,33,66,181,246,566.78,566.42,0.9994,13.1,33.13,7.664,191.6,0.00198,0.000717,0.005682,0.009215,108.52,0.20651,0.57062,0.86948,straight,gentle
MVI_40243,34,71,181,251,528.41,524.88,0.9933,24.98,60.14,5.205,130.13,0.002946,0.00273,0.00623,0.011118,89.94,0.25989,0.89254,2.31251,curved,gentle
MVI_40243,35,51,186,236,580.13,579.66,0.9992,11.6,26.32,8.416,210.4,0.001872,0.000663,0.007119,0.009085,110.08,0.20909,0.67994,0.81669,straight,gentle
MVI_40243,36,71,201,271,601.71,601.07,0.9989,6.91,29.8,7.506,187.64,0.001288,0.000858,0.002735,0.004439,225.27,0.22358,0.37357,0.64874,straight,straight
MVI_40243,37,56,206,261,608.06,606.76,0.9979,20.0,38.71,7.762,194.06,0.002568,0.000847,0.008652,0.016853,59.34,0.25003,0.68607,1.08277,curved,gentle
MVI_40243,38,61,231,291,397.41,395.59,0.9954,18.58,65.87,4.545,113.61,0.009867,0.001413,0.026537,0.141249,7.08,0.18066,1.83609,3.0759,straight,gentle
MVI_40243,39,51,236,286,424.21,423.2,0.9976,8.51,28.6,5.939,148.48,0.001731,0.001488,0.003392,0.004577,218.47,0.22688,0.72368,0.74462,straight,straight
MVI_40243,40,71,251,321,502.22,500.28,0.9961,7.07,50.15,4.948,123.69,0.004386,0.001544,0.011436,0.032386,30.88,0.2777,1.01287,1.25664,straight,straight
MVI_40243,41,51,251,301,500.87,500.72,0.9997,4.5,7.39,9.059,226.47,0.000279,0.000265,0.000491,0.000745,1343.06,0.06178,0.1262,0.16673,straight,straight
MVI_40243,42,66,261,326,633.84,633.55,0.9995,11.15,23.11,7.839,195.99,0.001313,0.00069,0.003193,0.008968,111.51,0.15666,0.39881,0.73195,straight,gentle
MVI_40243,43,36,261,296,457.94,457.8,0.9997,2.28,12.87,12.584,314.6,0.000679,0.00042,0.001606,0.002005,498.83,0.14631,0.37793,0.60338,straight,straight
MVI_40243,44,66,286,351,593.63,593.32,0.9995,11.14,15.57,8.166,204.16,0.000647,0.000333,0.001627,0.003741,267.33,0.06271,0.26145,0.78504,straight,gentle
MVI_40243,45,56,291,346,494.9,494.62,0.9994,5.83,21.19,8.454,211.36,0.001031,0.000511,0.002759,0.006398,156.3,0.11967,0.39128,1.23065,straight,straight
MVI_40243,46,91,301,391,449.68,435.38,0.9682,16.05,143.57,4.56,113.99,0.0103,0.003561,0.023637,0.077617,12.88,0.30989,2.43689,3.09267,curved,gentle
MVI_40243,47,71,311,381,551.36,550.92,0.9992,9.86,36.63,7.353,183.83,0.001733,0.00107,0.004431,0.008387,119.24,0.20501,0.51319,1.30414,straight,straight
MVI_40243,48,51,316,366,493.03,489.16,0.9921,0.35,64.74,7.699,192.48,0.005367,0.001882,0.020904,0.04035,24.78,0.38783,1.6454,2.55084,straight,straight
MVI_40243,49,71,321,391,617.78,607.11,0.9827,14.18,77.79,6.946,173.65,0.003898,0.001857,0.008789,0.023037,43.41,0.45234,1.46986,2.27034,straight,gentle
MVI_40243,50,71,321,391,657.93,655.09,0.9957,13.17,34.11,6.337,158.42,0.001136,0.000668,0.002926,0.006021,166.08,0.1008,0.53193,1.23599,straight,gentle
MVI_40243,51,66,331,396,672.43,671.24,0.9982,11.96,31.39,8.905,222.64,0.00157,0.000701,0.005059,0.006586,151.83,0.2001,0.50848,0.76817,straight,gentle
MVI_40243,52,61,341,401,534.36,534.17,0.9996,1.71,18.82,7.983,199.57,0.000982,0.001034,0.00173,0.002601,384.47,0.1822,0.31869,0.43994,straight,straight
MVI_40243,53,66,296,361,678.94,677.26,0.9975,6.95,23.64,9.197,229.92,0.000808,0.000761,0.00146,0.002007,498.18,0.16254,0.3655,0.556,straight,straight
MVI_40243,54,61,346,406,607.66,607.37,0.9995,12.75,20.52,9.022,225.56,0.000876,0.000545,0.002085,0.004836,206.77,0.10086,0.34979,1.15352,straight,gentle
MVI_40243,55,66,366,431,536.96,532.49,0.9917,43.4,51.92,6.146,153.64,0.002638,0.00074,0.008492,0.015542,64.34,0.14682,1.2908,2.62977,curved,gentle
MVI_40243,56,71,366,436,416.02,414.89,0.9973,33.24,48.84,4.318,107.95,0.003813,0.001546,0.012607,0.019734,50.67,0.2156,0.67734,2.68529,curved,gentle
MVI_40243,57,51,371,421,377.32,376.01,0.9965,1.2,42.82,5.817,145.44,0.004537,0.001386,0.017299,0.024054,41.57,0.23088,1.56311,2.1176,straight,straight
MVI_40243,58,61,371,431,665.52,662.83,0.996,21.93,29.71,8.106,202.66,0.001081,0.000425,0.00252,0.006271,159.46,0.09052,0.89188,1.29146,curved,gentle
MVI_40243,59,56,376,431,575.1,575.0,0.9998,0.57,14.67,9.672,241.79,0.000807,0.000317,0.002831,0.003356,298.0,0.07935,0.38425,0.45072,straight,straight
MVI_40243,60,76,386,461,542.02,541.76,0.9995,3.86,25.85,6.436,160.9,0.001433,0.000786,0.003923,0.006112,163.6,0.14261,0.42021,0.52404,straight,straight
MVI_40243,61,56,391,446,383.52,381.28,0.9941,8.4,66.13,5.351,133.78,0.00598,0.00291,0.019254,0.040731,24.55,0.31841,1.61094,2.72251,straight,straight
MVI_40243,62,76,401,476,715.28,711.69,0.995,20.21,65.19,7.21,180.25,0.002768,0.001445,0.008492,0.022111,45.23,0.17478,1.13797,4.90708,curved,gentle
MVI_40243,63,66,416,481,512.16,510.44,0.9967,15.72,30.29,5.278,131.95,0.00123,0.000725,0.002676,0.004529,220.79,0.11465,0.60664,1.20468,straight,gentle
MVI_40243,64,66,416,481,652.69,652.04,0.999,18.11,29.79,7.929,198.22,0.001481,0.000695,0.004437,0.0089,112.35,0.17229,0.55841,0.70116,straight,gentle
MVI_40243,65,46,421,466,483.48,483.29,0.9996,7.51,8.6,10.21,255.25,0.00034,0.000225,0.000682,0.000738,1354.54,0.05791,0.23267,0.26969,straight,straight
MVI_40243,66,61,426,486,614.41,613.52,0.9985,19.74,22.64,9.102,227.55,0.000866,0.000456,0.002315,0.004849,206.23,0.10595,0.4724,1.27439,straight,gentle
MVI_40243,67,61,426,486,399.03,398.34,0.9983,13.73,37.7,4.507,112.67,0.004067,0.001709,0.013083,0.020291,49.28,0.23681,0.88616,1.20943,straight,gentle
MVI_40243,68,56,441,496,384.96,384.87,0.9998,1.16,17.07,5.296,132.41,0.001374,0.000919,0.004207,0.005012,199.52,0.13984,0.25278,0.46596,straight,straight
MVI_40243,69,71,451,521,551.08,548.04,0.9945,30.51,43.53,5.625,140.63,0.00212,0.001414,0.005394,0.007823,127.83,0.18769,1.00031,1.98915,curved,gentle
MVI_40243,70,66,466,531,663.38,662.95,0.9994,15.28,22.03,8.566,214.16,0.000968,0.000545,0.003115,0.004348,229.97,0.11647,0.37628,1.07463,straight,gentle
MVI_40243,71,81,471,551,675.05,672.0,0.9955,16.9,51.15,5.664,141.61,0.002973,0.001289,0.008713,0.018623,53.7,0.2129,0.808,1.47271,straight,gentle
MVI_40243,72,61,486,546,582.56,582.24,0.9995,10.63,14.75,8.708,217.7,0.000648,0.000458,0.001773,0.002638,379.11,0.09964,0.25289,0.32981,straight,gentle
MVI_40243,73,66,496,561,674.69,674.22,0.9993,4.14,24.21,8.934,223.34,0.001381,0.000645,0.004231,0.006581,151.96,0.15696,0.3813,0.71091,straight,straight
MVI_40243,74,46,501,546,462.14,462.0,0.9997,7.53,15.09,9.335,233.36,0.00076,0.000526,0.00208,0.0025,400.0,0.14863,0.30848,0.34869,straight,straight
MVI_40243,75,66,501,566,516.53,514.62,0.9963,17.81,29.03,5.303,132.58,0.001159,0.00111,0.002275,0.003707,269.77,0.11105,0.55723,1.00094,straight,gentle
MVI_40243,76,71,511,581,664.83,663.69,0.9983,30.99,44.59,7.826,195.66,0.002179,0.000721,0.008501,0.011398,87.73,0.12458,0.91402,2.55737,curved,gentle
MVI_40243,77,61,511,571,595.64,595.25,0.9994,16.68,23.24,8.677,216.92,0.001377,0.000562,0.005144,0.009393,106.47,0.11073,0.5629,0.89101,straight,gentle
MVI_40243,78,51,521,571,348.18,348.16,0.9999,0.98,7.41,4.907,122.68,0.000741,0.000161,0.00218,0.003815,262.09,0.03665,0.18456,0.29014,straight,straight
MVI_40243,79,81,521,601,642.13,636.63,0.9914,21.06,48.8,5.464,136.61,0.001682,0.000822,0.004665,0.006076,164.59,0.10571,1.18927,1.85458,curved,gentle
MVI_40243,80,51,531,581,520.54,520.2,0.9993,6.04,11.56,9.597,239.92,0.000441,0.000246,0.000944,0.001935,516.75,0.04581,0.38815,0.40233,straight,straight
MVI_40243,81,46,551,596,486.66,486.58,0.9998,2.67,7.61,10.24,256.0,0.000455,0.000245,0.00129,0.001951,512.55,0.05312,0.25197,0.3439,straight,straight
MVI_40243,82,61,551,611,569.91,569.54,0.9994,8.86,18.96,8.091,202.29,0.000965,0.000553,0.002251,0.003844,260.13,0.1466,0.27305,0.51114,straight,straight
MVI_40243,83,71,566,636,535.21,532.92,0.9957,18.63,44.1,5.249,131.22,0.002438,0.001751,0.005784,0.007981,125.3,0.22145,0.70533,1.74142,straight,gentle
MVI_40243,84,66,576,641,664.46,663.8,0.999,9.01,22.83,8.639,215.97,0.001124,0.000703,0.002593,0.004167,239.97,0.1706,0.34053,0.66975,straight,straight
MVI_40243,85,76,591,666,567.04,566.36,0.9988,9.11,26.08,6.64,166.01,0.001067,0.000875,0.002523,0.003877,257.91,0.157,0.3557,0.49057,straight,straight
MVI_40243,86,81,591,671,671.77,669.31,0.9963,8.06,53.72,6.165,154.13,0.002498,0.001592,0.005958,0.01162,86.06,0.26238,0.79532,2.49325,straight,straight
MVI_40243,87,61,596,656,617.42,616.94,0.9992,8.01,24.59,9.558,238.94,0.001064,0.000449,0.003344,0.004277,233.79,0.10518,0.49623,1.09239,straight,straight
MVI_40243,88,51,606,656,367.68,367.25,0.9988,19.21,29.55,5.572,139.31,0.002783,0.001294,0.010562,0.01458,68.59,0.20521,0.72231,0.85631,straight,gentle
MVI_40243,89,71,616,686,531.08,530.57,0.9991,9.32,25.04,6.375,159.39,0.001304,0.000875,0.003534,0.006108,163.71,0.14495,0.50693,0.68256,straight,straight
MVI_40243,90,51,631,681,479.38,479.06,0.9993,9.02,21.96,8.822,220.56,0.001223,0.000794,0.002649,0.003544,282.18,0.21553,0.41643,0.60379,straight,straight
MVI_40243,91,81,631,711,676.96,675.31,0.9976,3.3,36.43,6.156,153.9,0.002258,0.001051,0.003502,0.026343,37.96,0.16766,0.59953,1.05859,straight,straight
MVI_40243,92,56,636,691,574.16,573.7,0.9992,7.77,22.92,8.996,224.91,0.001119,0.000675,0.002733,0.005092,196.4,0.13134,0.52775,0.77788,straight,straight
MVI_40243,93,71,641,711,529.63,527.17,0.9954,21.79,49.83,5.45,136.24,0.002766,0.001649,0.007471,0.01108,90.26,0.19135,0.75266,2.36922,curved,gentle
MVI_40243,94,66,646,711,533.35,532.35,0.9981,20.67,38.53,7.447,186.18,0.001689,0.000724,0.00369,0.016452,60.78,0.14559,0.58665,2.66223,curved,gentle
MVI_40243,95,76,666,741,671.33,668.94,0.9964,20.66,31.7,6.295,157.38,0.000963,0.000599,0.002258,0.003311,302.02,0.07928,0.57229,1.43461,curved,gentle
MVI_40243,96,86,676,761,450.43,447.82,0.9942,36.84,106.46,3.595,89.88,0.012743,0.003068,0.047685,0.072378,13.82,0.32835,1.80143,2.53469,curved,gentle
MVI_40243,97,61,681,741,617.82,617.39,0.9993,3.84,20.0,9.164,229.11,0.000872,0.000526,0.001806,0.00319,313.46,0.14246,0.32425,0.55812,straight,straight
MVI_40243,98,56,691,746,385.95,384.56,0.9964,5.78,44.68,5.724,143.11,0.003901,0.001341,0.011347,0.013558,73.76,0.24696,1.22174,1.84293,straight,straight
MVI_40243,99,51,696,746,472.43,472.19,0.9995,1.84,15.32,8.703,217.58,0.00091,0.000668,0.002216,0.002549,392.26,0.14399,0.30227,0.49446,straight,straight
MVI_40243,100,61,696,756,697.18,696.31,0.9988,11.27,22.55,9.693,242.32,0.000878,0.000543,0.002094,0.004202,237.95,0.19782,0.40401,0.61407,straight,gentle
MVI_40243,101,81,706,786,715.06,710.28,0.9933,25.28,42.75,6.123,153.07,0.001447,0.000869,0.002843,0.007622,131.19,0.1207,0.93413,1.19974,curved,gentle
MVI_40243,102,61,716,776,630.1,629.71,0.9994,10.12,19.58,8.426,210.66,0.001048,0.00053,0.002416,0.003638,274.9,0.17471,0.30226,0.50076,straight,gentle
MVI_40243,103,71,721,791,502.52,501.12,0.9972,0.65,49.44,4.732,118.31,0.005756,0.001204,0.018084,0.054172,18.46,0.21886,0.97335,1.91398,straight,straight
MVI_40243,104,51,726,776,536.2,535.95,0.9995,3.27,17.74,9.884,247.1,0.000884,0.000464,0.002613,0.002679,373.28,0.10664,0.40451,0.54204,straight,straight
MVI_40243,105,71,756,826,629.05,628.69,0.9994,4.24,19.19,7.934,198.34,0.001022,0.000594,0.002435,0.003524,283.76,0.14673,0.31629,0.39826,straight,straight
MVI_40243,106,56,761,816,381.89,381.53,0.9991,4.99,34.04,4.77,119.26,0.003988,0.001945,0.013209,0.017203,58.13,0.28583,0.71019,1.10861,straight,straight
MVI_40243,107,76,761,836,662.92,659.66,0.9951,25.49,48.21,6.042,151.05,0.002258,0.001518,0.004873,0.012132,82.43,0.20701,0.86841,1.43016,curved,gentle
MVI_40243,108,46,771,816,502.09,501.83,0.9995,8.24,14.79,10.123,253.07,0.000707,0.000455,0.001814,0.002072,482.63,0.15545,0.27782,0.34973,straight,straight
MVI_40243,109,66,776,841,658.74,658.29,0.9993,8.27,19.46,8.036,200.9,0.000687,0.000638,0.001411,0.001683,594.09,0.11958,0.32796,0.41041,straight,straight
MVI_40243,110,66,781,846,509.17,504.91,0.9916,15.85,55.65,5.034,125.84,0.004024,0.002072,0.011583,0.018088,55.28,0.26407,1.04205,1.53699,straight,gentle
MVI_40243,111,66,801,866,696.68,695.89,0.9989,17.38,38.5,9.03,225.74,0.001857,0.000837,0.005046,0.00879,113.76,0.20555,0.75363,1.45764,straight,gentle
MVI_40243,112,76,801,876,674.16,672.7,0.9978,20.66,33.24,6.491,162.28,0.002073,0.001,0.004477,0.01803,55.46,0.15299,0.53079,0.79108,curved,gentle
MVI_40243,113,61,811,871,583.66,583.34,0.9994,11.23,15.02,8.708,217.7,0.000593,0.000435,0.001227,0.003423,292.15,0.07427,0.27946,0.85387,straight,gentle
MVI_40243,114,51,816,866,503.8,503.75,0.9999,1.22,8.03,8.973,224.32,0.000445,0.000403,0.000947,0.001095,913.06,0.10052,0.15327,0.19048,straight,straight
MVI_40243,115,61,821,881,474.72,474.09,0.9987,19.06,36.45,5.594,139.86,0.00348,0.001114,0.009166,0.02893,34.57,0.21951,0.62601,1.18484,straight,gentle
MVI_40243,116,61,821,881,410.79,410.05,0.9982,17.84,34.37,4.891,122.28,0.002511,0.001296,0.007401,0.009812,101.92,0.17005,0.67217,1.67221,straight,gentle
MVI_40243,117,76,836,911,651.69,648.07,0.9944,31.67,50.99,5.965,149.14,0.002487,0.00152,0.006654,0.011694,85.52,0.21399,0.76119,1.48846,curved,gentle
MVI_40243,118,56,841,896,488.87,488.78,0.9998,4.24,11.25,8.387,209.67,0.000672,0.000424,0.00213,0.00279,358.47,0.10358,0.27287,0.3367,straight,straight
MVI_40243,119,61,841,901,612.65,612.35,0.9995,9.14,12.52,9.271,231.77,0.00047,0.000337,0.000902,0.002862,349.46,0.07929,0.21254,0.68864,straight,straight
MVI_40243,120,66,846,911,694.78,694.28,0.9993,19.99,26.58,8.845,221.12,0.001303,0.000306,0.005224,0.007722,129.5,0.07851,0.6675,1.192,straight,gentle
MVI_40243,121,71,846,916,537.08,535.33,0.9967,7.59,41.53,5.722,143.06,0.001941,0.001597,0.003941,0.012905,77.49,0.16132,0.84453,2.72782,straight,straight
MVI_40243,122,66,861,926,438.92,437.43,0.9966,9.54,41.77,4.803,120.07,0.003605,0.001849,0.011066,0.016478,60.69,0.25343,0.76119,1.31382,straight,straight
MVI_40243,123,71,871,941,625.93,623.87,0.9967,14.94,34.21,5.907,147.67,0.001396,0.001352,0.002715,0.003843,260.21,0.1414,0.61534,0.96785,straight,gentle
MVI_40243,124,71,881,951,528.69,527.03,0.9969,14.6,36.56,5.067,126.68,0.002282,0.001335,0.00633,0.010512,95.13,0.22413,0.5281,1.08645,straight,gentle
MVI_40243,125,56,891,946,538.98,538.66,0.9994,11.62,15.64,8.618,215.44,0.00071,0.000363,0.002292,0.004041,247.45,0.06503,0.37443,0.39768,straight,gentle
MVI_40243,126,66,896,961,662.89,662.25,0.999,15.71,23.06,7.818,195.44,0.00121,0.000595,0.003172,0.007269,137.58,0.12428,0.40136,0.55588,straight,gentle
MVI_40243,127,66,896,961,418.16,416.08,0.995,21.32,45.85,4.234,105.85,0.003626,0.001912,0.009812,0.014558,68.69,0.2709,0.78953,2.38946,curved,gentle
MVI_40243,128,86,896,981,380.5,377.94,0.9933,26.96,114.83,3.375,84.38,0.016807,0.002499,0.070465,0.121321,8.24,0.31289,2.26483,4.74862,curved,gentle
MVI_40243,129,71,901,971,654.42,650.86,0.9946,24.88,46.47,6.413,160.34,0.002084,0.00118,0.005518,0.011279,88.66,0.14681,1.06443,1.79881,curved,gentle
MVI_40243,130,56,921,976,597.4,597.21,0.9997,4.82,8.87,9.428,235.71,0.000321,0.000276,0.000639,0.000851,1174.79,0.06666,0.19737,0.27464,straight,straight
MVI_40243,131,61,936,996,368.34,367.94,0.9989,4.18,26.52,4.588,114.7,0.002855,0.001461,0.006635,0.013945,71.71,0.22533,0.47814,0.58624,straight,straight
MVI_40243,132,81,941,1021,677.49,675.49,0.9971,7.88,46.13,5.798,144.94,0.002577,0.000857,0.008618,0.014389,69.5,0.14181,0.70017,1.00169,straight,straight
MVI_40243,133,76,946,1021,702.11,701.36,0.9989,8.18,36.9,7.783,194.57,0.001562,0.000835,0.003403,0.008945,111.79,0.17942,0.57031,0.83038,straight,straight
MVI_40243,134,71,951,1021,520.81,519.07,0.9967,25.7,35.94,5.259,131.47,0.001714,0.001261,0.003998,0.007227,138.37,0.15906,0.67138,1.50334,curved,gentle
MVI_40243,135,76,986,1061,662.29,658.63,0.9945,25.42,43.65,6.123,153.07,0.001622,0.001332,0.003707,0.006145,162.73,0.17207,1.01468,1.70823,curved,gentle
MVI_40243,136,61,996,1056,357.21,355.31,0.9947,4.45,49.21,4.111,102.76,0.004818,0.001706,0.01598,0.030512,32.77,0.21717,1.64214,2.44578,straight,straight
MVI_40243,137,76,996,1071,520.53,520.11,0.9992,5.96,34.54,6.466,161.66,0.001498,0.001155,0.00292,0.008128,123.04,0.20831,0.40521,1.11389,straight,straight
MVI_40243,138,56,1006,1061,421.28,419.26,0.9952,13.62,64.37,5.798,144.96,0.005716,0.002441,0.02069,0.02419,41.34,0.39635,1.46022,3.40038,straight,gentle
MVI_40243,139,71,1021,1091,616.65,615.71,0.9985,26.56,36.56,7.329,183.22,0.001661,0.000524,0.006353,0.010828,92.35,0.12255,0.63083,2.34767,curved,gentle
MVI_40243,140,56,1026,1081,527.27,526.85,0.9992,3.76,16.94,8.529,213.21,0.000759,0.000566,0.001769,0.002919,342.58,0.13877,0.29094,0.37548,straight,straight
MVI_40243,141,76,1036,1111,663.41,660.07,0.995,22.41,45.02,5.933,148.32,0.001902,0.001699,0.004052,0.005053,197.91,0.22199,0.62379,1.39508,curved,gentle
MVI_40243,142,71,1046,1116,601.76,600.03,0.9971,33.52,44.53,7.528,188.21,0.001759,0.000861,0.004925,0.016673,59.98,0.17289,0.51909,3.15606,curved,gentle
MVI_40243,143,66,1046,1111,656.06,655.1,0.9985,17.24,31.68,8.176,204.39,0.001214,0.00089,0.00261,0.004763,209.96,0.17293,0.43799,1.45006,straight,gentle
MVI_40243,144,66,1056,1121,522.81,520.01,0.9947,25.94,34.92,5.428,135.69,0.00189,0.000509,0.005653,0.009256,108.04,0.07026,0.67684,1.25216,curved,gentle
MVI_40243,145,66,1066,1131,412.98,412.33,0.9984,2.93,40.7,4.436,110.89,0.004154,0.001897,0.01045,0.032173,31.08,0.20578,0.87355,1.19453,straight,straight
MVI_40243,146,66,1071,1136,508.68,505.55,0.9939,37.47,63.57,5.282,132.05,0.004804,0.002016,0.015292,0.020812,48.05,0.27817,1.08242,1.87665,curved,gentle
MVI_40243,147,51,1076,1126,530.89,530.76,0.9998,4.56,9.58,9.533,238.31,0.000507,0.000414,0.001245,0.001857,538.64,0.10038,0.18899,0.21106,straight,straight
MVI_40243,148,61,1081,1141,371.95,371.79,0.9996,0.39,24.39,4.427,110.67,0.002946,0.000899,0.010043,0.016399,60.98,0.1414,0.54781,0.98421,straight,straight
MVI_40243,149,66,1086,1151,673.65,673.37,0.9996,10.79,21.53,8.293,207.33,0.001152,0.000504,0.003191,0.006195,161.41,0.12196,0.3595,0.52127,straight,gentle
MVI_40243,150,86,1091,1176,518.54,514.43,0.9921,38.48,82.78,3.995,99.88,0.008566,0.002516,0.030055,0.047108,21.23,0.29074,1.38648,1.92219,curved,gentle
MVI_40243,151,71,1091,1161,670.78,668.26,0.9962,35.21,54.23,6.68,167.0,0.002853,0.001314,0.010089,0.012798,78.14,0.21008,0.82466,1.89303,curved,gentle
MVI_40243,152,81,1106,1186,633.77,632.58,0.9981,28.91,56.6,6.648,166.2,0.002982,0.001566,0.009012,0.015673,63.8,0.24524,0.75995,3.04926,curved,gentle
MVI_40243,153,76,1111,1186,591.84,588.92,0.9951,27.64,40.74,5.49,137.24,0.001655,0.000783,0.004067,0.009936,100.64,0.08818,0.98505,1.66263,curved,gentle
MVI_40243,154,66,1121,1186,664.45,663.83,0.9991,9.84,23.88,8.065,201.63,0.001235,0.000715,0.003326,0.007051,141.83,0.12916,0.44145,0.81232,straight,straight
MVI_40243,155,86,1126,1211,626.6,626.15,0.9993,3.05,24.85,6.178,154.45,0.001204,0.000756,0.003425,0.00641,156.01,0.13053,0.33109,0.44681,straight,straight
MVI_40243,156,86,1136,1221,596.91,595.62,0.9978,12.24,41.01,6.679,166.96,0.00182,0.001006,0.004711,0.006769,147.74,0.14571,0.64849,0.81732,straight,gentle
MVI_40243,157,76,1146,1221,672.39,672.23,0.9998,2.56,17.25,7.134,178.34,0.001305,0.000415,0.003951,0.010444,95.75,0.08913,0.31274,0.55327,straight,straight
MVI_40243,158,71,1156,1226,488.35,484.79,0.9927,10.84,69.98,4.843,121.07,0.006292,0.001719,0.013792,0.046868,21.34,0.23989,1.59653,1.98093,straight,gentle
MVI_40243,159,56,1171,1226,511.61,511.55,0.9999,0.78,10.39,8.791,219.79,0.000545,0.000352,0.001342,0.002196,455.41,0.073,0.21252,0.25826,straight,straight
MVI_40243,160,71,1176,1246,699.33,698.89,0.9994,9.15,29.46,8.062,201.56,0.002011,0.000391,0.008755,0.011137,89.79,0.11971,0.84291,1.09,straight,straight
MVI_40243,161,71,1181,1251,659.46,658.64,0.9988,4.01,28.74,6.858,171.46,0.001645,0.000592,0.004749,0.006311,158.44,0.17438,0.35699,0.7139,straight,straight
MVI_40243,162,80,1186,1265,583.36,581.08,0.9961,3.68,52.66,7.091,177.27,0.002529,0.001271,0.006528,0.015731,63.57,0.23137,0.93729,2.38544,straight,straight
MVI_40243,163,76,1186,1261,380.76,380.09,0.9982,19.66,45.84,3.824,95.61,0.004142,0.002338,0.011418,0.021683,46.12,0.2158,0.67284,2.91482,straight,gentle
MVI_40243,164,41,1201,1241,431.24,431.16,0.9998,1.35,10.71,9.85,246.24,0.000668,0.000455,0.001686,0.001867,535.69,0.11997,0.27869,0.29832,straight,straight
MVI_40243,165,50,1216,1265,487.82,483.94,0.9921,18.86,32.19,7.478,186.95,0.001163,0.000228,0.003492,0.006028,165.88,0.05243,1.28166,1.48855,straight,gentle
MVI_40243,166,50,1216,1265,559.19,557.68,0.9973,18.52,30.23,8.909,222.73,0.001357,0.000497,0.004406,0.006115,163.52,0.13597,0.84249,0.91074,straight,gentle
MVI_40243,167,45,1221,1265,307.4,307.18,0.9993,10.41,19.03,6.329,158.24,0.001698,0.00081,0.005486,0.00622,160.78,0.15473,0.53665,0.58318,straight,gentle
MVI_40243,168,35,1231,1265,171.85,171.44,0.9976,6.06,13.51,5.063,126.56,0.001401,0.001027,0.00345,0.004023,248.56,0.10309,0.47072,0.55078,straight,straight
MVI_40243,169,20,1246,1265,91.11,91.04,0.9993,5.17,12.21,4.848,121.2,0.002664,0.001474,0.005929,0.007364,135.8,0.19227,0.57966,0.66983,straight,straight
MVI_40243,170,15,1251,1265,49.31,49.3,0.9999,1.49,2.67,3.476,86.9,0.000949,0.000624,0.001545,0.001689,592.04,0.05295,0.14045,0.14908,straight,straight
MVI_40243,171,15,1251,1265,127.01,126.77,0.9981,15.15,15.15,9.612,240.3,0.003234,0.002042,0.0067,0.01432,69.83,0.43038,0.84926,1.41774,straight,gentle
MVI_40243,172,10,1256,1265,120.09,120.08,0.9999,2.22,2.22,13.594,339.85,0.000334,0.000295,0.000475,0.000522,1916.92,0.09987,0.14363,0.15297,unknown,unknown
MVI_40243,173,5,1261,1265,73.25,73.25,1.0,0.0,0.0,18.314,457.84,0.0,0.0,0.0,0.0,912124674757856.0,0.0,0.0,0.0,unknown,unknown
MVI_40244,1,21,1,21,277.03,276.05,0.9965,18.74,27.94,13.825,345.63,0.002455,0.000762,0.006747,0.013493,74.11,0.23202,1.75306,2.78259,straight,gentle
MVI_40244,2,16,1,16,316.07,315.66,0.9987,10.13,10.13,21.138,528.44,0.000596,0.000614,0.000898,0.001073,932.18,0.30997,0.38125,0.42939,straight,gentle
MVI_40244,3,31,1,31,381.84,381.8,0.9999,2.02,3.96,12.446,311.16,0.000204,0.000173,0.000383,0.000501,1995.59,0.06556,0.11362,0.13331,straight,straight
MVI_40244,4,41,1,41,447.49,447.28,0.9995,8.72,15.64,11.082,277.06,0.000798,0.000676,0.001616,0.001954,511.84,0.19624,0.32012,0.42119,straight,straight
MVI_40244,5,51,6,56,497.34,496.0,0.9973,10.89,23.18,7.43,185.76,0.000978,0.001126,0.001684,0.002102,475.82,0.16655,0.68397,0.78477,straight,gentle
MVI_40244,6,61,6,66,557.38,557.01,0.9993,10.08,18.58,8.74,218.5,0.000713,0.000443,0.001477,0.004445,224.97,0.09052,0.33148,1.09568,straight,gentle
MVI_40244,7,51,16,66,402.2,401.26,0.9977,16.87,22.8,5.848,146.2,0.001255,0.000838,0.003052,0.004062,246.19,0.16075,0.65053,0.72712,straight,gentle
MVI_40244,8,41,21,61,467.7,467.59,0.9998,2.35,11.25,11.522,288.04,0.000516,0.000423,0.000957,0.001908,523.99,0.13301,0.33358,0.54971,straight,straight
MVI_40244,9,51,31,81,487.94,487.51,0.9991,15.48,21.9,9.282,232.06,0.00102,0.000794,0.002413,0.003519,284.2,0.15616,0.45287,0.75268,straight,gentle
MVI_40244,10,51,46,96,485.03,483.87,0.9976,19.61,26.91,7.347,183.69,0.001377,0.000802,0.004097,0.007601,131.56,0.17757,0.74545,0.81521,straight,gentle
MVI_40244,11,51,46,96,612.06,611.34,0.9988,3.07,24.41,10.662,266.55,0.001083,0.000718,0.002982,0.005752,173.86,0.19373,0.44823,0.60342,straight,straight
MVI_40244,12,51,51,101,536.84,536.36,0.9991,4.3,22.27,10.035,250.89,0.000968,0.000778,0.00268,0.003178,314.69,0.17865,0.39819,0.4555,straight,straight
MVI_40244,13,66,51,116,704.02,699.92,0.9942,11.29,44.87,8.157,203.92,0.001999,0.00109,0.005104,0.012383,80.76,0.21705,0.80134,0.87011,straight,gentle
MVI_40244,14,51,66,116,589.9,589.39,0.9991,3.17,17.24,10.161,254.03,0.000944,0.000564,0.002609,0.004733,211.28,0.13841,0.37448,0.51146,straight,straight
MVI_40244,15,51,71,121,530.82,529.31,0.9972,20.91,24.73,7.845,196.12,0.001254,0.000588,0.004554,0.005645,177.15,0.13126,0.80016,0.85972,curved,gentle
MVI_40244,16,46,81,126,479.05,478.77,0.9994,9.83,12.23,10.268,256.7,0.000531,0.000414,0.00122,0.002007,498.18,0.12252,0.26917,0.3248,straight,straight
MVI_40244,17,41,86,126,417.78,417.7,0.9998,3.42,11.66,9.835,245.86,0.000676,0.000438,0.00148,0.00244,409.75,0.13752,0.24338,0.33966,straight,straight
MVI_40244,18,56,86,141,562.05,561.63,0.9992,11.86,15.32,9.549,238.71,0.000589,0.000379,0.001321,0.00229,436.71,0.10345,0.27524,0.62398,straight,gentle
MVI_40244,19,51,91,141,520.21,520.03,0.9996,6.48,17.8,9.892,247.31,0.001022,0.00064,0.002666,0.003733,267.91,0.16221,0.3846,0.67826,straight,straight
MVI_40244,20,51,96,146,345.12,345.08,0.9999,4.18,11.64,5.121,128.01,0.001289,0.000666,0.003369,0.005486,182.27,0.0969,0.28605,0.36373,straight,straight
MVI_40244,21,61,96,156,513.09,510.92,0.9958,32.32,41.99,6.352,158.8,0.002935,0.00061,0.010312,0.019114,52.32,0.1232,1.09187,1.46813,curved,gentle
MVI_40244,22,56,106,161,625.81,624.0,0.9971,17.21,28.46,8.046,201.15,0.001366,0.000855,0.003568,0.005732,174.47,0.20933,0.673,0.96877,straight,gentle
MVI_40244,23,56,111,166,658.49,658.0,0.9993,7.31,9.84,10.916,272.9,0.000296,0.000178,0.000604,0.001376,726.51,0.0569,0.21769,0.25181,straight,straight
MVI_40244,24,46,121,166,473.59,473.51,0.9998,0.16,9.44,9.816,245.41,0.000558,0.000285,0.001774,0.002506,399.05,0.0749,0.27342,0.34426,straight,straight
MVI_40244,25,61,121,181,709.2,705.67,0.995,16.97,29.38,8.397,209.91,0.000722,0.000599,0.00145,0.001695,589.9,0.11547,0.92946,1.10534,straight,gentle
MVI_40244,26,51,136,186,551.2,550.94,0.9995,9.86,10.48,9.679,241.96,0.000439,0.000184,0.001519,0.002021,494.76,0.04313,0.2861,0.29744,straight,straight
MVI_40244,27,46,141,186,369.58,368.03,0.9958,6.82,30.4,6.176,154.41,0.002961,0.001849,0.007799,0.013416,74.54,0.18961,1.00787,1.40903,straight,straight
MVI_40244,28,56,141,196,429.19,428.35,0.998,14.7,20.49,5.694,142.35,0.001004,0.000919,0.001935,0.00388,257.7,0.10207,0.41933,0.92007,straight,gentle
MVI_40244,29,56,161,216,634.9,634.32,0.9991,18.79,28.68,10.156,253.89,0.001412,0.000784,0.004463,0.005742,174.16,0.192,0.63929,1.08929,straight,gentle
MVI_40244,30,56,161,216,594.49,593.91,0.999,7.82,30.1,9.797,244.92,0.001344,0.000597,0.003418,0.010623,94.13,0.12612,0.586,2.25627,straight,straight
MVI_40244,31,61,171,231,666.53,665.39,0.9983,15.84,27.86,8.406,210.16,0.001749,0.000793,0.00512,0.006989,143.08,0.20685,0.50695,0.60635,straight,gentle
MVI_40244,32,51,191,241,579.03,578.55,0.9992,12.03,20.16,10.841,271.01,0.000805,0.000682,0.001752,0.005069,197.3,0.12675,0.43874,1.28826,straight,gentle
MVI_40244,33,61,191,251,674.8,674.2,0.9991,10.05,38.29,9.78,244.5,0.002013,0.000531,0.006499,0.014719,67.94,0.20039,0.82016,1.27523,straight,gentle
MVI_40244,34,56,196,251,522.24,520.73,0.9971,24.32,33.92,7.117,177.92,0.001777,0.000793,0.00701,0.008276,120.84,0.20317,0.6979,1.15928,curved,gentle
MVI_40244,35,46,216,261,490.51,490.29,0.9996,4.1,12.13,10.478,261.95,0.000615,0.000307,0.001761,0.002398,417.01,0.07327,0.30663,0.34859,straight,straight
MVI_40244,36,51,216,266,559.63,559.41,0.9996,2.42,13.49,10.528,263.2,0.000606,0.000317,0.001705,0.002843,351.74,0.06665,0.31586,0.49127,straight,straight
MVI_40244,37,66,216,281,400.38,399.76,0.9984,12.81,27.16,4.597,114.93,0.001494,0.001392,0.002679,0.003333,300.05,0.1641,0.34281,0.57514,straight,gentle
MVI_40244,38,56,221,276,644.22,643.59,0.999,13.15,28.08,10.339,258.46,0.001144,0.000699,0.002426,0.003978,251.4,0.20874,0.45451,1.24283,straight,gentle
MVI_40244,39,56,226,281,655.37,654.3,0.9984,18.51,27.97,9.284,232.09,0.001255,0.00075,0.003289,0.006353,157.41,0.16389,0.49229,1.11632,straight,gentle
MVI_40244,40,61,231,291,543.18,541.83,0.9975,10.31,35.57,6.822,170.55,0.001948,0.001159,0.005241,0.008743,114.38,0.20954,0.59289,1.21066,straight,gentle
MVI_40244,41,51,231,281,378.52,378.47,0.9999,0.43,8.56,5.761,144.02,0.000615,0.000482,0.001549,0.002207,453.06,0.05451,0.17278,0.31788,straight,straight
MVI_40244,42,51,236,286,477.21,476.43,0.9984,1.16,22.5,9.136,228.41,0.000914,0.000417,0.002342,0.006506,153.71,0.08855,0.66878,1.20946,straight,straight
MVI_40244,43,46,236,281,552.88,552.56,0.9994,11.85,13.33,11.476,286.89,0.000552,0.000288,0.001398,0.002896,345.26,0.10248,0.27578,0.72094,straight,gentle
MVI_40244,44,66,241,306,419.23,418.05,0.9972,9.27,39.22,5.065,126.63,0.003354,0.0017,0.007496,0.034008,29.41,0.22247,0.69068,1.93229,straight,straight
MVI_40244,45,51,251,301,396.95,395.54,0.9965,6.78,46.87,6.624,165.59,0.004723,0.001096,0.015345,0.024236,41.26,0.28863,1.53737,2.13356,straight,straight
MVI_40244,46,56,256,311,626.18,624.97,0.9981,14.11,21.65,8.182,204.54,0.000834,0.000561,0.002498,0.003076,325.12,0.12151,0.52714,0.78038,straight,gentle
MVI_40244,47,66,256,321,568.27,566.04,0.9961,1.82,41.78,6.678,166.95,0.002466,0.001401,0.006375,0.011,90.91,0.25385,0.69516,1.27198,straight,straight
MVI_40244,48,51,261,311,516.12,516.0,0.9998,5.5,8.19,9.603,240.09,0.00035,0.00021,0.000711,0.002298,435.13,0.05814,0.15274,0.46782,straight,straight
MVI_40244,49,41,276,316,531.12,530.87,0.9995,0.36,11.43,11.59,289.74,0.000571,0.000298,0.00191,0.002978,335.79,0.09652,0.31403,0.4223,straight,straight
MVI_40244,50,56,276,331,526.11,525.92,0.9996,4.7,13.98,9.065,226.62,0.000715,0.000425,0.001874,0.002613,382.65,0.13605,0.33195,0.54242,straight,straight
MVI_40244,51,51,301,351,545.08,544.84,0.9996,9.5,12.06,9.3,232.51,0.000619,0.00037,0.001983,0.002856,350.16,0.09691,0.2578,0.32874,straight,straight
MVI_40244,52,71,301,371,429.66,428.82,0.9981,1.0,41.81,4.685,117.12,0.003773,0.001952,0.011221,0.022805,43.85,0.24102,0.73525,1.34957,straight,straight
MVI_40244,53,71,306,376,682.93,679.86,0.9955,20.8,37.4,6.884,172.1,0.001455,0.001314,0.003161,0.00392,255.08,0.20648,0.75238,1.01439,curved,gentle
MVI_40244,54,56,321,376,648.33,648.13,0.9997,5.99,14.73,10.647,266.18,0.000806,0.000394,0.002481,0.003529,283.35,0.12403,0.32672,0.40473,straight,straight
MVI_40244,55,66,351,416,592.83,591.79,0.9983,9.74,25.01,6.432,160.8,0.001093,0.000495,0.003697,0.006047,165.38,0.08266,0.48534,0.91534,straight,straight
MVI_40244,56,61,366,426,487.51,486.78,0.9985,10.12,25.42,5.581,139.52,0.001863,0.000932,0.004559,0.006537,152.97,0.20407,0.43723,0.62068,straight,gentle
MVI_40244,57,66,371,436,401.77,400.64,0.9972,13.35,44.07,4.307,107.68,0.003395,0.001795,0.010002,0.013716,72.91,0.20691,0.76846,1.73623,straight,gentle
MVI_40244,58,56,371,426,622.89,622.23,0.9989,1.33,18.06,9.518,237.95,0.000952,0.000269,0.003534,0.0066,151.51,0.08927,0.48594,0.64369,straight,straight
MVI_40244,59,66,386,451,625.81,624.49,0.9979,22.95,36.5,7.0,175.0,0.002032,0.001026,0.006412,0.011282,88.64,0.14833,0.74158,1.01776,curved,gentle
MVI_40244,60,56,391,446,525.26,524.67,0.9989,0.79,18.68,7.665,191.63,0.001199,0.000563,0.003102,0.005343,187.15,0.15016,0.29241,0.34917,straight,straight
MVI_40244,61,56,391,446,562.19,561.77,0.9993,8.06,13.23,8.897,222.42,0.000397,0.000326,0.000939,0.000974,1026.96,0.06484,0.41894,0.42937,straight,straight
MVI_40244,62,46,396,441,476.75,476.57,0.9996,5.56,16.11,9.912,247.81,0.00086,0.000391,0.002109,0.004452,224.59,0.09955,0.37154,0.9472,straight,straight
MVI_40244,63,71,441,511,665.52,664.24,0.9981,16.62,32.72,7.035,175.86,0.001379,0.001157,0.002934,0.003754,266.36,0.18716,0.54747,1.17465,straight,gentle
MVI_40244,64,66,466,531,420.46,419.69,0.9982,15.76,34.46,4.423,110.58,0.003465,0.001472,0.008882,0.030029,33.3,0.19875,0.5824,1.00814,straight,gentle
MVI_40244,65,51,466,516,362.75,359.53,0.9911,50.91,57.68,5.707,142.67,0.007245,0.000594,0.031193,0.050796,19.69,0.15826,2.40727,3.50267,curved,sharp
MVI_40244,66,56,471,526,540.54,538.15,0.9956,25.1,31.1,7.188,179.71,0.001226,0.000868,0.002754,0.004675,213.9,0.12399,0.99663,1.88025,curved,gentle
MVI_40244,67,46,471,516,503.82,503.47,0.9993,8.91,13.61,10.405,260.13,0.000526,0.000411,0.001033,0.00174,574.83,0.10917,0.39558,0.40216,straight,straight
MVI_40244,68,66,491,556,665.96,661.02,0.9926,31.42,53.27,6.885,172.11,0.002407,0.001301,0.006307,0.008915,112.17,0.20992,1.07563,1.41022,curved,gentle
MVI_40244,69,56,501,556,529.23,527.28,0.9963,24.28,35.28,7.053,176.33,0.001836,0.00094,0.005086,0.01187,84.25,0.17706,0.66874,1.14465,curved,gentle
MVI_40244,70,51,506,556,378.11,376.49,0.9957,0.28,45.86,5.657,141.42,0.005662,0.001465,0.022327,0.031,32.26,0.1923,1.7662,2.68166,straight,straight
MVI_40244,71,61,511,571,427.31,426.27,0.9976,32.75,51.88,5.481,137.04,0.005305,0.001463,0.016821,0.044734,22.35,0.27589,1.29801,2.01695,curved,gentle
MVI_40244,72,66,526,591,645.41,642.4,0.9953,27.62,44.13,6.873,171.82,0.002778,0.001289,0.008863,0.018815,53.15,0.16219,1.05177,1.20694,curved,gentle
MVI_40244,73,61,536,596,567.91,567.43,0.9992,12.51,17.99,8.173,204.31,0.000596,0.000362,0.001229,0.002218,450.85,0.08744,0.35405,0.73484,straight,gentle
MVI_40244,74,61,541,601,677.03,676.46,0.9991,16.7,22.22,9.398,234.95,0.000836,0.000394,0.002145,0.004939,202.47,0.11855,0.317,1.44973,straight,gentle
MVI_40244,75,61,546,606,536.54,535.53,0.9981,10.38,19.85,6.647,166.17,0.001364,0.000579,0.004254,0.005861,170.63,0.11972,0.38662,0.6064,straight,gentle
MVI_40244,76,61,551,611,606.22,605.64,0.999,16.78,28.06,7.447,186.18,0.001949,0.000555,0.004732,0.017326,57.72,0.11828,0.60335,1.0177,straight,gentle
MVI_40244,77,51,561,611,500.39,499.85,0.9989,21.82,24.29,9.302,232.55,0.001222,0.000281,0.00321,0.012849,77.83,0.06924,0.58407,2.30334,curved,gentle
MVI_40244,78,66,561,626,606.65,606.11,0.9991,2.63,24.37,8.727,218.17,0.000933,0.000808,0.001789,0.003947,253.35,0.16449,0.41141,0.86075,straight,straight
MVI_40244,79,56,596,651,608.7,607.96,0.9988,0.91,22.9,7.878,196.96,0.001221,0.00062,0.003726,0.006805,146.96,0.15811,0.41517,0.50982,straight,straight
MVI_40244,80,51,596,646,399.41,398.87,0.9986,9.1,28.04,6.147,153.67,0.0021,0.001698,0.004979,0.006801,147.04,0.23138,0.65407,1.19648,straight,straight
MVI_40244,81,61,606,666,578.61,578.08,0.9991,16.42,23.39,8.671,216.78,0.00093,0.00049,0.001706,0.009473,105.56,0.12842,0.34022,1.81009,straight,gentle
MVI_40244,82,46,611,656,462.72,462.36,0.9992,11.64,16.1,9.838,245.95,0.000671,0.000618,0.001292,0.001312,762.35,0.12341,0.48848,0.49334,straight,gentle
MVI_40244,83,61,611,671,503.42,500.13,0.9935,28.58,60.8,6.214,155.35,0.004011,0.002438,0.010091,0.017934,55.76,0.40122,1.31093,1.95233,curved,gentle
MVI_40244,84,51,631,681,504.43,504.28,0.9997,4.2,9.32,9.145,228.63,0.000396,0.000293,0.00088,0.001293,773.31,0.06686,0.2855,0.30595,straight,straight
MVI_40244,85,61,631,691,668.0,667.37,0.9991,10.32,21.27,9.566,239.16,0.000885,0.000567,0.00214,0.002571,388.88,0.14924,0.31781,0.43014,straight,gentle
MVI_40244,86,46,641,686,475.85,475.47,0.9992,10.37,13.27,9.89,247.25,0.000458,0.000367,0.001232,0.001404,712.48,0.07269,0.4827,0.52645,straight,gentle
MVI_40244,87,61,646,706,584.01,583.28,0.9987,10.61,19.44,8.419,210.47,0.00064,0.000614,0.001166,0.001646,607.37,0.14089,0.48512,0.50777,straight,gentle
MVI_40244,88,66,656,721,679.7,679.18,0.9992,8.86,28.42,8.661,216.52,0.001239,0.000576,0.003514,0.005303,188.56,0.15632,0.4181,1.42666,straight,straight
MVI_40244,89,56,661,716,535.26,534.66,0.9989,9.02,27.71,9.405,235.12,0.001647,0.000878,0.004747,0.006435,155.4,0.23276,0.66491,0.77787,straight,straight
MVI_40244,90,56,676,731,555.58,555.23,0.9994,14.13,20.93,9.112,227.79,0.001171,0.000495,0.004183,0.006981,143.25,0.12872,0.51157,0.74062,straight,gentle
MVI_40244,91,56,696,751,644.41,644.17,0.9996,3.88,17.5,9.966,249.15,0.000992,0.000327,0.003229,0.00513,194.95,0.11143,0.47571,0.69127,straight,straight
MVI_40244,92,61,701,761,609.39,608.54,0.9986,19.43,27.45,9.161,229.03,0.000983,0.000605,0.001916,0.006527,153.2,0.12789,0.49049,1.62426,straight,gentle
MVI_40244,93,66,701,766,661.89,659.81,0.9969,14.63,25.62,7.101,177.52,0.001004,0.000607,0.002872,0.005265,189.93,0.08889,0.57897,0.78293,straight,gentle
MVI_40244,94,56,706,761,520.09,519.67,0.9992,8.1,20.0,8.656,216.41,0.000778,0.00069,0.00152,0.001811,552.18,0.14496,0.51894,0.64601,straight,straight
MVI_40244,95,46,706,751,466.58,466.46,0.9997,2.34,12.85,9.652,241.3,0.000698,0.000503,0.001784,0.002775,360.35,0.12774,0.27263,0.34392,straight,straight
MVI_40244,96,56,721,776,634.74,634.13,0.999,5.0,25.59,9.861,246.53,0.001147,0.000829,0.00269,0.004004,249.73,0.20984,0.51889,0.65193,straight,straight
MVI_40244,97,51,721,771,472.29,471.53,0.9984,12.42,25.43,7.03,175.76,0.001736,0.000748,0.004871,0.005776,173.14,0.24283,0.4219,0.46299,straight,gentle
MVI_40244,98,46,726,771,468.46,468.08,0.9992,1.77,20.56,9.555,238.89,0.000983,0.000692,0.002449,0.00397,251.88,0.18123,0.53217,0.53364,straight,straight
MVI_40244,99,56,736,791,506.89,506.6,0.9994,1.38,18.85,8.476,211.89,0.000909,0.000888,0.001574,0.001894,527.93,0.1804,0.31191,0.464,straight,straight
MVI_40244,100,56,736,791,584.08,583.77,0.9995,6.96,17.81,9.438,235.94,0.000791,0.000473,0.00176,0.003793,263.66,0.10108,0.39748,0.53438,straight,straight
MVI_40244,101,56,761,816,688.29,683.75,0.9934,17.52,35.73,8.732,218.29,0.001082,0.000999,0.001912,0.002876,347.65,0.16599,1.25413,1.34128,straight,gentle
MVI_40244,102,51,766,816,410.71,410.32,0.999,13.24,26.11,6.114,152.85,0.002495,0.001088,0.009676,0.011467,87.21,0.22836,0.63463,0.71073,straight,gentle
MVI_40244,103,51,781,831,353.13,351.07,0.9942,44.79,57.6,4.96,124.0,0.007129,0.001303,0.034461,0.052337,19.11,0.14394,2.29489,3.15312,curved,gentle
MVI_40244,104,51,786,836,639.81,639.63,0.9997,1.29,13.09,10.757,268.93,0.000587,0.000431,0.001361,0.00225,444.39,0.14474,0.22383,0.27314,straight,straight
MVI_40244,105,56,796,851,538.44,538.19,0.9995,11.04,12.31,9.221,230.53,0.000469,0.00018,0.000998,0.004679,213.72,0.05812,0.31666,0.9847,straight,gentle
MVI_40244,106,56,816,871,544.2,537.86,0.9884,27.4,43.77,6.981,174.52,0.001485,0.001528,0.003019,0.003552,281.5,0.17186,1.66462,1.88535,curved,gentle
MVI_40244,107,51,816,866,390.34,389.23,0.9972,19.22,27.54,5.684,142.1,0.002077,0.001148,0.008243,0.009155,109.23,0.18309,0.75538,0.7944,straight,gentle
MVI_40244,108,51,826,876,487.67,487.12,0.9989,11.57,26.79,9.09,227.24,0.001341,0.000671,0.003384,0.011383,87.85,0.11982,0.60968,2.07116,straight,gentle
MVI_40244,109,56,826,881,617.31,617.01,0.9995,4.67,8.22,10.28,257.01,0.000316,0.000269,0.000681,0.001045,957.23,0.07153,0.14348,0.19075,straight,straight
MVI_40244,110,56,836,891,668.19,667.85,0.9995,11.19,18.87,10.579,264.47,0.000722,0.000536,0.001664,0.002719,367.83,0.13252,0.32613,0.68163,straight,gentle
MVI_40244,111,61,846,906,665.23,661.68,0.9947,16.45,29.17,7.414,185.35,0.000846,0.000491,0.002039,0.003983,251.04,0.09483,1.01086,1.41305,straight,gentle
MVI_40244,112,56,851,906,514.15,513.09,0.998,14.51,24.63,6.77,169.26,0.001225,0.000965,0.002793,0.004178,239.33,0.14009,0.62683,0.95403,straight,gentle
MVI_40244,113,51,856,906,432.06,429.71,0.9946,23.86,39.06,6.289,157.23,0.002141,0.001382,0.005291,0.007489,133.54,0.1865,1.17906,2.15961,curved,gentle
MVI_40244,114,56,886,941,474.59,474.21,0.9992,13.2,20.77,8.068,201.7,0.00122,0.000769,0.00333,0.005068,197.3,0.16055,0.42931,0.52869,straight,gentle
MVI_40244,115,51,891,941,612.14,611.9,0.9996,7.39,11.05,11.568,289.19,0.000449,0.000359,0.00093,0.001296,771.59,0.11644,0.19772,0.3895,straight,straight
MVI_40244,116,51,901,951,491.4,490.65,0.9985,3.68,22.91,6.965,174.13,0.001617,0.000494,0.005194,0.013696,73.02,0.10296,0.6737,0.77853,straight,straight
MVI_40244,117,61,906,966,661.15,658.52,0.996,17.02,33.53,7.883,197.07,0.001203,0.00111,0.002744,0.004344,230.22,0.12747,0.83587,1.52172,straight,gentle
MVI_40244,118,51,916,966,473.56,473.15,0.9991,4.51,17.39,6.925,173.11,0.001195,0.000654,0.002949,0.003595,278.18,0.17178,0.29468,0.35134,straight,straight
MVI_40244,119,61,926,986,407.67,406.99,0.9983,16.99,41.95,5.814,145.36,0.004187,0.001346,0.010084,0.021694,46.1,0.25004,0.69579,1.13889,straight,gentle
MVI_40244,120,56,946,1001,530.48,530.41,0.9999,0.22,9.88,9.218,230.44,0.000508,0.000391,0.001209,0.002143,466.64,0.0858,0.15975,0.21731,straight,straight
MVI_40244,121,56,976,1031,397.06,396.25,0.998,19.98,32.33,5.263,131.57,0.002792,0.001495,0.005498,0.015452,64.72,0.30501,0.60916,0.65001,straight,gentle
MVI_40244,122,51,981,1031,372.74,371.35,0.9963,9.52,41.49,5.504,137.61,0.004214,0.00162,0.01151,0.015742,63.52,0.17165,1.27284,1.82586,straight,straight
MVI_40244,123,41,986,1026,543.72,543.49,0.9996,8.02,11.25,11.935,298.36,0.000647,0.000313,0.001752,0.002758,362.57,0.13549,0.28149,0.38095,straight,straight
MVI_40244,124,56,986,1041,636.03,635.69,0.9995,14.66,21.5,9.885,247.12,0.00105,0.000553,0.003729,0.005666,176.49,0.13726,0.48417,0.60658,straight,gentle
MVI_40244,125,66,996,1061,529.08,522.7,0.9879,43.27,66.23,5.495,137.38,0.003755,0.001422,0.011202,0.017877,55.94,0.236,1.51971,2.09768,curved,gentle
MVI_40244,126,56,1011,1066,409.72,408.92,0.998,8.36,30.82,5.534,138.36,0.002757,0.000907,0.009329,0.01529,65.4,0.13158,0.76173,1.25463,straight,straight
MVI_40244,127,56,1011,1066,717.57,714.71,0.996,11.9,33.46,8.74,218.5,0.001315,0.001039,0.003081,0.005692,175.69,0.19651,0.90349,1.04868,straight,gentle
MVI_40244,128,61,1021,1081,609.75,609.58,0.9997,7.23,13.35,8.468,211.7,0.000717,0.000313,0.002019,0.004336,230.62,0.07153,0.25778,0.38537,straight,straight
MVI_40244,129,66,1031,1096,518.09,516.49,0.9969,21.56,32.75,5.52,138.01,0.001566,0.001026,0.004474,0.005313,188.2,0.20271,0.4564,0.87142,curved,gentle
MVI_40244,130,41,1046,1086,597.92,597.47,0.9993,11.95,17.11,12.368,309.21,0.000937,0.000368,0.003387,0.004188,238.75,0.15656,0.53466,0.61592,straight,gentle
MVI_40244,131,56,1061,1116,647.11,644.06,0.9953,20.39,28.35,8.784,219.59,0.000667,0.000448,0.001673,0.002759,362.45,0.08614,1.01303,1.49053,curved,gentle
MVI_40244,132,51,1061,1111,517.25,517.04,0.9996,7.41,13.47,9.243,231.07,0.000553,0.000496,0.001231,0.00182,549.59,0.11741,0.237,0.2816,straight,straight
MVI_40244,133,66,1066,1131,629.77,629.2,0.9991,1.23,24.45,8.708,217.7,0.001308,0.000455,0.004739,0.007432,134.56,0.11812,0.53322,0.76217,straight,straight
MVI_40244,134,51,1071,1121,395.4,394.78,0.9984,9.95,14.5,5.587,139.67,0.000661,0.000583,0.001331,0.001957,510.94,0.07969,0.52621,0.5999,straight,straight
MVI_40244,135,66,1076,1141,501.88,501.57,0.9994,4.37,19.96,7.296,182.4,0.000977,0.000788,0.002256,0.004366,229.05,0.13828,0.33623,0.64952,straight,straight
MVI_40244,136,51,1091,1141,633.54,632.83,0.9989,8.21,17.3,10.426,260.66,0.000697,0.000478,0.001746,0.00242,413.3,0.15505,0.33526,0.49869,straight,straight
MVI_40244,137,51,1096,1146,578.01,577.65,0.9994,11.84,15.23,10.551,263.78,0.000601,0.000333,0.001262,0.00429,233.11,0.09892,0.30108,1.02183,straight,gentle
MVI_40244,138,66,1116,1181,552.73,552.39,0.9994,9.6,22.65,7.905,197.63,0.001178,0.000655,0.003704,0.005058,197.69,0.16333,0.41253,0.53737,straight,straight
MVI_40244,139,61,1131,1191,641.93,639.22,0.9958,22.71,35.48,7.405,185.12,0.001382,0.000877,0.003928,0.00483,207.04,0.13338,0.84021,1.17663,curved,gentle
MVI_40244,140,51,1136,1186,586.79,586.52,0.9995,3.83,16.71,10.441,261.03,0.001063,0.00023,0.004103,0.00691,144.71,0.09724,0.53952,0.76369,straight,straight
MVI_40244,141,61,1136,1196,464.12,463.28,0.9982,5.0,32.78,7.249,181.21,0.001482,0.001301,0.00303,0.004179,239.27,0.21971,0.5261,0.75735,straight,straight
MVI_40244,142,56,1141,1196,556.87,556.59,0.9995,0.33,16.31,8.93,223.24,0.000686,0.000495,0.001688,0.002553,391.69,0.10378,0.33935,0.42949,straight,straight
MVI_40244,143,51,1161,1211,591.57,591.41,0.9997,4.93,10.0,9.518,237.96,0.0005,0.000257,0.001341,0.002311,432.79,0.07446,0.20599,0.37632,straight,straight
MVI_40244,144,56,1181,1236,529.98,525.79,0.9921,36.87,47.69,6.669,166.72,0.003196,0.001747,0.009759,0.014571,68.63,0.2902,1.17692,1.71551,curved,gentle
MVI_40244,145,66,1186,1251,652.63,652.12,0.9992,15.8,28.52,8.253,206.33,0.001692,0.00072,0.004299,0.010085,99.16,0.21552,0.52633,0.80813,straight,gentle
MVI_40244,146,66,1186,1251,530.13,529.87,0.9995,4.26,16.72,7.592,189.8,0.000913,0.000563,0.002512,0.00418,239.21,0.10639,0.34,0.56059,straight,straight
MVI_40244,147,66,1211,1276,553.9,553.76,0.9998,2.29,15.73,7.642,191.05,0.0008,0.000448,0.002023,0.00349,286.56,0.09523,0.25061,0.4579,straight,straight
MVI_40244,148,61,1211,1271,504.88,504.67,0.9996,9.92,21.57,7.504,187.59,0.00107,0.000746,0.002464,0.003677,272.0,0.12897,0.35887,0.67993,straight,straight
MVI_40244,149,56,1231,1286,596.28,595.95,0.9995,10.17,15.28,9.402,235.04,0.000754,0.000473,0.001901,0.002296,435.49,0.12683,0.31722,0.50636,straight,gentle
MVI_40244,150,71,1241,1311,679.3,678.96,0.9995,0.8,18.37,7.875,196.87,0.000952,0.000366,0.002621,0.003672,272.35,0.09799,0.35311,0.4134,straight,straight
MVI_40244,151,66,1256,1321,570.26,569.23,0.9982,16.8,24.44,8.568,214.19,0.000911,0.000577,0.002114,0.002692,371.53,0.13546,0.3366,0.61545,straight,gentle
MVI_40244,152,51,1256,1306,374.92,374.6,0.9991,15.04,26.53,5.614,140.34,0.002599,0.001057,0.007411,0.010994,90.96,0.19713,0.49296,0.60832,straight,gentle
MVI_40244,153,56,1271,1326,532.83,530.51,0.9957,16.46,29.28,6.688,167.2,0.000994,0.000893,0.00203,0.002594,385.54,0.09523,0.90264,1.17355,straight,gentle
MVI_40244,154,66,1276,1341,491.07,490.88,0.9996,6.94,19.12,7.031,175.78,0.001122,0.000931,0.002557,0.002932,341.05,0.14209,0.29311,0.42737,straight,straight
MVI_40244,155,56,1281,1336,610.6,610.19,0.9993,9.53,15.98,10.163,254.07,0.000575,0.000438,0.001261,0.002587,386.59,0.14378,0.26169,0.69118,straight,straight
MVI_40244,156,50,1296,1345,388.57,388.43,0.9996,1.38,15.2,7.194,179.84,0.000958,0.000634,0.002647,0.00383,261.13,0.15455,0.36962,0.48615,straight,straight
MVI_40244,157,50,1296,1345,386.61,386.2,0.9989,1.79,30.4,6.932,173.31,0.002419,0.000939,0.006374,0.009423,106.12,0.25456,0.74229,1.1636,straight,straight
MVI_40244,158,45,1301,1345,334.38,334.28,0.9997,7.75,15.95,7.039,175.98,0.001635,0.000487,0.006241,0.009023,110.83,0.08853,0.65003,0.83126,straight,straight
MVI_40244,159,40,1306,1345,358.85,358.73,0.9997,9.9,15.14,8.206,205.14,0.001336,0.000765,0.003053,0.005022,199.12,0.20229,0.33572,0.55749,straight,straight
MVI_40244,160,25,1321,1345,111.55,111.49,0.9995,6.11,11.93,4.677,116.93,0.002091,0.002231,0.002955,0.003395,294.56,0.26695,0.3069,0.41802,straight,straight
MVI_40244,161,15,1331,1345,315.8,313.21,0.9918,24.08,24.08,22.721,568.01,0.001334,0.00124,0.002474,0.002589,386.28,0.74208,1.39438,1.43713,curved,gentle
MVI_40244,162,1,1345,1345,0.0,0.0,,,,0.0,0.0,,,,,,,,,unknown,unknown
MVI_40732,1,26,1,26,73.14,73.04,0.9987,1.97,16.6,2.984,74.59,0.004765,0.003441,0.009075,0.016597,60.25,0.24537,0.66093,0.75218,straight,straight
MVI_40732,2,2120,1,2120,120.07,49.82,0.4149,,,0.027,0.68,,,,,,,,,static,static
MVI_40732,3,16,1,16,53.58,53.53,0.9992,5.47,7.75,3.396,84.9,0.002426,0.002299,0.0044,0.004717,212.0,0.22973,0.40593,0.43373,straight,straight
MVI_40732,4,86,1,86,377.98,376.75,0.9967,12.73,65.76,4.186,104.64,0.004019,0.003821,0.007728,0.009155,109.23,0.42669,0.81567,0.95343,straight,gentle
MVI_40732,5,101,1,101,138.13,134.25,0.9719,16.93,252.84,1.316,32.9,0.045982,0.033879,0.095633,0.252393,3.96,1.23169,2.77337,5.30419,straight,gentle
MVI_40732,6,1046,1,1046,547.25,388.83,0.7105,26.58,847.03,0.179,4.48,0.046552,0.019218,0.104231,0.780292,1.28,0.80472,2.07527,9.81749,static,static
MVI_40732,7,1131,1,1131,800.51,541.34,0.6762,281.56,2079.73,0.297,7.42,0.049815,0.023618,0.12155,0.664786,1.5,0.88969,2.69996,9.43227,static,static
MVI_40732,8,126,1,126,511.41,510.28,0.9978,0.04,78.18,3.963,99.08,0.003507,0.002681,0.007644,0.01195,83.68,0.27709,0.7147,1.13756,straight,straight
MVI_40732,9,171,1,171,845.36,839.31,0.9928,4.2,187.21,4.931,123.27,0.005225,0.003696,0.012411,0.027132,36.86,0.49653,1.32499,2.392,straight,straight
MVI_40732,10,69,11,79,487.69,484.57,0.9936,13.5,51.52,7.31,182.76,0.002828,0.001737,0.005741,0.019203,52.07,0.30361,0.80052,1.31393,straight,gentle
MVI_40732,11,121,11,131,135.78,112.69,0.83,63.97,489.69,0.961,24.03,0.062036,0.037998,0.15309,0.385534,2.59,1.36988,3.28388,5.23789,curved,sharp
MVI_40732,12,81,26,106,61.51,38.43,0.6249,66.2,354.84,0.672,16.8,0.123736,0.087093,0.257305,0.483035,2.07,1.87574,4.87283,7.01671,curved,sharp
MVI_40732,13,106,26,131,432.08,418.1,0.9676,10.17,211.77,3.717,92.93,0.016814,0.007285,0.037129,0.301951,3.31,0.78489,2.58349,5.51082,curved,gentle
MVI_40732,14,81,31,111,668.96,664.85,0.9939,9.93,72.48,7.922,198.05,0.003231,0.001204,0.009334,0.01608,62.19,0.33494,1.01889,1.67621,straight,straight
MVI_40732,15,91,46,136,722.77,719.13,0.995,5.77,60.34,7.23,180.75,0.003432,0.001377,0.013242,0.020742,48.21,0.26353,0.85368,1.30058,straight,straight
MVI_40732,16,261,66,326,949.22,944.77,0.9953,6.54,245.45,3.562,89.05,0.007192,0.004231,0.015683,0.058906,16.98,0.35087,0.93584,3.22834,straight,straight
MVI_40732,17,166,96,261,606.77,603.76,0.995,22.2,165.95,3.465,86.62,0.007821,0.003623,0.02116,0.043321,23.08,0.35118,1.37463,2.20148,curved,gentle
MVI_40732,18,96,121,216,746.39,742.98,0.9954,14.35,54.14,7.399,184.99,0.003135,0.000903,0.010455,0.024475,40.86,0.17588,0.71015,1.43266,straight,gentle
MVI_40732,19,56,126,181,310.56,302.41,0.9738,56.66,67.71,6.054,151.34,0.005513,0.00321,0.012752,0.021861,45.74,0.52572,1.10397,1.55812,curved,sharp
MVI_40732,20,71,161,231,521.73,517.96,0.9928,25.44,47.28,6.661,166.52,0.002157,0.00166,0.003967,0.012871,77.69,0.28505,0.66672,1.50958,curved,gentle
MVI_40732,21,51,166,216,285.53,277.36,0.9714,17.59,75.12,6.206,155.15,0.00803,0.002401,0.014492,0.080994,12.35,0.37374,1.64803,3.44214,straight,gentle
MVI_40732,23,81,201,281,599.09,596.47,0.9956,8.38,82.0,6.864,171.59,0.006465,0.001594,0.016005,0.061469,16.27,0.23887,1.15632,3.05548,straight,straight
MVI_40732,24,56,221,276,334.96,331.63,0.9901,22.93,51.9,6.579,164.48,0.003434,0.002044,0.008813,0.014932,66.97,0.28317,1.3042,1.60386,curved,gentle
MVI_40732,25,76,236,311,525.7,522.77,0.9944,31.15,62.42,6.623,165.57,0.003581,0.001844,0.011647,0.01962,50.97,0.30799,0.9732,1.26625,curved,gentle
MVI_40732,26,46,246,291,276.04,271.38,0.9831,35.64,43.73,6.579,164.46,0.003263,0.003038,0.005995,0.014327,69.8,0.30094,1.08669,1.60071,curved,gentle
MVI_40732,27,56,301,356,393.58,388.46,0.987,19.25,53.77,7.062,176.55,0.003975,0.001897,0.011655,0.020296,49.27,0.30044,1.07351,1.32533,straight,gentle
MVI_40732,28,46,336,381,315.05,308.5,0.9792,46.44,51.17,7.248,181.2,0.00376,0.003076,0.008936,0.009835,101.67,0.526,0.87096,1.26481,curved,sharp
MVI_40732,29,71,341,411,607.57,602.5,0.9917,25.58,53.66,8.166,204.15,0.002666,0.0016,0.004,0.022583,44.28,0.29947,0.68089,2.00334,curved,gentle
MVI_40732,30,151,386,536,929.95,928.01,0.9979,11.17,71.3,5.97,149.24,0.001852,0.001243,0.004028,0.006662,150.11,0.20465,0.52029,0.99483,straight,gentle
MVI_40732,31,81,401,481,526.47,522.72,0.9929,35.86,63.36,6.289,157.23,0.004608,0.001333,0.012788,0.043098,23.2,0.27073,0.98035,1.8515,curved,gentle
MVI_40732,32,41,401,441,251.75,243.44,0.967,50.86,50.86,6.896,172.39,0.004388,0.00308,0.011065,0.016164,61.86,0.41325,1.14019,1.70656,curved,sharp
MVI_40732,33,251,491,741,926.29,922.05,0.9954,41.05,187.35,3.42,85.5,0.00468,0.00284,0.011239,0.035114,28.48,0.25783,0.7999,3.38819,curved,gentle
MVI_40732,34,111,501,611,660.61,657.1,0.9947,34.16,74.54,5.297,132.43,0.003451,0.001609,0.007553,0.024152,41.4,0.22023,0.85644,1.49367,curved,gentle
MVI_40732,35,41,501,541,251.71,243.06,0.9656,53.8,65.49,6.888,172.21,0.006212,0.003975,0.014185,0.015708,63.66,0.69591,1.35027,1.81365,curved,sharp
MVI_40732,36,132,470,601,182.49,45.91,0.2516,170.28,372.62,1.355,33.88,0.049107,0.028327,0.125903,0.501236,2.0,1.04282,2.7422,6.32073,curved,sharp
MVI_40732,37,81,571,651,490.93,486.29,0.9905,18.94,62.74,6.626,165.65,0.00303,0.002491,0.005611,0.017279,57.87,0.30743,0.76435,1.50009,straight,gentle
MVI_40732,38,46,576,621,304.12,295.99,0.9733,28.81,62.04,7.074,176.86,0.005168,0.00408,0.01096,0.02265,44.15,0.57255,1.08985,2.74455,curved,gentle
MVI_40732,39,51,631,681,284.79,277.95,0.976,40.24,62.39,6.544,163.6,0.005124,0.002985,0.014156,0.017843,56.05,0.47367,1.13878,1.95703,curved,gentle
MVI_40732,40,181,631,811,953.29,949.58,0.9961,37.66,137.88,5.525,138.12,0.00472,0.002038,0.014007,0.0313,31.95,0.28654,0.98252,2.07312,curved,gentle
MVI_40732,41,76,636,711,594.65,591.43,0.9946,25.45,103.22,7.971,199.28,0.009959,0.001281,0.021717,0.132929,7.52,0.29581,1.83933,5.2402,curved,gentle
MVI_40732,42,61,691,751,467.02,461.83,0.9889,43.67,54.84,7.56,189.01,0.002976,0.001433,0.008914,0.015827,63.18,0.31098,0.90946,1.39874,curved,gentle
MVI_40732,43,276,711,986,930.54,924.64,0.9937,37.5,333.09,3.242,81.04,0.015448,0.005395,0.029746,0.359263,2.78,0.45307,1.48339,4.51867,curved,gentle
MVI_40732,44,61,731,791,482.23,479.51,0.9944,20.51,45.35,7.844,196.11,0.002842,0.000808,0.0085,0.016022,62.42,0.23042,0.77109,1.81409,curved,gentle
MVI_40732,45,152,720,871,252.17,47.81,0.1896,188.94,408.82,1.79,44.76,0.058532,0.019099,0.138945,0.744625,1.34,0.89349,3.37561,10.22227,curved,sharp
MVI_40732,46,46,806,851,421.41,418.19,0.9923,31.43,38.91,9.473,236.81,0.002113,0.001377,0.004821,0.011932,83.81,0.3457,0.8172,1.60862,curved,gentle
MVI_40732,47,46,836,881,290.22,283.12,0.9756,45.28,49.42,6.956,173.9,0.003992,0.002804,0.010834,0.016878,59.25,0.45547,0.91487,2.03663,curved,sharp
MVI_40732,48,61,841,901,502.16,498.57,0.9928,51.05,57.65,8.096,202.4,0.003886,0.001098,0.015426,0.034474,29.01,0.22633,1.47323,2.51818,curved,sharp
MVI_40732,49,81,931,1011,482.2,471.27,0.9773,41.5,151.22,4.891,122.28,0.007808,0.006771,0.0157,0.021204,47.16,0.82793,1.6972,2.37356,curved,gentle
MVI_40732,50,226,1021,1246,961.44,953.79,0.992,103.51,314.9,3.811,95.28,0.019312,0.003391,0.022411,0.69842,1.43,0.40063,1.33442,10.62101,curved,sharp
MVI_40732,51,151,1076,1226,930.61,927.93,0.9971,3.21,108.7,6.253,156.34,0.004314,0.001371,0.010184,0.057773,17.31,0.23415,0.85277,2.86819,straight,straight
MVI_40732,52,26,1101,1126,58.93,58.14,0.9866,27.51,59.2,2.458,61.46,0.027379,0.017682,0.038129,0.199386,5.02,1.01797,2.09431,3.95534,curved,gentle
MVI_40732,53,56,1126,1181,255.07,248.45,0.974,27.93,56.65,5.295,132.37,0.006498,0.002875,0.012479,0.071468,13.99,0.35968,0.96568,2.31415,curved,gentle
MVI_40732,54,101,1176,1276,916.89,916.13,0.9992,35.68,59.91,8.443,211.07,0.004016,0.000851,0.003215,0.139588,7.16,0.18152,0.51292,5.02718,curved,gentle
MVI_40732,55,136,1196,1331,945.35,943.25,0.9978,18.3,96.56,6.793,169.82,0.005324,0.001531,0.006158,0.226686,4.41,0.29316,0.7098,6.34862,straight,gentle
MVI_40732,56,126,1271,1396,935.99,932.8,0.9966,117.62,164.46,7.45,186.24,0.018462,0.00082,0.005242,0.885543,1.13,0.16983,0.56932,18.30224,curved,sharp
MVI_40732,57,191,1416,1606,932.38,925.79,0.9929,66.19,332.17,4.895,122.38,0.024269,0.002957,0.044949,0.464982,2.15,0.4458,2.09802,7.0451,curved,sharp
MVI_40732,58,121,1466,1586,786.65,786.21,0.9994,0.76,31.58,6.54,163.5,0.000966,0.000722,0.002054,0.005671,176.33,0.12345,0.31298,0.78735,straight,straight
MVI_40732,59,111,1511,1621,756.49,755.57,0.9988,8.17,62.01,7.012,175.3,0.002054,0.001353,0.004684,0.012976,77.07,0.25536,0.61114,1.236,straight,straight
MVI_40732,60,226,1521,1746,938.07,932.67,0.9942,60.59,302.54,4.403,110.09,0.013509,0.004342,0.029593,0.163737,6.11,0.48524,1.61407,4.2561,curved,sharp
MVI_40732,61,66,1581,1646,236.19,227.0,0.9611,62.47,104.25,4.25,106.26,0.013234,0.006556,0.029618,0.090648,11.03,0.72554,1.78745,2.74471,curved,sharp
MVI_40732,62,131,1706,1836,937.55,935.48,0.9978,28.93,105.59,6.84,171.0,0.006199,0.00121,0.020834,0.057279,17.46,0.23116,1.10897,2.09226,curved,gentle
MVI_40732,63,146,1716,1861,938.05,935.07,0.9968,33.19,87.78,7.094,177.34,0.003471,0.001219,0.005931,0.045599,21.93,0.21553,0.67611,2.46593,curved,gentle
MVI_40732,64,181,1746,1926,937.44,936.05,0.9985,37.25,132.47,5.128,128.19,0.010391,0.001886,0.005498,1.003351,1.0,0.25891,0.57378,14.72431,curved,gentle
MVI_40732,65,131,1756,1886,917.77,915.44,0.9975,16.38,73.71,6.612,165.3,0.001971,0.001381,0.004431,0.009318,107.32,0.22491,0.709,1.21514,straight,gentle
MVI_40732,66,126,1761,1886,927.17,924.62,0.9972,28.5,126.73,7.492,187.29,0.00863,0.001543,0.009938,0.25386,3.94,0.2804,1.14085,6.57449,curved,gentle
MVI_40732,67,131,1876,2006,948.73,947.26,0.9985,18.18,81.43,7.15,178.75,0.003453,0.001028,0.0056,0.04086,24.47,0.18334,0.76979,2.28828,straight,gentle
MVI_40732,68,141,1936,2076,948.76,944.45,0.9955,61.72,129.93,6.268,156.7,0.006171,0.002111,0.008827,0.078487,12.74,0.33007,1.03807,3.37035,curved,sharp
MVI_40732,69,146,1936,2081,936.82,933.37,0.9963,18.39,96.05,6.9,172.49,0.003518,0.001118,0.007344,0.107452,9.31,0.19081,0.90872,3.57888,straight,gentle
MVI_40732,70,155,1966,2120,709.62,706.29,0.9953,26.13,194.35,5.34,133.51,0.010486,0.003922,0.027277,0.113957,8.78,0.52356,1.32803,3.04599,curved,gentle
MVI_40732,71,85,2036,2120,277.52,274.97,0.9908,11.45,110.47,3.185,79.63,0.009963,0.004912,0.025851,0.070604,14.16,0.35229,1.76293,3.40417,straight,gentle
MVI_40732,72,35,2086,2120,70.14,69.37,0.9889,13.51,52.84,2.148,53.69,0.015732,0.014503,0.029389,0.043807,22.83,0.75342,1.23659,1.50581,straight,gentle
MVI_40732,73,35,2086,2120,99.08,98.27,0.9918,34.43,57.02,3.545,88.61,0.01369,0.005784,0.038722,0.050994,19.61,0.53256,1.67366,2.03081,curved,gentle
MVI_40751,1,41,1,41,121.29,118.63,0.9781,0.01,104.68,2.722,68.06,0.020878,0.019669,0.040005,0.058264,17.16,1.27364,2.30298,2.72497,straight,straight
MVI_40751,2,1140,6,1145,264.32,18.37,0.0695,67.72,1126.72,0.138,3.46,0.181148,0.047822,0.394853,1.971586,0.51,1.15774,5.36176,25.93046,static,static
MVI_40751,3,81,1,81,542.41,539.54,0.9947,14.73,67.92,6.718,167.96,0.002853,0.002074,0.006078,0.008424,118.71,0.37969,0.96669,1.22188,straight,gentle
MVI_40751,4,141,1,141,506.12,501.22,0.9903,30.02,220.84,2.457,61.42,0.015512,0.008876,0.041281,0.068657,14.57,0.75769,1.84133,3.22205,curved,gentle
MVI_40751,5,146,11,156,946.27,944.66,0.9983,40.85,113.35,6.773,169.33,0.007739,0.001381,0.005017,0.55803,1.79,0.25201,0.67455,12.61457,curved,gentle
MVI_40751,6,56,131,186,87.99,84.61,0.9616,94.1,160.14,1.57,39.26,0.046758,0.021823,0.118989,0.235505,4.25,0.94495,3.51063,6.07412,curved,sharp
MVI_40751,7,186,116,301,903.58,898.09,0.9939,13.44,162.19,4.575,114.38,0.004423,0.003432,0.008513,0.02736,36.55,0.41219,0.8569,2.23811,straight,gentle
MVI_40751,8,920,226,1145,522.65,79.81,0.1527,115.4,3738.03,0.341,8.53,0.106747,0.06779,0.267546,0.990044,1.01,1.22065,3.92655,12.70681,static,static
MVI_40751,9,96,291,386,570.92,567.99,0.9949,21.58,80.52,5.733,143.31,0.004896,0.002102,0.016916,0.034108,29.32,0.29907,0.96106,1.95921,curved,gentle
MVI_40751,10,51,321,371,481.07,474.66,0.9867,11.09,56.73,9.884,247.09,0.003698,0.000923,0.013723,0.016448,60.8,0.26738,1.25687,1.4182,straight,gentle
MVI_40751,11,156,316,471,897.16,893.77,0.9962,35.81,120.17,6.02,150.5,0.005963,0.00252,0.006093,0.368517,2.71,0.33745,0.80292,6.63284,curved,gentle
MVI_40751,12,66,356,421,598.38,595.23,0.9947,21.39,42.94,9.429,235.73,0.001829,0.00098,0.0048,0.009117,109.68,0.26084,0.54758,1.16775,curved,gentle
MVI_40751,13,31,361,391,121.69,116.88,0.9605,27.24,50.73,3.575,89.39,0.009606,0.008593,0.017488,0.029564,33.82,0.80668,1.89601,3.02087,curved,gentle
MVI_40751,14,56,376,431,326.18,320.65,0.983,38.4,61.49,6.154,153.86,0.004278,0.002787,0.011614,0.012965,77.13,0.46894,1.01952,1.45635,curved,gentle
MVI_40751,15,775,371,1145,886.68,733.49,0.8272,254.74,2247.24,0.324,8.11,0.035047,0.009959,0.084984,0.617118,1.62,0.62427,2.45558,8.10207,static,static
MVI_40751,16,66,426,491,399.69,394.35,0.9866,1.11,85.08,6.852,171.31,0.00641,0.002121,0.017304,0.046949,21.3,0.35719,1.54672,2.54276,straight,straight
MVI_40751,17,71,456,526,457.73,450.96,0.9852,32.65,54.16,6.529,163.23,0.003111,0.001943,0.007419,0.016356,61.14,0.17119,1.02156,1.88303,curved,gentle
MVI_40751,18,31,461,491,145.69,139.01,0.9541,43.13,57.01,4.813,120.32,0.007854,0.004607,0.018579,0.0298,33.56,0.58732,2.45655,3.58544,curved,gentle
MVI_40751,20,66,501,566,428.35,421.24,0.9834,29.88,86.1,6.751,168.76,0.005123,0.003215,0.013326,0.017501,57.14,0.53694,1.32827,2.18535,curved,gentle
MVI_40751,21,625,521,1145,357.45,54.91,0.1536,407.81,2947.28,0.0,0.0,0.18752,0.086981,0.465815,2.855774,0.35,2.29677,9.38293,39.22683,static,static
MVI_40751,22,66,546,611,502.87,498.33,0.991,6.53,68.82,7.944,198.59,0.004371,0.002424,0.013071,0.020546,48.67,0.4361,1.11263,1.48564,straight,straight
MVI_40751,23,66,581,646,386.45,381.08,0.9861,28.44,108.58,6.375,159.37,0.009392,0.002505,0.036624,0.063796,15.68,0.43676,2.34885,3.58071,curved,gentle
MVI_40751,24,46,601,646,199.81,193.83,0.9701,5.41,80.23,4.056,101.41,0.009439,0.007744,0.02099,0.027869,35.88,0.87417,1.59761,1.74215,straight,straight
MVI_40751,25,76,611,686,527.67,521.82,0.9889,6.26,74.61,7.116,177.91,0.004742,0.001322,0.01604,0.023568,42.43,0.25915,1.208,1.77419,straight,straight
MVI_40751,26,51,646,696,232.0,226.12,0.9747,30.43,59.33,5.421,135.53,0.005666,0.004232,0.010226,0.021496,46.52,0.51634,1.06303,1.94154,curved,gentle
MVI_40751,27,36,706,741,206.53,200.19,0.9693,15.45,59.29,5.905,147.63,0.006437,0.003228,0.015345,0.021175,47.22,0.49627,1.90736,2.65544,curved,gentle
MVI_40751,28,405,741,1145,861.55,817.84,0.9493,57.81,462.52,2.819,70.46,0.009121,0.004572,0.016457,0.116811,8.56,0.3755,1.10276,2.47637,curved,sharp
MVI_40751,29,370,776,1145,671.25,637.16,0.9492,57.14,509.29,2.131,53.28,0.014142,0.008561,0.023469,0.283807,3.52,0.45766,1.29372,4.19057,curved,sharp
MVI_40751,30,91,834,924,419.27,413.24,0.9856,26.52,87.95,3.396,84.91,0.005849,0.001698,0.021967,0.02559,39.08,0.16893,1.44615,1.92329,curved,gentle
MVI_40751,31,43,861,903,369.46,368.39,0.9971,12.79,13.35,8.04,201.0,0.000568,0.000334,0.001532,0.002573,388.71,0.06935,0.35963,0.67397,straight,gentle
MVI_40751,32,266,851,1116,961.15,934.1,0.9719,12.95,383.17,3.632,90.79,0.010819,0.003795,0.029433,0.155282,6.44,0.34752,1.88173,8.77545,straight,gentle
MVI_40751,33,270,876,1145,519.91,513.28,0.9872,13.02,325.11,2.107,52.67,0.018176,0.010382,0.040976,0.142207,7.03,0.53017,1.78587,3.49611,straight,gentle
MVI_40751,34,61,881,941,421.52,416.45,0.988,20.22,58.06,6.517,162.91,0.00423,0.002502,0.011123,0.017098,58.49,0.42165,1.11458,1.75567,curved,gentle
MVI_40751,35,156,926,1081,791.46,790.23,0.9985,11.71,86.82,5.135,128.38,0.002328,0.001748,0.004853,0.008664,115.42,0.23326,0.66205,0.91678,straight,gentle
MVI_40751,36,195,951,1145,441.25,437.08,0.9906,10.33,271.98,2.641,66.03,0.019936,0.009123,0.049296,0.289038,3.46,0.52446,1.42594,4.76875,straight,gentle
MVI_40751,37,61,971,1031,522.53,516.77,0.989,12.83,60.74,8.152,203.79,0.004383,0.000793,0.015128,0.033635,29.73,0.16959,1.46166,2.125,straight,gentle
MVI_40751,38,140,1006,1145,456.42,454.59,0.996,29.0,144.7,3.374,84.34,0.009264,0.005994,0.018392,0.08183,12.22,0.49983,1.21303,2.25182,curved,gentle
MVI_40751,39,51,1051,1101,360.97,356.42,0.9874,17.44,49.1,7.685,192.11,0.003469,0.001703,0.009146,0.014047,71.19,0.33957,0.92018,1.91065,straight,gentle
MVI_40751,40,80,1066,1145,183.42,182.72,0.9962,6.65,69.69,2.312,57.79,0.008641,0.008164,0.016219,0.029695,33.68,0.46863,0.86687,1.80938,straight,straight
MVI_40751,41,45,1101,1145,135.65,135.09,0.9959,34.17,52.6,3.04,76.0,0.008553,0.004542,0.023509,0.029743,33.62,0.36095,1.56847,1.84677,curved,gentle
MVI_40751,42,10,1136,1145,67.53,67.39,0.998,12.89,12.89,7.492,187.3,0.003408,0.003409,0.003845,0.003898,256.54,0.63844,0.70372,0.71016,unknown,unknown
MVI_40752,1,6,1,6,41.7,41.7,1.0,0.01,0.01,8.34,208.5,5e-06,5e-06,1e-05,1e-05,104288.85,0.00104,0.002,0.002,unknown,unknown
MVI_40752,2,41,1,41,422.14,420.89,0.997,22.62,31.13,10.419,260.47,0.001413,0.000953,0.004457,0.005427,184.28,0.22026,1.28992,1.47085,curved,gentle
MVI_40752,3,56,1,56,238.83,237.4,0.994,21.85,76.12,3.662,91.54,0.012685,0.006063,0.015914,0.177055,5.65,0.59736,1.34751,3.86078,curved,gentle
MVI_40752,4,86,6,91,708.64,707.41,0.9983,4.86,64.19,7.672,191.8,0.002645,0.001489,0.006476,0.017835,56.07,0.27831,0.96484,2.57841,straight,straight
MVI_40752,5,81,41,121,710.12,708.74,0.9981,2.23,45.51,8.601,215.02,0.00166,0.000957,0.004544,0.00809,123.61,0.1698,0.86401,1.34517,straight,straight
MVI_40752,6,91,41,131,676.69,675.48,0.9982,23.18,62.87,6.993,174.83,0.002139,0.001368,0.005152,0.010224,97.81,0.2739,0.70199,1.97642,curved,gentle
MVI_40752,7,91,56,146,692.38,691.42,0.9986,8.47,32.12,7.092,177.3,0.001079,0.000947,0.002369,0.003491,286.47,0.14743,0.41066,0.65634,straight,straight
MVI_40752,8,96,71,166,632.4,631.72,0.9989,19.51,51.63,6.23,155.74,0.002113,0.001122,0.004979,0.01904,52.52,0.18225,0.58437,1.93957,straight,gentle
MVI_40752,9,116,71,186,937.19,935.09,0.9978,8.78,73.5,7.099,177.47,0.002575,0.001384,0.006233,0.011758,85.05,0.30612,0.79289,1.26401,straight,straight
MVI_40752,10,81,81,161,675.96,675.6,0.9995,11.36,25.74,7.776,194.41,0.000937,0.000682,0.002047,0.002732,366.01,0.14785,0.37564,0.43192,straight,gentle
MVI_40752,11,91,86,176,728.17,727.28,0.9988,7.22,45.44,7.543,188.57,0.001587,0.0012,0.00359,0.006859,145.79,0.22628,0.55546,1.02011,straight,straight
MVI_40752,12,86,96,181,811.37,805.26,0.9925,19.86,69.92,9.264,231.61,0.002377,0.001269,0.00521,0.018878,52.97,0.26576,0.77632,1.8728,straight,gentle
MVI_40752,13,96,106,201,684.51,683.95,0.9992,3.17,36.49,6.62,165.5,0.00135,0.00103,0.003383,0.005142,194.47,0.1761,0.43332,0.70252,straight,straight
MVI_40752,14,91,111,201,732.73,731.99,0.999,12.87,42.32,7.549,188.73,0.001512,0.001142,0.003211,0.010228,97.77,0.23416,0.47131,1.33873,straight,gentle
MVI_40752,15,121,131,251,945.79,945.09,0.9993,10.21,54.22,7.469,186.71,0.001638,0.001,0.004213,0.006415,155.87,0.20648,0.45685,0.58535,straight,gentle
MVI_40752,16,91,136,226,758.89,753.88,0.9934,32.82,66.74,7.588,189.71,0.002712,0.000979,0.007176,0.018687,53.51,0.21751,0.83418,1.68185,curved,gentle
MVI_40752,17,96,161,256,631.39,630.53,0.9986,10.32,59.03,6.149,153.72,0.002509,0.001737,0.005811,0.016808,59.5,0.28029,0.6571,1.94821,straight,gentle
MVI_40752,18,131,166,296,961.33,959.39,0.998,6.38,90.82,6.441,161.02,0.002807,0.001633,0.006874,0.01234,81.04,0.25992,0.87401,1.54691,straight,straight
MVI_40752,19,76,171,246,647.05,646.58,0.9993,8.12,34.32,8.25,206.25,0.001167,0.000901,0.002382,0.003621,276.15,0.21486,0.49504,0.79812,straight,straight
MVI_40752,20,95,171,265,743.02,742.34,0.9991,7.42,25.77,7.35,183.75,0.000869,0.000669,0.001791,0.003726,268.38,0.12298,0.30969,0.68724,straight,straight
MVI_40752,21,16,46,61,80.45,80.1,0.9957,20.15,20.15,5.642,141.06,0.005463,0.003406,0.013577,0.01845,54.2,0.47866,1.37056,1.68342,curved,gentle
MVI_40752,22,71,136,206,565.11,564.44,0.9988,3.43,38.66,7.588,189.7,0.001547,0.001382,0.002716,0.004874,205.15,0.27271,0.53288,0.74472,straight,straight
MVI_40752,23,21,156,176,119.04,118.75,0.9976,0.92,17.1,5.875,146.87,0.003126,0.002861,0.006305,0.008389,119.21,0.43012,0.82273,0.92332,straight,straight
MVI_40752,24,86,161,246,702.82,702.11,0.999,17.9,35.8,7.157,178.93,0.001263,0.000856,0.003842,0.005515,181.31,0.16241,0.53964,0.6062,straight,gentle
MVI_40752,28,89,186,274,689.81,689.1,0.999,8.15,49.74,7.298,182.44,0.002149,0.001134,0.006588,0.010286,97.21,0.21602,0.83961,1.1405,straight,straight
MVI_40752,29,80,196,275,672.09,661.92,0.9849,97.98,127.84,7.691,192.27,0.00943,0.001036,0.0123,0.255531,3.91,0.23471,1.88676,12.97093,curved,sharp
MVI_40752,30,89,196,284,724.54,722.92,0.9978,12.34,47.53,7.679,191.97,0.001434,0.00112,0.002727,0.011236,89.0,0.19366,0.56672,1.34204,straight,gentle
MVI_40752,31,116,226,341,927.02,925.74,0.9986,5.7,53.46,7.775,194.38,0.001348,0.000973,0.003337,0.005936,168.46,0.17292,0.5598,0.78283,straight,straight
MVI_40752,32,96,231,326,659.22,658.47,0.9989,12.19,52.73,6.171,154.28,0.002454,0.001349,0.006488,0.009031,110.73,0.2323,0.74916,1.18353,straight,gentle
MVI_40752,33,76,241,316,700.95,700.28,0.999,4.26,33.58,8.335,208.37,0.001381,0.000565,0.003084,0.009126,109.58,0.1702,0.41005,1.26277,straight,straight
MVI_40752,34,71,271,341,678.67,677.28,0.9979,23.2,46.13,9.113,227.83,0.001604,0.001146,0.003127,0.006692,149.42,0.27223,0.71367,0.88251,curved,gentle
MVI_40752,35,111,271,381,926.96,925.6,0.9985,14.88,57.13,7.87,196.75,0.001788,0.000985,0.004544,0.007536,132.69,0.23405,0.49486,0.81788,straight,gentle
MVI_40752,36,101,286,386,674.83,674.24,0.9991,3.31,48.42,6.361,159.03,0.001743,0.001482,0.003804,0.00507,197.24,0.25049,0.52423,0.83308,straight,straight
MVI_40752,37,101,291,391,690.68,689.26,0.9979,26.39,71.36,6.3,157.49,0.002501,0.001534,0.004304,0.030646,32.63,0.2477,0.68317,4.17516,curved,gentle
MVI_40752,38,80,291,370,709.76,709.53,0.9997,2.41,24.45,7.825,195.61,0.000952,0.000737,0.00235,0.004332,230.85,0.15034,0.33926,0.58941,straight,straight
MVI_40752,39,85,306,390,755.03,754.45,0.9992,4.97,30.86,8.501,212.53,0.001033,0.000701,0.002311,0.002762,362.04,0.16682,0.34996,0.51011,straight,straight
MVI_40752,40,111,311,421,933.82,932.23,0.9983,3.47,61.77,7.747,193.68,0.001768,0.001076,0.004667,0.009001,111.1,0.25321,0.65745,1.01648,straight,straight
MVI_40752,41,86,341,426,679.86,679.24,0.9991,12.35,31.5,7.709,192.73,0.000988,0.000726,0.002088,0.005809,172.15,0.12386,0.36814,1.23782,straight,gentle
MVI_40752,42,111,346,456,889.63,884.86,0.9946,20.22,71.3,7.171,179.28,0.002285,0.001273,0.004793,0.020173,49.57,0.24592,0.85184,1.51014,curved,gentle
MVI_40752,43,71,336,406,782.17,781.44,0.9991,9.56,38.69,9.888,247.21,0.00188,0.000486,0.005732,0.013568,73.7,0.14898,0.88779,1.45458,straight,straight
MVI_40752,44,91,371,461,684.71,684.3,0.9994,4.76,31.45,6.934,173.35,0.0012,0.000705,0.003907,0.005574,179.42,0.13986,0.41699,0.58555,straight,straight
MVI_40752,45,76,371,446,708.6,707.97,0.9991,11.21,32.15,8.794,219.84,0.001312,0.0009,0.002948,0.004255,235.01,0.24085,0.46743,0.68438,straight,gentle
MVI_40752,46,111,381,491,933.07,931.97,0.9988,3.42,54.45,8.229,205.73,0.001506,0.000767,0.003682,0.010101,99.0,0.17436,0.61043,1.22884,straight,straight
MVI_40752,47,81,386,466,621.37,613.56,0.9874,9.13,108.01,7.28,182.0,0.007514,0.00229,0.020912,0.062619,15.97,0.36089,1.99346,3.08492,straight,straight
MVI_40752,48,76,386,461,636.24,635.74,0.9992,10.76,31.66,7.863,196.59,0.001065,0.000606,0.002702,0.004843,206.48,0.12848,0.52863,1.14442,straight,gentle
MVI_40752,49,96,406,501,647.28,646.63,0.999,4.82,47.61,6.281,157.03,0.00213,0.001005,0.005364,0.012149,82.31,0.20461,0.68014,1.28639,straight,straight
MVI_40752,50,81,416,496,715.21,714.42,0.9989,11.89,30.12,8.042,201.04,0.000974,0.00082,0.001848,0.00357,280.13,0.15247,0.44635,0.51266,straight,gentle
MVI_40752,51,106,426,531,934.82,933.72,0.9988,10.82,64.61,8.372,209.31,0.002135,0.001286,0.00546,0.009364,106.79,0.30589,0.73475,1.21191,straight,gentle
MVI_40752,52,101,431,531,843.38,837.66,0.9932,42.72,86.1,8.373,209.33,0.00411,0.001312,0.014494,0.037378,26.75,0.29289,1.09472,2.1097,curved,gentle
MVI_40752,53,81,446,526,673.95,673.55,0.9994,1.12,26.7,7.896,197.41,0.000945,0.000479,0.002137,0.006183,161.73,0.10359,0.4571,0.69559,straight,straight
MVI_40752,54,91,471,561,713.57,712.65,0.9987,0.08,55.9,7.477,186.92,0.002268,0.001243,0.004787,0.010108,98.93,0.25283,0.71235,1.39662,straight,straight
MVI_40752,55,85,471,555,740.22,738.96,0.9983,0.63,55.84,8.362,209.04,0.002132,0.001521,0.005744,0.008139,122.86,0.33876,0.75605,1.18371,straight,straight
MVI_40752,56,101,471,571,947.39,946.75,0.9993,4.95,37.15,8.947,223.68,0.001299,0.000709,0.003158,0.005677,176.15,0.16379,0.51295,0.83042,straight,straight
MVI_40752,57,91,506,596,782.79,778.93,0.9951,7.37,76.01,7.411,185.28,0.003823,0.000882,0.015106,0.028197,35.47,0.19114,1.3758,2.09864,straight,straight
MVI_40752,58,81,511,591,724.03,723.37,0.9991,4.6,35.63,8.715,217.88,0.001175,0.000573,0.003507,0.00511,195.68,0.11828,0.68258,1.08497,straight,straight
MVI_40752,59,101,516,616,929.7,928.7,0.9989,6.7,39.79,8.498,212.44,0.001081,0.000622,0.002876,0.008202,121.93,0.17574,0.40011,1.01763,straight,straight
MVI_40752,60,91,526,616,709.9,709.01,0.9988,25.4,52.0,7.348,183.7,0.002073,0.000966,0.00595,0.012617,79.26,0.19097,0.85401,1.693,curved,gentle
MVI_40752,61,91,536,626,758.67,751.77,0.9909,0.95,84.84,7.604,190.11,0.004065,0.001055,0.018063,0.026459,37.79,0.19173,1.55068,1.86682,straight,straight
MVI_40752,62,81,541,621,629.56,629.03,0.9992,7.36,37.3,7.319,182.98,0.001518,0.001012,0.002873,0.00722,138.51,0.20443,0.48029,0.79055,straight,straight
MVI_40752,63,101,556,656,908.07,907.38,0.9992,2.84,41.82,8.344,208.6,0.001065,0.000999,0.001999,0.00287,348.49,0.18398,0.41377,0.53349,straight,straight
MVI_40752,64,81,561,641,625.43,616.47,0.9857,17.05,71.12,7.865,196.62,0.003189,0.001608,0.011774,0.01434,69.73,0.30939,1.03463,1.4321,straight,gentle
MVI_40752,65,116,566,681,932.88,926.4,0.9931,5.5,55.75,6.311,157.78,0.00147,0.000886,0.003196,0.009667,103.44,0.16024,0.52811,1.0968,straight,straight
MVI_40752,66,101,576,676,680.05,679.34,0.999,10.98,48.27,6.462,161.56,0.00189,0.000788,0.004888,0.020174,49.57,0.14677,0.59878,1.93096,straight,gentle
MVI_40752,67,87,540,626,802.08,801.41,0.9992,4.62,31.68,10.424,260.59,0.001137,0.000483,0.002693,0.00594,168.35,0.12529,0.50782,0.78661,straight,straight
MVI_40752,68,116,631,746,930.55,929.9,0.9993,12.21,49.89,7.538,188.45,0.001729,0.00092,0.004217,0.009318,107.31,0.18258,0.49493,0.84445,straight,gentle
MVI_40752,69,91,646,736,685.35,685.02,0.9995,11.56,28.37,6.905,172.62,0.001293,0.000508,0.003439,0.011533,86.71,0.0869,0.39198,0.91281,straight,gentle
MVI_40752,70,99,648,746,647.83,639.64,0.9874,16.73,111.94,6.71,167.76,0.005122,0.001776,0.014118,0.028261,35.38,0.3451,1.36394,1.87308,straight,gentle
MVI_40752,71,88,659,746,903.37,898.42,0.9945,20.1,66.05,9.815,245.38,0.002016,0.000969,0.004978,0.01616,61.88,0.26515,0.82115,1.6218,curved,gentle
MVI_40752,72,81,686,766,731.79,731.2,0.9992,14.22,37.4,8.331,208.27,0.001296,0.000911,0.002541,0.008546,117.02,0.19866,0.50062,1.45043,straight,gentle
MVI_40752,73,111,696,806,924.74,920.05,0.9949,23.19,89.1,7.96,198.99,0.002186,0.001654,0.004986,0.007748,129.06,0.33645,0.8747,1.69138,curved,gentle
MVI_40752,74,86,701,786,671.64,665.15,0.9903,23.52,61.75,7.635,190.87,0.002513,0.001586,0.00454,0.021314,46.92,0.23077,0.64528,2.2135,curved,gentle
MVI_40752,75,116,706,821,696.16,695.24,0.9987,15.54,56.71,5.665,141.62,0.002327,0.001294,0.005998,0.009703,103.06,0.21257,0.63095,1.08122,straight,gentle
MVI_40752,76,81,731,811,708.3,707.9,0.9994,4.89,27.8,8.264,206.6,0.000899,0.000733,0.00178,0.003453,289.61,0.17976,0.36128,0.54049,straight,straight
MVI_40752,77,106,736,841,896.25,889.24,0.9922,8.1,97.46,8.04,201.01,0.005603,0.001292,0.010453,0.144989,6.9,0.2862,0.89845,4.19513,straight,straight
MVI_40752,78,92,710,801,770.25,764.65,0.9927,24.32,62.95,7.555,188.88,0.001869,0.001035,0.003727,0.020938,47.76,0.20372,0.68085,2.25978,curved,gentle
MVI_40752,79,111,746,856,964.16,963.48,0.9993,7.53,45.5,8.091,202.28,0.001367,0.000777,0.002941,0.009222,108.43,0.16294,0.55413,1.02888,straight,straight
MVI_40752,80,6,776,781,26.48,26.48,1.0,0.0,0.0,5.297,132.42,3e-06,3e-06,5e-06,5e-06,216736.76,0.00046,0.00061,0.00061,unknown,unknown
MVI_40752,81,91,791,881,813.63,810.63,0.9963,3.92,74.79,8.147,203.69,0.002297,0.001349,0.006106,0.009795,102.09,0.31644,0.99618,1.61448,straight,straight
MVI_40752,82,81,816,896,687.24,686.62,0.9991,13.32,39.51,7.727,193.17,0.001467,0.000508,0.002863,0.027695,36.11,0.10867,0.39452,3.60001,straight,gentle
MVI_40752,83,66,821,886,546.52,545.87,0.9988,2.62,31.77,7.927,198.18,0.001593,0.001255,0.003941,0.006407,156.09,0.21359,0.62227,0.83668,straight,straight
MVI_40752,84,91,826,916,645.81,645.04,0.9988,0.62,47.89,6.835,170.88,0.001878,0.001234,0.004772,0.010324,96.86,0.20754,0.68078,1.25025,straight,straight
MVI_40752,85,111,831,941,912.61,911.79,0.9991,4.01,52.56,7.73,193.26,0.001477,0.000989,0.003808,0.007488,133.54,0.18836,0.49914,0.88007,straight,straight
MVI_40752,86,81,836,916,604.62,604.27,0.9994,3.8,29.33,7.151,178.78,0.001051,0.001005,0.00212,0.002911,343.48,0.17339,0.38938,0.70011,straight,straight
MVI_40752,90,71,786,856,665.99,665.65,0.9995,4.25,26.84,8.766,219.14,0.001054,0.000768,0.002131,0.003887,257.24,0.20136,0.38493,0.63857,straight,straight
MVI_40752,91,111,856,966,726.44,720.4,0.9917,2.67,99.14,6.257,156.43,0.004185,0.001599,0.012194,0.024731,40.43,0.25954,1.28732,1.87533,straight,straight
MVI_40752,92,66,881,946,582.56,582.37,0.9997,0.23,14.9,8.347,208.68,0.000603,0.000511,0.00145,0.002414,414.26,0.08606,0.30992,0.54889,straight,straight
MVI_40752,93,106,886,991,897.76,895.85,0.9979,13.06,75.86,7.769,194.23,0.002309,0.001416,0.005013,0.02771,36.09,0.26358,0.90544,3.37137,straight,gentle
MVI_40752,94,96,901,996,697.82,696.84,0.9986,0.8,59.49,6.943,173.58,0.002339,0.001339,0.004152,0.017251,57.97,0.24966,0.73254,1.39736,straight,straight
MVI_40752,95,106,926,1031,708.68,701.64,0.9901,23.46,83.14,6.414,160.36,0.003108,0.002041,0.006723,0.017948,55.72,0.33409,0.83142,1.64692,curved,gentle
MVI_40752,96,76,951,1026,655.98,655.51,0.9993,0.4,34.17,8.492,212.31,0.001217,0.001019,0.002216,0.004071,245.63,0.22045,0.46844,0.80246,straight,straight
MVI_40752,97,86,951,1036,684.95,684.06,0.9987,0.77,47.45,7.541,188.54,0.001699,0.001138,0.004888,0.006553,152.61,0.25546,0.658,0.9848,straight,straight
MVI_40752,98,66,961,1026,661.0,660.28,0.9989,8.94,31.21,9.463,236.57,0.001497,0.001175,0.003239,0.007397,135.19,0.22915,0.6847,1.03338,straight,straight
MVI_40752,99,91,986,1076,709.4,708.73,0.9991,3.64,37.24,7.081,177.03,0.001425,0.000859,0.003337,0.006504,153.76,0.18327,0.44527,0.95006,straight,straight
MVI_40752,100,101,986,1086,704.01,697.2,0.9903,2.98,99.51,6.714,167.84,0.004428,0.002203,0.011397,0.023108,43.28,0.44042,1.02189,1.90604,straight,straight
MVI_40752,101,71,996,1066,688.46,687.89,0.9992,4.5,27.2,8.732,218.3,0.001124,0.000679,0.002845,0.005901,169.46,0.17375,0.46253,0.90299,straight,straight
MVI_40752,102,106,1031,1136,668.95,667.84,0.9983,6.28,63.52,6.185,154.63,0.002298,0.001578,0.00491,0.010816,92.46,0.23624,0.641,1.11046,straight,straight
MVI_40752,103,81,1036,1116,673.92,672.77,0.9983,22.65,54.98,7.997,199.91,0.001991,0.001659,0.003848,0.009744,102.63,0.31269,0.73264,1.16755,curved,gentle
MVI_40752,104,76,1046,1121,869.97,867.29,0.9969,8.9,33.62,11.019,275.48,0.000869,0.000567,0.001866,0.004067,245.87,0.18722,0.52462,0.87635,straight,straight
MVI_40752,105,91,1046,1136,633.96,633.17,0.9988,8.07,51.8,6.57,164.26,0.00224,0.001338,0.005778,0.010564,94.66,0.24967,0.67699,1.09634,straight,straight
MVI_40752,106,86,1076,1161,701.48,700.51,0.9986,19.67,41.71,7.682,192.06,0.001443,0.000778,0.003476,0.010348,96.63,0.17156,0.5295,1.54782,straight,gentle
MVI_40752,107,91,1086,1176,724.28,723.71,0.9992,0.0,37.71,7.102,177.54,0.001689,0.001139,0.003306,0.009414,106.23,0.21127,0.47593,1.09603,straight,straight
MVI_40752,108,91,1091,1181,709.68,708.22,0.998,23.49,60.94,7.32,183.0,0.002066,0.001416,0.004328,0.01445,69.21,0.26272,0.70331,2.30227,curved,gentle
MVI_40752,109,101,1101,1201,677.09,676.1,0.9985,15.13,48.61,6.294,157.34,0.001719,0.000993,0.004047,0.017442,57.33,0.16805,0.47602,2.11931,straight,gentle
MVI_40752,110,111,1121,1231,799.82,794.35,0.9932,14.26,100.28,6.612,165.29,0.003278,0.001793,0.008874,0.020143,49.64,0.32667,0.91559,1.72187,straight,gentle
MVI_40752,111,66,1151,1216,536.73,535.98,0.9986,22.31,43.11,7.861,196.53,0.002578,0.000981,0.004968,0.028851,34.66,0.21391,0.6553,2.19863,curved,gentle
MVI_40752,112,76,1151,1226,642.63,642.29,0.9995,8.02,29.03,8.18,204.49,0.001438,0.000461,0.004695,0.010942,91.39,0.10765,0.65094,1.19274,straight,straight
MVI_40752,113,81,1151,1231,723.9,723.31,0.9992,10.14,37.7,8.325,208.13,0.001328,0.000967,0.002555,0.010572,94.59,0.18569,0.47575,1.72468,straight,gentle
MVI_40752,114,91,1176,1266,859.5,854.25,0.9939,12.22,69.38,7.547,188.68,0.002917,0.001174,0.008638,0.015835,63.15,0.27487,0.86867,1.57136,straight,gentle
MVI_40752,115,101,1191,1291,944.69,943.83,0.9991,3.42,44.41,8.277,206.92,0.001301,0.000883,0.002935,0.005746,174.04,0.19135,0.46872,0.71092,straight,straight
MVI_40752,116,91,1196,1286,727.02,726.38,0.9991,12.48,50.01,7.602,190.06,0.001802,0.00104,0.004158,0.008598,116.31,0.23706,0.59408,1.01559,straight,gentle
MVI_40752,117,96,1201,1296,691.43,686.81,0.9933,2.0,91.22,7.171,179.28,0.004273,0.001866,0.01447,0.022559,44.33,0.31592,1.19527,1.84177,straight,straight
MVI_40752,118,81,1221,1301,676.76,676.24,0.9992,12.2,35.3,8.195,204.88,0.001263,0.000817,0.002673,0.007303,136.92,0.18121,0.48363,1.37444,straight,gentle
MVI_40752,119,101,1221,1321,889.17,886.64,0.9971,41.41,71.03,7.501,187.53,0.002005,0.0006,0.003145,0.049347,20.26,0.15036,0.57048,7.27646,curved,gentle
MVI_40752,120,86,1261,1346,638.15,633.0,0.9919,27.34,60.01,6.825,170.61,0.002691,0.00184,0.00544,0.019218,52.03,0.24147,0.84757,1.56935,curved,gentle
MVI_40752,121,86,1266,1351,723.95,723.36,0.9992,12.7,34.3,7.67,191.76,0.001328,0.000875,0.003441,0.006038,165.63,0.18336,0.46702,0.70863,straight,gentle
MVI_40752,122,81,1271,1351,661.3,660.69,0.9991,3.56,32.5,7.942,198.56,0.00133,0.000522,0.004452,0.007003,142.79,0.13261,0.61335,0.83498,straight,straight
MVI_40752,123,81,1291,1371,705.26,704.64,0.9991,1.25,34.75,8.334,208.35,0.001073,0.00077,0.002312,0.004233,236.26,0.16216,0.48611,0.80894,straight,straight
MVI_40752,124,106,1291,1396,943.61,942.36,0.9987,14.29,47.77,7.881,197.02,0.001083,0.000949,0.002144,0.004109,243.36,0.20039,0.53027,0.98838,straight,gentle
MVI_40752,125,86,1301,1386,659.33,655.91,0.9948,44.53,92.94,7.669,191.73,0.003466,0.002178,0.009185,0.023764,42.08,0.36736,1.59171,2.02056,curved,gentle
MVI_40752,126,106,1311,1416,892.71,888.19,0.9949,38.92,88.22,7.813,195.34,0.003869,0.001059,0.011293,0.030811,32.46,0.24983,1.21833,2.17491,curved,gentle
MVI_40752,127,86,1321,1406,610.98,601.51,0.9845,2.3,109.76,7.431,185.77,0.006611,0.003092,0.016257,0.067352,14.85,0.58532,1.46312,2.8138,straight,straight
MVI_40752,128,96,1326,1421,903.97,903.27,0.9992,18.22,45.18,8.847,221.17,0.00143,0.000996,0.003512,0.007335,136.34,0.21095,0.51734,1.037,straight,gentle
MVI_40752,129,61,1326,1386,540.4,538.07,0.9957,37.52,63.05,8.537,213.43,0.002734,0.001674,0.003962,0.024881,40.19,0.34785,1.1083,3.98478,curved,gentle
MVI_40752,130,81,1326,1406,682.81,682.48,0.9995,4.54,28.87,7.728,193.21,0.000997,0.000851,0.002054,0.003077,324.96,0.15625,0.38041,0.59455,straight,straight
MVI_40752,131,86,1341,1426,670.46,669.6,0.9987,10.39,53.07,7.315,182.87,0.001914,0.001497,0.004079,0.005253,190.38,0.26286,0.58941,0.69278,straight,gentle
MVI_40752,132,81,1351,1431,721.49,720.68,0.9989,7.42,30.94,8.52,213.0,0.00104,0.000485,0.002759,0.004698,212.87,0.11973,0.55067,0.89632,straight,straight
MVI_40752,133,91,1361,1451,707.96,707.09,0.9988,7.83,53.71,7.25,181.25,0.001952,0.001197,0.004037,0.017208,58.11,0.22494,0.57283,2.33818,straight,straight
MVI_40752,134,91,1376,1466,741.47,736.79,0.9937,20.34,98.3,8.043,201.07,0.00563,0.001666,0.012146,0.043941,22.76,0.35654,1.19654,2.62037,curved,gentle
MVI_40752,135,76,1381,1456,682.75,682.26,0.9993,5.52,35.75,8.515,212.87,0.00138,0.000855,0.002948,0.007305,136.9,0.20443,0.48574,0.86923,straight,straight
MVI_40752,136,116,1391,1506,934.52,933.27,0.9987,13.6,75.47,7.497,187.42,0.002237,0.001296,0.004345,0.013074,76.49,0.28114,0.71753,0.94695,straight,gentle
MVI_40752,137,76,1406,1481,689.86,689.41,0.9993,5.59,28.07,8.859,221.47,0.00101,0.000769,0.002133,0.003084,324.27,0.16762,0.42376,0.56447,straight,straight
MVI_40752,138,101,1416,1516,646.02,644.96,0.9984,17.9,70.38,5.705,142.63,0.002768,0.002076,0.005189,0.030871,32.39,0.2651,0.72497,2.96134,straight,gentle
MVI_40752,139,76,1426,1501,676.62,675.68,0.9986,23.91,53.03,8.404,210.09,0.00188,0.001303,0.003256,0.019413,51.51,0.29226,0.54648,2.92894,curved,gentle
MVI_40752,140,86,1426,1511,702.31,701.85,0.9993,5.89,32.87,7.504,187.6,0.001247,0.000517,0.003205,0.006486,154.17,0.10887,0.42888,0.74881,straight,straight
MVI_40752,141,51,1441,1491,355.09,354.57,0.9985,8.31,32.13,6.99,174.74,0.001999,0.001578,0.00484,0.00728,137.37,0.24756,0.70519,1.01243,straight,straight
MVI_40752,142,171,1446,1616,935.19,916.27,0.9798,32.81,235.57,5.342,133.54,0.009598,0.003829,0.025241,0.095602,10.46,0.43864,1.61047,3.16438,curved,gentle
MVI_40752,143,105,1461,1565,814.78,814.09,0.9991,9.5,56.52,6.478,161.96,0.002147,0.001342,0.005233,0.012187,82.06,0.24491,0.62841,1.2216,straight,straight
MVI_40752,144,56,1471,1526,459.57,458.7,0.9981,28.72,44.08,8.193,204.82,0.003511,0.001114,0.008802,0.042459,23.55,0.22606,1.05753,3.11762,curved,gentle
MVI_40752,145,86,1486,1571,663.99,663.39,0.9991,11.65,41.68,7.402,185.04,0.001673,0.001129,0.003551,0.008144,122.78,0.23317,0.5261,0.96504,straight,gentle
MVI_40752,146,94,1500,1593,847.31,841.32,0.9929,9.48,61.51,7.859,196.47,0.001674,0.000735,0.004344,0.008457,118.25,0.16782,0.77532,1.24705,straight,straight
MVI_40752,147,36,1501,1536,223.94,223.54,0.9982,0.28,21.4,6.097,152.43,0.002299,0.001544,0.004613,0.006188,161.6,0.27922,0.76454,1.07416,straight,straight
MVI_40752,148,106,1506,1611,900.22,898.8,0.9984,13.38,76.02,6.858,171.45,0.002703,0.001682,0.008376,0.011677,85.64,0.30699,0.9266,1.91168,straight,gentle
MVI_40752,149,76,1526,1601,665.26,664.83,0.9994,8.87,30.69,8.375,209.39,0.001187,0.000946,0.002499,0.003142,318.29,0.24232,0.34866,0.41734,straight,straight
MVI_40752,150,61,1526,1586,528.8,528.22,0.9989,7.44,30.94,8.37,209.24,0.00128,0.00093,0.002718,0.003399,294.24,0.2705,0.47829,0.81426,straight,straight
MVI_40752,151,161,1536,1696,873.23,850.66,0.9742,7.69,219.36,5.391,134.77,0.009722,0.003725,0.030556,0.064704,15.45,0.46621,1.44578,2.93325,straight,straight
MVI_40752,152,81,1551,1631,694.7,693.72,0.9986,8.88,39.21,8.052,201.3,0.001208,0.000759,0.003722,0.005443,183.71,0.1457,0.56622,1.33342,straight,straight
MVI_40752,153,101,1551,1651,903.06,900.92,0.9976,24.72,96.81,7.641,191.02,0.004082,0.001074,0.011206,0.040247,24.85,0.22974,1.32523,3.44362,curved,gentle
MVI_40752,154,101,1576,1676,924.52,923.43,0.9988,19.75,58.45,8.255,206.37,0.001744,0.000929,0.003834,0.021223,47.12,0.17843,0.61646,2.98589,straight,gentle
MVI_40752,155,84,1581,1664,867.28,860.54,0.9922,13.27,26.33,10.453,261.33,0.000446,0.000148,0.001406,0.002182,458.27,0.03379,0.36754,0.92596,straight,gentle
MVI_40752,156,76,1591,1666,641.97,641.48,0.9992,7.6,29.34,8.269,206.72,0.001058,0.000982,0.001966,0.004345,230.13,0.17543,0.37618,0.68713,straight,straight
MVI_40752,157,96,1596,1691,652.03,651.12,0.9986,9.32,55.9,6.586,164.64,0.002575,0.001121,0.005734,0.02134,46.86,0.20197,0.64739,1.61745,straight,straight
MVI_40752,158,76,1606,1681,697.58,697.24,0.9995,4.05,25.76,8.616,215.41,0.001006,0.000833,0.002345,0.003714,269.24,0.1555,0.40301,0.55179,straight,straight
MVI_40752,159,91,1611,1701,726.87,726.27,0.9992,9.55,47.06,7.487,187.18,0.001945,0.000942,0.004698,0.010159,98.44,0.19185,0.6125,1.03323,straight,straight
MVI_40752,160,101,1621,1721,891.32,890.35,0.9989,9.2,46.96,7.927,198.16,0.001381,0.001066,0.003016,0.006144,162.77,0.20089,0.54276,0.99699,straight,straight
MVI_40752,161,66,1626,1691,554.61,554.31,0.9994,2.77,25.69,7.656,191.39,0.001257,0.000803,0.003541,0.006068,164.81,0.17184,0.48664,0.77435,straight,straight
MVI_40752,162,111,1626,1736,797.16,792.8,0.9945,40.46,87.28,6.406,160.14,0.004147,0.001619,0.010471,0.035843,27.9,0.25289,0.97854,2.36771,curved,gentle
MVI_40752,163,96,1641,1736,748.35,747.87,0.9994,0.6,36.97,7.25,181.25,0.001227,0.001056,0.002603,0.004419,226.28,0.18293,0.42405,0.72384,straight,straight
MVI_40752,164,116,1666,1781,851.09,845.52,0.9935,29.09,139.46,6.24,156.01,0.005485,0.002905,0.013621,0.039103,25.57,0.48562,1.27117,2.54095,curved,gentle
MVI_40752,165,71,1671,1741,661.6,661.19,0.9994,1.59,26.98,8.845,221.13,0.001044,0.000749,0.002709,0.003595,278.19,0.18107,0.39632,0.60611,straight,straight
MVI_40752,166,116,1681,1796,725.41,719.31,0.9916,28.78,87.1,5.248,131.19,0.003783,0.002228,0.008031,0.032331,30.93,0.30008,0.67982,2.46755,curved,gentle
MVI_40752,167,91,1686,1776,694.06,693.4,0.9991,7.13,46.59,7.433,185.82,0.001818,0.00121,0.004494,0.007604,131.5,0.23465,0.57438,1.29981,straight,straight
MVI_40752,168,71,1686,1756,684.2,683.95,0.9996,2.46,23.17,9.097,227.44,0.000938,0.00037,0.003081,0.003667,272.74,0.08947,0.42696,0.50991,straight,straight
MVI_40752,169,121,1691,1811,933.49,931.52,0.9979,2.68,95.54,7.587,189.66,0.003256,0.002212,0.007748,0.013017,76.82,0.37182,0.90704,1.30396,straight,straight
MVI_40752,170,116,1726,1841,808.72,805.0,0.9954,33.76,99.04,5.581,139.53,0.010287,0.001929,0.010171,0.651757,1.53,0.3189,1.00501,8.67246,curved,gentle
MVI_40752,171,106,1726,1831,734.77,734.18,0.9992,5.13,43.9,6.486,162.15,0.001674,0.001024,0.004172,0.007906,126.49,0.17581,0.53442,0.847,straight,straight
MVI_40752,172,96,1726,1821,673.63,672.64,0.9985,16.58,46.95,6.314,157.85,0.001665,0.001281,0.003229,0.006625,150.94,0.20439,0.56073,0.817,straight,gentle
MVI_40752,173,61,1736,1796,591.75,590.97,0.9987,9.73,39.09,8.699,217.48,0.001656,0.001159,0.004274,0.007077,141.3,0.30147,0.72308,0.89782,straight,straight
MVI_40752,174,111,1741,1851,904.8,903.03,0.998,7.57,84.91,7.871,196.77,0.002646,0.001919,0.00597,0.012916,77.42,0.38121,0.88029,1.24284,straight,straight
MVI_40752,175,116,1756,1871,832.3,828.28,0.9952,38.73,89.63,6.216,155.4,0.004033,0.00107,0.008918,0.065452,15.28,0.18052,0.92355,3.37459,curved,gentle
MVI_40752,176,116,1781,1896,912.9,912.02,0.999,20.83,62.15,7.147,178.67,0.002504,0.001172,0.008136,0.012514,79.91,0.19118,0.88322,1.23418,curved,gentle
MVI_40752,177,86,1786,1871,666.85,660.06,0.9898,2.9,82.57,7.362,184.04,0.004213,0.002298,0.008561,0.044011,22.72,0.37799,0.98507,1.62997,straight,straight
MVI_40752,178,86,1786,1871,713.48,712.98,0.9993,7.17,29.35,7.583,189.58,0.001041,0.000722,0.002124,0.005022,199.14,0.15658,0.39272,0.64655,straight,straight
MVI_40752,179,61,1796,1856,572.15,571.81,0.9994,2.52,25.52,8.878,221.95,0.001355,0.000964,0.003478,0.004451,224.65,0.22127,0.49984,0.59958,straight,straight
MVI_40752,180,121,1816,1936,921.68,920.6,0.9988,2.53,62.03,7.037,175.92,0.002187,0.001182,0.005445,0.011517,86.82,0.21161,0.61338,1.38753,straight,straight
MVI_40752,181,86,1821,1906,708.79,707.92,0.9988,26.17,60.69,7.628,190.71,0.002456,0.001141,0.006048,0.041075,24.35,0.23776,0.82988,4.28561,curved,gentle
MVI_40752,182,106,1841,1946,813.05,807.69,0.9934,19.92,82.34,6.953,173.82,0.003194,0.001363,0.005834,0.03173,31.52,0.25986,0.75354,2.29719,straight,gentle
MVI_40752,183,66,1846,1911,568.91,568.15,0.9987,3.54,37.31,8.649,216.23,0.001554,0.00145,0.002926,0.005025,198.99,0.25089,0.57258,0.81912,straight,straight
MVI_40752,184,91,1846,1936,697.69,697.04,0.9991,11.49,39.5,7.099,177.47,0.001315,0.000938,0.002588,0.01153,86.73,0.17151,0.54771,1.38118,straight,gentle
MVI_40752,185,81,1846,1926,668.7,668.11,0.9991,14.62,41.76,7.934,198.35,0.001965,0.000817,0.005984,0.012187,82.05,0.19834,0.78921,1.16994,straight,gentle
MVI_40752,186,66,1861,1926,620.6,614.25,0.9898,21.75,56.57,9.184,229.59,0.003181,0.001228,0.010018,0.034567,28.93,0.24989,0.87962,1.93162,curved,gentle
MVI_40752,187,91,1876,1966,719.53,718.86,0.9991,8.24,47.05,7.51,187.74,0.001675,0.001237,0.004618,0.006856,145.85,0.23984,0.62782,1.03296,straight,straight
MVI_40752,188,76,1901,1976,710.37,709.29,0.9985,12.96,50.75,8.38,209.51,0.002072,0.001386,0.005018,0.012753,78.42,0.28496,0.75684,1.21156,straight,gentle
MVI_40752,189,111,1906,2016,836.33,831.61,0.9944,49.86,98.41,6.549,163.73,0.006062,0.001307,0.00654,0.192454,5.2,0.25222,0.76699,6.53399,curved,sharp
MVI_40752,190,81,1911,1991,694.98,694.72,0.9996,4.89,27.81,7.956,198.89,0.001216,0.000504,0.004046,0.008219,121.67,0.11238,0.54124,0.82964,straight,straight
MVI_40752,191,81,1916,1996,681.15,679.63,0.9978,16.72,53.45,7.896,197.4,0.002086,0.001054,0.005533,0.012441,80.38,0.24883,0.77542,2.11015,straight,gentle
MVI_40752,192,66,1926,1991,593.15,587.43,0.9904,29.25,46.23,9.057,226.43,0.001933,0.001062,0.004477,0.011998,83.35,0.25561,0.70208,1.47158,curved,gentle
MVI_40752,193,80,1946,2025,766.37,763.05,0.9957,0.78,57.9,9.106,227.65,0.001986,0.001052,0.006193,0.007902,126.55,0.26221,0.73996,1.24027,straight,straight
MVI_40752,194,70,1956,2025,687.43,686.86,0.9992,5.61,26.69,9.669,241.72,0.001111,0.000781,0.002622,0.005259,190.16,0.13743,0.55167,0.90621,straight,straight
MVI_40752,195,25,2001,2025,339.85,339.47,0.9989,10.81,15.32,13.786,344.64,0.000961,0.000446,0.002697,0.002705,369.74,0.15631,0.77582,0.77733,straight,gentle
MVI_40752,196,20,2006,2025,86.27,86.08,0.9978,4.06,17.39,4.433,110.81,0.003905,0.004143,0.005268,0.005551,180.15,0.4795,0.56328,0.61928,straight,straight
MVI_40752,197,35,256,290,204.24,203.83,0.998,2.25,26.9,6.466,161.66,0.002742,0.002769,0.00566,0.005972,167.45,0.41063,0.71477,0.78576,straight,straight
MVI_40752,198,41,640,680,217.39,217.1,0.9987,7.81,7.82,5.438,135.95,0.000595,0.000408,0.001514,0.001879,532.33,0.05454,0.20768,0.28843,straight,straight
MVI_40752,199,42,1590,1631,218.49,218.22,0.9988,8.66,13.08,5.287,132.18,0.000951,0.00074,0.002488,0.003769,265.31,0.08607,0.43412,0.57462,straight,straight
MVI_40871,1,176,1,176,147.96,129.68,0.8765,67.67,484.71,0.691,17.28,0.078104,0.031591,0.216588,0.614245,1.63,1.08059,4.15941,7.73715,curved,sharp
MVI_40871,2,381,1,381,354.13,334.7,0.9451,11.47,677.12,0.873,21.82,0.046946,0.024791,0.112519,0.313731,3.19,0.74727,2.40407,6.89833,curved,gentle
MVI_40871,3,856,1,856,535.55,488.58,0.9123,36.56,1181.57,0.509,12.72,0.049987,0.026966,0.136812,0.408771,2.45,0.75399,2.53466,8.24786,curved,gentle
MVI_40871,4,1331,1,1331,647.64,595.07,0.9188,31.27,1718.99,0.432,10.8,0.065203,0.043001,0.153544,0.531631,1.88,0.91645,2.75897,6.68606,static,static
MVI_40871,5,41,1,41,243.67,243.28,0.9984,8.03,20.06,6.354,158.85,0.001679,0.001134,0.003526,0.005397,185.28,0.19087,0.48797,0.64405,straight,straight
MVI_40871,6,136,1,136,665.33,659.0,0.9905,11.2,81.39,5.161,129.02,0.00268,0.001953,0.00572,0.012506,79.96,0.22422,0.66837,1.06223,straight,gentle
MVI_40871,7,211,16,226,755.17,748.01,0.9905,5.38,150.17,3.711,92.78,0.006271,0.003862,0.015679,0.03023,33.08,0.31529,0.74963,1.46526,straight,straight
MVI_40871,8,1645,76,1720,631.98,556.95,0.8813,12.56,1629.84,0.317,7.92,0.07767,0.051652,0.170942,0.523804,1.91,0.91337,2.88986,8.50365,static,static
MVI_40871,9,186,146,331,760.2,751.65,0.9888,6.52,140.04,3.566,89.15,0.008215,0.002359,0.023617,0.095588,10.46,0.24386,1.01856,2.52973,straight,straight
MVI_40871,10,1520,201,1720,423.46,369.2,0.8719,107.13,795.66,0.08,1.99,0.046142,0.028562,0.11308,0.29657,3.37,0.66131,1.92708,4.03441,static,static
MVI_40871,11,1415,306,1720,333.98,250.79,0.7509,123.89,667.84,0.099,2.48,0.051459,0.033628,0.116518,0.465208,2.15,0.68891,2.04371,6.46156,static,static
MVI_40871,12,156,351,506,758.4,752.14,0.9917,13.83,106.37,3.761,94.02,0.005422,0.002275,0.015915,0.028974,34.51,0.31353,0.71825,1.09726,straight,gentle
MVI_40871,13,165,1556,1720,78.38,70.69,0.9018,15.38,187.64,0.492,12.31,0.081075,0.064144,0.176557,0.28473,3.51,0.97891,2.71615,3.81168,static,static
MVI_40871,14,55,1666,1720,26.0,23.94,0.9205,63.86,106.67,0.466,11.66,0.132365,0.131863,0.198969,0.234505,4.26,2.17633,2.82482,3.01455,static,static
MVI_40871,15,171,636,806,766.59,760.64,0.9922,34.87,112.26,3.129,78.24,0.0067,0.002382,0.022293,0.048009,20.83,0.2074,0.87414,1.57392,curved,gentle
MVI_40871,16,86,76,161,504.78,503.49,0.9974,14.94,50.25,5.773,144.31,0.002024,0.001702,0.004223,0.00712,140.46,0.24312,0.64272,1.03773,straight,gentle
MVI_40871,17,86,121,206,503.3,502.79,0.999,5.59,44.33,5.7,142.51,0.002249,0.001403,0.007329,0.010521,95.05,0.22532,0.63795,0.96338,straight,straight
MVI_40871,18,91,206,296,498.11,497.51,0.9988,0.32,48.82,5.228,130.71,0.00244,0.001542,0.005895,0.008274,120.86,0.23179,0.62471,0.76109,straight,straight
MVI_40871,19,91,271,361,479.22,478.58,0.9987,1.81,53.1,5.063,126.57,0.002556,0.001746,0.005115,0.008819,113.4,0.21874,0.62292,1.02388,straight,straight
MVI_40871,20,91,501,591,470.57,469.34,0.9974,30.13,85.6,5.292,132.29,0.005954,0.002407,0.008271,0.121478,8.23,0.34822,0.93231,5.62137,curved,gentle
MVI_40871,21,1150,571,1720,106.27,55.26,0.5199,155.03,184.14,0.0,0.0,0.044084,0.035702,0.110532,0.219858,4.55,1.13924,2.62448,3.49967,static,static
MVI_40871,22,1720,1,1720,92.82,62.06,0.6686,122.02,348.28,0.0,0.0,0.000163,0.000152,0.00031,0.00049,2039.4,0.00286,0.00519,0.00729,static,static
MVI_40871,23,1720,1,1720,83.85,59.58,0.7105,75.68,231.17,0.0,0.0,0.003436,0.000121,0.000287,0.112906,8.86,0.00248,0.00394,1.43968,static,static
MVI_40871,24,1720,1,1720,85.93,54.82,0.638,92.73,317.04,0.0,0.0,0.000156,0.0001,0.000343,0.00049,2039.4,0.0017,0.00488,0.00729,static,static
MVI_40871,25,1720,1,1720,97.2,71.63,0.7369,28.63,59.72,0.0,0.0,0.001575,8.6e-05,0.000238,0.054516,18.34,0.00158,0.00386,0.68646,static,static
MVI_40871,26,1720,1,1720,347.52,288.51,0.8302,112.13,437.56,0.0,0.0,0.026252,0.011589,0.05975,0.403887,2.48,0.48938,1.71839,5.52049,static,static
MVI_40871,27,1720,1,1720,253.56,190.59,0.7516,113.04,609.24,0.0,0.0,0.044114,0.028001,0.104146,0.295053,3.39,0.58854,2.01679,3.87128,static,static
MVI_40871,28,1720,1,1720,322.65,249.07,0.7719,65.99,536.94,0.0,0.0,0.016725,0.004056,0.030485,0.325963,3.07,0.23275,1.53912,5.11131,static,static
MVI_40871,29,1720,1,1720,282.15,195.22,0.6919,112.91,428.89,0.0,0.0,0.027583,0.001632,0.092106,0.169168,5.91,0.14326,2.73713,4.4328,static,static
MVI_40871,30,1720,1,1720,205.63,117.26,0.5702,102.63,930.58,0.0,0.0,0.108789,0.059531,0.299845,0.565256,1.77,0.97859,4.38642,8.0679,static,static
MVI_40871,31,1720,1,1720,238.74,170.26,0.7131,128.75,500.42,0.0,0.0,0.035757,0.013592,0.110241,0.322901,3.1,0.43898,2.12844,4.08267,static,static
MVI_40871,32,1690,31,1720,163.3,72.55,0.4443,119.44,548.84,0.0,0.0,0.061031,0.00923,0.175738,0.371467,2.69,0.12858,2.61159,5.26143,static,static
MVI_40871,33,1675,46,1720,248.97,180.8,0.7262,135.61,547.57,0.0,0.0,0.043244,0.022347,0.097932,0.322562,3.1,0.59663,2.36965,5.59097,static,static
MVI_40871,34,1620,101,1720,164.54,75.25,0.4573,246.05,1508.4,0.0,0.0,0.082169,0.020746,0.231876,0.568734,1.76,0.29805,3.19013,8.91377,static,static
MVI_40871,35,1585,136,1720,120.28,68.34,0.5682,108.45,341.74,0.0,0.0,0.060955,0.00016,0.199364,0.433298,2.31,0.00229,2.75953,6.35436,static,static
MVI_40871,36,1415,306,1720,74.05,46.31,0.6254,111.9,213.69,0.0,0.0,0.016123,0.00022,0.036769,0.226541,4.41,0.00328,0.83378,3.27639,static,static
MVI_40871,37,1400,321,1720,110.39,64.02,0.5799,119.36,276.86,0.0,0.0,0.020916,0.014892,0.049638,0.108545,9.21,0.2611,0.78917,1.59278,static,static
MVI_40962,1,11,1,11,131.47,130.28,0.9909,27.41,27.41,13.028,325.7,0.00384,0.003579,0.005862,0.00653,153.15,1.16558,1.61966,1.74041,unknown,unknown
MVI_40962,2,46,1,46,468.4,467.24,0.9975,12.81,20.4,9.732,243.3,0.000864,0.000768,0.001492,0.002625,380.9,0.23396,0.36744,0.55579,straight,gentle
MVI_40962,3,51,1,51,428.15,427.92,0.9995,9.27,20.85,7.461,186.53,0.001291,0.000775,0.003101,0.008307,120.39,0.1565,0.40841,1.45325,straight,straight
MVI_40962,4,116,1,116,644.41,642.85,0.9976,0.67,69.39,4.007,100.18,0.005452,0.001893,0.015302,0.039029,25.62,0.25631,0.83069,1.51449,straight,straight
MVI_40962,5,81,1,81,472.27,471.84,0.9991,24.62,48.89,4.055,101.37,0.007778,0.001592,0.018266,0.097366,10.27,0.18998,0.81467,2.36683,curved,gentle
MVI_40962,6,76,1,76,547.41,544.42,0.9945,23.76,37.37,5.371,134.29,0.002173,0.000974,0.004546,0.017969,55.65,0.158,0.60227,1.02672,curved,gentle
MVI_40962,7,111,1,111,486.13,479.24,0.9858,46.63,143.28,2.58,64.5,0.020339,0.004037,0.056218,0.31256,3.2,0.35424,1.50008,3.93049,curved,sharp
MVI_40962,8,106,26,131,506.38,504.93,0.9972,11.08,62.53,3.345,83.64,0.007188,0.001958,0.021564,0.064153,15.59,0.21874,0.78579,1.33327,straight,gentle
MVI_40962,9,141,46,186,572.68,569.25,0.994,23.11,143.69,2.347,58.69,0.015084,0.004912,0.031497,0.182773,5.47,0.36503,1.16007,3.28037,curved,gentle
MVI_40962,10,106,46,151,538.79,533.12,0.9895,13.68,117.5,3.024,75.61,0.01657,0.00331,0.070918,0.116517,8.58,0.41463,1.28324,1.88411,straight,gentle
MVI_40962,11,101,56,156,624.9,616.42,0.9864,1.17,120.92,4.488,112.19,0.00752,0.00318,0.020407,0.060985,16.4,0.38267,1.6544,3.77388,straight,straight
MVI_40962,12,106,76,181,515.17,513.72,0.9972,3.79,92.02,3.173,79.32,0.012208,0.002173,0.04226,0.093534,10.69,0.29356,1.14847,1.87915,straight,straight
MVI_40962,13,96,91,186,469.42,468.23,0.9975,8.02,77.0,3.211,80.26,0.016054,0.002225,0.048286,0.199846,5.0,0.25639,1.64471,3.46855,straight,straight
MVI_40962,14,101,136,236,547.64,545.74,0.9965,23.62,94.49,3.684,92.11,0.013741,0.003127,0.043689,0.160188,6.24,0.28815,1.34758,2.59848,curved,gentle
MVI_40962,15,86,136,221,591.42,589.99,0.9976,21.53,53.64,4.781,119.54,0.004046,0.001206,0.011283,0.034315,29.14,0.15235,0.85261,1.56585,curved,gentle
MVI_40962,16,71,146,216,494.27,486.96,0.9852,47.37,72.35,5.164,129.1,0.003939,0.001971,0.008005,0.031623,31.62,0.16495,1.84246,2.1417,curved,sharp
MVI_40962,17,91,176,266,519.64,518.96,0.9987,3.02,32.61,3.843,96.08,0.003898,0.001291,0.008323,0.050967,19.62,0.17488,0.4143,0.87848,straight,straight
MVI_40962,18,101,186,286,494.62,493.09,0.9969,20.15,67.93,3.159,78.97,0.006874,0.003208,0.016796,0.057191,17.49,0.28702,0.78763,2.46676,curved,gentle
MVI_40962,19,81,216,296,549.28,548.0,0.9977,17.66,70.42,4.392,109.8,0.01045,0.002545,0.036565,0.133485,7.49,0.27821,1.13076,2.42655,straight,gentle
MVI_40962,20,96,216,311,512.03,511.37,0.9987,18.43,67.12,3.618,90.44,0.009276,0.001476,0.017858,0.092583,10.8,0.25878,1.05406,1.68566,straight,gentle
MVI_40962,21,91,261,351,503.58,502.48,0.9978,0.29,52.99,3.454,86.34,0.007206,0.001305,0.021512,0.066804,14.97,0.1257,1.16245,2.21161,straight,straight
MVI_40962,22,91,271,361,558.17,556.67,0.9973,14.07,79.37,4.013,100.32,0.012467,0.001743,0.04905,0.125034,8.0,0.34486,1.24839,2.38743,straight,gentle
MVI_40962,23,96,306,401,601.99,599.93,0.9966,18.64,94.06,3.859,96.48,0.009283,0.003097,0.033866,0.051594,19.38,0.42889,1.06449,2.13906,straight,gentle
MVI_40962,24,81,311,391,472.97,472.14,0.9982,36.89,52.91,3.846,96.15,0.008789,0.000803,0.042784,0.070034,14.28,0.15133,1.15771,1.8327,curved,gentle
MVI_40962,25,101,331,431,649.83,648.04,0.9972,33.37,78.35,4.267,106.66,0.007523,0.002134,0.022413,0.055884,17.89,0.27086,0.90482,1.37872,curved,gentle
MVI_40962,26,91,341,431,520.26,519.36,0.9983,3.92,58.73,3.63,90.75,0.008371,0.00228,0.028273,0.095323,10.49,0.29023,0.66628,1.91074,straight,straight
MVI_40962,27,81,346,426,532.01,530.48,0.9971,13.72,81.94,4.419,110.48,0.013036,0.001334,0.053498,0.113545,8.81,0.27996,1.53357,3.29906,straight,gentle
MVI_40962,28,101,401,501,504.87,503.87,0.998,22.03,52.35,3.254,81.34,0.005395,0.003277,0.011748,0.038127,26.23,0.23973,0.57205,0.8436,curved,gentle
MVI_40962,29,96,426,521,583.98,580.83,0.9946,10.89,110.72,3.49,87.26,0.014949,0.002369,0.046955,0.160769,6.22,0.34536,1.37065,3.82089,straight,gentle
MVI_40962,30,96,446,541,516.89,515.25,0.9968,21.49,84.89,3.568,89.21,0.016546,0.002175,0.044913,0.190275,5.26,0.23604,1.2099,2.72457,curved,gentle
MVI_40962,31,71,481,551,480.39,479.39,0.9979,0.26,40.66,4.282,107.04,0.004608,0.001345,0.009513,0.046886,21.33,0.20141,0.4579,1.43156,straight,straight
MVI_40962,32,86,496,581,585.04,583.04,0.9966,43.11,72.29,4.123,103.09,0.007474,0.001268,0.021662,0.081863,12.22,0.22277,1.09016,3.2064,curved,gentle
MVI_40962,33,96,531,626,553.21,539.78,0.9757,34.28,181.7,3.908,97.69,0.018584,0.005796,0.055033,0.085167,11.74,0.77721,1.93104,2.34419,curved,gentle
MVI_40962,34,96,616,711,621.16,618.92,0.9964,1.01,84.09,4.265,106.63,0.008583,0.003499,0.030248,0.05813,17.2,0.28307,1.34611,2.10329,straight,straight
MVI_40962,35,96,621,716,545.13,541.11,0.9926,49.2,102.37,3.794,94.85,0.012808,0.003372,0.049736,0.097319,10.28,0.3283,1.36225,2.96791,curved,sharp
MVI_40962,36,76,641,716,500.4,498.08,0.9954,7.82,58.51,4.318,107.95,0.006144,0.001486,0.018022,0.079802,12.53,0.18622,1.15066,2.21204,straight,straight
MVI_40962,37,76,701,776,479.98,478.96,0.9979,24.25,79.06,4.364,109.1,0.020065,0.002243,0.021451,0.654234,1.53,0.30255,0.99968,8.4429,curved,gentle
MVI_40962,38,86,731,816,482.61,481.64,0.998,18.76,78.66,3.55,88.75,0.01907,0.001504,0.054959,0.19438,5.14,0.22463,1.85114,3.40906,straight,gentle
MVI_40962,39,76,801,876,483.45,483.21,0.9995,5.53,40.33,4.197,104.92,0.005129,0.00243,0.014402,0.030992,32.27,0.2691,0.50144,0.68885,straight,straight
MVI_40962,40,86,871,956,549.12,547.99,0.9979,15.67,71.44,4.25,106.24,0.013171,0.00089,0.04687,0.174708,5.72,0.18455,1.44682,2.71223,straight,gentle
MVI_40962,41,96,871,966,500.8,498.17,0.9948,63.12,145.2,3.345,83.62,0.027044,0.003556,0.118303,0.26439,3.78,0.3694,2.15671,4.95379,curved,sharp
MVI_40962,42,81,891,971,464.09,462.93,0.9975,37.66,59.88,3.807,95.18,0.010022,0.002098,0.01485,0.096517,10.36,0.1851,0.83071,2.18432,curved,gentle
MVI_40962,43,86,901,986,556.69,555.6,0.9981,43.36,84.25,4.176,104.4,0.010274,0.002412,0.024885,0.085223,11.73,0.2538,1.2759,1.89048,curved,gentle
MVI_40962,44,86,916,1001,478.26,477.26,0.9979,46.97,82.37,3.636,90.91,0.022635,0.001894,0.02749,0.429431,2.33,0.18578,0.79192,5.37362,curved,sharp
MVI_40962,45,91,931,1021,649.2,647.51,0.9974,19.0,56.56,4.544,113.61,0.003788,0.00148,0.006984,0.036342,27.52,0.20011,0.49461,1.75778,straight,gentle
MVI_40962,46,91,956,1046,499.91,497.92,0.996,4.46,94.69,3.739,93.49,0.01731,0.002233,0.063801,0.167255,5.98,0.29062,1.8101,3.45503,straight,straight
MVI_40962,47,81,971,1051,598.37,597.72,0.9989,4.09,50.58,5.014,125.36,0.006185,0.00116,0.020619,0.057149,17.5,0.21083,0.99207,1.65937,straight,straight
MVI_40962,48,96,971,1066,564.36,563.08,0.9977,46.85,89.59,4.06,101.51,0.010854,0.002445,0.011184,0.160295,6.24,0.29554,0.97711,3.03382,curved,sharp
MVI_40962,49,91,1031,1121,500.83,498.78,0.9959,29.95,105.8,3.663,91.57,0.017694,0.002993,0.031184,0.295999,3.38,0.37963,1.63396,3.96939,curved,gentle
MVI_40962,50,91,1061,1151,502.69,501.14,0.9969,34.5,88.09,3.964,99.11,0.013215,0.0019,0.030198,0.203106,4.92,0.21407,1.15087,4.41595,curved,gentle
MVI_40962,51,81,1076,1156,614.67,613.4,0.9979,15.57,66.9,4.897,122.43,0.006401,0.001684,0.024557,0.060455,16.54,0.24664,1.2006,2.23155,straight,gentle
MVI_40962,52,86,1091,1176,499.82,499.26,0.9989,22.56,51.01,3.972,99.3,0.007111,0.001902,0.015777,0.05817,17.19,0.22667,0.68973,1.41547,curved,gentle
MVI_40962,53,91,1111,1201,552.55,550.33,0.996,19.44,84.85,4.126,103.16,0.010212,0.002076,0.026948,0.074876,13.36,0.2674,1.05484,1.77225,straight,gentle
MVI_40962,54,76,1121,1196,507.99,506.96,0.998,25.67,49.26,4.81,120.26,0.006137,0.00225,0.016162,0.063808,15.67,0.27148,0.70551,1.55454,curved,gentle
MVI_40962,55,71,1126,1196,546.08,539.33,0.9876,35.6,53.62,6.268,156.7,0.003357,0.001171,0.006388,0.028016,35.69,0.17997,1.14317,1.90749,curved,gentle
MVI_40962,56,71,1181,1251,506.13,505.42,0.9986,12.72,52.53,4.631,115.78,0.005909,0.001239,0.027397,0.041674,24.0,0.27337,1.00242,1.55492,straight,gentle
MVI_40962,57,66,1201,1266,608.04,605.82,0.9963,30.9,82.36,6.598,164.96,0.010781,0.001298,0.016974,0.221415,4.52,0.21146,1.72485,6.31718,curved,gentle
MVI_40962,58,81,1211,1291,595.23,593.64,0.9973,18.22,54.22,5.122,128.06,0.006388,0.001138,0.019549,0.074183,13.48,0.22412,0.72087,2.46149,straight,gentle
MVI_40962,59,86,1221,1306,468.19,468.04,0.9997,2.23,20.73,3.83,95.76,0.00222,0.000847,0.006465,0.010438,95.81,0.07969,0.44496,0.82635,straight,straight
MVI_40962,60,81,1231,1311,573.13,571.44,0.997,39.62,72.43,4.923,123.08,0.008152,0.001725,0.030706,0.053572,18.67,0.29292,1.24165,1.76876,curved,gentle
MVI_40962,61,106,1236,1341,556.74,554.92,0.9967,9.05,63.35,3.608,90.19,0.006334,0.001564,0.023535,0.045484,21.99,0.22267,0.66098,1.52188,straight,straight
MVI_40962,62,66,1241,1306,537.42,530.23,0.9866,54.21,61.13,6.2,155.0,0.003569,0.001361,0.012363,0.017471,57.24,0.24749,1.19102,1.28506,curved,sharp
MVI_40962,63,81,1291,1371,484.69,483.9,0.9984,26.39,48.54,4.283,107.07,0.007889,0.001997,0.009484,0.161573,6.19,0.24328,0.65208,2.52338,curved,gentle
MVI_40962,64,86,1296,1381,652.05,650.43,0.9975,28.69,60.46,5.365,134.12,0.00602,0.001201,0.02241,0.047129,21.22,0.23103,0.8903,2.04498,curved,gentle
MVI_40962,65,91,1331,1421,542.87,539.31,0.9934,40.55,83.62,3.947,98.67,0.009428,0.001513,0.026832,0.094124,10.62,0.15668,1.24474,2.42896,curved,gentle
MVI_40962,66,101,1341,1441,579.9,575.25,0.992,22.55,98.77,3.747,93.68,0.01167,0.002395,0.039222,0.091764,10.9,0.26608,1.45089,2.88765,curved,gentle
MVI_40962,67,81,1346,1426,466.49,465.98,0.9989,29.4,68.68,3.788,94.71,0.011659,0.002364,0.037447,0.090032,11.11,0.24699,0.82093,1.82291,curved,gentle
MVI_40962,68,91,1371,1461,546.12,542.82,0.994,39.76,78.21,4.368,109.21,0.010284,0.002467,0.028403,0.12782,7.82,0.30859,0.86957,2.13147,curved,gentle
MVI_40962,69,86,1401,1486,653.84,652.12,0.9974,7.03,68.64,5.357,133.93,0.005663,0.001678,0.019049,0.030954,32.31,0.25614,0.93106,1.47147,straight,straight
MVI_40962,70,101,1411,1511,490.31,489.4,0.9981,22.74,77.22,3.42,85.51,0.016118,0.001842,0.024567,0.475963,2.1,0.24628,0.71155,6.33044,curved,gentle
MVI_40962,71,81,1476,1556,630.4,629.21,0.9981,6.31,46.46,5.34,133.49,0.002056,0.001131,0.005653,0.008789,113.78,0.18349,0.63022,2.2756,straight,straight
MVI_40962,72,71,1506,1576,480.42,480.0,0.9991,24.88,35.88,4.541,113.52,0.00491,0.000906,0.014433,0.032769,30.52,0.13953,0.84803,1.41335,curved,gentle
MVI_40962,73,76,1551,1626,538.27,536.47,0.9967,2.43,67.36,5.061,126.53,0.005871,0.0023,0.013342,0.046713,21.41,0.30359,0.94257,2.26564,straight,straight
MVI_40962,74,86,1566,1651,516.75,515.4,0.9974,38.63,95.63,4.045,101.12,0.016044,0.001983,0.051907,0.146851,6.81,0.3486,1.49032,2.94361,curved,gentle
MVI_40962,75,86,1586,1671,477.3,473.59,0.9922,57.58,70.03,3.678,91.96,0.009355,0.002576,0.024537,0.072832,13.73,0.29605,1.13804,1.58101,curved,sharp
MVI_40962,76,86,1621,1706,554.76,552.65,0.9962,18.87,96.11,4.355,108.86,0.011924,0.001545,0.048565,0.074495,13.42,0.30497,1.45748,2.84967,straight,gentle
MVI_40962,77,96,1631,1726,508.83,508.28,0.9989,20.36,69.15,3.385,84.61,0.010768,0.001092,0.043799,0.082922,12.06,0.14348,1.35264,1.74819,curved,gentle
MVI_40962,78,96,1701,1796,542.38,535.41,0.9871,31.38,86.18,4.269,106.74,0.0049,0.00239,0.012792,0.030161,33.16,0.26235,1.05992,1.78052,curved,gentle
MVI_40962,79,86,1721,1806,510.86,510.01,0.9983,0.34,51.95,4.312,107.8,0.005059,0.001331,0.0123,0.033137,30.18,0.1666,0.6533,2.07776,straight,straight
MVI_40962,80,91,1726,1816,638.51,637.83,0.9989,8.1,52.35,4.715,117.87,0.004654,0.00111,0.013999,0.026625,37.56,0.20521,0.84208,1.39527,straight,straight
MVI_40962,81,81,1741,1821,523.53,522.39,0.9978,28.9,74.64,4.502,112.54,0.013726,0.002663,0.044343,0.112966,8.85,0.29804,1.50354,2.42532,curved,gentle
MVI_40962,82,91,1761,1851,561.79,559.74,0.9964,35.04,73.94,3.997,99.94,0.007363,0.001841,0.024985,0.059447,16.82,0.30988,0.91451,1.39685,curved,gentle
MVI_40962,83,96,1771,1866,595.29,594.1,0.998,32.28,71.84,4.156,103.9,0.011237,0.001503,0.019888,0.273523,3.66,0.22366,0.84586,3.65777,curved,gentle
MVI_40962,84,96,1776,1871,485.26,484.13,0.9977,55.04,92.49,3.432,85.81,0.01352,0.0033,0.02648,0.113542,8.81,0.3048,1.2462,2.8894,curved,sharp
MVI_40962,85,86,1781,1866,490.95,489.02,0.9961,17.47,79.33,3.684,92.11,0.011137,0.002498,0.043187,0.117904,8.48,0.22969,1.02832,3.97215,straight,gentle
MVI_40962,86,65,1811,1875,194.87,194.18,0.9964,21.84,62.86,2.549,63.72,0.009503,0.005859,0.020581,0.043858,22.8,0.45444,0.80379,1.08699,curved,gentle
MVI_40962,87,60,1816,1875,159.63,159.16,0.997,5.69,49.49,2.491,62.28,0.009875,0.004621,0.023434,0.054908,18.21,0.26852,0.86051,1.1199,straight,straight
MVI_40962,88,20,1856,1875,28.85,28.12,0.9747,30.28,42.93,1.426,35.66,0.034197,0.017035,0.101157,0.108282,9.24,0.63801,2.05533,2.37979,curved,gentle
MVI_40962,89,10,1866,1875,7.45,7.41,0.9936,14.35,14.35,0.814,20.34,0.056699,0.034594,0.125642,0.189298,5.28,0.79892,1.81026,2.40589,unknown,unknown
MVI_40962,90,5,1871,1875,4.77,4.77,1.0,0.11,0.11,1.193,29.82,0.000404,0.000404,0.000406,0.000407,2459.11,0.01205,0.01209,0.0121,unknown,unknown
MVI_40963,1,81,1,81,526.23,523.18,0.9942,29.6,72.05,5.17,129.25,0.005569,0.002318,0.020762,0.029623,33.76,0.3482,1.29313,1.71785,curved,gentle
MVI_40963,2,71,1,71,487.69,486.04,0.9966,31.86,57.02,5.081,127.03,0.003247,0.002117,0.008699,0.014623,68.38,0.28681,0.8273,2.08313,curved,gentle
MVI_40963,3,91,1,91,473.13,470.12,0.9936,122.17,172.4,3.42,85.5,0.032359,0.002131,0.019989,0.825049,1.21,0.26547,0.90697,11.48752,curved,sharp
MVI_40963,4,26,1,26,320.42,317.46,0.9908,9.59,52.33,12.332,308.3,0.003605,0.002864,0.007772,0.009523,105.01,1.00361,1.82049,2.56765,straight,straight
MVI_40963,5,31,1,31,325.03,324.87,0.9995,2.94,12.13,10.182,254.54,0.000823,0.000688,0.00135,0.003459,289.13,0.15401,0.34501,0.67384,straight,straight
MVI_40963,6,21,1,21,81.82,80.96,0.9894,20.19,35.01,3.957,98.93,0.007905,0.0048,0.015792,0.017636,56.7,0.55812,1.40391,1.50726,curved,gentle
MVI_40963,7,6,1,6,10.73,10.73,1.0,0.0,0.0,2.147,53.67,0.0,0.0,0.0,0.0,17711524971906.81,0.0,0.0,0.0,unknown,unknown
MVI_40963,8,56,6,61,303.17,296.15,0.9768,21.34,85.66,5.057,126.42,0.012603,0.003843,0.020793,0.275016,3.64,0.48575,1.75693,4.03693,curved,gentle
MVI_40963,9,56,21,76,186.77,182.36,0.9764,30.86,73.68,3.486,87.16,0.007432,0.005274,0.016547,0.022489,44.47,0.39999,1.38335,2.31004,curved,gentle
MVI_40963,10,31,51,81,76.59,73.12,0.9548,32.06,93.21,2.673,66.84,0.027565,0.025565,0.049953,0.077818,12.85,1.67732,2.4554,3.10361,curved,gentle
MVI_40963,11,66,71,136,181.18,173.21,0.956,21.03,195.46,2.804,70.1,0.027179,0.015295,0.056937,0.141991,7.04,1.11286,3.6549,5.17789,curved,gentle
MVI_40963,12,86,76,161,540.75,539.62,0.9979,6.97,76.05,3.938,98.45,0.014657,0.001899,0.050858,0.161562,6.19,0.25466,1.34018,2.07264,straight,straight
MVI_40963,13,106,106,211,635.16,628.92,0.9902,6.36,116.5,4.627,115.67,0.008795,0.002514,0.03265,0.057268,17.46,0.37338,1.40715,2.2034,straight,straight
MVI_40963,14,61,211,271,293.13,280.92,0.9583,0.83,174.45,4.111,102.77,0.022792,0.007197,0.065419,0.204118,4.9,1.23566,3.00985,6.38013,curved,straight
MVI_40963,15,96,226,321,535.87,534.02,0.9966,21.08,57.77,3.725,93.13,0.00845,0.001491,0.02709,0.073397,13.62,0.16769,0.88125,1.6319,curved,gentle
MVI_40963,16,66,286,351,302.06,294.68,0.9756,40.98,144.83,4.005,100.12,0.027475,0.004613,0.051168,0.326111,3.07,0.40385,2.33359,7.30591,curved,gentle
MVI_40963,17,51,301,351,190.77,187.6,0.9834,27.08,56.8,4.091,102.28,0.006488,0.005214,0.016857,0.021455,46.61,0.36973,1.25154,1.85707,curved,gentle
MVI_40963,18,111,306,416,545.72,543.82,0.9965,18.57,101.83,2.823,70.59,0.017571,0.004294,0.061862,0.128723,7.77,0.36856,1.4744,2.37831,straight,gentle
MVI_40963,19,71,316,386,317.1,309.33,0.9755,7.74,116.67,3.778,94.45,0.010255,0.007062,0.029147,0.036832,27.15,0.64532,1.41505,3.28263,straight,straight
MVI_40963,20,71,371,441,296.88,290.58,0.9788,32.15,96.58,4.198,104.95,0.01244,0.00541,0.020634,0.24132,4.14,0.53471,1.53323,3.56329,curved,gentle
MVI_40963,21,91,376,466,649.87,647.51,0.9964,34.49,79.68,4.64,116.0,0.009047,0.002249,0.032621,0.056874,17.58,0.35466,1.06154,2.06789,curved,gentle
MVI_40963,22,86,381,466,529.94,528.67,0.9976,18.09,58.26,4.095,102.37,0.004407,0.001219,0.015746,0.028228,35.43,0.18434,0.84479,1.96533,straight,gentle
MVI_40963,23,46,406,451,207.41,201.9,0.9734,61.23,64.39,5.262,131.54,0.009217,0.003578,0.027771,0.059749,16.74,0.34796,1.74432,2.8472,curved,sharp
MVI_40963,24,86,426,511,513.65,510.01,0.9929,12.91,113.53,3.497,87.42,0.022235,0.002691,0.058407,0.292282,3.42,0.39146,1.48163,3.69567,straight,gentle
MVI_40963,25,36,441,476,116.58,112.14,0.9619,47.13,59.83,3.231,80.76,0.009208,0.005738,0.023018,0.030152,33.16,0.42729,2.01492,2.64386,curved,sharp
MVI_40963,26,81,471,551,635.02,632.86,0.9966,38.07,69.82,5.016,125.4,0.007014,0.001802,0.023853,0.053025,18.86,0.27438,0.89097,1.97595,curved,gentle
MVI_40963,27,81,481,561,475.12,474.36,0.9984,15.83,46.41,4.066,101.65,0.010822,0.001292,0.039389,0.105394,9.49,0.17065,1.10413,2.47324,straight,gentle
MVI_40963,28,31,491,521,117.55,114.58,0.9747,6.76,63.8,3.618,90.45,0.010955,0.00947,0.017733,0.023493,42.57,0.81216,1.89875,2.42177,straight,straight
MVI_40963,29,86,516,601,626.9,624.48,0.9961,8.95,86.63,4.569,114.23,0.007511,0.002502,0.02578,0.053989,18.52,0.36075,1.12131,2.27928,straight,straight
MVI_40963,30,76,516,591,328.87,319.02,0.9701,36.45,189.3,4.043,101.07,0.015075,0.009857,0.039371,0.05557,18.0,0.9142,2.61441,5.06437,curved,gentle
MVI_40963,31,91,556,646,647.91,646.07,0.9972,24.71,53.48,4.47,111.76,0.004239,0.000773,0.011238,0.04153,24.08,0.11412,0.78761,2.12681,curved,gentle
MVI_40963,32,81,556,636,337.52,326.37,0.967,23.97,226.51,4.243,106.06,0.021412,0.013689,0.055967,0.09319,10.73,1.37147,2.58701,2.95025,curved,gentle
MVI_40963,33,111,556,666,197.34,186.79,0.9466,22.64,388.3,1.748,43.7,0.053393,0.020594,0.103443,0.708934,1.41,1.07852,3.19683,9.54106,curved,gentle
MVI_40963,34,91,571,661,536.97,536.28,0.9987,2.35,44.73,3.997,99.93,0.006243,0.001431,0.022305,0.044944,22.25,0.19838,0.54167,1.07743,straight,straight
MVI_40963,35,81,601,681,327.4,320.65,0.9794,38.44,92.37,3.64,91.01,0.007856,0.004843,0.018123,0.042081,23.76,0.3968,1.38123,2.05385,curved,gentle
MVI_40963,36,96,606,701,495.14,493.14,0.996,8.6,98.83,3.32,83.01,0.021684,0.001659,0.080407,0.181283,5.52,0.18422,1.65778,2.81291,straight,straight
MVI_40963,37,161,611,771,661.71,654.02,0.9884,19.17,171.76,3.056,76.41,0.016203,0.003664,0.04736,0.168877,5.92,0.38606,1.21667,3.49614,straight,gentle
MVI_40963,38,11,611,621,44.24,44.18,0.9988,9.85,9.85,4.418,110.46,0.00399,0.003823,0.005417,0.00593,168.62,0.42232,0.53275,0.56591,unknown,unknown
MVI_40963,39,86,636,721,323.53,316.06,0.9769,54.14,133.96,3.422,85.56,0.013447,0.007533,0.032368,0.057197,17.48,0.67973,1.80776,2.43993,curved,sharp
MVI_40963,40,101,641,741,493.93,492.09,0.9963,88.51,146.22,3.37,84.26,0.032714,0.00311,0.081559,0.384498,2.6,0.34237,1.35066,5.91253,curved,sharp
MVI_40963,41,81,651,731,223.01,215.6,0.9668,60.77,109.61,2.894,72.35,0.011433,0.006387,0.028271,0.051308,19.49,0.43322,1.74823,2.36196,curved,sharp
MVI_40963,42,86,691,776,512.44,511.72,0.9986,4.16,45.46,3.687,92.17,0.006832,0.000979,0.024932,0.050716,19.72,0.15892,0.72408,1.59833,straight,straight
MVI_40963,43,91,696,786,325.34,316.14,0.9717,0.47,160.88,3.216,80.41,0.01698,0.008696,0.037632,0.081808,12.22,0.78719,1.83081,2.18264,straight,straight
MVI_40963,44,81,701,781,213.09,208.63,0.9791,44.18,129.94,2.831,70.77,0.016162,0.010442,0.040573,0.06066,16.49,0.79683,1.4198,1.87606,curved,gentle
MVI_40963,45,31,711,741,106.76,102.28,0.958,36.49,52.62,3.451,86.27,0.008542,0.005751,0.020651,0.02558,39.09,0.48446,1.96297,2.39465,curved,gentle
MVI_40963,46,81,726,806,217.48,211.87,0.9742,53.44,107.65,2.891,72.27,0.01493,0.005873,0.036264,0.097827,10.22,0.45824,1.54963,2.65677,curved,sharp
MVI_40963,47,116,731,846,523.2,522.33,0.9983,0.45,98.12,2.855,71.38,0.016994,0.002772,0.037808,0.171594,5.83,0.26157,1.28924,2.93808,straight,straight
MVI_40963,48,91,731,821,546.25,544.34,0.9965,33.24,93.27,3.847,96.17,0.018104,0.002628,0.07315,0.124494,8.03,0.33726,1.64279,3.11865,curved,gentle
MVI_40963,49,31,746,776,107.22,103.3,0.9635,34.42,44.17,3.234,80.85,0.00648,0.004467,0.019165,0.021642,46.21,0.31417,1.93653,2.16255,curved,gentle
MVI_40963,50,71,761,831,168.8,163.68,0.9697,56.89,131.03,2.614,65.35,0.024547,0.012496,0.044361,0.294049,3.4,0.68709,2.22657,4.36678,curved,sharp
MVI_40963,51,116,766,881,562.92,560.8,0.9962,1.73,101.26,2.967,74.17,0.016953,0.003308,0.025598,0.294759,3.39,0.31943,0.93938,4.17636,straight,straight
MVI_40963,52,81,781,861,312.19,302.61,0.9693,41.05,153.43,3.583,89.58,0.018084,0.008603,0.043118,0.089625,11.16,0.86256,2.11154,4.79917,curved,gentle
MVI_40963,53,111,791,901,629.91,627.64,0.9964,34.67,65.19,3.449,86.21,0.0078,0.001562,0.022174,0.066437,15.05,0.18506,0.85203,1.90792,curved,gentle
MVI_40963,54,111,796,906,529.28,527.93,0.9974,61.47,144.35,2.88,72.0,0.030164,0.001504,0.091806,0.386331,2.59,0.16363,1.34765,5.23969,curved,sharp
MVI_40963,55,96,801,896,516.39,514.6,0.9965,23.22,82.02,3.241,81.03,0.014203,0.001884,0.049196,0.161665,6.19,0.2148,1.15591,2.16387,curved,gentle
MVI_40963,56,41,821,861,99.91,95.37,0.9546,45.19,64.61,2.582,64.54,0.015188,0.01197,0.025024,0.102771,9.73,0.75055,1.71299,2.09659,curved,sharp
MVI_40963,57,61,821,881,172.35,166.38,0.9653,26.76,83.94,3.11,77.75,0.008831,0.006336,0.021136,0.034998,28.57,0.416,1.40487,3.07775,curved,gentle
MVI_40963,58,126,836,961,632.9,630.57,0.9963,24.94,79.17,3.043,76.07,0.007465,0.002767,0.015996,0.130837,7.64,0.26829,0.68634,1.84343,curved,gentle
MVI_40963,59,116,836,951,512.69,510.81,0.9963,18.95,61.58,2.71,67.75,0.006898,0.002624,0.015103,0.069052,14.48,0.22865,0.73877,1.21102,straight,gentle
MVI_40963,60,71,836,906,300.95,293.56,0.9755,63.22,102.0,3.482,87.06,0.009015,0.005363,0.0218,0.040785,24.52,0.67547,1.25945,1.77653,curved,sharp
MVI_40963,61,96,846,941,507.24,504.88,0.9954,8.5,71.87,3.095,77.36,0.009478,0.001823,0.034158,0.076213,13.12,0.21052,0.84659,1.90647,straight,straight
MVI_40963,62,111,866,976,514.22,513.02,0.9977,27.04,88.03,2.839,70.98,0.015254,0.001984,0.020922,0.269113,3.72,0.1975,0.57483,3.93286,curved,gentle
MVI_40963,63,76,871,946,332.02,324.65,0.9778,53.62,131.61,3.978,99.45,0.013273,0.00569,0.035291,0.089621,11.16,0.54072,2.03964,3.3193,curved,sharp
MVI_40963,64,111,881,991,492.74,490.25,0.995,57.46,113.23,2.898,72.44,0.007043,0.003687,0.017723,0.062115,16.1,0.29019,0.83129,3.44808,curved,sharp
MVI_40963,65,101,881,981,530.7,529.49,0.9977,15.08,96.74,3.118,77.95,0.017831,0.003625,0.06824,0.118154,8.46,0.27722,1.30354,2.37849,straight,gentle
MVI_40963,66,111,891,1001,593.27,591.24,0.9966,32.98,133.99,3.041,76.01,0.022471,0.003669,0.082457,0.172673,5.79,0.40017,1.43654,4.10371,curved,gentle
MVI_40963,67,76,891,966,168.8,163.65,0.9695,12.59,114.95,2.427,60.67,0.014594,0.013331,0.026435,0.046534,21.49,0.6625,1.67767,2.07378,curved,gentle
MVI_40963,68,81,901,981,344.75,337.5,0.979,31.43,127.81,3.881,97.02,0.010879,0.007847,0.02375,0.068292,14.64,0.72171,1.72575,2.34051,curved,gentle
MVI_40963,69,76,906,981,214.5,209.21,0.9753,32.35,123.8,2.946,73.64,0.016522,0.008161,0.043301,0.125441,7.97,0.5343,2.00841,2.95911,curved,gentle
MVI_40963,70,111,911,1021,548.39,545.43,0.9946,19.8,95.99,2.953,73.82,0.010064,0.004644,0.019926,0.101122,9.89,0.38305,1.17835,1.87645,straight,gentle
MVI_40963,71,81,926,1006,214.86,209.71,0.976,59.74,117.28,2.784,69.6,0.013359,0.006923,0.039588,0.058494,17.1,0.44836,1.69977,2.21805,curved,sharp
MVI_40963,72,81,926,1006,321.7,312.89,0.9726,52.53,160.2,3.544,88.59,0.016273,0.007395,0.046342,0.114561,8.73,0.77208,2.17899,4.37328,curved,sharp
MVI_40963,73,101,946,1046,474.21,471.86,0.9951,0.63,97.35,3.077,76.94,0.018119,0.002591,0.054356,0.193596,5.17,0.26352,1.596,2.76166,straight,straight
MVI_40963,74,81,956,1036,637.52,636.25,0.998,10.02,59.05,5.265,131.63,0.006868,0.001214,0.023749,0.042458,23.55,0.19786,1.05223,2.12382,straight,gentle
MVI_40963,75,101,961,1061,566.95,564.85,0.9963,11.92,115.04,3.417,85.43,0.022386,0.002045,0.080249,0.221425,4.52,0.31653,1.98289,2.93113,straight,gentle
MVI_40963,76,111,976,1086,530.35,528.98,0.9974,17.2,140.09,2.835,70.87,0.022199,0.002661,0.079326,0.21337,4.69,0.2704,1.37023,3.86971,straight,gentle
MVI_40963,77,101,986,1086,551.07,548.67,0.9956,32.57,101.94,3.14,78.51,0.015248,0.003669,0.037681,0.125523,7.97,0.42776,1.15462,1.82628,curved,gentle
MVI_40963,78,81,996,1076,601.18,594.51,0.9889,76.16,96.27,4.565,114.12,0.00916,0.001299,0.036373,0.063684,15.7,0.27229,1.52051,2.09187,curved,sharp
MVI_40963,79,71,1036,1106,300.33,290.67,0.9678,69.71,117.27,3.735,93.38,0.012802,0.008225,0.0245,0.07269,13.76,0.62845,1.93246,2.26798,curved,sharp
MVI_40963,80,36,1046,1081,125.35,121.94,0.9728,19.41,54.9,3.375,84.38,0.008646,0.006802,0.017688,0.024741,40.42,0.49544,1.82223,2.46094,straight,gentle
MVI_40963,81,96,1046,1141,602.41,596.69,0.9905,52.47,164.94,4.028,100.7,0.031781,0.003173,0.084019,0.367974,2.72,0.44733,2.18658,5.69948,curved,sharp
MVI_40963,82,96,1046,1141,487.08,485.52,0.9968,19.46,68.3,3.414,85.36,0.015421,0.001483,0.037475,0.248009,4.03,0.28739,0.9604,3.77016,straight,gentle
MVI_40963,83,96,1051,1146,674.33,672.5,0.9973,42.69,65.26,4.697,117.41,0.007403,0.001295,0.022494,0.056239,17.78,0.21306,1.0537,1.34006,curved,gentle
MVI_40963,84,76,1101,1176,509.52,508.93,0.9988,12.66,44.43,4.517,112.93,0.009484,0.001331,0.027696,0.156837,6.38,0.19775,0.71908,2.09635,straight,gentle
MVI_40963,85,101,1101,1201,184.33,178.74,0.9696,17.61,213.11,1.694,42.35,0.02636,0.020919,0.060113,0.098229,10.18,0.81039,2.26955,4.44648,curved,gentle
MVI_40963,86,96,1106,1201,498.23,496.37,0.9963,7.29,72.88,3.38,84.5,0.010174,0.001495,0.037174,0.080555,12.41,0.19714,0.95153,1.47447,straight,straight
MVI_40963,87,96,1121,1216,605.26,601.1,0.9931,23.85,92.82,3.986,99.65,0.010188,0.002782,0.027885,0.095339,10.49,0.43835,1.148,1.97919,curved,gentle
MVI_40963,88,71,1121,1191,304.79,296.78,0.9737,46.2,95.62,3.808,95.19,0.009853,0.006727,0.020427,0.056865,17.59,0.56613,1.52031,2.25445,curved,sharp
MVI_40963,89,91,1176,1266,553.32,550.75,0.9954,34.53,85.62,4.393,109.82,0.008598,0.003532,0.017763,0.131926,7.58,0.36827,1.05331,1.98926,curved,gentle
MVI_40963,90,61,1186,1246,493.41,485.33,0.9836,55.37,69.72,6.074,151.86,0.005084,0.002721,0.015843,0.040506,24.69,0.34892,1.6281,1.94006,curved,sharp
MVI_40963,91,71,1186,1256,305.04,298.45,0.9784,56.17,139.65,4.379,109.48,0.026621,0.00304,0.125903,0.202139,4.95,0.36136,3.68198,4.5875,curved,sharp
MVI_40963,92,126,1201,1326,597.48,586.04,0.9808,34.91,210.36,3.296,82.4,0.016475,0.007235,0.054015,0.095655,10.45,0.715,1.75188,2.8176,curved,gentle
MVI_40963,93,31,1206,1236,109.4,104.72,0.9572,65.91,72.18,3.506,87.65,0.012781,0.003702,0.038926,0.046953,21.3,0.40487,3.22098,3.6498,curved,sharp
MVI_40963,94,76,1231,1306,208.09,202.9,0.9751,28.24,106.27,2.995,74.86,0.018909,0.008082,0.054246,0.147738,6.77,0.55157,2.11234,4.34701,curved,gentle
MVI_40963,95,71,1256,1326,328.05,319.71,0.9746,45.63,117.21,4.614,115.34,0.012602,0.007,0.030676,0.08324,12.01,0.74116,1.83838,2.44225,curved,sharp
MVI_40963,96,81,1281,1361,477.11,475.4,0.9964,63.63,146.76,3.912,97.8,0.038177,0.002527,0.095697,0.494868,2.02,0.41599,2.30187,6.61006,curved,sharp
MVI_40963,97,46,1281,1326,117.66,114.95,0.9769,8.05,65.97,2.687,67.17,0.010553,0.009038,0.020202,0.02748,36.39,0.52289,1.46539,2.01694,straight,straight
MVI_40963,98,71,1286,1356,322.37,316.55,0.9819,48.51,109.85,4.11,102.76,0.011638,0.003449,0.030063,0.082725,12.09,0.5058,1.73015,2.28389,curved,sharp
MVI_40963,99,116,1291,1406,635.93,632.82,0.9951,0.4,167.73,3.59,89.75,0.023044,0.007232,0.061389,0.285855,3.5,0.56098,2.16585,3.70196,straight,straight
MVI_40963,100,46,1306,1351,121.55,119.41,0.9824,27.07,72.87,2.48,62.0,0.013121,0.01121,0.024595,0.054444,18.37,0.81644,1.50824,2.14424,curved,gentle
MVI_40963,101,96,1316,1411,533.63,529.4,0.9921,10.28,112.04,3.401,85.03,0.016416,0.002901,0.054401,0.146148,6.84,0.39675,1.32371,2.76855,straight,gentle
MVI_40963,102,71,1341,1411,308.23,300.33,0.9744,43.47,112.76,4.582,114.54,0.009402,0.005325,0.023006,0.040903,24.45,0.42019,1.96029,3.12557,curved,gentle
MVI_40963,103,66,1376,1441,203.64,197.49,0.9698,55.4,100.88,3.532,88.3,0.011228,0.007785,0.02586,0.06413,15.59,0.52165,1.83798,2.74959,curved,sharp
MVI_40963,104,161,1376,1536,708.2,702.45,0.9919,4.68,259.36,3.611,90.28,0.024355,0.005218,0.085246,0.255216,3.92,0.48338,2.29665,5.54058,straight,straight
MVI_40963,105,96,1406,1501,485.23,482.69,0.9948,132.95,156.32,3.14,78.49,0.013938,0.002137,0.01809,0.35563,2.81,0.2612,0.71242,4.55521,curved,sharp
MVI_40963,106,91,1416,1506,597.57,589.43,0.9864,27.29,101.25,4.721,118.04,0.008101,0.001755,0.021555,0.078495,12.74,0.27291,1.37983,3.03322,curved,gentle
MVI_40963,107,66,1421,1486,311.05,302.89,0.9738,70.36,89.14,4.286,107.16,0.007661,0.004073,0.025505,0.030791,32.48,0.5436,1.3345,1.87783,curved,sharp
MVI_40963,108,126,1441,1566,568.96,563.95,0.9912,81.97,249.87,2.68,67.0,0.029996,0.003114,0.083652,0.625377,1.6,0.24761,1.6668,7.86209,curved,sharp
MVI_40963,109,96,1446,1541,509.04,506.09,0.9942,18.45,99.18,3.384,84.61,0.013902,0.003708,0.044897,0.130617,7.66,0.31575,1.30023,2.4359,straight,gentle
MVI_40963,110,91,1461,1551,509.1,507.38,0.9966,31.06,61.26,3.588,89.69,0.01072,0.001943,0.03762,0.098933,10.11,0.1946,0.9066,1.62232,curved,gentle
MVI_40963,111,121,1466,1586,659.9,653.09,0.9897,4.95,171.26,3.244,81.11,0.01525,0.005589,0.05042,0.111715,8.95,0.49112,1.84655,4.11822,straight,straight
MVI_40963,112,131,1491,1621,691.04,686.86,0.994,35.01,69.27,3.025,75.64,0.005917,0.001987,0.015558,0.058744,17.02,0.19694,0.49362,2.34856,curved,gentle
MVI_40963,113,66,1491,1556,285.88,281.15,0.9835,32.2,94.3,3.991,99.76,0.009701,0.006298,0.020852,0.044539,22.45,0.60094,1.70585,2.89531,curved,gentle
MVI_40963,114,96,1496,1591,505.38,504.15,0.9976,4.51,48.22,3.475,86.87,0.005402,0.002748,0.015995,0.048968,20.42,0.21756,0.61567,1.07815,straight,straight
MVI_40963,115,101,1516,1616,490.5,488.71,0.9963,73.14,155.38,3.207,80.17,0.046672,0.002617,0.203588,0.441974,2.26,0.25175,3.45565,6.43986,curved,sharp
MVI_40963,116,46,1521,1566,133.7,131.19,0.9812,11.59,69.2,2.895,72.37,0.009841,0.008642,0.018931,0.029974,33.36,0.56604,1.47877,2.47843,straight,gentle
MVI_40963,117,71,1521,1591,326.55,318.17,0.9743,25.72,129.96,4.304,107.59,0.009714,0.008194,0.01695,0.046992,21.28,0.75233,1.7988,2.23313,curved,gentle
MVI_40963,118,81,1536,1616,530.75,525.3,0.9897,24.02,93.22,5.548,138.7,0.00654,0.002684,0.019302,0.059104,16.92,0.3713,1.6314,2.10401,curved,gentle
MVI_40963,119,131,1536,1666,560.51,558.38,0.9962,10.82,134.98,2.734,68.35,0.015574,0.003021,0.049241,0.192421,5.2,0.32805,1.0762,3.69867,straight,gentle
MVI_40963,120,96,1551,1646,524.75,524.13,0.9988,6.09,63.64,3.467,86.69,0.011077,0.002172,0.036434,0.124934,8.0,0.23873,0.78759,1.89958,straight,straight
MVI_40963,121,111,1556,1666,479.67,478.39,0.9973,18.83,105.58,2.562,64.06,0.023676,0.002025,0.080986,0.438954,2.28,0.19658,1.60366,5.54986,straight,gentle
MVI_40963,122,101,1561,1661,619.75,617.75,0.9968,16.46,75.95,3.899,97.47,0.00655,0.002514,0.022857,0.051708,19.34,0.29537,0.72509,2.36337,straight,gentle
MVI_40963,123,66,1561,1626,298.87,294.16,0.9842,34.65,90.38,4.061,101.54,0.008863,0.006587,0.018377,0.058906,16.98,0.60187,1.27191,2.31156,curved,gentle
MVI_40963,124,106,1581,1686,666.31,664.67,0.9975,20.12,120.46,4.115,102.88,0.015269,0.00298,0.0264,0.226928,4.41,0.38748,1.12163,4.00073,curved,gentle
MVI_40963,125,116,1581,1696,535.1,533.67,0.9973,22.72,93.07,3.071,76.79,0.014185,0.002994,0.047789,0.146479,6.83,0.30889,1.02562,2.28461,curved,gentle
MVI_40963,126,51,1581,1631,207.83,204.4,0.9835,22.88,51.09,4.467,111.68,0.00509,0.00346,0.011831,0.023591,42.39,0.23611,1.03728,1.95405,curved,gentle
MVI_40963,127,101,1591,1691,498.47,495.81,0.9947,23.44,142.5,3.044,76.09,0.02756,0.004439,0.090427,0.260182,3.84,0.43572,1.77717,3.3911,curved,gentle
MVI_40963,128,51,1596,1646,154.77,147.04,0.9501,68.26,98.58,3.09,77.24,0.013611,0.010561,0.025961,0.056021,17.85,0.78327,1.87264,3.01428,curved,sharp
MVI_40963,129,71,1606,1676,331.05,319.64,0.9655,51.58,149.12,4.433,110.83,0.014393,0.007283,0.03247,0.083964,11.91,0.8277,2.33811,4.70393,curved,sharp
MVI_40963,130,101,1626,1726,514.54,512.39,0.9958,7.23,89.12,3.014,75.36,0.013747,0.002869,0.042265,0.073643,13.58,0.41192,1.12108,1.6777,straight,straight
MVI_40963,131,121,1626,1746,695.75,691.26,0.9935,57.34,122.86,3.548,88.7,0.012538,0.002392,0.040719,0.090664,11.03,0.27191,1.35773,2.38451,curved,sharp
MVI_40963,132,71,1671,1741,318.5,309.04,0.9703,61.18,140.05,4.23,105.75,0.01522,0.005805,0.044855,0.069916,14.3,0.48838,2.22293,5.28074,curved,sharp
MVI_40963,133,106,1686,1791,574.83,567.38,0.987,50.63,88.45,4.056,101.39,0.005938,0.00161,0.020983,0.037715,26.51,0.2324,1.02046,2.06032,curved,sharp
MVI_40963,134,36,1696,1731,184.69,183.09,0.9913,39.44,42.79,5.149,128.72,0.004681,0.003077,0.011481,0.022694,44.06,0.29495,1.7289,2.72623,curved,gentle
MVI_40963,135,86,1711,1796,513.66,513.18,0.9991,32.35,63.97,3.624,90.6,0.017028,0.002125,0.028974,0.193277,5.17,0.21437,0.6215,2.58991,curved,gentle
MVI_40963,136,86,1721,1806,519.68,518.75,0.9982,21.15,58.49,3.928,98.19,0.014104,0.000886,0.031758,0.296614,3.37,0.12233,0.84756,3.97723,curved,gentle
MVI_40963,137,46,1721,1766,145.96,142.85,0.9787,15.36,66.58,3.157,78.91,0.008725,0.006465,0.018313,0.023945,41.76,0.57921,1.46932,2.2086,straight,gentle
MVI_40963,138,95,1726,1820,468.76,467.59,0.9975,2.15,56.82,2.717,67.94,0.006943,0.001874,0.017435,0.064533,15.5,0.25185,0.70512,1.24203,straight,straight
MVI_40963,139,80,1741,1820,362.76,361.5,0.9965,23.07,53.67,3.219,80.46,0.008209,0.001555,0.02144,0.066304,15.08,0.19502,0.87183,2.31723,curved,gentle
MVI_40963,140,46,1751,1796,202.41,200.01,0.9882,40.64,45.56,4.727,118.17,0.005012,0.004057,0.011322,0.01834,54.53,0.478,1.02101,1.59559,curved,gentle
MVI_40963,141,46,1771,1816,175.01,170.96,0.9769,23.17,70.64,3.894,97.36,0.009626,0.005916,0.018292,0.063352,15.78,0.68265,1.48601,2.7013,curved,gentle
MVI_40963,142,45,1776,1820,77.93,77.37,0.9927,36.33,84.38,1.84,45.99,0.023308,0.007689,0.081181,0.161222,6.2,0.41065,1.39398,2.24455,curved,gentle
MVI_40963,143,25,1796,1820,24.07,23.13,0.9608,71.06,90.42,0.661,16.53,0.097686,0.043958,0.262847,0.287515,3.48,1.175,4.09553,4.34796,curved,sharp
MVI_40963,144,10,1811,1820,58.86,58.66,0.9966,16.67,16.67,6.509,162.73,0.005075,0.005107,0.00588,0.006145,162.74,0.82792,0.89686,0.92361,unknown,unknown
MVI_40981,1,6,1,6,4.92,4.92,1.0,0.0,0.01,0.983,24.59,2.4e-05,2.4e-05,4.8e-05,4.8e-05,20803.95,0.00059,0.00118,0.00118,unknown,unknown
MVI_40981,2,46,1,46,65.63,63.34,0.965,24.71,69.7,1.12,27.99,0.031379,0.011403,0.079003,0.104651,9.56,0.39732,1.87702,2.57288,curved,gentle
MVI_40981,3,56,1,56,138.09,135.19,0.979,44.09,85.17,2.711,67.78,0.014561,0.008344,0.036989,0.065714,15.22,0.55344,1.80519,2.62719,curved,gentle
MVI_40981,4,91,6,96,568.61,560.94,0.9865,58.96,118.47,4.972,124.29,0.012384,0.003719,0.037325,0.106298,9.41,0.49238,1.44772,2.98798,curved,sharp
MVI_40981,5,106,11,116,564.3,559.49,0.9915,57.29,125.45,3.715,92.88,0.017501,0.003664,0.063378,0.232107,4.31,0.3868,1.82695,3.22336,curved,sharp
MVI_40981,6,111,21,131,592.5,584.41,0.9864,23.07,156.15,3.982,99.54,0.019842,0.004278,0.026658,0.477274,2.1,0.53072,1.27849,6.1587,curved,gentle
MVI_40981,7,126,36,161,538.72,533.14,0.9897,117.87,284.15,3.41,85.25,0.024273,0.004357,0.058702,0.34062,2.94,0.44491,1.80182,4.71111,curved,sharp
MVI_40981,8,91,86,176,599.66,588.58,0.9815,41.06,87.01,5.507,137.66,0.004939,0.001587,0.016077,0.034725,28.8,0.29116,1.08389,2.20303,curved,gentle
MVI_40981,9,96,91,186,555.66,551.48,0.9925,14.79,106.6,4.427,110.68,0.006487,0.003646,0.010902,0.053464,18.7,0.42725,1.04851,2.44706,straight,gentle
MVI_40981,10,96,101,196,556.66,551.91,0.9915,35.84,103.99,4.204,105.09,0.011723,0.002433,0.044948,0.084544,11.83,0.28358,1.44808,2.18603,curved,gentle
MVI_40981,11,126,106,231,505.43,504.59,0.9983,8.2,77.96,3.201,80.02,0.007351,0.003545,0.017516,0.054108,18.48,0.31071,0.74467,1.27825,straight,straight
MVI_40981,12,91,111,201,540.58,538.56,0.9963,17.31,91.29,4.406,110.14,0.008374,0.003759,0.028588,0.043777,22.84,0.44153,0.99468,1.86792,straight,gentle
MVI_40981,13,96,126,221,571.75,566.8,0.9913,3.21,107.05,4.658,116.45,0.007753,0.003247,0.02201,0.05436,18.4,0.3662,1.43293,2.37692,straight,straight
MVI_40981,14,121,136,256,526.43,524.46,0.9963,12.51,116.44,3.123,78.06,0.012124,0.00375,0.033305,0.08163,12.25,0.31133,1.15066,2.33445,straight,gentle
MVI_40981,15,91,176,266,644.76,641.98,0.9957,20.81,63.86,5.518,137.95,0.005132,0.00128,0.023667,0.041292,24.22,0.20402,0.9634,1.39812,curved,gentle
MVI_40981,16,81,211,291,539.08,532.53,0.9878,27.18,60.18,5.59,139.74,0.003058,0.001732,0.00747,0.01856,53.88,0.21664,0.83289,1.71192,curved,gentle
MVI_40981,17,91,236,326,580.41,576.6,0.9934,19.48,89.12,4.565,114.12,0.00742,0.00284,0.0288,0.054845,18.23,0.3815,1.15452,1.79263,straight,gentle
MVI_40981,18,106,236,341,514.55,511.59,0.9942,18.57,101.78,3.783,94.58,0.013645,0.003706,0.044355,0.141014,7.09,0.37599,1.26253,2.21746,straight,gentle
MVI_40981,19,81,266,346,569.39,560.39,0.9842,29.61,67.33,5.573,139.31,0.004729,0.001128,0.019402,0.026339,37.97,0.20907,1.14651,1.70596,curved,gentle
MVI_40981,20,91,296,386,500.82,499.84,0.998,10.79,51.73,4.104,102.59,0.004794,0.001944,0.013503,0.023492,42.57,0.26968,0.65879,0.94885,straight,gentle
MVI_40981,21,81,316,396,561.28,554.11,0.9872,55.88,90.05,5.581,139.52,0.007064,0.001592,0.027225,0.039191,25.52,0.29595,1.55947,2.11351,curved,sharp
MVI_40981,22,81,326,406,577.71,573.92,0.9934,31.3,66.65,5.563,139.08,0.004633,0.001488,0.014266,0.028045,35.66,0.21289,0.95771,1.92124,curved,gentle
MVI_40981,23,76,341,416,592.96,590.02,0.995,0.24,54.17,6.254,156.34,0.003702,0.001608,0.006825,0.029986,33.35,0.25917,0.66521,1.59525,straight,straight
MVI_40981,24,76,346,421,491.17,490.48,0.9986,30.74,67.97,5.152,128.81,0.016129,0.000899,0.029248,0.404285,2.47,0.1631,1.05905,5.82612,curved,gentle
MVI_40981,25,96,356,451,511.52,510.8,0.9986,20.85,72.04,4.11,102.75,0.010175,0.002188,0.016663,0.114227,8.75,0.21891,0.76335,2.37377,curved,gentle
MVI_40981,26,116,361,476,558.88,553.75,0.9908,12.18,94.27,3.608,90.2,0.00799,0.002767,0.025487,0.045569,21.94,0.27264,0.88833,1.52155,straight,gentle
MVI_40981,27,81,371,451,588.72,580.02,0.9852,60.73,72.92,5.791,144.77,0.004622,0.001353,0.015819,0.026195,38.18,0.18023,1.15466,1.2928,curved,sharp
MVI_40981,28,76,391,466,545.0,543.11,0.9965,44.18,59.51,5.712,142.8,0.005578,0.001156,0.025646,0.03461,28.89,0.20709,1.05081,1.69087,curved,gentle
MVI_40981,29,81,401,481,547.68,536.6,0.9798,53.71,70.83,5.565,139.14,0.004417,0.001802,0.014909,0.02602,38.43,0.22634,1.20777,1.96672,curved,sharp
MVI_40981,30,86,401,486,512.68,511.13,0.997,3.47,76.03,4.635,115.86,0.011085,0.001181,0.045017,0.101379,9.86,0.17469,1.72641,2.55076,straight,straight
MVI_40981,31,76,411,486,571.58,568.59,0.9948,8.79,79.31,6.106,152.65,0.006182,0.002344,0.021606,0.044353,22.55,0.37568,1.15682,1.92924,straight,straight
MVI_40981,32,86,436,521,528.9,526.78,0.996,27.36,62.65,4.753,118.83,0.004038,0.002365,0.010416,0.024766,40.38,0.27157,0.90667,1.19965,curved,gentle
MVI_40981,33,91,446,536,490.81,487.43,0.9931,35.21,95.47,3.952,98.81,0.01108,0.002703,0.037886,0.107047,9.34,0.3664,1.20116,1.90071,curved,gentle
MVI_40981,34,71,461,531,547.53,537.86,0.9823,34.45,58.86,6.301,157.52,0.003289,0.00179,0.007703,0.02153,46.45,0.27652,1.23772,1.82059,curved,gentle
MVI_40981,35,81,461,541,536.38,529.14,0.9865,71.9,95.14,5.057,126.44,0.008011,0.001536,0.030261,0.054108,18.48,0.27332,1.43747,2.41093,curved,sharp
MVI_40981,36,71,496,566,530.11,529.58,0.999,27.3,51.51,6.077,151.94,0.010051,0.000565,0.023565,0.113862,8.78,0.1195,1.26411,2.89024,curved,gentle
MVI_40981,37,86,516,601,573.58,571.15,0.9958,26.15,89.99,5.274,131.85,0.008215,0.0018,0.027491,0.089845,11.13,0.27314,1.61716,2.80499,curved,gentle
MVI_40981,38,91,531,621,522.68,521.47,0.9977,38.13,86.01,4.412,110.31,0.019633,0.001427,0.033114,0.353968,2.83,0.19413,1.19697,4.89304,curved,gentle
MVI_40981,39,76,546,621,507.28,496.61,0.979,43.83,104.62,6.283,157.07,0.007789,0.003326,0.024424,0.044168,22.64,0.51585,1.53771,1.9902,curved,gentle
MVI_40981,40,91,566,656,546.5,544.75,0.9968,47.91,92.31,5.055,126.37,0.013098,0.002065,0.02928,0.357855,2.79,0.30969,1.25678,4.57153,curved,sharp
MVI_40981,41,76,591,666,564.6,559.46,0.9909,17.82,56.24,6.268,156.7,0.002362,0.001181,0.005711,0.016664,60.01,0.18502,0.904,1.36975,straight,gentle
MVI_40981,42,76,596,671,547.62,545.24,0.9956,16.94,48.76,5.543,138.58,0.003745,0.001126,0.012473,0.032792,30.5,0.16119,0.52081,1.73451,straight,gentle
MVI_40981,43,81,606,686,586.03,574.82,0.9809,47.64,87.0,6.268,156.69,0.005032,0.00208,0.017685,0.026834,37.27,0.31197,1.24081,1.95134,curved,sharp
MVI_40981,44,86,661,746,518.09,516.92,0.9977,8.63,65.77,4.858,121.45,0.005981,0.002245,0.019336,0.03729,26.82,0.27119,0.91401,1.80965,straight,straight
MVI_40981,45,76,671,746,539.12,529.89,0.9829,20.42,84.31,6.023,150.56,0.007962,0.001836,0.017758,0.10838,9.23,0.32002,1.36212,3.07998,curved,gentle
MVI_40981,46,76,711,786,530.3,527.48,0.9947,48.84,63.67,5.694,142.35,0.005539,0.001586,0.026457,0.036417,27.46,0.27627,1.21029,1.45671,curved,sharp
MVI_40981,47,96,731,826,563.4,561.43,0.9965,20.52,66.51,4.832,120.8,0.007488,0.002303,0.024044,0.075354,13.27,0.26528,0.86887,1.98414,curved,gentle
MVI_40981,48,81,731,811,494.35,493.48,0.9982,19.47,42.33,4.929,123.22,0.002993,0.001487,0.007334,0.018078,55.32,0.222,0.57939,0.84506,straight,gentle
MVI_40981,49,71,741,811,552.96,545.43,0.9864,19.18,66.34,6.966,174.14,0.005664,0.000874,0.01646,0.090612,11.04,0.16577,1.35242,2.61379,straight,gentle
MVI_40981,50,86,766,851,629.88,622.0,0.9875,8.04,104.17,6.354,158.86,0.006621,0.002742,0.015935,0.068584,14.58,0.38667,1.48292,2.17041,straight,straight
MVI_40981,51,86,806,891,576.92,568.48,0.9854,19.59,82.21,5.793,144.81,0.006508,0.001903,0.021773,0.044134,22.66,0.35954,1.11881,1.60076,straight,gentle
MVI_40981,52,71,841,911,592.49,589.64,0.9952,40.95,52.76,6.464,161.61,0.003673,0.001037,0.012797,0.020222,49.45,0.22169,0.96723,1.3182,curved,gentle
MVI_40981,53,66,891,956,522.87,514.14,0.9833,27.56,57.52,6.723,168.08,0.003748,0.000535,0.014181,0.022984,43.51,0.12035,1.23087,1.65474,curved,gentle
MVI_40981,54,96,906,1001,590.34,587.49,0.9952,15.14,75.0,4.693,117.31,0.007517,0.001943,0.029377,0.039686,25.2,0.28962,1.00398,1.45508,straight,gentle
MVI_40981,55,66,976,1041,499.32,497.65,0.9967,3.3,60.16,6.386,159.66,0.006856,0.001422,0.026147,0.062554,15.99,0.37758,0.90326,1.44903,straight,straight
MVI_40981,56,101,1001,1101,523.56,521.66,0.9964,55.43,112.31,4.515,112.86,0.01288,0.002079,0.02797,0.132749,7.53,0.32789,0.94187,3.33951,curved,sharp
MVI_40981,57,111,1041,1151,608.88,606.03,0.9953,20.61,108.12,4.884,122.1,0.012647,0.002193,0.023673,0.398038,2.51,0.31984,1.03624,5.71616,curved,gentle
MVI_40981,58,66,1066,1131,536.56,530.05,0.9879,39.43,61.27,6.76,168.99,0.004047,0.001708,0.012493,0.017955,55.7,0.30177,1.03802,1.33662,curved,gentle
MVI_40981,59,81,1081,1161,504.62,503.58,0.9979,28.68,83.17,4.981,124.51,0.01258,0.002142,0.031235,0.129231,7.74,0.32855,1.24938,2.55146,curved,gentle
MVI_40981,60,86,1086,1171,507.67,506.11,0.9969,12.19,91.1,4.692,117.3,0.016155,0.003002,0.031512,0.380299,2.63,0.41374,1.44183,4.88865,straight,gentle
MVI_40981,61,66,1106,1171,524.33,517.11,0.9862,29.43,55.75,7.196,179.89,0.002758,0.001426,0.006663,0.016633,60.12,0.23458,1.11062,1.67488,curved,gentle
MVI_40981,62,96,1156,1251,579.65,577.29,0.9959,9.14,74.96,4.794,119.86,0.00664,0.001889,0.017346,0.075045,13.33,0.27093,1.01952,1.63867,straight,straight
MVI_40981,63,86,1166,1251,512.69,512.13,0.9989,2.41,55.25,4.942,123.56,0.006134,0.001859,0.016257,0.085463,11.7,0.25498,0.69662,1.31282,straight,straight
MVI_40981,64,81,1196,1276,566.52,555.87,0.9812,47.82,115.78,6.156,153.91,0.008249,0.002835,0.027921,0.060474,16.54,0.52433,1.71686,2.68287,curved,sharp
MVI_40981,65,81,1196,1276,483.92,482.76,0.9976,26.52,57.33,4.603,115.09,0.010906,0.00151,0.027926,0.207332,4.82,0.18888,1.14149,3.03858,curved,gentle
MVI_40981,66,66,1196,1261,538.53,532.47,0.9887,32.65,64.24,6.783,169.58,0.003773,0.001983,0.008188,0.025975,38.5,0.34118,0.84903,1.92766,curved,gentle
MVI_40981,67,71,1241,1311,557.67,551.18,0.9884,23.96,54.53,6.724,168.09,0.003124,0.001466,0.005327,0.024741,40.42,0.27195,1.00951,1.83748,curved,gentle
MVI_40981,68,121,1241,1361,538.52,537.46,0.998,31.14,94.05,3.556,88.89,0.01221,0.003537,0.021075,0.144163,6.94,0.32589,0.78005,2.17888,curved,gentle
MVI_40981,69,91,1271,1361,569.25,567.1,0.9962,2.35,74.72,4.962,124.04,0.006388,0.00152,0.023542,0.045037,22.2,0.20654,1.03374,2.24753,straight,straight
MVI_40981,70,91,1291,1381,535.46,531.91,0.9934,34.54,65.26,4.666,116.64,0.003401,0.001336,0.009482,0.025794,38.77,0.13231,0.59913,2.75214,curved,gentle
MVI_40981,71,71,1311,1381,514.22,506.37,0.9847,39.93,70.02,6.494,162.34,0.003961,0.001985,0.011301,0.018983,52.68,0.38847,1.11887,1.57821,curved,gentle
MVI_40981,72,86,1316,1401,507.63,505.64,0.9961,44.47,86.24,4.687,117.18,0.008259,0.002338,0.022252,0.047555,21.03,0.3798,1.31608,2.22312,curved,gentle
MVI_40981,73,121,1321,1441,625.85,615.4,0.9833,41.13,112.24,4.275,106.88,0.006801,0.003441,0.021596,0.038061,26.27,0.34949,1.10012,1.67852,curved,gentle
MVI_40981,74,81,1331,1411,531.87,530.83,0.9981,9.11,64.97,5.429,135.73,0.006227,0.002351,0.020343,0.045484,21.99,0.31779,0.90092,1.30545,straight,straight
MVI_40981,75,86,1341,1426,573.3,566.67,0.9884,38.44,106.24,5.523,138.08,0.007937,0.002025,0.019412,0.071176,14.05,0.28954,1.42843,2.37547,curved,gentle
MVI_40981,76,111,1351,1461,625.51,621.48,0.9935,21.0,99.51,4.381,109.54,0.007334,0.002815,0.023563,0.071051,14.07,0.34665,1.18477,2.36656,curved,gentle
MVI_40981,77,76,1361,1436,504.23,496.39,0.9844,34.28,49.95,6.022,150.55,0.002336,0.001141,0.005319,0.017824,56.1,0.18277,0.97477,1.90911,curved,gentle
MVI_40981,78,81,1371,1451,502.66,501.05,0.9968,0.8,66.42,5.014,125.34,0.009975,0.001181,0.044606,0.088962,11.24,0.17241,1.52412,2.293,straight,straight
MVI_40981,79,86,1386,1471,564.17,563.0,0.9979,17.11,61.65,5.181,129.53,0.008003,0.001113,0.022086,0.069135,14.46,0.16531,0.73755,1.89712,straight,gentle
MVI_40981,80,101,1391,1491,536.73,533.08,0.9932,52.94,115.58,3.934,98.34,0.012115,0.003063,0.036622,0.087579,11.42,0.41857,1.29264,2.13337,curved,sharp
MVI_40981,81,1,1396,1396,0.0,0.0,,,,0.0,0.0,,,,,,,,,unknown,unknown
MVI_40981,82,71,1401,1471,484.05,476.06,0.9835,3.25,118.35,5.665,141.62,0.012495,0.002149,0.031357,0.09771,10.23,0.47358,1.75846,3.97636,straight,straight
MVI_40981,83,96,1421,1516,519.6,518.69,0.9983,26.04,67.44,4.236,105.9,0.009419,0.001274,0.022539,0.112691,8.87,0.15149,0.91262,1.9915,curved,gentle
MVI_40981,84,91,1426,1516,610.69,607.42,0.9946,53.27,92.81,5.346,133.65,0.009142,0.001764,0.033992,0.064077,15.61,0.30694,1.55774,1.98488,curved,sharp
MVI_40981,85,86,1426,1511,548.45,541.5,0.9873,43.07,98.99,4.944,123.61,0.009005,0.002305,0.028398,0.08844,11.31,0.39443,1.48428,2.65462,curved,gentle
MVI_40981,86,96,1456,1551,527.02,525.45,0.997,42.21,95.46,4.164,104.1,0.013315,0.002022,0.056156,0.10239,9.77,0.27458,1.84013,2.18579,curved,gentle
MVI_40981,87,76,1496,1571,501.18,490.39,0.9785,38.96,64.52,5.788,144.69,0.003391,0.001571,0.009225,0.020594,48.56,0.22279,1.05665,1.34674,curved,gentle
MVI_40981,88,91,1506,1596,503.67,502.49,0.9977,30.71,77.28,4.353,108.81,0.012289,0.001212,0.03559,0.119364,8.38,0.20452,1.17231,2.98451,curved,gentle
MVI_40981,89,76,1506,1581,528.77,523.95,0.9909,53.34,71.39,5.717,142.93,0.004936,0.001802,0.016694,0.030547,32.74,0.317,0.98374,1.38707,curved,sharp
MVI_40981,90,106,1536,1641,513.85,511.65,0.9957,23.41,88.54,3.662,91.56,0.012691,0.002358,0.021692,0.156522,6.39,0.25552,0.75543,2.55905,curved,gentle
MVI_40981,91,91,1551,1641,511.53,510.48,0.998,6.42,63.44,4.414,110.35,0.008572,0.001542,0.034075,0.08878,11.26,0.20156,1.02196,1.54491,straight,straight
MVI_40981,92,106,1561,1666,508.7,507.18,0.997,20.91,81.76,4.155,103.88,0.006835,0.00171,0.024287,0.053898,18.55,0.2566,0.96501,2.18438,curved,gentle
MVI_40981,93,91,1591,1681,582.97,577.48,0.9906,15.78,75.0,5.227,130.67,0.003927,0.002062,0.010948,0.021832,45.8,0.21178,1.0471,1.44094,straight,gentle
MVI_40981,94,126,1601,1726,514.87,508.84,0.9883,5.21,125.5,3.347,83.68,0.01174,0.005694,0.036984,0.066802,14.97,0.49171,0.99293,1.4296,straight,straight
MVI_40981,95,96,1606,1701,628.47,623.6,0.9923,55.84,114.73,4.88,121.99,0.012663,0.000894,0.039725,0.153921,6.5,0.18046,1.77175,5.34996,curved,sharp
MVI_40981,96,91,1611,1701,534.72,533.43,0.9976,16.32,65.04,4.508,112.7,0.008886,0.001658,0.035439,0.058135,17.2,0.23232,0.98825,1.39735,straight,gentle
MVI_40981,97,86,1661,1746,580.5,572.56,0.9863,34.51,59.94,5.79,144.75,0.003211,0.001841,0.006821,0.021843,45.78,0.25506,0.85821,1.35409,curved,gentle
MVI_40981,98,101,1671,1771,573.87,570.07,0.9934,22.21,87.74,4.222,105.54,0.007137,0.003185,0.02189,0.067715,14.77,0.27438,1.01809,1.98004,curved,gentle
MVI_40981,99,81,1676,1756,485.23,484.86,0.9992,5.44,21.99,4.97,124.26,0.002197,0.000525,0.006511,0.016417,60.91,0.10598,0.29039,0.43548,straight,straight
MVI_40981,100,101,1701,1801,538.8,537.27,0.9972,21.96,82.85,4.437,110.92,0.008087,0.002404,0.02987,0.059569,16.79,0.25682,1.25721,1.81286,curved,gentle
MVI_40981,101,91,1706,1796,606.42,599.28,0.9882,20.24,72.31,5.475,136.87,0.004352,0.002028,0.013215,0.033298,30.03,0.25408,0.85482,1.85556,curved,gentle
MVI_40981,102,96,1731,1826,521.45,520.47,0.9981,3.62,71.14,4.234,105.84,0.007433,0.002284,0.023384,0.050159,19.94,0.30607,0.94482,1.63446,straight,straight
MVI_40981,103,96,1741,1836,527.16,517.21,0.9811,0.8,108.85,4.617,115.43,0.008027,0.001982,0.021245,0.069318,14.43,0.20001,1.47522,2.41231,straight,straight
MVI_40981,104,86,1751,1836,523.75,513.99,0.9814,48.6,92.38,5.18,129.51,0.006913,0.002482,0.017753,0.041922,23.85,0.35333,1.34102,1.68738,curved,sharp
MVI_40981,105,111,1771,1881,684.5,681.9,0.9962,26.83,82.13,4.683,117.07,0.007317,0.001692,0.027231,0.060419,16.55,0.27597,1.1752,2.16947,curved,gentle
MVI_40981,106,101,1781,1881,551.07,548.32,0.995,26.79,101.83,4.261,106.53,0.013986,0.002061,0.043721,0.195738,5.11,0.3418,1.49985,3.13835,curved,gentle
MVI_40981,107,111,1796,1906,590.52,588.19,0.9961,25.81,86.85,4.068,101.69,0.008491,0.001588,0.032742,0.074896,13.35,0.24431,0.99893,1.95246,curved,gentle
MVI_40981,108,101,1826,1926,501.95,500.95,0.998,58.98,108.23,3.683,92.07,0.023955,0.001912,0.028088,0.444791,2.25,0.22643,0.88924,6.26236,curved,sharp
MVI_40981,109,96,1831,1926,570.77,559.16,0.9796,56.88,132.34,5.072,126.8,0.008858,0.0029,0.030187,0.050796,19.69,0.40232,1.83595,2.18471,curved,sharp
MVI_40981,110,111,1841,1951,607.38,602.63,0.9922,18.12,121.39,4.135,103.36,0.012865,0.002049,0.046696,0.114019,8.77,0.31921,1.44965,3.01708,straight,gentle
MVI_40981,111,96,1846,1941,535.29,533.49,0.9966,18.15,78.51,4.372,109.31,0.008672,0.002116,0.030787,0.055949,17.87,0.33368,1.00841,1.75788,straight,gentle
MVI_40981,112,101,1861,1961,538.75,536.28,0.9954,42.19,108.36,4.01,100.25,0.01744,0.001846,0.057592,0.204416,4.89,0.25028,1.38716,3.57016,curved,gentle
MVI_40981,113,106,1881,1986,516.87,515.24,0.9968,37.01,96.44,3.968,99.2,0.010124,0.004142,0.043638,0.064074,15.61,0.41495,1.0677,1.55918,curved,gentle
MVI_40981,114,76,1901,1976,527.8,519.46,0.9842,37.35,63.58,5.972,149.31,0.003501,0.001751,0.007003,0.023204,43.1,0.28049,1.05923,1.65298,curved,gentle
MVI_40981,115,90,1906,1995,506.21,503.62,0.9949,63.76,119.5,4.725,118.12,0.019904,0.001751,0.07953,0.205358,4.87,0.24133,2.46901,4.89522,curved,sharp
MVI_40981,116,90,1906,1995,528.59,523.39,0.9902,19.46,63.47,4.924,123.11,0.004049,0.001625,0.004879,0.081733,12.24,0.19349,0.94132,2.27384,straight,gentle
MVI_40981,117,60,1936,1995,435.04,434.16,0.998,12.59,44.34,7.622,190.54,0.003261,0.001328,0.00938,0.028914,34.59,0.19182,0.91677,2.00447,straight,gentle
MVI_40981,118,45,1951,1995,449.12,443.51,0.9875,26.99,35.1,9.633,240.83,0.001313,0.00099,0.002695,0.004018,248.89,0.23034,0.97177,1.40759,curved,gentle
MVI_40981,119,40,1956,1995,465.07,464.25,0.9982,7.08,24.87,11.664,291.59,0.001195,0.000988,0.002814,0.005179,193.1,0.28382,0.63388,1.25982,straight,straight
MVI_40981,120,25,1971,1995,244.39,244.29,0.9996,7.53,13.09,10.09,252.25,0.001315,0.000888,0.002567,0.005141,194.53,0.24441,0.4964,0.71856,straight,straight
MVI_40981,121,5,1991,1995,48.31,48.31,1.0,0.49,0.49,12.077,301.92,0.000178,0.000178,0.00018,0.00018,5557.84,0.05373,0.05405,0.05412,unknown,unknown
MVI_40991,1,101,1,101,502.31,499.01,0.9934,22.69,100.69,3.627,90.67,0.00678,0.00445,0.016717,0.048072,20.8,0.48416,1.00158,1.53899,curved,gentle
MVI_40991,2,136,36,171,940.13,932.53,0.9919,18.06,124.38,5.129,128.23,0.004372,0.001967,0.008553,0.04057,24.65,0.30043,1.15229,3.45166,straight,gentle
MVI_40991,3,181,91,271,852.34,758.53,0.8899,147.21,282.46,2.54,63.5,0.021836,0.004488,0.042878,0.557433,1.79,0.36232,1.47316,7.22384,curved,sharp
MVI_40991,4,106,336,441,960.51,957.11,0.9965,26.89,63.63,5.729,143.22,0.002239,0.00098,0.005858,0.008964,111.56,0.23787,0.64687,1.07462,curved,gentle
MVI_40991,5,206,351,556,819.13,803.39,0.9808,91.99,433.28,2.249,56.22,0.025823,0.007508,0.081829,0.435431,2.3,0.71717,1.83811,6.0967,curved,sharp
MVI_40991,6,126,391,516,928.22,924.33,0.9958,18.19,98.14,4.759,118.98,0.003945,0.002678,0.010034,0.015619,64.03,0.34036,0.73376,1.50087,straight,gentle
MVI_40991,7,201,421,621,861.47,842.22,0.9776,1.8,258.36,1.923,48.09,0.024721,0.005243,0.089513,0.21937,4.56,0.46576,1.767,3.84383,straight,straight
MVI_40991,8,296,461,756,945.49,734.97,0.7773,145.64,588.24,1.36,33.99,0.038887,0.009887,0.113223,0.468724,2.13,0.5924,2.10758,6.64624,curved,sharp
MVI_40991,9,266,561,826,919.29,692.27,0.753,110.18,749.25,1.711,42.77,0.054528,0.012547,0.159847,0.839311,1.19,0.78835,2.60492,15.58806,curved,sharp
MVI_40991,10,166,561,726,956.87,948.34,0.9911,1.04,224.19,3.71,92.76,0.009658,0.005449,0.022861,0.064009,15.62,0.54879,1.44187,3.11245,straight,straight
MVI_40991,11,171,606,776,950.07,943.51,0.9931,12.37,194.49,2.85,71.26,0.008726,0.003681,0.025095,0.047471,21.07,0.46933,1.34163,2.5019,straight,gentle
MVI_40991,12,181,646,826,967.61,960.23,0.9924,3.36,212.81,3.375,84.38,0.011219,0.005451,0.032679,0.083226,12.02,0.45852,1.67706,2.7449,straight,straight
MVI_40991,13,221,676,896,866.13,715.88,0.8265,93.09,385.52,2.354,58.86,0.024047,0.007993,0.067081,0.277678,3.6,0.59502,1.9473,5.76333,curved,sharp
MVI_40991,14,156,726,881,921.01,915.1,0.9936,3.81,178.12,3.488,87.19,0.007424,0.004896,0.021566,0.032145,31.11,0.50086,1.22446,1.68227,straight,straight
MVI_40991,15,126,811,936,931.78,927.56,0.9955,7.19,115.05,4.993,124.83,0.004361,0.002098,0.01295,0.024477,40.86,0.35244,0.93754,1.76021,straight,straight
MVI_40991,16,131,906,1036,960.14,954.54,0.9942,28.43,87.71,4.58,114.49,0.003303,0.00183,0.009137,0.015431,64.81,0.27561,0.83404,1.40875,curved,gentle
MVI_40991,17,136,961,1096,939.7,934.49,0.9945,20.03,68.91,5.069,126.73,0.002464,0.001357,0.006194,0.014821,67.47,0.21999,0.5546,1.03429,curved,gentle
MVI_40991,18,126,1036,1161,944.52,938.89,0.994,12.27,99.98,5.242,131.05,0.002912,0.002269,0.006079,0.014067,71.09,0.28188,1.05964,1.55227,straight,gentle
MVI_40991,19,166,1121,1286,906.0,899.14,0.9924,32.43,175.96,3.506,87.65,0.006517,0.003812,0.018083,0.027112,36.88,0.44781,1.15377,2.15776,curved,gentle
MVI_40991,20,166,1166,1331,929.85,923.53,0.9932,39.51,166.27,3.49,87.25,0.006671,0.003883,0.017222,0.037832,26.43,0.4883,1.30678,2.34016,curved,gentle
MVI_40991,21,156,1231,1386,966.2,962.69,0.9964,0.0,104.5,3.906,97.66,0.004469,0.002278,0.009595,0.054456,18.36,0.26939,0.71393,2.19001,straight,straight
MVI_40991,22,146,1281,1426,928.11,923.85,0.9954,20.92,149.79,4.028,100.71,0.00634,0.002915,0.018333,0.03043,32.86,0.29796,1.18327,2.03286,curved,gentle
MVI_40991,23,166,1331,1496,955.45,946.14,0.9903,3.89,145.93,3.203,80.08,0.007194,0.003647,0.01706,0.057369,17.43,0.31737,1.03417,2.41036,straight,straight
MVI_40991,24,196,1371,1566,838.95,655.78,0.7817,148.81,375.82,2.51,62.75,0.028343,0.009199,0.067531,0.328795,3.04,0.65564,2.04145,4.70503,curved,sharp
MVI_40991,25,146,1396,1541,944.88,936.88,0.9915,19.02,113.84,3.955,98.88,0.00341,0.002623,0.007333,0.014922,67.01,0.33176,0.84914,1.34741,straight,gentle
MVI_40991,26,151,1656,1806,822.22,814.66,0.9908,11.96,171.04,3.157,78.91,0.007061,0.003571,0.017605,0.037393,26.74,0.46653,1.19692,2.61992,straight,gentle
MVI_40991,27,131,1676,1806,865.29,856.11,0.9894,18.91,147.64,4.363,109.08,0.00577,0.003086,0.013066,0.030636,32.64,0.45807,1.04464,4.04787,straight,gentle
MVI_40991,28,25,1796,1820,369.95,369.02,0.9975,11.28,22.51,15.471,386.79,0.001386,0.00099,0.00297,0.004947,202.13,0.3388,0.82042,1.23761,straight,gentle
MVI_40992,1,16,1,16,68.24,68.22,0.9998,0.89,6.05,4.552,113.79,0.001772,0.001994,0.002369,0.002447,408.62,0.21773,0.25815,0.26946,straight,straight
MVI_40992,2,96,1,96,599.13,597.99,0.9981,19.79,59.93,4.104,102.59,0.005037,0.001669,0.016576,0.027589,36.25,0.2155,0.86061,1.00463,straight,gentle
MVI_40992,3,96,31,126,774.65,771.61,0.9961,4.99,66.45,6.768,169.19,0.002333,0.001601,0.005188,0.011204,89.25,0.26803,0.70595,0.98962,straight,straight
MVI_40992,4,111,116,226,781.97,779.4,0.9967,21.69,81.72,5.173,129.33,0.002589,0.001989,0.006374,0.008596,116.34,0.32655,0.65942,0.97674,curved,gentle
MVI_40992,5,181,191,371,722.5,693.11,0.9593,120.13,323.07,2.279,56.96,0.017108,0.004199,0.043259,0.27614,3.62,0.43576,1.83988,3.49243,curved,sharp
MVI_40992,6,101,221,321,822.39,819.91,0.997,5.7,61.96,6.602,165.05,0.002465,0.001791,0.005917,0.01056,94.7,0.26586,0.62844,1.17411,straight,straight
MVI_40992,7,111,266,376,802.41,800.78,0.998,7.37,52.12,6.903,172.57,0.001831,0.000963,0.004202,0.010816,92.45,0.19866,0.51929,0.90947,straight,straight
MVI_40992,8,106,291,396,774.36,770.64,0.9952,23.45,74.81,6.703,167.57,0.002686,0.001595,0.006277,0.013844,72.23,0.24885,0.85941,1.33165,curved,gentle
MVI_40992,9,121,306,426,827.01,824.41,0.9969,15.94,75.93,5.813,145.33,0.002975,0.001823,0.007908,0.014882,67.19,0.31503,0.6647,1.19557,straight,gentle
MVI_40992,10,126,361,486,703.57,699.05,0.9936,63.97,125.63,4.247,106.19,0.011982,0.003095,0.032695,0.136441,7.33,0.33256,1.05736,2.26771,curved,sharp
MVI_40992,11,91,491,581,837.97,833.77,0.995,8.7,75.25,6.926,173.15,0.002428,0.001438,0.007195,0.008518,117.4,0.22812,0.92373,1.76086,straight,straight
MVI_40992,12,161,491,651,790.1,722.17,0.914,157.11,329.42,3.612,90.29,0.019662,0.005423,0.067207,0.192004,5.21,0.59644,1.44402,2.89791,curved,sharp
MVI_40992,13,106,531,636,854.56,850.37,0.9951,21.26,65.31,6.264,156.6,0.002157,0.001641,0.004713,0.00656,152.44,0.28542,0.53134,0.99891,curved,gentle
MVI_40992,14,106,581,686,796.47,793.69,0.9965,26.17,81.82,5.333,133.32,0.003332,0.002068,0.008148,0.016563,60.37,0.34567,0.71679,1.18039,curved,gentle
MVI_40992,15,111,686,796,838.03,834.8,0.9961,21.97,80.15,6.441,161.03,0.002544,0.001828,0.00469,0.016853,59.34,0.2949,0.86387,1.29494,curved,gentle
MVI_40992,16,116,771,886,859.14,855.42,0.9957,17.78,70.61,5.587,139.67,0.001842,0.001182,0.004533,0.006895,145.03,0.1751,0.98604,1.4789,straight,gentle
MVI_40992,17,101,836,936,779.46,776.61,0.9963,24.7,90.32,5.744,143.61,0.003886,0.002182,0.008491,0.030058,33.27,0.34031,1.09117,1.7684,curved,gentle
MVI_40992,18,116,916,1031,802.16,797.57,0.9943,8.35,99.91,5.78,144.51,0.003792,0.002451,0.00823,0.025747,38.84,0.27634,1.00469,1.79777,straight,straight
MVI_40992,19,141,941,1081,736.66,715.12,0.9708,111.34,199.53,4.031,100.78,0.010868,0.002252,0.022542,0.378074,2.64,0.28887,0.84372,4.99225,curved,sharp
MVI_40992,20,96,986,1081,864.11,861.85,0.9974,21.72,71.46,7.221,180.52,0.003305,0.001396,0.008516,0.018799,53.19,0.26199,0.78393,1.49465,curved,gentle
MVI_40992,21,146,996,1141,734.06,721.82,0.9833,160.1,297.38,3.578,89.45,0.021219,0.002468,0.039007,0.367076,2.72,0.29734,1.63916,5.07156,curved,sharp
MVI_40992,22,111,1031,1141,806.64,802.99,0.9955,7.4,82.42,5.951,148.78,0.002908,0.002669,0.005769,0.012666,78.95,0.26874,0.86936,1.15143,straight,straight
MVI_40992,23,136,1096,1231,699.28,689.06,0.9854,134.88,267.06,4.328,108.2,0.019475,0.003154,0.046132,0.410998,2.43,0.36206,1.74449,5.45901,curved,sharp
MVI_40992,24,101,1131,1231,819.86,817.12,0.9967,5.71,65.77,7.003,175.08,0.002216,0.001587,0.00517,0.010275,97.33,0.26929,0.77542,1.10572,straight,straight
MVI_40992,25,101,1171,1271,760.08,756.71,0.9956,9.28,76.03,6.9,172.5,0.002929,0.001737,0.006159,0.014144,70.7,0.33529,0.8244,1.43774,straight,straight
MVI_40992,26,136,1236,1371,747.63,741.54,0.9919,35.72,105.23,4.799,119.98,0.015448,0.002253,0.023919,0.287905,3.47,0.27071,0.9986,3.83908,curved,gentle
MVI_40992,27,151,1281,1431,733.73,711.36,0.9695,95.82,301.93,3.308,82.69,0.033567,0.003037,0.11654,0.353454,2.83,0.44549,2.31386,6.37608,curved,sharp
MVI_40992,28,121,1341,1461,846.09,842.94,0.9963,17.75,72.0,5.735,143.38,0.002785,0.001913,0.00662,0.011978,83.49,0.26817,0.53856,0.97869,straight,gentle
MVI_40992,29,121,1386,1506,826.0,823.41,0.9969,2.24,82.79,5.284,132.09,0.002982,0.00158,0.007978,0.012369,80.85,0.30481,0.82523,1.13754,straight,straight
MVI_40992,30,111,1431,1541,715.93,713.75,0.997,7.33,87.09,5.237,130.93,0.003759,0.002381,0.009481,0.016222,61.65,0.29381,0.99971,1.24534,straight,straight
MVI_40992,31,111,1446,1556,803.5,799.89,0.9955,5.78,58.35,6.59,164.76,0.001891,0.001301,0.004223,0.011868,84.26,0.24675,0.5328,0.94739,straight,straight
MVI_40992,32,71,1591,1661,807.2,805.03,0.9973,12.38,33.91,9.083,227.07,0.000968,0.000705,0.001918,0.003763,265.77,0.16346,0.57857,0.87778,straight,gentle
MVI_40992,33,166,1631,1796,711.14,705.85,0.9926,8.94,215.56,3.593,89.82,0.0136,0.005752,0.041612,0.135041,7.41,0.57249,1.5839,3.61301,straight,straight
MVI_40992,34,116,1686,1801,809.84,803.31,0.9919,90.65,159.24,5.293,132.31,0.018072,0.002701,0.024595,0.316909,3.16,0.38389,1.18252,5.78232,curved,sharp
MVI_40992,35,131,1721,1851,793.0,789.51,0.9956,8.78,108.91,4.321,108.01,0.007473,0.002661,0.020278,0.075164,13.3,0.29966,0.96183,2.55503,straight,straight
MVI_40992,36,171,1731,1901,715.89,709.59,0.9912,11.22,219.67,2.48,62.0,0.011123,0.006307,0.028292,0.076787,13.02,0.4883,1.42442,2.91381,straight,gentle
MVI_40992,37,171,1781,1951,691.62,684.07,0.9891,24.49,232.05,2.592,64.81,0.011198,0.007725,0.026455,0.051769,19.32,0.57946,1.59524,3.38923,curved,gentle
MVI_40992,38,121,1796,1916,778.62,774.75,0.995,1.48,96.04,4.739,118.47,0.00495,0.002044,0.016399,0.027347,36.57,0.36562,0.82552,1.43857,straight,straight
MVI_40992,39,131,1851,1981,745.34,739.66,0.9924,5.04,121.4,4.183,104.58,0.004573,0.003072,0.010332,0.01834,54.53,0.43301,1.03453,1.70124,straight,straight
MVI_40992,40,111,1901,2011,645.91,642.96,0.9954,1.49,74.56,4.562,114.05,0.003688,0.001964,0.009561,0.023804,42.01,0.23106,0.71689,1.35274,straight,straight
MVI_40992,41,91,1991,2081,759.43,755.4,0.9947,26.28,64.05,6.499,162.47,0.002348,0.001311,0.003634,0.014094,70.95,0.2476,0.94334,1.17938,curved,gentle
MVI_40992,42,91,2041,2131,768.21,765.04,0.9959,6.26,65.29,6.731,168.27,0.002136,0.001609,0.004675,0.009711,102.97,0.26494,0.89456,1.43944,straight,straight
MVI_40992,43,85,2076,2160,727.07,723.22,0.9947,30.66,60.18,7.133,178.32,0.002047,0.00161,0.004386,0.009267,107.91,0.28587,0.6968,1.62166,curved,gentle
MVI_40992,44,30,2131,2160,269.65,267.34,0.9914,26.57,26.78,9.003,225.08,0.001909,0.001708,0.003398,0.004452,224.63,0.40111,0.75509,0.87424,curved,gentle
MVI_40992,45,20,2141,2160,339.4,338.75,0.9981,10.2,20.14,17.404,435.09,0.001437,0.000857,0.003626,0.005917,169.0,0.4123,1.20534,1.67189,straight,gentle
MVI_41063,1,21,1,21,657.04,655.47,0.9976,12.01,12.01,32.953,823.83,0.000266,0.000124,0.000581,0.000624,1603.78,0.05957,0.60532,0.6451,straight,gentle
MVI_41063,2,36,1,36,806.98,806.59,0.9995,8.37,15.72,21.561,539.02,0.000497,0.000414,0.000916,0.00277,360.99,0.16902,0.44804,1.14196,straight,straight
MVI_41063,3,11,1,11,55.99,55.86,0.9977,13.45,13.45,5.593,139.82,0.004186,0.004205,0.004229,0.004231,236.36,0.58799,0.59022,0.59036,unknown,unknown
MVI_41063,4,31,1,31,161.8,161.73,0.9996,0.49,12.61,5.167,129.17,0.001594,0.001603,0.002468,0.003446,290.19,0.21848,0.3664,0.39754,straight,straight
MVI_41063,5,46,1,46,324.43,324.31,0.9996,1.66,15.93,6.861,171.53,0.001225,0.000858,0.003136,0.006704,149.17,0.16113,0.36975,0.59939,straight,straight
MVI_41063,6,71,1,71,790.09,789.87,0.9997,6.42,17.28,9.286,232.15,0.000781,0.000298,0.002478,0.003134,319.07,0.08124,0.29527,0.56205,straight,straight
MVI_41063,7,76,1,76,684.57,684.42,0.9998,1.39,14.95,8.026,200.66,0.000607,0.000418,0.001172,0.002999,333.49,0.08894,0.251,0.36206,straight,straight
MVI_41063,8,31,6,36,652.51,647.05,0.9916,28.85,29.27,22.52,563.0,0.00139,0.000992,0.002285,0.009125,109.58,0.44631,0.82084,1.1709,curved,gentle
MVI_41063,9,6,16,21,77.09,77.06,0.9995,4.94,4.94,15.306,382.65,0.000991,0.000914,0.002056,0.002137,468.05,0.37192,0.80397,0.82488,unknown,unknown
MVI_41063,10,56,16,71,953.64,952.81,0.9991,29.58,37.53,15.337,383.42,0.002804,0.000204,0.006024,0.051967,19.24,0.08092,0.9863,4.22494,curved,gentle
MVI_41063,11,76,16,91,819.39,819.17,0.9997,5.1,20.06,9.368,234.2,0.000837,0.00046,0.002571,0.003228,309.76,0.12729,0.36492,0.40981,straight,straight
MVI_41063,12,71,21,91,930.36,929.98,0.9996,4.5,26.29,11.74,293.49,0.000968,0.000423,0.002932,0.004391,227.76,0.13743,0.46511,0.62412,straight,straight
MVI_41063,13,31,31,61,889.16,885.18,0.9955,20.56,20.82,30.226,755.66,0.00114,0.000495,0.001634,0.014771,67.7,0.26474,0.78426,1.65354,curved,gentle
MVI_41063,14,46,36,81,893.83,892.02,0.998,34.82,38.93,17.527,438.18,0.00308,0.000374,0.005813,0.053495,18.69,0.15473,0.8601,3.79123,curved,gentle
MVI_41063,15,71,36,106,845.64,845.48,0.9998,0.49,13.1,10.447,261.17,0.000379,0.00032,0.000748,0.001437,696.02,0.08651,0.16963,0.29205,straight,straight
MVI_41063,16,1,76,76,0.0,0.0,,,,0.0,0.0,,,,,,,,,unknown,unknown
MVI_41063,17,81,81,161,878.56,878.11,0.9995,11.1,32.07,9.46,236.5,0.001401,0.000522,0.004367,0.008785,113.82,0.13885,0.53131,0.90698,straight,gentle
MVI_41063,18,91,81,171,806.15,805.59,0.9993,9.35,38.27,7.862,196.55,0.001438,0.000592,0.004687,0.008558,116.85,0.16178,0.49444,0.98113,straight,straight
MVI_41063,19,26,86,111,465.84,458.68,0.9846,16.88,46.65,18.448,461.19,0.003083,0.001558,0.007498,0.01707,58.58,0.84053,1.27004,2.13129,straight,gentle
MVI_41063,20,66,86,151,905.62,904.6,0.9989,18.28,39.6,11.856,296.39,0.001667,0.000657,0.004929,0.009677,103.33,0.21636,0.73517,1.26416,straight,gentle
MVI_41063,21,81,101,181,844.65,843.84,0.999,20.44,35.68,9.569,239.23,0.001287,0.000535,0.003886,0.006124,163.28,0.17761,0.49188,1.23343,curved,gentle
MVI_41063,22,66,126,191,827.62,827.29,0.9996,0.57,21.78,11.292,282.29,0.000789,0.000393,0.00228,0.003728,268.21,0.16551,0.41989,0.64505,straight,straight
MVI_41063,23,66,131,196,844.19,843.77,0.9995,0.56,26.36,10.533,263.33,0.001067,0.000389,0.003831,0.005433,184.05,0.15208,0.55389,0.82581,straight,straight
MVI_41063,24,51,131,181,948.63,948.06,0.9994,9.98,16.01,16.4,410.0,0.000412,0.00026,0.00084,0.003281,304.78,0.07857,0.36756,1.34525,straight,straight
MVI_41063,25,51,156,206,926.99,925.72,0.9986,33.25,38.17,16.139,403.47,0.002641,6.6e-05,0.008268,0.037546,26.63,0.0409,1.44762,3.96979,curved,gentle
MVI_41063,26,41,166,206,850.7,848.89,0.9979,32.41,34.73,18.459,461.47,0.003123,0.00036,0.005355,0.056163,17.81,0.18779,0.88717,4.25093,curved,gentle
MVI_41063,27,71,171,241,842.3,842.08,0.9997,3.3,21.44,9.943,248.58,0.000863,0.000352,0.002769,0.003542,282.31,0.11393,0.40368,0.47568,straight,straight
MVI_41063,28,66,181,246,889.32,888.64,0.9992,2.66,24.26,11.914,297.84,0.000818,0.000419,0.001888,0.003726,268.4,0.16688,0.34502,0.58845,straight,straight
MVI_41063,29,41,191,231,844.74,843.9,0.999,24.7,25.29,17.898,447.46,0.002151,0.000113,0.00526,0.031275,31.97,0.09472,0.8728,2.86448,curved,gentle
MVI_41063,30,31,196,226,583.15,578.38,0.9918,12.27,41.7,19.825,495.63,0.002441,0.00087,0.007133,0.012477,80.15,0.64373,1.18644,1.72244,straight,gentle
MVI_41063,31,51,206,256,953.83,953.59,0.9997,14.38,18.53,16.608,415.2,0.001106,0.000126,0.003592,0.013973,71.57,0.07072,0.65794,1.62754,straight,gentle
MVI_41063,32,86,216,301,878.88,878.53,0.9996,0.15,25.92,9.102,227.56,0.000862,0.000441,0.002128,0.00342,292.38,0.13442,0.2825,0.54189,straight,straight
MVI_41063,33,66,221,286,841.8,841.63,0.9998,0.65,9.04,10.79,269.76,0.000334,0.000171,0.001018,0.001333,750.44,0.05462,0.16031,0.22668,straight,straight
MVI_41063,34,81,221,301,829.71,829.47,0.9997,3.91,20.86,9.123,228.08,0.000773,0.000432,0.002192,0.002787,358.87,0.10548,0.29436,0.45027,straight,straight
MVI_41063,35,66,236,301,858.88,858.5,0.9996,1.26,24.03,10.883,272.08,0.000861,0.000511,0.002077,0.004396,227.47,0.17315,0.36653,0.67071,straight,straight
MVI_41063,36,51,246,296,947.35,945.1,0.9976,0.01,40.22,17.719,442.98,0.002377,0.000462,0.006865,0.02218,45.09,0.27423,1.18331,1.78016,straight,straight
MVI_41063,37,51,246,296,964.47,963.64,0.9991,13.7,37.77,17.273,431.82,0.002434,0.000373,0.004131,0.045143,22.15,0.15996,0.8691,3.59415,straight,gentle
MVI_41063,38,86,281,366,847.24,846.88,0.9996,6.32,27.32,8.6,215.0,0.000934,0.000478,0.002737,0.006401,156.22,0.11876,0.38728,1.03785,straight,straight
MVI_41063,39,66,291,356,860.67,859.9,0.9991,15.34,38.65,11.469,286.72,0.00176,0.000602,0.007446,0.008813,113.47,0.19179,1.07489,1.32738,straight,gentle
MVI_41063,40,71,301,371,869.84,869.59,0.9997,3.06,16.3,11.03,275.75,0.000529,0.000403,0.001194,0.00154,649.18,0.12041,0.26307,0.47644,straight,straight
MVI_41063,41,81,321,401,888.73,888.29,0.9995,5.65,26.79,9.851,246.28,0.001112,0.0006,0.00333,0.004907,203.77,0.16488,0.41825,0.89786,straight,straight
MVI_41063,42,51,331,381,916.55,915.28,0.9986,2.15,30.85,16.499,412.49,0.002073,0.000228,0.007704,0.018682,53.53,0.1461,0.9077,1.59231,straight,straight
MVI_41063,43,56,331,386,871.31,871.0,0.9996,12.71,25.83,12.95,323.74,0.002455,0.000323,0.003668,0.054144,18.47,0.13615,0.55519,2.35134,straight,gentle
MVI_41063,44,66,331,396,874.37,873.94,0.9995,7.93,21.11,11.326,283.15,0.000669,0.0004,0.00176,0.002357,424.2,0.16275,0.35031,0.54055,straight,straight
MVI_41063,45,91,351,441,852.06,851.77,0.9997,3.61,22.08,8.111,202.77,0.000853,0.000319,0.002827,0.005667,176.45,0.0631,0.2895,0.70014,straight,straight
MVI_41063,46,81,366,446,879.12,878.28,0.999,19.77,24.68,9.827,245.67,0.000682,0.000258,0.001894,0.008764,114.1,0.06441,0.28472,2.04827,straight,gentle
MVI_41063,47,71,371,441,896.01,895.13,0.999,12.67,38.3,10.991,274.78,0.001285,0.000704,0.002803,0.006014,166.27,0.24615,0.43375,0.80789,straight,gentle
MVI_41063,48,51,386,436,945.04,944.91,0.9999,2.82,14.38,17.452,436.31,0.000699,0.000165,0.001721,0.007174,139.39,0.07619,0.38835,0.85808,straight,straight
MVI_41063,49,86,396,481,834.62,834.04,0.9993,8.09,26.81,8.807,220.18,0.000842,0.000371,0.002827,0.004769,209.7,0.07852,0.44606,1.20318,straight,straight
MVI_41063,50,41,401,441,852.83,851.35,0.9983,15.66,17.41,18.437,460.92,0.000669,0.000267,0.002282,0.003533,283.04,0.09902,0.43888,0.70899,straight,gentle
MVI_41063,51,81,401,481,902.57,901.79,0.9991,16.38,28.36,9.692,242.29,0.000727,0.000395,0.001335,0.007285,137.27,0.08902,0.3308,1.7968,straight,gentle
MVI_41063,52,26,406,431,535.25,531.12,0.9923,32.59,32.59,22.289,557.23,0.001917,0.001032,0.00371,0.01522,65.7,0.50613,0.86904,1.86961,curved,gentle
MVI_41063,53,41,431,471,912.25,909.39,0.9969,6.62,23.47,20.224,505.59,0.001543,0.000462,0.00243,0.021906,45.65,0.24083,0.60294,1.53788,straight,straight
MVI_41063,54,26,461,486,681.67,676.65,0.9926,31.44,31.44,28.17,704.25,0.001748,0.000648,0.003699,0.0162,61.73,0.43973,0.9379,2.52688,curved,gentle
MVI_41063,55,81,461,541,868.56,868.19,0.9996,6.7,26.66,9.561,239.02,0.000936,0.000287,0.003246,0.007871,127.05,0.074,0.5089,1.65315,straight,straight
MVI_41063,56,36,491,526,826.51,824.27,0.9973,34.5,35.14,20.044,501.09,0.002383,0.000214,0.007799,0.024722,40.45,0.17121,1.48021,3.20234,curved,gentle
MVI_41063,57,66,526,591,897.65,897.18,0.9995,14.74,25.21,12.274,306.84,0.000782,0.000368,0.002492,0.003542,282.32,0.11058,0.44786,1.22397,straight,gentle
MVI_41063,58,81,541,621,821.71,821.46,0.9997,2.1,23.32,8.727,218.17,0.001125,0.000646,0.002661,0.005193,192.58,0.15474,0.39705,0.50768,straight,straight
MVI_41063,59,76,546,621,797.93,797.66,0.9997,3.49,18.74,10.549,263.71,0.00063,0.000497,0.001278,0.002552,391.92,0.13409,0.24689,0.32615,straight,straight
MVI_41063,60,46,561,606,850.3,850.16,0.9998,3.14,10.47,15.849,396.23,0.000395,0.000159,0.001147,0.001824,548.26,0.09091,0.23883,0.31211,straight,straight
MVI_41063,61,81,576,656,862.91,862.41,0.9994,3.99,32.02,9.202,230.05,0.001229,0.000726,0.002716,0.006534,153.04,0.17748,0.49848,0.67106,straight,straight
MVI_41063,62,36,581,616,665.05,658.7,0.9904,37.01,42.04,19.486,487.14,0.002615,0.000836,0.006144,0.02831,35.32,0.3239,1.1161,3.10189,curved,gentle
MVI_41063,63,46,581,626,945.81,944.39,0.9985,32.35,36.66,18.771,469.28,0.002775,0.000239,0.007095,0.041167,24.29,0.12618,1.18621,3.84155,curved,gentle
MVI_41063,64,66,581,646,912.36,912.2,0.9998,4.44,11.34,12.733,318.32,0.000352,0.000139,0.001057,0.001103,906.42,0.05692,0.17483,0.25759,straight,straight
MVI_41063,65,71,591,661,793.13,792.84,0.9996,5.71,16.77,9.971,249.29,0.000711,0.000285,0.00214,0.003184,314.02,0.07831,0.37822,0.50169,straight,straight
MVI_41063,66,36,601,636,860.61,856.26,0.9949,32.75,32.75,23.229,580.73,0.001848,0.000371,0.004196,0.021512,46.49,0.37323,0.79093,2.36046,curved,gentle
MVI_41063,67,56,601,656,907.74,906.89,0.9991,29.24,34.81,13.878,346.96,0.003411,0.000233,0.008746,0.054477,18.36,0.09104,1.06819,3.14489,curved,gentle
MVI_41063,68,81,616,696,881.11,880.64,0.9995,15.15,30.1,9.394,234.84,0.00103,0.000487,0.003002,0.006843,146.14,0.10733,0.40053,1.49596,straight,gentle
MVI_41063,69,46,621,666,863.31,860.12,0.9963,1.99,41.31,16.296,407.41,0.002618,0.000634,0.010888,0.020923,47.79,0.23332,1.27012,1.96445,straight,straight
MVI_41063,70,76,631,706,806.7,806.62,0.9999,0.22,8.55,9.878,246.95,0.000368,0.00023,0.000924,0.001324,755.14,0.06637,0.1273,0.18114,straight,straight
MVI_41063,71,66,636,701,849.51,849.02,0.9994,2.07,24.7,11.359,283.97,0.000811,0.000569,0.002045,0.003286,304.32,0.13543,0.43237,0.63394,straight,straight
MVI_41063,72,36,666,701,645.47,638.85,0.9897,1.56,49.29,19.843,496.07,0.003336,0.001003,0.010653,0.023985,41.69,0.41052,1.62185,2.79023,straight,straight
MVI_41063,73,76,666,741,833.65,833.46,0.9998,4.23,13.95,9.422,235.56,0.000517,0.00026,0.001236,0.002661,375.77,0.0806,0.17988,0.35429,straight,straight
MVI_41063,74,41,686,726,851.41,848.91,0.9971,36.03,38.69,18.56,464.0,0.003192,0.000433,0.005401,0.055425,18.04,0.16667,0.89449,4.22378,curved,gentle
MVI_41063,75,56,696,751,966.07,965.47,0.9994,16.62,30.89,15.474,386.85,0.002309,0.000246,0.005289,0.038015,26.31,0.13673,0.69704,2.57095,straight,gentle
MVI_41063,76,66,716,781,861.01,860.55,0.9995,6.39,15.33,11.209,280.22,0.000411,0.000339,0.000816,0.001689,592.08,0.10751,0.21367,0.30743,straight,straight
MVI_41063,77,51,721,771,961.74,960.46,0.9987,4.59,33.13,17.703,442.57,0.002366,0.000214,0.007063,0.026595,37.6,0.13933,0.96164,2.05005,straight,straight
MVI_41063,78,76,736,811,830.86,830.67,0.9998,3.39,22.06,9.735,243.38,0.000976,0.000301,0.003685,0.004636,215.7,0.09129,0.48578,0.59937,straight,straight
MVI_41063,79,66,746,811,885.79,885.5,0.9997,7.29,20.23,12.174,304.34,0.000709,0.000335,0.002183,0.002863,349.31,0.1153,0.35467,0.42706,straight,straight
MVI_41063,80,56,751,806,927.58,926.87,0.9992,25.36,33.8,14.154,353.85,0.003488,0.000172,0.005202,0.081636,12.25,0.07614,0.75961,4.24506,curved,gentle
MVI_41063,81,76,751,826,861.73,861.38,0.9996,1.02,21.69,10.101,252.52,0.000749,0.000572,0.001727,0.001977,505.94,0.14384,0.32515,0.54232,straight,straight
MVI_41063,82,136,751,886,858.73,858.11,0.9993,7.84,57.78,5.644,141.09,0.00244,0.001227,0.006835,0.012331,81.09,0.17621,0.52356,1.06572,straight,straight
MVI_41063,83,31,766,796,533.55,528.56,0.9907,13.81,43.57,18.228,455.69,0.002807,0.001231,0.007149,0.018442,54.22,0.74778,1.11638,2.09984,straight,gentle
MVI_41063,84,86,771,856,851.38,851.17,0.9998,5.72,17.08,9.173,229.31,0.000467,0.000408,0.00101,0.001502,665.65,0.09079,0.22255,0.35405,straight,straight
MVI_41063,85,51,776,826,906.89,904.63,0.9975,7.48,42.03,16.043,401.09,0.002541,0.000365,0.008555,0.021839,45.79,0.15197,1.04594,1.73464,straight,straight
MVI_41063,86,91,776,866,901.46,900.43,0.9989,23.52,48.57,8.428,210.71,0.001751,0.000619,0.00462,0.013714,72.92,0.1648,0.76334,1.21242,curved,gentle
MVI_41063,87,76,781,856,893.05,892.63,0.9995,5.55,27.68,9.731,243.28,0.00113,0.000669,0.002867,0.0054,185.18,0.16565,0.4201,0.51737,straight,straight
MVI_41063,88,16,796,811,290.07,285.31,0.9836,34.72,34.72,19.609,490.22,0.002523,0.00201,0.003827,0.008623,115.96,1.0774,1.47361,1.59852,curved,gentle
MVI_41063,89,86,801,886,866.28,865.61,0.9992,1.79,35.89,8.463,211.59,0.001329,0.000889,0.002905,0.005163,193.67,0.21015,0.47295,0.72072,straight,straight
MVI_41063,90,101,806,906,873.31,872.73,0.9993,14.34,33.38,7.822,195.54,0.001076,0.000514,0.002496,0.007011,142.63,0.1226,0.37945,1.22319,straight,gentle
MVI_41063,91,56,821,876,888.42,887.93,0.9994,5.41,16.66,13.396,334.9,0.000862,0.00015,0.003326,0.005856,170.77,0.08436,0.33925,0.83832,straight,straight
MVI_41063,92,86,836,921,834.26,834.03,0.9997,2.4,18.25,8.113,202.82,0.000683,0.000412,0.001888,0.002773,360.64,0.09514,0.24352,0.44049,straight,straight
MVI_41063,93,71,851,921,906.71,906.09,0.9993,8.74,25.55,11.232,280.79,0.000652,0.00047,0.001612,0.002345,426.41,0.11995,0.41043,0.92747,straight,straight
MVI_41063,94,51,866,916,965.58,963.5,0.9978,2.54,28.28,17.185,429.63,0.001114,0.000476,0.003615,0.00743,134.6,0.20365,0.64621,1.13941,straight,straight
MVI_41063,95,76,886,961,821.31,821.07,0.9997,1.45,18.12,9.379,234.47,0.000741,0.000481,0.002032,0.003286,304.3,0.13168,0.26583,0.35556,straight,straight
MVI_41063,96,31,896,926,518.36,513.3,0.9902,48.28,48.28,17.303,432.57,0.003278,0.001214,0.009609,0.024216,41.3,0.65443,1.70614,3.15956,curved,sharp
MVI_41063,97,71,911,981,860.53,860.41,0.9999,0.85,11.41,10.434,260.85,0.000414,0.000288,0.000938,0.001508,663.27,0.0886,0.17216,0.23814,straight,straight
MVI_41063,98,51,916,966,954.91,953.14,0.9981,35.54,41.91,17.903,447.57,0.003845,0.000273,0.005901,0.081615,12.25,0.15677,0.9613,5.53875,curved,gentle
MVI_41063,99,51,921,971,939.79,939.21,0.9994,26.67,34.08,16.858,421.45,0.003254,0.000156,0.005001,0.073555,13.6,0.07471,0.87921,5.27759,curved,gentle
MVI_41063,100,36,936,971,610.34,604.97,0.9912,13.23,39.8,17.731,443.26,0.002595,0.000931,0.006545,0.020956,47.72,0.42488,0.94796,1.94836,straight,gentle
MVI_41063,101,81,941,1021,791.84,791.64,0.9998,1.83,18.31,8.587,214.68,0.000559,0.000395,0.001174,0.002084,479.78,0.10542,0.22029,0.25212,straight,straight
MVI_41063,102,61,946,1006,957.67,957.21,0.9995,17.28,22.89,14.066,351.65,0.001791,0.000199,0.005169,0.028334,35.29,0.07841,0.58155,1.59303,straight,gentle
MVI_41063,103,31,976,1006,567.47,562.18,0.9907,37.56,37.56,19.81,495.24,0.002524,0.000829,0.006545,0.021004,47.61,0.3659,1.19667,2.60371,curved,gentle
MVI_41063,104,66,976,1041,876.31,875.99,0.9996,8.39,14.59,11.667,291.67,0.000424,0.000188,0.001009,0.002023,494.32,0.06147,0.31834,0.56806,straight,straight
MVI_41063,105,66,981,1046,853.15,852.93,0.9997,0.08,14.44,11.533,288.33,0.000517,0.000312,0.001183,0.00186,537.61,0.09852,0.27595,0.49743,straight,straight
MVI_41063,106,41,991,1031,885.51,883.93,0.9982,30.87,35.54,19.159,478.98,0.002181,0.000326,0.006356,0.025573,39.1,0.19613,1.2596,3.18635,curved,gentle
MVI_41063,107,31,1001,1031,601.48,594.87,0.989,21.87,29.78,21.0,524.99,0.001209,0.000982,0.002586,0.003985,250.94,0.29527,1.00492,1.15815,curved,gentle
MVI_41063,108,51,1006,1056,925.01,922.83,0.9976,14.63,17.7,16.366,409.15,0.000686,0.000427,0.001482,0.006567,152.28,0.15297,0.32361,0.5948,straight,gentle
MVI_41063,109,66,1021,1086,860.7,860.25,0.9995,11.12,30.47,10.6,265.01,0.001534,0.000517,0.003345,0.012853,77.81,0.15498,0.67594,1.27467,straight,gentle
MVI_41063,110,60,1067,1126,290.5,290.28,0.9993,11.53,28.76,4.764,119.09,0.00196,0.00161,0.003717,0.007283,137.31,0.21241,0.37997,0.89475,straight,gentle
MVI_41063,111,81,1026,1106,830.19,829.18,0.9988,3.12,38.43,9.707,242.67,0.001442,0.001066,0.003907,0.005724,174.7,0.23644,0.48141,0.91083,straight,straight
MVI_41063,112,76,1036,1111,897.51,896.74,0.9991,14.67,23.15,10.297,257.42,0.000666,0.000412,0.001312,0.006344,157.62,0.09875,0.31179,1.63995,straight,gentle
MVI_41063,113,121,1061,1181,836.14,835.03,0.9987,18.64,82.42,6.304,157.6,0.003078,0.001623,0.008287,0.015295,65.38,0.28522,0.76804,1.21041,straight,gentle
MVI_41063,114,56,1076,1131,973.97,971.09,0.997,21.86,61.71,16.02,400.5,0.004449,0.000366,0.00682,0.092772,10.78,0.12385,1.51884,6.44165,curved,gentle
MVI_41063,115,71,1076,1146,801.91,801.82,0.9999,0.92,12.67,9.89,247.24,0.000535,0.000307,0.001483,0.002205,453.43,0.06915,0.22206,0.3094,straight,straight
MVI_41063,116,41,1081,1121,907.69,905.9,0.998,24.36,28.59,20.974,524.35,0.001595,0.00037,0.003373,0.021511,46.49,0.24692,0.69128,2.37722,curved,gentle
MVI_41063,117,66,1081,1146,868.64,868.2,0.9995,9.52,28.45,12.075,301.88,0.000964,0.000563,0.00245,0.003647,274.17,0.17516,0.44879,0.53345,straight,straight
MVI_41063,118,31,1096,1126,527.47,521.68,0.989,34.53,34.53,18.774,469.35,0.001742,0.001029,0.004191,0.007467,133.91,0.52839,0.92065,1.23647,curved,gentle
MVI_41063,119,76,1096,1171,901.05,900.73,0.9996,6.49,20.62,10.073,251.81,0.00062,0.000437,0.00163,0.002595,385.38,0.11399,0.29263,0.37337,straight,straight
MVI_41063,120,81,1101,1181,840.0,839.61,0.9995,5.0,30.38,8.971,224.27,0.001335,0.000339,0.005194,0.007829,127.73,0.11128,0.64155,0.91705,straight,straight
MVI_41063,121,66,1116,1181,846.41,845.94,0.9994,6.33,23.8,11.147,278.66,0.000851,0.000449,0.002368,0.003892,256.96,0.11795,0.46236,0.81041,straight,straight
MVI_41063,122,71,1126,1196,840.62,840.44,0.9998,3.42,20.65,10.267,256.68,0.00091,0.000397,0.003183,0.005707,175.22,0.11631,0.42319,0.58038,straight,straight
MVI_41063,123,41,1131,1171,860.48,859.22,0.9985,21.52,22.63,18.227,455.68,0.001845,0.00026,0.002858,0.029228,34.21,0.18653,0.63635,1.82976,curved,gentle
MVI_41063,124,31,1131,1161,500.52,494.45,0.9879,20.15,38.24,17.712,442.79,0.001916,0.001216,0.00377,0.006783,147.43,0.5347,0.82032,0.94092,curved,gentle
MVI_41063,125,76,1146,1221,926.52,926.38,0.9998,5.45,18.44,10.415,260.36,0.000758,0.000361,0.002087,0.002742,364.7,0.13454,0.28609,0.60507,straight,straight
MVI_41063,126,56,1151,1206,896.88,895.59,0.9986,35.27,42.48,13.716,342.91,0.003606,0.000228,0.008849,0.053774,18.6,0.13295,1.10028,3.54151,curved,gentle
MVI_41063,127,56,1181,1236,974.4,972.02,0.9976,11.2,48.72,15.878,396.95,0.002894,0.000421,0.009449,0.026384,37.9,0.21159,1.15203,2.03239,straight,gentle
MVI_41063,128,61,1191,1251,961.51,960.98,0.9994,17.39,29.33,14.117,352.93,0.001969,0.000312,0.003652,0.020391,49.04,0.14979,0.70332,1.40774,straight,gentle
MVI_41063,129,61,1191,1251,841.56,841.3,0.9997,1.55,17.32,12.389,309.74,0.000569,0.00034,0.002248,0.002717,367.99,0.07566,0.36211,0.423,straight,straight
MVI_41063,130,76,1216,1291,869.12,868.96,0.9998,4.73,16.21,9.873,246.82,0.000628,0.000274,0.002107,0.002598,384.95,0.07365,0.2584,0.35976,straight,straight
MVI_41063,131,71,1221,1291,916.53,916.15,0.9996,10.94,24.54,11.155,278.87,0.000786,0.000444,0.002133,0.003226,309.98,0.14493,0.35434,0.52456,straight,gentle
MVI_41063,132,81,1221,1301,808.47,808.12,0.9996,8.43,16.3,9.112,227.8,0.00056,0.000279,0.001729,0.001971,507.27,0.09255,0.20789,0.39446,straight,straight
MVI_41063,133,66,1226,1291,819.14,819.0,0.9998,1.67,11.94,10.771,269.27,0.000519,0.000157,0.001926,0.003101,322.5,0.05313,0.27352,0.40357,straight,straight
MVI_41063,134,51,1241,1291,917.62,916.02,0.9983,22.63,27.97,16.332,408.29,0.001548,0.000408,0.003131,0.022425,44.59,0.21914,0.58029,1.5378,curved,gentle
MVI_41063,135,81,1241,1321,885.76,885.14,0.9993,18.09,32.66,9.368,234.2,0.001376,0.000842,0.002915,0.010368,96.45,0.17778,0.5344,0.93008,straight,gentle
MVI_41063,136,26,1251,1276,533.7,529.18,0.9915,39.17,39.17,22.846,571.16,0.002291,0.000684,0.006029,0.014924,67.01,0.46335,1.49177,2.73837,curved,gentle
MVI_41063,137,81,1256,1336,845.17,845.08,0.9999,6.12,14.8,8.005,200.13,0.000682,0.000182,0.001906,0.004804,208.15,0.04701,0.22733,0.45597,straight,straight
MVI_41063,138,59,1261,1319,945.26,944.45,0.9991,34.17,50.66,14.153,353.83,0.005181,0.000299,0.006533,0.13055,7.66,0.11329,0.94002,6.99188,curved,gentle
MVI_41063,139,106,1266,1371,848.38,847.47,0.9989,19.24,53.08,6.832,170.8,0.002083,0.001234,0.005787,0.011958,83.62,0.21073,0.58025,2.03362,straight,gentle
MVI_41063,140,61,1281,1341,814.49,814.15,0.9996,6.26,21.37,11.53,288.25,0.000917,0.000484,0.002702,0.003938,253.94,0.11344,0.42492,0.52451,straight,straight
MVI_41063,141,81,1281,1361,884.25,883.82,0.9995,5.89,27.28,9.119,227.99,0.000942,0.000404,0.002814,0.003554,281.37,0.12449,0.38009,0.47948,straight,straight
MVI_41063,142,81,1281,1361,838.36,837.7,0.9992,12.79,24.72,9.759,243.98,0.000902,0.000349,0.003039,0.003774,265.0,0.08424,0.44043,0.52423,straight,gentle
MVI_41063,143,31,1291,1321,708.51,703.27,0.9926,42.24,43.22,23.661,591.53,0.002968,0.000446,0.007691,0.032764,30.52,0.20952,1.80699,4.7486,curved,gentle
MVI_41063,144,56,1291,1346,878.84,878.23,0.9993,16.6,27.43,13.432,335.81,0.002141,0.000247,0.005682,0.032212,31.04,0.11079,0.72881,1.92154,straight,gentle
MVI_41063,145,106,1316,1421,873.6,872.82,0.9991,5.88,48.39,7.294,182.34,0.001828,0.000629,0.005146,0.008949,111.75,0.1291,0.67828,1.05108,straight,straight
MVI_41063,146,52,1330,1381,874.1,873.92,0.9998,2.38,11.88,13.817,345.43,0.000362,0.000171,0.001119,0.001852,540.1,0.11442,0.19314,0.24839,straight,straight
MVI_41063,147,66,1331,1396,868.7,868.16,0.9994,8.92,34.06,11.284,282.09,0.00159,0.000441,0.004977,0.009764,102.42,0.15926,0.74509,1.25435,straight,straight
MVI_41063,148,76,1336,1411,825.14,824.95,0.9998,2.27,16.13,9.886,247.15,0.000554,0.00034,0.001297,0.001908,523.97,0.09177,0.22044,0.29197,straight,straight
MVI_41063,149,46,1346,1391,865.12,862.29,0.9967,41.09,45.38,16.769,419.21,0.003263,0.000559,0.008046,0.046557,21.48,0.21483,1.1882,3.84096,curved,gentle
MVI_41063,150,66,1351,1416,860.38,859.93,0.9995,1.98,22.08,11.501,287.53,0.000731,0.000372,0.002396,0.00303,330.04,0.12067,0.38669,0.52044,straight,straight
MVI_41063,151,76,1361,1436,874.23,873.97,0.9997,10.87,16.49,10.217,255.42,0.000479,0.000245,0.000704,0.007297,137.04,0.07374,0.1658,1.47577,straight,gentle
MVI_41063,152,26,1371,1396,533.78,529.01,0.9911,42.35,42.46,22.196,554.91,0.002529,0.001209,0.006968,0.016906,59.15,0.80783,1.57838,2.85858,curved,gentle
MVI_41063,153,51,1376,1426,924.9,924.46,0.9995,6.14,23.46,16.762,419.05,0.001107,0.000251,0.003323,0.012722,78.6,0.12023,0.62819,1.53746,straight,straight
MVI_41063,154,71,1396,1466,898.18,897.49,0.9992,0.84,36.5,11.328,283.2,0.001144,0.000608,0.003126,0.006473,154.49,0.17978,0.66268,1.04326,straight,straight
MVI_41063,155,21,1396,1416,322.84,318.11,0.9853,31.08,31.08,17.233,430.83,0.001979,0.001672,0.003646,0.004445,224.95,0.50731,1.21711,1.40288,curved,gentle
MVI_41063,156,80,1426,1505,864.78,864.61,0.9998,0.79,18.77,9.182,229.55,0.00069,0.000408,0.001637,0.002441,409.64,0.09707,0.24678,0.3543,straight,straight
MVI_41063,157,80,1426,1505,857.88,857.59,0.9997,1.61,21.64,9.482,237.06,0.000779,0.000342,0.002133,0.004757,210.22,0.11908,0.31382,0.45795,straight,straight
MVI_41063,158,80,1426,1505,800.08,799.69,0.9995,6.83,22.39,9.082,227.05,0.000813,0.000581,0.001682,0.002569,389.26,0.14817,0.3107,0.45885,straight,straight
MVI_41063,159,51,1426,1476,866.07,865.83,0.9997,3.88,13.62,13.942,348.54,0.000721,0.000323,0.001903,0.008282,120.75,0.121,0.30287,0.44338,straight,straight
MVI_41063,160,55,1451,1505,809.59,809.35,0.9997,7.41,11.79,13.856,346.4,0.000435,0.000282,0.000986,0.002099,476.33,0.08189,0.28331,0.43765,straight,straight
MVI_41063,161,55,1451,1505,733.42,733.05,0.9995,11.89,16.38,12.749,318.73,0.000505,0.00024,0.000965,0.004712,212.22,0.06439,0.35913,1.17008,straight,gentle
MVI_41063,162,46,1456,1501,933.83,931.77,0.9978,4.27,26.84,18.953,473.83,0.001282,0.000436,0.003721,0.009729,102.79,0.22293,0.70251,0.88307,straight,straight
MVI_41063,163,45,1461,1505,702.22,701.83,0.9995,12.98,16.81,15.022,375.55,0.000593,0.000374,0.000933,0.005049,198.07,0.13591,0.42035,1.3386,straight,gentle
MVI_41063,164,40,1466,1505,515.87,514.93,0.9982,34.53,40.06,11.953,298.83,0.004941,0.000378,0.013094,0.066438,15.05,0.12053,1.66103,4.91312,curved,gentle
MVI_41063,165,10,1496,1505,68.88,67.89,0.9856,42.77,42.77,7.447,186.17,0.017697,0.008735,0.042894,0.067208,14.88,1.61795,4.55642,6.16697,unknown,unknown
MVI_41063,166,91,1141,1231,843.36,842.78,0.9993,12.26,43.54,8.03,200.74,0.00167,0.000856,0.003713,0.008667,115.38,0.17264,0.57299,0.8729,straight,gentle
MVI_41063,167,42,1325,1366,892.02,888.97,0.9966,12.12,16.37,20.417,510.42,0.000304,0.00023,0.000623,0.000912,1096.75,0.09662,0.49331,0.80008,straight,gentle
MVI_41073,1,51,1,51,926.78,925.88,0.999,19.67,36.68,16.136,403.4,0.002348,0.00027,0.005942,0.036799,27.17,0.10898,1.03131,3.47788,straight,gentle
MVI_41073,2,36,1,36,527.5,526.42,0.998,8.22,20.34,14.065,351.63,0.001207,0.000267,0.003574,0.00586,170.65,0.14551,0.80851,1.17198,straight,straight
MVI_41073,3,6,1,6,132.73,132.73,1.0,0.2,0.21,26.504,662.59,2.6e-05,2.6e-05,5e-05,5.1e-05,19695.71,0.01717,0.03351,0.03371,unknown,unknown
MVI_41073,4,41,1,41,685.53,685.39,0.9998,4.82,9.06,16.657,416.43,0.000296,0.000196,0.000568,0.001708,585.62,0.08724,0.28211,0.5875,straight,straight
MVI_41073,5,61,1,61,770.05,769.91,0.9998,5.63,15.53,12.136,303.41,0.000625,0.000262,0.001923,0.004663,214.44,0.09599,0.33988,0.64874,straight,straight
MVI_41073,6,21,6,26,507.2,499.87,0.9856,41.19,41.19,27.322,683.06,0.001906,0.001209,0.003786,0.008606,116.19,0.93931,1.27093,2.19732,curved,gentle
MVI_41073,7,61,6,66,861.53,861.06,0.9995,2.24,21.03,12.05,301.26,0.000784,0.000383,0.002203,0.003748,266.83,0.16725,0.49743,0.86897,straight,straight
MVI_41073,8,66,6,71,840.85,840.67,0.9998,7.03,13.74,10.822,270.55,0.000521,0.000305,0.001477,0.002374,421.26,0.10229,0.22542,0.31766,straight,straight
MVI_41073,9,71,26,96,889.84,889.53,0.9997,9.57,22.92,10.974,274.34,0.000899,0.000284,0.002308,0.005443,183.72,0.10717,0.45023,0.70469,straight,straight
MVI_41073,10,46,36,81,922.83,920.82,0.9978,28.66,32.53,18.751,468.78,0.001432,0.000372,0.004318,0.015097,66.24,0.24403,0.88382,2.03929,curved,gentle
MVI_41073,11,61,41,101,864.73,864.39,0.9996,6.42,17.45,12.069,301.72,0.000456,0.000342,0.00104,0.001318,758.81,0.16596,0.30583,0.4119,straight,straight
MVI_41073,12,96,56,151,894.22,893.63,0.9993,8.0,27.9,8.583,214.58,0.000979,0.000405,0.003032,0.005668,176.42,0.10534,0.32224,0.65857,straight,straight
MVI_41073,13,76,61,136,867.28,867.06,0.9998,4.58,16.18,9.878,246.94,0.000588,0.000345,0.001658,0.002068,483.48,0.09712,0.24011,0.32886,straight,straight
MVI_41073,14,66,76,141,931.19,930.42,0.9992,9.5,19.62,12.52,313.01,0.00058,0.000415,0.001308,0.003098,322.79,0.11729,0.36745,0.9117,straight,straight
MVI_41073,15,71,81,151,918.78,918.5,0.9997,4.14,19.0,11.661,291.54,0.000687,0.000383,0.001708,0.003226,309.96,0.13174,0.32503,0.42299,straight,straight
MVI_41073,16,21,91,111,524.08,517.33,0.9871,46.58,46.58,29.175,729.38,0.002906,0.001249,0.00622,0.021467,46.58,1.06037,1.79853,4.10746,curved,sharp
MVI_41073,17,71,131,201,876.46,876.21,0.9997,9.1,24.04,10.763,269.07,0.000912,0.000464,0.002296,0.004206,237.78,0.14959,0.38963,0.54095,straight,straight
MVI_41073,18,66,136,201,921.78,921.1,0.9993,7.16,27.27,12.004,300.11,0.000666,0.000504,0.001421,0.001952,512.26,0.15691,0.49613,0.84196,straight,straight
MVI_41073,19,56,141,196,946.18,945.39,0.9992,13.77,28.04,14.847,371.19,0.001566,0.000324,0.004101,0.019466,51.37,0.15239,0.58883,1.44659,straight,gentle
MVI_41073,20,101,141,241,873.88,873.32,0.9994,1.46,36.17,7.438,185.95,0.001236,0.000895,0.003044,0.005673,176.27,0.16563,0.42191,0.79587,straight,straight
MVI_41073,21,66,156,221,858.81,858.59,0.9997,5.42,8.66,11.651,291.27,0.000218,0.000156,0.000428,0.000729,1372.43,0.0493,0.17982,0.22316,straight,straight
MVI_41073,22,41,161,201,856.72,853.02,0.9957,31.68,32.79,18.861,471.53,0.001376,0.000338,0.004024,0.013211,75.7,0.12148,0.87154,1.67643,curved,gentle
MVI_41073,23,21,176,196,462.97,458.09,0.9894,34.4,34.4,23.211,580.27,0.001875,0.001153,0.004044,0.0091,109.89,0.72206,1.11825,1.92023,curved,gentle
MVI_41073,24,91,181,271,877.08,876.75,0.9996,0.92,27.06,8.345,208.63,0.000894,0.000567,0.002495,0.003712,269.42,0.10963,0.33816,0.6501,straight,straight
MVI_41073,25,41,206,246,877.86,874.41,0.9961,35.41,38.74,19.686,492.15,0.001836,0.000511,0.00562,0.014703,68.01,0.32373,1.01072,1.91894,curved,gentle
MVI_41073,26,81,216,296,908.82,908.57,0.9997,6.64,18.69,9.916,247.91,0.000736,0.000404,0.001748,0.004721,211.82,0.09585,0.26673,0.45948,straight,straight
MVI_41073,27,76,246,321,840.59,840.39,0.9998,4.05,12.43,9.734,243.35,0.000331,0.00018,0.000952,0.001539,649.61,0.06874,0.19256,0.29234,straight,straight
MVI_41073,28,36,256,291,878.18,873.64,0.9948,38.14,39.82,23.484,587.11,0.001675,0.000344,0.004968,0.015478,64.61,0.1836,1.2148,2.59724,curved,gentle
MVI_41073,29,66,271,336,882.22,882.04,0.9998,0.09,17.27,11.559,288.98,0.000541,0.000267,0.001384,0.003347,298.8,0.09963,0.30843,0.41479,straight,straight
MVI_41073,30,76,291,366,846.65,846.49,0.9998,3.24,17.28,9.835,245.86,0.000698,0.000226,0.002037,0.004763,209.95,0.0812,0.29679,0.55006,straight,straight
MVI_41073,31,41,301,341,922.18,919.08,0.9966,40.87,43.08,20.622,515.55,0.002442,0.000299,0.007194,0.026704,37.45,0.1939,1.40014,3.35662,curved,gentle
MVI_41073,32,21,321,341,483.39,476.36,0.9855,46.9,46.9,25.617,640.41,0.002639,0.001246,0.006408,0.014045,71.2,0.94906,1.94946,3.28951,curved,sharp
MVI_41073,33,71,356,426,832.48,832.37,0.9999,0.83,11.55,10.242,256.04,0.000398,0.000277,0.000854,0.001461,684.32,0.07622,0.1695,0.20441,straight,straight
MVI_41073,34,56,381,436,990.81,990.18,0.9994,5.57,19.61,16.005,400.12,0.001012,0.000139,0.003448,0.011212,89.19,0.06586,0.56553,0.81761,straight,straight
MVI_41073,35,81,396,476,905.43,905.24,0.9998,2.61,16.92,10.104,252.6,0.000549,0.000387,0.001234,0.001869,534.94,0.10455,0.23094,0.42568,straight,straight
MVI_41073,36,51,411,461,890.96,890.21,0.9992,21.06,29.71,15.297,382.43,0.002382,0.00018,0.005694,0.038318,26.1,0.09998,0.81525,2.90602,curved,gentle
MVI_41073,37,76,411,486,833.46,833.28,0.9998,4.12,16.44,9.82,245.51,0.000593,0.00033,0.001642,0.002165,461.86,0.08742,0.22611,0.37115,straight,straight
MVI_41073,38,36,416,451,799.16,797.18,0.9975,21.01,21.21,20.258,506.46,0.001044,0.00041,0.001966,0.011453,87.31,0.27211,0.5669,1.23821,curved,gentle
MVI_41073,39,41,431,471,942.52,940.41,0.9978,24.5,25.79,22.746,568.64,0.001256,0.000273,0.003584,0.013281,75.3,0.16359,0.75723,1.81344,curved,gentle
MVI_41073,40,66,431,496,884.98,884.77,0.9998,5.3,18.65,11.566,289.14,0.000733,0.000307,0.002011,0.004186,238.88,0.12403,0.33516,0.54907,straight,straight
MVI_41073,41,76,431,506,906.81,906.23,0.9994,7.04,29.35,10.961,274.01,0.000972,0.00055,0.002233,0.007005,142.76,0.15999,0.37937,1.65877,straight,straight
MVI_41073,42,16,446,461,395.61,391.68,0.9901,35.74,35.74,27.108,677.69,0.002491,0.001157,0.005954,0.012215,81.86,0.78667,2.02002,3.28042,curved,gentle
MVI_41073,43,91,446,536,865.36,865.12,0.9997,7.88,28.29,8.519,212.96,0.00094,0.000505,0.002784,0.005251,190.45,0.11739,0.38251,0.98369,straight,straight
MVI_41073,44,66,466,531,736.85,736.71,0.9998,2.56,14.16,9.868,246.7,0.000578,0.000358,0.001298,0.002557,391.14,0.08289,0.28564,0.38954,straight,straight
MVI_41073,45,26,481,506,569.82,561.95,0.9862,37.08,37.08,24.108,602.7,0.001615,0.001066,0.003392,0.006948,143.92,0.57877,0.8473,1.35096,curved,gentle
MVI_41073,46,71,481,551,847.09,846.95,0.9998,1.4,13.12,10.399,259.98,0.000394,0.000284,0.000957,0.001234,810.3,0.09619,0.19619,0.28111,straight,straight
MVI_41073,47,61,491,551,896.82,896.37,0.9995,8.91,18.21,12.86,321.5,0.000525,0.000438,0.000984,0.001644,608.35,0.14548,0.25511,0.39463,straight,straight
MVI_41073,48,36,501,536,863.09,860.92,0.9975,26.94,27.28,20.873,521.83,0.001538,0.000321,0.004016,0.017324,57.72,0.21433,0.82531,2.19391,curved,gentle
MVI_41073,49,26,526,551,549.08,541.44,0.9861,36.77,36.77,22.095,552.38,0.001336,0.001266,0.001858,0.004058,246.45,0.56619,1.17961,1.25196,curved,gentle
MVI_41073,50,81,531,611,866.31,865.84,0.9995,8.57,21.38,9.715,242.89,0.000656,0.000288,0.001997,0.003783,264.34,0.08017,0.27152,0.98847,straight,straight
MVI_41073,51,1,536,536,0.0,0.0,,,,0.0,0.0,,,,,,,,,unknown,unknown
MVI_41073,52,46,561,606,853.2,852.09,0.9987,29.81,33.74,15.53,388.26,0.002431,0.000261,0.007304,0.030836,32.43,0.11526,1.20005,3.14156,curved,gentle
MVI_41073,53,56,561,616,851.58,851.29,0.9997,5.96,18.16,14.333,358.32,0.000804,0.000295,0.003451,0.003842,260.25,0.11243,0.58646,0.64248,straight,straight
MVI_41073,54,81,561,641,893.74,893.46,0.9997,1.73,28.14,9.751,243.77,0.001057,0.000694,0.002796,0.003846,260.02,0.17925,0.36383,0.62655,straight,straight
MVI_41073,55,91,566,656,857.87,857.78,0.9999,1.83,14.09,8.531,213.28,0.000502,0.000291,0.001405,0.002351,425.39,0.06844,0.19459,0.26693,straight,straight
MVI_41073,56,86,596,681,847.48,847.13,0.9996,0.98,24.5,8.974,224.35,0.000768,0.00038,0.002419,0.002997,333.69,0.11596,0.32695,0.47583,straight,straight
MVI_41073,57,56,611,666,951.6,950.77,0.9991,26.45,40.66,15.381,384.52,0.00286,0.000244,0.005328,0.053989,18.52,0.1062,0.96041,4.71921,curved,gentle
MVI_41073,58,26,611,636,614.5,608.24,0.9898,39.46,39.46,27.35,683.74,0.001971,0.000735,0.005506,0.011387,87.82,0.52199,1.55574,2.53074,curved,gentle
MVI_41073,59,76,631,706,849.35,848.94,0.9995,2.03,25.15,9.615,240.38,0.000927,0.000454,0.002138,0.005448,183.57,0.1374,0.35209,0.57949,straight,straight
MVI_41073,60,76,646,721,877.47,877.15,0.9996,5.47,23.38,10.419,260.47,0.000733,0.000575,0.001627,0.002265,441.45,0.1591,0.31638,0.58912,straight,straight
MVI_41073,61,81,651,731,886.95,886.55,0.9996,9.56,25.01,9.586,239.64,0.000799,0.000372,0.002112,0.004861,205.71,0.08502,0.46561,1.10978,straight,straight
MVI_41073,62,41,676,716,912.55,911.35,0.9987,19.94,22.97,20.778,519.45,0.000892,0.000443,0.002689,0.00658,151.97,0.18482,0.62891,1.14219,straight,gentle
MVI_41073,63,66,676,741,868.26,867.61,0.9993,15.72,32.48,11.084,277.09,0.001465,0.000439,0.004147,0.00856,116.82,0.14742,0.63189,1.14096,straight,gentle
MVI_41073,64,31,681,711,667.59,662.17,0.9919,38.55,38.77,22.812,570.3,0.002115,0.000547,0.005682,0.0186,53.76,0.34205,1.3498,2.97586,curved,gentle
MVI_41073,65,66,681,746,815.33,815.14,0.9998,1.97,13.21,10.757,268.93,0.000496,0.000346,0.001188,0.001934,517.08,0.0948,0.27261,0.38291,straight,straight
MVI_41073,66,86,681,766,894.03,883.57,0.9883,79.78,104.09,8.599,214.97,0.002584,0.000689,0.002136,0.049684,20.13,0.11817,0.77096,10.47454,curved,sharp
MVI_41073,67,66,701,766,881.57,881.4,0.9998,1.69,13.91,12.013,300.32,0.000428,0.000287,0.001078,0.002075,481.96,0.10038,0.21705,0.56199,straight,straight
MVI_41073,68,81,711,791,890.92,890.8,0.9999,1.23,13.91,9.689,242.22,0.000455,0.000243,0.000963,0.002511,398.2,0.06154,0.17154,0.29353,straight,straight
MVI_41073,69,36,721,756,837.29,834.64,0.9968,36.89,38.07,21.332,533.31,0.002592,0.000293,0.006797,0.033566,29.79,0.148,1.40321,4.08608,curved,gentle
MVI_41073,70,26,721,746,469.35,464.58,0.9898,23.09,32.91,18.824,470.6,0.001613,0.00129,0.003267,0.004424,226.03,0.64843,0.95724,1.12032,curved,gentle
MVI_41073,71,61,731,791,988.26,987.13,0.9989,29.76,42.08,14.842,371.04,0.00263,0.000326,0.006047,0.043804,22.83,0.15363,0.87334,3.34281,curved,gentle
MVI_41073,72,61,746,806,885.24,884.7,0.9994,2.95,21.45,12.828,320.69,0.00062,0.000523,0.001396,0.001901,526.12,0.13161,0.46104,0.57185,straight,straight
MVI_41073,73,31,756,786,734.81,727.77,0.9904,48.03,51.02,25.011,625.27,0.002549,0.000678,0.007589,0.020401,49.02,0.54258,1.98348,3.83464,curved,sharp
MVI_41073,74,81,756,836,870.58,870.24,0.9996,7.36,27.4,9.724,243.11,0.000981,0.000438,0.003085,0.003548,281.83,0.12679,0.4013,0.57743,straight,straight
MVI_41073,75,81,761,841,887.5,887.19,0.9996,10.58,26.07,8.944,223.59,0.000994,0.000344,0.003866,0.00664,150.6,0.10442,0.4976,0.79135,straight,gentle
MVI_41073,76,66,776,841,845.88,845.58,0.9996,2.66,18.95,11.514,287.86,0.000526,0.000488,0.001008,0.001413,707.67,0.13053,0.29822,0.34964,straight,straight
MVI_41073,77,56,811,866,901.59,900.47,0.9987,30.54,44.83,14.188,354.69,0.003793,0.000364,0.008021,0.069617,14.36,0.13972,1.06758,4.48069,curved,gentle
MVI_41073,78,41,826,866,898.1,895.67,0.9973,27.77,29.73,20.61,515.25,0.001389,0.000242,0.002993,0.018531,53.96,0.1075,0.87774,2.07391,curved,gentle
MVI_41073,79,76,836,911,867.44,867.19,0.9997,1.56,9.66,10.169,254.23,0.000297,0.000219,0.000626,0.001596,626.62,0.03296,0.16383,0.23162,straight,straight
MVI_41073,80,66,836,901,814.19,813.82,0.9995,12.93,21.69,10.789,269.72,0.000999,0.000226,0.004048,0.006321,158.21,0.07316,0.56515,0.8604,straight,gentle
MVI_41073,81,76,856,931,883.6,882.35,0.9986,8.09,50.95,10.04,251.01,0.002142,0.000843,0.006299,0.00889,112.49,0.26492,0.96536,1.18127,straight,straight
MVI_41073,82,76,866,941,826.19,825.51,0.9992,1.41,23.45,10.005,250.13,0.000716,0.000382,0.001808,0.002347,426.13,0.10666,0.37989,0.64527,straight,straight
MVI_41073,83,81,871,951,915.95,915.07,0.999,7.66,37.85,10.077,251.92,0.001033,0.000816,0.002212,0.005808,172.19,0.17045,0.45524,1.5936,straight,straight
MVI_41073,84,71,881,951,856.34,855.14,0.9986,9.29,37.91,10.447,261.17,0.001046,0.001032,0.002041,0.003119,320.57,0.21543,0.56837,0.72433,straight,straight
MVI_41073,85,16,881,896,291.48,285.75,0.9803,31.64,31.64,19.146,478.64,0.001758,0.001589,0.003105,0.003315,301.64,0.98761,1.67298,1.79748,curved,gentle
MVI_41073,86,41,906,946,881.06,877.43,0.9959,40.55,44.43,19.077,476.93,0.002437,0.000549,0.007443,0.02112,47.35,0.32551,1.28406,2.57368,curved,gentle
MVI_41073,87,26,906,931,546.86,538.01,0.9838,48.83,49.09,22.198,554.95,0.00227,0.001473,0.005843,0.010483,95.39,1.03592,1.52884,2.2135,curved,sharp
MVI_41073,88,46,916,961,936.44,936.07,0.9996,9.13,22.21,17.764,444.11,0.00136,0.000223,0.003232,0.018255,54.78,0.12844,0.52571,1.6713,straight,straight
MVI_41073,89,71,921,991,865.39,864.94,0.9995,2.87,26.69,10.7,267.51,0.000967,0.000527,0.00252,0.004398,227.37,0.12741,0.38277,0.81026,straight,straight
MVI_41073,90,76,926,1001,901.66,900.55,0.9988,5.84,42.37,10.222,255.56,0.001571,0.000882,0.00387,0.008082,123.74,0.21878,0.69445,1.24365,straight,straight
MVI_41073,91,66,951,1016,819.22,818.78,0.9995,1.22,20.69,10.229,255.72,0.00087,0.00035,0.002403,0.004521,221.19,0.10359,0.33037,0.71024,straight,straight
MVI_41073,92,86,951,1036,900.08,899.26,0.9991,7.38,38.23,9.126,228.16,0.001702,0.000461,0.005822,0.0119,84.03,0.1348,0.65599,1.45444,straight,straight
MVI_41073,93,41,956,996,823.95,821.88,0.9975,20.91,22.52,17.431,435.78,0.000998,0.000392,0.002045,0.010331,96.79,0.18847,0.6352,0.9606,curved,gentle
MVI_41073,94,61,971,1031,912.77,908.09,0.9949,17.17,56.32,11.693,292.31,0.002862,0.00057,0.011567,0.021855,45.76,0.17135,1.33176,1.70545,straight,gentle
MVI_41073,95,81,991,1071,849.17,848.93,0.9997,1.18,23.41,9.27,231.75,0.000842,0.0004,0.002536,0.003701,270.19,0.09144,0.31166,0.5598,straight,straight
MVI_41073,96,71,991,1061,906.71,906.05,0.9993,17.85,37.46,10.925,273.12,0.001499,0.000605,0.003619,0.011579,86.37,0.22508,0.68296,1.22006,straight,gentle
MVI_41073,97,46,1011,1056,954.58,953.03,0.9984,33.58,34.94,19.562,489.05,0.002157,0.000195,0.006801,0.026097,38.32,0.11554,1.23675,3.03734,curved,gentle
MVI_41073,98,71,1041,1111,917.45,916.7,0.9992,7.81,25.92,11.232,280.8,0.000726,0.000431,0.001493,0.002927,341.64,0.15928,0.43528,0.61354,straight,straight
MVI_41073,99,81,1066,1146,887.4,887.02,0.9996,10.42,19.71,9.531,238.29,0.000616,0.000434,0.001529,0.001851,540.16,0.12248,0.22957,0.2838,straight,gentle
MVI_41073,100,56,1071,1126,958.67,957.75,0.999,19.8,41.69,15.292,382.29,0.00298,0.000384,0.005417,0.055798,17.92,0.15836,0.96071,3.81142,straight,gentle
MVI_41073,101,91,1086,1176,897.6,897.28,0.9996,11.32,27.92,8.513,212.82,0.001018,0.000401,0.002961,0.005412,184.78,0.11277,0.41419,0.6961,straight,gentle
MVI_41073,102,26,1096,1121,541.33,535.35,0.9889,40.15,40.15,21.066,526.65,0.00224,0.001008,0.005699,0.013621,73.41,0.67842,1.2441,2.23018,curved,gentle
MVI_41073,103,41,1116,1156,933.49,931.62,0.998,17.63,18.78,21.818,545.46,0.000703,0.000319,0.001109,0.007433,134.54,0.2287,0.37123,0.77185,straight,gentle
MVI_41073,104,71,1116,1186,905.92,905.59,0.9996,6.38,27.16,10.994,274.86,0.001005,0.000473,0.003189,0.005321,187.95,0.14747,0.4543,0.77327,straight,straight
MVI_41073,105,86,1126,1211,855.57,855.24,0.9996,0.33,23.06,8.537,213.44,0.000776,0.000468,0.002233,0.002696,370.89,0.14007,0.244,0.34443,straight,straight
MVI_41073,106,91,1131,1221,873.25,872.68,0.9994,12.37,34.64,8.344,208.6,0.0012,0.000564,0.002911,0.009447,105.86,0.15009,0.45708,1.65935,straight,gentle
MVI_41073,107,71,1136,1206,858.7,858.49,0.9998,3.48,12.71,10.349,258.71,0.000423,0.000367,0.000908,0.001166,857.67,0.08879,0.20204,0.24012,straight,straight
MVI_41073,108,91,1166,1256,862.19,862.0,0.9998,1.65,18.66,8.561,214.02,0.000732,0.000323,0.002036,0.003855,259.41,0.08637,0.24548,0.43479,straight,straight
MVI_41073,109,46,1181,1226,852.99,851.01,0.9977,19.91,23.85,16.639,415.96,0.000802,0.000432,0.001882,0.005738,174.28,0.13612,0.4907,0.96499,straight,gentle
MVI_41073,110,91,1181,1271,899.16,898.78,0.9996,13.18,31.45,8.56,213.99,0.001171,0.000787,0.002916,0.007609,131.42,0.12987,0.42224,1.54067,straight,gentle
MVI_41073,111,76,1116,1191,886.0,885.47,0.9994,12.18,32.38,9.83,245.74,0.00146,0.000238,0.005598,0.00839,119.19,0.08511,0.79647,1.02091,straight,gentle
MVI_41073,112,51,1201,1251,945.37,944.29,0.9989,30.29,37.61,16.414,410.35,0.0028,0.000147,0.007529,0.042473,23.54,0.06861,1.21931,3.8638,curved,gentle
MVI_41073,113,86,1226,1311,867.06,866.74,0.9996,8.05,25.19,8.878,221.94,0.000938,0.000438,0.00307,0.004026,248.4,0.09306,0.38271,0.51737,straight,straight
MVI_41073,114,86,1241,1326,873.01,872.77,0.9997,1.73,18.13,9.023,225.59,0.000624,0.000262,0.001573,0.002727,366.73,0.07792,0.25412,0.33267,straight,straight
MVI_41073,115,51,1246,1296,869.76,869.21,0.9994,17.28,28.15,14.369,359.23,0.001986,0.000293,0.00556,0.026198,38.17,0.15062,0.76857,2.16004,straight,gentle
MVI_41073,116,71,1251,1321,867.69,867.06,0.9993,7.96,23.14,10.609,265.24,0.000698,0.000535,0.001676,0.002588,386.41,0.14678,0.38435,0.45863,straight,straight
MVI_41073,117,26,1246,1271,563.26,556.8,0.9885,43.38,43.38,23.936,598.39,0.002227,0.000809,0.005895,0.013348,74.92,0.59284,1.58176,2.73473,curved,gentle
MVI_41073,118,86,1261,1346,835.16,834.91,0.9997,1.48,19.84,8.581,214.53,0.000776,0.000388,0.002196,0.00307,325.77,0.09798,0.26307,0.35438,straight,straight
MVI_41073,119,81,1271,1351,883.15,882.88,0.9997,8.73,22.68,9.339,233.46,0.000983,0.000228,0.003258,0.005577,179.32,0.07971,0.41654,0.62036,straight,straight
MVI_41073,120,51,1286,1336,896.82,896.37,0.9995,9.15,21.26,14.54,363.5,0.001348,0.00023,0.002834,0.018004,55.54,0.16149,0.38324,1.3147,straight,straight
MVI_41073,121,76,1286,1361,927.18,926.64,0.9994,12.03,29.55,10.565,264.13,0.001363,0.00081,0.004209,0.004888,204.58,0.18837,0.55904,0.67499,straight,gentle
MVI_41073,122,51,1316,1366,934.78,934.12,0.9993,16.74,32.49,16.446,411.15,0.002189,0.000221,0.004871,0.037115,26.94,0.08352,0.88928,3.44326,straight,gentle
MVI_41073,123,31,1331,1361,646.93,642.25,0.9928,30.2,30.2,20.282,507.05,0.001264,0.000814,0.002737,0.006566,152.3,0.45444,0.77986,0.95958,curved,gentle
MVI_41073,124,71,1331,1401,866.03,865.85,0.9998,0.05,17.03,10.778,269.45,0.000601,0.000312,0.001827,0.002333,428.59,0.12111,0.29053,0.4291,straight,straight
MVI_41073,125,56,1351,1406,971.43,969.68,0.9982,5.21,32.44,16.528,413.2,0.001197,0.000469,0.004162,0.005736,174.33,0.22895,0.62289,0.95101,straight,straight
MVI_41073,126,71,1356,1426,875.84,875.45,0.9996,8.78,23.46,10.106,252.66,0.000956,0.000442,0.002893,0.004122,242.61,0.12379,0.43233,0.56381,straight,straight
MVI_41073,127,56,1361,1416,897.72,897.45,0.9997,6.0,14.63,13.834,345.84,0.000783,0.000206,0.001535,0.011288,88.59,0.09673,0.24273,0.78659,straight,straight
MVI_41073,128,81,1361,1441,862.12,861.86,0.9997,10.58,24.63,9.278,231.95,0.000962,0.000489,0.001287,0.007246,138.01,0.12533,0.2734,0.70313,straight,gentle
MVI_41073,129,81,1371,1451,930.17,929.83,0.9996,12.14,23.29,10.256,256.41,0.000879,0.000349,0.002265,0.006171,162.04,0.0921,0.2973,0.78199,straight,gentle
MVI_41073,130,81,1386,1466,841.09,840.94,0.9998,5.63,17.55,9.157,228.91,0.000769,0.000372,0.002283,0.003734,267.79,0.10122,0.30762,0.39303,straight,straight
MVI_41073,131,56,1401,1456,968.23,966.77,0.9985,17.57,43.73,15.69,392.25,0.002399,0.000371,0.007097,0.03049,32.8,0.12646,1.17575,2.78232,straight,gentle
MVI_41073,132,81,1416,1496,912.72,912.52,0.9998,9.17,21.31,9.895,247.37,0.000793,0.0003,0.00187,0.005999,166.7,0.08473,0.34948,0.60804,straight,straight
MVI_41073,133,86,1431,1516,842.61,842.21,0.9995,14.07,28.7,8.28,207.0,0.001103,0.000281,0.003842,0.008902,112.34,0.07613,0.47563,0.79237,straight,gentle
MVI_41073,134,71,1431,1501,926.42,926.22,0.9998,1.94,20.7,11.481,287.03,0.000574,0.000421,0.00123,0.002965,337.28,0.14068,0.231,0.7922,straight,straight
MVI_41073,135,76,1456,1531,884.95,884.48,0.9995,11.83,16.34,10.736,268.4,0.00041,0.000268,0.00106,0.002931,341.24,0.06357,0.16868,0.95236,straight,gentle
MVI_41073,136,81,1456,1536,891.86,891.53,0.9996,4.8,16.82,9.7,242.5,0.000462,0.000391,0.001075,0.00164,609.94,0.08785,0.2973,0.47295,straight,straight
MVI_41073,137,71,1456,1526,932.06,931.73,0.9996,5.44,22.93,11.465,286.61,0.000815,0.000463,0.001887,0.005077,196.96,0.14439,0.34887,0.57953,straight,straight
MVI_41073,138,81,1461,1541,852.9,852.6,0.9996,5.15,24.77,9.542,238.55,0.000858,0.000521,0.001414,0.004534,220.58,0.13161,0.2847,0.55387,straight,straight
MVI_41073,139,56,1476,1531,922.77,921.85,0.999,22.58,35.38,14.683,367.06,0.002627,0.000162,0.005654,0.045622,21.92,0.05504,0.82834,3.3106,curved,gentle
MVI_41073,140,41,1486,1526,878.91,878.05,0.999,14.0,18.24,18.82,470.51,0.000914,0.000301,0.001471,0.00972,102.88,0.19092,0.40822,0.84336,straight,gentle
MVI_41073,141,21,1486,1506,411.65,405.6,0.9853,32.86,32.86,22.447,561.17,0.00139,0.001518,0.00172,0.002918,342.68,0.64978,1.14971,1.16186,curved,gentle
MVI_41073,142,71,1516,1586,930.04,929.7,0.9996,0.24,26.7,11.522,288.06,0.000767,0.0005,0.001791,0.00235,425.62,0.1514,0.37102,0.60249,straight,straight
MVI_41073,143,86,1516,1601,901.47,896.89,0.9949,44.57,52.44,9.225,230.62,0.001235,0.000432,0.001789,0.020261,49.36,0.09687,0.38315,4.65073,curved,gentle
MVI_41073,144,71,1531,1601,872.18,871.91,0.9997,1.4,15.6,10.884,272.09,0.000564,0.000318,0.001465,0.002487,402.09,0.0851,0.28557,0.45684,straight,straight
MVI_41073,145,46,1536,1581,926.42,925.35,0.9988,8.47,23.03,18.529,463.21,0.000638,0.00017,0.001881,0.0041,243.88,0.07951,0.61341,1.81066,straight,straight
MVI_41073,146,26,1541,1566,592.24,584.7,0.9873,50.97,51.3,23.703,592.58,0.002862,0.001131,0.00806,0.020492,48.8,0.91469,2.0682,3.86653,curved,sharp
MVI_41073,147,56,1561,1616,912.53,910.42,0.9977,23.8,27.98,14.905,372.63,0.001315,0.000362,0.004567,0.006486,154.19,0.16301,0.51996,0.87732,curved,gentle
MVI_41073,148,56,1571,1626,936.29,935.26,0.9989,24.46,41.27,15.134,378.35,0.002768,0.000418,0.005567,0.043913,22.77,0.17919,0.85441,3.39666,curved,gentle
MVI_41073,149,1,1586,1586,0.0,0.0,,,,0.0,0.0,,,,,,,,,unknown,unknown
MVI_41073,150,26,1601,1626,637.69,632.09,0.9912,35.87,35.87,26.006,650.14,0.001812,0.000744,0.004373,0.013893,71.98,0.58393,1.1699,2.53936,curved,gentle
MVI_41073,151,66,1621,1686,849.78,849.25,0.9994,3.94,23.15,10.962,274.05,0.000796,0.000493,0.001857,0.003339,299.47,0.19325,0.31987,0.43885,straight,straight
MVI_41073,152,46,1626,1671,846.52,846.26,0.9997,7.17,9.57,16.237,405.93,0.000292,0.000178,0.000914,0.001345,743.34,0.07463,0.23083,0.25334,straight,straight
MVI_41073,153,86,1636,1721,904.01,903.76,0.9997,2.36,20.29,9.019,225.47,0.000653,0.000317,0.001947,0.003463,288.74,0.08851,0.30405,0.51471,straight,straight
MVI_41073,154,71,1651,1721,840.4,840.2,0.9998,5.38,18.45,10.085,252.11,0.000828,0.000219,0.002669,0.003104,322.12,0.07512,0.3539,0.463,straight,straight
MVI_41073,155,96,1651,1746,878.17,877.82,0.9996,5.81,27.8,7.615,190.39,0.000946,0.000447,0.002654,0.006772,147.68,0.08992,0.39743,0.81079,straight,straight
MVI_41073,156,41,1666,1706,868.94,866.56,0.9973,36.25,40.69,18.803,470.08,0.002431,0.000349,0.006546,0.029315,34.11,0.22774,1.29262,3.51193,curved,gentle
MVI_41073,157,71,1676,1746,850.49,850.24,0.9997,4.39,13.1,10.288,257.21,0.00034,0.000289,0.00075,0.000877,1139.72,0.09164,0.18347,0.20536,straight,straight
MVI_41073,158,1,1676,1676,0.0,0.0,,,,0.0,0.0,,,,,,,,,unknown,unknown
MVI_41073,159,71,1676,1746,904.01,903.53,0.9995,8.95,24.98,11.443,286.08,0.001066,0.000291,0.003295,0.009821,101.82,0.10921,0.48687,0.98593,straight,straight
MVI_41073,160,21,1691,1711,447.2,441.48,0.9872,44.25,44.25,23.367,584.17,0.003046,0.001189,0.007111,0.019923,50.19,0.84096,1.8454,3.66746,curved,gentle
MVI_41073,161,81,1696,1776,916.4,916.18,0.9998,4.59,17.43,9.542,238.54,0.000556,0.000321,0.001427,0.002411,414.79,0.10345,0.26555,0.46188,straight,straight
MVI_41073,162,51,1716,1766,911.32,910.77,0.9994,23.15,28.5,15.826,395.65,0.002328,0.000107,0.005691,0.040716,24.56,0.04456,0.93485,3.47091,curved,gentle
MVI_41073,163,41,1731,1771,947.04,946.58,0.9995,12.77,13.34,22.703,567.57,0.000515,0.000193,0.001636,0.003919,255.19,0.0777,0.41354,0.70768,straight,gentle
MVI_41073,164,76,1736,1811,891.13,890.8,0.9996,7.97,21.59,10.129,253.22,0.000718,0.00047,0.001714,0.002904,344.31,0.13564,0.29183,0.50778,straight,straight
MVI_41073,165,46,1751,1796,859.57,859.4,0.9998,3.81,13.01,16.071,401.77,0.000554,0.00021,0.00145,0.00363,275.49,0.10818,0.32005,0.44759,straight,straight
MVI_41073,166,60,1766,1825,419.01,418.93,0.9998,0.46,12.71,6.511,162.78,0.000715,0.000672,0.001103,0.00291,343.6,0.0924,0.20596,0.36053,straight,straight
MVI_41073,167,60,1766,1825,744.11,743.93,0.9998,7.0,11.2,10.801,270.03,0.000358,0.000195,0.001342,0.001492,670.27,0.05725,0.20347,0.21836,straight,straight
MVI_41073,168,55,1771,1825,497.7,497.52,0.9996,9.15,15.15,8.258,206.45,0.000772,0.000356,0.002457,0.003488,286.68,0.1013,0.34745,0.45918,straight,straight
MVI_41073,169,41,1776,1816,878.72,878.05,0.9992,10.88,12.63,20.046,501.15,0.000346,0.000273,0.000571,0.001868,535.33,0.13227,0.36671,0.41369,straight,gentle
MVI_41073,170,45,1781,1825,746.98,727.65,0.9741,55.65,126.98,17.226,430.65,0.008904,0.001671,0.032632,0.081576,12.26,0.58401,4.60797,8.54383,curved,sharp
MVI_41073,171,40,1786,1825,346.19,346.15,0.9999,1.68,7.4,8.307,207.67,0.000585,0.000402,0.001421,0.001813,551.59,0.08915,0.20769,0.30254,straight,straight
MVI_41073,172,20,1806,1825,584.22,583.85,0.9994,10.41,11.21,29.837,745.93,0.000491,0.000195,0.00126,0.00277,360.96,0.14136,0.74252,1.25757,straight,gentle
MVI_41073,173,15,1811,1825,506.54,506.25,0.9994,6.86,6.86,36.175,904.39,0.000236,0.000156,0.000446,0.000497,2013.69,0.13367,0.39738,0.42678,straight,straight
MVI_41073,175,31,1021,1051,596.13,586.13,0.9832,29.67,47.95,19.317,482.92,0.002103,0.001283,0.004252,0.008972,111.45,0.77691,1.18351,1.3192,curved,gentle
MVI_41073,176,13,1742,1754,244.24,236.67,0.969,49.96,49.96,19.595,489.88,0.003901,0.003978,0.005815,0.006269,159.52,1.92529,2.34252,2.46314,unknown,unknown
MVI_63521,1,76,1,76,514.18,512.21,0.9962,5.18,73.16,6.785,169.62,0.004117,0.002084,0.009925,0.030326,32.98,0.35176,1.30798,1.66966,straight,straight
MVI_63521,2,66,1,66,486.09,484.3,0.9963,39.72,86.34,7.112,177.79,0.011972,0.00154,0.009858,0.275776,3.63,0.31957,0.96725,8.76681,curved,gentle
MVI_63521,3,46,1,46,156.36,155.86,0.9968,16.04,39.99,3.029,75.72,0.00598,0.005002,0.013422,0.02545,39.29,0.48603,0.81542,0.95426,straight,gentle
MVI_63521,4,61,1,61,123.5,118.27,0.9576,64.7,136.11,1.808,45.21,0.034205,0.020993,0.0905,0.139046,7.19,1.04947,2.83797,4.64724,curved,sharp
MVI_63521,5,101,1,101,397.44,392.36,0.9872,62.42,166.23,2.607,65.17,0.029039,0.007586,0.093652,0.180071,5.55,0.71167,2.23094,2.99547,curved,sharp
MVI_63521,6,486,1,486,291.38,195.09,0.6695,12.72,802.07,0.248,6.21,0.053743,0.03259,0.111572,0.546439,1.83,0.98224,2.79116,6.87519,static,static
MVI_63521,7,76,36,111,554.48,552.05,0.9956,24.17,72.0,5.478,136.95,0.008259,0.001363,0.036246,0.065174,15.34,0.28585,1.20844,2.28533,curved,gentle
MVI_63521,8,141,46,186,646.26,642.12,0.9936,32.49,186.22,2.538,63.46,0.026903,0.00345,0.076858,0.284133,3.52,0.37875,1.74664,3.75053,curved,gentle
MVI_63521,9,151,86,236,672.14,666.82,0.9921,16.26,159.05,2.415,60.37,0.016401,0.004146,0.044383,0.131085,7.63,0.42136,1.05477,3.90773,straight,gentle
MVI_63521,10,126,86,211,544.3,537.04,0.9867,42.06,239.82,2.648,66.21,0.041587,0.004482,0.16984,0.497248,2.01,0.4229,3.32848,7.17142,curved,gentle
MVI_63521,11,146,131,276,659.9,651.52,0.9873,47.82,194.55,3.03,75.75,0.025997,0.003115,0.07352,0.29853,3.35,0.35284,1.83566,5.22073,curved,sharp
MVI_63521,12,141,131,271,570.63,561.43,0.9839,34.93,196.63,3.507,87.69,0.021622,0.003796,0.06188,0.27961,3.58,0.33086,1.94407,5.37791,curved,gentle
MVI_63521,13,121,146,266,555.72,552.25,0.9938,49.63,134.46,2.884,72.11,0.019796,0.003644,0.049331,0.271608,3.68,0.36409,1.37671,4.1488,curved,sharp
MVI_63521,14,86,166,251,490.31,487.63,0.9945,81.28,132.49,4.186,104.64,0.031595,0.004631,0.067305,0.408776,2.45,0.47779,2.04725,5.25945,curved,sharp
MVI_63521,15,106,181,286,575.6,567.27,0.9855,53.24,127.46,4.417,110.42,0.00946,0.002824,0.030235,0.077944,12.83,0.38482,1.53185,2.45683,curved,sharp
MVI_63521,16,511,226,736,436.33,326.27,0.7477,55.72,1375.41,0.511,12.76,0.073251,0.021888,0.219548,0.937026,1.07,0.72445,3.76961,11.78593,curved,sharp
MVI_63521,17,256,251,506,609.58,587.54,0.9638,174.53,380.96,1.065,26.62,0.029886,0.006134,0.091448,0.399482,2.5,0.38072,2.2453,5.16129,curved,sharp
MVI_63521,18,101,261,361,560.74,555.48,0.9906,71.87,129.04,3.922,98.05,0.017551,0.004144,0.052963,0.2217,4.51,0.4916,1.57116,2.96228,curved,sharp
MVI_63521,19,131,281,411,672.41,668.35,0.994,3.03,144.57,3.877,96.94,0.013436,0.003986,0.038956,0.124839,8.01,0.42915,1.33846,2.13231,straight,straight
MVI_63521,20,126,331,456,547.26,541.92,0.9902,46.56,127.35,2.534,63.34,0.019649,0.002743,0.059112,0.213986,4.67,0.26559,1.51772,2.82421,curved,sharp
MVI_63521,21,121,371,491,500.99,497.8,0.9936,20.08,164.97,2.429,60.72,0.043844,0.004621,0.141184,0.55069,1.82,0.42201,2.60927,7.3425,curved,gentle
MVI_63521,22,161,381,541,619.36,614.81,0.9926,33.44,154.73,3.036,75.9,0.013605,0.003238,0.040982,0.139106,7.19,0.35358,1.39447,3.19035,curved,gentle
MVI_63521,23,71,406,476,548.64,546.2,0.9956,53.56,76.53,5.482,137.05,0.018381,0.001692,0.016775,0.533124,1.88,0.32068,1.31738,7.18455,curved,sharp
MVI_63521,24,121,441,561,540.92,533.3,0.9859,51.66,209.52,3.172,79.31,0.039055,0.004448,0.088284,0.550554,1.82,0.34731,1.77287,8.066,curved,sharp
MVI_63521,25,971,451,1421,802.89,613.64,0.7643,46.72,929.95,0.253,6.32,0.033045,0.017649,0.087252,0.300888,3.32,0.54433,1.61916,4.63624,static,static
MVI_63521,26,111,511,621,590.59,584.7,0.99,47.05,118.27,3.732,93.29,0.018054,0.002009,0.072654,0.123612,8.09,0.26777,1.57083,3.49628,curved,sharp
MVI_63521,27,146,531,676,623.77,619.05,0.9924,32.29,114.22,3.18,79.5,0.01758,0.001791,0.051821,0.32696,3.06,0.24531,1.1442,4.15358,curved,gentle
MVI_63521,28,116,546,661,541.69,537.11,0.9916,36.02,149.17,3.027,75.67,0.024222,0.004679,0.085513,0.246585,4.06,0.50098,1.7192,4.11947,curved,gentle
MVI_63521,29,116,556,671,516.6,513.89,0.9948,48.28,116.56,2.955,73.87,0.011042,0.004044,0.027231,0.114324,8.75,0.34822,1.11627,1.43569,curved,sharp
MVI_63521,30,111,596,706,558.97,551.52,0.9867,7.57,110.64,3.265,81.63,0.009828,0.003934,0.035209,0.064814,15.43,0.37309,1.15979,2.05012,straight,straight
MVI_63521,31,121,601,721,608.5,599.69,0.9855,13.61,182.89,3.697,92.42,0.019592,0.004558,0.061166,0.129175,7.74,0.55513,1.84851,5.72967,straight,gentle
MVI_63521,32,121,601,721,522.07,519.8,0.9956,31.85,118.06,3.004,75.09,0.0175,0.002344,0.063626,0.115048,8.69,0.2545,1.32035,2.36478,curved,gentle
MVI_63521,33,131,656,786,552.52,547.24,0.9904,3.25,173.37,2.753,68.83,0.031851,0.00517,0.067916,0.435311,2.3,0.44635,1.61454,6.27822,straight,straight
MVI_63521,34,121,656,776,569.42,564.18,0.9908,71.8,146.53,3.483,87.08,0.01702,0.00384,0.034481,0.162363,6.16,0.35363,1.50102,3.0712,curved,sharp
MVI_63521,35,206,661,866,645.05,575.01,0.8914,47.88,537.63,1.297,32.43,0.049237,0.013791,0.14786,0.365023,2.74,0.71241,2.81287,5.24458,curved,sharp
MVI_63521,36,126,721,846,598.25,586.7,0.9807,39.29,129.21,3.155,78.88,0.011695,0.00508,0.029334,0.090836,11.01,0.38176,1.27924,2.09391,curved,gentle
MVI_63521,37,146,771,916,616.1,609.96,0.99,9.97,183.76,2.426,60.65,0.02956,0.004952,0.115668,0.253075,3.95,0.47424,1.67627,3.78899,straight,straight
MVI_63521,38,116,786,901,563.62,559.58,0.9928,24.95,81.03,3.745,93.62,0.007833,0.001975,0.018878,0.093422,10.7,0.22237,1.01331,1.98867,curved,gentle
MVI_63521,39,151,816,966,596.45,593.38,0.9948,9.41,131.31,2.424,60.6,0.016916,0.00195,0.066559,0.116261,8.6,0.28942,1.46041,2.29503,straight,straight
MVI_63521,40,131,821,951,548.6,541.15,0.9864,87.0,171.5,2.492,62.29,0.019036,0.003844,0.05804,0.262482,3.81,0.38567,1.46193,3.28376,curved,sharp
MVI_63521,41,136,876,1011,608.4,601.03,0.9879,31.56,201.62,2.584,64.61,0.038387,0.003378,0.132017,0.329338,3.04,0.26297,2.87175,4.62757,curved,gentle
MVI_63521,42,111,906,1016,531.25,529.96,0.9976,6.91,103.55,3.014,75.36,0.020034,0.003969,0.066773,0.14136,7.07,0.37179,1.36847,2.27746,straight,straight
MVI_63521,43,126,926,1051,626.97,619.14,0.9875,25.82,117.48,3.171,79.27,0.009152,0.003862,0.017032,0.104855,9.54,0.31944,1.07712,1.91039,curved,gentle
MVI_63521,44,241,931,1171,613.23,522.86,0.8526,92.38,741.29,0.912,22.79,0.05463,0.024026,0.153236,0.559947,1.79,0.69053,2.50712,7.74181,curved,sharp
MVI_63521,45,96,956,1051,615.99,531.1,0.8622,119.3,232.81,4.811,120.27,0.013218,0.004916,0.039165,0.132744,7.53,0.47997,1.8068,12.68068,curved,sharp
MVI_63521,46,516,966,1481,388.43,310.54,0.7995,64.96,822.44,0.486,12.16,0.075903,0.038499,0.192116,0.567349,1.76,1.14498,3.93648,8.06809,static,static
MVI_63521,47,116,986,1101,506.48,502.94,0.993,63.16,180.15,2.662,66.55,0.032218,0.003302,0.117438,0.373085,2.68,0.40577,2.1666,5.37939,curved,sharp
MVI_63521,48,206,1031,1236,672.54,668.18,0.9935,29.59,171.39,1.615,40.37,0.020147,0.003755,0.05609,0.20937,4.78,0.36657,1.39849,2.96179,curved,gentle
MVI_63521,49,141,1061,1201,621.16,614.83,0.9898,9.19,130.44,2.076,51.91,0.015442,0.003676,0.047396,0.156152,6.4,0.48697,1.38881,2.59619,straight,straight
MVI_63521,50,221,1071,1291,649.68,618.53,0.952,94.56,173.58,1.162,29.06,0.012548,0.004396,0.036557,0.120442,8.3,0.37764,1.06852,1.88561,curved,sharp
MVI_63521,51,126,1076,1201,579.57,566.57,0.9776,62.17,171.71,3.121,78.02,0.018534,0.005384,0.042364,0.208553,4.79,0.48122,1.5742,3.61756,curved,sharp
MVI_63521,52,256,1136,1391,527.05,503.46,0.9552,38.9,582.61,0.96,23.99,0.05368,0.016727,0.174564,0.473021,2.11,0.75681,2.82412,6.72396,curved,gentle
MVI_63521,53,191,1141,1331,608.45,594.57,0.9772,20.97,178.78,1.113,27.82,0.022037,0.003602,0.080652,0.232371,4.3,0.32797,1.83357,3.63458,curved,gentle
MVI_63521,54,361,1141,1501,671.95,497.34,0.7402,93.75,961.02,0.962,24.05,0.07426,0.032424,0.192118,0.849499,1.18,1.1374,3.63217,13.87138,curved,sharp
MVI_63521,55,136,1146,1281,539.41,536.18,0.994,48.67,231.96,2.154,53.85,0.020973,0.003556,0.056295,0.199323,5.02,0.28264,1.29711,2.9404,curved,sharp
MVI_63521,56,116,1161,1276,604.18,598.4,0.9904,25.57,178.84,3.378,84.44,0.021094,0.003508,0.077357,0.126354,7.91,0.3161,1.88254,3.27883,curved,gentle
MVI_63521,57,261,1191,1451,667.28,652.43,0.9778,18.25,358.37,1.109,27.74,0.028077,0.009425,0.069163,0.608001,1.64,0.41885,1.79426,8.17415,straight,gentle
MVI_63521,58,176,1191,1366,535.59,532.43,0.9941,3.93,125.52,1.407,35.17,0.016151,0.003984,0.045199,0.107431,9.31,0.42147,1.14057,2.25336,straight,straight
MVI_63521,59,116,1241,1356,556.72,549.17,0.9864,53.24,127.13,3.839,95.97,0.014867,0.002591,0.029906,0.180249,5.55,0.30526,1.28247,2.89389,curved,sharp
MVI_63521,60,71,1256,1326,518.62,518.27,0.9993,0.86,27.96,5.446,136.15,0.002176,0.000841,0.007056,0.011022,90.73,0.13449,0.51982,0.83111,straight,straight
MVI_63521,61,171,1256,1426,522.38,518.81,0.9932,39.92,274.66,1.736,43.41,0.034889,0.00932,0.107244,0.284169,3.52,0.55545,1.9763,4.22846,curved,gentle
MVI_63521,62,221,1286,1506,631.15,620.0,0.9823,33.84,268.13,1.632,40.81,0.029004,0.006517,0.081303,0.321158,3.11,0.48664,1.89621,4.36894,curved,gentle
MVI_63521,63,301,1291,1591,651.48,511.0,0.7844,86.29,845.73,0.888,22.21,0.071889,0.0206,0.224574,1.168047,0.86,0.81809,3.41725,15.13231,curved,sharp
MVI_63521,64,111,1296,1406,573.09,563.72,0.9837,46.6,170.56,4.445,111.13,0.015691,0.003478,0.047598,0.135008,7.41,0.43238,1.67734,3.43433,curved,sharp
MVI_63521,65,586,1301,1886,397.42,317.07,0.7978,80.16,1142.49,0.531,13.26,0.0939,0.047903,0.225214,0.660316,1.51,1.18004,4.3873,9.70662,curved,sharp
MVI_63521,66,121,1336,1456,530.79,521.37,0.9823,53.24,140.21,4.396,109.89,0.013632,0.003347,0.044661,0.098321,10.17,0.31723,1.65357,2.42153,curved,sharp
MVI_63521,67,171,1381,1551,529.16,517.44,0.9778,41.09,380.81,1.767,44.16,0.0394,0.006781,0.124954,0.447157,2.24,0.48858,2.58414,8.86281,curved,gentle
MVI_63521,68,121,1386,1506,502.63,499.6,0.994,19.49,119.32,2.652,66.31,0.015992,0.00528,0.054105,0.163051,6.13,0.44112,1.39947,2.87177,straight,gentle
MVI_63521,69,136,1396,1531,603.01,594.97,0.9867,22.33,180.31,3.801,95.01,0.019892,0.00409,0.077913,0.142618,7.01,0.49456,1.83607,3.18384,curved,gentle
MVI_63521,70,101,1441,1541,518.06,516.23,0.9965,1.96,78.77,3.674,91.85,0.009558,0.00212,0.035162,0.071732,13.94,0.25851,1.02214,1.83973,straight,straight
MVI_63521,71,121,1476,1596,531.12,520.71,0.9804,1.81,126.5,3.739,93.48,0.008986,0.00388,0.021995,0.060539,16.52,0.4024,1.34743,2.90327,straight,straight
MVI_63521,72,111,1486,1596,531.25,529.6,0.9969,19.84,100.58,3.458,86.46,0.009266,0.003784,0.024341,0.051975,19.24,0.33429,1.05239,2.03184,straight,gentle
MVI_63521,73,116,1521,1636,548.29,545.44,0.9948,3.06,129.64,3.707,92.67,0.017745,0.00272,0.048135,0.291457,3.43,0.35455,1.40849,3.95626,straight,straight
MVI_63521,74,131,1526,1656,631.98,626.58,0.9915,42.66,131.64,3.286,82.16,0.012304,0.003762,0.032836,0.10862,9.21,0.38928,1.28613,1.93262,curved,gentle
MVI_63521,75,136,1551,1686,571.48,561.77,0.983,20.32,156.95,3.022,75.55,0.014879,0.003379,0.045751,0.122797,8.14,0.33802,1.79895,3.38455,curved,gentle
MVI_63521,76,231,1616,1846,621.95,614.45,0.9879,1.9,201.88,1.88,47.0,0.016524,0.005742,0.043757,0.196309,5.09,0.41202,1.30011,2.62877,straight,straight
MVI_63521,77,141,1631,1771,499.11,489.14,0.98,42.69,213.04,2.5,62.49,0.029186,0.005472,0.095309,0.307269,3.25,0.4303,1.73798,3.94862,curved,gentle
MVI_63521,78,126,1666,1791,399.36,393.45,0.9852,14.19,147.81,2.643,66.07,0.014491,0.006012,0.041082,0.098866,10.11,0.46169,1.56987,2.3665,straight,gentle
MVI_63521,79,166,1671,1836,606.53,598.49,0.9867,10.71,171.4,3.268,81.69,0.015773,0.003313,0.0557,0.131194,7.62,0.35452,1.5187,2.89834,straight,gentle
MVI_63521,80,171,1716,1886,556.35,498.25,0.8956,85.81,271.08,1.639,40.97,0.033465,0.01172,0.097174,0.485271,2.06,0.62553,2.06201,6.80266,curved,sharp
MVI_63521,81,111,1731,1841,526.11,523.52,0.9951,34.98,134.77,3.442,86.05,0.019424,0.002696,0.060834,0.223206,4.48,0.26253,1.69099,3.59535,curved,gentle
MVI_63521,82,156,1731,1886,609.06,596.44,0.9793,20.87,168.51,3.244,81.1,0.014415,0.003743,0.033566,0.180764,5.53,0.31676,1.50962,3.34923,curved,gentle
MVI_63521,83,166,1776,1941,590.17,569.06,0.9642,78.48,195.94,2.234,55.85,0.027449,0.004058,0.088758,0.384036,2.6,0.36373,1.60362,4.98413,curved,sharp
MVI_63521,84,156,1796,1951,597.4,583.77,0.9772,24.63,138.05,3.295,82.39,0.007954,0.004051,0.022203,0.055006,18.18,0.27506,0.89209,2.33338,curved,gentle
MVI_63521,85,101,1811,1911,634.01,629.43,0.9928,20.07,103.46,4.992,124.8,0.008307,0.002188,0.031324,0.057288,17.46,0.26622,1.36161,2.18922,curved,gentle
MVI_63521,86,171,1836,2006,654.34,644.84,0.9855,22.35,191.36,2.123,53.08,0.017474,0.006674,0.041932,0.2051,4.88,0.42407,1.25663,3.22354,curved,gentle
MVI_63521,87,171,1846,2016,584.26,571.83,0.9787,18.6,243.4,2.584,64.6,0.024663,0.006447,0.07671,0.292869,3.41,0.44668,2.11789,4.70215,straight,gentle
MVI_63521,88,116,1856,1971,534.05,530.45,0.9933,29.39,77.58,2.949,73.73,0.006476,0.002336,0.015524,0.055672,17.96,0.21571,0.79781,1.57958,curved,gentle
MVI_63521,89,145,1911,2055,459.1,404.23,0.8805,105.79,137.25,1.714,42.85,0.017371,0.005111,0.045755,0.264148,3.79,0.28111,1.15643,4.22155,curved,sharp
MVI_63521,90,115,1941,2055,533.31,530.25,0.9943,13.62,80.91,4.081,102.02,0.003715,0.002024,0.008996,0.025388,39.39,0.2383,0.84032,1.86187,straight,gentle
MVI_63525,1,46,1,46,264.68,263.22,0.9945,29.2,46.21,5.155,128.87,0.006803,0.002212,0.021655,0.041705,23.98,0.2852,1.15867,1.98935,curved,gentle
MVI_63525,2,76,1,76,452.26,448.48,0.9917,22.16,104.51,6.055,151.37,0.009103,0.0038,0.028602,0.051452,19.44,0.47889,1.77537,2.82819,curved,gentle
MVI_63525,3,936,1,936,525.2,441.74,0.8411,25.84,940.7,0.0,0.0,0.063899,0.028302,0.148446,0.655167,1.53,1.17865,4.77017,15.07929,static,static
MVI_63525,4,101,1,101,607.36,599.64,0.9873,13.44,149.51,5.903,147.57,0.014403,0.003501,0.064354,0.085108,11.75,0.4933,2.30135,3.88367,straight,gentle
MVI_63525,5,86,41,126,532.86,529.38,0.9935,9.69,102.32,5.026,125.65,0.013973,0.004115,0.017786,0.326807,3.06,0.44865,1.39185,4.36051,straight,straight
MVI_63525,6,151,46,196,569.81,558.28,0.9798,21.37,372.34,2.12,53.01,0.045956,0.007131,0.099831,0.970535,1.03,0.52697,2.19687,12.94041,curved,gentle
MVI_63525,7,76,51,126,524.54,513.01,0.978,60.56,108.19,5.615,140.38,0.012374,0.002123,0.028449,0.146579,6.82,0.43574,1.66312,3.63552,curved,sharp
MVI_63525,8,66,86,151,503.27,502.49,0.9985,14.85,50.23,5.775,144.37,0.008087,0.000983,0.027204,0.080452,12.43,0.15006,1.24508,2.31937,straight,gentle
MVI_63525,9,71,111,181,512.58,502.14,0.9796,24.77,77.7,5.922,148.05,0.005518,0.001937,0.014024,0.040971,24.41,0.38617,1.25617,1.68504,curved,gentle
MVI_63525,10,96,231,326,563.68,559.78,0.9931,6.16,96.64,4.173,104.32,0.011058,0.002817,0.0383,0.054118,18.48,0.44994,1.33799,1.95308,straight,straight
MVI_63525,11,76,286,361,476.05,465.47,0.9778,39.34,65.89,5.093,127.33,0.003945,0.002429,0.011276,0.019414,51.51,0.24402,1.17131,1.53159,curved,gentle
MVI_63525,12,66,286,351,548.96,547.41,0.9972,22.61,63.86,6.404,160.09,0.008923,0.000894,0.045105,0.057708,17.33,0.16407,1.86437,2.32479,curved,gentle
MVI_63525,13,41,341,381,308.59,300.63,0.9742,55.39,62.3,8.194,204.86,0.005814,0.002599,0.014562,0.041011,24.38,0.47974,1.91923,2.59717,curved,sharp
MVI_63525,14,61,361,421,506.75,506.09,0.9987,14.46,47.2,6.031,150.78,0.006017,0.001402,0.024152,0.054399,18.38,0.24162,1.02288,1.75759,straight,gentle
MVI_63525,15,66,411,476,393.12,384.28,0.9775,49.49,80.48,5.068,126.7,0.007652,0.002611,0.022843,0.038067,26.27,0.50592,1.44398,1.54576,curved,sharp
MVI_63525,16,71,426,496,511.52,510.67,0.9983,1.81,57.74,5.431,135.78,0.011456,0.001873,0.061482,0.071707,13.95,0.29908,1.30087,1.92752,straight,straight
MVI_63525,17,71,476,546,538.79,537.54,0.9977,37.26,56.92,5.955,148.88,0.009371,0.001037,0.018625,0.242812,4.12,0.189,1.07902,3.32081,curved,gentle
MVI_63525,18,71,511,581,538.39,537.05,0.9975,40.67,65.57,5.65,141.26,0.005757,0.001927,0.022412,0.033077,30.23,0.29603,1.03488,2.41061,curved,gentle
MVI_63525,19,71,516,586,495.82,487.45,0.9831,30.58,65.0,5.878,146.95,0.004072,0.002414,0.008902,0.019738,50.66,0.32924,0.98478,1.59912,curved,gentle
MVI_63525,20,81,596,676,503.99,501.94,0.9959,6.02,62.44,4.42,110.49,0.007558,0.001931,0.01862,0.098998,10.1,0.24575,1.18447,2.5696,straight,straight
MVI_63525,21,71,616,686,484.37,473.86,0.9783,81.03,139.26,5.997,149.93,0.021419,0.002929,0.027942,0.355872,2.81,0.5969,1.65642,8.09821,curved,sharp
MVI_63525,22,71,661,731,489.14,479.57,0.9804,18.75,70.46,5.75,143.74,0.004377,0.002241,0.013049,0.022413,44.62,0.35276,0.98921,1.68675,straight,gentle
MVI_63525,23,61,756,816,502.14,500.89,0.9975,27.9,70.89,7.034,175.86,0.010545,0.000896,0.033595,0.097138,10.29,0.21037,2.0977,3.52983,curved,gentle
MVI_63525,24,225,761,985,153.17,112.32,0.7333,71.12,566.63,0.472,11.81,0.113832,0.079933,0.268697,0.424684,2.35,2.21277,5.94168,11.39795,static,static
MVI_63525,25,81,811,891,526.56,517.83,0.9834,17.57,125.31,5.206,130.16,0.008952,0.003798,0.027785,0.036248,27.59,0.60347,1.59256,3.59661,straight,gentle
MVI_63525,26,121,856,976,536.83,531.11,0.9893,77.61,162.76,3.036,75.89,0.024269,0.003845,0.073694,0.446856,2.24,0.3811,1.40458,5.95469,curved,sharp
MVI_63525,27,61,856,916,491.42,489.38,0.9958,36.9,85.41,6.291,157.27,0.016765,0.001553,0.028267,0.266729,3.75,0.2535,1.63049,5.9663,curved,gentle
MVI_63525,28,76,876,951,550.13,542.62,0.9864,28.19,85.46,6.371,159.28,0.007089,0.002236,0.017444,0.076599,13.05,0.53909,1.36829,2.25608,curved,gentle
MVI_63525,29,66,901,966,516.39,514.47,0.9963,15.91,51.58,5.688,142.21,0.005062,0.000957,0.018174,0.029021,34.46,0.22455,0.91605,1.63187,straight,gentle
MVI_63525,30,55,931,985,476.96,468.55,0.9824,11.52,81.35,8.16,204.01,0.004346,0.003597,0.010764,0.016786,59.57,0.61898,1.67558,1.952,straight,gentle
MVI_63525,31,35,951,985,430.27,430.13,0.9997,3.19,11.19,11.944,298.59,0.000828,0.000423,0.001909,0.003859,259.14,0.12452,0.32201,0.43934,straight,straight
MVI_63525,32,167,789,955,199.33,194.04,0.9734,32.8,166.63,1.241,31.02,0.018386,9.7e-05,0.034942,0.364204,2.75,0.00229,1.35822,6.00808,curved,gentle
MVI_63544,1,11,1,11,71.09,59.75,0.8404,98.31,98.31,7.148,178.7,0.023964,0.022594,0.036651,0.03869,25.85,4.03745,5.57397,5.77892,unknown,unknown
MVI_63544,2,16,1,16,250.74,249.73,0.996,19.34,33.55,18.049,451.23,0.004371,0.001369,0.011357,0.026261,38.08,0.61617,2.63014,4.63597,straight,gentle
MVI_63544,3,56,1,56,519.89,518.74,0.9978,6.46,41.42,9.137,228.44,0.002314,0.000978,0.006172,0.008734,114.5,0.26229,1.04156,1.35944,straight,straight
MVI_63544,4,121,1,121,358.98,356.32,0.9926,28.23,58.76,2.287,57.18,0.003936,0.001128,0.011168,0.031527,31.72,0.08963,0.61789,1.33127,curved,gentle
MVI_63544,5,98,4,101,635.51,630.95,0.9928,33.89,123.28,6.19,154.75,0.005451,0.002468,0.012787,0.027184,36.79,0.38459,1.76445,2.94141,curved,gentle
MVI_63544,6,91,1,91,677.69,673.29,0.9935,0.11,137.52,6.38,159.5,0.006679,0.002706,0.024936,0.040112,24.93,0.43633,2.51643,3.2441,straight,straight
MVI_63544,7,151,16,166,798.08,791.31,0.9915,50.66,259.56,4.483,112.09,0.011817,0.005866,0.022606,0.125311,7.98,0.84369,1.78617,4.0805,curved,sharp
MVI_63544,8,146,76,221,751.59,748.38,0.9957,20.43,145.64,4.584,114.6,0.006908,0.002618,0.0231,0.044972,22.24,0.37427,1.11221,2.31379,curved,gentle
MVI_63544,9,96,81,176,762.22,758.54,0.9952,37.23,102.1,7.498,187.45,0.005144,0.002486,0.011604,0.075737,13.2,0.48404,1.26952,2.19174,curved,gentle
MVI_63544,10,166,101,266,784.93,778.34,0.9916,46.02,232.83,4.318,107.96,0.00988,0.00606,0.020628,0.076469,13.08,0.63051,1.55644,2.82337,curved,sharp
MVI_63544,11,121,126,246,836.24,832.75,0.9958,32.59,142.21,5.82,145.51,0.007893,0.002958,0.017359,0.072609,13.77,0.47693,1.28613,3.55094,curved,gentle
MVI_63544,12,151,216,366,760.83,758.03,0.9963,27.08,150.92,4.902,122.56,0.005823,0.00298,0.013265,0.062206,16.08,0.43977,1.04327,2.75569,curved,gentle
MVI_63544,13,216,341,556,745.99,732.19,0.9815,21.21,384.48,3.445,86.13,0.01306,0.009661,0.025104,0.075975,13.16,0.84154,2.03265,4.01682,curved,gentle
MVI_63544,14,111,551,661,890.81,887.11,0.9958,32.87,139.96,4.898,122.45,0.007738,0.002417,0.017722,0.053319,18.75,0.49277,1.44364,2.93156,curved,gentle
MVI_63544,15,271,591,861,790.18,766.37,0.9699,103.3,674.99,3.297,82.43,0.040741,0.009303,0.099264,0.674119,1.48,0.75067,3.4451,11.3695,curved,sharp
MVI_63544,16,76,816,891,857.11,855.74,0.9984,23.2,55.1,6.91,172.75,0.002869,0.001149,0.009431,0.015977,62.59,0.26684,0.80262,1.28319,curved,gentle
MVI_63544,17,65,1096,1160,773.43,768.15,0.9932,0.52,69.56,10.197,254.93,0.003092,0.00131,0.011456,0.015367,65.08,0.42826,1.45694,1.81815,straight,straight
MVI_63552,1,31,1,31,774.24,770.01,0.9945,12.16,17.93,24.736,618.41,0.000431,0.000194,0.00098,0.001339,747.08,0.14161,0.74199,1.10429,straight,gentle
MVI_63552,2,26,1,26,643.35,643.3,0.9999,0.65,3.25,27.124,678.1,0.000107,8.2e-05,0.000269,0.000339,2946.72,0.04337,0.15557,0.19869,straight,straight
MVI_63552,3,11,1,11,56.98,56.9,0.9985,10.77,10.77,5.69,142.24,0.003304,0.003306,0.003646,0.003727,268.31,0.47031,0.50199,0.5094,unknown,unknown
MVI_63552,4,26,1,26,223.03,222.81,0.999,8.88,14.92,8.847,221.17,0.001439,0.000637,0.003485,0.004231,236.35,0.15134,0.65167,0.7669,straight,straight
MVI_63552,5,36,1,36,361.96,361.5,0.9987,3.76,17.97,10.265,256.62,0.001177,0.001099,0.002112,0.004041,247.47,0.24569,0.43481,0.79638,straight,straight
MVI_63552,6,21,31,51,359.43,352.28,0.9801,28.74,58.66,18.068,451.7,0.00431,0.003328,0.008293,0.018375,54.42,1.32791,1.93391,3.27856,curved,gentle
MVI_63552,7,56,46,101,808.7,806.71,0.9975,3.49,42.92,13.71,342.74,0.001429,0.00075,0.004186,0.006227,160.58,0.22588,0.91141,1.51278,straight,straight
MVI_63552,8,56,51,106,720.86,720.36,0.9993,4.38,20.41,12.334,308.36,0.000561,0.000505,0.00113,0.001926,519.09,0.16278,0.3323,0.62084,straight,straight
MVI_63552,9,66,56,121,689.69,688.47,0.9982,0.93,48.5,10.671,266.79,0.001662,0.001267,0.004531,0.006243,160.17,0.33257,0.89309,1.27343,straight,straight
MVI_63552,10,41,61,101,895.09,889.68,0.994,60.69,65.66,21.457,536.43,0.005885,0.000311,0.011325,0.094628,10.57,0.1587,2.03109,8.36344,curved,sharp
MVI_63552,11,56,86,141,859.69,859.03,0.9992,5.52,27.26,14.576,364.4,0.001505,0.000299,0.004293,0.015315,65.3,0.16136,0.62167,1.12624,straight,straight
MVI_63552,12,61,91,151,747.52,746.9,0.9992,13.73,30.98,11.119,277.98,0.001211,0.000679,0.003719,0.005234,191.05,0.20123,0.66567,0.84084,straight,gentle
MVI_63552,13,46,106,151,730.39,729.2,0.9984,0.55,33.05,16.462,411.56,0.001052,0.000753,0.002614,0.003819,261.82,0.32164,0.67654,0.80378,straight,straight
MVI_63552,14,6,106,111,58.34,58.32,0.9996,4.17,4.17,11.434,285.85,0.001031,0.000829,0.002258,0.002497,400.46,0.27877,0.68401,0.73243,unknown,unknown
MVI_63552,15,46,116,161,906.61,903.21,0.9963,2.53,40.15,19.666,491.65,0.002751,0.000488,0.011151,0.023818,41.99,0.28404,1.27063,2.10919,straight,straight
MVI_63552,16,62,116,177,762.37,762.24,0.9998,2.2,14.38,11.539,288.48,0.000461,0.000399,0.00092,0.001182,846.06,0.13388,0.20101,0.27605,straight,straight
MVI_63552,17,81,121,201,744.89,743.41,0.998,7.25,51.52,8.441,211.02,0.001765,0.001284,0.004026,0.006263,159.68,0.28704,0.76618,1.08907,straight,straight
MVI_63552,18,66,141,206,802.95,802.02,0.9988,2.52,32.24,11.335,283.36,0.001028,0.00075,0.002331,0.003508,285.04,0.21863,0.5527,0.78357,straight,straight
MVI_63552,19,61,151,211,776.93,776.02,0.9988,20.43,36.89,10.87,271.76,0.001502,0.000647,0.002706,0.022769,43.92,0.21736,0.62712,3.64931,curved,gentle
MVI_63552,20,61,151,211,832.63,831.07,0.9981,15.99,40.99,13.45,336.25,0.001793,0.000748,0.002454,0.02525,39.6,0.29511,0.54156,2.1414,straight,gentle
MVI_63552,21,56,156,211,905.43,904.72,0.9992,22.72,39.09,15.368,384.19,0.002451,0.000478,0.005832,0.034428,29.05,0.18598,0.88378,2.98021,curved,gentle
MVI_63552,22,41,161,201,902.89,899.33,0.9961,13.19,42.25,22.884,572.1,0.004596,0.000573,0.004023,0.109642,9.12,0.29762,0.69816,6.32312,straight,gentle
MVI_63552,23,66,166,231,797.95,795.86,0.9974,21.95,48.92,11.397,284.93,0.001503,0.000739,0.002284,0.021203,47.16,0.19752,0.65648,3.8988,curved,gentle
MVI_63552,24,61,186,246,932.14,929.97,0.9977,1.69,47.04,13.575,339.37,0.002694,0.00074,0.003422,0.068599,14.58,0.27256,0.97106,2.70283,straight,straight
MVI_63552,25,41,186,226,811.84,804.98,0.9916,16.5,29.0,20.362,509.06,0.000687,0.000669,0.001276,0.001655,604.31,0.31469,0.62144,1.04721,straight,gentle
MVI_63552,26,56,191,246,757.38,756.02,0.9982,22.42,44.33,12.293,307.32,0.001552,0.000788,0.002555,0.019582,51.07,0.24537,0.59109,3.6444,curved,gentle
MVI_63552,27,61,206,266,759.75,758.74,0.9987,24.6,39.98,11.769,294.22,0.001614,0.000799,0.00372,0.012271,81.5,0.23138,0.88176,1.6744,curved,gentle
MVI_63552,28,21,211,231,398.46,391.66,0.9829,43.86,43.86,21.893,547.32,0.002719,0.001453,0.006817,0.011145,89.72,0.79547,2.12717,2.95224,curved,gentle
MVI_63552,29,10,231,240,85.93,79.74,0.928,62.65,62.65,9.504,237.6,0.016369,0.011543,0.038149,0.041677,23.99,2.73445,6.681,7.08746,unknown,unknown
MVI_63552,30,56,241,296,910.72,909.75,0.9989,9.39,30.49,14.445,361.12,0.001238,0.000541,0.001985,0.017528,57.05,0.28049,0.4812,1.19018,straight,straight
MVI_63552,31,86,241,326,745.75,743.79,0.9974,30.57,63.73,8.23,205.74,0.002208,0.001101,0.005305,0.015904,62.88,0.23994,0.91505,2.52435,curved,gentle
MVI_63552,32,66,251,316,743.2,742.84,0.9995,2.99,29.29,10.873,271.83,0.001219,0.000752,0.002153,0.010052,99.48,0.18408,0.41918,0.98946,straight,straight
MVI_63552,33,51,266,316,762.21,761.85,0.9995,10.22,20.26,14.256,356.4,0.000774,0.000401,0.001936,0.006304,158.64,0.1392,0.38109,0.79634,straight,gentle
MVI_63552,34,51,291,341,749.9,748.96,0.9987,0.74,20.93,14.451,361.28,0.000577,0.000446,0.001253,0.001698,588.77,0.16036,0.41869,0.82565,straight,straight
MVI_63552,35,46,301,346,840.25,834.77,0.9935,19.05,29.95,16.694,417.36,0.001021,0.000837,0.002702,0.003569,280.21,0.22777,0.68443,0.78771,straight,gentle
MVI_63552,36,26,301,326,407.16,403.11,0.9901,29.52,32.5,17.846,446.14,0.002156,0.001432,0.005022,0.010536,94.92,0.62026,1.01122,1.61873,curved,gentle
MVI_63552,37,61,306,366,737.81,736.78,0.9986,4.37,27.25,11.898,297.45,0.000855,0.000544,0.001876,0.003055,327.38,0.17362,0.56781,0.93292,straight,straight
MVI_63552,38,56,311,366,791.44,789.77,0.9979,34.74,44.43,12.623,315.57,0.001665,0.000618,0.004607,0.013595,73.55,0.24101,1.09209,2.85634,curved,gentle
MVI_63552,39,61,316,376,933.17,931.92,0.9987,10.63,41.36,14.74,368.5,0.001448,0.0008,0.004046,0.006707,149.11,0.32481,0.60857,0.99057,straight,gentle
MVI_63552,40,61,351,411,732.87,731.6,0.9983,21.43,50.1,11.393,284.84,0.002207,0.000805,0.002813,0.040774,24.53,0.26662,0.6575,5.64933,curved,gentle
MVI_63552,41,61,371,431,941.23,940.82,0.9996,2.28,24.18,14.101,352.52,0.001466,0.000469,0.002759,0.018839,53.08,0.21857,0.44981,0.77361,straight,straight
MVI_63552,42,16,391,406,289.17,284.84,0.985,33.58,33.58,20.486,512.16,0.002102,0.002443,0.002822,0.002837,352.52,1.171,1.4711,1.47622,curved,gentle
MVI_63552,43,46,396,441,817.43,810.66,0.9917,58.22,73.77,17.437,435.92,0.00528,0.000905,0.01329,0.066378,15.07,0.41454,1.98224,5.81239,curved,sharp
MVI_63552,44,51,401,451,737.24,736.85,0.9995,3.65,13.29,14.206,355.15,0.000389,0.000288,0.000746,0.001191,839.95,0.11892,0.24295,0.28076,straight,straight
MVI_63552,45,46,426,471,813.49,808.49,0.9939,69.04,80.16,16.287,407.18,0.007701,0.000815,0.012322,0.13509,7.4,0.43844,1.74647,8.66726,curved,sharp
MVI_63552,46,16,431,446,346.0,340.85,0.9851,28.59,32.99,22.748,568.69,0.001758,0.001849,0.003213,0.003238,308.82,1.08588,1.81175,1.82137,curved,gentle
MVI_63552,47,61,431,491,950.39,949.71,0.9993,19.57,38.13,15.504,387.61,0.004886,0.000355,0.00317,0.167107,5.98,0.1631,0.47498,5.71041,straight,gentle
MVI_63552,48,66,451,516,823.76,821.62,0.9974,5.6,33.44,12.018,300.45,0.000846,0.000824,0.001504,0.002215,451.56,0.22862,0.48382,0.5804,straight,straight
MVI_63552,49,51,461,511,724.45,723.85,0.9992,4.59,27.51,13.819,345.48,0.001068,0.000642,0.003259,0.00376,265.95,0.2324,0.72176,0.79395,straight,straight
MVI_63552,50,21,461,481,373.4,367.89,0.9852,21.56,34.71,19.216,480.4,0.001708,0.001698,0.00298,0.005139,194.59,0.56241,1.59028,1.73913,curved,gentle
MVI_63552,51,51,466,516,926.4,921.14,0.9943,3.85,49.13,18.041,451.02,0.001589,0.001021,0.004081,0.006321,158.22,0.45993,0.91766,1.46886,straight,straight
MVI_63552,52,61,481,541,791.57,790.3,0.9984,9.25,35.02,12.96,324.01,0.001221,0.000671,0.004257,0.005983,167.15,0.20788,0.7428,0.98084,straight,straight
MVI_63552,53,26,486,511,368.83,363.17,0.9847,33.02,94.47,16.862,421.55,0.017516,0.002348,0.057664,0.144748,6.91,1.10852,5.08697,9.4768,curved,gentle
MVI_63552,54,76,491,566,753.83,752.19,0.9978,13.45,54.79,9.26,231.51,0.002093,0.001145,0.007039,0.010951,91.31,0.27949,0.92741,1.29367,straight,gentle
MVI_63552,55,71,496,566,729.81,727.55,0.9969,27.62,58.36,9.689,242.24,0.002363,0.001132,0.007404,0.010968,91.18,0.3042,0.99336,1.47595,curved,gentle
MVI_63552,56,41,501,541,683.19,680.71,0.9964,37.42,44.97,16.386,409.64,0.002886,0.000868,0.008404,0.02731,36.62,0.38209,1.36165,2.9874,curved,gentle
MVI_63552,57,66,506,571,876.83,874.76,0.9976,30.03,85.21,11.543,288.58,0.007445,0.001135,0.012126,0.083511,11.97,0.3598,1.52485,4.67056,curved,gentle
MVI_63552,58,51,526,576,866.27,860.37,0.9932,7.04,61.14,16.599,414.98,0.003926,0.000571,0.018857,0.024345,41.08,0.26426,1.85866,2.20374,straight,straight
MVI_63552,59,21,531,551,166.73,166.62,0.9994,8.58,8.89,7.898,197.45,0.00127,0.000377,0.003304,0.003839,260.5,0.09416,0.50965,0.56324,straight,straight
MVI_63552,60,61,531,591,833.15,830.28,0.9966,16.39,57.05,12.584,314.6,0.001513,0.001297,0.002317,0.010457,95.63,0.29322,0.96236,2.72957,straight,gentle
MVI_63552,61,71,536,606,759.39,757.1,0.997,24.33,72.25,10.865,271.62,0.002885,0.001311,0.007006,0.019531,51.2,0.35726,1.14045,2.59621,curved,gentle
MVI_63552,62,66,541,606,933.93,932.37,0.9983,44.42,61.12,13.646,341.16,0.004179,0.00053,0.008438,0.068135,14.68,0.25232,1.09188,4.56342,curved,gentle
MVI_63552,63,71,546,616,727.87,724.48,0.9953,32.26,83.59,10.204,255.09,0.003312,0.001741,0.00671,0.019284,51.86,0.44881,1.33889,2.5351,curved,gentle
MVI_63552,64,56,556,611,902.93,897.59,0.9941,10.49,43.44,14.752,368.8,0.001311,0.000754,0.003744,0.006385,156.63,0.3433,0.79819,1.1228,straight,gentle
MVI_63552,65,21,556,576,340.92,337.4,0.9897,20.5,25.22,16.532,413.31,0.001346,0.001481,0.002505,0.002617,382.09,0.54551,1.04073,1.13832,curved,gentle
MVI_63552,66,56,571,626,744.22,743.3,0.9988,19.56,43.45,13.134,328.35,0.00185,0.00099,0.004969,0.011574,86.4,0.30865,1.05333,1.74179,straight,gentle
MVI_63552,67,61,576,636,880.0,877.57,0.9972,43.68,67.94,13.492,337.29,0.005532,0.00058,0.008648,0.112552,8.88,0.24082,1.17647,6.51873,curved,gentle
MVI_63552,68,16,586,601,250.84,248.28,0.9898,24.37,25.42,15.428,385.71,0.002011,0.002535,0.003897,0.004098,244.04,0.9749,1.38492,1.43165,curved,gentle
MVI_63552,69,71,586,656,769.05,767.5,0.998,28.13,56.32,9.731,243.27,0.002289,0.000909,0.004204,0.039607,25.25,0.2445,0.94178,4.67483,curved,gentle
MVI_63552,70,31,591,621,516.33,509.9,0.9875,33.14,40.35,19.887,497.18,0.002502,0.001176,0.005545,0.017253,57.96,0.52358,1.15975,2.01781,curved,gentle
MVI_63552,71,51,601,651,788.25,784.2,0.9949,2.66,46.16,13.754,343.86,0.002791,0.000561,0.009132,0.019371,51.62,0.21259,1.0828,1.46573,straight,straight
MVI_63552,72,66,611,676,759.75,758.57,0.9985,6.47,44.9,11.357,283.93,0.001809,0.001091,0.004818,0.007649,130.74,0.3536,0.71829,1.19241,straight,straight
MVI_63552,73,66,621,686,807.03,806.16,0.9989,0.02,30.73,11.455,286.39,0.001074,0.000734,0.002754,0.003514,284.58,0.23848,0.4375,0.61017,straight,straight
MVI_63552,74,81,621,701,757.29,756.19,0.9985,16.91,43.85,9.195,229.88,0.001448,0.000877,0.002912,0.012212,81.88,0.20381,0.5764,1.97434,straight,gentle
MVI_63552,75,21,626,646,356.79,352.79,0.9888,31.85,31.85,18.855,471.38,0.001978,0.001374,0.003683,0.008652,115.57,0.636,1.13387,2.0038,curved,gentle
MVI_63552,76,26,651,676,425.61,421.19,0.9896,18.44,24.9,18.761,469.02,0.001022,0.000664,0.002467,0.002778,360.03,0.24206,1.12166,1.27286,straight,gentle
MVI_63552,77,51,651,701,783.88,780.25,0.9954,15.05,41.64,14.665,366.63,0.00266,0.000968,0.00699,0.024437,40.92,0.37807,0.85308,1.41889,straight,gentle
MVI_63552,78,66,661,726,785.8,783.74,0.9974,11.63,50.65,11.474,286.84,0.001504,0.00134,0.002882,0.003727,268.28,0.41134,0.68478,0.92153,straight,gentle
MVI_63552,79,76,661,736,770.76,769.26,0.9981,25.07,40.77,10.047,251.18,0.001276,0.000583,0.004314,0.005074,197.07,0.15228,0.56954,1.19913,curved,gentle
MVI_63552,80,51,661,711,886.05,885.14,0.999,9.6,25.44,16.171,404.27,0.000771,0.000726,0.001618,0.00246,406.52,0.21129,0.58917,0.73832,straight,straight
MVI_63552,81,56,676,731,693.31,692.86,0.9993,10.24,22.35,11.484,287.09,0.000943,0.00056,0.002465,0.004171,239.75,0.15855,0.45141,0.72135,straight,gentle
MVI_63552,82,31,686,716,472.03,466.32,0.9879,36.77,36.77,17.253,431.32,0.002798,0.001005,0.004362,0.031918,31.33,0.38831,0.92246,2.86571,curved,gentle
MVI_63552,83,61,691,751,781.49,780.29,0.9985,19.51,41.63,11.424,285.6,0.001235,0.000893,0.002522,0.009061,110.36,0.21318,0.66528,2.19144,straight,gentle
MVI_63552,84,51,691,741,859.61,858.42,0.9986,56.0,77.07,15.297,382.42,0.014739,0.000154,0.007616,0.431697,2.32,0.10758,1.16477,17.18698,curved,sharp
MVI_63552,85,6,706,711,48.56,48.56,1.0,0.0,0.0,9.712,242.8,0.0,0.0,0.0,0.0,40075101.97,1e-05,1e-05,1e-05,unknown,unknown
MVI_63552,86,56,706,761,752.46,751.91,0.9993,4.15,22.7,12.411,310.27,0.000695,0.000606,0.001532,0.002186,457.39,0.16555,0.39771,0.55163,straight,straight
MVI_63552,87,46,716,761,653.68,653.22,0.9993,4.03,20.24,13.93,348.25,0.000786,0.000541,0.002373,0.002448,408.43,0.2268,0.56555,0.5775,straight,straight
MVI_63552,88,51,716,766,845.04,840.22,0.9943,10.4,44.94,14.713,367.83,0.001898,0.000945,0.006088,0.013488,74.14,0.3595,0.70987,1.07366,straight,gentle
MVI_63552,89,51,721,771,894.08,893.41,0.9992,6.59,29.19,15.371,384.27,0.001522,0.000481,0.003277,0.020685,48.35,0.22884,0.57344,1.95862,straight,straight
MVI_63552,90,56,726,781,678.96,678.26,0.999,13.56,30.11,12.147,303.66,0.00106,0.000583,0.002342,0.007801,128.19,0.19414,0.64728,1.54519,straight,gentle
MVI_63552,91,66,726,791,754.09,751.4,0.9964,1.5,80.23,10.361,259.02,0.003363,0.001159,0.009455,0.042452,23.56,0.39546,1.62336,5.63002,straight,straight
MVI_63552,92,26,731,756,402.21,397.96,0.9894,18.09,22.89,17.22,430.49,0.001012,0.000655,0.00239,0.002767,361.37,0.19993,1.01507,1.18101,straight,gentle
MVI_63552,93,36,746,781,512.12,499.87,0.9761,90.67,136.28,17.126,428.16,0.017927,0.001139,0.06851,0.155272,6.44,0.50798,6.33358,11.03036,curved,sharp
MVI_63552,94,56,751,806,764.18,763.05,0.9985,4.55,19.88,12.795,319.87,0.000719,0.00046,0.001647,0.002997,333.66,0.16008,0.39613,0.51093,straight,straight
MVI_63552,95,51,756,806,880.74,877.43,0.9962,2.28,41.89,17.142,428.55,0.001976,0.00061,0.006372,0.009011,110.98,0.37037,0.85505,1.09051,straight,straight
MVI_63552,96,6,766,771,56.05,56.05,1.0,0.0,0.01,11.21,280.24,2e-06,2e-06,3e-06,3e-06,357487.37,0.00043,0.00078,0.00078,unknown,unknown
MVI_63552,97,46,771,816,832.56,832.07,0.9994,0.24,23.32,17.351,433.79,0.000728,0.000581,0.001881,0.001887,529.99,0.24985,0.45632,0.63654,straight,straight
MVI_63552,98,56,771,826,726.85,726.67,0.9998,2.21,14.66,12.48,312.0,0.000635,0.000387,0.001757,0.002293,436.07,0.13141,0.34294,0.52616,straight,straight
MVI_63552,99,31,781,811,480.99,475.75,0.9891,17.4,30.99,18.063,451.58,0.00147,0.001128,0.003008,0.005194,192.53,0.31003,1.04564,1.32156,straight,gentle
MVI_63552,100,51,786,836,902.79,897.86,0.9945,18.23,32.7,16.857,421.43,0.001034,0.000588,0.002588,0.006376,156.83,0.20606,0.63432,1.23446,straight,gentle
MVI_63552,101,66,791,856,741.88,740.72,0.9984,0.62,43.44,11.24,280.99,0.001677,0.001101,0.004076,0.006552,152.63,0.30446,0.75645,1.034,straight,straight
MVI_63552,102,31,806,836,470.68,465.9,0.9898,26.04,30.87,18.322,458.05,0.001882,0.001126,0.003065,0.01316,75.99,0.34741,1.02048,1.17007,curved,gentle
MVI_63552,103,56,811,866,897.59,897.14,0.9995,0.07,23.45,15.364,384.1,0.000842,0.00063,0.001822,0.002689,371.82,0.22127,0.46048,0.67708,straight,straight
MVI_63552,104,46,811,856,628.1,627.67,0.9993,9.37,19.35,12.666,316.66,0.000728,0.00041,0.002391,0.002427,412.05,0.13826,0.5767,0.58246,straight,straight
MVI_63552,105,56,821,876,725.87,724.61,0.9983,1.02,49.53,12.228,305.71,0.002332,0.000612,0.007049,0.014242,70.21,0.20027,1.41484,2.50461,straight,straight
MVI_63552,106,56,836,891,750.7,750.19,0.9993,4.58,22.25,12.776,319.4,0.000865,0.000498,0.002335,0.002992,334.24,0.18598,0.49176,0.59563,straight,straight
MVI_63552,107,71,841,911,789.71,787.48,0.9972,25.12,44.47,9.913,247.83,0.001411,0.000878,0.003047,0.009041,110.61,0.25698,0.62349,1.50576,curved,gentle
MVI_63552,108,51,846,896,851.1,850.73,0.9996,0.41,15.41,15.249,381.24,0.000518,0.00038,0.001395,0.002077,481.52,0.11711,0.32917,0.46609,straight,straight
MVI_63552,109,46,856,901,781.49,777.53,0.9949,55.61,61.59,15.872,396.81,0.006411,0.000671,0.010761,0.118829,8.42,0.37633,1.43378,7.1448,curved,sharp
MVI_63552,110,41,876,916,609.53,608.86,0.9989,6.57,13.79,14.878,371.95,0.000553,0.000522,0.000899,0.001459,685.58,0.17543,0.32666,0.40657,straight,straight
MVI_63552,111,31,881,911,524.88,520.69,0.992,28.84,30.85,18.621,465.52,0.002205,0.000647,0.004496,0.022918,43.63,0.22301,0.99291,2.64231,curved,gentle
MVI_63552,112,56,881,936,891.56,890.49,0.9988,4.92,37.33,14.11,352.75,0.001484,0.000663,0.003051,0.015098,66.24,0.24973,0.81536,1.82661,straight,straight
MVI_63552,113,61,891,951,742.69,741.2,0.998,20.12,39.17,11.399,284.99,0.001303,0.000494,0.001428,0.022714,44.03,0.13984,0.61949,4.09835,curved,gentle
MVI_63552,114,36,896,931,550.17,549.84,0.9994,2.57,13.03,15.19,379.76,0.000474,0.000343,0.000852,0.002697,370.74,0.14308,0.3369,0.72769,straight,straight
MVI_63552,115,56,911,966,917.59,913.04,0.995,11.56,54.79,15.447,386.17,0.003337,0.000752,0.009817,0.037969,26.34,0.27129,1.1325,2.53824,straight,gentle
MVI_63552,116,46,916,961,683.13,682.91,0.9997,1.16,10.2,14.603,365.06,0.000347,0.000391,0.000636,0.000891,1121.95,0.11254,0.2856,0.39956,straight,straight
MVI_63552,117,11,921,931,190.04,189.75,0.9985,11.45,11.45,18.975,474.37,0.001123,0.001008,0.001762,0.002052,487.39,0.478,0.69376,0.7679,unknown,unknown
MVI_63552,118,66,921,986,941.59,939.37,0.9976,32.79,72.88,13.101,327.53,0.003988,0.001088,0.011829,0.030903,32.36,0.38528,1.29494,2.00372,curved,gentle
MVI_63552,119,56,926,981,752.74,747.42,0.9929,59.67,73.39,13.627,340.68,0.00252,0.000676,0.004559,0.029746,33.62,0.22035,1.57454,6.54917,curved,sharp
MVI_63552,120,61,926,986,756.36,753.15,0.9958,31.13,46.9,12.185,304.62,0.001295,0.000674,0.003421,0.007908,126.46,0.22319,1.27257,2.22376,curved,gentle
MVI_63552,121,51,941,991,859.19,852.91,0.9927,45.5,55.14,16.431,410.78,0.002796,0.000544,0.010694,0.019764,50.6,0.29943,1.33146,1.80659,curved,sharp
MVI_63552,122,61,951,1011,783.61,782.0,0.9979,9.21,39.19,12.55,313.76,0.001166,0.001027,0.002302,0.003502,285.56,0.32411,0.64239,0.83672,straight,straight
MVI_63552,123,21,956,976,349.97,343.92,0.9827,42.23,42.23,18.327,458.17,0.002606,0.001788,0.005972,0.00934,107.07,0.78198,1.89421,2.55223,curved,gentle
MVI_63552,124,56,961,1016,753.75,752.85,0.9988,4.4,36.38,12.634,315.86,0.001299,0.000848,0.003208,0.004515,221.5,0.26137,0.74357,0.89093,straight,straight
MVI_63552,125,56,976,1031,878.61,877.64,0.9989,5.18,31.42,13.283,332.07,0.001055,0.000698,0.002378,0.00374,267.41,0.23692,0.72123,1.06495,straight,straight
MVI_63552,126,46,976,1021,660.18,659.55,0.999,9.45,24.22,14.391,359.77,0.000917,0.000573,0.002138,0.004868,205.43,0.23698,0.62003,0.89439,straight,straight
MVI_63552,127,61,981,1041,775.82,774.7,0.9985,1.35,33.21,11.836,295.89,0.001189,0.000827,0.001946,0.015369,65.07,0.25201,0.44418,2.27825,straight,straight
MVI_63552,128,16,991,1006,278.21,275.19,0.9891,28.53,29.21,18.501,462.52,0.002058,0.001531,0.004914,0.005676,176.18,0.74786,1.94656,2.14362,curved,gentle
MVI_63552,129,61,991,1051,753.28,751.54,0.9977,29.1,57.3,11.613,290.33,0.002161,0.001074,0.006833,0.010107,98.95,0.331,1.11829,2.13488,curved,gentle
MVI_63552,130,61,1006,1066,755.82,754.33,0.998,14.72,33.69,11.923,298.07,0.000993,0.000608,0.002238,0.003478,287.54,0.23035,0.54932,0.96107,straight,gentle
MVI_63552,131,26,1016,1041,455.23,451.41,0.9916,11.27,28.58,18.267,456.68,0.001161,0.000963,0.002111,0.002583,387.12,0.46015,1.07294,1.32508,straight,gentle
MVI_63552,132,61,1021,1081,756.25,755.64,0.9992,7.26,26.12,11.861,296.53,0.000932,0.000622,0.002325,0.004219,237.03,0.18291,0.44875,0.88916,straight,straight
MVI_63552,133,56,1026,1081,915.6,914.69,0.999,11.05,33.91,15.499,387.48,0.001051,0.000682,0.002896,0.003289,304.08,0.29951,0.61924,0.94366,straight,gentle
MVI_63552,134,36,1026,1061,699.04,695.46,0.9949,36.07,39.6,19.075,476.88,0.002053,0.00091,0.005074,0.018336,54.54,0.44176,0.92879,2.19322,curved,gentle
MVI_63552,135,16,1041,1056,216.91,210.98,0.9727,67.76,67.76,15.183,379.57,0.010933,0.00347,0.035637,0.052081,19.2,1.30293,6.06394,7.84219,curved,sharp
MVI_63552,136,56,1056,1111,864.83,864.23,0.9993,3.89,27.85,13.423,335.57,0.000922,0.00058,0.002354,0.003087,323.98,0.1975,0.56762,0.72778,straight,straight
MVI_63552,137,31,1056,1086,471.87,471.74,0.9997,2.24,8.55,15.672,391.8,0.000425,0.000389,0.000773,0.000971,1029.43,0.15449,0.25169,0.38712,straight,straight
MVI_63552,138,61,1056,1116,778.52,777.42,0.9986,14.24,37.99,12.358,308.96,0.001167,0.000518,0.001678,0.015933,62.76,0.15613,0.61546,2.93828,straight,gentle
MVI_63552,139,61,1071,1131,853.93,849.19,0.9945,31.03,57.99,13.005,325.13,0.003769,0.000853,0.017658,0.018866,53.0,0.33084,1.40644,1.47725,curved,gentle
MVI_63552,140,16,1076,1091,231.23,230.83,0.9983,10.99,10.99,15.585,389.62,0.000758,0.000639,0.00127,0.001466,681.99,0.2478,0.47923,0.5275,straight,gentle
MVI_63552,141,51,1086,1136,843.4,842.96,0.9995,0.84,15.03,14.902,372.54,0.00053,0.000353,0.001287,0.001864,536.52,0.14477,0.41699,0.58552,straight,straight
MVI_63552,142,46,1086,1131,635.31,634.7,0.999,13.45,16.33,13.424,335.6,0.000587,0.000286,0.001731,0.002685,372.38,0.09704,0.43806,0.58728,straight,gentle
MVI_63552,143,45,1106,1150,633.49,630.93,0.996,8.0,27.24,13.452,336.29,0.000845,0.000628,0.001625,0.003336,299.75,0.20757,0.68258,1.16751,straight,straight
MVI_63552,144,40,1111,1150,388.93,386.88,0.9947,16.75,41.28,8.916,222.9,0.002687,0.001702,0.005703,0.012446,80.35,0.40632,1.01503,1.65395,straight,gentle
MVI_63552,145,31,1116,1146,552.89,552.7,0.9997,4.49,9.89,19.313,482.83,0.000428,0.00026,0.001041,0.001248,801.31,0.12727,0.38156,0.43057,straight,straight
MVI_63552,146,21,1126,1146,370.11,366.49,0.9902,7.33,28.21,18.27,456.76,0.001411,0.001547,0.002838,0.003015,331.67,0.76908,1.27941,1.54718,straight,straight
MVI_63552,147,25,1126,1150,410.5,409.68,0.998,18.7,21.59,17.559,438.98,0.001553,0.000463,0.003939,0.012915,77.43,0.21471,1.15456,2.55959,straight,gentle
MVI_63552,148,25,1126,1150,238.89,238.55,0.9986,10.81,18.17,9.326,233.16,0.001961,0.001196,0.004826,0.005626,177.75,0.31419,0.94655,1.04855,straight,gentle
MVI_63552,149,10,1141,1150,129.31,127.65,0.9872,32.99,32.99,14.17,354.25,0.004854,0.004485,0.007809,0.00856,116.82,1.58268,2.33379,2.48146,unknown,unknown
MVI_63552,150,10,1141,1150,43.91,43.34,0.9869,39.51,39.51,4.683,117.07,0.025302,0.013436,0.05969,0.095612,10.46,1.57232,3.97041,5.45559,unknown,unknown
MVI_63552,151,5,1146,1150,53.28,53.24,0.9993,8.42,8.42,13.31,332.76,0.003513,0.002452,0.006682,0.008299,120.5,0.81584,1.57492,1.83923,unknown,unknown
MVI_63552,152,19,145,163,331.91,329.13,0.9916,15.29,24.97,20.105,502.63,0.001561,0.001117,0.002347,0.005127,195.04,0.59553,1.02144,1.13261,straight,gentle
MVI_63553,1,56,1,56,868.7,867.93,0.9991,11.16,26.72,15.003,375.07,0.000982,0.000362,0.003972,0.004809,207.95,0.15155,0.65416,0.73872,straight,gentle
MVI_63553,2,46,1,46,825.65,822.4,0.9961,16.54,24.76,18.451,461.27,0.000636,0.000461,0.001399,0.002495,400.85,0.16057,0.64055,0.73204,straight,gentle
MVI_63553,3,31,1,31,650.79,650.33,0.9993,2.61,14.41,21.117,527.93,0.000601,0.000428,0.0012,0.002089,478.74,0.26992,0.47042,0.60827,straight,straight
MVI_63553,4,21,1,21,499.65,497.11,0.9949,18.3,21.13,25.011,625.27,0.000822,0.000657,0.001746,0.002082,480.28,0.41118,0.96027,1.08007,straight,gentle
MVI_63553,5,16,1,16,265.63,265.58,0.9998,3.43,4.83,18.104,452.61,0.000369,0.000208,0.000775,0.000909,1100.34,0.09474,0.29301,0.32602,straight,straight
MVI_63553,6,46,1,46,279.83,278.96,0.9969,53.29,67.1,5.394,134.84,0.017144,0.001988,0.010928,0.465124,2.15,0.35431,1.05743,12.98793,curved,sharp
MVI_63553,7,16,1,16,84.37,84.35,0.9997,3.79,6.9,5.486,137.14,0.001818,0.001318,0.003899,0.005848,171.01,0.17067,0.44129,0.57925,straight,straight
MVI_63553,8,51,1,51,428.36,428.02,0.9992,8.09,23.79,7.645,191.13,0.0014,0.001174,0.002886,0.005551,180.13,0.23678,0.45458,0.5569,straight,straight
MVI_63553,9,76,1,76,798.04,797.32,0.9991,13.93,37.84,9.662,241.56,0.001348,0.000779,0.003921,0.004484,223.01,0.26114,0.48604,0.54654,straight,gentle
MVI_63553,10,81,11,91,883.12,881.38,0.998,23.34,66.15,10.13,253.24,0.002782,0.000648,0.006123,0.02972,33.65,0.14191,0.85516,3.04461,curved,gentle
MVI_63553,11,81,21,101,822.04,821.43,0.9993,1.28,36.57,8.646,216.14,0.001238,0.000687,0.003241,0.005752,173.84,0.18569,0.51903,0.90795,straight,straight
MVI_63553,12,56,26,81,853.26,845.58,0.991,29.97,41.07,14.077,351.92,0.0014,0.000677,0.002046,0.010328,96.82,0.18137,1.02747,1.411,curved,gentle
MVI_63553,13,16,31,46,250.32,249.39,0.9963,11.91,15.37,16.563,414.07,0.0011,0.001115,0.002092,0.00233,429.24,0.54852,0.84422,0.93665,straight,gentle
MVI_63553,14,61,31,91,880.95,879.77,0.9987,5.8,30.84,13.555,338.88,0.001669,0.000484,0.004086,0.018451,54.2,0.18157,0.64179,1.12599,straight,straight
MVI_63553,15,66,51,116,844.31,843.38,0.9989,3.58,38.63,10.958,273.95,0.001458,0.00086,0.003458,0.007054,141.77,0.30084,0.59473,0.97582,straight,straight
MVI_63553,16,56,56,111,872.99,864.4,0.9902,15.82,42.21,15.568,389.2,0.00121,0.000811,0.002877,0.005916,169.03,0.26741,1.00923,2.02567,straight,gentle
MVI_63553,17,81,56,136,891.26,890.48,0.9991,4.29,31.78,10.063,251.59,0.000849,0.000532,0.001924,0.003657,273.44,0.16242,0.51926,0.93201,straight,straight
MVI_63553,18,71,66,136,899.04,896.18,0.9968,50.78,73.39,12.039,300.96,0.004486,0.000787,0.005309,0.113616,8.8,0.28781,0.93446,6.80025,curved,sharp
MVI_63553,19,76,76,151,806.34,805.63,0.9991,12.23,37.01,10.064,251.61,0.001657,0.000719,0.004743,0.011367,87.98,0.20833,0.7218,1.20519,straight,gentle
MVI_63553,20,51,81,131,873.61,867.67,0.9932,34.72,56.61,16.5,412.5,0.002271,0.00077,0.00745,0.018677,53.54,0.36714,1.48728,2.74475,curved,gentle
MVI_63553,21,61,86,146,919.88,918.72,0.9987,6.0,36.26,13.568,339.21,0.001219,0.000522,0.002985,0.010591,94.42,0.14682,0.66765,2.85294,straight,straight
MVI_63553,22,56,101,156,879.47,873.02,0.9927,5.69,69.23,14.572,364.31,0.00412,0.001067,0.018066,0.021691,46.1,0.53698,1.62369,1.81538,straight,straight
MVI_63553,23,86,106,191,858.27,856.46,0.9979,21.72,48.97,9.206,230.16,0.001509,0.000891,0.003245,0.014213,70.36,0.18399,0.49763,2.91584,curved,gentle
MVI_63553,24,71,111,181,845.13,843.78,0.9984,29.97,44.11,10.859,271.46,0.001732,0.000765,0.003602,0.011208,89.22,0.22577,0.96888,1.33054,curved,gentle
MVI_63553,25,31,121,151,408.64,402.4,0.9847,25.18,74.02,12.277,306.93,0.00506,0.002816,0.008592,0.037078,26.97,1.05508,2.26326,4.56339,curved,gentle
MVI_63553,26,76,126,201,814.44,813.64,0.999,2.55,38.51,9.925,248.13,0.001392,0.000957,0.003941,0.004795,208.57,0.224,0.58808,0.89285,straight,straight
MVI_63553,27,56,131,186,895.04,890.99,0.9955,2.14,42.29,16.059,401.47,0.001989,0.0007,0.004148,0.023043,43.4,0.29417,0.82448,1.43185,straight,straight
MVI_63553,28,66,136,201,869.57,868.42,0.9987,9.48,33.68,12.359,308.96,0.001145,0.00052,0.003596,0.004607,217.08,0.20396,0.61448,1.29568,straight,straight
MVI_63553,29,91,136,226,895.32,891.27,0.9955,20.6,95.66,8.231,205.78,0.003323,0.001202,0.012678,0.018802,53.18,0.27729,1.739,3.83924,curved,gentle
MVI_63553,30,61,141,201,907.36,905.84,0.9983,18.97,50.62,13.65,341.25,0.004886,0.000567,0.006849,0.11585,8.63,0.26576,0.87363,3.94286,straight,gentle
MVI_63553,31,76,146,221,906.88,904.54,0.9974,23.38,48.39,10.646,266.15,0.001512,0.000544,0.006423,0.00976,102.45,0.18078,0.97563,1.46984,curved,gentle
MVI_63553,32,81,146,226,845.89,843.86,0.9976,11.24,56.91,9.407,235.16,0.0021,0.001049,0.005326,0.010592,94.41,0.29307,0.81133,1.65573,straight,gentle
MVI_63553,33,36,156,191,511.5,506.99,0.9912,80.0,89.79,16.407,410.19,0.074341,0.000697,0.014378,2.278142,0.44,0.25775,1.52791,35.99476,curved,sharp
MVI_63553,34,71,171,241,887.89,886.68,0.9986,8.72,37.23,11.468,286.71,0.00127,0.000652,0.0036,0.004629,216.05,0.20918,0.67443,0.76309,straight,straight
MVI_63553,35,46,176,221,654.87,652.36,0.9962,30.14,31.63,14.718,367.94,0.001536,0.000823,0.003481,0.010416,96.0,0.25094,0.66755,0.89849,curved,gentle
MVI_63553,36,71,196,266,798.48,798.12,0.9995,6.51,25.91,10.829,270.71,0.001005,0.000735,0.002451,0.004143,241.35,0.16481,0.4185,0.50685,straight,straight
MVI_63553,37,61,201,261,949.42,947.8,0.9983,25.92,33.98,13.931,348.27,0.001767,0.000349,0.005043,0.019507,51.26,0.14633,0.67166,1.63226,curved,gentle
MVI_63553,38,66,201,266,874.37,872.97,0.9984,17.63,39.99,12.964,324.09,0.001357,0.000612,0.004333,0.008873,112.71,0.18366,0.80606,1.26771,straight,gentle
MVI_63553,39,16,221,236,276.14,274.96,0.9957,12.03,21.2,18.429,460.73,0.001434,0.001085,0.002319,0.002325,430.04,0.49542,1.06891,1.07087,straight,gentle
MVI_63553,40,46,221,266,753.77,750.09,0.9951,13.32,41.08,16.029,400.74,0.002754,0.000835,0.004082,0.042006,23.81,0.3723,0.79359,2.38026,straight,gentle
MVI_63553,41,86,226,311,832.66,831.96,0.9992,5.26,36.03,8.95,223.74,0.001276,0.000957,0.002845,0.00866,115.48,0.17468,0.50248,1.38951,straight,straight
MVI_63553,42,66,236,301,872.89,871.3,0.9982,2.44,41.89,13.251,331.26,0.001299,0.000607,0.004331,0.005916,169.04,0.20452,0.87774,1.12699,straight,straight
MVI_63553,43,66,241,306,807.79,807.16,0.9992,3.6,31.38,11.349,283.73,0.001177,0.00069,0.003098,0.00586,170.64,0.22692,0.50978,0.8069,straight,straight
MVI_63553,44,26,241,266,466.86,461.86,0.9893,37.83,44.41,21.616,540.41,0.005244,0.001052,0.007775,0.073265,13.65,0.45285,1.48625,6.39004,curved,gentle
MVI_63553,45,51,246,296,887.01,881.87,0.9942,0.2,47.46,16.597,414.92,0.002256,0.000694,0.009257,0.011746,85.13,0.31811,1.38747,1.6262,straight,straight
MVI_63553,46,76,271,346,838.34,837.17,0.9986,6.35,38.57,9.957,248.92,0.001233,0.000599,0.003206,0.006199,161.33,0.16399,0.69617,0.89388,straight,straight
MVI_63553,47,56,271,326,905.51,902.23,0.9964,18.69,33.32,16.28,407.0,0.001771,0.000672,0.004372,0.022023,45.41,0.29558,0.54717,0.92293,straight,gentle
MVI_63553,48,71,256,326,870.17,869.22,0.9989,2.13,33.16,11.153,278.83,0.000956,0.000628,0.002268,0.003475,287.77,0.22806,0.44627,0.70516,straight,straight
MVI_63553,49,86,276,361,853.19,851.74,0.9983,1.56,60.16,8.548,213.71,0.002382,0.000952,0.00704,0.010347,96.65,0.24018,0.89176,1.41761,straight,straight
MVI_63553,50,51,286,336,929.55,929.12,0.9995,13.21,24.98,17.072,426.81,0.001333,0.000446,0.002878,0.014343,69.72,0.1821,0.64077,1.5664,straight,gentle
MVI_63553,51,71,286,356,886.45,884.06,0.9973,2.71,50.13,11.415,285.38,0.001723,0.00076,0.00511,0.012045,83.02,0.24629,0.90327,1.45172,straight,straight
MVI_63553,52,16,296,311,299.66,295.57,0.9863,32.87,32.98,20.617,515.42,0.002217,0.001276,0.005605,0.006354,157.38,0.66185,2.30786,2.50979,curved,gentle
MVI_63553,53,51,301,351,868.76,861.67,0.9918,33.94,49.54,17.227,430.68,0.002396,0.000685,0.006338,0.028355,35.27,0.32111,0.96741,1.92512,curved,gentle
MVI_63553,54,71,301,371,881.44,880.78,0.9992,15.17,30.37,11.742,293.56,0.00097,0.000506,0.002683,0.004969,201.23,0.1734,0.52843,0.91325,straight,gentle
MVI_63553,55,86,306,391,843.84,842.21,0.9981,3.56,59.15,8.705,217.63,0.001955,0.00118,0.005034,0.008601,116.26,0.26628,0.82253,1.24082,straight,straight
MVI_63553,56,56,326,381,895.49,889.71,0.9935,7.97,52.88,14.938,373.45,0.002753,0.001023,0.006984,0.023579,42.41,0.39194,1.15688,1.66644,straight,straight
MVI_63553,57,71,326,396,851.82,849.03,0.9967,19.92,68.56,11.226,280.64,0.002097,0.001084,0.004567,0.011758,85.05,0.30845,1.0185,3.02079,straight,gentle
MVI_63553,58,71,331,401,867.46,866.23,0.9986,20.71,46.5,10.376,259.39,0.001724,0.000535,0.005638,0.010642,93.97,0.20009,0.98561,1.63993,curved,gentle
MVI_63553,59,26,341,366,375.16,371.19,0.9894,26.69,26.69,15.831,395.79,0.001376,0.001263,0.002161,0.003762,265.81,0.45244,0.81195,0.97571,curved,gentle
MVI_63553,60,66,341,406,834.14,833.6,0.9993,4.48,19.08,10.918,272.95,0.000386,0.000246,0.00081,0.001096,912.09,0.06837,0.40361,0.48282,straight,straight
MVI_63553,61,56,361,416,950.5,949.74,0.9992,10.93,30.26,16.308,407.71,0.002292,0.000377,0.003475,0.061514,16.26,0.17904,0.67081,2.5398,straight,gentle
MVI_63553,62,71,366,436,867.6,866.52,0.9988,3.44,42.09,11.593,289.82,0.001449,0.000922,0.003475,0.006348,157.53,0.28976,0.69318,1.16119,straight,straight
MVI_63553,63,16,381,396,229.67,227.27,0.9896,32.66,32.66,14.849,371.22,0.00288,0.0025,0.005004,0.006643,150.54,0.95955,1.6261,1.96628,curved,gentle
MVI_63553,64,76,381,456,891.61,890.19,0.9984,12.91,38.64,10.238,255.94,0.001092,0.000771,0.002208,0.004375,228.59,0.23504,0.45338,0.90703,straight,gentle
MVI_63553,65,76,391,466,859.15,858.81,0.9996,2.78,20.4,9.782,244.55,0.000578,0.000514,0.00121,0.001575,634.98,0.11677,0.33354,0.37735,straight,straight
MVI_63553,66,31,391,421,461.6,454.54,0.9847,29.66,80.44,16.706,417.65,0.011559,0.001697,0.021525,0.154707,6.46,0.71878,2.9786,11.09311,curved,gentle
MVI_63553,67,81,411,491,926.42,923.9,0.9973,26.23,65.78,9.745,243.63,0.002066,0.000782,0.004984,0.017942,55.73,0.241,0.89998,3.60315,curved,gentle
MVI_63553,68,81,411,491,876.47,874.14,0.9973,21.28,54.18,9.736,243.39,0.001559,0.000727,0.004425,0.015767,63.42,0.16672,0.69816,3.24605,curved,gentle
MVI_63553,69,111,426,536,890.6,889.54,0.9988,4.1,48.19,8.139,203.47,0.001159,0.000892,0.002704,0.003755,266.3,0.1748,0.50682,0.70303,straight,straight
MVI_63553,70,76,441,516,884.58,882.88,0.9981,7.48,64.12,12.112,302.81,0.00229,0.001176,0.004513,0.012789,78.19,0.36854,0.96279,1.43568,straight,straight
MVI_63553,71,46,456,501,766.36,765.97,0.9995,6.52,12.33,14.625,365.61,0.000494,0.000429,0.000881,0.003115,320.99,0.14331,0.23967,0.35486,straight,straight
MVI_63553,72,31,471,501,628.5,623.57,0.9922,48.13,52.25,20.131,503.28,0.003279,0.000695,0.010309,0.025426,39.33,0.47308,2.10406,3.84085,curved,sharp
MVI_63553,73,66,481,546,844.19,843.64,0.9993,4.32,24.57,12.118,302.95,0.000806,0.000691,0.001815,0.00204,490.29,0.20643,0.39183,0.52065,straight,straight
MVI_63553,74,61,491,551,834.23,833.8,0.9995,5.68,21.89,12.039,300.98,0.000946,0.000387,0.002785,0.003919,255.18,0.14618,0.54348,0.70939,straight,straight
MVI_63553,75,26,496,521,489.57,483.46,0.9875,41.86,41.86,21.205,530.12,0.002362,0.001147,0.006566,0.014773,67.69,0.57894,1.88915,3.25265,curved,gentle
MVI_63553,76,61,511,571,783.37,782.58,0.999,10.48,30.35,11.611,290.27,0.001211,0.000832,0.00266,0.00369,270.98,0.25841,0.58585,0.79673,straight,gentle
MVI_63553,77,51,506,556,861.81,860.99,0.9991,0.45,21.03,15.101,377.52,0.000535,0.000479,0.001079,0.001577,634.11,0.17716,0.42315,0.52587,straight,straight
MVI_63553,78,56,516,571,898.6,897.44,0.9987,30.06,41.29,15.293,382.32,0.002627,0.000535,0.006824,0.035303,28.33,0.23472,0.88081,2.5324,curved,gentle
MVI_63553,79,66,526,591,894.5,893.9,0.9993,10.26,27.87,12.082,302.06,0.0009,0.000554,0.002309,0.004513,221.59,0.16827,0.50491,0.74697,straight,gentle
MVI_63553,80,46,526,571,871.62,868.07,0.9959,25.79,37.01,19.397,484.91,0.002237,0.000625,0.006575,0.024882,40.19,0.2569,0.92273,2.2447,curved,gentle
MVI_63553,81,96,536,631,846.03,844.73,0.9985,14.67,55.84,8.378,209.45,0.002579,0.000974,0.00593,0.026138,38.26,0.24408,0.77179,1.61426,straight,gentle
MVI_63553,82,31,556,586,535.86,528.46,0.9862,4.58,69.24,18.46,461.49,0.005555,0.001405,0.014502,0.038571,25.93,0.81381,2.29737,4.26,straight,straight
MVI_63553,83,81,556,636,824.56,823.7,0.999,11.31,33.34,9.526,238.16,0.001017,0.000711,0.002207,0.005865,170.51,0.16792,0.52026,0.69941,straight,gentle
MVI_63553,84,71,556,626,857.67,856.01,0.9981,11.02,55.35,10.786,269.65,0.00192,0.001237,0.00474,0.006487,154.16,0.40365,0.78679,1.05772,straight,gentle
MVI_63553,85,66,576,641,859.89,858.3,0.9981,6.8,35.35,11.66,291.49,0.000972,0.000739,0.002009,0.006004,166.55,0.23227,0.54886,1.02182,straight,straight
MVI_63553,86,76,581,656,905.87,904.57,0.9986,3.22,41.62,9.62,240.5,0.001499,0.000846,0.003519,0.006093,164.13,0.24558,0.6302,0.94545,straight,straight
MVI_63553,87,51,586,636,875.99,874.46,0.9983,14.42,28.07,16.604,415.11,0.000879,0.000489,0.002501,0.004063,246.15,0.21831,0.70674,1.06086,straight,gentle
MVI_63553,88,21,591,611,360.84,354.57,0.9826,45.66,49.54,18.835,470.88,0.003802,0.001837,0.010104,0.022179,45.09,0.93138,2.68463,4.53425,curved,sharp
MVI_63553,89,41,601,641,817.8,812.61,0.9936,16.7,62.25,20.135,503.39,0.006287,0.000505,0.009255,0.115219,8.68,0.30529,1.55621,8.35898,straight,gentle
MVI_63553,90,91,611,701,852.7,850.8,0.9978,15.08,66.91,8.505,212.64,0.00222,0.001432,0.006267,0.010422,95.95,0.32486,0.83953,1.30808,straight,gentle
MVI_63553,91,26,616,641,451.87,447.76,0.9909,35.12,35.17,20.368,509.2,0.002207,0.001048,0.005776,0.014289,69.98,0.4587,1.40739,2.58229,curved,gentle
MVI_63553,92,36,626,661,679.39,674.84,0.9933,41.58,44.77,18.533,463.32,0.003542,0.000635,0.006651,0.05032,19.87,0.42294,1.11986,4.33948,curved,gentle
MVI_63553,93,71,641,711,845.65,845.07,0.9993,1.8,24.24,10.943,273.58,0.000763,0.000563,0.001596,0.002111,473.76,0.17723,0.34674,0.46914,straight,straight
MVI_63553,94,46,656,701,852.76,847.91,0.9943,5.41,41.92,18.0,450.01,0.002761,0.000678,0.004249,0.043156,23.17,0.40496,0.86852,2.75717,straight,straight
MVI_63553,95,21,661,681,391.29,388.62,0.9932,21.49,21.94,21.986,549.64,0.001688,0.001025,0.002708,0.012732,78.55,0.44702,1.05675,1.81533,curved,gentle
MVI_63553,96,61,661,721,848.38,847.81,0.9993,1.03,15.79,12.155,303.87,0.000505,0.000216,0.001731,0.003096,322.95,0.06026,0.35412,0.59786,straight,straight
MVI_63553,97,46,666,711,720.17,718.2,0.9973,47.08,74.91,14.626,365.65,0.010444,0.001037,0.01462,0.207509,4.82,0.36017,1.69753,10.01462,curved,sharp
MVI_63553,98,56,671,726,888.37,882.06,0.9929,9.72,67.71,14.471,361.77,0.00479,0.000607,0.010816,0.063874,15.66,0.32089,1.28521,3.37045,straight,straight
MVI_63553,99,31,681,711,472.51,466.53,0.9873,33.07,46.56,17.413,435.31,0.003037,0.001543,0.007087,0.02113,47.33,0.60498,1.41264,2.92622,curved,gentle
MVI_63553,100,86,691,776,858.73,857.08,0.9981,18.01,54.3,9.21,230.25,0.001653,0.000996,0.00455,0.006335,157.86,0.24843,0.83094,1.65475,straight,gentle
MVI_63553,101,51,696,746,861.92,860.46,0.9983,30.4,45.63,14.604,365.1,0.004249,0.000878,0.004983,0.089729,11.14,0.27926,0.9238,4.6505,curved,gentle
MVI_63553,102,91,696,786,894.56,893.49,0.9988,4.21,42.28,8.576,214.39,0.001236,0.000551,0.003305,0.009629,103.85,0.13319,0.59138,1.4928,straight,straight
MVI_63553,103,76,706,781,880.7,880.01,0.9992,6.79,28.97,10.056,251.4,0.000991,0.000587,0.002433,0.0052,192.32,0.12536,0.39877,0.65726,straight,straight
MVI_63553,104,46,711,756,859.78,855.62,0.9952,38.87,42.4,19.118,477.95,0.002785,0.000426,0.006996,0.039781,25.14,0.21574,1.25176,3.99953,curved,gentle
MVI_63553,105,61,721,781,849.15,846.55,0.9969,29.03,47.31,14.174,354.34,0.00152,0.000918,0.005147,0.00695,143.88,0.33421,0.88961,1.07637,curved,gentle
MVI_63553,106,56,716,771,887.23,886.35,0.999,11.76,23.11,16.002,400.04,0.0008,0.000455,0.001738,0.004459,224.28,0.16681,0.41958,0.59363,straight,gentle
MVI_63553,107,26,721,746,431.2,425.84,0.9876,36.09,41.88,19.066,476.64,0.002547,0.000998,0.006811,0.014294,69.96,0.47781,1.72437,2.833,curved,gentle
MVI_63553,108,76,736,811,808.43,807.66,0.999,7.09,44.14,9.695,242.37,0.001539,0.001186,0.003236,0.007072,141.41,0.28083,0.59837,0.85824,straight,straight
MVI_63553,109,76,751,826,912.89,910.41,0.9973,19.05,49.02,11.662,291.56,0.001404,0.00089,0.003341,0.007951,125.77,0.18708,0.66864,2.30881,straight,gentle
MVI_63553,110,41,756,796,761.14,756.39,0.9938,33.71,37.75,18.992,474.8,0.003123,0.000504,0.003775,0.061768,16.19,0.23241,0.83402,4.44239,curved,gentle
MVI_63553,111,81,761,841,859.95,859.21,0.9991,2.82,35.14,9.655,241.38,0.001111,0.000756,0.002703,0.003781,264.51,0.19487,0.52555,0.7319,straight,straight
MVI_63553,112,51,771,821,937.9,936.89,0.9989,5.64,36.18,17.853,446.33,0.006394,0.000299,0.002321,0.226969,4.41,0.17698,0.52253,7.49695,straight,straight
MVI_63553,113,66,771,836,906.31,904.88,0.9984,4.96,29.69,12.776,319.41,0.00074,0.000332,0.001804,0.005065,197.44,0.09954,0.59019,1.5562,straight,straight
MVI_63553,114,21,776,796,346.04,343.42,0.9924,13.07,23.03,18.023,450.57,0.001227,0.000965,0.002445,0.002734,365.82,0.42873,1.13894,1.30071,straight,gentle
MVI_63553,115,71,776,846,881.05,879.99,0.9988,16.56,54.23,10.493,262.31,0.002576,0.000774,0.004323,0.076436,13.08,0.21656,0.7012,8.02844,straight,gentle
MVI_63553,116,31,796,826,574.77,572.56,0.9962,10.24,24.44,20.858,521.45,0.001803,0.000683,0.001857,0.02285,43.76,0.34635,0.66656,1.79616,straight,gentle
MVI_63553,117,91,796,886,901.24,899.76,0.9984,19.78,61.72,8.945,223.63,0.001858,0.001216,0.004477,0.005789,172.74,0.30385,0.70666,0.92526,straight,gentle
MVI_63553,118,86,801,886,844.74,842.91,0.9978,16.49,48.15,9.262,231.55,0.00166,0.001026,0.003026,0.011338,88.2,0.20095,0.63147,1.44815,straight,gentle
MVI_63553,119,71,826,896,893.25,892.2,0.9988,4.95,42.15,11.809,295.22,0.001206,0.000832,0.002883,0.003779,264.61,0.26335,0.60043,0.83346,straight,straight
MVI_63553,120,86,836,921,856.81,855.71,0.9987,15.64,49.12,9.154,228.85,0.001522,0.000936,0.003322,0.006591,151.72,0.22712,0.58486,0.89715,straight,gentle
MVI_63553,121,76,841,916,900.99,899.03,0.9978,4.34,52.32,10.434,260.84,0.001715,0.001152,0.004485,0.005416,184.62,0.279,0.90332,1.13168,straight,straight
MVI_63553,122,51,851,901,859.78,859.2,0.9993,13.84,23.53,15.55,388.75,0.011048,0.000309,0.001825,0.484191,2.07,0.10955,0.37483,8.19689,straight,gentle
MVI_63553,123,91,861,951,906.22,903.64,0.9972,4.04,79.87,9.59,239.75,0.002348,0.001406,0.006061,0.00979,102.14,0.38407,0.85658,1.25351,straight,straight
MVI_63553,124,71,871,941,920.84,919.47,0.9985,27.42,48.01,11.538,288.45,0.001563,0.000474,0.005405,0.00904,110.62,0.20631,1.0849,1.48419,curved,gentle
MVI_63553,125,66,876,941,879.96,878.53,0.9984,15.13,51.2,12.307,307.67,0.001853,0.000687,0.005861,0.008633,115.84,0.23919,1.02359,1.39091,straight,gentle
MVI_63553,126,21,886,906,346.61,341.88,0.9864,32.56,32.56,18.536,463.4,0.001918,0.001519,0.002786,0.006615,151.16,0.72869,1.23089,1.33224,curved,gentle
MVI_63553,127,71,896,966,887.76,887.0,0.9991,8.46,36.19,12.009,300.23,0.001077,0.000434,0.002773,0.004277,233.81,0.17918,0.60651,0.76833,straight,straight
MVI_63553,128,51,911,961,932.87,930.82,0.9978,0.96,55.92,17.683,442.07,0.003827,0.000764,0.00486,0.089484,11.18,0.40907,1.1585,4.80882,straight,straight
MVI_63553,129,66,921,986,895.58,894.31,0.9986,9.78,46.05,12.821,320.53,0.001383,0.000975,0.002922,0.006109,163.68,0.29687,0.69826,0.95477,straight,straight
MVI_63553,130,41,936,976,756.55,749.52,0.9907,67.0,72.85,17.97,449.24,0.005342,0.00068,0.011511,0.072783,13.74,0.42297,2.13442,7.29824,curved,sharp
MVI_63553,131,21,966,986,369.59,362.14,0.9798,52.42,52.42,19.92,498.0,0.003717,0.001866,0.008658,0.019195,52.1,0.92929,2.16844,3.68679,curved,sharp
MVI_63553,132,76,966,1041,875.89,875.4,0.9994,5.21,30.49,10.641,266.04,0.000986,0.000587,0.002328,0.003417,292.69,0.18037,0.43902,0.60707,straight,straight
MVI_63553,133,56,981,1036,939.06,937.44,0.9983,25.96,54.88,15.66,391.49,0.003103,0.000314,0.011377,0.02127,47.01,0.12583,1.67399,2.47799,curved,gentle
MVI_63553,134,76,991,1066,916.95,914.96,0.9978,16.33,61.14,10.779,269.46,0.001631,0.000937,0.003561,0.010753,93.0,0.33349,0.78342,2.62474,straight,gentle
MVI_63553,135,56,1001,1056,808.89,808.55,0.9996,6.62,22.01,12.29,307.24,0.000914,0.000373,0.003246,0.004759,210.12,0.13761,0.61291,0.79591,straight,straight
MVI_63553,136,56,1006,1061,912.97,911.81,0.9987,14.51,44.72,16.318,407.95,0.00251,0.000737,0.007725,0.019366,51.64,0.34546,0.9946,1.87224,straight,gentle
MVI_63553,137,51,1006,1056,841.8,837.08,0.9944,21.24,32.56,16.984,424.6,0.000981,0.000698,0.001587,0.004725,211.65,0.21853,0.68755,0.81314,curved,gentle
MVI_63553,138,16,1021,1036,330.17,328.18,0.994,23.96,23.96,23.516,587.9,0.001515,0.001137,0.002445,0.004286,233.31,0.72073,0.87818,1.26657,curved,gentle
MVI_63553,139,71,1026,1096,885.71,884.88,0.9991,6.7,33.47,11.91,297.75,0.000902,0.000682,0.002125,0.00396,252.51,0.21689,0.49567,1.31612,straight,straight
MVI_63553,140,71,1036,1106,858.44,857.59,0.999,2.4,35.43,10.75,268.76,0.001042,0.000759,0.002489,0.004034,247.88,0.19229,0.5509,0.88243,straight,straight
MVI_63553,141,51,1041,1091,899.57,894.75,0.9946,6.45,38.67,18.319,457.97,0.001873,0.000595,0.004059,0.018411,54.32,0.30448,0.79262,1.63924,straight,straight
MVI_63553,142,26,1046,1071,476.15,471.31,0.9898,12.97,29.68,21.094,527.36,0.001106,0.000877,0.002434,0.002736,365.56,0.47804,1.22182,1.35474,straight,gentle
MVI_63553,143,56,1046,1101,959.05,957.37,0.9982,13.6,36.42,16.97,424.25,0.001683,0.000453,0.003888,0.020886,47.88,0.19514,0.70087,2.09986,straight,gentle
MVI_63553,144,71,1046,1116,879.57,879.18,0.9995,6.63,21.98,11.955,298.86,0.000693,0.000418,0.001748,0.002772,360.69,0.14002,0.34182,0.54811,straight,straight
MVI_63553,145,66,1056,1121,895.69,894.67,0.9989,8.66,32.57,13.687,342.16,0.00102,0.000515,0.003113,0.004503,222.08,0.21092,0.56477,0.79535,straight,straight
MVI_63553,146,66,1076,1141,852.17,851.36,0.999,9.66,37.6,12.083,302.09,0.001499,0.000749,0.004397,0.006791,147.25,0.21162,0.75142,1.05419,straight,straight
MVI_63553,147,41,1076,1116,754.3,749.03,0.993,23.82,26.42,19.313,482.82,0.000645,0.000579,0.001181,0.001974,506.47,0.32809,0.57981,0.76464,curved,gentle
MVI_63553,148,20,1076,1095,349.75,347.23,0.9928,16.41,21.47,18.602,465.06,0.001166,0.001092,0.00204,0.00229,436.71,0.41984,1.02781,1.17508,straight,gentle
MVI_63553,149,56,1101,1156,939.93,938.19,0.9981,26.61,45.67,16.475,411.89,0.002348,0.000793,0.005595,0.028357,35.26,0.33446,1.0524,1.85394,curved,gentle
MVI_63553,150,41,1111,1151,860.17,856.89,0.9962,19.99,23.7,22.774,569.35,0.001201,0.000492,0.00132,0.017899,55.87,0.22398,0.68877,1.52182,straight,gentle
MVI_63553,151,71,1111,1181,824.23,822.74,0.9982,12.29,46.59,10.598,264.94,0.001485,0.000978,0.003666,0.005576,179.33,0.33354,0.59604,0.91621,straight,gentle
MVI_63553,152,16,1131,1146,290.32,286.95,0.9884,31.07,31.07,19.687,492.17,0.00202,0.002131,0.003116,0.003618,276.41,1.0005,1.2599,1.39223,curved,gentle
MVI_63553,153,41,1146,1186,867.03,863.47,0.9959,6.69,30.0,22.262,556.56,0.00146,0.000617,0.002307,0.019665,50.85,0.27823,0.7015,2.0433,straight,straight
MVI_63553,154,71,1146,1216,853.37,852.07,0.9985,3.52,34.91,12.192,304.8,0.001081,0.000889,0.002748,0.004587,218.01,0.20152,0.54233,0.82512,straight,straight
MVI_63553,155,51,1156,1206,889.62,888.64,0.9989,31.03,42.05,16.791,419.78,0.003576,0.000381,0.005004,0.076956,12.99,0.14218,0.89278,5.52086,curved,gentle
MVI_63553,156,76,1161,1236,880.58,878.7,0.9979,11.25,41.9,10.402,260.06,0.001148,0.000759,0.00261,0.005209,191.98,0.21653,0.65609,1.11103,straight,gentle
MVI_63553,157,106,1171,1276,854.42,852.96,0.9983,7.95,50.95,7.429,185.72,0.001671,0.00091,0.004212,0.01019,98.14,0.1926,0.62226,1.40075,straight,straight
MVI_63553,158,46,1176,1221,847.19,841.65,0.9935,19.92,47.53,17.539,438.49,0.00198,0.00103,0.005215,0.013299,75.19,0.43901,0.89446,1.26193,straight,gentle
MVI_63553,159,71,1176,1246,886.89,885.83,0.9988,0.76,37.15,11.13,278.25,0.001251,0.000793,0.00295,0.006159,162.36,0.2089,0.6516,0.96456,straight,straight
MVI_63553,160,66,1181,1246,818.76,818.26,0.9994,0.87,26.82,11.038,275.96,0.000968,0.000514,0.002566,0.004818,207.54,0.20784,0.39773,0.68498,straight,straight
MVI_63553,161,16,1186,1201,318.71,317.03,0.9947,25.34,25.34,22.395,559.88,0.001848,0.000954,0.004084,0.007454,134.15,0.60108,1.2905,1.93525,curved,gentle
MVI_63553,162,6,1201,1206,53.6,52.91,0.9872,32.76,32.76,10.636,265.89,0.011186,0.011108,0.015336,0.015665,63.83,2.94178,3.8307,3.8855,unknown,unknown
MVI_63553,163,26,1201,1226,526.99,519.2,0.9852,40.81,40.81,23.575,589.37,0.003874,0.001133,0.005207,0.052753,18.96,0.43751,1.24229,4.94586,curved,gentle
MVI_63553,164,36,1206,1241,705.13,699.45,0.9919,57.57,60.07,20.045,501.13,0.004033,0.000756,0.010923,0.046212,21.64,0.53224,2.25908,5.93599,curved,sharp
MVI_63553,165,71,1211,1281,910.37,909.54,0.9991,20.5,42.35,11.338,283.46,0.001457,0.000784,0.00372,0.009524,105.0,0.24053,0.69709,1.49034,curved,gentle
MVI_63553,166,101,1221,1321,848.03,843.56,0.9947,29.36,130.83,7.636,190.91,0.004633,0.002307,0.00994,0.063401,15.77,0.49476,1.38583,7.9466,curved,gentle
MVI_63553,167,21,1221,1241,371.34,368.41,0.9921,11.97,34.08,20.973,524.32,0.00233,0.001906,0.003249,0.014023,71.31,0.71873,1.28373,1.90525,straight,gentle
MVI_63553,168,86,1226,1311,904.69,902.62,0.9977,29.37,53.51,9.402,235.04,0.001795,0.000898,0.005847,0.007816,127.94,0.19615,0.81381,1.47246,curved,gentle
MVI_63553,169,41,1231,1271,883.14,882.88,0.9997,3.72,13.8,21.067,526.67,0.000965,0.000197,0.000947,0.020124,49.69,0.13419,0.30239,1.51827,straight,straight
MVI_63553,170,96,1241,1336,853.39,852.16,0.9986,2.24,43.65,8.223,205.58,0.0015,0.001004,0.003544,0.00861,116.14,0.21904,0.46804,0.87869,straight,straight
MVI_63553,171,76,1251,1326,859.1,857.57,0.9982,11.61,41.06,10.757,268.93,0.00135,0.000847,0.002931,0.006987,143.13,0.26928,0.52802,1.01967,straight,gentle
MVI_63553,172,76,1256,1331,853.7,853.07,0.9993,9.12,27.82,10.255,256.37,0.001043,0.000468,0.002858,0.005086,196.62,0.13449,0.50319,0.67189,straight,straight
MVI_63553,173,66,1261,1326,931.58,927.89,0.996,34.92,55.71,13.658,341.44,0.001542,0.000972,0.004137,0.010334,96.77,0.32278,0.75971,2.66809,curved,gentle
MVI_63553,174,76,1271,1346,885.5,883.72,0.998,8.59,50.94,11.016,275.39,0.001526,0.000936,0.003577,0.005443,183.73,0.33527,0.69082,1.01456,straight,straight
MVI_63553,175,56,1271,1326,893.19,886.38,0.9924,9.23,52.95,18.467,461.68,0.002599,0.000821,0.008628,0.020251,49.38,0.39886,1.22978,2.10694,straight,straight
MVI_63553,176,21,1271,1291,404.65,401.19,0.9914,17.66,27.23,22.365,559.13,0.001335,0.001212,0.001706,0.004244,235.63,0.76005,0.8695,0.89991,straight,gentle
MVI_63553,177,16,1311,1326,314.43,311.43,0.9905,26.4,26.4,20.835,520.86,0.001581,0.001948,0.002472,0.002584,387.0,0.99448,1.16742,1.20257,curved,gentle
MVI_63553,178,81,1321,1401,840.22,838.71,0.9982,0.55,44.26,9.388,234.7,0.001298,0.00095,0.003159,0.003845,260.08,0.21996,0.55886,1.02771,straight,straight
MVI_63553,179,51,1326,1376,872.28,872.18,0.9999,4.3,10.56,15.552,388.79,0.00066,0.000206,0.000677,0.012787,78.2,0.09458,0.18255,0.70489,straight,straight
MVI_63553,180,71,1331,1401,803.28,802.49,0.999,0.28,32.86,11.12,278.0,0.001051,0.000638,0.00288,0.003874,258.11,0.17099,0.57931,0.82333,straight,straight
MVI_63553,181,16,1336,1351,329.92,326.32,0.9891,32.14,32.14,23.598,589.94,0.001989,0.001693,0.003069,0.005624,177.8,1.04876,1.14777,1.60218,curved,gentle
MVI_63553,182,66,1336,1401,858.58,856.01,0.997,9.37,51.54,11.547,288.66,0.001459,0.001177,0.002648,0.004171,239.78,0.40697,0.66724,0.87766,straight,straight
MVI_63553,183,60,1346,1405,762.19,761.26,0.9988,12.19,37.16,11.635,290.87,0.001245,0.000956,0.003189,0.003623,276.02,0.29671,0.60308,0.68613,straight,gentle
MVI_63553,184,50,1356,1405,840.71,839.24,0.9982,38.95,54.85,16.363,409.08,0.006045,0.000464,0.008333,0.131803,7.59,0.2707,1.17493,7.42051,curved,gentle
MVI_63553,185,40,1366,1405,660.06,659.4,0.999,7.59,26.21,16.084,402.09,0.001185,0.000455,0.003326,0.007742,129.17,0.21022,1.0221,1.2228,straight,straight
MVI_63553,186,30,1376,1405,465.08,464.76,0.9993,0.17,13.53,16.189,404.71,0.000663,0.00055,0.001266,0.003554,281.34,0.18554,0.42172,0.48782,straight,straight
MVI_63553,187,25,1381,1405,393.61,393.52,0.9998,5.7,6.39,16.448,411.2,0.000387,0.000223,0.001095,0.001733,576.92,0.1003,0.34917,0.47462,straight,straight
MVI_63553,188,5,1401,1405,42.89,42.89,1.0,0.01,0.01,10.721,268.04,6e-06,6e-06,6e-06,6e-06,172515.41,0.00155,0.00155,0.00155,unknown,unknown
MVI_63553,189,18,1099,1116,277.57,275.71,0.9933,24.24,24.24,17.847,446.18,0.001771,0.001578,0.002285,0.004773,209.5,0.68196,0.89967,0.93197,curved,gentle
MVI_63553,190,66,1296,1361,918.77,917.93,0.9991,3.8,41.19,12.571,314.27,0.001505,0.000687,0.00455,0.00709,141.04,0.22912,0.88626,1.65988,straight,straight
MVI_63554,1,6,1,6,99.78,99.65,0.9987,8.38,8.38,20.021,500.54,0.001393,0.001337,0.00284,0.002889,346.14,0.66544,1.38514,1.40105,unknown,unknown
MVI_63554,2,56,1,56,945.83,944.9,0.999,16.51,24.25,15.675,391.87,0.000582,0.000237,0.001769,0.004528,220.87,0.11695,0.52272,1.73673,straight,gentle
MVI_63554,3,11,1,11,62.53,62.45,0.9986,10.79,10.79,6.245,156.11,0.003111,0.002953,0.00434,0.004799,208.39,0.46105,0.59595,0.63723,unknown,unknown
MVI_63554,4,26,1,26,203.59,203.34,0.9988,9.12,17.57,8.151,203.76,0.00186,0.001331,0.004478,0.004754,210.37,0.26568,0.74743,0.77786,straight,straight
MVI_63554,5,41,1,41,357.51,357.16,0.999,7.3,18.14,9.331,233.28,0.001048,0.000723,0.002123,0.004464,224.01,0.193,0.42675,0.75654,straight,straight
MVI_63554,6,41,1,41,368.32,368.19,0.9996,6.62,16.46,9.233,230.83,0.000954,0.000749,0.002243,0.002645,378.05,0.20001,0.37151,0.41464,straight,straight
MVI_63554,7,71,1,71,787.7,787.47,0.9997,5.52,17.08,10.219,255.47,0.000569,0.00031,0.001545,0.002866,348.95,0.10441,0.272,0.48567,straight,straight
MVI_63554,8,16,11,26,265.57,258.31,0.9727,41.35,50.62,17.421,435.53,0.003789,0.002534,0.008261,0.008465,118.14,1.17731,3.15323,3.20493,curved,gentle
MVI_63554,9,61,11,71,863.44,862.95,0.9994,3.89,23.56,13.347,333.67,0.000853,0.000647,0.002025,0.003022,330.89,0.20875,0.48886,0.79593,straight,straight
MVI_63554,10,36,16,51,722.97,717.43,0.9923,40.88,42.31,20.547,513.67,0.002213,0.000644,0.005634,0.02039,49.04,0.48955,1.11792,2.64253,curved,gentle
MVI_63554,11,61,41,101,861.64,860.46,0.9986,6.55,34.87,12.949,323.71,0.001134,0.000777,0.002387,0.003355,298.04,0.30423,0.51012,0.87954,straight,straight
MVI_63554,12,71,46,116,863.73,863.05,0.9992,9.85,33.8,11.759,293.99,0.000998,0.000464,0.002626,0.004936,202.61,0.12328,0.54541,1.1888,straight,straight
MVI_63554,13,26,51,76,494.56,488.67,0.9881,15.15,35.9,21.799,544.98,0.001882,0.001242,0.003958,0.007717,129.58,0.69543,1.04268,1.36579,straight,gentle
MVI_63554,14,46,61,106,920.87,916.52,0.9953,9.05,34.14,20.753,518.82,0.00112,0.000559,0.003335,0.004331,230.87,0.35116,0.72691,0.93623,straight,straight
MVI_63554,15,76,66,141,842.56,841.15,0.9983,16.27,42.16,10.4,259.99,0.001135,0.000508,0.002394,0.009412,106.25,0.15138,0.56315,2.08676,straight,gentle
MVI_63554,16,71,86,156,798.28,797.62,0.9992,18.55,35.78,10.704,267.61,0.001186,0.000587,0.003079,0.010764,92.9,0.15334,0.54141,1.86017,straight,gentle
MVI_63554,17,61,91,151,890.7,888.9,0.998,25.15,49.38,13.83,345.76,0.002348,0.000493,0.008975,0.023033,43.42,0.18437,1.38972,2.66002,curved,gentle
MVI_63554,18,46,101,146,875.74,869.73,0.9931,1.28,40.73,19.758,493.95,0.001933,0.000421,0.006761,0.014251,70.17,0.30571,1.02008,1.67824,straight,straight
MVI_63554,19,81,106,186,849.57,848.49,0.9987,1.23,39.89,10.341,258.52,0.001133,0.001009,0.002007,0.005246,190.63,0.22304,0.45169,0.98635,straight,straight
MVI_63554,20,66,111,176,890.91,888.31,0.9971,36.06,54.56,13.013,325.32,0.001848,0.000903,0.005991,0.008657,115.51,0.28094,1.24253,2.02732,curved,gentle
MVI_63554,21,76,131,206,821.51,820.45,0.9987,23.04,36.06,9.765,244.13,0.001076,0.000425,0.00244,0.016084,62.17,0.12086,0.43347,2.8955,curved,gentle
MVI_63554,22,61,136,196,739.42,738.93,0.9993,5.49,19.13,11.603,290.08,0.000679,0.000322,0.001627,0.003672,272.36,0.11459,0.34175,0.82664,straight,straight
MVI_63554,23,81,146,226,852.63,852.23,0.9995,7.37,26.77,9.77,244.24,0.000865,0.000466,0.00209,0.004756,210.26,0.13664,0.42342,0.61118,straight,straight
MVI_63554,24,21,146,166,436.0,431.35,0.9893,20.31,20.51,23.355,583.87,0.000889,0.000645,0.002166,0.002369,422.17,0.25431,1.24722,1.38304,curved,gentle
MVI_63554,25,56,156,211,796.04,795.05,0.9988,15.21,38.1,13.62,340.49,0.001748,0.000669,0.004755,0.016201,61.73,0.25301,0.96051,2.21232,straight,gentle
MVI_63554,26,71,156,226,779.19,778.8,0.9995,1.57,19.41,10.838,270.95,0.000519,0.000493,0.001067,0.001382,723.84,0.09394,0.32311,0.47355,straight,straight
MVI_63554,27,66,171,236,774.04,773.83,0.9997,6.43,9.92,11.166,279.14,0.000328,0.000195,0.000768,0.001224,816.86,0.07232,0.15517,0.20859,straight,straight
MVI_63554,28,56,176,231,907.38,906.41,0.9989,21.74,32.36,15.516,387.91,0.002033,0.000198,0.007939,0.019487,51.31,0.0885,1.09845,1.78943,curved,gentle
MVI_63554,29,41,201,241,835.38,830.75,0.9945,26.53,28.77,20.353,508.83,0.001184,0.000554,0.002258,0.009586,104.32,0.29949,0.82219,1.15517,curved,gentle
MVI_63554,30,81,201,281,856.98,855.11,0.9978,21.52,47.59,9.482,237.05,0.00145,0.000838,0.003563,0.010001,99.99,0.20966,0.76066,2.19994,curved,gentle
MVI_63554,31,76,201,276,822.26,819.0,0.996,32.51,61.04,10.114,252.85,0.001715,0.000952,0.004047,0.011348,88.12,0.21603,0.75087,2.85771,curved,gentle
MVI_63554,32,71,206,276,877.58,876.49,0.9988,14.07,35.24,11.313,282.82,0.000915,0.000585,0.001716,0.009505,105.21,0.16382,0.32994,2.39376,straight,gentle
MVI_63554,33,81,231,311,853.71,852.02,0.998,27.36,59.09,10.021,250.53,0.001818,0.000888,0.003951,0.026081,38.34,0.1995,0.69454,4.4376,curved,gentle
MVI_63554,34,36,231,266,779.1,774.81,0.9945,34.09,36.69,22.441,561.01,0.001932,0.000472,0.004327,0.023088,43.31,0.35747,0.99258,3.04329,curved,gentle
MVI_63554,35,86,236,321,802.7,801.91,0.999,1.96,36.4,9.041,226.02,0.001183,0.000842,0.002858,0.004925,203.05,0.19952,0.50565,0.80471,straight,straight
MVI_63554,36,66,241,306,853.99,852.26,0.998,10.37,46.64,13.0,325.01,0.00189,0.000727,0.005953,0.006943,144.04,0.24057,0.97961,1.08896,straight,gentle
MVI_63554,37,51,241,291,892.7,891.75,0.9989,27.9,36.31,16.495,412.36,0.002256,0.000268,0.005742,0.031994,31.26,0.16109,0.96663,3.03824,curved,gentle
MVI_63554,38,31,256,286,647.73,644.07,0.9943,30.08,31.96,22.783,569.58,0.00165,0.00076,0.003249,0.014332,69.77,0.44059,0.76282,2.05177,curved,gentle
MVI_63554,39,86,256,341,871.37,869.81,0.9982,16.8,51.43,9.64,241.01,0.001281,0.000848,0.002298,0.009315,107.35,0.17657,0.61933,1.91513,straight,gentle
MVI_63554,40,56,281,336,898.18,896.66,0.9983,27.3,37.36,15.474,386.85,0.002066,0.00025,0.00655,0.022056,45.34,0.1076,1.03193,2.26184,curved,gentle
MVI_63554,41,91,291,381,826.76,825.81,0.9988,6.75,35.95,8.57,214.26,0.001125,0.00074,0.002701,0.005261,190.08,0.17296,0.39979,0.63977,straight,straight
MVI_63554,42,16,291,306,289.5,284.85,0.9839,38.53,38.53,20.175,504.39,0.002491,0.002029,0.003784,0.004835,206.84,1.02197,1.44868,1.70701,curved,gentle
MVI_63554,43,71,296,366,891.55,890.6,0.9989,5.07,36.34,12.509,312.73,0.001275,0.000603,0.004836,0.005989,166.96,0.17617,0.60981,0.71302,straight,straight
MVI_63554,44,71,316,386,849.77,849.06,0.9992,3.2,34.87,10.452,261.3,0.001273,0.000715,0.003265,0.005762,173.56,0.20757,0.60373,1.06053,straight,straight
MVI_63554,45,41,316,356,730.08,726.55,0.9952,5.39,39.51,17.572,439.3,0.002351,0.000661,0.009343,0.01481,67.52,0.38169,1.2419,1.68837,straight,straight
MVI_63554,46,81,331,411,792.58,791.28,0.9984,1.89,43.45,9.583,239.59,0.001407,0.000752,0.003587,0.006425,155.64,0.17046,0.75711,1.11995,straight,straight
MVI_63554,47,66,336,401,869.46,868.08,0.9984,15.74,43.93,13.034,325.85,0.001393,0.000789,0.004264,0.00608,164.48,0.24994,0.87563,1.05601,straight,gentle
MVI_63554,48,51,341,391,900.43,899.66,0.9991,10.62,15.0,16.74,418.5,0.00051,0.000256,0.001415,0.002526,395.86,0.15054,0.21289,0.38556,straight,gentle
MVI_63554,49,81,346,426,843.61,841.75,0.9978,25.18,48.66,10.514,262.85,0.001383,0.000912,0.003524,0.006368,157.04,0.2574,0.62627,0.84569,curved,gentle
MVI_63554,50,71,356,426,874.59,873.27,0.9985,8.89,42.5,11.777,294.42,0.001235,0.000922,0.002361,0.011533,86.71,0.24632,0.44886,2.43903,straight,straight
MVI_63554,51,21,361,381,423.78,421.57,0.9948,8.5,23.19,23.029,575.74,0.001833,0.000788,0.002501,0.016497,60.62,0.40694,0.80577,2.04363,straight,straight
MVI_63554,52,81,371,451,814.13,812.96,0.9986,12.08,36.6,9.335,233.38,0.001314,0.000649,0.003493,0.006802,147.01,0.21004,0.58619,0.8382,straight,gentle
MVI_63554,53,51,376,426,960.19,959.43,0.9992,15.12,32.04,17.403,435.08,0.001377,0.000517,0.002549,0.01766,56.62,0.27145,0.60279,1.26415,straight,gentle
MVI_63554,54,46,386,431,898.61,894.67,0.9956,13.93,18.83,19.645,491.13,0.000614,0.000275,0.001122,0.005367,186.34,0.13182,0.54524,0.85901,straight,gentle
MVI_63554,55,71,401,471,873.46,872.49,0.9989,2.66,40.36,11.882,297.05,0.001208,0.000793,0.003135,0.005051,197.97,0.26911,0.68131,1.28488,straight,straight
MVI_63554,56,51,411,461,799.4,799.04,0.9995,4.99,18.93,15.344,383.6,0.000778,0.000327,0.0017,0.00561,178.26,0.16886,0.35109,0.70033,straight,straight
MVI_63554,57,51,416,466,947.57,946.19,0.9985,31.01,35.27,17.595,439.88,0.00181,0.000289,0.004291,0.020411,48.99,0.13126,0.91906,2.17804,curved,gentle
MVI_63554,58,41,416,456,761.8,756.85,0.9935,1.93,54.74,18.088,452.21,0.003391,0.000649,0.011329,0.027804,35.97,0.44683,1.70095,3.09491,straight,straight
MVI_63554,60,21,426,446,377.57,368.86,0.9769,56.66,56.66,20.076,501.89,0.004046,0.002047,0.009323,0.022305,44.83,1.10162,2.27994,4.07844,curved,sharp
MVI_63554,61,66,406,471,821.18,820.35,0.999,2.86,27.24,11.69,292.24,0.000679,0.000631,0.001374,0.001484,673.66,0.16569,0.44451,0.56465,straight,straight
MVI_63554,62,66,436,501,783.86,783.39,0.9994,0.76,25.14,10.841,271.02,0.000915,0.000429,0.002523,0.004178,239.38,0.16505,0.38337,0.6809,straight,straight
MVI_63554,63,66,441,506,841.13,840.34,0.9991,9.86,31.52,11.701,292.53,0.001133,0.00046,0.003038,0.006861,145.75,0.17377,0.5076,0.9336,straight,straight
MVI_63554,64,46,451,496,837.28,836.47,0.999,0.59,21.29,17.656,441.4,0.000719,0.000327,0.001855,0.00341,293.21,0.19852,0.61937,1.09351,straight,straight
MVI_63554,65,46,466,511,872.27,872.07,0.9998,4.02,13.82,17.23,430.76,0.000997,0.000223,0.001308,0.019144,52.24,0.09492,0.35742,1.00537,straight,straight
MVI_63554,66,41,471,511,834.62,829.11,0.9934,31.42,34.31,20.031,500.78,0.001652,0.000506,0.002967,0.020279,49.31,0.27028,0.76236,2.22342,curved,gentle
MVI_63554,67,86,471,556,812.56,810.99,0.9981,0.71,50.81,8.656,216.4,0.001666,0.000813,0.004586,0.012137,82.39,0.21965,0.71658,1.57129,straight,straight
MVI_63554,68,66,481,546,894.15,891.63,0.9972,11.62,66.72,12.97,324.25,0.001889,0.001028,0.004563,0.009503,105.23,0.41714,0.89844,2.59501,straight,gentle
MVI_63554,69,26,486,511,472.59,466.06,0.9862,27.09,27.09,20.806,520.15,0.001059,0.000983,0.001872,0.002464,405.85,0.40762,0.95372,1.05213,curved,gentle
MVI_63554,70,61,511,571,820.35,819.89,0.9994,8.96,20.46,12.694,317.36,0.000649,0.000362,0.001709,0.00244,409.77,0.11909,0.37188,0.54245,straight,straight
MVI_63554,71,51,511,561,923.61,922.88,0.9992,6.54,27.84,17.451,436.27,0.001312,0.000366,0.00333,0.012778,78.26,0.22132,0.45904,1.07866,straight,straight
MVI_63554,72,101,521,621,785.28,782.95,0.997,12.96,84.71,7.091,177.29,0.003118,0.001659,0.008263,0.015896,62.91,0.29827,1.07588,1.85747,straight,gentle
MVI_63554,73,61,531,591,819.24,818.52,0.9991,12.57,33.43,12.185,304.63,0.001306,0.000382,0.004833,0.00764,130.89,0.13777,0.84589,1.22808,straight,gentle
MVI_63554,74,41,531,571,822.86,818.19,0.9943,0.24,40.1,19.404,485.09,0.002112,0.000672,0.004885,0.022254,44.94,0.38335,0.89641,2.46349,straight,straight
MVI_63554,75,51,541,591,913.28,912.13,0.9987,12.35,32.86,17.338,433.45,0.0021,0.00055,0.003402,0.037276,26.83,0.28709,0.65705,2.15022,straight,gentle
MVI_63554,76,21,541,561,375.65,372.96,0.9929,16.88,19.9,20.804,520.11,0.000917,0.000785,0.001659,0.001815,550.98,0.38782,0.89366,0.98684,straight,gentle
MVI_63554,77,61,546,606,857.43,855.71,0.998,2.78,49.92,13.19,329.76,0.001523,0.000622,0.004547,0.006275,159.35,0.23437,0.98462,1.15331,straight,straight
MVI_63554,78,41,556,596,724.66,721.95,0.9963,4.8,41.47,17.609,440.23,0.002373,0.000805,0.007968,0.017101,58.48,0.31335,1.20332,2.00216,straight,straight
MVI_63554,79,71,561,631,788.86,788.0,0.9989,7.19,40.07,9.471,236.78,0.001586,0.001045,0.002031,0.02856,35.01,0.23149,0.53561,3.75432,straight,straight
MVI_63554,80,61,566,626,816.91,816.13,0.999,0.38,21.9,12.357,308.93,0.00067,0.00047,0.001416,0.002098,476.55,0.15798,0.35902,0.51832,straight,straight
MVI_63554,81,81,571,651,745.21,744.8,0.9994,1.88,23.0,8.515,212.88,0.000636,0.000559,0.001301,0.001877,532.73,0.13253,0.25493,0.59374,straight,straight
MVI_63554,82,56,571,626,829.75,829.04,0.9991,2.67,27.68,13.605,340.12,0.001034,0.000672,0.002686,0.005693,175.65,0.23934,0.46415,0.82526,straight,straight
MVI_63554,83,21,576,596,349.61,347.26,0.9933,20.9,20.9,19.849,496.21,0.00089,0.000527,0.001811,0.00182,549.59,0.22423,1.03115,1.03436,curved,gentle
MVI_63554,84,41,586,626,816.95,812.87,0.995,15.25,32.84,19.352,483.8,0.001644,0.000501,0.002526,0.020529,48.71,0.24736,0.73608,1.73186,straight,gentle
MVI_63554,85,76,611,686,813.66,813.27,0.9995,8.41,28.86,9.651,241.27,0.000998,0.000674,0.002187,0.00465,215.06,0.16664,0.44062,0.62316,straight,straight
MVI_63554,86,56,616,671,869.19,868.37,0.9991,0.87,25.9,14.388,359.7,0.000775,0.000496,0.001587,0.002877,347.63,0.21769,0.50504,0.7161,straight,straight
MVI_63554,87,61,621,681,966.05,965.29,0.9992,16.21,23.51,15.892,397.3,0.000629,0.000325,0.001853,0.003068,325.92,0.09649,0.40502,1.23644,straight,gentle
MVI_63554,88,16,626,641,285.31,282.61,0.9905,29.71,29.71,20.137,503.42,0.002036,0.001982,0.002843,0.004943,202.32,0.92175,1.3052,1.36474,curved,gentle
MVI_63554,89,41,631,671,843.41,838.66,0.9944,32.04,33.84,20.996,524.9,0.001917,0.000493,0.005575,0.019322,51.75,0.22931,0.99569,2.28026,curved,gentle
MVI_63554,90,86,641,726,803.21,802.32,0.9989,6.9,28.44,8.995,224.88,0.000994,0.000603,0.002554,0.00482,207.47,0.12191,0.38233,0.59988,straight,straight
MVI_63554,91,36,646,681,666.41,661.02,0.9919,9.05,60.68,18.192,454.8,0.004387,0.001106,0.015927,0.032992,30.31,0.66572,2.33359,3.79839,straight,straight
MVI_63554,92,56,651,706,870.2,868.73,0.9983,19.43,40.89,14.975,374.37,0.001323,0.000626,0.003623,0.005323,187.86,0.28201,0.72487,0.87565,straight,gentle
MVI_63554,93,71,661,731,871.51,870.25,0.9986,11.89,25.71,10.97,274.26,0.000667,0.000539,0.001454,0.003441,290.57,0.15049,0.31522,0.94386,straight,gentle
MVI_63554,94,56,676,731,901.72,901.42,0.9997,7.82,21.12,15.507,387.67,0.001057,0.000301,0.004751,0.00699,143.05,0.12405,0.50177,0.63783,straight,straight
MVI_63554,95,81,686,766,844.21,842.67,0.9982,1.63,48.17,9.75,243.76,0.001593,0.000779,0.004223,0.00751,133.15,0.23007,0.79576,1.13129,straight,straight
MVI_63554,96,26,676,701,472.47,467.46,0.9894,0.54,38.6,21.456,536.4,0.002884,0.001168,0.006316,0.024923,40.12,0.56595,1.34503,3.29313,straight,straight
MVI_63554,97,36,691,726,804.67,800.12,0.9943,33.8,34.76,22.203,555.08,0.001699,0.000593,0.003318,0.02005,49.88,0.34323,0.74796,2.49216,curved,gentle
MVI_63554,98,71,691,761,854.03,853.15,0.999,11.96,26.7,11.425,285.63,0.000743,0.000682,0.001483,0.002366,422.57,0.1498,0.42414,0.6232,straight,gentle
MVI_63554,99,26,701,726,444.23,438.42,0.9869,22.42,23.05,20.241,506.01,0.000851,0.000786,0.001981,0.002204,453.75,0.2176,1.07791,1.2498,curved,gentle
MVI_63554,100,56,711,766,964.56,963.5,0.9989,23.49,30.33,17.555,438.89,0.001674,0.000256,0.003536,0.02322,43.07,0.12179,0.59623,1.93099,curved,gentle
MVI_63554,101,51,716,766,834.86,833.97,0.9989,10.8,32.99,14.361,359.02,0.001364,0.000676,0.004619,0.00674,148.36,0.24445,0.97959,1.2602,straight,gentle
MVI_63554,102,26,721,746,465.96,460.48,0.9882,29.33,34.42,20.104,502.61,0.001793,0.001408,0.003564,0.008791,113.75,0.6597,0.94961,1.63903,curved,gentle
MVI_63554,103,71,731,801,832.7,832.15,0.9993,6.12,27.24,11.337,283.42,0.000834,0.000576,0.001644,0.004962,201.52,0.16468,0.40303,0.94524,straight,straight
MVI_63554,104,41,731,771,824.26,818.23,0.9927,17.98,26.34,19.707,492.67,0.000976,0.000396,0.0021,0.00729,137.17,0.20797,0.67764,0.82451,straight,gentle
MVI_63554,105,66,746,811,841.77,840.95,0.999,0.15,31.33,12.067,301.68,0.000917,0.000767,0.001775,0.002661,375.87,0.25714,0.47793,0.5706,straight,straight
MVI_63554,106,61,746,806,967.44,965.75,0.9983,1.47,43.81,14.955,373.87,0.002425,0.000307,0.0068,0.020185,49.54,0.16903,1.15325,1.81384,straight,straight
MVI_63554,107,66,756,821,800.72,800.16,0.9993,0.15,18.88,11.826,295.65,0.000586,0.000358,0.001533,0.002524,396.18,0.13493,0.29615,0.37455,straight,straight
MVI_63554,108,51,766,816,883.02,881.39,0.9982,14.38,34.08,16.509,412.72,0.000874,0.000717,0.001794,0.005222,191.5,0.20286,0.77271,2.03064,straight,gentle
MVI_63554,109,31,766,796,645.05,642.77,0.9965,10.96,15.65,19.735,493.38,0.000647,0.00014,0.002008,0.002676,373.71,0.07419,0.78908,0.95303,straight,gentle
MVI_63554,110,71,786,856,900.98,900.34,0.9993,13.6,31.28,11.906,297.65,0.000878,0.000634,0.001862,0.00482,207.46,0.19251,0.41971,1.19728,straight,gentle
MVI_63554,112,61,796,856,796.56,796.23,0.9996,9.54,19.47,12.234,305.84,0.000715,0.000144,0.002871,0.003416,292.78,0.07117,0.52067,0.59236,straight,straight
MVI_63554,113,76,796,871,808.53,808.0,0.9993,6.4,29.02,9.728,243.2,0.000921,0.000567,0.002533,0.003152,317.26,0.15124,0.44133,0.56182,straight,straight
MVI_63554,114,51,806,856,910.07,909.08,0.9989,22.91,30.51,16.899,422.48,0.002017,0.000226,0.003705,0.034384,29.08,0.11338,0.66794,2.94986,curved,gentle
MVI_63554,115,61,831,891,900.08,899.42,0.9993,14.9,22.52,13.861,346.52,0.000691,0.000323,0.001903,0.00274,364.98,0.14046,0.40358,0.60719,straight,gentle
MVI_63554,116,26,831,856,418.17,415.31,0.9932,13.57,44.61,18.753,468.82,0.003705,0.001459,0.009859,0.027871,35.88,0.68779,1.9959,4.0071,straight,gentle
MVI_63554,117,61,841,901,857.21,856.52,0.9992,1.48,24.77,13.808,345.2,0.000778,0.000478,0.001673,0.003282,304.73,0.18043,0.4027,0.65724,straight,straight
MVI_63554,118,41,841,881,874.66,870.53,0.9953,17.94,19.58,21.808,545.2,0.000663,0.000404,0.000961,0.006485,154.19,0.16522,0.61104,0.79629,straight,gentle
MVI_63554,119,56,841,896,970.25,969.31,0.999,7.33,35.3,16.62,415.49,0.002129,0.000126,0.007748,0.019335,51.72,0.06789,1.24786,2.06741,straight,straight
MVI_63554,120,26,866,891,435.58,431.97,0.9917,1.95,35.58,20.541,513.52,0.002175,0.001583,0.004326,0.011022,90.73,0.68749,1.00504,1.68257,straight,straight
MVI_63554,121,56,866,921,913.62,913.0,0.9993,12.13,22.77,15.76,393.99,0.001652,0.000339,0.002224,0.037657,26.56,0.12538,0.41941,1.61119,straight,gentle
MVI_63554,122,56,876,931,752.18,751.78,0.9995,8.76,22.01,12.666,316.65,0.000808,0.000413,0.003191,0.003575,279.71,0.14516,0.61271,0.67691,straight,straight
MVI_63554,123,61,881,941,848.69,848.41,0.9997,6.38,19.73,13.181,329.51,0.000649,0.000379,0.001496,0.00246,406.56,0.14152,0.37297,0.56178,straight,straight
MVI_63554,124,61,881,941,900.73,899.96,0.9991,14.15,34.68,15.085,377.13,0.000943,0.000518,0.001975,0.006992,143.03,0.20095,0.50761,1.90691,straight,gentle
MVI_63554,125,71,886,956,815.42,813.7,0.9979,27.25,44.85,10.522,263.05,0.001366,0.000831,0.003382,0.006892,145.1,0.19423,0.914,1.11118,curved,gentle
MVI_63554,126,56,891,946,892.57,891.15,0.9984,20.67,28.31,15.662,391.55,0.000994,0.000374,0.00227,0.01078,92.77,0.1689,0.65455,1.55409,curved,gentle
MVI_63554,127,46,901,946,905.42,901.17,0.9953,1.95,34.58,19.613,490.32,0.001719,0.000287,0.005916,0.014187,70.49,0.21861,0.89205,1.587,straight,straight
MVI_63554,128,71,916,986,847.57,847.29,0.9997,5.9,19.16,11.254,281.36,0.00062,0.000434,0.001993,0.002563,390.13,0.12412,0.33838,0.44515,straight,straight
MVI_63554,129,21,916,936,372.62,368.78,0.9897,19.55,24.62,20.699,517.46,0.001242,0.000945,0.002022,0.003635,275.07,0.48939,1.04623,1.14033,straight,gentle
MVI_63554,130,71,926,996,828.03,827.04,0.9988,18.35,35.17,11.375,284.38,0.001204,0.000407,0.003703,0.006897,144.99,0.12661,0.73458,1.15211,straight,gentle
MVI_63554,131,61,931,991,947.24,945.75,0.9984,27.99,53.63,14.469,361.73,0.004102,0.000265,0.015235,0.043951,22.75,0.11106,1.71891,3.58581,curved,gentle
MVI_63554,132,26,956,981,539.97,534.67,0.9902,27.65,27.65,23.669,591.73,0.001495,0.001095,0.002193,0.011911,83.95,0.53816,0.76376,1.58242,curved,gentle
MVI_63554,133,41,966,1006,746.72,741.06,0.9924,10.16,53.45,18.888,472.21,0.003115,0.000773,0.008374,0.026652,37.52,0.50887,1.35151,2.58919,straight,gentle
MVI_63554,134,61,971,1031,864.68,864.1,0.9993,2.62,22.37,14.288,357.19,0.000606,0.000548,0.001141,0.001458,685.82,0.21391,0.32925,0.53644,straight,straight
MVI_63554,135,61,971,1031,936.08,934.32,0.9981,19.26,57.55,14.201,355.01,0.003773,0.00038,0.01649,0.034569,28.93,0.12122,1.79578,2.98231,straight,gentle
MVI_63554,136,66,986,1051,832.54,832.37,0.9998,0.21,13.65,12.569,314.22,0.000373,0.000284,0.000819,0.001343,744.87,0.09634,0.19407,0.42898,straight,straight
MVI_63554,137,16,996,1011,294.03,287.23,0.9769,43.73,43.73,19.623,490.58,0.002984,0.003043,0.005532,0.006108,163.71,1.48946,2.15467,2.3021,curved,gentle
MVI_63554,138,51,996,1046,889.16,886.34,0.9968,18.67,27.29,16.136,403.4,0.001046,0.000375,0.003216,0.005298,188.74,0.23519,0.37774,0.90844,straight,gentle
MVI_63554,139,56,1021,1076,854.46,854.02,0.9995,5.93,20.88,14.987,374.68,0.000607,0.000317,0.001965,0.002621,381.48,0.11121,0.48458,0.56343,straight,straight
MVI_63554,140,46,1021,1066,818.91,814.21,0.9943,11.06,31.67,18.958,473.94,0.001091,0.000531,0.003419,0.003901,256.31,0.2518,0.6785,0.77999,straight,gentle
MVI_63554,141,66,1041,1106,793.08,792.48,0.9992,2.94,19.88,11.532,288.3,0.000549,0.000445,0.001118,0.001622,616.43,0.1639,0.2733,0.33431,straight,straight
MVI_63554,142,26,1056,1081,439.94,433.07,0.9844,11.62,62.99,18.815,470.37,0.004858,0.002093,0.011151,0.033974,29.43,0.94472,2.20014,4.55245,straight,gentle
MVI_63554,143,66,1061,1126,873.07,871.59,0.9983,19.02,40.56,12.154,303.85,0.001012,0.000839,0.002206,0.006008,166.46,0.21798,0.48986,1.84941,straight,gentle
MVI_63554,144,51,1061,1111,943.51,942.99,0.9994,19.76,25.62,17.739,443.46,0.001711,0.000192,0.003224,0.035343,28.29,0.10139,0.74599,2.48304,straight,gentle
MVI_63554,145,41,1066,1106,755.43,750.52,0.9935,5.21,46.65,19.73,493.24,0.002784,0.000811,0.008833,0.023689,42.21,0.54294,1.32672,2.56103,straight,straight
MVI_63554,146,71,1081,1151,855.6,855.1,0.9994,9.92,24.46,11.687,292.17,0.000829,0.000594,0.00195,0.00401,249.36,0.19084,0.36021,0.75568,straight,straight
MVI_63554,147,46,1106,1151,778.44,777.39,0.9986,13.02,25.24,17.527,438.17,0.000899,0.000522,0.003221,0.003706,269.85,0.20409,0.8397,0.92201,straight,gentle
MVI_63554,148,56,1106,1161,930.17,929.03,0.9988,0.61,39.55,15.592,389.79,0.00182,0.000475,0.004482,0.022842,43.78,0.17531,0.99261,2.4052,straight,straight
MVI_63554,149,46,1111,1156,818.86,814.16,0.9943,0.24,44.25,18.208,455.21,0.002466,0.000537,0.009192,0.017433,57.36,0.32057,1.27028,1.94745,straight,straight
MVI_63554,150,66,1116,1181,835.1,833.35,0.9979,19.28,33.4,12.267,306.67,0.000792,0.000489,0.001639,0.006726,148.67,0.16712,0.55927,1.70228,straight,gentle
MVI_63554,151,21,1121,1141,372.19,367.31,0.9869,26.53,29.75,19.552,488.8,0.001535,0.001665,0.002532,0.003861,258.99,0.64722,1.15171,1.2521,curved,gentle
MVI_63554,152,61,1131,1191,821.14,820.59,0.9993,2.45,19.23,13.351,333.77,0.000514,0.000429,0.001,0.001554,643.51,0.15616,0.31182,0.44588,straight,straight
MVI_63554,153,20,1146,1165,305.34,302.68,0.9913,24.44,24.44,17.4,435.0,0.001563,0.001451,0.002116,0.004068,245.83,0.57533,0.91783,0.98981,curved,gentle
MVI_63554,154,66,1151,1216,835.29,834.72,0.9993,17.43,26.14,11.942,298.56,0.000814,0.000331,0.001996,0.007484,133.62,0.10827,0.39278,1.82702,straight,gentle
MVI_63554,155,56,1151,1206,878.94,878.41,0.9994,7.33,21.96,15.091,377.28,0.000532,0.00057,0.000953,0.001127,887.56,0.19475,0.34773,0.48724,straight,straight
MVI_63554,156,56,1166,1221,889.65,889.18,0.9995,5.51,17.1,15.49,387.24,0.000598,0.000277,0.001035,0.004875,205.11,0.10691,0.27975,0.73503,straight,straight
MVI_63554,157,66,1176,1241,778.31,777.83,0.9994,8.95,27.77,10.983,274.58,0.000924,0.000726,0.002075,0.002829,353.53,0.23538,0.37447,0.5103,straight,straight
MVI_63554,158,66,1181,1246,881.56,880.69,0.999,16.35,25.85,12.394,309.84,0.000647,0.000333,0.001212,0.006225,160.65,0.09231,0.40461,1.61825,straight,gentle
MVI_63554,159,36,1191,1226,723.95,720.16,0.9948,29.43,33.07,21.038,525.96,0.001412,0.000785,0.002035,0.013341,74.96,0.42043,0.70264,1.49328,curved,gentle
MVI_63554,160,21,1206,1226,383.09,378.96,0.9892,32.66,32.66,20.907,522.68,0.002081,0.001436,0.004161,0.010798,92.61,0.70577,1.20695,2.27938,curved,gentle
MVI_63554,161,56,1206,1261,940.59,940.19,0.9996,8.32,21.57,15.585,389.63,0.001275,0.000288,0.001853,0.026399,37.88,0.10966,0.43154,1.69114,straight,straight
MVI_63554,162,61,1211,1271,811.41,811.11,0.9996,3.02,20.06,12.112,302.81,0.000752,0.000339,0.002463,0.004031,248.06,0.13467,0.45871,0.56547,straight,straight
MVI_63554,163,71,1211,1281,852.4,852.09,0.9996,1.97,16.53,11.314,282.86,0.000504,0.000302,0.001183,0.002396,417.39,0.1008,0.29308,0.39544,straight,straight
MVI_63554,164,66,1216,1281,788.47,788.15,0.9996,0.34,20.09,10.683,267.08,0.0007,0.000347,0.001597,0.00318,314.47,0.11555,0.31567,0.58589,straight,straight
MVI_63554,165,56,1221,1276,822.78,822.29,0.9994,0.0,21.04,13.059,326.46,0.000623,0.000442,0.001421,0.002024,494.06,0.21441,0.29238,0.32721,straight,straight
MVI_63554,166,66,1236,1301,809.58,808.94,0.9992,8.49,23.94,11.67,291.76,0.00063,0.000422,0.001299,0.002477,403.71,0.13625,0.39717,0.83386,straight,straight
MVI_63554,167,31,1241,1271,735.92,731.54,0.9941,44.06,44.54,24.74,618.49,0.002475,0.000587,0.006198,0.02568,38.94,0.39725,1.67347,4.31718,curved,gentle
MVI_63554,168,61,1246,1306,831.17,830.79,0.9995,1.12,21.5,12.751,318.78,0.000568,0.000439,0.001178,0.001536,650.89,0.14424,0.3024,0.47532,straight,straight
MVI_63554,169,21,1251,1271,372.01,364.54,0.9799,37.0,37.0,20.574,514.35,0.002254,0.00212,0.004282,0.00849,117.78,0.83287,1.54307,1.85663,curved,gentle
MVI_63554,170,36,1266,1301,838.08,831.37,0.992,43.93,48.27,24.761,619.02,0.002402,0.000476,0.005884,0.026776,37.35,0.22656,1.49411,4.11902,curved,gentle
MVI_63554,171,56,1271,1326,863.6,862.71,0.999,0.04,27.22,14.658,366.45,0.000768,0.000654,0.001713,0.002512,398.1,0.17574,0.56814,0.98202,straight,straight
MVI_63554,172,66,1276,1341,841.16,840.77,0.9995,1.82,23.43,12.925,323.11,0.000797,0.000406,0.002071,0.00265,377.32,0.15972,0.39117,0.5696,straight,straight
MVI_63554,173,56,1276,1331,956.66,955.07,0.9983,0.32,37.95,16.838,420.95,0.003439,0.000358,0.002709,0.096783,10.33,0.17026,0.6687,4.53116,straight,straight
MVI_63554,174,16,1291,1306,292.64,288.92,0.9873,37.77,37.77,20.581,514.52,0.002955,0.001832,0.006287,0.010842,92.24,0.91284,1.88286,2.71724,curved,gentle
MVI_63554,175,66,1301,1366,853.39,852.52,0.999,1.62,26.18,11.695,292.36,0.000829,0.000476,0.001593,0.005663,176.59,0.16626,0.36242,0.74771,straight,straight
MVI_63554,176,36,1301,1336,843.84,838.89,0.9941,24.44,25.73,24.784,619.59,0.001313,0.000199,0.002701,0.016439,60.83,0.12016,0.88761,1.93116,curved,gentle
MVI_63554,177,56,1311,1366,838.94,838.39,0.9994,9.68,15.01,13.323,333.06,0.000538,0.000313,0.001557,0.001936,516.66,0.08792,0.36442,0.3923,straight,straight
MVI_63554,178,66,1331,1396,825.35,824.31,0.9988,6.69,29.89,12.154,303.85,0.00082,0.000441,0.002338,0.002949,339.13,0.15949,0.53501,0.64108,straight,straight
MVI_63554,179,51,1341,1391,900.74,899.24,0.9983,22.92,47.13,17.289,432.22,0.003253,0.000514,0.008683,0.046145,21.67,0.15847,1.30394,3.971,curved,gentle
MVI_63554,180,16,1346,1361,352.61,346.76,0.9834,38.95,38.95,24.418,610.46,0.002305,0.001706,0.005241,0.00634,157.73,1.03882,2.36555,2.68711,curved,gentle
MVI_63554,181,36,1351,1386,708.09,702.66,0.9923,41.83,41.83,20.694,517.35,0.002239,0.00053,0.006042,0.02031,49.24,0.34044,1.23063,2.76871,curved,gentle
MVI_63554,182,56,1376,1431,875.24,874.39,0.999,8.07,24.82,14.462,361.54,0.000613,0.000648,0.001121,0.001275,784.36,0.20099,0.40453,0.51708,straight,straight
MVI_63554,183,21,1401,1421,479.18,474.81,0.9909,26.1,26.1,25.829,645.74,0.001609,0.001042,0.0022,0.012145,82.34,0.48249,1.00405,1.89367,curved,gentle
MVI_63554,184,40,1406,1445,737.08,731.38,0.9923,1.23,58.67,17.81,445.25,0.003249,0.000869,0.012604,0.018359,54.47,0.64471,1.96084,2.52012,straight,straight
MVI_63554,185,40,1406,1445,673.74,673.25,0.9993,14.34,28.9,16.471,411.78,0.002979,0.00019,0.007402,0.038889,25.71,0.09341,1.04479,3.16242,straight,gentle
MVI_63554,186,25,1421,1445,589.64,589.04,0.999,7.32,7.32,24.903,622.59,0.000224,0.000277,0.000385,0.00041,2436.1,0.13284,0.25242,0.2694,straight,straight
MVI_63554,187,15,1431,1445,255.6,255.0,0.9977,16.45,18.54,19.862,496.56,0.002056,0.000611,0.005648,0.010325,96.86,0.30321,1.62067,2.43319,straight,gentle
MVI_63554,188,15,1431,1445,258.88,256.38,0.9903,31.66,31.66,18.804,470.11,0.002813,0.001778,0.005933,0.010397,96.18,0.84501,1.59227,2.32306,curved,gentle
MVI_63554,189,31,1156,1186,549.45,545.57,0.9929,11.98,57.0,19.798,494.96,0.004492,0.000808,0.015394,0.030364,32.93,0.52998,2.57554,4.05078,straight,gentle
MVI_63554,190,31,786,816,477.68,474.15,0.9926,2.61,33.91,17.429,435.73,0.001771,0.001343,0.003955,0.007525,132.89,0.39891,1.04214,1.17622,straight,straight
MVI_63561,1,6,1,6,62.59,62.58,0.9998,1.86,4.32,12.322,308.06,0.001458,0.001256,0.00249,0.002754,363.13,0.39905,0.7229,0.77415,unknown,unknown
MVI_63561,2,26,1,26,305.01,304.94,0.9998,3.29,7.21,13.609,340.24,0.000487,0.000483,0.000783,0.000871,1148.47,0.15132,0.25493,0.26981,straight,straight
MVI_63561,3,11,1,11,27.27,27.2,0.9973,15.07,15.07,2.72,67.99,0.01025,0.009293,0.015896,0.018314,54.6,0.63187,0.90374,0.99322,unknown,unknown
MVI_63561,4,51,1,51,494.06,492.01,0.9959,26.11,36.9,8.933,223.32,0.002197,0.000986,0.006625,0.010583,94.5,0.27586,0.61562,1.5701,curved,gentle
MVI_63561,5,16,1,16,239.87,238.5,0.9943,27.66,29.81,16.207,405.17,0.003902,0.00097,0.011341,0.019328,51.74,0.38569,2.48051,3.5519,curved,gentle
MVI_63561,6,56,6,61,892.78,886.29,0.9927,47.9,55.07,13.862,346.55,0.002301,0.000937,0.008526,0.01259,79.43,0.29778,1.12321,1.4338,curved,sharp
MVI_63561,7,46,11,56,631.76,631.67,0.9999,3.14,11.03,13.239,330.98,0.000475,0.000301,0.00138,0.002338,427.66,0.09254,0.30251,0.43017,straight,straight
MVI_63561,8,26,21,46,575.98,567.8,0.9858,55.49,56.23,24.142,603.56,0.002878,0.001479,0.00825,0.016645,60.08,1.07553,2.28467,3.65662,curved,sharp
MVI_63561,9,51,26,76,694.32,693.21,0.9984,11.86,29.7,12.572,314.3,0.000919,0.000479,0.001673,0.007511,133.15,0.22174,0.68943,1.87605,straight,gentle
MVI_63561,10,41,36,76,477.95,477.66,0.9994,6.76,18.1,11.583,289.58,0.000762,0.000626,0.001257,0.003634,275.15,0.18282,0.39388,0.79954,straight,straight
MVI_63561,11,41,51,91,578.78,578.03,0.9987,8.87,26.69,14.293,357.33,0.001115,0.000729,0.002014,0.006926,144.38,0.2583,0.67008,1.52646,straight,straight
MVI_63561,12,26,56,81,410.13,409.77,0.9991,10.2,10.2,16.964,424.11,0.000501,0.000442,0.000936,0.001222,818.35,0.19207,0.29916,0.35758,straight,gentle
MVI_63561,13,36,76,111,392.66,392.54,0.9997,7.15,11.67,11.071,276.77,0.000804,0.000191,0.002179,0.008278,120.81,0.05933,0.49602,1.21103,straight,straight
MVI_63561,14,31,76,106,582.35,576.63,0.9902,16.94,46.33,20.207,505.18,0.002633,0.001256,0.005976,0.018865,53.01,0.70706,1.07392,2.27625,straight,gentle
MVI_63561,15,66,76,141,939.15,938.51,0.9993,2.45,18.41,12.626,315.64,0.000501,0.000283,0.001274,0.002072,482.69,0.11985,0.27414,0.68274,straight,straight
MVI_63561,16,41,81,121,581.68,581.28,0.9993,6.95,10.93,13.413,335.34,0.000429,0.000396,0.000734,0.002011,497.37,0.13771,0.22526,0.36399,straight,straight
MVI_63561,17,51,81,131,709.9,708.99,0.9987,5.54,33.18,12.823,320.58,0.001222,0.000851,0.002877,0.004612,216.81,0.35433,0.74564,1.0005,straight,straight
MVI_63561,18,56,86,141,902.84,899.73,0.9966,34.12,39.48,13.431,335.77,0.001498,0.000481,0.005917,0.008035,124.46,0.15676,0.88046,1.11096,curved,gentle
MVI_63561,19,46,96,141,629.77,629.21,0.9991,3.34,16.39,13.494,337.36,0.000612,0.000484,0.001378,0.002568,389.38,0.16707,0.34484,0.50347,straight,straight
MVI_63561,20,36,111,146,504.18,498.4,0.9885,34.28,51.86,14.013,350.32,0.00212,0.000993,0.007078,0.010599,94.35,0.36202,2.39111,3.13194,curved,gentle
MVI_63561,21,41,116,156,575.25,574.67,0.999,1.17,17.18,13.604,340.1,0.000562,0.000477,0.00097,0.001777,562.81,0.14508,0.439,0.65735,straight,straight
MVI_63561,22,56,116,171,1015.84,1008.85,0.9931,16.74,67.48,17.138,428.46,0.002304,0.001082,0.005611,0.009837,101.66,0.58151,1.17618,1.54387,straight,gentle
MVI_63561,23,46,121,166,667.04,666.64,0.9994,2.08,12.63,13.02,325.5,0.000462,0.000404,0.000885,0.00274,365.01,0.14759,0.30205,0.52056,straight,straight
MVI_63561,24,36,126,161,651.26,639.68,0.9822,13.21,77.12,19.251,481.28,0.006268,0.001263,0.015078,0.07033,14.22,0.64397,2.39046,6.70797,straight,gentle
MVI_63561,25,56,131,186,937.23,936.29,0.999,4.49,27.66,14.696,367.4,0.000666,0.00061,0.001287,0.001591,628.47,0.23399,0.43444,0.67384,straight,straight
MVI_63561,26,46,136,181,628.86,627.46,0.9978,12.49,16.92,14.216,355.4,0.000663,0.00054,0.001447,0.002241,446.27,0.20434,0.38184,0.51703,straight,gentle
MVI_63561,27,11,151,161,183.39,183.3,0.9995,7.93,7.93,18.33,458.24,0.001183,0.000556,0.002727,0.004828,207.13,0.25463,0.73544,1.07616,unknown,unknown
MVI_63561,28,46,161,206,386.36,384.6,0.9954,5.3,48.27,8.549,213.73,0.002882,0.001526,0.007218,0.013732,72.82,0.32825,1.35681,1.72023,straight,straight
MVI_63561,29,36,161,196,573.91,573.57,0.9994,9.61,15.25,15.917,397.92,0.000572,0.000375,0.00133,0.002318,431.33,0.14073,0.47656,0.81649,straight,straight
MVI_63561,30,41,161,201,810.26,809.12,0.9986,26.81,34.43,19.217,480.43,0.00223,0.000321,0.006842,0.024205,41.31,0.2307,1.23511,2.86744,curved,gentle
MVI_63561,31,31,166,196,424.96,424.29,0.9984,11.46,20.22,14.491,362.28,0.00091,0.000971,0.001611,0.001992,502.02,0.29368,0.63773,0.73457,straight,gentle
MVI_63561,32,16,166,181,356.27,353.81,0.9931,28.92,30.13,24.427,610.68,0.002231,0.000417,0.00656,0.010879,91.92,0.27304,2.56906,3.61131,curved,gentle
MVI_63561,33,36,176,211,543.66,541.95,0.9968,27.7,32.64,15.25,381.24,0.00143,0.000974,0.002569,0.00897,111.49,0.36162,0.87959,2.12848,curved,gentle
MVI_63561,34,31,181,211,599.13,591.84,0.9878,24.49,46.33,21.311,532.78,0.001869,0.001461,0.003798,0.006589,151.78,0.84538,1.26036,1.43144,curved,gentle
MVI_63561,35,61,181,241,968.59,967.31,0.9987,13.95,23.17,13.908,347.7,0.00054,0.000506,0.000964,0.002376,420.83,0.14475,0.39012,0.97418,straight,gentle
MVI_63561,36,36,196,231,390.4,389.49,0.9977,10.06,33.46,10.82,270.49,0.002552,0.001268,0.005602,0.018805,53.18,0.35496,1.10512,2.48381,straight,gentle
MVI_63561,37,36,201,236,622.75,622.43,0.9995,5.28,16.93,17.292,432.31,0.000824,0.000339,0.001845,0.004721,211.8,0.16662,0.58498,0.93763,straight,straight
MVI_63561,38,41,201,241,575.39,574.07,0.9977,19.13,38.63,14.125,353.12,0.001682,0.00115,0.003417,0.008088,123.64,0.41471,1.17202,2.08156,straight,gentle
MVI_63561,39,31,206,236,479.32,478.73,0.9988,14.48,18.33,15.874,396.84,0.000814,0.000647,0.001675,0.001956,511.38,0.26813,0.52338,0.57564,straight,gentle
MVI_63561,40,36,211,246,408.18,407.96,0.9995,6.03,14.22,11.897,297.44,0.00076,0.00045,0.002342,0.002969,336.79,0.13843,0.58481,0.68506,straight,straight
MVI_63561,41,36,216,251,521.44,521.38,0.9999,3.69,6.96,14.649,366.23,0.000275,0.0003,0.000465,0.000629,1590.98,0.10082,0.189,0.2312,straight,straight
MVI_63561,42,71,231,301,983.74,978.05,0.9942,19.31,94.41,13.886,347.14,0.003919,0.00133,0.008398,0.041934,23.85,0.40278,1.62753,3.80603,straight,gentle
MVI_63561,43,46,236,281,878.79,873.72,0.9942,12.23,59.62,18.752,468.79,0.004145,0.000753,0.019069,0.033236,30.09,0.34563,2.01073,2.9144,straight,gentle
MVI_63561,44,41,256,296,534.02,531.72,0.9957,8.32,39.28,13.088,327.21,0.001626,0.001357,0.002928,0.00555,180.17,0.3961,0.84223,1.16329,straight,straight
MVI_63561,45,41,266,306,854.32,852.28,0.9976,37.28,41.14,18.486,462.14,0.002752,0.000335,0.004863,0.04745,21.07,0.18448,1.09456,4.99826,curved,gentle
MVI_63561,46,71,271,341,960.18,958.35,0.9981,9.02,53.71,12.507,312.67,0.002556,0.000515,0.007169,0.037911,26.38,0.1917,0.97089,2.44436,straight,straight
MVI_63561,47,26,276,301,337.45,335.86,0.9953,18.96,32.33,13.7,342.49,0.001942,0.001534,0.004159,0.005047,198.15,0.54075,1.17103,1.33242,straight,gentle
MVI_63561,48,31,276,306,536.47,535.68,0.9985,11.67,17.32,17.962,449.06,0.000704,0.000357,0.002043,0.002111,473.6,0.1719,0.75611,0.77298,straight,gentle
MVI_63561,49,36,281,316,626.52,626.1,0.9993,8.89,16.82,17.468,436.7,0.000636,0.000638,0.001215,0.001825,548.08,0.25442,0.42604,0.56645,straight,straight
MVI_63561,50,41,281,321,541.03,540.24,0.9985,3.89,31.23,12.916,322.89,0.00132,0.000931,0.002986,0.005473,182.73,0.38417,0.80301,1.08587,straight,straight
MVI_63561,51,31,296,326,552.12,543.08,0.9836,38.26,38.26,18.926,473.14,0.001133,0.00083,0.002272,0.003029,330.19,0.43128,1.16458,1.22736,curved,gentle
MVI_63561,52,46,301,346,724.72,724.47,0.9997,4.28,14.45,15.58,389.5,0.000564,0.000359,0.001398,0.001871,534.37,0.15356,0.37145,0.51381,straight,straight
MVI_63561,53,46,301,346,589.16,588.53,0.9989,8.66,22.84,13.057,326.43,0.000752,0.000526,0.001699,0.00412,242.73,0.17811,0.63196,0.95904,straight,straight
MVI_63561,54,41,301,341,507.07,506.66,0.9992,9.95,20.42,12.43,310.76,0.001048,0.000909,0.001567,0.005909,169.22,0.27404,0.48702,1.07227,straight,straight
MVI_63561,55,46,306,351,869.94,864.36,0.9936,28.93,32.55,16.88,421.99,0.000941,0.000632,0.002508,0.004069,245.75,0.19055,0.83503,1.02086,curved,gentle
MVI_63561,56,76,306,381,954.3,951.69,0.9973,34.76,67.36,11.374,284.35,0.003267,0.000734,0.010305,0.020068,49.83,0.276,1.05773,1.60092,curved,gentle
MVI_63561,57,46,326,371,574.53,572.4,0.9963,32.41,47.31,12.099,302.48,0.002002,0.00081,0.004025,0.017548,56.98,0.25174,1.29893,3.47493,curved,gentle
MVI_63561,58,51,326,376,694.39,694.1,0.9996,4.78,14.37,13.508,337.69,0.000515,0.000441,0.000886,0.001589,629.47,0.16872,0.29127,0.35412,straight,straight
MVI_63561,59,41,331,371,590.98,590.77,0.9996,5.12,11.98,14.471,361.77,0.000481,0.00047,0.000896,0.001008,992.54,0.143,0.25203,0.30488,straight,straight
MVI_63561,60,31,336,366,528.86,523.02,0.989,2.48,61.87,19.43,485.75,0.005202,0.001376,0.012547,0.048271,20.72,0.77598,1.91011,4.68973,straight,straight
MVI_63561,61,81,336,416,1013.27,1010.6,0.9974,14.81,69.44,10.127,253.17,0.00314,0.000728,0.014133,0.019917,50.21,0.18957,1.26102,1.78133,straight,gentle
MVI_63561,62,41,346,386,558.47,558.26,0.9996,1.34,13.45,14.017,350.42,0.000588,0.000307,0.001354,0.002636,379.34,0.119,0.33257,0.48211,straight,straight
MVI_63561,63,51,346,396,838.67,834.15,0.9946,5.89,65.36,15.162,379.06,0.003955,0.000759,0.012726,0.032407,30.86,0.3818,1.9098,2.85347,straight,straight
MVI_63561,64,46,351,396,725.58,724.41,0.9984,11.41,24.54,16.396,409.9,0.000895,0.000638,0.002098,0.003402,293.98,0.24053,0.59704,0.89269,straight,gentle
MVI_63561,65,56,361,416,749.49,748.66,0.9989,6.77,27.53,12.446,311.14,0.000835,0.000622,0.001404,0.006522,153.32,0.15414,0.46003,1.57853,straight,straight
MVI_63561,66,51,366,416,621.06,620.31,0.9988,9.26,29.13,11.954,298.84,0.001082,0.000888,0.001815,0.004669,214.18,0.2634,0.53331,1.17406,straight,straight
MVI_63561,67,56,381,436,687.59,687.44,0.9998,0.21,10.21,12.161,304.03,0.000386,0.000259,0.000958,0.001734,576.7,0.07684,0.19908,0.38918,straight,straight
MVI_63561,68,61,386,446,795.14,793.99,0.9986,6.27,39.07,12.794,319.86,0.001561,0.000758,0.004961,0.008445,118.42,0.24306,0.80552,1.08984,straight,straight
MVI_63561,69,71,396,466,952.39,948.94,0.9964,29.33,84.06,10.737,268.41,0.006657,0.000504,0.015971,0.073272,13.65,0.17518,1.58284,4.43311,curved,gentle
MVI_63561,70,56,406,461,707.72,707.56,0.9998,5.37,15.37,12.241,306.02,0.000573,0.000222,0.001065,0.00783,127.72,0.07527,0.24326,1.38719,straight,straight
MVI_63561,71,66,416,481,800.62,799.8,0.999,4.77,24.57,11.768,294.21,0.000779,0.000767,0.001561,0.002315,431.91,0.17129,0.37648,0.44033,straight,straight
MVI_63561,72,76,421,496,724.99,723.78,0.9983,5.22,39.1,9.214,230.34,0.001303,0.000743,0.003281,0.005236,191.0,0.2093,0.57777,0.6856,straight,straight
MVI_63561,73,46,431,476,851.25,846.82,0.9948,12.37,36.95,16.705,417.63,0.001588,0.000421,0.003832,0.014875,67.23,0.20228,0.79793,1.39665,straight,gentle
MVI_63561,74,31,436,466,493.98,489.43,0.9908,12.61,34.32,17.279,431.97,0.002012,0.001089,0.004584,0.012757,78.39,0.44722,0.84013,1.58772,straight,gentle
MVI_63561,75,61,441,501,818.54,817.4,0.9986,9.25,34.25,11.532,288.29,0.001103,0.000803,0.002198,0.006234,160.42,0.24235,0.49339,1.44637,straight,straight
MVI_63561,76,46,456,501,869.13,866.2,0.9966,41.16,47.79,18.283,457.08,0.00305,0.000413,0.009301,0.035531,28.14,0.27844,1.45418,3.56111,curved,gentle
MVI_63561,77,61,461,521,769.41,769.09,0.9996,8.49,21.82,11.897,297.42,0.000636,0.00051,0.000908,0.005543,180.42,0.11448,0.30527,1.28583,straight,straight
MVI_63561,78,66,461,526,955.3,953.83,0.9985,6.01,30.33,12.49,312.24,0.001317,0.000304,0.002584,0.013576,73.66,0.11454,0.49046,1.62892,straight,straight
MVI_63561,79,51,466,516,591.33,591.15,0.9997,2.01,14.98,11.733,293.32,0.000596,0.000307,0.001365,0.001679,595.45,0.10527,0.24934,0.31981,straight,straight
MVI_63561,80,61,481,541,820.93,819.93,0.9988,5.69,31.54,12.258,306.44,0.001026,0.000833,0.002086,0.002745,364.3,0.28882,0.51508,0.643,straight,straight
MVI_63561,81,51,486,536,595.26,595.04,0.9996,0.73,15.72,11.526,288.15,0.000549,0.000534,0.001069,0.001401,713.85,0.16959,0.35188,0.43155,straight,straight
MVI_63561,82,56,491,546,720.92,720.6,0.9996,6.17,20.04,12.321,308.03,0.000827,0.000336,0.002567,0.004108,243.42,0.10752,0.51154,0.7166,straight,straight
MVI_63561,83,66,491,556,723.24,722.8,0.9994,8.69,21.56,10.85,271.24,0.000769,0.000476,0.001768,0.003438,290.86,0.15734,0.31281,0.64176,straight,straight
MVI_63561,84,76,506,581,828.02,827.21,0.999,17.53,41.42,9.94,248.51,0.001316,0.00078,0.003613,0.006623,150.98,0.23096,0.47151,1.40423,straight,gentle
MVI_63561,85,41,511,551,754.46,751.4,0.9959,36.06,39.87,16.844,421.1,0.002309,0.000436,0.008566,0.017401,57.47,0.2475,1.38591,2.22299,curved,gentle
MVI_63561,86,76,521,596,896.56,895.45,0.9988,10.38,46.63,11.51,287.74,0.001529,0.000901,0.00384,0.007146,139.93,0.21525,0.77114,1.20225,straight,gentle
MVI_63561,87,61,521,581,910.61,909.7,0.999,12.4,42.04,12.41,310.25,0.002733,0.000676,0.009944,0.018783,53.24,0.18961,1.30857,1.59752,straight,gentle
MVI_63561,88,61,526,586,666.83,666.52,0.9995,10.91,22.52,10.553,263.82,0.00079,0.000372,0.001742,0.006674,149.84,0.10205,0.38741,1.39366,straight,gentle
MVI_63561,89,31,526,556,450.38,445.12,0.9883,27.38,32.53,15.75,393.75,0.00148,0.001073,0.003595,0.004704,212.58,0.45658,0.9541,1.40627,curved,gentle
MVI_63561,90,76,536,611,837.38,836.41,0.9988,5.01,49.07,9.622,240.56,0.001665,0.000635,0.005916,0.008572,116.66,0.15942,0.90861,1.43056,straight,straight
MVI_63561,91,66,551,616,756.97,756.05,0.9988,7.56,19.76,10.829,270.72,0.000618,0.000438,0.001552,0.002973,336.38,0.07913,0.38416,0.58962,straight,straight
MVI_63561,92,81,551,631,871.87,870.8,0.9988,6.61,39.68,9.282,232.05,0.00152,0.000544,0.005326,0.010411,96.06,0.16315,0.69101,1.35833,straight,straight
MVI_63561,93,61,561,621,659.98,659.62,0.9994,4.89,24.37,10.439,260.98,0.001047,0.000764,0.002844,0.003929,254.54,0.21888,0.47948,0.61662,straight,straight
MVI_63561,94,26,566,591,421.85,412.72,0.9784,51.0,51.0,18.043,451.07,0.002636,0.002121,0.004906,0.007509,133.18,1.06819,1.25889,1.44645,curved,sharp
MVI_63561,95,41,566,606,726.95,723.91,0.9958,46.32,52.32,16.534,413.34,0.003641,0.000357,0.009457,0.046263,21.62,0.17349,1.59707,4.60246,curved,sharp
MVI_63561,96,86,571,656,853.53,852.14,0.9984,22.46,49.2,8.716,217.89,0.002043,0.000985,0.00438,0.012006,83.29,0.24582,0.60125,1.20031,curved,gentle
MVI_63561,97,71,576,646,788.96,788.49,0.9994,7.23,24.27,10.347,258.67,0.000958,0.000422,0.003283,0.004477,223.34,0.12747,0.46517,0.60187,straight,straight
MVI_63561,98,71,576,646,726.27,725.74,0.9993,2.0,19.98,10.156,253.9,0.000613,0.000512,0.001222,0.00199,502.43,0.11616,0.28276,0.34269,straight,straight
MVI_63561,99,76,586,661,866.59,864.93,0.9981,8.92,41.64,10.043,251.08,0.001227,0.000687,0.002557,0.005654,176.86,0.19037,0.59507,1.26245,straight,straight
MVI_63561,100,96,611,706,893.94,893.37,0.9994,0.4,38.76,7.947,198.68,0.001407,0.000681,0.003462,0.007009,142.67,0.16973,0.50373,0.71297,straight,straight
MVI_63561,101,86,611,696,873.99,873.06,0.9989,20.57,39.02,8.759,218.98,0.001687,0.00047,0.003988,0.015323,65.26,0.09605,0.47409,1.45032,curved,gentle
MVI_63561,102,86,616,701,737.8,737.07,0.999,4.71,40.86,7.655,191.37,0.001558,0.001069,0.00387,0.004974,201.04,0.235,0.46903,0.72777,straight,straight
MVI_63561,103,26,626,651,467.02,461.59,0.9884,50.12,50.65,19.796,494.9,0.003049,0.001934,0.008332,0.016922,59.1,1.00026,1.8892,3.03648,curved,sharp
MVI_63561,104,86,636,721,914.69,913.2,0.9984,5.92,57.5,9.179,229.48,0.002226,0.001364,0.005572,0.013514,74.0,0.32421,0.82865,1.55845,straight,straight
MVI_63561,105,61,631,691,925.0,923.86,0.9988,9.47,33.42,12.964,324.09,0.001765,0.000523,0.006327,0.011313,88.39,0.18664,0.61386,1.54833,straight,straight
MVI_63561,106,41,636,676,734.26,728.64,0.9923,52.53,55.25,16.856,421.4,0.002953,0.000558,0.009968,0.026179,38.2,0.27017,1.87688,3.57271,curved,sharp
MVI_63561,107,91,656,746,902.07,901.12,0.9989,18.27,43.98,7.943,198.58,0.00173,0.000731,0.003793,0.012921,77.39,0.16265,0.46519,1.30309,straight,gentle
MVI_63561,108,96,661,756,848.93,848.03,0.9989,2.8,55.16,8.135,203.38,0.002069,0.001623,0.004474,0.008201,121.94,0.32129,0.64515,0.95356,straight,straight
MVI_63561,109,91,676,766,930.65,929.79,0.9991,12.02,47.51,8.778,219.45,0.002011,0.000877,0.004965,0.0221,45.25,0.2029,0.60339,1.53506,straight,gentle
MVI_63561,110,21,676,696,401.76,399.09,0.9934,10.97,26.98,19.973,499.33,0.001982,0.001135,0.003665,0.011389,87.81,0.56604,0.88299,1.50156,straight,gentle
MVI_63561,111,41,701,741,706.99,704.65,0.9967,14.83,30.89,15.649,391.23,0.001476,0.000586,0.004541,0.007616,131.31,0.34577,0.76911,0.99054,straight,gentle
MVI_63561,112,71,711,781,980.7,978.26,0.9975,13.59,52.09,12.35,308.75,0.001853,0.000395,0.006117,0.014608,68.45,0.15648,0.82492,3.94855,straight,gentle
MVI_63561,113,96,711,806,916.15,915.52,0.9993,20.67,45.68,8.175,204.39,0.001515,0.000689,0.003356,0.01379,72.52,0.16151,0.48408,2.66386,curved,gentle
MVI_63561,114,81,731,811,754.15,753.94,0.9997,0.55,18.91,8.563,214.08,0.00068,0.000311,0.0023,0.003037,329.32,0.0839,0.30726,0.55111,straight,straight
MVI_63561,115,71,746,816,994.14,991.95,0.9978,26.88,40.37,12.162,304.05,0.001473,0.000322,0.003704,0.015891,62.93,0.13205,0.80081,1.87448,curved,gentle
MVI_63561,116,86,751,836,930.61,929.09,0.9984,13.69,53.66,8.364,209.1,0.001598,0.000696,0.00339,0.021835,45.8,0.15838,0.70382,4.38221,straight,gentle
MVI_63561,117,81,756,836,847.52,846.91,0.9993,11.0,37.47,8.735,218.38,0.001315,0.000639,0.002165,0.006785,147.38,0.18656,0.5252,0.80749,straight,gentle
MVI_63561,118,81,756,836,817.01,816.55,0.9994,2.47,34.5,9.154,228.86,0.001233,0.001044,0.002767,0.004133,241.94,0.21551,0.45055,0.56924,straight,straight
MVI_63561,119,41,761,801,756.79,752.64,0.9945,39.02,39.67,17.294,432.35,0.001955,0.000757,0.004987,0.01949,51.31,0.27716,0.92144,2.28612,curved,gentle
MVI_63561,120,96,771,866,949.63,948.14,0.9984,8.6,57.47,8.889,222.23,0.001985,0.001259,0.004109,0.015797,63.3,0.22869,0.65068,1.07044,straight,straight
MVI_63561,121,66,776,841,990.74,989.04,0.9983,24.8,62.72,12.868,321.69,0.003912,0.00055,0.008554,0.059098,16.92,0.24946,1.22729,3.18616,curved,gentle
MVI_63561,122,41,801,841,836.06,831.7,0.9948,43.75,46.2,19.022,475.55,0.002726,0.000348,0.007015,0.030548,32.74,0.2116,1.18379,3.15686,curved,gentle
MVI_63561,123,31,806,836,517.51,511.57,0.9885,30.26,30.33,17.986,449.65,0.001371,0.001065,0.003197,0.004265,234.49,0.46327,0.85605,0.98125,curved,gentle
MVI_63561,124,76,806,881,747.18,746.52,0.9991,3.57,31.69,9.313,232.83,0.001146,0.000707,0.002664,0.005605,178.42,0.18175,0.50137,0.86984,straight,straight
MVI_63561,125,76,816,891,910.75,909.67,0.9988,19.29,37.44,10.939,273.48,0.001295,0.000571,0.004018,0.007743,129.15,0.18567,0.57881,1.11197,straight,gentle
MVI_63561,126,61,841,901,752.83,752.65,0.9998,6.1,9.77,12.328,308.21,0.00035,0.000103,0.000941,0.001623,616.13,0.0416,0.17758,0.31807,straight,straight
MVI_63561,127,76,841,916,842.94,842.53,0.9995,3.72,23.65,9.807,245.17,0.000779,0.000628,0.00179,0.002669,374.64,0.13695,0.30577,0.5127,straight,straight
MVI_63561,128,66,851,916,928.45,925.86,0.9972,43.94,83.66,12.187,304.67,0.007036,0.000433,0.024224,0.063019,15.87,0.15488,2.45985,4.36945,curved,gentle
MVI_63561,129,41,861,901,823.61,820.92,0.9967,32.69,39.45,17.842,446.04,0.002903,0.000479,0.005365,0.046968,21.29,0.25685,0.94162,3.99992,curved,gentle
MVI_63561,130,31,866,896,531.37,525.65,0.9892,17.51,32.69,19.96,498.99,0.00154,0.001119,0.003584,0.005674,176.24,0.4734,0.93086,1.1761,straight,gentle
MVI_63561,131,71,876,946,888.11,886.65,0.9984,19.91,56.27,11.142,278.55,0.001992,0.001166,0.005698,0.008373,119.43,0.32196,0.94399,2.0338,straight,gentle
MVI_63561,132,51,876,926,893.56,888.82,0.9947,3.12,61.51,15.627,390.67,0.004137,0.000704,0.012483,0.044328,22.56,0.41899,1.59115,3.70347,straight,straight
MVI_63561,133,66,876,941,680.58,679.94,0.9991,0.55,23.94,10.145,253.63,0.000813,0.000449,0.002059,0.003143,318.17,0.13397,0.36922,0.66671,straight,straight
MVI_63561,134,61,881,941,909.31,908.33,0.9989,22.69,46.79,12.797,319.92,0.004088,0.00059,0.007635,0.084893,11.78,0.24087,0.92189,4.3297,curved,gentle
MVI_63561,135,71,886,956,792.29,791.1,0.9985,12.88,37.91,10.212,255.3,0.001544,0.000699,0.003976,0.0085,117.64,0.20931,0.63704,1.49009,straight,gentle
MVI_63561,136,66,906,971,745.92,745.42,0.9993,4.57,23.95,10.674,266.86,0.000709,0.000558,0.001284,0.002934,340.8,0.14541,0.39444,0.51348,straight,straight
MVI_63561,137,56,911,966,934.06,932.0,0.9978,41.93,62.13,14.553,363.83,0.00564,0.000322,0.008108,0.125002,8.0,0.14651,1.28064,7.86627,curved,gentle
MVI_63561,138,51,916,966,863.18,857.52,0.9934,26.1,36.4,14.886,372.15,0.000949,0.000654,0.002613,0.005435,184.0,0.30472,0.74592,0.78824,curved,gentle
MVI_63561,139,81,916,996,854.48,853.93,0.9994,0.35,26.35,9.014,225.34,0.000857,0.000389,0.002295,0.004223,236.78,0.11481,0.47066,0.84716,straight,straight
MVI_63561,140,26,926,951,476.74,470.19,0.9863,47.98,47.98,19.599,489.99,0.00251,0.001674,0.006348,0.011388,87.81,0.97922,1.56026,2.30702,curved,sharp
MVI_63561,141,76,931,1006,900.89,900.02,0.999,0.9,34.38,9.961,249.04,0.001172,0.000341,0.003106,0.004104,243.68,0.11872,0.61495,0.94193,straight,straight
MVI_63561,142,61,941,1001,947.35,945.44,0.998,39.04,51.63,13.449,336.22,0.003808,0.000368,0.01517,0.046433,21.54,0.12309,1.60539,3.32294,curved,gentle
MVI_63561,143,41,941,981,757.88,752.12,0.9924,49.76,56.47,16.929,423.22,0.002736,0.000446,0.009133,0.022608,44.23,0.1936,1.67719,3.0692,curved,sharp
MVI_63561,144,66,946,1011,713.03,711.64,0.998,4.8,51.61,10.022,250.55,0.00205,0.001061,0.006979,0.009094,109.97,0.2523,1.17349,1.82673,straight,straight
MVI_63561,145,26,951,976,471.91,466.52,0.9886,28.86,37.34,21.537,538.42,0.001642,0.001593,0.002691,0.004572,218.71,0.62132,1.31624,1.50806,curved,gentle
MVI_63561,146,46,971,1016,855.91,850.96,0.9942,27.2,37.38,17.001,425.02,0.001106,0.000672,0.002483,0.005661,176.66,0.214,0.95603,1.09943,curved,gentle
MVI_63561,147,71,971,1041,785.93,785.73,0.9998,1.29,15.89,10.501,262.53,0.000549,0.000531,0.001123,0.001347,742.14,0.12903,0.23779,0.38211,straight,straight
MVI_63561,148,26,976,1001,501.51,495.33,0.9877,50.69,50.69,22.119,552.97,0.003158,0.001141,0.008537,0.020606,48.53,0.69259,2.02003,3.64661,curved,sharp
MVI_63561,149,56,981,1036,626.31,626.19,0.9998,6.27,13.59,10.974,274.35,0.000571,0.000146,0.002034,0.002741,364.82,0.04733,0.36109,0.45385,straight,straight
MVI_63561,150,66,986,1051,1000.04,998.21,0.9982,6.5,42.2,13.184,329.61,0.002245,0.000432,0.008963,0.01413,70.77,0.16636,0.87732,1.83986,straight,straight
MVI_63561,151,71,1001,1071,824.12,823.76,0.9996,7.59,19.13,10.698,267.44,0.000612,0.000351,0.002174,0.002773,360.61,0.10229,0.32316,0.40111,straight,straight
MVI_63561,152,71,1001,1071,863.93,863.5,0.9995,3.51,22.67,11.231,280.78,0.000767,0.00062,0.00187,0.002308,433.22,0.16704,0.34995,0.50961,straight,straight
MVI_63561,153,41,1011,1051,803.26,797.81,0.9932,50.28,55.0,17.698,442.44,0.002736,0.000594,0.009721,0.022795,43.87,0.26935,1.93471,3.4148,curved,sharp
MVI_63561,154,66,1026,1091,823.0,821.96,0.9987,20.07,44.09,11.854,296.34,0.002027,0.00049,0.005733,0.01548,64.6,0.17797,0.9561,2.00979,curved,gentle
MVI_63561,155,26,1026,1051,518.03,511.1,0.9866,39.71,39.71,21.051,526.28,0.002,0.001152,0.003803,0.008679,115.22,0.75198,1.06933,1.41434,curved,gentle
MVI_63561,156,66,1036,1101,990.21,989.17,0.999,2.34,30.3,13.059,326.48,0.001055,0.000342,0.002343,0.008995,111.17,0.11036,0.65057,1.35096,straight,straight
MVI_63561,157,46,1041,1086,914.92,909.5,0.9941,50.69,60.59,18.331,458.29,0.003355,0.000657,0.008716,0.038027,26.3,0.31768,1.43837,3.8347,curved,sharp
MVI_63561,158,66,1051,1116,854.31,853.96,0.9996,10.32,25.92,11.779,294.47,0.001098,0.000411,0.001846,0.013136,76.13,0.11921,0.40341,1.17185,straight,gentle
MVI_63561,159,61,1061,1121,957.7,956.08,0.9983,25.06,46.79,13.786,344.65,0.00304,0.000252,0.008893,0.046541,21.49,0.08354,1.23255,3.60004,curved,gentle
MVI_63561,160,46,1066,1111,625.41,624.83,0.9991,13.31,22.23,13.443,336.08,0.000816,0.000352,0.001669,0.007701,129.86,0.14121,0.58384,1.62136,straight,gentle
MVI_63561,161,31,1071,1101,572.26,567.53,0.9917,10.75,40.48,20.727,518.17,0.002306,0.000876,0.00653,0.011596,86.24,0.52501,1.19483,1.75208,straight,gentle
MVI_63561,162,61,1081,1141,805.6,805.23,0.9995,3.86,27.5,11.596,289.89,0.001003,0.000444,0.002794,0.005324,187.83,0.15794,0.53645,1.32504,straight,straight
MVI_63561,163,56,1081,1136,756.4,756.21,0.9997,3.9,17.28,12.433,310.82,0.000674,0.000134,0.001855,0.004843,206.46,0.05072,0.38585,1.14017,straight,straight
MVI_63561,164,61,1081,1141,697.6,697.41,0.9997,4.46,18.52,11.011,275.27,0.000609,0.00053,0.001269,0.001955,511.62,0.16097,0.27137,0.3712,straight,straight
MVI_63561,165,61,1086,1146,990.73,986.83,0.9961,27.94,43.02,14.426,360.65,0.001917,0.00033,0.006816,0.014151,70.67,0.15348,0.78757,1.89717,curved,gentle
MVI_63561,166,46,1091,1136,621.29,621.03,0.9996,5.42,14.76,13.442,336.06,0.000535,0.000502,0.000985,0.001236,809.18,0.17643,0.32464,0.54245,straight,straight
MVI_63561,167,26,1101,1126,536.31,530.73,0.9896,44.28,44.28,22.943,573.58,0.002567,0.001291,0.005739,0.018386,54.39,0.73681,1.35521,2.95858,curved,gentle
MVI_63561,168,41,1121,1161,865.49,862.3,0.9963,26.85,28.3,20.193,504.83,0.001138,0.00037,0.002828,0.011747,85.13,0.21694,0.56955,1.47183,curved,gentle
MVI_63561,169,71,1141,1211,882.27,880.3,0.9978,34.18,53.9,11.265,281.64,0.001677,0.000865,0.00511,0.011457,87.28,0.24361,0.75698,2.96811,curved,gentle
MVI_63561,170,71,1141,1211,744.63,743.78,0.9989,6.23,31.82,9.907,247.68,0.001024,0.000783,0.002381,0.00335,298.52,0.18682,0.41726,0.50239,straight,straight
MVI_63561,171,51,1141,1191,632.97,632.47,0.9992,1.91,11.55,12.741,318.53,0.000343,0.000173,0.000989,0.001633,612.28,0.04786,0.24521,0.40016,straight,straight
MVI_63561,172,21,1141,1161,453.28,447.1,0.9863,42.27,42.27,23.277,581.92,0.002304,0.001128,0.005497,0.009482,105.47,0.78,1.65859,2.38542,curved,gentle
MVI_63561,173,56,1146,1201,918.16,914.93,0.9965,17.8,44.5,14.023,350.58,0.002015,0.000588,0.006217,0.013005,76.89,0.28648,0.71595,1.76503,straight,gentle
MVI_63561,174,41,1176,1216,842.88,839.1,0.9955,40.05,41.78,18.725,468.12,0.002008,0.000263,0.007299,0.017107,58.45,0.10337,1.45436,2.56626,curved,gentle
MVI_63561,175,71,1181,1251,886.3,885.15,0.9987,2.13,34.04,11.113,277.83,0.001082,0.000707,0.00283,0.00328,304.84,0.22199,0.44528,0.50198,straight,straight
MVI_63561,176,61,1186,1246,766.23,764.89,0.9983,17.82,27.46,11.373,284.33,0.000963,0.000582,0.002795,0.005047,198.13,0.19312,0.52894,0.71875,straight,gentle
MVI_63561,177,71,1201,1271,984.12,978.37,0.9942,28.04,97.92,11.746,293.64,0.004207,0.001713,0.01444,0.029718,33.65,0.54492,1.64092,2.07009,curved,gentle
MVI_63561,178,46,1206,1251,588.31,587.82,0.9992,3.65,21.13,13.0,324.99,0.000979,0.000472,0.001584,0.010624,94.13,0.18834,0.44975,1.60008,straight,straight
MVI_63561,179,51,1206,1256,956.6,953.31,0.9966,2.2,40.63,18.997,474.93,0.002199,0.000408,0.006372,0.020019,49.95,0.18027,0.98594,2.0323,straight,straight
MVI_63561,180,41,1221,1261,615.58,615.54,0.9999,1.28,5.45,15.096,377.39,0.00023,0.000121,0.00061,0.000776,1288.12,0.05133,0.15531,0.22697,straight,straight
MVI_63561,181,26,1226,1251,487.63,482.73,0.99,40.64,40.64,20.793,519.84,0.002133,0.001174,0.005147,0.010876,91.94,0.7052,1.36683,2.25559,curved,gentle
MVI_63561,182,46,1231,1276,840.15,836.13,0.9952,47.72,52.28,16.247,406.18,0.003183,0.000584,0.011958,0.027856,35.9,0.21022,1.77652,3.12565,curved,sharp
MVI_63561,183,45,1241,1285,594.96,594.93,0.9999,1.32,5.55,12.578,314.45,0.000213,0.000169,0.000544,0.00076,1316.24,0.04412,0.13775,0.17905,straight,straight
MVI_63561,184,30,1256,1285,659.61,659.29,0.9995,4.24,11.21,21.856,546.4,0.000408,5.4e-05,0.001014,0.003677,271.98,0.03347,0.50866,1.20253,straight,straight
MVI_63561,185,30,1256,1285,386.69,386.44,0.9994,2.05,14.05,13.012,325.3,0.000883,0.000383,0.002311,0.002679,373.28,0.14793,0.57999,0.64006,straight,straight
MVI_63561,186,26,1256,1281,433.93,430.26,0.9916,34.13,34.13,19.0,475.0,0.002079,0.001281,0.003927,0.011504,86.93,0.58125,0.8558,1.64788,curved,gentle
MVI_63561,187,25,1261,1285,162.16,162.01,0.9991,3.83,13.83,6.456,161.4,0.001978,0.001885,0.003414,0.004368,228.93,0.35667,0.539,0.67122,straight,straight
MVI_63561,188,20,1266,1285,504.39,502.46,0.9962,9.16,22.06,26.261,656.53,0.000747,0.000773,0.001141,0.001308,764.35,0.3687,0.90818,1.0181,straight,straight
MVI_63562,1,6,1,6,117.69,117.69,1.0,0.75,0.75,23.417,585.42,0.0001,9.4e-05,0.000203,0.000209,4784.9,0.05759,0.12088,0.12317,unknown,unknown
MVI_63562,2,11,1,11,218.58,218.55,0.9999,3.21,3.21,21.855,546.38,0.000257,0.000255,0.000296,0.000308,3251.36,0.13943,0.15395,0.15791,unknown,unknown
MVI_63562,3,46,1,46,721.74,721.0,0.999,13.12,25.64,14.439,360.97,0.000882,0.000632,0.001916,0.002523,396.31,0.26787,0.53179,0.74107,straight,gentle
MVI_63562,4,51,1,51,707.04,706.32,0.999,17.8,21.99,13.187,329.68,0.000711,0.000272,0.0016,0.005571,179.49,0.10617,0.39618,1.35585,straight,gentle
MVI_63562,5,51,1,51,719.0,718.81,0.9997,3.7,10.89,13.467,336.68,0.000351,0.000363,0.000567,0.000696,1437.13,0.11897,0.1554,0.30566,straight,straight
MVI_63562,6,31,1,31,281.36,281.09,0.999,2.51,13.78,9.007,225.16,0.00088,0.000795,0.001821,0.002286,437.51,0.20678,0.36707,0.4046,straight,straight
MVI_63562,7,21,1,21,209.69,208.24,0.9931,35.58,41.96,10.749,268.72,0.006798,0.001364,0.02206,0.039905,25.06,0.35452,3.13692,4.65707,curved,gentle
MVI_63562,8,56,6,61,952.11,950.38,0.9982,26.26,36.3,15.184,379.61,0.001049,0.000406,0.002822,0.006063,164.94,0.17684,0.81922,2.05765,curved,gentle
MVI_63562,9,46,6,51,832.42,827.59,0.9942,43.39,52.12,16.671,416.78,0.002385,0.000836,0.006027,0.023407,42.72,0.33553,1.0691,2.64666,curved,gentle
MVI_63562,10,56,21,76,789.49,789.08,0.9995,9.64,21.33,12.104,302.61,0.000829,0.000448,0.002535,0.003825,261.44,0.15193,0.45571,0.5996,straight,straight
MVI_63562,11,66,36,101,781.28,780.35,0.9988,1.97,21.79,10.697,267.42,0.000717,0.000428,0.00164,0.002356,424.49,0.107,0.39604,0.64428,straight,straight
MVI_63562,12,56,36,91,796.95,795.92,0.9987,3.53,27.02,12.545,313.62,0.000866,0.000505,0.001895,0.003504,285.35,0.21513,0.52824,0.76074,straight,straight
MVI_63562,13,66,46,111,777.99,776.96,0.9987,6.52,16.59,11.652,291.31,0.00061,0.000396,0.001361,0.002865,349.02,0.12575,0.27581,0.34291,straight,straight
MVI_63562,14,51,61,111,844.84,844.34,0.9994,10.84,15.29,14.622,365.56,0.000461,0.000264,0.001206,0.001619,617.51,0.10389,0.27323,0.31291,straight,gentle
MVI_63562,15,16,66,81,337.45,330.35,0.979,47.93,47.93,23.216,580.41,0.003191,0.002067,0.007079,0.010572,94.59,1.19759,2.51153,3.28863,curved,sharp
MVI_63562,16,41,71,111,837.07,831.86,0.9938,37.44,46.33,18.683,467.06,0.002183,0.000607,0.005001,0.026569,37.64,0.19873,1.15919,3.23596,curved,gentle
MVI_63562,17,56,86,141,832.21,831.86,0.9996,5.69,17.29,14.1,352.51,0.000518,0.000408,0.001183,0.001609,621.6,0.15348,0.37785,0.48862,straight,straight
MVI_63562,18,61,96,156,777.41,776.64,0.999,3.75,34.39,12.285,307.13,0.001169,0.000519,0.004036,0.005028,198.9,0.17653,0.7565,1.36309,straight,straight
MVI_63562,19,51,96,146,895.54,895.1,0.9995,1.26,15.79,16.454,411.35,0.000434,0.000285,0.00098,0.001688,592.59,0.15749,0.29383,0.41297,straight,straight
MVI_63562,20,61,111,171,764.89,764.34,0.9993,10.49,30.61,11.998,299.95,0.001205,0.00067,0.00366,0.005442,183.74,0.18627,0.65498,0.90005,straight,gentle
MVI_63562,21,76,121,196,718.72,717.9,0.9989,1.98,31.64,9.142,228.56,0.001106,0.000806,0.002534,0.003723,268.61,0.17652,0.39885,0.4909,straight,straight
MVI_63562,22,51,141,191,959.93,958.48,0.9985,22.64,30.09,18.209,455.24,0.000908,0.000564,0.002636,0.003669,272.58,0.26355,0.62209,0.90726,curved,gentle
MVI_63562,23,66,146,211,795.01,793.96,0.9987,3.8,33.58,10.365,259.13,0.00109,0.000968,0.00179,0.005139,194.59,0.24818,0.45376,1.04295,straight,straight
MVI_63562,24,56,151,206,816.99,816.04,0.9988,10.96,23.31,13.678,341.95,0.00066,0.000345,0.001528,0.002753,363.19,0.12311,0.51827,0.92531,straight,gentle
MVI_63562,25,46,151,196,940.29,936.95,0.9964,11.16,39.8,20.858,521.45,0.001636,0.000493,0.00361,0.017217,58.08,0.2734,1.04523,2.11951,straight,gentle
MVI_63562,26,61,171,231,818.19,815.94,0.9973,45.18,57.07,12.32,307.99,0.002693,0.000345,0.009956,0.027125,36.87,0.13724,1.52694,2.92289,curved,sharp
MVI_63562,27,26,171,196,553.83,547.03,0.9877,40.29,40.29,23.007,575.17,0.001993,0.001093,0.004143,0.012549,79.69,0.6344,1.0229,2.06892,curved,gentle
MVI_63562,28,46,186,231,911.18,910.83,0.9996,4.87,16.18,19.116,477.9,0.00052,0.000375,0.001395,0.001618,618.15,0.17038,0.35499,0.48396,straight,straight
MVI_63562,29,56,191,246,712.93,712.09,0.9988,9.06,22.67,12.546,313.66,0.00076,0.000486,0.002818,0.003033,329.69,0.15354,0.56828,0.60749,straight,straight
MVI_63562,30,56,201,256,777.15,776.41,0.999,5.96,25.8,13.528,338.19,0.00083,0.000458,0.002432,0.003918,255.25,0.17673,0.52781,0.83589,straight,straight
MVI_63562,31,71,206,276,784.31,783.6,0.9991,5.89,25.81,10.193,254.82,0.000746,0.000582,0.001992,0.002209,452.76,0.17516,0.32483,0.4635,straight,straight
MVI_63562,32,56,216,271,798.79,798.52,0.9997,1.26,13.7,13.551,338.78,0.000475,0.000348,0.001299,0.002259,442.58,0.11252,0.37605,0.60867,straight,straight
MVI_63562,33,76,231,306,768.8,767.38,0.9982,12.24,27.53,10.02,250.51,0.001077,0.000464,0.003549,0.004845,206.38,0.13033,0.4974,0.69897,straight,gentle
MVI_63562,34,66,231,296,840.12,838.82,0.9985,23.95,35.11,11.921,298.03,0.001146,0.000675,0.004189,0.006993,142.99,0.17971,0.67592,1.6857,curved,gentle
MVI_63562,35,36,236,271,871.53,869.69,0.9979,24.49,25.57,24.818,620.44,0.000906,0.00025,0.003142,0.005345,187.08,0.22327,0.93485,1.33293,curved,gentle
MVI_63562,36,66,256,321,755.38,753.94,0.9981,1.65,37.89,10.837,270.92,0.001303,0.000595,0.003184,0.009222,108.44,0.19071,0.57049,1.10396,straight,straight
MVI_63562,37,26,261,286,530.92,522.85,0.9848,54.46,55.14,22.616,565.39,0.002982,0.001896,0.007218,0.017014,58.78,1.02574,1.74872,3.10646,curved,sharp
MVI_63562,38,61,266,326,829.78,828.32,0.9982,9.78,37.38,12.62,315.49,0.001354,0.000955,0.002437,0.008397,119.09,0.27045,0.56853,0.92123,straight,straight
MVI_63562,39,36,271,306,863.01,858.47,0.9947,31.87,43.85,23.233,580.82,0.001537,0.000851,0.004347,0.009994,100.06,0.42861,1.21808,1.92344,curved,gentle
MVI_63562,40,66,276,341,793.12,791.64,0.9981,14.67,37.47,11.475,286.87,0.001034,0.000737,0.00228,0.003133,319.16,0.25288,0.54597,0.88334,straight,gentle
MVI_63562,41,71,281,351,732.51,730.72,0.9976,17.94,50.56,9.696,242.4,0.001953,0.000902,0.005623,0.008579,116.56,0.26774,1.03864,1.30478,straight,gentle
MVI_63562,42,51,281,331,866.93,866.18,0.9991,4.19,18.42,15.331,383.28,0.000513,0.000331,0.001238,0.001581,632.58,0.18765,0.2631,0.37463,straight,straight
MVI_63562,43,61,296,356,735.1,733.48,0.9978,8.83,35.86,10.899,272.48,0.00122,0.000827,0.004523,0.004934,202.69,0.20397,0.82067,0.86515,straight,straight
MVI_63562,44,36,296,331,891.85,889.04,0.9968,14.89,18.98,23.643,591.08,0.000377,0.000388,0.00062,0.000756,1323.17,0.17065,0.5532,0.56228,straight,gentle
MVI_63562,45,56,301,356,773.48,772.64,0.9989,2.59,28.21,12.108,302.7,0.000991,0.000616,0.002279,0.003951,253.07,0.24008,0.54222,0.6514,straight,straight
MVI_63562,46,61,311,371,734.43,733.7,0.999,5.65,19.33,11.422,285.55,0.000795,0.00034,0.002113,0.004492,222.61,0.09677,0.43091,0.81652,straight,straight
MVI_63562,47,21,311,331,479.49,474.89,0.9904,38.74,38.74,24.956,623.89,0.002772,0.001026,0.005872,0.021817,45.84,0.76762,1.48497,3.56229,curved,gentle
MVI_63562,48,71,316,386,804.59,803.85,0.9991,0.57,26.57,10.882,272.05,0.001021,0.000382,0.003138,0.004312,231.93,0.16013,0.46969,0.64394,straight,straight
MVI_63562,49,56,336,391,802.84,801.67,0.9985,17.24,41.48,13.282,332.06,0.001805,0.000484,0.007598,0.009242,108.21,0.19071,1.3656,1.61403,straight,gentle
MVI_63562,50,36,336,371,913.82,912.28,0.9983,6.39,22.11,24.426,610.65,0.000615,0.000429,0.001571,0.002824,354.08,0.25573,0.61493,1.37536,straight,straight
MVI_63562,51,66,356,421,760.73,760.36,0.9995,11.05,17.2,10.639,265.98,0.000662,0.000307,0.002021,0.002859,349.79,0.07918,0.36844,0.48206,straight,gentle
MVI_63562,52,46,356,401,859.47,858.93,0.9994,5.8,17.26,16.819,420.47,0.000537,0.000344,0.001348,0.002687,372.22,0.14259,0.35032,0.70577,straight,straight
MVI_63562,53,26,361,386,613.92,608.63,0.9914,21.81,23.41,27.438,685.94,0.000644,0.000645,0.000997,0.001092,915.45,0.45661,0.62346,0.6871,curved,gentle
MVI_63562,54,36,366,401,863.7,861.6,0.9976,29.47,32.08,22.647,566.17,0.002265,0.000418,0.003803,0.035603,28.09,0.30276,0.77736,3.47334,curved,gentle
MVI_63562,55,56,381,436,764.91,764.42,0.9993,2.07,24.67,12.877,321.93,0.000901,0.000474,0.002862,0.004733,211.26,0.18967,0.5531,0.79218,straight,straight
MVI_63562,56,46,391,436,894.61,893.69,0.999,20.97,30.78,18.412,460.3,0.000923,0.000388,0.002923,0.004637,215.66,0.15987,0.80469,1.71467,curved,gentle
MVI_63562,57,46,431,476,718.3,717.72,0.9992,3.66,12.43,14.512,362.8,0.000375,0.000266,0.000902,0.001165,858.33,0.10768,0.2683,0.31918,straight,straight
MVI_63562,58,51,431,481,1082.43,815.79,0.7537,4.77,336.57,15.451,386.26,0.02795,0.00046,0.017592,0.535504,1.87,0.25441,4.46729,44.29322,curved,straight
MVI_63562,59,16,436,451,388.58,387.09,0.9962,17.47,17.47,25.828,645.71,0.000862,0.000731,0.001356,0.002065,484.27,0.48905,0.63178,0.73235,straight,gentle
MVI_63562,60,41,441,481,766.08,765.78,0.9996,2.11,10.6,18.783,469.59,0.000372,0.000181,0.001102,0.00184,543.43,0.06859,0.39657,0.59905,straight,straight
MVI_63562,61,21,441,461,585.09,585.06,1.0,2.41,2.85,29.098,727.44,0.00012,3.2e-05,0.000328,0.000426,2348.92,0.0251,0.16801,0.19988,straight,straight
MVI_63562,62,31,456,486,743.94,737.8,0.9917,36.35,36.35,25.611,640.27,0.001489,0.0006,0.003916,0.0083,120.48,0.41242,0.99792,1.64658,curved,gentle
MVI_63562,63,46,461,506,582.16,581.66,0.9991,5.0,25.87,12.447,311.18,0.001161,0.000555,0.001548,0.013975,71.56,0.20215,0.53261,2.09933,straight,straight
MVI_63562,64,56,466,521,806.11,804.28,0.9977,15.02,31.65,13.422,335.55,0.000815,0.000569,0.001077,0.008047,124.26,0.18067,0.5308,2.20941,straight,gentle
MVI_63562,65,41,491,531,683.42,681.99,0.9979,7.75,14.24,15.55,388.75,0.000409,0.00032,0.000777,0.00085,1176.6,0.16265,0.28341,0.30379,straight,straight
MVI_63562,66,16,526,541,380.23,376.39,0.9899,38.55,38.55,26.05,651.25,0.003072,0.001106,0.008437,0.015497,64.53,0.71503,2.81147,4.23661,curved,gentle
MVI_63562,67,56,526,581,896.93,896.63,0.9997,2.82,15.43,14.984,374.6,0.000483,0.000399,0.000996,0.001325,754.64,0.1437,0.32372,0.42685,straight,straight
MVI_63562,68,31,536,566,708.47,704.47,0.9944,42.27,42.44,23.783,594.57,0.00261,0.000583,0.007265,0.024417,40.95,0.40216,1.59103,3.57002,curved,gentle
MVI_63562,69,41,551,591,817.61,816.17,0.9982,20.26,26.16,18.07,451.76,0.001079,0.000491,0.002498,0.010454,95.66,0.23451,0.61835,1.3144,curved,gentle
MVI_63562,70,56,566,621,927.58,926.63,0.999,4.74,26.74,15.514,387.84,0.000797,0.000361,0.002767,0.004318,231.56,0.11681,0.59995,1.46842,straight,straight
MVI_63562,71,61,566,626,759.93,759.76,0.9998,7.94,16.61,11.611,290.28,0.000533,0.000368,0.00116,0.002451,408.02,0.12418,0.25794,0.6318,straight,straight
MVI_63562,72,51,571,621,755.28,755.02,0.9997,1.03,18.06,14.874,371.85,0.000666,0.00034,0.002162,0.002319,431.22,0.13163,0.49401,0.57522,straight,straight
MVI_63562,73,51,581,631,793.97,793.46,0.9994,0.57,20.07,15.094,377.35,0.000611,0.000467,0.0013,0.001587,630.16,0.2033,0.42499,0.55725,straight,straight
MVI_63562,74,56,596,651,779.85,779.47,0.9995,3.19,16.72,13.294,332.34,0.000547,0.000294,0.001585,0.001847,541.56,0.11196,0.34834,0.45529,straight,straight
MVI_63562,75,41,596,636,826.59,825.46,0.9986,12.28,15.38,18.128,453.19,0.000466,0.000378,0.00105,0.001714,583.5,0.18082,0.40239,0.43873,straight,gentle
MVI_63562,76,21,611,631,476.12,471.03,0.9893,39.52,39.52,25.214,630.35,0.002207,0.001022,0.005133,0.011796,84.78,0.75904,1.54821,2.69589,curved,gentle
MVI_63562,77,51,621,671,882.37,881.99,0.9996,3.26,12.33,15.911,397.79,0.000322,0.000208,0.000755,0.001151,869.11,0.12871,0.23567,0.26593,straight,straight
MVI_63562,78,51,626,676,754.86,754.35,0.9993,5.62,20.41,14.772,369.31,0.000741,0.000531,0.001831,0.002244,445.64,0.18831,0.43369,0.53102,straight,straight
MVI_63562,79,21,646,666,519.69,516.21,0.9933,25.22,25.22,26.408,660.19,0.00095,0.000836,0.001635,0.002894,345.51,0.60322,0.85387,0.90536,curved,gentle
MVI_63562,80,51,656,706,842.92,842.65,0.9997,2.94,13.79,13.967,349.18,0.000504,0.000157,0.001728,0.003301,302.92,0.10652,0.34685,0.53404,straight,straight
MVI_63562,81,41,656,696,866.92,864.93,0.9977,19.02,24.22,20.303,507.56,0.000624,0.000283,0.00136,0.003462,288.85,0.11802,0.74449,0.76737,straight,gentle
MVI_63562,82,61,661,721,797.21,796.88,0.9996,10.43,22.44,12.289,307.23,0.00072,0.000468,0.00186,0.002127,470.14,0.16674,0.40444,0.72256,straight,gentle
MVI_63562,83,51,666,716,752.09,751.59,0.9993,10.47,15.81,14.358,358.94,0.000413,0.000178,0.001062,0.003871,258.33,0.05465,0.53131,1.25841,straight,gentle
MVI_63562,84,56,671,726,804.32,803.95,0.9995,0.85,18.83,12.942,323.54,0.000562,0.000502,0.00117,0.001527,655.02,0.16198,0.30476,0.43179,straight,straight
MVI_63562,85,21,671,691,465.96,463.44,0.9946,29.83,29.83,24.497,612.44,0.001855,0.000709,0.004511,0.01135,88.1,0.53809,1.30588,2.41566,curved,gentle
MVI_63562,86,51,686,736,862.74,862.59,0.9998,2.1,7.95,15.298,382.46,0.000264,0.000182,0.000663,0.001237,808.45,0.05532,0.17533,0.3448,straight,straight
MVI_63562,87,56,691,746,775.6,775.38,0.9997,2.71,13.33,12.987,324.68,0.000462,0.000248,0.001425,0.002411,414.77,0.07911,0.30581,0.43029,straight,straight
MVI_63562,88,26,691,716,643.79,640.41,0.9947,28.71,28.91,26.187,654.67,0.001197,0.00081,0.002821,0.007536,132.7,0.53624,0.93671,1.63166,curved,gentle
MVI_63562,89,61,701,761,731.27,730.87,0.9995,12.56,17.85,11.509,287.71,0.000579,0.000177,0.000881,0.009714,102.94,0.05808,0.31606,1.76054,straight,gentle
MVI_63562,90,61,716,776,805.42,804.96,0.9994,13.45,25.96,12.586,314.65,0.001044,0.000476,0.004141,0.005322,187.89,0.16709,0.66829,0.82517,straight,gentle
MVI_63562,91,41,716,756,864.9,863.65,0.9986,25.55,30.78,20.046,501.14,0.001673,0.000345,0.004041,0.020917,47.81,0.26409,0.88768,2.6561,curved,gentle
MVI_63562,92,66,746,811,784.38,784.01,0.9995,2.42,24.46,10.997,274.92,0.000895,0.00053,0.001927,0.002983,335.27,0.16569,0.44596,0.51322,straight,straight
MVI_63562,93,41,751,791,834.09,831.09,0.9964,38.05,41.79,18.395,459.86,0.002384,0.000416,0.006935,0.028287,35.35,0.14877,1.37876,3.51978,curved,gentle
MVI_63562,94,56,761,816,850.79,850.45,0.9996,9.72,20.55,14.458,361.44,0.000682,0.000469,0.001445,0.003271,305.75,0.17798,0.39734,0.92009,straight,straight
MVI_63562,95,26,796,821,516.54,507.78,0.983,47.05,47.05,21.762,544.04,0.002146,0.001191,0.004878,0.008208,121.83,0.81665,1.32824,1.88137,curved,sharp
MVI_63562,96,66,796,861,757.64,757.37,0.9996,1.45,15.04,10.733,268.33,0.000499,0.000283,0.001312,0.00288,347.25,0.06097,0.27367,0.51209,straight,straight
MVI_63562,97,66,806,871,714.42,714.2,0.9997,4.61,15.25,10.343,258.58,0.000484,0.00044,0.00103,0.00148,675.54,0.14008,0.22546,0.30736,straight,straight
MVI_63562,98,46,806,851,916.5,914.38,0.9977,29.37,30.85,19.592,489.8,0.001835,0.000286,0.003711,0.030582,32.7,0.173,0.72568,2.97094,curved,gentle
MVI_63562,99,21,831,851,418.82,414.98,0.9908,32.01,32.01,21.573,539.32,0.001885,0.0011,0.003925,0.009001,111.1,0.61981,1.05573,1.836,curved,gentle
MVI_63562,100,46,841,886,919.79,915.95,0.9958,44.96,49.26,18.894,472.34,0.003155,0.000329,0.009503,0.038467,26.0,0.14357,1.68879,4.30016,curved,gentle
MVI_63562,101,71,851,921,764.91,764.64,0.9996,0.39,17.49,10.214,255.36,0.000547,0.000477,0.001003,0.001628,614.16,0.12965,0.22611,0.28434,straight,straight
MVI_63562,102,61,856,916,956.34,954.34,0.9979,15.29,24.86,15.044,376.11,0.00051,0.000411,0.00099,0.001346,743.18,0.15363,0.52317,0.62286,straight,gentle
MVI_63562,103,51,866,916,788.91,788.39,0.9993,4.64,20.57,15.123,378.07,0.000738,0.000582,0.00159,0.002965,337.22,0.20596,0.42121,0.71804,straight,straight
MVI_63562,104,71,866,936,791.25,790.68,0.9993,8.08,28.78,10.385,259.63,0.000917,0.000618,0.001886,0.006569,152.23,0.16998,0.37168,1.28164,straight,straight
MVI_63562,105,46,876,921,820.84,816.48,0.9947,43.12,47.19,16.267,406.69,0.002846,0.00053,0.008289,0.033169,30.15,0.28196,1.30635,3.29963,curved,gentle
MVI_63562,106,71,881,951,774.89,774.68,0.9997,5.58,13.2,10.304,257.59,0.00048,0.000319,0.001189,0.002012,497.14,0.11113,0.20465,0.37787,straight,straight
MVI_63562,107,46,901,946,875.53,870.7,0.9945,51.98,57.47,17.373,434.33,0.002894,0.000409,0.010969,0.024903,40.16,0.12901,1.94288,3.36045,curved,sharp
MVI_63562,108,31,916,946,534.63,525.39,0.9827,36.55,40.89,19.038,475.95,0.001449,0.001219,0.003266,0.0044,227.3,0.55965,1.00852,1.26911,curved,gentle
MVI_63562,109,76,936,1011,821.75,820.79,0.9988,7.21,28.96,10.312,257.79,0.000978,0.000482,0.00262,0.003956,252.81,0.15258,0.51577,0.7717,straight,straight
MVI_63562,110,36,951,986,625.28,617.48,0.9875,36.61,38.48,18.874,471.86,0.001647,0.000887,0.004555,0.006071,164.73,0.50041,1.04041,1.27987,curved,gentle
MVI_63562,111,56,956,1011,864.85,864.47,0.9996,6.22,20.23,14.514,362.84,0.000756,0.000337,0.00263,0.003234,309.26,0.14201,0.48128,0.54878,straight,straight
MVI_63562,112,71,976,1046,796.76,796.36,0.9995,9.44,28.62,10.419,260.47,0.001057,0.000565,0.002271,0.005871,170.32,0.15026,0.59667,0.78762,straight,straight
MVI_63562,113,76,981,1056,797.29,796.23,0.9987,7.15,50.87,9.799,244.97,0.001837,0.00132,0.00382,0.006791,147.26,0.338,0.79048,1.22074,straight,straight
MVI_63562,114,36,981,1016,658.2,647.58,0.9839,39.02,48.37,19.432,485.81,0.001936,0.000772,0.00546,0.007193,139.03,0.42881,1.30103,1.39994,curved,gentle
MVI_63562,115,56,996,1051,929.71,928.8,0.999,11.74,31.65,15.113,377.82,0.000839,0.000585,0.001708,0.00562,177.94,0.22709,0.55483,1.89368,straight,gentle
MVI_63562,116,41,996,1036,888.17,885.3,0.9968,37.82,44.02,21.03,525.75,0.002109,0.000663,0.005641,0.022965,43.54,0.2596,1.31659,3.35663,curved,gentle
MVI_63562,117,46,1001,1046,779.61,779.02,0.9992,7.97,27.97,17.062,426.55,0.001158,0.000587,0.002985,0.007688,130.07,0.27599,0.6253,1.17617,straight,straight
MVI_63562,118,61,1001,1061,723.04,722.98,0.9999,2.2,8.55,10.972,274.31,0.000249,0.000251,0.000424,0.000467,2143.03,0.06537,0.12503,0.14193,straight,straight
MVI_63562,119,71,1011,1081,750.78,750.45,0.9996,2.42,19.41,10.0,249.99,0.000653,0.000396,0.001661,0.002501,399.86,0.09441,0.28677,0.43035,straight,straight
MVI_63562,120,56,1031,1086,817.41,816.9,0.9994,2.86,16.35,13.807,345.18,0.000533,0.000279,0.00137,0.002259,442.71,0.12747,0.34273,0.42472,straight,straight
MVI_63562,121,51,1031,1081,882.92,882.59,0.9996,2.12,20.56,15.956,398.9,0.000733,0.000274,0.002292,0.004843,206.48,0.14236,0.52118,0.8582,straight,straight
MVI_63562,122,46,1036,1081,904.98,900.77,0.9953,37.09,42.38,18.899,472.48,0.002551,0.000566,0.004382,0.041409,24.15,0.30551,0.76759,3.44338,curved,gentle
MVI_63562,123,51,1071,1121,768.9,768.48,0.9995,3.68,16.89,14.423,360.58,0.000642,0.00041,0.001667,0.002768,361.32,0.15731,0.32578,0.50043,straight,straight
MVI_63562,124,71,1086,1156,831.28,830.93,0.9996,5.79,22.14,10.972,274.3,0.000691,0.000491,0.002081,0.00229,436.63,0.13824,0.33071,0.44069,straight,straight
MVI_63562,125,26,1091,1116,546.45,539.86,0.9879,45.08,45.08,22.658,566.44,0.002265,0.001567,0.005246,0.014085,71.0,0.82921,1.38492,2.55188,curved,sharp
MVI_63562,126,51,1096,1146,903.03,902.62,0.9995,15.62,24.62,15.88,397.0,0.001227,0.000269,0.003612,0.013831,72.3,0.14062,0.70229,1.71896,straight,gentle
MVI_63562,127,66,1101,1166,742.54,742.17,0.9995,11.97,27.35,10.06,251.51,0.00101,0.000555,0.002322,0.010935,91.45,0.17289,0.42604,1.56799,straight,gentle
MVI_63562,128,51,1106,1156,815.44,814.76,0.9992,8.14,29.96,14.751,368.77,0.001189,0.000455,0.004365,0.005914,169.09,0.20226,0.92038,1.12694,straight,straight
MVI_63562,129,46,1121,1166,850.18,842.2,0.9906,44.27,47.38,17.625,440.63,0.00156,0.000739,0.003932,0.007744,129.12,0.29846,0.93883,1.46796,curved,gentle
MVI_63562,130,60,1126,1185,602.03,601.81,0.9996,0.81,15.66,9.335,233.37,0.000612,0.000401,0.001458,0.002143,466.72,0.11354,0.25105,0.35597,straight,straight
MVI_63562,131,46,1131,1176,881.45,881.29,0.9998,4.63,10.03,18.618,465.44,0.000279,0.000258,0.00057,0.000631,1584.56,0.12187,0.21569,0.35321,straight,straight
MVI_63562,132,45,1141,1185,376.39,376.13,0.9993,7.13,14.81,8.425,210.61,0.000802,0.000772,0.001487,0.001916,521.88,0.18304,0.31031,0.38845,straight,straight
MVI_63562,133,40,1146,1185,441.07,440.87,0.9996,0.97,16.3,10.878,271.95,0.000828,0.000443,0.001818,0.002129,469.76,0.14213,0.35732,0.43812,straight,straight
MVI_63562,134,40,1146,1185,320.14,320.02,0.9996,6.71,14.97,8.379,209.48,0.001185,0.000447,0.004085,0.005801,172.37,0.10069,0.57572,0.72743,straight,straight
MVI_63562,135,35,1151,1185,750.4,747.25,0.9958,20.48,22.56,20.655,516.37,0.000519,0.000388,0.001169,0.001194,837.27,0.1616,0.94948,0.97356,curved,gentle
MVI_63562,136,25,1161,1185,161.01,160.81,0.9988,3.36,17.41,6.722,168.04,0.002172,0.001299,0.004949,0.005819,171.84,0.22681,0.69327,0.77246,straight,straight
MVI_63562,137,25,1161,1185,609.78,609.11,0.9989,9.76,13.17,25.077,626.92,0.000407,0.000138,0.001223,0.001836,544.78,0.09496,0.77192,1.01281,straight,straight
MVI_63562,138,15,1171,1185,326.48,323.15,0.9898,33.65,33.65,24.472,611.79,0.002247,0.001178,0.004986,0.007381,135.49,0.72096,1.94722,2.53426,curved,gentle
MVI_63563,1,16,1,16,252.78,252.76,0.9999,3.62,3.62,18.262,456.55,0.000371,0.000129,0.000949,0.001837,544.42,0.05913,0.25296,0.3946,straight,straight
MVI_63563,2,16,1,16,268.14,268.01,0.9995,3.82,7.43,17.945,448.64,0.000547,0.000548,0.000879,0.000986,1014.04,0.20267,0.38906,0.42026,straight,straight
MVI_63563,3,21,1,21,400.47,400.22,0.9994,8.54,11.78,20.022,500.55,0.000647,0.000574,0.001171,0.001623,616.17,0.28227,0.53329,0.66299,straight,straight
MVI_63563,4,26,1,26,473.07,472.58,0.999,7.56,14.46,18.546,463.66,0.000645,0.000541,0.001505,0.002222,450.06,0.21394,0.70507,0.91476,straight,straight
MVI_63563,5,61,1,61,787.86,787.18,0.9991,0.94,26.92,12.005,300.12,0.00099,0.000555,0.002895,0.004664,214.43,0.15496,0.6334,0.84542,straight,straight
MVI_63563,6,21,1,21,278.81,277.34,0.9947,2.66,26.94,13.352,333.81,0.002433,0.002686,0.005083,0.006751,148.13,0.75016,1.09448,1.19173,straight,straight
MVI_63563,7,66,6,71,848.76,848.54,0.9997,2.66,14.69,12.259,306.47,0.000422,0.000293,0.00106,0.001292,774.09,0.10527,0.19513,0.2783,straight,straight
MVI_63563,8,56,16,71,902.29,899.86,0.9973,7.59,54.92,14.177,354.43,0.002285,0.000709,0.005732,0.023179,43.14,0.22053,1.25972,4.62775,straight,straight
MVI_63563,9,36,21,56,843.58,839.49,0.9952,40.94,41.85,22.392,559.81,0.002225,0.00043,0.006043,0.024704,40.48,0.29011,1.35543,3.47695,curved,gentle
MVI_63563,10,66,26,91,844.19,843.89,0.9996,6.32,21.19,11.832,295.8,0.000839,0.000354,0.002558,0.005109,195.74,0.12528,0.45118,0.75473,straight,straight
MVI_63563,11,46,46,91,848.86,847.79,0.9987,9.64,16.84,17.113,427.83,0.000491,0.000429,0.000839,0.002952,338.72,0.12159,0.46576,0.50283,straight,straight
MVI_63563,12,66,51,116,855.83,855.67,0.9998,3.22,16.21,12.041,301.02,0.000555,0.000287,0.001456,0.002408,415.31,0.09178,0.2574,0.35186,straight,straight
MVI_63563,13,71,56,126,812.59,812.26,0.9996,4.69,22.07,10.507,262.68,0.000719,0.000541,0.001365,0.004293,232.94,0.12564,0.3451,0.72213,straight,straight
MVI_63563,14,66,96,161,859.76,859.42,0.9996,1.88,21.58,12.33,308.24,0.000634,0.000631,0.001226,0.001981,504.82,0.12941,0.37112,0.51595,straight,straight
MVI_63563,15,76,96,171,790.06,789.41,0.9992,10.44,24.96,9.247,231.17,0.00099,0.000523,0.002368,0.00625,160.01,0.11908,0.42952,0.63209,straight,gentle
MVI_63563,16,81,101,181,883.65,882.94,0.9992,1.3,25.44,9.888,247.2,0.000977,0.000227,0.002825,0.004265,234.47,0.07447,0.48141,0.63122,straight,straight
MVI_63563,17,21,101,121,460.0,452.6,0.9839,47.46,47.46,25.124,628.1,0.002597,0.001146,0.006074,0.012051,82.98,0.83052,1.90667,3.01064,curved,sharp
MVI_63563,18,46,106,151,813.5,810.44,0.9962,31.58,32.16,17.417,435.42,0.002159,0.000246,0.004184,0.035714,28.0,0.09707,0.74128,3.10674,curved,gentle
MVI_63563,19,51,106,156,890.9,890.09,0.9991,27.88,40.27,16.159,403.98,0.003201,0.00043,0.004677,0.06463,15.47,0.2135,0.78374,4.51321,curved,gentle
MVI_63563,20,21,126,146,508.88,501.53,0.9856,46.66,46.66,28.012,700.3,0.002588,0.000908,0.006482,0.014779,67.66,0.63591,2.22666,3.85722,curved,sharp
MVI_63563,21,66,131,196,855.45,855.06,0.9995,8.86,15.1,11.984,299.61,0.000525,0.000361,0.001309,0.001486,673.07,0.11132,0.26123,0.31313,straight,straight
MVI_63563,22,51,141,191,948.96,947.11,0.9981,30.65,42.7,18.299,457.48,0.002569,0.000299,0.007903,0.030919,32.34,0.14143,1.28956,3.20171,curved,gentle
MVI_63563,23,66,141,206,860.67,860.03,0.9993,9.75,28.77,12.858,321.45,0.000785,0.000628,0.001742,0.003341,299.32,0.18957,0.41839,1.1499,straight,straight
MVI_63563,24,71,156,226,799.53,799.13,0.9995,8.07,21.14,10.418,260.44,0.000754,0.000329,0.002128,0.005868,170.43,0.09852,0.35337,1.08656,straight,straight
MVI_63563,25,61,161,221,808.66,808.55,0.9999,4.01,8.93,12.188,304.71,0.000335,0.000152,0.001029,0.001439,694.71,0.0653,0.18559,0.22194,straight,straight
MVI_63563,26,46,161,206,827.76,822.9,0.9941,41.33,45.08,17.689,442.22,0.002254,0.00025,0.007587,0.019705,50.75,0.19171,1.31744,2.47797,curved,gentle
MVI_63563,27,66,166,231,819.21,818.12,0.9987,9.67,43.66,11.35,283.75,0.0016,0.000587,0.005842,0.009938,100.62,0.16873,1.11312,1.52127,straight,straight
MVI_63563,28,76,181,256,822.0,821.86,0.9998,0.15,18.28,10.313,257.82,0.000608,0.000366,0.00158,0.002551,392.06,0.09746,0.24484,0.32383,straight,straight
MVI_63563,29,66,191,256,853.24,852.61,0.9993,15.36,22.34,11.536,288.41,0.00064,0.000271,0.000805,0.010801,92.58,0.07005,0.30756,2.46008,straight,gentle
MVI_63563,30,46,191,236,859.57,858.37,0.9986,25.61,37.76,17.122,428.05,0.002699,0.000328,0.006044,0.03948,25.33,0.17813,1.03492,3.62748,curved,gentle
MVI_63563,31,21,206,226,408.3,401.96,0.9845,51.14,51.14,23.028,575.71,0.003281,0.001591,0.007954,0.016832,59.41,0.95438,2.28587,3.76791,curved,sharp
MVI_63563,32,61,216,276,779.44,779.22,0.9997,6.16,7.96,11.581,289.53,0.000271,0.000108,0.000913,0.000946,1057.11,0.04802,0.14727,0.18726,straight,straight
MVI_63563,33,71,216,286,849.48,848.89,0.9993,2.71,21.77,10.918,272.94,0.000698,0.000391,0.001748,0.002226,449.21,0.13894,0.3114,0.39378,straight,straight
MVI_63563,34,41,226,266,770.35,766.45,0.9949,46.31,50.76,18.353,458.83,0.002916,0.000504,0.009751,0.02582,38.73,0.18798,1.65389,3.1654,curved,sharp
MVI_63563,35,61,231,291,843.88,843.58,0.9996,3.33,13.23,13.743,343.57,0.000414,0.000305,0.000793,0.002438,410.24,0.09046,0.23965,0.37443,straight,straight
MVI_63563,36,76,236,311,788.83,788.64,0.9998,7.11,18.74,9.668,241.71,0.000804,0.000341,0.002081,0.004076,245.31,0.08089,0.38676,0.5262,straight,straight
MVI_63563,37,71,241,311,837.75,837.55,0.9998,2.02,14.45,11.021,275.53,0.000478,0.000308,0.00113,0.002622,381.42,0.08241,0.2489,0.40335,straight,straight
MVI_63563,38,51,241,291,876.47,875.38,0.9987,32.92,40.0,15.552,388.8,0.002847,0.00032,0.006534,0.04571,21.88,0.13407,1.19548,4.3729,curved,gentle
MVI_63563,39,71,246,316,827.5,827.16,0.9996,14.7,26.99,11.067,276.67,0.000991,0.000337,0.002381,0.007017,142.51,0.10476,0.59839,0.93252,straight,gentle
MVI_63563,40,71,261,331,846.2,845.85,0.9996,6.69,20.45,10.659,266.48,0.000555,0.000398,0.001434,0.001855,539.21,0.13722,0.31831,0.415,straight,straight
MVI_63563,41,41,261,301,853.86,850.82,0.9964,39.29,43.16,21.05,526.24,0.002444,0.000452,0.006498,0.029106,34.36,0.26664,1.41291,3.83917,curved,gentle
MVI_63563,42,76,266,341,793.22,793.14,0.9999,3.62,10.81,9.524,238.09,0.000372,0.000211,0.000842,0.00168,595.16,0.05546,0.15237,0.20898,straight,straight
MVI_63563,43,61,271,331,848.27,847.96,0.9996,6.58,23.77,12.835,320.88,0.000927,0.000278,0.00302,0.005882,170.02,0.12418,0.57421,0.95978,straight,straight
MVI_63563,44,26,276,301,569.88,562.28,0.9867,38.63,38.63,25.236,630.89,0.001659,0.001028,0.003657,0.00661,151.28,0.6664,1.04655,1.555,curved,gentle
MVI_63563,45,76,281,356,810.41,810.17,0.9997,0.64,11.85,10.319,257.97,0.000321,0.000262,0.000675,0.000991,1008.98,0.0717,0.15852,0.21214,straight,straight
MVI_63563,46,51,281,331,860.08,858.99,0.9987,25.05,37.66,15.137,378.43,0.002569,0.000267,0.006231,0.038653,25.87,0.16191,1.0112,3.41392,curved,gentle
MVI_63563,47,71,291,361,844.04,843.67,0.9996,6.46,24.43,11.182,279.55,0.000722,0.000491,0.002003,0.002312,432.53,0.14624,0.32893,0.46679,straight,straight
MVI_63563,48,81,296,376,825.41,825.17,0.9997,1.7,18.73,9.341,233.52,0.000548,0.00041,0.001186,0.002176,459.63,0.0947,0.20242,0.42564,straight,straight
MVI_63563,49,31,296,326,729.5,728.31,0.9984,4.99,14.69,22.048,551.21,0.000421,0.000321,0.000969,0.001315,760.23,0.23868,0.44376,0.52644,straight,straight
MVI_63563,50,16,306,321,307.73,302.08,0.9816,44.28,44.28,20.386,509.66,0.002933,0.00187,0.006201,0.00818,122.24,0.98818,2.4736,2.97884,curved,gentle
MVI_63563,51,71,321,391,873.49,872.95,0.9994,3.89,27.82,10.784,269.6,0.000958,0.000465,0.003175,0.004073,245.54,0.15359,0.46469,0.59795,straight,straight
MVI_63563,52,76,331,406,840.9,840.31,0.9993,11.4,29.73,10.176,254.39,0.001095,0.000412,0.003024,0.006058,165.06,0.13044,0.43588,0.84239,straight,gentle
MVI_63563,53,26,331,356,471.29,466.82,0.9905,26.68,28.64,19.962,499.05,0.001058,0.000986,0.002046,0.002504,399.31,0.49968,0.95012,0.98101,curved,gentle
MVI_63563,54,76,341,416,807.92,807.57,0.9996,4.13,18.62,9.907,247.67,0.000605,0.000431,0.001422,0.002147,465.69,0.11299,0.26773,0.40287,straight,straight
MVI_63563,55,41,341,381,794.91,790.36,0.9943,38.84,42.47,18.185,454.63,0.002025,0.000445,0.007798,0.008917,112.15,0.353,1.39011,1.51763,curved,gentle
MVI_63563,56,46,346,391,852.64,852.35,0.9997,5.17,15.59,16.298,407.44,0.000755,0.000218,0.002358,0.007842,127.53,0.1096,0.48137,1.07396,straight,straight
MVI_63563,57,71,366,436,816.76,816.53,0.9997,2.28,12.62,10.573,264.32,0.000403,0.000238,0.001195,0.001955,511.62,0.06253,0.23601,0.31843,straight,straight
MVI_63563,58,66,371,436,830.33,829.9,0.9995,3.8,23.26,11.137,278.42,0.000906,0.000365,0.002641,0.003384,295.54,0.14859,0.40658,0.71463,straight,straight
MVI_63563,59,21,386,406,426.54,417.1,0.9779,48.88,48.88,22.875,571.88,0.002535,0.001648,0.004856,0.008051,124.2,1.052,1.43654,2.01252,curved,sharp
MVI_63563,60,41,386,426,823.57,819.51,0.9951,43.79,48.03,19.869,496.74,0.002513,0.000637,0.006844,0.026176,38.2,0.2895,1.34378,3.28645,curved,gentle
MVI_63563,61,51,391,441,928.14,927.35,0.9991,29.46,40.15,17.425,435.62,0.003513,0.000282,0.005067,0.076816,13.02,0.12769,0.96662,5.92121,curved,gentle
MVI_63563,62,71,411,481,818.63,817.98,0.9992,8.31,28.78,10.947,273.67,0.000856,0.000389,0.0019,0.00565,176.99,0.14043,0.34153,1.35243,straight,straight
MVI_63563,63,41,416,456,793.72,790.33,0.9957,38.93,39.78,18.922,473.05,0.002338,0.000597,0.00601,0.024284,41.18,0.28024,1.03558,2.62716,curved,gentle
MVI_63563,64,71,421,491,832.45,831.1,0.9984,25.38,36.65,11.176,279.41,0.001609,0.000495,0.00341,0.015725,63.59,0.20127,0.53631,1.78088,curved,gentle
MVI_63563,65,61,436,496,836.32,835.99,0.9996,6.54,17.22,12.473,311.81,0.00055,0.000318,0.001451,0.003336,299.72,0.11748,0.2613,0.48603,straight,straight
MVI_63563,66,61,451,511,833.14,832.64,0.9994,4.56,24.65,12.556,313.9,0.000858,0.000544,0.002279,0.003405,293.67,0.18556,0.46397,0.57556,straight,straight
MVI_63563,67,71,451,521,838.59,838.03,0.9993,5.15,23.46,10.988,274.71,0.000744,0.000402,0.001694,0.002775,360.41,0.11812,0.33828,0.4408,straight,straight
MVI_63563,68,21,456,476,409.12,401.93,0.9824,47.66,47.66,20.357,508.93,0.002811,0.001329,0.007019,0.010094,99.07,0.80017,2.08718,2.65908,curved,sharp
MVI_63563,69,41,471,511,858.55,852.95,0.9935,44.49,48.32,20.089,502.22,0.002102,0.000628,0.006489,0.017111,58.44,0.28602,1.26699,2.41826,curved,gentle
MVI_63563,70,76,466,541,914.94,913.18,0.9981,42.23,80.17,10.175,254.38,0.005794,0.000947,0.004435,0.153842,6.5,0.25933,0.71752,8.07835,curved,gentle
MVI_63563,71,81,466,546,885.72,884.89,0.9991,1.86,31.75,9.518,237.95,0.001144,0.000674,0.003249,0.004209,237.57,0.15298,0.48379,0.70626,straight,straight
MVI_63563,72,16,506,521,433.27,428.14,0.9882,33.47,33.47,29.797,744.93,0.001516,0.001148,0.002687,0.003597,278.02,0.85451,1.41645,1.72237,curved,gentle
MVI_63563,73,61,511,571,841.13,840.55,0.9993,9.33,23.0,13.275,331.88,0.000792,0.000547,0.002087,0.002331,429.05,0.20226,0.40561,0.46711,straight,straight
MVI_63563,74,51,516,566,883.94,882.89,0.9988,28.11,37.86,15.201,380.02,0.002726,0.000153,0.00654,0.042325,23.63,0.07498,1.07775,3.74292,curved,gentle
MVI_63563,75,61,526,586,849.46,849.17,0.9997,12.29,14.86,12.634,315.84,0.000488,0.000162,0.001565,0.002784,359.15,0.05953,0.29405,0.74936,straight,gentle
MVI_63563,76,21,536,556,414.35,409.3,0.9878,38.17,38.17,22.157,553.92,0.002204,0.001185,0.004576,0.009008,111.02,0.78387,1.22676,1.92686,curved,gentle
MVI_63563,77,71,541,611,829.22,829.03,0.9998,4.35,15.84,10.517,262.91,0.000427,0.000243,0.00106,0.002538,394.03,0.07698,0.29625,0.73285,straight,straight
MVI_63563,78,86,541,626,826.14,825.69,0.9995,14.67,30.14,8.911,222.78,0.000876,0.000596,0.001814,0.008855,112.94,0.11683,0.3551,1.57138,straight,gentle
MVI_63563,79,61,556,616,842.47,841.91,0.9993,6.33,23.4,12.588,314.71,0.000709,0.000515,0.001692,0.002628,380.53,0.17786,0.45792,0.61375,straight,straight
MVI_63563,80,36,561,596,821.02,816.82,0.9949,36.97,40.41,21.303,532.56,0.001961,0.000555,0.005453,0.016883,59.23,0.39576,1.10933,2.36183,curved,gentle
MVI_63563,81,71,566,636,807.97,807.65,0.9996,1.7,16.62,10.378,259.45,0.000489,0.00039,0.001151,0.001744,573.32,0.11831,0.22225,0.28347,straight,straight
MVI_63563,82,56,571,626,953.61,953.07,0.9994,1.75,24.64,15.605,390.13,0.000871,0.000475,0.001868,0.007756,128.93,0.17097,0.46505,1.16105,straight,straight
MVI_63563,83,66,591,656,903.86,901.89,0.9978,19.62,55.12,12.53,313.26,0.001697,0.000703,0.004053,0.01322,75.64,0.30657,1.03739,3.32971,straight,gentle
MVI_63563,84,71,601,671,797.02,796.48,0.9993,12.69,29.16,10.773,269.33,0.001272,0.000411,0.00409,0.007794,128.3,0.12875,0.66999,1.04183,straight,gentle
MVI_63563,85,66,601,666,822.79,822.59,0.9998,5.18,14.92,11.122,278.05,0.000591,0.000456,0.00153,0.001875,533.32,0.11339,0.28814,0.31603,straight,straight
MVI_63563,86,41,601,641,803.46,798.44,0.9937,34.7,38.8,18.39,459.75,0.001466,0.00076,0.003063,0.012209,81.91,0.25546,1.04162,1.42756,curved,gentle
MVI_63563,87,56,606,661,945.16,944.54,0.9994,22.09,29.79,15.591,389.78,0.001998,0.000216,0.004529,0.032012,31.24,0.08264,0.72642,2.65764,curved,gentle
MVI_63563,88,61,616,676,849.67,849.35,0.9996,6.73,13.35,12.242,306.05,0.000307,0.000218,0.000762,0.000949,1053.73,0.06014,0.31323,0.48437,straight,straight
MVI_63563,89,76,621,696,812.27,811.8,0.9994,7.44,25.59,9.825,245.62,0.000711,0.000598,0.00153,0.00194,515.57,0.14841,0.35,0.49065,straight,straight
MVI_63563,90,71,621,691,863.06,862.68,0.9996,2.33,23.28,10.869,271.71,0.000778,0.000257,0.002235,0.007076,141.33,0.09027,0.43128,1.57493,straight,straight
MVI_63563,91,21,626,646,511.27,505.39,0.9885,34.3,34.3,26.949,673.73,0.001401,0.001016,0.002533,0.004646,215.24,0.76836,0.92911,1.39214,curved,gentle
MVI_63563,92,76,631,706,781.85,781.31,0.9993,11.71,33.22,9.829,245.71,0.001222,0.000646,0.003466,0.006203,161.2,0.17055,0.57504,0.94919,straight,gentle
MVI_63563,93,56,646,701,921.71,920.36,0.9985,13.16,26.13,15.142,378.54,0.001081,0.000361,0.002781,0.007496,133.4,0.1523,0.46257,1.1247,straight,gentle
MVI_63563,94,56,681,736,891.87,891.45,0.9995,0.29,25.16,14.614,365.36,0.001529,0.000218,0.006827,0.009053,110.46,0.08422,0.74135,0.97166,straight,straight
MVI_63563,95,21,691,711,444.56,438.74,0.9869,42.02,42.02,22.97,574.24,0.002135,0.001539,0.004191,0.007864,127.16,0.86001,1.4132,2.15008,curved,gentle
MVI_63563,96,61,696,756,807.14,806.79,0.9996,5.1,16.89,12.768,319.2,0.000705,0.000357,0.001879,0.003401,294.0,0.11542,0.37332,0.70891,straight,straight
MVI_63563,97,66,696,761,861.27,860.88,0.9995,9.14,23.93,12.273,306.82,0.000629,0.000419,0.00146,0.003563,280.64,0.14487,0.36595,1.04973,straight,straight
MVI_63563,98,61,701,761,883.74,883.41,0.9996,2.94,20.71,12.765,319.11,0.000701,0.000437,0.001442,0.004363,229.2,0.18097,0.32703,1.14579,straight,straight
MVI_63563,99,36,721,756,799.95,795.7,0.9947,39.58,44.21,22.346,558.66,0.002042,0.000672,0.005353,0.019579,51.07,0.34616,1.28613,3.06217,curved,gentle
MVI_63563,100,51,726,776,871.26,869.85,0.9984,35.12,43.31,14.95,373.75,0.003401,0.000151,0.008576,0.053658,18.64,0.09566,1.38789,4.71268,curved,gentle
MVI_63563,101,61,746,806,887.91,887.29,0.9993,12.82,30.27,13.582,339.56,0.001185,0.000317,0.005215,0.006611,151.26,0.12986,0.94413,1.18467,straight,gentle
MVI_63563,102,41,766,806,798.5,793.13,0.9933,48.85,50.17,17.969,449.22,0.002539,0.000422,0.009731,0.018882,52.96,0.12361,1.84147,2.86474,curved,sharp
MVI_63563,103,56,781,836,824.72,824.18,0.9993,9.42,23.32,13.387,334.69,0.000683,0.000496,0.001424,0.001906,524.69,0.2329,0.30292,0.45734,straight,straight
MVI_63563,104,31,786,816,763.98,753.96,0.9869,13.73,31.96,27.646,691.14,0.000885,0.000639,0.001539,0.002957,338.14,0.4097,1.06419,1.33992,straight,gentle
MVI_63563,105,51,786,836,915.27,913.91,0.9985,31.53,39.64,16.486,412.15,0.002447,0.0003,0.006824,0.02908,34.39,0.1671,1.10082,2.89362,curved,gentle
MVI_63563,106,66,791,856,846.16,845.59,0.9993,14.41,24.43,11.59,289.75,0.000996,0.000327,0.00376,0.005837,171.31,0.09553,0.59685,0.90505,straight,gentle
MVI_63563,107,61,821,881,794.93,794.55,0.9995,6.17,16.5,11.809,295.22,0.000611,0.000307,0.001623,0.003893,256.88,0.12549,0.27533,0.47468,straight,straight
MVI_63563,108,36,831,866,558.07,547.62,0.9813,11.86,96.19,15.224,380.6,0.004425,0.003054,0.011505,0.012809,78.07,1.2173,2.35917,2.53463,straight,gentle
MVI_63563,109,111,856,966,807.45,806.26,0.9985,15.49,63.48,6.203,155.08,0.002288,0.001694,0.005586,0.01374,72.78,0.26759,0.54602,1.85187,straight,gentle
MVI_63563,110,51,856,906,881.77,880.5,0.9986,38.08,46.63,15.215,380.37,0.006156,0.000499,0.005766,0.159693,6.26,0.14538,0.81684,7.47728,curved,gentle
MVI_63563,111,66,866,931,858.12,857.88,0.9997,2.67,14.51,12.095,302.37,0.000496,0.000273,0.001481,0.001969,507.96,0.09265,0.28213,0.31216,straight,straight
MVI_63563,112,81,871,951,811.71,811.21,0.9994,8.84,28.55,9.236,230.91,0.000927,0.000635,0.002304,0.003334,299.93,0.16914,0.34014,0.43142,straight,straight
MVI_63563,113,56,881,936,862.91,862.47,0.9995,3.81,21.64,14.121,353.03,0.000726,0.000422,0.002099,0.002315,432.02,0.1664,0.46758,0.50752,straight,straight
MVI_63563,114,36,891,926,757.88,753.49,0.9942,42.33,47.53,20.298,507.44,0.002532,0.000665,0.007702,0.022536,44.37,0.37967,1.62603,3.33439,curved,gentle
MVI_63563,115,76,896,971,836.27,835.62,0.9992,7.35,32.47,10.061,251.52,0.001353,0.000567,0.004631,0.005753,173.83,0.12561,0.65743,0.96267,straight,straight
MVI_63563,116,56,906,961,836.76,836.57,0.9998,5.12,14.71,14.1,352.5,0.00042,0.000364,0.000774,0.001498,667.71,0.12135,0.24264,0.40544,straight,straight
MVI_63563,117,101,916,1016,812.53,810.56,0.9976,0.8,88.87,7.539,188.48,0.003094,0.001551,0.007496,0.020639,48.45,0.37112,0.89857,2.03548,straight,straight
MVI_63563,118,51,921,971,902.66,901.14,0.9983,26.78,44.13,16.738,418.45,0.002699,0.000255,0.006272,0.04366,22.9,0.09284,1.22333,4.46002,curved,gentle
MVI_63563,119,41,926,966,779.78,776.13,0.9953,35.35,35.52,17.316,432.91,0.001862,0.000227,0.005363,0.013159,75.99,0.14242,1.11138,1.58228,curved,gentle
MVI_63563,120,21,926,946,407.26,400.77,0.9841,37.41,37.41,19.488,487.21,0.001709,0.001511,0.002725,0.003717,269.03,0.80028,1.05768,1.23883,curved,gentle
MVI_63563,121,56,946,1001,826.53,825.66,0.9989,3.15,28.16,13.022,325.56,0.000853,0.000697,0.001885,0.002581,387.37,0.2552,0.39315,0.62839,straight,straight
MVI_63563,122,61,946,1006,808.34,807.36,0.9988,16.27,40.53,12.097,302.42,0.001837,0.000698,0.005609,0.013817,72.37,0.22803,0.95937,1.86548,straight,gentle
MVI_63563,123,91,951,1041,825.9,824.65,0.9985,27.63,48.81,8.234,205.84,0.001732,0.000927,0.005094,0.0081,123.45,0.18273,0.74151,1.342,curved,gentle
MVI_63563,124,21,966,986,431.01,425.3,0.9867,40.97,40.97,23.37,584.25,0.002195,0.001597,0.004451,0.009605,104.11,1.03207,1.28935,2.15305,curved,gentle
MVI_63563,125,36,1001,1036,772.26,770.5,0.9977,29.03,32.43,19.84,495.99,0.001712,0.000241,0.004987,0.018482,54.11,0.12932,1.1334,2.72221,curved,gentle
MVI_63563,126,71,1011,1081,785.26,784.89,0.9995,7.88,23.67,10.94,273.51,0.000811,0.000518,0.002481,0.003768,265.42,0.12863,0.42009,0.5277,straight,straight
MVI_63563,127,51,1021,1071,949.3,947.65,0.9983,31.0,39.04,17.074,426.84,0.001341,0.000386,0.005012,0.009345,107.01,0.15932,1.32593,1.84004,curved,gentle
MVI_63563,128,121,1026,1146,800.84,798.83,0.9975,14.01,69.75,5.937,148.43,0.002197,0.001662,0.005519,0.009205,108.63,0.2666,0.65501,1.02756,straight,gentle
MVI_63563,129,21,1036,1056,422.15,415.45,0.9842,44.15,44.15,21.939,548.48,0.00232,0.001646,0.004983,0.008589,116.43,1.04802,1.4899,2.14176,curved,gentle
MVI_63563,130,31,1041,1071,736.68,733.1,0.9951,39.58,40.91,22.946,573.65,0.00224,0.000408,0.007022,0.019451,51.41,0.37424,1.83763,3.62437,curved,gentle
MVI_63563,131,46,1051,1096,860.93,860.86,0.9999,0.09,5.73,16.928,423.21,0.000165,9.8e-05,0.000366,0.000481,2080.57,0.0563,0.10727,0.15963,straight,straight
MVI_63563,132,116,1056,1171,796.94,794.93,0.9975,13.47,56.14,6.598,164.95,0.001629,0.00105,0.003804,0.005947,168.16,0.19638,0.47263,0.85568,straight,gentle
MVI_63563,133,81,1061,1141,844.56,843.48,0.9987,14.76,27.81,9.545,238.64,0.000921,0.000743,0.001654,0.006376,156.83,0.15514,0.31684,1.22377,straight,gentle
MVI_63563,134,71,1061,1131,867.56,866.36,0.9986,6.84,50.38,10.904,272.6,0.001793,0.000765,0.005073,0.009599,104.18,0.29056,0.76634,2.01551,straight,straight
MVI_63563,135,36,1081,1116,802.21,797.88,0.9946,35.76,39.37,21.436,535.89,0.001638,0.000656,0.004889,0.010028,99.73,0.41492,1.03379,1.67064,curved,gentle
MVI_63563,136,51,1081,1131,926.72,925.98,0.9992,5.28,23.78,16.577,414.41,0.000676,0.000305,0.001804,0.004058,246.42,0.13449,0.46246,1.53584,straight,straight
MVI_63563,137,51,1086,1136,758.79,758.09,0.9991,4.25,13.36,14.091,352.27,0.00037,0.000366,0.000738,0.000916,1091.47,0.10753,0.30902,0.34845,straight,straight
MVI_63563,138,71,1096,1166,786.45,785.95,0.9994,9.17,26.57,10.646,266.15,0.001015,0.000296,0.003097,0.005542,180.42,0.09315,0.51786,0.72062,straight,straight
MVI_63563,139,91,1106,1196,706.22,704.95,0.9982,11.18,42.51,7.484,187.1,0.001474,0.000971,0.003169,0.007526,132.87,0.22061,0.46628,0.76821,straight,gentle
MVI_63563,140,66,1106,1171,853.05,851.81,0.9985,4.99,38.6,11.558,288.94,0.001056,0.000709,0.001982,0.00901,110.98,0.20553,0.60064,1.95287,straight,straight
MVI_63563,141,26,1106,1131,492.17,487.04,0.9896,38.17,38.17,21.272,531.79,0.001809,0.00131,0.003925,0.006138,162.91,0.80431,1.0069,1.3578,curved,gentle
MVI_63563,142,81,1111,1191,795.63,795.11,0.9994,6.99,27.35,9.242,231.05,0.00096,0.000547,0.002245,0.0055,181.81,0.15253,0.39216,0.60198,straight,straight
MVI_63563,143,61,1121,1181,826.64,826.41,0.9997,1.8,16.79,12.706,317.66,0.000511,0.000356,0.00124,0.00166,602.45,0.1155,0.27868,0.43664,straight,straight
MVI_63563,144,36,1126,1161,839.0,836.84,0.9974,29.94,30.67,23.535,588.37,0.001286,0.000245,0.003944,0.011599,86.22,0.15216,1.0683,2.19758,curved,gentle
MVI_63563,145,81,1136,1216,782.16,781.42,0.9991,4.01,34.29,9.136,228.39,0.001139,0.000846,0.002174,0.010444,95.75,0.18232,0.55418,1.57771,straight,straight
MVI_63563,146,26,1146,1171,483.21,476.81,0.9868,36.87,36.87,21.033,525.83,0.001627,0.001187,0.00279,0.004744,210.81,0.6808,0.75535,1.00018,curved,gentle
MVI_63563,147,56,1146,1201,828.54,828.26,0.9997,4.74,20.21,13.976,349.41,0.000679,0.000372,0.001708,0.003284,304.49,0.16312,0.38585,0.88753,straight,straight
MVI_63563,148,76,1156,1231,833.61,831.01,0.9969,35.25,50.39,9.908,247.71,0.001365,0.000399,0.001509,0.025091,39.85,0.09883,0.47402,5.11802,curved,gentle
MVI_63563,149,86,1156,1241,793.99,793.16,0.999,10.11,43.23,7.841,196.02,0.001545,0.001098,0.00355,0.006621,151.04,0.2408,0.54817,1.04372,straight,gentle
MVI_63563,150,61,1171,1231,868.48,867.94,0.9994,9.68,21.46,13.489,337.22,0.000569,0.000408,0.000983,0.00382,261.79,0.11874,0.3562,1.11582,straight,straight
MVI_63563,151,25,1187,1211,541.55,535.14,0.9882,34.0,34.0,23.124,578.11,0.001319,0.000996,0.00254,0.004544,220.05,0.6904,0.77321,1.07084,curved,gentle
MVI_63563,152,51,1186,1236,939.66,938.31,0.9986,21.27,40.45,16.859,421.48,0.002093,0.00022,0.005926,0.026319,38.0,0.10604,1.43293,3.22814,curved,gentle
MVI_63563,153,61,1206,1266,839.7,838.4,0.9985,16.35,43.47,13.294,332.35,0.001254,0.000828,0.003029,0.008124,123.09,0.26093,0.76875,2.04789,straight,gentle
MVI_63563,154,75,1192,1266,791.81,791.52,0.9996,8.53,17.65,9.892,247.3,0.000483,0.000299,0.00116,0.003622,276.06,0.08137,0.24984,0.70851,straight,straight
MVI_63563,155,26,1231,1256,593.92,588.78,0.9913,32.22,32.22,25.193,629.83,0.001418,0.00075,0.002931,0.006961,143.66,0.57114,0.7439,1.29629,curved,gentle
MVI_63563,156,36,1231,1266,911.03,909.55,0.9984,15.76,34.13,24.294,607.34,0.001365,0.000333,0.003792,0.011336,88.21,0.24882,1.15901,2.31248,straight,gentle
MVI_63563,157,66,1236,1301,802.56,801.75,0.999,0.39,40.21,11.745,293.62,0.001302,0.000651,0.003427,0.005214,191.8,0.24489,0.71653,1.20589,straight,straight
MVI_63563,158,61,1241,1301,842.91,842.35,0.9993,12.36,25.68,12.806,320.16,0.000798,0.000513,0.002107,0.003695,270.61,0.16276,0.41697,1.0594,straight,gentle
MVI_63563,159,71,1251,1321,753.4,752.84,0.9993,11.83,31.83,9.669,241.74,0.001091,0.000605,0.002164,0.009116,109.69,0.174,0.46132,1.52784,straight,gentle
MVI_63563,160,66,1266,1331,825.75,824.84,0.9989,0.65,28.04,11.468,286.7,0.000922,0.000501,0.002643,0.005651,176.96,0.18797,0.46141,0.70563,straight,straight
MVI_63563,161,21,1286,1306,520.59,516.45,0.992,32.87,32.87,27.742,693.55,0.001797,0.000801,0.003765,0.011659,85.77,0.60801,1.20059,2.55062,curved,gentle
MVI_63563,162,51,1296,1346,918.6,918.17,0.9995,3.59,28.93,16.416,410.41,0.002623,0.000317,0.002314,0.0771,12.97,0.14376,0.63025,4.45163,straight,straight
MVI_63563,163,51,1296,1346,932.07,929.93,0.9977,1.78,32.44,17.816,445.4,0.000888,0.000481,0.001924,0.006333,157.9,0.19104,0.75385,2.13742,straight,straight
MVI_63563,164,51,1306,1356,757.98,757.8,0.9998,2.35,9.95,14.319,357.98,0.000263,0.000194,0.00049,0.001021,979.07,0.07407,0.18415,0.41984,straight,straight
MVI_63563,165,56,1311,1366,775.11,774.44,0.9991,4.86,26.44,13.267,331.67,0.000862,0.000855,0.001736,0.002773,360.61,0.2678,0.48129,0.71571,straight,straight
MVI_63563,166,21,1326,1346,520.83,519.02,0.9965,25.94,26.64,28.721,718.02,0.001412,0.000895,0.003373,0.007967,125.52,0.71882,1.20327,2.134,curved,gentle
MVI_63563,167,21,1351,1371,485.44,481.97,0.9929,29.89,29.89,25.179,629.47,0.001572,0.000707,0.003581,0.00732,136.62,0.50066,1.13527,1.82836,curved,gentle
MVI_63563,168,40,1351,1390,803.53,803.22,0.9996,0.34,7.9,19.621,490.53,0.00019,5.3e-05,0.000443,0.001621,617.05,0.02774,0.32147,0.59267,straight,straight
MVI_63563,169,30,1361,1390,250.54,250.23,0.9988,10.27,10.51,8.821,220.54,0.000764,0.000791,0.001559,0.001717,582.38,0.15264,0.38225,0.40769,straight,gentle
MVI_63563,170,10,1381,1390,205.82,203.09,0.9867,34.05,34.05,22.705,567.62,0.003208,0.002812,0.005427,0.006086,164.32,1.5906,2.53652,2.73846,unknown,unknown
MVI_63563,171,61,1301,1361,663.16,662.23,0.9986,11.38,32.49,10.732,268.3,0.001012,0.000792,0.002083,0.004277,233.81,0.19045,0.55629,1.19411,straight,gentle
MVI_63563,172,75,1316,1390,820.84,819.69,0.9986,4.27,44.7,10.064,251.6,0.001425,0.000694,0.003335,0.00555,180.17,0.22227,0.61031,1.01359,straight,straight
MVI_63563,173,45,1346,1390,458.41,458.12,0.9994,2.82,12.58,10.234,255.85,0.000594,0.000441,0.001044,0.002933,340.89,0.12208,0.22466,0.59486,straight,straight
MVI_63563,174,20,1371,1390,111.72,111.68,0.9996,0.38,7.45,5.819,145.48,0.001351,0.00134,0.002179,0.002334,428.38,0.18973,0.27696,0.28998,straight,straight
MVI_63563,175,6,476,481,112.7,111.89,0.9928,25.11,25.11,22.451,561.27,0.004305,0.003933,0.006924,0.00753,132.8,2.1866,3.39858,3.59718,unknown,unknown
MVI_63563,176,21,521,541,223.22,199.12,0.892,128.14,128.14,10.344,258.59,0.01336,0.008522,0.033238,0.045513,21.97,1.86444,6.86578,8.46623,curved,sharp
MVI_63563,177,11,646,656,164.62,164.23,0.9976,13.85,13.85,16.423,410.57,0.001487,0.001464,0.001858,0.001967,508.3,0.60094,0.70461,0.73191,unknown,unknown
