video,track_id,first_frame,last_frame,n_frames_observed,track_span_frames,n_occluded_frames,occluded_frame_ratio,mean_occlusion_ratio,max_occlusion_ratio,n_occlusion_segments,longest_segment_frames,longest_segment_s,n_full_occlusion_segments,longest_full_segment_frames,n_gaps,longest_gap_frames,vehicle_type
MVI_20011,1,1,5,5,5,0,0.0,0.0,0.0,0,0,0.0,0,0,0,0,car
MVI_20011,2,1,72,72,72,0,0.0,0.0,0.0,0,0,0.0,0,0,0,0,car
MVI_20011,3,1,105,105,105,0,0.0,0.0,0.0,0,0,0.0,0,0,0,0,car
MVI_20011,4,1,132,132,132,0,0.0,0.0,0.0,0,0,0.0,0,0,0,0,car
MVI_20011,5,1,151,151,151,1,0.0066,0.0075,0.1036,0,0,0.0,0,0,0,0,car
MVI_20011,6,1,91,91,91,0,0.0,0.0,0.0,0,0,0.0,0,0,0,0,car
MVI_20011,7,1,157,157,157,0,0.0,0.0,0.0,0,0,0.0,0,0,0,0,car
MVI_20011,8,25,151,127,127,51,0.4016,0.11,0.3792,1,51,2.04,0,0,0,0,car
MVI_20011,9,37,199,163,163,0,0.0,0.0,0.0,0,0,0.0,0,0,0,0,car
MVI_20011,10,37,163,127,127,61,0.4803,0.1591,0.4641,1,61,2.44,0,0,0,0,car
MVI_20011,11,34,169,136,136,0,0.0,0.0,0.0,0,0,0.0,0,0,0,0,car
MVI_20011,12,61,169,109,109,0,0.0,0.0,0.0,0,0,0.0,0,0,0,0,car
MVI_20011,13,64,211,148,148,115,0.777,0.1665,0.5728,2,108,4.32,0,0,0,0,car
MVI_20011,14,79,241,163,163,0,0.0,0.0,0.0,0,0,0.0,0,0,0,0,car
MVI_20011,15,79,238,160,160,0,0.0,0.0,0.0,0,0,0.0,0,0,0,0,car
MVI_20011,16,79,257,179,179,0,0.0,0.0,0.0,0,0,0.0,0,0,0,0,car
MVI_20011,17,91,211,121,121,0,0.0,0.0,0.0,0,0,0.0,0,0,0,0,van
MVI_20011,18,103,313,211,211,0,0.0,0.0,0.0,0,0,0.0,0,0,0,0,others
MVI_20011,19,103,269,167,167,0,0.0,0.0,0.0,0,0,0.0,0,0,0,0,car
MVI_20011,20,129,265,137,137,0,0.0,0.0003,0.0159,0,0,0.0,0,0,0,0,car
MVI_20011,21,157,323,167,167,76,0.4551,0.1056,0.3427,1,76,3.04,0,0,0,0,car
MVI_20011,22,193,409,217,217,0,0.0,0.0,0.0,0,0,0.0,0,0,0,0,car
MVI_20011,23,199,379,181,181,0,0.0,0.0,0.0,0,0,0.0,0,0,0,0,car
MVI_20011,24,229,349,121,121,39,0.3223,0.1024,0.5548,1,41,1.64,0,0,0,0,car
MVI_20011,25,259,421,163,163,0,0.0,0.0041,0.0926,0,0,0.0,0,0,0,0,car
MVI_20011,26,295,445,151,151,21,0.1391,0.0311,0.2774,1,21,0.84,0,0,0,0,car
MVI_20011,27,295,415,121,121,0,0.0,0.0,0.0,0,0,0.0,0,0,0,0,car
MVI_20011,28,301,421,121,121,117,0.9669,0.7229,1.0,2,104,4.16,4,21,0,0,car
MVI_20011,29,313,664,352,352,46,0.1307,0.0462,0.796,2,31,1.24,0,0,0,0,car
MVI_20011,30,313,505,193,193,0,0.0,0.0,0.0,0,0,0.0,0,0,0,0,car
MVI_20011,31,325,481,157,157,0,0.0,0.0002,0.0098,0,0,0.0,0,0,0,0,car
MVI_20011,32,355,481,127,127,0,0.0,0.0,0.0,0,0,0.0,0,0,0,0,car
MVI_20011,33,355,565,211,211,0,0.0,0.0,0.0,0,0,0.0,0,0,0,0,car
MVI_20011,34,367,541,175,175,64,0.3657,0.1164,0.6403,1,64,2.56,0,0,0,0,car
MVI_20011,35,367,583,217,217,121,0.5576,0.104,0.2774,2,113,4.52,0,0,0,0,car
MVI_20011,36,385,535,151,151,0,0.0,0.0,0.0,0,0,0.0,0,0,0,0,car
MVI_20011,37,397,589,193,193,170,0.8808,0.3925,0.867,2,119,4.76,0,0,0,0,car
MVI_20011,38,397,541,145,145,0,0.0,0.0,0.0,0,0,0.0,0,0,0,0,car
MVI_20011,39,409,583,175,175,0,0.0,0.0,0.0,0,0,0.0,0,0,0,0,van
MVI_20011,40,421,589,169,169,149,0.8817,0.4711,1.0,2,113,4.52,2,24,0,0,car
MVI_20011,41,439,601,163,163,0,0.0,0.0,0.0,0,0,0.0,0,0,0,0,car
MVI_20011,42,457,631,175,175,0,0.0,0.0,0.0,0,0,0.0,0,0,0,0,car
MVI_20011,43,475,619,145,145,80,0.5517,0.1685,0.5621,4,55,2.2,0,0,0,0,car
MVI_20011,44,493,655,163,163,0,0.0,0.0,0.0,0,0,0.0,0,0,0,0,car
MVI_20011,45,511,664,154,154,0,0.0,0.0,0.0,0,0,0.0,0,0,0,0,car
MVI_20011,46,570,664,95,95,0,0.0,0.0,0.0,0,0,0.0,0,0,0,0,bus
MVI_20011,47,517,664,148,148,82,0.5541,0.2247,0.6353,3,69,2.76,0,0,0,0,car
MVI_20011,48,541,664,124,124,123,0.9919,0.4011,0.768,1,124,4.96,0,0,0,0,car
MVI_20011,49,547,664,118,118,1,0.0085,0.0074,0.1026,0,0,0.0,0,0,0,0,car
MVI_20011,50,571,664,94,94,0,0.0,0.0,0.0,0,0,0.0,0,0,0,0,car
MVI_20011,51,619,664,46,46,40,0.8696,0.1465,0.212,2,28,1.12,0,0,0,0,car
MVI_20011,52,631,664,34,34,34,1.0,0.3057,0.3591,1,34,1.36,0,0,0,0,car
MVI_20011,53,637,664,28,28,0,0.0,0.0,0.0,0,0,0.0,0,0,0,0,car
MVI_20012,1,1,25,25,25,0,0.0,0.0,0.0,0,0,0.0,0,0,0,0,car
MVI_20012,3,1,493,493,493,383,0.7769,0.4101,1.0,2,372,14.88,3,18,0,0,car
MVI_20012,4,1,133,133,133,0,0.0,0.0,0.0,0,0,0.0,0,0,0,0,van
MVI_20012,5,1,169,169,169,22,0.1302,0.0443,0.3663,1,22,0.88,0,0,0,0,car
MVI_20012,6,1,97,97,97,0,0.0,0.0,0.0,0,0,0.0,0,0,0,0,car
MVI_20012,7,1,127,127,127,0,0.0,0.0,0.0,0,0,0.0,0,0,0,0,car
MVI_20012,8,1,145,145,145,0,0.0,0.0,0.0,0,0,0.0,0,0,0,0,car
MVI_20012,9,1,43,43,43,10,0.2326,0.0918,0.4286,1,10,0.4,0,0,0,0,car
MVI_20012,10,1,49,49,49,0,0.0,0.0,0.0,0,0,0.0,0,0,0,0,van
MVI_20012,11,1,211,211,211,81,0.3839,0.1001,0.4277,1,81,3.24,0,0,0,0,car
MVI_20012,12,13,355,343,343,39,0.1137,0.0233,0.3445,2,31,1.24,0,0,0,0,car
MVI_20012,13,25,253,229,229,0,0.0,0.0,0.0,0,0,0.0,0,0,0,0,car
MVI_20012,14,31,433,403,403,176,0.4367,0.1748,1.0,2,118,4.72,1,10,0,0,van
MVI_20012,15,79,463,385,385,107,0.2779,0.1062,0.6936,1,107,4.28,0,0,0,0,car
MVI_20012,16,79,325,247,247,194,0.7854,0.2199,0.6217,4,143,5.72,0,0,0,0,car
MVI_20012,17,139,271,133,133,54,0.406,0.0915,0.3253,2,41,1.64,0,0,0,0,car
MVI_20012,18,139,355,217,217,70,0.3226,0.0615,0.408,3,38,1.52,0,0,0,0,car
MVI_20012,19,139,289,151,151,0,0.0,0.0,0.0,0,0,0.0,0,0,0,0,car
MVI_20012,20,181,331,151,151,0,0.0,0.0,0.0,0,0,0.0,0,0,0,0,car
MVI_20012,21,211,427,217,217,0,0.0,0.0,0.0,0,0,0.0,0,0,0,0,car
MVI_20012,22,171,936,766,766,0,0.0,0.0,0.0,0,0,0.0,0,0,0,0,bus
MVI_20012,23,241,343,103,103,0,0.0,0.0,0.0,0,0,0.0,0,0,0,0,car
MVI_20012,24,271,541,271,271,0,0.0,0.0,0.0,0,0,0.0,0,0,0,0,car
MVI_20012,25,271,463,193,193,11,0.057,0.0089,0.1726,1,11,0.44,0,0,0,0,car
MVI_20012,26,295,403,109,109,98,0.8991,0.2569,0.4864,1,98,3.92,0,0,0,0,car
MVI_20012,27,313,523,211,211,0,0.0,0.0,0.0,0,0,0.0,0,0,0,0,car
MVI_20012,28,355,559,205,205,86,0.4195,0.0878,0.3933,2,76,3.04,0,0,0,0,van
MVI_20012,29,361,583,223,223,0,0.0,0.0,0.0,0,0,0.0,0,0,0,0,car
MVI_20012,30,361,493,133,133,0,0.0,0.0,0.0,0,0,0.0,0,0,0,0,car
MVI_20012,31,403,619,217,217,106,0.4885,0.0977,0.2826,2,78,3.12,0,0,0,0,car
MVI_20012,32,427,679,253,253,0,0.0,0.0,0.0,0,0,0.0,0,0,0,0,car
MVI_20012,33,427,547,121,121,0,0.0,0.0,0.0,0,0,0.0,0,0,0,0,car
MVI_20012,34,469,559,91,91,0,0.0,0.0,0.0,0,0,0.0,0,0,0,0,car
MVI_20012,35,487,685,199,199,0,0.0,0.0,0.0,0,0,0.0,0,0,0,0,car
MVI_20012,36,487,679,193,193,136,0.7047,0.2657,0.5469,1,136,5.44,0,0,0,0,car
MVI_20012,37,487,589,103,103,100,0.9709,0.2658,0.6998,1,103,4.12,0,0,0,0,car
MVI_20012,38,499,769,271,271,117,0.4317,0.298,1.0,1,117,4.68,1,29,0,0,car
MVI_20012,39,505,643,139,139,0,0.0,0.0,0.0,0,0,0.0,0,0,0,0,car
MVI_20012,40,661,757,97,97,0,0.0,0.0,0.0,0,0,0.0,0,0,0,0,car
MVI_20012,41,685,855,171,171,32,0.1871,0.0439,0.2841,2,28,1.12,0,0,0,0,car
MVI_20012,42,1,571,571,571,0,0.0,0.0,0.0,0,0,0.0,0,0,0,0,bus
MVI_20032,1,1,235,235,235,0,0.0,0.0,0.0,0,0,0.0,0,0,0,0,car
MVI_20032,2,1,217,217,217,0,0.0,0.0,0.0,0,0,0.0,0,0,0,0,car
MVI_20032,3,1,97,97,97,0,0.0,0.0,0.0,0,0,0.0,0,0,0,0,car
MVI_20032,4,1,437,437,437,0,0.0,0.0,0.0,0,0,0.0,0,0,0,0,car
MVI_20032,5,91,343,253,253,0,0.0,0.0,0.0,0,0,0.0,0,0,0,0,car
MVI_20032,6,91,283,193,193,0,0.0,0.0,0.0,0,0,0.0,0,0,0,0,car
MVI_20032,7,319,437,119,119,0,0.0,0.0,0.0,0,0,0.0,0,0,0,0,car
MVI_20032,8,349,437,89,89,0,0.0,0.0,0.0,0,0,0.0,0,0,0,0,car
MVI_20032,9,421,437,17,17,0,0.0,0.0,0.0,0,0,0.0,0,0,0,0,car
MVI_20033,1,1,91,91,91,0,0.0,0.0,0.0,0,0,0.0,0,0,0,0,car
MVI_20033,2,1,229,229,229,88,0.3843,0.0889,0.3598,2,69,2.76,0,0,0,0,car
MVI_20033,3,1,127,127,127,0,0.0,0.0,0.0,0,0,0.0,0,0,0,0,car
MVI_20033,4,1,127,127,127,0,0.0,0.0,0.0,0,0,0.0,0,0,0,0,car
MVI_20033,5,7,247,241,241,28,0.1162,0.0261,0.26,2,23,0.92,0,0,0,0,van
MVI_20033,6,49,259,211,211,0,0.0,0.0,0.0,0,0,0.0,0,0,0,0,car
MVI_20033,7,55,289,235,235,0,0.0,0.0,0.0,0,0,0.0,0,0,0,0,car
MVI_20033,8,145,403,259,259,0,0.0,0.0,0.0,0,0,0.0,0,0,0,0,car
MVI_20033,9,49,367,319,319,0,0.0,0.0,0.0,0,0,0.0,0,0,0,0,car
MVI_20033,10,145,379,235,235,0,0.0,0.0,0.0,0,0,0.0,0,0,0,0,car
MVI_20033,11,253,511,259,259,0,0.0,0.0,0.0,0,0,0.0,0,0,0,0,van
MVI_20033,12,313,547,235,235,0,0.0,0.0,0.0,0,0,0.0,0,0,0,0,car
MVI_20033,13,313,595,283,283,0,0.0,0.0,0.0,0,0,0.0,0,0,0,0,car
MVI_20033,14,379,613,235,235,31,0.1319,0.0175,0.1929,1,31,1.24,0,0,0,0,car
MVI_20033,15,385,643,259,259,0,0.0,0.0,0.0,0,0,0.0,0,0,0,0,van
MVI_20033,16,415,667,253,253,0,0.0,0.0,0.0,0,0,0.0,0,0,0,0,car
MVI_20033,17,445,667,223,223,0,0.0,0.0,0.0,0,0,0.0,0,0,0,0,car
MVI_20033,18,463,685,223,223,0,0.0,0.0,0.0,0,0,0.0,0,0,0,0,car
MVI_20033,20,529,757,229,229,0,0.0,0.0,0.0,0,0,0.0,0,0,0,0,car
MVI_20033,21,565,784,220,220,0,0.0,0.0,0.0,0,0,0.0,0,0,0,0,car
MVI_20033,22,631,784,154,154,0,0.0,0.0,0.0,0,0,0.0,0,0,0,0,car
MVI_20033,23,649,784,136,136,0,0.0,0.0,0.0,0,0,0.0,0,0,0,0,car
MVI_20033,24,679,784,106,106,0,0.0,0.0,0.0,0,0,0.0,0,0,0,0,car
MVI_20033,25,727,784,58,58,0,0.0,0.0,0.0,0,0,0.0,0,0,0,0,car
MVI_20033,26,458,784,327,327,0,0.0,0.0,0.0,0,0,0.0,0,0,0,0,bus
MVI_20034,1,1,127,127,127,0,0.0,0.0,0.0,0,0,0.0,0,0,0,0,car
MVI_20034,2,1,91,91,91,2,0.022,0.009,0.1195,1,2,0.08,0,0,0,0,car
MVI_20034,3,1,109,109,109,0,0.0,0.0,0.0,0,0,0.0,0,0,0,0,car
MVI_20034,4,1,31,31,31,31,1.0,0.1959,0.2417,1,31,1.24,0,0,0,0,car
MVI_20034,5,19,199,181,181,0,0.0,0.0,0.0,0,0,0.0,0,0,0,0,car
MVI_20034,6,67,253,187,187,20,0.107,0.0235,0.2734,1,20,0.8,0,0,0,0,car
MVI_20034,7,115,325,211,211,104,0.4929,0.1024,0.326,1,104,4.16,0,0,0,0,car
MVI_20034,8,145,373,229,229,0,0.0,0.0,0.0,0,0,0.0,0,0,0,0,car
MVI_20034,9,103,253,151,151,0,0.0,0.0,0.0,0,0,0.0,0,0,0,0,car
MVI_20034,10,157,319,163,163,0,0.0,0.0,0.0,0,0,0.0,0,0,0,0,car
MVI_20034,11,157,301,145,145,0,0.0,0.0,0.0,0,0,0.0,0,0,0,0,car
MVI_20034,13,181,379,199,199,0,0.0,0.0,0.0,0,0,0.0,0,0,0,0,van
MVI_20034,14,253,469,217,217,0,0.0,0.0,0.0,0,0,0.0,0,0,0,0,car
MVI_20034,15,289,469,181,181,65,0.3591,0.1199,0.5303,1,65,2.6,0,0,0,0,car
MVI_20034,16,289,800,512,512,39,0.0762,0.0167,0.4426,2,20,0.8,0,0,0,0,car
MVI_20034,18,301,577,277,277,0,0.0,0.0,0.0,0,0,0.0,0,0,0,0,car
MVI_20034,19,319,553,235,235,0,0.0,0.0,0.0,0,0,0.0,0,0,0,0,car
MVI_20034,20,325,505,181,181,37,0.2044,0.049,0.4795,1,37,1.48,0,0,0,0,car
MVI_20034,21,337,643,307,307,4,0.013,0.0035,0.1819,1,4,0.16,0,0,0,0,car
MVI_20034,22,361,691,331,331,30,0.0906,0.0136,0.1713,1,30,1.2,0,0,0,0,car
MVI_20034,23,373,643,271,271,160,0.5904,0.214,0.5486,1,160,6.4,0,0,0,0,car
MVI_20034,24,403,595,193,193,30,0.1554,0.0291,0.2513,2,15,0.6,0,0,0,0,car
MVI_20034,25,403,691,289,289,111,0.3841,0.086,0.341,1,111,4.44,0,0,0,0,van
MVI_20034,26,415,757,343,343,0,0.0,0.0,0.0,0,0,0.0,0,0,0,0,car
MVI_20034,27,415,721,307,307,0,0.0,0.0,0.0,0,0,0.0,0,0,0,0,car
MVI_20034,28,439,631,193,193,15,0.0777,0.0143,0.1873,1,15,0.6,0,0,0,0,car
MVI_20034,30,457,757,301,301,194,0.6445,0.2182,0.4955,1,194,7.76,0,0,0,0,car
MVI_20034,31,499,800,302,302,0,0.0,0.0,0.0,0,0,0.0,0,0,0,0,car
MVI_20034,32,523,727,205,205,0,0.0,0.0,0.0,0,0,0.0,0,0,0,0,car
MVI_20034,33,541,727,187,187,81,0.4332,0.15,0.5089,1,81,3.24,0,0,0,0,car
MVI_20034,34,547,800,254,254,0,0.0,0.0,0.0,0,0,0.0,0,0,0,0,car
MVI_20034,35,571,800,230,230,0,0.0,0.0,0.0,0,0,0.0,0,0,0,0,car
MVI_20034,36,589,781,193,193,0,0.0,0.0,0.0,0,0,0.0,0,0,0,0,car
MVI_20034,37,589,800,212,212,0,0.0,0.0,0.0,0,0,0.0,0,0,0,0,car
MVI_20034,38,589,800,212,212,47,0.2217,0.0542,0.2036,3,23,0.92,0,0,0,0,car
MVI_20034,39,631,800,170,170,0,0.0,0.0,0.0,0,0,0.0,0,0,0,0,car
MVI_20034,40,685,800,116,116,0,0.0,0.0,0.0,0,0,0.0,0,0,0,0,car
MVI_20034,41,685,800,116,116,0,0.0,0.0,0.0,0,0,0.0,0,0,0,0,car
MVI_20034,42,691,800,110,110,110,1.0,0.3684,0.5679,1,110,4.4,0,0,0,0,car
MVI_20034,43,709,800,92,92,0,0.0,0.0,0.0,0,0,0.0,0,0,0,0,car
MVI_20034,44,727,800,74,74,0,0.0,0.0,0.0,0,0,0.0,0,0,0,0,car
MVI_20034,45,757,800,44,44,0,0.0,0.0,0.0,0,0,0.0,0,0,0,0,car
MVI_20034,46,757,800,44,44,42,0.9545,0.1521,0.1896,1,44,1.76,0,0,0,0,car
MVI_20034,47,763,800,38,38,0,0.0,0.0,0.0,0,0,0.0,0,0,0,0,car
MVI_20034,48,1,731,731,731,227,0.3105,0.1292,1.0,4,110,4.4,1,19,0,0,bus
MVI_20034,49,231,651,421,421,38,0.0903,0.0174,0.15,1,38,1.52,0,0,0,0,bus
MVI_20034,50,231,451,221,221,20,0.0905,0.0167,0.1385,1,20,0.8,0,0,0,0,bus
MVI_20035,1,1,157,157,157,7,0.0446,0.0122,0.2767,1,7,0.28,0,0,0,0,car
MVI_20035,2,1,115,115,115,49,0.4261,0.1272,0.5536,1,49,1.96,0,0,0,0,car
MVI_20035,3,1,67,67,67,0,0.0,0.0,0.0,0,0,0.0,0,0,0,0,car
MVI_20035,4,1,37,37,37,0,0.0,0.0,0.0,0,0,0.0,0,0,0,0,car
MVI_20035,5,1,13,13,13,0,0.0,0.0,0.0,0,0,0.0,0,0,0,0,car
MVI_20035,6,2,229,228,228,0,0.0,0.0,0.0,0,0,0.0,0,0,0,0,van
MVI_20035,7,71,253,183,183,0,0.0,0.0,0.0,0,0,0.0,0,0,0,0,car
MVI_20035,8,139,325,187,187,0,0.0,0.0,0.0,0,0,0.0,0,0,0,0,car
MVI_20035,9,181,337,157,157,0,0.0,0.0,0.0,0,0,0.0,0,0,0,0,car
MVI_20035,10,251,445,195,195,81,0.4154,0.1209,0.57,2,65,2.6,0,0,0,0,car
MVI_20035,11,265,439,175,175,0,0.0,0.0,0.0,0,0,0.0,0,0,0,0,van
MVI_20035,12,281,541,261,261,60,0.2299,0.0503,0.348,1,61,2.44,0,0,0,0,car
MVI_20035,13,325,541,217,217,73,0.3364,0.0882,0.4392,1,73,2.92,0,0,0,0,car
MVI_20035,14,341,595,255,255,0,0.0,0.0,0.0,0,0,0.0,0,0,0,0,car
MVI_20035,15,381,601,221,221,27,0.1222,0.0281,0.2781,1,27,1.08,0,0,0,0,car
MVI_20035,16,439,619,181,181,0,0.0,0.0,0.0,0,0,0.0,0,0,0,0,car
MVI_20035,17,441,619,179,179,0,0.0,0.0,0.0,0,0,0.0,0,0,0,0,car
MVI_20035,18,471,727,257,257,0,0.0,0.0,0.0,0,0,0.0,0,0,0,0,car
MVI_20035,19,493,691,199,199,53,0.2663,0.0532,0.3395,1,53,2.12,0,0,0,0,car
MVI_20035,20,501,727,227,227,0,0.0,0.0,0.0,0,0,0.0,0,0,0,0,car
MVI_20035,21,535,727,193,193,0,0.0,0.0,0.0,0,0,0.0,0,0,0,0,car
MVI_20035,22,541,727,187,187,74,0.3957,0.1178,0.4855,1,74,2.96,0,0,0,0,car
MVI_20035,23,581,787,207,207,0,0.0,0.0,0.0,0,0,0.0,0,0,0,0,car
MVI_20035,24,581,800,220,220,0,0.0,0.0,0.0,0,0,0.0,0,0,0,0,car
MVI_20035,25,595,800,206,206,0,0.0,0.0,0.0,0,0,0.0,0,0,0,0,car
MVI_20035,26,631,800,170,170,0,0.0,0.0,0.0,0,0,0.0,0,0,0,0,van
MVI_20035,27,651,800,150,150,0,0.0,0.0,0.0,0,0,0.0,0,0,0,0,car
MVI_20035,28,671,800,130,130,26,0.2,0.0245,0.1537,1,27,1.08,0,0,0,0,car
MVI_20035,29,697,800,104,104,0,0.0,0.0,0.0,0,0,0.0,0,0,0,0,car
MVI_20035,30,1,19,19,19,0,0.0,0.0,0.0,0,0,0.0,0,0,0,0,car
MVI_20035,31,1,49,49,49,0,0.0,0.0,0.0,0,0,0.0,0,0,0,0,car
MVI_20035,32,1,61,61,61,0,0.0,0.0,0.0,0,0,0.0,0,0,0,0,car
MVI_20035,33,1,133,133,133,11,0.0827,0.0126,0.1893,1,11,0.44,0,0,0,0,car
MVI_20035,34,1,175,175,175,33,0.1886,0.0386,0.257,1,33,1.32,0,0,0,0,car
MVI_20035,35,1,145,145,145,115,0.7931,0.2723,0.5333,1,115,4.6,0,0,0,0,car
MVI_20035,36,1,229,229,229,0,0.0,0.0,0.0,0,0,0.0,0,0,0,0,car
MVI_20035,37,49,235,187,187,111,0.5936,0.0965,0.2277,1,111,4.44,0,0,0,0,car
MVI_20035,38,49,289,241,241,0,0.0,0.0,0.0,0,0,0.0,0,0,0,0,car
MVI_20035,39,49,163,115,115,0,0.0,0.0,0.0,0,0,0.0,0,0,0,0,car
MVI_20035,40,85,295,211,211,0,0.0,0.0,0.0,0,0,0.0,0,0,0,0,car
MVI_20035,41,91,343,253,253,0,0.0,0.0,0.0,0,0,0.0,0,0,0,0,car
MVI_20035,42,91,235,145,145,0,0.0,0.0,0.0,0,0,0.0,0,0,0,0,car
MVI_20035,43,103,331,229,229,0,0.0,0.0,0.0,0,0,0.0,0,0,0,0,van
MVI_20035,44,121,385,265,265,0,0.0,0.0,0.0,0,0,0.0,0,0,0,0,car
MVI_20035,45,151,361,211,211,0,0.0,0.0,0.0,0,0,0.0,0,0,0,0,car
MVI_20035,46,157,415,259,259,0,0.0,0.0,0.0,0,0,0.0,0,0,0,0,car
MVI_20035,47,217,427,211,211,0,0.0,0.0,0.0,0,0,0.0,0,0,0,0,car
MVI_20035,48,241,457,217,217,0,0.0,0.0,0.0,0,0,0.0,0,0,0,0,car
MVI_20035,49,241,463,223,223,106,0.4753,0.0979,0.2966,1,106,4.24,0,0,0,0,van
MVI_20035,50,259,475,217,217,0,0.0,0.0,0.0,0,0,0.0,0,0,0,0,car
MVI_20035,51,277,800,524,524,0,0.0,0.0,0.0,0,0,0.0,0,0,0,0,car
MVI_20035,52,313,505,193,193,0,0.0,0.0,0.0,0,0,0.0,0,0,0,0,van
MVI_20035,53,349,535,187,187,0,0.0,0.0,0.0,0,0,0.0,0,0,0,0,car
MVI_20035,54,349,625,277,277,29,0.1047,0.0218,0.2482,1,29,1.16,0,0,0,0,car
MVI_20035,55,397,565,169,169,31,0.1834,0.0383,0.2996,1,31,1.24,0,0,0,0,car
MVI_20035,56,421,661,241,241,0,0.0,0.0,0.0,0,0,0.0,0,0,0,0,van
MVI_20035,57,481,607,127,127,0,0.0,0.0,0.0,0,0,0.0,0,0,0,0,car
MVI_20035,58,487,619,133,133,85,0.6391,0.1639,0.363,2,70,2.8,0,0,0,0,car
MVI_20035,59,511,661,151,151,0,0.0,0.0,0.0,0,0,0.0,0,0,0,0,car
MVI_20035,60,511,751,241,241,0,0.0,0.0,0.0,0,0,0.0,0,0,0,0,car
MVI_20035,61,535,721,187,187,0,0.0,0.0,0.0,0,0,0.0,0,0,0,0,car
MVI_20035,62,577,763,187,187,61,0.3262,0.1077,0.4287,1,61,2.44,0,0,0,0,car
MVI_20035,63,613,800,188,188,0,0.0,0.0,0.0,0,0,0.0,0,0,0,0,car
MVI_20035,64,625,800,176,176,0,0.0,0.0,0.0,0,0,0.0,0,0,0,0,car
MVI_20035,65,800,800,1,1,0,0.0,0.0,0.0,0,0,0.0,0,0,0,0,car
MVI_20051,1,1,43,43,43,0,0.0,0.0,0.0,0,0,0.0,0,0,0,0,van
MVI_20051,2,1,73,73,73,0,0.0,0.0,0.0,0,0,0.0,0,0,0,0,car
MVI_20051,3,1,133,133,133,0,0.0,0.0,0.0,0,0,0.0,0,0,0,0,car
MVI_20051,4,1,175,175,175,41,0.2343,0.082,0.4446,1,41,1.64,0,0,0,0,car
MVI_20051,5,1,223,223,223,0,0.0,0.0,0.0,0,0,0.0,0,0,0,0,car
MVI_20051,6,19,277,259,259,31,0.1197,0.0231,0.2215,1,31,1.24,0,0,0,0,car
MVI_20051,7,49,205,157,157,0,0.0,0.0,0.0,0,0,0.0,0,0,0,0,car
MVI_20051,8,67,331,265,265,51,0.1925,0.0571,0.5002,1,51,2.04,0,0,0,0,car
MVI_20051,9,73,307,235,235,140,0.5957,0.223,0.6658,1,140,5.6,0,0,0,0,car
MVI_20051,10,91,283,193,193,0,0.0,0.0,0.0,0,0,0.0,0,0,0,0,car
MVI_20051,11,127,367,241,241,34,0.1411,0.0231,0.1775,1,34,1.36,0,0,0,0,car
MVI_20051,12,145,331,187,187,0,0.0,0.0,0.0,0,0,0.0,0,0,0,0,car
MVI_20051,13,187,409,223,223,31,0.139,0.0329,0.3123,1,31,1.24,0,0,0,0,car
MVI_20051,14,205,415,211,211,0,0.0,0.0,0.0,0,0,0.0,0,0,0,0,car
MVI_20051,15,235,457,223,223,21,0.0942,0.0284,0.3846,1,21,0.84,0,0,0,0,car
MVI_20051,16,235,391,157,157,0,0.0,0.0,0.0,0,0,0.0,0,0,0,0,car
MVI_20051,17,271,487,217,217,111,0.5115,0.1611,0.5383,1,111,4.44,0,0,0,0,car
MVI_20051,18,277,439,163,163,0,0.0,0.0,0.0,0,0,0.0,0,0,0,0,car
MVI_20051,19,301,529,229,229,41,0.179,0.038,0.2868,1,41,1.64,0,0,0,0,car
MVI_20051,20,355,583,229,229,11,0.048,0.0081,0.1825,1,11,0.44,0,0,0,0,car
MVI_20051,21,367,463,97,97,0,0.0,0.0,0.0,0,0,0.0,0,0,0,0,car
MVI_20051,22,391,625,235,235,0,0.0,0.0,0.0,0,0,0.0,0,0,0,0,car
MVI_20051,23,391,649,259,259,51,0.1969,0.0672,0.4015,1,51,2.04,0,0,0,0,car
MVI_20051,24,439,685,247,247,74,0.2996,0.119,0.5621,1,74,2.96,0,0,0,0,car
MVI_20051,25,439,637,199,199,31,0.1558,0.0223,0.1878,1,31,1.24,0,0,0,0,car
MVI_20051,26,487,679,193,193,61,0.3161,0.0892,0.4098,1,61,2.44,0,0,0,0,car
MVI_20051,27,487,733,247,247,51,0.2065,0.0617,0.4006,1,51,2.04,0,0,0,0,car
MVI_20051,28,559,769,211,211,55,0.2607,0.077,0.5344,1,55,2.2,0,0,0,0,car
MVI_20051,29,565,823,259,259,61,0.2355,0.0865,0.4624,1,61,2.44,0,0,0,0,car
MVI_20051,30,619,865,247,247,83,0.336,0.097,0.3883,1,83,3.32,0,0,0,0,van
MVI_20051,31,625,805,181,181,0,0.0,0.0,0.0,0,0,0.0,0,0,0,0,car
MVI_20051,32,643,775,133,133,0,0.0,0.0,0.0,0,0,0.0,0,0,0,0,car
MVI_20051,33,691,841,151,151,11,0.0728,0.0143,0.3193,1,11,0.44,0,0,0,0,car
MVI_20051,34,715,829,115,115,0,0.0,0.0,0.0,0,0,0.0,0,0,0,0,car
MVI_20051,35,727,906,180,180,0,0.0,0.0,0.0,0,0,0.0,0,0,0,0,car
MVI_20051,36,727,865,139,139,0,0.0,0.0,0.0,0,0,0.0,0,0,0,0,car
MVI_20051,37,745,906,162,162,0,0.0,0.0,0.0,0,0,0.0,0,0,0,0,car
MVI_20051,38,745,906,162,162,109,0.6728,0.2207,0.4586,1,109,4.36,0,0,0,0,car
MVI_20051,39,745,901,157,157,0,0.0,0.0,0.0,0,0,0.0,0,0,0,0,car
MVI_20051,40,769,906,138,138,0,0.0,0.0,0.0,0,0,0.0,0,0,0,0,car
MVI_20051,41,799,906,108,108,0,0.0,0.0,0.0,0,0,0.0,0,0,0,0,car
MVI_20051,42,811,906,96,96,27,0.2812,0.0845,0.4358,1,27,1.08,0,0,0,0,car
MVI_20051,43,829,906,78,78,61,0.7821,0.2513,0.5006,1,61,2.44,0,0,0,0,car
MVI_20051,44,829,906,78,78,71,0.9103,0.1719,0.2378,1,71,2.84,0,0,0,0,car
MVI_20051,45,835,906,72,72,0,0.0,0.0,0.0,0,0,0.0,0,0,0,0,car
MVI_20051,46,895,906,12,12,0,0.0,0.0,0.0,0,0,0.0,0,0,0,0,car
MVI_20051,47,895,906,12,12,7,0.5833,0.1237,0.2292,1,7,0.28,0,0,0,0,car
MVI_20051,48,895,906,12,12,0,0.0,0.0,0.0,0,0,0.0,0,0,0,0,car
MVI_20051,49,901,906,6,6,0,0.0,0.0,0.0,0,0,0.0,0,0,0,0,car
MVI_20051,50,901,906,6,6,0,0.0,0.0,0.0,0,0,0.0,0,0,0,0,car
MVI_20051,51,1,906,906,906,120,0.1325,0.0312,0.1847,3,80,3.2,0,0,0,0,bus
MVI_20052,1,1,61,61,61,0,0.0,0.0,0.0,0,0,0.0,0,0,0,0,car
MVI_20052,2,1,81,81,81,0,0.0,0.0,0.0,0,0,0.0,0,0,0,0,car
MVI_20052,3,1,103,103,103,0,0.0,0.0,0.0,0,0,0.0,0,0,0,0,car
MVI_20052,4,1,694,694,694,0,0.0,0.0,0.0,0,0,0.0,0,0,0,0,car
MVI_20052,5,1,115,115,115,0,0.0,0.0,0.0,0,0,0.0,0,0,0,0,car
MVI_20052,6,1,139,139,139,0,0.0,0.0,0.0,0,0,0.0,0,0,0,0,car
MVI_20052,7,1,193,193,193,0,0.0,0.0,0.0,0,0,0.0,0,0,0,0,car
MVI_20052,8,1,319,319,319,78,0.2445,0.0851,0.5161,1,78,3.12,0,0,0,0,car
MVI_20052,9,1,139,139,139,0,0.0,0.0,0.0,0,0,0.0,0,0,0,0,car
MVI_20052,10,1,139,139,139,31,0.223,0.0412,0.2261,1,31,1.24,0,0,0,0,car
MVI_20052,11,1,139,139,139,0,0.0,0.0,0.0,0,0,0.0,0,0,0,0,car
MVI_20052,12,1,109,109,109,43,0.3945,0.0729,0.2428,1,43,1.72,0,0,0,0,car
MVI_20052,13,1,103,103,103,11,0.1068,0.0351,0.4054,1,11,0.44,0,0,0,0,car
MVI_20052,14,19,169,151,151,51,0.3377,0.1068,0.4858,1,51,2.04,0,0,0,0,car
MVI_20052,15,25,251,227,227,41,0.1806,0.0466,0.3321,1,41,1.64,0,0,0,0,van
MVI_20052,16,37,199,163,163,0,0.0,0.0,0.0,0,0,0.0,0,0,0,0,car
MVI_20052,17,91,259,169,169,0,0.0,0.0,0.0,0,0,0.0,0,0,0,0,car
MVI_20052,18,97,229,133,133,0,0.0,0.0,0.0,0,0,0.0,0,0,0,0,car
MVI_20052,19,97,259,163,163,0,0.0,0.0,0.0,0,0,0.0,0,0,0,0,car
MVI_20052,20,103,415,313,313,76,0.2428,0.0655,0.3661,1,76,3.04,0,0,0,0,car
MVI_20052,21,115,349,235,235,0,0.0,0.0,0.0,0,0,0.0,0,0,0,0,car
MVI_20052,22,139,259,121,121,0,0.0,0.0,0.0,0,0,0.0,0,0,0,0,car
MVI_20052,23,181,397,217,217,31,0.1429,0.0443,0.343,1,31,1.24,0,0,0,0,car
MVI_20052,24,181,463,283,283,103,0.364,0.0612,0.223,2,96,3.84,0,0,0,0,car
MVI_20052,25,223,343,121,121,52,0.4298,0.1324,0.5257,1,52,2.08,0,0,0,0,car
MVI_20052,26,223,373,151,151,0,0.0,0.0,0.0,0,0,0.0,0,0,0,0,car
MVI_20052,27,247,421,175,175,41,0.2343,0.0741,0.4246,1,41,1.64,0,0,0,0,car
MVI_20052,28,247,511,265,265,61,0.2302,0.0419,0.3169,1,61,2.44,0,0,0,0,van
MVI_20052,29,253,373,121,121,0,0.0,0.0,0.0,0,0,0.0,0,0,0,0,van
MVI_20052,30,259,694,436,436,282,0.6468,0.2406,0.499,1,282,11.28,0,0,0,0,car
MVI_20052,31,265,409,145,145,61,0.4207,0.0658,0.2022,1,61,2.44,0,0,0,0,car
MVI_20052,32,283,439,157,157,0,0.0,0.0,0.0,0,0,0.0,0,0,0,0,car
MVI_20052,33,319,439,121,121,0,0.0,0.0,0.0,0,0,0.0,0,0,0,0,car
MVI_20052,34,343,547,205,205,169,0.8244,0.2239,0.507,1,169,6.76,0,0,0,0,car
MVI_20052,35,349,481,133,133,0,0.0,0.0,0.0,0,0,0.0,0,0,0,0,car
MVI_20052,36,379,457,79,79,0,0.0,0.0,0.0,0,0,0.0,0,0,0,0,car
MVI_20052,37,385,625,241,241,0,0.0,0.0034,0.0966,0,0,0.0,0,0,0,0,car
MVI_20052,38,391,595,205,205,0,0.0,0.0,0.0,0,0,0.0,0,0,0,0,car
MVI_20052,39,427,625,199,199,31,0.1558,0.0452,0.357,1,31,1.24,0,0,0,0,car
MVI_20052,40,487,631,145,145,33,0.2276,0.0406,0.2251,1,33,1.32,0,0,0,0,car
MVI_20052,41,493,679,187,187,0,0.0,0.0,0.0,0,0,0.0,0,0,0,0,car
MVI_20052,42,625,694,70,70,0,0.0,0.0,0.0,0,0,0.0,0,0,0,0,van
MVI_20052,43,1,694,694,694,247,0.3559,0.0783,0.2271,5,103,4.12,0,0,0,0,bus
MVI_20061,1,1,55,55,55,0,0.0,0.0,0.0,0,0,0.0,0,0,0,0,car
MVI_20061,2,1,73,73,73,0,0.0,0.0,0.0,0,0,0.0,0,0,0,0,car
MVI_20061,3,1,151,151,151,0,0.0,0.0,0.0,0,0,0.0,0,0,0,0,van
MVI_20061,4,1,157,157,157,0,0.0,0.0,0.0,0,0,0.0,0,0,0,0,car
MVI_20061,5,1,229,229,229,0,0.0,0.0,0.0,0,0,0.0,0,0,0,0,van
MVI_20061,6,1,199,199,199,0,0.0,0.0,0.0,0,0,0.0,0,0,0,0,car
MVI_20061,7,1,457,457,457,370,0.8096,0.3522,0.7527,2,251,10.04,0,0,0,0,car
MVI_20061,8,1,229,229,229,129,0.5633,0.148,0.5349,2,65,2.6,0,0,0,0,car
MVI_20061,9,1,247,247,247,42,0.17,0.0401,0.2866,2,39,1.56,0,0,0,0,car
MVI_20061,10,1,295,295,295,120,0.4068,0.2094,0.6934,1,120,4.8,0,0,0,0,car
MVI_20061,11,1,181,181,181,159,0.8785,0.2962,0.5394,2,111,4.44,0,0,0,0,car
MVI_20061,12,1,229,229,229,149,0.6507,0.1452,0.3153,2,128,5.12,0,0,0,0,car
MVI_20061,13,1,79,79,79,59,0.7468,0.2682,0.5079,1,59,2.36,0,0,0,0,car
MVI_20061,14,1,151,151,151,81,0.5364,0.1409,0.3546,1,81,3.24,0,0,0,0,van
MVI_20061,15,1,127,127,127,127,1.0,0.4684,0.552,1,127,5.08,0,0,0,0,car
MVI_20061,16,1,61,61,61,31,0.5082,0.1432,0.335,1,31,1.24,0,0,0,0,car
MVI_20061,17,1,61,61,61,61,1.0,0.5391,0.628,1,61,2.44,0,0,0,0,car
MVI_20061,18,7,427,421,421,0,0.0,0.0,0.0,0,0,0.0,0,0,0,0,car
MVI_20061,19,25,259,235,235,0,0.0,0.0,0.0,0,0,0.0,0,0,0,0,car
MVI_20061,20,49,301,253,253,0,0.0,0.0,0.0,0,0,0.0,0,0,0,0,car
MVI_20061,22,103,331,229,229,11,0.048,0.0064,0.1399,1,11,0.44,0,0,0,0,car
MVI_20061,23,121,361,241,241,0,0.0,0.0,0.0,0,0,0.0,0,0,0,0,car
MVI_20061,24,139,409,271,271,0,0.0,0.0,0.0,0,0,0.0,0,0,0,0,car
MVI_20061,25,169,421,253,253,171,0.6759,0.2352,0.456,1,171,6.84,0,0,0,0,car
MVI_20061,26,211,595,385,385,0,0.0,0.0,0.0,0,0,0.0,0,0,0,0,car
MVI_20061,28,259,463,205,205,0,0.0,0.0,0.0,0,0,0.0,0,0,0,0,car
MVI_20061,29,289,517,229,229,0,0.0,0.0,0.0,0,0,0.0,0,0,0,0,car
MVI_20061,30,307,505,199,199,0,0.0,0.0,0.0,0,0,0.0,0,0,0,0,car
MVI_20061,31,313,511,199,199,0,0.0,0.0,0.0,0,0,0.0,0,0,0,0,car
MVI_20061,32,361,577,217,217,0,0.0,0.0,0.0,0,0,0.0,0,0,0,0,van
MVI_20061,33,397,625,229,229,0,0.0,0.0,0.0,0,0,0.0,0,0,0,0,van
MVI_20061,34,451,661,211,211,51,0.2417,0.0689,0.4623,1,51,2.04,0,0,0,0,car
MVI_20061,35,469,667,199,199,0,0.0,0.0,0.0,0,0,0.0,0,0,0,0,car
MVI_20061,36,481,751,271,271,0,0.0,0.0006,0.0843,0,0,0.0,0,0,0,0,car
MVI_20061,38,553,727,175,175,0,0.0,0.0,0.0,0,0,0.0,0,0,0,0,car
MVI_20061,39,583,800,218,218,0,0.0,0.0,0.0,0,0,0.0,0,0,0,0,car
MVI_20061,40,613,800,188,188,0,0.0,0.0,0.0,0,0,0.0,0,0,0,0,car
MVI_20061,41,649,800,152,152,0,0.0,0.0,0.0,0,0,0.0,0,0,0,0,car
MVI_20061,42,667,800,134,134,0,0.0,0.0,0.0,0,0,0.0,0,0,0,0,car
MVI_20061,43,703,800,98,98,0,0.0,0.0,0.0,0,0,0.0,0,0,0,0,car
MVI_20061,44,715,800,86,86,0,0.0,0.0,0.0,0,0,0.0,0,0,0,0,car
MVI_20061,45,751,800,50,50,0,0.0,0.0,0.0,0,0,0.0,0,0,0,0,van
MVI_20061,46,757,800,44,44,0,0.0,0.0,0.0,0,0,0.0,0,0,0,0,car
MVI_20061,47,793,800,8,8,0,0.0,0.0,0.0,0,0,0.0,0,0,0,0,van
MVI_20061,48,799,800,2,2,0,0.0,0.0,0.0,0,0,0.0,0,0,0,0,car
MVI_20061,49,31,351,321,321,93,0.2897,0.0652,0.1469,3,56,2.24,0,0,0,0,bus
MVI_20061,50,161,501,341,341,0,0.0,0.0,0.0,0,0,0.0,0,0,0,0,bus
MVI_20061,51,441,651,211,211,0,0.0,0.0,0.0,0,0,0.0,0,0,0,0,bus
MVI_20062,1,1,19,19,19,0,0.0,0.0,0.0,0,0,0.0,0,0,0,0,car
MVI_20062,2,1,13,13,13,0,0.0,0.0,0.0,0,0,0.0,0,0,0,0,car
MVI_20062,3,1,61,61,61,0,0.0,0.0,0.0,0,0,0.0,0,0,0,0,car
MVI_20062,4,1,97,97,97,0,0.0,0.0,0.0,0,0,0.0,0,0,0,0,car
MVI_20062,5,1,115,115,115,0,0.0,0.0,0.0,0,0,0.0,0,0,0,0,car
MVI_20062,6,1,175,175,175,0,0.0,0.0,0.0,0,0,0.0,0,0,0,0,car
MVI_20062,7,1,193,193,193,0,0.0,0.0,0.0,0,0,0.0,0,0,0,0,van
MVI_20062,8,1,133,133,133,0,0.0,0.0,0.0,0,0,0.0,0,0,0,0,van
MVI_20062,9,1,235,235,235,0,0.0,0.0,0.0,0,0,0.0,0,0,0,0,car
MVI_20062,10,91,295,205,205,0,0.0,0.0,0.0,0,0,0.0,0,0,0,0,car
MVI_20062,11,97,235,139,139,0,0.0,0.0,0.0,0,0,0.0,0,0,0,0,car
MVI_20062,12,2,235,234,234,161,0.688,0.467,1.0,1,161,6.44,3,35,0,0,car
MVI_20062,13,181,367,187,187,0,0.0,0.0,0.0,0,0,0.0,0,0,0,0,car
MVI_20062,14,199,379,181,181,0,0.0,0.0,0.0,0,0,0.0,0,0,0,0,car
MVI_20062,15,241,493,253,253,0,0.0,0.0,0.0,0,0,0.0,0,0,0,0,car
MVI_20062,16,283,433,151,151,0,0.0,0.0,0.0,0,0,0.0,0,0,0,0,van
MVI_20062,17,283,469,187,187,0,0.0,0.0,0.0,0,0,0.0,0,0,0,0,others
MVI_20062,19,301,529,229,229,131,0.5721,0.1743,0.4031,1,131,5.24,0,0,0,0,car
MVI_20062,20,337,457,121,121,0,0.0,0.0,0.0,0,0,0.0,0,0,0,0,car
MVI_20062,21,355,553,199,199,129,0.6482,0.1522,0.3576,1,129,5.16,0,0,0,0,car
MVI_20062,22,451,631,181,181,0,0.0,0.0,0.0,0,0,0.0,0,0,0,0,car
MVI_20062,23,499,631,133,133,0,0.0,0.0,0.0,0,0,0.0,0,0,0,0,car
MVI_20062,24,505,625,121,121,21,0.1736,0.0519,0.3948,1,21,0.84,0,0,0,0,car
MVI_20062,25,553,800,248,248,81,0.3266,0.1308,0.6009,1,83,3.32,0,0,0,0,van
MVI_20062,26,700,800,101,101,79,0.7822,0.421,0.6986,1,79,3.16,0,0,0,0,car
MVI_20062,27,751,800,50,50,0,0.0,0.0,0.0,0,0,0.0,0,0,0,0,car
MVI_20062,28,300,800,501,501,0,0.0,0.0,0.0,0,0,0.0,0,0,0,0,bus
MVI_20063,2,1,129,129,129,0,0.0,0.0,0.0,0,0,0.0,0,0,0,0,car
MVI_20063,3,1,211,211,211,0,0.0,0.0,0.0,0,0,0.0,0,0,0,0,car
MVI_20063,4,21,391,371,371,5,0.0135,0.0034,0.1148,1,5,0.2,0,0,0,0,van
MVI_20063,5,91,331,241,241,0,0.0,0.0,0.0,0,0,0.0,0,0,0,0,car
MVI_20063,6,141,401,261,261,0,0.0,0.0,0.0,0,0,0.0,0,0,0,0,car
MVI_20063,7,231,481,251,251,192,0.7649,0.2449,0.5956,2,117,4.68,0,0,0,0,car
MVI_20063,8,231,491,261,261,0,0.0,0.0,0.0,0,0,0.0,0,0,0,0,car
MVI_20063,9,271,491,221,221,0,0.0,0.0,0.0,0,0,0.0,0,0,0,0,car
MVI_20063,10,321,541,221,221,8,0.0362,0.0069,0.2127,1,8,0.32,0,0,0,0,car
MVI_20063,11,361,701,341,341,44,0.129,0.0244,0.2696,2,41,1.64,0,0,0,0,van
MVI_20063,12,381,701,321,321,285,0.8879,0.3239,0.7625,2,198,7.92,0,0,0,0,car
MVI_20063,13,380,534,155,155,60,0.3871,0.2187,1.0,1,60,2.4,1,11,0,0,car
MVI_20063,14,441,791,351,351,83,0.2365,0.0635,0.3772,1,83,3.32,0,0,0,0,car
MVI_20063,15,451,791,341,341,1,0.0029,0.0006,0.1108,0,0,0.0,0,0,0,0,car
MVI_20063,16,461,791,331,331,81,0.2447,0.0702,0.4104,1,81,3.24,0,0,0,0,car
MVI_20063,17,511,791,281,281,0,0.0,0.0,0.0,0,0,0.0,0,0,0,0,car
MVI_20063,18,571,791,221,221,191,0.8643,0.4203,0.6311,1,191,7.64,0,0,0,0,car
MVI_20063,19,581,791,211,211,0,0.0,0.0,0.0,0,0,0.0,0,0,0,0,car
MVI_20063,20,591,800,210,210,0,0.0,0.0,0.0,0,0,0.0,0,0,0,0,car
MVI_20063,21,651,800,150,150,0,0.0,0.0,0.0,0,0,0.0,0,0,0,0,car
MVI_20063,22,681,800,120,120,110,0.9167,0.1916,0.2943,1,110,4.4,0,0,0,0,others
MVI_20063,23,661,800,140,140,9,0.0643,0.014,0.1331,1,9,0.36,0,0,0,0,car
MVI_20063,24,701,800,100,100,0,0.0,0.0,0.0,0,0,0.0,0,0,0,0,car
MVI_20063,25,741,800,60,60,0,0.0,0.0,0.0,0,0,0.0,0,0,0,0,car
MVI_20063,26,761,800,40,40,0,0.0,0.0,0.0,0,0,0.0,0,0,0,0,car
MVI_20063,27,761,791,31,31,31,1.0,0.3631,0.484,1,31,1.24,0,0,0,0,car
MVI_20063,28,771,800,30,30,0,0.0,0.0,0.0,0,0,0.0,0,0,0,0,car
MVI_20063,29,781,800,20,20,0,0.0,0.0,0.0,0,0,0.0,0,0,0,0,car
MVI_20063,30,1,771,771,771,0,0.0,0.0,0.0,0,0,0.0,0,0,0,0,bus
MVI_20064,1,1,163,163,163,0,0.0,0.0,0.0,0,0,0.0,0,0,0,0,car
MVI_20064,2,1,331,331,331,0,0.0,0.0,0.0,0,0,0.0,0,0,0,0,car
MVI_20064,3,1,265,265,265,0,0.0,0.0,0.0,0,0,0.0,0,0,0,0,car
MVI_20064,4,1,145,145,145,7,0.0483,0.0165,0.1286,1,7,0.28,0,0,0,0,van
MVI_20064,5,1,310,310,310,0,0.0,0.0,0.0,0,0,0.0,0,0,0,0,car
MVI_20064,6,1,109,109,109,0,0.0,0.0,0.0,0,0,0.0,0,0,0,0,car
MVI_20064,7,1,235,235,235,78,0.3319,0.0835,0.3979,4,50,2.0,0,0,0,0,car
MVI_20064,8,1,277,277,277,0,0.0,0.0,0.0,0,0,0.0,0,0,0,0,car
MVI_20064,9,1,127,127,127,86,0.6772,0.2842,0.589,1,86,3.44,0,0,0,0,car
MVI_20064,10,1,235,235,235,35,0.1489,0.033,0.2203,1,35,1.4,0,0,0,0,car
MVI_20064,11,1,139,139,139,36,0.259,0.0815,0.455,1,36,1.44,0,0,0,0,car
MVI_20064,12,1,139,139,139,0,0.0,0.0,0.0,0,0,0.0,0,0,0,0,car
MVI_20064,13,1,109,109,109,0,0.0,0.0,0.0,0,0,0.0,0,0,0,0,car
MVI_20064,14,1,19,19,19,9,0.4737,0.1507,0.3799,1,9,0.36,0,0,0,0,car
MVI_20064,15,31,379,349,349,3,0.0086,0.0015,0.1266,1,3,0.12,0,0,0,0,car
MVI_20064,16,67,355,289,289,119,0.4118,0.1258,0.4377,3,77,3.08,0,0,0,0,car
MVI_20064,17,97,379,283,283,0,0.0,0.0,0.0,0,0,0.0,0,0,0,0,car
MVI_20064,18,103,775,673,673,529,0.786,0.2363,0.4965,3,372,14.88,0,0,0,0,car
MVI_20064,19,109,433,325,325,101,0.3108,0.0673,0.3583,5,45,1.8,0,0,0,0,car
MVI_20064,20,157,800,644,644,32,0.0497,0.0111,0.1837,2,29,1.16,0,0,0,0,car
MVI_20064,21,145,511,367,367,0,0.0,0.0,0.0,0,0,0.0,0,0,0,0,car
MVI_20064,22,151,800,650,650,110,0.1692,0.0366,0.3222,4,75,3.0,0,0,0,0,car
MVI_20064,23,151,493,343,343,0,0.0,0.0,0.0,0,0,0.0,0,0,0,0,car
MVI_20064,24,241,691,451,451,287,0.6364,0.1533,0.615,7,90,3.6,0,0,0,0,car
MVI_20064,25,253,757,505,505,203,0.402,0.1545,0.8333,5,118,4.72,0,0,0,0,car
MVI_20064,26,295,637,343,343,147,0.4286,0.1784,0.8152,1,148,5.92,0,0,0,0,car
MVI_20064,27,301,685,385,385,0,0.0,0.0,0.0,0,0,0.0,0,0,0,0,car
MVI_20064,28,319,763,445,445,186,0.418,0.1127,0.5144,3,135,5.4,0,0,0,0,car
MVI_20064,29,361,800,440,440,276,0.6273,0.167,0.5125,9,111,4.44,0,0,0,0,car
MVI_20064,30,373,800,428,428,321,0.75,0.2574,0.8856,6,132,5.28,0,0,0,0,car
MVI_20064,31,379,673,295,295,62,0.2102,0.0455,0.3005,5,37,1.48,0,0,0,0,car
MVI_20064,32,379,800,422,422,0,0.0,0.0,0.0,0,0,0.0,0,0,0,0,car
MVI_20064,33,379,661,283,283,0,0.0,0.0,0.0,0,0,0.0,0,0,0,0,car
MVI_20064,34,421,800,380,380,236,0.6211,0.1906,0.6855,3,112,4.48,0,0,0,0,car
MVI_20064,35,427,800,374,374,215,0.5749,0.1877,0.5229,3,200,8.0,0,0,0,0,car
MVI_20064,36,451,697,247,247,0,0.0,0.0,0.0,0,0,0.0,0,0,0,0,car
MVI_20064,38,469,800,332,332,83,0.25,0.0713,0.448,3,40,1.6,0,0,0,0,car
MVI_20064,39,481,800,320,320,307,0.9594,0.3979,1.0,1,307,12.28,1,8,0,0,van
MVI_20064,40,505,745,241,241,1,0.0041,0.0012,0.1176,0,0,0.0,0,0,0,0,car
MVI_20064,41,565,800,236,236,0,0.0,0.0,0.0,0,0,0.0,0,0,0,0,car
MVI_20064,42,607,800,194,194,0,0.0,0.0,0.0,0,0,0.0,0,0,0,0,car
MVI_20064,43,607,800,194,194,41,0.2113,0.0714,0.5381,1,42,1.68,0,0,0,0,car
MVI_20064,44,613,800,188,188,0,0.0,0.0,0.0,0,0,0.0,0,0,0,0,car
MVI_20064,45,655,800,146,146,90,0.6164,0.2463,0.5638,1,91,3.64,0,0,0,0,car
MVI_20064,46,679,800,122,122,0,0.0,0.0,0.0,0,0,0.0,0,0,0,0,car
MVI_20064,47,667,800,134,134,44,0.3284,0.0568,0.1334,1,44,1.76,0,0,0,0,car
MVI_20064,48,667,800,134,134,0,0.0,0.0,0.0,0,0,0.0,0,0,0,0,car
MVI_20064,49,685,800,116,116,0,0.0,0.0,0.0,0,0,0.0,0,0,0,0,car
MVI_20064,50,739,800,62,62,0,0.0,0.0,0.0,0,0,0.0,0,0,0,0,car
MVI_20064,51,560,800,241,241,0,0.0,0.0,0.0,0,0,0.0,0,0,0,0,bus
MVI_20065,2,1,103,103,103,0,0.0,0.0,0.0,0,0,0.0,0,0,0,0,car
MVI_20065,3,1,73,73,73,0,0.0,0.0,0.0,0,0,0.0,0,0,0,0,car
MVI_20065,4,1,187,187,187,0,0.0,0.0,0.0,0,0,0.0,0,0,0,0,car
MVI_20065,5,1,151,151,151,0,0.0,0.0,0.0,0,0,0.0,0,0,0,0,car
MVI_20065,6,1,97,97,97,97,1.0,0.3202,0.65,1,97,3.88,0,0,0,0,car
MVI_20065,7,1,97,97,97,0,0.0,0.0,0.0,0,0,0.0,0,0,0,0,car
MVI_20065,8,37,223,187,187,0,0.0,0.0,0.0,0,0,0.0,0,0,0,0,car
MVI_20065,9,55,283,229,229,0,0.0,0.0,0.0,0,0,0.0,0,0,0,0,car
MVI_20065,10,55,373,319,319,0,0.0,0.0,0.0,0,0,0.0,0,0,0,0,car
MVI_20065,11,55,259,205,205,0,0.0,0.0,0.0,0,0,0.0,0,0,0,0,car
MVI_20065,12,97,175,79,79,21,0.2658,0.1059,0.6322,1,21,0.84,0,0,0,0,car
MVI_20065,13,97,283,187,187,0,0.0,0.0,0.0,0,0,0.0,0,0,0,0,car
MVI_20065,14,103,403,301,301,55,0.1827,0.0564,0.3342,1,55,2.2,0,0,0,0,car
MVI_20065,15,103,445,343,343,206,0.6006,0.1449,0.4403,3,148,5.92,0,0,0,0,van
MVI_20065,16,103,314,212,212,11,0.0519,0.0084,0.1641,1,11,0.44,0,0,0,0,car
MVI_20065,17,139,295,157,157,30,0.1911,0.0548,0.3423,1,30,1.2,0,0,0,0,car
MVI_20065,18,151,475,325,325,176,0.5415,0.0996,0.2934,4,99,3.96,0,0,0,0,car
MVI_20065,19,151,343,193,193,11,0.057,0.0167,0.2832,1,11,0.44,0,0,0,0,car
MVI_20065,20,169,511,343,343,200,0.5831,0.1208,0.3735,2,181,7.24,0,0,0,0,car
MVI_20065,21,169,398,230,230,81,0.3522,0.1084,0.4825,1,81,3.24,0,0,0,0,van
MVI_20065,22,187,325,139,139,0,0.0,0.0,0.0,0,0,0.0,0,0,0,0,car
MVI_20065,23,211,440,230,230,29,0.1261,0.0197,0.1409,1,29,1.16,0,0,0,0,car
MVI_20065,24,211,373,163,163,23,0.1411,0.0236,0.1254,1,23,0.92,0,0,0,0,car
MVI_20065,25,229,391,163,163,0,0.0,0.0,0.0,0,0,0.0,0,0,0,0,car
MVI_20065,26,229,476,248,248,167,0.6734,0.2479,0.5887,1,167,6.68,0,0,0,0,car
MVI_20065,27,271,607,337,337,0,0.0,0.0,0.0,0,0,0.0,0,0,0,0,car
MVI_20065,28,277,433,157,157,31,0.1975,0.0404,0.2265,1,31,1.24,0,0,0,0,car
MVI_20065,29,301,499,199,199,0,0.0,0.0,0.0,0,0,0.0,0,0,0,0,car
MVI_20065,30,307,475,169,169,53,0.3136,0.0846,0.436,2,31,1.24,0,0,0,0,car
MVI_20065,31,325,541,217,217,0,0.0,0.0,0.0,0,0,0.0,0,0,0,0,car
MVI_20065,32,325,649,325,325,55,0.1692,0.0317,0.1776,2,52,2.08,0,0,0,0,van
MVI_20065,33,343,541,199,199,0,0.0,0.0,0.0,0,0,0.0,0,0,0,0,car
MVI_20065,34,349,632,284,284,6,0.0211,0.0038,0.1109,1,6,0.24,0,0,0,0,car
MVI_20065,35,373,541,169,169,0,0.0,0.0,0.0,0,0,0.0,0,0,0,0,car
MVI_20065,36,385,721,337,337,0,0.0,0.0,0.0,0,0,0.0,0,0,0,0,car
MVI_20065,37,415,589,175,175,41,0.2343,0.0705,0.3638,1,41,1.64,0,0,0,0,car
MVI_20065,38,427,589,163,163,155,0.9509,0.3771,0.5146,1,155,6.2,0,0,0,0,car
MVI_20065,39,427,619,193,193,89,0.4611,0.1511,0.4956,1,89,3.56,0,0,0,0,car
MVI_20065,40,475,643,169,169,14,0.0828,0.0163,0.219,1,14,0.56,0,0,0,0,car
MVI_20065,41,475,679,205,205,44,0.2146,0.0426,0.2452,1,44,1.76,0,0,0,0,car
MVI_20065,42,481,733,253,253,21,0.083,0.0167,0.2296,1,21,0.84,0,0,0,0,car
MVI_20065,44,487,745,259,259,0,0.0,0.0,0.0,0,0,0.0,0,0,0,0,car
MVI_20065,45,511,793,283,283,0,0.0,0.0,0.0,0,0,0.0,0,0,0,0,car
MVI_20065,46,523,781,259,259,11,0.0425,0.0075,0.1788,2,8,0.32,0,0,0,0,car
MVI_20065,47,529,691,163,163,0,0.0,0.0,0.0,0,0,0.0,0,0,0,0,car
MVI_20065,48,537,691,155,155,111,0.7161,0.2096,0.5154,1,111,4.44,0,0,0,0,car
MVI_20065,49,577,841,265,265,71,0.2679,0.0491,0.2791,1,71,2.84,0,0,0,0,car
MVI_20065,50,577,769,193,193,0,0.0,0.0,0.0,0,0,0.0,0,0,0,0,car
MVI_20065,51,583,727,145,145,0,0.0,0.0,0.0,0,0,0.0,0,0,0,0,car
MVI_20065,52,589,781,193,193,120,0.6218,0.1238,0.2551,1,120,4.8,0,0,0,0,car
MVI_20065,53,619,829,211,211,128,0.6066,0.1079,0.257,3,98,3.92,0,0,0,0,car
MVI_20065,54,619,877,259,259,84,0.3243,0.068,0.3546,2,80,3.2,0,0,0,0,van
MVI_20065,55,631,859,229,229,16,0.0699,0.0348,0.6392,1,16,0.64,0,0,0,0,car
MVI_20065,56,649,925,277,277,103,0.3718,0.1267,0.5396,3,88,3.52,0,0,0,0,car
MVI_20065,57,666,829,164,164,1,0.0061,0.0018,0.1216,0,0,0.0,0,0,0,0,car
MVI_20065,58,673,829,157,157,0,0.0,0.0,0.0,0,0,0.0,0,0,0,0,car
MVI_20065,59,685,1200,516,516,166,0.3217,0.1008,0.7634,1,166,6.64,0,0,0,0,car
MVI_20065,60,685,1027,343,343,0,0.0,0.0,0.0,0,0,0.0,0,0,0,0,van
MVI_20065,61,685,872,188,188,0,0.0,0.0,0.0,0,0,0.0,0,0,0,0,car
MVI_20065,62,715,913,199,199,0,0.0,0.0,0.0,0,0,0.0,0,0,0,0,van
MVI_20065,63,715,973,259,259,141,0.5444,0.1976,0.6562,2,102,4.08,0,0,0,0,car
MVI_20065,64,757,1063,307,307,233,0.759,0.2691,0.5037,1,233,9.32,0,0,0,0,car
MVI_20065,65,763,949,187,187,0,0.0,0.0,0.0,0,0,0.0,0,0,0,0,car
MVI_20065,66,769,967,199,199,0,0.0,0.0,0.0,0,0,0.0,0,0,0,0,car
MVI_20065,67,817,1200,384,384,65,0.1693,0.0255,0.1741,4,22,0.88,0,0,0,0,car
MVI_20065,68,823,1021,199,199,0,0.0,0.0,0.0,0,0,0.0,0,0,0,0,car
MVI_20065,69,841,1051,211,211,0,0.0,0.0,0.0,0,0,0.0,0,0,0,0,car
MVI_20065,70,877,1165,289,289,211,0.7301,0.1706,0.5156,3,123,4.92,0,0,0,0,car
MVI_20065,71,913,1129,217,217,0,0.0,0.0,0.0,0,0,0.0,0,0,0,0,car
MVI_20065,72,913,1081,169,169,0,0.0,0.0,0.0,0,0,0.0,0,0,0,0,car
MVI_20065,73,937,1093,157,157,0,0.0,0.0,0.0,0,0,0.0,0,0,0,0,car
MVI_20065,74,979,1183,205,205,68,0.3317,0.0896,0.4489,3,41,1.64,0,0,0,0,car
MVI_20065,75,1021,1165,145,145,0,0.0,0.0,0.0,0,0,0.0,0,0,0,0,car
MVI_20065,77,1195,1200,6,6,0,0.0,0.0,0.0,0,0,0.0,0,0,0,0,car
MVI_20065,78,1,461,461,461,0,0.0,0.0,0.0,0,0,0.0,0,0,0,0,bus
MVI_20065,79,511,1200,690,690,0,0.0,0.0,0.0,0,0,0.0,0,0,0,0,bus
MVI_20065,80,1100,1200,101,101,0,0.0,0.0,0.0,0,0,0.0,0,0,0,0,bus
MVI_39761,1,1,76,76,76,0,0.0,0.0036,0.0632,0,0,0.0,0,0,0,0,car
MVI_39761,2,1,86,86,86,70,0.814,0.1729,0.2702,1,70,2.8,0,0,0,0,car
MVI_39761,3,1,86,86,86,0,0.0,0.0,0.0,0,0,0.0,0,0,0,0,car
MVI_39761,4,1,101,101,101,0,0.0,0.0,0.0,0,0,0.0,0,0,0,0,car
MVI_39761,5,1,71,71,71,0,0.0,0.0,0.0,0,0,0.0,0,0,0,0,car
MVI_39761,6,1,16,16,16,0,0.0,0.0,0.0,0,0,0.0,0,0,0,0,car
MVI_39761,7,46,201,156,156,0,0.0,0.0,0.0,0,0,0.0,0,0,0,0,car
MVI_39761,8,166,271,106,106,0,0.0,0.0,0.0,0,0,0.0,0,0,0,0,car
MVI_39761,9,196,286,91,91,0,0.0,0.0,0.0,0,0,0.0,0,0,0,0,car
MVI_39761,10,211,416,206,206,0,0.0,0.0,0.0,0,0,0.0,0,0,0,0,car
MVI_39761,11,221,316,96,96,0,0.0,0.0,0.0,0,0,0.0,0,0,0,0,car
MVI_39761,12,256,416,161,161,0,0.0,0.0,0.0,0,0,0.0,0,0,0,0,car
MVI_39761,13,321,416,96,96,0,0.0,0.0,0.0,0,0,0.0,0,0,0,0,car
MVI_39761,14,341,511,171,171,0,0.0,0.0,0.0,0,0,0.0,0,0,0,0,car
MVI_39761,15,356,541,186,186,0,0.0,0.0,0.0,0,0,0.0,0,0,0,0,bus
MVI_39761,16,611,786,176,176,0,0.0,0.0,0.0,0,0,0.0,0,0,0,0,car
MVI_39761,17,621,726,106,106,0,0.0,0.0,0.0,0,0,0.0,0,0,0,0,car
MVI_39761,18,626,731,106,106,0,0.0,0.0,0.0,0,0,0.0,0,0,0,0,car
MVI_39761,19,661,791,131,131,0,0.0,0.0,0.0,0,0,0.0,0,0,0,0,car
MVI_39761,20,691,806,116,116,0,0.0,0.0,0.0,0,0,0.0,0,0,0,0,car
MVI_39761,21,701,811,111,111,0,0.0,0.0,0.0,0,0,0.0,0,0,0,0,car
MVI_39761,22,796,896,101,101,0,0.0,0.0,0.0,0,0,0.0,0,0,0,0,car
MVI_39761,23,1081,1296,216,216,0,0.0,0.0,0.0,0,0,0.0,0,0,0,0,bus
MVI_39761,24,1381,1466,86,86,0,0.0,0.0,0.0,0,0,0.0,0,0,0,0,car
MVI_39761,25,1406,1516,111,111,0,0.0,0.0,0.0,0,0,0.0,0,0,0,0,car
MVI_39761,26,1411,1496,86,86,0,0.0,0.0,0.0,0,0,0.0,0,0,0,0,car
MVI_39761,27,1436,1531,96,96,0,0.0,0.0,0.0,0,0,0.0,0,0,0,0,car
MVI_39761,28,1471,1566,96,96,0,0.0,0.0,0.0,0,0,0.0,0,0,0,0,car
MVI_39761,29,1516,1641,126,126,0,0.0,0.0,0.0,0,0,0.0,0,0,0,0,car
MVI_39761,30,1531,1621,91,91,0,0.0,0.0,0.0,0,0,0.0,0,0,0,0,car
MVI_39761,31,1556,1651,96,96,0,0.0,0.0,0.0,0,0,0.0,0,0,0,0,car
MVI_39761,32,1641,1660,20,20,0,0.0,0.0,0.0,0,0,0.0,0,0,0,0,car
MVI_39761,33,1641,1660,20,20,0,0.0,0.0,0.0,0,0,0.0,0,0,0,0,car
MVI_39761,34,40,161,122,122,0,0.0,0.0,0.0,0,0,0.0,0,0,0,0,car
MVI_39771,1,1,21,21,21,0,0.0,0.0,0.0,0,0,0.0,0,0,0,0,car
MVI_39771,2,1,46,46,46,0,0.0,0.0,0.0,0,0,0.0,0,0,0,0,car
MVI_39771,3,1,61,61,61,0,0.0,0.0,0.0,0,0,0.0,0,0,0,0,car
MVI_39771,4,1,91,91,91,0,0.0,0.0,0.0,0,0,0.0,0,0,0,0,car
MVI_39771,5,1,136,136,136,0,0.0,0.0,0.0,0,0,0.0,0,0,0,0,car
MVI_39771,6,1,511,511,511,0,0.0,0.0,0.0,0,0,0.0,0,0,0,0,bus
MVI_39771,7,11,126,116,116,0,0.0,0.0,0.0,0,0,0.0,0,0,0,0,car
MVI_39771,8,11,136,126,126,0,0.0,0.0,0.0,0,0,0.0,0,0,0,0,car
MVI_39771,9,51,211,161,161,0,0.0,0.0,0.0,0,0,0.0,0,0,0,0,car
MVI_39771,10,86,246,161,161,0,0.0,0.0,0.0,0,0,0.0,0,0,0,0,van
MVI_39771,11,106,276,171,171,11,0.0643,0.0122,0.1373,1,11,0.44,0,0,0,0,car
MVI_39771,12,146,251,106,106,0,0.0,0.0,0.0,0,0,0.0,0,0,0,0,car
MVI_39771,13,156,296,141,141,0,0.0,0.0,0.0,0,0,0.0,0,0,0,0,car
MVI_39771,14,196,371,176,176,0,0.0,0.0,0.0,0,0,0.0,0,0,0,0,car
MVI_39771,15,231,386,156,156,0,0.0,0.0042,0.0902,0,0,0.0,0,0,0,0,car
MVI_39771,16,236,381,146,146,0,0.0,0.0,0.0,0,0,0.0,0,0,0,0,car
MVI_39771,17,246,436,191,191,0,0.0,0.0,0.0,0,0,0.0,0,0,0,0,car
MVI_39771,18,306,401,96,96,11,0.1146,0.0262,0.512,1,11,0.44,0,0,0,0,car
MVI_39771,19,336,526,191,191,0,0.0,0.0,0.0,0,0,0.0,0,0,0,0,car
MVI_39771,20,371,556,186,186,0,0.0,0.0,0.0,0,0,0.0,0,0,0,0,car
MVI_39771,21,391,570,180,180,0,0.0,0.0,0.0,0,0,0.0,0,0,0,0,car
MVI_39771,22,446,570,125,125,0,0.0,0.0,0.0,0,0,0.0,0,0,0,0,car
MVI_39771,23,461,570,110,110,0,0.0,0.0,0.0,0,0,0.0,0,0,0,0,car
MVI_39771,24,486,570,85,85,71,0.8353,0.1581,0.2529,3,56,2.24,0,0,0,0,car
MVI_39771,25,511,570,60,60,60,1.0,0.2061,0.326,1,60,2.4,0,0,0,0,car
MVI_39771,26,526,570,45,45,0,0.0,0.0,0.0,0,0,0.0,0,0,0,0,car
MVI_39771,27,561,570,10,10,0,0.0,0.0,0.0,0,0,0.0,0,0,0,0,car
MVI_39781,1,1,46,46,46,0,0.0,0.0,0.0,0,0,0.0,0,0,0,0,car
MVI_39781,2,1,106,106,106,0,0.0,0.0,0.0,0,0,0.0,0,0,0,0,car
MVI_39781,3,1,26,26,26,0,0.0,0.0,0.0,0,0,0.0,0,0,0,0,car
MVI_39781,4,71,161,91,91,0,0.0,0.0,0.0,0,0,0.0,0,0,0,0,car
MVI_39781,5,136,256,121,121,0,0.0,0.0,0.0,0,0,0.0,0,0,0,0,car
MVI_39781,6,141,226,86,86,0,0.0,0.0,0.0,0,0,0.0,0,0,0,0,car
MVI_39781,7,231,336,106,106,0,0.0,0.0,0.0,0,0,0.0,0,0,0,0,car
MVI_39781,8,341,446,106,106,0,0.0,0.0,0.0,0,0,0.0,0,0,0,0,car
MVI_39781,9,346,441,96,96,0,0.0,0.003,0.0483,0,0,0.0,0,0,0,0,car
MVI_39781,10,386,486,101,101,101,1.0,0.5276,0.688,1,101,4.04,0,0,0,0,car
MVI_39781,11,481,566,86,86,0,0.0,0.0,0.0,0,0,0.0,0,0,0,0,car
MVI_39781,12,556,656,101,101,34,0.3366,0.1243,0.493,1,34,1.36,0,0,0,0,car
MVI_39781,13,566,641,76,76,76,1.0,0.621,0.8249,1,76,3.04,0,0,0,0,car
MVI_39781,14,596,676,81,81,81,1.0,0.5626,0.7852,1,81,3.24,0,0,0,0,car
MVI_39781,15,611,701,91,91,0,0.0,0.0,0.0,0,0,0.0,0,0,0,0,car
MVI_39781,16,656,781,126,126,48,0.381,0.1475,0.5672,1,47,1.88,0,0,0,0,car
MVI_39781,17,671,761,91,91,0,0.0,0.0,0.0,0,0,0.0,0,0,0,0,van
MVI_39781,18,676,761,86,86,37,0.4302,0.1333,0.4223,1,37,1.48,0,0,0,0,car
MVI_39781,19,696,781,86,86,86,1.0,0.55,0.7627,1,86,3.44,0,0,0,0,car
MVI_39781,20,701,816,116,116,3,0.0259,0.0117,0.4929,1,3,0.12,0,0,0,0,car
MVI_39781,21,736,836,101,101,0,0.0,0.0047,0.0708,0,0,0.0,0,0,0,0,car
MVI_39781,22,761,876,116,116,0,0.0,0.0,0.0,0,0,0.0,0,0,0,0,car
MVI_39781,23,771,861,91,91,91,1.0,0.4445,0.7812,1,91,3.64,0,0,0,0,car
MVI_39781,24,791,896,106,106,0,0.0,0.0007,0.0137,0,0,0.0,0,0,0,0,car
MVI_39781,25,826,1346,521,521,0,0.0,0.0,0.0,0,0,0.0,0,0,0,0,bus
MVI_39781,26,836,936,101,101,18,0.1782,0.0515,0.4743,1,18,0.72,0,0,0,0,car
MVI_39781,27,851,961,111,111,0,0.0,0.0012,0.0306,0,0,0.0,0,0,0,0,car
MVI_39781,28,851,961,111,111,53,0.4775,0.16,0.4233,1,53,2.12,0,0,0,0,car
MVI_39781,29,896,1006,111,111,0,0.0,0.0067,0.0763,0,0,0.0,0,0,0,0,car
MVI_39781,30,906,1051,146,146,75,0.5137,0.309,1.0,1,75,3.0,1,16,0,0,car
MVI_39781,31,951,1066,116,116,116,1.0,0.5033,0.7698,1,116,4.64,0,0,0,0,car
MVI_39781,32,971,1081,111,111,0,0.0,0.0003,0.007,0,0,0.0,0,0,0,0,car
MVI_39781,33,986,1111,126,126,0,0.0,0.0,0.0,0,0,0.0,0,0,0,0,car
MVI_39781,34,991,1701,711,711,256,0.3601,0.1139,0.4662,1,256,10.24,0,0,0,0,bus
MVI_39781,35,1011,1131,121,121,121,1.0,0.451,0.774,1,121,4.84,0,0,0,0,car
MVI_39781,36,1011,1121,111,111,111,1.0,0.2711,0.3722,1,111,4.44,0,0,0,0,car
MVI_39781,37,1036,1161,126,126,66,0.5238,0.299,1.0,2,53,2.12,1,15,0,0,car
MVI_39781,38,1041,1601,561,561,77,0.1373,0.0488,0.6214,5,33,1.32,0,0,0,0,bus
MVI_39781,39,1066,1186,121,121,121,1.0,0.4359,0.7935,1,121,4.84,0,0,0,0,car
MVI_39781,40,1081,1186,106,106,6,0.0566,0.0154,0.1476,1,6,0.24,0,0,0,0,car
MVI_39781,41,1171,1865,695,695,72,0.1036,0.0273,0.5646,4,32,1.28,0,0,0,0,bus
MVI_39781,42,1181,1306,126,126,6,0.0476,0.0138,0.1632,1,6,0.24,0,0,0,0,car
MVI_39781,43,1276,1721,446,446,171,0.3834,0.134,0.6356,3,157,6.28,0,0,0,0,car
MVI_39781,44,1346,1436,91,91,0,0.0,0.0,0.0,0,0,0.0,0,0,0,0,car
MVI_39781,45,1416,1541,126,126,12,0.0952,0.0212,0.1916,1,12,0.48,0,0,0,0,car
MVI_39781,46,1436,1536,101,101,0,0.0,0.0,0.0,0,0,0.0,0,0,0,0,car
MVI_39781,47,1491,1711,221,221,0,0.0,0.0,0.0,0,0,0.0,0,0,0,0,others
MVI_39781,48,1506,1626,121,121,36,0.2975,0.2057,1.0,2,30,1.2,1,16,0,0,car
MVI_39781,49,1726,1865,140,140,9,0.0643,0.0138,0.1328,1,9,0.36,0,0,0,0,bus
MVI_39781,50,1836,1865,30,30,30,1.0,0.5004,0.7075,1,30,1.2,0,0,0,0,car
MVI_39801,1,1,26,26,26,0,0.0,0.0,0.0,0,0,0.0,0,0,0,0,car
MVI_39801,2,6,141,136,136,30,0.2206,0.0705,0.3991,2,19,0.76,0,0,0,0,car
MVI_39801,3,11,141,131,131,0,0.0,0.0,0.0,0,0,0.0,0,0,0,0,car
MVI_39801,4,56,186,131,131,32,0.2443,0.0826,0.445,2,22,0.88,0,0,0,0,car
MVI_39801,5,76,191,116,116,61,0.5259,0.1874,0.5611,1,61,2.44,0,0,0,0,car
MVI_39801,6,81,181,101,101,101,1.0,0.5989,0.9964,1,101,4.04,1,9,0,0,car
MVI_39801,7,106,221,116,116,34,0.2931,0.1262,1.0,1,34,1.36,2,2,0,0,car
MVI_39801,8,151,266,116,116,8,0.069,0.0108,0.1569,1,8,0.32,0,0,0,0,car
MVI_39801,9,231,326,96,96,23,0.2396,0.0771,0.4394,2,15,0.6,0,0,0,0,car
MVI_39801,10,246,351,106,106,8,0.0755,0.0134,0.188,1,8,0.32,0,0,0,0,car
MVI_39801,11,256,376,121,121,8,0.0661,0.0133,0.2083,1,8,0.32,0,0,0,0,car
MVI_39801,12,256,386,131,131,50,0.3817,0.1034,0.4405,3,29,1.16,0,0,0,0,car
MVI_39801,13,271,366,96,96,24,0.25,0.0728,0.3828,2,15,0.6,0,0,0,0,car
MVI_39801,14,296,391,96,96,96,1.0,0.679,1.0,1,96,3.84,1,8,0,0,car
MVI_39801,15,296,411,116,116,38,0.3276,0.1005,0.517,1,38,1.52,0,0,0,0,car
MVI_39801,16,311,411,101,101,26,0.2574,0.0637,0.3628,2,18,0.72,0,0,0,0,car
MVI_39801,17,316,431,116,116,55,0.4741,0.1219,0.3961,2,45,1.8,0,0,0,0,car
MVI_39801,18,321,546,226,226,25,0.1106,0.056,0.865,1,25,1.0,0,0,0,0,car
MVI_39801,19,326,441,116,116,19,0.1638,0.1004,0.9874,1,19,0.76,1,2,0,0,car
MVI_39801,20,361,471,111,111,34,0.3063,0.0793,0.3809,2,23,0.92,0,0,0,0,car
MVI_39801,21,381,501,121,121,12,0.0992,0.0595,0.988,1,12,0.48,1,2,0,0,car
MVI_39801,22,411,531,121,121,10,0.0826,0.0153,0.2119,1,10,0.4,0,0,0,0,car
MVI_39801,23,426,516,91,91,15,0.1648,0.0477,0.3779,2,8,0.32,0,0,0,0,car
MVI_39801,24,436,561,126,126,12,0.0952,0.0168,0.1843,1,12,0.48,0,0,0,0,car
MVI_39801,25,461,556,96,96,21,0.2188,0.0706,0.446,2,12,0.48,0,0,0,0,car
MVI_39801,26,491,621,131,131,38,0.2901,0.0902,0.401,2,26,1.04,0,0,0,0,car
MVI_39801,27,506,591,86,86,86,1.0,0.5236,0.9994,1,86,3.44,1,8,0,0,car
MVI_39801,28,516,651,136,136,10,0.0735,0.0124,0.1807,1,10,0.4,0,0,0,0,car
MVI_39801,29,526,651,126,126,98,0.7778,0.2334,0.449,2,89,3.56,0,0,0,0,car
MVI_39801,30,541,676,136,136,41,0.3015,0.1011,0.4763,2,28,1.12,0,0,0,0,car
MVI_39801,31,571,701,131,131,88,0.6718,0.1657,0.3779,2,76,3.04,0,0,0,0,car
MVI_39801,32,581,706,126,126,39,0.3095,0.0991,0.4394,2,27,1.08,0,0,0,0,car
MVI_39801,33,591,701,111,111,111,1.0,0.653,0.9992,1,111,4.44,1,12,0,0,car
MVI_39801,34,631,751,121,121,9,0.0744,0.0165,0.2304,1,9,0.36,0,0,0,0,car
MVI_39801,35,666,791,126,126,126,1.0,0.6669,1.0,1,126,5.04,1,13,0,0,car
MVI_39801,36,686,796,111,111,35,0.3153,0.0934,0.3915,2,23,0.92,0,0,0,0,car
MVI_39801,37,696,831,136,136,26,0.1912,0.0454,0.3343,2,17,0.68,0,0,0,0,car
MVI_39801,38,721,841,121,121,11,0.0909,0.0167,0.2176,1,11,0.44,0,0,0,0,car
MVI_39801,39,746,885,140,140,59,0.4214,0.1283,0.3807,2,49,1.96,0,0,0,0,car
MVI_39801,40,766,885,120,120,120,1.0,0.6248,0.9971,1,120,4.8,1,12,0,0,car
MVI_39801,41,806,885,80,80,24,0.3,0.0946,0.4351,2,17,0.68,0,0,0,0,car
MVI_39801,42,856,885,30,30,7,0.2333,0.0539,0.2652,1,7,0.28,0,0,0,0,car
MVI_39801,43,861,885,25,25,20,0.8,0.49,0.7531,1,20,0.8,0,0,0,0,others
MVI_39811,1,1,6,6,6,6,1.0,0.4921,0.5225,1,6,0.24,0,0,0,0,car
MVI_39811,2,1,51,51,51,51,1.0,0.6022,0.6871,1,51,2.04,0,0,0,0,car
MVI_39811,3,36,101,66,66,66,1.0,0.5176,1.0,1,66,2.64,1,8,0,0,car
MVI_39811,4,56,141,86,86,12,0.1395,0.0189,0.1629,1,12,0.48,0,0,0,0,car
MVI_39811,5,111,206,96,96,11,0.1146,0.0186,0.1691,1,11,0.44,0,0,0,0,car
MVI_39811,6,261,341,81,81,11,0.1358,0.0282,0.2805,1,11,0.44,0,0,0,0,car
MVI_39811,7,511,596,86,86,23,0.2674,0.0963,0.9404,1,22,0.88,1,2,0,0,car
MVI_39811,8,656,716,61,61,18,0.2951,0.1392,0.9739,1,18,0.72,1,2,0,0,car
MVI_39811,9,721,786,66,66,17,0.2576,0.1068,0.9697,1,17,0.68,1,2,0,0,car
MVI_39821,1,1,91,91,91,24,0.2637,0.0912,0.533,2,17,0.68,0,0,0,0,car
MVI_39821,2,1,61,61,61,2,0.0328,0.0057,0.2325,1,2,0.08,0,0,0,0,car
MVI_39821,3,1,41,41,41,7,0.1707,0.0643,0.7196,1,7,0.28,0,0,0,0,van
MVI_39821,4,66,176,111,111,27,0.2432,0.0662,0.5995,2,18,0.72,0,0,0,0,car
MVI_39821,5,101,261,161,161,3,0.0186,0.0033,0.2096,1,3,0.12,0,0,0,0,car
MVI_39821,6,111,226,116,116,28,0.2414,0.0535,0.2708,2,21,0.84,0,0,0,0,car
MVI_39821,7,136,306,171,171,7,0.0409,0.0096,0.3023,1,7,0.28,0,0,0,0,car
MVI_39821,8,146,266,121,121,27,0.2231,0.0617,0.4099,2,21,0.84,0,0,0,0,car
MVI_39821,9,181,306,126,126,33,0.2619,0.0696,0.432,2,25,1.0,0,0,0,0,car
MVI_39821,10,201,406,206,206,10,0.0485,0.0119,0.3678,1,10,0.4,0,0,0,0,van
MVI_39821,11,231,336,106,106,23,0.217,0.0499,0.3411,2,16,0.64,0,0,0,0,car
MVI_39821,12,316,491,176,176,9,0.0511,0.011,0.2723,1,9,0.36,0,0,0,0,car
MVI_39821,13,321,501,181,181,89,0.4917,0.0798,0.4237,2,52,2.08,0,0,0,0,bus
MVI_39821,14,391,526,136,136,26,0.1912,0.0616,0.4604,2,21,0.84,0,0,0,0,car
MVI_39821,15,461,606,146,146,27,0.1849,0.0861,0.9938,1,27,1.08,1,2,0,0,car
MVI_39821,16,471,606,136,136,36,0.2647,0.082,0.4452,2,27,1.08,0,0,0,0,car
MVI_39821,17,481,611,131,131,131,1.0,0.9564,1.0,1,131,5.24,3,65,0,0,van
MVI_39821,18,496,681,186,186,16,0.086,0.0679,0.9972,1,16,0.64,1,3,0,0,car
MVI_39821,19,526,646,121,121,26,0.2149,0.0618,0.3913,2,18,0.72,0,0,0,0,car
MVI_39821,20,536,666,131,131,36,0.2748,0.1136,0.6222,2,30,1.2,0,0,0,0,van
MVI_39821,21,586,726,141,141,32,0.227,0.0729,0.5024,2,24,0.96,0,0,0,0,car
MVI_39821,22,616,731,116,116,96,0.8276,0.4462,0.9974,1,98,3.92,1,8,0,0,car
MVI_39821,23,621,721,101,101,101,1.0,0.9675,1.0,1,101,4.04,1,101,0,0,car
MVI_39821,24,681,880,200,200,65,0.325,0.1002,0.5621,3,26,1.04,0,0,0,0,car
MVI_39821,25,696,861,166,166,38,0.2289,0.0648,0.4092,2,27,1.08,0,0,0,0,car
MVI_39821,26,701,836,136,136,38,0.2794,0.1058,0.9935,3,19,0.76,1,3,0,0,car
MVI_39821,27,736,880,145,145,41,0.2828,0.1424,0.9992,1,40,1.6,1,6,0,0,car
MVI_39821,28,741,880,140,140,24,0.1714,0.0412,0.2945,1,24,0.96,0,0,0,0,car
MVI_39821,29,766,880,115,115,49,0.4261,0.155,0.5937,1,49,1.96,0,0,0,0,car
MVI_39821,30,776,880,105,105,42,0.4,0.1439,0.9979,1,43,1.72,1,3,0,0,car
MVI_39821,31,781,880,100,100,24,0.24,0.0659,0.3311,1,24,0.96,0,0,0,0,van
MVI_39821,32,826,880,55,55,8,0.1455,0.0338,0.2982,1,8,0.32,0,0,0,0,car
MVI_39821,33,866,880,15,15,15,1.0,0.7864,0.9972,1,15,0.6,1,5,0,0,car
MVI_39821,34,876,880,5,5,5,1.0,0.351,0.4549,1,5,0.2,0,0,0,0,car
MVI_39851,1,1,6,6,6,0,0.0,0.0,0.0,0,0,0.0,0,0,0,0,car
MVI_39851,2,1,56,56,56,0,0.0,0.0,0.0,0,0,0.0,0,0,0,0,car
MVI_39851,3,1,6,6,6,0,0.0,0.0,0.0,0,0,0.0,0,0,0,0,car
MVI_39851,4,1,121,121,121,0,0.0,0.0,0.0,0,0,0.0,0,0,0,0,bus
MVI_39851,5,11,106,96,96,0,0.0,0.0,0.0,0,0,0.0,0,0,0,0,car
MVI_39851,6,46,161,116,116,0,0.0,0.0,0.0,0,0,0.0,0,0,0,0,car
MVI_39851,7,296,376,81,81,0,0.0,0.0,0.0,0,0,0.0,0,0,0,0,car
MVI_39851,8,341,411,71,71,0,0.0,0.0,0.0,0,0,0.0,0,0,0,0,car
MVI_39851,9,371,451,81,81,0,0.0,0.0,0.0,0,0,0.0,0,0,0,0,car
MVI_39851,10,396,476,81,81,0,0.0,0.0,0.0,0,0,0.0,0,0,0,0,car
MVI_39851,11,456,531,76,76,0,0.0,0.0,0.0,0,0,0.0,0,0,0,0,car
MVI_39851,12,496,621,126,126,0,0.0,0.0,0.0,0,0,0.0,0,0,0,0,car
MVI_39851,13,521,646,126,126,11,0.0873,0.0214,0.3183,1,11,0.44,0,0,0,0,car
MVI_39851,14,551,701,151,151,0,0.0,0.0,0.0,0,0,0.0,0,0,0,0,car
MVI_39851,15,566,686,121,121,0,0.0,0.0,0.0,0,0,0.0,0,0,0,0,car
MVI_39851,16,591,706,116,116,0,0.0,0.0,0.0,0,0,0.0,0,0,0,0,car
MVI_39851,17,646,781,136,136,0,0.0,0.0,0.0,0,0,0.0,0,0,0,0,car
MVI_39851,18,671,786,116,116,111,0.9569,0.2507,0.36,1,111,4.44,0,0,0,0,car
MVI_39851,19,686,796,111,111,0,0.0,0.0,0.0,0,0,0.0,0,0,0,0,van
MVI_39851,20,736,1391,656,656,17,0.0259,0.0046,0.1631,2,11,0.44,0,0,0,0,bus
MVI_39851,21,796,951,156,156,0,0.0,0.0,0.0,0,0,0.0,0,0,0,0,car
MVI_39851,22,851,1081,231,231,0,0.0,0.0,0.0,0,0,0.0,0,0,0,0,van
MVI_39851,23,886,1006,121,121,0,0.0,0.0,0.0,0,0,0.0,0,0,0,0,car
MVI_39851,24,896,1151,256,256,43,0.168,0.0296,0.2109,1,43,1.72,0,0,0,0,car
MVI_39851,25,971,1101,131,131,0,0.0,0.0,0.0,0,0,0.0,0,0,0,0,car
MVI_39851,26,1001,1136,136,136,0,0.0,0.0,0.0,0,0,0.0,0,0,0,0,car
MVI_39851,27,1021,1136,116,116,0,0.0,0.0,0.0,0,0,0.0,0,0,0,0,car
MVI_39851,28,1026,1191,166,166,0,0.0,0.0,0.0,0,0,0.0,0,0,0,0,car
MVI_39851,29,1076,1216,141,141,0,0.0,0.0,0.0,0,0,0.0,0,0,0,0,car
MVI_39851,30,1086,1201,116,116,0,0.0,0.0,0.0,0,0,0.0,0,0,0,0,car
MVI_39851,31,1096,1251,156,156,0,0.0,0.0,0.0,0,0,0.0,0,0,0,0,car
MVI_39851,32,1141,1420,280,280,75,0.2679,0.0751,0.4382,2,71,2.84,0,0,0,0,car
MVI_39851,33,1161,1420,260,260,0,0.0,0.0,0.0,0,0,0.0,0,0,0,0,car
MVI_39851,34,1216,1420,205,205,0,0.0,0.0,0.0,0,0,0.0,0,0,0,0,car
MVI_39851,35,1261,1420,160,160,97,0.6062,0.1088,0.2543,1,97,3.88,0,0,0,0,car
MVI_39851,36,1391,1420,30,30,0,0.0,0.0,0.0,0,0,0.0,0,0,0,0,car
MVI_39851,37,1406,1420,15,15,0,0.0,0.0,0.0,0,0,0.0,0,0,0,0,car
MVI_39861,1,1,241,241,241,99,0.4108,0.162,0.9624,2,73,2.92,1,8,0,0,car
MVI_39861,2,1,11,11,11,11,1.0,0.4339,0.6958,1,11,0.44,0,0,0,0,car
MVI_39861,3,1,96,96,96,96,1.0,0.6644,0.9581,1,96,3.84,2,5,0,0,bus
MVI_39861,4,1,71,71,71,71,1.0,0.6935,1.0,1,71,2.84,2,24,0,0,car
MVI_39861,5,76,281,206,206,57,0.2767,0.1545,1.0,3,31,1.24,2,12,0,0,car
MVI_39861,6,196,516,321,321,46,0.1433,0.0371,0.4234,1,46,1.84,0,0,0,0,car
MVI_39861,7,406,586,181,181,95,0.5249,0.1851,0.8845,5,38,1.52,0,0,0,0,car
MVI_39861,8,411,745,335,335,47,0.1403,0.0403,0.3658,2,44,1.76,0,0,0,0,car
MVI_39861,9,456,691,236,236,69,0.2924,0.1712,0.997,3,36,1.44,2,12,0,0,car
MVI_39861,10,511,745,235,235,1,0.0043,0.0086,0.108,0,0,0.0,0,0,0,0,car
MVI_39861,11,551,745,195,195,42,0.2154,0.1319,0.9938,2,26,1.04,2,6,0,0,car
MVI_39861,12,561,701,141,141,137,0.9716,0.5088,0.9988,2,129,5.16,3,8,0,0,car
MVI_39861,13,676,745,70,70,9,0.1286,0.0328,0.3549,1,9,0.36,0,0,0,0,car
MVI_39861,14,691,745,55,55,0,0.0,0.0,0.0,0,0,0.0,0,0,0,0,car
MVI_39931,1,1,61,61,61,0,0.0,0.0,0.0,0,0,0.0,0,0,0,0,car
MVI_39931,2,1,16,16,16,0,0.0,0.0,0.0,0,0,0.0,0,0,0,0,car
MVI_39931,3,1,96,96,96,0,0.0,0.0,0.0,0,0,0.0,0,0,0,0,car
MVI_39931,4,1,181,181,181,94,0.5193,0.3111,1.0,2,54,2.16,1,20,0,0,car
MVI_39931,5,1,86,86,86,21,0.2442,0.1314,0.7951,1,21,0.84,0,0,0,0,car
MVI_39931,6,1,91,91,91,0,0.0,0.0,0.0,0,0,0.0,0,0,0,0,car
MVI_39931,7,1,141,141,141,0,0.0,0.0,0.0,0,0,0.0,0,0,0,0,car
MVI_39931,8,1,166,166,166,0,0.0,0.0,0.0,0,0,0.0,0,0,0,0,car
MVI_39931,9,1,206,206,206,0,0.0,0.0,0.0,0,0,0.0,0,0,0,0,car
MVI_39931,10,1,281,281,281,105,0.3737,0.0916,0.318,1,105,4.2,0,0,0,0,car
MVI_39931,11,1,436,436,436,33,0.0757,0.0121,0.166,1,33,1.32,0,0,0,0,bus
MVI_39931,12,36,201,166,166,153,0.9217,0.348,0.947,2,102,4.08,1,3,0,0,car
MVI_39931,13,136,341,206,206,32,0.1553,0.0529,0.5371,1,32,1.28,0,0,0,0,car
MVI_39931,14,151,361,211,211,121,0.5735,0.333,1.0,2,83,3.32,1,11,0,0,car
MVI_39931,15,206,346,141,141,0,0.0,0.0,0.0,0,0,0.0,0,0,0,0,car
MVI_39931,16,236,391,156,156,0,0.0,0.0,0.0,0,0,0.0,0,0,0,0,car
MVI_39931,17,241,431,191,191,96,0.5026,0.2459,0.9759,2,71,2.84,1,4,0,0,car
MVI_39931,18,391,491,101,101,0,0.0,0.0,0.0,0,0,0.0,0,0,0,0,car
MVI_39931,19,386,611,226,226,121,0.5354,0.299,1.0,2,86,3.44,1,9,0,0,car
MVI_39931,20,576,676,101,101,0,0.0,0.0,0.0,0,0,0.0,0,0,0,0,car
MVI_39931,21,836,976,141,141,69,0.4894,0.2228,0.9458,2,49,1.96,1,2,0,0,car
MVI_39931,22,901,976,76,76,0,0.0,0.0,0.0,0,0,0.0,0,0,0,0,car
MVI_39931,23,1006,1081,76,76,0,0.0,0.0,0.0,0,0,0.0,0,0,0,0,car
MVI_39931,24,1041,1126,86,86,0,0.0,0.0,0.0,0,0,0.0,0,0,0,0,car
MVI_39931,25,1051,1181,131,131,69,0.5267,0.3085,0.9968,2,46,1.84,1,10,0,0,car
MVI_39931,26,1171,1246,76,76,0,0.0,0.0,0.0,0,0,0.0,0,0,0,0,car
MVI_39931,27,1186,1270,85,85,0,0.0,0.0,0.0,0,0,0.0,0,0,0,0,car
MVI_40131,1,1,486,486,486,120,0.2469,0.1863,1.0,1,120,4.8,1,61,0,0,car
MVI_40131,2,1,111,111,111,0,0.0,0.0,0.0,0,0,0.0,0,0,0,0,car
MVI_40131,3,1,76,76,76,0,0.0,0.0,0.0,0,0,0.0,0,0,0,0,car
MVI_40131,4,1,56,56,56,0,0.0,0.0,0.0,0,0,0.0,0,0,0,0,car
MVI_40131,5,1,31,31,31,0,0.0,0.0,0.0,0,0,0.0,0,0,0,0,van
MVI_40131,6,1,6,6,6,0,0.0,0.0,0.0,0,0,0.0,0,0,0,0,car
MVI_40131,7,11,136,126,126,0,0.0,0.0,0.0,0,0,0.0,0,0,0,0,car
MVI_40131,8,21,186,166,166,0,0.0,0.0,0.0,0,0,0.0,0,0,0,0,car
MVI_40131,9,21,581,561,561,0,0.0,0.0037,0.0815,0,0,0.0,0,0,0,0,bus
MVI_40131,10,66,216,151,151,0,0.0,0.0,0.0,0,0,0.0,0,0,0,0,car
MVI_40131,11,71,241,171,171,0,0.0,0.0,0.0,0,0,0.0,0,0,0,0,car
MVI_40131,12,101,426,326,326,81,0.2485,0.0924,0.5105,1,81,3.24,0,0,0,0,car
MVI_40131,13,121,276,156,156,0,0.0,0.0,0.0,0,0,0.0,0,0,0,0,car
MVI_40131,14,121,296,176,176,0,0.0,0.0,0.0,0,0,0.0,0,0,0,0,car
MVI_40131,15,126,301,176,176,0,0.0,0.0,0.0,0,0,0.0,0,0,0,0,car
MVI_40131,16,131,386,256,256,74,0.2891,0.073,0.3724,2,52,2.08,0,0,0,0,car
MVI_40131,17,131,301,171,171,64,0.3743,0.0966,0.3737,1,64,2.56,0,0,0,0,car
MVI_40131,18,146,346,201,201,0,0.0,0.0,0.0,0,0,0.0,0,0,0,0,car
MVI_40131,19,156,1241,1086,1086,271,0.2495,0.1016,1.0,7,114,4.56,1,54,0,0,car
MVI_40131,20,191,596,406,406,73,0.1798,0.034,0.2569,3,62,2.48,0,0,0,0,car
MVI_40131,21,231,411,181,181,0,0.0,0.0,0.0,0,0,0.0,0,0,0,0,car
MVI_40131,22,241,526,286,286,0,0.0,0.0,0.0,0,0,0.0,0,0,0,0,car
MVI_40131,23,291,516,226,226,25,0.1106,0.0197,0.2107,1,25,1.0,0,0,0,0,car
MVI_40131,24,296,426,131,131,0,0.0,0.0,0.0,0,0,0.0,0,0,0,0,car
MVI_40131,25,306,626,321,321,176,0.5483,0.1958,0.5353,1,177,7.08,0,0,0,0,car
MVI_40131,26,336,566,231,231,84,0.3636,0.0857,0.3903,1,84,3.36,0,0,0,0,car
MVI_40131,27,366,706,341,341,0,0.0,0.0,0.0,0,0,0.0,0,0,0,0,car
MVI_40131,28,396,616,221,221,0,0.0,0.0,0.0,0,0,0.0,0,0,0,0,car
MVI_40131,29,401,1216,816,816,102,0.125,0.0382,0.3669,1,102,4.08,0,0,0,0,bus
MVI_40131,30,446,741,296,296,60,0.2027,0.0374,0.2146,2,51,2.04,0,0,0,0,car
MVI_40131,31,446,666,221,221,32,0.1448,0.0298,0.3061,2,24,0.96,0,0,0,0,car
MVI_40131,32,466,1326,861,861,0,0.0,0.0,0.0,0,0,0.0,0,0,0,0,bus
MVI_40131,33,521,791,271,271,0,0.0,0.0009,0.0356,0,0,0.0,0,0,0,0,car
MVI_40131,34,556,836,281,281,65,0.2313,0.0503,0.2408,1,65,2.6,0,0,0,0,van
MVI_40131,35,626,1081,456,456,123,0.2697,0.166,1.0,2,97,3.88,1,50,0,0,car
MVI_40131,36,711,936,226,226,29,0.1283,0.0473,0.7088,1,29,1.16,0,0,0,0,car
MVI_40131,37,711,1131,421,421,243,0.5772,0.2205,0.6543,2,210,8.4,0,0,0,0,car
MVI_40131,38,711,1016,306,306,51,0.1667,0.0403,0.3385,1,51,2.04,0,0,0,0,car
MVI_40131,39,711,951,241,241,155,0.6432,0.127,0.3048,2,100,4.0,0,0,0,0,car
MVI_40131,40,806,1171,366,366,153,0.418,0.1199,0.4287,4,119,4.76,0,0,0,0,car
MVI_40131,41,846,1126,281,281,43,0.153,0.0283,0.2211,1,43,1.72,0,0,0,0,car
MVI_40131,42,966,1086,121,121,0,0.0,0.0,0.0,0,0,0.0,0,0,0,0,car
MVI_40131,43,991,1166,176,176,0,0.0,0.0,0.0,0,0,0.0,0,0,0,0,car
MVI_40131,44,1061,1221,161,161,0,0.0,0.0,0.0,0,0,0.0,0,0,0,0,van
MVI_40131,45,1101,1306,206,206,25,0.1214,0.0324,0.3859,1,25,1.0,0,0,0,0,car
MVI_40131,46,1131,1291,161,161,0,0.0,0.0,0.0,0,0,0.0,0,0,0,0,car
MVI_40131,47,1141,1361,221,221,0,0.0,0.0,0.0,0,0,0.0,0,0,0,0,car
MVI_40131,48,1171,1276,106,106,0,0.0,0.0,0.0,0,0,0.0,0,0,0,0,car
MVI_40131,49,1181,1336,156,156,0,0.0,0.0,0.0,0,0,0.0,0,0,0,0,car
MVI_40131,50,1231,1381,151,151,0,0.0,0.0,0.0,0,0,0.0,0,0,0,0,car
MVI_40131,51,1271,1431,161,161,0,0.0,0.0,0.0,0,0,0.0,0,0,0,0,car
MVI_40131,52,1281,1411,131,131,0,0.0,0.0,0.0,0,0,0.0,0,0,0,0,car
MVI_40131,53,1286,1645,360,360,0,0.0,0.0,0.0,0,0,0.0,0,0,0,0,van
MVI_40131,54,1346,1466,121,121,0,0.0,0.0,0.0,0,0,0.0,0,0,0,0,car
MVI_40131,55,1391,1531,141,141,0,0.0,0.0,0.0,0,0,0.0,0,0,0,0,car
MVI_40131,56,1396,1501,106,106,0,0.0,0.0,0.0,0,0,0.0,0,0,0,0,car
MVI_40131,57,1436,1576,141,141,0,0.0,0.0,0.0,0,0,0.0,0,0,0,0,car
MVI_40131,58,1496,1616,121,121,0,0.0,0.006,0.0946,0,0,0.0,0,0,0,0,car
MVI_40131,59,1506,1641,136,136,0,0.0,0.0,0.0,0,0,0.0,0,0,0,0,van
MVI_40131,60,1516,1631,116,116,22,0.1897,0.044,0.2879,1,22,0.88,0,0,0,0,car
MVI_40131,61,1531,1645,115,115,1,0.0087,0.0275,0.1039,0,0,0.0,0,0,0,0,car
MVI_40131,62,1551,1645,95,95,26,0.2737,0.0452,0.2607,1,26,1.04,0,0,0,0,car
MVI_40131,63,1566,1645,80,80,0,0.0,0.0,0.0,0,0,0.0,0,0,0,0,car
MVI_40131,64,1586,1645,60,60,0,0.0,0.0,0.0,0,0,0.0,0,0,0,0,car
MVI_40131,65,1586,1645,60,60,60,1.0,0.4445,0.5301,1,60,2.4,0,0,0,0,car
MVI_40131,66,1606,1645,40,40,0,0.0,0.0,0.0,0,0,0.0,0,0,0,0,car
MVI_40131,67,1641,1645,5,5,0,0.0,0.0,0.0,0,0,0.0,0,0,0,0,car
MVI_40141,1,1,11,11,11,0,0.0,0.0,0.0,0,0,0.0,0,0,0,0,car
MVI_40141,2,1,31,31,31,0,0.0,0.0,0.0,0,0,0.0,0,0,0,0,car
MVI_40141,3,1,66,66,66,0,0.0,0.0,0.0,0,0,0.0,0,0,0,0,car
MVI_40141,4,1,66,66,66,0,0.0,0.0,0.0,0,0,0.0,0,0,0,0,car
MVI_40141,5,1,181,181,181,0,0.0,0.0,0.0,0,0,0.0,0,0,0,0,car
MVI_40141,6,1,121,121,121,0,0.0,0.0,0.0,0,0,0.0,0,0,0,0,car
MVI_40141,7,1,386,386,386,0,0.0,0.0,0.0,0,0,0.0,0,0,0,0,van
MVI_40141,8,1,156,156,156,24,0.1538,0.0359,0.2665,1,24,0.96,0,0,0,0,van
MVI_40141,9,1,176,176,176,0,0.0,0.0,0.0,0,0,0.0,0,0,0,0,van
MVI_40141,10,31,171,141,141,0,0.0,0.0,0.0,0,0,0.0,0,0,0,0,van
MVI_40141,11,36,196,161,161,37,0.2298,0.0596,0.309,1,37,1.48,0,0,0,0,car
MVI_40141,12,61,236,176,176,36,0.2045,0.0534,0.369,1,36,1.44,0,0,0,0,van
MVI_40141,13,91,281,191,191,49,0.2565,0.0747,0.4688,1,51,2.04,0,0,0,0,car
MVI_40141,14,206,371,166,166,0,0.0,0.0,0.0,0,0,0.0,0,0,0,0,car
MVI_40141,15,261,441,181,181,0,0.0,0.0,0.0,0,0,0.0,0,0,0,0,car
MVI_40141,16,326,846,521,521,0,0.0,0.0,0.0,0,0,0.0,0,0,0,0,car
MVI_40141,17,391,676,286,286,0,0.0,0.0,0.0,0,0,0.0,0,0,0,0,car
MVI_40141,18,496,741,246,246,0,0.0,0.0,0.0,0,0,0.0,0,0,0,0,car
MVI_40141,19,541,751,211,211,0,0.0,0.0,0.0,0,0,0.0,0,0,0,0,car
MVI_40141,20,596,641,46,46,0,0.0,0.0,0.0,0,0,0.0,0,0,0,0,car
MVI_40141,21,646,926,281,281,0,0.0,0.0,0.0,0,0,0.0,0,0,0,0,car
MVI_40141,22,681,871,191,191,0,0.0,0.0,0.0,0,0,0.0,0,0,0,0,van
MVI_40141,23,831,1281,451,451,0,0.0,0.0,0.0,0,0,0.0,0,0,0,0,car
MVI_40141,24,861,1156,296,296,0,0.0,0.0,0.0,0,0,0.0,0,0,0,0,car
MVI_40141,25,976,1081,106,106,0,0.0,0.0,0.0,0,0,0.0,0,0,0,0,car
MVI_40141,26,1076,1586,511,511,0,0.0,0.0,0.0,0,0,0.0,0,0,0,0,car
MVI_40141,27,1336,1506,171,171,0,0.0,0.0,0.0,0,0,0.0,0,0,0,0,car
MVI_40141,28,1431,1600,170,170,0,0.0,0.0,0.0,0,0,0.0,0,0,0,0,car
MVI_40141,29,1446,1600,155,155,0,0.0,0.0,0.0,0,0,0.0,0,0,0,0,car
MVI_40141,30,1456,1600,145,145,0,0.0,0.0,0.0,0,0,0.0,0,0,0,0,car
MVI_40141,31,1471,1600,130,130,0,0.0,0.0,0.0,0,0,0.0,0,0,0,0,car
MVI_40141,32,1521,1600,80,80,0,0.0,0.0,0.0,0,0,0.0,0,0,0,0,van
MVI_40141,33,1586,1600,15,15,0,0.0,0.0,0.0,0,0,0.0,0,0,0,0,car
MVI_40152,1,1,26,26,26,10,0.3846,0.0907,0.2021,1,10,0.4,0,0,0,0,car
MVI_40152,2,1,51,51,51,28,0.549,0.1535,0.401,1,28,1.12,0,0,0,0,car
MVI_40152,3,1,41,41,41,41,1.0,0.7729,0.8646,1,41,1.64,0,0,0,0,car
MVI_40152,4,1,91,91,91,0,0.0,0.0,0.0,0,0,0.0,0,0,0,0,car
MVI_40152,5,1,86,86,86,19,0.2209,0.0685,0.4014,1,19,0.76,0,0,0,0,van
MVI_40152,6,11,141,131,131,21,0.1603,0.0775,0.735,1,21,0.84,0,0,0,0,car
MVI_40152,7,31,121,91,91,16,0.1758,0.0491,0.3367,1,16,0.64,0,0,0,0,van
MVI_40152,8,76,176,101,101,19,0.1881,0.0538,0.3803,1,19,0.76,0,0,0,0,car
MVI_40152,9,81,201,121,121,18,0.1488,0.0308,0.2615,1,18,0.72,0,0,0,0,car
MVI_40152,10,146,271,126,126,20,0.1587,0.0499,0.3761,1,20,0.8,0,0,0,0,car
MVI_40152,11,191,311,121,121,21,0.1736,0.0529,0.3921,1,21,0.84,0,0,0,0,car
MVI_40152,12,231,371,141,141,19,0.1348,0.0325,0.2852,1,19,0.76,0,0,0,0,car
MVI_40152,13,241,381,141,141,23,0.1631,0.0467,0.401,1,23,0.92,0,0,0,0,van
MVI_40152,14,266,486,221,221,7,0.0317,0.0082,0.3552,1,7,0.28,0,0,0,0,car
MVI_40152,15,271,361,91,91,18,0.1978,0.0697,0.4792,1,18,0.72,0,0,0,0,van
MVI_40152,16,296,421,126,126,70,0.5556,0.1625,0.4062,2,50,2.0,0,0,0,0,car
MVI_40152,17,321,436,116,116,24,0.2069,0.055,0.3422,1,24,0.96,0,0,0,0,car
MVI_40152,18,336,436,101,101,18,0.1782,0.0657,0.4695,1,18,0.72,0,0,0,0,car
MVI_40152,19,356,471,116,116,21,0.181,0.0532,0.3917,1,21,0.84,0,0,0,0,car
MVI_40152,20,371,476,106,106,21,0.1981,0.0712,0.4608,1,21,0.84,0,0,0,0,car
MVI_40152,21,376,501,126,126,21,0.1667,0.0356,0.2693,1,21,0.84,0,0,0,0,car
MVI_40152,22,426,531,106,106,20,0.1887,0.0571,0.3826,1,20,0.8,0,0,0,0,car
MVI_40152,23,526,641,116,116,20,0.1724,0.0463,0.3292,1,20,0.8,0,0,0,0,car
MVI_40152,24,536,631,96,96,19,0.1979,0.0636,0.4496,1,19,0.76,0,0,0,0,car
MVI_40152,25,566,686,121,121,25,0.2066,0.058,0.3749,1,25,1.0,0,0,0,0,car
MVI_40152,26,581,696,116,116,116,1.0,0.7101,1.0,1,116,4.64,1,31,0,0,car
MVI_40152,27,601,741,141,141,43,0.305,0.0894,0.4086,3,23,0.92,0,0,0,0,car
MVI_40152,28,631,741,111,111,16,0.1441,0.0339,0.2834,1,16,0.64,0,0,0,0,car
MVI_40152,29,646,756,111,111,21,0.1892,0.0704,0.49,1,21,0.84,0,0,0,0,car
MVI_40152,30,646,756,111,111,18,0.1622,0.0461,0.352,1,18,0.72,0,0,0,0,car
MVI_40152,31,711,806,96,96,18,0.1875,0.0956,0.6477,1,18,0.72,0,0,0,0,van
MVI_40152,32,746,876,131,131,46,0.3511,0.1067,0.5321,2,23,0.92,0,0,0,0,car
MVI_40152,33,776,876,101,101,17,0.1683,0.0534,0.4224,1,17,0.68,0,0,0,0,car
MVI_40152,34,801,911,111,111,14,0.1261,0.0359,0.3453,1,14,0.56,0,0,0,0,car
MVI_40152,35,841,981,141,141,20,0.1418,0.035,0.3011,1,20,0.8,0,0,0,0,car
MVI_40152,36,861,991,131,131,25,0.1908,0.0581,0.4101,1,25,1.0,0,0,0,0,car
MVI_40152,37,886,1001,116,116,25,0.2155,0.0755,0.4874,1,25,1.0,0,0,0,0,car
MVI_40152,38,931,1061,131,131,20,0.1527,0.0433,0.3447,1,20,0.8,0,0,0,0,car
MVI_40152,39,996,1136,141,141,21,0.1489,0.0413,0.3454,1,21,0.84,0,0,0,0,car
MVI_40152,40,1106,1231,126,126,19,0.1508,0.0433,0.3492,1,19,0.76,0,0,0,0,others
MVI_40152,41,1221,1346,126,126,23,0.1825,0.0492,0.3334,1,23,0.92,0,0,0,0,van
MVI_40152,42,1256,1386,131,131,57,0.4351,0.1291,0.4272,2,37,1.48,0,0,0,0,car
MVI_40152,43,1281,1411,131,131,17,0.1298,0.0308,0.3123,1,17,0.68,0,0,0,0,car
MVI_40152,44,1336,1476,141,141,22,0.156,0.041,0.3119,1,22,0.88,0,0,0,0,car
MVI_40152,45,1351,1606,256,256,40,0.1562,0.0358,0.1586,1,40,1.6,0,0,0,0,bus
MVI_40152,46,1611,1706,96,96,96,1.0,0.5746,1.0,1,96,3.84,1,9,0,0,car
MVI_40152,47,1641,1746,106,106,27,0.2547,0.1214,0.7333,1,27,1.08,0,0,0,0,car
MVI_40152,48,1696,1750,55,55,55,1.0,0.726,0.988,1,55,2.2,3,12,0,0,car
MVI_40152,49,1706,1750,45,45,15,0.3333,0.0998,0.397,1,15,0.6,0,0,0,0,car
MVI_40161,1,1,106,106,106,40,0.3774,0.0944,0.1348,3,22,0.88,0,0,0,0,bus
MVI_40161,2,1,546,546,546,104,0.1905,0.0361,0.1822,7,36,1.44,0,0,0,0,bus
MVI_40161,3,1,56,56,56,0,0.0,0.0,0.0,0,0,0.0,0,0,0,0,car
MVI_40161,4,1,81,81,81,0,0.0,0.0,0.0,0,0,0.0,0,0,0,0,car
MVI_40161,5,1,111,111,111,28,0.2523,0.0647,0.3438,1,28,1.12,0,0,0,0,car
MVI_40161,6,21,101,81,81,60,0.7407,0.3782,0.7232,1,60,2.4,0,0,0,0,car
MVI_40161,7,52,161,110,110,0,0.0,0.0,0.0,0,0,0.0,0,0,0,0,car
MVI_40161,8,81,151,71,71,0,0.0,0.0,0.0,0,0,0.0,0,0,0,0,car
MVI_40161,9,121,191,71,71,0,0.0,0.0,0.0,0,0,0.0,0,0,0,0,van
MVI_40161,10,156,266,111,111,50,0.4505,0.1289,0.4064,1,50,2.0,0,0,0,0,car
MVI_40161,11,166,286,121,121,110,0.9091,0.3232,0.6478,2,72,2.88,0,0,0,0,car
MVI_40161,12,181,241,61,61,0,0.0,0.0,0.0,0,0,0.0,0,0,0,0,car
MVI_40161,13,196,261,66,66,0,0.0,0.0,0.0,0,0,0.0,0,0,0,0,car
MVI_40161,14,216,281,66,66,0,0.0,0.0,0.0,0,0,0.0,0,0,0,0,car
MVI_40161,15,226,301,76,76,0,0.0,0.0,0.0,0,0,0.0,0,0,0,0,car
MVI_40161,16,236,311,76,76,67,0.8816,0.3115,0.4731,1,67,2.68,0,0,0,0,car
MVI_40161,17,241,316,76,76,76,1.0,0.3908,0.6389,1,76,3.04,0,0,0,0,car
MVI_40161,18,251,316,66,66,0,0.0,0.0,0.0,0,0,0.0,0,0,0,0,car
MVI_40161,19,341,411,71,71,0,0.0,0.0,0.0,0,0,0.0,0,0,0,0,car
MVI_40161,20,361,431,71,71,0,0.0,0.0,0.0,0,0,0.0,0,0,0,0,car
MVI_40161,21,396,466,71,71,0,0.0,0.0,0.0,0,0,0.0,0,0,0,0,car
MVI_40161,22,406,486,81,81,0,0.0,0.0,0.0,0,0,0.0,0,0,0,0,car
MVI_40161,23,416,486,71,71,0,0.0,0.0,0.0,0,0,0.0,0,0,0,0,car
MVI_40161,24,446,521,76,76,0,0.0,0.0,0.0,0,0,0.0,0,0,0,0,car
MVI_40161,25,451,541,91,91,0,0.0,0.0,0.0,0,0,0.0,0,0,0,0,van
MVI_40161,26,486,581,96,96,0,0.0,0.0,0.0,0,0,0.0,0,0,0,0,car
MVI_40161,27,521,676,156,156,0,0.0,0.0,0.0,0,0,0.0,0,0,0,0,car
MVI_40161,28,526,601,76,76,76,1.0,0.289,0.6106,1,76,3.04,0,0,0,0,car
MVI_40161,29,546,636,91,91,0,0.0,0.0,0.0,0,0,0.0,0,0,0,0,car
MVI_40161,30,571,646,76,76,75,0.9868,0.4825,0.6504,1,75,3.0,0,0,0,0,van
MVI_40161,31,586,676,91,91,0,0.0,0.0,0.0,0,0,0.0,0,0,0,0,van
MVI_40161,32,606,701,96,96,0,0.0,0.0,0.0,0,0,0.0,0,0,0,0,car
MVI_40161,33,611,755,145,145,28,0.1931,0.0655,0.5218,1,28,1.12,0,0,0,0,car
MVI_40161,34,621,706,86,86,83,0.9651,0.3448,0.6757,1,84,3.36,0,0,0,0,car
MVI_40161,35,651,711,61,61,0,0.0,0.0,0.0,0,0,0.0,0,0,0,0,car
MVI_40161,36,661,746,86,86,0,0.0,0.0,0.0,0,0,0.0,0,0,0,0,car
MVI_40161,37,691,791,101,101,0,0.0,0.0,0.0,0,0,0.0,0,0,0,0,car
MVI_40161,38,711,801,91,91,0,0.0,0.0,0.0,0,0,0.0,0,0,0,0,car
MVI_40161,39,731,826,96,96,0,0.0,0.0,0.0,0,0,0.0,0,0,0,0,car
MVI_40161,40,771,841,71,71,65,0.9155,0.3805,0.754,1,65,2.6,0,0,0,0,car
MVI_40161,41,781,886,106,106,0,0.0,0.0,0.0,0,0,0.0,0,0,0,0,car
MVI_40161,42,796,886,91,91,0,0.0,0.0,0.0,0,0,0.0,0,0,0,0,car
MVI_40161,43,846,931,86,86,0,0.0,0.0,0.0,0,0,0.0,0,0,0,0,car
MVI_40161,44,881,956,76,76,63,0.8289,0.3627,0.7037,1,63,2.52,0,0,0,0,car
MVI_40161,45,881,1001,121,121,0,0.0,0.0,0.0,0,0,0.0,0,0,0,0,car
MVI_40161,46,906,991,86,86,0,0.0,0.0,0.0,0,0,0.0,0,0,0,0,car
MVI_40161,47,926,1031,106,106,0,0.0,0.0,0.0,0,0,0.0,0,0,0,0,car
MVI_40161,48,926,1060,135,135,0,0.0,0.0,0.0,0,0,0.0,0,0,0,0,car
MVI_40161,49,961,1061,101,101,0,0.0,0.0,0.0,0,0,0.0,0,0,0,0,car
MVI_40161,50,966,1086,121,121,33,0.2727,0.0782,0.3827,1,33,1.32,0,0,0,0,car
MVI_40161,51,971,1061,91,91,74,0.8132,0.3855,0.7253,1,74,2.96,0,0,0,0,car
MVI_40161,52,1026,1121,96,96,0,0.0,0.0,0.0,0,0,0.0,0,0,0,0,car
MVI_40161,53,1046,1156,111,111,0,0.0,0.0,0.0,0,0,0.0,0,0,0,0,car
MVI_40161,54,1081,1171,91,91,0,0.0,0.0,0.0,0,0,0.0,0,0,0,0,van
MVI_40161,55,1101,1236,136,136,0,0.0,0.0,0.0,0,0,0.0,0,0,0,0,van
MVI_40161,56,1156,1281,126,126,0,0.0,0.0,0.0,0,0,0.0,0,0,0,0,car
MVI_40161,57,1176,1281,106,106,0,0.0,0.0,0.0,0,0,0.0,0,0,0,0,van
MVI_40161,58,1216,1346,131,131,0,0.0,0.0,0.0,0,0,0.0,0,0,0,0,car
MVI_40161,59,1251,1341,91,91,0,0.0,0.0,0.0,0,0,0.0,0,0,0,0,car
MVI_40161,60,1271,1381,111,111,0,0.0,0.0,0.0,0,0,0.0,0,0,0,0,car
MVI_40161,61,1296,1490,195,195,48,0.2462,0.0777,0.6119,2,25,1.0,0,0,0,0,bus
MVI_40161,62,1306,1406,101,101,0,0.0,0.0,0.0,0,0,0.0,0,0,0,0,van
MVI_40161,63,1336,1431,96,96,0,0.0,0.0,0.0,0,0,0.0,0,0,0,0,van
MVI_40161,64,1356,1471,116,116,0,0.0,0.0,0.0,0,0,0.0,0,0,0,0,van
MVI_40161,65,1396,1490,95,95,0,0.0,0.0,0.0,0,0,0.0,0,0,0,0,car
MVI_40162,1,1,56,56,56,0,0.0,0.0,0.0,0,0,0.0,0,0,0,0,car
MVI_40162,2,1,31,31,31,0,0.0,0.0,0.0,0,0,0.0,0,0,0,0,car
MVI_40162,3,11,106,96,96,96,1.0,0.3968,0.6269,1,96,3.84,0,0,0,0,car
MVI_40162,4,61,186,126,126,0,0.0,0.0,0.0,0,0,0.0,0,0,0,0,car
MVI_40162,5,361,581,221,221,0,0.0,0.0,0.0,0,0,0.0,0,0,0,0,car
MVI_40162,6,96,216,121,121,108,0.8926,0.209,0.3533,2,100,4.0,0,0,0,0,car
MVI_40162,7,106,231,126,126,0,0.0,0.0,0.0,0,0,0.0,0,0,0,0,car
MVI_40162,8,151,276,126,126,0,0.0,0.0,0.0,0,0,0.0,0,0,0,0,car
MVI_40162,9,241,321,81,81,0,0.0,0.0,0.0,0,0,0.0,0,0,0,0,car
MVI_40162,10,361,446,86,86,75,0.8721,0.2308,0.5659,1,74,2.96,0,0,0,0,car
MVI_40162,11,436,526,91,91,0,0.0,0.0,0.0,0,0,0.0,0,0,0,0,car
MVI_40162,12,486,571,86,86,0,0.0,0.0,0.0,0,0,0.0,0,0,0,0,car
MVI_40162,13,506,596,91,91,0,0.0,0.0,0.0,0,0,0.0,0,0,0,0,car
MVI_40162,14,516,626,111,111,0,0.0,0.0,0.0,0,0,0.0,0,0,0,0,car
MVI_40162,15,561,671,111,111,0,0.0,0.0,0.0,0,0,0.0,0,0,0,0,car
MVI_40162,16,586,691,106,106,76,0.717,0.1267,0.2318,3,65,2.6,0,0,0,0,car
MVI_40162,17,586,701,116,116,113,0.9741,0.2846,0.7048,1,116,4.64,0,0,0,0,car
MVI_40162,18,611,731,121,121,0,0.0,0.0,0.0,0,0,0.0,0,0,0,0,car
MVI_40162,19,636,731,96,96,0,0.0,0.0,0.0,0,0,0.0,0,0,0,0,car
MVI_40162,20,641,731,91,91,0,0.0,0.0,0.0,0,0,0.0,0,0,0,0,car
MVI_40162,21,661,766,106,106,106,1.0,0.4536,0.7796,1,106,4.24,0,0,0,0,car
MVI_40162,22,676,826,151,151,0,0.0,0.0,0.0,0,0,0.0,0,0,0,0,car
MVI_40162,23,676,796,121,121,0,0.0,0.0,0.0,0,0,0.0,0,0,0,0,car
MVI_40162,24,676,776,101,101,0,0.0,0.0,0.0,0,0,0.0,0,0,0,0,car
MVI_40162,25,706,831,126,126,0,0.0,0.0,0.0,0,0,0.0,0,0,0,0,car
MVI_40162,26,741,861,121,121,0,0.0,0.0,0.0,0,0,0.0,0,0,0,0,car
MVI_40162,27,746,881,136,136,0,0.0,0.0,0.0,0,0,0.0,0,0,0,0,car
MVI_40162,28,746,831,86,86,0,0.0,0.0,0.0,0,0,0.0,0,0,0,0,car
MVI_40162,29,776,901,126,126,0,0.0,0.0,0.0,0,0,0.0,0,0,0,0,car
MVI_40162,30,776,1461,686,686,0,0.0,0.0,0.0,0,0,0.0,0,0,0,0,bus
MVI_40162,31,786,931,146,146,31,0.2123,0.0443,0.2578,1,31,1.24,0,0,0,0,car
MVI_40162,32,801,906,106,106,45,0.4245,0.0631,0.2421,3,29,1.16,0,0,0,0,car
MVI_40162,33,811,936,126,126,0,0.0,0.0,0.0,0,0,0.0,0,0,0,0,car
MVI_40162,34,826,916,91,91,81,0.8901,0.3319,0.7527,1,84,3.36,0,0,0,0,car
MVI_40162,35,856,1006,151,151,30,0.1987,0.0503,0.3377,1,30,1.2,0,0,0,0,car
MVI_40162,36,866,971,106,106,0,0.0,0.0,0.0,0,0,0.0,0,0,0,0,car
MVI_40162,37,876,971,96,96,66,0.6875,0.2476,0.6171,2,63,2.52,0,0,0,0,car
MVI_40162,38,901,1001,101,101,0,0.0,0.0,0.0,0,0,0.0,0,0,0,0,car
MVI_40162,39,916,1021,106,106,51,0.4811,0.3866,1.0,1,51,2.04,1,25,0,0,car
MVI_40162,40,926,1666,741,741,305,0.4116,0.0728,0.2398,11,75,3.0,0,0,0,0,bus
MVI_40162,41,931,1026,96,96,73,0.7604,0.2493,0.6844,3,68,2.72,0,0,0,0,car
MVI_40162,42,956,1076,121,121,51,0.4215,0.2225,0.8018,1,51,2.04,0,0,0,0,van
MVI_40162,43,971,1076,106,106,0,0.0,0.0,0.0,0,0,0.0,0,0,0,0,car
MVI_40162,44,971,1091,121,121,26,0.2149,0.0665,0.3738,1,26,1.04,0,0,0,0,car
MVI_40162,45,1006,1126,121,121,0,0.0,0.0,0.0,0,0,0.0,0,0,0,0,car
MVI_40162,46,1011,1106,96,96,82,0.8542,0.2802,0.678,1,83,3.32,0,0,0,0,car
MVI_40162,47,1016,1131,116,116,5,0.0431,0.0107,0.3887,1,5,0.2,0,0,0,0,car
MVI_40162,48,1021,1131,111,111,0,0.0,0.0,0.0,0,0,0.0,0,0,0,0,car
MVI_40162,49,1051,1161,111,111,0,0.0,0.0,0.0,0,0,0.0,0,0,0,0,car
MVI_40162,50,1076,1201,126,126,31,0.246,0.0637,0.3533,1,31,1.24,0,0,0,0,car
MVI_40162,51,1086,1196,111,111,0,0.0,0.0,0.0,0,0,0.0,0,0,0,0,car
MVI_40162,52,1111,1226,116,116,32,0.2759,0.085,0.4194,1,32,1.28,0,0,0,0,car
MVI_40162,53,1111,1211,101,101,101,1.0,0.4471,0.7006,1,101,4.04,0,0,0,0,car
MVI_40162,54,1126,1256,131,131,61,0.4656,0.3793,1.0,1,61,2.44,1,22,0,0,car
MVI_40162,55,1151,1291,141,141,61,0.4326,0.2645,1.0,1,61,2.44,1,10,0,0,car
MVI_40162,56,1156,1266,111,111,0,0.0,0.0,0.0,0,0,0.0,0,0,0,0,car
MVI_40162,57,1166,1271,106,106,0,0.0,0.0,0.0,0,0,0.0,0,0,0,0,car
MVI_40162,58,1191,1331,141,141,67,0.4752,0.2783,1.0,2,65,2.6,1,10,0,0,car
MVI_40162,59,1201,1311,111,111,0,0.0,0.0,0.0,0,0,0.0,0,0,0,0,car
MVI_40162,60,1201,1311,111,111,111,1.0,0.462,0.7659,1,111,4.44,0,0,0,0,car
MVI_40162,61,1211,1316,106,106,0,0.0,0.0,0.0,0,0,0.0,0,0,0,0,van
MVI_40162,62,1261,1366,106,106,61,0.5755,0.368,1.0,1,61,2.44,1,10,0,0,car
MVI_40162,63,1261,1371,111,111,0,0.0,0.0,0.0,0,0,0.0,0,0,0,0,car
MVI_40162,64,1271,1371,101,101,0,0.0,0.0,0.0,0,0,0.0,0,0,0,0,car
MVI_40162,65,1281,1401,121,121,84,0.6942,0.3017,0.7656,2,78,3.12,0,0,0,0,car
MVI_40162,66,1306,1416,111,111,0,0.0,0.0,0.0,0,0,0.0,0,0,0,0,car
MVI_40162,67,1326,1446,121,121,0,0.0,0.0,0.0,0,0,0.0,0,0,0,0,car
MVI_40162,68,1346,1446,101,101,0,0.0,0.0,0.0,0,0,0.0,0,0,0,0,car
MVI_40162,69,1361,1491,131,131,0,0.0,0.0,0.0,0,0,0.0,0,0,0,0,car
MVI_40162,70,1376,1491,116,116,0,0.0,0.0,0.0,0,0,0.0,0,0,0,0,car
MVI_40162,71,1386,1491,106,106,2,0.0189,0.0082,0.1135,1,2,0.08,0,0,0,0,car
MVI_40162,72,1406,1526,121,121,29,0.2397,0.0389,0.1899,1,29,1.16,0,0,0,0,car
MVI_40162,73,1421,1551,131,131,114,0.8702,0.4392,0.828,1,115,4.6,0,0,0,0,car
MVI_40162,74,1436,1561,126,126,0,0.0,0.0,0.0,0,0,0.0,0,0,0,0,car
MVI_40162,75,1461,1586,126,126,98,0.7778,0.1555,0.2886,1,98,3.92,0,0,0,0,car
MVI_40162,76,1471,1586,116,116,116,1.0,0.3657,0.7652,1,116,4.64,0,0,0,0,car
MVI_40162,77,1471,1571,101,101,0,0.0,0.0,0.0,0,0,0.0,0,0,0,0,car
MVI_40162,78,1471,1601,131,131,0,0.0,0.0,0.0,0,0,0.0,0,0,0,0,car
MVI_40162,79,1486,1616,131,131,0,0.0,0.0,0.0,0,0,0.0,0,0,0,0,car
MVI_40162,80,1541,1646,106,106,0,0.0,0.0,0.0,0,0,0.0,0,0,0,0,car
MVI_40162,81,1546,1666,121,121,0,0.0,0.0,0.0,0,0,0.0,0,0,0,0,car
MVI_40162,82,1561,1681,121,121,15,0.124,0.0195,0.1905,2,10,0.4,0,0,0,0,van
MVI_40162,83,1586,1691,106,106,96,0.9057,0.1899,0.3198,1,96,3.84,0,0,0,0,car
MVI_40162,84,1606,1726,121,121,0,0.0,0.0,0.0,0,0,0.0,0,0,0,0,car
MVI_40162,85,1611,1741,131,131,0,0.0,0.0,0.0,0,0,0.0,0,0,0,0,car
MVI_40162,86,1616,1721,106,106,0,0.0,0.0,0.0,0,0,0.0,0,0,0,0,van
MVI_40162,87,1646,1765,120,120,0,0.0,0.0,0.0,0,0,0.0,0,0,0,0,car
MVI_40162,88,1651,1765,115,115,73,0.6348,0.2273,0.6619,1,74,2.96,0,0,0,0,car
MVI_40162,89,1691,1765,75,75,0,0.0,0.0,0.0,0,0,0.0,0,0,0,0,car
MVI_40171,1,1,26,26,26,26,1.0,0.3727,0.4757,1,26,1.04,0,0,0,0,car
MVI_40171,2,1,66,66,66,0,0.0,0.0,0.0,0,0,0.0,0,0,0,0,car
MVI_40171,3,1,6,6,6,0,0.0,0.0,0.0,0,0,0.0,0,0,0,0,car
MVI_40171,4,1,106,106,106,0,0.0,0.0,0.0,0,0,0.0,0,0,0,0,car
MVI_40171,5,1,186,186,186,0,0.0,0.0,0.0,0,0,0.0,0,0,0,0,car
MVI_40171,6,31,101,71,71,41,0.5775,0.141,0.3577,1,41,1.64,0,0,0,0,car
MVI_40171,7,36,91,56,56,56,1.0,0.5251,0.6057,1,56,2.24,0,0,0,0,car
MVI_40171,8,76,801,726,726,181,0.2493,0.0464,0.1582,9,32,1.28,0,0,0,0,bus
MVI_40171,9,116,176,61,61,8,0.1311,0.148,0.9998,1,10,0.4,2,10,0,0,van
MVI_40171,10,136,256,121,121,0,0.0,0.0,0.0,0,0,0.0,0,0,0,0,car
MVI_40171,11,151,241,91,91,27,0.2967,0.0813,0.3506,1,27,1.08,0,0,0,0,car
MVI_40171,12,161,221,61,61,61,1.0,0.4439,0.536,1,61,2.44,0,0,0,0,car
MVI_40171,13,181,276,96,96,0,0.0,0.0,0.0,0,0,0.0,0,0,0,0,car
MVI_40171,14,221,306,86,86,31,0.3605,0.1003,0.3828,1,31,1.24,0,0,0,0,van
MVI_40171,15,226,291,66,66,66,1.0,0.4684,0.6165,1,66,2.64,0,0,0,0,car
MVI_40171,16,261,321,61,61,61,1.0,0.4533,0.6027,1,61,2.44,0,0,0,0,car
MVI_40171,17,266,341,76,76,11,0.1447,0.0242,0.1919,1,11,0.44,0,0,0,0,car
MVI_40171,18,346,1131,786,786,231,0.2939,0.0542,0.2439,5,209,8.36,0,0,0,0,bus
MVI_40171,19,351,411,61,61,61,1.0,0.3574,0.4317,1,61,2.44,0,0,0,0,car
MVI_40171,20,391,456,66,66,0,0.0,0.0224,0.0587,0,0,0.0,0,0,0,0,car
MVI_40171,21,466,531,66,66,0,0.0,0.0,0.0,0,0,0.0,0,0,0,0,car
MVI_40171,22,486,556,71,71,69,0.9718,0.3765,0.4664,1,69,2.76,0,0,0,0,car
MVI_40171,23,526,591,66,66,62,0.9394,0.2457,0.3606,1,62,2.48,0,0,0,0,car
MVI_40171,24,566,596,31,31,0,0.0,0.0,0.0,0,0,0.0,0,0,0,0,car
MVI_40171,25,596,661,66,66,66,1.0,0.3638,0.531,1,66,2.64,0,0,0,0,car
MVI_40171,26,621,676,56,56,47,0.8393,0.2339,1.0,1,47,1.88,1,3,0,0,car
MVI_40171,27,621,696,76,76,30,0.3947,0.1365,0.4754,1,30,1.2,0,0,0,0,car
MVI_40171,28,651,726,76,76,21,0.2763,0.0656,0.3239,1,21,0.84,0,0,0,0,car
MVI_40171,29,651,706,56,56,53,0.9464,0.3986,0.5479,1,53,2.12,0,0,0,0,car
MVI_40171,30,691,756,66,66,0,0.0,0.0154,0.0619,0,0,0.0,0,0,0,0,car
MVI_40171,31,761,856,96,96,26,0.2708,0.0711,0.3486,1,26,1.04,0,0,0,0,car
MVI_40171,32,781,836,56,56,0,0.0,0.0,0.0,0,0,0.0,0,0,0,0,car
MVI_40171,33,801,891,91,91,0,0.0,0.0,0.0,0,0,0.0,0,0,0,0,car
MVI_40171,34,876,946,71,71,65,0.9155,0.2642,0.4528,1,66,2.64,0,0,0,0,car
MVI_40171,35,911,986,76,76,62,0.8158,0.3239,0.507,1,62,2.48,0,0,0,0,car
MVI_40171,36,916,981,66,66,66,1.0,0.3959,0.4958,1,66,2.64,0,0,0,0,car
MVI_40171,37,951,1016,66,66,0,0.0,0.0,0.0,0,0,0.0,0,0,0,0,car
MVI_40171,38,966,1150,185,185,8,0.0432,0.0131,0.2633,1,8,0.32,0,0,0,0,bus
MVI_40171,39,1016,1086,71,71,70,0.9859,0.3977,0.5494,1,70,2.8,0,0,0,0,car
MVI_40171,40,1106,1150,45,45,23,0.5111,0.1132,0.2817,1,23,0.92,0,0,0,0,car
MVI_40171,41,1,1150,1150,1150,151,0.1313,0.1112,1.0,2,99,3.96,2,66,0,0,car
MVI_40171,42,1,1150,1150,1150,1150,1.0,0.9499,1.0,1,1150,46.0,5,772,0,0,car
MVI_40171,43,1,1150,1150,1150,1150,1.0,0.9851,1.0,1,1150,46.0,2,1012,0,0,car
MVI_40171,44,1,1150,1150,1150,1150,1.0,0.9863,1.0,1,1150,46.0,2,989,0,0,car
MVI_40172,1,1,96,96,96,0,0.0,0.0,0.0,0,0,0.0,0,0,0,0,bus
MVI_40172,2,1,16,16,16,0,0.0,0.0,0.0,0,0,0.0,0,0,0,0,van
MVI_40172,3,11,116,106,106,0,0.0,0.0,0.0,0,0,0.0,0,0,0,0,van
MVI_40172,4,26,51,26,26,0,0.0,0.0,0.0,0,0,0.0,0,0,0,0,car
MVI_40172,5,31,422,392,392,0,0.0,0.0,0.0,0,0,0.0,0,0,0,0,bus
MVI_40172,6,56,76,21,21,0,0.0,0.0,0.0,0,0,0.0,0,0,0,0,car
MVI_40172,7,81,156,76,76,0,0.0,0.0,0.0,0,0,0.0,0,0,0,0,car
MVI_40172,8,151,171,21,21,0,0.0,0.0,0.0,0,0,0.0,0,0,0,0,car
MVI_40172,9,216,251,36,36,0,0.0,0.0,0.0,0,0,0.0,0,0,0,0,car
MVI_40172,10,216,241,26,26,0,0.0,0.0,0.0,0,0,0.0,0,0,0,0,car
MVI_40172,11,276,301,26,26,0,0.0,0.0,0.0,0,0,0.0,0,0,0,0,van
MVI_40172,12,291,326,36,36,0,0.0,0.0,0.0,0,0,0.0,0,0,0,0,car
MVI_40172,13,306,311,6,6,0,0.0,0.0,0.0,0,0,0.0,0,0,0,0,car
MVI_40172,14,326,361,36,36,0,0.0,0.0,0.0,0,0,0.0,0,0,0,0,car
MVI_40172,15,396,421,26,26,0,0.0,0.0,0.0,0,0,0.0,0,0,0,0,car
MVI_40172,16,220,446,227,227,180,0.793,0.7406,1.0,1,180,7.2,1,158,0,0,car
MVI_40172,17,446,486,41,41,0,0.0,0.0,0.0,0,0,0.0,0,0,0,0,car
MVI_40172,18,486,516,31,31,0,0.0,0.0,0.0,0,0,0.0,0,0,0,0,car
MVI_40172,19,521,551,31,31,0,0.0,0.0,0.0,0,0,0.0,0,0,0,0,car
MVI_40172,20,526,571,46,46,0,0.0,0.0,0.0,0,0,0.0,0,0,0,0,car
MVI_40172,21,621,651,31,31,0,0.0,0.0,0.0,0,0,0.0,0,0,0,0,van
MVI_40172,22,641,681,41,41,0,0.0,0.0,0.0,0,0,0.0,0,0,0,0,car
MVI_40172,23,646,691,46,46,0,0.0,0.0,0.0,0,0,0.0,0,0,0,0,car
MVI_40172,24,716,751,36,36,0,0.0,0.0,0.0,0,0,0.0,0,0,0,0,car
MVI_40172,25,746,846,101,101,0,0.0,0.0,0.0,0,0,0.0,0,0,0,0,van
MVI_40172,26,766,806,41,41,0,0.0,0.0,0.0,0,0,0.0,0,0,0,0,car
MVI_40172,27,806,851,46,46,0,0.0,0.0,0.0,0,0,0.0,0,0,0,0,van
MVI_40172,28,846,881,36,36,0,0.0,0.0,0.0,0,0,0.0,0,0,0,0,van
MVI_40172,29,851,881,31,31,0,0.0,0.0,0.0,0,0,0.0,0,0,0,0,car
MVI_40172,30,936,966,31,31,0,0.0,0.0,0.0,0,0,0.0,0,0,0,0,car
MVI_40172,31,951,976,26,26,0,0.0,0.0,0.0,0,0,0.0,0,0,0,0,car
MVI_40172,32,976,1011,36,36,0,0.0,0.0,0.0,0,0,0.0,0,0,0,0,car
MVI_40172,33,991,1006,16,16,0,0.0,0.0,0.0,0,0,0.0,0,0,0,0,car
MVI_40172,34,1041,1076,36,36,0,0.0,0.0,0.0,0,0,0.0,0,0,0,0,car
MVI_40172,35,1051,1096,46,46,39,0.8478,0.2729,0.4226,1,39,1.56,0,0,0,0,car
MVI_40172,36,1101,1141,41,41,37,0.9024,0.3404,0.4952,1,37,1.48,0,0,0,0,car
MVI_40172,37,1101,1191,91,91,0,0.0,0.0,0.0,0,0,0.0,0,0,0,0,car
MVI_40172,38,1196,1211,16,16,0,0.0,0.0,0.0,0,0,0.0,0,0,0,0,van
MVI_40172,39,1221,1301,81,81,0,0.0,0.0,0.0,0,0,0.0,0,0,0,0,car
MVI_40172,40,1276,1346,71,71,29,0.4085,0.2015,0.7352,1,29,1.16,0,0,0,0,car
MVI_40172,41,1286,1326,41,41,39,0.9512,0.3438,0.4631,1,39,1.56,0,0,0,0,van
MVI_40172,42,1306,1326,21,21,0,0.0,0.0,0.0,0,0,0.0,0,0,0,0,car
MVI_40172,43,1341,1411,71,71,0,0.0,0.0,0.0,0,0,0.0,0,0,0,0,car
MVI_40172,44,1341,1386,46,46,0,0.0,0.0,0.0,0,0,0.0,0,0,0,0,car
MVI_40172,45,1371,1391,21,21,0,0.0,0.0,0.0,0,0,0.0,0,0,0,0,car
MVI_40172,46,1381,1426,46,46,0,0.0,0.0,0.0,0,0,0.0,0,0,0,0,car
MVI_40172,47,1406,1456,51,51,48,0.9412,0.3503,0.4716,1,48,1.92,0,0,0,0,car
MVI_40172,48,1426,1481,56,56,0,0.0,0.0,0.0,0,0,0.0,0,0,0,0,car
MVI_40172,49,1441,1466,26,26,0,0.0,0.0,0.0,0,0,0.0,0,0,0,0,car
MVI_40172,50,1451,1501,51,51,51,1.0,0.4743,0.5556,1,51,2.04,0,0,0,0,car
MVI_40172,51,1451,1531,81,81,10,0.1235,0.0225,0.2331,1,10,0.4,0,0,0,0,car
MVI_40172,52,1471,1491,21,21,0,0.0,0.0,0.0,0,0,0.0,0,0,0,0,car
MVI_40172,53,1476,1521,46,46,0,0.0,0.0,0.0,0,0,0.0,0,0,0,0,car
MVI_40172,54,1486,1556,71,71,0,0.0,0.0,0.0,0,0,0.0,0,0,0,0,car
MVI_40172,55,1511,1536,26,26,0,0.0,0.0,0.0,0,0,0.0,0,0,0,0,car
MVI_40172,56,1531,1591,61,61,28,0.459,0.1565,0.4369,1,28,1.12,0,0,0,0,car
MVI_40172,57,1541,1591,51,51,37,0.7255,0.1718,0.2861,1,37,1.48,0,0,0,0,car
MVI_40172,58,1561,1581,21,21,0,0.0,0.0,0.0,0,0,0.0,0,0,0,0,car
MVI_40172,59,1566,1631,66,66,0,0.0,0.0,0.0,0,0,0.0,0,0,0,0,car
MVI_40172,60,1611,1676,66,66,44,0.6667,0.3724,0.8536,1,44,1.76,0,0,0,0,car
MVI_40172,61,1616,1651,36,36,13,0.3611,0.1061,0.3593,1,13,0.52,0,0,0,0,car
MVI_40172,62,1621,1651,31,31,0,0.0,0.0,0.0,0,0,0.0,0,0,0,0,van
MVI_40172,63,1626,1671,46,46,46,1.0,0.4171,0.4906,1,46,1.84,0,0,0,0,van
MVI_40172,64,1651,1716,66,66,0,0.0,0.0,0.0,0,0,0.0,0,0,0,0,car
MVI_40172,65,1666,1711,46,46,29,0.6304,0.201,0.47,1,29,1.16,0,0,0,0,bus
MVI_40172,66,1671,1711,41,41,0,0.0,0.0,0.0,0,0,0.0,0,0,0,0,bus
MVI_40172,67,1681,1721,41,41,31,0.7561,0.2425,0.5437,1,31,1.24,0,0,0,0,car
MVI_40172,68,1716,1786,71,71,0,0.0,0.0,0.0,0,0,0.0,0,0,0,0,van
MVI_40172,69,1771,1806,36,36,0,0.0,0.0,0.0,0,0,0.0,0,0,0,0,car
MVI_40172,70,1816,1851,36,36,0,0.0,0.0,0.0,0,0,0.0,0,0,0,0,car
MVI_40172,71,1846,1871,26,26,0,0.0,0.0,0.0,0,0,0.0,0,0,0,0,car
MVI_40172,72,1916,1941,26,26,0,0.0,0.0,0.0,0,0,0.0,0,0,0,0,car
MVI_40172,73,1921,1956,36,36,0,0.0,0.0,0.0,0,0,0.0,0,0,0,0,car
MVI_40172,74,1966,2001,36,36,0,0.0,0.0,0.0,0,0,0.0,0,0,0,0,car
MVI_40172,75,1991,2021,31,31,0,0.0,0.0,0.0,0,0,0.0,0,0,0,0,car
MVI_40172,76,2021,2066,46,46,0,0.0,0.0,0.0,0,0,0.0,0,0,0,0,van
MVI_40172,77,2031,2066,36,36,0,0.0,0.0,0.0,0,0,0.0,0,0,0,0,car
MVI_40172,78,2036,2116,81,81,0,0.0,0.0,0.0,0,0,0.0,0,0,0,0,car
MVI_40172,79,2066,2266,201,201,114,0.5672,0.3489,0.8175,1,114,4.56,0,0,0,0,others
MVI_40172,80,2086,2156,71,71,0,0.0,0.0,0.0,0,0,0.0,0,0,0,0,car
MVI_40172,81,2086,2131,46,46,0,0.0,0.0,0.0,0,0,0.0,0,0,0,0,car
MVI_40172,82,2146,2181,36,36,0,0.0,0.0,0.0,0,0,0.0,0,0,0,0,car
MVI_40172,83,2156,2206,51,51,0,0.0,0.0,0.0,0,0,0.0,0,0,0,0,car
MVI_40172,84,2181,2236,56,56,0,0.0,0.0,0.0,0,0,0.0,0,0,0,0,car
MVI_40172,85,2181,2231,51,51,0,0.0,0.0,0.0,0,0,0.0,0,0,0,0,car
MVI_40172,86,2191,2221,31,31,0,0.0,0.0,0.0,0,0,0.0,0,0,0,0,car
MVI_40172,87,2206,2256,51,51,0,0.0,0.0,0.0,0,0,0.0,0,0,0,0,car
MVI_40172,88,2221,2271,51,51,0,0.0,0.0,0.0,0,0,0.0,0,0,0,0,car
MVI_40172,89,2266,2311,46,46,0,0.0,0.0,0.0,0,0,0.0,0,0,0,0,car
MVI_40172,90,2301,2351,51,51,0,0.0,0.0,0.0,0,0,0.0,0,0,0,0,car
MVI_40172,91,2306,2336,31,31,0,0.0,0.0,0.0,0,0,0.0,0,0,0,0,van
MVI_40172,92,2396,2466,71,71,0,0.0,0.0,0.0,0,0,0.0,0,0,0,0,car
MVI_40172,93,2416,2441,26,26,0,0.0,0.0,0.0,0,0,0.0,0,0,0,0,car
MVI_40172,94,2471,2521,51,51,0,0.0,0.0,0.0,0,0,0.0,0,0,0,0,bus
MVI_40172,95,2511,2551,41,41,40,0.9756,0.3833,0.5061,1,40,1.6,0,0,0,0,car
MVI_40172,96,2586,2635,50,50,50,1.0,0.3814,0.4774,1,50,2.0,0,0,0,0,car
MVI_40172,97,2611,2635,25,25,0,0.0,0.0,0.0,0,0,0.0,0,0,0,0,car
MVI_40172,99,1,2635,2635,2635,164,0.0622,0.0497,1.0,3,74,2.96,3,42,0,0,car
MVI_40172,100,1,2635,2635,2635,2635,1.0,0.9481,1.0,1,2635,105.4,1,2225,0,0,car
MVI_40172,101,1,2635,2635,2635,2635,1.0,0.9434,1.0,1,2635,105.4,6,1489,0,0,car
MVI_40172,102,1,2635,2635,2635,2635,1.0,0.9133,1.0,1,2635,105.4,12,1062,0,0,car
MVI_40172,105,1,2635,2635,2635,157,0.0596,0.0534,1.0,4,52,2.08,4,47,0,0,car
MVI_40181,1,1,1,1,1,0,0.0,0.0,0.0,0,0,0.0,0,0,0,0,car
MVI_40181,2,1,26,26,26,0,0.0,0.0,0.0,0,0,0.0,0,0,0,0,car
MVI_40181,3,1,326,326,326,90,0.2761,0.0598,0.4399,6,26,1.04,0,0,0,0,bus
MVI_40181,4,1,26,26,26,0,0.0,0.0,0.0,0,0,0.0,0,0,0,0,car
MVI_40181,5,1,31,31,31,0,0.0,0.0,0.0,0,0,0.0,0,0,0,0,car
MVI_40181,6,26,91,66,66,0,0.0,0.0,0.0,0,0,0.0,0,0,0,0,car
MVI_40181,7,41,76,36,36,0,0.0,0.0,0.0,0,0,0.0,0,0,0,0,car
MVI_40181,8,41,766,726,726,208,0.2865,0.0749,0.7752,8,55,2.2,0,0,0,0,bus
MVI_40181,9,66,81,16,16,0,0.0,0.0,0.0,0,0,0.0,0,0,0,0,car
MVI_40181,10,66,101,36,36,0,0.0,0.0,0.0,0,0,0.0,0,0,0,0,car
MVI_40181,11,71,146,76,76,72,0.9474,0.463,0.6933,1,72,2.88,0,0,0,0,car
MVI_40181,12,126,201,76,76,6,0.0789,0.023,0.1478,1,6,0.24,0,0,0,0,car
MVI_40181,13,126,156,31,31,0,0.0,0.0,0.0,0,0,0.0,0,0,0,0,van
MVI_40181,14,151,221,71,71,20,0.2817,0.0487,0.2658,1,20,0.8,0,0,0,0,car
MVI_40181,15,161,231,71,71,45,0.6338,0.2133,0.4646,1,45,1.8,0,0,0,0,van
MVI_40181,16,176,211,36,36,0,0.0,0.0,0.0,0,0,0.0,0,0,0,0,car
MVI_40181,17,181,251,71,71,0,0.0,0.0,0.0,0,0,0.0,0,0,0,0,car
MVI_40181,18,191,266,76,76,25,0.3289,0.0871,0.3537,1,25,1.0,0,0,0,0,car
MVI_40181,19,196,226,31,31,0,0.0,0.0,0.0,0,0,0.0,0,0,0,0,car
MVI_40181,20,241,281,41,41,0,0.0,0.0,0.0,0,0,0.0,0,0,0,0,van
MVI_40181,21,246,331,86,86,0,0.0,0.0,0.0,0,0,0.0,0,0,0,0,car
MVI_40181,22,296,321,26,26,0,0.0,0.0,0.0,0,0,0.0,0,0,0,0,car
MVI_40181,23,301,371,71,71,0,0.0,0.0,0.0,0,0,0.0,0,0,0,0,car
MVI_40181,24,316,356,41,41,0,0.0,0.0,0.0,0,0,0.0,0,0,0,0,car
MVI_40181,25,371,396,26,26,0,0.0,0.0,0.0,0,0,0.0,0,0,0,0,car
MVI_40181,26,416,451,36,36,0,0.0,0.0,0.0,0,0,0.0,0,0,0,0,car
MVI_40181,27,416,471,56,56,48,0.8571,0.2144,0.4875,1,48,1.92,0,0,0,0,car
MVI_40181,28,431,471,41,41,0,0.0,0.0,0.0,0,0,0.0,0,0,0,0,car
MVI_40181,29,436,531,96,96,12,0.125,0.0222,0.1709,1,12,0.48,0,0,0,0,others
MVI_40181,30,471,511,41,41,0,0.0,0.0,0.0,0,0,0.0,0,0,0,0,car
MVI_40181,31,481,531,51,51,51,1.0,0.47,0.5597,1,51,2.04,0,0,0,0,car
MVI_40181,32,486,531,46,46,0,0.0,0.0,0.0,0,0,0.0,0,0,0,0,car
MVI_40181,33,551,621,71,71,0,0.0,0.0021,0.0339,0,0,0.0,0,0,0,0,car
MVI_40181,34,571,611,41,41,0,0.0,0.0,0.0,0,0,0.0,0,0,0,0,car
MVI_40181,35,591,651,61,61,58,0.9508,0.3038,0.4469,1,58,2.32,0,0,0,0,car
MVI_40181,36,606,666,61,61,0,0.0,0.0,0.0,0,0,0.0,0,0,0,0,car
MVI_40181,37,606,661,56,56,0,0.0,0.0,0.0,0,0,0.0,0,0,0,0,car
MVI_40181,38,631,716,86,86,9,0.1047,0.0579,0.1346,1,12,0.48,0,0,0,0,car
MVI_40181,39,641,696,56,56,0,0.0,0.0,0.0,0,0,0.0,0,0,0,0,car
MVI_40181,40,676,746,71,71,68,0.9577,0.4188,0.5681,1,68,2.72,0,0,0,0,car
MVI_40181,41,676,756,81,81,62,0.7654,0.1939,0.4131,1,61,2.44,0,0,0,0,car
MVI_40181,42,681,726,46,46,0,0.0,0.0,0.0,0,0,0.0,0,0,0,0,car
MVI_40181,43,681,736,56,56,0,0.0,0.0,0.0,0,0,0.0,0,0,0,0,van
MVI_40181,44,711,756,46,46,0,0.0,0.0,0.0,0,0,0.0,0,0,0,0,car
MVI_40181,45,726,796,71,71,47,0.662,0.1921,0.4672,1,48,1.92,0,0,0,0,car
MVI_40181,46,746,801,56,56,0,0.0,0.0,0.0,0,0,0.0,0,0,0,0,car
MVI_40181,47,761,856,96,96,0,0.0,0.0,0.0,0,0,0.0,0,0,0,0,car
MVI_40181,48,761,806,46,46,0,0.0,0.0,0.0,0,0,0.0,0,0,0,0,car
MVI_40181,49,791,841,51,51,0,0.0,0.0,0.0,0,0,0.0,0,0,0,0,van
MVI_40181,50,821,871,51,51,0,0.0,0.0,0.0,0,0,0.0,0,0,0,0,car
MVI_40181,51,846,931,86,86,0,0.0,0.0,0.0,0,0,0.0,0,0,0,0,car
MVI_40181,52,916,1001,86,86,0,0.0,0.0,0.0,0,0,0.0,0,0,0,0,car
MVI_40181,53,921,961,41,41,0,0.0,0.0,0.0,0,0,0.0,0,0,0,0,car
MVI_40181,54,961,1066,106,106,0,0.0,0.0,0.0,0,0,0.0,0,0,0,0,car
MVI_40181,55,1001,1046,46,46,0,0.0,0.0,0.0,0,0,0.0,0,0,0,0,car
MVI_40181,56,1006,1101,96,96,29,0.3021,0.1135,0.5303,1,29,1.16,0,0,0,0,car
MVI_40181,57,1031,1611,581,581,193,0.3322,0.0638,0.2437,9,32,1.28,0,0,0,0,bus
MVI_40181,58,1041,1101,61,61,61,1.0,0.4768,0.5984,1,61,2.44,0,0,0,0,van
MVI_40181,59,1041,1076,36,36,0,0.0,0.0,0.0,0,0,0.0,0,0,0,0,car
MVI_40181,60,1051,1146,96,96,5,0.0521,0.0135,0.3351,1,5,0.2,0,0,0,0,car
MVI_40181,61,1076,1116,41,41,0,0.0,0.0,0.0,0,0,0.0,0,0,0,0,car
MVI_40181,62,1086,1146,61,61,61,1.0,0.4779,0.546,1,61,2.44,0,0,0,0,car
MVI_40181,63,1106,1146,41,41,0,0.0,0.0,0.0,0,0,0.0,0,0,0,0,car
MVI_40181,64,1126,1231,106,106,0,0.0,0.0,0.0,0,0,0.0,0,0,0,0,bus
MVI_40181,65,1146,1241,96,96,20,0.2083,0.063,0.4484,1,20,0.8,0,0,0,0,car
MVI_40181,66,1151,1211,61,61,57,0.9344,0.4444,0.6494,1,57,2.28,0,0,0,0,car
MVI_40181,67,1176,1700,525,525,166,0.3162,0.0586,0.2735,9,32,1.28,0,0,0,0,bus
MVI_40181,68,1176,1226,51,51,48,0.9412,0.6101,1.0,1,48,1.92,1,11,0,0,car
MVI_40181,69,1181,1286,106,106,0,0.0,0.0,0.0,0,0,0.0,0,0,0,0,car
MVI_40181,70,1191,1251,61,61,0,0.0,0.0,0.0,0,0,0.0,0,0,0,0,car
MVI_40181,71,1246,1336,91,91,8,0.0879,0.0248,0.3321,1,8,0.32,0,0,0,0,car
MVI_40181,72,1271,1366,96,96,17,0.1771,0.0519,0.3456,1,17,0.68,0,0,0,0,car
MVI_40181,73,1276,1326,51,51,0,0.0,0.0,0.0,0,0,0.0,0,0,0,0,car
MVI_40181,74,1281,1341,61,61,59,0.9672,0.4637,0.597,1,59,2.36,0,0,0,0,car
MVI_40181,75,1331,1386,56,56,56,1.0,0.5327,0.6581,1,56,2.24,0,0,0,0,car
MVI_40181,76,1391,1481,91,91,13,0.1429,0.0383,0.1356,1,13,0.52,0,0,0,0,car
MVI_40181,77,1401,1446,46,46,0,0.0,0.0,0.0,0,0,0.0,0,0,0,0,car
MVI_40181,78,1431,1521,91,91,0,0.0,0.0005,0.0155,0,0,0.0,0,0,0,0,car
MVI_40181,79,1496,1581,86,86,0,0.0,0.0058,0.0606,0,0,0.0,0,0,0,0,car
MVI_40181,80,1496,1536,41,41,0,0.0,0.0,0.0,0,0,0.0,0,0,0,0,car
MVI_40181,81,1506,1591,86,86,0,0.0,0.0,0.0,0,0,0.0,0,0,0,0,bus
MVI_40181,82,1536,1631,96,96,26,0.2708,0.1212,0.6317,1,26,1.04,0,0,0,0,car
MVI_40181,83,1571,1626,56,56,53,0.9464,0.3755,0.5294,1,53,2.12,0,0,0,0,van
MVI_40181,84,1586,1676,91,91,6,0.0659,0.0146,0.3147,1,6,0.24,0,0,0,0,car
MVI_40181,85,1621,1681,61,61,61,1.0,0.4349,0.5675,1,61,2.44,0,0,0,0,car
MVI_40181,86,1651,1700,50,50,0,0.0,0.0,0.0,0,0,0.0,0,0,0,0,van
MVI_40191,1,1,1,1,1,0,0.0,0.0,0.0,0,0,0.0,0,0,0,0,car
MVI_40191,2,1,26,26,26,0,0.0,0.0,0.0,0,0,0.0,0,0,0,0,van
MVI_40191,3,1,61,61,61,0,0.0,0.0,0.0,0,0,0.0,0,0,0,0,car
MVI_40191,4,1,121,121,121,0,0.0,0.0,0.0,0,0,0.0,0,0,0,0,car
MVI_40191,5,1,116,116,116,0,0.0,0.0,0.0,0,0,0.0,0,0,0,0,car
MVI_40191,6,1,6,6,6,0,0.0,0.0,0.0,0,0,0.0,0,0,0,0,car
MVI_40191,7,1,11,11,11,11,1.0,0.2415,0.2959,1,11,0.44,0,0,0,0,car
MVI_40191,8,1,21,21,21,0,0.0,0.0,0.0,0,0,0.0,0,0,0,0,car
MVI_40191,9,1,26,26,26,0,0.0,0.0,0.0,0,0,0.0,0,0,0,0,car
MVI_40191,10,1,71,71,71,0,0.0,0.0,0.0,0,0,0.0,0,0,0,0,car
MVI_40191,11,1,96,96,96,0,0.0,0.0,0.0,0,0,0.0,0,0,0,0,car
MVI_40191,12,1,86,86,86,0,0.0,0.0,0.0,0,0,0.0,0,0,0,0,van
MVI_40191,13,1,106,106,106,0,0.0,0.0,0.0,0,0,0.0,0,0,0,0,car
MVI_40191,14,1,106,106,106,0,0.0,0.0,0.0,0,0,0.0,0,0,0,0,car
MVI_40191,15,1,121,121,121,0,0.0,0.0,0.0,0,0,0.0,0,0,0,0,car
MVI_40191,16,1,141,141,141,0,0.0,0.0,0.0,0,0,0.0,0,0,0,0,car
MVI_40191,17,16,146,131,131,0,0.0,0.0,0.0,0,0,0.0,0,0,0,0,car
MVI_40191,18,16,141,126,126,0,0.0,0.0,0.0,0,0,0.0,0,0,0,0,car
MVI_40191,19,36,176,141,141,0,0.0,0.0,0.0,0,0,0.0,0,0,0,0,van
MVI_40191,20,46,141,96,96,0,0.0,0.0,0.0,0,0,0.0,0,0,0,0,car
MVI_40191,21,76,171,96,96,0,0.0,0.0,0.0,0,0,0.0,0,0,0,0,van
MVI_40191,22,76,211,136,136,20,0.1471,0.0306,0.2505,2,18,0.72,0,0,0,0,car
MVI_40191,23,81,186,106,106,0,0.0,0.0,0.0,0,0,0.0,0,0,0,0,car
MVI_40191,24,81,211,131,131,0,0.0,0.0,0.0,0,0,0.0,0,0,0,0,car
MVI_40191,25,91,216,126,126,0,0.0,0.0,0.0,0,0,0.0,0,0,0,0,car
MVI_40191,26,91,191,101,101,22,0.2178,0.0432,0.1882,1,22,0.88,0,0,0,0,van
MVI_40191,27,101,191,91,91,0,0.0,0.0,0.0,0,0,0.0,0,0,0,0,car
MVI_40191,28,106,236,131,131,0,0.0,0.0,0.0,0,0,0.0,0,0,0,0,car
MVI_40191,29,121,261,141,141,0,0.0,0.0,0.0,0,0,0.0,0,0,0,0,car
MVI_40191,30,126,236,111,111,0,0.0,0.0,0.0,0,0,0.0,0,0,0,0,car
MVI_40191,31,141,246,106,106,0,0.0,0.0,0.0,0,0,0.0,0,0,0,0,car
MVI_40191,32,141,261,121,121,0,0.0,0.0,0.0,0,0,0.0,0,0,0,0,car
MVI_40191,33,146,276,131,131,0,0.0,0.0,0.0,0,0,0.0,0,0,0,0,car
MVI_40191,34,151,286,136,136,0,0.0,0.0,0.0,0,0,0.0,0,0,0,0,car
MVI_40191,35,171,291,121,121,32,0.2645,0.0574,0.2091,1,32,1.28,0,0,0,0,car
MVI_40191,36,186,291,106,106,0,0.0,0.0,0.0,0,0,0.0,0,0,0,0,car
MVI_40191,37,186,316,131,131,0,0.0,0.0,0.0,0,0,0.0,0,0,0,0,car
MVI_40191,38,196,286,91,91,84,0.9231,0.1931,0.3385,2,82,3.28,0,0,0,0,car
MVI_40191,39,201,321,121,121,0,0.0,0.0,0.0,0,0,0.0,0,0,0,0,car
MVI_40191,40,206,336,131,131,0,0.0,0.0,0.0,0,0,0.0,0,0,0,0,car
MVI_40191,41,226,346,121,121,5,0.0413,0.0086,0.1217,1,5,0.2,0,0,0,0,car
MVI_40191,42,226,356,131,131,0,0.0,0.0,0.0,0,0,0.0,0,0,0,0,car
MVI_40191,43,231,326,96,96,0,0.0,0.0,0.0,0,0,0.0,0,0,0,0,car
MVI_40191,44,241,371,131,131,0,0.0,0.0,0.0,0,0,0.0,0,0,0,0,car
MVI_40191,45,251,376,126,126,0,0.0,0.0,0.0,0,0,0.0,0,0,0,0,car
MVI_40191,46,266,391,126,126,0,0.0,0.0,0.0,0,0,0.0,0,0,0,0,car
MVI_40191,47,266,361,96,96,0,0.0,0.0,0.0,0,0,0.0,0,0,0,0,car
MVI_40191,48,281,421,141,141,0,0.0,0.0,0.0,0,0,0.0,0,0,0,0,car
MVI_40191,49,281,376,96,96,0,0.0,0.0,0.0,0,0,0.0,0,0,0,0,car
MVI_40191,50,306,441,136,136,0,0.0,0.0,0.0,0,0,0.0,0,0,0,0,car
MVI_40191,51,311,441,131,131,0,0.0,0.0,0.0,0,0,0.0,0,0,0,0,car
MVI_40191,52,316,456,141,141,0,0.0,0.0,0.0,0,0,0.0,0,0,0,0,car
MVI_40191,53,336,456,121,121,0,0.0,0.0,0.0,0,0,0.0,0,0,0,0,van
MVI_40191,54,346,446,101,101,0,0.0,0.0,0.0,0,0,0.0,0,0,0,0,van
MVI_40191,55,346,471,126,126,0,0.0,0.0,0.0,0,0,0.0,0,0,0,0,car
MVI_40191,56,361,481,121,121,0,0.0,0.0,0.0,0,0,0.0,0,0,0,0,car
MVI_40191,57,366,486,121,121,0,0.0,0.0,0.0,0,0,0.0,0,0,0,0,car
MVI_40191,58,371,496,126,126,0,0.0,0.0,0.0,0,0,0.0,0,0,0,0,car
MVI_40191,59,371,511,141,141,0,0.0,0.0,0.0,0,0,0.0,0,0,0,0,car
MVI_40191,60,381,451,71,71,0,0.0,0.0,0.0,0,0,0.0,0,0,0,0,car
MVI_40191,61,386,506,121,121,0,0.0,0.0,0.0,0,0,0.0,0,0,0,0,car
MVI_40191,62,386,511,126,126,50,0.3968,0.0954,0.3821,1,50,2.0,0,0,0,0,car
MVI_40191,63,391,511,121,121,0,0.0,0.0,0.0,0,0,0.0,0,0,0,0,car
MVI_40191,64,396,526,131,131,0,0.0,0.0,0.0,0,0,0.0,0,0,0,0,car
MVI_40191,65,406,536,131,131,0,0.0,0.0,0.0,0,0,0.0,0,0,0,0,car
MVI_40191,66,431,566,136,136,0,0.0,0.0,0.0,0,0,0.0,0,0,0,0,car
MVI_40191,67,436,546,111,111,0,0.0,0.0,0.0,0,0,0.0,0,0,0,0,car
MVI_40191,68,436,561,126,126,18,0.1429,0.024,0.248,1,18,0.72,0,0,0,0,car
MVI_40191,69,436,556,121,121,0,0.0,0.0,0.0,0,0,0.0,0,0,0,0,others
MVI_40191,70,446,541,96,96,4,0.0417,0.0126,0.3134,1,4,0.16,0,0,0,0,car
MVI_40191,71,456,531,76,76,0,0.0,0.0,0.0,0,0,0.0,0,0,0,0,car
MVI_40191,72,466,551,86,86,0,0.0,0.0,0.0,0,0,0.0,0,0,0,0,car
MVI_40191,73,476,576,101,101,26,0.2574,0.0553,0.2835,1,26,1.04,0,0,0,0,car
MVI_40191,74,486,591,106,106,0,0.0,0.0,0.0,0,0,0.0,0,0,0,0,car
MVI_40191,75,491,636,146,146,0,0.0,0.0,0.0,0,0,0.0,0,0,0,0,car
MVI_40191,76,506,636,131,131,0,0.0,0.0,0.0,0,0,0.0,0,0,0,0,car
MVI_40191,77,511,626,116,116,0,0.0,0.0,0.0,0,0,0.0,0,0,0,0,car
MVI_40191,78,521,666,146,146,0,0.0,0.0,0.0,0,0,0.0,0,0,0,0,car
MVI_40191,79,531,646,116,116,0,0.0,0.0,0.0,0,0,0.0,0,0,0,0,car
MVI_40191,80,536,666,131,131,0,0.0,0.0,0.0,0,0,0.0,0,0,0,0,car
MVI_40191,81,546,696,151,151,7,0.0464,0.014,0.5268,1,7,0.28,0,0,0,0,car
MVI_40191,82,546,631,86,86,0,0.0,0.0,0.0,0,0,0.0,0,0,0,0,car
MVI_40191,83,551,666,116,116,0,0.0,0.0,0.0,0,0,0.0,0,0,0,0,car
MVI_40191,84,551,681,131,131,0,0.0,0.0,0.0,0,0,0.0,0,0,0,0,car
MVI_40191,85,566,726,161,161,45,0.2795,0.0811,0.4165,3,27,1.08,0,0,0,0,car
MVI_40191,86,571,706,136,136,22,0.1618,0.0379,0.2827,1,22,0.88,0,0,0,0,car
MVI_40191,87,576,706,131,131,0,0.0,0.0,0.0,0,0,0.0,0,0,0,0,van
MVI_40191,88,576,666,91,91,0,0.0,0.0,0.0,0,0,0.0,0,0,0,0,car
MVI_40191,89,581,696,116,116,0,0.0,0.0,0.0,0,0,0.0,0,0,0,0,car
MVI_40191,90,581,716,136,136,0,0.0,0.0,0.0,0,0,0.0,0,0,0,0,car
MVI_40191,91,586,716,131,131,41,0.313,0.076,0.3484,1,41,1.64,0,0,0,0,car
MVI_40191,92,601,716,116,116,0,0.0,0.0,0.0,0,0,0.0,0,0,0,0,car
MVI_40191,93,611,736,126,126,40,0.3175,0.0928,0.4979,1,40,1.6,0,0,0,0,car
MVI_40191,94,611,696,86,86,0,0.0,0.0,0.0,0,0,0.0,0,0,0,0,car
MVI_40191,95,626,761,136,136,11,0.0809,0.0144,0.1187,1,11,0.44,0,0,0,0,car
MVI_40191,96,626,741,116,116,0,0.0,0.0,0.0,0,0,0.0,0,0,0,0,car
MVI_40191,97,631,766,136,136,23,0.1691,0.0374,0.3028,2,20,0.8,0,0,0,0,car
MVI_40191,98,641,761,121,121,0,0.0,0.0,0.0,0,0,0.0,0,0,0,0,van
MVI_40191,99,646,731,86,86,0,0.0,0.0,0.0,0,0,0.0,0,0,0,0,car
MVI_40191,100,661,801,141,141,0,0.0,0.0,0.0,0,0,0.0,0,0,0,0,van
MVI_40191,101,666,786,121,121,0,0.0,0.0,0.0,0,0,0.0,0,0,0,0,car
MVI_40191,102,666,801,136,136,0,0.0,0.0,0.0,0,0,0.0,0,0,0,0,car
MVI_40191,103,676,796,121,121,0,0.0,0.0,0.0,0,0,0.0,0,0,0,0,car
MVI_40191,104,691,816,126,126,0,0.0,0.0,0.0,0,0,0.0,0,0,0,0,van
MVI_40191,105,701,841,141,141,0,0.0,0.0,0.0,0,0,0.0,0,0,0,0,car
MVI_40191,106,701,816,116,116,0,0.0,0.0,0.0,0,0,0.0,0,0,0,0,van
MVI_40191,107,721,846,126,126,0,0.0,0.0,0.0,0,0,0.0,0,0,0,0,van
MVI_40191,108,731,871,141,141,0,0.0,0.0,0.0,0,0,0.0,0,0,0,0,van
MVI_40191,109,741,861,121,121,0,0.0,0.0,0.0,0,0,0.0,0,0,0,0,car
MVI_40191,110,751,866,116,116,0,0.0,0.0,0.0,0,0,0.0,0,0,0,0,car
MVI_40191,111,751,871,121,121,0,0.0,0.0,0.0,0,0,0.0,0,0,0,0,car
MVI_40191,112,766,906,141,141,11,0.078,0.0221,0.2914,1,11,0.44,0,0,0,0,car
MVI_40191,113,771,846,76,76,0,0.0,0.0,0.0,0,0,0.0,0,0,0,0,car
MVI_40191,114,771,886,116,116,0,0.0,0.0,0.0,0,0,0.0,0,0,0,0,van
MVI_40191,116,776,901,126,126,2,0.0159,0.0039,0.1458,1,2,0.08,0,0,0,0,car
MVI_40191,117,776,906,131,131,0,0.0,0.0,0.0,0,0,0.0,0,0,0,0,car
MVI_40191,118,806,931,126,126,0,0.0,0.0,0.0,0,0,0.0,0,0,0,0,car
MVI_40191,119,811,936,126,126,0,0.0,0.0,0.0,0,0,0.0,0,0,0,0,van
MVI_40191,120,836,966,131,131,51,0.3893,0.1181,0.3757,1,51,2.04,0,0,0,0,van
MVI_40191,121,841,956,116,116,59,0.5086,0.1023,0.3214,1,60,2.4,0,0,0,0,van
MVI_40191,122,841,966,126,126,0,0.0,0.0,0.0,0,0,0.0,0,0,0,0,car
MVI_40191,123,846,971,126,126,67,0.5317,0.1272,0.3987,1,67,2.68,0,0,0,0,car
MVI_40191,124,876,1001,126,126,0,0.0,0.0,0.0,0,0,0.0,0,0,0,0,car
MVI_40191,125,876,981,106,106,0,0.0,0.0,0.0,0,0,0.0,0,0,0,0,car
MVI_40191,126,876,996,121,121,0,0.0,0.0,0.0,0,0,0.0,0,0,0,0,van
MVI_40191,127,881,1001,121,121,0,0.0,0.0,0.0,0,0,0.0,0,0,0,0,car
MVI_40191,128,881,996,116,116,0,0.0,0.0,0.0,0,0,0.0,0,0,0,0,car
MVI_40191,129,891,1021,131,131,10,0.0763,0.0222,0.1502,1,9,0.36,0,0,0,0,car
MVI_40191,130,906,996,91,91,0,0.0,0.0,0.0,0,0,0.0,0,0,0,0,car
MVI_40191,131,906,996,91,91,0,0.0,0.0,0.0,0,0,0.0,0,0,0,0,car
MVI_40191,132,916,1041,126,126,0,0.0,0.0,0.0,0,0,0.0,0,0,0,0,car
MVI_40191,133,916,1026,111,111,0,0.0,0.0,0.0,0,0,0.0,0,0,0,0,van
MVI_40191,134,926,1056,131,131,0,0.0,0.0,0.0,0,0,0.0,0,0,0,0,car
MVI_40191,135,941,1081,141,141,0,0.0,0.0,0.0,0,0,0.0,0,0,0,0,car
MVI_40191,136,946,1066,121,121,11,0.0909,0.0176,0.1447,2,7,0.28,0,0,0,0,car
MVI_40191,137,971,1086,116,116,0,0.0,0.0,0.0,0,0,0.0,0,0,0,0,van
MVI_40191,138,971,1081,111,111,0,0.0,0.0,0.0,0,0,0.0,0,0,0,0,car
MVI_40191,139,976,1096,121,121,0,0.0,0.0,0.0,0,0,0.0,0,0,0,0,car
MVI_40191,140,981,1091,111,111,0,0.0,0.0,0.0,0,0,0.0,0,0,0,0,car
MVI_40191,141,991,1091,101,101,0,0.0,0.0,0.0,0,0,0.0,0,0,0,0,van
MVI_40191,142,1011,1121,111,111,0,0.0,0.0,0.0,0,0,0.0,0,0,0,0,car
MVI_40191,143,1011,1136,126,126,0,0.0,0.0,0.0,0,0,0.0,0,0,0,0,car
MVI_40191,144,1016,1111,96,96,0,0.0,0.0,0.0,0,0,0.0,0,0,0,0,car
MVI_40191,145,1041,1161,121,121,0,0.0,0.0,0.0,0,0,0.0,0,0,0,0,car
MVI_40191,146,1086,1201,116,116,0,0.0,0.0,0.0,0,0,0.0,0,0,0,0,van
MVI_40191,147,1096,1211,116,116,0,0.0,0.0,0.0,0,0,0.0,0,0,0,0,car
MVI_40191,148,1096,1206,111,111,0,0.0,0.0,0.0,0,0,0.0,0,0,0,0,car
MVI_40191,149,1111,1226,116,116,0,0.0,0.0,0.0,0,0,0.0,0,0,0,0,car
MVI_40191,150,1111,1211,101,101,0,0.0,0.0,0.0,0,0,0.0,0,0,0,0,car
MVI_40191,151,1121,1226,106,106,0,0.0,0.0,0.0,0,0,0.0,0,0,0,0,van
MVI_40191,152,1136,1221,86,86,0,0.0,0.0067,0.068,0,0,0.0,0,0,0,0,car
MVI_40191,153,1136,1236,101,101,0,0.0,0.0,0.0,0,0,0.0,0,0,0,0,car
MVI_40191,154,1141,1216,76,76,0,0.0,0.0,0.0,0,0,0.0,0,0,0,0,car
MVI_40191,155,1146,1241,96,96,0,0.0,0.0,0.0,0,0,0.0,0,0,0,0,car
MVI_40191,156,1151,1261,111,111,0,0.0,0.0,0.0,0,0,0.0,0,0,0,0,car
MVI_40191,157,1171,1241,71,71,0,0.0,0.0,0.0,0,0,0.0,0,0,0,0,car
MVI_40191,158,1171,1286,116,116,0,0.0,0.0,0.0,0,0,0.0,0,0,0,0,car
MVI_40191,159,1171,1256,86,86,0,0.0,0.0,0.0,0,0,0.0,0,0,0,0,car
MVI_40191,160,1186,1291,106,106,0,0.0,0.0,0.0,0,0,0.0,0,0,0,0,car
MVI_40191,161,1196,1291,96,96,0,0.0,0.0,0.0,0,0,0.0,0,0,0,0,car
MVI_40191,162,1206,1331,126,126,0,0.0,0.0,0.0,0,0,0.0,0,0,0,0,car
MVI_40191,163,1226,1311,86,86,0,0.0,0.0,0.0,0,0,0.0,0,0,0,0,car
MVI_40191,164,1241,1336,96,96,0,0.0,0.0,0.0,0,0,0.0,0,0,0,0,car
MVI_40191,165,1256,1381,126,126,0,0.0,0.0,0.0,0,0,0.0,0,0,0,0,car
MVI_40191,166,1261,1391,131,131,0,0.0,0.0,0.0,0,0,0.0,0,0,0,0,car
MVI_40191,167,1261,1361,101,101,0,0.0,0.0,0.0,0,0,0.0,0,0,0,0,car
MVI_40191,168,1266,1386,121,121,0,0.0,0.0,0.0,0,0,0.0,0,0,0,0,car
MVI_40191,169,1271,1366,96,96,0,0.0,0.0,0.0,0,0,0.0,0,0,0,0,van
MVI_40191,170,1271,1351,81,81,0,0.0,0.0,0.0,0,0,0.0,0,0,0,0,car
MVI_40191,171,1281,1356,76,76,15,0.1974,0.0419,0.1134,2,8,0.32,0,0,0,0,car
MVI_40191,172,1301,1396,96,96,0,0.0,0.0,0.0,0,0,0.0,0,0,0,0,car
MVI_40191,173,1301,1401,101,101,0,0.0,0.0,0.0,0,0,0.0,0,0,0,0,car
MVI_40191,174,1306,1406,101,101,0,0.0,0.0,0.0,0,0,0.0,0,0,0,0,car
MVI_40191,175,1326,1456,131,131,0,0.0,0.0,0.0,0,0,0.0,0,0,0,0,car
MVI_40191,176,1331,1446,116,116,0,0.0,0.0,0.0,0,0,0.0,0,0,0,0,car
MVI_40191,177,1331,1461,131,131,0,0.0,0.0,0.0,0,0,0.0,0,0,0,0,car
MVI_40191,178,1341,1436,96,96,0,0.0,0.0,0.0,0,0,0.0,0,0,0,0,van
MVI_40191,179,1346,1426,81,81,0,0.0,0.0,0.0,0,0,0.0,0,0,0,0,car
MVI_40191,180,1356,1486,131,131,3,0.0229,0.0068,0.1087,1,3,0.12,0,0,0,0,car
MVI_40191,181,1361,1486,126,126,0,0.0,0.0,0.0,0,0,0.0,0,0,0,0,car
MVI_40191,182,1361,1466,106,106,0,0.0,0.0,0.0,0,0,0.0,0,0,0,0,car
MVI_40191,183,1376,1461,86,86,0,0.0,0.0,0.0,0,0,0.0,0,0,0,0,car
MVI_40191,184,1386,1486,101,101,0,0.0,0.0,0.0,0,0,0.0,0,0,0,0,car
MVI_40191,185,1391,1511,121,121,0,0.0,0.0,0.0,0,0,0.0,0,0,0,0,car
MVI_40191,186,1396,1496,101,101,0,0.0,0.0,0.0,0,0,0.0,0,0,0,0,van
MVI_40191,187,1396,1481,86,86,0,0.0,0.0,0.0,0,0,0.0,0,0,0,0,car
MVI_40191,188,1401,1516,116,116,0,0.0,0.0,0.0,0,0,0.0,0,0,0,0,car
MVI_40191,189,1406,1506,101,101,0,0.0,0.0,0.0,0,0,0.0,0,0,0,0,car
MVI_40191,190,1431,1551,121,121,0,0.0,0.0,0.0,0,0,0.0,0,0,0,0,car
MVI_40191,191,1436,1561,126,126,0,0.0,0.0,0.0,0,0,0.0,0,0,0,0,car
MVI_40191,192,1446,1551,106,106,0,0.0,0.0,0.0,0,0,0.0,0,0,0,0,car
MVI_40191,193,1471,1576,106,106,0,0.0,0.0,0.0,0,0,0.0,0,0,0,0,car
MVI_40191,194,1476,1601,126,126,0,0.0,0.0,0.0,0,0,0.0,0,0,0,0,car
MVI_40191,195,1486,1586,101,101,0,0.0,0.0,0.0,0,0,0.0,0,0,0,0,car
MVI_40191,196,1496,1621,126,126,0,0.0,0.0,0.0,0,0,0.0,0,0,0,0,van
MVI_40191,197,1506,1606,101,101,0,0.0,0.0,0.0,0,0,0.0,0,0,0,0,car
MVI_40191,198,1506,1596,91,91,0,0.0,0.0,0.0,0,0,0.0,0,0,0,0,car
MVI_40191,199,1516,1616,101,101,0,0.0,0.0,0.0,0,0,0.0,0,0,0,0,van
MVI_40191,200,1521,1621,101,101,0,0.0,0.0,0.0,0,0,0.0,0,0,0,0,car
MVI_40191,201,1531,1631,101,101,56,0.5545,0.1243,0.282,1,56,2.24,0,0,0,0,car
MVI_40191,202,1551,1651,101,101,0,0.0,0.0,0.0,0,0,0.0,0,0,0,0,car
MVI_40191,203,1561,1696,136,136,0,0.0,0.0,0.0,0,0,0.0,0,0,0,0,car
MVI_40191,204,1571,1721,151,151,9,0.0596,0.0153,0.1903,2,7,0.28,0,0,0,0,car
MVI_40191,205,1581,1691,111,111,0,0.0,0.0,0.0,0,0,0.0,0,0,0,0,car
MVI_40191,206,1581,1686,106,106,0,0.0,0.0,0.0,0,0,0.0,0,0,0,0,car
MVI_40191,207,1581,1691,111,111,0,0.0,0.0,0.0,0,0,0.0,0,0,0,0,car
MVI_40191,208,1581,1681,101,101,0,0.0,0.0,0.0,0,0,0.0,0,0,0,0,car
MVI_40191,209,1591,1731,141,141,0,0.0,0.0,0.0,0,0,0.0,0,0,0,0,car
MVI_40191,210,1601,1746,146,146,0,0.0,0.0,0.0,0,0,0.0,0,0,0,0,car
MVI_40191,211,1606,1706,101,101,0,0.0,0.0,0.0,0,0,0.0,0,0,0,0,car
MVI_40191,212,1621,1721,101,101,0,0.0,0.0,0.0,0,0,0.0,0,0,0,0,car
MVI_40191,213,1631,1746,116,116,0,0.0,0.0,0.0,0,0,0.0,0,0,0,0,car
MVI_40191,214,1636,1776,141,141,11,0.078,0.0193,0.1577,2,9,0.36,0,0,0,0,car
MVI_40191,215,1656,1791,136,136,0,0.0,0.0,0.0,0,0,0.0,0,0,0,0,car
MVI_40191,216,1661,1816,156,156,0,0.0,0.0,0.0,0,0,0.0,0,0,0,0,car
MVI_40191,217,1676,1786,111,111,0,0.0,0.0,0.0,0,0,0.0,0,0,0,0,car
MVI_40191,218,1676,1791,116,116,0,0.0,0.0,0.0,0,0,0.0,0,0,0,0,car
MVI_40191,219,1681,1796,116,116,0,0.0,0.0,0.0,0,0,0.0,0,0,0,0,van
MVI_40191,220,1681,1816,136,136,3,0.0221,0.0118,0.1101,1,3,0.12,0,0,0,0,car
MVI_40191,221,1686,1791,106,106,0,0.0,0.0,0.0,0,0,0.0,0,0,0,0,car
MVI_40191,222,1691,1836,146,146,39,0.2671,0.0637,0.2958,1,39,1.56,0,0,0,0,car
MVI_40191,223,1696,1851,156,156,35,0.2244,0.0488,0.2931,1,35,1.4,0,0,0,0,car
MVI_40191,224,1721,1856,136,136,0,0.0,0.0,0.0,0,0,0.0,0,0,0,0,car
MVI_40191,225,1721,1876,156,156,0,0.0,0.0,0.0,0,0,0.0,0,0,0,0,car
MVI_40191,226,1721,1861,141,141,0,0.0,0.0,0.0,0,0,0.0,0,0,0,0,car
MVI_40191,227,1726,1831,106,106,0,0.0,0.0,0.0,0,0,0.0,0,0,0,0,car
MVI_40191,228,1756,1891,136,136,0,0.0,0.0,0.0,0,0,0.0,0,0,0,0,car
MVI_40191,229,1766,1921,156,156,0,0.0,0.0,0.0,0,0,0.0,0,0,0,0,car
MVI_40191,230,1771,1891,121,121,0,0.0,0.0,0.0,0,0,0.0,0,0,0,0,van
MVI_40191,231,1781,1876,96,96,27,0.2812,0.0812,0.379,1,27,1.08,0,0,0,0,car
MVI_40191,232,1791,1936,146,146,83,0.5685,0.2043,0.5406,1,83,3.32,0,0,0,0,car
MVI_40191,233,1791,1916,126,126,0,0.0,0.0,0.0,0,0,0.0,0,0,0,0,car
MVI_40191,234,1791,1886,96,96,0,0.0,0.0,0.0,0,0,0.0,0,0,0,0,car
MVI_40191,235,1801,1921,121,121,0,0.0,0.0,0.0,0,0,0.0,0,0,0,0,car
MVI_40191,236,1806,1961,156,156,0,0.0,0.0,0.0,0,0,0.0,0,0,0,0,car
MVI_40191,237,1811,1961,151,151,3,0.0199,0.006,0.1283,1,3,0.12,0,0,0,0,car
MVI_40191,238,1811,1941,131,131,0,0.0,0.0,0.0,0,0,0.0,0,0,0,0,car
MVI_40191,239,1816,1941,126,126,0,0.0,0.0,0.0,0,0,0.0,0,0,0,0,car
MVI_40191,240,1816,1916,101,101,41,0.4059,0.0635,0.1627,2,28,1.12,0,0,0,0,car
MVI_40191,241,1821,1891,71,71,61,0.8592,0.3617,0.637,1,61,2.44,0,0,0,0,car
MVI_40191,242,1826,1971,146,146,61,0.4178,0.0895,0.3073,1,61,2.44,0,0,0,0,car
MVI_40191,243,1831,1921,91,91,0,0.0,0.0,0.0,0,0,0.0,0,0,0,0,van
MVI_40191,244,1841,1996,156,156,0,0.0,0.0,0.0,0,0,0.0,0,0,0,0,car
MVI_40191,245,1851,1996,146,146,0,0.0,0.0,0.0,0,0,0.0,0,0,0,0,car
MVI_40191,246,1866,1981,116,116,0,0.0,0.0,0.0,0,0,0.0,0,0,0,0,van
MVI_40191,247,1871,2021,151,151,0,0.0,0.0,0.0,0,0,0.0,0,0,0,0,car
MVI_40191,248,1871,2016,146,146,0,0.0,0.0,0.0,0,0,0.0,0,0,0,0,car
MVI_40191,249,1881,2001,121,121,0,0.0,0.0,0.0,0,0,0.0,0,0,0,0,van
MVI_40191,250,1906,2036,131,131,0,0.0,0.0,0.0,0,0,0.0,0,0,0,0,car
MVI_40191,251,1906,2036,131,131,0,0.0,0.0,0.0,0,0,0.0,0,0,0,0,car
MVI_40191,252,1916,2046,131,131,0,0.0,0.0,0.0,0,0,0.0,0,0,0,0,car
MVI_40191,253,1931,2076,146,146,0,0.0,0.0,0.0,0,0,0.0,0,0,0,0,car
MVI_40191,254,1936,2081,146,146,0,0.0,0.0,0.0,0,0,0.0,0,0,0,0,car
MVI_40191,255,1946,2086,141,141,0,0.0,0.0,0.0,0,0,0.0,0,0,0,0,car
MVI_40191,256,1956,2081,126,126,0,0.0,0.0,0.0,0,0,0.0,0,0,0,0,car
MVI_40191,257,1956,2081,126,126,0,0.0,0.0,0.0,0,0,0.0,0,0,0,0,car
MVI_40191,258,1956,2076,121,121,0,0.0,0.0,0.0,0,0,0.0,0,0,0,0,car
MVI_40191,259,1971,2116,146,146,0,0.0,0.0,0.0,0,0,0.0,0,0,0,0,car
MVI_40191,260,1971,2046,76,76,13,0.1711,0.0577,0.1143,3,6,0.24,0,0,0,0,car
MVI_40191,261,1971,2101,131,131,39,0.2977,0.0712,0.3041,1,39,1.56,0,0,0,0,car
MVI_40191,262,1996,2151,156,156,0,0.0,0.0,0.0,0,0,0.0,0,0,0,0,van
MVI_40191,263,2001,2151,151,151,63,0.4172,0.0968,0.311,1,63,2.52,0,0,0,0,car
MVI_40191,264,2001,2136,136,136,0,0.0,0.0,0.0,0,0,0.0,0,0,0,0,car
MVI_40191,265,2011,2136,126,126,0,0.0,0.0,0.0,0,0,0.0,0,0,0,0,van
MVI_40191,266,2021,2176,156,156,0,0.0,0.0,0.0,0,0,0.0,0,0,0,0,car
MVI_40191,267,2026,2126,101,101,0,0.0,0.0,0.0,0,0,0.0,0,0,0,0,car
MVI_40191,268,2041,2181,141,141,0,0.0,0.0,0.0,0,0,0.0,0,0,0,0,car
MVI_40191,269,2051,2201,151,151,0,0.0,0.0,0.0,0,0,0.0,0,0,0,0,car
MVI_40191,270,2051,2161,111,111,0,0.0,0.0,0.0,0,0,0.0,0,0,0,0,car
MVI_40191,271,2051,2161,111,111,0,0.0,0.0,0.0,0,0,0.0,0,0,0,0,car
MVI_40191,272,2051,2161,111,111,35,0.3153,0.1145,0.4864,1,35,1.4,0,0,0,0,car
MVI_40191,273,2066,2176,111,111,59,0.5315,0.1615,0.4915,1,59,2.36,0,0,0,0,car
MVI_40191,274,2066,2201,136,136,0,0.0,0.0,0.0,0,0,0.0,0,0,0,0,car
MVI_40191,275,2066,2231,166,166,30,0.1807,0.0363,0.2177,1,30,1.2,0,0,0,0,car
MVI_40191,276,2066,2166,101,101,0,0.0,0.0,0.0,0,0,0.0,0,0,0,0,car
MVI_40191,277,2076,2196,121,121,0,0.0,0.0,0.0,0,0,0.0,0,0,0,0,car
MVI_40191,278,2096,2226,131,131,0,0.0,0.0,0.0,0,0,0.0,0,0,0,0,van
MVI_40191,279,2096,2201,106,106,59,0.5566,0.0773,0.1521,3,51,2.04,0,0,0,0,car
MVI_40191,280,2096,2211,116,116,0,0.0,0.0,0.0,0,0,0.0,0,0,0,0,car
MVI_40191,281,2101,2241,141,141,0,0.0,0.0,0.0,0,0,0.0,0,0,0,0,car
MVI_40191,282,2101,2226,126,126,11,0.0873,0.0164,0.2248,1,11,0.44,0,0,0,0,car
MVI_40191,283,2116,2241,126,126,0,0.0,0.0,0.0,0,0,0.0,0,0,0,0,car
MVI_40191,284,2121,2216,96,96,0,0.0,0.0,0.0,0,0,0.0,0,0,0,0,car
MVI_40191,285,2131,2266,136,136,0,0.0,0.0,0.0,0,0,0.0,0,0,0,0,car
MVI_40191,286,2146,2291,146,146,0,0.0,0.0,0.0,0,0,0.0,0,0,0,0,car
MVI_40191,287,2151,2301,151,151,0,0.0,0.0,0.0,0,0,0.0,0,0,0,0,car
MVI_40191,288,2161,2291,131,131,0,0.0,0.0,0.0,0,0,0.0,0,0,0,0,car
MVI_40191,289,2166,2301,136,136,0,0.0,0.0,0.0,0,0,0.0,0,0,0,0,car
MVI_40191,290,2171,2256,86,86,0,0.0,0.0,0.0,0,0,0.0,0,0,0,0,car
MVI_40191,291,2176,2291,116,116,0,0.0,0.0,0.0,0,0,0.0,0,0,0,0,car
MVI_40191,292,2191,2331,141,141,30,0.2128,0.0441,0.3477,1,30,1.2,0,0,0,0,car
MVI_40191,293,2196,2276,81,81,0,0.0,0.0,0.0,0,0,0.0,0,0,0,0,car
MVI_40191,294,2201,2326,126,126,0,0.0,0.0,0.0,0,0,0.0,0,0,0,0,car
MVI_40191,295,2216,2356,141,141,0,0.0,0.0034,0.0795,0,0,0.0,0,0,0,0,car
MVI_40191,296,2216,2326,111,111,0,0.0,0.0,0.0,0,0,0.0,0,0,0,0,car
MVI_40191,297,2236,2341,106,106,0,0.0,0.0,0.0,0,0,0.0,0,0,0,0,van
MVI_40191,298,2241,2381,141,141,0,0.0,0.0,0.0,0,0,0.0,0,0,0,0,car
MVI_40191,299,2251,2331,81,81,4,0.0494,0.0311,0.1979,1,4,0.16,0,0,0,0,car
MVI_40191,300,2251,2366,116,116,0,0.0,0.0,0.0,0,0,0.0,0,0,0,0,car
MVI_40191,301,2251,2351,101,101,0,0.0,0.0,0.0,0,0,0.0,0,0,0,0,car
MVI_40191,302,2266,2366,101,101,7,0.0693,0.0394,0.1327,2,5,0.2,0,0,0,0,car
MVI_40191,303,2266,2381,116,116,0,0.0,0.0,0.0,0,0,0.0,0,0,0,0,car
MVI_40191,304,2271,2416,146,146,22,0.1507,0.0262,0.1729,1,22,0.88,0,0,0,0,car
MVI_40191,305,2281,2391,111,111,0,0.0,0.0,0.0,0,0,0.0,0,0,0,0,car
MVI_40191,306,2291,2431,141,141,0,0.0,0.0,0.0,0,0,0.0,0,0,0,0,car
MVI_40191,307,2296,2436,141,141,0,0.0,0.0,0.0,0,0,0.0,0,0,0,0,car
MVI_40191,308,2301,2401,101,101,0,0.0,0.0,0.0,0,0,0.0,0,0,0,0,car
MVI_40191,309,2316,2396,81,81,0,0.0,0.0,0.0,0,0,0.0,0,0,0,0,car
MVI_40191,310,2321,2431,111,111,0,0.0,0.0,0.0,0,0,0.0,0,0,0,0,car
MVI_40191,311,2326,2466,141,141,0,0.0,0.0,0.0,0,0,0.0,0,0,0,0,car
MVI_40191,312,2326,2461,136,136,0,0.0,0.0,0.0,0,0,0.0,0,0,0,0,car
MVI_40191,313,2326,2446,121,121,0,0.0,0.0,0.0,0,0,0.0,0,0,0,0,car
MVI_40191,314,2336,2421,86,86,0,0.0,0.0,0.0,0,0,0.0,0,0,0,0,car
MVI_40191,315,2341,2471,131,131,0,0.0,0.0,0.0,0,0,0.0,0,0,0,0,car
MVI_40191,316,2346,2446,101,101,0,0.0,0.0,0.0,0,0,0.0,0,0,0,0,car
MVI_40191,317,2351,2431,81,81,0,0.0,0.0,0.0,0,0,0.0,0,0,0,0,car
MVI_40191,318,2351,2491,141,141,7,0.0496,0.0088,0.1768,1,7,0.28,0,0,0,0,car
MVI_40191,319,2356,2451,96,96,0,0.0,0.0,0.0,0,0,0.0,0,0,0,0,car
MVI_40191,320,2356,2476,121,121,0,0.0,0.0,0.0,0,0,0.0,0,0,0,0,car
MVI_40191,321,2371,2495,125,125,0,0.0,0.0024,0.0423,0,0,0.0,0,0,0,0,van
MVI_40191,322,2391,2495,105,105,0,0.0,0.0,0.0,0,0,0.0,0,0,0,0,van
MVI_40191,323,2391,2495,105,105,0,0.0,0.0,0.0,0,0,0.0,0,0,0,0,car
MVI_40191,324,2401,2495,95,95,0,0.0,0.0,0.0,0,0,0.0,0,0,0,0,car
MVI_40191,325,2406,2495,90,90,0,0.0,0.0,0.0,0,0,0.0,0,0,0,0,car
MVI_40191,326,2411,2481,71,71,69,0.9718,0.1397,0.183,1,69,2.76,0,0,0,0,car
MVI_40191,327,2421,2495,75,75,0,0.0,0.0,0.0,0,0,0.0,0,0,0,0,car
MVI_40191,328,2431,2495,65,65,0,0.0,0.0,0.0,0,0,0.0,0,0,0,0,car
MVI_40191,329,2431,2495,65,65,0,0.0,0.0,0.0,0,0,0.0,0,0,0,0,van
MVI_40191,330,2436,2495,60,60,0,0.0,0.0,0.0,0,0,0.0,0,0,0,0,car
MVI_40191,331,2436,2495,60,60,0,0.0,0.0,0.0,0,0,0.0,0,0,0,0,car
MVI_40191,332,2441,2495,55,55,0,0.0,0.0,0.0,0,0,0.0,0,0,0,0,car
MVI_40191,333,2451,2495,45,45,0,0.0,0.0,0.0,0,0,0.0,0,0,0,0,car
MVI_40191,334,2476,2495,20,20,0,0.0,0.0,0.0,0,0,0.0,0,0,0,0,car
MVI_40191,335,2476,2495,20,20,0,0.0,0.0,0.0,0,0,0.0,0,0,0,0,car
MVI_40191,336,2481,2495,15,15,0,0.0,0.0,0.0,0,0,0.0,0,0,0,0,car
MVI_40191,337,2486,2495,10,10,0,0.0,0.0,0.0,0,0,0.0,0,0,0,0,car
MVI_40191,338,2486,2495,10,10,0,0.0,0.0,0.0,0,0,0.0,0,0,0,0,car
MVI_40191,339,2486,2495,10,10,0,0.0,0.0,0.0,0,0,0.0,0,0,0,0,car
MVI_40191,340,2491,2495,5,5,0,0.0,0.0,0.0,0,0,0.0,0,0,0,0,car
MVI_40191,341,2006,2121,116,116,0,0.0,0.0,0.0,0,0,0.0,0,0,0,0,car
MVI_40192,1,1,16,16,16,0,0.0,0.0,0.0,0,0,0.0,0,0,0,0,car
MVI_40192,2,1,21,21,21,0,0.0,0.0,0.0,0,0,0.0,0,0,0,0,car
MVI_40192,3,1,41,41,41,0,0.0,0.0,0.0,0,0,0.0,0,0,0,0,car
MVI_40192,4,1,51,51,51,0,0.0,0.0,0.0,0,0,0.0,0,0,0,0,car
MVI_40192,5,1,81,81,81,0,0.0,0.0,0.0,0,0,0.0,0,0,0,0,car
MVI_40192,6,1,71,71,71,0,0.0,0.0,0.0,0,0,0.0,0,0,0,0,car
MVI_40192,7,1,76,76,76,0,0.0,0.0,0.0,0,0,0.0,0,0,0,0,car
MVI_40192,8,1,81,81,81,0,0.0,0.0,0.0,0,0,0.0,0,0,0,0,car
MVI_40192,9,1,36,36,36,0,0.0,0.0,0.0,0,0,0.0,0,0,0,0,car
MVI_40192,10,1,36,36,36,0,0.0,0.0,0.0,0,0,0.0,0,0,0,0,car
MVI_40192,11,1,16,16,16,0,0.0,0.0,0.0,0,0,0.0,0,0,0,0,van
MVI_40192,12,1,11,11,11,0,0.0,0.0,0.0,0,0,0.0,0,0,0,0,car
MVI_40192,13,1,6,6,6,0,0.0,0.0,0.0,0,0,0.0,0,0,0,0,car
MVI_40192,14,1,61,61,61,0,0.0,0.0,0.0,0,0,0.0,0,0,0,0,car
MVI_40192,15,1,81,81,81,0,0.0,0.0,0.0,0,0,0.0,0,0,0,0,car
MVI_40192,16,1,61,61,61,0,0.0,0.0,0.0,0,0,0.0,0,0,0,0,car
MVI_40192,17,1,101,101,101,0,0.0,0.0,0.0,0,0,0.0,0,0,0,0,car
MVI_40192,18,1,126,126,126,10,0.0794,0.0245,0.2928,1,10,0.4,0,0,0,0,car
MVI_40192,19,1,131,131,131,0,0.0,0.0,0.0,0,0,0.0,0,0,0,0,car
MVI_40192,20,16,166,151,151,0,0.0,0.0,0.0,0,0,0.0,0,0,0,0,car
MVI_40192,21,16,126,111,111,0,0.0,0.0,0.0,0,0,0.0,0,0,0,0,car
MVI_40192,22,41,126,86,86,0,0.0,0.0,0.0,0,0,0.0,0,0,0,0,car
MVI_40192,23,51,166,116,116,0,0.0,0.0,0.0,0,0,0.0,0,0,0,0,car
MVI_40192,24,51,181,131,131,0,0.0,0.0,0.0,0,0,0.0,0,0,0,0,car
MVI_40192,25,51,146,96,96,0,0.0,0.0,0.0,0,0,0.0,0,0,0,0,van
MVI_40192,26,61,61,1,1,0,0.0,0.0,0.0,0,0,0.0,0,0,0,0,car
MVI_40192,27,66,206,141,141,0,0.0,0.0,0.0,0,0,0.0,0,0,0,0,car
MVI_40192,28,81,221,141,141,0,0.0,0.0,0.0,0,0,0.0,0,0,0,0,van
MVI_40192,29,96,206,111,111,0,0.0,0.0,0.0,0,0,0.0,0,0,0,0,car
MVI_40192,30,96,181,86,86,73,0.8488,0.1381,0.2611,1,73,2.92,0,0,0,0,car
MVI_40192,31,101,261,161,161,0,0.0,0.0,0.0,0,0,0.0,0,0,0,0,car
MVI_40192,32,106,211,106,106,0,0.0,0.0,0.0,0,0,0.0,0,0,0,0,van
MVI_40192,33,131,291,161,161,0,0.0,0.0,0.0,0,0,0.0,0,0,0,0,car
MVI_40192,34,131,246,116,116,0,0.0,0.0,0.0,0,0,0.0,0,0,0,0,car
MVI_40192,35,146,241,96,96,0,0.0,0.0,0.0,0,0,0.0,0,0,0,0,car
MVI_40192,36,151,271,121,121,0,0.0,0.0,0.0,0,0,0.0,0,0,0,0,van
MVI_40192,37,156,286,131,131,0,0.0,0.0,0.0,0,0,0.0,0,0,0,0,car
MVI_40192,38,166,301,136,136,0,0.0,0.0,0.0,0,0,0.0,0,0,0,0,car
MVI_40192,39,166,256,91,91,0,0.0,0.0,0.0,0,0,0.0,0,0,0,0,car
MVI_40192,40,171,261,91,91,15,0.1648,0.0442,0.4414,1,15,0.6,0,0,0,0,car
MVI_40192,41,201,301,101,101,0,0.0,0.0,0.0,0,0,0.0,0,0,0,0,car
MVI_40192,42,206,346,141,141,20,0.1418,0.0275,0.2768,1,20,0.8,0,0,0,0,car
MVI_40192,43,221,366,146,146,0,0.0,0.0,0.0,0,0,0.0,0,0,0,0,car
MVI_40192,44,221,336,116,116,0,0.0,0.0,0.0,0,0,0.0,0,0,0,0,car
MVI_40192,45,221,326,106,106,0,0.0,0.0,0.0,0,0,0.0,0,0,0,0,car
MVI_40192,46,226,366,141,141,0,0.0,0.0,0.0,0,0,0.0,0,0,0,0,car
MVI_40192,47,236,336,101,101,0,0.0,0.0,0.0,0,0,0.0,0,0,0,0,car
MVI_40192,48,246,371,126,126,0,0.0,0.0,0.0,0,0,0.0,0,0,0,0,car
MVI_40192,49,251,386,136,136,50,0.3676,0.0888,0.3649,1,50,2.0,0,0,0,0,car
MVI_40192,50,256,366,111,111,0,0.0,0.0,0.0,0,0,0.0,0,0,0,0,car
MVI_40192,51,256,396,141,141,0,0.0,0.0,0.0,0,0,0.0,0,0,0,0,car
MVI_40192,52,271,406,136,136,0,0.0,0.0,0.0,0,0,0.0,0,0,0,0,car
MVI_40192,53,281,391,111,111,0,0.0,0.0,0.0,0,0,0.0,0,0,0,0,car
MVI_40192,54,281,371,91,91,0,0.0,0.0,0.0,0,0,0.0,0,0,0,0,car
MVI_40192,55,306,436,131,131,0,0.0,0.0,0.0,0,0,0.0,0,0,0,0,car
MVI_40192,56,306,416,111,111,0,0.0,0.0,0.0,0,0,0.0,0,0,0,0,car
MVI_40192,57,316,431,116,116,0,0.0,0.0,0.0,0,0,0.0,0,0,0,0,car
MVI_40192,58,321,451,131,131,0,0.0,0.0,0.0,0,0,0.0,0,0,0,0,car
MVI_40192,59,331,421,91,91,0,0.0,0.0,0.0,0,0,0.0,0,0,0,0,car
MVI_40192,60,336,441,106,106,0,0.0,0.0,0.0,0,0,0.0,0,0,0,0,car
MVI_40192,61,346,451,106,106,10,0.0943,0.0127,0.1476,1,10,0.4,0,0,0,0,car
MVI_40192,62,351,486,136,136,0,0.0,0.0,0.0,0,0,0.0,0,0,0,0,car
MVI_40192,63,361,491,131,131,0,0.0,0.0,0.0,0,0,0.0,0,0,0,0,van
MVI_40192,64,361,451,91,91,0,0.0,0.0,0.0,0,0,0.0,0,0,0,0,car
MVI_40192,65,371,461,91,91,0,0.0,0.0,0.0,0,0,0.0,0,0,0,0,van
MVI_40192,66,376,476,101,101,0,0.0,0.0,0.0,0,0,0.0,0,0,0,0,car
MVI_40192,67,381,501,121,121,0,0.0,0.0,0.0,0,0,0.0,0,0,0,0,car
MVI_40192,68,396,486,91,91,0,0.0,0.0,0.0,0,0,0.0,0,0,0,0,car
MVI_40192,69,401,531,131,131,0,0.0,0.0,0.0,0,0,0.0,0,0,0,0,car
MVI_40192,70,416,541,126,126,0,0.0,0.0,0.0,0,0,0.0,0,0,0,0,van
MVI_40192,71,421,531,111,111,0,0.0,0.0,0.0,0,0,0.0,0,0,0,0,car
MVI_40192,72,431,561,131,131,0,0.0,0.0,0.0,0,0,0.0,0,0,0,0,car
MVI_40192,73,431,536,106,106,0,0.0,0.0,0.0,0,0,0.0,0,0,0,0,car
MVI_40192,74,441,546,106,106,0,0.0,0.0,0.0,0,0,0.0,0,0,0,0,van
MVI_40192,75,451,556,106,106,0,0.0,0.0,0.0,0,0,0.0,0,0,0,0,car
MVI_40192,76,456,571,116,116,0,0.0,0.0,0.0,0,0,0.0,0,0,0,0,car
MVI_40192,77,461,581,121,121,0,0.0,0.0,0.0,0,0,0.0,0,0,0,0,car
MVI_40192,78,466,571,106,106,0,0.0,0.0,0.0,0,0,0.0,0,0,0,0,car
MVI_40192,79,476,586,111,111,0,0.0,0.0,0.0,0,0,0.0,0,0,0,0,van
MVI_40192,80,486,616,131,131,0,0.0,0.0,0.0,0,0,0.0,0,0,0,0,car
MVI_40192,81,491,616,126,126,0,0.0,0.0,0.0,0,0,0.0,0,0,0,0,car
MVI_40192,82,501,611,111,111,0,0.0,0.0,0.0,0,0,0.0,0,0,0,0,van
MVI_40192,83,506,626,121,121,0,0.0,0.0,0.0,0,0,0.0,0,0,0,0,van
MVI_40192,84,506,611,106,106,0,0.0,0.0,0.0,0,0,0.0,0,0,0,0,van
MVI_40192,85,521,631,111,111,0,0.0,0.0,0.0,0,0,0.0,0,0,0,0,car
MVI_40192,86,526,606,81,81,0,0.0,0.0,0.0,0,0,0.0,0,0,0,0,car
MVI_40192,87,516,581,66,66,12,0.1818,0.0253,0.1495,1,12,0.48,0,0,0,0,car
MVI_40192,88,541,666,126,126,0,0.0,0.0,0.0,0,0,0.0,0,0,0,0,van
MVI_40192,89,546,661,116,116,0,0.0,0.0,0.0,0,0,0.0,0,0,0,0,car
MVI_40192,90,546,636,91,91,0,0.0,0.0,0.0,0,0,0.0,0,0,0,0,car
MVI_40192,91,546,646,101,101,0,0.0,0.0,0.0,0,0,0.0,0,0,0,0,car
MVI_40192,92,546,656,111,111,0,0.0,0.0,0.0,0,0,0.0,0,0,0,0,car
MVI_40192,93,546,646,101,101,0,0.0,0.0,0.0,0,0,0.0,0,0,0,0,car
MVI_40192,94,576,671,96,96,0,0.0,0.0,0.0,0,0,0.0,0,0,0,0,car
MVI_40192,95,586,701,116,116,0,0.0,0.0,0.0,0,0,0.0,0,0,0,0,car
MVI_40192,96,591,691,101,101,0,0.0,0.0,0.0,0,0,0.0,0,0,0,0,car
MVI_40192,97,601,706,106,106,0,0.0,0.0,0.0,0,0,0.0,0,0,0,0,car
MVI_40192,98,601,706,106,106,0,0.0,0.0,0.0,0,0,0.0,0,0,0,0,car
MVI_40192,99,611,706,96,96,0,0.0,0.0,0.0,0,0,0.0,0,0,0,0,car
MVI_40192,100,616,731,116,116,0,0.0,0.0,0.0,0,0,0.0,0,0,0,0,car
MVI_40192,101,616,701,86,86,0,0.0,0.0,0.0,0,0,0.0,0,0,0,0,car
MVI_40192,102,621,716,96,96,0,0.0,0.0,0.0,0,0,0.0,0,0,0,0,car
MVI_40192,103,626,721,96,96,0,0.0,0.0,0.0,0,0,0.0,0,0,0,0,car
MVI_40192,104,636,716,81,81,0,0.0,0.0,0.0,0,0,0.0,0,0,0,0,car
MVI_40192,105,651,751,101,101,0,0.0,0.0,0.0,0,0,0.0,0,0,0,0,van
MVI_40192,106,651,751,101,101,0,0.0,0.0,0.0,0,0,0.0,0,0,0,0,car
MVI_40192,107,666,776,111,111,0,0.0,0.0,0.0,0,0,0.0,0,0,0,0,van
MVI_40192,108,676,756,81,81,0,0.0,0.0,0.0,0,0,0.0,0,0,0,0,car
MVI_40192,109,681,791,111,111,17,0.1532,0.0314,0.1943,1,17,0.68,0,0,0,0,van
MVI_40192,110,686,776,91,91,0,0.0,0.0,0.0,0,0,0.0,0,0,0,0,car
MVI_40192,111,706,791,86,86,0,0.0,0.0,0.0,0,0,0.0,0,0,0,0,car
MVI_40192,112,706,801,96,96,0,0.0,0.0,0.0,0,0,0.0,0,0,0,0,car
MVI_40192,113,711,796,86,86,0,0.0,0.0,0.0,0,0,0.0,0,0,0,0,van
MVI_40192,114,716,826,111,111,0,0.0,0.0,0.0,0,0,0.0,0,0,0,0,car
MVI_40192,115,731,826,96,96,0,0.0,0.0,0.0,0,0,0.0,0,0,0,0,car
MVI_40192,116,731,821,91,91,0,0.0,0.0,0.0,0,0,0.0,0,0,0,0,car
MVI_40192,117,741,831,91,91,0,0.0,0.0,0.0,0,0,0.0,0,0,0,0,car
MVI_40192,118,751,856,106,106,0,0.0,0.0,0.0,0,0,0.0,0,0,0,0,car
MVI_40192,119,756,826,71,71,0,0.0,0.0,0.0,0,0,0.0,0,0,0,0,others
MVI_40192,120,761,866,106,106,0,0.0,0.0,0.0,0,0,0.0,0,0,0,0,car
MVI_40192,121,766,871,106,106,17,0.1604,0.037,0.2766,1,17,0.68,0,0,0,0,car
MVI_40192,122,776,866,91,91,0,0.0,0.0,0.0,0,0,0.0,0,0,0,0,car
MVI_40192,123,786,896,111,111,0,0.0,0.0,0.0,0,0,0.0,0,0,0,0,car
MVI_40192,124,786,901,116,116,0,0.0,0.0,0.0,0,0,0.0,0,0,0,0,car
MVI_40192,125,801,906,106,106,0,0.0,0.0,0.0,0,0,0.0,0,0,0,0,van
MVI_40192,126,801,871,71,71,0,0.0,0.0,0.0,0,0,0.0,0,0,0,0,car
MVI_40192,127,841,946,106,106,0,0.0,0.0,0.0,0,0,0.0,0,0,0,0,car
MVI_40192,128,841,946,106,106,22,0.2075,0.0457,0.252,1,23,0.92,0,0,0,0,car
MVI_40192,129,846,926,81,81,0,0.0,0.0,0.0,0,0,0.0,0,0,0,0,car
MVI_40192,130,851,951,101,101,0,0.0,0.0,0.0,0,0,0.0,0,0,0,0,car
MVI_40192,131,851,931,81,81,0,0.0,0.0,0.0,0,0,0.0,0,0,0,0,car
MVI_40192,132,861,1011,151,151,26,0.1722,0.0421,0.3619,1,26,1.04,0,0,0,0,car
MVI_40192,133,861,961,101,101,0,0.0,0.0,0.0,0,0,0.0,0,0,0,0,car
MVI_40192,134,866,956,91,91,40,0.4396,0.0968,0.2985,1,40,1.6,0,0,0,0,car
MVI_40192,135,876,941,66,66,0,0.0,0.0,0.0,0,0,0.0,0,0,0,0,car
MVI_40192,136,896,991,96,96,0,0.0,0.0,0.0,0,0,0.0,0,0,0,0,car
MVI_40192,137,896,1001,106,106,0,0.0,0.0,0.0,0,0,0.0,0,0,0,0,car
MVI_40192,138,906,1016,111,111,0,0.0,0.0,0.0,0,0,0.0,0,0,0,0,car
MVI_40192,139,911,1021,111,111,0,0.0,0.0,0.0,0,0,0.0,0,0,0,0,car
MVI_40192,140,921,1016,96,96,0,0.0,0.0,0.0,0,0,0.0,0,0,0,0,car
MVI_40192,141,926,1041,116,116,0,0.0,0.0,0.0,0,0,0.0,0,0,0,0,car
MVI_40192,142,926,1031,106,106,0,0.0,0.0,0.0,0,0,0.0,0,0,0,0,car
MVI_40192,143,931,991,61,61,0,0.0,0.0,0.0,0,0,0.0,0,0,0,0,car
MVI_40192,144,931,1036,106,106,0,0.0,0.0,0.0,0,0,0.0,0,0,0,0,car
MVI_40192,145,936,1036,101,101,0,0.0,0.0,0.0,0,0,0.0,0,0,0,0,car
MVI_40192,146,936,1051,116,116,0,0.0,0.0,0.0,0,0,0.0,0,0,0,0,car
MVI_40192,147,946,1051,106,106,20,0.1887,0.0393,0.3061,1,20,0.8,0,0,0,0,car
MVI_40192,148,966,1076,111,111,0,0.0,0.0,0.0,0,0,0.0,0,0,0,0,car
MVI_40192,149,971,1031,61,61,0,0.0,0.0,0.0,0,0,0.0,0,0,0,0,van
MVI_40192,150,986,1096,111,111,0,0.0,0.0,0.0,0,0,0.0,0,0,0,0,car
MVI_40192,151,986,1081,96,96,0,0.0,0.0,0.0,0,0,0.0,0,0,0,0,car
MVI_40192,152,1011,1076,66,66,0,0.0,0.0,0.0,0,0,0.0,0,0,0,0,van
MVI_40192,153,1011,1066,56,56,0,0.0,0.0,0.0,0,0,0.0,0,0,0,0,car
MVI_40192,154,1016,1116,101,101,0,0.0,0.0,0.0,0,0,0.0,0,0,0,0,car
MVI_40192,155,1021,1116,96,96,23,0.2396,0.0421,0.1821,1,23,0.92,0,0,0,0,van
MVI_40192,156,1026,1116,91,91,0,0.0,0.0,0.0,0,0,0.0,0,0,0,0,car
MVI_40192,157,1046,1131,86,86,0,0.0,0.0,0.0,0,0,0.0,0,0,0,0,car
MVI_40192,158,1046,1106,61,61,8,0.1311,0.0288,0.2633,2,5,0.2,0,0,0,0,car
MVI_40192,159,1076,1171,96,96,0,0.0,0.0,0.0,0,0,0.0,0,0,0,0,others
MVI_40192,160,1081,1171,91,91,0,0.0,0.0,0.0,0,0,0.0,0,0,0,0,car
MVI_40192,161,1116,1181,66,66,0,0.0,0.0,0.0,0,0,0.0,0,0,0,0,car
MVI_40192,162,1121,1196,76,76,0,0.0,0.0,0.0,0,0,0.0,0,0,0,0,car
MVI_40192,163,1126,1216,91,91,0,0.0,0.0,0.0,0,0,0.0,0,0,0,0,car
MVI_40192,164,1131,1206,76,76,0,0.0,0.0,0.0,0,0,0.0,0,0,0,0,car
MVI_40192,165,1131,1191,61,61,0,0.0,0.0,0.0,0,0,0.0,0,0,0,0,car
MVI_40192,166,1141,1241,101,101,0,0.0,0.0,0.0,0,0,0.0,0,0,0,0,car
MVI_40192,167,1146,1256,111,111,0,0.0,0.0,0.0,0,0,0.0,0,0,0,0,van
MVI_40192,168,1151,1246,96,96,0,0.0,0.0,0.0,0,0,0.0,0,0,0,0,car
MVI_40192,169,1156,1241,86,86,0,0.0,0.0,0.0,0,0,0.0,0,0,0,0,car
MVI_40192,170,1171,1251,81,81,0,0.0,0.0,0.0,0,0,0.0,0,0,0,0,car
MVI_40192,171,1176,1251,76,76,0,0.0,0.0,0.0,0,0,0.0,0,0,0,0,car
MVI_40192,172,1191,1281,91,91,0,0.0,0.0,0.0,0,0,0.0,0,0,0,0,van
MVI_40192,173,1201,1281,81,81,0,0.0,0.0,0.0,0,0,0.0,0,0,0,0,car
MVI_40192,174,1206,1276,71,71,0,0.0,0.0,0.0,0,0,0.0,0,0,0,0,car
MVI_40192,175,1211,1306,96,96,0,0.0,0.0,0.0,0,0,0.0,0,0,0,0,car
MVI_40192,176,1211,1261,51,51,22,0.4314,0.0828,0.2315,1,22,0.88,0,0,0,0,car
MVI_40192,177,1216,1291,76,76,0,0.0,0.0,0.0,0,0,0.0,0,0,0,0,car
MVI_40192,178,1216,1296,81,81,0,0.0,0.0,0.0,0,0,0.0,0,0,0,0,car
MVI_40192,179,1221,1321,101,101,0,0.0,0.0,0.0,0,0,0.0,0,0,0,0,car
MVI_40192,180,1221,1281,61,61,0,0.0,0.0,0.0,0,0,0.0,0,0,0,0,car
MVI_40192,181,1246,1326,81,81,0,0.0,0.0,0.0,0,0,0.0,0,0,0,0,car
MVI_40192,182,1266,1351,86,86,0,0.0,0.0,0.0,0,0,0.0,0,0,0,0,car
MVI_40192,183,1286,1356,71,71,0,0.0,0.0,0.0,0,0,0.0,0,0,0,0,car
MVI_40192,184,1291,1376,86,86,0,0.0,0.0,0.0,0,0,0.0,0,0,0,0,car
MVI_40192,185,1291,1356,66,66,0,0.0,0.0,0.0,0,0,0.0,0,0,0,0,car
MVI_40192,186,1301,1361,61,61,0,0.0,0.0,0.0,0,0,0.0,0,0,0,0,car
MVI_40192,187,1301,1391,91,91,0,0.0,0.0,0.0,0,0,0.0,0,0,0,0,car
MVI_40192,188,1306,1391,86,86,0,0.0,0.0,0.0,0,0,0.0,0,0,0,0,car
MVI_40192,189,1321,1401,81,81,0,0.0,0.0,0.0,0,0,0.0,0,0,0,0,car
MVI_40192,190,1326,1411,86,86,0,0.0,0.0,0.0,0,0,0.0,0,0,0,0,car
MVI_40192,191,1336,1426,91,91,0,0.0,0.0,0.0,0,0,0.0,0,0,0,0,car
MVI_40192,192,1336,1426,91,91,0,0.0,0.0,0.0,0,0,0.0,0,0,0,0,car
MVI_40192,193,1351,1396,46,46,0,0.0,0.0,0.0,0,0,0.0,0,0,0,0,van
MVI_40192,194,1361,1431,71,71,0,0.0,0.0,0.0,0,0,0.0,0,0,0,0,car
MVI_40192,195,1371,1446,76,76,0,0.0,0.0,0.0,0,0,0.0,0,0,0,0,car
MVI_40192,196,1371,1446,76,76,0,0.0,0.0,0.0,0,0,0.0,0,0,0,0,car
MVI_40192,197,1376,1476,101,101,0,0.0,0.0,0.0,0,0,0.0,0,0,0,0,car
MVI_40192,198,1381,1426,46,46,0,0.0,0.0,0.0,0,0,0.0,0,0,0,0,car
MVI_40192,199,1386,1476,91,91,0,0.0,0.0,0.0,0,0,0.0,0,0,0,0,car
MVI_40192,200,1391,1461,71,71,0,0.0,0.0,0.0,0,0,0.0,0,0,0,0,car
MVI_40192,201,1396,1491,96,96,0,0.0,0.0,0.0,0,0,0.0,0,0,0,0,car
MVI_40192,202,1426,1511,86,86,0,0.0,0.0,0.0,0,0,0.0,0,0,0,0,van
MVI_40192,203,1436,1506,71,71,0,0.0,0.0,0.0,0,0,0.0,0,0,0,0,car
MVI_40192,204,1441,1531,91,91,0,0.0,0.0,0.0,0,0,0.0,0,0,0,0,car
MVI_40192,205,1441,1486,46,46,19,0.413,0.069,0.1855,1,19,0.76,0,0,0,0,car
MVI_40192,206,1446,1516,71,71,0,0.0,0.0,0.0,0,0,0.0,0,0,0,0,car
MVI_40192,207,1456,1546,91,91,0,0.0,0.0,0.0,0,0,0.0,0,0,0,0,car
MVI_40192,208,1456,1541,86,86,0,0.0,0.0,0.0,0,0,0.0,0,0,0,0,car
MVI_40192,209,1471,1556,86,86,0,0.0,0.0,0.0,0,0,0.0,0,0,0,0,car
MVI_40192,210,1476,1531,56,56,0,0.0,0.0,0.0,0,0,0.0,0,0,0,0,car
MVI_40192,211,1486,1586,101,101,0,0.0,0.0,0.0,0,0,0.0,0,0,0,0,car
MVI_40192,212,1491,1586,96,96,0,0.0,0.0,0.0,0,0,0.0,0,0,0,0,car
MVI_40192,213,1511,1546,36,36,0,0.0,0.0,0.0,0,0,0.0,0,0,0,0,car
MVI_40192,214,1536,1636,101,101,0,0.0,0.0,0.0,0,0,0.0,0,0,0,0,van
MVI_40192,215,1541,1636,96,96,0,0.0,0.0,0.0,0,0,0.0,0,0,0,0,car
MVI_40192,216,1556,1626,71,71,0,0.0,0.0,0.0,0,0,0.0,0,0,0,0,car
MVI_40192,217,1556,1626,71,71,0,0.0,0.0,0.0,0,0,0.0,0,0,0,0,car
MVI_40192,218,1556,1601,46,46,0,0.0,0.0,0.0,0,0,0.0,0,0,0,0,car
MVI_40192,219,1561,1631,71,71,0,0.0,0.0,0.0,0,0,0.0,0,0,0,0,car
MVI_40192,220,1566,1641,76,76,0,0.0,0.0,0.0,0,0,0.0,0,0,0,0,car
MVI_40192,221,1566,1666,101,101,0,0.0,0.0,0.0,0,0,0.0,0,0,0,0,car
MVI_40192,222,1576,1651,76,76,0,0.0,0.0,0.0,0,0,0.0,0,0,0,0,car
MVI_40192,223,1586,1636,51,51,0,0.0,0.0,0.0,0,0,0.0,0,0,0,0,car
MVI_40192,224,1596,1681,86,86,0,0.0,0.0,0.0,0,0,0.0,0,0,0,0,car
MVI_40192,225,1601,1696,96,96,0,0.0,0.0,0.0,0,0,0.0,0,0,0,0,car
MVI_40192,226,1616,1701,86,86,0,0.0,0.0,0.0,0,0,0.0,0,0,0,0,van
MVI_40192,227,1616,1671,56,56,0,0.0,0.0,0.0,0,0,0.0,0,0,0,0,car
MVI_40192,228,1626,1696,71,71,0,0.0,0.0,0.0,0,0,0.0,0,0,0,0,car
MVI_40192,229,1631,1721,91,91,0,0.0,0.0,0.0,0,0,0.0,0,0,0,0,car
MVI_40192,230,1631,1721,91,91,19,0.2088,0.0727,0.5545,1,19,0.76,0,0,0,0,car
MVI_40192,231,1636,1726,91,91,21,0.2308,0.0625,0.3535,1,21,0.84,0,0,0,0,van
MVI_40192,232,1641,1696,56,56,0,0.0,0.0,0.0,0,0,0.0,0,0,0,0,car
MVI_40192,233,1656,1746,91,91,0,0.0,0.0,0.0,0,0,0.0,0,0,0,0,car
MVI_40192,234,1656,1741,86,86,0,0.0,0.0,0.0,0,0,0.0,0,0,0,0,car
MVI_40192,236,1661,1741,81,81,41,0.5062,0.1689,0.432,1,41,1.64,0,0,0,0,van
MVI_40192,237,1653,1756,104,104,0,0.0,0.0,0.0,0,0,0.0,0,0,0,0,bus
MVI_40192,238,1686,1841,156,156,0,0.0,0.0,0.0,0,0,0.0,0,0,0,0,bus
MVI_40192,239,1691,1751,61,61,0,0.0,0.0,0.0,0,0,0.0,0,0,0,0,car
MVI_40192,240,1711,1796,86,86,41,0.4767,0.0914,0.1958,1,40,1.6,0,0,0,0,bus
MVI_40192,241,1711,1806,96,96,0,0.0,0.0,0.0,0,0,0.0,0,0,0,0,car
MVI_40192,242,1721,1806,86,86,0,0.0,0.0,0.0,0,0,0.0,0,0,0,0,van
MVI_40192,243,1731,1801,71,71,0,0.0,0.0,0.0,0,0,0.0,0,0,0,0,car
MVI_40192,244,1736,1826,91,91,0,0.0,0.0,0.0,0,0,0.0,0,0,0,0,car
MVI_40192,245,1746,1826,81,81,0,0.0,0.0,0.0,0,0,0.0,0,0,0,0,car
MVI_40192,246,1751,1841,91,91,0,0.0,0.0,0.0,0,0,0.0,0,0,0,0,car
MVI_40192,247,1761,1871,111,111,0,0.0,0.0,0.0,0,0,0.0,0,0,0,0,van
MVI_40192,248,1761,1801,41,41,0,0.0,0.0,0.0,0,0,0.0,0,0,0,0,van
MVI_40192,249,1766,1886,121,121,69,0.5702,0.1992,0.499,1,69,2.76,0,0,0,0,van
MVI_40192,250,1771,1861,91,91,0,0.0,0.0,0.0,0,0,0.0,0,0,0,0,car
MVI_40192,251,1771,1846,76,76,71,0.9342,0.5124,1.0,1,71,2.84,1,2,0,0,car
MVI_40192,252,1786,1886,101,101,50,0.495,0.0679,0.1708,1,51,2.04,0,0,0,0,van
MVI_40192,253,1786,1841,56,56,0,0.0,0.0,0.0,0,0,0.0,0,0,0,0,car
MVI_40192,254,1796,1881,86,86,0,0.0,0.0,0.0,0,0,0.0,0,0,0,0,car
MVI_40192,255,1811,1891,81,81,0,0.0,0.0,0.0,0,0,0.0,0,0,0,0,van
MVI_40192,256,1826,1906,81,81,0,0.0,0.0,0.0,0,0,0.0,0,0,0,0,car
MVI_40192,257,1826,1911,86,86,0,0.0,0.0,0.0,0,0,0.0,0,0,0,0,car
MVI_40192,258,1826,1881,56,56,0,0.0,0.0,0.0,0,0,0.0,0,0,0,0,car
MVI_40192,259,1836,1936,101,101,0,0.0,0.0,0.0,0,0,0.0,0,0,0,0,car
MVI_40192,260,1841,1931,91,91,0,0.0,0.0,0.0,0,0,0.0,0,0,0,0,car
MVI_40192,261,1856,1946,91,91,0,0.0,0.0,0.0,0,0,0.0,0,0,0,0,car
MVI_40192,262,1856,1936,81,81,0,0.0,0.0,0.0,0,0,0.0,0,0,0,0,van
MVI_40192,263,1866,1951,86,86,0,0.0,0.0,0.0,0,0,0.0,0,0,0,0,car
MVI_40192,264,1891,1971,81,81,0,0.0,0.0,0.0,0,0,0.0,0,0,0,0,van
MVI_40192,265,1891,2001,111,111,0,0.0,0.0,0.0,0,0,0.0,0,0,0,0,car
MVI_40192,266,1906,1986,81,81,0,0.0,0.0,0.0,0,0,0.0,0,0,0,0,car
MVI_40192,267,1916,2001,86,86,0,0.0,0.0,0.0,0,0,0.0,0,0,0,0,car
MVI_40192,268,1916,2011,96,96,0,0.0,0.0,0.0,0,0,0.0,0,0,0,0,van
MVI_40192,269,1916,2026,111,111,0,0.0,0.0,0.0,0,0,0.0,0,0,0,0,car
MVI_40192,271,1926,2016,91,91,0,0.0,0.0,0.0,0,0,0.0,0,0,0,0,car
MVI_40192,272,1936,1991,56,56,0,0.0,0.0,0.0,0,0,0.0,0,0,0,0,car
MVI_40192,273,1961,2041,81,81,0,0.0,0.0,0.0,0,0,0.0,0,0,0,0,car
MVI_40192,274,1966,2056,91,91,0,0.0,0.0,0.0,0,0,0.0,0,0,0,0,car
MVI_40192,275,1971,2056,86,86,0,0.0,0.0,0.0,0,0,0.0,0,0,0,0,car
MVI_40192,276,1976,2081,106,106,0,0.0,0.0,0.0,0,0,0.0,0,0,0,0,car
MVI_40192,277,1976,2081,106,106,0,0.0,0.0,0.0,0,0,0.0,0,0,0,0,car
MVI_40192,278,1986,2096,111,111,0,0.0,0.0,0.0,0,0,0.0,0,0,0,0,car
MVI_40192,279,1991,2091,101,101,0,0.0,0.0,0.0,0,0,0.0,0,0,0,0,car
MVI_40192,280,1996,1996,1,1,0,0.0,0.0,0.0,0,0,0.0,0,0,0,0,car
MVI_40192,281,2001,2086,86,86,0,0.0,0.0,0.0,0,0,0.0,0,0,0,0,car
MVI_40192,282,2001,2056,56,56,0,0.0,0.0,0.0,0,0,0.0,0,0,0,0,car
MVI_40192,283,2006,2101,96,96,0,0.0,0.0,0.0,0,0,0.0,0,0,0,0,car
MVI_40192,284,2006,2086,81,81,0,0.0,0.0,0.0,0,0,0.0,0,0,0,0,van
MVI_40192,285,2006,2096,91,91,0,0.0,0.0,0.0,0,0,0.0,0,0,0,0,van
MVI_40192,286,2006,2121,116,116,44,0.3793,0.1518,0.6966,1,44,1.76,0,0,0,0,car
MVI_40192,287,2011,2106,96,96,0,0.0,0.0,0.0,0,0,0.0,0,0,0,0,car
MVI_40192,288,2016,2121,106,106,0,0.0,0.0,0.0,0,0,0.0,0,0,0,0,car
MVI_40192,289,2026,2096,71,71,31,0.4366,0.1039,0.3047,1,31,1.24,0,0,0,0,car
MVI_40192,290,2031,2131,101,101,0,0.0,0.0,0.0,0,0,0.0,0,0,0,0,car
MVI_40192,291,2036,2121,86,86,21,0.2442,0.0456,0.3334,1,22,0.88,0,0,0,0,car
MVI_40192,292,2036,2086,51,51,0,0.0,0.0,0.0,0,0,0.0,0,0,0,0,car
MVI_40192,293,2041,2146,106,106,0,0.0,0.0,0.0,0,0,0.0,0,0,0,0,car
MVI_40192,294,2046,2136,91,91,0,0.0,0.0,0.0,0,0,0.0,0,0,0,0,van
MVI_40192,295,2056,2146,91,91,0,0.0,0.0,0.0,0,0,0.0,0,0,0,0,car
MVI_40192,296,2061,2061,1,1,0,0.0,0.0,0.0,0,0,0.0,0,0,0,0,car
MVI_40192,297,2066,2176,111,111,0,0.0,0.0,0.0,0,0,0.0,0,0,0,0,car
MVI_40192,298,2066,2136,71,71,0,0.0,0.0,0.0,0,0,0.0,0,0,0,0,car
MVI_40192,299,2076,2176,101,101,0,0.0,0.0,0.0,0,0,0.0,0,0,0,0,car
MVI_40192,300,2111,2195,85,85,0,0.0,0.0,0.0,0,0,0.0,0,0,0,0,car
MVI_40192,301,2126,2195,70,70,0,0.0,0.0,0.0,0,0,0.0,0,0,0,0,car
MVI_40192,302,2131,2195,65,65,0,0.0,0.0,0.0,0,0,0.0,0,0,0,0,car
MVI_40192,303,2136,2191,56,56,29,0.5179,0.1315,0.3555,1,29,1.16,0,0,0,0,car
MVI_40192,304,2141,2195,55,55,0,0.0,0.0,0.0,0,0,0.0,0,0,0,0,car
MVI_40192,305,2141,2195,55,55,0,0.0,0.0,0.0,0,0,0.0,0,0,0,0,van
MVI_40192,306,2141,2195,55,55,0,0.0,0.0,0.0,0,0,0.0,0,0,0,0,car
MVI_40192,307,2141,2195,55,55,40,0.7273,0.157,0.3074,1,40,1.6,0,0,0,0,car
MVI_40192,308,2156,2195,40,40,0,0.0,0.0,0.0,0,0,0.0,0,0,0,0,van
MVI_40192,309,2161,2195,35,35,0,0.0,0.0,0.0,0,0,0.0,0,0,0,0,car
MVI_40192,310,2166,2195,30,30,0,0.0,0.0,0.0,0,0,0.0,0,0,0,0,car
MVI_40192,311,2166,2195,30,30,0,0.0,0.0,0.0,0,0,0.0,0,0,0,0,car
MVI_40192,312,2176,2195,20,20,0,0.0,0.0,0.0,0,0,0.0,0,0,0,0,car
MVI_40192,313,1591,1646,56,56,0,0.0,0.0,0.0,0,0,0.0,0,0,0,0,car
MVI_40192,314,1861,1971,111,111,0,0.0,0.0,0.0,0,0,0.0,0,0,0,0,car
MVI_40192,315,2121,2195,75,75,0,0.0,0.0,0.0,0,0,0.0,0,0,0,0,car
MVI_40201,1,1,1,1,1,0,0.0,0.0,0.0,0,0,0.0,0,0,0,0,car
MVI_40201,2,1,11,11,11,0,0.0,0.0,0.0,0,0,0.0,0,0,0,0,car
MVI_40201,3,1,21,21,21,0,0.0,0.0,0.0,0,0,0.0,0,0,0,0,van
MVI_40201,4,1,66,66,66,0,0.0,0.0,0.0,0,0,0.0,0,0,0,0,car
MVI_40201,5,1,81,81,81,0,0.0,0.0,0.0,0,0,0.0,0,0,0,0,car
MVI_40201,6,1,91,91,91,0,0.0,0.0,0.0,0,0,0.0,0,0,0,0,van
MVI_40201,7,1,106,106,106,64,0.6038,0.2151,0.5079,1,64,2.56,0,0,0,0,car
MVI_40201,8,1,36,36,36,36,1.0,0.6311,0.7829,1,36,1.44,0,0,0,0,car
MVI_40201,9,1,36,36,36,0,0.0,0.0,0.0,0,0,0.0,0,0,0,0,car
MVI_40201,10,1,71,71,71,71,1.0,0.3475,0.507,1,71,2.84,0,0,0,0,car
MVI_40201,11,6,91,86,86,0,0.0,0.0,0.0,0,0,0.0,0,0,0,0,car
MVI_40201,12,11,116,106,106,0,0.0,0.0,0.0,0,0,0.0,0,0,0,0,van
MVI_40201,13,11,106,96,96,0,0.0,0.0,0.0,0,0,0.0,0,0,0,0,car
MVI_40201,14,36,136,101,101,0,0.0,0.0,0.0,0,0,0.0,0,0,0,0,car
MVI_40201,15,36,126,91,91,0,0.0,0.0,0.0,0,0,0.0,0,0,0,0,car
MVI_40201,16,56,136,81,81,0,0.0,0.0,0.0,0,0,0.0,0,0,0,0,car
MVI_40201,17,61,146,86,86,86,1.0,0.56,0.7306,1,86,3.44,0,0,0,0,car
MVI_40201,18,71,171,101,101,0,0.0,0.0,0.0,0,0,0.0,0,0,0,0,van
MVI_40201,19,71,171,101,101,0,0.0,0.0,0.0,0,0,0.0,0,0,0,0,car
MVI_40201,20,71,146,76,76,69,0.9079,0.2784,0.4264,1,69,2.76,0,0,0,0,car
MVI_40201,21,76,151,76,76,3,0.0395,0.0095,0.1595,1,3,0.12,0,0,0,0,car
MVI_40201,22,81,166,86,86,81,0.9419,0.3317,0.5475,1,81,3.24,0,0,0,0,car
MVI_40201,23,81,171,91,91,0,0.0,0.0,0.0,0,0,0.0,0,0,0,0,car
MVI_40201,24,86,166,81,81,0,0.0,0.0,0.0,0,0,0.0,0,0,0,0,car
MVI_40201,25,86,166,81,81,67,0.8272,0.2603,0.4796,1,67,2.68,0,0,0,0,car
MVI_40201,26,91,191,101,101,21,0.2079,0.0394,0.2326,1,21,0.84,0,0,0,0,car
MVI_40201,27,91,166,76,76,76,1.0,0.4568,0.6481,1,76,3.04,0,0,0,0,car
MVI_40201,28,91,166,76,76,76,1.0,0.3066,0.4249,1,76,3.04,0,0,0,0,car
MVI_40201,29,101,186,86,86,0,0.0,0.0,0.0,0,0,0.0,0,0,0,0,car
MVI_40201,30,116,206,91,91,41,0.4505,0.152,0.4802,1,41,1.64,0,0,0,0,car
MVI_40201,31,126,211,86,86,0,0.0,0.0,0.0,0,0,0.0,0,0,0,0,car
MVI_40201,32,131,201,71,71,66,0.9296,0.2784,0.3987,1,66,2.64,0,0,0,0,car
MVI_40201,33,136,216,81,81,81,1.0,0.6149,0.7298,1,81,3.24,0,0,0,0,car
MVI_40201,34,161,241,81,81,0,0.0,0.0,0.0,0,0,0.0,0,0,0,0,van
MVI_40201,35,166,256,91,91,0,0.0,0.0,0.0,0,0,0.0,0,0,0,0,car
MVI_40201,36,176,256,81,81,0,0.0,0.0,0.0,0,0,0.0,0,0,0,0,car
MVI_40201,37,186,276,91,91,91,1.0,0.6384,0.7819,1,91,3.64,0,0,0,0,car
MVI_40201,38,196,276,81,81,0,0.0,0.0,0.0,0,0,0.0,0,0,0,0,car
MVI_40201,39,206,296,91,91,0,0.0,0.0,0.0,0,0,0.0,0,0,0,0,car
MVI_40201,40,216,301,86,86,86,1.0,0.4684,0.5706,1,86,3.44,0,0,0,0,car
MVI_40201,41,221,311,91,91,0,0.0,0.0,0.0,0,0,0.0,0,0,0,0,car
MVI_40201,42,246,351,106,106,15,0.1415,0.0257,0.1889,1,15,0.6,0,0,0,0,car
MVI_40201,43,246,316,71,71,0,0.0,0.0,0.0,0,0,0.0,0,0,0,0,car
MVI_40201,44,251,326,76,76,71,0.9342,0.2025,0.4614,2,49,1.96,0,0,0,0,car
MVI_40201,45,256,346,91,91,0,0.0,0.0,0.0,0,0,0.0,0,0,0,0,car
MVI_40201,46,271,341,71,71,0,0.0,0.0,0.0,0,0,0.0,0,0,0,0,car
MVI_40201,47,276,371,96,96,26,0.2708,0.081,0.368,1,26,1.04,0,0,0,0,car
MVI_40201,48,281,356,76,76,76,1.0,0.8042,0.9474,1,76,3.04,2,7,0,0,car
MVI_40201,49,291,371,81,81,0,0.0,0.0,0.0,0,0,0.0,0,0,0,0,car
MVI_40201,50,291,401,111,111,0,0.0,0.0,0.0,0,0,0.0,0,0,0,0,car
MVI_40201,51,306,396,91,91,41,0.4505,0.1576,0.599,1,41,1.64,0,0,0,0,car
MVI_40201,52,311,416,106,106,8,0.0755,0.0119,0.2215,1,9,0.36,0,0,0,0,van
MVI_40201,53,316,406,91,91,0,0.0,0.0,0.0,0,0,0.0,0,0,0,0,car
MVI_40201,54,321,406,86,86,86,1.0,0.5801,0.721,1,86,3.44,0,0,0,0,car
MVI_40201,55,331,411,81,81,42,0.5185,0.1682,0.5498,1,42,1.68,0,0,0,0,car
MVI_40201,56,336,436,101,101,0,0.0,0.0,0.0,0,0,0.0,0,0,0,0,car
MVI_40201,57,341,431,91,91,91,1.0,0.7385,0.8903,1,91,3.64,0,0,0,0,car
MVI_40201,58,351,471,121,121,0,0.0,0.0,0.0,0,0,0.0,0,0,0,0,car
MVI_40201,59,351,446,96,96,0,0.0,0.0,0.0,0,0,0.0,0,0,0,0,car
MVI_40201,60,351,451,101,101,43,0.4257,0.1514,0.5025,2,39,1.56,0,0,0,0,car
MVI_40201,61,361,451,91,91,71,0.7802,0.1555,0.2783,1,71,2.84,0,0,0,0,car
MVI_40201,62,371,471,101,101,101,1.0,0.7524,0.9328,1,101,4.04,2,4,0,0,car
MVI_40201,63,406,506,101,101,0,0.0,0.0,0.0,0,0,0.0,0,0,0,0,car
MVI_40201,64,431,551,121,121,0,0.0,0.0,0.0,0,0,0.0,0,0,0,0,car
MVI_40201,65,431,526,96,96,0,0.0,0.0,0.0,0,0,0.0,0,0,0,0,car
MVI_40201,66,461,546,86,86,0,0.0,0.0,0.0,0,0,0.0,0,0,0,0,car
MVI_40201,67,461,551,91,91,0,0.0,0.0,0.0,0,0,0.0,0,0,0,0,car
MVI_40201,68,461,586,126,126,0,0.0,0.0,0.0,0,0,0.0,0,0,0,0,car
MVI_40201,69,476,571,96,96,55,0.5729,0.1575,0.3504,1,55,2.2,0,0,0,0,car
MVI_40201,70,486,591,106,106,101,0.9528,0.2018,0.2877,1,101,4.04,0,0,0,0,car
MVI_40201,71,486,581,96,96,0,0.0,0.0,0.0,0,0,0.0,0,0,0,0,car
MVI_40201,72,491,581,91,91,91,1.0,0.7023,0.855,1,91,3.64,0,0,0,0,car
MVI_40201,73,506,601,96,96,0,0.0,0.0,0.0,0,0,0.0,0,0,0,0,car
MVI_40201,74,521,626,106,106,0,0.0,0.0,0.0,0,0,0.0,0,0,0,0,car
MVI_40201,75,526,631,106,106,0,0.0,0.0,0.0,0,0,0.0,0,0,0,0,car
MVI_40201,76,546,656,111,111,0,0.0,0.0,0.0,0,0,0.0,0,0,0,0,car
MVI_40201,77,551,656,106,106,0,0.0,0.0,0.0,0,0,0.0,0,0,0,0,car
MVI_40201,78,561,661,101,101,26,0.2574,0.0613,0.2582,1,26,1.04,0,0,0,0,car
MVI_40201,79,561,646,86,86,0,0.0,0.0,0.0,0,0,0.0,0,0,0,0,car
MVI_40201,80,571,666,96,96,83,0.8646,0.2684,0.4657,2,75,3.0,0,0,0,0,car
MVI_40201,81,576,671,96,96,26,0.2708,0.0703,0.3768,1,26,1.04,0,0,0,0,car
MVI_40201,82,581,666,86,86,86,1.0,0.7443,0.8727,1,86,3.44,0,0,0,0,car
MVI_40201,83,586,696,111,111,0,0.0,0.0,0.0,0,0,0.0,0,0,0,0,car
MVI_40201,84,591,706,116,116,0,0.0,0.0,0.0,0,0,0.0,0,0,0,0,car
MVI_40201,85,606,706,101,101,51,0.505,0.1434,0.3353,1,51,2.04,0,0,0,0,car
MVI_40201,86,611,721,111,111,0,0.0,0.0,0.0,0,0,0.0,0,0,0,0,car
MVI_40201,87,611,706,96,96,6,0.0625,0.0201,0.3395,1,6,0.24,0,0,0,0,car
MVI_40201,88,621,706,86,86,86,1.0,0.6577,0.821,1,86,3.44,0,0,0,0,car
MVI_40201,89,626,726,101,101,0,0.0,0.0,0.0,0,0,0.0,0,0,0,0,van
MVI_40201,90,631,726,96,96,48,0.5,0.1122,0.4248,1,48,1.92,0,0,0,0,car
MVI_40201,91,646,741,96,96,67,0.6979,0.1749,0.3788,1,67,2.68,0,0,0,0,car
MVI_40201,92,651,726,76,76,76,1.0,0.5775,0.6474,1,76,3.04,0,0,0,0,car
MVI_40201,93,651,741,91,91,28,0.3077,0.072,0.523,2,15,0.6,0,0,0,0,car
MVI_40201,94,656,741,86,86,37,0.4302,0.1193,0.4351,1,37,1.48,0,0,0,0,car
MVI_40201,95,661,741,81,81,0,0.0,0.0,0.0,0,0,0.0,0,0,0,0,car
MVI_40201,96,666,766,101,101,0,0.0,0.0,0.0,0,0,0.0,0,0,0,0,car
MVI_40201,97,671,756,86,86,0,0.0,0.0,0.0,0,0,0.0,0,0,0,0,car
MVI_40201,98,671,756,86,86,86,1.0,0.7231,0.811,1,86,3.44,0,0,0,0,car
MVI_40201,99,681,776,96,96,0,0.0,0.0,0.0,0,0,0.0,0,0,0,0,car
MVI_40201,100,701,801,101,101,0,0.0,0.0,0.0,0,0,0.0,0,0,0,0,car
MVI_40201,101,706,806,101,101,0,0.0,0.0,0.0,0,0,0.0,0,0,0,0,car
MVI_40201,102,706,791,86,86,86,1.0,0.5751,0.7406,1,86,3.44,0,0,0,0,car
MVI_40201,103,721,801,81,81,0,0.0,0.0,0.0,0,0,0.0,0,0,0,0,car
MVI_40201,104,741,826,86,86,64,0.7442,0.1266,0.2092,2,58,2.32,0,0,0,0,car
MVI_40201,105,741,851,111,111,0,0.0,0.0,0.0,0,0,0.0,0,0,0,0,car
MVI_40201,106,741,831,91,91,0,0.0,0.0,0.0,0,0,0.0,0,0,0,0,van
MVI_40201,107,746,851,106,106,37,0.3491,0.0859,0.3431,1,37,1.48,0,0,0,0,car
MVI_40201,108,751,836,86,86,19,0.2209,0.0541,0.2865,1,19,0.76,0,0,0,0,car
MVI_40201,109,771,866,96,96,0,0.0,0.0,0.0,0,0,0.0,0,0,0,0,car
MVI_40201,110,771,851,81,81,81,1.0,0.6761,0.7869,1,81,3.24,0,0,0,0,car
MVI_40201,111,781,856,76,76,0,0.0,0.0,0.0,0,0,0.0,0,0,0,0,car
MVI_40201,112,786,871,86,86,0,0.0,0.0,0.0,0,0,0.0,0,0,0,0,van
MVI_40201,113,811,901,91,91,0,0.0,0.0,0.0,0,0,0.0,0,0,0,0,car
MVI_40201,114,811,896,86,86,0,0.0,0.0,0.0,0,0,0.0,0,0,0,0,car
MVI_40201,115,811,901,91,91,0,0.0,0.0,0.0,0,0,0.0,0,0,0,0,car
MVI_40201,116,836,925,90,90,0,0.0,0.0,0.0,0,0,0.0,0,0,0,0,car
MVI_40201,117,841,925,85,85,37,0.4353,0.1044,0.3075,1,37,1.48,0,0,0,0,car
MVI_40201,118,846,925,80,80,0,0.0,0.0,0.0,0,0,0.0,0,0,0,0,car
MVI_40201,119,846,925,80,80,0,0.0,0.0,0.0,0,0,0.0,0,0,0,0,car
MVI_40201,120,846,925,80,80,0,0.0,0.0,0.0,0,0,0.0,0,0,0,0,car
MVI_40201,121,861,925,65,65,65,1.0,0.6021,0.721,1,65,2.6,0,0,0,0,car
MVI_40201,122,861,925,65,65,0,0.0,0.0,0.0,0,0,0.0,0,0,0,0,car
MVI_40201,123,876,925,50,50,0,0.0,0.0,0.0,0,0,0.0,0,0,0,0,car
MVI_40201,124,876,925,50,50,0,0.0,0.0,0.0,0,0,0.0,0,0,0,0,car
MVI_40201,125,906,925,20,20,0,0.0,0.0,0.0,0,0,0.0,0,0,0,0,car
MVI_40201,126,911,925,15,15,15,1.0,0.4478,0.5343,1,15,0.6,0,0,0,0,car
MVI_40201,127,911,925,15,15,0,0.0,0.0,0.0,0,0,0.0,0,0,0,0,car
MVI_40204,1,1,26,26,26,0,0.0,0.0,0.0,0,0,0.0,0,0,0,0,car
MVI_40204,2,1,66,66,66,0,0.0,0.0,0.0,0,0,0.0,0,0,0,0,car
MVI_40204,3,1,21,21,21,0,0.0,0.0,0.0,0,0,0.0,0,0,0,0,car
MVI_40204,4,1,51,51,51,0,0.0,0.0,0.0,0,0,0.0,0,0,0,0,car
MVI_40204,5,1,101,101,101,0,0.0,0.0,0.0,0,0,0.0,0,0,0,0,car
MVI_40204,6,1,86,86,86,86,1.0,0.5714,0.7002,1,86,3.44,0,0,0,0,car
MVI_40204,7,1,96,96,96,0,0.0,0.0,0.0,0,0,0.0,0,0,0,0,car
MVI_40204,8,1,71,71,71,0,0.0,0.0,0.0,0,0,0.0,0,0,0,0,car
MVI_40204,9,1,66,66,66,66,1.0,0.4363,0.564,1,66,2.64,0,0,0,0,car
MVI_40204,10,1,76,76,76,32,0.4211,0.1418,0.5662,1,32,1.28,0,0,0,0,car
MVI_40204,11,1,66,66,66,31,0.4697,0.1148,0.2915,1,31,1.24,0,0,0,0,car
MVI_40204,12,1,16,16,16,16,1.0,0.6785,0.8448,1,16,0.64,0,0,0,0,car
MVI_40204,13,1,16,16,16,0,0.0,0.0,0.0,0,0,0.0,0,0,0,0,car
MVI_40204,14,6,151,146,146,0,0.0,0.0,0.0,0,0,0.0,0,0,0,0,car
MVI_40204,15,11,146,136,136,136,1.0,0.497,0.9106,1,136,5.44,1,1,0,0,car
MVI_40204,16,16,131,116,116,0,0.0,0.0,0.0,0,0,0.0,0,0,0,0,car
MVI_40204,17,16,131,116,116,0,0.0,0.0,0.0,0,0,0.0,0,0,0,0,car
MVI_40204,18,21,151,131,131,0,0.0,0.0,0.0,0,0,0.0,0,0,0,0,car
MVI_40204,19,31,161,131,131,0,0.0,0.0,0.0,0,0,0.0,0,0,0,0,car
MVI_40204,20,51,171,121,121,0,0.0,0.0,0.0,0,0,0.0,0,0,0,0,car
MVI_40204,21,51,201,151,151,0,0.0,0.0,0.0,0,0,0.0,0,0,0,0,car
MVI_40204,22,56,101,46,46,0,0.0,0.0,0.0,0,0,0.0,0,0,0,0,car
MVI_40204,23,71,211,141,141,0,0.0,0.0,0.0,0,0,0.0,0,0,0,0,car
MVI_40204,24,91,146,56,56,0,0.0,0.0,0.0,0,0,0.0,0,0,0,0,car
MVI_40204,25,101,241,141,141,0,0.0,0.0,0.0,0,0,0.0,0,0,0,0,car
MVI_40204,26,101,241,141,141,0,0.0,0.0,0.0,0,0,0.0,0,0,0,0,car
MVI_40204,27,111,221,111,111,111,1.0,0.5342,0.8476,1,111,4.44,0,0,0,0,car
MVI_40204,28,116,256,141,141,0,0.0,0.0,0.0,0,0,0.0,0,0,0,0,car
MVI_40204,29,121,261,141,141,0,0.0,0.0,0.0,0,0,0.0,0,0,0,0,car
MVI_40204,30,136,276,141,141,71,0.5035,0.1849,0.6624,1,71,2.84,0,0,0,0,car
MVI_40204,31,156,276,121,121,0,0.0,0.0,0.0,0,0,0.0,0,0,0,0,van
MVI_40204,32,161,311,151,151,0,0.0,0.0,0.0,0,0,0.0,0,0,0,0,car
MVI_40204,33,171,306,136,136,0,0.0,0.0,0.0,0,0,0.0,0,0,0,0,car
MVI_40204,34,176,291,116,116,53,0.4569,0.0938,0.3098,3,25,1.0,0,0,0,0,car
MVI_40204,35,181,311,131,131,131,1.0,0.7623,1.0,1,131,5.24,2,21,0,0,car
MVI_40204,36,181,296,116,116,52,0.4483,0.0867,0.294,1,52,2.08,0,0,0,0,van
MVI_40204,37,186,236,51,51,0,0.0,0.0,0.0,0,0,0.0,0,0,0,0,car
MVI_40204,38,191,356,166,166,0,0.0,0.0,0.0,0,0,0.0,0,0,0,0,car
MVI_40204,39,191,301,111,111,22,0.1982,0.036,0.2076,1,22,0.88,0,0,0,0,car
MVI_40204,40,201,351,151,151,39,0.2583,0.0655,0.3734,1,39,1.56,0,0,0,0,van
MVI_40204,41,201,346,146,146,0,0.0,0.0,0.0,0,0,0.0,0,0,0,0,car
MVI_40204,42,221,376,156,156,0,0.0,0.0,0.0,0,0,0.0,0,0,0,0,car
MVI_40204,43,226,361,136,136,0,0.0,0.0,0.0,0,0,0.0,0,0,0,0,car
MVI_40204,44,231,351,121,121,0,0.0,0.0,0.0,0,0,0.0,0,0,0,0,car
MVI_40204,45,231,351,121,121,0,0.0,0.0,0.0,0,0,0.0,0,0,0,0,car
MVI_40204,46,241,381,141,141,141,1.0,0.6015,0.7994,1,141,5.64,0,0,0,0,car
MVI_40204,47,246,386,141,141,0,0.0,0.0,0.0,0,0,0.0,0,0,0,0,car
MVI_40204,48,256,301,46,46,0,0.0,0.0,0.0,0,0,0.0,0,0,0,0,car
MVI_40204,49,261,411,151,151,46,0.3046,0.0813,0.3756,1,46,1.84,0,0,0,0,car
MVI_40204,50,281,401,121,121,121,1.0,0.3481,0.4315,1,121,4.84,0,0,0,0,car
MVI_40204,51,281,411,131,131,131,1.0,0.7387,0.9821,1,131,5.24,3,6,0,0,car
MVI_40204,52,286,416,131,131,2,0.0153,0.0124,0.1053,1,2,0.08,0,0,0,0,car
MVI_40204,53,291,446,156,156,0,0.0,0.0,0.0,0,0,0.0,0,0,0,0,car
MVI_40204,54,291,426,136,136,0,0.0,0.0,0.0,0,0,0.0,0,0,0,0,van
MVI_40204,55,291,436,146,146,0,0.0,0.0,0.0,0,0,0.0,0,0,0,0,car
MVI_40204,56,321,366,46,46,0,0.0,0.0,0.0,0,0,0.0,0,0,0,0,car
MVI_40204,57,321,446,126,126,0,0.0,0.0,0.0,0,0,0.0,0,0,0,0,van
MVI_40204,58,321,466,146,146,0,0.0,0.0,0.0,0,0,0.0,0,0,0,0,car
MVI_40204,59,326,456,131,131,0,0.0,0.0,0.0,0,0,0.0,0,0,0,0,car
MVI_40204,60,326,456,131,131,131,1.0,0.7707,0.9459,1,131,5.24,2,1,0,0,car
MVI_40204,61,346,481,136,136,0,0.0,0.0,0.0,0,0,0.0,0,0,0,0,car
MVI_40204,62,361,411,51,51,0,0.0,0.0,0.0,0,0,0.0,0,0,0,0,car
MVI_40204,63,361,501,141,141,39,0.2766,0.0908,0.4433,1,39,1.56,0,0,0,0,car
MVI_40204,64,361,491,131,131,130,0.9924,0.3314,0.4618,1,130,5.2,0,0,0,0,car
MVI_40204,65,361,501,141,141,141,1.0,0.6306,0.9686,1,141,5.64,1,3,0,0,car
MVI_40204,66,381,526,146,146,0,0.0,0.0,0.0,0,0,0.0,0,0,0,0,car
MVI_40204,67,411,541,131,131,58,0.4427,0.1232,0.3598,1,58,2.32,0,0,0,0,car
MVI_40204,68,421,546,126,126,15,0.119,0.0298,0.2534,1,15,0.6,0,0,0,0,car
MVI_40204,69,426,521,96,96,0,0.0,0.0,0.0,0,0,0.0,0,0,0,0,bus
MVI_40204,70,426,561,136,136,0,0.0,0.0,0.0,0,0,0.0,0,0,0,0,van
MVI_40204,71,446,561,116,116,116,1.0,0.6464,1.0,1,116,4.64,2,16,0,0,car
MVI_40204,72,466,606,141,141,33,0.234,0.0657,0.3835,1,33,1.32,0,0,0,0,car
MVI_40204,73,471,606,136,136,136,1.0,0.6496,0.8508,1,136,5.44,0,0,0,0,car
MVI_40204,74,476,591,116,116,116,1.0,0.3001,0.4571,1,116,4.64,0,0,0,0,car
MVI_40204,75,476,611,136,136,0,0.0,0.0,0.0,0,0,0.0,0,0,0,0,van
MVI_40204,76,486,631,146,146,0,0.0,0.0,0.0,0,0,0.0,0,0,0,0,car
MVI_40204,77,486,631,146,146,0,0.0,0.0,0.0,0,0,0.0,0,0,0,0,car
MVI_40204,78,496,626,131,131,19,0.145,0.0306,0.2927,1,19,0.76,0,0,0,0,car
MVI_40204,79,501,641,141,141,0,0.0,0.0,0.0,0,0,0.0,0,0,0,0,car
MVI_40204,80,506,656,151,151,0,0.0,0.0,0.0,0,0,0.0,0,0,0,0,car
MVI_40204,81,511,651,141,141,141,1.0,0.6015,0.9614,1,141,5.64,2,9,0,0,car
MVI_40204,82,516,651,136,136,47,0.3456,0.0878,0.2113,2,40,1.6,0,0,0,0,car
MVI_40204,83,536,651,116,116,0,0.0,0.0,0.0,0,0,0.0,0,0,0,0,car
MVI_40204,84,541,681,141,141,0,0.0,0.0,0.0,0,0,0.0,0,0,0,0,car
MVI_40204,85,551,691,141,141,141,1.0,0.739,1.0,1,141,5.64,2,12,0,0,car
MVI_40204,86,571,706,136,136,114,0.8382,0.2687,0.4966,1,114,4.56,0,0,0,0,car
MVI_40204,87,571,706,136,136,0,0.0,0.0,0.0,0,0,0.0,0,0,0,0,car
MVI_40204,88,576,721,146,146,146,1.0,0.5862,0.9657,1,146,5.84,3,2,0,0,car
MVI_40204,89,591,751,161,161,0,0.0,0.0,0.0,0,0,0.0,0,0,0,0,car
MVI_40204,90,601,746,146,146,146,1.0,0.7459,1.0,1,146,5.84,5,18,0,0,car
MVI_40204,91,606,756,151,151,0,0.0,0.0,0.0,0,0,0.0,0,0,0,0,car
MVI_40204,92,611,766,156,156,41,0.2628,0.0757,0.5656,1,41,1.64,0,0,0,0,car
MVI_40204,93,621,751,131,131,112,0.855,0.2962,0.5608,1,112,4.48,0,0,0,0,car
MVI_40204,94,621,791,171,171,0,0.0,0.0,0.0,0,0,0.0,0,0,0,0,bus
MVI_40204,95,621,756,136,136,0,0.0,0.0,0.0,0,0,0.0,0,0,0,0,car
MVI_40204,96,636,796,161,161,82,0.5093,0.124,0.3418,1,82,3.28,0,0,0,0,van
MVI_40204,97,641,746,106,106,0,0.0,0.0,0.0,0,0,0.0,0,0,0,0,car
MVI_40204,98,641,796,156,156,156,1.0,0.7258,1.0,1,156,6.24,1,53,0,0,car
MVI_40204,99,646,796,151,151,12,0.0795,0.051,0.4975,1,11,0.44,0,0,0,0,car
MVI_40204,100,671,821,151,151,0,0.0,0.0,0.0,0,0,0.0,0,0,0,0,car
MVI_40204,101,681,836,156,156,0,0.0,0.0,0.0,0,0,0.0,0,0,0,0,car
MVI_40204,102,691,851,161,161,0,0.0,0.0,0.0,0,0,0.0,0,0,0,0,car
MVI_40204,103,691,826,136,136,0,0.0,0.0,0.0,0,0,0.0,0,0,0,0,car
MVI_40204,104,691,831,141,141,0,0.0,0.0,0.0,0,0,0.0,0,0,0,0,car
MVI_40204,105,691,816,126,126,0,0.0,0.0,0.0,0,0,0.0,0,0,0,0,car
MVI_40204,106,696,821,126,126,121,0.9603,0.2723,0.4677,2,70,2.8,0,0,0,0,car
MVI_40204,107,716,866,151,151,0,0.0,0.0,0.0,0,0,0.0,0,0,0,0,car
MVI_40204,108,716,866,151,151,151,1.0,0.6991,0.9008,1,151,6.04,1,1,0,0,car
MVI_40204,109,721,861,141,141,0,0.0,0.0,0.0,0,0,0.0,0,0,0,0,car
MVI_40204,110,731,861,131,131,75,0.5725,0.3206,0.7992,1,75,3.0,0,0,0,0,car
MVI_40204,111,736,871,136,136,0,0.0,0.0,0.0,0,0,0.0,0,0,0,0,van
MVI_40204,112,736,881,146,146,40,0.274,0.0615,0.3318,1,40,1.6,0,0,0,0,car
MVI_40204,113,736,851,116,116,0,0.0,0.0,0.0,0,0,0.0,0,0,0,0,car
MVI_40204,114,741,831,91,91,0,0.0,0.0,0.0,0,0,0.0,0,0,0,0,car
MVI_40204,115,741,891,151,151,75,0.4967,0.0805,0.2227,2,71,2.84,0,0,0,0,van
MVI_40204,116,751,896,146,146,146,1.0,0.7591,0.9442,1,146,5.84,2,1,0,0,car
MVI_40204,117,766,906,141,141,40,0.2837,0.087,0.5599,2,31,1.24,0,0,0,0,car
MVI_40204,118,766,916,151,151,0,0.0,0.0,0.0,0,0,0.0,0,0,0,0,car
MVI_40204,119,771,921,151,151,65,0.4305,0.1395,0.8407,1,66,2.64,0,0,0,0,van
MVI_40204,120,786,941,156,156,62,0.3974,0.1093,0.4734,1,62,2.48,0,0,0,0,car
MVI_40204,121,801,956,156,156,21,0.1346,0.0373,0.3857,1,21,0.84,0,0,0,0,car
MVI_40204,122,801,941,141,141,141,1.0,0.6373,0.8159,1,141,5.64,0,0,0,0,car
MVI_40204,123,801,906,106,106,0,0.0,0.0,0.0,0,0,0.0,0,0,0,0,car
MVI_40204,124,811,961,151,151,0,0.0,0.0,0.0,0,0,0.0,0,0,0,0,car
MVI_40204,125,811,951,141,141,0,0.0,0.0,0.0,0,0,0.0,0,0,0,0,car
MVI_40204,126,826,991,166,166,47,0.2831,0.0951,0.5182,2,43,1.72,0,0,0,0,car
MVI_40204,127,831,991,161,161,5,0.0311,0.0228,0.3462,1,5,0.2,0,0,0,0,car
MVI_40204,128,856,986,131,131,115,0.8779,0.4171,0.9876,2,98,3.92,1,10,0,0,car
MVI_40204,129,856,1011,156,156,156,1.0,0.6754,0.9686,1,156,6.24,2,2,0,0,car
MVI_40204,130,856,1006,151,151,0,0.0,0.0,0.0,0,0,0.0,0,0,0,0,car
MVI_40204,131,866,1026,161,161,0,0.0,0.0,0.0,0,0,0.0,0,0,0,0,van
MVI_40204,132,866,1031,166,166,0,0.0,0.0,0.0,0,0,0.0,0,0,0,0,van
MVI_40204,133,886,991,106,106,53,0.5,0.2296,0.7846,1,53,2.12,0,0,0,0,car
MVI_40204,134,891,1036,146,146,0,0.0,0.0,0.0,0,0,0.0,0,0,0,0,car
MVI_40204,135,896,1036,141,141,75,0.5319,0.1636,0.4126,1,75,3.0,0,0,0,0,van
MVI_40204,136,901,1071,171,171,0,0.0,0.0,0.0,0,0,0.0,0,0,0,0,car
MVI_40204,137,911,1036,126,126,63,0.5,0.1799,0.5644,1,63,2.52,0,0,0,0,van
MVI_40204,138,911,1076,166,166,7,0.0422,0.0125,0.3383,1,7,0.28,0,0,0,0,car
MVI_40204,139,926,996,71,71,0,0.0,0.0,0.0,0,0,0.0,0,0,0,0,car
MVI_40204,140,946,1106,161,161,0,0.0,0.0,0.0,0,0,0.0,0,0,0,0,car
MVI_40204,141,946,1031,86,86,0,0.0,0.0,0.0,0,0,0.0,0,0,0,0,van
MVI_40204,142,946,1091,146,146,145,0.9932,0.6561,0.8963,1,145,5.8,0,0,0,0,car
MVI_40204,143,951,1121,171,171,0,0.0,0.0,0.0,0,0,0.0,0,0,0,0,car
MVI_40204,144,971,1136,166,166,0,0.0,0.0,0.0,0,0,0.0,0,0,0,0,van
MVI_40204,145,981,1141,161,161,146,0.9068,0.3536,0.5739,1,146,5.84,0,0,0,0,car
MVI_40204,146,981,1061,81,81,0,0.0,0.0,0.0,0,0,0.0,0,0,0,0,car
MVI_40204,147,986,1111,126,126,0,0.0,0.0,0.0,0,0,0.0,0,0,0,0,car
MVI_40204,148,991,1141,151,151,110,0.7285,0.3442,0.7994,1,110,4.4,0,0,0,0,car
MVI_40204,149,1001,1161,161,161,72,0.4472,0.1094,0.3326,1,72,2.88,0,0,0,0,car
MVI_40204,150,1001,1146,146,146,146,1.0,0.5797,0.8641,1,146,5.84,0,0,0,0,car
MVI_40204,151,1011,1186,176,176,0,0.0,0.0,0.0,0,0,0.0,0,0,0,0,car
MVI_40204,152,1011,1176,166,166,0,0.0,0.0,0.0,0,0,0.0,0,0,0,0,car
MVI_40204,153,1016,1186,171,171,130,0.7602,0.2437,0.5184,1,129,5.16,0,0,0,0,van
MVI_40204,154,1026,1191,166,166,28,0.1687,0.0373,0.2739,1,28,1.12,0,0,0,0,car
MVI_40204,155,1026,1171,146,146,0,0.0,0.0,0.0,0,0,0.0,0,0,0,0,car
MVI_40204,156,1026,1201,176,176,0,0.0,0.0,0.0,0,0,0.0,0,0,0,0,car
MVI_40204,157,1036,1191,156,156,0,0.0,0.0,0.0,0,0,0.0,0,0,0,0,car
MVI_40204,158,1051,1225,175,175,31,0.1771,0.055,0.4116,1,31,1.24,0,0,0,0,car
MVI_40204,159,1056,1111,56,56,0,0.0,0.0,0.0,0,0,0.0,0,0,0,0,car
MVI_40204,160,1056,1221,166,166,0,0.0,0.0,0.0,0,0,0.0,0,0,0,0,car
MVI_40204,161,1056,1225,170,170,89,0.5235,0.1706,0.6977,2,67,2.68,0,0,0,0,car
MVI_40204,162,1056,1206,151,151,151,1.0,0.799,0.9962,1,151,6.04,4,14,0,0,car
MVI_40204,163,1066,1225,160,160,0,0.0,0.0,0.0,0,0,0.0,0,0,0,0,car
MVI_40204,164,1076,1211,136,136,0,0.0,0.0,0.0,0,0,0.0,0,0,0,0,car
MVI_40204,165,1081,1225,145,145,139,0.9586,0.4652,0.9614,1,139,5.56,1,6,0,0,car
MVI_40204,166,1091,1225,135,135,0,0.0,0.0,0.0,0,0,0.0,0,0,0,0,car
MVI_40204,167,1091,1225,135,135,0,0.0,0.0,0.0,0,0,0.0,0,0,0,0,van
MVI_40204,168,1106,1225,120,120,120,1.0,0.6508,0.9316,1,120,4.8,1,1,0,0,car
MVI_40204,169,1136,1225,90,90,0,0.0,0.0,0.0,0,0,0.0,0,0,0,0,car
MVI_40204,170,1136,1225,90,90,0,0.0,0.0,0.0,0,0,0.0,0,0,0,0,car
MVI_40204,171,1156,1221,66,66,0,0.0,0.0,0.0,0,0,0.0,0,0,0,0,van
MVI_40204,172,1161,1221,61,61,0,0.0,0.0,0.0,0,0,0.0,0,0,0,0,car
MVI_40204,173,1161,1225,65,65,65,1.0,0.6196,0.7359,1,65,2.6,0,0,0,0,car
MVI_40204,174,1186,1225,40,40,0,0.0,0.0,0.0,0,0,0.0,0,0,0,0,car
MVI_40204,175,1191,1225,35,35,0,0.0,0.0,0.0,0,0,0.0,0,0,0,0,van
MVI_40204,176,1196,1225,30,30,0,0.0,0.0,0.0,0,0,0.0,0,0,0,0,car
MVI_40204,177,1206,1225,20,20,20,1.0,0.4398,0.5228,1,20,0.8,0,0,0,0,car
MVI_40204,178,1221,1225,5,5,0,0.0,0.0,0.0,0,0,0.0,0,0,0,0,car
MVI_40204,179,1221,1225,5,5,0,0.0,0.0,0.0,0,0,0.0,0,0,0,0,car
MVI_40211,1,1,31,31,31,15,0.4839,0.2688,0.6544,1,15,0.6,0,0,0,0,car
MVI_40211,2,1,46,46,46,0,0.0,0.0,0.0,0,0,0.0,0,0,0,0,car
MVI_40211,3,11,56,46,46,0,0.0,0.0,0.0,0,0,0.0,0,0,0,0,car
MVI_40211,4,21,61,41,41,24,0.5854,0.2429,0.532,1,24,0.96,0,0,0,0,car
MVI_40211,5,31,56,26,26,0,0.0,0.0,0.0,0,0,0.0,0,0,0,0,car
MVI_40211,6,36,81,46,46,0,0.0,0.0,0.0,0,0,0.0,0,0,0,0,van
MVI_40211,7,61,71,11,11,7,0.6364,0.126,0.2493,1,7,0.28,0,0,0,0,car
MVI_40211,8,61,101,41,41,0,0.0,0.0,0.0,0,0,0.0,0,0,0,0,car
MVI_40211,9,66,111,46,46,17,0.3696,0.1066,0.4158,1,17,0.68,0,0,0,0,car
MVI_40211,10,86,126,41,41,21,0.5122,0.1379,0.4876,1,21,0.84,0,0,0,0,car
MVI_40211,11,86,121,36,36,15,0.4167,0.0825,0.2619,1,17,0.68,0,0,0,0,car
MVI_40211,12,81,86,6,6,0,0.0,0.0,0.0,0,0,0.0,0,0,0,0,van
MVI_40211,13,86,106,21,21,0,0.0,0.0,0.0,0,0,0.0,0,0,0,0,car
MVI_40211,14,101,126,26,26,4,0.1538,0.038,0.1155,1,4,0.16,0,0,0,0,car
MVI_40211,15,101,136,36,36,21,0.5833,0.1894,0.4094,1,21,0.84,0,0,0,0,car
MVI_40211,16,106,131,26,26,0,0.0,0.0,0.0,0,0,0.0,0,0,0,0,car
MVI_40211,17,136,156,21,21,0,0.0,0.0,0.0,0,0,0.0,0,0,0,0,car
MVI_40211,18,141,146,6,6,6,1.0,0.4259,0.5071,1,6,0.24,0,0,0,0,car
MVI_40211,19,146,176,31,31,0,0.0,0.0,0.0,0,0,0.0,0,0,0,0,car
MVI_40211,20,156,186,31,31,17,0.5484,0.2848,0.6375,1,17,0.68,0,0,0,0,car
MVI_40211,21,156,211,56,56,0,0.0,0.0,0.0,0,0,0.0,0,0,0,0,car
MVI_40211,22,171,221,51,51,0,0.0,0.0,0.0,0,0,0.0,0,0,0,0,car
MVI_40211,23,171,176,6,6,4,0.6667,0.216,0.3782,1,4,0.16,0,0,0,0,car
MVI_40211,24,186,211,26,26,0,0.0,0.0,0.0,0,0,0.0,0,0,0,0,car
MVI_40211,25,236,241,6,6,6,1.0,0.3371,0.4489,1,6,0.24,0,0,0,0,car
MVI_40211,26,236,256,21,21,0,0.0,0.0,0.0,0,0,0.0,0,0,0,0,car
MVI_40211,27,246,271,26,26,0,0.0,0.0,0.0,0,0,0.0,0,0,0,0,car
MVI_40211,28,266,301,36,36,21,0.5833,0.3161,0.6512,1,21,0.84,0,0,0,0,car
MVI_40211,29,281,326,46,46,0,0.0,0.0,0.0,0,0,0.0,0,0,0,0,car
MVI_40211,30,281,311,31,31,0,0.0,0.0,0.0,0,0,0.0,0,0,0,0,van
MVI_40211,31,296,316,21,21,0,0.0,0.0,0.0,0,0,0.0,0,0,0,0,car
MVI_40211,32,306,336,31,31,0,0.0,0.0,0.0,0,0,0.0,0,0,0,0,car
MVI_40211,33,311,316,6,6,6,1.0,0.3706,0.5443,1,6,0.24,0,0,0,0,car
MVI_40211,34,316,371,56,56,0,0.0,0.0,0.0,0,0,0.0,0,0,0,0,van
MVI_40211,35,331,356,26,26,0,0.0,0.0,0.0,0,0,0.0,0,0,0,0,car
MVI_40211,36,336,366,31,31,0,0.0,0.0,0.0,0,0,0.0,0,0,0,0,car
MVI_40211,37,351,386,36,36,0,0.0,0.0,0.0,0,0,0.0,0,0,0,0,car
MVI_40211,38,361,391,31,31,19,0.6129,0.2523,0.4975,1,19,0.76,0,0,0,0,van
MVI_40211,39,361,416,56,56,0,0.0,0.0,0.0,0,0,0.0,0,0,0,0,car
MVI_40211,40,366,386,21,21,0,0.0,0.0,0.0,0,0,0.0,0,0,0,0,car
MVI_40211,41,371,391,21,21,0,0.0,0.0,0.0,0,0,0.0,0,0,0,0,car
MVI_40211,42,381,426,46,46,36,0.7826,0.3701,0.7496,1,36,1.44,0,0,0,0,car
MVI_40211,43,386,421,36,36,3,0.0833,0.0363,0.1448,1,3,0.12,0,0,0,0,van
MVI_40211,44,391,416,26,26,0,0.0,0.0,0.0,0,0,0.0,0,0,0,0,car
MVI_40211,45,416,416,1,1,1,1.0,0.3835,0.3835,0,0,0.0,0,0,0,0,car
MVI_40211,46,431,446,16,16,0,0.0,0.0,0.0,0,0,0.0,0,0,0,0,car
MVI_40211,47,456,491,36,36,0,0.0,0.0,0.0,0,0,0.0,0,0,0,0,car
MVI_40211,48,456,501,46,46,22,0.4783,0.1622,0.4801,1,22,0.88,0,0,0,0,car
MVI_40211,49,461,476,16,16,0,0.0,0.0,0.0,0,0,0.0,0,0,0,0,car
MVI_40211,50,466,496,31,31,0,0.0,0.0,0.0,0,0,0.0,0,0,0,0,van
MVI_40211,51,491,536,46,46,0,0.0,0.0,0.0,0,0,0.0,0,0,0,0,car
MVI_40211,52,501,541,41,41,0,0.0,0.0,0.0,0,0,0.0,0,0,0,0,car
MVI_40211,53,506,526,21,21,0,0.0,0.0,0.0,0,0,0.0,0,0,0,0,car
MVI_40211,54,511,551,41,41,7,0.1707,0.0352,0.2269,1,7,0.28,0,0,0,0,car
MVI_40211,55,516,541,26,26,0,0.0,0.0,0.0,0,0,0.0,0,0,0,0,car
MVI_40211,56,531,551,21,21,12,0.5714,0.2496,0.5185,1,12,0.48,0,0,0,0,car
MVI_40211,57,536,576,41,41,0,0.0,0.0,0.0,0,0,0.0,0,0,0,0,car
MVI_40211,58,536,541,6,6,6,1.0,0.2763,0.4089,1,6,0.24,0,0,0,0,car
MVI_40211,59,546,571,26,26,0,0.0,0.0,0.0,0,0,0.0,0,0,0,0,car
MVI_40211,60,566,586,21,21,0,0.0,0.0,0.0,0,0,0.0,0,0,0,0,car
MVI_40211,61,576,601,26,26,0,0.0,0.0,0.0,0,0,0.0,0,0,0,0,car
MVI_40211,62,601,636,36,36,36,1.0,0.7734,0.9575,1,36,1.44,1,11,0,0,car
MVI_40211,63,601,636,36,36,20,0.5556,0.2334,0.5134,1,20,0.8,0,0,0,0,van
MVI_40211,64,611,646,36,36,0,0.0,0.0,0.0,0,0,0.0,0,0,0,0,car
MVI_40211,65,616,676,61,61,0,0.0,0.0,0.0,0,0,0.0,0,0,0,0,van
MVI_40211,66,651,691,41,41,0,0.0,0.0,0.0,0,0,0.0,0,0,0,0,car
MVI_40211,67,671,688,18,18,0,0.0,0.0,0.0,0,0,0.0,0,0,0,0,car
MVI_40211,68,681,706,26,26,0,0.0,0.0,0.0,0,0,0.0,0,0,0,0,car
MVI_40211,69,681,694,14,14,5,0.3571,0.0806,0.2223,1,5,0.2,0,0,0,0,van
MVI_40211,70,711,746,36,36,20,0.5556,0.2253,0.5096,1,20,0.8,0,0,0,0,car
MVI_40211,71,721,741,21,21,0,0.0,0.0,0.0,0,0,0.0,0,0,0,0,car
MVI_40211,72,736,756,21,21,0,0.0,0.0,0.0,0,0,0.0,0,0,0,0,car
MVI_40211,73,736,776,41,41,0,0.0,0.0,0.0,0,0,0.0,0,0,0,0,van
MVI_40211,74,746,781,36,36,0,0.0,0.0,0.0,0,0,0.0,0,0,0,0,van
MVI_40211,75,751,791,41,41,26,0.6341,0.18,0.3785,1,26,1.04,0,0,0,0,van
MVI_40211,76,751,781,31,31,0,0.0,0.0,0.0,0,0,0.0,0,0,0,0,others
MVI_40211,77,756,761,6,6,6,1.0,0.3005,0.4771,1,6,0.24,0,0,0,0,car
MVI_40211,78,786,826,41,41,22,0.5366,0.1984,0.446,1,22,0.88,0,0,0,0,car
MVI_40211,79,786,816,31,31,0,0.0,0.0,0.0,0,0,0.0,0,0,0,0,car
MVI_40211,80,791,796,6,6,0,0.0,0.0,0.0,0,0,0.0,0,0,0,0,car
MVI_40211,81,816,841,26,26,0,0.0,0.0,0.0,0,0,0.0,0,0,0,0,car
MVI_40211,82,841,881,41,41,22,0.5366,0.2042,0.4816,1,22,0.88,0,0,0,0,car
MVI_40211,83,846,906,61,61,0,0.0,0.0,0.0,0,0,0.0,0,0,0,0,car
MVI_40211,84,861,881,21,21,0,0.0,0.0,0.0,0,0,0.0,0,0,0,0,car
MVI_40211,85,861,886,26,26,0,0.0,0.0,0.0,0,0,0.0,0,0,0,0,car
MVI_40211,86,866,911,46,46,41,0.8913,0.3016,0.6062,1,41,1.64,0,0,0,0,car
MVI_40211,87,871,916,46,46,6,0.1304,0.0393,0.4752,1,6,0.24,0,0,0,0,car
MVI_40211,88,881,921,41,41,30,0.7317,0.2926,0.6911,2,23,0.92,0,0,0,0,car
MVI_40211,89,891,916,26,26,0,0.0,0.0,0.0,0,0,0.0,0,0,0,0,van
MVI_40211,90,901,941,41,41,26,0.6341,0.1543,0.3189,2,21,0.84,0,0,0,0,car
MVI_40211,91,911,941,31,31,0,0.0,0.0,0.0,0,0,0.0,0,0,0,0,bus
MVI_40211,92,936,976,41,41,24,0.5854,0.2725,0.562,1,24,0.96,0,0,0,0,car
MVI_40211,93,936,986,51,51,0,0.0,0.0,0.0,0,0,0.0,0,0,0,0,car
MVI_40211,94,941,951,11,11,7,0.6364,0.1574,0.3546,1,7,0.28,0,0,0,0,car
MVI_40211,95,946,971,26,26,0,0.0,0.0,0.0,0,0,0.0,0,0,0,0,car
MVI_40211,96,956,991,36,36,0,0.0,0.0,0.0,0,0,0.0,0,0,0,0,car
MVI_40211,97,961,981,21,21,0,0.0,0.0,0.0,0,0,0.0,0,0,0,0,car
MVI_40211,98,981,1041,61,61,55,0.9016,0.2987,0.5118,1,56,2.24,0,0,0,0,car
MVI_40211,99,986,1021,36,36,20,0.5556,0.1949,0.4194,1,20,0.8,0,0,0,0,van
MVI_40211,100,986,1006,21,21,0,0.0,0.0,0.0,0,0,0.0,0,0,0,0,car
MVI_40211,101,986,1011,26,26,0,0.0,0.0,0.0,0,0,0.0,0,0,0,0,car
MVI_40211,102,991,1041,51,51,5,0.098,0.025,0.4327,1,5,0.2,0,0,0,0,car
MVI_40211,103,1016,1031,16,16,0,0.0,0.0,0.0,0,0,0.0,0,0,0,0,van
MVI_40211,104,1016,1041,26,26,11,0.4231,0.0981,0.2679,1,11,0.44,0,0,0,0,car
MVI_40211,105,1016,1071,56,56,0,0.0,0.0,0.0,0,0,0.0,0,0,0,0,car
MVI_40211,106,1031,1061,31,31,19,0.6129,0.3087,0.5979,1,19,0.76,0,0,0,0,car
MVI_40211,107,1031,1081,51,51,11,0.2157,0.0462,0.2741,1,11,0.44,0,0,0,0,car
MVI_40211,108,1046,1101,56,56,0,0.0,0.0,0.0,0,0,0.0,0,0,0,0,car
MVI_40211,109,1056,1081,26,26,0,0.0,0.0,0.0,0,0,0.0,0,0,0,0,car
MVI_40211,110,1061,1066,6,6,5,0.8333,0.2284,0.4206,1,5,0.2,0,0,0,0,car
MVI_40211,111,1061,1096,36,36,20,0.5556,0.2211,0.5028,1,20,0.8,0,0,0,0,car
MVI_40211,112,1061,1111,51,51,11,0.2157,0.0755,0.4818,1,11,0.44,0,0,0,0,van
MVI_40211,113,1066,1126,61,61,11,0.1803,0.0591,0.5708,1,11,0.44,0,0,0,0,car
MVI_40211,114,1081,1141,61,61,0,0.0,0.0,0.0,0,0,0.0,0,0,0,0,car
MVI_40211,115,1081,1096,16,16,0,0.0,0.0,0.0,0,0,0.0,0,0,0,0,car
MVI_40211,116,1091,1096,6,6,6,1.0,0.3541,0.5641,1,6,0.24,0,0,0,0,car
MVI_40211,117,1096,1116,21,21,0,0.0,0.0,0.0,0,0,0.0,0,0,0,0,car
MVI_40211,118,1116,1176,61,61,0,0.0,0.0,0.0,0,0,0.0,0,0,0,0,car
MVI_40211,119,1131,1166,36,36,20,0.5556,0.2253,0.4715,1,20,0.8,0,0,0,0,car
MVI_40211,120,1141,1196,56,56,28,0.5,0.1489,0.45,1,28,1.12,0,0,0,0,car
MVI_40211,121,1151,1196,46,46,8,0.1739,0.0429,0.3972,1,8,0.32,0,0,0,0,car
MVI_40211,122,1151,1156,6,6,6,1.0,0.2731,0.41,1,6,0.24,0,0,0,0,car
MVI_40211,123,1156,1176,21,21,0,0.0,0.0,0.0,0,0,0.0,0,0,0,0,van
MVI_40211,124,1161,1186,26,26,0,0.0,0.0082,0.093,0,0,0.0,0,0,0,0,car
MVI_40211,125,1166,1201,36,36,20,0.5556,0.2735,0.5966,1,20,0.8,0,0,0,0,car
MVI_40211,126,1166,1231,66,66,34,0.5152,0.1641,0.4887,1,34,1.36,0,0,0,0,car
MVI_40211,127,1171,1186,16,16,4,0.25,0.047,0.1584,1,4,0.16,0,0,0,0,car
MVI_40211,128,1181,1226,46,46,0,0.0,0.0,0.0,0,0,0.0,0,0,0,0,car
MVI_40211,129,1201,1226,26,26,0,0.0,0.0,0.0,0,0,0.0,0,0,0,0,car
MVI_40211,130,1201,1226,26,26,20,0.7692,0.1393,0.2256,1,20,0.8,0,0,0,0,car
MVI_40211,131,1231,1266,36,36,22,0.6111,0.3424,0.6864,1,22,0.88,0,0,0,0,car
MVI_40211,132,1236,1266,31,31,31,1.0,0.2499,0.2744,1,31,1.24,0,0,0,0,car
MVI_40211,133,1241,1266,26,26,7,0.2692,0.0648,0.143,1,7,0.28,0,0,0,0,car
MVI_40211,134,1246,1266,21,21,0,0.0,0.0,0.0,0,0,0.0,0,0,0,0,car
MVI_40211,135,1256,1256,1,1,1,1.0,0.3755,0.3755,0,0,0.0,0,0,0,0,car
MVI_40211,136,1261,1316,56,56,0,0.0,0.0,0.0,0,0,0.0,0,0,0,0,car
MVI_40211,137,1271,1306,36,36,22,0.6111,0.2667,0.5495,1,22,0.88,0,0,0,0,car
MVI_40211,138,1271,1331,61,61,0,0.0,0.0,0.0,0,0,0.0,0,0,0,0,car
MVI_40211,139,1276,1281,6,6,5,0.8333,0.2118,0.3693,1,5,0.2,0,0,0,0,car
MVI_40211,140,1286,1326,41,41,0,0.0,0.0,0.0,0,0,0.0,0,0,0,0,car
MVI_40211,141,1286,1306,21,21,0,0.0,0.0,0.0,0,0,0.0,0,0,0,0,car
MVI_40211,142,1291,1321,31,31,0,0.0,0.0,0.0,0,0,0.0,0,0,0,0,car
MVI_40211,143,1316,1341,26,26,0,0.0,0.0,0.0,0,0,0.0,0,0,0,0,van
MVI_40211,144,1331,1371,41,41,0,0.0,0.0,0.0,0,0,0.0,0,0,0,0,van
MVI_40211,145,1331,1381,51,51,51,1.0,0.2392,0.3297,1,51,2.04,0,0,0,0,car
MVI_40211,146,1336,1386,51,51,17,0.3333,0.0954,0.4287,2,15,0.6,0,0,0,0,car
MVI_40211,147,1341,1371,31,31,0,0.0,0.0,0.0,0,0,0.0,0,0,0,0,car
MVI_40211,148,1346,1391,46,46,31,0.6739,0.2949,0.6825,1,31,1.24,0,0,0,0,car
MVI_40211,149,1351,1401,51,51,0,0.0,0.0,0.0,0,0,0.0,0,0,0,0,car
MVI_40211,150,1356,1386,31,31,18,0.5806,0.2491,0.4971,1,18,0.72,0,0,0,0,car
MVI_40211,151,1361,1371,11,11,6,0.5455,0.1839,0.4983,1,6,0.24,0,0,0,0,car
MVI_40211,152,1376,1416,41,41,0,0.0,0.0,0.0,0,0,0.0,0,0,0,0,car
MVI_40211,153,1381,1406,26,26,0,0.0,0.0,0.0,0,0,0.0,0,0,0,0,car
MVI_40211,154,1406,1441,36,36,21,0.5833,0.2343,0.501,1,21,0.84,0,0,0,0,car
MVI_40211,155,1416,1461,46,46,0,0.0,0.0,0.0,0,0,0.0,0,0,0,0,car
MVI_40211,156,1416,1426,11,11,8,0.7273,0.2126,0.4246,1,8,0.32,0,0,0,0,car
MVI_40211,157,1451,1491,41,41,23,0.561,0.2087,0.4284,1,23,0.92,0,0,0,0,van
MVI_40211,158,1451,1501,51,51,18,0.3529,0.0633,0.2139,1,18,0.72,0,0,0,0,car
MVI_40211,159,1466,1476,11,11,4,0.3636,0.0631,0.1589,1,4,0.16,0,0,0,0,car
MVI_40211,160,1476,1501,26,26,0,0.0,0.0,0.0,0,0,0.0,0,0,0,0,car
MVI_40211,161,1486,1511,26,26,0,0.0,0.0,0.0,0,0,0.0,0,0,0,0,car
MVI_40211,162,1491,1526,36,36,0,0.0,0.0,0.0,0,0,0.0,0,0,0,0,car
MVI_40211,163,1491,1491,1,1,1,1.0,0.442,0.442,0,0,0.0,0,0,0,0,car
MVI_40211,164,1516,1551,36,36,23,0.6389,0.229,0.4481,1,23,0.92,0,0,0,0,van
MVI_40211,165,1521,1531,11,11,4,0.3636,0.0749,0.2401,1,4,0.16,0,0,0,0,van
MVI_40211,166,1526,1546,21,21,0,0.0,0.0,0.0,0,0,0.0,0,0,0,0,car
MVI_40211,167,1526,1551,26,26,8,0.3077,0.0584,0.2359,1,8,0.32,0,0,0,0,car
MVI_40211,168,1536,1586,51,51,46,0.902,0.3869,0.5694,1,46,1.84,0,0,0,0,car
MVI_40211,169,1541,1591,51,51,0,0.0,0.0,0.0,0,0,0.0,0,0,0,0,van
MVI_40211,170,1561,1586,26,26,0,0.0,0.0,0.0,0,0,0.0,0,0,0,0,van
MVI_40211,171,1566,1606,41,41,24,0.5854,0.3509,0.7384,1,24,0.96,0,0,0,0,car
MVI_40211,172,1576,1581,6,6,6,1.0,0.2444,0.3491,1,6,0.24,0,0,0,0,car
MVI_40211,173,1586,1626,41,41,0,0.0,0.0,0.0,0,0,0.0,0,0,0,0,car
MVI_40211,174,1601,1636,36,36,20,0.5556,0.2669,0.5793,1,20,0.8,0,0,0,0,car
MVI_40211,175,1601,1626,26,26,0,0.0,0.0,0.0,0,0,0.0,0,0,0,0,van
MVI_40211,176,1606,1656,51,51,0,0.0,0.0,0.0,0,0,0.0,0,0,0,0,car
MVI_40211,177,1631,1671,41,41,24,0.5854,0.2903,0.5844,1,24,0.96,0,0,0,0,car
MVI_40211,178,1631,1691,61,61,29,0.4754,0.1813,0.5217,1,29,1.16,0,0,0,0,car
MVI_40211,179,1636,1681,46,46,0,0.0,0.0,0.0,0,0,0.0,0,0,0,0,car
MVI_40211,180,1641,1691,51,51,33,0.6471,0.1724,0.4006,1,33,1.32,0,0,0,0,car
MVI_40211,181,1641,1666,26,26,0,0.0,0.0,0.0,0,0,0.0,0,0,0,0,car
MVI_40211,182,1661,1681,21,21,0,0.0,0.0,0.0,0,0,0.0,0,0,0,0,car
MVI_40211,183,1661,1706,46,46,0,0.0,0.0,0.0,0,0,0.0,0,0,0,0,car
MVI_40211,184,1661,1711,51,51,22,0.4314,0.0771,0.1944,2,19,0.76,0,0,0,0,car
MVI_40211,185,1671,1671,1,1,1,1.0,0.3213,0.3213,0,0,0.0,0,0,0,0,car
MVI_40211,186,1681,1716,36,36,21,0.5833,0.3197,0.7478,1,21,0.84,0,0,0,0,car
MVI_40211,187,1696,1756,61,61,18,0.2951,0.1065,0.5634,1,18,0.72,0,0,0,0,car
MVI_40211,188,1696,1741,46,46,0,0.0,0.0,0.0,0,0,0.0,0,0,0,0,car
MVI_40211,189,1726,1726,1,1,1,1.0,0.2843,0.2843,0,0,0.0,0,0,0,0,car
MVI_40211,190,1726,1766,41,41,27,0.6585,0.2643,0.4884,1,27,1.08,0,0,0,0,car
MVI_40211,191,1731,1771,41,41,41,1.0,0.3768,0.5118,1,41,1.64,0,0,0,0,car
MVI_40211,192,1736,1776,41,41,0,0.0,0.0,0.0,0,0,0.0,0,0,0,0,car
MVI_40211,193,1741,1761,21,21,0,0.0,0.0,0.0,0,0,0.0,0,0,0,0,car
MVI_40211,194,1751,1776,26,26,0,0.0,0.0,0.0,0,0,0.0,0,0,0,0,van
MVI_40211,195,1761,1821,61,61,36,0.5902,0.0977,0.1821,1,36,1.44,0,0,0,0,bus
MVI_40211,196,1776,1811,36,36,23,0.6389,0.2696,0.4974,1,23,0.92,0,0,0,0,car
MVI_40211,197,1796,1821,26,26,0,0.0,0.0,0.0,0,0,0.0,0,0,0,0,van
MVI_40211,198,1801,1841,41,41,23,0.561,0.1961,0.4612,1,23,0.92,0,0,0,0,car
MVI_40211,199,1806,1826,21,21,0,0.0,0.0,0.0,0,0,0.0,0,0,0,0,car
MVI_40211,200,1816,1816,1,1,1,1.0,0.606,0.606,0,0,0.0,0,0,0,0,car
MVI_40211,201,1831,1871,41,41,25,0.6098,0.3193,0.6249,1,25,1.0,0,0,0,0,car
MVI_40211,202,1841,1866,26,26,0,0.0,0.0,0.0,0,0,0.0,0,0,0,0,car
MVI_40211,203,1866,1871,6,6,5,0.8333,0.2192,0.3725,1,5,0.2,0,0,0,0,car
MVI_40211,204,1866,1911,46,46,0,0.0,0.0,0.0,0,0,0.0,0,0,0,0,car
MVI_40211,205,1871,1921,51,51,8,0.1569,0.0326,0.1791,1,8,0.32,0,0,0,0,van
MVI_40211,206,1881,1906,26,26,0,0.0,0.0,0.0,0,0,0.0,0,0,0,0,car
MVI_40211,207,1886,1921,36,36,21,0.5833,0.2968,0.5862,1,21,0.84,0,0,0,0,car
MVI_40211,208,1896,1916,21,21,0,0.0,0.0,0.0,0,0,0.0,0,0,0,0,car
MVI_40211,209,1906,1906,1,1,1,1.0,0.5187,0.5187,0,0,0.0,0,0,0,0,car
MVI_40211,210,1921,1950,30,30,21,0.7,0.1955,0.3362,1,21,0.84,0,0,0,0,car
MVI_40211,211,1926,1950,25,25,0,0.0,0.0,0.0,0,0,0.0,0,0,0,0,car
MVI_40211,212,1931,1950,20,20,0,0.0,0.0,0.0,0,0,0.0,0,0,0,0,car
MVI_40211,213,1931,1950,20,20,20,1.0,0.431,0.5109,1,20,0.8,0,0,0,0,car
MVI_40211,214,1931,1950,20,20,0,0.0,0.0,0.0,0,0,0.0,0,0,0,0,car
MVI_40211,215,694,711,18,18,0,0.0,0.0,0.0,0,0,0.0,0,0,0,0,car
MVI_40212,1,1,1,1,1,0,0.0,0.0,0.0,0,0,0.0,0,0,0,0,car
MVI_40212,2,1,16,16,16,0,0.0,0.0,0.0,0,0,0.0,0,0,0,0,car
MVI_40212,3,1,35,35,35,14,0.4,0.1451,0.4555,1,14,0.56,0,0,0,0,car
MVI_40212,4,6,49,44,44,0,0.0,0.0,0.0,0,0,0.0,0,0,0,0,car
MVI_40212,5,11,61,51,51,9,0.1765,0.0286,0.1722,1,9,0.36,0,0,0,0,car
MVI_40212,6,26,66,41,41,23,0.561,0.2265,0.5313,1,23,0.92,0,0,0,0,car
MVI_40212,7,31,46,16,16,0,0.0,0.0,0.0,0,0,0.0,0,0,0,0,car
MVI_40212,8,31,66,36,36,36,1.0,0.3421,0.4316,1,36,1.44,0,0,0,0,car
MVI_40212,9,36,66,31,31,0,0.0,0.0,0.0,0,0,0.0,0,0,0,0,car
MVI_40212,10,51,91,41,41,0,0.0,0.0,0.0,0,0,0.0,0,0,0,0,car
MVI_40212,11,56,61,6,6,5,0.8333,0.2016,0.3234,1,5,0.2,0,0,0,0,car
MVI_40212,12,66,96,31,31,0,0.0,0.0,0.0,0,0,0.0,0,0,0,0,car
MVI_40212,13,71,116,46,46,0,0.0,0.0,0.0,0,0,0.0,0,0,0,0,car
MVI_40212,14,86,101,16,16,0,0.0,0.0,0.0,0,0,0.0,0,0,0,0,car
MVI_40212,15,86,121,36,36,22,0.6111,0.192,0.4187,1,22,0.88,0,0,0,0,car
MVI_40212,16,101,126,26,26,0,0.0,0.0,0.0,0,0,0.0,0,0,0,0,car
MVI_40212,17,101,146,46,46,0,0.0,0.0,0.0,0,0,0.0,0,0,0,0,car
MVI_40212,18,111,116,6,6,3,0.5,0.1057,0.2336,1,3,0.12,0,0,0,0,car
MVI_40212,19,121,171,51,51,0,0.0,0.0,0.0,0,0,0.0,0,0,0,0,car
MVI_40212,20,121,151,31,31,0,0.0,0.0,0.0,0,0,0.0,0,0,0,0,car
MVI_40212,21,136,241,106,106,0,0.0,0.0,0.0,0,0,0.0,0,0,0,0,van
MVI_40212,22,156,191,36,36,19,0.5278,0.269,0.6212,1,19,0.76,0,0,0,0,car
MVI_40212,23,171,196,26,26,4,0.1538,0.0261,0.1379,1,4,0.16,0,0,0,0,car
MVI_40212,24,181,206,26,26,0,0.0,0.0,0.0,0,0,0.0,0,0,0,0,car
MVI_40212,25,186,231,46,46,0,0.0,0.0,0.0,0,0,0.0,0,0,0,0,car
MVI_40212,26,186,191,6,6,6,1.0,0.2428,0.3517,1,6,0.24,0,0,0,0,car
MVI_40212,27,191,246,56,56,11,0.1964,0.0357,0.2715,1,11,0.44,0,0,0,0,car
MVI_40212,28,201,236,36,36,22,0.6111,0.2338,0.481,1,22,0.88,0,0,0,0,car
MVI_40212,29,211,276,66,66,4,0.0606,0.0194,0.5218,1,4,0.16,0,0,0,0,car
MVI_40212,30,211,231,21,21,0,0.0,0.0,0.0,0,0,0.0,0,0,0,0,van
MVI_40212,31,231,281,51,51,0,0.0,0.0,0.0,0,0,0.0,0,0,0,0,car
MVI_40212,32,231,256,26,26,0,0.0,0.0,0.0,0,0,0.0,0,0,0,0,car
MVI_40212,33,246,306,61,61,56,0.918,0.2259,0.3455,1,56,2.24,0,0,0,0,car
MVI_40212,34,251,306,56,56,0,0.0,0.0,0.0,0,0,0.0,0,0,0,0,car
MVI_40212,35,281,306,26,26,0,0.0,0.0,0.0,0,0,0.0,0,0,0,0,car
MVI_40212,36,281,301,21,21,0,0.0,0.0,0.0,0,0,0.0,0,0,0,0,car
MVI_40212,37,291,356,66,66,0,0.0,0.0,0.0,0,0,0.0,0,0,0,0,bus
MVI_40212,38,306,351,46,46,25,0.5435,0.2388,0.572,1,25,1.0,0,0,0,0,car
MVI_40212,39,311,356,46,46,40,0.8696,0.228,0.3907,1,41,1.64,0,0,0,0,car
MVI_40212,40,316,381,66,66,42,0.6364,0.2169,0.5055,1,42,1.68,0,0,0,0,car
MVI_40212,41,321,346,26,26,0,0.0,0.0,0.0,0,0,0.0,0,0,0,0,car
MVI_40212,42,326,376,51,51,0,0.0,0.0,0.0,0,0,0.0,0,0,0,0,car
MVI_40212,43,336,356,21,21,0,0.0,0.0,0.0,0,0,0.0,0,0,0,0,car
MVI_40212,44,341,381,41,41,24,0.5854,0.2213,0.4443,1,24,0.96,0,0,0,0,car
MVI_40212,45,346,371,26,26,0,0.0,0.0,0.0,0,0,0.0,0,0,0,0,car
MVI_40212,46,351,396,46,46,0,0.0,0.0,0.0,0,0,0.0,0,0,0,0,car
MVI_40212,47,356,421,66,66,0,0.0,0.0,0.0,0,0,0.0,0,0,0,0,car
MVI_40212,48,366,406,41,41,24,0.5854,0.2313,0.517,1,24,0.96,0,0,0,0,car
MVI_40212,49,376,396,21,21,0,0.0,0.0,0.0,0,0,0.0,0,0,0,0,car
MVI_40212,50,376,431,56,56,0,0.0,0.0,0.0,0,0,0.0,0,0,0,0,car
MVI_40212,51,391,441,51,51,0,0.0,0.0,0.0,0,0,0.0,0,0,0,0,car
MVI_40212,52,396,421,26,26,21,0.8077,0.4055,0.61,1,21,0.84,0,0,0,0,car
MVI_40212,53,396,416,21,21,4,0.1905,0.1243,0.9955,2,2,0.08,1,2,0,0,others
MVI_40212,54,401,451,51,51,30,0.5882,0.2445,0.5169,1,30,1.2,0,0,0,0,van
MVI_40212,55,401,456,56,56,0,0.0,0.0,0.0,0,0,0.0,0,0,0,0,car
MVI_40212,56,421,476,56,56,0,0.0,0.0,0.0,0,0,0.0,0,0,0,0,car
MVI_40212,57,436,481,46,46,29,0.6304,0.2991,0.5762,1,29,1.16,0,0,0,0,car
MVI_40212,58,446,471,26,26,0,0.0,0.0,0.0,0,0,0.0,0,0,0,0,car
MVI_40212,59,446,516,71,71,34,0.4789,0.2471,0.7904,1,34,1.36,0,0,0,0,car
MVI_40212,60,451,501,51,51,0,0.0,0.0,0.0,0,0,0.0,0,0,0,0,car
MVI_40212,61,461,481,21,21,0,0.0,0.0,0.0,0,0,0.0,0,0,0,0,car
MVI_40212,62,466,506,41,41,26,0.6341,0.3199,0.6736,2,24,0.96,0,0,0,0,car
MVI_40212,63,471,541,71,71,0,0.0,0.0,0.0,0,0,0.0,0,0,0,0,car
MVI_40212,64,476,481,6,6,6,1.0,0.4462,0.7068,1,6,0.24,0,0,0,0,car
MVI_40212,65,501,531,31,31,0,0.0,0.0,0.0,0,0,0.0,0,0,0,0,van
MVI_40212,66,516,561,46,46,28,0.6087,0.2638,0.5087,1,28,1.12,0,0,0,0,car
MVI_40212,67,521,546,26,26,0,0.0,0.0,0.0,0,0,0.0,0,0,0,0,car
MVI_40212,68,536,541,6,6,6,1.0,0.2841,0.4052,1,6,0.24,0,0,0,0,car
MVI_40212,69,541,566,26,26,0,0.0,0.0,0.0,0,0,0.0,0,0,0,0,car
MVI_40212,70,541,596,56,56,0,0.0,0.0,0.0,0,0,0.0,0,0,0,0,van
MVI_40212,71,541,601,61,61,53,0.8689,0.1491,0.2181,3,44,1.76,0,0,0,0,bus
MVI_40212,72,551,611,61,61,0,0.0,0.0,0.0,0,0,0.0,0,0,0,0,car
MVI_40212,73,556,576,21,21,0,0.0,0.0,0.0,0,0,0.0,0,0,0,0,car
MVI_40212,74,566,606,41,41,25,0.6098,0.2942,0.6678,1,25,1.0,0,0,0,0,car
MVI_40212,75,566,616,51,51,18,0.3529,0.0805,0.3035,1,18,0.72,0,0,0,0,van
MVI_40212,76,576,631,56,56,0,0.0,0.0,0.0,0,0,0.0,0,0,0,0,car
MVI_40212,77,576,636,61,61,31,0.5082,0.1057,0.2486,2,29,1.16,0,0,0,0,car
MVI_40212,78,591,596,6,6,4,0.6667,0.2217,0.3743,1,4,0.16,0,0,0,0,car
MVI_40212,79,601,641,41,41,26,0.6341,0.264,0.5618,1,26,1.04,0,0,0,0,car
MVI_40212,80,601,656,56,56,19,0.3393,0.103,0.466,1,19,0.76,0,0,0,0,car
MVI_40212,81,606,661,56,56,0,0.0,0.0,0.0,0,0,0.0,0,0,0,0,car
MVI_40212,82,611,636,26,26,0,0.0,0.0,0.0,0,0,0.0,0,0,0,0,car
MVI_40212,83,626,666,41,41,23,0.561,0.2044,0.5233,1,23,0.92,0,0,0,0,car
MVI_40212,84,641,701,61,61,0,0.0,0.0,0.0,0,0,0.0,0,0,0,0,car
MVI_40212,85,656,711,56,56,0,0.0,0.0,0.0,0,0,0.0,0,0,0,0,van
MVI_40212,86,661,701,41,41,25,0.6098,0.297,0.6022,1,25,1.0,0,0,0,0,car
MVI_40212,87,661,726,66,66,21,0.3182,0.0832,0.4201,1,21,0.84,0,0,0,0,car
MVI_40212,88,666,671,6,6,6,1.0,0.3016,0.444,1,6,0.24,0,0,0,0,car
MVI_40212,89,671,711,41,41,11,0.2683,0.0406,0.1714,1,11,0.44,0,0,0,0,car
MVI_40212,90,676,706,31,31,0,0.0,0.0,0.0,0,0,0.0,0,0,0,0,car
MVI_40212,91,686,716,31,31,0,0.0,0.0,0.0,0,0,0.0,0,0,0,0,car
MVI_40212,92,691,756,66,66,30,0.4545,0.1342,0.4665,1,30,1.2,0,0,0,0,car
MVI_40212,93,696,746,51,51,9,0.1765,0.0543,0.7388,1,9,0.36,0,0,0,0,car
MVI_40212,94,706,766,61,61,21,0.3443,0.0777,0.3115,1,21,0.84,0,0,0,0,van
MVI_40212,95,711,746,36,36,21,0.5833,0.3047,0.6453,1,21,0.84,0,0,0,0,car
MVI_40212,96,711,766,56,56,0,0.0,0.0,0.0,0,0,0.0,0,0,0,0,car
MVI_40212,97,716,721,6,6,6,1.0,0.3225,0.4309,1,6,0.24,0,0,0,0,car
MVI_40212,98,721,781,61,61,8,0.1311,0.0304,0.3383,1,8,0.32,0,0,0,0,car
MVI_40212,99,721,741,21,21,0,0.0,0.0,0.0,0,0,0.0,0,0,0,0,car
MVI_40212,100,736,766,31,31,0,0.0,0.0,0.0,0,0,0.0,0,0,0,0,car
MVI_40212,101,736,791,56,56,0,0.0,0.0,0.0,0,0,0.0,0,0,0,0,car
MVI_40212,102,746,796,51,51,41,0.8039,0.3934,0.7258,1,41,1.64,0,0,0,0,car
MVI_40212,103,751,771,21,21,0,0.0,0.0,0.0,0,0,0.0,0,0,0,0,car
MVI_40212,104,751,791,41,41,26,0.6341,0.2807,0.5648,1,26,1.04,0,0,0,0,car
MVI_40212,105,776,821,46,46,23,0.5,0.1112,0.3266,1,23,0.92,0,0,0,0,car
MVI_40212,106,776,776,1,1,1,1.0,0.3448,0.3448,0,0,0.0,0,0,0,0,car
MVI_40212,107,776,806,31,31,0,0.0,0.0,0.0,0,0,0.0,0,0,0,0,car
MVI_40212,108,791,846,56,56,28,0.5,0.1742,0.5993,1,28,1.12,0,0,0,0,car
MVI_40212,109,796,841,46,46,0,0.0,0.0,0.0,0,0,0.0,0,0,0,0,car
MVI_40212,110,806,836,31,31,0,0.0,0.0,0.0,0,0,0.0,0,0,0,0,car
MVI_40212,111,806,851,46,46,26,0.5652,0.255,0.592,1,26,1.04,0,0,0,0,car
MVI_40212,112,811,876,66,66,0,0.0,0.0,0.0,0,0,0.0,0,0,0,0,car
MVI_40212,113,826,881,56,56,0,0.0,0.0,0.0,0,0,0.0,0,0,0,0,car
MVI_40212,114,841,871,31,31,0,0.0,0.0,0.0,0,0,0.0,0,0,0,0,car
MVI_40212,115,846,891,46,46,28,0.6087,0.2002,0.4378,1,28,1.12,0,0,0,0,car
MVI_40212,116,856,876,21,21,0,0.0,0.0,0.0,0,0,0.0,0,0,0,0,car
MVI_40212,117,881,911,31,31,0,0.0,0.0,0.0,0,0,0.0,0,0,0,0,car
MVI_40212,118,901,916,16,16,8,0.5,0.121,0.2859,1,8,0.32,0,0,0,0,car
MVI_40212,119,901,911,11,11,7,0.6364,0.1512,0.3574,1,7,0.28,0,0,0,0,van
MVI_40212,120,906,961,56,56,0,0.0,0.0,0.0,0,0,0.0,0,0,0,0,car
MVI_40212,121,911,951,41,41,22,0.5366,0.1347,0.3521,1,22,0.88,0,0,0,0,van
MVI_40212,122,916,946,31,31,0,0.0,0.0,0.0,0,0,0.0,0,0,0,0,car
MVI_40212,123,916,971,56,56,0,0.0,0.0,0.0,0,0,0.0,0,0,0,0,car
MVI_40212,124,931,951,21,21,0,0.0,0.0,0.0,0,0,0.0,0,0,0,0,car
MVI_40212,125,941,971,31,31,0,0.0,0.0,0.0,0,0,0.0,0,0,0,0,car
MVI_40212,126,951,951,1,1,1,1.0,0.5344,0.5344,0,0,0.0,0,0,0,0,car
MVI_40212,127,961,1016,56,56,0,0.0,0.0,0.0,0,0,0.0,0,0,0,0,car
MVI_40212,128,976,976,1,1,0,0.0,0.0,0.0,0,0,0.0,0,0,0,0,car
MVI_40212,129,976,1011,36,36,0,0.0,0.0,0.0,0,0,0.0,0,0,0,0,car
MVI_40212,130,976,1001,26,26,0,0.0,0.0,0.0,0,0,0.0,0,0,0,0,car
MVI_40212,131,981,1031,51,51,11,0.2157,0.0568,0.3578,1,11,0.44,0,0,0,0,car
MVI_40212,132,981,1016,36,36,21,0.5833,0.3006,0.6705,1,21,0.84,0,0,0,0,car
MVI_40212,133,996,1036,41,41,26,0.6341,0.2041,0.3995,1,26,1.04,0,0,0,0,van
MVI_40212,134,1001,1026,26,26,0,0.0,0.0,0.0,0,0,0.0,0,0,0,0,car
MVI_40212,135,1006,1016,11,11,7,0.6364,0.1531,0.3329,1,7,0.28,0,0,0,0,car
MVI_40212,136,1006,1061,56,56,46,0.8214,0.6489,1.0,1,46,1.84,1,21,0,0,car
MVI_40212,137,1011,1056,46,46,0,0.0,0.0,0.0,0,0,0.0,0,0,0,0,van
MVI_40212,138,1016,1051,36,36,0,0.0,0.0,0.0,0,0,0.0,0,0,0,0,car
MVI_40212,139,1021,1061,41,41,25,0.6098,0.3079,0.6288,1,25,1.0,0,0,0,0,car
MVI_40212,140,1046,1081,36,36,22,0.6111,0.2704,0.5695,1,22,0.88,0,0,0,0,car
MVI_40212,141,1051,1106,56,56,0,0.0,0.0,0.0,0,0,0.0,0,0,0,0,car
MVI_40212,142,1051,1056,6,6,6,1.0,0.122,0.1561,1,6,0.24,0,0,0,0,car
MVI_40212,143,1061,1121,61,61,0,0.0,0.0,0.0,0,0,0.0,0,0,0,0,car
MVI_40212,144,1071,1096,26,26,0,0.0,0.0,0.0,0,0,0.0,0,0,0,0,car
MVI_40212,145,1076,1121,46,46,0,0.0,0.0,0.0,0,0,0.0,0,0,0,0,car
MVI_40212,146,1086,1126,41,41,25,0.6098,0.2082,0.4193,1,25,1.0,0,0,0,0,car
MVI_40212,147,1111,1156,46,46,21,0.4565,0.1449,0.5068,1,21,0.84,0,0,0,0,car
MVI_40212,148,1121,1161,41,41,22,0.5366,0.1478,0.365,1,22,0.88,0,0,0,0,van
MVI_40212,149,1121,1181,61,61,0,0.0,0.0,0.0,0,0,0.0,0,0,0,0,bus
MVI_40212,150,1121,1146,26,26,0,0.0,0.0,0.0,0,0,0.0,0,0,0,0,car
MVI_40212,151,1126,1156,31,31,0,0.0,0.0,0.0,0,0,0.0,0,0,0,0,car
MVI_40212,152,1146,1151,6,6,6,1.0,0.3692,0.4785,1,6,0.24,0,0,0,0,car
MVI_40212,153,1151,1181,31,31,0,0.0,0.0,0.0,0,0,0.0,0,0,0,0,car
MVI_40212,154,1161,1206,46,46,0,0.0,0.0,0.0,0,0,0.0,0,0,0,0,car
MVI_40212,155,1176,1216,41,41,0,0.0,0.0,0.0,0,0,0.0,0,0,0,0,car
MVI_40212,156,1176,1211,36,36,20,0.5556,0.2929,0.6245,1,20,0.8,0,0,0,0,car
MVI_40212,157,1191,1221,31,31,0,0.0,0.0,0.0,0,0,0.0,0,0,0,0,car
MVI_40212,158,1206,1251,46,46,0,0.0,0.0,0.0,0,0,0.0,0,0,0,0,car
MVI_40212,159,1206,1261,56,56,21,0.375,0.1333,0.483,1,21,0.84,0,0,0,0,car
MVI_40212,160,1211,1231,21,21,0,0.0,0.0,0.0,0,0,0.0,0,0,0,0,car
MVI_40212,161,1231,1276,46,46,0,0.0,0.0,0.0,0,0,0.0,0,0,0,0,car
MVI_40212,162,1236,1261,26,26,0,0.0,0.0,0.0,0,0,0.0,0,0,0,0,car
MVI_40212,163,1241,1246,6,6,6,1.0,0.2222,0.3025,1,6,0.24,0,0,0,0,car
MVI_40212,164,1251,1286,36,36,22,0.6111,0.2462,0.4989,1,22,0.88,0,0,0,0,car
MVI_40212,165,1256,1286,31,31,0,0.0,0.0,0.0,0,0,0.0,0,0,0,0,car
MVI_40212,166,1266,1276,11,11,9,0.8182,0.1983,0.427,1,9,0.36,0,0,0,0,car
MVI_40212,167,1281,1316,36,36,0,0.0,0.0,0.0,0,0,0.0,0,0,0,0,car
MVI_40212,168,1281,1321,41,41,0,0.0,0.0,0.0,0,0,0.0,0,0,0,0,car
MVI_40212,169,1311,1346,36,36,0,0.0,0.0,0.0,0,0,0.0,0,0,0,0,car
MVI_40212,170,1311,1316,6,6,6,1.0,0.3147,0.3555,1,6,0.24,0,0,0,0,car
MVI_40212,171,1321,1361,41,41,0,0.0,0.0,0.0,0,0,0.0,0,0,0,0,car
MVI_40212,172,1336,1381,46,46,25,0.5435,0.1095,0.2944,1,25,1.0,0,0,0,0,van
MVI_40212,173,1346,1396,51,51,0,0.0,0.0,0.0,0,0,0.0,0,0,0,0,car
MVI_40212,174,1356,1381,26,26,0,0.0,0.0,0.0,0,0,0.0,0,0,0,0,car
MVI_40212,175,1371,1376,6,6,6,1.0,0.228,0.2865,1,6,0.24,0,0,0,0,car
MVI_40212,176,1376,1411,36,36,0,0.0,0.0,0.0,0,0,0.0,0,0,0,0,car
MVI_40212,177,1396,1451,56,56,0,0.0,0.0,0.0,0,0,0.0,0,0,0,0,car
MVI_40212,178,1416,1451,36,36,22,0.6111,0.242,0.5258,1,22,0.88,0,0,0,0,car
MVI_40212,179,1416,1471,56,56,21,0.375,0.1125,0.4121,1,21,0.84,0,0,0,0,car
MVI_40212,180,1421,1461,41,41,0,0.0,0.0,0.0,0,0,0.0,0,0,0,0,car
MVI_40212,181,1436,1501,66,66,0,0.0,0.0,0.0,0,0,0.0,0,0,0,0,van
MVI_40212,182,1441,1476,36,36,21,0.5833,0.1686,0.4102,1,21,0.84,0,0,0,0,van
MVI_40212,183,1456,1466,11,11,4,0.3636,0.0911,0.2326,1,4,0.16,0,0,0,0,van
MVI_40212,184,1461,1491,31,31,0,0.0,0.0,0.0,0,0,0.0,0,0,0,0,car
MVI_40212,185,1481,1506,26,26,0,0.0,0.0,0.0,0,0,0.0,0,0,0,0,car
MVI_40212,186,1491,1531,41,41,0,0.0,0.0,0.0,0,0,0.0,0,0,0,0,car
MVI_40212,187,1506,1576,71,71,0,0.0,0.0,0.0,0,0,0.0,0,0,0,0,car
MVI_40212,188,1516,1521,6,6,6,1.0,0.2583,0.3023,1,6,0.24,0,0,0,0,car
MVI_40212,189,1516,1541,26,26,15,0.5769,0.1795,0.3874,1,15,0.6,0,0,0,0,car
MVI_40212,190,1521,1556,36,36,23,0.6389,0.3362,0.6807,1,23,0.92,0,0,0,0,car
MVI_40212,191,1526,1551,26,26,0,0.0,0.0,0.0,0,0,0.0,0,0,0,0,car
MVI_40212,192,1526,1541,16,16,2,0.125,0.0447,0.1305,1,2,0.08,0,0,0,0,van
MVI_40212,193,1536,1581,46,46,0,0.0,0.0,0.0,0,0,0.0,0,0,0,0,car
MVI_40212,194,1546,1576,31,31,24,0.7742,0.1356,0.2138,1,24,0.96,0,0,0,0,car
MVI_40212,195,1546,1571,26,26,0,0.0,0.0,0.0,0,0,0.0,0,0,0,0,car
MVI_40212,196,1551,1591,41,41,0,0.0,0.0,0.0,0,0,0.0,0,0,0,0,car
MVI_40212,197,1551,1596,46,46,20,0.4348,0.0943,0.1936,1,20,0.8,0,0,0,0,van
MVI_40212,198,1565,1574,10,10,8,0.8,0.1414,0.2002,1,8,0.32,0,0,0,0,car
MVI_40212,199,1586,1606,21,21,0,0.0,0.0,0.0,0,0,0.0,0,0,0,0,car
MVI_40212,200,1591,1626,36,36,22,0.6111,0.1846,0.3793,1,22,0.88,0,0,0,0,van
MVI_40212,201,1611,1636,26,26,0,0.0,0.0,0.0,0,0,0.0,0,0,0,0,car
MVI_40212,202,1616,1621,6,6,4,0.6667,0.148,0.2701,1,4,0.16,0,0,0,0,car
MVI_40212,203,1616,1641,26,26,0,0.0,0.0,0.0,0,0,0.0,0,0,0,0,car
MVI_40212,204,1621,1690,70,70,30,0.4286,0.1251,0.4726,1,30,1.2,0,0,0,0,car
MVI_40212,205,1631,1676,46,46,34,0.7391,0.1919,0.3489,1,34,1.36,0,0,0,0,car
MVI_40212,206,1636,1676,41,41,24,0.5854,0.2344,0.4901,1,24,0.96,0,0,0,0,car
MVI_40212,207,1636,1676,41,41,41,1.0,0.3258,0.3978,1,41,1.64,0,0,0,0,car
MVI_40212,208,1651,1671,21,21,0,0.0,0.0,0.0,0,0,0.0,0,0,0,0,car
MVI_40212,209,1656,1661,6,6,6,1.0,0.2923,0.3219,1,6,0.24,0,0,0,0,car
MVI_40212,210,1661,1690,30,30,10,0.3333,0.0672,0.2779,2,7,0.28,0,0,0,0,car
MVI_40212,211,1666,1690,25,25,0,0.0,0.0,0.0,0,0,0.0,0,0,0,0,car
MVI_40212,212,1666,1690,25,25,0,0.0,0.0257,0.0904,0,0,0.0,0,0,0,0,car
MVI_40212,213,1671,1690,20,20,0,0.0,0.0,0.0,0,0,0.0,0,0,0,0,car
MVI_40212,214,1686,1690,5,5,0,0.0,0.0,0.0,0,0,0.0,0,0,0,0,car
MVI_40213,1,1,1,1,1,0,0.0,0.0,0.0,0,0,0.0,0,0,0,0,car
MVI_40213,2,1,1,1,1,0,0.0,0.0,0.0,0,0,0.0,0,0,0,0,car
MVI_40213,3,1,1,1,1,0,0.0,0.0,0.0,0,0,0.0,0,0,0,0,car
MVI_40213,4,1,16,16,16,0,0.0,0.0,0.0,0,0,0.0,0,0,0,0,car
MVI_40213,5,1,16,16,16,4,0.25,0.0703,0.1262,1,3,0.12,0,0,0,0,car
MVI_40213,6,1,56,56,56,0,0.0,0.0,0.0,0,0,0.0,0,0,0,0,car
MVI_40213,7,16,46,31,31,0,0.0,0.0,0.0,0,0,0.0,0,0,0,0,car
MVI_40213,8,21,61,41,41,0,0.0,0.0,0.0,0,0,0.0,0,0,0,0,car
MVI_40213,9,21,46,26,26,0,0.0,0.0,0.0,0,0,0.0,0,0,0,0,car
MVI_40213,10,26,31,6,6,6,1.0,0.3126,0.386,1,6,0.24,0,0,0,0,car
MVI_40213,11,31,91,61,61,21,0.3443,0.1,0.3554,1,21,0.84,0,0,0,0,car
MVI_40213,12,41,86,46,46,27,0.587,0.2307,0.5843,1,27,1.08,0,0,0,0,car
MVI_40213,13,46,76,31,31,18,0.5806,0.2363,0.4934,1,18,0.72,0,0,0,0,van
MVI_40213,14,66,106,41,41,16,0.3902,0.1358,0.5559,1,16,0.64,0,0,0,0,car
MVI_40213,15,66,121,56,56,21,0.375,0.121,0.4399,1,21,0.84,0,0,0,0,car
MVI_40213,16,66,71,6,6,6,1.0,0.2377,0.3027,1,6,0.24,0,0,0,0,car
MVI_40213,17,71,111,41,41,36,0.878,0.2449,0.3569,1,36,1.44,0,0,0,0,car
MVI_40213,18,71,91,21,21,0,0.0,0.0,0.0,0,0,0.0,0,0,0,0,car
MVI_40213,19,71,101,31,31,0,0.0,0.0,0.0,0,0,0.0,0,0,0,0,car
MVI_40213,20,76,111,36,36,22,0.6111,0.2499,0.5514,1,22,0.88,0,0,0,0,car
MVI_40213,21,91,121,31,31,0,0.0,0.0,0.0,0,0,0.0,0,0,0,0,van
MVI_40213,22,111,141,31,31,26,0.8387,0.2471,0.3606,1,26,1.04,0,0,0,0,car
MVI_40213,23,111,161,51,51,0,0.0,0.0,0.0,0,0,0.0,0,0,0,0,car
MVI_40213,24,116,141,26,26,0,0.0,0.0,0.0,0,0,0.0,0,0,0,0,van
MVI_40213,25,121,156,36,36,24,0.6667,0.3719,0.6696,1,24,0.96,0,0,0,0,car
MVI_40213,26,131,136,6,6,6,1.0,0.2059,0.2627,1,6,0.24,0,0,0,0,car
MVI_40213,27,146,186,41,41,0,0.0,0.0,0.0,0,0,0.0,0,0,0,0,van
MVI_40213,28,156,201,46,46,7,0.1522,0.0496,0.4946,1,7,0.28,0,0,0,0,car
MVI_40213,29,166,171,6,6,6,1.0,0.3216,0.4083,1,6,0.24,0,0,0,0,car
MVI_40213,30,186,226,41,41,0,0.0,0.0,0.0,0,0,0.0,0,0,0,0,car
MVI_40213,31,206,211,6,6,5,0.8333,0.2318,0.3246,1,5,0.2,0,0,0,0,car
MVI_40213,32,216,261,46,46,0,0.0,0.0,0.0,0,0,0.0,0,0,0,0,car
MVI_40213,33,226,246,21,21,0,0.0,0.0,0.0,0,0,0.0,0,0,0,0,car
MVI_40213,34,236,256,21,21,0,0.0,0.0,0.0,0,0,0.0,0,0,0,0,car
MVI_40213,35,236,266,31,31,0,0.0,0.0,0.0,0,0,0.0,0,0,0,0,car
MVI_40213,36,241,286,46,46,28,0.6087,0.2403,0.465,1,28,1.12,0,0,0,0,car
MVI_40213,37,246,246,1,1,1,1.0,0.3142,0.3142,0,0,0.0,0,0,0,0,car
MVI_40213,38,251,301,51,51,0,0.0,0.0,0.0,0,0,0.0,0,0,0,0,van
MVI_40213,39,251,296,46,46,0,0.0,0.0,0.0,0,0,0.0,0,0,0,0,car
MVI_40213,40,266,291,26,26,0,0.0,0.0,0.0,0,0,0.0,0,0,0,0,car
MVI_40213,41,271,301,31,31,0,0.0,0.0,0.0,0,0,0.0,0,0,0,0,car
MVI_40213,42,276,281,6,6,5,0.8333,0.16,0.2605,1,5,0.2,0,0,0,0,car
MVI_40213,43,301,356,56,56,0,0.0,0.0,0.0,0,0,0.0,0,0,0,0,car
MVI_40213,44,316,356,41,41,24,0.5854,0.2801,0.5834,1,24,0.96,0,0,0,0,car
MVI_40213,45,316,356,41,41,35,0.8537,0.1376,0.2355,2,32,1.28,0,0,0,0,car
MVI_40213,46,326,346,21,21,0,0.0,0.0,0.0,0,0,0.0,0,0,0,0,car
MVI_40213,47,341,391,51,51,0,0.0,0.0,0.0,0,0,0.0,0,0,0,0,car
MVI_40213,48,346,351,6,6,6,1.0,0.2139,0.2609,1,6,0.24,0,0,0,0,car
MVI_40213,49,351,386,36,36,0,0.0,0.0,0.0,0,0,0.0,0,0,0,0,van
MVI_40213,50,356,376,21,21,0,0.0,0.0,0.0,0,0,0.0,0,0,0,0,car
MVI_40213,51,366,406,41,41,25,0.6098,0.3341,0.7011,1,25,1.0,0,0,0,0,car
MVI_40213,52,376,381,6,6,6,1.0,0.3229,0.4016,1,6,0.24,0,0,0,0,car
MVI_40213,53,376,396,21,21,0,0.0,0.0,0.0,0,0,0.0,0,0,0,0,car
MVI_40213,54,376,411,36,36,0,0.0,0.0,0.0,0,0,0.0,0,0,0,0,car
MVI_40213,55,381,421,41,41,0,0.0,0.0,0.0,0,0,0.0,0,0,0,0,car
MVI_40213,56,381,431,51,51,30,0.5882,0.2541,0.6687,1,30,1.2,0,0,0,0,car
MVI_40213,57,386,426,41,41,11,0.2683,0.0751,0.2785,2,7,0.28,0,0,0,0,car
MVI_40213,58,391,396,6,6,6,1.0,0.2091,0.2332,1,6,0.24,0,0,0,0,car
MVI_40213,59,406,436,31,31,0,0.0,0.0,0.0,0,0,0.0,0,0,0,0,car
MVI_40213,60,426,446,21,21,0,0.0,0.0,0.0,0,0,0.0,0,0,0,0,car
MVI_40213,61,426,491,66,66,0,0.0,0.0,0.0,0,0,0.0,0,0,0,0,van
MVI_40213,62,436,476,41,41,26,0.6341,0.366,0.7035,1,26,1.04,0,0,0,0,car
MVI_40213,63,441,471,31,31,0,0.0,0.0,0.0,0,0,0.0,0,0,0,0,car
MVI_40213,64,456,486,31,31,0,0.0,0.0,0.0,0,0,0.0,0,0,0,0,van
MVI_40213,65,461,466,6,6,5,0.8333,0.2074,0.3768,1,5,0.2,0,0,0,0,car
MVI_40213,66,461,501,41,41,0,0.0,0.0,0.0,0,0,0.0,0,0,0,0,car
MVI_40213,67,466,486,21,21,5,0.2381,0.0331,0.1203,1,5,0.2,0,0,0,0,car
MVI_40213,68,481,521,41,41,26,0.6341,0.2906,0.5445,1,26,1.04,0,0,0,0,car
MVI_40213,69,480,496,17,17,8,0.4706,0.1064,0.2457,2,5,0.2,0,0,0,0,others
MVI_40213,70,486,516,31,31,8,0.2581,0.0432,0.1592,1,8,0.32,0,0,0,0,car
MVI_40213,71,496,516,21,21,0,0.0,0.0,0.0,0,0,0.0,0,0,0,0,car
MVI_40213,72,511,561,51,51,0,0.0,0.0,0.0,0,0,0.0,0,0,0,0,car
MVI_40213,73,516,546,31,31,0,0.0,0.0,0.0,0,0,0.0,0,0,0,0,car
MVI_40213,74,526,546,21,21,0,0.0,0.0,0.0,0,0,0.0,0,0,0,0,car
MVI_40213,75,526,566,41,41,0,0.0,0.0,0.0,0,0,0.0,0,0,0,0,car
MVI_40213,76,536,576,41,41,22,0.5366,0.1998,0.4728,1,22,0.88,0,0,0,0,car
MVI_40213,77,546,591,46,46,21,0.4565,0.127,0.37,1,21,0.84,0,0,0,0,car
MVI_40213,78,546,601,56,56,0,0.0,0.0,0.0,0,0,0.0,0,0,0,0,car
MVI_40213,79,546,551,6,6,5,0.8333,0.273,0.4186,1,5,0.2,0,0,0,0,car
MVI_40213,80,556,621,66,66,39,0.5909,0.2625,0.7529,2,32,1.28,0,0,0,0,car
MVI_40213,81,561,586,26,26,0,0.0,0.0,0.0,0,0,0.0,0,0,0,0,car
MVI_40213,82,566,596,31,31,0,0.0,0.0,0.0,0,0,0.0,0,0,0,0,car
MVI_40213,83,566,606,41,41,23,0.561,0.1381,0.3268,1,23,0.92,0,0,0,0,van
MVI_40213,84,576,621,46,46,0,0.0,0.0,0.0,0,0,0.0,0,0,0,0,car
MVI_40213,85,586,651,66,66,41,0.6212,0.29,0.7588,1,41,1.64,0,0,0,0,car
MVI_40213,86,586,606,21,21,0,0.0,0.0,0.0,0,0,0.0,0,0,0,0,car
MVI_40213,87,591,641,51,51,41,0.8039,0.2708,0.4668,1,41,1.64,0,0,0,0,car
MVI_40213,88,591,631,41,41,22,0.5366,0.2055,0.4601,1,22,0.88,0,0,0,0,car
MVI_40213,89,596,636,41,41,0,0.0,0.0,0.0,0,0,0.0,0,0,0,0,car
MVI_40213,90,611,651,41,41,25,0.6098,0.342,0.7047,1,25,1.0,0,0,0,0,car
MVI_40213,91,611,611,1,1,1,1.0,0.2531,0.2531,0,0,0.0,0,0,0,0,car
MVI_40213,92,616,646,31,31,0,0.0,0.0,0.0,0,0,0.0,0,0,0,0,car
MVI_40213,93,621,631,11,11,3,0.2727,0.0721,0.1393,1,3,0.12,0,0,0,0,van
MVI_40213,94,621,646,26,26,0,0.0,0.0,0.0,0,0,0.0,0,0,0,0,car
MVI_40213,95,631,681,51,51,0,0.0,0.0,0.0,0,0,0.0,0,0,0,0,car
MVI_40213,96,636,701,66,66,0,0.0,0.0,0.0,0,0,0.0,0,0,0,0,car
MVI_40213,97,656,691,36,36,10,0.2778,0.067,0.2442,1,10,0.4,0,0,0,0,car
MVI_40213,98,661,716,56,56,39,0.6964,0.3054,0.6965,1,39,1.56,0,0,0,0,car
MVI_40213,99,666,711,46,46,0,0.0,0.0,0.0,0,0,0.0,0,0,0,0,van
MVI_40213,100,666,686,21,21,0,0.0,0.0,0.0,0,0,0.0,0,0,0,0,car
MVI_40213,101,681,721,41,41,23,0.561,0.2659,0.5981,1,23,0.92,0,0,0,0,car
MVI_40213,102,691,731,41,41,0,0.0,0.0,0.0,0,0,0.0,0,0,0,0,van
MVI_40213,103,711,771,61,61,10,0.1639,0.0426,0.3699,1,10,0.4,0,0,0,0,car
MVI_40213,104,716,791,76,76,5,0.0658,0.0182,0.3977,1,5,0.2,0,0,0,0,bus
MVI_40213,105,716,751,36,36,0,0.0,0.0,0.0,0,0,0.0,0,0,0,0,car
MVI_40213,106,741,806,66,66,0,0.0,0.0,0.0,0,0,0.0,0,0,0,0,van
MVI_40213,107,751,796,46,46,0,0.0,0.0,0.0,0,0,0.0,0,0,0,0,van
MVI_40213,108,751,771,21,21,0,0.0,0.0,0.0,0,0,0.0,0,0,0,0,car
MVI_40213,109,751,781,31,31,0,0.0,0.0,0.0,0,0,0.0,0,0,0,0,car
MVI_40213,110,761,811,51,51,12,0.2353,0.1206,0.9013,1,12,0.48,1,1,0,0,van
MVI_40213,111,766,826,61,61,31,0.5082,0.3454,0.9149,1,31,1.24,1,2,0,0,car
MVI_40213,112,771,811,41,41,27,0.6585,0.3117,0.5946,1,27,1.08,0,0,0,0,car
MVI_40213,113,771,806,36,36,0,0.0,0.0,0.0,0,0,0.0,0,0,0,0,car
MVI_40213,114,776,816,41,41,36,0.878,0.1439,0.2319,1,36,1.44,0,0,0,0,car
MVI_40213,115,781,801,21,21,0,0.0,0.0,0.0,0,0,0.0,0,0,0,0,car
MVI_40213,116,786,836,51,51,0,0.0,0.0,0.0,0,0,0.0,0,0,0,0,car
MVI_40213,117,796,826,31,31,0,0.0,0.0,0.0,0,0,0.0,0,0,0,0,car
MVI_40213,118,801,836,36,36,0,0.0,0.0,0.0,0,0,0.0,0,0,0,0,van
MVI_40213,119,806,851,46,46,27,0.587,0.3393,0.6822,1,27,1.08,0,0,0,0,car
MVI_40213,120,811,816,6,6,5,0.8333,0.1513,0.2228,1,5,0.2,0,0,0,0,van
MVI_40213,121,831,876,46,46,27,0.587,0.3368,0.704,1,27,1.08,0,0,0,0,car
MVI_40213,122,831,871,41,41,41,1.0,0.3724,0.4483,1,41,1.64,0,0,0,0,car
MVI_40213,123,836,866,31,31,0,0.0,0.0,0.0,0,0,0.0,0,0,0,0,car
MVI_40213,124,841,861,21,21,0,0.0,0.0,0.0,0,0,0.0,0,0,0,0,car
MVI_40213,125,841,846,6,6,5,0.8333,0.1777,0.2623,1,5,0.2,0,0,0,0,car
MVI_40213,126,851,896,46,46,0,0.0,0.0065,0.0412,0,0,0.0,0,0,0,0,van
MVI_40213,127,856,901,46,46,28,0.6087,0.2077,0.5182,1,28,1.12,0,0,0,0,car
MVI_40213,128,856,906,51,51,46,0.902,0.2103,0.6052,1,46,1.84,0,0,0,0,car
MVI_40213,129,876,916,41,41,23,0.561,0.2949,0.6134,1,23,0.92,0,0,0,0,car
MVI_40213,130,886,916,31,31,0,0.0,0.0,0.0,0,0,0.0,0,0,0,0,car
MVI_40213,131,891,941,51,51,0,0.0,0.0,0.0,0,0,0.0,0,0,0,0,car
MVI_40213,132,896,911,16,16,4,0.25,0.0596,0.1867,1,4,0.16,0,0,0,0,van
MVI_40213,133,901,926,26,26,0,0.0,0.0,0.0,0,0,0.0,0,0,0,0,car
MVI_40213,134,916,946,31,31,0,0.0,0.0,0.0,0,0,0.0,0,0,0,0,car
MVI_40213,135,926,981,56,56,0,0.0,0.0,0.0,0,0,0.0,0,0,0,0,van
MVI_40213,136,931,956,26,26,0,0.0,0.0,0.0,0,0,0.0,0,0,0,0,car
MVI_40213,137,936,971,36,36,21,0.5833,0.2524,0.4977,1,21,0.84,0,0,0,0,car
MVI_40213,138,936,981,46,46,46,1.0,0.3192,0.3732,1,46,1.84,0,0,0,0,car
MVI_40213,139,941,951,11,11,8,0.7273,0.1045,0.205,1,8,0.32,0,0,0,0,car
MVI_40213,140,946,991,46,46,0,0.0,0.0,0.0,0,0,0.0,0,0,0,0,car
MVI_40213,141,951,981,31,31,0,0.0,0.0,0.0,0,0,0.0,0,0,0,0,car
MVI_40213,142,956,1006,51,51,0,0.0,0.0,0.0,0,0,0.0,0,0,0,0,car
MVI_40213,143,966,966,1,1,1,1.0,0.2823,0.2823,0,0,0.0,0,0,0,0,car
MVI_40213,144,971,991,21,21,0,0.0,0.0,0.0,0,0,0.0,0,0,0,0,van
MVI_40213,145,976,1026,51,51,0,0.0,0.0,0.0,0,0,0.0,0,0,0,0,van
MVI_40213,146,996,1036,41,41,41,1.0,0.4866,0.5469,1,41,1.64,0,0,0,0,car
MVI_40213,147,996,1036,41,41,25,0.6098,0.3067,0.6437,1,25,1.0,0,0,0,0,car
MVI_40213,148,1011,1016,6,6,6,1.0,0.2171,0.2797,1,6,0.24,0,0,0,0,car
MVI_40213,149,1011,1036,26,26,0,0.0,0.0,0.0,0,0,0.0,0,0,0,0,car
MVI_40213,150,1036,1071,36,36,21,0.5833,0.3099,0.661,1,21,0.84,0,0,0,0,car
MVI_40213,151,1046,1071,26,26,0,0.0,0.0,0.0,0,0,0.0,0,0,0,0,van
MVI_40213,152,1051,1056,6,6,6,1.0,0.3099,0.3966,1,6,0.24,0,0,0,0,car
MVI_40213,153,1051,1101,51,51,0,0.0,0.0,0.0,0,0,0.0,0,0,0,0,car
MVI_40213,154,1061,1111,51,51,0,0.0,0.0,0.0,0,0,0.0,0,0,0,0,car
MVI_40213,155,1081,1086,6,6,6,1.0,0.207,0.2568,1,6,0.24,0,0,0,0,car
MVI_40213,156,1086,1106,21,21,0,0.0,0.0,0.0,0,0,0.0,0,0,0,0,car
MVI_40213,157,1086,1131,46,46,6,0.1304,0.0296,0.2715,1,6,0.24,0,0,0,0,van
MVI_40213,158,1096,1141,46,46,0,0.0,0.0,0.0,0,0,0.0,0,0,0,0,car
MVI_40213,159,1101,1136,36,36,22,0.6111,0.2585,0.5364,1,22,0.88,0,0,0,0,car
MVI_40213,160,1101,1126,26,26,0,0.0,0.0,0.0,0,0,0.0,0,0,0,0,car
MVI_40213,161,1106,1106,1,1,1,1.0,0.3037,0.3037,0,0,0.0,0,0,0,0,car
MVI_40213,162,1136,1166,31,31,0,0.0,0.0,0.0,0,0,0.0,0,0,0,0,car
MVI_40213,163,1171,1176,6,6,6,1.0,0.1516,0.1888,1,6,0.24,0,0,0,0,car
MVI_40213,164,1176,1201,26,26,0,0.0,0.0,0.0,0,0,0.0,0,0,0,0,car
MVI_40213,165,1181,1201,21,21,0,0.0,0.0,0.0,0,0,0.0,0,0,0,0,car
MVI_40213,166,1181,1221,41,41,0,0.0,0.0,0.0,0,0,0.0,0,0,0,0,car
MVI_40213,167,1181,1241,61,61,0,0.0,0.0,0.0,0,0,0.0,0,0,0,0,car
MVI_40213,168,1206,1246,41,41,0,0.0,0.0,0.0,0,0,0.0,0,0,0,0,car
MVI_40213,169,1211,1236,26,26,0,0.0,0.0,0.0,0,0,0.0,0,0,0,0,car
MVI_40213,170,1226,1246,21,21,0,0.0,0.0,0.0,0,0,0.0,0,0,0,0,car
MVI_40213,171,1236,1271,36,36,20,0.5556,0.2915,0.6736,1,20,0.8,0,0,0,0,car
MVI_40213,172,1241,1271,31,31,0,0.0,0.0,0.0,0,0,0.0,0,0,0,0,car
MVI_40213,173,1261,1286,26,26,0,0.0,0.0,0.0,0,0,0.0,0,0,0,0,car
MVI_40213,174,1271,1276,6,6,6,1.0,0.5559,0.7267,1,6,0.24,0,0,0,0,car
MVI_40213,175,1291,1326,36,36,19,0.5278,0.2244,0.4972,1,19,0.76,0,0,0,0,car
MVI_40213,176,1291,1321,31,31,0,0.0,0.0,0.0,0,0,0.0,0,0,0,0,van
MVI_40213,177,1296,1346,51,51,0,0.0,0.0,0.0,0,0,0.0,0,0,0,0,car
MVI_40213,178,1301,1326,26,26,0,0.0,0.0,0.0,0,0,0.0,0,0,0,0,car
MVI_40213,179,1321,1351,31,31,0,0.0,0.0,0.0,0,0,0.0,0,0,0,0,van
MVI_40213,180,1321,1366,46,46,0,0.0,0.0,0.0,0,0,0.0,0,0,0,0,car
MVI_40213,181,1326,1361,36,36,22,0.6111,0.3616,0.7058,1,22,0.88,0,0,0,0,car
MVI_40213,182,1326,1331,6,6,6,1.0,0.3816,0.4948,1,6,0.24,0,0,0,0,car
MVI_40213,183,1326,1351,26,26,0,0.0,0.0,0.0,0,0,0.0,0,0,0,0,car
MVI_40213,184,1366,1396,31,31,13,0.4194,0.1178,0.553,1,13,0.52,0,0,0,0,car
MVI_40213,185,1366,1406,41,41,0,0.0,0.0,0.0,0,0,0.0,0,0,0,0,car
MVI_40213,186,1376,1406,31,31,0,0.0,0.0,0.0,0,0,0.0,0,0,0,0,bus
MVI_40213,187,1406,1441,36,36,0,0.0,0.0,0.0,0,0,0.0,0,0,0,0,car
MVI_40213,188,1406,1416,11,11,8,0.7273,0.1824,0.4712,1,8,0.32,0,0,0,0,car
MVI_40213,189,1411,1446,36,36,21,0.5833,0.3473,0.6863,1,21,0.84,0,0,0,0,car
MVI_40213,190,1446,1486,41,41,0,0.0,0.0,0.0,0,0,0.0,0,0,0,0,car
MVI_40213,191,1446,1446,1,1,1,1.0,0.2763,0.2763,0,0,0.0,0,0,0,0,car
MVI_40213,192,1451,1476,26,26,0,0.0,0.0,0.0,0,0,0.0,0,0,0,0,car
MVI_40213,193,1461,1506,46,46,0,0.0,0.0,0.0,0,0,0.0,0,0,0,0,car
MVI_40213,194,1461,1491,31,31,0,0.0,0.0,0.0,0,0,0.0,0,0,0,0,car
MVI_40213,195,1471,1506,36,36,23,0.6389,0.3546,0.653,1,23,0.92,0,0,0,0,car
MVI_40213,196,1491,1541,51,51,0,0.0,0.0,0.0,0,0,0.0,0,0,0,0,others
MVI_40213,197,1491,1516,26,26,0,0.0,0.0,0.0,0,0,0.0,0,0,0,0,bus
MVI_40213,198,1506,1546,41,41,9,0.2195,0.0779,0.2354,2,5,0.2,0,0,0,0,car
MVI_40213,199,1526,1561,36,36,22,0.6111,0.3615,0.7081,1,22,0.88,0,0,0,0,car
MVI_40213,200,1531,1551,21,21,0,0.0,0.0,0.0,0,0,0.0,0,0,0,0,car
MVI_40213,201,1536,1561,26,26,0,0.0,0.0,0.0,0,0,0.0,0,0,0,0,van
MVI_40213,202,1536,1581,46,46,5,0.1087,0.0267,0.4683,1,5,0.2,0,0,0,0,van
MVI_40213,203,1541,1616,76,76,0,0.0,0.0,0.0,0,0,0.0,0,0,0,0,others
MVI_40213,204,1546,1581,36,36,23,0.6389,0.2708,0.5213,1,23,0.92,0,0,0,0,car
MVI_40213,205,1561,1601,41,41,41,1.0,0.8148,1.0,1,41,1.64,1,24,0,0,car
MVI_40213,206,1566,1601,36,36,23,0.6389,0.3824,0.7369,1,23,0.92,0,0,0,0,car
MVI_40213,207,1566,1571,6,6,6,1.0,0.4252,0.5611,1,6,0.24,0,0,0,0,car
MVI_40213,208,1566,1591,26,26,0,0.0,0.0,0.0,0,0,0.0,0,0,0,0,car
MVI_40213,209,1586,1646,61,61,7,0.1148,0.0306,0.4072,1,7,0.28,0,0,0,0,car
MVI_40213,210,1596,1636,41,41,23,0.561,0.2414,0.5578,1,23,0.92,0,0,0,0,car
MVI_40213,211,1601,1651,51,51,0,0.0,0.0,0.0,0,0,0.0,0,0,0,0,car
MVI_40213,212,1611,1626,16,16,0,0.0,0.0,0.0,0,0,0.0,0,0,0,0,car
MVI_40213,213,1626,1676,51,51,0,0.0,0.0,0.0,0,0,0.0,0,0,0,0,car
MVI_40213,214,1631,1671,41,41,25,0.6098,0.3495,0.713,1,25,1.0,0,0,0,0,car
MVI_40213,215,1641,1686,46,46,0,0.0,0.0,0.0,0,0,0.0,0,0,0,0,van
MVI_40213,216,1648,1656,9,9,7,0.7778,0.2196,0.3843,1,7,0.28,0,0,0,0,car
MVI_40213,217,1656,1696,41,41,26,0.6341,0.3126,0.6123,1,26,1.04,0,0,0,0,car
MVI_40213,218,1661,1716,56,56,46,0.8214,0.2928,0.4994,1,46,1.84,0,0,0,0,car
MVI_40213,219,1666,1711,46,46,0,0.0,0.0,0.0,0,0,0.0,0,0,0,0,car
MVI_40213,220,1666,1701,36,36,0,0.0,0.0,0.0,0,0,0.0,0,0,0,0,car
MVI_40213,221,1686,1721,36,36,0,0.0,0.0,0.0,0,0,0.0,0,0,0,0,car
MVI_40213,222,1696,1716,21,21,0,0.0,0.0,0.0,0,0,0.0,0,0,0,0,car
MVI_40213,223,1701,1741,41,41,24,0.5854,0.28,0.5735,1,24,0.96,0,0,0,0,car
MVI_40213,224,1711,1746,36,36,0,0.0,0.0,0.0,0,0,0.0,0,0,0,0,car
MVI_40213,225,1716,1761,46,46,0,0.0,0.0,0.0,0,0,0.0,0,0,0,0,car
MVI_40213,226,1726,1776,51,51,0,0.0,0.0,0.0,0,0,0.0,0,0,0,0,car
MVI_40213,227,1741,1766,26,26,0,0.0,0.0,0.0,0,0,0.0,0,0,0,0,car
MVI_40213,228,1751,1756,6,6,3,0.5,0.1019,0.2221,1,3,0.12,0,0,0,0,car
MVI_40213,229,1771,1790,20,20,20,1.0,0.5611,0.646,1,20,0.8,0,0,0,0,car
MVI_40213,230,1776,1790,15,15,10,0.6667,0.3788,0.6794,1,10,0.4,0,0,0,0,van
MVI_40213,231,1781,1790,10,10,0,0.0,0.0,0.0,0,0,0.0,0,0,0,0,van
MVI_40241,1,1,6,6,6,0,0.0,0.0,0.0,0,0,0.0,0,0,0,0,car
MVI_40241,2,1,21,21,21,0,0.0,0.0,0.0,0,0,0.0,0,0,0,0,car
MVI_40241,3,1,31,31,31,0,0.0,0.0,0.0,0,0,0.0,0,0,0,0,car
MVI_40241,4,1,41,41,41,0,0.0,0.0,0.0,0,0,0.0,0,0,0,0,car
MVI_40241,5,1,46,46,46,0,0.0,0.0,0.0,0,0,0.0,0,0,0,0,car
MVI_40241,6,1,46,46,46,0,0.0,0.0,0.0,0,0,0.0,0,0,0,0,car
MVI_40241,7,1,1,1,1,0,0.0,0.0,0.0,0,0,0.0,0,0,0,0,car
MVI_40241,8,1,21,21,21,19,0.9048,0.4644,0.6158,1,19,0.76,0,0,0,0,car
MVI_40241,9,1,21,21,21,21,1.0,0.5145,0.5898,1,21,0.84,0,0,0,0,car
MVI_40241,10,1,21,21,21,13,0.619,0.28,0.5911,1,13,0.52,0,0,0,0,car
MVI_40241,11,1,21,21,21,0,0.0,0.0658,0.0817,0,0,0.0,0,0,0,0,car
MVI_40241,12,1,56,56,56,0,0.0,0.0,0.0,0,0,0.0,0,0,0,0,car
MVI_40241,13,11,71,61,61,0,0.0,0.0,0.0,0,0,0.0,0,0,0,0,van
MVI_40241,14,11,71,61,61,53,0.8689,0.3562,0.5089,1,53,2.12,0,0,0,0,car
MVI_40241,15,21,76,56,56,0,0.0,0.0,0.0,0,0,0.0,0,0,0,0,car
MVI_40241,16,26,81,56,56,0,0.0,0.0,0.0,0,0,0.0,0,0,0,0,car
MVI_40241,17,36,91,56,56,50,0.8929,0.4211,0.6366,1,50,2.0,0,0,0,0,car
MVI_40241,18,36,96,61,61,0,0.0,0.0,0.0,0,0,0.0,0,0,0,0,car
MVI_40241,19,46,101,56,56,0,0.0,0.0,0.0,0,0,0.0,0,0,0,0,car
MVI_40241,20,51,106,56,56,0,0.0,0.0,0.0,0,0,0.0,0,0,0,0,car
MVI_40241,21,56,116,61,61,53,0.8689,0.3021,0.4896,1,53,2.12,0,0,0,0,car
MVI_40241,22,61,121,61,61,0,0.0,0.0,0.0,0,0,0.0,0,0,0,0,car
MVI_40241,23,71,131,61,61,0,0.0,0.0,0.0,0,0,0.0,0,0,0,0,car
MVI_40241,24,76,141,66,66,55,0.8333,0.2338,0.3186,1,55,2.2,0,0,0,0,car
MVI_40241,25,86,141,56,56,0,0.0,0.0,0.0,0,0,0.0,0,0,0,0,car
MVI_40241,26,86,131,46,46,39,0.8478,0.1777,0.3048,1,39,1.56,0,0,0,0,car
MVI_40241,27,91,156,66,66,11,0.1667,0.0384,0.2983,1,11,0.44,0,0,0,0,car
MVI_40241,28,111,171,61,61,0,0.0,0.0,0.0,0,0,0.0,0,0,0,0,car
MVI_40241,29,116,171,56,56,0,0.0,0.0,0.0,0,0,0.0,0,0,0,0,van
MVI_40241,30,131,186,56,56,0,0.0,0.0,0.0,0,0,0.0,0,0,0,0,car
MVI_40241,31,131,176,46,46,0,0.0,0.0,0.0,0,0,0.0,0,0,0,0,car
MVI_40241,32,131,191,61,61,53,0.8689,0.2472,0.3962,1,53,2.12,0,0,0,0,car
MVI_40241,33,136,201,66,66,35,0.5303,0.1738,0.4705,1,35,1.4,0,0,0,0,car
MVI_40241,34,166,216,51,51,0,0.0,0.0,0.0,0,0,0.0,0,0,0,0,car
MVI_40241,35,166,226,61,61,40,0.6557,0.2148,0.5281,1,40,1.6,0,0,0,0,car
MVI_40241,36,171,221,51,51,0,0.0,0.0,0.0,0,0,0.0,0,0,0,0,car
MVI_40241,37,171,221,51,51,20,0.3922,0.0871,0.2484,1,20,0.8,0,0,0,0,car
MVI_40241,38,181,236,56,56,50,0.8929,0.2588,0.4169,1,50,2.0,0,0,0,0,car
MVI_40241,39,181,236,56,56,0,0.0,0.0,0.0,0,0,0.0,0,0,0,0,car
MVI_40241,40,181,226,46,46,0,0.0,0.0,0.0,0,0,0.0,0,0,0,0,van
MVI_40241,41,201,261,61,61,52,0.8525,0.285,0.5294,1,52,2.08,0,0,0,0,car
MVI_40241,42,211,271,61,61,24,0.3934,0.112,0.3692,1,24,0.96,0,0,0,0,car
MVI_40241,43,211,261,51,51,22,0.4314,0.1679,0.8946,1,22,0.88,0,0,0,0,car
MVI_40241,44,216,266,51,51,51,1.0,0.4614,0.8041,1,51,2.04,0,0,0,0,car
MVI_40241,45,226,281,56,56,0,0.0,0.0,0.0,0,0,0.0,0,0,0,0,car
MVI_40241,46,241,291,51,51,0,0.0,0.0,0.0,0,0,0.0,0,0,0,0,car
MVI_40241,47,251,311,61,61,53,0.8689,0.3769,0.557,1,53,2.12,0,0,0,0,car
MVI_40241,48,266,321,56,56,5,0.0893,0.0202,0.1844,1,5,0.2,0,0,0,0,van
MVI_40241,49,286,331,46,46,0,0.0,0.0,0.0,0,0,0.0,0,0,0,0,car
MVI_40241,50,291,351,61,61,51,0.8361,0.1881,0.3101,1,51,2.04,0,0,0,0,van
MVI_40241,51,296,356,61,61,51,0.8361,0.3164,0.5327,1,51,2.04,0,0,0,0,car
MVI_40241,52,296,351,56,56,0,0.0,0.0,0.0,0,0,0.0,0,0,0,0,van
MVI_40241,53,316,376,61,61,0,0.0,0.0,0.0,0,0,0.0,0,0,0,0,car
MVI_40241,54,326,386,61,61,18,0.2951,0.0823,0.3985,1,18,0.72,0,0,0,0,car
MVI_40241,55,351,396,46,46,0,0.0,0.0,0.0,0,0,0.0,0,0,0,0,car
MVI_40241,56,351,401,51,51,0,0.0,0.0,0.0,0,0,0.0,0,0,0,0,car
MVI_40241,57,356,411,56,56,0,0.0,0.0,0.0,0,0,0.0,0,0,0,0,car
MVI_40241,58,356,421,66,66,0,0.0,0.0,0.0,0,0,0.0,0,0,0,0,car
MVI_40241,59,371,436,66,66,31,0.4697,0.2402,0.8456,1,31,1.24,0,0,0,0,car
MVI_40241,60,371,436,66,66,58,0.8788,0.3597,0.5419,1,58,2.32,0,0,0,0,car
MVI_40241,61,376,426,51,51,0,0.0,0.0,0.0,0,0,0.0,0,0,0,0,van
MVI_40241,62,381,431,51,51,0,0.0,0.0,0.0,0,0,0.0,0,0,0,0,van
MVI_40241,63,381,441,61,61,0,0.0,0.0,0.0,0,0,0.0,0,0,0,0,car
MVI_40241,64,386,441,56,56,0,0.0,0.0,0.0,0,0,0.0,0,0,0,0,car
MVI_40241,65,396,461,66,66,0,0.0,0.0,0.0,0,0,0.0,0,0,0,0,car
MVI_40241,66,386,426,41,41,0,0.0,0.0,0.0,0,0,0.0,0,0,0,0,car
MVI_40241,67,401,451,51,51,0,0.0,0.0,0.0,0,0,0.0,0,0,0,0,car
MVI_40241,68,421,481,61,61,0,0.0,0.0,0.0,0,0,0.0,0,0,0,0,car
MVI_40241,69,426,476,51,51,0,0.0,0.0,0.0,0,0,0.0,0,0,0,0,car
MVI_40241,70,441,501,61,61,0,0.0,0.0,0.0,0,0,0.0,0,0,0,0,car
MVI_40241,71,446,501,56,56,0,0.0,0.0,0.0,0,0,0.0,0,0,0,0,car
MVI_40241,72,456,516,61,61,55,0.9016,0.5377,0.7137,1,55,2.2,0,0,0,0,car
MVI_40241,73,461,511,51,51,0,0.0,0.0,0.0,0,0,0.0,0,0,0,0,van
MVI_40241,74,486,551,66,66,59,0.8939,0.4336,0.5979,1,59,2.36,0,0,0,0,van
MVI_40241,75,491,551,61,61,60,0.9836,0.4373,0.6492,1,60,2.4,0,0,0,0,van
MVI_40241,76,501,566,66,66,0,0.0,0.0,0.0,0,0,0.0,0,0,0,0,car
MVI_40241,77,506,566,61,61,14,0.2295,0.0477,0.2548,1,14,0.56,0,0,0,0,car
MVI_40241,78,516,571,56,56,0,0.0,0.0,0.0,0,0,0.0,0,0,0,0,car
MVI_40241,79,521,586,66,66,20,0.303,0.1083,0.8039,1,20,0.8,0,0,0,0,car
MVI_40241,80,526,591,66,66,59,0.8939,0.4683,0.7429,1,59,2.36,0,0,0,0,car
MVI_40241,81,526,581,56,56,0,0.0,0.0,0.0,0,0,0.0,0,0,0,0,car
MVI_40241,82,536,591,56,56,0,0.0,0.0,0.0,0,0,0.0,0,0,0,0,car
MVI_40241,83,546,606,61,61,0,0.0,0.0,0.0,0,0,0.0,0,0,0,0,car
MVI_40241,84,546,611,66,66,16,0.2424,0.084,0.7472,1,16,0.64,0,0,0,0,car
MVI_40241,85,556,616,61,61,54,0.8852,0.3613,0.5123,1,54,2.16,0,0,0,0,car
MVI_40241,86,556,606,51,51,0,0.0,0.0,0.0,0,0,0.0,0,0,0,0,car
MVI_40241,87,566,611,46,46,18,0.3913,0.0905,0.3095,1,18,0.72,0,0,0,0,car
MVI_40241,88,566,631,66,66,10,0.1515,0.0371,0.3629,1,10,0.4,0,0,0,0,car
MVI_40241,89,571,636,66,66,61,0.9242,0.3072,0.4374,1,61,2.44,0,0,0,0,car
MVI_40241,90,571,626,56,56,0,0.0,0.0,0.0,0,0,0.0,0,0,0,0,car
MVI_40241,91,581,646,66,66,0,0.0,0.0,0.0,0,0,0.0,0,0,0,0,car
MVI_40241,92,591,641,51,51,0,0.0,0.0,0.0,0,0,0.0,0,0,0,0,car
MVI_40241,93,606,666,61,61,0,0.0,0.0,0.0,0,0,0.0,0,0,0,0,car
MVI_40241,94,616,681,66,66,60,0.9091,0.4966,0.7547,1,60,2.4,0,0,0,0,car
MVI_40241,95,621,681,61,61,7,0.1148,0.0489,1.0,1,7,0.28,1,1,0,0,car
MVI_40241,96,631,686,56,56,0,0.0,0.0,0.0,0,0,0.0,0,0,0,0,van
MVI_40241,97,646,701,56,56,0,0.0,0.0,0.0,0,0,0.0,0,0,0,0,car
MVI_40241,98,656,721,66,66,0,0.0,0.0,0.0,0,0,0.0,0,0,0,0,car
MVI_40241,99,661,716,56,56,0,0.0,0.0059,0.0878,0,0,0.0,0,0,0,0,others
MVI_40241,100,681,736,56,56,0,0.0,0.0,0.0,0,0,0.0,0,0,0,0,car
MVI_40241,101,686,746,61,61,0,0.0,0.0,0.0,0,0,0.0,0,0,0,0,car
MVI_40241,102,691,771,81,81,0,0.0,0.0,0.0,0,0,0.0,0,0,0,0,car
MVI_40241,103,691,746,56,56,0,0.0,0.0,0.0,0,0,0.0,0,0,0,0,car
MVI_40241,104,691,751,61,61,0,0.0,0.0,0.0,0,0,0.0,0,0,0,0,van
MVI_40241,105,701,761,61,61,11,0.1803,0.0596,0.8749,2,8,0.32,0,0,0,0,car
MVI_40241,106,706,761,56,56,0,0.0,0.0,0.0,0,0,0.0,0,0,0,0,others
MVI_40241,107,711,761,51,51,0,0.0,0.0,0.0,0,0,0.0,0,0,0,0,car
MVI_40241,108,716,791,76,76,0,0.0,0.0,0.0,0,0,0.0,0,0,0,0,car
MVI_40241,109,731,791,61,61,0,0.0,0.0,0.0,0,0,0.0,0,0,0,0,car
MVI_40241,110,731,786,56,56,42,0.75,0.311,0.64,1,42,1.68,0,0,0,0,car
MVI_40241,111,736,786,51,51,0,0.0,0.0,0.0,0,0,0.0,0,0,0,0,car
MVI_40241,112,741,796,56,56,0,0.0,0.0,0.0,0,0,0.0,0,0,0,0,car
MVI_40241,113,746,806,61,61,54,0.8852,0.4094,0.7554,1,54,2.16,0,0,0,0,car
MVI_40241,114,756,806,51,51,0,0.0,0.0,0.0,0,0,0.0,0,0,0,0,car
MVI_40241,115,756,826,71,71,0,0.0,0.0,0.0,0,0,0.0,0,0,0,0,car
MVI_40241,116,766,831,66,66,0,0.0,0.0,0.0,0,0,0.0,0,0,0,0,car
MVI_40241,117,771,821,51,51,0,0.0,0.0,0.0,0,0,0.0,0,0,0,0,car
MVI_40241,118,781,831,51,51,0,0.0,0.0,0.0,0,0,0.0,0,0,0,0,car
MVI_40241,119,796,861,66,66,0,0.0,0.0,0.0,0,0,0.0,0,0,0,0,car
MVI_40241,120,811,881,71,71,0,0.0,0.0,0.0,0,0,0.0,0,0,0,0,car
MVI_40241,121,816,881,66,66,0,0.0,0.0,0.0,0,0,0.0,0,0,0,0,car
MVI_40241,122,826,886,61,61,0,0.0,0.0,0.0,0,0,0.0,0,0,0,0,car
MVI_40241,123,826,881,56,56,0,0.0,0.0,0.0,0,0,0.0,0,0,0,0,car
MVI_40241,124,831,896,66,66,0,0.0,0.0,0.0,0,0,0.0,0,0,0,0,car
MVI_40241,125,866,926,61,61,0,0.0,0.0,0.0,0,0,0.0,0,0,0,0,car
MVI_40241,126,871,936,66,66,0,0.0,0.0,0.0,0,0,0.0,0,0,0,0,car
MVI_40241,127,881,936,56,56,51,0.9107,0.4297,0.8051,1,51,2.04,0,0,0,0,car
MVI_40241,128,886,961,76,76,0,0.0,0.0,0.0,0,0,0.0,0,0,0,0,car
MVI_40241,129,896,971,76,76,18,0.2368,0.0794,0.4487,1,18,0.72,0,0,0,0,car
MVI_40241,130,901,961,61,61,56,0.918,0.6453,0.9643,1,56,2.24,1,5,0,0,car
MVI_40241,131,916,981,66,66,0,0.0,0.0,0.0,0,0,0.0,0,0,0,0,car
MVI_40241,132,916,991,76,76,0,0.0,0.0,0.0,0,0,0.0,0,0,0,0,car
MVI_40241,133,921,996,76,76,25,0.3289,0.1692,0.8081,1,25,1.0,0,0,0,0,car
MVI_40241,134,931,991,61,61,56,0.918,0.5115,0.7926,1,56,2.24,0,0,0,0,car
MVI_40241,135,931,1001,71,71,0,0.0,0.0,0.0,0,0,0.0,0,0,0,0,car
MVI_40241,136,936,991,56,56,0,0.0,0.0,0.0,0,0,0.0,0,0,0,0,car
MVI_40241,137,936,996,61,61,0,0.0,0.0,0.0,0,0,0.0,0,0,0,0,car
MVI_40241,138,951,1021,71,71,0,0.0,0.0,0.0,0,0,0.0,0,0,0,0,van
MVI_40241,139,951,1011,61,61,0,0.0,0.0,0.0,0,0,0.0,0,0,0,0,van
MVI_40241,140,956,1021,66,66,0,0.0,0.0,0.0,0,0,0.0,0,0,0,0,car
MVI_40241,141,961,1036,76,76,0,0.0,0.0,0.0,0,0,0.0,0,0,0,0,car
MVI_40241,142,961,1021,61,61,0,0.0,0.0,0.0,0,0,0.0,0,0,0,0,car
MVI_40241,143,981,1051,71,71,63,0.8873,0.511,0.8851,1,63,2.52,0,0,0,0,car
MVI_40241,144,996,1051,56,56,0,0.0,0.0,0.0,0,0,0.0,0,0,0,0,van
MVI_40241,145,1001,1071,71,71,0,0.0,0.0,0.0,0,0,0.0,0,0,0,0,car
MVI_40241,146,1001,1061,61,61,0,0.0,0.0,0.0,0,0,0.0,0,0,0,0,car
MVI_40241,147,1006,1076,71,71,64,0.9014,0.7255,1.0,1,64,2.56,1,29,0,0,car
MVI_40241,148,1016,1066,51,51,0,0.0,0.0,0.0,0,0,0.0,0,0,0,0,car
MVI_40241,149,1021,1086,66,66,19,0.2879,0.1001,1.0,1,19,0.76,1,1,0,0,car
MVI_40241,150,1026,1086,61,61,42,0.6885,0.2371,0.6878,1,42,1.68,0,0,0,0,car
MVI_40241,151,1026,1086,61,61,0,0.0,0.0,0.0,0,0,0.0,0,0,0,0,car
MVI_40241,152,1031,1096,66,66,0,0.0,0.0,0.0,0,0,0.0,0,0,0,0,van
MVI_40241,153,1051,1121,71,71,66,0.9296,0.7139,0.9901,1,66,2.64,1,10,0,0,car
MVI_40241,154,1051,1116,66,66,0,0.0,0.0,0.0,0,0,0.0,0,0,0,0,car
MVI_40241,155,1051,1111,61,61,0,0.0,0.0,0.0,0,0,0.0,0,0,0,0,car
MVI_40241,156,1056,1126,71,71,0,0.0,0.0,0.0,0,0,0.0,0,0,0,0,van
MVI_40241,157,1056,1121,66,66,24,0.3636,0.1203,0.5844,1,24,0.96,0,0,0,0,van
MVI_40241,158,1056,1121,66,66,66,1.0,0.3176,0.4892,1,66,2.64,0,0,0,0,van
MVI_40241,159,1076,1131,56,56,4,0.0714,0.0123,0.2063,1,4,0.16,0,0,0,0,car
MVI_40241,160,1076,1156,81,81,72,0.8889,0.6299,0.9575,1,72,2.88,2,8,0,0,car
MVI_40241,161,1081,1151,71,71,25,0.3521,0.1216,0.5418,1,25,1.0,0,0,0,0,car
MVI_40241,162,1086,1156,71,71,0,0.0,0.0,0.0,0,0,0.0,0,0,0,0,car
MVI_40241,163,1091,1146,56,56,0,0.0,0.0,0.0,0,0,0.0,0,0,0,0,car
MVI_40241,164,1096,1161,66,66,20,0.303,0.061,0.2345,1,20,0.8,0,0,0,0,car
MVI_40241,165,1106,1181,76,76,0,0.0,0.0,0.0,0,0,0.0,0,0,0,0,car
MVI_40241,166,1106,1161,56,56,56,1.0,0.5253,0.6545,1,56,2.24,0,0,0,0,car
MVI_40241,167,1131,1196,66,66,0,0.0,0.0,0.0,0,0,0.0,0,0,0,0,car
MVI_40241,168,1136,1211,76,76,68,0.8947,0.4498,0.761,1,68,2.72,0,0,0,0,van
MVI_40241,169,1161,1216,56,56,0,0.0,0.0,0.0,0,0,0.0,0,0,0,0,van
MVI_40241,170,1161,1226,66,66,0,0.0,0.0,0.0,0,0,0.0,0,0,0,0,van
MVI_40241,171,1166,1221,56,56,0,0.0,0.0,0.0,0,0,0.0,0,0,0,0,car
MVI_40241,172,1166,1236,71,71,0,0.0,0.0,0.0,0,0,0.0,0,0,0,0,car
MVI_40241,173,1176,1256,81,81,71,0.8765,0.5653,1.0,1,71,2.84,1,14,0,0,car
MVI_40241,174,1181,1246,66,66,0,0.0,0.0,0.0,0,0,0.0,0,0,0,0,car
MVI_40241,175,1186,1256,71,71,0,0.0,0.0,0.0,0,0,0.0,0,0,0,0,car
MVI_40241,176,1191,1256,66,66,0,0.0,0.0,0.0,0,0,0.0,0,0,0,0,car
MVI_40241,177,1201,1256,56,56,0,0.0,0.0,0.0,0,0,0.0,0,0,0,0,van
MVI_40241,178,1201,1271,71,71,0,0.0,0.0,0.0,0,0,0.0,0,0,0,0,car
MVI_40241,179,1206,1286,81,81,70,0.8642,0.668,1.0,1,70,2.8,1,27,0,0,car
MVI_40241,180,1216,1276,61,61,15,0.2459,0.0804,0.5733,1,15,0.6,0,0,0,0,car
MVI_40241,181,1221,1281,61,61,0,0.0,0.0,0.0,0,0,0.0,0,0,0,0,car
MVI_40241,182,1226,1301,76,76,0,0.0,0.0,0.0,0,0,0.0,0,0,0,0,van
MVI_40241,183,1246,1301,56,56,41,0.7321,0.21,0.4588,1,41,1.64,0,0,0,0,car
MVI_40241,184,1246,1296,51,51,0,0.0,0.0,0.0,0,0,0.0,0,0,0,0,car
MVI_40241,185,1256,1326,71,71,0,0.0,0.0,0.0,0,0,0.0,0,0,0,0,car
MVI_40241,186,1266,1326,61,61,0,0.0,0.0,0.0,0,0,0.0,0,0,0,0,car
MVI_40241,187,1266,1326,61,61,0,0.0,0.0,0.0,0,0,0.0,0,0,0,0,car
MVI_40241,188,1276,1346,71,71,0,0.0,0.0,0.0,0,0,0.0,0,0,0,0,car
MVI_40241,189,1276,1336,61,61,40,0.6557,0.2168,0.4836,1,40,1.6,0,0,0,0,car
MVI_40241,190,1281,1331,51,51,0,0.0,0.0,0.0,0,0,0.0,0,0,0,0,car
MVI_40241,191,1281,1356,76,76,67,0.8816,0.656,1.0,1,67,2.68,1,28,0,0,car
MVI_40241,192,1291,1356,66,66,0,0.0,0.0,0.0,0,0,0.0,0,0,0,0,car
MVI_40241,193,1291,1356,66,66,58,0.8788,0.1967,0.362,2,51,2.04,0,0,0,0,car
MVI_40241,194,1291,1346,56,56,0,0.0,0.0,0.0,0,0,0.0,0,0,0,0,car
MVI_40241,195,1306,1361,56,56,0,0.0,0.0,0.0,0,0,0.0,0,0,0,0,car
MVI_40241,196,1326,1391,66,66,0,0.0,0.0,0.0,0,0,0.0,0,0,0,0,car
MVI_40241,197,1331,1406,76,76,43,0.5658,0.1946,0.5454,1,43,1.72,0,0,0,0,car
MVI_40241,198,1331,1391,61,61,0,0.0,0.0,0.0,0,0,0.0,0,0,0,0,car
MVI_40241,199,1336,1391,56,56,11,0.1964,0.0346,0.2209,1,11,0.44,0,0,0,0,car
MVI_40241,200,1341,1401,61,61,0,0.0,0.0,0.0,0,0,0.0,0,0,0,0,car
MVI_40241,201,1351,1421,71,71,63,0.8873,0.4886,0.9818,1,63,2.52,1,2,0,0,car
MVI_40241,202,1356,1416,61,61,10,0.1639,0.0639,0.8933,1,10,0.4,0,0,0,0,car
MVI_40241,203,1361,1416,56,56,0,0.0,0.0,0.0,0,0,0.0,0,0,0,0,car
MVI_40241,204,1361,1416,56,56,0,0.0,0.0,0.0,0,0,0.0,0,0,0,0,car
MVI_40241,205,1361,1421,61,61,0,0.0,0.0,0.0,0,0,0.0,0,0,0,0,car
MVI_40241,206,1366,1441,76,76,0,0.0,0.0,0.0,0,0,0.0,0,0,0,0,car
MVI_40241,207,1381,1446,66,66,0,0.0,0.0,0.0,0,0,0.0,0,0,0,0,car
MVI_40241,208,1401,1471,71,71,64,0.9014,0.5799,0.9585,1,64,2.56,1,7,0,0,car
MVI_40241,209,1401,1466,66,66,0,0.0,0.0,0.0,0,0,0.0,0,0,0,0,car
MVI_40241,210,1406,1461,56,56,0,0.0,0.0,0.0,0,0,0.0,0,0,0,0,car
MVI_40241,211,1406,1466,61,61,0,0.0,0.0,0.0,0,0,0.0,0,0,0,0,car
MVI_40241,212,1406,1476,71,71,0,0.0,0.0,0.0,0,0,0.0,0,0,0,0,car
MVI_40241,213,1436,1506,71,71,0,0.0,0.0,0.0,0,0,0.0,0,0,0,0,van
MVI_40241,214,1446,1511,66,66,0,0.0,0.0,0.0,0,0,0.0,0,0,0,0,car
MVI_40241,215,1451,1511,61,61,56,0.918,0.1835,0.2584,1,56,2.24,0,0,0,0,car
MVI_40241,216,1466,1531,66,66,48,0.7273,0.2883,0.8416,2,32,1.28,0,0,0,0,car
MVI_40241,217,1471,1536,66,66,0,0.0,0.0,0.0,0,0,0.0,0,0,0,0,others
MVI_40241,218,1501,1566,66,66,0,0.0,0.0,0.0,0,0,0.0,0,0,0,0,car
MVI_40241,219,1506,1556,51,51,0,0.0,0.0,0.0,0,0,0.0,0,0,0,0,car
MVI_40241,220,1516,1581,66,66,36,0.5455,0.1917,0.5284,1,36,1.44,0,0,0,0,car
MVI_40241,221,1516,1571,56,56,0,0.0,0.0,0.0,0,0,0.0,0,0,0,0,car
MVI_40241,222,1521,1586,66,66,0,0.0,0.0,0.0,0,0,0.0,0,0,0,0,car
MVI_40241,223,1526,1601,76,76,64,0.8421,0.203,0.3923,2,52,2.08,0,0,0,0,car
MVI_40241,224,1541,1601,61,61,0,0.0,0.0,0.0,0,0,0.0,0,0,0,0,car
MVI_40241,225,1541,1606,66,66,0,0.0,0.0,0.0,0,0,0.0,0,0,0,0,car
MVI_40241,226,1561,1621,61,61,0,0.0,0.0,0.0,0,0,0.0,0,0,0,0,car
MVI_40241,227,1561,1621,61,61,0,0.0,0.0,0.0,0,0,0.0,0,0,0,0,car
MVI_40241,228,1571,1646,76,76,58,0.7632,0.1967,0.4727,2,47,1.88,0,0,0,0,car
MVI_40241,229,1581,1641,61,61,0,0.0,0.0,0.0,0,0,0.0,0,0,0,0,car
MVI_40241,230,1586,1666,81,81,0,0.0,0.0,0.0,0,0,0.0,0,0,0,0,car
MVI_40241,231,1606,1671,66,66,0,0.0,0.0,0.0,0,0,0.0,0,0,0,0,car
MVI_40241,232,1606,1671,66,66,0,0.0,0.0,0.0,0,0,0.0,0,0,0,0,car
MVI_40241,233,1611,1671,61,61,60,0.9836,0.4686,0.5406,1,60,2.4,0,0,0,0,car
MVI_40241,234,1611,1666,56,56,27,0.4821,0.1302,0.5492,1,27,1.08,0,0,0,0,car
MVI_40241,235,1616,1686,71,71,37,0.5211,0.1242,0.3261,2,35,1.4,0,0,0,0,car
MVI_40241,236,1616,1706,91,91,0,0.0,0.0,0.0,0,0,0.0,0,0,0,0,car
MVI_40241,237,1626,1686,61,61,0,0.0,0.0,0.0,0,0,0.0,0,0,0,0,car
MVI_40241,238,1626,1701,76,76,0,0.0,0.0,0.0,0,0,0.0,0,0,0,0,van
MVI_40241,239,1626,1686,61,61,0,0.0,0.0,0.0,0,0,0.0,0,0,0,0,van
MVI_40241,240,1631,1701,71,71,0,0.0,0.0,0.0,0,0,0.0,0,0,0,0,car
MVI_40241,241,1641,1706,66,66,16,0.2424,0.0736,0.4829,1,16,0.64,0,0,0,0,car
MVI_40241,242,1656,1726,71,71,65,0.9155,0.2229,0.4413,1,65,2.6,0,0,0,0,car
MVI_40241,243,1661,1731,71,71,31,0.4366,0.2951,1.0,1,31,1.24,1,6,0,0,car
MVI_40241,244,1671,1741,71,71,0,0.0,0.0,0.0,0,0,0.0,0,0,0,0,bus
MVI_40241,245,1676,1741,66,66,0,0.0,0.0,0.0,0,0,0.0,0,0,0,0,car
MVI_40241,246,1676,1736,61,61,0,0.0,0.0,0.0,0,0,0.0,0,0,0,0,van
MVI_40241,247,1696,1761,66,66,0,0.0,0.0,0.0,0,0,0.0,0,0,0,0,van
MVI_40241,248,1696,1766,71,71,67,0.9437,0.2527,0.3869,1,67,2.68,0,0,0,0,car
MVI_40241,249,1696,1776,81,81,0,0.0,0.0,0.0,0,0,0.0,0,0,0,0,car
MVI_40241,250,1701,1771,71,71,0,0.0,0.0,0.0,0,0,0.0,0,0,0,0,car
MVI_40241,251,1701,1771,71,71,66,0.9296,0.276,0.4339,1,66,2.64,0,0,0,0,car
MVI_40241,252,1706,1771,66,66,0,0.0,0.0,0.0,0,0,0.0,0,0,0,0,car
MVI_40241,253,1721,1781,61,61,0,0.0,0.0,0.0,0,0,0.0,0,0,0,0,car
MVI_40241,254,1736,1806,71,71,53,0.7465,0.1392,0.2798,2,40,1.6,0,0,0,0,car
MVI_40241,255,1741,1826,86,86,0,0.0,0.0,0.0,0,0,0.0,0,0,0,0,car
MVI_40241,256,1746,1811,66,66,0,0.0,0.0,0.0,0,0,0.0,0,0,0,0,car
MVI_40241,257,1746,1806,61,61,0,0.0,0.0,0.0,0,0,0.0,0,0,0,0,car
MVI_40241,258,1751,1821,71,71,0,0.0,0.0,0.0,0,0,0.0,0,0,0,0,car
MVI_40241,259,1751,1826,76,76,26,0.3421,0.1573,0.6809,1,26,1.04,0,0,0,0,car
MVI_40241,260,1766,1841,76,76,0,0.0,0.0,0.0,0,0,0.0,0,0,0,0,van
MVI_40241,261,1766,1831,66,66,0,0.0,0.0,0.0,0,0,0.0,0,0,0,0,van
MVI_40241,262,1771,1831,61,61,61,1.0,0.2635,0.3625,1,61,2.44,0,0,0,0,car
MVI_40241,263,1771,1836,66,66,0,0.0,0.0,0.0,0,0,0.0,0,0,0,0,car
MVI_40241,264,1776,1861,86,86,0,0.0,0.0,0.0,0,0,0.0,0,0,0,0,car
MVI_40241,265,1791,1856,66,66,0,0.0,0.0,0.0,0,0,0.0,0,0,0,0,car
MVI_40241,266,1801,1876,76,76,70,0.9211,0.3174,0.5289,1,70,2.8,0,0,0,0,car
MVI_40241,267,1811,1886,76,76,0,0.0,0.0,0.0,0,0,0.0,0,0,0,0,car
MVI_40241,268,1811,1886,76,76,0,0.0,0.0,0.0,0,0,0.0,0,0,0,0,car
MVI_40241,269,1826,1891,66,66,0,0.0,0.0062,0.0444,0,0,0.0,0,0,0,0,car
MVI_40241,270,1826,1896,71,71,0,0.0,0.0,0.0,0,0,0.0,0,0,0,0,car
MVI_40241,271,1836,1916,81,81,73,0.9012,0.1953,0.4012,1,74,2.96,0,0,0,0,car
MVI_40241,272,1836,1906,71,71,12,0.169,0.0378,0.1531,2,8,0.32,0,0,0,0,car
MVI_40241,273,1836,1911,76,76,0,0.0,0.0,0.0,0,0,0.0,0,0,0,0,car
MVI_40241,274,1841,1911,71,71,0,0.0,0.0,0.0,0,0,0.0,0,0,0,0,car
MVI_40241,275,1846,1916,71,71,0,0.0,0.0,0.0,0,0,0.0,0,0,0,0,car
MVI_40241,276,1856,1936,81,81,0,0.0,0.0,0.0,0,0,0.0,0,0,0,0,van
MVI_40241,277,1866,1931,66,66,0,0.0,0.0,0.0,0,0,0.0,0,0,0,0,car
MVI_40241,278,1876,1941,66,66,0,0.0,0.0,0.0,0,0,0.0,0,0,0,0,car
MVI_40241,279,1886,1961,76,76,0,0.0,0.0,0.0,0,0,0.0,0,0,0,0,car
MVI_40241,280,1891,1966,76,76,0,0.0,0.0,0.0,0,0,0.0,0,0,0,0,car
MVI_40241,281,1896,1976,81,81,0,0.0,0.0,0.0,0,0,0.0,0,0,0,0,car
MVI_40241,282,1906,1986,81,81,73,0.9012,0.1972,0.4077,1,74,2.96,0,0,0,0,car
MVI_40241,283,1906,1976,71,71,0,0.0,0.0,0.0,0,0,0.0,0,0,0,0,car
MVI_40241,284,1921,2001,81,81,17,0.2099,0.0319,0.1881,1,17,0.68,0,0,0,0,car
MVI_40241,285,1931,2001,71,71,0,0.0,0.0,0.0,0,0,0.0,0,0,0,0,car
MVI_40241,286,1931,2001,71,71,0,0.0,0.0,0.0,0,0,0.0,0,0,0,0,car
MVI_40241,287,1931,2001,71,71,0,0.0,0.0,0.0,0,0,0.0,0,0,0,0,car
MVI_40241,288,1946,2016,71,71,0,0.0,0.0,0.0,0,0,0.0,0,0,0,0,car
MVI_40241,289,1946,2026,81,81,76,0.9383,0.278,0.5349,1,76,3.04,0,0,0,0,car
MVI_40241,290,1961,2041,81,81,28,0.3457,0.0668,0.2274,1,28,1.12,0,0,0,0,car
MVI_40241,291,1966,2041,76,76,75,0.9868,0.5648,0.689,1,75,3.0,0,0,0,0,car
MVI_40241,292,1966,2036,71,71,0,0.0,0.0,0.0,0,0,0.0,0,0,0,0,car
MVI_40241,293,1971,2041,71,71,0,0.0,0.0,0.0,0,0,0.0,0,0,0,0,car
MVI_40241,294,1971,2056,86,86,80,0.9302,0.3127,0.5356,1,80,3.2,0,0,0,0,car
MVI_40241,295,1986,2061,76,76,0,0.0,0.0,0.0,0,0,0.0,0,0,0,0,van
MVI_40241,296,2001,2076,76,76,0,0.0,0.0,0.0,0,0,0.0,0,0,0,0,car
MVI_40241,297,2001,2076,76,76,6,0.0789,0.016,0.1206,1,6,0.24,0,0,0,0,car
MVI_40241,298,2006,2076,71,71,0,0.0,0.0,0.0,0,0,0.0,0,0,0,0,car
MVI_40241,299,2016,2086,71,71,0,0.0,0.0168,0.099,0,0,0.0,0,0,0,0,car
MVI_40241,300,2026,2101,76,76,0,0.0,0.0,0.0,0,0,0.0,0,0,0,0,car
MVI_40241,301,2026,2091,66,66,0,0.0,0.0,0.0,0,0,0.0,0,0,0,0,car
MVI_40241,302,2046,2126,81,81,0,0.0,0.0,0.0,0,0,0.0,0,0,0,0,car
MVI_40241,303,2051,2131,81,81,74,0.9136,0.2394,0.4104,1,74,2.96,0,0,0,0,van
MVI_40241,304,2056,2121,66,66,0,0.0,0.0,0.0,0,0,0.0,0,0,0,0,car
MVI_40241,305,2066,2146,81,81,0,0.0,0.0,0.0,0,0,0.0,0,0,0,0,car
MVI_40241,306,2076,2141,66,66,0,0.0,0.0,0.0,0,0,0.0,0,0,0,0,car
MVI_40241,307,2081,2151,71,71,35,0.493,0.1519,0.4449,1,35,1.4,0,0,0,0,car
MVI_40241,308,2091,2181,91,91,0,0.0,0.0,0.0,0,0,0.0,0,0,0,0,car
MVI_40241,309,2116,2196,81,81,0,0.0,0.0,0.0,0,0,0.0,0,0,0,0,car
MVI_40241,310,2116,2191,76,76,71,0.9342,0.2695,0.4089,1,71,2.84,0,0,0,0,car
MVI_40241,311,2141,2206,66,66,26,0.3939,0.2238,1.0,1,26,1.04,1,4,0,0,car
MVI_40241,312,2141,2231,91,91,0,0.0,0.0,0.0,0,0,0.0,0,0,0,0,car
MVI_40241,313,2151,2206,56,56,0,0.0,0.0,0.0,0,0,0.0,0,0,0,0,van
MVI_40241,314,2151,2221,71,71,1,0.0141,0.0208,0.104,0,0,0.0,0,0,0,0,car
MVI_40241,315,2161,2236,76,76,0,0.0,0.0,0.0,0,0,0.0,0,0,0,0,car
MVI_40241,316,2166,2241,76,76,0,0.0,0.0,0.0,0,0,0.0,0,0,0,0,car
MVI_40241,317,2176,2236,61,61,0,0.0,0.0,0.0,0,0,0.0,0,0,0,0,car
MVI_40241,318,2186,2266,81,81,74,0.9136,0.3324,0.5538,1,74,2.96,0,0,0,0,car
MVI_40241,319,2191,2274,84,84,51,0.6071,0.119,0.2561,1,51,2.04,0,0,0,0,van
MVI_40241,320,2196,2276,81,81,0,0.0,0.0,0.0,0,0,0.0,0,0,0,0,car
MVI_40241,321,2201,2276,76,76,0,0.0,0.0,0.0,0,0,0.0,0,0,0,0,car
MVI_40241,322,2206,2281,76,76,56,0.7368,0.3413,0.7188,1,56,2.24,0,0,0,0,van
MVI_40241,323,2206,2266,61,61,4,0.0656,0.0393,0.2515,1,4,0.16,0,0,0,0,van
MVI_40241,324,2211,2294,84,84,33,0.3929,0.0998,0.2514,3,28,1.12,0,0,0,0,van
MVI_40241,325,2216,2301,86,86,37,0.4302,0.1902,0.6201,1,37,1.48,0,0,0,0,car
MVI_40241,326,2226,2301,76,76,0,0.0,0.0,0.0,0,0,0.0,0,0,0,0,car
MVI_40241,327,2246,2311,66,66,0,0.0,0.0,0.0,0,0,0.0,0,0,0,0,car
MVI_40241,328,2246,2316,71,71,0,0.0,0.0,0.0,0,0,0.0,0,0,0,0,car
MVI_40241,329,2246,2320,75,75,0,0.0,0.0,0.0,0,0,0.0,0,0,0,0,car
MVI_40241,330,2251,2320,70,70,70,1.0,0.287,0.5156,1,70,2.8,0,0,0,0,car
MVI_40241,331,2261,2320,60,60,0,0.0,0.0,0.0,0,0,0.0,0,0,0,0,car
MVI_40241,332,2261,2320,60,60,0,0.0,0.0,0.0,0,0,0.0,0,0,0,0,car
MVI_40241,333,2283,2320,38,38,0,0.0,0.0,0.0,0,0,0.0,0,0,0,0,car
MVI_40241,334,2286,2320,35,35,0,0.0,0.0,0.0,0,0,0.0,0,0,0,0,car
MVI_40241,335,2286,2320,35,35,29,0.8286,0.1509,0.2101,2,18,0.72,0,0,0,0,car
MVI_40241,336,2301,2320,20,20,0,0.0,0.0,0.0,0,0,0.0,0,0,0,0,car
MVI_40241,337,2306,2320,15,15,0,0.0,0.0,0.0,0,0,0.0,0,0,0,0,car
MVI_40241,338,2316,2320,5,5,0,0.0,0.0,0.0,0,0,0.0,0,0,0,0,car
MVI_40243,1,1,11,11,11,0,0.0,0.0,0.0,0,0,0.0,0,0,0,0,car
MVI_40243,2,1,16,16,16,15,0.9375,0.4072,0.5218,1,15,0.6,0,0,0,0,car
MVI_40243,3,1,16,16,16,8,0.5,0.1592,0.4299,1,8,0.32,0,0,0,0,car
MVI_40243,4,1,41,41,41,0,0.0,0.0,0.0,0,0,0.0,0,0,0,0,car
MVI_40243,5,1,11,11,11,0,0.0,0.0,0.0,0,0,0.0,0,0,0,0,van
MVI_40243,6,1,51,51,51,0,0.0,0.0,0.0,0,0,0.0,0,0,0,0,car
MVI_40243,7,1,56,56,56,0,0.0,0.0,0.0,0,0,0.0,0,0,0,0,car
MVI_40243,8,11,81,71,71,61,0.8592,0.2228,0.4432,2,43,1.72,0,0,0,0,car
MVI_40243,9,11,71,61,61,20,0.3279,0.1114,0.7471,1,20,0.8,0,0,0,0,van
MVI_40243,10,16,76,61,61,0,0.0,0.0,0.0,0,0,0.0,0,0,0,0,car
MVI_40243,11,31,86,56,56,0,0.0,0.0,0.0,0,0,0.0,0,0,0,0,car
MVI_40243,12,36,91,56,56,0,0.0,0.0,0.0,0,0,0.0,0,0,0,0,car
MVI_40243,13,41,96,56,56,0,0.0,0.0,0.0,0,0,0.0,0,0,0,0,car
MVI_40243,14,46,111,66,66,58,0.8788,0.194,0.4099,1,58,2.32,0,0,0,0,car
MVI_40243,15,51,106,56,56,49,0.875,0.3072,0.5872,1,49,1.96,0,0,0,0,car
MVI_40243,16,51,101,51,51,41,0.8039,0.3414,0.5836,1,41,1.64,0,0,0,0,car
MVI_40243,17,66,121,56,56,8,0.1429,0.0383,0.1431,2,5,0.2,0,0,0,0,van
MVI_40243,18,76,141,66,66,38,0.5758,0.1291,0.3348,2,31,1.24,0,0,0,0,car
MVI_40243,19,76,131,56,56,11,0.1964,0.0712,0.4469,1,11,0.44,0,0,0,0,car
MVI_40243,20,81,126,46,46,0,0.0,0.0,0.0,0,0,0.0,0,0,0,0,car
MVI_40243,21,96,151,56,56,0,0.0,0.0,0.0,0,0,0.0,0,0,0,0,car
MVI_40243,22,101,146,46,46,0,0.0,0.0,0.0,0,0,0.0,0,0,0,0,car
MVI_40243,23,106,156,51,51,0,0.0,0.0,0.0,0,0,0.0,0,0,0,0,car
MVI_40243,24,106,166,61,61,0,0.0,0.0,0.0,0,0,0.0,0,0,0,0,car
MVI_40243,25,126,191,66,66,59,0.8939,0.2437,0.4468,1,59,2.36,0,0,0,0,car
MVI_40243,26,131,191,61,61,0,0.0,0.0,0.0,0,0,0.0,0,0,0,0,car
MVI_40243,27,131,181,51,51,0,0.0,0.0,0.0,0,0,0.0,0,0,0,0,car
MVI_40243,28,136,201,66,66,11,0.1667,0.0454,0.3187,1,11,0.44,0,0,0,0,car
MVI_40243,29,141,191,51,51,0,0.0,0.0,0.0,0,0,0.0,0,0,0,0,car
MVI_40243,30,161,211,51,51,0,0.0,0.0,0.0,0,0,0.0,0,0,0,0,car
MVI_40243,31,166,231,66,66,53,0.803,0.1859,0.4188,2,45,1.8,0,0,0,0,car
MVI_40243,32,176,241,66,66,0,0.0,0.0,0.0,0,0,0.0,0,0,0,0,car
MVI_40243,33,181,246,66,66,0,0.0,0.0,0.0,0,0,0.0,0,0,0,0,car
MVI_40243,34,181,251,71,71,0,0.0,0.0,0.0,0,0,0.0,0,0,0,0,car
MVI_40243,35,186,236,51,51,0,0.0,0.0,0.0,0,0,0.0,0,0,0,0,car
MVI_40243,36,201,271,71,71,0,0.0,0.0,0.0,0,0,0.0,0,0,0,0,car
MVI_40243,37,206,261,56,56,0,0.0,0.0,0.0,0,0,0.0,0,0,0,0,car
MVI_40243,38,231,291,61,61,0,0.0,0.0,0.0,0,0,0.0,0,0,0,0,car
MVI_40243,39,236,286,51,51,0,0.0,0.0,0.0,0,0,0.0,0,0,0,0,van
MVI_40243,40,251,321,71,71,0,0.0,0.0,0.0,0,0,0.0,0,0,0,0,car
MVI_40243,41,251,301,51,51,0,0.0,0.0,0.0,0,0,0.0,0,0,0,0,van
MVI_40243,42,261,326,66,66,50,0.7576,0.1826,0.4403,2,43,1.72,0,0,0,0,car
MVI_40243,43,261,296,36,36,26,0.7222,0.274,0.6751,1,26,1.04,0,0,0,0,car
MVI_40243,44,286,351,66,66,0,0.0,0.0,0.0,0,0,0.0,0,0,0,0,car
MVI_40243,45,291,346,56,56,0,0.0,0.0,0.0,0,0,0.0,0,0,0,0,car
MVI_40243,46,301,391,91,91,0,0.0,0.0,0.0,0,0,0.0,0,0,0,0,bus
MVI_40243,47,311,381,71,71,0,0.0,0.0,0.0,0,0,0.0,0,0,0,0,car
MVI_40243,48,316,366,51,51,42,0.8235,0.479,0.8418,1,42,1.68,0,0,0,0,car
MVI_40243,49,321,391,71,71,0,0.0,0.0,0.0,0,0,0.0,0,0,0,0,others
MVI_40243,50,321,391,71,71,21,0.2958,0.2461,1.0,1,21,0.84,1,13,0,0,car
MVI_40243,51,331,396,66,66,21,0.3182,0.0795,0.21,1,21,0.84,0,0,0,0,car
MVI_40243,52,341,401,61,61,0,0.0,0.0,0.0,0,0,0.0,0,0,0,0,van
MVI_40243,53,296,361,66,66,13,0.197,0.0671,0.199,1,13,0.52,0,0,0,0,car
MVI_40243,54,346,406,61,61,0,0.0,0.0,0.0,0,0,0.0,0,0,0,0,car
MVI_40243,55,366,431,66,66,0,0.0,0.0,0.0,0,0,0.0,0,0,0,0,car
MVI_40243,56,366,436,71,71,0,0.0,0.0,0.0,0,0,0.0,0,0,0,0,car
MVI_40243,57,371,421,51,51,0,0.0,0.0,0.0,0,0,0.0,0,0,0,0,car
MVI_40243,58,371,431,61,61,0,0.0,0.0,0.0,0,0,0.0,0,0,0,0,car
MVI_40243,59,376,431,56,56,0,0.0,0.0,0.0,0,0,0.0,0,0,0,0,car
MVI_40243,60,386,461,76,76,1,0.0132,0.0039,0.1148,0,0,0.0,0,0,0,0,car
MVI_40243,61,391,446,56,56,0,0.0,0.0,0.0,0,0,0.0,0,0,0,0,van
MVI_40243,62,401,476,76,76,0,0.0,0.0,0.0,0,0,0.0,0,0,0,0,van
MVI_40243,63,416,481,66,66,0,0.0,0.0,0.0,0,0,0.0,0,0,0,0,car
MVI_40243,64,416,481,66,66,61,0.9242,0.2171,0.5097,1,61,2.44,0,0,0,0,car
MVI_40243,65,421,466,46,46,0,0.0,0.0,0.0,0,0,0.0,0,0,0,0,car
MVI_40243,66,426,486,61,61,56,0.918,0.2924,0.3889,1,56,2.24,0,0,0,0,car
MVI_40243,67,426,486,61,61,0,0.0,0.0,0.0,0,0,0.0,0,0,0,0,car
MVI_40243,68,441,496,56,56,0,0.0,0.0,0.0,0,0,0.0,0,0,0,0,car
MVI_40243,69,451,521,71,71,0,0.0,0.0,0.0,0,0,0.0,0,0,0,0,car
MVI_40243,70,466,531,66,66,58,0.8788,0.2658,0.4977,1,58,2.32,0,0,0,0,car
MVI_40243,71,471,551,81,81,0,0.0,0.0,0.0,0,0,0.0,0,0,0,0,car
MVI_40243,72,486,546,61,61,0,0.0,0.0,0.0,0,0,0.0,0,0,0,0,car
MVI_40243,73,496,561,66,66,58,0.8788,0.3198,0.6008,1,58,2.32,0,0,0,0,car
MVI_40243,74,501,546,46,46,0,0.0,0.0,0.0,0,0,0.0,0,0,0,0,car
MVI_40243,75,501,566,66,66,0,0.0,0.0,0.0,0,0,0.0,0,0,0,0,van
MVI_40243,76,511,581,71,71,64,0.9014,0.2313,0.4335,1,64,2.56,0,0,0,0,car
MVI_40243,77,511,571,61,61,0,0.0,0.0,0.0,0,0,0.0,0,0,0,0,van
MVI_40243,78,521,571,51,51,0,0.0,0.0,0.0,0,0,0.0,0,0,0,0,car
MVI_40243,79,521,601,81,81,0,0.0,0.0,0.0,0,0,0.0,0,0,0,0,car
MVI_40243,80,531,581,51,51,0,0.0,0.0,0.0,0,0,0.0,0,0,0,0,car
MVI_40243,81,551,596,46,46,0,0.0,0.0,0.0,0,0,0.0,0,0,0,0,car
MVI_40243,82,551,611,61,61,0,0.0,0.0,0.0,0,0,0.0,0,0,0,0,car
MVI_40243,83,566,636,71,71,0,0.0,0.0,0.0,0,0,0.0,0,0,0,0,car
MVI_40243,84,576,641,66,66,59,0.8939,0.255,0.4139,1,59,2.36,0,0,0,0,car
MVI_40243,85,591,666,76,76,38,0.5,0.2385,0.7369,1,38,1.52,0,0,0,0,car
MVI_40243,86,591,671,81,81,0,0.0,0.0,0.0,0,0,0.0,0,0,0,0,car
MVI_40243,87,596,656,61,61,0,0.0,0.0,0.0,0,0,0.0,0,0,0,0,car
MVI_40243,88,606,656,51,51,0,0.0,0.0,0.0,0,0,0.0,0,0,0,0,car
MVI_40243,89,616,686,71,71,9,0.1268,0.043,0.5938,1,9,0.36,0,0,0,0,car
MVI_40243,90,631,681,51,51,51,1.0,0.4878,0.6197,1,51,2.04,0,0,0,0,car
MVI_40243,91,631,711,81,81,0,0.0,0.0,0.0,0,0,0.0,0,0,0,0,car
MVI_40243,92,636,691,56,56,0,0.0,0.0,0.0,0,0,0.0,0,0,0,0,car
MVI_40243,93,641,711,71,71,0,0.0,0.0,0.0,0,0,0.0,0,0,0,0,car
MVI_40243,94,646,711,66,66,11,0.1667,0.0491,0.4803,1,11,0.44,0,0,0,0,car
MVI_40243,95,666,741,76,76,0,0.0,0.0,0.0,0,0,0.0,0,0,0,0,car
MVI_40243,96,676,761,86,86,0,0.0,0.0,0.0,0,0,0.0,0,0,0,0,van
MVI_40243,97,681,741,61,61,0,0.0,0.0,0.0,0,0,0.0,0,0,0,0,car
MVI_40243,98,691,746,56,56,0,0.0,0.0,0.0,0,0,0.0,0,0,0,0,car
MVI_40243,99,696,746,51,51,0,0.0,0.0,0.0,0,0,0.0,0,0,0,0,car
MVI_40243,100,696,756,61,61,49,0.8033,0.1856,0.4323,2,37,1.48,0,0,0,0,car
MVI_40243,101,706,786,81,81,0,0.0,0.0,0.0,0,0,0.0,0,0,0,0,car
MVI_40243,102,716,776,61,61,24,0.3934,0.1014,0.2762,1,24,0.96,0,0,0,0,car
MVI_40243,103,721,791,71,71,0,0.0,0.0,0.0,0,0,0.0,0,0,0,0,car
MVI_40243,104,726,776,51,51,0,0.0,0.0,0.0,0,0,0.0,0,0,0,0,car
MVI_40243,105,756,826,71,71,0,0.0,0.0,0.0,0,0,0.0,0,0,0,0,van
MVI_40243,106,761,816,56,56,0,0.0,0.0,0.0,0,0,0.0,0,0,0,0,car
MVI_40243,107,761,836,76,76,0,0.0,0.0,0.0,0,0,0.0,0,0,0,0,car
MVI_40243,108,771,816,46,46,46,1.0,0.5584,0.6554,1,46,1.84,0,0,0,0,car
MVI_40243,109,776,841,66,66,61,0.9242,0.278,0.5279,1,61,2.44,0,0,0,0,car
MVI_40243,110,781,846,66,66,0,0.0,0.0,0.0,0,0,0.0,0,0,0,0,van
MVI_40243,111,801,866,66,66,58,0.8788,0.281,0.4533,1,58,2.32,0,0,0,0,car
MVI_40243,112,801,876,76,76,0,0.0,0.0,0.0,0,0,0.0,0,0,0,0,car
MVI_40243,113,811,871,61,61,28,0.459,0.0954,0.2473,1,28,1.12,0,0,0,0,van
MVI_40243,114,816,866,51,51,51,1.0,0.6453,0.8838,1,51,2.04,0,0,0,0,car
MVI_40243,115,821,881,61,61,0,0.0,0.0,0.0,0,0,0.0,0,0,0,0,car
MVI_40243,116,821,881,61,61,0,0.0,0.0,0.0,0,0,0.0,0,0,0,0,car
MVI_40243,117,836,911,76,76,0,0.0,0.0,0.0,0,0,0.0,0,0,0,0,car
MVI_40243,118,841,896,56,56,0,0.0,0.0,0.0,0,0,0.0,0,0,0,0,car
MVI_40243,119,841,901,61,61,0,0.0,0.0,0.0,0,0,0.0,0,0,0,0,car
MVI_40243,120,846,911,66,66,59,0.8939,0.2745,0.448,1,59,2.36,0,0,0,0,car
MVI_40243,121,846,916,71,71,0,0.0,0.0,0.0,0,0,0.0,0,0,0,0,car
MVI_40243,122,861,926,66,66,0,0.0,0.0,0.0,0,0,0.0,0,0,0,0,car
MVI_40243,123,871,941,71,71,0,0.0,0.0,0.0,0,0,0.0,0,0,0,0,car
MVI_40243,124,881,951,71,71,0,0.0,0.0,0.0,0,0,0.0,0,0,0,0,car
MVI_40243,125,891,946,56,56,0,0.0,0.0,0.0,0,0,0.0,0,0,0,0,car
MVI_40243,126,896,961,66,66,0,0.0,0.0,0.0,0,0,0.0,0,0,0,0,car
MVI_40243,127,896,961,66,66,0,0.0,0.0,0.0,0,0,0.0,0,0,0,0,van
MVI_40243,128,896,981,86,86,0,0.0,0.0,0.0,0,0,0.0,0,0,0,0,car
MVI_40243,129,901,971,71,71,0,0.0,0.0,0.0,0,0,0.0,0,0,0,0,car
MVI_40243,130,921,976,56,56,0,0.0,0.0,0.0,0,0,0.0,0,0,0,0,car
MVI_40243,131,936,996,61,61,0,0.0,0.0,0.0,0,0,0.0,0,0,0,0,car
MVI_40243,132,941,1021,81,81,0,0.0,0.0,0.0,0,0,0.0,0,0,0,0,car
MVI_40243,133,946,1021,76,76,0,0.0,0.0,0.0,0,0,0.0,0,0,0,0,van
MVI_40243,134,951,1021,71,71,0,0.0,0.0,0.0,0,0,0.0,0,0,0,0,car
MVI_40243,135,986,1061,76,76,0,0.0,0.0,0.0,0,0,0.0,0,0,0,0,car
MVI_40243,136,996,1056,61,61,0,0.0,0.0,0.0,0,0,0.0,0,0,0,0,car
MVI_40243,137,996,1071,76,76,0,0.0,0.0,0.0,0,0,0.0,0,0,0,0,car
MVI_40243,138,1006,1061,56,56,0,0.0,0.0,0.0,0,0,0.0,0,0,0,0,car
MVI_40243,139,1021,1091,71,71,0,0.0,0.0,0.0,0,0,0.0,0,0,0,0,car
MVI_40243,140,1026,1081,56,56,0,0.0,0.0,0.0,0,0,0.0,0,0,0,0,car
MVI_40243,141,1036,1111,76,76,0,0.0,0.0,0.0,0,0,0.0,0,0,0,0,car
MVI_40243,142,1046,1116,71,71,51,0.7183,0.3126,0.7034,1,51,2.04,0,0,0,0,van
MVI_40243,143,1046,1111,66,66,5,0.0758,0.0149,0.1557,1,5,0.2,0,0,0,0,van
MVI_40243,144,1056,1121,66,66,10,0.1515,0.0246,0.159,1,10,0.4,0,0,0,0,car
MVI_40243,145,1066,1131,66,66,0,0.0,0.0,0.0,0,0,0.0,0,0,0,0,car
MVI_40243,146,1071,1136,66,66,0,0.0,0.0,0.0,0,0,0.0,0,0,0,0,van
MVI_40243,147,1076,1126,51,51,0,0.0,0.0,0.0,0,0,0.0,0,0,0,0,car
MVI_40243,148,1081,1141,61,61,0,0.0,0.0,0.0,0,0,0.0,0,0,0,0,car
MVI_40243,149,1086,1151,66,66,0,0.0,0.0,0.0,0,0,0.0,0,0,0,0,car
MVI_40243,150,1091,1176,86,86,27,0.314,0.0777,0.3558,1,27,1.08,0,0,0,0,car
MVI_40243,151,1091,1161,71,71,0,0.0,0.0,0.0,0,0,0.0,0,0,0,0,car
MVI_40243,152,1106,1186,81,81,13,0.1605,0.0497,0.4539,1,13,0.52,0,0,0,0,car
MVI_40243,153,1111,1186,76,76,0,0.0,0.0,0.0,0,0,0.0,0,0,0,0,car
MVI_40243,154,1121,1186,66,66,13,0.197,0.0437,0.2707,1,13,0.52,0,0,0,0,car
MVI_40243,155,1126,1211,86,86,19,0.2209,0.067,0.387,1,19,0.76,0,0,0,0,car
MVI_40243,156,1136,1221,86,86,51,0.593,0.1754,0.3286,1,51,2.04,0,0,0,0,car
MVI_40243,157,1146,1221,76,76,16,0.2105,0.0448,0.2564,1,16,0.64,0,0,0,0,car
MVI_40243,158,1156,1226,71,71,0,0.0,0.0,0.0,0,0,0.0,0,0,0,0,car
MVI_40243,159,1171,1226,56,56,0,0.0,0.0,0.0,0,0,0.0,0,0,0,0,car
MVI_40243,160,1176,1246,71,71,48,0.6761,0.1972,0.4699,1,52,2.08,0,0,0,0,car
MVI_40243,161,1181,1251,71,71,0,0.0,0.0,0.0,0,0,0.0,0,0,0,0,car
MVI_40243,162,1186,1265,80,80,22,0.275,0.0415,0.1246,1,22,0.88,0,0,0,0,bus
MVI_40243,163,1186,1261,76,76,0,0.0,0.0,0.0,0,0,0.0,0,0,0,0,car
MVI_40243,164,1201,1241,41,41,41,1.0,0.5606,0.7746,1,41,1.64,0,0,0,0,car
MVI_40243,165,1216,1265,50,50,0,0.0,0.0,0.0,0,0,0.0,0,0,0,0,car
MVI_40243,166,1216,1265,50,50,0,0.0,0.0,0.0,0,0,0.0,0,0,0,0,car
MVI_40243,167,1221,1265,45,45,21,0.4667,0.1251,0.2311,3,15,0.6,0,0,0,0,van
MVI_40243,168,1231,1265,35,35,24,0.6857,0.2408,0.4306,1,24,0.96,0,0,0,0,van
MVI_40243,169,1246,1265,20,20,20,1.0,0.5691,0.6917,1,20,0.8,0,0,0,0,car
MVI_40243,170,1251,1265,15,15,0,0.0,0.0,0.0,0,0,0.0,0,0,0,0,car
MVI_40243,171,1251,1265,15,15,0,0.0,0.0,0.0,0,0,0.0,0,0,0,0,car
MVI_40243,172,1256,1265,10,10,0,0.0,0.0,0.0,0,0,0.0,0,0,0,0,car
MVI_40243,173,1261,1265,5,5,0,0.0,0.0,0.0,0,0,0.0,0,0,0,0,car
MVI_40244,1,1,21,21,21,16,0.7619,0.3565,0.5617,1,16,0.64,0,0,0,0,car
MVI_40244,2,1,16,16,16,12,0.75,0.1324,0.2358,1,12,0.48,0,0,0,0,car
MVI_40244,3,1,31,31,31,0,0.0,0.0,0.0,0,0,0.0,0,0,0,0,car
MVI_40244,4,1,41,41,41,0,0.0,0.0,0.0,0,0,0.0,0,0,0,0,car
MVI_40244,5,6,56,51,51,0,0.0,0.0,0.0,0,0,0.0,0,0,0,0,car
MVI_40244,6,6,66,61,61,0,0.0,0.0,0.0,0,0,0.0,0,0,0,0,car
MVI_40244,7,16,66,51,51,0,0.0,0.0,0.0,0,0,0.0,0,0,0,0,car
MVI_40244,8,21,61,41,41,0,0.0,0.0,0.0,0,0,0.0,0,0,0,0,car
MVI_40244,9,31,81,51,51,0,0.0,0.0,0.0,0,0,0.0,0,0,0,0,car
MVI_40244,10,46,96,51,51,0,0.0,0.0,0.0,0,0,0.0,0,0,0,0,car
MVI_40244,11,46,96,51,51,24,0.4706,0.1158,0.3102,1,24,0.96,0,0,0,0,car
MVI_40244,12,51,101,51,51,37,0.7255,0.2089,0.4335,1,37,1.48,0,0,0,0,car
MVI_40244,13,51,116,66,66,0,0.0,0.0,0.0,0,0,0.0,0,0,0,0,van
MVI_40244,14,66,116,51,51,33,0.6471,0.1665,0.3989,1,33,1.32,0,0,0,0,car
MVI_40244,15,71,121,51,51,0,0.0,0.0,0.0,0,0,0.0,0,0,0,0,car
MVI_40244,16,81,126,46,46,0,0.0,0.0,0.0,0,0,0.0,0,0,0,0,car
MVI_40244,17,86,126,41,41,41,1.0,0.5576,0.6482,1,41,1.64,0,0,0,0,car
MVI_40244,18,86,141,56,56,0,0.0,0.0,0.0,0,0,0.0,0,0,0,0,car
MVI_40244,19,91,141,51,51,51,1.0,0.5386,0.6201,1,51,2.04,0,0,0,0,car
MVI_40244,20,96,146,51,51,0,0.0,0.0,0.0,0,0,0.0,0,0,0,0,car
MVI_40244,21,96,156,61,61,0,0.0,0.0,0.0,0,0,0.0,0,0,0,0,car
MVI_40244,22,106,161,56,56,0,0.0,0.0,0.0,0,0,0.0,0,0,0,0,car
MVI_40244,23,111,166,56,56,45,0.8036,0.1835,0.4128,1,46,1.84,0,0,0,0,car
MVI_40244,24,121,166,46,46,0,0.0,0.0,0.0,0,0,0.0,0,0,0,0,van
MVI_40244,25,121,181,61,61,0,0.0,0.0,0.0,0,0,0.0,0,0,0,0,car
MVI_40244,26,136,186,51,51,0,0.0,0.0,0.0,0,0,0.0,0,0,0,0,car
MVI_40244,27,141,186,46,46,0,0.0,0.0,0.0,0,0,0.0,0,0,0,0,car
MVI_40244,28,141,196,56,56,0,0.0,0.0,0.0,0,0,0.0,0,0,0,0,car
MVI_40244,29,161,216,56,56,32,0.5714,0.1329,0.3403,2,31,1.24,0,0,0,0,car
MVI_40244,30,161,216,56,56,54,0.9643,0.3533,0.6754,1,54,2.16,0,0,0,0,car
MVI_40244,31,171,231,61,61,0,0.0,0.0,0.0,0,0,0.0,0,0,0,0,car
MVI_40244,32,191,241,51,51,0,0.0,0.0,0.0,0,0,0.0,0,0,0,0,car
MVI_40244,33,191,251,61,61,53,0.8689,0.3095,0.5583,1,53,2.12,0,0,0,0,car
MVI_40244,34,196,251,56,56,0,0.0,0.0,0.0,0,0,0.0,0,0,0,0,car
MVI_40244,35,216,261,46,46,20,0.4348,0.1275,0.6581,1,20,0.8,0,0,0,0,car
MVI_40244,36,216,266,51,51,0,0.0,0.0,0.0,0,0,0.0,0,0,0,0,car
MVI_40244,37,216,281,66,66,0,0.0,0.0,0.0,0,0,0.0,0,0,0,0,car
MVI_40244,38,221,276,56,56,44,0.7857,0.1877,0.4819,2,28,1.12,0,0,0,0,car
MVI_40244,39,226,281,56,56,0,0.0,0.0,0.0,0,0,0.0,0,0,0,0,car
MVI_40244,40,231,291,61,61,0,0.0,0.0,0.0,0,0,0.0,0,0,0,0,car
MVI_40244,41,231,281,51,51,0,0.0,0.0,0.0,0,0,0.0,0,0,0,0,car
MVI_40244,42,236,286,51,51,26,0.5098,0.1493,0.3903,1,26,1.04,0,0,0,0,car
MVI_40244,43,236,281,46,46,0,0.0,0.0,0.0,0,0,0.0,0,0,0,0,car
MVI_40244,44,241,306,66,66,0,0.0,0.0,0.0,0,0,0.0,0,0,0,0,car
MVI_40244,45,251,301,51,51,0,0.0,0.0,0.0,0,0,0.0,0,0,0,0,car
MVI_40244,46,256,311,56,56,0,0.0,0.0,0.0,0,0,0.0,0,0,0,0,car
MVI_40244,47,256,321,66,66,0,0.0,0.0,0.0,0,0,0.0,0,0,0,0,car
MVI_40244,48,261,311,51,51,0,0.0,0.0,0.0,0,0,0.0,0,0,0,0,car
MVI_40244,49,276,316,41,41,0,0.0,0.0,0.0,0,0,0.0,0,0,0,0,car
MVI_40244,50,276,331,56,56,23,0.4107,0.1157,0.3404,1,23,0.92,0,0,0,0,van
MVI_40244,51,301,351,51,51,0,0.0,0.0,0.0,0,0,0.0,0,0,0,0,car
MVI_40244,52,301,371,71,71,0,0.0,0.0,0.0,0,0,0.0,0,0,0,0,car
MVI_40244,53,306,376,71,71,0,0.0,0.0,0.0,0,0,0.0,0,0,0,0,car
MVI_40244,54,321,376,56,56,48,0.8571,0.2485,0.5083,1,48,1.92,0,0,0,0,car
MVI_40244,55,351,416,66,66,0,0.0,0.0,0.0,0,0,0.0,0,0,0,0,car
MVI_40244,56,366,426,61,61,0,0.0,0.0,0.0,0,0,0.0,0,0,0,0,car
MVI_40244,57,371,436,66,66,0,0.0,0.0,0.0,0,0,0.0,0,0,0,0,car
MVI_40244,58,371,426,56,56,51,0.9107,0.2054,0.4411,1,51,2.04,0,0,0,0,car
MVI_40244,59,386,451,66,66,0,0.0,0.0,0.0,0,0,0.0,0,0,0,0,car
MVI_40244,60,391,446,56,56,0,0.0,0.0,0.0,0,0,0.0,0,0,0,0,car
MVI_40244,61,391,446,56,56,0,0.0,0.0,0.0,0,0,0.0,0,0,0,0,car
MVI_40244,62,396,441,46,46,0,0.0,0.0,0.0,0,0,0.0,0,0,0,0,car
MVI_40244,63,441,511,71,71,0,0.0,0.0,0.0,0,0,0.0,0,0,0,0,car
MVI_40244,64,466,531,66,66,0,0.0,0.0,0.0,0,0,0.0,0,0,0,0,car
MVI_40244,65,466,516,51,51,0,0.0,0.0,0.0,0,0,0.0,0,0,0,0,car
MVI_40244,66,471,526,56,56,0,0.0,0.0,0.0,0,0,0.0,0,0,0,0,car
MVI_40244,67,471,516,46,46,0,0.0,0.0,0.0,0,0,0.0,0,0,0,0,car
MVI_40244,68,491,556,66,66,0,0.0,0.0,0.0,0,0,0.0,0,0,0,0,car
MVI_40244,69,501,556,56,56,0,0.0,0.0,0.0,0,0,0.0,0,0,0,0,car
MVI_40244,70,506,556,51,51,0,0.0,0.0,0.0,0,0,0.0,0,0,0,0,van
MVI_40244,71,511,571,61,61,0,0.0,0.0,0.0,0,0,0.0,0,0,0,0,car
MVI_40244,72,526,591,66,66,0,0.0,0.0,0.0,0,0,0.0,0,0,0,0,car
MVI_40244,73,536,596,61,61,7,0.1148,0.0543,0.7271,1,7,0.28,0,0,0,0,car
MVI_40244,74,541,601,61,61,54,0.8852,0.344,0.6903,1,54,2.16,0,0,0,0,car
MVI_40244,75,546,606,61,61,0,0.0,0.0,0.0,0,0,0.0,0,0,0,0,car
MVI_40244,76,551,611,61,61,0,0.0,0.0,0.0,0,0,0.0,0,0,0,0,car
MVI_40244,77,561,611,51,51,0,0.0,0.0,0.0,0,0,0.0,0,0,0,0,car
MVI_40244,78,561,626,66,66,0,0.0,0.0,0.0,0,0,0.0,0,0,0,0,car
MVI_40244,79,596,651,56,56,0,0.0,0.0,0.0,0,0,0.0,0,0,0,0,car
MVI_40244,80,596,646,51,51,0,0.0,0.0,0.0,0,0,0.0,0,0,0,0,car
MVI_40244,81,606,666,61,61,0,0.0,0.0,0.0,0,0,0.0,0,0,0,0,car
MVI_40244,82,611,656,46,46,0,0.0,0.0,0.0,0,0,0.0,0,0,0,0,car
MVI_40244,83,611,671,61,61,0,0.0,0.0,0.0,0,0,0.0,0,0,0,0,car
MVI_40244,84,631,681,51,51,0,0.0,0.0,0.0,0,0,0.0,0,0,0,0,car
MVI_40244,85,631,691,61,61,42,0.6885,0.1621,0.408,2,40,1.6,0,0,0,0,car
MVI_40244,86,641,686,46,46,36,0.7826,0.1343,0.2114,1,36,1.44,0,0,0,0,car
MVI_40244,87,646,706,61,61,0,0.0,0.0,0.0,0,0,0.0,0,0,0,0,car
MVI_40244,88,656,721,66,66,58,0.8788,0.27,0.5699,1,58,2.32,0,0,0,0,car
MVI_40244,89,661,716,56,56,21,0.375,0.0736,0.2394,1,21,0.84,0,0,0,0,van
MVI_40244,90,676,731,56,56,0,0.0,0.0,0.0,0,0,0.0,0,0,0,0,car
MVI_40244,91,696,751,56,56,51,0.9107,0.4575,0.7122,1,51,2.04,0,0,0,0,car
MVI_40244,92,701,761,61,61,11,0.1803,0.0505,0.297,1,11,0.44,0,0,0,0,car
MVI_40244,93,701,766,66,66,0,0.0,0.0,0.0,0,0,0.0,0,0,0,0,car
MVI_40244,94,706,761,56,56,54,0.9643,0.4068,0.5975,1,54,2.16,0,0,0,0,car
MVI_40244,95,706,751,46,46,0,0.0,0.0,0.0,0,0,0.0,0,0,0,0,car
MVI_40244,96,721,776,56,56,51,0.9107,0.3303,0.5053,1,51,2.04,0,0,0,0,van
MVI_40244,97,721,771,51,51,0,0.0,0.0,0.0,0,0,0.0,0,0,0,0,car
MVI_40244,98,726,771,46,46,0,0.0,0.0,0.0,0,0,0.0,0,0,0,0,car
MVI_40244,99,736,791,56,56,34,0.6071,0.1683,0.3369,1,34,1.36,0,0,0,0,van
MVI_40244,100,736,791,56,56,8,0.1429,0.0303,0.2801,1,8,0.32,0,0,0,0,car
MVI_40244,101,761,816,56,56,0,0.0,0.0,0.0,0,0,0.0,0,0,0,0,van
MVI_40244,102,766,816,51,51,0,0.0,0.0,0.0,0,0,0.0,0,0,0,0,car
MVI_40244,103,781,831,51,51,0,0.0,0.0,0.0,0,0,0.0,0,0,0,0,car
MVI_40244,104,786,836,51,51,46,0.902,0.2659,0.5071,1,46,1.84,0,0,0,0,car
MVI_40244,105,796,851,56,56,0,0.0,0.0,0.0,0,0,0.0,0,0,0,0,car
MVI_40244,106,816,871,56,56,0,0.0,0.0,0.0,0,0,0.0,0,0,0,0,van
MVI_40244,107,816,866,51,51,0,0.0,0.0,0.0,0,0,0.0,0,0,0,0,car
MVI_40244,108,826,876,51,51,0,0.0,0.0,0.0,0,0,0.0,0,0,0,0,car
MVI_40244,109,826,881,56,56,0,0.0,0.0,0.0,0,0,0.0,0,0,0,0,car
MVI_40244,110,836,891,56,56,51,0.9107,0.4227,0.7185,1,51,2.04,0,0,0,0,car
MVI_40244,111,846,906,61,61,0,0.0,0.0,0.0,0,0,0.0,0,0,0,0,car
MVI_40244,112,851,906,56,56,0,0.0,0.0,0.0,0,0,0.0,0,0,0,0,car
MVI_40244,113,856,906,51,51,0,0.0,0.0,0.0,0,0,0.0,0,0,0,0,van
MVI_40244,114,886,941,56,56,0,0.0,0.0,0.0,0,0,0.0,0,0,0,0,car
MVI_40244,115,891,941,51,51,0,0.0,0.0,0.0,0,0,0.0,0,0,0,0,car
MVI_40244,116,901,951,51,51,0,0.0,0.0,0.0,0,0,0.0,0,0,0,0,car
MVI_40244,117,906,966,61,61,0,0.0,0.0,0.0,0,0,0.0,0,0,0,0,car
MVI_40244,118,916,966,51,51,0,0.0,0.0,0.0,0,0,0.0,0,0,0,0,car
MVI_40244,119,926,986,61,61,0,0.0,0.0,0.0,0,0,0.0,0,0,0,0,bus
MVI_40244,120,946,1001,56,56,0,0.0,0.0,0.0,0,0,0.0,0,0,0,0,car
MVI_40244,121,976,1031,56,56,0,0.0,0.0,0.0,0,0,0.0,0,0,0,0,car
MVI_40244,122,981,1031,51,51,0,0.0,0.0,0.0,0,0,0.0,0,0,0,0,car
MVI_40244,123,986,1026,41,41,0,0.0,0.0,0.0,0,0,0.0,0,0,0,0,car
MVI_40244,124,986,1041,56,56,50,0.8929,0.2627,0.4993,1,50,2.0,0,0,0,0,car
MVI_40244,125,996,1061,66,66,0,0.0,0.0,0.0,0,0,0.0,0,0,0,0,van
MVI_40244,126,1011,1066,56,56,0,0.0,0.0,0.0,0,0,0.0,0,0,0,0,car
MVI_40244,127,1011,1066,56,56,0,0.0,0.0,0.0,0,0,0.0,0,0,0,0,car
MVI_40244,128,1021,1081,61,61,0,0.0,0.0,0.0,0,0,0.0,0,0,0,0,car
MVI_40244,129,1031,1096,66,66,0,0.0,0.0,0.0,0,0,0.0,0,0,0,0,car
MVI_40244,130,1046,1086,41,41,38,0.9268,0.2526,0.4213,1,38,1.52,0,0,0,0,car
MVI_40244,131,1061,1116,56,56,0,0.0,0.0,0.0,0,0,0.0,0,0,0,0,car
MVI_40244,132,1061,1111,51,51,0,0.0,0.0,0.0,0,0,0.0,0,0,0,0,car
MVI_40244,133,1066,1131,66,66,0,0.0,0.0,0.0,0,0,0.0,0,0,0,0,car
MVI_40244,134,1071,1121,51,51,0,0.0,0.0,0.0,0,0,0.0,0,0,0,0,car
MVI_40244,135,1076,1141,66,66,0,0.0,0.0,0.0,0,0,0.0,0,0,0,0,car
MVI_40244,136,1091,1141,51,51,47,0.9216,0.2987,0.5176,1,47,1.88,0,0,0,0,car
MVI_40244,137,1096,1146,51,51,0,0.0,0.0,0.0,0,0,0.0,0,0,0,0,car
MVI_40244,138,1116,1181,66,66,0,0.0,0.0,0.0,0,0,0.0,0,0,0,0,car
MVI_40244,139,1131,1191,61,61,0,0.0,0.0,0.0,0,0,0.0,0,0,0,0,car
MVI_40244,140,1136,1186,51,51,0,0.0,0.0,0.0,0,0,0.0,0,0,0,0,car
MVI_40244,141,1136,1196,61,61,0,0.0,0.0,0.0,0,0,0.0,0,0,0,0,bus
MVI_40244,142,1141,1196,56,56,18,0.3214,0.0845,0.4028,1,18,0.72,0,0,0,0,car
MVI_40244,143,1161,1211,51,51,19,0.3725,0.0867,0.3492,1,19,0.76,0,0,0,0,car
MVI_40244,144,1181,1236,56,56,0,0.0,0.0,0.0,0,0,0.0,0,0,0,0,van
MVI_40244,145,1186,1251,66,66,59,0.8939,0.3452,0.4937,1,59,2.36,0,0,0,0,van
MVI_40244,146,1186,1251,66,66,0,0.0,0.0,0.0,0,0,0.0,0,0,0,0,car
MVI_40244,147,1211,1276,66,66,0,0.0,0.0,0.0,0,0,0.0,0,0,0,0,car
MVI_40244,148,1211,1271,61,61,40,0.6557,0.1773,0.6788,1,40,1.6,0,0,0,0,car
MVI_40244,149,1231,1286,56,56,0,0.0,0.0,0.0,0,0,0.0,0,0,0,0,car
MVI_40244,150,1241,1311,71,71,63,0.8873,0.2784,0.4704,1,63,2.52,0,0,0,0,car
MVI_40244,151,1256,1321,66,66,0,0.0,0.0,0.0,0,0,0.0,0,0,0,0,van
MVI_40244,152,1256,1306,51,51,0,0.0,0.0,0.0,0,0,0.0,0,0,0,0,car
MVI_40244,153,1271,1326,56,56,0,0.0,0.0,0.0,0,0,0.0,0,0,0,0,car
MVI_40244,154,1276,1341,66,66,0,0.0,0.0,0.0,0,0,0.0,0,0,0,0,car
MVI_40244,155,1281,1336,56,56,0,0.0,0.0,0.0,0,0,0.0,0,0,0,0,car
MVI_40244,156,1296,1345,50,50,0,0.0,0.0,0.0,0,0,0.0,0,0,0,0,car
MVI_40244,157,1296,1345,50,50,50,1.0,0.2957,0.5322,1,50,2.0,0,0,0,0,car
MVI_40244,158,1301,1345,45,45,45,1.0,0.3446,0.474,1,45,1.8,0,0,0,0,car
MVI_40244,159,1306,1345,40,40,0,0.0,0.0,0.0,0,0,0.0,0,0,0,0,car
MVI_40244,160,1321,1345,25,25,0,0.0,0.0,0.0,0,0,0.0,0,0,0,0,car
MVI_40244,161,1331,1345,15,15,0,0.0,0.0,0.0,0,0,0.0,0,0,0,0,car
MVI_40244,162,1345,1345,1,1,0,0.0,0.0,0.0,0,0,0.0,0,0,0,0,car
MVI_40732,1,1,26,26,26,0,0.0,0.0,0.0,0,0,0.0,0,0,0,0,bus
MVI_40732,2,1,2120,2120,2120,220,0.1038,0.0541,1.0,8,44,1.76,3,21,0,0,car
MVI_40732,3,1,16,16,16,0,0.0,0.0,0.0,0,0,0.0,0,0,0,0,car
MVI_40732,4,1,86,86,86,0,0.0,0.0,0.0,0,0,0.0,0,0,0,0,car
MVI_40732,5,1,101,101,101,37,0.3663,0.076,0.2382,2,28,1.12,0,0,0,0,car
MVI_40732,6,1,1046,1046,1046,174,0.1663,0.0521,0.4367,1,174,6.96,0,0,0,0,car
MVI_40732,7,1,1131,1131,1131,1100,0.9726,0.3419,0.5264,1,1100,44.0,0,0,0,0,car
MVI_40732,8,1,126,126,126,0,0.0,0.0,0.0,0,0,0.0,0,0,0,0,others
MVI_40732,9,1,171,171,171,0,0.0,0.0,0.0,0,0,0.0,0,0,0,0,bus
MVI_40732,10,11,79,69,69,51,0.7391,0.242,0.7554,1,51,2.04,0,0,0,0,car
MVI_40732,11,11,131,121,121,33,0.2727,0.0646,0.5519,3,26,1.04,0,0,0,0,car
MVI_40732,12,26,106,81,81,0,0.0,0.0,0.0,0,0,0.0,0,0,0,0,car
MVI_40732,13,26,131,106,106,0,0.0,0.0,0.0,0,0,0.0,0,0,0,0,bus
MVI_40732,14,31,111,81,81,73,0.9012,0.8046,1.0,1,73,2.92,2,30,0,0,car
MVI_40732,15,46,136,91,91,79,0.8681,0.4323,0.7261,1,79,3.16,0,0,0,0,car
MVI_40732,16,66,326,261,261,142,0.5441,0.1663,0.5259,3,102,4.08,0,0,0,0,car
MVI_40732,17,96,261,166,166,9,0.0542,0.0161,0.3532,1,9,0.36,0,0,0,0,car
MVI_40732,18,121,216,96,96,0,0.0,0.0,0.0,0,0,0.0,0,0,0,0,car
MVI_40732,19,126,181,56,56,0,0.0,0.0,0.0,0,0,0.0,0,0,0,0,car
MVI_40732,20,161,231,71,71,4,0.0563,0.0196,0.1063,1,4,0.16,0,0,0,0,car
MVI_40732,21,166,216,51,51,0,0.0,0.0,0.0,0,0,0.0,0,0,0,0,car
MVI_40732,23,201,281,81,81,3,0.037,0.0238,0.1148,1,3,0.12,0,0,0,0,car
MVI_40732,24,221,276,56,56,0,0.0,0.0,0.0,0,0,0.0,0,0,0,0,car
MVI_40732,25,236,311,76,76,0,0.0,0.0,0.0,0,0,0.0,0,0,0,0,car
MVI_40732,26,246,291,46,46,0,0.0,0.0,0.0,0,0,0.0,0,0,0,0,car
MVI_40732,27,301,356,56,56,0,0.0,0.0,0.0,0,0,0.0,0,0,0,0,car
MVI_40732,28,336,381,46,46,0,0.0,0.0,0.0,0,0,0.0,0,0,0,0,car
MVI_40732,29,341,411,71,71,0,0.0,0.0,0.0,0,0,0.0,0,0,0,0,car
MVI_40732,30,386,536,151,151,0,0.0,0.0,0.0,0,0,0.0,0,0,0,0,car
MVI_40732,31,401,481,81,81,0,0.0,0.0,0.0,0,0,0.0,0,0,0,0,car
MVI_40732,32,401,441,41,41,0,0.0,0.0,0.0,0,0,0.0,0,0,0,0,car
MVI_40732,33,491,741,251,251,0,0.0,0.0,0.0,0,0,0.0,0,0,0,0,car
MVI_40732,34,501,611,111,111,0,0.0,0.0,0.0,0,0,0.0,0,0,0,0,car
MVI_40732,35,501,541,41,41,0,0.0,0.0,0.0,0,0,0.0,0,0,0,0,car
MVI_40732,36,470,601,132,132,0,0.0,0.0,0.0,0,0,0.0,0,0,0,0,car
MVI_40732,37,571,651,81,81,0,0.0,0.0,0.0,0,0,0.0,0,0,0,0,car
MVI_40732,38,576,621,46,46,0,0.0,0.0,0.0,0,0,0.0,0,0,0,0,car
MVI_40732,39,631,681,51,51,0,0.0,0.0,0.0,0,0,0.0,0,0,0,0,car
MVI_40732,40,631,811,181,181,78,0.4309,0.1101,0.4197,2,67,2.68,0,0,0,0,car
MVI_40732,41,636,711,76,76,0,0.0,0.0,0.0,0,0,0.0,0,0,0,0,car
MVI_40732,42,691,751,61,61,0,0.0,0.0,0.0,0,0,0.0,0,0,0,0,car
MVI_40732,43,711,986,276,276,0,0.0,0.0,0.0,0,0,0.0,0,0,0,0,van
MVI_40732,44,731,791,61,61,0,0.0,0.0,0.0,0,0,0.0,0,0,0,0,car
MVI_40732,45,720,871,152,152,0,0.0,0.0,0.0,0,0,0.0,0,0,0,0,car
MVI_40732,46,806,851,46,46,0,0.0,0.0,0.0,0,0,0.0,0,0,0,0,car
MVI_40732,47,836,881,46,46,0,0.0,0.0,0.0,0,0,0.0,0,0,0,0,car
MVI_40732,48,841,901,61,61,0,0.0,0.0,0.0,0,0,0.0,0,0,0,0,car
MVI_40732,49,931,1011,81,81,0,0.0,0.0,0.0,0,0,0.0,0,0,0,0,bus
MVI_40732,50,1021,1246,226,226,187,0.8274,0.2446,0.5817,1,186,7.44,0,0,0,0,car
MVI_40732,51,1076,1226,151,151,0,0.0,0.0,0.0,0,0,0.0,0,0,0,0,car
MVI_40732,52,1101,1126,26,26,0,0.0,0.0,0.0,0,0,0.0,0,0,0,0,car
MVI_40732,53,1126,1181,56,56,0,0.0,0.0,0.0,0,0,0.0,0,0,0,0,car
MVI_40732,54,1176,1276,101,101,0,0.0,0.0007,0.0171,0,0,0.0,0,0,0,0,car
MVI_40732,55,1196,1331,136,136,0,0.0,0.0,0.0,0,0,0.0,0,0,0,0,car
MVI_40732,56,1271,1396,126,126,0,0.0,0.0,0.0,0,0,0.0,0,0,0,0,car
MVI_40732,57,1416,1606,191,191,44,0.2304,0.0723,0.1948,1,44,1.76,0,0,0,0,bus
MVI_40732,58,1466,1586,121,121,71,0.5868,0.2577,0.6534,1,71,2.84,0,0,0,0,car
MVI_40732,59,1511,1621,111,111,53,0.4775,0.2046,0.6788,1,54,2.16,0,0,0,0,car
MVI_40732,60,1521,1746,226,226,0,0.0,0.0,0.0,0,0,0.0,0,0,0,0,others
MVI_40732,61,1581,1646,66,66,0,0.0,0.0,0.0,0,0,0.0,0,0,0,0,car
MVI_40732,62,1706,1836,131,131,5,0.0382,0.0109,0.2103,1,5,0.2,0,0,0,0,car
MVI_40732,63,1716,1861,146,146,0,0.0,0.0011,0.0408,0,0,0.0,0,0,0,0,car
MVI_40732,64,1746,1926,181,181,37,0.2044,0.0448,0.2861,1,39,1.56,0,0,0,0,car
MVI_40732,65,1756,1886,131,131,108,0.8244,0.2073,0.4372,2,55,2.2,0,0,0,0,car
MVI_40732,66,1761,1886,126,126,0,0.0,0.0,0.0,0,0,0.0,0,0,0,0,car
MVI_40732,67,1876,2006,131,131,0,0.0,0.0,0.0,0,0,0.0,0,0,0,0,car
MVI_40732,68,1936,2076,141,141,43,0.305,0.0673,0.3155,3,20,0.8,0,0,0,0,car
MVI_40732,69,1936,2081,146,146,9,0.0616,0.0113,0.2035,1,9,0.36,0,0,0,0,car
MVI_40732,70,1966,2120,155,155,0,0.0,0.0,0.0,0,0,0.0,0,0,0,0,bus
MVI_40732,71,2036,2120,85,85,0,0.0,0.0,0.0,0,0,0.0,0,0,0,0,car
MVI_40732,72,2086,2120,35,35,34,0.9714,0.1979,0.3079,1,34,1.36,0,0,0,0,car
MVI_40732,73,2086,2120,35,35,0,0.0,0.0,0.0,0,0,0.0,0,0,0,0,car
MVI_40751,1,1,41,41,41,0,0.0,0.0,0.0,0,0,0.0,0,0,0,0,van
MVI_40751,2,6,1145,1140,1140,671,0.5886,0.1841,1.0,5,410,16.4,1,47,0,0,car
MVI_40751,3,1,81,81,81,58,0.716,0.1929,0.3818,1,58,2.32,0,0,0,0,car
MVI_40751,4,1,141,141,141,47,0.3333,0.082,0.2894,1,46,1.84,0,0,0,0,bus
MVI_40751,5,11,156,146,146,19,0.1301,0.0519,0.5552,1,19,0.76,0,0,0,0,car
MVI_40751,6,131,186,56,56,0,0.0,0.0,0.0,0,0,0.0,0,0,0,0,car
MVI_40751,7,116,301,186,186,129,0.6935,0.18,0.4805,3,97,3.88,0,0,0,0,car
MVI_40751,8,226,1145,920,920,635,0.6902,0.3111,0.6502,5,591,23.64,0,0,0,0,bus
MVI_40751,9,291,386,96,96,34,0.3542,0.088,0.3083,1,34,1.36,0,0,0,0,car
MVI_40751,10,321,371,51,51,0,0.0,0.0,0.0,0,0,0.0,0,0,0,0,car
MVI_40751,11,316,471,156,156,120,0.7692,0.1587,0.3603,2,89,3.56,0,0,0,0,car
MVI_40751,12,356,421,66,66,0,0.0,0.0226,0.0991,0,0,0.0,0,0,0,0,car
MVI_40751,13,361,391,31,31,0,0.0,0.0,0.0,0,0,0.0,0,0,0,0,car
MVI_40751,14,376,431,56,56,0,0.0,0.0,0.0,0,0,0.0,0,0,0,0,car
MVI_40751,15,371,1145,775,775,223,0.2877,0.0836,0.3909,1,223,8.92,0,0,0,0,bus
MVI_40751,16,426,491,66,66,0,0.0,0.0,0.0,0,0,0.0,0,0,0,0,car
MVI_40751,17,456,526,71,71,0,0.0,0.0,0.0,0,0,0.0,0,0,0,0,car
MVI_40751,18,461,491,31,31,0,0.0,0.0,0.0,0,0,0.0,0,0,0,0,car
MVI_40751,20,501,566,66,66,0,0.0,0.0,0.0,0,0,0.0,0,0,0,0,car
MVI_40751,21,521,1145,625,625,617,0.9872,0.7599,1.0,2,612,24.48,7,12,0,0,car
MVI_40751,22,546,611,66,66,0,0.0,0.0,0.0,0,0,0.0,0,0,0,0,car
MVI_40751,23,581,646,66,66,15,0.2273,0.0557,0.1826,2,11,0.44,0,0,0,0,car
MVI_40751,24,601,646,46,46,0,0.0,0.0,0.0,0,0,0.0,0,0,0,0,car
MVI_40751,25,611,686,76,76,0,0.0,0.0,0.0,0,0,0.0,0,0,0,0,car
MVI_40751,26,646,696,51,51,0,0.0,0.0,0.0,0,0,0.0,0,0,0,0,car
MVI_40751,27,706,741,36,36,0,0.0,0.0,0.0,0,0,0.0,0,0,0,0,car
MVI_40751,28,741,1145,405,405,18,0.0444,0.009,0.2536,2,15,0.6,0,0,0,0,car
MVI_40751,29,776,1145,370,370,23,0.0622,0.0148,0.2327,1,23,0.92,0,0,0,0,car
MVI_40751,30,834,924,91,91,0,0.0,0.0,0.0,0,0,0.0,0,0,0,0,others
MVI_40751,31,861,903,43,43,41,0.9535,0.5595,0.8692,1,41,1.64,0,0,0,0,car
MVI_40751,32,851,1116,266,266,172,0.6466,0.2072,0.4911,1,172,6.88,0,0,0,0,car
MVI_40751,33,876,1145,270,270,14,0.0519,0.0088,0.158,1,14,0.56,0,0,0,0,car
MVI_40751,34,881,941,61,61,0,0.0,0.0,0.0,0,0,0.0,0,0,0,0,car
MVI_40751,35,926,1081,156,156,23,0.1474,0.0251,0.2036,1,23,0.92,0,0,0,0,car
MVI_40751,36,951,1145,195,195,77,0.3949,0.0907,0.3967,1,77,3.08,0,0,0,0,car
MVI_40751,37,971,1031,61,61,0,0.0,0.0,0.0,0,0,0.0,0,0,0,0,car
MVI_40751,38,1006,1145,140,140,62,0.4429,0.0883,0.2535,2,49,1.96,0,0,0,0,car
MVI_40751,39,1051,1101,51,51,0,0.0,0.0,0.0,0,0,0.0,0,0,0,0,car
MVI_40751,40,1066,1145,80,80,0,0.0,0.0,0.0,0,0,0.0,0,0,0,0,car
MVI_40751,41,1101,1145,45,45,45,1.0,0.4114,0.5558,1,45,1.8,0,0,0,0,car
MVI_40751,42,1136,1145,10,10,0,0.0,0.0,0.0,0,0,0.0,0,0,0,0,car
MVI_40752,1,1,6,6,6,1,0.1667,0.0381,0.1618,0,0,0.0,0,0,0,0,car
MVI_40752,2,1,41,41,41,40,0.9756,0.708,0.8731,1,40,1.6,0,0,0,0,car
MVI_40752,3,1,56,56,56,0,0.0,0.0,0.0,0,0,0.0,0,0,0,0,bus
MVI_40752,4,6,91,86,86,83,0.9651,0.6803,0.8451,1,83,3.32,0,0,0,0,car
MVI_40752,5,41,121,81,81,76,0.9383,0.8216,1.0,1,76,3.04,4,26,0,0,car
MVI_40752,6,41,131,91,91,80,0.8791,0.1509,0.2827,2,49,1.96,0,0,0,0,car
MVI_40752,7,56,146,91,91,0,0.0,0.0,0.0,0,0,0.0,0,0,0,0,car
MVI_40752,8,71,166,96,96,0,0.0,0.0,0.0,0,0,0.0,0,0,0,0,van
MVI_40752,9,71,186,116,116,21,0.181,0.0342,0.2563,1,21,0.84,0,0,0,0,car
MVI_40752,10,81,161,81,81,47,0.5802,0.1615,0.5505,3,38,1.52,0,0,0,0,car
MVI_40752,11,86,176,91,91,87,0.956,0.6924,0.9243,1,87,3.48,1,1,0,0,car
MVI_40752,12,96,181,86,86,0,0.0,0.0,0.0,0,0,0.0,0,0,0,0,car
MVI_40752,13,106,201,96,96,0,0.0,0.0,0.0,0,0,0.0,0,0,0,0,car
MVI_40752,14,111,201,91,91,88,0.967,0.8141,1.0,1,88,3.52,2,38,0,0,car
MVI_40752,15,131,251,121,121,0,0.0,0.0,0.0,0,0,0.0,0,0,0,0,car
MVI_40752,16,136,226,91,91,0,0.0,0.0,0.0,0,0,0.0,0,0,0,0,car
MVI_40752,17,161,256,96,96,46,0.4792,0.1787,0.5683,1,46,1.84,0,0,0,0,car
MVI_40752,18,166,296,131,131,0,0.0,0.0,0.0,0,0,0.0,0,0,0,0,car
MVI_40752,19,171,246,76,76,0,0.0,0.0,0.0,0,0,0.0,0,0,0,0,car
MVI_40752,20,171,265,95,95,90,0.9474,0.6675,0.9302,1,90,3.6,3,4,0,0,car
MVI_40752,21,46,61,16,16,0,0.0,0.0,0.0,0,0,0.0,0,0,0,0,car
MVI_40752,22,136,206,71,71,0,0.0,0.0,0.0,0,0,0.0,0,0,0,0,car
MVI_40752,23,156,176,21,21,21,1.0,0.9666,0.9943,1,21,0.84,1,21,0,0,car
MVI_40752,24,161,246,86,86,0,0.0,0.0,0.0,0,0,0.0,0,0,0,0,car
MVI_40752,28,186,274,89,89,58,0.6517,0.1185,0.2024,3,29,1.16,0,0,0,0,car
MVI_40752,29,196,275,80,80,61,0.7625,0.3921,0.8619,1,61,2.44,0,0,0,0,car
MVI_40752,30,196,284,89,89,86,0.9663,0.7376,0.9506,1,85,3.4,2,11,0,0,car
MVI_40752,31,226,341,116,116,0,0.0,0.0,0.0,0,0,0.0,0,0,0,0,car
MVI_40752,32,231,326,96,96,0,0.0,0.0,0.0,0,0,0.0,0,0,0,0,car
MVI_40752,33,241,316,76,76,0,0.0,0.0,0.0,0,0,0.0,0,0,0,0,car
MVI_40752,34,271,341,71,71,71,1.0,0.8713,0.9924,1,71,2.84,5,13,0,0,car
MVI_40752,35,271,381,111,111,0,0.0,0.0,0.0,0,0,0.0,0,0,0,0,car
MVI_40752,36,286,386,101,101,36,0.3564,0.0996,1.0,3,29,1.16,1,1,0,0,car
MVI_40752,37,291,391,101,101,91,0.901,0.2189,0.323,1,91,3.64,0,0,0,0,van
MVI_40752,38,291,370,80,80,0,0.0,0.0,0.0,0,0,0.0,0,0,0,0,van
MVI_40752,39,306,390,85,85,80,0.9412,0.779,1.0,1,80,3.2,1,35,0,0,car
MVI_40752,40,311,421,111,111,0,0.0,0.0,0.0,0,0,0.0,0,0,0,0,car
MVI_40752,41,341,426,86,86,0,0.0,0.0,0.0,0,0,0.0,0,0,0,0,car
MVI_40752,42,346,456,111,111,0,0.0,0.0,0.0,0,0,0.0,0,0,0,0,car
MVI_40752,43,336,406,71,71,0,0.0,0.0,0.0,0,0,0.0,0,0,0,0,car
MVI_40752,44,371,461,91,91,88,0.967,0.3177,0.6104,1,88,3.52,0,0,0,0,car
MVI_40752,45,371,446,76,76,74,0.9737,0.7243,0.9791,1,74,2.96,2,4,0,0,car
MVI_40752,46,381,491,111,111,0,0.0,0.0,0.0,0,0,0.0,0,0,0,0,car
MVI_40752,47,386,466,81,81,0,0.0,0.0,0.0,0,0,0.0,0,0,0,0,car
MVI_40752,48,386,461,76,76,16,0.2105,0.0633,0.3203,1,15,0.6,0,0,0,0,car
MVI_40752,49,406,501,96,96,0,0.0,0.0,0.0,0,0,0.0,0,0,0,0,car
MVI_40752,50,416,496,81,81,81,1.0,0.6497,0.8351,1,81,3.24,0,0,0,0,car
MVI_40752,51,426,531,106,106,0,0.0,0.0,0.0,0,0,0.0,0,0,0,0,car
MVI_40752,52,431,531,101,101,0,0.0,0.0,0.0,0,0,0.0,0,0,0,0,car
MVI_40752,53,446,526,81,81,0,0.0,0.0,0.0,0,0,0.0,0,0,0,0,car
MVI_40752,54,471,561,91,91,55,0.6044,0.2526,0.4991,1,55,2.2,0,0,0,0,car
MVI_40752,55,471,555,85,85,81,0.9529,0.7951,1.0,1,81,3.24,3,37,0,0,car
MVI_40752,56,471,571,101,101,0,0.0,0.0,0.0,0,0,0.0,0,0,0,0,car
MVI_40752,57,506,596,91,91,0,0.0,0.0,0.0,0,0,0.0,0,0,0,0,car
MVI_40752,58,511,591,81,81,77,0.9506,0.4839,0.7559,1,77,3.08,0,0,0,0,van
MVI_40752,59,516,616,101,101,0,0.0,0.0,0.0,0,0,0.0,0,0,0,0,car
MVI_40752,60,526,616,91,91,61,0.6703,0.1348,0.3196,2,45,1.8,0,0,0,0,car
MVI_40752,61,536,626,91,91,0,0.0,0.0,0.0,0,0,0.0,0,0,0,0,car
MVI_40752,62,541,621,81,81,0,0.0,0.0,0.0,0,0,0.0,0,0,0,0,car
MVI_40752,63,556,656,101,101,35,0.3465,0.0576,0.1752,2,31,1.24,0,0,0,0,car
MVI_40752,64,561,641,81,81,0,0.0,0.0,0.0,0,0,0.0,0,0,0,0,car
MVI_40752,65,566,681,116,116,0,0.0,0.0,0.0,0,0,0.0,0,0,0,0,van
MVI_40752,66,576,676,101,101,0,0.0,0.0,0.0,0,0,0.0,0,0,0,0,car
MVI_40752,67,540,626,87,87,0,0.0,0.0,0.0,0,0,0.0,0,0,0,0,car
MVI_40752,68,631,746,116,116,27,0.2328,0.0591,0.3549,1,27,1.08,0,0,0,0,car
MVI_40752,69,646,736,91,91,29,0.3187,0.1562,1.0,3,16,0.64,1,4,0,0,car
MVI_40752,70,648,746,99,99,0,0.0,0.0,0.0,0,0,0.0,0,0,0,0,car
MVI_40752,71,659,746,88,88,11,0.125,0.0239,0.2064,1,11,0.44,0,0,0,0,car
MVI_40752,72,686,766,81,81,76,0.9383,0.3246,0.5117,1,76,3.04,0,0,0,0,car
MVI_40752,73,696,806,111,111,0,0.0,0.0,0.0,0,0,0.0,0,0,0,0,others
MVI_40752,74,701,786,86,86,0,0.0,0.0,0.0,0,0,0.0,0,0,0,0,car
MVI_40752,75,706,821,116,116,0,0.0,0.0,0.0,0,0,0.0,0,0,0,0,car
MVI_40752,76,731,811,81,81,81,1.0,0.9131,1.0,1,81,3.24,2,36,0,0,car
MVI_40752,77,736,841,106,106,0,0.0,0.0,0.0,0,0,0.0,0,0,0,0,van
MVI_40752,78,710,801,92,92,49,0.5326,0.2571,1.0,2,30,1.2,1,15,0,0,car
MVI_40752,79,746,856,111,111,0,0.0,0.0,0.0,0,0,0.0,0,0,0,0,car
MVI_40752,80,776,781,6,6,6,1.0,0.9731,1.0,1,6,0.24,1,6,0,0,car
MVI_40752,81,791,881,91,91,91,1.0,0.9887,1.0,1,91,3.64,1,91,0,0,bus
MVI_40752,82,816,896,81,81,0,0.0,0.0,0.0,0,0,0.0,0,0,0,0,car
MVI_40752,83,821,886,66,66,66,1.0,0.8303,1.0,1,66,2.64,2,28,0,0,car
MVI_40752,84,826,916,91,91,11,0.1209,0.0182,0.2095,1,11,0.44,0,0,0,0,car
MVI_40752,85,831,941,111,111,0,0.0,0.0,0.0,0,0,0.0,0,0,0,0,car
MVI_40752,86,836,916,81,81,76,0.9383,0.196,0.3367,2,68,2.72,0,0,0,0,car
MVI_40752,90,786,856,71,71,69,0.9718,0.73,0.9869,1,69,2.76,2,6,0,0,car
MVI_40752,91,856,966,111,111,0,0.0,0.0,0.0,0,0,0.0,0,0,0,0,car
MVI_40752,92,881,946,66,66,64,0.9697,0.9479,1.0,1,64,2.56,1,64,0,0,car
MVI_40752,93,886,991,106,106,0,0.0,0.0,0.0,0,0,0.0,0,0,0,0,car
MVI_40752,94,901,996,96,96,87,0.9062,0.168,0.3448,1,94,3.76,0,0,0,0,car
MVI_40752,95,926,1031,106,106,0,0.0,0.0,0.0,0,0,0.0,0,0,0,0,car
MVI_40752,96,951,1026,76,76,20,0.2632,0.0721,0.3593,1,20,0.8,0,0,0,0,car
MVI_40752,97,951,1036,86,86,84,0.9767,0.7059,0.8877,1,84,3.36,0,0,0,0,car
MVI_40752,98,961,1026,66,66,53,0.803,0.7021,1.0,1,53,2.12,1,40,0,0,car
MVI_40752,99,986,1076,91,91,89,0.978,0.8433,0.9945,1,89,3.56,2,31,0,0,car
MVI_40752,100,986,1086,101,101,0,0.0,0.0,0.0,0,0,0.0,0,0,0,0,car
MVI_40752,101,996,1066,71,71,64,0.9014,0.879,1.0,2,55,2.2,2,55,0,0,car
MVI_40752,102,1031,1136,106,106,31,0.2925,0.1206,0.5628,1,31,1.24,0,0,0,0,car
MVI_40752,103,1036,1116,81,81,79,0.9753,0.2148,0.4108,1,79,3.16,0,0,0,0,van
MVI_40752,104,1046,1121,76,76,0,0.0,0.0,0.0,0,0,0.0,0,0,0,0,car
MVI_40752,105,1046,1136,91,91,36,0.3956,0.0784,0.2706,1,36,1.44,0,0,0,0,car
MVI_40752,106,1076,1161,86,86,0,0.0,0.0,0.0,0,0,0.0,0,0,0,0,car
MVI_40752,107,1086,1176,91,91,88,0.967,0.689,0.9637,1,88,3.52,2,7,0,0,car
MVI_40752,108,1091,1181,91,91,76,0.8352,0.3061,0.5541,2,74,2.96,0,0,0,0,car
MVI_40752,109,1101,1201,101,101,0,0.0,0.0,0.0,0,0,0.0,0,0,0,0,van
MVI_40752,110,1121,1231,111,111,0,0.0,0.0,0.0,0,0,0.0,0,0,0,0,van
MVI_40752,111,1151,1216,66,66,63,0.9545,0.4577,0.9927,1,63,2.52,3,3,0,0,car
MVI_40752,112,1151,1226,76,76,61,0.8026,0.284,0.7497,1,61,2.44,0,0,0,0,car
MVI_40752,113,1151,1231,81,81,70,0.8642,0.2027,0.4316,2,48,1.92,0,0,0,0,car
MVI_40752,114,1176,1266,91,91,0,0.0,0.0,0.0,0,0,0.0,0,0,0,0,car
MVI_40752,115,1191,1291,101,101,0,0.0,0.0,0.0,0,0,0.0,0,0,0,0,car
MVI_40752,116,1196,1286,91,91,86,0.9451,0.5263,0.7771,1,86,3.44,0,0,0,0,car
MVI_40752,117,1201,1296,96,96,0,0.0,0.0,0.0,0,0,0.0,0,0,0,0,car
MVI_40752,118,1221,1301,81,81,0,0.0,0.0,0.0,0,0,0.0,0,0,0,0,car
MVI_40752,119,1221,1321,101,101,0,0.0,0.0,0.0,0,0,0.0,0,0,0,0,car
MVI_40752,120,1261,1346,86,86,0,0.0,0.0,0.0,0,0,0.0,0,0,0,0,car
MVI_40752,121,1266,1351,86,86,81,0.9419,0.7101,0.9113,1,81,3.24,1,1,0,0,car
MVI_40752,122,1271,1351,81,81,0,0.0,0.0,0.0,0,0,0.0,0,0,0,0,van
MVI_40752,123,1291,1371,81,81,77,0.9506,0.5524,0.7826,1,77,3.08,0,0,0,0,car
MVI_40752,124,1291,1396,106,106,0,0.0,0.0,0.0,0,0,0.0,0,0,0,0,van
MVI_40752,125,1301,1386,86,86,9,0.1047,0.0287,0.1836,1,9,0.36,0,0,0,0,others
MVI_40752,126,1311,1416,106,106,0,0.0,0.0,0.0,0,0,0.0,0,0,0,0,car
MVI_40752,127,1321,1406,86,86,0,0.0,0.0,0.0,0,0,0.0,0,0,0,0,car
MVI_40752,128,1326,1421,96,96,0,0.0,0.0,0.0,0,0,0.0,0,0,0,0,car
MVI_40752,129,1326,1386,61,61,61,1.0,0.481,0.5832,1,61,2.44,0,0,0,0,van
MVI_40752,130,1326,1406,81,81,78,0.963,0.6122,0.7885,1,78,3.12,0,0,0,0,car
MVI_40752,131,1341,1426,86,86,0,0.0,0.0,0.0,0,0,0.0,0,0,0,0,van
MVI_40752,132,1351,1431,81,81,77,0.9506,0.5584,0.8181,1,77,3.08,0,0,0,0,car
MVI_40752,133,1361,1451,91,91,86,0.9451,0.4476,0.631,1,86,3.44,0,0,0,0,car
MVI_40752,134,1376,1466,91,91,0,0.0,0.0,0.0,0,0,0.0,0,0,0,0,car
MVI_40752,135,1381,1456,76,76,0,0.0,0.0,0.0,0,0,0.0,0,0,0,0,car
MVI_40752,136,1391,1506,116,116,0,0.0,0.0,0.0,0,0,0.0,0,0,0,0,car
MVI_40752,137,1406,1481,76,76,74,0.9737,0.5264,0.7238,1,74,2.96,0,0,0,0,car
MVI_40752,138,1416,1516,101,101,35,0.3465,0.1637,0.8092,1,35,1.4,0,0,0,0,car
MVI_40752,139,1426,1501,76,76,41,0.5395,0.1386,0.4039,1,41,1.64,0,0,0,0,car
MVI_40752,140,1426,1511,86,86,81,0.9419,0.1835,0.2949,1,81,3.24,0,0,0,0,car
MVI_40752,141,1441,1491,51,51,51,1.0,0.8378,0.9964,1,51,2.04,1,31,0,0,car
MVI_40752,142,1446,1616,171,171,0,0.0,0.0,0.0,0,0,0.0,0,0,0,0,bus
MVI_40752,143,1461,1565,105,105,105,1.0,0.9999,1.0,1,105,4.2,1,105,0,0,car
MVI_40752,144,1471,1526,56,56,20,0.3571,0.125,0.6664,1,20,0.8,0,0,0,0,car
MVI_40752,145,1486,1571,86,86,0,0.0,0.0,0.0,0,0,0.0,0,0,0,0,car
MVI_40752,146,1500,1593,94,94,70,0.7447,0.4128,0.8196,1,69,2.76,0,0,0,0,car
MVI_40752,147,1501,1536,36,36,36,1.0,0.9711,1.0,1,36,1.44,1,36,0,0,car
MVI_40752,148,1506,1611,106,106,36,0.3396,0.0748,0.2218,2,25,1.0,0,0,0,0,car
MVI_40752,149,1526,1601,76,76,28,0.3684,0.0813,0.1582,2,24,0.96,0,0,0,0,van
MVI_40752,150,1526,1586,61,61,61,1.0,0.9754,1.0,1,61,2.44,1,61,0,0,car
MVI_40752,151,1536,1696,161,161,0,0.0,0.0,0.0,0,0,0.0,0,0,0,0,bus
MVI_40752,152,1551,1631,81,81,79,0.9753,0.2405,0.3248,1,79,3.16,0,0,0,0,car
MVI_40752,153,1551,1651,101,101,101,1.0,0.9984,1.0,1,101,4.04,1,101,0,0,car
MVI_40752,154,1576,1676,101,101,96,0.9505,0.421,0.5963,1,96,3.84,0,0,0,0,car
MVI_40752,155,1581,1664,84,84,67,0.7976,0.4652,0.8187,1,67,2.68,0,0,0,0,car
MVI_40752,156,1591,1666,76,76,0,0.0,0.0,0.0,0,0,0.0,0,0,0,0,car
MVI_40752,157,1596,1691,96,96,0,0.0,0.0,0.0,0,0,0.0,0,0,0,0,car
MVI_40752,158,1606,1681,76,76,70,0.9211,0.1865,0.2985,1,70,2.8,0,0,0,0,car
MVI_40752,159,1611,1701,91,91,87,0.956,0.4515,0.6861,1,87,3.48,0,0,0,0,van
MVI_40752,160,1621,1721,101,101,0,0.0,0.0,0.0,0,0,0.0,0,0,0,0,car
MVI_40752,161,1626,1691,66,66,66,1.0,0.9754,1.0,1,66,2.64,1,66,0,0,car
MVI_40752,162,1626,1736,111,111,0,0.0,0.0,0.0,0,0,0.0,0,0,0,0,car
MVI_40752,163,1641,1736,96,96,90,0.9375,0.6297,0.8856,1,90,3.6,0,0,0,0,car
MVI_40752,164,1666,1781,116,116,38,0.3276,0.0817,0.3247,1,38,1.52,0,0,0,0,car
MVI_40752,165,1671,1741,71,71,0,0.0,0.0,0.0,0,0,0.0,0,0,0,0,car
MVI_40752,166,1681,1796,116,116,0,0.0,0.0,0.0,0,0,0.0,0,0,0,0,car
MVI_40752,167,1686,1776,91,91,89,0.978,0.7115,0.9026,1,89,3.56,1,1,0,0,car
MVI_40752,168,1686,1756,71,71,0,0.0,0.0,0.0,0,0,0.0,0,0,0,0,van
MVI_40752,169,1691,1811,121,121,0,0.0,0.0,0.0,0,0,0.0,0,0,0,0,van
MVI_40752,170,1726,1841,116,116,0,0.0,0.0,0.0,0,0,0.0,0,0,0,0,car
MVI_40752,171,1726,1831,106,106,101,0.9528,0.7437,0.9234,1,101,4.04,3,3,0,0,car
MVI_40752,172,1726,1821,96,96,0,0.0,0.0,0.0,0,0,0.0,0,0,0,0,car
MVI_40752,173,1736,1796,61,61,61,1.0,0.9762,1.0,1,61,2.44,1,61,0,0,car
MVI_40752,174,1741,1851,111,111,33,0.2973,0.0509,0.2276,1,33,1.32,0,0,0,0,car
MVI_40752,175,1756,1871,116,116,21,0.181,0.0313,0.2281,1,21,0.84,0,0,0,0,car
MVI_40752,176,1781,1896,116,116,0,0.0,0.0,0.0,0,0,0.0,0,0,0,0,car
MVI_40752,177,1786,1871,86,86,0,0.0,0.0,0.0,0,0,0.0,0,0,0,0,car
MVI_40752,178,1786,1871,86,86,80,0.9302,0.1873,0.2805,1,80,3.2,0,0,0,0,car
MVI_40752,179,1796,1856,61,61,46,0.7541,0.6722,1.0,1,48,1.92,1,41,0,0,car
MVI_40752,180,1816,1936,121,121,23,0.1901,0.0406,0.2457,1,23,0.92,0,0,0,0,car
MVI_40752,181,1821,1906,86,86,51,0.593,0.1186,0.2212,4,21,0.84,0,0,0,0,car
MVI_40752,182,1841,1946,106,106,17,0.1604,0.0366,0.2473,1,17,0.68,0,0,0,0,car
MVI_40752,183,1846,1911,66,66,56,0.8485,0.7249,1.0,1,56,2.24,1,47,0,0,car
MVI_40752,184,1846,1936,91,91,86,0.9451,0.5659,0.7642,1,86,3.44,0,0,0,0,car
MVI_40752,185,1846,1926,81,81,61,0.7531,0.2876,0.4695,1,61,2.44,0,0,0,0,car
MVI_40752,186,1861,1926,66,66,0,0.0,0.0,0.0,0,0,0.0,0,0,0,0,car
MVI_40752,187,1876,1966,91,91,70,0.7692,0.137,0.2358,4,32,1.28,0,0,0,0,car
MVI_40752,188,1901,1976,76,76,71,0.9342,0.7803,1.0,1,71,2.84,1,59,0,0,car
MVI_40752,189,1906,2016,111,111,0,0.0,0.0,0.0,0,0,0.0,0,0,0,0,car
MVI_40752,190,1911,1991,81,81,79,0.9753,0.6185,0.8376,1,79,3.16,0,0,0,0,car
MVI_40752,191,1916,1996,81,81,0,0.0,0.0,0.0,0,0,0.0,0,0,0,0,van
MVI_40752,192,1926,1991,66,66,0,0.0,0.0,0.0,0,0,0.0,0,0,0,0,car
MVI_40752,193,1946,2025,80,80,0,0.0,0.0,0.0,0,0,0.0,0,0,0,0,car
MVI_40752,194,1956,2025,70,70,0,0.0,0.0,0.0,0,0,0.0,0,0,0,0,car
MVI_40752,195,2001,2025,25,25,25,1.0,0.9791,1.0,1,25,1.0,1,25,0,0,car
MVI_40752,196,2006,2025,20,20,0,0.0,0.0,0.0,0,0,0.0,0,0,0,0,car
MVI_40752,197,256,290,35,35,35,1.0,0.9819,1.0,1,35,1.4,1,35,0,0,car
MVI_40752,198,640,680,41,41,41,1.0,0.9379,1.0,1,41,1.64,1,33,0,0,car
MVI_40752,199,1590,1631,42,42,42,1.0,0.9711,0.9984,1,42,1.68,1,42,0,0,car
MVI_40871,1,1,176,176,176,13,0.0739,0.0402,0.7538,1,13,0.52,0,0,0,0,car
MVI_40871,2,1,381,381,381,82,0.2152,0.0722,0.6716,4,28,1.12,0,0,0,0,car
MVI_40871,3,1,856,856,856,126,0.1472,0.0542,0.6096,5,32,1.28,0,0,0,0,car
MVI_40871,4,1,1331,1331,1331,225,0.169,0.0781,0.7954,4,141,5.64,0,0,0,0,car
MVI_40871,5,1,41,41,41,0,0.0,0.0,0.0,0,0,0.0,0,0,0,0,car
MVI_40871,6,1,136,136,136,0,0.0,0.0,0.0,0,0,0.0,0,0,0,0,car
MVI_40871,7,16,226,211,211,0,0.0,0.0,0.0,0,0,0.0,0,0,0,0,car
MVI_40871,8,76,1720,1645,1645,239,0.1453,0.0614,0.6637,2,211,8.44,0,0,0,0,van
MVI_40871,9,146,331,186,186,0,0.0,0.0,0.0,0,0,0.0,0,0,0,0,van
MVI_40871,10,201,1720,1520,1520,1127,0.7414,0.3533,0.7753,1,1127,45.08,0,0,0,0,car
MVI_40871,11,306,1720,1415,1415,579,0.4092,0.2132,0.8071,2,491,19.64,0,0,0,0,car
MVI_40871,12,351,506,156,156,0,0.0,0.0,0.0,0,0,0.0,0,0,0,0,car
MVI_40871,13,1556,1720,165,165,83,0.503,0.178,0.404,1,83,3.32,0,0,0,0,car
MVI_40871,14,1666,1720,55,55,0,0.0,0.0,0.0,0,0,0.0,0,0,0,0,car
MVI_40871,15,636,806,171,171,0,0.0,0.0,0.0,0,0,0.0,0,0,0,0,car
MVI_40871,16,76,161,86,86,63,0.7326,0.2442,0.6893,4,23,0.92,0,0,0,0,car
MVI_40871,17,121,206,86,86,84,0.9767,0.3999,0.7375,1,86,3.44,0,0,0,0,car
MVI_40871,18,206,296,91,91,82,0.9011,0.4428,0.8309,2,41,1.64,0,0,0,0,car
MVI_40871,19,271,361,91,91,91,1.0,0.3898,0.6065,1,91,3.64,0,0,0,0,car
MVI_40871,20,501,591,91,91,81,0.8901,0.329,0.764,2,60,2.4,0,0,0,0,car
MVI_40871,21,571,1720,1150,1150,1150,1.0,0.5825,0.6967,1,1150,46.0,0,0,0,0,car
MVI_40871,22,1,1720,1720,1720,79,0.0459,0.0135,0.3804,2,41,1.64,0,0,0,0,van
MVI_40871,23,1,1720,1720,1720,29,0.0169,0.0054,0.3881,1,29,1.16,0,0,0,0,car
MVI_40871,24,1,1720,1720,1720,1692,0.9837,0.1833,0.2203,2,1669,66.76,0,0,0,0,bus
MVI_40871,25,1,1720,1720,1720,1720,1.0,0.1987,0.4895,1,1720,68.8,0,0,0,0,car
MVI_40871,26,1,1720,1720,1720,1670,0.9709,0.3313,0.4007,2,1642,65.68,0,0,0,0,car
MVI_40871,27,1,1720,1720,1720,52,0.0302,0.0077,0.3767,2,31,1.24,0,0,0,0,car
MVI_40871,28,1,1720,1720,1720,1687,0.9808,0.4337,0.4904,2,1666,66.64,0,0,0,0,van
MVI_40871,29,1,1720,1720,1720,71,0.0413,0.0235,0.7404,1,71,2.84,0,0,0,0,car
MVI_40871,30,1,1720,1720,1720,1714,0.9965,0.4558,0.6506,1,1714,68.56,0,0,0,0,car
MVI_40871,31,1,1720,1720,1720,232,0.1349,0.0659,0.5654,3,199,7.96,0,0,0,0,car
MVI_40871,32,31,1720,1690,1690,167,0.0988,0.0853,0.3934,3,81,3.24,0,0,0,0,car
MVI_40871,33,46,1720,1675,1675,1502,0.8967,0.1167,0.3193,3,1462,58.48,0,0,0,0,car
MVI_40871,34,101,1720,1620,1620,1516,0.9358,0.2025,0.62,3,624,24.96,0,0,0,0,car
MVI_40871,35,136,1720,1585,1585,1585,1.0,0.5766,0.6924,1,1585,63.4,0,0,0,0,car
MVI_40871,36,306,1720,1415,1415,1211,0.8558,0.1614,0.2431,3,995,39.8,0,0,0,0,car
MVI_40871,37,321,1720,1400,1400,1196,0.8543,0.1374,0.1895,2,1123,44.92,0,0,0,0,car
MVI_40962,1,1,11,11,11,0,0.0,0.0,0.0,0,0,0.0,0,0,0,0,car
MVI_40962,2,1,46,46,46,0,0.0,0.0,0.0,0,0,0.0,0,0,0,0,car
MVI_40962,3,1,51,51,51,0,0.0,0.0,0.0,0,0,0.0,0,0,0,0,car
MVI_40962,4,1,116,116,116,0,0.0,0.0,0.0,0,0,0.0,0,0,0,0,car
MVI_40962,5,1,81,81,81,0,0.0,0.0,0.0,0,0,0.0,0,0,0,0,car
MVI_40962,6,1,76,76,76,0,0.0,0.0,0.0,0,0,0.0,0,0,0,0,car
MVI_40962,7,1,111,111,111,0,0.0,0.0026,0.0333,0,0,0.0,0,0,0,0,car
MVI_40962,8,26,131,106,106,0,0.0,0.0,0.0,0,0,0.0,0,0,0,0,car
MVI_40962,9,46,186,141,141,0,0.0,0.0,0.0,0,0,0.0,0,0,0,0,car
MVI_40962,10,46,151,106,106,0,0.0,0.0,0.0,0,0,0.0,0,0,0,0,car
MVI_40962,11,56,156,101,101,0,0.0,0.0,0.0,0,0,0.0,0,0,0,0,car
MVI_40962,12,76,181,106,106,0,0.0,0.0,0.0,0,0,0.0,0,0,0,0,car
MVI_40962,13,91,186,96,96,0,0.0,0.0,0.0,0,0,0.0,0,0,0,0,car
MVI_40962,14,136,236,101,101,0,0.0,0.0,0.0,0,0,0.0,0,0,0,0,car
MVI_40962,15,136,221,86,86,0,0.0,0.0,0.0,0,0,0.0,0,0,0,0,car
MVI_40962,16,146,216,71,71,0,0.0,0.0,0.0,0,0,0.0,0,0,0,0,car
MVI_40962,17,176,266,91,91,0,0.0,0.0,0.0,0,0,0.0,0,0,0,0,car
MVI_40962,18,186,286,101,101,0,0.0,0.0,0.0,0,0,0.0,0,0,0,0,car
MVI_40962,19,216,296,81,81,0,0.0,0.0,0.0,0,0,0.0,0,0,0,0,car
MVI_40962,20,216,311,96,96,0,0.0,0.0,0.0,0,0,0.0,0,0,0,0,car
MVI_40962,21,261,351,91,91,0,0.0,0.0,0.0,0,0,0.0,0,0,0,0,car
MVI_40962,22,271,361,91,91,0,0.0,0.0,0.0,0,0,0.0,0,0,0,0,car
MVI_40962,23,306,401,96,96,0,0.0,0.0,0.0,0,0,0.0,0,0,0,0,car
MVI_40962,24,311,391,81,81,0,0.0,0.0,0.0,0,0,0.0,0,0,0,0,car
MVI_40962,25,331,431,101,101,0,0.0,0.0,0.0,0,0,0.0,0,0,0,0,car
MVI_40962,26,341,431,91,91,0,0.0,0.0,0.0,0,0,0.0,0,0,0,0,car
MVI_40962,27,346,426,81,81,0,0.0,0.0,0.0,0,0,0.0,0,0,0,0,car
MVI_40962,28,401,501,101,101,0,0.0,0.0,0.0,0,0,0.0,0,0,0,0,car
MVI_40962,29,426,521,96,96,0,0.0,0.0,0.0,0,0,0.0,0,0,0,0,car
MVI_40962,30,446,541,96,96,0,0.0,0.0,0.0,0,0,0.0,0,0,0,0,car
MVI_40962,31,481,551,71,71,0,0.0,0.0,0.0,0,0,0.0,0,0,0,0,car
MVI_40962,32,496,581,86,86,0,0.0,0.0,0.0,0,0,0.0,0,0,0,0,car
MVI_40962,33,531,626,96,96,0,0.0,0.0,0.0,0,0,0.0,0,0,0,0,bus
MVI_40962,34,616,711,96,96,0,0.0,0.0,0.0,0,0,0.0,0,0,0,0,car
MVI_40962,35,621,716,96,96,0,0.0,0.0,0.0,0,0,0.0,0,0,0,0,car
MVI_40962,36,641,716,76,76,0,0.0,0.0,0.0,0,0,0.0,0,0,0,0,car
MVI_40962,37,701,776,76,76,0,0.0,0.0,0.0,0,0,0.0,0,0,0,0,car
MVI_40962,38,731,816,86,86,0,0.0,0.0,0.0,0,0,0.0,0,0,0,0,car
MVI_40962,39,801,876,76,76,0,0.0,0.0,0.0,0,0,0.0,0,0,0,0,car
MVI_40962,40,871,956,86,86,0,0.0,0.0,0.0,0,0,0.0,0,0,0,0,car
MVI_40962,41,871,966,96,96,0,0.0,0.0,0.0,0,0,0.0,0,0,0,0,car
MVI_40962,42,891,971,81,81,0,0.0,0.0,0.0,0,0,0.0,0,0,0,0,car
MVI_40962,43,901,986,86,86,0,0.0,0.0,0.0,0,0,0.0,0,0,0,0,car
MVI_40962,44,916,1001,86,86,0,0.0,0.0,0.0,0,0,0.0,0,0,0,0,car
MVI_40962,45,931,1021,91,91,0,0.0,0.0,0.0,0,0,0.0,0,0,0,0,car
MVI_40962,46,956,1046,91,91,0,0.0,0.0,0.0,0,0,0.0,0,0,0,0,car
MVI_40962,47,971,1051,81,81,0,0.0,0.0,0.0,0,0,0.0,0,0,0,0,car
MVI_40962,48,971,1066,96,96,11,0.1146,0.0302,0.3682,1,11,0.44,0,0,0,0,car
MVI_40962,49,1031,1121,91,91,0,0.0,0.0,0.0,0,0,0.0,0,0,0,0,car
MVI_40962,50,1061,1151,91,91,0,0.0,0.0,0.0,0,0,0.0,0,0,0,0,car
MVI_40962,51,1076,1156,81,81,0,0.0,0.0,0.0,0,0,0.0,0,0,0,0,car
MVI_40962,52,1091,1176,86,86,0,0.0,0.0,0.0,0,0,0.0,0,0,0,0,car
MVI_40962,53,1111,1201,91,91,0,0.0,0.0,0.0,0,0,0.0,0,0,0,0,car
MVI_40962,54,1121,1196,76,76,0,0.0,0.0,0.0,0,0,0.0,0,0,0,0,car
MVI_40962,55,1126,1196,71,71,0,0.0,0.0,0.0,0,0,0.0,0,0,0,0,car
MVI_40962,56,1181,1251,71,71,0,0.0,0.0,0.0,0,0,0.0,0,0,0,0,car
MVI_40962,57,1201,1266,66,66,0,0.0,0.0,0.0,0,0,0.0,0,0,0,0,car
MVI_40962,58,1211,1291,81,81,0,0.0,0.0,0.0,0,0,0.0,0,0,0,0,car
MVI_40962,59,1221,1306,86,86,0,0.0,0.0,0.0,0,0,0.0,0,0,0,0,car
MVI_40962,60,1231,1311,81,81,0,0.0,0.0,0.0,0,0,0.0,0,0,0,0,car
MVI_40962,61,1236,1341,106,106,0,0.0,0.0,0.0,0,0,0.0,0,0,0,0,car
MVI_40962,62,1241,1306,66,66,0,0.0,0.0,0.0,0,0,0.0,0,0,0,0,car
MVI_40962,63,1291,1371,81,81,0,0.0,0.0,0.0,0,0,0.0,0,0,0,0,car
MVI_40962,64,1296,1381,86,86,0,0.0,0.0,0.0,0,0,0.0,0,0,0,0,car
MVI_40962,65,1331,1421,91,91,0,0.0,0.0,0.0,0,0,0.0,0,0,0,0,van
MVI_40962,66,1341,1441,101,101,0,0.0,0.0,0.0,0,0,0.0,0,0,0,0,van
MVI_40962,67,1346,1426,81,81,0,0.0,0.0,0.0,0,0,0.0,0,0,0,0,car
MVI_40962,68,1371,1461,91,91,0,0.0,0.0,0.0,0,0,0.0,0,0,0,0,car
MVI_40962,69,1401,1486,86,86,0,0.0,0.0,0.0,0,0,0.0,0,0,0,0,van
MVI_40962,70,1411,1511,101,101,0,0.0,0.0,0.0,0,0,0.0,0,0,0,0,van
MVI_40962,71,1476,1556,81,81,0,0.0,0.0,0.0,0,0,0.0,0,0,0,0,car
MVI_40962,72,1506,1576,71,71,0,0.0,0.0,0.0,0,0,0.0,0,0,0,0,car
MVI_40962,73,1551,1626,76,76,0,0.0,0.0,0.0,0,0,0.0,0,0,0,0,car
MVI_40962,74,1566,1651,86,86,0,0.0,0.0,0.0,0,0,0.0,0,0,0,0,car
MVI_40962,75,1586,1671,86,86,0,0.0,0.0,0.0,0,0,0.0,0,0,0,0,car
MVI_40962,76,1621,1706,86,86,0,0.0,0.0,0.0,0,0,0.0,0,0,0,0,car
MVI_40962,77,1631,1726,96,96,0,0.0,0.0,0.0,0,0,0.0,0,0,0,0,car
MVI_40962,78,1701,1796,96,96,0,0.0,0.0,0.0,0,0,0.0,0,0,0,0,car
MVI_40962,79,1721,1806,86,86,0,0.0,0.0,0.0,0,0,0.0,0,0,0,0,car
MVI_40962,80,1726,1816,91,91,0,0.0,0.0,0.0,0,0,0.0,0,0,0,0,car
MVI_40962,81,1741,1821,81,81,0,0.0,0.0,0.0,0,0,0.0,0,0,0,0,car
MVI_40962,82,1761,1851,91,91,0,0.0,0.0,0.0,0,0,0.0,0,0,0,0,car
MVI_40962,83,1771,1866,96,96,0,0.0,0.0,0.0,0,0,0.0,0,0,0,0,van
MVI_40962,84,1776,1871,96,96,0,0.0,0.0,0.0,0,0,0.0,0,0,0,0,car
MVI_40962,85,1781,1866,86,86,0,0.0,0.0,0.0,0,0,0.0,0,0,0,0,car
MVI_40962,86,1811,1875,65,65,0,0.0,0.0,0.0,0,0,0.0,0,0,0,0,car
MVI_40962,87,1816,1875,60,60,0,0.0,0.0,0.0,0,0,0.0,0,0,0,0,car
MVI_40962,88,1856,1875,20,20,0,0.0,0.0,0.0,0,0,0.0,0,0,0,0,car
MVI_40962,89,1866,1875,10,10,0,0.0,0.0,0.0,0,0,0.0,0,0,0,0,car
MVI_40962,90,1871,1875,5,5,0,0.0,0.0,0.0,0,0,0.0,0,0,0,0,car
MVI_40963,1,1,81,81,81,0,0.0,0.0,0.0,0,0,0.0,0,0,0,0,car
MVI_40963,2,1,71,71,71,0,0.0,0.0,0.0,0,0,0.0,0,0,0,0,car
MVI_40963,3,1,91,91,91,0,0.0,0.0,0.0,0,0,0.0,0,0,0,0,car
MVI_40963,4,1,26,26,26,0,0.0,0.0,0.0,0,0,0.0,0,0,0,0,car
MVI_40963,5,1,31,31,31,0,0.0,0.0,0.0,0,0,0.0,0,0,0,0,car
MVI_40963,6,1,21,21,21,5,0.2381,0.092,0.5119,1,5,0.2,0,0,0,0,car
MVI_40963,7,1,6,6,6,0,0.0,0.0,0.0,0,0,0.0,0,0,0,0,car
MVI_40963,8,6,61,56,56,29,0.5179,0.2457,0.9531,1,29,1.16,1,1,0,0,car
MVI_40963,9,21,76,56,56,12,0.2143,0.0684,0.6642,1,12,0.48,0,0,0,0,van
MVI_40963,10,51,81,31,31,10,0.3226,0.135,0.8946,1,10,0.4,0,0,0,0,van
MVI_40963,11,71,136,66,66,29,0.4394,0.1067,0.4963,1,31,1.24,0,0,0,0,bus
MVI_40963,12,76,161,86,86,0,0.0,0.0,0.0,0,0,0.0,0,0,0,0,car
MVI_40963,13,106,211,106,106,0,0.0,0.0,0.0,0,0,0.0,0,0,0,0,van
MVI_40963,14,211,271,61,61,36,0.5902,0.2684,0.7989,1,36,1.44,0,0,0,0,car
MVI_40963,15,226,321,96,96,0,0.0,0.0,0.0,0,0,0.0,0,0,0,0,van
MVI_40963,16,286,351,66,66,34,0.5152,0.2577,0.9196,1,34,1.36,1,1,0,0,car
MVI_40963,17,301,351,51,51,12,0.2353,0.0539,0.3212,1,12,0.48,0,0,0,0,car
MVI_40963,18,306,416,111,111,0,0.0,0.0,0.0,0,0,0.0,0,0,0,0,car
MVI_40963,19,316,386,71,71,34,0.4789,0.2389,0.9758,1,34,1.36,1,3,0,0,car
MVI_40963,20,371,441,71,71,34,0.4789,0.2598,0.8894,1,34,1.36,0,0,0,0,car
MVI_40963,21,376,466,91,91,0,0.0,0.0,0.0,0,0,0.0,0,0,0,0,car
MVI_40963,22,381,466,86,86,0,0.0,0.0,0.0,0,0,0.0,0,0,0,0,car
MVI_40963,23,406,451,46,46,12,0.2609,0.0635,0.4383,1,12,0.48,0,0,0,0,car
MVI_40963,24,426,511,86,86,0,0.0,0.0,0.0,0,0,0.0,0,0,0,0,van
MVI_40963,25,441,476,36,36,0,0.0,0.0,0.0,0,0,0.0,0,0,0,0,van
MVI_40963,26,471,551,81,81,0,0.0,0.0,0.0,0,0,0.0,0,0,0,0,car
MVI_40963,27,481,561,81,81,0,0.0,0.0,0.0,0,0,0.0,0,0,0,0,car
MVI_40963,28,491,521,31,31,0,0.0,0.0,0.0,0,0,0.0,0,0,0,0,car
MVI_40963,29,516,601,86,86,0,0.0,0.0,0.0,0,0,0.0,0,0,0,0,car
MVI_40963,30,516,591,76,76,39,0.5132,0.2477,0.9693,1,39,1.56,1,2,0,0,car
MVI_40963,31,556,646,91,91,0,0.0,0.0,0.0,0,0,0.0,0,0,0,0,car
MVI_40963,32,556,636,81,81,39,0.4815,0.2298,0.9859,1,39,1.56,1,2,0,0,car
MVI_40963,33,556,666,111,111,56,0.5045,0.1573,0.4808,2,47,1.88,0,0,0,0,bus
MVI_40963,34,571,661,91,91,0,0.0,0.0,0.0,0,0,0.0,0,0,0,0,van
MVI_40963,35,601,681,81,81,40,0.4938,0.244,0.9734,1,40,1.6,1,2,0,0,car
MVI_40963,36,606,701,96,96,0,0.0,0.0,0.0,0,0,0.0,0,0,0,0,car
MVI_40963,37,611,771,161,161,0,0.0,0.0,0.0,0,0,0.0,0,0,0,0,bus
MVI_40963,38,611,621,11,11,11,1.0,0.6203,0.7644,1,11,0.44,0,0,0,0,car
MVI_40963,39,636,721,86,86,42,0.4884,0.2523,0.9424,1,42,1.68,1,2,0,0,car
MVI_40963,40,641,741,101,101,0,0.0,0.0,0.0,0,0,0.0,0,0,0,0,car
MVI_40963,41,651,731,81,81,25,0.3086,0.1375,0.83,1,25,1.0,0,0,0,0,car
MVI_40963,42,691,776,86,86,0,0.0,0.0,0.0,0,0,0.0,0,0,0,0,car
MVI_40963,43,696,786,91,91,45,0.4945,0.2417,0.9169,1,45,1.8,1,2,0,0,car
MVI_40963,44,701,781,81,81,66,0.8148,0.3206,0.8313,2,39,1.56,0,0,0,0,car
MVI_40963,45,711,741,31,31,0,0.0,0.0,0.0,0,0,0.0,0,0,0,0,car
MVI_40963,46,726,806,81,81,26,0.321,0.1437,0.7459,1,26,1.04,0,0,0,0,car
MVI_40963,47,731,846,116,116,0,0.0,0.0,0.0,0,0,0.0,0,0,0,0,car
MVI_40963,48,731,821,91,91,0,0.0,0.0,0.0,0,0,0.0,0,0,0,0,car
MVI_40963,49,746,776,31,31,0,0.0,0.0,0.0,0,0,0.0,0,0,0,0,car
MVI_40963,50,761,831,71,71,0,0.0,0.0,0.0,0,0,0.0,0,0,0,0,car
MVI_40963,51,766,881,116,116,0,0.0,0.0,0.0,0,0,0.0,0,0,0,0,car
MVI_40963,52,781,861,81,81,41,0.5062,0.2627,0.9689,1,41,1.64,1,3,0,0,car
MVI_40963,53,791,901,111,111,0,0.0,0.0,0.0,0,0,0.0,0,0,0,0,car
MVI_40963,54,796,906,111,111,0,0.0,0.0,0.0,0,0,0.0,0,0,0,0,car
MVI_40963,55,801,896,96,96,0,0.0,0.0,0.0,0,0,0.0,0,0,0,0,car
MVI_40963,56,821,861,41,41,3,0.0732,0.0255,0.2522,1,3,0.12,0,0,0,0,car
MVI_40963,57,821,881,61,61,4,0.0656,0.0088,0.1116,1,4,0.16,0,0,0,0,car
MVI_40963,58,836,961,126,126,0,0.0,0.0,0.0,0,0,0.0,0,0,0,0,car
MVI_40963,59,836,951,116,116,0,0.0,0.0,0.0,0,0,0.0,0,0,0,0,car
MVI_40963,60,836,906,71,71,39,0.5493,0.2854,0.9786,1,39,1.56,1,5,0,0,car
MVI_40963,61,846,941,96,96,0,0.0,0.0,0.0,0,0,0.0,0,0,0,0,car
MVI_40963,62,866,976,111,111,0,0.0,0.0,0.0,0,0,0.0,0,0,0,0,car
MVI_40963,63,871,946,76,76,38,0.5,0.2485,1.0,1,38,1.52,1,2,0,0,car
MVI_40963,64,881,991,111,111,0,0.0,0.0,0.0,0,0,0.0,0,0,0,0,car
MVI_40963,65,881,981,101,101,0,0.0,0.0,0.0,0,0,0.0,0,0,0,0,car
MVI_40963,66,891,1001,111,111,0,0.0,0.0,0.0,0,0,0.0,0,0,0,0,car
MVI_40963,67,891,966,76,76,16,0.2105,0.1053,0.8785,1,16,0.64,0,0,0,0,car
MVI_40963,68,901,981,81,81,42,0.5185,0.2608,0.9637,1,42,1.68,1,2,0,0,car
MVI_40963,69,906,981,76,76,28,0.3684,0.2165,0.9344,2,26,1.04,1,2,0,0,car
MVI_40963,70,911,1021,111,111,0,0.0,0.0,0.0,0,0,0.0,0,0,0,0,van
MVI_40963,71,926,1006,81,81,43,0.5309,0.2195,0.9375,2,29,1.16,1,2,0,0,car
MVI_40963,72,926,1006,81,81,45,0.5556,0.2728,0.9776,1,45,1.8,1,3,0,0,car
MVI_40963,73,946,1046,101,101,0,0.0,0.0,0.0,0,0,0.0,0,0,0,0,car
MVI_40963,74,956,1036,81,81,0,0.0,0.0,0.0,0,0,0.0,0,0,0,0,car
MVI_40963,75,961,1061,101,101,0,0.0,0.0,0.0,0,0,0.0,0,0,0,0,car
MVI_40963,76,976,1086,111,111,0,0.0,0.0,0.0,0,0,0.0,0,0,0,0,car
MVI_40963,77,986,1086,101,101,0,0.0,0.0,0.0,0,0,0.0,0,0,0,0,van
MVI_40963,78,996,1076,81,81,0,0.0,0.0,0.0,0,0,0.0,0,0,0,0,car
MVI_40963,79,1036,1106,71,71,40,0.5634,0.2782,0.8868,1,40,1.6,0,0,0,0,car
MVI_40963,80,1046,1081,36,36,0,0.0,0.0,0.0,0,0,0.0,0,0,0,0,car
MVI_40963,81,1046,1141,96,96,0,0.0,0.0,0.0,0,0,0.0,0,0,0,0,van
MVI_40963,82,1046,1141,96,96,0,0.0,0.0,0.0,0,0,0.0,0,0,0,0,van
MVI_40963,83,1051,1146,96,96,0,0.0,0.0,0.0,0,0,0.0,0,0,0,0,car
MVI_40963,84,1101,1176,76,76,0,0.0,0.0,0.0,0,0,0.0,0,0,0,0,car
MVI_40963,85,1101,1201,101,101,57,0.5644,0.1732,0.5613,1,57,2.28,0,0,0,0,bus
MVI_40963,86,1106,1201,96,96,0,0.0,0.0,0.0,0,0,0.0,0,0,0,0,car
MVI_40963,87,1121,1216,96,96,0,0.0,0.0,0.0,0,0,0.0,0,0,0,0,car
MVI_40963,88,1121,1191,71,71,36,0.507,0.2583,0.9592,1,36,1.44,1,2,0,0,car
MVI_40963,89,1176,1266,91,91,0,0.0,0.0,0.0,0,0,0.0,0,0,0,0,car
MVI_40963,90,1186,1246,61,61,0,0.0,0.0,0.0,0,0,0.0,0,0,0,0,car
MVI_40963,91,1186,1256,71,71,30,0.4225,0.2349,0.9815,1,30,1.2,1,4,0,0,car
MVI_40963,92,1201,1326,126,126,0,0.0,0.0,0.0,0,0,0.0,0,0,0,0,bus
MVI_40963,93,1206,1236,31,31,0,0.0,0.0,0.0,0,0,0.0,0,0,0,0,car
MVI_40963,94,1231,1306,76,76,19,0.25,0.1079,0.7533,1,19,0.76,0,0,0,0,car
MVI_40963,95,1256,1326,71,71,30,0.4225,0.206,0.9576,1,30,1.2,1,3,0,0,car
MVI_40963,96,1281,1361,81,81,0,0.0,0.0,0.0,0,0,0.0,0,0,0,0,car
MVI_40963,97,1281,1326,46,46,0,0.0,0.0,0.0,0,0,0.0,0,0,0,0,car
MVI_40963,98,1286,1356,71,71,29,0.4085,0.2341,0.9901,1,29,1.16,1,3,0,0,car
MVI_40963,99,1291,1406,116,116,0,0.0,0.0,0.0,0,0,0.0,0,0,0,0,car
MVI_40963,100,1306,1351,46,46,0,0.0,0.0,0.0,0,0,0.0,0,0,0,0,car
MVI_40963,101,1316,1411,96,96,0,0.0,0.0,0.0,0,0,0.0,0,0,0,0,car
MVI_40963,102,1341,1411,71,71,36,0.507,0.2386,0.9746,1,36,1.44,1,3,0,0,car
MVI_40963,103,1376,1441,66,66,22,0.3333,0.1274,0.8471,1,22,0.88,0,0,0,0,car
MVI_40963,104,1376,1536,161,161,0,0.0,0.0,0.0,0,0,0.0,0,0,0,0,bus
MVI_40963,105,1406,1501,96,96,0,0.0,0.0,0.0,0,0,0.0,0,0,0,0,car
MVI_40963,106,1416,1506,91,91,50,0.5495,0.2081,0.5478,1,49,1.96,0,0,0,0,car
MVI_40963,107,1421,1486,66,66,36,0.5455,0.2732,0.9676,1,36,1.44,1,4,0,0,car
MVI_40963,108,1441,1566,126,126,11,0.0873,0.0412,0.6751,1,11,0.44,0,0,0,0,car
MVI_40963,109,1446,1541,96,96,0,0.0,0.0,0.0,0,0,0.0,0,0,0,0,car
MVI_40963,110,1461,1551,91,91,0,0.0,0.0,0.0,0,0,0.0,0,0,0,0,car
MVI_40963,111,1466,1586,121,121,0,0.0,0.0,0.0,0,0,0.0,0,0,0,0,car
MVI_40963,112,1491,1621,131,131,0,0.0,0.0,0.0,0,0,0.0,0,0,0,0,car
MVI_40963,113,1491,1556,66,66,38,0.5758,0.3124,0.9957,1,38,1.52,1,4,0,0,car
MVI_40963,114,1496,1591,96,96,0,0.0,0.0,0.0,0,0,0.0,0,0,0,0,car
MVI_40963,115,1516,1616,101,101,0,0.0,0.0,0.0,0,0,0.0,0,0,0,0,car
MVI_40963,116,1521,1566,46,46,0,0.0,0.0,0.0,0,0,0.0,0,0,0,0,car
MVI_40963,117,1521,1591,71,71,38,0.5352,0.276,0.9866,1,38,1.52,1,4,0,0,car
MVI_40963,118,1536,1616,81,81,0,0.0,0.0,0.0,0,0,0.0,0,0,0,0,car
MVI_40963,119,1536,1666,131,131,0,0.0,0.0,0.0,0,0,0.0,0,0,0,0,car
MVI_40963,120,1551,1646,96,96,0,0.0,0.0,0.0,0,0,0.0,0,0,0,0,car
MVI_40963,121,1556,1666,111,111,0,0.0,0.0,0.0,0,0,0.0,0,0,0,0,car
MVI_40963,122,1561,1661,101,101,0,0.0,0.0,0.0,0,0,0.0,0,0,0,0,car
MVI_40963,123,1561,1626,66,66,35,0.5303,0.2724,0.9275,1,35,1.4,1,1,0,0,car
MVI_40963,124,1581,1686,106,106,0,0.0,0.0,0.0,0,0,0.0,0,0,0,0,car
MVI_40963,125,1581,1696,116,116,0,0.0,0.0,0.0,0,0,0.0,0,0,0,0,car
MVI_40963,126,1581,1631,51,51,17,0.3333,0.1648,0.8166,1,17,0.68,0,0,0,0,car
MVI_40963,127,1591,1691,101,101,0,0.0,0.0,0.0,0,0,0.0,0,0,0,0,car
MVI_40963,128,1596,1646,51,51,0,0.0,0.0,0.0,0,0,0.0,0,0,0,0,car
MVI_40963,129,1606,1676,71,71,39,0.5493,0.2941,0.9882,1,39,1.56,1,4,0,0,car
MVI_40963,130,1626,1726,101,101,0,0.0,0.0,0.0,0,0,0.0,0,0,0,0,van
MVI_40963,131,1626,1746,121,121,0,0.0,0.0,0.0,0,0,0.0,0,0,0,0,car
MVI_40963,132,1671,1741,71,71,40,0.5634,0.3037,0.9879,1,40,1.6,1,6,0,0,car
MVI_40963,133,1686,1791,106,106,0,0.0,0.0,0.0,0,0,0.0,0,0,0,0,car
MVI_40963,134,1696,1731,36,36,11,0.3056,0.115,0.6315,1,11,0.44,0,0,0,0,car
MVI_40963,135,1711,1796,86,86,0,0.0,0.0,0.0,0,0,0.0,0,0,0,0,car
MVI_40963,136,1721,1806,86,86,0,0.0,0.0,0.0,0,0,0.0,0,0,0,0,car
MVI_40963,137,1721,1766,46,46,0,0.0,0.0,0.0,0,0,0.0,0,0,0,0,car
MVI_40963,138,1726,1820,95,95,0,0.0,0.0,0.0,0,0,0.0,0,0,0,0,car
MVI_40963,139,1741,1820,80,80,0,0.0,0.0,0.0,0,0,0.0,0,0,0,0,car
MVI_40963,140,1751,1796,46,46,16,0.3478,0.1724,0.893,1,16,0.64,0,0,0,0,car
MVI_40963,141,1771,1816,46,46,7,0.1522,0.0339,0.2817,1,7,0.28,0,0,0,0,car
MVI_40963,142,1776,1820,45,45,0,0.0,0.0,0.0,0,0,0.0,0,0,0,0,car
MVI_40963,143,1796,1820,25,25,0,0.0,0.0,0.0,0,0,0.0,0,0,0,0,car
MVI_40963,144,1811,1820,10,10,0,0.0,0.0,0.0,0,0,0.0,0,0,0,0,car
MVI_40981,1,1,6,6,6,0,0.0,0.0,0.0,0,0,0.0,0,0,0,0,car
MVI_40981,2,1,46,46,46,0,0.0,0.0,0.0,0,0,0.0,0,0,0,0,car
MVI_40981,3,1,56,56,56,0,0.0,0.0,0.0,0,0,0.0,0,0,0,0,car
MVI_40981,4,6,96,91,91,0,0.0,0.0,0.0,0,0,0.0,0,0,0,0,car
MVI_40981,5,11,116,106,106,0,0.0,0.0,0.0,0,0,0.0,0,0,0,0,car
MVI_40981,6,21,131,111,111,0,0.0,0.0,0.0,0,0,0.0,0,0,0,0,car
MVI_40981,7,36,161,126,126,0,0.0,0.0,0.0,0,0,0.0,0,0,0,0,car
MVI_40981,8,86,176,91,91,0,0.0,0.0,0.0,0,0,0.0,0,0,0,0,car
MVI_40981,9,91,186,96,96,0,0.0,0.0,0.0,0,0,0.0,0,0,0,0,car
MVI_40981,10,101,196,96,96,0,0.0,0.0,0.0,0,0,0.0,0,0,0,0,car
MVI_40981,11,106,231,126,126,0,0.0,0.0,0.0,0,0,0.0,0,0,0,0,car
MVI_40981,12,111,201,91,91,0,0.0,0.0,0.0,0,0,0.0,0,0,0,0,car
MVI_40981,13,126,221,96,96,0,0.0,0.0,0.0,0,0,0.0,0,0,0,0,car
MVI_40981,14,136,256,121,121,0,0.0,0.0,0.0,0,0,0.0,0,0,0,0,car
MVI_40981,15,176,266,91,91,0,0.0,0.0,0.0,0,0,0.0,0,0,0,0,car
MVI_40981,16,211,291,81,81,0,0.0,0.0,0.0,0,0,0.0,0,0,0,0,van
MVI_40981,17,236,326,91,91,0,0.0,0.0,0.0,0,0,0.0,0,0,0,0,car
MVI_40981,18,236,341,106,106,0,0.0,0.0,0.0,0,0,0.0,0,0,0,0,car
MVI_40981,19,266,346,81,81,0,0.0,0.0,0.0,0,0,0.0,0,0,0,0,car
MVI_40981,20,296,386,91,91,0,0.0,0.0,0.0,0,0,0.0,0,0,0,0,car
MVI_40981,21,316,396,81,81,0,0.0,0.0,0.0,0,0,0.0,0,0,0,0,car
MVI_40981,22,326,406,81,81,0,0.0,0.0,0.0,0,0,0.0,0,0,0,0,van
MVI_40981,23,341,416,76,76,0,0.0,0.0,0.0,0,0,0.0,0,0,0,0,car
MVI_40981,24,346,421,76,76,0,0.0,0.0,0.0,0,0,0.0,0,0,0,0,car
MVI_40981,25,356,451,96,96,0,0.0,0.0,0.0,0,0,0.0,0,0,0,0,car
MVI_40981,26,361,476,116,116,0,0.0,0.0,0.0,0,0,0.0,0,0,0,0,van
MVI_40981,27,371,451,81,81,0,0.0,0.0,0.0,0,0,0.0,0,0,0,0,car
MVI_40981,28,391,466,76,76,0,0.0,0.0,0.0,0,0,0.0,0,0,0,0,car
MVI_40981,29,401,481,81,81,0,0.0,0.0,0.0,0,0,0.0,0,0,0,0,car
MVI_40981,30,401,486,86,86,0,0.0,0.0,0.0,0,0,0.0,0,0,0,0,car
MVI_40981,31,411,486,76,76,0,0.0,0.0,0.0,0,0,0.0,0,0,0,0,car
MVI_40981,32,436,521,86,86,0,0.0,0.0,0.0,0,0,0.0,0,0,0,0,van
MVI_40981,33,446,536,91,91,0,0.0,0.0,0.0,0,0,0.0,0,0,0,0,car
MVI_40981,34,461,531,71,71,0,0.0,0.0,0.0,0,0,0.0,0,0,0,0,car
MVI_40981,35,461,541,81,81,0,0.0,0.0,0.0,0,0,0.0,0,0,0,0,car
MVI_40981,36,496,566,71,71,0,0.0,0.0,0.0,0,0,0.0,0,0,0,0,car
MVI_40981,37,516,601,86,86,0,0.0,0.0,0.0,0,0,0.0,0,0,0,0,car
MVI_40981,38,531,621,91,91,0,0.0,0.0,0.0,0,0,0.0,0,0,0,0,car
MVI_40981,39,546,621,76,76,0,0.0,0.0,0.0,0,0,0.0,0,0,0,0,van
MVI_40981,40,566,656,91,91,0,0.0,0.0,0.0,0,0,0.0,0,0,0,0,car
MVI_40981,41,591,666,76,76,0,0.0,0.0,0.0,0,0,0.0,0,0,0,0,car
MVI_40981,42,596,671,76,76,0,0.0,0.0,0.0,0,0,0.0,0,0,0,0,car
MVI_40981,43,606,686,81,81,0,0.0,0.0,0.0,0,0,0.0,0,0,0,0,car
MVI_40981,44,661,746,86,86,0,0.0,0.0,0.0,0,0,0.0,0,0,0,0,car
MVI_40981,45,671,746,76,76,0,0.0,0.0,0.0,0,0,0.0,0,0,0,0,car
MVI_40981,46,711,786,76,76,0,0.0,0.0,0.0,0,0,0.0,0,0,0,0,car
MVI_40981,47,731,826,96,96,0,0.0,0.0,0.0,0,0,0.0,0,0,0,0,car
MVI_40981,48,731,811,81,81,0,0.0,0.0,0.0,0,0,0.0,0,0,0,0,car
MVI_40981,49,741,811,71,71,0,0.0,0.0,0.0,0,0,0.0,0,0,0,0,car
MVI_40981,50,766,851,86,86,0,0.0,0.0,0.0,0,0,0.0,0,0,0,0,car
MVI_40981,51,806,891,86,86,0,0.0,0.0,0.0,0,0,0.0,0,0,0,0,car
MVI_40981,52,841,911,71,71,0,0.0,0.0,0.0,0,0,0.0,0,0,0,0,car
MVI_40981,53,891,956,66,66,0,0.0,0.0,0.0,0,0,0.0,0,0,0,0,car
MVI_40981,54,906,1001,96,96,0,0.0,0.0,0.0,0,0,0.0,0,0,0,0,car
MVI_40981,55,976,1041,66,66,0,0.0,0.0,0.0,0,0,0.0,0,0,0,0,car
MVI_40981,56,1001,1101,101,101,0,0.0,0.0,0.0,0,0,0.0,0,0,0,0,van
MVI_40981,57,1041,1151,111,111,0,0.0,0.0,0.0,0,0,0.0,0,0,0,0,bus
MVI_40981,58,1066,1131,66,66,0,0.0,0.0,0.0,0,0,0.0,0,0,0,0,car
MVI_40981,59,1081,1161,81,81,0,0.0,0.0,0.0,0,0,0.0,0,0,0,0,car
MVI_40981,60,1086,1171,86,86,0,0.0,0.0,0.0,0,0,0.0,0,0,0,0,car
MVI_40981,61,1106,1171,66,66,0,0.0,0.0,0.0,0,0,0.0,0,0,0,0,car
MVI_40981,62,1156,1251,96,96,0,0.0,0.0,0.0,0,0,0.0,0,0,0,0,car
MVI_40981,63,1166,1251,86,86,0,0.0,0.0,0.0,0,0,0.0,0,0,0,0,car
MVI_40981,64,1196,1276,81,81,0,0.0,0.0,0.0,0,0,0.0,0,0,0,0,car
MVI_40981,65,1196,1276,81,81,0,0.0,0.0,0.0,0,0,0.0,0,0,0,0,car
MVI_40981,66,1196,1261,66,66,0,0.0,0.0,0.0,0,0,0.0,0,0,0,0,car
MVI_40981,67,1241,1311,71,71,0,0.0,0.0,0.0,0,0,0.0,0,0,0,0,car
MVI_40981,68,1241,1361,121,121,0,0.0,0.0,0.0,0,0,0.0,0,0,0,0,car
MVI_40981,69,1271,1361,91,91,0,0.0,0.0,0.0,0,0,0.0,0,0,0,0,car
MVI_40981,70,1291,1381,91,91,0,0.0,0.0,0.0,0,0,0.0,0,0,0,0,car
MVI_40981,71,1311,1381,71,71,0,0.0,0.0,0.0,0,0,0.0,0,0,0,0,car
MVI_40981,72,1316,1401,86,86,0,0.0,0.0,0.0,0,0,0.0,0,0,0,0,car
MVI_40981,73,1321,1441,121,121,0,0.0,0.0,0.0,0,0,0.0,0,0,0,0,car
MVI_40981,74,1331,1411,81,81,0,0.0,0.0,0.0,0,0,0.0,0,0,0,0,car
MVI_40981,75,1341,1426,86,86,0,0.0,0.0,0.0,0,0,0.0,0,0,0,0,car
MVI_40981,76,1351,1461,111,111,0,0.0,0.0,0.0,0,0,0.0,0,0,0,0,car
MVI_40981,77,1361,1436,76,76,0,0.0,0.0,0.0,0,0,0.0,0,0,0,0,car
MVI_40981,78,1371,1451,81,81,0,0.0,0.0,0.0,0,0,0.0,0,0,0,0,car
MVI_40981,79,1386,1471,86,86,0,0.0,0.0,0.0,0,0,0.0,0,0,0,0,car
MVI_40981,80,1391,1491,101,101,0,0.0,0.0,0.0,0,0,0.0,0,0,0,0,car
MVI_40981,81,1396,1396,1,1,0,0.0,0.0,0.0,0,0,0.0,0,0,0,0,car
MVI_40981,82,1401,1471,71,71,0,0.0,0.0,0.0,0,0,0.0,0,0,0,0,car
MVI_40981,83,1421,1516,96,96,0,0.0,0.0,0.0,0,0,0.0,0,0,0,0,car
MVI_40981,84,1426,1516,91,91,0,0.0,0.0,0.0,0,0,0.0,0,0,0,0,car
MVI_40981,85,1426,1511,86,86,0,0.0,0.0,0.0,0,0,0.0,0,0,0,0,car
MVI_40981,86,1456,1551,96,96,0,0.0,0.0,0.0,0,0,0.0,0,0,0,0,car
MVI_40981,87,1496,1571,76,76,0,0.0,0.0,0.0,0,0,0.0,0,0,0,0,van
MVI_40981,88,1506,1596,91,91,0,0.0,0.0,0.0,0,0,0.0,0,0,0,0,car
MVI_40981,89,1506,1581,76,76,0,0.0,0.0,0.0,0,0,0.0,0,0,0,0,car
MVI_40981,90,1536,1641,106,106,0,0.0,0.0,0.0,0,0,0.0,0,0,0,0,car
MVI_40981,91,1551,1641,91,91,0,0.0,0.0,0.0,0,0,0.0,0,0,0,0,car
MVI_40981,92,1561,1666,106,106,0,0.0,0.0,0.0,0,0,0.0,0,0,0,0,car
MVI_40981,93,1591,1681,91,91,0,0.0,0.0,0.0,0,0,0.0,0,0,0,0,car
MVI_40981,94,1601,1726,126,126,0,0.0,0.0,0.0,0,0,0.0,0,0,0,0,van
MVI_40981,95,1606,1701,96,96,21,0.2188,0.0841,0.7205,1,21,0.84,0,0,0,0,car
MVI_40981,96,1611,1701,91,91,0,0.0,0.0,0.0,0,0,0.0,0,0,0,0,car
MVI_40981,97,1661,1746,86,86,0,0.0,0.0,0.0,0,0,0.0,0,0,0,0,car
MVI_40981,98,1671,1771,101,101,0,0.0,0.0,0.0,0,0,0.0,0,0,0,0,car
MVI_40981,99,1676,1756,81,81,0,0.0,0.0,0.0,0,0,0.0,0,0,0,0,car
MVI_40981,100,1701,1801,101,101,0,0.0,0.0,0.0,0,0,0.0,0,0,0,0,car
MVI_40981,101,1706,1796,91,91,0,0.0,0.0,0.0,0,0,0.0,0,0,0,0,car
MVI_40981,102,1731,1826,96,96,0,0.0,0.0,0.0,0,0,0.0,0,0,0,0,car
MVI_40981,103,1741,1836,96,96,0,0.0,0.0,0.0,0,0,0.0,0,0,0,0,car
MVI_40981,104,1751,1836,86,86,0,0.0,0.0,0.0,0,0,0.0,0,0,0,0,van
MVI_40981,105,1771,1881,111,111,0,0.0,0.0,0.0,0,0,0.0,0,0,0,0,car
MVI_40981,106,1781,1881,101,101,0,0.0,0.0,0.0,0,0,0.0,0,0,0,0,van
MVI_40981,107,1796,1906,111,111,0,0.0,0.0,0.0,0,0,0.0,0,0,0,0,car
MVI_40981,108,1826,1926,101,101,0,0.0,0.0,0.0,0,0,0.0,0,0,0,0,car
MVI_40981,109,1831,1926,96,96,0,0.0,0.0,0.0,0,0,0.0,0,0,0,0,car
MVI_40981,110,1841,1951,111,111,0,0.0,0.0,0.0,0,0,0.0,0,0,0,0,car
MVI_40981,111,1846,1941,96,96,0,0.0,0.0,0.0,0,0,0.0,0,0,0,0,car
MVI_40981,112,1861,1961,101,101,0,0.0,0.0,0.0,0,0,0.0,0,0,0,0,car
MVI_40981,113,1881,1986,106,106,0,0.0,0.0,0.0,0,0,0.0,0,0,0,0,car
MVI_40981,114,1901,1976,76,76,0,0.0,0.0,0.0,0,0,0.0,0,0,0,0,car
MVI_40981,115,1906,1995,90,90,0,0.0,0.0,0.0,0,0,0.0,0,0,0,0,car
MVI_40981,116,1906,1995,90,90,0,0.0,0.0,0.0,0,0,0.0,0,0,0,0,car
MVI_40981,117,1936,1995,60,60,0,0.0,0.0,0.0,0,0,0.0,0,0,0,0,van
MVI_40981,118,1951,1995,45,45,0,0.0,0.0,0.0,0,0,0.0,0,0,0,0,car
MVI_40981,119,1956,1995,40,40,0,0.0,0.0,0.0,0,0,0.0,0,0,0,0,car
MVI_40981,120,1971,1995,25,25,0,0.0,0.0,0.0,0,0,0.0,0,0,0,0,car
MVI_40981,121,1991,1995,5,5,0,0.0,0.0,0.0,0,0,0.0,0,0,0,0,car
MVI_40991,1,1,101,101,101,31,0.3069,0.2805,1.0,1,31,1.24,1,20,0,0,car
MVI_40991,2,36,171,136,136,40,0.2941,0.1616,1.0,1,40,1.6,1,9,0,0,car
MVI_40991,3,91,271,181,181,46,0.2541,0.1432,0.9951,1,46,1.84,1,6,0,0,car
MVI_40991,4,336,441,106,106,49,0.4623,0.2481,1.0,1,49,1.96,1,17,0,0,car
MVI_40991,5,351,556,206,206,131,0.6359,0.2531,0.976,2,93,3.72,1,7,0,0,car
MVI_40991,6,391,516,126,126,32,0.254,0.21,1.0,1,32,1.28,1,19,0,0,car
MVI_40991,7,421,621,201,201,108,0.5373,0.167,0.9891,2,66,2.64,1,6,0,0,car
MVI_40991,8,461,756,296,296,95,0.3209,0.1455,0.9874,2,51,2.04,1,6,0,0,car
MVI_40991,9,561,826,266,266,106,0.3985,0.1626,0.9911,2,88,3.52,1,7,0,0,car
MVI_40991,10,561,726,166,166,84,0.506,0.296,1.0,1,84,3.36,1,24,0,0,car
MVI_40991,11,606,776,171,171,72,0.4211,0.2481,1.0,1,72,2.88,1,29,0,0,car
MVI_40991,12,646,826,181,181,70,0.3867,0.2278,0.9989,1,69,2.76,1,26,0,0,car
MVI_40991,13,676,896,221,221,59,0.267,0.1204,0.9945,2,49,1.96,1,6,0,0,car
MVI_40991,14,726,881,156,156,63,0.4038,0.2557,0.9949,1,63,2.52,1,23,0,0,car
MVI_40991,15,811,936,126,126,57,0.4524,0.2466,1.0,1,57,2.28,1,20,0,0,car
MVI_40991,16,906,1036,131,131,52,0.3969,0.2112,1.0,1,52,2.08,1,18,0,0,car
MVI_40991,17,961,1096,136,136,37,0.2721,0.1718,0.9993,1,37,1.48,2,7,0,0,car
MVI_40991,18,1036,1161,126,126,39,0.3095,0.2111,1.0,2,33,1.32,2,13,0,0,car
MVI_40991,19,1121,1286,166,166,40,0.241,0.1333,0.9994,1,40,1.6,1,5,0,0,car
MVI_40991,20,1166,1331,166,166,32,0.1928,0.1168,0.991,1,32,1.28,1,7,0,0,car
MVI_40991,21,1231,1386,156,156,40,0.2564,0.1943,1.0,1,39,1.56,2,16,0,0,car
MVI_40991,22,1281,1426,146,146,59,0.4041,0.2474,0.9986,1,59,2.36,1,22,0,0,car
MVI_40991,23,1331,1496,166,166,63,0.3795,0.2368,0.9997,1,63,2.52,1,21,0,0,car
MVI_40991,24,1371,1566,196,196,93,0.4745,0.1915,0.9882,2,51,2.04,1,3,0,0,car
MVI_40991,25,1396,1541,146,146,57,0.3904,0.211,1.0,1,57,2.28,2,15,0,0,car
MVI_40991,26,1656,1806,151,151,117,0.7748,0.2973,0.9996,1,117,4.68,1,8,0,0,car
MVI_40991,27,1676,1806,131,131,56,0.4275,0.2443,1.0,1,56,2.24,1,21,0,0,car
MVI_40991,28,1796,1820,25,25,4,0.16,0.0564,0.2573,1,4,0.16,0,0,0,0,car
MVI_40992,1,1,16,16,16,0,0.0,0.0,0.0,0,0,0.0,0,0,0,0,car
MVI_40992,2,1,96,96,96,48,0.5,0.2308,0.9856,2,40,1.6,1,4,0,0,car
MVI_40992,3,31,126,96,96,28,0.2917,0.1687,0.9954,1,28,1.12,1,5,0,0,car
MVI_40992,4,116,226,111,111,39,0.3514,0.1809,0.9863,1,39,1.56,1,3,0,0,car
MVI_40992,5,191,371,181,181,82,0.453,0.2513,0.998,2,66,2.64,1,14,0,0,car
MVI_40992,6,221,321,101,101,52,0.5149,0.2961,1.0,1,52,2.08,1,20,0,0,car
MVI_40992,7,266,376,111,111,35,0.3153,0.1898,1.0,1,35,1.4,2,6,0,0,car
MVI_40992,8,291,396,106,106,75,0.7075,0.3765,0.9981,1,75,3.0,1,6,0,0,car
MVI_40992,9,306,426,121,121,64,0.5289,0.3494,1.0,1,64,2.56,1,22,0,0,car
MVI_40992,10,361,486,126,126,40,0.3175,0.1764,0.9795,1,40,1.6,1,5,0,0,car
MVI_40992,11,491,581,91,91,47,0.5165,0.3547,0.9994,1,47,1.88,1,16,0,0,car
MVI_40992,12,491,651,161,161,101,0.6273,0.2773,0.9858,3,40,1.6,1,4,0,0,car
MVI_40992,13,531,636,106,106,51,0.4811,0.2826,1.0,1,51,2.04,1,18,0,0,car
MVI_40992,14,581,686,106,106,53,0.5,0.3174,1.0,1,53,2.12,1,21,0,0,car
MVI_40992,15,686,796,111,111,59,0.5315,0.3371,1.0,1,59,2.36,1,21,0,0,car
MVI_40992,16,771,886,116,116,58,0.5,0.2942,1.0,1,58,2.32,1,21,0,0,car
MVI_40992,17,836,936,101,101,52,0.5149,0.3035,0.9985,1,52,2.08,1,20,0,0,car
MVI_40992,18,916,1031,116,116,55,0.4741,0.2842,1.0,2,38,1.52,1,21,0,0,car
MVI_40992,19,941,1081,141,141,59,0.4184,0.1858,0.9773,2,40,1.6,1,4,0,0,car
MVI_40992,20,986,1081,96,96,47,0.4896,0.3419,0.9993,1,47,1.88,1,17,0,0,car
MVI_40992,21,996,1141,146,146,97,0.6644,0.2577,1.0,3,44,1.76,2,6,0,0,car
MVI_40992,22,1031,1141,111,111,58,0.5225,0.3417,0.9987,1,58,2.32,1,20,0,0,car
MVI_40992,23,1096,1231,136,136,78,0.5735,0.2361,0.9889,2,46,1.84,1,4,0,0,van
MVI_40992,24,1131,1231,101,101,54,0.5347,0.3278,1.0,1,54,2.16,1,19,0,0,car
MVI_40992,25,1171,1271,101,101,32,0.3168,0.1815,0.9926,1,32,1.28,1,3,0,0,car
MVI_40992,26,1236,1371,136,136,41,0.3015,0.17,0.972,2,39,1.56,1,5,0,0,car
MVI_40992,27,1281,1431,151,151,55,0.3642,0.166,0.9915,2,44,1.76,1,3,0,0,car
MVI_40992,28,1341,1461,121,121,59,0.4876,0.288,1.0,1,59,2.36,1,21,0,0,car
MVI_40992,29,1386,1506,121,121,60,0.4959,0.292,1.0,1,63,2.52,1,23,0,0,car
MVI_40992,30,1431,1541,111,111,85,0.7658,0.3622,0.9956,1,85,3.4,1,6,0,0,car
MVI_40992,31,1446,1556,111,111,63,0.5676,0.3327,1.0,1,63,2.52,1,22,0,0,car
MVI_40992,32,1591,1661,71,71,43,0.6056,0.3786,1.0,1,43,1.72,1,14,0,0,car
MVI_40992,33,1631,1796,166,166,128,0.7711,0.3474,0.9862,1,128,5.12,1,9,0,0,car
MVI_40992,34,1686,1801,116,116,62,0.5345,0.3124,1.0,1,61,2.44,1,20,0,0,car
MVI_40992,35,1721,1851,131,131,64,0.4885,0.3213,1.0,1,64,2.56,1,22,0,0,car
MVI_40992,36,1731,1901,171,171,125,0.731,0.3206,0.9909,3,67,2.68,1,7,0,0,car
MVI_40992,37,1781,1951,171,171,126,0.7368,0.379,0.999,2,91,3.64,1,12,0,0,car
MVI_40992,38,1796,1916,121,121,62,0.5124,0.3402,1.0,1,62,2.48,1,23,0,0,car
MVI_40992,39,1851,1981,131,131,76,0.5802,0.3709,1.0,1,76,3.04,1,30,0,0,car
MVI_40992,40,1901,2011,111,111,49,0.4414,0.2431,0.9481,1,49,1.96,1,5,0,0,car
MVI_40992,41,1991,2081,91,91,52,0.5714,0.3367,0.9975,1,52,2.08,1,19,0,0,car
MVI_40992,42,2041,2131,91,91,55,0.6044,0.3556,1.0,1,55,2.2,1,21,0,0,car
MVI_40992,43,2076,2160,85,85,38,0.4471,0.2478,0.9936,1,38,1.52,1,6,0,0,car
MVI_40992,44,2131,2160,30,30,18,0.6,0.2394,0.4953,1,18,0.72,0,0,0,0,car
MVI_40992,45,2141,2160,20,20,20,1.0,0.4281,0.577,1,20,0.8,0,0,0,0,car
MVI_41063,1,1,21,21,21,0,0.0,0.0,0.0,0,0,0.0,0,0,0,0,car
MVI_41063,2,1,36,36,36,0,0.0,0.0,0.0,0,0,0.0,0,0,0,0,car
MVI_41063,3,1,11,11,11,11,1.0,0.385,0.4679,1,11,0.44,0,0,0,0,car
MVI_41063,4,1,31,31,31,0,0.0,0.0,0.0,0,0,0.0,0,0,0,0,car
MVI_41063,5,1,46,46,46,0,0.0,0.0,0.0,0,0,0.0,0,0,0,0,car
MVI_41063,6,1,71,71,71,0,0.0,0.0,0.0,0,0,0.0,0,0,0,0,car
MVI_41063,7,1,76,76,76,0,0.0,0.0,0.0,0,0,0.0,0,0,0,0,car
MVI_41063,8,6,36,31,31,0,0.0,0.0,0.0,0,0,0.0,0,0,0,0,car
MVI_41063,9,16,21,6,6,0,0.0,0.0,0.0,0,0,0.0,0,0,0,0,car
MVI_41063,10,16,71,56,56,0,0.0,0.0,0.0,0,0,0.0,0,0,0,0,car
MVI_41063,11,16,91,76,76,0,0.0,0.0,0.0,0,0,0.0,0,0,0,0,car
MVI_41063,12,21,91,71,71,65,0.9155,0.5551,0.7193,1,65,2.6,0,0,0,0,car
MVI_41063,13,31,61,31,31,0,0.0,0.0,0.0,0,0,0.0,0,0,0,0,car
MVI_41063,14,36,81,46,46,0,0.0,0.0,0.0,0,0,0.0,0,0,0,0,car
MVI_41063,15,36,106,71,71,0,0.0,0.0,0.0,0,0,0.0,0,0,0,0,van
MVI_41063,16,76,76,1,1,0,0.0,0.0,0.0,0,0,0.0,0,0,0,0,car
MVI_41063,17,81,161,81,81,0,0.0,0.0,0.0,0,0,0.0,0,0,0,0,car
MVI_41063,18,81,171,91,91,30,0.3297,0.1238,0.5083,1,30,1.2,0,0,0,0,car
MVI_41063,19,86,111,26,26,0,0.0,0.0,0.0,0,0,0.0,0,0,0,0,car
MVI_41063,20,86,151,66,66,61,0.9242,0.4526,0.6262,1,61,2.44,0,0,0,0,car
MVI_41063,21,101,181,81,81,0,0.0,0.0,0.0,0,0,0.0,0,0,0,0,car
MVI_41063,22,126,191,66,66,61,0.9242,0.6324,0.9585,1,61,2.44,1,10,0,0,car
MVI_41063,23,131,196,66,66,65,0.9848,0.3993,0.5242,1,65,2.6,0,0,0,0,van
MVI_41063,24,131,181,51,51,0,0.0,0.0,0.0,0,0,0.0,0,0,0,0,car
MVI_41063,25,156,206,51,51,0,0.0,0.0,0.0,0,0,0.0,0,0,0,0,car
MVI_41063,26,166,206,41,41,0,0.0,0.0,0.0,0,0,0.0,0,0,0,0,car
MVI_41063,27,171,241,71,71,15,0.2113,0.0704,0.4786,1,15,0.6,0,0,0,0,car
MVI_41063,28,181,246,66,66,62,0.9394,0.4341,0.5798,1,62,2.48,0,0,0,0,car
MVI_41063,29,191,231,41,41,0,0.0,0.0,0.0,0,0,0.0,0,0,0,0,car
MVI_41063,30,196,226,31,31,0,0.0,0.0,0.0,0,0,0.0,0,0,0,0,car
MVI_41063,31,206,256,51,51,0,0.0,0.0,0.0,0,0,0.0,0,0,0,0,car
MVI_41063,32,216,301,86,86,21,0.2442,0.0969,0.4694,1,21,0.84,0,0,0,0,car
MVI_41063,33,221,286,66,66,0,0.0,0.0,0.0,0,0,0.0,0,0,0,0,car
MVI_41063,34,221,301,81,81,81,1.0,0.408,0.5465,1,81,3.24,0,0,0,0,car
MVI_41063,35,236,301,66,66,65,0.9848,0.4522,0.619,1,65,2.6,0,0,0,0,car
MVI_41063,36,246,296,51,51,0,0.0,0.0,0.0,0,0,0.0,0,0,0,0,car
MVI_41063,37,246,296,51,51,0,0.0,0.0,0.0,0,0,0.0,0,0,0,0,car
MVI_41063,38,281,366,86,86,9,0.1047,0.0234,0.2502,1,9,0.36,0,0,0,0,van
MVI_41063,39,291,356,66,66,64,0.9697,0.5182,0.7005,1,64,2.56,0,0,0,0,car
MVI_41063,40,301,371,71,71,0,0.0,0.0,0.0,0,0,0.0,0,0,0,0,car
MVI_41063,41,321,401,81,81,44,0.5432,0.1397,0.3587,1,44,1.76,0,0,0,0,car
MVI_41063,42,331,381,51,51,0,0.0,0.0,0.0,0,0,0.0,0,0,0,0,van
MVI_41063,43,331,386,56,56,30,0.5357,0.146,0.3991,1,30,1.2,0,0,0,0,car
MVI_41063,44,331,396,66,66,63,0.9545,0.4676,0.6349,1,63,2.52,0,0,0,0,car
MVI_41063,45,351,441,91,91,0,0.0,0.0,0.0,0,0,0.0,0,0,0,0,car
MVI_41063,46,366,446,81,81,39,0.4815,0.1711,0.506,1,39,1.56,0,0,0,0,car
MVI_41063,47,371,441,71,71,67,0.9437,0.439,0.6434,1,67,2.68,0,0,0,0,car
MVI_41063,48,386,436,51,51,0,0.0,0.0,0.0,0,0,0.0,0,0,0,0,van
MVI_41063,49,396,481,86,86,0,0.0,0.0,0.0,0,0,0.0,0,0,0,0,car
MVI_41063,50,401,441,41,41,0,0.0,0.0,0.0,0,0,0.0,0,0,0,0,van
MVI_41063,51,401,481,81,81,0,0.0,0.0,0.0,0,0,0.0,0,0,0,0,car
MVI_41063,52,406,431,26,26,0,0.0,0.0,0.0,0,0,0.0,0,0,0,0,car
MVI_41063,53,431,471,41,41,0,0.0,0.0,0.0,0,0,0.0,0,0,0,0,van
MVI_41063,54,461,486,26,26,0,0.0,0.0,0.0,0,0,0.0,0,0,0,0,car
MVI_41063,55,461,541,81,81,0,0.0,0.0,0.0,0,0,0.0,0,0,0,0,car
MVI_41063,56,491,526,36,36,0,0.0,0.0,0.0,0,0,0.0,0,0,0,0,car
MVI_41063,57,526,591,66,66,60,0.9091,0.4274,0.5782,1,60,2.4,0,0,0,0,van
MVI_41063,58,541,621,81,81,0,0.0,0.0,0.0,0,0,0.0,0,0,0,0,car
MVI_41063,59,546,621,76,76,44,0.5789,0.1032,0.1442,2,42,1.68,0,0,0,0,bus
MVI_41063,60,561,606,46,46,0,0.0,0.0,0.0,0,0,0.0,0,0,0,0,car
MVI_41063,61,576,656,81,81,27,0.3333,0.1056,0.3978,1,27,1.08,0,0,0,0,car
MVI_41063,62,581,616,36,36,0,0.0,0.0,0.0,0,0,0.0,0,0,0,0,car
MVI_41063,63,581,626,46,46,0,0.0,0.0,0.0,0,0,0.0,0,0,0,0,car
MVI_41063,64,581,646,66,66,61,0.9242,0.5719,0.793,1,61,2.44,0,0,0,0,car
MVI_41063,65,591,661,71,71,0,0.0,0.0,0.0,0,0,0.0,0,0,0,0,car
MVI_41063,66,601,636,36,36,0,0.0,0.0,0.0,0,0,0.0,0,0,0,0,car
MVI_41063,67,601,656,56,56,0,0.0,0.0,0.0,0,0,0.0,0,0,0,0,car
MVI_41063,68,616,696,81,81,20,0.2469,0.0692,0.4986,1,20,0.8,0,0,0,0,car
MVI_41063,69,621,666,46,46,0,0.0,0.0,0.0,0,0,0.0,0,0,0,0,car
MVI_41063,70,631,706,76,76,0,0.0,0.0,0.0,0,0,0.0,0,0,0,0,car
MVI_41063,71,636,701,66,66,65,0.9848,0.5416,0.6882,1,65,2.6,0,0,0,0,car
MVI_41063,72,666,701,36,36,0,0.0,0.0,0.0,0,0,0.0,0,0,0,0,car
MVI_41063,73,666,741,76,76,0,0.0,0.0,0.0,0,0,0.0,0,0,0,0,car
MVI_41063,74,686,726,41,41,0,0.0,0.0,0.0,0,0,0.0,0,0,0,0,car
MVI_41063,75,696,751,56,56,0,0.0,0.0,0.0,0,0,0.0,0,0,0,0,car
MVI_41063,76,716,781,66,66,64,0.9697,0.4727,0.6016,1,64,2.56,0,0,0,0,car
MVI_41063,77,721,771,51,51,0,0.0,0.0,0.0,0,0,0.0,0,0,0,0,car
MVI_41063,78,736,811,76,76,39,0.5132,0.1426,0.3775,1,39,1.56,0,0,0,0,car
MVI_41063,79,746,811,66,66,61,0.9242,0.5643,0.7468,1,61,2.44,0,0,0,0,car
MVI_41063,80,751,806,56,56,0,0.0,0.0,0.0,0,0,0.0,0,0,0,0,car
MVI_41063,81,751,826,76,76,0,0.0,0.0,0.0,0,0,0.0,0,0,0,0,car
MVI_41063,82,751,886,136,136,38,0.2794,0.0772,0.3675,2,27,1.08,0,0,0,0,van
MVI_41063,83,766,796,31,31,0,0.0,0.0,0.0,0,0,0.0,0,0,0,0,car
MVI_41063,84,771,856,86,86,19,0.2209,0.0291,0.1552,1,19,0.76,0,0,0,0,car
MVI_41063,85,776,826,51,51,0,0.0,0.0,0.0,0,0,0.0,0,0,0,0,car
MVI_41063,86,776,866,91,91,40,0.4396,0.2655,1.0,1,40,1.6,1,4,0,0,car
MVI_41063,87,781,856,76,76,72,0.9474,0.4136,0.5629,1,72,2.88,0,0,0,0,van
MVI_41063,88,796,811,16,16,0,0.0,0.0,0.0,0,0,0.0,0,0,0,0,car
MVI_41063,89,801,886,86,86,0,0.0,0.0,0.0,0,0,0.0,0,0,0,0,car
MVI_41063,90,806,906,101,101,0,0.0,0.0,0.0,0,0,0.0,0,0,0,0,car
MVI_41063,91,821,876,56,56,0,0.0,0.0,0.0,0,0,0.0,0,0,0,0,car
MVI_41063,92,836,921,86,86,0,0.0,0.0,0.0,0,0,0.0,0,0,0,0,car
MVI_41063,93,851,921,71,71,66,0.9296,0.5088,0.7036,1,66,2.64,0,0,0,0,car
MVI_41063,94,866,916,51,51,0,0.0,0.0,0.0,0,0,0.0,0,0,0,0,car
MVI_41063,95,886,961,76,76,0,0.0,0.0,0.0,0,0,0.0,0,0,0,0,van
MVI_41063,96,896,926,31,31,0,0.0,0.0,0.0,0,0,0.0,0,0,0,0,car
MVI_41063,97,911,981,71,71,0,0.0,0.0,0.0,0,0,0.0,0,0,0,0,car
MVI_41063,98,916,966,51,51,0,0.0,0.0,0.0,0,0,0.0,0,0,0,0,car
MVI_41063,99,921,971,51,51,0,0.0,0.0,0.0,0,0,0.0,0,0,0,0,car
MVI_41063,100,936,971,36,36,0,0.0,0.0,0.0,0,0,0.0,0,0,0,0,car
MVI_41063,101,941,1021,81,81,0,0.0,0.0,0.0,0,0,0.0,0,0,0,0,car
MVI_41063,102,946,1006,61,61,0,0.0,0.0,0.0,0,0,0.0,0,0,0,0,car
MVI_41063,103,976,1006,31,31,0,0.0,0.0,0.0,0,0,0.0,0,0,0,0,car
MVI_41063,104,976,1041,66,66,61,0.9242,0.1835,0.271,1,61,2.44,0,0,0,0,car
MVI_41063,105,981,1046,66,66,64,0.9697,0.571,0.7182,1,64,2.56,0,0,0,0,car
MVI_41063,106,991,1031,41,41,0,0.0,0.0,0.0,0,0,0.0,0,0,0,0,car
MVI_41063,107,1001,1031,31,31,0,0.0,0.0,0.0,0,0,0.0,0,0,0,0,car
MVI_41063,108,1006,1056,51,51,0,0.0,0.0,0.0,0,0,0.0,0,0,0,0,car
MVI_41063,109,1021,1086,66,66,65,0.9848,0.5211,0.6455,1,65,2.6,0,0,0,0,van
MVI_41063,110,1067,1126,60,60,9,0.15,0.076,0.8262,1,9,0.36,0,0,0,0,car
MVI_41063,111,1026,1106,81,81,54,0.6667,0.1421,0.287,1,54,2.16,0,0,0,0,others
MVI_41063,112,1036,1111,76,76,0,0.0,0.0,0.0,0,0,0.0,0,0,0,0,van
MVI_41063,113,1061,1181,121,121,39,0.3223,0.1202,0.4985,2,22,0.88,0,0,0,0,car
MVI_41063,114,1076,1131,56,56,0,0.0,0.0,0.0,0,0,0.0,0,0,0,0,car
MVI_41063,115,1076,1146,71,71,0,0.0,0.0,0.0,0,0,0.0,0,0,0,0,car
MVI_41063,116,1081,1121,41,41,0,0.0,0.0,0.0,0,0,0.0,0,0,0,0,car
MVI_41063,117,1081,1146,66,66,63,0.9545,0.5882,0.7594,1,63,2.52,0,0,0,0,car
MVI_41063,118,1096,1126,31,31,0,0.0,0.0,0.0,0,0,0.0,0,0,0,0,car
MVI_41063,119,1096,1171,76,76,0,0.0,0.0,0.0,0,0,0.0,0,0,0,0,car
MVI_41063,120,1101,1181,81,81,0,0.0,0.0,0.0,0,0,0.0,0,0,0,0,car
MVI_41063,121,1116,1181,66,66,65,0.9848,0.5291,0.6654,1,65,2.6,0,0,0,0,car
MVI_41063,122,1126,1196,71,71,0,0.0,0.0,0.0,0,0,0.0,0,0,0,0,car
MVI_41063,123,1131,1171,41,41,0,0.0,0.0,0.0,0,0,0.0,0,0,0,0,car
MVI_41063,124,1131,1161,31,31,0,0.0,0.0,0.0,0,0,0.0,0,0,0,0,car
MVI_41063,125,1146,1221,76,76,71,0.9342,0.5501,0.7369,1,71,2.84,0,0,0,0,car
MVI_41063,126,1151,1206,56,56,0,0.0,0.0,0.0,0,0,0.0,0,0,0,0,car
MVI_41063,127,1181,1236,56,56,0,0.0,0.0,0.0,0,0,0.0,0,0,0,0,car
MVI_41063,128,1191,1251,61,61,0,0.0,0.0,0.0,0,0,0.0,0,0,0,0,car
MVI_41063,129,1191,1251,61,61,58,0.9508,0.4991,0.7165,1,58,2.32,0,0,0,0,car
MVI_41063,130,1216,1291,76,76,53,0.6974,0.2287,0.4377,1,53,2.12,0,0,0,0,car
MVI_41063,131,1221,1291,71,71,66,0.9296,0.5418,0.7146,1,66,2.64,0,0,0,0,car
MVI_41063,132,1221,1301,81,81,36,0.4444,0.1691,0.6264,1,36,1.44,0,0,0,0,van
MVI_41063,133,1226,1291,66,66,9,0.1364,0.024,0.121,1,8,0.32,0,0,0,0,van
MVI_41063,134,1241,1291,51,51,0,0.0,0.0,0.0,0,0,0.0,0,0,0,0,car
MVI_41063,135,1241,1321,81,81,0,0.0,0.0,0.0,0,0,0.0,0,0,0,0,car
MVI_41063,136,1251,1276,26,26,0,0.0,0.0,0.0,0,0,0.0,0,0,0,0,car
MVI_41063,137,1256,1336,81,81,0,0.0,0.0,0.0,0,0,0.0,0,0,0,0,car
MVI_41063,138,1261,1319,59,59,0,0.0,0.0,0.0,0,0,0.0,0,0,0,0,car
MVI_41063,139,1266,1371,106,106,44,0.4151,0.0856,0.2585,1,44,1.76,0,0,0,0,others
MVI_41063,140,1281,1341,61,61,61,1.0,0.6336,0.753,1,61,2.44,0,0,0,0,car
MVI_41063,141,1281,1361,81,81,19,0.2346,0.0567,0.5008,1,19,0.76,0,0,0,0,car
MVI_41063,142,1281,1361,81,81,61,0.7531,0.3202,1.0,2,41,1.64,1,6,0,0,van
MVI_41063,143,1291,1321,31,31,0,0.0,0.0,0.0,0,0,0.0,0,0,0,0,car
MVI_41063,144,1291,1346,56,56,0,0.0,0.0,0.0,0,0,0.0,0,0,0,0,car
MVI_41063,145,1316,1421,106,106,21,0.1981,0.042,0.2947,1,21,0.84,0,0,0,0,van
MVI_41063,146,1330,1381,52,52,0,0.0,0.0,0.0,0,0,0.0,0,0,0,0,car
MVI_41063,147,1331,1396,66,66,65,0.9848,0.3983,0.4981,1,65,2.6,0,0,0,0,car
MVI_41063,148,1336,1411,76,76,0,0.0,0.0,0.0,0,0,0.0,0,0,0,0,car
MVI_41063,149,1346,1391,46,46,0,0.0,0.0,0.0,0,0,0.0,0,0,0,0,car
MVI_41063,150,1351,1416,66,66,64,0.9697,0.6076,0.7271,1,64,2.56,0,0,0,0,car
MVI_41063,151,1361,1436,76,76,0,0.0,0.0,0.0,0,0,0.0,0,0,0,0,car
MVI_41063,152,1371,1396,26,26,0,0.0,0.0,0.0,0,0,0.0,0,0,0,0,car
MVI_41063,153,1376,1426,51,51,0,0.0,0.0,0.0,0,0,0.0,0,0,0,0,car
MVI_41063,154,1396,1466,71,71,67,0.9437,0.4538,0.6999,1,67,2.68,0,0,0,0,car
MVI_41063,155,1396,1416,21,21,0,0.0,0.0,0.0,0,0,0.0,0,0,0,0,car
MVI_41063,156,1426,1505,80,80,0,0.0,0.0,0.0,0,0,0.0,0,0,0,0,car
MVI_41063,157,1426,1505,80,80,80,1.0,0.4196,0.5395,1,80,3.2,0,0,0,0,car
MVI_41063,158,1426,1505,80,80,31,0.3875,0.1541,0.5449,1,31,1.24,0,0,0,0,car
MVI_41063,159,1426,1476,51,51,0,0.0,0.0,0.0,0,0,0.0,0,0,0,0,car
MVI_41063,160,1451,1505,55,55,51,0.9273,0.4538,0.6576,1,51,2.04,0,0,0,0,car
MVI_41063,161,1451,1505,55,55,0,0.0,0.0,0.0,0,0,0.0,0,0,0,0,van
MVI_41063,162,1456,1501,46,46,0,0.0,0.0,0.0,0,0,0.0,0,0,0,0,van
MVI_41063,163,1461,1505,45,45,0,0.0,0.0,0.0,0,0,0.0,0,0,0,0,car
MVI_41063,164,1466,1505,40,40,0,0.0,0.0,0.0,0,0,0.0,0,0,0,0,car
MVI_41063,165,1496,1505,10,10,0,0.0,0.0,0.0,0,0,0.0,0,0,0,0,car
MVI_41063,166,1141,1231,91,91,0,0.0,0.0,0.0,0,0,0.0,0,0,0,0,car
MVI_41063,167,1325,1366,42,42,0,0.0,0.0,0.0,0,0,0.0,0,0,0,0,car
MVI_41073,1,1,51,51,51,0,0.0,0.0,0.0,0,0,0.0,0,0,0,0,car
MVI_41073,2,1,36,36,36,0,0.0,0.0,0.0,0,0,0.0,0,0,0,0,car
MVI_41073,3,1,6,6,6,0,0.0,0.0,0.0,0,0,0.0,0,0,0,0,car
MVI_41073,4,1,41,41,41,0,0.0,0.0,0.0,0,0,0.0,0,0,0,0,car
MVI_41073,5,1,61,61,61,0,0.0,0.0,0.0,0,0,0.0,0,0,0,0,van
MVI_41073,6,6,26,21,21,0,0.0,0.0,0.0,0,0,0.0,0,0,0,0,car
MVI_41073,7,6,66,61,61,57,0.9344,0.395,0.6267,1,57,2.28,0,0,0,0,car
MVI_41073,8,6,71,66,66,0,0.0,0.0,0.0,0,0,0.0,0,0,0,0,car
MVI_41073,9,26,96,71,71,0,0.0,0.0,0.0,0,0,0.0,0,0,0,0,car
MVI_41073,10,36,81,46,46,0,0.0,0.0,0.0,0,0,0.0,0,0,0,0,van
MVI_41073,11,41,101,61,61,58,0.9508,0.408,0.5988,1,58,2.32,0,0,0,0,car
MVI_41073,12,56,151,96,96,64,0.6667,0.1984,0.4699,2,49,1.96,0,0,0,0,car
MVI_41073,13,61,136,76,76,0,0.0,0.0,0.0,0,0,0.0,0,0,0,0,car
MVI_41073,14,76,141,66,66,59,0.8939,0.3954,0.5687,1,59,2.36,0,0,0,0,car
MVI_41073,15,81,151,71,71,0,0.0,0.0,0.0,0,0,0.0,0,0,0,0,van
MVI_41073,16,91,111,21,21,0,0.0,0.0,0.0,0,0,0.0,0,0,0,0,car
MVI_41073,17,131,201,71,71,66,0.9296,0.334,0.5535,1,66,2.64,0,0,0,0,car
MVI_41073,18,136,201,66,66,60,0.9091,0.4846,0.6967,1,60,2.4,0,0,0,0,car
MVI_41073,19,141,196,56,56,0,0.0,0.0,0.0,0,0,0.0,0,0,0,0,car
MVI_41073,20,141,241,101,101,27,0.2673,0.0981,0.4891,1,27,1.08,0,0,0,0,car
MVI_41073,21,156,221,66,66,0,0.0,0.0,0.0,0,0,0.0,0,0,0,0,car
MVI_41073,22,161,201,41,41,0,0.0,0.0,0.0,0,0,0.0,0,0,0,0,car
MVI_41073,23,176,196,21,21,0,0.0,0.0,0.0,0,0,0.0,0,0,0,0,car
MVI_41073,24,181,271,91,91,0,0.0,0.0,0.0,0,0,0.0,0,0,0,0,car
MVI_41073,25,206,246,41,41,0,0.0,0.0,0.0,0,0,0.0,0,0,0,0,car
MVI_41073,26,216,296,81,81,0,0.0,0.0,0.0,0,0,0.0,0,0,0,0,car
MVI_41073,27,246,321,76,76,0,0.0,0.0,0.0,0,0,0.0,0,0,0,0,car
MVI_41073,28,256,291,36,36,0,0.0,0.0,0.0,0,0,0.0,0,0,0,0,car
MVI_41073,29,271,336,66,66,61,0.9242,0.5313,0.7065,1,61,2.44,0,0,0,0,car
MVI_41073,30,291,366,76,76,0,0.0,0.0,0.0,0,0,0.0,0,0,0,0,car
MVI_41073,31,301,341,41,41,0,0.0,0.0,0.0,0,0,0.0,0,0,0,0,car
MVI_41073,32,321,341,21,21,0,0.0,0.0,0.0,0,0,0.0,0,0,0,0,car
MVI_41073,33,356,426,71,71,0,0.0,0.0,0.0,0,0,0.0,0,0,0,0,car
MVI_41073,34,381,436,56,56,0,0.0,0.0,0.0,0,0,0.0,0,0,0,0,car
MVI_41073,35,396,476,81,81,0,0.0,0.0,0.0,0,0,0.0,0,0,0,0,car
MVI_41073,36,411,461,51,51,0,0.0,0.0,0.0,0,0,0.0,0,0,0,0,car
MVI_41073,37,411,486,76,76,0,0.0,0.0,0.0,0,0,0.0,0,0,0,0,car
MVI_41073,38,416,451,36,36,0,0.0,0.0,0.0,0,0,0.0,0,0,0,0,car
MVI_41073,39,431,471,41,41,0,0.0,0.0,0.0,0,0,0.0,0,0,0,0,car
MVI_41073,40,431,496,66,66,61,0.9242,0.485,0.5905,1,61,2.44,0,0,0,0,car
MVI_41073,41,431,506,76,76,51,0.6711,0.3007,0.6022,1,51,2.04,0,0,0,0,car
MVI_41073,42,446,461,16,16,0,0.0,0.0,0.0,0,0,0.0,0,0,0,0,car
MVI_41073,43,446,536,91,91,0,0.0,0.0,0.0,0,0,0.0,0,0,0,0,van
MVI_41073,44,466,531,66,66,38,0.5758,0.2301,0.8107,1,38,1.52,0,0,0,0,car
MVI_41073,45,481,506,26,26,0,0.0,0.0,0.0,0,0,0.0,0,0,0,0,car
MVI_41073,46,481,551,71,71,42,0.5915,0.2371,0.6291,1,42,1.68,0,0,0,0,car
MVI_41073,47,491,551,61,61,57,0.9344,0.5512,0.6757,1,57,2.28,0,0,0,0,car
MVI_41073,48,501,536,36,36,0,0.0,0.0,0.0,0,0,0.0,0,0,0,0,van
MVI_41073,49,526,551,26,26,0,0.0,0.0,0.0,0,0,0.0,0,0,0,0,car
MVI_41073,50,531,611,81,81,0,0.0,0.0,0.0,0,0,0.0,0,0,0,0,car
MVI_41073,51,536,536,1,1,0,0.0,0.0,0.0,0,0,0.0,0,0,0,0,car
MVI_41073,52,561,606,46,46,0,0.0,0.0,0.0,0,0,0.0,0,0,0,0,van
MVI_41073,53,561,616,56,56,52,0.9286,0.624,0.7557,1,52,2.08,0,0,0,0,car
MVI_41073,54,561,641,81,81,0,0.0,0.0,0.0,0,0,0.0,0,0,0,0,car
MVI_41073,55,566,656,91,91,21,0.2308,0.0523,0.3316,1,21,0.84,0,0,0,0,car
MVI_41073,56,596,681,86,86,0,0.0,0.0,0.0,0,0,0.0,0,0,0,0,car
MVI_41073,57,611,666,56,56,0,0.0,0.0,0.0,0,0,0.0,0,0,0,0,car
MVI_41073,58,611,636,26,26,0,0.0,0.0,0.0,0,0,0.0,0,0,0,0,car
MVI_41073,59,631,706,76,76,0,0.0,0.0,0.0,0,0,0.0,0,0,0,0,car
MVI_41073,60,646,721,76,76,0,0.0,0.0,0.0,0,0,0.0,0,0,0,0,car
MVI_41073,61,651,731,81,81,21,0.2593,0.0554,0.2764,1,21,0.84,0,0,0,0,car
MVI_41073,62,676,716,41,41,0,0.0,0.0,0.0,0,0,0.0,0,0,0,0,car
MVI_41073,63,676,741,66,66,63,0.9545,0.502,0.6118,1,63,2.52,0,0,0,0,car
MVI_41073,64,681,711,31,31,0,0.0,0.0,0.0,0,0,0.0,0,0,0,0,car
MVI_41073,65,681,746,66,66,0,0.0,0.0,0.0,0,0,0.0,0,0,0,0,car
MVI_41073,66,681,766,86,86,46,0.5349,0.3641,1.0,1,46,1.84,1,19,0,0,car
MVI_41073,67,701,766,66,66,0,0.0,0.0,0.0,0,0,0.0,0,0,0,0,others
MVI_41073,68,711,791,81,81,0,0.0,0.0,0.0,0,0,0.0,0,0,0,0,car
MVI_41073,69,721,756,36,36,0,0.0,0.0,0.0,0,0,0.0,0,0,0,0,car
MVI_41073,70,721,746,26,26,0,0.0,0.0,0.0,0,0,0.0,0,0,0,0,car
MVI_41073,71,731,791,61,61,0,0.0,0.0,0.0,0,0,0.0,0,0,0,0,car
MVI_41073,72,746,806,61,61,56,0.918,0.4885,0.6319,1,56,2.24,0,0,0,0,car
MVI_41073,73,756,786,31,31,0,0.0,0.0,0.0,0,0,0.0,0,0,0,0,car
MVI_41073,74,756,836,81,81,0,0.0,0.0,0.0,0,0,0.0,0,0,0,0,car
MVI_41073,75,761,841,81,81,0,0.0,0.0,0.0,0,0,0.0,0,0,0,0,car
MVI_41073,76,776,841,66,66,66,1.0,0.4053,0.5655,1,66,2.64,0,0,0,0,car
MVI_41073,77,811,866,56,56,0,0.0,0.0,0.0,0,0,0.0,0,0,0,0,car
MVI_41073,78,826,866,41,41,0,0.0,0.0,0.0,0,0,0.0,0,0,0,0,car
MVI_41073,79,836,911,76,76,0,0.0,0.0,0.0,0,0,0.0,0,0,0,0,car
MVI_41073,80,836,901,66,66,41,0.6212,0.1778,0.3788,1,41,1.64,0,0,0,0,car
MVI_41073,81,856,931,76,76,71,0.9342,0.4283,0.6101,1,71,2.84,0,0,0,0,car
MVI_41073,82,866,941,76,76,0,0.0,0.0,0.0,0,0,0.0,0,0,0,0,car
MVI_41073,83,871,951,81,81,51,0.6296,0.1524,0.727,1,51,2.04,0,0,0,0,van
MVI_41073,84,881,951,71,71,67,0.9437,0.3822,0.5721,1,67,2.68,0,0,0,0,car
MVI_41073,85,881,896,16,16,0,0.0,0.0,0.0,0,0,0.0,0,0,0,0,car
MVI_41073,86,906,946,41,41,0,0.0,0.0,0.0,0,0,0.0,0,0,0,0,car
MVI_41073,87,906,931,26,26,0,0.0,0.0,0.0,0,0,0.0,0,0,0,0,car
MVI_41073,88,916,961,46,46,0,0.0,0.0,0.0,0,0,0.0,0,0,0,0,car
MVI_41073,89,921,991,71,71,0,0.0,0.0,0.0,0,0,0.0,0,0,0,0,car
MVI_41073,90,926,1001,76,76,69,0.9079,0.3253,0.5947,1,71,2.84,0,0,0,0,car
MVI_41073,91,951,1016,66,66,0,0.0,0.0,0.0,0,0,0.0,0,0,0,0,car
MVI_41073,92,951,1036,86,86,0,0.0,0.0,0.0,0,0,0.0,0,0,0,0,car
MVI_41073,93,956,996,41,41,0,0.0,0.0,0.0,0,0,0.0,0,0,0,0,car
MVI_41073,94,971,1031,61,61,0,0.0,0.0,0.0,0,0,0.0,0,0,0,0,van
MVI_41073,95,991,1071,81,81,0,0.0,0.0,0.0,0,0,0.0,0,0,0,0,car
MVI_41073,96,991,1061,71,71,63,0.8873,0.1995,0.3579,1,64,2.56,0,0,0,0,van
MVI_41073,97,1011,1056,46,46,0,0.0,0.0,0.0,0,0,0.0,0,0,0,0,van
MVI_41073,98,1041,1111,71,71,65,0.9155,0.3253,0.4682,1,65,2.6,0,0,0,0,car
MVI_41073,99,1066,1146,81,81,0,0.0,0.0,0.0,0,0,0.0,0,0,0,0,car
MVI_41073,100,1071,1126,56,56,0,0.0,0.0,0.0,0,0,0.0,0,0,0,0,car
MVI_41073,101,1086,1176,91,91,0,0.0,0.0,0.0,0,0,0.0,0,0,0,0,car
MVI_41073,102,1096,1121,26,26,0,0.0,0.0,0.0,0,0,0.0,0,0,0,0,car
MVI_41073,103,1116,1156,41,41,0,0.0,0.0,0.0,0,0,0.0,0,0,0,0,car
MVI_41073,104,1116,1186,71,71,65,0.9155,0.4068,0.5275,1,65,2.6,0,0,0,0,car
MVI_41073,105,1126,1211,86,86,48,0.5581,0.2351,0.6236,1,48,1.92,0,0,0,0,car
MVI_41073,106,1131,1221,91,91,41,0.4505,0.1268,0.3998,1,41,1.64,0,0,0,0,car
MVI_41073,107,1136,1206,71,71,0,0.0,0.0,0.0,0,0,0.0,0,0,0,0,car
MVI_41073,108,1166,1256,91,91,0,0.0,0.0,0.0,0,0,0.0,0,0,0,0,car
MVI_41073,109,1181,1226,46,46,0,0.0,0.0,0.0,0,0,0.0,0,0,0,0,car
MVI_41073,110,1181,1271,91,91,0,0.0,0.0,0.0,0,0,0.0,0,0,0,0,car
MVI_41073,111,1116,1191,76,76,61,0.8026,0.5563,0.9165,1,61,2.44,1,3,0,0,car
MVI_41073,112,1201,1251,51,51,0,0.0,0.0,0.0,0,0,0.0,0,0,0,0,car
MVI_41073,113,1226,1311,86,86,0,0.0,0.0,0.0,0,0,0.0,0,0,0,0,van
MVI_41073,114,1241,1326,86,86,0,0.0,0.0,0.0,0,0,0.0,0,0,0,0,car
MVI_41073,115,1246,1296,51,51,0,0.0,0.0,0.0,0,0,0.0,0,0,0,0,car
MVI_41073,116,1251,1321,71,71,68,0.9577,0.5619,0.7068,1,68,2.72,0,0,0,0,car
MVI_41073,117,1246,1271,26,26,0,0.0,0.0,0.0,0,0,0.0,0,0,0,0,car
MVI_41073,118,1261,1346,86,86,0,0.0,0.0,0.0,0,0,0.0,0,0,0,0,car
MVI_41073,119,1271,1351,81,81,0,0.0,0.0,0.0,0,0,0.0,0,0,0,0,car
MVI_41073,120,1286,1336,51,51,0,0.0,0.0,0.0,0,0,0.0,0,0,0,0,car
MVI_41073,121,1286,1361,76,76,69,0.9079,0.5063,0.646,1,69,2.76,0,0,0,0,car
MVI_41073,122,1316,1366,51,51,0,0.0,0.0,0.0,0,0,0.0,0,0,0,0,car
MVI_41073,123,1331,1361,31,31,0,0.0,0.0,0.0,0,0,0.0,0,0,0,0,car
MVI_41073,124,1331,1401,71,71,0,0.0,0.0,0.0,0,0,0.0,0,0,0,0,car
MVI_41073,125,1351,1406,56,56,0,0.0,0.0,0.0,0,0,0.0,0,0,0,0,car
MVI_41073,126,1356,1426,71,71,68,0.9577,0.6316,0.7566,1,68,2.72,0,0,0,0,car
MVI_41073,127,1361,1416,56,56,0,0.0,0.0,0.0,0,0,0.0,0,0,0,0,car
MVI_41073,128,1361,1441,81,81,0,0.0,0.0,0.0,0,0,0.0,0,0,0,0,car
MVI_41073,129,1371,1451,81,81,0,0.0,0.0,0.0,0,0,0.0,0,0,0,0,car
MVI_41073,130,1386,1466,81,81,0,0.0,0.0,0.0,0,0,0.0,0,0,0,0,car
MVI_41073,131,1401,1456,56,56,0,0.0,0.0,0.0,0,0,0.0,0,0,0,0,car
MVI_41073,132,1416,1496,81,81,0,0.0,0.0,0.0,0,0,0.0,0,0,0,0,van
MVI_41073,133,1431,1516,86,86,0,0.0,0.0,0.0,0,0,0.0,0,0,0,0,car
MVI_41073,134,1431,1501,71,71,64,0.9014,0.522,0.697,1,64,2.56,0,0,0,0,car
MVI_41073,135,1456,1531,76,76,0,0.0,0.0,0.0,0,0,0.0,0,0,0,0,car
MVI_41073,136,1456,1536,81,81,51,0.6296,0.3003,0.6948,1,51,2.04,0,0,0,0,car
MVI_41073,137,1456,1526,71,71,64,0.9014,0.4837,0.6071,1,64,2.56,0,0,0,0,car
MVI_41073,138,1461,1541,81,81,0,0.0,0.0,0.0,0,0,0.0,0,0,0,0,car
MVI_41073,139,1476,1531,56,56,22,0.3929,0.0871,0.2377,1,22,0.88,0,0,0,0,car
MVI_41073,140,1486,1526,41,41,0,0.0,0.0,0.0,0,0,0.0,0,0,0,0,car
MVI_41073,141,1486,1506,21,21,0,0.0,0.0,0.0,0,0,0.0,0,0,0,0,car
MVI_41073,142,1516,1586,71,71,64,0.9014,0.5845,0.7157,1,64,2.56,0,0,0,0,car
MVI_41073,143,1516,1601,86,86,19,0.2209,0.0909,0.9871,1,19,0.76,1,1,0,0,car
MVI_41073,144,1531,1601,71,71,0,0.0,0.0,0.0,0,0,0.0,0,0,0,0,car
MVI_41073,145,1536,1581,46,46,0,0.0,0.0,0.0,0,0,0.0,0,0,0,0,car
MVI_41073,146,1541,1566,26,26,0,0.0,0.0,0.0,0,0,0.0,0,0,0,0,car
MVI_41073,147,1561,1616,56,56,0,0.0,0.0,0.0,0,0,0.0,0,0,0,0,van
MVI_41073,148,1571,1626,56,56,0,0.0,0.0,0.0,0,0,0.0,0,0,0,0,car
MVI_41073,149,1586,1586,1,1,0,0.0,0.0,0.0,0,0,0.0,0,0,0,0,car
MVI_41073,150,1601,1626,26,26,0,0.0,0.0,0.0,0,0,0.0,0,0,0,0,car
MVI_41073,151,1621,1686,66,66,63,0.9545,0.5835,0.7219,1,63,2.52,0,0,0,0,car
MVI_41073,152,1626,1671,46,46,0,0.0,0.0,0.0,0,0,0.0,0,0,0,0,car
MVI_41073,153,1636,1721,86,86,0,0.0,0.0,0.0,0,0,0.0,0,0,0,0,van
MVI_41073,154,1651,1721,71,71,19,0.2676,0.0645,0.3474,1,19,0.76,0,0,0,0,car
MVI_41073,155,1651,1746,96,96,36,0.375,0.1624,1.0,2,21,0.84,1,1,0,0,car
MVI_41073,156,1666,1706,41,41,0,0.0,0.0,0.0,0,0,0.0,0,0,0,0,car
MVI_41073,157,1676,1746,71,71,0,0.0,0.0,0.0,0,0,0.0,0,0,0,0,van
MVI_41073,158,1676,1676,1,1,0,0.0,0.0,0.0,0,0,0.0,0,0,0,0,car
MVI_41073,159,1676,1746,71,71,65,0.9155,0.5172,0.6735,1,65,2.6,0,0,0,0,car
MVI_41073,160,1691,1711,21,21,0,0.0,0.0,0.0,0,0,0.0,0,0,0,0,car
MVI_41073,161,1696,1776,81,81,0,0.0,0.0,0.0,0,0,0.0,0,0,0,0,car
MVI_41073,162,1716,1766,51,51,0,0.0,0.0,0.0,0,0,0.0,0,0,0,0,van
MVI_41073,163,1731,1771,41,41,0,0.0,0.0,0.0,0,0,0.0,0,0,0,0,car
MVI_41073,164,1736,1811,76,76,0,0.0,0.0,0.0,0,0,0.0,0,0,0,0,car
MVI_41073,165,1751,1796,46,46,0,0.0,0.0,0.0,0,0,0.0,0,0,0,0,car
MVI_41073,166,1766,1825,60,60,3,0.05,0.008,0.1796,1,3,0.12,0,0,0,0,car
MVI_41073,167,1766,1825,60,60,60,1.0,0.5036,0.6182,1,60,2.4,0,0,0,0,car
MVI_41073,168,1771,1825,55,55,11,0.2,0.0328,0.2271,1,11,0.44,0,0,0,0,car
MVI_41073,169,1776,1816,41,41,36,0.878,0.2689,0.3804,1,36,1.44,0,0,0,0,car
MVI_41073,170,1781,1825,45,45,0,0.0,0.0,0.0,0,0,0.0,0,0,0,0,others
MVI_41073,171,1786,1825,40,40,0,0.0,0.0,0.0,0,0,0.0,0,0,0,0,car
MVI_41073,172,1806,1825,20,20,0,0.0,0.0,0.0,0,0,0.0,0,0,0,0,car
MVI_41073,173,1811,1825,15,15,0,0.0,0.0,0.0,0,0,0.0,0,0,0,0,car
MVI_41073,175,1021,1051,31,31,0,0.0,0.0,0.0,0,0,0.0,0,0,0,0,car
MVI_41073,176,1742,1754,13,13,0,0.0,0.0,0.0,0,0,0.0,0,0,0,0,car
MVI_63521,1,1,76,76,76,0,0.0,0.0,0.0,0,0,0.0,0,0,0,0,car
MVI_63521,2,1,66,66,66,0,0.0,0.0,0.0,0,0,0.0,0,0,0,0,car
MVI_63521,3,1,46,46,46,0,0.0,0.0,0.0,0,0,0.0,0,0,0,0,car
MVI_63521,4,1,61,61,61,6,0.0984,0.0313,0.4599,1,6,0.24,0,0,0,0,car
MVI_63521,5,1,101,101,101,0,0.0,0.0,0.0,0,0,0.0,0,0,0,0,car
MVI_63521,6,1,486,486,486,99,0.2037,0.0455,0.2787,1,99,3.96,0,0,0,0,bus
MVI_63521,7,36,111,76,76,0,0.0,0.0,0.0,0,0,0.0,0,0,0,0,car
MVI_63521,8,46,186,141,141,0,0.0,0.0,0.0,0,0,0.0,0,0,0,0,car
MVI_63521,9,86,236,151,151,0,0.0,0.0,0.0,0,0,0.0,0,0,0,0,car
MVI_63521,10,86,211,126,126,0,0.0,0.0,0.0,0,0,0.0,0,0,0,0,car
MVI_63521,11,131,276,146,146,0,0.0,0.0,0.0,0,0,0.0,0,0,0,0,van
MVI_63521,12,131,271,141,141,0,0.0,0.0,0.0,0,0,0.0,0,0,0,0,car
MVI_63521,13,146,266,121,121,0,0.0,0.0,0.0,0,0,0.0,0,0,0,0,car
MVI_63521,14,166,251,86,86,0,0.0,0.0,0.0,0,0,0.0,0,0,0,0,car
MVI_63521,15,181,286,106,106,81,0.7642,0.4633,0.9498,1,81,3.24,1,12,0,0,car
MVI_63521,16,226,736,511,511,0,0.0,0.0,0.0,0,0,0.0,0,0,0,0,bus
MVI_63521,17,251,506,256,256,0,0.0,0.0,0.0,0,0,0.0,0,0,0,0,car
MVI_63521,18,261,361,101,101,0,0.0,0.0,0.0,0,0,0.0,0,0,0,0,car
MVI_63521,19,281,411,131,131,0,0.0,0.0,0.0,0,0,0.0,0,0,0,0,van
MVI_63521,20,331,456,126,126,0,0.0,0.0,0.0,0,0,0.0,0,0,0,0,car
MVI_63521,21,371,491,121,121,0,0.0,0.0,0.0,0,0,0.0,0,0,0,0,car
MVI_63521,22,381,541,161,161,0,0.0,0.0,0.0,0,0,0.0,0,0,0,0,car
MVI_63521,23,406,476,71,71,0,0.0,0.0,0.0,0,0,0.0,0,0,0,0,car
MVI_63521,24,441,561,121,121,0,0.0,0.0,0.0,0,0,0.0,0,0,0,0,car
MVI_63521,25,451,1421,971,971,83,0.0855,0.0196,0.3534,5,21,0.84,0,0,0,0,car
MVI_63521,26,511,621,111,111,0,0.0,0.0,0.0,0,0,0.0,0,0,0,0,car
MVI_63521,27,531,676,146,146,0,0.0,0.0,0.0,0,0,0.0,0,0,0,0,car
MVI_63521,28,546,661,116,116,0,0.0,0.0,0.0,0,0,0.0,0,0,0,0,car
MVI_63521,29,556,671,116,116,0,0.0,0.0,0.0,0,0,0.0,0,0,0,0,car
MVI_63521,30,596,706,111,111,0,0.0,0.0,0.0,0,0,0.0,0,0,0,0,car
MVI_63521,31,601,721,121,121,0,0.0,0.0,0.0,0,0,0.0,0,0,0,0,car
MVI_63521,32,601,721,121,121,0,0.0,0.0,0.0,0,0,0.0,0,0,0,0,car
MVI_63521,33,656,786,131,131,0,0.0,0.0,0.0,0,0,0.0,0,0,0,0,van
MVI_63521,34,656,776,121,121,0,0.0,0.0,0.0,0,0,0.0,0,0,0,0,car
MVI_63521,35,661,866,206,206,0,0.0,0.0,0.0,0,0,0.0,0,0,0,0,car
MVI_63521,36,721,846,126,126,0,0.0,0.0,0.0,0,0,0.0,0,0,0,0,car
MVI_63521,37,771,916,146,146,0,0.0,0.0,0.0,0,0,0.0,0,0,0,0,car
MVI_63521,38,786,901,116,116,0,0.0,0.0,0.0,0,0,0.0,0,0,0,0,car
MVI_63521,39,816,966,151,151,19,0.1258,0.1108,1.0,1,19,0.76,1,16,0,0,car
MVI_63521,40,821,951,131,131,0,0.0,0.0,0.0,0,0,0.0,0,0,0,0,car
MVI_63521,41,876,1011,136,136,0,0.0,0.0,0.0,0,0,0.0,0,0,0,0,car
MVI_63521,42,906,1016,111,111,0,0.0,0.0,0.0,0,0,0.0,0,0,0,0,car
MVI_63521,43,926,1051,126,126,0,0.0,0.0,0.0,0,0,0.0,0,0,0,0,car
MVI_63521,44,931,1171,241,241,0,0.0,0.0,0.0,0,0,0.0,0,0,0,0,car
MVI_63521,45,956,1051,96,96,0,0.0,0.0,0.0,0,0,0.0,0,0,0,0,car
MVI_63521,46,966,1481,516,516,101,0.1957,0.038,0.2056,1,101,4.04,0,0,0,0,bus
MVI_63521,47,986,1101,116,116,0,0.0,0.0,0.0,0,0,0.0,0,0,0,0,car
MVI_63521,48,1031,1236,206,206,11,0.0534,0.0091,0.2359,1,11,0.44,0,0,0,0,car
MVI_63521,49,1061,1201,141,141,0,0.0,0.0,0.0,0,0,0.0,0,0,0,0,car
MVI_63521,50,1071,1291,221,221,41,0.1855,0.0606,0.4691,1,41,1.64,0,0,0,0,car
MVI_63521,51,1076,1201,126,126,0,0.0,0.0,0.0,0,0,0.0,0,0,0,0,van
MVI_63521,52,1136,1391,256,256,110,0.4297,0.0995,0.7052,2,89,3.56,0,0,0,0,car
MVI_63521,53,1141,1331,191,191,0,0.0,0.0,0.0,0,0,0.0,0,0,0,0,van
MVI_63521,54,1141,1501,361,361,203,0.5623,0.292,1.0,2,102,4.08,3,22,0,0,car
MVI_63521,55,1146,1281,136,136,0,0.0,0.0,0.0,0,0,0.0,0,0,0,0,car
MVI_63521,56,1161,1276,116,116,0,0.0,0.0,0.0,0,0,0.0,0,0,0,0,car
MVI_63521,57,1191,1451,261,261,109,0.4176,0.1685,0.7563,2,76,3.04,0,0,0,0,car
MVI_63521,58,1191,1366,176,176,0,0.0,0.0,0.0,0,0,0.0,0,0,0,0,car
MVI_63521,59,1241,1356,116,116,0,0.0,0.0,0.0,0,0,0.0,0,0,0,0,van
MVI_63521,60,1256,1326,71,71,0,0.0,0.0,0.0,0,0,0.0,0,0,0,0,car
MVI_63521,61,1256,1426,171,171,21,0.1228,0.0563,1.0,1,21,0.84,1,2,0,0,car
MVI_63521,62,1286,1506,221,221,0,0.0,0.0,0.0,0,0,0.0,0,0,0,0,others
MVI_63521,63,1291,1591,301,301,146,0.485,0.2427,1.0,2,126,5.04,1,25,0,0,car
MVI_63521,64,1296,1406,111,111,0,0.0,0.0,0.0,0,0,0.0,0,0,0,0,car
MVI_63521,65,1301,1886,586,586,35,0.0597,0.0111,0.1985,2,18,0.72,0,0,0,0,bus
MVI_63521,66,1336,1456,121,121,0,0.0,0.0,0.0,0,0,0.0,0,0,0,0,car
MVI_63521,67,1381,1551,171,171,31,0.1813,0.0529,0.4383,1,31,1.24,0,0,0,0,car
MVI_63521,68,1386,1506,121,121,0,0.0,0.0,0.0,0,0,0.0,0,0,0,0,car
MVI_63521,69,1396,1531,136,136,0,0.0,0.0,0.0,0,0,0.0,0,0,0,0,car
MVI_63521,70,1441,1541,101,101,0,0.0,0.0,0.0,0,0,0.0,0,0,0,0,car
MVI_63521,71,1476,1596,121,121,0,0.0,0.0,0.0,0,0,0.0,0,0,0,0,van
MVI_63521,72,1486,1596,111,111,0,0.0,0.0,0.0,0,0,0.0,0,0,0,0,car
MVI_63521,73,1521,1636,116,116,0,0.0,0.0,0.0,0,0,0.0,0,0,0,0,car
MVI_63521,74,1526,1656,131,131,0,0.0,0.0,0.0,0,0,0.0,0,0,0,0,car
MVI_63521,75,1551,1686,136,136,0,0.0,0.0,0.0,0,0,0.0,0,0,0,0,car
MVI_63521,76,1616,1846,231,231,0,0.0,0.0,0.0,0,0,0.0,0,0,0,0,car
MVI_63521,77,1631,1771,141,141,44,0.3121,0.1478,1.0,1,44,1.76,1,11,0,0,car
MVI_63521,78,1666,1791,126,126,0,0.0,0.0,0.0,0,0,0.0,0,0,0,0,car
MVI_63521,79,1671,1836,166,166,0,0.0,0.0,0.0,0,0,0.0,0,0,0,0,car
MVI_63521,80,1716,1886,171,171,0,0.0,0.0,0.0,0,0,0.0,0,0,0,0,car
MVI_63521,81,1731,1841,111,111,0,0.0,0.0,0.0,0,0,0.0,0,0,0,0,car
MVI_63521,82,1731,1886,156,156,0,0.0,0.0,0.0,0,0,0.0,0,0,0,0,car
MVI_63521,83,1776,1941,166,166,25,0.1506,0.0346,0.2956,1,25,1.0,0,0,0,0,car
MVI_63521,84,1796,1951,156,156,0,0.0,0.0,0.0,0,0,0.0,0,0,0,0,car
MVI_63521,85,1811,1911,101,101,0,0.0,0.0,0.0,0,0,0.0,0,0,0,0,car
MVI_63521,86,1836,2006,171,171,0,0.0,0.0,0.0,0,0,0.0,0,0,0,0,car
MVI_63521,87,1846,2016,171,171,0,0.0,0.0,0.0,0,0,0.0,0,0,0,0,car
MVI_63521,88,1856,1971,116,116,0,0.0,0.0,0.0,0,0,0.0,0,0,0,0,car
MVI_63521,89,1911,2055,145,145,0,0.0,0.0,0.0,0,0,0.0,0,0,0,0,car
MVI_63521,90,1941,2055,115,115,0,0.0,0.0,0.0,0,0,0.0,0,0,0,0,car
MVI_63525,1,1,46,46,46,0,0.0,0.0,0.0,0,0,0.0,0,0,0,0,car
MVI_63525,2,1,76,76,76,0,0.0,0.0,0.0,0,0,0.0,0,0,0,0,car
MVI_63525,3,1,936,936,936,0,0.0,0.0,0.0,0,0,0.0,0,0,0,0,bus
MVI_63525,4,1,101,101,101,0,0.0,0.0,0.0,0,0,0.0,0,0,0,0,car
MVI_63525,5,41,126,86,86,0,0.0,0.0,0.0,0,0,0.0,0,0,0,0,van
MVI_63525,6,46,196,151,151,11,0.0728,0.0304,0.5709,1,11,0.44,0,0,0,0,car
MVI_63525,7,51,126,76,76,0,0.0,0.0,0.0,0,0,0.0,0,0,0,0,car
MVI_63525,8,86,151,66,66,0,0.0,0.0,0.0,0,0,0.0,0,0,0,0,car
MVI_63525,9,111,181,71,71,0,0.0,0.0,0.0,0,0,0.0,0,0,0,0,car
MVI_63525,10,231,326,96,96,0,0.0,0.0,0.0,0,0,0.0,0,0,0,0,car
MVI_63525,11,286,361,76,76,0,0.0,0.0,0.0,0,0,0.0,0,0,0,0,car
MVI_63525,12,286,351,66,66,0,0.0,0.0,0.0,0,0,0.0,0,0,0,0,car
MVI_63525,13,341,381,41,41,0,0.0,0.0,0.0,0,0,0.0,0,0,0,0,car
MVI_63525,14,361,421,61,61,0,0.0,0.0,0.0,0,0,0.0,0,0,0,0,car
MVI_63525,15,411,476,66,66,0,0.0,0.0,0.0,0,0,0.0,0,0,0,0,car
MVI_63525,16,426,496,71,71,0,0.0,0.0,0.0,0,0,0.0,0,0,0,0,car
MVI_63525,17,476,546,71,71,0,0.0,0.0,0.0,0,0,0.0,0,0,0,0,car
MVI_63525,18,511,581,71,71,0,0.0,0.0,0.0,0,0,0.0,0,0,0,0,car
MVI_63525,19,516,586,71,71,0,0.0,0.0,0.0,0,0,0.0,0,0,0,0,car
MVI_63525,20,596,676,81,81,0,0.0,0.0,0.0,0,0,0.0,0,0,0,0,car
MVI_63525,21,616,686,71,71,0,0.0,0.0,0.0,0,0,0.0,0,0,0,0,car
MVI_63525,22,661,731,71,71,0,0.0,0.0,0.0,0,0,0.0,0,0,0,0,van
MVI_63525,23,756,816,61,61,0,0.0,0.0,0.0,0,0,0.0,0,0,0,0,car
MVI_63525,24,761,985,225,225,0,0.0,0.0,0.0,0,0,0.0,0,0,0,0,bus
MVI_63525,25,811,891,81,81,0,0.0,0.0,0.0,0,0,0.0,0,0,0,0,car
MVI_63525,26,856,976,121,121,0,0.0,0.0,0.0,0,0,0.0,0,0,0,0,car
MVI_63525,27,856,916,61,61,0,0.0,0.0,0.0,0,0,0.0,0,0,0,0,car
MVI_63525,28,876,951,76,76,0,0.0,0.0,0.0,0,0,0.0,0,0,0,0,car
MVI_63525,29,901,966,66,66,0,0.0,0.0,0.0,0,0,0.0,0,0,0,0,car
MVI_63525,30,931,985,55,55,0,0.0,0.0,0.0,0,0,0.0,0,0,0,0,van
MVI_63525,31,951,985,35,35,0,0.0,0.0,0.0,0,0,0.0,0,0,0,0,car
MVI_63525,32,789,955,167,167,0,0.0,0.0,0.0,0,0,0.0,0,0,0,0,car
MVI_63544,1,1,11,11,11,11,1.0,0.4294,0.5347,1,11,0.44,0,0,0,0,van
MVI_63544,2,1,16,16,16,16,1.0,0.9284,0.9844,1,16,0.64,1,11,0,0,car
MVI_63544,3,1,56,56,56,56,1.0,0.6792,1.0,1,56,2.24,1,13,0,0,car
MVI_63544,4,1,121,121,121,119,0.9835,0.7007,1.0,1,119,4.76,1,7,0,0,bus
MVI_63544,5,4,101,98,98,88,0.898,0.437,0.9089,1,88,3.52,2,1,0,0,car
MVI_63544,6,1,91,91,91,83,0.9121,0.5561,1.0,2,53,2.12,3,15,0,0,van
MVI_63544,7,16,166,151,151,148,0.9801,0.4294,1.0,1,148,5.92,2,16,0,0,car
MVI_63544,8,76,221,146,146,131,0.8973,0.3364,0.9928,4,62,2.48,1,8,0,0,car
MVI_63544,9,81,176,96,96,96,1.0,0.8131,0.9985,1,96,3.84,1,17,0,0,car
MVI_63544,10,101,266,166,166,153,0.9217,0.3079,0.998,2,107,4.28,1,9,0,0,car
MVI_63544,11,126,246,121,121,121,1.0,0.8503,1.0,1,121,4.84,2,35,0,0,car
MVI_63544,12,216,366,151,151,84,0.5563,0.2153,0.9898,1,84,3.36,1,7,0,0,car
MVI_63544,13,341,556,216,216,39,0.1806,0.0545,0.3884,1,39,1.56,0,0,0,0,van
MVI_63544,14,551,661,111,111,12,0.1081,0.0274,0.3215,1,12,0.48,0,0,0,0,car
MVI_63544,15,591,861,271,271,30,0.1107,0.0387,0.4615,1,30,1.2,0,0,0,0,car
MVI_63544,16,816,891,76,76,8,0.1053,0.0281,0.3145,1,8,0.32,0,0,0,0,car
MVI_63544,17,1096,1160,65,65,12,0.1846,0.0458,0.2648,1,12,0.48,0,0,0,0,car
MVI_63552,1,1,31,31,31,0,0.0,0.0,0.0,0,0,0.0,0,0,0,0,car
MVI_63552,2,1,26,26,26,0,0.0,0.0,0.0,0,0,0.0,0,0,0,0,car
MVI_63552,3,1,11,11,11,0,0.0,0.0,0.0,0,0,0.0,0,0,0,0,car
MVI_63552,4,1,26,26,26,0,0.0,0.0,0.0,0,0,0.0,0,0,0,0,car
MVI_63552,5,1,36,36,36,36,1.0,0.4399,0.5549,1,36,1.44,0,0,0,0,van
MVI_63552,6,31,51,21,21,12,0.5714,0.2383,0.5384,1,12,0.48,0,0,0,0,car
MVI_63552,7,46,101,56,56,51,0.9107,0.4872,0.6762,1,51,2.04,0,0,0,0,car
MVI_63552,8,51,106,56,56,31,0.5536,0.157,0.5606,1,31,1.24,0,0,0,0,car
MVI_63552,9,56,121,66,66,0,0.0,0.0,0.0,0,0,0.0,0,0,0,0,car
MVI_63552,10,61,101,41,41,0,0.0,0.0,0.0,0,0,0.0,0,0,0,0,car
MVI_63552,11,86,141,56,56,0,0.0,0.0,0.0,0,0,0.0,0,0,0,0,car
MVI_63552,12,91,151,61,61,57,0.9344,0.325,0.5168,1,57,2.28,0,0,0,0,car
MVI_63552,13,106,151,46,46,42,0.913,0.6558,0.8381,1,42,1.68,0,0,0,0,car
MVI_63552,14,106,111,6,6,6,1.0,0.5587,0.7309,1,6,0.24,0,0,0,0,car
MVI_63552,15,116,161,46,46,0,0.0,0.0,0.0,0,0,0.0,0,0,0,0,car
MVI_63552,16,116,177,62,62,0,0.0,0.0,0.0,0,0,0.0,0,0,0,0,car
MVI_63552,17,121,201,81,81,0,0.0,0.0,0.0,0,0,0.0,0,0,0,0,others
MVI_63552,18,141,206,66,66,61,0.9242,0.3145,0.4936,1,61,2.44,0,0,0,0,car
MVI_63552,19,151,211,61,61,0,0.0,0.0,0.0,0,0,0.0,0,0,0,0,car
MVI_63552,20,151,211,61,61,55,0.9016,0.5907,0.7742,1,55,2.2,0,0,0,0,car
MVI_63552,21,156,211,56,56,21,0.375,0.1287,0.4538,1,21,0.84,0,0,0,0,car
MVI_63552,22,161,201,41,41,0,0.0,0.0,0.0,0,0,0.0,0,0,0,0,van
MVI_63552,23,166,231,66,66,58,0.8788,0.2569,0.4071,1,58,2.32,0,0,0,0,car
MVI_63552,24,186,246,61,61,0,0.0,0.0,0.0,0,0,0.0,0,0,0,0,car
MVI_63552,25,186,226,41,41,0,0.0,0.0,0.0,0,0,0.0,0,0,0,0,car
MVI_63552,26,191,246,56,56,0,0.0,0.0,0.0,0,0,0.0,0,0,0,0,car
MVI_63552,27,206,266,61,61,0,0.0,0.0,0.0,0,0,0.0,0,0,0,0,car
MVI_63552,28,211,231,21,21,11,0.5238,0.2686,0.866,1,11,0.44,0,0,0,0,car
MVI_63552,29,231,240,10,10,10,1.0,0.489,0.7058,1,10,0.4,0,0,0,0,car
MVI_63552,30,241,296,56,56,0,0.0,0.0,0.0,0,0,0.0,0,0,0,0,car
MVI_63552,31,241,326,86,86,49,0.5698,0.1388,0.3877,1,50,2.0,0,0,0,0,van
MVI_63552,32,251,316,66,66,25,0.3788,0.1319,0.4192,1,25,1.0,0,0,0,0,car
MVI_63552,33,266,316,51,51,47,0.9216,0.3979,0.4887,1,47,1.88,0,0,0,0,car
MVI_63552,34,291,341,51,51,49,0.9608,0.5716,0.8241,1,49,1.96,0,0,0,0,car
MVI_63552,35,301,346,46,46,0,0.0,0.0,0.0,0,0,0.0,0,0,0,0,car
MVI_63552,36,301,326,26,26,16,0.6154,0.4105,0.9595,1,16,0.64,1,4,0,0,car
MVI_63552,37,306,366,61,61,44,0.7213,0.2291,0.5386,1,44,1.76,0,0,0,0,car
MVI_63552,38,311,366,56,56,50,0.8929,0.3847,0.5944,1,50,2.0,0,0,0,0,car
MVI_63552,39,316,376,61,61,0,0.0,0.0,0.0,0,0,0.0,0,0,0,0,van
MVI_63552,40,351,411,61,61,0,0.0,0.0,0.0,0,0,0.0,0,0,0,0,van
MVI_63552,41,371,431,61,61,0,0.0,0.0,0.0,0,0,0.0,0,0,0,0,car
MVI_63552,42,391,406,16,16,10,0.625,0.321,0.9186,1,10,0.4,1,1,0,0,car
MVI_63552,43,396,441,46,46,0,0.0,0.0,0.0,0,0,0.0,0,0,0,0,car
MVI_63552,44,401,451,51,51,0,0.0,0.0,0.0,0,0,0.0,0,0,0,0,van
MVI_63552,45,426,471,46,46,0,0.0,0.0,0.0,0,0,0.0,0,0,0,0,car
MVI_63552,46,431,446,16,16,7,0.4375,0.2008,0.7155,1,7,0.28,0,0,0,0,car
MVI_63552,47,431,491,61,61,0,0.0,0.0,0.0,0,0,0.0,0,0,0,0,car
MVI_63552,48,451,516,66,66,59,0.8939,0.6752,0.9795,1,59,2.36,1,12,0,0,car
MVI_63552,49,461,511,51,51,0,0.0,0.0,0.0,0,0,0.0,0,0,0,0,car
MVI_63552,50,461,481,21,21,13,0.619,0.3193,0.782,1,13,0.52,0,0,0,0,car
MVI_63552,51,466,516,51,51,0,0.0,0.0,0.0,0,0,0.0,0,0,0,0,car
MVI_63552,52,481,541,61,61,55,0.9016,0.6436,0.9866,1,55,2.2,1,11,0,0,car
MVI_63552,53,486,511,26,26,17,0.6538,0.4361,0.8321,1,17,0.68,0,0,0,0,car
MVI_63552,54,491,566,76,76,71,0.9342,0.3211,0.5219,1,71,2.84,0,0,0,0,car
MVI_63552,55,496,566,71,71,71,1.0,0.2503,0.3248,1,71,2.84,0,0,0,0,van
MVI_63552,56,501,541,41,41,0,0.0,0.0,0.0,0,0,0.0,0,0,0,0,car
MVI_63552,57,506,571,66,66,0,0.0,0.0,0.0,0,0,0.0,0,0,0,0,van
MVI_63552,58,526,576,51,51,0,0.0,0.0,0.0,0,0,0.0,0,0,0,0,car
MVI_63552,59,531,551,21,21,0,0.0,0.0,0.0,0,0,0.0,0,0,0,0,car
MVI_63552,60,531,591,61,61,54,0.8852,0.6459,0.8611,1,54,2.16,0,0,0,0,car
MVI_63552,61,536,606,71,71,70,0.9859,0.2933,0.4821,1,71,2.84,0,0,0,0,van
MVI_63552,62,541,606,66,66,0,0.0,0.0,0.0,0,0,0.0,0,0,0,0,van
MVI_63552,63,546,616,71,71,0,0.0,0.0,0.0,0,0,0.0,0,0,0,0,car
MVI_63552,64,556,611,56,56,0,0.0,0.0,0.0,0,0,0.0,0,0,0,0,car
MVI_63552,65,556,576,21,21,12,0.5714,0.3242,0.9913,1,12,0.48,1,1,0,0,car
MVI_63552,66,571,626,56,56,52,0.9286,0.6542,0.9065,1,52,2.08,1,3,0,0,car
MVI_63552,67,576,636,61,61,0,0.0,0.0,0.0,0,0,0.0,0,0,0,0,car
MVI_63552,68,586,601,16,16,11,0.6875,0.3499,0.8591,1,11,0.44,0,0,0,0,car
MVI_63552,69,586,656,71,71,62,0.8732,0.2153,0.3543,1,63,2.52,0,0,0,0,van
MVI_63552,70,591,621,31,31,16,0.5161,0.2938,0.8004,1,16,0.64,0,0,0,0,car
MVI_63552,71,601,651,51,51,0,0.0,0.0,0.0,0,0,0.0,0,0,0,0,car
MVI_63552,72,611,676,66,66,59,0.8939,0.3677,0.5435,1,59,2.36,0,0,0,0,car
MVI_63552,73,621,686,66,66,60,0.9091,0.6256,0.7905,1,60,2.4,0,0,0,0,car
MVI_63552,74,621,701,81,81,0,0.0,0.0,0.0,0,0,0.0,0,0,0,0,van
MVI_63552,75,626,646,21,21,12,0.5714,0.317,0.9584,1,12,0.48,1,1,0,0,car
MVI_63552,76,651,676,26,26,14,0.5385,0.2797,0.8582,1,14,0.56,0,0,0,0,car
MVI_63552,77,651,701,51,51,0,0.0,0.0,0.0,0,0,0.0,0,0,0,0,car
MVI_63552,78,661,726,66,66,63,0.9545,0.6427,0.8138,1,63,2.52,0,0,0,0,car
MVI_63552,79,661,736,76,76,0,0.0,0.0,0.0,0,0,0.0,0,0,0,0,van
MVI_63552,80,661,711,51,51,0,0.0,0.0,0.0,0,0,0.0,0,0,0,0,car
MVI_63552,81,676,731,56,56,20,0.3571,0.0513,0.1627,1,20,0.8,0,0,0,0,car
MVI_63552,82,686,716,31,31,16,0.5161,0.299,0.8391,1,16,0.64,0,0,0,0,car
MVI_63552,83,691,751,61,61,54,0.8852,0.3024,0.4997,1,54,2.16,0,0,0,0,car
MVI_63552,84,691,741,51,51,0,0.0,0.0,0.0,0,0,0.0,0,0,0,0,van
MVI_63552,85,706,711,6,6,6,1.0,0.5503,0.7019,1,6,0.24,0,0,0,0,car
MVI_63552,86,706,761,56,56,53,0.9464,0.5389,0.7161,1,53,2.12,0,0,0,0,van
MVI_63552,87,716,761,46,46,0,0.0,0.0,0.0,0,0,0.0,0,0,0,0,car
MVI_63552,88,716,766,51,51,0,0.0,0.0,0.0,0,0,0.0,0,0,0,0,car
MVI_63552,89,721,771,51,51,0,0.0,0.0,0.0,0,0,0.0,0,0,0,0,car
MVI_63552,90,726,781,56,56,56,1.0,0.3715,0.5595,1,56,2.24,0,0,0,0,car
MVI_63552,91,726,791,66,66,58,0.8788,0.3045,0.4587,1,58,2.32,0,0,0,0,car
MVI_63552,92,731,756,26,26,16,0.6154,0.3564,0.9893,1,16,0.64,1,4,0,0,car
MVI_63552,93,746,781,36,36,20,0.5556,0.3853,0.9751,1,20,0.8,1,4,0,0,car
MVI_63552,94,751,806,56,56,50,0.8929,0.6007,0.7913,1,50,2.0,0,0,0,0,car
MVI_63552,95,756,806,51,51,0,0.0,0.0,0.0,0,0,0.0,0,0,0,0,van
MVI_63552,96,766,771,6,6,6,1.0,0.5865,0.7401,1,6,0.24,0,0,0,0,car
MVI_63552,97,771,816,46,46,10,0.2174,0.0346,0.1818,1,10,0.4,0,0,0,0,car
MVI_63552,98,771,826,56,56,0,0.0,0.0,0.0,0,0,0.0,0,0,0,0,car
MVI_63552,99,781,811,31,31,16,0.5161,0.3056,0.7409,1,16,0.64,0,0,0,0,car
MVI_63552,100,786,836,51,51,0,0.0,0.0,0.0,0,0,0.0,0,0,0,0,car
MVI_63552,101,791,856,66,66,61,0.9242,0.3892,0.5961,1,61,2.44,0,0,0,0,car
MVI_63552,102,806,836,31,31,19,0.6129,0.3519,0.7693,1,19,0.76,0,0,0,0,car
MVI_63552,103,811,866,56,56,0,0.0,0.0,0.0,0,0,0.0,0,0,0,0,car
MVI_63552,104,811,856,46,46,0,0.0,0.0,0.0,0,0,0.0,0,0,0,0,van
MVI_63552,105,821,876,56,56,50,0.8929,0.6687,0.8696,1,50,2.0,0,0,0,0,car
MVI_63552,106,836,891,56,56,0,0.0,0.0,0.0,0,0,0.0,0,0,0,0,van
MVI_63552,107,841,911,71,71,62,0.8732,0.4018,0.6546,1,62,2.48,0,0,0,0,car
MVI_63552,108,846,896,51,51,0,0.0,0.0,0.0,0,0,0.0,0,0,0,0,car
MVI_63552,109,856,901,46,46,0,0.0,0.0,0.0,0,0,0.0,0,0,0,0,car
MVI_63552,110,876,916,41,41,0,0.0,0.0,0.0,0,0,0.0,0,0,0,0,car
MVI_63552,111,881,911,31,31,18,0.5806,0.3309,0.8798,1,18,0.72,0,0,0,0,car
MVI_63552,112,881,936,56,56,0,0.0,0.0,0.0,0,0,0.0,0,0,0,0,car
MVI_63552,113,891,951,61,61,53,0.8689,0.3618,0.5895,1,53,2.12,0,0,0,0,car
MVI_63552,114,896,931,36,36,36,1.0,0.2557,0.6359,1,36,1.44,0,0,0,0,car
MVI_63552,115,911,966,56,56,0,0.0,0.0,0.0,0,0,0.0,0,0,0,0,car
MVI_63552,116,916,961,46,46,0,0.0,0.0,0.0,0,0,0.0,0,0,0,0,car
MVI_63552,117,921,931,11,11,7,0.6364,0.242,0.6125,1,7,0.28,0,0,0,0,car
MVI_63552,118,921,986,66,66,0,0.0,0.0,0.0,0,0,0.0,0,0,0,0,van
MVI_63552,119,926,981,56,56,50,0.8929,0.6751,0.9323,1,50,2.0,2,4,0,0,car
MVI_63552,120,926,986,61,61,31,0.5082,0.1795,0.5061,1,31,1.24,0,0,0,0,car
MVI_63552,121,941,991,51,51,0,0.0,0.0,0.0,0,0,0.0,0,0,0,0,car
MVI_63552,122,951,1011,61,61,54,0.8852,0.5339,0.7756,1,54,2.16,0,0,0,0,van
MVI_63552,123,956,976,21,21,14,0.6667,0.4012,0.9988,1,14,0.56,1,3,0,0,car
MVI_63552,124,961,1016,56,56,51,0.9107,0.2996,0.4024,1,51,2.04,0,0,0,0,car
MVI_63552,125,976,1031,56,56,0,0.0,0.0,0.0,0,0,0.0,0,0,0,0,car
MVI_63552,126,976,1021,46,46,0,0.0,0.0,0.0,0,0,0.0,0,0,0,0,car
MVI_63552,127,981,1041,61,61,55,0.9016,0.6224,0.7996,1,55,2.2,0,0,0,0,car
MVI_63552,128,991,1006,16,16,7,0.4375,0.1488,0.5012,1,7,0.28,0,0,0,0,car
MVI_63552,129,991,1051,61,61,55,0.9016,0.3496,0.5115,1,55,2.2,0,0,0,0,van
MVI_63552,130,1006,1066,61,61,0,0.0,0.0,0.0,0,0,0.0,0,0,0,0,van
MVI_63552,131,1016,1041,26,26,14,0.5385,0.2768,0.944,1,14,0.56,1,1,0,0,car
MVI_63552,132,1021,1081,61,61,56,0.918,0.7177,0.9505,1,56,2.24,1,4,0,0,car
MVI_63552,133,1026,1081,56,56,11,0.1964,0.0528,0.3156,1,11,0.44,0,0,0,0,car
MVI_63552,134,1026,1061,36,36,0,0.0,0.0,0.0,0,0,0.0,0,0,0,0,car
MVI_63552,135,1041,1056,16,16,16,1.0,0.5416,0.9945,1,16,0.64,1,2,0,0,van
MVI_63552,136,1056,1111,56,56,0,0.0,0.0,0.0,0,0,0.0,0,0,0,0,car
MVI_63552,137,1056,1086,31,31,0,0.0,0.0,0.0,0,0,0.0,0,0,0,0,car
MVI_63552,138,1056,1116,61,61,53,0.8689,0.7026,1.0,1,53,2.12,1,17,0,0,car
MVI_63552,139,1071,1131,61,61,0,0.0,0.0,0.0,0,0,0.0,0,0,0,0,van
MVI_63552,140,1076,1091,16,16,12,0.75,0.4282,0.9903,1,12,0.48,1,1,0,0,car
MVI_63552,141,1086,1136,51,51,46,0.902,0.2719,0.4119,1,46,1.84,0,0,0,0,car
MVI_63552,142,1086,1131,46,46,0,0.0,0.0,0.0,0,0,0.0,0,0,0,0,van
MVI_63552,143,1106,1150,45,45,37,0.8222,0.4144,0.6414,1,37,1.48,0,0,0,0,van
MVI_63552,144,1111,1150,40,40,0,0.0,0.0,0.0,0,0,0.0,0,0,0,0,car
MVI_63552,145,1116,1146,31,31,31,1.0,0.639,0.7556,1,31,1.24,0,0,0,0,car
MVI_63552,146,1126,1146,21,21,10,0.4762,0.1891,0.6972,1,10,0.4,0,0,0,0,car
MVI_63552,147,1126,1150,25,25,0,0.0,0.0,0.0,0,0,0.0,0,0,0,0,van
MVI_63552,148,1126,1150,25,25,0,0.0,0.0,0.0,0,0,0.0,0,0,0,0,car
MVI_63552,149,1141,1150,10,10,10,1.0,0.7719,0.9759,1,10,0.4,1,4,0,0,others
MVI_63552,150,1141,1150,10,10,0,0.0,0.0,0.0,0,0,0.0,0,0,0,0,car
MVI_63552,151,1146,1150,5,5,0,0.0,0.0132,0.0658,0,0,0.0,0,0,0,0,car
MVI_63552,152,145,163,19,19,13,0.6842,0.471,0.9907,1,13,0.52,1,5,0,0,car
MVI_63553,1,1,56,56,56,0,0.0,0.0,0.0,0,0,0.0,0,0,0,0,van
MVI_63553,2,1,46,46,46,0,0.0,0.0,0.0,0,0,0.0,0,0,0,0,car
MVI_63553,3,1,31,31,31,0,0.0,0.0,0.0,0,0,0.0,0,0,0,0,car
MVI_63553,4,1,21,21,21,0,0.0,0.0,0.0,0,0,0.0,0,0,0,0,car
MVI_63553,5,1,16,16,16,8,0.5,0.1604,0.4967,1,8,0.32,0,0,0,0,van
MVI_63553,6,1,46,46,46,46,1.0,0.5106,0.5697,1,46,1.84,0,0,0,0,van
MVI_63553,7,1,16,16,16,0,0.0,0.0,0.0,0,0,0.0,0,0,0,0,car
MVI_63553,8,1,51,51,51,0,0.0,0.0,0.0,0,0,0.0,0,0,0,0,van
MVI_63553,9,1,76,76,76,76,1.0,0.5307,0.7977,1,76,3.04,0,0,0,0,car
MVI_63553,10,11,91,81,81,40,0.4938,0.146,0.3485,2,36,1.44,0,0,0,0,van
MVI_63553,11,21,101,81,81,0,0.0,0.0,0.0,0,0,0.0,0,0,0,0,car
MVI_63553,12,26,81,56,56,0,0.0,0.0,0.0,0,0,0.0,0,0,0,0,car
MVI_63553,13,31,46,16,16,9,0.5625,0.2229,0.699,1,9,0.36,0,0,0,0,car
MVI_63553,14,31,91,61,61,0,0.0,0.0,0.0,0,0,0.0,0,0,0,0,car
MVI_63553,15,51,116,66,66,65,0.9848,0.7007,0.8837,1,65,2.6,0,0,0,0,car
MVI_63553,16,56,111,56,56,40,0.7143,0.6339,1.0,1,40,1.6,1,30,0,0,others
MVI_63553,17,56,136,81,81,72,0.8889,0.3331,0.6231,1,73,2.92,0,0,0,0,car
MVI_63553,18,66,136,71,71,64,0.9014,0.5999,0.9507,1,64,2.56,1,2,0,0,car
MVI_63553,19,76,151,76,76,0,0.0,0.0,0.0,0,0,0.0,0,0,0,0,car
MVI_63553,20,81,131,51,51,0,0.0,0.0,0.0,0,0,0.0,0,0,0,0,car
MVI_63553,21,86,146,61,61,0,0.0,0.0,0.0,0,0,0.0,0,0,0,0,car
MVI_63553,22,101,156,56,56,0,0.0,0.0,0.0,0,0,0.0,0,0,0,0,van
MVI_63553,23,106,191,86,86,31,0.3605,0.1384,0.4827,1,31,1.24,0,0,0,0,car
MVI_63553,24,111,181,71,71,67,0.9437,0.3616,0.6418,1,67,2.68,0,0,0,0,car
MVI_63553,25,121,151,31,31,22,0.7097,0.4792,0.9981,1,22,0.88,1,8,0,0,car
MVI_63553,26,126,201,76,76,0,0.0,0.0,0.0,0,0,0.0,0,0,0,0,car
MVI_63553,27,131,186,56,56,0,0.0,0.0,0.0,0,0,0.0,0,0,0,0,car
MVI_63553,28,136,201,66,66,60,0.9091,0.6813,0.9219,1,60,2.4,1,8,0,0,car
MVI_63553,29,136,226,91,91,52,0.5714,0.142,0.4399,1,52,2.08,0,0,0,0,car
MVI_63553,30,141,201,61,61,0,0.0,0.0,0.0,0,0,0.0,0,0,0,0,car
MVI_63553,31,146,221,76,76,70,0.9211,0.3706,0.6484,1,70,2.8,0,0,0,0,car
MVI_63553,32,146,226,81,81,38,0.4691,0.063,0.1807,1,38,1.52,0,0,0,0,car
MVI_63553,33,156,191,36,36,23,0.6389,0.4554,0.9881,1,23,0.92,1,9,0,0,car
MVI_63553,34,171,241,71,71,0,0.0,0.0,0.0,0,0,0.0,0,0,0,0,car
MVI_63553,35,176,221,46,46,0,0.0,0.0,0.0,0,0,0.0,0,0,0,0,car
MVI_63553,36,196,266,71,71,0,0.0,0.0,0.0,0,0,0.0,0,0,0,0,car
MVI_63553,37,201,261,61,61,0,0.0,0.0,0.0,0,0,0.0,0,0,0,0,car
MVI_63553,38,201,266,66,66,60,0.9091,0.6392,0.9206,1,60,2.4,1,2,0,0,car
MVI_63553,39,221,236,16,16,0,0.0,0.0,0.0,0,0,0.0,0,0,0,0,car
MVI_63553,40,221,266,46,46,0,0.0,0.0,0.0,0,0,0.0,0,0,0,0,car
MVI_63553,41,226,311,86,86,44,0.5116,0.1704,0.4948,1,44,1.76,0,0,0,0,car
MVI_63553,42,236,301,66,66,59,0.8939,0.4204,0.5882,1,59,2.36,0,0,0,0,car
MVI_63553,43,241,306,66,66,29,0.4394,0.1162,0.4949,1,29,1.16,0,0,0,0,car
MVI_63553,44,241,266,26,26,16,0.6154,0.3672,0.9476,1,16,0.64,1,3,0,0,car
MVI_63553,45,246,296,51,51,0,0.0,0.0,0.0,0,0,0.0,0,0,0,0,car
MVI_63553,46,271,346,76,76,0,0.0,0.0,0.0,0,0,0.0,0,0,0,0,car
MVI_63553,47,271,326,56,56,0,0.0,0.0,0.0,0,0,0.0,0,0,0,0,van
MVI_63553,48,256,326,71,71,66,0.9296,0.7027,0.9058,1,66,2.64,1,1,0,0,car
MVI_63553,49,276,361,86,86,0,0.0,0.0,0.0,0,0,0.0,0,0,0,0,car
MVI_63553,50,286,336,51,51,0,0.0,0.0,0.0,0,0,0.0,0,0,0,0,van
MVI_63553,51,286,356,71,71,64,0.9014,0.7639,0.9991,1,64,2.56,2,24,0,0,car
MVI_63553,52,296,311,16,16,11,0.6875,0.4469,0.9931,1,11,0.44,1,2,0,0,car
MVI_63553,53,301,351,51,51,0,0.0,0.0,0.0,0,0,0.0,0,0,0,0,van
MVI_63553,54,301,371,71,71,64,0.9014,0.3898,0.5544,1,64,2.56,0,0,0,0,car
MVI_63553,55,306,391,86,86,0,0.0,0.0,0.0,0,0,0.0,0,0,0,0,car
MVI_63553,56,326,381,56,56,0,0.0,0.0,0.0,0,0,0.0,0,0,0,0,car
MVI_63553,57,326,396,71,71,66,0.9296,0.4175,0.6121,1,66,2.64,0,0,0,0,car
MVI_63553,58,331,401,71,71,0,0.0,0.0,0.0,0,0,0.0,0,0,0,0,van
MVI_63553,59,341,366,26,26,0,0.0,0.0,0.0,0,0,0.0,0,0,0,0,car
MVI_63553,60,341,406,66,66,19,0.2879,0.0565,0.1904,2,17,0.68,0,0,0,0,car
MVI_63553,61,361,416,56,56,0,0.0,0.0,0.0,0,0,0.0,0,0,0,0,car
MVI_63553,62,366,436,71,71,64,0.9014,0.2686,0.5346,1,64,2.56,0,0,0,0,car
MVI_63553,63,381,396,16,16,14,0.875,0.4954,0.9308,1,14,0.56,1,1,0,0,car
MVI_63553,64,381,456,76,76,70,0.9211,0.7197,0.9934,1,70,2.8,1,17,0,0,car
MVI_63553,65,391,466,76,76,71,0.9342,0.4079,0.5453,1,71,2.84,0,0,0,0,car
MVI_63553,66,391,421,31,31,20,0.6452,0.3603,0.898,1,20,0.8,0,0,0,0,car
MVI_63553,67,411,491,81,81,72,0.8889,0.6936,0.9664,1,72,2.88,1,14,0,0,car
MVI_63553,68,411,491,81,81,0,0.0,0.0,0.0,0,0,0.0,0,0,0,0,van
MVI_63553,69,426,536,111,111,0,0.0,0.0,0.0,0,0,0.0,0,0,0,0,bus
MVI_63553,70,441,516,76,76,70,0.9211,0.5819,0.786,1,70,2.8,0,0,0,0,car
MVI_63553,71,456,501,46,46,4,0.087,0.0286,0.346,1,4,0.16,0,0,0,0,car
MVI_63553,72,471,501,31,31,0,0.0,0.0,0.0,0,0,0.0,0,0,0,0,car
MVI_63553,73,481,546,66,66,50,0.7576,0.2234,0.468,1,49,1.96,0,0,0,0,car
MVI_63553,74,491,551,61,61,31,0.5082,0.127,0.4127,1,31,1.24,0,0,0,0,car
MVI_63553,75,496,521,26,26,14,0.5385,0.3122,0.9022,1,14,0.56,1,1,0,0,car
MVI_63553,76,511,571,61,61,60,0.9836,0.6938,0.9671,1,60,2.4,1,6,0,0,car
MVI_63553,77,506,556,51,51,0,0.0,0.0,0.0,0,0,0.0,0,0,0,0,car
MVI_63553,78,516,571,56,56,16,0.2857,0.1068,0.4786,1,16,0.64,0,0,0,0,car
MVI_63553,79,526,591,66,66,59,0.8939,0.3748,0.6058,1,59,2.36,0,0,0,0,car
MVI_63553,80,526,571,46,46,0,0.0,0.0,0.0,0,0,0.0,0,0,0,0,van
MVI_63553,81,536,631,96,96,0,0.0,0.0,0.0,0,0,0.0,0,0,0,0,car
MVI_63553,82,556,586,31,31,9,0.2903,0.0548,0.2168,1,9,0.36,0,0,0,0,car
MVI_63553,83,556,636,81,81,21,0.2593,0.0666,0.3586,1,21,0.84,0,0,0,0,car
MVI_63553,84,556,626,71,71,67,0.9437,0.8056,1.0,1,67,2.68,3,15,0,0,car
MVI_63553,85,576,641,66,66,58,0.8788,0.1912,0.4051,1,58,2.32,0,0,0,0,car
MVI_63553,86,581,656,76,76,69,0.9079,0.5117,0.7675,1,69,2.76,0,0,0,0,car
MVI_63553,87,586,636,51,51,0,0.0,0.0,0.0,0,0,0.0,0,0,0,0,car
MVI_63553,88,591,611,21,21,14,0.6667,0.3636,0.8187,1,14,0.56,0,0,0,0,car
MVI_63553,89,601,641,41,41,0,0.0,0.0,0.0,0,0,0.0,0,0,0,0,car
MVI_63553,90,611,701,91,91,0,0.0,0.0,0.0,0,0,0.0,0,0,0,0,car
MVI_63553,91,616,641,26,26,15,0.5769,0.3192,0.8393,1,15,0.6,0,0,0,0,car
MVI_63553,92,626,661,36,36,0,0.0,0.0063,0.029,0,0,0.0,0,0,0,0,car
MVI_63553,93,641,711,71,71,64,0.9014,0.3188,0.4844,1,64,2.56,0,0,0,0,car
MVI_63553,94,656,701,46,46,0,0.0,0.0,0.0,0,0,0.0,0,0,0,0,car
MVI_63553,95,661,681,21,21,15,0.7143,0.4026,0.9181,1,15,0.6,1,1,0,0,car
MVI_63553,96,661,721,61,61,58,0.9508,0.7814,0.9448,1,58,2.32,3,10,0,0,car
MVI_63553,97,666,711,46,46,29,0.6304,0.1645,0.3087,1,29,1.16,0,0,0,0,car
MVI_63553,98,671,726,56,56,0,0.0,0.0,0.0,0,0,0.0,0,0,0,0,car
MVI_63553,99,681,711,31,31,19,0.6129,0.3155,0.7865,1,19,0.76,0,0,0,0,car
MVI_63553,100,691,776,86,86,0,0.0,0.0,0.0,0,0,0.0,0,0,0,0,car
MVI_63553,101,696,746,51,51,0,0.0,0.0,0.0,0,0,0.0,0,0,0,0,van
MVI_63553,102,696,786,91,91,57,0.6264,0.1977,0.4441,1,57,2.28,0,0,0,0,car
MVI_63553,103,706,781,76,76,69,0.9079,0.2942,0.6101,1,72,2.88,0,0,0,0,car
MVI_63553,104,711,756,46,46,0,0.0,0.0,0.0,0,0,0.0,0,0,0,0,car
MVI_63553,105,721,781,61,61,60,0.9836,0.6481,0.8151,1,60,2.4,0,0,0,0,car
MVI_63553,106,716,771,56,56,0,0.0,0.0,0.0,0,0,0.0,0,0,0,0,car
MVI_63553,107,721,746,26,26,15,0.5769,0.3287,0.9857,1,15,0.6,1,3,0,0,car
MVI_63553,108,736,811,76,76,0,0.0,0.0,0.0,0,0,0.0,0,0,0,0,car
MVI_63553,109,751,826,76,76,66,0.8684,0.2523,0.4209,1,66,2.64,0,0,0,0,van
MVI_63553,110,756,796,41,41,0,0.0,0.0,0.0,0,0,0.0,0,0,0,0,car
MVI_63553,111,761,841,81,81,7,0.0864,0.013,0.1475,1,7,0.28,0,0,0,0,car
MVI_63553,112,771,821,51,51,0,0.0,0.0,0.0,0,0,0.0,0,0,0,0,car
MVI_63553,113,771,836,66,66,59,0.8939,0.7393,0.9435,1,59,2.36,4,5,0,0,car
MVI_63553,114,776,796,21,21,11,0.5238,0.257,0.7633,1,11,0.44,0,0,0,0,car
MVI_63553,115,776,846,71,71,71,1.0,0.3752,0.5971,1,71,2.84,0,0,0,0,car
MVI_63553,116,796,826,31,31,11,0.3548,0.0662,0.1885,1,11,0.44,0,0,0,0,car
MVI_63553,117,796,886,91,91,0,0.0,0.0,0.0,0,0,0.0,0,0,0,0,car
MVI_63553,118,801,886,86,86,86,1.0,0.2612,0.5828,1,86,3.44,0,0,0,0,car
MVI_63553,119,826,896,71,71,65,0.9155,0.6407,0.8615,1,65,2.6,0,0,0,0,car
MVI_63553,120,836,921,86,86,28,0.3256,0.0809,0.2941,1,28,1.12,0,0,0,0,car
MVI_63553,121,841,916,76,76,68,0.8947,0.3191,0.5311,1,68,2.72,0,0,0,0,car
MVI_63553,122,851,901,51,51,0,0.0,0.0,0.0,0,0,0.0,0,0,0,0,car
MVI_63553,123,861,951,91,91,45,0.4945,0.143,0.4423,1,45,1.8,0,0,0,0,van
MVI_63553,124,871,941,71,71,62,0.8732,0.7095,1.0,1,62,2.48,2,8,0,0,car
MVI_63553,125,876,941,66,66,66,1.0,0.3914,0.53,1,66,2.64,0,0,0,0,van
MVI_63553,126,886,906,21,21,13,0.619,0.3271,0.8344,1,13,0.52,0,0,0,0,car
MVI_63553,127,896,966,71,71,0,0.0,0.0,0.0,0,0,0.0,0,0,0,0,car
MVI_63553,128,911,961,51,51,0,0.0,0.0,0.0,0,0,0.0,0,0,0,0,car
MVI_63553,129,921,986,66,66,60,0.9091,0.6693,1.0,1,60,2.4,2,14,0,0,car
MVI_63553,130,936,976,41,41,0,0.0,0.0,0.0,0,0,0.0,0,0,0,0,car
MVI_63553,131,966,986,21,21,11,0.5238,0.2289,0.6327,1,11,0.44,0,0,0,0,car
MVI_63553,132,966,1041,76,76,0,0.0,0.0,0.0,0,0,0.0,0,0,0,0,car
MVI_63553,133,981,1036,56,56,0,0.0,0.0,0.0,0,0,0.0,0,0,0,0,car
MVI_63553,134,991,1066,76,76,66,0.8684,0.6106,0.9155,1,66,2.64,1,1,0,0,car
MVI_63553,135,1001,1056,56,56,56,1.0,0.4304,0.6495,1,56,2.24,0,0,0,0,car
MVI_63553,136,1006,1061,56,56,0,0.0,0.0,0.0,0,0,0.0,0,0,0,0,van
MVI_63553,137,1006,1056,51,51,0,0.0,0.0,0.0,0,0,0.0,0,0,0,0,car
MVI_63553,138,1021,1036,16,16,0,0.0,0.0,0.0,0,0,0.0,0,0,0,0,car
MVI_63553,139,1026,1096,71,71,63,0.8873,0.408,0.5849,1,63,2.52,0,0,0,0,car
MVI_63553,140,1036,1106,71,71,34,0.4789,0.0939,0.2895,1,34,1.36,0,0,0,0,car
MVI_63553,141,1041,1091,51,51,0,0.0,0.0,0.0,0,0,0.0,0,0,0,0,van
MVI_63553,142,1046,1071,26,26,14,0.5385,0.2649,0.8637,1,14,0.56,0,0,0,0,van
MVI_63553,143,1046,1101,56,56,0,0.0,0.0,0.0,0,0,0.0,0,0,0,0,car
MVI_63553,144,1046,1116,71,71,54,0.7606,0.1804,0.3105,1,54,2.16,0,0,0,0,van
MVI_63553,145,1056,1121,66,66,59,0.8939,0.7539,0.9775,1,59,2.36,1,27,0,0,car
MVI_63553,146,1076,1141,66,66,59,0.8939,0.3831,0.652,1,59,2.36,0,0,0,0,car
MVI_63553,147,1076,1116,41,41,0,0.0,0.0,0.0,0,0,0.0,0,0,0,0,car
MVI_63553,148,1076,1095,20,20,11,0.55,0.2338,0.7974,1,11,0.44,0,0,0,0,car
MVI_63553,149,1101,1156,56,56,41,0.7321,0.2323,0.4274,1,41,1.64,0,0,0,0,car
MVI_63553,150,1111,1151,41,41,0,0.0,0.0,0.0,0,0,0.0,0,0,0,0,car
MVI_63553,151,1111,1181,71,71,0,0.0,0.0,0.0,0,0,0.0,0,0,0,0,car
MVI_63553,152,1131,1146,16,16,11,0.6875,0.288,0.7448,1,11,0.44,0,0,0,0,car
MVI_63553,153,1146,1186,41,41,0,0.0,0.0,0.0,0,0,0.0,0,0,0,0,van
MVI_63553,154,1146,1216,71,71,0,0.0,0.0,0.0,0,0,0.0,0,0,0,0,car
MVI_63553,155,1156,1206,51,51,0,0.0,0.0,0.0,0,0,0.0,0,0,0,0,car
MVI_63553,156,1161,1236,76,76,65,0.8553,0.2843,0.5098,2,57,2.28,0,0,0,0,car
MVI_63553,157,1171,1276,106,106,21,0.1981,0.061,0.4462,1,21,0.84,0,0,0,0,car
MVI_63553,158,1176,1221,46,46,0,0.0,0.0,0.0,0,0,0.0,0,0,0,0,car
MVI_63553,159,1176,1246,71,71,65,0.9155,0.5672,0.797,1,65,2.6,0,0,0,0,van
MVI_63553,160,1181,1246,66,66,66,1.0,0.4155,0.6938,1,66,2.64,0,0,0,0,car
MVI_63553,161,1186,1201,16,16,9,0.5625,0.263,0.7865,1,9,0.36,0,0,0,0,car
MVI_63553,162,1201,1206,6,6,6,1.0,0.5904,0.7437,1,6,0.24,0,0,0,0,others
MVI_63553,163,1201,1226,26,26,12,0.4615,0.214,0.6419,1,12,0.48,0,0,0,0,car
MVI_63553,164,1206,1241,36,36,0,0.0,0.0,0.0,0,0,0.0,0,0,0,0,car
MVI_63553,165,1211,1281,71,71,62,0.8732,0.3329,0.6552,1,62,2.48,0,0,0,0,car
MVI_63553,166,1221,1321,101,101,77,0.7624,0.2568,0.6208,2,55,2.2,0,0,0,0,car
MVI_63553,167,1221,1241,21,21,0,0.0,0.0,0.0,0,0,0.0,0,0,0,0,car
MVI_63553,168,1226,1311,86,86,0,0.0,0.0,0.0,0,0,0.0,0,0,0,0,car
MVI_63553,169,1231,1271,41,41,0,0.0,0.0,0.0,0,0,0.0,0,0,0,0,car
MVI_63553,170,1241,1336,96,96,76,0.7917,0.3084,0.585,2,72,2.88,0,0,0,0,car
MVI_63553,171,1251,1326,76,76,69,0.9079,0.2561,0.4752,1,69,2.76,0,0,0,0,van
MVI_63553,172,1256,1331,76,76,67,0.8816,0.2188,0.4099,2,53,2.12,0,0,0,0,car
MVI_63553,173,1261,1326,66,66,57,0.8636,0.6034,0.8331,1,57,2.28,0,0,0,0,car
MVI_63553,174,1271,1346,76,76,62,0.8158,0.2451,0.5311,2,43,1.72,0,0,0,0,car
MVI_63553,175,1271,1326,56,56,0,0.0,0.0,0.0,0,0,0.0,0,0,0,0,bus
MVI_63553,176,1271,1291,21,21,11,0.5238,0.2466,0.8215,1,11,0.44,0,0,0,0,car
MVI_63553,177,1311,1326,16,16,9,0.5625,0.2394,0.7225,1,9,0.36,0,0,0,0,car
MVI_63553,178,1321,1401,81,81,0,0.0,0.0,0.0,0,0,0.0,0,0,0,0,car
MVI_63553,179,1326,1376,51,51,0,0.0,0.0,0.0,0,0,0.0,0,0,0,0,car
MVI_63553,180,1331,1401,71,71,9,0.1268,0.0205,0.1606,1,9,0.36,0,0,0,0,car
MVI_63553,181,1336,1351,16,16,10,0.625,0.2748,0.6849,1,10,0.4,0,0,0,0,car
MVI_63553,182,1336,1401,66,66,60,0.9091,0.6877,0.9673,1,60,2.4,1,5,0,0,car
MVI_63553,183,1346,1405,60,60,54,0.9,0.4086,0.5716,1,54,2.16,0,0,0,0,car
MVI_63553,184,1356,1405,50,50,0,0.0,0.0,0.0,0,0,0.0,0,0,0,0,car
MVI_63553,185,1366,1405,40,40,32,0.8,0.6282,0.9237,1,32,1.28,2,2,0,0,car
MVI_63553,186,1376,1405,30,30,21,0.7,0.3045,0.573,1,21,0.84,0,0,0,0,car
MVI_63553,187,1381,1405,25,25,0,0.0,0.0,0.0,0,0,0.0,0,0,0,0,car
MVI_63553,188,1401,1405,5,5,0,0.0,0.0,0.0,0,0,0.0,0,0,0,0,car
MVI_63553,189,1099,1116,18,18,12,0.6667,0.3254,0.7204,1,12,0.48,0,0,0,0,car
MVI_63553,190,1296,1361,66,66,57,0.8636,0.58,0.8441,1,57,2.28,0,0,0,0,car
MVI_63554,1,1,6,6,6,0,0.0,0.0,0.0,0,0,0.0,0,0,0,0,car
MVI_63554,2,1,56,56,56,0,0.0,0.0,0.0,0,0,0.0,0,0,0,0,van
MVI_63554,3,1,11,11,11,11,1.0,0.3701,0.4877,1,11,0.44,0,0,0,0,car
MVI_63554,4,1,26,26,26,26,1.0,0.8288,0.9447,1,26,1.04,2,6,0,0,car
MVI_63554,5,1,41,41,41,40,0.9756,0.2532,0.3789,1,40,1.6,0,0,0,0,car
MVI_63554,6,1,41,41,41,0,0.0,0.0,0.0,0,0,0.0,0,0,0,0,car
MVI_63554,7,1,71,71,71,0,0.0,0.0,0.0,0,0,0.0,0,0,0,0,car
MVI_63554,8,11,26,16,16,13,0.8125,0.4714,0.9815,1,13,0.52,1,2,0,0,car
MVI_63554,9,11,71,61,61,55,0.9016,0.7976,0.9984,1,55,2.2,1,35,0,0,car
MVI_63554,10,16,51,36,36,0,0.0,0.0,0.0,0,0,0.0,0,0,0,0,car
MVI_63554,11,41,101,61,61,52,0.8525,0.6127,0.8946,1,52,2.08,0,0,0,0,van
MVI_63554,12,46,116,71,71,0,0.0,0.0,0.0,0,0,0.0,0,0,0,0,car
MVI_63554,13,51,76,26,26,16,0.6154,0.3587,0.8089,1,16,0.64,0,0,0,0,car
MVI_63554,14,61,106,46,46,0,0.0,0.0,0.0,0,0,0.0,0,0,0,0,car
MVI_63554,15,66,141,76,76,65,0.8553,0.3276,0.4842,1,65,2.6,0,0,0,0,car
MVI_63554,16,86,156,71,71,0,0.0,0.0,0.0,0,0,0.0,0,0,0,0,car
MVI_63554,17,91,151,61,61,0,0.0,0.0,0.0,0,0,0.0,0,0,0,0,car
MVI_63554,18,101,146,46,46,0,0.0,0.0,0.0,0,0,0.0,0,0,0,0,car
MVI_63554,19,106,186,81,81,62,0.7654,0.3665,0.6477,1,62,2.48,0,0,0,0,van
MVI_63554,20,111,176,66,66,57,0.8636,0.5983,0.9046,1,57,2.28,1,1,0,0,van
MVI_63554,21,131,206,76,76,0,0.0,0.0,0.0,0,0,0.0,0,0,0,0,car
MVI_63554,22,136,196,61,61,61,1.0,0.492,0.5709,1,61,2.44,0,0,0,0,car
MVI_63554,23,146,226,81,81,45,0.5556,0.1786,0.4287,1,45,1.8,0,0,0,0,car
MVI_63554,24,146,166,21,21,11,0.5238,0.2921,0.8813,1,11,0.44,0,0,0,0,car
MVI_63554,25,156,211,56,56,51,0.9107,0.7547,1.0,1,51,2.04,1,19,0,0,car
MVI_63554,26,156,226,71,71,0,0.0,0.0,0.0,0,0,0.0,0,0,0,0,car
MVI_63554,27,171,236,66,66,0,0.0,0.0,0.0,0,0,0.0,0,0,0,0,car
MVI_63554,28,176,231,56,56,0,0.0,0.0,0.0,0,0,0.0,0,0,0,0,car
MVI_63554,29,201,241,41,41,0,0.0,0.0,0.0,0,0,0.0,0,0,0,0,car
MVI_63554,30,201,281,81,81,74,0.9136,0.3965,0.5971,1,74,2.96,0,0,0,0,car
MVI_63554,31,201,276,76,76,76,1.0,0.3677,0.5091,1,76,3.04,0,0,0,0,car
MVI_63554,32,206,276,71,71,64,0.9014,0.8164,1.0,1,64,2.56,1,57,0,0,car
MVI_63554,33,231,311,81,81,45,0.5556,0.1561,0.4292,1,45,1.8,0,0,0,0,van
MVI_63554,34,231,266,36,36,0,0.0,0.0,0.0,0,0,0.0,0,0,0,0,car
MVI_63554,35,236,321,86,86,16,0.186,0.0503,0.6202,1,16,0.64,0,0,0,0,car
MVI_63554,36,241,306,66,66,59,0.8939,0.819,1.0,1,59,2.36,1,49,0,0,car
MVI_63554,37,241,291,51,51,0,0.0,0.0,0.0,0,0,0.0,0,0,0,0,car
MVI_63554,38,256,286,31,31,0,0.0,0.0,0.0,0,0,0.0,0,0,0,0,car
MVI_63554,39,256,341,86,86,0,0.0,0.0,0.0,0,0,0.0,0,0,0,0,car
MVI_63554,40,281,336,56,56,0,0.0,0.0,0.0,0,0,0.0,0,0,0,0,car
MVI_63554,41,291,381,91,91,25,0.2747,0.0905,0.4275,1,25,1.0,0,0,0,0,car
MVI_63554,42,291,306,16,16,11,0.6875,0.3623,0.9779,1,11,0.44,1,1,0,0,car
MVI_63554,43,296,366,71,71,62,0.8732,0.8059,1.0,1,62,2.48,1,55,0,0,car
MVI_63554,44,316,386,71,71,64,0.9014,0.3089,0.4642,1,64,2.56,0,0,0,0,van
MVI_63554,45,316,356,41,41,0,0.0,0.0,0.0,0,0,0.0,0,0,0,0,car
MVI_63554,46,331,411,81,81,0,0.0,0.0,0.0,0,0,0.0,0,0,0,0,van
MVI_63554,47,336,401,66,66,59,0.8939,0.6447,0.8728,1,59,2.36,0,0,0,0,car
MVI_63554,48,341,391,51,51,0,0.0,0.0,0.0,0,0,0.0,0,0,0,0,van
MVI_63554,49,346,426,81,81,54,0.6667,0.1598,0.3322,1,54,2.16,0,0,0,0,car
MVI_63554,50,356,426,71,71,63,0.8873,0.4604,0.7282,1,63,2.52,0,0,0,0,car
MVI_63554,51,361,381,21,21,11,0.5238,0.308,0.8404,1,11,0.44,0,0,0,0,van
MVI_63554,52,371,451,81,81,0,0.0,0.0,0.0,0,0,0.0,0,0,0,0,car
MVI_63554,53,376,426,51,51,0,0.0,0.0,0.0,0,0,0.0,0,0,0,0,car
MVI_63554,54,386,431,46,46,0,0.0,0.0,0.0,0,0,0.0,0,0,0,0,car
MVI_63554,55,401,471,71,71,62,0.8732,0.2432,0.3977,1,62,2.48,0,0,0,0,van
MVI_63554,56,411,461,51,51,48,0.9412,0.866,0.9988,1,48,1.92,2,30,0,0,car
MVI_63554,57,416,466,51,51,0,0.0,0.0,0.0,0,0,0.0,0,0,0,0,car
MVI_63554,58,416,456,41,41,21,0.5122,0.1738,0.3979,1,21,0.84,0,0,0,0,car
MVI_63554,60,426,446,21,21,13,0.619,0.3361,0.805,1,13,0.52,0,0,0,0,car
MVI_63554,61,406,471,66,66,63,0.9545,0.4256,1.0,1,63,2.52,2,6,0,0,car
MVI_63554,62,436,501,66,66,40,0.6061,0.1577,0.3625,2,35,1.4,0,0,0,0,car
MVI_63554,63,441,506,66,66,60,0.9091,0.425,0.6759,1,60,2.4,0,0,0,0,car
MVI_63554,64,451,496,46,46,42,0.913,0.8392,1.0,1,42,1.68,1,37,0,0,car
MVI_63554,65,466,511,46,46,0,0.0,0.0,0.0,0,0,0.0,0,0,0,0,van
MVI_63554,66,471,511,41,41,0,0.0,0.0,0.0,0,0,0.0,0,0,0,0,car
MVI_63554,67,471,556,86,86,0,0.0,0.0,0.0,0,0,0.0,0,0,0,0,car
MVI_63554,68,481,546,66,66,57,0.8636,0.808,1.0,1,57,2.28,1,51,0,0,car
MVI_63554,69,486,511,26,26,16,0.6154,0.34,0.8005,1,16,0.64,0,0,0,0,van
MVI_63554,70,511,571,61,61,0,0.0,0.0,0.0,0,0,0.0,0,0,0,0,car
MVI_63554,71,511,561,51,51,0,0.0,0.0,0.0,0,0,0.0,0,0,0,0,van
MVI_63554,72,521,621,101,101,20,0.198,0.094,0.6329,1,20,0.8,0,0,0,0,car
MVI_63554,73,531,591,61,61,51,0.8361,0.3693,0.6061,1,50,2.0,0,0,0,0,car
MVI_63554,74,531,571,41,41,0,0.0,0.0,0.0,0,0,0.0,0,0,0,0,van
MVI_63554,75,541,591,51,51,0,0.0,0.0,0.0,0,0,0.0,0,0,0,0,car
MVI_63554,76,541,561,21,21,13,0.619,0.3263,0.8551,1,13,0.52,0,0,0,0,car
MVI_63554,77,546,606,61,61,56,0.918,0.7267,0.9653,1,56,2.24,1,20,0,0,car
MVI_63554,78,556,596,41,41,0,0.0,0.0,0.0,0,0,0.0,0,0,0,0,car
MVI_63554,79,561,631,71,71,61,0.8592,0.533,1.0,1,61,2.44,1,9,0,0,van
MVI_63554,80,566,626,61,61,55,0.9016,0.193,0.2614,1,55,2.2,0,0,0,0,van
MVI_63554,81,571,651,81,81,10,0.1235,0.0554,0.6954,1,10,0.4,0,0,0,0,car
MVI_63554,82,571,626,56,56,53,0.9464,0.8664,1.0,1,53,2.12,1,47,0,0,car
MVI_63554,83,576,596,21,21,15,0.7143,0.4703,0.9854,1,15,0.6,1,5,0,0,car
MVI_63554,84,586,626,41,41,0,0.0,0.0,0.0,0,0,0.0,0,0,0,0,car
MVI_63554,85,611,686,76,76,0,0.0,0.0,0.0,0,0,0.0,0,0,0,0,car
MVI_63554,86,616,671,56,56,49,0.875,0.7963,1.0,1,49,1.96,1,43,0,0,car
MVI_63554,87,621,681,61,61,31,0.5082,0.1368,0.3082,1,31,1.24,0,0,0,0,van
MVI_63554,88,626,641,16,16,13,0.8125,0.5046,0.9831,1,13,0.52,1,3,0,0,car
MVI_63554,89,631,671,41,41,0,0.0,0.0,0.0,0,0,0.0,0,0,0,0,car
MVI_63554,90,641,726,86,86,20,0.2326,0.0451,0.2936,1,20,0.8,0,0,0,0,car
MVI_63554,91,646,681,36,36,0,0.0,0.0,0.0,0,0,0.0,0,0,0,0,car
MVI_63554,92,651,706,56,56,50,0.8929,0.7159,0.9978,1,50,2.0,2,14,0,0,car
MVI_63554,93,661,731,71,71,47,0.662,0.1787,0.3818,2,39,1.56,0,0,0,0,van
MVI_63554,94,676,731,56,56,26,0.4643,0.1066,0.2946,1,26,1.04,0,0,0,0,car
MVI_63554,95,686,766,81,81,51,0.6296,0.2065,0.476,1,51,2.04,0,0,0,0,car
MVI_63554,96,676,701,26,26,15,0.5769,0.3666,0.9773,1,15,0.6,1,4,0,0,car
MVI_63554,97,691,726,36,36,0,0.0,0.0,0.0,0,0,0.0,0,0,0,0,car
MVI_63554,98,691,761,71,71,64,0.9014,0.3159,0.6647,1,64,2.56,0,0,0,0,car
MVI_63554,99,701,726,26,26,15,0.5769,0.2602,0.6632,1,15,0.6,0,0,0,0,car
MVI_63554,100,711,766,56,56,0,0.0,0.0,0.0,0,0,0.0,0,0,0,0,car
MVI_63554,101,716,766,51,51,48,0.9412,0.863,1.0,1,48,1.92,1,42,0,0,car
MVI_63554,102,721,746,26,26,14,0.5385,0.255,0.6838,1,14,0.56,0,0,0,0,car
MVI_63554,103,731,801,71,71,17,0.2394,0.0493,0.2249,1,17,0.68,0,0,0,0,van
MVI_63554,104,731,771,41,41,0,0.0,0.0,0.0,0,0,0.0,0,0,0,0,car
MVI_63554,105,746,811,66,66,61,0.9242,0.4317,0.8308,1,61,2.44,0,0,0,0,car
MVI_63554,106,746,806,61,61,0,0.0,0.0,0.0,0,0,0.0,0,0,0,0,car
MVI_63554,107,756,821,66,66,0,0.0,0.0,0.0,0,0,0.0,0,0,0,0,car
MVI_63554,108,766,816,51,51,44,0.8627,0.7833,1.0,1,44,1.76,1,39,0,0,car
MVI_63554,109,766,796,31,31,18,0.5806,0.2696,0.8255,1,18,0.72,0,0,0,0,others
MVI_63554,110,786,856,71,71,0,0.0,0.0,0.0,0,0,0.0,0,0,0,0,car
MVI_63554,112,796,856,61,61,31,0.5082,0.1339,0.4192,1,31,1.24,0,0,0,0,car
MVI_63554,113,796,871,76,76,0,0.0,0.0,0.0,0,0,0.0,0,0,0,0,car
MVI_63554,114,806,856,51,51,0,0.0,0.0,0.0,0,0,0.0,0,0,0,0,car
MVI_63554,115,831,891,61,61,53,0.8689,0.7188,0.9293,1,53,2.12,2,9,0,0,car
MVI_63554,116,831,856,26,26,15,0.5769,0.3368,0.9101,1,15,0.6,1,2,0,0,car
MVI_63554,117,841,901,61,61,53,0.8689,0.4334,0.6177,1,53,2.12,0,0,0,0,car
MVI_63554,118,841,881,41,41,0,0.0,0.0,0.0,0,0,0.0,0,0,0,0,car
MVI_63554,119,841,896,56,56,0,0.0,0.0,0.0,0,0,0.0,0,0,0,0,car
MVI_63554,120,866,891,26,26,15,0.5769,0.3707,0.9803,1,15,0.6,1,4,0,0,car
MVI_63554,121,866,921,56,56,0,0.0,0.0,0.0,0,0,0.0,0,0,0,0,car
MVI_63554,122,876,931,56,56,0,0.0,0.0,0.0,0,0,0.0,0,0,0,0,car
MVI_63554,123,881,941,61,61,60,0.9836,0.5106,0.6241,1,60,2.4,0,0,0,0,car
MVI_63554,124,881,941,61,61,54,0.8852,0.7761,0.9912,1,54,2.16,2,24,0,0,car
MVI_63554,125,886,956,71,71,0,0.0,0.0,0.0,0,0,0.0,0,0,0,0,car
MVI_63554,126,891,946,56,56,37,0.6607,0.2099,0.4752,1,37,1.48,0,0,0,0,car
MVI_63554,127,901,946,46,46,0,0.0,0.0,0.0,0,0,0.0,0,0,0,0,car
MVI_63554,128,916,986,71,71,0,0.0,0.0,0.0,0,0,0.0,0,0,0,0,van
MVI_63554,129,916,936,21,21,13,0.619,0.3706,0.9327,1,13,0.52,1,2,0,0,car
MVI_63554,130,926,996,71,71,0,0.0,0.0,0.0,0,0,0.0,0,0,0,0,car
MVI_63554,131,931,991,61,61,0,0.0,0.0,0.0,0,0,0.0,0,0,0,0,car
MVI_63554,132,956,981,26,26,12,0.4615,0.229,0.6924,1,12,0.48,0,0,0,0,van
MVI_63554,133,966,1006,41,41,0,0.0,0.0,0.0,0,0,0.0,0,0,0,0,car
MVI_63554,134,971,1031,61,61,55,0.9016,0.5454,0.8791,1,55,2.2,0,0,0,0,car
MVI_63554,135,971,1031,61,61,0,0.0,0.0,0.0,0,0,0.0,0,0,0,0,car
MVI_63554,136,986,1051,66,66,0,0.0,0.0,0.0,0,0,0.0,0,0,0,0,car
MVI_63554,137,996,1011,16,16,12,0.75,0.4776,0.9849,1,12,0.48,1,3,0,0,car
MVI_63554,138,996,1046,51,51,0,0.0,0.0,0.0,0,0,0.0,0,0,0,0,car
MVI_63554,139,1021,1076,56,56,48,0.8571,0.4387,0.6681,1,48,1.92,0,0,0,0,car
MVI_63554,140,1021,1066,46,46,0,0.0,0.0,0.0,0,0,0.0,0,0,0,0,car
MVI_63554,141,1041,1106,66,66,0,0.0,0.0,0.0,0,0,0.0,0,0,0,0,car
MVI_63554,142,1056,1081,26,26,15,0.5769,0.2686,0.6964,1,15,0.6,0,0,0,0,van
MVI_63554,143,1061,1126,66,66,57,0.8636,0.3518,0.6127,1,57,2.28,0,0,0,0,car
MVI_63554,144,1061,1111,51,51,0,0.0,0.0,0.0,0,0,0.0,0,0,0,0,car
MVI_63554,145,1066,1106,41,41,0,0.0,0.0,0.0,0,0,0.0,0,0,0,0,car
MVI_63554,146,1081,1151,71,71,0,0.0,0.0,0.0,0,0,0.0,0,0,0,0,car
MVI_63554,147,1106,1151,46,46,39,0.8478,0.7463,1.0,1,39,1.56,1,28,0,0,car
MVI_63554,148,1106,1161,56,56,8,0.1429,0.0283,0.2005,1,8,0.32,0,0,0,0,car
MVI_63554,149,1111,1156,46,46,0,0.0,0.0,0.0,0,0,0.0,0,0,0,0,car
MVI_63554,150,1116,1181,66,66,0,0.0,0.0,0.0,0,0,0.0,0,0,0,0,car
MVI_63554,151,1121,1141,21,21,12,0.5714,0.2997,0.9166,1,12,0.48,1,1,0,0,car
MVI_63554,152,1131,1191,61,61,17,0.2787,0.0759,0.3301,3,10,0.4,0,0,0,0,car
MVI_63554,153,1146,1165,20,20,14,0.7,0.3878,0.9372,1,14,0.56,1,2,0,0,car
MVI_63554,154,1151,1216,66,66,0,0.0,0.0,0.0,0,0,0.0,0,0,0,0,car
MVI_63554,155,1151,1206,56,56,49,0.875,0.6662,0.9975,1,49,1.96,1,19,0,0,car
MVI_63554,156,1166,1221,56,56,0,0.0,0.0,0.0,0,0,0.0,0,0,0,0,car
MVI_63554,157,1176,1241,66,66,0,0.0,0.0,0.0,0,0,0.0,0,0,0,0,car
MVI_63554,158,1181,1246,66,66,54,0.8182,0.2359,0.4766,1,54,2.16,0,0,0,0,car
MVI_63554,159,1191,1226,36,36,0,0.0,0.0,0.0,0,0,0.0,0,0,0,0,car
MVI_63554,160,1206,1226,21,21,12,0.5714,0.3168,0.8919,1,12,0.48,0,0,0,0,car
MVI_63554,161,1206,1261,56,56,0,0.0,0.0,0.0,0,0,0.0,0,0,0,0,car
MVI_63554,162,1211,1271,61,61,54,0.8852,0.2792,0.4375,1,54,2.16,0,0,0,0,car
MVI_63554,163,1211,1281,71,71,54,0.7606,0.2331,0.7716,1,54,2.16,0,0,0,0,car
MVI_63554,164,1216,1281,66,66,66,1.0,0.3562,0.4494,1,66,2.64,0,0,0,0,car
MVI_63554,165,1221,1276,56,56,52,0.9286,0.8451,1.0,1,52,2.08,2,22,0,0,car
MVI_63554,166,1236,1301,66,66,0,0.0,0.0,0.0,0,0,0.0,0,0,0,0,car
MVI_63554,167,1241,1271,31,31,0,0.0,0.0,0.0,0,0,0.0,0,0,0,0,car
MVI_63554,168,1246,1306,61,61,53,0.8689,0.3254,0.5359,1,53,2.12,0,0,0,0,car
MVI_63554,169,1251,1271,21,21,14,0.6667,0.3834,0.8617,1,14,0.56,0,0,0,0,van
MVI_63554,170,1266,1301,36,36,0,0.0,0.0,0.0,0,0,0.0,0,0,0,0,car
MVI_63554,171,1271,1326,56,56,50,0.8929,0.7853,0.9977,1,50,2.0,1,33,0,0,car
MVI_63554,172,1276,1341,66,66,0,0.0,0.0,0.0,0,0,0.0,0,0,0,0,car
MVI_63554,173,1276,1331,56,56,0,0.0,0.0,0.0,0,0,0.0,0,0,0,0,van
MVI_63554,174,1291,1306,16,16,11,0.6875,0.4177,0.9615,1,11,0.44,1,2,0,0,car
MVI_63554,175,1301,1366,66,66,59,0.8939,0.2964,0.5237,1,59,2.36,0,0,0,0,car
MVI_63554,176,1301,1336,36,36,0,0.0,0.0,0.0,0,0,0.0,0,0,0,0,car
MVI_63554,177,1311,1366,56,56,51,0.9107,0.7407,0.9931,1,51,2.04,1,13,0,0,car
MVI_63554,178,1331,1396,66,66,0,0.0,0.0,0.0,0,0,0.0,0,0,0,0,van
MVI_63554,179,1341,1391,51,51,0,0.0,0.0,0.0,0,0,0.0,0,0,0,0,car
MVI_63554,180,1346,1361,16,16,9,0.5625,0.2041,0.5259,1,9,0.36,0,0,0,0,car
MVI_63554,181,1351,1386,36,36,0,0.0,0.0,0.0,0,0,0.0,0,0,0,0,car
MVI_63554,182,1376,1431,56,56,51,0.9107,0.8072,1.0,1,51,2.04,1,38,0,0,car
MVI_63554,183,1401,1421,21,21,8,0.381,0.1371,0.5429,1,8,0.32,0,0,0,0,van
MVI_63554,184,1406,1445,40,40,0,0.0,0.0,0.0,0,0,0.0,0,0,0,0,car
MVI_63554,185,1406,1445,40,40,39,0.975,0.3014,0.3913,1,39,1.56,0,0,0,0,car
MVI_63554,186,1421,1445,25,25,18,0.72,0.4677,0.8116,1,18,0.72,0,0,0,0,car
MVI_63554,187,1431,1445,15,15,0,0.0,0.0,0.0,0,0,0.0,0,0,0,0,car
MVI_63554,188,1431,1445,15,15,11,0.7333,0.3083,0.7849,1,11,0.44,0,0,0,0,car
MVI_63554,189,1156,1186,31,31,14,0.4516,0.108,0.3083,1,14,0.56,0,0,0,0,car
MVI_63554,190,786,816,31,31,17,0.5484,0.283,0.7976,1,17,0.68,0,0,0,0,van
MVI_63561,1,1,6,6,6,0,0.0,0.0,0.0,0,0,0.0,0,0,0,0,car
MVI_63561,2,1,26,26,26,0,0.0,0.0,0.0,0,0,0.0,0,0,0,0,others
MVI_63561,3,1,11,11,11,0,0.0,0.0,0.0,0,0,0.0,0,0,0,0,car
MVI_63561,4,1,51,51,51,0,0.0,0.0,0.0,0,0,0.0,0,0,0,0,car
MVI_63561,5,1,16,16,16,0,0.0,0.0,0.0,0,0,0.0,0,0,0,0,car
MVI_63561,6,6,61,56,56,0,0.0,0.0,0.0,0,0,0.0,0,0,0,0,car
MVI_63561,7,11,56,46,46,40,0.8696,0.4376,0.5853,1,40,1.6,0,0,0,0,car
MVI_63561,8,21,46,26,26,0,0.0,0.0,0.0,0,0,0.0,0,0,0,0,car
MVI_63561,9,26,76,51,51,44,0.8627,0.486,0.7109,1,44,1.76,0,0,0,0,van
MVI_63561,10,36,76,41,41,23,0.561,0.3409,0.8406,1,23,0.92,0,0,0,0,car
MVI_63561,11,51,91,41,41,30,0.7317,0.2769,0.5779,1,30,1.2,0,0,0,0,car
MVI_63561,12,56,81,26,26,26,1.0,0.5784,0.865,1,26,1.04,0,0,0,0,car
MVI_63561,13,76,111,36,36,0,0.0,0.0,0.0,0,0,0.0,0,0,0,0,car
MVI_63561,14,76,106,31,31,0,0.0,0.0,0.0,0,0,0.0,0,0,0,0,car
MVI_63561,15,76,141,66,66,40,0.6061,0.1062,0.2135,1,40,1.6,0,0,0,0,van
MVI_63561,16,81,121,41,41,13,0.3171,0.0791,0.1411,2,9,0.36,0,0,0,0,van
MVI_63561,17,81,131,51,51,41,0.8039,0.6929,0.9721,1,41,1.64,3,13,0,0,car
MVI_63561,18,86,141,56,56,0,0.0,0.0,0.0,0,0,0.0,0,0,0,0,car
MVI_63561,19,96,141,46,46,36,0.7826,0.2193,0.4856,1,36,1.44,0,0,0,0,car
MVI_63561,20,111,146,36,36,28,0.7778,0.215,0.4039,1,28,1.12,0,0,0,0,car
MVI_63561,21,116,156,41,41,28,0.6829,0.18,0.339,1,28,1.12,0,0,0,0,car
MVI_63561,22,116,171,56,56,0,0.0,0.0,0.0,0,0,0.0,0,0,0,0,car
MVI_63561,23,121,166,46,46,36,0.7826,0.7202,1.0,1,36,1.44,1,31,0,0,car
MVI_63561,24,126,161,36,36,0,0.0,0.0,0.0,0,0,0.0,0,0,0,0,car
MVI_63561,25,131,186,56,56,0,0.0,0.0,0.0,0,0,0.0,0,0,0,0,car
MVI_63561,26,136,181,46,46,35,0.7609,0.3262,0.6385,1,35,1.4,0,0,0,0,car
MVI_63561,27,151,161,11,11,11,1.0,0.683,0.9941,1,11,0.44,1,4,0,0,car
MVI_63561,28,161,206,46,46,25,0.5435,0.2447,0.7192,1,25,1.0,0,0,0,0,car
MVI_63561,29,161,196,36,36,28,0.7778,0.6515,0.9945,1,28,1.12,1,17,0,0,car
MVI_63561,30,161,201,41,41,0,0.0,0.0,0.0,0,0,0.0,0,0,0,0,car
MVI_63561,31,166,196,31,31,0,0.0,0.0,0.0,0,0,0.0,0,0,0,0,car
MVI_63561,32,166,181,16,16,13,0.8125,0.4554,0.9157,1,13,0.52,1,1,0,0,car
MVI_63561,33,176,211,36,36,0,0.0,0.0,0.0,0,0,0.0,0,0,0,0,car
MVI_63561,34,181,211,31,31,0,0.0,0.0,0.0,0,0,0.0,0,0,0,0,car
MVI_63561,35,181,241,61,61,0,0.0,0.0,0.0,0,0,0.0,0,0,0,0,car
MVI_63561,36,196,231,36,36,0,0.0,0.0,0.0,0,0,0.0,0,0,0,0,car
MVI_63561,37,201,236,36,36,28,0.7778,0.7062,0.999,1,28,1.12,1,22,0,0,car
MVI_63561,38,201,241,41,41,34,0.8293,0.4837,0.757,1,34,1.36,0,0,0,0,car
MVI_63561,39,206,236,31,31,31,1.0,0.5369,0.7775,1,31,1.24,0,0,0,0,car
MVI_63561,40,211,246,36,36,11,0.3056,0.1595,0.6569,1,11,0.44,0,0,0,0,car
MVI_63561,41,216,251,36,36,26,0.7222,0.1153,0.205,1,26,1.04,0,0,0,0,car
MVI_63561,42,231,301,71,71,11,0.1549,0.0439,0.3236,1,11,0.44,0,0,0,0,car
MVI_63561,43,236,281,46,46,0,0.0,0.0,0.0,0,0,0.0,0,0,0,0,car
MVI_63561,44,256,296,41,41,0,0.0,0.0,0.0,0,0,0.0,0,0,0,0,car
MVI_63561,45,266,306,41,41,0,0.0,0.0,0.0,0,0,0.0,0,0,0,0,car
MVI_63561,46,271,341,71,71,0,0.0,0.0,0.0,0,0,0.0,0,0,0,0,car
MVI_63561,47,276,301,26,26,19,0.7308,0.182,0.3807,1,19,0.76,0,0,0,0,car
MVI_63561,48,276,306,31,31,22,0.7097,0.2631,0.5392,1,22,0.88,0,0,0,0,car
MVI_63561,49,281,316,36,36,26,0.7222,0.636,1.0,1,26,1.04,1,20,0,0,car
MVI_63561,50,281,321,41,41,5,0.122,0.0342,0.2617,1,5,0.2,0,0,0,0,car
MVI_63561,51,296,326,31,31,0,0.0,0.0,0.0,0,0,0.0,0,0,0,0,car
MVI_63561,52,301,346,46,46,36,0.7826,0.7219,1.0,1,36,1.44,1,32,0,0,car
MVI_63561,53,301,346,46,46,0,0.0,0.0,0.0,0,0,0.0,0,0,0,0,car
MVI_63561,54,301,341,41,41,41,1.0,0.2638,0.7058,1,41,1.64,0,0,0,0,van
MVI_63561,55,306,351,46,46,0,0.0,0.0,0.0,0,0,0.0,0,0,0,0,car
MVI_63561,56,306,381,76,76,8,0.1053,0.0445,0.9284,1,8,0.32,1,1,0,0,car
MVI_63561,57,326,371,46,46,7,0.1522,0.0477,0.8706,1,7,0.28,0,0,0,0,car
MVI_63561,58,326,376,51,51,42,0.8235,0.3436,0.6497,1,42,1.68,0,0,0,0,car
MVI_63561,59,331,371,41,41,41,1.0,0.6736,0.7884,1,41,1.64,0,0,0,0,car
MVI_63561,60,336,366,31,31,0,0.0,0.0,0.0,0,0,0.0,0,0,0,0,car
MVI_63561,61,336,416,81,81,0,0.0,0.0,0.0,0,0,0.0,0,0,0,0,car
MVI_63561,62,346,386,41,41,7,0.1707,0.0465,0.3502,1,7,0.28,0,0,0,0,car
MVI_63561,63,346,396,51,51,0,0.0,0.0,0.0,0,0,0.0,0,0,0,0,car
MVI_63561,64,351,396,46,46,39,0.8478,0.7653,1.0,1,39,1.56,1,33,0,0,car
MVI_63561,65,361,416,56,56,45,0.8036,0.3481,0.6739,1,45,1.8,0,0,0,0,car
MVI_63561,66,366,416,51,51,21,0.4118,0.1749,0.514,1,21,0.84,0,0,0,0,car
MVI_63561,67,381,436,56,56,0,0.0,0.0,0.0,0,0,0.0,0,0,0,0,car
MVI_63561,68,386,446,61,61,55,0.9016,0.5284,0.7368,1,55,2.2,0,0,0,0,van
MVI_63561,69,396,466,71,71,0,0.0,0.0,0.0,0,0,0.0,0,0,0,0,car
MVI_63561,70,406,461,56,56,46,0.8214,0.3872,0.6894,1,46,1.84,0,0,0,0,car
MVI_63561,71,416,481,66,66,48,0.7273,0.3083,0.6596,1,48,1.92,0,0,0,0,car
MVI_63561,72,421,496,76,76,34,0.4474,0.0984,0.2546,1,34,1.36,0,0,0,0,van
MVI_63561,73,431,476,46,46,0,0.0,0.0,0.0,0,0,0.0,0,0,0,0,van
MVI_63561,74,436,466,31,31,0,0.0,0.0,0.0,0,0,0.0,0,0,0,0,car
MVI_63561,75,441,501,61,61,52,0.8525,0.7512,1.0,1,52,2.08,1,36,0,0,car
MVI_63561,76,456,501,46,46,0,0.0,0.0,0.0,0,0,0.0,0,0,0,0,car
MVI_63561,77,461,521,61,61,51,0.8361,0.4567,0.7938,1,51,2.04,0,0,0,0,car
MVI_63561,78,461,526,66,66,0,0.0,0.0,0.0,0,0,0.0,0,0,0,0,car
MVI_63561,79,466,516,51,51,0,0.0,0.0,0.0,0,0,0.0,0,0,0,0,car
MVI_63561,80,481,541,61,61,51,0.8361,0.7198,1.0,1,51,2.04,3,15,0,0,car
MVI_63561,81,486,536,51,51,0,0.0,0.0,0.0,0,0,0.0,0,0,0,0,car
MVI_63561,82,491,546,56,56,48,0.8571,0.265,0.425,1,48,1.92,0,0,0,0,car
MVI_63561,83,491,556,66,66,48,0.7273,0.3106,0.6273,1,48,1.92,0,0,0,0,car
MVI_63561,84,506,581,76,76,52,0.6842,0.1866,0.4504,1,52,2.08,0,0,0,0,car
MVI_63561,85,511,551,41,41,0,0.0,0.0,0.0,0,0,0.0,0,0,0,0,car
MVI_63561,86,521,596,76,76,66,0.8684,0.712,0.9736,1,66,2.64,2,23,0,0,car
MVI_63561,87,521,581,61,61,0,0.0,0.0,0.0,0,0,0.0,0,0,0,0,car
MVI_63561,88,526,586,61,61,0,0.0,0.0,0.0,0,0,0.0,0,0,0,0,car
MVI_63561,89,526,556,31,31,0,0.0,0.0,0.0,0,0,0.0,0,0,0,0,car
MVI_63561,90,536,611,76,76,64,0.8421,0.3436,0.5918,1,64,2.56,0,0,0,0,car
MVI_63561,91,551,616,66,66,52,0.7879,0.232,0.435,1,52,2.08,0,0,0,0,car
MVI_63561,92,551,631,81,81,74,0.9136,0.6488,0.9105,1,74,2.96,1,1,0,0,car
MVI_63561,93,561,621,61,61,41,0.6721,0.2534,0.7076,1,41,1.64,0,0,0,0,car
MVI_63561,94,566,591,26,26,0,0.0,0.0,0.0,0,0,0.0,0,0,0,0,car
MVI_63561,95,566,606,41,41,0,0.0,0.0,0.0,0,0,0.0,0,0,0,0,car
MVI_63561,96,571,656,86,86,85,0.9884,0.3236,0.5033,1,86,3.44,0,0,0,0,van
MVI_63561,97,576,646,71,71,0,0.0,0.0,0.0,0,0,0.0,0,0,0,0,car
MVI_63561,98,576,646,71,71,64,0.9014,0.3355,0.6354,1,66,2.64,0,0,0,0,car
MVI_63561,99,586,661,76,76,65,0.8553,0.7888,1.0,1,65,2.6,1,55,0,0,car
MVI_63561,100,611,706,96,96,43,0.4479,0.11,0.3208,3,24,0.96,0,0,0,0,others
MVI_63561,101,611,696,86,86,12,0.1395,0.0274,0.1696,1,12,0.48,0,0,0,0,car
MVI_63561,102,616,701,86,86,73,0.8488,0.3339,1.0,2,48,1.92,1,3,0,0,car
MVI_63561,103,626,651,26,26,0,0.0,0.0,0.0,0,0,0.0,0,0,0,0,car
MVI_63561,104,636,721,86,86,77,0.8953,0.6109,0.8238,1,77,3.08,0,0,0,0,car
MVI_63561,105,631,691,61,61,0,0.0,0.0,0.0,0,0,0.0,0,0,0,0,car
MVI_63561,106,636,676,41,41,0,0.0,0.0,0.0,0,0,0.0,0,0,0,0,car
MVI_63561,107,656,746,91,91,79,0.8681,0.1883,0.3937,2,49,1.96,0,0,0,0,car
MVI_63561,108,661,756,96,96,60,0.625,0.1544,0.3068,1,60,2.4,0,0,0,0,others
MVI_63561,109,676,766,91,91,81,0.8901,0.7379,0.9892,1,81,3.24,2,16,0,0,car
MVI_63561,110,676,696,21,21,0,0.0,0.0,0.0,0,0,0.0,0,0,0,0,car
MVI_63561,111,701,741,41,41,0,0.0,0.0,0.0,0,0,0.0,0,0,0,0,car
MVI_63561,112,711,781,71,71,0,0.0,0.0,0.0,0,0,0.0,0,0,0,0,car
MVI_63561,113,711,806,96,96,83,0.8646,0.2259,0.488,1,85,3.4,0,0,0,0,car
MVI_63561,114,731,811,81,81,0,0.0,0.0,0.0,0,0,0.0,0,0,0,0,car
MVI_63561,115,746,816,71,71,0,0.0,0.0,0.0,0,0,0.0,0,0,0,0,car
MVI_63561,116,751,836,86,86,78,0.907,0.726,0.9946,1,78,3.12,2,19,0,0,car
MVI_63561,117,756,836,81,81,81,1.0,0.4594,0.6812,1,81,3.24,0,0,0,0,car
MVI_63561,118,756,836,81,81,47,0.5802,0.1878,0.6586,1,47,1.88,0,0,0,0,car
MVI_63561,119,761,801,41,41,0,0.0,0.0,0.0,0,0,0.0,0,0,0,0,car
MVI_63561,120,771,866,96,96,83,0.8646,0.3775,0.6005,1,83,3.32,0,0,0,0,van
MVI_63561,121,776,841,66,66,0,0.0,0.0,0.0,0,0,0.0,0,0,0,0,car
MVI_63561,122,801,841,41,41,0,0.0,0.0,0.0,0,0,0.0,0,0,0,0,car
MVI_63561,123,806,836,31,31,0,0.0,0.0,0.0,0,0,0.0,0,0,0,0,car
MVI_63561,124,806,881,76,76,8,0.1053,0.0198,0.1919,1,8,0.32,0,0,0,0,car
MVI_63561,125,816,891,76,76,65,0.8553,0.7806,1.0,1,65,2.6,2,48,0,0,car
MVI_63561,126,841,901,61,61,0,0.0,0.0,0.0,0,0,0.0,0,0,0,0,car
MVI_63561,127,841,916,76,76,66,0.8684,0.2688,0.5705,1,68,2.72,0,0,0,0,car
MVI_63561,128,851,916,66,66,17,0.2576,0.0638,0.2731,1,17,0.68,0,0,0,0,car
MVI_63561,129,861,901,41,41,0,0.0,0.0,0.0,0,0,0.0,0,0,0,0,van
MVI_63561,130,866,896,31,31,0,0.0,0.0,0.0,0,0,0.0,0,0,0,0,car
MVI_63561,131,876,946,71,71,62,0.8732,0.5123,0.7172,1,62,2.48,0,0,0,0,van
MVI_63561,132,876,926,51,51,0,0.0,0.0,0.0,0,0,0.0,0,0,0,0,car
MVI_63561,133,876,941,66,66,0,0.0,0.0,0.0,0,0,0.0,0,0,0,0,car
MVI_63561,134,881,941,61,61,0,0.0,0.0,0.0,0,0,0.0,0,0,0,0,car
MVI_63561,135,886,956,71,71,62,0.8732,0.4413,0.8569,1,62,2.48,0,0,0,0,car
MVI_63561,136,906,971,66,66,0,0.0,0.0,0.0,0,0,0.0,0,0,0,0,van
MVI_63561,137,911,966,56,56,51,0.9107,0.3847,0.4974,1,51,2.04,0,0,0,0,car
MVI_63561,138,916,966,51,51,0,0.0,0.0,0.0,0,0,0.0,0,0,0,0,van
MVI_63561,139,916,996,81,81,73,0.9012,0.2203,0.4002,1,73,2.92,0,0,0,0,car
MVI_63561,140,926,951,26,26,0,0.0,0.0,0.0,0,0,0.0,0,0,0,0,car
MVI_63561,141,931,1006,76,76,69,0.9079,0.8101,0.9987,1,69,2.76,3,21,0,0,car
MVI_63561,142,941,1001,61,61,0,0.0,0.0,0.0,0,0,0.0,0,0,0,0,car
MVI_63561,143,941,981,41,41,0,0.0,0.0,0.0,0,0,0.0,0,0,0,0,car
MVI_63561,144,946,1011,66,66,4,0.0606,0.013,0.1706,1,4,0.16,0,0,0,0,car
MVI_63561,145,951,976,26,26,0,0.0,0.0,0.0,0,0,0.0,0,0,0,0,car
MVI_63561,146,971,1016,46,46,0,0.0,0.0,0.0,0,0,0.0,0,0,0,0,van
MVI_63561,147,971,1041,71,71,0,0.0,0.0,0.0,0,0,0.0,0,0,0,0,car
MVI_63561,148,976,1001,26,26,0,0.0,0.0,0.0,0,0,0.0,0,0,0,0,car
MVI_63561,149,981,1036,56,56,55,0.9821,0.4465,0.6729,1,55,2.2,0,0,0,0,car
MVI_63561,150,986,1051,66,66,0,0.0,0.0,0.0,0,0,0.0,0,0,0,0,car
MVI_63561,151,1001,1071,71,71,37,0.5211,0.1186,0.377,1,37,1.48,0,0,0,0,van
MVI_63561,152,1001,1071,71,71,65,0.9155,0.7178,0.9922,1,65,2.6,1,15,0,0,car
MVI_63561,153,1011,1051,41,41,0,0.0,0.0,0.0,0,0,0.0,0,0,0,0,car
MVI_63561,154,1026,1091,66,66,59,0.8939,0.6824,0.9616,1,59,2.36,1,11,0,0,car
MVI_63561,155,1026,1051,26,26,0,0.0,0.0,0.0,0,0,0.0,0,0,0,0,car
MVI_63561,156,1036,1101,66,66,0,0.0,0.0,0.0,0,0,0.0,0,0,0,0,car
MVI_63561,157,1041,1086,46,46,0,0.0,0.0,0.0,0,0,0.0,0,0,0,0,car
MVI_63561,158,1051,1116,66,66,57,0.8636,0.7589,1.0,1,57,2.28,2,33,0,0,car
MVI_63561,159,1061,1121,61,61,0,0.0,0.0,0.0,0,0,0.0,0,0,0,0,car
MVI_63561,160,1066,1111,46,46,0,0.0,0.0,0.0,0,0,0.0,0,0,0,0,car
MVI_63561,161,1071,1101,31,31,0,0.0,0.0,0.0,0,0,0.0,0,0,0,0,car
MVI_63561,162,1081,1141,61,61,53,0.8689,0.74,0.9913,1,53,2.12,3,14,0,0,car
MVI_63561,163,1081,1136,56,56,46,0.8214,0.2235,0.4629,1,46,1.84,0,0,0,0,car
MVI_63561,164,1081,1141,61,61,50,0.8197,0.2368,0.4126,1,50,2.0,0,0,0,0,car
MVI_63561,165,1086,1146,61,61,0,0.0,0.0,0.0,0,0,0.0,0,0,0,0,car
MVI_63561,166,1091,1136,46,46,46,1.0,0.5158,0.851,1,46,1.84,0,0,0,0,car
MVI_63561,167,1101,1126,26,26,0,0.0,0.0,0.0,0,0,0.0,0,0,0,0,car
MVI_63561,168,1121,1161,41,41,0,0.0,0.0,0.0,0,0,0.0,0,0,0,0,car
MVI_63561,169,1141,1211,71,71,63,0.8873,0.7022,0.958,1,63,2.52,1,14,0,0,car
MVI_63561,170,1141,1211,71,71,0,0.0,0.0,0.0,0,0,0.0,0,0,0,0,car
MVI_63561,171,1141,1191,51,51,0,0.0,0.0,0.0,0,0,0.0,0,0,0,0,car
MVI_63561,172,1141,1161,21,21,0,0.0,0.0,0.0,0,0,0.0,0,0,0,0,car
MVI_63561,173,1146,1201,56,56,0,0.0,0.0,0.0,0,0,0.0,0,0,0,0,car
MVI_63561,174,1176,1216,41,41,0,0.0,0.0,0.0,0,0,0.0,0,0,0,0,car
MVI_63561,175,1181,1251,71,71,64,0.9014,0.7278,1.0,1,64,2.56,2,13,0,0,car
MVI_63561,176,1186,1246,61,61,58,0.9508,0.3454,0.7086,2,35,1.4,0,0,0,0,car
MVI_63561,177,1201,1271,71,71,50,0.7042,0.4876,1.0,1,50,2.0,1,18,0,0,car
MVI_63561,178,1206,1251,46,46,0,0.0,0.0,0.0,0,0,0.0,0,0,0,0,van
MVI_63561,179,1206,1256,51,51,0,0.0,0.0,0.0,0,0,0.0,0,0,0,0,van
MVI_63561,180,1221,1261,41,41,0,0.0,0.0,0.0,0,0,0.0,0,0,0,0,car
MVI_63561,181,1226,1251,26,26,0,0.0,0.0,0.0,0,0,0.0,0,0,0,0,car
MVI_63561,182,1231,1276,46,46,0,0.0,0.0,0.0,0,0,0.0,0,0,0,0,car
MVI_63561,183,1241,1285,45,45,44,0.9778,0.288,0.3606,1,44,1.76,0,0,0,0,car
MVI_63561,184,1256,1285,30,30,0,0.0,0.0,0.0,0,0,0.0,0,0,0,0,car
MVI_63561,185,1256,1285,30,30,28,0.9333,0.203,0.3709,1,28,1.12,0,0,0,0,car
MVI_63561,186,1256,1281,26,26,0,0.0,0.0,0.0,0,0,0.0,0,0,0,0,car
MVI_63561,187,1261,1285,25,25,25,1.0,0.8651,0.9373,1,25,1.0,2,5,0,0,car
MVI_63561,188,1266,1285,20,20,0,0.0,0.0,0.0,0,0,0.0,0,0,0,0,car
MVI_63562,1,1,6,6,6,0,0.0,0.0,0.0,0,0,0.0,0,0,0,0,car
MVI_63562,2,1,11,11,11,0,0.0,0.0246,0.0705,0,0,0.0,0,0,0,0,car
MVI_63562,3,1,46,46,46,37,0.8043,0.6604,1.0,1,37,1.48,3,9,0,0,car
MVI_63562,4,1,51,51,51,51,1.0,0.4706,0.6196,1,51,2.04,0,0,0,0,van
MVI_63562,5,1,51,51,51,33,0.6471,0.1429,0.3919,1,33,1.32,0,0,0,0,car
MVI_63562,6,1,31,31,31,0,0.0,0.0,0.0,0,0,0.0,0,0,0,0,car
MVI_63562,7,1,21,21,21,0,0.0,0.0,0.0,0,0,0.0,0,0,0,0,car
MVI_63562,8,6,61,56,56,0,0.0,0.0,0.0,0,0,0.0,0,0,0,0,car
MVI_63562,9,6,51,46,46,0,0.0,0.0,0.0,0,0,0.0,0,0,0,0,car
MVI_63562,10,21,76,56,56,50,0.8929,0.78,0.9955,1,50,2.0,1,29,0,0,car
MVI_63562,11,36,101,66,66,52,0.7879,0.3172,0.5657,2,31,1.24,0,0,0,0,car
MVI_63562,12,36,91,56,56,50,0.8929,0.7213,0.9505,1,50,2.0,1,17,0,0,car
MVI_63562,13,46,111,66,66,0,0.0,0.0,0.0,0,0,0.0,0,0,0,0,van
MVI_63562,14,61,111,51,51,0,0.0,0.0,0.0,0,0,0.0,0,0,0,0,car
MVI_63562,15,66,81,16,16,0,0.0,0.0,0.0,0,0,0.0,0,0,0,0,car
MVI_63562,16,71,111,41,41,0,0.0,0.0,0.0,0,0,0.0,0,0,0,0,car
MVI_63562,17,86,141,56,56,47,0.8393,0.658,1.0,1,47,1.88,2,8,0,0,car
MVI_63562,18,96,156,61,61,29,0.4754,0.0994,0.229,2,27,1.08,0,0,0,0,van
MVI_63562,19,96,146,51,51,0,0.0,0.0,0.0,0,0,0.0,0,0,0,0,car
MVI_63562,20,111,171,61,61,0,0.0,0.0,0.0,0,0,0.0,0,0,0,0,car
MVI_63562,21,121,196,76,76,0,0.0,0.0,0.0,0,0,0.0,0,0,0,0,van
MVI_63562,22,141,191,51,51,23,0.451,0.1671,0.6345,1,23,0.92,0,0,0,0,car
MVI_63562,23,146,211,66,66,51,0.7727,0.3001,0.6207,1,51,2.04,0,0,0,0,car
MVI_63562,24,151,206,56,56,28,0.5,0.1442,0.4075,1,28,1.12,0,0,0,0,car
MVI_63562,25,151,196,46,46,0,0.0,0.0,0.0,0,0,0.0,0,0,0,0,van
MVI_63562,26,171,231,61,61,51,0.8361,0.4786,0.7336,1,51,2.04,0,0,0,0,car
MVI_63562,27,171,196,26,26,0,0.0,0.0,0.0,0,0,0.0,0,0,0,0,car
MVI_63562,28,186,231,46,46,0,0.0,0.0,0.0,0,0,0.0,0,0,0,0,car
MVI_63562,29,191,246,56,56,0,0.0,0.0,0.0,0,0,0.0,0,0,0,0,car
MVI_63562,30,201,256,56,56,40,0.7143,0.1029,0.2031,1,41,1.64,0,0,0,0,van
MVI_63562,31,206,276,71,71,34,0.4789,0.1402,0.5645,2,24,0.96,0,0,0,0,car
MVI_63562,32,216,271,56,56,49,0.875,0.6366,0.8543,1,49,1.96,0,0,0,0,car
MVI_63562,33,231,306,76,76,0,0.0,0.0,0.0,0,0,0.0,0,0,0,0,car
MVI_63562,34,231,296,66,66,54,0.8182,0.2066,0.3411,1,54,2.16,0,0,0,0,car
MVI_63562,35,236,271,36,36,0,0.0,0.0,0.0,0,0,0.0,0,0,0,0,car
MVI_63562,36,256,321,66,66,0,0.0,0.0,0.0,0,0,0.0,0,0,0,0,car
MVI_63562,37,261,286,26,26,0,0.0,0.0,0.0,0,0,0.0,0,0,0,0,car
MVI_63562,38,266,326,61,61,51,0.8361,0.5744,0.953,1,51,2.04,1,7,0,0,car
MVI_63562,39,271,306,36,36,0,0.0,0.0,0.0,0,0,0.0,0,0,0,0,car
MVI_63562,40,276,341,66,66,33,0.5,0.1987,0.5127,1,33,1.32,0,0,0,0,car
MVI_63562,41,281,351,71,71,0,0.0,0.0,0.0,0,0,0.0,0,0,0,0,car
MVI_63562,42,281,331,51,51,0,0.0,0.0,0.0,0,0,0.0,0,0,0,0,car
MVI_63562,43,296,356,61,61,0,0.0,0.0,0.0,0,0,0.0,0,0,0,0,car
MVI_63562,44,296,331,36,36,0,0.0,0.0,0.0,0,0,0.0,0,0,0,0,car
MVI_63562,45,301,356,56,56,48,0.8571,0.7525,0.9861,1,48,1.92,2,21,0,0,car
MVI_63562,46,311,371,61,61,0,0.0,0.0,0.0,0,0,0.0,0,0,0,0,van
MVI_63562,47,311,331,21,21,0,0.0,0.0,0.0,0,0,0.0,0,0,0,0,van
MVI_63562,48,316,386,71,71,63,0.8873,0.1868,0.5898,2,57,2.28,0,0,0,0,van
MVI_63562,49,336,391,56,56,46,0.8214,0.6501,0.9636,1,46,1.84,1,9,0,0,car
MVI_63562,50,336,371,36,36,0,0.0,0.0,0.0,0,0,0.0,0,0,0,0,van
MVI_63562,51,356,421,66,66,0,0.0,0.0,0.0,0,0,0.0,0,0,0,0,car
MVI_63562,52,356,401,46,46,22,0.4783,0.1876,0.5421,1,22,0.88,0,0,0,0,car
MVI_63562,53,361,386,26,26,0,0.0,0.0,0.0,0,0,0.0,0,0,0,0,others
MVI_63562,54,366,401,36,36,0,0.0,0.0,0.0,0,0,0.0,0,0,0,0,van
MVI_63562,55,381,436,56,56,47,0.8393,0.4972,0.8502,1,47,1.88,0,0,0,0,car
MVI_63562,56,391,436,46,46,0,0.0,0.0,0.0,0,0,0.0,0,0,0,0,car
MVI_63562,57,431,476,46,46,46,1.0,0.4868,0.6413,1,46,1.84,0,0,0,0,car
MVI_63562,58,431,481,51,51,0,0.0,0.0,0.0,0,0,0.0,0,0,0,0,car
MVI_63562,59,436,451,16,16,0,0.0,0.0,0.0,0,0,0.0,0,0,0,0,car
MVI_63562,60,441,481,41,41,34,0.8293,0.7396,1.0,1,34,1.36,1,28,0,0,car
MVI_63562,61,441,461,21,21,0,0.0,0.0,0.0,0,0,0.0,0,0,0,0,car
MVI_63562,62,456,486,31,31,0,0.0,0.0,0.0,0,0,0.0,0,0,0,0,car
MVI_63562,63,461,506,46,46,0,0.0,0.0,0.0,0,0,0.0,0,0,0,0,car
MVI_63562,64,466,521,56,56,44,0.7857,0.3934,0.694,1,44,1.76,0,0,0,0,car
MVI_63562,65,491,531,41,41,0,0.0,0.0,0.0,0,0,0.0,0,0,0,0,car
MVI_63562,66,526,541,16,16,0,0.0,0.0,0.0,0,0,0.0,0,0,0,0,car
MVI_63562,67,526,581,56,56,0,0.0,0.0,0.0,0,0,0.0,0,0,0,0,car
MVI_63562,68,536,566,31,31,0,0.0,0.0,0.0,0,0,0.0,0,0,0,0,car
MVI_63562,69,551,591,41,41,0,0.0,0.0,0.0,0,0,0.0,0,0,0,0,car
MVI_63562,70,566,621,56,56,0,0.0,0.0,0.0,0,0,0.0,0,0,0,0,car
MVI_63562,71,566,626,61,61,0,0.0,0.0,0.0,0,0,0.0,0,0,0,0,car
MVI_63562,72,571,621,51,51,42,0.8235,0.2433,0.4359,1,42,1.68,0,0,0,0,car
MVI_63562,73,581,631,51,51,43,0.8431,0.5064,0.7069,1,43,1.72,0,0,0,0,van
MVI_63562,74,596,651,56,56,0,0.0,0.0,0.0,0,0,0.0,0,0,0,0,car
MVI_63562,75,596,636,41,41,0,0.0,0.0,0.0,0,0,0.0,0,0,0,0,car
MVI_63562,76,611,631,21,21,0,0.0,0.0,0.0,0,0,0.0,0,0,0,0,car
MVI_63562,77,621,671,51,51,0,0.0,0.0,0.0,0,0,0.0,0,0,0,0,car
MVI_63562,78,626,676,51,51,46,0.902,0.7354,0.934,1,46,1.84,2,6,0,0,car
MVI_63562,79,646,666,21,21,0,0.0,0.0,0.0,0,0,0.0,0,0,0,0,car
MVI_63562,80,656,706,51,51,0,0.0,0.0,0.0,0,0,0.0,0,0,0,0,van
MVI_63562,81,656,696,41,41,0,0.0,0.0,0.0,0,0,0.0,0,0,0,0,car
MVI_63562,82,661,721,61,61,61,1.0,0.2959,1.0,1,61,2.44,1,1,0,0,car
MVI_63562,83,666,716,51,51,31,0.6078,0.2159,0.3951,1,31,1.24,0,0,0,0,car
MVI_63562,84,671,726,56,56,47,0.8393,0.5727,0.7874,1,47,1.88,0,0,0,0,car
MVI_63562,85,671,691,21,21,0,0.0,0.0,0.0,0,0,0.0,0,0,0,0,car
MVI_63562,86,686,736,51,51,0,0.0,0.0,0.0,0,0,0.0,0,0,0,0,car
MVI_63562,87,691,746,56,56,0,0.0,0.0,0.0,0,0,0.0,0,0,0,0,car
MVI_63562,88,691,716,26,26,0,0.0,0.0,0.0,0,0,0.0,0,0,0,0,car
MVI_63562,89,701,761,61,61,0,0.0,0.0,0.0,0,0,0.0,0,0,0,0,van
MVI_63562,90,716,776,61,61,53,0.8689,0.6696,0.9066,1,53,2.12,1,4,0,0,car
MVI_63562,91,716,756,41,41,0,0.0,0.0,0.0,0,0,0.0,0,0,0,0,car
MVI_63562,92,746,811,66,66,4,0.0606,0.0214,0.571,1,4,0.16,0,0,0,0,car
MVI_63562,93,751,791,41,41,0,0.0,0.0,0.0,0,0,0.0,0,0,0,0,car
MVI_63562,94,761,816,56,56,47,0.8393,0.5935,0.8149,1,47,1.88,0,0,0,0,car
MVI_63562,95,796,821,26,26,0,0.0,0.0,0.0,0,0,0.0,0,0,0,0,van
MVI_63562,96,796,861,66,66,0,0.0,0.0,0.0,0,0,0.0,0,0,0,0,car
MVI_63562,97,806,871,66,66,21,0.3182,0.0605,0.2607,1,21,0.84,0,0,0,0,car
MVI_63562,98,806,851,46,46,0,0.0,0.0,0.0,0,0,0.0,0,0,0,0,car
MVI_63562,99,831,851,21,21,0,0.0,0.0,0.0,0,0,0.0,0,0,0,0,car
MVI_63562,100,841,886,46,46,0,0.0,0.0,0.0,0,0,0.0,0,0,0,0,car
MVI_63562,101,851,921,71,71,0,0.0,0.0,0.0,0,0,0.0,0,0,0,0,car
MVI_63562,102,856,916,61,61,0,0.0,0.0,0.0,0,0,0.0,0,0,0,0,others
MVI_63562,103,866,916,51,51,44,0.8627,0.4651,0.7031,1,44,1.76,0,0,0,0,van
MVI_63562,104,866,936,71,71,21,0.2958,0.0907,0.4424,1,21,0.84,0,0,0,0,car
MVI_63562,105,876,921,46,46,0,0.0,0.0,0.0,0,0,0.0,0,0,0,0,car
MVI_63562,106,881,951,71,71,0,0.0,0.0,0.0,0,0,0.0,0,0,0,0,car
MVI_63562,107,901,946,46,46,0,0.0,0.0,0.0,0,0,0.0,0,0,0,0,car
MVI_63562,108,916,946,31,31,0,0.0,0.0,0.0,0,0,0.0,0,0,0,0,car
MVI_63562,109,936,1011,76,76,53,0.6974,0.187,0.4129,2,38,1.52,0,0,0,0,car
MVI_63562,110,951,986,36,36,0,0.0,0.0,0.0,0,0,0.0,0,0,0,0,car
MVI_63562,111,956,1011,56,56,0,0.0,0.0,0.0,0,0,0.0,0,0,0,0,van
MVI_63562,112,976,1046,71,71,66,0.9296,0.2273,0.4197,2,37,1.48,0,0,0,0,car
MVI_63562,113,981,1056,76,76,58,0.7632,0.2742,0.6288,1,58,2.32,0,0,0,0,car
MVI_63562,114,981,1016,36,36,0,0.0,0.0,0.0,0,0,0.0,0,0,0,0,car
MVI_63562,115,996,1051,56,56,12,0.2143,0.0514,0.2891,1,12,0.48,0,0,0,0,car
MVI_63562,116,996,1036,41,41,0,0.0,0.0,0.0,0,0,0.0,0,0,0,0,car
MVI_63562,117,1001,1046,46,46,40,0.8696,0.7397,0.9977,1,40,1.6,3,8,0,0,car
MVI_63562,118,1001,1061,61,61,0,0.0,0.0,0.0,0,0,0.0,0,0,0,0,car
MVI_63562,119,1011,1081,71,71,0,0.0,0.0,0.0,0,0,0.0,0,0,0,0,car
MVI_63562,120,1031,1086,56,56,47,0.8393,0.6798,0.9389,1,47,1.88,2,11,0,0,car
MVI_63562,121,1031,1081,51,51,29,0.5686,0.1368,0.2748,1,29,1.16,0,0,0,0,car
MVI_63562,122,1036,1081,46,46,0,0.0,0.0,0.0,0,0,0.0,0,0,0,0,car
MVI_63562,123,1071,1121,51,51,44,0.8627,0.4555,0.6547,1,44,1.76,0,0,0,0,car
MVI_63562,124,1086,1156,71,71,65,0.9155,0.298,0.6369,1,65,2.6,0,0,0,0,car
MVI_63562,125,1091,1116,26,26,0,0.0,0.0,0.0,0,0,0.0,0,0,0,0,car
MVI_63562,126,1096,1146,51,51,0,0.0,0.0,0.0,0,0,0.0,0,0,0,0,car
MVI_63562,127,1101,1166,66,66,0,0.0,0.0,0.0,0,0,0.0,0,0,0,0,bus
MVI_63562,128,1106,1156,51,51,43,0.8431,0.6741,0.9389,1,43,1.72,2,5,0,0,car
MVI_63562,129,1121,1166,46,46,0,0.0,0.0,0.0,0,0,0.0,0,0,0,0,car
MVI_63562,130,1126,1185,60,60,0,0.0,0.0,0.0,0,0,0.0,0,0,0,0,car
MVI_63562,131,1131,1176,46,46,0,0.0,0.0,0.0,0,0,0.0,0,0,0,0,car
MVI_63562,132,1141,1185,45,45,40,0.8889,0.4607,0.6939,1,40,1.6,0,0,0,0,car
MVI_63562,133,1146,1185,40,40,40,1.0,0.2569,0.5023,1,40,1.6,0,0,0,0,car
MVI_63562,134,1146,1185,40,40,40,1.0,0.3258,0.441,1,40,1.6,0,0,0,0,car
MVI_63562,135,1151,1185,35,35,0,0.0,0.0,0.0,0,0,0.0,0,0,0,0,car
MVI_63562,136,1161,1185,25,25,0,0.0,0.0,0.0,0,0,0.0,0,0,0,0,car
MVI_63562,137,1161,1185,25,25,0,0.0,0.0,0.0,0,0,0.0,0,0,0,0,car
MVI_63562,138,1171,1185,15,15,0,0.0,0.0,0.0,0,0,0.0,0,0,0,0,car
MVI_63563,1,1,16,16,16,0,0.0,0.0,0.0,0,0,0.0,0,0,0,0,van
MVI_63563,2,1,16,16,16,16,1.0,0.3161,0.3999,1,16,0.64,0,0,0,0,car
MVI_63563,3,1,21,21,21,13,0.619,0.4318,0.9344,1,13,0.52,1,4,0,0,car
MVI_63563,4,1,26,26,26,17,0.6538,0.1722,0.3006,1,17,0.68,0,0,0,0,car
MVI_63563,5,1,61,61,61,54,0.8852,0.5397,0.7841,1,54,2.16,0,0,0,0,car
MVI_63563,6,1,21,21,21,0,0.0,0.0,0.0,0,0,0.0,0,0,0,0,car
MVI_63563,7,6,71,66,66,0,0.0,0.0,0.0,0,0,0.0,0,0,0,0,car
MVI_63563,8,16,71,56,56,24,0.4286,0.1096,0.3346,1,24,0.96,0,0,0,0,car
MVI_63563,9,21,56,36,36,0,0.0,0.0,0.0,0,0,0.0,0,0,0,0,car
MVI_63563,10,26,91,66,66,46,0.697,0.1658,0.379,1,50,2.0,0,0,0,0,car
MVI_63563,11,46,91,46,46,0,0.0,0.0,0.0,0,0,0.0,0,0,0,0,car
MVI_63563,12,51,116,66,66,56,0.8485,0.6839,0.9571,1,56,2.24,1,16,0,0,car
MVI_63563,13,56,126,71,71,24,0.338,0.0805,0.2623,1,24,0.96,0,0,0,0,van
MVI_63563,14,96,161,66,66,58,0.8788,0.7112,0.9249,1,58,2.32,1,7,0,0,car
MVI_63563,15,96,171,76,76,0,0.0,0.0,0.0,0,0,0.0,0,0,0,0,car
MVI_63563,16,101,181,81,81,64,0.7901,0.2263,0.5091,2,51,2.04,0,0,0,0,car
MVI_63563,17,101,121,21,21,0,0.0,0.0,0.0,0,0,0.0,0,0,0,0,car
MVI_63563,18,106,151,46,46,6,0.1304,0.0259,0.2546,1,6,0.24,0,0,0,0,car
MVI_63563,19,106,156,51,51,0,0.0,0.0,0.0,0,0,0.0,0,0,0,0,car
MVI_63563,20,126,146,21,21,0,0.0,0.0,0.0,0,0,0.0,0,0,0,0,car
MVI_63563,21,131,196,66,66,54,0.8182,0.2502,0.4501,1,56,2.24,0,0,0,0,car
MVI_63563,22,141,191,51,51,0,0.0,0.0,0.0,0,0,0.0,0,0,0,0,car
MVI_63563,23,141,206,66,66,56,0.8485,0.705,0.9673,1,56,2.24,2,18,0,0,car
MVI_63563,24,156,226,71,71,0,0.0,0.0,0.0,0,0,0.0,0,0,0,0,car
MVI_63563,25,161,221,61,61,53,0.8689,0.1791,0.411,1,53,2.12,0,0,0,0,car
MVI_63563,26,161,206,46,46,0,0.0,0.0,0.0,0,0,0.0,0,0,0,0,car
MVI_63563,27,166,231,66,66,46,0.697,0.2933,0.6651,1,46,1.84,0,0,0,0,car
MVI_63563,28,181,256,76,76,0,0.0,0.0,0.0,0,0,0.0,0,0,0,0,car
MVI_63563,29,191,256,66,66,55,0.8333,0.2953,0.6332,1,55,2.2,0,0,0,0,car
MVI_63563,30,191,236,46,46,0,0.0,0.0,0.0,0,0,0.0,0,0,0,0,van
MVI_63563,31,206,226,21,21,0,0.0,0.0,0.0,0,0,0.0,0,0,0,0,car
MVI_63563,32,216,276,61,61,0,0.0,0.0,0.0,0,0,0.0,0,0,0,0,car
MVI_63563,33,216,286,71,71,62,0.8732,0.3074,0.6792,1,62,2.48,0,0,0,0,car
MVI_63563,34,226,266,41,41,0,0.0,0.0,0.0,0,0,0.0,0,0,0,0,car
MVI_63563,35,231,291,61,61,51,0.8361,0.5093,0.7106,1,51,2.04,0,0,0,0,van
MVI_63563,36,236,311,76,76,21,0.2763,0.0755,0.5421,1,21,0.84,0,0,0,0,car
MVI_63563,37,241,311,71,71,41,0.5775,0.1374,0.4176,3,24,0.96,0,0,0,0,car
MVI_63563,38,241,291,51,51,0,0.0,0.0,0.0,0,0,0.0,0,0,0,0,car
MVI_63563,39,246,316,71,71,60,0.8451,0.2241,0.5477,1,60,2.4,0,0,0,0,car
MVI_63563,40,261,331,71,71,58,0.8169,0.3497,0.6405,2,56,2.24,0,0,0,0,car
MVI_63563,41,261,301,41,41,4,0.0976,0.023,0.1472,1,4,0.16,0,0,0,0,car
MVI_63563,42,266,341,76,76,0,0.0,0.0,0.0,0,0,0.0,0,0,0,0,car
MVI_63563,43,271,331,61,61,53,0.8689,0.691,0.9618,1,53,2.12,1,11,0,0,car
MVI_63563,44,276,301,26,26,0,0.0,0.0,0.0,0,0,0.0,0,0,0,0,van
MVI_63563,45,281,356,76,76,14,0.1842,0.0466,0.5101,1,14,0.56,0,0,0,0,car
MVI_63563,46,281,331,51,51,0,0.0,0.0,0.0,0,0,0.0,0,0,0,0,car
MVI_63563,47,291,361,71,71,60,0.8451,0.3044,0.615,1,60,2.4,0,0,0,0,car
MVI_63563,48,296,376,81,81,0,0.0,0.0,0.0,0,0,0.0,0,0,0,0,car
MVI_63563,49,296,326,31,31,0,0.0,0.0,0.0,0,0,0.0,0,0,0,0,car
MVI_63563,50,306,321,16,16,0,0.0,0.0,0.0,0,0,0.0,0,0,0,0,car
MVI_63563,51,321,391,71,71,62,0.8732,0.6309,0.9093,1,62,2.48,1,1,0,0,car
MVI_63563,52,331,406,76,76,0,0.0,0.0,0.0,0,0,0.0,0,0,0,0,car
MVI_63563,53,331,356,26,26,0,0.0,0.0,0.0,0,0,0.0,0,0,0,0,car
MVI_63563,54,341,416,76,76,40,0.5263,0.1411,0.4133,1,40,1.6,0,0,0,0,car
MVI_63563,55,341,381,41,41,0,0.0,0.0,0.0,0,0,0.0,0,0,0,0,car
MVI_63563,56,346,391,46,46,0,0.0,0.0,0.0,0,0,0.0,0,0,0,0,car
MVI_63563,57,366,436,71,71,0,0.0,0.0,0.0,0,0,0.0,0,0,0,0,car
MVI_63563,58,371,436,66,66,58,0.8788,0.5519,0.8617,1,58,2.32,0,0,0,0,car
MVI_63563,59,386,406,21,21,0,0.0,0.0,0.0,0,0,0.0,0,0,0,0,car
MVI_63563,60,386,426,41,41,0,0.0,0.0,0.0,0,0,0.0,0,0,0,0,car
MVI_63563,61,391,441,51,51,0,0.0,0.0,0.0,0,0,0.0,0,0,0,0,car
MVI_63563,62,411,481,71,71,0,0.0,0.0,0.0,0,0,0.0,0,0,0,0,van
MVI_63563,63,416,456,41,41,0,0.0,0.0,0.0,0,0,0.0,0,0,0,0,car
MVI_63563,64,421,491,71,71,63,0.8873,0.7517,0.9438,1,63,2.52,3,14,0,0,car
MVI_63563,65,436,496,61,61,52,0.8525,0.2048,0.3913,1,52,2.08,0,0,0,0,car
MVI_63563,66,451,511,61,61,55,0.9016,0.6188,0.8127,1,55,2.2,0,0,0,0,car
MVI_63563,67,451,521,71,71,0,0.0,0.0,0.0,0,0,0.0,0,0,0,0,car
MVI_63563,68,456,476,21,21,0,0.0,0.0,0.0,0,0,0.0,0,0,0,0,car
MVI_63563,69,471,511,41,41,0,0.0,0.0,0.0,0,0,0.0,0,0,0,0,car
MVI_63563,70,466,541,76,76,68,0.8947,0.6853,0.9078,1,68,2.72,1,3,0,0,car
MVI_63563,71,466,546,81,81,0,0.0,0.0,0.0,0,0,0.0,0,0,0,0,car
MVI_63563,72,506,521,16,16,0,0.0,0.0,0.0,0,0,0.0,0,0,0,0,car
MVI_63563,73,511,571,61,61,54,0.8852,0.5425,0.8018,1,54,2.16,0,0,0,0,car
MVI_63563,74,516,566,51,51,0,0.0,0.0,0.0,0,0,0.0,0,0,0,0,car
MVI_63563,75,526,586,61,61,35,0.5738,0.1194,0.2628,1,35,1.4,0,0,0,0,car
MVI_63563,76,536,556,21,21,0,0.0,0.0,0.0,0,0,0.0,0,0,0,0,car
MVI_63563,77,541,611,71,71,1,0.0141,0.0039,0.1709,0,0,0.0,0,0,0,0,car
MVI_63563,78,541,626,86,86,41,0.4767,0.1935,0.5902,1,41,1.64,0,0,0,0,car
MVI_63563,79,556,616,61,61,53,0.8689,0.4113,0.5382,1,53,2.12,0,0,0,0,van
MVI_63563,80,561,596,36,36,0,0.0,0.0,0.0,0,0,0.0,0,0,0,0,car
MVI_63563,81,566,636,71,71,0,0.0,0.0,0.0,0,0,0.0,0,0,0,0,car
MVI_63563,82,571,626,56,56,0,0.0,0.0,0.0,0,0,0.0,0,0,0,0,van
MVI_63563,83,591,656,66,66,56,0.8485,0.4842,0.7947,1,56,2.24,0,0,0,0,car
MVI_63563,84,601,671,71,71,62,0.8732,0.2877,0.4458,1,62,2.48,0,0,0,0,van
MVI_63563,85,601,666,66,66,55,0.8333,0.2426,0.5337,1,58,2.32,0,0,0,0,car
MVI_63563,86,601,641,41,41,0,0.0,0.0,0.0,0,0,0.0,0,0,0,0,car
MVI_63563,87,606,661,56,56,0,0.0,0.0,0.0,0,0,0.0,0,0,0,0,car
MVI_63563,88,616,676,61,61,54,0.8852,0.6655,0.9549,1,54,2.16,1,6,0,0,car
MVI_63563,89,621,696,76,76,61,0.8026,0.4567,0.8149,1,61,2.44,0,0,0,0,car
MVI_63563,90,621,691,71,71,31,0.4366,0.0964,0.3114,1,31,1.24,0,0,0,0,car
MVI_63563,91,626,646,21,21,0,0.0,0.0,0.0,0,0,0.0,0,0,0,0,van
MVI_63563,92,631,706,76,76,28,0.3684,0.1022,0.4639,1,28,1.12,0,0,0,0,car
MVI_63563,93,646,701,56,56,0,0.0,0.0,0.0,0,0,0.0,0,0,0,0,car
MVI_63563,94,681,736,56,56,0,0.0,0.0,0.0,0,0,0.0,0,0,0,0,car
MVI_63563,95,691,711,21,21,0,0.0,0.0,0.0,0,0,0.0,0,0,0,0,car
MVI_63563,96,696,756,61,61,61,1.0,0.4598,0.7639,1,61,2.44,0,0,0,0,car
MVI_63563,97,696,761,66,66,61,0.9242,0.3879,0.598,1,61,2.44,0,0,0,0,car
MVI_63563,98,701,761,61,61,51,0.8361,0.6957,0.9985,1,51,2.04,2,21,0,0,car
MVI_63563,99,721,756,36,36,0,0.0,0.0,0.0,0,0,0.0,0,0,0,0,car
MVI_63563,100,726,776,51,51,0,0.0,0.0,0.0,0,0,0.0,0,0,0,0,car
MVI_63563,101,746,806,61,61,51,0.8361,0.6224,0.8669,1,51,2.04,0,0,0,0,car
MVI_63563,102,766,806,41,41,0,0.0,0.0,0.0,0,0,0.0,0,0,0,0,car
MVI_63563,103,781,836,56,56,50,0.8929,0.7677,0.9937,1,50,2.0,2,21,0,0,car
MVI_63563,104,786,816,31,31,0,0.0,0.0,0.0,0,0,0.0,0,0,0,0,bus
MVI_63563,105,786,836,51,51,0,0.0,0.0,0.0,0,0,0.0,0,0,0,0,car
MVI_63563,106,791,856,66,66,57,0.8636,0.2971,0.5674,1,57,2.28,0,0,0,0,car
MVI_63563,107,821,881,61,61,0,0.0,0.0,0.0,0,0,0.0,0,0,0,0,car
MVI_63563,108,831,866,36,36,0,0.0,0.0,0.0,0,0,0.0,0,0,0,0,others
MVI_63563,109,856,966,111,111,60,0.5405,0.2109,1.0,3,44,1.76,1,1,0,0,car
MVI_63563,110,856,906,51,51,0,0.0,0.0,0.0,0,0,0.0,0,0,0,0,van
MVI_63563,111,866,931,66,66,31,0.4697,0.1036,0.2752,1,32,1.28,0,0,0,0,car
MVI_63563,112,871,951,81,81,11,0.1358,0.0488,0.5374,1,11,0.44,0,0,0,0,car
MVI_63563,113,881,936,56,56,48,0.8571,0.6402,0.8732,1,48,1.92,0,0,0,0,car
MVI_63563,114,891,926,36,36,0,0.0,0.0,0.0,0,0,0.0,0,0,0,0,car
MVI_63563,115,896,971,76,76,22,0.2895,0.0586,0.2902,1,22,0.88,0,0,0,0,van
MVI_63563,116,906,961,56,56,48,0.8571,0.6932,0.9938,1,48,1.92,1,14,0,0,car
MVI_63563,117,916,1016,101,101,19,0.1881,0.0383,0.2602,1,19,0.76,0,0,0,0,others
MVI_63563,118,921,971,51,51,0,0.0,0.0,0.0,0,0,0.0,0,0,0,0,car
MVI_63563,119,926,966,41,41,0,0.0,0.0,0.0,0,0,0.0,0,0,0,0,car
MVI_63563,120,926,946,21,21,0,0.0,0.0,0.0,0,0,0.0,0,0,0,0,car
MVI_63563,121,946,1001,56,56,50,0.8929,0.6473,0.8517,1,50,2.0,0,0,0,0,car
MVI_63563,122,946,1006,61,61,56,0.918,0.5761,0.7461,1,56,2.24,0,0,0,0,car
MVI_63563,123,951,1041,91,91,11,0.1209,0.0548,0.6779,1,11,0.44,0,0,0,0,car
MVI_63563,124,966,986,21,21,0,0.0,0.0,0.0,0,0,0.0,0,0,0,0,car
MVI_63563,125,1001,1036,36,36,0,0.0,0.0,0.0,0,0,0.0,0,0,0,0,car
MVI_63563,126,1011,1081,71,71,0,0.0,0.0,0.0,0,0,0.0,0,0,0,0,car
MVI_63563,127,1021,1071,51,51,0,0.0,0.0,0.0,0,0,0.0,0,0,0,0,car
MVI_63563,128,1026,1146,121,121,13,0.1074,0.0403,0.5215,1,13,0.52,0,0,0,0,car
MVI_63563,129,1036,1056,21,21,0,0.0,0.0,0.0,0,0,0.0,0,0,0,0,car
MVI_63563,130,1041,1071,31,31,0,0.0,0.0,0.0,0,0,0.0,0,0,0,0,car
MVI_63563,131,1051,1096,46,46,0,0.0,0.0,0.0,0,0,0.0,0,0,0,0,car
MVI_63563,132,1056,1171,116,116,34,0.2931,0.1163,0.6594,2,24,0.96,0,0,0,0,car
MVI_63563,133,1061,1141,81,81,66,0.8148,0.2837,0.45,1,66,2.64,0,0,0,0,car
MVI_63563,134,1061,1131,71,71,60,0.8451,0.6364,0.9991,1,60,2.4,1,17,0,0,car
MVI_63563,135,1081,1116,36,36,0,0.0,0.0,0.0,0,0,0.0,0,0,0,0,car
MVI_63563,136,1081,1131,51,51,4,0.0784,0.0239,0.5183,1,4,0.16,0,0,0,0,car
MVI_63563,137,1086,1136,51,51,29,0.5686,0.2225,0.8086,1,29,1.16,0,0,0,0,car
MVI_63563,138,1096,1166,71,71,8,0.1127,0.0548,0.7087,1,8,0.32,0,0,0,0,car
MVI_63563,139,1106,1196,91,91,71,0.7802,0.2997,0.7255,2,42,1.68,0,0,0,0,van
MVI_63563,140,1106,1171,66,66,55,0.8333,0.4576,0.7323,1,55,2.2,0,0,0,0,van
MVI_63563,141,1106,1131,26,26,0,0.0,0.0,0.0,0,0,0.0,0,0,0,0,car
MVI_63563,142,1111,1191,81,81,51,0.6296,0.1627,0.409,2,28,1.12,0,0,0,0,van
MVI_63563,143,1121,1181,61,61,45,0.7377,0.2189,0.4897,2,37,1.48,0,0,0,0,car
MVI_63563,144,1126,1161,36,36,0,0.0,0.0,0.0,0,0,0.0,0,0,0,0,car
MVI_63563,145,1136,1216,81,81,19,0.2346,0.0826,0.4787,1,19,0.76,0,0,0,0,car
MVI_63563,146,1146,1171,26,26,0,0.0,0.0,0.0,0,0,0.0,0,0,0,0,car
MVI_63563,147,1146,1201,56,56,46,0.8214,0.46,0.7003,1,46,1.84,0,0,0,0,car
MVI_63563,148,1156,1231,76,76,30,0.3947,0.1235,0.446,1,30,1.2,0,0,0,0,van
MVI_63563,149,1156,1241,86,86,61,0.7093,0.4322,0.9562,1,61,2.44,1,5,0,0,car
MVI_63563,150,1171,1231,61,61,49,0.8033,0.6676,0.9953,1,49,1.96,1,15,0,0,car
MVI_63563,151,1187,1211,25,25,0,0.0,0.0,0.0,0,0,0.0,0,0,0,0,van
MVI_63563,152,1186,1236,51,51,0,0.0,0.0,0.0,0,0,0.0,0,0,0,0,car
MVI_63563,153,1206,1266,61,61,50,0.8197,0.4707,0.7104,1,50,2.0,0,0,0,0,car
MVI_63563,154,1192,1266,75,75,0,0.0,0.0,0.0,0,0,0.0,0,0,0,0,car
MVI_63563,155,1231,1256,26,26,0,0.0,0.0,0.0,0,0,0.0,0,0,0,0,car
MVI_63563,156,1231,1266,36,36,0,0.0,0.0,0.0,0,0,0.0,0,0,0,0,car
MVI_63563,157,1236,1301,66,66,61,0.9242,0.5078,0.7888,1,61,2.44,0,0,0,0,car
MVI_63563,158,1241,1301,61,61,49,0.8033,0.6308,0.9954,1,49,1.96,1,14,0,0,car
MVI_63563,159,1251,1321,71,71,0,0.0,0.0,0.0,0,0,0.0,0,0,0,0,car
MVI_63563,160,1266,1331,66,66,55,0.8333,0.5898,0.9784,1,55,2.2,1,4,0,0,van
MVI_63563,161,1286,1306,21,21,0,0.0,0.0,0.0,0,0,0.0,0,0,0,0,van
MVI_63563,162,1296,1346,51,51,48,0.9412,0.2277,0.3097,1,48,1.92,0,0,0,0,car
MVI_63563,163,1296,1346,51,51,0,0.0,0.0,0.0,0,0,0.0,0,0,0,0,car
MVI_63563,164,1306,1356,51,51,0,0.0,0.0,0.0,0,0,0.0,0,0,0,0,car
MVI_63563,165,1311,1366,56,56,46,0.8214,0.755,1.0,1,46,1.84,1,40,0,0,car
MVI_63563,166,1326,1346,21,21,0,0.0,0.0,0.0,0,0,0.0,0,0,0,0,car
MVI_63563,167,1351,1371,21,21,0,0.0,0.0,0.0,0,0,0.0,0,0,0,0,car
MVI_63563,168,1351,1390,40,40,0,0.0,0.0,0.0,0,0,0.0,0,0,0,0,car
MVI_63563,169,1361,1390,30,30,30,1.0,0.7404,0.8602,1,30,1.2,0,0,0,0,car
MVI_63563,170,1381,1390,10,10,7,0.7,0.2439,0.4144,1,7,0.28,0,0,0,0,car
MVI_63563,171,1301,1361,61,61,12,0.1967,0.0716,0.4214,1,12,0.48,0,0,0,0,car
MVI_63563,172,1316,1390,75,75,0,0.0,0.0,0.0,0,0,0.0,0,0,0,0,car
MVI_63563,173,1346,1390,45,45,0,0.0,0.0,0.0,0,0,0.0,0,0,0,0,car
MVI_63563,174,1371,1390,20,20,0,0.0,0.0,0.0,0,0,0.0,0,0,0,0,car
MVI_63563,175,476,481,6,6,6,1.0,0.272,0.3598,1,6,0.24,0,0,0,0,car
MVI_63563,176,521,541,21,21,19,0.9048,0.1659,0.2698,1,20,0.8,0,0,0,0,others
MVI_63563,177,646,656,11,11,6,0.5455,0.1845,0.4389,1,6,0.24,0,0,0,0,car
