1,1,256.88,201.1,67.06,71.46,1,1,1.0
1,2,736.9,246.6,125.75,99.35,1,1,1.0
1,3,620.9,91.01,45.05,31.82,1,1,1.0
1,4,598.9,66.06,33.3,25.96,1,1,1.0
2,1,255.9,201.35,67.54,72.44,1,1,1.0
2,2,732.5,241.47,122.8,98.13,1,1,1.0
2,3,620.65,89.78,43.85,31.58,1,1,1.0
2,4,597.9,65.32,33.05,25.96,1,1,1.0
3,1,254.93,201.59,68.02,73.42,1,1,1.0
3,2,728.05,236.33,119.9,96.9,1,1,1.0
3,3,620.45,88.56,42.55,31.34,1,1,1.0
3,4,596.95,64.58,32.8,25.96,1,1,1.0
4,1,253.94,201.84,68.53,74.39,1,1,1.0
4,2,723.65,231.19,117.0,95.68,1,1,1.0
4,3,620.2,87.34,41.35,31.09,1,1,1.0
4,4,595.95,63.86,32.55,25.95,1,1,1.0
5,1,252.97,202.08,69.01,75.37,1,1,1.0
5,2,719.25,226.06,114.05,94.45,1,1,1.0
5,3,619.95,86.12,40.15,30.86,1,1,1.0
5,4,595.0,63.12,32.3,25.96,1,1,1.0
6,1,251.99,202.32,69.5,76.36,1,1,1.0
6,2,714.85,220.91,111.1,93.24,1,1,1.0
6,3,619.7,84.9,38.9,30.6,1,1,1.0
6,4,594.0,62.38,32.1,25.96,1,1,1.0
7,1,251.01,202.57,69.99,77.33,1,1,1.0
7,2,710.45,215.78,108.15,92.01,1,1,1.0
7,3,619.45,83.67,37.7,30.36,1,1,1.0
7,4,593.05,61.65,31.8,25.96,1,1,1.0
7,5,836.7,412.48,124.3,118.42,1,1,1.0
8,1,250.28,204.77,70.23,77.09,1,1,1.0
8,2,707.75,212.11,105.75,90.05,1,1,1.0
8,3,618.0,82.69,37.9,30.12,1,1,1.0
8,4,592.55,61.4,32.05,26.2,1,1,1.0
8,5,827.15,400.0,133.85,125.75,1,1,1.0
9,1,249.54,206.97,70.48,76.85,1,1,1.0
9,2,705.1,208.44,103.25,88.1,1,1,1.0
9,3,616.5,81.72,38.2,29.86,1,1,1.0
9,4,592.05,61.16,32.3,26.44,1,1,1.0
9,5,817.6,387.52,143.4,133.13,1,1,1.0
10,1,248.81,209.18,70.72,76.59,1,1,1.0
10,2,702.4,204.77,100.8,86.14,1,1,1.0
10,3,615.05,80.74,38.45,29.62,1,1,1.0
10,4,591.55,60.92,32.55,26.69,1,1,1.0
10,5,808.05,375.05,152.95,140.45,1,1,1.0
11,1,248.07,211.38,70.98,76.35,1,1,1.0
11,2,699.7,201.1,98.35,84.18,1,1,1.0
11,3,613.6,79.76,38.65,29.38,1,1,1.0
11,4,591.05,60.68,32.8,26.93,1,1,1.0
11,5,798.55,362.57,162.45,147.78,1,1,1.0
12,1,247.34,213.58,71.22,76.11,1,1,1.0
12,2,697.0,197.43,95.95,82.22,1,1,1.0
12,3,612.1,78.78,38.95,29.14,1,1,1.0
12,4,590.6,60.43,33.05,27.18,1,1,1.0
12,5,789.0,350.09,172.0,155.11,1,1,1.0
13,1,246.6,215.78,71.47,75.86,1,1,1.0
13,2,694.3,193.76,93.5,80.27,1,1,1.0
13,3,610.65,77.8,39.15,28.89,1,1,1.0
13,4,590.1,60.18,33.3,27.42,1,1,1.0
13,5,779.45,337.62,181.55,162.46,1,1,1.0
14,1,245.63,216.51,72.44,77.09,1,1,1.0
14,2,691.15,190.82,92.7,78.31,1,1,1.0
14,3,610.9,77.06,38.4,28.9,1,1,1.0
14,4,590.1,59.94,32.3,26.93,1,1,1.0
14,5,774.3,329.05,172.5,159.05,1,1,1.0
15,1,244.65,217.25,73.42,78.31,1,1,1.0
15,2,687.95,187.89,92.0,76.35,1,1,1.0
15,3,611.15,76.33,37.7,28.89,1,1,1.0
15,4,590.1,59.7,31.35,26.44,1,1,1.0
15,5,769.15,320.49,170.8,155.62,1,1,1.0
16,1,243.67,217.98,74.4,79.53,1,1,1.0
16,2,684.75,184.96,91.3,74.39,1,1,1.0
16,3,611.4,75.6,36.95,28.9,1,1,1.0
16,4,590.1,59.45,30.35,25.96,1,1,1.0
16,5,764.05,311.93,169.05,152.19,1,1,1.0
17,1,242.69,218.72,75.38,80.75,1,1,1.0
17,2,681.6,182.02,90.55,72.44,1,1,1.0
17,3,611.6,74.86,36.25,28.89,1,1,1.0
17,4,590.1,59.2,29.35,25.46,1,1,1.0
17,5,758.9,303.37,167.35,148.76,1,1,1.0
18,1,241.72,219.45,76.35,81.98,1,1,1.0
18,2,678.4,179.09,89.8,70.48,1,1,1.0
18,3,611.85,74.13,35.5,28.89,1,1,1.0
18,4,590.1,58.96,28.4,24.98,1,1,1.0
18,5,753.75,294.8,165.65,145.34,1,1,1.0
19,1,240.74,220.19,77.33,83.19,1,1,1.0
19,2,675.25,176.15,89.05,68.52,1,1,1.0
19,3,612.1,73.4,34.75,28.9,1,1,1.0
19,4,590.1,58.72,27.4,24.48,1,1,1.0
19,5,748.6,286.24,163.95,141.91,1,1,1.0
20,1,240.0,221.41,77.57,83.45,1,1,1.0
20,2,673.05,173.21,87.85,67.79,1,1,1.0
20,3,611.85,72.42,33.55,29.38,1,1,1.0
20,4,589.85,57.98,28.15,25.22,1,1,1.0
20,5,744.2,279.39,159.3,139.23,1,1,1.0
21,1,239.26,222.63,77.82,83.69,1,1,1.0
21,2,670.85,170.28,86.6,67.05,1,1,1.0
21,3,611.6,71.44,32.35,29.88,1,1,1.0
21,4,589.6,57.25,28.9,25.95,1,1,1.0
21,5,739.8,272.54,154.65,136.53,1,1,1.0
22,1,238.53,223.85,78.07,83.94,1,1,1.0
22,2,668.6,167.34,85.45,66.32,1,1,1.0
22,3,611.4,70.46,31.05,30.36,1,1,1.0
22,4,589.35,56.52,29.65,26.68,1,1,1.0
22,5,735.4,265.69,150.0,133.84,1,1,1.0
23,1,237.8,225.07,78.31,84.19,1,1,1.0
23,2,666.4,164.41,84.2,65.58,1,1,1.0
23,3,611.15,69.48,29.85,30.84,1,1,1.0
23,4,589.1,55.78,30.35,27.42,1,1,1.0
23,5,731.0,258.84,145.35,131.15,1,1,1.0
24,1,237.07,226.3,78.55,84.43,1,1,1.0
24,2,664.2,161.47,83.0,64.85,1,1,1.0
24,3,610.9,68.5,28.65,31.34,1,1,1.0
24,4,588.85,55.04,31.1,28.16,1,1,1.0
24,5,726.6,251.99,140.7,128.46,1,1,1.0
25,1,236.33,227.53,78.8,84.66,1,1,1.0
25,2,662.0,158.53,81.75,64.12,1,1,1.0
25,3,610.65,67.53,27.4,31.82,1,1,1.0
25,4,588.6,54.31,31.85,28.89,1,1,1.0
25,5,722.2,245.14,136.05,125.77,1,1,1.0
26,1,235.84,229.72,78.55,84.67,1,1,1.0
26,2,660.3,155.84,80.25,63.63,1,1,1.0
26,3,610.65,67.04,27.15,31.09,1,1,1.0
26,4,588.4,54.06,31.05,28.4,1,1,1.0
26,5,719.5,239.76,132.4,123.32,1,1,1.0
27,1,235.35,231.93,78.31,84.67,1,1,1.0
27,2,658.6,153.15,78.8,63.14,1,1,1.0
27,3,610.65,66.54,26.9,30.36,1,1,1.0
27,4,588.15,53.82,30.35,27.91,1,1,1.0
27,5,716.8,234.38,128.75,120.87,1,1,1.0
28,1,234.86,234.13,78.07,84.67,1,1,1.0
28,2,656.9,150.46,77.3,62.65,1,1,1.0
28,3,610.65,66.06,26.7,29.62,1,1,1.0
28,4,587.9,53.58,29.6,27.42,1,1,1.0
28,5,714.15,228.99,125.0,118.43,1,1,1.0
29,1,234.38,236.33,77.81,84.67,1,1,1.0
29,2,655.15,147.77,75.9,62.16,1,1,1.0
29,3,610.65,65.56,26.45,28.89,1,1,1.0
29,4,587.65,53.34,28.9,26.93,1,1,1.0
29,5,711.45,223.61,121.35,115.99,1,1,1.0
30,1,233.88,238.53,77.58,84.67,1,1,1.0
30,2,653.45,145.07,74.4,61.68,1,1,1.0
30,3,610.65,65.08,26.2,28.16,1,1,1.0
30,4,587.4,53.09,28.15,26.44,1,1,1.0
30,5,708.75,218.22,117.7,113.54,1,1,1.0
31,1,233.4,240.74,77.33,84.66,1,1,1.0
31,2,651.75,142.38,72.9,61.19,1,1,1.0
31,3,610.65,64.58,25.95,27.42,1,1,1.0
31,4,587.15,52.84,27.45,25.96,1,1,1.0
31,5,706.05,212.85,114.05,111.09,1,1,1.0
32,1,231.68,242.2,79.78,86.14,1,1,1.0
32,2,650.5,140.43,72.2,60.69,1,1,1.0
32,3,609.9,64.1,26.7,26.93,1,1,1.0
32,4,586.4,52.36,27.95,25.46,1,1,1.0
32,5,702.85,209.42,112.1,109.38,1,1,1.0
33,1,229.97,243.67,82.22,87.6,1,1,1.0
33,2,649.3,138.47,71.45,60.21,1,1,1.0
33,3,609.15,63.61,27.45,26.44,1,1,1.0
33,4,585.7,51.86,28.4,24.98,1,1,1.0
33,5,699.7,206.0,110.1,107.66,1,1,1.0
34,1,228.26,245.14,84.67,89.07,1,1,1.0
34,2,648.05,136.51,70.75,59.72,1,1,1.0
34,3,608.45,63.12,28.15,25.96,1,1,1.0
34,4,584.95,51.38,28.9,24.48,1,1,1.0
34,5,696.5,202.57,108.15,105.95,1,1,1.0
35,1,226.54,246.6,87.12,90.54,1,1,1.0
35,2,646.85,134.56,70.0,59.23,1,1,1.0
35,3,607.7,62.63,28.9,25.46,1,1,1.0
35,4,584.2,50.88,29.4,24.0,1,1,1.0
35,5,693.35,199.15,106.2,104.23,1,1,1.0
36,1,224.83,248.07,89.56,92.01,1,1,1.0
36,2,645.65,132.6,69.25,58.74,1,1,1.0
36,3,606.95,62.14,29.65,24.98,1,1,1.0
36,4,583.5,50.4,29.85,23.5,1,1,1.0
36,5,690.15,195.72,104.25,102.53,1,1,1.0
37,1,223.12,249.54,92.01,93.48,1,1,1.0
37,2,644.4,130.64,68.55,58.25,1,1,1.0
37,3,606.25,61.65,30.35,24.49,1,1,1.0
37,4,582.75,49.91,30.35,23.02,1,1,1.0
37,5,686.95,192.29,102.3,100.82,1,1,1.0
38,1,221.41,252.23,92.01,93.72,1,1,1.0
38,2,643.2,129.66,67.3,57.28,1,1,1.0
38,3,606.25,60.92,30.35,24.98,1,1,1.0
38,4,582.75,49.66,29.85,23.02,1,1,1.0
38,5,684.3,189.85,101.3,98.36,1,1,1.0
39,1,219.69,254.93,92.01,93.96,1,1,1.0
39,2,641.95,128.69,66.1,56.28,1,1,1.0
39,3,606.25,60.18,30.35,25.46,1,1,1.0
39,4,582.75,49.42,29.4,23.02,1,1,1.0
39,5,681.6,187.4,100.3,95.92,1,1,1.0
40,1,217.98,257.62,92.01,94.2,1,1,1.0
40,2,640.75,127.71,64.85,55.31,1,1,1.0
40,3,606.25,59.45,30.35,25.96,1,1,1.0
40,4,582.75,49.18,28.9,23.02,1,1,1.0
40,5,678.9,184.96,99.35,93.47,1,1,1.0
41,1,216.27,260.31,92.01,94.45,1,1,1.0
41,2,639.5,126.73,63.65,54.33,1,1,1.0
41,3,606.25,58.72,30.35,26.44,1,1,1.0
41,4,582.75,48.93,28.4,23.02,1,1,1.0
41,5,676.2,182.51,98.4,91.03,1,1,1.0
42,1,214.56,263.0,92.01,94.69,1,1,1.0
42,2,638.3,125.75,62.4,53.35,1,1,1.0
42,3,606.25,57.98,30.35,26.94,1,1,1.0
42,4,582.75,48.68,27.9,23.02,1,1,1.0
42,5,673.5,180.06,97.4,88.58,1,1,1.0
43,1,212.85,265.69,92.01,94.94,1,1,1.0
43,2,637.05,124.77,61.2,52.38,1,1,1.0
43,3,606.25,57.25,30.35,27.42,1,1,1.0
43,4,582.75,48.44,27.4,23.02,1,1,1.0
43,5,670.85,177.62,96.4,86.13,1,1,1.0
44,1,211.38,267.4,92.5,96.66,1,1,1.0
44,2,636.1,123.55,60.2,51.15,1,1,1.0
44,3,606.25,57.98,29.85,26.2,1,1,1.0
44,4,582.75,48.44,26.7,22.53,1,1,1.0
44,5,668.85,175.17,94.45,84.91,1,1,1.0
45,1,209.91,269.12,92.98,98.37,1,1,1.0
45,2,635.1,122.33,59.25,49.93,1,1,1.0
45,3,606.25,58.72,29.35,24.98,1,1,1.0
45,4,582.75,48.44,25.95,22.04,1,1,1.0
45,5,666.9,172.72,92.5,83.69,1,1,1.0
46,1,208.44,270.82,93.48,100.09,1,1,1.0
46,2,634.15,121.1,58.25,48.71,1,1,1.0
46,3,606.25,59.45,28.9,23.75,1,1,1.0
46,4,582.75,48.44,25.2,21.55,1,1,1.0
46,5,664.95,170.28,90.55,82.47,1,1,1.0
47,1,206.97,272.54,93.97,101.79,1,1,1.0
47,2,633.15,119.88,57.25,47.48,1,1,1.0
47,3,606.25,60.18,28.4,22.53,1,1,1.0
47,4,582.75,48.44,24.5,21.06,1,1,1.0
47,5,663.0,167.83,88.6,81.24,1,1,1.0
48,1,205.51,274.25,94.45,103.51,1,1,1.0
48,2,632.15,118.66,56.3,46.25,1,1,1.0
48,3,606.25,60.92,27.9,21.31,1,1,1.0
48,4,582.75,48.44,23.75,20.57,1,1,1.0
48,5,661.05,165.38,86.6,80.03,1,1,1.0
49,1,204.04,275.96,94.94,105.23,1,1,1.0
49,2,631.2,117.43,55.3,45.04,1,1,1.0
49,3,606.25,61.65,27.4,20.08,1,1,1.0
49,4,582.75,48.44,23.0,20.08,1,1,1.0
49,5,659.1,162.94,84.65,78.8,1,1,1.0
49,6,647.35,413.94,180.05,127.06,1,1,1.0
49,9,447.7,35.23,21.56,20.08,1,1,1.0
50,1,202.32,278.9,96.17,106.2,1,1,1.0
50,2,630.7,115.23,54.6,45.28,1,1,1.0
50,3,606.25,59.94,26.9,21.3,1,1,1.0
50,4,582.25,47.46,23.75,20.57,1,1,1.0
50,5,657.85,160.49,83.7,77.58,1,1,1.0
50,6,643.9,400.0,172.5,123.55,1,1,1.0
50,9,447.7,34.74,21.31,20.57,1,1,1.0
51,1,200.61,281.83,97.4,107.18,1,1,1.0
51,2,630.2,113.03,53.85,45.53,1,1,1.0
51,3,606.25,58.22,26.45,22.53,1,1,1.0
51,4,581.75,46.48,24.5,21.06,1,1,1.0
51,5,656.65,158.04,82.7,76.36,1,1,1.0
51,6,640.5,386.06,164.9,124.29,1,1,1.0
51,9,447.7,34.25,21.07,21.06,1,1,1.0
52,1,198.9,284.77,98.61,108.16,1,1,1.0
52,2,629.7,110.83,53.15,45.77,1,1,1.0
52,3,606.25,56.52,25.95,23.75,1,1,1.0
52,4,581.3,45.5,25.2,21.55,1,1,1.0
52,5,655.4,155.6,81.75,75.12,1,1,1.0
52,6,637.05,372.11,157.35,125.03,1,1,1.0
52,9,447.7,33.76,20.82,21.55,1,1,1.0
53,1,197.19,287.7,99.83,109.14,1,1,1.0
53,2,629.25,108.63,52.35,46.01,1,1,1.0
53,3,606.25,54.8,25.45,24.98,1,1,1.0
53,4,580.8,44.53,25.95,22.04,1,1,1.0
53,5,654.2,153.15,80.75,73.91,1,1,1.0
53,6,633.65,358.17,149.75,125.77,1,1,1.0
53,9,447.7,33.27,20.58,22.04,1,1,1.0
54,1,195.47,290.64,101.07,110.12,1,1,1.0
54,2,628.75,106.42,51.65,46.26,1,1,1.0
54,3,606.25,53.09,24.95,26.2,1,1,1.0
54,4,580.3,43.55,26.7,22.53,1,1,1.0
54,5,652.95,150.71,79.8,72.67,1,1,1.0
54,6,630.2,344.22,142.2,126.51,1,1,1.0
54,9,447.7,32.78,20.34,22.53,1,1,1.0
55,1,193.76,293.58,102.29,111.09,1,1,1.0
55,2,628.25,104.22,50.9,46.5,1,1,1.0
55,3,606.25,51.38,24.45,27.42,1,1,1.0
55,4,579.8,42.57,27.45,23.02,1,1,1.0
55,5,651.75,148.26,78.8,71.46,1,1,1.0
55,6,626.8,330.27,134.55,127.24,1,1,1.0
55,7,851.4,396.33,109.6,128.72,1,1,1.0
55,9,447.7,32.29,20.09,23.02,1,1,1.0
56,1,191.07,295.78,104.0,114.52,1,1,1.0
56,2,626.8,103.24,50.9,46.26,1,1,1.0
56,3,606.25,50.88,24.0,27.42,1,1,1.0
56,4,579.8,42.81,26.95,22.53,1,1,1.0
56,5,650.5,146.54,77.6,70.24,1,1,1.0
56,6,623.85,321.95,131.15,122.36,1,1,1.0
56,7,843.3,386.3,117.7,127.5,1,1,1.0
56,9,446.97,32.78,20.33,22.53,1,1,1.0
57,1,188.38,297.98,105.71,117.95,1,1,1.0
57,2,625.3,102.27,50.95,46.01,1,1,1.0
57,3,606.25,50.4,23.5,27.42,1,1,1.0
57,4,579.8,43.06,26.45,22.04,1,1,1.0
57,5,649.3,144.83,76.35,69.02,1,1,1.0
57,6,620.9,313.64,127.75,117.45,1,1,1.0
57,7,835.25,376.27,125.75,126.28,1,1,1.0
57,9,446.24,33.27,20.57,22.04,1,1,1.0
58,1,185.69,300.19,107.42,121.36,1,1,1.0
58,2,623.85,101.29,50.9,45.77,1,1,1.0
58,3,606.25,49.91,23.0,27.42,1,1,1.0
58,4,579.8,43.3,25.95,21.55,1,1,1.0
58,5,648.05,143.12,75.15,67.79,1,1,1.0
58,6,618.0,305.32,124.3,112.56,1,1,1.0
58,7,827.15,366.24,133.85,125.03,1,1,1.0
58,9,445.51,33.76,20.81,21.55,1,1,1.0
59,1,183.0,302.38,109.13,124.8,1,1,1.0
59,2,622.4,100.31,50.9,45.52,1,1,1.0
59,3,606.25,49.42,22.5,27.42,1,1,1.0
59,4,579.8,43.55,25.5,21.06,1,1,1.0
59,5,646.85,141.41,73.9,66.56,1,1,1.0
59,6,615.05,297.01,120.85,107.66,1,1,1.0
59,7,819.1,356.21,141.9,123.81,1,1,1.0
59,9,444.77,34.25,21.06,21.06,1,1,1.0
60,1,180.31,304.58,110.84,128.23,1,1,1.0
60,2,620.9,99.32,50.95,45.28,1,1,1.0
60,3,606.25,48.93,22.05,27.42,1,1,1.0
60,4,579.8,43.79,25.0,20.57,1,1,1.0
60,5,645.65,139.69,72.65,65.35,1,1,1.0
60,6,612.1,288.69,117.45,102.77,1,1,1.0
60,7,811.0,346.18,150.0,122.59,1,1,1.0
60,9,444.04,34.74,21.31,20.57,1,1,1.0
61,1,177.62,306.79,112.56,131.64,1,1,1.0
61,2,619.45,98.35,50.9,45.03,1,1,1.0
61,3,606.25,48.44,21.55,27.42,1,1,1.0
61,4,579.8,44.04,24.5,20.08,1,1,1.0
61,5,644.4,137.98,71.45,64.12,1,1,1.0
61,6,609.15,280.37,114.05,97.88,1,1,1.0
61,7,802.95,336.14,158.05,121.37,1,1,1.0
61,9,443.31,35.23,21.55,20.08,1,1,1.0
62,1,174.44,311.68,113.53,132.14,1,1,1.0
62,2,618.95,97.37,49.95,44.06,1,1,1.0
62,3,605.5,48.68,22.55,26.2,1,1,1.0
62,4,579.35,44.04,25.45,19.59,1,1,1.0
62,5,642.95,135.78,70.7,64.61,1,1,1.0
62,6,607.2,273.03,110.85,96.41,1,1,1.0
62,7,797.3,327.1,150.0,119.65,1,1,1.0
62,9,443.55,34.98,21.55,21.06,1,1,1.0
63,1,171.26,316.57,114.51,132.62,1,1,1.0
63,2,618.45,96.39,48.95,43.08,1,1,1.0
63,3,604.75,48.93,23.55,24.98,1,1,1.0
63,4,578.85,44.04,26.45,19.1,1,1,1.0
63,5,641.45,133.58,70.0,65.1,1,1,1.0
63,6,605.25,265.69,107.7,94.94,1,1,1.0
63,7,791.7,318.05,147.75,117.94,1,1,1.0
63,9,443.79,34.74,21.56,22.04,1,1,1.0
64,1,168.07,321.47,115.5,133.11,1,1,1.0
64,2,618.0,95.42,47.95,42.1,1,1,1.0
64,3,604.05,49.18,24.45,23.75,1,1,1.0
64,4,578.35,44.04,27.4,18.61,1,1,1.0
64,5,640.0,131.38,69.25,65.59,1,1,1.0
64,6,603.3,258.35,104.5,93.47,1,1,1.0
64,7,786.05,308.99,145.6,116.23,1,1,1.0
64,9,444.04,34.5,21.54,23.02,1,1,1.0
65,1,164.9,326.36,116.47,133.6,1,1,1.0
65,2,617.5,94.44,47.0,41.12,1,1,1.0
65,3,603.3,49.42,25.45,22.53,1,1,1.0
65,4,577.85,44.04,28.4,18.12,1,1,1.0
65,5,638.55,129.18,68.5,66.07,1,1,1.0
65,6,601.35,251.01,101.3,92.01,1,1,1.0
65,7,780.45,299.94,143.35,114.51,1,1,1.0
65,9,444.28,34.25,21.55,24.0,1,1,1.0
66,1,161.72,331.26,117.45,134.09,1,1,1.0
66,2,617.0,93.46,46.0,40.15,1,1,1.0
66,3,602.55,49.66,26.45,21.31,1,1,1.0
66,4,577.35,44.04,29.4,17.64,1,1,1.0
66,5,637.05,126.97,67.8,66.57,1,1,1.0
66,6,599.4,243.67,98.1,90.54,1,1,1.0
66,7,774.8,290.88,141.2,112.81,1,1,1.0
66,9,444.52,34.01,21.55,24.97,1,1,1.0
67,1,158.53,336.14,118.43,134.59,1,1,1.0
67,2,616.5,92.48,45.05,39.16,1,1,1.0
67,3,601.85,49.91,27.4,20.08,1,1,1.0
67,4,576.9,44.04,30.35,17.15,1,1,1.0
67,5,635.6,124.77,67.05,67.05,1,1,1.0
67,6,597.45,236.33,94.95,89.07,1,1,1.0
67,7,769.15,281.83,139.0,111.1,1,1,1.0
67,9,444.77,33.76,21.55,25.95,1,1,1.0
68,1,153.15,340.06,122.1,138.01,1,1,1.0
68,2,616.0,91.99,45.05,38.67,1,1,1.0
68,3,601.6,49.66,27.4,19.59,1,1,1.0
68,4,577.35,43.3,29.15,17.88,1,1,1.0
68,5,635.1,123.79,66.1,65.34,1,1,1.0
68,6,595.95,230.71,93.25,87.6,1,1,1.0
68,7,764.3,276.94,135.3,106.94,1,1,1.0
68,9,444.77,34.25,21.55,25.22,1,1,1.0
69,1,147.77,343.98,125.77,141.42,1,1,1.0
69,2,615.55,91.5,45.0,38.19,1,1,1.0
69,3,601.35,49.42,27.4,19.11,1,1,1.0
69,4,577.85,42.57,27.9,18.62,1,1,1.0
69,5,634.6,122.82,65.1,63.62,1,1,1.0
69,6,594.5,225.07,91.5,86.14,1,1,1.0
69,7,759.4,272.05,131.65,102.77,1,1,1.0
69,9,444.77,34.74,21.55,24.48,1,1,1.0
70,1,142.38,347.89,129.44,144.86,1,1,1.0
70,2,615.05,91.01,45.05,37.7,1,1,1.0
70,3,601.1,49.18,27.4,18.61,1,1,1.0
70,4,578.35,41.84,26.7,19.35,1,1,1.0
70,5,634.15,121.83,64.1,61.92,1,1,1.0
70,6,593.05,219.45,89.8,84.67,1,1,1.0
70,7,754.5,267.15,127.95,98.62,1,1,1.0
70,9,444.77,35.23,21.55,23.75,1,1,1.0
71,1,137.01,351.81,133.11,148.27,1,1,1.0
71,2,614.55,90.52,45.05,37.21,1,1,1.0
71,3,600.85,48.93,27.45,18.13,1,1,1.0
71,4,578.85,41.1,25.45,20.08,1,1,1.0
71,5,633.65,120.86,63.15,60.2,1,1,1.0
71,6,591.55,213.82,88.1,83.2,1,1,1.0
71,7,749.6,262.26,124.3,94.46,1,1,1.0
71,9,444.77,35.72,21.55,23.02,1,1,1.0
72,1,131.62,355.72,136.78,151.68,1,1,1.0
72,2,614.05,90.03,45.05,36.72,1,1,1.0
72,3,600.6,48.68,27.45,17.64,1,1,1.0
72,4,579.35,40.37,24.2,20.82,1,1,1.0
72,5,633.15,119.88,62.15,58.49,1,1,1.0
72,6,590.1,208.19,86.35,81.74,1,1,1.0
72,7,744.7,257.37,120.65,90.3,1,1,1.0
72,9,444.77,36.21,21.55,22.28,1,1,1.0
73,1,126.24,359.63,140.45,155.12,1,1,1.0
73,2,613.6,89.54,45.0,36.23,1,1,1.0
73,3,600.35,48.44,27.45,17.14,1,1,1.0
73,4,579.8,39.63,23.05,21.55,1,1,1.0
73,5,632.65,118.9,61.2,56.78,1,1,1.0
73,6,588.6,202.57,84.7,80.26,1,1,1.0
73,7,739.8,252.47,117.0,86.15,1,1,1.0
73,9,444.77,36.7,21.55,21.55,1,1,1.0
74,1,120.61,366.24,143.39,152.21,1,1,1.0
74,2,612.6,88.32,44.55,36.47,1,1,1.0
74,3,600.75,48.55,27.25,16.99,1,1,1.0
74,4,579.1,39.8,23.3,21.23,1,1,1.0
74,5,632.45,118.83,59.65,55.11,1,1,1.0
74,6,587.65,199.15,82.2,78.54,1,1,1.0
74,7,736.65,247.34,114.25,85.41,1,1,1.0
74,9,444.28,36.45,21.79,22.04,1,1,1.0
75,1,114.99,372.85,146.32,149.25,1,1,1.0
75,2,611.6,87.1,44.1,36.72,1,1,1.0
75,3,601.15,48.66,27.1,16.84,1,1,1.0
75,4,578.45,39.97,23.55,20.91,1,1,1.0
75,5,632.3,118.77,58.05,53.42,1,1,1.0
75,6,586.65,195.72,79.8,76.84,1,1,1.0
75,7,733.45,242.2,111.6,84.67,1,1,1.0
75,9,443.79,36.21,22.04,22.53,1,1,1.0
76,1,109.36,379.45,149.26,146.3,1,1,1.0
76,2,610.65,85.87,43.55,36.96,1,1,1.0
76,3,601.55,48.77,26.9,16.7,1,1,1.0
76,4,577.75,40.13,23.85,20.59,1,1,1.0
76,5,632.1,118.71,56.5,51.75,1,1,1.0
76,6,585.7,192.29,77.3,75.13,1,1,1.0
76,7,730.3,237.07,108.85,83.93,1,1,1.0
76,9,443.31,35.96,22.27,23.02,1,1,1.0
77,1,103.73,386.06,152.2,143.39,1,1,1.0
77,2,609.65,84.65,43.1,37.21,1,1,1.0
77,3,601.95,48.88,26.75,16.54,1,1,1.0
77,4,577.05,40.3,24.15,20.26,1,1,1.0
77,5,631.9,118.65,54.95,50.07,1,1,1.0
77,6,584.7,188.87,74.9,73.42,1,1,1.0
77,7,727.1,231.93,106.2,83.2,1,1,1.0
77,9,442.82,35.72,22.53,23.51,1,1,1.0
78,1,98.1,392.66,155.12,140.44,1,1,1.0
78,2,608.7,83.42,42.6,37.46,1,1,1.0
78,3,602.35,48.99,26.55,16.39,1,1,1.0
78,4,576.35,40.47,24.45,19.95,1,1,1.0
78,5,631.7,118.58,53.4,48.39,1,1,1.0
78,6,583.75,185.44,72.4,71.7,1,1,1.0
78,7,723.9,226.79,103.5,82.47,1,1,1.0
78,9,442.32,35.47,22.78,24.0,1,1,1.0
79,1,92.48,399.26,158.06,141.74,1,1,1.0
79,2,607.7,82.2,42.1,37.7,1,1,1.0
79,3,602.75,49.1,26.4,16.24,1,1,1.0
79,4,575.65,40.64,24.7,19.62,1,1,1.0
79,5,631.55,118.52,51.8,46.72,1,1,1.0
79,6,582.75,182.02,70.0,69.99,1,1,1.0
79,7,720.75,221.65,100.8,81.73,1,1,1.0
79,9,441.83,35.23,23.03,24.48,1,1,1.0
80,1,87.58,406.36,161.0,134.64,1,1,1.0
80,2,607.95,81.47,40.4,37.45,1,1,1.0
80,3,602.25,41.74,22.85,20.88,1,1,1.0
80,4,575.4,37.76,22.85,18.89,1,1,1.0
80,5,628.05,107.33,52.7,56.65,1,1,1.0
80,6,581.55,179.57,69.95,67.55,1,1,1.0
80,7,717.55,217.74,99.6,81.24,1,1,1.0
80,9,441.83,35.72,22.78,23.75,1,1,1.0
81,1,82.69,413.45,163.94,127.55,1,1,1.0
81,2,608.2,80.74,38.65,37.2,1,1,1.0
81,3,602.25,42.73,23.85,20.88,1,1,1.0
81,4,574.4,38.76,23.85,18.89,1,1,1.0
81,5,628.05,109.32,52.7,51.68,1,1,1.0
81,6,580.3,177.13,70.0,65.09,1,1,1.0
81,7,714.35,213.82,98.4,80.76,1,1,1.0
81,9,441.83,36.21,22.54,23.02,1,1,1.0
82,1,77.8,420.55,166.87,120.45,1,1,1.0
82,2,608.45,80.0,36.95,36.97,1,1,1.0
82,3,599.25,42.73,24.85,19.88,1,1,1.0
82,4,574.4,37.76,21.9,19.88,1,1,1.0
82,5,627.1,106.33,50.65,53.68,1,1,1.0
82,6,579.1,174.68,69.95,62.65,1,1,1.0
82,7,711.2,209.91,97.15,80.27,1,1,1.0
82,9,441.83,36.7,22.29,22.28,1,1,1.0
83,1,72.9,427.64,169.82,113.36,1,1,1.0
83,2,608.7,79.26,35.25,36.72,1,1,0.8063
83,3,601.25,40.75,22.85,21.87,1,1,1.0
83,4,574.4,36.77,22.85,17.9,1,1,1.0
83,5,624.1,103.36,53.65,51.68,1,1,1.0
83,6,577.85,172.23,70.0,60.21,1,1,1.0
83,7,708.0,206.0,95.95,79.77,1,1,1.0
83,9,441.83,37.19,22.05,21.55,1,1,1.0
84,1,68.01,434.74,172.75,106.26,1,1,1.0
84,2,608.95,78.53,33.5,36.48,1,1,0.8155
84,3,600.2,41.32,24.25,21.28,1,1,1.0
84,4,573.15,37.56,23.55,17.53,1,1,1.0
84,5,623.1,103.36,52.7,51.68,1,1,1.0
84,6,576.65,169.79,70.0,57.75,1,1,1.0
84,7,704.85,202.08,94.7,79.29,1,1,1.0
84,9,441.83,37.68,21.8,20.81,1,1,1.0
85,1,63.12,441.83,175.68,99.17,1,1,1.0
85,2,609.15,77.8,31.85,36.23,1,1,0.8865
85,3,601.85,42.57,21.55,21.55,1,1,1.0
85,4,572.5,36.7,25.95,20.08,1,1,1.0
85,5,625.3,105.69,49.45,47.97,1,1,1.0
85,6,575.4,167.34,70.0,55.31,1,1,1.0
85,7,701.65,198.16,93.5,78.8,1,1,1.0
85,9,441.83,38.16,21.55,20.08,1,1,1.0
86,1,60.43,449.42,172.74,91.58,1,1,1.0
86,2,607.95,77.56,32.55,35.26,1,1,0.8844
86,3,601.1,42.08,22.05,20.82,1,1,1.0
86,4,572.7,35.72,25.0,20.82,1,1,1.0
86,5,624.6,104.47,49.2,47.97,1,1,1.0
86,6,574.9,163.91,68.3,55.31,1,1,1.0
86,7,698.7,195.72,92.0,76.35,1,1,1.0
86,9,442.08,38.16,21.3,20.57,1,1,1.0
87,1,57.74,457.01,169.8,83.99,1,1,1.0
87,2,606.75,77.31,33.25,34.27,1,1,0.8818
87,3,600.35,41.59,22.55,20.08,1,1,1.0
87,4,572.95,34.74,24.0,21.55,1,1,1.0
87,5,623.85,103.24,48.95,47.98,1,1,1.0
87,6,574.45,160.49,66.55,55.31,1,1,1.0
87,7,695.8,193.27,90.5,73.91,1,1,1.0
87,9,442.32,38.16,21.06,21.06,1,1,1.0
88,1,55.04,464.58,166.86,76.42,1,1,1.0
88,2,605.5,77.06,34.05,33.3,1,1,0.879
88,3,599.65,41.1,23.0,19.35,1,1,1.0
88,4,573.2,33.76,23.05,22.28,1,1,1.0
88,5,623.1,102.02,48.75,47.97,1,1,1.0
88,6,573.95,157.07,64.85,55.31,1,1,1.0
88,7,692.85,190.82,89.05,71.47,1,1,1.0
88,9,442.57,38.16,20.81,21.55,1,1,1.0
89,1,52.36,472.17,163.94,68.83,1,1,1.0
89,2,604.3,76.82,34.75,32.32,1,1,0.8764
89,3,598.9,40.61,23.5,18.61,1,1,1.0
89,4,573.45,32.78,22.05,23.02,1,1,1.0
89,5,622.4,100.8,48.45,47.97,1,1,1.0
89,6,573.45,153.64,63.15,55.31,1,1,1.0
89,7,689.9,188.38,87.6,69.01,1,1,1.0
89,9,442.82,38.16,20.56,22.04,1,1,1.0
90,1,49.66,479.76,161.0,61.24,1,1,1.0
90,2,603.05,76.58,35.5,31.34,1,1,0.8733
90,3,598.15,40.12,24.0,17.88,1,1,1.0
90,4,573.7,31.8,21.05,23.75,1,1,1.0
90,5,621.65,99.57,48.2,47.97,1,1,1.0
90,6,572.95,150.22,61.45,55.31,1,1,1.0
90,7,686.95,185.94,86.15,66.56,1,1,1.0
90,9,443.06,38.16,20.32,22.53,1,1,1.0
91,1,46.97,487.34,158.07,53.66,1,1,1.0
91,2,601.85,76.33,36.2,30.36,1,1,0.8699
91,3,597.45,39.63,24.45,17.15,1,1,1.0
91,4,573.95,30.83,20.1,24.48,1,1,1.0
91,5,620.9,98.35,48.0,47.97,1,1,1.0
91,6,572.5,146.79,59.7,55.31,1,1,1.0
91,7,684.05,183.49,84.65,64.11,1,1,1.0
91,9,443.31,38.16,20.07,23.02,1,1,1.0
92,2,601.6,75.84,35.95,29.87,1,1,0.8652
92,3,597.45,39.63,24.45,17.15,1,1,1.0
92,4,573.95,31.32,19.85,24.48,1,1,1.0
92,5,620.2,97.37,47.45,48.22,1,1,1.0
92,6,571.75,145.32,59.2,54.34,1,1,1.0
92,7,682.55,181.29,83.0,63.62,1,1,1.0
92,9,442.57,38.9,20.32,22.78,1,1,1.0
93,2,601.35,75.35,35.75,29.38,1,1,0.8599
93,3,597.45,39.63,24.45,17.15,1,1,1.0
93,4,573.95,31.8,19.6,24.48,1,1,1.0
93,5,619.45,96.39,47.0,48.46,1,1,1.0
93,6,571.0,143.85,58.75,53.36,1,1,1.0
93,7,681.1,179.09,81.25,63.13,1,1,1.0
93,9,441.83,39.63,20.57,22.53,1,1,1.0
94,2,601.1,74.86,35.5,28.89,1,1,0.8545
94,3,597.45,39.63,24.45,17.15,1,1,1.0
94,4,573.95,32.29,19.35,24.49,1,1,1.0
94,5,618.7,95.42,46.5,48.7,1,1,1.0
94,6,570.3,142.38,58.2,52.38,1,1,1.0
94,7,679.65,176.88,79.5,62.65,1,1,1.0
94,9,441.1,40.37,20.82,22.28,1,1,1.0
95,2,600.85,74.38,35.25,28.4,1,1,0.8491
95,3,597.45,39.63,24.45,17.15,1,1,1.0
95,4,573.95,32.78,19.1,24.49,1,1,1.0
95,5,618.0,94.44,46.0,48.94,1,1,1.0
95,6,569.55,140.91,57.75,51.41,1,1,1.0
95,7,678.15,174.68,77.85,62.16,1,1,1.0
95,9,440.37,41.1,21.06,22.04,1,1,1.0
96,2,600.6,73.89,35.0,27.92,1,1,0.8433
96,3,597.45,39.63,24.45,17.15,1,1,1.0
96,4,573.95,33.27,18.85,24.49,1,1,1.0
96,5,617.25,93.46,45.5,49.2,1,1,1.0
96,6,568.8,139.45,57.3,50.42,1,1,1.0
96,7,676.7,172.47,76.1,61.68,1,1,1.0
96,9,439.63,41.84,21.31,21.8,1,1,1.0
97,2,600.35,73.4,34.8,27.42,1,1,0.837
97,3,597.45,39.63,24.45,17.15,1,1,1.0
97,4,573.95,33.76,18.6,24.49,1,1,1.0
97,5,616.5,92.48,45.05,49.44,1,1,1.0
97,6,568.05,137.98,56.8,49.44,1,1,1.0
97,7,675.25,170.28,74.35,61.18,1,1,1.0
97,9,438.9,42.57,21.55,21.55,1,1,1.0
98,2,599.4,72.66,34.75,27.66,1,1,0.8518
98,3,597.45,39.39,24.45,17.64,1,1,1.0
98,4,572.95,34.01,19.35,24.0,1,1,1.0
98,5,616.0,92.48,44.8,48.22,1,1,1.0
98,6,567.35,136.27,55.55,48.46,1,1,1.0
98,7,673.05,167.59,74.15,60.69,1,1,1.0
98,9,438.65,43.06,21.8,21.55,1,1,1.0
99,2,598.4,71.92,34.75,27.92,1,1,0.8664
99,3,597.45,39.14,24.45,18.13,1,1,1.0
99,4,572.0,34.25,20.05,23.51,1,1,1.0
99,5,615.55,92.48,44.55,47.0,1,1,1.0
99,6,566.6,134.56,54.35,47.48,1,1,1.0
99,7,670.85,164.9,73.9,60.2,1,1,1.0
99,9,438.41,43.55,22.04,21.55,1,1,1.0
100,2,597.45,71.19,34.75,28.16,1,1,0.8795
100,3,597.45,38.9,24.45,18.62,1,1,1.0
100,4,571.0,34.5,20.85,23.02,1,1,1.0
100,5,615.05,92.48,44.3,45.78,1,1,1.0
100,6,565.85,132.85,53.15,46.5,1,1,1.0
100,7,668.6,162.2,73.7,59.71,1,1,1.0
100,9,438.17,44.04,22.28,21.55,1,1,1.0
101,2,596.45,70.46,34.75,28.4,1,1,0.8923
101,3,597.45,38.65,24.45,19.11,1,1,1.0
101,4,570.05,34.74,21.55,22.53,1,1,1.0
101,5,614.55,92.48,44.05,44.56,1,1,1.0
101,6,565.15,131.13,51.85,45.53,1,1,1.0
101,7,666.4,159.51,73.45,59.23,1,1,1.0
101,9,437.92,44.53,22.53,21.55,1,1,1.0
102,2,595.45,69.72,34.8,28.64,1,1,0.9042
102,3,597.45,38.41,24.45,19.6,1,1,1.0
102,4,569.05,34.98,22.3,22.04,1,1,1.0
102,5,614.05,92.48,43.85,43.32,1,1,1.0
102,6,564.4,129.42,50.65,44.55,1,1,1.0
102,7,664.2,156.82,73.2,58.74,1,1,1.0
102,9,437.68,45.02,22.77,21.55,1,1,1.0
103,2,594.5,68.99,34.75,28.89,1,1,0.9157
103,3,597.45,38.16,24.45,20.08,1,1,1.0
103,4,568.05,35.23,23.05,21.55,1,1,1.0
103,5,613.6,92.48,43.55,42.1,1,1,1.0
103,6,563.65,127.71,49.45,43.57,1,1,1.0
103,7,662.0,154.13,72.95,58.25,1,1,1.0
103,9,437.43,45.5,23.02,21.55,1,1,1.0
104,2,594.5,68.99,34.25,28.16,1,1,0.9029
104,3,597.45,38.65,23.5,19.84,1,1,1.0
104,4,568.3,35.23,22.55,21.3,1,1,1.0
104,5,612.85,91.26,43.05,42.34,1,1,1.0
104,6,563.2,126.24,48.95,43.33,1,1,1.0
104,7,660.8,153.15,71.45,57.51,1,1,1.0
104,9,437.19,45.75,23.26,21.31,1,1,1.0
105,2,594.5,68.99,33.8,27.42,1,1,0.8884
105,3,597.45,39.14,22.5,19.59,1,1,1.0
105,4,568.55,35.23,22.05,21.06,1,1,1.0
105,5,612.1,90.03,42.6,42.59,1,1,1.0
105,6,562.7,124.77,48.45,43.08,1,1,1.0
105,7,659.55,152.17,70.0,56.78,1,1,1.0
105,9,436.94,45.99,23.51,21.06,1,1,1.0
106,2,594.5,68.99,33.3,26.69,1,1,0.8731
106,3,597.45,39.63,21.55,19.35,1,1,1.0
106,4,568.8,35.23,21.55,20.82,1,1,1.0
106,5,611.4,88.8,42.1,42.84,1,1,1.0
106,6,562.2,123.31,47.95,42.83,1,1,1.0
106,7,658.35,151.19,68.5,56.05,1,1,1.0
106,9,436.69,46.24,23.76,20.82,1,1,1.0
107,2,594.5,68.99,32.8,25.96,1,1,0.8561
107,3,597.45,40.12,20.55,19.1,1,1,1.0
107,4,569.05,35.23,21.05,20.57,1,1,1.0
107,5,610.65,87.58,41.6,43.08,1,1,1.0
107,6,561.7,121.83,47.5,42.6,1,1,1.0
107,7,657.15,150.22,67.05,55.31,1,1,1.0
107,9,436.45,46.48,24.0,20.57,1,1,1.0
108,2,594.5,68.99,32.3,25.22,1,1,0.8371
108,3,597.45,40.61,19.55,18.86,1,1,1.0
108,4,569.3,35.23,20.55,20.32,1,1,1.0
108,5,609.9,86.36,41.15,43.33,1,1,1.0
108,6,561.2,120.36,47.0,42.36,1,1,1.0
108,7,655.9,149.24,65.6,54.58,1,1,1.0
108,9,436.21,46.73,24.24,20.33,1,1,1.0
109,2,594.5,68.99,31.8,24.48,1,1,0.8164
109,3,597.45,41.1,18.6,18.61,1,1,1.0
109,4,569.55,35.23,20.05,20.08,1,1,1.0
109,5,609.15,85.14,40.65,43.57,1,1,1.0
109,6,560.75,118.9,46.5,42.1,1,1,1.0
109,7,654.7,148.26,64.1,53.84,1,1,1.0
109,9,435.96,46.97,24.49,20.08,1,1,1.0
110,2,594.0,68.74,31.6,24.24,1,1,0.8133
110,3,596.95,41.1,19.1,18.37,1,1,1.0
110,4,569.55,35.47,19.6,19.84,1,1,1.0
110,5,608.45,84.65,40.4,42.59,1,1,1.0
110,6,560.25,117.19,46.25,41.61,1,1,1.0
110,7,653.45,146.54,63.65,52.87,1,1,1.0
110,9,435.72,47.22,24.48,20.33,1,1,1.0
111,2,593.5,68.5,31.35,24.0,1,1,0.8099
111,3,596.45,41.1,19.6,18.12,1,1,1.0
111,4,569.55,35.72,19.1,19.59,1,1,1.0
111,5,607.7,84.16,40.15,41.61,1,1,1.0
111,6,559.75,115.47,46.0,41.13,1,1,1.0
111,7,652.25,144.83,63.1,51.89,1,1,1.0
111,9,435.48,47.46,24.48,20.57,1,1,1.0
112,2,593.05,68.26,31.05,23.76,1,1,0.8061
112,3,595.95,41.1,20.1,17.88,1,1,1.0
112,4,569.55,35.96,18.6,19.35,1,1,1.0
112,5,606.95,83.67,39.9,40.64,1,1,1.0
112,6,559.25,113.76,45.8,40.64,1,1,1.0
112,7,651.0,143.12,62.65,50.91,1,1,1.0
112,9,435.23,47.71,24.48,20.82,1,1,1.0
113,2,592.55,68.01,30.85,23.51,1,1,0.8028
113,3,595.45,41.1,20.6,17.63,1,1,1.0
113,4,569.55,36.21,18.1,19.1,1,1,1.0
113,5,606.25,83.18,39.65,39.65,1,1,1.0
113,6,558.8,112.05,45.5,40.14,1,1,1.0
113,7,649.8,141.41,62.15,49.93,1,1,1.0
113,9,434.99,47.95,24.48,21.06,1,1,1.0
114,2,592.05,67.77,30.6,23.26,1,1,0.799
114,3,595.0,41.1,21.05,17.39,1,1,1.0
114,4,569.55,36.45,17.65,18.86,1,1,1.0
114,5,605.5,82.69,39.4,38.67,1,1,1.0
114,6,558.3,110.33,45.25,39.66,1,1,1.0
114,7,648.55,139.69,61.7,48.96,1,1,1.0
114,9,434.74,48.2,24.49,21.3,1,1,1.0
115,2,591.55,67.53,30.35,23.02,1,1,0.7952
115,3,594.5,41.1,21.55,17.15,1,1,1.0
115,4,569.55,36.7,17.15,18.61,1,1,1.0
115,5,604.75,82.2,39.2,37.7,1,1,1.0
115,6,557.8,108.63,45.05,39.16,1,1,1.0
115,7,647.35,137.98,61.15,47.98,1,1,1.0
115,9,434.5,48.44,24.48,21.55,1,1,1.0
116,2,591.05,66.54,30.4,23.26,1,1,0.7858
116,3,594.5,40.37,21.3,16.66,1,1,1.0
116,4,568.8,36.45,17.9,17.88,1,1,1.0
116,5,603.8,81.22,39.4,38.92,1,1,1.0
116,6,557.55,107.4,44.05,38.43,1,1,1.0
116,7,645.85,136.51,60.7,47.49,1,1,1.0
116,9,434.25,48.68,24.98,21.3,1,1,1.0
117,2,590.6,65.56,30.35,23.51,1,1,0.7754
117,3,594.5,39.63,21.05,16.17,1,1,1.0
117,4,568.05,36.21,18.65,17.15,1,1,1.0
117,5,602.8,80.24,39.65,40.15,1,1,1.0
117,6,557.3,106.18,43.1,37.7,1,1,1.0
117,7,644.4,135.04,60.2,47.0,1,1,1.0
117,9,434.01,48.93,25.46,21.06,1,1,1.0
118,2,590.1,64.58,30.35,23.76,1,1,0.7659
118,3,594.5,38.9,20.8,15.68,1,1,1.0
118,4,567.35,35.96,19.35,16.41,1,1,1.0
118,5,601.85,79.26,39.9,41.38,1,1,1.0
118,6,557.05,104.96,42.1,36.95,1,1,1.0
118,7,642.95,133.58,59.7,46.51,1,1,1.0
118,9,433.76,49.18,25.95,20.82,1,1,1.0
119,2,589.6,63.61,30.35,24.0,1,1,0.7556
119,3,594.5,38.16,20.55,15.19,1,1,1.0
119,4,566.6,35.72,20.1,15.68,1,1,1.0
119,5,600.85,78.28,40.15,42.6,1,1,1.0
119,6,556.8,103.73,41.15,36.23,1,1,1.0
119,7,641.45,132.11,59.25,46.02,1,1,1.0
119,9,433.51,49.42,26.45,20.57,1,1,1.0
120,2,589.1,62.63,30.35,24.24,1,1,0.746
120,3,594.5,37.43,20.3,14.7,1,1,1.0
120,4,565.85,35.47,20.85,14.94,1,1,1.0
120,5,599.9,77.31,40.35,43.81,1,1,1.0
120,6,556.55,102.51,40.15,35.5,1,1,1.0
120,7,640.0,130.64,58.75,45.53,1,1,1.0
120,9,433.27,49.66,26.93,20.33,1,1,1.0
121,2,588.6,61.65,30.4,24.49,1,1,0.7351
121,3,594.5,36.7,20.1,14.21,1,1,1.0
121,4,565.15,35.23,21.55,14.21,1,1,1.0
121,5,598.9,76.33,40.65,45.03,1,1,1.0
121,6,556.35,101.29,39.15,34.75,1,1,1.0
121,7,638.55,129.18,58.25,45.03,1,1,1.0
121,9,433.03,49.91,27.42,20.08,1,1,1.0
122,2,588.4,61.16,30.35,24.74,1,1,0.7277
122,3,594.5,36.21,19.35,15.43,1,1,1.0
122,4,565.4,34.74,21.3,14.7,1,1,1.0
122,5,598.9,75.6,40.15,44.3,1,1,1.0
122,6,555.6,100.31,39.9,35.25,1,1,1.0
122,7,637.3,127.95,58.25,44.8,1,1,1.0
122,9,433.27,49.66,26.93,20.82,1,1,1.0
123,2,588.15,60.68,30.35,24.98,1,1,0.721
123,3,594.5,35.72,18.6,16.66,1,1,1.0
123,4,565.65,34.25,21.05,15.19,1,1,1.0
123,5,598.9,74.86,39.65,43.57,1,1,1.0
123,6,554.85,99.32,40.65,35.74,1,1,1.0
123,7,636.1,126.73,58.25,44.55,1,1,1.0
123,9,433.51,49.42,26.45,21.55,1,1,1.0
124,2,587.9,60.18,30.35,25.22,1,1,0.715
124,3,594.5,35.23,17.9,17.88,1,1,1.0
124,4,565.85,33.76,20.85,15.68,1,1,1.0
124,5,598.9,74.13,39.15,42.84,1,1,1.0
124,6,554.15,98.35,41.35,36.23,1,1,1.0
124,7,634.85,125.51,58.25,44.3,1,1,1.0
124,9,433.76,49.18,25.95,22.28,1,1,1.0
125,2,587.65,59.7,30.35,25.46,1,1,0.7092
125,3,594.5,34.74,17.15,19.1,1,1,1.0
125,4,566.1,33.27,20.6,16.17,1,1,1.0
125,5,598.9,73.4,38.65,42.1,1,1,1.0
125,6,553.4,97.37,42.1,36.72,1,1,1.0
125,7,633.65,124.28,58.25,44.06,1,1,1.0
125,9,434.01,48.93,25.46,23.02,1,1,1.0
126,2,587.4,59.2,30.35,25.71,1,1,0.704
126,3,594.5,34.25,16.4,20.33,1,1,1.0
126,4,566.35,32.78,20.35,16.66,1,1,1.0
126,5,598.9,72.66,38.2,41.37,1,1,1.0
126,6,552.65,96.39,42.85,37.21,1,1,1.0
126,7,632.4,123.06,58.25,43.81,1,1,1.0
126,9,434.25,48.68,24.98,23.75,1,1,1.0
127,2,587.15,58.72,30.35,25.96,1,1,0.6991
127,3,594.5,33.76,15.65,21.55,1,1,1.0
127,4,566.6,32.29,20.1,17.15,1,1,1.0
127,5,598.9,71.92,37.7,40.64,1,1,1.0
127,6,551.95,95.42,43.55,37.7,1,1,1.0
127,7,631.2,121.83,58.25,43.58,1,1,1.0
127,9,434.5,48.44,24.48,24.48,1,1,1.0
128,2,587.65,58.96,29.35,24.98,1,1,0.6913
128,5,598.9,71.44,36.95,39.9,1,1,1.0
128,6,552.15,93.7,42.35,37.46,1,1,1.0
128,7,630.2,119.88,57.3,43.56,1,1,1.0
128,9,434.01,48.2,24.73,24.97,1,1,1.0
129,2,588.15,59.2,28.4,24.0,1,1,0.6827
129,5,598.9,70.95,36.25,39.16,1,1,1.0
129,6,552.4,91.99,41.15,37.2,1,1,1.0
129,7,629.25,117.92,56.3,43.57,1,1,1.0
129,9,433.51,47.95,24.98,25.46,1,1,1.0
130,2,588.6,59.45,27.45,23.02,1,1,0.674
130,5,598.9,70.46,35.5,38.43,1,1,1.0
130,6,552.65,90.28,39.9,36.97,1,1,1.0
130,7,628.25,115.97,55.3,43.56,1,1,1.0
130,9,433.03,47.71,25.22,25.95,1,1,1.0
131,2,589.1,59.7,26.45,22.04,1,1,0.664
131,5,598.9,69.97,34.75,37.7,1,1,1.0
131,6,552.9,88.56,38.7,36.72,1,1,1.0
131,7,627.3,114.01,54.3,43.56,1,1,1.0
131,9,432.54,47.46,25.47,26.44,1,1,1.0
132,2,589.6,59.94,25.45,21.06,1,1,0.6529
132,5,598.9,69.48,34.05,36.96,1,1,1.0
132,6,553.15,86.85,37.45,36.48,1,1,1.0
132,7,626.3,112.05,53.35,43.57,1,1,1.0
132,9,432.05,47.22,25.71,26.93,1,1,1.0
133,2,590.1,60.18,24.5,20.08,1,1,0.6402
133,5,598.9,68.99,33.3,36.23,1,1,1.0
133,6,553.4,85.14,36.2,36.22,1,1,1.0
133,7,625.3,110.09,52.4,43.57,1,1,1.0
133,9,431.56,46.97,25.95,27.42,1,1,1.0
134,2,589.1,58.96,24.75,20.32,1,1,0.6521
134,5,598.65,67.77,32.8,36.47,1,1,1.0
134,6,552.9,84.9,36.95,35.01,1,1,1.0
134,7,624.85,109.11,52.1,43.33,1,1,1.0
134,9,431.32,47.22,25.7,26.69,1,1,1.0
135,2,588.15,57.74,24.95,20.58,1,1,0.6631
135,5,598.4,66.54,32.3,36.72,1,1,1.0
135,6,552.4,84.65,37.7,33.78,1,1,1.0
135,7,624.35,108.14,51.9,43.08,1,1,1.0
135,9,431.07,47.46,25.47,25.95,1,1,1.0
136,2,587.15,56.52,25.25,20.82,1,1,0.6744
136,5,598.15,65.32,31.85,36.97,1,1,1.0
136,6,551.95,84.4,38.4,32.56,1,1,1.0
136,7,623.85,107.16,51.65,42.83,1,1,1.0
136,9,430.82,47.71,25.23,25.22,1,1,1.0
137,2,586.2,55.29,25.45,21.06,1,1,0.6857
137,5,597.9,64.1,31.35,37.21,1,1,1.0
137,6,551.45,84.16,39.15,31.34,1,1,1.0
137,7,623.35,106.18,51.4,42.59,1,1,1.0
137,9,430.58,47.95,24.98,24.48,1,1,1.0
138,2,585.2,54.06,25.7,21.31,1,1,0.6987
138,5,597.7,62.88,30.8,37.45,1,1,1.0
138,6,550.95,83.92,39.9,30.12,1,1,1.0
138,7,622.85,105.2,51.2,42.34,1,1,1.0
138,9,430.33,48.2,24.74,23.75,1,1,1.0
139,2,584.2,52.84,25.95,21.55,1,1,0.7106
139,5,597.45,61.65,30.35,37.7,1,1,1.0
139,6,550.45,83.67,40.65,28.89,1,1,1.0
139,7,622.4,104.22,50.9,42.1,1,1,1.0
139,9,430.09,48.44,24.49,23.02,1,1,1.0
140,2,583.75,52.36,25.95,22.53,1,1,0.7166
140,5,596.7,62.14,30.85,36.72,1,1,1.0
140,6,550.2,82.44,39.65,29.62,1,1,1.0
140,7,621.65,103.73,49.95,40.88,1,1,1.0
140,9,430.09,48.68,24.49,23.75,1,1,1.0
141,2,583.25,51.86,25.95,23.51,1,1,0.7232
141,5,595.95,62.63,31.35,35.74,1,1,1.0
141,6,549.95,81.22,38.7,30.36,1,1,1.0
141,7,620.9,103.24,48.95,39.66,1,1,1.0
141,9,430.09,48.93,24.49,24.49,1,1,1.0
142,2,582.75,51.38,25.95,24.48,1,1,0.7303
142,5,595.25,63.12,31.8,34.76,1,1,1.0
142,6,549.7,80.0,37.7,31.09,1,1,1.0
142,7,620.2,102.75,47.95,38.44,1,1,1.0
142,9,430.09,49.18,24.49,25.22,1,1,1.0
143,2,582.25,50.88,25.95,25.46,1,1,0.7359
143,5,594.5,63.61,32.3,33.78,1,1,1.0
143,6,549.5,78.78,36.7,31.82,1,1,1.0
143,7,619.45,102.27,47.0,37.2,1,1,1.0
143,9,430.09,49.42,24.49,25.96,1,1,1.0
144,2,581.75,50.4,26.0,26.44,1,1,0.7405
144,5,593.75,64.1,32.8,32.8,1,1,1.0
144,6,549.25,77.56,35.75,32.56,1,1,1.0
144,7,618.7,101.78,46.05,35.98,1,1,1.0
144,9,430.09,49.66,24.49,26.69,1,1,1.0
145,2,581.3,49.91,25.95,27.42,1,1,0.7457
145,5,593.05,64.58,33.25,31.83,1,1,1.0
145,6,549.0,76.33,34.75,33.3,1,1,1.0
145,7,618.0,101.29,45.0,34.75,1,1,1.0
145,8,873.4,284.77,87.6,92.01,1,1,1.0
145,9,430.09,49.91,24.49,27.42,1,1,1.0
145,10,700.2,76.33,64.1,30.36,1,1,1.0
146,2,581.3,49.42,26.2,26.44,1,1,0.7496
146,5,593.05,63.86,32.8,31.58,1,1,1.0
146,6,549.0,75.84,34.75,32.81,1,1,1.0
146,7,617.5,100.55,44.55,34.52,1,1,1.0
146,8,867.05,279.63,93.95,92.01,1,1,1.0
146,9,429.6,50.64,25.22,26.69,1,1,1.0
146,10,698.95,76.58,64.35,30.6,1,1,1.0
147,2,581.3,48.93,26.45,25.47,1,1,0.7539
147,5,593.05,63.12,32.3,31.34,1,1,1.0
147,6,549.0,75.35,34.75,32.32,1,1,1.0
147,7,617.0,99.82,44.05,34.28,1,1,1.0
147,8,860.65,274.5,100.35,92.01,1,1,1.0
147,9,429.12,51.38,25.95,25.96,1,1,1.0
147,10,697.75,76.82,64.6,30.85,1,1,1.0
148,2,581.3,48.44,26.65,24.48,1,1,0.7593
148,5,593.05,62.38,31.8,31.09,1,1,1.0
148,6,549.0,74.86,34.75,31.83,1,1,1.0
148,7,616.5,99.08,43.6,34.02,1,1,1.0
148,8,854.3,269.36,106.7,92.01,1,1,1.0
148,9,428.63,52.11,26.68,25.22,1,1,1.0
148,10,696.5,77.06,64.85,31.1,1,1,1.0
149,2,581.3,47.95,26.9,23.51,1,1,0.765
149,5,593.05,61.65,31.3,30.85,1,1,1.0
149,6,549.0,74.38,34.75,31.34,1,1,1.0
149,7,616.0,98.35,43.1,33.78,1,1,1.0
149,8,847.95,264.22,113.05,92.01,1,1,1.0
149,9,428.13,52.84,27.43,24.48,1,1,1.0
149,10,695.3,77.31,65.1,31.34,1,1,1.0
150,2,581.3,47.46,27.15,22.53,1,1,0.7715
150,5,593.05,60.92,30.8,30.6,1,1,1.0
150,6,549.0,73.89,34.75,30.84,1,1,1.0
150,7,615.55,97.62,42.6,33.54,1,1,1.0
150,8,841.6,259.08,119.4,92.01,1,1,1.0
150,9,427.64,53.58,28.16,23.75,1,1,1.0
150,10,694.05,77.56,65.35,31.58,1,1,1.0
151,2,581.3,46.97,27.4,21.55,1,1,0.779
151,5,593.05,60.18,30.35,30.36,1,1,1.0
151,6,549.0,73.4,34.75,30.36,1,1,1.0
151,7,615.05,96.88,42.1,33.3,1,1,1.0
151,8,835.25,253.94,125.75,92.01,1,1,1.0
151,9,427.15,54.31,28.9,23.02,1,1,1.0
151,10,692.85,77.8,65.6,31.83,1,1,1.0
152,2,581.05,47.22,26.9,22.04,1,1,0.7557
152,5,592.8,59.7,30.85,30.36,1,1,1.0
152,6,549.0,72.42,33.75,30.6,1,1,1.0
152,7,614.55,95.9,41.35,33.54,1,1,1.0
152,8,830.85,249.29,130.15,91.03,1,1,1.0
152,9,426.91,54.56,28.65,23.02,1,1,1.0
152,10,691.85,78.28,65.6,31.1,1,1,1.0
153,2,580.8,47.46,26.45,22.53,1,1,0.7339
153,5,592.55,59.2,31.3,30.36,1,1,1.0
153,6,549.0,71.44,32.8,30.86,1,1,1.0
153,7,614.05,94.92,40.65,33.78,1,1,1.0
153,8,826.4,244.65,118.95,90.05,1,1,1.0
153,9,426.67,54.8,28.4,23.02,1,1,1.0
153,10,690.9,78.78,65.55,30.36,1,1,1.0
154,2,580.55,47.71,25.95,23.02,1,1,0.7145
154,5,592.3,58.72,31.8,30.36,1,1,1.0
154,6,549.0,70.46,31.8,31.09,1,1,1.0
154,7,613.6,93.94,39.9,34.02,1,1,1.0
154,8,822.0,240.0,118.45,89.07,1,1,1.0
154,9,426.42,55.04,28.16,23.02,1,1,1.0
154,10,689.9,79.26,65.6,29.62,1,1,1.0
155,2,580.3,47.95,25.45,23.51,1,1,0.6969
155,5,592.05,58.22,32.3,30.36,1,1,1.0
155,6,549.0,69.48,30.85,31.34,1,1,1.0
155,7,613.1,92.96,39.15,34.28,1,1,1.0
155,8,817.6,235.35,117.95,88.09,1,1,1.0
155,9,426.18,55.29,27.91,23.02,1,1,1.0
155,10,688.95,79.76,65.55,28.9,1,1,1.0
156,2,580.05,48.2,25.0,24.0,1,1,0.6807
156,5,591.8,57.74,32.8,30.36,1,1,1.0
156,6,549.0,68.5,29.85,31.58,1,1,1.0
156,7,612.6,91.99,38.45,34.52,1,1,1.0
156,8,813.2,230.71,117.45,87.11,1,1,1.0
156,9,425.94,55.54,27.66,23.02,1,1,1.0
156,10,687.95,80.24,65.6,28.16,1,1,1.0
157,2,579.8,48.44,24.5,24.48,1,1,0.6668
157,5,591.55,57.25,33.3,30.36,1,1,1.0
157,6,549.0,67.53,28.9,31.82,1,1,1.0
157,7,612.1,91.01,37.7,34.76,1,1,1.0
157,8,808.8,226.06,116.95,86.13,1,1,1.0
157,9,425.69,55.78,27.42,23.02,1,1,1.0
157,10,686.95,80.74,65.6,27.42,1,1,1.0
158,2,580.05,48.68,24.0,23.02,1,1,0.6807
158,5,592.05,57.0,32.3,30.11,1,1,1.0
158,6,549.0,67.77,29.15,30.84,1,1,1.0
158,7,611.4,90.03,37.65,35.01,1,1,1.0
158,8,805.15,222.38,115.0,85.9,1,1,1.0
158,9,425.44,56.02,27.67,23.75,1,1,1.0
158,10,686.0,80.49,65.1,27.67,1,1,1.0
159,2,580.3,48.93,23.5,21.55,1,1,0.6952
159,5,592.55,56.76,31.3,29.86,1,1,1.0
159,6,549.0,68.01,29.35,29.87,1,1,1.0
159,7,610.65,89.05,37.7,35.26,1,1,1.0
159,8,801.45,218.72,113.05,85.65,1,1,1.0
159,9,425.2,56.27,27.91,24.48,1,1,1.0
159,10,685.0,80.24,64.6,27.92,1,1,1.0
160,2,580.55,49.18,23.0,20.08,1,1,0.7104
160,5,593.05,56.52,30.35,29.62,1,1,1.0
160,6,549.0,68.26,29.6,28.89,1,1,1.0
160,7,609.9,88.08,37.7,35.49,1,1,1.0
160,8,797.8,215.04,111.1,85.41,1,1,1.0
160,9,424.95,56.52,28.16,25.22,1,1,1.0
160,10,684.05,80.0,64.1,28.16,1,1,1.0
161,2,580.8,49.42,22.5,18.62,1,1,0.7247
161,5,593.5,56.27,29.4,29.38,1,1,1.0
161,6,549.0,68.5,29.85,27.92,1,1,1.0
161,7,609.15,87.1,37.7,35.74,1,1,1.0
161,8,794.15,211.38,109.1,85.16,1,1,1.0
161,9,424.71,56.76,28.4,25.96,1,1,1.0
161,10,683.05,79.76,63.65,28.4,1,1,1.0
162,2,581.05,49.66,22.05,17.15,1,1,0.7404
162,5,594.0,56.02,28.4,29.14,1,1,1.0
162,6,549.0,68.74,30.1,26.94,1,1,1.0
162,7,608.45,86.12,37.7,35.98,1,1,1.0
162,8,790.45,207.71,107.2,84.91,1,1,1.0
162,9,424.46,57.0,28.65,26.68,1,1,1.0
162,10,682.1,79.51,63.1,28.65,1,1,1.0
163,2,581.3,49.91,21.55,15.68,1,1,0.7577
163,5,594.5,55.78,27.4,28.89,1,1,1.0
163,6,549.0,68.99,30.35,25.96,1,1,1.0
163,7,607.7,85.14,37.7,36.22,1,1,1.0
163,8,786.8,204.04,105.2,84.66,1,1,1.0
163,9,424.22,57.25,28.89,27.42,1,1,1.0
163,10,681.1,79.26,62.65,28.9,1,1,1.0
164,2,581.05,48.93,22.05,17.39,1,1,0.7652
164,5,594.75,55.54,27.9,28.64,1,1,1.0
164,6,548.75,68.26,29.85,25.71,1,1,1.0
164,7,607.2,84.4,37.25,35.26,1,1,1.0
164,8,784.1,202.82,103.25,81.24,1,1,1.0
164,9,423.98,57.0,28.64,27.42,1,1,1.0
164,10,680.1,79.51,63.15,28.89,1,1,1.0
165,2,580.8,47.95,22.5,19.1,1,1,0.7728
165,5,595.0,55.29,28.4,28.4,1,1,1.0
165,6,548.5,67.53,29.4,25.46,1,1,1.0
165,7,606.75,83.67,36.7,34.27,1,1,1.0
165,8,781.4,201.59,101.3,77.82,1,1,1.0
165,9,423.73,56.76,28.4,27.42,1,1,1.0
165,10,679.15,79.76,63.6,28.9,1,1,1.0
166,2,580.55,46.97,23.0,20.82,1,1,0.7791
166,5,595.25,55.04,28.85,28.16,1,1,1.0
166,6,548.25,66.79,28.9,25.22,1,1,1.0
166,7,606.25,82.94,36.2,33.3,1,1,1.0
166,8,778.7,200.37,99.35,74.39,1,1,1.0
166,9,423.49,56.52,28.15,27.42,1,1,1.0
166,10,678.15,80.0,64.15,28.89,1,1,1.0
167,2,580.3,45.99,23.5,22.53,1,1,0.7836
167,5,595.45,54.8,29.4,27.92,1,1,1.0
167,6,548.0,66.06,28.4,24.98,1,1,1.0
167,7,605.75,82.2,35.75,32.32,1,1,1.0
167,8,776.0,199.15,97.4,70.97,1,1,1.0
167,9,423.24,56.27,27.91,27.42,1,1,1.0
167,10,677.2,80.24,64.6,28.9,1,1,1.0
168,2,580.05,45.02,24.0,24.24,1,1,0.789
168,5,595.7,54.56,29.9,27.67,1,1,1.0
168,6,547.75,65.32,27.95,24.73,1,1,1.0
168,7,605.25,81.47,35.25,31.34,1,1,1.0
168,8,773.35,197.92,95.4,67.54,1,1,1.0
168,9,423.0,56.02,27.67,27.42,1,1,1.0
168,10,676.2,80.49,65.1,28.89,1,1,1.0
169,2,579.8,44.04,24.5,25.95,1,1,0.7941
169,5,595.95,54.31,30.35,27.42,1,1,1.0
169,6,547.5,64.58,27.45,24.49,1,1,1.0
169,7,604.75,80.74,34.8,30.36,1,1,1.0
169,8,770.65,196.69,93.45,64.13,1,1,1.0
169,9,422.75,55.78,27.43,27.42,1,1,1.0
169,10,675.25,80.74,65.55,28.9,1,1,1.0
170,2,579.8,43.79,23.75,24.98,1,1,0.8057
170,5,596.2,53.09,29.9,28.16,1,1,1.0
170,6,547.3,63.86,27.65,24.24,1,1,1.0
170,7,604.05,80.74,34.25,29.62,1,1,1.0
170,8,767.2,193.51,92.25,64.12,1,1,1.0
170,9,422.26,56.02,27.67,27.42,1,1,1.0
170,10,674.5,79.51,65.1,29.38,1,1,1.0
171,2,579.8,43.55,23.05,24.0,1,1,0.8186
171,5,596.45,51.86,29.4,28.89,1,1,1.0
171,6,547.05,63.12,27.9,24.0,1,1,1.0
171,7,603.3,80.74,33.8,28.9,1,1,1.0
171,8,763.8,190.34,91.0,64.12,1,1,1.0
171,9,421.77,56.27,27.92,27.42,1,1,1.0
171,10,673.75,78.28,64.6,29.88,1,1,1.0
172,2,579.8,43.3,22.3,23.02,1,1,0.835
172,5,596.7,50.64,28.9,29.62,1,1,1.0
172,6,546.8,62.38,28.15,23.76,1,1,1.0
172,7,602.55,80.74,33.3,28.16,1,1,1.0
172,8,760.35,187.16,89.8,64.12,1,1,1.0
172,9,421.29,56.52,28.15,27.42,1,1,1.0
172,10,673.05,77.06,64.1,30.36,1,1,1.0
173,2,579.8,43.06,21.55,22.04,1,1,0.8547
173,5,596.95,49.42,28.4,30.36,1,1,1.0
173,6,546.55,61.65,28.4,23.51,1,1,1.0
173,7,601.85,80.74,32.8,27.42,1,1,1.0
173,8,756.95,183.97,88.6,64.13,1,1,1.0
173,9,420.8,56.76,28.39,27.42,1,1,1.0
173,10,672.3,75.84,63.6,30.85,1,1,1.0
174,2,579.8,42.81,20.85,21.06,1,1,1.0
174,5,597.2,48.2,27.9,31.09,1,1,1.0
174,6,546.3,60.92,28.65,23.26,1,1,1.0
174,7,601.1,80.74,32.3,26.68,1,1,1.0
174,8,753.5,180.79,87.4,64.12,1,1,1.0
174,9,420.31,57.0,28.64,27.42,1,1,1.0
174,10,671.55,74.62,63.15,31.34,1,1,1.0
175,2,579.8,42.57,20.1,20.08,1,1,1.0
175,5,597.45,46.97,27.4,31.83,1,1,1.0
175,6,546.05,60.18,28.9,23.02,1,1,1.0
175,7,600.35,80.74,31.85,25.96,1,1,1.0
175,8,750.1,177.62,86.15,64.12,1,1,1.0
175,9,419.82,57.25,28.88,27.42,1,1,1.0
175,10,670.85,73.4,62.65,31.82,1,1,1.0
176,2,579.35,42.32,20.8,20.57,1,1,1.0
176,5,597.7,46.97,27.15,31.09,1,1,1.0
176,6,546.05,60.18,28.9,23.26,1,1,1.0
176,7,599.65,79.51,31.8,27.18,1,1,1.0
176,8,748.15,175.41,84.9,63.63,1,1,1.0
176,9,419.57,57.98,29.13,26.69,1,1,1.0
176,10,669.85,74.13,62.65,31.34,1,1,1.0
177,2,578.85,42.08,21.55,21.06,1,1,1.0
177,5,597.9,46.97,26.95,30.36,1,1,1.0
177,6,546.05,60.18,28.9,23.5,1,1,1.0
177,7,598.9,78.28,31.8,28.4,1,1,1.0
177,8,746.2,173.21,83.65,63.14,1,1,1.0
177,9,419.32,58.72,29.38,25.96,1,1,1.0
177,10,668.85,74.86,62.65,30.85,1,1,1.0
178,2,578.35,41.84,22.3,21.55,1,1,1.0
178,5,598.15,46.97,26.7,29.62,1,1,1.0
178,6,546.05,60.18,28.9,23.75,1,1,1.0
178,7,598.15,77.06,31.85,29.62,1,1,1.0
178,8,744.2,171.01,82.5,62.65,1,1,1.0
178,9,419.08,59.45,29.62,25.22,1,1,1.0
178,10,667.9,75.6,62.65,30.36,1,1,1.0
179,2,577.85,41.59,23.05,22.04,1,1,1.0
179,5,598.4,46.97,26.45,28.89,1,1,1.0
179,6,546.05,60.18,28.9,24.0,1,1,1.0
179,7,597.45,75.84,31.8,30.85,1,1,1.0
179,8,742.25,168.81,81.25,62.16,1,1,1.0
179,9,418.84,60.18,29.86,24.48,1,1,1.0
179,10,666.9,76.33,62.65,29.87,1,1,1.0
180,2,577.35,41.35,23.75,22.53,1,1,1.0
180,5,598.65,46.97,26.2,28.16,1,1,1.0
180,6,546.05,60.18,28.9,24.24,1,1,1.0
180,7,596.7,74.62,31.8,32.07,1,1,1.0
180,8,740.3,166.6,80.05,61.68,1,1,1.0
180,9,418.6,60.92,30.1,23.76,1,1,1.0
180,10,665.95,77.06,62.65,29.38,1,1,1.0
181,2,576.9,41.1,24.45,23.02,1,1,1.0
181,5,598.9,46.97,25.95,27.42,1,1,1.0
181,6,546.05,60.18,28.9,24.48,1,1,1.0
181,7,595.95,73.4,31.85,33.3,1,1,1.0
181,8,738.35,164.41,78.8,61.18,1,1,1.0
181,9,418.35,61.65,30.35,23.02,1,1,1.0
181,10,664.95,77.8,62.65,28.89,1,1,1.0
182,2,577.35,40.37,24.75,23.51,1,1,1.0
182,5,598.15,46.24,26.2,27.42,1,1,1.0
182,6,546.3,58.96,28.15,25.22,1,1,1.0
182,7,595.95,72.9,31.85,32.56,1,1,1.0
182,8,735.9,162.44,78.55,60.21,1,1,1.0
182,9,417.86,61.9,30.84,23.51,1,1,1.0
182,10,664.2,77.06,61.95,29.38,1,1,1.0
183,2,577.85,39.63,25.0,24.0,1,1,1.0
183,5,597.45,45.5,26.4,27.42,1,1,1.0
183,6,546.55,57.74,27.4,25.96,1,1,1.0
183,7,595.95,72.42,31.85,31.82,1,1,1.0
183,8,733.45,160.49,78.3,59.23,1,1,1.0
183,9,417.37,62.14,31.33,24.0,1,1,1.0
183,10,663.5,76.33,61.15,29.87,1,1,1.0
184,2,578.35,38.9,25.2,24.49,1,1,1.0
184,5,596.7,44.77,26.7,27.42,1,1,1.0
184,6,546.8,56.52,26.7,26.68,1,1,1.0
184,7,595.95,71.92,31.85,31.1,1,1,1.0
184,8,731.0,158.53,78.05,58.25,1,1,1.0
184,9,416.88,62.38,31.82,24.48,1,1,1.0
184,10,662.75,75.6,60.45,30.36,1,1,1.0
185,2,578.85,38.16,25.45,24.98,1,1,1.0
185,5,595.95,44.04,26.95,27.42,1,1,1.0
185,6,547.05,55.29,25.95,27.42,1,1,1.0
185,7,595.95,71.44,31.85,30.36,1,1,1.0
185,8,728.55,156.57,77.85,57.28,1,1,1.0
185,9,416.39,62.63,32.31,24.98,1,1,1.0
185,10,662.0,74.86,59.75,30.85,1,1,1.0
186,2,579.35,37.43,25.7,25.46,1,1,1.0
186,5,595.25,43.3,27.15,27.42,1,1,1.0
186,6,547.3,54.06,25.2,28.16,1,1,1.0
186,7,595.95,70.95,31.85,29.62,1,1,1.0
186,8,726.1,154.62,77.6,56.29,1,1,1.0
186,9,415.9,62.88,32.8,25.46,1,1,1.0
186,10,661.3,74.13,58.95,31.34,1,1,1.0
187,2,579.8,36.7,25.95,25.95,1,1,1.0
187,5,594.5,42.57,27.4,27.42,1,1,1.0
187,6,547.5,52.84,24.5,28.89,1,1,1.0
187,7,595.95,70.46,31.85,28.89,1,1,1.0
187,8,723.65,152.66,77.35,55.31,1,1,1.0
187,9,415.42,63.12,33.28,25.96,1,1,1.0
187,10,660.55,73.4,58.25,31.82,1,1,1.0
188,2,579.8,37.19,25.25,25.22,1,1,1.0
188,5,594.75,42.81,27.4,27.42,1,1,1.0
188,6,547.5,53.34,24.5,27.66,1,1,1.0
188,7,595.7,70.22,31.6,28.89,1,1,1.0
188,8,721.7,151.68,76.35,54.83,1,1,1.0
188,9,415.65,62.63,32.81,26.69,1,1,1.0
188,10,659.1,73.64,58.7,31.83,1,1,1.0
189,2,579.8,37.68,24.5,24.48,1,1,1.0
189,5,595.0,43.06,27.4,27.42,1,1,1.0
189,6,547.5,53.82,24.5,26.44,1,1,1.0
189,7,595.45,69.97,31.35,28.89,1,1,1.0
189,8,719.75,150.71,75.4,54.33,1,1,1.0
189,9,415.9,62.14,32.31,27.42,1,1,1.0
189,10,657.6,73.89,59.25,31.82,1,1,1.0
190,2,579.8,38.16,23.75,23.75,1,1,1.0
190,5,595.25,43.3,27.4,27.42,1,1,1.0
190,6,547.5,54.31,24.5,25.22,1,1,1.0
190,7,595.25,69.72,31.05,28.89,1,1,1.0
190,8,717.8,149.72,74.4,53.85,1,1,1.0
190,9,416.14,61.65,31.83,28.16,1,1,1.0
190,10,656.15,74.13,59.7,31.83,1,1,1.0
191,2,579.8,38.65,23.05,23.02,1,1,1.0
191,5,595.45,43.55,27.45,27.42,1,1,1.0
191,6,547.5,54.8,24.5,24.0,1,1,1.0
191,7,595.0,69.48,30.85,28.89,1,1,1.0
191,8,715.85,148.75,73.4,53.35,1,1,1.0
191,9,416.39,61.16,31.34,28.89,1,1,1.0
191,10,654.7,74.38,60.2,31.82,1,1,1.0
192,2,579.8,39.14,22.3,22.29,1,1,1.0
192,5,595.7,43.79,27.45,27.42,1,1,1.0
192,6,547.5,55.29,24.5,22.78,1,1,1.0
192,7,594.75,69.24,30.6,28.89,1,1,1.0
192,8,713.9,147.77,72.4,52.86,1,1,1.0
192,9,416.63,60.68,30.86,29.62,1,1,1.0
192,10,653.2,74.62,60.7,31.82,1,1,1.0
193,2,579.8,39.63,21.55,21.55,1,1,1.0
193,5,595.95,44.04,27.45,27.42,1,1,1.0
193,6,547.5,55.78,24.5,21.55,1,1,1.0
193,7,594.5,68.99,30.35,28.89,1,1,1.0
193,8,711.95,146.79,71.45,52.37,1,1,1.0
193,9,416.88,60.18,30.36,30.36,1,1,1.0
193,10,651.75,74.86,61.2,31.83,1,1,1.0
194,2,580.05,39.39,21.05,20.82,1,1,1.0
194,5,596.2,43.3,27.2,27.91,1,1,1.0
194,6,547.75,54.8,24.0,22.04,1,1,1.0
194,7,594.5,67.53,30.1,30.11,1,1,1.0
194,8,709.95,145.32,71.5,51.65,1,1,1.0
194,9,416.63,60.68,30.12,30.36,1,1,1.0
194,10,651.0,74.62,60.7,31.58,1,1,1.0
195,2,580.3,39.14,20.6,20.08,1,1,1.0
195,5,596.45,42.57,26.95,28.4,1,1,1.0
195,6,548.0,53.82,23.5,22.52,1,1,1.0
195,7,594.5,66.06,29.85,31.34,1,1,1.0
195,8,708.0,143.85,71.45,50.91,1,1,1.0
195,9,416.39,61.16,29.87,30.36,1,1,1.0
195,10,650.3,74.38,60.2,31.34,1,1,1.0
196,2,580.55,38.9,20.1,19.35,1,1,1.0
196,5,596.7,41.84,26.7,28.89,1,1,1.0
196,6,548.25,52.84,23.05,23.02,1,1,1.0
196,7,594.5,64.58,29.6,32.56,1,1,1.0
196,8,706.05,142.38,71.45,50.18,1,1,1.0
196,9,416.14,61.65,29.63,30.36,1,1,1.0
196,10,649.55,74.13,59.7,31.09,1,1,1.0
197,2,580.8,38.65,19.6,18.62,1,1,1.0
197,5,596.95,41.1,26.45,29.38,1,1,1.0
197,6,548.5,51.86,22.55,23.51,1,1,1.0
197,7,594.5,63.12,29.35,33.78,1,1,1.0
197,8,704.1,140.91,71.45,49.45,1,1,1.0
197,9,415.9,62.14,29.38,30.36,1,1,1.0
197,10,648.8,73.89,59.25,30.84,1,1,1.0
198,2,581.05,38.41,19.1,17.88,1,1,1.0
198,5,597.2,40.37,26.2,29.87,1,1,1.0
198,6,548.75,50.88,22.05,24.0,1,1,1.0
198,7,594.5,61.65,29.15,35.01,1,1,1.0
198,8,702.15,139.45,71.45,48.71,1,1,1.0
198,9,415.65,62.63,29.14,30.36,1,1,1.0
198,10,648.05,73.64,58.75,30.6,1,1,1.0
199,2,581.3,38.16,18.6,17.14,1,1,1.0
199,5,597.45,39.63,25.95,30.36,1,1,1.0
199,6,549.0,49.91,21.55,24.49,1,1,1.0
199,7,594.5,60.18,28.9,36.23,1,1,1.0
199,8,700.2,137.98,71.45,47.98,1,1,1.0
199,9,415.42,63.12,28.89,30.36,1,1,1.0
199,10,647.35,73.4,58.25,30.36,1,1,1.0
200,2,580.55,37.68,18.85,17.63,1,1,1.0
200,5,597.45,39.63,25.7,29.38,1,1,1.0
200,6,548.75,50.16,22.3,23.5,1,1,1.0
200,7,593.75,60.18,29.15,34.76,1,1,1.0
200,8,699.95,136.27,69.25,48.22,1,1,1.0
200,9,414.93,63.61,28.89,30.11,1,1,1.0
200,10,647.35,73.15,57.25,30.85,1,1,1.0
201,2,579.8,37.19,19.1,18.12,1,1,1.0
201,5,597.45,39.63,25.45,28.4,1,1,1.0
201,6,548.5,50.4,23.0,22.52,1,1,1.0
201,7,593.05,60.18,29.35,33.29,1,1,1.0
201,8,699.7,134.56,67.05,48.46,1,1,1.0
201,9,414.44,64.1,28.88,29.86,1,1,1.0
201,10,647.35,72.9,56.3,31.34,1,1,1.0
202,2,579.1,36.7,19.35,18.61,1,1,1.0
202,5,597.45,39.63,25.2,27.42,1,1,1.0
202,6,548.25,50.64,23.75,21.56,1,1,1.0
202,7,592.3,60.18,29.6,31.82,1,1,1.0
202,8,699.45,132.85,64.85,48.7,1,1,1.0
202,9,413.94,64.58,28.89,29.62,1,1,1.0
202,10,647.35,72.66,55.3,31.83,1,1,1.0
203,2,578.35,36.21,19.6,19.1,1,1,1.0
203,5,597.45,39.63,24.95,26.44,1,1,1.0
203,6,548.0,50.88,24.5,20.58,1,1,1.0
203,7,591.55,60.18,29.9,30.36,1,1,1.0
203,8,699.2,131.13,62.65,48.96,1,1,1.0
203,9,413.45,65.08,28.9,29.38,1,1,1.0
203,10,647.35,72.42,54.3,32.32,1,1,1.0
204,2,577.6,35.72,19.85,19.59,1,1,1.0
204,5,597.45,39.63,24.7,25.47,1,1,1.0
204,6,547.75,51.13,25.25,19.6,1,1,1.0
204,7,590.85,60.18,30.1,28.89,1,1,1.0
204,8,698.95,129.42,60.45,49.2,1,1,1.0
204,9,412.96,65.56,28.9,29.14,1,1,1.0
204,10,647.35,72.17,53.35,32.8,1,1,1.0
205,2,576.9,35.23,20.05,20.08,1,1,1.0
205,5,597.45,39.63,24.45,24.49,1,1,1.0
205,6,547.5,51.38,26.0,18.61,1,1,1.0
205,7,590.1,60.18,30.35,27.42,1,1,1.0
205,8,698.7,127.71,58.25,49.44,1,1,1.0
205,9,412.48,66.06,28.89,28.89,1,1,1.0
205,10,647.35,71.92,52.35,33.3,1,1,1.0
206,2,577.35,34.98,20.35,20.82,1,1,1.0
206,5,597.2,39.63,24.7,24.98,1,1,1.0
206,6,547.75,50.64,25.75,19.35,1,1,1.0
206,7,589.85,60.18,30.1,27.66,1,1,1.0
206,8,697.25,126.97,58.25,49.69,1,1,1.0
206,9,411.99,66.54,29.38,29.38,1,1,1.0
206,10,646.35,71.92,51.65,33.3,1,1,1.0
207,2,577.85,34.74,20.6,21.55,1,1,1.0
207,5,596.95,39.63,24.95,25.47,1,1,1.0
207,6,548.0,49.91,25.5,20.08,1,1,1.0
207,7,589.6,60.18,29.85,27.91,1,1,1.0
207,8,695.8,126.24,58.25,49.93,1,1,1.0
207,9,411.5,67.04,29.87,29.86,1,1,1.0
207,10,645.4,71.92,50.9,33.3,1,1,1.0
208,2,578.35,34.5,20.8,22.28,1,1,1.0
208,5,596.7,39.63,25.2,25.95,1,1,1.0
208,6,548.25,49.18,25.25,20.82,1,1,1.0
208,7,589.35,60.18,29.65,28.16,1,1,1.0
208,8,694.3,125.51,58.25,50.17,1,1,1.0
208,9,411.01,67.53,30.36,30.36,1,1,1.0
208,10,644.4,71.92,50.2,33.3,1,1,1.0
209,2,578.85,34.25,21.05,23.02,1,1,1.0
209,5,596.45,39.63,25.45,26.44,1,1,1.0
209,6,548.5,48.44,25.0,21.55,1,1,1.0
209,7,589.1,60.18,29.4,28.4,1,1,1.0
209,8,692.85,124.77,58.25,50.42,1,1,1.0
209,9,410.52,68.01,30.85,30.85,1,1,1.0
209,10,643.45,71.92,49.4,33.3,1,1,1.0
210,2,579.35,34.01,21.3,23.75,1,1,1.0
210,5,596.2,39.63,25.7,26.93,1,1,1.0
210,6,548.75,47.71,24.75,22.28,1,1,1.0
210,7,588.85,60.18,29.15,28.64,1,1,1.0
210,8,691.4,124.04,58.2,50.66,1,1,1.0
210,9,410.03,68.5,31.34,31.34,1,1,1.0
210,10,642.45,71.92,48.7,33.3,1,1,1.0
211,2,579.8,33.76,21.55,24.49,1,1,1.0
211,5,595.95,39.63,25.95,27.42,1,1,0.792
211,6,549.0,46.97,24.5,23.02,1,1,1.0
211,7,588.6,60.18,28.9,28.89,1,1,1.0
211,8,689.9,123.31,58.25,50.9,1,1,1.0
211,9,409.54,68.99,31.83,31.82,1,1,1.0
211,10,641.45,71.92,48.0,33.3,1,1,1.0
212,2,580.05,34.25,21.05,24.0,1,1,1.0
212,5,595.95,39.88,25.5,27.42,1,1,0.7907
212,6,548.75,47.71,24.75,22.28,1,1,1.0
212,7,588.4,60.43,28.85,28.4,1,1,1.0
212,8,688.45,123.31,58.25,49.68,1,1,1.0
212,9,409.05,69.72,31.83,31.34,1,1,1.0
212,10,640.0,71.92,48.45,33.04,1,1,1.0
213,2,580.3,34.74,20.6,23.51,1,1,1.0
213,5,595.95,40.12,25.0,27.42,1,1,0.7891
213,6,548.5,48.44,25.0,21.55,1,1,1.0
213,7,588.15,60.68,28.85,27.91,1,1,1.0
213,8,686.95,123.31,58.25,48.45,1,1,1.0
213,9,408.57,70.46,31.82,30.85,1,1,1.0
213,10,638.55,71.92,48.95,32.8,1,1,1.0
214,2,580.55,35.23,20.1,23.02,1,1,1.0
214,5,595.95,40.37,24.5,27.42,1,1,0.7866
214,6,548.25,49.18,25.25,20.82,1,1,1.0
214,7,587.9,60.92,28.9,27.42,1,1,1.0
214,8,685.5,123.31,58.25,47.23,1,1,1.0
214,9,408.07,71.19,31.83,30.36,1,1,1.0
214,10,637.05,71.92,49.45,32.56,1,1,1.0
215,2,580.8,35.72,19.6,22.53,1,1,1.0
215,5,595.95,40.61,24.0,27.42,1,1,0.7848
215,6,548.0,49.91,25.5,20.08,1,1,1.0
215,7,587.65,61.16,28.9,26.94,1,1,1.0
215,8,684.05,123.31,58.25,46.01,1,1,1.0
215,9,407.58,71.92,31.83,29.88,1,1,1.0
215,10,635.6,71.92,49.95,32.32,1,1,1.0
216,2,581.05,36.21,19.1,22.04,1,1,1.0
216,5,595.95,40.86,23.5,27.42,1,1,0.7829
216,6,547.75,50.64,25.75,19.35,1,1,1.0
216,7,587.4,61.4,28.9,26.44,1,1,1.0
216,8,682.55,123.31,58.25,44.79,1,1,1.0
216,9,407.1,72.66,31.82,29.38,1,1,1.0
216,10,634.15,71.92,50.4,32.08,1,1,1.0
217,2,581.3,36.7,18.6,21.55,1,1,1.0
217,5,595.95,41.1,23.05,27.42,1,1,0.7814
217,6,547.5,51.38,26.0,18.61,1,1,1.0
217,7,587.15,61.65,28.9,25.96,1,1,1.0
217,8,681.1,123.31,58.25,43.56,1,1,1.0
217,9,406.61,73.4,31.82,28.9,1,1,1.0
217,10,632.65,71.92,50.9,31.82,1,1,1.0
218,2,581.05,36.7,18.85,21.31,1,1,1.0
218,5,595.95,40.86,23.05,26.69,1,1,0.7811
218,6,548.0,50.88,25.25,19.1,1,1,1.0
218,7,586.9,60.68,28.65,26.44,1,1,1.0
218,8,680.1,122.08,57.55,43.08,1,1,1.0
218,9,406.85,73.4,31.83,29.14,1,1,1.0
218,10,632.15,72.42,49.95,30.86,1,1,1.0
219,2,580.8,36.7,19.1,21.06,1,1,1.0
219,5,595.95,40.61,23.05,25.95,1,1,0.7807
219,6,548.5,50.4,24.5,19.59,1,1,1.0
219,7,586.65,59.7,28.4,26.93,1,1,1.0
219,8,679.15,120.86,56.75,42.58,1,1,1.0
219,9,407.1,73.4,31.82,29.38,1,1,1.0
219,10,631.7,72.9,48.95,29.88,1,1,1.0
220,2,580.55,36.7,19.35,20.82,1,1,1.0
220,5,595.95,40.37,23.05,25.22,1,1,0.7796
220,6,549.0,49.91,23.75,20.08,1,1,1.0
220,7,586.4,58.72,28.2,27.42,1,1,1.0
220,8,678.15,119.64,56.05,42.1,1,1,1.0
220,9,407.34,73.4,31.83,29.62,1,1,1.0
220,10,631.2,73.4,47.95,28.9,1,1,1.0
221,2,580.3,36.7,19.6,20.57,1,1,1.0
221,5,595.95,40.12,23.05,24.49,1,1,0.7789
221,6,549.5,49.42,23.0,20.57,1,1,1.0
221,7,586.2,57.74,27.9,27.92,1,1,1.0
221,8,677.2,118.41,55.3,41.61,1,1,1.0
221,9,407.58,73.4,31.83,29.88,1,1,1.0
221,10,630.7,73.89,47.0,27.92,1,1,1.0
222,2,580.05,36.7,19.85,20.33,1,1,1.0
222,5,595.95,39.88,23.05,23.75,1,1,0.7785
222,6,549.95,48.93,22.3,21.06,1,1,1.0
222,7,585.95,56.76,27.65,28.4,1,1,1.0
222,8,676.2,117.19,54.6,41.12,1,1,1.0
222,9,407.83,73.4,31.82,30.12,1,1,1.0
222,10,630.2,74.38,46.05,26.94,1,1,1.0
223,2,579.8,36.7,20.1,20.08,1,1,1.0
223,5,595.95,39.63,23.05,23.02,1,1,0.7779
223,6,550.45,48.44,21.55,21.55,1,1,1.0
223,7,585.7,55.78,27.4,28.89,1,1,1.0
223,8,675.25,115.97,53.8,40.63,1,1,1.0
223,9,408.07,73.4,31.83,30.36,1,1,1.0
223,10,629.7,74.86,45.05,25.96,1,1,1.0
224,2,580.05,36.45,19.85,20.33,1,1,1.0
224,5,595.95,39.39,23.05,23.51,1,1,0.7715
224,6,550.45,47.71,21.55,21.55,1,1,1.0
224,7,585.2,55.78,28.15,28.64,1,1,1.0
224,8,675.0,115.23,52.85,40.63,1,1,1.0
224,9,407.58,73.89,31.59,30.12,1,1,1.0
224,10,628.75,73.89,44.8,26.93,1,1,1.0
225,2,580.3,36.21,19.6,20.57,1,1,1.0
225,5,595.95,39.14,23.05,24.0,1,1,0.7651
225,6,550.45,46.97,21.55,21.55,1,1,1.0
225,7,584.7,55.78,28.9,28.4,1,1,1.0
225,8,674.75,114.5,51.9,40.63,1,1,1.0
225,9,407.1,74.38,31.33,29.86,1,1,1.0
225,10,627.75,72.9,44.55,27.91,1,1,1.0
226,2,580.55,35.96,19.35,20.82,1,1,1.0
226,5,595.95,38.9,23.05,24.49,1,1,0.7588
226,6,550.45,46.24,21.55,21.55,1,1,1.0
226,7,584.2,55.78,29.65,28.16,1,1,1.0
226,8,674.5,113.76,50.9,40.64,1,1,1.0
226,9,406.61,74.86,31.08,29.63,1,1,1.0
226,10,626.8,71.92,44.3,28.89,1,1,1.0
227,2,580.8,35.72,19.1,21.06,1,1,1.0
227,5,595.95,38.65,23.05,24.98,1,1,0.7525
227,6,550.45,45.5,21.55,21.55,1,1,1.0
227,7,583.75,55.78,30.35,27.91,1,1,1.0
227,8,674.25,113.03,49.95,40.63,1,1,1.0
227,9,406.12,75.35,30.84,29.38,1,1,1.0
227,10,625.8,70.95,44.05,29.86,1,1,1.0
228,2,581.05,35.47,18.85,21.31,1,1,1.0
228,5,595.95,38.41,23.05,25.46,1,1,0.7462
228,6,550.45,44.77,21.55,21.55,1,1,1.0
228,7,583.25,55.78,31.1,27.66,1,1,1.0
228,8,674.0,112.3,48.95,40.63,1,1,1.0
228,9,405.63,75.84,30.6,29.13,1,1,1.0
228,10,624.85,69.97,43.8,30.84,1,1,1.0
229,2,581.3,35.23,18.6,21.55,1,1,1.0
229,5,595.95,38.16,23.05,25.96,1,1,0.74
229,6,550.45,44.04,21.55,21.55,1,1,1.0
229,7,582.75,55.78,31.85,27.42,1,1,1.0
229,8,673.75,111.56,48.0,40.63,1,1,1.0
229,9,405.14,76.33,30.36,28.89,1,1,1.0
229,10,623.85,68.99,43.55,31.82,1,1,1.0
230,5,596.2,37.92,22.3,25.46,1,1,0.7789
230,6,550.7,44.53,21.3,20.82,1,1,1.0
230,7,583.0,56.27,30.85,26.44,1,1,1.0
230,8,672.05,110.83,47.95,40.14,1,1,1.0
230,9,404.16,76.58,31.58,29.62,1,1,1.0
230,10,622.85,69.48,43.35,31.34,1,1,1.0
231,5,596.45,37.68,21.55,24.97,1,1,0.8178
231,6,550.95,45.02,21.05,20.08,1,1,1.0
231,7,583.25,56.76,29.85,25.46,1,1,1.0
231,8,670.35,110.09,47.95,39.66,1,1,1.0
231,9,403.18,76.82,32.81,30.36,1,1,1.0
231,10,621.9,69.97,43.1,30.84,1,1,1.0
232,5,596.7,37.43,20.8,24.48,1,1,0.8562
232,6,551.2,45.5,20.8,19.35,1,1,1.0
232,7,583.5,57.25,28.9,24.48,1,1,1.0
232,8,668.6,109.36,48.0,39.17,1,1,1.0
232,9,402.2,77.06,34.03,31.1,1,1,1.0
232,10,620.9,70.46,42.85,30.36,1,1,1.0
233,5,596.95,37.19,20.05,24.0,1,1,0.8946
233,6,551.45,45.99,20.55,18.62,1,1,1.0
233,7,583.75,57.74,27.9,23.51,1,1,1.0
233,8,666.9,108.63,48.0,38.67,1,1,1.0
233,9,401.23,77.31,35.25,31.83,1,1,1.0
233,10,619.95,70.95,42.6,29.86,1,1,1.0
234,5,597.2,36.94,19.35,23.51,1,1,0.933
234,6,551.7,46.48,20.3,17.88,1,1,1.0
234,7,584.0,58.22,26.9,22.53,1,1,1.0
234,8,665.2,107.89,47.95,38.18,1,1,1.0
234,9,400.25,77.56,36.47,32.56,1,1,1.0
234,10,618.95,71.44,42.35,29.38,1,1,1.0
235,5,597.45,36.7,18.6,23.02,1,1,1.0
235,6,551.95,46.97,20.05,17.15,1,1,1.0
235,7,584.2,58.72,25.95,21.55,1,1,1.0
235,8,663.5,107.16,47.95,37.69,1,1,1.0
235,9,399.26,77.8,37.7,33.29,1,1,1.0
235,10,618.0,71.92,42.1,28.89,1,1,1.0
236,5,596.95,35.96,19.1,22.77,1,1,0.9635
236,6,551.95,45.5,20.55,17.88,1,1,1.0
236,7,584.2,57.49,25.5,22.04,1,1,1.0
236,8,663.25,106.18,47.7,37.7,1,1,1.0
236,9,399.51,77.06,36.72,33.04,1,1,1.0
236,10,617.0,70.95,42.1,29.14,1,1,1.0
237,5,596.45,35.23,19.6,22.53,1,1,0.957
237,6,551.95,44.04,21.05,18.61,1,1,1.0
237,7,584.2,56.27,25.0,22.53,1,1,1.0
237,8,663.0,105.2,47.5,37.7,1,1,1.0
237,9,399.76,76.33,35.74,32.81,1,1,1.0
237,10,616.0,69.97,42.15,29.38,1,1,1.0
238,5,595.95,34.5,20.1,22.28,1,1,0.9506
238,6,551.95,42.57,21.55,19.35,1,1,1.0
238,7,584.2,55.04,24.5,23.02,1,1,1.0
238,8,662.75,104.22,47.25,37.69,1,1,1.0
238,9,400.0,75.6,34.76,32.56,1,1,1.0
238,10,615.05,68.99,42.1,29.62,1,1,1.0
239,5,595.45,33.76,20.6,22.04,1,1,0.9445
239,6,551.95,41.1,22.0,20.08,1,1,1.0
239,7,584.2,53.82,24.0,23.5,1,1,1.0
239,8,662.5,103.24,47.0,37.7,1,1,1.0
239,9,400.25,74.86,33.78,32.32,1,1,1.0
239,10,614.05,68.01,42.1,29.87,1,1,1.0
240,5,595.0,33.03,21.05,21.8,1,1,0.9382
240,6,551.95,39.63,22.5,20.82,1,1,1.0
240,7,584.2,52.6,23.55,24.0,1,1,1.0
240,8,662.25,102.27,46.75,37.69,1,1,1.0
240,9,400.49,74.13,32.81,32.07,1,1,1.0
240,10,613.1,67.04,42.1,30.11,1,1,1.0
241,5,594.5,32.29,21.55,21.55,1,1,0.9322
241,6,551.95,38.16,23.0,21.55,1,1,1.0
241,7,584.2,51.38,23.05,24.48,1,1,1.0
241,8,662.0,101.29,46.5,37.69,1,1,1.0
241,9,400.74,73.4,31.82,31.82,1,1,1.0
241,10,612.1,66.06,42.1,30.36,1,1,1.0
242,5,594.5,32.05,21.3,22.04,1,1,0.9018
242,6,552.4,38.41,22.3,21.3,1,1,1.0
242,7,584.0,50.4,23.0,24.24,1,1,1.0
242,8,661.05,100.31,46.25,37.2,1,1,1.0
242,9,400.25,73.64,32.56,32.07,1,1,1.0
242,10,610.65,65.56,42.85,29.87,1,1,1.0
243,5,594.5,31.8,21.05,22.53,1,1,0.873
243,6,552.9,38.65,21.55,21.06,1,1,1.0
243,7,583.75,49.42,23.0,24.0,1,1,1.0
243,8,660.05,99.32,46.05,36.72,1,1,1.0
243,9,399.76,73.89,33.29,32.32,1,1,1.0
243,10,609.15,65.08,43.6,29.38,1,1,1.0
244,5,594.5,31.56,20.8,23.02,1,1,0.8461
244,6,553.4,38.9,20.8,20.82,1,1,1.0
244,7,583.5,48.44,23.0,23.75,1,1,1.0
244,8,659.1,98.35,45.75,36.23,1,1,1.0
244,9,399.26,74.13,34.04,32.56,1,1,1.0
244,10,607.7,64.58,44.3,28.89,1,1,1.0
245,5,594.5,31.32,20.55,23.51,1,1,0.8209
245,6,553.9,39.14,20.05,20.57,1,1,1.0
245,7,583.25,47.46,23.0,23.51,1,1,1.0
245,8,658.1,97.37,45.55,35.74,1,1,1.0
245,9,398.77,74.38,34.77,32.8,1,1,1.0
245,10,606.25,64.1,45.05,28.4,1,1,1.0
246,5,594.5,31.07,20.3,24.0,1,1,0.7974
246,6,554.35,39.39,19.35,20.33,1,1,1.0
246,7,583.0,46.48,23.0,23.26,1,1,1.0
246,8,657.15,96.39,45.25,35.25,1,1,1.0
246,9,398.29,74.62,35.5,33.05,1,1,1.0
246,10,604.75,63.61,45.8,27.91,1,1,1.0
247,5,594.5,30.83,20.1,24.48,1,1,0.7759
247,6,554.85,39.63,18.65,20.08,1,1,1.0
247,7,582.75,45.5,23.0,23.02,1,1,1.0
247,8,656.15,95.42,45.05,34.76,1,1,1.0
247,9,397.8,74.86,36.23,33.3,1,1,1.0
247,10,603.3,63.12,46.5,27.42,1,1,1.0
248,6,555.1,38.9,18.6,20.08,1,1,1.0
248,7,582.25,45.02,23.05,23.26,1,1,1.0
248,8,655.15,94.92,44.8,34.76,1,1,1.0
248,9,396.82,75.84,36.23,32.56,1,1,1.0
248,10,603.05,63.86,45.3,27.18,1,1,1.0
249,6,555.35,38.16,18.6,20.08,1,1,1.0
249,7,581.75,44.53,23.05,23.51,1,1,1.0
249,8,654.2,94.44,44.55,34.76,1,1,1.0
249,9,395.84,76.82,36.23,31.83,1,1,1.0
249,10,602.8,64.58,44.05,26.94,1,1,1.0
250,6,555.6,37.43,18.6,20.08,1,1,1.0
250,7,581.3,44.04,23.0,23.75,1,1,1.0
250,8,653.2,93.94,44.3,34.76,1,1,1.0
250,9,394.86,77.8,36.23,31.09,1,1,1.0
250,10,602.55,65.32,42.85,26.69,1,1,1.0
251,6,555.85,36.7,18.6,20.08,1,1,1.0
251,7,580.8,43.55,23.0,24.0,1,1,1.0
251,8,652.25,93.46,44.05,34.76,1,1,1.0
251,9,393.88,78.78,36.24,30.36,1,1,1.0
251,10,602.3,66.06,41.65,26.44,1,1,1.0
252,6,556.1,35.96,18.6,20.08,1,1,1.0
252,7,580.3,43.06,23.0,24.24,1,1,1.0
252,8,651.25,92.96,43.8,34.76,1,1,1.0
252,9,392.9,79.76,36.23,29.62,1,1,1.0
252,10,602.1,66.79,40.35,26.2,1,1,1.0
253,6,556.35,35.23,18.6,20.08,1,1,1.0
253,7,579.8,42.57,23.05,24.49,1,1,1.0
253,8,650.3,92.48,43.55,34.76,1,1,1.0
253,9,391.93,80.74,36.22,28.9,1,1,1.0
253,10,601.85,67.53,39.15,25.95,1,1,1.0
253,11,700.2,462.38,213.85,78.62,1,1,1.0
254,6,556.35,34.98,18.85,19.6,1,1,1.0
254,7,579.8,43.06,23.5,23.75,1,1,1.0
254,8,650.05,92.23,43.05,34.28,1,1,1.0
254,9,391.44,80.49,36.23,29.87,1,1,1.0
254,10,600.1,67.04,39.9,26.2,1,1,1.0
254,11,694.8,448.19,214.1,92.81,1,1,1.0
255,6,556.35,34.74,19.1,19.1,1,1,1.0
255,7,579.8,43.55,24.0,23.02,1,1,1.0
255,8,649.8,91.99,42.6,33.78,1,1,1.0
255,9,390.95,80.24,36.23,30.84,1,1,1.0
255,10,598.4,66.54,40.65,26.44,1,1,1.0
255,11,689.4,434.01,214.35,106.99,1,1,1.0
256,6,556.35,34.5,19.35,18.61,1,1,1.0
256,7,579.8,44.04,24.5,22.28,1,1,1.0
256,8,649.55,91.74,42.1,33.3,1,1,1.0
256,9,390.46,80.0,36.23,31.83,1,1,1.0
256,10,596.7,66.06,41.35,26.69,1,1,1.0
256,11,684.05,419.82,214.55,121.18,1,1,1.0
257,6,556.35,34.25,19.55,18.12,1,1,1.0
257,7,579.8,44.53,25.0,21.55,1,1,1.0
257,8,649.3,91.5,41.6,32.81,1,1,1.0
257,9,389.97,79.76,36.23,32.8,1,1,1.0
257,10,595.0,65.56,42.1,26.94,1,1,1.0
257,11,678.65,405.63,214.85,135.37,1,1,1.0
258,6,556.35,34.01,19.8,17.63,1,1,1.0
258,7,579.8,45.02,25.5,20.81,1,1,1.0
258,8,649.05,91.26,41.1,32.32,1,1,1.0
258,9,389.48,79.51,36.23,33.79,1,1,1.0
258,10,593.25,65.08,42.85,27.18,1,1,1.0
258,11,673.25,391.44,215.1,149.56,1,1,1.0
259,6,556.35,33.76,20.05,17.15,1,1,1.0
259,7,579.8,45.5,25.95,20.08,1,1,1.0
259,8,648.8,91.01,40.65,31.82,1,1,1.0
259,9,388.99,79.26,36.23,34.76,1,1,1.0
259,10,591.55,64.58,43.6,27.42,1,1,1.0
259,11,667.9,377.25,215.3,163.75,1,1,1.0
260,7,579.55,45.02,25.25,20.08,1,1,1.0
260,8,648.05,89.54,40.4,32.32,1,1,1.0
260,9,389.24,80.0,36.22,34.03,1,1,1.0
260,10,590.6,63.61,43.05,27.66,1,1,1.0
260,11,663.5,367.46,208.7,165.64,1,1,1.0
261,7,579.35,44.53,24.45,20.08,1,1,1.0
261,8,647.35,88.08,40.15,32.8,1,1,1.0
261,9,389.48,80.74,36.23,33.3,1,1,1.0
261,10,589.6,62.63,42.6,27.91,1,1,1.0
261,11,659.1,357.68,202.1,170.27,1,1,1.0
262,7,579.1,44.04,23.75,20.08,1,1,1.0
262,8,646.6,86.6,39.9,33.3,1,1,1.0
262,9,389.73,81.47,36.22,32.56,1,1,1.0
262,10,588.6,61.65,42.1,28.16,1,1,1.0
262,11,654.7,347.89,195.45,174.96,1,1,1.0
263,7,578.85,43.55,23.0,20.08,1,1,1.0
263,8,645.85,85.14,39.7,33.78,1,1,1.0
263,9,389.97,82.2,36.23,31.83,1,1,1.0
263,10,587.65,60.68,41.6,28.4,1,1,1.0
263,11,650.3,338.11,188.85,179.59,1,1,1.0
264,7,578.6,43.06,22.3,20.08,1,1,1.0
264,8,645.15,83.67,39.4,34.27,1,1,1.0
264,9,390.21,82.94,36.23,31.1,1,1,1.0
264,10,586.65,59.7,41.15,28.64,1,1,1.0
264,11,645.85,328.32,182.3,184.23,1,1,1.0
265,7,578.35,42.57,21.55,20.08,1,1,1.0
265,8,644.4,82.2,39.15,34.77,1,1,1.0
265,9,390.46,83.67,36.23,30.36,1,1,1.0
265,10,585.7,58.72,40.6,28.89,1,1,1.0
265,11,641.45,318.53,175.7,188.87,1,1,1.0
266,7,578.1,41.84,21.8,20.32,1,1,1.0
266,8,643.45,82.44,39.15,33.54,1,1,1.0
266,9,389.73,83.92,36.22,30.6,1,1,1.0
266,10,585.2,59.7,39.9,28.16,1,1,1.0
266,11,639.25,311.19,170.8,184.25,1,1,1.0
267,7,577.85,41.1,22.05,20.57,1,1,1.0
267,8,642.45,82.69,39.15,32.32,1,1,1.0
267,9,388.99,84.16,36.23,30.85,1,1,1.0
267,10,584.7,60.68,39.15,27.42,1,1,1.0
267,11,637.05,303.86,165.9,179.58,1,1,1.0
268,7,577.6,40.37,22.3,20.82,1,1,1.0
268,8,641.45,82.94,39.2,31.1,1,1,1.0
268,9,388.26,84.4,36.23,31.1,1,1,1.0
268,10,584.2,61.65,38.45,26.69,1,1,1.0
268,11,634.85,296.51,161.0,174.95,1,1,1.0
269,7,577.35,39.63,22.55,21.06,1,1,1.0
269,8,640.5,83.18,39.15,29.87,1,1,1.0
269,9,387.52,84.65,36.23,31.34,1,1,1.0
269,10,583.75,62.63,37.7,25.96,1,1,1.0
269,11,632.65,289.18,156.1,170.29,1,1,1.0
270,7,577.15,38.9,22.75,21.31,1,1,1.0
270,8,639.5,83.42,39.2,28.64,1,1,1.0
270,9,386.79,84.9,36.23,31.58,1,1,1.0
270,10,583.25,63.61,36.95,25.22,1,1,1.0
270,11,630.45,281.83,151.2,165.66,1,1,1.0
271,7,576.9,38.16,23.0,21.55,1,1,1.0
271,8,638.55,83.67,39.15,27.42,1,1,1.0
271,9,386.06,85.14,36.23,31.83,1,1,1.0
271,10,582.75,64.58,36.25,24.49,1,1,1.0
271,11,628.25,274.5,146.35,161.0,1,1,1.0
272,7,576.65,38.65,23.0,21.31,1,1,1.0
272,8,638.3,82.94,38.4,28.4,1,1,1.0
272,9,385.81,85.87,36.48,31.82,1,1,1.0
272,10,581.3,64.1,36.2,24.73,1,1,1.0
272,11,625.8,268.63,142.65,157.08,1,1,1.0
273,7,576.4,39.14,23.0,21.06,1,1,1.0
273,8,638.05,82.2,37.7,29.38,1,1,1.0
273,9,385.57,86.6,36.72,31.82,1,1,1.0
273,10,579.8,63.61,36.25,24.98,1,1,1.0
273,11,623.35,262.75,139.0,153.18,1,1,1.0
274,7,576.15,39.63,23.0,20.82,1,1,1.0
274,8,637.8,81.47,36.95,30.36,1,1,1.0
274,9,385.32,87.34,36.97,31.83,1,1,1.0
274,10,578.35,63.12,36.25,25.22,1,1,1.0
274,11,620.9,256.88,135.35,149.26,1,1,1.0
275,7,575.9,40.12,23.0,20.57,1,1,1.0
275,8,637.55,80.74,36.25,31.34,1,1,1.0
275,9,385.07,88.08,37.22,31.82,1,1,1.0
275,10,576.9,62.63,36.2,25.46,1,1,1.0
275,11,618.45,251.01,131.65,145.34,1,1,1.0
276,7,575.65,40.61,23.05,20.33,1,1,1.0
276,8,637.3,80.0,35.5,32.32,1,1,1.0
276,9,384.83,88.8,37.46,31.84,1,1,1.0
276,10,575.4,62.14,36.25,25.71,1,1,1.0
276,11,616.0,245.14,128.0,141.43,1,1,1.0
277,7,575.4,41.1,23.05,20.08,1,1,1.0
277,8,637.05,79.26,34.8,33.3,1,1,1.0
277,9,384.58,89.54,37.71,31.82,1,1,1.0
277,10,573.95,61.65,36.2,25.96,1,1,1.0
277,11,613.6,239.26,124.3,137.52,1,1,1.0
278,7,574.9,40.86,23.3,20.08,1,1,1.0
278,8,635.85,78.78,35.0,32.8,1,1,1.0
278,9,383.37,89.05,38.18,32.56,1,1,1.0
278,10,573.45,61.9,36.0,25.22,1,1,1.0
278,11,612.35,235.35,120.9,133.11,1,1,1.0
279,7,574.45,40.61,23.5,20.08,1,1,1.0
279,8,634.6,78.28,35.25,32.32,1,1,1.0
279,9,382.14,88.56,38.68,33.3,1,1,1.0
279,10,572.95,62.14,35.75,24.48,1,1,1.0
279,11,611.15,231.44,117.45,128.7,1,1,1.0
280,7,573.95,40.37,23.75,20.08,1,1,1.0
280,8,633.4,77.8,35.5,31.83,1,1,1.0
280,9,380.92,88.08,39.16,34.02,1,1,1.0
280,10,572.5,62.38,35.45,23.76,1,1,1.0
280,11,609.9,227.53,114.05,124.29,1,1,1.0
281,7,573.45,40.12,24.0,20.08,1,1,1.0
281,8,632.15,77.31,35.75,31.34,1,1,1.0
281,9,379.69,87.58,39.66,34.76,1,1,1.0
281,10,572.0,62.63,35.25,23.02,1,1,1.0
281,11,608.7,223.61,110.6,119.9,1,1,1.0
282,7,572.95,39.88,24.25,20.08,1,1,1.0
282,8,630.95,76.82,36.0,30.85,1,1,1.0
282,9,378.47,87.1,40.15,35.49,1,1,1.0
282,10,571.5,62.88,35.0,22.28,1,1,1.0
282,11,607.45,219.69,107.2,115.5,1,1,1.0
283,7,572.5,39.63,24.45,20.08,1,1,1.0
283,8,629.7,76.33,36.25,30.36,1,1,1.0
283,9,377.25,86.6,40.63,36.22,1,1,1.0
283,10,571.0,63.12,34.75,21.55,1,1,1.0
283,11,606.25,215.78,103.75,111.09,1,1,1.0
284,7,572.5,39.39,24.2,20.57,1,1,1.0
284,8,629.7,76.08,36.0,30.12,1,1,1.0
284,9,376.76,87.1,40.63,36.24,1,1,1.0
284,10,570.75,62.38,33.8,22.04,1,1,1.0
284,11,604.3,212.6,102.5,109.63,1,1,1.0
285,7,572.5,39.14,23.95,21.06,1,1,1.0
285,8,629.7,75.84,35.75,29.87,1,1,1.0
285,9,376.27,87.58,40.63,36.24,1,1,1.0
285,10,570.5,61.65,32.8,22.53,1,1,1.0
285,11,602.3,209.42,101.35,108.15,1,1,1.0
286,7,572.5,38.9,23.75,21.55,1,1,1.0
286,8,629.7,75.6,35.5,29.62,1,1,1.0
286,9,375.78,88.08,40.64,36.24,1,1,1.0
286,10,570.3,60.92,31.8,23.02,1,1,1.0
286,11,600.35,206.24,100.1,106.69,1,1,1.0
287,7,572.5,38.65,23.5,22.04,1,1,1.0
287,8,629.7,75.35,35.3,29.38,1,1,1.0
287,9,375.29,88.56,40.64,36.22,1,1,1.0
287,10,570.05,60.18,30.85,23.5,1,1,1.0
287,11,598.4,203.06,98.85,105.22,1,1,1.0
288,7,572.5,38.41,23.25,22.53,1,1,1.0
288,8,629.7,75.1,35.05,29.14,1,1,1.0
288,9,374.8,89.05,40.64,36.23,1,1,1.0
288,10,569.8,59.45,29.85,24.0,1,1,1.0
288,11,596.45,199.88,97.65,103.75,1,1,1.0
289,7,572.5,38.16,23.0,23.02,1,1,1.0
289,8,629.7,74.86,34.8,28.89,1,1,1.0
289,9,374.31,89.54,40.63,36.23,1,1,1.0
289,10,569.55,58.72,28.9,24.48,1,1,1.0
289,11,594.5,196.69,96.4,102.29,1,1,1.0
290,8,629.5,73.89,34.25,28.9,1,1,1.0
290,9,374.07,89.78,40.38,36.24,1,1,1.0
290,10,568.3,57.98,29.4,24.74,1,1,1.0
290,11,594.0,193.27,93.95,100.58,1,1,1.0
291,8,629.25,72.9,33.75,28.9,1,1,1.0
291,9,373.82,90.03,40.14,36.23,1,1,1.0
291,10,567.1,57.25,29.85,24.98,1,1,1.0
291,11,593.5,189.85,91.55,98.85,1,1,1.0
292,8,629.0,71.92,33.3,28.89,1,1,1.0
292,9,373.58,90.28,39.9,36.24,1,1,1.0
292,10,565.85,56.52,30.4,25.22,1,1,1.0
292,11,593.05,186.42,89.05,97.15,1,1,1.0
293,8,628.75,70.95,32.8,28.89,1,1,1.0
293,9,373.33,90.52,39.66,36.23,1,1,1.0
293,10,564.65,55.78,30.85,25.46,1,1,1.0
293,11,592.55,183.0,86.6,95.43,1,1,1.0
294,8,628.5,69.97,32.3,28.89,1,1,1.0
294,9,373.09,90.76,39.41,36.24,1,1,1.0
294,10,563.45,55.04,31.3,25.71,1,1,1.0
294,11,592.05,179.57,84.2,93.73,1,1,1.0
295,8,628.25,68.99,31.85,28.89,1,1,1.0
295,9,372.85,91.01,39.16,36.23,1,1,1.0
295,10,562.2,54.31,31.85,25.96,1,1,1.0
295,11,591.55,176.15,81.75,92.0,1,1,1.0
296,8,628.0,68.74,31.85,29.14,1,1,1.0
296,9,371.62,91.99,39.9,35.5,1,1,1.0
296,10,561.2,54.56,31.85,25.46,1,1,1.0
296,11,590.35,173.94,81.0,90.3,1,1,1.0
297,8,627.75,68.5,31.85,29.38,1,1,1.0
297,9,370.4,92.96,40.63,34.76,1,1,1.0
297,10,560.25,54.8,31.8,24.98,1,1,1.0
297,11,589.1,171.75,80.3,88.57,1,1,1.0
298,8,627.5,68.26,31.85,29.62,1,1,1.0
298,9,369.18,93.94,41.36,34.02,1,1,1.0
298,10,559.25,55.04,31.85,24.48,1,1,1.0
298,11,587.9,169.54,79.5,86.87,1,1,1.0
299,8,627.3,68.01,31.8,29.87,1,1,1.0
299,9,367.95,94.92,42.1,33.3,1,1,1.0
299,10,558.3,55.29,31.8,24.0,1,1,1.0
299,11,586.65,167.34,78.8,85.16,1,1,1.0
300,8,627.05,67.77,31.8,30.11,1,1,1.0
300,9,366.73,95.9,42.84,32.56,1,1,1.0
300,10,557.3,55.54,31.85,23.51,1,1,1.0
300,11,585.45,165.14,78.05,83.45,1,1,1.0
301,8,626.8,67.53,31.8,30.36,1,1,1.0
301,9,365.51,96.88,43.56,31.83,1,1,1.0
301,10,556.35,55.78,31.8,23.02,1,1,1.0
301,11,584.2,162.94,77.35,81.73,1,1,1.0
302,8,626.05,67.04,31.85,30.11,1,1,1.0
302,9,364.28,96.88,44.3,32.56,1,1,1.0
302,10,556.1,55.78,31.55,23.26,1,1,1.0
302,11,583.25,160.74,76.35,80.51,1,1,1.0
303,8,625.3,66.54,31.85,29.87,1,1,1.0
303,9,363.06,96.88,45.04,33.3,1,1,1.0
303,10,555.85,55.78,31.35,23.5,1,1,1.0
303,11,582.25,158.53,75.4,79.29,1,1,1.0
304,8,624.6,66.06,31.8,29.62,1,1,1.0
304,9,361.83,96.88,45.78,34.03,1,1,1.0
304,10,555.6,55.78,31.1,23.75,1,1,1.0
304,11,581.3,156.33,74.4,78.07,1,1,1.0
305,8,623.85,65.56,31.85,29.38,1,1,1.0
305,9,360.61,96.88,46.51,34.76,1,1,1.0
305,10,555.35,55.78,30.85,24.0,1,1,1.0
305,11,580.3,154.13,73.4,76.84,1,1,1.0
306,8,623.1,65.08,31.85,29.14,1,1,1.0
306,9,359.39,96.88,47.24,35.5,1,1,1.0
306,10,555.1,55.78,30.6,24.24,1,1,1.0
306,11,579.35,151.93,72.4,75.61,1,1,1.0
307,8,622.4,64.58,31.8,28.89,1,1,1.0
307,9,358.17,96.88,47.97,36.23,1,1,1.0
307,10,554.85,55.78,30.35,24.48,1,1,1.0
307,11,578.35,149.72,71.45,74.4,1,1,1.0
308,8,621.9,63.61,31.35,29.14,1,1,1.0
308,9,356.69,96.64,48.71,36.48,1,1,1.0
308,10,554.35,54.8,30.4,24.48,1,1,1.0
308,11,577.35,146.79,71.0,74.4,1,1,1.0
309,8,621.4,62.63,30.85,29.38,1,1,1.0
309,9,355.23,96.39,49.44,36.72,1,1,1.0
309,10,553.9,53.82,30.35,24.48,1,1,1.0
309,11,576.4,143.85,70.45,74.4,1,1,1.0
310,8,620.9,61.65,30.4,29.62,1,1,1.0
310,9,353.76,96.14,50.18,36.97,1,1,1.0
310,10,553.4,52.84,30.35,24.48,1,1,1.0
310,11,575.4,140.91,70.0,74.4,1,1,1.0
311,8,620.45,60.68,29.85,29.86,1,1,1.0
311,9,352.3,95.9,50.9,37.21,1,1,1.0
311,10,552.9,51.86,30.35,24.48,1,1,1.0
311,11,574.45,137.98,69.5,74.4,1,1,1.0
312,8,619.95,59.7,29.35,30.11,1,1,1.0
312,9,350.82,95.66,51.65,37.46,1,1,1.0
312,10,552.4,50.88,30.35,24.49,1,1,1.0
312,11,573.45,135.04,69.0,74.4,1,1,1.0
313,8,619.45,58.72,28.9,30.36,1,1,1.0
313,9,349.36,95.42,52.38,37.7,1,1,1.0
313,10,551.95,49.91,30.35,24.49,1,1,1.0
313,11,572.5,132.11,68.5,74.4,1,1,1.0
313,12,861.65,390.46,99.35,134.59,1,1,1.0
313,13,469.73,35.23,18.61,20.08,1,1,1.0
314,8,619.95,58.96,28.15,28.89,1,1,1.0
314,9,347.89,95.9,52.62,37.7,1,1,1.0
314,10,551.45,49.42,29.85,24.73,1,1,1.0
314,11,572.95,131.62,67.05,71.95,1,1,1.0
314,12,854.55,380.68,106.45,133.57,1,1,1.0
314,13,469.48,34.98,19.1,20.33,1,1,1.0
315,8,620.45,59.2,27.4,27.42,1,1,1.0
315,9,346.42,96.39,52.87,37.7,1,1,1.0
315,10,550.95,48.93,29.4,24.98,1,1,1.0
315,11,573.45,131.13,65.6,69.5,1,1,1.0
315,12,847.45,370.88,113.55,132.62,1,1,1.0
315,13,469.24,34.74,19.59,20.57,1,1,1.0
316,8,620.9,59.45,26.7,25.96,1,1,1.0
316,9,344.95,96.88,53.12,37.7,1,1,1.0
316,10,550.45,48.44,28.9,25.22,1,1,1.0
316,11,573.95,130.64,64.1,67.05,1,1,1.0
316,12,840.35,361.1,120.65,131.65,1,1,1.0
316,13,468.99,34.5,20.08,20.81,1,1,1.0
317,8,621.4,59.7,25.95,24.48,1,1,1.0
317,9,343.49,97.37,53.35,37.7,1,1,1.0
317,10,549.95,47.95,28.4,25.46,1,1,1.0
317,11,574.45,130.16,62.65,64.6,1,1,1.0
317,12,833.25,351.32,127.75,130.66,1,1,1.0
317,13,468.75,34.25,20.57,21.06,1,1,1.0
318,8,621.9,59.94,25.2,23.02,1,1,1.0
318,9,342.02,97.86,53.6,37.7,1,1,1.0
318,10,549.5,47.46,27.9,25.71,1,1,1.0
318,11,574.9,129.66,61.2,62.16,1,1,1.0
318,12,826.2,341.53,134.8,129.68,1,1,1.0
318,13,468.5,34.01,21.07,21.3,1,1,1.0
319,8,622.4,60.18,24.45,21.55,1,1,1.0
319,9,340.55,98.35,53.84,37.69,1,1,1.0
319,10,549.0,46.97,27.4,25.95,1,1,1.0
319,11,575.4,129.18,59.75,59.71,1,1,1.0
319,12,819.1,331.75,141.9,128.7,1,1,1.0
319,13,468.26,33.76,21.55,21.55,1,1,1.0
320,8,621.65,60.18,24.75,22.04,1,1,1.0
320,9,339.57,98.84,54.09,37.2,1,1,1.0
320,10,548.25,47.46,27.9,25.46,1,1,1.0
320,11,574.45,127.46,59.45,60.2,1,1,1.0
320,12,813.2,324.16,147.8,125.28,1,1,1.0
320,13,468.01,33.52,21.56,22.04,1,1,1.0
321,8,620.9,60.18,25.0,22.53,1,1,1.0
321,9,338.6,99.32,54.33,36.72,1,1,1.0
321,10,547.5,47.95,28.4,24.97,1,1,1.0
321,11,573.45,125.75,59.25,60.69,1,1,1.0
321,12,807.35,316.57,137.0,121.86,1,1,1.0
321,13,467.77,33.27,21.55,22.53,1,1,1.0
322,8,620.2,60.18,25.2,23.02,1,1,1.0
322,9,337.62,99.82,54.57,36.22,1,1,1.0
322,10,546.8,48.44,28.9,24.48,1,1,1.0
322,11,572.5,124.04,58.95,61.18,1,1,1.0
322,12,801.45,308.99,137.55,118.43,1,1,1.0
322,13,467.52,33.03,21.55,23.02,1,1,1.0
323,8,619.45,60.18,25.45,23.5,1,1,1.0
323,9,336.63,100.31,54.83,35.73,1,1,1.0
323,10,546.05,48.93,29.4,24.0,1,1,1.0
323,11,571.5,122.33,58.75,61.67,1,1,1.0
323,12,795.6,301.4,138.0,115.02,1,1,1.0
323,13,467.28,32.78,21.55,23.51,1,1,1.0
324,8,618.7,60.18,25.75,24.0,1,1,1.0
324,9,335.65,100.8,55.08,35.24,1,1,1.0
324,10,545.3,49.42,29.9,23.51,1,1,1.0
324,11,570.5,120.61,58.5,62.17,1,1,1.0
324,12,789.7,293.82,138.5,111.58,1,1,1.0
324,13,467.04,32.54,21.54,24.0,1,1,1.0
325,8,618.0,60.18,25.95,24.48,1,1,1.0
325,9,334.68,101.29,55.31,34.75,1,1,1.0
325,10,544.6,49.91,30.35,23.02,1,1,1.0
325,11,569.55,118.9,58.25,62.65,1,1,1.0
325,12,783.85,286.24,139.0,108.15,1,1,1.0
325,13,466.79,32.29,21.55,24.49,1,1,1.0
326,8,617.25,58.96,26.45,24.48,1,1,1.0
326,9,331.99,100.8,57.51,35.74,1,1,1.0
326,10,544.85,49.18,29.85,23.26,1,1,1.0
326,11,569.55,117.43,57.25,61.92,1,1,1.0
326,12,778.95,280.37,135.55,105.7,1,1,1.0
326,13,466.3,32.78,21.8,23.51,1,1,1.0
327,8,616.5,57.74,26.95,24.49,1,1,1.0
327,9,329.3,100.31,59.71,36.72,1,1,1.0
327,10,545.1,48.44,29.35,23.51,1,1,1.0
327,11,569.55,115.97,56.3,61.18,1,1,1.0
327,12,774.05,274.5,132.15,103.26,1,1,1.0
327,13,465.81,33.27,22.04,22.53,1,1,1.0
328,8,615.8,56.52,27.4,24.48,1,1,1.0
328,9,326.61,99.82,61.91,37.7,1,1,1.0
328,10,545.3,47.71,28.9,23.75,1,1,1.0
328,11,569.55,114.5,55.3,60.44,1,1,1.0
328,12,769.15,268.63,128.75,100.81,1,1,1.0
328,13,465.32,33.76,22.29,21.55,1,1,1.0
329,8,615.05,55.29,27.9,24.48,1,1,1.0
329,9,323.92,99.32,64.12,38.68,1,1,1.0
329,10,545.55,46.97,28.4,24.0,1,1,1.0
329,11,569.55,113.03,54.3,59.72,1,1,1.0
329,12,764.3,262.75,125.25,98.37,1,1,1.0
329,13,464.83,34.25,22.53,20.57,1,1,1.0
330,8,614.3,54.06,28.4,24.49,1,1,1.0
330,9,321.23,98.84,66.32,39.65,1,1,1.0
330,10,545.8,46.24,27.9,24.24,1,1,1.0
330,11,569.55,111.56,53.35,58.98,1,1,1.0
330,12,759.4,256.88,121.85,95.93,1,1,1.0
330,13,464.35,34.74,22.77,19.6,1,1,1.0
331,8,613.6,52.84,28.85,24.48,1,1,1.0
331,9,318.53,98.35,68.53,40.63,1,1,1.0
331,10,546.05,45.5,27.45,24.48,1,1,1.0
331,11,569.55,110.09,52.35,58.25,1,1,1.0
331,12,754.5,251.01,118.45,93.48,1,1,1.0
331,13,463.86,35.23,23.01,18.61,1,1,1.0
332,8,613.1,52.84,28.9,25.22,1,1,1.0
332,9,316.57,98.84,69.01,39.9,1,1,1.0
332,10,545.55,46.24,27.2,23.26,1,1,1.0
332,11,568.8,108.87,52.15,57.51,1,1,1.0
332,12,751.55,246.6,115.5,91.28,1,1,1.0
332,13,463.61,35.72,23.26,18.62,1,1,1.0
333,8,612.6,52.84,28.9,25.96,1,1,1.0
333,9,314.62,99.32,69.5,39.16,1,1,1.0
333,10,545.1,46.97,26.9,22.04,1,1,1.0
333,11,568.05,107.65,51.9,56.78,1,1,1.0
333,12,748.6,242.2,112.6,89.07,1,1,1.0
333,13,463.37,36.21,23.5,18.62,1,1,1.0
334,8,612.1,52.84,28.9,26.68,1,1,1.0
334,9,312.66,99.82,69.99,38.44,1,1,1.0
334,10,544.6,47.71,26.7,20.82,1,1,1.0
334,11,567.35,106.42,51.65,56.05,1,1,1.0
334,12,745.7,237.8,109.6,86.87,1,1,1.0
334,13,463.12,36.7,23.75,18.61,1,1,1.0
335,8,611.6,52.84,28.9,27.42,1,1,1.0
335,9,310.7,100.31,70.49,37.7,1,1,1.0
335,10,544.1,48.44,26.45,19.59,1,1,1.0
335,11,566.6,105.2,51.4,55.31,1,1,1.0
335,12,742.75,233.4,106.7,84.67,1,1,1.0
335,13,462.88,37.19,23.99,18.61,1,1,1.0
336,8,611.15,52.84,28.85,28.16,1,1,1.0
336,9,308.75,100.8,70.96,36.96,1,1,1.0
336,10,543.6,49.18,26.2,18.37,1,1,1.0
336,11,565.85,103.97,51.15,54.59,1,1,1.0
336,12,739.8,228.99,103.75,82.47,1,1,1.0
336,13,462.63,37.68,24.24,18.61,1,1,1.0
337,8,610.65,52.84,28.9,28.89,1,1,1.0
337,9,306.79,101.29,71.46,36.22,1,1,1.0
337,10,543.1,49.91,25.95,17.15,1,1,1.0
337,11,565.15,102.75,50.9,53.85,1,1,1.0
337,12,736.9,224.59,100.8,80.27,1,1,1.0
337,13,462.38,38.16,24.49,18.61,1,1,1.0
338,8,610.4,52.36,28.65,28.16,1,1,1.0
338,9,305.07,101.04,71.47,37.45,1,1,1.0
338,10,543.35,49.18,25.95,17.64,1,1,1.0
338,11,565.15,101.53,49.9,53.85,1,1,1.0
338,12,733.45,221.16,98.85,78.8,1,1,1.0
338,13,462.63,38.16,24.24,19.1,1,1,1.0
339,8,610.15,51.86,28.4,27.42,1,1,1.0
339,9,303.37,100.8,71.45,38.67,1,1,1.0
339,10,543.6,48.44,25.95,18.12,1,1,1.0
339,11,565.15,100.31,48.95,53.84,1,1,1.0
339,12,730.05,217.74,96.9,77.33,1,1,1.0
339,13,462.88,38.16,23.99,19.6,1,1,1.0
340,8,609.9,51.38,28.15,26.69,1,1,1.0
340,9,301.65,100.55,71.46,39.9,1,1,1.0
340,10,543.85,47.71,25.95,18.61,1,1,1.0
340,11,565.15,99.08,47.95,53.84,1,1,1.0
340,12,726.6,214.31,94.95,75.87,1,1,1.0
340,13,463.12,38.16,23.75,20.08,1,1,1.0
341,8,609.65,50.88,27.9,25.96,1,1,1.0
341,9,299.94,100.31,71.46,41.12,1,1,1.0
341,10,544.1,46.97,25.95,19.1,1,1,1.0
341,11,565.15,97.86,47.0,53.85,1,1,1.0
341,12,723.2,210.88,92.95,74.4,1,1,1.0
341,13,463.37,38.16,23.5,20.57,1,1,1.0
342,8,609.4,50.4,27.7,25.22,1,1,1.0
342,9,298.23,100.06,71.46,42.35,1,1,1.0
342,10,544.35,46.24,25.95,19.59,1,1,1.0
342,11,565.15,96.64,46.0,53.84,1,1,1.0
342,12,719.75,207.46,91.05,72.93,1,1,1.0
342,13,463.61,38.16,23.26,21.06,1,1,1.0
343,8,609.15,49.91,27.45,24.49,1,1,1.0
343,9,296.51,99.82,71.46,43.56,1,1,1.0
343,10,544.6,45.5,25.95,20.08,1,1,1.0
343,11,565.15,95.42,45.0,53.84,1,1,1.0
343,12,716.35,204.04,89.05,71.46,1,1,1.0
343,13,463.86,38.16,23.01,21.55,1,1,1.0
344,8,608.95,50.16,27.15,24.0,1,1,1.0
344,9,294.56,100.55,72.68,42.59,1,1,1.0
344,10,544.35,45.75,25.45,19.84,1,1,1.0
344,11,565.15,94.68,44.55,53.6,1,1,1.0
344,12,713.65,201.35,87.85,69.5,1,1,1.0
344,13,463.37,38.41,23.26,22.04,1,1,1.0
345,8,608.7,50.4,26.9,23.5,1,1,1.0
345,9,292.6,101.29,73.91,41.61,1,1,1.0
345,10,544.1,45.99,24.95,19.59,1,1,1.0
345,11,565.15,93.94,44.05,53.36,1,1,1.0
345,12,710.95,198.66,86.6,67.54,1,1,1.0
345,13,462.88,38.65,23.5,22.53,1,1,1.0
346,8,608.45,50.64,26.7,23.02,1,1,1.0
346,9,290.64,102.02,75.13,40.63,1,1,1.0
346,10,543.85,46.24,24.5,19.35,1,1,1.0
346,11,565.15,93.21,43.55,53.11,1,1,1.0
346,12,708.25,195.97,85.4,65.58,1,1,1.0
346,13,462.38,38.9,23.76,23.02,1,1,1.0
347,8,608.2,50.88,26.45,22.53,1,1,1.0
347,9,288.69,102.75,76.35,39.66,1,1,1.0
347,10,543.6,46.48,24.0,19.1,1,1,1.0
347,11,565.15,92.48,43.05,52.88,1,1,1.0
347,12,705.55,193.27,84.2,63.63,1,1,1.0
347,13,461.89,39.14,24.0,23.51,1,1,1.0
348,8,607.95,51.13,26.2,22.04,1,1,1.0
348,9,286.73,103.49,77.58,38.67,1,1,1.0
348,10,543.35,46.73,23.5,18.86,1,1,1.0
348,11,565.15,91.74,42.6,52.62,1,1,1.0
348,12,702.85,190.58,83.0,61.68,1,1,1.0
348,13,461.4,39.39,24.25,24.0,1,1,1.0
349,8,607.7,51.38,25.95,21.55,1,1,1.0
349,9,284.77,104.22,78.8,37.69,1,1,1.0
349,10,543.1,46.97,23.05,18.61,1,1,1.0
349,11,565.15,91.01,42.1,52.37,1,1,1.0
349,12,700.2,187.89,81.7,59.71,1,1,1.0
349,13,460.92,39.63,24.48,24.49,1,1,1.0
350,8,607.2,50.64,25.95,21.8,1,1,1.0
350,9,282.32,104.22,79.78,37.94,1,1,1.0
350,10,542.65,45.99,23.75,19.35,1,1,1.0
350,11,564.4,90.28,42.35,52.14,1,1,1.0
350,12,698.0,184.47,80.75,59.71,1,1,1.0
350,13,460.92,39.88,24.0,24.0,1,1,1.0
351,8,606.75,49.91,25.95,22.04,1,1,1.0
351,9,279.88,104.22,80.75,38.19,1,1,1.0
351,10,542.15,45.02,24.5,20.08,1,1,1.0
351,11,563.65,89.54,42.6,51.89,1,1,1.0
351,12,695.8,181.04,79.75,59.72,1,1,1.0
351,13,460.92,40.12,23.51,23.51,1,1,1.0
352,8,606.25,49.18,25.95,22.28,1,1,1.0
352,9,277.43,104.22,81.74,38.43,1,1,1.0
352,10,541.65,44.04,25.2,20.82,1,1,1.0
352,11,562.95,88.8,42.8,51.64,1,1,1.0
352,12,693.6,177.62,78.8,59.71,1,1,1.0
352,13,460.92,40.37,23.02,23.02,1,1,1.0
353,8,605.75,48.44,25.95,22.53,1,1,1.0
353,9,274.99,104.22,82.7,38.68,1,1,1.0
353,10,541.15,43.06,25.95,21.55,1,1,1.0
353,11,562.2,88.08,43.1,51.4,1,1,1.0
353,12,691.4,174.19,77.8,59.72,1,1,1.0
353,13,460.92,40.61,22.52,22.53,1,1,1.0
354,8,605.25,47.71,25.95,22.77,1,1,1.0
354,9,272.54,104.22,83.69,38.92,1,1,1.0
354,10,540.65,42.08,26.7,22.28,1,1,1.0
354,11,561.45,87.34,43.35,51.15,1,1,1.0
354,12,689.15,170.76,76.85,59.72,1,1,1.0
354,13,460.92,40.86,22.03,22.04,1,1,1.0
355,8,604.75,46.97,25.95,23.02,1,1,1.0
355,9,270.09,104.22,84.67,39.16,1,1,1.0
355,10,540.2,41.1,27.4,23.02,1,1,1.0
355,11,560.75,86.6,43.55,50.9,1,1,1.0
355,12,686.95,167.34,75.9,59.72,1,1,1.0
355,13,460.92,41.1,21.55,21.55,1,1,1.0
356,8,604.75,46.73,25.95,22.77,1,1,1.0
356,9,269.12,105.2,83.93,38.68,1,1,1.0
356,10,540.45,40.86,26.2,22.77,1,1,1.0
356,11,560.5,85.62,43.05,50.42,1,1,1.0
356,12,685.25,164.9,74.4,58.98,1,1,1.0
356,13,460.43,40.86,22.28,21.79,1,1,1.0
357,8,604.75,46.48,25.95,22.53,1,1,1.0
357,9,268.13,106.18,83.2,38.19,1,1,1.0
357,10,540.65,40.61,25.0,22.53,1,1,1.0
357,11,560.25,84.65,42.6,49.93,1,1,1.0
357,12,683.55,162.44,72.9,58.25,1,1,1.0
357,13,459.94,40.61,23.01,22.04,1,1,1.0
358,8,604.75,46.24,25.95,22.29,1,1,1.0
358,9,267.15,107.16,82.48,37.69,1,1,1.0
358,10,540.9,40.37,23.75,22.28,1,1,1.0
358,11,560.0,83.67,42.1,49.44,1,1,1.0
358,12,681.85,160.0,71.45,57.51,1,1,1.0
358,13,459.45,40.37,23.75,22.28,1,1,1.0
359,8,604.75,45.99,25.95,22.04,1,1,1.0
359,9,266.18,108.14,81.73,37.21,1,1,1.0
359,10,541.15,40.12,22.55,22.04,1,1,1.0
359,11,559.75,82.69,41.6,48.95,1,1,1.0
359,12,680.1,157.56,70.0,56.78,1,1,1.0
359,13,458.96,40.12,24.48,22.53,1,1,1.0
360,8,604.75,45.75,25.95,21.8,1,1,1.0
360,9,265.2,109.11,81.0,36.72,1,1,1.0
360,10,541.4,39.88,21.3,21.8,1,1,1.0
360,11,559.5,81.72,41.15,48.46,1,1,1.0
360,12,678.4,155.1,68.55,56.06,1,1,1.0
360,13,458.47,39.88,25.22,22.77,1,1,1.0
361,8,604.75,45.5,25.95,21.55,1,1,1.0
361,9,264.22,110.09,80.27,36.23,1,1,1.0
361,10,541.65,39.63,20.1,21.55,1,1,1.0
361,11,559.25,80.74,40.65,47.98,1,1,1.0
361,12,676.7,152.66,67.05,55.31,1,1,1.0
361,13,457.98,39.63,25.96,23.02,1,1,1.0
362,8,603.8,45.26,26.7,21.3,1,1,1.0
362,9,261.04,109.11,81.98,36.96,1,1,1.0
362,10,541.4,39.63,21.05,21.8,1,1,1.0
362,11,558.55,80.24,40.35,47.24,1,1,1.0
362,12,675.45,150.95,66.1,54.58,1,1,1.0
362,13,457.98,39.88,25.22,23.26,1,1,1.0
363,8,602.8,45.02,27.45,21.06,1,1,1.0
363,9,257.86,108.14,83.69,37.69,1,1,1.0
363,10,541.15,39.63,22.05,22.04,1,1,1.0
363,11,557.8,79.76,40.15,46.5,1,1,1.0
363,12,674.25,149.24,65.1,53.84,1,1,1.0
363,13,457.98,40.12,24.49,23.51,1,1,1.0
364,8,601.85,44.77,28.15,20.82,1,1,1.0
364,9,254.68,107.16,85.4,38.43,1,1,1.0
364,10,540.9,39.63,23.05,22.28,1,1,1.0
364,11,557.05,79.26,39.9,45.78,1,1,1.0
364,12,673.05,147.53,64.1,53.1,1,1,1.0
364,13,457.98,40.37,23.76,23.75,1,1,1.0
365,8,600.85,44.53,28.9,20.57,1,1,1.0
365,9,251.5,106.18,87.12,39.17,1,1,1.0
365,10,540.65,39.63,24.0,22.53,1,1,1.0
365,11,556.35,78.78,39.65,45.04,1,1,1.0
365,12,671.8,145.81,63.15,52.38,1,1,1.0
365,13,457.98,40.61,23.02,24.0,1,1,1.0
366,8,599.9,44.28,29.6,20.33,1,1,1.0
366,9,248.32,105.2,88.82,39.9,1,1,1.0
366,10,540.45,39.63,24.95,22.77,1,1,1.0
366,11,555.6,78.28,39.4,44.3,1,1,1.0
366,12,670.6,144.1,62.15,51.64,1,1,1.0
366,13,457.98,40.86,22.28,24.24,1,1,1.0
367,8,598.9,44.04,30.35,20.08,1,1,1.0
367,9,245.14,104.22,90.54,40.63,1,1,1.0
367,10,540.2,39.63,25.95,23.02,1,1,1.0
367,11,554.85,77.8,39.2,43.56,1,1,1.0
367,12,669.35,142.38,61.2,50.91,1,1,1.0
367,13,457.98,41.1,21.55,24.48,1,1,1.0
368,8,599.65,43.3,28.4,20.33,1,1,1.0
368,10,540.2,39.14,25.2,22.53,1,1,1.0
368,11,554.85,77.31,39.2,43.33,1,1,1.0
368,12,667.65,140.68,60.95,50.41,1,1,1.0
368,13,457.74,41.35,22.03,24.24,1,1,1.0
369,8,600.35,42.57,26.45,20.57,1,1,1.0
369,10,540.2,38.65,24.45,22.04,1,1,1.0
369,11,554.85,76.82,39.2,43.08,1,1,1.0
369,12,665.95,138.96,60.7,49.93,1,1,1.0
369,13,457.49,41.59,22.53,24.0,1,1,1.0
370,8,601.1,41.84,24.5,20.82,1,1,1.0
370,10,540.2,38.16,23.75,21.55,1,1,1.0
370,11,554.85,76.33,39.2,42.84,1,1,1.0
370,12,664.2,137.25,60.45,49.44,1,1,1.0
370,13,457.25,41.84,23.01,23.75,1,1,1.0
371,8,601.85,41.1,22.5,21.06,1,1,1.0
371,10,540.2,37.68,23.0,21.06,1,1,1.0
371,11,554.85,75.84,39.2,42.59,1,1,1.0
371,12,662.5,135.54,60.2,48.95,1,1,1.0
371,13,457.01,42.08,23.5,23.5,1,1,1.0
372,8,602.55,40.37,20.6,21.31,1,1,1.0
372,10,540.2,37.19,22.25,20.57,1,1,1.0
372,11,554.85,75.35,39.2,42.34,1,1,1.0
372,12,660.8,133.82,59.95,48.47,1,1,1.0
372,13,456.76,42.32,24.0,23.26,1,1,1.0
373,8,603.3,39.63,18.6,21.55,1,1,1.0
373,10,540.2,36.7,21.55,20.08,1,1,1.0
373,11,554.85,74.86,39.2,42.11,1,1,1.0
373,12,659.1,132.11,59.7,47.98,1,1,1.0
373,13,456.51,42.57,24.49,23.02,1,1,1.0
374,8,602.3,39.88,19.85,21.31,1,1,1.0
374,10,540.45,36.45,21.55,20.33,1,1,1.0
374,11,554.35,74.13,37.25,43.81,1,1,1.0
374,12,657.35,130.64,59.25,47.49,1,1,1.0
374,13,456.02,43.06,24.24,23.26,1,1,1.0
375,8,601.35,40.12,21.05,21.06,1,1,1.0
375,10,540.65,36.21,21.55,20.57,1,1,1.0
375,11,553.9,73.4,35.25,45.52,1,1,1.0
375,12,655.65,129.18,58.75,46.99,1,1,1.0
375,13,455.54,43.55,23.99,23.51,1,1,1.0
376,8,600.35,40.37,22.3,20.82,1,1,1.0
376,10,540.9,35.96,21.55,20.82,1,1,1.0
376,11,553.4,72.66,33.3,47.24,1,1,1.0
376,12,653.95,127.71,58.25,46.5,1,1,1.0
376,13,455.05,44.04,23.75,23.75,1,1,1.0
377,8,599.4,40.61,23.5,20.57,1,1,1.0
377,10,541.15,35.72,21.55,21.06,1,1,1.0
377,11,552.9,71.92,31.35,48.96,1,1,1.0
377,12,652.25,126.24,57.75,46.02,1,1,1.0
377,13,454.56,44.53,23.51,24.0,1,1,1.0
378,8,598.4,40.86,24.75,20.33,1,1,1.0
378,10,541.4,35.47,21.55,21.31,1,1,1.0
378,11,552.4,71.19,29.4,50.66,1,1,1.0
378,12,650.5,124.77,57.3,45.52,1,1,1.0
378,13,454.07,45.02,23.26,24.24,1,1,1.0
379,8,597.45,41.1,25.95,20.08,1,1,1.0
379,10,541.65,35.23,21.55,21.55,1,1,1.0
379,11,551.95,70.46,27.4,52.37,1,1,1.0
379,12,648.8,123.31,56.8,45.03,1,1,1.0
379,13,453.58,45.5,23.02,24.48,1,1,1.0
379,14,817.6,372.85,143.4,152.2,1,1,1.0
380,8,597.7,40.86,25.7,19.84,1,1,1.0
380,11,551.95,69.72,28.4,50.92,1,1,1.0
380,12,648.05,121.59,56.3,45.53,1,1,1.0
380,13,453.82,45.5,23.51,24.73,1,1,1.0
380,14,811.25,363.06,149.75,150.99,1,1,1.0
381,8,597.9,40.61,25.5,19.59,1,1,1.0
381,11,551.95,68.99,29.35,49.44,1,1,1.0
381,12,647.35,119.88,55.8,46.02,1,1,1.0
381,13,454.07,45.5,24.0,24.98,1,1,1.0
381,14,804.9,353.27,156.1,149.73,1,1,1.0
382,8,598.15,40.37,25.25,19.35,1,1,1.0
382,11,551.95,68.26,30.35,47.98,1,1,1.0
382,12,646.6,118.17,55.3,46.5,1,1,1.0
382,13,454.31,45.5,24.49,25.22,1,1,1.0
382,14,798.55,343.49,162.45,148.52,1,1,1.0
383,8,598.4,40.12,25.0,19.1,1,1,1.0
383,11,551.95,67.53,31.3,46.5,1,1,1.0
383,12,645.85,116.46,54.85,46.98,1,1,1.0
383,13,454.56,45.5,24.97,25.46,1,1,1.0
383,14,792.15,333.7,168.85,147.3,1,1,1.0
384,8,598.65,39.88,24.75,18.86,1,1,1.0
384,11,551.95,66.79,32.3,45.04,1,1,1.0
384,12,645.15,114.74,54.3,47.48,1,1,1.0
384,13,454.8,45.5,25.46,25.71,1,1,1.0
384,14,785.8,323.92,162.95,146.07,1,1,1.0
385,8,598.9,39.63,24.5,18.62,1,1,1.0
385,11,551.95,66.06,33.25,43.58,1,1,1.0
385,12,644.4,113.03,53.85,47.97,1,1,1.0
385,13,455.05,45.5,25.95,25.96,1,1,1.0
385,14,779.45,314.13,168.35,144.85,1,1,1.0
385,15,471.19,23.49,20.08,23.02,1,1,1.0
386,8,598.4,39.14,24.0,19.59,1,1,1.0
386,11,551.7,65.32,33.3,42.84,1,1,1.0
386,12,643.65,113.03,53.15,46.5,1,1,1.0
386,13,454.07,45.99,26.69,25.96,1,1,1.0
386,14,773.8,307.52,164.7,140.69,1,1,1.0
386,15,470.95,23.49,20.32,24.24,1,1,1.0
387,8,597.9,38.65,23.55,20.57,1,1,1.0
387,11,551.45,64.58,33.3,42.1,1,1,1.0
387,12,642.95,113.03,52.35,45.04,1,1,1.0
387,13,453.09,46.48,27.42,25.95,1,1,1.0
387,14,768.2,300.92,161.0,136.53,1,1,1.0
387,15,470.7,23.49,20.57,25.46,1,1,1.0
388,8,597.45,38.16,23.0,21.55,1,1,1.0
388,11,551.2,63.86,33.3,41.36,1,1,1.0
388,12,642.2,113.03,51.65,43.57,1,1,1.0
388,13,452.11,46.97,28.15,25.95,1,1,1.0
388,14,762.55,294.31,157.35,132.38,1,1,1.0
388,15,470.46,23.49,20.81,26.69,1,1,1.0
389,8,596.95,37.68,22.5,22.53,1,1,1.0
389,11,550.95,63.12,33.3,40.63,1,1,1.0
389,12,641.45,113.03,50.95,42.1,1,1,1.0
389,13,451.13,47.46,28.89,25.95,1,1,1.0
389,14,756.95,287.7,153.65,128.23,1,1,1.0
389,15,470.21,23.49,21.06,27.91,1,1,1.0
390,8,596.45,37.19,22.05,23.51,1,1,1.0
390,11,550.7,62.38,33.3,39.9,1,1,1.0
390,12,640.75,113.03,50.15,40.63,1,1,1.0
390,13,450.15,47.95,29.62,25.95,1,1,1.0
390,14,751.3,281.1,150.0,124.06,1,1,1.0
390,15,469.97,23.49,21.3,29.13,1,1,1.0
391,8,595.95,36.7,21.55,24.49,1,1,1.0
391,11,550.45,61.65,33.3,39.16,1,1,1.0
391,12,640.0,113.03,49.45,39.16,1,1,1.0
391,13,449.18,48.44,30.35,25.95,1,1,1.0
391,14,745.7,274.5,146.3,119.89,1,1,1.0
391,15,469.73,23.49,21.54,30.36,1,1,1.0
392,8,595.95,36.7,21.8,24.0,1,1,1.0
392,11,550.2,62.14,33.05,39.17,1,1,1.0
392,12,638.8,111.56,48.95,39.41,1,1,1.0
392,13,448.93,48.68,30.36,26.44,1,1,1.0
392,14,742.25,269.36,141.95,117.21,1,1,1.0
392,15,469.73,23.73,21.54,30.36,1,1,1.0
393,8,595.95,36.7,22.05,23.51,1,1,1.0
393,11,549.95,62.63,32.8,39.17,1,1,1.0
393,12,637.55,110.09,48.45,39.66,1,1,1.0
393,13,448.69,48.93,30.36,26.93,1,1,1.0
393,14,738.85,264.22,137.5,114.52,1,1,1.0
393,15,469.73,23.98,21.54,30.36,1,1,1.0
394,8,595.95,36.7,22.3,23.02,1,1,1.0
394,11,549.7,63.12,32.6,39.17,1,1,1.0
394,12,636.35,108.63,47.95,39.9,1,1,1.0
394,13,448.44,49.18,30.36,27.42,1,1,1.0
394,14,735.4,259.08,133.1,111.83,1,1,1.0
394,15,469.73,24.22,21.54,30.36,1,1,1.0
395,8,595.95,36.7,22.55,22.53,1,1,1.0
395,11,549.5,63.61,32.3,39.17,1,1,1.0
395,12,635.1,107.16,47.5,40.14,1,1,1.0
395,13,448.19,49.42,30.37,27.91,1,1,1.0
395,14,732.0,253.94,128.7,109.14,1,1,1.0
395,15,469.73,24.46,21.54,30.36,1,1,1.0
396,8,595.95,36.7,22.8,22.04,1,1,1.0
396,11,549.25,64.1,32.05,39.17,1,1,1.0
396,12,633.9,105.69,47.0,40.38,1,1,1.0
396,13,447.95,49.66,30.36,28.4,1,1,1.0
396,14,728.55,248.81,124.3,106.44,1,1,1.0
396,15,469.73,24.71,21.54,30.36,1,1,1.0
397,8,595.95,36.7,23.05,21.55,1,1,1.0
397,11,549.0,64.58,31.8,39.16,1,1,1.0
397,12,632.65,104.22,46.5,40.63,1,1,1.0
397,13,447.7,49.91,30.37,28.89,1,1,1.0
397,14,725.15,243.67,119.9,103.75,1,1,1.0
397,15,469.73,24.95,21.54,30.36,1,1,1.0
398,8,595.95,36.21,22.3,21.8,1,1,1.0
398,11,549.0,63.36,31.8,39.16,1,1,1.0
398,12,632.4,103.24,45.8,40.14,1,1,1.0
398,13,447.95,49.66,29.38,29.38,1,1,1.0
398,14,722.2,239.51,117.2,102.29,1,1,1.0
398,15,469.48,24.95,22.04,30.85,1,1,1.0
399,8,595.95,35.72,21.55,22.04,1,1,1.0
399,11,549.0,62.14,31.8,39.17,1,1,1.0
399,12,632.15,102.27,45.05,39.64,1,1,1.0
399,13,448.19,49.42,28.41,29.87,1,1,1.0
399,14,719.25,235.35,114.55,100.82,1,1,1.0
399,15,469.24,24.95,22.52,31.34,1,1,1.0
400,8,595.95,35.23,20.85,22.28,1,1,1.0
400,11,549.0,60.92,31.8,39.17,1,1,1.0
400,12,631.95,101.29,44.3,39.16,1,1,1.0
400,13,448.44,49.18,27.42,30.36,1,1,1.0
400,14,716.35,231.19,111.8,99.35,1,1,1.0
400,15,468.99,24.95,23.02,31.83,1,1,1.0
401,8,595.95,34.74,20.1,22.53,1,1,1.0
401,11,549.0,59.7,31.8,39.16,1,1,1.0
401,12,631.7,100.31,43.55,38.67,1,1,1.0
401,13,448.69,48.93,26.44,30.85,1,1,1.0
401,14,713.4,227.04,109.15,97.88,1,1,1.0
401,15,468.75,24.95,23.51,32.32,1,1,1.0
402,8,595.95,34.25,19.35,22.77,1,1,1.0
402,11,549.0,58.47,31.8,39.16,1,1,1.0
402,12,631.45,99.32,42.8,38.18,1,1,1.0
402,13,448.93,48.68,25.46,31.34,1,1,1.0
402,14,710.45,222.88,106.45,96.41,1,1,1.0
402,15,468.5,24.95,24.0,32.81,1,1,1.0
403,8,595.95,33.76,18.65,23.02,1,1,1.0
403,11,549.0,57.25,31.8,39.16,1,1,1.0
403,12,631.2,98.35,42.1,37.69,1,1,1.0
403,13,449.18,48.44,24.48,31.82,1,1,1.0
403,14,707.5,218.72,103.8,94.94,1,1,1.0
403,15,468.26,24.95,24.49,33.3,1,1,1.0
404,11,548.75,57.74,31.8,38.68,1,1,1.0
404,12,630.45,97.62,41.6,38.18,1,1,1.0
404,13,448.44,49.66,25.71,31.58,1,1,1.0
404,14,704.35,214.56,102.3,92.99,1,1,1.0
404,15,467.77,25.44,24.73,33.05,1,1,1.0
405,11,548.5,58.22,31.85,38.19,1,1,1.0
405,12,629.7,96.88,41.15,38.68,1,1,1.0
405,13,447.7,50.88,26.94,31.34,1,1,1.0
405,14,701.15,210.4,100.85,91.03,1,1,1.0
405,15,467.28,25.93,24.98,32.8,1,1,1.0
406,11,548.25,58.72,31.85,37.7,1,1,1.0
406,12,629.0,96.14,40.6,39.16,1,1,1.0
406,13,446.97,52.11,28.16,31.09,1,1,1.0
406,14,698.0,206.24,99.35,89.07,1,1,1.0
406,15,466.79,26.42,25.22,32.56,1,1,1.0
407,11,548.0,59.2,31.85,37.21,1,1,1.0
407,12,628.25,95.42,40.15,39.66,1,1,1.0
407,13,446.24,53.34,29.38,30.84,1,1,1.0
407,14,694.8,202.08,97.9,87.11,1,1,1.0
407,15,466.3,26.91,25.46,32.31,1,1,1.0
408,11,547.75,59.7,31.85,36.72,1,1,1.0
408,12,627.5,94.68,39.7,40.14,1,1,1.0
408,13,445.51,54.56,30.6,30.6,1,1,1.0
408,14,691.6,197.92,96.45,85.16,1,1,1.0
408,15,465.81,27.4,25.71,32.07,1,1,1.0
409,11,547.5,60.18,31.85,36.23,1,1,1.0
409,12,626.8,93.94,39.15,40.64,1,1,1.0
409,13,444.77,55.78,31.83,30.36,1,1,1.0
409,14,688.45,193.76,94.95,83.2,1,1,1.0
409,15,465.32,27.89,25.95,31.82,1,1,1.0
410,11,547.75,59.94,31.1,35.25,1,1,1.0
410,12,625.8,93.7,39.65,39.17,1,1,1.0
410,13,445.01,56.02,31.34,30.6,1,1,1.0
410,14,685.75,190.82,93.7,82.48,1,1,1.0
410,15,464.83,28.62,26.93,30.85,1,1,1.0
411,11,548.0,59.7,30.35,34.27,1,1,1.0
411,12,624.85,93.46,40.15,37.7,1,1,1.0
411,13,445.26,56.27,30.85,30.84,1,1,1.0
411,14,683.05,187.89,92.5,81.74,1,1,1.0
411,15,464.35,29.36,27.91,29.87,1,1,1.0
412,11,548.25,59.45,29.65,33.3,1,1,1.0
412,12,623.85,93.21,40.65,36.23,1,1,1.0
412,13,445.51,56.52,30.35,31.09,1,1,1.0
412,14,680.35,184.96,91.3,80.99,1,1,1.0
412,15,463.86,30.09,28.89,28.89,1,1,1.0
413,11,548.5,59.2,28.9,32.32,1,1,1.0
413,12,622.85,92.96,41.15,34.76,1,1,1.0
413,13,445.75,56.76,29.87,31.34,1,1,1.0
413,14,677.7,182.02,90.05,80.27,1,1,1.0
413,15,463.37,30.83,29.86,27.91,1,1,1.0
414,11,548.75,58.96,28.15,31.34,1,1,1.0
414,12,621.9,92.72,41.6,33.3,1,1,1.0
414,13,446.0,57.0,29.38,31.58,1,1,1.0
414,14,675.0,179.09,88.8,79.53,1,1,1.0
414,15,462.88,31.56,30.84,26.93,1,1,1.0
415,11,549.0,58.72,27.4,30.36,1,1,1.0
415,12,620.9,92.48,42.1,31.84,1,1,1.0
415,13,446.24,57.25,28.89,31.82,1,1,1.0
415,14,672.3,176.15,87.6,78.79,1,1,1.0
415,15,462.38,32.29,31.83,25.96,1,1,1.0
415,16,713.4,408.07,185.95,132.93,1,1,1.0
416,11,548.75,57.74,27.9,31.1,1,1,1.0
416,12,620.9,91.74,41.65,31.08,1,1,1.0
416,13,445.51,57.0,29.37,32.07,1,1,1.0
416,14,669.85,173.7,86.4,78.06,1,1,1.0
416,15,462.88,32.29,30.6,25.96,1,1,1.0
416,16,710.7,396.57,178.85,129.18,1,1,1.0
417,11,548.5,56.76,28.4,31.82,1,1,1.0
417,12,620.9,91.01,41.15,30.35,1,1,1.0
417,13,444.77,56.76,29.87,32.32,1,1,1.0
417,14,667.4,171.26,85.15,77.33,1,1,1.0
417,15,463.37,32.29,29.38,25.96,1,1,1.0
417,16,708.0,385.07,171.8,129.68,1,1,1.0
418,11,548.25,55.78,28.9,32.56,1,1,1.0
418,12,620.9,90.28,40.65,29.62,1,1,1.0
418,13,444.04,56.52,30.35,32.56,1,1,1.0
418,14,664.95,168.81,83.95,76.6,1,1,1.0
418,15,463.86,32.29,28.15,25.96,1,1,1.0
418,16,705.3,373.58,164.7,130.17,1,1,1.0
419,11,548.0,54.8,29.4,33.3,1,1,1.0
419,12,620.9,89.54,40.15,28.89,1,1,1.0
419,13,443.31,56.27,30.84,32.8,1,1,1.0
419,14,662.5,166.36,82.7,75.86,1,1,1.0
419,15,464.35,32.29,26.92,25.96,1,1,1.0
419,16,702.65,362.08,157.55,130.67,1,1,1.0
420,11,547.75,53.82,29.9,34.02,1,1,1.0
420,12,620.9,88.8,39.65,28.16,1,1,1.0
420,13,442.57,56.02,31.33,33.05,1,1,1.0
420,14,660.05,163.91,81.5,75.13,1,1,1.0
420,15,464.83,32.29,25.71,25.96,1,1,1.0
420,16,699.95,350.58,150.45,131.16,1,1,1.0
421,11,547.5,52.84,30.4,34.76,1,1,1.0
421,12,620.9,88.08,39.2,27.42,1,1,1.0
421,13,441.83,55.78,31.83,33.3,1,1,1.0
421,14,657.6,161.47,80.3,74.39,1,1,1.0
421,15,465.32,32.29,24.49,25.96,1,1,1.0
421,16,697.25,339.08,143.4,131.65,1,1,1.0
422,11,547.5,52.36,29.9,34.52,1,1,1.0
422,12,620.45,86.12,39.15,28.9,1,1,1.0
422,13,441.83,56.52,31.34,32.56,1,1,1.0
422,14,657.35,159.76,78.35,72.43,1,1,1.0
422,15,464.83,32.54,25.47,26.44,1,1,1.0
422,16,695.3,331.75,139.2,127.23,1,1,1.0
423,11,547.5,51.86,29.4,34.28,1,1,1.0
423,12,619.95,84.16,39.15,30.36,1,1,1.0
423,13,441.83,57.25,30.85,31.82,1,1,1.0
423,14,657.15,158.04,76.35,70.49,1,1,1.0
423,15,464.35,32.78,26.44,26.93,1,1,1.0
423,16,693.35,324.4,135.05,122.84,1,1,1.0
424,11,547.5,51.38,28.9,34.03,1,1,1.0
424,12,619.45,82.2,39.15,31.83,1,1,1.0
424,13,441.83,57.98,30.36,31.1,1,1,1.0
424,14,656.9,156.33,74.4,68.52,1,1,1.0
424,15,463.86,33.03,27.41,27.42,1,1,1.0
424,16,691.4,317.07,130.9,118.43,1,1,1.0
425,11,547.5,50.88,28.4,33.78,1,1,1.0
425,12,618.95,80.24,39.2,33.3,1,1,1.0
425,13,441.83,58.72,29.87,30.36,1,1,1.0
425,14,656.65,154.62,72.4,66.57,1,1,1.0
425,15,463.37,33.27,28.39,27.91,1,1,1.0
425,16,689.4,309.73,126.75,114.02,1,1,1.0
426,11,547.5,50.4,27.95,33.53,1,1,1.0
426,12,618.45,78.28,39.2,34.76,1,1,1.0
426,13,441.83,59.45,29.38,29.62,1,1,1.0
426,14,656.4,152.91,70.45,64.6,1,1,1.0
426,15,462.88,33.52,29.38,28.4,1,1,1.0
426,16,687.45,302.38,122.6,109.63,1,1,1.0
427,11,547.5,49.91,27.45,33.29,1,1,1.0
427,12,618.0,76.33,39.15,36.23,1,1,1.0
427,13,441.83,60.18,28.9,28.89,1,1,1.0
427,14,656.15,151.19,68.5,62.66,1,1,1.0
427,15,462.38,33.76,30.37,28.89,1,1,1.0
427,16,685.5,295.05,118.45,105.21,1,1,1.0
428,11,547.3,49.42,27.65,33.54,1,1,1.0
428,12,617.75,76.58,39.15,34.52,1,1,1.0
428,13,440.86,59.7,29.62,29.62,1,1,1.0
428,14,654.7,148.5,67.75,62.16,1,1,1.0
428,15,462.14,33.27,30.12,27.91,1,1,1.0
428,16,683.3,287.95,116.7,104.49,1,1,1.0
429,11,547.05,48.93,27.9,33.79,1,1,1.0
429,12,617.5,76.82,39.15,32.81,1,1,1.0
429,13,439.88,59.2,30.36,30.36,1,1,1.0
429,14,653.2,145.81,67.05,61.68,1,1,1.0
429,15,461.89,32.78,29.87,26.93,1,1,1.0
429,16,681.1,280.86,115.0,103.75,1,1,1.0
430,11,546.8,48.44,28.15,34.03,1,1,1.0
430,12,617.25,77.06,39.15,31.1,1,1,1.0
430,13,438.9,58.72,31.09,31.09,1,1,1.0
430,14,651.75,143.12,66.3,61.19,1,1,1.0
430,15,461.65,32.29,29.62,25.96,1,1,1.0
430,16,678.9,273.76,113.3,103.02,1,1,1.0
431,11,546.55,47.95,28.4,34.27,1,1,1.0
431,12,617.0,77.31,39.15,29.38,1,1,1.0
431,13,437.92,58.22,31.83,31.82,1,1,1.0
431,14,650.3,140.43,65.55,60.69,1,1,1.0
431,15,461.4,31.8,29.39,24.98,1,1,1.0
431,16,676.7,266.67,111.6,102.28,1,1,1.0
432,11,546.3,47.46,28.65,34.52,1,1,1.0
432,12,616.75,77.56,39.15,27.66,1,1,1.0
432,13,436.94,57.74,32.56,32.56,1,1,1.0
432,14,648.8,137.74,64.85,60.2,1,1,1.0
432,15,461.16,31.32,29.14,24.0,1,1,1.0
432,16,674.5,259.57,109.85,101.55,1,1,1.0
433,11,546.05,46.97,28.9,34.76,1,1,1.0
433,12,616.5,77.8,39.2,25.95,1,1,1.0
433,13,435.96,57.25,33.3,33.29,1,1,1.0
433,14,647.35,135.04,64.1,59.72,1,1,1.0
433,15,460.92,30.83,28.89,23.02,1,1,1.0
433,16,672.3,252.47,108.15,100.83,1,1,1.0
434,11,545.8,46.97,29.15,34.27,1,1,1.0
434,12,616.5,76.82,38.45,27.42,1,1,1.0
434,13,435.48,58.47,34.02,33.05,1,1,1.0
434,14,645.65,134.56,63.6,58.98,1,1,1.0
434,15,460.92,30.83,28.89,25.71,1,1,1.0
434,16,670.6,248.07,106.65,98.62,1,1,1.0
435,11,545.55,46.97,29.4,33.78,1,1,1.0
435,12,616.5,75.84,37.7,28.89,1,1,1.0
435,13,434.99,59.7,34.76,32.8,1,1,1.0
435,14,643.9,134.07,63.15,58.25,1,1,1.0
435,15,460.92,30.83,28.89,28.4,1,1,1.0
435,16,668.85,243.67,105.25,96.41,1,1,1.0
436,11,545.3,46.97,29.65,33.29,1,1,1.0
436,12,616.5,74.86,37.0,30.36,1,1,1.0
436,13,434.5,60.92,35.49,32.56,1,1,1.0
436,14,642.2,133.58,62.65,57.51,1,1,1.0
436,15,460.92,30.83,28.89,31.09,1,1,1.0
436,16,667.15,239.26,103.75,94.22,1,1,1.0
437,11,545.1,46.97,29.85,32.8,1,1,1.0
437,12,616.5,73.89,36.25,31.82,1,1,1.0
437,13,434.01,62.14,36.23,32.32,1,1,1.0
437,14,640.5,133.09,62.15,56.78,1,1,1.0
437,15,460.92,30.83,28.89,33.78,1,1,1.0
437,16,665.45,234.86,102.3,92.01,1,1,1.0
438,11,544.85,46.97,30.1,32.31,1,1,1.0
438,12,616.5,72.9,35.5,33.3,1,1,1.0
438,13,433.51,63.36,36.97,32.07,1,1,1.0
438,14,638.8,132.6,61.65,56.05,1,1,1.0
438,15,460.92,30.83,28.89,36.47,1,1,1.0
438,16,663.75,230.46,100.8,89.8,1,1,1.0
439,11,544.6,46.97,30.35,31.83,1,1,1.0
439,12,616.5,71.92,34.8,34.76,1,1,1.0
439,13,433.03,64.58,37.7,31.83,1,1,1.0
439,14,637.05,132.11,61.2,55.31,1,1,1.0
439,15,460.92,30.83,28.89,39.16,1,1,1.0
439,16,662.0,226.06,99.35,87.6,1,1,1.0
440,11,544.85,46.73,29.35,31.58,1,1,1.0
440,12,616.5,70.95,34.3,34.52,1,1,1.0
440,13,433.03,65.32,36.96,31.58,1,1,1.0
440,14,636.1,130.4,60.9,54.57,1,1,1.0
440,15,460.19,31.32,28.88,38.43,1,1,1.0
440,16,661.05,222.14,97.85,86.14,1,1,1.0
441,11,545.1,46.48,28.4,31.34,1,1,1.0
441,12,616.5,69.97,33.8,34.27,1,1,1.0
441,13,433.03,66.06,36.23,31.34,1,1,1.0
441,14,635.1,128.69,60.7,53.84,1,1,1.0
441,15,459.45,31.8,28.89,37.7,1,1,1.0
441,16,660.05,218.22,96.4,84.67,1,1,1.0
442,11,545.3,46.24,27.45,31.09,1,1,1.0
442,12,616.5,68.99,33.3,34.03,1,1,1.0
442,13,433.03,66.79,35.49,31.09,1,1,1.0
442,14,634.15,126.97,60.45,53.12,1,1,1.0
442,15,458.71,32.29,28.9,36.96,1,1,1.0
442,16,659.1,214.31,94.95,83.2,1,1,1.0
443,11,545.55,45.99,26.45,30.85,1,1,1.0
443,12,616.5,68.01,32.8,33.79,1,1,1.0
443,13,433.03,67.53,34.76,30.84,1,1,1.0
443,14,633.15,125.26,60.2,52.37,1,1,1.0
443,15,457.98,32.78,28.89,36.23,1,1,1.0
443,16,658.1,210.4,93.5,81.73,1,1,1.0
444,11,545.8,45.75,25.5,30.6,1,1,1.0
444,12,616.5,67.04,32.35,33.53,1,1,1.0
444,13,433.03,68.26,34.03,30.6,1,1,1.0
444,14,632.15,123.55,60.0,51.64,1,1,1.0
444,15,457.25,33.27,28.89,35.5,1,1,1.0
444,16,657.15,206.49,92.0,80.26,1,1,1.0
445,11,546.05,45.5,24.5,30.36,1,1,1.0
445,12,616.5,66.06,31.85,33.3,1,1,1.0
445,13,433.03,68.99,33.29,30.36,1,1,1.0
445,14,631.2,121.83,59.7,50.92,1,1,1.0
445,15,456.51,33.76,28.89,34.76,1,1,1.0
445,16,656.15,202.57,90.55,78.8,1,1,1.0
445,17,648.8,415.42,199.15,125.58,1,1,1.0
446,11,546.05,45.02,25.0,31.09,1,1,1.0
446,12,616.5,66.54,31.6,32.07,1,1,1.0
446,13,432.3,68.99,34.02,31.58,1,1,1.0
446,14,629.7,120.36,59.5,50.67,1,1,1.0
446,15,456.02,34.25,29.63,35.0,1,1,1.0
446,16,655.65,199.88,88.85,76.84,1,1,1.0
446,17,645.15,405.14,193.75,125.76,1,1,1.0
447,11,546.05,44.53,25.45,31.82,1,1,1.0
447,12,616.5,67.04,31.35,30.84,1,1,1.0
447,13,431.56,68.99,34.76,32.81,1,1,1.0
447,14,628.25,118.9,59.25,50.42,1,1,1.0
447,15,455.54,34.74,30.35,35.25,1,1,1.0
447,16,655.15,197.19,87.15,74.88,1,1,1.0
447,17,641.45,394.86,188.4,130.19,1,1,1.0
448,11,546.05,44.04,25.95,32.56,1,1,1.0
448,12,616.5,67.53,31.1,29.62,1,1,1.0
448,13,430.82,68.99,35.5,34.03,1,1,1.0
448,14,626.8,117.43,58.95,50.17,1,1,1.0
448,15,455.05,35.23,31.09,35.49,1,1,1.0
448,16,654.7,194.5,85.4,72.92,1,1,1.0
448,17,637.8,384.58,183.0,134.57,1,1,1.0
449,11,546.05,43.55,26.45,33.29,1,1,1.0
449,12,616.5,68.01,30.85,28.4,1,1,1.0
449,13,430.09,68.99,36.23,35.25,1,1,1.0
449,14,625.3,115.97,58.75,49.93,1,1,1.0
449,15,454.56,35.72,31.82,35.74,1,1,1.0
449,16,654.2,191.81,83.7,70.96,1,1,1.0
449,17,634.15,374.31,177.6,138.99,1,1,1.0
450,11,546.05,43.06,26.95,34.03,1,1,1.0
450,12,616.5,68.5,30.6,27.18,1,1,1.0
450,13,429.36,68.99,36.96,36.48,1,1,1.0
450,14,623.85,114.5,58.5,49.68,1,1,1.0
450,15,454.07,36.21,32.56,35.99,1,1,1.0
450,16,653.7,189.12,82.0,69.01,1,1,1.0
450,17,630.45,364.04,172.25,143.36,1,1,1.0
451,11,546.05,42.57,27.45,34.76,1,1,1.0
451,12,616.5,68.99,30.35,25.96,1,1,1.0
451,13,428.63,68.99,37.69,37.7,1,1,1.0
451,14,622.4,113.03,58.25,49.44,1,1,1.0
451,15,453.58,36.7,33.29,36.23,1,1,1.0
451,16,653.2,186.42,80.3,67.05,1,1,1.0
451,17,626.8,353.76,166.85,147.79,1,1,1.0
452,11,545.8,42.08,27.2,34.52,1,1,1.0
452,12,616.0,68.01,30.4,26.69,1,1,1.0
452,13,428.13,69.72,37.94,37.46,1,1,1.0
452,14,622.4,112.79,57.25,48.21,1,1,1.0
452,15,454.07,36.7,32.07,36.23,1,1,1.0
452,16,652.25,183.24,79.05,66.33,1,1,1.0
452,17,624.6,344.95,161.95,144.12,1,1,1.0
453,11,545.55,41.59,26.95,34.27,1,1,1.0
453,12,615.55,67.04,30.35,27.42,1,1,1.0
453,13,427.64,70.46,38.19,37.21,1,1,1.0
453,14,622.4,112.54,56.3,46.99,1,1,1.0
453,15,454.56,36.7,30.84,36.23,1,1,1.0
453,16,651.25,180.06,77.8,65.59,1,1,1.0
453,17,622.4,336.14,157.05,140.46,1,1,1.0
454,11,545.3,41.1,26.7,34.03,1,1,1.0
454,12,615.05,66.06,30.35,28.16,1,1,1.0
454,13,427.15,71.19,38.43,36.97,1,1,1.0
454,14,622.4,112.3,55.3,45.77,1,1,1.0
454,15,455.05,36.7,29.62,36.23,1,1,1.0
454,16,650.3,176.88,76.55,64.86,1,1,1.0
454,17,620.2,327.34,152.2,136.78,1,1,1.0
455,11,545.1,40.61,26.4,33.78,1,1,1.0
455,12,614.55,65.08,30.35,28.89,1,1,1.0
455,13,426.67,71.92,38.68,36.72,1,1,1.0
455,14,622.4,112.05,54.3,44.55,1,1,1.0
455,15,455.54,36.7,28.4,36.23,1,1,1.0
455,16,649.3,173.7,75.35,64.12,1,1,1.0
455,17,618.0,318.53,147.3,133.11,1,1,1.0
456,11,544.85,40.12,26.2,33.54,1,1,1.0
456,12,614.05,64.1,30.4,29.62,1,1,1.0
456,13,426.18,72.66,38.92,36.48,1,1,1.0
456,14,622.4,111.81,53.35,43.32,1,1,1.0
456,15,456.02,36.7,27.18,36.23,1,1,1.0
456,16,648.3,170.52,74.15,63.39,1,1,1.0
456,17,615.8,309.73,142.4,129.44,1,1,1.0
457,11,544.6,39.63,25.95,33.29,1,1,1.0
457,12,613.6,63.12,30.35,30.36,1,1,1.0
457,13,425.69,73.4,39.17,36.24,1,1,1.0
457,14,622.4,111.56,52.35,42.1,1,1,1.0
457,15,456.51,36.7,25.96,36.23,1,1,1.0
457,16,647.35,167.34,72.9,62.65,1,1,1.0
457,17,613.6,300.92,137.5,125.77,1,1,1.0
458,11,544.85,40.37,24.95,32.56,1,1,1.0
458,12,614.05,63.61,29.65,29.38,1,1,1.0
458,13,424.95,74.13,39.17,35.25,1,1,1.0
458,14,621.15,110.58,51.9,41.86,1,1,1.0
458,15,456.02,37.68,26.93,36.47,1,1,1.0
458,16,646.6,165.14,72.2,62.16,1,1,1.0
458,17,611.6,294.07,134.1,122.83,1,1,1.0
458,26,921.6,200.53,39.4,164.2,1,1,1.0
459,11,545.1,41.1,23.95,31.82,1,1,1.0
459,12,614.55,64.1,28.9,28.4,1,1,1.0
459,13,424.22,74.86,39.16,34.28,1,1,1.0
459,14,619.95,109.6,51.4,41.62,1,1,1.0
459,15,455.54,38.65,27.9,36.72,1,1,1.0
459,16,645.85,162.94,71.5,61.67,1,1,1.0
459,17,609.65,287.21,130.7,119.91,1,1,1.0
459,26,919.29,198.84,41.71,165.8,1,1,1.0
460,11,545.3,41.84,23.05,31.09,1,1,1.0
460,12,615.05,64.58,28.15,27.42,1,1,1.0
460,13,423.49,75.6,39.16,33.3,1,1,1.0
460,14,618.7,108.63,50.9,41.36,1,1,1.0
460,15,455.05,39.63,28.89,36.96,1,1,1.0
460,16,645.15,160.74,70.7,61.17,1,1,1.0
460,17,607.7,280.37,127.25,116.96,1,1,1.0
460,26,916.98,197.16,44.02,167.4,1,1,1.0
461,11,545.55,42.57,22.05,30.36,1,1,1.0
461,12,615.55,65.08,27.4,26.44,1,1,1.0
461,13,422.75,76.33,39.17,32.32,1,1,1.0
461,14,617.5,107.65,50.4,41.12,1,1,1.0
461,15,454.56,40.61,29.87,37.21,1,1,1.0
461,16,644.4,158.53,70.0,60.69,1,1,1.0
461,17,605.75,273.51,123.8,114.04,1,1,1.0
461,26,914.67,195.47,46.33,169.0,1,1,1.0
462,11,545.8,43.3,21.05,29.62,1,1,1.0
462,12,616.0,65.56,26.7,25.46,1,1,1.0
462,13,422.02,77.06,39.17,31.34,1,1,1.0
462,14,616.25,106.67,49.95,40.87,1,1,1.0
462,15,454.07,41.59,30.85,37.46,1,1,1.0
462,16,643.65,156.33,69.3,60.21,1,1,1.0
462,17,603.8,266.67,120.4,111.09,1,1,1.0
462,26,912.36,193.78,48.64,170.6,1,1,1.0
463,11,546.05,44.04,20.1,28.89,1,1,1.0
463,12,616.5,66.06,25.95,24.48,1,1,1.0
463,13,421.29,77.8,39.16,30.36,1,1,1.0
463,14,615.05,105.69,49.45,40.63,1,1,1.0
463,15,453.58,42.57,31.82,37.7,1,1,1.0
463,16,642.95,154.13,68.5,59.72,1,1,1.0
463,17,601.85,259.82,116.95,108.15,1,1,1.0
463,18,841.1,391.93,119.9,133.12,1,1,1.0
463,26,910.04,192.09,50.96,172.2,1,1,1.0
464,11,545.8,43.79,20.6,28.4,1,1,1.0
464,12,616.25,65.32,25.95,24.24,1,1,1.0
464,13,421.04,78.04,38.67,31.58,1,1,1.0
464,14,615.05,104.47,48.7,41.12,1,1,1.0
464,15,453.09,42.81,31.58,38.19,1,1,1.0
464,16,642.45,152.41,67.3,58.99,1,1,1.0
464,17,601.1,254.93,113.8,105.7,1,1,1.0
464,18,833.5,381.65,127.5,133.85,1,1,1.0
464,26,907.73,190.4,53.27,173.8,1,1,1.0
465,11,545.55,43.55,21.1,27.91,1,1,1.0
465,12,616.0,64.58,26.0,24.0,1,1,1.0
465,13,420.8,78.28,38.18,32.8,1,1,1.0
465,14,615.05,103.24,47.95,41.61,1,1,1.0
465,15,452.6,43.06,31.34,38.68,1,1,1.0
465,16,641.95,150.71,66.1,58.24,1,1,1.0
465,17,600.35,250.03,110.6,103.27,1,1,1.0
465,18,825.95,371.38,135.05,134.57,1,1,1.0
465,26,905.42,188.71,55.58,175.4,1,1,1.0
466,11,545.3,43.3,21.55,27.42,1,1,1.0
466,12,615.8,63.86,25.95,23.75,1,1,1.0
466,13,420.55,78.53,37.7,34.03,1,1,1.0
466,14,615.05,102.02,47.25,42.1,1,1,1.0
466,15,452.11,43.3,31.09,39.17,1,1,1.0
466,16,641.45,148.99,64.85,57.52,1,1,1.0
466,17,599.65,245.14,107.4,100.81,1,1,1.0
466,18,818.35,361.1,142.65,135.32,1,1,1.0
466,26,903.11,187.02,57.89,177.0,1,1,1.0
467,11,545.1,43.06,22.0,26.93,1,1,1.0
467,12,615.55,63.12,25.95,23.5,1,1,1.0
467,13,420.31,78.78,37.2,35.26,1,1,1.0
467,14,615.05,100.8,46.5,42.58,1,1,1.0
467,15,451.62,43.55,30.85,39.65,1,1,1.0
467,16,641.0,147.28,63.6,56.78,1,1,1.0
467,17,598.9,240.25,104.25,98.37,1,1,1.0
467,18,810.75,350.82,150.25,136.05,1,1,1.0
467,26,900.8,185.33,60.2,178.6,1,1,1.0
468,11,544.85,42.81,22.5,26.44,1,1,1.0
468,12,615.3,62.38,25.95,23.26,1,1,1.0
468,13,420.06,79.02,36.72,36.48,1,1,1.0
468,14,615.05,99.57,45.75,43.08,1,1,1.0
468,15,451.13,43.79,30.61,40.14,1,1,1.0
468,16,640.5,145.57,62.4,56.04,1,1,1.0
468,17,598.15,235.35,101.1,95.92,1,1,1.0
468,18,803.2,340.55,145.8,136.78,1,1,1.0
468,26,898.49,183.64,62.51,180.2,1,1,1.0
469,11,544.6,42.57,23.0,25.96,1,1,1.0
469,12,615.05,61.65,25.95,23.02,1,1,1.0
469,13,419.82,79.26,36.23,37.7,1,1,1.0
469,14,615.05,98.35,45.05,43.56,1,1,1.0
469,15,450.64,44.04,30.36,40.63,1,1,1.0
469,16,640.0,143.85,61.2,55.31,1,1,1.0
469,17,597.45,230.46,97.85,93.48,1,1,1.0
469,18,795.6,330.27,152.2,137.52,1,1,1.0
469,26,896.18,181.96,64.82,181.8,1,1,1.0
470,11,544.35,42.08,23.25,26.44,1,1,1.0
470,12,615.05,60.68,25.7,23.75,1,1,1.0
470,13,418.6,79.76,36.47,37.7,1,1,1.0
470,14,613.6,97.37,45.25,42.59,1,1,1.0
470,15,450.4,43.55,30.36,41.12,1,1,1.0
470,16,639.5,142.38,60.7,54.59,1,1,1.0
470,17,595.25,226.54,97.35,91.77,1,1,1.0
470,18,789.95,324.16,150.25,132.38,1,1,1.0
470,26,893.87,180.27,67.13,183.4,1,1,1.0
471,11,544.1,41.59,23.5,26.94,1,1,1.0
471,12,615.05,59.7,25.45,24.48,1,1,1.0
471,13,417.37,80.24,36.72,37.7,1,1,1.0
471,14,612.1,96.39,45.55,41.62,1,1,1.0
471,15,450.15,43.06,30.36,41.61,1,1,1.0
471,16,639.0,140.91,60.25,53.85,1,1,1.0
471,17,593.05,222.63,96.9,90.05,1,1,1.0
471,18,784.35,318.05,148.25,127.23,1,1,1.0
471,26,892.21,178.93,68.79,184.47,1,1,1.0
472,11,543.85,41.1,23.75,27.42,1,1,1.0
472,12,615.05,58.72,25.2,25.22,1,1,1.0
472,13,416.14,80.74,36.97,37.7,1,1,1.0
472,14,610.65,95.42,45.75,40.62,1,1,1.0
472,15,449.91,42.57,30.35,42.1,1,1,1.0
472,16,638.55,139.45,59.7,53.11,1,1,1.0
472,17,590.85,218.72,96.4,88.34,1,1,1.0
472,18,778.7,311.93,146.35,122.1,1,1,1.0
472,26,890.56,177.6,70.44,185.53,1,1,1.0
473,11,543.6,40.61,24.0,27.91,1,1,1.0
473,12,615.05,57.74,24.95,25.96,1,1,1.0
473,13,414.93,81.22,37.2,37.7,1,1,1.0
473,14,609.15,94.44,46.05,39.66,1,1,1.0
473,15,449.67,42.08,30.35,42.59,1,1,1.0
473,16,638.05,137.98,59.2,52.38,1,1,1.0
473,17,588.6,214.8,95.95,86.63,1,1,1.0
473,18,773.1,305.81,144.35,116.96,1,1,1.0
473,26,888.91,176.27,72.09,186.6,1,1,1.0
474,11,543.35,40.12,24.25,28.4,1,1,1.0
474,12,615.05,56.76,24.75,26.68,1,1,1.0
474,13,413.7,81.72,37.45,37.7,1,1,1.0
474,14,607.7,93.46,46.25,38.67,1,1,1.0
474,15,449.42,41.59,30.35,43.08,1,1,1.0
474,16,637.55,136.51,58.75,51.65,1,1,1.0
474,17,586.4,210.88,95.45,84.92,1,1,1.0
474,18,767.45,299.69,142.4,111.83,1,1,1.0
474,26,887.25,174.93,73.75,187.67,1,1,1.0
475,11,543.1,39.63,24.5,28.89,1,1,1.0
475,12,615.05,55.78,24.5,27.42,1,1,1.0
475,13,412.48,82.2,37.7,37.7,1,1,1.0
475,14,606.25,92.48,46.5,37.7,1,1,1.0
475,15,449.18,41.1,30.35,43.57,1,1,1.0
475,16,637.05,135.04,58.25,50.92,1,1,1.0
475,17,584.2,206.97,94.95,83.21,1,1,1.0
475,18,761.85,293.58,140.45,106.68,1,1,1.0
475,26,885.6,173.6,75.4,188.73,1,1,1.0
476,11,543.35,39.39,24.5,28.4,1,1,1.0
476,12,614.8,56.02,25.2,26.2,1,1,1.0
476,13,411.99,83.18,38.68,37.46,1,1,1.0
476,14,606.25,91.99,45.75,37.45,1,1,1.0
476,15,448.69,41.84,30.84,44.06,1,1,1.0
476,16,636.1,133.58,57.75,49.68,1,1,1.0
476,17,584.2,203.31,92.25,80.75,1,1,1.0
476,18,756.95,287.95,138.5,104.98,1,1,1.0
476,26,883.95,172.27,77.05,189.8,1,1,1.0
477,11,543.6,39.14,24.5,27.91,1,1,1.0
477,12,614.55,56.27,25.95,24.98,1,1,1.0
477,13,411.5,84.16,39.65,37.2,1,1,1.0
477,14,606.25,91.5,45.05,37.21,1,1,1.0
477,15,448.19,42.57,31.34,44.55,1,1,1.0
477,16,635.1,132.11,57.3,48.46,1,1,1.0
477,17,584.2,199.63,89.6,78.31,1,1,1.0
477,18,752.05,282.32,136.55,103.26,1,1,1.0
477,26,882.29,170.93,78.71,190.87,1,1,1.0
478,11,543.85,38.9,24.5,27.42,1,1,1.0
478,12,614.3,56.52,26.7,23.75,1,1,1.0
478,13,411.01,85.14,40.63,36.96,1,1,1.0
478,14,606.25,91.01,44.3,36.96,1,1,1.0
478,15,447.7,43.3,31.83,45.04,1,1,1.0
478,16,634.15,130.64,56.75,47.24,1,1,1.0
478,17,584.2,195.97,86.9,75.85,1,1,1.0
478,18,747.15,276.69,134.6,101.56,1,1,1.0
478,26,880.64,169.6,80.36,191.93,1,1,1.0
479,11,544.1,38.65,24.5,26.93,1,1,1.0
479,12,614.05,56.76,27.45,22.52,1,1,1.0
479,13,410.52,86.12,41.61,36.72,1,1,1.0
479,14,606.25,90.52,43.55,36.72,1,1,1.0
479,15,447.21,44.04,32.32,45.53,1,1,1.0
479,16,633.15,129.18,56.3,46.01,1,1,1.0
479,17,584.2,192.29,84.2,73.42,1,1,1.0
479,18,742.25,271.07,132.65,99.84,1,1,1.0
479,26,878.99,168.27,82.01,193.0,1,1,1.0
480,11,544.35,38.41,24.5,26.44,1,1,1.0
480,12,613.8,57.0,28.2,21.3,1,1,1.0
480,13,410.03,87.1,42.59,36.48,1,1,1.0
480,14,606.25,90.03,42.8,36.48,1,1,1.0
480,15,446.73,44.77,32.8,46.02,1,1,1.0
480,16,632.15,127.71,55.8,44.79,1,1,1.0
480,17,584.2,188.63,81.5,70.97,1,1,1.0
480,18,737.35,265.44,130.7,98.13,1,1,1.0
480,26,877.33,166.93,83.67,194.07,1,1,1.0
481,11,544.6,38.16,24.45,25.96,1,1,1.0
481,12,613.6,57.25,28.85,20.08,1,1,1.0
481,13,409.54,88.08,43.57,36.24,1,1,1.0
481,14,606.25,89.54,42.1,36.23,1,1,1.0
481,15,446.24,45.5,33.29,46.5,1,1,1.0
481,16,631.2,126.24,55.3,43.57,1,1,1.0
481,17,584.2,184.96,78.8,68.51,1,1,1.0
481,18,732.5,259.82,128.7,96.41,1,1,1.0
481,26,875.68,165.6,85.32,195.13,1,1,1.0
482,11,544.35,37.43,24.5,25.71,1,1,1.0
482,12,613.35,56.52,28.4,20.57,1,1,1.0
482,13,409.05,88.56,42.83,37.46,1,1,1.0
482,14,605.5,87.83,42.1,36.72,1,1,1.0
482,15,446.0,44.53,33.53,48.22,1,1,1.0
482,16,630.95,125.02,54.35,43.32,1,1,1.0
482,17,583.75,181.78,77.3,68.27,1,1,1.0
482,18,728.55,255.17,126.05,95.43,1,1,1.0
482,26,874.03,164.27,86.97,196.2,1,1,1.0
483,11,544.1,36.7,24.5,25.46,1,1,1.0
483,12,613.1,55.78,27.9,21.06,1,1,1.0
483,13,408.57,89.05,42.1,38.68,1,1,1.0
483,14,604.75,86.12,42.1,37.22,1,1,1.0
483,15,445.75,43.55,33.78,49.93,1,1,1.0
483,16,630.7,123.79,53.35,43.08,1,1,1.0
483,17,583.25,178.6,75.85,68.03,1,1,1.0
483,18,724.65,250.52,123.3,94.46,1,1,1.0
483,26,872.37,162.93,88.63,197.27,1,1,1.0
484,11,543.85,35.96,24.5,25.22,1,1,1.0
484,12,612.85,55.04,27.4,21.55,1,1,1.0
484,13,408.07,89.54,41.37,39.9,1,1,1.0
484,14,604.05,84.4,42.1,37.7,1,1,1.0
484,15,445.51,42.57,34.02,51.64,1,1,1.0
484,16,630.45,122.57,52.4,42.84,1,1,1.0
484,17,582.75,175.41,74.4,67.79,1,1,1.0
484,18,720.75,245.87,120.6,93.48,1,1,1.0
484,26,870.72,161.6,90.28,198.33,1,1,1.0
485,11,543.6,35.23,24.5,24.98,1,1,1.0
485,12,612.6,54.31,26.95,22.04,1,1,1.0
485,13,407.58,90.03,40.63,41.13,1,1,1.0
485,14,603.3,82.69,42.1,38.19,1,1,1.0
485,15,445.26,41.59,34.27,53.36,1,1,1.0
485,16,630.2,121.35,51.4,42.59,1,1,1.0
485,17,582.25,172.23,72.95,67.55,1,1,1.0
485,18,716.8,241.22,117.95,92.5,1,1,1.0
485,26,869.07,160.27,91.93,199.4,1,1,1.0
486,11,543.35,34.5,24.5,24.73,1,1,1.0
486,12,612.35,53.58,26.45,22.52,1,1,1.0
486,13,407.1,90.52,39.9,42.35,1,1,1.0
486,14,602.55,80.98,42.1,38.68,1,1,1.0
486,15,445.01,40.61,34.52,55.07,1,1,1.0
486,16,629.95,120.12,50.45,42.35,1,1,1.0
486,17,581.75,169.05,71.5,67.3,1,1,1.0
486,18,712.9,236.57,115.25,91.53,1,1,1.0
486,26,867.41,158.93,93.59,200.47,1,1,1.0
487,11,543.1,33.76,24.5,24.49,1,1,1.0
487,12,612.1,52.84,25.95,23.02,1,1,1.0
487,13,406.61,91.01,39.16,43.57,1,1,1.0
487,14,601.85,79.26,42.1,39.16,1,1,1.0
487,15,444.77,39.63,34.76,56.78,1,1,1.0
487,16,629.7,118.9,49.45,42.1,1,1,1.0
487,17,581.3,165.87,70.0,67.06,1,1,1.0
487,18,709.0,231.93,112.55,90.54,1,1,1.0
487,26,865.76,157.6,95.24,201.53,1,1,1.0
488,11,542.85,33.76,24.5,24.97,1,1,1.0
488,12,611.85,52.36,26.2,24.0,1,1,1.0
488,13,405.38,91.26,40.63,44.06,1,1,1.0
488,14,601.35,78.78,42.1,38.68,1,1,1.0
488,15,444.28,40.86,34.77,55.56,1,1,1.0
488,16,628.5,117.19,49.45,41.61,1,1,1.0
488,17,580.05,163.67,70.25,65.34,1,1,1.0
488,18,706.3,228.75,109.85,88.09,1,1,1.0
488,26,864.11,156.27,96.89,202.6,1,1,1.0
489,11,542.65,33.76,24.45,25.46,1,1,1.0
489,12,611.6,51.86,26.45,24.98,1,1,1.0
489,13,404.16,91.5,42.1,44.54,1,1,1.0
489,14,600.85,78.28,42.1,38.18,1,1,1.0
489,15,443.79,42.08,34.77,54.34,1,1,1.0
489,16,627.3,115.47,49.4,41.13,1,1,1.0
489,17,578.85,161.47,70.45,63.63,1,1,1.0
489,18,703.6,225.57,107.2,85.64,1,1,1.0
489,26,862.45,154.93,98.55,203.67,1,1,1.0
490,11,542.4,33.76,24.45,25.95,1,1,1.0
490,12,611.4,51.38,26.65,25.96,1,1,1.0
490,13,402.94,91.74,43.57,45.04,1,1,1.0
490,14,600.35,77.8,42.1,37.7,1,1,1.0
490,15,443.31,43.3,34.76,53.11,1,1,1.0
490,16,626.05,113.76,49.45,40.64,1,1,1.0
490,17,577.6,159.26,70.75,61.93,1,1,1.0
490,18,700.9,222.38,104.5,83.2,1,1,1.0
490,26,860.8,153.6,100.2,204.73,1,1,1.0
491,11,542.15,33.76,24.5,26.44,1,1,1.0
491,12,611.15,50.88,26.9,26.94,1,1,1.0
491,13,401.71,91.99,45.04,45.52,1,1,1.0
491,14,599.9,77.31,42.1,37.21,1,1,1.0
491,15,442.82,44.53,34.75,51.89,1,1,1.0
491,16,624.85,112.05,49.4,40.14,1,1,1.0
491,17,576.4,157.07,70.95,60.2,1,1,1.0
491,18,698.25,219.21,101.75,80.75,1,1,1.0
491,26,858.77,153.6,102.23,205.48,1,1,1.0
492,11,541.9,33.76,24.5,26.93,1,1,1.0
492,12,610.9,50.4,27.15,27.91,1,1,1.0
492,13,400.49,92.23,46.51,46.02,1,1,1.0
492,14,599.4,76.82,42.1,36.72,1,1,1.0
492,15,442.32,45.75,34.76,50.67,1,1,1.0
492,16,623.6,110.33,49.45,39.66,1,1,1.0
492,17,575.15,154.86,71.25,58.49,1,1,1.0
492,18,695.55,216.03,99.1,78.3,1,1,1.0
492,26,856.75,153.6,104.25,206.23,1,1,1.0
493,11,541.65,33.76,24.5,27.42,1,1,1.0
493,12,610.65,49.91,27.4,28.89,1,1,1.0
493,13,399.26,92.48,47.98,46.5,1,1,1.0
493,14,598.9,76.33,42.1,36.23,1,1,1.0
493,15,441.83,46.97,34.77,49.44,1,1,1.0
493,16,622.4,108.63,49.45,39.16,1,1,1.0
493,17,573.95,152.66,71.45,56.78,1,1,1.0
493,18,692.85,212.85,96.4,75.85,1,1,1.0
493,26,854.72,153.6,106.28,206.97,1,1,1.0
494,11,542.15,33.76,23.5,26.93,1,1,1.0
494,12,610.4,49.91,27.15,27.42,1,1,1.0
494,13,398.53,93.94,47.24,46.5,1,1,1.0
494,14,598.65,76.58,41.35,35.26,1,1,1.0
494,15,441.59,47.46,35.25,49.93,1,1,1.0
494,16,621.4,107.65,49.7,39.16,1,1,1.0
494,17,573.95,150.46,69.5,57.27,1,1,1.0
494,18,690.9,209.42,94.95,75.13,1,1,1.0
494,26,852.69,153.6,108.31,207.72,1,1,1.0
495,11,542.65,33.76,22.5,26.44,1,1,1.0
495,12,610.15,49.91,26.95,25.95,1,1,1.0
495,13,397.8,95.42,46.51,46.5,1,1,1.0
495,14,598.4,76.82,40.65,34.27,1,1,1.0
495,15,441.35,47.95,35.73,50.42,1,1,1.0
495,16,620.45,106.67,49.9,39.16,1,1,1.0
495,17,573.95,148.26,67.55,57.75,1,1,1.0
495,18,688.95,206.0,93.45,74.39,1,1,1.0
495,26,850.67,153.6,110.33,208.47,1,1,1.0
496,11,543.1,33.76,21.55,25.95,1,1,1.0
496,12,609.9,49.91,26.7,24.49,1,1,1.0
496,13,397.07,96.88,45.76,46.5,1,1,1.0
496,14,598.15,77.06,39.9,33.3,1,1,1.0
496,15,441.1,48.44,36.23,50.91,1,1,1.0
496,16,619.45,105.69,50.15,39.16,1,1,1.0
496,17,573.95,146.06,65.6,58.25,1,1,1.0
496,18,686.95,202.57,92.05,73.66,1,1,1.0
496,26,848.64,153.6,112.36,209.21,1,1,1.0
497,11,543.6,33.76,20.6,25.46,1,1,1.0
497,12,609.65,49.91,26.45,23.02,1,1,1.0
497,13,396.33,98.35,45.04,46.5,1,1,1.0
497,14,597.9,77.31,39.2,32.32,1,1,1.0
497,15,440.86,48.93,36.71,51.4,1,1,1.0
497,16,618.45,104.71,50.45,39.17,1,1,1.0
497,17,573.95,143.85,63.6,58.74,1,1,1.0
497,18,685.0,199.15,90.55,72.92,1,1,1.0
497,26,846.61,153.6,114.39,209.96,1,1,1.0
498,11,544.1,33.76,19.6,24.97,1,1,1.0
498,12,609.4,49.91,26.2,21.55,1,1,1.0
498,13,395.6,99.82,44.3,46.5,1,1,1.0
498,14,597.7,77.56,38.4,31.34,1,1,1.0
498,15,440.61,49.42,37.21,51.89,1,1,1.0
498,16,617.5,103.73,50.65,39.17,1,1,1.0
498,17,573.95,141.65,61.65,59.23,1,1,1.0
498,18,683.05,195.72,89.1,72.19,1,1,1.0
498,26,844.59,153.6,116.41,210.71,1,1,1.0
499,11,544.6,33.76,18.6,24.49,1,1,1.0
499,12,609.15,49.91,26.0,20.08,1,1,1.0
499,13,394.86,101.29,43.57,46.5,1,1,1.0
499,14,597.45,77.8,37.7,30.36,1,1,1.0
499,15,440.37,49.91,37.7,52.38,1,1,1.0
499,16,616.5,102.75,50.9,39.16,1,1,1.0
499,17,573.95,139.45,59.7,59.71,1,1,1.0
499,18,681.1,192.29,87.6,71.46,1,1,1.0
499,26,842.56,153.6,118.44,211.45,1,1,1.0
500,11,544.1,33.76,19.85,24.24,1,1,1.0
500,12,609.65,49.91,25.5,20.08,1,1,1.0
500,13,393.88,102.75,43.81,47.73,1,1,1.0
500,14,597.45,76.82,37.2,31.09,1,1,1.0
500,15,440.61,50.88,36.96,52.14,1,1,1.0
500,16,616.25,102.27,50.2,38.92,1,1,1.0
500,17,572.95,138.22,59.75,58.75,1,1,1.0
500,18,679.4,190.09,85.65,70.23,1,1,1.0
500,26,840.53,153.6,120.47,212.2,1,1,1.0
501,11,543.6,33.76,21.05,24.0,1,1,1.0
501,12,610.15,49.91,25.0,20.08,1,1,1.0
501,13,392.9,104.22,44.06,48.95,1,1,1.0
501,14,597.45,75.84,36.7,31.83,1,1,1.0
501,15,440.86,51.86,36.22,51.88,1,1,1.0
501,16,616.0,101.78,49.45,38.67,1,1,1.0
501,17,572.0,137.01,59.7,57.75,1,1,1.0
501,18,677.7,187.89,83.65,69.01,1,1,1.0
501,26,840.46,153.21,120.54,212.27,1,1,1.0
502,11,543.1,33.76,22.3,23.75,1,1,1.0
502,12,610.65,49.91,24.5,20.08,1,1,1.0
502,13,391.93,105.69,44.3,50.17,1,1,1.0
502,14,597.45,74.86,36.2,32.56,1,1,1.0
502,15,441.1,52.84,35.5,51.64,1,1,1.0
502,16,615.8,101.29,48.7,38.43,1,1,1.0
502,17,571.0,135.78,59.7,56.78,1,1,1.0
502,18,675.95,185.69,81.75,67.78,1,1,1.0
502,26,840.39,152.82,120.61,212.34,1,1,1.0
503,11,542.65,33.76,23.5,23.51,1,1,1.0
503,12,611.15,49.91,24.0,20.08,1,1,1.0
503,13,390.95,107.16,44.55,51.4,1,1,1.0
503,14,597.45,73.89,35.7,33.3,1,1,1.0
503,15,441.35,53.82,34.76,51.4,1,1,1.0
503,16,615.55,100.8,47.95,38.18,1,1,1.0
503,17,570.05,134.56,59.7,55.8,1,1,1.0
503,18,674.25,183.49,79.8,66.56,1,1,1.0
503,26,840.32,152.43,120.68,212.41,1,1,1.0
504,11,542.15,33.76,24.7,23.26,1,1,1.0
504,12,611.6,49.91,23.55,20.08,1,1,1.0
504,13,389.97,108.63,44.79,52.62,1,1,1.0
504,14,597.45,72.9,35.25,34.03,1,1,1.0
504,15,441.59,54.8,34.03,51.16,1,1,1.0
504,16,615.3,100.31,47.25,37.94,1,1,1.0
504,17,569.05,133.34,59.7,54.82,1,1,1.0
504,18,672.55,181.29,77.8,65.34,1,1,1.0
504,26,840.25,152.04,120.75,212.48,1,1,1.0
505,11,541.65,33.76,25.95,23.02,1,1,1.0
505,12,612.1,49.91,23.05,20.08,1,1,1.0
505,13,388.99,110.09,45.04,53.85,1,1,1.0
505,14,597.45,71.92,34.75,34.76,1,1,1.0
505,15,441.83,55.78,33.3,50.91,1,1,1.0
505,16,615.05,99.82,46.5,37.7,1,1,1.0
505,17,568.05,132.11,59.75,53.85,1,1,1.0
505,18,670.85,179.09,75.85,64.11,1,1,1.0
505,26,840.18,151.64,120.82,212.56,1,1,1.0
506,11,541.9,33.76,24.75,23.26,1,1,1.0
506,12,611.4,49.42,22.75,20.33,1,1,1.0
506,13,388.01,110.83,45.53,53.6,1,1,1.0
506,14,596.7,71.68,35.0,34.03,1,1,1.0
506,15,440.61,55.54,34.27,51.88,1,1,1.0
506,16,614.55,99.08,45.8,37.2,1,1,1.0
506,17,567.6,130.64,58.5,52.62,1,1,1.0
506,18,669.1,176.39,75.15,63.87,1,1,1.0
506,26,840.11,151.25,120.89,212.63,1,1,1.0
507,11,542.15,33.76,23.5,23.51,1,1,1.0
507,12,610.65,48.93,22.5,20.57,1,1,1.0
507,13,387.04,111.56,46.01,53.35,1,1,1.0
507,14,595.95,71.44,35.25,33.3,1,1,1.0
507,15,439.39,55.29,35.25,52.87,1,1,1.0
507,16,614.05,98.35,45.05,36.72,1,1,1.0
507,17,567.1,129.18,57.25,51.39,1,1,1.0
507,18,667.4,173.7,74.4,63.63,1,1,1.0
507,26,840.04,150.86,120.96,212.7,1,1,1.0
508,11,542.4,33.76,22.25,23.75,1,1,1.0
508,12,609.9,48.44,22.3,20.81,1,1,1.0
508,13,386.06,112.3,46.5,53.11,1,1,1.0
508,14,595.25,71.19,35.45,32.56,1,1,1.0
508,15,438.17,55.04,36.22,53.84,1,1,1.0
508,16,613.6,97.62,44.3,36.24,1,1,1.0
508,17,566.6,127.71,56.05,50.17,1,1,1.0
508,18,665.7,171.01,73.65,63.39,1,1,1.0
508,26,839.96,150.47,121.04,212.77,1,1,1.0
509,11,542.65,33.76,21.05,24.0,1,1,1.0
509,12,609.15,47.95,22.05,21.06,1,1,1.0
509,13,385.07,113.03,47.0,52.87,1,1,1.0
509,14,594.5,70.95,35.75,31.83,1,1,1.0
509,15,436.94,54.8,37.21,54.83,1,1,1.0
509,16,613.1,96.88,43.55,35.74,1,1,1.0
509,17,566.1,126.24,54.85,48.95,1,1,1.0
509,18,664.0,168.32,72.9,63.14,1,1,1.0
509,26,839.89,150.08,121.11,212.84,1,1,1.0
510,11,542.85,33.76,19.85,24.24,1,1,1.0
510,12,608.45,47.46,21.8,21.31,1,1,1.0
510,13,384.1,113.76,47.48,52.62,1,1,1.0
510,14,593.75,70.7,36.0,31.1,1,1,1.0
510,15,435.72,54.56,38.18,55.8,1,1,1.0
510,16,612.6,96.14,42.85,35.26,1,1,1.0
510,17,565.65,124.77,53.6,47.73,1,1,1.0
510,18,662.25,165.63,72.2,62.9,1,1,1.0
510,26,839.82,149.69,121.18,212.91,1,1,1.0
511,11,543.1,33.76,18.65,24.49,1,1,1.0
511,12,607.7,46.97,21.55,21.55,1,1,1.0
511,13,383.12,114.5,47.97,52.37,1,1,1.0
511,14,593.05,70.46,36.2,30.36,1,1,1.0
511,15,434.5,54.31,39.16,56.78,1,1,1.0
511,16,612.1,95.42,42.1,34.76,1,1,1.0
511,17,565.15,123.31,52.35,46.5,1,1,1.0
511,18,660.55,162.94,71.45,62.65,1,1,1.0
511,26,839.75,149.3,121.25,212.98,1,1,1.0
512,12,607.7,46.48,21.55,21.31,1,1,1.0
512,13,381.16,115.97,49.44,53.1,1,1,1.0
512,14,593.25,70.22,35.5,29.87,1,1,1.0
512,15,433.76,54.31,39.9,56.54,1,1,1.0
512,16,611.6,94.68,41.9,34.27,1,1,1.0
512,17,564.65,121.59,52.6,46.26,1,1,1.0
512,18,659.8,161.96,70.75,61.18,1,1,1.0
512,26,839.68,148.91,121.32,213.05,1,1,1.0
513,12,607.7,45.99,21.55,21.06,1,1,1.0
513,13,379.2,117.43,50.92,53.85,1,1,1.0
513,14,593.5,69.97,34.8,29.38,1,1,1.0
513,15,433.03,54.31,40.63,56.29,1,1,1.0
513,16,611.15,93.94,41.6,33.78,1,1,1.0
513,17,564.15,119.88,52.85,46.02,1,1,1.0
513,18,659.1,160.98,69.95,59.71,1,1,1.0
513,26,839.61,148.52,121.39,213.12,1,1,1.0
514,12,607.7,45.5,21.55,20.82,1,1,1.0
514,13,377.25,118.9,52.38,54.57,1,1,1.0
514,14,593.75,69.72,34.05,28.89,1,1,1.0
514,15,432.3,54.31,41.36,56.05,1,1,1.0
514,16,610.65,93.21,41.35,33.3,1,1,1.0
514,17,563.65,118.17,53.15,45.77,1,1,1.0
514,18,658.35,160.0,69.25,58.25,1,1,1.0
514,26,839.54,148.12,121.46,213.2,1,1,1.0
515,12,607.7,45.02,21.55,20.57,1,1,1.0
515,13,375.29,120.36,53.84,55.32,1,1,1.0
515,14,594.0,69.48,33.3,28.4,1,1,1.0
515,15,431.56,54.31,42.1,55.8,1,1,1.0
515,16,610.15,92.48,41.15,32.8,1,1,1.0
515,17,563.2,116.46,53.35,45.52,1,1,1.0
515,18,657.6,159.02,68.55,56.78,1,1,1.0
515,26,839.47,147.73,121.53,213.27,1,1,1.0
516,12,607.7,44.53,21.55,20.33,1,1,1.0
516,13,373.33,121.83,55.31,56.05,1,1,1.0
516,14,594.25,69.24,32.55,27.91,1,1,1.0
516,15,430.82,54.31,42.84,55.56,1,1,1.0
516,16,609.65,91.74,40.9,32.32,1,1,1.0
516,17,562.7,114.74,53.6,45.28,1,1,1.0
516,18,656.9,158.04,67.75,55.31,1,1,1.0
516,26,839.4,147.34,121.6,213.34,1,1,1.0
517,12,607.7,44.04,21.55,20.08,1,1,1.0
517,13,371.38,123.31,56.77,56.78,1,1,1.0
517,14,594.5,68.99,31.8,27.42,1,1,1.0
517,15,430.09,54.31,43.57,55.32,1,1,1.0
517,16,609.15,91.01,40.65,31.82,1,1,1.0
517,17,562.2,113.03,53.85,45.04,1,1,1.0
517,18,656.15,157.07,67.05,53.84,1,1,1.0
517,26,839.32,146.95,121.68,213.41,1,1,1.0
518,12,606.95,44.28,21.8,20.57,1,1,1.0
518,13,369.67,124.77,57.27,57.27,1,1,1.0
518,14,593.5,68.5,32.1,27.92,1,1,1.0
518,15,430.09,55.78,43.33,55.55,1,1,1.0
518,16,609.4,90.52,39.9,31.83,1,1,1.0
518,17,562.2,112.79,52.15,44.05,1,1,1.0
518,18,655.4,155.1,65.35,53.61,1,1,1.0
518,26,839.25,146.56,121.75,213.48,1,1,1.0
519,12,606.25,44.53,22.05,21.06,1,1,1.0
519,13,367.95,126.24,57.76,57.76,1,1,1.0
519,14,592.55,68.01,32.3,28.4,1,1,1.0
519,15,430.09,57.25,43.08,55.8,1,1,1.0
519,16,609.65,90.03,39.2,31.83,1,1,1.0
519,17,562.2,112.54,50.4,43.08,1,1,1.0
519,18,654.7,153.15,63.6,53.36,1,1,1.0
519,26,839.18,146.17,121.82,213.55,1,1,1.0
520,12,605.5,44.77,22.3,21.55,1,1,1.0
520,13,366.24,127.71,58.25,58.25,1,1,1.0
520,14,591.55,67.53,32.55,28.89,1,1,1.0
520,15,430.09,58.72,42.84,56.04,1,1,1.0
520,16,609.9,89.54,38.45,31.82,1,1,1.0
520,17,562.2,112.3,48.7,42.1,1,1,1.0
520,18,653.95,151.19,61.9,53.12,1,1,1.0
520,26,839.11,145.78,121.89,213.62,1,1,1.0
521,12,604.75,45.02,22.55,22.04,1,1,1.0
521,13,364.52,129.18,58.74,58.73,1,1,1.0
521,14,590.6,67.04,32.8,29.38,1,1,1.0
521,15,430.09,60.18,42.59,56.28,1,1,1.0
521,16,610.15,89.05,37.7,31.83,1,1,1.0
521,17,562.2,112.05,47.0,41.12,1,1,1.0
521,18,653.2,149.24,60.2,52.86,1,1,1.0
521,26,839.04,145.39,121.96,213.69,1,1,1.0
522,12,604.05,45.26,22.75,22.53,1,1,1.0
522,13,362.82,130.64,59.22,59.23,1,1,1.0
522,14,589.6,66.54,33.05,29.87,1,1,1.0
522,15,430.09,61.65,42.35,56.54,1,1,1.0
522,16,610.4,88.56,36.95,31.82,1,1,1.0
522,17,562.2,111.81,45.3,40.14,1,1,1.0
522,18,652.5,147.28,58.45,52.62,1,1,1.0
522,26,838.97,145.0,122.03,213.76,1,1,1.0
523,12,603.3,45.5,23.0,23.02,1,1,1.0
523,13,361.1,132.11,59.72,59.71,1,1,1.0
523,14,588.6,66.06,33.3,30.36,1,1,1.0
523,15,430.09,63.12,42.1,56.78,1,1,1.0
523,16,610.65,88.08,36.2,31.82,1,1,1.0
523,17,562.2,111.56,43.55,39.16,1,1,1.0
523,18,651.75,145.32,56.75,52.37,1,1,1.0
523,26,838.9,144.6,122.1,213.84,1,1,1.0
524,12,603.55,45.26,22.55,22.04,1,1,1.0
524,13,359.14,132.85,60.21,60.69,1,1,1.0
524,14,589.1,65.56,32.35,30.12,1,1,1.0
524,15,429.12,62.63,42.34,57.52,1,1,1.0
524,16,610.15,86.36,36.0,32.32,1,1,1.0
524,17,561.45,109.85,44.55,39.65,1,1,1.0
524,18,650.75,143.37,56.8,52.13,1,1,1.0
524,26,838.83,144.21,122.17,213.91,1,1,1.0
525,12,603.8,45.02,22.05,21.06,1,1,1.0
525,13,357.19,133.58,60.69,61.67,1,1,1.0
525,14,589.6,65.08,31.35,29.87,1,1,1.0
525,15,428.13,62.14,42.6,58.25,1,1,1.0
525,16,609.65,84.65,35.75,32.81,1,1,1.0
525,17,560.75,108.14,45.5,40.14,1,1,1.0
525,18,649.8,141.41,56.75,51.88,1,1,1.0
525,26,838.76,143.82,122.24,213.98,1,1,1.0
526,12,604.05,44.77,21.55,20.08,1,1,1.0
526,13,355.23,134.31,61.19,62.66,1,1,1.0
526,14,590.1,64.58,30.35,29.62,1,1,1.0
526,15,427.15,61.65,42.84,58.99,1,1,1.0
526,16,609.15,82.94,35.5,33.3,1,1,1.0
526,17,560.0,106.42,46.5,40.64,1,1,1.0
526,18,648.8,139.45,56.8,51.64,1,1,1.0
526,26,838.68,143.43,122.32,214.05,1,1,1.0
527,12,604.3,44.53,21.05,19.1,1,1,1.0
527,13,353.27,135.04,61.67,63.64,1,1,1.0
527,14,590.6,64.1,29.35,29.38,1,1,1.0
527,15,426.18,61.16,43.08,59.72,1,1,1.0
527,16,608.7,81.22,35.25,33.78,1,1,1.0
527,17,559.25,104.71,47.5,41.12,1,1,1.0
527,18,647.85,137.49,56.75,51.4,1,1,1.0
527,26,838.61,143.04,122.39,214.12,1,1,1.0
528,12,604.55,44.28,20.55,18.12,1,1,1.0
528,13,351.32,135.78,62.16,64.61,1,1,1.0
528,14,591.05,63.61,28.4,29.14,1,1,1.0
528,15,425.2,60.68,43.32,60.44,1,1,1.0
528,16,608.2,79.51,35.0,34.28,1,1,1.0
528,17,558.55,103.0,48.45,41.61,1,1,1.0
528,18,646.85,135.54,56.8,51.15,1,1,1.0
528,26,838.54,142.65,122.46,214.19,1,1,1.0
529,12,604.75,44.04,20.1,17.15,1,1,1.0
529,13,349.36,136.51,62.65,65.59,1,1,1.0
529,14,591.55,63.12,27.45,28.89,1,1,1.0
529,15,424.22,60.18,43.57,61.18,1,1,1.0
529,16,607.7,77.8,34.75,34.76,1,1,1.0
529,17,557.8,101.29,49.45,42.09,1,1,1.0
529,18,645.85,133.58,56.8,50.91,1,1,1.0
529,20,820.55,393.39,140.45,147.61,1,1,1.0
529,26,838.47,142.26,122.53,214.26,1,1,1.0
530,12,604.3,43.06,20.8,18.13,1,1,1.0
530,13,346.91,138.47,64.61,66.32,1,1,1.0
530,14,590.6,61.9,27.9,28.89,1,1,0.8071
530,15,423.73,60.18,43.08,61.68,1,1,1.0
530,16,606.75,77.56,35.0,34.52,1,1,1.0
530,17,558.55,99.82,47.45,41.12,1,1,1.0
530,18,645.4,131.87,56.25,50.91,1,1,1.0
530,20,813.2,384.83,147.8,144.12,1,1,1.0
530,26,838.4,141.87,122.6,214.33,1,1,1.0
531,12,603.8,42.08,21.55,19.1,1,1,1.0
531,13,344.46,140.43,66.57,67.06,1,1,1.0
531,14,589.6,60.68,28.4,28.89,1,1,0.817
531,15,423.24,60.18,42.59,62.16,1,1,1.0
531,16,605.75,77.31,35.25,34.27,1,1,1.0
531,17,559.25,98.35,45.55,40.14,1,1,1.0
531,18,644.9,130.16,55.8,50.9,1,1,1.0
531,20,805.85,376.27,155.15,143.38,1,1,1.0
531,26,838.27,141.89,122.73,214.23,1,1,1.0
532,12,603.3,41.1,22.3,20.08,1,1,1.0
532,13,342.02,142.38,68.52,67.8,1,1,1.0
532,14,588.6,59.45,28.9,28.89,1,1,0.8278
532,15,422.75,60.18,42.11,62.64,1,1,1.0
532,16,604.75,77.06,35.5,34.02,1,1,1.0
532,17,560.0,96.88,43.55,39.16,1,1,1.0
532,18,644.4,128.44,55.3,50.91,1,1,1.0
532,20,798.55,367.7,162.45,142.65,1,1,1.0
532,26,838.13,141.92,122.87,214.12,1,1,1.0
533,12,602.8,40.12,23.05,21.06,1,1,1.0
533,13,339.57,144.35,70.48,68.52,1,1,1.0
533,14,587.65,58.22,29.35,28.89,1,1,0.8397
533,15,422.26,60.18,41.62,63.14,1,1,1.0
533,16,603.8,76.82,35.75,33.78,1,1,1.0
533,17,560.75,95.42,41.6,38.18,1,1,1.0
533,18,643.9,126.73,54.85,50.9,1,1,1.0
533,20,791.2,359.14,169.8,141.91,1,1,1.0
533,26,838.0,141.95,123.0,214.01,1,1,1.0
534,12,602.3,39.14,23.8,22.04,1,1,1.0
534,13,337.13,146.3,72.44,69.26,1,1,1.0
534,14,586.65,57.0,29.9,28.89,1,1,0.8516
534,15,421.77,60.18,41.12,63.64,1,1,1.0
534,16,602.8,76.58,36.0,33.53,1,1,1.0
534,17,561.45,93.94,39.65,37.22,1,1,1.0
534,18,643.45,125.02,54.3,50.91,1,1,1.0
534,20,783.85,350.58,177.15,141.18,1,1,1.0
534,26,837.87,141.97,123.13,213.91,1,1,1.0
535,12,601.85,38.16,24.45,23.02,1,1,1.0
535,13,334.68,148.26,74.39,69.99,1,1,1.0
535,14,585.7,55.78,30.35,28.89,1,1,0.8649
535,15,421.29,60.18,40.63,64.12,1,1,1.0
535,16,601.85,76.33,36.2,33.3,1,1,1.0
535,17,562.2,92.48,37.7,36.24,1,1,1.0
535,18,642.95,123.31,53.85,50.9,1,1,1.0
535,20,776.5,342.02,184.5,140.45,1,1,1.0
535,26,837.73,142.0,123.27,213.8,1,1,1.0
536,12,601.6,38.41,24.5,22.53,1,1,1.0
536,13,332.72,150.46,75.13,71.22,1,1,1.0
536,14,585.7,55.29,29.6,28.64,1,1,0.8677
536,15,420.8,61.9,40.63,63.64,1,1,1.0
536,16,601.85,75.6,35.5,32.56,1,1,1.0
536,17,560.75,91.26,38.15,36.48,1,1,1.0
536,18,642.7,121.83,52.6,49.93,1,1,1.0
536,20,771.4,335.65,167.85,135.32,1,1,1.0
536,26,837.6,142.03,123.4,213.69,1,1,1.0
537,12,601.35,38.65,24.5,22.04,1,1,1.0
537,13,330.76,152.66,75.87,72.44,1,1,1.0
537,14,585.7,54.8,28.9,28.4,1,1,0.8704
537,15,420.31,63.61,40.63,63.14,1,1,1.0
537,16,601.85,74.86,34.75,31.83,1,1,1.0
537,17,559.25,90.03,38.7,36.72,1,1,1.0
537,18,642.45,120.36,51.4,48.96,1,1,1.0
537,20,766.25,329.3,162.95,130.17,1,1,1.0
537,26,837.47,142.05,123.53,213.59,1,1,1.0
538,12,601.1,38.9,24.5,21.55,1,1,1.0
538,13,328.81,154.86,76.59,73.67,1,1,1.0
538,14,585.7,54.31,28.15,28.16,1,1,0.8737
538,15,419.82,65.32,40.63,62.65,1,1,1.0
538,16,601.85,74.13,34.0,31.09,1,1,1.0
538,17,557.8,88.8,39.15,36.97,1,1,1.0
538,18,642.2,118.9,50.2,47.97,1,1,1.0
538,20,761.1,322.94,158.05,125.03,1,1,1.0
538,26,837.33,142.08,123.67,213.48,1,1,1.0
539,12,600.85,39.14,24.5,21.06,1,1,1.0
539,13,326.85,157.07,77.33,74.88,1,1,1.0
539,14,585.7,53.82,27.4,27.91,1,1,0.8773
539,15,419.32,67.04,40.64,62.16,1,1,1.0
539,16,601.85,73.4,33.3,30.36,1,1,1.0
539,17,556.35,87.58,39.65,37.2,1,1,1.0
539,18,641.95,117.43,48.95,47.0,1,1,1.0
539,20,755.95,316.57,153.2,119.91,1,1,1.0
539,26,837.2,142.11,123.8,213.37,1,1,1.0
540,12,600.6,39.39,24.5,20.57,1,1,1.0
540,13,324.89,159.26,78.06,76.12,1,1,1.0
540,14,585.7,53.34,26.7,27.66,1,1,0.8809
540,15,418.84,68.74,40.63,61.68,1,1,1.0
540,16,601.85,72.66,32.55,29.63,1,1,1.0
540,17,554.85,86.36,40.15,37.46,1,1,1.0
540,18,641.7,115.97,47.75,46.01,1,1,1.0
540,20,750.85,310.21,148.25,114.77,1,1,1.0
540,26,837.07,142.13,123.93,213.27,1,1,1.0
541,12,600.35,39.63,24.5,20.08,1,1,1.0
541,13,322.94,161.47,78.8,77.33,1,1,1.0
541,14,585.7,52.84,25.95,27.42,1,1,0.8851
541,15,418.35,70.46,40.63,61.18,1,1,1.0
541,16,601.85,71.92,31.8,28.89,1,1,1.0
541,17,553.4,85.14,40.65,37.69,1,1,1.0
541,18,641.45,114.5,46.5,45.03,1,1,1.0
541,20,745.7,303.86,143.35,109.62,1,1,1.0
541,26,836.93,142.16,124.07,213.16,1,1,1.0
542,12,600.1,39.14,24.75,19.35,1,1,1.0
542,13,320.0,162.44,79.77,80.03,1,1,1.0
542,14,585.95,52.6,25.7,27.42,1,1,0.8846
542,15,417.13,69.97,41.85,62.41,1,1,1.0
542,16,601.6,71.92,31.8,29.14,1,1,1.0
542,17,553.9,84.16,39.9,37.7,1,1,1.0
542,18,640.75,114.01,47.0,44.06,1,1,1.0
542,20,742.25,297.25,139.5,107.42,1,1,1.0
542,26,836.8,142.19,124.2,213.05,1,1,1.0
543,12,599.9,38.65,24.95,18.62,1,1,1.0
543,13,317.07,163.43,80.75,82.71,1,1,1.0
543,14,586.2,52.36,25.45,27.42,1,1,0.8841
543,15,415.9,69.48,43.08,63.63,1,1,1.0
543,16,601.35,71.92,31.8,29.38,1,1,1.0
543,17,554.35,83.18,39.2,37.7,1,1,1.0
543,18,640.0,113.52,47.5,43.08,1,1,1.0
543,20,738.85,290.64,135.55,105.22,1,1,1.0
543,26,836.67,142.21,124.33,212.95,1,1,1.0
544,12,599.65,38.16,25.2,17.88,1,1,1.0
544,13,314.13,164.41,81.73,85.4,1,1,1.0
544,14,586.4,52.11,25.25,27.42,1,1,0.8841
544,15,414.68,68.99,44.3,64.86,1,1,1.0
544,16,601.1,71.92,31.85,29.62,1,1,1.0
544,17,554.85,82.2,38.45,37.7,1,1,1.0
544,18,639.25,113.03,48.0,42.1,1,1,1.0
544,20,735.4,284.04,131.65,103.02,1,1,1.0
544,26,836.53,142.24,124.47,212.84,1,1,1.0
545,12,599.4,37.68,25.45,17.15,1,1,1.0
545,13,311.19,165.38,82.71,88.09,1,1,1.0
545,14,586.65,51.86,25.0,27.42,1,1,0.884
545,15,413.45,68.5,45.53,66.08,1,1,1.0
545,16,600.85,71.92,31.85,29.88,1,1,1.0
545,17,555.35,81.22,37.7,37.7,1,1,1.0
545,18,638.55,112.54,48.45,41.12,1,1,1.0
545,20,732.0,277.43,127.7,100.82,1,1,1.0
545,26,836.4,142.27,124.6,212.73,1,1,1.0
546,12,599.15,37.19,25.7,16.41,1,1,1.0
546,13,308.26,166.36,83.69,90.78,1,1,1.0
546,14,586.9,51.62,24.75,27.42,1,1,0.8841
546,15,412.23,68.01,46.75,67.3,1,1,1.0
546,16,600.6,71.92,31.85,30.12,1,1,1.0
546,17,555.85,80.24,36.95,37.7,1,1,1.0
546,18,637.8,112.05,48.95,40.14,1,1,1.0
546,20,728.55,270.82,123.85,98.62,1,1,1.0
546,26,836.27,142.29,124.73,212.63,1,1,1.0
547,12,598.9,36.7,25.95,15.68,1,1,1.0
547,13,305.32,167.34,84.67,93.48,1,1,1.0
547,14,587.15,51.38,24.5,27.42,1,1,0.8844
547,15,411.01,67.53,47.97,68.52,1,1,1.0
547,16,600.35,71.92,31.85,30.36,1,1,1.0
547,17,556.35,79.26,36.2,37.7,1,1,1.0
547,18,637.05,111.56,49.45,39.16,1,1,1.0
547,20,725.15,264.22,119.9,96.41,1,1,1.0
547,26,836.13,142.32,124.87,212.52,1,1,1.0
548,13,301.4,170.28,86.64,95.67,1,1,1.0
548,14,586.2,51.38,25.2,26.94,1,1,0.8815
548,15,410.27,68.74,47.98,68.76,1,1,1.0
548,16,600.1,71.19,31.85,29.62,1,1,1.0
548,17,556.1,79.02,35.95,37.45,1,1,1.0
548,18,636.35,109.85,48.2,39.9,1,1,1.0
548,20,721.2,259.32,117.95,94.95,1,1,1.0
548,26,836.0,142.35,125.0,212.41,1,1,1.0
549,13,297.49,173.21,88.58,97.88,1,1,1.0
549,14,585.2,51.38,25.95,26.44,1,1,0.8793
549,15,409.54,69.97,47.97,69.01,1,1,1.0
549,16,599.9,70.46,31.8,28.89,1,1,1.0
549,17,555.85,78.78,35.75,37.22,1,1,1.0
549,18,635.6,108.14,47.0,40.63,1,1,1.0
549,20,717.3,254.44,116.0,93.47,1,1,1.0
549,26,835.87,142.37,125.13,212.31,1,1,1.0
550,13,293.58,176.15,90.54,100.08,1,1,1.0
550,14,584.2,51.38,26.7,25.96,1,1,0.8765
550,15,408.81,71.19,47.97,69.26,1,1,1.0
550,16,599.65,69.72,31.8,28.16,1,1,1.0
550,17,555.6,78.53,35.5,36.97,1,1,1.0
550,18,634.85,106.42,45.8,41.37,1,1,1.0
550,20,713.4,249.54,114.0,92.01,1,1,1.0
550,26,835.73,142.4,125.27,212.2,1,1,1.0
551,13,289.67,179.09,92.49,102.28,1,1,1.0
551,14,583.25,51.38,27.4,25.46,1,1,0.8734
551,15,408.07,72.42,47.98,69.5,1,1,1.0
551,16,599.4,68.99,31.8,27.42,1,1,1.0
551,17,555.35,78.28,35.25,36.72,1,1,1.0
551,18,634.15,104.71,44.55,42.1,1,1,1.0
551,20,709.5,244.65,112.05,90.54,1,1,1.0
551,26,835.6,142.43,125.4,212.09,1,1,1.0
552,13,285.75,182.02,94.45,104.49,1,1,1.0
552,14,582.25,51.38,28.15,24.98,1,1,0.8705
552,15,407.34,73.64,47.97,69.74,1,1,1.0
552,16,599.15,68.26,31.8,26.69,1,1,1.0
552,17,555.1,78.04,35.0,36.48,1,1,1.0
552,18,633.4,103.0,43.3,42.83,1,1,1.0
552,20,705.55,239.76,110.15,89.07,1,1,1.0
552,26,835.47,142.45,125.53,211.99,1,1,1.0
553,13,281.83,184.96,96.42,106.68,1,1,1.0
553,14,581.3,51.38,28.85,24.48,1,1,0.8673
553,15,406.61,74.86,47.97,69.99,1,1,1.0
553,16,598.9,67.53,31.8,25.95,1,1,1.0
553,17,554.85,77.8,34.75,36.23,1,1,1.0
553,18,632.65,101.29,42.1,43.56,1,1,1.0
553,20,701.65,234.86,108.15,87.61,1,1,1.0
553,26,835.33,142.48,125.67,211.88,1,1,1.0
554,13,278.65,189.12,97.15,106.93,1,1,1.0
554,14,580.8,50.64,28.9,25.22,1,1,0.8662
554,15,405.14,76.33,48.95,70.48,1,1,1.0
554,16,598.65,67.04,31.6,25.96,1,1,1.0
554,17,554.35,77.06,34.55,35.49,1,1,1.0
554,18,631.95,101.04,42.55,43.08,1,1,1.0
554,20,698.95,230.95,105.95,86.38,1,1,1.0
554,26,835.2,142.51,125.8,211.77,1,1,1.0
555,13,275.48,193.27,97.88,107.18,1,1,1.0
555,14,580.3,49.91,28.9,25.95,1,1,0.8659
555,15,403.67,77.8,49.93,70.97,1,1,1.0
555,16,598.4,66.54,31.35,25.96,1,1,1.0
555,17,553.9,76.33,34.25,34.76,1,1,1.0
555,18,631.2,100.8,43.05,42.58,1,1,1.0
555,20,696.25,227.04,103.75,85.15,1,1,1.0
555,26,835.07,142.53,125.93,211.67,1,1,1.0
556,13,272.3,197.43,98.61,107.43,1,1,1.0
556,14,579.8,49.18,28.9,26.68,1,1,0.8659
556,15,402.2,79.26,50.91,71.46,1,1,1.0
556,16,598.15,66.06,31.1,25.96,1,1,1.0
556,17,553.4,75.6,34.0,34.03,1,1,1.0
556,18,630.45,100.55,43.6,42.1,1,1,1.0
556,20,693.6,223.12,101.55,83.94,1,1,1.0
556,26,834.93,142.56,126.07,211.56,1,1,1.0
557,13,269.12,201.59,99.34,107.67,1,1,1.0
557,14,579.35,48.44,28.85,27.42,1,1,0.866
557,15,400.74,80.74,51.88,71.94,1,1,1.0
557,16,597.9,65.56,30.85,25.96,1,1,1.0
557,17,552.9,74.86,33.8,33.3,1,1,1.0
557,18,629.7,100.31,44.1,41.6,1,1,1.0
557,20,690.9,219.21,99.35,82.71,1,1,1.0
557,26,834.8,142.59,126.2,211.45,1,1,1.0
558,13,265.94,205.75,100.07,107.91,1,1,1.0
558,14,578.85,47.71,28.9,28.15,1,1,0.8668
558,15,399.26,82.2,52.87,72.44,1,1,1.0
558,16,597.7,65.08,30.6,25.96,1,1,1.0
558,17,552.4,74.13,33.55,32.56,1,1,1.0
558,18,629.0,100.06,44.55,41.13,1,1,1.0
558,20,688.2,215.29,97.15,81.49,1,1,1.0
558,26,834.67,142.61,126.33,211.35,1,1,1.0
559,13,262.75,209.91,100.82,108.16,1,1,1.0
559,14,578.35,46.97,28.9,28.89,1,1,0.8676
559,15,397.8,83.67,53.84,72.93,1,1,1.0
559,16,597.45,64.58,30.35,25.96,1,1,1.0
559,17,551.95,73.4,33.25,31.82,1,1,1.0
559,18,628.25,99.82,45.05,40.64,1,1,1.0
559,20,685.5,211.38,94.95,80.26,1,1,1.0
559,26,834.53,142.64,126.47,211.24,1,1,1.0
560,13,257.62,213.58,103.01,110.85,1,1,1.0
560,14,578.6,46.73,27.9,28.16,1,1,0.8694
560,15,396.57,84.16,54.58,74.64,1,1,1.0
560,16,597.2,63.86,29.85,26.2,1,1,1.0
560,17,551.7,72.66,33.05,32.07,1,1,1.0
560,18,628.25,98.6,44.55,40.38,1,1,1.0
560,20,684.05,208.19,92.5,78.81,1,1,1.0
560,26,834.4,142.67,126.6,211.13,1,1,1.0
561,13,252.47,217.25,105.22,113.54,1,1,1.0
561,14,578.85,46.48,26.9,27.42,1,1,1.0
561,15,395.35,84.65,55.32,76.35,1,1,1.0
561,16,596.95,63.12,29.35,26.44,1,1,1.0
561,17,551.45,71.92,32.8,32.32,1,1,1.0
561,18,628.25,97.37,44.05,40.14,1,1,1.0
561,20,682.55,205.01,90.05,77.34,1,1,1.0
561,26,834.27,142.69,126.73,211.03,1,1,1.0
562,13,247.34,220.91,107.42,116.23,1,1,1.0
562,14,579.1,46.24,25.95,26.69,1,1,1.0
562,15,394.13,85.14,56.05,78.06,1,1,1.0
562,16,596.7,62.38,28.9,26.69,1,1,1.0
562,17,551.2,71.19,32.55,32.56,1,1,1.0
562,18,628.25,96.14,43.6,39.9,1,1,1.0
562,20,681.1,201.84,87.6,75.85,1,1,1.0
562,26,834.13,142.72,126.87,210.92,1,1,1.0
563,13,242.2,224.59,109.62,118.92,1,1,1.0
563,14,579.35,45.99,24.95,25.96,1,1,1.0
563,15,392.9,85.62,56.79,79.78,1,1,1.0
563,16,596.45,61.65,28.4,26.94,1,1,1.0
563,17,550.95,70.46,32.3,32.81,1,1,1.0
563,18,628.25,94.92,43.1,39.66,1,1,1.0
563,20,679.65,198.66,85.15,74.39,1,1,1.0
563,26,834.0,142.75,127.0,210.81,1,1,1.0
564,13,237.07,228.26,111.82,121.61,1,1,1.0
564,14,579.55,45.75,24.0,25.22,1,1,1.0
564,15,391.68,86.12,57.51,81.48,1,1,1.0
564,16,596.2,60.92,27.9,27.18,1,1,1.0
564,17,550.7,69.72,32.05,33.06,1,1,1.0
564,18,628.25,93.7,42.6,39.41,1,1,1.0
564,20,678.15,195.47,82.75,72.93,1,1,1.0
564,26,833.87,142.77,127.13,210.71,1,1,1.0
565,13,231.93,231.93,114.02,124.3,1,1,1.0
565,14,579.8,45.5,23.05,24.48,1,1,1.0
565,15,390.46,86.6,58.24,83.2,1,1,1.0
565,16,595.95,60.18,27.45,27.42,1,1,1.0
565,17,550.45,68.99,31.85,33.3,1,1,1.0
565,18,628.25,92.48,42.1,39.16,1,1,1.0
565,20,676.7,192.29,80.25,71.46,1,1,1.0
565,21,842.55,462.38,118.45,78.62,1,1,1.0
565,26,833.73,142.8,127.27,210.6,1,1,1.0
566,13,225.57,236.57,117.94,129.69,1,1,1.0
566,14,579.35,45.26,23.0,24.24,1,1,1.0
566,15,388.5,86.85,59.23,83.69,1,1,1.0
566,16,595.25,59.7,28.15,27.66,1,1,1.0
566,17,550.45,68.5,31.85,33.05,1,1,1.0
566,18,628.25,91.26,40.9,38.92,1,1,1.0
566,20,674.75,189.6,79.3,70.72,1,1,1.0
566,21,834.25,449.91,126.75,91.09,1,1,1.0
566,26,833.6,142.83,127.4,210.49,1,1,1.0
567,13,219.21,241.22,121.85,135.07,1,1,1.0
567,14,578.85,45.02,23.0,23.99,1,1,1.0
567,15,386.55,87.1,60.2,84.18,1,1,1.0
567,16,594.5,59.2,28.9,27.91,1,1,1.0
567,17,550.45,68.01,31.85,32.8,1,1,1.0
567,18,628.25,90.03,39.65,38.68,1,1,1.0
567,20,672.8,186.91,78.3,69.99,1,1,1.0
567,21,825.95,437.43,135.05,97.37,1,1,1.0
567,26,833.47,142.85,127.53,210.39,1,1,1.0
568,13,212.85,245.87,125.77,140.45,1,1,1.0
568,14,578.35,44.77,23.0,23.76,1,1,1.0
568,15,384.58,87.34,61.19,84.67,1,1,1.0
568,16,593.75,58.72,29.65,28.16,1,1,1.0
568,17,550.45,67.53,31.85,32.56,1,1,1.0
568,18,628.25,88.8,38.45,38.44,1,1,1.0
568,20,670.85,184.22,77.3,69.25,1,1,1.0
568,21,817.6,424.95,143.4,109.65,1,1,1.0
568,26,833.33,142.88,127.67,210.28,1,1,1.0
569,13,206.49,250.52,129.68,145.83,1,1,1.0
569,14,577.85,44.53,23.05,23.51,1,1,1.0
569,15,382.63,87.58,62.16,85.16,1,1,1.0
569,16,593.05,58.22,30.35,28.4,1,1,1.0
569,17,550.45,67.04,31.85,32.32,1,1,1.0
569,18,628.25,87.58,37.2,38.18,1,1,1.0
569,20,668.85,181.53,76.35,68.52,1,1,1.0
569,21,809.3,412.48,151.7,121.87,1,1,1.0
569,26,833.2,142.91,127.8,210.17,1,1,1.0
570,13,200.12,255.17,133.6,151.21,1,1,1.0
570,14,577.35,44.28,23.05,23.26,1,1,1.0
570,15,380.68,87.83,63.14,85.64,1,1,1.0
570,16,592.3,57.74,31.1,28.64,1,1,1.0
570,17,550.45,66.54,31.85,32.07,1,1,1.0
570,18,628.25,86.36,36.0,37.95,1,1,1.0
570,20,666.9,178.84,75.4,67.79,1,1,1.0
570,21,801.0,400.0,160.0,134.1,1,1,1.0
570,26,833.07,142.93,127.93,210.07,1,1,1.0
571,13,193.76,259.82,137.51,156.6,1,1,1.0
571,14,576.9,44.04,23.0,23.02,1,1,1.0
571,15,378.71,88.08,64.12,86.14,1,1,1.0
571,16,591.55,57.25,31.85,28.89,1,1,1.0
571,17,550.45,66.06,31.85,31.82,1,1,1.0
571,18,628.25,85.14,34.75,37.69,1,1,1.0
571,20,664.95,176.15,74.4,67.05,1,1,1.0
571,21,792.65,387.52,168.35,146.33,1,1,1.0
571,26,833.03,142.97,127.97,210.07,1,1,1.0
572,13,184.96,265.69,141.67,159.77,1,1,1.0
572,14,576.65,43.79,23.0,23.26,1,1,1.0
572,15,377.49,89.78,63.63,87.36,1,1,1.0
572,16,591.55,57.25,31.6,28.16,1,1,1.0
572,17,550.2,65.81,31.85,30.84,1,1,1.0
572,18,627.75,85.14,37.0,37.69,1,1,1.0
572,20,663.0,173.46,73.65,65.58,1,1,1.0
572,21,787.3,378.96,159.5,145.34,1,1,1.0
572,26,833.0,143.0,128.0,210.07,1,1,1.0
573,13,176.15,271.56,145.83,162.95,1,1,1.0
573,14,576.4,43.55,23.0,23.51,1,1,1.0
573,15,376.27,91.5,63.14,88.59,1,1,1.0
573,16,591.55,57.25,31.35,27.42,1,1,1.0
573,17,549.95,65.56,31.85,29.87,1,1,1.0
573,18,627.3,85.14,39.15,37.69,1,1,1.0
573,20,661.05,170.76,72.9,64.12,1,1,1.0
573,21,781.9,370.4,161.0,144.35,1,1,1.0
573,26,832.96,143.04,128.04,210.07,1,1,1.0
574,13,167.34,277.43,149.99,166.14,1,1,1.0
574,14,576.15,43.3,23.0,23.75,1,1,1.0
574,15,375.05,93.21,62.64,89.81,1,1,1.0
574,16,591.55,57.25,31.1,26.68,1,1,1.0
574,17,549.7,65.32,31.85,28.89,1,1,1.0
574,18,626.8,85.14,41.35,37.69,1,1,1.0
574,20,659.1,168.07,72.2,62.65,1,1,1.0
574,21,776.5,361.83,162.5,143.37,1,1,1.0
574,26,832.92,143.08,128.08,210.06,1,1,1.0
575,13,158.53,283.31,154.15,169.31,1,1,1.0
575,14,575.9,43.06,23.0,24.0,1,1,1.0
575,15,373.82,94.92,62.17,91.04,1,1,1.0
575,16,591.55,57.25,30.85,25.95,1,1,1.0
575,17,549.5,65.08,31.8,27.92,1,1,1.0
575,18,626.3,85.14,43.55,37.69,1,1,1.0
575,20,657.15,165.38,71.45,61.19,1,1,1.0
575,21,771.15,353.27,163.9,142.41,1,1,1.0
575,26,832.89,143.11,128.11,210.07,1,1,1.0
576,13,149.72,289.18,158.32,172.5,1,1,1.0
576,14,575.65,42.81,23.05,24.24,1,1,1.0
576,15,372.6,96.64,61.67,92.26,1,1,1.0
576,16,591.55,57.25,30.6,25.22,1,1,1.0
576,17,549.25,64.83,31.8,26.94,1,1,1.0
576,18,625.8,85.14,45.8,37.69,1,1,1.0
576,20,655.15,162.69,70.75,59.72,1,1,1.0
576,21,765.75,344.71,165.4,141.43,1,1,1.0
576,26,832.85,143.15,128.15,210.06,1,1,1.0
577,13,140.91,295.05,162.47,175.68,1,1,1.0
577,14,575.4,42.57,23.05,24.49,1,1,1.0
577,15,371.38,98.35,61.18,93.47,1,1,1.0
577,16,591.55,57.25,30.35,24.48,1,1,1.0
577,17,549.0,64.58,31.8,25.96,1,1,1.0
577,18,625.3,85.14,48.0,37.69,1,1,1.0
577,20,653.2,160.0,70.0,58.25,1,1,1.0
577,21,760.35,336.14,166.9,140.46,1,1,1.0
577,26,832.82,143.18,128.18,210.07,1,1,1.0
578,13,128.69,303.37,168.82,176.65,1,1,1.0
578,14,575.65,42.32,22.55,23.75,1,1,1.0
578,15,369.67,99.82,62.4,94.7,1,1,1.0
578,16,591.8,56.76,30.1,24.48,1,1,1.0
578,17,549.25,63.86,31.3,26.93,1,1,1.0
578,18,624.6,83.67,46.25,37.21,1,1,1.0
578,20,652.25,157.8,68.25,58.24,1,1,1.0
578,21,755.45,329.05,163.0,137.02,1,1,1.0
578,26,832.78,143.22,128.22,210.06,1,1,1.0
579,13,116.46,311.68,175.18,177.64,1,1,1.0
579,14,575.9,42.08,22.05,23.02,1,1,1.0
579,15,367.95,101.29,63.63,95.92,1,1,1.0
579,16,592.05,56.27,29.85,24.48,1,1,1.0
579,17,549.5,63.12,30.85,27.91,1,1,1.0
579,18,623.85,82.2,44.55,36.72,1,1,1.0
579,20,651.25,155.6,66.55,58.25,1,1,1.0
579,21,750.6,321.95,159.0,133.61,1,1,1.0
579,26,832.75,143.25,128.25,210.07,1,1,1.0
580,13,104.22,320.0,181.55,178.62,1,1,1.0
580,14,576.15,41.84,21.55,22.28,1,1,1.0
580,15,366.24,102.75,64.85,97.15,1,1,1.0
580,16,592.3,55.78,29.6,24.48,1,1,1.0
580,17,549.7,62.38,30.4,28.89,1,1,1.0
580,18,623.1,80.74,42.85,36.24,1,1,1.0
580,20,650.3,153.4,64.85,58.24,1,1,1.0
580,21,745.7,314.86,155.1,130.18,1,1,1.0
580,26,832.71,143.29,128.29,210.07,1,1,1.0
581,13,91.99,328.32,187.91,179.58,1,1,1.0
581,14,576.4,41.59,21.05,21.55,1,1,1.0
581,15,364.52,104.22,66.08,98.37,1,1,1.0
581,16,592.55,55.29,29.35,24.48,1,1,1.0
581,17,549.95,61.65,29.9,29.87,1,1,1.0
581,18,622.4,79.26,41.1,35.74,1,1,1.0
581,20,649.3,151.19,63.15,58.25,1,1,1.0
581,21,740.8,307.77,151.2,126.74,1,1,1.0
581,26,832.68,143.32,128.32,210.07,1,1,1.0
582,13,79.76,336.63,194.28,180.57,1,1,1.0
582,14,576.65,41.35,20.55,20.81,1,1,1.0
582,15,362.82,105.69,67.3,99.59,1,1,1.0
582,16,592.8,54.8,29.1,24.48,1,1,1.0
582,17,550.2,60.92,29.4,30.85,1,1,1.0
582,18,621.65,77.8,39.4,35.25,1,1,1.0
582,20,648.3,148.99,61.45,58.25,1,1,1.0
582,21,735.9,300.68,147.3,123.32,1,1,1.0
582,26,832.64,143.36,128.36,210.07,1,1,1.0
583,13,67.53,344.95,200.62,181.55,1,1,1.0
583,14,576.9,41.1,20.05,20.08,1,1,1.0
583,15,361.1,107.16,68.53,100.81,1,1,1.0
583,16,593.05,54.31,28.85,24.49,1,1,1.0
583,17,550.45,60.18,28.9,31.82,1,1,1.0
583,18,620.9,76.33,37.7,34.76,1,1,1.0
583,20,647.35,146.79,59.7,58.25,1,1,1.0
583,21,731.0,293.58,143.4,119.9,1,1,1.0
583,26,832.6,143.4,128.4,210.06,1,1,1.0
584,13,57.74,354.01,203.32,174.19,1,1,1.0
584,14,576.65,41.59,20.05,19.84,1,1,1.0
584,15,358.17,109.85,70.23,100.57,1,1,1.0
584,16,592.8,54.8,28.4,24.0,1,1,1.0
584,17,549.95,60.43,29.15,31.34,1,1,1.0
584,18,620.65,76.82,36.75,34.03,1,1,1.0
584,20,645.85,145.57,59.5,57.75,1,1,1.0
584,21,728.8,289.18,138.75,116.47,1,1,1.0
584,26,832.57,143.43,128.43,210.07,1,1,1.0
585,13,47.95,363.06,206.02,166.89,1,1,1.0
585,14,576.4,42.08,20.05,19.6,1,1,1.0
585,15,355.23,112.54,71.95,100.33,1,1,1.0
585,16,592.55,55.29,27.9,23.51,1,1,1.0
585,17,549.5,60.68,29.35,30.84,1,1,1.0
585,18,620.45,77.31,35.7,33.29,1,1,1.0
585,20,644.4,144.35,59.25,57.26,1,1,1.0
585,21,726.6,284.77,134.1,113.05,1,1,1.0
585,26,832.53,143.47,128.47,210.06,1,1,1.0
586,13,38.16,372.11,208.7,159.54,1,1,1.0
586,14,576.15,42.57,20.1,19.35,1,1,1.0
586,15,352.3,115.23,73.65,100.08,1,1,1.0
586,16,592.3,55.78,27.4,23.02,1,1,1.0
586,17,549.0,60.92,29.6,30.36,1,1,1.0
586,18,620.2,77.8,34.75,32.56,1,1,1.0
586,20,642.95,143.12,58.95,56.78,1,1,1.0
586,21,724.4,280.37,129.45,109.62,1,1,1.0
586,26,832.5,143.5,128.5,210.07,1,1,1.0
587,13,28.38,381.16,211.4,152.19,1,1,1.0
587,14,575.9,43.06,20.1,19.1,1,1,1.0
587,15,349.36,117.92,75.37,99.84,1,1,1.0
587,16,592.05,56.27,26.95,22.53,1,1,1.0
587,17,548.5,61.16,29.85,29.87,1,1,1.0
587,18,619.95,78.28,33.75,31.82,1,1,1.0
587,20,641.45,141.9,58.75,56.29,1,1,1.0
587,21,722.2,275.96,124.8,106.2,1,1,1.0
587,26,832.46,143.54,128.54,210.06,1,1,1.0
588,13,18.59,390.21,214.09,150.79,1,1,1.0
588,14,575.65,43.55,20.1,18.86,1,1,1.0
588,15,346.42,120.61,77.09,99.6,1,1,1.0
588,16,591.8,56.76,26.45,22.04,1,1,1.0
588,17,548.0,61.4,30.15,29.38,1,1,1.0
588,18,619.7,78.78,32.8,31.1,1,1,1.0
588,20,640.0,140.68,58.5,55.79,1,1,1.0
588,21,720.0,271.56,120.15,102.77,1,1,1.0
588,26,832.43,143.57,128.57,210.07,1,1,1.0
589,13,1.0,399.26,224.59,141.74,1,1,1.0
589,14,575.4,44.04,20.1,18.61,1,1,1.0
589,15,343.49,123.31,78.8,99.34,1,1,1.0
589,16,591.55,57.25,25.95,21.55,1,1,1.0
589,17,547.5,61.65,30.4,28.89,1,1,1.0
589,18,619.45,79.26,31.85,30.36,1,1,1.0
589,20,638.55,139.45,58.25,55.31,1,1,1.0
589,21,717.8,267.15,115.5,99.36,1,1,1.0
589,26,832.39,143.61,128.61,210.07,1,1,1.0
590,13,1.0,414.68,212.35,126.32,1,1,1.0
590,14,574.7,42.81,20.55,19.59,1,1,1.0
590,15,341.04,123.79,80.02,103.51,1,1,1.0
590,16,590.6,55.54,26.65,22.53,1,1,1.0
590,17,547.3,60.43,29.6,28.4,1,1,1.0
590,18,619.2,78.28,32.1,29.88,1,1,1.0
590,20,637.55,137.98,58.25,53.84,1,1,1.0
590,21,714.85,262.26,113.8,97.39,1,1,1.0
590,26,832.36,143.64,128.64,210.07,1,1,1.0
591,13,1.0,430.09,200.12,110.91,1,1,1.0
591,14,573.95,41.59,21.05,20.57,1,1,1.0
591,15,338.6,124.28,81.24,107.67,1,1,1.0
591,16,589.6,53.82,27.4,23.5,1,1,1.0
591,17,547.05,59.2,28.85,27.91,1,1,1.0
591,18,618.95,77.31,32.35,29.38,1,1,1.0
591,20,636.55,136.51,58.25,52.38,1,1,1.0
591,21,711.95,257.37,112.05,95.44,1,1,1.0
591,26,832.32,143.68,128.68,210.07,1,1,1.0
592,13,1.0,445.51,187.89,95.49,1,1,1.0
592,14,573.2,40.37,21.55,21.55,1,1,1.0
592,15,336.14,124.77,82.48,111.83,1,1,1.0
592,16,588.6,52.11,28.2,24.48,1,1,1.0
592,17,546.8,57.98,28.15,27.42,1,1,1.0
592,18,618.7,76.33,32.6,28.89,1,1,1.0
592,20,635.6,135.04,58.25,50.92,1,1,1.0
592,21,709.0,252.47,110.35,93.48,1,1,1.0
592,26,832.28,143.72,128.72,210.06,1,1,1.0
593,13,1.0,460.92,175.66,80.08,1,1,1.0
593,14,572.5,39.14,22.0,22.53,1,1,1.0
593,15,333.7,125.26,83.69,115.99,1,1,1.0
593,16,587.65,50.4,28.9,25.46,1,1,1.0
593,17,546.55,56.76,27.4,26.93,1,1,1.0
593,18,618.45,75.35,32.85,28.4,1,1,1.0
593,20,634.6,133.58,58.25,49.44,1,1,1.0
593,21,706.05,247.59,108.65,91.52,1,1,1.0
593,26,832.25,143.75,128.75,210.07,1,1,1.0
594,13,1.0,476.33,163.43,64.67,1,1,1.0
594,14,571.75,37.92,22.5,23.51,1,1,1.0
594,15,331.26,125.75,84.91,120.15,1,1,1.0
594,16,586.65,48.68,29.65,26.44,1,1,1.0
594,17,546.3,55.54,26.7,26.44,1,1,1.0
594,18,618.25,74.38,33.05,27.92,1,1,1.0
594,20,633.65,132.11,58.25,47.98,1,1,1.0
594,21,703.1,242.69,106.95,89.57,1,1,1.0
594,26,832.21,143.79,128.79,210.06,1,1,1.0
595,13,1.0,491.75,151.19,49.25,1,1,1.0
595,14,571.0,36.7,23.05,24.49,1,1,1.0
595,15,328.81,126.24,86.13,124.3,1,1,1.0
595,16,585.7,46.97,30.35,27.42,1,1,1.0
595,17,546.05,54.31,25.95,25.96,1,1,1.0
595,18,618.0,73.4,33.3,27.42,1,1,1.0
595,20,632.65,130.64,58.25,46.51,1,1,1.0
595,21,700.2,237.8,105.2,87.6,1,1,1.0
595,26,832.18,143.82,128.82,210.07,1,1,1.0
596,14,571.0,36.94,23.05,23.51,1,1,1.0
596,15,325.63,128.44,86.63,125.28,1,1,1.0
596,16,585.95,47.22,29.35,26.44,1,1,1.0
596,17,545.8,53.82,25.95,26.44,1,1,1.0
596,18,617.25,72.66,33.05,27.66,1,1,1.0
596,20,631.7,128.93,57.5,46.75,1,1,1.0
596,21,697.5,233.88,103.75,87.12,1,1,1.0
596,26,832.14,143.86,128.86,210.06,1,1,1.0
597,14,571.0,37.19,23.05,22.53,1,1,1.0
597,15,322.44,130.64,87.13,126.26,1,1,1.0
597,16,586.2,47.46,28.4,25.46,1,1,1.0
597,17,545.55,53.34,25.95,26.93,1,1,1.0
597,18,616.5,71.92,32.8,27.92,1,1,1.0
597,20,630.7,127.22,56.8,46.99,1,1,1.0
597,21,694.8,229.97,102.3,86.63,1,1,1.0
597,26,832.11,143.89,128.89,210.07,1,1,1.0
598,14,571.0,37.43,23.05,21.55,1,1,1.0
598,15,319.26,132.85,87.61,127.23,1,1,1.0
598,16,586.4,47.71,27.45,24.49,1,1,1.0
598,17,545.3,52.84,26.0,27.42,1,1,1.0
598,18,615.8,71.19,32.55,28.16,1,1,1.0
598,20,629.7,125.51,56.05,47.24,1,1,1.0
598,21,692.1,226.06,100.85,86.13,1,1,1.0
598,26,832.07,143.93,128.93,210.07,1,1,1.0
599,14,571.0,37.68,23.05,20.57,1,1,1.0
599,15,316.08,135.04,88.1,128.22,1,1,1.0
599,16,586.65,47.95,26.45,23.51,1,1,1.0
599,17,545.1,52.36,25.95,27.91,1,1,1.0
599,18,615.05,70.46,32.3,28.4,1,1,1.0
599,20,628.75,123.79,55.3,47.49,1,1,1.0
599,21,689.4,222.14,99.35,85.65,1,1,1.0
599,26,832.04,143.96,128.96,210.07,1,1,1.0
600,14,571.0,37.92,23.05,19.6,1,1,1.0
600,15,312.9,137.25,88.59,129.19,1,1,1.0
600,16,586.9,48.2,25.5,22.53,1,1,1.0
600,17,544.85,51.86,25.95,28.4,1,1,1.0
600,18,614.3,69.72,32.1,28.64,1,1,1.0
600,20,627.75,122.08,54.6,47.73,1,1,1.0
600,21,686.75,218.22,97.85,85.16,1,1,1.0
600,26,832.0,144.0,129.0,210.07,1,1,1.0
601,14,571.0,38.16,23.05,18.61,1,1,1.0
601,15,309.73,139.45,89.07,130.18,1,1,1.0
601,16,587.15,48.44,24.5,21.55,1,1,1.0
601,17,544.6,51.38,25.95,28.89,1,1,1.0
601,18,613.6,68.99,31.8,28.89,1,1,1.0
601,20,626.8,120.36,53.85,47.98,1,1,1.0
601,21,684.05,214.31,96.4,84.67,1,1,1.0
601,26,832.05,143.87,128.95,210.2,1,1,1.0
602,14,571.0,37.19,22.8,19.84,1,1,1.0
602,15,305.81,142.14,91.76,131.65,1,1,1.0
602,16,587.15,47.95,24.25,21.79,1,1,1.0
602,17,544.35,50.88,26.2,28.64,1,1,1.0
602,18,613.6,68.26,31.8,28.89,1,1,1.0
602,20,626.3,118.66,52.85,47.97,1,1,1.0
602,21,683.3,211.38,94.45,83.69,1,1,1.0
602,26,832.11,143.73,128.89,210.34,1,1,1.0
603,14,571.0,36.21,22.55,21.06,1,1,1.0
603,15,301.89,144.83,94.46,133.11,1,1,1.0
603,16,587.15,47.46,24.0,22.04,1,1,1.0
603,17,544.1,50.4,26.45,28.4,1,1,1.0
603,18,613.6,67.53,31.8,28.89,1,1,1.0
603,20,625.8,116.94,51.9,47.97,1,1,1.0
603,21,682.55,208.44,92.5,82.71,1,1,1.0
603,26,832.16,143.6,128.84,210.47,1,1,1.0
604,14,571.0,35.23,22.3,22.28,1,1,1.0
604,15,297.98,147.53,97.15,134.57,1,1,1.0
604,16,587.15,46.97,23.75,22.28,1,1,1.0
604,17,543.85,49.91,26.7,28.16,1,1,1.0
604,18,613.6,66.79,31.8,28.89,1,1,1.0
604,20,625.3,115.23,50.95,47.97,1,1,1.0
604,21,681.85,205.51,90.55,81.73,1,1,1.0
604,26,832.21,143.47,128.79,210.6,1,1,1.0
605,14,571.0,34.25,22.05,23.51,1,1,1.0
605,15,294.07,150.22,99.83,136.04,1,1,1.0
605,16,587.15,46.48,23.5,22.53,1,1,1.0
605,17,543.6,49.42,26.95,27.91,1,1,1.0
605,18,613.6,66.06,31.8,28.89,1,1,1.0
605,20,624.85,113.52,49.9,47.97,1,1,1.0
605,21,681.1,202.57,88.6,80.75,1,1,1.0
605,26,832.27,143.33,128.73,210.74,1,1,1.0
606,14,571.0,33.27,21.8,24.73,1,1,1.0
606,15,290.15,152.91,102.53,137.51,1,1,1.0
606,16,587.15,45.99,23.25,22.78,1,1,1.0
606,17,543.35,48.93,27.2,27.67,1,1,1.0
606,18,613.6,65.32,31.8,28.89,1,1,1.0
606,20,624.35,111.81,48.95,47.97,1,1,1.0
606,21,680.35,199.63,86.65,79.78,1,1,1.0
606,26,832.32,143.2,128.68,210.87,1,1,1.0
607,14,571.0,32.29,21.55,25.96,1,1,1.0
607,15,286.24,155.6,105.22,138.98,1,1,1.0
607,16,587.15,45.5,23.0,23.02,1,1,1.0
607,17,543.1,48.44,27.45,27.42,1,1,1.0
607,18,613.6,64.58,31.8,28.89,1,1,1.0
607,20,623.85,110.09,48.0,47.98,1,1,1.0
607,21,679.65,196.69,84.65,78.81,1,1,1.0
607,26,832.37,143.07,128.63,211.0,1,1,1.0
608,14,570.75,32.05,21.3,25.22,1,1,1.0
608,15,281.59,157.8,108.16,143.39,1,1,1.0
608,16,587.15,44.77,22.8,23.26,1,1,1.0
608,17,543.1,47.71,27.2,27.42,1,1,1.0
608,18,613.8,64.1,31.35,28.64,1,1,1.0
608,20,622.85,108.87,48.0,47.23,1,1,1.0
608,21,677.9,193.51,83.95,78.07,1,1,1.0
608,26,832.43,142.93,128.57,211.14,1,1,1.0
609,14,570.5,31.8,21.1,24.48,1,1,1.0
609,15,276.94,160.0,111.1,147.79,1,1,1.0
609,16,587.15,44.04,22.55,23.51,1,1,1.0
609,17,543.1,46.97,26.95,27.42,1,1,1.0
609,18,614.05,63.61,30.85,28.4,1,1,1.0
609,20,621.9,107.65,47.95,46.5,1,1,1.0
609,21,676.2,190.34,83.2,77.33,1,1,1.0
609,26,832.48,142.8,128.52,211.27,1,1,1.0
610,14,570.3,31.56,20.8,23.75,1,1,1.0
610,15,272.3,162.2,114.02,152.19,1,1,1.0
610,16,587.15,43.3,22.3,23.75,1,1,1.0
610,17,543.1,46.24,26.7,27.42,1,1,1.0
610,18,614.3,63.12,30.35,28.16,1,1,1.0
610,20,620.9,106.42,48.0,45.77,1,1,1.0
610,21,674.5,187.16,82.45,76.59,1,1,1.0
610,26,832.53,142.67,128.47,211.4,1,1,1.0
611,14,570.05,31.32,20.55,23.02,1,1,1.0
611,15,267.64,164.41,116.97,156.59,1,1,1.0
611,16,587.15,42.57,22.05,24.0,1,1,1.0
611,17,543.1,45.5,26.45,27.42,1,1,1.0
611,18,614.55,62.63,29.9,27.91,1,1,1.0
611,20,619.95,105.2,47.95,45.04,1,1,1.0
611,21,672.8,183.97,81.7,75.87,1,1,1.0
611,26,832.59,142.53,128.41,211.54,1,1,1.0
612,14,569.8,31.07,20.3,22.28,1,1,1.0
612,15,263.0,166.6,119.89,161.01,1,1,1.0
612,16,587.15,41.84,21.8,24.24,1,1,1.0
612,17,543.1,44.77,26.2,27.42,1,1,1.0
612,18,614.8,62.14,29.4,27.66,1,1,1.0
612,20,618.95,103.97,48.0,44.31,1,1,1.0
612,21,671.05,180.79,81.0,75.14,1,1,1.0
612,26,832.64,142.4,128.36,211.67,1,1,1.0
613,14,569.55,30.83,20.05,21.55,1,1,1.0
613,15,258.35,168.81,122.84,165.4,1,1,1.0
613,16,587.15,41.1,21.55,24.48,1,1,1.0
613,17,543.1,44.04,25.95,27.42,1,1,1.0
613,18,615.05,61.65,28.9,27.42,1,1,1.0
613,20,618.0,102.75,47.95,43.57,1,1,1.0
613,21,669.35,177.62,80.25,74.39,1,1,1.0
613,26,832.69,142.27,128.31,211.8,1,1,1.0
614,15,252.72,172.47,124.55,169.57,1,1,1.0
614,16,586.65,41.35,21.8,24.24,1,1,1.0
614,17,542.4,43.79,26.45,27.42,1,1,1.0
614,18,614.05,60.68,28.9,27.66,1,1,1.0
614,20,617.25,101.78,47.75,43.57,1,1,1.0
614,21,669.35,174.93,78.8,74.14,1,1,1.0
614,26,832.75,142.13,128.25,211.94,1,1,1.0
615,15,247.1,176.15,126.26,173.72,1,1,1.0
615,16,586.2,41.59,22.0,24.0,1,1,1.0
615,17,541.65,43.55,26.95,27.42,1,1,1.0
615,18,613.1,59.7,28.9,27.91,1,1,1.0
615,20,616.5,100.8,47.5,43.57,1,1,1.0
615,21,669.35,172.23,77.35,73.91,1,1,1.0
615,26,832.8,142.0,128.2,212.07,1,1,1.0
616,15,241.47,179.82,127.97,177.87,1,1,1.0
616,16,585.7,41.84,22.25,23.75,1,1,1.0
616,17,540.9,43.3,27.45,27.42,1,1,1.0
616,18,612.1,58.72,28.9,28.16,1,1,1.0
616,20,615.8,99.82,47.2,43.56,1,1,1.0
616,21,669.35,169.54,75.85,73.66,1,1,1.0
616,26,832.85,141.87,128.15,212.2,1,1,1.0
617,15,235.84,183.49,129.68,182.03,1,1,1.0
617,16,585.2,42.08,22.55,23.5,1,1,1.0
617,17,540.2,43.06,27.9,27.42,1,1,1.0
617,18,611.15,57.74,28.85,28.4,1,1,1.0
617,20,615.05,98.84,47.0,43.57,1,1,1.0
617,21,669.35,166.85,74.4,73.41,1,1,1.0
617,26,832.91,141.73,128.09,212.34,1,1,1.0
618,15,230.22,187.16,131.39,186.2,1,1,1.0
618,16,584.7,42.32,22.8,23.26,1,1,1.0
618,17,539.45,42.81,28.4,27.42,1,1,1.0
618,18,610.15,56.76,28.9,28.64,1,1,1.0
618,20,614.3,97.86,46.75,43.57,1,1,1.0
618,21,669.35,164.16,72.95,73.17,1,1,1.0
618,26,832.96,141.6,128.04,212.47,1,1,1.0
619,15,224.59,190.82,133.1,190.37,1,1,1.0
619,16,584.2,42.57,23.05,23.02,1,1,1.0
619,17,538.7,42.57,28.9,27.42,1,1,1.0
619,18,609.15,55.78,28.9,28.89,1,1,1.0
619,20,613.6,96.88,46.5,43.57,1,1,1.0
619,21,669.35,161.47,71.45,72.93,1,1,1.0
619,26,833.01,141.47,127.99,212.6,1,1,1.0
620,15,216.51,195.47,136.79,196.23,1,1,1.0
620,16,583.5,42.08,23.5,22.53,1,1,1.0
620,17,538.95,42.08,28.4,27.42,1,1,1.0
620,18,609.15,55.04,28.9,29.38,1,1,1.0
620,20,613.1,96.14,45.75,42.84,1,1,1.0
620,21,668.4,160.49,70.45,70.48,1,1,1.0
620,26,833.07,141.33,127.93,212.74,1,1,1.0
621,15,208.44,200.12,140.45,202.11,1,1,1.0
621,16,582.75,41.59,24.0,22.04,1,1,1.0
621,17,539.2,41.59,27.9,27.42,1,1,1.0
621,18,609.15,54.31,28.9,29.87,1,1,1.0
621,20,612.6,95.42,45.05,42.1,1,1,1.0
621,21,667.4,159.51,69.5,68.03,1,1,1.0
621,26,833.12,141.2,127.88,212.87,1,1,1.0
622,15,200.37,204.77,144.12,207.98,1,1,1.0
622,16,582.0,41.1,24.5,21.55,1,1,1.0
622,17,539.45,41.1,27.4,27.42,1,1,1.0
622,18,609.15,53.58,28.9,30.36,1,1,1.0
622,20,612.1,94.68,44.3,41.36,1,1,1.0
622,21,666.4,158.53,68.55,65.59,1,1,1.0
622,26,833.17,141.07,127.83,213.0,1,1,1.0
623,15,192.29,209.42,147.79,213.84,1,1,1.0
623,16,581.3,40.61,24.95,21.06,1,1,1.0
623,17,539.7,40.61,26.95,27.42,1,1,1.0
623,18,609.15,52.84,28.9,30.84,1,1,1.0
623,20,611.6,93.94,43.6,40.64,1,1,1.0
623,21,665.45,157.56,67.55,63.13,1,1,1.0
623,26,833.23,140.93,127.77,213.14,1,1,1.0
624,15,184.22,214.07,151.46,219.72,1,1,1.0
624,16,580.55,40.12,25.45,20.57,1,1,1.0
624,17,539.95,40.12,26.45,27.42,1,1,1.0
624,18,609.15,52.11,28.9,31.34,1,1,1.0
624,20,611.15,93.21,42.8,39.9,1,1,1.0
624,21,664.45,156.57,66.6,60.7,1,1,1.0
624,26,833.28,140.8,127.72,213.27,1,1,1.0
625,15,176.15,218.72,155.12,225.59,1,1,1.0
625,16,579.8,39.63,25.95,20.08,1,1,1.0
625,17,540.2,39.63,25.95,27.42,1,1,1.0
625,18,609.15,51.38,28.9,31.82,1,1,1.0
625,20,610.65,92.48,42.1,39.16,1,1,1.0
625,21,663.5,155.6,65.55,58.25,1,1,1.0
625,26,833.33,140.67,127.67,213.4,1,1,1.0
626,15,164.16,224.1,162.71,234.64,1,1,1.0
626,16,580.55,39.39,25.2,20.33,1,1,1.0
626,17,540.2,39.63,25.2,26.69,1,1,1.0
626,18,608.95,50.88,28.6,31.58,1,1,1.0
626,20,610.15,91.99,41.85,38.67,1,1,1.0
626,21,663.5,153.64,64.35,58.98,1,1,1.0
626,26,833.39,140.53,127.61,213.54,1,1,1.0
627,15,152.17,229.48,170.3,243.69,1,1,1.0
627,16,581.3,39.14,24.45,20.57,1,1,1.0
627,17,540.2,39.63,24.45,25.95,1,1,1.0
627,18,608.7,50.4,28.4,31.34,1,1,1.0
627,20,609.65,91.5,41.65,38.19,1,1,1.0
627,21,663.5,151.68,63.15,59.72,1,1,1.0
627,26,833.44,140.4,127.56,213.67,1,1,1.0
628,15,140.19,234.86,177.88,252.75,1,1,1.0
628,16,582.0,38.9,23.75,20.82,1,1,1.0
628,17,540.2,39.63,23.75,25.22,1,1,1.0
628,18,608.45,49.91,28.15,31.09,1,1,1.0
628,20,609.15,91.01,41.4,37.7,1,1,1.0
628,21,663.5,149.72,61.9,60.46,1,1,1.0
628,26,833.49,140.27,127.51,213.8,1,1,1.0
629,15,128.19,240.25,185.47,261.8,1,1,1.0
629,16,582.75,38.65,23.0,21.06,1,1,1.0
629,17,540.2,39.63,23.0,24.49,1,1,1.0
629,18,608.2,49.42,27.9,30.85,1,1,1.0
629,20,608.7,90.52,41.1,37.21,1,1,1.0
629,21,663.5,147.77,60.7,61.18,1,1,1.0
629,26,833.55,140.13,127.45,213.94,1,1,1.0
630,15,116.21,245.63,193.05,270.82,1,1,1.0
630,16,583.5,38.41,22.25,21.3,1,1,1.0
630,17,540.2,39.63,22.25,23.75,1,1,1.0
630,18,607.95,48.93,27.65,30.6,1,1,1.0
630,20,608.2,90.03,40.85,36.72,1,1,1.0
630,21,663.5,145.81,59.45,61.92,1,1,1.0
630,26,833.6,140.0,127.4,214.07,1,1,1.0
631,15,104.22,251.01,200.64,279.89,1,1,1.0
631,16,584.2,38.16,21.55,21.55,1,1,1.0
631,17,540.2,39.63,21.55,23.02,1,1,1.0
631,18,607.7,48.44,27.45,30.36,1,1,1.0
631,20,607.7,89.54,40.65,36.23,1,1,1.0
631,21,663.5,143.85,58.25,62.66,1,1,1.0
631,22,642.95,475.6,187.4,65.4,1,1,1.0
631,26,833.65,139.87,127.35,214.2,1,1,1.0
632,15,89.54,259.32,208.22,273.08,1,1,1.0
632,16,583.75,37.68,21.05,21.79,1,1,1.0
632,17,539.95,39.39,21.8,22.77,1,1,1.0
632,18,607.2,48.68,27.7,29.38,1,1,1.0
632,20,607.45,88.56,40.15,36.72,1,1,1.0
632,21,663.0,142.14,58.0,61.92,1,1,1.0
632,22,640.75,463.61,184.7,77.39,1,1,1.0
632,26,833.71,139.73,127.29,214.34,1,1,1.0
633,15,74.86,267.64,215.81,266.21,1,1,1.0
633,16,583.25,37.19,20.55,22.04,1,1,1.0
633,17,539.7,39.14,22.05,22.53,1,1,1.0
633,18,606.75,48.93,27.9,28.4,1,1,1.0
633,20,607.2,87.58,39.65,37.2,1,1,1.0
633,21,662.5,140.43,57.75,61.18,1,1,1.0
633,22,638.55,451.62,182.0,89.38,1,1,1.0
633,26,833.76,139.6,127.24,214.47,1,1,1.0
634,15,60.18,275.96,223.38,265.04,1,1,1.0
634,16,582.75,36.7,20.1,22.28,1,1,1.0
634,17,539.45,38.9,22.3,22.29,1,1,1.0
634,18,606.25,49.18,28.15,27.42,1,1,1.0
634,20,606.95,86.6,39.2,37.7,1,1,1.0
634,21,662.0,138.72,57.55,60.44,1,1,1.0
634,22,636.35,439.63,179.35,101.37,1,1,1.0
634,26,833.81,139.47,127.19,214.6,1,1,1.0
635,15,45.5,284.28,230.98,256.72,1,1,1.0
635,16,582.25,36.21,19.6,22.53,1,1,1.0
635,17,539.2,38.65,22.55,22.04,1,1,1.0
635,18,605.75,49.42,28.4,26.44,1,1,1.0
635,20,606.75,85.62,38.65,38.2,1,1,1.0
635,21,661.55,137.01,57.25,59.71,1,1,1.0
635,22,634.15,427.64,176.65,113.36,1,1,1.0
635,26,833.87,139.33,127.13,214.74,1,1,1.0
636,15,30.83,292.6,238.55,248.4,1,1,1.0
636,16,581.75,35.72,19.15,22.77,1,1,1.0
636,17,538.95,38.41,22.8,21.8,1,1,1.0
636,18,605.25,49.66,28.65,25.47,1,1,1.0
636,20,606.5,84.65,38.15,38.68,1,1,1.0
636,21,661.05,135.29,57.0,58.98,1,1,1.0
636,22,631.95,415.65,173.95,125.35,1,1,1.0
636,26,833.92,139.2,127.08,214.87,1,1,1.0
637,15,16.15,300.92,246.14,240.08,1,1,1.0
637,16,581.3,35.23,18.6,23.02,1,1,1.0
637,17,538.7,38.16,23.05,21.55,1,1,1.0
637,18,604.75,49.91,28.9,24.49,1,1,1.0
637,20,606.25,83.67,37.7,39.16,1,1,1.0
637,21,660.55,133.58,56.8,58.24,1,1,1.0
637,22,629.7,403.67,171.3,137.33,1,1,1.0
637,26,833.97,139.07,127.03,215.0,1,1,1.0
638,15,14.44,315.35,238.8,225.65,1,1,1.0
638,16,581.3,35.47,18.85,22.53,1,1,1.0
638,17,539.2,37.68,22.55,21.79,1,1,1.0
638,18,604.75,49.91,28.4,24.24,1,1,1.0
638,20,605.75,83.67,37.2,38.19,1,1,1.0
638,21,660.55,133.09,55.8,56.78,1,1,1.0
638,22,627.5,394.38,165.9,135.07,1,1,1.0
638,26,834.03,138.93,126.97,215.14,1,1,1.0
639,15,12.72,329.79,231.46,211.21,1,1,1.0
639,16,581.3,35.72,19.1,22.04,1,1,1.0
639,17,539.7,37.19,22.05,22.04,1,1,1.0
639,18,604.75,49.91,27.95,24.0,1,1,1.0
639,20,605.25,83.67,36.75,37.21,1,1,1.0
639,21,660.55,132.6,54.8,55.31,1,1,1.0
639,22,625.3,385.07,160.55,137.03,1,1,1.0
639,26,834.08,138.8,126.92,215.27,1,1,1.0
640,15,1.0,344.22,234.13,196.78,1,1,1.0
640,16,581.3,35.96,19.35,21.55,1,1,1.0
640,17,540.2,36.7,21.55,22.28,1,1,1.0
640,18,604.75,49.91,27.45,23.75,1,1,1.0
640,20,604.75,83.67,36.25,36.23,1,1,1.0
640,21,660.55,132.11,53.85,53.85,1,1,1.0
640,22,623.1,375.78,155.15,138.97,1,1,1.0
640,26,834.13,138.67,126.87,215.4,1,1,1.0
641,15,1.0,358.65,225.07,182.35,1,1,1.0
641,16,581.3,36.21,19.6,21.06,1,1,1.0
641,17,540.65,36.21,21.1,22.53,1,1,1.0
641,18,604.75,49.91,26.95,23.51,1,1,1.0
641,20,604.3,83.67,35.7,35.25,1,1,1.0
641,21,660.55,131.62,52.85,52.38,1,1,1.0
641,22,620.9,366.49,149.75,140.91,1,1,1.0
641,26,834.13,138.72,126.87,215.33,1,1,1.0
642,15,1.0,373.09,216.03,167.91,1,1,1.0
642,16,581.3,36.45,19.8,20.57,1,1,1.0
642,17,541.15,35.72,20.6,22.77,1,1,1.0
642,18,604.75,49.91,26.45,23.26,1,1,1.0
642,20,603.8,83.67,35.25,34.27,1,1,1.0
642,21,660.55,131.13,51.9,50.91,1,1,1.0
642,22,618.7,357.19,144.4,142.89,1,1,1.0
642,26,834.13,138.77,126.87,215.26,1,1,1.0
643,15,1.0,387.52,206.97,153.48,1,1,1.0
643,16,581.3,36.7,20.05,20.08,1,1,1.0
643,17,541.65,35.23,20.1,23.02,1,1,1.0
643,18,604.75,49.91,25.95,23.02,1,1,1.0
643,20,603.3,83.67,34.75,33.3,1,1,1.0
643,21,660.55,130.64,50.9,49.45,1,1,1.0
643,22,616.5,347.89,139.0,144.86,1,1,1.0
643,26,834.13,138.83,126.87,215.18,1,1,1.0
644,16,581.3,36.45,20.05,20.33,1,1,1.0
644,17,541.4,35.47,20.1,22.78,1,1,1.0
644,18,604.3,49.42,26.4,23.02,1,1,1.0
644,20,602.55,83.18,34.8,33.29,1,1,1.0
644,21,659.8,128.93,51.4,50.42,1,1,1.0
644,22,614.3,340.31,137.75,141.67,1,1,1.0
644,26,834.13,138.88,126.87,215.12,1,1,1.0
645,16,581.3,36.21,20.05,20.57,1,1,1.0
645,17,541.15,35.72,20.1,22.53,1,1,1.0
645,18,603.8,48.93,26.9,23.02,1,1,1.0
645,20,601.85,82.69,34.75,33.3,1,1,1.0
645,21,659.1,127.22,51.85,51.4,1,1,1.0
645,22,612.1,332.72,136.55,138.49,1,1,1.0
645,26,834.13,138.93,126.87,215.05,1,1,1.0
646,16,581.3,35.96,20.05,20.82,1,1,1.0
646,17,540.9,35.96,20.1,22.29,1,1,1.0
646,18,603.3,48.44,27.4,23.02,1,1,1.0
646,20,601.1,82.2,34.75,33.3,1,1,1.0
646,21,658.35,125.51,52.35,52.37,1,1,1.0
646,22,609.9,325.14,135.3,135.31,1,1,1.0
646,26,834.13,138.99,126.87,214.97,1,1,1.0
647,16,581.3,35.72,20.05,21.06,1,1,1.0
647,17,540.65,36.21,20.1,22.04,1,1,1.0
647,18,602.8,47.95,27.9,23.02,1,1,1.0
647,20,600.35,81.72,34.8,33.3,1,1,1.0
647,21,657.6,123.79,52.9,53.36,1,1,1.0
647,22,607.7,317.56,134.1,132.13,1,1,1.0
647,26,834.13,139.04,126.87,214.9,1,1,1.0
648,16,581.3,35.47,20.05,21.31,1,1,1.0
648,17,540.45,36.45,20.05,21.8,1,1,1.0
648,18,602.3,47.46,28.4,23.02,1,1,1.0
648,20,599.65,81.22,34.75,33.3,1,1,1.0
648,21,656.9,122.08,53.35,54.33,1,1,1.0
648,22,605.5,309.97,132.85,128.95,1,1,1.0
648,26,834.13,139.09,126.87,214.83,1,1,1.0
649,16,581.3,35.23,20.05,21.55,1,1,1.0
649,17,540.2,36.7,20.05,21.55,1,1,1.0
649,18,601.85,46.97,28.85,23.02,1,1,1.0
649,20,598.9,80.74,34.75,33.3,1,1,1.0
649,21,656.15,120.36,53.85,55.32,1,1,1.0
649,22,603.3,302.38,131.65,125.77,1,1,1.0
649,23,882.2,450.64,78.8,90.36,1,1,1.0
649,26,834.13,139.15,126.87,214.76,1,1,1.0
650,16,580.8,35.23,20.3,21.06,1,1,1.0
650,17,539.95,36.21,20.55,21.8,1,1,1.0
650,18,601.85,46.97,27.65,22.28,1,1,1.0
650,20,598.9,80.0,34.75,32.81,1,1,1.0
650,21,656.4,119.88,53.35,54.09,1,1,1.0
650,22,602.1,297.25,128.45,121.86,1,1,1.0
650,23,872.9,442.32,88.1,98.68,1,1,1.0
650,26,834.13,139.2,126.87,214.69,1,1,1.0
651,16,580.3,35.23,20.6,20.57,1,1,1.0
651,17,539.7,35.72,21.05,22.04,1,1,1.0
651,18,601.85,46.97,26.45,21.55,1,1,1.0
651,20,598.9,79.26,34.75,32.32,1,1,1.0
651,21,656.65,119.39,52.85,52.87,1,1,1.0
651,22,600.85,292.11,125.3,117.94,1,1,1.0
651,23,863.6,434.01,97.4,106.99,1,1,1.0
651,26,834.13,139.25,126.87,214.62,1,1,1.0
652,16,579.8,35.23,20.85,20.08,1,1,1.0
652,17,539.45,35.23,21.55,22.28,1,1,1.0
652,18,601.85,46.97,25.2,20.82,1,1,1.0
652,20,598.9,78.53,34.75,31.83,1,1,1.0
652,21,656.9,118.9,52.35,51.64,1,1,1.0
652,22,599.65,286.97,122.1,114.03,1,1,1.0
652,23,854.3,425.69,106.7,115.31,1,1,1.0
652,26,834.13,139.31,126.87,214.54,1,1,1.0
653,16,579.35,35.23,21.05,19.6,1,1,1.0
653,17,539.2,34.74,22.05,22.53,1,1,1.0
653,18,601.85,46.97,24.0,20.08,1,1,1.0
653,20,598.9,77.8,34.75,31.34,1,1,1.0
653,21,657.15,118.41,51.85,50.42,1,1,1.0
653,22,598.4,281.83,118.95,110.12,1,1,1.0
653,23,845.0,417.37,116.0,123.63,1,1,1.0
653,26,834.13,139.36,126.87,214.48,1,1,1.0
654,16,578.85,35.23,21.3,19.1,1,1,1.0
654,17,538.95,34.25,22.55,22.77,1,1,1.0
654,18,601.85,46.97,22.75,19.35,1,1,1.0
654,20,598.9,77.06,34.75,30.84,1,1,1.0
654,21,657.35,117.92,51.4,49.2,1,1,1.0
654,22,597.2,276.69,115.75,106.2,1,1,1.0
654,23,835.7,409.05,125.3,131.95,1,1,1.0
654,26,834.13,139.41,126.87,214.41,1,1,1.0
655,16,578.35,35.23,21.55,18.61,1,1,1.0
655,17,538.7,33.76,23.05,23.02,1,1,1.0
655,18,601.85,46.97,21.55,18.61,1,1,1.0
655,20,598.9,76.33,34.75,30.36,1,1,1.0
655,21,657.6,117.43,50.9,47.98,1,1,1.0
655,22,595.95,271.56,112.55,102.29,1,1,1.0
655,23,826.4,400.74,134.6,140.26,1,1,1.0
655,26,834.13,139.47,126.87,214.33,1,1,1.0
656,16,578.35,34.98,21.55,17.88,1,1,1.0
656,17,538.7,33.52,22.55,22.53,1,1,1.0
656,18,601.85,45.5,21.55,19.84,1,1,1.0
656,20,598.65,74.86,33.8,30.61,1,1,1.0
656,21,657.35,115.97,50.2,47.72,1,1,1.0
656,22,594.5,266.42,110.6,100.09,1,1,1.0
656,23,820.55,394.13,140.45,136.27,1,1,1.0
656,26,834.13,139.52,126.87,214.26,1,1,1.0
657,16,578.35,34.74,21.55,17.14,1,1,1.0
657,17,538.7,33.27,22.05,22.04,1,1,1.0
657,18,601.85,44.04,21.55,21.06,1,1,1.0
657,20,598.4,73.4,32.8,30.84,1,1,1.0
657,21,657.15,114.5,49.4,47.48,1,1,1.0
657,22,593.05,261.29,108.6,97.88,1,1,1.0
657,23,814.7,387.52,146.3,138.03,1,1,1.0
657,26,834.13,139.57,126.87,214.19,1,1,1.0
658,16,578.35,34.5,21.55,16.41,1,1,1.0
658,17,538.7,33.03,21.55,21.55,1,1,1.0
658,18,601.85,42.57,21.55,22.29,1,1,1.0
658,20,598.15,71.92,31.85,31.1,1,1,1.0
658,21,656.9,113.03,48.7,47.23,1,1,1.0
658,22,591.55,256.14,106.7,95.68,1,1,1.0
658,23,808.8,380.92,152.2,139.73,1,1,1.0
658,26,834.13,139.63,126.87,214.12,1,1,1.0
659,16,578.35,34.25,21.55,15.68,1,1,1.0
659,17,538.7,32.78,21.1,21.06,1,1,1.0
659,18,601.85,41.1,21.55,23.51,1,1,1.0
659,20,597.9,70.46,30.85,31.34,1,1,1.0
659,21,656.65,111.56,47.95,47.0,1,1,1.0
659,22,590.1,251.01,104.7,93.48,1,1,1.0
659,23,802.95,374.31,158.05,141.44,1,1,1.0
659,26,834.13,139.68,126.87,214.05,1,1,1.0
660,16,578.35,34.01,21.55,14.94,1,1,1.0
660,17,538.7,32.54,20.6,20.57,1,1,1.0
660,18,601.85,39.63,21.55,24.73,1,1,1.0
660,20,597.7,68.99,29.85,31.58,1,1,1.0
660,21,656.4,110.09,47.25,46.75,1,1,1.0
660,22,588.6,245.87,102.8,91.27,1,1,1.0
660,23,797.05,367.7,163.95,143.15,1,1,1.0
660,26,834.13,139.73,126.87,213.98,1,1,1.0
661,16,578.35,33.76,21.55,14.21,1,1,1.0
661,17,538.7,32.29,20.1,20.08,1,1,1.0
661,18,601.85,38.16,21.55,25.96,1,1,1.0
661,20,597.45,67.53,28.85,31.82,1,1,1.0
661,21,656.15,108.63,46.5,46.5,1,1,1.0
661,22,587.15,240.74,100.8,89.07,1,1,1.0
661,23,791.2,361.1,169.8,144.85,1,1,1.0
661,26,834.13,139.79,126.87,213.9,1,1,1.0
662,16,578.1,33.27,22.05,14.94,1,1,1.0
662,17,538.7,31.8,20.35,20.08,1,1,1.0
662,18,601.35,37.92,22.5,26.44,1,1,1.0
662,20,596.7,67.53,29.6,31.09,1,1,1.0
662,21,656.4,107.89,46.25,45.77,1,1,1.0
662,22,586.4,237.31,99.35,87.12,1,1,1.0
662,23,783.6,354.25,177.4,143.88,1,1,1.0
662,26,834.13,139.84,126.87,213.84,1,1,1.0
663,16,577.85,32.78,22.55,15.68,1,1,1.0
663,17,538.7,31.32,20.6,20.08,1,1,1.0
663,18,600.85,37.68,23.5,26.93,1,1,1.0
663,20,595.95,67.53,30.35,30.36,1,1,1.0
663,21,656.65,107.16,46.0,45.03,1,1,1.0
663,22,585.7,233.88,97.85,85.17,1,1,1.0
663,23,776.0,347.4,165.9,142.9,1,1,1.0
663,26,834.13,139.89,126.87,213.77,1,1,1.0
664,16,577.6,32.29,23.05,16.41,1,1,1.0
664,17,538.7,30.83,20.85,20.08,1,1,1.0
664,18,600.35,37.43,24.5,27.42,1,1,1.0
664,20,595.25,67.53,31.05,29.62,1,1,1.0
664,21,656.9,106.42,45.75,44.3,1,1,1.0
664,22,584.95,230.46,96.4,83.2,1,1,1.0
664,23,768.45,340.55,166.15,141.92,1,1,1.0
664,26,834.13,139.95,126.87,213.69,1,1,1.0
665,16,577.35,31.8,23.55,17.15,1,1,1.0
665,17,538.7,30.34,21.1,20.08,1,1,1.0
665,18,599.9,37.19,25.45,27.91,1,1,1.0
665,20,594.5,67.53,31.8,28.89,1,1,1.0
665,21,657.15,105.69,45.5,43.57,1,1,1.0
665,22,584.2,227.04,94.95,81.24,1,1,1.0
665,23,760.85,333.7,166.4,140.94,1,1,1.0
665,26,834.13,140.0,126.87,213.62,1,1,1.0
666,16,577.15,31.32,23.95,17.88,1,1,1.0
666,17,538.7,29.85,21.3,20.08,1,1,1.0
666,18,599.4,36.94,26.45,28.4,1,1,1.0
666,20,593.75,67.53,32.55,28.16,1,1,1.0
666,21,657.35,104.96,45.3,42.83,1,1,1.0
666,22,583.5,223.61,93.45,79.28,1,1,1.0
666,23,753.25,326.85,166.65,139.96,1,1,1.0
666,26,834.13,140.05,126.87,213.55,1,1,1.0
667,16,576.9,30.83,24.45,18.61,1,1,1.0
667,17,538.7,29.36,21.55,20.08,1,1,1.0
667,18,598.9,36.7,27.4,28.89,1,1,1.0
667,20,593.05,67.53,33.25,27.42,1,1,1.0
667,21,657.6,104.22,45.05,42.1,1,1,1.0
667,22,582.75,220.19,92.0,77.32,1,1,1.0
667,23,745.7,320.0,166.85,138.98,1,1,1.0
667,26,834.13,140.11,126.87,213.48,1,1,1.0
668,18,599.15,36.94,26.7,27.42,1,1,1.0
668,20,593.25,66.3,32.6,28.16,1,1,1.0
668,21,657.85,103.49,44.8,41.61,1,1,1.0
668,22,582.25,217.01,90.05,75.86,1,1,1.0
668,23,741.55,316.33,162.45,135.31,1,1,1.0
668,26,834.13,140.16,126.87,213.41,1,1,1.0
669,18,599.4,37.19,25.95,25.95,1,1,1.0
669,20,593.5,65.08,31.85,28.89,1,1,1.0
669,21,658.1,102.75,44.55,41.13,1,1,1.0
669,22,581.75,213.82,88.1,74.39,1,1,1.0
669,23,737.35,312.66,158.1,131.65,1,1,1.0
669,26,834.13,140.21,126.87,213.34,1,1,1.0
670,18,599.65,37.43,25.2,24.48,1,1,1.0
670,20,593.75,63.86,31.1,29.62,1,1,1.0
670,21,658.35,102.02,44.3,40.63,1,1,1.0
670,22,581.3,210.64,86.1,72.93,1,1,1.0
670,23,733.2,308.99,153.65,127.97,1,1,1.0
670,26,834.13,140.27,126.87,213.26,1,1,1.0
671,18,599.9,37.68,24.45,23.02,1,1,1.0
671,20,594.0,62.63,30.35,30.36,1,1,1.0
671,21,658.6,101.29,44.05,40.14,1,1,1.0
671,22,580.8,207.46,84.2,71.46,1,1,1.0
671,23,729.05,305.32,149.25,124.31,1,1,1.0
671,26,834.13,140.32,126.87,213.2,1,1,1.0
672,18,600.1,37.92,23.75,21.55,1,1,1.0
672,20,594.25,61.4,29.6,31.1,1,1,1.0
672,21,658.85,100.55,43.8,39.66,1,1,1.0
672,22,580.3,204.28,82.25,69.99,1,1,1.0
672,23,724.9,301.65,144.85,120.64,1,1,1.0
672,26,834.13,140.37,126.87,213.13,1,1,1.0
673,18,600.35,38.16,23.05,20.08,1,1,1.0
673,20,594.5,60.18,28.9,31.82,1,1,1.0
673,21,659.1,99.82,43.55,39.16,1,1,1.0
673,22,579.8,201.1,80.3,68.53,1,1,1.0
673,23,720.75,297.98,140.45,116.96,1,1,1.0
673,26,834.13,140.43,126.87,213.05,1,1,1.0
674,18,600.1,38.16,22.8,20.08,1,1,1.0
674,20,594.25,60.18,28.65,31.34,1,1,1.0
674,21,659.35,99.08,42.8,39.4,1,1,1.0
674,22,579.8,198.16,79.05,69.02,1,1,1.0
674,23,716.35,293.33,138.0,115.74,1,1,1.0
674,26,834.13,140.48,126.87,212.98,1,1,1.0
675,18,599.9,38.16,22.5,20.08,1,1,1.0
675,20,594.0,60.18,28.4,30.84,1,1,1.0
675,21,659.55,98.35,42.1,39.66,1,1,1.0
675,22,579.8,195.23,77.85,69.5,1,1,1.0
675,23,711.95,288.69,135.55,114.51,1,1,1.0
675,26,834.13,140.53,126.87,212.91,1,1,1.0
676,18,599.65,38.16,22.25,20.08,1,1,1.0
676,20,593.75,60.18,28.15,30.36,1,1,1.0
676,21,659.8,97.62,41.4,39.9,1,1,1.0
676,22,579.8,192.29,76.6,70.0,1,1,1.0
676,23,707.5,284.04,133.15,113.29,1,1,1.0
676,26,834.13,140.59,126.87,212.84,1,1,1.0
677,18,599.4,38.16,22.05,20.08,1,1,1.0
677,20,593.5,60.18,27.95,29.86,1,1,1.0
677,21,660.05,96.88,40.65,40.15,1,1,1.0
677,22,579.8,189.36,75.4,70.48,1,1,1.0
677,23,703.1,279.39,130.7,112.07,1,1,1.0
677,26,834.13,140.64,126.87,212.77,1,1,1.0
678,18,599.15,38.16,21.8,20.08,1,1,1.0
678,20,593.25,60.18,27.7,29.38,1,1,1.0
678,21,660.3,96.14,39.9,40.4,1,1,1.0
678,22,579.8,186.42,74.15,70.97,1,1,1.0
678,23,698.7,274.74,128.25,110.84,1,1,1.0
678,26,834.13,140.69,126.87,212.7,1,1,1.0
679,18,598.9,38.16,21.55,20.08,1,1,1.0
679,20,593.05,60.18,27.4,28.89,1,1,1.0
679,21,660.55,95.42,39.15,40.62,1,1,1.0
679,22,579.8,183.49,72.95,71.45,1,1,1.0
679,23,694.3,270.09,125.8,109.62,1,1,1.0
679,24,833.75,490.27,127.25,50.73,1,1,1.0
679,26,834.13,140.75,126.87,212.62,1,1,1.0
680,18,599.15,38.16,21.05,19.84,1,1,1.0
680,20,592.3,59.94,27.9,28.64,1,1,1.0
680,21,659.8,94.68,39.9,40.14,1,1,1.0
680,22,578.85,181.04,72.45,69.99,1,1,1.0
680,23,691.15,266.18,123.05,107.42,1,1,1.0
680,24,826.65,477.56,134.35,63.44,1,1,1.0
680,26,834.13,140.8,126.87,212.56,1,1,1.0
681,18,599.4,38.16,20.55,19.6,1,1,1.0
681,20,591.55,59.7,28.4,28.4,1,1,1.0
681,21,659.1,93.94,40.6,39.66,1,1,1.0
681,22,577.85,178.6,71.95,68.52,1,1,1.0
681,23,687.95,262.26,120.4,105.23,1,1,1.0
681,24,819.55,464.83,141.45,76.17,1,1,1.0
681,26,834.13,140.85,126.87,212.49,1,1,1.0
682,18,599.65,38.16,20.05,19.35,1,1,1.0
682,20,590.85,59.45,28.85,28.16,1,1,1.0
682,21,658.35,93.21,41.35,39.17,1,1,1.0
682,22,576.9,176.15,71.45,67.05,1,1,1.0
682,23,684.75,258.35,117.7,103.02,1,1,1.0
682,24,812.5,452.11,148.5,88.89,1,1,1.0
682,26,834.13,140.91,126.87,212.41,1,1,1.0
683,18,599.9,38.16,19.55,19.1,1,1,1.0
683,20,590.1,59.2,29.35,27.91,1,1,1.0
683,21,657.6,92.48,42.1,38.68,1,1,1.0
683,22,575.9,173.7,70.95,65.59,1,1,1.0
683,23,681.6,254.44,115.0,100.81,1,1,1.0
683,24,805.4,439.39,155.6,101.61,1,1,1.0
683,26,834.13,140.96,126.87,212.34,1,1,1.0
684,18,600.1,38.16,19.15,18.86,1,1,1.0
684,20,589.35,58.96,29.9,27.66,1,1,1.0
684,21,656.9,91.74,42.8,38.18,1,1,1.0
684,22,574.9,171.26,70.5,64.12,1,1,1.0
684,23,678.4,250.52,112.3,98.61,1,1,1.0
684,24,798.3,426.67,162.7,114.33,1,1,1.0
684,26,834.13,141.01,126.87,212.27,1,1,1.0
685,18,600.35,38.16,18.65,18.61,1,1,1.0
685,20,588.6,58.72,30.4,27.42,1,1,1.0
685,21,656.15,91.01,43.55,37.7,1,1,1.0
685,22,573.95,168.81,70.0,62.65,1,1,1.0
685,23,675.25,246.6,109.6,96.42,1,1,1.0
685,24,791.2,413.94,169.8,127.06,1,1,1.0
685,26,834.13,141.07,126.87,212.2,1,1,1.0
686,20,588.4,57.49,29.6,27.92,1,1,1.0
686,21,656.9,90.03,42.8,38.19,1,1,1.0
686,22,573.7,166.6,69.0,61.93,1,1,1.0
686,23,672.05,243.18,107.9,95.68,1,1,1.0
686,24,786.55,404.4,174.45,126.5,1,1,1.0
686,26,834.13,141.12,126.87,212.13,1,1,1.0
687,20,588.15,56.27,28.85,28.4,1,1,1.0
687,21,657.6,89.05,42.1,38.68,1,1,1.0
687,22,573.45,164.41,68.05,61.18,1,1,1.0
687,23,668.85,239.76,106.2,94.94,1,1,1.0
687,24,781.9,394.86,164.9,131.64,1,1,1.0
687,26,834.13,141.17,126.87,212.06,1,1,1.0
688,20,587.9,55.04,28.15,28.89,1,1,1.0
688,21,658.35,88.08,41.35,39.16,1,1,1.0
688,22,573.2,162.2,67.05,60.45,1,1,1.0
688,23,665.7,236.33,104.45,94.21,1,1,1.0
688,24,777.25,385.32,166.15,136.78,1,1,1.0
688,26,834.13,141.23,126.87,211.98,1,1,1.0
689,20,587.65,53.82,27.4,29.38,1,1,1.0
689,21,659.1,87.1,40.6,39.66,1,1,1.0
689,22,572.95,160.0,66.1,59.72,1,1,1.0
689,23,662.5,232.91,102.8,93.47,1,1,1.0
689,24,772.6,375.78,167.35,141.92,1,1,1.0
689,26,834.13,141.28,126.87,211.92,1,1,1.0
690,20,587.4,52.6,26.7,29.87,1,1,1.0
690,21,659.8,86.12,39.9,40.15,1,1,1.0
690,22,572.7,157.8,65.1,58.98,1,1,1.0
690,23,659.35,229.48,101.05,92.75,1,1,1.0
690,24,767.95,366.24,168.6,147.06,1,1,1.0
690,26,834.13,141.33,126.87,211.85,1,1,1.0
691,20,587.15,51.38,25.95,30.36,1,1,1.0
691,21,660.55,85.14,39.15,40.63,1,1,1.0
691,22,572.5,155.6,64.1,58.25,1,1,1.0
691,23,656.15,226.06,99.35,92.01,1,1,1.0
691,24,763.3,356.69,169.8,152.21,1,1,1.0
691,26,834.13,141.39,126.87,211.77,1,1,1.0
692,20,586.9,51.62,26.45,29.87,1,1,1.0
692,21,660.55,85.62,38.9,39.42,1,1,1.0
692,22,571.75,154.62,63.6,56.78,1,1,1.0
692,23,652.95,223.85,99.1,89.08,1,1,1.0
692,24,759.9,349.12,165.85,149.25,1,1,1.0
692,26,834.13,141.44,126.87,211.7,1,1,1.0
693,20,586.65,51.86,26.95,29.38,1,1,1.0
693,21,660.55,86.12,38.7,38.2,1,1,1.0
693,22,571.0,153.64,63.15,55.31,1,1,1.0
693,23,649.8,221.65,98.85,86.14,1,1,1.0
693,24,756.45,341.53,162.0,146.32,1,1,1.0
693,26,834.13,141.49,126.87,211.63,1,1,1.0
694,20,586.4,52.11,27.45,28.89,1,1,1.0
694,21,660.55,86.6,38.45,36.97,1,1,1.0
694,22,570.3,152.66,62.65,53.85,1,1,1.0
694,23,646.6,219.45,98.6,83.2,1,1,1.0
694,24,753.05,333.94,158.05,143.39,1,1,1.0
694,26,834.13,141.55,126.87,211.56,1,1,1.0
695,20,586.2,52.36,27.9,28.4,1,1,1.0
695,21,660.55,87.1,38.2,35.74,1,1,1.0
695,22,569.55,151.68,62.15,52.38,1,1,1.0
695,23,643.45,217.25,98.35,80.26,1,1,1.0
695,24,749.6,326.36,154.15,140.45,1,1,1.0
695,26,834.13,141.6,126.87,211.49,1,1,1.0
696,20,585.95,52.6,28.4,27.91,1,1,1.0
696,21,660.55,87.58,37.95,34.52,1,1,1.0
696,22,568.8,150.71,61.7,50.9,1,1,1.0
696,23,640.25,215.04,98.1,77.34,1,1,1.0
696,24,746.2,318.77,150.2,137.52,1,1,1.0
696,26,834.13,141.65,126.87,211.42,1,1,1.0
697,20,585.7,52.84,28.9,27.42,1,1,1.0
697,21,660.55,88.08,37.7,33.28,1,1,1.0
697,22,568.05,149.72,61.2,49.44,1,1,1.0
697,23,637.05,212.85,97.9,74.39,1,1,1.0
697,24,742.75,311.19,146.3,134.58,1,1,1.0
697,26,834.13,141.71,126.87,211.34,1,1,1.0
698,20,585.45,53.09,28.65,26.44,1,1,1.0
698,21,660.3,87.58,37.95,33.06,1,1,1.0
698,22,567.6,148.5,60.7,49.19,1,1,1.0
698,23,635.1,210.64,95.7,74.4,1,1,1.0
698,24,739.35,306.3,143.6,133.35,1,1,1.0
698,26,834.13,141.76,126.87,211.28,1,1,1.0
699,20,585.2,53.34,28.4,25.46,1,1,1.0
699,21,660.05,87.1,38.2,32.8,1,1,1.0
699,22,567.1,147.28,60.2,48.95,1,1,1.0
699,23,633.15,208.44,93.5,74.39,1,1,1.0
699,24,735.9,301.4,140.95,132.14,1,1,1.0
699,26,834.13,141.81,126.87,211.21,1,1,1.0
700,20,584.95,53.58,28.15,24.48,1,1,1.0
700,21,659.8,86.6,38.45,32.56,1,1,1.0
700,22,566.6,146.06,59.7,48.7,1,1,1.0
700,23,631.2,206.24,91.25,74.39,1,1,1.0
700,24,732.5,296.51,138.2,130.91,1,1,1.0
700,26,834.13,141.87,126.87,211.13,1,1,1.0
701,20,584.7,53.82,27.9,23.5,1,1,1.0
701,21,659.55,86.12,38.7,32.32,1,1,1.0
701,22,566.1,144.83,59.25,48.46,1,1,1.0
701,23,629.25,204.04,89.05,74.39,1,1,1.0
701,24,729.05,291.62,135.55,129.69,1,1,1.0
701,26,834.17,141.8,126.83,211.09,1,1,1.0
702,20,584.45,54.06,27.7,22.53,1,1,1.0
702,21,659.35,85.62,38.9,32.06,1,1,1.0
702,22,565.65,143.61,58.7,48.21,1,1,1.0
702,23,627.3,201.84,86.85,74.39,1,1,1.0
702,24,725.65,286.73,132.85,128.46,1,1,1.0
702,26,834.2,141.72,126.8,211.07,1,1,1.0
703,20,584.2,54.31,27.45,21.55,1,1,1.0
703,21,659.1,85.14,39.15,31.83,1,1,1.0
703,22,565.15,142.38,58.25,47.98,1,1,1.0
703,23,625.3,199.63,84.7,74.4,1,1,1.0
703,24,722.2,281.83,130.2,127.24,1,1,1.0
703,26,834.24,141.65,126.76,211.03,1,1,1.0
704,20,584.2,54.31,27.2,21.55,1,1,1.0
704,21,658.6,84.65,38.65,32.56,1,1,1.0
704,22,564.65,140.68,58.0,47.72,1,1,1.0
704,23,624.35,196.94,83.2,73.42,1,1,1.0
704,24,720.5,277.68,127.25,124.06,1,1,1.0
704,26,834.28,141.58,126.72,210.99,1,1,1.0
705,20,584.2,54.31,26.95,21.55,1,1,1.0
705,21,658.1,84.16,38.2,33.3,1,1,1.0
705,22,564.15,138.96,57.75,47.48,1,1,1.0
705,23,623.35,194.25,81.75,72.44,1,1,1.0
705,24,718.8,273.51,124.3,120.88,1,1,1.0
705,26,834.31,141.51,126.69,210.96,1,1,1.0
706,20,584.2,54.31,26.7,21.55,1,1,1.0
706,21,657.6,83.67,37.7,34.02,1,1,1.0
706,22,563.65,137.25,57.55,47.24,1,1,1.0
706,23,622.4,191.56,80.25,71.46,1,1,1.0
706,24,717.05,269.36,121.4,117.7,1,1,1.0
706,26,834.35,141.44,126.65,210.92,1,1,1.0
707,20,584.2,54.31,26.45,21.55,1,1,1.0
707,21,657.15,83.18,37.2,34.76,1,1,1.0
707,22,563.2,135.54,57.25,46.99,1,1,1.0
707,23,621.4,188.87,78.8,70.48,1,1,1.0
707,24,715.35,265.2,118.45,114.51,1,1,1.0
707,26,834.38,141.37,126.62,210.88,1,1,1.0
708,20,584.2,54.31,26.2,21.55,1,1,1.0
708,21,656.65,82.69,36.7,35.5,1,1,1.0
708,22,562.7,133.82,57.0,46.75,1,1,1.0
708,23,620.45,186.18,77.3,69.5,1,1,1.0
708,24,713.65,261.04,115.5,111.34,1,1,1.0
708,26,834.42,141.3,126.58,210.85,1,1,1.0
709,20,584.2,54.31,25.95,21.55,1,1,1.0
709,21,656.15,82.2,36.25,36.23,1,1,1.0
709,22,562.2,132.11,56.8,46.51,1,1,1.0
709,23,619.45,183.49,75.85,68.52,1,1,1.0
709,24,711.95,256.88,112.55,108.16,1,1,1.0
709,26,834.45,141.23,126.55,210.81,1,1,1.0
710,20,583.75,53.58,25.95,21.8,1,1,1.0
710,21,656.15,81.47,36.25,35.74,1,1,1.0
710,22,562.2,130.16,55.8,46.74,1,1,1.0
710,23,617.25,181.78,74.9,68.03,1,1,1.0
710,24,709.95,253.21,110.6,105.71,1,1,1.0
710,26,834.49,141.16,126.51,210.77,1,1,1.0
711,20,583.25,52.84,25.95,22.04,1,1,1.0
711,21,656.15,80.74,36.25,35.26,1,1,1.0
711,22,562.2,128.19,54.8,47.0,1,1,1.0
711,23,615.05,180.06,73.9,67.54,1,1,1.0
711,24,708.0,249.54,108.65,103.27,1,1,1.0
711,26,834.52,141.08,126.48,210.75,1,1,1.0
712,20,582.75,52.11,25.95,22.28,1,1,1.0
712,21,656.15,80.0,36.25,34.76,1,1,1.0
712,22,562.2,126.24,53.85,47.23,1,1,1.0
712,23,612.85,178.35,72.9,67.06,1,1,1.0
712,24,706.05,245.87,106.7,100.82,1,1,1.0
712,26,834.56,141.01,126.44,210.71,1,1,1.0
713,20,582.25,51.38,25.95,22.53,1,1,1.0
713,21,656.15,79.26,36.25,34.28,1,1,1.0
713,22,562.2,124.28,52.85,47.48,1,1,1.0
713,23,610.65,176.63,71.95,66.57,1,1,1.0
713,24,704.1,242.2,104.75,98.37,1,1,1.0
713,26,834.6,140.94,126.4,210.67,1,1,1.0
714,20,581.75,50.64,26.0,22.78,1,1,1.0
714,21,656.15,78.53,36.25,33.79,1,1,1.0
714,22,562.2,122.33,51.9,47.72,1,1,1.0
714,23,608.45,174.93,70.95,66.07,1,1,1.0
714,24,702.15,238.53,102.75,95.92,1,1,1.0
714,26,834.63,140.87,126.37,210.64,1,1,1.0
715,20,581.3,49.91,25.95,23.02,1,1,1.0
715,21,656.15,77.8,36.25,33.29,1,1,1.0
715,22,562.2,120.36,50.9,47.98,1,1,1.0
715,23,606.25,173.21,70.0,65.59,1,1,1.0
715,24,700.2,234.86,100.8,93.48,1,1,1.0
715,26,834.67,140.8,126.33,210.6,1,1,1.0
716,20,581.05,49.18,25.95,22.78,1,1,1.0
716,21,655.9,76.82,36.0,33.05,1,1,1.0
716,22,561.95,119.39,50.65,47.24,1,1,1.0
716,23,604.55,170.76,70.2,65.34,1,1,1.0
716,24,698.95,231.68,99.35,91.76,1,1,1.0
716,26,834.7,140.73,126.3,210.56,1,1,1.0
717,20,580.8,48.44,25.95,22.53,1,1,1.0
717,21,655.65,75.84,35.75,32.81,1,1,1.0
717,22,561.7,118.41,50.45,46.5,1,1,1.0
717,23,602.8,168.32,70.5,65.09,1,1,1.0
717,24,697.75,228.5,97.85,90.06,1,1,1.0
717,26,834.74,140.66,126.26,210.53,1,1,1.0
718,20,580.55,47.71,25.95,22.28,1,1,1.0
718,21,655.4,74.86,35.5,32.56,1,1,1.0
718,22,561.45,117.43,50.2,45.77,1,1,1.0
718,23,601.1,165.87,70.75,64.85,1,1,1.0
718,24,696.5,225.32,96.45,88.34,1,1,1.0
718,26,834.77,140.59,126.23,210.49,1,1,1.0
719,20,580.3,46.97,25.95,22.04,1,1,1.0
719,21,655.15,73.89,35.25,32.32,1,1,1.0
719,22,561.2,116.46,49.95,45.03,1,1,1.0
719,23,599.4,163.43,70.95,64.61,1,1,1.0
719,24,695.3,222.14,94.95,86.63,1,1,1.0
719,26,834.81,140.52,126.19,210.45,1,1,1.0
720,20,580.05,46.24,25.95,21.8,1,1,1.0
720,21,654.9,72.9,35.05,32.06,1,1,1.0
720,22,561.0,115.47,49.65,44.31,1,1,1.0
720,23,597.7,160.98,71.2,64.37,1,1,1.0
720,24,694.05,218.96,93.5,84.92,1,1,1.0
720,26,834.84,140.44,126.16,210.43,1,1,1.0
721,20,579.8,45.5,25.95,21.55,1,1,1.0
721,21,654.7,71.92,34.75,31.82,1,1,1.0
721,22,560.75,114.5,49.4,43.57,1,1,1.0
721,23,595.95,158.53,71.45,64.12,1,1,1.0
721,24,692.85,215.78,92.0,83.2,1,1,1.0
721,26,834.88,140.37,126.12,210.39,1,1,1.0
722,20,579.8,45.5,25.5,21.3,1,1,1.0
722,21,654.45,72.17,34.5,31.34,1,1,1.0
722,22,560.5,113.76,48.95,43.08,1,1,1.0
722,23,595.0,158.04,70.0,62.41,1,1,1.0
722,24,690.15,212.85,91.5,81.48,1,1,1.0
722,26,834.92,140.3,126.08,210.35,1,1,1.0
723,20,579.8,45.5,25.0,21.06,1,1,1.0
723,21,654.2,72.42,34.25,30.86,1,1,1.0
723,22,560.25,113.03,48.45,42.59,1,1,1.0
723,23,594.0,157.56,68.55,60.69,1,1,1.0
723,24,687.45,209.91,91.05,79.78,1,1,1.0
723,26,834.95,140.23,126.05,210.32,1,1,1.0
724,20,579.8,45.5,24.5,20.82,1,1,1.0
724,21,653.95,72.66,34.0,30.36,1,1,1.0
724,22,560.0,112.3,47.95,42.1,1,1,1.0
724,23,593.05,157.07,67.05,58.97,1,1,1.0
724,24,684.75,206.97,90.55,78.07,1,1,1.0
724,26,834.99,140.16,126.01,210.28,1,1,1.0
725,20,579.8,45.5,24.0,20.57,1,1,1.0
725,21,653.7,72.9,33.8,29.88,1,1,1.0
725,22,559.75,111.56,47.5,41.61,1,1,1.0
725,23,592.05,156.57,65.6,57.28,1,1,1.0
725,24,682.1,204.04,90.05,76.35,1,1,1.0
725,26,835.02,140.09,125.98,210.24,1,1,1.0
726,20,579.8,45.5,23.5,20.32,1,1,1.0
726,21,653.45,73.15,33.55,29.38,1,1,1.0
726,22,559.5,110.83,47.0,41.12,1,1,1.0
726,23,591.05,156.09,64.15,55.55,1,1,1.0
726,24,679.4,201.1,89.55,74.64,1,1,1.0
726,26,835.06,140.02,125.94,210.21,1,1,1.0
727,20,579.8,45.5,23.05,20.08,1,1,1.0
727,21,653.2,73.4,33.3,28.9,1,1,1.0
727,22,559.25,110.09,46.5,40.63,1,1,1.0
727,23,590.1,155.6,62.65,53.84,1,1,1.0
727,24,676.7,198.16,89.05,72.93,1,1,1.0
727,25,672.3,471.19,191.8,69.81,1,1,1.0
727,26,835.09,139.95,125.91,210.17,1,1,1.0
728,20,579.55,44.77,22.8,20.58,1,1,1.0
728,21,652.7,71.92,33.8,29.38,1,1,1.0
728,22,559.25,108.63,46.5,40.63,1,1,1.0
728,23,589.1,153.15,61.7,53.85,1,1,1.0
728,24,675.7,195.23,87.85,72.19,1,1,1.0
728,25,668.4,459.94,189.85,81.06,1,1,1.0
728,26,835.13,139.88,125.87,210.13,1,1,1.0
729,20,579.35,44.04,22.5,21.06,1,1,1.0
729,21,652.25,70.46,34.25,29.86,1,1,1.0
729,22,559.25,107.16,46.5,40.63,1,1,1.0
729,23,588.15,150.71,60.7,53.83,1,1,1.0
729,24,674.75,192.29,86.6,71.46,1,1,1.0
729,25,664.45,448.69,187.95,92.31,1,1,1.0
729,26,835.16,139.8,125.84,210.11,1,1,1.0
730,20,579.1,43.3,22.25,21.55,1,1,1.0
730,21,651.75,68.99,34.75,30.36,1,1,1.0
730,22,559.25,105.69,46.5,40.63,1,1,1.0
730,23,587.15,148.26,59.7,53.84,1,1,1.0
730,24,673.75,189.36,85.4,70.72,1,1,1.0
730,25,660.55,437.43,185.95,103.57,1,1,1.0
730,26,835.2,139.73,125.8,210.07,1,1,1.0
731,20,578.85,42.57,22.05,22.04,1,1,1.0
731,21,651.25,67.53,35.25,30.84,1,1,1.0
731,22,559.25,104.22,46.5,40.63,1,1,1.0
731,23,586.2,145.81,58.7,53.85,1,1,1.0
731,24,672.8,186.42,84.15,69.99,1,1,1.0
731,25,656.65,426.18,184.0,114.82,1,1,1.0
731,26,835.2,139.73,125.8,210.11,1,1,1.0
732,20,578.6,41.84,21.8,22.53,1,1,1.0
732,21,650.75,66.06,35.75,31.34,1,1,1.0
732,22,559.25,102.75,46.5,40.63,1,1,1.0
732,23,585.2,143.37,57.75,53.84,1,1,1.0
732,24,671.8,183.49,82.95,69.26,1,1,1.0
732,25,652.7,414.93,182.05,126.07,1,1,1.0
732,26,835.2,139.73,125.8,210.14,1,1,1.0
733,20,578.35,41.1,21.55,23.02,1,1,1.0
733,21,650.3,64.58,36.2,31.83,1,1,1.0
733,22,559.25,101.29,46.5,40.62,1,1,1.0
733,23,584.2,140.91,56.8,53.85,1,1,1.0
733,24,670.85,180.55,81.7,68.52,1,1,1.0
733,25,648.8,403.67,180.1,137.33,1,1,1.0
733,26,835.2,139.73,125.8,210.18,1,1,1.0
734,20,578.35,40.86,21.55,22.53,1,1,1.0
734,21,649.55,64.83,36.45,30.36,1,1,1.0
734,22,559.0,99.82,46.05,40.88,1,1,1.0
734,23,584.0,139.45,55.8,52.87,1,1,1.0
734,24,669.85,177.86,80.25,67.79,1,1,1.0
734,25,645.65,393.15,175.9,135.3,1,1,1.0
734,26,835.2,139.73,125.8,210.21,1,1,1.0
735,20,578.35,40.61,21.55,22.04,1,1,1.0
735,21,648.8,65.08,36.75,28.89,1,1,1.0
735,22,558.8,98.35,45.5,41.12,1,1,1.0
735,23,583.75,137.98,54.8,51.89,1,1,1.0
735,24,668.85,175.17,78.8,67.05,1,1,1.0
735,25,642.45,382.63,171.75,137.52,1,1,1.0
735,26,835.2,139.73,125.8,210.25,1,1,1.0
736,20,578.35,40.37,21.55,21.55,1,1,1.0
736,21,648.05,65.32,37.0,27.42,1,1,1.0
736,22,558.55,96.88,45.0,41.37,1,1,1.0
736,23,583.5,136.51,53.85,50.91,1,1,1.0
736,24,667.9,172.47,77.3,66.33,1,1,1.0
736,25,639.25,372.11,167.6,139.74,1,1,1.0
736,26,835.2,139.73,125.8,210.28,1,1,1.0
737,20,578.35,40.12,21.55,21.06,1,1,1.0
737,21,647.35,65.56,37.2,25.96,1,1,1.0
737,22,558.3,95.42,44.55,41.62,1,1,1.0
737,23,583.25,135.04,52.85,49.93,1,1,1.0
737,24,666.9,169.79,75.85,65.59,1,1,1.0
737,25,636.1,361.59,163.45,141.91,1,1,1.0
737,26,835.2,139.73,125.8,210.32,1,1,1.0
738,20,578.35,39.88,21.55,20.57,1,1,1.0
738,21,646.6,65.81,37.45,24.48,1,1,1.0
738,22,558.05,93.94,44.05,41.86,1,1,1.0
738,23,583.0,133.58,51.9,48.95,1,1,1.0
738,24,665.95,167.1,74.4,64.85,1,1,1.0
738,25,632.9,351.07,159.3,144.12,1,1,1.0
738,26,835.2,139.73,125.8,210.35,1,1,1.0
739,20,578.35,39.63,21.55,20.08,1,1,1.0
739,21,645.85,66.06,37.7,23.02,1,1,1.0
739,22,557.8,92.48,43.55,42.1,1,1,1.0
739,23,582.75,132.11,50.9,47.98,1,1,1.0
739,24,664.95,164.41,72.95,64.12,1,1,1.0
739,25,629.7,340.55,155.15,146.32,1,1,1.0
739,26,835.2,139.73,125.8,210.39,1,1,1.0
740,20,577.85,39.14,21.55,20.57,1,1,1.0
740,21,645.85,65.08,36.75,24.24,1,1,1.0
740,22,557.3,92.72,43.35,41.13,1,1,1.0
740,23,581.55,131.13,50.9,47.49,1,1,1.0
740,24,664.0,162.94,71.9,63.87,1,1,1.0
740,25,627.3,333.94,150.95,141.44,1,1,1.0
740,26,835.2,139.73,125.8,210.43,1,1,1.0
741,20,577.35,38.65,21.55,21.06,1,1,1.0
741,21,645.85,64.1,35.75,25.46,1,1,1.0
741,22,556.8,92.96,43.1,40.15,1,1,1.0
741,23,580.3,130.16,50.9,46.99,1,1,1.0
741,24,663.0,161.47,70.95,63.63,1,1,1.0
741,25,624.85,327.34,146.8,136.54,1,1,1.0
741,26,835.2,139.73,125.8,210.46,1,1,1.0
742,20,576.9,38.16,21.55,21.55,1,1,1.0
742,21,645.85,63.12,34.8,26.68,1,1,1.0
742,22,556.35,93.21,42.8,39.17,1,1,1.0
742,23,579.1,129.18,50.9,46.5,1,1,1.0
742,24,662.0,160.0,70.0,63.38,1,1,1.0
742,25,622.4,320.74,142.65,131.64,1,1,1.0
742,26,835.2,139.73,125.8,210.5,1,1,1.0
743,20,576.4,37.68,21.55,22.04,1,1,1.0
743,21,645.85,62.14,33.8,27.91,1,1,1.0
743,22,555.85,93.46,42.6,38.18,1,1,1.0
743,23,577.85,128.19,50.9,46.02,1,1,1.0
743,24,661.05,158.53,69.0,63.15,1,1,1.0
743,25,619.95,314.13,138.5,126.75,1,1,1.0
743,26,835.2,139.73,125.8,210.53,1,1,1.0
744,20,575.9,37.19,21.55,22.53,1,1,1.0
744,21,645.85,61.16,32.85,29.14,1,1,1.0
744,22,555.35,93.7,42.35,37.21,1,1,1.0
744,23,576.65,127.22,50.9,45.53,1,1,1.0
744,24,660.05,157.07,68.05,62.89,1,1,1.0
744,25,617.5,307.52,134.35,121.86,1,1,1.0
744,26,835.2,139.73,125.8,210.57,1,1,1.0
745,20,575.4,36.7,21.55,23.02,1,1,1.0
745,21,645.85,60.18,31.85,30.36,1,1,1.0
745,22,554.85,93.94,42.1,36.24,1,1,1.0
745,23,575.4,126.24,50.9,45.04,1,1,1.0
745,24,659.1,155.6,67.05,62.65,1,1,1.0
745,25,615.05,300.92,130.15,116.96,1,1,1.0
745,26,835.2,139.73,125.8,210.6,1,1,1.0
746,20,575.65,36.94,21.3,22.53,1,1,1.0
746,21,645.15,60.18,32.05,29.86,1,1,1.0
746,22,554.85,93.21,41.6,35.98,1,1,1.0
746,23,575.15,125.51,50.2,45.28,1,1,1.0
746,24,657.85,153.88,66.6,62.16,1,1,1.0
746,25,613.8,294.56,127.5,114.76,1,1,1.0
746,26,835.2,139.73,125.8,210.64,1,1,1.0
747,20,575.9,37.19,21.05,22.04,1,1,1.0
747,21,644.4,60.18,32.3,29.38,1,1,1.0
747,22,554.85,92.48,41.15,35.74,1,1,1.0
747,23,574.9,124.77,49.45,45.52,1,1,1.0
747,24,656.65,152.17,66.05,61.68,1,1,1.0
747,25,612.6,288.19,124.8,112.57,1,1,1.0
747,26,835.2,139.73,125.8,210.67,1,1,1.0
748,20,576.15,37.43,20.8,21.55,1,1,1.0
748,21,643.65,60.18,32.6,28.89,1,1,1.0
748,22,554.85,91.74,40.65,35.49,1,1,1.0
748,23,574.7,124.04,48.7,45.77,1,1,1.0
748,24,655.4,150.46,65.6,61.18,1,1,1.0
748,25,611.4,281.83,122.1,110.36,1,1,1.0
748,26,835.2,139.73,125.8,210.71,1,1,1.0
749,20,576.4,37.68,20.55,21.06,1,1,1.0
749,21,642.95,60.18,32.8,28.4,1,1,1.0
749,22,554.85,91.01,40.15,35.25,1,1,1.0
749,23,574.45,123.31,47.95,46.01,1,1,1.0
749,24,654.2,148.75,65.1,60.69,1,1,1.0
749,25,610.15,275.48,119.4,108.15,1,1,1.0
749,26,835.2,139.73,125.8,210.75,1,1,1.0
750,20,576.65,37.92,20.3,20.57,1,1,1.0
750,21,642.2,60.18,33.05,27.91,1,1,1.0
750,22,554.85,90.28,39.65,35.01,1,1,1.0
750,23,574.2,122.57,47.25,46.26,1,1,1.0
750,24,652.95,147.04,64.6,60.2,1,1,1.0
750,25,608.95,269.12,116.7,105.95,1,1,1.0
750,26,835.2,139.73,125.8,210.78,1,1,1.0
751,20,576.9,38.16,20.05,20.08,1,1,1.0
751,21,641.45,60.18,33.3,27.42,1,1,1.0
751,22,554.85,89.54,39.2,34.77,1,1,1.0
751,23,573.95,121.83,46.5,46.51,1,1,1.0
751,24,651.75,145.32,64.1,59.72,1,1,1.0
751,25,607.7,262.75,114.05,103.76,1,1,1.0
751,26,835.2,139.73,125.8,210.82,1,1,1.0
752,20,576.4,37.68,20.3,20.08,1,1,1.0
752,21,640.75,59.94,33.3,26.68,1,1,1.0
752,22,554.85,89.05,38.7,34.28,1,1,1.0
752,23,573.95,120.36,45.75,46.02,1,1,1.0
752,24,650.5,144.1,63.65,57.75,1,1,1.0
752,25,606.5,259.57,112.05,101.8,1,1,1.0
752,26,835.2,139.73,125.8,210.85,1,1,1.0
753,20,575.9,37.19,20.55,20.08,1,1,1.0
753,21,640.0,59.7,33.3,25.96,1,1,1.0
753,22,554.85,88.56,38.2,33.78,1,1,1.0
753,23,573.95,118.9,45.05,45.53,1,1,1.0
753,24,649.3,142.88,63.15,55.8,1,1,1.0
753,25,605.25,256.39,110.1,99.84,1,1,1.0
753,26,835.2,139.73,125.8,210.89,1,1,1.0
754,20,575.4,36.7,20.85,20.08,1,1,1.0
754,21,639.25,59.45,33.3,25.22,1,1,1.0
754,22,554.85,88.08,37.7,33.28,1,1,1.0
754,23,573.95,117.43,44.3,45.04,1,1,1.0
754,24,648.05,141.65,62.65,53.85,1,1,1.0
754,25,604.05,253.21,108.15,97.88,1,1,1.0
754,26,835.2,139.73,125.8,210.92,1,1,1.0
755,20,574.9,36.21,21.1,20.08,1,1,1.0
755,21,638.55,59.2,33.3,24.48,1,1,1.0
755,22,554.85,87.58,37.2,32.8,1,1,1.0
755,23,573.95,115.97,43.55,44.54,1,1,1.0
755,24,646.85,140.43,62.15,51.89,1,1,1.0
755,25,602.8,250.03,106.2,95.92,1,1,1.0
755,26,835.2,139.73,125.8,210.96,1,1,1.0
756,20,574.45,35.72,21.3,20.08,1,1,1.0
756,21,637.8,58.96,33.3,23.76,1,1,1.0
756,22,554.85,87.1,36.75,32.32,1,1,1.0
756,23,573.95,114.5,42.85,44.06,1,1,1.0
756,24,645.65,139.21,61.65,49.92,1,1,1.0
756,25,601.6,246.85,104.25,93.97,1,1,1.0
756,26,835.2,139.73,125.8,210.99,1,1,1.0
757,20,573.95,35.23,21.55,20.08,1,1,1.0
757,21,637.05,58.72,33.3,23.02,1,1,1.0
757,22,554.85,86.6,36.25,31.82,1,1,1.0
757,23,573.95,113.03,42.1,43.57,1,1,1.0
757,24,644.4,137.98,61.2,47.98,1,1,1.0
757,25,600.35,243.67,102.3,92.01,1,1,1.0
757,26,835.2,139.73,125.8,211.03,1,1,1.0
758,21,636.8,58.22,32.6,23.26,1,1,1.0
758,22,554.85,86.36,35.75,30.61,1,1,1.0
758,23,573.2,112.54,42.1,43.56,1,1,1.0
758,24,644.15,136.51,59.95,48.96,1,1,1.0
758,25,599.9,239.76,100.05,89.56,1,1,1.0
758,26,835.2,139.73,125.8,211.07,1,1,1.0
759,21,636.55,57.74,31.85,23.51,1,1,1.0
759,22,554.85,86.12,35.25,29.38,1,1,1.0
759,23,572.5,112.05,42.1,43.57,1,1,1.0
759,24,643.9,135.04,58.75,49.93,1,1,1.0
759,25,599.4,235.84,97.85,87.11,1,1,1.0
759,26,835.2,139.73,125.8,211.1,1,1,1.0
760,21,636.35,57.25,31.05,23.75,1,1,1.0
760,22,554.85,85.87,34.75,28.16,1,1,1.0
760,23,571.75,111.56,42.1,43.57,1,1,1.0
760,24,643.65,133.58,57.55,50.91,1,1,1.0
760,25,598.9,231.93,95.7,84.67,1,1,1.0
760,26,835.2,139.73,125.8,211.14,1,1,1.0
761,21,636.1,56.76,30.35,24.0,1,1,1.0
761,22,554.85,85.62,34.3,26.94,1,1,1.0
761,23,571.0,111.07,42.1,43.57,1,1,1.0
761,24,643.45,132.11,56.25,51.89,1,1,1.0
761,25,598.4,228.01,93.5,82.23,1,1,1.0
761,26,835.33,139.69,125.67,211.22,1,1,1.0
762,21,635.85,56.27,29.6,24.24,1,1,1.0
762,22,554.85,85.38,33.8,25.71,1,1,1.0
762,23,570.3,110.58,42.1,43.57,1,1,1.0
762,24,643.2,130.64,55.05,52.87,1,1,1.0
762,25,597.9,224.1,91.3,79.78,1,1,1.0
762,26,835.47,139.64,125.53,211.32,1,1,1.0
763,21,635.6,55.78,28.9,24.48,1,1,1.0
763,22,554.85,85.14,33.3,24.49,1,1,1.0
763,23,569.55,110.09,42.1,43.57,1,1,1.0
763,24,642.95,129.18,53.85,53.84,1,1,1.0
763,25,597.45,220.19,89.05,77.32,1,1,1.0
763,26,835.6,139.6,125.4,211.4,1,1,1.0
764,21,634.6,55.54,29.4,24.98,1,1,1.0
764,22,554.6,84.4,33.3,24.98,1,1,1.0
764,23,569.55,109.6,41.35,43.33,1,1,1.0
764,24,641.45,127.71,54.1,52.86,1,1,1.0
764,25,595.7,216.76,88.35,76.6,1,1,1.0
764,26,835.73,139.56,125.27,211.48,1,1,1.0
765,21,633.65,55.29,29.85,25.46,1,1,1.0
765,22,554.35,83.67,33.3,25.47,1,1,1.0
765,23,569.55,109.11,40.6,43.08,1,1,1.0
765,24,640.0,126.24,54.35,51.89,1,1,1.0
765,25,594.0,213.34,87.6,75.85,1,1,1.0
765,26,835.87,139.51,125.13,211.58,1,1,1.0
766,21,632.65,55.04,30.35,25.96,1,1,1.0
766,22,554.15,82.94,33.25,25.96,1,1,1.0
766,23,569.55,108.63,39.9,42.83,1,1,1.0
766,24,638.55,124.77,54.55,50.91,1,1,1.0
766,25,592.3,209.91,86.85,75.13,1,1,1.0
766,26,836.0,139.47,125.0,211.66,1,1,1.0
767,21,631.7,54.8,30.85,26.44,1,1,1.0
767,22,553.9,82.2,33.3,26.45,1,1,1.0
767,23,569.55,108.14,39.15,42.58,1,1,1.0
767,24,637.05,123.31,54.85,49.92,1,1,1.0
767,25,590.6,206.49,86.1,74.39,1,1,1.0
767,26,836.13,139.42,124.87,211.76,1,1,1.0
768,21,630.7,54.56,31.35,26.94,1,1,1.0
768,22,553.65,81.47,33.3,26.93,1,1,1.0
768,23,569.55,107.65,38.4,42.34,1,1,1.0
768,24,635.6,121.83,55.05,48.96,1,1,1.0
768,25,588.85,203.06,85.4,73.66,1,1,1.0
768,26,836.27,139.38,124.73,211.84,1,1,1.0
769,21,629.7,54.31,31.85,27.42,1,1,1.0
769,22,553.4,80.74,33.3,27.42,1,1,1.0
769,23,569.55,107.16,37.7,42.1,1,1,1.0
769,24,634.15,120.36,55.3,47.98,1,1,1.0
769,25,587.15,199.63,84.7,72.93,1,1,1.0
769,26,836.4,139.33,124.6,211.94,1,1,1.0
770,21,629.5,54.56,31.55,26.2,1,1,1.0
770,22,553.4,80.0,33.05,28.16,1,1,1.0
770,23,568.8,105.94,38.2,42.1,1,1,1.0
770,24,633.4,119.64,55.3,47.72,1,1,1.0
770,25,587.65,196.94,81.95,72.69,1,1,1.0
770,26,836.53,139.29,124.47,212.02,1,1,1.0
771,21,629.25,54.8,31.3,24.98,1,1,1.0
771,22,553.4,79.26,32.8,28.9,1,1,1.0
771,23,568.05,104.71,38.7,42.1,1,1,1.0
771,24,632.65,118.9,55.3,47.48,1,1,1.0
771,25,588.15,194.25,79.25,72.44,1,1,1.0
771,26,836.67,139.24,124.33,212.12,1,1,1.0
772,21,629.0,55.04,31.1,23.76,1,1,1.0
772,22,553.4,78.53,32.55,29.63,1,1,1.0
772,23,567.35,103.49,39.15,42.1,1,1,1.0
772,24,631.95,118.17,55.3,47.24,1,1,1.0
772,25,588.6,191.56,76.6,72.19,1,1,1.0
772,26,836.8,139.2,124.2,212.2,1,1,1.0
773,21,628.75,55.29,30.85,22.53,1,1,1.0
773,22,553.4,77.8,32.3,30.36,1,1,1.0
773,23,566.6,102.27,39.65,42.1,1,1,1.0
773,24,631.2,117.43,55.3,47.0,1,1,1.0
773,25,589.1,188.87,73.9,71.95,1,1,1.0
773,26,836.93,139.16,124.07,212.28,1,1,1.0
774,21,628.5,55.54,30.6,21.3,1,1,1.0
774,22,553.4,77.06,32.05,31.1,1,1,1.0
774,23,565.85,101.04,40.15,42.1,1,1,1.0
774,24,630.45,116.69,55.3,46.75,1,1,1.0
774,25,589.6,186.18,71.2,71.7,1,1,1.0
774,26,837.07,139.11,123.93,212.38,1,1,1.0
775,21,628.25,55.78,30.35,20.08,1,1,1.0
775,22,553.4,76.33,31.8,31.83,1,1,1.0
775,23,565.15,99.82,40.6,42.1,1,1,1.0
775,24,629.7,115.97,55.35,46.5,1,1,1.0
775,25,590.1,183.49,68.5,71.45,1,1,1.0
775,26,837.2,139.07,123.8,212.46,1,1,1.0
776,21,627.3,55.04,30.35,20.58,1,1,1.0
776,22,552.9,76.08,32.1,30.86,1,1,1.0
776,23,564.65,99.08,40.15,41.36,1,1,1.0
776,24,629.5,115.23,53.8,45.28,1,1,1.0
776,25,590.1,180.55,68.25,70.48,1,1,1.0
776,26,837.33,139.02,123.67,212.56,1,1,1.0
777,21,626.3,54.31,30.35,21.06,1,1,1.0
777,22,552.4,75.84,32.35,29.87,1,1,1.0
777,23,564.15,98.35,39.65,40.63,1,1,1.0
777,24,629.25,114.5,52.35,44.06,1,1,1.0
777,25,590.1,177.62,68.05,69.5,1,1,1.0
777,26,837.47,138.98,123.53,212.64,1,1,1.0
778,21,625.3,53.58,30.4,21.55,1,1,1.0
778,22,551.95,75.6,32.55,28.9,1,1,1.0
778,23,563.65,97.62,39.2,39.9,1,1,1.0
778,24,629.0,113.76,50.9,42.84,1,1,1.0
778,25,590.1,174.68,67.8,68.52,1,1,1.0
778,26,837.6,138.93,123.4,212.74,1,1,1.0
779,21,624.35,52.84,30.35,22.04,1,1,1.0
779,22,551.45,75.35,32.8,27.92,1,1,1.0
779,23,563.2,96.88,38.65,39.16,1,1,1.0
779,24,628.75,113.03,49.45,41.61,1,1,1.0
779,25,590.1,171.75,67.55,67.54,1,1,1.0
779,26,837.73,138.89,123.27,212.82,1,1,1.0
780,21,623.35,52.11,30.35,22.53,1,1,1.0
780,22,550.95,75.1,33.05,26.94,1,1,1.0
780,23,562.7,96.14,38.2,38.44,1,1,1.0
780,24,628.5,112.3,47.95,40.38,1,1,1.0
780,25,590.1,168.81,67.3,66.57,1,1,1.0
780,26,837.87,138.84,123.13,212.92,1,1,1.0
781,21,622.4,51.38,30.35,23.02,1,1,1.0
781,22,550.45,74.86,33.3,25.96,1,1,1.0
781,23,562.2,95.42,37.7,37.7,1,1,1.0
781,24,628.25,111.56,46.5,39.16,1,1,1.0
781,25,590.1,165.87,67.05,65.59,1,1,1.0
781,26,838.0,138.8,123.0,213.0,1,1,1.0
782,21,622.85,49.91,28.9,24.0,1,1,1.0
782,22,551.95,73.89,32.8,26.93,1,1,1.0
782,23,563.2,94.44,36.7,37.2,1,1,1.0
782,24,627.3,108.63,46.5,41.12,1,1,1.0
782,25,588.6,165.38,66.6,61.68,1,1,1.0
782,26,838.13,138.76,122.87,213.08,1,1,1.0
783,21,623.35,48.44,27.45,24.97,1,1,1.0
783,22,553.4,72.9,32.3,27.91,1,1,1.0
783,23,564.15,93.46,35.75,36.72,1,1,1.0
783,24,626.3,105.69,46.5,43.08,1,1,1.0
783,25,587.15,164.9,66.1,57.75,1,1,1.0
783,26,838.27,138.71,122.73,213.18,1,1,1.0
784,21,623.85,46.97,25.95,25.95,1,1,1.0
784,22,554.85,71.92,31.85,28.89,1,1,1.0
784,23,565.15,92.48,34.75,36.24,1,1,1.0
784,24,625.3,102.75,46.55,45.04,1,1,1.0
784,25,585.7,164.41,65.6,53.84,1,1,1.0
784,26,838.4,138.67,122.6,213.26,1,1,1.0
