1,1,155.73,205.87,104.47,102.33,1,1,1.0
1,2,34.13,104.53,49.0,44.74,1,1,1.0
1,3,499.2,200.53,138.6,109.8,1,1,1.0
1,4,249.6,102.4,68.2,51.13,1,1,1.0
1,5,50.13,41.6,37.27,25.53,1,1,1.0
1,6,450.13,101.33,73.54,36.2,1,1,0.3157
1,7,538.67,74.67,74.6,46.86,1,1,1.0
1,8,358.4,54.4,49.0,28.73,1,1,1.0
1,9,420.27,37.33,44.73,24.47,1,1,0.436
1,10,410.67,48.0,54.33,29.8,1,1,1.0
1,11,330.67,32.0,42.6,24.47,1,1,1.0
1,12,192.0,24.53,36.2,22.33,1,1,0.1552
1,13,248.53,16.0,30.87,22.33,1,1,1.0
2,1,160.64,212.05,108.09,104.9,1,1,1.0
2,2,34.99,105.81,49.85,44.95,1,1,1.0
2,3,511.79,207.79,144.14,112.36,1,1,1.0
2,4,253.65,104.53,69.27,51.35,1,1,1.0
2,5,50.56,41.39,37.91,26.6,1,1,1.0
2,6,442.45,98.99,73.32,35.98,1,1,0.3061
2,7,530.99,72.53,73.96,46.66,1,1,1.0
2,8,353.28,52.69,47.93,28.73,1,1,1.0
2,9,415.57,35.63,44.31,24.47,1,1,0.456
2,10,406.4,46.72,53.27,29.37,1,1,1.0
2,11,327.25,30.72,41.75,24.68,1,1,1.0
2,12,189.87,23.68,34.92,21.48,1,1,0.2115
2,13,245.55,14.72,30.65,22.12,1,1,1.0
3,1,165.55,218.24,111.72,107.45,1,1,1.0
3,2,35.84,107.09,50.71,45.16,1,1,1.0
3,3,524.37,215.04,149.7,114.92,1,1,1.0
3,4,257.71,106.67,70.33,51.56,1,1,1.0
3,5,50.99,41.17,38.55,27.67,1,1,1.0
3,6,434.77,96.64,73.11,35.77,1,1,0.3291
3,7,523.31,70.4,73.32,46.44,1,1,1.0
3,8,348.16,50.99,46.87,28.73,1,1,1.0
3,9,410.88,33.92,43.88,24.47,1,1,0.476
3,10,402.13,45.44,52.2,28.95,1,1,1.0
3,11,323.84,29.44,40.89,24.89,1,1,1.0
3,12,187.73,22.83,33.64,20.63,1,1,0.2866
3,13,242.56,13.44,30.44,21.91,1,1,1.0
4,1,170.45,224.43,115.35,110.01,1,1,1.0
4,2,36.69,108.37,51.56,45.38,1,1,1.0
4,3,536.96,222.29,155.24,117.48,1,1,1.0
4,4,261.76,108.8,71.4,51.77,1,1,1.0
4,5,51.41,40.96,39.19,28.73,1,1,1.0
4,6,427.09,94.29,72.9,35.56,1,1,0.3376
4,7,515.63,68.27,72.68,46.22,1,1,1.0
4,8,343.04,49.28,45.8,28.73,1,1,1.0
4,9,406.19,32.21,43.45,24.47,1,1,0.4958
4,10,397.87,44.16,51.13,28.52,1,1,1.0
4,11,320.43,28.16,40.04,25.11,1,1,1.0
4,12,185.6,21.97,32.36,19.77,1,1,0.3507
4,13,239.57,12.16,30.23,21.69,1,1,1.0
5,1,175.36,230.61,118.97,112.58,1,1,1.0
5,2,37.55,109.65,52.41,45.59,1,1,1.0
5,3,549.55,229.55,160.78,120.04,1,1,1.0
5,4,265.81,110.93,72.47,51.99,1,1,1.0
5,5,51.84,40.75,39.83,29.8,1,1,1.0
5,6,419.41,91.95,72.68,35.34,1,1,0.3643
5,7,507.95,66.13,72.04,46.02,1,1,1.0
5,8,337.92,47.57,44.73,28.73,1,1,1.0
5,9,401.49,30.51,43.03,24.47,1,1,0.5155
5,10,393.6,42.88,50.07,28.09,1,1,1.0
5,11,317.01,26.88,39.19,25.32,1,1,1.0
5,12,183.47,21.12,31.08,18.92,1,1,0.2706
5,13,236.59,10.88,30.01,21.48,1,1,1.0
6,1,180.27,236.8,122.6,115.13,1,1,1.0
6,2,38.4,110.93,53.27,45.8,1,1,1.0
6,3,562.13,236.8,166.34,122.6,1,1,1.0
6,4,269.87,113.07,73.53,52.2,1,1,1.0
6,5,52.27,40.53,40.47,30.87,1,1,1.0
6,6,411.73,89.6,72.47,35.13,1,1,0.3661
6,7,500.27,64.0,71.4,45.8,1,1,1.0
6,8,332.8,45.87,43.67,28.73,1,1,1.0
6,9,396.8,28.8,42.6,24.47,1,1,0.5351
6,10,389.33,41.6,49.0,27.67,1,1,1.0
6,11,313.6,25.6,38.33,25.53,1,1,1.0
6,12,181.33,20.27,29.8,18.07,1,1,0.3357
6,13,233.6,9.6,29.8,21.27,1,1,1.0
6,14,876.8,148.27,84.2,59.66,1,1,1.0
7,1,187.52,245.97,126.44,118.98,1,1,1.0
7,2,40.11,113.49,54.12,46.66,1,1,1.0
7,3,579.63,245.76,173.58,127.72,1,1,1.0
7,4,274.99,116.27,75.24,53.48,1,1,1.0
7,5,53.55,42.03,40.47,31.29,1,1,1.0
7,6,406.83,87.68,70.33,34.71,1,1,0.3855
7,7,493.44,63.79,69.91,44.52,1,1,1.0
7,8,328.11,45.23,43.66,28.52,1,1,1.0
7,9,393.17,28.8,41.96,23.83,1,1,0.5378
7,10,385.49,41.39,48.79,27.88,1,1,1.0
7,11,310.61,25.6,38.55,24.89,1,1,1.0
7,12,178.77,19.84,29.8,18.28,1,1,0.3643
7,13,231.25,9.39,29.16,21.05,1,1,1.0
7,14,862.72,145.71,98.28,58.17,1,1,1.0
8,1,194.77,255.15,130.28,122.81,1,1,1.0
8,2,41.81,116.05,54.97,47.51,1,1,1.0
8,3,597.12,254.72,180.84,132.84,1,1,1.0
8,4,280.11,119.47,76.94,54.76,1,1,1.0
8,5,54.83,43.52,40.47,31.72,1,1,1.0
8,6,401.92,85.76,68.2,34.28,1,1,0.4257
8,7,486.61,63.57,68.42,43.24,1,1,1.0
8,8,323.41,44.59,43.67,28.31,1,1,1.0
8,9,389.55,28.8,41.32,23.19,1,1,0.5408
8,10,381.65,41.17,48.58,28.09,1,1,1.0
8,11,307.63,25.6,38.76,24.25,1,1,1.0
8,12,176.21,19.41,29.8,18.49,1,1,0.3562
8,13,228.91,9.17,28.52,20.84,1,1,1.0
8,14,848.64,143.15,96.36,56.68,1,1,1.0
9,1,202.03,264.32,134.12,126.65,1,1,1.0
9,2,43.52,118.61,55.83,48.36,1,1,1.0
9,3,614.61,263.68,188.1,137.96,1,1,1.0
9,4,285.23,122.67,78.65,56.04,1,1,1.0
9,5,56.11,45.01,40.47,32.15,1,1,1.0
9,6,397.01,83.84,66.07,33.85,1,1,0.5158
9,7,479.79,63.36,66.92,41.96,1,1,1.0
9,8,318.72,43.95,43.67,28.09,1,1,1.0
9,9,385.92,28.8,40.68,22.55,1,1,0.5442
9,10,377.81,40.96,48.36,28.31,1,1,1.0
9,11,304.64,25.6,38.97,23.61,1,1,1.0
9,12,173.65,18.99,29.8,18.71,1,1,0.4277
9,13,226.56,8.96,27.88,20.63,1,1,1.0
9,14,834.56,140.59,99.77,55.18,1,1,1.0
10,1,209.28,273.49,137.96,130.5,1,1,1.0
10,2,45.23,121.17,56.68,49.22,1,1,1.0
10,3,632.11,272.64,195.34,143.08,1,1,1.0
10,4,290.35,125.87,80.36,57.32,1,1,1.0
10,5,57.39,46.51,40.47,32.57,1,1,1.0
10,6,392.11,81.92,63.93,33.43,1,1,0.4942
10,7,472.96,63.15,65.43,40.68,1,1,1.0
10,8,314.03,43.31,43.66,27.88,1,1,1.0
10,9,382.29,28.8,40.04,21.91,1,1,0.5477
10,10,373.97,40.75,48.15,28.52,1,1,1.0
10,11,301.65,25.6,39.19,22.97,1,1,1.0
10,12,171.09,18.56,29.8,18.92,1,1,0.4364
10,13,224.21,8.75,27.24,20.41,1,1,1.0
10,14,820.48,138.03,103.19,53.69,1,1,1.0
11,1,216.53,282.67,141.8,134.33,1,1,1.0
11,2,46.93,123.73,57.54,50.07,1,1,1.0
11,3,649.6,281.6,202.6,148.2,1,1,1.0
11,4,295.47,129.07,82.06,58.6,1,1,1.0
11,5,58.67,48.0,40.47,33.0,1,1,1.0
11,6,387.2,80.0,61.8,33.0,1,1,0.5582
11,7,466.13,62.93,63.94,39.4,1,1,1.0
11,8,309.33,42.67,43.67,27.67,1,1,1.0
11,9,378.67,28.8,39.4,21.27,1,1,0.5517
11,10,370.13,40.53,47.94,28.73,1,1,1.0
11,11,298.67,25.6,39.4,22.33,1,1,1.0
11,12,168.53,18.13,29.8,19.13,1,1,0.3206
11,13,221.87,8.53,26.6,20.2,1,1,1.0
11,14,806.4,135.47,106.6,52.2,1,1,1.0
11,15,903.47,245.33,57.53,37.27,1,1,0.4524
12,1,226.35,294.4,148.84,140.95,1,1,1.0
12,2,49.28,126.51,58.39,50.28,1,1,1.0
12,3,672.85,293.33,203.88,153.11,1,1,1.0
12,4,302.29,132.69,83.35,59.03,1,1,1.0
12,5,60.16,49.71,40.89,33.0,1,1,1.0
12,6,381.65,79.36,61.38,32.79,1,1,0.4679
12,7,460.16,62.29,63.72,39.19,1,1,1.0
12,8,306.13,42.67,42.6,27.45,1,1,1.0
12,9,375.47,28.37,38.97,21.05,1,1,0.5798
12,10,366.72,40.53,47.51,27.45,1,1,1.0
12,11,296.32,25.39,38.55,22.33,1,1,1.0
12,12,166.19,18.13,29.58,19.35,1,1,0.3281
12,13,219.73,8.96,26.39,19.77,1,1,1.0
12,14,794.67,133.12,102.97,51.77,1,1,1.0
12,15,882.99,235.95,78.01,46.01,1,1,0.4431
13,1,236.16,306.13,155.88,147.56,1,1,1.0
13,2,51.63,129.28,59.24,50.49,1,1,1.0
13,3,696.11,305.07,205.16,158.01,1,1,1.0
13,4,309.12,136.32,84.63,59.45,1,1,1.0
13,5,61.65,51.41,41.32,33.0,1,1,1.0
13,6,376.11,78.72,60.94,32.57,1,1,0.4554
13,7,454.19,61.65,63.5,38.97,1,1,1.0
13,8,302.93,42.67,41.54,27.24,1,1,1.0
13,9,372.27,27.95,38.54,20.84,1,1,0.6083
13,10,363.31,40.53,47.08,26.17,1,1,1.0
13,11,293.97,25.17,37.7,22.33,1,1,1.0
13,12,163.84,18.13,29.37,19.56,1,1,0.3438
13,13,217.6,9.39,26.17,19.35,1,1,1.0
13,14,782.93,130.77,99.35,51.35,1,1,1.0
13,15,862.51,226.56,98.49,54.76,1,1,0.4339
14,1,245.97,317.87,162.92,154.17,1,1,1.0
14,2,53.97,132.05,60.1,50.71,1,1,1.0
14,3,719.36,316.8,206.44,162.92,1,1,1.0
14,4,315.95,139.95,85.9,59.88,1,1,1.0
14,5,63.15,53.12,41.74,33.0,1,1,1.0
14,6,370.56,78.08,60.52,32.36,1,1,0.4309
14,7,448.21,61.01,63.3,38.76,1,1,1.0
14,8,299.73,42.67,40.47,27.03,1,1,1.0
14,9,369.07,27.52,38.12,20.63,1,1,0.6371
14,10,359.89,40.53,46.66,24.89,1,1,1.0
14,11,291.63,24.96,36.84,22.33,1,1,1.0
14,12,161.49,18.13,29.16,19.77,1,1,0.309
14,13,215.47,9.81,25.96,18.92,1,1,1.0
14,14,771.2,128.43,95.72,50.92,1,1,1.0
14,15,842.03,217.17,118.97,63.51,1,1,0.4225
15,1,255.79,329.6,169.96,160.79,1,1,1.0
15,2,56.32,134.83,60.95,50.92,1,1,1.0
15,3,742.61,328.53,218.39,167.83,1,1,1.0
15,4,322.77,143.57,87.19,60.31,1,1,1.0
15,5,64.64,54.83,42.17,33.0,1,1,1.0
15,6,365.01,77.44,60.1,32.15,1,1,0.4198
15,7,442.24,60.37,63.08,38.55,1,1,1.0
15,8,296.53,42.67,39.4,26.81,1,1,1.0
15,9,365.87,27.09,37.69,20.41,1,1,0.6661
15,10,356.48,40.53,46.23,23.61,1,1,1.0
15,11,289.28,24.75,35.99,22.33,1,1,1.0
15,12,159.15,18.13,28.94,19.99,1,1,0.3143
15,13,213.33,10.24,25.75,18.49,1,1,1.0
15,14,759.47,126.08,92.09,50.49,1,1,1.0
15,15,821.55,207.79,139.45,72.25,1,1,0.3924
16,1,265.6,341.33,177.0,167.4,1,1,1.0
16,2,58.67,137.6,61.8,51.13,1,1,1.0
16,3,765.87,340.27,195.13,172.73,1,1,1.0
16,4,329.6,147.2,88.47,60.73,1,1,1.0
16,5,66.13,56.53,42.6,33.0,1,1,1.0
16,6,359.47,76.8,59.66,31.93,1,1,0.3579
16,7,436.27,59.73,62.86,38.33,1,1,1.0
16,8,293.33,42.67,38.34,26.6,1,1,1.0
16,9,362.67,26.67,37.26,20.2,1,1,0.6954
16,10,353.07,40.53,45.8,22.33,1,1,1.0
16,11,286.93,24.53,35.14,22.33,1,1,1.0
16,12,156.8,18.13,28.73,20.2,1,1,0.3332
16,13,211.2,10.67,25.53,18.07,1,1,1.0
16,14,747.73,123.73,88.47,50.07,1,1,1.0
16,15,801.07,198.4,159.93,81.0,1,1,0.4288
16,16,1.0,49.07,16.0,27.67,1,1,1.0
16,17,68.27,25.6,31.93,22.33,1,1,1.0
17,1,278.4,355.63,183.19,166.12,1,1,1.0
17,2,61.44,140.8,62.23,51.99,1,1,1.0
17,3,798.08,356.48,162.92,160.36,1,1,1.0
17,4,337.49,150.4,90.82,63.29,1,1,1.0
17,5,68.48,57.81,43.24,33.43,1,1,1.0
17,6,354.77,75.52,58.39,31.08,1,1,0.4158
17,7,430.93,58.67,62.66,37.91,1,1,1.0
17,8,289.49,41.81,39.19,25.96,1,1,1.0
17,9,359.47,26.45,37.48,20.41,1,1,0.6681
17,10,350.29,39.89,45.59,22.76,1,1,1.0
17,11,284.59,24.11,35.56,22.33,1,1,1.0
17,14,737.07,120.96,88.04,50.28,1,1,1.0
17,15,784.0,193.92,177.0,78.23,1,1,0.4749
17,16,1.0,50.13,17.71,27.45,1,1,1.0
17,17,69.97,26.45,32.58,22.55,1,1,1.0
18,1,291.2,369.92,189.37,164.84,1,1,1.0
18,2,64.21,144.0,62.66,52.84,1,1,1.0
18,3,830.29,372.69,130.71,147.99,1,1,1.0
18,4,345.39,153.6,93.16,65.85,1,1,1.0
18,5,70.83,59.09,43.88,33.85,1,1,1.0
18,6,350.08,74.24,57.11,30.23,1,1,0.3911
18,7,425.6,57.6,62.44,37.48,1,1,1.0
18,8,285.65,40.96,40.04,25.32,1,1,1.0
18,9,356.27,26.24,37.69,20.63,1,1,0.6414
18,10,347.52,39.25,45.37,23.19,1,1,1.0
18,11,282.24,23.68,35.99,22.33,1,1,1.0
18,14,726.4,118.19,87.61,50.49,1,1,1.0
18,15,766.93,189.44,165.27,75.45,1,1,0.5068
18,16,1.0,51.2,19.41,27.24,1,1,1.0
18,17,71.68,27.31,33.21,22.76,1,1,1.0
19,1,304.0,384.21,195.56,156.79,1,1,1.0
19,2,66.99,147.2,63.08,53.69,1,1,1.0
19,3,862.51,388.91,98.49,135.61,1,1,1.0
19,4,353.28,156.8,95.51,68.41,1,1,1.0
19,5,73.17,60.37,44.52,34.28,1,1,1.0
19,6,345.39,72.96,55.82,29.37,1,1,0.3851
19,7,420.27,56.53,62.22,37.05,1,1,1.0
19,8,281.81,40.11,40.9,24.68,1,1,1.0
19,9,353.07,26.03,37.9,20.84,1,1,0.615
19,10,344.75,38.61,45.16,23.61,1,1,1.0
19,11,279.89,23.25,36.42,22.33,1,1,1.0
19,14,715.73,115.41,87.19,50.71,1,1,1.0
19,15,749.87,184.96,163.13,72.68,1,1,0.5539
19,16,1.0,52.27,21.12,27.03,1,1,1.0
19,17,73.39,28.16,33.85,22.97,1,1,1.0
20,1,316.8,398.51,201.75,142.49,1,1,1.0
20,2,69.76,150.4,63.51,54.55,1,1,1.0
20,3,894.72,405.12,66.28,123.24,1,1,1.0
20,4,361.17,160.0,97.86,70.97,1,1,1.0
20,5,75.52,61.65,45.16,34.71,1,1,1.0
20,6,340.69,71.68,54.55,28.52,1,1,0.3647
20,7,414.93,55.47,62.02,36.63,1,1,1.0
20,8,277.97,39.25,41.75,24.04,1,1,1.0
20,9,349.87,25.81,38.12,21.05,1,1,0.5894
20,10,341.97,37.97,44.95,24.04,1,1,1.0
20,11,277.55,22.83,36.84,22.33,1,1,1.0
20,14,705.07,112.64,86.76,50.92,1,1,1.0
20,15,732.8,180.48,161.0,69.91,1,1,0.5443
20,16,1.0,53.33,22.83,26.81,1,1,1.0
20,17,75.09,29.01,34.5,23.19,1,1,1.0
21,1,329.6,412.8,207.93,128.2,1,1,1.0
21,2,72.53,153.6,63.94,55.4,1,1,1.0
21,3,926.93,421.33,34.07,110.87,1,1,1.0
21,4,369.07,163.2,100.2,73.53,1,1,1.0
21,5,77.87,62.93,45.8,35.13,1,1,1.0
21,6,336.0,70.4,53.27,27.67,1,1,0.4222
21,7,409.6,54.4,61.8,36.2,1,1,1.0
21,8,274.13,38.4,42.6,23.4,1,1,1.0
21,9,346.67,25.6,38.33,21.27,1,1,0.5642
21,10,339.2,37.33,44.73,24.47,1,1,1.0
21,11,275.2,22.4,37.27,22.33,1,1,0.7164
21,14,694.4,109.87,86.33,51.13,1,1,1.0
21,15,715.73,176.0,158.87,67.13,1,1,0.5575
21,16,1.0,54.4,24.53,26.6,1,1,1.0
21,17,76.8,29.87,35.13,23.4,1,1,1.0
21,18,14.93,25.6,33.0,23.4,1,1,1.0
22,1,354.35,433.71,190.22,107.29,1,1,1.0
22,2,75.52,156.8,65.85,56.25,1,1,1.0
22,4,378.24,168.11,103.83,74.17,1,1,1.0
22,5,80.21,64.43,46.44,35.77,1,1,1.0
22,6,332.16,69.33,52.84,27.88,1,1,0.4133
22,7,405.33,53.55,60.52,35.77,1,1,1.0
22,8,272.21,37.76,41.32,23.4,1,1,1.0
22,9,344.32,25.17,37.69,21.05,1,1,0.5648
22,10,337.28,36.91,44.09,24.04,1,1,1.0
22,11,273.71,22.19,36.62,21.48,1,1,0.725
22,14,685.23,108.16,84.62,49.64,1,1,1.0
22,15,702.51,171.73,154.17,65.64,1,1,0.5814
22,16,1.0,55.47,25.81,26.39,1,1,1.0
22,17,78.72,30.93,35.56,23.61,1,1,1.0
22,18,16.85,26.88,32.57,23.19,1,1,1.0
23,1,379.09,454.61,172.52,86.39,1,1,1.0
23,2,78.51,160.0,67.77,57.11,1,1,1.0
23,4,387.41,173.01,107.46,74.82,1,1,1.0
23,5,82.56,65.92,47.08,36.41,1,1,1.0
23,6,328.32,68.27,52.41,28.09,1,1,0.4176
23,7,401.07,52.69,59.24,35.35,1,1,1.0
23,8,270.29,37.12,40.04,23.4,1,1,1.0
23,9,341.97,24.75,37.06,20.84,1,1,0.5656
23,10,335.36,36.48,43.45,23.61,1,1,1.0
23,11,272.21,21.97,35.99,20.63,1,1,0.7343
23,14,676.05,106.45,82.92,48.15,1,1,1.0
23,15,689.28,167.47,149.48,64.14,1,1,0.6021
23,16,1.0,56.53,27.09,26.17,1,1,1.0
23,17,80.64,32.0,35.99,23.83,1,1,1.0
23,18,18.77,28.16,32.15,22.97,1,1,1.0
24,1,403.84,475.52,154.81,65.48,1,1,1.0
24,2,81.49,163.2,69.7,57.96,1,1,1.0
24,4,396.59,177.92,111.08,75.45,1,1,1.0
24,5,84.91,67.41,47.72,37.06,1,1,1.0
24,6,324.48,67.2,51.99,28.31,1,1,0.3994
24,7,396.8,51.84,57.96,34.92,1,1,1.0
24,8,268.37,36.48,38.76,23.4,1,1,1.0
24,9,339.63,24.32,36.41,20.63,1,1,0.5688
24,10,333.44,36.05,42.81,23.19,1,1,1.0
24,11,270.72,21.76,35.35,19.77,1,1,0.7444
24,14,666.88,104.75,81.21,46.65,1,1,1.0
24,15,676.05,163.2,144.79,62.65,1,1,0.586
24,16,1.0,57.6,28.37,25.96,1,1,1.0
24,17,82.56,33.07,36.41,24.04,1,1,1.0
24,18,20.69,29.44,31.72,22.76,1,1,1.0
25,1,428.59,496.43,137.1,44.57,1,1,1.0
25,2,84.48,166.4,71.61,58.81,1,1,1.0
25,4,405.76,182.83,114.71,76.09,1,1,1.0
25,5,87.25,68.91,48.36,37.69,1,1,1.0
25,6,320.64,66.13,51.56,28.52,1,1,0.346
25,7,392.53,50.99,56.68,34.49,1,1,1.0
25,8,266.45,35.84,37.48,23.4,1,1,1.0
25,9,337.28,23.89,35.77,20.41,1,1,0.5748
25,10,331.52,35.63,42.17,22.76,1,1,1.0
25,11,269.23,21.55,34.7,18.92,1,1,0.7554
25,14,657.71,103.04,79.5,45.16,1,1,1.0
25,15,662.83,158.93,140.09,61.16,1,1,0.6142
25,16,1.0,58.67,29.65,25.75,1,1,1.0
25,17,84.48,34.13,36.84,24.25,1,1,1.0
25,18,22.61,30.72,31.29,22.55,1,1,1.0
26,1,453.33,517.33,119.4,23.67,1,1,1.0
26,2,87.47,169.6,73.53,59.67,1,1,1.0
26,4,414.93,187.73,118.34,76.74,1,1,1.0
26,5,89.6,70.4,49.0,38.33,1,1,1.0
26,6,316.8,65.07,51.13,28.73,1,1,0.395
26,7,388.27,50.13,55.4,34.07,1,1,1.0
26,8,264.53,35.2,36.2,23.4,1,1,1.0
26,9,334.93,23.47,35.14,20.2,1,1,0.5808
26,10,329.6,35.2,41.53,22.33,1,1,1.0
26,11,267.73,21.33,34.07,18.07,1,1,0.7748
26,14,648.53,101.33,77.8,43.67,1,1,1.0
26,15,649.6,154.67,135.4,59.66,1,1,0.6038
26,16,1.0,59.73,30.93,25.53,1,1,1.0
26,17,86.4,35.2,37.27,24.47,1,1,1.0
26,18,24.53,32.0,30.87,22.33,1,1,1.0
27,2,90.88,172.59,74.81,61.58,1,1,1.0
27,4,425.39,193.07,122.17,79.29,1,1,1.0
27,5,91.95,72.11,49.64,37.9,1,1,1.0
27,6,313.17,63.57,50.28,28.09,1,1,0.4103
27,7,383.79,49.28,54.76,33.64,1,1,1.0
27,8,261.76,34.99,35.56,22.55,1,1,1.0
27,9,331.95,23.04,35.13,20.41,1,1,0.5643
27,10,326.83,34.56,41.1,22.33,1,1,1.0
27,11,265.6,20.91,33.85,18.28,1,1,0.7847
27,14,640.21,99.84,77.38,42.81,1,1,1.0
27,15,637.65,151.25,132.42,59.03,1,1,0.6165
27,16,1.0,60.59,32.43,25.75,1,1,1.0
27,17,88.32,35.84,37.48,24.89,1,1,1.0
27,18,25.6,32.64,31.08,21.91,1,1,1.0
28,2,94.29,175.57,76.1,63.51,1,1,1.0
28,4,435.84,198.4,126.01,81.85,1,1,1.0
28,5,94.29,73.81,50.28,37.48,1,1,1.0
28,6,309.55,62.08,49.42,27.45,1,1,0.4586
28,7,379.31,48.43,54.12,33.21,1,1,1.0
28,8,258.99,34.77,34.92,21.69,1,1,1.0
28,9,328.96,22.61,35.13,20.63,1,1,0.5482
28,10,324.05,33.92,40.68,22.33,1,1,1.0
28,11,263.47,20.48,33.64,18.49,1,1,0.7945
28,14,631.89,98.35,76.95,41.96,1,1,1.0
28,15,625.71,147.84,129.42,58.39,1,1,0.604
28,16,1.0,61.44,33.92,25.96,1,1,1.0
28,17,90.24,36.48,37.69,25.32,1,1,1.0
28,18,26.67,33.28,31.29,21.48,1,1,1.0
29,2,97.71,178.56,77.37,65.43,1,1,1.0
29,4,446.29,203.73,129.86,84.42,1,1,1.0
29,5,96.64,75.52,50.92,37.05,1,1,1.0
29,6,305.92,60.59,48.57,26.81,1,1,0.4587
29,7,374.83,47.57,53.48,32.79,1,1,1.0
29,8,256.21,34.56,34.28,20.84,1,1,1.0
29,9,325.97,22.19,35.14,20.84,1,1,0.5323
29,10,321.28,33.28,40.25,22.33,1,1,1.0
29,11,261.33,20.05,33.43,18.71,1,1,0.8042
29,14,623.57,96.85,76.52,41.11,1,1,1.0
29,15,613.76,144.43,126.44,57.74,1,1,0.5909
29,16,1.0,62.29,35.41,26.17,1,1,1.0
29,17,92.16,37.12,37.91,25.75,1,1,1.0
29,18,27.73,33.92,31.51,21.05,1,1,1.0
30,2,101.12,181.55,78.65,67.34,1,1,1.0
30,4,456.75,209.07,133.69,86.97,1,1,1.0
30,5,98.99,77.23,51.56,36.62,1,1,1.0
30,6,302.29,59.09,47.72,26.17,1,1,0.5555
30,7,370.35,46.72,52.84,32.36,1,1,1.0
30,8,253.44,34.35,33.64,19.99,1,1,1.0
30,9,322.99,21.76,35.13,21.05,1,1,0.5168
30,10,318.51,32.64,39.82,22.33,1,1,1.0
30,11,259.2,19.63,33.21,18.92,1,1,0.8136
30,14,615.25,95.36,76.1,40.25,1,1,1.0
30,15,601.81,141.01,123.46,57.11,1,1,0.5856
30,16,1.0,63.15,36.91,26.39,1,1,1.0
30,17,94.08,37.76,38.12,26.17,1,1,1.0
30,18,28.8,34.56,31.72,20.63,1,1,1.0
31,2,104.53,184.53,79.94,69.27,1,1,1.0
31,4,467.2,214.4,137.53,89.53,1,1,1.0
31,5,101.33,78.93,52.2,36.2,1,1,1.0
31,6,298.67,57.6,46.86,25.53,1,1,0.5618
31,7,365.87,45.87,52.2,31.93,1,1,1.0
31,8,250.67,34.13,33.0,19.13,1,1,1.0
31,9,320.0,21.33,35.13,21.27,1,1,0.5016
31,10,315.73,32.0,39.4,22.33,1,1,1.0
31,11,257.07,19.2,33.0,19.13,1,1,0.8231
31,14,606.93,93.87,75.67,39.4,1,1,1.0
31,15,589.87,137.6,120.46,56.47,1,1,0.5712
31,16,1.0,64.0,38.4,26.6,1,1,1.0
31,17,96.0,38.4,38.33,26.6,1,1,1.0
31,18,29.87,35.2,31.93,20.2,1,1,1.0
31,19,64.0,23.47,27.67,17.0,1,1,1.0
32,2,108.59,189.23,81.42,69.9,1,1,1.0
32,4,480.43,221.65,141.8,91.88,1,1,1.0
32,5,103.68,80.43,53.27,37.69,1,1,1.0
32,6,294.61,56.96,47.08,25.53,1,1,0.4648
32,7,361.6,45.44,51.56,31.93,1,1,1.0
32,8,248.11,33.28,32.57,19.35,1,1,1.0
32,9,317.65,21.12,34.5,20.63,1,1,0.5068
32,10,313.17,31.57,39.19,22.12,1,1,1.0
32,11,255.15,19.41,33.0,18.49,1,1,0.8064
32,14,599.68,92.37,74.17,38.76,1,1,1.0
32,15,579.84,135.25,117.91,54.98,1,1,0.557
32,16,1.0,65.28,39.89,27.24,1,1,1.0
32,17,97.92,39.47,38.55,26.39,1,1,1.0
32,18,30.93,35.84,32.36,20.84,1,1,1.0
32,19,65.49,24.32,27.88,17.21,1,1,1.0
33,2,112.64,193.92,82.92,70.55,1,1,1.0
33,4,493.65,228.91,146.07,94.22,1,1,1.0
33,5,106.03,81.92,54.33,39.19,1,1,1.0
33,6,290.56,56.32,47.29,25.53,1,1,0.4672
33,7,357.33,45.01,50.92,31.93,1,1,1.0
33,8,245.55,32.43,32.14,19.56,1,1,1.0
33,9,315.31,20.91,33.85,19.99,1,1,0.5124
33,10,310.61,31.15,38.98,21.91,1,1,1.0
33,11,253.23,19.63,33.0,17.85,1,1,0.7902
33,14,592.43,90.88,72.68,38.12,1,1,1.0
33,15,569.81,132.91,115.35,53.48,1,1,0.5996
33,16,1.0,66.56,41.39,27.88,1,1,1.0
33,17,99.84,40.53,38.76,26.17,1,1,1.0
33,18,32.0,36.48,32.79,21.48,1,1,1.0
33,19,66.99,25.17,28.09,17.43,1,1,1.0
34,2,116.69,198.61,84.42,71.19,1,1,1.0
34,4,506.88,236.16,150.33,96.57,1,1,1.0
34,5,108.37,83.41,55.4,40.68,1,1,1.0
34,6,286.51,55.68,47.5,25.53,1,1,0.5446
34,7,353.07,44.59,50.28,31.93,1,1,1.0
34,8,242.99,31.57,31.72,19.77,1,1,1.0
34,9,312.96,20.69,33.21,19.35,1,1,0.5183
34,10,308.05,30.72,38.76,21.69,1,1,1.0
34,11,251.31,19.84,33.0,17.21,1,1,0.7743
34,14,585.17,89.39,71.19,37.48,1,1,1.0
34,15,559.79,130.56,112.78,51.99,1,1,0.6151
34,16,1.0,67.84,42.88,28.52,1,1,1.0
34,17,101.76,41.6,38.97,25.96,1,1,1.0
34,18,33.07,37.12,33.21,22.12,1,1,1.0
34,19,68.48,26.03,28.31,17.64,1,1,1.0
35,2,120.75,203.31,85.9,71.82,1,1,1.0
35,4,520.11,243.41,154.6,98.92,1,1,1.0
35,5,110.72,84.91,56.47,42.17,1,1,1.0
35,6,282.45,55.04,47.72,25.53,1,1,0.4432
35,7,348.8,44.16,49.64,31.93,1,1,1.0
35,8,240.43,30.72,31.29,19.99,1,1,1.0
35,9,310.61,20.48,32.58,18.71,1,1,0.5246
35,10,305.49,30.29,38.55,21.48,1,1,1.0
35,11,249.39,20.05,33.0,16.57,1,1,0.7588
35,14,577.92,87.89,69.69,36.84,1,1,1.0
35,15,549.76,128.21,110.23,50.5,1,1,0.6017
35,16,1.0,69.12,44.37,29.16,1,1,1.0
35,17,103.68,42.67,39.19,25.75,1,1,1.0
35,18,34.13,37.76,33.64,22.76,1,1,1.0
35,19,69.97,26.88,28.52,17.85,1,1,1.0
36,2,124.8,208.0,87.4,72.47,1,1,1.0
36,4,533.33,250.67,158.87,101.26,1,1,1.0
36,5,113.07,86.4,57.53,43.67,1,1,1.0
36,6,278.4,54.4,47.93,25.53,1,1,0.376
36,7,344.53,43.73,49.0,31.93,1,1,1.0
36,8,237.87,29.87,30.86,20.2,1,1,1.0
36,9,308.27,20.27,31.93,18.07,1,1,0.5314
36,10,302.93,29.87,38.34,21.27,1,1,1.0
36,11,247.47,20.27,33.0,15.93,1,1,0.7439
36,14,570.67,86.4,68.2,36.2,1,1,1.0
36,15,539.73,125.87,107.67,49.0,1,1,0.6276
36,16,1.0,70.4,45.87,29.8,1,1,1.0
36,17,105.6,43.73,39.4,25.53,1,1,1.0
36,18,35.2,38.4,34.07,23.4,1,1,1.0
36,19,71.47,27.73,28.73,18.07,1,1,1.0
37,2,129.49,213.12,89.11,74.6,1,1,1.0
37,4,550.19,258.56,164.84,104.68,1,1,1.0
37,5,115.84,88.32,58.17,44.09,1,1,1.0
37,6,275.63,53.76,47.08,25.11,1,1,0.4125
37,7,341.12,43.09,48.15,31.51,1,1,1.0
37,8,235.52,29.01,30.87,20.63,1,1,1.0
37,9,306.13,19.84,31.94,18.28,1,1,0.5252
37,10,300.8,29.44,38.12,21.27,1,1,1.0
37,11,245.76,19.63,32.57,16.15,1,1,0.7348
37,14,563.84,84.69,67.13,36.63,1,1,1.0
37,15,531.2,123.52,105.11,47.93,1,1,0.6278
37,16,1.0,71.68,47.57,30.23,1,1,1.0
37,17,107.73,44.59,39.62,25.96,1,1,1.0
37,18,36.69,39.47,34.49,23.83,1,1,1.0
37,19,72.96,27.95,28.95,18.92,1,1,1.0
38,2,134.19,218.24,90.81,76.73,1,1,1.0
38,4,567.04,266.45,170.81,108.1,1,1,1.0
38,5,118.61,90.24,58.82,44.52,1,1,1.0
38,6,272.85,53.12,46.23,24.68,1,1,0.4557
38,7,337.71,42.45,47.29,31.08,1,1,1.0
38,8,233.17,28.16,30.87,21.05,1,1,1.0
38,9,304.0,19.41,31.93,18.49,1,1,0.5191
38,10,298.67,29.01,37.9,21.27,1,1,1.0
38,11,244.05,18.99,32.15,16.36,1,1,0.7269
38,14,557.01,82.99,66.07,37.05,1,1,1.0
38,15,522.67,121.17,102.54,46.87,1,1,0.6082
38,16,12.8,72.96,37.48,30.65,1,1,1.0
38,17,109.87,45.44,39.82,26.39,1,1,1.0
38,18,38.19,40.53,34.92,24.25,1,1,1.0
38,19,74.45,28.16,29.16,19.77,1,1,1.0
39,2,138.88,223.36,92.52,78.87,1,1,1.0
39,4,583.89,274.35,176.79,111.5,1,1,1.0
39,5,121.39,92.16,59.45,44.95,1,1,1.0
39,6,270.08,52.48,45.37,24.25,1,1,0.3986
39,7,334.29,41.81,46.44,30.65,1,1,1.0
39,8,230.83,27.31,30.86,21.48,1,1,1.0
39,9,301.87,18.99,31.93,18.71,1,1,0.5132
39,10,296.53,28.59,37.7,21.27,1,1,1.0
39,11,242.35,18.35,31.72,16.57,1,1,0.7199
39,14,550.19,81.28,65.0,37.48,1,1,1.0
39,15,514.13,118.83,99.99,45.8,1,1,0.63
39,16,13.87,74.24,38.12,31.08,1,1,1.0
39,17,112.0,46.29,40.04,26.81,1,1,1.0
39,18,39.68,41.6,35.35,24.68,1,1,1.0
39,19,75.95,28.37,29.37,20.63,1,1,1.0
40,2,143.57,228.48,94.23,81.0,1,1,1.0
40,4,600.75,282.24,182.76,114.92,1,1,1.0
40,5,124.16,94.08,60.09,45.37,1,1,1.0
40,6,267.31,51.84,44.52,23.83,1,1,0.4975
40,7,330.88,41.17,45.59,30.23,1,1,1.0
40,8,228.48,26.45,30.87,21.91,1,1,1.0
40,9,299.73,18.56,31.94,18.92,1,1,0.5074
40,10,294.4,28.16,37.48,21.27,1,1,1.0
40,11,240.64,17.71,31.29,16.79,1,1,0.7136
40,14,543.36,79.57,63.93,37.91,1,1,1.0
40,15,505.6,116.48,97.43,44.73,1,1,0.6358
40,16,14.93,75.52,38.76,31.51,1,1,1.0
40,17,114.13,47.15,40.26,27.24,1,1,1.0
40,18,41.17,42.67,35.77,25.11,1,1,1.0
40,19,77.44,28.59,29.59,21.48,1,1,1.0
41,2,148.27,233.6,95.93,83.13,1,1,1.0
41,4,617.6,290.13,188.73,118.34,1,1,1.0
41,5,126.93,96.0,60.74,45.8,1,1,1.0
41,6,264.53,51.2,43.67,23.4,1,1,0.3932
41,7,327.47,40.53,44.73,29.8,1,1,1.0
41,8,226.13,25.6,30.87,22.33,1,1,1.0
41,9,297.6,18.13,31.93,19.13,1,1,0.5017
41,10,292.27,27.73,37.26,21.27,1,1,0.978
41,11,238.93,17.07,30.87,17.0,1,1,0.7085
41,14,536.53,77.87,62.87,38.33,1,1,1.0
41,15,497.07,114.13,94.86,43.67,1,1,0.6264
41,16,16.0,76.8,39.4,31.93,1,1,1.0
41,17,116.27,48.0,40.46,27.67,1,1,1.0
41,18,42.67,43.73,36.2,25.53,1,1,1.0
41,19,78.93,28.8,29.8,22.33,1,1,1.0
42,2,153.39,239.15,98.28,84.62,1,1,1.0
42,4,638.29,299.95,201.11,125.8,1,1,1.0
42,5,130.35,97.92,62.01,46.44,1,1,1.0
42,6,261.97,50.35,43.03,23.4,1,1,0.4965
42,7,323.84,39.47,44.31,30.01,1,1,1.0
42,8,223.79,25.39,31.08,21.91,1,1,1.0
42,9,295.47,17.71,31.93,19.13,1,1,0.5161
42,10,290.35,27.52,36.84,21.05,1,1,0.9607
42,11,237.44,16.85,30.44,17.0,1,1,0.7148
42,14,530.99,76.59,61.58,37.26,1,1,1.0
42,15,488.96,111.79,93.59,42.6,1,1,0.6573
42,16,17.49,77.87,39.83,32.14,1,1,1.0
42,17,118.4,49.07,41.11,28.31,1,1,1.0
42,18,44.16,44.59,35.99,25.32,1,1,1.0
42,19,80.21,29.87,30.66,22.12,1,1,1.0
43,2,158.51,244.69,100.62,86.12,1,1,1.0
43,4,658.99,309.76,213.48,133.27,1,1,1.0
43,5,133.76,99.84,63.29,47.08,1,1,1.0
43,6,259.41,49.49,42.39,23.4,1,1,0.4931
43,7,320.21,38.4,43.88,30.23,1,1,1.0
43,8,221.44,25.17,31.29,21.48,1,1,1.0
43,9,293.33,17.28,31.94,19.13,1,1,0.5305
43,10,288.43,27.31,36.41,20.84,1,1,0.9405
43,11,235.95,16.64,30.01,17.0,1,1,0.7215
43,14,525.44,75.31,60.31,36.2,1,1,1.0
43,15,480.85,109.44,92.31,41.53,1,1,0.708
43,16,18.99,78.93,40.25,32.36,1,1,1.0
43,17,120.53,50.13,41.75,28.95,1,1,1.0
43,18,45.65,45.44,35.77,25.11,1,1,1.0
43,19,81.49,30.93,31.51,21.91,1,1,1.0
44,2,163.63,250.24,102.97,87.61,1,1,1.0
44,4,679.68,319.57,225.85,140.74,1,1,1.0
44,5,137.17,101.76,64.58,47.72,1,1,1.0
44,6,256.85,48.64,41.75,23.4,1,1,0.4996
44,7,316.59,37.33,43.45,30.44,1,1,1.0
44,8,219.09,24.96,31.51,21.05,1,1,1.0
44,9,291.2,16.85,31.93,19.13,1,1,0.5445
44,10,286.51,27.09,35.98,20.63,1,1,0.9174
44,11,234.45,16.43,29.59,17.0,1,1,0.7282
44,14,519.89,74.03,59.03,35.13,1,1,1.0
44,15,472.75,107.09,91.02,40.47,1,1,0.7496
44,16,20.48,80.0,40.68,32.57,1,1,1.0
44,17,122.67,51.2,42.38,29.59,1,1,1.0
44,18,47.15,46.29,35.56,24.89,1,1,1.0
44,19,82.77,32.0,32.36,21.69,1,1,1.0
45,2,168.75,255.79,105.32,89.1,1,1,1.0
45,4,700.37,329.39,238.23,148.2,1,1,1.0
45,5,140.59,103.68,65.85,48.36,1,1,1.0
45,6,254.29,47.79,41.11,23.4,1,1,0.4769
45,7,312.96,36.27,43.03,30.65,1,1,1.0
45,8,216.75,24.75,31.72,20.63,1,1,1.0
45,9,289.07,16.43,31.93,19.13,1,1,0.5584
45,10,284.59,26.88,35.56,20.41,1,1,0.8908
45,11,232.96,16.21,29.16,17.0,1,1,0.7351
45,14,514.35,72.75,57.74,34.06,1,1,1.0
45,15,464.64,104.75,89.75,39.4,1,1,0.7107
45,16,21.97,81.07,41.11,32.78,1,1,1.0
45,17,124.8,52.27,43.03,30.23,1,1,1.0
45,18,48.64,47.15,35.35,24.68,1,1,1.0
45,19,84.05,33.07,33.22,21.48,1,1,1.0
46,2,173.87,261.33,107.66,90.6,1,1,1.0
46,4,721.07,339.2,239.93,155.67,1,1,1.0
46,5,144.0,105.6,67.13,49.0,1,1,1.0
46,6,251.73,46.93,40.47,23.4,1,1,0.4765
46,7,309.33,35.2,42.6,30.87,1,1,1.0
46,8,214.4,24.53,31.93,20.2,1,1,1.0
46,9,286.93,16.0,31.94,19.13,1,1,0.5723
46,10,282.67,26.67,35.13,20.2,1,1,0.8607
46,11,231.47,16.0,28.73,17.0,1,1,0.7424
46,14,508.8,71.47,56.47,33.0,1,1,1.0
46,15,456.53,102.4,88.47,38.33,1,1,0.7411
46,16,23.47,82.13,41.53,33.0,1,1,1.0
46,17,126.93,53.33,43.67,30.87,1,1,1.0
46,18,50.13,48.0,35.13,24.47,1,1,1.0
46,19,85.33,34.13,34.07,21.27,1,1,1.0
47,2,180.69,267.95,111.08,93.37,1,1,1.0
47,4,749.23,353.28,211.77,149.48,1,1,1.0
47,5,147.84,108.16,67.77,49.64,1,1,1.0
47,6,248.96,46.08,40.04,22.55,1,1,0.5645
47,7,306.35,34.99,42.38,30.01,1,1,1.0
47,8,212.69,24.11,31.51,19.99,1,1,1.0
47,9,285.23,15.57,31.5,18.92,1,1,0.5707
47,10,280.53,26.03,34.92,19.99,1,1,0.8562
47,11,229.97,15.79,28.74,16.79,1,1,0.7503
47,14,503.68,70.4,55.83,32.79,1,1,1.0
47,15,450.56,100.05,86.33,38.34,1,1,0.7403
47,16,25.39,83.63,41.96,33.85,1,1,1.0
47,17,129.49,54.61,44.1,30.87,1,1,1.0
47,18,52.05,48.64,35.35,25.32,1,1,1.0
47,19,87.47,34.99,34.06,21.48,1,1,1.0
48,2,187.52,274.56,114.49,96.15,1,1,1.0
48,4,777.39,367.36,183.61,143.29,1,1,1.0
48,5,151.68,110.72,68.41,50.28,1,1,1.0
48,6,246.19,45.23,39.61,21.69,1,1,0.5576
48,7,303.36,34.77,42.17,29.16,1,1,1.0
48,8,210.99,23.68,31.08,19.77,1,1,1.0
48,9,283.52,15.15,31.08,18.71,1,1,0.5691
48,10,278.4,25.39,34.71,19.77,1,1,0.8524
48,11,228.48,15.57,28.73,16.57,1,1,0.7584
48,14,498.56,69.33,55.19,32.58,1,1,1.0
48,15,444.59,97.71,84.2,38.33,1,1,0.7296
48,16,27.31,85.12,42.39,34.71,1,1,1.0
48,17,132.05,55.89,44.52,30.87,1,1,1.0
48,18,53.97,49.28,35.56,26.17,1,1,1.0
48,19,89.6,35.84,34.07,21.69,1,1,1.0
49,2,194.35,281.17,117.9,98.92,1,1,1.0
49,4,805.55,381.44,155.45,137.11,1,1,1.0
49,5,155.52,113.28,69.05,50.92,1,1,1.0
49,6,243.41,44.37,39.19,20.84,1,1,0.5555
49,7,300.37,34.56,41.96,28.31,1,1,1.0
49,8,209.28,23.25,30.65,19.56,1,1,1.0
49,9,281.81,14.72,30.66,18.49,1,1,0.5677
49,10,276.27,24.75,34.49,19.56,1,1,0.8499
49,11,226.99,15.36,28.73,16.36,1,1,0.7669
49,14,493.44,68.27,54.55,32.36,1,1,1.0
49,15,438.61,95.36,82.07,38.33,1,1,0.7385
49,16,29.23,86.61,42.81,35.56,1,1,1.0
49,17,134.61,57.17,44.95,30.87,1,1,1.0
49,18,55.89,49.92,35.77,27.03,1,1,1.0
49,19,91.73,36.69,34.07,21.91,1,1,1.0
50,2,201.17,287.79,121.32,101.69,1,1,1.0
50,4,833.71,395.52,127.29,130.92,1,1,1.0
50,5,159.36,115.84,69.69,51.56,1,1,1.0
50,6,240.64,43.52,38.76,19.99,1,1,0.6473
50,7,297.39,34.35,41.74,27.45,1,1,1.0
50,8,207.57,22.83,30.23,19.35,1,1,1.0
50,9,280.11,14.29,30.22,18.28,1,1,0.5663
50,10,274.13,24.11,34.28,19.35,1,1,0.8487
50,11,225.49,15.15,28.74,16.15,1,1,0.7754
50,14,488.32,67.2,53.91,32.15,1,1,1.0
50,15,432.64,93.01,79.93,38.34,1,1,0.7633
50,16,31.15,88.11,43.24,36.41,1,1,1.0
50,17,137.17,58.45,45.38,30.87,1,1,1.0
50,18,57.81,50.56,35.99,27.88,1,1,1.0
50,19,93.87,37.55,34.06,22.12,1,1,1.0
51,2,208.0,294.4,124.73,104.47,1,1,1.0
51,4,861.87,409.6,99.13,124.73,1,1,1.0
51,5,163.2,118.4,70.33,52.2,1,1,1.0
51,6,237.87,42.67,38.33,19.13,1,1,0.559
51,7,294.4,34.13,41.53,26.6,1,1,1.0
51,8,205.87,22.4,29.8,19.13,1,1,1.0
51,9,278.4,13.87,29.8,18.07,1,1,0.5649
51,10,272.0,23.47,34.07,19.13,1,1,0.8484
51,11,224.0,14.93,28.73,15.93,1,1,0.7842
51,14,483.2,66.13,53.27,31.93,1,1,1.0
51,15,426.67,90.67,77.8,38.33,1,1,0.7569
51,16,33.07,89.6,43.67,37.27,1,1,1.0
51,17,139.73,59.73,45.8,30.87,1,1,1.0
51,18,59.73,51.2,36.2,28.73,1,1,1.0
51,19,96.0,38.4,34.07,22.33,1,1,1.0
51,20,1.0,39.47,12.8,23.4,1,1,1.0
51,21,915.2,209.07,45.8,44.73,1,1,1.0
52,2,216.11,302.29,130.06,107.88,1,1,1.0
52,5,167.47,120.53,71.82,53.27,1,1,1.0
52,6,235.52,41.81,37.69,19.35,1,1,0.6421
52,7,291.84,33.92,41.11,25.75,1,1,1.0
52,8,204.37,22.19,28.95,18.92,1,1,1.0
52,9,276.48,13.87,29.37,17.43,1,1,0.5822
52,10,270.29,23.68,34.28,18.49,1,1,0.8343
52,11,222.93,14.29,28.31,16.36,1,1,1.0
52,14,478.08,64.85,53.05,31.72,1,1,1.0
52,15,420.91,89.39,76.52,37.48,1,1,0.746
52,16,34.56,91.31,44.52,37.05,1,1,1.0
52,17,142.29,60.8,46.23,31.72,1,1,1.0
52,18,61.23,52.48,36.84,28.73,1,1,1.0
52,19,97.92,39.25,34.28,22.33,1,1,1.0
52,20,1.0,40.11,13.87,23.83,1,1,1.0
52,21,899.63,202.03,61.37,49.85,1,1,1.0
53,2,224.21,310.19,135.4,111.29,1,1,1.0
53,5,171.73,122.67,73.32,54.33,1,1,1.0
53,6,233.17,40.96,37.06,19.56,1,1,0.5211
53,7,289.28,33.71,40.68,24.89,1,1,1.0
53,8,202.88,21.97,28.09,18.71,1,1,1.0
53,9,274.56,13.87,28.95,16.79,1,1,0.6033
53,10,268.59,23.89,34.49,17.85,1,1,0.8198
53,11,221.87,13.65,27.88,16.79,1,1,1.0
53,14,472.96,63.57,52.84,31.51,1,1,1.0
53,15,415.15,88.11,75.24,36.62,1,1,0.6904
53,16,36.05,93.01,45.37,36.84,1,1,1.0
53,17,144.85,61.87,46.66,32.57,1,1,1.0
53,18,62.72,53.76,37.48,28.73,1,1,1.0
53,19,99.84,40.11,34.49,22.33,1,1,1.0
53,20,1.0,40.75,14.93,24.25,1,1,1.0
53,21,884.05,194.99,76.95,54.97,1,1,1.0
54,2,232.32,318.08,140.73,114.71,1,1,1.0
54,5,176.0,124.8,74.81,55.4,1,1,1.0
54,6,230.83,40.11,36.41,19.77,1,1,0.5197
54,7,286.72,33.49,40.25,24.04,1,1,1.0
54,8,201.39,21.76,27.24,18.49,1,1,1.0
54,9,272.64,13.87,28.52,16.15,1,1,0.6342
54,10,266.88,24.11,34.71,17.21,1,1,0.8052
54,11,220.8,13.01,27.45,17.21,1,1,1.0
54,14,467.84,62.29,52.63,31.29,1,1,1.0
54,15,409.39,86.83,73.96,35.77,1,1,0.68
54,16,37.55,94.72,46.23,36.63,1,1,1.0
54,17,147.41,62.93,47.08,33.43,1,1,1.0
54,18,64.21,55.04,38.12,28.73,1,1,1.0
54,19,101.76,40.96,34.71,22.33,1,1,1.0
54,20,1.0,41.39,16.0,24.68,1,1,1.0
54,21,868.48,187.95,92.52,60.09,1,1,1.0
55,2,240.43,325.97,146.06,118.12,1,1,1.0
55,5,180.27,126.93,76.3,56.47,1,1,1.0
55,6,228.48,39.25,35.77,19.99,1,1,0.4996
55,7,284.16,33.28,39.83,23.19,1,1,1.0
55,8,199.89,21.55,26.39,18.28,1,1,1.0
55,9,270.72,13.87,28.09,15.51,1,1,0.6741
55,10,265.17,24.32,34.92,16.57,1,1,0.7904
55,11,219.73,12.37,27.03,17.64,1,1,1.0
55,14,462.72,61.01,52.41,31.08,1,1,1.0
55,15,403.63,85.55,72.68,34.92,1,1,0.6691
55,16,39.04,96.43,47.08,36.41,1,1,1.0
55,17,149.97,64.0,47.51,34.28,1,1,1.0
55,18,65.71,56.32,38.76,28.73,1,1,1.0
55,19,103.68,41.81,34.92,22.33,1,1,1.0
55,20,1.0,42.03,17.07,25.11,1,1,1.0
55,21,852.91,180.91,108.09,65.21,1,1,1.0
56,2,248.53,333.87,151.4,121.53,1,1,1.0
56,5,184.53,129.07,77.8,57.53,1,1,1.0
56,6,226.13,38.4,35.14,20.2,1,1,0.4793
56,7,281.6,33.07,39.4,22.33,1,1,1.0
56,8,198.4,21.33,25.53,18.07,1,1,1.0
56,9,268.8,13.87,27.67,14.87,1,1,0.7175
56,10,263.47,24.53,35.13,15.93,1,1,0.7753
56,11,218.67,11.73,26.6,18.07,1,1,1.0
56,14,457.6,59.73,52.2,30.87,1,1,1.0
56,15,397.87,84.27,71.4,34.06,1,1,0.6576
56,16,40.53,98.13,47.93,36.2,1,1,1.0
56,17,152.53,65.07,47.94,35.13,1,1,1.0
56,18,67.2,57.6,39.4,28.73,1,1,1.0
56,19,105.6,42.67,35.13,22.33,1,1,1.0
56,20,1.0,42.67,18.13,25.53,1,1,1.0
56,21,837.33,173.87,123.67,70.33,1,1,1.0
56,22,1.0,138.67,17.07,42.6,1,1,1.0
57,2,257.71,345.39,156.94,126.86,1,1,1.0
57,5,189.44,132.05,78.87,58.6,1,1,1.0
57,6,223.36,37.76,35.56,20.41,1,1,0.4144
57,7,279.04,32.64,38.76,22.33,1,1,1.0
57,8,196.69,20.91,25.75,17.85,1,1,1.0
57,9,267.09,13.44,27.67,15.08,1,1,0.679
57,10,261.97,23.68,34.28,16.79,1,1,0.7659
57,11,217.39,11.73,26.17,17.85,1,1,1.0
57,14,453.33,58.88,51.14,30.44,1,1,1.0
57,15,392.11,82.56,70.54,33.64,1,1,0.6389
57,16,42.45,99.63,47.93,36.84,1,1,1.0
57,17,155.52,66.35,48.79,35.34,1,1,1.0
57,18,68.69,58.67,40.26,28.95,1,1,1.0
57,19,107.73,43.31,35.35,22.76,1,1,1.0
57,20,1.0,43.73,19.41,25.32,1,1,1.0
57,21,823.89,169.81,137.11,68.84,1,1,1.0
57,22,1.0,140.37,19.63,45.8,1,1,1.0
58,2,266.88,356.91,162.49,132.2,1,1,1.0
58,5,194.35,135.04,79.93,59.67,1,1,1.0
58,6,220.59,37.12,35.98,20.63,1,1,0.4667
58,7,276.48,32.21,38.12,22.33,1,1,1.0
58,8,194.99,20.48,25.96,17.64,1,1,1.0
58,9,265.39,13.01,27.66,15.29,1,1,0.6417
58,10,260.48,22.83,33.43,17.64,1,1,0.756
58,11,216.11,11.73,25.74,17.64,1,1,1.0
58,14,449.07,58.03,50.06,30.01,1,1,1.0
58,15,386.35,80.85,69.69,33.22,1,1,0.6345
58,16,44.37,101.12,47.93,37.48,1,1,1.0
58,17,158.51,67.63,49.64,35.56,1,1,1.0
58,18,70.19,59.73,41.1,29.16,1,1,1.0
58,19,109.87,43.95,35.56,23.19,1,1,1.0
58,20,1.0,44.8,20.69,25.11,1,1,1.0
58,21,810.45,165.76,129.86,67.35,1,1,1.0
58,22,1.0,142.08,22.19,49.0,1,1,1.0
59,2,276.05,368.43,168.04,137.53,1,1,1.0
59,5,199.25,138.03,81.0,60.73,1,1,1.0
59,6,217.81,36.48,36.42,20.84,1,1,0.3795
59,7,273.92,31.79,37.48,22.33,1,1,1.0
59,8,193.28,20.05,26.17,17.43,1,1,1.0
59,9,263.68,12.59,27.67,15.51,1,1,0.6053
59,10,258.99,21.97,32.57,18.49,1,1,0.7458
59,11,214.83,11.73,25.32,17.43,1,1,1.0
59,14,444.8,57.17,49.0,29.59,1,1,1.0
59,15,380.59,79.15,68.84,32.78,1,1,0.6301
59,16,46.29,102.61,47.93,38.12,1,1,1.0
59,17,161.49,68.91,50.5,35.77,1,1,1.0
59,18,71.68,60.8,41.96,29.37,1,1,1.0
59,19,112.0,44.59,35.77,23.61,1,1,1.0
59,20,1.0,45.87,21.97,24.89,1,1,1.0
59,21,797.01,161.71,128.15,65.85,1,1,1.0
59,22,1.0,143.79,24.75,52.2,1,1,1.0
60,2,285.23,379.95,173.58,142.86,1,1,1.0
60,5,204.16,141.01,82.07,61.8,1,1,1.0
60,6,215.04,35.84,36.84,21.05,1,1,0.4036
60,7,271.36,31.36,36.84,22.33,1,1,1.0
60,8,191.57,19.63,26.39,17.21,1,1,1.0
60,9,261.97,12.16,27.67,15.72,1,1,0.5767
60,10,257.49,21.12,31.72,19.35,1,1,0.7351
60,11,213.55,11.73,24.89,17.21,1,1,1.0
60,14,440.53,56.32,47.94,29.16,1,1,1.0
60,15,374.83,77.44,67.98,32.36,1,1,0.6337
60,16,48.21,104.11,47.93,38.76,1,1,1.0
60,17,164.48,70.19,51.35,35.98,1,1,1.0
60,18,73.17,61.87,42.82,29.59,1,1,1.0
60,19,114.13,45.23,35.99,24.04,1,1,1.0
60,20,1.0,46.93,23.25,24.68,1,1,1.0
60,21,783.57,157.65,126.44,64.36,1,1,1.0
60,22,1.0,145.49,27.31,55.4,1,1,1.0
61,2,294.4,391.47,179.13,149.53,1,1,1.0
61,5,209.07,144.0,83.13,62.87,1,1,1.0
61,6,212.27,35.2,37.26,21.27,1,1,0.3294
61,7,268.8,30.93,36.2,22.33,1,1,1.0
61,8,189.87,19.2,26.6,17.0,1,1,1.0
61,9,260.27,11.73,27.66,15.93,1,1,0.5534
61,10,256.0,20.27,30.87,20.2,1,1,0.7237
61,11,212.27,11.73,24.46,17.0,1,1,1.0
61,14,436.27,55.47,46.86,28.73,1,1,1.0
61,15,369.07,75.73,67.13,31.94,1,1,0.6712
61,16,50.13,105.6,47.93,39.4,1,1,1.0
61,17,167.47,71.47,52.2,36.2,1,1,1.0
61,18,74.67,62.93,43.66,29.8,1,1,1.0
61,19,116.27,45.87,36.2,24.47,1,1,1.0
61,20,1.0,48.0,24.53,24.47,1,1,1.0
61,21,770.13,153.6,124.74,62.87,1,1,1.0
61,22,1.0,147.2,29.87,58.6,1,1,1.0
62,2,307.84,405.12,178.92,135.88,1,1,1.0
62,5,214.61,147.2,85.27,64.15,1,1,1.0
62,6,210.56,34.56,36.41,20.63,1,1,0.3698
62,7,266.03,29.87,36.2,22.76,1,1,1.0
62,8,188.16,18.56,26.6,17.21,1,1,1.0
62,9,258.13,11.52,27.88,15.72,1,1,0.5497
62,10,254.29,20.05,31.3,19.56,1,1,0.6886
62,11,210.99,11.31,24.46,16.79,1,1,1.0
62,14,432.43,54.61,46.22,28.73,1,1,1.0
62,15,364.37,74.45,66.28,31.3,1,1,0.6628
62,16,52.27,107.31,48.36,39.82,1,1,1.0
62,17,170.45,72.75,52.84,36.62,1,1,1.0
62,18,77.23,64.0,43.02,30.44,1,1,1.0
62,19,118.19,46.93,36.2,24.47,1,1,1.0
62,20,1.0,49.07,25.81,24.47,1,1,1.0
62,21,757.97,150.61,121.32,62.66,1,1,1.0
62,22,1.0,150.83,32.21,59.66,1,1,1.0
63,2,321.28,418.77,178.71,122.23,1,1,1.0
63,5,220.16,150.4,87.4,65.43,1,1,1.0
63,6,208.85,33.92,35.56,19.99,1,1,0.4235
63,7,263.25,28.8,36.2,23.19,1,1,1.0
63,8,186.45,17.92,26.6,17.43,1,1,1.0
63,9,256.0,11.31,28.09,15.51,1,1,0.5503
63,10,252.59,19.84,31.72,18.92,1,1,0.6505
63,11,209.71,10.88,24.46,16.57,1,1,1.0
63,14,428.59,53.76,45.58,28.73,1,1,1.0
63,15,359.68,73.17,65.43,30.66,1,1,0.6622
63,16,54.4,109.01,48.79,40.26,1,1,1.0
63,17,173.44,74.03,53.48,37.05,1,1,1.0
63,18,79.79,65.07,42.38,31.08,1,1,1.0
63,19,120.11,48.0,36.2,24.47,1,1,1.0
63,20,1.0,50.13,27.09,24.47,1,1,1.0
63,21,745.81,147.63,117.91,62.44,1,1,1.0
63,22,1.0,154.45,34.56,60.74,1,1,1.0
64,2,334.72,432.43,178.49,108.57,1,1,1.0
64,5,225.71,153.6,89.53,66.71,1,1,1.0
64,6,207.15,33.28,34.7,19.35,1,1,0.3633
64,7,260.48,27.73,36.2,23.61,1,1,1.0
64,8,184.75,17.28,26.6,17.64,1,1,1.0
64,9,253.87,11.09,28.3,15.29,1,1,0.558
64,10,250.88,19.63,32.15,18.28,1,1,0.6096
64,11,208.43,10.45,24.46,16.36,1,1,1.0
64,14,424.75,52.91,44.94,28.73,1,1,1.0
64,15,354.99,71.89,64.57,30.02,1,1,0.6627
64,16,56.53,110.72,49.22,40.68,1,1,1.0
64,17,176.43,75.31,54.12,37.48,1,1,1.0
64,18,82.35,66.13,41.74,31.72,1,1,1.0
64,19,122.03,49.07,36.2,24.47,1,1,1.0
64,20,1.0,51.2,28.37,24.47,1,1,1.0
64,21,733.65,144.64,114.5,62.23,1,1,1.0
64,22,1.0,158.08,36.91,61.8,1,1,1.0
65,2,348.16,446.08,178.28,94.92,1,1,1.0
65,5,231.25,156.8,91.67,67.99,1,1,1.0
65,6,205.44,32.64,33.85,18.71,1,1,0.4268
65,7,257.71,26.67,36.2,24.04,1,1,1.0
65,8,183.04,16.64,26.6,17.85,1,1,1.0
65,9,251.73,10.88,28.52,15.08,1,1,0.5658
65,10,249.17,19.41,32.58,17.64,1,1,0.5656
65,11,207.15,10.03,24.46,16.15,1,1,1.0
65,14,420.91,52.05,44.3,28.73,1,1,1.0
65,15,350.29,70.61,63.72,29.37,1,1,0.6509
65,16,58.67,112.43,49.64,41.1,1,1,1.0
65,17,179.41,76.59,54.76,37.9,1,1,1.0
65,18,84.91,67.2,41.1,32.36,1,1,1.0
65,19,123.95,50.13,36.2,24.47,1,1,1.0
65,20,1.0,52.27,29.65,24.47,1,1,1.0
65,21,721.49,141.65,111.08,62.02,1,1,1.0
65,22,1.0,161.71,39.25,62.86,1,1,1.0
66,2,361.6,459.73,178.07,81.27,1,1,1.0
66,5,236.8,160.0,93.8,69.27,1,1,1.0
66,6,203.73,32.0,33.0,18.07,1,1,0.4474
66,7,254.93,25.6,36.2,24.47,1,1,1.0
66,8,181.33,16.0,26.6,18.07,1,1,1.0
66,9,249.6,10.67,28.73,14.87,1,1,0.574
66,10,247.47,19.2,33.0,17.0,1,1,0.5174
66,11,205.87,9.6,24.46,15.93,1,1,1.0
66,14,417.07,51.2,43.66,28.73,1,1,1.0
66,15,345.6,69.33,62.87,28.73,1,1,0.6496
66,16,60.8,114.13,50.07,41.54,1,1,1.0
66,17,182.4,77.87,55.4,38.33,1,1,1.0
66,18,87.47,68.27,40.46,33.0,1,1,1.0
66,19,125.87,51.2,36.2,24.47,1,1,1.0
66,20,1.0,53.33,30.93,24.47,1,1,1.0
66,21,709.33,138.67,107.67,61.8,1,1,1.0
66,22,1.0,165.33,41.6,63.94,1,1,1.0
67,5,243.2,163.84,95.93,70.55,1,1,1.0
67,6,202.03,31.79,32.36,18.07,1,1,0.3439
67,7,252.37,25.17,36.2,24.04,1,1,1.0
67,8,180.27,15.57,25.53,17.43,1,1,1.0
67,10,245.97,18.56,32.79,17.21,1,1,0.5044
67,14,413.44,50.13,42.81,28.73,1,1,1.0
67,15,341.76,67.84,61.8,28.73,1,1,0.6955
67,16,63.36,116.05,50.49,41.75,1,1,1.0
67,17,185.81,79.57,56.47,38.12,1,1,1.0
67,18,89.17,69.33,41.96,32.79,1,1,1.0
67,19,128.0,51.41,36.63,25.75,1,1,1.0
67,20,1.0,53.76,32.43,25.11,1,1,1.0
67,21,698.67,135.89,106.17,60.95,1,1,1.0
67,22,1.0,169.39,44.8,65.21,1,1,1.0
68,5,249.6,167.68,98.07,71.83,1,1,1.0
68,6,200.32,31.57,31.72,18.07,1,1,0.3912
68,7,249.81,24.75,36.2,23.61,1,1,1.0
68,8,179.2,15.15,24.47,16.79,1,1,1.0
68,10,244.48,17.92,32.57,17.43,1,1,0.4913
68,14,409.81,49.07,41.96,28.73,1,1,1.0
68,15,337.92,66.35,60.73,28.73,1,1,0.7094
68,16,65.92,117.97,50.92,41.96,1,1,1.0
68,17,189.23,81.28,57.53,37.91,1,1,1.0
68,18,90.88,70.4,43.45,32.57,1,1,1.0
68,19,130.13,51.63,37.06,27.03,1,1,1.0
68,20,1.0,54.19,33.92,25.75,1,1,1.0
68,21,688.0,133.12,104.68,60.09,1,1,1.0
68,22,1.0,173.44,48.0,66.49,1,1,1.0
69,5,256.0,171.52,100.2,73.11,1,1,1.0
69,6,198.61,31.36,31.08,18.07,1,1,0.4047
69,7,247.25,24.32,36.2,23.19,1,1,1.0
69,8,178.13,14.72,23.4,16.15,1,1,1.0
69,10,242.99,17.28,32.36,17.64,1,1,0.4782
69,14,406.19,48.0,41.1,28.73,1,1,1.0
69,15,334.08,64.85,59.67,28.73,1,1,0.7201
69,16,68.48,119.89,51.35,42.18,1,1,1.0
69,17,192.64,82.99,58.6,37.69,1,1,1.0
69,18,92.59,71.47,44.94,32.36,1,1,1.0
69,19,132.27,51.84,37.48,28.31,1,1,1.0
69,20,1.0,54.61,35.41,26.39,1,1,1.0
69,21,677.33,130.35,103.19,59.24,1,1,1.0
69,22,1.0,177.49,51.2,67.78,1,1,1.0
70,5,262.4,175.36,102.33,74.39,1,1,1.0
70,6,196.91,31.15,30.44,18.07,1,1,0.4199
70,7,244.69,23.89,36.2,22.76,1,1,1.0
70,8,177.07,14.29,22.33,15.51,1,1,1.0
70,10,241.49,16.64,32.15,17.85,1,1,0.4654
70,14,402.56,46.93,40.25,28.73,1,1,1.0
70,15,330.24,63.36,58.6,28.73,1,1,0.7073
70,16,71.04,121.81,51.77,42.39,1,1,1.0
70,17,196.05,84.69,59.67,37.48,1,1,1.0
70,18,94.29,72.53,46.44,32.15,1,1,1.0
70,19,134.4,52.05,37.91,29.59,1,1,1.0
70,20,1.0,55.04,36.91,27.03,1,1,1.0
70,21,666.67,127.57,101.69,58.39,1,1,1.0
70,22,1.0,181.55,54.4,69.05,1,1,1.0
71,5,268.8,179.2,104.47,75.67,1,1,1.0
71,6,195.2,30.93,29.8,18.07,1,1,0.2998
71,7,242.13,23.47,36.2,22.33,1,1,1.0
71,8,176.0,13.87,21.27,14.87,1,1,1.0
71,10,240.0,16.0,31.93,18.07,1,1,0.4524
71,14,398.93,45.87,39.4,28.73,1,1,1.0
71,15,326.4,61.87,57.53,28.73,1,1,0.6905
71,16,73.6,123.73,52.2,42.6,1,1,1.0
71,17,199.47,86.4,60.73,37.27,1,1,1.0
71,18,96.0,73.6,47.93,31.93,1,1,1.0
71,19,136.53,52.27,38.34,30.87,1,1,1.0
71,20,1.0,55.47,38.4,27.67,1,1,1.0
71,21,656.0,124.8,100.2,57.53,1,1,1.0
71,22,1.0,185.6,57.6,70.33,1,1,1.0
71,23,64.0,25.6,30.87,19.13,1,1,1.0
72,5,276.48,183.25,107.67,78.66,1,1,1.0
72,6,193.28,30.29,30.01,17.64,1,1,0.3463
72,7,239.57,23.25,36.42,22.12,1,1,1.0
72,10,238.51,15.79,32.14,17.64,1,1,0.4423
72,14,395.31,44.8,40.04,28.95,1,1,1.0
72,15,322.35,60.8,57.32,29.16,1,1,0.6271
72,16,75.52,126.08,53.48,43.03,1,1,1.0
72,17,202.88,88.11,61.59,38.54,1,1,1.0
72,18,98.13,74.88,48.36,33.21,1,1,1.0
72,19,138.67,53.76,39.4,30.65,1,1,1.0
72,20,1.0,56.32,39.89,28.09,1,1,1.0
72,21,647.25,122.88,98.28,55.83,1,1,1.0
72,22,1.0,190.08,61.87,72.68,1,1,1.0
72,23,65.28,25.81,30.87,19.56,1,1,1.0
73,5,284.16,187.31,110.87,81.64,1,1,1.0
73,6,191.36,29.65,30.23,17.21,1,1,0.3944
73,7,237.01,23.04,36.63,21.91,1,1,1.0
73,10,237.01,15.57,32.36,17.21,1,1,0.4338
73,14,391.68,43.73,40.68,29.16,1,1,1.0
73,15,318.29,59.73,57.11,29.59,1,1,0.6714
73,16,77.44,128.43,54.76,43.45,1,1,1.0
73,17,206.29,89.81,62.44,39.83,1,1,1.0
73,18,100.27,76.16,48.78,34.49,1,1,1.0
73,19,140.8,55.25,40.47,30.44,1,1,1.0
73,20,1.0,57.17,41.39,28.52,1,1,1.0
73,21,638.51,120.96,96.36,54.12,1,1,1.0
73,22,1.0,194.56,66.13,75.03,1,1,1.0
73,23,66.56,26.03,30.87,19.99,1,1,1.0
74,5,291.84,191.36,114.07,84.63,1,1,1.0
74,6,189.44,29.01,30.44,16.79,1,1,0.31
74,7,234.45,22.83,36.84,21.69,1,1,1.0
74,10,235.52,15.36,32.57,16.79,1,1,0.4448
74,14,388.05,42.67,41.32,29.37,1,1,1.0
74,15,314.24,58.67,56.89,30.01,1,1,0.598
74,16,79.36,130.77,56.04,43.88,1,1,1.0
74,17,209.71,91.52,63.29,41.11,1,1,1.0
74,18,102.4,77.44,49.21,35.77,1,1,1.0
74,19,142.93,56.75,41.54,30.23,1,1,1.0
74,20,1.0,58.03,42.88,28.95,1,1,1.0
74,21,629.76,119.04,94.44,52.41,1,1,1.0
74,22,1.0,199.04,70.4,77.37,1,1,1.0
74,23,67.84,26.24,30.87,20.41,1,1,1.0
75,5,299.52,195.41,117.27,87.62,1,1,1.0
75,6,187.52,28.37,30.65,16.36,1,1,0.3542
75,7,231.89,22.61,37.06,21.48,1,1,1.0
75,10,234.03,15.15,32.78,16.36,1,1,0.4564
75,14,384.43,41.6,41.96,29.59,1,1,1.0
75,15,310.19,57.6,56.68,30.44,1,1,0.5276
75,16,81.28,133.12,57.32,44.31,1,1,1.0
75,17,213.12,93.23,64.15,42.38,1,1,1.0
75,18,104.53,78.72,49.64,37.05,1,1,1.0
75,19,145.07,58.24,42.6,30.01,1,1,1.0
75,20,1.0,58.88,44.37,29.37,1,1,1.0
75,21,621.01,117.12,92.52,50.71,1,1,1.0
75,22,1.0,203.52,74.67,79.72,1,1,1.0
75,23,69.12,26.45,30.87,20.84,1,1,1.0
76,5,307.2,199.47,120.47,90.6,1,1,1.0
76,6,185.6,27.73,30.87,15.93,1,1,0.4425
76,7,229.33,22.4,37.27,21.27,1,1,1.0
76,10,232.53,14.93,33.0,15.93,1,1,0.4686
76,14,380.8,40.53,42.6,29.8,1,1,1.0
76,15,306.13,56.53,56.47,30.87,1,1,0.5794
76,16,83.2,135.47,58.6,44.73,1,1,1.0
76,17,216.53,94.93,65.0,43.67,1,1,1.0
76,18,106.67,80.0,50.06,38.33,1,1,1.0
76,19,147.2,59.73,43.67,29.8,1,1,1.0
76,20,1.0,59.73,45.87,29.8,1,1,1.0
76,21,612.27,115.2,90.6,49.0,1,1,1.0
76,22,1.0,208.0,78.93,82.07,1,1,1.0
76,23,70.4,26.67,30.87,21.27,1,1,1.0
77,5,316.59,205.23,123.88,94.01,1,1,1.0
77,6,183.89,26.67,30.66,16.79,1,1,0.347
77,7,227.84,21.33,36.63,21.69,1,1,1.0
77,14,378.03,39.68,41.53,29.59,1,1,1.0
77,15,302.72,55.04,55.61,30.65,1,1,0.5928
77,16,86.19,137.17,58.81,46.02,1,1,1.0
77,17,220.8,96.85,66.28,44.52,1,1,1.0
77,18,109.44,81.49,50.28,38.34,1,1,1.0
77,19,149.76,60.59,43.45,29.8,1,1,1.0
77,20,1.0,60.8,47.57,30.01,1,1,1.0
77,21,603.95,113.49,88.89,48.58,1,1,1.0
77,22,1.0,213.55,83.84,85.9,1,1,1.0
77,23,71.89,27.09,30.87,21.27,1,1,1.0
78,5,325.97,210.99,127.3,97.42,1,1,1.0
78,6,182.19,25.6,30.44,17.64,1,1,0.3764
78,7,226.35,20.27,35.98,22.12,1,1,1.0
78,14,375.25,38.83,40.47,29.37,1,1,1.0
78,15,299.31,53.55,54.76,30.44,1,1,0.5888
78,16,89.17,138.88,59.03,47.29,1,1,1.0
78,17,225.07,98.77,67.56,45.38,1,1,1.0
78,18,112.21,82.99,50.5,38.33,1,1,1.0
78,19,152.32,61.44,43.24,29.8,1,1,1.0
78,20,13.23,61.87,37.05,30.23,1,1,1.0
78,21,595.63,111.79,87.18,48.14,1,1,1.0
78,22,1.0,219.09,88.75,89.75,1,1,1.0
78,23,73.39,27.52,30.86,21.27,1,1,1.0
79,5,335.36,216.75,130.71,100.84,1,1,1.0
79,6,180.48,24.53,30.23,18.49,1,1,0.4052
79,7,224.85,19.2,35.35,22.55,1,1,1.0
79,14,372.48,37.97,39.4,29.16,1,1,1.0
79,15,295.89,52.05,53.91,30.23,1,1,0.6057
79,16,92.16,140.59,59.24,48.57,1,1,1.0
79,17,229.33,100.69,68.84,46.23,1,1,1.0
79,18,114.99,84.48,50.7,38.33,1,1,1.0
79,19,154.88,62.29,43.03,29.8,1,1,1.0
79,20,14.51,62.93,37.48,30.44,1,1,1.0
79,21,587.31,110.08,85.48,47.72,1,1,1.0
79,22,1.0,224.64,93.65,93.59,1,1,1.0
79,23,74.88,27.95,30.87,21.27,1,1,1.0
80,5,344.75,222.51,134.12,104.25,1,1,1.0
80,6,178.77,23.47,30.02,19.35,1,1,0.3648
80,7,223.36,18.13,34.71,22.97,1,1,1.0
80,14,369.71,37.12,38.33,28.95,1,1,1.0
80,15,292.48,50.56,53.05,30.01,1,1,0.5925
80,16,95.15,142.29,59.45,49.86,1,1,1.0
80,17,233.6,102.61,70.12,47.08,1,1,1.0
80,18,117.76,85.97,50.92,38.34,1,1,1.0
80,19,157.44,63.15,42.81,29.8,1,1,1.0
80,20,15.79,64.0,37.91,30.65,1,1,1.0
80,21,578.99,108.37,83.77,47.3,1,1,1.0
80,22,1.0,230.19,98.56,97.42,1,1,1.0
80,23,76.37,28.37,30.87,21.27,1,1,1.0
81,5,354.13,228.27,137.54,107.66,1,1,1.0
81,6,177.07,22.4,29.8,20.2,1,1,0.3957
81,7,221.87,17.07,34.06,23.4,1,1,1.0
81,14,366.93,36.27,37.27,28.73,1,1,1.0
81,15,289.07,49.07,52.2,29.8,1,1,0.6609
81,16,98.13,144.0,59.67,51.13,1,1,1.0
81,17,237.87,104.53,71.4,47.94,1,1,1.0
81,18,120.53,87.47,51.14,38.33,1,1,1.0
81,19,160.0,64.0,42.6,29.8,1,1,1.0
81,20,17.07,65.07,38.33,30.87,1,1,1.0
81,21,570.67,106.67,82.06,46.86,1,1,1.0
81,22,1.0,235.73,103.47,101.27,1,1,1.0
81,23,77.87,28.8,30.86,21.27,1,1,1.0
82,5,365.65,234.67,142.23,111.5,1,1,1.0
82,6,174.72,21.76,29.8,19.77,1,1,0.3425
82,7,219.52,16.64,33.64,22.97,1,1,1.0
82,14,363.95,35.63,36.62,27.67,1,1,1.0
82,15,285.65,48.0,51.78,29.59,1,1,0.6521
82,16,100.48,146.77,61.37,52.42,1,1,1.0
82,17,242.35,106.03,72.46,49.0,1,1,1.0
82,18,123.09,89.39,51.56,37.9,1,1,1.0
82,19,162.56,65.07,42.81,30.23,1,1,1.0
82,20,18.35,65.71,38.76,31.51,1,1,1.0
82,21,563.2,104.11,80.79,46.86,1,1,1.0
82,22,1.0,243.2,108.8,103.19,1,1,1.0
82,23,79.15,29.23,31.29,21.48,1,1,1.0
83,5,377.17,241.07,146.92,115.34,1,1,1.0
83,6,172.37,21.12,29.8,19.35,1,1,0.3556
83,7,217.17,16.21,33.22,22.55,1,1,1.0
83,14,360.96,34.99,35.99,26.6,1,1,1.0
83,15,282.24,46.93,51.35,29.37,1,1,0.5754
83,16,102.83,149.55,63.08,53.69,1,1,1.0
83,17,246.83,107.52,73.53,50.07,1,1,1.0
83,18,125.65,91.31,51.99,37.48,1,1,1.0
83,19,165.12,66.13,43.03,30.65,1,1,1.0
83,20,19.63,66.35,39.19,32.15,1,1,1.0
83,21,555.73,101.55,79.51,46.86,1,1,1.0
83,22,13.44,250.67,101.69,105.1,1,1,1.0
83,23,80.43,29.65,31.72,21.69,1,1,1.0
84,5,388.69,247.47,151.62,119.18,1,1,1.0
84,6,170.03,20.48,29.8,18.92,1,1,0.4186
84,7,214.83,15.79,32.78,22.12,1,1,1.0
84,14,357.97,34.35,35.35,25.53,1,1,1.0
84,15,278.83,45.87,50.92,29.16,1,1,0.6585
84,16,105.17,152.32,64.79,54.97,1,1,1.0
84,17,251.31,109.01,74.6,51.14,1,1,1.0
84,18,128.21,93.23,52.42,37.05,1,1,1.0
84,19,167.68,67.2,43.24,31.08,1,1,1.0
84,20,20.91,66.99,39.61,32.79,1,1,1.0
84,21,548.27,98.99,78.22,46.86,1,1,1.0
84,22,16.43,258.13,104.04,107.03,1,1,1.0
84,23,81.71,30.08,32.14,21.91,1,1,1.0
85,5,400.21,253.87,156.31,123.02,1,1,1.0
85,6,167.68,19.84,29.8,18.49,1,1,0.351
85,7,212.48,15.36,32.36,21.69,1,1,1.0
85,14,354.99,33.71,34.7,24.47,1,1,1.0
85,15,275.41,44.8,50.5,28.95,1,1,0.7216
85,16,107.52,155.09,66.49,56.26,1,1,1.0
85,17,255.79,110.51,75.66,52.2,1,1,1.0
85,18,130.77,95.15,52.84,36.62,1,1,1.0
85,19,170.24,68.27,43.45,31.51,1,1,1.0
85,20,22.19,67.63,40.04,33.42,1,1,1.0
85,21,540.8,96.43,76.95,46.86,1,1,1.0
85,22,19.41,265.6,106.39,108.95,1,1,1.0
85,23,82.99,30.51,32.57,22.12,1,1,1.0
86,5,411.73,260.27,161.0,126.86,1,1,1.0
86,6,165.33,19.2,29.8,18.07,1,1,0.4075
86,7,210.13,14.93,31.94,21.27,1,1,1.0
86,14,352.0,33.07,34.07,23.4,1,1,1.0
86,15,272.0,43.73,50.07,28.73,1,1,0.6274
86,16,109.87,157.87,68.2,57.53,1,1,1.0
86,17,260.27,112.0,76.73,53.27,1,1,1.0
86,18,133.33,97.07,53.27,36.2,1,1,1.0
86,19,172.8,69.33,43.67,31.94,1,1,1.0
86,20,23.47,68.27,40.47,34.06,1,1,1.0
86,21,533.33,93.87,75.67,46.86,1,1,1.0
86,22,22.4,273.07,108.73,110.86,1,1,1.0
86,23,84.27,30.93,33.0,22.33,1,1,1.0
87,5,426.03,269.44,168.46,131.35,1,1,1.0
87,7,208.43,14.08,31.29,21.48,1,1,1.0
87,14,349.44,32.21,34.07,23.61,1,1,1.0
87,15,269.01,43.09,49.64,28.52,1,1,0.6419
87,16,113.07,161.07,69.05,58.6,1,1,1.0
87,17,265.39,115.2,78.22,53.48,1,1,1.0
87,18,135.89,98.35,55.4,37.26,1,1,1.0
87,19,175.79,70.4,44.52,32.36,1,1,1.0
87,20,24.53,69.55,41.53,34.49,1,1,1.0
87,21,527.15,92.16,74.81,46.65,1,1,1.0
87,22,26.03,282.24,111.93,117.27,1,1,1.0
87,23,85.33,31.36,33.22,22.55,1,1,1.0
88,5,440.32,278.61,175.93,135.83,1,1,1.0
88,7,206.72,13.23,30.65,21.69,1,1,1.0
88,14,346.88,31.36,34.07,23.83,1,1,1.0
88,15,266.03,42.45,49.21,28.31,1,1,0.5235
88,16,116.27,164.27,69.9,59.66,1,1,1.0
88,17,270.51,118.4,79.72,53.69,1,1,1.0
88,18,138.45,99.63,57.54,38.33,1,1,1.0
88,19,178.77,71.47,45.38,32.78,1,1,1.0
88,20,25.6,70.83,42.6,34.92,1,1,1.0
88,21,520.96,90.45,73.96,46.44,1,1,1.0
88,22,29.65,291.41,115.14,123.67,1,1,1.0
88,23,86.4,31.79,33.43,22.76,1,1,1.0
89,5,454.61,287.79,183.4,140.3,1,1,1.0
89,7,205.01,12.37,30.02,21.91,1,1,1.0
89,14,344.32,30.51,34.07,24.04,1,1,1.0
89,15,263.04,41.81,48.79,28.09,1,1,0.5231
89,16,119.47,167.47,70.76,60.73,1,1,1.0
89,17,275.63,121.6,81.21,53.91,1,1,1.0
89,18,141.01,100.91,59.67,39.4,1,1,1.0
89,19,181.76,72.53,46.23,33.22,1,1,1.0
89,20,26.67,72.11,43.67,35.34,1,1,1.0
89,21,514.77,88.75,73.11,46.22,1,1,1.0
89,22,33.28,300.59,118.33,130.06,1,1,1.0
89,23,87.47,32.21,33.64,22.97,1,1,1.0
90,5,468.91,296.96,190.86,144.79,1,1,1.0
90,7,203.31,11.52,29.37,22.12,1,1,1.0
90,14,341.76,29.65,34.07,24.25,1,1,1.0
90,15,260.05,41.17,48.36,27.88,1,1,0.5666
90,16,122.67,170.67,71.61,61.8,1,1,1.0
90,17,280.75,124.8,82.7,54.12,1,1,1.0
90,18,143.57,102.19,61.8,40.46,1,1,1.0
90,19,184.75,73.6,47.08,33.64,1,1,1.0
90,20,27.73,73.39,44.73,35.77,1,1,1.0
90,21,508.59,87.04,72.25,46.01,1,1,1.0
90,22,36.91,309.76,121.53,136.47,1,1,1.0
90,23,88.53,32.64,33.86,23.19,1,1,1.0
91,5,483.2,306.13,198.33,149.27,1,1,1.0
91,7,201.6,10.67,28.73,22.33,1,1,1.0
91,14,339.2,28.8,34.07,24.47,1,1,1.0
91,15,257.07,40.53,47.93,27.67,1,1,0.4967
91,16,125.87,173.87,72.46,62.86,1,1,1.0
91,17,285.87,128.0,84.2,54.33,1,1,1.0
91,18,146.13,103.47,63.94,41.53,1,1,1.0
91,19,187.73,74.67,47.94,34.06,1,1,1.0
91,20,28.8,74.67,45.8,36.2,1,1,1.0
91,21,502.4,85.33,71.4,45.8,1,1,1.0
91,22,40.53,318.93,124.74,142.87,1,1,1.0
91,23,89.6,33.07,34.07,23.4,1,1,1.0
91,24,1.0,116.27,12.8,35.13,1,1,1.0
92,5,502.4,317.01,206.65,156.74,1,1,1.0
92,7,200.11,10.67,28.52,22.12,1,1,1.0
92,14,336.85,28.37,34.07,24.04,1,1,1.0
92,15,254.51,39.47,47.29,27.45,1,1,0.4887
92,16,129.49,177.49,74.6,63.94,1,1,1.0
92,17,291.63,130.77,86.76,56.04,1,1,1.0
92,18,149.33,105.81,64.36,42.39,1,1,1.0
92,19,190.29,76.16,49.22,34.71,1,1,1.0
92,20,30.51,76.16,46.01,36.41,1,1,1.0
92,21,496.85,83.41,69.48,45.8,1,1,1.0
92,22,45.44,330.45,131.56,151.19,1,1,1.0
92,23,91.52,33.71,34.07,23.83,1,1,1.0
92,24,1.0,117.55,14.29,36.62,1,1,1.0
93,5,521.6,327.89,214.97,164.2,1,1,1.0
93,7,198.61,10.67,28.31,21.91,1,1,1.0
93,14,334.51,27.95,34.06,23.61,1,1,1.0
93,15,251.95,38.4,46.65,27.24,1,1,0.5806
93,16,133.12,181.12,76.73,65.0,1,1,1.0
93,17,297.39,133.55,89.32,57.74,1,1,1.0
93,18,152.53,108.16,64.79,43.24,1,1,1.0
93,19,192.85,77.65,50.5,35.35,1,1,1.0
93,20,32.21,77.65,46.23,36.63,1,1,1.0
93,21,491.31,81.49,67.56,45.8,1,1,1.0
93,22,50.35,341.97,138.38,159.51,1,1,1.0
93,23,93.44,34.35,34.07,24.25,1,1,1.0
93,24,1.0,118.83,15.79,38.12,1,1,1.0
94,5,540.8,338.77,223.29,171.67,1,1,1.0
94,7,197.12,10.67,28.09,21.69,1,1,1.0
94,14,332.16,27.52,34.07,23.19,1,1,1.0
94,15,249.39,37.33,46.01,27.03,1,1,0.5726
94,16,136.75,184.75,78.86,66.06,1,1,1.0
94,17,303.15,136.32,91.88,59.45,1,1,1.0
94,18,155.73,110.51,65.22,44.09,1,1,1.0
94,19,195.41,79.15,51.78,35.98,1,1,1.0
94,20,33.92,79.15,46.44,36.84,1,1,1.0
94,21,485.76,79.57,65.64,45.8,1,1,1.0
94,22,55.25,353.49,145.22,167.83,1,1,1.0
94,23,95.36,34.99,34.07,24.68,1,1,1.0
94,24,1.0,120.11,17.28,39.61,1,1,1.0
95,5,560.0,349.65,231.61,179.14,1,1,1.0
95,7,195.63,10.67,27.88,21.48,1,1,1.0
95,14,329.81,27.09,34.07,22.76,1,1,1.0
95,15,246.83,36.27,45.37,26.81,1,1,0.5619
95,16,140.37,188.37,81.0,67.14,1,1,1.0
95,17,308.91,139.09,94.44,61.16,1,1,1.0
95,18,158.93,112.85,65.64,44.95,1,1,1.0
95,19,197.97,80.64,53.06,36.63,1,1,1.0
95,20,35.63,80.64,46.65,37.05,1,1,1.0
95,21,480.21,77.65,63.72,45.8,1,1,1.0
95,22,60.16,365.01,152.04,175.99,1,1,1.0
95,23,97.28,35.63,34.07,25.11,1,1,1.0
95,24,1.0,121.39,18.77,41.1,1,1,1.0
96,5,579.2,360.53,239.93,180.47,1,1,1.0
96,7,194.13,10.67,27.67,21.27,1,1,1.0
96,14,327.47,26.67,34.06,22.33,1,1,1.0
96,15,244.27,35.2,44.73,26.6,1,1,0.4812
96,16,144.0,192.0,83.13,68.2,1,1,1.0
96,17,314.67,141.87,97.0,62.86,1,1,1.0
96,18,162.13,115.2,66.07,45.8,1,1,1.0
96,19,200.53,82.13,54.34,37.27,1,1,1.0
96,20,37.33,82.13,46.87,37.27,1,1,1.0
96,21,474.67,75.73,61.8,45.8,1,1,1.0
96,22,65.07,376.53,158.86,164.47,1,1,1.0
96,23,99.2,36.27,34.07,25.53,1,1,1.0
96,24,1.0,122.67,20.27,42.6,1,1,1.0
97,5,603.95,375.47,240.78,165.53,1,1,1.0
97,14,324.91,25.81,33.21,22.55,1,1,1.0
97,15,241.92,34.35,43.24,26.17,1,1,0.5464
97,16,148.48,195.84,83.99,69.48,1,1,1.0
97,17,321.92,145.07,98.92,64.14,1,1,1.0
97,18,165.97,116.91,67.35,47.5,1,1,1.0
97,19,203.95,83.84,54.76,37.48,1,1,1.0
97,20,39.25,83.2,46.65,37.69,1,1,1.0
97,21,468.91,74.88,62.01,44.52,1,1,1.0
97,22,72.96,392.53,157.16,148.47,1,1,1.0
97,23,100.48,37.33,34.28,25.32,1,1,1.0
97,24,1.0,122.88,22.61,46.87,1,1,1.0
98,5,628.69,390.4,241.64,150.6,1,1,1.0
98,14,322.35,24.96,32.36,22.76,1,1,1.0
98,15,239.57,33.49,41.75,25.75,1,1,0.6214
98,16,152.96,199.68,84.84,70.76,1,1,1.0
98,17,329.17,148.27,100.84,65.42,1,1,1.0
98,18,169.81,118.61,68.63,49.22,1,1,1.0
98,19,207.36,85.55,55.19,37.69,1,1,1.0
98,20,41.17,84.27,46.44,38.12,1,1,1.0
98,21,463.15,74.03,62.22,43.24,1,1,1.0
98,22,80.85,408.53,155.46,132.47,1,1,1.0
98,23,101.76,38.4,34.49,25.11,1,1,1.0
98,24,1.0,123.09,24.96,51.14,1,1,1.0
99,5,653.44,405.33,242.49,135.67,1,1,1.0
99,14,319.79,24.11,31.5,22.97,1,1,1.0
99,15,237.23,32.64,40.25,25.32,1,1,0.5423
99,16,157.44,203.52,85.69,72.04,1,1,1.0
99,17,336.43,151.47,102.76,66.7,1,1,1.0
99,18,173.65,120.32,69.91,50.92,1,1,1.0
99,19,210.77,87.25,55.62,37.91,1,1,1.0
99,20,43.09,85.33,46.23,38.55,1,1,1.0
99,21,457.39,73.17,62.44,41.96,1,1,1.0
99,22,88.75,424.53,153.74,116.47,1,1,1.0
99,23,103.04,39.47,34.71,24.89,1,1,1.0
99,24,1.0,123.31,27.31,55.4,1,1,1.0
100,5,678.19,420.27,243.34,120.73,1,1,1.0
100,14,317.23,23.25,30.65,23.19,1,1,1.0
100,15,234.88,31.79,38.76,24.89,1,1,0.6126
100,16,161.92,207.36,86.55,73.32,1,1,1.0
100,17,343.68,154.67,104.68,67.98,1,1,1.0
100,18,177.49,122.03,71.19,52.62,1,1,1.0
100,19,214.19,88.96,56.04,38.12,1,1,1.0
100,20,45.01,86.4,46.01,38.97,1,1,1.0
100,21,451.63,72.32,62.65,40.68,1,1,1.0
100,22,96.64,440.53,152.04,100.47,1,1,1.0
100,23,104.32,40.53,34.92,24.68,1,1,1.0
100,24,1.0,123.52,29.65,59.67,1,1,1.0
101,5,702.93,435.2,244.2,105.8,1,1,1.0
101,14,314.67,22.4,29.8,23.4,1,1,1.0
101,15,232.53,30.93,37.27,24.47,1,1,0.5842
101,16,166.4,211.2,87.4,74.6,1,1,1.0
101,17,350.93,157.87,106.6,69.26,1,1,1.0
101,18,181.33,123.73,72.47,54.34,1,1,1.0
101,19,217.6,90.67,56.47,38.33,1,1,1.0
101,20,46.93,87.47,45.8,39.4,1,1,1.0
101,21,445.87,71.47,62.86,39.4,1,1,1.0
101,22,104.53,456.53,150.34,84.47,1,1,1.0
101,23,105.6,41.6,35.13,24.47,1,1,1.0
101,24,1.0,123.73,32.0,63.94,1,1,1.0
101,25,72.53,23.47,27.67,19.13,1,1,1.0
101,26,905.6,160.0,55.4,45.8,1,1,1.0
102,14,312.32,22.19,29.8,23.19,1,1,1.0
102,15,229.55,30.72,37.9,24.04,1,1,0.563
102,16,171.31,216.11,88.04,76.52,1,1,1.0
102,17,359.25,162.35,109.38,70.54,1,1,1.0
102,18,185.6,126.72,73.32,54.76,1,1,1.0
102,19,222.08,92.59,57.53,38.54,1,1,1.0
102,20,48.43,89.39,46.87,40.25,1,1,1.0
102,21,441.17,70.4,62.44,39.19,1,1,1.0
102,23,107.73,42.03,35.56,24.68,1,1,1.0
102,24,1.0,126.72,34.13,64.36,1,1,1.0
102,25,74.24,23.68,27.67,19.77,1,1,1.0
102,26,892.16,156.8,68.84,47.51,1,1,1.0
103,14,309.97,21.97,29.8,22.97,1,1,1.0
103,15,226.56,30.51,38.55,23.61,1,1,0.4882
103,16,176.21,221.01,88.68,78.44,1,1,1.0
103,17,367.57,166.83,112.15,71.82,1,1,1.0
103,18,189.87,129.71,74.17,55.18,1,1,1.0
103,19,226.56,94.51,58.6,38.76,1,1,1.0
103,20,49.92,91.31,47.93,41.1,1,1,1.0
103,21,436.48,69.33,62.01,38.98,1,1,1.0
103,23,109.87,42.45,35.98,24.89,1,1,1.0
103,24,1.0,129.71,36.27,64.78,1,1,1.0
103,25,75.95,23.89,27.66,20.41,1,1,1.0
103,26,878.72,153.6,82.28,49.21,1,1,1.0
104,14,307.63,21.76,29.8,22.76,1,1,1.0
104,15,223.57,30.29,39.19,23.19,1,1,0.4707
104,16,181.12,225.92,89.32,80.36,1,1,1.0
104,17,375.89,171.31,114.92,73.1,1,1,1.0
104,18,194.13,132.69,75.03,55.62,1,1,1.0
104,19,231.04,96.43,59.67,38.97,1,1,1.0
104,20,51.41,93.23,49.0,41.96,1,1,1.0
104,21,431.79,68.27,61.58,38.76,1,1,1.0
104,23,112.0,42.88,36.41,25.11,1,1,1.0
104,24,1.0,132.69,38.4,65.22,1,1,1.0
104,25,77.65,24.11,27.67,21.05,1,1,1.0
104,26,865.28,150.4,95.72,50.92,1,1,1.0
105,14,305.28,21.55,29.8,22.55,1,1,1.0
105,15,220.59,30.08,39.82,22.76,1,1,0.4359
105,16,186.03,230.83,89.96,82.28,1,1,1.0
105,17,384.21,175.79,117.7,74.38,1,1,1.0
105,18,198.4,135.68,75.88,56.04,1,1,1.0
105,19,235.52,98.35,60.73,39.18,1,1,1.0
105,20,52.91,95.15,50.06,42.81,1,1,1.0
105,21,427.09,67.2,61.16,38.55,1,1,1.0
105,23,114.13,43.31,36.84,25.32,1,1,1.0
105,24,1.0,135.68,40.53,65.64,1,1,1.0
105,25,79.36,24.32,27.67,21.69,1,1,1.0
105,26,851.84,147.2,109.16,52.63,1,1,1.0
106,14,302.93,21.33,29.8,22.33,1,1,1.0
106,15,217.6,29.87,40.47,22.33,1,1,0.3705
106,16,190.93,235.73,90.6,84.2,1,1,1.0
106,17,392.53,180.27,120.47,75.66,1,1,1.0
106,18,202.67,138.67,76.73,56.46,1,1,1.0
106,19,240.0,100.27,61.8,39.4,1,1,1.0
106,20,54.4,97.07,51.13,43.66,1,1,1.0
106,21,422.4,66.13,60.73,38.34,1,1,1.0
106,23,116.27,43.73,37.26,25.53,1,1,1.0
106,24,1.0,138.67,42.67,66.06,1,1,1.0
106,25,81.07,24.53,27.66,22.33,1,1,1.0
106,26,838.4,144.0,122.6,54.33,1,1,1.0
107,14,301.23,20.91,29.16,22.12,1,1,1.0
107,15,215.68,29.44,40.04,22.33,1,1,0.3993
107,16,196.69,242.35,94.66,86.12,1,1,1.0
107,17,401.92,185.6,124.73,77.8,1,1,1.0
107,18,207.57,141.65,78.66,57.96,1,1,1.0
107,19,244.05,102.4,63.3,40.04,1,1,1.0
107,20,56.53,98.56,51.78,44.09,1,1,1.0
107,21,417.92,64.64,59.24,37.91,1,1,1.0
107,23,117.97,44.59,37.06,26.17,1,1,1.0
107,24,1.0,142.29,45.23,67.99,1,1,1.0
107,25,81.92,25.39,29.16,22.33,1,1,1.0
107,26,826.24,140.8,134.76,53.48,1,1,1.0
108,14,299.52,20.48,28.52,21.91,1,1,1.0
108,15,213.76,29.01,39.61,22.33,1,1,0.4269
108,16,202.45,248.96,98.71,88.04,1,1,1.0
108,17,411.31,190.93,129.0,79.94,1,1,1.0
108,18,212.48,144.64,80.57,59.45,1,1,1.0
108,19,248.11,104.53,64.78,40.68,1,1,1.0
108,20,58.67,100.05,52.41,44.52,1,1,1.0
108,21,413.44,63.15,57.75,37.48,1,1,1.0
108,23,119.68,45.44,36.84,26.81,1,1,1.0
108,24,1.0,145.92,47.79,69.91,1,1,1.0
108,25,82.77,26.24,30.66,22.33,1,1,1.0
108,26,814.08,137.6,129.64,52.63,1,1,1.0
109,14,297.81,20.05,27.88,21.69,1,1,1.0
109,15,211.84,28.59,39.19,22.33,1,1,0.4243
109,16,208.21,255.57,102.76,89.96,1,1,1.0
109,17,420.69,196.27,133.27,82.06,1,1,1.0
109,18,217.39,147.63,82.49,60.94,1,1,1.0
109,19,252.16,106.67,66.28,41.32,1,1,1.0
109,20,60.8,101.55,53.05,44.94,1,1,1.0
109,21,408.96,61.65,56.25,37.05,1,1,1.0
109,23,121.39,46.29,36.62,27.45,1,1,1.0
109,24,1.0,149.55,50.35,71.82,1,1,1.0
109,25,83.63,27.09,32.14,22.33,1,1,1.0
109,26,801.92,134.4,128.36,51.77,1,1,1.0
110,14,296.11,19.63,27.24,21.48,1,1,1.0
110,15,209.92,28.16,38.76,22.33,1,1,0.3524
110,16,213.97,262.19,106.82,91.88,1,1,1.0
110,17,430.08,201.6,137.53,84.2,1,1,1.0
110,18,222.29,150.61,84.42,62.44,1,1,1.0
110,19,256.21,108.8,67.78,41.96,1,1,1.0
110,20,62.93,103.04,53.7,45.37,1,1,1.0
110,21,404.48,60.16,54.76,36.63,1,1,1.0
110,23,123.09,47.15,36.42,28.09,1,1,1.0
110,24,1.0,153.17,52.91,73.75,1,1,1.0
110,25,84.48,27.95,33.64,22.33,1,1,1.0
110,26,789.76,131.2,127.08,50.92,1,1,1.0
111,14,294.4,19.2,26.6,21.27,1,1,1.0
111,15,208.0,27.73,38.33,22.33,1,1,0.3702
111,16,219.73,268.8,110.87,93.8,1,1,1.0
111,17,439.47,206.93,141.8,86.34,1,1,1.0
111,18,227.2,153.6,86.33,63.93,1,1,1.0
111,19,260.27,110.93,69.26,42.6,1,1,1.0
111,20,65.07,104.53,54.33,45.8,1,1,1.0
111,21,400.0,58.67,53.27,36.2,1,1,1.0
111,23,124.8,48.0,36.2,28.73,1,1,1.0
111,24,1.0,156.8,55.47,75.67,1,1,1.0
111,25,85.33,28.8,35.14,22.33,1,1,1.0
111,26,777.6,128.0,125.8,50.07,1,1,1.0
111,27,828.8,198.4,132.2,71.4,1,1,0.6025
112,14,292.27,18.99,26.81,21.05,1,1,1.0
112,15,206.08,27.09,37.48,22.55,1,1,0.432
112,16,226.35,276.05,114.06,97.0,1,1,1.0
112,17,452.05,212.27,146.28,89.96,1,1,1.0
112,18,232.53,157.44,88.26,64.36,1,1,1.0
112,19,265.39,113.07,70.54,44.09,1,1,1.0
112,20,66.77,107.09,55.19,46.44,1,1,1.0
112,21,396.16,58.24,51.99,35.56,1,1,1.0
112,23,127.15,48.85,35.77,29.16,1,1,1.0
112,24,1.0,161.07,58.88,77.58,1,1,1.0
112,25,86.61,29.44,34.71,22.33,1,1,1.0
112,26,767.15,126.29,123.02,49.43,1,1,1.0
112,27,810.24,193.49,150.76,71.62,1,1,0.6136
113,14,290.13,18.77,27.03,20.84,1,1,1.0
113,15,204.16,26.45,36.63,22.76,1,1,0.3409
113,16,232.96,283.31,117.27,100.2,1,1,1.0
113,17,464.64,217.6,150.76,93.59,1,1,1.0
113,18,237.87,161.28,90.17,64.79,1,1,1.0
113,19,270.51,115.2,71.82,45.59,1,1,1.0
113,20,68.48,109.65,56.04,47.08,1,1,1.0
113,21,392.32,57.81,50.71,34.92,1,1,1.0
113,23,129.49,49.71,35.35,29.59,1,1,1.0
113,24,1.0,165.33,62.29,79.51,1,1,1.0
113,25,87.89,30.08,34.28,22.33,1,1,1.0
113,26,756.69,124.59,120.26,48.78,1,1,1.0
113,27,791.68,188.59,145.0,71.82,1,1,0.5839
114,14,288.0,18.56,27.24,20.63,1,1,1.0
114,15,202.24,25.81,35.77,22.97,1,1,0.3564
114,16,239.57,290.56,120.47,103.4,1,1,1.0
114,17,477.23,222.93,155.24,97.22,1,1,1.0
114,18,243.2,165.12,92.09,65.21,1,1,1.0
114,19,275.63,117.33,73.1,47.08,1,1,1.0
114,20,70.19,112.21,56.89,47.72,1,1,1.0
114,21,388.48,57.39,49.43,34.28,1,1,1.0
114,23,131.84,50.56,34.92,30.01,1,1,1.0
114,24,1.0,169.6,65.71,81.43,1,1,1.0
114,25,89.17,30.72,33.86,22.33,1,1,1.0
114,26,746.24,122.88,117.48,48.15,1,1,1.0
114,27,773.12,183.68,146.07,72.04,1,1,0.5886
115,14,285.87,18.35,27.45,20.41,1,1,1.0
115,15,200.32,25.17,34.92,23.19,1,1,0.3849
115,16,246.19,297.81,123.66,106.6,1,1,1.0
115,17,489.81,228.27,159.72,100.84,1,1,1.0
115,18,248.53,168.96,94.02,65.64,1,1,1.0
115,19,280.75,119.47,74.38,48.57,1,1,1.0
115,20,71.89,114.77,57.75,48.36,1,1,1.0
115,21,384.64,56.96,48.15,33.64,1,1,1.0
115,23,134.19,51.41,34.49,30.44,1,1,1.0
115,24,1.0,173.87,69.12,83.34,1,1,1.0
115,25,90.45,31.36,33.43,22.33,1,1,1.0
115,26,735.79,121.17,114.7,47.51,1,1,1.0
115,27,754.56,178.77,147.13,72.26,1,1,0.5201
116,14,283.73,18.13,27.67,20.2,1,1,1.0
116,15,198.4,24.53,34.07,23.4,1,1,0.3191
116,16,252.8,305.07,126.87,109.8,1,1,1.0
116,17,502.4,233.6,164.2,104.47,1,1,1.0
116,18,253.87,172.8,95.93,66.07,1,1,1.0
116,19,285.87,121.6,75.66,50.07,1,1,1.0
116,20,73.6,117.33,58.6,49.0,1,1,1.0
116,21,380.8,56.53,46.87,33.0,1,1,1.0
116,23,136.53,52.27,34.07,30.87,1,1,1.0
116,24,1.0,178.13,72.53,85.27,1,1,1.0
116,25,91.73,32.0,33.0,22.33,1,1,1.0
116,26,725.33,119.47,111.94,46.86,1,1,1.0
116,27,736.0,173.87,148.2,72.46,1,1,0.508
116,28,886.4,126.93,74.6,57.54,1,1,1.0
117,14,281.17,18.13,27.46,19.99,1,1,1.0
117,15,195.41,24.11,34.71,22.55,1,1,0.3611
117,16,260.69,314.24,131.78,114.71,1,1,1.0
117,17,516.05,241.49,172.52,108.52,1,1,1.0
117,18,260.05,177.28,97.86,67.35,1,1,1.0
117,19,291.2,124.16,76.52,51.35,1,1,1.0
117,20,75.52,119.89,59.24,49.22,1,1,1.0
117,21,376.32,56.11,47.51,32.79,1,1,1.0
117,23,137.39,54.4,35.98,29.59,1,1,1.0
117,24,1.0,182.4,75.95,88.68,1,1,1.0
117,25,92.59,33.07,33.42,22.33,1,1,1.0
117,26,714.88,116.69,110.23,46.66,1,1,1.0
117,27,719.79,170.24,143.29,69.05,1,1,0.5231
117,28,872.96,124.37,88.04,56.47,1,1,1.0
118,14,278.61,18.13,27.24,19.77,1,1,1.0
118,15,192.43,23.68,35.34,21.69,1,1,0.3085
118,16,268.59,323.41,136.68,119.62,1,1,1.0
118,17,529.71,249.39,180.84,112.57,1,1,1.0
118,18,266.24,181.76,99.77,68.63,1,1,1.0
118,19,296.53,126.72,77.38,52.63,1,1,1.0
118,20,77.44,122.45,59.88,49.43,1,1,1.0
118,21,371.84,55.68,48.15,32.57,1,1,1.0
118,23,138.24,56.53,37.91,28.31,1,1,1.0
118,24,1.0,186.67,79.36,92.09,1,1,1.0
118,25,93.44,34.13,33.85,22.33,1,1,1.0
118,26,704.43,113.92,108.52,46.44,1,1,1.0
118,27,703.57,166.61,138.39,65.64,1,1,0.4989
118,28,859.52,121.81,101.48,55.4,1,1,1.0
119,14,276.05,18.13,27.03,19.56,1,1,1.0
119,15,189.44,23.25,35.99,20.84,1,1,0.3424
119,16,276.48,332.59,141.59,124.52,1,1,1.0
119,17,543.36,257.28,189.16,116.63,1,1,1.0
119,18,272.43,186.24,101.69,69.91,1,1,1.0
119,19,301.87,129.28,78.22,53.91,1,1,1.0
119,20,79.36,125.01,60.52,49.64,1,1,1.0
119,21,367.36,55.25,48.79,32.36,1,1,1.0
119,23,139.09,58.67,39.83,27.03,1,1,1.0
119,24,1.0,190.93,82.77,95.51,1,1,1.0
119,25,94.29,35.2,34.28,22.33,1,1,1.0
119,26,693.97,111.15,106.82,46.22,1,1,1.0
119,27,687.36,162.99,133.48,62.22,1,1,0.5406
119,28,846.08,119.25,101.27,54.34,1,1,1.0
120,14,273.49,18.13,26.82,19.35,1,1,1.0
120,15,186.45,22.83,36.63,19.99,1,1,0.2604
120,16,284.37,341.76,146.5,129.43,1,1,1.0
120,17,557.01,265.17,197.48,120.68,1,1,1.0
120,18,278.61,190.72,103.62,71.19,1,1,1.0
120,19,307.2,131.84,79.08,55.19,1,1,1.0
120,20,81.28,127.57,61.16,49.86,1,1,1.0
120,21,362.88,54.83,49.43,32.15,1,1,1.0
120,23,139.95,60.8,41.74,25.75,1,1,1.0
120,24,1.0,195.2,86.19,98.92,1,1,1.0
120,25,95.15,36.27,34.7,22.33,1,1,1.0
120,26,683.52,108.37,105.11,46.02,1,1,1.0
120,27,671.15,159.36,128.57,58.81,1,1,0.5165
120,28,832.64,116.69,105.53,53.27,1,1,1.0
121,14,270.93,18.13,26.6,19.13,1,1,1.0
121,15,183.47,22.4,37.26,19.13,1,1,0.3302
121,16,292.27,350.93,151.4,134.34,1,1,1.0
121,17,570.67,273.07,205.8,124.73,1,1,1.0
121,18,284.8,195.2,105.53,72.47,1,1,1.0
121,19,312.53,134.4,79.94,56.47,1,1,1.0
121,20,83.2,130.13,61.8,50.07,1,1,1.0
121,21,358.4,54.4,50.07,31.93,1,1,1.0
121,23,140.8,62.93,43.67,24.47,1,1,1.0
121,24,1.0,199.47,89.6,102.33,1,1,1.0
121,25,96.0,37.33,35.13,22.33,1,1,1.0
121,26,673.07,105.6,103.4,45.8,1,1,1.0
121,27,654.93,155.73,123.67,55.4,1,1,0.5521
121,28,819.2,114.13,109.8,52.2,1,1,1.0
121,29,23.47,25.6,27.67,25.53,1,1,1.0
122,14,269.23,17.49,26.38,19.35,1,1,1.0
122,15,181.55,21.97,36.62,19.13,1,1,0.3289
122,16,302.93,361.6,157.8,137.32,1,1,1.0
122,17,589.65,282.03,214.55,132.2,1,1,1.0
122,18,291.84,199.68,109.37,75.88,1,1,1.0
122,19,318.51,137.6,82.28,56.89,1,1,1.0
122,20,85.33,132.48,63.72,51.99,1,1,1.0
122,21,354.35,53.33,49.42,31.29,1,1,1.0
122,23,142.93,62.93,43.88,26.17,1,1,1.0
122,24,1.0,205.01,93.87,104.68,1,1,1.0
122,25,97.28,37.76,34.71,22.55,1,1,1.0
122,26,664.75,103.68,101.26,45.16,1,1,1.0
122,27,641.07,151.89,121.96,53.7,1,1,0.6059
122,28,808.11,112.0,107.24,51.13,1,1,1.0
122,29,24.11,26.45,28.31,25.11,1,1,1.0
123,14,267.52,16.85,26.17,19.56,1,1,1.0
123,15,179.63,21.55,35.98,19.13,1,1,0.2536
123,16,313.6,372.27,164.2,140.3,1,1,1.0
123,17,608.64,290.99,223.29,139.66,1,1,1.0
123,18,298.88,204.16,113.21,79.29,1,1,1.0
123,19,324.48,140.8,84.63,57.32,1,1,1.0
123,20,87.47,134.83,65.64,53.9,1,1,1.0
123,21,350.29,52.27,48.79,30.65,1,1,1.0
123,23,145.07,62.93,44.09,27.88,1,1,1.0
123,24,1.0,210.56,98.13,107.03,1,1,1.0
123,25,98.56,38.19,34.28,22.76,1,1,1.0
123,26,656.43,101.76,99.13,44.52,1,1,1.0
123,27,627.2,148.05,120.25,51.99,1,1,0.5919
123,28,797.01,109.87,104.68,50.06,1,1,1.0
123,29,24.75,27.31,28.95,24.68,1,1,1.0
124,14,265.81,16.21,25.96,19.77,1,1,1.0
124,15,177.71,21.12,35.34,19.13,1,1,0.2622
124,16,324.27,382.93,170.6,143.3,1,1,1.0
124,17,627.63,299.95,232.04,147.13,1,1,1.0
124,18,305.92,208.64,117.05,82.71,1,1,1.0
124,19,330.45,144.0,86.98,57.75,1,1,1.0
124,20,89.6,137.17,67.56,55.83,1,1,1.0
124,21,346.24,51.2,48.15,30.01,1,1,1.0
124,23,147.2,62.93,44.31,29.59,1,1,1.0
124,24,1.0,216.11,102.4,109.37,1,1,1.0
124,25,99.84,38.61,33.85,22.97,1,1,1.0
124,26,648.11,99.84,97.0,43.88,1,1,1.0
124,27,613.33,144.21,118.55,50.28,1,1,0.6134
124,28,785.92,107.73,102.12,49.0,1,1,1.0
124,29,25.39,28.16,29.59,24.25,1,1,1.0
125,14,264.11,15.57,25.74,19.99,1,1,1.0
125,15,175.79,20.69,34.7,19.13,1,1,0.2817
125,16,334.93,393.6,177.0,147.4,1,1,1.0
125,17,646.61,308.91,240.79,154.6,1,1,1.0
125,18,312.96,213.12,120.89,86.12,1,1,1.0
125,19,336.43,147.2,89.32,58.17,1,1,1.0
125,20,91.73,139.52,69.48,57.75,1,1,1.0
125,21,342.19,50.13,47.5,29.37,1,1,1.0
125,23,149.33,62.93,44.52,31.29,1,1,1.0
125,24,12.37,221.65,95.3,111.72,1,1,1.0
125,25,101.12,39.04,33.43,23.19,1,1,1.0
125,26,639.79,97.92,94.86,43.24,1,1,1.0
125,27,599.47,140.37,116.84,48.58,1,1,0.6615
125,28,774.83,105.6,99.56,47.93,1,1,1.0
125,29,26.03,29.01,30.23,23.83,1,1,1.0
126,14,262.4,14.93,25.53,20.2,1,1,1.0
126,15,173.87,20.27,34.06,19.13,1,1,0.3231
126,16,345.6,404.27,183.4,136.73,1,1,1.0
126,17,665.6,317.87,249.53,162.06,1,1,1.0
126,18,320.0,217.6,124.73,89.53,1,1,1.0
126,19,342.4,150.4,91.67,58.6,1,1,1.0
126,20,93.87,141.87,71.4,59.66,1,1,1.0
126,21,338.13,49.07,46.87,28.73,1,1,1.0
126,23,151.47,62.93,44.73,33.0,1,1,1.0
126,24,13.87,227.2,98.06,114.07,1,1,1.0
126,25,102.4,39.47,33.0,23.4,1,1,1.0
126,26,631.47,96.0,92.73,42.6,1,1,1.0
126,27,585.6,136.53,115.13,46.87,1,1,0.6889
126,28,763.73,103.47,97.0,46.86,1,1,1.0
126,29,26.67,29.87,30.87,23.4,1,1,1.0
127,14,260.69,14.51,25.11,19.99,1,1,1.0
127,15,171.95,19.84,33.85,19.13,1,1,0.2186
127,16,360.53,421.12,181.48,119.88,1,1,1.0
127,17,690.77,331.95,236.31,160.36,1,1,1.0
127,18,329.6,224.0,127.93,91.67,1,1,1.0
127,19,349.65,154.03,93.59,59.45,1,1,1.0
127,20,96.85,145.07,72.9,60.3,1,1,1.0
127,21,335.36,49.07,46.01,28.09,1,1,1.0
127,23,153.81,64.64,46.02,33.21,1,1,1.0
127,24,16.64,235.09,101.91,117.27,1,1,1.0
127,25,103.89,40.11,33.22,23.4,1,1,1.0
127,26,624.21,94.93,90.82,41.75,1,1,1.0
127,27,575.57,133.12,111.94,47.51,1,1,0.6434
127,28,753.71,102.19,95.29,46.22,1,1,1.0
127,29,27.52,30.29,30.65,23.19,1,1,1.0
128,14,258.99,14.08,24.68,19.77,1,1,1.0
128,15,170.03,19.41,33.64,19.13,1,1,0.2549
128,16,375.47,437.97,179.56,103.03,1,1,1.0
128,17,715.95,346.03,223.08,158.65,1,1,1.0
128,18,339.2,230.4,131.13,93.8,1,1,1.0
128,19,356.91,157.65,95.5,60.31,1,1,1.0
128,20,99.84,148.27,74.39,60.94,1,1,1.0
128,21,332.59,49.07,45.16,27.45,1,1,1.0
128,23,156.16,66.35,47.29,33.43,1,1,1.0
128,24,19.41,242.99,105.75,120.46,1,1,1.0
128,25,105.39,40.75,33.42,23.4,1,1,1.0
128,26,616.96,93.87,88.89,40.89,1,1,1.0
128,27,565.55,129.71,108.73,48.14,1,1,0.6
128,28,743.68,100.91,93.59,45.58,1,1,1.0
128,29,28.37,30.72,30.44,22.97,1,1,1.0
129,14,257.28,13.65,24.25,19.56,1,1,1.0
129,15,168.11,18.99,33.42,19.13,1,1,0.2737
129,16,390.4,454.83,177.64,86.17,1,1,1.0
129,17,741.12,360.11,219.88,156.94,1,1,1.0
129,18,348.8,236.8,134.33,95.93,1,1,1.0
129,19,364.16,161.28,97.43,61.16,1,1,1.0
129,20,102.83,151.47,75.88,61.58,1,1,1.0
129,21,329.81,49.07,44.31,26.81,1,1,1.0
129,23,158.51,68.05,48.57,33.64,1,1,1.0
129,24,22.19,250.88,109.58,123.67,1,1,1.0
129,25,106.88,41.39,33.64,23.4,1,1,1.0
129,26,609.71,92.8,86.97,40.04,1,1,1.0
129,27,555.52,126.29,105.53,48.79,1,1,0.6358
129,28,733.65,99.63,91.88,44.94,1,1,1.0
129,29,29.23,31.15,30.23,22.76,1,1,1.0
130,14,255.57,13.23,23.83,19.35,1,1,1.0
130,15,166.19,18.56,33.21,19.13,1,1,0.2255
130,16,405.33,471.68,175.72,69.32,1,1,1.0
130,17,766.29,374.19,194.71,155.24,1,1,1.0
130,18,358.4,243.2,137.53,98.07,1,1,1.0
130,19,371.41,164.91,99.35,62.01,1,1,1.0
130,20,105.81,154.67,77.38,62.22,1,1,1.0
130,21,327.04,49.07,43.45,26.17,1,1,1.0
130,23,160.85,69.76,49.86,33.85,1,1,1.0
130,24,24.96,258.77,113.43,126.87,1,1,1.0
130,25,108.37,42.03,33.86,23.4,1,1,1.0
130,26,602.45,91.73,85.06,39.19,1,1,1.0
130,27,545.49,122.88,102.34,49.43,1,1,0.6204
130,28,723.63,98.35,90.17,44.3,1,1,1.0
130,29,30.08,31.57,30.01,22.55,1,1,1.0
131,14,253.87,12.8,23.4,19.13,1,1,1.0
131,15,164.27,18.13,33.0,19.13,1,1,0.2225
131,16,420.27,488.53,173.8,52.47,1,1,1.0
131,17,791.47,388.27,169.53,152.73,1,1,1.0
131,18,368.0,249.6,140.73,100.2,1,1,1.0
131,19,378.67,168.53,101.26,62.87,1,1,1.0
131,20,108.8,157.87,78.87,62.86,1,1,1.0
131,21,324.27,49.07,42.6,25.53,1,1,1.0
131,23,163.2,71.47,51.13,34.06,1,1,1.0
131,24,27.73,266.67,117.27,130.06,1,1,1.0
131,25,109.87,42.67,34.06,23.4,1,1,1.0
131,26,595.2,90.67,83.13,38.33,1,1,1.0
131,27,535.47,119.47,99.13,50.06,1,1,0.6121
131,28,713.6,97.07,88.47,43.66,1,1,1.0
131,29,30.93,32.0,29.8,22.33,1,1,1.0
132,14,251.73,12.8,23.83,18.49,1,1,1.0
132,15,162.99,18.13,32.36,18.71,1,1,0.2401
132,18,379.52,257.71,146.92,103.61,1,1,1.0
132,19,387.84,173.23,103.4,64.36,1,1,1.0
132,20,112.43,161.71,79.72,64.57,1,1,1.0
132,21,320.85,47.79,42.6,26.81,1,1,1.0
132,23,165.97,73.17,51.56,34.71,1,1,1.0
132,24,31.36,274.99,121.11,138.81,1,1,1.0
132,25,111.57,43.95,34.28,23.61,1,1,1.0
132,26,587.95,88.96,81.42,38.33,1,1,1.0
132,27,525.65,116.69,97.22,50.07,1,1,0.6083
132,28,704.64,95.36,86.97,43.24,1,1,1.0
132,29,32.0,33.28,30.44,22.55,1,1,1.0
133,14,249.6,12.8,24.25,17.85,1,1,1.0
133,15,161.71,18.13,31.72,18.28,1,1,0.2294
133,18,391.04,265.81,153.11,107.03,1,1,1.0
133,19,397.01,177.92,105.54,65.85,1,1,1.0
133,20,116.05,165.55,80.58,66.28,1,1,1.0
133,21,317.44,46.51,42.6,28.09,1,1,1.0
133,23,168.75,74.88,51.98,35.35,1,1,1.0
133,24,34.99,283.31,124.94,147.56,1,1,1.0
133,25,113.28,45.23,34.49,23.83,1,1,1.0
133,26,580.69,87.25,79.72,38.34,1,1,1.0
133,27,515.84,113.92,95.29,50.07,1,1,0.5588
133,28,695.68,93.65,85.48,42.82,1,1,1.0
133,29,33.07,34.56,31.08,22.76,1,1,1.0
134,14,247.47,12.8,24.68,17.21,1,1,1.0
134,15,160.43,18.13,31.08,17.85,1,1,0.1193
134,18,402.56,273.92,159.29,110.44,1,1,1.0
134,19,406.19,182.61,107.66,67.35,1,1,1.0
134,20,119.68,169.39,81.43,67.98,1,1,1.0
134,21,314.03,45.23,42.6,29.37,1,1,1.0
134,23,171.52,76.59,52.41,35.98,1,1,1.0
134,24,38.61,291.63,128.79,156.3,1,1,1.0
134,25,114.99,46.51,34.7,24.04,1,1,1.0
134,26,573.44,85.55,78.01,38.33,1,1,1.0
134,27,506.03,111.15,93.37,50.06,1,1,0.5776
134,28,686.72,91.95,83.99,42.38,1,1,1.0
134,29,34.13,35.84,31.72,22.97,1,1,1.0
135,14,245.33,12.8,25.11,16.57,1,1,1.0
135,15,159.15,18.13,30.44,17.43,1,1,0.18
135,18,414.08,282.03,165.48,113.85,1,1,1.0
135,19,415.36,187.31,109.8,68.84,1,1,1.0
135,20,123.31,173.23,82.28,69.69,1,1,1.0
135,21,310.61,43.95,42.6,30.65,1,1,1.0
135,23,174.29,78.29,52.84,36.63,1,1,1.0
135,24,42.24,299.95,132.63,165.05,1,1,1.0
135,25,116.69,47.79,34.92,24.25,1,1,1.0
135,26,566.19,83.84,76.3,38.33,1,1,1.0
135,27,496.21,108.37,91.46,50.07,1,1,0.5451
135,28,677.76,90.24,82.49,41.96,1,1,1.0
135,29,35.2,37.12,32.36,23.19,1,1,1.0
136,14,243.2,12.8,25.53,15.93,1,1,1.0
136,15,157.87,18.13,29.8,17.0,1,1,0.1413
136,18,425.6,290.13,171.67,117.27,1,1,1.0
136,19,424.53,192.0,111.94,70.33,1,1,1.0
136,20,126.93,177.07,83.14,71.4,1,1,1.0
136,21,307.2,42.67,42.6,31.93,1,1,1.0
136,23,177.07,80.0,53.26,37.27,1,1,1.0
136,24,45.87,308.27,136.46,173.8,1,1,1.0
136,25,118.4,49.07,35.13,24.47,1,1,1.0
136,26,558.93,82.13,74.6,38.34,1,1,1.0
136,27,486.4,105.6,89.53,50.07,1,1,0.5728
136,28,668.8,88.53,81.0,41.54,1,1,1.0
136,29,36.27,38.4,33.0,23.4,1,1,1.0
136,30,920.53,137.6,40.47,44.73,1,1,1.0
137,14,242.13,12.59,25.32,16.79,1,1,1.0
137,15,155.73,17.49,29.8,17.43,1,1,0.1668
137,18,440.53,299.31,178.28,123.66,1,1,1.0
137,19,435.41,196.69,116.2,73.11,1,1,1.0
137,20,131.2,181.55,85.27,73.74,1,1,1.0
137,21,304.43,42.03,42.38,31.08,1,1,1.0
137,23,180.05,81.07,53.27,38.12,1,1,1.0
137,24,50.35,321.49,145.0,180.63,1,1,1.0
137,25,119.68,49.92,35.77,25.11,1,1,1.0
137,26,552.53,81.28,73.96,37.69,1,1,1.0
137,27,479.36,103.68,86.76,49.21,1,1,0.5511
137,28,661.55,87.68,79.29,40.47,1,1,1.0
137,29,37.33,38.61,32.79,24.04,1,1,1.0
137,30,906.45,134.61,54.55,45.16,1,1,1.0
138,14,241.07,12.37,25.1,17.64,1,1,1.0
138,15,153.6,16.85,29.8,17.85,1,1,0.0894
138,18,455.47,308.48,184.89,130.07,1,1,1.0
138,19,446.29,201.39,120.47,75.88,1,1,1.0
138,20,135.47,186.03,87.4,76.09,1,1,1.0
138,21,301.65,41.39,42.18,30.23,1,1,1.0
138,23,183.04,82.13,53.27,38.98,1,1,1.0
138,24,54.83,334.72,153.53,187.45,1,1,1.0
138,25,120.96,50.77,36.41,25.75,1,1,1.0
138,26,546.13,80.43,73.32,37.05,1,1,1.0
138,27,472.32,101.76,83.99,48.36,1,1,0.4683
138,28,654.29,86.83,77.59,39.4,1,1,1.0
138,29,38.4,38.83,32.57,24.68,1,1,1.0
138,30,892.37,131.63,68.63,45.58,1,1,1.0
139,14,240.0,12.16,24.89,18.49,1,1,1.0
139,15,151.47,16.21,29.8,18.28,1,1,0.122
139,18,470.4,317.65,191.51,136.47,1,1,1.0
139,19,457.17,206.08,124.74,78.65,1,1,1.0
139,20,139.73,190.51,89.54,78.44,1,1,1.0
139,21,298.88,40.75,41.96,29.37,1,1,1.0
139,23,186.03,83.2,53.26,39.83,1,1,1.0
139,24,59.31,347.95,162.06,193.05,1,1,1.0
139,25,122.24,51.63,37.05,26.39,1,1,1.0
139,26,539.73,79.57,72.68,36.42,1,1,1.0
139,27,465.28,99.84,81.21,47.51,1,1,0.514
139,28,647.04,85.97,75.88,38.34,1,1,1.0
139,29,39.47,39.04,32.36,25.32,1,1,1.0
139,30,878.29,128.64,82.71,46.01,1,1,1.0
140,14,238.93,11.95,24.68,19.35,1,1,1.0
140,15,149.33,15.57,29.8,18.71,1,1,0.1531
140,18,485.33,326.83,198.12,142.86,1,1,1.0
140,19,468.05,210.77,129.0,81.43,1,1,1.0
140,20,144.0,194.99,91.67,80.78,1,1,1.0
140,21,296.11,40.11,41.74,28.52,1,1,1.0
140,23,189.01,84.27,53.27,40.68,1,1,1.0
140,24,63.79,361.17,170.6,179.83,1,1,1.0
140,25,123.52,52.48,37.69,27.03,1,1,1.0
140,26,533.33,78.72,72.04,35.77,1,1,1.0
140,27,458.24,97.92,78.44,46.65,1,1,0.4846
140,28,639.79,85.12,74.17,37.27,1,1,1.0
140,29,40.53,39.25,32.15,25.96,1,1,1.0
140,30,864.21,125.65,96.79,46.44,1,1,1.0
141,14,237.87,11.73,24.46,20.2,1,1,1.0
141,15,147.2,14.93,29.8,19.13,1,1,0.1828
141,18,500.27,336.0,204.73,149.27,1,1,1.0
141,19,478.93,215.47,133.27,84.2,1,1,1.0
141,20,148.27,199.47,93.8,83.13,1,1,1.0
141,21,293.33,39.47,41.54,27.67,1,1,1.0
141,23,192.0,85.33,53.27,41.54,1,1,1.0
141,24,68.27,374.4,179.13,166.6,1,1,1.0
141,25,124.8,53.33,38.33,27.67,1,1,1.0
141,26,526.93,77.87,71.4,35.13,1,1,1.0
141,27,451.2,96.0,75.67,45.8,1,1,0.4858
141,28,632.53,84.27,72.47,36.2,1,1,1.0
141,29,41.6,39.47,31.93,26.6,1,1,1.0
141,30,850.13,122.67,110.87,46.86,1,1,1.0
142,14,236.37,11.52,24.04,19.77,1,1,1.0
142,15,145.28,14.72,30.01,19.13,1,1,0.1993
142,18,519.68,349.65,217.96,155.46,1,1,1.0
142,19,491.95,221.65,137.32,87.62,1,1,1.0
142,20,152.75,204.16,96.14,86.12,1,1,1.0
142,21,290.77,39.25,40.47,27.67,1,1,1.0
142,23,195.2,87.25,53.91,41.54,1,1,1.0
142,24,76.16,390.83,173.16,150.17,1,1,1.0
142,25,126.72,54.19,38.76,28.09,1,1,1.0
142,26,520.75,76.37,70.97,35.14,1,1,1.0
142,27,443.73,94.51,74.39,44.52,1,1,0.507
142,28,624.64,82.35,72.68,36.84,1,1,1.0
142,29,42.88,40.11,32.36,27.24,1,1,1.0
142,30,838.4,120.75,101.48,46.01,1,1,1.0
143,14,234.88,11.31,23.61,19.35,1,1,1.0
143,15,143.36,14.51,30.23,19.13,1,1,0.1476
143,18,539.09,363.31,231.19,161.64,1,1,1.0
143,19,504.96,227.84,141.37,91.03,1,1,1.0
143,20,157.23,208.85,98.49,89.11,1,1,1.0
143,21,288.21,39.04,39.4,27.67,1,1,1.0
143,23,198.4,89.17,54.55,41.54,1,1,1.0
143,24,84.05,407.25,167.19,133.75,1,1,1.0
143,25,128.64,55.04,39.19,28.52,1,1,1.0
143,26,514.56,74.88,70.55,35.13,1,1,1.0
143,27,436.27,93.01,73.1,43.24,1,1,0.442
143,28,616.75,80.43,72.89,37.48,1,1,1.0
143,29,44.16,40.75,32.79,27.88,1,1,1.0
143,30,826.67,118.83,99.56,45.16,1,1,1.0
144,14,233.39,11.09,23.18,18.92,1,1,1.0
144,15,141.44,14.29,30.44,19.13,1,1,0.1279
144,18,558.51,376.96,244.41,164.04,1,1,1.0
144,19,517.97,234.03,145.43,94.44,1,1,1.0
144,20,161.71,213.55,100.84,92.09,1,1,1.0
144,21,285.65,38.83,38.34,27.67,1,1,1.0
144,23,201.6,91.09,55.19,41.54,1,1,1.0
144,24,91.95,423.68,161.21,117.32,1,1,1.0
144,25,130.56,55.89,39.61,28.95,1,1,1.0
144,26,508.37,73.39,70.12,35.13,1,1,1.0
144,27,428.8,91.52,71.83,41.96,1,1,0.461
144,28,608.85,78.51,73.11,38.12,1,1,1.0
144,29,45.44,41.39,33.21,28.52,1,1,1.0
144,30,814.93,116.91,97.64,44.3,1,1,1.0
145,14,231.89,10.88,22.76,18.49,1,1,1.0
145,15,139.52,14.08,30.65,19.13,1,1,0.1254
145,18,577.92,390.61,257.64,150.39,1,1,1.0
145,19,530.99,240.21,149.48,97.86,1,1,1.0
145,20,166.19,218.24,103.18,95.08,1,1,1.0
145,21,283.09,38.61,37.27,27.67,1,1,1.0
145,23,204.8,93.01,55.83,41.54,1,1,1.0
145,24,99.84,440.11,155.24,100.89,1,1,1.0
145,25,132.48,56.75,40.04,29.37,1,1,1.0
145,26,502.19,71.89,69.69,35.14,1,1,1.0
145,27,421.33,90.03,70.55,40.68,1,1,0.4471
145,28,600.96,76.59,73.32,38.76,1,1,1.0
145,29,46.72,42.03,33.64,29.16,1,1,1.0
145,30,803.2,114.99,95.72,43.45,1,1,1.0
146,14,230.4,10.67,22.33,18.07,1,1,1.0
146,15,137.6,13.87,30.87,19.13,1,1,0.123
146,18,597.33,404.27,270.87,136.73,1,1,1.0
146,19,544.0,246.4,153.53,101.27,1,1,1.0
146,20,170.67,222.93,105.53,98.07,1,1,1.0
146,21,280.53,38.4,36.2,27.67,1,1,1.0
146,23,208.0,94.93,56.47,41.54,1,1,1.0
146,24,107.73,456.53,149.27,84.47,1,1,1.0
146,25,134.4,57.6,40.47,29.8,1,1,1.0
146,26,496.0,70.4,69.27,35.13,1,1,1.0
146,27,413.87,88.53,69.26,39.4,1,1,0.4454
146,28,593.07,74.67,73.53,39.4,1,1,1.0
146,29,48.0,42.67,34.07,29.8,1,1,1.0
146,30,791.47,113.07,93.8,42.6,1,1,1.0
147,14,228.69,10.45,22.12,17.43,1,1,1.0
147,18,623.15,421.33,261.69,119.67,1,1,1.0
147,19,560.21,253.87,159.72,105.53,1,1,1.0
147,20,176.64,229.55,109.59,100.2,1,1,1.0
147,21,277.97,37.76,35.99,27.45,1,1,1.0
147,23,211.2,96.85,57.96,41.75,1,1,1.0
147,25,136.53,58.24,40.47,30.23,1,1,1.0
147,26,490.67,69.76,68.84,34.07,1,1,1.0
147,27,407.04,87.47,67.99,37.69,1,1,0.451
147,28,586.67,73.6,72.04,38.97,1,1,1.0
147,29,49.28,43.31,34.28,30.44,1,1,1.0
147,30,781.01,111.15,91.88,42.38,1,1,1.0
148,14,226.99,10.24,21.9,16.79,1,1,1.0
148,18,648.96,438.4,252.52,102.6,1,1,1.0
148,19,576.43,261.33,165.9,109.8,1,1,1.0
148,20,182.61,236.16,113.64,102.33,1,1,1.0
148,21,275.41,37.12,35.78,27.24,1,1,1.0
148,23,214.4,98.77,59.45,41.96,1,1,1.0
148,25,138.67,58.88,40.46,30.65,1,1,1.0
148,26,485.33,69.12,68.42,33.0,1,1,1.0
148,27,400.21,86.4,66.71,35.99,1,1,0.3779
148,28,580.27,72.53,70.54,38.55,1,1,1.0
148,29,50.56,43.95,34.49,31.08,1,1,1.0
148,30,770.56,109.23,89.96,42.17,1,1,1.0
149,14,225.28,10.03,21.69,16.15,1,1,1.0
149,18,674.77,455.47,243.35,85.53,1,1,1.0
149,19,592.64,268.8,172.09,114.07,1,1,1.0
149,20,188.59,242.77,117.69,104.47,1,1,1.0
149,21,272.85,36.48,35.56,27.03,1,1,1.0
149,23,217.6,100.69,60.95,42.18,1,1,1.0
149,25,140.8,59.52,40.47,31.08,1,1,1.0
149,26,480.0,68.48,67.99,31.93,1,1,1.0
149,27,393.39,85.33,65.42,34.28,1,1,0.41
149,28,573.87,71.47,69.05,38.12,1,1,1.0
149,29,51.84,44.59,34.71,31.72,1,1,1.0
149,30,760.11,107.31,88.04,41.96,1,1,1.0
150,14,223.57,9.81,21.48,15.51,1,1,1.0
150,18,700.59,472.53,234.17,68.47,1,1,1.0
150,19,608.85,276.27,178.28,118.33,1,1,1.0
150,20,194.56,249.39,121.75,106.6,1,1,1.0
150,21,270.29,35.84,35.35,26.81,1,1,1.0
150,23,220.8,102.61,62.44,42.39,1,1,1.0
150,25,142.93,60.16,40.47,31.51,1,1,1.0
150,26,474.67,67.84,67.56,30.87,1,1,1.0
150,27,386.56,84.27,64.15,32.57,1,1,0.3602
150,28,567.47,70.4,67.56,37.69,1,1,1.0
150,29,53.12,45.23,34.92,32.36,1,1,1.0
150,30,749.65,105.39,86.12,41.74,1,1,1.0
151,14,221.87,9.6,21.26,14.87,1,1,1.0
151,18,726.4,489.6,234.6,51.4,1,1,1.0
151,19,625.07,283.73,184.46,122.6,1,1,1.0
151,20,200.53,256.0,125.8,108.73,1,1,1.0
151,21,267.73,35.2,35.14,26.6,1,1,1.0
151,23,224.0,104.53,63.93,42.6,1,1,1.0
151,25,145.07,60.8,40.46,31.93,1,1,1.0
151,26,469.33,67.2,67.14,29.8,1,1,1.0
151,27,379.73,83.2,62.87,30.87,1,1,0.3526
151,28,561.07,69.33,66.06,37.27,1,1,1.0
151,29,54.4,45.87,35.13,33.0,1,1,1.0
151,30,739.2,103.47,84.2,41.53,1,1,1.0
152,19,645.33,294.83,193.86,126.44,1,1,1.0
152,20,208.21,263.68,129.0,112.79,1,1,1.0
152,21,265.39,34.77,34.92,25.96,1,1,1.0
152,23,228.05,106.45,65.22,43.03,1,1,1.0
152,25,146.56,62.08,41.53,32.36,1,1,1.0
152,26,464.21,65.92,66.07,29.8,1,1,1.0
152,27,374.19,81.28,62.22,30.87,1,1,0.3473
152,28,555.31,68.48,65.0,36.63,1,1,1.0
152,29,55.47,46.72,35.77,32.36,1,1,1.0
152,30,730.03,101.55,82.28,41.53,1,1,1.0
153,19,665.6,305.92,203.24,130.28,1,1,1.0
153,20,215.89,271.36,132.2,116.84,1,1,1.0
153,21,263.04,34.35,34.71,25.32,1,1,1.0
153,23,232.11,108.37,66.49,43.46,1,1,1.0
153,25,148.05,63.36,42.6,32.79,1,1,1.0
153,26,459.09,64.64,65.0,29.8,1,1,1.0
153,27,368.64,79.36,61.59,30.87,1,1,0.3447
153,28,549.55,67.63,63.93,35.98,1,1,1.0
153,29,56.53,47.57,36.41,31.72,1,1,1.0
153,30,720.85,99.63,80.36,41.53,1,1,1.0
154,19,685.87,317.01,212.62,134.12,1,1,1.0
154,20,223.57,279.04,135.4,120.89,1,1,1.0
154,21,260.69,33.92,34.5,24.68,1,1,1.0
154,23,236.16,110.29,67.77,43.88,1,1,1.0
154,25,149.55,64.64,43.66,33.21,1,1,1.0
154,26,453.97,63.36,63.94,29.8,1,1,1.0
154,27,363.09,77.44,60.95,30.87,1,1,0.4258
154,28,543.79,66.77,62.86,35.35,1,1,1.0
154,29,57.6,48.43,37.05,31.08,1,1,1.0
154,30,711.68,97.71,78.44,41.53,1,1,1.0
155,19,706.13,328.11,222.02,137.96,1,1,1.0
155,20,231.25,286.72,138.6,124.95,1,1,1.0
155,21,258.35,33.49,34.28,24.04,1,1,1.0
155,23,240.21,112.21,69.06,44.31,1,1,1.0
155,25,151.04,65.92,44.73,33.64,1,1,1.0
155,26,448.85,62.08,62.87,29.8,1,1,1.0
155,27,357.55,75.52,60.3,30.87,1,1,0.4369
155,28,538.03,65.92,61.8,34.71,1,1,1.0
155,29,58.67,49.28,37.69,30.44,1,1,1.0
155,30,702.51,95.79,76.52,41.53,1,1,1.0
156,19,726.4,339.2,234.6,141.8,1,1,1.0
156,20,238.93,294.4,141.8,129.0,1,1,1.0
156,21,256.0,33.07,34.07,23.4,1,1,1.0
156,23,244.27,114.13,70.33,44.74,1,1,1.0
156,25,152.53,67.2,45.8,34.07,1,1,1.0
156,26,443.73,60.8,61.8,29.8,1,1,1.0
156,27,352.0,73.6,59.67,30.87,1,1,0.4285
156,28,532.27,65.07,60.73,34.07,1,1,1.0
156,29,59.73,50.13,38.33,29.8,1,1,1.0
156,30,693.33,93.87,74.6,41.53,1,1,1.0
156,31,905.6,148.27,55.4,62.86,1,1,1.0
157,19,754.77,352.0,206.23,137.75,1,1,1.0
157,20,248.53,303.79,148.42,136.25,1,1,1.0
157,21,253.44,32.85,34.49,23.83,1,1,1.0
157,23,248.53,116.48,71.62,45.8,1,1,1.0
157,25,154.67,68.27,46.44,34.28,1,1,1.0
157,26,439.68,59.73,60.52,29.8,1,1,1.0
157,27,347.52,71.89,58.17,31.72,1,1,0.5116
157,28,527.15,64.21,59.45,33.64,1,1,1.0
157,29,61.44,51.41,38.55,30.44,1,1,1.0
157,30,686.08,92.59,72.89,40.25,1,1,1.0
157,31,888.53,144.64,72.47,63.72,1,1,1.0
158,19,783.15,364.8,177.85,133.69,1,1,1.0
158,20,258.13,313.17,155.03,143.51,1,1,1.0
158,21,250.88,32.64,34.92,24.25,1,1,1.0
158,23,252.8,118.83,72.89,46.86,1,1,1.0
158,25,156.8,69.33,47.08,34.5,1,1,1.0
158,26,435.63,58.67,59.24,29.8,1,1,1.0
158,27,343.04,70.19,56.68,32.57,1,1,0.4411
158,28,522.03,63.36,58.17,33.21,1,1,1.0
158,29,63.15,52.69,38.76,31.08,1,1,1.0
158,30,678.83,91.31,71.18,38.97,1,1,1.0
158,31,871.47,141.01,89.53,64.58,1,1,1.0
159,19,811.52,377.6,149.48,129.64,1,1,1.0
159,20,267.73,322.56,161.64,150.76,1,1,1.0
159,21,248.32,32.43,35.35,24.68,1,1,1.0
159,23,257.07,121.17,74.17,47.94,1,1,1.0
159,25,158.93,70.4,47.72,34.71,1,1,1.0
159,26,431.57,57.6,57.96,29.8,1,1,1.0
159,27,338.56,68.48,55.19,33.43,1,1,0.4125
159,28,516.91,62.51,56.89,32.79,1,1,1.0
159,29,64.85,53.97,38.98,31.72,1,1,1.0
159,30,671.57,90.03,69.48,37.69,1,1,1.0
159,31,854.4,137.39,91.03,65.42,1,1,1.0
160,19,839.89,390.4,121.11,125.59,1,1,1.0
160,20,277.33,331.95,168.26,158.01,1,1,1.0
160,21,245.76,32.21,35.77,25.11,1,1,1.0
160,23,261.33,123.52,75.46,49.0,1,1,1.0
160,25,161.07,71.47,48.36,34.92,1,1,1.0
160,26,427.52,56.53,56.68,29.8,1,1,1.0
160,27,334.08,66.77,53.69,34.28,1,1,0.4457
160,28,511.79,61.65,55.61,32.36,1,1,1.0
160,29,66.56,55.25,39.19,32.36,1,1,1.0
160,30,664.32,88.75,67.77,36.41,1,1,1.0
160,31,837.33,133.76,98.28,66.28,1,1,1.0
161,19,868.27,403.2,92.73,121.53,1,1,1.0
161,20,286.93,341.33,174.87,165.27,1,1,1.0
161,21,243.2,32.0,36.2,25.53,1,1,1.0
161,23,265.6,125.87,76.73,50.06,1,1,1.0
161,25,163.2,72.53,49.0,35.14,1,1,1.0
161,26,423.47,55.47,55.4,29.8,1,1,1.0
161,27,329.6,65.07,52.2,35.13,1,1,0.4294
161,28,506.67,60.8,54.33,31.93,1,1,1.0
161,29,68.27,56.53,39.4,33.0,1,1,1.0
161,30,657.07,87.47,66.06,35.13,1,1,1.0
161,31,820.27,130.13,105.53,67.14,1,1,1.0
161,32,19.2,26.67,26.6,23.4,1,1,1.0
162,20,299.95,354.13,181.69,169.32,1,1,1.0
162,21,240.85,31.36,35.56,25.32,1,1,1.0
162,23,270.72,128.0,77.37,51.13,1,1,1.0
162,25,165.55,74.24,49.21,34.71,1,1,1.0
162,26,418.77,55.04,55.19,29.16,1,1,1.0
162,27,324.05,63.79,52.2,34.71,1,1,0.4672
162,28,501.97,59.52,53.7,31.93,1,1,1.0
162,29,69.33,57.39,39.62,32.79,1,1,1.0
162,30,648.53,85.76,65.86,35.35,1,1,1.0
162,31,806.19,126.72,104.04,66.71,1,1,1.0
162,32,20.27,26.67,26.17,23.61,1,1,1.0
163,20,312.96,366.93,188.52,174.07,1,1,1.0
163,21,238.51,30.72,34.92,25.11,1,1,1.0
163,23,275.84,130.13,78.01,52.2,1,1,1.0
163,25,167.89,75.95,49.43,34.28,1,1,1.0
163,26,414.08,54.61,54.97,28.52,1,1,1.0
163,27,318.51,62.51,52.2,34.28,1,1,0.452
163,28,497.28,58.24,53.05,31.93,1,1,1.0
163,29,70.4,58.24,39.83,32.57,1,1,1.0
163,30,640.0,84.05,65.64,35.56,1,1,1.0
163,31,792.11,123.31,102.54,66.28,1,1,1.0
163,32,21.33,26.67,25.75,23.83,1,1,1.0
164,20,325.97,379.73,195.35,161.27,1,1,1.0
164,21,236.16,30.08,34.28,24.89,1,1,1.0
164,23,280.96,132.27,78.65,53.26,1,1,1.0
164,25,170.24,77.65,49.64,33.86,1,1,1.0
164,26,409.39,54.19,54.76,27.88,1,1,1.0
164,27,312.96,61.23,52.2,33.85,1,1,0.4517
164,28,492.59,56.96,52.41,31.93,1,1,1.0
164,29,71.47,59.09,40.04,32.36,1,1,1.0
164,30,631.47,82.35,65.42,35.77,1,1,1.0
164,31,778.03,119.89,101.05,65.86,1,1,1.0
164,32,22.4,26.67,25.32,24.04,1,1,1.0
165,20,338.99,392.53,202.17,148.47,1,1,1.0
165,21,233.81,29.44,33.64,24.68,1,1,1.0
165,23,286.08,134.4,79.29,54.33,1,1,1.0
165,25,172.59,79.36,49.85,33.43,1,1,1.0
165,26,404.69,53.76,54.55,27.24,1,1,1.0
165,27,307.41,59.95,52.2,33.43,1,1,0.4446
165,28,487.89,55.68,51.78,31.93,1,1,1.0
165,29,72.53,59.95,40.26,32.15,1,1,1.0
165,30,622.93,80.64,65.22,35.99,1,1,1.0
165,31,763.95,116.48,99.56,65.43,1,1,1.0
165,32,23.47,26.67,24.89,24.25,1,1,1.0
166,20,352.0,405.33,209.0,135.67,1,1,1.0
166,21,231.47,28.8,33.0,24.47,1,1,1.0
166,23,291.2,136.53,79.93,55.4,1,1,1.0
166,25,174.93,81.07,50.07,33.0,1,1,1.0
166,26,400.0,53.33,54.33,26.6,1,1,1.0
166,27,301.87,58.67,52.2,33.0,1,1,0.4861
166,28,483.2,54.4,51.13,31.93,1,1,1.0
166,29,73.6,60.8,40.47,31.93,1,1,1.0
166,30,614.4,78.93,65.0,36.2,1,1,1.0
166,31,749.87,113.07,98.06,65.0,1,1,1.0
166,32,24.53,26.67,24.47,24.47,1,1,1.0
167,20,370.13,422.83,199.83,118.17,1,1,1.0
167,21,229.97,27.73,32.15,24.04,1,1,1.0
167,23,296.32,139.31,82.92,56.46,1,1,1.0
167,25,177.71,81.92,50.92,33.43,1,1,1.0
167,26,396.16,51.84,53.69,26.81,1,1,1.0
167,27,298.03,57.17,51.56,31.72,1,1,0.4735
167,28,477.87,52.91,51.13,31.29,1,1,1.0
167,29,74.88,61.23,41.53,32.57,1,1,1.0
167,30,608.0,77.44,64.15,34.92,1,1,1.0
167,31,737.71,110.51,96.14,64.14,1,1,1.0
167,32,24.75,26.88,25.53,25.11,1,1,1.0
168,20,388.27,440.32,190.65,100.68,1,1,1.0
168,21,228.48,26.67,31.29,23.61,1,1,1.0
168,23,301.44,142.08,85.91,57.53,1,1,1.0
168,25,180.48,82.77,51.77,33.86,1,1,1.0
168,26,392.32,50.35,53.05,27.03,1,1,1.0
168,27,294.19,55.68,50.92,30.44,1,1,0.4716
168,28,472.53,51.41,51.14,30.65,1,1,1.0
168,29,76.16,61.65,42.6,33.21,1,1,1.0
168,30,601.6,75.95,63.29,33.64,1,1,1.0
168,31,725.55,107.95,94.22,63.29,1,1,1.0
168,32,24.96,27.09,26.6,25.75,1,1,1.0
169,20,406.4,457.81,181.48,83.19,1,1,1.0
169,21,226.99,25.6,30.44,23.19,1,1,1.0
169,23,306.56,144.85,88.89,58.6,1,1,1.0
169,25,183.25,83.63,52.63,34.28,1,1,1.0
169,26,388.48,48.85,52.41,27.24,1,1,1.0
169,27,290.35,54.19,50.28,29.16,1,1,0.5432
169,28,467.2,49.92,51.13,30.01,1,1,1.0
169,29,77.44,62.08,43.67,33.85,1,1,1.0
169,30,595.2,74.45,62.44,32.36,1,1,1.0
169,31,713.39,105.39,92.3,62.44,1,1,1.0
169,32,25.17,27.31,27.67,26.39,1,1,1.0
170,20,424.53,475.31,172.31,65.69,1,1,1.0
170,21,225.49,24.53,29.59,22.76,1,1,1.0
170,23,311.68,147.63,91.88,59.66,1,1,1.0
170,25,186.03,84.48,53.48,34.71,1,1,1.0
170,26,384.64,47.36,51.77,27.45,1,1,1.0
170,27,286.51,52.69,49.64,27.88,1,1,0.5526
170,28,461.87,48.43,51.13,29.37,1,1,1.0
170,29,78.72,62.51,44.73,34.49,1,1,1.0
170,30,588.8,72.96,61.59,31.08,1,1,1.0
170,31,701.23,102.83,90.38,61.58,1,1,1.0
170,32,25.39,27.52,28.73,27.03,1,1,1.0
171,20,442.67,492.8,163.13,48.2,1,1,1.0
171,21,224.0,23.47,28.73,22.33,1,1,1.0
171,23,316.8,150.4,94.87,60.73,1,1,1.0
171,25,188.8,85.33,54.33,35.14,1,1,1.0
171,26,380.8,45.87,51.13,27.67,1,1,1.0
171,27,282.67,51.2,49.0,26.6,1,1,0.6168
171,28,456.53,46.93,51.14,28.73,1,1,1.0
171,29,80.0,62.93,45.8,35.13,1,1,1.0
171,30,582.4,71.47,60.73,29.8,1,1,1.0
171,31,689.07,100.27,88.46,60.73,1,1,1.0
171,32,25.6,27.73,29.8,27.67,1,1,1.0
171,33,67.2,23.47,27.67,22.33,1,1,1.0
172,21,222.08,22.83,28.73,22.33,1,1,1.0
172,23,324.27,153.6,96.57,61.59,1,1,1.0
172,25,191.79,86.19,55.18,35.77,1,1,1.0
172,26,377.6,44.59,50.07,27.45,1,1,1.0
172,27,279.25,50.13,48.36,26.6,1,1,0.614
172,28,452.69,46.29,50.5,28.73,1,1,1.0
172,29,81.92,63.57,46.23,35.99,1,1,1.0
172,30,576.21,69.97,60.1,30.23,1,1,1.0
172,31,678.83,97.71,86.76,59.24,1,1,1.0
172,32,26.67,27.95,29.59,27.45,1,1,1.0
172,33,68.48,23.68,27.67,22.33,1,1,1.0
173,21,220.16,22.19,28.73,22.33,1,1,1.0
173,23,331.73,156.8,98.28,62.44,1,1,1.0
173,25,194.77,87.04,56.04,36.41,1,1,1.0
173,26,374.4,43.31,49.0,27.24,1,1,1.0
173,27,275.84,49.07,47.72,26.6,1,1,0.6211
173,28,448.85,45.65,49.86,28.73,1,1,1.0
173,29,83.84,64.21,46.65,36.84,1,1,1.0
173,30,570.03,68.48,59.45,30.65,1,1,1.0
173,31,668.59,95.15,85.05,57.74,1,1,1.0
173,32,27.73,28.16,29.37,27.24,1,1,1.0
173,33,69.76,23.89,27.67,22.33,1,1,1.0
174,21,218.24,21.55,28.73,22.33,1,1,1.0
174,23,339.2,160.0,99.99,63.29,1,1,1.0
174,25,197.76,87.89,56.89,37.06,1,1,1.0
174,26,371.2,42.03,47.93,27.03,1,1,1.0
174,27,272.43,48.0,47.08,26.6,1,1,0.5918
174,28,445.01,45.01,49.22,28.73,1,1,1.0
174,29,85.76,64.85,47.08,37.7,1,1,1.0
174,30,563.84,66.99,58.81,31.08,1,1,1.0
174,31,658.35,92.59,83.34,56.25,1,1,1.0
174,32,28.8,28.37,29.16,27.03,1,1,1.0
174,33,71.04,24.11,27.67,22.33,1,1,1.0
175,21,216.32,20.91,28.73,22.33,1,1,1.0
175,23,346.67,163.2,101.69,64.15,1,1,1.0
175,25,200.75,88.75,57.74,37.69,1,1,1.0
175,26,368.0,40.75,46.87,26.81,1,1,1.0
175,27,269.01,46.93,46.44,26.6,1,1,0.6106
175,28,441.17,44.37,48.58,28.73,1,1,1.0
175,29,87.68,65.49,47.51,38.55,1,1,1.0
175,30,557.65,65.49,58.18,31.51,1,1,1.0
175,31,648.11,90.03,81.64,54.76,1,1,1.0
175,32,29.87,28.59,28.95,26.81,1,1,1.0
175,33,72.32,24.32,27.67,22.33,1,1,1.0
176,21,214.4,20.27,28.73,22.33,1,1,1.0
176,23,354.13,166.4,103.4,65.0,1,1,1.0
176,25,203.73,89.6,58.6,38.33,1,1,1.0
176,26,364.8,39.47,45.8,26.6,1,1,1.0
176,27,265.6,45.87,45.8,26.6,1,1,0.4656
176,28,437.33,43.73,47.94,28.73,1,1,1.0
176,29,89.6,66.13,47.93,39.4,1,1,1.0
176,30,551.47,64.0,57.53,31.93,1,1,1.0
176,31,637.87,87.47,79.93,53.26,1,1,1.0
176,32,30.93,28.8,28.73,26.6,1,1,1.0
176,33,73.6,24.53,27.67,22.33,1,1,1.0
176,34,852.27,181.33,108.73,65.0,1,1,1.0
177,21,212.27,19.63,29.16,22.76,1,1,1.0
177,23,362.24,169.81,105.11,67.78,1,1,1.0
177,25,206.93,91.09,59.67,39.19,1,1,1.0
177,26,361.39,38.83,45.37,26.17,1,1,1.0
177,27,261.97,44.59,45.16,26.81,1,1,0.5384
177,28,434.13,42.67,46.87,28.52,1,1,1.0
177,29,91.95,67.2,47.72,39.83,1,1,1.0
177,30,545.92,62.93,56.89,31.51,1,1,1.0
177,31,628.91,85.97,77.8,51.99,1,1,1.0
177,32,31.57,29.01,29.16,27.03,1,1,1.0
177,33,75.09,24.96,27.88,22.33,1,1,1.0
177,34,835.41,177.07,125.59,63.93,1,1,1.0
178,21,210.13,18.99,29.59,23.19,1,1,1.0
178,23,370.35,173.23,106.81,70.54,1,1,1.0
178,25,210.13,92.59,60.74,40.04,1,1,1.0
178,26,357.97,38.19,44.95,25.75,1,1,1.0
178,27,258.35,43.31,44.52,27.03,1,1,0.4697
178,28,430.93,41.6,45.8,28.31,1,1,1.0
178,29,94.29,68.27,47.51,40.25,1,1,1.0
178,30,540.37,61.87,56.26,31.08,1,1,1.0
178,31,619.95,84.48,75.66,50.71,1,1,1.0
178,32,32.21,29.23,29.59,27.45,1,1,1.0
178,33,76.59,25.39,28.09,22.33,1,1,1.0
178,34,818.56,172.8,122.17,62.87,1,1,1.0
179,21,208.0,18.35,30.01,23.61,1,1,1.0
179,23,378.45,176.64,108.52,73.32,1,1,1.0
179,25,213.33,94.08,61.8,40.89,1,1,1.0
179,26,354.56,37.55,44.52,25.32,1,1,1.0
179,27,254.72,42.03,43.88,27.24,1,1,0.4493
179,28,427.73,40.53,44.74,28.09,1,1,1.0
179,29,96.64,69.33,47.29,40.68,1,1,1.0
179,30,534.83,60.8,55.61,30.65,1,1,1.0
179,31,610.99,82.99,73.53,49.42,1,1,1.0
179,32,32.85,29.44,30.01,27.88,1,1,1.0
179,33,78.08,25.81,28.31,22.33,1,1,1.0
179,34,801.71,168.53,121.96,61.8,1,1,0.9999
180,21,205.87,17.71,30.44,24.04,1,1,1.0
180,23,386.56,180.05,110.23,76.1,1,1,1.0
180,25,216.53,95.57,62.87,41.75,1,1,1.0
180,26,351.15,36.91,44.09,24.89,1,1,1.0
180,27,251.09,40.75,43.24,27.45,1,1,0.4936
180,28,424.53,39.47,43.67,27.88,1,1,1.0
180,29,98.99,70.4,47.08,41.11,1,1,1.0
180,30,529.28,59.73,54.97,30.23,1,1,1.0
180,31,602.03,81.49,71.4,48.15,1,1,1.0
180,32,33.49,29.65,30.44,28.31,1,1,1.0
180,33,79.57,26.24,28.52,22.33,1,1,1.0
180,34,784.85,164.27,121.75,60.73,1,1,1.0
181,21,203.73,17.07,30.87,24.47,1,1,1.0
181,23,394.67,183.47,111.93,78.86,1,1,1.0
181,25,219.73,97.07,63.94,42.6,1,1,1.0
181,26,347.73,36.27,43.67,24.47,1,1,1.0
181,27,247.47,39.47,42.6,27.67,1,1,0.4646
181,28,421.33,38.4,42.6,27.67,1,1,1.0
181,29,101.33,71.47,46.87,41.53,1,1,1.0
181,30,523.73,58.67,54.34,29.8,1,1,1.0
181,31,593.07,80.0,69.26,46.87,1,1,1.0
181,32,34.13,29.87,30.87,28.73,1,1,1.0
181,33,81.07,26.67,28.73,22.33,1,1,1.0
181,34,768.0,160.0,121.53,59.67,1,1,1.0
181,35,840.53,226.13,120.47,62.87,1,1,0.2524
181,36,903.47,121.6,57.53,62.87,1,1,1.0
182,21,202.45,17.07,30.44,23.83,1,1,1.0
182,23,404.69,188.16,115.14,80.36,1,1,1.0
182,25,223.36,98.99,65.0,42.81,1,1,1.0
182,26,344.53,36.05,44.31,24.25,1,1,1.0
182,27,244.91,38.83,41.74,27.24,1,1,0.4971
182,28,417.28,37.55,42.17,27.67,1,1,1.0
182,29,103.68,72.96,47.51,41.32,1,1,1.0
182,30,519.47,57.39,52.84,29.59,1,1,1.0
182,31,584.96,78.72,67.99,46.44,1,1,1.0
182,32,35.2,30.51,31.29,28.52,1,1,1.0
182,33,82.35,27.09,28.94,23.19,1,1,1.0
182,34,754.13,156.59,118.12,59.02,1,1,1.0
182,35,824.11,220.37,136.89,64.58,1,1,0.273
182,36,888.11,118.4,72.89,63.93,1,1,1.0
183,21,201.17,17.07,30.02,23.19,1,1,1.0
183,23,414.72,192.85,118.33,81.86,1,1,1.0
183,25,226.99,100.91,66.06,43.02,1,1,1.0
183,26,341.33,35.84,44.95,24.04,1,1,1.0
183,27,242.35,38.19,40.89,26.81,1,1,0.4439
183,28,413.23,36.69,41.74,27.67,1,1,1.0
183,29,106.03,74.45,48.14,41.11,1,1,1.0
183,30,515.2,56.11,51.35,29.37,1,1,1.0
183,31,576.85,77.44,66.71,46.01,1,1,1.0
183,32,36.27,31.15,31.72,28.31,1,1,1.0
183,33,83.63,27.52,29.16,24.04,1,1,1.0
183,34,740.27,153.17,114.7,58.39,1,1,1.0
183,35,807.68,214.61,153.32,66.28,1,1,0.312
183,36,872.75,115.2,88.25,65.0,1,1,1.0
184,21,199.89,17.07,29.59,22.55,1,1,1.0
184,23,424.75,197.55,121.53,83.34,1,1,1.0
184,25,230.61,102.83,67.14,43.24,1,1,1.0
184,26,338.13,35.63,45.59,23.83,1,1,1.0
184,27,239.79,37.55,40.04,26.39,1,1,0.4747
184,28,409.17,35.84,41.32,27.67,1,1,1.0
184,29,108.37,75.95,48.79,40.89,1,1,1.0
184,30,510.93,54.83,49.86,29.16,1,1,1.0
184,31,568.75,76.16,65.42,45.59,1,1,1.0
184,32,37.33,31.79,32.15,28.09,1,1,1.0
184,33,84.91,27.95,29.37,24.89,1,1,1.0
184,34,726.4,149.76,111.29,57.75,1,1,0.9996
184,35,791.25,208.85,148.42,67.99,1,1,0.2885
184,36,857.39,112.0,103.61,66.07,1,1,1.0
185,21,198.61,17.07,29.16,21.91,1,1,1.0
185,23,434.77,202.24,124.74,84.84,1,1,1.0
185,25,234.24,104.75,68.2,43.45,1,1,1.0
185,26,334.93,35.41,46.23,23.61,1,1,1.0
185,27,237.23,36.91,39.18,25.96,1,1,0.5141
185,28,405.12,34.99,40.89,27.67,1,1,1.0
185,29,110.72,77.44,49.43,40.68,1,1,1.0
185,30,506.67,53.55,48.36,28.95,1,1,1.0
185,31,560.64,74.88,64.15,45.16,1,1,1.0
185,32,38.4,32.43,32.57,27.88,1,1,1.0
185,33,86.19,28.37,29.58,25.75,1,1,1.0
185,34,712.53,146.35,107.88,57.1,1,1,0.9993
185,35,774.83,203.09,153.1,69.7,1,1,0.2769
185,36,842.03,108.8,118.97,67.13,1,1,1.0
186,21,197.33,17.07,28.74,21.27,1,1,1.0
186,23,444.8,206.93,127.93,86.34,1,1,1.0
186,25,237.87,106.67,69.26,43.66,1,1,1.0
186,26,331.73,35.2,46.87,23.4,1,1,1.0
186,27,234.67,36.27,38.33,25.53,1,1,0.4595
186,28,401.07,34.13,40.46,27.67,1,1,1.0
186,29,113.07,78.93,50.06,40.47,1,1,1.0
186,30,502.4,52.27,46.87,28.73,1,1,1.0
186,31,552.53,73.6,62.87,44.73,1,1,1.0
186,32,39.47,33.07,33.0,27.67,1,1,1.0
186,33,87.47,28.8,29.8,26.6,1,1,1.0
186,34,698.67,142.93,104.46,56.47,1,1,0.9836
186,35,758.4,197.33,157.8,71.4,1,1,0.2615
186,36,826.67,105.6,134.33,68.2,1,1,1.0
186,37,1.0,122.67,19.2,45.8,1,1,1.0
187,21,195.84,17.07,28.31,21.05,1,1,1.0
187,23,454.83,212.48,132.84,88.89,1,1,1.0
187,25,242.35,108.8,69.69,44.73,1,1,1.0
187,26,328.53,34.77,46.44,23.4,1,1,1.0
187,27,231.04,36.05,38.76,24.89,1,1,0.4928
187,28,398.08,33.92,39.83,27.67,1,1,1.0
187,29,115.41,80.64,50.92,40.68,1,1,1.0
187,30,496.85,52.05,47.3,27.88,1,1,1.0
187,31,545.71,72.32,62.22,44.31,1,1,1.0
187,32,40.96,33.92,32.36,27.88,1,1,1.0
187,33,88.96,29.87,30.01,25.75,1,1,1.0
187,34,687.15,139.73,101.05,54.98,1,1,0.9996
187,35,744.96,194.13,152.25,67.14,1,1,0.2762
187,36,813.23,103.89,132.41,67.14,1,1,1.0
187,37,1.0,125.65,21.12,47.08,1,1,1.0
188,21,194.35,17.07,27.88,20.84,1,1,1.0
188,23,464.85,218.03,137.75,91.45,1,1,1.0
188,25,246.83,110.93,70.12,45.8,1,1,1.0
188,26,325.33,34.35,46.02,23.4,1,1,1.0
188,27,227.41,35.84,39.19,24.25,1,1,0.5089
188,28,395.09,33.71,39.19,27.67,1,1,1.0
188,29,117.76,82.35,51.77,40.89,1,1,1.0
188,30,491.31,51.84,47.72,27.03,1,1,1.0
188,31,538.88,71.04,61.59,43.88,1,1,1.0
188,32,42.45,34.77,31.72,28.09,1,1,1.0
188,33,90.45,30.93,30.23,24.89,1,1,1.0
188,34,675.63,136.53,97.64,53.48,1,1,1.0
188,35,731.52,190.93,146.71,62.87,1,1,0.3304
188,36,799.79,102.19,130.49,66.06,1,1,1.0
188,37,1.0,128.64,23.04,48.36,1,1,1.0
189,21,192.85,17.07,27.46,20.63,1,1,1.0
189,23,474.88,223.57,142.65,94.02,1,1,1.0
189,25,251.31,113.07,70.54,46.86,1,1,1.0
189,26,322.13,33.92,45.59,23.4,1,1,1.0
189,27,223.79,35.63,39.61,23.61,1,1,0.4579
189,28,392.11,33.49,38.54,27.67,1,1,1.0
189,29,120.11,84.05,52.62,41.11,1,1,1.0
189,30,485.76,51.63,48.15,26.17,1,1,0.9881
189,31,532.05,69.76,60.95,43.45,1,1,1.0
189,32,43.95,35.63,31.08,28.31,1,1,1.0
189,33,91.95,32.0,30.44,24.04,1,1,1.0
189,34,664.11,133.33,94.22,51.99,1,1,1.0
189,35,718.08,187.73,141.16,58.6,1,1,0.3617
189,36,786.35,100.48,128.57,65.0,1,1,1.0
189,37,1.0,131.63,24.96,49.64,1,1,1.0
190,21,191.36,17.07,27.03,20.41,1,1,1.0
190,23,484.91,229.12,147.56,96.57,1,1,1.0
190,25,255.79,115.2,70.97,47.93,1,1,1.0
190,26,318.93,33.49,45.16,23.4,1,1,1.0
190,27,220.16,35.41,40.04,22.97,1,1,0.3738
190,28,389.12,33.28,37.91,27.67,1,1,1.0
190,29,122.45,85.76,53.48,41.32,1,1,1.0
190,30,480.21,51.41,48.58,25.32,1,1,0.9761
190,31,525.23,68.48,60.3,43.03,1,1,1.0
190,32,45.44,36.48,30.44,28.52,1,1,1.0
190,33,93.44,33.07,30.65,23.19,1,1,1.0
190,34,652.59,130.13,90.81,50.5,1,1,1.0
190,35,704.64,184.53,135.61,54.34,1,1,0.3757
190,36,772.91,98.77,126.65,63.94,1,1,1.0
190,37,1.0,134.61,26.88,50.92,1,1,1.0
191,21,189.87,17.07,26.6,20.2,1,1,1.0
191,23,494.93,234.67,152.47,99.13,1,1,1.0
191,25,260.27,117.33,71.4,49.0,1,1,1.0
191,26,315.73,33.07,44.74,23.4,1,1,1.0
191,27,216.53,35.2,40.47,22.33,1,1,0.4179
191,28,386.13,33.07,37.27,27.67,1,1,1.0
191,29,124.8,87.47,54.33,41.53,1,1,1.0
191,30,474.67,51.2,49.0,24.47,1,1,0.9628
191,31,518.4,67.2,59.67,42.6,1,1,1.0
191,32,46.93,37.33,29.8,28.73,1,1,1.0
191,33,94.93,34.13,30.87,22.33,1,1,1.0
191,34,641.07,126.93,87.4,49.0,1,1,1.0
191,35,691.2,181.33,130.07,50.07,1,1,0.425
191,36,759.47,97.07,124.73,62.86,1,1,1.0
191,37,1.0,137.6,28.8,52.2,1,1,1.0
191,38,1.0,40.53,14.93,23.4,1,1,1.0
191,39,925.87,205.87,35.13,49.0,1,1,1.0
192,21,188.37,16.64,26.39,19.77,1,1,1.0
192,23,510.08,242.35,157.37,101.48,1,1,1.0
192,25,264.75,120.11,72.68,49.21,1,1,1.0
192,26,313.39,32.43,43.66,22.55,1,1,1.0
192,27,214.4,34.56,39.83,22.55,1,1,0.4234
192,28,382.51,32.64,37.9,27.24,1,1,1.0
192,29,127.57,88.75,54.34,43.02,1,1,1.0
192,30,470.4,50.56,47.29,24.04,1,1,0.9529
192,31,511.36,66.13,58.81,41.96,1,1,1.0
192,32,47.36,37.97,30.87,29.8,1,1,1.0
192,33,96.43,34.99,31.29,22.97,1,1,1.0
192,34,630.83,125.23,86.97,47.93,1,1,1.0
192,35,677.97,177.28,127.94,50.07,1,1,0.4154
192,36,747.52,94.93,120.89,62.02,1,1,1.0
192,37,1.0,141.23,30.72,51.98,1,1,1.0
192,38,1.0,41.17,15.36,23.83,1,1,1.0
192,39,906.67,197.97,54.33,56.68,1,1,1.0
193,21,186.88,16.21,26.17,19.35,1,1,1.0
193,23,525.23,250.03,162.28,103.82,1,1,1.0
193,25,269.23,122.88,73.96,49.43,1,1,1.0
193,26,311.04,31.79,42.6,21.69,1,1,1.0
193,27,212.27,33.92,39.18,22.76,1,1,0.4493
193,28,378.88,32.21,38.55,26.81,1,1,1.0
193,29,130.35,90.03,54.33,44.52,1,1,1.0
193,30,466.13,49.92,45.59,23.61,1,1,0.9418
193,31,504.32,65.07,57.96,41.32,1,1,1.0
193,32,47.79,38.61,31.93,30.87,1,1,1.0
193,33,97.92,35.84,31.72,23.61,1,1,1.0
193,34,620.59,123.52,86.54,46.87,1,1,1.0
193,35,664.75,173.23,125.8,50.06,1,1,0.3984
193,36,735.57,92.8,117.06,61.16,1,1,1.0
193,37,1.0,144.85,32.64,51.78,1,1,1.0
193,38,1.0,41.81,15.79,24.25,1,1,1.0
193,39,887.47,190.08,73.53,64.36,1,1,1.0
194,21,185.39,15.79,25.96,18.92,1,1,1.0
194,23,540.37,257.71,167.19,106.17,1,1,1.0
194,25,273.71,125.65,75.24,49.64,1,1,1.0
194,26,308.69,31.15,41.54,20.84,1,1,1.0
194,27,210.13,33.28,38.55,22.97,1,1,0.3796
194,28,375.25,31.79,39.19,26.39,1,1,1.0
194,29,133.12,91.31,54.33,46.01,1,1,1.0
194,30,461.87,49.28,43.88,23.19,1,1,0.9295
194,31,497.28,64.0,57.11,40.68,1,1,1.0
194,32,48.21,39.25,33.0,31.93,1,1,1.0
194,33,99.41,36.69,32.15,24.25,1,1,1.0
194,34,610.35,121.81,86.12,45.8,1,1,1.0
194,35,651.52,169.17,123.67,50.07,1,1,0.3839
194,36,723.63,90.67,113.21,60.3,1,1,1.0
194,37,1.0,148.48,34.56,51.56,1,1,1.0
194,38,1.0,42.45,16.21,24.68,1,1,1.0
194,39,868.27,182.19,92.73,72.04,1,1,1.0
195,21,183.89,15.36,25.75,18.49,1,1,1.0
195,23,555.52,265.39,172.09,108.52,1,1,1.0
195,25,278.19,128.43,76.52,49.85,1,1,1.0
195,26,306.35,30.51,40.46,19.99,1,1,1.0
195,27,208.0,32.64,37.91,23.19,1,1,0.4037
195,28,371.63,31.36,39.82,25.96,1,1,1.0
195,29,135.89,92.59,54.34,47.5,1,1,1.0
195,30,457.6,48.64,42.17,22.76,1,1,0.9159
195,31,490.24,62.93,56.25,40.04,1,1,1.0
195,32,48.64,39.89,34.07,33.0,1,1,1.0
195,33,100.91,37.55,32.57,24.89,1,1,1.0
195,34,600.11,120.11,85.69,44.73,1,1,1.0
195,35,638.29,165.12,121.54,50.07,1,1,0.3748
195,36,711.68,88.53,109.37,59.46,1,1,1.0
195,37,1.0,152.11,36.48,51.34,1,1,1.0
195,38,1.0,43.09,16.64,25.11,1,1,1.0
195,39,849.07,174.29,111.93,79.72,1,1,1.0
196,21,182.4,14.93,25.53,18.07,1,1,1.0
196,23,570.67,273.07,177.0,110.86,1,1,1.0
196,25,282.67,131.2,77.8,50.07,1,1,1.0
196,26,304.0,29.87,39.4,19.13,1,1,1.0
196,27,205.87,32.0,37.26,23.4,1,1,0.4483
196,28,368.0,30.93,40.47,25.53,1,1,1.0
196,29,138.67,93.87,54.33,49.0,1,1,1.0
196,30,453.33,48.0,40.47,22.33,1,1,0.9007
196,31,483.2,61.87,55.4,39.4,1,1,1.0
196,32,49.07,40.53,35.13,34.07,1,1,1.0
196,33,102.4,38.4,33.0,25.53,1,1,1.0
196,34,589.87,118.4,85.26,43.67,1,1,1.0
196,35,625.07,161.07,119.4,50.06,1,1,0.3617
196,36,699.73,86.4,105.54,58.6,1,1,1.0
196,37,1.0,155.73,38.4,51.14,1,1,1.0
196,38,1.0,43.73,17.07,25.53,1,1,1.0
196,39,829.87,166.4,131.13,87.4,1,1,1.0
197,21,181.33,14.29,25.32,18.49,1,1,1.0
197,23,588.16,282.24,185.96,113.85,1,1,1.0
197,25,288.43,133.55,79.08,51.77,1,1,1.0
197,26,301.01,29.23,39.4,19.56,1,1,1.0
197,27,204.16,31.15,35.99,23.19,1,1,0.3818
197,28,365.01,30.51,39.62,25.11,1,1,1.0
197,29,141.44,95.36,55.4,50.07,1,1,1.0
197,30,449.49,47.15,40.04,22.33,1,1,0.8868
197,31,477.87,60.8,53.9,38.76,1,1,1.0
197,32,50.99,41.6,34.28,33.64,1,1,1.0
197,33,104.11,39.04,33.21,25.32,1,1,1.0
197,34,581.12,116.05,83.35,42.39,1,1,1.0
197,35,614.61,157.87,116.84,48.78,1,1,0.341
197,36,689.71,85.33,104.04,56.47,1,1,1.0
197,37,1.0,158.51,41.17,52.62,1,1,1.0
197,38,1.0,44.16,17.71,25.75,1,1,1.0
197,39,812.59,161.92,148.41,86.12,1,1,1.0
198,21,180.27,13.65,25.1,18.92,1,1,1.0
198,23,605.65,291.41,194.92,116.84,1,1,1.0
198,25,294.19,135.89,80.36,53.48,1,1,1.0
198,26,298.03,28.59,39.4,19.99,1,1,1.0
198,27,202.45,30.29,34.71,22.97,1,1,0.4368
198,28,362.03,30.08,38.76,24.68,1,1,1.0
198,29,144.21,96.85,56.47,51.14,1,1,1.0
198,30,445.65,46.29,39.62,22.33,1,1,0.8719
198,31,472.53,59.73,52.42,38.12,1,1,1.0
198,32,52.91,42.67,33.43,33.21,1,1,1.0
198,33,105.81,39.68,33.43,25.11,1,1,1.0
198,34,572.37,113.71,81.43,41.1,1,1,1.0
198,35,604.16,154.67,114.28,47.5,1,1,0.3275
198,36,679.68,84.27,102.55,54.33,1,1,1.0
198,37,1.0,161.28,43.95,54.12,1,1,1.0
198,38,1.0,44.59,18.35,25.96,1,1,1.0
198,39,795.31,157.44,145.42,84.84,1,1,1.0
199,21,179.2,13.01,24.89,19.35,1,1,1.0
199,23,623.15,300.59,203.88,119.82,1,1,1.0
199,25,299.95,138.24,81.64,55.19,1,1,1.0
199,26,295.04,27.95,39.4,20.41,1,1,1.0
199,27,200.75,29.44,33.42,22.76,1,1,0.3761
199,28,359.04,29.65,37.91,24.25,1,1,1.0
199,29,146.99,98.35,57.53,52.2,1,1,1.0
199,30,441.81,45.44,39.19,22.33,1,1,0.8564
199,31,467.2,58.67,50.92,37.48,1,1,1.0
199,32,54.83,43.73,32.57,32.79,1,1,1.0
199,33,107.52,40.32,33.64,24.89,1,1,1.0
199,34,563.63,111.36,79.5,39.83,1,1,1.0
199,35,593.71,151.47,111.72,46.22,1,1,0.4057
199,36,669.65,83.2,101.06,52.2,1,1,1.0
199,37,1.0,164.05,46.72,55.62,1,1,1.0
199,38,1.0,45.01,18.99,26.17,1,1,1.0
199,39,778.03,152.96,146.7,83.56,1,1,1.0
200,21,178.13,12.37,24.68,19.77,1,1,1.0
200,23,640.64,309.76,212.84,122.81,1,1,1.0
200,25,305.71,140.59,82.92,56.89,1,1,1.0
200,26,292.05,27.31,39.4,20.84,1,1,1.0
200,27,199.04,28.59,32.15,22.55,1,1,0.444
200,28,356.05,29.23,37.06,23.83,1,1,1.0
200,29,149.76,99.84,58.6,53.27,1,1,1.0
200,30,437.97,44.59,38.76,22.33,1,1,0.84
200,31,461.87,57.6,49.42,36.84,1,1,1.0
200,32,56.75,44.8,31.72,32.36,1,1,1.0
200,33,109.23,40.96,33.85,24.68,1,1,1.0
200,34,554.88,109.01,77.59,38.55,1,1,1.0
200,35,583.25,148.27,109.16,44.94,1,1,0.3997
200,36,659.63,82.13,99.56,50.07,1,1,1.0
200,37,1.0,166.83,49.49,57.1,1,1,1.0
200,38,1.0,45.44,19.63,26.39,1,1,1.0
200,39,760.75,148.48,147.98,82.28,1,1,1.0
201,21,177.07,11.73,24.46,20.2,1,1,1.0
201,23,658.13,318.93,221.8,125.8,1,1,1.0
201,25,311.47,142.93,84.2,58.6,1,1,1.0
201,26,289.07,26.67,39.4,21.27,1,1,1.0
201,27,197.33,27.73,30.87,22.33,1,1,0.4714
201,28,353.07,28.8,36.2,23.4,1,1,1.0
201,29,152.53,101.33,59.67,54.34,1,1,1.0
201,30,434.13,43.73,38.34,22.33,1,1,0.8225
201,31,456.53,56.53,47.94,36.2,1,1,1.0
201,32,58.67,45.87,30.87,31.93,1,1,1.0
201,33,110.93,41.6,34.07,24.47,1,1,1.0
201,34,546.13,106.67,75.67,37.26,1,1,1.0
201,35,572.8,145.07,106.6,43.66,1,1,0.3463
201,36,649.6,81.07,98.07,47.93,1,1,1.0
201,37,1.0,169.6,52.27,58.6,1,1,1.0
201,38,1.0,45.87,20.27,26.6,1,1,1.0
201,39,743.47,144.0,149.26,81.0,1,1,1.0
201,40,915.2,152.53,45.8,53.27,1,1,1.0
201,41,23.47,32.0,28.73,19.13,1,1,1.0
202,23,680.11,328.96,218.81,133.27,1,1,1.0
202,25,317.87,145.71,86.12,59.24,1,1,1.0
202,26,287.15,26.03,38.76,21.48,1,1,1.0
202,27,194.99,27.09,30.86,22.33,1,1,0.437
202,28,350.93,28.37,35.78,23.19,1,1,1.0
202,29,155.95,103.89,60.94,54.34,1,1,1.0
202,30,430.29,42.88,38.34,21.69,1,1,0.7953
202,31,450.77,55.04,48.15,36.41,1,1,1.0
202,32,59.52,45.87,31.51,32.79,1,1,1.0
202,33,112.43,42.24,34.7,24.47,1,1,1.0
202,34,538.88,104.53,73.53,37.48,1,1,1.0
202,35,564.27,141.87,104.46,44.3,1,1,0.2997
202,36,640.64,78.93,96.57,47.94,1,1,1.0
202,37,1.0,174.08,54.83,60.09,1,1,1.0
202,38,1.0,46.51,21.55,26.39,1,1,1.0
202,39,729.39,140.37,144.57,79.08,1,1,1.0
202,40,901.55,148.48,59.45,55.61,1,1,1.0
202,41,24.96,32.43,27.88,19.13,1,1,1.0
203,23,702.08,338.99,215.83,140.73,1,1,1.0
203,25,324.27,148.48,88.04,59.88,1,1,1.0
203,26,285.23,25.39,38.12,21.69,1,1,1.0
203,27,192.64,26.45,30.87,22.33,1,1,0.4369
203,28,348.8,27.95,35.35,22.97,1,1,1.0
203,29,159.36,106.45,62.23,54.34,1,1,1.0
203,30,426.45,42.03,38.34,21.05,1,1,0.7664
203,31,445.01,53.55,48.36,36.63,1,1,1.0
203,32,60.37,45.87,32.15,33.64,1,1,1.0
203,33,113.92,42.88,35.35,24.47,1,1,1.0
203,34,531.63,102.4,71.4,37.69,1,1,0.975
203,35,555.73,138.67,102.34,44.94,1,1,0.3327
203,36,631.68,76.8,95.08,47.93,1,1,1.0
203,37,1.0,178.56,57.39,61.59,1,1,1.0
203,38,1.0,47.15,22.83,26.17,1,1,1.0
203,39,715.31,136.75,139.88,77.16,1,1,1.0
203,40,887.89,144.43,73.11,57.96,1,1,1.0
203,41,26.45,32.85,27.03,19.13,1,1,1.0
204,23,724.05,349.01,212.84,148.2,1,1,1.0
204,25,330.67,151.25,89.96,60.52,1,1,1.0
204,26,283.31,24.75,37.48,21.91,1,1,1.0
204,27,190.29,25.81,30.87,22.33,1,1,0.3699
204,28,346.67,27.52,34.92,22.76,1,1,1.0
204,29,162.77,109.01,63.51,54.34,1,1,1.0
204,30,422.61,41.17,38.34,20.41,1,1,0.7357
204,31,439.25,52.05,48.58,36.84,1,1,1.0
204,32,61.23,45.87,32.79,34.49,1,1,1.0
204,33,115.41,43.52,35.99,24.47,1,1,1.0
204,34,524.37,100.27,69.27,37.9,1,1,0.9522
204,35,547.2,135.47,100.2,45.58,1,1,0.328
204,36,622.72,74.67,93.59,47.93,1,1,1.0
204,37,1.0,183.04,59.95,63.08,1,1,1.0
204,38,1.0,47.79,24.11,25.96,1,1,1.0
204,39,701.23,133.12,135.18,75.24,1,1,1.0
204,40,874.24,140.37,86.76,60.31,1,1,1.0
204,41,27.95,33.28,26.17,19.13,1,1,1.0
205,23,746.03,359.04,214.97,155.67,1,1,1.0
205,25,337.07,154.03,91.88,61.16,1,1,1.0
205,26,281.39,24.11,36.84,22.12,1,1,1.0
205,27,187.95,25.17,30.86,22.33,1,1,0.4189
205,28,344.53,27.09,34.5,22.55,1,1,1.0
205,29,166.19,111.57,64.78,54.34,1,1,1.0
205,30,418.77,40.32,38.34,19.77,1,1,0.703
205,31,433.49,50.56,48.79,37.05,1,1,1.0
205,32,62.08,45.87,33.43,35.35,1,1,1.0
205,33,116.91,44.16,36.62,24.47,1,1,1.0
205,34,517.12,98.13,67.13,38.12,1,1,0.9291
205,35,538.67,132.27,98.06,46.22,1,1,0.2971
205,36,613.76,72.53,92.09,47.94,1,1,1.0
205,37,1.0,187.52,62.51,64.57,1,1,1.0
205,38,1.0,48.43,25.39,25.75,1,1,1.0
205,39,687.15,129.49,130.49,73.32,1,1,1.0
205,40,860.59,136.32,100.41,62.65,1,1,1.0
205,41,29.44,33.71,25.32,19.13,1,1,1.0
206,23,768.0,369.07,193.0,163.13,1,1,1.0
206,25,343.47,156.8,93.8,61.8,1,1,1.0
206,26,279.47,23.47,36.2,22.33,1,1,1.0
206,27,185.6,24.53,30.87,22.33,1,1,0.343
206,28,342.4,26.67,34.07,22.33,1,1,1.0
206,29,169.6,114.13,66.07,54.34,1,1,1.0
206,30,414.93,39.47,38.34,19.13,1,1,0.6681
206,31,427.73,49.07,49.0,37.27,1,1,1.0
206,32,62.93,45.87,34.07,36.2,1,1,1.0
206,33,118.4,44.8,37.27,24.47,1,1,1.0
206,34,509.87,96.0,65.0,38.33,1,1,0.9055
206,35,530.13,129.07,95.94,46.86,1,1,0.2759
206,36,604.8,70.4,90.6,47.93,1,1,1.0
206,37,1.0,192.0,65.07,66.07,1,1,1.0
206,38,1.0,49.07,26.67,25.53,1,1,1.0
206,39,673.07,125.87,125.8,71.4,1,1,1.0
206,40,846.93,132.27,114.07,65.0,1,1,1.0
206,41,30.93,34.13,24.47,19.13,1,1,1.0
207,23,797.65,385.07,163.35,144.57,1,1,1.0
207,25,350.93,160.21,95.72,63.72,1,1,1.0
207,26,277.33,23.47,35.99,21.69,1,1,1.0
207,27,184.32,24.11,30.01,21.69,1,1,0.3639
207,28,339.84,26.24,33.85,22.12,1,1,1.0
207,29,173.23,116.48,67.56,55.19,1,1,1.0
207,30,411.73,38.83,37.7,18.71,1,1,0.6779
207,31,423.89,48.64,47.72,35.99,1,1,1.0
207,32,64.21,47.15,34.92,36.2,1,1,1.0
207,33,120.75,45.23,37.26,25.53,1,1,1.0
207,34,503.68,94.29,63.93,37.06,1,1,0.9134
207,35,523.31,126.72,93.37,46.01,1,1,0.2939
207,36,597.76,68.91,88.04,47.72,1,1,1.0
207,37,1.0,197.33,69.55,67.56,1,1,1.0
207,38,1.0,49.92,28.16,25.53,1,1,1.0
207,39,662.19,122.88,123.02,70.12,1,1,1.0
207,40,836.05,130.56,107.67,64.36,1,1,1.0
207,41,32.21,34.99,25.75,18.49,1,1,1.0
208,23,827.31,401.07,133.69,126.01,1,1,1.0
208,25,358.4,163.63,97.64,65.64,1,1,1.0
208,26,275.2,23.47,35.77,21.05,1,1,1.0
208,27,183.04,23.68,29.16,21.05,1,1,0.4151
208,28,337.28,25.81,33.64,21.91,1,1,1.0
208,29,176.85,118.83,69.06,56.04,1,1,1.0
208,30,408.53,38.19,37.06,18.28,1,1,0.6888
208,31,420.05,48.21,46.44,34.71,1,1,1.0
208,32,65.49,48.43,35.78,36.2,1,1,1.0
208,33,123.09,45.65,37.27,26.6,1,1,1.0
208,34,497.49,92.59,62.87,35.77,1,1,0.9222
208,35,516.48,124.37,90.81,45.16,1,1,0.3157
208,36,590.72,67.41,85.48,47.51,1,1,1.0
208,37,1.0,202.67,74.03,69.05,1,1,1.0
208,38,1.0,50.77,29.65,25.53,1,1,1.0
208,39,651.31,119.89,120.25,68.84,1,1,1.0
208,40,825.17,128.85,105.54,63.72,1,1,1.0
208,41,33.49,35.84,27.03,17.85,1,1,1.0
209,23,856.96,417.07,104.04,107.45,1,1,1.0
209,25,365.87,167.04,99.56,67.56,1,1,1.0
209,26,273.07,23.47,35.56,20.41,1,1,1.0
209,27,181.76,23.25,28.31,20.41,1,1,0.3686
209,28,334.72,25.39,33.43,21.69,1,1,1.0
209,29,180.48,121.17,70.55,56.9,1,1,1.0
209,30,405.33,37.55,36.42,17.85,1,1,0.701
209,31,416.21,47.79,45.16,33.43,1,1,1.0
209,32,66.77,49.71,36.63,36.2,1,1,1.0
209,33,125.44,46.08,37.27,27.67,1,1,1.0
209,34,491.31,90.88,61.8,34.49,1,1,0.9319
209,35,509.65,122.03,88.26,44.3,1,1,0.2731
209,36,583.68,65.92,82.92,47.29,1,1,1.0
209,37,1.0,208.0,78.51,70.55,1,1,1.0
209,38,1.0,51.63,31.15,25.53,1,1,1.0
209,39,640.43,116.91,117.48,67.56,1,1,1.0
209,40,814.29,127.15,103.4,63.08,1,1,1.0
209,41,34.77,36.69,28.31,17.21,1,1,1.0
210,23,886.61,433.07,74.39,88.89,1,1,1.0
210,25,373.33,170.45,101.48,69.48,1,1,1.0
210,26,270.93,23.47,35.35,19.77,1,1,1.0
210,27,180.48,22.83,27.45,19.77,1,1,0.3628
210,28,332.16,24.96,33.21,21.48,1,1,1.0
210,29,184.11,123.52,72.04,57.75,1,1,1.0
210,30,402.13,36.91,35.78,17.43,1,1,0.7144
210,31,412.37,47.36,43.88,32.15,1,1,1.0
210,32,68.05,50.99,37.48,36.2,1,1,1.0
210,33,127.79,46.51,37.26,28.73,1,1,1.0
210,34,485.12,89.17,60.73,33.22,1,1,0.9422
210,35,502.83,119.68,85.69,43.45,1,1,0.2963
210,36,576.64,64.43,80.36,47.08,1,1,1.0
210,37,1.0,213.33,82.99,72.04,1,1,1.0
210,38,1.0,52.48,32.64,25.53,1,1,1.0
210,39,629.55,113.92,114.7,66.28,1,1,1.0
210,40,803.41,125.44,101.27,62.44,1,1,1.0
210,41,36.05,37.55,29.59,16.57,1,1,1.0
211,23,916.27,449.07,44.73,70.33,1,1,1.0
211,25,380.8,173.87,103.4,71.4,1,1,1.0
211,26,268.8,23.47,35.13,19.13,1,1,1.0
211,27,179.2,22.4,26.6,19.13,1,1,0.341
211,28,329.6,24.53,33.0,21.27,1,1,1.0
211,29,187.73,125.87,73.54,58.6,1,1,1.0
211,30,398.93,36.27,35.14,17.0,1,1,0.7292
211,31,408.53,46.93,42.6,30.87,1,1,1.0
211,32,69.33,52.27,38.34,36.2,1,1,1.0
211,33,130.13,46.93,37.27,29.8,1,1,1.0
211,34,478.93,87.47,59.67,31.93,1,1,0.9537
211,35,496.0,117.33,83.13,42.6,1,1,0.2985
211,36,569.6,62.93,77.8,46.87,1,1,1.0
211,37,1.0,218.67,87.47,73.53,1,1,1.0
211,38,1.0,53.33,34.13,25.53,1,1,1.0
211,39,618.67,110.93,111.93,65.0,1,1,1.0
211,40,792.53,123.73,99.14,61.8,1,1,1.0
211,41,37.33,38.4,30.87,15.93,1,1,1.0
212,25,389.55,177.92,105.74,72.04,1,1,1.0
212,26,267.31,22.4,34.49,19.35,1,1,1.0
212,27,177.07,21.97,27.24,19.77,1,1,0.365
212,28,327.68,23.68,32.57,20.41,1,1,1.0
212,29,192.43,127.57,74.81,59.46,1,1,1.0
212,30,395.52,34.99,35.77,17.64,1,1,0.6831
212,31,404.27,45.23,42.17,31.72,1,1,1.0
212,32,71.25,52.48,37.7,36.63,1,1,1.0
212,33,132.48,48.0,37.27,29.37,1,1,1.0
212,34,472.96,85.33,59.24,32.15,1,1,0.949
212,35,489.6,115.2,80.79,41.75,1,1,0.31
212,36,561.92,61.65,76.73,45.16,1,1,1.0
212,37,1.0,223.79,92.37,76.94,1,1,1.0
212,38,1.0,53.55,35.2,25.53,1,1,1.0
212,39,608.85,108.8,109.16,63.51,1,1,1.0
212,40,781.65,120.53,97.86,61.16,1,1,1.0
212,41,39.04,38.19,29.8,16.79,1,1,1.0
213,25,398.29,181.97,108.1,72.68,1,1,1.0
213,26,265.81,21.33,33.86,19.56,1,1,1.0
213,27,174.93,21.55,27.88,20.41,1,1,0.2482
213,28,325.76,22.83,32.15,19.56,1,1,1.0
213,29,197.12,129.28,76.09,60.31,1,1,1.0
213,30,392.11,33.71,36.41,18.28,1,1,0.6372
213,31,400.0,43.52,41.75,32.57,1,1,1.0
213,32,73.17,52.69,37.06,37.05,1,1,1.0
213,33,134.83,49.07,37.26,28.95,1,1,1.0
213,34,466.99,83.2,58.81,32.36,1,1,0.9443
213,35,483.2,113.07,78.44,40.89,1,1,0.2808
213,36,554.24,60.37,75.67,43.46,1,1,1.0
213,37,12.8,228.91,85.48,80.36,1,1,1.0
213,38,1.0,53.76,36.27,25.53,1,1,1.0
213,39,599.04,106.67,106.39,62.01,1,1,1.0
213,40,770.77,117.33,96.58,60.52,1,1,1.0
213,41,40.75,37.97,28.73,17.64,1,1,1.0
214,25,407.04,186.03,110.44,73.32,1,1,1.0
214,26,264.32,20.27,33.21,19.77,1,1,1.0
214,27,172.8,21.12,28.52,21.05,1,1,0.2727
214,28,323.84,21.97,31.72,18.71,1,1,1.0
214,29,201.81,130.99,77.38,61.16,1,1,1.0
214,30,388.69,32.43,37.06,18.92,1,1,0.5918
214,31,395.73,41.81,41.32,33.43,1,1,1.0
214,32,75.09,52.91,36.42,37.48,1,1,1.0
214,33,137.17,50.13,37.27,28.52,1,1,1.0
214,34,461.01,81.07,58.39,32.57,1,1,0.9393
214,35,476.8,110.93,76.09,40.04,1,1,0.337
214,36,546.56,59.09,74.6,41.75,1,1,1.0
214,37,14.93,234.03,88.26,83.77,1,1,1.0
214,38,1.0,53.97,37.33,25.53,1,1,1.0
214,39,589.23,104.53,103.61,60.52,1,1,1.0
214,40,759.89,114.13,95.3,59.88,1,1,1.0
214,41,42.45,37.76,27.67,18.49,1,1,1.0
215,25,415.79,190.08,112.78,73.96,1,1,1.0
215,26,262.83,19.2,32.57,19.99,1,1,1.0
215,27,170.67,20.69,29.16,21.69,1,1,0.1524
215,28,321.92,21.12,31.29,17.85,1,1,1.0
215,29,206.51,132.69,78.65,62.02,1,1,1.0
215,30,385.28,31.15,37.69,19.56,1,1,0.5471
215,31,391.47,40.11,40.89,34.28,1,1,1.0
215,32,77.01,53.12,35.78,37.91,1,1,1.0
215,33,139.52,51.2,37.27,28.09,1,1,1.0
215,34,455.04,78.93,57.96,32.79,1,1,0.9345
215,35,470.4,108.8,73.75,39.19,1,1,0.2858
215,36,538.88,57.81,73.53,40.04,1,1,1.0
215,37,17.07,239.15,91.02,87.18,1,1,1.0
215,38,1.0,54.19,38.4,25.53,1,1,1.0
215,39,579.41,102.4,100.84,59.03,1,1,1.0
215,40,749.01,110.93,94.02,59.24,1,1,1.0
215,41,44.16,37.55,26.6,19.35,1,1,1.0
216,25,424.53,194.13,115.14,74.6,1,1,1.0
216,26,261.33,18.13,31.94,20.2,1,1,1.0
216,27,168.53,20.27,29.8,22.33,1,1,0.1672
216,28,320.0,20.27,30.87,17.0,1,1,1.0
216,29,211.2,134.4,79.93,62.87,1,1,1.0
216,30,381.87,29.87,38.33,20.2,1,1,0.5027
216,31,387.2,38.4,40.47,35.13,1,1,1.0
216,32,78.93,53.33,35.14,38.33,1,1,1.0
216,33,141.87,52.27,37.26,27.67,1,1,1.0
216,34,449.07,76.8,57.53,33.0,1,1,0.9298
216,35,464.0,106.67,71.4,38.33,1,1,0.2995
216,36,531.2,56.53,72.47,38.33,1,1,1.0
216,37,19.2,244.27,93.8,90.6,1,1,1.0
216,38,1.0,54.4,39.47,25.53,1,1,1.0
216,39,569.6,100.27,98.07,57.53,1,1,1.0
216,40,738.13,107.73,92.74,58.6,1,1,1.0
216,41,45.87,37.33,25.53,20.2,1,1,1.0
217,25,434.56,197.76,120.25,77.8,1,1,1.0
217,26,259.63,17.28,31.5,19.99,1,1,1.0
217,27,167.47,18.99,28.94,22.33,1,1,0.2527
217,28,318.08,19.2,30.87,17.85,1,1,1.0
217,29,216.53,136.53,81.43,65.22,1,1,1.0
217,30,379.52,28.8,38.33,20.2,1,1,0.4962
217,31,383.79,37.55,39.82,34.07,1,1,1.0
217,32,80.64,54.61,35.99,38.12,1,1,1.0
217,33,144.64,52.48,37.27,28.09,1,1,1.0
217,34,443.52,74.67,56.68,32.57,1,1,0.9326
217,35,457.6,104.32,70.97,37.27,1,1,0.333
217,36,525.65,54.83,71.62,38.12,1,1,1.0
217,37,23.04,251.31,95.93,92.09,1,1,1.0
217,38,1.0,54.4,40.96,25.75,1,1,1.0
217,39,561.28,97.71,96.79,56.68,1,1,1.0
217,40,729.81,105.81,90.82,57.96,1,1,1.0
217,41,46.93,37.55,27.03,20.41,1,1,1.0
218,25,444.59,201.39,125.37,81.0,1,1,1.0
218,26,257.92,16.43,31.08,19.77,1,1,1.0
218,27,166.4,17.71,28.09,22.33,1,1,0.1922
218,28,316.16,18.13,30.87,18.71,1,1,1.0
218,29,221.87,138.67,82.92,67.56,1,1,1.0
218,30,377.17,27.73,38.34,20.2,1,1,0.49
218,31,380.37,36.69,39.19,33.0,1,1,1.0
218,32,82.35,55.89,36.84,37.91,1,1,1.0
218,33,147.41,52.69,37.27,28.52,1,1,1.0
218,34,437.97,72.53,55.83,32.15,1,1,0.9357
218,35,451.2,101.97,70.55,36.2,1,1,0.347
218,36,520.11,53.12,70.76,37.91,1,1,1.0
218,37,26.88,258.35,98.07,93.58,1,1,1.0
218,38,1.0,54.4,42.45,25.96,1,1,1.0
218,39,552.96,95.15,95.51,55.82,1,1,1.0
218,40,721.49,103.89,88.9,57.32,1,1,1.0
218,41,48.0,37.76,28.52,20.63,1,1,1.0
219,25,454.61,205.01,130.5,84.2,1,1,1.0
219,26,256.21,15.57,30.66,19.56,1,1,1.0
219,27,165.33,16.43,27.24,22.33,1,1,0.268
219,28,314.24,17.07,30.87,19.56,1,1,1.0
219,29,227.2,140.8,84.41,69.91,1,1,1.0
219,30,374.83,26.67,38.33,20.2,1,1,0.4844
219,31,376.96,35.84,38.55,31.93,1,1,1.0
219,32,84.05,57.17,37.7,37.69,1,1,1.0
219,33,150.19,52.91,37.26,28.95,1,1,1.0
219,34,432.43,70.4,54.97,31.72,1,1,0.9391
219,35,444.8,99.63,70.12,35.13,1,1,0.3633
219,36,514.56,51.41,69.91,37.69,1,1,1.0
219,37,30.72,265.39,100.2,95.08,1,1,1.0
219,38,1.0,54.4,43.95,26.17,1,1,1.0
219,39,544.64,92.59,94.23,54.97,1,1,1.0
219,40,713.17,101.97,86.98,56.68,1,1,1.0
219,41,49.07,37.97,30.01,20.84,1,1,1.0
220,25,464.64,208.64,135.61,87.4,1,1,1.0
220,26,254.51,14.72,30.22,19.35,1,1,1.0
220,27,164.27,15.15,26.38,22.33,1,1,0.3283
220,28,312.32,16.0,30.87,20.41,1,1,1.0
220,29,232.53,142.93,85.91,72.26,1,1,1.0
220,30,372.48,25.6,38.33,20.2,1,1,0.4796
220,31,373.55,34.99,37.9,30.87,1,1,1.0
220,32,85.76,58.45,38.55,37.48,1,1,1.0
220,33,152.96,53.12,37.27,29.37,1,1,1.0
220,34,426.88,68.27,54.12,31.29,1,1,0.9426
220,35,438.4,97.28,69.69,34.07,1,1,0.3355
220,36,509.01,49.71,69.06,37.48,1,1,1.0
220,37,34.56,272.43,102.33,96.57,1,1,1.0
220,38,1.0,54.4,45.44,26.39,1,1,1.0
220,39,536.32,90.03,92.95,54.12,1,1,1.0
220,40,704.85,100.05,85.06,56.04,1,1,1.0
220,41,50.13,38.19,31.51,21.05,1,1,1.0
221,25,474.67,212.27,140.73,90.6,1,1,1.0
221,26,252.8,13.87,29.8,19.13,1,1,1.0
221,27,163.2,13.87,25.53,22.33,1,1,0.2973
221,28,310.4,14.93,30.87,21.27,1,1,1.0
221,29,237.87,145.07,87.4,74.6,1,1,1.0
221,30,370.13,24.53,38.34,20.2,1,1,0.4899
221,31,370.13,34.13,37.27,29.8,1,1,1.0
221,32,87.47,59.73,39.4,37.27,1,1,1.0
221,33,155.73,53.33,37.27,29.8,1,1,1.0
221,34,421.33,66.13,53.27,30.87,1,1,0.9464
221,35,432.0,94.93,69.27,33.0,1,1,0.338
221,36,503.47,48.0,68.2,37.27,1,1,1.0
221,37,38.4,279.47,104.47,98.06,1,1,1.0
221,38,1.0,54.4,46.93,26.6,1,1,1.0
221,39,528.0,87.47,91.67,53.26,1,1,1.0
221,40,696.53,98.13,83.14,55.4,1,1,1.0
221,41,51.2,38.4,33.0,21.27,1,1,1.0
221,42,16.0,29.87,26.6,18.07,1,1,1.0
222,25,487.04,218.67,145.64,92.52,1,1,1.0
222,26,250.88,13.65,30.01,18.71,1,1,1.0
222,28,308.05,14.93,30.87,20.84,1,1,1.0
222,29,243.41,148.27,88.47,75.88,1,1,1.0
222,30,367.57,24.32,36.84,19.56,1,1,0.5132
222,31,366.93,34.13,36.63,28.73,1,1,1.0
222,32,88.75,61.01,40.04,37.05,1,1,1.0
222,33,158.08,54.19,37.91,30.44,1,1,1.0
222,34,416.64,65.49,52.84,30.44,1,1,0.9343
222,35,427.09,93.44,67.99,33.21,1,1,0.3873
222,36,497.71,46.93,67.13,37.48,1,1,1.0
222,37,42.03,289.07,107.24,103.61,1,1,1.0
222,38,12.8,55.89,36.2,25.96,1,1,1.0
222,39,520.32,86.19,89.32,51.56,1,1,1.0
222,40,688.64,96.64,82.07,54.76,1,1,1.0
222,41,52.69,38.83,33.0,21.91,1,1,1.0
222,42,17.28,30.51,26.6,17.85,1,1,1.0
223,25,499.41,225.07,150.55,94.44,1,1,1.0
223,26,248.96,13.44,30.23,18.28,1,1,1.0
223,28,305.71,14.93,30.86,20.41,1,1,1.0
223,29,248.96,151.47,89.53,77.16,1,1,1.0
223,30,365.01,24.11,35.35,18.92,1,1,0.5384
223,31,363.73,34.13,35.99,27.67,1,1,1.0
223,32,90.03,62.29,40.68,36.84,1,1,1.0
223,33,160.43,55.04,38.54,31.08,1,1,1.0
223,34,411.95,64.85,52.41,30.01,1,1,0.9217
223,35,422.19,91.95,66.7,33.42,1,1,0.3119
223,36,491.95,45.87,66.06,37.69,1,1,1.0
223,37,45.65,298.67,110.02,109.16,1,1,1.0
223,38,13.87,57.39,36.2,25.32,1,1,1.0
223,39,512.64,84.91,86.97,49.85,1,1,1.0
223,40,680.75,95.15,81.0,54.12,1,1,1.0
223,41,54.19,39.25,33.0,22.55,1,1,1.0
223,42,18.56,31.15,26.6,17.64,1,1,1.0
224,25,511.79,231.47,155.45,96.36,1,1,1.0
224,26,247.04,13.23,30.44,17.85,1,1,1.0
224,28,303.36,14.93,30.87,19.99,1,1,1.0
224,29,254.51,154.67,90.6,78.44,1,1,1.0
224,30,362.45,23.89,33.86,18.28,1,1,0.5658
224,31,360.53,34.13,35.35,26.6,1,1,1.0
224,32,91.31,63.57,41.32,36.63,1,1,1.0
224,33,162.77,55.89,39.19,31.72,1,1,1.0
224,34,407.25,64.21,51.99,29.59,1,1,0.9087
224,35,417.28,90.45,65.43,33.64,1,1,0.2917
224,36,486.19,44.8,65.0,37.91,1,1,1.0
224,37,49.28,308.27,112.79,114.7,1,1,1.0
224,38,14.93,58.88,36.2,24.68,1,1,1.0
224,39,504.96,83.63,84.63,48.14,1,1,1.0
224,40,672.85,93.65,79.94,53.48,1,1,1.0
224,41,55.68,39.68,33.0,23.19,1,1,1.0
224,42,19.84,31.79,26.6,17.43,1,1,1.0
225,25,524.16,237.87,160.36,98.28,1,1,1.0
225,26,245.12,13.01,30.65,17.43,1,1,1.0
225,28,301.01,14.93,30.87,19.56,1,1,1.0
225,29,260.05,157.87,91.67,79.72,1,1,1.0
225,30,359.89,23.68,32.36,17.64,1,1,0.5952
225,31,357.33,34.13,34.71,25.53,1,1,1.0
225,32,92.59,64.85,41.96,36.42,1,1,1.0
225,33,165.12,56.75,39.83,32.36,1,1,1.0
225,34,402.56,63.57,51.56,29.16,1,1,0.8952
225,35,412.37,88.96,64.15,33.85,1,1,0.2671
225,36,480.43,43.73,63.93,38.12,1,1,1.0
225,37,52.91,317.87,115.56,120.25,1,1,1.0
225,38,16.0,60.37,36.2,24.04,1,1,1.0
225,39,497.28,82.35,82.28,46.44,1,1,1.0
225,40,664.96,92.16,78.87,52.84,1,1,1.0
225,41,57.17,40.11,33.0,23.83,1,1,1.0
225,42,21.12,32.43,26.6,17.21,1,1,1.0
226,25,536.53,244.27,165.27,100.2,1,1,1.0
226,26,243.2,12.8,30.87,17.0,1,1,1.0
226,28,298.67,14.93,30.86,19.13,1,1,1.0
226,29,265.6,161.07,92.73,81.0,1,1,1.0
226,30,357.33,23.47,30.87,17.0,1,1,0.6274
226,31,354.13,34.13,34.07,24.47,1,1,1.0
226,32,93.87,66.13,42.6,36.2,1,1,1.0
226,33,167.47,57.6,40.46,33.0,1,1,1.0
226,34,397.87,62.93,51.13,28.73,1,1,0.8813
226,35,407.47,87.47,62.86,34.06,1,1,0.3305
226,36,474.67,42.67,62.86,38.33,1,1,1.0
226,37,56.53,327.47,118.34,125.8,1,1,1.0
226,38,17.07,61.87,36.2,23.4,1,1,1.0
226,39,489.6,81.07,79.93,44.73,1,1,1.0
226,40,657.07,90.67,77.8,52.2,1,1,1.0
226,41,58.67,40.53,33.0,24.47,1,1,1.0
226,42,22.4,33.07,26.6,17.0,1,1,1.0
226,43,77.87,21.33,33.0,20.2,1,1,1.0
227,25,551.89,250.88,170.82,104.68,1,1,1.0
227,26,241.49,13.01,30.87,16.57,1,1,1.0
227,28,296.75,14.72,30.44,18.92,1,1,1.0
227,29,272.21,165.76,95.72,82.71,1,1,1.0
227,30,354.35,23.04,30.86,17.0,1,1,0.5677
227,31,350.51,32.64,34.49,25.11,1,1,1.0
227,32,95.57,66.99,42.82,37.69,1,1,1.0
227,33,170.03,59.31,40.68,32.57,1,1,1.0
227,34,393.6,61.44,50.28,28.09,1,1,0.8953
227,35,402.35,85.97,62.22,33.22,1,1,0.3076
227,36,469.12,41.81,62.87,37.48,1,1,1.0
227,37,61.23,338.99,124.73,132.41,1,1,1.0
227,38,17.71,62.29,36.84,24.68,1,1,1.0
227,39,483.2,79.57,78.44,43.88,1,1,1.0
227,40,649.6,89.17,75.88,51.14,1,1,1.0
227,41,60.16,41.39,32.15,24.25,1,1,1.0
227,42,23.47,33.49,26.39,17.43,1,1,1.0
227,43,79.36,21.55,32.15,21.05,1,1,1.0
228,25,567.25,257.49,176.36,109.16,1,1,1.0
228,26,239.79,13.23,30.86,16.15,1,1,1.0
228,28,294.83,14.51,30.01,18.71,1,1,1.0
228,29,278.83,170.45,98.7,84.42,1,1,1.0
228,30,351.36,22.61,30.87,17.0,1,1,0.5089
228,31,346.88,31.15,34.92,25.75,1,1,1.0
228,32,97.28,67.84,43.03,39.19,1,1,1.0
228,33,172.59,61.01,40.89,32.15,1,1,1.0
228,34,389.33,59.95,49.43,27.45,1,1,0.9106
228,35,397.23,84.48,61.58,32.36,1,1,0.303
228,36,463.57,40.96,62.87,36.63,1,1,1.0
228,37,65.92,350.51,131.13,139.02,1,1,1.0
228,38,18.35,62.72,37.48,25.96,1,1,1.0
228,39,476.8,78.08,76.95,43.03,1,1,1.0
228,40,642.13,87.68,73.96,50.07,1,1,1.0
228,41,61.65,42.24,31.29,24.04,1,1,1.0
228,42,24.53,33.92,26.17,17.85,1,1,1.0
228,43,80.85,21.76,31.3,21.91,1,1,1.0
229,25,582.61,264.11,181.91,113.64,1,1,1.0
229,26,238.08,13.44,30.87,15.72,1,1,1.0
229,28,292.91,14.29,29.58,18.49,1,1,1.0
229,29,285.44,175.15,101.69,86.12,1,1,1.0
229,30,348.37,22.19,30.87,17.0,1,1,0.4508
229,31,343.25,29.65,35.35,26.39,1,1,1.0
229,32,98.99,68.69,43.24,40.68,1,1,1.0
229,33,175.15,62.72,41.1,31.72,1,1,1.0
229,34,385.07,58.45,48.57,26.81,1,1,0.9273
229,35,392.11,82.99,60.94,31.5,1,1,0.2867
229,36,458.03,40.11,62.86,35.77,1,1,1.0
229,37,70.61,362.03,137.54,145.64,1,1,1.0
229,38,18.99,63.15,38.12,27.24,1,1,1.0
229,39,470.4,76.59,75.45,42.17,1,1,1.0
229,40,634.67,86.19,72.04,49.0,1,1,1.0
229,41,63.15,43.09,30.44,23.83,1,1,1.0
229,42,25.6,34.35,25.96,18.28,1,1,1.0
229,43,82.35,21.97,30.44,22.76,1,1,1.0
230,25,597.97,270.72,187.46,118.12,1,1,1.0
230,26,236.37,13.65,30.87,15.29,1,1,1.0
230,28,290.99,14.08,29.16,18.28,1,1,1.0
230,29,292.05,179.84,104.68,87.83,1,1,1.0
230,30,345.39,21.76,30.86,17.0,1,1,0.3936
230,31,339.63,28.16,35.77,27.03,1,1,1.0
230,32,100.69,69.55,43.46,42.17,1,1,1.0
230,33,177.71,64.43,41.32,31.29,1,1,1.0
230,34,380.8,56.96,47.72,26.17,1,1,0.9455
230,35,386.99,81.49,60.3,30.66,1,1,0.3569
230,36,452.48,39.25,62.87,34.92,1,1,1.0
230,37,75.31,373.55,143.93,152.25,1,1,1.0
230,38,19.63,63.57,38.76,28.52,1,1,1.0
230,39,464.0,75.09,73.96,41.32,1,1,1.0
230,40,627.2,84.69,70.12,47.94,1,1,1.0
230,41,64.64,43.95,29.59,23.61,1,1,1.0
230,42,26.67,34.77,25.75,18.71,1,1,1.0
230,43,83.84,22.19,29.59,23.61,1,1,1.0
231,25,613.33,277.33,193.0,122.6,1,1,1.0
231,26,234.67,13.87,30.86,14.87,1,1,1.0
231,28,289.07,13.87,28.73,18.07,1,1,1.0
231,29,298.67,184.53,107.66,89.54,1,1,1.0
231,30,342.4,21.33,30.87,17.0,1,1,0.3376
231,31,336.0,26.67,36.2,27.67,1,1,1.0
231,32,102.4,70.4,43.67,43.67,1,1,1.0
231,33,180.27,66.13,41.53,30.87,1,1,1.0
231,34,376.53,55.47,46.87,25.53,1,1,1.0
231,35,381.87,80.0,59.66,29.8,1,1,0.3429
231,36,446.93,38.4,62.87,34.07,1,1,1.0
231,37,80.0,385.07,150.33,155.93,1,1,1.0
231,38,20.27,64.0,39.4,29.8,1,1,1.0
231,39,457.6,73.6,72.47,40.47,1,1,1.0
231,40,619.73,83.2,68.2,46.87,1,1,1.0
231,41,66.13,44.8,28.73,23.4,1,1,1.0
231,42,27.73,35.2,25.53,19.13,1,1,1.0
231,43,85.33,22.4,28.74,24.47,1,1,1.0
231,44,919.47,135.47,41.53,34.06,1,1,1.0
231,45,865.07,174.93,95.93,76.74,1,1,1.0
232,25,631.68,288.21,202.6,126.66,1,1,1.0
232,26,232.96,13.23,29.8,15.29,1,1,1.0
232,28,286.93,13.23,28.52,18.49,1,1,1.0
232,29,306.35,188.8,110.22,91.88,1,1,1.0
232,30,340.69,21.55,29.59,16.79,1,1,0.3382
232,31,332.8,26.45,35.56,27.24,1,1,1.0
232,32,104.32,71.89,43.88,44.52,1,1,1.0
232,33,182.61,67.2,42.18,31.08,1,1,1.0
232,34,372.05,55.04,46.44,25.53,1,1,0.9429
232,35,377.17,78.93,58.6,30.02,1,1,0.3119
232,36,442.24,37.97,61.37,34.07,1,1,1.0
232,37,87.04,401.71,149.69,139.29,1,1,1.0
232,38,20.91,64.85,39.61,30.01,1,1,1.0
232,39,450.77,72.32,72.47,40.04,1,1,1.0
232,40,612.48,82.13,67.35,46.66,1,1,1.0
232,41,66.77,45.65,30.23,23.83,1,1,1.0
232,42,28.8,35.63,25.53,19.56,1,1,1.0
232,43,86.61,23.25,29.59,24.68,1,1,1.0
232,44,904.75,131.41,56.25,37.27,1,1,1.0
232,45,847.15,170.67,113.85,75.45,1,1,1.0
233,25,650.03,299.09,212.2,130.71,1,1,1.0
233,26,231.25,12.59,28.74,15.72,1,1,1.0
233,28,284.8,12.59,28.31,18.92,1,1,1.0
233,29,314.03,193.07,112.78,94.22,1,1,1.0
233,30,338.99,21.76,28.3,16.57,1,1,0.3417
233,31,329.6,26.24,34.92,26.81,1,1,1.0
233,32,106.24,73.39,44.09,45.37,1,1,1.0
233,33,184.96,68.27,42.81,31.29,1,1,1.0
233,34,367.57,54.61,46.02,25.53,1,1,0.9202
233,35,372.48,77.87,57.53,30.22,1,1,0.2691
233,36,437.55,37.55,59.88,34.07,1,1,1.0
233,37,94.08,418.35,149.05,122.65,1,1,1.0
233,38,21.55,65.71,39.83,30.23,1,1,1.0
233,39,443.95,71.04,72.46,39.61,1,1,1.0
233,40,605.23,81.07,66.49,46.44,1,1,1.0
233,41,67.41,46.51,31.72,24.25,1,1,1.0
233,42,29.87,36.05,25.53,19.99,1,1,1.0
233,43,87.89,24.11,30.44,24.89,1,1,1.0
233,44,890.03,127.36,70.97,40.47,1,1,1.0
233,45,829.23,166.4,117.48,74.17,1,1,1.0
234,25,668.37,309.97,221.8,134.76,1,1,1.0
234,26,229.55,11.95,27.66,16.15,1,1,1.0
234,28,282.67,11.95,28.09,19.35,1,1,1.0
234,29,321.71,197.33,115.34,96.58,1,1,1.0
234,30,337.28,21.97,27.03,16.36,1,1,0.3488
234,31,326.4,26.03,34.28,26.39,1,1,1.0
234,32,108.16,74.88,44.31,46.23,1,1,1.0
234,33,187.31,69.33,43.45,31.51,1,1,1.0
234,34,363.09,54.19,45.59,25.53,1,1,0.8974
234,35,367.79,76.8,56.46,30.44,1,1,0.3127
234,36,432.85,37.12,58.39,34.07,1,1,0.9612
234,37,101.12,434.99,148.41,106.01,1,1,1.0
234,38,22.19,66.56,40.04,30.44,1,1,1.0
234,39,437.12,69.76,72.47,39.19,1,1,1.0
234,40,597.97,80.0,65.64,46.23,1,1,1.0
234,41,68.05,47.36,33.22,24.68,1,1,1.0
234,42,30.93,36.48,25.53,20.41,1,1,1.0
234,43,89.17,24.96,31.3,25.11,1,1,1.0
234,44,875.31,123.31,85.69,43.66,1,1,1.0
234,45,811.31,162.13,121.32,72.9,1,1,1.0
235,25,686.72,320.85,231.4,138.82,1,1,1.0
235,26,227.84,11.31,26.6,16.57,1,1,1.0
235,28,280.53,11.31,27.88,19.77,1,1,1.0
235,29,329.39,201.6,117.9,98.92,1,1,1.0
235,30,335.57,22.19,25.75,16.15,1,1,0.3595
235,31,323.2,25.81,33.64,25.96,1,1,1.0
235,32,110.08,76.37,44.52,47.08,1,1,1.0
235,33,189.65,70.4,44.1,31.72,1,1,1.0
235,34,358.61,53.76,45.16,25.53,1,1,0.8744
235,35,363.09,75.73,55.4,30.66,1,1,0.2817
235,36,428.16,36.69,56.89,34.07,1,1,0.9356
235,37,108.16,451.63,147.77,89.37,1,1,1.0
235,38,22.83,67.41,40.25,30.65,1,1,1.0
235,39,430.29,68.48,72.47,38.76,1,1,1.0
235,40,590.72,78.93,64.79,46.02,1,1,1.0
235,41,68.69,48.21,34.71,25.11,1,1,1.0
235,42,32.0,36.91,25.53,20.84,1,1,1.0
235,43,90.45,25.81,32.15,25.32,1,1,1.0
235,44,860.59,119.25,100.41,46.87,1,1,1.0
235,45,793.39,157.87,125.16,71.61,1,1,1.0
236,25,705.07,331.73,241.0,142.87,1,1,1.0
236,26,226.13,10.67,25.54,17.0,1,1,1.0
236,28,278.4,10.67,27.67,20.2,1,1,1.0
236,29,337.07,205.87,120.46,101.26,1,1,1.0
236,30,333.87,22.4,24.46,15.93,1,1,0.375
236,31,320.0,25.6,33.0,25.53,1,1,1.0
236,32,112.0,77.87,44.73,47.93,1,1,1.0
236,33,192.0,71.47,44.73,31.93,1,1,1.0
236,34,354.13,53.33,44.74,25.53,1,1,0.8512
236,35,358.4,74.67,54.33,30.86,1,1,0.2548
236,36,423.47,36.27,55.4,34.07,1,1,0.908
236,37,115.2,468.27,147.13,72.73,1,1,1.0
236,38,23.47,68.27,40.47,30.87,1,1,1.0
236,39,423.47,67.2,72.46,38.33,1,1,1.0
236,40,583.47,77.87,63.93,45.8,1,1,1.0
236,41,69.33,49.07,36.2,25.53,1,1,1.0
236,42,33.07,37.33,25.53,21.27,1,1,1.0
236,43,91.73,26.67,33.0,25.53,1,1,1.0
236,44,845.87,115.2,115.13,50.07,1,1,1.0
236,45,775.47,153.6,129.0,70.33,1,1,1.0
237,25,729.39,343.04,231.61,143.51,1,1,1.0
237,26,224.0,10.45,26.39,17.0,1,1,1.0
237,28,276.27,11.09,27.02,19.35,1,1,1.0
237,29,346.24,211.63,123.67,103.4,1,1,1.0
237,30,331.31,22.19,23.82,15.93,1,1,0.4112
237,31,316.8,25.6,32.36,25.11,1,1,1.0
237,32,113.49,79.79,45.8,47.72,1,1,1.0
237,33,194.77,73.39,46.02,33.0,1,1,1.0
237,34,350.51,52.69,43.66,24.89,1,1,0.8531
237,35,354.13,73.6,53.48,30.23,1,1,0.2861
237,36,418.56,35.41,54.76,33.64,1,1,0.9132
237,38,24.32,69.12,40.68,31.93,1,1,1.0
237,39,418.56,66.13,70.33,37.7,1,1,1.0
237,40,577.07,76.37,63.29,45.59,1,1,1.0
237,41,70.83,50.56,36.41,25.32,1,1,1.0
237,42,33.28,37.97,27.03,21.48,1,1,1.0
237,43,92.37,27.09,33.86,26.17,1,1,1.0
237,44,833.49,113.49,109.59,48.58,1,1,1.0
237,45,760.75,150.19,126.01,68.84,1,1,1.0
238,25,753.71,354.35,207.29,144.14,1,1,1.0
238,26,221.87,10.24,27.24,17.0,1,1,1.0
238,28,274.13,11.52,26.39,18.49,1,1,1.0
238,29,355.41,217.39,126.87,105.53,1,1,1.0
238,30,328.75,21.97,23.18,15.93,1,1,0.4479
238,31,313.6,25.6,31.72,24.68,1,1,1.0
238,32,114.99,81.71,46.86,47.5,1,1,1.0
238,33,197.55,75.31,47.29,34.06,1,1,1.0
238,34,346.88,52.05,42.6,24.25,1,1,0.8553
238,35,349.87,72.53,52.62,29.59,1,1,0.2542
238,36,413.65,34.56,54.12,33.21,1,1,0.9185
238,38,25.17,69.97,40.89,33.0,1,1,1.0
238,39,413.65,65.07,68.2,37.05,1,1,1.0
238,40,570.67,74.88,62.65,45.37,1,1,1.0
238,41,72.32,52.05,36.63,25.11,1,1,1.0
238,42,33.49,38.61,28.52,21.69,1,1,1.0
238,43,93.01,27.52,34.71,26.81,1,1,1.0
238,44,821.12,111.79,108.31,47.08,1,1,1.0
238,45,746.03,146.77,123.02,67.35,1,1,1.0
239,25,778.03,365.65,182.97,144.79,1,1,1.0
239,26,219.73,10.03,28.1,17.0,1,1,1.0
239,28,272.0,11.95,25.75,17.64,1,1,1.0
239,29,364.59,223.15,130.06,107.66,1,1,1.0
239,30,326.19,21.76,22.54,15.93,1,1,0.4851
239,31,310.4,25.6,31.08,24.25,1,1,1.0
239,32,116.48,83.63,47.93,47.29,1,1,1.0
239,33,200.32,77.23,48.57,35.13,1,1,1.0
239,34,343.25,51.41,41.54,23.61,1,1,0.8578
239,35,345.6,71.47,51.77,28.95,1,1,0.3053
239,36,408.75,33.71,53.48,32.79,1,1,0.924
239,38,26.03,70.83,41.11,34.06,1,1,1.0
239,39,408.75,64.0,66.06,36.41,1,1,1.0
239,40,564.27,73.39,62.01,45.16,1,1,1.0
239,41,73.81,53.55,36.84,24.89,1,1,1.0
239,42,33.71,39.25,30.01,21.91,1,1,1.0
239,43,93.65,27.95,35.56,27.45,1,1,1.0
239,44,808.75,110.08,107.02,45.59,1,1,1.0
239,45,731.31,143.36,120.04,65.85,1,1,1.0
240,25,802.35,376.96,158.65,145.43,1,1,1.0
240,26,217.6,9.81,28.95,17.0,1,1,1.0
240,28,269.87,12.37,25.1,16.79,1,1,1.0
240,29,373.76,228.91,133.27,109.8,1,1,1.0
240,30,323.63,21.55,21.9,15.93,1,1,0.523
240,31,307.2,25.6,30.44,23.83,1,1,1.0
240,32,117.97,85.55,49.0,47.08,1,1,1.0
240,33,203.09,79.15,49.86,36.2,1,1,1.0
240,34,339.63,50.77,40.46,22.97,1,1,0.8604
240,35,341.33,70.4,50.92,28.31,1,1,0.2781
240,36,403.84,32.85,52.84,32.36,1,1,0.9295
240,38,26.88,71.68,41.32,35.13,1,1,1.0
240,39,403.84,62.93,63.93,35.77,1,1,1.0
240,40,557.87,71.89,61.37,44.95,1,1,1.0
240,41,75.31,55.04,37.05,24.68,1,1,1.0
240,42,33.92,39.89,31.51,22.12,1,1,1.0
240,43,94.29,28.37,36.42,28.09,1,1,1.0
240,44,796.37,108.37,105.75,44.1,1,1,1.0
240,45,716.59,139.95,117.05,64.36,1,1,1.0
241,25,826.67,388.27,134.33,146.06,1,1,1.0
241,26,215.47,9.6,29.8,17.0,1,1,1.0
241,28,267.73,12.8,24.47,15.93,1,1,1.0
241,29,382.93,234.67,136.47,111.93,1,1,1.0
241,30,321.07,21.33,21.26,15.93,1,1,0.5616
241,31,304.0,25.6,29.8,23.4,1,1,1.0
241,32,119.47,87.47,50.06,46.86,1,1,1.0
241,33,205.87,81.07,51.13,37.26,1,1,1.0
241,34,336.0,50.13,39.4,22.33,1,1,0.8635
241,35,337.07,69.33,50.06,27.67,1,1,0.257
241,36,398.93,32.0,52.2,31.93,1,1,0.9353
241,38,27.73,72.53,41.53,36.2,1,1,1.0
241,39,398.93,61.87,61.8,35.13,1,1,1.0
241,40,551.47,70.4,60.73,44.73,1,1,1.0
241,41,76.8,56.53,37.27,24.47,1,1,1.0
241,42,34.13,40.53,33.0,22.33,1,1,1.0
241,43,94.93,28.8,37.27,28.73,1,1,1.0
241,44,784.0,106.67,104.47,42.6,1,1,1.0
241,45,701.87,136.53,114.06,62.87,1,1,1.0
241,46,909.87,228.27,51.13,40.46,1,1,0.7354
242,28,265.81,12.59,25.32,15.51,1,1,1.0
242,29,392.96,241.49,142.65,117.48,1,1,1.0
242,30,318.72,20.05,21.05,16.57,1,1,0.5882
242,31,301.01,24.53,29.59,24.25,1,1,1.0
242,32,121.17,88.32,51.56,48.79,1,1,1.0
242,33,209.49,81.92,50.71,38.33,1,1,1.0
242,34,331.73,48.64,39.4,22.55,1,1,0.8678
242,35,333.65,68.05,49.22,27.24,1,1,0.3075
242,36,394.67,31.57,51.56,30.87,1,1,0.9261
242,38,28.37,73.81,41.96,35.35,1,1,1.0
242,39,393.6,60.16,60.95,35.77,1,1,1.0
242,40,545.49,69.33,59.88,44.31,1,1,1.0
242,41,77.87,56.96,37.69,24.89,1,1,1.0
242,42,35.84,40.96,31.93,22.76,1,1,1.0
242,43,96.85,29.65,36.84,28.31,1,1,1.0
242,44,773.33,104.53,101.91,42.6,1,1,1.0
242,45,689.49,133.55,110.87,61.58,1,1,1.0
242,46,889.6,221.87,71.4,48.57,1,1,0.5815
243,28,263.89,12.37,26.18,15.08,1,1,1.0
243,29,402.99,248.32,148.84,123.03,1,1,1.0
243,30,316.37,18.77,20.84,17.21,1,1,0.6151
243,31,298.03,23.47,29.37,25.11,1,1,1.0
243,32,122.88,89.17,53.05,50.71,1,1,1.0
243,33,213.12,82.77,50.28,39.4,1,1,1.0
243,34,327.47,47.15,39.4,22.76,1,1,0.872
243,35,330.24,66.77,48.36,26.81,1,1,0.2914
243,36,390.4,31.15,50.92,29.8,1,1,0.9163
243,38,29.01,75.09,42.39,34.5,1,1,1.0
243,39,388.27,58.45,60.09,36.41,1,1,1.0
243,40,539.52,68.27,59.03,43.88,1,1,1.0
243,41,78.93,57.39,38.12,25.32,1,1,1.0
243,42,37.55,41.39,30.87,23.19,1,1,1.0
243,43,98.77,30.51,36.42,27.88,1,1,1.0
243,44,762.67,102.4,99.34,42.6,1,1,1.0
243,45,677.12,130.56,107.67,60.31,1,1,1.0
243,46,869.33,215.47,91.67,56.68,1,1,0.472
244,28,261.97,12.16,27.03,14.65,1,1,1.0
244,29,413.01,255.15,155.03,128.57,1,1,1.0
244,30,314.03,17.49,20.62,17.85,1,1,0.6423
244,31,295.04,22.4,29.16,25.96,1,1,1.0
244,32,124.59,90.03,54.54,52.62,1,1,1.0
244,33,216.75,83.63,49.85,40.46,1,1,1.0
244,34,323.2,45.65,39.4,22.97,1,1,0.8762
244,35,326.83,65.49,47.5,26.39,1,1,0.3391
244,36,386.13,30.72,50.28,28.73,1,1,0.9058
244,38,29.65,76.37,42.81,33.64,1,1,1.0
244,39,382.93,56.75,59.24,37.05,1,1,1.0
244,40,533.55,67.2,58.17,43.45,1,1,1.0
244,41,80.0,57.81,38.55,25.75,1,1,1.0
244,42,39.25,41.81,29.8,23.61,1,1,1.0
244,43,100.69,31.36,35.99,27.45,1,1,1.0
244,44,752.0,100.27,96.79,42.6,1,1,1.0
244,45,664.75,127.57,104.46,59.03,1,1,1.0
244,46,849.07,209.07,111.93,64.78,1,1,0.4206
245,28,260.05,11.95,27.88,14.23,1,1,1.0
245,29,423.04,261.97,161.21,134.12,1,1,1.0
245,30,311.68,16.21,20.41,18.49,1,1,0.6698
245,31,292.05,21.33,28.95,26.81,1,1,1.0
245,32,126.29,90.88,56.04,54.55,1,1,1.0
245,33,220.37,84.48,49.43,41.53,1,1,1.0
245,34,318.93,44.16,39.4,23.19,1,1,0.8802
245,35,323.41,64.21,46.66,25.96,1,1,0.3088
245,36,381.87,30.29,49.64,27.67,1,1,0.8945
245,38,30.29,77.65,43.24,32.79,1,1,1.0
245,39,377.6,55.04,58.39,37.69,1,1,1.0
245,40,527.57,66.13,57.32,43.03,1,1,1.0
245,41,81.07,58.24,38.97,26.17,1,1,1.0
245,42,40.96,42.24,28.73,24.04,1,1,1.0
245,43,102.61,32.21,35.56,27.03,1,1,1.0
245,44,741.33,98.13,94.23,42.6,1,1,1.0
245,45,652.37,124.59,101.27,57.74,1,1,1.0
245,46,828.8,202.67,132.2,72.89,1,1,0.3882
246,28,258.13,11.73,28.74,13.8,1,1,1.0
246,29,433.07,268.8,167.4,139.67,1,1,1.0
246,30,309.33,14.93,20.2,19.13,1,1,0.6976
246,31,289.07,20.27,28.73,27.67,1,1,1.0
246,32,128.0,91.73,57.53,56.47,1,1,1.0
246,33,224.0,85.33,49.0,42.6,1,1,1.0
246,34,314.67,42.67,39.4,23.4,1,1,0.8842
246,35,320.0,62.93,45.8,25.53,1,1,0.2768
246,36,377.6,29.87,49.0,26.6,1,1,0.8822
246,38,30.93,78.93,43.67,31.94,1,1,1.0
246,39,372.27,53.33,57.53,38.33,1,1,1.0
246,40,521.6,65.07,56.47,42.6,1,1,1.0
246,41,82.13,58.67,39.4,26.6,1,1,1.0
246,42,42.67,42.67,27.67,24.47,1,1,1.0
246,43,104.53,33.07,35.14,26.6,1,1,1.0
246,44,730.67,96.0,91.66,42.6,1,1,1.0
246,45,640.0,121.6,98.07,56.47,1,1,1.0
246,46,808.53,196.27,152.47,81.0,1,1,0.3457
246,47,1.0,38.4,14.93,20.2,1,1,1.0
247,28,256.85,10.88,27.46,14.44,1,1,1.0
247,29,448.21,277.55,173.38,144.36,1,1,1.0
247,30,306.77,14.51,20.2,18.92,1,1,0.6761
247,31,286.51,19.84,29.37,26.81,1,1,1.0
247,32,130.13,93.65,58.18,56.9,1,1,1.0
247,33,226.77,87.47,50.07,43.02,1,1,1.0
247,34,311.47,42.03,38.97,23.61,1,1,0.8699
247,35,316.8,62.08,44.95,24.89,1,1,0.3477
247,36,373.76,29.01,48.57,26.81,1,1,0.8831
247,38,31.79,79.57,44.52,32.36,1,1,1.0
247,39,367.79,52.69,57.1,37.27,1,1,1.0
247,40,516.05,63.79,56.47,42.38,1,1,1.0
247,41,83.84,59.73,39.83,27.24,1,1,1.0
247,42,43.09,43.73,28.73,24.04,1,1,1.0
247,43,105.81,33.49,35.78,27.24,1,1,1.0
247,44,720.43,94.08,90.6,41.96,1,1,1.0
247,45,629.33,119.25,96.15,55.62,1,1,1.0
247,46,793.6,192.21,167.4,78.87,1,1,0.3858
247,47,1.0,38.83,15.79,20.84,1,1,1.0
248,28,255.57,10.03,26.18,15.08,1,1,1.0
248,29,463.36,286.29,179.35,149.06,1,1,1.0
248,30,304.21,14.08,20.2,18.71,1,1,0.6549
248,31,283.95,19.41,30.01,25.96,1,1,1.0
248,32,132.27,95.57,58.81,57.32,1,1,1.0
248,33,229.55,89.6,51.13,43.45,1,1,1.0
248,34,308.27,41.39,38.54,23.83,1,1,0.8558
248,35,313.6,61.23,44.09,24.25,1,1,0.3164
248,36,369.92,28.16,48.15,27.03,1,1,0.884
248,38,32.64,80.21,45.37,32.79,1,1,1.0
248,39,363.31,52.05,56.68,36.2,1,1,1.0
248,40,510.51,62.51,56.46,42.17,1,1,1.0
248,41,85.55,60.8,40.25,27.88,1,1,1.0
248,42,43.52,44.8,29.8,23.61,1,1,1.0
248,43,107.09,33.92,36.42,27.88,1,1,1.0
248,44,710.19,92.16,89.53,41.32,1,1,1.0
248,45,618.67,116.91,94.22,54.76,1,1,1.0
248,46,778.67,188.16,153.32,76.73,1,1,0.3368
248,47,1.0,39.25,16.64,21.48,1,1,1.0
249,28,254.29,9.17,24.9,15.72,1,1,1.0
249,29,478.51,295.04,185.32,153.75,1,1,1.0
249,30,301.65,13.65,20.2,18.49,1,1,0.634
249,31,281.39,18.99,30.65,25.11,1,1,1.0
249,32,134.4,97.49,59.45,57.75,1,1,1.0
249,33,232.32,91.73,52.2,43.88,1,1,1.0
249,34,305.07,40.75,38.12,24.04,1,1,0.8421
249,35,310.4,60.37,43.24,23.61,1,1,0.333
249,36,366.08,27.31,47.72,27.24,1,1,0.8849
249,38,33.49,80.85,46.23,33.22,1,1,1.0
249,39,358.83,51.41,56.25,35.13,1,1,1.0
249,40,504.96,61.23,56.47,41.96,1,1,1.0
249,41,87.25,61.87,40.68,28.52,1,1,1.0
249,42,43.95,45.87,30.87,23.19,1,1,1.0
249,43,108.37,34.35,37.06,28.52,1,1,1.0
249,44,699.95,90.24,88.46,40.68,1,1,1.0
249,45,608.0,114.56,92.31,53.91,1,1,1.0
249,46,763.73,184.11,147.35,74.6,1,1,0.3486
249,47,1.0,39.68,17.49,22.12,1,1,1.0
250,28,253.01,8.32,23.62,16.36,1,1,1.0
250,29,493.65,303.79,191.3,158.44,1,1,1.0
250,30,299.09,13.23,20.2,18.28,1,1,0.6133
250,31,278.83,18.56,31.29,24.25,1,1,1.0
250,32,136.53,99.41,60.1,58.18,1,1,1.0
250,33,235.09,93.87,53.27,44.3,1,1,1.0
250,34,301.87,40.11,37.69,24.25,1,1,0.8287
250,35,307.2,59.52,42.39,22.97,1,1,0.3056
250,36,362.24,26.45,47.29,27.45,1,1,0.8858
250,38,34.35,81.49,47.08,33.64,1,1,1.0
250,39,354.35,50.77,55.82,34.07,1,1,1.0
250,40,499.41,59.95,56.47,41.74,1,1,1.0
250,41,88.96,62.93,41.11,29.16,1,1,1.0
250,42,44.37,46.93,31.93,22.76,1,1,1.0
250,43,109.65,34.77,37.7,29.16,1,1,1.0
250,44,689.71,88.32,87.4,40.04,1,1,1.0
250,45,597.33,112.21,90.39,53.06,1,1,1.0
250,46,748.8,180.05,141.37,72.47,1,1,0.3635
250,47,1.0,40.11,18.35,22.76,1,1,1.0
251,28,251.73,7.47,22.34,17.0,1,1,1.0
251,29,508.8,312.53,197.27,163.14,1,1,1.0
251,30,296.53,12.8,20.2,18.07,1,1,0.5928
251,31,276.27,18.13,31.93,23.4,1,1,1.0
251,32,138.67,101.33,60.73,58.6,1,1,1.0
251,33,237.87,96.0,54.33,44.73,1,1,1.0
251,34,298.67,39.47,37.26,24.47,1,1,0.8156
251,35,304.0,58.67,41.53,22.33,1,1,0.3369
251,36,358.4,25.6,46.87,27.67,1,1,0.8867
251,38,35.2,82.13,47.93,34.07,1,1,1.0
251,39,349.87,50.13,55.4,33.0,1,1,1.0
251,40,493.87,58.67,56.46,41.53,1,1,1.0
251,41,90.67,64.0,41.53,29.8,1,1,1.0
251,42,44.8,48.0,33.0,22.33,1,1,1.0
251,43,110.93,35.2,38.34,29.8,1,1,1.0
251,44,679.47,86.4,86.33,39.4,1,1,1.0
251,45,586.67,109.87,88.46,52.2,1,1,1.0
251,46,733.87,176.0,135.4,70.33,1,1,0.3715
251,47,1.0,40.53,19.2,23.4,1,1,1.0
252,28,250.03,7.47,22.54,16.79,1,1,1.0
252,29,527.15,325.12,207.29,168.47,1,1,1.0
252,30,294.61,13.01,20.42,17.64,1,1,0.6327
252,31,274.35,17.92,30.65,22.76,1,1,1.0
252,32,141.87,103.68,61.58,59.03,1,1,1.0
252,33,241.28,97.71,56.04,45.58,1,1,1.0
252,34,295.47,39.25,36.84,23.61,1,1,0.8132
252,35,300.16,57.81,41.32,22.33,1,1,0.2854
252,36,355.2,24.75,45.37,27.67,1,1,0.8791
252,38,36.27,83.63,47.72,34.06,1,1,1.0
252,39,346.24,49.07,54.33,32.57,1,1,1.0
252,40,488.96,57.81,56.04,41.11,1,1,1.0
252,41,92.16,64.85,41.75,29.59,1,1,1.0
252,42,46.29,48.64,32.79,22.76,1,1,1.0
252,43,112.43,36.48,38.54,29.59,1,1,1.0
252,44,670.93,84.91,84.42,38.76,1,1,1.0
252,45,577.49,107.73,86.98,50.71,1,1,1.0
252,46,720.64,171.95,132.41,67.98,1,1,0.3834
252,47,1.0,41.6,19.84,22.97,1,1,1.0
253,28,248.32,7.47,22.76,16.57,1,1,1.0
253,29,545.49,337.71,217.32,173.8,1,1,1.0
253,30,292.69,13.23,20.63,17.21,1,1,0.6733
253,31,272.43,17.71,29.37,22.12,1,1,1.0
253,32,145.07,106.03,62.44,59.45,1,1,1.0
253,33,244.69,99.41,57.75,46.44,1,1,1.0
253,34,292.27,39.04,36.41,22.76,1,1,0.811
253,35,296.32,56.96,41.11,22.33,1,1,0.3354
253,36,352.0,23.89,43.88,27.67,1,1,0.8713
253,38,37.33,85.12,47.51,34.07,1,1,1.0
253,39,342.61,48.0,53.27,32.15,1,1,1.0
253,40,484.05,56.96,55.62,40.68,1,1,1.0
253,41,93.65,65.71,41.96,29.37,1,1,1.0
253,42,47.79,49.28,32.57,23.19,1,1,1.0
253,43,113.92,37.76,38.76,29.37,1,1,1.0
253,44,662.4,83.41,82.49,38.12,1,1,1.0
253,45,568.32,105.6,85.48,49.21,1,1,1.0
253,46,707.41,167.89,129.43,65.64,1,1,0.4262
253,47,1.0,42.67,20.48,22.55,1,1,1.0
254,28,246.61,7.47,22.98,16.36,1,1,1.0
254,29,563.84,350.29,227.35,179.14,1,1,1.0
254,30,290.77,13.44,20.84,16.79,1,1,0.715
254,31,270.51,17.49,28.09,21.48,1,1,1.0
254,32,148.27,108.37,63.29,59.88,1,1,1.0
254,33,248.11,101.12,59.45,47.29,1,1,1.0
254,34,289.07,38.83,35.98,21.91,1,1,0.8088
254,35,292.48,56.11,40.89,22.33,1,1,0.2705
254,36,348.8,23.04,42.39,27.67,1,1,0.8636
254,38,38.4,86.61,47.29,34.07,1,1,1.0
254,39,338.99,46.93,52.2,31.72,1,1,1.0
254,40,479.15,56.11,55.18,40.25,1,1,1.0
254,41,95.15,66.56,42.17,29.16,1,1,1.0
254,42,49.28,49.92,32.36,23.61,1,1,1.0
254,43,115.41,39.04,38.98,29.16,1,1,1.0
254,44,653.87,81.92,80.57,37.48,1,1,1.0
254,45,559.15,103.47,83.98,47.72,1,1,1.0
254,46,694.19,163.84,126.44,63.29,1,1,0.4112
254,47,1.0,43.73,21.12,22.12,1,1,1.0
255,28,244.91,7.47,23.18,16.15,1,1,1.0
255,29,582.19,362.88,237.37,178.12,1,1,1.0
255,30,288.85,13.65,21.06,16.36,1,1,0.7579
255,31,268.59,17.28,26.81,20.84,1,1,1.0
255,32,151.47,110.72,64.14,60.31,1,1,1.0
255,33,251.52,102.83,61.16,48.14,1,1,1.0
255,34,285.87,38.61,35.56,21.05,1,1,0.8067
255,35,288.64,55.25,40.68,22.33,1,1,0.2448
255,36,345.6,22.19,40.89,27.67,1,1,0.8559
255,38,39.47,88.11,47.08,34.06,1,1,1.0
255,39,335.36,45.87,51.13,31.29,1,1,1.0
255,40,474.24,55.25,54.76,39.83,1,1,1.0
255,41,96.64,67.41,42.39,28.95,1,1,1.0
255,42,50.77,50.56,32.15,24.04,1,1,1.0
255,43,116.91,40.32,39.18,28.95,1,1,1.0
255,44,645.33,80.43,78.66,36.84,1,1,1.0
255,45,549.97,101.33,82.5,46.23,1,1,1.0
255,46,680.96,159.79,123.45,60.94,1,1,0.4783
255,47,1.0,44.8,21.76,21.69,1,1,1.0
256,28,243.2,7.47,23.4,15.93,1,1,1.0
256,29,600.53,375.47,247.4,165.53,1,1,1.0
256,30,286.93,13.87,21.27,15.93,1,1,0.802
256,31,266.67,17.07,25.53,20.2,1,1,1.0
256,32,154.67,113.07,65.0,60.73,1,1,1.0
256,33,254.93,104.53,62.87,49.0,1,1,1.0
256,34,282.67,38.4,35.13,20.2,1,1,0.8047
256,35,284.8,54.4,40.47,22.33,1,1,0.278
256,36,342.4,21.33,39.4,27.67,1,1,0.8482
256,38,40.53,89.6,46.87,34.07,1,1,1.0
256,39,331.73,44.8,50.07,30.87,1,1,1.0
256,40,469.33,54.4,54.34,39.4,1,1,1.0
256,41,98.13,68.27,42.6,28.73,1,1,1.0
256,42,52.27,51.2,31.93,24.47,1,1,1.0
256,43,118.4,41.6,39.4,28.73,1,1,1.0
256,44,636.8,78.93,76.73,36.2,1,1,1.0
256,45,540.8,99.2,81.0,44.73,1,1,1.0
256,46,667.73,155.73,120.47,58.6,1,1,0.4699
256,47,1.0,45.87,22.4,21.27,1,1,1.0
256,48,1.0,135.47,23.47,54.33,1,1,1.0
257,29,625.28,389.33,244.84,151.67,1,1,1.0
257,30,284.59,13.44,21.26,15.72,1,1,0.8156
257,31,264.11,16.43,25.32,20.41,1,1,1.0
257,32,158.29,114.99,66.07,62.65,1,1,1.0
257,33,259.41,106.67,64.36,49.64,1,1,1.0
257,34,280.53,37.12,34.28,20.2,1,1,0.8395
257,35,281.6,53.97,40.47,22.12,1,1,0.1901
257,36,338.35,21.12,40.25,27.24,1,1,0.8374
257,38,41.6,90.03,47.72,35.56,1,1,1.0
257,39,327.04,43.73,49.85,31.29,1,1,1.0
257,40,465.28,53.33,52.84,39.4,1,1,1.0
257,41,100.05,69.55,43.46,29.59,1,1,1.0
257,42,53.33,51.84,31.93,25.32,1,1,1.0
257,43,120.11,41.81,40.04,29.59,1,1,1.0
257,44,628.69,77.44,75.88,36.2,1,1,1.0
257,45,532.91,96.64,79.29,45.16,1,1,1.0
257,46,655.57,152.53,118.76,59.03,1,1,0.4658
257,47,1.0,46.08,23.89,21.91,1,1,1.0
257,48,1.0,138.67,25.39,55.82,1,1,1.0
258,29,650.03,403.2,242.28,137.8,1,1,1.0
258,30,282.24,13.01,21.27,15.51,1,1,0.8298
258,31,261.55,15.79,25.1,20.63,1,1,1.0
258,32,161.92,116.91,67.13,64.57,1,1,1.0
258,33,263.89,108.8,65.86,50.28,1,1,1.0
258,34,278.4,35.84,33.43,20.2,1,1,0.8766
258,35,278.4,53.55,40.47,21.91,1,1,0.224
258,36,334.29,20.91,41.11,26.81,1,1,0.8272
258,38,42.67,90.45,48.57,37.06,1,1,1.0
258,39,322.35,42.67,49.64,31.72,1,1,1.0
258,40,461.23,52.27,51.34,39.4,1,1,1.0
258,41,101.97,70.83,44.31,30.44,1,1,1.0
258,42,54.4,52.48,31.93,26.17,1,1,1.0
258,43,121.81,42.03,40.68,30.44,1,1,1.0
258,44,620.59,75.95,75.02,36.2,1,1,1.0
258,45,525.01,94.08,77.59,45.59,1,1,1.0
258,46,643.41,149.33,117.06,59.46,1,1,0.4552
258,47,1.0,46.29,25.39,22.55,1,1,1.0
258,48,1.0,141.87,27.31,57.32,1,1,1.0
259,29,674.77,417.07,239.72,123.93,1,1,1.0
259,30,279.89,12.59,21.27,15.29,1,1,0.8438
259,31,258.99,15.15,24.89,20.84,1,1,1.0
259,32,165.55,118.83,68.2,66.49,1,1,1.0
259,33,268.37,110.93,67.35,50.92,1,1,1.0
259,34,276.27,34.56,32.57,20.2,1,1,0.9188
259,35,275.2,53.12,40.47,21.69,1,1,0.2531
259,36,330.24,20.69,41.96,26.39,1,1,0.8177
259,38,43.73,90.88,49.43,38.55,1,1,1.0
259,39,317.65,41.6,49.43,32.15,1,1,1.0
259,40,457.17,51.2,49.86,39.4,1,1,1.0
259,41,103.89,72.11,45.16,31.29,1,1,1.0
259,42,55.47,53.12,31.93,27.03,1,1,1.0
259,43,123.52,42.24,41.32,31.29,1,1,1.0
259,44,612.48,74.45,74.17,36.2,1,1,1.0
259,45,517.12,91.52,75.88,46.01,1,1,1.0
259,46,631.25,146.13,115.35,59.88,1,1,0.4025
259,47,1.0,46.51,26.88,23.19,1,1,1.0
259,48,1.0,145.07,29.23,58.81,1,1,1.0
260,29,699.52,430.93,237.16,110.07,1,1,1.0
260,30,277.55,12.16,21.26,15.08,1,1,0.8586
260,31,256.43,14.51,24.68,21.05,1,1,1.0
260,32,169.17,120.75,69.27,68.41,1,1,1.0
260,33,272.85,113.07,68.84,51.56,1,1,1.0
260,34,274.13,33.28,31.72,20.2,1,1,1.0
260,35,272.0,52.69,40.47,21.48,1,1,0.154
260,36,326.19,20.48,42.81,25.96,1,1,0.8088
260,38,44.8,91.31,50.28,40.04,1,1,1.0
260,39,312.96,40.53,49.21,32.57,1,1,1.0
260,40,453.12,50.13,48.36,39.4,1,1,1.0
260,41,105.81,73.39,46.02,32.14,1,1,1.0
260,42,56.53,53.76,31.93,27.88,1,1,1.0
260,43,125.23,42.45,41.96,32.15,1,1,1.0
260,44,604.37,72.96,73.32,36.2,1,1,1.0
260,45,509.23,88.96,74.17,46.44,1,1,1.0
260,46,619.09,142.93,113.64,60.31,1,1,0.3914
260,47,1.0,46.72,28.37,23.83,1,1,1.0
260,48,1.0,148.27,31.15,60.3,1,1,1.0
261,29,724.27,444.8,236.73,96.2,1,1,1.0
261,30,275.2,11.73,21.27,14.87,1,1,0.874
261,31,253.87,13.87,24.46,21.27,1,1,1.0
261,32,172.8,122.67,70.33,70.33,1,1,1.0
261,33,277.33,115.2,70.34,52.2,1,1,1.0
261,34,272.0,32.0,30.87,20.2,1,1,1.0
261,35,268.8,52.27,40.47,21.27,1,1,0.2296
261,36,322.13,20.27,43.67,25.53,1,1,0.8004
261,38,45.87,91.73,51.13,41.54,1,1,1.0
261,39,308.27,39.47,49.0,33.0,1,1,1.0
261,40,449.07,49.07,46.86,39.4,1,1,1.0
261,41,107.73,74.67,46.87,33.0,1,1,1.0
261,42,57.6,54.4,31.93,28.73,1,1,1.0
261,43,126.93,42.67,42.6,33.0,1,1,1.0
261,44,596.27,71.47,72.46,36.2,1,1,1.0
261,45,501.33,86.4,72.47,46.87,1,1,1.0
261,46,606.93,139.73,111.94,60.74,1,1,0.4053
261,47,1.0,46.93,29.87,24.47,1,1,1.0
261,48,1.0,151.47,33.07,61.8,1,1,1.0
261,49,929.07,170.67,31.93,39.4,1,1,1.0
262,30,273.49,11.09,20.84,15.51,1,1,0.8721
262,31,251.73,13.44,24.9,21.27,1,1,1.0
262,32,176.64,125.44,71.4,70.97,1,1,1.0
262,33,283.31,117.76,70.12,51.56,1,1,1.0
262,34,269.01,32.0,31.08,19.77,1,1,1.0
262,35,266.03,51.63,40.46,21.05,1,1,0.2077
262,36,319.57,20.05,42.39,25.75,1,1,0.7944
262,38,46.93,93.44,51.35,41.32,1,1,1.0
262,39,305.49,39.25,48.36,32.15,1,1,1.0
262,40,445.01,48.43,46.66,38.55,1,1,1.0
262,41,110.08,75.95,46.65,33.42,1,1,1.0
262,42,59.31,55.25,32.36,28.31,1,1,1.0
262,43,128.43,43.52,43.24,33.43,1,1,1.0
262,44,589.65,70.83,71.19,34.7,1,1,1.0
262,45,494.51,84.69,70.12,46.23,1,1,1.0
262,46,599.25,137.39,108.31,59.02,1,1,0.424
262,47,1.0,47.57,30.72,24.47,1,1,1.0
262,48,1.0,154.88,35.63,63.08,1,1,1.0
262,49,915.84,166.83,45.16,42.81,1,1,1.0
263,30,271.79,10.45,20.41,16.15,1,1,0.871
263,31,249.6,13.01,25.32,21.27,1,1,1.0
263,32,180.48,128.21,72.47,71.62,1,1,1.0
263,33,289.28,120.32,69.91,50.92,1,1,1.0
263,34,266.03,32.0,31.29,19.35,1,1,1.0
263,35,263.25,50.99,40.47,20.84,1,1,0.1756
263,36,317.01,19.84,41.11,25.96,1,1,0.7882
263,38,48.0,95.15,51.56,41.1,1,1,1.0
263,39,302.72,39.04,47.72,31.29,1,1,1.0
263,40,440.96,47.79,46.44,37.69,1,1,1.0
263,41,112.43,77.23,46.44,33.85,1,1,1.0
263,42,61.01,56.11,32.79,27.88,1,1,1.0
263,43,129.92,44.37,43.88,33.85,1,1,1.0
263,44,583.04,70.19,69.91,33.21,1,1,1.0
263,45,487.68,82.99,67.77,45.58,1,1,1.0
263,46,591.57,135.04,104.68,57.32,1,1,0.4378
263,47,1.0,48.21,31.57,24.47,1,1,1.0
263,48,1.0,158.29,38.19,64.36,1,1,1.0
263,49,902.61,162.99,58.39,46.22,1,1,1.0
264,30,270.08,9.81,19.99,16.79,1,1,0.8693
264,31,247.47,12.59,25.74,21.27,1,1,1.0
264,32,184.32,130.99,73.53,72.25,1,1,1.0
264,33,295.25,122.88,69.7,50.28,1,1,1.0
264,34,263.04,32.0,31.51,18.92,1,1,1.0
264,35,260.48,50.35,40.47,20.63,1,1,0.1771
264,36,314.45,19.63,39.83,26.17,1,1,0.7821
264,38,49.07,96.85,51.77,40.9,1,1,1.0
264,39,299.95,38.83,47.08,30.44,1,1,1.0
264,40,436.91,47.15,46.22,36.84,1,1,1.0
264,41,114.77,78.51,46.23,34.28,1,1,1.0
264,42,62.72,56.96,33.21,27.45,1,1,1.0
264,43,131.41,45.23,44.52,34.28,1,1,1.0
264,44,576.43,69.55,68.62,31.72,1,1,1.0
264,45,480.85,81.28,65.43,44.95,1,1,1.0
264,46,583.89,132.69,101.06,55.62,1,1,0.4877
264,47,1.0,48.85,32.43,24.47,1,1,1.0
264,48,1.0,161.71,40.75,65.64,1,1,1.0
264,49,889.39,159.15,71.61,49.64,1,1,1.0
265,30,268.37,9.17,19.56,17.43,1,1,0.867
265,31,245.33,12.16,26.18,21.27,1,1,1.0
265,32,188.16,133.76,74.6,72.89,1,1,1.0
265,33,301.23,125.44,69.48,49.64,1,1,1.0
265,34,260.05,32.0,31.72,18.49,1,1,1.0
265,35,257.71,49.71,40.46,20.41,1,1,0.216
265,36,311.89,19.41,38.55,26.39,1,1,0.7759
265,38,50.13,98.56,51.99,40.68,1,1,1.0
265,39,297.17,38.61,46.44,29.59,1,1,1.0
265,40,432.85,46.51,46.02,35.99,1,1,1.0
265,41,117.12,79.79,46.01,34.7,1,1,1.0
265,42,64.43,57.81,33.64,27.03,1,1,1.0
265,43,132.91,46.08,45.16,34.71,1,1,1.0
265,44,569.81,68.91,67.35,30.23,1,1,1.0
265,45,474.03,79.57,63.08,44.31,1,1,1.0
265,46,576.21,130.35,97.43,53.9,1,1,0.5116
265,47,1.0,49.49,33.28,24.47,1,1,1.0
265,48,1.0,165.12,43.31,66.92,1,1,1.0
265,49,876.16,155.31,84.84,53.05,1,1,1.0
266,30,266.67,8.53,19.13,18.07,1,1,0.8654
266,31,243.2,11.73,26.6,21.27,1,1,1.0
266,32,192.0,136.53,75.67,73.54,1,1,1.0
266,33,307.2,128.0,69.27,49.0,1,1,1.0
266,34,257.07,32.0,31.93,18.07,1,1,1.0
266,35,254.93,49.07,40.47,20.2,1,1,0.2844
266,36,309.33,19.2,37.27,26.6,1,1,0.7696
266,38,51.2,100.27,52.2,40.46,1,1,1.0
266,39,294.4,38.4,45.8,28.73,1,1,1.0
266,40,428.8,45.87,45.8,35.13,1,1,1.0
266,41,119.47,81.07,45.8,35.13,1,1,1.0
266,42,66.13,58.67,34.07,26.6,1,1,1.0
266,43,134.4,46.93,45.8,35.13,1,1,1.0
266,44,563.2,68.27,66.07,28.73,1,1,1.0
266,45,467.2,77.87,60.73,43.66,1,1,1.0
266,46,568.53,128.0,93.8,52.2,1,1,0.5373
266,47,1.0,50.13,34.13,24.47,1,1,1.0
266,48,1.0,168.53,45.87,68.2,1,1,1.0
266,49,862.93,151.47,98.07,56.46,1,1,1.0
267,30,264.32,8.32,19.56,17.64,1,1,0.8883
267,31,241.07,11.73,25.96,21.05,1,1,1.0
267,32,196.27,139.52,77.16,75.24,1,1,1.0
267,33,312.53,130.77,70.98,51.14,1,1,1.0
267,34,254.51,31.57,31.5,18.49,1,1,0.8998
267,35,252.16,48.21,40.04,20.2,1,1,0.1875
267,36,305.92,18.77,36.84,26.39,1,1,0.7566
267,38,52.27,101.33,52.41,40.9,1,1,1.0
267,39,290.56,37.33,45.59,28.73,1,1,0.9776
267,40,424.75,45.23,45.16,35.13,1,1,1.0
267,41,120.75,82.56,47.29,35.56,1,1,1.0
267,42,66.77,59.52,34.5,27.45,1,1,1.0
267,43,136.53,48.0,45.8,35.35,1,1,1.0
267,44,556.59,66.35,65.21,29.59,1,1,1.0
267,45,459.95,76.8,61.16,43.03,1,1,1.0
267,46,559.36,125.65,92.31,51.78,1,1,0.5973
267,47,1.0,50.77,33.92,25.11,1,1,1.0
267,48,1.0,173.01,47.36,69.7,1,1,1.0
267,49,850.35,148.27,110.65,56.46,1,1,1.0
268,30,261.97,8.11,19.99,17.21,1,1,0.91
268,31,238.93,11.73,25.32,20.84,1,1,1.0
268,32,200.53,142.51,78.66,76.94,1,1,1.0
268,33,317.87,133.55,72.68,53.26,1,1,1.0
268,34,251.95,31.15,31.08,18.92,1,1,0.8569
268,35,249.39,47.36,39.61,20.2,1,1,0.2689
268,36,302.51,18.35,36.41,26.17,1,1,0.7438
268,38,53.33,102.4,52.63,41.32,1,1,1.0
268,39,286.72,36.27,45.37,28.73,1,1,0.9691
268,40,420.69,44.59,44.52,35.13,1,1,1.0
268,41,122.03,84.05,48.78,35.99,1,1,1.0
268,42,67.41,60.37,34.92,28.31,1,1,1.0
268,43,138.67,49.07,45.8,35.56,1,1,1.0
268,44,549.97,64.43,64.36,30.44,1,1,1.0
268,45,452.69,75.73,61.59,42.39,1,1,1.0
268,46,550.19,123.31,90.81,51.34,1,1,0.5381
268,47,1.0,51.41,33.71,25.75,1,1,1.0
268,48,1.0,177.49,48.85,71.19,1,1,1.0
268,49,837.76,145.07,123.24,56.46,1,1,1.0
269,30,259.63,7.89,20.41,16.79,1,1,0.9301
269,31,236.8,11.73,24.68,20.63,1,1,1.0
269,32,204.8,145.49,80.15,78.66,1,1,1.0
269,33,323.2,136.32,74.39,55.4,1,1,1.0
269,34,249.39,30.72,30.65,19.35,1,1,0.816
269,35,246.61,46.51,39.19,20.2,1,1,0.1729
269,36,299.09,17.92,35.99,25.96,1,1,0.731
269,38,54.4,103.47,52.84,41.74,1,1,1.0
269,39,282.88,35.2,45.16,28.73,1,1,0.9608
269,40,416.64,43.95,43.88,35.13,1,1,1.0
269,41,123.31,85.55,50.28,36.41,1,1,1.0
269,42,68.05,61.23,35.35,29.16,1,1,1.0
269,43,140.8,50.13,45.8,35.77,1,1,1.0
269,44,543.36,62.51,63.51,31.29,1,1,1.0
269,45,445.44,74.67,62.01,41.74,1,1,1.0
269,46,541.01,120.96,89.32,50.92,1,1,0.5277
269,47,1.0,52.05,33.49,26.39,1,1,1.0
269,48,1.0,181.97,50.35,72.68,1,1,1.0
269,49,825.17,141.87,122.18,56.46,1,1,1.0
270,30,257.28,7.68,20.84,16.36,1,1,0.9484
270,31,234.67,11.73,24.04,20.41,1,1,1.0
270,32,209.07,148.48,81.64,80.36,1,1,1.0
270,33,328.53,139.09,76.1,57.54,1,1,1.0
270,34,246.83,30.29,30.22,19.77,1,1,0.7768
270,35,243.84,45.65,38.76,20.2,1,1,0.2184
270,36,295.68,17.49,35.56,25.75,1,1,0.7184
270,38,55.47,104.53,53.05,42.18,1,1,1.0
270,39,279.04,34.13,44.95,28.73,1,1,0.9526
270,40,412.59,43.31,43.24,35.13,1,1,1.0
270,41,124.59,87.04,51.77,36.84,1,1,1.0
270,42,68.69,62.08,35.78,30.01,1,1,1.0
270,43,142.93,51.2,45.8,35.99,1,1,1.0
270,44,536.75,60.59,62.65,32.15,1,1,1.0
270,45,438.19,73.6,62.44,41.11,1,1,1.0
270,46,531.84,118.61,87.83,50.5,1,1,0.566
270,47,1.0,52.69,33.28,27.03,1,1,1.0
270,48,1.0,186.45,51.84,74.18,1,1,1.0
270,49,812.59,138.67,125.58,56.46,1,1,1.0
271,30,254.93,7.47,21.27,15.93,1,1,1.0
271,31,232.53,11.73,23.4,20.2,1,1,1.0
271,32,213.33,151.47,83.14,82.06,1,1,1.0
271,33,333.87,141.87,77.8,59.66,1,1,1.0
271,34,244.27,29.87,29.8,20.2,1,1,0.7393
271,35,241.07,44.8,38.33,20.2,1,1,0.2832
271,36,292.27,17.07,35.13,25.53,1,1,0.706
271,38,56.53,105.6,53.27,42.6,1,1,1.0
271,39,275.2,33.07,44.73,28.73,1,1,0.9444
271,40,408.53,42.67,42.6,35.13,1,1,1.0
271,41,125.87,88.53,53.26,37.27,1,1,1.0
271,42,69.33,62.93,36.2,30.87,1,1,1.0
271,43,145.07,52.27,45.8,36.2,1,1,1.0
271,44,530.13,58.67,61.8,33.0,1,1,1.0
271,45,430.93,72.53,62.87,40.47,1,1,1.0
271,46,522.67,116.27,86.33,50.06,1,1,0.5478
271,47,1.0,53.33,33.07,27.67,1,1,1.0
271,48,1.0,190.93,53.33,75.67,1,1,1.0
271,49,800.0,135.47,129.0,56.46,1,1,1.0
272,30,253.01,7.47,20.63,15.51,1,1,1.0
272,31,229.97,12.16,23.19,19.35,1,1,1.0
272,32,218.45,155.31,85.06,83.77,1,1,1.0
272,33,340.27,144.85,80.14,61.38,1,1,1.0
272,34,240.85,29.65,29.16,19.56,1,1,0.7308
272,35,238.29,43.95,37.27,19.99,1,1,0.3133
272,36,288.43,17.07,35.56,24.68,1,1,0.7352
272,38,57.39,107.09,53.9,42.82,1,1,1.0
272,39,272.0,33.28,43.88,26.81,1,1,0.9511
272,40,404.05,42.45,41.96,34.07,1,1,1.0
272,41,128.0,90.03,52.84,37.48,1,1,1.0
272,42,70.4,63.79,36.2,30.44,1,1,1.0
272,43,146.77,53.76,46.23,35.99,1,1,1.0
272,44,523.52,58.88,61.59,31.08,1,1,1.0
272,45,425.17,71.68,60.74,39.61,1,1,1.0
272,46,514.99,114.35,85.05,49.0,1,1,0.5971
272,47,1.0,54.61,33.92,27.24,1,1,1.0
272,48,1.0,196.27,56.53,77.16,1,1,1.0
272,49,789.55,134.19,126.01,54.76,1,1,1.0
273,30,251.09,7.47,19.99,15.08,1,1,1.0
273,31,227.41,12.59,22.98,18.49,1,1,1.0
273,32,223.57,159.15,86.98,85.48,1,1,1.0
273,33,346.67,147.84,82.49,63.08,1,1,1.0
273,34,237.44,29.44,28.52,18.92,1,1,0.7216
273,35,235.52,43.09,36.2,19.77,1,1,0.2731
273,36,284.59,17.07,35.98,23.83,1,1,0.7649
273,38,58.24,108.59,54.55,43.02,1,1,1.0
273,39,268.8,33.49,43.03,24.89,1,1,0.9583
273,40,399.57,42.24,41.32,33.0,1,1,1.0
273,41,130.13,91.52,52.42,37.69,1,1,1.0
273,42,71.47,64.64,36.2,30.01,1,1,1.0
273,43,148.48,55.25,46.65,35.77,1,1,1.0
273,44,516.91,59.09,61.37,29.16,1,1,1.0
273,45,419.41,70.83,58.6,38.76,1,1,1.0
273,46,507.31,112.43,83.77,47.93,1,1,0.545
273,47,1.0,55.89,34.77,26.81,1,1,1.0
273,48,1.0,201.6,59.73,78.65,1,1,1.0
273,49,779.09,132.91,123.03,53.05,1,1,1.0
274,30,249.17,7.47,19.35,14.65,1,1,1.0
274,31,224.85,13.01,22.76,17.64,1,1,1.0
274,32,228.69,162.99,88.9,87.18,1,1,1.0
274,33,353.07,150.83,84.84,64.78,1,1,1.0
274,34,234.03,29.23,27.88,18.28,1,1,0.7119
274,35,232.75,42.24,35.13,19.56,1,1,0.1922
274,36,280.75,17.07,36.41,22.97,1,1,0.7954
274,38,59.09,110.08,55.19,43.24,1,1,1.0
274,39,265.6,33.71,42.17,22.97,1,1,0.966
274,40,395.09,42.03,40.68,31.93,1,1,0.9321
274,41,132.27,93.01,51.98,37.91,1,1,1.0
274,42,72.53,65.49,36.2,29.59,1,1,1.0
274,43,150.19,56.75,47.08,35.56,1,1,1.0
274,44,510.29,59.31,61.16,27.24,1,1,1.0
274,45,413.65,69.97,56.47,37.91,1,1,1.0
274,46,499.63,110.51,82.49,46.86,1,1,0.5149
274,47,1.0,57.17,35.63,26.39,1,1,1.0
274,48,1.0,206.93,62.93,80.15,1,1,1.0
274,49,768.64,131.63,120.04,51.34,1,1,1.0
275,30,247.25,7.47,18.71,14.23,1,1,1.0
275,31,222.29,13.44,22.55,16.79,1,1,1.0
275,32,233.81,166.83,90.82,88.89,1,1,1.0
275,33,359.47,153.81,87.18,66.5,1,1,1.0
275,34,230.61,29.01,27.24,17.64,1,1,0.7015
275,35,229.97,41.39,34.07,19.35,1,1,0.2391
275,36,276.91,17.07,36.84,22.12,1,1,0.8267
275,38,59.95,111.57,55.82,43.46,1,1,1.0
275,39,262.4,33.92,41.32,21.05,1,1,0.9744
275,40,390.61,41.81,40.04,30.87,1,1,0.9344
275,41,134.4,94.51,51.56,38.12,1,1,1.0
275,42,73.6,66.35,36.2,29.16,1,1,1.0
275,43,151.89,58.24,47.51,35.35,1,1,1.0
275,44,503.68,59.52,60.95,25.32,1,1,1.0
275,45,407.89,69.12,54.34,37.05,1,1,1.0
275,46,491.95,108.59,81.21,45.8,1,1,0.4951
275,47,1.0,58.45,36.48,25.96,1,1,1.0
275,48,1.0,212.27,66.13,81.64,1,1,1.0
275,49,758.19,130.35,117.05,49.64,1,1,1.0
276,30,245.33,7.47,18.07,13.8,1,1,1.0
276,31,219.73,13.87,22.34,15.93,1,1,1.0
276,32,238.93,170.67,92.74,90.6,1,1,1.0
276,33,365.87,156.8,89.53,68.2,1,1,1.0
276,34,227.2,28.8,26.6,17.0,1,1,0.6902
276,35,227.2,40.53,33.0,19.13,1,1,0.2351
276,36,273.07,17.07,37.26,21.27,1,1,0.859
276,38,60.8,113.07,56.47,43.66,1,1,1.0
276,39,259.2,34.13,40.47,19.13,1,1,1.0
276,40,386.13,41.6,39.4,29.8,1,1,0.9376
276,41,136.53,96.0,51.14,38.33,1,1,1.0
276,42,74.67,67.2,36.2,28.73,1,1,1.0
276,43,153.6,59.73,47.93,35.13,1,1,1.0
276,44,497.07,59.73,60.73,23.4,1,1,1.0
276,45,402.13,68.27,52.2,36.2,1,1,1.0
276,46,484.27,106.67,79.93,44.73,1,1,0.5321
276,47,1.0,59.73,37.33,25.53,1,1,1.0
276,48,1.0,217.6,69.33,83.13,1,1,1.0
276,49,747.73,129.07,114.07,47.93,1,1,1.0
277,32,244.69,174.08,94.23,93.37,1,1,1.0
277,33,374.19,161.07,90.81,69.26,1,1,1.0
277,34,225.71,27.52,26.81,17.64,1,1,0.7377
277,35,224.21,40.53,33.64,18.92,1,1,0.2072
277,36,270.72,16.21,36.41,22.12,1,1,0.8425
277,38,62.72,114.56,56.47,44.31,1,1,1.0
277,39,255.79,33.28,40.04,20.41,1,1,0.9668
277,40,382.72,40.75,39.4,29.8,1,1,0.9232
277,41,138.45,97.71,52.84,38.97,1,1,1.0
277,42,76.16,68.27,36.41,28.73,1,1,1.0
277,43,155.31,60.37,49.0,36.41,1,1,1.0
277,44,492.16,58.24,58.81,23.83,1,1,1.0
277,45,396.8,66.99,51.77,35.98,1,1,1.0
277,46,477.44,105.17,78.44,43.67,1,1,0.5133
277,47,1.0,60.59,37.76,25.53,1,1,1.0
277,48,1.0,224.43,72.32,84.41,1,1,1.0
277,49,737.92,126.72,111.51,48.15,1,1,1.0
278,32,250.45,177.49,95.72,96.15,1,1,1.0
278,33,382.51,165.33,92.09,70.34,1,1,1.0
278,34,224.21,26.24,27.03,18.28,1,1,0.7819
278,35,221.23,40.53,34.28,18.71,1,1,0.1252
278,36,268.37,15.36,35.56,22.97,1,1,0.8292
278,38,64.64,116.05,56.47,44.95,1,1,1.0
278,39,252.37,32.43,39.62,21.69,1,1,0.9504
278,40,379.31,39.89,39.4,29.8,1,1,0.9075
278,41,140.37,99.41,54.55,39.62,1,1,1.0
278,42,77.65,69.33,36.63,28.73,1,1,1.0
278,43,157.01,61.01,50.07,37.69,1,1,1.0
278,44,487.25,56.75,56.9,24.25,1,1,1.0
278,45,391.47,65.71,51.34,35.77,1,1,1.0
278,46,470.61,103.68,76.95,42.6,1,1,0.449
278,47,1.0,61.44,38.19,25.53,1,1,1.0
278,48,1.0,231.25,75.31,85.7,1,1,1.0
278,49,728.11,124.37,108.94,48.36,1,1,1.0
279,32,256.21,180.91,97.22,98.92,1,1,1.0
279,33,390.83,169.6,93.37,71.4,1,1,1.0
279,34,222.72,24.96,27.24,18.92,1,1,0.8231
279,35,218.24,40.53,34.92,18.49,1,1,0.085
279,36,266.03,14.51,34.7,23.83,1,1,0.8191
279,38,66.56,117.55,56.47,45.58,1,1,1.0
279,39,248.96,31.57,39.19,22.97,1,1,0.9346
279,40,375.89,39.04,39.4,29.8,1,1,0.8904
279,41,142.29,101.12,56.26,40.25,1,1,1.0
279,42,79.15,70.4,36.84,28.73,1,1,1.0
279,43,158.72,61.65,51.13,38.97,1,1,1.0
279,44,482.35,55.25,54.97,24.68,1,1,1.0
279,45,386.13,64.43,50.92,35.56,1,1,1.0
279,46,463.79,102.19,75.45,41.53,1,1,0.4935
279,47,1.0,62.29,38.61,25.53,1,1,1.0
279,48,1.0,238.08,78.29,86.97,1,1,1.0
279,49,718.29,122.03,106.39,48.57,1,1,1.0
280,32,261.97,184.32,98.71,101.69,1,1,1.0
280,33,399.15,173.87,94.65,72.46,1,1,1.0
280,34,221.23,23.68,27.45,19.56,1,1,0.8616
280,35,215.25,40.53,35.56,18.28,1,1,0.0211
280,36,263.68,13.65,33.85,24.68,1,1,0.812
280,38,68.48,119.04,56.47,46.23,1,1,1.0
280,39,245.55,30.72,38.76,24.25,1,1,0.8865
280,40,372.48,38.19,39.4,29.8,1,1,0.8719
280,41,144.21,102.83,57.96,40.89,1,1,1.0
280,42,80.64,71.47,37.05,28.73,1,1,1.0
280,43,160.43,62.29,52.2,40.26,1,1,1.0
280,44,477.44,53.76,53.05,25.11,1,1,1.0
280,45,380.8,63.15,50.49,35.35,1,1,1.0
280,46,456.96,100.69,73.96,40.47,1,1,0.4397
280,47,1.0,63.15,39.04,25.53,1,1,1.0
280,48,1.0,244.91,81.28,88.25,1,1,1.0
280,49,708.48,119.68,103.83,48.79,1,1,1.0
281,32,267.73,187.73,100.2,104.47,1,1,1.0
281,33,407.47,178.13,95.93,73.54,1,1,1.0
281,34,219.73,22.4,27.67,20.2,1,1,0.891
281,35,212.27,40.53,36.2,18.07,1,1,0.0
281,36,261.33,12.8,33.0,25.53,1,1,0.8077
281,38,70.4,120.53,56.47,46.87,1,1,1.0
281,39,242.13,29.87,38.34,25.53,1,1,0.8463
281,40,369.07,37.33,39.4,29.8,1,1,0.852
281,41,146.13,104.53,59.67,41.54,1,1,1.0
281,42,82.13,72.53,37.27,28.74,1,1,1.0
281,43,162.13,62.93,53.27,41.54,1,1,1.0
281,44,472.53,52.27,51.14,25.53,1,1,1.0
281,45,375.47,61.87,50.06,35.13,1,1,1.0
281,46,450.13,99.2,72.47,39.4,1,1,0.3756
281,47,1.0,64.0,39.47,25.53,1,1,1.0
281,48,1.0,251.73,84.27,89.54,1,1,1.0
281,49,698.67,117.33,101.26,49.0,1,1,1.0
281,50,842.67,183.47,118.33,57.53,1,1,0.5747
281,51,820.27,216.53,140.73,73.54,1,1,0.2376
282,32,274.13,193.07,105.75,105.96,1,1,1.0
282,33,417.28,182.83,98.92,75.66,1,1,1.0
282,34,216.96,22.4,27.45,19.35,1,1,0.8822
282,35,210.56,39.47,35.56,18.71,1,1,0.0285
282,36,258.99,12.8,33.0,24.47,1,1,0.8061
282,38,71.25,122.45,58.18,48.15,1,1,1.0
282,39,239.57,28.8,37.91,25.11,1,1,0.8464
282,40,366.51,36.69,38.33,28.73,1,1,0.8456
282,41,148.91,106.67,60.52,42.6,1,1,1.0
282,42,83.63,73.6,38.12,29.8,1,1,1.0
282,43,164.05,64.21,54.34,41.75,1,1,1.0
282,44,467.63,50.99,50.7,26.17,1,1,1.0
282,45,371.2,60.37,48.79,34.28,1,1,1.0
282,46,444.59,97.28,71.4,39.61,1,1,0.4221
282,47,1.0,64.85,41.39,26.39,1,1,1.0
282,48,1.0,258.77,90.45,95.94,1,1,1.0
282,49,690.35,114.99,99.77,48.78,1,1,1.0
282,50,827.09,179.2,133.91,58.17,1,1,0.5685
282,51,804.91,212.27,156.09,70.54,1,1,0.3141
283,32,280.53,198.4,111.3,107.45,1,1,1.0
283,33,427.09,187.52,101.91,77.8,1,1,1.0
283,34,214.19,22.4,27.24,18.49,1,1,0.8652
283,35,208.85,38.4,34.92,19.35,1,1,0.0703
283,36,256.64,12.8,33.0,23.4,1,1,0.8043
283,38,72.11,124.37,59.88,49.43,1,1,1.0
283,39,237.01,27.73,37.48,24.68,1,1,0.8466
283,40,363.95,36.05,37.26,27.67,1,1,0.8391
283,41,151.68,108.8,61.37,43.67,1,1,1.0
283,42,85.12,74.67,38.97,30.86,1,1,1.0
283,43,165.97,65.49,55.4,41.96,1,1,1.0
283,44,462.72,49.71,50.28,26.81,1,1,1.0
283,45,366.93,58.88,47.51,33.43,1,1,1.0
283,46,439.04,95.36,70.33,39.83,1,1,0.4335
283,47,1.0,65.71,43.31,27.24,1,1,1.0
283,48,1.0,265.81,96.64,102.34,1,1,1.0
283,49,682.03,112.64,98.28,48.57,1,1,1.0
283,50,811.52,174.93,124.52,58.82,1,1,0.5727
283,51,789.55,208.0,143.5,67.56,1,1,0.2477
284,32,286.93,203.73,116.84,108.95,1,1,1.0
284,33,436.91,192.21,104.89,79.94,1,1,1.0
284,34,211.41,22.4,27.03,17.64,1,1,0.8465
284,35,207.15,37.33,34.28,19.99,1,1,0.0849
284,36,254.29,12.8,33.0,22.33,1,1,0.8022
284,38,72.96,126.29,61.59,50.71,1,1,1.0
284,39,234.45,26.67,37.06,24.25,1,1,0.8471
284,40,361.39,35.41,36.2,26.6,1,1,0.8322
284,41,154.45,110.93,62.23,44.74,1,1,1.0
284,42,86.61,75.73,39.83,31.94,1,1,1.0
284,43,167.89,66.77,56.47,42.18,1,1,1.0
284,44,457.81,48.43,49.86,27.45,1,1,1.0
284,45,362.67,57.39,46.22,32.57,1,1,1.0
284,46,433.49,93.44,69.27,40.04,1,1,0.4298
284,47,1.0,66.56,45.23,28.09,1,1,1.0
284,48,1.0,272.85,102.83,108.74,1,1,1.0
284,49,673.71,110.29,96.78,48.36,1,1,1.0
284,50,795.95,170.67,124.94,59.45,1,1,0.572
284,51,774.19,203.73,142.22,64.58,1,1,0.2519
285,32,293.33,209.07,122.39,110.44,1,1,1.0
285,33,446.72,196.91,107.88,82.06,1,1,1.0
285,34,208.64,22.4,26.81,16.79,1,1,0.8223
285,35,205.44,36.27,33.64,20.63,1,1,0.019
285,36,251.95,12.8,33.0,21.27,1,1,0.8001
285,38,73.81,128.21,63.3,51.99,1,1,1.0
285,39,231.89,25.6,36.63,23.83,1,1,0.8481
285,40,358.83,34.77,35.13,25.53,1,1,0.8271
285,41,157.23,113.07,63.08,45.8,1,1,1.0
285,42,88.11,76.8,40.68,33.0,1,1,1.0
285,43,169.81,68.05,57.54,42.39,1,1,1.0
285,44,452.91,47.15,49.42,28.09,1,1,1.0
285,45,358.4,55.89,44.95,31.72,1,1,1.0
285,46,427.95,91.52,68.2,40.25,1,1,0.4099
285,47,12.37,67.41,35.77,28.95,1,1,1.0
285,48,1.0,279.89,109.01,115.14,1,1,1.0
285,49,665.39,107.95,95.29,48.14,1,1,1.0
285,50,780.37,166.4,125.38,60.09,1,1,0.5718
285,51,758.83,199.47,140.94,61.58,1,1,0.2431
286,32,299.73,214.4,127.94,111.93,1,1,1.0
286,33,456.53,201.6,110.87,84.2,1,1,1.0
286,34,205.87,22.4,26.6,15.93,1,1,0.8034
286,35,203.73,35.2,33.0,21.27,1,1,0.0455
286,36,249.6,12.8,33.0,20.2,1,1,0.7977
286,38,74.67,130.13,65.0,53.27,1,1,1.0
286,39,229.33,24.53,36.2,23.4,1,1,0.8492
286,40,356.27,34.13,34.06,24.47,1,1,0.8283
286,41,160.0,115.2,63.93,46.87,1,1,1.0
286,42,89.6,77.87,41.53,34.06,1,1,1.0
286,43,171.73,69.33,58.6,42.6,1,1,1.0
286,44,448.0,45.87,49.0,28.73,1,1,1.0
286,45,354.13,54.4,43.67,30.87,1,1,1.0
286,46,422.4,89.6,67.13,40.47,1,1,0.3609
286,47,12.8,68.27,37.27,29.8,1,1,1.0
286,48,1.0,286.93,115.2,121.54,1,1,1.0
286,49,657.07,105.6,93.8,47.93,1,1,1.0
286,50,764.8,162.13,125.8,60.74,1,1,0.5715
286,51,743.47,195.2,139.66,58.6,1,1,0.2221
286,52,923.73,148.27,37.27,34.06,1,1,1.0
287,32,308.69,220.16,132.2,115.77,1,1,1.0
287,33,468.91,206.72,114.7,86.55,1,1,1.0
287,34,204.16,21.97,26.17,15.93,1,1,0.8167
287,35,202.45,34.99,32.15,20.2,1,1,0.0594
287,36,247.68,12.16,32.57,20.2,1,1,0.8108
287,38,76.16,132.27,65.64,52.2,1,1,1.0
287,39,226.77,24.11,35.99,23.19,1,1,0.8381
287,40,352.85,33.92,34.71,24.68,1,1,0.7866
287,41,163.41,117.33,64.79,47.3,1,1,1.0
287,42,91.73,78.93,42.18,34.28,1,1,1.0
287,43,174.93,70.83,58.82,43.02,1,1,1.0
287,44,443.73,45.01,48.36,28.31,1,1,1.0
287,45,349.44,53.33,44.09,31.08,1,1,1.0
287,46,415.79,88.32,67.77,39.83,1,1,0.3509
287,47,14.51,69.55,37.05,30.23,1,1,1.0
287,48,1.0,297.17,122.67,128.15,1,1,1.0
287,49,649.39,104.11,92.94,46.44,1,1,1.0
287,50,751.36,158.29,122.81,59.46,1,1,0.5915
287,51,729.81,191.79,136.47,56.46,1,1,0.2174
287,52,910.08,143.15,50.92,37.05,1,1,1.0
288,32,317.65,225.92,136.47,119.61,1,1,1.0
288,33,481.28,211.84,118.55,88.89,1,1,1.0
288,34,202.45,21.55,25.75,15.93,1,1,0.814
288,35,201.17,34.77,31.3,19.13,1,1,0.0889
288,36,245.76,11.52,32.15,20.2,1,1,0.8238
288,38,77.65,134.4,66.28,51.13,1,1,1.0
288,39,224.21,23.68,35.78,22.97,1,1,0.8268
288,40,349.44,33.71,35.35,24.89,1,1,0.7456
288,41,166.83,119.47,65.64,47.72,1,1,1.0
288,42,93.87,80.0,42.81,34.49,1,1,1.0
288,43,178.13,72.32,59.03,43.45,1,1,1.0
288,44,439.47,44.16,47.72,27.88,1,1,1.0
288,45,344.75,52.27,44.52,31.29,1,1,1.0
288,46,409.17,87.04,68.42,39.19,1,1,0.3446
288,47,16.21,70.83,36.84,30.65,1,1,1.0
288,48,1.0,307.41,130.13,134.76,1,1,1.0
288,49,641.71,102.61,92.09,44.95,1,1,1.0
288,50,737.92,154.45,119.83,58.18,1,1,0.612
288,51,716.16,188.37,133.27,54.34,1,1,0.1799
288,52,896.43,138.03,64.57,40.04,1,1,1.0
289,32,326.61,231.68,140.74,123.45,1,1,1.0
289,33,493.65,216.96,122.39,91.24,1,1,1.0
289,34,200.75,21.12,25.32,15.93,1,1,0.8293
289,35,199.89,34.56,30.44,18.07,1,1,0.0036
289,36,243.84,10.88,31.72,20.2,1,1,0.8367
289,38,79.15,136.53,66.92,50.07,1,1,1.0
289,39,221.65,23.25,35.56,22.76,1,1,0.8154
289,40,346.03,33.49,35.98,25.11,1,1,0.7053
289,41,170.24,121.6,66.49,48.15,1,1,1.0
289,42,96.0,81.07,43.45,34.7,1,1,1.0
289,43,181.33,73.81,59.24,43.88,1,1,1.0
289,44,435.2,43.31,47.08,27.45,1,1,1.0
289,45,340.05,51.2,44.95,31.51,1,1,1.0
289,46,402.56,85.76,69.05,38.55,1,1,0.3235
289,47,17.92,72.11,36.63,31.08,1,1,1.0
289,48,1.0,317.65,137.6,141.38,1,1,1.0
289,49,634.03,101.12,91.24,43.45,1,1,1.0
289,50,724.48,150.61,116.84,56.9,1,1,0.6334
289,51,702.51,184.96,130.06,52.2,1,1,0.1762
289,52,882.77,132.91,78.23,43.02,1,1,1.0
290,32,335.57,237.44,145.0,127.29,1,1,1.0
290,33,506.03,222.08,126.22,93.59,1,1,1.0
290,34,199.04,20.69,24.89,15.93,1,1,0.8473
290,35,198.61,34.35,29.59,17.0,1,1,0.0204
290,36,241.92,10.24,31.29,20.2,1,1,0.8492
290,38,80.64,138.67,67.56,49.0,1,1,1.0
290,39,219.09,22.83,35.35,22.55,1,1,0.804
290,40,342.61,33.28,36.63,25.32,1,1,0.6656
290,41,173.65,123.73,67.35,48.58,1,1,1.0
290,42,98.13,82.13,44.1,34.92,1,1,1.0
290,43,184.53,75.31,59.46,44.3,1,1,1.0
290,44,430.93,42.45,46.44,27.03,1,1,1.0
290,45,335.36,50.13,45.37,31.72,1,1,1.0
290,46,395.95,84.48,69.69,37.91,1,1,0.3108
290,47,19.63,73.39,36.41,31.5,1,1,1.0
290,48,1.0,327.89,145.07,147.99,1,1,1.0
290,49,626.35,99.63,90.38,41.96,1,1,1.0
290,50,711.04,146.77,113.85,55.62,1,1,0.6555
290,51,688.85,181.55,126.87,50.06,1,1,0.1931
290,52,869.12,127.79,91.88,46.01,1,1,1.0
291,32,344.53,243.2,149.27,131.13,1,1,1.0
291,33,518.4,227.2,130.07,95.93,1,1,1.0
291,34,197.33,20.27,24.47,15.93,1,1,0.7882
291,35,197.33,34.13,28.74,15.93,1,1,0.0233
291,36,240.0,9.6,30.87,20.2,1,1,0.8615
291,38,82.13,140.8,68.2,47.93,1,1,1.0
291,39,216.53,22.4,35.14,22.33,1,1,0.7924
291,40,339.2,33.07,37.27,25.53,1,1,0.6266
291,41,177.07,125.87,68.2,49.0,1,1,1.0
291,42,100.27,83.2,44.73,35.13,1,1,1.0
291,43,187.73,76.8,59.67,44.73,1,1,1.0
291,44,426.67,41.6,45.8,26.6,1,1,1.0
291,45,330.67,49.07,45.8,31.93,1,1,1.0
291,46,389.33,83.2,70.34,37.27,1,1,0.3033
291,47,21.33,74.67,36.2,31.93,1,1,1.0
291,48,12.8,338.13,140.73,154.6,1,1,1.0
291,49,618.67,98.13,89.53,40.47,1,1,1.0
291,50,697.6,142.93,110.87,54.34,1,1,0.6783
291,51,675.2,178.13,123.67,47.94,1,1,0.1281
291,52,855.47,122.67,105.53,49.0,1,1,1.0
291,53,914.13,171.73,46.87,35.14,1,1,1.0
291,54,68.27,20.27,30.87,26.6,1,1,1.0
291,55,29.87,27.73,24.47,19.13,1,1,1.0
292,32,356.05,250.45,155.46,137.75,1,1,1.0
292,33,532.69,232.53,136.04,100.84,1,1,1.0
292,35,194.35,33.07,29.8,17.0,1,1,0.0549
292,36,238.51,8.75,29.8,20.84,1,1,0.8555
292,38,84.05,141.87,69.48,50.06,1,1,1.0
292,39,214.4,21.12,34.71,22.76,1,1,0.8665
292,40,336.21,31.79,37.27,25.53,1,1,0.6416
292,41,180.91,127.57,68.41,50.07,1,1,1.0
292,42,101.97,84.27,44.95,35.34,1,1,1.0
292,43,190.51,77.01,60.52,46.23,1,1,1.0
292,44,423.04,40.32,44.95,26.39,1,1,1.0
292,45,326.83,47.79,45.16,31.93,1,1,1.0
292,46,385.71,81.28,67.56,36.2,1,1,0.3151
292,47,21.76,75.09,36.84,31.72,1,1,1.0
292,48,17.28,350.08,145.21,158.44,1,1,1.0
292,49,611.41,96.43,87.83,39.61,1,1,1.0
292,50,686.08,139.73,107.67,51.56,1,1,0.6863
292,51,662.61,173.65,122.18,47.08,1,1,0.1349
292,52,843.31,120.11,117.69,47.93,1,1,0.9827
292,53,901.55,166.4,59.45,38.33,1,1,1.0
292,54,69.97,19.84,30.44,27.03,1,1,1.0
292,55,30.72,27.31,24.68,19.56,1,1,1.0
293,32,367.57,257.71,161.64,144.36,1,1,1.0
293,33,546.99,237.87,142.01,105.74,1,1,1.0
293,35,191.36,32.0,30.87,18.07,1,1,0.0207
293,36,237.01,7.89,28.74,21.48,1,1,0.8527
293,38,85.97,142.93,70.76,52.2,1,1,1.0
293,39,212.27,19.84,34.28,23.19,1,1,0.8618
293,40,333.23,30.51,37.26,25.53,1,1,0.6565
293,41,184.75,129.28,68.62,51.13,1,1,1.0
293,42,103.68,85.33,45.16,35.56,1,1,1.0
293,43,193.28,77.23,61.37,47.72,1,1,1.0
293,44,419.41,39.04,44.1,26.17,1,1,1.0
293,45,322.99,46.51,44.52,31.93,1,1,1.0
293,46,382.08,79.36,64.79,35.13,1,1,0.3029
293,47,22.19,75.52,37.48,31.51,1,1,1.0
293,48,21.76,362.03,149.69,162.28,1,1,1.0
293,49,604.16,94.72,86.12,38.76,1,1,1.0
293,50,674.56,136.53,104.47,48.79,1,1,0.6954
293,51,650.03,169.17,120.68,46.23,1,1,0.1564
293,52,831.15,117.55,112.78,46.86,1,1,0.9653
293,53,888.96,161.07,72.04,41.53,1,1,1.0
293,54,71.68,19.41,30.01,27.45,1,1,1.0
293,55,31.57,26.88,24.89,19.99,1,1,1.0
294,32,379.09,264.96,167.83,150.97,1,1,1.0
294,33,561.28,243.2,147.99,110.65,1,1,1.0
294,35,188.37,30.93,31.94,19.13,1,1,0.0558
294,36,235.52,7.04,27.67,22.12,1,1,0.8533
294,38,87.89,144.0,72.04,54.33,1,1,1.0
294,39,210.13,18.56,33.86,23.61,1,1,0.8569
294,40,330.24,29.23,37.27,25.53,1,1,0.6715
294,41,188.59,130.99,68.84,52.2,1,1,1.0
294,42,105.39,86.4,45.37,35.77,1,1,1.0
294,43,196.05,77.44,62.23,49.21,1,1,1.0
294,44,415.79,37.76,43.24,25.96,1,1,1.0
294,45,319.15,45.23,43.88,31.93,1,1,1.0
294,46,378.45,77.44,62.02,34.07,1,1,0.3836
294,47,22.61,75.95,38.12,31.29,1,1,1.0
294,48,26.24,373.97,154.17,167.03,1,1,1.0
294,49,596.91,93.01,84.41,37.91,1,1,1.0
294,50,663.04,133.33,101.27,46.02,1,1,0.7056
294,51,637.44,164.69,119.19,45.38,1,1,0.165
294,52,818.99,114.99,110.01,45.8,1,1,0.9471
294,53,876.37,155.73,84.63,44.74,1,1,1.0
294,54,73.39,18.99,29.58,27.88,1,1,1.0
294,55,32.43,26.45,25.11,20.41,1,1,1.0
295,32,390.61,272.21,174.02,157.59,1,1,1.0
295,33,575.57,248.53,153.96,115.56,1,1,1.0
295,35,185.39,29.87,33.0,20.2,1,1,0.0249
295,36,234.03,6.19,26.6,22.76,1,1,0.8574
295,38,89.81,145.07,73.32,56.46,1,1,1.0
295,39,208.0,17.28,33.43,24.04,1,1,0.8519
295,40,327.25,27.95,37.27,25.53,1,1,0.6864
295,41,192.43,132.69,69.05,53.27,1,1,1.0
295,42,107.09,87.47,45.59,35.98,1,1,1.0
295,43,198.83,77.65,63.08,50.71,1,1,1.0
295,44,412.16,36.48,42.39,25.75,1,1,1.0
295,45,315.31,43.95,43.24,31.93,1,1,1.0
295,46,374.83,75.52,59.24,33.0,1,1,0.3905
295,47,23.04,76.37,38.76,31.08,1,1,1.0
295,48,30.72,385.92,158.65,155.08,1,1,1.0
295,49,589.65,91.31,82.71,37.05,1,1,1.0
295,50,651.52,130.13,98.07,43.24,1,1,0.7175
295,51,624.85,160.21,117.7,44.52,1,1,0.1939
295,52,806.83,112.43,107.24,44.73,1,1,0.9291
295,53,863.79,150.4,97.21,47.93,1,1,1.0
295,54,75.09,18.56,29.16,28.31,1,1,1.0
295,55,33.28,26.03,25.32,20.84,1,1,1.0
296,32,402.13,279.47,180.2,164.2,1,1,1.0
296,33,589.87,253.87,159.93,120.46,1,1,1.0
296,35,182.4,28.8,34.07,21.27,1,1,0.0564
296,36,232.53,1.0,25.54,27.73,1,1,0.886
296,38,91.73,146.13,74.6,58.6,1,1,1.0
296,39,205.87,16.0,33.0,24.47,1,1,0.8468
296,40,324.27,26.67,37.26,25.53,1,1,0.7014
296,41,196.27,134.4,69.26,54.33,1,1,1.0
296,42,108.8,88.53,45.8,36.2,1,1,1.0
296,43,201.6,77.87,63.93,52.2,1,1,1.0
296,44,408.53,35.2,41.54,25.53,1,1,1.0
296,45,311.47,42.67,42.6,31.93,1,1,1.0
296,46,371.2,73.6,56.47,31.93,1,1,0.4814
296,47,23.47,76.8,39.4,30.87,1,1,1.0
296,48,35.2,397.87,163.13,143.13,1,1,1.0
296,49,582.4,89.6,81.0,36.2,1,1,1.0
296,50,640.0,126.93,94.87,40.47,1,1,0.7311
296,51,612.27,155.73,116.2,43.67,1,1,0.178
296,52,794.67,109.87,104.46,43.66,1,1,0.9111
296,53,851.2,145.07,109.8,51.13,1,1,1.0
296,54,76.8,18.13,28.73,28.73,1,1,1.0
296,55,34.13,25.6,25.53,21.27,1,1,1.0
297,32,416.85,288.85,187.46,169.54,1,1,1.0
297,33,609.28,261.97,165.69,124.52,1,1,1.0
297,35,181.33,27.52,33.22,21.48,1,1,0.0421
297,38,94.51,148.27,74.6,59.24,1,1,1.0
297,39,204.37,15.36,31.72,23.83,1,1,0.8429
297,40,321.71,26.03,36.62,25.75,1,1,0.701
297,41,200.75,136.96,71.18,54.97,1,1,1.0
297,42,111.36,89.17,46.01,36.63,1,1,1.0
297,43,205.44,79.15,64.15,51.98,1,1,1.0
297,44,404.05,34.56,41.54,24.89,1,1,1.0
297,45,308.05,41.81,41.96,31.08,1,1,1.0
297,46,366.29,71.68,56.9,32.15,1,1,0.4473
297,47,24.96,77.87,39.19,31.5,1,1,1.0
297,48,41.17,413.87,160.58,127.13,1,1,1.0
297,49,576.64,87.68,79.51,36.41,1,1,1.0
297,50,630.4,124.16,92.95,40.47,1,1,0.709
297,51,603.95,151.89,112.36,45.16,1,1,0.1811
297,52,784.43,107.52,102.12,43.67,1,1,0.9079
297,53,839.25,142.51,121.75,50.92,1,1,1.0
297,54,77.87,18.99,29.58,28.73,1,1,1.0
297,55,34.99,26.03,25.11,21.48,1,1,1.0
298,32,431.57,298.24,194.71,174.87,1,1,1.0
298,33,628.69,270.08,171.46,128.57,1,1,1.0
298,35,180.27,26.24,32.36,21.69,1,1,0.0
298,38,97.28,150.4,74.6,59.88,1,1,1.0
298,39,202.88,14.72,30.44,23.19,1,1,0.8388
298,40,319.15,25.39,35.98,25.96,1,1,0.7019
298,41,205.23,139.52,73.1,55.61,1,1,1.0
298,42,113.92,89.81,46.23,37.06,1,1,1.0
298,43,209.28,80.43,64.36,51.77,1,1,1.0
298,44,399.57,33.92,41.54,24.25,1,1,1.0
298,45,304.64,40.96,41.32,30.23,1,1,1.0
298,46,361.39,69.76,57.32,32.36,1,1,0.446
298,47,26.45,78.93,38.97,32.15,1,1,1.0
298,48,47.15,429.87,158.01,111.13,1,1,1.0
298,49,570.88,85.76,78.01,36.63,1,1,1.0
298,50,620.8,121.39,91.03,40.46,1,1,0.6877
298,51,595.63,148.05,108.52,46.66,1,1,0.2159
298,52,774.19,105.17,99.77,43.67,1,1,0.9048
298,53,827.31,139.95,113.21,50.7,1,1,1.0
298,54,78.93,19.84,30.44,28.73,1,1,1.0
298,55,35.84,26.45,24.68,21.69,1,1,1.0
299,32,446.29,307.63,201.96,180.2,1,1,1.0
299,33,648.11,278.19,177.21,132.62,1,1,1.0
299,35,179.2,24.96,31.51,21.91,1,1,0.0717
299,38,100.05,152.53,74.6,60.52,1,1,1.0
299,39,201.39,14.08,29.16,22.55,1,1,0.8346
299,40,316.59,24.75,35.34,26.17,1,1,0.704
299,41,209.71,142.08,75.02,56.25,1,1,1.0
299,42,116.48,90.45,46.44,37.48,1,1,1.0
299,43,213.12,81.71,64.57,51.56,1,1,1.0
299,44,395.09,33.28,41.54,23.61,1,1,1.0
299,45,301.23,40.11,40.68,29.37,1,1,1.0
299,46,356.48,67.84,57.75,32.57,1,1,0.4347
299,47,27.95,80.0,38.76,32.79,1,1,1.0
299,48,53.12,445.87,155.45,95.13,1,1,1.0
299,49,565.12,83.84,76.52,36.84,1,1,0.9776
299,50,611.2,118.61,89.11,40.47,1,1,0.6669
299,51,587.31,144.21,104.68,48.15,1,1,0.2498
299,52,763.95,102.83,97.42,43.66,1,1,0.9016
299,53,815.36,137.39,115.99,50.49,1,1,1.0
299,54,80.0,20.69,31.29,28.73,1,1,1.0
299,55,36.69,26.88,24.25,21.91,1,1,1.0
300,32,461.01,317.01,209.22,185.54,1,1,1.0
300,33,667.52,286.29,182.97,136.68,1,1,1.0
300,35,178.13,23.68,30.66,22.12,1,1,0.1049
300,38,102.83,154.67,74.6,61.16,1,1,1.0
300,39,199.89,13.44,27.88,21.91,1,1,0.83
300,40,314.03,24.11,34.7,26.39,1,1,0.7076
300,41,214.19,144.64,76.94,56.89,1,1,1.0
300,42,119.04,91.09,46.65,37.91,1,1,1.0
300,43,216.96,82.99,64.79,51.34,1,1,1.0
300,44,390.61,32.64,41.54,22.97,1,1,1.0
300,45,297.81,39.25,40.04,28.52,1,1,1.0
300,46,351.57,65.92,58.18,32.79,1,1,0.441
300,47,29.44,81.07,38.55,33.42,1,1,1.0
300,48,59.09,461.87,152.9,79.13,1,1,1.0
300,49,559.36,81.92,75.03,37.05,1,1,0.9631
300,50,601.6,115.84,87.19,40.47,1,1,0.6466
300,51,578.99,140.37,100.84,49.64,1,1,0.242
300,52,753.71,100.48,95.08,43.67,1,1,0.8981
300,53,803.41,134.83,118.76,50.28,1,1,1.0
300,54,81.07,21.55,32.14,28.73,1,1,1.0
300,55,37.55,27.31,23.83,22.12,1,1,1.0
301,32,475.73,326.4,216.47,190.87,1,1,1.0
301,33,686.93,294.4,188.74,140.73,1,1,1.0
301,35,177.07,22.4,29.8,22.33,1,1,0.1874
301,38,105.6,156.8,74.6,61.8,1,1,1.0
301,39,198.4,12.8,26.6,21.27,1,1,0.8253
301,40,311.47,23.47,34.06,26.6,1,1,0.7124
301,41,218.67,147.2,78.86,57.53,1,1,1.0
301,42,121.6,91.73,46.87,38.34,1,1,1.0
301,43,220.8,84.27,65.0,51.13,1,1,1.0
301,44,386.13,32.0,41.54,22.33,1,1,1.0
301,45,294.4,38.4,39.4,27.67,1,1,1.0
301,46,346.67,64.0,58.6,33.0,1,1,0.4269
301,47,30.93,82.13,38.33,34.07,1,1,1.0
301,48,65.07,477.87,150.33,63.13,1,1,1.0
301,49,553.6,80.0,73.53,37.27,1,1,0.9462
301,50,592.0,113.07,85.27,40.46,1,1,0.6271
301,51,570.67,136.53,97.0,51.14,1,1,0.2427
301,52,743.47,98.13,92.73,43.67,1,1,0.8947
301,53,791.47,132.27,121.53,50.06,1,1,1.0
301,54,82.13,22.4,33.0,28.73,1,1,1.0
301,55,38.4,27.73,23.4,22.33,1,1,1.0
302,32,494.51,338.35,225.42,202.65,1,1,1.0
302,33,710.61,306.35,184.9,145.85,1,1,1.0
302,35,175.79,22.19,29.58,21.48,1,1,0.1328
302,38,109.01,159.15,74.82,63.08,1,1,1.0
302,40,308.91,23.47,34.06,26.17,1,1,0.7023
302,41,222.93,150.19,81.0,59.02,1,1,1.0
302,42,124.16,93.44,47.72,38.97,1,1,1.0
302,43,224.43,85.76,66.92,52.41,1,1,1.0
302,44,383.15,30.51,40.68,22.55,1,1,1.0
302,45,290.99,36.91,38.76,28.52,1,1,1.0
302,46,342.83,62.93,57.96,32.36,1,1,0.5015
302,47,32.85,82.99,38.76,34.7,1,1,1.0
302,49,547.41,79.15,72.9,36.2,1,1,0.9346
302,50,583.04,110.72,83.56,39.83,1,1,0.6252
302,51,561.71,133.97,96.57,49.22,1,1,0.2505
302,52,733.65,96.21,91.67,42.39,1,1,0.9011
302,53,782.08,129.71,118.76,49.64,1,1,1.0
302,54,83.41,22.61,33.22,28.95,1,1,1.0
302,55,39.68,28.59,23.83,21.91,1,1,1.0
303,32,513.28,350.29,234.39,190.71,1,1,1.0
303,33,734.29,318.29,181.06,150.98,1,1,1.0
303,35,174.51,21.97,29.37,20.63,1,1,0.0983
303,38,112.43,161.49,75.02,64.36,1,1,1.0
303,40,306.35,23.47,34.06,25.75,1,1,0.6956
303,41,227.2,153.17,83.13,60.52,1,1,1.0
303,42,126.72,95.15,48.57,39.61,1,1,1.0
303,43,228.05,87.25,68.84,53.7,1,1,1.0
303,44,380.16,29.01,39.83,22.76,1,1,1.0
303,45,287.57,35.41,38.12,29.37,1,1,1.0
303,46,338.99,61.87,57.32,31.72,1,1,0.5045
303,47,34.77,83.84,39.19,35.35,1,1,1.0
303,49,541.23,78.29,72.25,35.14,1,1,0.9215
303,50,574.08,108.37,81.85,39.19,1,1,0.6233
303,51,552.75,131.41,96.14,47.3,1,1,0.2662
303,52,723.84,94.29,90.6,41.11,1,1,0.9075
303,53,772.69,127.15,115.99,49.21,1,1,1.0
303,54,84.69,22.83,33.43,29.16,1,1,1.0
303,55,40.96,29.44,24.25,21.48,1,1,1.0
304,32,532.05,362.24,243.35,178.76,1,1,1.0
304,33,757.97,330.24,177.22,156.09,1,1,1.0
304,35,173.23,21.76,29.16,19.77,1,1,0.1629
304,38,115.84,163.84,75.24,65.64,1,1,1.0
304,40,303.79,23.47,34.06,25.32,1,1,0.6923
304,41,231.47,156.16,85.26,62.01,1,1,1.0
304,42,129.28,96.85,49.43,40.26,1,1,1.0
304,43,231.68,88.75,70.76,54.97,1,1,1.0
304,44,377.17,27.52,38.98,22.97,1,1,1.0
304,45,284.16,33.92,37.48,30.23,1,1,1.0
304,46,335.15,60.8,56.68,31.08,1,1,0.4967
304,47,36.69,84.69,39.61,35.99,1,1,1.0
304,49,535.04,77.44,71.61,34.07,1,1,0.9067
304,50,565.12,106.03,80.15,38.54,1,1,0.6214
304,51,543.79,128.85,95.72,45.38,1,1,0.2951
304,52,714.03,92.37,89.53,39.83,1,1,0.9141
304,53,763.31,124.59,113.21,48.78,1,1,1.0
304,54,85.97,23.04,33.64,29.37,1,1,1.0
304,55,42.24,30.29,24.68,21.05,1,1,1.0
305,32,550.83,374.19,252.3,166.81,1,1,1.0
305,33,781.65,342.19,179.35,161.21,1,1,1.0
305,35,171.95,21.55,28.94,18.92,1,1,0.1312
305,38,119.25,166.19,75.46,66.92,1,1,1.0
305,40,301.23,23.47,34.06,24.89,1,1,0.6926
305,41,235.73,159.15,87.4,63.5,1,1,1.0
305,42,131.84,98.56,50.28,40.89,1,1,1.0
305,43,235.31,90.24,72.68,56.25,1,1,1.0
305,44,374.19,26.03,38.12,23.19,1,1,1.0
305,45,280.75,32.43,36.84,31.08,1,1,1.0
305,46,331.31,59.73,56.04,30.44,1,1,0.4975
305,47,38.61,85.55,40.04,36.62,1,1,1.0
305,49,528.85,76.59,70.98,33.0,1,1,0.8898
305,50,556.16,103.68,78.44,37.91,1,1,0.6195
305,51,534.83,126.29,95.29,43.46,1,1,0.2955
305,52,704.21,90.45,88.47,38.55,1,1,0.9208
305,53,753.92,122.03,110.44,48.36,1,1,1.0
305,54,87.25,23.25,33.86,29.59,1,1,1.0
305,55,43.52,31.15,25.11,20.63,1,1,1.0
306,32,569.6,386.13,261.27,154.87,1,1,1.0
306,33,805.33,354.13,155.67,166.34,1,1,1.0
306,35,170.67,21.33,28.73,18.07,1,1,0.0722
306,38,122.67,168.53,75.66,68.2,1,1,1.0
306,40,298.67,23.47,34.06,24.47,1,1,0.6968
306,41,240.0,162.13,89.53,65.0,1,1,1.0
306,42,134.4,100.27,51.13,41.53,1,1,1.0
306,43,238.93,91.73,74.6,57.54,1,1,1.0
306,44,371.2,24.53,37.27,23.4,1,1,1.0
306,45,277.33,30.93,36.2,31.93,1,1,1.0
306,46,327.47,58.67,55.4,29.8,1,1,0.4714
306,47,40.53,86.4,40.47,37.27,1,1,1.0
306,49,522.67,75.73,70.33,31.94,1,1,0.8707
306,50,547.2,101.33,76.73,37.27,1,1,0.6177
306,51,525.87,123.73,94.86,41.54,1,1,0.3028
306,52,694.4,88.53,87.4,37.27,1,1,0.9276
306,53,744.53,119.47,107.67,47.93,1,1,1.0
306,54,88.53,23.47,34.07,29.8,1,1,1.0
306,55,44.8,32.0,25.53,20.2,1,1,1.0
307,32,598.19,403.41,251.88,137.59,1,1,1.0
307,35,169.39,20.91,28.09,17.64,1,1,0.0984
307,38,124.16,171.31,78.44,68.62,1,1,1.0
307,40,296.32,22.19,34.07,24.89,1,1,0.7215
307,41,245.97,165.97,90.82,65.86,1,1,1.0
307,42,136.96,101.97,51.77,41.54,1,1,1.0
307,43,243.84,93.44,74.81,58.17,1,1,1.0
307,44,367.79,24.53,37.69,23.19,1,1,1.0
307,45,273.92,30.72,36.84,31.51,1,1,1.0
307,46,323.84,57.81,54.33,29.59,1,1,0.4606
307,47,41.39,87.47,41.75,37.26,1,1,1.0
307,49,517.33,74.03,70.34,32.36,1,1,0.8441
307,50,539.73,98.99,75.67,37.48,1,1,0.6257
307,51,519.04,121.6,92.09,41.32,1,1,0.3084
307,52,686.29,87.25,85.7,36.63,1,1,0.9277
307,53,734.93,117.76,106.39,46.65,1,1,1.0
307,54,89.81,23.68,34.5,30.23,1,1,1.0
307,55,45.44,32.21,26.17,20.63,1,1,1.0
308,32,626.77,420.69,242.5,120.31,1,1,1.0
308,35,168.11,20.48,27.45,17.21,1,1,0.1463
308,38,125.65,174.08,81.22,69.05,1,1,1.0
308,40,293.97,20.91,34.07,25.32,1,1,0.7445
308,41,251.95,169.81,92.09,66.71,1,1,1.0
308,42,139.52,103.68,52.41,41.53,1,1,1.0
308,43,248.75,95.15,75.02,58.81,1,1,1.0
308,44,364.37,24.53,38.12,22.97,1,1,1.0
308,45,270.51,30.51,37.48,31.08,1,1,1.0
308,46,320.21,56.96,53.27,29.37,1,1,0.449
308,47,42.24,88.53,43.03,37.27,1,1,1.0
308,49,512.0,72.32,70.33,32.79,1,1,0.8161
308,50,532.27,96.64,74.6,37.69,1,1,0.634
308,51,512.21,119.47,89.32,41.1,1,1,0.2606
308,52,678.19,85.97,83.98,35.99,1,1,0.928
308,53,725.33,116.05,105.11,45.38,1,1,1.0
308,54,91.09,23.89,34.92,30.65,1,1,1.0
308,55,46.08,32.43,26.81,21.05,1,1,1.0
309,32,655.36,437.97,233.11,103.03,1,1,1.0
309,35,166.83,20.05,26.81,16.79,1,1,0.1757
309,38,127.15,176.85,83.98,69.48,1,1,1.0
309,40,291.63,19.63,34.06,25.75,1,1,0.7665
309,41,257.92,173.65,93.37,67.56,1,1,1.0
309,42,142.08,105.39,53.05,41.53,1,1,1.0
309,43,253.65,96.85,75.24,59.46,1,1,1.0
309,44,360.96,24.53,38.55,22.76,1,1,1.0
309,45,267.09,30.29,38.12,30.65,1,1,1.0
309,46,316.59,56.11,52.2,29.16,1,1,0.417
309,47,43.09,89.6,44.31,37.27,1,1,1.0
309,49,506.67,70.61,70.33,33.22,1,1,0.7869
309,50,524.8,94.29,73.53,37.91,1,1,0.6419
309,51,505.39,117.33,86.54,40.9,1,1,0.2661
309,52,670.08,84.69,82.28,35.35,1,1,0.9283
309,53,715.73,114.35,103.83,44.09,1,1,1.0
309,54,92.37,24.11,35.35,31.08,1,1,1.0
309,55,46.72,32.64,27.45,21.48,1,1,1.0
310,32,683.95,455.25,223.72,85.75,1,1,1.0
310,35,165.55,19.63,26.17,16.36,1,1,0.0665
310,38,128.64,179.63,86.76,69.9,1,1,1.0
310,40,289.28,18.35,34.07,26.17,1,1,0.7869
310,41,263.89,177.49,94.66,68.42,1,1,1.0
310,42,144.64,107.09,53.69,41.54,1,1,1.0
310,43,258.56,98.56,75.45,60.09,1,1,1.0
310,44,357.55,24.53,38.97,22.55,1,1,1.0
310,45,263.68,30.08,38.76,30.23,1,1,1.0
310,46,312.96,55.25,51.13,28.95,1,1,0.4517
310,47,43.95,90.67,45.59,37.26,1,1,1.0
310,49,501.33,68.91,70.34,33.64,1,1,0.7565
310,50,517.33,91.95,72.47,38.12,1,1,0.6502
310,51,498.56,115.2,83.77,40.68,1,1,0.3147
310,52,661.97,83.41,80.58,34.71,1,1,0.9286
310,53,706.13,112.64,102.55,42.81,1,1,1.0
310,54,93.65,24.32,35.78,31.51,1,1,1.0
310,55,47.36,32.85,28.09,21.91,1,1,1.0
311,32,712.53,472.53,214.34,68.47,1,1,1.0
311,35,164.27,19.2,25.53,15.93,1,1,0.0586
311,38,130.13,182.4,89.54,70.33,1,1,1.0
311,40,286.93,17.07,34.07,26.6,1,1,0.806
311,41,269.87,181.33,95.93,69.27,1,1,1.0
311,42,147.2,108.8,54.33,41.53,1,1,1.0
311,43,263.47,100.27,75.66,60.73,1,1,1.0
311,44,354.13,24.53,39.4,22.33,1,1,1.0
311,45,260.27,29.87,39.4,29.8,1,1,1.0
311,46,309.33,54.4,50.07,28.73,1,1,0.421
311,47,44.8,91.73,46.87,37.27,1,1,1.0
311,49,496.0,67.2,70.33,34.07,1,1,0.725
311,50,509.87,89.6,71.4,38.33,1,1,0.6587
311,51,491.73,113.07,81.0,40.46,1,1,0.3349
311,52,653.87,82.13,78.86,34.07,1,1,0.929
311,53,696.53,110.93,101.27,41.54,1,1,1.0
311,54,94.93,24.53,36.2,31.93,1,1,1.0
311,55,48.0,33.07,28.73,22.33,1,1,1.0
312,38,133.97,186.03,90.39,71.18,1,1,1.0
312,40,284.8,16.43,34.07,26.6,1,1,0.8223
312,41,276.48,185.6,98.07,70.76,1,1,1.0
312,42,150.19,110.29,55.4,42.39,1,1,1.0
312,43,267.95,103.04,76.94,61.37,1,1,1.0
312,44,351.57,23.68,38.98,21.91,1,1,1.0
312,45,258.13,29.23,38.34,28.31,1,1,1.0
312,46,306.13,53.55,50.07,28.31,1,1,0.4399
312,47,46.29,93.01,46.44,37.7,1,1,1.0
312,49,491.09,65.92,69.27,33.21,1,1,0.7168
312,50,502.4,87.89,70.33,37.27,1,1,0.6599
312,51,485.55,110.93,79.5,38.76,1,1,0.3591
312,52,646.61,80.21,76.95,34.28,1,1,0.926
312,53,689.28,108.8,98.71,41.96,1,1,1.0
312,54,96.85,24.53,35.99,32.15,1,1,1.0
312,55,49.71,33.07,28.52,22.97,1,1,1.0
313,38,137.81,189.65,91.24,72.04,1,1,1.0
313,40,282.67,15.79,34.06,26.6,1,1,0.8385
313,41,283.09,189.87,100.2,72.25,1,1,1.0
313,42,153.17,111.79,56.47,43.24,1,1,1.0
313,43,272.43,105.81,78.22,62.02,1,1,1.0
313,44,349.01,22.83,38.55,21.48,1,1,1.0
313,45,256.0,28.59,37.27,26.81,1,1,1.0
313,46,302.93,52.69,50.07,27.88,1,1,0.4885
313,47,47.79,94.29,46.01,38.12,1,1,1.0
313,49,486.19,64.64,68.2,32.36,1,1,0.7087
313,50,494.93,86.19,69.27,36.2,1,1,0.6616
313,51,479.36,108.8,78.01,37.05,1,1,0.3646
313,52,639.36,78.29,75.03,34.5,1,1,1.0
313,53,682.03,106.67,96.14,42.38,1,1,1.0
313,54,98.77,24.53,35.78,32.36,1,1,1.0
313,55,51.41,33.07,28.31,23.61,1,1,1.0
314,38,141.65,193.28,92.1,72.89,1,1,1.0
314,40,280.53,15.15,34.07,26.6,1,1,0.8547
314,41,289.71,194.13,102.33,73.75,1,1,1.0
314,42,156.16,113.28,57.53,44.09,1,1,1.0
314,43,276.91,108.59,79.5,62.65,1,1,1.0
314,44,346.45,21.97,38.12,21.05,1,1,1.0
314,45,253.87,27.95,36.2,25.32,1,1,1.0
314,46,299.73,51.84,50.07,27.45,1,1,0.4653
314,47,49.28,95.57,45.59,38.55,1,1,1.0
314,49,481.28,63.36,67.13,31.51,1,1,0.7007
314,50,487.47,84.48,68.2,35.13,1,1,0.664
314,51,473.17,106.67,76.52,35.34,1,1,0.3896
314,52,632.11,76.37,73.1,34.71,1,1,1.0
314,53,674.77,104.53,93.59,42.82,1,1,1.0
314,54,100.69,24.53,35.56,32.57,1,1,1.0
314,55,53.12,33.07,28.09,24.25,1,1,1.0
315,38,145.49,196.91,92.95,73.74,1,1,1.0
315,40,278.4,14.51,34.07,26.6,1,1,0.871
315,41,296.32,198.4,104.47,75.24,1,1,1.0
315,42,159.15,114.77,58.6,44.95,1,1,1.0
315,43,281.39,111.36,80.78,63.29,1,1,1.0
315,44,343.89,21.12,37.7,20.63,1,1,1.0
315,45,251.73,27.31,35.14,23.83,1,1,1.0
315,46,296.53,50.99,50.07,27.03,1,1,0.4075
315,47,50.77,96.85,45.16,38.98,1,1,1.0
315,49,476.37,62.08,66.07,30.65,1,1,0.6929
315,50,480.0,82.77,67.13,34.07,1,1,0.6662
315,51,466.99,104.53,75.02,33.64,1,1,0.4485
315,52,624.85,74.45,71.19,34.92,1,1,1.0
315,53,667.52,102.4,91.03,43.24,1,1,1.0
315,54,102.61,24.53,35.35,32.79,1,1,1.0
315,55,54.83,33.07,27.88,24.89,1,1,1.0
316,38,149.33,200.53,93.8,74.6,1,1,1.0
316,40,276.27,13.87,34.06,26.6,1,1,0.8873
316,41,302.93,202.67,106.6,76.73,1,1,1.0
316,42,162.13,116.27,59.67,45.8,1,1,1.0
316,43,285.87,114.13,82.06,63.94,1,1,1.0
316,44,341.33,20.27,37.27,20.2,1,1,1.0
316,45,249.6,26.67,34.07,22.33,1,1,1.0
316,46,293.33,50.13,50.07,26.6,1,1,0.458
316,47,52.27,98.13,44.73,39.4,1,1,1.0
316,49,471.47,60.8,65.0,29.8,1,1,0.6853
316,50,472.53,81.07,66.07,33.0,1,1,0.6692
316,51,460.8,102.4,73.53,31.93,1,1,0.5238
316,52,617.6,72.53,69.27,35.14,1,1,1.0
316,53,660.27,100.27,88.46,43.66,1,1,1.0
316,54,104.53,24.53,35.14,33.0,1,1,1.0
316,55,56.53,33.07,27.67,25.53,1,1,1.0
317,38,152.32,203.73,95.93,76.31,1,1,1.0
317,40,274.56,13.87,33.21,26.17,1,1,0.8998
317,41,311.04,206.93,109.8,79.94,1,1,1.0
317,42,165.76,118.61,60.73,46.87,1,1,1.0
317,43,291.2,116.27,85.27,65.21,1,1,1.0
317,44,338.77,20.05,36.63,20.2,1,1,1.0
317,45,247.47,25.81,33.21,22.76,1,1,1.0
317,46,289.92,48.85,49.64,27.03,1,1,0.42
317,47,53.97,100.27,45.59,39.82,1,1,1.0
317,49,467.41,60.16,63.72,29.37,1,1,0.6609
317,50,466.35,79.57,65.21,32.15,1,1,0.6683
317,51,455.04,100.27,72.04,32.14,1,1,0.515
317,52,610.77,70.83,67.56,34.92,1,1,1.0
317,53,652.59,98.99,88.04,42.38,1,1,1.0
317,54,106.03,25.81,34.92,33.0,1,1,1.0
317,55,57.6,34.35,28.09,25.96,1,1,1.0
318,38,155.31,206.93,98.06,78.02,1,1,1.0
318,40,272.85,13.87,32.36,25.75,1,1,0.9149
318,41,319.15,211.2,113.0,83.13,1,1,1.0
318,42,169.39,120.96,61.8,47.93,1,1,1.0
318,43,296.53,118.4,88.47,66.49,1,1,1.0
318,44,336.21,19.84,35.99,20.2,1,1,1.0
318,45,245.33,24.96,32.36,23.19,1,1,1.0
318,46,286.51,47.57,49.21,27.45,1,1,0.3898
318,47,55.68,102.4,46.44,40.25,1,1,1.0
318,49,463.36,59.52,62.44,28.95,1,1,0.6485
318,50,460.16,78.08,64.36,31.29,1,1,0.667
318,51,449.28,98.13,70.55,32.36,1,1,0.5059
318,52,603.95,69.12,65.85,34.71,1,1,1.0
318,53,644.91,97.71,87.61,41.1,1,1,1.0
318,54,107.52,27.09,34.71,33.0,1,1,1.0
318,55,58.67,35.63,28.52,26.39,1,1,1.0
319,38,158.29,210.13,100.2,79.72,1,1,1.0
319,40,271.15,13.87,31.5,25.32,1,1,0.9327
319,41,327.25,215.47,116.2,86.33,1,1,1.0
319,42,173.01,123.31,62.87,49.0,1,1,1.0
319,43,301.87,120.53,91.66,67.78,1,1,1.0
319,44,333.65,19.63,35.35,20.2,1,1,1.0
319,45,243.2,24.11,31.51,23.61,1,1,1.0
319,46,283.09,46.29,48.79,27.88,1,1,0.4307
319,47,57.39,104.53,47.29,40.68,1,1,1.0
319,49,459.31,58.88,61.16,28.52,1,1,0.6394
319,50,453.97,76.59,63.51,30.44,1,1,0.6657
319,51,443.52,96.0,69.05,32.57,1,1,0.4963
319,52,597.12,67.41,64.15,34.5,1,1,1.0
319,53,637.23,96.43,87.18,39.82,1,1,1.0
319,54,109.01,28.37,34.5,33.0,1,1,1.0
319,55,59.73,36.91,28.95,26.81,1,1,1.0
320,38,161.28,213.33,102.33,81.43,1,1,1.0
320,40,269.44,13.87,30.65,24.89,1,1,0.9537
320,41,335.36,219.73,119.4,89.54,1,1,1.0
320,42,176.64,125.65,63.93,50.07,1,1,1.0
320,43,307.2,122.67,94.87,69.05,1,1,1.0
320,44,331.09,19.41,34.71,20.2,1,1,1.0
320,45,241.07,23.25,30.65,24.04,1,1,1.0
320,46,279.68,45.01,48.36,28.31,1,1,0.4034
320,47,59.09,106.67,48.15,41.1,1,1,1.0
320,49,455.25,58.24,59.88,28.09,1,1,0.6312
320,50,447.79,75.09,62.65,29.59,1,1,0.6644
320,51,437.76,93.87,67.56,32.78,1,1,0.4863
320,52,590.29,65.71,62.44,34.28,1,1,1.0
320,53,629.55,95.15,86.76,38.54,1,1,1.0
320,54,110.51,29.65,34.28,33.0,1,1,1.0
320,55,60.8,38.19,29.37,27.24,1,1,1.0
321,38,164.27,216.53,104.46,83.14,1,1,1.0
321,40,267.73,13.87,29.8,24.47,1,1,1.0
321,41,343.47,224.0,122.6,92.73,1,1,1.0
321,42,180.27,128.0,65.0,51.13,1,1,1.0
321,43,312.53,124.8,98.07,70.33,1,1,1.0
321,44,328.53,19.2,34.07,20.2,1,1,1.0
321,45,238.93,22.4,29.8,24.47,1,1,1.0
321,46,276.27,43.73,47.93,28.73,1,1,0.4269
321,47,60.8,108.8,49.0,41.53,1,1,1.0
321,49,451.2,57.6,58.6,27.67,1,1,0.6244
321,50,441.6,73.6,61.8,28.73,1,1,0.663
321,51,432.0,91.73,66.07,33.0,1,1,0.4759
321,52,583.47,64.0,60.73,34.07,1,1,1.0
321,53,621.87,93.87,86.33,37.26,1,1,1.0
321,54,112.0,30.93,34.07,33.0,1,1,1.0
321,55,61.87,39.47,29.8,27.67,1,1,1.0
321,56,1.0,131.2,21.33,52.2,1,1,1.0
321,57,1.0,22.4,23.47,39.4,1,1,1.0
321,58,75.73,17.07,31.94,24.47,1,1,1.0
322,38,168.96,221.23,105.96,84.62,1,1,1.0
322,40,265.81,13.23,29.59,24.89,1,1,1.0
322,41,352.85,231.47,126.44,94.44,1,1,1.0
322,42,183.89,130.13,65.43,51.56,1,1,1.0
322,43,318.93,127.57,99.56,72.04,1,1,1.0
322,44,325.76,18.77,33.21,19.77,1,1,1.0
322,45,235.95,21.97,30.01,24.47,1,1,1.0
322,46,273.49,43.31,47.08,28.52,1,1,0.3817
322,47,62.51,110.29,49.0,42.82,1,1,1.0
322,49,446.93,56.53,57.54,27.45,1,1,0.6318
322,50,436.48,72.32,60.31,28.52,1,1,0.6711
322,51,426.45,90.67,65.64,31.93,1,1,0.4627
322,52,577.07,63.36,61.37,33.43,1,1,1.0
322,53,615.04,92.16,85.69,37.27,1,1,1.0
322,54,113.71,31.36,34.92,33.43,1,1,1.0
322,55,62.93,40.53,30.23,26.81,1,1,1.0
322,56,1.0,134.61,23.25,52.2,1,1,1.0
322,57,1.0,23.25,24.11,38.97,1,1,1.0
322,58,77.44,17.71,31.08,24.25,1,1,1.0
323,38,173.65,225.92,107.46,86.12,1,1,1.0
323,40,263.89,12.59,29.38,25.32,1,1,1.0
323,41,362.24,238.93,130.28,96.15,1,1,1.0
323,42,187.52,132.27,65.85,51.98,1,1,1.0
323,43,325.33,130.35,101.06,73.74,1,1,1.0
323,44,322.99,18.35,32.36,19.35,1,1,1.0
323,45,232.96,21.55,30.23,24.47,1,1,1.0
323,46,270.72,42.88,46.23,28.31,1,1,0.3288
323,47,64.21,111.79,49.0,44.09,1,1,1.0
323,49,442.67,55.47,56.46,27.24,1,1,0.6397
323,50,431.36,71.04,58.81,28.31,1,1,0.6794
323,51,420.91,89.6,65.21,30.87,1,1,0.4403
323,52,570.67,62.72,62.01,32.79,1,1,1.0
323,53,608.21,90.45,85.06,37.27,1,1,1.0
323,54,115.41,31.79,35.78,33.85,1,1,1.0
323,55,64.0,41.6,30.65,25.96,1,1,1.0
323,56,1.0,138.03,25.17,52.2,1,1,1.0
323,57,1.0,24.11,24.75,38.55,1,1,1.0
323,58,79.15,18.35,30.22,24.04,1,1,1.0
324,38,178.35,230.61,108.94,87.62,1,1,1.0
324,40,261.97,11.95,29.16,25.75,1,1,1.0
324,41,371.63,246.4,134.12,97.85,1,1,1.0
324,42,191.15,134.4,66.28,52.41,1,1,1.0
324,43,331.73,133.12,102.55,75.45,1,1,1.0
324,44,320.21,17.92,31.51,18.92,1,1,1.0
324,45,229.97,21.12,30.44,24.47,1,1,1.0
324,46,267.95,42.45,45.37,28.09,1,1,0.3452
324,47,65.92,113.28,49.0,45.37,1,1,1.0
324,49,438.4,54.4,55.4,27.03,1,1,0.6481
324,50,426.24,69.76,57.32,28.09,1,1,0.688
324,51,415.36,88.53,64.79,29.8,1,1,0.4398
324,52,564.27,62.08,62.65,32.15,1,1,1.0
324,53,601.39,88.75,84.41,37.26,1,1,1.0
324,54,117.12,32.21,36.63,34.28,1,1,1.0
324,55,65.07,42.67,31.08,25.11,1,1,1.0
324,56,1.0,141.44,27.09,52.2,1,1,1.0
324,57,1.0,24.96,25.39,38.12,1,1,1.0
324,58,80.85,18.99,29.38,23.83,1,1,1.0
325,38,183.04,235.31,110.44,89.1,1,1,1.0
325,40,260.05,11.31,28.95,26.17,1,1,1.0
325,41,381.01,253.87,137.96,99.56,1,1,1.0
325,42,194.77,136.53,66.71,52.84,1,1,1.0
325,43,338.13,135.89,104.04,77.16,1,1,1.0
325,44,317.44,17.49,30.65,18.49,1,1,1.0
325,45,226.99,20.69,30.65,24.47,1,1,1.0
325,46,265.17,42.03,44.52,27.88,1,1,0.3796
325,47,67.63,114.77,49.0,46.66,1,1,1.0
325,49,434.13,53.33,54.34,26.81,1,1,0.6571
325,50,421.12,68.48,55.83,27.88,1,1,0.6969
325,51,409.81,87.47,64.36,28.73,1,1,0.4193
325,52,557.87,61.44,63.29,31.51,1,1,1.0
325,53,594.56,87.04,83.77,37.27,1,1,1.0
325,54,118.83,32.64,37.48,34.71,1,1,1.0
325,55,66.13,43.73,31.51,24.25,1,1,1.0
325,56,1.0,144.85,29.01,52.2,1,1,1.0
325,57,1.0,25.81,26.03,37.69,1,1,1.0
325,58,82.56,19.63,28.52,23.61,1,1,1.0
326,38,187.73,240.0,111.94,90.6,1,1,1.0
326,40,258.13,10.67,28.74,26.6,1,1,1.0
326,41,390.4,261.33,141.8,101.27,1,1,1.0
326,42,198.4,138.67,67.13,53.26,1,1,1.0
326,43,344.53,138.67,105.54,78.86,1,1,1.0
326,44,314.67,17.07,29.8,18.07,1,1,1.0
326,45,224.0,20.27,30.87,24.47,1,1,1.0
326,46,262.4,41.6,43.67,27.67,1,1,0.3133
326,47,69.33,116.27,49.0,47.93,1,1,1.0
326,49,429.87,52.27,53.26,26.6,1,1,0.6668
326,50,416.0,67.2,54.33,27.67,1,1,0.706
326,51,404.27,86.4,63.93,27.67,1,1,0.4001
326,52,551.47,60.8,63.93,30.87,1,1,1.0
326,53,587.73,85.33,83.14,37.27,1,1,1.0
326,54,120.53,33.07,38.34,35.13,1,1,1.0
326,55,67.2,44.8,31.93,23.4,1,1,1.0
326,56,1.0,148.27,30.93,52.2,1,1,1.0
326,57,1.0,26.67,26.67,37.27,1,1,1.0
326,58,84.27,20.27,27.66,23.4,1,1,1.0
326,59,888.53,129.07,72.47,51.13,1,1,1.0
326,60,829.87,212.27,131.13,75.66,1,1,0.2879
327,38,192.21,244.69,114.71,92.52,1,1,1.0
327,40,256.64,10.45,28.52,25.75,1,1,1.0
327,41,402.56,268.37,146.49,105.75,1,1,1.0
327,42,202.24,140.8,69.05,55.19,1,1,1.0
327,43,352.21,142.51,107.67,79.29,1,1,1.0
327,44,312.11,16.43,29.58,18.07,1,1,1.0
327,45,222.29,19.63,30.23,24.04,1,1,1.0
327,46,259.84,40.75,42.81,27.24,1,1,0.3422
327,47,70.83,118.19,49.85,48.36,1,1,1.0
327,49,427.31,51.63,51.56,26.6,1,1,0.6809
327,50,411.09,66.35,53.06,27.45,1,1,0.683
327,51,399.15,84.69,62.65,28.52,1,1,0.3938
327,52,545.71,59.95,62.65,30.23,1,1,1.0
327,53,582.19,84.48,80.57,35.99,1,1,1.0
327,54,122.24,33.92,38.55,35.35,1,1,1.0
327,55,68.91,45.23,31.72,23.83,1,1,1.0
327,56,1.0,150.83,33.49,54.12,1,1,1.0
327,57,1.0,27.09,28.37,38.12,1,1,1.0
327,58,85.55,20.69,28.09,23.83,1,1,1.0
327,59,875.31,126.29,85.69,50.07,1,1,1.0
327,60,814.29,207.15,146.71,72.46,1,1,0.3345
328,38,196.69,249.39,117.48,94.44,1,1,1.0
328,40,255.15,10.24,28.3,24.89,1,1,1.0
328,41,414.72,275.41,151.19,110.23,1,1,1.0
328,42,206.08,142.93,70.97,57.11,1,1,1.0
328,43,359.89,146.35,109.8,79.72,1,1,1.0
328,44,309.55,15.79,29.37,18.07,1,1,1.0
328,45,220.59,18.99,29.58,23.61,1,1,1.0
328,46,257.28,39.89,41.96,26.81,1,1,0.3183
328,47,72.32,120.11,50.71,48.78,1,1,1.0
328,49,424.75,50.99,49.85,26.6,1,1,0.6971
328,50,406.19,65.49,51.77,27.24,1,1,0.6599
328,51,394.03,82.99,61.37,29.37,1,1,0.3114
328,52,539.95,59.09,61.37,29.59,1,1,1.0
328,53,576.64,83.63,78.01,34.7,1,1,1.0
328,54,123.95,34.77,38.76,35.56,1,1,1.0
328,55,70.61,45.65,31.51,24.25,1,1,1.0
328,56,1.0,153.39,36.05,56.04,1,1,1.0
328,57,1.0,27.52,30.08,38.97,1,1,1.0
328,58,86.83,21.12,28.52,24.25,1,1,1.0
328,59,862.08,123.52,98.92,49.0,1,1,1.0
328,60,798.72,202.03,133.05,69.26,1,1,0.2925
329,38,201.17,254.08,120.26,96.36,1,1,1.0
329,40,253.65,10.03,28.1,24.04,1,1,1.0
329,41,426.88,282.45,155.88,114.71,1,1,1.0
329,42,209.92,145.07,72.89,59.02,1,1,1.0
329,43,367.57,150.19,111.94,80.14,1,1,1.0
329,44,306.99,15.15,29.16,18.07,1,1,1.0
329,45,218.88,18.35,28.95,23.19,1,1,1.0
329,46,254.72,39.04,41.11,26.39,1,1,0.2799
329,47,73.81,122.03,51.56,49.21,1,1,1.0
329,49,422.19,50.35,48.14,26.6,1,1,0.7157
329,50,401.28,64.64,50.49,27.03,1,1,0.6368
329,51,388.91,81.28,60.09,30.23,1,1,0.3179
329,52,534.19,58.24,60.09,28.95,1,1,1.0
329,53,571.09,82.77,75.46,33.43,1,1,1.0
329,54,125.65,35.63,38.98,35.77,1,1,1.0
329,55,72.32,46.08,31.29,24.68,1,1,1.0
329,56,1.0,155.95,38.61,57.96,1,1,1.0
329,57,1.0,27.95,31.79,39.83,1,1,1.0
329,58,88.11,21.55,28.94,24.68,1,1,1.0
329,59,848.85,120.75,92.31,47.93,1,1,1.0
329,60,783.15,196.91,127.08,66.06,1,1,0.3238
330,38,205.65,258.77,123.03,98.28,1,1,1.0
330,40,252.16,9.81,27.88,23.19,1,1,1.0
330,41,439.04,289.49,160.57,119.19,1,1,1.0
330,42,213.76,147.2,74.81,60.95,1,1,1.0
330,43,375.25,154.03,114.07,80.57,1,1,1.0
330,44,304.43,14.51,28.94,18.07,1,1,1.0
330,45,217.17,17.71,28.31,22.76,1,1,1.0
330,46,252.16,38.19,40.25,25.96,1,1,0.301
330,47,75.31,123.95,52.41,49.64,1,1,1.0
330,49,419.63,49.71,46.44,26.6,1,1,0.7369
330,50,396.37,63.79,49.22,26.81,1,1,0.6137
330,51,383.79,79.57,58.81,31.08,1,1,0.2738
330,52,528.43,57.39,58.81,28.31,1,1,1.0
330,53,565.55,81.92,72.89,32.15,1,1,1.0
330,54,127.36,36.48,39.19,35.99,1,1,1.0
330,55,74.03,46.51,31.08,25.11,1,1,1.0
330,56,1.0,158.51,41.17,59.88,1,1,1.0
330,57,1.0,28.37,33.49,40.68,1,1,1.0
330,58,89.39,21.97,29.37,25.11,1,1,1.0
330,59,835.63,117.97,95.72,46.87,1,1,1.0
330,60,767.57,191.79,121.11,62.86,1,1,0.3239
331,38,210.13,263.47,125.8,100.2,1,1,1.0
331,40,250.67,9.6,27.66,22.33,1,1,1.0
331,41,451.2,296.53,165.27,123.67,1,1,1.0
331,42,217.6,149.33,76.73,62.87,1,1,1.0
331,43,382.93,157.87,116.2,81.0,1,1,1.0
331,44,301.87,13.87,28.73,18.07,1,1,1.0
331,45,215.47,17.07,27.66,22.33,1,1,1.0
331,46,249.6,37.33,39.4,25.53,1,1,0.3461
331,47,76.8,125.87,53.27,50.06,1,1,1.0
331,49,417.07,49.07,44.73,26.6,1,1,0.761
331,50,391.47,62.93,47.93,26.6,1,1,0.5907
331,51,378.67,77.87,57.53,31.93,1,1,0.2547
331,52,522.67,56.53,57.53,27.67,1,1,1.0
331,53,560.0,81.07,70.33,30.86,1,1,1.0
331,54,129.07,37.33,39.4,36.2,1,1,1.0
331,55,75.73,46.93,30.87,25.53,1,1,1.0
331,56,1.0,161.07,43.73,61.8,1,1,1.0
331,57,1.0,28.8,35.2,41.53,1,1,1.0
331,58,90.67,22.4,29.8,25.53,1,1,1.0
331,59,822.4,115.2,99.13,45.8,1,1,1.0
331,60,752.0,186.67,115.13,59.66,1,1,0.3583
332,38,215.25,268.16,127.94,103.83,1,1,1.0
332,40,249.17,9.17,27.03,22.76,1,1,1.0
332,41,465.71,306.35,174.86,130.7,1,1,1.0
332,42,222.93,152.75,77.16,63.72,1,1,1.0
332,43,391.68,161.92,119.83,84.41,1,1,1.0
332,44,299.95,13.44,29.37,18.28,1,1,1.0
332,45,213.12,16.43,27.67,21.91,1,1,1.0
332,46,247.47,36.48,38.76,25.53,1,1,0.3042
332,47,78.51,128.43,53.9,50.92,1,1,1.0
332,49,413.01,48.0,44.95,26.81,1,1,0.7554
332,50,386.99,61.23,47.72,26.81,1,1,0.6127
332,51,374.61,76.8,56.47,30.65,1,1,0.3158
332,52,517.12,55.04,57.11,28.09,1,1,1.0
332,53,553.81,79.57,70.12,31.08,1,1,1.0
332,54,130.99,38.19,39.82,35.99,1,1,1.0
332,55,76.59,47.79,31.93,25.96,1,1,1.0
332,56,1.0,164.91,45.87,63.08,1,1,1.0
332,57,1.0,29.44,36.05,41.75,1,1,1.0
332,58,92.37,22.83,29.16,25.32,1,1,1.0
332,59,810.67,112.85,97.42,46.02,1,1,1.0
332,60,738.56,183.04,112.15,59.24,1,1,0.3538
333,38,220.37,272.85,130.07,107.46,1,1,1.0
333,40,247.68,8.75,26.39,23.19,1,1,1.0
333,41,480.21,316.16,184.47,137.75,1,1,1.0
333,42,228.27,156.16,77.58,64.57,1,1,1.0
333,43,400.43,165.97,123.45,87.83,1,1,1.0
333,44,298.03,13.01,30.01,18.49,1,1,1.0
333,45,210.77,15.79,27.67,21.48,1,1,1.0
333,46,245.33,35.63,38.12,25.53,1,1,0.3538
333,47,80.21,130.99,54.55,51.77,1,1,1.0
333,49,408.96,46.93,45.16,27.03,1,1,0.751
333,50,382.51,59.52,47.5,27.03,1,1,0.634
333,51,370.56,75.73,55.4,29.38,1,1,0.2852
333,52,511.57,53.55,56.68,28.52,1,1,1.0
333,53,547.63,78.08,69.9,31.29,1,1,1.0
333,54,132.91,39.04,40.25,35.77,1,1,1.0
333,55,77.44,48.64,33.0,26.39,1,1,1.0
333,56,1.0,168.75,48.0,64.36,1,1,1.0
333,57,1.0,30.08,36.91,41.96,1,1,1.0
333,58,94.08,23.25,28.52,25.11,1,1,1.0
333,59,798.93,110.51,95.72,46.22,1,1,1.0
333,60,725.12,179.41,109.16,58.82,1,1,0.3553
334,38,225.49,277.55,132.2,111.08,1,1,1.0
334,40,246.19,8.32,25.74,23.61,1,1,1.0
334,41,494.72,325.97,194.07,144.79,1,1,1.0
334,42,233.6,159.57,78.01,65.43,1,1,1.0
334,43,409.17,170.03,127.08,91.24,1,1,1.0
334,44,296.11,12.59,30.65,18.71,1,1,1.0
334,45,208.43,15.15,27.66,21.05,1,1,1.0
334,46,243.2,34.77,37.48,25.53,1,1,0.375
334,47,81.92,133.55,55.19,52.62,1,1,1.0
334,49,404.91,45.87,45.37,27.24,1,1,0.7474
334,50,378.03,57.81,47.29,27.24,1,1,0.6548
334,51,366.51,74.67,54.33,28.09,1,1,0.3322
334,52,506.03,52.05,56.25,28.95,1,1,1.0
334,53,541.44,76.59,69.69,31.5,1,1,1.0
334,54,134.83,39.89,40.68,35.56,1,1,1.0
334,55,78.29,49.49,34.07,26.81,1,1,1.0
334,56,1.0,172.59,50.13,65.64,1,1,1.0
334,57,1.0,30.72,37.76,42.17,1,1,1.0
334,58,95.79,23.68,27.88,24.89,1,1,1.0
334,59,787.2,108.16,94.01,46.44,1,1,1.0
334,60,711.68,175.79,106.17,58.38,1,1,0.3482
335,38,230.61,282.24,134.34,114.71,1,1,1.0
335,40,244.69,7.89,25.11,24.04,1,1,1.0
335,41,509.23,335.79,203.66,151.82,1,1,1.0
335,42,238.93,162.99,78.44,66.28,1,1,1.0
335,43,417.92,174.08,130.71,94.65,1,1,1.0
335,44,294.19,12.16,31.29,18.92,1,1,1.0
335,45,206.08,14.51,27.67,20.63,1,1,1.0
335,46,241.07,33.92,36.84,25.53,1,1,0.4274
335,47,83.63,136.11,55.82,53.48,1,1,1.0
335,49,400.85,44.8,45.59,27.45,1,1,0.7448
335,50,373.55,56.11,47.08,27.45,1,1,0.675
335,51,362.45,73.6,53.27,26.81,1,1,0.3226
335,52,500.48,50.56,55.83,29.37,1,1,1.0
335,53,535.25,75.09,69.48,31.72,1,1,1.0
335,54,136.75,40.75,41.1,35.35,1,1,1.0
335,55,79.15,50.35,35.13,27.24,1,1,1.0
335,56,1.0,176.43,52.27,66.92,1,1,1.0
335,57,1.0,31.36,38.61,42.39,1,1,1.0
335,58,97.49,24.11,27.24,24.68,1,1,1.0
335,59,775.47,105.81,92.3,46.66,1,1,1.0
335,60,698.24,172.16,103.19,57.96,1,1,0.3107
336,38,235.73,286.93,136.47,118.34,1,1,1.0
336,40,243.2,7.47,24.47,24.47,1,1,1.0
336,41,523.73,345.6,213.27,158.87,1,1,1.0
336,42,244.27,166.4,78.86,67.13,1,1,1.0
336,43,426.67,178.13,134.33,98.07,1,1,1.0
336,44,292.27,11.73,31.93,19.13,1,1,1.0
336,45,203.73,13.87,27.67,20.2,1,1,1.0
336,46,238.93,33.07,36.2,25.53,1,1,0.3714
336,47,85.33,138.67,56.47,54.33,1,1,1.0
336,49,396.8,43.73,45.8,27.67,1,1,0.7434
336,50,369.07,54.4,46.86,27.67,1,1,0.6946
336,51,358.4,72.53,52.2,25.53,1,1,0.2924
336,52,494.93,49.07,55.4,29.8,1,1,1.0
336,53,529.07,73.6,69.26,31.93,1,1,1.0
336,54,138.67,41.6,41.53,35.13,1,1,1.0
336,55,80.0,51.2,36.2,27.67,1,1,1.0
336,56,1.0,180.27,54.4,68.2,1,1,1.0
336,57,1.0,32.0,39.47,42.6,1,1,1.0
336,58,99.2,24.53,26.6,24.47,1,1,1.0
336,59,763.73,103.47,90.6,46.86,1,1,1.0
336,60,684.8,168.53,100.2,57.54,1,1,0.312
337,38,242.13,294.83,141.16,122.17,1,1,1.0
337,40,241.49,7.89,24.47,23.83,1,1,1.0
337,41,542.93,359.25,223.51,160.15,1,1,1.0
337,42,249.39,170.03,81.0,68.41,1,1,1.0
337,43,437.12,183.04,138.17,100.41,1,1,1.0
337,44,289.49,11.73,31.3,18.92,1,1,1.0
337,45,201.81,13.87,27.24,20.41,1,1,1.0
337,46,235.95,33.07,36.62,24.68,1,1,0.3931
337,47,87.25,141.65,57.54,54.98,1,1,1.0
337,49,392.75,43.73,45.58,27.24,1,1,0.7556
337,50,364.59,53.97,46.01,27.24,1,1,0.6787
337,51,354.13,71.47,51.78,25.75,1,1,0.3397
337,52,490.45,48.64,54.76,29.8,1,1,1.0
337,53,523.95,73.17,67.98,31.08,1,1,1.0
337,54,140.59,42.45,41.96,36.2,1,1,1.0
337,55,81.49,52.48,36.84,28.31,1,1,1.0
337,56,1.0,185.17,58.24,70.34,1,1,1.0
337,57,1.0,33.49,40.11,42.39,1,1,1.0
337,58,99.84,24.96,27.45,24.68,1,1,1.0
337,59,754.56,102.61,88.25,44.95,1,1,1.0
337,60,673.07,165.55,98.06,55.82,1,1,0.3089
338,38,248.53,302.72,145.86,126.01,1,1,1.0
338,40,239.79,8.32,24.46,23.19,1,1,1.0
338,41,562.13,372.91,233.75,161.42,1,1,1.0
338,42,254.51,173.65,83.13,69.7,1,1,1.0
338,43,447.57,187.95,142.02,102.76,1,1,1.0
338,44,286.72,11.73,30.65,18.71,1,1,1.0
338,45,199.89,13.87,26.82,20.63,1,1,1.0
338,46,232.96,33.07,37.05,23.83,1,1,0.3925
338,47,89.17,144.64,58.6,55.61,1,1,1.0
338,49,388.69,43.73,45.38,26.81,1,1,0.7684
338,50,360.11,53.55,45.16,26.81,1,1,0.6619
338,51,349.87,70.4,51.34,25.96,1,1,0.2974
338,52,485.97,48.21,54.12,29.8,1,1,1.0
338,53,518.83,72.75,66.7,30.22,1,1,1.0
338,54,142.51,43.31,42.38,37.27,1,1,1.0
338,55,82.99,53.76,37.48,28.95,1,1,1.0
338,56,1.0,190.08,62.08,72.47,1,1,1.0
338,57,1.0,34.99,40.75,42.17,1,1,1.0
338,58,100.48,25.39,28.31,24.89,1,1,1.0
338,59,745.39,101.76,85.9,43.03,1,1,1.0
338,60,661.33,162.56,95.94,54.12,1,1,0.2923
339,38,254.93,310.61,150.55,129.86,1,1,1.0
339,40,238.08,8.75,24.47,22.55,1,1,1.0
339,41,581.33,386.56,243.99,154.44,1,1,1.0
339,42,259.63,177.28,85.26,70.97,1,1,1.0
339,43,458.03,192.85,145.85,105.11,1,1,1.0
339,44,283.95,11.73,30.01,18.49,1,1,1.0
339,45,197.97,13.87,26.39,20.84,1,1,1.0
339,46,229.97,33.07,37.48,22.97,1,1,0.3107
339,47,91.09,147.63,59.67,56.25,1,1,1.0
339,49,384.64,43.73,45.16,26.39,1,1,0.7819
339,50,355.63,53.12,44.3,26.39,1,1,0.6441
339,51,345.6,69.33,50.92,26.17,1,1,0.3556
339,52,481.49,47.79,53.48,29.8,1,1,1.0
339,53,513.71,72.32,65.42,29.37,1,1,1.0
339,54,144.43,44.16,42.81,38.33,1,1,1.0
339,55,84.48,55.04,38.12,29.59,1,1,1.0
339,56,1.0,194.99,65.92,74.6,1,1,1.0
339,57,1.0,36.48,41.39,41.96,1,1,1.0
339,58,101.12,25.81,29.16,25.11,1,1,1.0
339,59,736.21,100.91,83.56,41.1,1,1,1.0
339,60,649.6,159.57,93.8,52.42,1,1,0.2815
340,38,261.33,318.51,155.24,133.69,1,1,1.0
340,40,236.37,9.17,24.47,21.91,1,1,1.0
340,41,600.53,400.21,254.23,140.79,1,1,1.0
340,42,264.75,180.91,87.4,72.25,1,1,1.0
340,43,468.48,197.76,149.69,107.45,1,1,1.0
340,44,281.17,11.73,29.38,18.28,1,1,1.0
340,45,196.05,13.87,25.96,21.05,1,1,1.0
340,46,226.99,33.07,37.9,22.12,1,1,0.34
340,47,93.01,150.61,60.74,56.9,1,1,1.0
340,49,380.59,43.73,44.94,25.96,1,1,0.7959
340,50,351.15,52.69,43.45,25.96,1,1,0.6254
340,51,341.33,68.27,50.5,26.39,1,1,0.3025
340,52,477.01,47.36,52.84,29.8,1,1,1.0
340,53,508.59,71.89,64.14,28.52,1,1,1.0
340,54,146.35,45.01,43.24,39.4,1,1,1.0
340,55,85.97,56.32,38.76,30.23,1,1,1.0
340,56,1.0,199.89,69.76,76.74,1,1,1.0
340,57,1.0,37.97,42.03,41.75,1,1,1.0
340,58,101.76,26.24,30.01,25.32,1,1,1.0
340,59,727.04,100.05,81.21,39.19,1,1,1.0
340,60,637.87,156.59,91.66,50.7,1,1,0.2755
341,38,267.73,326.4,159.94,137.53,1,1,1.0
341,40,234.67,9.6,24.46,21.27,1,1,1.0
341,41,619.73,413.87,264.47,127.13,1,1,1.0
341,42,269.87,184.53,89.53,73.54,1,1,1.0
341,43,478.93,202.67,153.54,109.8,1,1,1.0
341,44,278.4,11.73,28.73,18.07,1,1,1.0
341,45,194.13,13.87,25.54,21.27,1,1,1.0
341,46,224.0,33.07,38.33,21.27,1,1,0.232
341,47,94.93,153.6,61.8,57.53,1,1,1.0
341,49,376.53,43.73,44.74,25.53,1,1,0.8104
341,50,346.67,52.27,42.6,25.53,1,1,0.6057
341,51,337.07,67.2,50.06,26.6,1,1,0.2714
341,52,472.53,46.93,52.2,29.8,1,1,1.0
341,53,503.47,71.47,62.86,27.67,1,1,1.0
341,54,148.27,45.87,43.66,40.47,1,1,1.0
341,55,87.47,57.6,39.4,30.87,1,1,1.0
341,56,1.0,204.8,73.6,78.87,1,1,1.0
341,57,1.0,39.47,42.67,41.53,1,1,1.0
341,58,102.4,26.67,30.87,25.53,1,1,1.0
341,59,717.87,99.2,78.86,37.27,1,1,1.0
341,60,626.13,153.6,89.54,49.0,1,1,0.2587
342,38,275.2,334.29,164.2,142.87,1,1,1.0
342,40,232.53,9.17,24.68,21.48,1,1,1.0
342,41,645.76,431.15,252.95,109.85,1,1,1.0
342,42,276.27,188.8,91.66,75.03,1,1,1.0
342,43,490.88,208.21,159.29,113.86,1,1,1.0
342,44,276.69,11.95,27.88,17.43,1,1,1.0
342,45,192.21,13.23,25.32,21.69,1,1,1.0
342,46,221.44,32.21,37.91,21.69,1,1,0.2844
342,47,96.43,156.16,62.86,58.81,1,1,1.0
342,49,372.91,43.31,44.73,24.89,1,1,0.8154
342,50,342.61,51.2,42.39,25.11,1,1,0.6172
342,51,333.65,66.13,49.0,26.39,1,1,0.3032
342,52,467.63,46.51,51.34,28.52,1,1,1.0
342,53,498.56,70.61,62.44,27.67,1,1,1.0
342,54,150.19,46.51,44.3,40.68,1,1,1.0
342,55,89.39,58.45,39.18,31.08,1,1,1.0
342,56,1.0,210.13,77.01,82.07,1,1,1.0
342,57,1.0,40.32,44.16,42.6,1,1,1.0
342,58,103.47,27.31,31.5,26.17,1,1,1.0
342,59,708.91,96.64,77.8,37.48,1,1,1.0
342,60,615.25,150.61,89.11,47.94,1,1,0.244
343,38,282.67,342.19,168.46,148.2,1,1,1.0
343,40,230.4,8.75,24.89,21.69,1,1,1.0
343,41,671.79,448.43,241.42,92.57,1,1,1.0
343,42,282.67,193.07,93.8,76.52,1,1,1.0
343,43,502.83,213.76,165.05,117.91,1,1,1.0
343,44,274.99,12.16,27.02,16.79,1,1,1.0
343,45,190.29,12.59,25.11,22.12,1,1,1.0
343,46,218.88,31.36,37.48,22.12,1,1,0.3421
343,47,97.92,158.72,63.93,60.09,1,1,1.0
343,49,369.28,42.88,44.73,24.25,1,1,0.8206
343,50,338.56,50.13,42.17,24.68,1,1,0.6291
343,51,330.24,65.07,47.93,26.17,1,1,0.2741
343,52,462.72,46.08,50.49,27.24,1,1,1.0
343,53,493.65,69.76,62.02,27.67,1,1,1.0
343,54,152.11,47.15,44.94,40.89,1,1,1.0
343,55,91.31,59.31,38.97,31.29,1,1,1.0
343,56,1.0,215.47,80.43,85.26,1,1,1.0
343,57,1.0,41.17,45.65,43.67,1,1,1.0
343,58,104.53,27.95,32.15,26.81,1,1,1.0
343,59,699.95,94.08,76.73,37.69,1,1,1.0
343,60,604.37,147.63,88.68,46.86,1,1,0.2217
344,38,290.13,350.08,172.74,153.53,1,1,1.0
344,40,228.27,8.32,25.1,21.91,1,1,1.0
344,41,697.81,465.71,229.91,75.29,1,1,1.0
344,42,289.07,197.33,95.93,78.02,1,1,1.0
344,43,514.77,219.31,170.82,121.96,1,1,1.0
344,44,273.28,12.37,26.17,16.15,1,1,1.0
344,45,188.37,11.95,24.9,22.55,1,1,1.0
344,46,216.32,30.51,37.05,22.55,1,1,0.2535
344,47,99.41,161.28,65.0,61.37,1,1,1.0
344,49,365.65,42.45,44.74,23.61,1,1,0.8259
344,50,334.51,49.07,41.96,24.25,1,1,0.6412
344,51,326.83,64.0,46.86,25.96,1,1,0.3356
344,52,457.81,45.65,49.64,25.96,1,1,1.0
344,53,488.75,68.91,61.58,27.67,1,1,1.0
344,54,154.03,47.79,45.58,41.11,1,1,1.0
344,55,93.23,60.16,38.76,31.51,1,1,1.0
344,56,1.0,220.8,83.84,88.47,1,1,1.0
344,57,1.0,42.03,47.15,44.73,1,1,1.0
344,58,105.6,28.59,32.79,27.45,1,1,1.0
344,59,690.99,91.52,75.66,37.91,1,1,1.0
344,60,593.49,144.64,88.26,45.8,1,1,0.2588
345,38,297.6,357.97,177.0,158.87,1,1,1.0
345,40,226.13,7.89,25.32,22.12,1,1,1.0
345,41,723.84,482.99,218.39,58.01,1,1,1.0
345,42,295.47,201.6,98.06,79.51,1,1,1.0
345,43,526.72,224.85,176.57,126.02,1,1,1.0
345,44,271.57,12.59,25.32,15.51,1,1,1.0
345,45,186.45,11.31,24.68,22.97,1,1,1.0
345,46,213.76,29.65,36.63,22.97,1,1,0.281
345,47,100.91,163.84,66.06,62.65,1,1,1.0
345,49,362.03,42.03,44.73,22.97,1,1,0.8318
345,50,330.45,48.0,41.75,23.83,1,1,0.6535
345,51,323.41,62.93,45.8,25.75,1,1,0.2872
345,52,452.91,45.23,48.78,24.68,1,1,1.0
345,53,483.84,68.05,61.16,27.67,1,1,1.0
345,54,155.95,48.43,46.22,41.32,1,1,1.0
345,55,95.15,61.01,38.54,31.72,1,1,1.0
345,56,1.0,226.13,87.25,91.67,1,1,1.0
345,57,1.0,42.88,48.64,45.8,1,1,1.0
345,58,106.67,29.23,33.42,28.09,1,1,1.0
345,59,682.03,88.96,74.6,38.12,1,1,1.0
345,60,582.61,141.65,87.83,44.74,1,1,0.2313
346,38,305.07,365.87,181.26,164.2,1,1,1.0
346,40,224.0,7.47,25.53,22.33,1,1,1.0
346,41,749.87,500.27,211.13,40.73,1,1,1.0
346,42,301.87,205.87,100.2,81.0,1,1,1.0
346,43,538.67,230.4,182.33,130.07,1,1,1.0
346,44,269.87,12.8,24.46,14.87,1,1,1.0
346,45,184.53,10.67,24.47,23.4,1,1,1.0
346,46,211.2,28.8,36.2,23.4,1,1,0.248
346,47,102.4,166.4,67.13,63.93,1,1,1.0
346,49,358.4,41.6,44.73,22.33,1,1,0.8378
346,50,326.4,46.93,41.53,23.4,1,1,0.6661
346,51,320.0,61.87,44.73,25.53,1,1,0.2559
346,52,448.0,44.8,47.93,23.4,1,1,1.0
346,53,478.93,67.2,60.74,27.67,1,1,1.0
346,54,157.87,49.07,46.86,41.53,1,1,1.0
346,55,97.07,61.87,38.33,31.93,1,1,1.0
346,56,1.0,231.47,90.67,94.86,1,1,1.0
346,57,1.0,43.73,50.13,46.87,1,1,1.0
346,58,107.73,29.87,34.07,28.73,1,1,1.0
346,59,673.07,86.4,73.53,38.33,1,1,1.0
346,60,571.73,138.67,87.4,43.66,1,1,0.2173
346,61,34.13,27.73,28.73,22.33,1,1,1.0
347,38,313.81,375.25,187.24,165.75,1,1,1.0
347,40,222.29,6.83,25.32,22.33,1,1,1.0
347,42,309.55,211.41,102.76,82.71,1,1,1.0
347,43,555.52,236.8,190.87,134.76,1,1,1.0
347,44,267.73,11.95,24.9,15.08,1,1,1.0
347,45,182.83,10.67,24.89,22.55,1,1,1.0
347,46,209.49,28.59,35.78,22.97,1,1,0.2761
347,47,104.53,170.24,68.42,64.57,1,1,1.0
347,49,355.41,40.53,43.88,22.76,1,1,0.8522
347,50,322.77,46.29,41.32,22.97,1,1,0.6771
347,51,316.16,61.23,44.73,24.89,1,1,0.2721
347,52,443.73,44.16,47.51,23.19,1,1,1.0
347,53,474.24,66.13,59.88,28.09,1,1,1.0
347,54,160.64,49.92,46.87,42.17,1,1,1.0
347,55,98.56,63.36,38.55,31.72,1,1,1.0
347,56,1.0,238.51,95.57,96.78,1,1,1.0
347,57,1.0,44.16,50.99,47.29,1,1,1.0
347,58,108.8,30.51,34.71,29.37,1,1,1.0
347,59,665.17,84.91,73.11,38.54,1,1,1.0
347,60,562.99,136.53,85.48,42.6,1,1,0.2345
347,61,35.2,27.95,28.73,23.61,1,1,1.0
348,38,322.56,384.64,193.21,156.36,1,1,1.0
348,40,220.59,6.19,25.1,22.33,1,1,1.0
348,42,317.23,216.96,105.32,84.41,1,1,1.0
348,43,572.37,243.2,199.4,139.45,1,1,1.0
348,44,265.6,11.09,25.32,15.29,1,1,1.0
348,45,181.12,10.67,25.32,21.69,1,1,1.0
348,46,207.79,28.37,35.34,22.55,1,1,0.2568
348,47,106.67,174.08,69.69,65.21,1,1,1.0
348,49,352.43,39.47,43.02,23.19,1,1,0.8667
348,50,319.15,45.65,41.1,22.55,1,1,0.6886
348,51,312.32,60.59,44.73,24.25,1,1,0.2241
348,52,439.47,43.52,47.08,22.97,1,1,1.0
348,53,469.55,65.07,59.02,28.52,1,1,1.0
348,54,163.41,50.77,46.87,42.81,1,1,1.0
348,55,100.05,64.85,38.76,31.51,1,1,1.0
348,56,1.0,245.55,100.48,98.7,1,1,1.0
348,57,1.0,44.59,51.84,47.72,1,1,1.0
348,58,109.87,31.15,35.34,30.01,1,1,1.0
348,59,657.28,83.41,72.68,38.76,1,1,1.0
348,60,554.24,134.4,83.56,41.53,1,1,0.183
348,61,36.27,28.16,28.73,24.89,1,1,1.0
349,38,331.31,394.03,199.18,146.97,1,1,1.0
349,40,218.88,1.0,24.89,26.88,1,1,1.0
349,42,324.91,222.51,107.88,86.12,1,1,1.0
349,43,589.23,249.6,207.93,144.15,1,1,1.0
349,44,263.47,10.24,25.74,15.51,1,1,1.0
349,45,179.41,10.67,25.75,20.84,1,1,1.0
349,46,206.08,28.16,34.92,22.12,1,1,0.264
349,47,108.8,177.92,70.97,65.85,1,1,1.0
349,49,349.44,38.4,42.17,23.61,1,1,0.881
349,50,315.52,45.01,40.89,22.12,1,1,0.7006
349,51,308.48,59.95,44.73,23.61,1,1,0.1991
349,52,435.2,42.88,46.65,22.76,1,1,1.0
349,53,464.85,64.0,58.18,28.95,1,1,1.0
349,54,166.19,51.63,46.86,43.45,1,1,1.0
349,55,101.55,66.35,38.97,31.29,1,1,1.0
349,56,1.0,252.59,105.39,100.62,1,1,1.0
349,57,1.0,45.01,52.69,48.15,1,1,1.0
349,58,110.93,31.79,35.99,30.65,1,1,1.0
349,59,649.39,81.92,72.25,38.97,1,1,1.0
349,60,545.49,132.27,81.64,40.46,1,1,0.1974
349,61,37.33,28.37,28.73,26.17,1,1,1.0
350,38,340.05,403.41,205.16,137.59,1,1,1.0
350,40,217.17,1.0,24.68,26.24,1,1,1.0
350,42,332.59,228.05,110.44,87.83,1,1,1.0
350,43,606.08,256.0,216.47,148.84,1,1,1.0
350,44,261.33,9.39,26.18,15.72,1,1,1.0
350,45,177.71,10.67,26.17,19.99,1,1,1.0
350,46,204.37,27.95,34.5,21.69,1,1,0.2163
350,47,110.93,181.76,72.26,66.49,1,1,1.0
350,49,346.45,37.33,41.32,24.04,1,1,0.8953
350,50,311.89,44.37,40.68,21.69,1,1,0.7129
350,51,304.64,59.31,44.73,22.97,1,1,0.2109
350,52,430.93,42.24,46.23,22.55,1,1,1.0
350,53,460.16,62.93,57.32,29.37,1,1,1.0
350,54,168.96,52.48,46.87,44.09,1,1,1.0
350,55,103.04,67.84,39.19,31.08,1,1,1.0
350,56,1.0,259.63,110.29,102.54,1,1,1.0
350,57,1.0,45.44,53.55,48.57,1,1,1.0
350,58,112.0,32.43,36.63,31.29,1,1,1.0
350,59,641.49,80.43,71.83,39.18,1,1,1.0
350,60,536.75,130.13,79.72,39.4,1,1,0.2132
350,61,38.4,28.59,28.73,27.45,1,1,1.0
351,38,348.8,412.8,211.13,128.2,1,1,1.0
351,40,215.47,1.0,24.46,25.6,1,1,1.0
351,42,340.27,233.6,113.0,89.53,1,1,1.0
351,43,622.93,262.4,225.0,153.53,1,1,1.0
351,44,259.2,8.53,26.6,15.93,1,1,1.0
351,45,176.0,10.67,26.6,19.13,1,1,1.0
351,46,202.67,27.73,34.06,21.27,1,1,0.2006
351,47,113.07,185.6,73.53,67.13,1,1,1.0
351,49,343.47,36.27,40.46,24.47,1,1,0.9097
351,50,308.27,43.73,40.46,21.27,1,1,0.7258
351,51,300.8,58.67,44.73,22.33,1,1,0.2682
351,52,426.67,41.6,45.8,22.33,1,1,1.0
351,53,455.47,61.87,56.46,29.8,1,1,1.0
351,54,171.73,53.33,46.87,44.73,1,1,1.0
351,55,104.53,69.33,39.4,30.87,1,1,1.0
351,56,1.0,266.67,115.2,104.46,1,1,1.0
351,57,1.0,45.87,54.4,49.0,1,1,1.0
351,58,113.07,33.07,37.26,31.93,1,1,1.0
351,59,633.6,78.93,71.4,39.4,1,1,1.0
351,60,528.0,128.0,77.8,38.33,1,1,0.1565
351,61,39.47,28.8,28.73,28.73,1,1,1.0
352,38,361.39,425.6,205.37,115.4,1,1,1.0
352,42,349.65,239.36,116.2,92.09,1,1,1.0
352,43,644.27,272.43,228.2,160.57,1,1,1.0
352,46,201.39,26.88,33.0,20.84,1,1,0.2935
352,47,116.48,189.23,74.81,69.48,1,1,1.0
352,49,340.69,36.27,40.26,24.47,1,1,0.9171
352,50,305.07,43.09,40.25,21.27,1,1,0.7057
352,51,297.6,57.6,44.73,22.12,1,1,0.2383
352,52,423.47,40.75,44.94,22.33,1,1,1.0
352,53,451.84,61.01,55.83,29.37,1,1,1.0
352,54,173.87,54.61,48.14,45.37,1,1,1.0
352,55,106.45,69.97,39.83,31.72,1,1,1.0
352,56,15.36,274.77,107.24,108.95,1,1,1.0
352,57,12.37,46.93,44.95,48.79,1,1,1.0
352,58,114.99,33.49,36.62,31.72,1,1,1.0
352,59,626.77,77.65,69.48,38.76,1,1,1.0
352,60,520.11,125.87,76.52,37.48,1,1,0.1729
352,61,40.32,29.65,29.16,27.88,1,1,1.0
353,38,373.97,438.4,199.62,102.6,1,1,1.0
353,42,359.04,245.12,119.4,94.65,1,1,1.0
353,43,665.6,282.45,231.4,167.62,1,1,1.0
353,46,200.11,26.03,31.93,20.41,1,1,0.2926
353,47,119.89,192.85,76.1,71.83,1,1,1.0
353,49,337.92,36.27,40.04,24.47,1,1,0.9255
353,50,301.87,42.45,40.04,21.27,1,1,0.6855
353,51,294.4,56.53,44.73,21.91,1,1,0.2517
353,52,420.27,39.89,44.09,22.33,1,1,1.0
353,53,448.21,60.16,55.19,28.95,1,1,1.0
353,54,176.0,55.89,49.43,46.02,1,1,1.0
353,55,108.37,70.61,40.26,32.58,1,1,1.0
353,56,18.99,282.88,110.01,113.43,1,1,1.0
353,57,14.08,48.0,45.16,48.57,1,1,1.0
353,58,116.91,33.92,35.98,31.51,1,1,1.0
353,59,619.95,76.37,67.56,38.12,1,1,1.0
353,60,512.21,123.73,75.24,36.63,1,1,0.1761
353,61,41.17,30.51,29.59,27.03,1,1,1.0
354,38,386.56,451.2,193.85,89.8,1,1,1.0
354,42,368.43,250.88,122.6,97.21,1,1,1.0
354,43,686.93,292.48,234.6,174.65,1,1,1.0
354,46,198.83,25.17,30.86,19.99,1,1,0.3888
354,47,123.31,196.48,77.37,74.17,1,1,1.0
354,49,335.15,36.27,39.82,24.47,1,1,0.9351
354,50,298.67,41.81,39.82,21.27,1,1,0.665
354,51,291.2,55.47,44.73,21.69,1,1,0.2304
354,52,417.07,39.04,43.24,22.33,1,1,1.0
354,53,444.59,59.31,54.54,28.52,1,1,1.0
354,54,178.13,57.17,50.71,46.66,1,1,1.0
354,55,110.29,71.25,40.68,33.43,1,1,1.0
354,56,22.61,290.99,112.79,117.9,1,1,1.0
354,57,15.79,49.07,45.37,48.36,1,1,1.0
354,58,118.83,34.35,35.34,31.29,1,1,1.0
354,59,613.12,75.09,65.64,37.48,1,1,1.0
354,60,504.32,121.6,73.96,35.77,1,1,0.1893
354,61,42.03,31.36,30.01,26.17,1,1,1.0
355,38,399.15,464.0,188.09,77.0,1,1,1.0
355,42,377.81,256.64,125.8,99.77,1,1,1.0
355,43,708.27,302.51,237.8,181.69,1,1,1.0
355,46,197.55,24.32,29.8,19.56,1,1,0.4089
355,47,126.72,200.11,78.65,76.52,1,1,1.0
355,49,332.37,36.27,39.62,24.47,1,1,0.9453
355,50,295.47,41.17,39.61,21.27,1,1,0.6444
355,51,288.0,54.4,44.73,21.48,1,1,0.2607
355,52,413.87,38.19,42.38,22.33,1,1,1.0
355,53,440.96,58.45,53.91,28.09,1,1,1.0
355,54,180.27,58.45,51.98,47.3,1,1,1.0
355,55,112.21,71.89,41.11,34.28,1,1,1.0
355,56,26.24,299.09,115.56,122.39,1,1,1.0
355,57,17.49,50.13,45.59,48.15,1,1,1.0
355,58,120.75,34.77,34.7,31.08,1,1,1.0
355,59,606.29,73.81,63.72,36.84,1,1,1.0
355,60,496.43,119.47,72.68,34.92,1,1,0.1882
355,61,42.88,32.21,30.44,25.32,1,1,1.0
356,38,411.73,476.8,182.34,64.2,1,1,1.0
356,42,387.2,262.4,129.0,102.33,1,1,1.0
356,43,729.6,312.53,231.4,188.74,1,1,1.0
356,46,196.27,23.47,28.73,19.13,1,1,0.3415
356,47,130.13,203.73,79.94,78.87,1,1,1.0
356,49,329.6,36.27,39.4,24.47,1,1,0.9566
356,50,292.27,40.53,39.4,21.27,1,1,0.6235
356,51,284.8,53.33,44.73,21.27,1,1,0.2496
356,52,410.67,37.33,41.53,22.33,1,1,1.0
356,53,437.33,57.6,53.27,27.67,1,1,1.0
356,54,182.4,59.73,53.27,47.94,1,1,1.0
356,55,114.13,72.53,41.54,35.14,1,1,1.0
356,56,29.87,307.2,118.33,126.87,1,1,1.0
356,57,19.2,51.2,45.8,47.93,1,1,1.0
356,58,122.67,35.2,34.06,30.87,1,1,1.0
356,59,599.47,72.53,61.8,36.2,1,1,1.0
356,60,488.53,117.33,71.4,34.07,1,1,0.1488
356,61,43.73,33.07,30.87,24.47,1,1,1.0
357,42,399.79,269.23,133.05,105.96,1,1,1.0
357,43,757.55,324.05,203.45,183.83,1,1,1.0
357,46,194.35,23.04,28.94,19.56,1,1,0.3623
357,47,133.97,208.64,81.43,80.57,1,1,1.0
357,49,327.47,35.41,39.4,24.04,1,1,0.9697
357,50,289.92,39.25,38.97,21.48,1,1,0.6452
357,51,282.24,52.48,43.67,20.63,1,1,0.2728
357,52,407.47,36.48,41.32,22.33,1,1,1.0
357,53,433.49,56.11,53.06,27.67,1,1,1.0
357,54,185.6,60.8,53.69,48.15,1,1,1.0
357,55,117.12,73.81,42.17,35.35,1,1,1.0
357,56,33.71,317.23,124.3,133.26,1,1,1.0
357,57,20.05,52.27,45.59,48.78,1,1,1.0
357,58,124.37,36.05,35.35,30.65,1,1,1.0
357,59,592.85,71.25,61.59,35.35,1,1,1.0
357,60,482.77,114.77,69.48,34.5,1,1,0.2312
357,61,45.01,33.71,30.87,24.89,1,1,1.0
358,42,412.37,276.05,137.11,109.59,1,1,1.0
358,43,785.49,335.57,175.51,178.92,1,1,1.0
358,46,192.43,22.61,29.16,19.99,1,1,0.3823
358,47,137.81,213.55,82.92,82.28,1,1,1.0
358,49,325.33,34.56,39.4,23.61,1,1,1.0
358,50,287.57,37.97,38.55,21.69,1,1,0.6663
358,51,279.68,51.63,42.6,19.99,1,1,0.3544
358,52,404.27,35.63,41.1,22.33,1,1,1.0
358,53,429.65,54.61,52.84,27.67,1,1,1.0
358,54,188.8,61.87,54.12,48.36,1,1,1.0
358,55,120.11,75.09,42.81,35.56,1,1,1.0
358,56,37.55,327.25,130.28,139.67,1,1,1.0
358,57,20.91,53.33,45.37,49.64,1,1,1.0
358,58,126.08,36.91,36.63,30.44,1,1,1.0
358,59,586.24,69.97,61.37,34.5,1,1,1.0
358,60,477.01,112.21,67.56,34.92,1,1,0.2381
358,61,46.29,34.35,30.87,25.32,1,1,1.0
359,42,424.96,282.88,141.16,113.21,1,1,1.0
359,43,813.44,347.09,147.56,174.02,1,1,1.0
359,46,190.51,22.19,29.37,20.41,1,1,0.2848
359,47,141.65,218.45,84.42,83.99,1,1,1.0
359,49,323.2,33.71,39.4,23.19,1,1,1.0
359,50,285.23,36.69,38.12,21.91,1,1,0.6868
359,51,277.12,50.77,41.53,19.35,1,1,0.2856
359,52,401.07,34.77,40.89,22.33,1,1,1.0
359,53,425.81,53.12,52.63,27.67,1,1,1.0
359,54,192.0,62.93,54.55,48.58,1,1,1.0
359,55,123.09,76.37,43.46,35.78,1,1,1.0
359,56,41.39,337.28,136.25,146.07,1,1,1.0
359,57,21.76,54.4,45.16,50.49,1,1,1.0
359,58,127.79,37.76,37.9,30.23,1,1,1.0
359,59,579.63,68.69,61.16,33.64,1,1,1.0
359,60,471.25,109.65,65.64,35.35,1,1,0.2449
359,61,47.57,34.99,30.87,25.75,1,1,1.0
360,42,437.55,289.71,145.21,116.84,1,1,1.0
360,43,841.39,358.61,119.61,169.11,1,1,1.0
360,46,188.59,21.76,29.58,20.84,1,1,0.2994
360,47,145.49,223.36,85.91,85.69,1,1,1.0
360,49,321.07,32.85,39.4,22.76,1,1,1.0
360,50,282.88,35.41,37.69,22.12,1,1,0.7064
360,51,274.56,49.92,40.47,18.71,1,1,0.3255
360,52,397.87,33.92,40.68,22.33,1,1,1.0
360,53,421.97,51.63,52.42,27.67,1,1,1.0
360,54,195.2,64.0,54.97,48.79,1,1,1.0
360,55,126.08,77.65,44.09,35.99,1,1,1.0
360,56,45.23,347.31,142.22,152.46,1,1,1.0
360,57,22.61,55.47,44.95,51.34,1,1,1.0
360,58,129.49,38.61,39.19,30.01,1,1,1.0
360,59,573.01,67.41,60.95,32.79,1,1,1.0
360,60,465.49,107.09,63.72,35.78,1,1,0.2575
360,61,48.85,35.63,30.87,26.17,1,1,1.0
361,42,450.13,296.53,149.27,120.47,1,1,1.0
361,43,869.33,370.13,91.67,164.2,1,1,1.0
361,46,186.67,21.33,29.8,21.27,1,1,0.3135
361,47,149.33,228.27,87.4,87.4,1,1,1.0
361,49,318.93,32.0,39.4,22.33,1,1,1.0
361,50,280.53,34.13,37.27,22.33,1,1,0.7256
361,51,272.0,49.07,39.4,18.07,1,1,0.2877
361,52,394.67,33.07,40.46,22.33,1,1,1.0
361,53,418.13,50.13,52.2,27.67,1,1,1.0
361,54,198.4,65.07,55.4,49.0,1,1,1.0
361,55,129.07,78.93,44.73,36.2,1,1,1.0
361,56,49.07,357.33,148.2,158.87,1,1,1.0
361,57,23.47,56.53,44.73,52.2,1,1,1.0
361,58,131.2,39.47,40.47,29.8,1,1,1.0
361,59,566.4,66.13,60.73,31.93,1,1,1.0
361,60,459.73,104.53,61.8,36.2,1,1,0.2712
361,61,50.13,36.27,30.87,26.6,1,1,1.0
361,62,1.0,123.73,18.13,38.34,1,1,1.0
361,63,861.87,142.93,99.13,57.54,1,1,1.0
361,64,906.67,205.87,54.33,36.2,1,1,0.9286
361,65,916.27,238.93,44.73,34.07,1,1,0.5597
362,42,464.43,305.71,157.16,126.44,1,1,1.0
362,46,184.96,20.69,30.23,21.05,1,1,0.4077
362,47,152.75,233.81,89.74,89.75,1,1,1.0
362,49,316.59,31.57,39.4,21.91,1,1,1.0
362,50,277.97,33.71,36.84,22.33,1,1,0.7004
362,51,269.44,48.0,39.19,18.92,1,1,0.3269
362,52,391.47,32.21,40.04,22.33,1,1,1.0
362,53,414.51,49.71,51.77,27.45,1,1,1.0
362,54,201.6,66.13,56.89,49.0,1,1,1.0
362,55,131.41,80.21,44.74,36.63,1,1,1.0
362,56,54.19,371.63,152.68,156.3,1,1,1.0
362,57,24.11,57.6,45.8,52.41,1,1,1.0
362,58,133.12,40.32,40.47,29.8,1,1,1.0
362,59,561.07,64.64,59.45,31.72,1,1,1.0
362,60,453.12,102.19,60.52,36.41,1,1,0.2878
362,61,51.41,36.91,31.72,26.39,1,1,1.0
362,62,1.0,125.23,20.69,40.04,1,1,1.0
362,63,849.71,139.52,111.29,57.53,1,1,1.0
362,64,889.6,198.19,71.4,41.96,1,1,0.8312
362,65,896.43,232.32,64.57,41.32,1,1,0.4434
363,42,478.72,314.88,165.05,132.41,1,1,1.0
363,46,183.25,20.05,30.66,20.84,1,1,0.3028
363,47,156.16,239.36,92.09,92.09,1,1,1.0
363,49,314.24,31.15,39.4,21.48,1,1,1.0
363,50,275.41,33.28,36.42,22.33,1,1,0.6752
363,51,266.88,46.93,38.97,19.77,1,1,0.3759
363,52,388.27,31.36,39.61,22.33,1,1,1.0
363,53,410.88,49.28,51.35,27.24,1,1,1.0
363,54,204.8,67.2,58.39,49.0,1,1,1.0
363,55,133.76,81.49,44.73,37.06,1,1,1.0
363,56,59.31,385.92,157.16,155.08,1,1,1.0
363,57,24.75,58.67,46.87,52.62,1,1,1.0
363,58,135.04,41.17,40.47,29.8,1,1,1.0
363,59,555.73,63.15,58.18,31.51,1,1,1.0
363,60,446.51,99.84,59.24,36.63,1,1,0.2865
363,61,52.69,37.55,32.57,26.17,1,1,1.0
363,62,1.0,126.72,23.25,41.75,1,1,1.0
363,63,837.55,136.11,123.45,57.53,1,1,0.961
363,64,872.53,190.51,88.47,47.72,1,1,0.7497
363,65,876.59,225.71,84.41,48.57,1,1,0.3766
364,42,493.01,324.05,172.95,138.39,1,1,1.0
364,46,181.55,19.41,31.08,20.63,1,1,0.3292
364,47,159.57,244.91,94.44,94.44,1,1,1.0
364,49,311.89,30.72,39.4,21.05,1,1,1.0
364,50,272.85,32.85,35.99,22.33,1,1,0.6495
364,51,264.32,45.87,38.76,20.63,1,1,0.2988
364,52,385.07,30.51,39.18,22.33,1,1,1.0
364,53,407.25,48.85,50.92,27.03,1,1,1.0
364,54,208.0,68.27,59.88,49.0,1,1,1.0
364,55,136.11,82.77,44.73,37.48,1,1,1.0
364,56,64.43,400.21,161.64,140.79,1,1,1.0
364,57,25.39,59.73,47.93,52.84,1,1,1.0
364,58,136.96,42.03,40.47,29.8,1,1,1.0
364,59,550.4,61.65,56.89,31.29,1,1,1.0
364,60,439.89,97.49,57.96,36.84,1,1,0.2866
364,61,53.97,38.19,33.43,25.96,1,1,1.0
364,62,1.0,128.21,25.81,43.46,1,1,1.0
364,63,825.39,132.69,113.21,57.54,1,1,0.9056
364,64,855.47,182.83,105.53,53.48,1,1,0.6819
364,65,856.75,219.09,104.25,55.83,1,1,0.3985
365,42,507.31,333.23,180.84,144.36,1,1,1.0
365,46,179.84,18.77,31.51,20.41,1,1,0.3735
365,47,162.99,250.45,96.78,96.79,1,1,1.0
365,49,309.55,30.29,39.4,20.63,1,1,1.0
365,50,270.29,32.43,35.56,22.33,1,1,0.6235
365,51,261.76,44.8,38.55,21.48,1,1,0.3393
365,52,381.87,29.65,38.76,22.33,1,1,1.0
365,53,403.63,48.43,50.49,26.81,1,1,1.0
365,54,211.2,69.33,61.37,49.0,1,1,1.0
365,55,138.45,84.05,44.74,37.91,1,1,1.0
365,56,69.55,414.51,166.12,126.49,1,1,1.0
365,57,26.03,60.8,49.0,53.05,1,1,1.0
365,58,138.88,42.88,40.47,29.8,1,1,1.0
365,59,545.07,60.16,55.61,31.08,1,1,1.0
365,60,433.28,95.15,56.68,37.05,1,1,0.3019
365,61,55.25,38.83,34.28,25.75,1,1,1.0
365,62,1.0,129.71,28.37,45.16,1,1,1.0
365,63,813.23,129.28,113.64,57.53,1,1,0.8422
365,64,838.4,175.15,122.6,59.24,1,1,0.6301
365,65,836.91,212.48,124.09,63.08,1,1,0.4081
366,42,521.6,342.4,188.73,150.33,1,1,1.0
366,46,178.13,18.13,31.94,20.2,1,1,0.2904
366,47,166.4,256.0,99.13,99.13,1,1,1.0
366,49,307.2,29.87,39.4,20.2,1,1,1.0
366,50,267.73,32.0,35.14,22.33,1,1,0.5975
366,51,259.2,43.73,38.33,22.33,1,1,0.3056
366,52,378.67,28.8,38.33,22.33,1,1,1.0
366,53,400.0,48.0,50.07,26.6,1,1,1.0
366,54,214.4,70.4,62.87,49.0,1,1,1.0
366,55,140.8,85.33,44.73,38.34,1,1,1.0
366,56,74.67,428.8,170.6,112.2,1,1,1.0
366,57,26.67,61.87,50.07,53.26,1,1,1.0
366,58,140.8,43.73,40.47,29.8,1,1,1.0
366,59,539.73,58.67,54.34,30.87,1,1,1.0
366,60,426.67,92.8,55.4,37.27,1,1,0.3005
366,61,56.53,39.47,35.13,25.53,1,1,1.0
366,62,1.0,131.2,30.93,46.87,1,1,1.0
366,63,801.07,125.87,114.06,57.53,1,1,0.7723
366,64,821.33,167.47,139.67,65.0,1,1,0.6408
366,65,817.07,205.87,126.86,70.33,1,1,0.3197
367,42,541.01,354.35,194.07,153.1,1,1,1.0
367,46,176.43,17.71,31.5,19.35,1,1,0.328
367,47,172.37,262.61,99.99,102.76,1,1,1.0
367,49,304.85,28.59,38.55,20.63,1,1,1.0
367,50,264.96,31.15,34.49,21.91,1,1,0.5988
367,51,256.85,42.88,37.91,22.55,1,1,0.3549
367,52,375.04,27.95,37.91,22.33,1,1,1.0
367,53,396.16,46.72,50.28,26.81,1,1,1.0
367,54,218.03,71.89,63.5,49.86,1,1,1.0
367,55,143.15,86.83,45.58,39.18,1,1,1.0
367,57,27.52,63.15,51.13,54.12,1,1,1.0
367,58,142.72,44.59,40.89,30.44,1,1,1.0
367,59,533.76,57.17,54.12,31.51,1,1,1.0
367,60,420.69,91.73,56.47,35.35,1,1,0.2947
367,61,57.6,40.11,34.92,25.96,1,1,1.0
367,62,1.0,133.97,33.07,48.79,1,1,1.0
367,63,789.55,123.09,112.36,56.26,1,1,0.7534
367,64,806.61,162.99,131.56,64.36,1,1,0.6301
367,65,800.64,201.17,125.59,69.7,1,1,0.2989
368,42,560.43,366.29,199.4,155.88,1,1,1.0
368,46,174.72,17.28,31.08,18.49,1,1,0.3634
368,47,178.35,269.23,100.84,106.38,1,1,1.0
368,49,302.51,27.31,37.69,21.05,1,1,1.0
368,50,262.19,30.29,33.85,21.48,1,1,0.6006
368,51,254.51,42.03,37.48,22.76,1,1,0.3503
368,52,371.41,27.09,37.48,22.33,1,1,1.0
368,53,392.32,45.44,50.49,27.03,1,1,1.0
368,54,221.65,73.39,64.15,50.7,1,1,1.0
368,55,145.49,88.32,46.44,40.04,1,1,1.0
368,57,28.37,64.43,52.2,54.97,1,1,1.0
368,58,144.64,45.44,41.32,31.08,1,1,1.0
368,59,527.79,55.68,53.9,32.15,1,1,1.0
368,60,414.72,90.67,57.53,33.42,1,1,0.2792
368,61,58.67,40.75,34.71,26.39,1,1,1.0
368,62,1.0,136.75,35.2,50.7,1,1,1.0
368,63,778.03,120.32,110.65,54.97,1,1,0.733
368,64,791.89,158.51,127.72,63.72,1,1,0.631
368,65,784.21,196.48,124.31,69.05,1,1,0.3193
369,42,579.84,378.24,204.73,162.76,1,1,1.0
369,46,173.01,16.85,30.66,17.64,1,1,0.4374
369,47,184.32,275.84,101.69,110.01,1,1,1.0
369,49,300.16,26.03,36.84,21.48,1,1,1.0
369,50,259.41,29.44,33.22,21.05,1,1,0.6029
369,51,252.16,41.17,37.05,22.97,1,1,0.3011
369,52,367.79,26.24,37.05,22.33,1,1,1.0
369,53,388.48,44.16,50.71,27.24,1,1,1.0
369,54,225.28,74.88,64.79,51.56,1,1,1.0
369,55,147.84,89.81,47.29,40.9,1,1,1.0
369,57,29.23,65.71,53.27,55.82,1,1,1.0
369,58,146.56,46.29,41.75,31.72,1,1,1.0
369,59,521.81,54.19,53.7,32.79,1,1,1.0
369,60,408.75,89.6,58.6,31.51,1,1,0.2744
369,61,59.73,41.39,34.49,26.81,1,1,1.0
369,62,1.0,139.52,37.33,52.63,1,1,1.0
369,63,766.51,117.55,108.94,53.69,1,1,0.7108
369,64,777.17,154.03,123.88,63.08,1,1,0.6318
369,65,767.79,191.79,123.02,68.41,1,1,0.3258
370,42,599.25,390.19,210.07,150.81,1,1,1.0
370,46,171.31,16.43,30.22,16.79,1,1,0.3711
370,47,190.29,282.45,102.55,113.64,1,1,1.0
370,49,297.81,24.75,35.99,21.91,1,1,1.0
370,50,256.64,28.59,32.57,20.63,1,1,0.6055
370,51,249.81,40.32,36.63,23.19,1,1,0.3564
370,52,364.16,25.39,36.63,22.33,1,1,1.0
370,53,384.64,42.88,50.92,27.45,1,1,1.0
370,54,228.91,76.37,65.42,52.42,1,1,1.0
370,55,150.19,91.31,48.14,41.74,1,1,1.0
370,57,30.08,66.99,54.33,56.68,1,1,1.0
370,58,148.48,47.15,42.17,32.36,1,1,1.0
370,59,515.84,52.69,53.48,33.43,1,1,1.0
370,60,402.77,88.53,59.67,29.59,1,1,0.2678
370,61,60.8,42.03,34.28,27.24,1,1,1.0
370,62,1.0,142.29,39.47,54.55,1,1,1.0
370,63,754.99,114.77,107.24,52.42,1,1,0.6869
370,64,762.45,149.55,120.04,62.44,1,1,0.6324
370,65,751.36,187.09,121.75,67.78,1,1,0.3128
371,42,618.67,402.13,215.4,138.87,1,1,1.0
371,46,169.6,16.0,29.8,15.93,1,1,0.3933
371,47,196.27,289.07,103.4,117.26,1,1,1.0
371,49,295.47,23.47,35.13,22.33,1,1,1.0
371,50,253.87,27.73,31.93,20.2,1,1,0.6088
371,51,247.47,39.47,36.2,23.4,1,1,0.3031
371,52,360.53,24.53,36.2,22.33,1,1,1.0
371,53,380.8,41.6,51.13,27.67,1,1,1.0
371,54,232.53,77.87,66.07,53.26,1,1,1.0
371,55,152.53,92.8,49.0,42.6,1,1,1.0
371,57,30.93,68.27,55.4,57.53,1,1,1.0
371,58,150.4,48.0,42.6,33.0,1,1,1.0
371,59,509.87,51.2,53.26,34.07,1,1,1.0
371,60,396.8,87.47,60.73,27.66,1,1,0.3327
371,61,61.87,42.67,34.07,27.67,1,1,1.0
371,62,1.0,145.07,41.6,56.46,1,1,1.0
371,63,743.47,112.0,105.53,51.13,1,1,0.661
371,64,747.73,145.07,116.2,61.8,1,1,0.6331
371,65,734.93,182.4,120.47,67.13,1,1,0.3378
372,42,645.12,419.84,210.49,121.16,1,1,1.0
372,46,168.96,15.36,28.52,16.57,1,1,0.4326
372,47,200.75,298.45,109.16,121.75,1,1,1.0
372,49,292.69,23.68,34.92,22.12,1,1,1.0
372,50,251.73,27.09,31.3,20.63,1,1,0.6072
372,51,243.84,38.83,36.41,23.19,1,1,0.3124
372,52,357.33,24.11,36.84,22.33,1,1,1.0
372,53,377.81,41.6,49.86,26.39,1,1,1.0
372,54,237.01,79.15,66.5,54.76,1,1,1.0
372,55,155.73,94.93,49.22,42.6,1,1,1.0
372,57,31.79,69.76,55.19,58.17,1,1,1.0
372,58,151.89,48.21,43.03,34.28,1,1,1.0
372,59,504.96,50.56,52.41,33.43,1,1,1.0
372,60,391.04,85.76,60.31,28.52,1,1,0.3044
372,61,62.72,43.09,34.49,28.95,1,1,1.0
372,62,1.0,148.91,42.88,57.1,1,1,1.0
372,63,733.23,110.51,103.61,50.06,1,1,0.6449
372,64,733.65,142.72,114.71,59.45,1,1,0.6408
372,65,721.07,178.77,117.26,64.79,1,1,0.3416
373,42,671.57,437.55,205.59,103.45,1,1,1.0
373,46,168.32,14.72,27.24,17.21,1,1,0.4348
373,47,205.23,307.84,114.92,126.23,1,1,1.0
373,49,289.92,23.89,34.71,21.91,1,1,1.0
373,50,249.6,26.45,30.65,21.05,1,1,0.6066
373,51,240.21,38.19,36.63,22.97,1,1,0.26
373,52,354.13,23.68,37.48,22.33,1,1,1.0
373,53,374.83,41.6,48.57,25.11,1,1,1.0
373,54,241.49,80.43,66.92,56.25,1,1,1.0
373,55,158.93,97.07,49.43,42.6,1,1,1.0
373,57,32.64,71.25,54.97,58.82,1,1,1.0
373,58,153.39,48.43,43.45,35.56,1,1,1.0
373,59,500.05,49.92,51.56,32.79,1,1,1.0
373,60,385.28,84.05,59.88,29.38,1,1,0.2957
373,61,63.57,43.52,34.92,30.23,1,1,1.0
373,62,1.0,152.75,44.16,57.74,1,1,1.0
373,63,722.99,109.01,101.69,49.0,1,1,0.64
373,64,719.57,140.37,113.22,57.11,1,1,0.6488
373,65,707.2,175.15,114.07,62.44,1,1,0.3495
374,42,698.03,455.25,200.68,85.75,1,1,1.0
374,46,167.68,14.08,25.96,17.85,1,1,0.4642
374,47,209.71,317.23,120.68,130.7,1,1,1.0
374,49,287.15,24.11,34.49,21.69,1,1,1.0
374,50,247.47,25.81,30.01,21.48,1,1,0.6075
374,51,236.59,37.55,36.84,22.76,1,1,0.2919
374,52,350.93,23.25,38.12,22.33,1,1,1.0
374,53,371.84,41.6,47.29,23.83,1,1,1.0
374,54,245.97,81.71,67.35,57.74,1,1,1.0
374,55,162.13,99.2,49.64,42.6,1,1,1.0
374,57,33.49,72.75,54.76,59.45,1,1,1.0
374,58,154.88,48.64,43.88,36.84,1,1,1.0
374,59,495.15,49.28,50.7,32.15,1,1,1.0
374,60,379.52,82.35,59.45,30.22,1,1,0.2592
374,61,64.43,43.95,35.35,31.51,1,1,1.0
374,62,1.0,156.59,45.44,58.38,1,1,1.0
374,63,712.75,107.52,99.77,47.93,1,1,0.6366
374,64,705.49,138.03,111.72,54.76,1,1,0.6568
374,65,693.33,171.52,110.87,60.09,1,1,0.3549
375,42,724.48,472.96,195.77,68.04,1,1,1.0
375,46,167.04,13.44,24.68,18.49,1,1,0.3987
375,47,214.19,326.61,126.44,135.19,1,1,1.0
375,49,284.37,24.32,34.28,21.48,1,1,1.0
375,50,245.33,25.17,29.38,21.91,1,1,0.6099
375,51,232.96,36.91,37.05,22.55,1,1,0.2672
375,52,347.73,22.83,38.76,22.33,1,1,1.0
375,53,368.85,41.6,46.02,22.55,1,1,1.0
375,54,250.45,82.99,67.78,59.24,1,1,1.0
375,55,165.33,101.33,49.86,42.6,1,1,1.0
375,57,34.35,74.24,54.55,60.09,1,1,1.0
375,58,156.37,48.85,44.31,38.12,1,1,1.0
375,59,490.24,48.64,49.85,31.51,1,1,1.0
375,60,373.76,80.64,59.03,31.08,1,1,0.263
375,61,65.28,44.37,35.77,32.79,1,1,1.0
375,62,1.0,160.43,46.72,59.02,1,1,1.0
375,63,702.51,106.03,97.85,46.86,1,1,0.6327
375,64,691.41,135.68,110.23,52.41,1,1,0.6653
375,65,679.47,167.89,107.66,57.75,1,1,0.3632
376,42,750.93,490.67,190.87,50.33,1,1,1.0
376,46,166.4,12.8,23.4,19.13,1,1,0.3763
376,47,218.67,336.0,132.2,139.67,1,1,1.0
376,49,281.6,24.53,34.07,21.27,1,1,1.0
376,50,243.2,24.53,28.73,22.33,1,1,0.6134
376,51,229.33,36.27,37.27,22.33,1,1,0.1821
376,52,344.53,22.4,39.4,22.33,1,1,1.0
376,53,365.87,41.6,44.73,21.27,1,1,1.0
376,54,254.93,84.27,68.2,60.73,1,1,1.0
376,55,168.53,103.47,50.07,42.6,1,1,1.0
376,57,35.2,75.73,54.33,60.74,1,1,1.0
376,58,157.87,49.07,44.73,39.4,1,1,1.0
376,59,485.33,48.0,49.0,30.87,1,1,1.0
376,60,368.0,78.93,58.6,31.94,1,1,0.2213
376,61,66.13,44.8,36.2,34.07,1,1,1.0
376,62,1.0,164.27,48.0,59.66,1,1,1.0
376,63,692.27,104.53,95.93,45.8,1,1,0.6371
376,64,677.33,133.33,108.74,50.07,1,1,0.6742
376,65,665.6,164.27,104.47,55.4,1,1,0.3706
377,46,163.41,12.16,24.47,19.13,1,1,0.4389
377,47,225.92,348.16,137.32,142.44,1,1,1.0
377,49,279.89,24.11,34.07,20.41,1,1,1.0
377,50,241.28,24.32,28.52,21.48,1,1,0.6472
377,51,228.05,36.48,36.42,21.48,1,1,0.1639
377,52,341.55,21.76,38.76,22.55,1,1,1.0
377,53,362.88,40.96,44.52,21.48,1,1,1.0
377,54,259.63,86.83,69.26,60.52,1,1,1.0
377,55,171.09,105.39,51.78,43.02,1,1,1.0
377,57,36.05,77.01,54.76,62.66,1,1,1.0
377,58,160.0,50.56,45.16,39.19,1,1,1.0
377,59,480.43,47.15,48.36,29.8,1,1,1.0
377,60,364.8,78.08,57.32,30.23,1,1,0.2774
377,61,68.05,46.08,35.99,33.85,1,1,1.0
377,62,1.0,168.32,51.84,61.59,1,1,1.0
377,63,683.52,102.61,94.65,45.16,1,1,0.6243
377,64,666.88,129.92,106.6,49.64,1,1,0.6667
377,65,652.37,160.0,104.68,55.4,1,1,0.3324
378,46,160.43,11.52,25.53,19.13,1,1,0.3387
378,47,233.17,360.32,142.44,145.21,1,1,1.0
378,49,278.19,23.68,34.06,19.56,1,1,1.0
378,50,239.36,24.11,28.31,20.63,1,1,0.6837
378,51,226.77,36.69,35.56,20.63,1,1,0.2043
378,52,338.56,21.12,38.12,22.76,1,1,1.0
378,53,359.89,40.32,44.31,21.69,1,1,1.0
378,54,264.32,89.39,70.33,60.3,1,1,1.0
378,55,173.65,107.31,53.48,43.45,1,1,1.0
378,57,36.91,78.29,55.19,64.58,1,1,1.0
378,58,162.13,52.05,45.59,38.97,1,1,1.0
378,59,475.52,46.29,47.72,28.73,1,1,1.0
378,60,361.6,77.23,56.04,28.52,1,1,0.2774
378,61,69.97,47.36,35.78,33.64,1,1,1.0
378,62,1.0,172.37,55.68,63.51,1,1,1.0
378,63,674.77,100.69,93.38,44.52,1,1,0.6126
378,64,656.43,126.51,104.46,49.21,1,1,0.6593
378,65,639.15,155.73,104.89,55.4,1,1,0.3375
379,46,157.44,10.88,26.6,19.13,1,1,0.3854
379,47,240.43,372.48,147.56,147.99,1,1,1.0
379,49,276.48,23.25,34.07,18.71,1,1,1.0
379,50,237.44,23.89,28.09,19.77,1,1,0.723
379,51,225.49,36.91,34.71,19.77,1,1,0.1688
379,52,335.57,20.48,37.48,22.97,1,1,1.0
379,53,356.91,39.68,44.09,21.91,1,1,1.0
379,54,269.01,91.95,71.4,60.09,1,1,1.0
379,55,176.21,109.23,55.19,43.88,1,1,1.0
379,57,37.76,79.57,55.61,66.5,1,1,1.0
379,58,164.27,53.55,46.01,38.76,1,1,1.0
379,59,470.61,45.44,47.08,27.67,1,1,1.0
379,60,358.4,76.37,54.76,26.82,1,1,0.2192
379,61,71.89,48.64,35.56,33.43,1,1,1.0
379,62,1.0,176.43,59.52,65.42,1,1,1.0
379,63,666.03,98.77,92.09,43.88,1,1,0.6017
379,64,645.97,123.09,102.34,48.79,1,1,0.6523
379,65,625.92,151.47,105.11,55.4,1,1,0.2991
380,46,154.45,10.24,27.67,19.13,1,1,0.3205
380,47,247.68,384.64,152.68,156.36,1,1,1.0
380,49,274.77,22.83,34.07,17.85,1,1,1.0
380,50,235.52,23.68,27.88,18.92,1,1,0.7657
380,51,224.21,37.12,33.86,18.92,1,1,0.0465
380,52,332.59,19.84,36.84,23.19,1,1,1.0
380,53,353.92,39.04,43.88,22.12,1,1,1.0
380,54,273.71,94.51,72.46,59.88,1,1,1.0
380,55,178.77,111.15,56.9,44.3,1,1,1.0
380,57,38.61,80.85,56.04,68.42,1,1,1.0
380,58,166.4,55.04,46.44,38.55,1,1,1.0
380,59,465.71,44.59,46.44,26.6,1,1,1.0
380,60,355.2,75.52,53.48,25.11,1,1,0.1907
380,61,73.81,49.92,35.35,33.21,1,1,1.0
380,62,1.0,180.48,63.36,67.35,1,1,1.0
380,63,657.28,96.85,90.81,43.24,1,1,0.5923
380,64,635.52,119.68,100.2,48.36,1,1,0.6452
380,65,612.69,147.2,105.32,55.4,1,1,0.3032
381,46,151.47,9.6,28.73,19.13,1,1,0.2442
381,47,254.93,396.8,157.8,144.2,1,1,1.0
381,49,273.07,22.4,34.06,17.0,1,1,1.0
381,50,233.6,23.47,27.67,18.07,1,1,0.8124
381,51,222.93,37.33,33.0,18.07,1,1,0.0896
381,52,329.6,19.2,36.2,23.4,1,1,1.0
381,53,350.93,38.4,43.67,22.33,1,1,1.0
381,54,278.4,97.07,73.53,59.66,1,1,1.0
381,55,181.33,113.07,58.6,44.73,1,1,1.0
381,57,39.47,82.13,56.47,70.34,1,1,1.0
381,58,168.53,56.53,46.87,38.33,1,1,1.0
381,59,460.8,43.73,45.8,25.53,1,1,1.0
381,60,352.0,74.67,52.2,23.4,1,1,0.2279
381,61,75.73,51.2,35.14,33.0,1,1,1.0
381,62,1.0,184.53,67.2,69.27,1,1,1.0
381,63,648.53,94.93,89.54,42.6,1,1,0.5842
381,64,625.07,116.27,98.06,47.93,1,1,0.6383
381,65,599.47,142.93,105.53,55.4,1,1,0.3116
381,66,36.27,28.8,26.6,21.27,1,1,1.0
382,47,266.45,410.67,155.24,130.33,1,1,1.0
382,49,270.93,21.76,34.07,17.64,1,1,1.0
382,50,231.04,22.4,27.67,19.35,1,1,0.7601
382,51,220.59,36.05,33.0,18.49,1,1,0.0179
382,52,327.25,18.99,35.35,22.55,1,1,1.0
382,53,348.16,37.55,43.24,22.76,1,1,1.0
382,54,283.31,98.35,75.66,61.8,1,1,1.0
382,55,184.75,114.99,59.88,46.44,1,1,1.0
382,57,40.11,83.84,57.75,70.33,1,1,1.0
382,58,170.24,57.39,48.36,38.97,1,1,1.0
382,59,456.11,43.09,46.01,25.96,1,1,1.0
382,60,346.88,73.39,52.2,23.61,1,1,0.2139
382,61,77.23,51.84,35.34,33.43,1,1,1.0
382,62,1.0,189.44,71.25,70.97,1,1,1.0
382,63,641.07,93.23,87.4,42.17,1,1,0.5754
382,64,616.53,113.28,95.3,48.36,1,1,0.6476
382,65,592.21,140.59,101.48,53.9,1,1,0.3276
382,66,36.69,29.23,27.24,21.05,1,1,1.0
383,47,277.97,424.53,152.68,116.47,1,1,1.0
383,49,268.8,21.12,34.07,18.28,1,1,1.0
383,50,228.48,21.33,27.67,20.63,1,1,0.7134
383,51,218.24,34.77,33.0,18.92,1,1,0.108
383,52,324.91,18.77,34.49,21.69,1,1,1.0
383,53,345.39,36.69,42.81,23.19,1,1,1.0
383,54,288.21,99.63,77.8,63.93,1,1,1.0
383,55,188.16,116.91,61.16,48.14,1,1,1.0
383,57,40.75,85.55,59.03,70.33,1,1,1.0
383,58,171.95,58.24,49.85,39.61,1,1,1.0
383,59,451.41,42.45,46.23,26.39,1,1,1.0
383,60,341.76,72.11,52.2,23.83,1,1,0.1672
383,61,78.72,52.48,35.56,33.85,1,1,1.0
383,62,1.0,194.35,75.31,72.68,1,1,1.0
383,63,633.6,91.52,85.27,41.75,1,1,0.568
383,64,608.0,110.29,92.52,48.79,1,1,0.6566
383,65,584.96,138.24,97.43,52.41,1,1,0.3459
383,66,37.12,29.65,27.88,20.84,1,1,1.0
384,47,289.49,438.4,150.12,102.6,1,1,1.0
384,49,266.67,20.48,34.06,18.92,1,1,1.0
384,50,225.92,20.27,27.67,21.91,1,1,0.6711
384,51,215.89,33.49,33.0,19.35,1,1,0.1325
384,52,322.56,18.56,33.64,20.84,1,1,1.0
384,53,342.61,35.84,42.39,23.61,1,1,1.0
384,54,293.12,100.91,79.93,66.06,1,1,1.0
384,55,191.57,118.83,62.44,49.85,1,1,1.0
384,57,41.39,87.25,60.3,70.34,1,1,1.0
384,58,173.65,59.09,51.35,40.25,1,1,1.0
384,59,446.72,41.81,46.44,26.81,1,1,1.0
384,60,336.64,70.83,52.2,24.04,1,1,0.132
384,61,80.21,53.12,35.78,34.28,1,1,1.0
384,62,1.0,199.25,79.36,74.39,1,1,1.0
384,63,626.13,89.81,83.14,41.32,1,1,0.5626
384,64,599.47,107.31,89.74,49.21,1,1,0.6655
384,65,577.71,135.89,93.37,50.92,1,1,0.3191
384,66,37.55,30.08,28.52,20.63,1,1,1.0
385,47,301.01,452.27,147.56,88.73,1,1,1.0
385,49,264.53,19.84,34.07,19.56,1,1,1.0
385,50,223.36,19.2,27.67,23.19,1,1,0.6323
385,51,213.55,32.21,33.0,19.77,1,1,0.1028
385,52,320.21,18.35,32.79,19.99,1,1,1.0
385,53,339.84,34.99,41.96,24.04,1,1,1.0
385,54,298.03,102.19,82.06,68.2,1,1,1.0
385,55,194.99,120.75,63.72,51.56,1,1,1.0
385,57,42.03,88.96,61.58,70.33,1,1,1.0
385,58,175.36,59.95,52.84,40.89,1,1,1.0
385,59,442.03,41.17,46.65,27.24,1,1,1.0
385,60,331.52,69.55,52.2,24.25,1,1,0.2024
385,61,81.71,53.76,35.98,34.71,1,1,1.0
385,62,1.0,204.16,83.41,76.09,1,1,1.0
385,63,618.67,88.11,81.0,40.89,1,1,0.5586
385,64,590.93,104.32,86.98,49.64,1,1,0.6746
385,65,570.45,133.55,89.32,49.42,1,1,0.3329
385,66,37.97,30.51,29.16,20.41,1,1,1.0
386,47,312.53,466.13,145.0,74.87,1,1,1.0
386,49,262.4,19.2,34.07,20.2,1,1,1.0
386,50,220.8,18.13,27.67,24.47,1,1,0.5967
386,51,211.2,30.93,33.0,20.2,1,1,0.1788
386,52,317.87,18.13,31.93,19.13,1,1,1.0
386,53,337.07,34.13,41.53,24.47,1,1,1.0
386,54,302.93,103.47,84.2,70.33,1,1,1.0
386,55,198.4,122.67,65.0,53.26,1,1,1.0
386,57,42.67,90.67,62.86,70.33,1,1,1.0
386,58,177.07,60.8,54.33,41.53,1,1,1.0
386,59,437.33,40.53,46.87,27.67,1,1,1.0
386,60,326.4,68.27,52.2,24.47,1,1,0.0708
386,61,83.2,54.4,36.2,35.13,1,1,1.0
386,62,1.0,209.07,87.47,77.8,1,1,1.0
386,63,611.2,86.4,78.87,40.47,1,1,0.5567
386,64,582.4,101.33,84.2,50.07,1,1,0.6834
386,65,563.2,131.2,85.27,47.93,1,1,0.3593
386,66,38.4,30.93,29.8,20.2,1,1,1.0
387,49,260.27,18.99,33.85,19.77,1,1,1.0
387,50,218.67,18.13,27.66,23.61,1,1,0.5972
387,51,208.64,30.29,33.0,19.77,1,1,0.104
387,52,315.09,17.71,31.72,19.35,1,1,1.0
387,53,334.29,33.28,40.68,24.04,1,1,1.0
387,54,308.69,106.24,86.12,71.4,1,1,1.0
387,55,202.24,125.23,66.07,54.12,1,1,1.0
387,57,43.73,92.16,64.15,72.25,1,1,1.0
387,58,180.69,62.51,53.48,41.1,1,1,1.0
387,59,433.49,39.89,46.23,27.03,1,1,1.0
387,60,323.63,66.77,50.06,24.25,1,1,0.1525
387,61,84.27,55.68,37.26,35.35,1,1,1.0
387,62,13.01,215.89,80.15,80.15,1,1,1.0
387,63,604.16,84.27,77.16,39.82,1,1,0.5825
387,64,573.87,99.41,82.28,48.79,1,1,0.6875
387,65,553.6,128.64,84.41,46.65,1,1,0.3386
387,66,38.83,31.15,30.01,20.41,1,1,1.0
388,49,258.13,18.77,33.64,19.35,1,1,1.0
388,50,216.53,18.13,27.67,22.76,1,1,0.5975
388,51,206.08,29.65,33.0,19.35,1,1,0.1234
388,52,312.32,17.28,31.51,19.56,1,1,1.0
388,53,331.52,32.43,39.83,23.61,1,1,1.0
388,54,314.45,109.01,88.04,72.47,1,1,1.0
388,55,206.08,127.79,67.13,54.97,1,1,1.0
388,57,44.8,93.65,65.43,74.18,1,1,1.0
388,58,184.32,64.21,52.63,40.68,1,1,1.0
388,59,429.65,39.25,45.59,26.39,1,1,1.0
388,60,320.85,65.28,47.94,24.04,1,1,0.1474
388,61,85.33,56.96,38.34,35.56,1,1,1.0
388,62,15.36,222.72,82.49,82.49,1,1,1.0
388,63,597.12,82.13,75.45,39.19,1,1,0.6086
388,64,565.33,97.49,80.36,47.51,1,1,0.6916
388,65,544.0,126.08,83.56,45.37,1,1,0.3213
388,66,39.25,31.36,30.23,20.63,1,1,1.0
389,49,256.0,18.56,33.43,18.92,1,1,1.0
389,50,214.4,18.13,27.67,21.91,1,1,0.5976
389,51,203.52,29.01,33.0,18.92,1,1,0.066
389,52,309.55,16.85,31.29,19.77,1,1,1.0
389,53,328.75,31.57,38.97,23.19,1,1,1.0
389,54,320.21,111.79,89.96,73.53,1,1,1.0
389,55,209.92,130.35,68.2,55.82,1,1,1.0
389,57,45.87,95.15,66.7,76.09,1,1,1.0
389,58,187.95,65.92,51.77,40.25,1,1,1.0
389,59,425.81,38.61,44.95,25.75,1,1,1.0
389,60,318.08,63.79,45.8,23.83,1,1,0.2026
389,61,86.4,58.24,39.4,35.77,1,1,1.0
389,62,17.71,229.55,84.84,84.84,1,1,1.0
389,63,590.08,80.0,73.75,38.55,1,1,0.635
389,64,556.8,95.57,78.44,46.23,1,1,0.696
389,65,534.4,123.52,82.71,44.09,1,1,0.3431
389,66,39.68,31.57,30.44,20.84,1,1,1.0
390,49,253.87,18.35,33.21,18.49,1,1,1.0
390,50,212.27,18.13,27.66,21.05,1,1,0.5972
390,51,200.96,28.37,33.0,18.49,1,1,0.1167
390,52,306.77,16.43,31.08,19.99,1,1,1.0
390,53,325.97,30.72,38.12,22.76,1,1,1.0
390,54,325.97,114.56,91.88,74.6,1,1,1.0
390,55,213.76,132.91,69.27,56.68,1,1,1.0
390,57,46.93,96.64,67.99,78.01,1,1,1.0
390,58,191.57,67.63,50.92,39.82,1,1,1.0
390,59,421.97,37.97,44.31,25.11,1,1,1.0
390,60,315.31,62.29,43.66,23.61,1,1,0.1703
390,61,87.47,59.52,40.46,35.99,1,1,1.0
390,62,20.05,236.37,87.19,87.19,1,1,1.0
390,63,583.04,77.87,72.04,37.9,1,1,0.6618
390,64,548.27,93.65,76.52,44.95,1,1,0.7006
390,65,524.8,120.96,81.85,42.81,1,1,0.3148
390,66,40.11,31.79,30.65,21.05,1,1,1.0
391,49,251.73,18.13,33.0,18.07,1,1,1.0
391,50,210.13,18.13,27.67,20.2,1,1,0.5966
391,51,198.4,27.73,33.0,18.07,1,1,0.0267
391,52,304.0,16.0,30.87,20.2,1,1,1.0
391,53,323.2,29.87,37.27,22.33,1,1,1.0
391,54,331.73,117.33,93.8,75.67,1,1,1.0
391,55,217.6,135.47,70.33,57.53,1,1,1.0
391,57,48.0,98.13,69.27,79.94,1,1,1.0
391,58,195.2,69.33,50.07,39.4,1,1,1.0
391,59,418.13,37.33,43.67,24.47,1,1,1.0
391,60,312.53,60.8,41.54,23.4,1,1,0.2222
391,61,88.53,60.8,41.54,36.2,1,1,1.0
391,62,22.4,243.2,89.53,89.53,1,1,1.0
391,63,576.0,75.73,70.33,37.27,1,1,0.689
391,64,539.73,91.73,74.6,43.67,1,1,0.7053
391,65,515.2,118.4,81.0,41.53,1,1,0.3341
391,66,40.53,32.0,30.87,21.27,1,1,1.0
392,49,249.81,17.28,32.58,18.71,1,1,1.0
392,50,208.43,17.71,27.45,19.99,1,1,0.6096
392,51,196.48,27.31,32.57,18.28,1,1,0.0714
392,52,302.29,15.15,30.02,20.41,1,1,1.0
392,53,320.85,29.44,36.63,22.33,1,1,1.0
392,54,338.13,119.68,96.36,77.37,1,1,1.0
392,55,222.51,138.24,71.18,57.75,1,1,1.0
392,57,50.13,100.48,69.06,81.21,1,1,1.0
392,58,197.55,69.76,50.92,40.04,1,1,1.0
392,59,414.29,36.27,43.03,24.25,1,1,1.0
392,60,308.48,60.16,41.96,23.19,1,1,0.1806
392,61,90.24,61.65,42.81,36.63,1,1,1.0
392,62,25.6,251.09,92.09,92.74,1,1,1.0
392,63,570.03,74.45,69.26,37.91,1,1,0.6939
392,64,532.27,90.03,73.74,43.02,1,1,0.6983
392,65,507.95,115.84,79.93,41.96,1,1,0.2902
392,66,41.39,32.43,31.08,21.48,1,1,1.0
393,49,247.89,16.43,32.15,19.35,1,1,1.0
393,50,206.72,17.28,27.24,19.77,1,1,0.6224
393,51,194.56,26.88,32.15,18.49,1,1,0.0807
393,52,300.59,14.29,29.16,20.63,1,1,1.0
393,53,318.51,29.01,35.98,22.33,1,1,1.0
393,54,344.53,122.03,98.92,79.08,1,1,1.0
393,55,227.41,141.01,72.04,57.96,1,1,1.0
393,57,52.27,102.83,68.84,82.49,1,1,1.0
393,58,199.89,70.19,51.78,40.68,1,1,1.0
393,59,410.45,35.2,42.39,24.04,1,1,1.0
393,60,304.43,59.52,42.38,22.97,1,1,0.195
393,61,91.95,62.51,44.09,37.05,1,1,1.0
393,62,28.8,258.99,94.65,95.93,1,1,1.0
393,63,564.05,73.17,68.2,38.55,1,1,0.7006
393,64,524.8,88.32,72.89,42.39,1,1,0.6911
393,65,500.69,113.28,78.87,42.39,1,1,0.3207
393,66,42.24,32.85,31.29,21.69,1,1,1.0
394,49,245.97,15.57,31.72,19.99,1,1,1.0
394,50,205.01,16.85,27.03,19.56,1,1,0.6355
394,51,192.64,26.45,31.72,18.71,1,1,0.0912
394,52,298.88,13.44,28.31,20.84,1,1,1.0
394,53,316.16,28.59,35.35,22.33,1,1,1.0
394,54,350.93,124.37,101.48,80.79,1,1,1.0
394,55,232.32,143.79,72.89,58.17,1,1,1.0
394,57,54.4,105.17,68.63,83.78,1,1,1.0
394,58,202.24,70.61,52.63,41.32,1,1,1.0
394,59,406.61,34.13,41.75,23.83,1,1,1.0
394,60,300.37,58.88,42.82,22.76,1,1,0.1689
394,61,93.65,63.36,45.38,37.48,1,1,1.0
394,62,32.0,266.88,97.21,99.13,1,1,1.0
394,63,558.08,71.89,67.13,39.19,1,1,0.709
394,64,517.33,86.61,72.04,41.75,1,1,0.6838
394,65,493.44,110.72,77.8,42.81,1,1,0.3296
394,66,43.09,33.28,31.51,21.91,1,1,1.0
395,49,244.05,14.72,31.3,20.63,1,1,1.0
395,50,203.31,16.43,26.81,19.35,1,1,0.6486
395,51,190.72,26.03,31.29,18.92,1,1,0.1043
395,52,297.17,12.59,27.46,21.05,1,1,1.0
395,53,313.81,28.16,34.71,22.33,1,1,1.0
395,54,357.33,126.72,104.04,82.49,1,1,1.0
395,55,237.23,146.56,73.74,58.39,1,1,1.0
395,57,56.53,107.52,68.42,85.05,1,1,1.0
395,58,204.59,71.04,53.48,41.96,1,1,1.0
395,59,402.77,33.07,41.11,23.61,1,1,1.0
395,60,296.32,58.24,43.24,22.55,1,1,0.1776
395,61,95.36,64.21,46.65,37.91,1,1,1.0
395,62,35.2,274.77,99.77,102.34,1,1,1.0
395,63,552.11,70.61,66.06,39.83,1,1,0.7191
395,64,509.87,84.91,71.18,41.1,1,1,0.6763
395,65,486.19,108.16,76.73,43.24,1,1,0.3293
395,66,43.95,33.71,31.72,22.12,1,1,1.0
396,49,242.13,13.87,30.87,21.27,1,1,1.0
396,50,201.6,16.0,26.6,19.13,1,1,0.6615
396,51,188.8,25.6,30.87,19.13,1,1,0.1784
396,52,295.47,11.73,26.6,21.27,1,1,1.0
396,53,311.47,27.73,34.06,22.33,1,1,1.0
396,54,363.73,129.07,106.6,84.2,1,1,1.0
396,55,242.13,149.33,74.6,58.6,1,1,1.0
396,57,58.67,109.87,68.2,86.33,1,1,1.0
396,58,206.93,71.47,54.34,42.6,1,1,1.0
396,59,398.93,32.0,40.47,23.4,1,1,1.0
396,60,292.27,57.6,43.66,22.33,1,1,0.1075
396,61,97.07,65.07,47.93,38.33,1,1,1.0
396,62,38.4,282.67,102.33,105.53,1,1,1.0
396,63,546.13,69.33,65.0,40.47,1,1,0.731
396,64,502.4,83.2,70.33,40.47,1,1,0.6686
396,65,478.93,105.6,75.67,43.67,1,1,0.3453
396,66,44.8,34.13,31.93,22.33,1,1,1.0
397,49,241.07,14.08,30.65,20.2,1,1,1.0
397,50,200.32,15.36,25.75,18.92,1,1,0.6663
397,51,187.31,25.17,30.86,18.49,1,1,0.2071
397,52,292.91,11.73,27.02,20.41,1,1,1.0
397,53,309.12,27.52,34.28,22.33,1,1,1.0
397,54,371.63,132.69,109.58,85.91,1,1,1.0
397,55,247.47,152.53,76.73,60.1,1,1,1.0
397,57,59.95,111.79,70.33,88.46,1,1,1.0
397,58,209.71,73.17,55.82,42.82,1,1,1.0
397,59,395.31,31.79,40.25,23.19,1,1,1.0
397,60,289.28,56.75,43.45,21.69,1,1,0.164
397,61,99.63,66.13,47.5,38.34,1,1,1.0
397,62,42.67,292.27,105.74,110.44,1,1,1.0
397,63,539.95,68.69,64.14,38.76,1,1,0.7401
397,64,495.79,81.49,69.05,40.04,1,1,0.6804
397,65,472.96,104.32,74.17,41.11,1,1,0.4015
397,66,46.51,35.41,31.72,21.91,1,1,1.0
398,49,240.0,14.29,30.44,19.13,1,1,1.0
398,50,199.04,14.72,24.89,18.71,1,1,0.6712
398,51,185.81,24.75,30.87,17.85,1,1,0.0759
398,52,290.35,11.73,27.45,19.56,1,1,1.0
398,53,306.77,27.31,34.5,22.33,1,1,1.0
398,54,379.52,136.32,112.57,87.61,1,1,1.0
398,55,252.8,155.73,78.87,61.59,1,1,1.0
398,57,61.23,113.71,72.46,90.6,1,1,1.0
398,58,212.48,74.88,57.32,43.03,1,1,1.0
398,59,391.68,31.57,40.04,22.97,1,1,1.0
398,60,286.29,55.89,43.24,21.05,1,1,0.2049
398,61,102.19,67.2,47.08,38.33,1,1,1.0
398,62,46.93,301.87,109.16,115.34,1,1,1.0
398,63,533.76,68.05,63.29,37.06,1,1,0.7496
398,64,489.17,79.79,67.78,39.61,1,1,0.6923
398,65,466.99,103.04,72.68,38.55,1,1,0.4172
398,66,48.21,36.69,31.51,21.48,1,1,1.0
399,49,238.93,14.51,30.23,18.07,1,1,1.0
399,50,197.76,14.08,24.04,18.49,1,1,0.6764
399,51,184.32,24.32,30.87,17.21,1,1,0.1339
399,52,287.79,11.73,27.88,18.71,1,1,1.0
399,53,304.43,27.09,34.7,22.33,1,1,1.0
399,54,387.41,139.95,115.56,89.32,1,1,1.0
399,55,258.13,158.93,81.0,63.08,1,1,1.0
399,57,62.51,115.63,74.6,92.73,1,1,1.0
399,58,215.25,76.59,58.82,43.24,1,1,1.0
399,59,388.05,31.36,39.83,22.76,1,1,1.0
399,60,283.31,55.04,43.02,20.41,1,1,0.277
399,61,104.75,68.27,46.65,38.33,1,1,1.0
399,62,51.2,311.47,112.57,120.25,1,1,1.0
399,63,527.57,67.41,62.44,35.35,1,1,0.7598
399,64,482.56,78.08,66.49,39.19,1,1,0.7045
399,65,461.01,101.76,71.19,35.99,1,1,0.4836
399,66,49.92,37.97,31.29,21.05,1,1,1.0
400,49,237.87,14.72,30.01,17.0,1,1,1.0
400,50,196.48,13.44,23.19,18.28,1,1,0.6822
400,51,182.83,23.89,30.86,16.57,1,1,0.1797
400,52,285.23,11.73,28.3,17.85,1,1,1.0
400,53,302.08,26.88,34.92,22.33,1,1,1.0
400,54,395.31,143.57,118.54,91.03,1,1,1.0
400,55,263.47,162.13,83.13,64.58,1,1,1.0
400,57,63.79,117.55,76.73,94.86,1,1,1.0
400,58,218.03,78.29,60.3,43.46,1,1,1.0
400,59,384.43,31.15,39.61,22.55,1,1,1.0
400,60,280.32,54.19,42.81,19.77,1,1,0.1953
400,61,107.31,69.33,46.22,38.34,1,1,1.0
400,62,55.47,321.07,115.98,125.16,1,1,1.0
400,63,521.39,66.77,61.58,33.64,1,1,0.7706
400,64,475.95,76.37,65.21,38.76,1,1,0.7172
400,65,455.04,100.48,69.69,33.43,1,1,0.4616
400,66,51.63,39.25,31.08,20.63,1,1,1.0
401,49,236.8,14.93,29.8,15.93,1,1,1.0
401,50,195.2,12.8,22.33,18.07,1,1,0.6882
401,51,181.33,23.47,30.87,15.93,1,1,0.2018
401,52,282.67,11.73,28.73,17.0,1,1,1.0
401,53,299.73,26.67,35.14,22.33,1,1,1.0
401,54,403.2,147.2,121.53,92.73,1,1,1.0
401,55,268.8,165.33,85.27,66.07,1,1,1.0
401,57,65.07,119.47,78.86,97.0,1,1,1.0
401,58,220.8,80.0,61.8,43.67,1,1,1.0
401,59,380.8,30.93,39.4,22.33,1,1,1.0
401,60,277.33,53.33,42.6,19.13,1,1,0.2558
401,61,109.87,70.4,45.8,38.33,1,1,1.0
401,62,59.73,330.67,119.4,130.06,1,1,1.0
401,63,515.2,66.13,60.73,31.93,1,1,0.782
401,64,469.33,74.67,63.94,38.33,1,1,0.7301
401,65,449.07,99.2,68.2,30.87,1,1,0.5108
401,66,53.33,40.53,30.87,20.2,1,1,1.0
402,49,234.88,14.08,29.8,16.57,1,1,1.0
402,51,179.2,22.61,31.08,16.79,1,1,0.2455
402,52,280.75,11.31,28.3,16.79,1,1,1.0
402,53,297.6,26.24,35.35,21.91,1,1,1.0
402,54,413.23,151.04,124.73,95.08,1,1,1.0
402,55,275.2,169.39,87.4,67.13,1,1,1.0
402,57,67.2,122.88,80.57,97.64,1,1,1.0
402,58,224.43,81.49,62.22,44.74,1,1,1.0
402,59,377.81,29.87,38.98,22.33,1,1,1.0
402,60,274.56,52.48,42.17,19.35,1,1,0.1819
402,61,111.79,71.47,46.65,39.18,1,1,1.0
402,62,65.07,344.53,125.16,135.62,1,1,1.0
402,63,509.44,64.85,60.52,31.93,1,1,0.7967
402,64,463.15,73.39,63.08,37.69,1,1,0.7225
402,65,443.09,97.07,67.14,31.29,1,1,0.5717
402,66,54.19,40.32,31.93,21.91,1,1,1.0
403,49,232.96,13.23,29.8,17.21,1,1,1.0
403,51,177.07,21.76,31.29,17.64,1,1,0.2849
403,52,278.83,10.88,27.88,16.57,1,1,1.0
403,53,295.47,25.81,35.56,21.48,1,1,1.0
403,54,423.25,154.88,127.94,97.43,1,1,1.0
403,55,281.6,173.44,89.53,68.2,1,1,1.0
403,57,69.33,126.29,82.28,98.28,1,1,1.0
403,58,228.05,82.99,62.66,45.8,1,1,1.0
403,59,374.83,28.8,38.54,22.33,1,1,1.0
403,60,271.79,51.63,41.74,19.56,1,1,0.2467
403,61,113.71,72.53,47.5,40.04,1,1,1.0
403,62,70.4,358.4,130.92,141.16,1,1,1.0
403,63,503.68,63.57,60.31,31.93,1,1,0.8116
403,64,456.96,72.11,62.23,37.05,1,1,0.7148
403,65,437.12,94.93,66.07,31.72,1,1,0.563
403,66,55.04,40.11,33.0,23.61,1,1,1.0
404,49,231.04,12.37,29.8,17.85,1,1,1.0
404,51,174.93,20.91,31.51,18.49,1,1,0.3209
404,52,276.91,10.45,27.45,16.36,1,1,1.0
404,53,293.33,25.39,35.78,21.05,1,1,1.0
404,54,433.28,158.72,131.13,99.77,1,1,1.0
404,55,288.0,177.49,91.67,69.27,1,1,1.0
404,57,71.47,129.71,83.98,98.92,1,1,1.0
404,58,231.68,84.48,63.08,46.87,1,1,1.0
404,59,371.84,27.73,38.12,22.33,1,1,1.0
404,60,269.01,50.77,41.32,19.77,1,1,0.282
404,61,115.63,73.6,48.36,40.89,1,1,1.0
404,62,75.73,372.27,136.68,146.7,1,1,1.0
404,63,497.92,62.29,60.09,31.93,1,1,1.0
404,64,450.77,70.83,61.38,36.41,1,1,0.7068
404,65,431.15,92.8,65.0,32.15,1,1,0.5701
404,66,55.89,39.89,34.07,25.32,1,1,1.0
405,49,229.12,11.52,29.8,18.49,1,1,1.0
405,51,172.8,20.05,31.72,19.35,1,1,0.3535
405,52,274.99,10.03,27.02,16.15,1,1,1.0
405,53,291.2,24.96,35.99,20.63,1,1,1.0
405,54,443.31,162.56,134.33,102.12,1,1,1.0
405,55,294.4,181.55,93.8,70.33,1,1,1.0
405,57,73.6,133.12,85.69,99.56,1,1,1.0
405,58,235.31,85.97,63.5,47.94,1,1,1.0
405,59,368.85,26.67,37.7,22.33,1,1,1.0
405,60,266.24,49.92,40.89,19.99,1,1,0.2067
405,61,117.55,74.67,49.21,41.74,1,1,1.0
405,62,81.07,386.13,142.44,154.87,1,1,1.0
405,63,492.16,61.01,59.88,31.93,1,1,1.0
405,64,444.59,69.55,60.52,35.77,1,1,0.6987
405,65,425.17,90.67,63.94,32.57,1,1,0.5674
405,66,56.75,39.68,35.13,27.03,1,1,1.0
406,49,227.2,10.67,29.8,19.13,1,1,1.0
406,51,170.67,19.2,31.93,20.2,1,1,0.2574
406,52,273.07,9.6,26.6,15.93,1,1,1.0
406,53,289.07,24.53,36.2,20.2,1,1,1.0
406,54,453.33,166.4,137.54,104.47,1,1,1.0
406,55,300.8,185.6,95.93,71.4,1,1,1.0
406,57,75.73,136.53,87.4,100.2,1,1,1.0
406,58,238.93,87.47,63.94,49.0,1,1,1.0
406,59,365.87,25.6,37.26,22.33,1,1,1.0
406,60,263.47,49.07,40.46,20.2,1,1,0.2672
406,61,119.47,75.73,50.06,42.6,1,1,1.0
406,62,86.4,400.0,148.2,141.0,1,1,1.0
406,63,486.4,59.73,59.67,31.93,1,1,1.0
406,64,438.4,68.27,59.67,35.13,1,1,0.6903
406,65,419.2,88.53,62.87,33.0,1,1,0.5821
406,66,57.6,39.47,36.2,28.73,1,1,1.0
407,49,225.92,10.67,29.37,18.71,1,1,1.0
407,51,169.81,19.2,31.08,19.35,1,1,0.2527
407,52,270.72,9.39,27.24,16.15,1,1,1.0
407,53,287.15,24.11,35.56,19.56,1,1,1.0
407,54,465.07,171.52,142.65,107.67,1,1,1.0
407,55,308.05,190.29,98.28,72.9,1,1,1.0
407,57,77.65,139.95,89.32,104.25,1,1,1.0
407,58,242.77,89.17,64.36,49.0,1,1,1.0
407,59,362.67,24.96,36.84,22.33,1,1,1.0
407,60,260.48,48.21,39.83,20.2,1,1,0.1875
407,61,121.81,77.23,50.71,43.02,1,1,1.0
407,62,94.08,417.49,146.71,123.51,1,1,1.0
407,63,481.71,58.88,58.81,31.93,1,1,1.0
407,64,432.85,66.77,58.82,34.71,1,1,0.6896
407,65,414.29,86.83,61.8,32.57,1,1,0.5549
407,66,58.45,40.75,36.41,27.88,1,1,1.0
408,49,224.64,10.67,28.95,18.28,1,1,1.0
408,51,168.96,19.2,30.23,18.49,1,1,0.3256
408,52,268.37,9.17,27.88,16.36,1,1,1.0
408,53,285.23,23.68,34.92,18.92,1,1,1.0
408,54,476.8,176.64,147.77,110.87,1,1,1.0
408,55,315.31,194.99,100.62,74.38,1,1,1.0
408,57,79.57,143.36,91.24,108.31,1,1,1.0
408,58,246.61,90.88,64.79,49.0,1,1,1.0
408,59,359.47,24.32,36.41,22.33,1,1,1.0
408,60,257.49,47.36,39.19,20.2,1,1,0.2671
408,61,124.16,78.72,51.35,43.45,1,1,1.0
408,62,101.76,434.99,145.21,106.01,1,1,1.0
408,63,477.01,58.03,57.96,31.93,1,1,1.0
408,64,427.31,65.28,57.96,34.28,1,1,0.6889
408,65,409.39,85.12,60.73,32.15,1,1,0.5559
408,66,59.31,42.03,36.63,27.03,1,1,1.0
409,49,223.36,10.67,28.52,17.85,1,1,1.0
409,51,168.11,19.2,29.37,17.64,1,1,0.1725
409,52,266.03,8.96,28.52,16.57,1,1,1.0
409,53,283.31,23.25,34.28,18.28,1,1,1.0
409,54,488.53,181.76,152.9,114.07,1,1,1.0
409,55,322.56,199.68,102.97,75.88,1,1,1.0
409,57,81.49,146.77,93.16,112.36,1,1,1.0
409,58,250.45,92.59,65.22,49.0,1,1,1.0
409,59,356.27,23.68,35.98,22.33,1,1,1.0
409,60,254.51,46.51,38.54,20.2,1,1,0.174
409,61,126.51,80.21,51.98,43.88,1,1,1.0
409,62,109.44,452.48,143.72,88.52,1,1,1.0
409,63,472.32,57.17,57.11,31.93,1,1,1.0
409,64,421.76,63.79,57.11,33.85,1,1,0.6881
409,65,404.48,83.41,59.67,31.72,1,1,0.5462
409,66,60.16,43.31,36.84,26.17,1,1,1.0
410,49,222.08,10.67,28.09,17.43,1,1,1.0
410,51,167.25,19.2,28.52,16.79,1,1,0.1887
410,52,263.68,8.75,29.16,16.79,1,1,1.0
410,53,281.39,22.83,33.64,17.64,1,1,1.0
410,54,500.27,186.88,158.01,117.27,1,1,1.0
410,55,329.81,204.37,105.32,77.38,1,1,1.0
410,57,83.41,150.19,95.08,116.41,1,1,1.0
410,58,254.29,94.29,65.64,49.0,1,1,1.0
410,59,353.07,23.04,35.56,22.33,1,1,1.0
410,60,251.52,45.65,37.91,20.2,1,1,0.234
410,61,128.85,81.71,52.63,44.3,1,1,1.0
410,62,117.12,469.97,142.23,71.03,1,1,1.0
410,63,467.63,56.32,56.25,31.93,1,1,1.0
410,64,416.21,62.29,56.26,33.43,1,1,0.6873
410,65,399.57,81.71,58.6,31.29,1,1,0.5992
410,66,61.01,44.59,37.05,25.32,1,1,1.0
411,49,220.8,10.67,27.67,17.0,1,1,1.0
411,51,166.4,19.2,27.67,15.93,1,1,0.1841
411,52,261.33,8.53,29.8,17.0,1,1,1.0
411,53,279.47,22.4,33.0,17.0,1,1,1.0
411,54,512.0,192.0,163.13,120.47,1,1,1.0
411,55,337.07,209.07,107.66,78.86,1,1,1.0
411,57,85.33,153.6,97.0,120.47,1,1,1.0
411,58,258.13,96.0,66.07,49.0,1,1,1.0
411,59,349.87,22.4,35.13,22.33,1,1,1.0
411,60,248.53,44.8,37.27,20.2,1,1,0.1584
411,61,131.2,83.2,53.27,44.73,1,1,1.0
411,62,124.8,487.47,140.73,53.53,1,1,1.0
411,63,462.93,55.47,55.4,31.93,1,1,1.0
411,64,410.67,60.8,55.4,33.0,1,1,0.6865
411,65,394.67,80.0,57.53,30.87,1,1,0.5409
411,66,61.87,45.87,37.27,24.47,1,1,1.0
411,67,864.0,139.73,97.0,60.74,1,1,1.0
412,52,260.05,8.32,28.95,16.57,1,1,1.0
412,53,277.55,21.76,32.57,17.21,1,1,1.0
412,54,527.15,197.76,169.32,124.52,1,1,1.0
412,55,346.24,213.97,111.93,81.86,1,1,1.0
412,57,87.89,157.44,100.2,122.39,1,1,1.0
412,58,262.4,97.28,67.77,50.71,1,1,1.0
412,59,347.52,21.97,34.49,22.33,1,1,1.0
412,60,246.4,43.95,37.05,20.41,1,1,0.2083
412,61,133.76,84.91,54.33,45.37,1,1,1.0
412,63,459.09,53.97,54.98,31.72,1,1,1.0
412,64,406.61,59.73,54.12,32.36,1,1,0.6845
412,65,390.19,78.29,56.46,31.94,1,1,0.5247
412,66,63.36,46.29,37.69,25.11,1,1,1.0
412,67,850.77,136.53,110.23,59.88,1,1,1.0
413,52,258.77,8.11,28.1,16.15,1,1,1.0
413,53,275.63,21.12,32.14,17.43,1,1,1.0
413,54,542.29,203.52,175.51,128.57,1,1,1.0
413,55,355.41,218.88,116.2,84.84,1,1,1.0
413,57,90.45,161.28,103.4,124.31,1,1,1.0
413,58,266.67,98.56,69.48,52.41,1,1,1.0
413,59,345.17,21.55,33.86,22.33,1,1,1.0
413,60,244.27,43.09,36.84,20.63,1,1,0.1783
413,61,136.32,86.61,55.4,46.02,1,1,1.0
413,63,455.25,52.48,54.55,31.51,1,1,1.0
413,64,402.56,58.67,52.84,31.72,1,1,0.6826
413,65,385.71,76.59,55.4,33.0,1,1,0.4886
413,66,64.85,46.72,38.12,25.75,1,1,1.0
413,67,837.55,133.33,123.45,59.03,1,1,1.0
414,52,257.49,7.89,27.24,15.72,1,1,1.0
414,53,273.71,20.48,31.72,17.64,1,1,1.0
414,54,557.44,209.28,181.69,132.63,1,1,1.0
414,55,364.59,223.79,120.46,87.82,1,1,1.0
414,57,93.01,165.12,106.6,126.23,1,1,1.0
414,58,270.93,99.84,71.19,54.12,1,1,1.0
414,59,342.83,21.12,33.21,22.33,1,1,1.0
414,60,242.13,42.24,36.63,20.84,1,1,0.1843
414,61,138.88,88.32,56.47,46.65,1,1,1.0
414,63,451.41,50.99,54.12,31.29,1,1,1.0
414,64,398.51,57.6,51.56,31.08,1,1,0.6809
414,65,381.23,74.88,54.33,34.07,1,1,0.4574
414,66,66.35,47.15,38.54,26.39,1,1,1.0
414,67,824.32,130.13,115.35,58.18,1,1,1.0
415,52,256.21,7.68,26.39,15.29,1,1,1.0
415,53,271.79,19.84,31.29,17.85,1,1,1.0
415,54,572.59,215.04,187.88,136.68,1,1,1.0
415,55,373.76,228.69,124.73,90.82,1,1,1.0
415,57,95.57,168.96,109.8,128.15,1,1,1.0
415,58,275.2,101.12,72.89,55.83,1,1,1.0
415,59,340.48,20.69,32.57,22.33,1,1,1.0
415,60,240.0,41.39,36.41,21.05,1,1,0.1241
415,61,141.44,90.03,57.53,47.29,1,1,1.0
415,63,447.57,49.49,53.7,31.08,1,1,1.0
415,64,394.45,56.53,50.28,30.44,1,1,0.6794
415,65,376.75,73.17,53.26,35.14,1,1,0.422
415,66,67.84,47.57,38.97,27.03,1,1,1.0
415,67,811.09,126.93,116.84,57.32,1,1,1.0
416,52,254.93,7.47,25.54,14.87,1,1,1.0
416,53,269.87,19.2,30.86,18.07,1,1,1.0
416,54,587.73,220.8,194.07,140.73,1,1,1.0
416,55,382.93,233.6,129.0,93.8,1,1,1.0
416,57,98.13,172.8,113.0,130.07,1,1,1.0
416,58,279.47,102.4,74.6,57.53,1,1,1.0
416,59,338.13,20.27,31.94,22.33,1,1,1.0
416,60,237.87,40.53,36.2,21.27,1,1,0.166
416,61,144.0,91.73,58.6,47.94,1,1,1.0
416,63,443.73,48.0,53.27,30.87,1,1,1.0
416,64,390.4,55.47,49.0,29.8,1,1,0.678
416,65,372.27,71.47,52.2,36.2,1,1,0.4199
416,66,69.33,48.0,39.4,27.67,1,1,1.0
416,67,797.87,123.73,118.33,56.47,1,1,1.0
417,53,268.16,18.77,31.08,18.28,1,1,1.0
417,54,606.08,227.41,204.09,148.63,1,1,1.0
417,55,394.45,240.64,132.84,96.15,1,1,1.0
417,57,101.55,177.92,115.56,132.84,1,1,1.0
417,58,284.37,104.96,76.95,57.96,1,1,1.0
417,59,335.57,19.84,31.94,21.48,1,1,1.0
417,60,235.31,39.68,36.62,21.48,1,1,0.1321
417,61,146.99,93.44,59.66,48.57,1,1,1.0
417,63,439.68,48.0,52.41,29.59,1,1,1.0
417,64,385.28,54.19,49.21,30.23,1,1,0.6892
417,65,367.15,71.25,53.26,34.07,1,1,0.3934
417,66,70.83,48.43,39.4,27.88,1,1,1.0
417,67,786.13,121.6,115.78,54.97,1,1,1.0
418,53,266.45,18.35,31.3,18.49,1,1,1.0
418,54,624.43,234.03,214.12,156.52,1,1,1.0
418,55,405.97,247.68,136.68,98.49,1,1,1.0
418,57,104.96,183.04,118.12,135.61,1,1,1.0
418,58,289.28,107.52,79.29,58.39,1,1,1.0
418,59,333.01,19.41,31.94,20.63,1,1,1.0
418,60,232.75,38.83,37.05,21.69,1,1,0.0541
418,61,149.97,95.15,60.74,49.21,1,1,1.0
418,63,435.63,48.0,51.56,28.31,1,1,1.0
418,64,380.16,52.91,49.43,30.65,1,1,0.7009
418,65,362.03,71.04,54.33,31.93,1,1,0.3433
418,66,72.32,48.85,39.4,28.09,1,1,1.0
418,67,774.4,119.47,113.21,53.48,1,1,1.0
419,53,264.75,17.92,31.5,18.71,1,1,1.0
419,54,642.77,240.64,224.15,164.41,1,1,1.0
419,55,417.49,254.72,140.52,100.84,1,1,1.0
419,57,108.37,188.16,120.68,138.39,1,1,1.0
419,58,294.19,110.08,81.64,58.81,1,1,1.0
419,59,330.45,18.99,31.94,19.77,1,1,1.0
419,60,230.19,37.97,37.48,21.91,1,1,0.1087
419,61,152.96,96.85,61.8,49.86,1,1,1.0
419,63,431.57,48.0,50.71,27.03,1,1,1.0
419,64,375.04,51.63,49.64,31.08,1,1,0.713
419,65,356.91,70.83,55.4,29.8,1,1,0.3872
419,66,73.81,49.28,39.4,28.31,1,1,1.0
419,67,762.67,117.33,110.65,51.99,1,1,1.0
420,53,263.04,17.49,31.72,18.92,1,1,1.0
420,54,661.12,247.25,234.17,172.31,1,1,1.0
420,55,429.01,261.76,144.36,103.19,1,1,1.0
420,57,111.79,193.28,123.24,141.16,1,1,1.0
420,58,299.09,112.64,83.99,59.24,1,1,1.0
420,59,327.89,18.56,31.94,18.92,1,1,1.0
420,60,227.63,37.12,37.9,22.12,1,1,0.1614
420,61,155.95,98.56,62.86,50.49,1,1,1.0
420,63,427.52,48.0,49.85,25.75,1,1,1.0
420,64,369.92,50.35,49.85,31.51,1,1,0.7257
420,65,351.79,70.61,56.46,27.67,1,1,0.3417
420,66,75.31,49.71,39.4,28.52,1,1,1.0
420,67,750.93,115.2,108.1,50.49,1,1,1.0
421,53,261.33,17.07,31.94,19.13,1,1,1.0
421,54,679.47,253.87,244.2,180.2,1,1,1.0
421,55,440.53,268.8,148.2,105.53,1,1,1.0
421,57,115.2,198.4,125.8,143.93,1,1,1.0
421,58,304.0,115.2,86.33,59.67,1,1,1.0
421,59,325.33,18.13,31.94,18.07,1,1,1.0
421,60,225.07,36.27,38.33,22.33,1,1,0.1096
421,61,158.93,100.27,63.94,51.13,1,1,1.0
421,63,423.47,48.0,49.0,24.47,1,1,1.0
421,64,364.8,49.07,50.07,31.93,1,1,0.7388
421,65,346.67,70.4,57.53,25.53,1,1,0.2193
421,66,76.8,50.13,39.4,28.73,1,1,1.0
421,67,739.2,113.07,105.53,49.0,1,1,1.0
421,68,897.07,202.67,63.93,45.8,1,1,1.0
422,53,259.41,16.64,32.15,18.71,1,1,1.0
422,54,703.57,263.89,230.34,181.7,1,1,1.0
422,55,454.19,276.48,154.6,110.65,1,1,1.0
422,57,118.61,205.23,130.92,148.62,1,1,1.0
422,58,309.55,117.55,88.04,60.94,1,1,1.0
422,59,322.77,17.71,31.72,18.49,1,1,1.0
422,60,223.36,35.41,37.48,21.69,1,1,0.1391
422,61,162.35,102.4,64.78,51.99,1,1,1.0
422,63,420.05,47.15,48.36,25.11,1,1,1.0
422,64,361.39,48.43,49.21,31.08,1,1,0.7305
422,65,344.11,68.69,55.4,25.75,1,1,0.2904
422,66,78.72,51.2,39.4,29.16,1,1,1.0
422,67,728.32,110.72,103.19,48.57,1,1,1.0
422,68,880.43,196.05,80.57,50.07,1,1,1.0
423,53,257.49,16.21,32.36,18.28,1,1,1.0
423,54,727.68,273.92,216.47,183.19,1,1,1.0
423,55,467.84,284.16,161.0,115.77,1,1,1.0
423,57,122.03,212.05,136.04,153.32,1,1,1.0
423,58,315.09,119.89,89.75,62.23,1,1,1.0
423,59,320.21,17.28,31.51,18.92,1,1,1.0
423,60,221.65,34.56,36.63,21.05,1,1,0.1061
423,61,165.76,104.53,65.64,52.84,1,1,1.0
423,63,416.64,46.29,47.72,25.75,1,1,1.0
423,64,357.97,47.79,48.36,30.23,1,1,0.7221
423,65,341.55,66.99,53.26,25.96,1,1,0.3527
423,66,80.64,52.27,39.4,29.59,1,1,1.0
423,67,717.44,108.37,100.84,48.15,1,1,1.0
423,68,863.79,189.44,97.21,54.33,1,1,1.0
424,53,255.57,15.79,32.58,17.85,1,1,1.0
424,54,751.79,283.95,209.21,184.68,1,1,1.0
424,55,481.49,291.84,167.4,120.89,1,1,1.0
424,57,125.44,218.88,141.16,158.01,1,1,1.0
424,58,320.64,122.24,91.45,63.51,1,1,1.0
424,59,317.65,16.85,31.3,19.35,1,1,1.0
424,60,219.95,33.71,35.77,20.41,1,1,0.1314
424,61,169.17,106.67,66.5,53.69,1,1,1.0
424,63,413.23,45.44,47.08,26.39,1,1,1.0
424,64,354.56,47.15,47.51,29.37,1,1,0.7136
424,65,338.99,65.28,51.13,26.17,1,1,0.3633
424,66,82.56,53.33,39.4,30.01,1,1,1.0
424,67,706.56,106.03,98.49,47.72,1,1,1.0
424,68,847.15,182.83,113.85,58.6,1,1,1.0
425,53,253.65,15.36,32.79,17.43,1,1,1.0
425,54,775.89,293.97,185.11,186.18,1,1,1.0
425,55,495.15,299.52,173.8,126.01,1,1,1.0
425,57,128.85,225.71,146.28,162.7,1,1,1.0
425,58,326.19,124.59,93.16,64.78,1,1,1.0
425,59,315.09,16.43,31.08,19.77,1,1,1.0
425,60,218.24,32.85,34.92,19.77,1,1,0.163
425,61,172.59,108.8,67.34,54.55,1,1,1.0
425,63,409.81,44.59,46.44,27.03,1,1,1.0
425,64,351.15,46.51,46.65,28.52,1,1,0.7049
425,65,336.43,63.57,49.0,26.39,1,1,0.4005
425,66,84.48,54.4,39.4,30.44,1,1,1.0
425,67,695.68,103.68,96.15,47.29,1,1,1.0
425,68,830.51,176.21,130.49,62.87,1,1,1.0
426,53,251.73,14.93,33.0,17.0,1,1,1.0
426,54,800.0,304.0,161.0,187.67,1,1,1.0
426,55,508.8,307.2,180.2,131.13,1,1,1.0
426,57,132.27,232.53,151.4,167.4,1,1,1.0
426,58,331.73,126.93,94.87,66.07,1,1,1.0
426,59,312.53,16.0,30.87,20.2,1,1,1.0
426,60,216.53,32.0,34.07,19.13,1,1,0.216
426,61,176.0,110.93,68.2,55.4,1,1,1.0
426,63,406.4,43.73,45.8,27.67,1,1,1.0
426,64,347.73,45.87,45.8,27.67,1,1,0.6962
426,65,333.87,61.87,46.86,26.6,1,1,0.4576
426,66,86.4,55.47,39.4,30.87,1,1,1.0
426,67,684.8,101.33,93.8,46.87,1,1,1.0
426,68,813.87,169.6,147.13,67.13,1,1,1.0
426,69,902.4,67.2,58.6,101.27,1,1,1.0
426,70,78.93,18.13,29.8,22.33,1,1,1.0
427,53,250.45,14.51,32.58,17.43,1,1,1.0
427,55,527.15,319.36,188.94,137.11,1,1,1.0
427,57,137.6,240.21,156.31,174.23,1,1,1.0
427,58,338.56,129.71,96.57,67.77,1,1,1.0
427,59,310.19,15.36,30.86,20.2,1,1,1.0
427,60,214.61,31.15,34.07,19.77,1,1,0.1443
427,61,179.63,112.64,69.48,56.04,1,1,1.0
427,63,402.56,42.24,45.37,28.09,1,1,1.0
427,64,343.47,44.37,45.8,27.88,1,1,0.691
427,65,330.03,60.37,46.65,26.81,1,1,0.4406
427,66,87.89,56.11,40.68,31.08,1,1,1.0
427,67,676.48,99.41,91.88,46.23,1,1,1.0
427,68,799.36,166.19,138.17,64.57,1,1,1.0
427,69,885.97,63.15,75.03,105.74,1,1,1.0
427,70,80.0,18.13,30.44,23.4,1,1,1.0
428,53,249.17,14.08,32.15,17.85,1,1,1.0
428,55,545.49,331.52,197.7,143.08,1,1,1.0
428,57,142.93,247.89,161.22,181.06,1,1,1.0
428,58,345.39,132.48,98.28,69.48,1,1,1.0
428,59,307.84,14.72,30.87,20.2,1,1,1.0
428,60,212.69,30.29,34.07,20.41,1,1,0.1816
428,61,183.25,114.35,70.76,56.68,1,1,1.0
428,63,398.72,40.75,44.95,28.52,1,1,1.0
428,64,339.2,42.88,45.8,28.09,1,1,0.6858
428,65,326.19,58.88,46.44,27.03,1,1,0.4114
428,66,89.39,56.75,41.96,31.29,1,1,1.0
428,67,668.16,97.49,89.96,45.59,1,1,1.0
428,68,784.85,162.77,135.62,62.02,1,1,1.0
428,69,869.55,59.09,91.45,110.23,1,1,1.0
428,70,81.07,18.13,31.08,24.47,1,1,1.0
429,53,247.89,13.65,31.72,18.28,1,1,1.0
429,55,563.84,343.68,206.44,149.05,1,1,1.0
429,57,148.27,255.57,166.12,187.88,1,1,1.0
429,58,352.21,135.25,99.99,71.19,1,1,1.0
429,59,305.49,14.08,30.87,20.2,1,1,1.0
429,60,210.77,29.44,34.07,21.05,1,1,0.2449
429,61,186.88,116.05,72.04,57.32,1,1,1.0
429,63,394.88,39.25,44.52,28.95,1,1,1.0
429,64,334.93,41.39,45.8,28.31,1,1,0.6807
429,65,322.35,57.39,46.22,27.24,1,1,0.463
429,66,90.88,57.39,43.24,31.51,1,1,1.0
429,67,659.84,95.57,88.04,44.95,1,1,1.0
429,68,770.35,159.36,133.05,59.45,1,1,1.0
429,69,853.12,55.04,107.88,114.71,1,1,1.0
429,70,82.13,18.13,31.72,25.53,1,1,1.0
430,53,246.61,13.23,31.3,18.71,1,1,1.0
430,55,582.19,355.84,215.18,155.03,1,1,1.0
430,57,153.6,263.25,171.03,194.71,1,1,1.0
430,58,359.04,138.03,101.69,72.89,1,1,1.0
430,59,303.15,13.44,30.86,20.2,1,1,1.0
430,60,208.85,28.59,34.07,21.69,1,1,0.2749
430,61,190.51,117.76,73.32,57.96,1,1,1.0
430,63,391.04,37.76,44.09,29.37,1,1,1.0
430,64,330.67,39.89,45.8,28.52,1,1,0.6755
430,65,318.51,55.89,46.01,27.45,1,1,0.4536
430,66,92.37,58.03,44.52,31.72,1,1,1.0
430,67,651.52,93.65,86.12,44.31,1,1,1.0
430,68,755.84,155.95,130.49,56.89,1,1,1.0
430,69,836.69,50.99,124.31,119.18,1,1,1.0
430,70,83.2,18.13,32.36,26.6,1,1,1.0
431,53,245.33,12.8,30.87,19.13,1,1,1.0
431,55,600.53,368.0,223.94,161.0,1,1,1.0
431,57,158.93,270.93,175.94,201.54,1,1,1.0
431,58,365.87,140.8,103.4,74.6,1,1,1.0
431,59,300.8,12.8,30.87,20.2,1,1,1.0
431,60,206.93,27.73,34.07,22.33,1,1,0.3032
431,61,194.13,119.47,74.6,58.6,1,1,1.0
431,63,387.2,36.27,43.67,29.8,1,1,1.0
431,64,326.4,38.4,45.8,28.73,1,1,0.6703
431,65,314.67,54.4,45.8,27.67,1,1,0.4193
431,66,93.87,58.67,45.8,31.93,1,1,1.0
431,67,643.2,91.73,84.2,43.67,1,1,1.0
431,68,741.33,152.53,127.94,54.34,1,1,1.0
431,69,820.27,46.93,140.73,123.67,1,1,1.0
431,70,84.27,18.13,33.0,27.67,1,1,1.0
432,53,243.84,11.95,30.65,19.13,1,1,1.0
432,55,623.79,383.15,228.62,157.85,1,1,1.0
432,57,164.69,280.96,185.54,204.73,1,1,1.0
432,58,373.55,143.79,105.74,76.3,1,1,1.0
432,59,298.67,12.37,30.86,19.56,1,1,1.0
432,60,205.01,27.09,34.28,21.91,1,1,0.253
432,61,198.61,121.81,76.74,60.1,1,1,1.0
432,63,384.43,35.84,43.24,28.95,1,1,1.0
432,64,323.84,37.55,44.73,28.52,1,1,0.6685
432,65,311.47,53.33,45.58,27.45,1,1,0.4682
432,66,95.79,59.52,45.8,31.93,1,1,1.0
432,67,634.88,89.6,83.35,43.67,1,1,1.0
432,68,728.53,149.12,124.95,53.69,1,1,1.0
432,69,807.47,45.01,153.53,124.31,1,1,1.0
432,70,85.55,18.77,33.21,27.24,1,1,1.0
433,53,242.35,11.09,30.44,19.13,1,1,1.0
433,55,647.04,398.29,233.32,142.71,1,1,1.0
433,57,170.45,290.99,195.14,207.93,1,1,1.0
433,58,381.23,146.77,108.09,78.02,1,1,1.0
433,59,296.53,11.95,30.87,18.92,1,1,1.0
433,60,203.09,26.45,34.5,21.48,1,1,0.2905
433,61,203.09,124.16,78.87,61.59,1,1,1.0
433,63,381.65,35.41,42.82,28.09,1,1,1.0
433,64,321.28,36.69,43.67,28.31,1,1,0.6667
433,65,308.27,52.27,45.37,27.24,1,1,0.4571
433,66,97.71,60.37,45.8,31.93,1,1,1.0
433,67,626.56,87.47,82.49,43.66,1,1,1.0
433,68,715.73,145.71,121.96,53.05,1,1,1.0
433,69,794.67,43.09,166.33,124.95,1,1,1.0
433,70,86.83,19.41,33.42,26.81,1,1,1.0
434,53,240.85,10.24,30.23,19.13,1,1,1.0
434,55,670.29,413.44,238.02,127.56,1,1,1.0
434,57,176.21,301.01,204.74,211.14,1,1,1.0
434,58,388.91,149.76,110.44,79.72,1,1,1.0
434,59,294.4,11.52,30.87,18.28,1,1,1.0
434,60,201.17,25.81,34.71,21.05,1,1,0.3107
434,61,207.57,126.51,81.0,63.08,1,1,1.0
434,63,378.88,34.99,42.39,27.24,1,1,1.0
434,64,318.72,35.84,42.6,28.09,1,1,0.6647
434,65,305.07,51.2,45.16,27.03,1,1,0.4844
434,66,99.63,61.23,45.8,31.93,1,1,1.0
434,67,618.24,85.33,81.64,43.67,1,1,1.0
434,68,702.93,142.29,118.98,52.42,1,1,1.0
434,69,781.87,41.17,179.13,125.59,1,1,1.0
434,70,88.11,20.05,33.64,26.39,1,1,1.0
435,53,239.36,9.39,30.01,19.13,1,1,1.0
435,55,693.55,428.59,242.7,112.41,1,1,1.0
435,57,181.97,311.04,214.34,214.33,1,1,1.0
435,58,396.59,152.75,112.78,81.42,1,1,1.0
435,59,292.27,11.09,30.86,17.64,1,1,1.0
435,60,199.25,25.17,34.92,20.63,1,1,0.3453
435,61,212.05,128.85,83.14,64.58,1,1,1.0
435,63,376.11,34.56,41.96,26.39,1,1,1.0
435,64,316.16,34.99,41.53,27.88,1,1,0.6629
435,65,301.87,50.13,44.94,26.81,1,1,0.538
435,66,101.55,62.08,45.8,31.93,1,1,1.0
435,67,609.92,83.2,80.79,43.67,1,1,1.0
435,68,690.13,138.88,115.99,51.77,1,1,1.0
435,69,769.07,39.25,191.93,126.23,1,1,1.0
435,70,89.39,20.69,33.85,25.96,1,1,1.0
436,53,237.87,8.53,29.8,19.13,1,1,1.0
436,55,716.8,443.73,244.2,97.27,1,1,1.0
436,57,187.73,321.07,223.94,219.93,1,1,1.0
436,58,404.27,155.73,115.13,83.14,1,1,1.0
436,59,290.13,10.67,30.87,17.0,1,1,1.0
436,60,197.33,24.53,35.14,20.2,1,1,0.2845
436,61,216.53,131.2,85.27,66.07,1,1,1.0
436,63,373.33,34.13,41.54,25.53,1,1,1.0
436,64,313.6,34.13,40.47,27.67,1,1,0.6611
436,65,298.67,49.07,44.73,26.6,1,1,0.5594
436,66,103.47,62.93,45.8,31.93,1,1,1.0
436,67,601.6,81.07,79.93,43.66,1,1,1.0
436,68,677.33,135.47,113.0,51.13,1,1,1.0
436,69,756.27,37.33,204.73,126.87,1,1,1.0
436,70,90.67,21.33,34.06,25.53,1,1,1.0
437,53,236.37,8.75,29.38,18.71,1,1,1.0
437,57,196.48,336.85,228.63,204.15,1,1,1.0
437,58,413.23,159.79,118.97,85.9,1,1,1.0
437,59,287.79,10.45,30.65,17.64,1,1,1.0
437,60,195.41,24.53,34.71,20.2,1,1,0.283
437,61,221.23,134.61,85.9,68.2,1,1,1.0
437,63,370.13,33.71,41.32,26.17,1,1,1.0
437,64,309.97,33.71,40.26,27.45,1,1,0.6657
437,65,295.89,48.85,44.1,26.17,1,1,0.5157
437,66,105.17,64.21,46.66,32.79,1,1,1.0
437,67,594.99,80.21,77.8,43.03,1,1,1.0
437,68,666.67,132.69,110.65,50.5,1,1,1.0
437,69,744.11,36.91,216.89,123.88,1,1,1.0
437,70,91.95,22.4,34.28,25.96,1,1,1.0
438,53,234.88,8.96,28.95,18.28,1,1,1.0
438,57,205.23,352.64,233.32,188.36,1,1,1.0
438,58,422.19,163.84,122.81,88.68,1,1,1.0
438,59,285.44,10.24,30.44,18.28,1,1,1.0
438,60,193.49,24.53,34.28,20.2,1,1,0.2815
438,61,225.92,138.03,86.55,70.33,1,1,1.0
438,63,366.93,33.28,41.11,26.81,1,1,1.0
438,64,306.35,33.28,40.04,27.24,1,1,0.6708
438,65,293.12,48.64,43.45,25.75,1,1,0.5286
438,66,106.88,65.49,47.51,33.64,1,1,1.0
438,67,588.37,79.36,75.67,42.39,1,1,1.0
438,68,656.0,129.92,108.31,49.85,1,1,1.0
438,69,731.95,36.48,229.05,120.89,1,1,1.0
438,70,93.23,23.47,34.49,26.39,1,1,1.0
439,53,233.39,9.17,28.52,17.85,1,1,1.0
439,57,213.97,368.43,238.02,172.57,1,1,1.0
439,58,431.15,167.89,126.65,91.46,1,1,1.0
439,59,283.09,10.03,30.23,18.92,1,1,1.0
439,60,191.57,24.53,33.86,20.2,1,1,0.2892
439,61,230.61,141.44,87.19,72.47,1,1,1.0
439,63,363.73,32.85,40.9,27.45,1,1,1.0
439,64,302.72,32.85,39.83,27.03,1,1,0.6761
439,65,290.35,48.43,42.81,25.32,1,1,0.5125
439,66,108.59,66.77,48.36,34.5,1,1,1.0
439,67,581.76,78.51,73.53,41.74,1,1,1.0
439,68,645.33,127.15,105.96,49.21,1,1,1.0
439,69,719.79,36.05,241.21,117.91,1,1,1.0
439,70,94.51,24.53,34.7,26.81,1,1,1.0
440,53,231.89,9.39,28.1,17.43,1,1,1.0
440,57,222.72,384.21,242.71,156.79,1,1,1.0
440,58,440.11,171.95,130.49,94.22,1,1,1.0
440,59,280.75,9.81,30.01,19.56,1,1,1.0
440,60,189.65,24.53,33.43,20.2,1,1,0.1823
440,61,235.31,144.85,87.82,74.6,1,1,1.0
440,63,360.53,32.43,40.68,28.09,1,1,1.0
440,64,299.09,32.43,39.62,26.81,1,1,0.6817
440,65,287.57,48.21,42.18,24.89,1,1,0.4924
440,66,110.29,68.05,49.22,35.35,1,1,1.0
440,67,575.15,77.65,71.4,41.11,1,1,1.0
440,68,634.67,124.37,103.61,48.58,1,1,1.0
440,69,707.63,35.63,253.37,114.92,1,1,1.0
440,70,95.79,25.6,34.92,27.24,1,1,1.0
441,53,230.4,9.6,27.67,17.0,1,1,1.0
441,57,231.47,400.0,247.4,141.0,1,1,1.0
441,58,449.07,176.0,134.33,97.0,1,1,1.0
441,59,278.4,9.6,29.8,20.2,1,1,1.0
441,60,187.73,24.53,33.0,20.2,1,1,0.1784
441,61,240.0,148.27,88.47,76.73,1,1,1.0
441,63,357.33,32.0,40.47,28.73,1,1,1.0
441,64,295.47,32.0,39.4,26.6,1,1,0.6879
441,65,284.8,48.0,41.53,24.47,1,1,0.5052
441,66,112.0,69.33,50.07,36.2,1,1,1.0
441,67,568.53,76.8,69.27,40.47,1,1,1.0
441,68,624.0,121.6,101.27,47.93,1,1,1.0
441,69,695.47,35.2,265.53,111.93,1,1,1.0
441,70,97.07,26.67,35.13,27.67,1,1,1.0
442,53,228.91,9.6,27.45,17.0,1,1,1.0
442,57,251.73,419.84,235.24,121.16,1,1,1.0
442,58,460.16,181.33,137.11,98.07,1,1,1.0
442,59,276.48,9.6,29.59,19.35,1,1,1.0
442,60,186.03,24.11,32.78,19.77,1,1,0.1969
442,61,245.55,151.47,90.38,78.22,1,1,1.0
442,63,354.35,31.36,40.04,28.09,1,1,1.0
442,64,292.91,31.57,38.54,26.39,1,1,0.6894
442,65,281.81,47.36,40.9,24.25,1,1,0.4665
442,66,113.71,70.83,50.06,36.41,1,1,1.0
442,67,561.07,75.31,69.26,39.82,1,1,1.0
442,68,614.4,119.04,99.35,47.08,1,1,1.0
442,69,685.87,33.92,249.1,110.65,1,1,1.0
442,70,98.56,27.31,34.92,27.03,1,1,1.0
443,53,227.41,9.6,27.24,17.0,1,1,1.0
443,57,272.0,439.68,223.08,101.32,1,1,1.0
443,58,471.25,186.67,139.88,99.13,1,1,1.0
443,59,274.56,9.6,29.37,18.49,1,1,1.0
443,60,184.32,23.68,32.57,19.35,1,1,0.2247
443,61,251.09,154.67,92.31,79.72,1,1,1.0
443,63,351.36,30.72,39.61,27.45,1,1,1.0
443,64,290.35,31.15,37.69,26.17,1,1,0.6913
443,65,278.83,46.72,40.25,24.04,1,1,0.4857
443,66,115.41,72.32,50.07,36.63,1,1,1.0
443,67,553.6,73.81,69.27,39.19,1,1,1.0
443,68,604.8,116.48,97.43,46.23,1,1,1.0
443,69,676.27,32.64,243.34,109.37,1,1,1.0
443,70,100.05,27.95,34.71,26.39,1,1,1.0
444,53,225.92,9.6,27.03,17.0,1,1,1.0
444,57,292.27,459.52,210.92,81.48,1,1,1.0
444,58,482.35,192.0,142.65,100.2,1,1,1.0
444,59,272.64,9.6,29.16,17.64,1,1,1.0
444,60,182.61,23.25,32.36,18.92,1,1,0.1452
444,61,256.64,157.87,94.23,81.21,1,1,1.0
444,63,348.37,30.08,39.19,26.81,1,1,1.0
444,64,287.79,30.72,36.84,25.96,1,1,0.6934
444,65,275.84,46.08,39.61,23.83,1,1,0.4253
444,66,117.12,73.81,50.07,36.84,1,1,1.0
444,67,546.13,72.32,69.27,38.55,1,1,1.0
444,68,595.2,113.92,95.51,45.37,1,1,1.0
444,69,666.67,31.36,237.58,108.09,1,1,1.0
444,70,101.55,28.59,34.49,25.75,1,1,1.0
445,53,224.43,9.6,26.81,17.0,1,1,1.0
445,57,312.53,479.36,198.76,61.64,1,1,1.0
445,58,493.44,197.33,145.43,101.27,1,1,1.0
445,59,270.72,9.6,28.95,16.79,1,1,1.0
445,60,180.91,22.83,32.14,18.49,1,1,0.322
445,61,262.19,161.07,96.14,82.7,1,1,1.0
445,63,345.39,29.44,38.76,26.17,1,1,1.0
445,64,285.23,30.29,35.98,25.75,1,1,0.6956
445,65,272.85,45.44,38.98,23.61,1,1,0.4657
445,66,118.83,75.31,50.06,37.05,1,1,1.0
445,67,538.67,70.83,69.26,37.9,1,1,1.0
445,68,585.6,111.36,93.59,44.52,1,1,1.0
445,69,657.07,30.08,231.82,106.81,1,1,1.0
445,70,103.04,29.23,34.28,25.11,1,1,1.0
446,53,222.93,9.6,26.6,17.0,1,1,1.0
446,57,332.8,499.2,186.6,41.8,1,1,1.0
446,58,504.53,202.67,148.2,102.33,1,1,1.0
446,59,268.8,9.6,28.73,15.93,1,1,1.0
446,60,179.2,22.4,31.93,18.07,1,1,0.2226
446,61,267.73,164.27,98.07,84.2,1,1,1.0
446,63,342.4,28.8,38.33,25.53,1,1,1.0
446,64,282.67,29.87,35.13,25.53,1,1,0.6983
446,65,269.87,44.8,38.33,23.4,1,1,0.3952
446,66,120.53,76.8,50.07,37.27,1,1,1.0
446,67,531.2,69.33,69.27,37.27,1,1,1.0
446,68,576.0,108.8,91.67,43.67,1,1,1.0
446,69,647.47,28.8,226.06,105.53,1,1,1.0
446,70,104.53,29.87,34.07,24.47,1,1,1.0
446,71,839.47,205.87,121.53,68.2,1,1,0.4442
447,58,517.97,208.64,153.54,106.17,1,1,1.0
447,59,266.88,9.6,28.31,15.72,1,1,1.0
447,60,177.92,21.76,31.51,18.49,1,1,0.2418
447,61,274.35,169.17,100.62,84.63,1,1,1.0
447,63,339.63,28.8,37.69,24.89,1,1,1.0
447,64,279.68,29.44,34.92,25.11,1,1,0.6877
447,65,266.88,43.73,38.12,23.4,1,1,0.4608
447,66,123.09,78.29,50.28,36.84,1,1,1.0
447,67,524.59,68.05,68.41,36.63,1,1,1.0
447,68,567.89,106.45,89.32,43.46,1,1,1.0
447,69,639.57,27.09,220.1,104.68,1,1,1.0
447,70,105.81,30.29,34.92,25.96,1,1,1.0
447,71,821.55,200.32,139.45,67.99,1,1,0.4949
448,58,531.41,214.61,158.87,110.02,1,1,1.0
448,59,264.96,9.6,27.88,15.51,1,1,1.0
448,60,176.64,21.12,31.08,18.92,1,1,0.2751
448,61,280.96,174.08,103.19,85.05,1,1,1.0
448,63,336.85,28.8,37.06,24.25,1,1,1.0
448,64,276.69,29.01,34.71,24.68,1,1,0.6768
448,65,263.89,42.67,37.91,23.4,1,1,0.4006
448,66,125.65,79.79,50.5,36.41,1,1,1.0
448,67,517.97,66.77,67.56,35.99,1,1,1.0
448,68,559.79,104.11,86.97,43.24,1,1,1.0
448,69,631.68,25.39,214.12,103.82,1,1,1.0
448,70,107.09,30.72,35.78,27.45,1,1,1.0
448,71,803.63,194.77,137.96,67.78,1,1,0.4847
449,58,544.85,220.59,164.2,113.85,1,1,1.0
449,59,263.04,9.6,27.45,15.29,1,1,1.0
449,60,175.36,20.48,30.65,19.35,1,1,0.3002
449,61,287.57,178.99,105.75,85.48,1,1,1.0
449,63,334.08,28.8,36.41,23.61,1,1,1.0
449,64,273.71,28.59,34.49,24.25,1,1,0.6655
449,65,260.91,41.6,37.69,23.4,1,1,0.4605
449,66,128.21,81.28,50.71,35.99,1,1,1.0
449,67,511.36,65.49,66.71,35.35,1,1,1.0
449,68,551.68,101.76,84.63,43.03,1,1,1.0
449,69,623.79,23.68,208.14,102.97,1,1,1.0
449,70,108.37,31.15,36.63,28.95,1,1,1.0
449,71,785.71,189.23,139.24,67.56,1,1,0.5424
450,58,558.29,226.56,169.54,117.69,1,1,1.0
450,59,261.12,9.6,27.03,15.08,1,1,1.0
450,60,174.08,19.84,30.23,19.77,1,1,0.2414
450,61,294.19,183.89,108.3,85.91,1,1,1.0
450,63,331.31,28.8,35.77,22.97,1,1,1.0
450,64,270.72,28.16,34.28,23.83,1,1,0.6539
450,65,257.92,40.53,37.48,23.4,1,1,0.4966
450,66,130.77,82.77,50.92,35.56,1,1,1.0
450,67,504.75,64.21,65.85,34.71,1,1,1.0
450,68,543.57,99.41,82.28,42.82,1,1,1.0
450,69,615.89,21.97,202.18,102.12,1,1,1.0
450,70,109.65,31.57,37.48,30.44,1,1,1.0
450,71,767.79,183.68,140.52,67.35,1,1,0.5426
451,58,571.73,232.53,174.87,121.54,1,1,1.0
451,59,259.2,9.6,26.6,14.87,1,1,1.0
451,60,172.8,19.2,29.8,20.2,1,1,0.3824
451,61,300.8,188.8,110.87,86.33,1,1,1.0
451,63,328.53,28.8,35.14,22.33,1,1,1.0
451,64,267.73,27.73,34.07,23.4,1,1,0.6419
451,65,254.93,39.47,37.27,23.4,1,1,0.5489
451,66,133.33,84.27,51.14,35.13,1,1,1.0
451,67,498.13,62.93,65.0,34.07,1,1,1.0
451,68,535.47,97.07,79.93,42.6,1,1,1.0
451,69,608.0,20.27,196.2,101.26,1,1,1.0
451,70,110.93,32.0,38.34,31.93,1,1,1.0
451,71,749.87,178.13,141.8,67.14,1,1,0.5531
452,58,588.16,239.57,183.19,126.23,1,1,1.0
452,59,257.49,8.96,25.96,15.08,1,1,1.0
452,60,171.09,19.41,29.59,19.35,1,1,0.2606
452,61,308.27,192.85,114.49,89.11,1,1,1.0
452,63,325.76,28.16,34.71,22.55,1,1,1.0
452,64,264.96,27.73,33.64,22.76,1,1,0.624
452,65,252.59,38.83,37.05,23.83,1,1,0.4781
452,66,135.04,85.55,52.41,36.41,1,1,1.0
452,67,493.01,61.87,63.08,34.07,1,1,1.0
452,68,528.0,95.57,79.29,41.54,1,1,1.0
452,69,599.47,19.63,193.21,99.13,1,1,1.0
452,70,112.64,33.07,38.12,31.29,1,1,1.0
452,71,734.51,174.29,138.38,63.94,1,1,0.5648
453,58,604.59,246.61,191.5,130.92,1,1,1.0
453,59,255.79,8.32,25.32,15.29,1,1,1.0
453,60,169.39,19.63,29.37,18.49,1,1,0.2523
453,61,315.73,196.91,118.12,91.88,1,1,1.0
453,63,322.99,27.52,34.28,22.76,1,1,1.0
453,64,262.19,27.73,33.21,22.12,1,1,0.6047
453,65,250.24,38.19,36.84,24.25,1,1,0.4059
453,66,136.75,86.83,53.69,37.69,1,1,1.0
453,67,487.89,60.8,61.16,34.07,1,1,1.0
453,68,520.53,94.08,78.66,40.47,1,1,1.0
453,69,590.93,18.99,190.23,97.0,1,1,1.0
453,70,114.35,34.13,37.9,30.65,1,1,1.0
453,71,719.15,170.45,134.97,60.74,1,1,0.5934
454,58,621.01,253.65,199.83,135.62,1,1,1.0
454,59,254.08,7.68,24.68,15.51,1,1,1.0
454,60,167.68,19.84,29.16,17.64,1,1,0.159
454,61,323.2,200.96,121.75,94.65,1,1,1.0
454,63,320.21,26.88,33.86,22.97,1,1,1.0
454,64,259.41,27.73,32.79,21.48,1,1,0.5841
454,65,247.89,37.55,36.63,24.68,1,1,0.4253
454,66,138.45,88.11,54.98,38.97,1,1,1.0
454,67,482.77,59.73,59.24,34.07,1,1,1.0
454,68,513.07,92.59,78.01,39.4,1,1,1.0
454,69,582.4,18.35,187.24,94.86,1,1,1.0
454,70,116.05,35.2,37.7,30.01,1,1,1.0
454,71,703.79,166.61,131.56,57.54,1,1,0.6057
455,58,637.44,260.69,208.15,140.31,1,1,1.0
455,59,252.37,7.04,24.04,15.72,1,1,1.0
455,60,165.97,20.05,28.95,16.79,1,1,0.1169
455,61,330.67,205.01,125.37,97.43,1,1,1.0
455,63,317.44,26.24,33.43,23.19,1,1,1.0
455,64,256.64,27.73,32.36,20.84,1,1,0.562
455,65,245.55,36.91,36.41,25.11,1,1,0.4487
455,66,140.16,89.39,56.25,40.25,1,1,1.0
455,67,477.65,58.67,57.32,34.07,1,1,1.0
455,68,505.6,91.09,77.37,38.34,1,1,1.0
455,69,573.87,17.71,184.25,92.73,1,1,1.0
455,70,117.76,36.27,37.48,29.37,1,1,1.0
455,71,688.43,162.77,128.14,54.34,1,1,0.6061
456,58,653.87,267.73,216.46,145.0,1,1,1.0
456,59,250.67,6.4,23.4,15.93,1,1,1.0
456,60,164.27,20.27,28.73,15.93,1,1,0.1088
456,61,338.13,209.07,129.0,100.2,1,1,1.0
456,63,314.67,25.6,33.0,23.4,1,1,1.0
456,64,253.87,27.73,31.93,20.2,1,1,0.5382
456,65,243.2,36.27,36.2,25.53,1,1,0.4017
456,66,141.87,90.67,57.53,41.53,1,1,1.0
456,67,472.53,57.6,55.4,34.07,1,1,1.0
456,68,498.13,89.6,76.74,37.27,1,1,1.0
456,69,565.33,17.07,181.27,90.6,1,1,1.0
456,70,119.47,37.33,37.26,28.73,1,1,1.0
456,71,673.07,158.93,124.73,51.14,1,1,0.6083
457,58,677.12,277.55,214.12,150.76,1,1,1.0
457,61,347.73,215.47,133.48,102.54,1,1,1.0
457,63,312.11,25.17,33.21,23.61,1,1,1.0
457,64,251.73,26.88,32.15,20.2,1,1,0.569
457,65,240.85,35.84,35.78,25.32,1,1,0.4266
457,66,144.85,91.95,57.75,41.96,1,1,1.0
457,67,467.84,56.53,54.97,33.43,1,1,1.0
457,68,492.16,87.89,74.6,36.63,1,1,1.0
457,69,558.93,16.0,177.64,89.75,1,1,1.0
457,70,121.6,37.33,36.84,29.37,1,1,1.0
457,71,660.05,155.52,121.32,49.85,1,1,0.6207
458,58,700.37,287.36,211.78,156.52,1,1,1.0
458,61,357.33,221.87,137.96,104.89,1,1,1.0
458,63,309.55,24.75,33.42,23.83,1,1,1.0
458,64,249.6,26.03,32.36,20.2,1,1,0.5988
458,65,238.51,35.41,35.34,25.11,1,1,0.342
458,66,147.84,93.23,57.96,42.38,1,1,1.0
458,67,463.15,55.47,54.54,32.79,1,1,1.0
458,68,486.19,86.19,72.46,35.98,1,1,1.0
458,69,552.53,14.93,174.02,88.9,1,1,1.0
458,70,123.73,37.33,36.42,30.01,1,1,1.0
458,71,647.04,152.11,117.91,48.57,1,1,0.604
459,58,723.63,297.17,209.42,162.28,1,1,1.0
459,61,366.93,228.27,142.44,107.24,1,1,1.0
459,63,306.99,24.32,33.64,24.04,1,1,1.0
459,64,247.47,25.17,32.57,20.2,1,1,0.6273
459,65,236.16,34.99,34.92,24.89,1,1,0.3635
459,66,150.83,94.51,58.17,42.81,1,1,1.0
459,67,458.45,54.4,54.12,32.15,1,1,1.0
459,68,480.21,84.48,70.34,35.35,1,1,1.0
459,69,546.13,13.87,170.39,88.04,1,1,1.0
459,70,125.87,37.33,35.98,30.65,1,1,1.0
459,71,634.03,148.69,114.49,47.3,1,1,0.5922
460,58,746.88,306.99,214.12,168.04,1,1,1.0
460,61,376.53,234.67,146.92,109.58,1,1,1.0
460,63,304.43,23.89,33.85,24.25,1,1,1.0
460,64,245.33,24.32,32.79,20.2,1,1,0.6544
460,65,233.81,34.56,34.5,24.68,1,1,0.3956
460,66,153.81,95.79,58.39,43.24,1,1,1.0
460,67,453.76,53.33,53.69,31.51,1,1,1.0
460,68,474.24,82.77,68.2,34.71,1,1,1.0
460,69,539.73,12.8,166.76,87.19,1,1,1.0
460,70,128.0,37.33,35.56,31.29,1,1,1.0
460,71,621.01,145.28,111.08,46.01,1,1,0.6136
461,58,770.13,316.8,190.87,173.8,1,1,1.0
461,61,386.13,241.07,151.4,111.93,1,1,1.0
461,63,301.87,23.47,34.06,24.47,1,1,1.0
461,64,243.2,23.47,33.0,20.2,1,1,0.6806
461,65,231.47,34.13,34.06,24.47,1,1,0.3427
461,66,156.8,97.07,58.6,43.66,1,1,1.0
461,67,449.07,52.27,53.26,30.87,1,1,1.0
461,68,468.27,81.07,66.06,34.06,1,1,1.0
461,69,533.33,11.73,163.14,86.33,1,1,1.0
461,70,130.13,37.33,35.14,31.93,1,1,1.0
461,71,608.0,141.87,107.67,44.73,1,1,0.5965
462,58,799.57,334.08,161.43,161.85,1,1,1.0
462,61,397.65,248.32,157.16,117.91,1,1,1.0
462,63,299.73,22.83,33.64,24.04,1,1,1.0
462,64,241.28,23.04,32.15,19.99,1,1,0.6909
462,65,229.55,34.13,34.06,23.4,1,1,0.3789
462,66,159.36,99.2,60.31,44.09,1,1,1.0
462,67,444.59,51.2,52.84,30.65,1,1,1.0
462,68,462.51,79.79,64.78,33.64,1,1,1.0
462,69,526.29,11.73,160.79,84.84,1,1,1.0
462,70,131.63,38.4,36.2,31.93,1,1,1.0
462,71,598.19,138.67,104.25,44.94,1,1,0.5901
463,58,829.01,351.36,131.99,149.91,1,1,1.0
463,61,409.17,255.57,162.92,123.88,1,1,1.0
463,63,297.6,22.19,33.21,23.61,1,1,1.0
463,64,239.36,22.61,31.29,19.77,1,1,0.7021
463,65,227.63,34.13,34.06,22.33,1,1,0.3724
463,66,161.92,101.33,62.01,44.52,1,1,1.0
463,67,440.11,50.13,52.41,30.44,1,1,1.0
463,68,456.75,78.51,63.5,33.21,1,1,1.0
463,69,519.25,11.73,158.44,83.35,1,1,1.0
463,70,133.12,39.47,37.27,31.93,1,1,1.0
463,71,588.37,135.47,100.84,45.16,1,1,0.5639
464,58,858.45,368.64,102.55,137.96,1,1,1.0
464,61,420.69,262.83,168.68,129.85,1,1,1.0
464,63,295.47,21.55,32.78,23.19,1,1,1.0
464,64,237.44,22.19,30.44,19.56,1,1,0.7144
464,65,225.71,34.13,34.06,21.27,1,1,0.3007
464,66,164.48,103.47,63.72,44.94,1,1,1.0
464,67,435.63,49.07,51.98,30.23,1,1,1.0
464,68,450.99,77.23,62.22,32.78,1,1,1.0
464,69,512.21,11.73,156.1,81.85,1,1,1.0
464,70,134.61,40.53,38.34,31.93,1,1,1.0
464,71,578.56,132.27,97.43,45.37,1,1,0.5564
465,58,887.89,385.92,73.11,126.01,1,1,1.0
465,61,432.21,270.08,174.44,135.83,1,1,1.0
465,63,293.33,20.91,32.36,22.76,1,1,1.0
465,64,235.52,21.76,29.59,19.35,1,1,0.728
465,65,223.79,34.13,34.06,20.2,1,1,0.2948
465,66,167.04,105.6,65.43,45.37,1,1,1.0
465,67,431.15,48.0,51.56,30.01,1,1,1.0
465,68,445.23,75.95,60.94,32.36,1,1,1.0
465,69,505.17,11.73,153.75,80.36,1,1,1.0
465,70,136.11,41.6,39.4,31.93,1,1,1.0
465,71,568.75,129.07,94.01,45.58,1,1,0.4636
466,58,917.33,403.2,43.67,114.07,1,1,1.0
466,61,443.73,277.33,180.2,141.8,1,1,1.0
466,63,291.2,20.27,31.93,22.33,1,1,1.0
466,64,233.6,21.33,28.73,19.13,1,1,0.7427
466,65,221.87,34.13,34.06,19.13,1,1,0.219
466,66,169.6,107.73,67.13,45.8,1,1,1.0
466,67,426.67,46.93,51.13,29.8,1,1,1.0
466,68,439.47,74.67,59.66,31.93,1,1,1.0
466,69,498.13,11.73,151.4,78.87,1,1,1.0
466,70,137.6,42.67,40.47,31.93,1,1,1.0
466,71,558.93,125.87,90.6,45.8,1,1,0.4999
466,72,901.33,155.73,59.67,50.07,1,1,1.0
467,61,459.31,286.93,187.02,147.56,1,1,1.0
467,63,289.49,20.27,31.72,22.55,1,1,1.0
467,64,230.83,20.91,29.58,19.13,1,1,0.7138
467,65,219.52,32.85,33.85,19.77,1,1,0.2789
467,66,172.8,110.08,67.56,46.65,1,1,1.0
467,67,421.97,46.51,50.5,30.23,1,1,1.0
467,68,433.71,73.6,59.45,31.72,1,1,1.0
467,69,492.59,11.09,149.05,77.8,1,1,1.0
467,70,139.52,43.95,41.32,32.36,1,1,1.0
467,71,550.83,123.31,87.18,44.3,1,1,0.5653
467,72,888.32,152.75,72.68,51.13,1,1,1.0
468,61,474.88,296.53,193.85,153.32,1,1,1.0
468,63,287.79,20.27,31.5,22.76,1,1,1.0
468,64,228.05,20.48,30.44,19.13,1,1,0.6858
468,65,217.17,31.57,33.64,20.41,1,1,0.3317
468,66,176.0,112.43,67.99,47.5,1,1,1.0
468,67,417.28,46.08,49.85,30.65,1,1,1.0
468,68,427.95,72.53,59.24,31.51,1,1,1.0
468,69,487.04,10.45,146.71,76.73,1,1,1.0
468,70,141.44,45.23,42.17,32.79,1,1,1.0
468,71,542.72,120.75,83.77,42.81,1,1,0.5493
468,72,875.31,149.76,85.69,52.2,1,1,1.0
469,61,490.45,306.13,200.68,159.08,1,1,1.0
469,63,286.08,20.27,31.29,22.97,1,1,1.0
469,64,225.28,20.05,31.29,19.13,1,1,0.6588
469,65,214.83,30.29,33.42,21.05,1,1,0.4042
469,66,179.2,114.77,68.41,48.36,1,1,1.0
469,67,412.59,45.65,49.21,31.08,1,1,1.0
469,68,422.19,71.47,59.02,31.29,1,1,1.0
469,69,481.49,9.81,144.36,75.67,1,1,1.0
469,70,143.36,46.51,43.03,33.21,1,1,1.0
469,71,534.61,118.19,80.36,41.32,1,1,0.5801
469,72,862.29,146.77,98.71,53.27,1,1,1.0
470,61,506.03,315.73,207.5,164.84,1,1,1.0
470,63,284.37,20.27,31.08,23.19,1,1,1.0
470,64,222.51,19.63,32.14,19.13,1,1,0.6326
470,65,212.48,29.01,33.21,21.69,1,1,0.3362
470,66,182.4,117.12,68.84,49.21,1,1,1.0
470,67,407.89,45.23,48.58,31.51,1,1,1.0
470,68,416.43,70.4,58.81,31.08,1,1,1.0
470,69,475.95,9.17,142.01,74.6,1,1,1.0
470,70,145.28,47.79,43.88,33.64,1,1,1.0
470,71,526.51,115.63,76.94,39.82,1,1,0.6249
470,72,849.28,143.79,111.72,54.33,1,1,1.0
471,61,521.6,325.33,214.33,170.6,1,1,1.0
471,63,282.67,20.27,30.86,23.4,1,1,1.0
471,64,219.73,19.2,33.0,19.13,1,1,0.6072
471,65,210.13,27.73,33.0,22.33,1,1,0.2834
471,66,185.6,119.47,69.27,50.06,1,1,1.0
471,67,403.2,44.8,47.93,31.93,1,1,1.0
471,68,410.67,69.33,58.6,30.87,1,1,1.0
471,69,470.4,8.53,139.67,73.53,1,1,1.0
471,70,147.2,49.07,44.73,34.07,1,1,1.0
471,71,518.4,113.07,73.53,38.33,1,1,0.6184
471,72,836.27,140.8,124.73,55.4,1,1,1.0
471,73,856.53,219.73,104.47,63.94,1,1,0.3275
472,61,541.87,337.92,226.28,172.09,1,1,1.0
472,63,280.32,19.41,30.65,22.76,1,1,1.0
472,64,218.45,19.2,31.94,18.49,1,1,0.608
472,65,208.64,27.52,32.57,21.48,1,1,0.3062
472,66,189.01,121.6,70.76,50.07,1,1,1.0
472,67,399.57,44.16,47.08,30.44,1,1,1.0
472,68,405.97,68.05,57.96,30.65,1,1,1.0
472,69,465.49,7.68,137.32,73.32,1,1,1.0
472,70,149.33,49.49,45.16,34.49,1,1,1.0
472,71,508.59,110.93,73.96,38.12,1,1,0.5929
472,72,824.75,137.6,121.74,54.76,1,1,1.0
472,73,843.09,215.25,117.91,62.44,1,1,0.3484
473,61,562.13,350.51,238.23,173.58,1,1,1.0
473,63,277.97,18.56,30.44,22.12,1,1,1.0
473,64,217.17,19.2,30.87,17.85,1,1,0.6088
473,65,207.15,27.31,32.14,20.63,1,1,0.3485
473,66,192.43,123.73,72.25,50.07,1,1,1.0
473,67,395.95,43.52,46.22,28.95,1,1,1.0
473,68,401.28,66.77,57.32,30.44,1,1,1.0
473,69,460.59,6.83,134.97,73.11,1,1,1.0
473,70,151.47,49.92,45.58,34.92,1,1,1.0
473,71,498.77,108.8,74.39,37.91,1,1,0.5953
473,72,813.23,134.4,119.82,54.12,1,1,1.0
473,73,829.65,210.77,131.35,60.95,1,1,0.4593
474,61,582.4,363.09,250.17,177.91,1,1,1.0
474,63,275.63,17.71,30.22,21.48,1,1,1.0
474,64,215.89,19.2,29.8,17.21,1,1,0.6097
474,65,205.65,27.09,31.72,19.77,1,1,0.3641
474,66,195.84,125.87,73.75,50.06,1,1,1.0
474,67,392.32,42.88,45.37,27.45,1,1,1.0
474,68,396.59,65.49,56.68,30.23,1,1,1.0
474,69,455.68,1.0,132.63,77.87,1,1,1.0
474,70,153.6,50.35,46.01,35.35,1,1,1.0
474,71,488.96,106.67,74.81,37.69,1,1,0.5451
474,72,801.71,131.2,117.9,53.48,1,1,1.0
474,73,816.21,206.29,126.02,59.46,1,1,0.4431
475,61,602.67,375.68,262.12,165.32,1,1,1.0
475,63,273.28,16.85,30.01,20.84,1,1,1.0
475,64,214.61,19.2,28.74,16.57,1,1,0.6109
475,65,204.16,26.88,31.29,18.92,1,1,0.3853
475,66,199.25,128.0,75.24,50.07,1,1,1.0
475,67,388.69,42.24,44.52,25.96,1,1,1.0
475,68,391.89,64.21,56.04,30.01,1,1,1.0
475,69,450.77,1.0,130.28,76.8,1,1,1.0
475,70,155.73,50.77,46.44,35.77,1,1,1.0
475,71,479.15,104.53,75.24,37.48,1,1,0.5246
475,72,790.19,128.0,115.98,52.84,1,1,1.0
475,73,802.77,201.81,128.58,57.96,1,1,0.488
476,61,622.93,388.27,274.07,152.73,1,1,1.0
476,63,270.93,16.0,29.8,20.2,1,1,1.0
476,64,213.33,19.2,27.67,15.93,1,1,0.6121
476,65,202.67,26.67,30.86,18.07,1,1,0.3073
476,66,202.67,130.13,76.73,50.07,1,1,1.0
476,67,385.07,41.6,43.66,24.47,1,1,1.0
476,68,387.2,62.93,55.4,29.8,1,1,1.0
476,69,445.87,1.0,127.93,75.73,1,1,1.0
476,70,157.87,51.2,46.86,36.2,1,1,1.0
476,71,469.33,102.4,75.67,37.27,1,1,0.516
476,72,778.67,124.8,114.06,52.2,1,1,1.0
476,73,789.33,197.33,131.14,56.47,1,1,0.5116
476,74,887.47,186.67,73.53,71.4,1,1,0.645
476,75,76.8,20.27,27.67,26.6,1,1,1.0
477,61,650.88,405.12,258.92,135.88,1,1,1.0
477,63,269.23,15.79,29.8,20.41,1,1,1.0
477,64,211.41,18.56,27.88,16.36,1,1,0.6062
477,65,200.32,26.03,31.29,18.71,1,1,0.3326
477,66,206.72,132.69,77.37,51.35,1,1,1.0
477,67,381.65,40.75,43.46,24.25,1,1,1.0
477,68,382.93,61.65,54.12,29.37,1,1,1.0
477,69,441.17,1.0,126.44,74.24,1,1,1.0
477,70,160.21,52.05,46.44,36.84,1,1,1.0
477,71,462.51,100.48,74.17,36.63,1,1,0.4861
477,72,767.79,122.67,112.78,51.56,1,1,1.0
477,73,774.4,193.49,129.0,55.83,1,1,0.5207
477,74,868.91,181.55,92.09,69.26,1,1,0.6981
477,75,78.29,20.27,27.88,26.81,1,1,1.0
478,61,678.83,421.97,243.77,119.03,1,1,1.0
478,63,267.52,15.57,29.8,20.63,1,1,1.0
478,64,209.49,17.92,28.1,16.79,1,1,0.6009
478,65,197.97,25.39,31.72,19.35,1,1,0.3568
478,66,210.77,135.25,78.02,52.63,1,1,1.0
478,67,378.24,39.89,43.24,24.04,1,1,1.0
478,68,378.67,60.37,52.84,28.95,1,1,1.0
478,69,436.48,1.0,124.95,72.75,1,1,1.0
478,70,162.56,52.91,46.01,37.48,1,1,1.0
478,71,455.68,98.56,72.68,35.99,1,1,0.4736
478,72,756.91,120.53,111.5,50.92,1,1,1.0
478,73,759.47,189.65,126.86,55.19,1,1,0.4676
478,74,850.35,176.43,110.65,67.13,1,1,0.7389
478,75,79.79,20.27,28.09,27.03,1,1,1.0
479,61,706.77,438.83,228.63,102.17,1,1,1.0
479,63,265.81,15.36,29.8,20.84,1,1,1.0
479,64,207.57,17.28,28.31,17.21,1,1,0.596
479,65,195.63,24.75,32.14,19.99,1,1,0.2713
479,66,214.83,137.81,78.65,53.91,1,1,1.0
479,67,374.83,39.04,43.02,23.83,1,1,1.0
479,68,374.4,59.09,51.56,28.52,1,1,1.0
479,69,431.79,1.0,123.45,71.25,1,1,1.0
479,70,164.91,53.76,45.58,38.12,1,1,1.0
479,71,448.85,96.64,71.19,35.35,1,1,0.4837
479,72,746.03,118.4,110.22,50.28,1,1,1.0
479,73,744.53,185.81,124.74,54.55,1,1,0.5032
479,74,831.79,171.31,112.36,65.0,1,1,0.7408
479,75,81.28,20.27,28.31,27.24,1,1,1.0
480,61,734.72,455.68,213.48,85.32,1,1,1.0
480,63,264.11,15.15,29.8,21.05,1,1,1.0
480,64,205.65,16.64,28.52,17.64,1,1,0.5915
480,65,193.28,24.11,32.57,20.63,1,1,0.3015
480,66,218.88,140.37,79.29,55.19,1,1,1.0
480,67,371.41,38.19,42.82,23.61,1,1,1.0
480,68,370.13,57.81,50.28,28.09,1,1,1.0
480,69,427.09,1.0,121.96,69.76,1,1,1.0
480,70,167.25,54.61,45.16,38.76,1,1,1.0
480,71,442.03,94.72,69.69,34.71,1,1,0.5368
480,72,735.15,116.27,108.94,49.64,1,1,1.0
480,73,729.6,181.97,122.6,53.91,1,1,0.4515
480,74,813.23,166.19,120.68,62.86,1,1,0.7581
480,75,82.77,20.27,28.52,27.45,1,1,1.0
481,61,762.67,472.53,198.33,68.47,1,1,1.0
481,63,262.4,14.93,29.8,21.27,1,1,1.0
481,64,203.73,16.0,28.74,18.07,1,1,0.5876
481,65,190.93,23.47,33.0,21.27,1,1,0.2387
481,66,222.93,142.93,79.94,56.47,1,1,1.0
481,67,368.0,37.33,42.6,23.4,1,1,1.0
481,68,365.87,56.53,49.0,27.67,1,1,1.0
481,69,422.4,1.0,120.47,68.27,1,1,1.0
481,70,169.6,55.47,44.73,39.4,1,1,1.0
481,71,435.2,92.8,68.2,34.07,1,1,0.5209
481,72,724.27,114.13,107.66,49.0,1,1,0.9855
481,73,714.67,178.13,120.46,53.27,1,1,0.4738
481,74,794.67,161.07,129.0,60.73,1,1,0.7745
481,75,84.27,20.27,28.73,27.67,1,1,1.0
482,63,260.48,15.15,29.37,20.63,1,1,1.0
482,64,202.24,15.36,27.67,18.28,1,1,0.594
482,65,190.08,23.25,31.93,21.27,1,1,0.2232
482,66,227.41,146.35,81.64,57.32,1,1,1.0
482,67,364.37,36.69,42.82,23.83,1,1,1.0
482,68,362.03,55.89,48.36,27.67,1,1,1.0
482,69,417.92,1.0,118.76,68.05,1,1,1.0
482,70,171.73,56.96,46.44,39.4,1,1,1.0
482,71,429.01,91.52,66.71,33.21,1,1,0.5012
482,72,715.73,112.85,105.75,47.94,1,1,0.9783
482,73,703.36,174.29,118.55,52.2,1,1,0.4697
482,74,777.39,158.29,127.29,59.67,1,1,0.744
482,75,84.91,21.55,29.16,27.24,1,1,1.0
483,63,258.56,15.36,28.95,19.99,1,1,1.0
483,64,200.75,14.72,26.6,18.49,1,1,0.6
483,65,189.23,23.04,30.86,21.27,1,1,0.2524
483,66,231.89,149.76,83.35,58.17,1,1,1.0
483,67,360.75,36.05,43.02,24.25,1,1,1.0
483,68,358.19,55.25,47.72,27.67,1,1,1.0
483,69,413.44,1.0,117.05,67.84,1,1,1.0
483,70,173.87,58.45,48.14,39.4,1,1,1.0
483,71,422.83,90.24,65.21,32.36,1,1,0.48
483,72,707.2,111.57,103.83,46.87,1,1,0.9694
483,73,692.05,170.45,116.63,51.14,1,1,0.5065
483,74,760.11,155.52,125.58,58.6,1,1,0.7118
483,75,85.55,22.83,29.58,26.81,1,1,1.0
484,63,256.64,15.57,28.52,19.35,1,1,1.0
484,64,199.25,14.08,25.54,18.71,1,1,0.6056
484,65,188.37,22.83,29.8,21.27,1,1,0.2433
484,66,236.37,153.17,85.06,59.03,1,1,1.0
484,67,357.12,35.41,43.24,24.68,1,1,0.778
484,68,354.35,54.61,47.08,27.67,1,1,1.0
484,69,408.96,1.0,115.35,67.63,1,1,1.0
484,70,176.0,59.95,49.85,39.4,1,1,1.0
484,71,416.64,88.96,63.72,31.51,1,1,0.3642
484,72,698.67,110.29,101.9,45.8,1,1,0.9587
484,73,680.75,166.61,114.7,50.07,1,1,0.4751
484,74,742.83,152.75,123.88,57.53,1,1,0.6776
484,75,86.19,24.11,30.01,26.39,1,1,1.0
485,63,254.72,15.79,28.09,18.71,1,1,1.0
485,64,197.76,13.44,24.47,18.92,1,1,0.6107
485,65,187.52,22.61,28.73,21.27,1,1,0.2658
485,66,240.85,156.59,86.76,59.88,1,1,1.0
485,67,353.49,34.77,43.46,25.11,1,1,0.7647
485,68,350.51,53.97,46.44,27.67,1,1,1.0
485,69,404.48,1.0,113.64,67.41,1,1,1.0
485,70,178.13,61.44,51.56,39.4,1,1,1.0
485,71,410.45,87.68,62.23,30.65,1,1,0.3367
485,72,690.13,109.01,99.99,44.74,1,1,0.9454
485,73,669.44,162.77,112.79,49.0,1,1,0.4775
485,74,725.55,149.97,122.17,56.47,1,1,0.6412
485,75,86.83,25.39,30.44,25.96,1,1,1.0
486,63,252.8,16.0,27.67,18.07,1,1,1.0
486,64,196.27,12.8,23.4,19.13,1,1,0.6155
486,65,186.67,22.4,27.66,21.27,1,1,0.2006
486,66,245.33,160.0,88.47,60.73,1,1,1.0
486,67,349.87,34.13,43.66,25.53,1,1,0.758
486,68,346.67,53.33,45.8,27.67,1,1,1.0
486,69,400.0,1.0,111.93,67.2,1,1,1.0
486,70,180.27,62.93,53.26,39.4,1,1,1.0
486,71,404.27,86.4,60.73,29.8,1,1,0.3221
486,72,681.6,107.73,98.07,43.67,1,1,0.93
486,73,658.13,158.93,110.87,47.94,1,1,0.5064
486,74,708.27,147.2,120.46,55.4,1,1,0.6026
486,75,87.47,26.67,30.86,25.53,1,1,1.0
486,76,42.67,28.8,26.6,25.53,1,1,1.0
486,77,1.0,38.4,17.07,24.47,1,1,1.0
487,63,251.09,15.79,27.67,18.28,1,1,1.0
487,64,194.56,12.37,23.61,19.35,1,1,0.627
487,65,184.53,22.61,28.74,20.41,1,1,0.1751
487,66,250.88,163.2,89.96,62.44,1,1,1.0
487,67,346.88,33.49,42.39,25.32,1,1,0.7454
487,68,342.83,52.27,45.8,27.45,1,1,1.0
487,69,397.44,1.0,108.95,65.49,1,1,1.0
487,70,183.04,64.21,53.27,40.04,1,1,1.0
487,71,399.15,84.27,59.45,30.01,1,1,0.3996
487,72,673.07,105.39,96.57,43.02,1,1,0.9199
487,73,647.68,156.16,109.16,47.72,1,1,0.4665
487,74,697.6,143.79,116.63,53.69,1,1,0.6091
487,75,88.96,26.88,31.08,25.75,1,1,1.0
487,76,43.31,30.29,26.39,24.68,1,1,1.0
487,77,1.0,39.25,17.71,23.83,1,1,1.0
488,63,249.39,15.57,27.66,18.49,1,1,1.0
488,64,192.85,11.95,23.83,19.56,1,1,0.6397
488,65,182.4,22.83,29.8,19.56,1,1,0.1622
488,66,256.43,166.4,91.45,64.15,1,1,1.0
488,67,343.89,32.85,41.11,25.11,1,1,0.7321
488,68,338.99,51.2,45.8,27.24,1,1,1.0
488,69,394.88,1.0,105.96,63.79,1,1,1.0
488,70,185.81,65.49,53.27,40.68,1,1,1.0
488,71,394.03,82.13,58.17,30.23,1,1,0.3926
488,72,664.53,103.04,95.08,42.39,1,1,0.9088
488,73,637.23,153.39,107.45,47.5,1,1,0.4849
488,74,686.93,140.37,112.79,51.99,1,1,0.6162
488,75,90.45,27.09,31.3,25.96,1,1,1.0
488,76,43.95,31.79,26.17,23.83,1,1,1.0
488,77,1.0,40.11,18.35,23.19,1,1,1.0
489,63,247.68,15.36,27.67,18.71,1,1,1.0
489,64,191.15,11.52,24.04,19.77,1,1,0.6531
489,65,180.27,23.04,30.86,18.71,1,1,0.0951
489,66,261.97,169.6,92.95,65.85,1,1,1.0
489,67,340.91,32.21,39.82,24.89,1,1,0.7199
489,68,335.15,50.13,45.8,27.03,1,1,1.0
489,69,392.32,1.0,102.97,62.08,1,1,1.0
489,70,188.59,66.77,53.26,41.32,1,1,1.0
489,71,388.91,80.0,56.89,30.44,1,1,0.4058
489,72,656.0,100.69,93.59,41.75,1,1,0.8972
489,73,626.77,150.61,105.75,47.3,1,1,0.4319
489,74,676.27,136.96,108.94,50.28,1,1,0.6238
489,75,91.95,27.31,31.5,26.17,1,1,1.0
489,76,44.59,33.28,25.96,22.97,1,1,1.0
489,77,1.0,40.96,18.99,22.55,1,1,1.0
490,63,245.97,15.15,27.67,18.92,1,1,1.0
490,64,189.44,11.09,24.25,19.99,1,1,0.6669
490,65,178.13,23.25,31.94,17.85,1,1,0.0478
490,66,267.52,172.8,94.44,67.56,1,1,1.0
490,67,337.92,31.57,38.55,24.68,1,1,0.7088
490,68,331.31,49.07,45.8,26.81,1,1,1.0
490,69,389.76,1.0,99.99,60.37,1,1,1.0
490,70,191.36,68.05,53.27,41.96,1,1,1.0
490,71,383.79,77.87,55.61,30.65,1,1,0.4024
490,72,647.47,98.35,92.09,41.1,1,1,0.8847
490,73,616.32,147.84,104.04,47.08,1,1,0.3771
490,74,665.6,133.55,105.11,48.57,1,1,0.6323
490,75,93.44,27.52,31.72,26.39,1,1,1.0
490,76,45.23,34.77,25.75,22.12,1,1,1.0
490,77,1.0,41.81,19.63,21.91,1,1,1.0
491,63,244.27,14.93,27.66,19.13,1,1,1.0
491,64,187.73,10.67,24.47,20.2,1,1,0.6816
491,65,176.0,23.47,33.0,17.0,1,1,0.0314
491,66,273.07,176.0,95.93,69.27,1,1,1.0
491,67,334.93,30.93,37.27,24.47,1,1,0.6976
491,68,327.47,48.0,45.8,26.6,1,1,1.0
491,69,387.2,1.0,97.0,58.67,1,1,1.0
491,70,194.13,69.33,53.27,42.6,1,1,1.0
491,71,378.67,75.73,54.33,30.87,1,1,0.3974
491,72,638.93,96.0,90.6,40.47,1,1,0.871
491,73,605.87,145.07,102.33,46.86,1,1,0.3195
491,74,654.93,130.13,101.27,46.87,1,1,0.6417
491,75,94.93,27.73,31.94,26.6,1,1,1.0
491,76,45.87,36.27,25.53,21.27,1,1,1.0
491,77,1.0,42.67,20.27,21.27,1,1,1.0
492,63,242.99,14.29,27.24,18.92,1,1,1.0
492,65,175.15,22.61,31.93,17.21,1,1,0.1074
492,66,279.04,179.63,98.49,70.54,1,1,1.0
492,67,332.16,30.08,37.05,24.47,1,1,0.6906
492,68,324.48,46.93,44.52,26.17,1,1,1.0
492,69,382.93,1.0,96.79,57.6,1,1,1.0
492,70,197.12,70.83,54.33,42.38,1,1,1.0
492,71,373.55,74.45,53.69,30.44,1,1,0.3873
492,72,631.89,94.51,89.11,39.61,1,1,0.8424
492,73,597.55,142.51,101.26,46.01,1,1,0.3515
492,74,643.63,126.93,99.98,45.8,1,1,0.6358
492,75,96.64,28.37,31.93,27.24,1,1,1.0
492,76,46.72,35.84,25.96,22.33,1,1,1.0
492,77,1.0,42.45,20.91,22.12,1,1,1.0
493,63,241.71,13.65,26.81,18.71,1,1,1.0
493,65,174.29,21.76,30.87,17.43,1,1,0.1437
493,66,285.01,183.25,101.06,71.83,1,1,1.0
493,67,329.39,29.23,36.84,24.47,1,1,0.6932
493,68,321.49,45.87,43.24,25.75,1,1,1.0
493,69,378.67,1.0,96.57,56.53,1,1,1.0
493,70,200.11,72.32,55.4,42.17,1,1,1.0
493,71,368.43,73.17,53.05,30.02,1,1,0.3728
493,72,624.85,93.01,87.62,38.76,1,1,0.8102
493,73,589.23,139.95,100.2,45.16,1,1,0.404
493,74,632.32,123.73,98.71,44.74,1,1,0.6312
493,75,98.35,29.01,31.93,27.88,1,1,1.0
493,76,47.57,35.41,26.39,23.4,1,1,1.0
493,77,1.0,42.24,21.55,22.97,1,1,1.0
494,63,240.43,13.01,26.38,18.49,1,1,1.0
494,65,173.44,20.91,29.8,17.64,1,1,0.1975
494,66,290.99,186.88,103.61,73.11,1,1,1.0
494,67,326.61,28.37,36.63,24.47,1,1,0.6962
494,68,318.51,44.8,41.96,25.32,1,1,1.0
494,69,374.4,1.0,96.36,55.47,1,1,1.0
494,70,203.09,73.81,56.47,41.96,1,1,1.0
494,71,363.31,71.89,52.41,29.59,1,1,0.4409
494,72,617.81,91.52,86.12,37.91,1,1,0.774
494,73,580.91,137.39,99.13,44.3,1,1,0.4123
494,74,621.01,120.53,97.43,43.67,1,1,0.628
494,75,100.05,29.65,31.94,28.52,1,1,1.0
494,76,48.43,34.99,26.81,24.47,1,1,1.0
494,77,1.0,42.03,22.19,23.83,1,1,1.0
495,63,239.15,12.37,25.96,18.28,1,1,1.0
495,65,172.59,20.05,28.73,17.85,1,1,0.119
495,66,296.96,190.51,106.17,74.38,1,1,1.0
495,67,323.84,27.52,36.41,24.47,1,1,0.7002
495,68,315.52,43.73,40.68,24.89,1,1,1.0
495,69,370.13,1.0,96.15,54.4,1,1,1.0
495,70,206.08,75.31,57.53,41.74,1,1,1.0
495,71,358.19,70.61,51.77,29.16,1,1,0.3905
495,72,610.77,90.03,84.63,37.05,1,1,0.7369
495,73,572.59,134.83,98.06,43.45,1,1,0.3866
495,74,609.71,117.33,96.14,42.6,1,1,0.6265
495,75,101.76,30.29,31.93,29.16,1,1,1.0
495,76,49.28,34.56,27.24,25.53,1,1,1.0
495,77,1.0,41.81,22.83,24.68,1,1,1.0
496,63,237.87,11.73,25.53,18.07,1,1,1.0
496,65,171.73,19.2,27.67,18.07,1,1,0.1899
496,66,302.93,194.13,108.74,75.67,1,1,1.0
496,67,321.07,26.67,36.2,24.47,1,1,0.705
496,68,312.53,42.67,39.4,24.47,1,1,1.0
496,69,365.87,1.0,95.93,53.33,1,1,1.0
496,70,209.07,76.8,58.6,41.53,1,1,1.0
496,71,353.07,69.33,51.13,28.73,1,1,0.3827
496,72,603.73,88.53,83.14,36.2,1,1,0.7072
496,73,564.27,132.27,97.0,42.6,1,1,0.3661
496,74,598.4,114.13,94.87,41.54,1,1,0.6267
496,75,103.47,30.93,31.93,29.8,1,1,1.0
496,76,50.13,34.13,27.67,26.6,1,1,1.0
496,77,1.0,41.6,23.47,25.53,1,1,1.0
496,78,874.67,147.2,86.33,56.47,1,1,1.0
497,63,236.37,11.31,25.54,18.07,1,1,1.0
497,65,170.45,18.77,27.03,17.64,1,1,0.1974
497,66,309.97,199.04,111.94,77.59,1,1,1.0
497,67,317.87,26.24,36.41,24.47,1,1,0.6972
497,68,309.33,42.03,39.62,24.68,1,1,1.0
497,69,362.88,1.0,94.65,52.69,1,1,1.0
497,70,212.48,78.08,59.24,42.39,1,1,1.0
497,71,349.23,68.27,49.85,27.67,1,1,0.3629
497,72,596.91,87.04,81.85,35.99,1,1,0.6877
497,73,555.95,128.85,95.08,42.82,1,1,0.423
497,74,589.87,111.79,92.3,40.68,1,1,0.6153
497,75,104.96,31.15,32.15,30.23,1,1,1.0
497,76,50.99,34.56,28.31,26.39,1,1,1.0
497,77,1.0,42.88,24.53,25.32,1,1,1.0
497,78,862.29,143.79,98.71,57.1,1,1,1.0
498,63,234.88,10.88,25.53,18.07,1,1,1.0
498,65,169.17,18.35,26.39,17.21,1,1,0.2845
498,66,317.01,203.95,115.14,79.5,1,1,1.0
498,67,314.67,25.81,36.62,24.47,1,1,0.6894
498,68,306.13,41.39,39.83,24.89,1,1,1.0
498,69,359.89,1.0,93.38,52.05,1,1,1.0
498,70,215.89,79.36,59.88,43.24,1,1,1.0
498,71,345.39,67.2,48.57,26.6,1,1,0.4135
498,72,590.08,85.55,80.57,35.77,1,1,0.6679
498,73,547.63,125.44,93.16,43.03,1,1,0.4123
498,74,581.33,109.44,89.75,39.83,1,1,0.6036
498,75,106.45,31.36,32.36,30.65,1,1,1.0
498,76,51.84,34.99,28.95,26.17,1,1,1.0
498,77,1.0,44.16,25.6,25.11,1,1,1.0
498,78,849.92,140.37,111.08,57.75,1,1,1.0
499,63,233.39,10.45,25.53,18.07,1,1,1.0
499,65,167.89,17.92,25.75,16.79,1,1,0.2651
499,66,324.05,208.85,118.34,81.43,1,1,1.0
499,67,311.47,25.39,36.84,24.47,1,1,0.6818
499,68,302.93,40.75,40.04,25.11,1,1,1.0
499,69,356.91,1.0,92.09,51.41,1,1,1.0
499,70,219.31,80.64,60.52,44.09,1,1,1.0
499,71,341.55,66.13,47.29,25.53,1,1,0.4181
499,72,583.25,84.05,79.3,35.56,1,1,0.6593
499,73,539.31,122.03,91.24,43.24,1,1,0.4046
499,74,572.8,107.09,87.19,38.98,1,1,0.5915
499,75,107.95,31.57,32.57,31.08,1,1,1.0
499,76,52.69,35.41,29.59,25.96,1,1,1.0
499,77,1.0,45.44,26.67,24.89,1,1,1.0
499,78,837.55,136.96,123.45,58.39,1,1,1.0
500,63,231.89,10.03,25.54,18.07,1,1,1.0
500,65,166.61,17.49,25.11,16.36,1,1,0.1775
500,66,331.09,213.76,121.54,83.35,1,1,1.0
500,67,308.27,24.96,37.05,24.47,1,1,0.6739
500,68,299.73,40.11,40.26,25.32,1,1,1.0
500,69,353.92,1.0,90.81,50.77,1,1,1.0
500,70,222.72,81.92,61.16,44.95,1,1,1.0
500,71,337.71,65.07,46.01,24.47,1,1,0.4004
500,72,576.43,82.56,78.01,35.35,1,1,0.6542
500,73,530.99,118.61,89.32,43.46,1,1,0.4069
500,74,564.27,104.75,84.62,38.12,1,1,0.5785
500,75,109.44,31.79,32.79,31.51,1,1,1.0
500,76,53.55,35.84,30.23,25.75,1,1,1.0
500,77,1.0,46.72,27.73,24.68,1,1,1.0
500,78,825.17,133.55,115.56,59.02,1,1,1.0
501,63,230.4,9.6,25.53,18.07,1,1,1.0
501,65,165.33,17.07,24.47,15.93,1,1,0.2064
501,66,338.13,218.67,124.74,85.26,1,1,1.0
501,67,305.07,24.53,37.26,24.47,1,1,0.6661
501,68,296.53,39.47,40.47,25.53,1,1,1.0
501,69,350.93,1.0,89.54,50.13,1,1,1.0
501,70,226.13,83.2,61.8,45.8,1,1,1.0
501,71,333.87,64.0,44.73,23.4,1,1,0.4461
501,72,569.6,81.07,76.73,35.13,1,1,0.6509
501,73,522.67,115.2,87.4,43.67,1,1,0.3922
501,74,555.73,102.4,82.07,37.27,1,1,0.5653
501,75,110.93,32.0,33.0,31.93,1,1,1.0
501,76,54.4,36.27,30.87,25.53,1,1,1.0
501,77,1.0,48.0,28.8,24.47,1,1,1.0
501,78,812.8,130.13,119.4,59.67,1,1,1.0
501,79,81.07,24.53,24.46,20.2,1,1,1.0
502,66,347.31,223.79,128.57,89.1,1,1,1.0
502,67,302.72,23.89,36.84,24.68,1,1,0.6595
502,68,293.76,38.61,40.04,25.11,1,1,1.0
502,69,347.09,1.0,89.11,49.07,1,1,1.0
502,70,229.55,84.69,62.65,46.23,1,1,1.0
502,71,328.96,62.51,45.16,23.83,1,1,0.4123
502,72,564.05,79.57,75.24,35.56,1,1,0.6372
502,73,516.91,114.13,85.9,42.6,1,1,0.3805
502,74,546.99,100.05,81.42,37.91,1,1,0.569
502,75,112.85,33.07,32.79,31.51,1,1,1.0
502,76,55.68,37.33,30.65,25.53,1,1,1.0
502,77,1.0,48.85,29.65,24.25,1,1,1.0
502,78,801.71,127.57,117.05,58.39,1,1,1.0
502,79,81.92,25.17,25.11,19.99,1,1,1.0
503,66,356.48,228.91,132.41,92.94,1,1,1.0
503,67,300.37,23.25,36.42,24.89,1,1,0.6537
503,68,290.99,37.76,39.61,24.68,1,1,1.0
503,69,343.25,1.0,88.68,48.0,1,1,1.0
503,70,232.96,86.19,63.51,46.65,1,1,1.0
503,71,324.05,61.01,45.59,24.25,1,1,0.3902
503,72,558.51,78.08,73.74,35.99,1,1,0.6269
503,73,511.15,113.07,84.41,41.53,1,1,0.3702
503,74,538.24,97.71,80.79,38.54,1,1,0.5733
503,75,114.77,34.13,32.58,31.08,1,1,1.0
503,76,56.96,38.4,30.44,25.53,1,1,1.0
503,77,1.0,49.71,30.51,24.04,1,1,1.0
503,78,790.61,125.01,114.71,57.11,1,1,1.0
503,79,82.77,25.81,25.75,19.77,1,1,1.0
504,66,365.65,234.03,136.26,96.78,1,1,1.0
504,67,298.03,22.61,35.98,25.11,1,1,0.6484
504,68,288.21,36.91,39.19,24.25,1,1,1.0
504,69,339.41,1.0,88.26,46.93,1,1,1.0
504,70,236.37,87.68,64.36,47.08,1,1,1.0
504,71,319.15,59.52,46.01,24.68,1,1,0.358
504,72,552.96,76.59,72.25,36.41,1,1,0.62
504,73,505.39,112.0,82.92,40.47,1,1,0.3507
504,74,529.49,95.36,80.15,39.19,1,1,0.5777
504,75,116.69,35.2,32.36,30.65,1,1,1.0
504,76,58.24,39.47,30.23,25.53,1,1,1.0
504,77,1.0,50.56,31.36,23.83,1,1,1.0
504,78,779.52,122.45,112.36,55.83,1,1,1.0
504,79,83.63,26.45,26.38,19.56,1,1,1.0
505,66,374.83,239.15,140.09,100.62,1,1,1.0
505,67,295.68,21.97,35.56,25.32,1,1,0.644
505,68,285.44,36.05,38.76,23.83,1,1,1.0
505,69,335.57,1.0,87.83,45.87,1,1,1.0
505,70,239.79,89.17,65.21,47.51,1,1,1.0
505,71,314.24,58.03,46.44,25.11,1,1,0.3229
505,72,547.41,75.09,70.76,36.84,1,1,0.6165
505,73,499.63,110.93,81.42,39.4,1,1,0.3352
505,74,520.75,93.01,79.5,39.83,1,1,0.5827
505,75,118.61,36.27,32.15,30.23,1,1,1.0
505,76,59.52,40.53,30.01,25.53,1,1,1.0
505,77,1.0,51.41,32.21,23.61,1,1,1.0
505,78,768.43,119.89,110.01,54.55,1,1,1.0
505,79,84.48,27.09,27.03,19.35,1,1,1.0
506,66,384.0,244.27,143.93,104.46,1,1,1.0
506,67,293.33,21.33,35.14,25.53,1,1,0.6402
506,68,282.67,35.2,38.33,23.4,1,1,1.0
506,69,331.73,1.0,87.4,44.8,1,1,1.0
506,70,243.2,90.67,66.07,47.93,1,1,1.0
506,71,309.33,56.53,46.87,25.53,1,1,0.3025
506,72,541.87,73.6,69.26,37.27,1,1,0.6165
506,73,493.87,109.87,79.93,38.33,1,1,0.3176
506,74,512.0,90.67,78.87,40.46,1,1,0.5883
506,75,120.53,37.33,31.94,29.8,1,1,1.0
506,76,60.8,41.6,29.8,25.53,1,1,1.0
506,77,1.0,52.27,33.07,23.4,1,1,1.0
506,78,757.33,117.33,107.67,53.27,1,1,1.0
506,79,85.33,27.73,27.67,19.13,1,1,1.0
506,80,39.47,29.87,26.6,19.13,1,1,1.0
507,66,394.67,251.31,148.84,107.24,1,1,1.0
507,67,291.2,21.33,34.28,24.25,1,1,0.6472
507,68,280.11,34.56,37.69,23.4,1,1,1.0
507,69,328.75,1.0,86.33,44.16,1,1,1.0
507,70,247.68,92.59,66.71,49.0,1,1,1.0
507,71,305.49,55.89,46.23,24.68,1,1,0.3464
507,72,535.68,72.53,68.63,36.42,1,1,0.6331
507,73,488.53,108.37,77.16,37.27,1,1,0.3352
507,74,504.75,89.39,77.8,38.97,1,1,0.5982
507,75,121.6,37.97,33.21,30.01,1,1,1.0
507,76,62.08,42.24,29.8,25.53,1,1,1.0
507,77,1.0,52.69,34.35,24.25,1,1,1.0
507,78,747.73,115.41,105.32,52.42,1,1,1.0
507,79,86.83,27.95,27.66,19.77,1,1,1.0
507,80,40.11,29.87,27.03,19.99,1,1,1.0
508,66,405.33,258.35,153.75,110.01,1,1,1.0
508,67,289.07,21.33,33.42,22.97,1,1,0.6546
508,68,277.55,33.92,37.05,23.4,1,1,1.0
508,69,325.76,1.0,85.27,43.52,1,1,1.0
508,70,252.16,94.51,67.35,50.06,1,1,1.0
508,71,301.65,55.25,45.59,23.83,1,1,0.2958
508,72,529.49,71.47,67.99,35.56,1,1,0.6499
508,73,483.2,106.88,74.39,36.2,1,1,0.3223
508,74,497.49,88.11,76.74,37.48,1,1,0.6091
508,75,122.67,38.61,34.49,30.23,1,1,1.0
508,76,63.36,42.88,29.8,25.53,1,1,1.0
508,77,1.0,53.12,35.63,25.11,1,1,1.0
508,78,738.13,113.49,102.98,51.56,1,1,1.0
508,79,88.32,28.16,27.67,20.41,1,1,1.0
508,80,40.75,29.87,27.45,20.84,1,1,1.0
509,66,416.0,265.39,158.65,112.78,1,1,1.0
509,67,286.93,21.33,32.58,21.69,1,1,0.6625
509,68,274.99,33.28,36.41,23.4,1,1,1.0
509,69,322.77,1.0,84.2,42.88,1,1,1.0
509,70,256.64,96.43,67.99,51.13,1,1,1.0
509,71,297.81,54.61,44.95,22.97,1,1,0.2632
509,72,523.31,70.4,67.34,34.71,1,1,0.6668
509,73,477.87,105.39,71.61,35.13,1,1,0.308
509,74,490.24,86.83,75.67,35.98,1,1,0.621
509,75,123.73,39.25,35.78,30.44,1,1,1.0
509,76,64.64,43.52,29.8,25.53,1,1,1.0
509,77,1.0,53.55,36.91,25.96,1,1,1.0
509,78,728.53,111.57,100.63,50.71,1,1,1.0
509,79,89.81,28.37,27.67,21.05,1,1,1.0
509,80,41.39,29.87,27.88,21.69,1,1,1.0
510,66,426.67,272.43,163.56,115.56,1,1,1.0
510,67,284.8,21.33,31.72,20.41,1,1,0.6709
510,68,272.43,32.64,35.77,23.4,1,1,1.0
510,69,319.79,1.0,83.13,42.24,1,1,1.0
510,70,261.12,98.35,68.63,52.2,1,1,1.0
510,71,293.97,53.97,44.31,22.12,1,1,0.273
510,72,517.12,69.33,66.71,33.86,1,1,0.6839
510,73,472.53,103.89,68.84,34.07,1,1,0.3005
510,74,482.99,85.55,74.6,34.49,1,1,0.6336
510,75,124.8,39.89,37.05,30.65,1,1,1.0
510,76,65.92,44.16,29.8,25.53,1,1,1.0
510,77,1.0,53.97,38.19,26.81,1,1,1.0
510,78,718.93,109.65,98.28,49.86,1,1,1.0
510,79,91.31,28.59,27.66,21.69,1,1,1.0
510,80,42.03,29.87,28.31,22.55,1,1,1.0
511,66,437.33,279.47,168.47,118.33,1,1,1.0
511,67,282.67,21.33,30.86,19.13,1,1,0.6798
511,68,269.87,32.0,35.13,23.4,1,1,1.0
511,69,316.8,1.0,82.07,41.6,1,1,1.0
511,70,265.6,100.27,69.27,53.26,1,1,1.0
511,71,290.13,53.33,43.67,21.27,1,1,0.2194
511,72,510.93,68.27,66.07,33.0,1,1,0.701
511,73,467.2,102.4,66.07,33.0,1,1,0.3143
511,74,475.73,84.27,73.54,33.0,1,1,0.6475
511,75,125.87,40.53,38.33,30.87,1,1,1.0
511,76,67.2,44.8,29.8,25.53,1,1,1.0
511,77,1.0,54.4,39.47,27.67,1,1,1.0
511,78,709.33,107.73,95.94,49.0,1,1,1.0
511,79,92.8,28.8,27.67,22.33,1,1,1.0
511,80,42.67,29.87,28.73,23.4,1,1,1.0
511,81,861.87,213.33,99.13,55.4,1,1,0.3739
512,66,450.13,288.43,175.72,122.38,1,1,1.0
512,67,280.53,20.48,30.66,19.56,1,1,0.6859
512,68,267.31,31.36,34.92,23.61,1,1,1.0
512,69,314.67,1.0,80.78,41.17,1,1,1.0
512,70,269.65,101.97,71.19,54.55,1,1,1.0
512,71,287.79,52.27,41.96,21.05,1,1,0.3038
512,72,506.88,67.41,64.57,32.79,1,1,0.7091
512,73,460.37,100.48,66.5,32.79,1,1,0.2986
512,74,469.55,82.35,71.82,32.57,1,1,0.6462
512,75,128.0,41.17,37.91,31.51,1,1,1.0
512,76,68.05,45.65,30.23,25.53,1,1,1.0
512,77,1.0,55.25,40.32,27.88,1,1,1.0
512,78,700.16,105.39,94.87,48.78,1,1,1.0
512,79,94.29,29.23,27.46,22.55,1,1,1.0
512,80,43.95,30.51,28.52,23.19,1,1,1.0
512,81,846.29,208.64,114.71,56.04,1,1,0.3455
513,66,462.93,297.39,182.98,126.44,1,1,1.0
513,67,278.4,19.63,30.44,19.99,1,1,0.6923
513,68,264.75,30.72,34.7,23.83,1,1,1.0
513,69,312.53,1.0,79.51,40.75,1,1,1.0
513,70,273.71,103.68,73.1,55.83,1,1,1.0
513,71,285.44,51.2,40.25,20.84,1,1,0.3472
513,72,502.83,66.56,63.08,32.57,1,1,0.721
513,73,453.55,98.56,66.92,32.57,1,1,0.3596
513,74,463.36,80.43,70.12,32.14,1,1,0.645
513,75,130.13,41.81,37.48,32.15,1,1,1.0
513,76,68.91,46.51,30.65,25.53,1,1,1.0
513,77,1.0,56.11,41.17,28.09,1,1,1.0
513,78,690.99,103.04,93.8,48.57,1,1,1.0
513,79,95.79,29.65,27.24,22.76,1,1,1.0
513,80,45.23,31.15,28.31,22.97,1,1,1.0
513,81,830.72,203.95,130.28,56.68,1,1,0.4232
514,66,475.73,306.35,190.23,130.49,1,1,1.0
514,67,276.27,18.77,30.22,20.41,1,1,0.6987
514,68,262.19,30.08,34.49,24.04,1,1,1.0
514,69,310.4,1.0,78.23,40.32,1,1,1.0
514,70,277.76,105.39,75.03,57.1,1,1,1.0
514,71,283.09,50.13,38.55,20.63,1,1,0.3132
514,72,498.77,65.71,61.59,32.36,1,1,0.7368
514,73,446.72,96.64,67.35,32.36,1,1,0.2892
514,74,457.17,78.51,68.42,31.72,1,1,0.6437
514,75,132.27,42.45,37.05,32.79,1,1,1.0
514,76,69.76,47.36,31.08,25.53,1,1,1.0
514,77,1.0,56.96,42.03,28.31,1,1,1.0
514,78,681.81,100.69,92.74,48.36,1,1,1.0
514,79,97.28,30.08,27.03,22.97,1,1,1.0
514,80,46.51,31.79,28.09,22.76,1,1,1.0
514,81,815.15,199.25,132.2,57.32,1,1,0.4257
515,66,488.53,315.31,197.48,134.54,1,1,1.0
515,67,274.13,17.92,30.02,20.84,1,1,0.7053
515,68,259.63,29.44,34.28,24.25,1,1,1.0
515,69,308.27,1.0,76.94,39.89,1,1,1.0
515,70,281.81,107.09,76.95,58.39,1,1,1.0
515,71,280.75,49.07,36.84,20.41,1,1,0.3734
515,72,494.72,64.85,60.09,32.15,1,1,0.7573
515,73,439.89,94.72,67.78,32.15,1,1,0.2968
515,74,450.99,76.59,66.7,31.29,1,1,0.6426
515,75,134.4,43.09,36.63,33.43,1,1,1.0
515,76,70.61,48.21,31.51,25.53,1,1,1.0
515,77,1.0,57.81,42.88,28.52,1,1,1.0
515,78,672.64,98.35,91.67,48.14,1,1,1.0
515,79,98.77,30.51,26.82,23.19,1,1,1.0
515,80,47.79,32.43,27.88,22.55,1,1,1.0
515,81,799.57,194.56,138.6,57.96,1,1,0.4499
516,66,501.33,324.27,204.74,138.6,1,1,1.0
516,67,272.0,17.07,29.8,21.27,1,1,0.7122
516,68,257.07,28.8,34.06,24.47,1,1,1.0
516,69,306.13,1.0,75.67,39.47,1,1,1.0
516,70,285.87,108.8,78.86,59.67,1,1,1.0
516,71,278.4,48.0,35.13,20.2,1,1,0.3076
516,72,490.67,64.0,58.6,31.93,1,1,0.7826
516,73,433.07,92.8,68.2,31.93,1,1,0.3622
516,74,444.8,74.67,65.0,30.86,1,1,0.6417
516,75,136.53,43.73,36.2,34.07,1,1,1.0
516,76,71.47,49.07,31.93,25.53,1,1,1.0
516,77,1.0,58.67,43.73,28.73,1,1,1.0
516,78,663.47,96.0,90.6,47.93,1,1,1.0
516,79,100.27,30.93,26.6,23.4,1,1,1.0
516,80,49.07,33.07,27.67,22.33,1,1,1.0
516,81,784.0,189.87,145.0,58.6,1,1,0.4892
516,82,919.47,199.47,41.53,39.4,1,1,1.0
517,66,519.04,334.29,216.04,143.72,1,1,1.0
517,67,270.08,16.64,29.37,21.27,1,1,0.7144
517,68,254.51,28.37,34.28,23.61,1,1,1.0
517,69,303.57,1.0,75.24,37.76,1,1,1.0
517,70,291.41,110.93,79.94,61.38,1,1,1.0
517,71,274.35,46.93,36.41,20.41,1,1,0.3632
517,72,485.33,62.93,58.18,31.51,1,1,0.7974
517,73,429.44,91.31,66.49,31.29,1,1,0.3473
517,74,439.25,73.39,63.72,31.08,1,1,0.6233
517,75,139.09,44.37,36.42,34.49,1,1,1.0
517,76,72.96,49.49,31.93,26.17,1,1,1.0
517,77,1.0,59.31,44.8,28.52,1,1,1.0
517,78,655.36,94.93,88.68,46.87,1,1,1.0
517,79,101.76,31.79,27.24,22.97,1,1,1.0
517,80,50.35,33.28,27.67,22.33,1,1,1.0
517,81,770.35,185.39,141.37,57.53,1,1,0.5163
517,82,903.68,193.07,57.32,44.94,1,1,1.0
518,66,536.75,344.32,227.34,148.84,1,1,1.0
518,67,268.16,16.21,28.95,21.27,1,1,0.717
518,68,251.95,27.95,34.49,22.76,1,1,1.0
518,69,301.01,1.0,74.82,36.05,1,1,1.0
518,70,296.96,113.07,81.0,63.08,1,1,1.0
518,71,270.29,45.87,37.7,20.63,1,1,0.2973
518,72,480.0,61.87,57.75,31.08,1,1,0.8125
518,73,425.81,89.81,64.79,30.66,1,1,0.3342
518,74,433.71,72.11,62.44,31.29,1,1,0.6044
518,75,141.65,45.01,36.63,34.92,1,1,1.0
518,76,74.45,49.92,31.94,26.81,1,1,1.0
518,77,1.0,59.95,45.87,28.31,1,1,1.0
518,78,647.25,93.87,86.76,45.8,1,1,1.0
518,79,103.25,32.64,27.88,22.55,1,1,1.0
518,80,51.63,33.49,27.67,22.33,1,1,1.0
518,81,756.69,180.91,137.75,56.46,1,1,0.5489
518,82,887.89,186.67,73.11,50.49,1,1,1.0
519,66,554.45,354.35,238.66,153.96,1,1,1.0
519,67,266.24,15.79,28.52,21.27,1,1,0.7194
519,68,249.39,27.52,34.7,21.91,1,1,1.0
519,69,298.45,1.0,74.39,34.35,1,1,1.0
519,70,302.51,115.2,82.06,64.79,1,1,1.0
519,71,266.24,44.8,38.97,20.84,1,1,0.3796
519,72,474.67,60.8,57.32,30.65,1,1,0.828
519,73,422.19,88.32,63.08,30.01,1,1,0.4305
519,74,428.16,70.83,61.16,31.5,1,1,0.5847
519,75,144.21,45.65,36.84,35.35,1,1,1.0
519,76,75.95,50.35,31.93,27.45,1,1,1.0
519,77,12.37,60.59,35.56,28.09,1,1,1.0
519,78,639.15,92.8,84.84,44.73,1,1,1.0
519,79,104.75,33.49,28.52,22.12,1,1,1.0
519,80,52.91,33.71,27.67,22.33,1,1,1.0
519,81,743.04,176.43,134.12,55.4,1,1,0.5945
519,82,872.11,180.27,88.89,56.04,1,1,1.0
520,66,572.16,364.37,249.96,159.08,1,1,1.0
520,67,264.32,15.36,28.09,21.27,1,1,0.7218
520,68,246.83,27.09,34.92,21.05,1,1,1.0
520,69,295.89,1.0,73.96,32.64,1,1,1.0
520,70,308.05,117.33,83.14,66.5,1,1,1.0
520,71,262.19,43.73,40.25,21.05,1,1,0.2977
520,72,469.33,59.73,56.9,30.23,1,1,0.8438
520,73,418.56,86.83,61.37,29.37,1,1,0.4302
520,74,422.61,69.55,59.88,31.72,1,1,0.5642
520,75,146.77,46.29,37.06,35.77,1,1,1.0
520,76,77.44,50.77,31.93,28.09,1,1,1.0
520,77,13.65,61.23,35.35,27.88,1,1,1.0
520,78,631.04,91.73,82.92,43.67,1,1,1.0
520,79,106.24,34.35,29.16,21.69,1,1,1.0
520,80,54.19,33.92,27.67,22.33,1,1,1.0
520,81,729.39,171.95,130.49,54.33,1,1,0.5857
520,82,856.32,173.87,104.68,61.58,1,1,1.0
521,66,589.87,374.4,261.26,166.6,1,1,1.0
521,67,262.4,14.93,27.67,21.27,1,1,0.7246
521,68,244.27,26.67,35.13,20.2,1,1,1.0
521,69,293.33,1.0,73.54,30.93,1,1,1.0
521,70,313.6,119.47,84.2,68.2,1,1,1.0
521,71,258.13,42.67,41.54,21.27,1,1,0.3554
521,72,464.0,58.67,56.47,29.8,1,1,0.8599
521,73,414.93,85.33,59.67,28.74,1,1,0.5815
521,74,417.07,68.27,58.6,31.93,1,1,0.5429
521,75,149.33,46.93,37.27,36.2,1,1,1.0
521,76,78.93,51.2,31.94,28.73,1,1,1.0
521,77,14.93,61.87,35.13,27.67,1,1,1.0
521,78,622.93,90.67,81.0,42.6,1,1,1.0
521,79,107.73,35.2,29.8,21.27,1,1,1.0
521,80,55.47,34.13,27.67,22.33,1,1,1.0
521,81,715.73,167.47,126.87,53.26,1,1,0.6638
521,82,840.53,167.47,120.47,67.13,1,1,1.0
522,66,612.27,389.12,259.56,151.88,1,1,1.0
522,67,260.05,14.51,27.67,21.05,1,1,0.7226
522,68,242.35,25.81,34.28,20.2,1,1,1.0
522,70,319.15,122.03,86.97,68.84,1,1,1.0
522,71,256.0,41.81,40.04,20.84,1,1,0.2969
522,72,459.52,57.6,56.04,30.01,1,1,1.0
522,73,410.45,84.27,58.39,28.09,1,1,0.5575
522,74,411.73,66.99,58.39,31.72,1,1,0.5547
522,75,150.83,48.0,37.69,36.41,1,1,1.0
522,76,79.79,52.05,32.36,28.73,1,1,1.0
522,77,15.57,62.72,35.77,28.31,1,1,1.0
522,78,616.11,89.17,79.72,42.6,1,1,1.0
522,79,108.8,35.63,29.8,21.69,1,1,1.0
522,80,56.53,35.2,28.09,22.55,1,1,1.0
522,81,704.0,164.27,123.88,51.98,1,1,0.6535
522,82,825.17,163.84,135.83,65.64,1,1,1.0
523,66,634.67,403.84,257.85,137.16,1,1,1.0
523,67,257.71,14.08,27.66,20.84,1,1,0.7211
523,68,240.43,24.96,33.42,20.2,1,1,1.0
523,70,324.69,124.59,89.75,69.48,1,1,1.0
523,71,253.87,40.96,38.54,20.41,1,1,0.3653
523,72,455.04,56.53,55.61,30.23,1,1,1.0
523,73,405.97,83.2,57.11,27.45,1,1,0.5608
523,74,406.4,65.71,58.17,31.51,1,1,0.5666
523,75,152.32,49.07,38.12,36.63,1,1,1.0
523,76,80.64,52.91,32.79,28.73,1,1,1.0
523,77,16.21,63.57,36.41,28.95,1,1,1.0
523,78,609.28,87.68,78.44,42.6,1,1,1.0
523,79,109.87,36.05,29.8,22.12,1,1,1.0
523,80,57.6,36.27,28.52,22.76,1,1,1.0
523,81,692.27,161.07,120.89,50.7,1,1,0.6438
523,82,809.81,160.21,131.99,64.15,1,1,1.0
524,66,657.07,418.56,256.14,122.44,1,1,1.0
524,67,255.36,13.65,27.67,20.63,1,1,0.7198
524,68,238.51,24.11,32.57,20.2,1,1,1.0
524,70,330.24,127.15,92.52,70.12,1,1,1.0
524,71,251.73,40.11,37.06,19.99,1,1,0.3993
524,72,450.56,55.47,55.19,30.44,1,1,1.0
524,73,401.49,82.13,55.83,26.82,1,1,0.5507
524,74,401.07,64.43,57.96,31.29,1,1,0.5818
524,75,153.81,50.13,38.55,36.84,1,1,1.0
524,76,81.49,53.76,33.22,28.73,1,1,1.0
524,77,16.85,64.43,37.05,29.59,1,1,1.0
524,78,602.45,86.19,77.16,42.6,1,1,1.0
524,79,110.93,36.48,29.8,22.55,1,1,1.0
524,80,58.67,37.33,28.95,22.97,1,1,1.0
524,81,680.53,157.87,117.91,49.42,1,1,0.714
524,82,794.45,156.59,135.62,62.65,1,1,1.0
525,66,679.47,433.28,254.44,107.72,1,1,1.0
525,67,253.01,13.23,27.67,20.41,1,1,0.7186
525,68,236.59,23.25,31.72,20.2,1,1,1.0
525,70,335.79,129.71,95.29,70.76,1,1,1.0
525,71,249.6,39.25,35.56,19.56,1,1,0.3553
525,72,446.08,54.4,54.76,30.65,1,1,1.0
525,73,397.01,81.07,54.55,26.17,1,1,0.6267
525,74,395.73,63.15,57.75,31.08,1,1,0.6
525,75,155.31,51.2,38.97,37.05,1,1,1.0
525,76,82.35,54.61,33.64,28.73,1,1,1.0
525,77,17.49,65.28,37.69,30.23,1,1,1.0
525,78,595.63,84.69,75.88,42.6,1,1,1.0
525,79,112.0,36.91,29.8,22.97,1,1,1.0
525,80,59.73,38.4,29.37,23.19,1,1,1.0
525,81,668.8,154.67,114.92,48.14,1,1,0.7073
525,82,779.09,152.96,139.24,61.16,1,1,1.0
526,66,701.87,448.0,259.13,93.0,1,1,1.0
526,67,250.67,12.8,27.66,20.2,1,1,0.7181
526,68,234.67,22.4,30.86,20.2,1,1,1.0
526,70,341.33,132.27,98.07,71.4,1,1,1.0
526,71,247.47,38.4,34.06,19.13,1,1,0.443
526,72,441.6,53.33,54.33,30.87,1,1,1.0
526,73,392.53,80.0,53.27,25.53,1,1,0.6131
526,74,390.4,61.87,57.53,30.87,1,1,0.618
526,75,156.8,52.27,39.4,37.27,1,1,1.0
526,76,83.2,55.47,34.07,28.73,1,1,1.0
526,77,18.13,66.13,38.33,30.87,1,1,1.0
526,78,588.8,83.2,74.6,42.6,1,1,1.0
526,79,113.07,37.33,29.8,23.4,1,1,1.0
526,80,60.8,39.47,29.8,23.4,1,1,1.0
526,81,657.07,151.47,111.93,46.86,1,1,0.6977
526,82,763.73,149.33,142.87,59.67,1,1,0.971
527,67,249.39,13.44,27.02,19.13,1,1,0.7341
527,68,232.32,22.61,30.87,19.77,1,1,1.0
527,70,347.95,135.47,100.41,73.32,1,1,1.0
527,71,244.48,37.76,34.07,19.77,1,1,0.3425
527,72,437.33,52.69,53.48,30.44,1,1,1.0
527,73,387.2,79.15,53.91,25.32,1,1,0.523
527,74,385.71,61.23,56.89,29.8,1,1,0.6222
527,75,158.72,53.33,40.25,37.69,1,1,1.0
527,76,83.84,56.32,35.13,29.16,1,1,1.0
527,77,18.77,67.41,39.19,30.87,1,1,1.0
527,78,581.76,82.35,73.96,41.74,1,1,1.0
527,79,114.56,38.19,30.01,23.61,1,1,1.0
527,80,61.65,39.89,30.01,23.61,1,1,1.0
527,81,647.04,148.91,110.01,46.22,1,1,0.7233
527,82,750.93,146.35,138.82,59.02,1,1,0.9655
528,67,248.11,14.08,26.38,18.07,1,1,0.7511
528,68,229.97,22.83,30.87,19.35,1,1,1.0
528,70,354.56,138.67,102.76,75.24,1,1,1.0
528,71,241.49,37.12,34.07,20.41,1,1,0.3832
528,72,433.07,52.05,52.62,30.01,1,1,1.0
528,73,381.87,78.29,54.54,25.11,1,1,0.5071
528,74,381.01,60.59,56.26,28.73,1,1,0.628
528,75,160.64,54.4,41.11,38.12,1,1,1.0
528,76,84.48,57.17,36.2,29.59,1,1,1.0
528,77,19.41,68.69,40.04,30.87,1,1,1.0
528,78,574.72,81.49,73.32,40.9,1,1,1.0
528,79,116.05,39.04,30.23,23.83,1,1,1.0
528,80,62.51,40.32,30.23,23.83,1,1,1.0
528,81,637.01,146.35,108.1,45.58,1,1,0.684
528,82,738.13,143.36,134.76,58.39,1,1,0.9596
529,67,246.83,14.72,25.74,17.0,1,1,0.7687
529,68,227.63,23.04,30.86,18.92,1,1,1.0
529,70,361.17,141.87,105.11,77.16,1,1,1.0
529,71,238.51,36.48,34.06,21.05,1,1,0.2875
529,72,428.8,51.41,51.77,29.59,1,1,1.0
529,73,376.53,77.44,55.19,24.89,1,1,0.3762
529,74,376.32,59.95,55.61,27.67,1,1,0.6351
529,75,162.56,55.47,41.96,38.55,1,1,1.0
529,76,85.12,58.03,37.27,30.01,1,1,1.0
529,77,20.05,69.97,40.89,30.87,1,1,1.0
529,78,567.68,80.64,72.68,40.04,1,1,1.0
529,79,117.55,39.89,30.44,24.04,1,1,1.0
529,80,63.36,40.75,30.44,24.04,1,1,1.0
529,81,626.99,143.79,106.17,44.94,1,1,0.6713
529,82,725.33,140.37,130.71,57.75,1,1,0.9534
530,67,245.55,15.36,25.1,15.93,1,1,0.7869
530,68,225.28,23.25,30.87,18.49,1,1,1.0
530,70,367.79,145.07,107.45,79.08,1,1,1.0
530,71,235.52,35.84,34.07,21.69,1,1,0.3302
530,72,424.53,50.77,50.92,29.16,1,1,1.0
530,73,371.2,76.59,55.83,24.68,1,1,0.3709
530,74,371.63,59.31,54.97,26.6,1,1,0.6496
530,75,164.48,56.53,42.81,38.97,1,1,1.0
530,76,85.76,58.88,38.33,30.44,1,1,1.0
530,77,20.69,71.25,41.75,30.87,1,1,1.0
530,78,560.64,79.79,72.04,39.18,1,1,1.0
530,79,119.04,40.75,30.65,24.25,1,1,1.0
530,80,64.21,41.17,30.65,24.25,1,1,1.0
530,81,616.96,141.23,104.25,44.3,1,1,0.6953
530,82,712.53,137.39,126.66,57.1,1,1,0.9468
531,67,244.27,16.0,24.46,14.87,1,1,0.8061
531,68,222.93,23.47,30.87,18.07,1,1,1.0
531,70,374.4,148.27,109.8,81.0,1,1,1.0
531,71,232.53,35.2,34.07,22.33,1,1,0.2388
531,72,420.27,50.13,50.06,28.73,1,1,1.0
531,73,365.87,75.73,56.46,24.47,1,1,0.2579
531,74,366.93,58.67,54.34,25.53,1,1,0.6684
531,75,166.4,57.6,43.67,39.4,1,1,1.0
531,76,86.4,59.73,39.4,30.87,1,1,1.0
531,77,21.33,72.53,42.6,30.87,1,1,1.0
531,78,553.6,78.93,71.4,38.34,1,1,1.0
531,79,120.53,41.6,30.87,24.47,1,1,1.0
531,80,65.07,41.6,30.87,24.47,1,1,1.0
531,81,606.93,138.67,102.34,43.66,1,1,0.6452
531,82,699.73,134.4,122.6,56.47,1,1,0.9398
532,67,241.71,15.36,24.89,15.72,1,1,0.7999
532,68,221.44,23.04,30.01,18.28,1,1,0.7557
532,70,383.36,152.75,112.36,82.06,1,1,1.0
532,71,229.55,35.2,34.06,21.48,1,1,0.2476
532,72,416.43,49.71,49.85,28.73,1,1,1.0
532,73,361.39,74.67,56.25,24.68,1,1,0.3265
532,74,362.67,57.6,53.26,25.53,1,1,0.6684
532,75,168.96,58.67,44.09,40.04,1,1,1.0
532,76,87.89,61.01,39.4,30.65,1,1,1.0
532,77,22.61,73.17,42.39,31.51,1,1,1.0
532,78,548.05,77.65,69.7,37.27,1,1,1.0
532,79,121.81,42.67,31.72,24.25,1,1,1.0
532,80,66.35,42.45,30.87,24.68,1,1,1.0
532,81,597.55,136.75,101.26,42.81,1,1,0.6657
532,82,689.28,131.84,120.04,55.4,1,1,0.9387
533,67,239.15,14.72,25.32,16.57,1,1,0.794
533,68,219.95,22.61,29.16,18.49,1,1,0.753
533,70,392.32,157.23,114.92,83.13,1,1,1.0
533,71,226.56,35.2,34.07,20.63,1,1,0.1357
533,72,412.59,49.28,49.64,28.73,1,1,1.0
533,73,356.91,73.6,56.04,24.89,1,1,0.2716
533,74,358.4,56.53,52.2,25.53,1,1,0.6684
533,75,171.52,59.73,44.52,40.68,1,1,1.0
533,76,89.39,62.29,39.4,30.44,1,1,1.0
533,77,23.89,73.81,42.17,32.15,1,1,1.0
533,78,542.51,76.37,67.98,36.2,1,1,1.0
533,79,123.09,43.73,32.58,24.04,1,1,1.0
533,80,67.63,43.31,30.87,24.89,1,1,1.0
533,81,588.16,134.83,100.2,41.96,1,1,0.6052
533,82,678.83,129.28,117.48,54.33,1,1,0.9373
534,67,236.59,14.08,25.74,17.43,1,1,0.7887
534,68,218.45,22.19,28.31,18.71,1,1,0.7507
534,70,401.28,161.71,117.48,84.2,1,1,1.0
534,71,223.57,35.2,34.07,19.77,1,1,0.0706
534,72,408.75,48.85,49.42,28.73,1,1,1.0
534,73,352.43,72.53,55.82,25.11,1,1,0.2432
534,74,354.13,55.47,51.14,25.53,1,1,0.6684
534,75,174.08,60.8,44.95,41.32,1,1,1.0
534,76,90.88,63.57,39.4,30.23,1,1,1.0
534,77,25.17,74.45,41.96,32.79,1,1,1.0
534,78,536.96,75.09,66.28,35.14,1,1,1.0
534,79,124.37,44.8,33.43,23.83,1,1,1.0
534,80,68.91,44.16,30.87,25.11,1,1,1.0
534,81,578.77,132.91,99.14,41.1,1,1,0.5949
534,82,668.37,126.72,114.92,53.27,1,1,0.936
535,67,234.03,13.44,26.17,18.28,1,1,0.7839
535,68,216.96,21.76,27.45,18.92,1,1,0.7487
535,70,410.24,166.19,120.04,85.26,1,1,1.0
535,71,220.59,35.2,34.06,18.92,1,1,0.0423
535,72,404.91,48.43,49.21,28.73,1,1,1.0
535,73,347.95,71.47,55.61,25.32,1,1,0.188
535,74,349.87,54.4,50.06,25.53,1,1,0.6684
535,75,176.64,61.87,45.37,41.96,1,1,1.0
535,76,92.37,64.85,39.4,30.01,1,1,1.0
535,77,26.45,75.09,41.75,33.43,1,1,1.0
535,78,531.41,73.81,64.58,34.07,1,1,1.0
535,79,125.65,45.87,34.28,23.61,1,1,1.0
535,80,70.19,45.01,30.86,25.32,1,1,1.0
535,81,569.39,130.99,98.06,40.25,1,1,0.5863
535,82,657.92,124.16,112.36,52.2,1,1,0.9346
536,67,231.47,12.8,26.6,19.13,1,1,0.7792
536,68,215.47,21.33,26.6,19.13,1,1,0.7468
536,70,419.2,170.67,122.6,86.33,1,1,1.0
536,71,217.6,35.2,34.07,18.07,1,1,0.0886
536,72,401.07,48.0,49.0,28.73,1,1,1.0
536,73,343.47,70.4,55.4,25.53,1,1,0.1492
536,74,345.6,53.33,49.0,25.53,1,1,0.6684
536,75,179.2,62.93,45.8,42.6,1,1,1.0
536,76,93.87,66.13,39.4,29.8,1,1,1.0
536,77,27.73,75.73,41.53,34.07,1,1,1.0
536,78,525.87,72.53,62.86,33.0,1,1,1.0
536,79,126.93,46.93,35.14,23.4,1,1,1.0
536,80,71.47,45.87,30.86,25.53,1,1,1.0
536,81,560.0,129.07,97.0,39.4,1,1,0.507
536,82,647.47,121.6,109.8,51.13,1,1,0.9331
536,83,872.53,123.73,88.47,45.8,1,1,1.0
537,67,230.19,12.37,26.17,18.92,1,1,0.7868
537,68,213.33,20.69,26.82,18.92,1,1,0.7482
537,70,428.16,174.51,126.65,89.32,1,1,1.0
537,71,215.89,34.35,33.22,17.64,1,1,0.0066
537,72,397.87,47.36,48.14,27.88,1,1,1.0
537,73,341.12,68.91,53.69,25.32,1,1,0.2142
537,74,341.76,52.27,48.57,24.68,1,1,0.6742
537,75,182.19,64.0,46.44,43.03,1,1,1.0
537,76,95.36,67.2,40.04,30.44,1,1,1.0
537,77,28.8,77.44,41.32,33.43,1,1,1.0
537,78,520.32,71.25,62.23,32.79,1,1,1.0
537,79,128.64,47.79,35.35,23.61,1,1,1.0
537,80,72.75,46.72,31.29,25.32,1,1,1.0
537,81,552.53,126.93,94.87,39.19,1,1,0.4909
537,82,638.51,119.89,107.88,49.43,1,1,0.9347
537,83,859.31,120.75,101.69,45.16,1,1,1.0
538,67,228.91,11.95,25.74,18.71,1,1,0.7948
538,68,211.2,20.05,27.03,18.71,1,1,0.7496
538,70,437.12,178.35,130.71,92.3,1,1,1.0
538,71,214.19,33.49,32.36,17.21,1,1,0.0295
538,72,394.67,46.72,47.29,27.03,1,1,1.0
538,73,338.77,67.41,51.99,25.11,1,1,0.2798
538,74,337.92,51.2,48.15,23.83,1,1,0.6861
538,75,185.17,65.07,47.08,43.45,1,1,1.0
538,76,96.85,68.27,40.68,31.08,1,1,1.0
538,77,29.87,79.15,41.11,32.78,1,1,1.0
538,78,514.77,69.97,61.59,32.58,1,1,1.0
538,79,130.35,48.64,35.56,23.83,1,1,1.0
538,80,74.03,47.57,31.72,25.11,1,1,1.0
538,81,545.07,124.8,92.73,38.97,1,1,0.4804
538,82,629.55,118.19,105.96,47.72,1,1,0.9364
538,83,846.08,117.76,101.27,44.52,1,1,1.0
539,67,227.63,11.52,25.32,18.49,1,1,0.8035
539,68,209.07,19.41,27.24,18.49,1,1,0.7509
539,70,446.08,182.19,134.76,95.29,1,1,1.0
539,71,212.48,32.64,31.51,16.79,1,1,0.0254
539,72,391.47,46.08,46.44,26.17,1,1,1.0
539,73,336.43,65.92,50.28,24.89,1,1,0.2442
539,74,334.08,50.13,47.72,22.97,1,1,0.7026
539,75,188.16,66.13,47.72,43.88,1,1,1.0
539,76,98.35,69.33,41.32,31.72,1,1,1.0
539,77,30.93,80.85,40.89,32.15,1,1,1.0
539,78,509.23,68.69,60.94,32.36,1,1,1.0
539,79,132.05,49.49,35.78,24.04,1,1,1.0
539,80,75.31,48.43,32.14,24.89,1,1,1.0
539,81,537.6,122.67,90.6,38.76,1,1,0.5219
539,82,620.59,116.48,104.04,46.01,1,1,0.9384
539,83,832.85,114.77,102.34,43.88,1,1,1.0
540,67,226.35,11.09,24.89,18.28,1,1,0.8127
540,68,206.93,18.77,27.46,18.28,1,1,0.7522
540,70,455.04,186.03,138.81,98.28,1,1,1.0
540,71,210.77,31.79,30.66,16.36,1,1,0.0665
540,72,388.27,45.44,45.58,25.32,1,1,1.0
540,73,334.08,64.43,48.57,24.68,1,1,0.2301
540,74,330.24,49.07,47.29,22.12,1,1,0.7192
540,75,191.15,67.2,48.36,44.31,1,1,1.0
540,76,99.84,70.4,41.96,32.36,1,1,1.0
540,77,32.0,82.56,40.68,31.51,1,1,1.0
540,78,503.68,67.41,60.31,32.15,1,1,1.0
540,79,133.76,50.35,35.99,24.25,1,1,1.0
540,80,76.59,49.28,32.57,24.68,1,1,1.0
540,81,530.13,120.53,88.47,38.55,1,1,0.4219
540,82,611.63,114.77,102.12,44.31,1,1,0.9406
540,83,819.63,111.79,103.4,43.24,1,1,1.0
541,67,225.07,10.67,24.46,18.07,1,1,0.8225
541,68,204.8,18.13,27.67,18.07,1,1,0.7535
541,70,464.0,189.87,142.87,101.26,1,1,1.0
541,71,209.07,30.93,29.8,15.93,1,1,0.0961
541,72,385.07,44.8,44.73,24.47,1,1,1.0
541,73,331.73,62.93,46.87,24.47,1,1,0.3092
541,74,326.4,48.0,46.87,21.27,1,1,0.736
541,75,194.13,68.27,49.0,44.73,1,1,1.0
541,76,101.33,71.47,42.6,33.0,1,1,1.0
541,77,33.07,84.27,40.47,30.86,1,1,1.0
541,78,498.13,66.13,59.67,31.93,1,1,1.0
541,79,135.47,51.2,36.2,24.47,1,1,1.0
541,80,77.87,50.13,33.0,24.47,1,1,1.0
541,81,522.67,118.4,86.33,38.33,1,1,0.3511
541,82,602.67,113.07,100.2,42.6,1,1,0.9447
541,83,806.4,108.8,104.47,42.6,1,1,1.0
541,84,1.0,39.47,36.27,23.4,1,1,1.0
542,68,202.88,17.71,27.67,17.64,1,1,0.7511
542,70,476.8,194.99,147.77,104.89,1,1,1.0
542,71,206.51,30.29,30.01,16.36,1,1,0.0
542,72,381.65,43.52,44.1,25.32,1,1,1.0
542,73,328.53,62.29,46.44,24.25,1,1,0.2353
542,74,322.56,47.15,46.44,21.91,1,1,0.7311
542,75,196.91,69.33,49.21,45.59,1,1,1.0
542,76,103.25,72.53,42.18,32.79,1,1,1.0
542,77,34.35,85.55,41.32,31.5,1,1,1.0
542,78,493.01,65.07,59.03,32.36,1,1,1.0
542,79,137.39,51.84,36.41,25.32,1,1,1.0
542,80,79.15,51.2,33.64,24.68,1,1,1.0
542,81,515.63,116.27,85.05,37.48,1,1,0.4589
542,82,594.35,110.29,98.28,42.39,1,1,0.9447
542,83,794.88,106.24,101.91,42.81,1,1,1.0
542,84,1.0,40.11,37.12,23.19,1,1,1.0
543,68,200.96,17.28,27.67,17.21,1,1,0.7492
543,70,489.6,200.11,152.68,108.52,1,1,1.0
543,71,203.95,29.65,30.22,16.79,1,1,0.0223
543,72,378.24,42.24,43.45,26.17,1,1,1.0
543,73,325.33,61.65,46.02,24.04,1,1,0.3085
543,74,318.72,46.29,46.01,22.55,1,1,0.727
543,75,199.68,70.4,49.43,46.44,1,1,1.0
543,76,105.17,73.6,41.75,32.57,1,1,1.0
543,77,35.63,86.83,42.17,32.14,1,1,1.0
543,78,487.89,64.0,58.39,32.79,1,1,1.0
543,79,139.31,52.48,36.62,26.17,1,1,1.0
543,80,80.43,52.27,34.28,24.89,1,1,1.0
543,81,508.59,114.13,83.77,36.63,1,1,0.3834
543,82,586.03,107.52,96.36,42.17,1,1,0.9446
543,83,783.36,103.68,99.35,43.03,1,1,1.0
543,84,1.0,40.75,37.97,22.97,1,1,1.0
544,68,199.04,16.85,27.67,16.79,1,1,0.7478
544,70,502.4,205.23,157.59,112.14,1,1,1.0
544,71,201.39,29.01,30.44,17.21,1,1,0.0762
544,72,374.83,40.96,42.81,27.03,1,1,1.0
544,73,322.13,61.01,45.59,23.83,1,1,0.3044
544,74,314.88,45.44,45.59,23.19,1,1,0.7238
544,75,202.45,71.47,49.64,47.29,1,1,1.0
544,76,107.09,74.67,41.32,32.36,1,1,1.0
544,77,36.91,88.11,43.03,32.78,1,1,1.0
544,78,482.77,62.93,57.75,33.21,1,1,1.0
544,79,141.23,53.12,36.84,27.03,1,1,1.0
544,80,81.71,53.33,34.92,25.11,1,1,1.0
544,81,501.55,112.0,82.49,35.77,1,1,0.3958
544,82,577.71,104.75,94.44,41.96,1,1,0.9446
544,83,771.84,101.12,96.79,43.24,1,1,1.0
544,84,1.0,41.39,38.83,22.76,1,1,1.0
545,68,197.12,16.43,27.67,16.36,1,1,0.7469
545,70,515.2,210.35,162.49,115.77,1,1,1.0
545,71,198.83,28.37,30.65,17.64,1,1,0.0538
545,72,371.41,39.68,42.18,27.88,1,1,1.0
545,73,318.93,60.37,45.16,23.61,1,1,0.2563
545,74,311.04,44.59,45.16,23.83,1,1,0.7215
545,75,205.23,72.53,49.85,48.15,1,1,1.0
545,76,109.01,75.73,40.9,32.15,1,1,1.0
545,77,38.19,89.39,43.88,33.42,1,1,1.0
545,78,477.65,61.87,57.11,33.64,1,1,1.0
545,79,143.15,53.76,37.05,27.88,1,1,1.0
545,80,82.99,54.4,35.56,25.32,1,1,1.0
545,81,494.51,109.87,81.21,34.92,1,1,0.4014
545,82,569.39,101.97,92.52,41.75,1,1,0.9445
545,83,760.32,98.56,94.23,43.45,1,1,1.0
545,84,1.0,42.03,39.68,22.55,1,1,1.0
546,68,195.2,16.0,27.67,15.93,1,1,0.7466
546,70,528.0,215.47,167.4,119.4,1,1,1.0
546,71,196.27,27.73,30.86,18.07,1,1,0.0189
546,72,368.0,38.4,41.53,28.73,1,1,1.0
546,73,315.73,59.73,44.74,23.4,1,1,0.2779
546,74,307.2,43.73,44.73,24.47,1,1,0.7199
546,75,208.0,73.6,50.07,49.0,1,1,1.0
546,76,110.93,76.8,40.47,31.93,1,1,1.0
546,77,39.47,90.67,44.73,34.06,1,1,1.0
546,78,472.53,60.8,56.47,34.07,1,1,1.0
546,79,145.07,54.4,37.26,28.73,1,1,1.0
546,80,84.27,55.47,36.2,25.53,1,1,1.0
546,81,487.47,107.73,79.93,34.07,1,1,0.3996
546,82,561.07,99.2,90.6,41.53,1,1,0.9445
546,83,748.8,96.0,91.67,43.67,1,1,1.0
546,84,1.0,42.67,40.53,22.33,1,1,1.0
547,70,543.15,222.29,174.44,123.46,1,1,1.0
547,71,194.99,26.88,30.22,17.85,1,1,0.1006
547,72,364.8,38.19,41.53,27.67,1,1,1.0
547,73,312.53,58.88,44.74,22.76,1,1,0.2576
547,74,304.21,42.67,43.88,24.04,1,1,0.7362
547,75,211.2,75.09,50.92,49.0,1,1,1.0
547,76,112.64,77.65,41.32,32.58,1,1,1.0
547,77,40.75,91.09,45.16,35.14,1,1,1.0
547,78,467.84,59.52,56.04,33.21,1,1,1.0
547,79,147.2,55.25,37.48,28.31,1,1,1.0
547,80,85.76,55.68,36.41,25.75,1,1,1.0
547,81,481.92,106.03,78.01,33.42,1,1,0.4603
547,82,553.6,97.92,89.53,41.11,1,1,0.9432
547,83,738.13,94.08,90.18,43.24,1,1,1.0
547,84,13.01,42.88,29.16,22.55,1,1,1.0
548,70,558.29,229.12,181.48,127.51,1,1,1.0
548,71,193.71,26.03,29.58,17.64,1,1,0.0567
548,72,361.6,37.97,41.53,26.6,1,1,1.0
548,73,309.33,58.03,44.74,22.12,1,1,0.281
548,74,301.23,41.6,43.02,23.61,1,1,0.753
548,75,214.4,76.59,51.77,49.0,1,1,1.0
548,76,114.35,78.51,42.17,33.21,1,1,1.0
548,77,42.03,91.52,45.59,36.2,1,1,1.0
548,78,463.15,58.24,55.61,32.36,1,1,1.0
548,79,149.33,56.11,37.7,27.88,1,1,1.0
548,80,87.25,55.89,36.63,25.96,1,1,1.0
548,81,476.37,104.32,76.1,32.79,1,1,0.4393
548,82,546.13,96.64,88.47,40.68,1,1,0.9422
548,83,727.47,92.16,88.68,42.81,1,1,1.0
548,84,14.29,43.09,28.52,22.76,1,1,1.0
549,70,573.44,235.95,188.52,131.56,1,1,1.0
549,71,192.43,25.17,28.94,17.43,1,1,0.0596
549,72,358.4,37.76,41.53,25.53,1,1,1.0
549,73,306.13,57.17,44.74,21.48,1,1,0.2247
549,74,298.24,40.53,42.17,23.19,1,1,0.7705
549,75,217.6,78.08,52.63,49.0,1,1,1.0
549,76,116.05,79.36,43.03,33.85,1,1,1.0
549,77,43.31,91.95,46.01,37.26,1,1,1.0
549,78,458.45,56.96,55.19,31.51,1,1,1.0
549,79,151.47,56.96,37.9,27.45,1,1,1.0
549,80,88.75,56.11,36.84,26.17,1,1,1.0
549,81,470.83,102.61,74.17,32.15,1,1,0.4341
549,82,538.67,95.36,87.4,40.25,1,1,0.9421
549,83,716.8,90.24,87.19,42.39,1,1,1.0
549,84,15.57,43.31,27.88,22.97,1,1,1.0
550,70,588.59,242.77,195.56,135.62,1,1,1.0
550,71,191.15,24.32,28.3,17.21,1,1,0.1686
550,72,355.2,37.55,41.53,24.47,1,1,1.0
550,73,302.93,56.32,44.74,20.84,1,1,0.3082
550,74,295.25,39.47,41.32,22.76,1,1,0.7887
550,75,220.8,79.57,53.48,49.0,1,1,1.0
550,76,117.76,80.21,43.88,34.5,1,1,1.0
550,77,44.59,92.37,46.44,38.34,1,1,1.0
550,78,453.76,55.68,54.76,30.65,1,1,1.0
550,79,153.6,57.81,38.12,27.03,1,1,1.0
550,80,90.24,56.32,37.05,26.39,1,1,1.0
550,81,465.28,100.91,72.25,31.5,1,1,0.3991
550,82,531.2,94.08,86.33,39.83,1,1,0.942
550,83,706.13,88.32,85.7,41.96,1,1,1.0
550,84,16.85,43.52,27.24,23.19,1,1,1.0
551,70,603.73,249.6,202.6,139.67,1,1,1.0
551,71,189.87,23.47,27.66,17.0,1,1,0.1693
551,72,352.0,37.33,41.53,23.4,1,1,1.0
551,73,299.73,55.47,44.74,20.2,1,1,0.2619
551,74,292.27,38.4,40.46,22.33,1,1,0.8077
551,75,224.0,81.07,54.33,49.0,1,1,1.0
551,76,119.47,81.07,44.73,35.13,1,1,1.0
551,77,45.87,92.8,46.87,39.4,1,1,1.0
551,78,449.07,54.4,54.33,29.8,1,1,1.0
551,79,155.73,58.67,38.34,26.6,1,1,1.0
551,80,91.73,56.53,37.27,26.6,1,1,1.0
551,81,459.73,99.2,70.34,30.87,1,1,0.3807
551,82,523.73,92.8,85.27,39.4,1,1,0.9417
551,83,695.47,86.4,84.2,41.53,1,1,1.0
551,84,18.13,43.73,26.6,23.4,1,1,1.0
551,85,822.4,206.93,138.6,63.94,1,1,0.267
552,70,622.72,258.56,214.55,145.85,1,1,1.0
552,71,187.09,22.61,28.52,17.43,1,1,0.1286
552,72,349.23,36.27,41.53,24.04,1,1,1.0
552,73,295.89,54.19,45.16,21.05,1,1,0.1954
552,74,288.85,37.33,40.68,22.33,1,1,0.7971
552,75,227.63,82.56,55.82,49.85,1,1,1.0
552,76,121.6,82.13,45.37,35.78,1,1,1.0
552,77,47.15,94.72,47.93,39.61,1,1,1.0
552,78,445.01,53.33,53.48,30.44,1,1,1.0
552,79,157.87,59.52,39.18,27.67,1,1,1.0
552,80,93.44,57.6,37.48,27.03,1,1,1.0
552,81,454.19,97.28,69.48,30.87,1,1,0.3911
552,82,517.76,90.88,83.13,38.97,1,1,0.9437
552,83,686.51,84.69,81.64,40.9,1,1,1.0
552,84,18.99,44.16,27.24,24.04,1,1,1.0
552,85,807.68,202.03,153.32,64.36,1,1,0.2901
553,70,641.71,267.52,226.49,152.04,1,1,1.0
553,71,184.32,21.76,29.37,17.85,1,1,0.1795
553,72,346.45,35.2,41.54,24.68,1,1,1.0
553,73,292.05,52.91,45.59,21.91,1,1,0.2433
553,74,285.44,36.27,40.89,22.33,1,1,0.7863
553,75,231.25,84.05,57.32,50.71,1,1,1.0
553,76,123.73,83.2,46.02,36.41,1,1,1.0
553,77,48.43,96.64,49.0,39.83,1,1,1.0
553,78,440.96,52.27,52.63,31.08,1,1,1.0
553,79,160.0,60.37,40.04,28.73,1,1,1.0
553,80,95.15,58.67,37.69,27.45,1,1,1.0
553,81,448.64,95.36,68.63,30.87,1,1,0.3854
553,82,511.79,88.96,81.0,38.55,1,1,0.9458
553,83,677.55,82.99,79.08,40.25,1,1,1.0
553,84,19.84,44.59,27.88,24.68,1,1,1.0
553,85,792.96,197.12,150.33,64.79,1,1,0.2671
554,70,660.69,276.48,238.44,158.23,1,1,1.0
554,71,181.55,20.91,30.22,18.28,1,1,0.0839
554,72,343.68,34.13,41.53,25.32,1,1,1.0
554,73,288.21,51.63,46.02,22.76,1,1,0.1921
554,74,282.03,35.2,41.1,22.33,1,1,0.7753
554,75,234.88,85.55,58.81,51.56,1,1,1.0
554,76,125.87,84.27,46.65,37.05,1,1,1.0
554,77,49.71,98.56,50.07,40.04,1,1,1.0
554,78,436.91,51.2,51.77,31.72,1,1,1.0
554,79,162.13,61.23,40.9,29.8,1,1,1.0
554,80,96.85,59.73,37.91,27.88,1,1,1.0
554,81,443.09,93.44,67.78,30.87,1,1,0.3509
554,82,505.81,87.04,78.87,38.12,1,1,0.948
554,83,668.59,81.28,76.52,39.61,1,1,1.0
554,84,20.69,45.01,28.52,25.32,1,1,1.0
554,85,778.24,192.21,149.27,65.22,1,1,0.2513
555,70,679.68,285.44,250.39,164.41,1,1,1.0
555,71,178.77,20.05,31.08,18.71,1,1,0.1395
555,72,340.91,33.07,41.53,25.96,1,1,1.0
555,73,284.37,50.35,46.44,23.61,1,1,0.1547
555,74,278.61,34.13,41.32,22.33,1,1,0.7642
555,75,238.51,87.04,60.3,52.41,1,1,1.0
555,76,128.0,85.33,47.29,37.7,1,1,1.0
555,77,50.99,100.48,51.13,40.25,1,1,1.0
555,78,432.85,50.13,50.92,32.36,1,1,1.0
555,79,164.27,62.08,41.74,30.87,1,1,1.0
555,80,98.56,60.8,38.12,28.31,1,1,1.0
555,81,437.55,91.52,66.92,30.87,1,1,0.3584
555,82,499.84,85.12,76.73,37.69,1,1,0.9506
555,83,659.63,79.57,73.96,38.98,1,1,1.0
555,84,21.55,45.44,29.16,25.96,1,1,1.0
555,85,763.52,187.31,148.2,65.64,1,1,0.2603
556,70,698.67,294.4,262.33,170.6,1,1,1.0
556,71,176.0,19.2,31.93,19.13,1,1,0.1463
556,72,338.13,32.0,41.54,26.6,1,1,1.0
556,73,280.53,49.07,46.87,24.47,1,1,0.23
556,74,275.2,33.07,41.53,22.33,1,1,0.7528
556,75,242.13,88.53,61.8,53.27,1,1,1.0
556,76,130.13,86.4,47.94,38.33,1,1,1.0
556,77,52.27,102.4,52.2,40.47,1,1,1.0
556,78,428.8,49.07,50.07,33.0,1,1,1.0
556,79,166.4,62.93,42.6,31.93,1,1,1.0
556,80,100.27,61.87,38.33,28.73,1,1,1.0
556,81,432.0,89.6,66.07,30.87,1,1,0.4114
556,82,493.87,83.2,74.6,37.27,1,1,0.9534
556,83,650.67,77.87,71.4,38.33,1,1,1.0
556,84,22.4,45.87,29.8,26.6,1,1,1.0
556,85,748.8,182.4,147.13,66.07,1,1,0.2724
557,70,725.76,305.28,235.24,170.17,1,1,1.0
557,71,175.57,18.77,30.44,18.71,1,1,0.2095
557,72,335.57,31.15,41.11,26.17,1,1,1.0
557,73,277.97,48.21,46.66,24.68,1,1,0.154
557,74,272.64,32.21,41.11,22.33,1,1,0.7532
557,75,246.83,89.6,62.01,54.55,1,1,1.0
557,76,132.48,87.47,47.93,38.97,1,1,1.0
557,77,53.97,103.47,52.63,40.89,1,1,1.0
557,78,424.96,48.0,49.43,32.36,1,1,1.0
557,79,168.96,63.57,42.81,32.15,1,1,1.0
557,80,101.97,62.29,38.55,28.73,1,1,1.0
557,81,427.09,88.11,65.43,30.01,1,1,0.4187
557,82,487.68,81.07,73.53,37.05,1,1,0.9467
557,83,642.35,76.16,70.97,38.12,1,1,1.0
557,84,22.83,46.51,30.23,26.17,1,1,1.0
557,85,734.93,178.35,144.15,63.93,1,1,0.2819
558,70,752.85,316.16,208.15,169.75,1,1,1.0
558,71,175.15,18.35,28.94,18.28,1,1,0.2233
558,72,333.01,30.29,40.68,25.75,1,1,1.0
558,73,275.41,47.36,46.44,24.89,1,1,0.1967
558,74,270.08,31.36,40.68,22.33,1,1,0.7536
558,75,251.52,90.67,62.23,55.82,1,1,1.0
558,76,134.83,88.53,47.93,39.62,1,1,1.0
558,77,55.68,104.53,53.05,41.32,1,1,1.0
558,78,421.12,46.93,48.79,31.72,1,1,1.0
558,79,171.52,64.21,43.03,32.36,1,1,1.0
558,80,103.68,62.72,38.76,28.73,1,1,1.0
558,81,422.19,86.61,64.78,29.16,1,1,0.4091
558,82,481.49,78.93,72.47,36.84,1,1,0.9401
558,83,634.03,74.45,70.54,37.91,1,1,1.0
558,84,23.25,47.15,30.65,25.75,1,1,1.0
558,85,721.07,174.29,141.16,61.8,1,1,0.2591
559,70,779.95,327.04,181.05,169.32,1,1,1.0
559,71,174.72,17.92,27.45,17.85,1,1,0.1165
559,72,330.45,29.44,40.26,25.32,1,1,1.0
559,73,272.85,46.51,46.23,25.11,1,1,0.2633
559,74,267.52,30.51,40.25,22.33,1,1,0.754
559,75,256.21,91.73,62.44,57.11,1,1,1.0
559,76,137.17,89.6,47.94,40.25,1,1,1.0
559,77,57.39,105.6,53.48,41.75,1,1,1.0
559,78,417.28,45.87,48.15,31.08,1,1,1.0
559,79,174.08,64.85,43.24,32.57,1,1,1.0
559,80,105.39,63.15,38.97,28.73,1,1,1.0
559,81,417.28,85.12,64.15,28.31,1,1,0.5039
559,82,475.31,76.8,71.4,36.63,1,1,0.9338
559,83,625.71,72.75,70.12,37.69,1,1,1.0
559,84,23.68,47.79,31.08,25.32,1,1,1.0
559,85,707.2,170.24,138.17,59.67,1,1,0.2704
560,70,807.04,337.92,153.96,168.89,1,1,1.0
560,71,174.29,17.49,25.96,17.43,1,1,0.1439
560,72,327.89,28.59,39.83,24.89,1,1,1.0
560,73,270.29,45.65,46.02,25.32,1,1,0.1717
560,74,264.96,29.65,39.83,22.33,1,1,0.7543
560,75,260.91,92.8,62.65,58.39,1,1,1.0
560,76,139.52,90.67,47.93,40.89,1,1,1.0
560,77,59.09,106.67,53.91,42.17,1,1,1.0
560,78,413.44,44.8,47.51,30.44,1,1,1.0
560,79,176.64,65.49,43.45,32.79,1,1,1.0
560,80,107.09,63.57,39.19,28.73,1,1,1.0
560,81,412.37,83.63,63.51,27.45,1,1,0.4868
560,82,469.12,74.67,70.33,36.41,1,1,0.9275
560,83,617.39,71.04,69.69,37.48,1,1,1.0
560,84,24.11,48.43,31.51,24.89,1,1,1.0
560,85,693.33,166.19,135.19,57.53,1,1,0.3094
561,70,834.13,348.8,126.87,168.47,1,1,1.0
561,71,173.87,17.07,24.46,17.0,1,1,0.1769
561,72,325.33,27.73,39.4,24.47,1,1,1.0
561,73,267.73,44.8,45.8,25.53,1,1,0.2176
561,74,262.4,28.8,39.4,22.33,1,1,0.7548
561,75,265.6,93.87,62.87,59.66,1,1,1.0
561,76,141.87,91.73,47.93,41.54,1,1,1.0
561,77,60.8,107.73,54.33,42.6,1,1,1.0
561,78,409.6,43.73,46.87,29.8,1,1,1.0
561,79,179.2,66.13,43.67,33.0,1,1,1.0
561,80,108.8,64.0,39.4,28.73,1,1,1.0
561,81,407.47,82.13,62.86,26.6,1,1,0.4897
561,82,462.93,72.53,69.27,36.2,1,1,0.9215
561,83,609.07,69.33,69.26,37.27,1,1,1.0
561,84,24.53,49.07,31.93,24.47,1,1,1.0
561,85,679.47,162.13,132.2,55.4,1,1,0.3237
562,72,323.2,27.09,38.97,24.04,1,1,1.0
562,73,266.24,43.73,44.31,24.47,1,1,0.1744
562,74,259.84,28.16,38.76,21.69,1,1,0.7645
562,75,270.29,96.21,64.58,60.1,1,1,1.0
562,76,144.21,92.8,49.22,41.75,1,1,1.0
562,77,62.51,109.01,54.76,43.24,1,1,1.0
562,78,405.76,42.88,46.65,29.37,1,1,1.0
562,79,181.97,66.99,44.52,33.21,1,1,1.0
562,80,110.51,64.64,40.46,29.8,1,1,1.0
562,81,402.77,80.43,61.8,26.6,1,1,0.5529
562,82,457.81,71.25,68.42,35.35,1,1,0.9268
562,83,601.6,67.84,68.84,35.99,1,1,1.0
562,84,25.81,49.28,31.93,25.11,1,1,1.0
562,85,667.09,158.72,130.28,54.55,1,1,0.314
563,72,321.07,26.45,38.54,23.61,1,1,1.0
563,73,264.75,42.67,42.81,23.4,1,1,0.238
563,74,257.28,27.52,38.12,21.05,1,1,0.7744
563,75,274.99,98.56,66.28,60.52,1,1,1.0
563,76,146.56,93.87,50.49,41.96,1,1,1.0
563,77,64.21,110.29,55.19,43.88,1,1,1.0
563,78,401.92,42.03,46.44,28.95,1,1,1.0
563,79,184.75,67.84,45.37,33.43,1,1,1.0
563,80,112.21,65.28,41.54,30.87,1,1,1.0
563,81,398.08,78.72,60.73,26.6,1,1,0.5643
563,82,452.69,69.97,67.56,34.5,1,1,0.9324
563,83,594.13,66.35,68.42,34.7,1,1,1.0
563,84,27.09,49.49,31.93,25.75,1,1,1.0
563,85,654.72,155.31,128.36,53.69,1,1,0.3193
564,72,318.93,25.81,38.12,23.19,1,1,1.0
564,73,263.25,41.6,41.32,22.33,1,1,0.2995
564,74,254.72,26.88,37.48,20.41,1,1,0.7846
564,75,279.68,100.91,67.99,60.94,1,1,1.0
564,76,148.91,94.93,51.77,42.18,1,1,1.0
564,77,65.92,111.57,55.61,44.52,1,1,1.0
564,78,398.08,41.17,46.23,28.52,1,1,1.0
564,79,187.52,68.69,46.23,33.64,1,1,1.0
564,80,113.92,65.92,42.6,31.93,1,1,1.0
564,81,393.39,77.01,59.66,26.6,1,1,0.6313
564,82,447.57,68.69,66.71,33.64,1,1,0.9382
564,83,586.67,64.85,67.98,33.43,1,1,1.0
564,84,28.37,49.71,31.93,26.39,1,1,1.0
564,85,642.35,151.89,126.44,52.84,1,1,0.3367
565,72,316.8,25.17,37.69,22.76,1,1,1.0
565,73,261.76,40.53,39.83,21.27,1,1,0.3646
565,74,252.16,26.24,36.84,19.77,1,1,0.7951
565,75,284.37,103.25,69.7,61.38,1,1,1.0
565,76,151.25,96.0,53.06,42.39,1,1,1.0
565,77,67.63,112.85,56.04,45.16,1,1,1.0
565,78,394.24,40.32,46.01,28.09,1,1,1.0
565,79,190.29,69.55,47.08,33.85,1,1,1.0
565,80,115.63,66.56,43.66,33.0,1,1,1.0
565,81,388.69,75.31,58.6,26.6,1,1,0.5511
565,82,442.45,67.41,65.86,32.79,1,1,0.9442
565,83,579.2,63.36,67.56,32.15,1,1,1.0
565,84,29.65,49.92,31.93,27.03,1,1,1.0
565,85,629.97,148.48,124.52,51.99,1,1,0.3183
566,72,314.67,24.53,37.26,22.33,1,1,1.0
566,73,260.27,39.47,38.33,20.2,1,1,0.3564
566,74,249.6,25.6,36.2,19.13,1,1,0.8059
566,75,289.07,105.6,71.4,61.8,1,1,1.0
566,76,153.6,97.07,54.33,42.6,1,1,1.0
566,77,69.33,114.13,56.47,45.8,1,1,1.0
566,78,390.4,39.47,45.8,27.67,1,1,1.0
566,79,193.07,70.4,47.93,34.07,1,1,1.0
566,80,117.33,67.2,44.74,34.07,1,1,1.0
566,81,384.0,73.6,57.53,26.6,1,1,0.5453
566,82,437.33,66.13,65.0,31.93,1,1,0.9505
566,83,571.73,61.87,67.14,30.87,1,1,1.0
566,84,30.93,50.13,31.93,27.67,1,1,1.0
566,85,617.6,145.07,122.6,51.13,1,1,0.3128
567,72,312.32,23.68,36.84,22.76,1,1,1.0
567,73,258.99,38.83,37.69,20.41,1,1,0.3802
567,74,247.68,24.75,35.77,19.56,1,1,0.8084
567,75,295.04,107.31,72.04,62.86,1,1,1.0
567,76,156.16,98.99,55.83,43.24,1,1,1.0
567,77,71.89,116.48,57.32,45.8,1,1,1.0
567,78,386.99,38.61,45.58,27.45,1,1,1.0
567,79,196.05,71.89,47.94,34.07,1,1,1.0
567,80,119.25,68.48,45.38,33.64,1,1,1.0
567,81,379.95,72.53,57.1,26.81,1,1,0.5395
567,82,432.43,64.85,65.0,32.57,1,1,0.9457
567,83,565.55,60.59,65.42,30.44,1,1,1.0
567,84,32.0,51.2,32.36,27.88,1,1,1.0
567,85,609.92,142.08,119.4,51.13,1,1,0.303
568,72,309.97,22.83,36.42,23.19,1,1,1.0
568,73,257.71,38.19,37.05,20.63,1,1,0.3837
568,74,245.76,23.89,35.35,19.99,1,1,0.8115
568,75,301.01,109.01,72.68,63.94,1,1,1.0
568,76,158.72,100.91,57.32,43.88,1,1,1.0
568,77,74.45,118.83,58.18,45.8,1,1,1.0
568,78,383.57,37.76,45.38,27.24,1,1,1.0
568,79,199.04,73.39,47.93,34.06,1,1,1.0
568,80,121.17,69.76,46.02,33.21,1,1,1.0
568,81,375.89,71.47,56.68,27.03,1,1,0.5175
568,82,427.52,63.57,65.0,33.21,1,1,0.9408
568,83,559.36,59.31,63.72,30.01,1,1,1.0
568,84,33.07,52.27,32.79,28.09,1,1,1.0
568,85,602.24,139.09,116.2,51.14,1,1,0.2916
569,72,307.63,21.97,35.98,23.61,1,1,1.0
569,73,256.43,37.55,36.41,20.84,1,1,0.4056
569,74,243.84,23.04,34.92,20.41,1,1,0.815
569,75,306.99,110.72,73.32,65.0,1,1,1.0
569,76,161.28,102.83,58.81,44.52,1,1,1.0
569,77,77.01,121.17,59.03,45.8,1,1,1.0
569,78,380.16,36.91,45.16,27.03,1,1,1.0
569,79,202.03,74.88,47.93,34.07,1,1,1.0
569,80,123.09,71.04,46.66,32.79,1,1,1.0
569,81,371.84,70.4,56.25,27.24,1,1,0.5203
569,82,422.61,62.29,65.0,33.85,1,1,0.9359
569,83,553.17,58.03,62.02,29.59,1,1,1.0
569,84,34.13,53.33,33.21,28.31,1,1,1.0
569,85,594.56,136.11,113.0,51.13,1,1,0.3189
570,72,305.28,21.12,35.56,24.04,1,1,1.0
570,73,255.15,36.91,35.77,21.05,1,1,0.3527
570,74,241.92,22.19,34.49,20.84,1,1,0.819
570,75,312.96,112.43,73.96,66.06,1,1,1.0
570,76,163.84,104.75,60.31,45.16,1,1,1.0
570,77,79.57,123.52,59.88,45.8,1,1,1.0
570,78,376.75,36.05,44.94,26.81,1,1,1.0
570,79,205.01,76.37,47.94,34.07,1,1,1.0
570,80,125.01,72.32,47.3,32.36,1,1,1.0
570,81,367.79,69.33,55.82,27.45,1,1,0.4194
570,82,417.71,61.01,65.0,34.49,1,1,0.9311
570,83,546.99,56.75,60.3,29.16,1,1,1.0
570,84,35.2,54.4,33.64,28.52,1,1,1.0
570,85,586.88,133.12,109.8,51.13,1,1,0.337
571,72,302.93,20.27,35.14,24.47,1,1,1.0
571,73,253.87,36.27,35.13,21.27,1,1,0.391
571,74,240.0,21.33,34.07,21.27,1,1,0.8234
571,75,318.93,114.13,74.6,67.14,1,1,1.0
571,76,166.4,106.67,61.8,45.8,1,1,1.0
571,77,82.13,125.87,60.74,45.8,1,1,1.0
571,78,373.33,35.2,44.74,26.6,1,1,1.0
571,79,208.0,77.87,47.93,34.06,1,1,1.0
571,80,126.93,73.6,47.94,31.93,1,1,1.0
571,81,363.73,68.27,55.4,27.67,1,1,0.3565
571,82,412.8,59.73,65.0,35.13,1,1,0.9263
571,83,540.8,55.47,58.6,28.73,1,1,1.0
571,84,36.27,55.47,34.07,28.73,1,1,1.0
571,85,579.2,130.13,106.6,51.14,1,1,0.3207
571,86,902.4,188.8,58.6,51.13,1,1,1.0
571,87,50.13,28.8,26.6,21.27,1,1,1.0
572,72,301.01,20.27,35.14,24.68,1,1,1.0
572,73,251.31,35.84,35.13,21.48,1,1,0.4067
572,74,237.87,20.91,33.64,21.48,1,1,0.817
572,75,324.69,116.69,77.38,69.06,1,1,1.0
572,76,170.45,108.59,61.8,46.44,1,1,1.0
572,77,84.27,128.43,61.58,46.86,1,1,1.0
572,78,369.92,34.99,44.09,26.17,1,1,1.0
572,79,211.2,79.57,49.21,34.92,1,1,1.0
572,80,129.49,75.09,48.15,32.58,1,1,1.0
572,81,360.53,67.2,54.12,27.45,1,1,0.3934
572,82,408.96,59.09,63.08,33.85,1,1,0.9314
572,83,534.83,54.4,57.74,28.52,1,1,1.0
572,84,37.97,56.32,34.28,29.16,1,1,1.0
572,85,571.09,128.0,104.26,49.85,1,1,0.3292
572,86,886.61,183.89,74.39,52.63,1,1,1.0
572,87,51.2,29.87,26.6,21.05,1,1,1.0
573,72,299.09,20.27,35.14,24.89,1,1,1.0
573,73,248.75,35.41,35.13,21.69,1,1,0.3086
573,74,235.73,20.48,33.22,21.69,1,1,0.8105
573,75,330.45,119.25,80.15,70.98,1,1,1.0
573,76,174.51,110.51,61.8,47.08,1,1,1.0
573,77,86.4,130.99,62.44,47.93,1,1,1.0
573,78,366.51,34.77,43.45,25.75,1,1,1.0
573,79,214.4,81.28,50.49,35.77,1,1,1.0
573,80,132.05,76.59,48.36,33.21,1,1,1.0
573,81,357.33,66.13,52.84,27.24,1,1,0.3976
573,82,405.12,58.45,61.16,32.57,1,1,0.9369
573,83,528.85,53.33,56.9,28.31,1,1,1.0
573,84,39.68,57.17,34.49,29.59,1,1,1.0
573,85,562.99,125.87,101.9,48.57,1,1,0.3387
573,86,870.83,178.99,90.17,54.12,1,1,1.0
573,87,52.27,30.93,26.6,20.84,1,1,1.0
574,72,297.17,20.27,35.14,25.11,1,1,1.0
574,73,246.19,34.99,35.13,21.91,1,1,0.3263
574,74,233.6,20.05,32.79,21.91,1,1,0.8039
574,75,336.21,121.81,82.92,72.9,1,1,1.0
574,76,178.56,112.43,61.8,47.72,1,1,1.0
574,77,88.53,133.55,63.3,49.0,1,1,1.0
574,78,363.09,34.56,42.82,25.32,1,1,1.0
574,79,217.6,82.99,51.77,36.62,1,1,1.0
574,80,134.61,78.08,48.58,33.85,1,1,1.0
574,81,354.13,65.07,51.56,27.03,1,1,0.4125
574,82,401.28,57.81,59.24,31.29,1,1,0.9428
574,83,522.88,52.27,56.04,28.09,1,1,1.0
574,84,41.39,58.03,34.71,30.01,1,1,1.0
574,85,554.88,123.73,99.56,47.3,1,1,0.352
574,86,855.04,174.08,105.96,55.61,1,1,1.0
574,87,53.33,32.0,26.6,20.63,1,1,1.0
575,72,295.25,20.27,35.14,25.32,1,1,1.0
575,73,243.63,34.56,35.13,22.12,1,1,0.3433
575,74,231.47,19.63,32.36,22.12,1,1,0.7972
575,75,341.97,124.37,85.7,74.82,1,1,1.0
575,76,182.61,114.35,61.8,48.36,1,1,1.0
575,77,90.67,136.11,64.14,50.06,1,1,1.0
575,78,359.68,34.35,42.17,24.89,1,1,1.0
575,79,220.8,84.69,53.05,37.48,1,1,1.0
575,80,137.17,79.57,48.79,34.5,1,1,1.0
575,81,350.93,64.0,50.28,26.81,1,1,0.4616
575,82,397.44,57.17,57.32,30.01,1,1,0.9492
575,83,516.91,51.2,55.18,27.88,1,1,1.0
575,84,43.09,58.88,34.92,30.44,1,1,1.0
575,85,546.77,121.6,97.22,46.01,1,1,0.3841
575,86,839.25,169.17,121.75,57.11,1,1,1.0
575,87,54.4,33.07,26.6,20.41,1,1,1.0
576,72,293.33,20.27,35.14,25.53,1,1,1.0
576,73,241.07,34.13,35.13,22.33,1,1,0.2822
576,74,229.33,19.2,31.94,22.33,1,1,0.7904
576,75,347.73,126.93,88.47,76.74,1,1,1.0
576,76,186.67,116.27,61.8,49.0,1,1,1.0
576,77,92.8,138.67,65.0,51.13,1,1,1.0
576,78,356.27,34.13,41.53,24.47,1,1,1.0
576,79,224.0,86.4,54.33,38.33,1,1,1.0
576,80,139.73,81.07,49.0,35.13,1,1,1.0
576,81,347.73,62.93,49.0,26.6,1,1,0.4591
576,82,393.6,56.53,55.4,28.73,1,1,0.9561
576,83,510.93,50.13,54.34,27.67,1,1,1.0
576,84,44.8,59.73,35.13,30.87,1,1,1.0
576,85,538.67,119.47,94.86,44.73,1,1,0.3286
576,86,823.47,164.27,137.53,58.6,1,1,1.0
576,87,55.47,34.13,26.6,20.2,1,1,1.0
576,88,903.47,229.33,57.53,40.47,1,1,0.5153
577,72,291.2,19.84,35.13,24.47,1,1,1.0
577,73,239.15,33.28,34.92,22.33,1,1,0.3447
577,74,226.99,18.35,31.72,22.12,1,1,0.7996
577,75,355.2,130.35,90.39,78.22,1,1,1.0
577,76,189.44,118.61,62.87,49.64,1,1,1.0
577,77,95.57,140.8,65.22,52.41,1,1,1.0
577,78,353.49,33.07,41.32,24.68,1,1,1.0
577,79,227.63,87.47,55.4,39.18,1,1,1.0
577,80,142.08,81.92,49.21,36.41,1,1,1.0
577,81,344.32,61.87,48.36,26.6,1,1,0.3809
577,82,388.91,55.25,55.4,28.95,1,1,0.9475
577,83,505.81,48.85,53.48,27.88,1,1,1.0
577,84,45.44,60.59,35.77,31.08,1,1,1.0
577,85,530.99,116.69,93.8,44.1,1,1,0.3667
577,86,810.03,160.64,131.77,57.96,1,1,1.0
577,87,56.53,33.92,27.03,21.27,1,1,1.0
577,88,887.04,221.87,73.96,45.37,1,1,0.4996
578,72,289.07,19.41,35.13,23.4,1,1,1.0
578,73,237.23,32.43,34.7,22.33,1,1,0.3538
578,74,224.64,17.49,31.51,21.91,1,1,0.8089
578,75,362.67,133.76,92.3,79.72,1,1,1.0
578,76,192.21,120.96,63.94,50.28,1,1,1.0
578,77,98.35,142.93,65.42,53.7,1,1,1.0
578,78,350.72,32.0,41.11,24.89,1,1,1.0
578,79,231.25,88.53,56.47,40.04,1,1,1.0
578,80,144.43,82.77,49.42,37.7,1,1,1.0
578,81,340.91,60.8,47.72,26.6,1,1,0.449
578,82,384.21,53.97,55.4,29.16,1,1,0.9389
578,83,500.69,47.57,52.63,28.09,1,1,1.0
578,84,46.08,61.44,36.41,31.29,1,1,1.0
578,85,523.31,113.92,92.73,43.45,1,1,0.417
578,86,796.59,157.01,131.34,57.32,1,1,1.0
578,87,57.6,33.71,27.45,22.33,1,1,1.0
578,88,870.61,214.4,90.39,50.28,1,1,0.5163
579,72,286.93,18.99,35.14,22.33,1,1,1.0
579,73,235.31,31.57,34.49,22.33,1,1,0.302
579,74,222.29,16.64,31.3,21.69,1,1,0.818
579,75,370.13,137.17,94.23,81.22,1,1,1.0
579,76,194.99,123.31,65.0,50.92,1,1,1.0
579,77,101.12,145.07,65.64,54.97,1,1,1.0
579,78,347.95,30.93,40.89,25.11,1,1,1.0
579,79,234.88,89.6,57.53,40.89,1,1,1.0
579,80,146.77,83.63,49.64,38.97,1,1,1.0
579,81,337.49,59.73,47.08,26.6,1,1,0.467
579,82,379.52,52.69,55.4,29.37,1,1,0.9307
579,83,495.57,46.29,51.78,28.31,1,1,1.0
579,84,46.72,62.29,37.05,31.51,1,1,1.0
579,85,515.63,111.15,91.66,42.81,1,1,0.4112
579,86,783.15,153.39,130.92,56.68,1,1,0.9747
579,87,58.67,33.49,27.88,23.4,1,1,1.0
579,88,854.19,206.93,106.81,55.19,1,1,0.5573
580,72,284.8,18.56,35.13,21.27,1,1,1.0
580,73,233.39,30.72,34.28,22.33,1,1,0.3534
580,74,219.95,15.79,31.08,21.48,1,1,0.827
580,75,377.6,140.59,96.15,82.7,1,1,1.0
580,76,197.76,125.65,66.07,51.56,1,1,1.0
580,77,103.89,147.2,65.86,56.25,1,1,1.0
580,78,345.17,29.87,40.68,25.32,1,1,1.0
580,79,238.51,90.67,58.6,41.74,1,1,1.0
580,80,149.12,84.48,49.85,40.25,1,1,1.0
580,81,334.08,58.67,46.44,26.6,1,1,0.4361
580,82,374.83,51.41,55.4,29.59,1,1,0.9225
580,83,490.45,45.01,50.92,28.52,1,1,1.0
580,84,47.36,63.15,37.69,31.72,1,1,1.0
580,85,507.95,108.37,90.6,42.18,1,1,0.4234
580,86,769.71,149.76,130.49,56.04,1,1,0.946
580,87,59.73,33.28,28.31,24.47,1,1,1.0
580,88,837.76,199.47,109.8,60.09,1,1,0.5442
581,72,282.67,18.13,35.13,20.2,1,1,1.0
581,73,231.47,29.87,34.06,22.33,1,1,0.384
581,74,217.6,14.93,30.87,21.27,1,1,0.836
581,75,385.07,144.0,98.06,84.2,1,1,1.0
581,76,200.53,128.0,67.14,52.2,1,1,1.0
581,77,106.67,149.33,66.06,57.54,1,1,1.0
581,78,342.4,28.8,40.47,25.53,1,1,1.0
581,79,242.13,91.73,59.67,42.6,1,1,1.0
581,80,151.47,85.33,50.06,41.54,1,1,1.0
581,81,330.67,57.6,45.8,26.6,1,1,0.391
581,82,370.13,50.13,55.4,29.8,1,1,0.9142
581,83,485.33,43.73,50.07,28.73,1,1,1.0
581,84,48.0,64.0,38.33,31.93,1,1,1.0
581,85,500.27,105.6,89.53,41.53,1,1,0.4706
581,86,756.27,146.13,130.06,55.4,1,1,0.914
581,87,60.8,33.07,28.73,25.53,1,1,1.0
581,88,821.33,192.0,119.4,65.0,1,1,0.545
582,72,280.75,17.49,34.49,20.2,1,1,1.0
582,73,228.91,29.23,33.85,21.91,1,1,0.4257
582,74,215.89,14.93,30.44,20.84,1,1,0.8202
582,75,392.96,147.41,100.63,86.12,1,1,1.0
582,76,204.37,130.35,67.56,53.05,1,1,1.0
582,77,108.8,152.11,68.2,58.81,1,1,1.0
582,78,339.41,27.95,39.83,25.75,1,1,1.0
582,79,245.97,93.44,59.67,43.24,1,1,1.0
582,80,153.6,87.04,51.56,41.53,1,1,1.0
582,81,327.25,56.53,45.59,26.17,1,1,0.4474
582,82,366.51,48.85,54.33,29.8,1,1,0.9135
582,83,479.79,42.45,49.42,28.95,1,1,1.0
582,84,49.28,65.28,38.12,31.72,1,1,1.0
582,85,494.29,104.11,86.98,40.68,1,1,0.4486
582,86,744.11,142.72,127.29,54.33,1,1,0.921
582,87,62.08,34.13,28.95,24.89,1,1,1.0
582,88,806.83,188.59,117.26,62.22,1,1,0.5735
583,72,278.83,16.85,33.85,20.2,1,1,1.0
583,73,226.35,28.59,33.64,21.48,1,1,0.3451
583,74,214.19,14.93,30.01,20.41,1,1,0.803
583,75,400.85,150.83,103.19,88.04,1,1,1.0
583,76,208.21,132.69,67.99,53.91,1,1,1.0
583,77,110.93,154.88,70.34,60.09,1,1,1.0
583,78,336.43,27.09,39.18,25.96,1,1,1.0
583,79,249.81,95.15,59.67,43.88,1,1,1.0
583,80,155.73,88.75,53.06,41.53,1,1,1.0
583,81,323.84,55.47,45.37,25.75,1,1,0.4221
583,82,362.88,47.57,53.27,29.8,1,1,0.9126
583,83,474.24,41.17,48.79,29.16,1,1,1.0
583,84,50.56,66.56,37.91,31.51,1,1,1.0
583,85,488.32,102.61,84.41,39.83,1,1,0.428
583,86,731.95,139.31,124.52,53.26,1,1,0.9284
583,87,63.36,35.2,29.16,24.25,1,1,1.0
583,88,792.32,185.17,115.13,59.46,1,1,0.5585
584,72,276.91,16.21,33.21,20.2,1,1,1.0
584,73,223.79,27.95,33.42,21.05,1,1,0.3903
584,74,212.48,14.93,29.59,19.99,1,1,0.7845
584,75,408.75,154.24,105.74,89.96,1,1,1.0
584,76,212.05,135.04,68.42,54.76,1,1,1.0
584,77,113.07,157.65,72.46,61.38,1,1,1.0
584,78,333.44,26.24,38.55,26.17,1,1,1.0
584,79,253.65,96.85,59.67,44.52,1,1,1.0
584,80,157.87,90.45,54.54,41.54,1,1,1.0
584,81,320.43,54.4,45.16,25.32,1,1,0.516
584,82,359.25,46.29,52.2,29.8,1,1,0.9116
584,83,468.69,39.89,48.15,29.37,1,1,1.0
584,84,51.84,67.84,37.69,31.29,1,1,1.0
584,85,482.35,101.12,81.85,38.97,1,1,0.406
584,86,719.79,135.89,121.74,52.2,1,1,0.9365
584,87,64.64,36.27,29.37,23.61,1,1,1.0
584,88,777.81,181.76,113.0,56.68,1,1,0.587
585,72,274.99,15.57,32.57,20.2,1,1,1.0
585,73,221.23,27.31,33.21,20.63,1,1,0.4349
585,74,210.77,14.93,29.16,19.56,1,1,0.7644
585,75,416.64,157.65,108.31,91.88,1,1,1.0
585,76,215.89,137.39,68.84,55.61,1,1,1.0
585,77,115.2,160.43,74.6,62.65,1,1,1.0
585,78,330.45,25.39,37.91,26.39,1,1,1.0
585,79,257.49,98.56,59.67,45.16,1,1,1.0
585,80,160.0,92.16,56.04,41.53,1,1,1.0
585,81,317.01,53.33,44.95,24.89,1,1,0.5301
585,82,355.63,45.01,51.13,29.8,1,1,0.9108
585,83,463.15,38.61,47.5,29.59,1,1,1.0
585,84,53.12,69.12,37.48,31.08,1,1,1.0
585,85,476.37,99.63,79.3,38.12,1,1,0.4627
585,86,707.63,132.48,118.97,51.13,1,1,0.9453
585,87,65.92,37.33,29.59,22.97,1,1,1.0
585,88,763.31,178.35,110.86,53.9,1,1,0.6178
586,72,273.07,14.93,31.93,20.2,1,1,1.0
586,73,218.67,26.67,33.0,20.2,1,1,0.376
586,74,209.07,14.93,28.73,19.13,1,1,0.7425
586,75,424.53,161.07,110.87,93.8,1,1,1.0
586,76,219.73,139.73,69.27,56.47,1,1,1.0
586,77,117.33,163.2,76.74,63.93,1,1,1.0
586,78,327.47,24.53,37.26,26.6,1,1,1.0
586,79,261.33,100.27,59.67,45.8,1,1,1.0
586,80,162.13,93.87,57.54,41.53,1,1,1.0
586,81,313.6,52.27,44.73,24.47,1,1,0.523
586,82,352.0,43.73,50.07,29.8,1,1,0.9098
586,83,457.6,37.33,46.87,29.8,1,1,1.0
586,84,54.4,70.4,37.27,30.87,1,1,1.0
586,85,470.4,98.13,76.73,37.27,1,1,0.4321
586,86,695.47,129.07,116.2,50.06,1,1,0.9546
586,87,67.2,38.4,29.8,22.33,1,1,1.0
586,88,748.8,174.93,108.73,51.14,1,1,0.6109
587,72,271.15,14.51,31.72,20.2,1,1,1.0
587,73,216.96,26.45,32.79,20.2,1,1,0.4078
587,74,207.15,14.51,28.3,18.92,1,1,0.7592
587,75,435.2,165.33,113.0,96.79,1,1,1.0
587,76,223.79,142.72,71.4,57.11,1,1,1.0
587,77,119.89,166.61,78.66,64.36,1,1,1.0
587,78,324.27,24.11,37.05,25.96,1,1,1.0
587,79,264.75,101.97,61.58,46.87,1,1,1.0
587,80,165.12,95.36,58.17,43.24,1,1,1.0
587,81,310.61,51.2,44.1,24.47,1,1,0.5375
587,82,348.8,42.88,49.43,29.8,1,1,0.9138
587,83,453.33,36.91,46.23,28.95,1,1,1.0
587,84,55.25,71.04,38.33,32.15,1,1,1.0
587,85,463.57,96.43,76.74,37.05,1,1,0.4904
587,86,685.01,126.72,113.86,49.21,1,1,0.948
587,87,68.27,39.47,30.01,22.55,1,1,1.0
587,88,735.79,171.31,106.38,50.92,1,1,0.5884
588,72,269.23,14.08,31.5,20.2,1,1,1.0
588,73,215.25,26.24,32.58,20.2,1,1,0.3983
588,74,205.23,14.08,27.88,18.71,1,1,0.7758
588,75,445.87,169.6,115.13,99.77,1,1,1.0
588,76,227.84,145.71,73.53,57.74,1,1,1.0
588,77,122.45,170.03,80.58,64.78,1,1,1.0
588,78,321.07,23.68,36.84,25.32,1,1,1.0
588,79,268.16,103.68,63.51,47.93,1,1,1.0
588,80,168.11,96.85,58.81,44.95,1,1,1.0
588,81,307.63,50.13,43.45,24.47,1,1,0.5141
588,82,345.6,42.03,48.79,29.8,1,1,0.9182
588,83,449.07,36.48,45.58,28.09,1,1,1.0
588,84,56.11,71.68,39.4,33.43,1,1,1.0
588,85,456.75,94.72,76.73,36.84,1,1,0.4284
588,86,674.56,124.37,111.51,48.36,1,1,0.9407
588,87,69.33,40.53,30.23,22.76,1,1,1.0
588,88,722.77,167.68,104.04,50.71,1,1,0.5848
589,72,267.31,13.65,31.29,20.2,1,1,1.0
589,73,213.55,26.03,32.36,20.2,1,1,0.3055
589,74,203.31,13.65,27.45,18.49,1,1,0.7925
589,75,456.53,173.87,117.27,102.76,1,1,1.0
589,76,231.89,148.69,75.67,58.39,1,1,1.0
589,77,125.01,173.44,82.5,65.21,1,1,1.0
589,78,317.87,23.25,36.62,24.68,1,1,1.0
589,79,271.57,105.39,65.43,49.0,1,1,1.0
589,80,171.09,98.35,59.46,46.65,1,1,1.0
589,81,304.64,49.07,42.81,24.47,1,1,0.5239
589,82,342.4,41.17,48.15,29.8,1,1,0.9229
589,83,444.8,36.05,44.95,27.24,1,1,1.0
589,84,56.96,72.32,40.47,34.71,1,1,1.0
589,85,449.92,93.01,76.73,36.63,1,1,0.4189
589,86,664.11,122.03,109.16,47.5,1,1,0.9329
589,87,70.4,41.6,30.44,22.97,1,1,1.0
589,88,709.76,164.05,101.69,50.5,1,1,0.5605
590,72,265.39,13.23,31.08,20.2,1,1,1.0
590,73,211.84,25.81,32.15,20.2,1,1,0.3097
590,74,201.39,13.23,27.02,18.28,1,1,0.809
590,75,467.2,178.13,119.4,105.75,1,1,1.0
590,76,235.95,151.68,77.8,59.03,1,1,1.0
590,77,127.57,176.85,84.42,65.64,1,1,1.0
590,78,314.67,22.83,36.41,24.04,1,1,1.0
590,79,274.99,107.09,67.34,50.07,1,1,1.0
590,80,174.08,99.84,60.09,48.36,1,1,1.0
590,81,301.65,48.0,42.18,24.47,1,1,0.5047
590,82,339.2,40.32,47.51,29.8,1,1,0.9277
590,83,440.53,35.63,44.31,26.39,1,1,1.0
590,84,57.81,72.96,41.53,35.99,1,1,1.0
590,85,443.09,91.31,76.74,36.41,1,1,0.4156
590,86,653.65,119.68,106.82,46.65,1,1,0.9246
590,87,71.47,42.67,30.65,23.19,1,1,1.0
590,88,696.75,160.43,99.34,50.28,1,1,0.5495
591,72,263.47,12.8,30.86,20.2,1,1,1.0
591,73,210.13,25.6,31.94,20.2,1,1,0.3168
591,74,199.47,12.8,26.6,18.07,1,1,0.8253
591,75,477.87,182.4,121.53,108.73,1,1,1.0
591,76,240.0,154.67,79.93,59.66,1,1,1.0
591,77,130.13,180.27,86.34,66.06,1,1,1.0
591,78,311.47,22.4,36.2,23.4,1,1,1.0
591,79,278.4,108.8,69.27,51.13,1,1,1.0
591,80,177.07,101.33,60.73,50.07,1,1,1.0
591,81,298.67,46.93,41.53,24.47,1,1,0.5096
591,82,336.0,39.47,46.87,29.8,1,1,0.9328
591,83,436.27,35.2,43.66,25.53,1,1,1.0
591,84,58.67,73.6,42.6,37.27,1,1,1.0
591,85,436.27,89.6,76.73,36.2,1,1,0.3425
591,86,643.2,117.33,104.47,45.8,1,1,0.9154
591,87,72.53,43.73,30.87,23.4,1,1,1.0
591,88,683.73,156.8,97.0,50.07,1,1,0.5297
591,89,61.87,26.67,23.4,19.13,1,1,1.0
592,72,261.33,12.59,30.66,19.99,1,1,1.0
592,73,208.64,25.17,31.93,19.77,1,1,0.2441
592,75,489.39,187.52,126.44,112.15,1,1,1.0
592,76,244.27,157.23,81.85,62.01,1,1,1.0
592,77,133.76,183.47,86.97,68.41,1,1,1.0
592,78,308.91,21.55,35.56,23.83,1,1,1.0
592,79,283.73,111.15,70.12,51.77,1,1,1.0
592,80,180.05,103.47,61.59,49.64,1,1,1.0
592,81,295.89,46.08,41.11,24.68,1,1,0.4844
592,82,332.37,38.61,46.44,29.59,1,1,0.9255
592,83,432.0,34.13,43.03,25.53,1,1,1.0
592,84,60.16,74.88,42.39,37.27,1,1,1.0
592,85,431.57,87.68,74.6,35.77,1,1,0.457
592,86,634.03,114.99,102.76,45.37,1,1,0.9041
592,87,73.39,43.95,31.72,24.04,1,1,1.0
592,88,672.64,153.39,94.87,49.64,1,1,0.5163
592,89,62.08,26.88,23.83,19.77,1,1,1.0
593,72,259.2,12.37,30.44,19.77,1,1,1.0
593,73,207.15,24.75,31.93,19.35,1,1,0.2927
593,75,500.91,192.64,131.34,115.56,1,1,1.0
593,76,248.53,159.79,83.78,64.36,1,1,1.0
593,77,137.39,186.67,87.61,70.76,1,1,1.0
593,78,306.35,20.69,34.92,24.25,1,1,1.0
593,79,289.07,113.49,70.97,52.42,1,1,1.0
593,80,183.04,105.6,62.44,49.21,1,1,1.0
593,81,293.12,45.23,40.68,24.89,1,1,0.5236
593,82,328.75,37.76,46.01,29.37,1,1,0.9181
593,83,427.73,33.07,42.39,25.53,1,1,1.0
593,84,61.65,76.16,42.18,37.27,1,1,1.0
593,85,426.88,85.76,72.47,35.35,1,1,0.4508
593,86,624.85,112.64,101.06,44.95,1,1,0.892
593,87,74.24,44.16,32.57,24.68,1,1,1.0
593,88,661.55,149.97,92.73,49.22,1,1,0.5563
593,89,62.29,27.09,24.25,20.41,1,1,1.0
594,72,257.07,12.16,30.22,19.56,1,1,1.0
594,73,205.65,24.32,31.94,18.92,1,1,0.3331
594,75,512.43,197.76,136.25,118.97,1,1,1.0
594,76,252.8,162.35,85.69,66.7,1,1,1.0
594,77,141.01,189.87,88.26,73.1,1,1,1.0
594,78,303.79,19.84,34.28,24.68,1,1,1.0
594,79,294.4,115.84,71.83,53.05,1,1,1.0
594,80,186.03,107.73,63.29,48.79,1,1,1.0
594,81,290.35,44.37,40.25,25.11,1,1,0.4822
594,82,325.12,36.91,45.59,29.16,1,1,0.9106
594,83,423.47,32.0,41.74,25.53,1,1,1.0
594,84,63.15,77.44,41.96,37.27,1,1,1.0
594,85,422.19,83.84,70.33,34.92,1,1,0.4353
594,86,615.68,110.29,99.35,44.52,1,1,0.8795
594,87,75.09,44.37,33.43,25.32,1,1,1.0
594,88,650.45,146.56,90.6,48.79,1,1,0.5444
594,89,62.51,27.31,24.68,21.05,1,1,1.0
595,72,254.93,11.95,30.02,19.35,1,1,1.0
595,73,204.16,23.89,31.93,18.49,1,1,0.3302
595,75,523.95,202.88,141.16,122.39,1,1,1.0
595,76,257.07,164.91,87.61,69.05,1,1,1.0
595,77,144.64,193.07,88.89,75.45,1,1,1.0
595,78,301.23,18.99,33.64,25.11,1,1,1.0
595,79,299.73,118.19,72.68,53.69,1,1,1.0
595,80,189.01,109.87,64.15,48.36,1,1,1.0
595,81,287.57,43.52,39.83,25.32,1,1,0.5035
595,82,321.49,36.05,45.16,28.95,1,1,0.9029
595,83,419.2,30.93,41.11,25.53,1,1,1.0
595,84,64.64,78.72,41.75,37.27,1,1,1.0
595,85,417.49,81.92,68.2,34.49,1,1,0.436
595,86,606.51,107.95,97.64,44.09,1,1,0.8662
595,87,75.95,44.59,34.28,25.96,1,1,1.0
595,88,639.36,143.15,88.47,48.36,1,1,0.5384
595,89,62.72,27.52,25.11,21.69,1,1,1.0
596,72,252.8,11.73,29.8,19.13,1,1,1.0
596,73,202.67,23.47,31.93,18.07,1,1,0.2804
596,75,535.47,208.0,146.06,125.8,1,1,1.0
596,76,261.33,167.47,89.54,71.4,1,1,1.0
596,77,148.27,196.27,89.53,77.8,1,1,1.0
596,78,298.67,18.13,33.0,25.53,1,1,1.0
596,79,305.07,120.53,73.53,54.34,1,1,1.0
596,80,192.0,112.0,65.0,47.93,1,1,1.0
596,81,284.8,42.67,39.4,25.53,1,1,0.5367
596,82,317.87,35.2,44.73,28.73,1,1,0.8953
596,83,414.93,29.87,40.47,25.53,1,1,1.0
596,84,66.13,80.0,41.54,37.27,1,1,1.0
596,85,412.8,80.0,66.07,34.07,1,1,0.4943
596,86,597.33,105.6,95.94,43.67,1,1,0.852
596,87,76.8,44.8,35.13,26.6,1,1,1.0
596,88,628.27,139.73,86.33,47.94,1,1,0.5365
596,89,62.93,27.73,25.53,22.33,1,1,1.0
597,72,251.31,11.09,29.37,19.56,1,1,1.0
597,73,200.96,23.04,31.51,18.49,1,1,0.3202
597,75,552.11,214.83,151.82,129.64,1,1,1.0
597,76,266.88,172.16,91.88,71.83,1,1,1.0
597,77,152.11,200.96,92.52,79.29,1,1,1.0
597,78,296.11,17.71,32.57,25.32,1,1,1.0
597,79,310.19,123.31,75.88,55.4,1,1,1.0
597,80,195.41,113.71,66.28,49.0,1,1,1.0
597,81,281.81,42.24,39.4,24.68,1,1,0.4818
597,82,314.67,34.56,44.73,28.31,1,1,0.8935
597,83,411.09,29.23,40.47,25.11,1,1,1.0
597,84,66.99,81.71,42.38,37.05,1,1,1.0
597,85,407.68,79.15,65.21,33.64,1,1,0.4604
597,86,588.8,103.68,94.23,43.03,1,1,0.8478
597,87,78.08,45.65,34.92,26.17,1,1,1.0
597,88,619.73,136.96,83.99,47.08,1,1,0.5197
597,89,63.57,28.37,25.11,21.69,1,1,1.0
598,72,249.81,10.45,28.95,19.99,1,1,1.0
598,73,199.25,22.61,31.08,18.92,1,1,0.3295
598,75,568.75,221.65,157.58,133.48,1,1,1.0
598,76,272.43,176.85,94.22,72.26,1,1,1.0
598,77,155.95,205.65,95.5,80.79,1,1,1.0
598,78,293.55,17.28,32.14,25.11,1,1,1.0
598,79,315.31,126.08,78.22,56.47,1,1,1.0
598,80,198.83,115.41,67.56,50.07,1,1,1.0
598,81,278.83,41.81,39.4,23.83,1,1,0.5665
598,82,311.47,33.92,44.73,27.88,1,1,0.8917
598,83,407.25,28.59,40.47,24.68,1,1,1.0
598,84,67.84,83.41,43.24,36.84,1,1,1.0
598,85,402.56,78.29,64.36,33.22,1,1,0.4628
598,86,580.27,101.76,92.52,42.39,1,1,0.8436
598,87,79.36,46.51,34.71,25.75,1,1,1.0
598,88,611.2,134.19,81.64,46.22,1,1,0.5546
598,89,64.21,29.01,24.68,21.05,1,1,1.0
599,72,248.32,9.81,28.52,20.41,1,1,1.0
599,73,197.55,22.19,30.65,19.35,1,1,0.3379
599,75,585.39,228.48,163.34,137.32,1,1,1.0
599,76,277.97,181.55,96.58,72.68,1,1,1.0
599,77,159.79,210.35,98.49,82.28,1,1,1.0
599,78,290.99,16.85,31.72,24.89,1,1,1.0
599,79,320.43,128.85,80.57,57.54,1,1,1.0
599,80,202.24,117.12,68.84,51.13,1,1,1.0
599,81,275.84,41.39,39.4,22.97,1,1,0.4674
599,82,308.27,33.28,44.73,27.45,1,1,0.8902
599,83,403.41,27.95,40.47,24.25,1,1,1.0
599,84,68.69,85.12,44.1,36.63,1,1,1.0
599,85,397.44,77.44,63.51,32.79,1,1,0.3885
599,86,571.73,99.84,90.82,41.75,1,1,0.8392
599,87,80.64,47.36,34.49,25.32,1,1,1.0
599,88,602.67,131.41,79.29,45.38,1,1,0.5545
599,89,64.85,29.65,24.25,20.41,1,1,1.0
600,72,246.83,9.17,28.09,20.84,1,1,1.0
600,73,195.84,21.76,30.23,19.77,1,1,0.2454
600,75,602.03,235.31,169.1,141.16,1,1,1.0
600,76,283.52,186.24,98.92,73.11,1,1,1.0
600,77,163.63,215.04,101.48,83.77,1,1,1.0
600,78,288.43,16.43,31.29,24.68,1,1,1.0
600,79,325.55,131.63,82.92,58.6,1,1,1.0
600,80,205.65,118.83,70.12,52.2,1,1,1.0
600,81,272.85,40.96,39.4,22.12,1,1,0.533
600,82,305.07,32.64,44.73,27.03,1,1,0.8889
600,83,399.57,27.31,40.47,23.83,1,1,1.0
600,84,69.55,86.83,44.94,36.41,1,1,1.0
600,85,392.32,76.59,62.65,32.36,1,1,0.3527
600,86,563.2,97.92,89.11,41.11,1,1,0.835
600,87,81.92,48.21,34.28,24.89,1,1,1.0
600,88,594.13,128.64,76.95,44.52,1,1,0.5901
600,89,65.49,30.29,23.83,19.77,1,1,1.0
601,72,245.33,8.53,27.67,21.27,1,1,1.0
601,73,194.13,21.33,29.8,20.2,1,1,0.2574
601,75,618.67,242.13,174.86,145.0,1,1,1.0
601,76,289.07,190.93,101.26,73.54,1,1,1.0
601,77,167.47,219.73,104.46,85.27,1,1,1.0
601,78,285.87,16.0,30.86,24.47,1,1,1.0
601,79,330.67,134.4,85.26,59.67,1,1,1.0
601,80,209.07,120.53,71.4,53.27,1,1,1.0
601,81,269.87,40.53,39.4,21.27,1,1,0.4508
601,82,301.87,32.0,44.73,26.6,1,1,0.8876
601,83,395.73,26.67,40.47,23.4,1,1,1.0
601,84,70.4,88.53,45.8,36.2,1,1,1.0
601,85,387.2,75.73,61.8,31.94,1,1,0.4128
601,86,554.67,96.0,87.4,40.47,1,1,0.8308
601,87,83.2,49.07,34.07,24.47,1,1,1.0
601,88,585.6,125.87,74.6,43.66,1,1,0.6325
601,89,66.13,30.93,23.4,19.13,1,1,1.0
601,90,859.73,211.2,101.27,62.87,1,1,0.3961
602,72,243.84,8.11,27.88,21.27,1,1,1.0
602,73,192.64,20.91,29.59,19.35,1,1,0.2633
602,75,638.29,251.09,182.98,151.19,1,1,1.0
602,76,296.11,195.2,102.97,75.88,1,1,1.0
602,77,172.8,224.43,105.75,88.04,1,1,1.0
602,78,283.31,16.21,30.65,23.4,1,1,1.0
602,79,337.28,137.6,86.12,60.31,1,1,1.0
602,80,213.76,123.31,71.4,54.12,1,1,1.0
602,81,267.95,40.11,38.76,21.27,1,1,0.5329
602,82,299.73,31.36,43.24,26.6,1,1,0.8917
602,83,392.32,26.03,39.4,23.83,1,1,1.0
602,84,72.11,89.81,46.44,37.27,1,1,1.0
602,85,382.29,74.67,61.59,31.5,1,1,0.3597
602,86,547.63,94.72,86.33,40.68,1,1,0.8186
602,87,84.48,49.92,34.92,25.53,1,1,1.0
602,88,577.28,124.16,73.32,42.81,1,1,0.6434
602,89,66.35,31.15,24.89,19.77,1,1,1.0
602,90,844.16,206.51,116.84,63.5,1,1,0.4014
603,72,242.35,7.68,28.09,21.27,1,1,1.0
603,73,191.15,20.48,29.37,18.49,1,1,0.3188
603,75,657.92,260.05,191.08,157.38,1,1,1.0
603,76,303.15,199.47,104.68,78.22,1,1,1.0
603,77,178.13,229.12,107.03,90.81,1,1,1.0
603,78,280.75,16.43,30.44,22.33,1,1,1.0
603,79,343.89,140.8,86.98,60.95,1,1,1.0
603,80,218.45,126.08,71.4,54.97,1,1,1.0
603,81,266.03,39.68,38.12,21.27,1,1,0.5008
603,82,297.6,30.72,41.75,26.6,1,1,0.896
603,83,388.91,25.39,38.33,24.25,1,1,1.0
603,84,73.81,91.09,47.08,38.34,1,1,1.0
603,85,377.39,73.6,61.37,31.08,1,1,0.3412
603,86,540.59,93.44,85.26,40.89,1,1,0.8061
603,87,85.76,50.77,35.77,26.6,1,1,1.0
603,88,568.96,122.45,72.04,41.96,1,1,0.6285
603,89,66.56,31.36,26.39,20.41,1,1,1.0
603,90,828.59,201.81,132.41,64.15,1,1,0.444
604,72,240.85,7.25,28.31,21.27,1,1,1.0
604,73,189.65,20.05,29.16,17.64,1,1,0.3839
604,75,677.55,269.01,199.18,163.56,1,1,1.0
604,76,310.19,203.73,106.38,80.58,1,1,1.0
604,77,183.47,233.81,108.3,93.59,1,1,1.0
604,78,278.19,16.64,30.22,21.27,1,1,1.0
604,79,350.51,144.0,87.82,61.59,1,1,1.0
604,80,223.15,128.85,71.4,55.83,1,1,1.0
604,81,264.11,39.25,37.48,21.27,1,1,0.4206
604,82,295.47,30.08,40.25,26.6,1,1,0.9004
604,83,385.49,24.75,37.27,24.68,1,1,1.0
604,84,75.52,92.37,47.72,39.4,1,1,1.0
604,85,372.48,72.53,61.16,30.66,1,1,0.3222
604,86,533.55,92.16,84.2,41.11,1,1,0.7934
604,87,87.04,51.63,36.63,27.67,1,1,1.0
604,88,560.64,120.75,70.76,41.1,1,1,0.5607
604,89,66.77,31.57,27.88,21.05,1,1,1.0
604,90,813.01,197.12,134.98,64.79,1,1,0.4204
605,72,239.36,6.83,28.52,21.27,1,1,1.0
605,73,188.16,19.63,28.95,16.79,1,1,0.2633
605,75,697.17,277.97,207.3,169.75,1,1,1.0
605,76,317.23,208.0,108.09,82.92,1,1,1.0
605,77,188.8,238.51,109.59,96.36,1,1,1.0
605,78,275.63,16.85,30.01,20.2,1,1,1.0
605,79,357.12,147.2,88.68,62.23,1,1,1.0
605,80,227.84,131.63,71.4,56.68,1,1,1.0
605,81,262.19,38.83,36.84,21.27,1,1,0.4318
605,82,293.33,29.44,38.76,26.6,1,1,0.9048
605,83,382.08,24.11,36.2,25.11,1,1,1.0
605,84,77.23,93.65,48.36,40.47,1,1,1.0
605,85,367.57,71.47,60.95,30.22,1,1,0.3758
605,86,526.51,90.88,83.13,41.32,1,1,0.7804
605,87,88.32,52.48,37.48,28.73,1,1,1.0
605,88,552.32,119.04,69.48,40.25,1,1,0.5877
605,89,66.99,31.79,29.37,21.69,1,1,1.0
605,90,797.44,192.43,141.59,65.42,1,1,0.4364
606,72,237.87,6.4,28.73,21.27,1,1,1.0
606,73,186.67,19.2,28.73,15.93,1,1,0.3192
606,75,716.8,286.93,215.4,175.94,1,1,1.0
606,76,324.27,212.27,109.8,85.26,1,1,1.0
606,77,194.13,243.2,110.87,99.13,1,1,1.0
606,78,273.07,17.07,29.8,19.13,1,1,1.0
606,79,363.73,150.4,89.54,62.87,1,1,1.0
606,80,232.53,134.4,71.4,57.53,1,1,1.0
606,81,260.27,38.4,36.2,21.27,1,1,0.4828
606,82,291.2,28.8,37.27,26.6,1,1,0.9096
606,83,378.67,23.47,35.13,25.53,1,1,1.0
606,84,78.93,94.93,49.0,41.54,1,1,1.0
606,85,362.67,70.4,60.73,29.8,1,1,0.3266
606,86,519.47,89.6,82.06,41.53,1,1,0.767
606,87,89.6,53.33,38.33,29.8,1,1,1.0
606,88,544.0,117.33,68.2,39.4,1,1,0.5609
606,89,67.2,32.0,30.87,22.33,1,1,1.0
606,90,781.87,187.73,148.2,66.07,1,1,0.4322
606,91,917.33,182.4,43.67,52.2,1,1,1.0
607,75,742.83,298.88,197.9,175.72,1,1,1.0
607,76,332.16,218.03,112.79,86.76,1,1,1.0
607,77,199.25,250.45,115.56,101.7,1,1,1.0
607,78,270.93,16.85,29.16,18.92,1,1,1.0
607,79,370.77,154.03,92.52,64.57,1,1,1.0
607,80,236.59,137.17,73.53,58.39,1,1,1.0
607,81,257.07,37.76,36.84,21.69,1,1,0.4159
607,82,288.64,28.37,36.84,26.39,1,1,0.9078
607,83,374.83,23.25,35.34,25.11,1,1,1.0
607,84,80.43,96.43,49.21,41.96,1,1,1.0
607,85,358.83,69.33,59.45,29.16,1,1,0.3111
607,86,512.85,88.11,80.79,39.82,1,1,0.7703
607,87,91.52,54.19,38.12,29.8,1,1,1.0
607,88,536.53,114.99,67.78,39.4,1,1,0.5078
607,89,67.84,32.64,30.65,22.55,1,1,1.0
607,90,768.64,184.11,144.36,64.57,1,1,0.4398
607,91,900.69,178.35,60.31,54.12,1,1,1.0
608,75,768.85,310.83,192.15,175.5,1,1,1.0
608,76,340.05,223.79,115.78,88.25,1,1,1.0
608,77,204.37,257.71,120.26,104.25,1,1,1.0
608,78,268.8,16.64,28.52,18.71,1,1,0.8441
608,79,377.81,157.65,95.51,66.28,1,1,1.0
608,80,240.64,139.95,75.67,59.24,1,1,1.0
608,81,253.87,37.12,37.48,22.12,1,1,0.3306
608,82,286.08,27.95,36.41,26.17,1,1,0.906
608,83,370.99,23.04,35.56,24.68,1,1,1.0
608,84,81.92,97.92,49.43,42.39,1,1,1.0
608,85,354.99,68.27,58.17,28.52,1,1,0.3545
608,86,506.24,86.61,79.51,38.12,1,1,0.7739
608,87,93.44,55.04,37.91,29.8,1,1,1.0
608,88,529.07,112.64,67.34,39.4,1,1,0.509
608,89,68.48,33.28,30.44,22.76,1,1,1.0
608,90,755.41,180.48,140.52,63.08,1,1,0.4588
608,91,884.05,174.29,76.95,56.04,1,1,1.0
609,75,794.88,322.77,166.12,175.3,1,1,1.0
609,76,347.95,229.55,118.76,89.74,1,1,1.0
609,77,209.49,264.96,124.95,106.81,1,1,1.0
609,78,266.67,16.43,27.88,18.49,1,1,0.8417
609,79,384.85,161.28,98.5,67.99,1,1,1.0
609,80,244.69,142.72,77.8,60.09,1,1,1.0
609,81,250.67,36.48,38.12,22.55,1,1,0.3347
609,82,283.52,27.52,35.99,25.96,1,1,0.9041
609,83,367.15,22.83,35.77,24.25,1,1,1.0
609,84,83.41,99.41,49.64,42.82,1,1,1.0
609,85,351.15,67.2,56.89,27.88,1,1,0.3287
609,86,499.63,85.12,78.22,36.41,1,1,0.778
609,87,95.36,55.89,37.69,29.8,1,1,1.0
609,88,521.6,110.29,66.92,39.4,1,1,0.5748
609,89,69.12,33.92,30.23,22.97,1,1,1.0
609,90,742.19,176.85,136.68,61.59,1,1,0.4392
609,91,867.41,170.24,93.59,57.96,1,1,1.0
610,75,820.91,334.72,140.09,175.08,1,1,1.0
610,76,355.84,235.31,121.75,91.24,1,1,1.0
610,77,214.61,272.21,129.64,109.38,1,1,1.0
610,78,264.53,16.21,27.24,18.28,1,1,0.8394
610,79,391.89,164.91,101.48,69.69,1,1,1.0
610,80,248.75,145.49,79.93,60.95,1,1,1.0
610,81,247.47,35.84,38.76,22.97,1,1,0.364
610,82,280.96,27.09,35.56,25.75,1,1,0.9021
610,83,363.31,22.61,35.98,23.83,1,1,1.0
610,84,84.91,100.91,49.85,43.24,1,1,1.0
610,85,347.31,66.13,55.61,27.24,1,1,0.3837
610,86,493.01,83.63,76.95,34.7,1,1,0.783
610,87,97.28,56.75,37.48,29.8,1,1,1.0
610,88,514.13,107.95,66.5,39.4,1,1,0.5731
610,89,69.76,34.56,30.01,23.19,1,1,1.0
610,90,728.96,173.23,132.84,60.09,1,1,0.5133
610,91,850.77,166.19,110.23,59.88,1,1,1.0
611,75,846.93,346.67,114.07,174.86,1,1,1.0
611,76,363.73,241.07,124.74,92.73,1,1,1.0
611,77,219.73,279.47,134.34,111.93,1,1,1.0
611,78,262.4,16.0,26.6,18.07,1,1,0.8368
611,79,398.93,168.53,104.47,71.4,1,1,1.0
611,80,252.8,148.27,82.07,61.8,1,1,1.0
611,81,244.27,35.2,39.4,23.4,1,1,0.3027
611,82,278.4,26.67,35.13,25.53,1,1,0.9001
611,83,359.47,22.4,36.2,23.4,1,1,1.0
611,84,86.4,102.4,50.07,43.67,1,1,1.0
611,85,343.47,65.07,54.33,26.6,1,1,0.3765
611,86,486.4,82.13,75.67,33.0,1,1,0.7886
611,87,99.2,57.6,37.27,29.8,1,1,1.0
611,88,506.67,105.6,66.06,39.4,1,1,0.5596
611,89,70.4,35.2,29.8,23.4,1,1,1.0
611,90,715.73,169.6,129.0,58.6,1,1,0.4589
611,91,834.13,162.13,126.87,61.8,1,1,1.0
611,92,872.53,137.6,88.47,56.47,1,1,0.4344
612,76,373.55,248.32,129.42,95.51,1,1,1.0
612,77,227.41,287.57,136.68,115.56,1,1,1.0
612,78,259.41,15.57,27.46,18.28,1,1,0.828
612,79,407.68,173.44,107.24,72.25,1,1,1.0
612,80,258.35,151.47,83.98,62.86,1,1,1.0
612,81,242.13,35.2,38.98,22.55,1,1,0.3366
612,82,275.2,26.45,35.13,24.47,1,1,0.8919
612,83,356.69,21.97,34.92,22.76,1,1,1.0
612,84,88.11,104.75,50.92,43.66,1,1,1.0
612,85,338.77,64.0,55.19,26.81,1,1,0.314
612,86,480.0,80.85,74.39,32.58,1,1,0.791
612,87,100.48,58.67,37.69,30.23,1,1,1.0
612,88,500.05,104.11,64.58,38.54,1,1,0.5583
612,89,71.25,36.27,29.59,23.19,1,1,1.0
612,90,702.93,166.83,126.87,57.96,1,1,0.4654
612,91,820.05,158.29,123.46,61.38,1,1,1.0
612,92,862.29,134.83,98.71,56.04,1,1,0.5216
613,76,383.36,255.57,134.12,98.28,1,1,1.0
613,77,235.09,295.68,139.03,119.19,1,1,1.0
613,78,256.43,15.15,28.3,18.49,1,1,0.82
613,79,416.43,178.35,110.01,73.1,1,1,1.0
613,80,263.89,154.67,85.91,63.93,1,1,1.0
613,81,240.0,35.2,38.55,21.69,1,1,0.2213
613,82,272.0,26.24,35.13,23.4,1,1,0.8849
613,83,353.92,21.55,33.64,22.12,1,1,1.0
613,84,89.81,107.09,51.78,43.67,1,1,1.0
613,85,334.08,62.93,56.04,27.03,1,1,0.2615
613,86,473.6,79.57,73.11,32.15,1,1,0.7935
613,87,101.76,59.73,38.12,30.65,1,1,1.0
613,88,493.44,102.61,63.08,37.7,1,1,0.5457
613,89,72.11,37.33,29.37,22.97,1,1,1.0
613,90,690.13,164.05,124.74,57.32,1,1,0.4159
613,91,805.97,154.45,121.11,60.95,1,1,1.0
613,92,852.05,132.05,108.95,55.62,1,1,0.5887
614,76,393.17,262.83,138.82,101.05,1,1,1.0
614,77,242.77,303.79,141.38,122.81,1,1,1.0
614,78,253.44,14.72,29.16,18.71,1,1,0.8128
614,79,425.17,183.25,112.79,73.96,1,1,1.0
614,80,269.44,157.87,87.83,65.0,1,1,1.0
614,81,237.87,35.2,38.12,20.84,1,1,0.233
614,82,268.8,26.03,35.13,22.33,1,1,0.8794
614,83,351.15,21.12,32.36,21.48,1,1,1.0
614,84,91.52,109.44,52.63,43.67,1,1,1.0
614,85,329.39,61.87,56.89,27.24,1,1,0.31
614,86,467.2,78.29,71.83,31.72,1,1,0.7963
614,87,103.04,60.8,38.55,31.08,1,1,1.0
614,88,486.83,101.12,61.58,36.84,1,1,0.5329
614,89,72.96,38.4,29.16,22.76,1,1,1.0
614,90,677.33,161.28,122.6,56.68,1,1,0.3499
614,91,791.89,150.61,118.76,60.52,1,1,1.0
614,92,841.81,129.28,101.06,55.19,1,1,0.5821
615,76,402.99,270.08,143.5,103.83,1,1,1.0
615,77,250.45,311.89,143.72,126.44,1,1,1.0
615,78,250.45,14.29,30.02,18.92,1,1,0.8063
615,79,433.92,188.16,115.56,74.81,1,1,1.0
615,80,274.99,161.07,89.74,66.06,1,1,1.0
615,81,235.73,35.2,37.7,19.99,1,1,0.2634
615,82,265.6,25.81,35.13,21.27,1,1,0.8755
615,83,348.37,20.69,31.08,20.84,1,1,1.0
615,84,93.23,111.79,53.48,43.66,1,1,1.0
615,85,324.69,60.8,57.75,27.45,1,1,0.2623
615,86,460.8,77.01,70.55,31.3,1,1,0.7989
615,87,104.32,61.87,38.97,31.51,1,1,1.0
615,88,480.21,99.63,60.1,35.98,1,1,0.5693
615,89,73.81,39.47,28.95,22.55,1,1,1.0
615,90,664.53,158.51,120.47,56.04,1,1,0.3121
615,91,777.81,146.77,116.42,60.1,1,1,1.0
615,92,831.57,126.51,100.63,54.76,1,1,0.6077
616,76,412.8,277.33,148.2,106.6,1,1,1.0
616,77,258.13,320.0,146.07,130.07,1,1,1.0
616,78,247.47,13.87,30.86,19.13,1,1,0.8004
616,79,442.67,193.07,118.33,75.66,1,1,1.0
616,80,280.53,164.27,91.67,67.13,1,1,1.0
616,81,233.6,35.2,37.27,19.13,1,1,0.1555
616,82,262.4,25.6,35.13,20.2,1,1,0.8735
616,83,345.6,20.27,29.8,20.2,1,1,1.0
616,84,94.93,114.13,54.34,43.67,1,1,1.0
616,85,320.0,59.73,58.6,27.67,1,1,0.241
616,86,454.4,75.73,69.27,30.87,1,1,0.8017
616,87,105.6,62.93,39.4,31.93,1,1,1.0
616,88,473.6,98.13,58.6,35.14,1,1,0.5459
616,89,74.67,40.53,28.73,22.33,1,1,1.0
616,90,651.73,155.73,118.34,55.4,1,1,0.2976
616,91,763.73,142.93,114.07,59.67,1,1,1.0
616,92,821.33,123.73,100.2,54.34,1,1,0.6356
617,76,424.32,285.44,154.81,110.65,1,1,1.0
617,77,265.6,329.39,153.75,136.46,1,1,1.0
617,78,245.33,13.23,30.23,19.56,1,1,0.7834
617,79,453.33,197.33,121.75,78.87,1,1,1.0
617,80,285.87,167.68,94.44,68.84,1,1,1.0
617,81,231.04,33.92,37.27,19.56,1,1,0.2529
617,82,259.2,24.96,35.99,20.63,1,1,0.8568
617,83,342.19,19.84,30.44,20.41,1,1,1.0
617,84,96.43,115.2,54.97,45.37,1,1,1.0
617,85,317.44,58.88,56.89,27.45,1,1,0.2666
617,86,449.28,74.45,68.2,31.3,1,1,0.7804
617,87,107.31,64.43,40.25,32.36,1,1,1.0
617,88,467.2,96.43,58.17,34.49,1,1,0.5362
617,89,75.09,40.96,29.38,23.19,1,1,1.0
617,90,641.49,152.11,116.63,55.82,1,1,0.3235
617,91,752.21,140.37,111.51,59.03,1,1,1.0
617,92,808.75,121.6,98.92,53.69,1,1,0.6386
618,76,435.84,293.55,161.43,114.7,1,1,1.0
618,77,273.07,338.77,161.42,142.87,1,1,1.0
618,78,243.2,12.59,29.59,19.99,1,1,0.7657
618,79,464.0,201.6,125.16,82.07,1,1,1.0
618,80,291.2,171.09,97.21,70.55,1,1,1.0
618,81,228.48,32.64,37.27,19.99,1,1,0.1848
618,82,256.0,24.32,36.84,21.05,1,1,0.8399
618,83,338.77,19.41,31.08,20.63,1,1,1.0
618,84,97.92,116.27,55.61,47.08,1,1,1.0
618,85,314.88,58.03,55.19,27.24,1,1,0.3167
618,86,444.16,73.17,67.13,31.72,1,1,0.7588
618,87,109.01,65.92,41.11,32.79,1,1,1.0
618,88,460.8,94.72,57.75,33.85,1,1,0.5508
618,89,75.52,41.39,30.01,24.04,1,1,1.0
618,90,631.25,148.48,114.92,56.25,1,1,0.3513
618,91,740.69,137.81,108.95,58.39,1,1,1.0
618,92,796.16,119.47,97.64,53.05,1,1,0.6416
619,76,447.36,301.65,168.04,118.76,1,1,1.0
619,77,280.53,348.16,169.11,149.27,1,1,1.0
619,78,241.07,11.95,28.94,20.41,1,1,0.7471
619,79,474.67,205.87,128.57,85.26,1,1,1.0
619,80,296.53,174.51,99.99,72.25,1,1,1.0
619,81,225.92,31.36,37.27,20.41,1,1,0.2329
619,82,252.8,23.68,37.69,21.48,1,1,0.8229
619,83,335.36,18.99,31.72,20.84,1,1,1.0
619,84,99.41,117.33,56.26,48.79,1,1,1.0
619,85,312.32,57.17,53.48,27.03,1,1,0.2526
619,86,439.04,71.89,66.07,32.15,1,1,0.7367
619,87,110.72,67.41,41.96,33.21,1,1,1.0
619,88,454.4,93.01,57.32,33.22,1,1,0.5516
619,89,75.95,41.81,30.65,24.89,1,1,1.0
619,90,621.01,144.85,113.22,56.68,1,1,0.3529
619,91,729.17,135.25,106.39,57.75,1,1,1.0
619,92,783.57,117.33,96.36,52.42,1,1,0.6449
620,76,458.88,309.76,174.65,122.81,1,1,1.0
620,77,288.0,357.55,176.79,155.66,1,1,1.0
620,78,238.93,11.31,28.31,20.84,1,1,0.7277
620,79,485.33,210.13,131.99,88.47,1,1,1.0
620,80,301.87,177.92,102.76,73.96,1,1,1.0
620,81,223.36,30.08,37.27,20.84,1,1,0.2964
620,82,249.6,23.04,38.55,21.91,1,1,0.8058
620,83,331.95,18.56,32.36,21.05,1,1,1.0
620,84,100.91,118.4,56.89,50.49,1,1,1.0
620,85,309.76,56.32,51.77,26.81,1,1,0.3019
620,86,433.92,70.61,65.0,32.58,1,1,0.7142
620,87,112.43,68.91,42.81,33.64,1,1,1.0
620,88,448.0,91.31,56.89,32.57,1,1,0.5458
620,89,76.37,42.24,31.3,25.75,1,1,1.0
620,90,610.77,141.23,111.51,57.1,1,1,0.3361
620,91,717.65,132.69,103.83,57.11,1,1,1.0
620,92,770.99,115.2,95.08,51.77,1,1,0.6484
621,76,470.4,317.87,181.27,126.86,1,1,1.0
621,77,295.47,366.93,184.46,162.07,1,1,1.0
621,78,236.8,10.67,27.67,21.27,1,1,0.7073
621,79,496.0,214.4,135.4,91.67,1,1,1.0
621,80,307.2,181.33,105.53,75.67,1,1,1.0
621,81,220.8,28.8,37.27,21.27,1,1,0.2688
621,82,246.4,22.4,39.4,22.33,1,1,0.7887
621,83,328.53,18.13,33.0,21.27,1,1,1.0
621,84,102.4,119.47,57.53,52.2,1,1,1.0
621,85,307.2,55.47,50.07,26.6,1,1,0.2617
621,86,428.8,69.33,63.93,33.0,1,1,0.6915
621,87,114.13,70.4,43.67,34.07,1,1,1.0
621,88,441.6,89.6,56.47,31.93,1,1,0.609
621,89,76.8,42.67,31.93,26.6,1,1,1.0
621,90,600.53,137.6,109.8,57.53,1,1,0.3221
621,91,706.13,130.13,101.27,56.47,1,1,1.0
621,92,758.4,113.07,93.8,51.13,1,1,0.6519
621,93,859.73,112.0,101.27,54.33,1,1,1.0
621,94,29.87,1.0,49.0,52.27,1,1,1.0
621,95,88.53,23.47,27.67,21.27,1,1,1.0
622,76,486.4,328.53,189.59,133.06,1,1,1.0
622,77,307.2,379.73,188.73,161.27,1,1,1.0
622,78,234.45,10.45,27.46,20.63,1,1,0.7267
622,79,509.01,221.65,140.1,93.38,1,1,1.0
622,80,315.09,186.45,107.67,77.16,1,1,1.0
622,81,218.45,28.59,37.7,21.27,1,1,0.2545
622,82,244.91,21.97,38.12,22.12,1,1,0.7933
622,83,325.33,17.92,33.0,20.63,1,1,1.0
622,84,104.53,122.03,58.39,52.41,1,1,1.0
622,85,303.15,54.4,50.06,25.96,1,1,0.3077
622,86,423.89,67.63,62.66,33.21,1,1,0.6963
622,87,115.84,71.68,43.88,33.43,1,1,1.0
622,88,436.91,88.11,54.76,32.14,1,1,0.5292
622,89,77.65,43.52,32.58,26.17,1,1,1.0
622,90,592.0,135.68,107.45,54.76,1,1,0.3373
622,91,695.68,127.79,99.35,54.97,1,1,1.0
622,92,747.95,111.36,92.73,50.07,1,1,0.6589
622,93,847.36,110.72,113.64,51.99,1,1,1.0
622,94,30.29,1.0,49.64,52.69,1,1,1.0
622,95,89.39,24.11,28.3,20.84,1,1,1.0
623,76,502.4,339.2,197.91,139.24,1,1,1.0
623,77,318.93,392.53,193.0,148.47,1,1,1.0
623,78,232.11,10.24,27.24,19.99,1,1,0.7459
623,79,522.03,228.91,144.78,95.08,1,1,1.0
623,80,322.99,191.57,109.8,78.66,1,1,1.0
623,81,216.11,28.37,38.12,21.27,1,1,0.2006
623,82,243.41,21.55,36.84,21.91,1,1,0.7978
623,83,322.13,17.71,33.0,19.99,1,1,1.0
623,84,106.67,124.59,59.24,52.62,1,1,1.0
623,85,299.09,53.33,50.07,25.32,1,1,0.2791
623,86,418.99,65.92,61.37,33.43,1,1,0.7011
623,87,117.55,72.96,44.09,32.79,1,1,1.0
623,88,432.21,86.61,53.06,32.36,1,1,0.498
623,89,78.51,44.37,33.21,25.75,1,1,1.0
623,90,583.47,133.76,105.1,51.99,1,1,0.3779
623,91,685.23,125.44,97.42,53.48,1,1,1.0
623,92,737.49,109.65,91.67,49.0,1,1,0.6661
623,93,834.99,109.44,107.88,49.64,1,1,1.0
623,94,30.72,1.0,50.28,53.12,1,1,1.0
623,95,90.24,24.75,28.95,20.41,1,1,1.0
624,76,518.4,349.87,206.23,145.42,1,1,1.0
624,77,330.67,405.33,197.26,135.67,1,1,1.0
624,78,229.76,10.03,27.03,19.35,1,1,0.7653
624,79,535.04,236.16,149.48,96.79,1,1,1.0
624,80,330.88,196.69,111.93,80.15,1,1,1.0
624,81,213.76,28.16,38.55,21.27,1,1,0.2056
624,82,241.92,21.12,35.56,21.69,1,1,0.8026
624,83,318.93,17.49,33.0,19.35,1,1,1.0
624,84,108.8,127.15,60.09,52.84,1,1,1.0
624,85,295.04,52.27,50.07,24.68,1,1,0.2487
624,86,414.08,64.21,60.09,33.64,1,1,0.7062
624,87,119.25,74.24,44.31,32.15,1,1,1.0
624,88,427.52,85.12,51.35,32.57,1,1,0.5605
624,89,79.36,45.23,33.85,25.32,1,1,1.0
624,90,574.93,131.84,102.76,49.21,1,1,0.3539
624,91,674.77,123.09,95.51,51.99,1,1,1.0
624,92,727.04,107.95,90.6,47.93,1,1,0.6735
624,93,822.61,108.16,104.26,47.29,1,1,1.0
624,94,31.15,1.0,50.92,53.55,1,1,1.0
624,95,91.09,25.39,29.59,19.99,1,1,1.0
625,76,534.4,360.53,214.55,151.62,1,1,1.0
625,77,342.4,418.13,201.53,122.87,1,1,1.0
625,78,227.41,9.81,26.82,18.71,1,1,0.7847
625,79,548.05,243.41,154.18,98.5,1,1,1.0
625,80,338.77,201.81,114.07,81.64,1,1,1.0
625,81,211.41,27.95,38.98,21.27,1,1,0.2127
625,82,240.43,20.69,34.28,21.48,1,1,0.8076
625,83,315.73,17.28,33.0,18.71,1,1,1.0
625,84,110.93,129.71,60.95,53.05,1,1,1.0
625,85,290.99,51.2,50.06,24.04,1,1,0.3078
625,86,409.17,62.51,58.82,33.85,1,1,0.7112
625,87,120.96,75.52,44.52,31.51,1,1,1.0
625,88,422.83,83.63,49.64,32.78,1,1,0.5112
625,89,80.21,46.08,34.5,24.89,1,1,1.0
625,90,566.4,129.92,100.41,46.44,1,1,0.3711
625,91,664.32,120.75,93.59,50.49,1,1,1.0
625,92,716.59,106.24,89.53,46.87,1,1,0.6814
625,93,810.24,106.88,100.63,44.95,1,1,1.0
625,94,31.57,1.0,51.56,53.97,1,1,1.0
625,95,91.95,26.03,30.22,19.56,1,1,1.0
626,76,550.4,371.2,222.87,157.8,1,1,1.0
626,77,354.13,430.93,205.8,110.07,1,1,1.0
626,78,225.07,9.6,26.6,18.07,1,1,0.8038
626,79,561.07,250.67,158.86,100.2,1,1,1.0
626,80,346.67,206.93,116.2,83.14,1,1,1.0
626,81,209.07,27.73,39.4,21.27,1,1,0.1277
626,82,238.93,20.27,33.0,21.27,1,1,0.8124
626,83,312.53,17.07,33.0,18.07,1,1,1.0
626,84,113.07,132.27,61.8,53.26,1,1,1.0
626,85,286.93,50.13,50.07,23.4,1,1,0.289
626,86,404.27,60.8,57.53,34.07,1,1,0.7163
626,87,122.67,76.8,44.73,30.87,1,1,1.0
626,88,418.13,82.13,47.94,33.0,1,1,0.4848
626,89,81.07,46.93,35.13,24.47,1,1,1.0
626,90,557.87,128.0,98.06,43.67,1,1,0.4515
626,91,653.87,118.4,91.66,49.0,1,1,1.0
626,92,706.13,104.53,88.47,45.8,1,1,0.6895
626,93,797.87,105.6,97.0,42.6,1,1,1.0
626,94,32.0,1.0,52.2,54.4,1,1,1.0
626,95,92.8,26.67,30.87,19.13,1,1,1.0
627,76,570.67,386.13,227.34,154.87,1,1,1.0
627,77,370.56,447.15,194.49,93.85,1,1,1.0
627,79,576.43,258.99,166.76,103.4,1,1,1.0
627,80,355.2,212.05,119.61,85.06,1,1,1.0
627,81,208.21,27.73,37.91,20.41,1,1,0.1111
627,82,236.8,20.05,33.0,20.63,1,1,0.8227
627,83,310.4,16.21,31.93,18.49,1,1,1.0
627,84,115.41,135.04,63.08,53.91,1,1,1.0
627,85,284.59,49.28,48.57,23.61,1,1,0.2025
627,86,399.57,60.37,57.54,32.57,1,1,0.7292
627,87,125.01,78.08,45.16,31.72,1,1,1.0
627,88,412.8,81.49,47.93,31.51,1,1,0.4739
627,89,81.49,47.15,35.14,25.32,1,1,1.0
627,90,550.83,125.65,94.86,43.46,1,1,0.4433
627,91,644.48,116.48,90.17,48.36,1,1,1.0
627,92,697.39,102.83,86.33,45.37,1,1,0.6983
627,93,785.07,103.25,97.21,42.6,1,1,1.0
627,94,32.64,1.0,52.41,55.25,1,1,1.0
627,95,94.29,27.09,30.44,19.13,1,1,1.0
628,76,590.93,401.07,231.83,139.93,1,1,1.0
628,77,386.99,463.36,183.18,77.64,1,1,1.0
628,79,591.79,267.31,174.65,106.6,1,1,1.0
628,80,363.73,217.17,123.03,86.98,1,1,1.0
628,81,207.36,27.73,36.41,19.56,1,1,0.1462
628,82,234.67,19.84,33.0,19.99,1,1,0.8331
628,83,308.27,15.36,30.86,18.92,1,1,1.0
628,84,117.76,137.81,64.36,54.55,1,1,1.0
628,85,282.24,48.43,47.08,23.83,1,1,0.2391
628,86,394.88,59.95,57.53,31.08,1,1,0.7443
628,87,127.36,79.36,45.59,32.57,1,1,1.0
628,88,407.47,80.85,47.93,30.02,1,1,0.4489
628,89,81.92,47.36,35.13,26.17,1,1,1.0
628,90,543.79,123.31,91.66,43.24,1,1,0.4306
628,91,635.09,114.56,88.68,47.72,1,1,1.0
628,92,688.64,101.12,84.2,44.95,1,1,0.7075
628,93,772.27,100.91,97.42,42.6,1,1,1.0
628,94,33.28,1.0,52.63,56.11,1,1,1.0
628,95,95.79,27.52,30.01,19.13,1,1,1.0
629,76,611.2,416.0,236.31,125.0,1,1,1.0
629,77,403.41,479.57,171.88,61.43,1,1,1.0
629,79,607.15,275.63,182.54,109.8,1,1,1.0
629,80,372.27,222.29,126.44,88.9,1,1,1.0
629,81,206.51,27.73,34.92,18.71,1,1,0.132
629,82,232.53,19.63,33.0,19.35,1,1,0.8433
629,83,306.13,14.51,29.8,19.35,1,1,1.0
629,84,120.11,140.59,65.64,55.18,1,1,1.0
629,85,279.89,47.57,45.59,24.04,1,1,0.302
629,86,390.19,59.52,57.53,29.59,1,1,0.7618
629,87,129.71,80.64,46.01,33.43,1,1,1.0
629,88,402.13,80.21,47.94,28.52,1,1,0.4835
629,89,82.35,47.57,35.13,27.03,1,1,1.0
629,90,536.75,120.96,88.46,43.03,1,1,0.3658
629,91,625.71,112.64,87.18,47.08,1,1,1.0
629,92,679.89,99.41,82.07,44.52,1,1,0.7174
629,93,759.47,98.56,97.64,42.6,1,1,0.975
629,94,33.92,1.0,52.84,56.96,1,1,1.0
629,95,97.28,27.95,29.59,19.13,1,1,1.0
630,76,631.47,430.93,240.78,110.07,1,1,1.0
630,77,419.84,495.79,160.57,45.21,1,1,1.0
630,79,622.51,283.95,190.44,113.0,1,1,1.0
630,80,380.8,227.41,129.85,90.82,1,1,1.0
630,81,205.65,27.73,33.43,17.85,1,1,0.1707
630,82,230.4,19.41,33.0,18.71,1,1,0.854
630,83,304.0,13.65,28.73,19.77,1,1,1.0
630,84,122.45,143.36,66.92,55.83,1,1,1.0
630,85,277.55,46.72,44.09,24.25,1,1,0.237
630,86,385.49,59.09,57.54,28.09,1,1,0.7823
630,87,132.05,81.92,46.44,34.28,1,1,1.0
630,88,396.8,79.57,47.93,27.03,1,1,0.4733
630,89,82.77,47.79,35.14,27.88,1,1,1.0
630,90,529.71,118.61,85.26,42.82,1,1,0.401
630,91,616.32,110.72,85.69,46.44,1,1,1.0
630,92,671.15,97.71,79.93,44.09,1,1,0.7279
630,93,746.67,96.21,97.85,42.6,1,1,0.9565
630,94,34.56,1.0,53.05,57.81,1,1,1.0
630,95,98.77,28.37,29.16,19.13,1,1,1.0
631,76,651.73,445.87,245.27,95.13,1,1,1.0
631,77,436.27,512.0,149.26,29.0,1,1,1.0
631,79,637.87,292.27,198.33,116.2,1,1,1.0
631,80,389.33,232.53,133.27,92.74,1,1,1.0
631,81,204.8,27.73,31.93,17.0,1,1,0.1659
631,82,228.27,19.2,33.0,18.07,1,1,0.8647
631,83,301.87,12.8,27.66,20.2,1,1,1.0
631,84,124.8,146.13,68.2,56.47,1,1,1.0
631,85,275.2,45.87,42.6,24.47,1,1,0.2647
631,86,380.8,58.67,57.53,26.6,1,1,0.806
631,87,134.4,83.2,46.87,35.13,1,1,1.0
631,88,391.47,78.93,47.93,25.54,1,1,0.4444
631,89,83.2,48.0,35.13,28.73,1,1,1.0
631,90,522.67,116.27,82.06,42.6,1,1,0.3692
631,91,606.93,108.8,84.2,45.8,1,1,1.0
631,92,662.4,96.0,77.8,43.67,1,1,0.739
631,93,733.87,93.87,98.06,42.6,1,1,0.9387
631,94,35.2,1.0,53.27,58.67,1,1,1.0
631,95,100.27,28.8,28.73,19.13,1,1,1.0
632,79,659.63,301.65,202.38,123.67,1,1,1.0
632,80,400.43,238.72,137.1,95.51,1,1,1.0
632,81,203.09,27.09,31.94,17.43,1,1,0.0799
632,82,226.56,18.35,32.57,18.49,1,1,0.8629
632,83,299.31,12.59,27.66,20.2,1,1,1.0
632,84,127.15,148.69,69.48,57.96,1,1,1.0
632,85,272.0,45.01,43.24,24.68,1,1,0.2344
632,86,376.75,57.6,56.04,26.6,1,1,0.7933
632,87,136.11,84.48,48.14,36.2,1,1,1.0
632,88,387.2,77.44,47.08,25.75,1,1,0.4432
632,89,84.05,48.85,35.14,28.73,1,1,1.0
632,90,514.56,114.35,81.43,41.74,1,1,0.3749
632,91,598.83,106.45,82.92,45.8,1,1,1.0
632,92,653.65,94.08,77.38,43.45,1,1,0.7402
632,93,724.91,92.16,95.29,42.17,1,1,0.9387
632,94,35.63,1.0,53.91,59.52,1,1,1.0
632,95,101.12,29.65,29.16,19.56,1,1,1.0
633,79,681.39,311.04,206.44,131.13,1,1,1.0
633,80,411.52,244.91,140.95,98.28,1,1,1.0
633,81,201.39,26.45,31.93,17.85,1,1,0.1132
633,82,224.85,17.49,32.15,18.92,1,1,0.8613
633,83,296.75,12.37,27.66,20.2,1,1,1.0
633,84,129.49,151.25,70.76,59.46,1,1,1.0
633,85,268.8,44.16,43.88,24.89,1,1,0.2576
633,86,372.69,56.53,54.55,26.6,1,1,0.7806
633,87,137.81,85.76,49.43,37.27,1,1,1.0
633,88,382.93,75.95,46.23,25.96,1,1,0.4785
633,89,84.91,49.71,35.13,28.73,1,1,1.0
633,90,506.45,112.43,80.79,40.89,1,1,0.358
633,91,590.72,104.11,81.64,45.8,1,1,1.0
633,92,644.91,92.16,76.94,43.24,1,1,0.7418
633,93,715.95,90.45,92.52,41.75,1,1,0.9388
633,94,36.05,1.0,54.55,60.37,1,1,1.0
633,95,101.97,30.51,29.59,19.99,1,1,1.0
634,79,703.15,320.43,210.49,138.6,1,1,1.0
634,80,422.61,251.09,144.79,101.06,1,1,1.0
634,81,199.68,25.81,31.93,18.28,1,1,0.0391
634,82,223.15,16.64,31.72,19.35,1,1,0.8597
634,83,294.19,12.16,27.66,20.2,1,1,1.0
634,84,131.84,153.81,72.04,60.95,1,1,1.0
634,85,265.6,43.31,44.52,25.11,1,1,0.1942
634,86,368.64,55.47,53.05,26.6,1,1,0.7679
634,87,139.52,87.04,50.71,38.33,1,1,1.0
634,88,378.67,74.45,45.37,26.17,1,1,0.3648
634,89,85.76,50.56,35.13,28.73,1,1,1.0
634,90,498.35,110.51,80.14,40.04,1,1,0.3369
634,91,582.61,101.76,80.36,45.8,1,1,1.0
634,92,636.16,90.24,76.52,43.03,1,1,0.7434
634,93,706.99,88.75,89.74,41.32,1,1,0.9389
634,94,36.48,1.0,55.19,61.23,1,1,1.0
634,95,102.83,31.36,30.01,20.41,1,1,1.0
635,79,724.91,329.81,214.54,146.07,1,1,1.0
635,80,433.71,257.28,148.62,103.83,1,1,1.0
635,81,197.97,25.17,31.94,18.71,1,1,0.0451
635,82,221.44,15.79,31.29,19.77,1,1,0.8578
635,83,291.63,11.95,27.66,20.2,1,1,1.0
635,84,134.19,156.37,73.32,62.44,1,1,1.0
635,85,262.4,42.45,45.16,25.32,1,1,0.2288
635,86,364.59,54.4,51.56,26.6,1,1,0.7553
635,87,141.23,88.32,51.98,39.4,1,1,1.0
635,88,374.4,72.96,44.52,26.39,1,1,0.4315
635,89,86.61,51.41,35.14,28.73,1,1,1.0
635,90,490.24,108.59,79.51,39.18,1,1,0.2979
635,91,574.51,99.41,79.08,45.8,1,1,1.0
635,92,627.41,88.32,76.1,42.81,1,1,0.7451
635,93,698.03,87.04,86.97,40.89,1,1,0.939
635,94,36.91,1.0,55.83,62.08,1,1,1.0
635,95,103.68,32.21,30.44,20.84,1,1,1.0
636,79,746.67,339.2,214.33,153.53,1,1,1.0
636,80,444.8,263.47,152.47,106.6,1,1,1.0
636,81,196.27,24.53,31.93,19.13,1,1,0.1115
636,82,219.73,14.93,30.87,20.2,1,1,0.856
636,83,289.07,11.73,27.66,20.2,1,1,1.0
636,84,136.53,158.93,74.6,63.94,1,1,1.0
636,85,259.2,41.6,45.8,25.53,1,1,0.1919
636,86,360.53,53.33,50.07,26.6,1,1,0.7428
636,87,142.93,89.6,53.27,40.47,1,1,1.0
636,88,370.13,71.47,43.67,26.6,1,1,0.396
636,89,87.47,52.27,35.13,28.73,1,1,1.0
636,90,482.13,106.67,78.87,38.33,1,1,0.2956
636,91,566.4,97.07,77.8,45.8,1,1,1.0
636,92,618.67,86.4,75.66,42.6,1,1,0.7471
636,93,689.07,85.33,84.2,40.47,1,1,0.9392
636,94,37.33,1.0,56.47,62.93,1,1,1.0
636,95,104.53,33.07,30.87,21.27,1,1,1.0
636,96,873.6,140.8,87.4,63.93,1,1,1.0
637,79,774.83,353.92,186.17,143.29,1,1,1.0
637,80,457.81,270.93,159.3,111.08,1,1,1.0
637,81,194.77,23.68,31.51,19.13,1,1,0.1556
637,82,218.03,14.72,30.86,19.56,1,1,0.8551
637,83,287.15,11.31,27.45,19.56,1,1,1.0
637,84,139.73,162.13,76.1,64.79,1,1,1.0
637,85,257.28,41.17,44.73,24.68,1,1,0.2085
637,86,356.91,52.05,49.64,26.17,1,1,0.7469
637,87,146.13,91.09,53.7,40.04,1,1,1.0
637,88,365.65,70.19,43.67,26.17,1,1,0.3845
637,89,88.96,52.69,35.35,28.73,1,1,1.0
637,90,476.8,104.75,77.16,37.9,1,1,0.3078
637,91,558.93,95.57,76.95,44.52,1,1,1.0
637,92,613.12,85.33,73.32,41.75,1,1,0.7657
637,93,680.11,83.2,82.7,39.83,1,1,0.9276
637,94,38.4,1.0,56.89,63.15,1,1,1.0
637,95,105.81,32.85,31.94,21.91,1,1,1.0
637,96,861.87,137.17,99.13,63.72,1,1,1.0
638,79,802.99,368.64,158.01,133.05,1,1,1.0
638,80,470.83,278.4,166.12,115.56,1,1,1.0
638,81,193.28,22.83,31.08,19.13,1,1,0.0831
638,82,216.32,14.51,30.87,18.92,1,1,0.8541
638,83,285.23,10.88,27.24,18.92,1,1,1.0
638,84,142.93,165.33,77.59,65.64,1,1,1.0
638,85,255.36,40.75,43.67,23.83,1,1,0.1498
638,86,353.28,50.77,49.21,25.75,1,1,0.7517
638,87,149.33,92.59,54.12,39.61,1,1,1.0
638,88,361.17,68.91,43.67,25.75,1,1,0.3655
638,89,90.45,53.12,35.56,28.73,1,1,1.0
638,90,471.47,102.83,75.45,37.48,1,1,0.303
638,91,551.47,94.08,76.09,43.24,1,1,1.0
638,92,607.57,84.27,70.98,40.89,1,1,0.786
638,93,671.15,81.07,81.21,39.18,1,1,0.9163
638,94,39.47,1.0,57.32,63.36,1,1,1.0
638,95,107.09,32.64,33.0,22.55,1,1,1.0
638,96,850.13,133.55,110.87,63.5,1,1,1.0
639,79,831.15,383.36,129.85,122.81,1,1,1.0
639,80,483.84,285.87,172.95,120.04,1,1,1.0
639,81,191.79,21.97,30.65,19.13,1,1,0.1176
639,82,214.61,14.29,30.87,18.28,1,1,0.8529
639,83,283.31,10.45,27.02,18.28,1,1,1.0
639,84,146.13,168.53,79.08,66.5,1,1,1.0
639,85,253.44,40.32,42.6,22.97,1,1,0.1838
639,86,349.65,49.49,48.79,25.32,1,1,0.7571
639,87,152.53,94.08,54.55,39.19,1,1,1.0
639,88,356.69,67.63,43.67,25.32,1,1,0.3307
639,89,91.95,53.55,35.77,28.73,1,1,1.0
639,90,466.13,100.91,73.75,37.05,1,1,0.2993
639,91,544.0,92.59,75.24,41.96,1,1,1.0
639,92,602.03,83.2,68.62,40.04,1,1,0.808
639,93,662.19,78.93,79.72,38.55,1,1,0.9056
639,94,40.53,1.0,57.75,63.57,1,1,1.0
639,95,108.37,32.43,34.07,23.19,1,1,1.0
639,96,838.4,129.92,122.6,63.29,1,1,1.0
640,79,859.31,398.08,101.69,112.57,1,1,1.0
640,80,496.85,293.33,179.78,124.52,1,1,1.0
640,81,190.29,21.12,30.23,19.13,1,1,0.046
640,82,212.91,14.08,30.86,17.64,1,1,0.8518
640,83,281.39,10.03,26.81,17.64,1,1,1.0
640,84,149.33,171.73,80.58,67.35,1,1,1.0
640,85,251.52,39.89,41.53,22.12,1,1,0.1068
640,86,346.03,48.21,48.36,24.89,1,1,0.7632
640,87,155.73,95.57,54.98,38.76,1,1,1.0
640,88,352.21,66.35,43.67,24.89,1,1,0.3974
640,89,93.44,53.97,35.99,28.73,1,1,1.0
640,90,460.8,98.99,72.04,36.62,1,1,0.3287
640,91,536.53,91.09,74.39,40.68,1,1,1.0
640,92,596.48,82.13,66.28,39.19,1,1,0.832
640,93,653.23,76.8,78.22,37.91,1,1,0.8953
640,94,41.6,6.19,58.17,58.6,1,1,1.0
640,95,109.65,32.21,35.14,23.83,1,1,1.0
640,96,826.67,126.29,134.33,63.08,1,1,1.0
641,79,887.47,412.8,73.53,102.33,1,1,1.0
641,80,509.87,300.8,186.6,129.0,1,1,1.0
641,81,188.8,20.27,29.8,19.13,1,1,0.1473
641,82,211.2,13.87,30.87,17.0,1,1,0.8505
641,83,279.47,9.6,26.6,17.0,1,1,1.0
641,84,152.53,174.93,82.07,68.2,1,1,1.0
641,85,249.6,39.47,40.47,21.27,1,1,0.1278
641,86,342.4,46.93,47.93,24.47,1,1,0.7699
641,87,158.93,97.07,55.4,38.33,1,1,1.0
641,88,347.73,65.07,43.67,24.47,1,1,0.3963
641,89,94.93,54.4,36.2,28.73,1,1,1.0
641,90,455.47,97.07,70.33,36.2,1,1,0.3147
641,91,529.07,89.6,73.53,39.4,1,1,1.0
641,92,590.93,81.07,63.94,38.33,1,1,0.8581
641,93,644.27,74.67,76.73,37.26,1,1,0.8856
641,94,42.67,6.4,58.6,58.6,1,1,1.0
641,95,110.93,32.0,36.2,24.47,1,1,1.0
641,96,814.93,122.67,127.94,62.86,1,1,1.0
641,97,1.0,41.6,24.53,22.33,1,1,1.0
641,98,860.8,218.67,100.2,54.33,1,1,0.3999
642,80,527.15,311.04,194.49,134.55,1,1,1.0
642,81,187.31,20.05,29.58,18.28,1,1,0.1274
642,82,209.92,13.01,30.23,17.43,1,1,0.8626
642,83,277.55,9.17,26.81,16.79,1,1,1.0
642,84,157.23,178.13,82.7,69.91,1,1,1.0
642,85,247.04,38.61,40.47,21.05,1,1,0.2219
642,86,339.41,46.29,47.08,24.04,1,1,0.752
642,87,162.13,98.77,56.26,39.4,1,1,1.0
642,88,344.96,63.57,42.81,24.47,1,1,0.4401
642,89,96.43,55.47,36.62,28.73,1,1,1.0
642,90,450.13,95.36,69.7,35.35,1,1,0.301
642,91,523.95,87.68,71.82,39.61,1,1,1.0
642,92,584.11,79.79,63.93,37.9,1,1,0.8556
642,93,636.8,73.39,75.24,36.2,1,1,0.877
642,94,43.09,6.61,59.46,59.03,1,1,1.0
642,95,113.49,32.64,35.56,24.47,1,1,1.0
642,96,804.27,120.53,126.65,62.02,1,1,1.0
642,97,1.0,41.81,25.81,23.61,1,1,1.0
642,98,845.44,213.97,115.56,55.83,1,1,0.3619
643,80,544.43,321.28,202.38,140.09,1,1,1.0
643,81,185.81,19.84,29.38,17.43,1,1,0.1504
643,82,208.64,12.16,29.59,17.85,1,1,0.8739
643,83,275.63,8.75,27.02,16.57,1,1,1.0
643,84,161.92,181.33,83.35,71.62,1,1,1.0
643,85,244.48,37.76,40.47,20.84,1,1,0.1075
643,86,336.43,45.65,46.22,23.61,1,1,0.7336
643,87,165.33,100.48,57.11,40.47,1,1,1.0
643,88,342.19,62.08,41.96,24.47,1,1,0.4054
643,89,97.92,56.53,37.05,28.73,1,1,1.0
643,90,444.8,93.65,69.05,34.5,1,1,0.3691
643,91,518.83,85.76,70.12,39.83,1,1,1.0
643,92,577.28,78.51,63.93,37.48,1,1,0.8528
643,93,629.33,72.11,73.75,35.13,1,1,0.8683
643,94,43.52,6.83,60.31,59.45,1,1,1.0
643,95,116.05,33.28,34.92,24.47,1,1,1.0
643,96,793.6,118.4,125.37,61.16,1,1,1.0
643,97,1.0,42.03,27.09,24.89,1,1,1.0
643,98,830.08,209.28,130.92,57.32,1,1,0.4298
644,80,561.71,331.52,210.28,145.64,1,1,1.0
644,81,184.32,19.63,29.16,16.57,1,1,0.0386
644,82,207.36,11.31,28.95,18.28,1,1,0.8848
644,83,273.71,8.32,27.24,16.36,1,1,1.0
644,84,166.61,184.53,83.99,73.32,1,1,1.0
644,85,241.92,36.91,40.47,20.63,1,1,0.1774
644,86,333.44,45.01,45.37,23.19,1,1,0.7149
644,87,168.53,102.19,57.96,41.53,1,1,1.0
644,88,339.41,60.59,41.11,24.47,1,1,0.3957
644,89,99.41,57.6,37.48,28.73,1,1,1.0
644,90,439.47,91.95,68.41,33.64,1,1,0.3887
644,91,513.71,83.84,68.41,40.04,1,1,1.0
644,92,570.45,77.23,63.94,37.05,1,1,0.8501
644,93,621.87,70.83,72.25,34.06,1,1,0.8593
644,94,43.95,7.04,61.16,59.88,1,1,1.0
644,95,118.61,33.92,34.28,24.47,1,1,1.0
644,96,782.93,116.27,124.1,60.3,1,1,1.0
644,97,1.0,42.24,28.37,26.17,1,1,1.0
644,98,814.72,204.59,146.28,58.81,1,1,0.4547
645,80,578.99,341.76,218.17,151.19,1,1,1.0
645,81,182.83,19.41,28.94,15.72,1,1,0.0844
645,82,206.08,10.45,28.31,18.71,1,1,0.8953
645,83,271.79,7.89,27.45,16.15,1,1,1.0
645,84,171.31,187.73,84.62,75.03,1,1,1.0
645,85,239.36,36.05,40.47,20.41,1,1,0.1097
645,86,330.45,44.37,44.52,22.76,1,1,0.6959
645,87,171.73,103.89,58.82,42.6,1,1,1.0
645,88,336.64,59.09,40.25,24.47,1,1,0.4687
645,89,100.91,58.67,37.9,28.73,1,1,1.0
645,90,434.13,90.24,67.78,32.79,1,1,0.3682
645,91,508.59,81.92,66.7,40.25,1,1,1.0
645,92,563.63,75.95,63.93,36.62,1,1,0.8474
645,93,614.4,69.55,70.76,33.0,1,1,0.8501
645,94,44.37,7.25,62.02,60.31,1,1,1.0
645,95,121.17,34.56,33.64,24.47,1,1,1.0
645,96,772.27,114.13,122.81,59.46,1,1,1.0
645,97,1.0,42.45,29.65,27.45,1,1,1.0
645,98,799.36,199.89,143.93,60.31,1,1,0.4026
646,80,596.27,352.0,226.06,156.73,1,1,1.0
646,81,181.33,19.2,28.74,14.87,1,1,0.0759
646,82,204.8,9.6,27.67,19.13,1,1,0.9051
646,83,269.87,7.47,27.66,15.93,1,1,1.0
646,84,176.0,190.93,85.27,76.74,1,1,1.0
646,85,236.8,35.2,40.47,20.2,1,1,0.189
646,86,327.47,43.73,43.66,22.33,1,1,0.6765
646,87,174.93,105.6,59.67,43.67,1,1,1.0
646,88,333.87,57.6,39.4,24.47,1,1,0.4309
646,89,102.4,59.73,38.33,28.73,1,1,1.0
646,90,428.8,88.53,67.13,31.94,1,1,0.3705
646,91,503.47,80.0,65.0,40.47,1,1,1.0
646,92,556.8,74.67,63.93,36.2,1,1,0.8443
646,93,606.93,68.27,69.27,31.93,1,1,0.8407
646,94,44.8,7.47,62.87,60.73,1,1,1.0
646,95,123.73,35.2,33.0,24.47,1,1,1.0
646,96,761.6,112.0,121.53,58.6,1,1,1.0
646,97,1.0,42.67,30.93,28.73,1,1,1.0
646,98,784.0,195.2,151.4,61.8,1,1,0.3315
646,99,894.93,185.6,66.07,51.13,1,1,0.5025
647,80,618.45,364.8,233.11,153.53,1,1,1.0
647,81,180.48,18.35,27.67,15.51,1,1,0.1066
647,82,202.88,9.39,27.24,18.71,1,1,0.8992
647,83,267.31,6.61,27.66,16.36,1,1,1.0
647,84,179.41,195.84,88.26,77.16,1,1,1.0
647,85,235.09,34.13,39.83,20.41,1,1,0.2079
647,86,323.84,42.45,43.24,22.55,1,1,0.672
647,87,177.92,107.52,60.52,44.31,1,1,1.0
647,88,330.24,56.32,38.76,24.04,1,1,0.4859
647,89,103.04,60.37,38.76,29.37,1,1,1.0
647,90,423.89,86.83,65.43,31.5,1,1,0.3589
647,91,497.28,78.93,63.93,38.98,1,1,1.0
647,92,550.4,73.17,62.44,35.78,1,1,0.8547
647,93,599.89,66.56,67.78,31.93,1,1,0.8485
647,94,45.44,7.68,63.51,60.95,1,1,1.0
647,95,125.01,35.63,33.64,24.89,1,1,1.0
647,96,751.36,109.65,119.19,57.32,1,1,1.0
647,97,1.0,43.73,31.57,28.09,1,1,1.0
647,98,769.92,190.72,147.77,59.67,1,1,0.4091
647,99,880.85,180.48,80.15,53.69,1,1,0.628
648,80,640.64,377.6,240.15,150.33,1,1,1.0
648,81,179.63,17.49,26.6,16.15,1,1,0.2061
648,82,200.96,9.17,26.81,18.28,1,1,0.8929
648,83,264.75,1.0,27.66,21.55,1,1,1.0
648,84,182.83,200.75,91.24,77.58,1,1,1.0
648,85,233.39,33.07,39.18,20.63,1,1,0.1886
648,86,320.21,41.17,42.82,22.76,1,1,0.6677
648,87,180.91,109.44,61.37,44.95,1,1,1.0
648,88,326.61,55.04,38.12,23.61,1,1,0.4642
648,89,103.68,61.01,39.19,30.01,1,1,1.0
648,90,418.99,85.12,63.72,31.08,1,1,0.3604
648,91,491.09,77.87,62.87,37.48,1,1,1.0
648,92,544.0,71.68,60.95,35.35,1,1,0.8652
648,93,592.85,64.85,66.28,31.93,1,1,0.8565
648,94,46.08,7.89,64.15,61.16,1,1,1.0
648,95,126.29,36.05,34.28,25.32,1,1,1.0
648,96,741.12,107.31,116.84,56.04,1,1,1.0
648,97,1.0,44.8,32.21,27.45,1,1,1.0
648,98,755.84,186.24,144.15,57.53,1,1,0.4398
648,99,866.77,175.36,94.23,56.25,1,1,0.7156
649,80,662.83,390.4,247.18,150.6,1,1,1.0
649,81,178.77,16.64,25.54,16.79,1,1,0.2629
649,82,199.04,8.96,26.39,17.85,1,1,0.8862
649,83,262.19,1.0,27.66,21.12,1,1,1.0
649,84,186.24,205.65,94.23,78.02,1,1,1.0
649,85,231.68,32.0,38.55,20.84,1,1,0.1986
649,86,316.59,39.89,42.38,22.97,1,1,0.6635
649,87,183.89,111.36,62.23,45.59,1,1,1.0
649,88,322.99,53.76,37.48,23.19,1,1,0.5843
649,89,104.32,61.65,39.61,30.65,1,1,1.0
649,90,414.08,83.41,62.01,30.66,1,1,0.4209
649,91,484.91,76.8,61.8,35.99,1,1,1.0
649,92,537.6,70.19,59.45,34.92,1,1,0.8758
649,93,585.81,63.15,64.79,31.93,1,1,0.8648
649,94,46.72,8.11,64.79,61.37,1,1,1.0
649,95,127.57,36.48,34.92,25.75,1,1,1.0
649,96,730.88,104.96,114.49,54.76,1,1,1.0
649,97,1.0,45.87,32.85,26.81,1,1,1.0
649,98,741.76,181.76,140.52,55.4,1,1,0.4629
649,99,852.69,170.24,108.31,58.81,1,1,0.7803
650,80,685.01,403.2,254.23,137.8,1,1,1.0
650,81,177.92,15.79,24.47,17.43,1,1,0.2564
650,82,197.12,8.75,25.96,17.43,1,1,0.879
650,83,259.63,1.0,27.66,20.69,1,1,1.0
650,84,189.65,210.56,97.22,78.44,1,1,1.0
650,85,229.97,30.93,37.91,21.05,1,1,0.2413
650,86,312.96,38.61,41.96,23.19,1,1,0.6594
650,87,186.88,113.28,63.08,46.23,1,1,1.0
650,88,319.36,52.48,36.84,22.76,1,1,0.5933
650,89,104.96,62.29,40.04,31.29,1,1,1.0
650,90,409.17,81.71,60.31,30.22,1,1,0.4196
650,91,478.72,75.73,60.73,34.5,1,1,1.0
650,92,531.2,68.69,57.96,34.5,1,1,0.8867
650,93,578.77,61.44,63.3,31.93,1,1,0.8731
650,94,47.36,8.32,65.43,61.59,1,1,1.0
650,95,128.85,36.91,35.56,26.17,1,1,1.0
650,96,720.64,102.61,112.15,53.48,1,1,1.0
650,97,1.0,46.93,33.49,26.17,1,1,1.0
650,98,727.68,177.28,136.89,53.27,1,1,0.493
650,99,838.61,165.12,122.39,61.37,1,1,0.8299
651,80,707.2,416.0,253.8,125.0,1,1,1.0
651,81,177.07,14.93,23.4,18.07,1,1,0.3091
651,82,195.2,8.53,25.53,17.0,1,1,0.8713
651,83,257.07,1.0,27.66,20.27,1,1,1.0
651,84,193.07,215.47,100.2,78.86,1,1,1.0
651,85,228.27,29.87,37.26,21.27,1,1,0.3047
651,86,309.33,37.33,41.54,23.4,1,1,0.6554
651,87,189.87,115.2,63.93,46.87,1,1,1.0
651,88,315.73,51.2,36.2,22.33,1,1,0.6994
651,89,105.6,62.93,40.47,31.93,1,1,1.0
651,90,404.27,80.0,58.6,29.8,1,1,0.4217
651,91,472.53,74.67,59.67,33.0,1,1,1.0
651,92,524.8,67.2,56.47,34.07,1,1,0.8977
651,93,571.73,59.73,61.8,31.93,1,1,0.8817
651,94,48.0,8.53,66.07,61.8,1,1,1.0
651,95,130.13,37.33,36.2,26.6,1,1,1.0
651,96,710.4,100.27,109.8,52.2,1,1,1.0
651,97,1.0,48.0,34.13,25.53,1,1,1.0
651,98,713.6,172.8,133.27,51.13,1,1,0.5652
651,99,824.53,160.0,136.47,63.93,1,1,0.8691
652,80,736.85,432.85,224.15,108.15,1,1,1.0
652,84,197.76,219.73,101.48,82.5,1,1,1.0
652,85,225.28,29.65,37.48,20.63,1,1,0.2259
652,86,305.92,36.48,41.75,23.19,1,1,0.6555
652,87,193.07,117.97,64.57,47.3,1,1,1.0
652,88,311.89,50.35,36.2,22.33,1,1,0.5905
652,89,106.45,63.79,40.9,32.15,1,1,1.0
652,90,398.72,78.51,58.39,30.01,1,1,0.4052
652,91,466.77,73.39,58.82,32.78,1,1,1.0
652,92,518.83,65.92,56.46,34.07,1,1,0.9065
652,93,565.12,58.45,60.73,31.51,1,1,0.8722
652,94,48.64,8.96,66.07,62.44,1,1,1.0
652,95,131.41,38.4,35.99,25.75,1,1,1.0
652,96,701.65,98.77,107.67,51.99,1,1,1.0
652,97,1.0,48.64,34.99,26.6,1,1,1.0
652,98,702.51,169.39,129.85,50.7,1,1,0.559
652,99,811.52,157.01,127.93,63.08,1,1,0.8691
653,80,766.51,449.71,194.49,91.29,1,1,1.0
653,84,202.45,224.0,102.76,86.12,1,1,1.0
653,85,222.29,29.44,37.7,19.99,1,1,0.2495
653,86,302.51,35.63,41.96,22.97,1,1,0.658
653,87,196.27,120.75,65.21,47.72,1,1,1.0
653,88,308.05,49.49,36.2,22.33,1,1,0.5752
653,89,107.31,64.64,41.32,32.36,1,1,1.0
653,90,393.17,77.01,58.18,30.23,1,1,0.4683
653,91,461.01,72.11,57.96,32.57,1,1,1.0
653,92,512.85,64.64,56.47,34.07,1,1,0.9154
653,93,558.51,57.17,59.66,31.08,1,1,0.8623
653,94,49.28,9.39,66.07,63.08,1,1,1.0
653,95,132.69,39.47,35.78,24.89,1,1,1.0
653,96,692.91,97.28,105.53,51.77,1,1,1.0
653,97,1.0,49.28,35.84,27.67,1,1,1.0
653,98,691.41,165.97,126.44,50.28,1,1,0.548
653,99,798.51,154.03,125.8,62.22,1,1,0.8758
654,80,796.16,466.56,164.84,74.44,1,1,1.0
654,84,207.15,228.27,104.04,89.74,1,1,1.0
654,85,219.31,29.23,37.9,19.35,1,1,0.1637
654,86,299.09,34.77,42.18,22.76,1,1,0.6647
654,87,199.47,123.52,65.85,48.15,1,1,1.0
654,88,304.21,48.64,36.2,22.33,1,1,0.5549
654,89,108.16,65.49,41.75,32.57,1,1,1.0
654,90,387.63,75.52,57.96,30.44,1,1,0.4198
654,91,455.25,70.83,57.11,32.36,1,1,1.0
654,92,506.88,63.36,56.47,34.07,1,1,0.9242
654,93,551.89,55.89,58.6,30.65,1,1,0.8521
654,94,49.92,9.81,66.07,63.72,1,1,1.0
654,95,133.97,40.53,35.56,24.04,1,1,1.0
654,96,684.16,95.79,103.4,51.56,1,1,1.0
654,97,1.0,49.92,36.69,28.73,1,1,1.0
654,98,680.32,162.56,123.03,49.85,1,1,0.5305
654,99,785.49,151.04,123.67,61.37,1,1,0.8827
655,80,825.81,483.41,135.19,57.59,1,1,1.0
655,84,211.84,232.53,105.32,93.38,1,1,1.0
655,85,216.32,29.01,38.12,18.71,1,1,0.1982
655,86,295.68,33.92,42.39,22.55,1,1,0.6712
655,87,202.67,126.29,66.49,48.58,1,1,1.0
655,88,300.37,47.79,36.2,22.33,1,1,0.4573
655,89,109.01,66.35,42.18,32.79,1,1,1.0
655,90,382.08,74.03,57.75,30.65,1,1,0.3906
655,91,449.49,69.55,56.26,32.14,1,1,1.0
655,92,500.91,62.08,56.46,34.07,1,1,0.9331
655,93,545.28,54.61,57.53,30.23,1,1,0.8418
655,94,50.56,10.24,66.07,64.36,1,1,1.0
655,95,135.25,41.6,35.35,23.19,1,1,1.0
655,96,675.41,94.29,101.27,51.35,1,1,1.0
655,97,1.0,50.56,37.55,29.8,1,1,1.0
655,98,669.23,159.15,119.61,49.42,1,1,0.519
655,99,772.48,148.05,121.53,60.52,1,1,0.8901
656,80,855.47,500.27,105.53,40.73,1,1,1.0
656,84,216.53,236.8,106.6,97.0,1,1,1.0
656,85,213.33,28.8,38.34,18.07,1,1,0.2059
656,86,292.27,33.07,42.6,22.33,1,1,0.6778
656,87,205.87,129.07,67.13,49.0,1,1,1.0
656,88,296.53,46.93,36.2,22.33,1,1,0.5582
656,89,109.87,67.2,42.6,33.0,1,1,1.0
656,90,376.53,72.53,57.54,30.87,1,1,0.3959
656,91,443.73,68.27,55.4,31.93,1,1,1.0
656,92,494.93,60.8,56.47,34.07,1,1,0.9419
656,93,538.67,53.33,56.46,29.8,1,1,0.831
656,94,51.2,10.67,66.07,65.0,1,1,1.0
656,95,136.53,42.67,35.14,22.33,1,1,1.0
656,96,666.67,92.8,99.13,51.13,1,1,1.0
656,97,1.0,51.2,38.4,30.87,1,1,1.0
656,98,658.13,155.73,116.2,49.0,1,1,0.5617
656,99,759.47,145.07,119.4,59.66,1,1,0.8978
657,84,221.87,243.84,110.44,98.92,1,1,1.0
657,85,212.05,28.59,36.84,18.71,1,1,0.1981
657,86,289.28,33.07,41.96,22.12,1,1,0.6615
657,87,209.92,131.2,68.63,50.92,1,1,1.0
657,88,292.69,46.51,36.2,22.76,1,1,0.5167
657,89,110.72,68.69,43.24,33.0,1,1,1.0
657,90,371.84,71.89,57.32,30.66,1,1,0.3983
657,91,438.83,67.41,54.54,31.72,1,1,1.0
657,92,489.39,60.37,56.25,33.85,1,1,0.944
657,93,532.05,52.69,56.26,29.8,1,1,0.8207
657,94,51.84,11.73,66.49,65.21,1,1,1.0
657,95,137.6,43.95,36.2,23.19,1,1,1.0
657,96,658.56,91.52,98.07,50.28,1,1,1.0
657,97,1.0,53.12,39.04,30.01,1,1,1.0
657,98,647.25,153.17,114.28,47.72,1,1,0.5809
657,99,747.95,142.72,117.26,58.81,1,1,0.906
658,84,227.2,250.88,114.28,100.84,1,1,1.0
658,85,210.77,28.37,35.35,19.35,1,1,0.2517
658,86,286.29,33.07,41.32,21.91,1,1,0.6443
658,87,213.97,133.33,70.12,52.84,1,1,1.0
658,88,288.85,46.08,36.2,23.19,1,1,0.4579
658,89,111.57,70.19,43.88,33.0,1,1,1.0
658,90,367.15,71.25,57.1,30.44,1,1,0.3851
658,91,433.92,66.56,53.69,31.51,1,1,1.0
658,92,483.84,59.95,56.04,33.64,1,1,0.946
658,93,525.44,52.05,56.04,29.8,1,1,0.8106
658,94,52.48,12.8,66.92,65.43,1,1,1.0
658,95,138.67,45.23,37.26,24.04,1,1,1.0
658,96,650.45,90.24,97.0,49.43,1,1,1.0
658,97,1.0,55.04,39.68,29.16,1,1,1.0
658,98,636.37,150.61,112.36,46.44,1,1,0.5621
658,99,736.43,140.37,115.13,57.96,1,1,0.9144
659,84,232.53,257.92,118.12,102.76,1,1,1.0
659,85,209.49,28.16,33.86,19.99,1,1,0.1151
659,86,283.31,33.07,40.68,21.69,1,1,0.6264
659,87,218.03,135.47,71.61,54.76,1,1,1.0
659,88,285.01,45.65,36.2,23.61,1,1,0.4677
659,89,112.43,71.68,44.52,33.0,1,1,1.0
659,90,362.45,70.61,56.9,30.23,1,1,0.3148
659,91,429.01,65.71,52.84,31.29,1,1,1.0
659,92,478.29,59.52,55.83,33.43,1,1,0.948
659,93,518.83,51.41,55.82,29.8,1,1,0.8006
659,94,53.12,13.87,67.35,65.64,1,1,1.0
659,95,139.73,46.51,38.34,24.89,1,1,1.0
659,96,642.35,88.96,95.93,48.57,1,1,1.0
659,97,1.0,56.96,40.32,28.31,1,1,1.0
659,98,625.49,148.05,110.44,45.16,1,1,0.5507
659,99,724.91,138.03,113.0,57.1,1,1,0.9229
660,84,237.87,264.96,121.96,104.68,1,1,1.0
660,85,208.21,27.95,32.36,20.63,1,1,0.0995
660,86,280.32,33.07,40.04,21.48,1,1,0.6077
660,87,222.08,137.6,73.11,56.68,1,1,1.0
660,88,281.17,45.23,36.2,24.04,1,1,0.3967
660,89,113.28,73.17,45.16,33.0,1,1,1.0
660,90,357.76,69.97,56.68,30.01,1,1,0.3369
660,91,424.11,64.85,51.98,31.08,1,1,1.0
660,92,472.75,59.09,55.61,33.21,1,1,0.9504
660,93,512.21,50.77,55.62,29.8,1,1,0.7907
660,94,53.76,14.93,67.77,65.85,1,1,1.0
660,95,140.8,47.79,39.4,25.75,1,1,1.0
660,96,634.24,87.68,94.87,47.72,1,1,1.0
660,97,1.0,58.88,40.96,27.45,1,1,1.0
660,98,614.61,145.49,108.52,43.88,1,1,0.5884
660,99,713.39,135.68,110.86,56.25,1,1,0.9315
661,84,243.2,272.0,125.8,106.6,1,1,1.0
661,85,206.93,27.73,30.87,21.27,1,1,0.1376
661,86,277.33,33.07,39.4,21.27,1,1,0.5881
661,87,226.13,139.73,74.6,58.6,1,1,1.0
661,88,277.33,44.8,36.2,24.47,1,1,0.3282
661,89,114.13,74.67,45.8,33.0,1,1,1.0
661,90,353.07,69.33,56.46,29.8,1,1,0.3135
661,91,419.2,64.0,51.13,30.87,1,1,1.0
661,92,467.2,58.67,55.4,33.0,1,1,0.9526
661,93,505.6,50.13,55.4,29.8,1,1,0.781
661,94,54.4,16.0,68.2,66.07,1,1,1.0
661,95,141.87,49.07,40.46,26.6,1,1,1.0
661,96,626.13,86.4,93.8,46.87,1,1,1.0
661,97,1.0,60.8,41.6,26.6,1,1,1.0
661,98,603.73,142.93,106.6,42.6,1,1,0.5871
661,99,701.87,133.33,108.73,55.4,1,1,0.9402
662,84,250.67,279.89,129.21,109.8,1,1,1.0
662,85,204.37,27.52,31.72,20.63,1,1,0.1202
662,86,274.99,32.64,38.97,21.27,1,1,0.6025
662,87,230.83,143.15,75.88,59.66,1,1,1.0
662,88,275.2,44.59,35.35,23.61,1,1,0.3295
662,89,115.84,75.95,45.8,34.49,1,1,1.0
662,90,349.76,68.37,55.19,29.59,1,1,0.3283
662,91,415.15,63.15,50.49,30.76,1,1,1.0
662,92,462.93,57.92,54.87,32.79,1,1,0.9585
662,93,500.48,49.49,54.65,29.48,1,1,0.7737
662,94,55.47,16.75,68.94,66.71,1,1,1.0
662,95,144.11,50.03,40.78,26.92,1,1,1.0
662,96,619.63,85.12,92.2,46.65,1,1,1.0
662,97,1.0,62.08,42.88,27.35,1,1,1.0
662,98,595.73,140.48,104.68,42.6,1,1,0.5683
662,99,692.37,131.09,107.24,54.66,1,1,0.9416
663,84,258.13,287.79,132.63,113.0,1,1,1.0
663,85,201.81,27.31,32.58,19.99,1,1,0.0549
663,86,272.64,32.21,38.55,21.27,1,1,0.6169
663,87,235.52,146.56,77.16,60.73,1,1,1.0
663,88,273.07,44.37,34.49,22.76,1,1,0.3694
663,89,117.55,77.23,45.8,35.98,1,1,1.0
663,90,346.45,67.41,53.91,29.37,1,1,0.2923
663,91,411.09,62.29,49.86,30.65,1,1,1.0
663,92,458.67,57.17,54.33,32.57,1,1,0.9646
663,93,495.36,48.85,53.91,29.16,1,1,0.7661
663,94,56.53,17.49,69.7,67.35,1,1,1.0
663,95,146.35,50.99,41.1,27.24,1,1,1.0
663,96,613.12,83.84,90.6,46.44,1,1,1.0
663,97,1.0,63.36,44.16,28.09,1,1,1.0
663,98,587.73,138.03,102.76,42.6,1,1,0.5555
663,99,682.88,128.85,105.75,53.91,1,1,0.9431
664,84,265.6,295.68,136.04,116.2,1,1,1.0
664,85,199.25,27.09,33.43,19.35,1,1,0.0683
664,86,270.29,31.79,38.12,21.27,1,1,0.631
664,87,240.21,149.97,78.44,61.8,1,1,1.0
664,88,270.93,44.16,33.64,21.91,1,1,0.3783
664,89,119.25,78.51,45.8,37.48,1,1,1.0
664,90,343.15,66.45,52.62,29.16,1,1,0.3589
664,91,407.04,61.44,49.21,30.55,1,1,1.0
664,92,454.4,56.43,53.8,32.36,1,1,0.9709
664,93,490.24,48.21,53.16,28.84,1,1,0.7584
664,94,57.6,18.24,70.44,67.99,1,1,1.0
664,95,148.59,51.95,41.42,27.56,1,1,1.0
664,96,606.61,82.56,89.0,46.23,1,1,1.0
664,97,1.0,64.64,45.44,28.84,1,1,1.0
664,98,579.73,135.57,100.84,42.6,1,1,0.5065
664,99,673.39,126.61,104.25,53.16,1,1,0.9448
665,84,273.07,303.57,139.45,119.4,1,1,1.0
665,85,196.69,26.88,34.28,18.71,1,1,0.0912
665,86,267.95,31.36,37.69,21.27,1,1,0.6449
665,87,244.91,153.39,79.72,62.86,1,1,1.0
665,88,268.8,43.95,32.79,21.05,1,1,0.4162
665,89,120.96,79.79,45.8,38.97,1,1,1.0
665,90,339.84,65.49,51.35,28.95,1,1,0.2987
665,91,402.99,60.59,48.57,30.44,1,1,1.0
665,92,450.13,55.68,53.27,32.15,1,1,0.9773
665,93,485.12,47.57,52.41,28.52,1,1,0.7504
665,94,58.67,18.99,71.18,68.63,1,1,1.0
665,95,150.83,52.91,41.74,27.88,1,1,1.0
665,96,600.11,81.28,87.4,46.01,1,1,1.0
665,97,1.0,65.92,46.72,29.59,1,1,1.0
665,98,571.73,133.12,98.92,42.6,1,1,0.5432
665,99,663.89,124.37,102.76,52.42,1,1,0.9465
666,84,280.53,311.47,142.87,122.6,1,1,1.0
666,85,194.13,26.67,35.14,18.07,1,1,0.0809
666,86,265.6,30.93,37.27,21.27,1,1,0.6589
666,87,249.6,156.8,81.0,63.93,1,1,1.0
666,88,266.67,43.73,31.93,20.2,1,1,0.3102
666,89,122.67,81.07,45.8,40.46,1,1,1.0
666,90,336.53,64.53,50.07,28.73,1,1,0.3388
666,91,398.93,59.73,47.94,30.33,1,1,1.0
666,92,445.87,54.93,52.73,31.93,1,1,1.0
666,93,480.0,46.93,51.67,28.2,1,1,0.7421
666,94,59.73,19.73,71.94,69.27,1,1,1.0
666,95,153.07,53.87,42.06,28.2,1,1,1.0
666,96,593.6,80.0,85.8,45.8,1,1,1.0
666,97,1.0,67.2,48.0,30.33,1,1,1.0
666,98,563.73,130.67,97.0,42.6,1,1,0.5341
666,99,654.4,122.13,101.27,51.67,1,1,0.9485
667,84,290.24,322.35,148.63,124.62,1,1,1.0
667,85,192.85,26.24,34.6,18.17,1,1,0.1386
667,86,263.25,30.51,37.06,21.16,1,1,0.6578
667,87,255.57,161.07,82.5,63.93,1,1,1.0
667,88,264.53,43.09,31.3,19.99,1,1,0.3496
667,89,124.37,82.35,46.02,40.68,1,1,1.0
667,90,333.23,63.57,48.78,28.52,1,1,0.3066
667,91,394.88,58.88,47.29,30.23,1,1,1.0
667,92,441.6,54.19,52.2,31.72,1,1,1.0
667,93,474.88,46.29,50.92,27.88,1,1,0.7336
667,94,60.8,20.48,72.68,69.91,1,1,1.0
667,95,155.31,54.83,42.38,28.52,1,1,1.0
667,96,587.09,78.72,84.2,45.59,1,1,1.0
667,97,1.0,68.48,49.28,31.08,1,1,1.0
667,98,555.73,128.21,95.08,42.6,1,1,0.5161
667,99,644.91,119.89,99.77,50.92,1,1,0.9505
668,84,299.95,333.23,154.38,126.65,1,1,1.0
668,85,191.57,25.81,34.07,18.28,1,1,0.1473
668,86,260.91,30.08,36.84,21.05,1,1,0.657
668,87,261.55,165.33,83.98,63.94,1,1,1.0
668,88,262.4,42.45,30.65,19.77,1,1,0.3827
668,89,126.08,83.63,46.23,40.89,1,1,1.0
668,90,329.92,62.61,47.51,28.31,1,1,0.3388
668,91,390.83,58.03,46.65,30.12,1,1,1.0
668,92,437.33,53.44,51.67,31.51,1,1,1.0
668,93,469.76,45.65,50.17,27.56,1,1,0.7249
668,94,61.87,21.23,73.42,70.55,1,1,1.0
668,95,157.55,55.79,42.7,28.84,1,1,1.0
668,96,580.59,77.44,82.6,45.37,1,1,1.0
668,97,1.0,69.76,50.56,31.83,1,1,1.0
668,98,547.73,125.76,93.16,42.6,1,1,0.462
668,99,635.41,117.65,98.28,50.18,1,1,0.9533
669,84,309.65,344.11,160.15,128.68,1,1,1.0
669,85,190.29,25.39,33.54,18.39,1,1,0.0333
669,86,258.56,29.65,36.63,20.95,1,1,0.6563
669,87,267.52,169.6,85.48,63.93,1,1,1.0
669,88,260.27,41.81,30.01,19.56,1,1,0.4376
669,89,127.79,84.91,46.44,41.1,1,1,1.0
669,90,326.61,61.65,46.23,28.09,1,1,0.3237
669,91,386.77,57.17,46.02,30.01,1,1,1.0
669,92,433.07,52.69,51.13,31.29,1,1,1.0
669,93,464.64,45.01,49.43,27.24,1,1,0.7159
669,94,62.93,21.97,74.18,71.19,1,1,1.0
669,95,159.79,56.75,43.02,29.16,1,1,1.0
669,96,574.08,76.16,81.0,45.16,1,1,1.0
669,97,12.37,71.04,40.47,32.57,1,1,1.0
669,98,539.73,123.31,91.24,42.6,1,1,0.46
669,99,625.92,115.41,96.79,49.43,1,1,0.9562
670,84,319.36,354.99,165.91,130.7,1,1,1.0
670,85,189.01,24.96,33.0,18.49,1,1,0.2132
670,86,256.21,29.23,36.42,20.84,1,1,0.6557
670,87,273.49,173.87,86.98,63.93,1,1,1.0
670,88,258.13,41.17,29.38,19.35,1,1,0.4657
670,89,129.49,86.19,46.66,41.32,1,1,1.0
670,90,323.31,60.69,44.94,27.88,1,1,0.3441
670,91,382.72,56.32,45.37,29.91,1,1,1.0
670,92,428.8,51.95,50.6,31.08,1,1,1.0
670,93,459.52,44.37,48.68,26.92,1,1,0.7065
670,94,64.0,22.72,74.92,71.83,1,1,1.0
670,95,162.03,57.71,43.34,29.48,1,1,1.0
670,96,567.57,74.88,79.4,44.95,1,1,1.0
670,97,13.12,72.32,41.0,33.32,1,1,1.0
670,98,531.73,120.85,89.32,42.6,1,1,0.4941
670,99,616.43,113.17,95.29,48.68,1,1,0.9592
671,84,329.07,365.87,171.66,132.73,1,1,1.0
671,85,187.73,24.53,32.47,18.6,1,1,0.0936
671,86,253.87,28.8,36.2,20.73,1,1,0.6555
671,87,279.47,178.13,88.46,63.94,1,1,1.0
671,88,256.0,40.53,28.73,19.13,1,1,0.4251
671,89,131.2,87.47,46.87,41.53,1,1,1.0
671,90,320.0,59.73,43.67,27.67,1,1,0.395
671,91,378.67,55.47,44.73,29.8,1,1,1.0
671,92,424.53,51.2,50.07,30.87,1,1,1.0
671,93,454.4,43.73,47.93,26.6,1,1,0.6969
671,94,65.07,23.47,75.66,72.47,1,1,1.0
671,95,164.27,58.67,43.66,29.8,1,1,1.0
671,96,561.07,73.6,77.8,44.73,1,1,1.0
671,97,13.87,73.6,41.53,34.07,1,1,1.0
671,98,523.73,118.4,87.4,42.6,1,1,0.4695
671,99,606.93,110.93,93.8,47.94,1,1,0.9622
671,100,915.2,196.27,45.8,51.13,1,1,1.0
672,84,338.77,376.75,177.43,134.76,1,1,1.0
672,85,186.45,24.11,31.94,18.71,1,1,0.1012
672,86,251.52,28.37,35.99,20.63,1,1,0.6339
672,87,285.87,181.97,91.66,66.5,1,1,1.0
672,88,253.44,39.68,29.16,19.77,1,1,0.4544
672,89,132.48,89.17,48.15,41.75,1,1,1.0
672,90,315.73,59.09,44.1,27.45,1,1,0.3286
672,91,374.83,54.83,44.73,29.59,1,1,1.0
672,92,420.69,49.92,49.22,30.87,1,1,1.0
672,93,450.13,42.67,46.87,26.39,1,1,0.694
672,94,65.92,22.83,76.52,73.96,1,1,1.0
672,95,166.61,59.95,43.88,30.01,1,1,1.0
672,96,555.09,72.53,76.74,44.1,1,1,1.0
672,97,15.15,75.09,41.53,33.86,1,1,1.0
672,98,517.33,116.91,85.91,41.32,1,1,0.4744
672,99,598.83,109.44,91.66,47.51,1,1,0.9595
672,100,901.33,189.87,59.67,56.46,1,1,1.0
673,84,348.48,387.63,183.19,136.78,1,1,1.0
673,85,185.17,23.68,31.4,18.81,1,1,0.1465
673,86,249.17,27.95,35.78,20.52,1,1,0.6115
673,87,292.27,185.81,94.86,69.06,1,1,1.0
673,88,250.88,38.83,29.59,20.41,1,1,0.4815
673,89,133.76,90.88,49.43,41.96,1,1,1.0
673,90,311.47,58.45,44.52,27.24,1,1,0.3833
673,91,370.99,54.19,44.73,29.37,1,1,1.0
673,92,416.85,48.64,48.36,30.87,1,1,1.0
673,93,445.87,41.6,45.8,26.17,1,1,0.6913
673,94,66.77,22.19,77.38,75.45,1,1,1.0
673,95,168.96,61.23,44.09,30.23,1,1,1.0
673,96,549.12,71.47,75.67,43.45,1,1,0.9278
673,97,16.43,76.59,41.53,33.64,1,1,1.0
673,98,510.93,115.41,84.42,40.04,1,1,0.5033
673,99,590.72,107.95,89.53,47.08,1,1,0.9565
673,100,887.47,183.47,73.53,61.8,1,1,1.0
674,84,358.19,398.51,188.94,142.49,1,1,1.0
674,85,183.89,23.25,30.87,18.92,1,1,0.1482
674,86,246.83,27.52,35.56,20.41,1,1,0.5882
674,87,298.67,189.65,98.06,71.62,1,1,1.0
674,88,248.32,37.97,30.01,21.05,1,1,0.3825
674,89,135.04,92.59,50.71,42.17,1,1,1.0
674,90,307.2,57.81,44.95,27.03,1,1,0.3153
674,91,367.15,53.55,44.73,29.16,1,1,1.0
674,92,413.01,47.36,47.51,30.87,1,1,1.0
674,93,441.6,40.53,44.73,25.96,1,1,0.6883
674,94,67.63,21.55,78.22,76.95,1,1,1.0
674,95,171.31,62.51,44.3,30.44,1,1,1.0
674,96,543.15,70.4,74.6,42.81,1,1,0.9256
674,97,17.71,78.08,41.53,33.43,1,1,1.0
674,98,504.53,113.92,82.92,38.76,1,1,0.4281
674,99,582.61,106.45,87.4,46.66,1,1,0.954
674,100,873.6,177.07,87.4,67.13,1,1,1.0
675,84,367.89,409.39,194.71,131.61,1,1,1.0
675,85,182.61,22.83,30.34,19.03,1,1,0.1668
675,86,244.48,27.09,35.35,20.31,1,1,0.5641
675,87,305.07,193.49,101.26,74.18,1,1,1.0
675,88,245.76,37.12,30.44,21.69,1,1,0.414
675,89,136.32,94.29,51.99,42.39,1,1,1.0
675,90,302.93,57.17,45.38,26.81,1,1,0.345
675,91,363.31,52.91,44.73,28.95,1,1,1.0
675,92,409.17,46.08,46.66,30.87,1,1,1.0
675,93,437.33,39.47,43.67,25.75,1,1,0.6852
675,94,68.48,20.91,79.08,78.44,1,1,1.0
675,95,173.65,63.79,44.52,30.65,1,1,1.0
675,96,537.17,69.33,73.54,42.18,1,1,0.9236
675,97,18.99,79.57,41.53,33.22,1,1,1.0
675,98,498.13,112.43,81.43,37.48,1,1,0.4625
675,99,574.51,104.96,85.26,46.23,1,1,0.952
675,100,859.73,170.67,101.27,72.46,1,1,1.0
676,84,377.6,420.27,200.47,120.73,1,1,1.0
676,85,181.33,22.4,29.8,19.13,1,1,0.2371
676,86,242.13,26.67,35.14,20.2,1,1,0.539
676,87,311.47,197.33,104.46,76.74,1,1,1.0
676,88,243.2,36.27,30.87,22.33,1,1,0.4504
676,89,137.6,96.0,53.27,42.6,1,1,1.0
676,90,298.67,56.53,45.8,26.6,1,1,0.2857
676,91,359.47,52.27,44.73,28.73,1,1,1.0
676,92,405.33,44.8,45.8,30.87,1,1,1.0
676,93,433.07,38.4,42.6,25.53,1,1,0.6823
676,94,69.33,20.27,79.94,79.93,1,1,1.0
676,95,176.0,65.07,44.73,30.87,1,1,1.0
676,96,531.2,68.27,72.47,41.53,1,1,0.9216
676,97,20.27,81.07,41.53,33.0,1,1,1.0
676,98,491.73,110.93,79.94,36.2,1,1,0.4993
676,99,566.4,103.47,83.13,45.8,1,1,0.9499
676,100,845.87,164.27,115.13,77.8,1,1,1.0
677,84,392.11,435.41,196.62,105.59,1,1,1.0
677,85,180.05,21.97,29.59,18.71,1,1,0.2322
677,86,240.21,26.45,34.28,20.2,1,1,0.5372
677,87,319.36,202.88,106.6,78.01,1,1,1.0
677,88,241.28,36.05,30.23,21.91,1,1,0.4763
677,89,140.37,98.13,52.2,42.6,1,1,1.0
677,90,296.11,55.68,44.73,26.17,1,1,0.2415
677,91,355.84,51.41,44.09,28.09,1,1,1.0
677,92,401.28,44.59,45.8,30.44,1,1,1.0
677,93,429.01,37.97,42.39,25.11,1,1,0.686
677,94,71.04,21.97,80.36,79.72,1,1,1.0
677,95,178.77,66.77,44.95,31.29,1,1,1.0
677,96,526.29,66.99,71.4,41.32,1,1,0.9113
677,97,21.97,82.77,41.96,33.64,1,1,1.0
677,98,485.97,109.44,77.8,35.56,1,1,0.4914
677,99,560.21,101.33,80.79,45.38,1,1,0.9655
677,100,831.79,161.28,129.21,75.88,1,1,1.0
678,84,406.61,450.56,192.79,90.44,1,1,1.0
678,85,178.77,21.55,29.38,18.28,1,1,0.1704
678,86,238.29,26.24,33.43,20.2,1,1,0.5355
678,87,327.25,208.43,108.74,79.29,1,1,1.0
678,88,239.36,35.84,29.59,21.48,1,1,0.4079
678,89,143.15,100.27,51.13,42.6,1,1,1.0
678,90,293.55,54.83,43.66,25.75,1,1,0.2895
678,91,352.21,50.56,43.46,27.45,1,1,1.0
678,92,397.23,44.37,45.8,30.01,1,1,1.0
678,93,424.96,37.55,42.17,24.68,1,1,0.69
678,94,72.75,23.68,80.78,79.51,1,1,1.0
678,95,181.55,68.48,45.16,31.72,1,1,1.0
678,96,521.39,65.71,70.33,41.1,1,1,0.9008
678,97,23.68,84.48,42.39,34.28,1,1,1.0
678,98,480.21,107.95,75.67,34.92,1,1,0.4567
678,99,554.03,99.2,78.44,44.95,1,1,0.9817
678,100,817.71,158.29,123.66,73.96,1,1,1.0
679,84,421.12,465.71,188.95,75.29,1,1,1.0
679,85,177.49,21.12,29.16,17.85,1,1,0.176
679,86,236.37,26.03,32.58,20.2,1,1,0.5337
679,87,335.15,213.97,110.86,80.58,1,1,1.0
679,88,237.44,35.63,28.95,21.05,1,1,0.4094
679,89,145.92,102.4,50.07,42.6,1,1,1.0
679,90,290.99,53.97,42.6,25.32,1,1,0.2778
679,91,348.59,49.71,42.81,26.81,1,1,1.0
679,92,393.17,44.16,45.8,29.59,1,1,1.0
679,93,420.91,37.12,41.96,24.25,1,1,0.6945
679,94,74.45,25.39,81.22,79.29,1,1,1.0
679,95,184.32,70.19,45.37,32.14,1,1,1.0
679,96,516.48,64.43,69.27,40.89,1,1,0.8895
679,97,25.39,86.19,42.81,34.92,1,1,1.0
679,98,474.45,106.45,73.54,34.28,1,1,0.4363
679,99,547.84,97.07,76.09,44.52,1,1,1.0
679,100,803.63,155.31,123.66,72.04,1,1,1.0
680,84,435.63,480.85,185.1,60.15,1,1,1.0
680,85,176.21,20.69,28.95,17.43,1,1,0.1942
680,86,234.45,25.81,31.72,20.2,1,1,0.5317
680,87,343.04,219.52,113.0,81.85,1,1,1.0
680,88,235.52,35.41,28.31,20.63,1,1,0.3309
680,89,148.69,104.53,49.0,42.6,1,1,1.0
680,90,288.43,53.12,41.53,24.89,1,1,0.2764
680,91,344.96,48.85,42.17,26.17,1,1,1.0
680,92,389.12,43.95,45.8,29.16,1,1,1.0
680,93,416.85,36.69,41.75,23.83,1,1,0.699
680,94,76.16,27.09,81.64,79.08,1,1,1.0
680,95,187.09,71.89,45.59,32.58,1,1,1.0
680,96,511.57,63.15,68.2,40.68,1,1,0.8778
680,97,27.09,87.89,43.24,35.56,1,1,1.0
680,98,468.69,104.96,71.4,33.64,1,1,0.4141
680,99,541.65,94.93,73.75,44.1,1,1,1.0
680,100,789.55,152.32,123.66,70.12,1,1,1.0
681,84,450.13,496.0,181.27,45.0,1,1,1.0
681,85,174.93,20.27,28.74,17.0,1,1,0.1711
681,86,232.53,25.6,30.87,20.2,1,1,0.5296
681,87,350.93,225.07,115.14,83.13,1,1,1.0
681,88,233.6,35.2,27.67,20.2,1,1,0.372
681,89,151.47,106.67,47.93,42.6,1,1,1.0
681,90,285.87,52.27,40.46,24.47,1,1,0.2368
681,91,341.33,48.0,41.54,25.53,1,1,1.0
681,92,385.07,43.73,45.8,28.73,1,1,1.0
681,93,412.8,36.27,41.53,23.4,1,1,0.7037
681,94,77.87,28.8,82.06,78.87,1,1,1.0
681,95,189.87,73.6,45.8,33.0,1,1,1.0
681,96,506.67,61.87,67.13,40.46,1,1,0.8655
681,97,28.8,89.6,43.67,36.2,1,1,1.0
681,98,462.93,103.47,69.27,33.0,1,1,0.4
681,99,535.47,92.8,71.4,43.67,1,1,1.0
681,100,775.47,149.33,123.66,68.2,1,1,1.0
681,101,897.07,149.33,63.93,54.34,1,1,1.0
682,85,173.23,20.05,28.3,16.79,1,1,0.1566
682,86,230.83,24.96,30.86,19.99,1,1,0.5171
682,87,360.53,231.25,118.34,86.12,1,1,1.0
682,88,231.25,34.35,28.1,20.41,1,1,0.3052
682,89,152.32,108.37,49.43,43.46,1,1,1.0
682,90,282.88,51.63,40.47,23.83,1,1,0.3124
682,91,338.35,47.15,41.32,25.75,1,1,1.0
682,92,382.51,43.52,44.73,28.52,1,1,1.0
682,93,408.11,35.63,41.96,23.19,1,1,0.6993
682,94,79.15,29.23,82.92,80.36,1,1,1.0
682,95,192.64,74.88,47.29,33.0,1,1,1.0
682,96,501.12,61.65,66.92,39.4,1,1,0.86
682,97,30.08,91.31,44.73,36.84,1,1,1.0
682,98,458.24,101.55,67.99,33.0,1,1,0.3885
682,99,528.43,91.73,71.18,43.03,1,1,1.0
682,100,763.52,146.77,121.96,67.35,1,1,1.0
682,101,884.91,147.2,76.09,54.33,1,1,1.0
683,85,171.52,19.84,27.88,16.57,1,1,0.1578
683,86,229.12,24.32,30.87,19.77,1,1,0.5084
683,87,370.13,237.44,121.54,89.11,1,1,1.0
683,88,228.91,33.49,28.52,20.63,1,1,0.3519
683,89,153.17,110.08,50.92,44.31,1,1,1.0
683,90,279.89,50.99,40.47,23.19,1,1,0.2183
683,91,335.36,46.29,41.11,25.96,1,1,1.0
683,92,379.95,43.31,43.66,28.31,1,1,1.0
683,93,403.41,34.99,42.39,22.97,1,1,0.6961
683,94,80.43,29.65,83.77,81.86,1,1,1.0
683,95,195.41,76.16,48.79,33.0,1,1,1.0
683,96,495.57,61.44,66.71,38.33,1,1,0.8544
683,97,31.36,93.01,45.8,37.48,1,1,1.0
683,98,453.55,99.63,66.7,33.0,1,1,0.3908
683,99,521.39,90.67,70.97,42.38,1,1,1.0
683,100,751.57,144.21,120.26,66.5,1,1,1.0
683,101,872.75,145.07,88.25,54.33,1,1,1.0
684,85,169.81,19.63,27.46,16.36,1,1,0.0392
684,86,227.41,23.68,30.87,19.56,1,1,0.5067
684,87,379.73,243.63,124.74,92.09,1,1,1.0
684,88,226.56,32.64,28.95,20.84,1,1,0.2929
684,89,154.03,111.79,52.41,45.16,1,1,1.0
684,90,276.91,50.35,40.46,22.55,1,1,0.2778
684,91,332.37,45.44,40.9,26.17,1,1,1.0
684,92,377.39,43.09,42.6,28.09,1,1,1.0
684,93,398.72,34.35,42.81,22.76,1,1,0.6941
684,94,81.71,30.08,84.62,83.35,1,1,1.0
684,95,198.19,77.44,50.28,33.0,1,1,1.0
684,96,490.03,61.23,66.49,37.27,1,1,0.8486
684,97,32.64,94.72,46.87,38.12,1,1,1.0
684,98,448.85,97.71,65.43,33.0,1,1,0.3958
684,99,514.35,89.6,70.76,41.75,1,1,1.0
684,100,739.63,141.65,118.54,65.64,1,1,1.0
684,101,860.59,142.93,100.41,54.34,1,1,1.0
685,85,168.11,19.41,27.02,16.15,1,1,0.0755
685,86,225.71,23.04,30.86,19.35,1,1,0.505
685,87,389.33,249.81,127.94,95.08,1,1,1.0
685,88,224.21,31.79,29.38,21.05,1,1,0.3093
685,89,154.88,113.49,53.91,46.02,1,1,1.0
685,90,273.92,49.71,40.47,21.91,1,1,0.2255
685,91,329.39,44.59,40.68,26.39,1,1,1.0
685,92,374.83,42.88,41.53,27.88,1,1,1.0
685,93,394.03,33.71,43.24,22.55,1,1,0.6937
685,94,82.99,30.51,85.48,84.84,1,1,1.0
685,95,200.96,78.72,51.77,33.0,1,1,1.0
685,96,484.48,61.01,66.28,36.2,1,1,0.8428
685,97,33.92,96.43,47.93,38.76,1,1,1.0
685,98,444.16,95.79,64.15,33.0,1,1,0.3829
685,99,507.31,88.53,70.54,41.11,1,1,1.0
685,100,727.68,139.09,116.84,64.79,1,1,1.0
685,101,848.43,140.8,112.57,54.33,1,1,1.0
686,85,166.4,19.2,26.6,15.93,1,1,0.0586
686,86,224.0,22.4,30.87,19.13,1,1,0.5034
686,87,398.93,256.0,131.14,98.07,1,1,1.0
686,88,221.87,30.93,29.8,21.27,1,1,0.3502
686,89,155.73,115.2,55.4,46.87,1,1,1.0
686,90,270.93,49.07,40.47,21.27,1,1,0.2599
686,91,326.4,43.73,40.47,26.6,1,1,1.0
686,92,372.27,42.67,40.46,27.67,1,1,1.0
686,93,389.33,33.07,43.67,22.33,1,1,0.6945
686,94,84.27,30.93,86.33,86.34,1,1,1.0
686,95,203.73,80.0,53.27,33.0,1,1,1.0
686,96,478.93,60.8,66.07,35.13,1,1,0.8369
686,97,35.2,98.13,49.0,39.4,1,1,1.0
686,98,439.47,93.87,62.86,33.0,1,1,0.4452
686,99,500.27,87.47,70.33,40.46,1,1,0.9761
686,100,715.73,136.53,115.14,63.94,1,1,1.0
686,101,836.27,138.67,124.73,54.33,1,1,1.0
687,85,164.48,18.77,27.03,16.15,1,1,0.0934
687,86,222.08,21.97,30.65,18.92,1,1,0.5121
687,87,410.67,264.11,137.32,101.26,1,1,1.0
687,88,219.73,30.51,29.59,21.27,1,1,0.2731
687,89,157.87,117.33,56.25,47.08,1,1,1.0
687,90,269.23,48.43,38.97,21.05,1,1,0.2085
687,91,323.41,43.09,40.47,26.6,1,1,1.0
687,92,369.28,42.03,40.68,27.03,1,1,1.0
687,93,386.13,32.21,42.82,22.55,1,1,0.6857
687,94,85.76,31.57,86.76,86.55,1,1,1.0
687,95,207.15,81.49,52.41,33.86,1,1,1.0
687,96,475.09,59.31,64.79,35.56,1,1,0.8223
687,97,36.48,99.41,49.64,40.04,1,1,1.0
687,98,434.35,92.8,62.44,32.79,1,1,0.4372
687,99,494.93,85.76,69.91,40.25,1,1,0.9783
687,100,705.92,133.97,112.36,62.44,1,1,1.0
687,101,824.75,135.68,117.48,54.55,1,1,1.0
688,85,162.56,18.35,27.45,16.36,1,1,0.0
688,86,220.16,21.55,30.44,18.71,1,1,0.521
688,87,422.4,272.21,143.51,104.47,1,1,1.0
688,88,217.6,30.08,29.37,21.27,1,1,0.3043
688,89,160.0,119.47,57.11,47.29,1,1,1.0
688,90,267.52,47.79,37.48,20.84,1,1,0.2124
688,91,320.43,42.45,40.46,26.6,1,1,1.0
688,92,366.29,41.39,40.9,26.39,1,1,1.0
688,93,382.93,31.36,41.96,22.76,1,1,0.6765
688,94,87.25,32.21,87.19,86.76,1,1,1.0
688,95,210.56,82.99,51.56,34.7,1,1,1.0
688,96,471.25,57.81,63.51,35.99,1,1,0.8074
688,97,37.76,100.69,50.28,40.68,1,1,1.0
688,98,429.23,91.73,62.01,32.58,1,1,0.3867
688,99,489.6,84.05,69.48,40.04,1,1,0.9809
688,100,696.11,131.41,109.58,60.95,1,1,1.0
688,101,813.23,132.69,114.49,54.76,1,1,1.0
689,85,160.64,17.92,27.88,16.57,1,1,0.0048
689,86,218.24,21.12,30.23,18.49,1,1,0.5298
689,87,434.13,280.32,149.7,107.67,1,1,1.0
689,88,215.47,29.65,29.16,21.27,1,1,0.2189
689,89,162.13,121.6,57.96,47.51,1,1,1.0
689,90,265.81,47.15,35.99,20.63,1,1,0.1429
689,91,317.44,41.81,40.47,26.6,1,1,1.0
689,92,363.31,40.75,41.1,25.75,1,1,1.0
689,93,379.73,30.51,41.11,22.97,1,1,0.6673
689,94,88.75,32.85,87.61,86.98,1,1,1.0
689,95,213.97,84.48,50.71,35.56,1,1,1.0
689,96,467.41,56.32,62.23,36.41,1,1,0.792
689,97,39.04,101.97,50.92,41.32,1,1,1.0
689,98,424.11,90.67,61.58,32.36,1,1,0.3584
689,99,484.27,82.35,69.05,39.82,1,1,0.9837
689,100,686.29,128.85,106.82,59.46,1,1,1.0
689,101,801.71,129.71,111.5,54.97,1,1,1.0
690,85,158.72,17.49,28.31,16.79,1,1,0.0312
690,86,216.32,20.69,30.01,18.28,1,1,0.5388
690,87,445.87,288.43,155.88,110.86,1,1,1.0
690,88,213.33,29.23,28.95,21.27,1,1,0.2424
690,89,164.27,123.73,58.81,47.72,1,1,1.0
690,90,264.11,46.51,34.49,20.41,1,1,0.1711
690,91,314.45,41.17,40.47,26.6,1,1,1.0
690,92,360.32,40.11,41.32,25.11,1,1,1.0
690,93,376.53,29.65,40.26,23.19,1,1,0.6575
690,94,90.24,33.49,88.04,87.19,1,1,1.0
690,95,217.39,85.97,49.85,36.42,1,1,1.0
690,96,463.57,54.83,60.95,36.84,1,1,0.7761
690,97,40.32,103.25,51.56,41.96,1,1,1.0
690,98,418.99,89.6,61.16,32.15,1,1,0.3576
690,99,478.93,80.64,68.63,39.61,1,1,0.9862
690,100,676.48,126.29,104.04,57.96,1,1,1.0
690,101,790.19,126.72,108.52,55.19,1,1,1.0
691,85,156.8,17.07,28.73,17.0,1,1,0.1118
691,86,214.4,20.27,29.8,18.07,1,1,0.5479
691,87,457.6,296.53,162.07,114.07,1,1,1.0
691,88,211.2,28.8,28.73,21.27,1,1,0.1741
691,89,166.4,125.87,59.67,47.93,1,1,1.0
691,90,262.4,45.87,33.0,20.2,1,1,0.1164
691,91,311.47,40.53,40.46,26.6,1,1,1.0
691,92,357.33,39.47,41.54,24.47,1,1,1.0
691,93,373.33,28.8,39.4,23.4,1,1,0.6473
691,94,91.73,34.13,88.47,87.4,1,1,1.0
691,95,220.8,87.47,49.0,37.26,1,1,1.0
691,96,459.73,53.33,59.67,37.27,1,1,0.7597
691,97,41.6,104.53,52.2,42.6,1,1,1.0
691,98,413.87,88.53,60.73,31.94,1,1,0.2979
691,99,473.6,78.93,68.2,39.4,1,1,1.0
691,100,666.67,123.73,101.26,56.47,1,1,1.0
691,101,778.67,123.73,105.53,55.4,1,1,1.0
691,102,910.93,171.73,50.07,43.67,1,1,1.0
691,103,41.6,29.87,24.47,22.33,1,1,1.0
691,104,88.53,27.73,25.54,19.13,1,1,1.0
691,105,1.0,28.8,19.2,24.47,1,1,1.0
692,86,213.55,20.05,28.94,17.64,1,1,0.5739
692,87,473.17,306.13,169.96,119.62,1,1,1.0
692,88,209.92,28.8,28.09,20.2,1,1,0.1608
692,89,168.96,128.0,60.31,49.21,1,1,1.0
692,90,258.99,45.44,34.06,20.41,1,1,0.1526
692,91,309.12,40.11,39.61,26.39,1,1,1.0
692,92,354.35,39.47,41.1,23.83,1,1,1.0
692,93,369.92,28.37,39.19,23.19,1,1,0.6602
692,94,93.44,35.63,89.96,87.61,1,1,1.0
692,95,224.21,88.75,50.71,37.69,1,1,1.0
692,96,455.25,52.91,59.88,36.2,1,1,0.7616
692,97,43.31,106.88,53.05,43.45,1,1,1.0
692,98,408.96,87.25,60.52,31.3,1,1,0.3599
692,99,468.27,78.08,67.34,38.76,1,1,0.9863
692,100,657.49,121.39,99.99,56.04,1,1,1.0
692,101,769.28,122.45,103.4,53.48,1,1,1.0
692,102,898.77,168.11,62.23,44.94,1,1,1.0
692,103,42.45,30.51,25.53,22.55,1,1,1.0
692,104,89.6,28.37,25.11,19.35,1,1,1.0
692,105,1.0,30.29,20.27,23.83,1,1,1.0
693,86,212.69,19.84,28.1,17.21,1,1,0.6007
693,87,488.75,315.73,177.85,125.16,1,1,1.0
693,88,208.64,28.8,27.45,19.13,1,1,0.1673
693,89,171.52,130.13,60.95,50.5,1,1,1.0
693,90,255.57,45.01,35.14,20.63,1,1,0.1859
693,91,306.77,39.68,38.76,26.17,1,1,1.0
693,92,351.36,39.47,40.68,23.19,1,1,1.0
693,93,366.51,27.95,38.97,22.97,1,1,0.6734
693,94,95.15,37.12,91.45,87.83,1,1,1.0
693,95,227.63,90.03,52.41,38.12,1,1,1.0
693,96,450.77,52.48,60.1,35.13,1,1,0.7642
693,97,45.01,109.23,53.91,44.3,1,1,1.0
693,98,404.05,85.97,60.31,30.66,1,1,0.3271
693,99,462.93,77.23,66.5,38.12,1,1,0.9834
693,100,648.32,119.04,98.71,55.61,1,1,1.0
693,101,759.89,121.17,101.27,51.56,1,1,1.0
693,102,886.61,164.48,74.39,46.23,1,1,1.0
693,103,43.31,31.15,26.6,22.76,1,1,1.0
693,104,90.67,29.01,24.68,19.56,1,1,1.0
693,105,1.0,31.79,21.33,23.19,1,1,1.0
694,86,211.84,19.63,27.24,16.79,1,1,0.6282
694,87,504.32,325.33,185.75,130.71,1,1,1.0
694,88,207.36,28.8,26.81,18.07,1,1,0.1968
694,89,174.08,132.27,61.59,51.77,1,1,1.0
694,90,252.16,44.59,36.2,20.84,1,1,0.0883
694,91,304.43,39.25,37.9,25.96,1,1,1.0
694,92,348.37,39.47,40.26,22.55,1,1,1.0
694,93,363.09,27.52,38.76,22.76,1,1,0.687
694,94,96.85,38.61,92.95,88.04,1,1,1.0
694,95,231.04,91.31,54.12,38.54,1,1,1.0
694,96,446.29,52.05,60.31,34.07,1,1,0.7675
694,97,46.72,111.57,54.76,45.16,1,1,1.0
694,98,399.15,84.69,60.09,30.02,1,1,0.3226
694,99,457.6,76.37,65.64,37.48,1,1,0.9806
694,100,639.15,116.69,97.42,55.19,1,1,1.0
694,101,750.51,119.89,99.13,49.64,1,1,1.0
694,102,874.45,160.85,86.55,47.51,1,1,1.0
694,103,44.16,31.79,27.67,22.97,1,1,1.0
694,104,91.73,29.65,24.26,19.77,1,1,1.0
694,105,1.0,33.28,22.4,22.55,1,1,1.0
695,86,210.99,19.41,26.38,16.36,1,1,0.6565
695,87,519.89,334.93,193.64,136.26,1,1,1.0
695,88,206.08,28.8,26.17,17.0,1,1,0.1882
695,89,176.64,134.4,62.23,53.05,1,1,1.0
695,90,248.75,44.16,37.26,21.05,1,1,0.0975
695,91,302.08,38.83,37.05,25.75,1,1,1.0
695,92,345.39,39.47,39.82,21.91,1,1,1.0
695,93,359.68,27.09,38.55,22.55,1,1,0.7012
695,94,98.56,40.11,94.44,88.25,1,1,1.0
695,95,234.45,92.59,55.83,38.97,1,1,1.0
695,96,441.81,51.63,60.52,33.0,1,1,0.7717
695,97,48.43,113.92,55.61,46.01,1,1,1.0
695,98,394.24,83.41,59.88,29.38,1,1,0.2923
695,99,452.27,75.52,64.78,36.84,1,1,0.9776
695,100,629.97,114.35,96.15,54.76,1,1,1.0
695,101,741.12,118.61,97.0,47.72,1,1,1.0
695,102,862.29,157.23,98.71,48.78,1,1,1.0
695,103,45.01,32.43,28.73,23.19,1,1,1.0
695,104,92.8,30.29,23.83,19.99,1,1,1.0
695,105,1.0,34.77,23.47,21.91,1,1,1.0
696,86,210.13,19.2,25.54,15.93,1,1,0.6856
696,87,535.47,344.53,201.53,141.8,1,1,1.0
696,88,204.8,28.8,25.53,15.93,1,1,0.2384
696,89,179.2,136.53,62.87,54.34,1,1,1.0
696,90,245.33,43.73,38.34,21.27,1,1,0.0471
696,91,299.73,38.4,36.2,25.53,1,1,1.0
696,92,342.4,39.47,39.4,21.27,1,1,1.0
696,93,356.27,26.67,38.33,22.33,1,1,0.7157
696,94,100.27,41.6,95.93,88.47,1,1,1.0
696,95,237.87,93.87,57.53,39.4,1,1,1.0
696,96,437.33,51.2,60.74,31.93,1,1,0.7768
696,97,50.13,116.27,56.47,46.86,1,1,1.0
696,98,389.33,82.13,59.67,28.74,1,1,0.3507
696,99,446.93,74.67,63.94,36.2,1,1,0.9743
696,100,620.8,112.0,94.87,54.33,1,1,1.0
696,101,731.73,117.33,94.87,45.8,1,1,1.0
696,102,850.13,153.6,110.87,50.07,1,1,1.0
696,103,45.87,33.07,29.8,23.4,1,1,1.0
696,104,93.87,30.93,23.4,20.2,1,1,1.0
696,105,1.0,36.27,24.53,21.27,1,1,1.0
696,106,890.67,125.87,70.33,40.46,1,1,0.6854
697,86,208.0,18.77,26.17,16.36,1,1,0.6645
697,87,555.31,357.97,213.05,144.15,1,1,1.0
697,88,202.67,27.95,25.32,16.79,1,1,0.1223
697,89,181.76,138.45,63.93,55.4,1,1,1.0
697,90,242.56,42.88,38.12,21.05,1,1,0.0532
697,91,296.96,37.97,35.77,24.89,1,1,1.0
697,92,339.63,38.4,39.18,21.48,1,1,1.0
697,93,353.71,26.24,37.05,22.12,1,1,0.695
697,94,101.55,42.03,97.21,89.74,1,1,1.0
697,95,240.85,95.36,59.03,40.25,1,1,1.0
697,96,433.28,50.35,59.67,31.08,1,1,0.7792
697,97,52.05,119.04,56.26,47.08,1,1,1.0
697,98,385.28,80.85,58.39,28.52,1,1,0.3496
697,99,442.03,73.39,62.22,35.56,1,1,0.9792
697,100,612.69,110.29,92.95,53.27,1,1,1.0
697,101,723.2,114.77,92.95,45.8,1,1,1.0
697,102,839.04,150.83,121.96,50.28,1,1,1.0
697,103,46.93,33.71,29.37,23.19,1,1,1.0
697,104,94.93,31.57,24.26,20.2,1,1,1.0
697,105,1.0,36.27,25.39,21.69,1,1,1.0
697,106,876.8,123.52,84.2,41.53,1,1,0.6576
698,86,205.87,18.35,26.81,16.79,1,1,0.6468
698,87,575.15,371.41,224.57,146.5,1,1,1.0
698,88,200.53,27.09,25.11,17.64,1,1,0.1861
698,89,184.32,140.37,65.0,56.47,1,1,1.0
698,90,239.79,42.03,37.9,20.84,1,1,0.0237
698,91,294.19,37.55,35.34,24.25,1,1,1.0
698,92,336.85,37.33,38.98,21.69,1,1,1.0
698,93,351.15,25.81,35.77,21.91,1,1,0.6729
698,94,102.83,42.45,98.49,91.03,1,1,1.0
698,95,243.84,96.85,60.52,41.11,1,1,1.0
698,96,429.23,49.49,58.6,30.23,1,1,0.7821
698,97,53.97,121.81,56.04,47.3,1,1,1.0
698,98,381.23,79.57,57.1,28.31,1,1,0.3072
698,99,437.12,72.11,60.52,34.92,1,1,0.9843
698,100,604.59,108.59,91.02,52.2,1,1,1.0
698,101,714.67,112.21,91.02,45.8,1,1,1.0
698,102,827.95,148.05,115.13,50.5,1,1,1.0
698,103,48.0,34.35,28.95,22.97,1,1,1.0
698,104,96.0,32.21,25.11,20.2,1,1,1.0
698,105,1.0,36.27,26.24,22.12,1,1,1.0
698,106,862.93,121.17,98.07,42.6,1,1,0.6984
699,86,203.73,17.92,27.46,17.21,1,1,0.632
699,87,594.99,384.85,236.09,148.84,1,1,1.0
699,88,198.4,26.24,24.89,18.49,1,1,0.2126
699,89,186.88,142.29,66.07,57.54,1,1,1.0
699,90,237.01,41.17,37.7,20.63,1,1,0.0653
699,91,291.41,37.12,34.92,23.61,1,1,1.0
699,92,334.08,36.27,38.76,21.91,1,1,1.0
699,93,348.59,25.39,34.49,21.69,1,1,0.6495
699,94,104.11,42.88,99.77,92.31,1,1,1.0
699,95,246.83,98.35,62.01,41.96,1,1,1.0
699,96,425.17,48.64,57.54,29.37,1,1,0.7853
699,97,55.89,124.59,55.83,47.5,1,1,1.0
699,98,377.17,78.29,55.83,28.1,1,1,0.3552
699,99,432.21,70.83,58.82,34.28,1,1,1.0
699,100,596.48,106.88,89.11,51.13,1,1,1.0
699,101,706.13,109.65,89.11,45.8,1,1,1.0
699,102,816.85,145.28,115.14,50.71,1,1,1.0
699,103,49.07,34.99,28.52,22.76,1,1,1.0
699,104,97.07,32.85,25.96,20.2,1,1,1.0
699,105,1.0,36.27,27.09,22.55,1,1,1.0
699,106,849.07,118.83,111.93,43.66,1,1,0.708
700,86,201.6,17.49,28.09,17.64,1,1,0.6194
700,87,614.83,398.29,247.61,142.71,1,1,1.0
700,88,196.27,25.39,24.68,19.35,1,1,0.1351
700,89,189.44,144.21,67.13,58.6,1,1,1.0
700,90,234.24,40.32,37.48,20.41,1,1,0.0999
700,91,288.64,36.69,34.49,22.97,1,1,1.0
700,92,331.31,35.2,38.54,22.12,1,1,1.0
700,93,346.03,24.96,33.21,21.48,1,1,0.6247
700,94,105.39,43.31,101.05,93.58,1,1,1.0
700,95,249.81,99.84,63.51,42.81,1,1,1.0
700,96,421.12,47.79,56.47,28.52,1,1,0.789
700,97,57.81,127.36,55.62,47.72,1,1,1.0
700,98,373.12,77.01,54.55,27.88,1,1,0.3416
700,99,427.31,69.55,57.1,33.64,1,1,1.0
700,100,588.37,105.17,87.19,50.07,1,1,1.0
700,101,697.6,107.09,87.19,45.8,1,1,1.0
700,102,805.76,142.51,115.13,50.92,1,1,1.0
700,103,50.13,35.63,28.09,22.55,1,1,1.0
700,104,98.13,33.49,26.82,20.2,1,1,1.0
700,105,1.0,36.27,27.95,22.97,1,1,1.0
700,106,835.2,116.48,107.24,44.73,1,1,0.6659
701,86,199.47,17.07,28.73,18.07,1,1,0.6093
701,87,634.67,411.73,259.13,129.27,1,1,1.0
701,88,194.13,24.53,24.47,20.2,1,1,0.1716
701,89,192.0,146.13,68.2,59.67,1,1,1.0
701,90,231.47,39.47,37.26,20.2,1,1,0.0728
701,91,285.87,36.27,34.06,22.33,1,1,1.0
701,92,328.53,34.13,38.34,22.33,1,1,1.0
701,93,343.47,24.53,31.93,21.27,1,1,0.598
701,94,106.67,43.73,102.33,94.87,1,1,1.0
701,95,252.8,101.33,65.0,43.67,1,1,1.0
701,96,417.07,46.93,55.4,27.67,1,1,0.7931
701,97,59.73,130.13,55.4,47.94,1,1,1.0
701,98,369.07,75.73,53.26,27.67,1,1,0.3963
701,99,422.4,68.27,55.4,33.0,1,1,1.0
701,100,580.27,103.47,85.26,49.0,1,1,1.0
701,101,689.07,104.53,85.26,45.8,1,1,1.0
701,102,794.67,139.73,115.13,51.14,1,1,1.0
701,103,51.2,36.27,27.67,22.33,1,1,1.0
701,104,99.2,34.13,27.67,20.2,1,1,1.0
701,105,1.0,36.27,28.8,23.4,1,1,1.0
701,106,821.33,114.13,113.0,45.8,1,1,0.6547
702,86,198.4,16.64,28.09,17.64,1,1,0.6247
702,87,661.97,429.44,245.27,111.56,1,1,1.0
702,88,192.85,24.11,23.83,19.35,1,1,0.2621
702,89,194.35,149.55,69.9,60.09,1,1,1.0
702,90,229.33,38.19,36.84,20.2,1,1,0.1063
702,91,283.52,35.2,34.07,22.55,1,1,1.0
702,92,325.76,33.07,37.91,23.19,1,1,1.0
702,93,340.05,23.68,32.15,21.05,1,1,0.5929
702,94,108.59,43.95,104.04,97.0,1,1,1.0
702,95,256.64,102.4,65.85,44.95,1,1,1.0
702,96,413.01,45.87,55.62,28.09,1,1,0.7866
702,97,60.8,131.84,57.11,50.07,1,1,1.0
702,98,365.23,74.24,52.62,27.67,1,1,0.3622
702,99,417.71,67.41,55.18,32.15,1,1,1.0
702,100,572.8,101.55,83.99,48.36,1,1,1.0
702,101,679.89,102.83,85.06,45.37,1,1,1.0
702,102,784.85,137.17,112.79,50.28,1,1,1.0
702,103,52.05,36.69,27.67,22.33,1,1,1.0
702,104,100.05,34.35,28.31,19.99,1,1,1.0
702,105,1.0,37.12,29.87,23.83,1,1,1.0
702,106,809.6,111.57,110.65,44.95,1,1,0.6575
703,86,197.33,16.21,27.46,17.21,1,1,0.6406
703,87,689.28,447.15,231.4,93.85,1,1,1.0
703,88,191.57,23.68,23.19,18.49,1,1,0.2478
703,89,196.69,152.96,71.62,60.52,1,1,1.0
703,90,227.2,36.91,36.41,20.2,1,1,0.191
703,91,281.17,34.13,34.07,22.76,1,1,1.0
703,92,322.99,32.0,37.48,24.04,1,1,1.0
703,93,336.64,22.83,32.36,20.84,1,1,0.5877
703,94,110.51,44.16,105.74,99.13,1,1,1.0
703,95,260.48,103.47,66.71,46.22,1,1,1.0
703,96,408.96,44.8,55.83,28.52,1,1,0.7802
703,97,61.87,133.55,58.81,52.2,1,1,1.0
703,98,361.39,72.75,51.98,27.67,1,1,0.347
703,99,413.01,66.56,54.98,31.29,1,1,1.0
703,100,565.33,99.63,82.71,47.72,1,1,1.0
703,101,670.72,101.12,84.84,44.95,1,1,1.0
703,102,775.04,134.61,110.44,49.43,1,1,1.0
703,103,52.91,37.12,27.67,22.33,1,1,1.0
703,104,100.91,34.56,28.94,19.77,1,1,1.0
703,105,1.0,37.97,30.93,24.25,1,1,1.0
703,106,797.87,109.01,108.3,44.1,1,1,0.6606
704,86,196.27,15.79,26.81,16.79,1,1,0.6568
704,87,716.59,464.85,217.53,76.15,1,1,1.0
704,88,190.29,23.25,22.55,17.64,1,1,0.1557
704,89,199.04,156.37,73.32,60.95,1,1,1.0
704,90,225.07,35.63,35.98,20.2,1,1,0.1415
704,91,278.83,33.07,34.06,22.97,1,1,1.0
704,92,320.21,30.93,37.06,24.89,1,1,1.0
704,93,333.23,21.97,32.57,20.63,1,1,0.5825
704,94,112.43,44.37,107.45,101.27,1,1,1.0
704,95,264.32,104.53,67.56,47.51,1,1,1.0
704,96,404.91,43.73,56.04,28.95,1,1,0.7738
704,97,62.93,135.25,60.52,54.34,1,1,1.0
704,98,357.55,71.25,51.34,27.67,1,1,0.3938
704,99,408.32,65.71,54.76,30.44,1,1,1.0
704,100,557.87,97.71,81.42,47.08,1,1,1.0
704,101,661.55,99.41,84.62,44.52,1,1,1.0
704,102,765.23,132.05,108.09,48.58,1,1,1.0
704,103,53.76,37.55,27.67,22.33,1,1,1.0
704,104,101.76,34.77,29.59,19.56,1,1,1.0
704,105,1.0,38.83,32.0,24.68,1,1,1.0
704,106,786.13,106.45,105.96,43.24,1,1,0.6643
705,86,195.2,15.36,26.17,16.36,1,1,0.6735
705,87,743.89,482.56,203.67,58.44,1,1,1.0
705,88,189.01,22.83,21.91,16.79,1,1,0.3743
705,89,201.39,159.79,75.02,61.37,1,1,1.0
705,90,222.93,34.35,35.56,20.2,1,1,0.2055
705,91,276.48,32.0,34.07,23.19,1,1,1.0
705,92,317.44,29.87,36.63,25.75,1,1,1.0
705,93,329.81,21.12,32.79,20.41,1,1,0.5772
705,94,114.35,44.59,109.16,103.4,1,1,1.0
705,95,268.16,105.6,68.41,48.79,1,1,1.0
705,96,400.85,42.67,56.26,29.37,1,1,0.7674
705,97,64.0,136.96,62.23,56.47,1,1,1.0
705,98,353.71,69.76,50.7,27.67,1,1,0.4062
705,99,403.63,64.85,54.54,29.59,1,1,1.0
705,100,550.4,95.79,80.15,46.44,1,1,1.0
705,101,652.37,97.71,84.42,44.09,1,1,1.0
705,102,755.41,129.49,105.75,47.72,1,1,1.0
705,103,54.61,37.97,27.67,22.33,1,1,1.0
705,104,102.61,34.99,30.23,19.35,1,1,1.0
705,105,1.0,39.68,33.07,25.11,1,1,1.0
705,106,774.4,103.89,103.61,42.39,1,1,0.6683
706,86,194.13,14.93,25.54,15.93,1,1,0.6906
706,87,771.2,500.27,189.8,40.73,1,1,1.0
706,88,187.73,22.4,21.27,15.93,1,1,0.2358
706,89,203.73,163.2,76.74,61.8,1,1,1.0
706,90,220.8,33.07,35.13,20.2,1,1,0.2828
706,91,274.13,30.93,34.07,23.4,1,1,1.0
706,92,314.67,28.8,36.2,26.6,1,1,1.0
706,93,326.4,20.27,33.0,20.2,1,1,0.5717
706,94,116.27,44.8,110.86,105.53,1,1,1.0
706,95,272.0,106.67,69.27,50.06,1,1,1.0
706,96,396.8,41.6,56.47,29.8,1,1,0.761
706,97,65.07,138.67,63.93,58.6,1,1,1.0
706,98,349.87,68.27,50.06,27.67,1,1,0.4256
706,99,398.93,64.0,54.34,28.73,1,1,1.0
706,100,542.93,93.87,78.87,45.8,1,1,1.0
706,101,643.2,96.0,84.2,43.67,1,1,1.0
706,102,745.6,126.93,103.4,46.87,1,1,1.0
706,103,55.47,38.4,27.67,22.33,1,1,1.0
706,104,103.47,35.2,30.86,19.13,1,1,1.0
706,105,1.0,40.53,34.13,25.53,1,1,1.0
706,106,762.67,101.33,101.26,41.54,1,1,0.6729
707,88,184.75,22.19,22.97,16.15,1,1,0.2601
707,89,207.36,165.97,78.23,63.08,1,1,1.0
707,90,218.88,32.64,34.71,20.2,1,1,0.3015
707,91,271.79,30.51,33.21,23.19,1,1,1.0
707,92,312.53,28.8,35.78,24.89,1,1,1.0
707,93,324.05,19.41,32.36,20.41,1,1,0.595
707,94,118.19,45.65,112.14,105.75,1,1,1.0
707,95,277.55,109.44,69.69,49.85,1,1,1.0
707,96,394.24,41.17,55.61,29.59,1,1,0.7418
707,97,66.99,142.29,64.36,58.6,1,1,1.0
707,98,347.09,67.41,49.64,27.24,1,1,0.3999
707,99,395.52,62.72,52.84,28.52,1,1,0.9809
707,100,536.32,91.95,78.23,45.58,1,1,1.0
707,101,636.59,94.29,82.06,43.46,1,1,1.0
707,102,737.49,125.01,100.84,45.38,1,1,1.0
707,103,56.32,38.83,28.52,22.12,1,1,1.0
707,104,104.75,35.41,31.29,19.99,1,1,1.0
707,105,1.0,40.96,34.77,25.11,1,1,1.0
707,106,752.0,99.41,100.2,41.32,1,1,0.6722
708,88,181.76,21.97,24.68,16.36,1,1,0.1324
708,89,210.99,168.75,79.72,64.36,1,1,1.0
708,90,216.96,32.21,34.28,20.2,1,1,0.2178
708,91,269.44,30.08,32.36,22.97,1,1,1.0
708,92,310.4,28.8,35.35,23.19,1,1,1.0
708,93,321.71,18.56,31.72,20.63,1,1,0.6184
708,94,120.11,46.51,113.42,105.96,1,1,1.0
708,95,283.09,112.21,70.12,49.64,1,1,1.0
708,96,391.68,40.75,54.76,29.37,1,1,0.7229
708,97,68.91,145.92,64.78,58.6,1,1,1.0
708,98,344.32,66.56,49.21,26.81,1,1,0.4466
708,99,392.11,61.44,51.34,28.31,1,1,0.9773
708,100,529.71,90.03,77.58,45.37,1,1,1.0
708,101,629.97,92.59,79.94,43.24,1,1,1.0
708,102,729.39,123.09,98.28,43.88,1,1,1.0
708,103,57.17,39.25,29.37,21.91,1,1,1.0
708,104,106.03,35.63,31.72,20.84,1,1,1.0
708,105,1.0,41.39,35.41,24.68,1,1,1.0
708,106,741.33,97.49,99.14,41.11,1,1,0.6714
709,88,178.77,21.76,26.39,16.57,1,1,0.1807
709,89,214.61,171.52,81.22,65.64,1,1,1.0
709,90,215.04,31.79,33.85,20.2,1,1,0.1348
709,91,267.09,29.65,31.51,22.76,1,1,1.0
709,92,308.27,28.8,34.92,21.48,1,1,1.0
709,93,319.36,17.71,31.08,20.84,1,1,0.6414
709,94,122.03,47.36,114.7,106.17,1,1,1.0
709,95,288.64,114.99,70.55,49.42,1,1,1.0
709,96,389.12,40.32,53.91,29.16,1,1,0.7069
709,97,70.83,149.55,65.21,58.6,1,1,1.0
709,98,341.55,65.71,48.78,26.39,1,1,0.3957
709,99,388.69,60.16,49.86,28.09,1,1,0.9736
709,100,523.09,88.11,76.95,45.16,1,1,1.0
709,101,623.36,90.88,77.8,43.03,1,1,1.0
709,102,721.28,121.17,95.72,42.39,1,1,1.0
709,103,58.03,39.68,30.23,21.69,1,1,1.0
709,104,107.31,35.84,32.14,21.69,1,1,1.0
709,105,1.0,41.81,36.05,24.25,1,1,1.0
709,106,730.67,95.57,98.06,40.9,1,1,0.6706
710,88,175.79,21.55,28.09,16.79,1,1,0.0343
710,89,218.24,174.29,82.71,66.92,1,1,1.0
710,90,213.12,31.36,33.43,20.2,1,1,0.1806
710,91,264.75,29.23,30.65,22.55,1,1,1.0
710,92,306.13,28.8,34.5,19.77,1,1,1.0
710,93,317.01,16.85,30.44,21.05,1,1,0.6644
710,94,123.95,48.21,115.98,106.39,1,1,1.0
710,95,294.19,117.76,70.97,49.21,1,1,1.0
710,96,386.56,39.89,53.05,28.95,1,1,0.6946
710,97,72.75,153.17,65.64,58.6,1,1,1.0
710,98,338.77,64.85,48.36,25.96,1,1,0.4454
710,99,385.28,58.88,48.36,27.88,1,1,0.9699
710,100,516.48,86.19,76.31,44.94,1,1,1.0
710,101,616.75,89.17,75.66,42.82,1,1,1.0
710,102,713.17,119.25,93.16,40.9,1,1,1.0
710,103,58.88,40.11,31.08,21.48,1,1,1.0
710,104,108.59,36.05,32.57,22.55,1,1,1.0
710,105,1.0,42.24,36.69,23.83,1,1,1.0
710,106,720.0,93.65,97.0,40.68,1,1,0.6701
711,88,172.8,21.33,29.8,17.0,1,1,0.0779
711,89,221.87,177.07,84.2,68.2,1,1,1.0
711,90,211.2,30.93,33.0,20.2,1,1,0.1788
711,91,262.4,28.8,29.8,22.33,1,1,1.0
711,92,304.0,28.8,34.07,18.07,1,1,1.0
711,93,314.67,16.0,29.8,21.27,1,1,0.6874
711,94,125.87,49.07,117.26,106.6,1,1,1.0
711,95,299.73,120.53,71.4,49.0,1,1,1.0
711,96,384.0,39.47,52.2,28.73,1,1,0.6839
711,97,74.67,156.8,66.06,58.6,1,1,1.0
711,98,336.0,64.0,47.93,25.53,1,1,0.4239
711,99,381.87,57.6,46.86,27.67,1,1,0.9662
711,100,509.87,84.27,75.66,44.73,1,1,1.0
711,101,610.13,87.47,73.54,42.6,1,1,1.0
711,102,705.07,117.33,90.6,39.4,1,1,1.0
711,103,59.73,40.53,31.93,21.27,1,1,1.0
711,104,109.87,36.27,33.0,23.4,1,1,1.0
711,105,1.0,42.67,37.33,23.4,1,1,1.0
711,106,709.33,91.73,95.94,40.47,1,1,0.6693
712,88,173.01,20.91,28.1,16.79,1,1,0.1414
712,89,226.35,180.91,86.33,69.48,1,1,1.0
712,90,209.49,30.29,32.79,20.2,1,1,0.0987
712,91,260.48,27.95,29.8,22.33,1,1,1.0
712,92,302.08,28.16,33.43,18.49,1,1,1.0
712,93,311.89,16.0,30.02,20.84,1,1,0.6723
712,94,128.21,50.13,118.76,108.1,1,1,1.0
712,95,305.28,122.67,72.89,50.28,1,1,1.0
712,96,380.8,38.61,51.35,28.73,1,1,0.6833
712,97,77.01,160.43,67.14,59.66,1,1,1.0
712,98,331.95,62.93,47.93,25.96,1,1,0.3499
712,99,377.6,56.75,47.29,27.67,1,1,0.9626
712,100,504.32,82.99,74.17,44.3,1,1,1.0
712,101,603.73,85.76,72.9,41.96,1,1,1.0
712,102,697.6,114.35,89.96,40.25,1,1,1.0
712,103,61.23,41.39,31.93,21.91,1,1,1.0
712,104,111.79,36.91,33.21,23.83,1,1,1.0
712,105,1.0,43.73,38.83,23.83,1,1,1.0
712,106,701.01,90.24,93.16,39.19,1,1,0.6425
713,88,173.23,20.48,26.38,16.57,1,1,0.1423
713,89,230.83,184.75,88.46,70.76,1,1,1.0
713,90,207.79,29.65,32.57,20.2,1,1,0.1219
713,91,258.56,27.09,29.8,22.33,1,1,1.0
713,92,300.16,27.52,32.79,18.92,1,1,1.0
713,93,309.12,16.0,30.23,20.41,1,1,0.6566
713,94,130.56,51.2,120.25,109.59,1,1,1.0
713,95,310.83,124.8,74.38,51.56,1,1,1.0
713,96,377.6,37.76,50.49,28.73,1,1,0.6825
713,97,79.36,164.05,68.2,60.74,1,1,1.0
713,98,327.89,61.87,47.94,26.39,1,1,0.3098
713,99,373.33,55.89,47.72,27.67,1,1,0.9589
713,100,498.77,81.71,72.68,43.88,1,1,1.0
713,101,597.33,84.05,72.26,41.32,1,1,1.0
713,102,690.13,111.36,89.32,41.11,1,1,1.0
713,103,62.72,42.24,31.93,22.55,1,1,1.0
713,104,113.71,37.55,33.42,24.25,1,1,1.0
713,105,1.0,44.8,40.32,24.25,1,1,1.0
713,106,692.69,88.75,90.39,37.9,1,1,0.6128
714,88,173.44,20.05,24.68,16.36,1,1,0.139
714,89,235.31,188.59,90.6,72.04,1,1,1.0
714,90,206.08,29.01,32.36,20.2,1,1,0.1584
714,91,256.64,26.24,29.8,22.33,1,1,1.0
714,92,298.24,26.88,32.15,19.35,1,1,1.0
714,93,306.35,16.0,30.44,19.99,1,1,0.6402
714,94,132.91,52.27,121.74,111.08,1,1,1.0
714,95,316.37,126.93,75.88,52.84,1,1,1.0
714,96,374.4,36.91,49.64,28.73,1,1,0.6818
714,97,81.71,167.68,69.26,61.8,1,1,1.0
714,98,323.84,60.8,47.93,26.81,1,1,0.3681
714,99,369.07,55.04,48.14,27.67,1,1,0.9556
714,100,493.23,80.43,71.18,43.45,1,1,1.0
714,101,590.93,82.35,71.62,40.68,1,1,1.0
714,102,682.67,108.37,88.68,41.96,1,1,1.0
714,103,64.21,43.09,31.93,23.19,1,1,1.0
714,104,115.63,38.19,33.64,24.68,1,1,1.0
714,105,12.16,45.87,30.65,24.68,1,1,1.0
714,106,684.37,87.25,87.62,36.63,1,1,0.5796
715,88,173.65,19.63,22.98,16.15,1,1,0.16
715,89,239.79,192.43,92.73,73.32,1,1,1.0
715,90,204.37,28.37,32.15,20.2,1,1,0.0805
715,91,254.72,25.39,29.8,22.33,1,1,1.0
715,92,296.32,26.24,31.51,19.77,1,1,1.0
715,93,303.57,16.0,30.66,19.56,1,1,0.623
715,94,135.25,53.33,123.24,112.58,1,1,1.0
715,95,321.92,129.07,77.37,54.12,1,1,1.0
715,96,371.2,36.05,48.79,28.73,1,1,0.6812
715,97,84.05,171.31,70.34,62.86,1,1,1.0
715,98,319.79,59.73,47.93,27.24,1,1,0.317
715,99,364.8,54.19,48.57,27.67,1,1,0.9519
715,100,487.68,79.15,69.69,43.02,1,1,1.0
715,101,584.53,80.64,70.98,40.04,1,1,1.0
715,102,675.2,105.39,88.04,42.81,1,1,1.0
715,103,65.71,43.95,31.93,23.83,1,1,1.0
715,104,117.55,38.83,33.85,25.11,1,1,1.0
715,105,13.01,46.93,31.29,25.11,1,1,1.0
715,106,676.05,85.76,84.84,35.35,1,1,0.5553
716,88,173.87,19.2,21.26,15.93,1,1,0.0701
716,89,244.27,196.27,94.86,74.6,1,1,1.0
716,90,202.67,27.73,31.93,20.2,1,1,0.1122
716,91,252.8,24.53,29.8,22.33,1,1,1.0
716,92,294.4,25.6,30.87,20.2,1,1,1.0
716,93,300.8,16.0,30.87,19.13,1,1,0.605
716,94,137.6,54.4,124.73,114.07,1,1,1.0
716,95,327.47,131.2,78.86,55.4,1,1,1.0
716,96,368.0,35.2,47.93,28.73,1,1,0.6803
716,97,86.4,174.93,71.4,63.94,1,1,1.0
716,98,315.73,58.67,47.94,27.67,1,1,0.2795
716,99,360.53,53.33,49.0,27.67,1,1,0.9483
716,100,482.13,77.87,68.2,42.6,1,1,1.0
716,101,578.13,78.93,70.34,39.4,1,1,1.0
716,102,667.73,102.4,87.4,43.67,1,1,1.0
716,103,67.2,44.8,31.93,24.47,1,1,1.0
716,104,119.47,39.47,34.06,25.53,1,1,1.0
716,105,13.87,48.0,31.93,25.53,1,1,1.0
716,106,667.73,84.27,82.07,34.06,1,1,0.5323
716,107,73.6,18.13,27.67,23.4,1,1,1.0
716,108,858.67,217.6,102.33,65.0,1,1,0.3446
717,88,172.8,18.77,21.05,15.72,1,1,0.1306
717,89,249.17,199.89,96.79,76.74,1,1,1.0
717,90,201.17,27.31,31.3,19.99,1,1,0.172
717,91,250.88,23.89,29.8,22.55,1,1,1.0
717,92,292.48,24.96,30.87,19.99,1,1,1.0
717,93,298.24,15.15,30.65,18.92,1,1,0.6057
717,94,140.16,55.47,125.8,115.56,1,1,1.0
717,95,333.87,134.4,80.78,55.61,1,1,1.0
717,96,365.87,34.77,47.08,27.88,1,1,0.6784
717,97,88.53,179.2,73.32,65.21,1,1,1.0
717,98,313.6,57.6,46.87,27.24,1,1,0.3143
717,99,357.76,52.05,47.93,27.88,1,1,0.9547
717,100,477.01,76.59,66.92,41.74,1,1,1.0
717,101,572.59,77.87,69.48,38.54,1,1,1.0
717,102,660.91,101.12,86.33,42.81,1,1,1.0
717,103,68.91,45.44,32.36,24.68,1,1,1.0
717,104,121.39,39.89,33.85,25.32,1,1,1.0
717,105,15.57,48.85,32.15,25.53,1,1,1.0
717,106,659.84,82.13,81.21,34.28,1,1,0.5598
717,107,75.09,18.35,27.88,23.4,1,1,1.0
717,108,843.09,212.69,117.91,66.28,1,1,0.3567
718,88,171.73,18.35,20.84,15.51,1,1,0.1182
718,89,254.08,203.52,98.71,78.87,1,1,1.0
718,90,199.68,26.88,30.65,19.77,1,1,0.1666
718,91,248.96,23.25,29.8,22.76,1,1,1.0
718,92,290.56,24.32,30.87,19.77,1,1,1.0
718,93,295.68,14.29,30.44,18.71,1,1,0.6075
718,94,142.72,56.53,126.87,117.06,1,1,1.0
718,95,340.27,137.6,82.7,55.83,1,1,1.0
718,96,363.73,34.35,46.23,27.03,1,1,0.6766
718,97,90.67,183.47,75.24,66.49,1,1,1.0
718,98,311.47,56.53,45.8,26.81,1,1,0.3771
718,99,354.99,50.77,46.86,28.09,1,1,0.9613
718,100,471.89,75.31,65.64,40.89,1,1,1.0
718,101,567.04,76.8,68.63,37.69,1,1,1.0
718,102,654.08,99.84,85.27,41.96,1,1,1.0
718,103,70.61,46.08,32.79,24.89,1,1,1.0
718,104,123.31,40.32,33.64,25.11,1,1,1.0
718,105,17.28,49.71,32.36,25.53,1,1,1.0
718,106,651.95,80.0,80.36,34.49,1,1,0.5865
718,107,76.59,18.56,28.09,23.4,1,1,1.0
718,108,827.52,207.79,133.48,67.56,1,1,0.3563
719,88,170.67,17.92,20.62,15.29,1,1,0.1619
719,89,258.99,207.15,100.62,81.0,1,1,1.0
719,90,198.19,26.45,30.01,19.56,1,1,0.0791
719,91,247.04,22.61,29.8,22.97,1,1,1.0
719,92,288.64,23.68,30.87,19.56,1,1,1.0
719,93,293.12,13.44,30.23,18.49,1,1,0.6104
719,94,145.28,57.6,127.93,118.55,1,1,1.0
719,95,346.67,140.8,84.62,56.04,1,1,1.0
719,96,361.6,33.92,45.37,26.17,1,1,0.675
719,97,92.8,187.73,77.16,67.78,1,1,1.0
719,98,309.33,55.47,44.74,26.39,1,1,0.3335
719,99,352.21,49.49,45.8,28.31,1,1,0.968
719,100,466.77,74.03,64.36,40.04,1,1,1.0
719,101,561.49,75.73,67.78,36.84,1,1,1.0
719,102,647.25,98.56,84.2,41.11,1,1,1.0
719,103,72.32,46.72,33.21,25.11,1,1,1.0
719,104,125.23,40.75,33.42,24.89,1,1,1.0
719,105,18.99,50.56,32.57,25.53,1,1,1.0
719,106,644.05,77.87,79.51,34.7,1,1,0.6125
719,107,78.08,18.77,28.31,23.4,1,1,1.0
719,108,811.95,202.88,136.68,68.84,1,1,0.3175
720,88,169.6,17.49,20.41,15.08,1,1,0.1826
720,89,263.89,210.77,102.55,83.14,1,1,1.0
720,90,196.69,26.03,29.38,19.35,1,1,0.1213
720,91,245.12,21.97,29.8,23.19,1,1,1.0
720,92,286.72,23.04,30.87,19.35,1,1,1.0
720,93,290.56,12.59,30.01,18.28,1,1,0.6143
720,94,147.84,58.67,129.0,120.04,1,1,1.0
720,95,353.07,144.0,86.54,56.25,1,1,1.0
720,96,359.47,33.49,44.52,25.32,1,1,0.6737
720,97,94.93,192.0,79.08,69.05,1,1,1.0
720,98,307.2,54.4,43.67,25.96,1,1,0.3813
720,99,349.44,48.21,44.73,28.52,1,1,0.975
720,100,461.65,72.75,63.08,39.18,1,1,1.0
720,101,555.95,74.67,66.92,35.98,1,1,1.0
720,102,640.43,97.28,83.13,40.25,1,1,1.0
720,103,74.03,47.36,33.64,25.32,1,1,1.0
720,104,127.15,41.17,33.21,24.68,1,1,1.0
720,105,20.69,51.41,32.79,25.53,1,1,1.0
720,106,636.16,75.73,78.65,34.92,1,1,0.6379
720,107,79.57,18.99,28.52,23.4,1,1,1.0
720,108,796.37,197.97,143.51,70.12,1,1,0.2857
721,88,168.53,17.07,20.2,14.87,1,1,0.0628
721,89,268.8,214.4,104.47,85.27,1,1,1.0
721,90,195.2,25.6,28.73,19.13,1,1,0.1498
721,91,243.2,21.33,29.8,23.4,1,1,1.0
721,92,284.8,22.4,30.87,19.13,1,1,1.0
721,93,288.0,11.73,29.8,18.07,1,1,0.6197
721,94,150.4,59.73,130.07,121.54,1,1,1.0
721,95,359.47,147.2,88.46,56.47,1,1,1.0
721,96,357.33,33.07,43.67,24.47,1,1,0.6726
721,97,97.07,196.27,81.0,70.33,1,1,1.0
721,98,305.07,53.33,42.6,25.53,1,1,0.3642
721,99,346.67,46.93,43.66,28.73,1,1,1.0
721,100,456.53,71.47,61.8,38.33,1,1,1.0
721,101,550.4,73.6,66.07,35.13,1,1,1.0
721,102,633.6,96.0,82.07,39.4,1,1,1.0
721,103,75.73,48.0,34.07,25.53,1,1,1.0
721,104,129.07,41.6,33.0,24.47,1,1,1.0
721,105,22.4,52.27,33.0,25.53,1,1,1.0
721,106,628.27,73.6,77.8,35.13,1,1,0.6625
721,107,81.07,19.2,28.73,23.4,1,1,1.0
721,108,780.8,193.07,150.33,71.4,1,1,0.2994
721,109,900.27,185.6,60.73,52.2,1,1,1.0
722,89,274.77,219.95,107.46,86.12,1,1,1.0
722,90,193.49,24.96,29.16,19.13,1,1,0.1736
722,91,241.49,21.12,29.38,22.97,1,1,1.0
722,92,282.88,21.76,31.29,19.56,1,1,1.0
722,93,286.08,11.73,29.8,17.64,1,1,0.5932
722,94,153.17,61.23,133.06,123.24,1,1,1.0
722,95,366.93,149.97,90.39,58.6,1,1,1.0
722,96,354.35,31.79,43.45,25.75,1,1,0.6687
722,97,99.84,201.39,82.71,73.1,1,1,1.0
722,98,301.65,52.69,43.03,24.47,1,1,0.3919
722,99,342.61,46.08,44.1,28.31,1,1,0.964
722,100,451.2,70.19,61.8,38.12,1,1,1.0
722,101,545.07,72.32,65.0,35.35,1,1,1.0
722,102,627.2,93.87,81.21,39.4,1,1,1.0
722,103,77.01,48.43,34.28,25.96,1,1,1.0
722,104,130.99,42.45,33.0,24.68,1,1,1.0
722,105,23.47,52.69,33.21,26.39,1,1,1.0
722,106,621.01,72.11,76.31,34.7,1,1,0.6573
722,107,82.13,19.41,29.16,23.61,1,1,1.0
722,108,766.29,188.8,147.78,68.63,1,1,0.3152
722,109,886.19,179.41,74.81,54.98,1,1,1.0
723,89,280.75,225.49,110.44,86.98,1,1,1.0
723,90,191.79,24.32,29.58,19.13,1,1,0.1289
723,91,239.79,20.91,28.94,22.55,1,1,1.0
723,92,280.96,21.12,31.72,19.99,1,1,1.0
723,93,284.16,11.73,29.8,17.21,1,1,0.5648
723,94,155.95,62.72,136.04,124.95,1,1,1.0
723,95,374.4,152.75,92.31,60.73,1,1,1.0
723,96,351.36,30.51,43.24,27.03,1,1,0.666
723,97,102.61,206.51,84.42,75.88,1,1,1.0
723,98,298.24,52.05,43.45,23.4,1,1,0.3692
723,99,338.56,45.23,44.52,27.88,1,1,0.9469
723,100,445.87,68.91,61.8,37.9,1,1,1.0
723,101,539.73,71.04,63.94,35.56,1,1,1.0
723,102,620.8,91.73,80.36,39.4,1,1,1.0
723,103,78.29,48.85,34.5,26.39,1,1,1.0
723,104,132.91,43.31,33.0,24.89,1,1,1.0
723,105,24.53,53.12,33.43,27.24,1,1,1.0
723,106,613.76,70.61,74.81,34.28,1,1,0.6523
723,107,83.2,19.63,29.59,23.83,1,1,1.0
723,108,751.79,184.53,145.21,65.86,1,1,0.2966
723,109,872.11,173.23,88.89,57.74,1,1,1.0
724,89,286.72,231.04,113.43,87.83,1,1,1.0
724,90,190.08,23.68,30.01,19.13,1,1,0.1213
724,91,238.08,20.69,28.52,22.12,1,1,1.0
724,92,279.04,20.48,32.15,20.41,1,1,1.0
724,93,282.24,11.73,29.8,16.79,1,1,0.5347
724,94,158.72,64.21,139.03,126.66,1,1,1.0
724,95,381.87,155.52,94.22,62.87,1,1,1.0
724,96,348.37,29.23,43.03,28.31,1,1,0.6642
724,97,105.39,211.63,86.12,78.65,1,1,1.0
724,98,294.83,51.41,43.88,22.33,1,1,0.4334
724,99,334.51,44.37,44.94,27.45,1,1,0.9305
724,100,440.53,67.63,61.8,37.69,1,1,1.0
724,101,534.4,69.76,62.87,35.77,1,1,1.0
724,102,614.4,89.6,79.51,39.4,1,1,1.0
724,103,79.57,49.28,34.71,26.81,1,1,1.0
724,104,134.83,44.16,33.0,25.11,1,1,1.0
724,105,25.6,53.55,33.64,28.09,1,1,1.0
724,106,606.51,69.12,73.32,33.85,1,1,0.6475
724,107,84.27,19.84,30.01,24.04,1,1,1.0
724,108,737.28,180.27,142.65,63.08,1,1,0.3549
724,109,858.03,167.04,102.97,60.52,1,1,1.0
725,89,292.69,236.59,116.42,88.68,1,1,1.0
725,90,188.37,23.04,30.44,19.13,1,1,0.0502
725,91,236.37,20.48,28.1,21.69,1,1,1.0
725,92,277.12,19.84,32.57,20.84,1,1,1.0
725,93,280.32,11.73,29.8,16.36,1,1,0.5028
725,94,161.49,65.71,142.02,128.36,1,1,1.0
725,95,389.33,158.29,96.15,65.0,1,1,1.0
725,96,345.39,27.95,42.81,29.59,1,1,0.6632
725,97,108.16,216.75,87.83,81.42,1,1,1.0
725,98,291.41,50.77,44.31,21.27,1,1,0.3593
725,99,330.45,43.52,45.38,27.03,1,1,0.915
725,100,435.2,66.35,61.8,37.48,1,1,1.0
725,101,529.07,68.48,61.8,35.99,1,1,1.0
725,102,608.0,87.47,78.65,39.4,1,1,1.0
725,103,80.85,49.71,34.92,27.24,1,1,1.0
725,104,136.75,45.01,33.0,25.32,1,1,1.0
725,105,26.67,53.97,33.85,28.95,1,1,1.0
725,106,599.25,67.63,71.83,33.42,1,1,0.6431
725,107,85.33,20.05,30.44,24.25,1,1,1.0
725,108,722.77,176.0,140.1,60.31,1,1,0.4332
725,109,843.95,160.85,117.05,63.3,1,1,1.0
726,89,298.67,242.13,119.4,89.54,1,1,1.0
726,90,186.67,22.4,30.86,19.13,1,1,0.1267
726,91,234.67,20.27,27.66,21.27,1,1,1.0
726,92,275.2,19.2,33.0,21.27,1,1,1.0
726,93,278.4,11.73,29.8,15.93,1,1,0.4686
726,94,164.27,67.2,145.0,130.07,1,1,1.0
726,95,396.8,161.07,98.07,67.13,1,1,1.0
726,96,342.4,26.67,42.6,30.87,1,1,0.6631
726,97,110.93,221.87,89.54,84.2,1,1,1.0
726,98,288.0,50.13,44.73,20.2,1,1,0.3179
726,99,326.4,42.67,45.8,26.6,1,1,0.9006
726,100,429.87,65.07,61.8,37.26,1,1,1.0
726,101,523.73,67.2,60.74,36.2,1,1,1.0
726,102,601.6,85.33,77.8,39.4,1,1,1.0
726,103,82.13,50.13,35.14,27.67,1,1,1.0
726,104,138.67,45.87,33.0,25.53,1,1,1.0
726,105,27.73,54.4,34.07,29.8,1,1,1.0
726,106,592.0,66.13,70.33,33.0,1,1,0.6389
726,107,86.4,20.27,30.87,24.47,1,1,1.0
726,108,708.27,171.73,137.53,57.54,1,1,0.4636
726,109,829.87,154.67,131.13,66.06,1,1,1.0
727,89,305.71,248.32,123.45,93.37,1,1,1.0
727,90,185.17,22.4,30.66,18.92,1,1,0.1258
727,91,232.96,20.48,27.67,20.63,1,1,1.0
727,92,273.49,19.41,32.15,21.05,1,1,1.0
727,93,276.48,11.52,29.37,16.36,1,1,0.4862
727,94,167.47,69.12,147.13,131.35,1,1,1.0
727,95,404.91,165.97,100.84,67.78,1,1,1.0
727,96,340.05,27.31,42.18,30.23,1,1,0.6604
727,97,114.13,228.69,92.1,86.98,1,1,1.0
727,98,286.08,49.71,43.45,21.27,1,1,0.3045
727,99,323.41,42.24,44.95,27.03,1,1,0.9015
727,100,425.81,64.85,60.74,36.84,1,1,1.0
727,101,518.4,66.56,60.09,35.99,1,1,1.0
727,102,595.84,84.69,76.52,39.19,1,1,1.0
727,103,84.05,51.63,34.92,27.88,1,1,1.0
727,104,140.37,46.93,33.86,26.39,1,1,1.0
727,105,28.8,56.11,34.07,30.01,1,1,1.0
727,106,585.39,65.71,69.26,32.57,1,1,0.6458
727,107,87.47,21.33,31.08,24.89,1,1,1.0
727,108,697.6,169.17,133.69,56.9,1,1,0.4044
727,109,817.07,153.17,126.01,64.15,1,1,1.0
728,89,312.75,254.51,127.5,97.21,1,1,1.0
728,90,183.68,22.4,30.44,18.71,1,1,0.1008
728,91,231.25,20.69,27.67,19.99,1,1,1.0
728,92,271.79,19.63,31.29,20.84,1,1,1.0
728,93,274.56,11.31,28.95,16.79,1,1,0.5031
728,94,170.67,71.04,149.26,132.63,1,1,1.0
728,95,413.01,170.88,103.62,68.41,1,1,1.0
728,96,337.71,27.95,41.74,29.59,1,1,0.6587
728,97,117.33,235.52,94.66,89.75,1,1,1.0
728,98,284.16,49.28,42.17,22.33,1,1,0.3283
728,99,320.43,41.81,44.09,27.45,1,1,0.9026
728,100,421.76,64.64,59.67,36.41,1,1,1.0
728,101,513.07,65.92,59.45,35.77,1,1,1.0
728,102,590.08,84.05,75.24,38.98,1,1,1.0
728,103,85.97,53.12,34.71,28.09,1,1,1.0
728,104,142.08,48.0,34.71,27.24,1,1,1.0
728,105,29.87,57.81,34.07,30.23,1,1,1.0
728,106,578.77,65.28,68.2,32.15,1,1,0.653
728,107,88.53,22.4,31.3,25.32,1,1,1.0
728,108,686.93,166.61,129.86,56.26,1,1,0.4095
728,109,804.27,151.68,123.02,62.23,1,1,1.0
729,89,319.79,260.69,131.56,101.06,1,1,1.0
729,90,182.19,22.4,30.22,18.49,1,1,0.0
729,91,229.55,20.91,27.66,19.35,1,1,1.0
729,92,270.08,19.84,30.44,20.63,1,1,1.0
729,93,272.64,11.09,28.52,17.21,1,1,0.5192
729,94,173.87,72.96,151.4,133.91,1,1,1.0
729,95,421.12,175.79,106.39,69.05,1,1,1.0
729,96,335.36,28.59,41.32,28.95,1,1,0.6582
729,97,120.53,242.35,97.22,92.52,1,1,1.0
729,98,282.24,48.85,40.89,23.4,1,1,0.3076
729,99,317.44,41.39,43.24,27.88,1,1,0.9036
729,100,417.71,64.43,58.6,35.99,1,1,1.0
729,101,507.73,65.28,58.82,35.56,1,1,1.0
729,102,584.32,83.41,73.96,38.76,1,1,1.0
729,103,87.89,54.61,34.5,28.31,1,1,1.0
729,104,143.79,49.07,35.56,28.09,1,1,1.0
729,105,30.93,59.52,34.07,30.44,1,1,1.0
729,106,572.16,64.85,67.13,31.72,1,1,0.6603
729,107,89.6,23.47,31.51,25.75,1,1,1.0
729,108,676.27,164.05,126.01,55.62,1,1,0.3838
729,109,791.47,150.19,120.04,60.3,1,1,1.0
730,89,326.83,266.88,135.61,104.89,1,1,1.0
730,90,180.69,22.4,30.02,18.28,1,1,0.0
730,91,227.84,21.12,27.67,18.71,1,1,1.0
730,92,268.37,20.05,29.59,20.41,1,1,1.0
730,93,270.72,10.88,28.09,17.64,1,1,0.5345
730,94,177.07,74.88,153.53,135.19,1,1,1.0
730,95,429.23,180.69,109.16,69.7,1,1,1.0
730,96,333.01,29.23,40.9,28.31,1,1,0.6589
730,97,123.73,249.17,99.78,95.3,1,1,1.0
730,98,280.32,48.43,39.61,24.47,1,1,0.2278
730,99,314.45,40.96,42.39,28.31,1,1,0.9048
730,100,413.65,64.21,57.54,35.56,1,1,1.0
730,101,502.4,64.64,58.17,35.35,1,1,1.0
730,102,578.56,82.77,72.68,38.55,1,1,1.0
730,103,89.81,56.11,34.28,28.52,1,1,1.0
730,104,145.49,50.13,36.42,28.95,1,1,1.0
730,105,32.0,61.23,34.07,30.65,1,1,1.0
730,106,565.55,64.43,66.06,31.29,1,1,0.6677
730,107,90.67,24.53,31.72,26.17,1,1,1.0
730,108,665.6,161.49,122.17,54.98,1,1,0.3184
730,109,778.67,148.69,117.05,58.39,1,1,1.0
731,89,333.87,273.07,139.66,108.73,1,1,1.0
731,90,179.2,22.4,29.8,18.07,1,1,0.0268
731,91,226.13,21.33,27.67,18.07,1,1,1.0
731,92,266.67,20.27,28.73,20.2,1,1,1.0
731,93,268.8,10.67,27.67,18.07,1,1,0.5495
731,94,180.27,76.8,155.66,136.47,1,1,1.0
731,95,437.33,185.6,111.94,70.33,1,1,1.0
731,96,330.67,29.87,40.46,27.67,1,1,0.6609
731,97,126.93,256.0,102.34,98.07,1,1,1.0
731,98,278.4,48.0,38.33,25.53,1,1,0.2559
731,99,311.47,40.53,41.53,28.73,1,1,0.9063
731,100,409.6,64.0,56.47,35.13,1,1,1.0
731,101,497.07,64.0,57.53,35.13,1,1,1.0
731,102,572.8,82.13,71.4,38.34,1,1,1.0
731,103,91.73,57.6,34.07,28.73,1,1,1.0
731,104,147.2,51.2,37.27,29.8,1,1,1.0
731,105,33.07,62.93,34.07,30.87,1,1,1.0
731,106,558.93,64.0,65.0,30.87,1,1,0.6755
731,107,91.73,25.6,31.94,26.6,1,1,1.0
731,108,654.93,158.93,118.34,54.34,1,1,0.3498
731,109,765.87,147.2,114.06,56.47,1,1,1.0
731,110,878.93,144.0,82.07,54.33,1,1,1.0
732,89,343.04,280.96,143.93,112.36,1,1,1.0
732,90,177.49,22.19,29.59,17.85,1,1,0.0199
732,91,224.21,21.12,27.67,17.85,1,1,1.0
732,92,264.32,20.05,29.16,19.99,1,1,1.0
732,93,266.45,10.88,27.67,17.64,1,1,0.5311
732,94,183.04,78.08,159.29,139.67,1,1,1.0
732,95,447.15,190.51,116.2,73.53,1,1,1.0
732,96,328.75,29.44,39.61,27.03,1,1,0.6836
732,97,131.2,264.96,105.11,101.27,1,1,1.0
732,98,274.99,47.57,38.97,24.89,1,1,0.2774
732,99,308.69,40.53,41.32,27.67,1,1,0.9049
732,100,405.55,62.93,55.4,34.92,1,1,1.0
732,101,492.59,63.79,56.89,34.49,1,1,1.0
732,102,567.68,81.07,70.33,37.48,1,1,1.0
732,103,93.01,59.09,34.71,28.52,1,1,1.0
732,104,149.12,52.27,37.27,29.59,1,1,1.0
732,105,34.35,64.64,34.28,30.44,1,1,1.0
732,106,552.96,62.93,63.93,30.44,1,1,0.6888
732,107,93.23,26.24,32.36,26.17,1,1,1.0
732,108,645.33,155.73,114.92,52.84,1,1,0.3681
732,109,754.77,144.0,113.0,56.04,1,1,1.0
732,110,866.13,140.37,94.87,54.34,1,1,1.0
733,89,352.21,288.85,148.2,115.99,1,1,1.0
733,90,175.79,21.97,29.37,17.64,1,1,0.0484
733,91,222.29,20.91,27.67,17.64,1,1,1.0
733,92,261.97,19.84,29.59,19.77,1,1,1.0
733,93,264.11,11.09,27.66,17.21,1,1,0.5119
733,94,185.81,79.36,162.92,142.87,1,1,1.0
733,95,456.96,195.41,120.47,76.74,1,1,1.0
733,96,326.83,29.01,38.76,26.39,1,1,0.7064
733,97,135.47,273.92,107.88,104.47,1,1,1.0
733,98,271.57,47.15,39.62,24.25,1,1,0.2289
733,99,305.92,40.53,41.11,26.6,1,1,0.9037
733,100,401.49,61.87,54.34,34.71,1,1,1.0
733,101,488.11,63.57,56.25,33.85,1,1,1.0
733,102,562.56,80.0,69.27,36.63,1,1,1.0
733,103,94.29,60.59,35.35,28.31,1,1,1.0
733,104,151.04,53.33,37.27,29.37,1,1,1.0
733,105,35.63,66.35,34.49,30.01,1,1,1.0
733,106,546.99,61.87,62.86,30.01,1,1,0.7022
733,107,94.72,26.88,32.79,25.75,1,1,1.0
733,108,635.73,152.53,111.51,51.35,1,1,0.3551
733,109,743.68,140.8,111.93,55.61,1,1,1.0
733,110,853.33,136.75,107.67,54.33,1,1,1.0
734,89,361.39,296.75,152.46,119.61,1,1,1.0
734,90,174.08,21.76,29.16,17.43,1,1,0.0325
734,91,220.37,20.69,27.67,17.43,1,1,1.0
734,92,259.63,19.63,30.01,19.56,1,1,1.0
734,93,261.76,11.31,27.67,16.79,1,1,0.4957
734,94,188.59,80.64,166.54,146.07,1,1,1.0
734,95,466.77,200.32,124.74,79.93,1,1,1.0
734,96,324.91,28.59,37.9,25.75,1,1,0.7295
734,97,139.73,282.88,110.66,107.67,1,1,1.0
734,98,268.16,46.72,40.25,23.61,1,1,0.1389
734,99,303.15,40.53,40.89,25.53,1,1,0.9025
734,100,397.44,60.8,53.27,34.49,1,1,1.0
734,101,483.63,63.36,55.61,33.21,1,1,1.0
734,102,557.44,78.93,68.2,35.78,1,1,1.0
734,103,95.57,62.08,35.99,28.09,1,1,1.0
734,104,152.96,54.4,37.27,29.16,1,1,1.0
734,105,36.91,68.05,34.71,29.59,1,1,1.0
734,106,541.01,60.8,61.8,29.59,1,1,0.7158
734,107,96.21,27.52,33.22,25.32,1,1,1.0
734,108,626.13,149.33,108.1,49.86,1,1,0.3947
734,109,732.59,137.6,110.86,55.19,1,1,1.0
734,110,840.53,133.12,103.62,54.33,1,1,1.0
735,89,370.56,304.64,156.73,123.24,1,1,1.0
735,90,172.37,21.55,28.95,17.21,1,1,0.0371
735,91,218.45,20.48,27.67,17.21,1,1,1.0
735,92,257.28,19.41,30.44,19.35,1,1,1.0
735,93,259.41,11.52,27.67,16.36,1,1,0.4825
735,94,191.36,81.92,170.17,149.27,1,1,1.0
735,95,476.59,205.23,129.0,83.13,1,1,1.0
735,96,322.99,28.16,37.05,25.11,1,1,0.7528
735,97,144.0,291.84,113.43,110.87,1,1,1.0
735,98,264.75,46.29,40.89,22.97,1,1,0.1859
735,99,300.37,40.53,40.68,24.47,1,1,0.901
735,100,393.39,59.73,52.2,34.28,1,1,1.0
735,101,479.15,63.15,54.97,32.57,1,1,1.0
735,102,552.32,77.87,67.13,34.92,1,1,1.0
735,103,96.85,63.57,36.63,27.88,1,1,1.0
735,104,154.88,55.47,37.27,28.95,1,1,1.0
735,105,38.19,69.76,34.92,29.16,1,1,1.0
735,106,535.04,59.73,60.73,29.16,1,1,0.7295
735,107,97.71,28.16,33.64,24.89,1,1,1.0
735,108,616.53,146.13,104.68,48.36,1,1,0.419
735,109,721.49,134.4,109.8,54.76,1,1,1.0
735,110,827.73,129.49,106.18,54.34,1,1,1.0
736,89,379.73,312.53,161.0,126.87,1,1,1.0
736,90,170.67,21.33,28.73,17.0,1,1,0.0526
736,91,216.53,20.27,27.67,17.0,1,1,1.0
736,92,254.93,19.2,30.87,19.13,1,1,1.0
736,93,257.07,11.73,27.66,15.93,1,1,0.4686
736,94,194.13,83.2,173.8,152.47,1,1,1.0
736,95,486.4,210.13,133.27,86.34,1,1,1.0
736,96,321.07,27.73,36.2,24.47,1,1,0.7761
736,97,148.27,300.8,116.2,114.07,1,1,1.0
736,98,261.33,45.87,41.54,22.33,1,1,0.1101
736,99,297.6,40.53,40.47,23.4,1,1,0.8995
736,100,389.33,58.67,51.14,34.07,1,1,1.0
736,101,474.67,62.93,54.33,31.93,1,1,1.0
736,102,547.2,76.8,66.07,34.07,1,1,1.0
736,103,98.13,65.07,37.27,27.67,1,1,1.0
736,104,156.8,56.53,37.27,28.73,1,1,1.0
736,105,39.47,71.47,35.13,28.73,1,1,1.0
736,106,529.07,58.67,59.66,28.73,1,1,0.7432
736,107,99.2,28.8,34.07,24.47,1,1,1.0
736,108,606.93,142.93,101.27,46.87,1,1,0.4161
736,109,710.4,131.2,108.73,54.33,1,1,1.0
736,110,814.93,125.87,108.74,54.33,1,1,1.0
736,111,49.07,24.53,23.4,26.6,1,1,1.0
736,112,1.0,37.33,22.4,15.93,1,1,0.9135
736,113,1.0,51.2,14.93,21.27,1,1,1.0
737,89,390.83,322.56,167.18,131.99,1,1,1.0
737,90,168.96,21.12,28.31,16.79,1,1,0.0963
737,91,214.83,19.63,27.24,17.43,1,1,1.0
737,92,253.23,18.99,30.54,19.13,1,1,1.0
737,93,255.15,11.31,27.45,16.36,1,1,0.4694
737,94,197.76,85.55,177.43,155.24,1,1,1.0
737,95,498.77,216.11,137.11,88.46,1,1,1.0
737,96,317.87,27.09,36.41,24.47,1,1,0.7722
737,97,153.39,311.04,122.38,120.47,1,1,1.0
737,98,258.56,45.23,40.68,21.69,1,1,0.133
737,99,294.83,39.47,39.82,23.61,1,1,0.9163
737,100,384.85,57.6,51.14,34.07,1,1,1.0
737,101,469.76,61.44,53.69,31.93,1,1,1.0
737,102,542.08,75.95,65.21,33.64,1,1,1.0
737,103,99.63,65.92,37.48,28.31,1,1,1.0
737,104,158.51,57.81,38.12,28.31,1,1,1.0
737,105,40.32,72.32,35.99,30.01,1,1,1.0
737,106,522.24,57.39,59.67,29.16,1,1,0.7399
737,107,100.05,29.44,34.07,24.25,1,1,1.0
737,108,597.55,140.8,99.56,46.01,1,1,0.4277
737,109,700.16,129.28,107.03,53.48,1,1,1.0
737,110,803.2,123.95,106.39,53.26,1,1,1.0
737,111,49.28,25.17,23.83,26.39,1,1,1.0
737,112,1.0,37.55,23.04,16.57,1,1,0.8911
737,113,1.0,51.41,15.36,21.69,1,1,1.0
738,89,401.92,332.59,173.37,137.1,1,1,1.0
738,90,167.25,20.91,27.88,16.57,1,1,0.1235
738,91,213.12,18.99,26.81,17.85,1,1,1.0
738,92,251.52,18.77,30.23,19.13,1,1,1.0
738,93,253.23,10.88,27.24,16.79,1,1,0.4702
738,94,201.39,87.89,181.05,158.02,1,1,1.0
738,95,511.15,222.08,140.94,90.6,1,1,1.0
738,96,314.67,26.45,36.62,24.47,1,1,0.7685
738,97,158.51,321.28,128.57,126.87,1,1,1.0
738,98,255.79,44.59,39.82,21.05,1,1,0.1161
738,99,292.05,38.4,39.19,23.83,1,1,0.9327
738,100,380.37,56.53,51.14,34.07,1,1,1.0
738,101,464.85,59.95,53.06,31.93,1,1,1.0
738,102,536.96,75.09,64.36,33.22,1,1,1.0
738,103,101.12,66.77,37.69,28.95,1,1,1.0
738,104,160.21,59.09,38.98,27.88,1,1,1.0
738,105,41.17,73.17,36.84,31.3,1,1,1.0
738,106,515.41,56.11,59.67,29.59,1,1,0.7347
738,107,100.91,30.08,34.06,24.04,1,1,1.0
738,108,588.16,138.67,97.85,45.16,1,1,0.3598
738,109,689.92,127.36,105.32,52.63,1,1,1.0
738,110,791.47,122.03,104.04,52.2,1,1,1.0
738,111,49.49,25.81,24.25,26.17,1,1,1.0
738,112,1.0,37.76,23.68,17.21,1,1,0.8704
738,113,1.0,51.63,15.79,22.12,1,1,1.0
739,89,413.01,342.61,179.56,142.23,1,1,1.0
739,90,165.55,20.69,27.45,16.36,1,1,0.0196
739,91,211.41,18.35,26.39,18.28,1,1,1.0
739,92,249.81,18.56,29.91,19.13,1,1,1.0
739,93,251.31,10.45,27.02,17.21,1,1,0.471
739,94,205.01,90.24,184.68,160.79,1,1,1.0
739,95,523.52,228.05,144.79,92.74,1,1,1.0
739,96,311.47,25.81,36.84,24.47,1,1,0.765
739,97,163.63,331.52,134.76,133.27,1,1,1.0
739,98,253.01,43.95,38.98,20.41,1,1,0.1234
739,99,289.28,37.33,38.55,24.04,1,1,0.949
739,100,375.89,55.47,51.14,34.07,1,1,1.0
739,101,459.95,58.45,52.41,31.93,1,1,1.0
739,102,531.84,74.24,63.51,32.79,1,1,1.0
739,103,102.61,67.63,37.91,29.59,1,1,1.0
739,104,161.92,60.37,39.83,27.45,1,1,1.0
739,105,42.03,74.03,37.69,32.57,1,1,1.0
739,106,508.59,54.83,59.66,30.01,1,1,0.7289
739,107,101.76,30.72,34.07,23.83,1,1,1.0
739,108,578.77,136.53,96.15,44.31,1,1,0.384
739,109,679.68,125.44,103.61,51.77,1,1,1.0
739,110,779.73,120.11,101.7,51.13,1,1,1.0
739,111,49.71,26.45,24.68,25.96,1,1,1.0
739,112,1.0,37.97,24.32,17.85,1,1,0.8511
739,113,1.0,51.84,16.21,22.55,1,1,1.0
740,89,424.11,352.64,185.74,147.35,1,1,1.0
740,90,163.84,20.48,27.03,16.15,1,1,0.0059
740,91,209.71,17.71,25.96,18.71,1,1,1.0
740,92,248.11,18.35,29.58,19.13,1,1,1.0
740,93,249.39,10.03,26.81,17.64,1,1,0.4717
740,94,208.64,92.59,188.31,163.56,1,1,1.0
740,95,535.89,234.03,148.63,94.86,1,1,1.0
740,96,308.27,25.17,37.05,24.47,1,1,0.7619
740,97,168.75,341.76,140.94,139.67,1,1,1.0
740,98,250.24,43.31,38.12,19.77,1,1,0.0391
740,99,286.51,36.27,37.9,24.25,1,1,0.9654
740,100,371.41,54.4,51.14,34.07,1,1,1.0
740,101,455.04,56.96,51.77,31.93,1,1,1.0
740,102,526.72,73.39,62.65,32.36,1,1,1.0
740,103,104.11,68.48,38.12,30.23,1,1,1.0
740,104,163.63,61.65,40.68,27.03,1,1,1.0
740,105,42.88,74.88,38.55,33.85,1,1,1.0
740,106,501.76,53.55,59.67,30.44,1,1,0.7223
740,107,102.61,31.36,34.07,23.61,1,1,1.0
740,108,569.39,134.4,94.44,43.45,1,1,0.338
740,109,669.44,123.52,101.91,50.92,1,1,1.0
740,110,768.0,118.19,99.35,50.06,1,1,1.0
740,111,49.92,27.09,25.11,25.75,1,1,1.0
740,112,1.0,38.19,24.96,18.49,1,1,0.8332
740,113,1.0,52.05,16.64,22.97,1,1,1.0
741,89,435.2,362.67,191.93,152.46,1,1,1.0
741,90,162.13,20.27,26.6,15.93,1,1,0.0
741,91,208.0,17.07,25.53,19.13,1,1,1.0
741,92,246.4,18.13,29.27,19.13,1,1,1.0
741,93,247.47,9.6,26.6,18.07,1,1,0.4723
741,94,212.27,94.93,191.93,166.34,1,1,1.0
741,95,548.27,240.0,152.46,97.0,1,1,1.0
741,96,305.07,24.53,37.26,24.47,1,1,0.7589
741,97,173.87,352.0,147.13,146.07,1,1,1.0
741,98,247.47,42.67,37.26,19.13,1,1,0.0829
741,99,283.73,35.2,37.27,24.47,1,1,1.0
741,100,366.93,53.33,51.14,34.07,1,1,1.0
741,101,450.13,55.47,51.14,31.93,1,1,1.0
741,102,521.6,72.53,61.8,31.94,1,1,1.0
741,103,105.6,69.33,38.33,30.87,1,1,1.0
741,104,165.33,62.93,41.54,26.6,1,1,1.0
741,105,43.73,75.73,39.4,35.14,1,1,1.0
741,106,494.93,52.27,59.67,30.87,1,1,0.7148
741,107,103.47,32.0,34.06,23.4,1,1,1.0
741,108,560.0,132.27,92.73,42.6,1,1,0.3496
741,109,659.2,121.6,100.2,50.07,1,1,1.0
741,110,756.27,116.27,97.0,49.0,1,1,1.0
741,111,50.13,27.73,25.53,25.53,1,1,1.0
741,112,1.0,38.4,25.6,19.13,1,1,0.8165
741,113,1.0,52.27,17.07,23.4,1,1,1.0
741,114,1.0,87.47,14.93,29.8,1,1,1.0
741,115,919.47,177.07,41.53,72.46,1,1,1.0
742,89,449.49,373.97,200.68,155.67,1,1,1.0
742,90,160.85,20.27,26.39,15.51,1,1,0.0527
742,91,206.08,16.64,25.75,19.56,1,1,1.0
742,92,244.69,17.92,28.95,19.13,1,1,1.0
742,93,245.55,9.6,26.17,17.85,1,1,0.466
742,94,215.89,97.07,196.63,170.17,1,1,1.0
742,95,562.99,246.83,159.5,101.05,1,1,1.0
742,96,302.51,24.32,37.05,24.25,1,1,0.7724
742,97,181.33,366.72,153.11,145.21,1,1,1.0
742,98,245.76,42.24,36.63,19.35,1,1,0.0367
742,99,280.75,35.2,37.05,24.04,1,1,0.9687
742,100,363.09,52.91,50.71,33.0,1,1,1.0
742,101,445.87,55.04,50.7,31.08,1,1,1.0
742,102,516.69,71.47,61.59,32.14,1,1,1.0
742,103,107.09,70.61,38.98,31.3,1,1,1.0
742,104,167.04,63.57,41.96,27.67,1,1,1.0
742,105,45.01,77.44,39.83,34.92,1,1,1.0
742,106,491.09,51.84,58.39,30.23,1,1,0.7192
742,107,104.75,32.64,33.85,24.04,1,1,1.0
742,108,552.32,129.92,90.81,42.17,1,1,0.2875
742,109,650.45,119.68,98.5,49.21,1,1,1.0
742,110,746.67,114.56,94.86,48.57,1,1,1.0
742,111,51.2,28.37,25.53,25.96,1,1,1.0
742,112,1.0,39.04,26.24,19.35,1,1,0.8066
742,113,1.0,52.91,17.92,23.83,1,1,1.0
742,114,1.0,88.53,15.36,30.66,1,1,1.0
742,115,903.47,171.73,57.53,76.52,1,1,1.0
743,89,463.79,385.28,209.42,155.72,1,1,1.0
743,90,159.57,20.27,26.18,15.08,1,1,0.067
743,91,204.16,16.21,25.96,19.99,1,1,1.0
743,92,242.99,17.71,28.62,19.13,1,1,1.0
743,93,243.63,9.6,25.74,17.64,1,1,0.4596
743,94,219.52,99.2,201.32,174.01,1,1,1.0
743,95,577.71,253.65,166.54,105.11,1,1,1.0
743,96,299.95,24.11,36.84,24.04,1,1,0.7858
743,97,188.8,381.44,159.08,144.36,1,1,1.0
743,98,244.05,41.81,35.99,19.56,1,1,0.0286
743,99,277.76,35.2,36.84,23.61,1,1,0.9554
743,100,359.25,52.48,50.28,31.93,1,1,1.0
743,101,441.6,54.61,50.28,30.23,1,1,1.0
743,102,511.79,70.4,61.37,32.36,1,1,1.0
743,103,108.59,71.89,39.61,31.72,1,1,1.0
743,104,168.75,64.21,42.38,28.73,1,1,1.0
743,105,46.29,79.15,40.25,34.7,1,1,1.0
743,106,487.25,51.41,57.11,29.59,1,1,0.7234
743,107,106.03,33.28,33.64,24.68,1,1,1.0
743,108,544.64,127.57,88.89,41.75,1,1,0.3095
743,109,641.71,117.76,96.78,48.36,1,1,1.0
743,110,737.07,112.85,92.73,48.15,1,1,1.0
743,111,52.27,29.01,25.53,26.39,1,1,1.0
743,112,1.0,39.68,26.88,19.56,1,1,0.7967
743,113,1.0,53.55,18.77,24.25,1,1,1.0
743,114,1.0,89.6,15.79,31.51,1,1,1.0
743,115,887.47,166.4,73.53,80.57,1,1,1.0
744,89,478.08,396.59,218.17,144.41,1,1,1.0
744,90,158.29,20.27,25.96,14.65,1,1,0.0
744,91,202.24,15.79,26.17,20.41,1,1,1.0
744,92,241.28,17.49,28.31,19.13,1,1,1.0
744,93,241.71,9.6,25.32,17.43,1,1,0.4529
744,94,223.15,101.33,206.01,177.86,1,1,1.0
744,95,592.43,260.48,173.58,109.16,1,1,1.0
744,96,297.39,23.89,36.62,23.83,1,1,0.799
744,97,196.27,396.16,165.05,144.84,1,1,1.0
744,98,242.35,41.39,35.34,19.77,1,1,0.0579
744,99,274.77,35.2,36.63,23.19,1,1,0.9416
744,100,355.41,52.05,49.86,30.87,1,1,1.0
744,101,437.33,54.19,49.86,29.37,1,1,1.0
744,102,506.88,69.33,61.16,32.58,1,1,1.0
744,103,110.08,73.17,40.25,32.15,1,1,1.0
744,104,170.45,64.85,42.82,29.8,1,1,1.0
744,105,47.57,80.85,40.68,34.5,1,1,1.0
744,106,483.41,50.99,55.83,28.95,1,1,0.7275
744,107,107.31,33.92,33.42,25.32,1,1,1.0
744,108,536.96,125.23,86.97,41.32,1,1,0.3173
744,109,632.96,115.84,95.08,47.51,1,1,1.0
744,110,727.47,111.15,90.6,47.72,1,1,1.0
744,111,53.33,29.65,25.53,26.81,1,1,1.0
744,112,1.0,40.32,27.52,19.77,1,1,0.787
744,113,1.0,54.19,19.63,24.68,1,1,1.0
744,114,1.0,90.67,16.21,32.36,1,1,1.0
744,115,871.47,161.07,89.53,84.62,1,1,1.0
745,89,492.37,407.89,226.92,133.11,1,1,1.0
745,90,157.01,20.27,25.75,14.23,1,1,0.0384
745,91,200.32,15.36,26.39,20.84,1,1,1.0
745,92,239.57,17.28,27.99,19.13,1,1,1.0
745,93,239.79,9.6,24.89,17.21,1,1,0.4462
745,94,226.77,103.47,210.71,181.69,1,1,1.0
745,95,607.15,267.31,180.62,113.21,1,1,1.0
745,96,294.83,23.68,36.41,23.61,1,1,0.8119
745,97,203.73,410.88,171.03,130.12,1,1,1.0
745,98,240.64,40.96,34.71,19.99,1,1,0.0616
745,99,271.79,35.2,36.41,22.76,1,1,0.927
745,100,351.57,51.63,49.43,29.8,1,1,1.0
745,101,433.07,53.76,49.42,28.52,1,1,1.0
745,102,501.97,68.27,60.95,32.78,1,1,1.0
745,103,111.57,74.45,40.9,32.58,1,1,1.0
745,104,172.16,65.49,43.24,30.87,1,1,1.0
745,105,48.85,82.56,41.11,34.28,1,1,1.0
745,106,479.57,50.56,54.55,28.31,1,1,0.7318
745,107,108.59,34.56,33.21,25.96,1,1,1.0
745,108,529.28,122.88,85.05,40.89,1,1,0.3266
745,109,624.21,113.92,93.38,46.65,1,1,1.0
745,110,717.87,109.44,88.46,47.29,1,1,1.0
745,111,54.4,30.29,25.53,27.24,1,1,1.0
745,112,1.0,40.96,28.16,19.99,1,1,0.7773
745,113,1.0,54.83,20.48,25.11,1,1,1.0
745,114,1.0,91.73,16.64,33.22,1,1,1.0
745,115,855.47,155.73,105.53,88.68,1,1,1.0
746,89,506.67,419.2,235.66,121.8,1,1,1.0
746,90,155.73,20.27,25.54,13.8,1,1,0.0211
746,91,198.4,14.93,26.6,21.27,1,1,1.0
746,92,237.87,17.07,27.66,19.13,1,1,1.0
746,93,237.87,9.6,24.46,17.0,1,1,0.4392
746,94,230.4,105.6,215.4,185.53,1,1,1.0
746,95,621.87,274.13,187.66,117.27,1,1,1.0
746,96,292.27,23.47,36.2,23.4,1,1,0.8247
746,97,211.2,425.6,177.0,115.4,1,1,1.0
746,98,238.93,40.53,34.07,20.2,1,1,0.0314
746,99,268.8,35.2,36.2,22.33,1,1,0.9117
746,100,347.73,51.2,49.0,28.73,1,1,1.0
746,101,428.8,53.33,49.0,27.67,1,1,1.0
746,102,497.07,67.2,60.73,33.0,1,1,1.0
746,103,113.07,75.73,41.53,33.0,1,1,1.0
746,104,173.87,66.13,43.66,31.93,1,1,1.0
746,105,50.13,84.27,41.53,34.06,1,1,1.0
746,106,475.73,50.13,53.27,27.67,1,1,0.736
746,107,109.87,35.2,33.0,26.6,1,1,1.0
746,108,521.6,120.53,83.13,40.47,1,1,0.2869
746,109,615.47,112.0,91.66,45.8,1,1,1.0
746,110,708.27,107.73,86.33,46.87,1,1,1.0
746,111,55.47,30.93,25.53,27.67,1,1,1.0
746,112,1.0,41.6,28.8,20.2,1,1,0.7678
746,113,1.0,55.47,21.33,25.53,1,1,1.0
746,114,1.0,92.8,17.07,34.07,1,1,1.0
746,115,839.47,150.4,121.53,92.73,1,1,1.0
747,89,527.15,436.05,225.42,104.95,1,1,1.0
747,91,196.69,15.57,26.18,20.2,1,1,1.0
747,92,236.37,17.07,27.03,18.71,1,1,1.0
747,93,235.95,9.39,24.46,16.57,1,1,0.4726
747,94,234.88,107.52,222.23,190.23,1,1,1.0
747,95,641.07,283.52,197.69,122.17,1,1,1.0
747,96,290.13,23.25,36.2,23.83,1,1,0.8305
747,98,236.37,40.11,34.07,20.2,1,1,0.0
747,99,266.67,34.77,35.34,22.33,1,1,0.9188
747,100,344.53,50.13,47.94,29.59,1,1,1.0
747,101,425.39,52.91,48.14,27.67,1,1,1.0
747,102,493.23,66.56,59.66,32.36,1,1,1.0
747,103,114.56,77.23,42.17,33.0,1,1,1.0
747,104,176.21,67.63,44.52,32.15,1,1,1.0
747,105,51.63,85.97,41.96,34.92,1,1,1.0
747,106,470.83,49.49,52.2,27.45,1,1,0.9547
747,107,110.72,35.84,34.07,27.24,1,1,1.0
747,108,514.56,118.83,82.07,40.04,1,1,0.279
747,109,607.79,110.51,90.17,45.16,1,1,1.0
747,110,699.31,105.81,84.62,46.02,1,1,1.0
747,111,56.11,31.57,25.96,28.09,1,1,1.0
747,112,1.0,42.45,29.44,20.41,1,1,0.748
747,113,1.0,56.11,22.4,26.17,1,1,1.0
747,114,1.0,93.87,17.92,34.7,1,1,1.0
747,115,826.67,146.77,134.33,91.88,1,1,1.0
748,89,547.63,452.91,215.18,88.09,1,1,1.0
748,91,194.99,16.21,25.74,19.13,1,1,1.0
748,92,234.88,17.07,26.39,18.28,1,1,1.0
748,93,234.03,9.17,24.46,16.15,1,1,0.5066
748,94,239.36,109.44,229.05,194.92,1,1,1.0
748,95,660.27,292.91,207.72,127.08,1,1,1.0
748,96,288.0,23.04,36.2,24.25,1,1,0.8374
748,98,233.81,39.68,34.07,20.2,1,1,0.0213
748,99,264.53,34.35,34.5,22.33,1,1,0.9261
748,100,341.33,49.07,46.87,30.44,1,1,1.0
748,101,421.97,52.48,47.3,27.67,1,1,1.0
748,102,489.39,65.92,58.6,31.72,1,1,1.0
748,103,116.05,78.72,42.82,33.0,1,1,1.0
748,104,178.56,69.12,45.37,32.36,1,1,1.0
748,105,53.12,87.68,42.39,35.77,1,1,1.0
748,106,465.92,48.85,51.13,27.24,1,1,0.9432
748,107,111.57,36.48,35.14,27.88,1,1,1.0
748,108,507.52,117.12,81.0,39.61,1,1,0.279
748,109,600.11,109.01,88.68,44.52,1,1,1.0
748,110,690.35,103.89,82.92,45.16,1,1,1.0
748,111,56.75,32.21,26.39,28.52,1,1,1.0
748,112,1.0,43.31,30.08,20.63,1,1,0.7282
748,113,1.0,56.75,23.47,26.81,1,1,1.0
748,114,1.0,94.93,18.77,35.35,1,1,1.0
748,115,813.87,143.15,147.13,91.02,1,1,1.0
749,89,568.11,469.76,204.94,71.24,1,1,1.0
749,91,193.28,16.85,25.32,18.07,1,1,1.0
749,92,233.39,17.07,25.74,17.85,1,1,1.0
749,93,232.11,8.96,24.46,15.72,1,1,0.5411
749,94,243.84,111.36,235.88,199.61,1,1,1.0
749,95,679.47,302.29,217.74,131.99,1,1,1.0
749,96,285.87,22.83,36.2,24.68,1,1,0.8453
749,98,231.25,39.25,34.07,20.2,1,1,0.0889
749,99,262.4,33.92,33.64,22.33,1,1,0.9339
749,100,338.13,48.0,45.8,31.29,1,1,1.0
749,101,418.56,52.05,46.44,27.67,1,1,1.0
749,102,485.55,65.28,57.53,31.08,1,1,1.0
749,103,117.55,80.21,43.45,33.0,1,1,1.0
749,104,180.91,70.61,46.22,32.58,1,1,1.0
749,105,54.61,89.39,42.81,36.62,1,1,1.0
749,106,461.01,48.21,50.07,27.03,1,1,0.9316
749,107,112.43,37.12,36.2,28.52,1,1,1.0
749,108,500.48,115.41,79.93,39.19,1,1,0.2192
749,109,592.43,107.52,87.18,43.88,1,1,1.0
749,110,681.39,101.97,81.21,44.31,1,1,1.0
749,111,57.39,32.85,26.81,28.95,1,1,1.0
749,112,1.0,44.16,30.72,20.84,1,1,0.7083
749,113,1.0,57.39,24.53,27.45,1,1,1.0
749,114,1.0,96.0,19.63,35.99,1,1,1.0
749,115,801.07,139.52,140.52,90.17,1,1,1.0
750,89,588.59,486.61,194.7,54.39,1,1,1.0
750,91,191.57,17.49,24.9,17.0,1,1,1.0
750,92,231.89,17.07,25.11,17.43,1,1,1.0
750,93,230.19,8.75,24.46,15.29,1,1,0.5757
750,94,248.32,113.28,242.71,204.31,1,1,1.0
750,95,698.67,311.68,227.77,136.89,1,1,1.0
750,96,283.73,22.61,36.2,25.11,1,1,0.8541
750,98,228.69,38.83,34.07,20.2,1,1,0.0594
750,99,260.27,33.49,32.78,22.33,1,1,0.9422
750,100,334.93,46.93,44.74,32.15,1,1,1.0
750,101,415.15,51.63,45.58,27.67,1,1,1.0
750,102,481.71,64.64,56.46,30.44,1,1,1.0
750,103,119.04,81.71,44.09,33.0,1,1,1.0
750,104,183.25,72.11,47.08,32.78,1,1,1.0
750,105,56.11,91.09,43.24,37.48,1,1,1.0
750,106,456.11,47.57,49.0,26.81,1,1,0.92
750,107,113.28,37.76,37.27,29.16,1,1,1.0
750,108,493.44,113.71,78.87,38.76,1,1,0.2195
750,109,584.75,106.03,85.69,43.24,1,1,1.0
750,110,672.43,100.05,79.5,43.46,1,1,1.0
750,111,58.03,33.49,27.24,29.37,1,1,1.0
750,112,1.0,45.01,31.36,21.05,1,1,0.6883
750,113,1.0,58.03,25.6,28.09,1,1,1.0
750,114,1.0,97.07,20.48,36.62,1,1,1.0
750,115,788.27,135.89,142.22,89.32,1,1,1.0
751,89,609.07,503.47,184.46,37.53,1,1,1.0
751,91,189.87,18.13,24.46,15.93,1,1,1.0
751,92,230.4,17.07,24.47,17.0,1,1,1.0
751,93,228.27,8.53,24.46,14.87,1,1,0.6111
751,94,252.8,115.2,249.53,209.0,1,1,1.0
751,95,717.87,321.07,243.13,141.8,1,1,1.0
751,96,281.6,22.4,36.2,25.53,1,1,0.8638
751,98,226.13,38.4,34.07,20.2,1,1,0.0
751,99,258.13,33.07,31.94,22.33,1,1,0.9507
751,100,331.73,45.87,43.67,33.0,1,1,1.0
751,101,411.73,51.2,44.74,27.67,1,1,1.0
751,102,477.87,64.0,55.4,29.8,1,1,1.0
751,103,120.53,83.2,44.74,33.0,1,1,1.0
751,104,185.6,73.6,47.93,33.0,1,1,1.0
751,105,57.6,92.8,43.67,38.33,1,1,1.0
751,106,451.2,46.93,47.93,26.6,1,1,0.9077
751,107,114.13,38.4,38.34,29.8,1,1,1.0
751,108,486.4,112.0,77.8,38.33,1,1,0.2087
751,109,577.07,104.53,84.2,42.6,1,1,1.0
751,110,663.47,98.13,77.8,42.6,1,1,1.0
751,111,58.67,34.13,27.67,29.8,1,1,1.0
751,112,1.0,45.87,32.0,21.27,1,1,0.6682
751,113,1.0,58.67,26.67,28.73,1,1,1.0
751,114,1.0,98.13,21.33,37.27,1,1,1.0
751,115,775.47,132.27,143.93,88.46,1,1,1.0
751,116,825.6,218.67,135.4,59.66,1,1,0.2257
752,91,188.37,17.71,24.26,16.15,1,1,1.0
752,92,228.69,16.43,24.47,17.21,1,1,1.0
752,94,257.92,117.97,256.57,215.4,1,1,1.0
752,95,744.11,335.36,216.89,136.89,1,1,1.0
752,96,278.83,22.4,36.41,24.47,1,1,0.8547
752,98,224.0,37.97,33.85,19.99,1,1,0.0014
752,99,255.36,32.64,32.57,22.12,1,1,0.942
752,100,328.32,45.87,43.45,31.93,1,1,1.0
752,101,407.89,50.35,44.52,27.45,1,1,1.0
752,102,473.81,62.72,54.76,29.37,1,1,1.0
752,103,122.88,84.91,45.16,33.0,1,1,1.0
752,104,188.16,74.88,47.72,32.79,1,1,1.0
752,105,59.31,94.51,44.09,38.54,1,1,1.0
752,106,446.51,46.08,47.29,26.17,1,1,0.8956
752,107,116.05,39.25,37.91,29.59,1,1,1.0
752,108,481.28,110.93,75.45,36.84,1,1,0.1996
752,109,570.45,103.68,81.86,41.53,1,1,1.0
752,110,655.79,96.85,76.73,42.39,1,1,1.0
752,111,59.95,34.99,27.67,29.59,1,1,1.0
752,112,1.0,46.93,32.85,20.84,1,1,0.6743
752,113,1.0,59.73,27.73,28.95,1,1,1.0
752,114,1.0,99.63,21.97,37.05,1,1,1.0
752,115,763.09,129.92,141.59,86.76,1,1,1.0
752,116,811.95,214.4,149.05,57.75,1,1,0.3076
753,91,186.88,17.28,24.04,16.36,1,1,1.0
753,92,226.99,15.79,24.46,17.43,1,1,1.0
753,94,263.04,120.75,263.61,221.8,1,1,1.0
753,95,770.35,349.65,190.65,131.99,1,1,1.0
753,96,276.05,22.4,36.63,23.4,1,1,0.8454
753,98,221.87,37.55,33.64,19.77,1,1,0.0574
753,99,252.59,32.21,33.21,21.91,1,1,0.9335
753,100,324.91,45.87,43.24,30.87,1,1,1.0
753,101,404.05,49.49,44.31,27.24,1,1,1.0
753,102,469.76,61.44,54.12,28.95,1,1,1.0
753,103,125.23,86.61,45.58,33.0,1,1,1.0
753,104,190.72,76.16,47.51,32.57,1,1,1.0
753,105,61.01,96.21,44.52,38.76,1,1,1.0
753,106,441.81,45.23,46.66,25.75,1,1,0.8829
753,107,117.97,40.11,37.48,29.37,1,1,1.0
753,108,476.16,109.87,73.11,35.34,1,1,0.1824
753,109,563.84,102.83,79.51,40.46,1,1,1.0
753,110,648.11,95.57,75.66,42.18,1,1,1.0
753,111,61.23,35.84,27.67,29.37,1,1,1.0
753,112,1.0,48.0,33.71,20.41,1,1,0.6813
753,113,1.0,60.8,28.8,29.16,1,1,1.0
753,114,1.0,101.12,22.61,36.84,1,1,1.0
753,115,750.72,127.57,139.24,85.06,1,1,1.0
753,116,798.29,210.13,134.55,55.83,1,1,0.2699
754,91,185.39,16.85,23.82,16.57,1,1,1.0
754,92,225.28,15.15,24.47,17.64,1,1,1.0
754,94,268.16,123.52,270.65,228.2,1,1,1.0
754,95,796.59,363.95,164.41,127.08,1,1,1.0
754,96,273.28,22.4,36.84,22.33,1,1,0.8365
754,98,219.73,37.12,33.43,19.56,1,1,0.0573
754,99,249.81,31.79,33.86,21.69,1,1,0.9254
754,100,321.49,45.87,43.03,29.8,1,1,1.0
754,101,400.21,48.64,44.1,27.03,1,1,1.0
754,102,465.71,60.16,53.48,28.52,1,1,1.0
754,103,127.57,88.32,46.02,33.0,1,1,1.0
754,104,193.28,77.44,47.29,32.36,1,1,1.0
754,105,62.72,97.92,44.95,38.97,1,1,1.0
754,106,437.12,44.37,46.01,25.32,1,1,0.8701
754,107,119.89,40.96,37.06,29.16,1,1,1.0
754,108,471.04,108.8,70.76,33.85,1,1,0.2234
754,109,557.23,101.97,77.16,39.4,1,1,1.0
754,110,640.43,94.29,74.6,41.96,1,1,1.0
754,111,62.51,36.69,27.67,29.16,1,1,1.0
754,112,1.0,49.07,34.56,19.99,1,1,0.6893
754,113,1.0,61.87,29.87,29.37,1,1,1.0
754,114,1.0,102.61,23.25,36.63,1,1,1.0
754,115,738.35,125.23,136.89,83.34,1,1,1.0
754,116,784.64,205.87,130.92,53.9,1,1,0.252
755,91,183.89,16.43,23.62,16.79,1,1,1.0
755,92,223.57,14.51,24.47,17.85,1,1,1.0
755,94,273.28,126.29,277.69,234.6,1,1,1.0
755,95,822.83,378.24,138.17,122.17,1,1,1.0
755,96,270.51,22.4,37.05,21.27,1,1,0.8279
755,98,217.6,36.69,33.21,19.35,1,1,0.012
755,99,247.04,31.36,34.49,21.48,1,1,0.9178
755,100,318.08,45.87,42.81,28.73,1,1,1.0
755,101,396.37,47.79,43.88,26.81,1,1,1.0
755,102,461.65,58.88,52.84,28.09,1,1,1.0
755,103,129.92,90.03,46.44,33.0,1,1,1.0
755,104,195.84,78.72,47.08,32.15,1,1,1.0
755,105,64.43,99.63,45.37,39.18,1,1,1.0
755,106,432.43,43.52,45.37,24.89,1,1,0.8572
755,107,121.81,41.81,36.63,28.95,1,1,1.0
755,108,465.92,107.73,68.41,32.36,1,1,0.1947
755,109,550.61,101.12,74.82,38.33,1,1,1.0
755,110,632.75,93.01,73.53,41.75,1,1,1.0
755,111,63.79,37.55,27.67,28.95,1,1,1.0
755,112,1.0,50.13,35.41,19.56,1,1,0.6981
755,113,1.0,62.93,30.93,29.59,1,1,1.0
755,114,1.0,104.11,23.89,36.41,1,1,1.0
755,115,725.97,122.88,134.55,81.64,1,1,1.0
755,116,770.99,201.6,127.29,51.99,1,1,0.3223
756,91,182.4,16.0,23.4,17.0,1,1,1.0
756,92,221.87,13.87,24.46,18.07,1,1,1.0
756,94,278.4,129.07,284.73,241.0,1,1,1.0
756,95,849.07,392.53,111.93,117.27,1,1,1.0
756,96,267.73,22.4,37.27,20.2,1,1,0.8191
756,98,215.47,36.27,33.0,19.13,1,1,0.0366
756,99,244.27,30.93,35.13,21.27,1,1,0.9104
756,100,314.67,45.87,42.6,27.67,1,1,1.0
756,101,392.53,46.93,43.67,26.6,1,1,1.0
756,102,457.6,57.6,52.2,27.67,1,1,1.0
756,103,132.27,91.73,46.86,33.0,1,1,1.0
756,104,198.4,80.0,46.87,31.93,1,1,1.0
756,105,66.13,101.33,45.8,39.4,1,1,1.0
756,106,427.73,42.67,44.74,24.47,1,1,0.8437
756,107,123.73,42.67,36.2,28.73,1,1,1.0
756,108,460.8,106.67,66.07,30.86,1,1,0.2046
756,109,544.0,100.27,72.47,37.26,1,1,1.0
756,110,625.07,91.73,72.46,41.54,1,1,1.0
756,111,65.07,38.4,27.67,28.73,1,1,1.0
756,112,1.0,51.2,36.27,19.13,1,1,0.7079
756,113,1.0,64.0,32.0,29.8,1,1,1.0
756,114,1.0,105.6,24.53,36.2,1,1,1.0
756,115,713.6,120.53,132.2,79.94,1,1,1.0
756,116,757.33,197.33,123.67,50.07,1,1,0.3367
757,92,220.37,13.65,24.47,18.07,1,1,1.0
757,94,285.44,132.69,293.48,246.98,1,1,1.0
757,96,266.45,21.97,36.63,21.05,1,1,0.8347
757,98,213.55,35.84,32.78,19.13,1,1,0.022
757,99,242.35,30.51,34.28,21.05,1,1,0.9133
757,100,311.89,45.23,42.18,27.67,1,1,1.0
757,101,389.33,46.93,43.46,26.17,1,1,1.0
757,102,453.76,56.96,51.77,28.09,1,1,1.0
757,103,134.4,93.01,47.72,34.07,1,1,1.0
757,104,201.17,80.85,47.51,33.22,1,1,1.0
757,105,67.41,103.04,47.94,40.25,1,1,1.0
757,106,424.32,42.24,44.31,24.47,1,1,0.8455
757,107,125.23,43.31,37.05,28.95,1,1,1.0
757,108,454.61,104.53,65.86,31.3,1,1,0.1748
757,109,537.39,97.71,71.61,37.48,1,1,1.0
757,110,617.39,90.45,71.18,41.32,1,1,1.0
757,111,65.92,39.25,27.88,28.95,1,1,1.0
757,112,1.0,51.41,37.33,19.77,1,1,0.7181
757,113,1.0,64.85,32.85,29.8,1,1,1.0
757,114,1.0,106.88,25.39,36.84,1,1,1.0
757,115,702.72,118.19,130.07,78.22,1,1,1.0
757,116,742.4,192.85,122.39,49.86,1,1,0.3106
758,92,218.88,13.44,24.47,18.07,1,1,1.0
758,94,292.48,136.32,302.23,252.95,1,1,1.0
758,96,265.17,21.55,35.99,21.91,1,1,0.8528
758,98,211.63,35.41,32.57,19.13,1,1,0.0417
758,99,240.43,30.08,33.42,20.84,1,1,0.9161
758,100,309.12,44.59,41.75,27.67,1,1,1.0
758,101,386.13,46.93,43.24,25.75,1,1,1.0
758,102,449.92,56.32,51.35,28.52,1,1,1.0
758,103,136.53,94.29,48.58,35.14,1,1,1.0
758,104,203.95,81.71,48.14,34.49,1,1,1.0
758,105,68.69,104.75,50.07,41.1,1,1,1.0
758,106,420.91,41.81,43.88,24.47,1,1,0.8475
758,107,126.72,43.95,37.91,29.16,1,1,1.0
758,108,448.43,102.4,65.64,31.72,1,1,0.2396
758,109,530.77,95.15,70.76,37.69,1,1,1.0
758,110,609.71,89.17,69.9,41.11,1,1,1.0
758,111,66.77,40.11,28.09,29.16,1,1,1.0
758,112,1.0,51.63,38.4,20.41,1,1,0.7277
758,113,1.0,65.71,33.71,29.8,1,1,1.0
758,114,1.0,108.16,26.24,37.48,1,1,1.0
758,115,691.84,115.84,127.93,76.52,1,1,1.0
758,116,727.47,188.37,121.1,49.64,1,1,0.3351
759,92,217.39,13.23,24.46,18.07,1,1,1.0
759,94,299.52,139.95,310.97,258.92,1,1,1.0
759,96,263.89,21.12,35.35,22.76,1,1,0.8729
759,98,209.71,34.99,32.36,19.13,1,1,0.0614
759,99,238.51,29.65,32.57,20.63,1,1,0.919
759,100,306.35,43.95,41.32,27.67,1,1,1.0
759,101,382.93,46.93,43.03,25.32,1,1,1.0
759,102,446.08,55.68,50.92,28.95,1,1,1.0
759,103,138.67,95.57,49.42,36.2,1,1,1.0
759,104,206.72,82.56,48.79,35.77,1,1,1.0
759,105,69.97,106.45,52.2,41.96,1,1,1.0
759,106,417.49,41.39,43.46,24.47,1,1,0.8493
759,107,128.21,44.59,38.76,29.37,1,1,1.0
759,108,442.24,100.27,65.43,32.14,1,1,0.2483
759,109,524.16,92.59,69.91,37.9,1,1,1.0
759,110,602.03,87.89,68.62,40.9,1,1,1.0
759,111,67.63,40.96,28.31,29.37,1,1,1.0
759,112,1.0,51.84,39.47,21.05,1,1,0.7366
759,113,1.0,66.56,34.56,29.8,1,1,1.0
759,114,1.0,109.44,27.09,38.12,1,1,1.0
759,115,680.96,113.49,125.8,74.82,1,1,1.0
759,116,712.53,183.89,119.83,49.43,1,1,0.3224
760,92,215.89,13.01,24.47,18.07,1,1,1.0
760,94,306.56,143.57,319.72,264.9,1,1,1.0
760,96,262.61,20.69,34.71,23.61,1,1,0.8951
760,98,207.79,34.56,32.14,19.13,1,1,0.0425
760,99,236.59,29.23,31.72,20.41,1,1,0.9222
760,100,303.57,43.31,40.9,27.67,1,1,1.0
760,101,379.73,46.93,42.82,24.89,1,1,1.0
760,102,442.24,55.04,50.49,29.37,1,1,1.0
760,103,140.8,96.85,50.28,37.27,1,1,1.0
760,104,209.49,83.41,49.43,37.06,1,1,1.0
760,105,71.25,108.16,54.34,42.81,1,1,1.0
760,106,414.08,40.96,43.03,24.47,1,1,0.8512
760,107,129.71,45.23,39.61,29.59,1,1,1.0
760,108,436.05,98.13,65.22,32.58,1,1,0.2446
760,109,517.55,90.03,69.05,38.12,1,1,1.0
760,110,594.35,86.61,67.34,40.68,1,1,1.0
760,111,68.48,41.81,28.52,29.59,1,1,1.0
760,112,1.0,52.05,40.53,21.69,1,1,0.7449
760,113,1.0,67.41,35.41,29.8,1,1,1.0
760,114,1.0,110.72,27.95,38.76,1,1,1.0
760,115,670.08,111.15,123.67,73.1,1,1,1.0
760,116,697.6,179.41,118.55,49.22,1,1,0.3032
761,92,214.4,12.8,24.47,18.07,1,1,1.0
761,94,313.6,147.2,328.47,270.87,1,1,1.0
761,96,261.33,20.27,34.07,24.47,1,1,0.9197
761,98,205.87,34.13,31.93,19.13,1,1,0.018
761,99,234.67,28.8,30.86,20.2,1,1,0.9254
761,100,300.8,42.67,40.47,27.67,1,1,1.0
761,101,376.53,46.93,42.6,24.47,1,1,1.0
761,102,438.4,54.4,50.07,29.8,1,1,1.0
761,103,142.93,98.13,51.14,38.34,1,1,1.0
761,104,212.27,84.27,50.06,38.33,1,1,1.0
761,105,72.53,109.87,56.47,43.66,1,1,1.0
761,106,410.67,40.53,42.6,24.47,1,1,0.8534
761,107,131.2,45.87,40.47,29.8,1,1,1.0
761,108,429.87,96.0,65.0,33.0,1,1,0.2439
761,109,510.93,87.47,68.2,38.33,1,1,1.0
761,110,586.67,85.33,66.06,40.47,1,1,1.0
761,111,69.33,42.67,28.73,29.8,1,1,1.0
761,112,1.0,52.27,41.6,22.33,1,1,0.7528
761,113,1.0,68.27,36.27,29.8,1,1,1.0
761,114,1.0,112.0,28.8,39.4,1,1,1.0
761,115,659.2,108.8,121.53,71.4,1,1,1.0
761,116,682.67,174.93,117.26,49.0,1,1,0.2453
762,92,212.91,12.8,24.25,17.64,1,1,1.0
762,94,321.07,151.25,341.26,281.96,1,1,1.0
762,96,259.41,20.48,33.86,23.83,1,1,0.9182
762,98,203.73,33.92,32.15,18.92,1,1,0.0126
762,99,232.53,28.59,31.08,19.99,1,1,0.921
762,100,298.03,42.03,40.04,27.67,1,1,1.0
762,101,373.33,46.08,42.18,24.25,1,1,1.0
762,102,435.2,53.76,49.85,29.37,1,1,1.0
762,103,145.49,100.27,51.78,38.54,1,1,1.0
762,104,215.04,86.19,51.13,38.97,1,1,1.0
762,105,75.09,112.43,56.47,44.52,1,1,1.0
762,106,407.25,40.11,41.54,24.25,1,1,0.8501
762,107,132.91,46.93,40.89,30.01,1,1,1.0
762,108,424.32,95.15,64.57,32.14,1,1,0.2222
762,109,504.53,85.76,67.56,38.55,1,1,1.0
762,110,580.27,83.84,65.64,39.83,1,1,1.0
762,111,70.4,43.52,29.37,30.01,1,1,1.0
762,112,12.8,53.55,30.65,22.55,1,1,0.7682
762,113,1.0,69.97,37.97,29.8,1,1,1.0
762,114,1.0,113.92,29.44,40.68,1,1,1.0
762,115,650.88,107.31,118.55,69.9,1,1,1.0
762,116,672.21,171.73,113.86,48.36,1,1,0.2607
763,92,211.41,12.8,24.04,17.21,1,1,1.0
763,94,328.53,155.31,354.07,293.05,1,1,1.0
763,96,257.49,20.69,33.64,23.19,1,1,0.9165
763,98,201.6,33.71,32.36,18.71,1,1,0.0278
763,99,230.4,28.37,31.29,19.77,1,1,0.9169
763,100,295.25,41.39,39.62,27.67,1,1,1.0
763,101,370.13,45.23,41.75,24.04,1,1,1.0
763,102,432.0,53.12,49.64,28.95,1,1,1.0
763,103,148.05,102.4,52.42,38.76,1,1,1.0
763,104,217.81,88.11,52.2,39.61,1,1,1.0
763,105,77.65,114.99,56.47,45.37,1,1,1.0
763,106,403.84,39.68,40.47,24.04,1,1,0.8472
763,107,134.61,48.0,41.32,30.23,1,1,1.0
763,108,418.77,94.29,64.15,31.3,1,1,0.2165
763,109,498.13,84.05,66.92,38.76,1,1,1.0
763,110,573.87,82.35,65.21,39.18,1,1,1.0
763,111,71.47,44.37,30.01,30.23,1,1,1.0
763,112,13.87,54.83,30.44,22.76,1,1,0.7714
763,113,1.0,71.68,39.68,29.8,1,1,1.0
763,114,1.0,115.84,30.08,41.96,1,1,1.0
763,115,642.56,105.81,115.56,68.42,1,1,1.0
763,116,661.76,168.53,110.44,47.72,1,1,0.242
764,92,209.92,12.8,23.83,16.79,1,1,1.0
764,94,336.0,159.36,366.87,304.15,1,1,1.0
764,96,255.57,20.91,33.43,22.55,1,1,1.0
764,98,199.47,33.49,32.57,18.49,1,1,0.0432
764,99,228.27,28.16,31.5,19.56,1,1,0.9129
764,100,292.48,40.75,39.19,27.67,1,1,1.0
764,101,366.93,44.37,41.32,23.83,1,1,1.0
764,102,428.8,52.48,49.43,28.52,1,1,1.0
764,103,150.61,104.53,53.06,38.98,1,1,1.0
764,104,220.59,90.03,53.26,40.25,1,1,1.0
764,105,80.21,117.55,56.47,46.22,1,1,1.0
764,106,400.43,39.25,39.4,23.83,1,1,0.8442
764,107,136.32,49.07,41.75,30.44,1,1,1.0
764,108,413.23,93.44,63.72,30.44,1,1,0.1601
764,109,491.73,82.35,66.28,38.97,1,1,1.0
764,110,567.47,80.85,64.78,38.55,1,1,1.0
764,111,72.53,45.23,30.66,30.44,1,1,1.0
764,112,14.93,56.11,30.23,22.97,1,1,0.7749
764,113,1.0,73.39,41.39,29.8,1,1,1.0
764,114,1.0,117.76,30.72,43.24,1,1,1.0
764,115,634.24,104.32,112.57,66.92,1,1,1.0
764,116,651.31,165.33,107.02,47.08,1,1,0.2738
765,92,208.43,12.8,23.61,16.36,1,1,1.0
765,94,343.47,163.41,379.66,315.24,1,1,1.0
765,96,253.65,21.12,33.22,21.91,1,1,1.0
765,98,197.33,33.28,32.79,18.28,1,1,0.089
765,99,226.13,27.95,31.72,19.35,1,1,0.9089
765,100,289.71,40.11,38.76,27.67,1,1,1.0
765,101,363.73,43.52,40.9,23.61,1,1,1.0
765,102,425.6,51.84,49.21,28.09,1,1,1.0
765,103,153.17,106.67,53.7,39.18,1,1,1.0
765,104,223.36,91.95,54.33,40.89,1,1,1.0
765,105,82.77,120.11,56.47,47.08,1,1,1.0
765,106,397.01,38.83,38.34,23.61,1,1,0.8408
765,107,138.03,50.13,42.17,30.65,1,1,1.0
765,108,407.68,92.59,63.29,29.58,1,1,0.1871
765,109,485.33,80.64,65.64,39.19,1,1,1.0
765,110,561.07,79.36,64.36,37.91,1,1,1.0
765,111,73.6,46.08,31.29,30.65,1,1,1.0
765,112,16.0,57.39,30.01,23.19,1,1,0.7788
765,113,1.0,75.09,43.09,29.8,1,1,1.0
765,114,1.0,119.68,31.36,44.52,1,1,1.0
765,115,625.92,102.83,109.59,65.42,1,1,1.0
765,116,640.85,162.13,103.62,46.44,1,1,0.2639
766,92,206.93,12.8,23.4,15.93,1,1,1.0
766,94,350.93,167.47,392.47,326.33,1,1,1.0
766,96,251.73,21.33,33.0,21.27,1,1,1.0
766,98,195.2,33.07,33.0,18.07,1,1,0.0818
766,99,224.0,27.73,31.93,19.13,1,1,0.9051
766,100,286.93,39.47,38.34,27.67,1,1,1.0
766,101,360.53,42.67,40.47,23.4,1,1,1.0
766,102,422.4,51.2,49.0,27.67,1,1,1.0
766,103,155.73,108.8,54.34,39.4,1,1,1.0
766,104,226.13,93.87,55.4,41.53,1,1,1.0
766,105,85.33,122.67,56.47,47.93,1,1,1.0
766,106,393.6,38.4,37.27,23.4,1,1,0.8377
766,107,139.73,51.2,42.6,30.87,1,1,1.0
766,108,402.13,91.73,62.87,28.74,1,1,0.1485
766,109,478.93,78.93,65.0,39.4,1,1,1.0
766,110,554.67,77.87,63.93,37.26,1,1,1.0
766,111,74.67,46.93,31.93,30.87,1,1,1.0
766,112,17.07,58.67,29.8,23.4,1,1,0.783
766,113,1.0,76.8,44.8,29.8,1,1,1.0
766,114,1.0,121.6,32.0,45.8,1,1,1.0
766,115,617.6,101.33,106.6,63.94,1,1,1.0
766,116,630.4,158.93,100.2,45.8,1,1,0.2417
766,117,877.87,123.73,83.13,50.07,1,1,1.0
766,118,71.47,25.6,23.4,17.0,1,1,1.0
767,94,360.32,172.16,409.53,333.16,1,1,1.0
767,96,250.24,20.48,32.15,21.05,1,1,1.0
767,98,193.49,32.43,32.36,17.85,1,1,0.0158
767,99,222.51,27.09,31.08,19.35,1,1,0.9222
767,100,284.37,39.04,38.12,26.81,1,1,1.0
767,101,357.76,42.03,40.25,24.04,1,1,1.0
767,102,418.99,50.56,48.36,27.24,1,1,1.0
767,103,158.29,110.51,55.62,40.68,1,1,1.0
767,104,229.76,95.57,56.25,41.54,1,1,1.0
767,105,87.68,125.23,57.32,48.36,1,1,1.0
767,106,390.19,37.76,36.41,22.97,1,1,0.8251
767,107,141.65,51.41,42.82,31.72,1,1,1.0
767,108,398.29,90.03,61.8,29.16,1,1,0.1427
767,109,473.81,78.29,63.94,38.55,1,1,1.0
767,110,548.69,76.8,62.44,37.05,1,1,1.0
767,111,76.16,47.79,31.93,31.08,1,1,1.0
767,112,17.28,59.09,30.65,23.4,1,1,0.7989
767,113,1.0,77.65,46.08,30.87,1,1,1.0
767,114,1.0,123.09,33.71,45.8,1,1,1.0
767,115,609.49,99.63,104.68,63.93,1,1,1.0
767,116,619.09,156.16,99.14,44.52,1,1,0.2727
767,117,864.64,121.6,96.36,49.43,1,1,1.0
767,118,72.53,25.81,23.61,17.0,1,1,1.0
768,94,369.71,176.85,426.6,339.99,1,1,1.0
768,96,248.75,19.63,31.29,20.84,1,1,1.0
768,98,191.79,31.79,31.72,17.64,1,1,0.0582
768,99,221.01,26.45,30.23,19.56,1,1,0.9399
768,100,281.81,38.61,37.91,25.96,1,1,1.0
768,101,354.99,41.39,40.04,24.68,1,1,1.0
768,102,415.57,49.92,47.72,26.81,1,1,1.0
768,103,160.85,112.21,56.9,41.96,1,1,1.0
768,104,233.39,97.28,57.1,41.53,1,1,1.0
768,105,90.03,127.79,58.17,48.78,1,1,1.0
768,106,386.77,37.12,35.56,22.55,1,1,0.8117
768,107,143.57,51.63,43.03,32.57,1,1,1.0
768,108,394.45,88.32,60.74,29.59,1,1,0.1945
768,109,468.69,77.65,62.87,37.7,1,1,1.0
768,110,542.72,75.73,60.95,36.84,1,1,1.0
768,111,77.65,48.64,31.94,31.29,1,1,1.0
768,112,17.49,59.52,31.51,23.4,1,1,0.8152
768,113,1.0,78.51,47.36,31.93,1,1,1.0
768,114,1.0,124.59,35.41,45.8,1,1,1.0
768,115,601.39,97.92,102.76,63.93,1,1,1.0
768,116,607.79,153.39,98.06,43.24,1,1,0.247
768,117,851.41,119.47,109.59,48.78,1,1,1.0
768,118,73.6,26.03,23.83,17.0,1,1,1.0
769,94,379.09,181.55,443.67,346.81,1,1,1.0
769,96,247.25,18.77,30.44,20.63,1,1,1.0
769,98,190.08,31.15,31.08,17.43,1,1,0.0538
769,99,219.52,25.81,29.37,19.77,1,1,0.9592
769,100,279.25,38.19,37.7,25.11,1,1,1.0
769,101,352.21,40.75,39.83,25.32,1,1,1.0
769,102,412.16,49.28,47.08,26.39,1,1,1.0
769,103,163.41,113.92,58.18,43.24,1,1,1.0
769,104,237.01,98.99,57.96,41.53,1,1,1.0
769,105,92.37,130.35,59.03,49.21,1,1,1.0
769,106,383.36,36.48,34.71,22.12,1,1,0.7982
769,107,145.49,51.84,43.24,33.43,1,1,1.0
769,108,390.61,86.61,59.67,30.02,1,1,0.1795
769,109,463.57,77.01,61.8,36.84,1,1,1.0
769,110,536.75,74.67,59.45,36.62,1,1,1.0
769,111,79.15,49.49,31.93,31.51,1,1,1.0
769,112,17.71,59.95,32.36,23.4,1,1,0.8319
769,113,12.8,79.36,36.84,33.0,1,1,1.0
769,114,1.0,126.08,37.12,45.8,1,1,1.0
769,115,593.28,96.21,100.84,63.94,1,1,1.0
769,116,596.48,150.61,97.0,41.96,1,1,0.2276
769,117,838.19,117.33,101.48,48.15,1,1,1.0
769,118,74.67,26.24,24.04,17.0,1,1,1.0
770,94,388.48,186.24,460.73,354.76,1,1,1.0
770,96,245.76,17.92,29.59,20.41,1,1,1.0
770,98,188.37,30.51,30.44,17.21,1,1,0.0418
770,99,218.03,25.17,28.52,19.99,1,1,1.0
770,100,276.69,37.76,37.48,24.25,1,1,1.0
770,101,349.44,40.11,39.61,25.96,1,1,1.0
770,102,408.75,48.64,46.44,25.96,1,1,1.0
770,103,165.97,115.63,59.46,44.52,1,1,1.0
770,104,240.64,100.69,58.81,41.54,1,1,1.0
770,105,94.72,132.91,59.88,49.64,1,1,1.0
770,106,379.95,35.84,33.85,21.69,1,1,0.784
770,107,147.41,52.05,43.46,34.28,1,1,1.0
770,108,386.77,84.91,58.6,30.44,1,1,0.2651
770,109,458.45,76.37,60.74,35.99,1,1,1.0
770,110,530.77,73.6,57.96,36.41,1,1,1.0
770,111,80.64,50.35,31.93,31.72,1,1,1.0
770,112,17.92,60.37,33.21,23.4,1,1,0.8488
770,113,13.87,80.21,37.05,34.07,1,1,1.0
770,114,1.0,127.57,38.83,45.8,1,1,1.0
770,115,585.17,94.51,98.92,63.93,1,1,1.0
770,116,585.17,147.84,95.94,40.68,1,1,0.2084
770,117,824.96,115.2,102.97,47.51,1,1,1.0
770,118,75.73,26.45,24.25,17.0,1,1,1.0
771,94,397.87,190.93,477.8,350.07,1,1,1.0
771,96,244.27,17.07,28.73,20.2,1,1,1.0
771,98,186.67,29.87,29.8,17.0,1,1,0.0078
771,99,216.53,24.53,27.67,20.2,1,1,1.0
771,100,274.13,37.33,37.27,23.4,1,1,1.0
771,101,346.67,39.47,39.4,26.6,1,1,1.0
771,102,405.33,48.0,45.8,25.53,1,1,1.0
771,103,168.53,117.33,60.74,45.8,1,1,1.0
771,104,244.27,102.4,59.66,41.53,1,1,1.0
771,105,97.07,135.47,60.73,50.06,1,1,1.0
771,106,376.53,35.2,33.0,21.27,1,1,0.7689
771,107,149.33,52.27,43.67,35.13,1,1,1.0
771,108,382.93,83.2,57.54,30.87,1,1,0.2348
771,109,453.33,75.73,59.67,35.14,1,1,1.0
771,110,524.8,72.53,56.47,36.2,1,1,1.0
771,111,82.13,51.2,31.94,31.93,1,1,1.0
771,112,18.13,60.8,34.07,23.4,1,1,0.8661
771,113,14.93,81.07,37.27,35.13,1,1,1.0
771,114,1.0,129.07,40.53,45.8,1,1,1.0
771,115,577.07,92.8,97.0,63.93,1,1,0.8277
771,116,573.87,145.07,94.86,39.4,1,1,0.177
771,117,811.73,113.07,104.47,46.86,1,1,1.0
771,118,76.8,26.67,24.47,17.0,1,1,1.0
771,119,916.27,209.07,44.73,46.86,1,1,1.0
772,94,408.96,196.69,484.2,344.31,1,1,1.0
772,96,242.56,16.43,28.73,20.63,1,1,1.0
772,98,184.75,29.65,29.58,16.57,1,1,0.0209
772,99,214.61,23.89,27.67,20.41,1,1,1.0
772,100,271.57,36.48,37.06,23.61,1,1,1.0
772,101,343.47,39.47,39.18,25.32,1,1,1.0
772,102,402.35,47.57,45.37,25.32,1,1,1.0
772,103,171.73,119.47,61.59,46.01,1,1,1.0
772,104,247.89,104.11,59.88,42.17,1,1,1.0
772,105,100.05,138.03,61.16,51.34,1,1,1.0
772,106,372.69,34.77,33.64,20.63,1,1,0.7713
772,107,151.04,53.55,44.52,34.92,1,1,1.0
772,108,378.24,82.35,56.47,30.22,1,1,0.187
772,109,448.64,74.67,58.39,34.49,1,1,1.0
772,110,518.83,71.47,56.68,35.98,1,1,1.0
772,111,83.41,51.63,32.15,32.36,1,1,1.0
772,112,19.41,61.87,33.85,23.4,1,1,0.857
772,113,16.0,81.92,37.91,34.92,1,1,1.0
772,114,1.0,131.41,42.24,46.66,1,1,1.0
772,115,569.81,91.73,95.3,62.44,1,1,0.8309
772,116,566.19,142.93,93.16,39.62,1,1,0.1815
772,117,800.85,111.15,102.12,46.22,1,1,1.0
772,118,77.87,27.09,24.04,17.0,1,1,1.0
772,119,902.19,202.88,58.81,52.84,1,1,1.0
773,94,420.05,202.45,490.6,338.55,1,1,1.0
773,96,240.85,15.79,28.74,21.05,1,1,1.0
773,98,182.83,29.44,29.37,16.15,1,1,0.108
773,99,212.69,23.25,27.67,20.63,1,1,1.0
773,100,269.01,35.63,36.84,23.83,1,1,1.0
773,101,340.27,39.47,38.97,24.04,1,1,1.0
773,102,399.36,47.15,44.95,25.11,1,1,1.0
773,103,174.93,121.6,62.44,46.23,1,1,1.0
773,104,251.52,105.81,60.09,42.82,1,1,1.0
773,105,103.04,140.59,61.59,52.62,1,1,1.0
773,106,368.85,34.35,34.28,19.99,1,1,0.7746
773,107,152.75,54.83,45.37,34.71,1,1,1.0
773,108,373.55,81.49,55.4,29.59,1,1,0.2289
773,109,443.95,73.6,57.1,33.85,1,1,1.0
773,110,512.85,70.4,56.9,35.77,1,1,1.0
773,111,84.69,52.05,32.36,32.79,1,1,1.0
773,112,20.69,62.93,33.64,23.4,1,1,0.8479
773,113,17.07,82.77,38.55,34.71,1,1,1.0
773,114,1.0,133.76,43.95,47.51,1,1,1.0
773,115,562.56,90.67,93.59,60.94,1,1,0.8344
773,116,558.51,140.8,91.45,39.83,1,1,0.1808
773,117,789.97,109.23,99.78,45.58,1,1,1.0
773,118,78.93,27.52,23.62,17.0,1,1,1.0
773,119,888.11,196.69,72.89,58.82,1,1,1.0
774,94,431.15,208.21,497.0,332.79,1,1,1.0
774,96,239.15,15.15,28.73,21.48,1,1,1.0
774,98,180.91,29.23,29.16,15.72,1,1,0.0847
774,99,210.77,22.61,27.67,20.84,1,1,1.0
774,100,266.45,34.77,36.63,24.04,1,1,1.0
774,101,337.07,39.47,38.76,22.76,1,1,1.0
774,102,396.37,46.72,44.52,24.89,1,1,1.0
774,103,178.13,123.73,63.3,46.44,1,1,1.0
774,104,255.15,107.52,60.3,43.45,1,1,1.0
774,105,106.03,143.15,62.01,53.9,1,1,1.0
774,106,365.01,33.92,34.92,19.35,1,1,0.779
774,107,154.45,56.11,46.23,34.49,1,1,1.0
774,108,368.85,80.64,54.34,28.95,1,1,0.2251
774,109,439.25,72.53,55.83,33.22,1,1,1.0
774,110,506.88,69.33,57.11,35.56,1,1,1.0
774,111,85.97,52.48,32.58,33.21,1,1,1.0
774,112,21.97,64.0,33.43,23.4,1,1,0.8388
774,113,18.13,83.63,39.19,34.49,1,1,1.0
774,114,1.0,136.11,45.65,48.36,1,1,1.0
774,115,555.31,89.6,91.88,59.45,1,1,0.838
774,116,550.83,138.67,89.74,40.04,1,1,0.1937
774,117,779.09,107.31,97.43,44.94,1,1,1.0
774,118,80.0,27.95,23.19,17.0,1,1,1.0
774,119,874.03,190.51,86.97,64.78,1,1,1.0
775,94,442.24,213.97,503.4,327.03,1,1,1.0
775,96,237.44,14.51,28.73,21.91,1,1,1.0
775,98,178.99,29.01,28.94,15.29,1,1,0.0972
775,99,208.85,21.97,27.67,21.05,1,1,1.0
775,100,263.89,33.92,36.42,24.25,1,1,1.0
775,101,333.87,39.47,38.54,21.48,1,1,1.0
775,102,393.39,46.29,44.09,24.68,1,1,1.0
775,103,181.33,125.87,64.15,46.65,1,1,1.0
775,104,258.77,109.23,60.52,44.09,1,1,1.0
775,105,109.01,145.71,62.44,55.18,1,1,1.0
775,106,361.17,33.49,35.56,18.71,1,1,0.7849
775,107,156.16,57.39,47.08,34.28,1,1,1.0
775,108,364.16,79.79,53.27,28.3,1,1,0.1557
775,109,434.56,71.47,54.55,32.57,1,1,1.0
775,110,500.91,68.27,57.32,35.34,1,1,1.0
775,111,87.25,52.91,32.79,33.64,1,1,1.0
775,112,23.25,65.07,33.21,23.4,1,1,0.8296
775,113,19.2,84.48,39.83,34.28,1,1,1.0
775,114,1.0,138.45,47.36,49.22,1,1,1.0
775,115,548.05,88.53,90.18,57.96,1,1,0.8416
775,116,543.15,136.53,88.04,40.26,1,1,0.1952
775,117,768.21,105.39,95.08,44.3,1,1,1.0
775,118,81.07,28.37,22.76,17.0,1,1,1.0
775,119,859.95,184.32,101.05,70.76,1,1,1.0
776,94,453.33,219.73,507.67,321.27,1,1,1.0
776,96,235.73,13.87,28.74,22.33,1,1,1.0
776,98,177.07,28.8,28.73,14.87,1,1,0.1539
776,99,206.93,21.33,27.67,21.27,1,1,1.0
776,100,261.33,33.07,36.2,24.47,1,1,1.0
776,101,330.67,39.47,38.33,20.2,1,1,1.0
776,102,390.4,45.87,43.67,24.47,1,1,1.0
776,103,184.53,128.0,65.0,46.87,1,1,1.0
776,104,262.4,110.93,60.73,44.74,1,1,1.0
776,105,112.0,148.27,62.87,56.46,1,1,1.0
776,106,357.33,33.07,36.2,18.07,1,1,0.7918
776,107,157.87,58.67,47.93,34.07,1,1,1.0
776,108,359.47,78.93,52.2,27.67,1,1,0.1313
776,109,429.87,70.4,53.26,31.93,1,1,1.0
776,110,494.93,67.2,57.54,35.13,1,1,1.0
776,111,88.53,53.33,33.0,34.07,1,1,1.0
776,112,24.53,66.13,33.0,23.4,1,1,0.8205
776,113,20.27,85.33,40.47,34.07,1,1,1.0
776,114,1.0,140.8,49.07,50.07,1,1,1.0
776,115,540.8,87.47,88.47,56.46,1,1,0.8455
776,116,535.47,134.4,86.33,40.47,1,1,0.1437
776,117,757.33,103.47,92.74,43.66,1,1,1.0
776,118,82.13,28.8,22.34,17.0,1,1,1.0
776,119,845.87,178.13,115.13,76.74,1,1,1.0
777,94,468.69,225.49,492.31,315.51,1,1,1.0
777,96,234.03,14.29,28.73,21.91,1,1,1.0
777,98,175.79,28.16,28.52,15.29,1,1,0.0368
777,99,205.65,21.55,27.24,20.63,1,1,1.0
777,100,259.2,32.85,36.2,24.68,1,1,1.0
777,101,328.11,38.61,37.9,20.63,1,1,1.0
777,102,387.63,45.44,43.45,23.83,1,1,1.0
777,103,189.01,130.99,65.0,47.29,1,1,1.0
777,104,266.67,113.28,62.65,44.52,1,1,1.0
777,105,115.63,151.47,64.78,58.17,1,1,1.0
777,106,354.77,32.43,35.78,18.71,1,1,0.7897
777,107,160.21,59.52,47.51,34.28,1,1,1.0
777,108,356.48,78.08,51.77,27.24,1,1,0.1557
777,109,424.96,69.55,53.69,31.72,1,1,1.0
777,110,490.45,66.35,55.83,34.7,1,1,1.0
777,111,90.24,54.4,33.43,34.28,1,1,1.0
777,112,25.17,66.99,33.43,23.83,1,1,1.0
777,113,21.33,87.25,41.11,34.28,1,1,1.0
777,114,1.0,143.36,50.77,50.28,1,1,1.0
777,115,534.61,85.76,86.55,56.89,1,1,0.8307
777,116,528.21,132.05,85.06,39.62,1,1,0.1697
777,117,747.73,101.97,90.82,42.39,1,1,1.0
777,118,83.2,29.01,22.97,17.64,1,1,1.0
777,119,832.64,174.72,128.36,75.67,1,1,1.0
778,94,484.05,231.25,476.95,309.75,1,1,1.0
778,96,232.32,14.72,28.73,21.48,1,1,1.0
778,98,174.51,27.52,28.3,15.72,1,1,0.0458
778,99,204.37,21.76,26.82,19.99,1,1,1.0
778,100,257.07,32.64,36.2,24.89,1,1,1.0
778,101,325.55,37.76,37.48,21.05,1,1,1.0
778,102,384.85,45.01,43.24,23.19,1,1,1.0
778,103,193.49,133.97,65.0,47.72,1,1,1.0
778,104,270.93,115.63,64.58,44.3,1,1,1.0
778,105,119.25,154.67,66.71,59.88,1,1,1.0
778,106,352.21,31.79,35.35,19.35,1,1,0.7884
778,107,162.56,60.37,47.08,34.49,1,1,1.0
778,108,353.49,77.23,51.35,26.81,1,1,0.1123
778,109,420.05,68.69,54.12,31.51,1,1,1.0
778,110,485.97,65.49,54.12,34.28,1,1,1.0
778,111,91.95,55.47,33.85,34.49,1,1,1.0
778,112,25.81,67.84,33.85,24.25,1,1,1.0
778,113,22.4,89.17,41.75,34.5,1,1,1.0
778,114,1.0,145.92,52.48,50.49,1,1,1.0
778,115,528.43,84.05,84.62,57.32,1,1,0.8166
778,116,520.96,129.71,83.77,38.76,1,1,0.1727
778,117,738.13,100.48,88.9,41.11,1,1,1.0
778,118,84.27,29.23,23.61,18.28,1,1,1.0
778,119,819.41,171.31,141.59,74.6,1,1,1.0
779,94,499.41,237.01,461.59,303.99,1,1,1.0
779,96,230.61,15.15,28.74,21.05,1,1,1.0
779,98,173.23,26.88,28.09,16.15,1,1,0.1071
779,99,203.09,21.97,26.39,19.35,1,1,1.0
779,100,254.93,32.43,36.2,25.11,1,1,1.0
779,101,322.99,36.91,37.05,21.48,1,1,1.0
779,102,382.08,44.59,43.03,22.55,1,1,1.0
779,103,197.97,136.96,65.0,48.15,1,1,1.0
779,104,275.2,117.97,66.49,44.1,1,1,1.0
779,105,122.88,157.87,68.63,61.58,1,1,1.0
779,106,349.65,31.15,34.92,19.99,1,1,0.7882
779,107,164.91,61.23,46.65,34.71,1,1,1.0
779,108,350.51,76.37,50.92,26.39,1,1,0.1447
779,109,415.15,67.84,54.54,31.29,1,1,1.0
779,110,481.49,64.64,52.42,33.85,1,1,1.0
779,111,93.65,56.53,34.28,34.71,1,1,1.0
779,112,26.45,68.69,34.28,24.68,1,1,1.0
779,113,23.47,91.09,42.39,34.71,1,1,1.0
779,114,1.0,148.48,54.19,50.71,1,1,1.0
779,115,522.24,82.35,82.71,57.74,1,1,0.8029
779,116,513.71,127.36,82.49,37.91,1,1,0.1851
779,117,728.53,98.99,86.98,39.82,1,1,1.0
779,118,85.33,29.44,24.26,18.92,1,1,1.0
779,119,806.19,167.89,141.8,73.54,1,1,1.0
780,94,514.77,242.77,446.23,298.23,1,1,1.0
780,96,228.91,15.57,28.73,20.63,1,1,1.0
780,98,171.95,26.24,27.88,16.57,1,1,0.0018
780,99,201.81,22.19,25.96,18.71,1,1,1.0
780,100,252.8,32.21,36.2,25.32,1,1,1.0
780,101,320.43,36.05,36.62,21.91,1,1,1.0
780,102,379.31,44.16,42.81,21.91,1,1,1.0
780,103,202.45,139.95,65.0,48.57,1,1,1.0
780,104,279.47,120.32,68.41,43.88,1,1,1.0
780,105,126.51,161.07,70.54,63.29,1,1,1.0
780,106,347.09,30.51,34.5,20.63,1,1,0.7889
780,107,167.25,62.08,46.23,34.92,1,1,1.0
780,108,347.52,75.52,50.49,25.96,1,1,0.1224
780,109,410.24,66.99,54.97,31.08,1,1,1.0
780,110,477.01,63.79,50.71,33.43,1,1,1.0
780,111,95.36,57.6,34.71,34.92,1,1,1.0
780,112,27.09,69.55,34.71,25.11,1,1,1.0
780,113,24.53,93.01,43.03,34.92,1,1,1.0
780,114,1.0,151.04,55.89,50.92,1,1,1.0
780,115,516.05,80.64,80.79,58.17,1,1,0.7897
780,116,506.45,125.01,81.22,37.06,1,1,0.1418
780,117,718.93,97.49,85.06,38.55,1,1,1.0
780,118,86.4,29.65,24.89,19.56,1,1,1.0
780,119,792.96,164.48,146.07,72.47,1,1,1.0
781,94,530.13,248.53,430.87,292.47,1,1,1.0
781,96,227.2,16.0,28.73,20.2,1,1,1.0
781,98,170.67,25.6,27.66,17.0,1,1,0.0235
781,99,200.53,22.4,25.54,18.07,1,1,1.0
781,100,250.67,32.0,36.2,25.53,1,1,1.0
781,101,317.87,35.2,36.2,22.33,1,1,1.0
781,102,376.53,43.73,42.6,21.27,1,1,1.0
781,103,206.93,142.93,65.0,49.0,1,1,1.0
781,104,283.73,122.67,70.34,43.66,1,1,1.0
781,105,130.13,164.27,72.47,65.0,1,1,1.0
781,106,344.53,29.87,34.07,21.27,1,1,0.7902
781,107,169.6,62.93,45.8,35.13,1,1,1.0
781,108,344.53,74.67,50.07,25.53,1,1,0.1305
781,109,405.33,66.13,55.4,30.87,1,1,1.0
781,110,472.53,62.93,49.0,33.0,1,1,1.0
781,111,97.07,58.67,35.13,35.13,1,1,1.0
781,112,27.73,70.4,35.13,25.53,1,1,1.0
781,113,25.6,94.93,43.67,35.14,1,1,1.0
781,114,1.0,153.6,57.6,51.13,1,1,1.0
781,115,509.87,78.93,78.86,58.6,1,1,0.7773
781,116,499.2,122.67,79.93,36.2,1,1,0.1572
781,117,709.33,96.0,83.14,37.27,1,1,1.0
781,118,87.47,29.87,25.53,20.2,1,1,1.0
781,119,779.73,161.07,150.34,71.4,1,1,1.0
782,94,549.33,257.49,411.67,283.51,1,1,1.0
782,96,225.92,15.36,28.73,20.2,1,1,1.0
782,98,168.96,25.39,28.09,16.57,1,1,0.0744
782,99,199.25,21.55,25.54,18.49,1,1,1.0
782,100,248.96,31.15,35.35,25.11,1,1,1.0
782,101,315.52,34.56,36.41,22.76,1,1,1.0
782,102,374.4,42.88,41.96,21.48,1,1,1.0
782,103,211.2,145.49,66.71,49.86,1,1,1.0
782,104,289.07,124.16,70.76,45.37,1,1,1.0
782,105,133.97,168.53,73.54,65.43,1,1,1.0
782,106,341.55,29.23,33.85,20.63,1,1,0.7726
782,107,172.16,64.0,46.87,35.99,1,1,1.0
782,108,341.12,73.6,49.21,25.53,1,1,0.1153
782,109,401.71,65.07,54.33,30.87,1,1,1.0
782,110,467.84,61.87,48.57,32.36,1,1,1.0
782,111,98.77,59.09,35.56,36.41,1,1,1.0
782,112,29.01,71.25,35.35,25.96,1,1,1.0
782,113,27.73,96.0,44.09,36.2,1,1,1.0
782,114,1.0,156.16,59.52,52.84,1,1,1.0
782,115,504.11,77.44,77.8,57.53,1,1,0.781
782,116,493.01,120.32,78.02,35.35,1,1,0.2462
782,117,700.37,93.65,81.64,37.48,1,1,1.0
782,118,89.17,30.29,25.32,20.2,1,1,1.0
782,119,768.21,157.65,147.14,69.91,1,1,1.0
783,94,568.53,266.45,392.47,274.55,1,1,1.0
783,96,224.64,14.72,28.73,20.2,1,1,1.0
783,98,167.25,25.17,28.52,16.15,1,1,0.0955
783,99,197.97,20.69,25.54,18.92,1,1,1.0
783,100,247.25,30.29,34.5,24.68,1,1,1.0
783,101,313.17,33.92,36.63,23.19,1,1,1.0
783,102,372.27,42.03,41.32,21.69,1,1,1.0
783,103,215.47,148.05,68.41,50.71,1,1,1.0
783,104,294.4,125.65,71.19,47.08,1,1,1.0
783,105,137.81,172.8,74.6,65.85,1,1,1.0
783,106,338.56,28.59,33.64,19.99,1,1,0.755
783,107,174.72,65.07,47.93,36.84,1,1,1.0
783,108,337.71,72.53,48.36,25.53,1,1,0.141
783,109,398.08,64.0,53.27,30.87,1,1,1.0
783,110,463.15,60.8,48.14,31.72,1,1,1.0
783,111,100.48,59.52,35.99,37.69,1,1,1.0
783,112,30.29,72.11,35.56,26.39,1,1,1.0
783,113,29.87,97.07,44.52,37.26,1,1,1.0
783,114,1.0,158.72,61.44,54.55,1,1,1.0
783,115,498.35,75.95,76.73,56.46,1,1,0.7848
783,116,486.83,117.97,76.09,34.5,1,1,0.2446
783,117,691.41,91.31,80.15,37.69,1,1,1.0
783,118,90.88,30.72,25.11,20.2,1,1,1.0
783,119,756.69,154.24,143.94,68.41,1,1,1.0
784,94,587.73,275.41,373.27,265.59,1,1,1.0
784,96,223.36,14.08,28.73,20.2,1,1,1.0
784,98,165.55,24.96,28.94,15.72,1,1,0.0807
784,99,196.69,19.84,25.54,19.35,1,1,1.0
784,100,245.55,29.44,33.64,24.25,1,1,1.0
784,101,310.83,33.28,36.84,23.61,1,1,1.0
784,102,370.13,41.17,40.68,21.91,1,1,1.0
784,103,219.73,150.61,70.12,51.56,1,1,1.0
784,104,299.73,127.15,71.62,48.78,1,1,1.0
784,105,141.65,177.07,75.67,66.28,1,1,1.0
784,106,335.57,27.95,33.43,19.35,1,1,0.7378
784,107,177.28,66.13,49.0,37.7,1,1,1.0
784,108,334.29,71.47,47.51,25.53,1,1,0.0992
784,109,394.45,62.93,52.2,30.87,1,1,1.0
784,110,458.45,59.73,47.72,31.08,1,1,1.0
784,111,102.19,59.95,36.41,38.97,1,1,1.0
784,112,31.57,72.96,35.77,26.81,1,1,1.0
784,113,32.0,98.13,44.95,38.34,1,1,1.0
784,114,1.0,161.28,63.36,56.25,1,1,1.0
784,115,492.59,74.45,75.66,55.4,1,1,0.7889
784,116,480.64,115.63,74.17,33.64,1,1,0.1974
784,117,682.45,88.96,78.66,37.91,1,1,1.0
784,118,92.59,31.15,24.89,20.2,1,1,1.0
784,119,745.17,150.83,140.74,66.92,1,1,1.0
785,94,606.93,284.37,354.07,256.63,1,1,1.0
785,96,222.08,13.44,28.73,20.2,1,1,1.0
785,98,163.84,24.75,29.37,15.29,1,1,0.0126
785,99,195.41,18.99,25.54,19.77,1,1,1.0
785,100,243.84,28.59,32.79,23.83,1,1,1.0
785,101,308.48,32.64,37.05,24.04,1,1,1.0
785,102,368.0,40.32,40.04,22.12,1,1,1.0
785,103,224.0,153.17,71.83,52.42,1,1,1.0
785,104,305.07,128.64,72.04,50.49,1,1,1.0
785,105,145.49,181.33,76.74,66.71,1,1,1.0
785,106,332.59,27.31,33.21,18.71,1,1,0.7214
785,107,179.84,67.2,50.07,38.55,1,1,1.0
785,108,330.88,70.4,46.65,25.53,1,1,0.1714
785,109,390.83,61.87,51.13,30.87,1,1,1.0
785,110,453.76,58.67,47.29,30.44,1,1,1.0
785,111,103.89,60.37,36.84,40.25,1,1,1.0
785,112,32.85,73.81,35.99,27.24,1,1,1.0
785,113,34.13,99.2,45.37,39.4,1,1,1.0
785,114,1.0,163.84,65.28,57.96,1,1,1.0
785,115,486.83,72.96,74.6,54.33,1,1,0.793
785,116,474.45,113.28,72.26,32.79,1,1,0.2049
785,117,673.49,86.61,77.16,38.12,1,1,1.0
785,118,94.29,31.57,24.68,20.2,1,1,1.0
785,119,733.65,147.41,137.54,65.43,1,1,1.0
786,94,626.13,293.33,334.87,247.67,1,1,1.0
786,96,220.8,12.8,28.73,20.2,1,1,1.0
786,98,162.13,24.53,29.8,14.87,1,1,0.0269
786,99,194.13,18.13,25.54,20.2,1,1,1.0
786,100,242.13,27.73,31.94,23.4,1,1,1.0
786,101,306.13,32.0,37.27,24.47,1,1,1.0
786,102,365.87,39.47,39.4,22.33,1,1,1.0
786,103,228.27,155.73,73.53,53.27,1,1,1.0
786,104,310.4,130.13,72.47,52.2,1,1,1.0
786,105,149.33,185.6,77.8,67.13,1,1,1.0
786,106,329.6,26.67,33.0,18.07,1,1,0.7053
786,107,182.4,68.27,51.13,39.4,1,1,1.0
786,108,327.47,69.33,45.8,25.53,1,1,0.1971
786,109,387.2,60.8,50.07,30.87,1,1,1.0
786,110,449.07,57.6,46.86,29.8,1,1,1.0
786,111,105.6,60.8,37.27,41.53,1,1,1.0
786,112,34.13,74.67,36.2,27.66,1,1,1.0
786,113,36.27,100.27,45.8,40.46,1,1,1.0
786,114,1.0,166.4,67.2,59.67,1,1,1.0
786,115,481.07,71.47,73.53,53.26,1,1,0.7973
786,116,468.27,110.93,70.33,31.94,1,1,0.284
786,117,664.53,84.27,75.67,38.33,1,1,1.0
786,118,96.0,32.0,24.47,20.2,1,1,1.0
786,119,722.13,144.0,134.34,63.93,1,1,1.0
786,120,888.53,152.53,72.47,54.34,1,1,1.0
787,94,651.73,303.15,309.27,237.85,1,1,1.0
787,96,219.73,12.59,28.31,19.99,1,1,1.0
787,98,160.64,23.68,29.37,15.08,1,1,0.0212
787,99,192.85,18.13,24.9,19.77,1,1,1.0
787,100,239.79,27.09,31.93,23.4,1,1,1.0
787,101,303.79,31.79,36.62,23.83,1,1,1.0
787,102,363.31,38.61,38.76,22.12,1,1,1.0
787,103,232.75,158.51,75.88,54.97,1,1,1.0
787,104,315.52,132.91,74.17,53.05,1,1,1.0
787,105,153.81,189.44,79.94,69.05,1,1,1.0
787,106,327.47,26.03,31.93,18.28,1,1,0.7224
787,107,184.53,68.91,51.78,40.25,1,1,1.0
787,108,324.05,68.05,45.16,24.89,1,1,0.1625
787,109,383.57,60.16,49.22,29.59,1,1,1.0
787,110,445.01,56.53,46.44,29.59,1,1,0.8153
787,111,107.52,61.65,37.69,41.75,1,1,1.0
787,112,35.2,75.09,36.2,28.1,1,1,1.0
787,113,37.55,101.76,46.44,40.47,1,1,1.0
787,114,1.0,169.17,69.55,60.52,1,1,1.0
787,115,475.52,70.19,73.11,52.41,1,1,0.8061
787,116,461.65,109.44,70.34,31.93,1,1,0.2209
787,117,657.28,82.99,74.39,38.12,1,1,1.0
787,118,97.28,32.21,24.89,20.41,1,1,1.0
787,119,712.96,141.87,131.35,62.65,1,1,1.0
787,120,874.03,148.48,86.97,54.97,1,1,1.0
788,94,677.33,312.96,283.67,228.04,1,1,1.0
788,96,218.67,12.37,27.88,19.77,1,1,1.0
788,98,159.15,22.83,28.94,15.29,1,1,0.1038
788,99,191.57,18.13,24.26,19.35,1,1,1.0
788,100,237.44,26.45,31.93,23.4,1,1,1.0
788,101,301.44,31.57,35.99,23.19,1,1,1.0
788,102,360.75,37.76,38.12,21.91,1,1,1.0
788,103,237.23,161.28,78.22,56.68,1,1,1.0
788,104,320.64,135.68,75.88,53.91,1,1,1.0
788,105,158.29,193.28,82.07,70.97,1,1,1.0
788,106,325.33,25.39,30.87,18.49,1,1,0.7391
788,107,186.67,69.55,52.41,41.1,1,1,1.0
788,108,320.64,66.77,44.52,24.25,1,1,0.2194
788,109,379.95,59.52,48.36,28.31,1,1,1.0
788,110,440.96,55.47,46.01,29.37,1,1,0.7996
788,111,109.44,62.51,38.12,41.96,1,1,1.0
788,112,36.27,75.52,36.2,28.52,1,1,1.0
788,113,38.83,103.25,47.08,40.47,1,1,1.0
788,114,1.0,171.95,71.89,61.37,1,1,1.0
788,115,469.97,68.91,72.68,51.56,1,1,0.8149
788,116,455.04,107.95,70.33,31.93,1,1,0.2663
788,117,650.03,81.71,73.1,37.9,1,1,1.0
788,118,98.56,32.43,25.32,20.63,1,1,1.0
788,119,703.79,139.73,128.36,61.38,1,1,1.0
788,120,859.52,144.43,101.48,55.61,1,1,1.0
789,94,702.93,322.77,258.07,218.23,1,1,1.0
789,96,217.6,12.16,27.45,19.56,1,1,1.0
789,98,157.65,21.97,28.52,15.51,1,1,0.0446
789,99,190.29,18.13,23.62,18.92,1,1,1.0
789,100,235.09,25.81,31.94,23.4,1,1,1.0
789,101,299.09,31.36,35.35,22.55,1,1,1.0
789,102,358.19,36.91,37.48,21.69,1,1,1.0
789,103,241.71,164.05,80.57,58.39,1,1,1.0
789,104,325.76,138.45,77.59,54.76,1,1,1.0
789,105,162.77,197.12,84.2,72.89,1,1,1.0
789,106,323.2,24.75,29.8,18.71,1,1,0.7562
789,107,188.8,70.19,53.05,41.96,1,1,1.0
789,108,317.23,65.49,43.88,23.61,1,1,0.2945
789,109,376.32,58.88,47.51,27.03,1,1,1.0
789,110,436.91,54.4,45.58,29.16,1,1,0.7835
789,111,111.36,63.36,38.55,42.17,1,1,1.0
789,112,37.33,75.95,36.2,28.94,1,1,1.0
789,113,40.11,104.75,47.72,40.46,1,1,1.0
789,114,1.0,174.72,74.24,62.23,1,1,1.0
789,115,464.43,67.63,72.25,50.7,1,1,0.8238
789,116,448.43,106.45,70.33,31.94,1,1,0.2364
789,117,642.77,80.43,71.83,37.69,1,1,1.0
789,118,99.84,32.64,25.75,20.84,1,1,1.0
789,119,694.61,137.6,125.38,60.09,1,1,1.0
789,120,845.01,140.37,115.99,56.26,1,1,1.0
790,94,728.53,332.59,232.47,208.41,1,1,1.0
790,96,216.53,11.95,27.03,19.35,1,1,1.0
790,98,156.16,21.12,28.09,15.72,1,1,0.056
790,99,189.01,18.13,22.98,18.49,1,1,1.0
790,100,232.75,25.17,31.93,23.4,1,1,1.0
790,101,296.75,31.15,34.7,21.91,1,1,1.0
790,102,355.63,36.05,36.84,21.48,1,1,1.0
790,103,246.19,166.83,82.92,60.09,1,1,1.0
790,104,330.88,141.23,79.29,55.61,1,1,1.0
790,105,167.25,200.96,86.34,74.81,1,1,1.0
790,106,321.07,24.11,28.73,18.92,1,1,0.7731
790,107,190.93,70.83,53.7,42.81,1,1,1.0
790,108,313.81,64.21,43.24,22.97,1,1,0.2641
790,109,372.69,58.24,46.66,25.75,1,1,1.0
790,110,432.85,53.33,45.16,28.95,1,1,0.7668
790,111,113.28,64.21,38.97,42.39,1,1,1.0
790,112,38.4,76.37,36.2,29.38,1,1,1.0
790,113,41.39,106.24,48.36,40.47,1,1,1.0
790,114,1.0,177.49,76.59,63.08,1,1,1.0
790,115,458.88,66.35,71.83,49.85,1,1,0.8328
790,116,441.81,104.96,70.34,31.93,1,1,0.1601
790,117,635.52,79.15,70.55,37.48,1,1,1.0
790,118,101.12,32.85,26.17,21.05,1,1,1.0
790,119,685.44,135.47,122.39,58.81,1,1,1.0
790,120,830.51,136.32,114.28,56.89,1,1,1.0
791,94,754.13,342.4,206.87,198.6,1,1,1.0
791,96,215.47,11.73,26.6,19.13,1,1,1.0
791,98,154.67,20.27,27.66,15.93,1,1,0.0
791,99,187.73,18.13,22.34,18.07,1,1,1.0
791,100,230.4,24.53,31.93,23.4,1,1,1.0
791,101,294.4,30.93,34.07,21.27,1,1,1.0
791,102,353.07,35.2,36.2,21.27,1,1,1.0
791,103,250.67,169.6,85.26,61.8,1,1,1.0
791,104,336.0,144.0,81.0,56.47,1,1,1.0
791,105,171.73,204.8,88.47,76.73,1,1,1.0
791,106,318.93,23.47,27.67,19.13,1,1,0.7898
791,107,193.07,71.47,54.33,43.66,1,1,1.0
791,108,310.4,62.93,42.6,22.33,1,1,0.3284
791,109,369.07,57.6,45.8,24.47,1,1,1.0
791,110,428.8,52.27,44.73,28.73,1,1,0.7496
791,111,115.2,65.07,39.4,42.6,1,1,1.0
791,112,39.47,76.8,36.2,29.8,1,1,1.0
791,113,42.67,107.73,49.0,40.47,1,1,1.0
791,114,1.0,180.27,78.93,63.93,1,1,1.0
791,115,453.33,65.07,71.4,49.0,1,1,0.8419
791,116,435.2,103.47,70.33,31.93,1,1,0.2318
791,117,628.27,77.87,69.26,37.26,1,1,1.0
791,118,102.4,33.07,26.6,21.27,1,1,1.0
791,119,676.27,133.33,119.4,57.54,1,1,1.0
791,120,816.0,132.27,121.53,57.53,1,1,1.0
792,96,214.4,11.09,26.17,18.71,1,1,1.0
792,98,154.67,19.84,26.17,15.51,1,1,0.0327
792,99,186.45,17.07,22.55,18.49,1,1,1.0
792,100,228.91,24.11,31.93,23.19,1,1,1.0
792,101,292.48,29.65,34.07,21.69,1,1,1.0
792,102,350.72,34.56,36.2,21.27,1,1,1.0
792,103,257.17,173.76,86.98,63.29,1,1,1.0
792,104,343.15,146.99,82.92,57.96,1,1,1.0
792,105,178.03,210.88,91.45,79.08,1,1,1.0
792,106,316.37,22.83,28.1,19.13,1,1,0.767
792,107,195.95,72.53,55.18,43.88,1,1,1.0
792,108,307.73,61.76,42.18,22.33,1,1,0.373
792,109,365.65,56.43,45.38,24.79,1,1,1.0
792,110,425.07,51.31,44.2,28.63,1,1,0.7385
792,111,117.55,66.13,39.82,43.03,1,1,1.0
792,112,40.85,77.87,36.52,30.01,1,1,1.0
792,113,45.01,109.55,49.64,41.32,1,1,1.0
792,114,1.0,184.0,82.13,65.53,1,1,1.0
792,115,448.64,63.89,70.55,48.36,1,1,0.8424
792,116,430.4,101.65,68.95,31.51,1,1,0.2106
792,117,621.55,76.37,68.41,36.95,1,1,1.0
792,118,104.0,33.49,26.71,21.37,1,1,1.0
792,119,668.16,130.77,117.05,57.32,1,1,1.0
792,120,804.48,129.6,118.87,56.89,1,1,1.0
793,96,213.33,10.45,25.75,18.28,1,1,1.0
793,98,154.67,19.41,24.68,15.08,1,1,0.1833
793,99,185.17,16.0,22.76,18.92,1,1,1.0
793,100,227.41,23.68,31.94,22.97,1,1,1.0
793,101,290.56,28.37,34.07,22.12,1,1,1.0
793,102,348.37,33.92,36.2,21.27,1,1,1.0
793,103,263.68,177.92,88.68,64.79,1,1,1.0
793,104,350.29,149.97,84.84,59.46,1,1,1.0
793,105,184.32,216.96,94.44,81.43,1,1,1.0
793,106,313.81,22.19,28.52,19.13,1,1,0.7433
793,107,198.83,73.6,56.04,44.09,1,1,1.0
793,108,305.07,60.59,41.74,22.33,1,1,0.3468
793,109,362.24,55.25,44.95,25.11,1,1,1.0
793,110,421.33,50.35,43.67,28.52,1,1,0.7271
793,111,119.89,67.2,40.26,43.45,1,1,1.0
793,112,42.24,78.93,36.84,30.23,1,1,1.0
793,113,47.36,111.36,50.28,42.17,1,1,1.0
793,114,1.0,187.73,85.33,67.14,1,1,1.0
793,115,443.95,62.72,69.69,47.72,1,1,0.8431
793,116,425.6,99.84,67.56,31.08,1,1,0.2048
793,117,614.83,74.88,67.56,36.63,1,1,1.0
793,118,105.6,33.92,26.81,21.48,1,1,1.0
793,119,660.05,128.21,114.71,57.11,1,1,1.0
793,120,792.96,126.93,116.2,56.26,1,1,1.0
794,96,212.27,9.81,25.32,17.85,1,1,1.0
794,98,154.67,18.99,23.18,14.65,1,1,0.2493
794,99,183.89,14.93,22.98,19.35,1,1,1.0
794,100,225.92,23.25,31.93,22.76,1,1,1.0
794,101,288.64,27.09,34.07,22.55,1,1,1.0
794,102,346.03,33.28,36.2,21.27,1,1,1.0
794,103,270.19,182.08,90.38,66.28,1,1,1.0
794,104,357.44,152.96,86.76,60.95,1,1,1.0
794,105,190.61,223.04,97.43,83.77,1,1,1.0
794,106,311.25,21.55,28.95,19.13,1,1,0.7189
794,107,201.71,74.67,56.89,44.3,1,1,1.0
794,108,302.4,59.41,41.32,22.33,1,1,0.4281
794,109,358.83,54.08,44.52,25.43,1,1,1.0
794,110,417.6,49.39,43.13,28.41,1,1,0.7151
794,111,122.24,68.27,40.68,43.88,1,1,1.0
794,112,43.63,80.0,37.16,30.44,1,1,1.0
794,113,49.71,113.17,50.92,43.03,1,1,1.0
794,114,12.69,191.47,76.84,68.73,1,1,1.0
794,115,439.25,61.55,68.84,47.08,1,1,0.8439
794,116,420.8,98.03,66.17,30.65,1,1,0.2735
794,117,608.11,73.39,66.7,36.3,1,1,1.0
794,118,107.2,34.35,26.92,21.59,1,1,1.0
794,119,651.95,125.65,112.36,56.9,1,1,1.0
794,120,781.44,124.27,113.53,55.61,1,1,1.0
795,96,211.2,9.17,24.89,17.43,1,1,1.0
795,98,154.67,18.56,21.69,14.23,1,1,0.2418
795,99,182.61,13.87,23.19,19.77,1,1,1.0
795,100,224.43,22.83,31.93,22.55,1,1,1.0
795,101,286.72,25.81,34.07,22.97,1,1,1.0
795,102,343.68,32.64,36.2,21.27,1,1,1.0
795,103,276.69,186.24,92.1,67.77,1,1,1.0
795,104,364.59,155.95,88.68,62.44,1,1,1.0
795,105,196.91,229.12,100.41,86.12,1,1,1.0
795,106,308.69,20.91,29.38,19.13,1,1,0.6938
795,107,204.59,75.73,57.74,44.52,1,1,1.0
795,108,299.73,58.24,40.9,22.33,1,1,0.4407
795,109,355.41,52.91,44.1,25.75,1,1,1.0
795,110,413.87,48.43,42.6,28.31,1,1,0.7027
795,111,124.59,69.33,41.1,44.31,1,1,1.0
795,112,45.01,81.07,37.48,30.65,1,1,1.0
795,113,52.05,114.99,51.56,43.88,1,1,1.0
795,114,14.08,195.2,78.65,70.33,1,1,1.0
795,115,434.56,60.37,67.99,46.44,1,1,0.8448
795,116,416.0,96.21,64.79,30.23,1,1,0.2576
795,117,601.39,71.89,65.85,35.99,1,1,1.0
795,118,108.8,34.77,27.03,21.69,1,1,1.0
795,119,643.84,123.09,110.01,56.68,1,1,1.0
795,120,769.92,121.6,110.87,54.97,1,1,1.0
796,96,210.13,8.53,24.47,17.0,1,1,1.0
796,98,154.67,18.13,20.2,13.8,1,1,0.2802
796,99,181.33,12.8,23.4,20.2,1,1,1.0
796,100,222.93,22.4,31.94,22.33,1,1,1.0
796,101,284.8,24.53,34.07,23.4,1,1,1.0
796,102,341.33,32.0,36.2,21.27,1,1,1.0
796,103,283.2,190.4,93.8,69.27,1,1,1.0
796,104,371.73,158.93,90.6,63.94,1,1,1.0
796,105,203.2,235.2,103.4,88.47,1,1,1.0
796,106,306.13,20.27,29.8,19.13,1,1,0.6678
796,107,207.47,76.8,58.6,44.73,1,1,1.0
796,108,297.07,57.07,40.46,22.33,1,1,0.5252
796,109,352.0,51.73,43.67,26.07,1,1,1.0
796,110,410.13,47.47,42.07,28.2,1,1,0.6901
796,111,126.93,70.4,41.54,44.73,1,1,1.0
796,112,46.4,82.13,37.8,30.87,1,1,1.0
796,113,54.4,116.8,52.2,44.73,1,1,1.0
796,114,15.47,198.93,80.47,71.94,1,1,1.0
796,115,429.87,59.2,67.13,45.8,1,1,0.8458
796,116,411.2,94.4,63.4,29.8,1,1,0.2644
796,117,594.67,70.4,65.0,35.67,1,1,1.0
796,118,110.4,35.2,27.13,21.8,1,1,1.0
796,119,635.73,120.53,107.67,56.47,1,1,1.0
796,120,758.4,118.93,108.2,54.34,1,1,1.0
797,100,221.33,21.65,31.72,22.55,1,1,1.0
797,101,282.45,24.11,33.86,22.97,1,1,1.0
797,102,339.84,30.93,35.56,21.27,1,1,1.0
797,103,289.71,194.56,95.5,70.76,1,1,1.0
797,104,378.88,161.92,92.52,65.43,1,1,1.0
797,105,209.49,241.28,106.39,90.81,1,1,1.0
797,106,304.0,19.63,29.16,18.71,1,1,0.679
797,107,210.35,77.87,59.45,44.94,1,1,1.0
797,108,294.4,55.89,40.04,22.33,1,1,0.4525
797,109,348.59,50.56,43.24,26.39,1,1,1.0
797,110,406.4,46.51,41.53,28.09,1,1,0.6767
797,111,129.28,71.47,41.96,45.16,1,1,1.0
797,112,47.79,83.2,38.12,31.08,1,1,1.0
797,113,56.75,118.61,52.84,45.59,1,1,1.0
797,114,16.85,202.67,82.28,73.53,1,1,1.0
797,115,425.17,58.03,66.28,45.16,1,1,0.8468
797,116,406.4,92.59,62.01,29.37,1,1,0.2524
797,117,587.95,68.91,64.14,35.34,1,1,1.0
797,118,112.0,35.63,27.24,21.91,1,1,1.0
797,119,627.63,117.97,105.32,56.26,1,1,1.0
797,120,746.88,116.27,105.53,53.69,1,1,1.0
798,100,219.73,20.91,31.51,22.76,1,1,1.0
798,101,280.11,23.68,33.64,22.55,1,1,1.0
798,102,338.35,29.87,34.92,21.27,1,1,1.0
798,103,296.21,198.72,97.22,72.25,1,1,1.0
798,104,386.03,164.91,94.44,66.92,1,1,1.0
798,105,215.79,247.36,109.37,93.16,1,1,1.0
798,106,301.87,18.99,28.52,18.28,1,1,0.6904
798,107,213.23,78.93,60.3,45.16,1,1,1.0
798,108,291.73,54.72,39.62,22.33,1,1,0.427
798,109,345.17,49.39,42.82,26.71,1,1,1.0
798,110,402.67,45.55,41.0,27.99,1,1,0.6629
798,111,131.63,72.53,42.38,45.59,1,1,1.0
798,112,49.17,84.27,38.44,31.29,1,1,1.0
798,113,59.09,120.43,53.48,46.44,1,1,1.0
798,114,18.24,206.4,84.09,75.13,1,1,1.0
798,115,420.48,56.85,65.43,44.52,1,1,0.8481
798,116,401.6,90.77,60.63,28.95,1,1,0.2793
798,117,581.23,67.41,63.29,35.03,1,1,1.0
798,118,113.6,36.05,27.35,22.01,1,1,1.0
798,119,619.52,115.41,102.97,56.04,1,1,1.0
798,120,735.36,113.6,102.87,53.05,1,1,1.0
799,100,218.13,20.16,31.3,22.97,1,1,1.0
799,101,277.76,23.25,33.43,22.12,1,1,1.0
799,102,336.85,28.8,34.28,21.27,1,1,1.0
799,103,302.72,202.88,98.92,73.75,1,1,1.0
799,104,393.17,167.89,96.36,68.42,1,1,1.0
799,105,222.08,253.44,112.36,95.51,1,1,1.0
799,106,299.73,18.35,27.88,17.85,1,1,0.7019
799,107,216.11,80.0,61.16,45.37,1,1,1.0
799,108,289.07,53.55,39.18,22.33,1,1,0.4807
799,109,341.76,48.21,42.39,27.03,1,1,1.0
799,110,398.93,44.59,40.47,27.88,1,1,0.6487
799,111,133.97,73.6,42.82,46.01,1,1,1.0
799,112,50.56,85.33,38.76,31.51,1,1,1.0
799,113,61.44,122.24,54.12,47.29,1,1,1.0
799,114,19.63,210.13,85.9,76.74,1,1,1.0
799,115,415.79,55.68,64.57,43.88,1,1,0.8494
799,116,396.8,88.96,59.24,28.52,1,1,0.3473
799,117,574.51,65.92,62.44,34.71,1,1,1.0
799,118,115.2,36.48,27.45,22.12,1,1,1.0
799,119,611.41,112.85,100.63,55.83,1,1,1.0
799,120,723.84,110.93,100.2,52.42,1,1,1.0
800,100,216.53,19.41,31.08,23.19,1,1,1.0
800,101,275.41,22.83,33.22,21.69,1,1,1.0
800,102,335.36,27.73,33.64,21.27,1,1,1.0
800,103,309.23,207.04,100.62,75.24,1,1,1.0
800,104,400.32,170.88,98.28,69.91,1,1,1.0
800,105,228.37,259.52,115.35,97.85,1,1,1.0
800,106,297.6,17.71,27.24,17.43,1,1,0.7141
800,107,218.99,81.07,62.01,45.58,1,1,1.0
800,108,286.4,52.37,38.76,22.33,1,1,0.4334
800,109,338.35,47.04,41.96,27.35,1,1,1.0
800,110,395.2,43.63,39.93,27.77,1,1,0.6338
800,111,136.32,74.67,43.24,46.44,1,1,1.0
800,112,51.95,86.4,39.08,31.72,1,1,1.0
800,113,63.79,124.05,54.76,48.15,1,1,1.0
800,114,21.01,213.87,87.72,78.33,1,1,1.0
800,115,411.09,54.51,63.72,43.24,1,1,0.8509
800,116,392.0,87.15,57.85,28.09,1,1,0.3237
800,117,567.79,64.43,61.58,34.39,1,1,1.0
800,118,116.8,36.91,27.56,22.23,1,1,1.0
800,119,603.31,110.29,98.28,55.62,1,1,1.0
800,120,712.32,108.27,97.53,51.77,1,1,1.0
801,100,214.93,18.67,30.87,23.4,1,1,1.0
801,101,273.07,22.4,33.0,21.27,1,1,1.0
801,102,333.87,26.67,33.0,21.27,1,1,1.0
801,103,315.73,211.2,102.34,76.73,1,1,1.0
801,104,407.47,173.87,100.2,71.4,1,1,1.0
801,105,234.67,265.6,118.33,100.2,1,1,1.0
801,106,295.47,17.07,26.6,17.0,1,1,0.7265
801,107,221.87,82.13,62.86,45.8,1,1,1.0
801,108,283.73,51.2,38.34,22.33,1,1,0.5504
801,109,334.93,45.87,41.54,27.67,1,1,1.0
801,110,391.47,42.67,39.4,27.67,1,1,0.6184
801,111,138.67,75.73,43.66,46.87,1,1,1.0
801,112,53.33,87.47,39.4,31.93,1,1,1.0
801,113,66.13,125.87,55.4,49.0,1,1,1.0
801,114,22.4,217.6,89.53,79.93,1,1,1.0
801,115,406.4,53.33,62.87,42.6,1,1,0.8525
801,116,387.2,85.33,56.47,27.67,1,1,0.3311
801,117,561.07,62.93,60.73,34.07,1,1,1.0
801,118,118.4,37.33,27.67,22.33,1,1,1.0
801,119,595.2,107.73,95.93,55.4,1,1,1.0
801,120,700.8,105.6,94.87,51.13,1,1,1.0
801,121,811.73,166.4,130.07,56.47,1,1,0.7367
801,122,810.67,208.0,132.2,68.2,1,1,0.2346
801,123,1.0,45.87,23.47,27.67,1,1,1.0
802,100,213.33,17.92,30.66,23.61,1,1,1.0
802,101,271.36,21.97,32.79,21.27,1,1,1.0
802,102,331.73,26.03,32.36,21.27,1,1,1.0
802,103,324.05,216.53,104.9,78.87,1,1,1.0
802,104,416.43,178.13,102.33,72.47,1,1,1.0
802,105,243.2,273.92,123.24,105.32,1,1,1.0
802,106,293.12,16.64,26.6,16.79,1,1,0.7171
802,107,225.07,83.63,63.08,46.65,1,1,1.0
802,108,281.17,50.77,38.12,22.33,1,1,0.5219
802,109,331.73,44.8,41.32,27.24,1,1,1.0
802,110,388.05,42.03,38.34,27.67,1,1,0.6181
802,111,141.23,77.01,44.52,47.08,1,1,1.0
802,112,54.19,88.53,40.89,32.79,1,1,1.0
802,113,68.27,127.79,56.46,50.28,1,1,1.0
802,114,24.75,221.65,90.6,82.71,1,1,1.0
802,115,402.56,52.69,62.01,43.03,1,1,0.8436
802,116,382.51,84.05,55.82,27.88,1,1,0.2851
802,117,555.73,61.44,59.24,33.64,1,1,1.0
802,118,119.68,38.19,28.09,22.55,1,1,1.0
802,119,587.73,106.24,95.3,54.55,1,1,1.0
802,120,691.63,103.68,92.3,50.07,1,1,1.0
802,121,800.64,164.27,127.51,54.97,1,1,0.7053
802,122,793.17,202.45,130.5,66.71,1,1,0.2739
802,123,1.0,46.72,24.53,27.03,1,1,1.0
803,100,211.73,17.17,30.44,23.83,1,1,1.0
803,101,269.65,21.55,32.58,21.27,1,1,1.0
803,102,329.6,25.39,31.72,21.27,1,1,1.0
803,103,332.37,221.87,107.46,81.0,1,1,1.0
803,104,425.39,182.4,104.46,73.53,1,1,1.0
803,105,251.73,282.24,128.15,110.44,1,1,1.0
803,106,290.77,16.21,26.6,16.57,1,1,0.7078
803,107,228.27,85.12,63.29,47.51,1,1,1.0
803,108,278.61,50.35,37.91,22.33,1,1,0.4322
803,109,328.53,43.73,41.11,26.81,1,1,1.0
803,110,384.64,41.39,37.27,27.67,1,1,0.6177
803,111,143.79,78.29,45.37,47.3,1,1,1.0
803,112,55.04,89.6,42.39,33.64,1,1,1.0
803,113,70.4,129.71,57.53,51.56,1,1,1.0
803,114,27.09,225.71,91.67,85.48,1,1,1.0
803,115,398.72,52.05,61.16,43.45,1,1,0.8357
803,116,377.81,82.77,55.19,28.1,1,1,0.2598
803,117,550.4,59.95,57.75,33.21,1,1,1.0
803,118,120.96,39.04,28.52,22.76,1,1,1.0
803,119,580.27,104.75,94.65,53.69,1,1,1.0
803,120,682.45,101.76,89.75,49.0,1,1,1.0
803,121,789.55,162.13,124.94,53.48,1,1,0.6784
803,122,775.68,196.91,128.79,65.21,1,1,0.2639
803,123,1.0,47.57,25.6,26.39,1,1,1.0
804,100,210.13,16.43,30.23,24.04,1,1,1.0
804,101,267.95,21.12,32.36,21.27,1,1,1.0
804,102,327.47,24.75,31.08,21.27,1,1,1.0
804,103,340.69,227.2,110.02,83.13,1,1,1.0
804,104,434.35,186.67,106.6,74.6,1,1,1.0
804,105,260.27,290.56,133.05,115.56,1,1,1.0
804,106,288.43,15.79,26.6,16.36,1,1,0.699
804,107,231.47,86.61,63.5,48.36,1,1,1.0
804,108,276.05,49.92,37.7,22.33,1,1,0.4623
804,109,325.33,42.67,40.9,26.39,1,1,1.0
804,110,381.23,40.75,36.2,27.67,1,1,0.6172
804,111,146.35,79.57,46.22,47.51,1,1,1.0
804,112,55.89,90.67,43.88,34.49,1,1,1.0
804,113,72.53,131.63,58.6,52.84,1,1,1.0
804,114,29.44,229.76,92.73,88.25,1,1,1.0
804,115,394.88,51.41,60.31,43.88,1,1,0.829
804,116,373.12,81.49,54.55,28.31,1,1,0.3204
804,117,545.07,58.45,56.25,32.79,1,1,1.0
804,118,122.24,39.89,28.95,22.97,1,1,1.0
804,119,572.8,103.25,94.01,52.84,1,1,1.0
804,120,673.28,99.84,87.19,47.93,1,1,1.0
804,121,778.45,160.0,122.39,51.99,1,1,0.6537
804,122,758.19,191.36,127.08,63.72,1,1,0.264
804,123,1.0,48.43,26.67,25.75,1,1,1.0
805,100,208.53,15.68,30.02,24.25,1,1,1.0
805,101,266.24,20.69,32.15,21.27,1,1,1.0
805,102,325.33,24.11,30.44,21.27,1,1,1.0
805,103,349.01,232.53,112.58,85.27,1,1,1.0
805,104,443.31,190.93,108.73,75.67,1,1,1.0
805,105,268.8,298.88,137.96,120.68,1,1,1.0
805,106,286.08,15.36,26.6,16.15,1,1,0.6901
805,107,234.67,88.11,63.72,49.21,1,1,1.0
805,108,273.49,49.49,37.48,22.33,1,1,0.3893
805,109,322.13,41.6,40.68,25.96,1,1,1.0
805,110,377.81,40.11,35.14,27.67,1,1,0.6169
805,111,148.91,80.85,47.08,47.72,1,1,1.0
805,112,56.75,91.73,45.37,35.35,1,1,1.0
805,113,74.67,133.55,59.66,54.12,1,1,1.0
805,114,31.79,233.81,93.8,91.03,1,1,1.0
805,115,391.04,50.77,59.45,44.31,1,1,0.8234
805,116,368.43,80.21,53.9,28.52,1,1,0.2731
805,117,539.73,56.96,54.76,32.36,1,1,1.0
805,118,123.52,40.75,29.37,23.19,1,1,1.0
805,119,565.33,101.76,93.38,51.99,1,1,1.0
805,120,664.11,97.92,84.62,46.87,1,1,1.0
805,121,767.36,157.87,119.83,50.49,1,1,0.6321
805,122,740.69,185.81,125.38,62.23,1,1,0.2602
805,123,1.0,49.28,27.73,25.11,1,1,1.0
806,100,206.93,14.93,29.8,24.47,1,1,1.0
806,101,264.53,20.27,31.94,21.27,1,1,1.0
806,102,323.2,23.47,29.8,21.27,1,1,1.0
806,103,357.33,237.87,115.14,87.4,1,1,1.0
806,104,452.27,195.2,110.86,76.73,1,1,1.0
806,105,277.33,307.2,142.87,125.8,1,1,1.0
806,106,283.73,14.93,26.6,15.93,1,1,0.6814
806,107,237.87,89.6,63.93,50.07,1,1,1.0
806,108,270.93,49.07,37.27,22.33,1,1,0.4346
806,109,318.93,40.53,40.47,25.53,1,1,1.0
806,110,374.4,39.47,34.07,27.67,1,1,0.6164
806,111,151.47,82.13,47.93,47.94,1,1,1.0
806,112,57.6,92.8,46.87,36.2,1,1,1.0
806,113,76.8,135.47,60.73,55.4,1,1,1.0
806,114,34.13,237.87,94.87,93.8,1,1,1.0
806,115,387.2,50.13,58.6,44.73,1,1,0.8189
806,116,363.73,78.93,53.27,28.74,1,1,0.2729
806,117,534.4,55.47,53.27,31.93,1,1,1.0
806,118,124.8,41.6,29.8,23.4,1,1,1.0
806,119,557.87,100.27,92.73,51.13,1,1,1.0
806,120,654.93,96.0,82.07,45.8,1,1,1.0
806,121,756.27,155.73,117.26,49.0,1,1,0.6143
806,122,723.2,180.27,123.67,60.73,1,1,0.2965
806,123,1.0,50.13,28.8,24.47,1,1,1.0
807,100,205.44,14.93,29.16,23.61,1,1,1.0
807,101,263.25,20.27,31.3,20.84,1,1,1.0
807,102,321.28,23.25,30.23,21.27,1,1,1.0
807,103,367.15,244.48,120.46,90.39,1,1,1.0
807,104,462.72,200.53,114.71,77.8,1,1,1.0
807,105,288.64,319.57,150.12,130.28,1,1,1.0
807,106,281.6,14.72,26.81,15.93,1,1,0.6851
807,107,241.49,90.88,65.22,50.92,1,1,1.0
807,108,268.16,48.21,37.91,21.48,1,1,0.3948
807,109,316.59,39.89,39.4,25.53,1,1,1.0
807,110,371.63,38.83,33.64,27.24,1,1,0.5974
807,111,154.67,83.84,48.36,48.57,1,1,1.0
807,112,59.31,94.51,46.86,36.2,1,1,1.0
807,113,80.21,138.67,61.38,55.61,1,1,1.0
807,114,36.27,243.63,97.85,95.08,1,1,1.0
807,115,383.57,49.07,57.96,43.88,1,1,0.8246
807,116,360.11,77.65,52.62,28.52,1,1,0.2226
807,117,529.28,54.83,53.05,31.51,1,1,1.0
807,118,126.72,42.03,30.23,23.61,1,1,1.0
807,119,551.68,98.35,91.45,50.7,1,1,1.0
807,120,646.61,93.87,81.22,45.58,1,1,1.0
807,121,747.52,152.53,113.85,49.22,1,1,0.6284
807,122,710.61,176.64,119.83,58.81,1,1,0.3028
807,123,1.0,50.99,30.51,25.11,1,1,1.0
808,100,203.95,14.93,28.52,22.76,1,1,1.0
808,101,261.97,20.27,30.66,20.41,1,1,1.0
808,102,319.36,23.04,30.65,21.27,1,1,1.0
808,103,376.96,251.09,125.8,93.38,1,1,1.0
808,104,473.17,205.87,118.55,78.86,1,1,1.0
808,105,299.95,331.95,157.37,134.76,1,1,1.0
808,106,279.47,14.51,27.02,15.93,1,1,0.689
808,107,245.12,92.16,66.49,51.77,1,1,1.0
808,108,265.39,47.36,38.54,20.63,1,1,0.4281
808,109,314.24,39.25,38.33,25.53,1,1,1.0
808,110,368.85,38.19,33.22,26.81,1,1,0.5778
808,111,157.87,85.55,48.78,49.21,1,1,1.0
808,112,61.01,96.21,46.87,36.2,1,1,1.0
808,113,83.63,141.87,62.01,55.82,1,1,1.0
808,114,38.4,249.39,100.84,96.36,1,1,1.0
808,115,379.95,48.0,57.32,43.03,1,1,0.8305
808,116,356.48,76.37,51.99,28.31,1,1,0.2694
808,117,524.16,54.19,52.84,31.08,1,1,1.0
808,118,128.64,42.45,30.65,23.83,1,1,1.0
808,119,545.49,96.43,90.18,50.28,1,1,1.0
808,120,638.29,91.73,80.36,45.38,1,1,1.0
808,121,738.77,149.33,110.44,49.43,1,1,0.6451
808,122,698.03,173.01,115.98,56.9,1,1,0.2986
808,123,1.0,51.84,32.21,25.75,1,1,1.0
809,100,202.45,14.93,27.88,21.91,1,1,1.0
809,101,260.69,20.27,30.02,19.99,1,1,1.0
809,102,317.44,22.83,31.08,21.27,1,1,1.0
809,103,386.77,257.71,131.14,96.36,1,1,1.0
809,104,483.63,211.2,122.38,79.93,1,1,1.0
809,105,311.25,344.32,164.63,139.24,1,1,1.0
809,106,277.33,14.29,27.24,15.93,1,1,0.693
809,107,248.75,93.44,67.77,52.63,1,1,1.0
809,108,262.61,46.51,39.19,19.77,1,1,0.379
809,109,311.89,38.61,37.27,25.53,1,1,1.0
809,110,366.08,37.55,32.79,26.39,1,1,0.5569
809,111,161.07,87.25,49.21,49.86,1,1,1.0
809,112,62.72,97.92,46.87,36.2,1,1,1.0
809,113,87.04,145.07,62.65,56.04,1,1,1.0
809,114,40.53,255.15,103.83,97.64,1,1,1.0
809,115,376.32,46.93,56.68,42.17,1,1,0.8366
809,116,352.85,75.09,51.35,28.1,1,1,0.3389
809,117,519.04,53.55,52.63,30.65,1,1,1.0
809,118,130.56,42.88,31.08,24.04,1,1,1.0
809,119,539.31,94.51,88.89,49.85,1,1,1.0
809,120,629.97,89.6,79.51,45.16,1,1,1.0
809,121,730.03,146.13,107.02,49.64,1,1,0.6645
809,122,685.44,169.39,112.15,54.97,1,1,0.3093
809,123,1.0,52.69,33.92,26.39,1,1,1.0
810,100,200.96,14.93,27.24,21.05,1,1,1.0
810,101,259.41,20.27,29.38,19.56,1,1,1.0
810,102,315.52,22.61,31.51,21.27,1,1,1.0
810,103,396.59,264.32,136.46,99.35,1,1,1.0
810,104,494.08,216.53,126.23,81.0,1,1,1.0
810,105,322.56,356.69,171.88,143.72,1,1,1.0
810,106,275.2,14.08,27.45,15.93,1,1,0.6972
810,107,252.37,94.72,69.06,53.48,1,1,1.0
810,108,259.84,45.65,39.83,18.92,1,1,0.5089
810,109,309.55,37.97,36.2,25.53,1,1,1.0
810,110,363.31,36.91,32.36,25.96,1,1,0.535
810,111,164.27,88.96,49.64,50.49,1,1,1.0
810,112,64.43,99.63,46.86,36.2,1,1,1.0
810,113,90.45,148.27,63.3,56.25,1,1,1.0
810,114,42.67,260.91,106.81,98.92,1,1,1.0
810,115,372.69,45.87,56.04,41.32,1,1,0.8427
810,116,349.23,73.81,50.7,27.88,1,1,0.3288
810,117,513.92,52.91,52.41,30.23,1,1,1.0
810,118,132.48,43.31,31.51,24.25,1,1,1.0
810,119,533.12,92.59,87.61,49.42,1,1,1.0
810,120,621.65,87.47,78.66,44.94,1,1,1.0
810,121,721.28,142.93,103.61,49.86,1,1,0.6867
810,122,672.85,165.76,108.31,53.05,1,1,0.3145
810,123,1.0,53.55,35.63,27.03,1,1,1.0
811,100,199.47,14.93,26.6,20.2,1,1,1.0
811,101,258.13,20.27,28.74,19.13,1,1,1.0
811,102,313.6,22.4,31.93,21.27,1,1,1.0
811,103,406.4,270.93,141.8,102.34,1,1,1.0
811,104,504.53,221.87,130.07,82.06,1,1,1.0
811,105,333.87,369.07,179.13,148.2,1,1,1.0
811,106,273.07,13.87,27.66,15.93,1,1,0.7015
811,107,256.0,96.0,70.33,54.33,1,1,1.0
811,108,257.07,44.8,40.46,18.07,1,1,0.624
811,109,307.2,37.33,35.13,25.53,1,1,1.0
811,110,360.53,36.27,31.94,25.53,1,1,0.5122
811,111,167.47,90.67,50.06,51.13,1,1,1.0
811,112,66.13,101.33,46.87,36.2,1,1,1.0
811,113,93.87,151.47,63.93,56.46,1,1,1.0
811,114,44.8,266.67,109.8,100.2,1,1,1.0
811,115,369.07,44.8,55.4,40.47,1,1,0.8489
811,116,345.6,72.53,50.07,27.67,1,1,0.2855
811,117,508.8,52.27,52.2,29.8,1,1,1.0
811,118,134.4,43.73,31.93,24.47,1,1,1.0
811,119,526.93,90.67,86.34,49.0,1,1,1.0
811,120,613.33,85.33,77.8,44.74,1,1,1.0
811,121,712.53,139.73,100.2,50.07,1,1,0.7121
811,122,660.27,162.13,104.46,51.14,1,1,0.3156
811,123,1.0,54.4,37.33,27.67,1,1,1.0
811,124,1.0,35.2,21.33,19.13,1,1,1.0
811,125,70.4,22.4,24.47,19.13,1,1,1.0
812,100,198.19,14.72,26.81,20.2,1,1,1.0
812,101,256.85,19.84,28.31,19.35,1,1,1.0
812,102,312.11,21.97,31.72,20.84,1,1,1.0
812,103,418.99,279.89,147.77,106.82,1,1,1.0
812,104,517.55,227.2,135.18,85.91,1,1,1.0
812,105,349.01,384.43,181.48,143.5,1,1,1.0
812,106,271.57,13.44,27.03,16.36,1,1,0.6939
812,107,260.27,98.13,70.97,54.34,1,1,1.0
812,108,254.72,44.37,40.04,18.49,1,1,0.4676
812,109,304.64,36.48,35.13,25.96,1,1,1.0
812,110,357.76,35.84,32.15,25.11,1,1,0.4955
812,111,170.24,92.59,51.35,51.56,1,1,1.0
812,112,68.05,102.83,46.87,37.05,1,1,1.0
812,113,97.28,154.45,64.15,57.75,1,1,1.0
812,114,48.43,273.07,111.72,103.61,1,1,1.0
812,115,365.65,44.16,54.76,39.83,1,1,0.8535
812,116,342.4,71.68,49.21,27.24,1,1,0.2415
812,117,504.11,51.63,51.34,29.8,1,1,1.0
812,118,136.75,44.8,32.14,24.68,1,1,1.0
812,119,521.6,89.39,84.63,48.14,1,1,1.0
812,120,605.44,84.48,76.52,43.45,1,1,1.0
812,121,703.57,136.96,98.71,50.07,1,1,0.7287
812,122,650.45,158.93,100.84,49.86,1,1,0.3043
812,123,1.0,55.25,39.04,28.31,1,1,1.0
812,124,1.0,35.63,22.19,19.35,1,1,1.0
812,125,71.89,23.04,24.47,19.35,1,1,1.0
813,100,196.91,14.51,27.02,20.2,1,1,1.0
813,101,255.57,19.41,27.88,19.56,1,1,1.0
813,102,310.61,21.55,31.51,20.41,1,1,1.0
813,103,431.57,288.85,153.75,111.3,1,1,1.0
813,104,530.56,232.53,140.31,89.75,1,1,1.0
813,105,364.16,399.79,183.83,141.21,1,1,1.0
813,106,270.08,13.01,26.39,16.79,1,1,0.6865
813,107,264.53,100.27,71.62,54.33,1,1,1.0
813,108,252.37,43.95,39.62,18.92,1,1,0.3369
813,109,302.08,35.63,35.13,26.39,1,1,1.0
813,110,354.99,35.41,32.36,24.68,1,1,0.4789
813,111,173.01,94.51,52.63,51.98,1,1,1.0
813,112,69.97,104.32,46.87,37.91,1,1,1.0
813,113,100.69,157.44,64.36,59.03,1,1,1.0
813,114,52.05,279.47,113.64,107.02,1,1,1.0
813,115,362.24,43.52,54.12,39.19,1,1,0.8582
813,116,339.2,70.83,48.36,26.81,1,1,0.3113
813,117,499.41,50.99,50.5,29.8,1,1,1.0
813,118,139.09,45.87,32.36,24.89,1,1,1.0
813,119,516.27,88.11,82.92,47.29,1,1,1.0
813,120,597.55,83.63,75.24,42.17,1,1,0.9805
813,121,694.61,134.19,97.22,50.06,1,1,0.7466
813,122,640.64,155.73,97.21,48.58,1,1,0.3349
813,123,1.0,56.11,40.75,28.95,1,1,1.0
813,124,1.0,36.05,23.04,19.56,1,1,1.0
813,125,73.39,23.68,24.47,19.56,1,1,1.0
814,100,195.63,14.29,27.24,20.2,1,1,1.0
814,101,254.29,18.99,27.46,19.77,1,1,1.0
814,102,309.12,21.12,31.29,19.99,1,1,1.0
814,103,444.16,297.81,159.72,115.78,1,1,1.0
814,104,543.57,237.87,145.43,93.58,1,1,1.0
814,105,379.31,415.15,186.17,125.85,1,1,1.0
814,106,268.59,12.59,25.74,17.21,1,1,0.6788
814,107,268.8,102.4,72.25,54.33,1,1,1.0
814,108,250.03,43.52,39.18,19.35,1,1,0.3385
814,109,299.52,34.77,35.13,26.81,1,1,1.0
814,110,352.21,34.99,32.58,24.25,1,1,0.4625
814,111,175.79,96.43,53.9,52.41,1,1,1.0
814,112,71.89,105.81,46.87,38.76,1,1,1.0
814,113,104.11,160.43,64.57,60.3,1,1,1.0
814,114,55.68,285.87,115.56,110.44,1,1,1.0
814,115,358.83,42.88,53.48,38.55,1,1,0.8629
814,116,336.0,69.97,47.51,26.39,1,1,0.3117
814,117,494.72,50.35,49.64,29.8,1,1,1.0
814,118,141.44,46.93,32.57,25.11,1,1,1.0
814,119,510.93,86.83,81.22,46.44,1,1,1.0
814,120,589.65,82.77,73.96,40.9,1,1,0.9695
814,121,685.65,131.41,95.72,50.07,1,1,0.7659
814,122,630.83,152.53,93.58,47.3,1,1,0.3772
814,123,1.0,56.96,42.45,29.59,1,1,1.0
814,124,1.0,36.48,23.89,19.77,1,1,1.0
814,125,74.88,24.32,24.47,19.77,1,1,1.0
815,100,194.35,14.08,27.45,20.2,1,1,1.0
815,101,253.01,18.56,27.03,19.99,1,1,1.0
815,102,307.63,20.69,31.08,19.56,1,1,1.0
815,103,456.75,306.77,165.69,120.26,1,1,1.0
815,104,556.59,243.2,150.54,97.43,1,1,1.0
815,105,394.45,430.51,188.52,110.49,1,1,1.0
815,106,267.09,12.16,25.11,17.64,1,1,0.6714
815,107,273.07,104.53,72.89,54.34,1,1,1.0
815,108,247.68,43.09,38.76,19.77,1,1,0.3547
815,109,296.96,33.92,35.13,27.24,1,1,1.0
815,110,349.44,34.56,32.79,23.83,1,1,0.4457
815,111,178.56,98.35,55.19,52.84,1,1,1.0
815,112,73.81,107.31,46.87,39.61,1,1,1.0
815,113,107.52,163.41,64.79,61.59,1,1,1.0
815,114,59.31,292.27,117.48,113.85,1,1,1.0
815,115,355.41,42.24,52.84,37.91,1,1,0.8677
815,116,332.8,69.12,46.65,25.96,1,1,0.294
815,117,490.03,49.71,48.78,29.8,1,1,1.0
815,118,143.79,48.0,32.78,25.32,1,1,1.0
815,119,505.6,85.55,79.51,45.58,1,1,1.0
815,120,581.76,81.92,72.68,39.61,1,1,0.9581
815,121,676.69,128.64,94.23,50.07,1,1,0.7865
815,122,621.01,149.33,89.96,46.02,1,1,0.3768
815,123,1.0,57.81,44.16,30.23,1,1,1.0
815,124,1.0,36.91,24.75,19.99,1,1,1.0
815,125,76.37,24.96,24.47,19.99,1,1,1.0
816,100,193.07,13.87,27.66,20.2,1,1,1.0
816,101,251.73,18.13,26.6,20.2,1,1,1.0
816,102,306.13,20.27,30.87,19.13,1,1,1.0
816,103,469.33,315.73,171.67,124.74,1,1,1.0
816,104,569.6,248.53,155.67,101.27,1,1,1.0
816,105,409.6,445.87,190.87,95.13,1,1,1.0
816,106,265.6,11.73,24.47,18.07,1,1,0.6641
816,107,277.33,106.67,73.54,54.33,1,1,1.0
816,108,245.33,42.67,38.34,20.2,1,1,0.2897
816,109,294.4,33.07,35.13,27.67,1,1,1.0
816,110,346.67,34.13,33.0,23.4,1,1,0.4291
816,111,181.33,100.27,56.47,53.26,1,1,1.0
816,112,75.73,108.8,46.87,40.47,1,1,1.0
816,113,110.93,166.4,65.0,62.87,1,1,1.0
816,114,62.93,298.67,119.4,117.26,1,1,1.0
816,115,352.0,41.6,52.2,37.27,1,1,0.8725
816,116,329.6,68.27,45.8,25.53,1,1,0.2381
816,117,485.33,49.07,47.94,29.8,1,1,1.0
816,118,146.13,49.07,33.0,25.53,1,1,1.0
816,119,500.27,84.27,77.8,44.73,1,1,1.0
816,120,573.87,81.07,71.4,38.33,1,1,0.9461
816,121,667.73,125.87,92.74,50.06,1,1,0.8087
816,122,611.2,146.13,86.33,44.74,1,1,0.4087
816,123,1.0,58.67,45.87,30.87,1,1,1.0
816,124,1.0,37.33,25.6,20.2,1,1,1.0
816,125,77.87,25.6,24.46,20.2,1,1,1.0
817,100,191.79,13.65,27.02,19.77,1,1,1.0
817,101,249.81,17.71,26.82,19.99,1,1,1.0
817,102,304.43,20.05,30.22,19.13,1,1,1.0
817,103,486.19,327.89,178.7,130.28,1,1,1.0
817,104,585.6,257.07,161.85,104.25,1,1,1.0
817,106,264.11,11.52,24.04,17.43,1,1,0.6641
817,107,282.24,109.01,75.03,55.62,1,1,1.0
817,108,243.84,42.45,37.69,20.2,1,1,0.2879
817,109,292.05,33.07,34.71,27.03,1,1,1.0
817,110,344.11,33.71,32.14,22.97,1,1,0.4235
817,111,185.17,102.19,57.32,54.54,1,1,1.0
817,112,77.65,110.93,47.3,40.9,1,1,1.0
817,113,114.13,170.03,67.14,64.57,1,1,1.0
817,114,66.77,307.2,122.39,121.11,1,1,1.0
817,115,348.8,41.17,51.77,37.05,1,1,0.8717
817,116,326.61,67.41,44.95,24.68,1,1,0.276
817,117,480.64,48.21,47.72,29.59,1,1,1.0
817,118,147.63,49.92,33.64,25.96,1,1,1.0
817,119,495.15,83.2,76.94,44.31,1,1,1.0
817,120,567.25,79.36,69.48,38.33,1,1,0.9373
817,121,659.41,124.59,91.03,49.21,1,1,0.8049
817,122,602.03,143.15,85.9,45.37,1,1,0.4155
817,123,1.0,60.37,46.93,30.23,1,1,1.0
817,124,1.0,37.97,26.45,20.41,1,1,1.0
817,125,78.93,26.03,24.68,20.2,1,1,1.0
818,100,190.51,13.44,26.38,19.35,1,1,1.0
818,101,247.89,17.28,27.03,19.77,1,1,1.0
818,102,302.72,19.84,29.59,19.13,1,1,1.0
818,103,503.04,340.05,185.75,135.83,1,1,1.0
818,104,601.6,265.6,168.04,107.24,1,1,1.0
818,106,262.61,11.31,23.62,16.79,1,1,0.6643
818,107,287.15,111.36,76.52,56.89,1,1,1.0
818,108,242.35,42.24,37.05,20.2,1,1,0.2929
818,109,289.71,33.07,34.28,26.39,1,1,1.0
818,110,341.55,33.28,31.29,22.55,1,1,0.4177
818,111,189.01,104.11,58.18,55.82,1,1,1.0
818,112,79.57,113.07,47.72,41.32,1,1,1.0
818,113,117.33,173.65,69.27,66.28,1,1,1.0
818,114,70.61,315.73,125.38,124.95,1,1,1.0
818,115,345.6,40.75,51.35,36.84,1,1,0.8711
818,116,323.63,66.56,44.09,23.83,1,1,0.3293
818,117,475.95,47.36,47.5,29.37,1,1,1.0
818,118,149.12,50.77,34.28,26.39,1,1,1.0
818,119,490.03,82.13,76.09,43.88,1,1,1.0
818,120,560.64,77.65,67.56,38.34,1,1,0.9284
818,121,651.09,123.31,89.32,48.36,1,1,0.8013
818,122,592.85,140.16,85.48,46.01,1,1,0.396
818,123,12.37,62.08,36.63,29.59,1,1,1.0
818,124,1.0,38.61,27.31,20.63,1,1,1.0
818,125,80.0,26.45,24.89,20.2,1,1,1.0
819,100,189.23,13.23,25.74,18.92,1,1,1.0
819,101,245.97,16.85,27.24,19.56,1,1,1.0
819,102,301.01,19.63,28.95,19.13,1,1,1.0
819,103,519.89,352.21,192.79,141.38,1,1,1.0
819,104,617.6,274.13,174.23,110.23,1,1,1.0
819,106,261.12,11.09,23.19,16.15,1,1,0.6646
819,107,292.05,113.71,78.02,58.17,1,1,1.0
819,108,240.85,42.03,36.42,20.2,1,1,0.228
819,109,287.36,33.07,33.85,25.75,1,1,1.0
819,110,338.99,32.85,30.44,22.12,1,1,0.4118
819,111,192.85,106.03,59.03,57.1,1,1,1.0
819,112,81.49,115.2,48.15,41.75,1,1,1.0
819,113,120.53,177.28,71.4,67.99,1,1,1.0
819,114,74.45,324.27,128.36,128.78,1,1,1.0
819,115,342.4,40.32,50.92,36.63,1,1,0.8705
819,116,320.64,65.71,43.24,22.97,1,1,0.2739
819,117,471.25,46.51,47.3,29.16,1,1,1.0
819,118,150.61,51.63,34.92,26.81,1,1,1.0
819,119,484.91,81.07,75.24,43.45,1,1,1.0
819,120,554.03,75.95,65.64,38.33,1,1,0.9192
819,121,642.77,122.03,87.62,47.5,1,1,0.7982
819,122,583.68,137.17,85.05,46.66,1,1,0.4058
819,123,13.23,63.79,36.84,28.95,1,1,1.0
819,124,1.0,39.25,28.16,20.84,1,1,1.0
819,125,81.07,26.88,25.1,20.2,1,1,1.0
820,100,187.95,13.01,25.1,18.49,1,1,1.0
820,101,244.05,16.43,27.46,19.35,1,1,1.0
820,102,299.31,19.41,28.3,19.13,1,1,1.0
820,103,536.75,364.37,199.82,146.92,1,1,1.0
820,104,633.6,282.67,180.41,113.21,1,1,1.0
820,106,259.63,10.88,22.76,15.51,1,1,0.6647
820,107,296.96,116.05,79.51,59.46,1,1,1.0
820,108,239.36,41.81,35.77,20.2,1,1,0.2243
820,109,285.01,33.07,33.43,25.11,1,1,1.0
820,110,336.43,32.43,29.58,21.69,1,1,0.4056
820,111,196.69,107.95,59.88,58.38,1,1,1.0
820,112,83.41,117.33,48.58,42.18,1,1,1.0
820,113,123.73,180.91,73.54,69.69,1,1,1.0
820,114,78.29,332.8,131.35,132.63,1,1,1.0
820,115,339.2,39.89,50.49,36.41,1,1,0.8702
820,116,317.65,64.85,42.39,22.12,1,1,0.3287
820,117,466.56,45.65,47.08,28.95,1,1,1.0
820,118,152.11,52.48,35.56,27.24,1,1,1.0
820,119,479.79,80.0,74.38,43.03,1,1,1.0
820,120,547.41,74.24,63.72,38.33,1,1,0.9099
820,121,634.45,120.75,85.91,46.65,1,1,0.7955
820,122,574.51,134.19,84.62,47.29,1,1,0.4299
820,123,14.08,65.49,37.05,28.31,1,1,1.0
820,124,1.0,39.89,29.01,21.05,1,1,1.0
820,125,82.13,27.31,25.32,20.2,1,1,1.0
821,100,186.67,12.8,24.46,18.07,1,1,1.0
821,101,242.13,16.0,27.67,19.13,1,1,1.0
821,102,297.6,19.2,27.67,19.13,1,1,1.0
821,103,553.6,376.53,206.87,152.47,1,1,1.0
821,104,649.6,291.2,186.6,116.2,1,1,1.0
821,106,258.13,10.67,22.34,14.87,1,1,0.665
821,107,301.87,118.4,81.0,60.73,1,1,1.0
821,108,237.87,41.6,35.13,20.2,1,1,0.2207
821,109,282.67,33.07,33.0,24.47,1,1,1.0
821,110,333.87,32.0,28.73,21.27,1,1,0.3992
821,111,200.53,109.87,60.74,59.66,1,1,1.0
821,112,85.33,119.47,49.0,42.6,1,1,1.0
821,113,126.93,184.53,75.67,71.4,1,1,1.0
821,114,82.13,341.33,134.34,136.47,1,1,1.0
821,115,336.0,39.47,50.07,36.2,1,1,0.87
821,116,314.67,64.0,41.53,21.27,1,1,0.2947
821,117,461.87,44.8,46.86,28.73,1,1,1.0
821,118,153.6,53.33,36.2,27.67,1,1,1.0
821,119,474.67,78.93,73.53,42.6,1,1,1.0
821,120,540.8,72.53,61.8,38.34,1,1,0.9002
821,121,626.13,119.47,84.2,45.8,1,1,0.7933
821,122,565.33,131.2,84.2,47.93,1,1,0.4036
821,123,14.93,67.2,37.27,27.67,1,1,1.0
821,124,1.0,40.53,29.87,21.27,1,1,1.0
821,125,83.2,27.73,25.53,20.2,1,1,1.0
822,101,241.07,15.36,27.02,19.56,1,1,1.0
822,102,295.68,18.77,27.45,18.92,1,1,1.0
822,103,575.15,392.11,207.08,148.89,1,1,1.0
822,104,669.65,301.23,190.23,121.53,1,1,1.0
822,107,306.77,120.32,82.07,62.23,1,1,1.0
822,108,235.73,40.96,34.5,19.99,1,1,0.1587
822,109,280.11,32.43,32.57,24.25,1,1,1.0
822,110,330.88,31.79,29.37,20.63,1,1,0.365
822,111,204.59,112.21,61.58,60.95,1,1,1.0
822,112,87.04,121.17,49.85,43.46,1,1,1.0
822,113,130.77,189.44,77.16,72.89,1,1,1.0
822,114,87.25,350.93,137.54,138.18,1,1,1.0
822,115,332.8,38.4,49.21,36.63,1,1,0.8673
822,116,310.4,62.93,42.17,21.69,1,1,0.2336
822,117,457.81,44.59,46.44,28.09,1,1,1.0
822,118,155.95,54.19,36.2,27.67,1,1,1.0
822,119,469.55,78.51,72.46,41.32,1,1,1.0
822,120,534.83,71.25,60.73,37.91,1,1,0.9044
822,121,618.67,118.19,83.13,44.94,1,1,1.0
822,122,556.37,128.85,82.92,47.51,1,1,0.4052
822,123,16.21,68.27,37.69,28.09,1,1,1.0
822,124,1.0,40.53,30.51,22.12,1,1,1.0
822,125,84.27,28.37,25.74,19.99,1,1,1.0
823,101,240.0,14.72,26.39,19.99,1,1,1.0
823,102,293.76,18.35,27.24,18.71,1,1,1.0
823,103,596.69,407.68,207.3,133.32,1,1,1.0
823,104,689.71,311.25,193.85,126.87,1,1,1.0
823,107,311.68,122.24,83.13,63.72,1,1,1.0
823,108,233.6,40.32,33.85,19.77,1,1,0.2065
823,109,277.55,31.79,32.14,24.04,1,1,1.0
823,110,327.89,31.57,30.02,19.99,1,1,0.3287
823,111,208.64,114.56,62.44,62.23,1,1,1.0
823,112,88.75,122.88,50.7,44.31,1,1,1.0
823,113,134.61,194.35,78.66,74.38,1,1,1.0
823,114,92.37,360.53,140.74,139.88,1,1,1.0
823,115,329.6,37.33,48.36,37.05,1,1,0.8648
823,116,306.13,61.87,42.82,22.12,1,1,0.1868
823,117,453.76,44.37,46.01,27.45,1,1,1.0
823,118,158.29,55.04,36.2,27.67,1,1,1.0
823,119,464.43,78.08,71.4,40.04,1,1,1.0
823,120,528.85,69.97,59.67,37.48,1,1,0.9083
823,121,611.2,116.91,82.07,44.09,1,1,1.0
823,122,547.41,126.51,81.64,47.08,1,1,0.3889
823,123,17.49,69.33,38.12,28.52,1,1,1.0
823,124,1.0,40.53,31.15,22.97,1,1,1.0
823,125,85.33,29.01,25.96,19.77,1,1,1.0
824,101,238.93,14.08,25.75,20.41,1,1,1.0
824,102,291.84,17.92,27.03,18.49,1,1,1.0
824,103,618.24,423.25,207.51,117.75,1,1,1.0
824,104,709.76,321.28,197.48,132.2,1,1,1.0
824,107,316.59,124.16,84.2,65.21,1,1,1.0
824,108,231.47,39.68,33.21,19.56,1,1,0.2454
824,109,274.99,31.15,31.72,23.83,1,1,1.0
824,110,324.91,31.36,30.65,19.35,1,1,0.2899
824,111,212.69,116.91,63.3,63.5,1,1,1.0
824,112,90.45,124.59,51.56,45.16,1,1,1.0
824,113,138.45,199.25,80.15,75.88,1,1,1.0
824,114,97.49,370.13,143.94,141.59,1,1,1.0
824,115,326.4,36.27,47.51,37.48,1,1,0.8624
824,116,301.87,60.8,43.45,22.55,1,1,0.2538
824,117,449.71,44.16,45.58,26.81,1,1,1.0
824,118,160.64,55.89,36.2,27.67,1,1,1.0
824,119,459.31,77.65,70.33,38.76,1,1,1.0
824,120,522.88,68.69,58.6,37.06,1,1,0.9125
824,121,603.73,115.63,81.0,43.24,1,1,1.0
824,122,538.45,124.16,80.36,46.65,1,1,0.3824
824,123,18.77,70.4,38.55,28.95,1,1,1.0
824,124,1.0,40.53,31.79,23.83,1,1,1.0
824,125,86.4,29.65,26.17,19.56,1,1,1.0
825,101,237.87,13.44,25.1,20.84,1,1,1.0
825,102,289.92,17.49,26.81,18.28,1,1,1.0
825,103,639.79,438.83,207.72,102.17,1,1,1.0
825,104,729.81,331.31,201.11,137.53,1,1,1.0
825,107,321.49,126.08,85.27,66.71,1,1,1.0
825,108,229.33,39.04,32.58,19.35,1,1,0.1704
825,109,272.43,30.51,31.29,23.61,1,1,1.0
825,110,321.92,31.15,31.29,18.71,1,1,0.2487
825,111,216.75,119.25,64.14,64.79,1,1,1.0
825,112,92.16,126.29,52.41,46.02,1,1,1.0
825,113,142.29,204.16,81.64,77.37,1,1,1.0
825,114,102.61,379.73,147.14,143.3,1,1,1.0
825,115,323.2,35.2,46.65,37.91,1,1,0.8602
825,116,297.6,59.73,44.09,22.97,1,1,0.2059
825,117,445.65,43.95,45.16,26.17,1,1,1.0
825,118,162.99,56.75,36.2,27.67,1,1,1.0
825,119,454.19,77.23,69.26,37.48,1,1,1.0
825,120,516.91,67.41,57.53,36.63,1,1,0.9168
825,121,596.27,114.35,79.93,42.38,1,1,1.0
825,122,529.49,121.81,79.08,46.23,1,1,0.3974
825,123,20.05,71.47,38.97,29.37,1,1,1.0
825,124,1.0,40.53,32.43,24.68,1,1,1.0
825,125,87.47,30.29,26.38,19.35,1,1,1.0
826,101,236.8,12.8,24.47,21.27,1,1,1.0
826,102,288.0,17.07,26.6,18.07,1,1,1.0
826,103,661.33,454.4,207.94,86.6,1,1,1.0
826,104,749.87,341.33,211.13,142.87,1,1,1.0
826,107,326.4,128.0,86.33,68.2,1,1,1.0
826,108,227.2,38.4,31.93,19.13,1,1,0.2388
826,109,269.87,29.87,30.86,23.4,1,1,1.0
826,110,318.93,30.93,31.94,18.07,1,1,0.2047
826,111,220.8,121.6,65.0,66.07,1,1,1.0
826,112,93.87,128.0,53.26,46.87,1,1,1.0
826,113,146.13,209.07,83.14,78.86,1,1,1.0
826,114,107.73,389.33,150.34,145.0,1,1,1.0
826,115,320.0,34.13,45.8,38.33,1,1,0.858
826,116,293.33,58.67,44.74,23.4,1,1,0.1553
826,117,441.6,43.73,44.73,25.53,1,1,1.0
826,118,165.33,57.6,36.2,27.67,1,1,1.0
826,119,449.07,76.8,68.2,36.2,1,1,1.0
826,120,510.93,66.13,56.47,36.2,1,1,0.9208
826,121,588.8,113.07,78.87,41.53,1,1,1.0
826,122,520.53,119.47,77.8,45.8,1,1,0.3668
826,123,21.33,72.53,39.4,29.8,1,1,1.0
826,124,1.0,40.53,33.07,25.53,1,1,1.0
826,125,88.53,30.93,26.6,19.13,1,1,1.0
826,126,865.07,186.67,95.93,67.13,1,1,1.0
827,101,234.88,13.01,24.47,20.63,1,1,1.0
827,102,286.08,17.07,26.6,18.07,1,1,1.0
827,104,776.53,355.2,184.47,135.83,1,1,1.0
827,107,332.37,130.77,88.26,69.91,1,1,1.0
827,108,225.92,37.97,31.51,18.92,1,1,0.1216
827,109,267.52,29.23,31.08,23.83,1,1,1.0
827,110,316.8,30.08,30.65,17.85,1,1,0.2205
827,111,225.71,124.37,66.28,67.56,1,1,1.0
827,112,96.0,130.56,54.12,47.51,1,1,1.0
827,113,151.04,214.61,85.27,81.0,1,1,1.0
827,114,113.28,402.56,153.11,138.44,1,1,1.0
827,115,317.01,33.92,45.59,37.91,1,1,0.8552
827,116,291.2,57.81,43.67,22.76,1,1,0.1989
827,117,437.33,42.88,44.31,25.53,1,1,1.0
827,118,167.47,59.09,36.2,27.67,1,1,1.0
827,119,444.16,75.31,67.56,36.62,1,1,1.0
827,120,505.39,65.71,55.82,34.92,1,1,0.9178
827,121,582.19,111.36,77.8,40.89,1,1,1.0
827,122,513.49,117.55,75.24,44.3,1,1,0.3756
827,123,22.4,73.81,40.04,30.23,1,1,1.0
827,124,1.0,41.39,33.92,25.32,1,1,1.0
827,125,89.81,31.57,26.82,19.77,1,1,1.0
827,126,851.41,183.04,109.59,65.21,1,1,1.0
828,101,232.96,13.23,24.47,19.99,1,1,1.0
828,102,284.16,17.07,26.6,18.07,1,1,1.0
828,104,803.2,369.07,157.8,128.78,1,1,1.0
828,107,338.35,133.55,90.17,71.61,1,1,1.0
828,108,224.64,37.55,31.08,18.71,1,1,0.1513
828,109,265.17,28.59,31.3,24.25,1,1,1.0
828,110,314.67,29.23,29.37,17.64,1,1,0.254
828,111,230.61,127.15,67.56,69.05,1,1,1.0
828,112,98.13,133.12,54.98,48.15,1,1,1.0
828,113,155.95,220.16,87.4,83.13,1,1,1.0
828,114,118.83,415.79,155.88,125.21,1,1,1.0
828,115,314.03,33.71,45.37,37.48,1,1,0.8524
828,116,289.07,56.96,42.6,22.12,1,1,0.2603
828,117,433.07,42.03,43.88,25.53,1,1,1.0
828,118,169.6,60.59,36.2,27.67,1,1,1.0
828,119,439.25,73.81,66.92,37.06,1,1,1.0
828,120,499.84,65.28,55.19,33.64,1,1,0.9144
828,121,575.57,109.65,76.74,40.26,1,1,1.0
828,122,506.45,115.63,72.68,42.81,1,1,0.3835
828,123,23.47,75.09,40.68,30.66,1,1,1.0
828,124,1.0,42.24,34.77,25.11,1,1,1.0
828,125,91.09,32.21,27.03,20.41,1,1,1.0
828,126,837.76,179.41,123.24,63.3,1,1,1.0
829,101,231.04,13.44,24.47,19.35,1,1,1.0
829,102,282.24,17.07,26.6,18.07,1,1,1.0
829,104,829.87,382.93,131.13,121.75,1,1,1.0
829,107,344.32,136.32,92.09,73.32,1,1,1.0
829,108,223.36,37.12,30.65,18.49,1,1,0.2058
829,109,262.83,27.95,31.5,24.68,1,1,1.0
829,110,312.53,28.37,28.1,17.43,1,1,0.2938
829,111,235.52,129.92,68.84,70.55,1,1,1.0
829,112,100.27,135.68,55.82,48.79,1,1,1.0
829,113,160.85,225.71,89.54,85.26,1,1,1.0
829,114,124.37,429.01,158.66,111.99,1,1,1.0
829,115,311.04,33.49,45.16,37.05,1,1,0.8496
829,116,286.93,56.11,41.54,21.48,1,1,0.3197
829,117,428.8,41.17,43.45,25.53,1,1,1.0
829,118,171.73,62.08,36.2,27.67,1,1,1.0
829,119,434.35,72.32,66.28,37.48,1,1,1.0
829,120,494.29,64.85,54.55,32.36,1,1,0.9106
829,121,568.96,107.95,75.67,39.61,1,1,1.0
829,122,499.41,113.71,70.12,41.32,1,1,0.4046
829,123,24.53,76.37,41.32,31.08,1,1,1.0
829,124,1.0,43.09,35.63,24.89,1,1,1.0
829,125,92.37,32.85,27.24,21.05,1,1,1.0
829,126,824.11,175.79,136.89,61.37,1,1,1.0
830,101,229.12,13.65,24.47,18.71,1,1,1.0
830,102,280.32,17.07,26.6,18.07,1,1,1.0
830,104,856.53,396.8,104.47,114.71,1,1,1.0
830,107,350.29,139.09,94.02,75.03,1,1,1.0
830,108,222.08,36.69,30.23,18.28,1,1,0.1809
830,109,260.48,27.31,31.72,25.11,1,1,1.0
830,110,310.4,27.52,26.81,17.21,1,1,0.3346
830,111,240.43,132.69,70.12,72.04,1,1,1.0
830,112,102.4,138.24,56.68,49.43,1,1,1.0
830,113,165.76,231.25,91.67,87.4,1,1,1.0
830,114,129.92,442.24,161.43,98.76,1,1,1.0
830,115,308.05,33.28,44.95,36.63,1,1,0.8467
830,116,284.8,55.25,40.47,20.84,1,1,0.2558
830,117,424.53,40.32,43.03,25.53,1,1,1.0
830,118,173.87,63.57,36.2,27.67,1,1,1.0
830,119,429.44,70.83,65.64,37.9,1,1,1.0
830,120,488.75,64.43,53.9,31.08,1,1,0.9067
830,121,562.35,106.24,74.6,38.97,1,1,1.0
830,122,492.37,111.79,67.56,39.82,1,1,0.4224
830,123,25.6,77.65,41.96,31.51,1,1,1.0
830,124,1.0,43.95,36.48,24.68,1,1,1.0
830,125,93.65,33.49,27.46,21.69,1,1,1.0
830,126,810.45,172.16,132.84,59.45,1,1,1.0
831,101,227.2,13.87,24.47,18.07,1,1,1.0
831,102,278.4,17.07,26.6,18.07,1,1,1.0
831,104,883.2,410.67,77.8,107.66,1,1,1.0
831,107,356.27,141.87,95.93,76.73,1,1,1.0
831,108,220.8,36.27,29.8,18.07,1,1,0.2386
831,109,258.13,26.67,31.94,25.53,1,1,1.0
831,110,308.27,26.67,25.53,17.0,1,1,0.3765
831,111,245.33,135.47,71.4,73.53,1,1,1.0
831,112,104.53,140.8,57.54,50.07,1,1,1.0
831,113,170.67,236.8,93.8,89.53,1,1,1.0
831,114,135.47,455.47,164.2,85.53,1,1,1.0
831,115,305.07,33.07,44.73,36.2,1,1,0.8439
831,116,282.67,54.4,39.4,20.2,1,1,0.2772
831,117,420.27,39.47,42.6,25.53,1,1,1.0
831,118,176.0,65.07,36.2,27.67,1,1,1.0
831,119,424.53,69.33,65.0,38.34,1,1,1.0
831,120,483.2,64.0,53.27,29.8,1,1,0.9024
831,121,555.73,104.53,73.54,38.34,1,1,1.0
831,122,485.33,109.87,65.0,38.33,1,1,0.4268
831,123,26.67,78.93,42.6,31.94,1,1,1.0
831,124,1.0,44.8,37.33,24.47,1,1,1.0
831,125,94.93,34.13,27.67,22.33,1,1,1.0
831,126,796.8,168.53,138.6,57.54,1,1,1.0
831,127,919.47,164.27,41.53,43.66,1,1,0.6538
832,101,225.71,14.08,24.89,18.07,1,1,1.0
832,102,277.12,16.64,26.17,18.28,1,1,1.0
832,107,363.31,145.28,97.64,77.37,1,1,1.0
832,108,218.67,35.63,29.8,18.07,1,1,0.1697
832,109,256.0,26.24,31.51,25.32,1,1,1.0
832,110,305.28,26.67,25.75,17.21,1,1,0.347
832,111,250.88,138.67,72.25,74.81,1,1,1.0
832,112,107.09,143.57,57.96,50.92,1,1,1.0
832,113,176.64,243.2,96.79,91.67,1,1,1.0
832,115,302.72,32.64,44.31,35.77,1,1,0.8488
832,116,279.89,53.76,39.19,20.41,1,1,0.2116
832,117,417.07,38.83,41.96,25.75,1,1,1.0
832,118,178.13,66.13,36.84,27.88,1,1,1.0
832,119,420.48,68.48,64.15,37.48,1,1,1.0
832,120,477.87,62.51,52.41,30.65,1,1,0.8962
832,121,549.55,103.25,73.1,38.12,1,1,1.0
832,122,478.72,107.95,64.57,38.33,1,1,0.3694
832,123,27.95,80.43,42.6,32.57,1,1,1.0
832,124,1.0,45.65,38.19,24.47,1,1,1.0
832,125,96.0,34.99,28.52,22.76,1,1,1.0
832,126,784.64,164.91,136.89,57.53,1,1,1.0
832,127,906.67,160.43,54.33,45.8,1,1,0.7532
833,101,224.21,14.29,25.32,18.07,1,1,1.0
833,102,275.84,16.21,25.75,18.49,1,1,1.0
833,107,370.35,148.69,99.34,78.02,1,1,1.0
833,108,216.53,34.99,29.8,18.07,1,1,0.1697
833,109,253.87,25.81,31.08,25.11,1,1,1.0
833,110,302.29,26.67,25.96,17.43,1,1,0.3183
833,111,256.43,141.87,73.1,76.09,1,1,1.0
833,112,109.65,146.35,58.39,51.77,1,1,1.0
833,113,182.61,249.6,99.78,93.8,1,1,1.0
833,115,300.37,32.21,43.88,35.35,1,1,0.8536
833,116,277.12,53.12,38.97,20.63,1,1,0.2892
833,117,413.87,38.19,41.32,25.96,1,1,1.0
833,118,180.27,67.2,37.48,28.09,1,1,1.0
833,119,416.43,67.63,63.29,36.62,1,1,1.0
833,120,472.53,61.01,51.56,31.51,1,1,0.8898
833,121,543.36,101.97,72.68,37.91,1,1,1.0
833,122,472.11,106.03,64.14,38.33,1,1,0.4166
833,123,29.23,81.92,42.6,33.21,1,1,1.0
833,124,1.0,46.51,39.04,24.47,1,1,1.0
833,125,97.07,35.84,29.37,23.19,1,1,1.0
833,126,772.48,161.28,135.19,57.53,1,1,1.0
833,127,893.87,156.59,67.13,47.93,1,1,0.8145
834,101,222.72,14.51,25.75,18.07,1,1,1.0
834,102,274.56,15.79,25.32,18.71,1,1,1.0
834,107,377.39,152.11,101.05,78.65,1,1,1.0
834,108,214.4,34.35,29.8,18.07,1,1,0.2022
834,109,251.73,25.39,30.66,24.89,1,1,1.0
834,110,299.31,26.67,26.17,17.64,1,1,0.2902
834,111,261.97,145.07,73.96,77.37,1,1,1.0
834,112,112.21,149.12,58.82,52.63,1,1,1.0
834,113,188.59,256.0,102.76,95.93,1,1,1.0
834,115,298.03,31.79,43.45,34.92,1,1,0.8586
834,116,274.35,52.48,38.76,20.84,1,1,0.2823
834,117,410.67,37.55,40.68,26.17,1,1,1.0
834,118,182.4,68.27,38.12,28.31,1,1,1.0
834,119,412.37,66.77,62.44,35.78,1,1,1.0
834,120,467.2,59.52,50.71,32.36,1,1,0.8836
834,121,537.17,100.69,72.26,37.7,1,1,1.0
834,122,465.49,104.11,63.72,38.33,1,1,0.4212
834,123,30.51,83.41,42.6,33.86,1,1,1.0
834,124,1.0,47.36,39.89,24.47,1,1,1.0
834,125,98.13,36.69,30.23,23.61,1,1,1.0
834,126,760.32,157.65,133.48,57.54,1,1,1.0
834,127,881.07,152.75,79.93,50.06,1,1,0.8563
835,101,221.23,14.72,26.17,18.07,1,1,1.0
835,102,273.28,15.36,24.89,18.92,1,1,1.0
835,107,384.43,155.52,102.76,79.29,1,1,1.0
835,108,212.27,33.71,29.8,18.07,1,1,0.2376
835,109,249.6,24.96,30.23,24.68,1,1,1.0
835,110,296.32,26.67,26.39,17.85,1,1,0.2629
835,111,267.52,148.27,74.81,78.65,1,1,1.0
835,112,114.77,151.89,59.24,53.48,1,1,1.0
835,113,194.56,262.4,105.75,98.07,1,1,1.0
835,115,295.68,31.36,43.03,34.49,1,1,0.8637
835,116,271.57,51.84,38.55,21.05,1,1,0.2065
835,117,407.47,36.91,40.04,26.39,1,1,1.0
835,118,184.53,69.33,38.76,28.52,1,1,1.0
835,119,408.32,65.92,61.59,34.92,1,1,1.0
835,120,461.87,58.03,49.85,33.21,1,1,0.877
835,121,530.99,99.41,71.82,37.48,1,1,1.0
835,122,458.88,102.19,63.29,38.33,1,1,0.4229
835,123,31.79,84.91,42.6,34.49,1,1,1.0
835,124,1.0,48.21,40.75,24.47,1,1,1.0
835,125,99.2,37.55,31.08,24.04,1,1,1.0
835,126,748.16,154.03,131.77,57.53,1,1,1.0
835,127,868.27,148.91,92.73,52.2,1,1,0.8866
836,101,219.73,14.93,26.6,18.07,1,1,1.0
836,102,272.0,14.93,24.47,19.13,1,1,1.0
836,107,391.47,158.93,104.46,79.94,1,1,1.0
836,108,210.13,33.07,29.8,18.07,1,1,0.1697
836,109,247.47,24.53,29.8,24.47,1,1,1.0
836,110,293.33,26.67,26.6,18.07,1,1,0.2361
836,111,273.07,151.47,75.66,79.93,1,1,1.0
836,112,117.33,154.67,59.67,54.33,1,1,1.0
836,113,200.53,268.8,108.74,100.2,1,1,1.0
836,115,293.33,30.93,42.6,34.07,1,1,0.8688
836,116,268.8,51.2,38.33,21.27,1,1,0.2526
836,117,404.27,36.27,39.4,26.6,1,1,1.0
836,118,186.67,70.4,39.4,28.73,1,1,1.0
836,119,404.27,65.07,60.73,34.07,1,1,1.0
836,120,456.53,56.53,49.0,34.07,1,1,0.8704
836,121,524.8,98.13,71.4,37.27,1,1,1.0
836,122,452.27,100.27,62.86,38.33,1,1,0.3595
836,123,33.07,86.4,42.6,35.13,1,1,1.0
836,124,1.0,49.07,41.6,24.47,1,1,1.0
836,125,100.27,38.4,31.93,24.47,1,1,1.0
836,126,736.0,150.4,130.07,57.53,1,1,1.0
836,127,855.47,145.07,105.53,54.33,1,1,0.9094
837,102,270.08,14.93,24.68,18.28,1,1,1.0
837,107,399.36,162.35,106.6,81.64,1,1,1.0
837,108,208.21,32.43,29.59,18.07,1,1,0.1978
837,109,245.33,24.53,29.59,23.83,1,1,1.0
837,110,291.84,26.03,25.96,17.85,1,1,0.2509
837,111,279.04,154.88,78.65,81.0,1,1,1.0
837,112,119.68,157.23,61.59,55.82,1,1,1.0
837,113,208.21,276.48,111.94,105.53,1,1,1.0
837,115,290.99,30.51,41.96,33.85,1,1,0.8743
837,116,266.24,50.56,37.69,21.27,1,1,0.1618
837,117,401.07,35.63,38.12,25.75,1,1,1.0
837,118,189.01,71.47,40.26,29.16,1,1,1.0
837,119,400.85,64.85,59.46,32.79,1,1,1.0
837,120,452.05,55.68,47.72,33.0,1,1,0.875
837,121,519.04,96.64,69.91,36.63,1,1,1.0
837,122,445.65,98.56,62.66,37.91,1,1,0.3581
837,123,34.56,87.68,43.24,35.13,1,1,1.0
837,124,12.59,49.92,30.65,24.25,1,1,1.0
837,125,101.97,38.83,31.51,24.25,1,1,1.0
837,126,725.12,148.05,126.87,55.62,1,1,1.0
837,127,842.03,142.51,118.97,53.48,1,1,0.925
838,102,268.16,14.93,24.89,17.43,1,1,1.0
838,107,407.25,165.76,108.74,83.35,1,1,1.0
838,108,206.29,31.79,29.38,18.07,1,1,0.2507
838,109,243.2,24.53,29.37,23.19,1,1,1.0
838,110,290.35,25.39,25.32,17.64,1,1,0.266
838,111,285.01,158.29,81.64,82.07,1,1,1.0
838,112,122.03,159.79,63.5,57.32,1,1,1.0
838,113,215.89,284.16,115.14,110.87,1,1,1.0
838,115,288.64,30.08,41.32,33.64,1,1,0.88
838,116,263.68,49.92,37.05,21.27,1,1,0.2075
838,117,397.87,34.99,36.84,24.89,1,1,1.0
838,118,191.36,72.53,41.11,29.59,1,1,1.0
838,119,397.44,64.64,58.17,31.51,1,1,1.0
838,120,447.57,54.83,46.44,31.93,1,1,0.8801
838,121,513.28,95.15,68.41,35.98,1,1,1.0
838,122,439.04,96.85,62.44,37.48,1,1,0.4179
838,123,36.05,88.96,43.88,35.13,1,1,1.0
838,124,13.44,50.77,30.44,24.04,1,1,1.0
838,125,103.68,39.25,31.08,24.04,1,1,1.0
838,126,714.24,145.71,123.67,53.69,1,1,1.0
838,127,828.59,139.95,110.86,52.62,1,1,0.9251
839,102,266.24,14.93,25.11,16.57,1,1,1.0
839,107,415.15,169.17,110.86,85.06,1,1,1.0
839,108,204.37,31.15,29.16,18.07,1,1,0.2935
839,109,241.07,24.53,29.16,22.55,1,1,1.0
839,110,288.85,24.75,24.68,17.43,1,1,0.2815
839,111,290.99,161.71,84.62,83.13,1,1,1.0
839,112,124.37,162.35,65.43,58.81,1,1,1.0
839,113,223.57,291.84,118.34,116.2,1,1,1.0
839,115,286.29,29.65,40.68,33.43,1,1,0.8859
839,116,261.12,49.28,36.41,21.27,1,1,0.2521
839,117,394.67,34.35,35.56,24.04,1,1,1.0
839,118,193.71,73.6,41.96,30.01,1,1,1.0
839,119,394.03,64.43,56.89,30.23,1,1,1.0
839,120,443.09,53.97,45.16,30.87,1,1,0.8853
839,121,507.52,93.65,66.92,35.35,1,1,1.0
839,122,432.43,95.15,62.22,37.05,1,1,0.3469
839,123,37.55,90.24,44.52,35.13,1,1,1.0
839,124,14.29,51.63,30.23,23.83,1,1,1.0
839,125,105.39,39.68,30.65,23.83,1,1,1.0
839,126,703.36,143.36,120.47,51.77,1,1,1.0
839,127,815.15,137.39,111.93,51.77,1,1,0.9314
840,102,264.32,14.93,25.32,15.72,1,1,1.0
840,107,423.04,172.59,113.0,86.76,1,1,1.0
840,108,202.45,30.51,28.95,18.07,1,1,0.2045
840,109,238.93,24.53,28.95,21.91,1,1,1.0
840,110,287.36,24.11,24.04,17.21,1,1,0.2974
840,111,296.96,165.12,87.61,84.2,1,1,1.0
840,112,126.72,164.91,67.35,60.3,1,1,1.0
840,113,231.25,299.52,121.54,121.53,1,1,1.0
840,115,283.95,29.23,40.04,33.21,1,1,0.8923
840,116,258.56,48.64,35.77,21.27,1,1,0.158
840,117,391.47,33.71,34.28,23.19,1,1,1.0
840,118,196.05,74.67,42.82,30.44,1,1,1.0
840,119,390.61,64.21,55.62,28.95,1,1,1.0
840,120,438.61,53.12,43.88,29.8,1,1,0.891
840,121,501.76,92.16,65.43,34.71,1,1,1.0
840,122,425.81,93.44,62.02,36.63,1,1,0.3449
840,123,39.04,91.52,45.16,35.13,1,1,1.0
840,124,15.15,52.48,30.01,23.61,1,1,1.0
840,125,107.09,40.11,30.23,23.61,1,1,1.0
840,126,692.48,141.01,117.27,49.86,1,1,1.0
840,127,801.71,134.83,113.0,50.92,1,1,0.9375
841,102,262.4,14.93,25.53,14.87,1,1,1.0
841,107,430.93,176.0,115.14,88.47,1,1,1.0
841,108,200.53,29.87,28.74,18.07,1,1,0.236
841,109,236.8,24.53,28.73,21.27,1,1,1.0
841,110,285.87,23.47,23.4,17.0,1,1,0.3137
841,111,302.93,168.53,90.6,85.27,1,1,1.0
841,112,129.07,167.47,69.26,61.8,1,1,1.0
841,113,238.93,307.2,124.74,126.87,1,1,1.0
841,115,281.6,28.8,39.4,33.0,1,1,0.8989
841,116,256.0,48.0,35.13,21.27,1,1,0.2036
841,117,388.27,33.07,33.0,22.33,1,1,1.0
841,118,198.4,75.73,43.67,30.87,1,1,1.0
841,119,387.2,64.0,54.33,27.67,1,1,1.0
841,120,434.13,52.27,42.6,28.73,1,1,0.8972
841,121,496.0,90.67,63.93,34.06,1,1,1.0
841,122,419.2,91.73,61.8,36.2,1,1,0.3475
841,123,40.53,92.8,45.8,35.13,1,1,1.0
841,124,16.0,53.33,29.8,23.4,1,1,1.0
841,125,108.8,40.53,29.8,23.4,1,1,1.0
841,126,681.6,138.67,114.07,47.93,1,1,1.0
841,127,788.27,132.27,114.06,50.06,1,1,0.9434
842,102,260.91,14.08,25.32,15.08,1,1,1.0
842,107,440.53,180.48,119.19,90.6,1,1,1.0
842,108,199.47,29.44,28.09,17.64,1,1,0.2916
842,109,235.31,23.89,28.09,20.84,1,1,1.0
842,110,283.73,23.04,23.62,16.15,1,1,0.3039
842,111,310.61,173.01,92.74,87.83,1,1,1.0
842,112,133.12,171.09,70.33,62.02,1,1,1.0
842,113,248.75,317.01,130.28,133.91,1,1,1.0
842,115,279.04,27.95,39.19,32.57,1,1,0.9002
842,116,254.08,47.15,34.49,21.27,1,1,0.2282
842,117,384.85,32.64,33.43,21.91,1,1,1.0
842,118,201.6,76.37,44.09,32.15,1,1,1.0
842,119,383.79,61.87,53.9,29.37,1,1,1.0
842,120,429.87,51.2,42.17,28.95,1,1,0.8829
842,121,490.88,89.17,63.72,34.28,1,1,1.0
842,122,414.08,90.03,61.16,35.56,1,1,0.3558
842,123,42.03,94.08,46.44,35.99,1,1,1.0
842,124,16.0,53.76,31.29,24.04,1,1,1.0
842,125,110.29,41.17,29.8,23.19,1,1,1.0
842,126,672.85,136.53,112.79,47.94,1,1,1.0
842,127,777.81,129.28,111.94,49.43,1,1,0.9403
843,102,259.41,13.23,25.11,15.29,1,1,1.0
843,107,450.13,184.96,123.24,92.73,1,1,1.0
843,108,198.4,29.01,27.45,17.21,1,1,0.2897
843,109,233.81,23.25,27.46,20.41,1,1,1.0
843,110,281.6,22.61,23.83,15.29,1,1,0.2929
843,111,318.29,177.49,94.87,90.39,1,1,1.0
843,112,137.17,174.72,71.4,62.23,1,1,1.0
843,113,258.56,326.83,135.83,140.94,1,1,1.0
843,115,276.48,27.09,38.97,32.15,1,1,0.9015
843,116,252.16,46.29,33.85,21.27,1,1,0.2006
843,117,381.44,32.21,33.85,21.48,1,1,1.0
843,118,204.8,77.01,44.52,33.43,1,1,1.0
843,119,380.37,59.73,53.48,31.08,1,1,1.0
843,120,425.6,50.13,41.75,29.16,1,1,0.8675
843,121,485.76,87.68,63.51,34.49,1,1,1.0
843,122,408.96,88.32,60.52,34.92,1,1,0.4137
843,123,43.52,95.36,47.08,36.84,1,1,1.0
843,124,16.0,54.19,32.79,24.68,1,1,1.0
843,125,111.79,41.81,29.8,22.97,1,1,1.0
843,126,664.11,134.4,111.5,47.93,1,1,1.0
843,127,767.36,126.29,109.8,48.79,1,1,0.9374
844,102,257.92,12.37,24.89,15.51,1,1,1.0
844,107,459.73,189.44,127.3,94.87,1,1,1.0
844,108,197.33,28.59,26.82,16.79,1,1,0.3611
844,109,232.32,22.61,26.81,19.99,1,1,1.0
844,110,279.47,22.19,24.04,14.44,1,1,0.2807
844,111,325.97,181.97,97.0,92.95,1,1,1.0
844,112,141.23,178.35,72.46,62.44,1,1,1.0
844,113,268.37,336.64,141.38,147.99,1,1,1.0
844,115,273.92,26.24,38.76,31.72,1,1,0.903
844,116,250.24,45.44,33.21,21.27,1,1,0.2251
844,117,378.03,31.79,34.28,21.05,1,1,1.0
844,118,208.0,77.65,44.95,34.71,1,1,1.0
844,119,376.96,57.6,53.05,32.79,1,1,1.0
844,120,421.33,49.07,41.32,29.37,1,1,0.851
844,121,480.64,86.19,63.29,34.7,1,1,1.0
844,122,403.84,86.61,59.88,34.28,1,1,0.3995
844,123,45.01,96.64,47.72,37.69,1,1,1.0
844,124,16.0,54.61,34.28,25.32,1,1,1.0
844,125,113.28,42.45,29.8,22.76,1,1,1.0
844,126,655.36,132.27,110.23,47.93,1,1,1.0
844,127,756.91,123.31,107.66,48.14,1,1,0.9344
845,102,256.43,11.52,24.68,15.72,1,1,1.0
845,107,469.33,193.92,131.35,97.0,1,1,1.0
845,108,196.27,28.16,26.17,16.36,1,1,0.357
845,109,230.83,21.97,26.17,19.56,1,1,1.0
845,110,277.33,21.76,24.26,13.59,1,1,0.2669
845,111,333.65,186.45,99.14,95.51,1,1,1.0
845,112,145.28,181.97,73.53,62.66,1,1,1.0
845,113,278.19,346.45,146.92,155.03,1,1,1.0
845,115,271.36,25.39,38.55,31.29,1,1,0.9045
845,116,248.32,44.59,32.57,21.27,1,1,0.2545
845,117,374.61,31.36,34.71,20.63,1,1,1.0
845,118,211.2,78.29,45.37,35.99,1,1,1.0
845,119,373.55,55.47,52.62,34.49,1,1,1.0
845,120,417.07,48.0,40.89,29.59,1,1,0.8336
845,121,475.52,84.69,63.08,34.92,1,1,1.0
845,122,398.72,84.91,59.24,33.64,1,1,0.3892
845,123,46.51,97.92,48.36,38.55,1,1,1.0
845,124,16.0,55.04,35.77,25.96,1,1,1.0
845,125,114.77,43.09,29.8,22.55,1,1,1.0
845,126,646.61,130.13,108.95,47.94,1,1,1.0
845,127,746.45,120.32,105.54,47.51,1,1,0.9315
846,102,254.93,10.67,24.47,15.93,1,1,1.0
846,107,478.93,198.4,135.4,99.13,1,1,1.0
846,108,195.2,27.73,25.53,15.93,1,1,0.3313
846,109,229.33,21.33,25.54,19.13,1,1,1.0
846,110,275.2,21.33,24.47,12.73,1,1,0.2513
846,111,341.33,190.93,101.27,98.07,1,1,1.0
846,112,149.33,185.6,74.6,62.87,1,1,1.0
846,113,288.0,356.27,152.47,162.06,1,1,1.0
846,115,268.8,24.53,38.33,30.87,1,1,0.906
846,116,246.4,43.73,31.93,21.27,1,1,0.2006
846,117,371.2,30.93,35.13,20.2,1,1,1.0
846,118,214.4,78.93,45.8,37.27,1,1,1.0
846,119,370.13,53.33,52.2,36.2,1,1,1.0
846,120,412.8,46.93,40.47,29.8,1,1,0.8151
846,121,470.4,83.2,62.87,35.13,1,1,1.0
846,122,393.6,83.2,58.6,33.0,1,1,0.3921
846,123,48.0,99.2,49.0,39.4,1,1,1.0
846,124,16.0,55.47,37.27,26.6,1,1,1.0
846,125,116.27,43.73,29.8,22.33,1,1,1.0
846,126,637.87,128.0,107.66,47.93,1,1,1.0
846,127,736.0,117.33,103.4,46.87,1,1,0.9288
847,102,253.65,10.67,24.68,15.72,1,1,1.0
847,107,491.31,203.52,139.66,102.55,1,1,1.0
847,108,193.49,27.09,25.96,16.36,1,1,0.3525
847,109,227.84,20.91,25.53,19.13,1,1,1.0
847,110,273.07,20.69,24.04,12.95,1,1,0.2966
847,111,351.15,195.84,104.25,101.91,1,1,1.0
847,112,153.17,189.44,76.1,65.0,1,1,1.0
847,113,301.23,370.99,157.58,156.73,1,1,1.0
847,115,266.88,24.53,38.12,30.87,1,1,0.9021
847,116,243.84,43.31,32.57,20.63,1,1,0.2313
847,117,368.64,30.08,34.92,20.2,1,1,1.0
847,118,217.81,80.64,46.44,36.84,1,1,1.0
847,119,366.93,52.69,51.99,35.35,1,1,1.0
847,120,408.96,46.51,40.04,28.95,1,1,0.8044
847,121,466.13,81.92,62.23,34.71,1,1,1.0
847,122,389.33,82.35,56.9,31.93,1,1,0.3724
847,123,50.13,101.33,49.43,39.62,1,1,1.0
847,124,17.28,56.32,36.84,26.6,1,1,1.0
847,125,118.19,44.59,30.44,22.76,1,1,1.0
847,126,630.19,126.29,105.96,47.08,1,1,1.0
847,127,726.61,115.63,101.27,46.22,1,1,0.9275
848,102,252.37,10.67,24.9,15.51,1,1,1.0
848,107,503.68,208.64,143.93,105.96,1,1,1.0
848,108,191.79,26.45,26.38,16.79,1,1,0.3499
848,109,226.35,20.48,25.53,19.13,1,1,1.0
848,110,270.93,20.05,23.62,13.16,1,1,0.3404
848,111,360.96,200.75,107.24,105.74,1,1,1.0
848,112,157.01,193.28,77.59,67.13,1,1,1.0
848,113,314.45,385.71,162.71,155.29,1,1,1.0
848,115,264.96,24.53,37.91,30.87,1,1,0.898
848,116,241.28,42.88,33.21,19.99,1,1,0.2723
848,117,366.08,29.23,34.71,20.2,1,1,1.0
848,118,221.23,82.35,47.08,36.41,1,1,1.0
848,119,363.73,52.05,51.78,34.49,1,1,1.0
848,120,405.12,46.08,39.61,28.09,1,1,0.7935
848,121,461.87,80.64,61.58,34.28,1,1,1.0
848,122,385.07,81.49,55.18,30.87,1,1,0.4152
848,123,52.27,103.47,49.85,39.82,1,1,1.0
848,124,18.56,57.17,36.41,26.6,1,1,1.0
848,125,120.11,45.44,31.08,23.19,1,1,1.0
848,126,622.51,124.59,104.25,46.22,1,1,1.0
848,127,717.23,113.92,99.13,45.59,1,1,0.9264
849,102,251.09,10.67,25.11,15.29,1,1,1.0
849,107,516.05,213.76,148.2,109.37,1,1,1.0
849,108,190.08,25.81,26.81,17.21,1,1,0.361
849,109,224.85,20.05,25.54,19.13,1,1,1.0
849,110,268.8,19.41,23.19,13.37,1,1,0.3828
849,111,370.77,205.65,110.23,109.59,1,1,1.0
849,112,160.85,197.12,79.08,69.27,1,1,1.0
849,113,327.68,400.43,167.83,140.57,1,1,1.0
849,115,263.04,24.53,37.69,30.87,1,1,0.8939
849,116,238.72,42.45,33.85,19.35,1,1,0.1833
849,117,363.52,28.37,34.49,20.2,1,1,1.0
849,118,224.64,84.05,47.72,35.99,1,1,1.0
849,119,360.53,51.41,51.56,33.64,1,1,1.0
849,120,401.28,45.65,39.19,27.24,1,1,0.7825
849,121,457.6,79.36,60.95,33.85,1,1,1.0
849,122,380.8,80.64,53.48,29.8,1,1,0.3951
849,123,54.4,105.6,50.28,40.04,1,1,1.0
849,124,19.84,58.03,35.99,26.6,1,1,1.0
849,125,122.03,46.29,31.72,23.61,1,1,1.0
849,126,614.83,122.88,102.54,45.37,1,1,1.0
849,127,707.84,112.21,97.0,44.95,1,1,0.9251
850,102,249.81,10.67,25.32,15.08,1,1,1.0
850,107,528.43,218.88,152.46,112.79,1,1,1.0
850,108,188.37,25.17,27.24,17.64,1,1,0.2899
850,109,223.36,19.63,25.53,19.13,1,1,1.0
850,110,266.67,18.77,22.76,13.59,1,1,0.4239
850,111,380.59,210.56,113.21,113.43,1,1,1.0
850,112,164.69,200.96,80.58,71.4,1,1,1.0
850,113,340.91,415.15,172.94,125.85,1,1,1.0
850,115,261.12,24.53,37.48,30.87,1,1,0.8898
850,116,236.16,42.03,34.49,18.71,1,1,0.2124
850,117,360.96,27.52,34.28,20.2,1,1,1.0
850,118,228.05,85.76,48.36,35.56,1,1,1.0
850,119,357.33,50.77,51.35,32.79,1,1,1.0
850,120,397.44,45.23,38.76,26.39,1,1,0.771
850,121,453.33,78.08,60.31,33.43,1,1,1.0
850,122,376.53,79.79,51.78,28.73,1,1,0.3554
850,123,56.53,107.73,50.71,40.26,1,1,1.0
850,124,21.12,58.88,35.56,26.6,1,1,1.0
850,125,123.95,47.15,32.36,24.04,1,1,1.0
850,126,607.15,121.17,100.84,44.52,1,1,1.0
850,127,698.45,110.51,94.87,44.3,1,1,0.9236
851,102,248.53,10.67,25.54,14.87,1,1,1.0
851,107,540.8,224.0,156.73,116.2,1,1,1.0
851,108,186.67,24.53,27.66,18.07,1,1,0.3026
851,109,221.87,19.2,25.53,19.13,1,1,1.0
851,110,264.53,18.13,22.34,13.8,1,1,0.4638
851,111,390.4,215.47,116.2,117.26,1,1,1.0
851,112,168.53,204.8,82.07,73.53,1,1,1.0
851,113,354.13,429.87,178.07,111.13,1,1,1.0
851,115,259.2,24.53,37.27,30.87,1,1,0.8857
851,116,233.6,41.6,35.13,18.07,1,1,0.2886
851,117,358.4,26.67,34.07,20.2,1,1,1.0
851,118,231.47,87.47,49.0,35.13,1,1,1.0
851,119,354.13,50.13,51.14,31.93,1,1,1.0
851,120,393.6,44.8,38.33,25.53,1,1,0.7591
851,121,449.07,76.8,59.66,33.0,1,1,1.0
851,122,372.27,78.93,50.06,27.67,1,1,0.3277
851,123,58.67,109.87,51.13,40.46,1,1,1.0
851,124,22.4,59.73,35.13,26.6,1,1,1.0
851,125,125.87,48.0,33.0,24.47,1,1,1.0
851,126,599.47,119.47,99.13,43.66,1,1,1.0
851,127,689.07,108.8,92.73,43.67,1,1,0.9223
852,107,555.09,230.61,163.99,119.62,1,1,1.0
852,108,184.96,23.89,27.88,18.07,1,1,0.3627
852,109,219.95,18.99,25.53,18.49,1,1,1.0
852,110,263.04,17.49,22.55,14.01,1,1,0.4263
852,111,401.92,222.08,121.32,120.68,1,1,1.0
852,112,172.8,209.71,84.84,75.45,1,1,1.0
852,115,257.07,23.47,37.26,30.87,1,1,1.0
852,116,231.25,40.75,35.78,18.07,1,1,0.1979
852,117,356.27,26.24,34.06,20.41,1,1,1.0
852,118,234.88,88.96,49.85,35.77,1,1,1.0
852,119,351.15,49.07,50.49,31.72,1,1,0.9297
852,120,390.19,43.73,38.33,25.11,1,1,0.7647
852,121,444.8,75.73,58.6,32.15,1,1,1.0
852,122,368.0,77.44,49.43,27.45,1,1,0.3901
852,123,60.37,111.57,52.42,41.54,1,1,1.0
852,124,23.04,60.37,35.77,27.03,1,1,1.0
852,125,127.79,48.43,33.21,25.11,1,1,1.0
852,126,592.85,117.33,96.79,42.82,1,1,1.0
852,127,680.75,106.67,91.66,43.45,1,1,0.9268
853,107,569.39,237.23,171.24,123.02,1,1,1.0
853,108,183.25,23.25,28.1,18.07,1,1,0.415
853,109,218.03,18.77,25.53,17.85,1,1,1.0
853,110,261.55,16.85,22.76,14.23,1,1,0.3899
853,111,413.44,228.69,126.44,124.1,1,1,1.0
853,112,177.07,214.61,87.61,77.38,1,1,1.0
853,115,254.93,22.4,37.27,30.87,1,1,1.0
853,116,228.91,39.89,36.41,18.07,1,1,0.2572
853,117,354.13,25.81,34.07,20.63,1,1,1.0
853,118,238.29,90.45,50.71,36.42,1,1,1.0
853,119,348.16,48.0,49.85,31.51,1,1,0.9223
853,120,386.77,42.67,38.34,24.68,1,1,0.7702
853,121,440.53,74.67,57.54,31.29,1,1,1.0
853,122,363.73,75.95,48.79,27.24,1,1,0.3794
853,123,62.08,113.28,53.69,42.6,1,1,1.0
853,124,23.68,61.01,36.41,27.45,1,1,1.0
853,125,129.71,48.85,33.42,25.75,1,1,1.0
853,126,586.24,115.2,94.44,41.96,1,1,1.0
853,127,672.43,104.53,90.6,43.24,1,1,0.9314
854,107,583.68,243.84,178.49,126.44,1,1,1.0
854,108,181.55,22.61,28.3,18.07,1,1,0.4183
854,109,216.11,18.56,25.53,17.21,1,1,1.0
854,110,260.05,16.21,22.98,14.44,1,1,0.3546
854,111,424.96,235.31,131.56,127.5,1,1,1.0
854,112,181.33,219.52,90.39,79.29,1,1,1.0
854,115,252.8,21.33,37.27,30.87,1,1,1.0
854,116,226.56,39.04,37.05,18.07,1,1,0.2923
854,117,352.0,25.39,34.07,20.84,1,1,1.0
854,118,241.71,91.95,51.56,37.05,1,1,1.0
854,119,345.17,46.93,49.22,31.29,1,1,0.9144
854,120,383.36,41.6,38.33,24.25,1,1,0.7755
854,121,436.27,73.6,56.46,30.44,1,1,1.0
854,122,359.47,74.45,48.14,27.03,1,1,0.4581
854,123,63.79,114.99,54.97,43.66,1,1,1.0
854,124,24.32,61.65,37.05,27.88,1,1,1.0
854,125,131.63,49.28,33.64,26.39,1,1,1.0
854,126,579.63,113.07,92.09,41.1,1,1,1.0
854,127,664.11,102.4,89.53,43.03,1,1,0.9361
855,107,597.97,250.45,185.75,129.86,1,1,1.0
855,108,179.84,21.97,28.52,18.07,1,1,0.3373
855,109,214.19,18.35,25.53,16.57,1,1,1.0
855,110,258.56,15.57,23.19,14.65,1,1,0.3203
855,111,436.48,241.92,136.68,130.92,1,1,1.0
855,112,185.6,224.43,93.16,81.21,1,1,1.0
855,115,250.67,20.27,37.26,30.87,1,1,1.0
855,116,224.21,38.19,37.7,18.07,1,1,0.2111
855,117,349.87,24.96,34.06,21.05,1,1,1.0
855,118,245.12,93.44,52.41,37.69,1,1,1.0
855,119,342.19,45.87,48.57,31.08,1,1,0.9061
855,120,379.95,40.53,38.33,23.83,1,1,0.7811
855,121,432.0,72.53,55.4,29.59,1,1,1.0
855,122,355.2,72.96,47.51,26.81,1,1,0.4216
855,123,65.49,116.69,56.26,44.74,1,1,1.0
855,124,24.96,62.29,37.69,28.31,1,1,1.0
855,125,133.55,49.71,33.85,27.03,1,1,1.0
855,126,573.01,110.93,89.75,40.26,1,1,1.0
855,127,655.79,100.27,88.46,42.81,1,1,0.9408
856,107,612.27,257.07,193.0,133.26,1,1,1.0
856,108,178.13,21.33,28.74,18.07,1,1,0.3912
856,109,212.27,18.13,25.53,15.93,1,1,1.0
856,110,257.07,14.93,23.4,14.87,1,1,0.287
856,111,448.0,248.53,141.8,134.34,1,1,1.0
856,112,189.87,229.33,95.93,83.14,1,1,1.0
856,115,248.53,19.2,37.27,30.87,1,1,1.0
856,116,221.87,37.33,38.33,18.07,1,1,0.2829
856,117,347.73,24.53,34.07,21.27,1,1,1.0
856,118,248.53,94.93,53.27,38.34,1,1,1.0
856,119,339.2,44.8,47.93,30.87,1,1,0.8972
856,120,376.53,39.47,38.34,23.4,1,1,0.7865
856,121,427.73,71.47,54.34,28.73,1,1,1.0
856,122,350.93,71.47,46.87,26.6,1,1,0.4098
856,123,67.2,118.4,57.53,45.8,1,1,1.0
856,124,25.6,62.93,38.33,28.73,1,1,1.0
856,125,135.47,50.13,34.06,27.67,1,1,1.0
856,126,566.4,108.8,87.4,39.4,1,1,1.0
856,127,647.47,98.13,87.4,42.6,1,1,0.9457
856,128,840.53,186.67,120.47,60.73,1,1,0.9245
856,129,902.4,247.47,58.6,33.0,1,1,0.1979
856,130,43.73,27.73,27.67,18.07,1,1,1.0
857,107,630.83,264.75,200.89,140.52,1,1,1.0
857,108,177.28,21.12,27.88,17.21,1,1,0.4186
857,109,210.56,17.07,25.75,16.57,1,1,1.0
857,110,255.36,14.51,23.4,15.08,1,1,0.2688
857,111,463.15,256.43,148.2,140.73,1,1,1.0
857,112,195.2,235.09,98.71,85.27,1,1,1.0
857,115,246.4,18.56,36.84,30.44,1,1,1.0
857,116,220.8,36.27,36.84,18.49,1,1,0.3445
857,117,344.96,23.89,33.85,21.27,1,1,1.0
857,118,252.16,96.21,54.55,39.4,1,1,1.0
857,119,336.64,43.95,47.93,30.65,1,1,0.8847
857,120,373.55,38.4,37.48,23.83,1,1,0.7744
857,121,423.89,70.19,53.91,29.16,1,1,1.0
857,122,347.95,69.97,45.8,26.81,1,1,0.4582
857,123,69.97,120.96,57.75,46.65,1,1,1.0
857,124,26.67,63.36,38.76,29.16,1,1,1.0
857,125,137.81,50.77,34.5,27.67,1,1,1.0
857,126,559.57,106.67,86.55,39.61,1,1,1.0
857,127,639.79,96.43,86.12,42.17,1,1,0.9444
857,128,824.32,181.33,136.68,60.74,1,1,0.9242
857,129,886.61,240.21,74.39,40.9,1,1,0.2421
857,130,45.44,27.73,27.24,18.28,1,1,1.0
858,107,649.39,272.43,208.78,147.77,1,1,1.0
858,108,176.43,20.91,27.02,16.36,1,1,0.459
858,109,208.85,16.0,25.96,17.21,1,1,1.0
858,110,253.65,14.08,23.4,15.29,1,1,0.2511
858,111,478.29,264.32,154.6,147.13,1,1,1.0
858,112,200.53,240.85,101.48,87.4,1,1,1.0
858,115,244.27,17.92,36.41,30.01,1,1,1.0
858,116,219.73,35.2,35.35,18.92,1,1,0.3658
858,117,342.19,23.25,33.64,21.27,1,1,1.0
858,118,255.79,97.49,55.82,40.47,1,1,1.0
858,119,334.08,43.09,47.93,30.44,1,1,0.8717
858,120,370.56,37.33,36.63,24.25,1,1,0.7616
858,121,420.05,68.91,53.48,29.59,1,1,1.0
858,122,344.96,68.48,44.73,27.03,1,1,0.4665
858,123,72.75,123.52,57.96,47.51,1,1,1.0
858,124,27.73,63.79,39.19,29.59,1,1,1.0
858,125,140.16,51.41,34.92,27.67,1,1,1.0
858,126,552.75,104.53,85.69,39.83,1,1,1.0
858,127,632.11,94.72,84.84,41.75,1,1,0.9429
858,128,808.11,176.0,133.48,60.73,1,1,0.9183
858,129,870.83,232.96,90.17,48.79,1,1,0.2919
858,130,47.15,27.73,26.81,18.49,1,1,1.0
859,107,667.95,280.11,216.68,155.02,1,1,1.0
859,108,175.57,20.69,26.18,15.51,1,1,0.495
859,109,207.15,14.93,26.17,17.85,1,1,1.0
859,110,251.95,13.65,23.4,15.51,1,1,0.2339
859,111,493.44,272.21,161.0,153.54,1,1,1.0
859,112,205.87,246.61,104.25,89.54,1,1,1.0
859,115,242.13,17.28,35.99,29.59,1,1,1.0
859,116,218.67,34.13,33.85,19.35,1,1,0.3281
859,117,339.41,22.61,33.43,21.27,1,1,1.0
859,118,259.41,98.77,57.11,41.54,1,1,1.0
859,119,331.52,42.24,47.93,30.23,1,1,0.8582
859,120,367.57,36.27,35.78,24.68,1,1,0.7483
859,121,416.21,67.63,53.06,30.01,1,1,1.0
859,122,341.97,66.99,43.67,27.24,1,1,0.4857
859,123,75.52,126.08,58.17,48.36,1,1,1.0
859,124,28.8,64.21,39.61,30.01,1,1,1.0
859,125,142.51,52.05,35.34,27.67,1,1,1.0
859,126,545.92,102.4,84.84,40.04,1,1,1.0
859,127,624.43,93.01,83.56,41.32,1,1,0.9415
859,128,791.89,170.67,133.06,60.73,1,1,0.9059
859,129,855.04,225.71,105.96,56.68,1,1,0.2589
859,130,48.85,27.73,26.39,18.71,1,1,1.0
860,107,686.51,287.79,224.57,162.28,1,1,1.0
860,108,174.72,20.48,25.32,14.65,1,1,0.3858
860,109,205.44,13.87,26.39,18.49,1,1,1.0
860,110,250.24,13.23,23.4,15.72,1,1,0.2171
860,111,508.59,280.11,167.4,159.93,1,1,1.0
860,112,211.2,252.37,107.03,91.67,1,1,1.0
860,115,240.0,16.64,35.56,29.16,1,1,1.0
860,116,217.6,33.07,32.36,19.77,1,1,0.3587
860,117,336.64,21.97,33.21,21.27,1,1,1.0
860,118,263.04,100.05,58.39,42.6,1,1,1.0
860,119,328.96,41.39,47.93,30.01,1,1,0.8444
860,120,364.59,35.2,34.92,25.11,1,1,0.7346
860,121,412.37,66.35,52.63,30.44,1,1,1.0
860,122,338.99,65.49,42.6,27.45,1,1,0.476
860,123,78.29,128.64,58.39,49.21,1,1,1.0
860,124,29.87,64.64,40.04,30.44,1,1,1.0
860,125,144.85,52.69,35.78,27.67,1,1,1.0
860,126,539.09,100.27,83.99,40.25,1,1,1.0
860,127,616.75,91.31,82.28,40.89,1,1,0.9399
860,128,775.68,165.33,132.63,60.74,1,1,0.8884
860,129,839.25,218.45,121.75,64.58,1,1,0.2767
860,130,50.56,27.73,25.96,18.92,1,1,1.0
861,107,705.07,295.47,232.46,169.53,1,1,1.0
861,108,173.87,20.27,24.46,13.8,1,1,0.4185
861,109,203.73,12.8,26.6,19.13,1,1,1.0
861,110,248.53,12.8,23.4,15.93,1,1,0.2008
861,111,523.73,288.0,173.8,166.33,1,1,1.0
861,112,216.53,258.13,109.8,93.8,1,1,1.0
861,115,237.87,16.0,35.13,28.73,1,1,1.0
861,116,216.53,32.0,30.87,20.2,1,1,0.4039
861,117,333.87,21.33,33.0,21.27,1,1,1.0
861,118,266.67,101.33,59.66,43.67,1,1,1.0
861,119,326.4,40.53,47.93,29.8,1,1,0.83
861,120,361.6,34.13,34.07,25.53,1,1,0.72
861,121,408.53,65.07,52.2,30.87,1,1,1.0
861,122,336.0,64.0,41.53,27.67,1,1,0.5361
861,123,81.07,131.2,58.6,50.07,1,1,1.0
861,124,30.93,65.07,40.47,30.87,1,1,1.0
861,125,147.2,53.33,36.2,27.67,1,1,1.0
861,126,532.27,98.13,83.13,40.47,1,1,1.0
861,127,609.07,89.6,81.0,40.47,1,1,0.9383
861,128,759.47,160.0,132.2,60.73,1,1,0.8723
861,129,823.47,211.2,137.53,72.47,1,1,0.2715
861,130,52.27,27.73,25.53,19.13,1,1,1.0
862,107,732.16,306.35,212.84,171.02,1,1,1.0
862,108,172.8,19.84,24.68,14.23,1,1,0.4716
862,111,544.21,299.73,183.19,171.24,1,1,1.0
862,112,223.79,265.39,113.0,97.0,1,1,1.0
862,115,236.16,15.36,35.13,28.95,1,1,1.0
862,116,214.4,32.21,31.08,19.56,1,1,0.3067
862,117,331.52,21.12,32.57,20.84,1,1,1.0
862,118,271.15,103.89,60.73,43.46,1,1,1.0
862,119,323.84,40.53,47.08,28.95,1,1,0.8148
862,120,357.55,33.28,34.7,25.53,1,1,0.7241
862,121,405.12,64.21,51.77,30.65,1,1,1.0
862,122,332.37,62.93,40.68,27.03,1,1,0.4841
862,123,83.41,133.97,60.31,50.92,1,1,1.0
862,124,32.21,66.56,40.25,30.87,1,1,1.0
862,125,149.33,54.61,36.42,27.88,1,1,1.0
862,126,526.72,97.07,81.64,40.25,1,1,1.0
862,127,602.24,88.53,79.72,39.4,1,1,0.9399
862,128,745.6,156.59,129.64,59.88,1,1,0.8706
862,129,809.81,206.72,151.19,70.76,1,1,0.2992
862,130,52.91,28.8,25.96,18.92,1,1,1.0
863,107,759.25,317.23,201.75,172.52,1,1,1.0
863,108,171.73,19.41,24.9,14.65,1,1,0.4555
863,111,564.69,311.47,192.58,176.14,1,1,1.0
863,112,231.04,272.64,116.2,100.2,1,1,1.0
863,115,234.45,14.72,35.14,29.16,1,1,1.0
863,116,212.27,32.43,31.29,18.92,1,1,0.3252
863,117,329.17,20.91,32.15,20.41,1,1,0.8939
863,118,275.63,106.45,61.8,43.24,1,1,1.0
863,119,321.28,40.53,46.23,28.09,1,1,0.7983
863,120,353.49,32.43,35.35,25.53,1,1,0.7293
863,121,401.71,63.36,51.34,30.44,1,1,1.0
863,122,328.75,61.87,39.82,26.39,1,1,0.4598
863,123,85.76,136.75,62.01,51.77,1,1,1.0
863,124,33.49,68.05,40.04,30.87,1,1,1.0
863,125,151.47,55.89,36.62,28.09,1,1,1.0
863,126,521.17,96.0,80.15,40.04,1,1,1.0
863,127,595.41,87.47,78.44,38.33,1,1,0.9414
863,128,731.73,153.17,127.08,59.03,1,1,0.8719
863,129,796.16,202.24,143.72,69.05,1,1,0.3193
863,130,53.55,29.87,26.39,18.71,1,1,1.0
864,107,786.35,328.11,174.65,174.01,1,1,1.0
864,108,170.67,18.99,25.1,15.08,1,1,0.3324
864,111,585.17,323.2,201.96,181.05,1,1,1.0
864,112,238.29,279.89,119.4,103.4,1,1,1.0
864,115,232.75,14.08,35.13,29.37,1,1,1.0
864,116,210.13,32.64,31.51,18.28,1,1,0.3076
864,117,326.83,20.69,31.72,19.99,1,1,0.8691
864,118,280.11,109.01,62.86,43.03,1,1,1.0
864,119,318.72,40.53,45.37,27.24,1,1,0.7801
864,120,349.44,31.57,35.99,25.53,1,1,0.7358
864,121,398.29,62.51,50.92,30.23,1,1,1.0
864,122,325.12,60.8,38.97,25.75,1,1,0.5237
864,123,88.11,139.52,63.72,52.63,1,1,1.0
864,124,34.77,69.55,39.83,30.87,1,1,1.0
864,125,153.6,57.17,36.84,28.31,1,1,1.0
864,126,515.63,94.93,78.65,39.83,1,1,1.0
864,127,588.59,86.4,77.16,37.27,1,1,0.9431
864,128,717.87,149.76,124.52,58.17,1,1,0.8707
864,129,782.51,197.76,139.88,67.35,1,1,0.3022
864,130,54.19,30.93,26.81,18.49,1,1,1.0
865,107,813.44,338.99,147.56,175.5,1,1,1.0
865,108,169.6,18.56,25.32,15.51,1,1,0.3611
865,111,605.65,334.93,211.35,185.96,1,1,1.0
865,112,245.55,287.15,122.6,106.6,1,1,1.0
865,115,231.04,13.44,35.13,29.59,1,1,1.0
865,116,208.0,32.85,31.72,17.64,1,1,0.1971
865,117,324.48,20.48,31.29,19.56,1,1,0.8419
865,118,284.59,111.57,63.93,42.82,1,1,1.0
865,119,316.16,40.53,44.52,26.39,1,1,0.7668
865,120,345.39,30.72,36.62,25.53,1,1,0.7429
865,121,394.88,61.65,50.49,30.01,1,1,1.0
865,122,321.49,59.73,38.12,25.11,1,1,0.5036
865,123,90.45,142.29,65.43,53.48,1,1,1.0
865,124,36.05,71.04,39.61,30.87,1,1,1.0
865,125,155.73,58.45,37.06,28.52,1,1,1.0
865,126,510.08,93.87,77.16,39.61,1,1,1.0
865,127,581.76,85.33,75.88,36.2,1,1,0.9448
865,128,704.0,146.35,121.96,57.32,1,1,0.8778
865,129,768.85,193.28,136.04,65.64,1,1,0.3214
865,130,54.83,32.0,27.24,18.28,1,1,1.0
866,107,840.53,349.87,120.47,177.0,1,1,1.0
866,108,168.53,18.13,25.54,15.93,1,1,0.3682
866,111,626.13,346.67,220.74,194.33,1,1,1.0
866,112,252.8,294.4,125.8,109.8,1,1,1.0
866,115,229.33,12.8,35.14,29.8,1,1,1.0
866,116,205.87,33.07,31.93,17.0,1,1,0.1759
866,117,322.13,20.27,30.87,19.13,1,1,0.8116
866,118,289.07,114.13,65.0,42.6,1,1,1.0
866,119,313.6,40.53,43.67,25.53,1,1,0.7527
866,120,341.33,29.87,37.27,25.53,1,1,0.751
866,121,391.47,60.8,50.06,29.8,1,1,1.0
866,122,317.87,58.67,37.26,24.47,1,1,0.4724
866,123,92.8,145.07,67.13,54.33,1,1,1.0
866,124,37.33,72.53,39.4,30.87,1,1,1.0
866,125,157.87,59.73,37.26,28.73,1,1,1.0
866,126,504.53,92.8,75.67,39.4,1,1,1.0
866,127,574.93,84.27,74.6,35.13,1,1,0.9465
866,128,690.13,142.93,119.4,56.47,1,1,0.8734
866,129,755.2,188.8,132.2,63.93,1,1,0.3377
866,130,55.47,33.07,27.67,18.07,1,1,1.0
866,131,1.0,29.87,33.07,27.67,1,1,1.0
866,132,913.07,136.53,47.93,68.2,1,1,1.0
867,111,653.65,362.45,218.82,178.55,1,1,1.0
867,112,261.12,303.79,131.13,114.49,1,1,1.0
867,115,227.63,13.01,34.92,29.8,1,1,1.0
867,116,204.37,32.64,31.51,17.43,1,1,0.078
867,117,320.21,20.05,30.23,19.35,1,1,0.825
867,118,294.4,116.48,65.43,43.88,1,1,1.0
867,119,311.04,40.32,43.45,25.96,1,1,0.7258
867,120,339.2,30.29,36.41,24.89,1,1,0.7492
867,121,387.63,60.16,49.64,29.37,1,1,1.0
867,122,314.03,58.03,37.48,24.25,1,1,0.5006
867,123,96.43,148.27,67.34,55.4,1,1,1.0
867,124,38.19,73.6,39.83,30.87,1,1,1.0
867,125,160.21,60.8,37.27,29.37,1,1,1.0
867,126,499.41,91.52,74.39,38.76,1,1,1.0
867,127,568.96,82.56,73.32,35.35,1,1,0.9507
867,128,678.4,141.01,115.56,54.34,1,1,0.8741
867,129,741.12,185.6,130.28,61.8,1,1,0.3431
867,130,56.32,33.49,27.88,19.13,1,1,1.0
867,131,1.0,30.29,33.07,27.67,1,1,1.0
867,132,898.99,134.4,62.01,69.48,1,1,1.0
868,111,681.17,378.24,216.9,162.76,1,1,1.0
868,112,269.44,313.17,136.47,119.19,1,1,1.0
868,115,225.92,13.23,34.71,29.8,1,1,1.0
868,116,202.88,32.21,31.08,17.85,1,1,0.1325
868,117,318.29,19.84,29.59,19.56,1,1,0.8379
868,118,299.73,118.83,65.86,45.16,1,1,1.0
868,119,308.48,40.11,43.24,26.39,1,1,0.6992
868,120,337.07,30.72,35.56,24.25,1,1,0.7475
868,121,383.79,59.52,49.21,28.95,1,1,1.0
868,122,310.19,57.39,37.69,24.04,1,1,0.4592
868,123,100.05,151.47,67.56,56.46,1,1,1.0
868,124,39.04,74.67,40.25,30.86,1,1,1.0
868,125,162.56,61.87,37.27,30.01,1,1,1.0
868,126,494.29,90.24,73.11,38.12,1,1,1.0
868,127,562.99,80.85,72.04,35.56,1,1,0.9549
868,128,666.67,139.09,111.72,52.2,1,1,0.878
868,129,727.04,182.4,128.36,59.67,1,1,0.3356
868,130,57.17,33.92,28.09,20.2,1,1,1.0
868,131,1.0,30.72,33.07,27.67,1,1,1.0
868,132,884.91,132.27,76.09,70.76,1,1,1.0
869,111,708.69,394.03,214.98,146.97,1,1,1.0
869,112,277.76,322.56,141.8,123.88,1,1,1.0
869,115,224.21,13.44,34.5,29.8,1,1,1.0
869,116,201.39,31.79,30.65,18.28,1,1,0.1386
869,117,316.37,19.63,28.95,19.77,1,1,0.8502
869,118,305.07,121.17,66.28,46.44,1,1,1.0
869,119,305.92,39.89,43.03,26.81,1,1,0.6728
869,120,334.93,31.15,34.71,23.61,1,1,0.7457
869,121,379.95,58.88,48.78,28.52,1,1,1.0
869,122,306.35,56.75,37.9,23.83,1,1,0.4723
869,123,103.68,154.67,67.77,57.53,1,1,1.0
869,124,39.89,75.73,40.68,30.87,1,1,1.0
869,125,164.91,62.93,37.26,30.65,1,1,1.0
869,126,489.17,88.96,71.83,37.48,1,1,1.0
869,127,557.01,79.15,70.76,35.77,1,1,0.9591
869,128,654.93,137.17,107.88,50.07,1,1,0.896
869,129,712.96,179.2,126.44,57.53,1,1,0.3558
869,130,58.03,34.35,28.31,21.27,1,1,1.0
869,131,1.0,31.15,33.07,27.67,1,1,1.0
869,132,870.83,130.13,90.17,72.04,1,1,1.0
870,111,736.21,409.81,224.79,131.19,1,1,1.0
870,112,286.08,331.95,147.13,128.57,1,1,1.0
870,115,222.51,13.65,34.28,29.8,1,1,1.0
870,116,199.89,31.36,30.23,18.71,1,1,0.1442
870,117,314.45,19.41,28.31,19.99,1,1,0.8622
870,118,310.4,123.52,66.71,47.72,1,1,1.0
870,119,303.36,39.68,42.81,27.24,1,1,0.6544
870,120,332.8,31.57,33.85,22.97,1,1,0.7444
870,121,376.11,58.24,48.36,28.09,1,1,1.0
870,122,302.51,56.11,38.12,23.61,1,1,0.4495
870,123,107.31,157.87,67.98,58.6,1,1,1.0
870,124,40.75,76.8,41.11,30.87,1,1,1.0
870,125,167.25,64.0,37.27,31.29,1,1,1.0
870,126,484.05,87.68,70.55,36.84,1,1,1.0
870,127,551.04,77.44,69.48,35.99,1,1,0.9633
870,128,643.2,135.25,104.04,47.94,1,1,0.898
870,129,698.88,176.0,124.52,55.4,1,1,0.3725
870,130,58.88,34.77,28.52,22.33,1,1,1.0
870,131,1.0,31.57,33.07,27.67,1,1,1.0
870,132,856.75,128.0,104.25,73.32,1,1,1.0
871,111,763.73,425.6,197.27,115.4,1,1,1.0
871,112,294.4,341.33,152.47,133.27,1,1,1.0
871,115,220.8,13.87,34.07,29.8,1,1,1.0
871,116,198.4,30.93,29.8,19.13,1,1,0.0558
871,117,312.53,19.2,27.67,20.2,1,1,0.8738
871,118,315.73,125.87,67.14,49.0,1,1,1.0
871,119,300.8,39.47,42.6,27.67,1,1,0.6417
871,120,330.67,32.0,33.0,22.33,1,1,0.7432
871,121,372.27,57.6,47.93,27.67,1,1,1.0
871,122,298.67,55.47,38.33,23.4,1,1,0.3647
871,123,110.93,161.07,68.2,59.66,1,1,1.0
871,124,41.6,77.87,41.53,30.86,1,1,1.0
871,125,169.6,65.07,37.27,31.93,1,1,1.0
871,126,478.93,86.4,69.27,36.2,1,1,1.0
871,127,545.07,75.73,68.2,36.2,1,1,0.9676
871,128,631.47,133.33,100.2,45.8,1,1,0.9003
871,129,684.8,172.8,122.6,53.27,1,1,0.3428
871,130,59.73,35.2,28.73,23.4,1,1,1.0
871,131,1.0,32.0,33.07,27.67,1,1,1.0
871,132,842.67,125.87,118.33,74.6,1,1,1.0
872,112,306.13,353.28,159.51,137.96,1,1,1.0
872,115,218.88,13.44,34.07,29.16,1,1,1.0
872,116,197.12,30.29,29.59,18.92,1,1,0.1282
872,117,310.19,18.77,26.81,20.2,1,1,0.8521
872,118,321.07,127.79,68.84,50.49,1,1,1.0
872,119,298.24,38.4,42.17,27.45,1,1,0.6719
872,120,327.04,30.93,33.21,22.76,1,1,0.7295
872,121,369.07,56.96,47.08,27.45,1,1,1.0
872,122,296.11,55.04,37.26,22.76,1,1,0.3997
872,123,114.13,165.12,70.98,61.16,1,1,1.0
872,124,42.88,79.15,41.53,31.08,1,1,1.0
872,125,171.73,66.35,38.12,32.36,1,1,1.0
872,126,473.39,85.12,69.05,36.2,1,1,1.0
872,127,538.67,74.88,68.62,35.56,1,1,0.9609
872,128,621.23,130.35,98.28,45.58,1,1,0.886
872,129,672.64,169.6,121.32,51.77,1,1,0.3381
872,130,60.59,35.84,28.95,22.97,1,1,1.0
872,131,1.0,32.64,33.92,27.67,1,1,1.0
872,132,831.15,123.52,129.85,73.32,1,1,1.0
873,112,317.87,365.23,166.54,142.65,1,1,1.0
873,115,216.96,13.01,34.07,28.52,1,1,1.0
873,116,195.84,29.65,29.37,18.71,1,1,0.1365
873,117,307.84,18.35,25.96,20.2,1,1,0.828
873,118,326.4,129.71,70.55,51.98,1,1,1.0
873,119,295.68,37.33,41.75,27.24,1,1,0.7016
873,120,323.41,29.87,33.43,23.19,1,1,0.7157
873,121,365.87,56.32,46.22,27.24,1,1,1.0
873,122,293.55,54.61,36.2,22.12,1,1,0.4434
873,123,117.33,169.17,73.75,62.66,1,1,1.0
873,124,44.16,80.43,41.53,31.29,1,1,1.0
873,125,173.87,67.63,38.97,32.79,1,1,1.0
873,126,467.84,83.84,68.84,36.2,1,1,1.0
873,127,532.27,74.03,69.05,34.92,1,1,0.9541
873,128,610.99,127.36,96.36,45.37,1,1,0.8967
873,129,660.48,166.4,120.04,50.28,1,1,0.3162
873,130,61.44,36.48,29.16,22.55,1,1,1.0
873,131,1.0,33.28,34.77,27.67,1,1,1.0
873,132,819.63,121.17,141.37,72.04,1,1,1.0
874,112,329.6,377.17,173.59,147.35,1,1,1.0
874,115,215.04,12.59,34.07,27.88,1,1,1.0
874,116,194.56,29.01,29.16,18.49,1,1,0.209
874,117,305.49,17.92,25.11,20.2,1,1,0.8014
874,118,331.73,131.63,72.26,53.48,1,1,1.0
874,119,293.12,36.27,41.32,27.03,1,1,0.7309
874,120,319.79,28.8,33.64,23.61,1,1,0.7022
874,121,362.67,55.68,45.37,27.03,1,1,1.0
874,122,290.99,54.19,35.13,21.48,1,1,0.4122
874,123,120.53,173.23,76.52,64.14,1,1,1.0
874,124,45.44,81.71,41.53,31.5,1,1,1.0
874,125,176.0,68.91,39.83,33.21,1,1,1.0
874,126,462.29,82.56,68.63,36.2,1,1,1.0
874,127,525.87,73.17,69.48,34.28,1,1,0.9472
874,128,600.75,124.37,94.44,45.16,1,1,0.8939
874,129,648.32,163.2,118.76,48.79,1,1,0.3001
874,130,62.29,37.12,29.37,22.12,1,1,1.0
874,131,1.0,33.92,35.63,27.67,1,1,1.0
874,132,808.11,118.83,129.42,70.76,1,1,1.0
875,112,341.33,389.12,180.63,151.88,1,1,1.0
875,115,213.12,12.16,34.07,27.24,1,1,1.0
875,116,193.28,28.37,28.95,18.28,1,1,0.2183
875,117,303.15,17.49,24.25,20.2,1,1,0.7715
875,118,337.07,133.55,73.96,54.97,1,1,1.0
875,119,290.56,35.2,40.89,26.81,1,1,0.7596
875,120,316.16,27.73,33.85,24.04,1,1,0.6886
875,121,359.47,55.04,44.52,26.81,1,1,1.0
875,122,288.43,53.76,34.06,20.84,1,1,0.3954
875,123,123.73,177.28,79.3,65.64,1,1,1.0
875,124,46.72,82.99,41.53,31.72,1,1,1.0
875,125,178.13,70.19,40.68,33.64,1,1,1.0
875,126,456.75,81.28,68.41,36.2,1,1,1.0
875,127,519.47,72.32,69.9,33.64,1,1,0.9403
875,128,590.51,121.39,92.52,44.94,1,1,0.8944
875,129,636.16,160.0,117.48,47.29,1,1,0.401
875,130,63.15,37.76,29.59,21.69,1,1,1.0
875,131,1.0,34.56,36.48,27.67,1,1,1.0
875,132,796.59,116.48,129.21,69.48,1,1,1.0
876,112,353.07,401.07,187.66,139.93,1,1,1.0
876,115,211.2,11.73,34.07,26.6,1,1,1.0
876,116,192.0,27.73,28.73,18.07,1,1,0.2362
876,117,300.8,17.07,23.4,20.2,1,1,0.7383
876,118,342.4,135.47,75.67,56.46,1,1,1.0
876,119,288.0,34.13,40.47,26.6,1,1,0.7878
876,120,312.53,26.67,34.07,24.47,1,1,0.6749
876,121,356.27,54.4,43.66,26.6,1,1,1.0
876,122,285.87,53.33,33.0,20.2,1,1,0.4576
876,123,126.93,181.33,82.07,67.14,1,1,1.0
876,124,48.0,84.27,41.53,31.93,1,1,1.0
876,125,180.27,71.47,41.53,34.06,1,1,1.0
876,126,451.2,80.0,68.2,36.2,1,1,1.0
876,127,513.07,71.47,70.33,33.0,1,1,0.9333
876,128,580.27,118.4,90.6,44.73,1,1,0.891
876,129,624.0,156.8,116.2,45.8,1,1,0.3813
876,130,64.0,38.4,29.8,21.27,1,1,1.0
876,131,1.0,35.2,37.33,27.67,1,1,1.0
876,132,785.07,114.13,129.0,68.2,1,1,1.0
877,112,368.0,417.07,182.97,123.93,1,1,1.0
877,115,209.92,11.73,33.43,26.17,1,1,1.0
877,116,189.87,27.31,28.94,17.64,1,1,0.1565
877,117,299.09,16.64,23.4,19.77,1,1,0.7397
877,118,348.37,139.09,78.02,56.68,1,1,1.0
877,119,285.87,33.71,40.04,26.39,1,1,0.7838
877,120,310.4,26.45,33.64,24.04,1,1,0.6781
877,121,353.28,53.33,43.03,26.6,1,1,1.0
877,122,282.67,52.48,33.21,20.63,1,1,0.3698
877,123,130.99,185.81,84.41,68.63,1,1,1.0
877,124,48.64,85.33,42.39,32.58,1,1,1.0
877,125,182.83,72.75,42.6,34.28,1,1,1.0
877,126,446.72,78.72,66.92,35.56,1,1,1.0
877,127,508.59,70.83,68.62,32.57,1,1,0.9442
877,128,570.67,116.48,89.96,44.09,1,1,0.8834
877,129,615.89,153.81,112.15,45.59,1,1,0.424
877,130,65.49,39.04,29.59,21.69,1,1,1.0
877,131,1.0,35.63,37.76,28.09,1,1,1.0
877,132,774.19,112.64,127.29,67.56,1,1,1.0
878,112,382.93,433.07,178.28,107.93,1,1,1.0
878,115,208.64,11.73,32.79,25.75,1,1,1.0
878,116,187.73,26.88,29.16,17.21,1,1,0.1888
878,117,297.39,16.21,23.4,19.35,1,1,0.7423
878,118,354.35,142.72,80.36,56.89,1,1,1.0
878,119,283.73,33.28,39.62,26.17,1,1,0.7799
878,120,308.27,26.24,33.21,23.61,1,1,0.6813
878,121,350.29,52.27,42.39,26.6,1,1,1.0
878,122,279.47,51.63,33.42,21.05,1,1,0.4073
878,123,135.04,190.29,86.76,70.12,1,1,1.0
878,124,49.28,86.4,43.24,33.21,1,1,1.0
878,125,185.39,74.03,43.66,34.49,1,1,1.0
878,126,442.24,77.44,65.64,34.92,1,1,1.0
878,127,504.11,70.19,66.92,32.14,1,1,0.9564
878,128,561.07,114.56,89.32,43.45,1,1,0.9484
878,129,607.79,150.83,108.09,45.37,1,1,0.4027
878,130,66.99,39.68,29.37,22.12,1,1,1.0
878,131,12.16,36.05,27.03,28.52,1,1,1.0
878,132,763.31,111.15,125.58,66.92,1,1,1.0
879,112,397.87,449.07,173.58,91.93,1,1,1.0
879,115,207.36,11.73,32.15,25.32,1,1,1.0
879,116,185.6,26.45,29.37,16.79,1,1,0.2361
879,117,295.68,15.79,23.4,18.92,1,1,0.7461
879,118,360.32,146.35,82.71,57.1,1,1,1.0
879,119,281.6,32.85,39.19,25.96,1,1,0.7763
879,120,306.13,26.03,32.79,23.19,1,1,0.6845
879,121,347.31,51.2,41.74,26.6,1,1,1.0
879,122,276.27,50.77,33.64,21.48,1,1,0.3365
879,123,139.09,194.77,89.11,71.62,1,1,1.0
879,124,49.92,87.47,44.09,33.85,1,1,1.0
879,125,187.95,75.31,44.73,34.7,1,1,1.0
879,126,437.76,76.16,64.36,34.28,1,1,1.0
879,127,499.63,69.55,65.21,31.72,1,1,0.9698
879,128,551.47,112.64,88.68,42.81,1,1,0.9576
879,129,599.68,147.84,104.04,45.16,1,1,0.3864
879,130,68.48,40.32,29.16,22.55,1,1,1.0
879,131,12.37,36.48,27.24,28.95,1,1,1.0
879,132,752.43,109.65,123.88,66.28,1,1,1.0
880,112,412.8,465.07,168.89,75.93,1,1,1.0
880,115,206.08,11.73,31.51,24.89,1,1,1.0
880,116,183.47,26.03,29.58,16.36,1,1,0.1378
880,117,293.97,15.36,23.4,18.49,1,1,0.7516
880,118,366.29,149.97,85.06,57.32,1,1,1.0
880,119,279.47,32.43,38.76,25.75,1,1,0.773
880,120,304.0,25.81,32.36,22.76,1,1,0.688
880,121,344.32,50.13,41.11,26.6,1,1,1.0
880,122,273.07,49.92,33.85,21.91,1,1,0.3862
880,123,143.15,199.25,91.45,73.11,1,1,1.0
880,124,50.56,88.53,44.95,34.5,1,1,1.0
880,125,190.51,76.59,45.8,34.92,1,1,1.0
880,126,433.28,74.88,63.08,33.64,1,1,1.0
880,127,495.15,68.91,63.5,31.29,1,1,0.9846
880,128,541.87,110.72,88.04,42.17,1,1,0.9573
880,129,591.57,144.85,99.99,44.95,1,1,0.4371
880,130,69.97,40.96,28.95,22.97,1,1,1.0
880,131,12.59,36.91,27.45,29.37,1,1,1.0
880,132,741.55,108.16,122.17,65.64,1,1,1.0
881,112,427.73,481.07,164.2,59.93,1,1,1.0
881,115,204.8,11.73,30.87,24.47,1,1,1.0
881,116,181.33,25.6,29.8,15.93,1,1,0.206
881,117,292.27,14.93,23.4,18.07,1,1,0.7584
881,118,372.27,153.6,87.4,57.53,1,1,1.0
881,119,277.33,32.0,38.34,25.53,1,1,0.77
881,120,301.87,25.6,31.93,22.33,1,1,0.6917
881,121,341.33,49.07,40.47,26.6,1,1,1.0
881,122,269.87,49.07,34.06,22.33,1,1,0.4201
881,123,147.2,203.73,93.8,74.6,1,1,1.0
881,124,51.2,89.6,45.8,35.13,1,1,1.0
881,125,193.07,77.87,46.86,35.13,1,1,1.0
881,126,428.8,73.6,61.8,33.0,1,1,1.0
881,127,490.67,68.27,61.8,30.87,1,1,1.0
881,128,532.27,108.8,87.4,41.53,1,1,0.9387
881,129,583.47,141.87,95.93,44.73,1,1,0.4731
881,130,71.47,41.6,28.73,23.4,1,1,1.0
881,131,12.8,37.33,27.67,29.8,1,1,1.0
881,132,730.67,106.67,120.46,65.0,1,1,1.0
882,115,203.95,11.31,29.8,24.68,1,1,1.0
882,116,180.27,25.39,29.16,15.93,1,1,0.1961
882,117,290.35,15.15,23.18,17.85,1,1,0.7384
882,118,379.73,157.01,89.32,59.46,1,1,1.0
882,119,275.41,31.36,38.55,26.39,1,1,0.7587
882,120,299.31,25.39,31.72,22.33,1,1,0.6617
882,121,337.92,48.85,40.68,26.39,1,1,1.0
882,122,267.31,48.21,33.85,22.55,1,1,0.3618
882,123,153.39,208.85,96.36,77.16,1,1,1.0
882,124,52.05,90.88,46.65,35.35,1,1,1.0
882,125,196.27,79.57,46.65,35.14,1,1,1.0
882,126,425.39,72.96,60.52,32.57,1,1,1.0
882,127,485.97,67.63,60.95,30.44,1,1,1.0
882,128,523.73,106.67,85.7,41.32,1,1,0.9346
882,129,575.36,139.73,94.44,43.88,1,1,0.4723
882,130,72.11,42.03,28.94,23.61,1,1,1.0
882,131,12.8,37.76,28.31,30.01,1,1,1.0
882,132,722.13,104.75,116.63,64.14,1,1,1.0
883,115,203.09,10.88,28.74,24.89,1,1,1.0
883,116,179.2,25.17,28.52,15.93,1,1,0.2276
883,117,288.43,15.36,22.97,17.64,1,1,0.717
883,118,387.2,160.43,91.24,61.37,1,1,1.0
883,119,273.49,30.72,38.76,27.24,1,1,0.75
883,120,296.75,25.17,31.5,22.33,1,1,0.6301
883,121,334.51,48.64,40.89,26.17,1,1,1.0
883,122,264.75,47.36,33.64,22.76,1,1,0.3796
883,123,159.57,213.97,98.92,79.72,1,1,1.0
883,124,52.91,92.16,47.51,35.56,1,1,1.0
883,125,199.47,81.28,46.44,35.13,1,1,1.0
883,126,421.97,72.32,59.24,32.15,1,1,1.0
883,127,481.28,66.99,60.09,30.01,1,1,1.0
883,128,515.2,104.53,83.99,41.11,1,1,0.9493
883,129,567.25,137.6,92.95,43.03,1,1,0.4474
883,130,72.75,42.45,29.16,23.83,1,1,1.0
883,131,12.8,38.19,28.95,30.23,1,1,1.0
883,132,713.6,102.83,112.79,63.29,1,1,1.0
884,115,202.24,10.45,27.67,25.11,1,1,1.0
884,116,178.13,24.96,27.88,15.93,1,1,0.1908
884,117,286.51,15.57,22.76,17.43,1,1,0.6943
884,118,394.67,163.84,93.16,63.29,1,1,1.0
884,119,271.57,30.08,38.98,28.09,1,1,0.7439
884,120,294.19,24.96,31.29,22.33,1,1,0.597
884,121,331.09,48.43,41.11,25.96,1,1,1.0
884,122,262.19,46.51,33.42,22.97,1,1,0.359
884,123,165.76,219.09,101.48,82.28,1,1,1.0
884,124,53.76,93.44,48.36,35.77,1,1,1.0
884,125,202.67,82.99,46.22,35.13,1,1,1.0
884,126,418.56,71.68,57.96,31.72,1,1,1.0
884,127,476.59,66.35,59.24,29.59,1,1,1.0
884,128,506.67,102.4,82.28,40.89,1,1,0.9242
884,129,559.15,135.47,91.45,42.17,1,1,0.4879
884,130,73.39,42.88,29.37,24.04,1,1,1.0
884,131,12.8,38.61,29.59,30.44,1,1,1.0
884,132,705.07,100.91,108.94,62.44,1,1,1.0
885,115,201.39,10.03,26.6,25.32,1,1,1.0
885,116,177.07,24.75,27.24,15.93,1,1,0.2313
885,117,284.59,15.79,22.54,17.21,1,1,0.6703
885,118,402.13,167.25,95.08,65.22,1,1,1.0
885,119,269.65,29.44,39.19,28.95,1,1,0.7397
885,120,291.63,24.75,31.08,22.33,1,1,0.5626
885,121,327.68,48.21,41.32,25.75,1,1,1.0
885,122,259.63,45.65,33.21,23.19,1,1,0.3671
885,123,171.95,224.21,104.04,84.84,1,1,1.0
885,124,54.61,94.72,49.22,35.99,1,1,1.0
885,125,205.87,84.69,46.01,35.14,1,1,1.0
885,126,415.15,71.04,56.68,31.29,1,1,1.0
885,127,471.89,65.71,58.39,29.16,1,1,1.0
885,128,498.13,100.27,80.58,40.68,1,1,0.9266
885,129,551.04,133.33,89.96,41.32,1,1,0.4894
885,130,74.03,43.31,29.58,24.25,1,1,1.0
885,131,12.8,39.04,30.23,30.65,1,1,1.0
885,132,696.53,98.99,105.11,61.58,1,1,1.0
886,115,200.53,9.6,25.54,25.53,1,1,1.0
886,116,176.0,24.53,26.6,15.93,1,1,0.2176
886,117,282.67,16.0,22.33,17.0,1,1,0.6447
886,118,409.6,170.67,97.0,67.13,1,1,1.0
886,119,267.73,28.8,39.4,29.8,1,1,0.7374
886,120,289.07,24.53,30.86,22.33,1,1,0.5266
886,121,324.27,48.0,41.53,25.53,1,1,1.0
886,122,257.07,44.8,33.0,23.4,1,1,0.4103
886,123,178.13,229.33,106.6,87.4,1,1,1.0
886,124,55.47,96.0,50.06,36.2,1,1,1.0
886,125,209.07,86.4,45.8,35.13,1,1,1.0
886,126,411.73,70.4,55.4,30.87,1,1,1.0
886,127,467.2,65.07,57.53,28.73,1,1,1.0
886,128,489.6,98.13,78.87,40.47,1,1,0.9272
886,129,542.93,131.2,88.47,40.47,1,1,0.5311
886,130,74.67,43.73,29.8,24.47,1,1,1.0
886,131,12.8,39.47,30.87,30.87,1,1,1.0
886,132,688.0,97.07,101.27,60.73,1,1,1.0
886,133,867.2,125.87,93.8,52.2,1,1,1.0
887,115,198.83,9.81,25.96,25.53,1,1,1.0
887,116,174.72,24.53,26.81,16.15,1,1,0.2302
887,117,280.75,16.0,22.97,17.21,1,1,0.632
887,118,418.56,174.93,99.56,68.63,1,1,1.0
887,119,266.03,29.01,38.33,29.37,1,1,0.7394
887,120,287.36,24.32,30.23,22.12,1,1,0.557
887,121,321.92,47.57,41.11,25.96,1,1,1.0
887,122,254.72,44.59,32.57,23.4,1,1,0.4076
887,123,185.39,237.01,109.58,89.96,1,1,1.0
887,124,56.96,98.13,50.71,36.84,1,1,1.0
887,125,212.05,88.11,46.66,35.98,1,1,1.0
887,126,407.47,69.97,55.18,30.44,1,1,1.0
887,127,462.93,64.43,57.32,28.73,1,1,1.0
887,128,482.56,97.92,77.16,38.76,1,1,0.9175
887,129,535.04,129.71,86.97,39.61,1,1,0.4702
887,130,75.52,45.23,30.87,24.68,1,1,1.0
887,131,14.08,40.75,30.23,30.65,1,1,1.0
887,132,679.47,96.0,100.2,60.09,1,1,1.0
887,133,853.33,123.09,107.67,51.99,1,1,1.0
888,115,197.12,10.03,26.39,25.53,1,1,1.0
888,116,173.44,24.53,27.03,16.36,1,1,0.2282
888,117,278.83,16.0,23.61,17.43,1,1,0.6197
888,118,427.52,179.2,102.12,70.12,1,1,1.0
888,119,264.32,29.23,37.27,28.95,1,1,0.7416
888,120,285.65,24.11,29.59,21.91,1,1,0.5872
888,121,319.57,47.15,40.68,26.39,1,1,1.0
888,122,252.37,44.37,32.15,23.4,1,1,0.4114
888,123,192.64,244.69,112.57,92.52,1,1,1.0
888,124,58.45,100.27,51.35,37.48,1,1,1.0
888,125,215.04,89.81,47.51,36.84,1,1,1.0
888,126,403.2,69.55,54.97,30.01,1,1,1.0
888,127,458.67,63.79,57.1,28.73,1,1,1.0
888,128,475.52,97.71,75.45,37.05,1,1,0.9091
888,129,527.15,128.21,85.48,38.76,1,1,0.4348
888,130,76.37,46.72,31.94,24.89,1,1,1.0
888,131,15.36,42.03,29.59,30.44,1,1,1.0
888,132,670.93,94.93,99.14,59.46,1,1,1.0
888,133,839.47,120.32,109.37,51.77,1,1,1.0
889,115,195.41,10.24,26.82,25.53,1,1,1.0
889,116,172.16,24.53,27.24,16.57,1,1,0.2272
889,117,276.91,16.0,24.25,17.64,1,1,0.6079
889,118,436.48,183.47,104.68,71.61,1,1,1.0
889,119,262.61,29.44,36.2,28.52,1,1,0.7442
889,120,283.95,23.89,28.94,21.69,1,1,0.6178
889,121,317.23,46.72,40.25,26.81,1,1,1.0
889,122,250.03,44.16,31.72,23.4,1,1,0.3741
889,123,199.89,252.37,115.56,95.08,1,1,1.0
889,124,59.95,102.4,51.98,38.12,1,1,1.0
889,125,218.03,91.52,48.36,37.69,1,1,1.0
889,126,398.93,69.12,54.76,29.59,1,1,1.0
889,127,454.4,63.15,56.89,28.73,1,1,1.0
889,128,468.48,97.49,73.75,35.35,1,1,0.8965
889,129,519.25,126.72,83.99,37.91,1,1,0.4044
889,130,77.23,48.21,33.0,25.11,1,1,1.0
889,131,16.64,43.31,28.95,30.23,1,1,1.0
889,132,662.4,93.87,98.07,58.81,1,1,1.0
889,133,825.6,117.55,110.23,51.56,1,1,1.0
890,115,193.71,10.45,27.24,25.53,1,1,1.0
890,116,170.88,24.53,27.45,16.79,1,1,0.2572
890,117,274.99,16.0,24.89,17.85,1,1,0.5962
890,118,445.44,187.73,107.24,73.11,1,1,1.0
890,119,260.91,29.65,35.13,28.09,1,1,0.7475
890,120,282.24,23.68,28.31,21.48,1,1,0.6481
890,121,314.88,46.29,39.83,27.24,1,1,1.0
890,122,247.68,43.95,31.29,23.4,1,1,0.3655
890,123,207.15,260.05,118.54,97.64,1,1,1.0
890,124,61.44,104.53,52.63,38.76,1,1,1.0
890,125,221.01,93.23,49.22,38.54,1,1,1.0
890,126,394.67,68.69,54.54,29.16,1,1,1.0
890,127,450.13,62.51,56.68,28.73,1,1,1.0
890,128,461.44,97.28,72.04,33.64,1,1,0.8933
890,129,511.36,125.23,82.49,37.05,1,1,0.3883
890,130,78.08,49.71,34.07,25.32,1,1,1.0
890,131,17.92,44.59,28.31,30.01,1,1,1.0
890,132,653.87,92.8,97.0,58.17,1,1,1.0
890,133,811.73,114.77,111.08,51.35,1,1,1.0
891,115,192.0,10.67,27.67,25.53,1,1,1.0
891,116,169.6,24.53,27.67,17.0,1,1,0.139
891,117,273.07,16.0,25.53,18.07,1,1,0.5847
891,118,454.4,192.0,109.8,74.6,1,1,1.0
891,119,259.2,29.87,34.07,27.67,1,1,0.7511
891,120,280.53,23.47,27.67,21.27,1,1,0.6781
891,121,312.53,45.87,39.4,27.67,1,1,1.0
891,122,245.33,43.73,30.87,23.4,1,1,0.3729
891,123,214.4,267.73,121.53,100.2,1,1,1.0
891,124,62.93,106.67,53.27,39.4,1,1,1.0
891,125,224.0,94.93,50.07,39.4,1,1,1.0
891,126,390.4,68.27,54.33,28.73,1,1,1.0
891,127,445.87,61.87,56.46,28.73,1,1,1.0
891,128,454.4,97.07,70.33,31.93,1,1,0.8774
891,129,503.47,123.73,81.0,36.2,1,1,0.3553
891,130,78.93,51.2,35.14,25.53,1,1,1.0
891,131,19.2,45.87,27.67,29.8,1,1,1.0
891,132,645.33,91.73,95.94,57.54,1,1,1.0
891,133,797.87,112.0,111.93,51.13,1,1,1.0
891,134,44.8,32.0,23.4,19.13,1,1,1.0
892,116,168.96,24.32,26.81,16.79,1,1,0.2556
892,117,271.15,15.79,25.53,17.85,1,1,0.564
892,118,464.64,197.55,113.0,75.88,1,1,1.0
892,119,257.28,29.65,33.64,26.81,1,1,0.7652
892,120,277.55,23.25,28.52,21.05,1,1,0.6737
892,121,309.97,45.65,38.76,26.81,1,1,1.0
892,122,242.99,43.52,30.65,22.33,1,1,0.4131
892,123,224.0,276.48,126.87,103.83,1,1,1.0
892,124,64.21,107.95,53.48,39.61,1,1,1.0
892,125,227.41,97.07,51.14,39.61,1,1,1.0
892,126,386.99,67.41,53.48,28.52,1,1,1.0
892,127,441.81,61.01,55.19,28.31,1,1,1.0
892,128,447.57,94.51,69.27,32.36,1,1,0.84
892,129,497.71,121.81,79.29,35.99,1,1,0.2858
892,130,80.64,52.27,34.71,25.32,1,1,1.0
892,131,19.63,46.72,28.52,29.59,1,1,1.0
892,132,637.65,90.45,94.87,56.47,1,1,1.0
892,133,785.71,109.87,109.37,49.85,1,1,1.0
892,134,45.23,32.21,23.83,19.77,1,1,1.0
893,116,168.32,24.11,25.96,16.57,1,1,0.1142
893,117,269.23,15.57,25.53,17.64,1,1,0.5437
893,118,474.88,203.09,116.2,77.16,1,1,1.0
893,119,255.36,29.44,33.21,25.96,1,1,1.0
893,120,274.56,23.04,29.37,20.84,1,1,0.6695
893,121,307.41,45.44,38.12,25.96,1,1,1.0
893,122,240.64,43.31,30.44,21.27,1,1,0.3165
893,123,233.6,285.23,132.2,107.45,1,1,1.0
893,124,65.49,109.23,53.7,39.82,1,1,1.0
893,125,230.83,99.2,52.2,39.83,1,1,1.0
893,126,383.57,66.56,52.63,28.31,1,1,1.0
893,127,437.76,60.16,53.91,27.88,1,1,1.0
893,128,440.75,91.95,68.2,32.78,1,1,0.8356
893,129,491.95,119.89,77.58,35.78,1,1,0.3245
893,130,82.35,53.33,34.28,25.11,1,1,1.0
893,131,20.05,47.57,29.37,29.37,1,1,1.0
893,132,629.97,89.17,93.8,55.4,1,1,1.0
893,133,773.55,107.73,106.81,48.58,1,1,1.0
893,134,45.65,32.43,24.25,20.41,1,1,1.0
894,116,167.68,23.89,25.11,16.36,1,1,0.2606
894,117,267.31,15.36,25.53,17.43,1,1,1.0
894,118,485.12,208.64,119.4,78.44,1,1,1.0
894,119,253.44,29.23,32.79,25.11,1,1,0.7467
894,120,271.57,22.83,30.23,20.63,1,1,1.0
894,121,304.85,45.23,37.48,25.11,1,1,1.0
894,122,238.29,43.09,30.23,20.2,1,1,0.3564
894,123,243.2,293.97,137.53,111.08,1,1,1.0
894,124,66.77,110.51,53.91,40.04,1,1,1.0
894,125,234.24,101.33,53.27,40.04,1,1,1.0
894,126,380.16,65.71,51.77,28.09,1,1,1.0
894,127,433.71,59.31,52.62,27.45,1,1,1.0
894,128,433.92,89.39,67.13,33.21,1,1,0.8431
894,129,486.19,117.97,75.88,35.56,1,1,0.3623
894,130,84.05,54.4,33.86,24.89,1,1,1.0
894,131,20.48,48.43,30.23,29.16,1,1,1.0
894,132,622.29,87.89,92.74,54.34,1,1,1.0
894,133,761.39,105.6,104.25,47.29,1,1,1.0
894,134,46.08,32.64,24.68,21.05,1,1,1.0
895,116,167.04,23.68,24.25,16.15,1,1,0.3053
895,117,265.39,15.15,25.53,17.21,1,1,1.0
895,118,495.36,214.19,122.6,79.72,1,1,1.0
895,119,251.52,29.01,32.36,24.25,1,1,0.727
895,120,268.59,22.61,31.08,20.41,1,1,1.0
895,121,302.29,45.01,36.84,24.25,1,1,1.0
895,122,235.95,42.88,30.01,19.13,1,1,0.3732
895,123,252.8,302.72,142.87,114.71,1,1,1.0
895,124,68.05,111.79,54.12,40.25,1,1,1.0
895,125,237.65,103.47,54.34,40.25,1,1,1.0
895,126,376.75,64.85,50.92,27.88,1,1,1.0
895,127,429.65,58.45,51.35,27.03,1,1,1.0
895,128,427.09,86.83,66.07,33.64,1,1,0.8446
895,129,480.43,116.05,74.17,35.35,1,1,0.3494
895,130,85.76,55.47,33.43,24.68,1,1,1.0
895,131,20.91,49.28,31.08,28.95,1,1,1.0
895,132,614.61,86.61,91.67,53.27,1,1,1.0
895,133,749.23,103.47,101.69,46.01,1,1,1.0
895,134,46.51,32.85,25.11,21.69,1,1,1.0
896,116,166.4,23.47,23.4,15.93,1,1,0.3096
896,117,263.47,14.93,25.53,17.0,1,1,1.0
896,118,505.6,219.73,125.8,81.0,1,1,1.0
896,119,249.6,28.8,31.93,23.4,1,1,0.7058
896,120,265.6,22.4,31.93,20.2,1,1,1.0
896,121,299.73,44.8,36.2,23.4,1,1,1.0
896,122,233.6,42.67,29.8,18.07,1,1,0.4218
896,123,262.4,311.47,148.2,118.33,1,1,1.0
896,124,69.33,113.07,54.34,40.46,1,1,1.0
896,125,241.07,105.6,55.4,40.47,1,1,1.0
896,126,373.33,64.0,50.07,27.67,1,1,0.9833
896,127,425.6,57.6,50.07,26.6,1,1,1.0
896,128,420.27,84.27,65.0,34.06,1,1,0.8473
896,129,474.67,114.13,72.46,35.14,1,1,0.3466
896,130,87.47,56.53,33.0,24.47,1,1,1.0
896,131,21.33,50.13,31.93,28.73,1,1,1.0
896,132,606.93,85.33,90.6,52.2,1,1,1.0
896,133,737.07,101.33,99.13,44.74,1,1,1.0
896,134,46.93,33.07,25.53,22.33,1,1,1.0
896,135,910.93,169.6,50.07,42.6,1,1,1.0
897,117,261.76,14.72,25.32,16.36,1,1,1.0
897,118,518.4,225.71,130.07,83.56,1,1,1.0
897,119,251.09,26.88,31.08,23.19,1,1,0.4769
897,120,260.27,23.68,32.36,20.41,1,1,1.0
897,121,297.6,43.95,35.99,23.83,1,1,1.0
897,122,231.68,42.03,29.16,18.28,1,1,0.3341
897,123,274.56,322.77,155.24,124.1,1,1,1.0
897,124,71.25,114.99,54.76,41.32,1,1,1.0
897,125,244.91,107.09,56.68,41.75,1,1,1.0
897,126,369.92,62.93,49.43,27.88,1,1,0.9736
897,127,421.97,56.75,50.28,26.39,1,1,1.0
897,128,414.29,83.63,63.51,32.78,1,1,0.8365
897,129,467.84,112.21,71.4,34.5,1,1,0.3454
897,130,88.53,57.17,33.22,24.68,1,1,1.0
897,131,22.19,50.56,31.72,29.37,1,1,1.0
897,132,600.11,84.27,89.1,51.34,1,1,1.0
897,133,728.11,100.05,95.72,43.67,1,1,1.0
897,134,47.79,34.13,25.75,21.91,1,1,1.0
897,135,898.56,164.05,62.44,47.08,1,1,1.0
898,117,260.05,14.51,25.11,15.72,1,1,0.6963
898,118,531.2,231.68,134.33,86.12,1,1,1.0
898,119,252.59,24.96,30.22,22.97,1,1,0.1716
898,120,254.93,24.96,32.79,20.63,1,1,1.0
898,121,295.47,43.09,35.77,24.25,1,1,1.0
898,122,229.76,41.39,28.52,18.49,1,1,0.363
898,123,286.72,334.08,162.28,129.85,1,1,1.0
898,124,73.17,116.91,55.19,42.17,1,1,1.0
898,125,248.75,108.59,57.96,43.02,1,1,1.0
898,126,366.51,61.87,48.78,28.09,1,1,0.9645
898,127,418.35,55.89,50.49,26.17,1,1,1.0
898,128,408.32,82.99,62.01,31.5,1,1,0.8667
898,129,461.01,110.29,70.34,33.86,1,1,0.3583
898,130,89.6,57.81,33.43,24.89,1,1,1.0
898,131,23.04,50.99,31.51,30.01,1,1,1.0
898,132,593.28,83.2,87.61,50.49,1,1,1.0
898,133,719.15,98.77,92.3,42.6,1,1,1.0
898,134,48.64,35.2,25.96,21.48,1,1,1.0
898,135,886.19,158.51,74.81,51.56,1,1,1.0
899,117,258.35,14.29,24.89,15.08,1,1,0.58
899,118,544.0,237.65,138.6,88.68,1,1,1.0
899,119,254.08,23.04,29.37,22.76,1,1,0.1593
899,120,249.6,26.24,33.21,20.84,1,1,1.0
899,121,293.33,42.24,35.56,24.68,1,1,1.0
899,122,227.84,40.75,27.88,18.71,1,1,0.4305
899,123,298.88,345.39,169.32,135.61,1,1,1.0
899,124,75.09,118.83,55.62,43.02,1,1,1.0
899,125,252.59,110.08,59.24,44.31,1,1,1.0
899,126,363.09,60.8,48.15,28.31,1,1,0.9559
899,127,414.72,55.04,50.71,25.96,1,1,1.0
899,128,402.35,82.35,60.52,30.22,1,1,0.8658
899,129,454.19,108.37,69.26,33.22,1,1,0.4085
899,130,90.67,58.45,33.64,25.11,1,1,1.0
899,131,23.89,51.41,31.29,30.65,1,1,1.0
899,132,586.45,82.13,86.12,49.64,1,1,1.0
899,133,710.19,97.49,88.89,41.54,1,1,1.0
899,134,49.49,36.27,26.17,21.05,1,1,1.0
899,135,873.81,152.96,87.19,56.04,1,1,1.0
900,117,256.64,14.08,24.68,14.44,1,1,0.4875
900,118,556.8,243.63,142.87,91.24,1,1,1.0
900,119,255.57,21.12,28.52,22.55,1,1,0.439
900,120,244.27,27.52,33.64,21.05,1,1,1.0
900,121,291.2,41.39,35.35,25.11,1,1,1.0
900,122,225.92,40.11,27.24,18.92,1,1,0.4237
900,123,311.04,356.69,176.36,141.38,1,1,1.0
900,124,77.01,120.75,56.04,43.88,1,1,1.0
900,125,256.43,111.57,60.52,45.59,1,1,1.0
900,126,359.68,59.73,47.51,28.52,1,1,0.9477
900,127,411.09,54.19,50.92,25.75,1,1,1.0
900,128,396.37,81.71,59.03,28.94,1,1,0.855
900,129,447.36,106.45,68.2,32.58,1,1,0.3857
900,130,91.73,59.09,33.86,25.32,1,1,1.0
900,131,24.75,51.84,31.08,31.29,1,1,1.0
900,132,579.63,81.07,84.62,48.78,1,1,1.0
900,133,701.23,96.21,85.48,40.47,1,1,1.0
900,134,50.35,37.33,26.39,20.63,1,1,1.0
900,135,861.44,147.41,99.56,60.52,1,1,1.0
901,117,254.93,13.87,24.47,13.8,1,1,0.4401
901,118,569.6,249.6,147.13,93.8,1,1,1.0
901,119,257.07,19.2,27.66,22.33,1,1,0.6716
901,120,238.93,28.8,34.07,21.27,1,1,1.0
901,121,289.07,40.53,35.13,25.53,1,1,1.0
901,122,224.0,39.47,26.6,19.13,1,1,0.446
901,123,323.2,368.0,183.4,147.13,1,1,1.0
901,124,78.93,122.67,56.47,44.73,1,1,1.0
901,125,260.27,113.07,61.8,46.86,1,1,1.0
901,126,356.27,58.67,46.86,28.73,1,1,0.9401
901,127,407.47,53.33,51.13,25.53,1,1,1.0
901,128,390.4,81.07,57.53,27.66,1,1,0.8431
901,129,440.53,104.53,67.14,31.94,1,1,0.3655
901,130,92.8,59.73,34.07,25.53,1,1,1.0
901,131,25.6,52.27,30.87,31.93,1,1,1.0
901,132,572.8,80.0,83.13,47.93,1,1,1.0
901,133,692.27,94.93,82.06,39.4,1,1,1.0
901,134,51.2,38.4,26.6,20.2,1,1,1.0
901,135,849.07,141.87,111.93,65.0,1,1,1.0
901,136,28.8,28.8,22.33,20.2,1,1,1.0
902,117,253.01,13.65,24.68,14.01,1,1,0.4621
902,118,585.17,256.64,154.18,97.85,1,1,1.0
902,119,255.15,19.41,27.66,21.69,1,1,0.6575
902,120,237.87,28.37,33.42,21.48,1,1,1.0
902,121,286.51,40.53,34.7,24.68,1,1,1.0
902,122,221.23,38.61,27.45,19.56,1,1,0.3951
902,123,340.91,383.57,190.44,144.36,1,1,1.0
902,124,80.85,125.01,57.54,45.16,1,1,1.0
902,125,265.17,115.41,62.02,46.87,1,1,1.0
902,126,352.64,58.24,46.87,28.09,1,1,0.9259
902,127,404.27,52.91,49.85,25.32,1,1,1.0
902,128,385.07,79.57,56.89,28.1,1,1,0.8592
902,129,436.27,103.25,66.06,31.72,1,1,0.3722
902,130,94.08,61.01,34.92,25.53,1,1,1.0
902,131,25.81,53.12,31.29,31.51,1,1,1.0
902,132,566.61,78.93,81.86,47.51,1,1,1.0
902,133,682.88,92.8,80.57,39.19,1,1,1.0
902,134,52.48,38.19,25.96,20.63,1,1,1.0
902,135,837.55,140.16,123.45,63.72,1,1,1.0
902,136,29.87,29.23,22.55,20.2,1,1,1.0
903,117,251.09,13.44,24.9,14.23,1,1,0.4834
903,118,600.75,263.68,161.21,101.91,1,1,1.0
903,119,253.23,19.63,27.66,21.05,1,1,0.6423
903,120,236.8,27.95,32.79,21.69,1,1,1.0
903,121,283.95,40.53,34.28,23.83,1,1,1.0
903,122,218.45,37.76,28.31,19.99,1,1,0.3496
903,123,358.61,399.15,197.48,141.85,1,1,1.0
903,124,82.77,127.36,58.6,45.59,1,1,1.0
903,125,270.08,117.76,62.23,46.87,1,1,1.0
903,126,349.01,57.81,46.87,27.45,1,1,0.9098
903,127,401.07,52.48,48.57,25.11,1,1,1.0
903,128,379.73,78.08,56.26,28.52,1,1,0.782
903,129,432.0,101.97,65.0,31.51,1,1,0.4156
903,130,95.36,62.29,35.77,25.53,1,1,1.0
903,131,26.03,53.97,31.72,31.08,1,1,1.0
903,132,560.43,77.87,80.57,47.08,1,1,1.0
903,133,673.49,90.67,79.08,38.97,1,1,1.0
903,134,53.76,37.97,25.32,21.05,1,1,1.0
903,135,826.03,138.45,134.97,62.44,1,1,1.0
903,136,30.93,29.65,22.76,20.2,1,1,1.0
904,117,249.17,13.23,25.11,14.44,1,1,0.5042
904,118,616.32,270.72,168.25,105.96,1,1,1.0
904,119,251.31,19.84,27.66,20.41,1,1,0.6263
904,120,235.73,27.52,32.15,21.91,1,1,1.0
904,121,281.39,40.53,33.85,22.97,1,1,1.0
904,122,215.68,36.91,29.16,20.41,1,1,0.3701
904,123,376.32,414.72,204.52,126.28,1,1,1.0
904,124,84.69,129.71,59.67,46.01,1,1,1.0
904,125,274.99,120.11,62.44,46.86,1,1,1.0
904,126,345.39,57.39,46.86,26.81,1,1,0.8918
904,127,397.87,52.05,47.29,24.89,1,1,1.0
904,128,374.4,76.59,55.61,28.94,1,1,0.7635
904,129,427.73,100.69,63.94,31.3,1,1,0.3078
904,130,96.64,63.57,36.63,25.53,1,1,1.0
904,131,26.24,54.83,32.15,30.65,1,1,1.0
904,132,554.24,76.8,79.29,46.65,1,1,1.0
904,133,664.11,88.53,77.58,38.76,1,1,1.0
904,134,55.04,37.76,24.68,21.48,1,1,1.0
904,135,814.51,136.75,127.29,61.16,1,1,1.0
904,136,32.0,30.08,22.97,20.2,1,1,1.0
905,117,247.25,13.01,25.32,14.65,1,1,0.5243
905,118,631.89,277.76,175.3,110.01,1,1,1.0
905,119,249.39,20.05,27.66,19.77,1,1,0.6093
905,120,234.67,27.09,31.5,22.12,1,1,1.0
905,121,278.83,40.53,33.42,22.12,1,1,1.0
905,122,212.91,36.05,30.01,20.84,1,1,0.4038
905,123,394.03,430.29,211.56,110.71,1,1,1.0
905,124,86.61,132.05,60.74,46.44,1,1,1.0
905,125,279.89,122.45,62.66,46.87,1,1,1.0
905,126,341.76,56.96,46.87,26.17,1,1,0.8718
905,127,394.67,51.63,46.01,24.68,1,1,1.0
905,128,369.07,75.09,54.97,29.38,1,1,0.6988
905,129,423.47,99.41,62.86,31.08,1,1,0.3462
905,130,97.92,64.85,37.48,25.53,1,1,1.0
905,131,26.45,55.68,32.57,30.23,1,1,1.0
905,132,548.05,75.73,78.02,46.23,1,1,1.0
905,133,654.72,86.4,76.09,38.55,1,1,1.0
905,134,56.32,37.55,24.04,21.91,1,1,1.0
905,135,802.99,135.04,128.14,59.88,1,1,1.0
905,136,33.07,30.51,23.19,20.2,1,1,1.0
906,117,245.33,12.8,25.54,14.87,1,1,0.544
906,118,647.47,284.8,182.33,114.07,1,1,1.0
906,119,247.47,20.27,27.66,19.13,1,1,0.591
906,120,233.6,26.67,30.87,22.33,1,1,1.0
906,121,276.27,40.53,33.0,21.27,1,1,1.0
906,122,210.13,35.2,30.87,21.27,1,1,0.3197
906,123,411.73,445.87,218.6,95.13,1,1,1.0
906,124,88.53,134.4,61.8,46.87,1,1,1.0
906,125,284.8,124.8,62.87,46.87,1,1,1.0
906,126,338.13,56.53,46.87,25.53,1,1,0.8495
906,127,391.47,51.2,44.73,24.47,1,1,1.0
906,128,363.73,73.6,54.34,29.8,1,1,0.6869
906,129,419.2,98.13,61.8,30.87,1,1,0.3285
906,130,99.2,66.13,38.33,25.53,1,1,1.0
906,131,26.67,56.53,33.0,29.8,1,1,1.0
906,132,541.87,74.67,76.73,45.8,1,1,1.0
906,133,645.33,84.27,74.6,38.33,1,1,1.0
906,134,57.6,37.33,23.4,22.33,1,1,1.0
906,135,791.47,133.33,129.0,58.6,1,1,1.0
906,136,34.13,30.93,23.4,20.2,1,1,1.0
907,118,667.31,294.4,191.5,120.47,1,1,1.0
907,119,246.19,19.84,26.81,18.92,1,1,0.5771
907,120,231.68,25.81,31.08,22.33,1,1,1.0
907,121,274.56,40.11,32.79,20.84,1,1,1.0
907,122,208.85,35.2,30.02,20.63,1,1,0.3553
907,124,90.88,136.32,62.01,47.93,1,1,1.0
907,125,289.49,127.36,64.58,48.15,1,1,1.0
907,126,335.79,56.11,46.01,25.32,1,1,0.8289
907,127,388.27,50.77,44.3,24.68,1,1,1.0
907,128,358.83,72.75,53.9,28.73,1,1,0.7372
907,129,414.51,96.85,60.73,30.44,1,1,0.3128
907,130,100.69,66.77,38.34,26.17,1,1,1.0
907,131,27.95,56.96,33.0,30.65,1,1,1.0
907,132,536.75,73.81,75.45,45.16,1,1,1.0
907,133,636.8,82.56,73.11,37.91,1,1,1.0
907,134,58.24,38.19,24.47,21.91,1,1,1.0
907,135,781.01,131.2,126.66,57.75,1,1,1.0
907,136,34.77,31.79,24.04,19.77,1,1,1.0
908,118,687.15,304.0,200.68,126.87,1,1,1.0
908,119,244.91,19.41,25.96,18.71,1,1,0.5626
908,120,229.76,24.96,31.29,22.33,1,1,1.0
908,121,272.85,39.68,32.58,20.41,1,1,1.0
908,122,207.57,35.2,29.16,19.99,1,1,0.3592
908,124,93.23,138.24,62.22,49.0,1,1,1.0
908,125,294.19,129.92,66.28,49.43,1,1,1.0
908,126,333.44,55.68,45.16,25.11,1,1,0.8064
908,127,385.07,50.35,43.88,24.89,1,1,1.0
908,128,353.92,71.89,53.48,27.67,1,1,0.7249
908,129,409.81,95.57,59.67,30.02,1,1,0.3741
908,130,102.19,67.41,38.33,26.81,1,1,1.0
908,131,29.23,57.39,33.0,31.51,1,1,1.0
908,132,531.63,72.96,74.17,44.52,1,1,1.0
908,133,628.27,80.85,71.61,37.48,1,1,1.0
908,134,58.88,39.04,25.53,21.48,1,1,1.0
908,135,770.56,129.07,124.31,56.89,1,1,1.0
908,136,35.41,32.64,24.68,19.35,1,1,1.0
909,118,706.99,313.6,209.85,133.27,1,1,1.0
909,119,243.63,18.99,25.1,18.49,1,1,0.5471
909,120,227.84,24.11,31.51,22.33,1,1,1.0
909,121,271.15,39.25,32.36,19.99,1,1,1.0
909,122,206.29,35.2,28.31,19.35,1,1,0.2481
909,124,95.57,140.16,62.44,50.07,1,1,1.0
909,125,298.88,132.48,67.99,50.71,1,1,1.0
909,126,331.09,55.25,44.31,24.89,1,1,0.7821
909,127,381.87,49.92,43.45,25.11,1,1,1.0
909,128,349.01,71.04,53.06,26.6,1,1,0.7428
909,129,405.12,94.29,58.6,29.59,1,1,0.3464
909,130,103.68,68.05,38.33,27.45,1,1,1.0
909,131,30.51,57.81,33.0,32.36,1,1,1.0
909,132,526.51,72.11,72.89,43.88,1,1,1.0
909,133,619.73,79.15,70.12,37.05,1,1,1.0
909,134,59.52,39.89,26.6,21.05,1,1,1.0
909,135,760.11,126.93,121.96,56.04,1,1,1.0
909,136,36.05,33.49,25.32,18.92,1,1,1.0
910,118,726.83,323.2,219.02,139.67,1,1,1.0
910,119,242.35,18.56,24.25,18.28,1,1,0.5314
910,120,225.92,23.25,31.72,22.33,1,1,1.0
910,121,269.44,38.83,32.15,19.56,1,1,1.0
910,122,205.01,35.2,27.46,18.71,1,1,0.2834
910,124,97.92,142.08,62.65,51.13,1,1,1.0
910,125,303.57,135.04,69.7,51.99,1,1,1.0
910,126,328.75,54.83,43.45,24.68,1,1,0.7559
910,127,378.67,49.49,43.02,25.32,1,1,1.0
910,128,344.11,70.19,52.62,25.53,1,1,0.7143
910,129,400.43,93.01,57.53,29.16,1,1,0.3082
910,130,105.17,68.69,38.34,28.09,1,1,1.0
910,131,31.79,58.24,33.0,33.21,1,1,1.0
910,132,521.39,71.25,71.61,43.24,1,1,1.0
910,133,611.2,77.44,68.63,36.63,1,1,1.0
910,134,60.16,40.75,27.67,20.63,1,1,1.0
910,135,749.65,124.8,119.62,55.19,1,1,1.0
910,136,36.69,34.35,25.96,18.49,1,1,1.0
911,118,746.67,332.8,214.33,146.07,1,1,1.0
911,119,241.07,18.13,23.4,18.07,1,1,0.5149
911,120,224.0,22.4,31.93,22.33,1,1,1.0
911,121,267.73,38.4,31.94,19.13,1,1,1.0
911,122,203.73,35.2,26.6,18.07,1,1,0.2878
911,124,100.27,144.0,62.86,52.2,1,1,1.0
911,125,308.27,137.6,71.4,53.27,1,1,1.0
911,126,326.4,54.4,42.6,24.47,1,1,0.7274
911,127,375.47,49.07,42.6,25.53,1,1,1.0
911,128,339.2,69.33,52.2,24.47,1,1,0.6397
911,129,395.73,91.73,56.47,28.74,1,1,0.2911
911,130,106.67,69.33,38.33,28.73,1,1,1.0
911,131,33.07,58.67,33.0,34.07,1,1,1.0
911,132,516.27,70.4,70.33,42.6,1,1,1.0
911,133,602.67,75.73,67.13,36.2,1,1,1.0
911,134,60.8,41.6,28.73,20.2,1,1,1.0
911,135,739.2,122.67,117.27,54.33,1,1,1.0
911,136,37.33,35.2,26.6,18.07,1,1,1.0
911,137,930.13,133.33,30.87,50.07,1,1,1.0
911,138,931.2,219.73,29.8,35.14,1,1,1.0
912,118,774.4,347.52,186.6,137.32,1,1,1.0
912,119,239.36,17.71,23.4,17.85,1,1,0.5316
912,120,222.72,22.4,31.51,22.33,1,1,1.0
912,121,265.39,37.55,31.93,19.77,1,1,1.0
912,122,202.24,34.77,26.39,17.64,1,1,0.2963
912,124,102.4,146.99,64.15,52.41,1,1,1.0
912,125,314.03,140.37,72.25,53.91,1,1,1.0
912,126,323.84,53.33,42.39,24.89,1,1,0.6856
912,127,372.48,48.43,42.17,25.11,1,1,1.0
912,128,334.29,67.84,51.99,25.32,1,1,0.6177
912,129,390.83,90.24,56.68,28.73,1,1,0.2917
912,130,107.95,70.61,38.54,28.95,1,1,1.0
912,131,33.49,59.09,33.43,34.92,1,1,1.0
912,132,510.93,69.33,69.48,42.39,1,1,1.0
912,133,595.63,74.45,66.06,35.78,1,1,1.0
912,134,61.87,42.24,28.52,20.63,1,1,1.0
912,135,730.24,120.11,115.35,54.54,1,1,1.0
912,136,38.4,35.41,26.6,18.49,1,1,1.0
912,137,916.48,129.07,44.52,53.48,1,1,1.0
912,138,915.63,212.27,45.37,41.96,1,1,1.0
913,118,802.13,362.24,158.87,128.57,1,1,1.0
913,119,237.65,17.28,23.4,17.64,1,1,0.549
913,120,221.44,22.4,31.08,22.33,1,1,1.0
913,121,263.04,36.69,31.93,20.41,1,1,1.0
913,122,200.75,34.35,26.17,17.21,1,1,0.2448
913,124,104.53,149.97,65.43,52.63,1,1,1.0
913,125,319.79,143.15,73.1,54.54,1,1,1.0
913,126,321.28,52.27,42.17,25.32,1,1,0.6415
913,127,369.49,47.79,41.75,24.68,1,1,1.0
913,128,329.39,66.35,51.77,26.17,1,1,0.5842
913,129,385.92,88.75,56.89,28.73,1,1,0.2702
913,130,109.23,71.89,38.76,29.16,1,1,1.0
913,131,33.92,59.52,33.85,35.77,1,1,1.0
913,132,505.6,68.27,68.63,42.17,1,1,1.0
913,133,588.59,73.17,65.0,35.35,1,1,1.0
913,134,62.93,42.88,28.31,21.05,1,1,1.0
913,135,721.28,117.55,113.43,54.76,1,1,1.0
913,136,39.47,35.63,26.6,18.92,1,1,1.0
913,137,902.83,124.8,58.17,56.89,1,1,1.0
913,138,900.05,204.8,60.95,48.79,1,1,1.0
914,118,829.87,376.96,131.13,119.83,1,1,1.0
914,119,235.95,16.85,23.4,17.43,1,1,0.5671
914,120,220.16,22.4,30.65,22.33,1,1,1.0
914,121,260.69,35.84,31.94,21.05,1,1,1.0
914,122,199.25,33.92,25.96,16.79,1,1,0.271
914,124,106.67,152.96,66.7,52.84,1,1,1.0
914,125,325.55,145.92,73.96,55.19,1,1,1.0
914,126,318.72,51.2,41.96,25.75,1,1,0.5948
914,127,366.51,47.15,41.32,24.25,1,1,1.0
914,128,324.48,64.85,51.56,27.03,1,1,0.4968
914,129,381.01,87.25,57.11,28.74,1,1,0.3164
914,130,110.51,73.17,38.97,29.38,1,1,1.0
914,131,34.35,59.95,34.28,36.63,1,1,1.0
914,132,500.27,67.2,67.77,41.96,1,1,1.0
914,133,581.55,71.89,63.93,34.92,1,1,1.0
914,134,64.0,43.52,28.09,21.48,1,1,1.0
914,135,712.32,114.99,111.51,54.97,1,1,1.0
914,136,40.53,35.84,26.6,19.35,1,1,1.0
914,137,889.17,120.53,71.83,60.31,1,1,1.0
914,138,884.48,197.33,76.52,55.62,1,1,1.0
915,118,857.6,391.68,103.4,111.08,1,1,1.0
915,119,234.24,16.43,23.4,17.21,1,1,0.585
915,120,218.88,22.4,30.23,22.33,1,1,1.0
915,121,258.35,34.99,31.93,21.69,1,1,1.0
915,122,197.76,33.49,25.75,16.36,1,1,0.2966
915,124,108.8,155.95,67.99,53.05,1,1,1.0
915,125,331.31,148.69,74.81,55.83,1,1,1.0
915,126,316.16,50.13,41.75,26.17,1,1,0.5458
915,127,363.52,46.51,40.89,23.83,1,1,1.0
915,128,319.57,63.36,51.35,27.88,1,1,0.4866
915,129,376.11,85.76,57.32,28.73,1,1,0.2922
915,130,111.79,74.45,39.18,29.59,1,1,1.0
915,131,34.77,60.37,34.71,37.48,1,1,1.0
915,132,494.93,66.13,66.92,41.75,1,1,1.0
915,133,574.51,70.61,62.86,34.5,1,1,1.0
915,134,65.07,44.16,27.88,21.91,1,1,1.0
915,135,703.36,112.43,109.59,55.18,1,1,1.0
915,136,41.6,36.05,26.6,19.77,1,1,1.0
915,137,875.52,116.27,85.48,63.72,1,1,1.0
915,138,868.91,189.87,92.09,62.44,1,1,1.0
916,118,885.33,406.4,75.67,102.33,1,1,1.0
916,119,232.53,16.0,23.4,17.0,1,1,0.6038
916,120,217.6,22.4,29.8,22.33,1,1,1.0
916,121,256.0,34.13,31.93,22.33,1,1,1.0
916,122,196.27,33.07,25.53,15.93,1,1,0.1841
916,124,110.93,158.93,69.27,53.27,1,1,1.0
916,125,337.07,151.47,75.66,56.46,1,1,1.0
916,126,313.6,49.07,41.53,26.6,1,1,0.4946
916,127,360.53,45.87,40.47,23.4,1,1,1.0
916,128,314.67,61.87,51.13,28.73,1,1,0.4223
916,129,371.2,84.27,57.53,28.73,1,1,0.2793
916,130,113.07,75.73,39.4,29.8,1,1,1.0
916,131,35.2,60.8,35.13,38.33,1,1,1.0
916,132,489.6,65.07,66.07,41.53,1,1,1.0
916,133,567.47,69.33,61.8,34.07,1,1,1.0
916,134,66.13,44.8,27.67,22.33,1,1,1.0
916,135,694.4,109.87,107.67,55.4,1,1,1.0
916,136,42.67,36.27,26.6,20.2,1,1,1.0
916,137,861.87,112.0,99.13,67.13,1,1,1.0
916,138,853.33,182.4,107.67,69.27,1,1,1.0
917,119,230.61,15.79,23.62,17.21,1,1,0.6178
917,120,215.89,22.4,29.38,22.33,1,1,1.0
917,121,254.29,33.71,31.51,22.12,1,1,1.0
917,122,194.56,32.64,25.53,16.36,1,1,0.2054
917,124,113.92,161.71,70.12,54.76,1,1,1.0
917,125,343.89,154.45,77.38,58.39,1,1,1.0
917,126,310.83,49.07,41.74,25.75,1,1,0.4966
917,127,357.76,45.23,40.47,23.61,1,1,1.0
917,128,312.75,61.23,48.57,27.88,1,1,0.4655
917,129,367.36,83.63,56.47,27.88,1,1,0.2554
917,130,115.2,76.37,40.04,30.66,1,1,1.0
917,131,36.27,62.08,35.35,38.12,1,1,1.0
917,132,484.91,64.0,65.42,41.53,1,1,1.0
917,133,559.79,68.48,62.01,33.64,1,1,1.0
917,134,67.2,45.65,27.88,22.33,1,1,1.0
917,135,685.87,108.8,105.74,53.91,1,1,1.0
917,136,43.95,36.91,26.39,20.2,1,1,1.0
917,137,848.0,110.29,113.0,65.43,1,1,1.0
917,138,839.25,178.77,121.75,67.78,1,1,1.0
918,119,228.69,15.57,23.83,17.43,1,1,0.6314
918,120,214.19,22.4,28.94,22.33,1,1,1.0
918,121,252.59,33.28,31.08,21.91,1,1,1.0
918,122,192.85,32.21,25.54,16.79,1,1,0.2605
918,124,116.91,164.48,70.97,56.25,1,1,1.0
918,125,350.72,157.44,79.08,60.31,1,1,1.0
918,126,308.05,49.07,41.96,24.89,1,1,0.4984
918,127,354.99,44.59,40.46,23.83,1,1,1.0
918,128,310.83,60.59,46.01,27.03,1,1,0.5505
918,129,363.52,82.99,55.4,27.02,1,1,0.2659
918,130,117.33,77.01,40.68,31.51,1,1,1.0
918,131,37.33,63.36,35.56,37.91,1,1,1.0
918,132,480.21,62.93,64.79,41.54,1,1,1.0
918,133,552.11,67.63,62.22,33.21,1,1,1.0
918,134,68.27,46.51,28.09,22.33,1,1,1.0
918,135,677.33,107.73,103.83,52.42,1,1,1.0
918,136,45.23,37.55,26.17,20.2,1,1,1.0
918,137,834.13,108.59,112.58,63.72,1,1,1.0
918,138,825.17,175.15,135.83,66.28,1,1,1.0
919,119,226.77,15.36,24.04,17.64,1,1,0.6443
919,120,212.48,22.4,28.52,22.33,1,1,1.0
919,121,250.88,32.85,30.65,21.69,1,1,1.0
919,122,191.15,31.79,25.53,17.21,1,1,0.2699
919,124,119.89,167.25,71.83,57.75,1,1,1.0
919,125,357.55,160.43,80.78,62.22,1,1,1.0
919,126,305.28,49.07,42.17,24.04,1,1,0.4997
919,127,352.21,43.95,40.47,24.04,1,1,1.0
919,128,308.91,59.95,43.45,26.17,1,1,0.474
919,129,359.68,82.35,54.33,26.17,1,1,0.2206
919,130,119.47,77.65,41.32,32.36,1,1,1.0
919,131,38.4,64.64,35.77,37.69,1,1,1.0
919,132,475.52,61.87,64.15,41.53,1,1,1.0
919,133,544.43,66.77,62.44,32.79,1,1,1.0
919,134,69.33,47.36,28.31,22.33,1,1,1.0
919,135,668.8,106.67,101.91,50.92,1,1,1.0
919,136,46.51,38.19,25.96,20.2,1,1,1.0
919,137,820.27,106.88,112.36,62.01,1,1,1.0
919,138,811.09,171.52,128.15,64.79,1,1,1.0
920,119,224.85,15.15,24.26,17.85,1,1,0.6569
920,120,210.77,22.4,28.1,22.33,1,1,1.0
920,121,249.17,32.43,30.23,21.48,1,1,1.0
920,122,189.44,31.36,25.53,17.64,1,1,0.2792
920,124,122.88,170.03,72.68,59.24,1,1,1.0
920,125,364.37,163.41,82.5,64.15,1,1,1.0
920,126,302.51,49.07,42.38,23.19,1,1,0.5007
920,127,349.44,43.31,40.47,24.25,1,1,1.0
920,128,306.99,59.31,40.89,25.32,1,1,0.5244
920,129,355.84,81.71,53.27,25.32,1,1,0.2535
920,130,121.6,78.29,41.96,33.22,1,1,1.0
920,131,39.47,65.92,35.99,37.48,1,1,1.0
920,132,470.83,60.8,63.5,41.53,1,1,1.0
920,133,536.75,65.92,62.65,32.36,1,1,1.0
920,134,70.4,48.21,28.52,22.33,1,1,1.0
920,135,660.27,105.6,99.98,49.43,1,1,1.0
920,136,47.79,38.83,25.75,20.2,1,1,1.0
920,137,806.4,105.17,112.15,60.31,1,1,1.0
920,138,797.01,167.89,130.71,63.3,1,1,1.0
921,119,222.93,14.93,24.47,18.07,1,1,0.6691
921,120,209.07,22.4,27.66,22.33,1,1,1.0
921,121,247.47,32.0,29.8,21.27,1,1,1.0
921,122,187.73,30.93,25.54,18.07,1,1,0.1873
921,124,125.87,172.8,73.53,60.73,1,1,1.0
921,125,371.2,166.4,84.2,66.07,1,1,1.0
921,126,299.73,49.07,42.6,22.33,1,1,0.5013
921,127,346.67,42.67,40.46,24.47,1,1,1.0
921,128,305.07,58.67,38.33,24.47,1,1,0.5895
921,129,352.0,81.07,52.2,24.46,1,1,0.2233
921,130,123.73,78.93,42.6,34.07,1,1,1.0
921,131,40.53,67.2,36.2,37.27,1,1,1.0
921,132,466.13,59.73,62.87,41.54,1,1,1.0
921,133,529.07,65.07,62.86,31.93,1,1,1.0
921,134,71.47,49.07,28.73,22.33,1,1,1.0
921,135,651.73,104.53,98.07,47.94,1,1,1.0
921,136,49.07,39.47,25.53,20.2,1,1,1.0
921,137,792.53,103.47,111.94,58.6,1,1,1.0
921,138,782.93,164.27,133.27,61.8,1,1,1.0
922,120,207.79,21.76,27.45,22.33,1,1,1.0
922,121,245.76,31.79,29.59,20.84,1,1,1.0
922,122,186.03,30.29,25.53,17.85,1,1,0.225
922,124,129.07,175.79,74.81,61.8,1,1,1.0
922,125,378.24,171.09,87.83,66.5,1,1,1.0
922,126,297.81,48.21,41.75,21.91,1,1,0.4818
922,127,344.11,42.24,40.04,24.04,1,1,1.0
922,128,300.16,58.03,39.19,23.61,1,1,0.7001
922,129,347.95,79.57,52.2,24.26,1,1,0.2657
922,130,125.44,80.64,43.03,34.07,1,1,1.0
922,131,41.17,68.05,37.05,38.12,1,1,1.0
922,132,461.87,58.88,61.8,40.47,1,1,1.0
922,133,523.95,64.0,61.37,30.87,1,1,1.0
922,134,72.53,49.49,29.16,23.4,1,1,1.0
922,135,644.69,102.83,95.94,47.93,1,1,1.0
922,136,49.92,40.11,26.17,20.2,1,1,1.0
922,137,781.01,101.55,110.02,57.32,1,1,1.0
922,138,771.2,161.28,130.28,60.52,1,1,1.0
923,120,206.51,21.12,27.24,22.33,1,1,1.0
923,121,244.05,31.57,29.38,20.41,1,1,1.0
923,122,184.32,29.65,25.53,17.64,1,1,0.263
923,124,132.27,178.77,76.09,62.87,1,1,1.0
923,125,385.28,175.79,91.45,66.92,1,1,1.0
923,126,295.89,47.36,40.9,21.48,1,1,0.4864
923,127,341.55,41.81,39.61,23.61,1,1,1.0
923,128,295.25,57.39,40.04,22.76,1,1,0.6103
923,129,343.89,78.08,52.2,24.04,1,1,0.3309
923,130,127.15,82.35,43.45,34.06,1,1,1.0
923,131,41.81,68.91,37.91,38.97,1,1,1.0
923,132,457.6,58.03,60.73,39.4,1,1,1.0
923,133,518.83,62.93,59.88,29.8,1,1,1.0
923,134,73.6,49.92,29.59,24.47,1,1,1.0
923,135,637.65,101.12,93.8,47.93,1,1,1.0
923,136,50.77,40.75,26.81,20.2,1,1,1.0
923,137,769.49,99.63,108.1,56.04,1,1,1.0
923,138,759.47,158.29,127.29,59.24,1,1,1.0
924,120,205.23,20.48,27.02,22.33,1,1,1.0
924,121,242.35,31.36,29.16,19.99,1,1,1.0
924,122,182.61,29.01,25.54,17.43,1,1,0.2862
924,124,135.47,181.76,77.37,63.93,1,1,1.0
924,125,392.32,180.48,95.08,67.35,1,1,1.0
924,126,293.97,46.51,40.04,21.05,1,1,0.5219
924,127,338.99,41.39,39.18,23.19,1,1,1.0
924,128,290.35,56.75,40.89,21.91,1,1,0.5879
924,129,339.84,76.59,52.2,23.83,1,1,0.3132
924,130,128.85,84.05,43.88,34.07,1,1,1.0
924,131,42.45,69.76,38.76,39.83,1,1,1.0
924,132,453.33,57.17,59.67,38.33,1,1,1.0
924,133,513.71,61.87,58.38,28.73,1,1,1.0
924,134,74.67,50.35,30.01,25.53,1,1,1.0
924,135,630.61,99.41,91.67,47.94,1,1,1.0
924,136,51.63,41.39,27.45,20.2,1,1,1.0
924,137,757.97,97.71,106.18,54.76,1,1,1.0
924,138,747.73,155.31,124.31,57.96,1,1,1.0
925,120,203.95,19.84,26.81,22.33,1,1,1.0
925,121,240.64,31.15,28.95,19.56,1,1,1.0
925,122,180.91,28.37,25.53,17.21,1,1,0.3883
925,124,138.67,184.75,78.65,65.0,1,1,1.0
925,125,399.36,185.17,98.71,67.78,1,1,1.0
925,126,292.05,45.65,39.19,20.63,1,1,0.5578
925,127,336.43,40.96,38.76,22.76,1,1,1.0
925,128,285.44,56.11,41.75,21.05,1,1,0.6826
925,129,335.79,75.09,52.2,23.61,1,1,0.4154
925,130,130.56,85.76,44.31,34.07,1,1,1.0
925,131,43.09,70.61,39.61,40.68,1,1,1.0
925,132,449.07,56.32,58.6,37.27,1,1,1.0
925,133,508.59,60.8,56.89,27.67,1,1,1.0
925,134,75.73,50.77,30.44,26.6,1,1,1.0
925,135,623.57,97.71,89.54,47.93,1,1,1.0
925,136,52.48,42.03,28.09,20.2,1,1,1.0
925,137,746.45,95.79,104.26,53.48,1,1,1.0
925,138,736.0,152.32,121.32,56.68,1,1,1.0
926,120,202.67,19.2,26.6,22.33,1,1,1.0
926,121,238.93,30.93,28.74,19.13,1,1,1.0
926,122,179.2,27.73,25.53,17.0,1,1,0.3884
926,124,141.87,187.73,79.93,66.07,1,1,1.0
926,125,406.4,189.87,102.33,68.2,1,1,1.0
926,126,290.13,44.8,38.34,20.2,1,1,0.5938
926,127,333.87,40.53,38.33,22.33,1,1,1.0
926,128,280.53,55.47,42.6,20.2,1,1,0.6813
926,129,331.73,73.6,52.2,23.4,1,1,0.4228
926,130,132.27,87.47,44.73,34.06,1,1,1.0
926,131,43.73,71.47,40.47,41.53,1,1,1.0
926,132,444.8,55.47,57.53,36.2,1,1,1.0
926,133,503.47,59.73,55.4,26.6,1,1,1.0
926,134,76.8,51.2,30.87,27.67,1,1,1.0
926,135,616.53,96.0,87.4,47.93,1,1,1.0
926,136,53.33,42.67,28.73,20.2,1,1,1.0
926,137,734.93,93.87,102.34,52.2,1,1,1.0
926,138,724.27,149.33,118.33,55.4,1,1,1.0
926,139,1.0,90.67,18.13,41.53,1,1,1.0
927,120,201.39,18.77,26.6,22.55,1,1,1.0
927,121,237.01,30.51,28.95,19.35,1,1,1.0
927,122,178.13,27.73,24.9,17.0,1,1,0.2519
927,124,145.49,191.57,81.43,67.78,1,1,1.0
927,125,416.21,193.71,104.04,70.33,1,1,1.0
927,126,288.64,44.16,37.05,20.63,1,1,0.5689
927,127,331.31,40.11,37.9,21.69,1,1,1.0
927,128,277.76,54.19,41.96,20.84,1,1,0.5849
927,129,329.39,72.75,50.7,23.4,1,1,0.4157
927,130,134.4,88.75,45.8,34.7,1,1,1.0
927,131,45.01,72.32,40.04,41.53,1,1,1.0
927,132,440.53,54.61,57.32,36.2,1,1,1.0
927,133,498.13,58.24,54.34,27.45,1,1,1.0
927,134,77.87,52.27,30.86,27.03,1,1,1.0
927,135,609.92,94.29,85.91,47.51,1,1,1.0
927,136,54.4,43.09,28.95,20.63,1,1,1.0
927,137,725.76,92.59,99.77,50.92,1,1,1.0
927,138,714.45,146.56,115.56,54.97,1,1,1.0
927,139,1.0,92.16,19.2,42.39,1,1,1.0
928,120,200.11,18.35,26.6,22.76,1,1,1.0
928,121,235.09,30.08,29.16,19.56,1,1,1.0
928,122,177.07,27.73,24.25,17.0,1,1,0.2896
928,124,149.12,195.41,82.92,69.48,1,1,1.0
928,125,426.03,197.55,105.74,72.46,1,1,1.0
928,126,287.15,43.52,35.77,21.05,1,1,0.5483
928,127,328.75,39.68,37.48,21.05,1,1,1.0
928,128,274.99,52.91,41.32,21.48,1,1,0.6138
928,129,327.04,71.89,49.21,23.4,1,1,0.5146
928,130,136.53,90.03,46.87,35.34,1,1,1.0
928,131,46.29,73.17,39.61,41.54,1,1,1.0
928,132,436.27,53.76,57.1,36.2,1,1,1.0
928,133,492.8,56.75,53.27,28.31,1,1,1.0
928,134,78.93,53.33,30.87,26.39,1,1,1.0
928,135,603.31,92.59,84.41,47.08,1,1,1.0
928,136,55.47,43.52,29.16,21.05,1,1,1.0
928,137,716.59,91.31,97.21,49.64,1,1,1.0
928,138,704.64,143.79,112.79,54.54,1,1,1.0
928,139,1.0,93.65,20.27,43.24,1,1,1.0
929,120,198.83,17.92,26.6,22.97,1,1,1.0
929,121,233.17,29.65,29.38,19.77,1,1,1.0
929,122,176.0,27.73,23.61,17.0,1,1,0.2704
929,124,152.75,199.25,84.41,71.19,1,1,1.0
929,125,435.84,201.39,107.45,74.6,1,1,1.0
929,126,285.65,42.88,34.5,21.48,1,1,0.532
929,127,326.19,39.25,37.05,20.41,1,1,1.0
929,128,272.21,51.63,40.68,22.12,1,1,0.692
929,129,324.69,71.04,47.72,23.4,1,1,0.4011
929,130,138.67,91.31,47.93,35.98,1,1,1.0
929,131,47.57,74.03,39.19,41.53,1,1,1.0
929,132,432.0,52.91,56.89,36.2,1,1,1.0
929,133,487.47,55.25,52.2,29.16,1,1,0.9728
929,134,80.0,54.4,30.87,25.75,1,1,1.0
929,135,596.69,90.88,82.92,46.65,1,1,1.0
929,136,56.53,43.95,29.37,21.48,1,1,1.0
929,137,707.41,90.03,94.66,48.36,1,1,1.0
929,138,694.83,141.01,110.01,54.12,1,1,1.0
929,139,1.0,95.15,21.33,44.09,1,1,1.0
930,120,197.55,17.49,26.6,23.19,1,1,1.0
930,121,231.25,29.23,29.59,19.99,1,1,1.0
930,122,174.93,27.73,22.98,17.0,1,1,0.2859
930,124,156.37,203.09,85.91,72.9,1,1,1.0
930,125,445.65,205.23,109.16,76.73,1,1,1.0
930,126,284.16,42.24,33.21,21.91,1,1,0.5197
930,127,323.63,38.83,36.62,19.77,1,1,1.0
930,128,269.44,50.35,40.04,22.76,1,1,0.6258
930,129,322.35,70.19,46.22,23.4,1,1,0.5114
930,130,140.8,92.59,49.0,36.62,1,1,1.0
930,131,48.85,74.88,38.76,41.53,1,1,1.0
930,132,427.73,52.05,56.68,36.2,1,1,1.0
930,133,482.13,53.76,51.14,30.01,1,1,0.9554
930,134,81.07,55.47,30.86,25.11,1,1,1.0
930,135,590.08,89.17,81.43,46.23,1,1,1.0
930,136,57.6,44.37,29.59,21.91,1,1,1.0
930,137,698.24,88.75,92.09,47.08,1,1,1.0
930,138,685.01,138.24,107.24,53.69,1,1,1.0
930,139,1.0,96.64,22.4,44.95,1,1,1.0
931,120,196.27,17.07,26.6,23.4,1,1,1.0
931,121,229.33,28.8,29.8,20.2,1,1,1.0
931,122,173.87,27.73,22.33,17.0,1,1,0.2554
931,124,160.0,206.93,87.4,74.6,1,1,1.0
931,125,455.47,209.07,110.86,78.86,1,1,1.0
931,126,282.67,41.6,31.93,22.33,1,1,0.5122
931,127,321.07,38.4,36.2,19.13,1,1,1.0
931,128,266.67,49.07,39.4,23.4,1,1,0.6103
931,129,320.0,69.33,44.73,23.4,1,1,0.4769
931,130,142.93,93.87,50.07,37.26,1,1,1.0
931,131,50.13,75.73,38.33,41.54,1,1,1.0
931,132,423.47,51.2,56.46,36.2,1,1,1.0
931,133,476.8,52.27,50.07,30.87,1,1,0.9375
931,134,82.13,56.53,30.87,24.47,1,1,1.0
931,135,583.47,87.47,79.93,45.8,1,1,1.0
931,136,58.67,44.8,29.8,22.33,1,1,1.0
931,137,689.07,87.47,89.53,45.8,1,1,1.0
931,138,675.2,135.47,104.47,53.26,1,1,1.0
931,139,1.0,98.13,23.47,45.8,1,1,1.0
932,120,194.99,16.64,26.17,22.97,1,1,1.0
932,121,228.27,28.59,29.16,19.99,1,1,1.0
932,122,172.37,26.88,22.76,16.57,1,1,0.2201
932,124,164.69,211.63,89.96,76.3,1,1,1.0
932,125,466.77,214.83,115.14,81.42,1,1,1.0
932,126,280.32,40.75,32.15,22.76,1,1,0.5485
932,127,318.72,37.33,35.99,19.56,1,1,1.0
932,128,263.68,48.43,38.55,22.55,1,1,0.6086
932,129,316.37,68.27,44.52,23.4,1,1,0.493
932,130,145.07,95.15,50.06,37.26,1,1,1.0
932,131,51.2,77.01,39.4,41.96,1,1,1.0
932,132,420.05,50.56,55.19,35.77,1,1,1.0
932,133,472.32,52.05,49.0,29.8,1,1,0.9404
932,134,83.63,57.39,30.65,24.47,1,1,1.0
932,135,577.28,86.4,79.29,44.73,1,1,1.0
932,136,59.73,45.01,29.8,22.33,1,1,1.0
932,137,680.11,85.33,88.25,46.44,1,1,1.0
932,138,665.39,133.12,102.54,52.2,1,1,1.0
932,139,1.0,100.48,25.6,46.01,1,1,1.0
933,120,193.71,16.21,25.74,22.55,1,1,1.0
933,121,227.2,28.37,28.52,19.77,1,1,1.0
933,122,170.88,26.03,23.19,16.15,1,1,0.2825
933,124,169.39,216.32,92.52,78.01,1,1,1.0
933,125,478.08,220.59,119.4,83.98,1,1,1.0
933,126,277.97,39.89,32.36,23.19,1,1,0.5838
933,127,316.37,36.27,35.78,19.99,1,1,1.0
933,128,260.69,47.79,37.7,21.69,1,1,0.6664
933,129,312.75,67.2,44.3,23.4,1,1,0.3768
933,130,147.2,96.43,50.07,37.26,1,1,1.0
933,131,52.27,78.29,40.47,42.39,1,1,1.0
933,132,416.64,49.92,53.91,35.35,1,1,1.0
933,133,467.84,51.84,47.93,28.73,1,1,0.9435
933,134,85.12,58.24,30.44,24.47,1,1,1.0
933,135,571.09,85.33,78.66,43.67,1,1,1.0
933,136,60.8,45.23,29.8,22.33,1,1,1.0
933,137,671.15,83.2,86.97,47.08,1,1,1.0
933,138,655.57,130.77,100.63,51.14,1,1,1.0
933,139,1.0,102.83,27.73,46.22,1,1,1.0
934,120,192.43,15.79,25.32,22.12,1,1,1.0
934,121,226.13,28.16,27.88,19.56,1,1,1.0
934,122,169.39,25.17,23.61,15.72,1,1,0.325
934,124,174.08,221.01,95.08,79.72,1,1,1.0
934,125,489.39,226.35,123.66,86.54,1,1,1.0
934,126,275.63,39.04,32.57,23.61,1,1,0.6185
934,127,314.03,35.2,35.56,20.41,1,1,1.0
934,128,257.71,47.15,36.84,20.84,1,1,0.5707
934,129,309.12,66.13,44.09,23.4,1,1,0.4582
934,130,149.33,97.71,50.07,37.26,1,1,1.0
934,131,53.33,79.57,41.53,42.82,1,1,1.0
934,132,413.23,49.28,52.62,34.92,1,1,1.0
934,133,463.36,51.63,46.87,27.67,1,1,0.9469
934,134,86.61,59.09,30.23,24.47,1,1,1.0
934,135,564.91,84.27,78.01,42.6,1,1,1.0
934,136,61.87,45.44,29.8,22.33,1,1,1.0
934,137,662.19,81.07,85.69,47.72,1,1,1.0
934,138,645.76,128.43,98.71,50.06,1,1,1.0
934,139,1.0,105.17,29.87,46.44,1,1,1.0
935,120,191.15,15.36,24.89,21.69,1,1,1.0
935,121,225.07,27.95,27.24,19.35,1,1,1.0
935,122,167.89,24.32,24.04,15.29,1,1,0.4142
935,124,178.77,225.71,97.64,81.42,1,1,1.0
935,125,500.69,232.11,127.94,89.1,1,1,1.0
935,126,273.28,38.19,32.79,24.04,1,1,0.6524
935,127,311.68,34.13,35.35,20.84,1,1,1.0
935,128,254.72,46.51,35.99,19.99,1,1,0.6425
935,129,305.49,65.07,43.88,23.4,1,1,0.3942
935,130,151.47,98.99,50.06,37.26,1,1,1.0
935,131,54.4,80.85,42.6,43.24,1,1,1.0
935,132,409.81,48.64,51.35,34.49,1,1,1.0
935,133,458.88,51.41,45.8,26.6,1,1,0.9502
935,134,88.11,59.95,30.01,24.47,1,1,1.0
935,135,558.72,83.2,77.37,41.53,1,1,1.0
935,136,62.93,45.65,29.8,22.33,1,1,1.0
935,137,653.23,78.93,84.41,48.36,1,1,1.0
935,138,635.95,126.08,96.78,49.0,1,1,1.0
935,139,1.0,107.52,32.0,46.65,1,1,1.0
936,120,189.87,14.93,24.46,21.27,1,1,1.0
936,121,224.0,27.73,26.6,19.13,1,1,1.0
936,122,166.4,23.47,24.47,14.87,1,1,0.3049
936,124,183.47,230.4,100.2,83.13,1,1,1.0
936,125,512.0,237.87,132.2,91.66,1,1,1.0
936,126,270.93,37.33,33.0,24.47,1,1,0.6854
936,127,309.33,33.07,35.14,21.27,1,1,1.0
936,128,251.73,45.87,35.14,19.13,1,1,0.6386
936,129,301.87,64.0,43.66,23.4,1,1,0.3687
936,130,153.6,100.27,50.07,37.26,1,1,1.0
936,131,55.47,82.13,43.67,43.67,1,1,1.0
936,132,406.4,48.0,50.07,34.07,1,1,1.0
936,133,454.4,51.2,44.73,25.53,1,1,0.9537
936,134,89.6,60.8,29.8,24.47,1,1,1.0
936,135,552.53,82.13,76.74,40.47,1,1,1.0
936,136,64.0,45.87,29.8,22.33,1,1,1.0
936,137,644.27,76.8,83.13,49.0,1,1,1.0
936,138,626.13,123.73,94.87,47.94,1,1,1.0
936,139,1.0,109.87,34.13,46.86,1,1,1.0
937,120,188.59,14.93,24.46,21.05,1,1,1.0
937,121,222.29,27.31,26.39,18.71,1,1,1.0
937,122,165.33,23.47,23.83,14.44,1,1,0.3378
937,124,188.16,235.73,102.97,85.7,1,1,1.0
937,125,526.51,244.48,136.89,95.08,1,1,1.0
937,126,269.23,36.91,32.36,24.04,1,1,0.7042
937,127,307.63,32.64,34.28,21.48,1,1,1.0
937,128,249.17,45.01,34.5,19.56,1,1,0.6316
937,129,299.31,63.36,43.24,22.97,1,1,0.386
937,130,156.16,101.97,51.13,37.7,1,1,1.0
937,131,56.96,82.99,43.88,43.88,1,1,1.0
937,132,403.2,47.15,49.64,34.07,1,1,1.0
937,133,449.71,50.13,44.3,25.32,1,1,0.9293
937,134,90.88,61.01,30.44,25.53,1,1,1.0
937,135,546.99,80.64,75.45,40.47,1,1,1.0
937,136,65.28,46.29,30.01,22.76,1,1,1.0
937,137,637.01,75.52,81.22,48.36,1,1,1.0
937,138,618.03,121.81,93.16,47.08,1,1,1.0
937,139,1.0,112.0,34.99,47.72,1,1,1.0
938,120,187.31,14.93,24.46,20.84,1,1,1.0
938,121,220.59,26.88,26.17,18.28,1,1,1.0
938,122,164.27,23.47,23.18,14.01,1,1,0.3702
938,124,192.85,241.07,105.75,88.25,1,1,1.0
938,125,541.01,251.09,141.59,98.5,1,1,1.0
938,126,267.52,36.48,31.72,23.61,1,1,0.7245
938,127,305.92,32.21,33.43,21.69,1,1,1.0
938,128,246.61,44.16,33.86,19.99,1,1,0.5144
938,129,296.75,62.72,42.81,22.55,1,1,0.3434
938,130,158.72,103.68,52.2,38.12,1,1,1.0
938,131,58.45,83.84,44.1,44.09,1,1,1.0
938,132,400.0,46.29,49.21,34.07,1,1,1.0
938,133,445.01,49.07,43.88,25.11,1,1,0.9043
938,134,92.16,61.23,31.08,26.6,1,1,1.0
938,135,541.44,79.15,74.17,40.46,1,1,1.0
938,136,66.56,46.72,30.23,23.19,1,1,1.0
938,137,629.76,74.24,79.29,47.72,1,1,1.0
938,138,609.92,119.89,91.45,46.23,1,1,1.0
938,139,1.0,114.13,35.84,48.58,1,1,1.0
939,120,186.03,14.93,24.46,20.63,1,1,1.0
939,121,218.88,26.45,25.96,17.85,1,1,1.0
939,122,163.2,23.47,22.55,13.59,1,1,0.246
939,124,197.55,246.4,108.52,90.81,1,1,1.0
939,125,555.52,257.71,146.28,101.9,1,1,1.0
939,126,265.81,36.05,31.08,23.19,1,1,0.7466
939,127,304.21,31.79,32.58,21.91,1,1,1.0
939,128,244.05,43.31,33.22,20.41,1,1,0.498
939,129,294.19,62.08,42.38,22.12,1,1,0.358
939,130,161.28,105.39,53.27,38.54,1,1,1.0
939,131,59.95,84.69,44.3,44.31,1,1,1.0
939,132,396.8,45.44,48.79,34.07,1,1,1.0
939,133,440.32,48.0,43.45,24.89,1,1,0.8787
939,134,93.44,61.44,31.72,27.67,1,1,1.0
939,135,535.89,77.65,72.9,40.47,1,1,1.0
939,136,67.84,47.15,30.44,23.61,1,1,1.0
939,137,622.51,72.96,77.37,47.08,1,1,1.0
939,138,601.81,117.97,89.75,45.38,1,1,1.0
939,139,1.0,116.27,36.69,49.42,1,1,1.0
940,120,184.75,14.93,24.46,20.41,1,1,1.0
940,121,217.17,26.03,25.75,17.43,1,1,1.0
940,122,162.13,23.47,21.91,13.16,1,1,0.1925
940,124,202.24,251.73,111.29,93.38,1,1,1.0
940,125,570.03,264.32,150.97,105.32,1,1,1.0
940,126,264.11,35.63,30.44,22.76,1,1,0.7709
940,127,302.51,31.36,31.72,22.12,1,1,1.0
940,128,241.49,42.45,32.58,20.84,1,1,0.4804
940,129,291.63,61.44,41.96,21.69,1,1,0.3244
940,130,163.84,107.09,54.33,38.98,1,1,1.0
940,131,61.44,85.55,44.52,44.52,1,1,1.0
940,132,393.6,44.59,48.36,34.07,1,1,1.0
940,133,435.63,46.93,43.02,24.68,1,1,0.8529
940,134,94.72,61.65,32.36,28.73,1,1,1.0
940,135,530.35,76.16,71.61,40.47,1,1,1.0
940,136,69.12,47.57,30.65,24.04,1,1,1.0
940,137,615.25,71.68,75.46,46.44,1,1,1.0
940,138,593.71,116.05,88.04,44.52,1,1,1.0
940,139,1.0,118.4,37.55,50.28,1,1,1.0
941,120,183.47,14.93,24.46,20.2,1,1,1.0
941,121,215.47,25.6,25.53,17.0,1,1,1.0
941,122,161.07,23.47,21.26,12.73,1,1,0.234
941,124,206.93,257.07,114.07,95.93,1,1,1.0
941,125,584.53,270.93,155.67,108.74,1,1,1.0
941,126,262.4,35.2,29.8,22.33,1,1,0.7972
941,127,300.8,30.93,30.87,22.33,1,1,1.0
941,128,238.93,41.6,31.94,21.27,1,1,0.4152
941,129,289.07,60.8,41.53,21.27,1,1,0.3534
941,130,166.4,108.8,55.4,39.4,1,1,1.0
941,131,62.93,86.4,44.74,44.73,1,1,1.0
941,132,390.4,43.73,47.93,34.07,1,1,1.0
941,133,430.93,45.87,42.6,24.47,1,1,0.8263
941,134,96.0,61.87,33.0,29.8,1,1,1.0
941,135,524.8,74.67,70.33,40.46,1,1,1.0
941,136,70.4,48.0,30.87,24.47,1,1,1.0
941,137,608.0,70.4,73.53,45.8,1,1,1.0
941,138,585.6,114.13,86.33,43.67,1,1,1.0
941,139,1.0,120.53,38.4,51.14,1,1,1.0
942,121,214.19,25.17,25.53,17.21,1,1,1.0
942,124,213.55,263.89,117.9,98.5,1,1,1.0
942,125,602.67,279.68,162.7,112.57,1,1,1.0
942,126,260.27,34.56,30.22,22.12,1,1,0.8086
942,127,298.45,30.51,31.3,22.12,1,1,1.0
942,128,236.37,41.17,32.15,20.63,1,1,0.4279
942,129,286.93,59.73,40.68,21.05,1,1,0.3267
942,130,169.39,110.51,55.82,40.46,1,1,1.0
942,131,64.64,87.47,44.52,45.37,1,1,1.0
942,132,386.77,43.09,47.94,34.07,1,1,1.0
942,133,426.88,44.8,41.96,24.25,1,1,0.8134
942,134,97.49,62.93,33.22,29.59,1,1,1.0
942,135,519.68,73.39,69.48,40.04,1,1,1.0
942,136,71.68,48.43,30.87,24.89,1,1,1.0
942,137,600.75,69.12,72.46,44.52,1,1,1.0
942,138,578.56,112.0,84.63,43.67,1,1,1.0
942,139,1.0,122.03,40.53,52.41,1,1,1.0
943,121,212.91,24.75,25.53,17.43,1,1,1.0
943,124,220.16,270.72,121.75,101.05,1,1,1.0
943,125,620.8,288.43,169.75,116.41,1,1,1.0
943,126,258.13,33.92,30.66,21.91,1,1,0.8195
943,127,296.11,30.08,31.72,21.91,1,1,1.0
943,128,233.81,40.75,32.36,19.99,1,1,0.3666
943,129,284.8,58.67,39.83,20.84,1,1,0.395
943,130,172.37,112.21,56.26,41.54,1,1,1.0
943,131,66.35,88.53,44.3,46.02,1,1,1.0
943,132,383.15,42.45,47.93,34.07,1,1,1.0
943,133,422.83,43.73,41.32,24.04,1,1,0.8003
943,134,98.99,64.0,33.42,29.37,1,1,1.0
943,135,514.56,72.11,68.63,39.61,1,1,1.0
943,136,72.96,48.85,30.87,25.32,1,1,1.0
943,137,593.49,67.84,71.4,43.24,1,1,1.0
943,138,571.52,109.87,82.92,43.66,1,1,1.0
943,139,1.0,123.52,42.67,53.69,1,1,1.0
944,121,211.63,24.32,25.53,17.64,1,1,1.0
944,124,226.77,277.55,125.59,103.61,1,1,1.0
944,125,638.93,297.17,176.79,120.26,1,1,1.0
944,126,256.0,33.28,31.08,21.69,1,1,0.8298
944,127,293.76,29.65,32.15,21.69,1,1,1.0
944,128,231.25,40.32,32.58,19.35,1,1,0.4445
944,129,282.67,57.6,38.97,20.63,1,1,0.3216
944,130,175.36,113.92,56.68,42.6,1,1,1.0
944,131,68.05,89.6,44.1,46.65,1,1,1.0
944,132,379.52,41.81,47.93,34.07,1,1,1.0
944,133,418.77,42.67,40.68,23.83,1,1,0.7866
944,134,100.48,65.07,33.64,29.16,1,1,1.0
944,135,509.44,70.83,67.77,39.18,1,1,1.0
944,136,74.24,49.28,30.87,25.75,1,1,1.0
944,137,586.24,66.56,70.33,41.96,1,1,1.0
944,138,564.48,107.73,81.21,43.67,1,1,1.0
944,139,1.0,125.01,44.8,54.98,1,1,1.0
945,121,210.35,23.89,25.53,17.85,1,1,1.0
945,124,233.39,284.37,129.42,106.18,1,1,1.0
945,125,657.07,305.92,183.82,124.09,1,1,1.0
945,126,253.87,32.64,31.5,21.48,1,1,0.84
945,127,291.41,29.23,32.58,21.48,1,1,1.0
945,128,228.69,39.89,32.79,18.71,1,1,0.3363
945,129,280.53,56.53,38.12,20.41,1,1,0.3658
945,130,178.35,115.63,57.1,43.66,1,1,1.0
945,131,69.76,90.67,43.88,47.29,1,1,1.0
945,132,375.89,41.17,47.94,34.07,1,1,1.0
945,133,414.72,41.6,40.04,23.61,1,1,0.7725
945,134,101.97,66.13,33.86,28.95,1,1,1.0
945,135,504.32,69.55,66.92,38.76,1,1,1.0
945,136,75.52,49.71,30.87,26.17,1,1,1.0
945,137,578.99,65.28,69.26,40.68,1,1,1.0
945,138,557.44,105.6,79.51,43.67,1,1,1.0
945,139,1.0,126.51,46.93,56.25,1,1,1.0
946,121,209.07,23.47,25.53,18.07,1,1,1.0
946,124,240.0,291.2,133.27,108.73,1,1,1.0
946,125,675.2,314.67,190.87,127.93,1,1,1.0
946,126,251.73,32.0,31.94,21.27,1,1,0.8497
946,127,289.07,28.8,33.0,21.27,1,1,1.0
946,128,226.13,39.47,33.0,18.07,1,1,0.3935
946,129,278.4,55.47,37.27,20.2,1,1,0.368
946,130,181.33,117.33,57.54,44.74,1,1,1.0
946,131,71.47,91.73,43.66,47.94,1,1,1.0
946,132,372.27,40.53,47.93,34.07,1,1,1.0
946,133,410.67,40.53,39.4,23.4,1,1,0.7581
946,134,103.47,67.2,34.06,28.73,1,1,1.0
946,135,499.2,68.27,66.07,38.33,1,1,1.0
946,136,76.8,50.13,30.87,26.6,1,1,1.0
946,137,571.73,64.0,68.2,39.4,1,1,1.0
946,138,550.4,103.47,77.8,43.66,1,1,1.0
946,139,1.0,128.0,49.07,57.53,1,1,1.0
946,140,83.2,27.73,22.33,15.93,1,1,1.0
946,141,1.0,70.4,13.87,41.53,1,1,1.0
946,142,913.07,232.53,47.93,46.87,1,1,0.9346
947,121,208.0,22.83,24.68,17.85,1,1,1.0
947,124,247.47,299.31,137.74,113.21,1,1,1.0
947,125,698.03,325.97,189.58,134.98,1,1,1.0
947,126,249.81,31.36,31.72,21.05,1,1,1.0
947,127,287.15,28.37,32.78,21.05,1,1,1.0
947,128,224.43,38.61,32.14,18.07,1,1,0.2982
947,129,275.84,54.4,36.84,19.99,1,1,0.3829
947,130,184.11,119.25,58.81,44.74,1,1,1.0
947,131,72.53,92.59,44.31,49.21,1,1,1.0
947,132,369.71,40.11,47.08,32.79,1,1,1.0
947,133,407.25,39.47,37.91,23.19,1,1,0.7553
947,134,104.75,67.84,35.13,29.37,1,1,1.0
947,135,494.51,67.41,65.0,37.48,1,1,1.0
947,136,77.87,50.56,31.29,26.6,1,1,1.0
947,137,564.91,62.93,67.98,38.98,1,1,1.0
947,138,544.21,101.97,76.52,43.24,1,1,1.0
947,139,1.0,130.56,50.77,57.96,1,1,1.0
947,140,84.27,27.95,22.76,16.36,1,1,1.0
947,141,1.0,71.25,15.15,41.75,1,1,1.0
947,142,891.95,227.41,69.05,51.78,1,1,0.8196
948,121,206.93,22.19,23.83,17.64,1,1,1.0
948,124,254.93,307.41,142.23,117.7,1,1,1.0
948,125,720.85,337.28,188.31,142.01,1,1,1.0
948,126,247.89,30.72,31.51,20.84,1,1,1.0
948,127,285.23,27.95,32.57,20.84,1,1,1.0
948,128,222.72,37.76,31.29,18.07,1,1,0.3454
948,129,273.28,53.33,36.41,19.77,1,1,0.368
948,130,186.88,121.17,60.09,44.74,1,1,1.0
948,131,73.6,93.44,44.95,50.49,1,1,1.0
948,132,367.15,39.68,46.22,31.51,1,1,1.0
948,133,403.84,38.4,36.41,22.97,1,1,0.7528
948,134,106.03,68.48,36.2,30.01,1,1,1.0
948,135,489.81,66.56,63.94,36.63,1,1,1.0
948,136,78.93,50.99,31.72,26.6,1,1,1.0
948,137,558.08,61.87,67.77,38.55,1,1,1.0
948,138,538.03,100.48,75.24,42.81,1,1,1.0
948,139,1.0,133.12,52.48,58.39,1,1,1.0
948,140,85.33,28.16,23.19,16.79,1,1,1.0
948,141,1.0,72.11,16.43,41.96,1,1,1.0
948,142,870.83,222.29,90.17,56.68,1,1,0.7415
949,121,205.87,21.55,22.97,17.43,1,1,1.0
949,124,262.4,315.52,146.71,122.17,1,1,1.0
949,125,743.68,348.59,187.03,149.05,1,1,1.0
949,126,245.97,30.08,31.3,20.63,1,1,1.0
949,127,283.31,27.52,32.36,20.63,1,1,1.0
949,128,221.01,36.91,30.44,18.07,1,1,0.4213
949,129,270.72,52.27,35.99,19.56,1,1,0.3953
949,130,189.65,123.09,61.38,44.74,1,1,1.0
949,131,74.67,94.29,45.58,51.78,1,1,1.0
949,132,364.59,39.25,45.37,30.23,1,1,1.0
949,133,400.43,37.33,34.92,22.76,1,1,0.7501
949,134,107.31,69.12,37.26,30.65,1,1,1.0
949,135,485.12,65.71,62.87,35.77,1,1,1.0
949,136,80.0,51.41,32.15,26.6,1,1,1.0
949,137,551.25,60.8,67.56,38.12,1,1,1.0
949,138,531.84,98.99,73.96,42.38,1,1,1.0
949,139,1.0,135.68,54.19,58.81,1,1,1.0
949,140,86.4,28.37,23.61,17.21,1,1,1.0
949,141,1.0,72.96,17.71,42.17,1,1,1.0
949,142,849.71,217.17,111.29,61.59,1,1,0.6182
950,121,204.8,20.91,22.12,17.21,1,1,1.0
950,124,269.87,323.63,151.18,126.65,1,1,1.0
950,125,766.51,359.89,194.49,156.1,1,1,1.0
950,126,244.05,29.44,31.08,20.41,1,1,1.0
950,127,281.39,27.09,32.14,20.41,1,1,1.0
950,128,219.31,36.05,29.58,18.07,1,1,0.3448
950,129,268.16,51.2,35.56,19.35,1,1,0.3646
950,130,192.43,125.01,62.65,44.74,1,1,1.0
950,131,75.73,95.15,46.23,53.05,1,1,1.0
950,132,362.03,38.83,44.52,28.95,1,1,1.0
950,133,397.01,36.27,33.43,22.55,1,1,0.747
950,134,108.59,69.76,38.33,31.29,1,1,1.0
950,135,480.43,64.85,61.8,34.92,1,1,1.0
950,136,81.07,51.84,32.57,26.6,1,1,1.0
950,137,544.43,59.73,67.34,37.69,1,1,1.0
950,138,525.65,97.49,72.68,41.96,1,1,1.0
950,139,1.0,138.24,55.89,59.24,1,1,1.0
950,140,87.47,28.59,24.04,17.64,1,1,1.0
950,141,1.0,73.81,18.99,42.39,1,1,1.0
950,142,828.59,212.05,132.41,66.5,1,1,0.5334
951,121,203.73,20.27,21.27,17.0,1,1,1.0
951,124,277.33,331.73,155.67,131.14,1,1,1.0
951,125,789.33,371.2,171.67,163.13,1,1,1.0
951,126,242.13,28.8,30.87,20.2,1,1,1.0
951,127,279.47,26.67,31.93,20.2,1,1,1.0
951,128,217.6,35.2,28.73,18.07,1,1,0.3996
951,129,265.6,50.13,35.13,19.13,1,1,0.4317
951,130,195.2,126.93,63.93,44.74,1,1,1.0
951,131,76.8,96.0,46.87,54.33,1,1,1.0
951,132,359.47,38.4,43.66,27.67,1,1,1.0
951,133,393.6,35.2,31.93,22.33,1,1,0.7443
951,134,109.87,70.4,39.4,31.93,1,1,1.0
951,135,475.73,64.0,60.74,34.07,1,1,1.0
951,136,82.13,52.27,33.0,26.6,1,1,1.0
951,137,537.6,58.67,67.13,37.27,1,1,1.0
951,138,519.47,96.0,71.4,41.53,1,1,1.0
951,139,1.0,140.8,57.6,59.67,1,1,1.0
951,140,88.53,28.8,24.47,18.07,1,1,1.0
951,141,1.0,74.67,20.27,42.6,1,1,1.0
951,142,807.47,206.93,153.53,71.4,1,1,0.4864
951,143,931.2,174.93,29.8,33.0,1,1,1.0
952,121,201.81,20.05,21.7,17.0,1,1,1.0
952,124,287.36,341.76,161.85,136.68,1,1,1.0
952,126,240.21,28.8,30.87,19.77,1,1,1.0
952,127,277.55,26.24,31.72,19.99,1,1,1.0
952,128,215.25,34.77,28.52,17.64,1,1,0.3148
952,129,263.04,49.71,35.13,18.92,1,1,0.3508
952,130,198.83,129.28,64.78,46.01,1,1,1.0
952,131,78.08,97.71,47.72,54.12,1,1,1.0
952,132,356.27,37.76,43.45,28.31,1,1,1.0
952,133,390.19,34.99,31.72,21.91,1,1,0.7376
952,134,111.36,71.47,39.83,32.36,1,1,1.0
952,135,471.25,63.15,60.1,34.28,1,1,1.0
952,136,83.2,53.33,33.21,26.17,1,1,1.0
952,137,532.05,57.6,65.86,37.05,1,1,1.0
952,138,513.07,94.93,70.33,39.62,1,1,1.0
952,139,1.0,143.57,59.73,61.38,1,1,1.0
952,140,89.17,29.01,24.26,17.85,1,1,1.0
952,141,1.0,75.95,21.55,43.24,1,1,1.0
952,142,789.76,201.81,155.67,70.34,1,1,0.488
952,143,917.76,170.03,43.24,37.9,1,1,1.0
953,121,199.89,19.84,22.12,17.0,1,1,1.0
953,124,297.39,351.79,168.04,142.22,1,1,1.0
953,126,238.29,28.8,30.87,19.35,1,1,1.0
953,127,275.63,25.81,31.5,19.77,1,1,1.0
953,128,212.91,34.35,28.3,17.21,1,1,0.3903
953,129,260.48,49.28,35.13,18.71,1,1,0.2653
953,130,202.45,131.63,65.64,47.29,1,1,1.0
953,131,79.36,99.41,48.57,53.91,1,1,1.0
953,132,353.07,37.12,43.24,28.95,1,1,1.0
953,133,386.77,34.77,31.51,21.48,1,1,0.7303
953,134,112.85,72.53,40.26,32.79,1,1,1.0
953,135,466.77,62.29,59.46,34.49,1,1,1.0
953,136,84.27,54.4,33.42,25.75,1,1,1.0
953,137,526.51,56.53,64.57,36.84,1,1,1.0
953,138,506.67,93.87,69.26,37.69,1,1,1.0
953,139,1.0,146.35,61.87,63.08,1,1,1.0
953,140,89.81,29.23,24.04,17.64,1,1,1.0
953,141,1.0,77.23,22.83,43.88,1,1,1.0
953,142,772.05,196.69,153.54,69.27,1,1,0.4755
953,143,904.32,165.12,56.68,42.81,1,1,1.0
954,121,197.97,19.63,22.55,17.0,1,1,1.0
954,124,307.41,361.81,174.23,147.78,1,1,1.0
954,126,236.37,28.8,30.87,18.92,1,1,1.0
954,127,273.71,25.39,31.29,19.56,1,1,1.0
954,128,210.56,33.92,28.09,16.79,1,1,0.243
954,129,257.92,48.85,35.13,18.49,1,1,0.2997
954,130,206.08,133.97,66.49,48.58,1,1,1.0
954,131,80.64,101.12,49.43,53.69,1,1,1.0
954,132,349.87,36.48,43.02,29.59,1,1,1.0
954,133,383.36,34.56,31.29,21.05,1,1,0.7232
954,134,114.35,73.6,40.68,33.21,1,1,1.0
954,135,462.29,61.44,58.82,34.71,1,1,1.0
954,136,85.33,55.47,33.64,25.32,1,1,1.0
954,137,520.96,55.47,63.29,36.63,1,1,1.0
954,138,500.27,92.8,68.2,35.77,1,1,1.0
954,139,1.0,149.12,64.0,64.79,1,1,1.0
954,140,90.45,29.44,23.83,17.43,1,1,1.0
954,141,1.0,78.51,24.11,44.52,1,1,1.0
954,142,754.35,191.57,151.4,68.2,1,1,0.4634
954,143,890.88,160.21,70.12,47.72,1,1,1.0
955,121,196.05,19.41,22.98,17.0,1,1,1.0
955,124,317.44,371.84,180.41,153.32,1,1,1.0
955,126,234.45,28.8,30.87,18.49,1,1,1.0
955,127,271.79,24.96,31.08,19.35,1,1,1.0
955,128,208.21,33.49,27.88,16.36,1,1,0.2755
955,129,255.36,48.43,35.13,18.28,1,1,0.2101
955,130,209.71,136.32,67.34,49.85,1,1,1.0
955,131,81.92,102.83,50.28,53.48,1,1,1.0
955,132,346.67,35.84,42.81,30.23,1,1,1.0
955,133,379.95,34.35,31.08,20.63,1,1,0.7156
955,134,115.84,74.67,41.11,33.64,1,1,1.0
955,135,457.81,60.59,58.18,34.92,1,1,1.0
955,136,86.4,56.53,33.85,24.89,1,1,1.0
955,137,515.41,54.4,62.02,36.41,1,1,1.0
955,138,493.87,91.73,67.13,33.86,1,1,1.0
955,139,1.0,151.89,66.13,66.5,1,1,1.0
955,140,91.09,29.65,23.62,17.21,1,1,1.0
955,141,1.0,79.79,25.39,45.16,1,1,1.0
955,142,736.64,186.45,149.27,67.14,1,1,0.4321
955,143,877.44,155.31,83.56,52.62,1,1,1.0
956,121,194.13,19.2,23.4,17.0,1,1,1.0
956,124,327.47,381.87,186.6,159.13,1,1,1.0
956,126,232.53,28.8,30.87,18.07,1,1,1.0
956,127,269.87,24.53,30.86,19.13,1,1,1.0
956,128,205.87,33.07,27.66,15.93,1,1,0.2036
956,129,252.8,48.0,35.13,18.07,1,1,0.248
956,130,213.33,138.67,68.2,51.13,1,1,1.0
956,131,83.2,104.53,51.13,53.27,1,1,1.0
956,132,343.47,35.2,42.6,30.87,1,1,1.0
956,133,376.53,34.13,30.87,20.2,1,1,0.7073
956,134,117.33,75.73,41.54,34.07,1,1,1.0
956,135,453.33,59.73,57.54,35.13,1,1,1.0
956,136,87.47,57.6,34.06,24.47,1,1,1.0
956,137,509.87,53.33,60.73,36.2,1,1,1.0
956,138,487.47,90.67,66.06,31.93,1,1,1.0
956,139,1.0,154.67,68.27,68.2,1,1,1.0
956,140,91.73,29.87,23.4,17.0,1,1,1.0
956,141,1.0,81.07,26.67,45.8,1,1,1.0
956,142,718.93,181.33,147.14,66.07,1,1,0.4294
956,143,864.0,150.4,97.0,57.53,1,1,1.0
957,124,339.63,396.16,188.73,144.84,1,1,1.0
957,126,230.83,28.59,30.44,18.49,1,1,1.0
957,127,267.52,23.89,30.87,19.13,1,1,1.0
957,128,203.31,32.43,27.88,16.57,1,1,0.2404
957,129,250.03,46.93,35.13,18.92,1,1,0.1659
957,130,216.75,141.44,69.48,52.41,1,1,1.0
957,131,83.84,106.24,52.84,54.55,1,1,1.0
957,132,340.91,34.77,41.96,30.44,1,1,1.0
957,133,372.48,33.49,30.87,20.2,1,1,0.6848
957,134,118.83,76.8,41.74,34.71,1,1,1.0
957,135,448.64,58.45,57.32,35.35,1,1,1.0
957,136,88.32,58.03,34.71,25.32,1,1,1.0
957,137,504.53,52.27,59.46,36.63,1,1,0.98
957,138,481.71,88.53,65.21,33.22,1,1,1.0
957,139,1.0,158.08,70.19,69.05,1,1,1.0
957,140,92.16,29.87,24.47,17.64,1,1,1.0
957,141,1.0,82.35,27.52,46.01,1,1,1.0
957,142,706.56,177.71,143.51,64.36,1,1,0.4059
957,143,852.05,148.48,108.95,57.11,1,1,1.0
958,124,351.79,410.45,190.86,130.55,1,1,1.0
958,126,229.12,28.37,30.01,18.92,1,1,1.0
958,127,265.17,23.25,30.87,19.13,1,1,1.0
958,128,200.75,31.79,28.09,17.21,1,1,0.1286
958,129,247.25,45.87,35.14,19.77,1,1,0.2576
958,130,220.16,144.21,70.76,53.7,1,1,1.0
958,131,84.48,107.95,54.55,55.82,1,1,1.0
958,132,338.35,34.35,41.32,30.01,1,1,1.0
958,133,368.43,32.85,30.86,20.2,1,1,0.6627
958,134,120.32,77.87,41.96,35.34,1,1,1.0
958,135,443.95,57.17,57.1,35.56,1,1,1.0
958,136,89.17,58.45,35.35,26.17,1,1,1.0
958,137,499.2,51.2,58.17,37.05,1,1,0.9733
958,138,475.95,86.4,64.36,34.49,1,1,1.0
958,139,1.0,161.49,72.11,69.91,1,1,1.0
958,140,92.59,29.87,25.53,18.28,1,1,1.0
958,141,1.0,83.63,28.37,46.22,1,1,1.0
958,142,694.19,174.08,139.88,62.65,1,1,0.4199
958,143,840.11,146.56,120.89,56.68,1,1,1.0
959,124,363.95,424.75,193.0,116.25,1,1,1.0
959,126,227.41,28.16,29.59,19.35,1,1,1.0
959,127,262.83,22.61,30.86,19.13,1,1,1.0
959,128,198.19,31.15,28.3,17.85,1,1,0.1598
959,129,244.48,44.8,35.13,20.63,1,1,0.1901
959,130,223.57,146.99,72.04,54.97,1,1,1.0
959,131,85.12,109.65,56.25,57.11,1,1,1.0
959,132,335.79,33.92,40.68,29.59,1,1,1.0
959,133,364.37,32.21,30.87,20.2,1,1,0.6412
959,134,121.81,78.93,42.18,35.99,1,1,1.0
959,135,439.25,55.89,56.9,35.77,1,1,1.0
959,136,90.03,58.88,35.98,27.03,1,1,1.0
959,137,493.87,50.13,56.89,37.48,1,1,0.9661
959,138,470.19,84.27,63.5,35.77,1,1,1.0
959,139,1.0,164.91,74.03,70.76,1,1,1.0
959,140,93.01,29.87,26.6,18.92,1,1,1.0
959,141,1.0,84.91,29.23,46.44,1,1,1.0
959,142,681.81,170.45,136.26,60.95,1,1,0.4412
959,143,828.16,144.64,132.84,56.25,1,1,1.0
960,124,376.11,439.04,195.13,101.96,1,1,1.0
960,126,225.71,27.95,29.16,19.77,1,1,1.0
960,127,260.48,21.97,30.87,19.13,1,1,1.0
960,128,195.63,30.51,28.52,18.49,1,1,0.0927
960,129,241.71,43.73,35.13,21.48,1,1,0.2151
960,130,226.99,149.76,73.32,56.25,1,1,1.0
960,131,85.76,111.36,57.96,58.39,1,1,1.0
960,132,333.23,33.49,40.04,29.16,1,1,1.0
960,133,360.32,31.57,30.87,20.2,1,1,0.6204
960,134,123.31,80.0,42.38,36.63,1,1,1.0
960,135,434.56,54.61,56.68,35.99,1,1,1.0
960,136,90.88,59.31,36.63,27.88,1,1,1.0
960,137,488.53,49.07,55.62,37.91,1,1,0.9584
960,138,464.43,82.13,62.65,37.06,1,1,1.0
960,139,1.0,168.32,75.95,71.61,1,1,1.0
960,140,93.44,29.87,27.67,19.56,1,1,1.0
960,141,1.0,86.19,30.08,46.65,1,1,1.0
960,142,669.44,166.83,132.63,59.24,1,1,0.4234
960,143,816.21,142.72,125.38,55.83,1,1,1.0
961,124,388.27,453.33,197.26,87.67,1,1,1.0
961,126,224.0,27.73,28.73,20.2,1,1,1.0
961,127,258.13,21.33,30.87,19.13,1,1,1.0
961,128,193.07,29.87,28.73,19.13,1,1,0.1402
961,129,238.93,42.67,35.14,22.33,1,1,0.1751
961,130,230.4,152.53,74.6,57.54,1,1,1.0
961,131,86.4,113.07,59.67,59.66,1,1,1.0
961,132,330.67,33.07,39.4,28.73,1,1,1.0
961,133,356.27,30.93,30.86,20.2,1,1,0.6001
961,134,124.8,81.07,42.6,37.26,1,1,1.0
961,135,429.87,53.33,56.46,36.2,1,1,1.0
961,136,91.73,59.73,37.27,28.73,1,1,1.0
961,137,483.2,48.0,54.33,38.33,1,1,0.9504
961,138,458.67,80.0,61.8,38.33,1,1,1.0
961,139,1.0,171.73,77.87,72.47,1,1,1.0
961,140,93.87,29.87,28.73,20.2,1,1,1.0
961,141,1.0,87.47,30.93,46.86,1,1,1.0
961,142,657.07,163.2,129.0,57.53,1,1,0.379
961,143,804.27,140.8,129.0,55.4,1,1,1.0
962,126,222.08,27.31,28.95,19.99,1,1,1.0
962,127,256.43,21.55,30.44,18.71,1,1,1.0
962,128,190.72,29.87,28.73,18.49,1,1,0.0227
962,129,236.8,42.45,34.92,22.12,1,1,0.2065
962,130,234.45,155.31,76.52,58.6,1,1,1.0
962,131,88.96,114.99,59.03,59.88,1,1,1.0
962,132,327.25,32.64,40.04,28.73,1,1,1.0
962,133,353.49,30.29,30.02,19.99,1,1,0.5943
962,134,126.51,82.13,43.24,37.91,1,1,1.0
962,135,425.81,52.91,55.19,35.35,1,1,0.8758
962,136,92.8,60.59,37.05,28.52,1,1,1.0
962,137,478.29,47.15,53.48,38.12,1,1,0.957
962,138,453.76,79.36,60.73,37.69,1,1,1.0
962,139,1.0,176.0,80.21,74.81,1,1,1.0
962,140,94.93,30.72,28.31,20.2,1,1,1.0
962,141,1.0,88.96,31.79,48.36,1,1,1.0
962,142,645.12,160.43,127.29,56.25,1,1,0.3679
962,143,793.39,138.67,126.01,53.69,1,1,1.0
963,126,220.16,26.88,29.16,19.77,1,1,1.0
963,127,254.72,21.76,30.01,18.28,1,1,1.0
963,128,188.37,29.87,28.74,17.85,1,1,0.0514
963,129,234.67,42.24,34.7,21.91,1,1,0.0901
963,130,238.51,158.08,78.44,59.67,1,1,1.0
963,131,91.52,116.91,58.39,60.09,1,1,1.0
963,132,323.84,32.21,40.68,28.73,1,1,1.0
963,133,350.72,29.65,29.16,19.77,1,1,0.588
963,134,128.21,83.2,43.88,38.55,1,1,1.0
963,135,421.76,52.48,53.91,34.49,1,1,0.881
963,136,93.87,61.44,36.84,28.31,1,1,1.0
963,137,473.39,46.29,52.62,37.91,1,1,0.9637
963,138,448.85,78.72,59.67,37.05,1,1,1.0
963,139,1.0,180.27,82.56,77.16,1,1,1.0
963,140,96.0,31.57,27.88,20.2,1,1,1.0
963,141,1.0,90.45,32.64,49.86,1,1,1.0
963,142,633.17,157.65,125.59,54.98,1,1,0.3454
963,143,782.51,136.53,123.02,51.99,1,1,1.0
964,126,218.24,26.45,29.37,19.56,1,1,1.0
964,127,253.01,21.97,29.59,17.85,1,1,1.0
964,128,186.03,29.87,28.73,17.21,1,1,0.0124
964,129,232.53,42.03,34.5,21.69,1,1,0.1249
964,130,242.56,160.85,80.36,60.74,1,1,1.0
964,131,94.08,118.83,57.75,60.3,1,1,1.0
964,132,320.43,31.79,41.32,28.73,1,1,1.0
964,133,347.95,29.01,28.3,19.56,1,1,0.5815
964,134,129.92,84.27,44.52,39.18,1,1,1.0
964,135,417.71,52.05,52.62,33.64,1,1,0.8865
964,136,94.93,62.29,36.63,28.09,1,1,1.0
964,137,468.48,45.44,51.77,37.69,1,1,0.9705
964,138,443.95,78.08,58.6,36.41,1,1,1.0
964,139,12.16,184.53,73.75,79.51,1,1,1.0
964,140,97.07,32.43,27.45,20.2,1,1,1.0
964,141,1.0,91.95,33.49,51.34,1,1,1.0
964,142,621.23,154.88,123.88,53.69,1,1,0.3567
964,143,771.63,134.4,120.04,50.28,1,1,1.0
965,126,216.32,26.03,29.59,19.35,1,1,1.0
965,127,251.31,22.19,29.16,17.43,1,1,1.0
965,128,183.68,29.87,28.73,16.57,1,1,0.0191
965,129,230.4,41.81,34.28,21.48,1,1,0.1155
965,130,246.61,163.63,82.28,61.8,1,1,1.0
965,131,96.64,120.75,57.11,60.52,1,1,1.0
965,132,317.01,31.36,41.96,28.73,1,1,1.0
965,133,345.17,28.37,27.46,19.35,1,1,0.575
965,134,131.63,85.33,45.16,39.83,1,1,1.0
965,135,413.65,51.63,51.35,32.79,1,1,0.8925
965,136,96.0,63.15,36.41,27.88,1,1,1.0
965,137,463.57,44.59,50.92,37.48,1,1,0.9772
965,138,439.04,77.44,57.53,35.77,1,1,1.0
965,139,13.01,188.8,75.24,81.85,1,1,1.0
965,140,98.13,33.28,27.03,20.2,1,1,1.0
965,141,1.0,93.44,34.35,52.84,1,1,1.0
965,142,609.28,152.11,122.17,52.41,1,1,0.3441
965,143,760.75,132.27,117.05,48.57,1,1,1.0
966,126,214.4,25.6,29.8,19.13,1,1,1.0
966,127,249.6,22.4,28.73,17.0,1,1,1.0
966,128,181.33,29.87,28.74,15.93,1,1,0.0315
966,129,228.27,41.6,34.06,21.27,1,1,0.1129
966,130,250.67,166.4,84.2,62.87,1,1,1.0
966,131,99.2,122.67,56.47,60.73,1,1,1.0
966,132,313.6,30.93,42.6,28.73,1,1,1.0
966,133,342.4,27.73,26.6,19.13,1,1,0.568
966,134,133.33,86.4,45.8,40.47,1,1,1.0
966,135,409.6,51.2,50.07,31.93,1,1,0.8988
966,136,97.07,64.0,36.2,27.67,1,1,1.0
966,137,458.67,43.73,50.06,37.27,1,1,1.0
966,138,434.13,76.8,56.47,35.13,1,1,1.0
966,139,13.87,193.07,76.73,84.2,1,1,1.0
966,140,99.2,34.13,26.6,20.2,1,1,1.0
966,141,1.0,94.93,35.2,54.34,1,1,1.0
966,142,597.33,149.33,120.47,51.14,1,1,0.3192
966,143,749.87,130.13,114.06,46.87,1,1,1.0
967,126,213.97,25.17,28.95,19.13,1,1,1.0
967,127,248.11,21.97,28.73,17.43,1,1,1.0
967,128,180.27,29.23,27.88,15.72,1,1,0.0492
967,129,226.56,40.75,33.64,21.48,1,1,0.1514
967,130,256.43,170.45,85.69,63.72,1,1,1.0
967,131,101.55,124.59,57.1,62.01,1,1,1.0
967,132,311.68,30.29,41.53,28.73,1,1,1.0
967,133,338.56,27.52,27.24,18.28,1,1,0.5438
967,134,135.68,88.32,46.01,40.25,1,1,1.0
967,135,406.83,50.77,49.21,31.51,1,1,0.8967
967,136,98.56,64.85,36.84,28.31,1,1,1.0
967,137,454.19,43.52,49.85,35.77,1,1,0.9704
967,138,429.87,76.16,55.4,34.07,1,1,1.0
967,139,16.85,197.55,77.8,85.9,1,1,1.0
967,140,100.27,34.35,27.02,20.41,1,1,1.0
967,141,1.0,96.64,37.12,54.76,1,1,1.0
967,142,590.08,146.35,115.99,51.34,1,1,0.3481
967,143,741.55,127.79,111.5,46.86,1,1,1.0
968,126,213.55,24.75,28.09,19.13,1,1,1.0
968,127,246.61,21.55,28.74,17.85,1,1,1.0
968,128,179.2,28.59,27.03,15.51,1,1,0.118
968,129,224.85,39.89,33.22,21.69,1,1,0.2435
968,130,262.19,174.51,87.18,64.57,1,1,1.0
968,131,103.89,126.51,57.75,63.29,1,1,1.0
968,132,309.76,29.65,40.47,28.73,1,1,1.0
968,133,334.72,27.31,27.88,17.43,1,1,0.5186
968,134,138.03,90.24,46.22,40.04,1,1,1.0
968,135,404.05,50.35,48.36,31.08,1,1,0.8946
968,136,100.05,65.71,37.48,28.95,1,1,1.0
968,137,449.71,43.31,49.64,34.28,1,1,0.9568
968,138,425.6,75.52,54.33,33.0,1,1,1.0
968,139,19.84,202.03,78.87,87.61,1,1,1.0
968,140,101.33,34.56,27.46,20.63,1,1,1.0
968,141,1.0,98.35,39.04,55.18,1,1,1.0
968,142,582.83,143.36,111.5,51.56,1,1,0.3379
968,143,733.23,125.44,108.94,46.87,1,1,1.0
969,126,213.12,24.32,27.24,19.13,1,1,1.0
969,127,245.12,21.12,28.73,18.28,1,1,1.0
969,128,178.13,27.95,26.18,15.29,1,1,0.0192
969,129,223.15,39.04,32.78,21.91,1,1,0.2465
969,130,267.95,178.56,88.68,65.43,1,1,1.0
969,131,106.24,128.43,58.39,64.57,1,1,1.0
969,132,307.84,29.01,39.4,28.73,1,1,1.0
969,133,330.88,27.09,28.52,16.57,1,1,0.4928
969,134,140.37,92.16,46.44,39.83,1,1,1.0
969,135,401.28,49.92,47.51,30.65,1,1,0.8927
969,136,101.55,66.56,38.12,29.59,1,1,1.0
969,137,445.23,43.09,49.42,32.79,1,1,0.943
969,138,421.33,74.88,53.27,31.93,1,1,1.0
969,139,22.83,206.51,79.93,89.32,1,1,1.0
969,140,102.4,34.77,27.88,20.84,1,1,1.0
969,141,1.0,100.05,40.96,55.62,1,1,1.0
969,142,575.57,140.37,107.03,51.78,1,1,0.3431
969,143,724.91,123.09,106.38,46.87,1,1,1.0
970,126,212.69,23.89,26.39,19.13,1,1,1.0
970,127,243.63,20.69,28.73,18.71,1,1,1.0
970,128,177.07,27.31,25.32,15.08,1,1,0.2088
970,129,221.44,38.19,32.36,22.12,1,1,0.2756
970,130,273.71,182.61,90.17,66.28,1,1,1.0
970,131,108.59,130.35,59.02,65.85,1,1,1.0
970,132,305.92,28.37,38.33,28.73,1,1,1.0
970,133,327.04,26.88,29.16,15.72,1,1,0.4659
970,134,142.72,94.08,46.65,39.61,1,1,1.0
970,135,398.51,49.49,46.65,30.23,1,1,0.8908
970,136,103.04,67.41,38.76,30.23,1,1,1.0
970,137,440.75,42.88,49.21,31.29,1,1,0.9293
970,138,417.07,74.24,52.2,30.87,1,1,1.0
970,139,25.81,210.99,81.0,91.02,1,1,1.0
970,140,103.47,34.99,28.3,21.05,1,1,1.0
970,141,1.0,101.76,42.88,56.04,1,1,1.0
970,142,568.32,137.39,102.55,51.98,1,1,0.3267
970,143,716.59,120.75,103.82,46.86,1,1,1.0
971,126,212.27,23.47,25.53,19.13,1,1,1.0
971,127,242.13,20.27,28.74,19.13,1,1,1.0
971,128,176.0,26.67,24.47,14.87,1,1,0.1255
971,129,219.73,37.33,31.94,22.33,1,1,0.2612
971,130,279.47,186.67,91.66,67.13,1,1,1.0
971,131,110.93,132.27,59.67,67.13,1,1,1.0
971,132,304.0,27.73,37.27,28.73,1,1,1.0
971,133,323.2,26.67,29.8,14.87,1,1,0.4371
971,134,145.07,96.0,46.86,39.4,1,1,1.0
971,135,395.73,49.07,45.8,29.8,1,1,0.8891
971,136,104.53,68.27,39.4,30.87,1,1,1.0
971,137,436.27,42.67,49.0,29.8,1,1,0.9157
971,138,412.8,73.6,51.13,29.8,1,1,1.0
971,139,28.8,215.47,82.07,92.73,1,1,1.0
971,140,104.53,35.2,28.74,21.27,1,1,1.0
971,141,1.0,103.47,44.8,56.46,1,1,1.0
971,142,561.07,134.4,98.06,52.2,1,1,0.3443
971,143,708.27,118.4,101.26,46.87,1,1,1.0
971,144,48.0,22.4,26.6,30.87,1,1,1.0
972,126,210.56,23.68,25.75,19.13,1,1,1.0
972,127,240.85,20.05,28.52,19.13,1,1,1.0
972,128,174.51,26.24,24.25,14.87,1,1,0.1256
972,129,217.6,37.33,32.15,21.69,1,1,0.2444
972,130,285.87,191.36,94.22,68.41,1,1,1.0
972,131,113.07,134.61,61.8,68.42,1,1,1.0
972,132,302.29,27.52,36.84,28.52,1,1,1.0
972,133,320.85,26.24,29.16,15.29,1,1,0.4256
972,134,147.84,97.92,47.51,39.83,1,1,1.0
972,135,392.75,48.64,45.37,29.16,1,1,0.8792
972,136,106.03,69.55,39.82,30.87,1,1,1.0
972,137,432.64,42.03,47.29,29.37,1,1,0.9102
972,138,408.96,72.32,50.49,30.01,1,1,1.0
972,139,30.93,221.65,84.84,95.72,1,1,1.0
972,140,106.03,36.05,28.73,21.27,1,1,1.0
972,141,1.0,105.81,46.93,57.96,1,1,1.0
972,142,551.89,131.84,96.79,51.13,1,1,0.3559
972,143,699.73,116.69,100.2,46.02,1,1,1.0
972,144,49.07,23.47,26.17,30.01,1,1,1.0
973,126,208.85,23.89,25.96,19.13,1,1,1.0
973,127,239.57,19.84,28.31,19.13,1,1,1.0
973,128,173.01,25.81,24.04,14.87,1,1,0.3127
973,129,215.47,37.33,32.36,21.05,1,1,0.2344
973,130,292.27,196.05,96.78,69.7,1,1,1.0
973,131,115.2,136.96,63.93,69.69,1,1,1.0
973,132,300.59,27.31,36.41,28.31,1,1,1.0
973,133,318.51,25.81,28.52,15.72,1,1,0.4133
973,134,150.61,99.84,48.15,40.25,1,1,1.0
973,135,389.76,48.21,44.95,28.52,1,1,0.8686
973,136,107.52,70.83,40.25,30.86,1,1,1.0
973,137,429.01,41.39,45.59,28.95,1,1,0.9045
973,138,405.12,71.04,49.85,30.23,1,1,1.0
973,139,33.07,227.84,87.61,98.71,1,1,1.0
973,140,107.52,36.91,28.73,21.27,1,1,1.0
973,141,1.0,108.16,49.07,59.45,1,1,1.0
973,142,542.72,129.28,95.51,50.07,1,1,0.3809
973,143,691.2,114.99,99.13,45.16,1,1,1.0
973,144,50.13,24.53,25.75,29.16,1,1,1.0
974,126,207.15,24.11,26.17,19.13,1,1,1.0
974,127,238.29,19.63,28.1,19.13,1,1,1.0
974,128,171.52,25.39,23.83,14.87,1,1,0.2045
974,129,213.33,37.33,32.58,20.41,1,1,0.2803
974,130,298.67,200.75,99.34,70.97,1,1,1.0
974,131,117.33,139.31,66.07,70.97,1,1,1.0
974,132,298.88,27.09,35.99,28.09,1,1,1.0
974,133,316.16,25.39,27.88,16.15,1,1,0.3998
974,134,153.39,101.76,48.78,40.68,1,1,1.0
974,135,386.77,47.79,44.52,27.88,1,1,0.8572
974,136,109.01,72.11,40.68,30.86,1,1,1.0
974,137,425.39,40.75,43.88,28.52,1,1,0.8987
974,138,401.28,69.76,49.21,30.44,1,1,1.0
974,139,35.2,234.03,90.39,101.69,1,1,1.0
974,140,109.01,37.76,28.74,21.27,1,1,1.0
974,141,1.0,110.51,51.2,60.94,1,1,1.0
974,142,533.55,126.72,94.22,49.0,1,1,0.3704
974,143,682.67,113.28,98.06,44.31,1,1,1.0
974,144,51.2,25.6,25.32,28.31,1,1,1.0
975,126,205.44,24.32,26.39,19.13,1,1,1.0
975,127,237.01,19.41,27.88,19.13,1,1,1.0
975,128,170.03,24.96,23.61,14.87,1,1,0.226
975,129,211.2,37.33,32.79,19.77,1,1,0.2599
975,130,305.07,205.44,101.9,72.25,1,1,1.0
975,131,119.47,141.65,68.2,72.26,1,1,1.0
975,132,297.17,26.88,35.56,27.88,1,1,1.0
975,133,313.81,24.96,27.24,16.57,1,1,0.3859
975,134,156.16,103.68,49.43,41.11,1,1,1.0
975,135,383.79,47.36,44.09,27.24,1,1,0.8449
975,136,110.51,73.39,41.1,30.86,1,1,1.0
975,137,421.76,40.11,42.17,28.09,1,1,0.8923
975,138,397.44,68.48,48.57,30.65,1,1,1.0
975,139,37.33,240.21,93.16,104.68,1,1,1.0
975,140,110.51,38.61,28.73,21.27,1,1,1.0
975,141,1.0,112.85,53.33,62.44,1,1,1.0
975,142,524.37,124.16,92.95,47.93,1,1,0.3328
975,143,674.13,111.57,97.0,43.46,1,1,1.0
975,144,52.27,26.67,24.89,27.45,1,1,1.0
976,126,203.73,24.53,26.6,19.13,1,1,1.0
976,127,235.73,19.2,27.67,19.13,1,1,1.0
976,128,168.53,24.53,23.4,14.87,1,1,0.2601
976,129,209.07,37.33,33.0,19.13,1,1,0.2652
976,130,311.47,210.13,104.46,73.54,1,1,1.0
976,131,121.6,144.0,70.33,73.53,1,1,1.0
976,132,295.47,26.67,35.13,27.67,1,1,1.0
976,133,311.47,24.53,26.6,17.0,1,1,0.3711
976,134,158.93,105.6,50.07,41.53,1,1,1.0
976,135,380.8,46.93,43.67,26.6,1,1,0.8317
976,136,112.0,74.67,41.53,30.86,1,1,1.0
976,137,418.13,39.47,40.47,27.67,1,1,0.8856
976,138,393.6,67.2,47.93,30.87,1,1,1.0
976,139,39.47,246.4,95.93,107.67,1,1,1.0
976,140,112.0,39.47,28.73,21.27,1,1,1.0
976,141,1.0,115.2,55.47,63.93,1,1,1.0
976,142,515.2,121.6,91.67,46.87,1,1,0.3556
976,143,665.6,109.87,95.93,42.6,1,1,1.0
976,144,53.33,27.73,24.47,26.6,1,1,1.0
977,126,202.45,23.89,26.6,18.49,1,1,1.0
977,127,234.45,18.99,27.46,18.49,1,1,1.0
977,128,167.68,24.32,22.97,14.44,1,1,0.2652
977,129,207.79,36.91,33.0,18.49,1,1,0.194
977,130,318.72,215.04,107.67,75.45,1,1,1.0
977,131,124.16,146.99,71.4,74.38,1,1,1.0
977,132,293.33,26.45,34.92,27.03,1,1,1.0
977,133,308.91,24.11,26.6,17.0,1,1,0.3733
977,134,161.49,107.31,51.35,41.74,1,1,1.0
977,135,377.81,46.08,43.88,27.03,1,1,0.818
977,136,113.71,75.52,41.53,31.08,1,1,1.0
977,137,413.65,38.61,41.11,27.45,1,1,0.8576
977,138,389.76,66.35,47.72,30.01,1,1,1.0
977,139,43.09,253.65,98.5,111.08,1,1,1.0
977,140,113.07,40.32,29.37,21.05,1,1,1.0
977,141,1.0,117.76,57.39,64.36,1,1,1.0
977,142,507.95,119.25,90.17,46.66,1,1,0.3593
977,143,658.56,107.95,94.65,42.6,1,1,1.0
977,144,53.97,27.95,24.89,27.24,1,1,1.0
978,126,201.17,23.25,26.6,17.85,1,1,1.0
978,127,233.17,18.77,27.24,17.85,1,1,1.0
978,128,166.83,24.11,22.54,14.01,1,1,0.3272
978,129,206.51,36.48,33.0,17.85,1,1,0.2096
978,130,325.97,219.95,110.87,77.37,1,1,1.0
978,131,126.72,149.97,72.47,75.24,1,1,1.0
978,132,291.2,26.24,34.71,26.39,1,1,1.0
978,133,306.35,23.68,26.6,17.0,1,1,0.3754
978,134,164.05,109.01,52.63,41.96,1,1,1.0
978,135,374.83,45.23,44.09,27.45,1,1,0.8041
978,136,115.41,76.37,41.54,31.3,1,1,1.0
978,137,409.17,37.76,41.75,27.24,1,1,0.8305
978,138,385.92,65.49,47.51,29.16,1,1,1.0
978,139,46.72,260.91,101.05,114.49,1,1,1.0
978,140,114.13,41.17,30.02,20.84,1,1,1.0
978,141,1.0,120.32,59.31,64.79,1,1,1.0
978,142,500.69,116.91,88.68,46.44,1,1,0.3781
978,143,651.52,106.03,93.37,42.6,1,1,1.0
978,144,54.61,28.16,25.32,27.88,1,1,1.0
979,126,199.89,22.61,26.6,17.21,1,1,1.0
979,127,231.89,18.56,27.03,17.21,1,1,1.0
979,128,165.97,23.89,22.12,13.59,1,1,0.3385
979,129,205.23,36.05,33.0,17.21,1,1,0.2624
979,130,333.23,224.85,114.06,79.3,1,1,1.0
979,131,129.28,152.96,73.53,76.09,1,1,1.0
979,132,289.07,26.03,34.49,25.75,1,1,1.0
979,133,303.79,23.25,26.6,17.0,1,1,0.378
979,134,166.61,110.72,53.91,42.17,1,1,1.0
979,135,371.84,44.37,44.31,27.88,1,1,0.79
979,136,117.12,77.23,41.53,31.5,1,1,1.0
979,137,404.69,36.91,42.39,27.03,1,1,0.8043
979,138,382.08,64.64,47.29,28.31,1,1,1.0
979,139,50.35,268.16,103.61,117.91,1,1,1.0
979,140,115.2,42.03,30.65,20.63,1,1,1.0
979,141,1.0,122.88,61.23,65.21,1,1,1.0
979,142,493.44,114.56,87.19,46.23,1,1,0.3812
979,143,644.48,104.11,92.09,42.6,1,1,1.0
979,144,55.25,28.37,25.75,28.52,1,1,1.0
980,126,198.61,21.97,26.6,16.57,1,1,1.0
980,127,230.61,18.35,26.82,16.57,1,1,1.0
980,128,165.12,23.68,21.69,13.16,1,1,0.3555
980,129,203.95,35.63,33.0,16.57,1,1,0.265
980,130,340.48,229.76,117.27,81.21,1,1,1.0
980,131,131.84,155.95,74.6,76.94,1,1,1.0
980,132,286.93,25.81,34.28,25.11,1,1,1.0
980,133,301.23,22.83,26.6,17.0,1,1,0.3808
980,134,169.17,112.43,55.19,42.38,1,1,1.0
980,135,368.85,43.52,44.52,28.31,1,1,0.7759
980,136,118.83,78.08,41.53,31.72,1,1,1.0
980,137,400.21,36.05,43.03,26.81,1,1,0.7793
980,138,378.24,63.79,47.08,27.45,1,1,1.0
980,139,53.97,275.41,106.18,121.32,1,1,1.0
980,140,116.27,42.88,31.29,20.41,1,1,1.0
980,141,1.0,125.44,63.15,65.64,1,1,1.0
980,142,486.19,112.21,85.69,46.02,1,1,0.3431
980,143,637.44,102.19,90.81,42.6,1,1,1.0
980,144,55.89,28.59,26.17,29.16,1,1,1.0
981,126,197.33,21.33,26.6,15.93,1,1,1.0
981,127,229.33,18.13,26.6,15.93,1,1,1.0
981,128,164.27,23.47,21.26,12.73,1,1,0.3721
981,129,202.67,35.2,33.0,15.93,1,1,0.3236
981,130,347.73,234.67,120.47,83.13,1,1,1.0
981,131,134.4,158.93,75.67,77.8,1,1,1.0
981,132,284.8,25.6,34.07,24.47,1,1,1.0
981,133,298.67,22.4,26.6,17.0,1,1,0.3835
981,134,171.73,114.13,56.47,42.6,1,1,1.0
981,135,365.87,42.67,44.73,28.73,1,1,0.7615
981,136,120.53,78.93,41.54,31.94,1,1,1.0
981,137,395.73,35.2,43.67,26.6,1,1,0.7551
981,138,374.4,62.93,46.87,26.6,1,1,1.0
981,139,57.6,282.67,108.73,124.73,1,1,1.0
981,140,117.33,43.73,31.94,20.2,1,1,1.0
981,141,1.0,128.0,65.07,66.07,1,1,1.0
981,142,478.93,109.87,84.2,45.8,1,1,0.4189
981,143,630.4,100.27,89.53,42.6,1,1,1.0
981,144,56.53,28.8,26.6,29.8,1,1,1.0
981,145,80.0,27.73,19.13,14.87,1,1,1.0
981,146,1.0,81.07,18.13,35.13,1,1,1.0
982,126,196.48,20.91,26.17,16.15,1,1,1.0
982,127,228.27,17.92,25.74,15.93,1,1,1.0
982,128,161.92,23.04,22.33,12.95,1,1,0.2314
982,129,200.75,34.77,33.0,15.93,1,1,0.2206
982,130,357.33,240.43,124.95,86.54,1,1,1.0
982,131,137.6,161.92,76.95,79.72,1,1,1.0
982,132,282.88,24.96,33.85,24.68,1,1,1.0
982,133,295.89,21.76,26.82,17.21,1,1,0.3674
982,134,175.15,116.27,57.1,43.45,1,1,1.0
982,135,362.45,42.03,44.31,28.52,1,1,0.7724
982,136,122.45,80.21,41.75,32.15,1,1,1.0
982,137,391.89,34.35,43.46,26.81,1,1,0.7558
982,138,370.99,62.51,46.65,26.39,1,1,1.0
982,139,61.44,291.41,111.93,129.64,1,1,1.0
982,140,118.83,43.95,31.5,20.84,1,1,1.0
982,141,1.0,130.13,67.41,67.56,1,1,1.0
982,142,474.45,108.16,81.22,44.52,1,1,0.4057
982,143,624.0,98.56,87.61,42.39,1,1,1.0
982,144,57.81,29.23,26.39,29.59,1,1,1.0
982,145,80.21,27.52,19.77,15.51,1,1,1.0
982,146,1.0,82.99,19.2,34.49,1,1,1.0
983,126,195.63,20.48,25.74,16.36,1,1,1.0
983,127,227.2,17.71,24.89,15.93,1,1,1.0
983,128,159.57,22.61,23.4,13.16,1,1,0.271
983,129,198.83,34.35,33.0,15.93,1,1,0.2566
983,130,366.93,246.19,129.43,89.96,1,1,1.0
983,131,140.8,164.91,78.23,81.64,1,1,1.0
983,132,280.96,24.32,33.64,24.89,1,1,1.0
983,133,293.12,21.12,27.03,17.43,1,1,0.3512
983,134,178.56,118.4,57.75,44.31,1,1,1.0
983,135,359.04,41.39,43.88,28.31,1,1,0.7833
983,136,124.37,81.49,41.96,32.36,1,1,1.0
983,137,388.05,33.49,43.24,27.03,1,1,0.7565
983,138,367.57,62.08,46.44,26.17,1,1,1.0
983,139,65.28,300.16,115.13,134.55,1,1,1.0
983,140,120.32,44.16,31.08,21.48,1,1,1.0
983,141,1.0,132.27,69.76,69.05,1,1,1.0
983,142,469.97,106.45,78.23,43.24,1,1,0.4221
983,143,617.6,96.85,85.69,42.18,1,1,1.0
983,144,59.09,29.65,26.17,29.37,1,1,1.0
983,145,80.43,27.31,20.41,16.15,1,1,1.0
983,146,1.0,84.91,20.27,33.85,1,1,1.0
984,126,194.77,20.05,25.32,16.57,1,1,1.0
984,127,226.13,17.49,24.04,15.93,1,1,1.0
984,128,157.23,22.19,24.46,13.37,1,1,0.3672
984,129,196.91,33.92,33.0,15.93,1,1,0.2806
984,130,376.53,251.95,133.91,93.37,1,1,1.0
984,131,144.0,167.89,79.51,83.56,1,1,1.0
984,132,279.04,23.68,33.43,25.11,1,1,1.0
984,133,290.35,20.48,27.24,17.64,1,1,0.3353
984,134,181.97,120.53,58.39,45.16,1,1,1.0
984,135,355.63,40.75,43.45,28.09,1,1,0.7944
984,136,126.29,82.77,42.18,32.58,1,1,1.0
984,137,384.21,32.64,43.03,27.24,1,1,0.7573
984,138,364.16,61.65,46.23,25.96,1,1,1.0
984,139,69.12,308.91,118.33,139.45,1,1,1.0
984,140,121.81,44.37,30.66,22.12,1,1,1.0
984,141,1.0,134.4,72.11,70.55,1,1,1.0
984,142,465.49,104.75,75.24,41.96,1,1,0.4151
984,143,611.2,95.15,83.77,41.96,1,1,1.0
984,144,60.37,30.08,25.96,29.16,1,1,1.0
984,145,80.64,27.09,21.05,16.79,1,1,1.0
984,146,1.0,86.83,21.33,33.21,1,1,1.0
985,126,193.92,19.63,24.89,16.79,1,1,1.0
985,127,225.07,17.28,23.18,15.93,1,1,1.0
985,128,154.88,21.76,25.53,13.59,1,1,0.2259
985,129,194.99,33.49,33.0,15.93,1,1,0.3308
985,130,386.13,257.71,138.39,96.78,1,1,1.0
985,131,147.2,170.88,80.79,85.48,1,1,1.0
985,132,277.12,23.04,33.21,25.32,1,1,1.0
985,133,287.57,19.84,27.46,17.85,1,1,0.3197
985,134,185.39,122.67,59.02,46.01,1,1,1.0
985,135,352.21,40.11,43.03,27.88,1,1,0.8057
985,136,128.21,84.05,42.39,32.79,1,1,1.0
985,137,380.37,31.79,42.82,27.45,1,1,0.758
985,138,360.75,61.23,46.01,25.75,1,1,1.0
985,139,72.96,317.65,121.53,144.36,1,1,1.0
985,140,123.31,44.59,30.22,22.76,1,1,1.0
985,141,12.37,136.53,63.08,72.04,1,1,1.0
985,142,461.01,103.04,72.26,40.68,1,1,0.4445
985,143,604.8,93.44,81.85,41.75,1,1,1.0
985,144,61.65,30.51,25.75,28.95,1,1,1.0
985,145,80.85,26.88,21.7,17.43,1,1,1.0
985,146,1.0,88.75,22.4,32.57,1,1,1.0
986,126,193.07,19.2,24.46,17.0,1,1,1.0
986,127,224.0,17.07,22.33,15.93,1,1,1.0
986,128,152.53,21.33,26.6,13.8,1,1,0.2068
986,129,193.07,33.07,33.0,15.93,1,1,0.3291
986,130,395.73,263.47,142.87,100.2,1,1,1.0
986,131,150.4,173.87,82.07,87.4,1,1,1.0
986,132,275.2,22.4,33.0,25.53,1,1,1.0
986,133,284.8,19.2,27.67,18.07,1,1,0.3041
986,134,188.8,124.8,59.67,46.87,1,1,1.0
986,135,348.8,39.47,42.6,27.67,1,1,0.8169
986,136,130.13,85.33,42.6,33.0,1,1,1.0
986,137,376.53,30.93,42.6,27.67,1,1,0.7586
986,138,357.33,60.8,45.8,25.53,1,1,1.0
986,139,76.8,326.4,124.73,149.27,1,1,1.0
986,140,124.8,44.8,29.8,23.4,1,1,1.0
986,141,13.87,138.67,63.93,73.53,1,1,1.0
986,142,456.53,101.33,69.27,39.4,1,1,0.4799
986,143,598.4,91.73,79.93,41.54,1,1,1.0
986,144,62.93,30.93,25.53,28.73,1,1,1.0
986,145,81.07,26.67,22.33,18.07,1,1,1.0
986,146,1.0,90.67,23.47,31.93,1,1,1.0
986,147,1.0,42.67,18.13,26.6,1,1,1.0
987,126,191.57,18.77,24.9,16.79,1,1,1.0
987,127,222.08,16.64,22.97,15.93,1,1,1.0
987,129,192.64,32.43,31.72,15.93,1,1,0.2243
987,130,407.25,271.15,147.14,103.82,1,1,1.0
987,131,154.45,177.07,82.92,88.89,1,1,1.0
987,132,273.71,22.19,32.57,25.53,1,1,1.0
987,133,281.39,18.99,28.52,17.85,1,1,0.2837
987,134,192.85,126.93,60.74,47.94,1,1,1.0
987,135,346.67,38.83,41.96,27.45,1,1,0.7912
987,136,132.05,86.19,43.03,33.42,1,1,1.0
987,137,373.33,30.29,42.18,27.88,1,1,0.7483
987,138,354.13,59.31,44.95,25.96,1,1,1.0
987,139,82.13,337.28,129.43,155.67,1,1,1.0
987,140,126.51,45.87,30.22,22.97,1,1,1.0
987,141,15.57,141.65,65.0,75.67,1,1,1.0
987,142,450.56,99.41,68.84,40.04,1,1,0.4785
987,143,591.79,91.09,79.08,40.26,1,1,1.0
987,144,63.15,31.57,26.39,28.31,1,1,1.0
987,145,82.56,27.31,21.69,17.85,1,1,1.0
987,146,1.0,91.95,24.32,33.0,1,1,1.0
987,147,1.0,42.67,18.99,27.03,1,1,1.0
988,126,190.08,18.35,25.32,16.57,1,1,0.8269
988,127,220.16,16.21,23.61,15.93,1,1,1.0
988,129,192.21,31.79,30.44,15.93,1,1,0.3096
988,130,418.77,278.83,151.4,107.45,1,1,1.0
988,131,158.51,180.27,83.77,90.38,1,1,1.0
988,132,272.21,21.97,32.15,25.53,1,1,1.0
988,133,277.97,18.77,29.38,17.64,1,1,0.2647
988,134,196.91,129.07,61.8,49.0,1,1,1.0
988,135,344.53,38.19,41.32,27.24,1,1,0.7638
988,136,133.97,87.04,43.46,33.85,1,1,1.0
988,137,370.13,29.65,41.75,28.09,1,1,0.7378
988,138,350.93,57.81,44.1,26.39,1,1,1.0
988,139,87.47,348.16,134.12,162.07,1,1,1.0
988,140,128.21,46.93,30.66,22.55,1,1,1.0
988,141,17.28,144.64,66.07,77.8,1,1,1.0
988,142,444.59,97.49,68.41,40.68,1,1,0.455
988,143,585.17,90.45,78.23,38.98,1,1,1.0
988,144,63.36,32.21,27.24,27.88,1,1,1.0
988,145,84.05,27.95,21.06,17.64,1,1,1.0
988,146,1.0,93.23,25.17,34.06,1,1,1.0
988,147,1.0,42.67,19.84,27.45,1,1,1.0
989,126,188.59,17.92,25.74,16.36,1,1,0.8323
989,127,218.24,15.79,24.25,15.93,1,1,1.0
989,129,191.79,31.15,29.16,15.93,1,1,0.3146
989,130,430.29,286.51,155.67,111.08,1,1,1.0
989,131,162.56,183.47,84.63,91.88,1,1,1.0
989,132,270.72,21.76,31.72,25.53,1,1,1.0
989,133,274.56,18.56,30.23,17.43,1,1,0.2471
989,134,200.96,131.2,62.87,50.07,1,1,1.0
989,135,342.4,37.55,40.68,27.03,1,1,0.7346
989,136,135.89,87.89,43.88,34.28,1,1,1.0
989,137,366.93,29.01,41.32,28.31,1,1,0.727
989,138,347.73,56.32,43.24,26.81,1,1,1.0
989,139,92.8,359.04,138.81,168.47,1,1,1.0
989,140,129.92,48.0,31.08,22.12,1,1,1.0
989,141,18.99,147.63,67.13,79.93,1,1,1.0
989,142,438.61,95.57,67.99,41.32,1,1,0.446
989,143,578.56,89.81,77.37,37.7,1,1,1.0
989,144,63.57,32.85,28.09,27.45,1,1,1.0
989,145,85.55,28.59,20.41,17.43,1,1,1.0
989,146,1.0,94.51,26.03,35.13,1,1,1.0
989,147,1.0,42.67,20.69,27.88,1,1,1.0
990,126,187.09,17.49,26.18,16.15,1,1,0.8376
990,127,216.32,15.36,24.89,15.93,1,1,1.0
990,129,191.36,30.51,27.88,15.93,1,1,0.3654
990,130,441.81,294.19,159.94,114.7,1,1,1.0
990,131,166.61,186.67,85.48,93.37,1,1,1.0
990,132,269.23,21.55,31.29,25.53,1,1,1.0
990,133,271.15,18.35,31.08,17.21,1,1,0.2307
990,134,205.01,133.33,63.94,51.14,1,1,1.0
990,135,340.27,36.91,40.04,26.81,1,1,0.7036
990,136,137.81,88.75,44.31,34.7,1,1,1.0
990,137,363.73,28.37,40.9,28.52,1,1,0.7159
990,138,344.53,54.83,42.39,27.24,1,1,1.0
990,139,98.13,369.92,143.51,171.08,1,1,1.0
990,140,131.63,49.07,31.5,21.69,1,1,1.0
990,141,20.69,150.61,68.2,82.07,1,1,1.0
990,142,432.64,93.65,67.56,41.96,1,1,0.4518
990,143,571.95,89.17,76.52,36.42,1,1,1.0
990,144,63.79,33.49,28.95,27.03,1,1,1.0
990,145,87.04,29.23,19.77,17.21,1,1,1.0
990,146,1.0,95.79,26.88,36.2,1,1,1.0
990,147,1.0,42.67,21.55,28.31,1,1,1.0
991,126,185.6,17.07,26.6,15.93,1,1,0.8428
991,127,214.4,14.93,25.53,15.93,1,1,1.0
991,129,190.93,29.87,26.6,15.93,1,1,0.5399
991,130,453.33,301.87,164.2,118.33,1,1,1.0
991,131,170.67,189.87,86.33,94.86,1,1,1.0
991,132,267.73,21.33,30.87,25.53,1,1,1.0
991,133,267.73,18.13,31.94,17.0,1,1,0.2154
991,134,209.07,135.47,65.0,52.2,1,1,1.0
991,135,338.13,36.27,39.4,26.6,1,1,0.6707
991,136,139.73,89.6,44.74,35.13,1,1,1.0
991,137,360.53,27.73,40.47,28.73,1,1,0.7047
991,138,341.33,53.33,41.54,27.67,1,1,1.0
991,139,103.47,380.8,148.2,160.2,1,1,1.0
991,140,133.33,50.13,31.94,21.27,1,1,1.0
991,141,22.4,153.6,69.27,84.2,1,1,1.0
991,142,426.67,91.73,67.13,42.6,1,1,0.4288
991,143,565.33,88.53,75.67,35.14,1,1,1.0
991,144,64.0,34.13,29.8,26.6,1,1,1.0
991,145,88.53,29.87,19.14,17.0,1,1,0.7938
991,146,1.0,97.07,27.73,37.26,1,1,1.0
991,147,1.0,42.67,22.4,28.73,1,1,1.0
991,148,870.4,131.2,90.6,51.13,1,1,1.0
992,129,189.23,29.23,26.6,15.93,1,1,0.4515
992,130,467.2,310.83,172.52,122.81,1,1,1.0
992,131,174.08,194.13,89.53,97.22,1,1,1.0
992,132,266.03,20.69,30.65,25.11,1,1,1.0
992,134,213.12,138.24,66.49,52.63,1,1,1.0
992,135,335.79,35.63,39.4,27.03,1,1,0.6542
992,136,141.44,90.67,45.16,35.77,1,1,1.0
992,137,358.19,27.31,39.82,28.73,1,1,0.6967
992,138,338.99,52.48,41.1,28.09,1,1,1.0
992,139,110.51,397.44,149.9,143.56,1,1,1.0
992,140,134.61,49.92,31.94,22.12,1,1,1.0
992,141,23.68,157.01,71.4,85.91,1,1,1.0
992,142,420.69,90.88,66.92,40.25,1,1,0.4338
992,143,560.0,86.83,74.81,35.13,1,1,1.0
992,144,65.07,33.92,30.01,27.67,1,1,1.0
992,145,88.75,29.65,20.41,17.85,1,1,0.7639
992,146,1.0,98.56,29.01,37.91,1,1,1.0
992,147,1.0,43.73,23.89,28.73,1,1,1.0
992,148,859.73,129.07,101.27,50.7,1,1,1.0
993,129,187.52,28.59,26.6,15.93,1,1,0.4749
993,130,481.07,319.79,180.84,127.29,1,1,1.0
993,131,177.49,198.4,92.74,99.56,1,1,1.0
993,132,264.32,20.05,30.44,24.68,1,1,1.0
993,134,217.17,141.01,67.99,53.06,1,1,1.0
993,135,333.44,34.99,39.4,27.45,1,1,0.6381
993,136,143.15,91.73,45.58,36.42,1,1,1.0
993,137,355.84,26.88,39.19,28.73,1,1,0.6886
993,138,336.64,51.63,40.68,28.52,1,1,1.0
993,139,117.55,414.08,151.61,126.92,1,1,1.0
993,140,135.89,49.71,31.94,22.97,1,1,1.0
993,141,24.96,160.43,73.53,87.61,1,1,1.0
993,142,414.72,90.03,66.71,37.9,1,1,0.4251
993,143,554.67,85.12,73.96,35.13,1,1,1.0
993,144,66.13,33.71,30.23,28.73,1,1,1.0
993,145,88.96,29.44,21.69,18.71,1,1,0.7366
993,146,1.0,100.05,30.29,38.55,1,1,1.0
993,147,1.0,44.8,25.39,28.73,1,1,1.0
993,148,849.07,126.93,111.93,50.28,1,1,1.0
994,129,185.81,27.95,26.6,15.93,1,1,0.3843
994,130,494.93,328.75,189.16,131.77,1,1,1.0
994,131,180.91,202.67,95.93,101.9,1,1,1.0
994,132,262.61,19.41,30.23,24.25,1,1,1.0
994,134,221.23,143.79,69.48,53.48,1,1,1.0
994,135,331.09,34.35,39.4,27.88,1,1,0.6225
994,136,144.85,92.8,46.02,37.05,1,1,1.0
994,137,353.49,26.45,38.55,28.73,1,1,0.6802
994,138,334.29,50.77,40.26,28.95,1,1,1.0
994,139,124.59,430.72,153.32,110.28,1,1,1.0
994,140,137.17,49.49,31.94,23.83,1,1,1.0
994,141,26.24,163.84,75.67,89.32,1,1,1.0
994,142,408.75,89.17,66.49,35.56,1,1,0.4191
994,143,549.33,83.41,73.11,35.14,1,1,1.0
994,144,67.2,33.49,30.44,29.8,1,1,1.0
994,145,89.17,29.23,22.98,19.56,1,1,0.7119
994,146,1.0,101.55,31.57,39.18,1,1,1.0
994,147,1.0,45.87,26.88,28.73,1,1,1.0
994,148,838.4,124.8,110.23,49.85,1,1,1.0
995,129,184.11,27.31,26.6,15.93,1,1,0.4351
995,130,508.8,337.71,197.48,136.25,1,1,1.0
995,131,184.32,206.93,99.13,104.26,1,1,1.0
995,132,260.91,18.77,30.01,23.83,1,1,1.0
995,134,225.28,146.56,70.97,53.91,1,1,1.0
995,135,328.75,33.71,39.4,28.31,1,1,0.6075
995,136,146.56,93.87,46.44,37.69,1,1,1.0
995,137,351.15,26.03,37.9,28.73,1,1,0.6713
995,138,331.95,49.92,39.82,29.37,1,1,1.0
995,139,131.63,447.36,155.02,93.64,1,1,1.0
995,140,138.45,49.28,31.94,24.68,1,1,1.0
995,141,27.52,167.25,77.8,91.03,1,1,1.0
995,142,402.77,88.32,66.28,33.21,1,1,0.4907
995,143,544.0,81.71,72.25,35.13,1,1,1.0
995,144,68.27,33.28,30.65,30.87,1,1,1.0
995,145,89.39,29.01,24.25,20.41,1,1,0.6891
995,146,1.0,103.04,32.85,39.83,1,1,1.0
995,147,1.0,46.93,28.37,28.73,1,1,1.0
995,148,827.73,122.67,112.15,49.42,1,1,1.0
996,129,182.4,26.67,26.6,15.93,1,1,0.4602
996,130,522.67,346.67,205.8,140.73,1,1,1.0
996,131,187.73,211.2,102.34,106.6,1,1,1.0
996,132,259.2,18.13,29.8,23.4,1,1,1.0
996,134,229.33,149.33,72.47,54.34,1,1,1.0
996,135,326.4,33.07,39.4,28.73,1,1,0.5928
996,136,148.27,94.93,46.86,38.34,1,1,1.0
996,137,348.8,25.6,37.27,28.73,1,1,0.6624
996,138,329.6,49.07,39.4,29.8,1,1,1.0
996,139,138.67,464.0,156.73,77.0,1,1,1.0
996,140,139.73,49.07,31.94,25.53,1,1,1.0
996,141,28.8,170.67,79.93,92.73,1,1,1.0
996,142,396.8,87.47,66.07,30.86,1,1,0.4696
996,143,538.67,80.0,71.4,35.13,1,1,1.0
996,144,69.33,33.07,30.87,31.93,1,1,1.0
996,145,89.6,28.8,25.53,21.27,1,1,0.6681
996,146,1.0,104.53,34.13,40.47,1,1,1.0
996,147,1.0,48.0,29.87,28.73,1,1,1.0
996,148,817.07,120.53,114.06,49.0,1,1,1.0
997,129,181.76,26.67,25.96,15.51,1,1,0.3682
997,130,542.08,359.47,217.53,148.2,1,1,1.0
997,131,193.28,215.68,103.4,108.52,1,1,1.0
997,132,257.71,17.71,29.8,23.61,1,1,1.0
997,134,233.81,151.89,74.39,55.83,1,1,1.0
997,135,324.05,32.43,38.55,28.31,1,1,0.5918
997,136,150.61,95.79,47.51,39.18,1,1,1.0
997,137,346.03,24.75,37.05,28.31,1,1,0.6741
997,138,326.4,48.43,39.19,28.73,1,1,1.0
997,140,141.65,49.71,32.58,25.75,1,1,1.0
997,141,30.72,174.51,81.64,95.29,1,1,1.0
997,142,391.68,85.33,65.64,31.94,1,1,0.4653
997,143,533.76,78.51,70.55,35.13,1,1,1.0
997,144,70.4,33.92,30.87,31.29,1,1,1.0
997,145,90.67,29.44,25.96,21.05,1,1,0.6785
997,146,1.0,106.03,35.84,41.32,1,1,1.0
997,147,1.0,48.43,30.93,28.73,1,1,1.0
997,148,808.11,118.61,110.65,48.15,1,1,1.0
998,129,181.12,26.67,25.32,15.08,1,1,0.4239
998,130,561.49,372.27,229.27,155.66,1,1,1.0
998,131,198.83,220.16,104.46,110.44,1,1,1.0
998,132,256.21,17.28,29.8,23.83,1,1,1.0
998,134,238.29,154.45,76.31,57.32,1,1,1.0
998,135,321.71,31.79,37.69,27.88,1,1,0.5907
998,136,152.96,96.64,48.15,40.04,1,1,1.0
998,137,343.25,23.89,36.84,27.88,1,1,0.6857
998,138,323.2,47.79,38.97,27.67,1,1,1.0
998,140,143.57,50.35,33.22,25.96,1,1,1.0
998,141,32.64,178.35,83.35,97.85,1,1,1.0
998,142,386.56,83.2,65.21,33.0,1,1,0.3951
998,143,528.85,77.01,69.7,35.14,1,1,1.0
998,144,71.47,34.77,30.86,30.65,1,1,1.0
998,145,91.73,30.08,26.39,20.84,1,1,0.6888
998,146,1.0,107.52,37.55,42.17,1,1,1.0
998,147,1.0,48.85,32.0,28.73,1,1,1.0
998,148,799.15,116.69,107.24,47.3,1,1,1.0
999,129,180.48,26.67,24.68,14.65,1,1,0.3898
999,130,580.91,385.07,241.0,155.93,1,1,1.0
999,131,204.37,224.64,105.54,112.36,1,1,1.0
999,132,254.72,16.85,29.8,24.04,1,1,1.0
999,134,242.77,157.01,78.23,58.82,1,1,1.0
999,135,319.36,31.15,36.84,27.45,1,1,0.5901
999,136,155.31,97.49,48.78,40.9,1,1,1.0
999,137,340.48,23.04,36.63,27.45,1,1,0.6976
999,138,320.0,47.15,38.76,26.6,1,1,1.0
999,140,145.49,50.99,33.86,26.17,1,1,1.0
999,141,34.56,182.19,85.05,100.41,1,1,1.0
999,142,381.44,81.07,64.79,34.06,1,1,0.4576
999,143,523.95,75.52,68.84,35.13,1,1,1.0
999,144,72.53,35.63,30.87,30.01,1,1,1.0
999,145,92.8,30.72,26.81,20.63,1,1,0.6987
999,146,1.0,109.01,39.25,43.03,1,1,1.0
999,147,1.0,49.28,33.07,28.73,1,1,1.0
999,148,790.19,114.77,103.82,46.44,1,1,1.0
1000,129,179.84,26.67,24.04,14.23,1,1,0.379
1000,130,600.32,397.87,252.73,143.13,1,1,1.0
1000,131,209.92,229.12,106.6,114.28,1,1,1.0
1000,132,253.23,16.43,29.8,24.25,1,1,1.0
1000,134,247.25,159.57,80.15,60.31,1,1,1.0
1000,135,317.01,30.51,35.99,27.03,1,1,0.592
1000,136,157.65,98.35,49.43,41.74,1,1,1.0
1000,137,337.71,22.19,36.41,27.03,1,1,0.7093
1000,138,316.8,46.51,38.55,25.53,1,1,1.0
1000,140,147.41,51.63,34.5,26.39,1,1,1.0
1000,141,36.48,186.03,86.76,102.97,1,1,1.0
1000,142,376.32,78.93,64.36,35.14,1,1,0.4288
1000,143,519.04,74.03,67.99,35.13,1,1,1.0
1000,144,73.6,36.48,30.87,29.37,1,1,1.0
1000,145,93.87,31.36,27.24,20.41,1,1,0.7084
1000,146,1.0,110.51,40.96,43.88,1,1,1.0
1000,147,1.0,49.71,34.13,28.73,1,1,1.0
1000,148,781.23,112.85,100.41,45.59,1,1,1.0
1001,129,179.2,26.67,23.4,13.8,1,1,0.4074
1001,130,619.73,410.67,264.47,130.33,1,1,1.0
1001,131,215.47,233.6,107.66,116.2,1,1,1.0
1001,132,251.73,16.0,29.8,24.47,1,1,1.0
1001,134,251.73,162.13,82.07,61.8,1,1,1.0
1001,135,314.67,29.87,35.13,26.6,1,1,0.6015
1001,136,160.0,99.2,50.07,42.6,1,1,1.0
1001,137,334.93,21.33,36.2,26.6,1,1,0.721
1001,138,313.6,45.87,38.33,24.47,1,1,1.0
1001,140,149.33,52.27,35.14,26.6,1,1,1.0
1001,141,38.4,189.87,88.47,105.53,1,1,1.0
1001,142,371.2,76.8,63.93,36.2,1,1,0.4283
1001,143,514.13,72.53,67.14,35.14,1,1,1.0
1001,144,74.67,37.33,30.86,28.73,1,1,1.0
1001,145,94.93,32.0,27.67,20.2,1,1,0.7181
1001,146,1.0,112.0,42.67,44.73,1,1,1.0
1001,147,1.0,50.13,35.2,28.73,1,1,1.0
1001,148,772.27,110.93,97.0,44.74,1,1,1.0
1001,149,889.6,153.6,71.4,57.53,1,1,1.0
1001,150,853.33,219.73,107.67,68.2,1,1,0.389
1002,129,177.07,26.45,24.25,13.59,1,1,0.2991
1002,130,646.83,428.59,251.24,112.41,1,1,1.0
1002,131,221.23,240.21,111.72,120.47,1,1,1.0
1002,132,250.03,15.57,29.8,24.89,1,1,1.0
1002,134,257.71,165.33,83.77,63.51,1,1,1.0
1002,135,312.75,29.44,34.92,26.81,1,1,0.5967
1002,136,162.56,100.69,50.71,42.6,1,1,1.0
1002,137,332.16,21.12,35.77,25.96,1,1,0.7054
1002,138,311.68,45.44,37.48,23.83,1,1,1.0
1002,140,151.25,53.33,35.56,26.81,1,1,1.0
1002,141,40.75,194.99,91.45,108.52,1,1,1.0
1002,142,368.0,75.95,62.65,35.34,1,1,0.4624
1002,143,509.23,71.47,66.06,35.13,1,1,1.0
1002,144,75.95,37.97,31.29,29.59,1,1,1.0
1002,145,97.07,32.85,26.81,20.2,1,1,0.7168
1002,146,1.0,114.35,43.95,44.09,1,1,1.0
1002,147,1.0,51.2,36.69,28.95,1,1,1.0
1002,148,763.31,108.8,95.93,44.52,1,1,1.0
1002,149,876.8,150.19,84.2,58.17,1,1,1.0
1002,150,839.04,215.04,121.96,67.56,1,1,0.3744
1003,129,174.93,26.24,25.11,13.37,1,1,0.3557
1003,130,673.92,446.51,238.01,94.49,1,1,1.0
1003,131,226.99,246.83,115.77,124.73,1,1,1.0
1003,132,248.32,15.15,29.8,25.32,1,1,1.0
1003,134,263.68,168.53,85.48,65.22,1,1,1.0
1003,135,310.83,29.01,34.7,27.03,1,1,0.592
1003,136,165.12,102.19,51.35,42.6,1,1,1.0
1003,137,329.39,20.91,35.34,25.32,1,1,0.6895
1003,138,309.76,45.01,36.63,23.19,1,1,1.0
1003,140,153.17,54.4,35.99,27.03,1,1,1.0
1003,141,43.09,200.11,94.44,111.5,1,1,1.0
1003,142,364.8,75.09,61.37,34.5,1,1,0.4705
1003,143,504.32,70.4,65.0,35.13,1,1,1.0
1003,144,77.23,38.61,31.72,30.44,1,1,1.0
1003,145,99.2,33.71,25.96,20.2,1,1,0.7156
1003,146,1.0,116.69,45.23,43.46,1,1,1.0
1003,147,1.0,52.27,38.19,29.16,1,1,1.0
1003,148,754.35,106.67,94.86,44.3,1,1,1.0
1003,149,864.0,146.77,97.0,58.82,1,1,1.0
1003,150,824.75,210.35,136.25,66.92,1,1,0.4233
1004,129,172.8,26.03,25.96,13.16,1,1,0.3477
1004,130,701.01,464.43,224.79,76.57,1,1,1.0
1004,131,232.75,253.44,119.82,129.0,1,1,1.0
1004,132,246.61,14.72,29.8,25.75,1,1,1.0
1004,134,269.65,171.73,87.19,66.92,1,1,1.0
1004,135,308.91,28.59,34.49,27.24,1,1,0.5874
1004,136,167.68,103.68,51.99,42.6,1,1,1.0
1004,137,326.61,20.69,34.92,24.68,1,1,0.673
1004,138,307.84,44.59,35.77,22.55,1,1,1.0
1004,140,155.09,55.47,36.42,27.24,1,1,1.0
1004,141,45.44,205.23,97.43,114.49,1,1,1.0
1004,142,361.6,74.24,60.09,33.64,1,1,0.4198
1004,143,499.41,69.33,63.94,35.14,1,1,1.0
1004,144,78.51,39.25,32.14,31.29,1,1,1.0
1004,145,101.33,34.56,25.11,20.2,1,1,0.7151
1004,146,1.0,119.04,46.51,42.81,1,1,1.0
1004,147,1.0,53.33,39.68,29.37,1,1,1.0
1004,148,745.39,104.53,93.8,44.1,1,1,1.0
1004,149,851.2,143.36,109.8,59.45,1,1,1.0
1004,150,810.45,205.65,150.55,66.28,1,1,0.4776
1005,129,170.67,25.81,26.81,12.95,1,1,0.1838
1005,130,728.11,482.35,211.56,58.65,1,1,1.0
1005,131,238.51,260.05,123.88,133.27,1,1,1.0
1005,132,244.91,14.29,29.8,26.17,1,1,1.0
1005,134,275.63,174.93,88.89,68.63,1,1,1.0
1005,135,306.99,28.16,34.28,27.45,1,1,0.588
1005,136,170.24,105.17,52.63,42.6,1,1,1.0
1005,137,323.84,20.48,34.49,24.04,1,1,0.6561
1005,138,305.92,44.16,34.92,21.91,1,1,1.0
1005,140,157.01,56.53,36.84,27.45,1,1,1.0
1005,141,47.79,210.35,100.41,117.48,1,1,1.0
1005,142,358.4,73.39,58.81,32.78,1,1,0.4477
1005,143,494.51,68.27,62.86,35.13,1,1,1.0
1005,144,79.79,39.89,32.57,32.15,1,1,1.0
1005,145,103.47,35.41,24.25,20.2,1,1,0.7147
1005,146,1.0,121.39,47.79,42.17,1,1,1.0
1005,147,1.0,54.4,41.17,29.59,1,1,1.0
1005,148,736.43,102.4,92.73,43.88,1,1,1.0
1005,149,838.4,139.95,122.6,60.09,1,1,1.0
1005,150,796.16,200.96,149.69,65.64,1,1,0.4759
1006,129,168.53,25.6,27.67,12.73,1,1,0.0314
1006,130,755.2,500.27,205.8,40.73,1,1,1.0
1006,131,244.27,266.67,127.93,137.53,1,1,1.0
1006,132,243.2,13.87,29.8,26.6,1,1,1.0
1006,134,281.6,178.13,90.6,70.34,1,1,1.0
1006,135,305.07,27.73,34.06,27.67,1,1,0.5914
1006,136,172.8,106.67,53.27,42.6,1,1,1.0
1006,137,321.07,20.27,34.06,23.4,1,1,0.6389
1006,138,304.0,43.73,34.07,21.27,1,1,1.0
1006,140,158.93,57.6,37.27,27.67,1,1,1.0
1006,141,50.13,215.47,103.4,120.46,1,1,1.0
1006,142,355.2,72.53,57.53,31.94,1,1,0.4297
1006,143,489.6,67.2,61.8,35.13,1,1,1.0
1006,144,81.07,40.53,33.0,33.0,1,1,1.0
1006,145,105.6,36.27,23.4,20.2,1,1,0.7145
1006,146,1.0,123.73,49.07,41.54,1,1,1.0
1006,147,1.0,55.47,42.67,29.8,1,1,1.0
1006,148,727.47,100.27,91.66,43.66,1,1,1.0
1006,149,825.6,136.53,135.4,60.74,1,1,1.0
1006,150,781.87,196.27,156.73,65.0,1,1,0.5368
1007,129,167.89,24.96,26.82,13.16,1,1,0.0828
1007,131,252.59,273.71,132.2,143.08,1,1,1.0
1007,132,241.92,13.65,29.37,25.75,1,1,1.0
1007,134,288.21,182.61,92.52,71.19,1,1,1.0
1007,135,302.72,27.52,34.07,27.03,1,1,0.5972
1007,136,175.36,108.16,53.91,43.45,1,1,1.0
1007,137,318.29,20.05,34.28,22.55,1,1,0.6391
1007,138,301.65,43.31,34.07,21.48,1,1,1.0
1007,140,160.43,58.24,37.9,28.09,1,1,1.0
1007,141,54.4,221.44,104.04,124.09,1,1,1.0
1007,142,350.51,71.04,57.32,31.93,1,1,0.4145
1007,143,485.55,66.35,60.73,34.49,1,1,1.0
1007,144,82.13,40.75,32.79,33.0,1,1,1.0
1007,145,106.88,36.69,23.4,20.2,1,1,0.7254
1007,146,1.0,126.08,50.77,43.03,1,1,1.0
1007,147,1.0,55.89,44.16,30.44,1,1,1.0
1007,148,719.57,98.99,90.18,41.74,1,1,1.0
1007,149,814.72,134.83,122.6,58.38,1,1,1.0
1007,150,767.79,191.79,154.17,65.0,1,1,0.5239
1008,129,167.25,24.32,25.96,13.59,1,1,0.1561
1008,131,260.91,280.75,136.46,148.62,1,1,1.0
1008,132,240.64,13.44,28.95,24.89,1,1,1.0
1008,134,294.83,187.09,94.44,72.04,1,1,1.0
1008,135,300.37,27.31,34.07,26.39,1,1,0.6031
1008,136,177.92,109.65,54.55,44.31,1,1,1.0
1008,137,315.52,19.84,34.49,21.69,1,1,0.6403
1008,138,299.31,42.88,34.06,21.69,1,1,1.0
1008,140,161.92,58.88,38.55,28.52,1,1,1.0
1008,141,58.67,227.41,104.68,127.72,1,1,1.0
1008,142,345.81,69.55,57.11,31.93,1,1,0.407
1008,143,481.49,65.49,59.67,33.85,1,1,1.0
1008,144,83.2,40.96,32.57,33.0,1,1,1.0
1008,145,108.16,37.12,23.4,20.2,1,1,0.7366
1008,146,1.0,128.43,52.48,44.52,1,1,1.0
1008,147,1.0,56.32,45.65,31.08,1,1,1.0
1008,148,711.68,97.71,88.68,39.82,1,1,1.0
1008,149,803.84,133.12,120.47,56.04,1,1,1.0
1008,150,753.71,187.31,151.61,65.0,1,1,0.5141
1009,129,166.61,23.68,25.11,14.01,1,1,0.2375
1009,131,269.23,287.79,140.73,154.17,1,1,1.0
1009,132,239.36,13.23,28.52,24.04,1,1,1.0
1009,134,301.44,191.57,96.36,72.9,1,1,1.0
1009,135,298.03,27.09,34.06,25.75,1,1,0.6091
1009,136,180.48,111.15,55.19,45.16,1,1,1.0
1009,137,312.75,19.63,34.7,20.84,1,1,0.6423
1009,138,296.96,42.45,34.07,21.91,1,1,1.0
1009,140,163.41,59.52,39.19,28.95,1,1,1.0
1009,141,62.93,233.39,105.32,131.34,1,1,1.0
1009,142,341.12,68.05,56.89,31.93,1,1,0.4455
1009,143,477.44,64.64,58.6,33.21,1,1,1.0
1009,144,84.27,41.17,32.36,33.0,1,1,1.0
1009,145,109.44,37.55,23.4,20.2,1,1,0.7479
1009,146,1.0,130.77,54.19,46.02,1,1,1.0
1009,147,1.0,56.75,47.15,31.72,1,1,1.0
1009,148,703.79,96.43,87.18,37.9,1,1,1.0
1009,149,792.96,131.41,118.33,53.7,1,1,1.0
1009,150,739.63,182.83,149.05,65.0,1,1,0.4779
1010,129,165.97,23.04,24.26,14.44,1,1,0.2392
1010,131,277.55,294.83,145.0,159.72,1,1,1.0
1010,132,238.08,13.01,28.09,23.19,1,1,1.0
1010,134,308.05,196.05,98.28,73.75,1,1,1.0
1010,135,295.68,26.88,34.07,25.11,1,1,0.6158
1010,136,183.04,112.64,55.83,46.01,1,1,1.0
1010,137,309.97,19.41,34.92,19.99,1,1,0.6452
1010,138,294.61,42.03,34.07,22.12,1,1,1.0
1010,140,164.91,60.16,39.82,29.37,1,1,1.0
1010,141,67.2,239.36,105.96,134.97,1,1,1.0
1010,142,336.43,66.56,56.68,31.93,1,1,0.422
1010,143,473.39,63.79,57.53,32.57,1,1,1.0
1010,144,85.33,41.39,32.15,33.0,1,1,1.0
1010,145,110.72,37.97,23.4,20.2,1,1,0.7599
1010,146,1.0,133.12,55.89,47.51,1,1,1.0
1010,147,1.0,57.17,48.64,32.36,1,1,1.0
1010,148,695.89,95.15,85.7,35.98,1,1,1.0
1010,149,782.08,129.71,116.2,51.34,1,1,1.0
1010,150,725.55,178.35,146.49,65.0,1,1,0.5531
1011,129,165.33,22.4,23.4,14.87,1,1,0.1506
1011,131,285.87,301.87,149.26,165.26,1,1,1.0
1011,132,236.8,12.8,27.67,22.33,1,1,1.0
1011,134,314.67,200.53,100.2,74.6,1,1,1.0
1011,135,293.33,26.67,34.07,24.47,1,1,0.6226
1011,136,185.6,114.13,56.47,46.87,1,1,1.0
1011,137,307.2,19.2,35.13,19.13,1,1,0.6494
1011,138,292.27,41.6,34.06,22.33,1,1,1.0
1011,140,166.4,60.8,40.47,29.8,1,1,1.0
1011,141,71.47,245.33,106.6,138.6,1,1,1.0
1011,142,331.73,65.07,56.47,31.93,1,1,0.4078
1011,143,469.33,62.93,56.47,31.93,1,1,1.0
1011,144,86.4,41.6,31.93,33.0,1,1,1.0
1011,145,112.0,38.4,23.4,20.2,1,1,0.7723
1011,146,1.0,135.47,57.6,49.0,1,1,1.0
1011,147,1.0,57.6,50.13,33.0,1,1,1.0
1011,148,688.0,93.87,84.2,34.06,1,1,1.0
1011,149,771.2,128.0,114.07,49.0,1,1,1.0
1011,150,711.47,173.87,143.93,65.0,1,1,0.5389
1011,151,1.0,38.4,36.27,21.27,1,1,1.0
1011,152,50.13,27.73,21.27,20.2,1,1,1.0
1012,131,295.04,310.83,155.88,170.17,1,1,1.0
1012,132,235.73,13.01,27.24,22.12,1,1,1.0
1012,134,322.99,206.08,102.76,77.16,1,1,1.0
1012,135,291.41,26.03,33.86,24.47,1,1,0.6167
1012,136,188.59,116.69,57.74,47.08,1,1,1.0
1012,137,305.07,18.77,34.7,19.77,1,1,0.6314
1012,138,290.13,40.75,33.86,22.76,1,1,1.0
1012,140,168.53,62.08,40.9,30.01,1,1,1.0
1012,141,74.88,253.87,112.36,143.29,1,1,1.0
1012,142,329.17,64.43,55.19,31.72,1,1,0.4365
1012,143,465.49,62.08,56.26,31.72,1,1,1.0
1012,144,87.04,42.45,33.43,33.64,1,1,1.0
1012,145,112.85,39.04,24.47,20.2,1,1,0.7412
1012,146,1.0,138.03,60.16,50.49,1,1,1.0
1012,147,1.0,58.45,51.63,33.21,1,1,1.0
1012,148,681.6,92.59,82.49,34.49,1,1,1.0
1012,149,760.96,125.01,111.93,50.07,1,1,1.0
1012,150,699.09,170.24,141.59,63.72,1,1,0.5337
1012,151,1.0,39.25,37.33,21.27,1,1,1.0
1012,152,50.99,28.37,21.48,20.2,1,1,1.0
1013,131,304.21,319.79,162.5,175.08,1,1,1.0
1013,132,234.67,13.23,26.81,21.91,1,1,1.0
1013,134,331.31,211.63,105.32,79.72,1,1,1.0
1013,135,289.49,25.39,33.64,24.47,1,1,0.6109
1013,136,191.57,119.25,59.03,47.3,1,1,1.0
1013,137,302.93,18.35,34.28,20.41,1,1,0.614
1013,138,288.0,39.89,33.64,23.19,1,1,1.0
1013,140,170.67,63.36,41.32,30.23,1,1,1.0
1013,141,78.29,262.4,118.12,147.99,1,1,1.0
1013,142,326.61,63.79,53.91,31.51,1,1,0.3969
1013,143,461.65,61.23,56.04,31.51,1,1,1.0
1013,144,87.68,43.31,34.92,34.28,1,1,1.0
1013,145,113.71,39.68,25.53,20.2,1,1,0.7143
1013,146,1.0,140.59,62.72,51.98,1,1,1.0
1013,147,13.23,59.31,40.89,33.43,1,1,1.0
1013,148,675.2,91.31,80.79,34.92,1,1,1.0
1013,149,750.72,122.03,109.8,51.13,1,1,1.0
1013,150,686.72,166.61,139.24,62.44,1,1,0.5222
1013,151,1.0,40.11,38.4,21.27,1,1,1.0
1013,152,51.84,29.01,21.69,20.2,1,1,1.0
1014,131,313.39,328.75,169.1,179.98,1,1,1.0
1014,132,233.6,13.44,26.39,21.69,1,1,1.0
1014,134,339.63,217.17,107.88,82.28,1,1,1.0
1014,135,287.57,24.75,33.43,24.47,1,1,0.6055
1014,136,194.56,121.81,60.31,47.51,1,1,1.0
1014,137,300.8,17.92,33.85,21.05,1,1,0.5968
1014,138,285.87,39.04,33.42,23.61,1,1,1.0
1014,140,172.8,64.64,41.75,30.44,1,1,1.0
1014,141,81.71,270.93,123.88,152.68,1,1,1.0
1014,142,324.05,63.15,52.63,31.29,1,1,0.4107
1014,143,457.81,60.37,55.83,31.29,1,1,1.0
1014,144,88.32,44.16,36.41,34.92,1,1,1.0
1014,145,114.56,40.32,26.6,20.2,1,1,0.6903
1014,146,1.0,143.15,65.28,53.48,1,1,1.0
1014,147,14.51,60.16,41.11,33.64,1,1,1.0
1014,148,668.8,90.03,79.08,35.34,1,1,1.0
1014,149,740.48,119.04,107.67,52.2,1,1,1.0
1014,150,674.35,162.99,136.89,61.16,1,1,0.5136
1014,151,12.16,40.96,28.31,21.27,1,1,1.0
1014,152,52.69,29.65,21.91,20.2,1,1,1.0
1015,131,322.56,337.71,175.72,184.89,1,1,1.0
1015,132,232.53,13.65,25.96,21.48,1,1,1.0
1015,134,347.95,222.72,110.44,84.84,1,1,1.0
1015,135,285.65,24.11,33.22,24.47,1,1,0.6
1015,136,197.55,124.37,61.58,47.72,1,1,1.0
1015,137,298.67,17.49,33.42,21.69,1,1,0.5798
1015,138,283.73,38.19,33.22,24.04,1,1,1.0
1015,140,174.93,65.92,42.18,30.65,1,1,1.0
1015,141,85.12,279.47,129.64,157.37,1,1,1.0
1015,142,321.49,62.51,51.35,31.08,1,1,0.3947
1015,143,453.97,59.52,55.62,31.08,1,1,1.0
1015,144,88.96,45.01,37.91,35.56,1,1,1.0
1015,145,115.41,40.96,27.67,20.2,1,1,0.6689
1015,146,1.0,145.71,67.84,54.97,1,1,1.0
1015,147,15.79,61.01,41.32,33.85,1,1,1.0
1015,148,662.4,88.75,77.37,35.77,1,1,1.0
1015,149,730.24,116.05,105.53,53.27,1,1,1.0
1015,150,661.97,159.36,134.55,59.88,1,1,0.5352
1015,151,13.01,41.81,28.52,21.27,1,1,1.0
1015,152,53.55,30.29,22.12,20.2,1,1,1.0
1016,131,331.73,346.67,182.34,194.33,1,1,1.0
1016,132,231.47,13.87,25.53,21.27,1,1,1.0
1016,134,356.27,228.27,113.0,87.4,1,1,1.0
1016,135,283.73,23.47,33.0,24.47,1,1,0.5947
1016,136,200.53,126.93,62.87,47.94,1,1,1.0
1016,137,296.53,17.07,33.0,22.33,1,1,0.5633
1016,138,281.6,37.33,33.0,24.47,1,1,1.0
1016,140,177.07,67.2,42.6,30.87,1,1,1.0
1016,141,88.53,288.0,135.4,162.07,1,1,1.0
1016,142,318.93,61.87,50.07,30.87,1,1,0.4061
1016,143,450.13,58.67,55.4,30.87,1,1,1.0
1016,144,89.6,45.87,39.4,36.2,1,1,1.0
1016,145,116.27,41.6,28.73,20.2,1,1,0.6505
1016,146,1.0,148.27,70.4,56.46,1,1,1.0
1016,147,17.07,61.87,41.53,34.07,1,1,1.0
1016,148,656.0,87.47,75.67,36.2,1,1,1.0
1016,149,720.0,113.07,103.4,54.33,1,1,1.0
1016,150,649.6,155.73,132.2,58.6,1,1,0.5258
1016,151,13.87,42.67,28.73,21.27,1,1,1.0
1016,152,54.4,30.93,22.33,20.2,1,1,1.0
1016,153,933.33,139.73,27.67,40.47,1,1,1.0
1017,131,344.53,358.83,184.47,182.17,1,1,1.0
1017,132,229.97,13.65,25.96,21.05,1,1,1.0
1017,134,365.23,234.03,117.9,90.38,1,1,1.0
1017,135,282.03,23.04,32.78,24.25,1,1,0.5971
1017,136,203.73,128.85,64.15,48.79,1,1,1.0
1017,137,293.97,16.43,33.0,22.55,1,1,0.5537
1017,138,279.25,36.69,33.0,24.25,1,1,1.0
1017,140,179.41,68.27,42.39,31.29,1,1,1.0
1017,141,92.8,297.6,140.73,170.17,1,1,1.0
1017,142,315.73,61.44,49.22,29.59,1,1,0.3613
1017,143,446.08,58.24,55.61,30.44,1,1,1.0
1017,144,91.31,46.72,39.18,35.99,1,1,1.0
1017,145,117.55,42.24,29.16,20.63,1,1,0.6526
1017,146,1.0,151.89,72.32,56.68,1,1,1.0
1017,147,18.56,62.93,41.96,34.49,1,1,1.0
1017,148,648.75,85.76,75.66,36.2,1,1,1.0
1017,149,711.47,111.15,101.26,53.69,1,1,1.0
1017,150,640.64,152.96,128.57,57.53,1,1,0.5504
1017,151,14.51,43.09,28.52,21.69,1,1,1.0
1017,152,55.25,31.36,22.55,20.63,1,1,1.0
1017,153,921.6,134.4,39.4,45.59,1,1,1.0
1018,131,357.33,370.99,186.6,170.01,1,1,1.0
1018,132,228.48,13.44,26.39,20.84,1,1,1.0
1018,134,374.19,239.79,122.81,93.37,1,1,1.0
1018,135,280.32,22.61,32.57,24.04,1,1,0.5994
1018,136,206.93,130.77,65.43,49.64,1,1,1.0
1018,137,291.41,15.79,33.0,22.76,1,1,0.5443
1018,138,276.91,36.05,33.0,24.04,1,1,1.0
1018,140,181.76,69.33,42.17,31.72,1,1,1.0
1018,141,97.07,307.2,146.06,178.28,1,1,1.0
1018,142,312.53,61.01,48.36,28.31,1,1,0.3288
1018,143,442.03,57.81,55.82,30.01,1,1,1.0
1018,144,93.01,47.57,38.98,35.77,1,1,1.0
1018,145,118.83,42.88,29.58,21.05,1,1,0.6543
1018,146,1.0,155.52,74.24,56.89,1,1,1.0
1018,147,20.05,64.0,42.39,34.92,1,1,1.0
1018,148,641.49,84.05,75.67,36.2,1,1,1.0
1018,149,702.93,109.23,99.14,53.05,1,1,1.0
1018,150,631.68,150.19,124.95,56.46,1,1,0.5326
1018,151,15.15,43.52,28.31,22.12,1,1,1.0
1018,152,56.11,31.79,22.76,21.05,1,1,1.0
1018,153,909.87,129.07,51.13,50.7,1,1,1.0
1019,131,370.13,383.15,188.74,157.85,1,1,1.0
1019,132,226.99,13.23,26.81,20.63,1,1,1.0
1019,134,383.15,245.55,127.72,96.36,1,1,1.0
1019,135,278.61,22.19,32.36,23.83,1,1,0.602
1019,136,210.13,132.69,66.71,50.5,1,1,1.0
1019,137,288.85,15.15,33.0,22.97,1,1,0.5351
1019,138,274.56,35.41,33.0,23.83,1,1,1.0
1019,140,184.11,70.4,41.96,32.15,1,1,1.0
1019,141,101.33,316.8,151.4,186.39,1,1,1.0
1019,142,309.33,60.59,47.51,27.03,1,1,0.3798
1019,143,437.97,57.39,56.04,29.59,1,1,1.0
1019,144,94.72,48.43,38.76,35.56,1,1,1.0
1019,145,120.11,43.52,30.01,21.48,1,1,0.6563
1019,146,1.0,159.15,76.16,57.1,1,1,1.0
1019,147,21.55,65.07,42.81,35.35,1,1,1.0
1019,148,634.24,82.35,75.67,36.2,1,1,1.0
1019,149,694.4,107.31,97.0,52.41,1,1,1.0
1019,150,622.72,147.41,121.32,55.4,1,1,0.5586
1019,151,15.79,43.95,28.09,22.55,1,1,1.0
1019,152,56.96,32.21,22.97,21.48,1,1,1.0
1019,153,898.13,123.73,62.87,55.83,1,1,1.0
1020,131,382.93,395.31,190.87,145.69,1,1,1.0
1020,132,225.49,13.01,27.24,20.41,1,1,1.0
1020,134,392.11,251.31,132.62,99.34,1,1,1.0
1020,135,276.91,21.76,32.14,23.61,1,1,0.6047
1020,136,213.33,134.61,67.99,51.35,1,1,1.0
1020,137,286.29,14.51,33.0,23.19,1,1,0.5261
1020,138,272.21,34.77,33.0,23.61,1,1,1.0
1020,140,186.45,71.47,41.75,32.57,1,1,1.0
1020,141,105.6,326.4,156.73,194.49,1,1,1.0
1020,142,306.13,60.16,46.66,25.75,1,1,0.3045
1020,143,433.92,56.96,56.25,29.16,1,1,1.0
1020,144,96.43,49.28,38.54,35.35,1,1,1.0
1020,145,121.39,44.16,30.44,21.91,1,1,0.6581
1020,146,1.0,162.77,78.08,57.32,1,1,1.0
1020,147,23.04,66.13,43.24,35.78,1,1,1.0
1020,148,626.99,80.64,75.66,36.2,1,1,1.0
1020,149,685.87,105.39,94.86,51.77,1,1,1.0
1020,150,613.76,144.64,117.69,54.33,1,1,0.5496
1020,151,16.43,44.37,27.88,22.97,1,1,1.0
1020,152,57.81,32.64,23.19,21.91,1,1,1.0
1020,153,886.4,118.4,74.6,60.95,1,1,1.0
1021,131,395.73,407.47,193.0,133.53,1,1,1.0
1021,132,224.0,12.8,27.67,20.2,1,1,1.0
1021,134,401.07,257.07,137.53,102.33,1,1,1.0
1021,135,275.2,21.33,31.93,23.4,1,1,0.6074
1021,136,216.53,136.53,69.27,52.2,1,1,1.0
1021,137,283.73,13.87,33.0,23.4,1,1,0.5172
1021,138,269.87,34.13,33.0,23.4,1,1,1.0
1021,140,188.8,72.53,41.53,33.0,1,1,1.0
1021,141,109.87,336.0,162.06,205.0,1,1,1.0
1021,142,302.93,59.73,45.8,24.47,1,1,0.3534
1021,143,429.87,56.53,56.46,28.73,1,1,1.0
1021,144,98.13,50.13,38.34,35.13,1,1,1.0
1021,145,122.67,44.8,30.86,22.33,1,1,0.6596
1021,146,12.8,166.4,68.2,57.53,1,1,1.0
1021,147,24.53,67.2,43.67,36.2,1,1,1.0
1021,148,619.73,78.93,75.67,36.2,1,1,1.0
1021,149,677.33,103.47,92.74,51.13,1,1,1.0
1021,150,604.8,141.87,114.07,53.26,1,1,0.5752
1021,151,17.07,44.8,27.67,23.4,1,1,1.0
1021,152,58.67,33.07,23.4,22.33,1,1,1.0
1021,153,874.67,113.07,86.33,66.06,1,1,1.0
1022,131,413.23,424.75,185.74,116.25,1,1,1.0
1022,132,222.72,12.16,27.24,20.41,1,1,1.0
1022,134,413.23,265.39,143.72,105.74,1,1,1.0
1022,135,273.07,21.12,31.93,22.97,1,1,0.6084
1022,136,219.95,138.88,70.54,53.27,1,1,1.0
1022,137,281.6,13.44,33.0,23.19,1,1,0.5258
1022,138,267.95,33.71,32.78,22.97,1,1,1.0
1022,140,190.72,73.39,43.03,33.21,1,1,1.0
1022,141,116.69,349.87,165.91,191.13,1,1,1.0
1022,142,299.95,58.88,45.8,24.68,1,1,0.3232
1022,143,426.45,55.89,55.62,28.52,1,1,1.0
1022,144,99.2,50.77,38.55,35.77,1,1,1.0
1022,145,124.16,45.44,30.87,22.33,1,1,0.6649
1022,146,14.51,169.6,69.48,59.24,1,1,1.0
1022,147,25.6,68.05,44.31,36.63,1,1,1.0
1022,148,614.19,77.87,73.74,35.98,1,1,1.0
1022,149,669.01,101.55,91.46,50.92,1,1,1.0
1022,150,596.05,139.09,111.94,52.2,1,1,0.5685
1022,151,17.71,45.01,27.88,23.61,1,1,1.0
1022,152,59.31,33.07,23.61,22.33,1,1,1.0
1022,153,864.43,111.15,96.57,64.78,1,1,1.0
1023,131,430.72,442.03,178.49,98.97,1,1,1.0
1023,132,221.44,11.52,26.81,20.63,1,1,1.0
1023,134,425.39,273.71,149.9,109.16,1,1,1.0
1023,135,270.93,20.91,31.94,22.55,1,1,0.6091
1023,136,223.36,141.23,71.83,54.33,1,1,1.0
1023,137,279.47,13.01,33.0,22.97,1,1,0.5346
1023,138,266.03,33.28,32.57,22.55,1,1,1.0
1023,140,192.64,74.24,44.52,33.43,1,1,1.0
1023,141,123.52,363.73,169.75,177.27,1,1,1.0
1023,142,296.96,58.03,45.8,24.89,1,1,0.2572
1023,143,423.04,55.25,54.76,28.31,1,1,1.0
1023,144,100.27,51.41,38.76,36.41,1,1,1.0
1023,145,125.65,46.08,30.87,22.33,1,1,0.6701
1023,146,16.21,172.8,70.76,60.95,1,1,1.0
1023,147,26.67,68.91,44.95,37.05,1,1,1.0
1023,148,608.64,76.8,71.83,35.77,1,1,1.0
1023,149,660.69,99.63,90.18,50.7,1,1,1.0
1023,150,587.31,136.32,109.8,51.13,1,1,0.6008
1023,151,18.35,45.23,28.09,23.83,1,1,1.0
1023,152,59.95,33.07,23.83,22.33,1,1,1.0
1023,153,854.19,109.23,106.81,63.5,1,1,1.0
1024,131,448.21,459.31,171.24,81.69,1,1,1.0
1024,132,220.16,10.88,26.39,20.84,1,1,1.0
1024,134,437.55,282.03,156.09,112.57,1,1,1.0
1024,135,268.8,20.69,31.93,22.12,1,1,0.6098
1024,136,226.77,143.57,73.11,55.4,1,1,1.0
1024,137,277.33,12.59,33.0,22.76,1,1,0.5435
1024,138,264.11,32.85,32.36,22.12,1,1,1.0
1024,140,194.56,75.09,46.01,33.64,1,1,1.0
1024,141,130.35,377.6,173.58,163.4,1,1,1.0
1024,142,293.97,57.17,45.8,25.11,1,1,0.2724
1024,143,419.63,54.61,53.9,28.09,1,1,1.0
1024,144,101.33,52.05,38.98,37.05,1,1,1.0
1024,145,127.15,46.72,30.86,22.33,1,1,0.6754
1024,146,17.92,176.0,72.04,62.65,1,1,1.0
1024,147,27.73,69.76,45.59,37.48,1,1,1.0
1024,148,603.09,75.73,69.91,35.56,1,1,1.0
1024,149,652.37,97.71,88.9,50.49,1,1,1.0
1024,150,578.56,133.55,107.67,50.06,1,1,0.5971
1024,151,18.99,45.44,28.31,24.04,1,1,1.0
1024,152,60.59,33.07,24.04,22.33,1,1,1.0
1024,153,843.95,107.31,104.68,62.22,1,1,1.0
1025,131,465.71,476.59,163.98,64.41,1,1,1.0
1025,132,218.88,10.24,25.96,21.05,1,1,1.0
1025,134,449.71,290.35,162.28,115.98,1,1,1.0
1025,135,266.67,20.48,31.93,21.69,1,1,0.6108
1025,136,230.19,145.92,74.38,56.47,1,1,1.0
1025,137,275.2,12.16,33.0,22.55,1,1,0.5526
1025,138,262.19,32.43,32.14,21.69,1,1,1.0
1025,140,196.48,75.95,47.51,33.85,1,1,1.0
1025,141,137.17,391.47,177.43,149.53,1,1,1.0
1025,142,290.99,56.32,45.8,25.32,1,1,0.2662
1025,143,416.21,53.97,53.06,27.88,1,1,1.0
1025,144,102.4,52.69,39.19,37.69,1,1,1.0
1025,145,128.64,47.36,30.87,22.33,1,1,0.6807
1025,146,19.63,179.2,73.32,64.36,1,1,1.0
1025,147,28.8,70.61,46.23,37.91,1,1,1.0
1025,148,597.55,74.67,67.98,35.34,1,1,1.0
1025,149,644.05,95.79,87.62,50.28,1,1,1.0
1025,150,569.81,130.77,105.54,49.0,1,1,0.5764
1025,151,19.63,45.65,28.52,24.25,1,1,1.0
1025,152,61.23,33.07,24.25,22.33,1,1,1.0
1025,153,833.71,105.39,106.17,60.94,1,1,1.0
1026,131,483.2,493.87,156.73,47.13,1,1,1.0
1026,132,217.6,9.6,25.53,21.27,1,1,1.0
1026,134,461.87,298.67,168.46,119.4,1,1,1.0
1026,135,264.53,20.27,31.94,21.27,1,1,0.6117
1026,136,233.6,148.27,75.67,57.53,1,1,1.0
1026,137,273.07,11.73,33.0,22.33,1,1,0.5619
1026,138,260.27,32.0,31.93,21.27,1,1,1.0
1026,140,198.4,76.8,49.0,34.07,1,1,1.0
1026,141,144.0,405.33,181.27,135.67,1,1,1.0
1026,142,288.0,55.47,45.8,25.53,1,1,0.2559
1026,143,412.8,53.33,52.2,27.67,1,1,1.0
1026,144,103.47,53.33,39.4,38.33,1,1,1.0
1026,145,130.13,48.0,30.87,22.33,1,1,0.6859
1026,146,21.33,182.4,74.6,66.07,1,1,1.0
1026,147,29.87,71.47,46.87,38.33,1,1,1.0
1026,148,592.0,73.6,66.07,35.13,1,1,1.0
1026,149,635.73,93.87,86.34,50.06,1,1,1.0
1026,150,561.07,128.0,103.4,47.93,1,1,0.5762
1026,151,20.27,45.87,28.73,24.47,1,1,1.0
1026,152,61.87,33.07,24.47,22.33,1,1,1.0
1026,153,823.47,103.47,107.66,59.66,1,1,0.8705
1026,154,893.87,140.8,67.13,49.0,1,1,0.8271
1026,155,845.87,181.33,115.13,63.94,1,1,1.0
1026,156,22.4,30.93,25.53,22.33,1,1,1.0
1027,132,216.32,9.39,25.53,21.27,1,1,1.0
1027,134,477.65,310.19,175.72,123.66,1,1,1.0
1027,135,262.83,19.84,31.5,21.27,1,1,0.6069
1027,136,237.87,150.61,76.73,59.03,1,1,1.0
1027,137,271.36,11.31,31.93,22.12,1,1,0.5581
1027,138,258.35,31.36,31.5,21.69,1,1,1.0
1027,140,200.96,78.08,49.21,33.85,1,1,1.0
1027,141,152.96,424.75,174.65,116.25,1,1,1.0
1027,142,284.59,54.4,45.8,25.11,1,1,0.2432
1027,143,409.81,52.27,51.14,27.67,1,1,1.0
1027,144,104.53,53.76,39.62,38.33,1,1,1.0
1027,145,131.63,48.43,30.86,22.33,1,1,0.6912
1027,146,22.83,186.67,75.67,66.7,1,1,1.0
1027,147,31.36,72.32,47.51,38.97,1,1,1.0
1027,148,586.45,72.96,65.43,33.85,1,1,1.0
1027,149,628.69,92.37,85.91,49.43,1,1,1.0
1027,150,552.53,125.87,102.55,47.72,1,1,0.5991
1027,151,20.69,46.29,28.73,24.47,1,1,1.0
1027,152,62.29,33.28,24.89,22.97,1,1,1.0
1027,153,813.44,102.19,107.24,59.02,1,1,0.8551
1027,154,881.49,137.81,79.51,51.99,1,1,0.7755
1027,155,831.15,178.13,129.85,61.8,1,1,1.0
1027,156,23.47,31.15,25.11,22.12,1,1,1.0
1028,132,215.04,9.17,25.53,21.27,1,1,1.0
1028,134,493.44,321.71,182.97,127.93,1,1,1.0
1028,135,261.12,19.41,31.08,21.27,1,1,0.6023
1028,136,242.13,152.96,77.8,60.52,1,1,1.0
1028,137,269.65,10.88,30.87,21.91,1,1,0.554
1028,138,256.43,30.72,31.08,22.12,1,1,1.0
1028,140,203.52,79.36,49.43,33.64,1,1,1.0
1028,141,161.92,444.16,168.04,96.84,1,1,1.0
1028,142,281.17,53.33,45.8,24.68,1,1,0.2038
1028,143,406.83,51.2,50.06,27.67,1,1,1.0
1028,144,105.6,54.19,39.83,38.33,1,1,1.0
1028,145,133.12,48.85,30.87,22.33,1,1,0.6965
1028,146,24.32,190.93,76.73,67.35,1,1,1.0
1028,147,32.85,73.17,48.15,39.62,1,1,1.0
1028,148,580.91,72.32,64.78,32.57,1,1,1.0
1028,149,621.65,90.88,85.48,48.79,1,1,1.0
1028,150,544.0,123.73,101.69,47.51,1,1,0.5473
1028,151,21.12,46.72,28.73,24.47,1,1,1.0
1028,152,62.72,33.49,25.32,23.61,1,1,1.0
1028,153,803.41,100.91,106.82,58.38,1,1,0.8388
1028,154,869.12,134.83,91.88,54.97,1,1,0.7898
1028,155,816.43,174.93,124.09,59.67,1,1,1.0
1028,156,24.53,31.36,24.68,21.91,1,1,1.0
1029,132,213.76,8.96,25.53,21.27,1,1,1.0
1029,134,509.23,333.23,190.22,132.2,1,1,1.0
1029,135,259.41,18.99,30.66,21.27,1,1,0.5982
1029,136,246.4,155.31,78.87,62.01,1,1,1.0
1029,137,267.95,10.45,29.8,21.69,1,1,0.5497
1029,138,254.51,30.08,30.65,22.55,1,1,1.0
1029,140,206.08,80.64,49.64,33.43,1,1,1.0
1029,141,170.88,463.57,161.43,77.43,1,1,1.0
1029,142,277.76,52.27,45.8,24.25,1,1,0.1687
1029,143,403.84,50.13,49.0,27.67,1,1,1.0
1029,144,106.67,54.61,40.04,38.33,1,1,1.0
1029,145,134.61,49.28,30.87,22.33,1,1,0.7016
1029,146,25.81,195.2,77.8,67.99,1,1,1.0
1029,147,34.35,74.03,48.79,40.25,1,1,1.0
1029,148,575.36,71.68,64.15,31.29,1,1,1.0
1029,149,614.61,89.39,85.06,48.14,1,1,1.0
1029,150,535.47,121.6,100.84,47.29,1,1,0.532
1029,151,21.55,47.15,28.73,24.47,1,1,1.0
1029,152,63.15,33.71,25.75,24.25,1,1,1.0
1029,153,793.39,99.63,106.38,57.74,1,1,0.8212
1029,154,856.75,131.84,89.32,57.96,1,1,0.762
1029,155,801.71,171.73,123.24,57.54,1,1,1.0
1029,156,25.6,31.57,24.25,21.69,1,1,1.0
1030,132,212.48,8.75,25.53,21.27,1,1,1.0
1030,134,525.01,344.75,197.48,136.46,1,1,1.0
1030,135,257.71,18.56,30.22,21.27,1,1,0.5943
1030,136,250.67,157.65,79.93,63.51,1,1,1.0
1030,137,266.24,10.03,28.73,21.48,1,1,0.545
1030,138,252.59,29.44,30.22,22.97,1,1,1.0
1030,140,208.64,81.92,49.85,33.21,1,1,1.0
1030,141,179.84,482.99,154.81,58.01,1,1,1.0
1030,142,274.35,51.2,45.8,23.83,1,1,0.2026
1030,143,400.85,49.07,47.94,27.67,1,1,1.0
1030,144,107.73,55.04,40.26,38.33,1,1,1.0
1030,145,136.11,49.71,30.86,22.33,1,1,0.707
1030,146,27.31,199.47,78.86,68.62,1,1,1.0
1030,147,35.84,74.88,49.43,40.89,1,1,1.0
1030,148,569.81,71.04,63.51,30.01,1,1,1.0
1030,149,607.57,87.89,84.63,47.51,1,1,1.0
1030,150,526.93,119.47,99.99,47.08,1,1,0.5206
1030,151,21.97,47.57,28.73,24.47,1,1,1.0
1030,152,63.57,33.92,26.17,24.89,1,1,1.0
1030,153,783.36,98.35,105.96,57.1,1,1,0.8024
1030,154,844.37,128.85,92.1,60.95,1,1,0.7537
1030,155,786.99,168.53,122.38,55.4,1,1,1.0
1030,156,26.67,31.79,23.83,21.48,1,1,1.0
1031,132,211.2,8.53,25.53,21.27,1,1,1.0
1031,134,540.8,356.27,204.73,140.73,1,1,1.0
1031,135,256.0,18.13,29.8,21.27,1,1,0.5907
1031,136,255.25,160.98,82.18,64.62,1,1,1.0
1031,137,264.53,9.6,27.67,21.27,1,1,0.5397
1031,138,250.67,28.8,29.8,23.4,1,1,1.0
1031,140,211.2,83.2,50.07,33.0,1,1,1.0
1031,141,188.8,502.4,148.2,38.6,1,1,1.0
1031,142,270.93,50.13,45.8,23.4,1,1,0.207
1031,143,397.87,48.0,46.86,27.67,1,1,1.0
1031,144,108.8,55.47,40.47,38.33,1,1,1.0
1031,145,137.6,50.13,30.87,22.33,1,1,0.7122
1031,146,28.74,204.37,81.1,72.0,1,1,1.0
1031,147,37.33,75.73,50.07,41.54,1,1,1.0
1031,148,564.27,70.4,62.86,28.73,1,1,1.0
1031,149,600.53,86.4,84.2,46.87,1,1,1.0
1031,150,518.4,117.33,99.13,46.87,1,1,0.4744
1031,151,22.4,48.0,28.73,24.47,1,1,1.0
1031,152,64.0,34.13,26.6,25.53,1,1,1.0
1031,153,773.33,97.07,105.54,56.46,1,1,0.7824
1031,154,832.0,125.87,94.87,63.93,1,1,0.7507
1031,155,772.27,165.33,121.53,53.27,1,1,1.0
1031,156,27.73,32.0,23.4,21.27,1,1,1.0
1032,134,560.43,369.92,213.26,145.64,1,1,1.0
1032,135,254.08,17.71,30.01,21.69,1,1,0.5936
1032,136,259.84,164.31,84.41,65.72,1,1,1.0
1032,137,262.61,9.6,27.67,21.27,1,1,0.5196
1032,138,248.75,28.59,29.8,22.76,1,1,1.0
1032,140,213.76,84.48,50.92,33.64,1,1,1.0
1032,142,268.16,49.28,45.8,23.4,1,1,0.2017
1032,143,394.67,47.57,46.22,27.03,1,1,1.0
1032,144,110.29,56.32,40.68,38.76,1,1,1.0
1032,145,138.88,50.99,31.51,22.76,1,1,0.7062
1032,146,30.16,209.28,83.34,75.37,1,1,1.0
1032,147,38.83,77.01,50.28,42.18,1,1,1.0
1032,148,558.93,69.55,62.66,28.73,1,1,0.8025
1032,149,594.13,85.33,82.5,46.23,1,1,1.0
1032,150,511.79,115.41,96.78,46.23,1,1,0.5112
1032,151,23.04,48.85,28.95,24.04,1,1,1.0
1032,152,64.64,35.41,27.24,25.11,1,1,1.0
1032,153,765.01,95.36,103.62,55.19,1,1,0.7722
1032,154,820.05,123.73,93.38,63.51,1,1,0.7437
1032,155,759.47,161.49,119.61,53.06,1,1,1.0
1032,156,28.59,32.64,23.4,21.48,1,1,1.0
1033,134,580.05,383.57,221.8,150.55,1,1,1.0
1033,135,252.16,17.28,30.23,22.12,1,1,0.5965
1033,136,264.43,167.64,86.65,66.83,1,1,1.0
1033,137,260.69,9.6,27.67,21.27,1,1,0.499
1033,138,246.83,28.37,29.8,22.12,1,1,1.0
1033,140,216.32,85.76,51.77,34.28,1,1,1.0
1033,142,265.39,48.43,45.8,23.4,1,1,0.1675
1033,143,391.47,47.15,45.58,26.39,1,1,1.0
1033,144,111.79,57.17,40.89,39.19,1,1,1.0
1033,145,140.16,51.84,32.15,23.19,1,1,0.7001
1033,146,31.6,214.19,85.58,78.74,1,1,1.0
1033,147,40.32,78.29,50.49,42.82,1,1,1.0
1033,148,553.6,68.69,62.44,28.73,1,1,0.7923
1033,149,587.73,84.27,80.79,45.58,1,1,1.0
1033,150,505.17,113.49,94.44,45.59,1,1,0.492
1033,151,23.68,49.71,29.16,23.61,1,1,1.0
1033,152,65.28,36.69,27.88,24.68,1,1,1.0
1033,153,756.69,93.65,101.7,53.91,1,1,0.7619
1033,154,808.11,121.6,91.88,63.08,1,1,0.7377
1033,155,746.67,157.65,117.69,52.84,1,1,1.0
1033,156,29.44,33.28,23.4,21.69,1,1,1.0
1034,134,599.68,397.23,230.33,143.77,1,1,1.0
1034,135,250.24,16.85,30.44,22.55,1,1,0.5993
1034,136,269.01,170.97,88.9,67.94,1,1,1.0
1034,137,258.77,9.6,27.67,21.27,1,1,0.4782
1034,138,244.91,28.16,29.8,21.48,1,1,1.0
1034,140,218.88,87.04,52.63,34.92,1,1,1.0
1034,142,262.61,47.57,45.8,23.4,1,1,0.1037
1034,143,388.27,46.72,44.94,25.75,1,1,1.0
1034,144,113.28,58.03,41.11,39.61,1,1,1.0
1034,145,141.44,52.69,32.79,23.61,1,1,0.6943
1034,146,33.02,219.09,87.83,82.11,1,1,1.0
1034,147,41.81,79.57,50.71,43.46,1,1,1.0
1034,148,548.27,67.84,62.22,28.73,1,1,0.7819
1034,149,581.33,83.2,79.08,44.95,1,1,1.0
1034,150,498.56,111.57,92.09,44.95,1,1,0.4718
1034,151,24.32,50.56,29.37,23.19,1,1,1.0
1034,152,65.92,37.97,28.52,24.25,1,1,1.0
1034,153,748.37,91.95,99.78,52.62,1,1,0.7515
1034,154,796.16,119.47,90.39,62.65,1,1,0.7326
1034,155,733.87,153.81,115.77,52.63,1,1,1.0
1034,156,30.29,33.92,23.4,21.91,1,1,1.0
1035,134,619.31,410.88,238.86,130.12,1,1,1.0
1035,135,248.32,16.43,30.65,22.97,1,1,0.602
1035,136,273.6,174.29,91.13,69.06,1,1,1.0
1035,137,256.85,9.6,27.67,21.27,1,1,0.4572
1035,138,242.99,27.95,29.8,20.84,1,1,1.0
1035,140,221.44,88.32,53.48,35.56,1,1,1.0
1035,142,259.84,46.72,45.8,23.4,1,1,0.1552
1035,143,385.07,46.29,44.3,25.11,1,1,1.0
1035,144,114.77,58.88,41.32,40.04,1,1,1.0
1035,145,142.72,53.55,33.43,24.04,1,1,0.6888
1035,146,34.45,224.0,90.07,85.48,1,1,1.0
1035,147,43.31,80.85,50.92,44.1,1,1,1.0
1035,148,542.93,66.99,62.02,28.73,1,1,0.7711
1035,149,574.93,82.13,77.38,44.31,1,1,1.0
1035,150,491.95,109.65,89.74,44.31,1,1,0.4581
1035,151,24.96,51.41,29.59,22.76,1,1,1.0
1035,152,66.56,39.25,29.16,23.83,1,1,1.0
1035,153,740.05,90.24,97.86,51.35,1,1,0.7407
1035,154,784.21,117.33,88.9,62.23,1,1,0.7288
1035,155,721.07,149.97,113.85,52.42,1,1,1.0
1035,156,31.15,34.56,23.4,22.12,1,1,1.0
1036,134,638.93,424.53,247.4,116.47,1,1,1.0
1036,135,246.4,16.0,30.87,23.4,1,1,0.6048
1036,136,278.19,177.62,93.37,70.16,1,1,1.0
1036,137,254.93,9.6,27.67,21.27,1,1,0.4356
1036,138,241.07,27.73,29.8,20.2,1,1,1.0
1036,140,224.0,89.6,54.33,36.2,1,1,1.0
1036,142,257.07,45.87,45.8,23.4,1,1,0.1208
1036,143,381.87,45.87,43.66,24.47,1,1,1.0
1036,144,116.27,59.73,41.53,40.47,1,1,1.0
1036,145,144.0,54.4,34.07,24.47,1,1,0.6832
1036,146,35.88,228.91,92.31,88.85,1,1,1.0
1036,147,44.8,82.13,51.13,44.74,1,1,1.0
1036,148,537.6,66.13,61.8,28.73,1,1,0.7601
1036,149,568.53,81.07,75.67,43.66,1,1,1.0
1036,150,485.33,107.73,87.4,43.67,1,1,0.4411
1036,151,25.6,52.27,29.8,22.33,1,1,1.0
1036,152,67.2,40.53,29.8,23.4,1,1,1.0
1036,153,731.73,88.53,95.94,50.07,1,1,0.7301
1036,154,772.27,115.2,87.4,61.8,1,1,0.7261
1036,155,708.27,146.13,111.93,52.2,1,1,1.0
1036,156,32.0,35.2,23.4,22.33,1,1,1.0
1036,157,81.07,22.4,27.66,20.2,1,1,1.0
1037,136,282.77,180.95,95.62,71.27,1,1,1.0
1037,138,239.57,27.25,29.59,20.15,1,1,1.0
1037,140,227.63,91.15,55.34,36.94,1,1,1.0
1037,142,255.09,45.23,45.38,23.29,1,1,0.1367
1037,143,379.31,45.33,43.4,24.25,1,1,1.0
1037,144,118.08,60.64,42.07,40.89,1,1,1.0
1037,145,145.92,55.2,34.55,24.73,1,1,0.6787
1037,146,37.31,233.81,94.55,92.22,1,1,1.0
1037,147,46.61,83.68,51.88,45.32,1,1,1.0
1037,148,533.55,65.17,61.05,28.47,1,1,0.7562
1037,149,563.41,80.05,74.87,43.14,1,1,1.0
1037,150,480.0,106.19,86.44,43.02,1,1,0.4264
1037,151,26.35,52.8,30.12,22.65,1,1,1.0
1037,152,68.32,41.07,29.85,23.45,1,1,1.0
1037,153,724.55,87.32,94.94,49.5,1,1,0.7181
1037,154,762.88,113.42,86.62,61.16,1,1,0.7338
1037,155,698.95,143.93,109.94,51.27,1,1,1.0
1037,156,32.75,35.52,23.77,22.49,1,1,1.0
1037,157,82.13,22.83,27.88,20.36,1,1,1.0
1038,136,287.36,184.28,97.85,72.38,1,1,1.0
1038,138,238.08,26.77,29.37,20.09,1,1,1.0
1038,140,231.25,92.69,56.36,37.7,1,1,1.0
1038,142,253.12,44.59,44.95,23.19,1,1,0.1639
1038,143,376.75,44.8,43.13,24.04,1,1,1.0
1038,144,119.89,61.55,42.6,41.32,1,1,1.0
1038,145,147.84,56.0,35.03,25.0,1,1,0.6746
1038,146,38.74,238.72,96.79,95.59,1,1,1.0
1038,147,48.43,85.23,52.62,45.9,1,1,1.0
1038,148,529.49,64.21,60.31,28.2,1,1,0.7522
1038,149,558.29,79.04,74.07,42.6,1,1,1.0
1038,150,474.67,104.64,85.48,42.39,1,1,0.4734
1038,151,27.09,53.33,30.44,22.97,1,1,1.0
1038,152,69.44,41.6,29.91,23.51,1,1,1.0
1038,153,717.37,86.12,93.94,48.92,1,1,0.7056
1038,154,753.49,111.64,85.84,60.52,1,1,0.7416
1038,155,689.64,141.72,107.95,50.36,1,1,1.0
1038,156,33.49,35.84,24.15,22.65,1,1,1.0
1038,157,83.2,23.25,28.09,20.52,1,1,1.0
1039,136,291.95,187.61,100.09,73.49,1,1,1.0
1039,138,236.59,26.29,29.16,20.04,1,1,1.0
1039,140,234.88,94.24,57.37,38.44,1,1,1.0
1039,142,251.15,43.95,44.52,23.08,1,1,0.2049
1039,143,374.19,44.27,42.86,23.83,1,1,1.0
1039,144,121.71,62.45,43.13,41.75,1,1,1.0
1039,145,149.76,56.8,35.51,25.27,1,1,0.6703
1039,146,40.17,243.63,99.03,98.96,1,1,1.0
1039,147,50.24,86.77,53.37,46.5,1,1,1.0
1039,148,525.44,63.25,59.56,27.93,1,1,0.7482
1039,149,553.17,78.03,73.27,42.06,1,1,1.0
1039,150,469.33,103.09,84.52,41.75,1,1,0.4439
1039,151,27.84,53.87,30.76,23.29,1,1,1.0
1039,152,70.56,42.13,29.96,23.56,1,1,1.0
1039,153,710.19,84.91,92.94,48.36,1,1,0.6927
1039,154,744.11,109.87,85.05,59.88,1,1,0.7497
1039,155,680.32,139.52,105.96,49.43,1,1,1.0
1039,156,34.24,36.16,24.52,22.81,1,1,1.0
1039,157,84.27,23.68,28.3,20.68,1,1,1.0
1040,136,296.53,190.93,102.34,74.6,1,1,1.0
1040,138,235.09,25.81,28.95,19.99,1,1,1.0
1040,140,238.51,95.79,58.38,39.18,1,1,1.0
1040,142,249.17,43.31,44.1,22.97,1,1,0.1392
1040,143,371.63,43.73,42.6,23.61,1,1,1.0
1040,144,123.52,63.36,43.67,42.17,1,1,1.0
1040,145,151.68,57.6,35.99,25.53,1,1,0.6663
1040,146,41.6,248.53,101.27,102.34,1,1,1.0
1040,147,52.05,88.32,54.12,47.08,1,1,1.0
1040,148,521.39,62.29,58.81,27.67,1,1,0.7442
1040,149,548.05,77.01,72.47,41.54,1,1,1.0
1040,150,464.0,101.55,83.56,41.1,1,1,0.433
1040,151,28.59,54.4,31.08,23.61,1,1,1.0
1040,152,71.68,42.67,30.01,23.61,1,1,1.0
1040,153,703.0,83.7,91.96,47.79,1,1,0.6793
1040,154,734.72,108.09,84.27,59.24,1,1,0.758
1040,155,671.0,137.32,103.97,48.5,1,1,1.0
1040,156,34.99,36.48,24.89,22.97,1,1,1.0
1040,157,85.33,24.11,28.52,20.84,1,1,1.0
1041,136,303.9,195.2,104.86,76.83,1,1,1.0
1041,138,233.6,25.33,28.73,19.93,1,1,1.0
1041,140,242.13,97.33,59.4,39.94,1,1,1.0
1041,142,247.2,42.67,43.67,22.87,1,1,0.1843
1041,143,369.07,43.2,42.33,23.4,1,1,1.0
1041,144,125.33,64.27,44.2,42.6,1,1,1.0
1041,145,153.6,58.4,36.47,25.8,1,1,0.6625
1041,146,45.09,256.68,104.27,106.5,1,1,1.0
1041,147,53.87,89.87,54.86,47.66,1,1,1.0
1041,148,517.33,61.33,58.07,27.4,1,1,0.7402
1041,149,542.93,76.0,71.67,41.0,1,1,1.0
1041,150,458.67,100.0,82.6,40.47,1,1,0.4413
1041,151,29.33,54.93,31.4,23.93,1,1,1.0
1041,152,72.8,43.2,30.07,23.67,1,1,1.0
1041,153,695.82,82.49,90.96,47.22,1,1,0.6652
1041,154,725.33,106.31,83.49,58.6,1,1,0.7665
1041,155,661.69,135.11,101.98,47.58,1,1,1.0
1041,156,35.73,36.8,25.27,23.13,1,1,1.0
1041,157,86.4,24.53,28.73,21.0,1,1,1.0
1042,136,311.27,199.47,107.38,79.06,1,1,1.0
1042,138,232.11,24.85,28.52,19.88,1,1,1.0
1042,140,245.76,98.88,60.41,40.68,1,1,1.0
1042,142,245.23,42.03,43.24,22.76,1,1,0.1893
1042,143,366.51,42.67,42.06,23.19,1,1,1.0
1042,144,127.15,65.17,44.73,43.03,1,1,1.0
1042,145,155.52,59.2,36.95,26.07,1,1,0.6587
1042,146,48.58,264.82,107.28,110.68,1,1,1.0
1042,147,55.68,91.41,55.61,48.26,1,1,1.0
1042,148,513.28,60.37,57.32,27.13,1,1,0.736
1042,149,537.81,74.99,70.87,40.46,1,1,1.0
1042,150,453.33,98.45,81.64,39.83,1,1,0.4399
1042,151,30.08,55.47,31.72,24.25,1,1,1.0
1042,152,73.92,43.73,30.12,23.72,1,1,1.0
1042,153,688.64,81.28,89.96,46.65,1,1,0.6507
1042,154,715.95,104.53,82.7,57.96,1,1,0.7753
1042,155,652.37,132.91,99.99,46.65,1,1,1.0
1042,156,36.48,37.12,25.64,23.29,1,1,1.0
1042,157,87.47,24.96,28.94,21.16,1,1,1.0
1043,136,318.64,203.73,109.9,81.29,1,1,1.0
1043,138,230.61,24.37,28.31,19.83,1,1,1.0
1043,140,249.39,100.43,61.42,41.42,1,1,1.0
1043,142,243.25,41.39,42.82,22.65,1,1,0.2176
1043,143,363.95,42.13,41.8,22.97,1,1,1.0
1043,144,128.96,66.08,45.27,43.45,1,1,1.0
1043,145,157.44,60.0,37.43,26.33,1,1,0.655
1043,146,52.07,272.97,110.29,114.84,1,1,1.0
1043,147,57.49,92.96,56.36,48.84,1,1,1.0
1043,148,509.23,59.41,56.57,26.87,1,1,0.7319
1043,149,532.69,73.97,70.07,39.94,1,1,1.0
1043,150,448.0,96.91,80.68,39.18,1,1,0.4285
1043,151,30.83,56.0,32.04,24.57,1,1,1.0
1043,152,75.04,44.27,30.17,23.77,1,1,1.0
1043,153,681.46,80.07,88.96,46.09,1,1,0.6355
1043,154,706.56,102.76,81.92,57.32,1,1,0.7842
1043,155,643.06,130.7,97.99,45.73,1,1,1.0
1043,156,37.23,37.44,26.01,23.45,1,1,1.0
1043,157,88.53,25.39,29.16,21.32,1,1,1.0
1044,136,326.01,208.0,112.42,83.52,1,1,1.0
1044,138,229.12,23.89,28.09,19.77,1,1,1.0
1044,140,253.01,101.97,62.44,42.18,1,1,1.0
1044,142,241.28,40.75,42.39,22.55,1,1,0.2707
1044,143,361.39,41.6,41.53,22.76,1,1,1.0
1044,144,130.77,66.99,45.8,43.88,1,1,1.0
1044,145,159.36,60.8,37.91,26.6,1,1,0.6516
1044,146,55.56,281.12,113.29,119.01,1,1,1.0
1044,147,59.31,94.51,57.1,49.42,1,1,1.0
1044,148,505.17,58.45,55.83,26.6,1,1,0.7278
1044,149,527.57,72.96,69.27,39.4,1,1,1.0
1044,150,442.67,95.36,79.72,38.55,1,1,0.4373
1044,151,31.57,56.53,32.36,24.89,1,1,1.0
1044,152,76.16,44.8,30.23,23.83,1,1,1.0
1044,153,674.28,78.86,87.96,45.52,1,1,0.6197
1044,154,697.17,100.98,81.15,56.68,1,1,0.7935
1044,155,633.74,128.5,96.01,44.8,1,1,1.0
1044,156,37.97,37.76,26.39,23.61,1,1,1.0
1044,157,89.6,25.81,29.37,21.48,1,1,1.0
1045,136,333.38,212.27,114.94,85.75,1,1,1.0
1045,138,227.63,23.41,27.88,19.72,1,1,1.0
1045,140,256.64,103.52,63.45,42.92,1,1,1.0
1045,142,239.31,40.11,41.96,22.44,1,1,0.1924
1045,143,358.83,41.07,41.26,22.55,1,1,1.0
1045,144,132.59,67.89,46.33,44.31,1,1,1.0
1045,145,161.28,61.6,38.39,26.87,1,1,0.6481
1045,146,59.06,289.26,116.3,123.18,1,1,1.0
1045,147,61.12,96.05,57.85,50.02,1,1,1.0
1045,148,501.12,57.49,55.08,26.33,1,1,0.7236
1045,149,522.45,71.95,68.47,38.86,1,1,1.0
1045,150,437.33,93.81,78.76,37.91,1,1,0.4684
1045,151,32.32,57.07,32.68,25.21,1,1,1.0
1045,152,77.28,45.33,30.28,23.88,1,1,1.0
1045,153,667.09,77.65,86.98,44.95,1,1,0.6033
1045,154,687.79,99.2,80.36,56.04,1,1,0.803
1045,155,624.43,126.29,94.01,43.88,1,1,1.0
1045,156,38.72,38.08,26.76,23.77,1,1,1.0
1045,157,90.67,26.24,29.58,21.64,1,1,1.0
1046,136,340.75,216.53,117.46,87.99,1,1,1.0
1046,138,226.13,22.93,27.67,19.67,1,1,1.0
1046,140,260.27,105.07,64.46,43.66,1,1,1.0
1046,142,237.33,39.47,41.54,22.33,1,1,0.2158
1046,143,356.27,40.53,41.0,22.33,1,1,1.0
1046,144,134.4,68.8,46.87,44.73,1,1,1.0
1046,145,163.2,62.4,38.87,27.13,1,1,0.6448
1046,146,62.54,297.41,119.3,127.35,1,1,1.0
1046,147,62.93,97.6,58.6,50.6,1,1,1.0
1046,148,497.07,56.53,54.33,26.07,1,1,0.7193
1046,149,517.33,70.93,67.67,38.34,1,1,1.0
1046,150,432.0,92.27,77.8,37.26,1,1,0.4526
1046,151,33.07,57.6,33.0,25.53,1,1,1.0
1046,152,78.4,45.87,30.33,23.93,1,1,1.0
1046,153,659.91,76.44,85.98,44.38,1,1,0.5861
1046,154,678.4,97.42,79.58,55.4,1,1,0.8128
1046,155,615.11,124.09,92.02,42.95,1,1,1.0
1046,156,39.47,38.4,27.13,23.93,1,1,1.0
1046,157,91.73,26.67,29.8,21.8,1,1,1.0
1047,136,348.12,220.8,119.98,90.21,1,1,1.0
1047,138,224.64,22.45,27.45,19.61,1,1,1.0
1047,140,263.89,106.61,65.48,44.42,1,1,1.0
1047,142,235.36,38.83,41.11,22.23,1,1,0.247
1047,143,353.71,40.0,40.73,22.12,1,1,1.0
1047,144,136.21,69.71,47.4,45.16,1,1,1.0
1047,145,165.12,63.2,39.35,27.4,1,1,0.6417
1047,146,66.04,305.55,122.31,131.52,1,1,1.0
1047,147,64.75,99.15,59.34,51.18,1,1,1.0
1047,148,493.01,55.57,53.59,25.8,1,1,0.7151
1047,149,512.21,69.92,66.87,37.8,1,1,1.0
1047,150,426.67,90.72,76.84,36.63,1,1,0.5051
1047,151,33.81,58.13,33.32,25.85,1,1,1.0
1047,152,79.52,46.4,30.39,23.99,1,1,1.0
1047,153,652.73,75.24,84.98,43.8,1,1,0.5682
1047,154,669.01,95.64,78.8,54.76,1,1,0.8227
1047,155,605.8,121.88,90.03,42.04,1,1,1.0
1047,156,40.21,38.72,27.51,24.09,1,1,1.0
1047,157,92.8,27.09,30.01,21.96,1,1,1.0
1048,136,355.49,225.07,122.5,92.44,1,1,1.0
1048,138,223.15,21.97,27.24,19.56,1,1,1.0
1048,140,267.52,108.16,66.49,45.16,1,1,1.0
1048,142,233.39,38.19,40.68,22.12,1,1,0.1848
1048,143,351.15,39.47,40.46,21.91,1,1,1.0
1048,144,138.03,70.61,47.93,45.59,1,1,1.0
1048,145,167.04,64.0,39.83,27.67,1,1,0.6385
1048,146,69.53,313.7,125.31,135.69,1,1,1.0
1048,147,66.56,100.69,60.09,51.78,1,1,1.0
1048,148,488.96,54.61,52.84,25.53,1,1,0.7108
1048,149,507.09,68.91,66.07,37.26,1,1,1.0
1048,150,421.33,89.17,75.88,35.99,1,1,0.5001
1048,151,34.56,58.67,33.64,26.17,1,1,1.0
1048,152,80.64,46.93,30.44,24.04,1,1,1.0
1048,153,645.55,74.03,83.98,43.24,1,1,0.5495
1048,154,659.63,93.87,78.01,54.12,1,1,0.8331
1048,155,596.48,119.68,88.04,41.11,1,1,1.0
1048,156,40.96,39.04,27.88,24.25,1,1,1.0
1048,157,93.87,27.52,30.22,22.12,1,1,1.0
1049,136,362.86,229.33,125.02,94.68,1,1,1.0
1049,138,221.65,21.49,27.03,19.51,1,1,1.0
1049,140,271.15,109.71,67.5,45.9,1,1,1.0
1049,142,231.41,37.55,40.26,22.01,1,1,0.2519
1049,143,348.59,38.93,40.2,21.69,1,1,1.0
1049,144,139.84,71.52,48.47,46.01,1,1,1.0
1049,145,168.96,64.8,40.31,27.93,1,1,0.6355
1049,146,73.02,321.84,128.32,139.86,1,1,1.0
1049,147,68.37,102.24,60.84,52.36,1,1,1.0
1049,148,484.91,53.65,52.09,25.27,1,1,0.7065
1049,149,501.97,67.89,65.27,36.74,1,1,1.0
1049,150,416.0,87.63,74.92,35.34,1,1,0.4852
1049,151,35.31,59.2,33.96,26.49,1,1,1.0
1049,152,81.76,47.47,30.49,24.09,1,1,1.0
1049,153,638.36,72.82,83.0,42.67,1,1,0.5301
1049,154,650.24,92.09,77.23,53.48,1,1,0.8438
1049,155,587.16,117.48,86.05,40.18,1,1,1.0
1049,156,41.71,39.36,28.25,24.41,1,1,1.0
1049,157,94.93,27.95,30.44,22.28,1,1,1.0
1050,136,370.23,233.6,127.55,96.9,1,1,1.0
1050,138,220.16,21.01,26.81,19.45,1,1,1.0
1050,140,274.77,111.25,68.52,46.66,1,1,1.0
1050,142,229.44,36.91,39.83,21.91,1,1,0.2485
1050,143,346.03,38.4,39.93,21.48,1,1,1.0
1050,144,141.65,72.43,49.0,46.44,1,1,1.0
1050,145,170.88,65.6,40.79,28.2,1,1,0.6327
1050,146,76.51,329.99,131.33,144.03,1,1,1.0
1050,147,70.19,103.79,61.58,52.94,1,1,1.0
1050,148,480.85,52.69,51.35,25.0,1,1,0.7022
1050,149,496.85,66.88,64.47,36.2,1,1,1.0
1050,150,410.67,86.08,73.96,34.71,1,1,0.4952
1050,151,36.05,59.73,34.28,26.81,1,1,1.0
1050,152,82.88,48.0,30.55,24.15,1,1,1.0
1050,153,631.18,71.61,82.0,42.1,1,1,0.5098
1050,154,640.85,90.31,76.45,52.84,1,1,0.8546
1050,155,577.85,115.27,84.06,39.26,1,1,1.0
1050,156,42.45,39.68,28.63,24.57,1,1,1.0
1050,157,96.0,28.37,30.65,22.44,1,1,1.0
1051,136,377.6,237.87,130.07,99.13,1,1,1.0
1051,138,218.67,20.53,26.6,19.4,1,1,1.0
1051,140,278.4,112.8,69.53,47.4,1,1,1.0
1051,142,227.47,36.27,39.4,21.8,1,1,0.2729
1051,143,343.47,37.87,39.66,21.27,1,1,1.0
1051,144,143.47,73.33,49.53,46.87,1,1,1.0
1051,145,172.8,66.4,41.27,28.47,1,1,0.6297
1051,146,80.0,338.13,134.33,148.2,1,1,1.0
1051,147,72.0,105.33,62.33,53.54,1,1,1.0
1051,148,476.8,51.73,50.6,24.73,1,1,0.6979
1051,149,491.73,65.87,63.67,35.66,1,1,1.0
1051,150,405.33,84.53,73.0,34.07,1,1,0.4781
1051,151,36.8,60.27,34.6,27.13,1,1,1.0
1051,152,84.0,48.53,30.6,24.2,1,1,1.0
1051,153,624.0,70.4,81.0,41.53,1,1,0.4886
1051,154,631.47,88.53,75.66,52.2,1,1,0.866
1051,155,568.53,113.07,82.07,38.33,1,1,1.0
1051,156,43.2,40.0,29.0,24.73,1,1,1.0
1051,157,97.07,28.8,30.86,22.6,1,1,1.0
1051,158,52.27,29.87,21.27,18.07,1,1,0.5884
1052,136,387.2,244.0,134.87,101.8,1,1,1.0
1052,138,217.17,20.05,26.39,19.35,1,1,1.0
1052,140,282.03,114.35,70.54,48.14,1,1,1.0
1052,142,225.49,35.63,38.98,21.69,1,1,0.2266
1052,143,340.91,37.33,39.4,21.05,1,1,1.0
1052,144,145.28,74.24,50.07,47.29,1,1,1.0
1052,145,174.72,67.2,41.75,28.73,1,1,0.6269
1052,146,84.53,351.47,139.4,147.93,1,1,1.0
1052,147,73.81,106.88,63.08,54.12,1,1,1.0
1052,148,472.75,50.77,49.85,24.47,1,1,0.6935
1052,149,486.61,64.85,62.87,35.13,1,1,1.0
1052,150,400.0,82.99,72.04,33.42,1,1,0.466
1052,151,37.55,60.8,34.92,27.45,1,1,1.0
1052,152,85.12,49.07,30.65,24.25,1,1,1.0
1052,153,618.67,68.91,78.86,40.68,1,1,0.4889
1052,154,625.49,86.83,73.32,52.41,1,1,0.8801
1052,155,561.49,110.72,80.15,38.12,1,1,1.0
1052,156,43.95,40.32,29.37,24.89,1,1,1.0
1052,157,98.13,29.23,31.08,22.76,1,1,1.0
1052,158,53.55,30.08,21.27,18.28,1,1,0.5911
1053,136,396.8,250.13,139.67,104.47,1,1,1.0
1053,138,215.68,19.57,26.17,19.29,1,1,1.0
1053,140,285.65,115.89,71.56,48.9,1,1,1.0
1053,142,223.52,34.99,38.55,21.59,1,1,0.2418
1053,143,338.35,36.8,39.13,20.84,1,1,1.0
1053,144,147.09,75.15,50.6,47.72,1,1,1.0
1053,145,176.64,68.0,42.23,29.0,1,1,0.6244
1053,146,89.07,364.8,144.46,147.67,1,1,1.0
1053,147,75.63,108.43,63.82,54.7,1,1,1.0
1053,148,468.69,49.81,49.11,24.2,1,1,0.6892
1053,149,481.49,63.84,62.07,34.6,1,1,1.0
1053,150,394.67,81.44,71.08,32.79,1,1,0.5281
1053,151,38.29,61.33,35.24,27.77,1,1,1.0
1053,152,86.24,49.6,30.71,24.31,1,1,1.0
1053,153,613.33,67.41,76.74,39.83,1,1,0.4894
1053,154,619.52,85.12,70.97,52.63,1,1,0.8965
1053,155,554.45,108.37,78.23,37.91,1,1,1.0
1053,156,44.69,40.64,29.75,25.05,1,1,1.0
1053,157,99.2,29.65,31.29,22.92,1,1,1.0
1053,158,54.83,30.29,21.27,18.49,1,1,0.5937
1054,136,406.4,256.27,144.47,107.13,1,1,1.0
1054,138,214.19,19.09,25.96,19.24,1,1,1.0
1054,140,289.28,117.44,72.57,49.64,1,1,1.0
1054,142,221.55,34.35,38.12,21.48,1,1,0.2848
1054,143,335.79,36.27,38.86,20.63,1,1,1.0
1054,144,148.91,76.05,51.13,48.15,1,1,1.0
1054,145,178.56,68.8,42.71,29.27,1,1,0.6217
1054,146,93.6,378.13,149.53,147.4,1,1,1.0
1054,147,77.44,109.97,64.57,55.3,1,1,1.0
1054,148,464.64,48.85,48.36,23.93,1,1,0.6848
1054,149,476.37,62.83,61.27,34.07,1,1,1.0
1054,150,389.33,79.89,70.12,32.15,1,1,0.5438
1054,151,39.04,61.87,35.56,28.09,1,1,1.0
1054,152,87.36,50.13,30.76,24.36,1,1,1.0
1054,153,608.0,65.92,74.6,38.97,1,1,0.4931
1054,154,613.55,83.41,68.62,52.84,1,1,0.9152
1054,155,547.41,106.03,76.31,37.69,1,1,1.0
1054,156,45.44,40.96,30.12,25.21,1,1,1.0
1054,157,100.27,30.08,31.5,23.08,1,1,1.0
1054,158,56.11,30.51,21.27,18.71,1,1,0.5964
1055,136,416.0,262.4,149.27,109.8,1,1,1.0
1055,138,212.69,18.61,25.75,19.19,1,1,1.0
1055,140,292.91,118.99,73.58,50.38,1,1,1.0
1055,142,219.57,33.71,37.7,21.37,1,1,0.3112
1055,143,333.23,35.73,38.6,20.41,1,1,1.0
1055,144,150.72,76.96,51.67,48.57,1,1,1.0
1055,145,180.48,69.6,43.19,29.53,1,1,0.6191
1055,146,98.13,391.47,154.6,149.53,1,1,1.0
1055,147,79.25,111.52,65.32,55.88,1,1,1.0
1055,148,460.59,47.89,47.61,23.67,1,1,0.6804
1055,149,471.25,61.81,60.47,33.53,1,1,1.0
1055,150,384.0,78.35,69.16,31.5,1,1,0.533
1055,151,39.79,62.4,35.88,28.41,1,1,1.0
1055,152,88.48,50.67,30.81,24.41,1,1,1.0
1055,153,602.67,64.43,72.46,38.12,1,1,0.4999
1055,154,607.57,81.71,66.28,53.05,1,1,0.9364
1055,155,540.37,103.68,74.39,37.48,1,1,1.0
1055,156,46.19,41.28,30.49,25.37,1,1,1.0
1055,157,101.33,30.51,31.72,23.24,1,1,1.0
1055,158,57.39,30.72,21.27,18.92,1,1,0.5991
1056,136,427.47,270.13,154.33,114.34,1,1,1.0
1056,138,211.2,18.13,25.53,19.13,1,1,1.0
1056,140,296.53,120.53,74.6,51.14,1,1,1.0
1056,142,217.6,33.07,37.27,21.27,1,1,0.2402
1056,143,330.67,35.2,38.33,20.2,1,1,1.0
1056,144,152.53,77.87,52.2,49.0,1,1,1.0
1056,145,182.4,70.4,43.67,29.8,1,1,0.6168
1056,146,104.53,406.93,154.07,134.07,1,1,1.0
1056,147,81.07,113.07,66.06,56.46,1,1,1.0
1056,148,456.53,46.93,46.87,23.4,1,1,0.676
1056,149,466.13,60.8,59.67,33.0,1,1,1.0
1056,150,378.67,76.8,68.2,30.87,1,1,0.5936
1056,151,40.53,62.93,36.2,28.73,1,1,1.0
1056,152,89.6,51.2,30.87,24.47,1,1,1.0
1056,153,597.33,62.93,70.34,37.27,1,1,0.5074
1056,154,601.6,80.0,63.93,53.27,1,1,0.9606
1056,155,533.33,101.33,72.47,37.27,1,1,1.0
1056,156,46.93,41.6,30.87,25.53,1,1,1.0
1056,157,102.4,30.93,31.93,23.4,1,1,1.0
1056,158,58.67,30.93,21.27,19.13,1,1,0.6019
1056,159,1.0,87.47,20.27,35.13,1,1,1.0
1056,160,1.0,32.0,26.67,20.2,1,1,1.0
1056,161,865.07,192.0,95.93,56.47,1,1,0.3023
1056,162,808.53,209.07,152.47,72.46,1,1,0.3239
1057,136,438.93,277.87,159.4,118.86,1,1,1.0
1057,138,210.35,18.13,25.32,18.92,1,1,1.0
1057,140,301.44,123.31,75.45,50.7,1,1,1.0
1057,142,217.17,32.64,35.99,21.48,1,1,0.2702
1057,143,328.75,34.77,37.9,20.41,1,1,1.0
1057,144,154.67,78.93,53.05,50.28,1,1,1.0
1057,145,184.96,71.47,43.67,30.44,1,1,0.6066
1057,146,110.93,422.4,153.54,118.6,1,1,1.0
1057,147,83.84,115.2,66.71,57.75,1,1,1.0
1057,148,452.69,46.29,46.23,23.61,1,1,0.6527
1057,149,461.65,59.73,59.46,32.79,1,1,1.0
1057,150,375.25,75.31,66.92,30.65,1,1,0.5876
1057,151,41.81,63.57,36.41,28.73,1,1,1.0
1057,152,90.67,51.63,31.5,25.11,1,1,1.0
1057,153,592.0,62.08,69.69,38.12,1,1,0.5001
1057,154,595.2,79.15,63.08,51.77,1,1,0.9702
1057,155,526.93,99.84,71.4,36.63,1,1,1.0
1057,156,48.21,42.45,30.87,25.32,1,1,1.0
1057,157,103.89,31.36,31.72,23.4,1,1,1.0
1057,158,59.52,31.79,21.69,18.71,1,1,0.6125
1057,159,1.0,89.6,21.76,35.56,1,1,1.0
1057,160,1.0,32.64,27.52,21.05,1,1,1.0
1057,161,852.69,187.73,108.31,56.26,1,1,0.4544
1057,162,794.24,204.8,143.29,69.48,1,1,0.3077
1058,136,450.4,285.6,164.47,123.4,1,1,1.0
1058,138,209.49,18.13,25.11,18.71,1,1,1.0
1058,140,306.35,126.08,76.3,50.28,1,1,1.0
1058,142,216.75,32.21,34.7,21.69,1,1,0.2763
1058,143,326.83,34.35,37.48,20.63,1,1,1.0
1058,144,156.8,80.0,53.91,51.56,1,1,1.0
1058,145,187.52,72.53,43.67,31.08,1,1,0.5966
1058,146,117.33,437.87,153.0,103.13,1,1,1.0
1058,147,86.61,117.33,67.35,59.03,1,1,1.0
1058,148,448.85,45.65,45.59,23.83,1,1,0.629
1058,149,457.17,58.67,59.24,32.57,1,1,1.0
1058,150,371.84,73.81,65.64,30.44,1,1,0.5852
1058,151,43.09,64.21,36.63,28.73,1,1,1.0
1058,152,91.73,52.05,32.15,25.75,1,1,1.0
1058,153,586.67,61.23,69.05,38.97,1,1,0.4934
1058,154,588.8,78.29,62.23,50.28,1,1,0.98
1058,155,520.53,98.35,70.34,35.98,1,1,1.0
1058,156,49.49,43.31,30.87,25.11,1,1,1.0
1058,157,105.39,31.79,31.5,23.4,1,1,1.0
1058,158,60.37,32.64,22.12,18.28,1,1,0.6237
1058,159,1.0,91.73,23.25,35.99,1,1,1.0
1058,160,1.0,33.28,28.37,21.91,1,1,1.0
1058,161,840.32,183.47,120.68,56.04,1,1,0.538
1058,162,779.95,200.53,140.52,66.5,1,1,0.2935
1059,136,461.87,293.33,169.53,127.94,1,1,1.0
1059,138,208.64,18.13,24.89,18.49,1,1,1.0
1059,140,311.25,128.85,77.16,49.86,1,1,1.0
1059,142,216.32,31.79,33.43,21.91,1,1,0.3306
1059,143,324.91,33.92,37.05,20.84,1,1,1.0
1059,144,158.93,81.07,54.76,52.84,1,1,1.0
1059,145,190.08,73.6,43.67,31.72,1,1,0.5866
1059,146,123.73,453.33,152.47,87.67,1,1,1.0
1059,147,89.39,119.47,67.98,60.3,1,1,1.0
1059,148,445.01,45.01,44.95,24.04,1,1,0.605
1059,149,452.69,57.6,59.03,32.36,1,1,1.0
1059,150,368.43,72.32,64.36,30.23,1,1,0.6368
1059,151,44.37,64.85,36.84,28.73,1,1,1.0
1059,152,92.8,52.48,32.79,26.39,1,1,1.0
1059,153,581.33,60.37,68.42,39.83,1,1,0.4874
1059,154,582.4,77.44,61.37,48.79,1,1,1.0
1059,155,514.13,96.85,69.27,35.35,1,1,1.0
1059,156,50.77,44.16,30.87,24.89,1,1,1.0
1059,157,106.88,32.21,31.29,23.4,1,1,1.0
1059,158,61.23,33.49,22.55,17.85,1,1,0.6355
1059,159,1.0,93.87,24.75,36.41,1,1,1.0
1059,160,1.0,33.92,29.23,22.76,1,1,1.0
1059,161,827.95,179.2,133.05,55.83,1,1,0.6063
1059,162,765.65,196.27,137.75,63.5,1,1,0.3145
1060,136,476.16,305.49,174.01,125.8,1,1,1.0
1060,138,207.79,18.13,24.68,18.28,1,1,1.0
1060,140,316.16,131.63,78.01,49.42,1,1,1.0
1060,142,215.89,31.36,32.15,22.12,1,1,0.3242
1060,143,322.99,33.49,36.62,21.05,1,1,1.0
1060,144,161.07,82.13,55.61,54.12,1,1,1.0
1060,145,192.64,74.67,43.67,32.36,1,1,0.5765
1060,146,132.69,470.4,142.44,70.6,1,1,1.0
1060,147,92.16,121.6,68.63,61.59,1,1,1.0
1060,148,441.17,44.37,44.31,24.25,1,1,0.5806
1060,149,448.21,56.53,58.82,32.15,1,1,1.0
1060,150,365.01,70.83,63.08,30.01,1,1,0.6473
1060,151,45.65,65.49,37.05,28.73,1,1,1.0
1060,152,93.87,52.91,33.42,27.03,1,1,1.0
1060,153,576.0,59.52,67.77,40.68,1,1,0.4816
1060,154,576.0,76.59,60.52,47.29,1,1,1.0
1060,155,507.73,95.36,68.2,34.71,1,1,1.0
1060,156,52.05,45.01,30.87,24.68,1,1,1.0
1060,157,108.37,32.64,31.08,23.4,1,1,1.0
1060,158,62.08,34.35,22.97,17.43,1,1,0.6481
1060,159,1.0,96.0,26.24,36.84,1,1,1.0
1060,160,1.0,34.56,30.08,23.61,1,1,1.0
1060,161,815.57,174.93,127.72,55.62,1,1,0.616
1060,162,751.36,192.0,134.97,60.52,1,1,0.37
1061,136,488.53,313.6,179.14,130.07,1,1,1.0
1061,138,206.93,18.13,24.47,18.07,1,1,1.0
1061,140,321.07,134.4,78.86,49.0,1,1,1.0
1061,142,215.47,30.93,30.86,22.33,1,1,0.3399
1061,143,321.07,33.07,36.2,21.27,1,1,1.0
1061,144,163.2,83.2,56.47,55.4,1,1,1.0
1061,145,195.2,75.73,43.67,33.0,1,1,0.5665
1061,146,139.73,486.4,138.6,54.6,1,1,1.0
1061,147,94.93,123.73,69.27,62.87,1,1,1.0
1061,148,437.33,43.73,43.67,24.47,1,1,0.5559
1061,149,443.73,55.47,58.6,31.93,1,1,1.0
1061,150,361.6,69.33,61.8,29.8,1,1,0.6965
1061,151,46.93,66.13,37.27,28.73,1,1,1.0
1061,152,94.93,53.33,34.07,27.67,1,1,1.0
1061,153,570.67,58.67,67.13,41.53,1,1,0.4858
1061,154,569.6,75.73,59.67,45.8,1,1,1.0
1061,155,501.33,93.87,67.14,34.06,1,1,1.0
1061,156,53.33,45.87,30.87,24.47,1,1,1.0
1061,157,109.87,33.07,30.86,23.4,1,1,1.0
1061,158,62.93,35.2,23.4,17.0,1,1,0.6614
1061,159,1.0,98.13,27.73,37.27,1,1,1.0
1061,160,1.0,35.2,30.93,24.47,1,1,1.0
1061,161,803.2,170.67,132.2,55.4,1,1,0.6541
1061,162,737.07,187.73,132.2,57.54,1,1,0.4309
1062,136,503.47,323.2,186.81,136.47,1,1,1.0
1062,138,205.44,17.92,24.68,18.28,1,1,1.0
1062,140,327.25,137.17,79.94,50.5,1,1,1.0
1062,142,213.33,30.72,31.08,22.12,1,1,0.3436
1062,143,318.93,32.85,36.2,21.48,1,1,1.0
1062,144,165.55,85.12,57.32,55.83,1,1,1.0
1062,145,197.55,77.23,44.52,33.0,1,1,0.5673
1062,147,97.28,126.29,70.97,64.36,1,1,1.0
1062,148,433.92,43.73,43.67,24.04,1,1,0.5505
1062,149,440.53,55.04,57.54,31.93,1,1,1.0
1062,150,358.19,69.12,60.52,29.8,1,1,0.6293
1062,151,48.0,67.2,37.48,28.95,1,1,1.0
1062,152,96.0,54.4,34.28,27.88,1,1,1.0
1062,153,565.76,58.24,66.49,40.68,1,1,0.4905
1062,154,564.27,74.88,58.81,45.37,1,1,1.0
1062,155,495.57,92.8,65.86,33.85,1,1,1.0
1062,156,54.83,46.72,30.87,25.32,1,1,1.0
1062,157,110.93,33.71,31.3,24.04,1,1,1.0
1062,158,63.57,35.63,24.04,18.07,1,1,0.6449
1062,159,1.0,100.27,29.44,38.76,1,1,1.0
1062,160,1.0,36.27,31.79,23.4,1,1,1.0
1062,161,791.47,168.11,129.64,55.18,1,1,0.6675
1062,162,723.41,184.53,129.43,57.75,1,1,0.3264
1063,136,518.4,332.8,194.49,142.87,1,1,1.0
1063,138,203.95,17.71,24.89,18.49,1,1,1.0
1063,140,333.44,139.95,81.0,51.98,1,1,1.0
1063,142,211.2,30.51,31.29,21.91,1,1,0.3589
1063,143,316.8,32.64,36.2,21.69,1,1,1.0
1063,144,167.89,87.04,58.18,56.25,1,1,1.0
1063,145,199.89,78.72,45.38,33.0,1,1,0.5685
1063,147,99.63,128.85,72.68,65.86,1,1,1.0
1063,148,430.51,43.73,43.66,23.61,1,1,0.545
1063,149,437.33,54.61,56.47,31.93,1,1,1.0
1063,150,354.77,68.91,59.24,29.8,1,1,0.6084
1063,151,49.07,68.27,37.69,29.16,1,1,1.0
1063,152,97.07,55.47,34.49,28.09,1,1,1.0
1063,153,560.85,57.81,65.86,39.83,1,1,0.4955
1063,154,558.93,74.03,57.96,44.94,1,1,1.0
1063,155,489.81,91.73,64.58,33.64,1,1,1.0
1063,156,56.32,47.57,30.87,26.17,1,1,1.0
1063,157,112.0,34.35,31.72,24.68,1,1,1.0
1063,158,64.21,36.05,24.68,19.13,1,1,0.6296
1063,159,1.0,102.4,31.15,40.25,1,1,1.0
1063,160,1.0,37.33,32.64,22.33,1,1,1.0
1063,161,779.73,165.55,127.08,54.97,1,1,0.682
1063,162,709.76,181.33,126.65,57.96,1,1,0.294
1064,136,533.33,342.4,202.18,149.27,1,1,1.0
1064,138,202.45,17.49,25.11,18.71,1,1,1.0
1064,140,339.63,142.72,82.06,53.48,1,1,1.0
1064,142,209.07,30.29,31.5,21.69,1,1,0.2848
1064,143,314.67,32.43,36.2,21.91,1,1,1.0
1064,144,170.24,88.96,59.03,56.68,1,1,1.0
1064,145,202.24,80.21,46.23,33.0,1,1,0.5703
1064,147,101.97,131.41,74.39,67.35,1,1,1.0
1064,148,427.09,43.73,43.67,23.19,1,1,0.5394
1064,149,434.13,54.19,55.4,31.93,1,1,1.0
1064,150,351.36,68.69,57.96,29.8,1,1,0.513
1064,151,50.13,69.33,37.91,29.37,1,1,1.0
1064,152,98.13,56.53,34.71,28.31,1,1,1.0
1064,153,555.95,57.39,65.21,38.97,1,1,0.5004
1064,154,553.6,73.17,57.11,44.52,1,1,1.0
1064,155,484.05,90.67,63.3,33.42,1,1,1.0
1064,156,57.81,48.43,30.87,27.03,1,1,1.0
1064,157,113.07,34.99,32.14,25.32,1,1,1.0
1064,158,64.85,36.48,25.32,20.2,1,1,0.6155
1064,159,1.0,104.53,32.85,41.75,1,1,1.0
1064,160,1.0,38.4,33.49,21.27,1,1,1.0
1064,161,768.0,162.99,124.52,54.76,1,1,0.6979
1064,162,696.11,178.13,123.88,58.18,1,1,0.2728
1065,136,548.27,352.0,209.85,155.67,1,1,1.0
1065,138,200.96,17.28,25.32,18.92,1,1,1.0
1065,140,345.81,145.49,83.14,54.98,1,1,1.0
1065,142,206.93,30.08,31.72,21.48,1,1,0.3252
1065,143,312.53,32.21,36.2,22.12,1,1,1.0
1065,144,172.59,90.88,59.88,57.11,1,1,1.0
1065,145,204.59,81.71,47.08,33.0,1,1,0.5724
1065,147,104.32,133.97,76.09,68.84,1,1,1.0
1065,148,423.68,43.73,43.67,22.76,1,1,0.5334
1065,149,430.93,53.76,54.34,31.93,1,1,1.0
1065,150,347.95,68.48,56.68,29.8,1,1,0.4699
1065,151,51.2,70.4,38.12,29.59,1,1,1.0
1065,152,99.2,57.6,34.92,28.52,1,1,1.0
1065,153,551.04,56.96,64.57,38.12,1,1,0.5055
1065,154,548.27,72.32,56.25,44.09,1,1,1.0
1065,155,478.29,89.6,62.02,33.21,1,1,1.0
1065,156,59.31,49.28,30.87,27.88,1,1,1.0
1065,157,114.13,35.63,32.58,25.96,1,1,1.0
1065,158,65.49,36.91,25.96,21.27,1,1,0.6024
1065,159,1.0,106.67,34.56,43.24,1,1,1.0
1065,160,1.0,39.47,34.35,20.2,1,1,1.0
1065,161,756.27,160.43,121.96,54.54,1,1,0.7153
1065,162,682.45,174.93,121.11,58.39,1,1,0.267
1066,136,563.2,361.6,217.53,162.07,1,1,1.0
1066,138,199.47,17.07,25.53,19.13,1,1,1.0
1066,140,352.0,148.27,84.2,56.46,1,1,1.0
1066,142,204.8,29.87,31.93,21.27,1,1,0.3212
1066,143,310.4,32.0,36.2,22.33,1,1,1.0
1066,144,174.93,92.8,60.74,57.53,1,1,1.0
1066,145,206.93,83.2,47.94,33.0,1,1,0.5749
1066,147,106.67,136.53,77.8,70.34,1,1,1.0
1066,148,420.27,43.73,43.66,22.33,1,1,0.5273
1066,149,427.73,53.33,53.27,31.93,1,1,1.0
1066,150,344.53,68.27,55.4,29.8,1,1,0.3937
1066,151,52.27,71.47,38.33,29.8,1,1,1.0
1066,152,100.27,58.67,35.13,28.73,1,1,1.0
1066,153,546.13,56.53,63.94,37.27,1,1,0.5108
1066,154,542.93,71.47,55.4,43.66,1,1,1.0
1066,155,472.53,88.53,60.74,33.0,1,1,1.0
1066,156,60.8,50.13,30.87,28.73,1,1,1.0
1066,157,115.2,36.27,33.0,26.6,1,1,1.0
1066,158,66.13,37.33,26.6,22.33,1,1,0.5902
1066,159,1.0,108.8,36.27,44.73,1,1,1.0
1066,160,1.0,40.53,35.2,19.13,1,1,1.0
1066,161,744.53,157.87,119.4,54.33,1,1,0.7342
1066,162,668.8,171.73,118.33,58.6,1,1,0.252
1066,163,81.07,25.6,24.46,17.0,1,1,1.0
1067,136,582.19,374.61,226.92,159.72,1,1,1.0
1067,138,198.19,17.49,25.32,18.92,1,1,1.0
1067,140,358.19,151.25,86.12,57.96,1,1,1.0
1067,142,203.31,29.87,31.93,21.05,1,1,0.312
1067,143,308.05,31.79,36.42,22.33,1,1,1.0
1067,144,177.49,94.29,61.38,58.18,1,1,1.0
1067,145,210.56,84.91,47.51,33.0,1,1,0.5736
1067,147,109.65,140.16,79.08,70.97,1,1,1.0
1067,148,417.49,43.09,43.46,23.19,1,1,0.5026
1067,149,423.47,52.91,53.26,31.72,1,1,1.0
1067,150,340.69,67.2,55.19,30.01,1,1,0.4426
1067,151,53.12,72.96,38.12,30.01,1,1,1.0
1067,152,101.76,59.95,35.35,28.73,1,1,1.0
1067,153,541.44,56.11,63.29,37.05,1,1,0.5104
1067,154,537.6,70.61,54.76,43.88,1,1,1.0
1067,155,467.63,87.47,59.45,32.78,1,1,1.0
1067,156,61.87,51.2,31.29,28.31,1,1,1.0
1067,157,116.69,37.12,32.58,26.6,1,1,1.0
1067,158,67.2,38.19,26.17,21.69,1,1,0.6031
1067,159,1.0,111.79,37.97,44.73,1,1,1.0
1067,160,12.16,40.53,24.68,20.2,1,1,1.0
1067,161,734.93,155.95,116.42,52.84,1,1,0.7408
1067,162,657.71,168.75,117.05,56.04,1,1,0.2383
1067,163,82.56,26.24,23.83,17.21,1,1,1.0
1068,136,601.17,387.63,236.31,153.37,1,1,1.0
1068,138,196.91,17.92,25.1,18.71,1,1,1.0
1068,140,364.37,154.24,88.04,59.45,1,1,1.0
1068,142,201.81,29.87,31.94,20.84,1,1,0.2219
1068,143,305.71,31.57,36.62,22.33,1,1,1.0
1068,144,180.05,95.79,62.02,58.81,1,1,1.0
1068,145,214.19,86.61,47.08,33.0,1,1,0.5725
1068,147,112.64,143.79,80.36,71.61,1,1,1.0
1068,148,414.72,42.45,43.24,24.04,1,1,0.4775
1068,149,419.2,52.48,53.27,31.51,1,1,1.0
1068,150,336.85,66.13,54.98,30.23,1,1,0.4053
1068,151,53.97,74.45,37.91,30.23,1,1,1.0
1068,152,103.25,61.23,35.56,28.73,1,1,1.0
1068,153,536.75,55.68,62.65,36.84,1,1,0.5105
1068,154,532.27,69.76,54.12,44.09,1,1,1.0
1068,155,462.72,86.4,58.17,32.57,1,1,1.0
1068,156,62.93,52.27,31.72,27.88,1,1,1.0
1068,157,118.19,37.97,32.14,26.6,1,1,1.0
1068,158,68.27,39.04,25.75,21.05,1,1,0.6283
1068,159,1.0,114.77,39.68,44.74,1,1,1.0
1068,160,12.59,40.53,24.89,21.27,1,1,1.0
1068,161,725.33,154.03,113.43,51.34,1,1,0.7479
1068,162,646.61,165.76,115.78,53.48,1,1,0.2334
1068,163,84.05,26.88,23.19,17.43,1,1,1.0
1069,136,620.16,400.64,245.69,140.36,1,1,1.0
1069,138,195.63,18.35,24.89,18.49,1,1,1.0
1069,140,370.56,157.23,89.96,60.94,1,1,1.0
1069,142,200.32,29.87,31.93,20.63,1,1,0.2004
1069,143,303.36,31.36,36.84,22.33,1,1,1.0
1069,144,182.61,97.28,62.66,59.45,1,1,1.0
1069,145,217.81,88.32,46.66,33.0,1,1,0.5713
1069,147,115.63,147.41,81.64,72.26,1,1,1.0
1069,148,411.95,41.81,43.02,24.89,1,1,0.4521
1069,149,414.93,52.05,53.27,31.29,1,1,1.0
1069,150,333.01,65.07,54.76,30.44,1,1,0.4516
1069,151,54.83,75.95,37.69,30.44,1,1,1.0
1069,152,104.75,62.51,35.77,28.73,1,1,1.0
1069,153,532.05,55.25,62.02,36.63,1,1,0.5109
1069,154,526.93,68.91,53.48,44.3,1,1,1.0
1069,155,457.81,85.33,56.9,32.36,1,1,1.0
1069,156,64.0,53.33,32.15,27.45,1,1,1.0
1069,157,119.68,38.83,31.72,26.6,1,1,1.0
1069,158,69.33,39.89,25.32,20.41,1,1,0.6584
1069,159,1.0,117.76,41.39,44.73,1,1,1.0
1069,160,13.01,40.53,25.11,22.33,1,1,1.0
1069,161,715.73,152.11,110.44,49.85,1,1,0.756
1069,162,635.52,162.77,114.49,50.92,1,1,0.2373
1069,163,85.55,27.52,22.54,17.64,1,1,1.0
1070,136,639.15,413.65,255.08,127.35,1,1,1.0
1070,138,194.35,18.77,24.68,18.28,1,1,0.6783
1070,140,376.75,160.21,91.88,62.44,1,1,1.0
1070,142,198.83,29.87,31.93,20.41,1,1,0.2317
1070,143,301.01,31.15,37.06,22.33,1,1,1.0
1070,144,185.17,98.77,63.3,60.1,1,1,1.0
1070,145,221.44,90.03,46.23,33.0,1,1,0.5703
1070,147,118.61,151.04,82.92,72.89,1,1,1.0
1070,148,409.17,41.17,42.82,25.75,1,1,0.4268
1070,149,410.67,51.63,53.26,31.08,1,1,1.0
1070,150,329.17,64.0,54.55,30.65,1,1,0.4088
1070,151,55.68,77.44,37.48,30.65,1,1,1.0
1070,152,106.24,63.79,35.99,28.73,1,1,1.0
1070,153,527.36,54.83,61.37,36.41,1,1,0.5115
1070,154,521.6,68.05,52.84,44.52,1,1,1.0
1070,155,452.91,84.27,55.61,32.14,1,1,1.0
1070,156,65.07,54.4,32.57,27.03,1,1,1.0
1070,157,121.17,39.68,31.3,26.6,1,1,1.0
1070,158,70.4,40.75,24.89,19.77,1,1,0.6905
1070,159,1.0,120.75,43.09,44.73,1,1,1.0
1070,160,13.44,40.53,25.32,23.4,1,1,1.0
1070,161,706.13,150.19,107.46,48.36,1,1,0.765
1070,162,624.43,159.79,113.21,48.36,1,1,0.2567
1070,163,87.04,28.16,21.91,17.85,1,1,1.0
1071,136,658.13,426.67,264.47,114.33,1,1,1.0
1071,138,193.07,19.2,24.46,18.07,1,1,0.6617
1071,140,382.93,163.2,93.8,63.93,1,1,1.0
1071,142,197.33,29.87,31.94,20.2,1,1,0.228
1071,143,298.67,30.93,37.26,22.33,1,1,1.0
1071,144,187.73,100.27,63.94,60.73,1,1,1.0
1071,145,225.07,91.73,45.8,33.0,1,1,0.5695
1071,147,121.6,154.67,84.2,73.53,1,1,1.0
1071,148,406.4,40.53,42.6,26.6,1,1,0.401
1071,149,406.4,51.2,53.27,30.87,1,1,1.0
1071,150,325.33,62.93,54.34,30.87,1,1,0.4376
1071,151,56.53,78.93,37.27,30.87,1,1,1.0
1071,152,107.73,65.07,36.2,28.73,1,1,1.0
1071,153,522.67,54.4,60.73,36.2,1,1,0.5125
1071,154,516.27,67.2,52.2,44.73,1,1,1.0
1071,155,448.0,83.2,54.33,31.93,1,1,1.0
1071,156,66.13,55.47,33.0,26.6,1,1,1.0
1071,157,122.67,40.53,30.86,26.6,1,1,1.0
1071,158,71.47,41.6,24.47,19.13,1,1,0.7248
1071,159,1.0,123.73,44.8,44.74,1,1,1.0
1071,160,13.87,40.53,25.53,24.47,1,1,1.0
1071,161,696.53,148.27,104.47,46.86,1,1,0.775
1071,162,613.33,156.8,111.94,45.8,1,1,0.2914
1071,163,88.53,28.8,21.27,18.07,1,1,1.0
1072,138,191.79,19.2,24.46,17.64,1,1,0.6805
1072,140,390.19,166.4,96.14,65.64,1,1,1.0
1072,142,196.48,29.87,30.87,19.77,1,1,0.25
1072,143,296.96,30.93,36.41,21.48,1,1,1.0
1072,144,190.93,102.61,64.15,61.16,1,1,1.0
1072,145,227.63,93.65,47.29,33.43,1,1,0.5751
1072,147,124.8,158.08,85.69,75.45,1,1,1.0
1072,148,403.41,40.53,41.96,25.11,1,1,0.4025
1072,149,403.63,50.56,52.2,31.29,1,1,1.0
1072,150,322.13,62.29,53.7,30.44,1,1,0.3846
1072,151,57.6,80.0,37.48,31.29,1,1,1.0
1072,152,109.01,66.13,36.42,29.16,1,1,1.0
1072,153,518.19,53.97,60.09,35.56,1,1,0.5303
1072,154,511.36,66.99,51.35,43.45,1,1,1.0
1072,155,442.45,81.92,54.76,31.29,1,1,1.0
1072,156,67.2,56.53,33.43,27.45,1,1,1.0
1072,157,123.95,41.39,31.5,27.03,1,1,1.0
1072,158,71.89,42.03,25.11,19.35,1,1,0.7498
1072,159,1.0,126.93,46.72,46.44,1,1,1.0
1072,160,14.29,41.81,25.53,23.83,1,1,1.0
1072,161,687.57,145.92,103.19,46.87,1,1,0.7942
1072,162,604.8,154.45,108.73,45.59,1,1,0.2652
1072,163,88.96,29.01,21.91,18.28,1,1,1.0
1073,138,190.51,19.2,24.46,17.21,1,1,0.6993
1073,140,397.44,169.6,98.49,67.35,1,1,1.0
1073,142,195.63,29.87,29.8,19.35,1,1,0.2455
1073,143,295.25,30.93,35.56,20.63,1,1,1.0
1073,144,194.13,104.96,64.36,61.59,1,1,1.0
1073,145,230.19,95.57,48.78,33.86,1,1,0.5807
1073,147,128.0,161.49,87.19,77.38,1,1,1.0
1073,148,400.43,40.53,41.32,23.61,1,1,0.4036
1073,149,400.85,49.92,51.14,31.72,1,1,1.0
1073,150,318.93,61.65,53.06,30.01,1,1,0.445
1073,151,58.67,81.07,37.69,31.72,1,1,1.0
1073,152,110.29,67.2,36.63,29.59,1,1,1.0
1073,153,513.71,53.55,59.45,34.92,1,1,0.5481
1073,154,506.45,66.77,50.5,42.18,1,1,1.0
1073,155,436.91,80.64,55.18,30.65,1,1,1.0
1073,156,68.27,57.6,33.85,28.31,1,1,1.0
1073,157,125.23,42.24,32.14,27.45,1,1,1.0
1073,158,72.32,42.45,25.75,19.56,1,1,0.7744
1073,159,1.0,130.13,48.64,48.15,1,1,1.0
1073,160,14.72,43.09,25.53,23.19,1,1,1.0
1073,161,678.61,143.57,101.91,46.87,1,1,0.8139
1073,162,596.27,152.11,105.53,45.37,1,1,0.2782
1073,163,89.39,29.23,22.54,18.49,1,1,1.0
1074,138,189.23,19.2,24.46,16.79,1,1,0.718
1074,140,404.69,172.8,100.84,69.05,1,1,1.0
1074,142,194.77,29.87,28.74,18.92,1,1,0.2658
1074,143,293.55,30.93,34.7,19.77,1,1,1.0
1074,144,197.33,107.31,64.58,62.01,1,1,1.0
1074,145,232.75,97.49,50.28,34.28,1,1,0.5861
1074,147,131.2,164.91,88.68,79.29,1,1,1.0
1074,148,397.44,40.53,40.68,22.12,1,1,0.4049
1074,149,398.08,49.28,50.07,32.15,1,1,1.0
1074,150,315.73,61.01,52.42,29.59,1,1,0.4418
1074,151,59.73,82.13,37.91,32.15,1,1,1.0
1074,152,111.57,68.27,36.84,30.01,1,1,1.0
1074,153,509.23,53.12,58.81,34.28,1,1,0.5662
1074,154,501.55,66.56,49.64,40.89,1,1,1.0
1074,155,431.36,79.36,55.61,30.01,1,1,1.0
1074,156,69.33,58.67,34.28,29.16,1,1,1.0
1074,157,126.51,43.09,32.78,27.88,1,1,1.0
1074,158,72.75,42.88,26.39,19.77,1,1,0.7984
1074,159,1.0,133.33,50.56,49.86,1,1,1.0
1074,160,15.15,44.37,25.53,22.55,1,1,1.0
1074,161,669.65,141.23,100.63,46.86,1,1,0.834
1074,162,587.73,149.76,102.34,45.16,1,1,0.273
1074,163,89.81,29.44,23.19,18.71,1,1,1.0
1075,138,187.95,19.2,24.46,16.36,1,1,0.7369
1075,140,411.95,176.0,103.18,70.76,1,1,1.0
1075,142,193.92,29.87,27.67,18.49,1,1,0.2423
1075,143,291.84,30.93,33.85,18.92,1,1,1.0
1075,144,200.53,109.65,64.79,62.44,1,1,1.0
1075,145,235.31,99.41,51.77,34.71,1,1,0.5913
1075,147,134.4,168.32,90.17,81.21,1,1,1.0
1075,148,394.45,40.53,40.04,20.63,1,1,0.4061
1075,149,395.31,48.64,49.0,32.57,1,1,1.0
1075,150,312.53,60.37,51.78,29.16,1,1,0.417
1075,151,60.8,83.2,38.12,32.57,1,1,1.0
1075,152,112.85,69.33,37.06,30.44,1,1,1.0
1075,153,504.75,52.69,58.17,33.64,1,1,0.5845
1075,154,496.64,66.35,48.79,39.61,1,1,1.0
1075,155,425.81,78.08,56.04,29.37,1,1,1.0
1075,156,70.4,59.73,34.71,30.01,1,1,1.0
1075,157,127.79,43.95,33.42,28.31,1,1,1.0
1075,158,73.17,43.31,27.03,19.99,1,1,0.8219
1075,159,1.0,136.53,52.48,51.56,1,1,1.0
1075,160,15.57,45.65,25.53,21.91,1,1,1.0
1075,161,660.69,138.88,99.35,46.87,1,1,0.8548
1075,162,579.2,147.41,99.13,44.95,1,1,0.2418
1075,163,90.24,29.65,23.83,18.92,1,1,1.0
1076,138,186.67,19.2,24.46,15.93,1,1,0.756
1076,140,419.2,179.2,105.53,72.47,1,1,1.0
1076,142,193.07,29.87,26.6,18.07,1,1,0.2752
1076,143,290.13,30.93,33.0,18.07,1,1,1.0
1076,144,203.73,112.0,65.0,62.87,1,1,1.0
1076,145,237.87,101.33,53.26,35.14,1,1,0.5965
1076,147,137.6,171.73,91.67,83.14,1,1,1.0
1076,148,391.47,40.53,39.4,19.13,1,1,0.4067
1076,149,392.53,48.0,47.94,33.0,1,1,1.0
1076,150,309.33,59.73,51.14,28.73,1,1,0.4344
1076,151,61.87,84.27,38.33,33.0,1,1,1.0
1076,152,114.13,70.4,37.27,30.87,1,1,1.0
1076,153,500.27,52.27,57.53,33.0,1,1,0.6029
1076,154,491.73,66.13,47.94,38.34,1,1,1.0
1076,155,420.27,76.8,56.46,28.73,1,1,1.0
1076,156,71.47,60.8,35.13,30.87,1,1,1.0
1076,157,129.07,44.8,34.06,28.73,1,1,1.0
1076,158,73.6,43.73,27.67,20.2,1,1,0.8449
1076,159,1.0,139.73,54.4,53.27,1,1,1.0
1076,160,16.0,46.93,25.53,21.27,1,1,1.0
1076,161,651.73,136.53,98.07,46.87,1,1,0.876
1076,162,570.67,145.07,95.93,44.73,1,1,0.2444
1076,163,90.67,29.87,24.46,19.13,1,1,1.0
1076,164,1.0,38.4,16.0,20.2,1,1,1.0
1077,140,428.16,183.47,107.88,73.96,1,1,1.0
1077,142,190.72,29.01,27.24,18.28,1,1,0.2888
1077,143,288.64,30.29,32.57,18.07,1,1,1.0
1077,144,206.29,113.71,67.35,64.14,1,1,1.0
1077,145,241.28,102.61,53.48,36.2,1,1,0.5805
1077,147,142.08,175.36,93.59,84.84,1,1,1.0
1077,148,389.12,39.89,38.76,18.92,1,1,0.4014
1077,149,389.55,47.36,47.29,31.93,1,1,1.0
1077,150,306.77,58.88,50.28,28.52,1,1,0.4874
1077,151,62.72,85.12,39.19,33.21,1,1,1.0
1077,152,115.63,71.47,37.48,31.08,1,1,1.0
1077,153,496.64,51.2,56.47,33.64,1,1,0.6011
1077,154,487.04,64.85,47.51,38.34,1,1,1.0
1077,155,415.79,75.52,55.61,28.95,1,1,1.0
1077,156,72.96,61.44,35.13,30.87,1,1,1.0
1077,157,130.35,45.65,34.28,28.31,1,1,1.0
1077,158,74.67,44.16,27.66,20.41,1,1,0.8465
1077,159,1.0,143.36,56.96,53.48,1,1,1.0
1077,160,16.0,47.15,25.96,21.91,1,1,1.0
1077,161,644.27,134.61,95.93,45.8,1,1,0.892
1077,162,564.05,142.51,92.74,43.66,1,1,0.2632
1077,163,91.52,30.29,24.68,19.77,1,1,1.0
1077,164,1.0,38.83,15.79,20.2,1,1,1.0
1078,140,437.12,187.73,110.23,75.46,1,1,1.0
1078,142,188.37,28.16,27.88,18.49,1,1,0.3158
1078,143,287.15,29.65,32.14,18.07,1,1,1.0
1078,144,208.85,115.41,69.7,65.43,1,1,1.0
1078,145,244.69,103.89,53.7,37.27,1,1,0.5644
1078,147,146.56,178.99,95.51,86.54,1,1,1.0
1078,148,386.77,39.25,38.12,18.71,1,1,0.3992
1078,149,386.56,46.72,46.65,30.87,1,1,1.0
1078,150,304.21,58.03,49.43,28.31,1,1,0.4305
1078,151,63.57,85.97,40.04,33.43,1,1,1.0
1078,152,117.12,72.53,37.69,31.3,1,1,1.0
1078,153,493.01,50.13,55.4,34.28,1,1,0.6003
1078,154,482.35,63.57,47.08,38.34,1,1,1.0
1078,155,411.31,74.24,54.76,29.16,1,1,1.0
1078,156,74.45,62.08,35.14,30.87,1,1,1.0
1078,157,131.63,46.51,34.49,27.88,1,1,1.0
1078,158,75.73,44.59,27.67,20.63,1,1,0.8481
1078,159,1.0,146.99,59.52,53.69,1,1,1.0
1078,160,16.0,47.36,26.39,22.55,1,1,1.0
1078,161,636.8,132.69,93.8,44.74,1,1,0.9092
1078,162,557.44,139.95,89.53,42.6,1,1,0.2873
1078,163,92.37,30.72,24.9,20.41,1,1,1.0
1078,164,1.0,39.25,15.57,20.2,1,1,1.0
1079,140,446.08,192.0,112.57,76.95,1,1,1.0
1079,142,186.03,27.31,28.52,18.71,1,1,0.2509
1079,143,285.65,29.01,31.72,18.07,1,1,1.0
1079,144,211.41,117.12,72.04,66.71,1,1,1.0
1079,145,248.11,105.17,53.9,38.34,1,1,0.5487
1079,147,151.04,182.61,97.43,88.26,1,1,1.0
1079,148,384.43,38.61,37.48,18.49,1,1,0.4038
1079,149,383.57,46.08,46.02,29.8,1,1,1.0
1079,150,301.65,57.17,48.58,28.09,1,1,0.4834
1079,151,64.43,86.83,40.89,33.64,1,1,1.0
1079,152,118.61,73.6,37.91,31.51,1,1,1.0
1079,153,489.39,49.07,54.33,34.92,1,1,0.6007
1079,154,477.65,62.29,46.66,38.33,1,1,1.0
1079,155,406.83,72.96,53.9,29.37,1,1,1.0
1079,156,75.95,62.72,35.13,30.87,1,1,1.0
1079,157,132.91,47.36,34.7,27.45,1,1,1.0
1079,158,76.8,45.01,27.67,20.84,1,1,0.8497
1079,159,1.0,150.61,62.08,53.91,1,1,1.0
1079,160,16.0,47.57,26.81,23.19,1,1,1.0
1079,161,629.33,130.77,91.67,43.67,1,1,0.9275
1079,162,550.83,137.39,86.33,41.53,1,1,0.3144
1079,163,93.23,31.15,25.1,21.05,1,1,1.0
1079,164,1.0,39.68,15.36,20.2,1,1,1.0
1080,140,455.04,196.27,114.92,78.44,1,1,1.0
1080,142,183.68,26.45,29.16,18.92,1,1,0.3204
1080,143,284.16,28.37,31.29,18.07,1,1,1.0
1080,144,213.97,118.83,74.39,67.98,1,1,1.0
1080,145,251.52,106.45,54.12,39.4,1,1,0.5332
1080,147,155.52,186.24,99.35,89.96,1,1,1.0
1080,148,382.08,37.97,36.84,18.28,1,1,0.4085
1080,149,380.59,45.44,45.37,28.73,1,1,1.0
1080,150,299.09,56.32,47.72,27.88,1,1,0.5004
1080,151,65.28,87.68,41.75,33.85,1,1,1.0
1080,152,120.11,74.67,38.12,31.72,1,1,1.0
1080,153,485.76,48.0,53.27,35.56,1,1,0.6021
1080,154,472.96,61.01,46.23,38.33,1,1,1.0
1080,155,402.35,71.68,53.05,29.59,1,1,1.0
1080,156,77.44,63.36,35.13,30.87,1,1,1.0
1080,157,134.19,48.21,34.92,27.03,1,1,1.0
1080,158,77.87,45.44,27.66,21.05,1,1,0.8512
1080,159,1.0,154.24,64.64,54.12,1,1,1.0
1080,160,16.0,47.79,27.24,23.83,1,1,1.0
1080,161,621.87,128.85,89.53,42.6,1,1,0.9474
1080,162,544.21,134.83,83.14,40.46,1,1,0.3355
1080,163,94.08,31.57,25.32,21.69,1,1,1.0
1080,164,1.0,40.11,15.15,20.2,1,1,1.0
1081,140,464.0,200.53,117.27,79.94,1,1,1.0
1081,142,181.33,25.6,29.8,19.13,1,1,0.3524
1081,143,282.67,27.73,30.86,18.07,1,1,1.0
1081,144,216.53,120.53,76.74,69.27,1,1,1.0
1081,145,254.93,107.73,54.34,40.47,1,1,0.5176
1081,147,160.0,189.87,101.27,91.66,1,1,1.0
1081,148,379.73,37.33,36.2,18.07,1,1,0.4133
1081,149,377.6,44.8,44.73,27.67,1,1,1.0
1081,150,296.53,55.47,46.87,27.67,1,1,0.4856
1081,151,66.13,88.53,42.6,34.07,1,1,1.0
1081,152,121.6,75.73,38.33,31.94,1,1,1.0
1081,153,482.13,46.93,52.2,36.2,1,1,0.6045
1081,154,468.27,59.73,45.8,38.33,1,1,1.0
1081,155,397.87,70.4,52.2,29.8,1,1,1.0
1081,156,78.93,64.0,35.14,30.87,1,1,1.0
1081,157,135.47,49.07,35.13,26.6,1,1,1.0
1081,158,78.93,45.87,27.67,21.27,1,1,0.8527
1081,159,1.0,157.87,67.2,54.33,1,1,1.0
1081,160,16.0,48.0,27.67,24.47,1,1,1.0
1081,161,614.4,126.93,87.4,41.54,1,1,0.9688
1081,162,537.6,132.27,79.93,39.4,1,1,0.3729
1081,163,94.93,32.0,25.54,22.33,1,1,1.0
1081,164,1.0,40.53,14.93,20.2,1,1,1.0
1081,165,811.73,181.33,129.0,66.07,1,1,0.9375
1082,140,473.81,205.87,121.96,81.21,1,1,1.0
1082,142,180.05,25.17,29.38,18.71,1,1,0.3742
1082,143,280.75,27.31,31.08,18.28,1,1,1.0
1082,144,220.59,122.03,77.58,70.33,1,1,1.0
1082,145,258.13,109.44,56.26,40.47,1,1,0.5097
1082,147,164.27,193.28,104.04,94.44,1,1,1.0
1082,148,377.17,36.91,35.99,17.64,1,1,0.4354
1082,149,374.4,44.59,44.52,26.81,1,1,1.0
1082,150,293.55,54.4,46.22,27.03,1,1,0.5733
1082,151,67.41,89.17,42.82,34.07,1,1,1.0
1082,152,123.52,76.16,38.76,32.15,1,1,1.0
1082,153,478.51,46.29,51.77,36.2,1,1,0.6058
1082,154,464.43,58.88,45.37,38.12,1,1,1.0
1082,155,394.45,69.55,51.14,28.73,1,1,1.0
1082,156,80.43,64.0,35.13,31.51,1,1,1.0
1082,157,137.17,49.28,35.56,27.24,1,1,1.0
1082,158,80.0,46.08,27.45,21.27,1,1,1.0
1082,159,1.0,161.49,69.97,56.9,1,1,1.0
1082,160,17.07,48.43,27.45,24.68,1,1,1.0
1082,161,607.36,125.01,86.33,41.32,1,1,0.9877
1082,162,530.13,130.13,78.44,38.98,1,1,0.3586
1082,163,96.21,32.64,25.75,21.27,1,1,1.0
1082,164,1.0,40.53,15.15,21.05,1,1,1.0
1082,165,798.08,177.71,127.08,65.21,1,1,0.9331
1083,140,483.63,211.2,126.65,82.49,1,1,1.0
1083,142,178.77,24.75,28.95,18.28,1,1,0.3367
1083,143,278.83,26.88,31.29,18.49,1,1,1.0
1083,144,224.64,123.52,78.44,71.4,1,1,1.0
1083,145,261.33,111.15,58.18,40.46,1,1,0.5018
1083,147,168.53,196.69,106.82,97.22,1,1,1.0
1083,148,374.61,36.48,35.78,17.21,1,1,0.4585
1083,149,371.2,44.37,44.31,25.96,1,1,1.0
1083,150,290.56,53.33,45.59,26.39,1,1,0.5414
1083,151,68.69,89.81,43.03,34.07,1,1,1.0
1083,152,125.44,76.59,39.19,32.36,1,1,1.0
1083,153,474.88,45.65,51.35,36.2,1,1,0.6071
1083,154,460.59,58.03,44.94,37.91,1,1,1.0
1083,155,391.04,68.69,50.07,27.67,1,1,1.0
1083,156,81.92,64.0,35.13,32.15,1,1,1.0
1083,157,138.88,49.49,35.99,27.88,1,1,1.0
1083,158,81.07,46.29,27.24,21.27,1,1,1.0
1083,159,1.0,165.12,72.75,59.45,1,1,1.0
1083,160,18.13,48.85,27.24,24.89,1,1,1.0
1083,161,600.32,123.09,85.27,41.11,1,1,1.0
1083,162,522.67,128.0,76.94,38.55,1,1,0.3167
1083,163,97.49,33.28,25.96,20.2,1,1,1.0
1083,164,1.0,40.53,15.36,21.91,1,1,1.0
1083,165,784.43,174.08,125.16,64.36,1,1,0.8968
1084,140,493.44,216.53,131.35,83.78,1,1,1.0
1084,142,177.49,24.32,28.52,17.85,1,1,0.3303
1084,143,276.91,26.45,31.5,18.71,1,1,1.0
1084,144,228.69,125.01,79.3,72.47,1,1,1.0
1084,145,264.53,112.85,60.1,40.47,1,1,0.4941
1084,147,172.8,200.11,109.59,99.98,1,1,1.0
1084,148,372.05,36.05,35.56,16.79,1,1,0.4829
1084,149,368.0,44.16,44.09,25.11,1,1,0.9685
1084,150,287.57,52.27,44.95,25.75,1,1,0.4609
1084,151,69.97,90.45,43.24,34.07,1,1,1.0
1084,152,127.36,77.01,39.61,32.58,1,1,1.0
1084,153,471.25,45.01,50.92,36.2,1,1,0.6085
1084,154,456.75,57.17,44.52,37.69,1,1,1.0
1084,155,387.63,67.84,49.0,26.6,1,1,1.0
1084,156,83.41,64.0,35.14,32.79,1,1,1.0
1084,157,140.59,49.71,36.41,28.52,1,1,1.0
1084,158,82.13,46.51,27.03,21.27,1,1,1.0
1084,159,1.0,168.75,75.52,62.01,1,1,1.0
1084,160,19.2,49.28,27.03,25.11,1,1,1.0
1084,161,593.28,121.17,84.2,40.9,1,1,1.0
1084,162,515.2,125.87,75.45,38.12,1,1,0.3254
1084,163,98.77,33.92,26.18,19.13,1,1,1.0
1084,164,1.0,40.53,15.57,22.76,1,1,1.0
1084,165,770.77,170.45,123.24,63.51,1,1,0.9126
1085,140,503.25,221.87,136.04,85.05,1,1,1.0
1085,142,176.21,23.89,28.1,17.43,1,1,0.3688
1085,143,274.99,26.03,31.72,18.92,1,1,1.0
1085,144,232.75,126.51,80.14,73.53,1,1,1.0
1085,145,267.73,114.56,62.02,40.47,1,1,0.4869
1085,147,177.07,203.52,112.36,102.76,1,1,1.0
1085,148,369.49,35.63,35.35,16.36,1,1,0.5086
1085,149,364.8,43.95,43.88,24.25,1,1,0.9721
1085,150,284.59,51.2,44.3,25.11,1,1,0.5307
1085,151,71.25,91.09,43.46,34.07,1,1,1.0
1085,152,129.28,77.44,40.04,32.79,1,1,1.0
1085,153,467.63,44.37,50.49,36.2,1,1,0.6103
1085,154,452.91,56.32,44.09,37.48,1,1,1.0
1085,155,384.21,66.99,47.94,25.53,1,1,1.0
1085,156,84.91,64.0,35.13,33.43,1,1,1.0
1085,157,142.29,49.92,36.84,29.16,1,1,1.0
1085,158,83.2,46.72,26.81,21.27,1,1,1.0
1085,159,13.44,172.37,65.85,64.58,1,1,1.0
1085,160,20.27,49.71,26.81,25.32,1,1,1.0
1085,161,586.24,119.25,83.13,40.68,1,1,1.0
1085,162,507.73,123.73,73.96,37.7,1,1,0.2931
1085,163,100.05,34.56,26.39,18.07,1,1,1.0
1085,164,1.0,40.53,15.79,23.61,1,1,1.0
1085,165,757.12,166.83,121.32,62.65,1,1,0.9112
1086,140,513.07,227.2,140.73,86.33,1,1,1.0
1086,142,174.93,23.47,27.67,17.0,1,1,0.295
1086,143,273.07,25.6,31.93,19.13,1,1,1.0
1086,144,236.8,128.0,81.0,74.6,1,1,1.0
1086,145,270.93,116.27,63.94,40.46,1,1,0.4795
1086,147,181.33,206.93,115.14,105.54,1,1,1.0
1086,148,366.93,35.2,35.14,15.93,1,1,0.5356
1086,149,361.6,43.73,43.67,23.4,1,1,1.0
1086,150,281.6,50.13,43.67,24.47,1,1,0.5401
1086,151,72.53,91.73,43.67,34.07,1,1,1.0
1086,152,131.2,77.87,40.47,33.0,1,1,1.0
1086,153,464.0,43.73,50.07,36.2,1,1,0.6122
1086,154,449.07,55.47,43.66,37.27,1,1,1.0
1086,155,380.8,66.13,46.87,24.47,1,1,1.0
1086,156,86.4,64.0,35.13,34.07,1,1,1.0
1086,157,144.0,50.13,37.27,29.8,1,1,1.0
1086,158,84.27,46.93,26.6,21.27,1,1,1.0
1086,159,14.93,176.0,67.13,67.13,1,1,1.0
1086,160,21.33,50.13,26.6,25.53,1,1,1.0
1086,161,579.2,117.33,82.07,40.47,1,1,1.0
1086,162,500.27,121.6,72.46,37.27,1,1,0.279
1086,163,101.33,35.2,26.6,17.0,1,1,1.0
1086,164,1.0,40.53,16.0,24.47,1,1,1.0
1086,165,743.47,163.2,119.4,61.8,1,1,0.9045
1087,140,525.87,232.32,144.57,89.53,1,1,1.0
1087,142,173.65,23.04,27.88,17.21,1,1,0.3106
1087,143,271.57,25.39,31.51,18.92,1,1,1.0
1087,144,241.28,130.35,83.13,75.45,1,1,1.0
1087,145,274.99,117.76,65.0,41.96,1,1,0.4678
1087,147,187.52,212.69,118.33,108.74,1,1,1.0
1087,148,365.01,34.35,34.71,16.36,1,1,0.5216
1087,149,359.04,42.88,43.45,23.61,1,1,0.9547
1087,150,279.68,49.28,43.45,24.89,1,1,0.5161
1087,151,73.39,92.59,44.73,34.49,1,1,1.0
1087,152,133.33,79.15,40.9,33.42,1,1,1.0
1087,153,460.37,42.88,49.64,35.56,1,1,0.6207
1087,154,445.01,54.61,43.46,36.41,1,1,1.0
1087,155,377.39,64.64,46.01,25.32,1,1,1.0
1087,156,87.89,64.85,36.2,33.85,1,1,1.0
1087,157,145.92,50.77,37.27,29.8,1,1,1.0
1087,158,85.55,47.36,27.02,21.69,1,1,1.0
1087,159,16.85,181.12,69.48,69.27,1,1,1.0
1087,160,21.76,50.77,27.24,25.32,1,1,1.0
1087,161,573.23,115.63,80.36,39.82,1,1,1.0
1087,162,493.44,119.68,72.04,36.63,1,1,0.2921
1087,163,102.83,35.41,26.81,17.85,1,1,1.0
1087,164,1.0,41.39,16.0,24.04,1,1,1.0
1087,165,731.52,160.0,117.48,60.73,1,1,0.8804
1088,140,538.67,237.44,148.41,92.73,1,1,1.0
1088,142,172.37,22.61,28.1,17.43,1,1,0.1944
1088,143,270.08,25.17,31.08,18.71,1,1,1.0
1088,144,245.76,132.69,85.27,76.31,1,1,1.0
1088,145,279.04,119.25,66.07,43.46,1,1,0.4565
1088,147,193.71,218.45,121.53,111.94,1,1,1.0
1088,148,363.09,33.49,34.28,16.79,1,1,0.5084
1088,149,356.48,42.03,43.24,23.83,1,1,0.9324
1088,150,277.76,48.43,43.24,25.32,1,1,0.5132
1088,151,74.24,93.44,45.8,34.92,1,1,1.0
1088,152,135.47,80.43,41.32,33.85,1,1,1.0
1088,153,456.75,42.03,49.21,34.92,1,1,0.6296
1088,154,440.96,53.76,43.24,35.56,1,1,1.0
1088,155,373.97,63.15,45.16,26.17,1,1,1.0
1088,156,89.39,65.71,37.26,33.64,1,1,1.0
1088,157,147.84,51.41,37.27,29.8,1,1,1.0
1088,158,86.83,47.79,27.45,22.12,1,1,1.0
1088,159,18.77,186.24,71.83,71.4,1,1,1.0
1088,160,22.19,51.41,27.88,25.11,1,1,1.0
1088,161,567.25,113.92,78.66,39.19,1,1,1.0
1088,162,486.61,117.76,71.62,35.99,1,1,0.2498
1088,163,104.32,35.63,27.03,18.71,1,1,1.0
1088,164,1.0,42.24,16.0,23.61,1,1,1.0
1088,165,719.57,156.8,115.56,59.67,1,1,0.8782
1089,140,551.47,242.56,152.25,95.93,1,1,1.0
1089,142,171.09,22.19,28.31,17.64,1,1,0.2524
1089,143,268.59,24.96,30.65,18.49,1,1,1.0
1089,144,250.24,135.04,87.4,77.16,1,1,1.0
1089,145,283.09,120.75,67.14,44.94,1,1,0.4459
1089,147,199.89,224.21,124.74,115.14,1,1,1.0
1089,148,361.17,32.64,33.86,17.21,1,1,0.4957
1089,149,353.92,41.17,43.03,24.04,1,1,0.9092
1089,150,275.84,47.57,43.03,25.75,1,1,0.497
1089,151,75.09,94.29,46.87,35.35,1,1,1.0
1089,152,137.6,81.71,41.75,34.28,1,1,1.0
1089,153,453.12,41.17,48.79,34.28,1,1,0.6386
1089,154,436.91,52.91,43.02,34.71,1,1,1.0
1089,155,370.56,61.65,44.31,27.03,1,1,1.0
1089,156,90.88,66.56,38.33,33.43,1,1,1.0
1089,157,149.76,52.05,37.27,29.8,1,1,1.0
1089,158,88.11,48.21,27.88,22.55,1,1,1.0
1089,159,20.69,191.36,74.17,73.53,1,1,1.0
1089,160,22.61,52.05,28.52,24.89,1,1,1.0
1089,161,561.28,112.21,76.95,38.55,1,1,1.0
1089,162,479.79,115.84,71.18,35.35,1,1,0.2385
1089,163,105.81,35.84,27.24,19.56,1,1,1.0
1089,164,1.0,43.09,16.0,23.19,1,1,1.0
1089,165,707.63,153.6,113.64,58.6,1,1,0.8759
1090,140,564.27,247.68,156.09,99.13,1,1,1.0
1090,142,169.81,21.76,28.52,17.85,1,1,0.2767
1090,143,267.09,24.75,30.23,18.28,1,1,1.0
1090,144,254.72,137.39,89.53,78.01,1,1,1.0
1090,145,287.15,122.24,68.2,46.44,1,1,0.4359
1090,147,206.08,229.97,127.93,118.34,1,1,1.0
1090,148,359.25,31.79,33.43,17.64,1,1,0.4837
1090,149,351.36,40.32,42.81,24.25,1,1,0.8852
1090,150,273.92,46.72,42.81,26.17,1,1,0.432
1090,151,75.95,95.15,47.93,35.77,1,1,1.0
1090,152,139.73,82.99,42.18,34.7,1,1,1.0
1090,153,449.49,40.32,48.36,33.64,1,1,0.6475
1090,154,432.85,52.05,42.82,33.85,1,1,1.0
1090,155,367.15,60.16,43.45,27.88,1,1,1.0
1090,156,92.37,67.41,39.4,33.21,1,1,1.0
1090,157,151.68,52.69,37.27,29.8,1,1,1.0
1090,158,89.39,48.64,28.3,22.97,1,1,1.0
1090,159,22.61,196.48,76.52,75.67,1,1,1.0
1090,160,23.04,52.69,29.16,24.68,1,1,1.0
1090,161,555.31,110.51,75.24,37.9,1,1,1.0
1090,162,472.96,113.92,70.76,34.71,1,1,0.2519
1090,163,107.31,36.05,27.45,20.41,1,1,1.0
1090,164,1.0,43.95,16.0,22.76,1,1,1.0
1090,165,695.68,150.4,111.72,57.53,1,1,0.8895
1091,140,577.07,252.8,159.93,102.33,1,1,1.0
1091,142,168.53,21.33,28.74,18.07,1,1,0.1776
1091,143,265.6,24.53,29.8,18.07,1,1,1.0
1091,144,259.2,139.73,91.67,78.87,1,1,1.0
1091,145,291.2,123.73,69.27,47.94,1,1,0.4261
1091,147,212.27,235.73,131.13,121.54,1,1,1.0
1091,148,357.33,30.93,33.0,18.07,1,1,0.4724
1091,149,348.8,39.47,42.6,24.47,1,1,0.8602
1091,150,272.0,45.87,42.6,26.6,1,1,0.4561
1091,151,76.8,96.0,49.0,36.2,1,1,1.0
1091,152,141.87,84.27,42.6,35.13,1,1,1.0
1091,153,445.87,39.47,47.93,33.0,1,1,0.6567
1091,154,428.8,51.2,42.6,33.0,1,1,1.0
1091,155,363.73,58.67,42.6,28.73,1,1,1.0
1091,156,93.87,68.27,40.46,33.0,1,1,1.0
1091,157,153.6,53.33,37.27,29.8,1,1,1.0
1091,158,90.67,49.07,28.73,23.4,1,1,1.0
1091,159,24.53,201.6,78.87,77.8,1,1,1.0
1091,160,23.47,53.33,29.8,24.47,1,1,1.0
1091,161,549.33,108.8,73.54,37.27,1,1,1.0
1091,162,466.13,112.0,70.34,34.07,1,1,0.2348
1091,163,108.8,36.27,27.67,21.27,1,1,1.0
1091,164,1.0,44.8,16.0,22.33,1,1,1.0
1091,165,683.73,147.2,109.8,56.47,1,1,0.9098
1091,166,853.33,155.73,107.67,53.27,1,1,1.0
1091,167,53.33,25.6,25.53,25.53,1,1,1.0
1092,140,592.64,259.63,167.19,106.81,1,1,1.0
1092,143,264.11,23.89,29.8,17.85,1,1,1.0
1092,144,264.53,142.72,92.74,79.93,1,1,1.0
1092,145,296.11,126.08,70.54,47.93,1,1,0.434
1092,147,218.45,242.35,136.26,126.22,1,1,1.0
1092,148,354.56,30.51,33.64,18.71,1,1,0.4106
1092,149,346.88,38.19,42.17,25.32,1,1,0.8515
1092,150,269.23,45.44,42.6,25.75,1,1,0.4279
1092,151,78.72,97.07,48.57,36.84,1,1,1.0
1092,152,143.36,85.33,43.45,35.56,1,1,1.0
1092,153,442.45,39.04,47.94,32.36,1,1,0.6627
1092,154,425.6,50.56,41.96,33.0,1,1,1.0
1092,155,360.11,58.03,42.81,28.09,1,1,1.0
1092,156,95.57,69.33,40.68,33.22,1,1,1.0
1092,157,155.31,54.19,38.12,30.44,1,1,1.0
1092,158,91.52,49.71,29.59,23.61,1,1,1.0
1092,159,26.67,208.0,81.21,81.0,1,1,1.0
1092,160,24.53,53.76,29.8,24.68,1,1,1.0
1092,161,543.57,107.31,73.11,37.26,1,1,1.0
1092,162,460.59,109.87,69.69,34.49,1,1,0.1777
1092,163,109.87,36.91,27.88,21.27,1,1,1.0
1092,164,1.0,45.65,16.43,22.33,1,1,1.0
1092,165,673.71,145.07,107.24,54.97,1,1,0.8558
1092,166,839.89,151.68,121.11,52.63,1,1,1.0
1092,167,54.61,26.03,25.53,25.75,1,1,1.0
1093,140,608.21,266.45,174.44,111.3,1,1,1.0
1093,143,262.61,23.25,29.8,17.64,1,1,1.0
1093,144,269.87,145.71,93.8,81.0,1,1,1.0
1093,145,301.01,128.43,71.83,47.93,1,1,0.4422
1093,147,224.64,248.96,141.37,130.92,1,1,1.0
1093,148,351.79,30.08,34.28,19.35,1,1,0.3529
1093,149,344.96,36.91,41.75,26.17,1,1,0.8425
1093,150,266.45,45.01,42.6,24.89,1,1,0.3618
1093,151,80.64,98.13,48.15,37.48,1,1,1.0
1093,152,144.85,86.4,44.31,35.99,1,1,1.0
1093,153,439.04,38.61,47.93,31.72,1,1,0.6686
1093,154,422.4,49.92,41.32,33.0,1,1,1.0
1093,155,356.48,57.39,43.03,27.45,1,1,1.0
1093,156,97.28,70.4,40.89,33.43,1,1,1.0
1093,157,157.01,55.04,38.98,31.08,1,1,1.0
1093,158,92.37,50.35,30.44,23.83,1,1,1.0
1093,159,28.8,214.4,83.56,84.2,1,1,1.0
1093,160,25.6,54.19,29.8,24.89,1,1,1.0
1093,161,537.81,105.81,72.68,37.27,1,1,1.0
1093,162,455.04,107.73,69.05,34.92,1,1,0.2474
1093,163,110.93,37.55,28.1,21.27,1,1,1.0
1093,164,1.0,46.51,16.85,22.33,1,1,1.0
1093,165,663.68,142.93,104.68,53.48,1,1,0.8739
1093,166,826.45,147.63,113.43,51.98,1,1,1.0
1093,167,55.89,26.45,25.53,25.96,1,1,1.0
1094,140,623.79,273.28,181.69,115.77,1,1,1.0
1094,143,261.12,22.61,29.8,17.43,1,1,1.0
1094,144,275.2,148.69,94.87,82.07,1,1,1.0
1094,145,305.92,130.77,73.11,47.94,1,1,0.4505
1094,147,230.83,255.57,146.49,135.62,1,1,1.0
1094,148,349.01,29.65,34.92,19.99,1,1,0.2989
1094,149,343.04,35.63,41.32,27.03,1,1,0.8334
1094,150,263.68,44.59,42.6,24.04,1,1,0.3961
1094,151,82.56,99.2,47.72,38.12,1,1,1.0
1094,152,146.35,87.47,45.16,36.41,1,1,1.0
1094,153,435.63,38.19,47.93,31.08,1,1,0.6746
1094,154,419.2,49.28,40.68,33.0,1,1,1.0
1094,155,352.85,56.75,43.24,26.81,1,1,1.0
1094,156,98.99,71.47,41.1,33.64,1,1,1.0
1094,157,158.72,55.89,39.83,31.72,1,1,1.0
1094,158,93.23,50.99,31.29,24.04,1,1,1.0
1094,159,30.93,220.8,85.91,87.4,1,1,1.0
1094,160,26.67,54.61,29.8,25.11,1,1,1.0
1094,161,532.05,104.32,72.26,37.27,1,1,1.0
1094,162,449.49,105.6,68.42,35.35,1,1,0.2433
1094,163,112.0,38.19,28.31,21.27,1,1,1.0
1094,164,1.0,47.36,17.28,22.33,1,1,1.0
1094,165,653.65,140.8,102.12,51.99,1,1,0.8691
1094,166,813.01,143.57,113.64,51.35,1,1,1.0
1094,167,57.17,26.88,25.53,26.17,1,1,1.0
1095,140,639.36,280.11,188.95,120.25,1,1,1.0
1095,143,259.63,21.97,29.8,17.21,1,1,1.0
1095,144,280.53,151.68,95.94,83.13,1,1,1.0
1095,145,310.83,133.12,74.38,47.93,1,1,0.4592
1095,147,237.01,262.19,151.62,140.3,1,1,1.0
1095,148,346.24,29.23,35.56,20.63,1,1,0.2482
1095,149,341.12,34.35,40.89,27.88,1,1,0.824
1095,150,260.91,44.16,42.6,23.19,1,1,0.4604
1095,151,84.48,100.27,47.29,38.76,1,1,1.0
1095,152,147.84,88.53,46.01,36.84,1,1,1.0
1095,153,432.21,37.76,47.94,30.44,1,1,0.6806
1095,154,416.0,48.64,40.04,33.0,1,1,1.0
1095,155,349.23,56.11,43.45,26.17,1,1,1.0
1095,156,100.69,72.53,41.32,33.86,1,1,1.0
1095,157,160.43,56.75,40.68,32.36,1,1,1.0
1095,158,94.08,51.63,32.15,24.25,1,1,1.0
1095,159,33.07,227.2,88.25,90.6,1,1,1.0
1095,160,27.73,55.04,29.8,25.32,1,1,1.0
1095,161,526.29,102.83,71.83,37.26,1,1,1.0
1095,162,443.95,103.47,67.77,35.77,1,1,0.2538
1095,163,113.07,38.83,28.52,21.27,1,1,1.0
1095,164,1.0,48.21,17.71,22.33,1,1,1.0
1095,165,643.63,138.67,99.56,50.49,1,1,0.8657
1095,166,799.57,139.52,113.86,50.71,1,1,1.0
1095,167,58.45,27.31,25.53,26.39,1,1,1.0
1096,140,654.93,286.93,196.2,124.74,1,1,1.0
1096,143,258.13,21.33,29.8,17.0,1,1,1.0
1096,144,285.87,154.67,97.0,84.2,1,1,1.0
1096,145,315.73,135.47,75.67,47.93,1,1,0.4682
1096,147,243.2,268.8,156.73,145.0,1,1,1.0
1096,148,343.47,28.8,36.2,21.27,1,1,0.2006
1096,149,339.2,33.07,40.47,28.73,1,1,0.8144
1096,150,258.13,43.73,42.6,22.33,1,1,0.3702
1096,151,86.4,101.33,46.87,39.4,1,1,1.0
1096,152,149.33,89.6,46.87,37.27,1,1,1.0
1096,153,428.8,37.33,47.93,29.8,1,1,0.6865
1096,154,412.8,48.0,39.4,33.0,1,1,1.0
1096,155,345.6,55.47,43.67,25.53,1,1,1.0
1096,156,102.4,73.6,41.53,34.07,1,1,1.0
1096,157,162.13,57.6,41.54,33.0,1,1,1.0
1096,158,94.93,52.27,33.0,24.47,1,1,1.0
1096,159,35.2,233.6,90.6,93.8,1,1,1.0
1096,160,28.8,55.47,29.8,25.53,1,1,1.0
1096,161,520.53,101.33,71.4,37.27,1,1,1.0
1096,162,438.4,101.33,67.13,36.2,1,1,0.2052
1096,163,114.13,39.47,28.74,21.27,1,1,1.0
1096,164,1.0,49.07,18.13,22.33,1,1,1.0
1096,165,633.6,136.53,97.0,49.0,1,1,0.8517
1096,166,786.13,135.47,114.07,50.06,1,1,1.0
1096,167,59.73,27.73,25.53,26.6,1,1,1.0
1097,140,674.56,297.39,199.61,128.78,1,1,1.0
1097,143,256.64,21.33,29.59,16.79,1,1,1.0
1097,144,291.2,157.87,98.92,86.54,1,1,1.0
1097,145,320.64,138.03,77.59,48.57,1,1,0.4703
1097,147,252.37,277.12,163.14,151.61,1,1,1.0
1097,148,341.97,28.37,34.71,20.41,1,1,0.245
1097,149,336.64,33.28,39.83,28.09,1,1,0.8019
1097,150,256.43,43.31,41.53,21.91,1,1,0.3153
1097,151,88.11,102.19,47.29,40.04,1,1,1.0
1097,152,151.68,91.09,47.51,37.48,1,1,1.0
1097,153,426.24,36.91,46.87,29.8,1,1,0.6936
1097,154,409.17,47.36,39.19,32.79,1,1,1.0
1097,155,342.61,54.83,43.46,25.32,1,1,1.0
1097,156,104.53,74.03,41.54,34.92,1,1,1.0
1097,157,164.27,58.67,41.96,33.0,1,1,1.0
1097,158,96.43,52.91,32.14,24.68,1,1,1.0
1097,159,38.83,241.92,92.94,97.43,1,1,1.0
1097,160,29.65,56.32,29.8,25.96,1,1,1.0
1097,161,515.63,99.84,70.76,36.84,1,1,1.0
1097,162,433.92,100.05,65.43,34.5,1,1,0.2355
1097,163,115.63,40.11,28.73,20.84,1,1,1.0
1097,164,1.0,49.71,18.35,22.12,1,1,1.0
1097,165,624.0,134.4,95.72,48.57,1,1,0.8358
1097,166,774.4,133.33,111.29,49.43,1,1,1.0
1097,167,60.37,27.95,25.75,27.03,1,1,1.0
1098,140,694.19,307.84,203.02,132.84,1,1,1.0
1098,143,255.15,21.33,29.37,16.57,1,1,1.0
1098,144,296.53,161.07,100.84,88.89,1,1,1.0
1098,145,325.55,140.59,79.5,49.21,1,1,0.4726
1098,147,261.55,285.44,169.53,158.23,1,1,1.0
1098,148,340.48,27.95,33.21,19.56,1,1,0.2926
1098,149,334.08,33.49,39.19,27.45,1,1,0.7886
1098,150,254.72,42.88,40.47,21.48,1,1,0.3346
1098,151,89.81,103.04,47.72,40.68,1,1,1.0
1098,152,154.03,92.59,48.14,37.69,1,1,1.0
1098,153,423.68,36.48,45.8,29.8,1,1,0.7013
1098,154,405.55,46.72,38.97,32.57,1,1,1.0
1098,155,339.63,54.19,43.24,25.11,1,1,1.0
1098,156,106.67,74.45,41.53,35.78,1,1,1.0
1098,157,166.4,59.73,42.39,33.0,1,1,1.0
1098,158,97.92,53.55,31.29,24.89,1,1,1.0
1098,159,42.45,250.24,95.3,101.05,1,1,1.0
1098,160,30.51,57.17,29.8,26.39,1,1,1.0
1098,161,510.72,98.35,70.12,36.41,1,1,1.0
1098,162,429.44,98.77,63.72,32.79,1,1,0.2461
1098,163,117.12,40.75,28.73,20.41,1,1,1.0
1098,164,1.0,50.35,18.56,21.91,1,1,1.0
1098,165,614.4,132.27,94.44,48.14,1,1,0.8396
1098,166,762.67,131.2,108.52,48.79,1,1,1.0
1098,167,61.01,28.16,25.96,27.45,1,1,1.0
1099,140,713.81,318.29,206.44,136.9,1,1,1.0
1099,143,253.65,21.33,29.16,16.36,1,1,1.0
1099,144,301.87,164.27,102.76,91.24,1,1,1.0
1099,145,330.45,143.15,81.43,49.85,1,1,0.475
1099,147,270.72,293.76,175.93,164.84,1,1,1.0
1099,148,338.99,27.52,31.72,18.71,1,1,0.3442
1099,149,331.52,33.71,38.55,26.81,1,1,0.7745
1099,150,253.01,42.45,39.4,21.05,1,1,0.3981
1099,151,91.52,103.89,48.15,41.32,1,1,1.0
1099,152,156.37,94.08,48.79,37.91,1,1,1.0
1099,153,421.12,36.05,44.73,29.8,1,1,0.7098
1099,154,401.92,46.08,38.76,32.36,1,1,1.0
1099,155,336.64,53.55,43.03,24.89,1,1,1.0
1099,156,108.8,74.88,41.53,36.63,1,1,1.0
1099,157,168.53,60.8,42.82,33.0,1,1,1.0
1099,158,99.41,54.19,30.44,25.11,1,1,1.0
1099,159,46.08,258.56,97.64,104.68,1,1,1.0
1099,160,31.36,58.03,29.8,26.81,1,1,1.0
1099,161,505.81,96.85,69.48,35.99,1,1,1.0
1099,162,424.96,97.49,62.01,31.08,1,1,0.2859
1099,163,118.61,41.39,28.74,19.99,1,1,1.0
1099,164,1.0,50.99,18.77,21.69,1,1,1.0
1099,165,604.8,130.13,93.16,47.72,1,1,0.8182
1099,166,750.93,129.07,105.75,48.14,1,1,1.0
1099,167,61.65,28.37,26.17,27.88,1,1,1.0
1100,140,733.44,328.75,209.85,140.94,1,1,1.0
1100,143,252.16,21.33,28.95,16.15,1,1,1.0
1100,144,307.2,167.47,104.68,93.58,1,1,1.0
1100,145,335.36,145.71,83.35,50.49,1,1,0.4776
1100,147,279.89,302.08,182.34,171.45,1,1,1.0
1100,148,337.49,27.09,30.23,17.85,1,1,0.3997
1100,149,328.96,33.92,37.91,26.17,1,1,0.7594
1100,150,251.31,42.03,38.33,20.63,1,1,0.4078
1100,151,93.23,104.75,48.57,41.96,1,1,1.0
1100,152,158.72,95.57,49.43,38.12,1,1,1.0
1100,153,418.56,35.63,43.67,29.8,1,1,0.7192
1100,154,398.29,45.44,38.55,32.15,1,1,1.0
1100,155,333.65,52.91,42.82,24.68,1,1,1.0
1100,156,110.93,75.31,41.54,37.48,1,1,1.0
1100,157,170.67,61.87,43.24,33.0,1,1,1.0
1100,158,100.91,54.83,29.58,25.32,1,1,1.0
1100,159,49.71,266.88,99.98,108.31,1,1,1.0
1100,160,32.21,58.88,29.8,27.24,1,1,1.0
1100,161,500.91,95.36,68.84,35.56,1,1,1.0
1100,162,420.48,96.21,60.31,29.38,1,1,0.2852
1100,163,120.11,42.03,28.73,19.56,1,1,1.0
1100,164,1.0,51.63,18.99,21.48,1,1,1.0
1100,165,595.2,128.0,91.88,47.29,1,1,0.8308
1100,166,739.2,126.93,102.97,47.51,1,1,1.0
1100,167,62.29,28.59,26.39,28.31,1,1,1.0
1101,140,753.07,339.2,207.93,145.0,1,1,1.0
1101,143,250.67,21.33,28.73,15.93,1,1,1.0
1101,144,312.53,170.67,106.6,95.93,1,1,1.0
1101,145,340.27,148.27,85.26,51.13,1,1,0.4803
1101,147,289.07,310.4,188.73,178.07,1,1,1.0
1101,148,336.0,26.67,28.73,17.0,1,1,0.4599
1101,149,326.4,34.13,37.27,25.53,1,1,0.7434
1101,150,249.6,41.6,37.27,20.2,1,1,0.4221
1101,151,94.93,105.6,49.0,42.6,1,1,1.0
1101,152,161.07,97.07,50.06,38.33,1,1,1.0
1101,153,416.0,35.2,42.6,29.8,1,1,0.7295
1101,154,394.67,44.8,38.33,31.93,1,1,1.0
1101,155,330.67,52.27,42.6,24.47,1,1,1.0
1101,156,113.07,75.73,41.53,38.34,1,1,1.0
1101,157,172.8,62.93,43.67,33.0,1,1,1.0
1101,158,102.4,55.47,28.73,25.53,1,1,1.0
1101,159,53.33,275.2,102.34,111.93,1,1,1.0
1101,160,33.07,59.73,29.8,27.67,1,1,1.0
1101,161,496.0,93.87,68.2,35.13,1,1,1.0
1101,162,416.0,94.93,58.6,27.67,1,1,0.2554
1101,163,121.6,42.67,28.73,19.13,1,1,1.0
1101,164,1.0,52.27,19.2,21.27,1,1,1.0
1101,165,585.6,125.87,90.6,46.86,1,1,0.7911
1101,166,727.47,124.8,100.2,46.87,1,1,1.0
1101,167,62.93,28.8,26.6,28.73,1,1,1.0
1102,140,778.45,350.72,182.55,138.39,1,1,1.0
1102,143,249.6,20.91,28.52,16.36,1,1,1.0
1102,144,319.36,174.51,109.59,97.64,1,1,1.0
1102,145,346.67,151.47,86.12,51.98,1,1,0.4681
1102,147,299.73,321.92,197.7,185.53,1,1,1.0
1102,148,333.23,26.45,29.8,17.64,1,1,0.4222
1102,149,324.05,33.28,37.27,25.75,1,1,0.7439
1102,150,247.04,40.96,37.27,20.63,1,1,0.386
1102,151,96.85,107.52,49.0,42.81,1,1,1.0
1102,152,163.41,98.77,50.5,38.34,1,1,1.0
1102,153,412.37,34.56,43.03,29.59,1,1,0.7196
1102,154,391.89,44.16,38.34,31.93,1,1,1.0
1102,155,328.11,51.63,41.32,24.25,1,1,1.0
1102,156,114.99,77.01,41.96,38.55,1,1,1.0
1102,157,174.72,63.79,44.31,33.43,1,1,1.0
1102,158,103.47,55.89,29.37,25.96,1,1,1.0
1102,159,57.81,286.51,106.39,117.26,1,1,1.0
1102,160,33.92,60.16,30.01,27.67,1,1,1.0
1102,161,491.31,92.59,67.13,34.92,1,1,1.0
1102,162,410.88,93.65,57.96,27.88,1,1,0.2612
1102,163,122.88,43.09,29.16,19.56,1,1,1.0
1102,164,1.0,52.69,19.41,22.55,1,1,1.0
1102,165,577.92,123.52,88.89,46.44,1,1,0.7874
1102,166,717.23,122.24,99.13,46.23,1,1,1.0
1102,167,63.79,29.65,26.6,28.52,1,1,1.0
1103,140,803.84,362.24,157.16,131.77,1,1,1.0
1103,143,248.53,20.48,28.31,16.79,1,1,1.0
1103,144,326.19,178.35,112.57,99.34,1,1,1.0
1103,145,353.07,154.67,86.97,52.84,1,1,0.4563
1103,147,310.4,333.44,206.65,193.0,1,1,1.0
1103,148,330.45,26.24,30.87,18.28,1,1,0.3888
1103,149,321.71,32.43,37.26,25.96,1,1,0.7443
1103,150,244.48,40.32,37.27,21.05,1,1,0.3019
1103,151,98.77,109.44,49.0,43.03,1,1,1.0
1103,152,165.76,100.48,50.92,38.33,1,1,1.0
1103,153,408.75,33.92,43.45,29.37,1,1,0.7103
1103,154,389.12,43.52,38.33,31.93,1,1,1.0
1103,155,325.55,50.99,40.04,24.04,1,1,1.0
1103,156,116.91,78.29,42.38,38.76,1,1,1.0
1103,157,176.64,64.64,44.95,33.85,1,1,1.0
1103,158,104.53,56.32,30.02,26.39,1,1,1.0
1103,159,62.29,297.81,110.44,122.6,1,1,1.0
1103,160,34.77,60.59,30.23,27.67,1,1,1.0
1103,161,486.61,91.31,66.07,34.7,1,1,1.0
1103,162,405.76,92.37,57.32,28.1,1,1,0.2047
1103,163,124.16,43.52,29.59,19.99,1,1,1.0
1103,164,1.0,53.12,19.63,23.83,1,1,1.0
1103,165,570.24,121.17,87.19,46.02,1,1,0.7849
1103,166,706.99,119.68,98.06,45.59,1,1,1.0
1103,167,64.64,30.51,26.6,28.31,1,1,1.0
1104,140,829.23,373.76,131.77,125.16,1,1,1.0
1104,143,247.47,20.05,28.09,17.21,1,1,1.0
1104,144,333.01,182.19,115.56,101.05,1,1,1.0
1104,145,359.47,157.87,87.82,53.69,1,1,0.453
1104,147,321.07,344.96,215.61,196.04,1,1,1.0
1104,148,327.68,26.03,31.93,18.92,1,1,0.3591
1104,149,319.36,31.57,37.27,26.17,1,1,0.7448
1104,150,241.92,39.68,37.27,21.48,1,1,0.3067
1104,151,100.69,111.36,49.0,43.24,1,1,1.0
1104,152,168.11,102.19,51.34,38.33,1,1,1.0
1104,153,405.12,33.28,43.88,29.16,1,1,0.701
1104,154,386.35,42.88,38.33,31.93,1,1,1.0
1104,155,322.99,50.35,38.76,23.83,1,1,1.0
1104,156,118.83,79.57,42.81,38.98,1,1,1.0
1104,157,178.56,65.49,45.59,34.28,1,1,1.0
1104,158,105.6,56.75,30.65,26.81,1,1,1.0
1104,159,66.77,309.12,114.5,127.93,1,1,1.0
1104,160,35.63,61.01,30.44,27.67,1,1,1.0
1104,161,481.92,90.03,65.0,34.49,1,1,1.0
1104,162,400.64,91.09,56.68,28.31,1,1,0.1921
1104,163,125.44,43.95,30.01,20.41,1,1,1.0
1104,164,1.0,53.55,19.84,25.11,1,1,1.0
1104,165,562.56,118.83,85.48,45.58,1,1,0.7791
1104,166,696.75,117.12,97.0,44.95,1,1,1.0
1104,167,65.49,31.36,26.6,28.09,1,1,1.0
1105,140,854.61,385.28,106.39,118.55,1,1,1.0
1105,143,246.4,19.63,27.88,17.64,1,1,1.0
1105,144,339.84,186.03,118.55,102.76,1,1,1.0
1105,145,365.87,161.07,88.68,54.54,1,1,0.4576
1105,147,331.73,356.48,224.58,184.52,1,1,1.0
1105,148,324.91,25.81,33.0,19.56,1,1,0.3333
1105,149,317.01,30.72,37.27,26.39,1,1,0.7453
1105,150,239.36,39.04,37.27,21.91,1,1,0.3294
1105,151,102.61,113.28,49.0,43.45,1,1,1.0
1105,152,170.45,103.89,51.78,38.34,1,1,1.0
1105,153,401.49,32.64,44.31,28.95,1,1,0.692
1105,154,383.57,42.24,38.34,31.93,1,1,1.0
1105,155,320.43,49.71,37.48,23.61,1,1,1.0
1105,156,120.75,80.85,43.24,39.19,1,1,1.0
1105,157,180.48,66.35,46.23,34.7,1,1,1.0
1105,158,106.67,57.17,31.29,27.24,1,1,1.0
1105,159,71.25,320.43,118.55,133.26,1,1,1.0
1105,160,36.48,61.44,30.65,27.67,1,1,1.0
1105,161,477.23,88.75,63.93,34.28,1,1,1.0
1105,162,395.52,89.81,56.04,28.52,1,1,0.2315
1105,163,126.72,44.37,30.44,20.84,1,1,1.0
1105,164,1.0,53.97,20.05,26.39,1,1,1.0
1105,165,554.88,116.48,83.77,45.16,1,1,0.8136
1105,166,686.51,114.56,95.93,44.31,1,1,1.0
1105,167,66.35,32.21,26.6,27.88,1,1,1.0
1106,140,880.0,396.8,81.0,111.93,1,1,1.0
1106,143,245.33,19.2,27.67,18.07,1,1,1.0
1106,144,346.67,189.87,121.53,104.46,1,1,1.0
1106,145,372.27,164.27,89.53,55.4,1,1,0.4621
1106,147,342.4,368.0,233.53,173.0,1,1,1.0
1106,148,322.13,25.6,34.07,20.2,1,1,0.3101
1106,149,314.67,29.87,37.26,26.6,1,1,0.7457
1106,150,236.8,38.4,37.27,22.33,1,1,0.3615
1106,151,104.53,115.2,49.0,43.67,1,1,1.0
1106,152,172.8,105.6,52.2,38.33,1,1,1.0
1106,153,397.87,32.0,44.73,28.73,1,1,0.6835
1106,154,380.8,41.6,38.33,31.93,1,1,1.0
1106,155,317.87,49.07,36.2,23.4,1,1,1.0
1106,156,122.67,82.13,43.66,39.4,1,1,1.0
1106,157,182.4,67.2,46.87,35.13,1,1,1.0
1106,158,107.73,57.6,31.94,27.67,1,1,1.0
1106,159,75.73,331.73,122.6,138.6,1,1,1.0
1106,160,37.33,61.87,30.87,27.67,1,1,1.0
1106,161,472.53,87.47,62.87,34.06,1,1,1.0
1106,162,390.4,88.53,55.4,28.74,1,1,0.1996
1106,163,128.0,44.8,30.87,21.27,1,1,1.0
1106,164,1.0,54.4,20.27,27.67,1,1,1.0
1106,165,547.2,114.13,82.07,44.74,1,1,0.8097
1106,166,676.27,112.0,94.86,43.67,1,1,1.0
1106,167,67.2,33.07,26.6,27.67,1,1,1.0
1106,168,874.67,230.4,86.33,51.13,1,1,0.3546
1107,143,243.63,18.77,27.45,17.85,1,1,1.0
1107,144,353.71,193.92,125.16,107.03,1,1,1.0
1107,145,379.09,167.68,91.88,56.25,1,1,0.4665
1107,147,357.33,383.15,231.83,157.85,1,1,1.0
1107,148,320.43,24.96,33.0,19.56,1,1,0.3143
1107,149,312.32,29.23,37.05,25.96,1,1,0.7484
1107,150,235.09,37.76,36.84,21.91,1,1,0.3322
1107,151,105.6,116.91,50.07,44.09,1,1,1.0
1107,152,175.36,106.88,52.63,38.97,1,1,1.0
1107,153,395.31,31.36,44.09,28.95,1,1,0.697
1107,154,377.81,40.75,37.27,31.51,1,1,1.0
1107,155,314.67,48.21,36.41,22.76,1,1,1.0
1107,156,124.59,83.41,43.88,39.4,1,1,1.0
1107,157,184.75,68.05,47.29,35.56,1,1,1.0
1107,158,108.59,58.67,32.14,27.45,1,1,1.0
1107,159,81.07,347.95,129.21,143.08,1,1,1.0
1107,160,37.76,62.93,31.72,28.31,1,1,1.0
1107,161,468.05,86.4,62.23,33.43,1,1,1.0
1107,162,385.92,87.25,54.97,28.52,1,1,0.1677
1107,163,129.28,45.44,31.08,21.48,1,1,1.0
1107,164,1.0,55.68,20.27,27.45,1,1,1.0
1107,165,539.73,112.21,80.58,44.31,1,1,0.8007
1107,166,667.31,110.51,92.52,42.38,1,1,1.0
1107,167,67.63,33.07,26.81,27.67,1,1,1.0
1107,168,858.45,225.07,102.55,54.33,1,1,0.319
1108,143,241.92,18.35,27.24,17.64,1,1,1.0
1108,144,360.75,197.97,128.78,109.59,1,1,1.0
1108,145,385.92,171.09,94.23,57.11,1,1,0.4707
1108,147,372.27,398.29,230.12,142.71,1,1,1.0
1108,148,318.72,24.32,31.93,18.92,1,1,0.3187
1108,149,309.97,28.59,36.84,25.32,1,1,0.752
1108,150,233.39,37.12,36.41,21.48,1,1,0.3317
1108,151,106.67,118.61,51.13,44.52,1,1,1.0
1108,152,177.92,108.16,53.05,39.61,1,1,1.0
1108,153,392.75,30.72,43.45,29.16,1,1,0.7116
1108,154,374.83,39.89,36.2,31.08,1,1,1.0
1108,155,311.47,47.36,36.62,22.12,1,1,1.0
1108,156,126.51,84.69,44.09,39.4,1,1,1.0
1108,157,187.09,68.91,47.72,35.98,1,1,1.0
1108,158,109.44,59.73,32.36,27.24,1,1,1.0
1108,159,86.4,364.16,135.83,147.56,1,1,1.0
1108,160,38.19,64.0,32.57,28.95,1,1,1.0
1108,161,463.57,85.33,61.59,32.79,1,1,1.0
1108,162,381.44,85.97,54.55,28.31,1,1,0.221
1108,163,130.56,46.08,31.29,21.69,1,1,1.0
1108,164,1.0,56.96,20.27,27.24,1,1,1.0
1108,165,532.27,110.29,79.08,43.88,1,1,0.8092
1108,166,658.35,109.01,90.17,41.11,1,1,1.0
1108,167,68.05,33.07,27.03,27.67,1,1,1.0
1108,168,842.24,219.73,118.76,57.54,1,1,0.357
1109,143,240.21,17.92,27.03,17.43,1,1,1.0
1109,144,367.79,202.03,132.41,112.14,1,1,1.0
1109,145,392.75,174.51,96.57,57.96,1,1,0.4748
1109,147,387.2,413.44,228.41,127.56,1,1,1.0
1109,148,317.01,23.68,30.87,18.28,1,1,0.3236
1109,149,307.63,27.95,36.62,24.68,1,1,0.7564
1109,150,231.68,36.48,35.99,21.05,1,1,0.3995
1109,151,107.73,120.32,52.2,44.95,1,1,1.0
1109,152,180.48,109.44,53.48,40.25,1,1,1.0
1109,153,390.19,30.08,42.81,29.37,1,1,0.7276
1109,154,371.84,39.04,35.13,30.65,1,1,1.0
1109,155,308.27,46.51,36.84,21.48,1,1,1.0
1109,156,128.43,85.97,44.3,39.4,1,1,1.0
1109,157,189.44,69.76,48.15,36.41,1,1,1.0
1109,158,110.29,60.8,32.58,27.03,1,1,1.0
1109,159,91.73,380.37,142.44,152.04,1,1,1.0
1109,160,38.61,65.07,33.43,29.59,1,1,1.0
1109,161,459.09,84.27,60.95,32.14,1,1,1.0
1109,162,376.96,84.69,54.12,28.1,1,1,0.2057
1109,163,131.84,46.72,31.51,21.91,1,1,1.0
1109,164,1.0,58.24,20.27,27.03,1,1,1.0
1109,165,524.8,108.37,77.59,43.46,1,1,0.8072
1109,166,649.39,107.52,87.82,39.83,1,1,1.0
1109,167,68.48,33.07,27.24,27.67,1,1,1.0
1109,168,826.03,214.4,134.97,60.73,1,1,0.3649
1110,143,238.51,17.49,26.81,17.21,1,1,1.0
1110,144,374.83,206.08,136.04,114.71,1,1,1.0
1110,145,399.57,177.92,98.92,58.81,1,1,0.4788
1110,147,402.13,428.59,226.71,112.41,1,1,1.0
1110,148,315.31,23.04,29.8,17.64,1,1,0.3289
1110,149,305.28,27.31,36.41,24.04,1,1,0.7631
1110,150,229.97,35.84,35.56,20.63,1,1,0.3097
1110,151,108.8,122.03,53.27,45.37,1,1,1.0
1110,152,183.04,110.72,53.91,40.89,1,1,1.0
1110,153,387.63,29.44,42.17,29.59,1,1,0.7446
1110,154,368.85,38.19,34.07,30.23,1,1,1.0
1110,155,305.07,45.65,37.05,20.84,1,1,1.0
1110,156,130.35,87.25,44.52,39.4,1,1,1.0
1110,157,191.79,70.61,48.57,36.84,1,1,1.0
1110,158,111.15,61.87,32.78,26.81,1,1,1.0
1110,159,97.07,396.59,149.05,144.41,1,1,1.0
1110,160,39.04,66.13,34.28,30.23,1,1,1.0
1110,161,454.61,83.2,60.31,31.51,1,1,1.0
1110,162,372.48,83.41,53.69,27.88,1,1,0.1749
1110,163,133.12,47.36,31.72,22.12,1,1,1.0
1110,164,1.0,59.52,20.27,26.81,1,1,1.0
1110,165,517.33,106.45,76.1,43.03,1,1,0.8293
1110,166,640.43,106.03,85.48,38.54,1,1,1.0
1110,167,68.91,33.07,27.45,27.67,1,1,1.0
1110,168,809.81,209.07,151.19,63.93,1,1,0.3622
1111,143,236.8,17.07,26.6,17.0,1,1,1.0
1111,144,381.87,210.13,139.66,117.27,1,1,1.0
1111,145,406.4,181.33,101.27,59.67,1,1,0.4827
1111,147,417.07,443.73,225.0,97.27,1,1,1.0
1111,148,313.6,22.4,28.73,17.0,1,1,0.3344
1111,149,302.93,26.67,36.2,23.4,1,1,0.7749
1111,150,228.27,35.2,35.13,20.2,1,1,0.3638
1111,151,109.87,123.73,54.33,45.8,1,1,1.0
1111,152,185.6,112.0,54.33,41.53,1,1,1.0
1111,153,385.07,28.8,41.53,29.8,1,1,0.7629
1111,154,365.87,37.33,33.0,29.8,1,1,1.0
1111,155,301.87,44.8,37.26,20.2,1,1,1.0
1111,156,132.27,88.53,44.73,39.4,1,1,1.0
1111,157,194.13,71.47,49.0,37.26,1,1,1.0
1111,158,112.0,62.93,33.0,26.6,1,1,1.0
1111,159,102.4,412.8,155.67,128.2,1,1,1.0
1111,160,39.47,67.2,35.13,30.87,1,1,1.0
1111,161,450.13,82.13,59.67,30.87,1,1,1.0
1111,162,368.0,82.13,53.27,27.67,1,1,0.2161
1111,163,134.4,48.0,31.93,22.33,1,1,1.0
1111,164,1.0,60.8,20.27,26.6,1,1,1.0
1111,165,509.87,104.53,74.6,42.6,1,1,0.7876
1111,166,631.47,104.53,83.13,37.27,1,1,1.0
1111,167,69.33,33.07,27.67,27.67,1,1,1.0
1111,168,793.6,203.73,167.4,67.14,1,1,0.387
1112,143,235.52,16.85,26.6,16.36,1,1,1.0
1112,144,391.47,215.04,143.72,122.39,1,1,1.0
1112,145,414.72,185.6,103.83,60.31,1,1,0.4881
1112,148,312.11,22.19,28.3,17.0,1,1,0.3526
1112,149,301.01,26.45,35.56,22.76,1,1,0.7714
1112,150,225.71,34.35,35.34,20.41,1,1,0.2839
1112,151,110.93,125.01,55.62,45.8,1,1,1.0
1112,152,188.16,113.28,55.4,42.39,1,1,1.0
1112,153,382.08,28.37,41.53,29.37,1,1,0.7519
1112,154,363.09,36.48,33.22,29.8,1,1,1.0
1112,155,299.09,43.95,37.06,20.63,1,1,1.0
1112,156,134.19,89.17,45.58,40.26,1,1,1.0
1112,157,196.69,72.11,49.86,38.12,1,1,1.0
1112,158,113.71,63.15,33.0,26.6,1,1,1.0
1112,160,40.32,67.63,35.13,30.65,1,1,1.0
1112,161,446.08,81.07,58.81,30.65,1,1,0.9921
1112,162,364.16,80.85,52.2,27.24,1,1,0.189
1112,163,136.11,48.43,32.14,22.76,1,1,1.0
1112,164,1.0,61.01,20.48,26.81,1,1,1.0
1112,165,503.25,103.04,73.75,41.96,1,1,0.7819
1112,166,623.15,102.19,81.64,37.05,1,1,1.0
1112,167,69.76,33.28,28.31,28.52,1,1,1.0
1112,168,779.52,199.47,161.43,65.64,1,1,0.3927
1113,143,234.24,16.64,26.6,15.72,1,1,1.0
1113,144,401.07,219.95,147.77,127.5,1,1,1.0
1113,145,423.04,189.87,106.39,60.94,1,1,0.4936
1113,148,310.61,21.97,27.88,17.0,1,1,0.3714
1113,149,299.09,26.24,34.92,22.12,1,1,0.7677
1113,150,223.15,33.49,35.56,20.63,1,1,0.3318
1113,151,112.0,126.29,56.89,45.8,1,1,1.0
1113,152,190.72,114.56,56.47,43.24,1,1,1.0
1113,153,379.09,27.95,41.54,28.95,1,1,0.7407
1113,154,360.32,35.63,33.43,29.8,1,1,1.0
1113,155,296.32,43.09,36.84,21.05,1,1,1.0
1113,156,136.11,89.81,46.44,41.11,1,1,1.0
1113,157,199.25,72.75,50.71,38.97,1,1,1.0
1113,158,115.41,63.36,33.0,26.6,1,1,1.0
1113,160,41.17,68.05,35.13,30.44,1,1,1.0
1113,161,442.03,80.0,57.96,30.44,1,1,0.9831
1113,162,360.32,79.57,51.13,26.82,1,1,0.1724
1113,163,137.81,48.85,32.36,23.19,1,1,1.0
1113,164,1.0,61.23,20.69,27.03,1,1,1.0
1113,165,496.64,101.55,72.89,41.32,1,1,0.7711
1113,166,614.83,99.84,80.14,36.84,1,1,1.0
1113,167,70.19,33.49,28.95,29.37,1,1,1.0
1113,168,765.44,195.2,156.52,64.15,1,1,0.377
1114,143,232.96,16.43,26.6,15.08,1,1,1.0
1114,144,410.67,224.85,151.82,132.63,1,1,1.0
1114,145,431.36,194.13,108.95,61.59,1,1,0.4988
1114,148,309.12,21.76,27.45,17.0,1,1,0.3907
1114,149,297.17,26.03,34.28,21.48,1,1,0.764
1114,150,220.59,32.64,35.77,20.84,1,1,0.3762
1114,151,113.07,127.57,58.17,45.8,1,1,1.0
1114,152,193.28,115.84,57.53,44.09,1,1,1.0
1114,153,376.11,27.52,41.53,28.52,1,1,0.7292
1114,154,357.55,34.77,33.64,29.8,1,1,1.0
1114,155,293.55,42.24,36.62,21.48,1,1,1.0
1114,156,138.03,90.45,47.29,41.96,1,1,1.0
1114,157,201.81,73.39,51.56,39.82,1,1,1.0
1114,158,117.12,63.57,33.0,26.6,1,1,1.0
1114,160,42.03,68.48,35.13,30.23,1,1,1.0
1114,161,437.97,78.93,57.11,30.23,1,1,0.9733
1114,162,356.48,78.29,50.07,26.39,1,1,0.1405
1114,163,139.52,49.28,32.57,23.61,1,1,1.0
1114,164,1.0,61.44,20.91,27.24,1,1,1.0
1114,165,490.03,100.05,72.04,40.68,1,1,0.7639
1114,166,606.51,97.49,78.65,36.63,1,1,1.0
1114,167,70.61,33.71,29.59,30.23,1,1,1.0
1114,168,751.36,190.93,151.61,62.66,1,1,0.398
1115,143,231.68,16.21,26.6,14.44,1,1,1.0
1115,144,420.27,229.76,155.88,137.75,1,1,1.0
1115,145,439.68,198.4,111.51,62.23,1,1,0.5039
1115,148,307.63,21.55,27.02,17.0,1,1,0.4106
1115,149,295.25,25.81,33.64,20.84,1,1,0.7601
1115,150,218.03,31.79,35.98,21.05,1,1,0.2951
1115,151,114.13,128.85,59.46,45.8,1,1,1.0
1115,152,195.84,117.12,58.6,44.95,1,1,1.0
1115,153,373.12,27.09,41.53,28.09,1,1,0.7173
1115,154,354.77,33.92,33.86,29.8,1,1,1.0
1115,155,290.77,41.39,36.42,21.91,1,1,1.0
1115,156,139.95,91.09,48.14,42.82,1,1,1.0
1115,157,204.37,74.03,52.42,40.68,1,1,1.0
1115,158,118.83,63.79,33.0,26.6,1,1,1.0
1115,160,42.88,68.91,35.13,30.01,1,1,1.0
1115,161,433.92,77.87,56.25,30.01,1,1,0.9627
1115,162,352.64,77.01,49.0,25.96,1,1,0.2027
1115,163,141.23,49.71,32.78,24.04,1,1,1.0
1115,164,1.0,61.65,21.12,27.45,1,1,1.0
1115,165,483.41,98.56,71.19,40.04,1,1,0.7593
1115,166,598.19,95.15,77.16,36.41,1,1,1.0
1115,167,71.04,33.92,30.23,31.08,1,1,1.0
1115,168,737.28,186.67,146.71,61.16,1,1,0.3706
1116,143,230.4,16.0,26.6,13.8,1,1,1.0
1116,144,429.87,234.67,159.93,142.86,1,1,1.0
1116,145,448.0,202.67,114.07,62.86,1,1,0.5091
1116,148,306.13,21.33,26.6,17.0,1,1,0.4312
1116,149,293.33,25.6,33.0,20.2,1,1,0.7561
1116,150,215.47,30.93,36.2,21.27,1,1,0.3544
1116,151,115.2,130.13,60.73,45.8,1,1,1.0
1116,152,198.4,118.4,59.67,45.8,1,1,1.0
1116,153,370.13,26.67,41.54,27.67,1,1,0.705
1116,154,352.0,33.07,34.07,29.8,1,1,1.0
1116,155,288.0,40.53,36.2,22.33,1,1,1.0
1116,156,141.87,91.73,49.0,43.67,1,1,1.0
1116,157,206.93,74.67,53.27,41.53,1,1,1.0
1116,158,120.53,64.0,33.0,26.6,1,1,1.0
1116,160,43.73,69.33,35.13,29.8,1,1,1.0
1116,161,429.87,76.8,55.4,29.8,1,1,0.9511
1116,162,348.8,75.73,47.93,25.54,1,1,0.1983
1116,163,142.93,50.13,33.0,24.47,1,1,1.0
1116,164,1.0,61.87,21.33,27.67,1,1,1.0
1116,165,476.8,97.07,70.33,39.4,1,1,0.7546
1116,166,589.87,92.8,75.66,36.2,1,1,1.0
1116,167,71.47,34.13,30.86,31.93,1,1,1.0
1116,168,723.2,182.4,141.8,59.67,1,1,0.3487
1117,143,229.33,15.36,26.39,14.44,1,1,1.0
1117,144,441.39,241.07,165.9,146.49,1,1,1.0
1117,145,457.81,207.36,117.06,65.64,1,1,0.5136
1117,148,304.0,20.69,26.81,17.0,1,1,0.4735
1117,149,291.2,25.81,33.0,19.77,1,1,0.7578
1117,150,214.4,30.72,35.35,21.05,1,1,0.2667
1117,151,117.55,131.63,61.16,47.08,1,1,1.0
1117,152,201.39,120.75,60.52,46.44,1,1,1.0
1117,153,368.21,26.03,40.47,27.24,1,1,0.7246
1117,154,349.65,32.85,33.43,29.37,1,1,1.0
1117,155,286.08,40.32,35.13,21.27,1,1,1.0
1117,156,144.0,93.01,49.43,43.46,1,1,1.0
1117,157,209.71,76.16,53.26,41.11,1,1,1.0
1117,158,121.6,64.64,33.85,27.03,1,1,1.0
1117,160,44.59,69.97,35.56,30.44,1,1,1.0
1117,161,426.24,75.73,54.97,29.59,1,1,0.9351
1117,162,345.39,74.45,47.29,25.32,1,1,0.1512
1117,163,144.21,50.56,33.64,24.68,1,1,1.0
1117,164,1.0,63.36,21.76,27.45,1,1,1.0
1117,165,470.83,95.15,68.84,39.18,1,1,0.7397
1117,166,583.04,91.73,74.17,35.56,1,1,1.0
1117,167,72.75,34.77,31.08,31.72,1,1,1.0
1117,168,711.25,179.41,138.6,57.75,1,1,0.3597
1118,143,228.27,14.72,26.17,15.08,1,1,1.0
1118,144,452.91,247.47,171.88,150.12,1,1,1.0
1118,145,467.63,212.05,120.04,68.42,1,1,0.5177
1118,148,301.87,20.05,27.02,17.0,1,1,0.5151
1118,149,289.07,26.03,33.0,19.35,1,1,0.7595
1118,150,213.33,30.51,34.5,20.84,1,1,0.2942
1118,151,119.89,133.12,61.59,48.36,1,1,1.0
1118,152,204.37,123.09,61.38,47.08,1,1,1.0
1118,153,366.29,25.39,39.4,26.81,1,1,0.7445
1118,154,347.31,32.64,32.78,28.95,1,1,1.0
1118,155,284.16,40.11,34.07,20.2,1,1,1.0
1118,156,146.13,94.29,49.86,43.24,1,1,1.0
1118,157,212.48,77.65,53.27,40.68,1,1,1.0
1118,158,122.67,65.28,34.7,27.45,1,1,1.0
1118,160,45.44,70.61,35.99,31.08,1,1,1.0
1118,161,422.61,74.67,54.55,29.37,1,1,0.9169
1118,162,341.97,73.17,46.66,25.11,1,1,0.1928
1118,163,145.49,50.99,34.28,24.89,1,1,1.0
1118,164,1.0,64.85,22.19,27.24,1,1,1.0
1118,165,464.85,93.23,67.35,38.97,1,1,0.7349
1118,166,576.21,90.67,72.68,34.92,1,1,1.0
1118,167,74.03,35.41,31.29,31.51,1,1,1.0
1118,168,699.31,176.43,135.4,55.82,1,1,0.345
1119,143,227.2,14.08,25.96,15.72,1,1,1.0
1119,144,464.43,253.87,177.85,153.74,1,1,1.0
1119,145,477.44,216.75,123.03,71.18,1,1,0.5215
1119,148,299.73,19.41,27.24,17.0,1,1,0.5562
1119,149,286.93,26.24,33.0,18.92,1,1,0.7612
1119,150,212.27,30.29,33.64,20.63,1,1,0.2767
1119,151,122.24,134.61,62.01,49.64,1,1,1.0
1119,152,207.36,125.44,62.23,47.72,1,1,1.0
1119,153,364.37,24.75,38.34,26.39,1,1,0.7644
1119,154,344.96,32.43,32.15,28.52,1,1,1.0
1119,155,282.24,39.89,33.0,19.13,1,1,1.0
1119,156,148.27,95.57,50.28,43.03,1,1,1.0
1119,157,215.25,79.15,53.27,40.25,1,1,1.0
1119,158,123.73,65.92,35.56,27.88,1,1,1.0
1119,160,46.29,71.25,36.41,31.72,1,1,1.0
1119,161,418.99,73.6,54.12,29.16,1,1,0.8967
1119,162,338.56,71.89,46.01,24.89,1,1,0.165
1119,163,146.77,51.41,34.92,25.11,1,1,1.0
1119,164,1.0,66.35,22.61,27.03,1,1,1.0
1119,165,458.88,91.31,65.85,38.76,1,1,0.7299
1119,166,569.39,89.6,71.18,34.28,1,1,1.0
1119,167,75.31,36.05,31.5,31.29,1,1,1.0
1119,168,687.36,173.44,132.2,53.91,1,1,0.3926
1120,143,226.13,13.44,25.75,16.36,1,1,1.0
1120,144,475.95,260.27,183.82,157.37,1,1,1.0
1120,145,487.25,221.44,126.02,73.96,1,1,0.525
1120,148,297.6,18.77,27.45,17.0,1,1,0.5966
1120,149,284.8,26.45,33.0,18.49,1,1,0.7631
1120,150,211.2,30.08,32.79,20.41,1,1,0.2117
1120,151,124.59,136.11,62.44,50.92,1,1,1.0
1120,152,210.35,127.79,63.08,48.36,1,1,1.0
1120,153,362.45,24.11,37.27,25.96,1,1,0.7847
1120,154,342.61,32.21,31.51,28.09,1,1,1.0
1120,155,280.32,39.68,31.93,18.07,1,1,1.0
1120,156,150.4,96.85,50.71,42.82,1,1,1.0
1120,157,218.03,80.64,53.26,39.83,1,1,1.0
1120,158,124.8,66.56,36.41,28.31,1,1,1.0
1120,160,47.15,71.89,36.84,32.36,1,1,1.0
1120,161,415.36,72.53,53.69,28.95,1,1,0.8744
1120,162,335.15,70.61,45.37,24.68,1,1,0.165
1120,163,148.05,51.84,35.56,25.32,1,1,1.0
1120,164,1.0,67.84,23.04,26.81,1,1,1.0
1120,165,452.91,89.39,64.36,38.54,1,1,0.7248
1120,166,562.56,88.53,69.69,33.64,1,1,1.0
1120,167,76.59,36.69,31.72,31.08,1,1,1.0
1120,168,675.41,170.45,129.0,51.99,1,1,0.3643
1121,143,225.07,12.8,25.53,17.0,1,1,1.0
1121,144,487.47,266.67,189.8,161.0,1,1,1.0
1121,145,497.07,226.13,129.0,76.74,1,1,0.5283
1121,148,295.47,18.13,27.66,17.0,1,1,0.6363
1121,149,282.67,26.67,33.0,18.07,1,1,0.765
1121,150,210.13,29.87,31.94,20.2,1,1,0.2046
1121,151,126.93,137.6,62.87,52.2,1,1,1.0
1121,152,213.33,130.13,63.94,49.0,1,1,1.0
1121,153,360.53,23.47,36.2,25.53,1,1,0.805
1121,154,340.27,32.0,30.86,27.67,1,1,1.0
1121,155,278.4,39.47,30.87,17.0,1,1,1.0
1121,156,152.53,98.13,51.14,42.6,1,1,1.0
1121,157,220.8,82.13,53.27,39.4,1,1,1.0
1121,158,125.87,67.2,37.26,28.73,1,1,1.0
1121,160,48.0,72.53,37.27,33.0,1,1,1.0
1121,161,411.73,71.47,53.27,28.73,1,1,0.8497
1121,162,331.73,69.33,44.74,24.47,1,1,0.1956
1121,163,149.33,52.27,36.2,25.53,1,1,1.0
1121,164,1.0,69.33,23.47,26.6,1,1,1.0
1121,165,446.93,87.47,62.87,38.33,1,1,0.7194
1121,166,555.73,87.47,68.2,33.0,1,1,1.0
1121,167,77.87,37.33,31.93,30.87,1,1,1.0
1121,168,663.47,167.47,125.8,50.06,1,1,0.3831
1122,144,501.55,274.99,198.97,167.82,1,1,1.0
1122,145,508.8,232.11,135.19,78.65,1,1,0.5452
1122,148,293.97,17.92,27.46,17.0,1,1,0.6141
1122,149,280.96,25.81,32.79,18.92,1,1,0.7418
1122,150,208.43,29.44,31.5,19.77,1,1,0.2414
1122,151,129.07,139.31,63.5,52.84,1,1,1.0
1122,152,216.96,131.84,64.15,49.43,1,1,1.0
1122,153,358.19,22.83,35.98,25.75,1,1,0.803
1122,154,337.92,31.36,30.87,27.24,1,1,1.0
1122,155,276.48,38.61,30.65,17.43,1,1,1.0
1122,156,155.09,99.41,52.42,43.67,1,1,1.0
1122,157,224.21,83.41,54.12,39.83,1,1,1.0
1122,158,127.79,68.05,37.05,29.16,1,1,1.0
1122,160,49.07,74.03,37.27,32.57,1,1,1.0
1122,161,408.75,70.61,52.41,28.52,1,1,0.8269
1122,162,328.53,68.48,44.1,23.83,1,1,0.1477
1122,163,151.47,53.12,35.77,25.53,1,1,1.0
1122,164,1.0,70.4,23.89,27.03,1,1,1.0
1122,165,441.17,86.19,62.87,37.26,1,1,0.7614
1122,166,549.12,85.55,67.35,33.0,1,1,1.0
1122,167,78.72,37.97,32.36,31.29,1,1,1.0
1122,168,653.65,164.05,123.03,49.86,1,1,0.3268
1123,144,515.63,283.31,208.14,174.65,1,1,1.0
1123,145,520.53,238.08,141.38,80.57,1,1,0.5614
1123,148,292.48,17.71,27.24,17.0,1,1,0.5927
1123,149,279.25,24.96,32.58,19.77,1,1,0.7213
1123,150,206.72,29.01,31.08,19.35,1,1,0.1544
1123,151,131.2,141.01,64.15,53.48,1,1,1.0
1123,152,220.59,133.55,64.36,49.85,1,1,1.0
1123,153,355.84,22.19,35.77,25.96,1,1,0.8011
1123,154,335.57,30.72,30.87,26.81,1,1,1.0
1123,155,274.56,37.76,30.44,17.85,1,1,1.0
1123,156,157.65,100.69,53.7,44.74,1,1,1.0
1123,157,227.63,84.69,54.97,40.26,1,1,1.0
1123,158,129.71,68.91,36.84,29.59,1,1,1.0
1123,160,50.13,75.52,37.27,32.15,1,1,1.0
1123,161,405.76,69.76,51.56,28.31,1,1,0.8024
1123,162,325.33,67.63,43.46,23.19,1,1,0.1162
1123,163,153.6,53.97,35.35,25.53,1,1,1.0
1123,164,1.0,71.47,24.32,27.45,1,1,1.0
1123,165,435.41,84.91,62.87,36.2,1,1,0.6903
1123,166,542.51,83.63,66.49,33.0,1,1,1.0
1123,167,79.57,38.61,32.79,31.72,1,1,1.0
1123,168,643.84,160.64,120.25,49.64,1,1,0.2889
1124,144,529.71,291.63,217.32,181.48,1,1,1.0
1124,145,532.27,244.05,147.56,82.5,1,1,0.5767
1124,148,290.99,17.49,27.02,17.0,1,1,0.5722
1124,149,277.55,24.11,32.36,20.63,1,1,0.7031
1124,150,205.01,28.59,30.66,18.92,1,1,0.2501
1124,151,133.33,142.72,64.79,54.12,1,1,1.0
1124,152,224.21,135.25,64.58,50.28,1,1,1.0
1124,153,353.49,21.55,35.56,26.17,1,1,0.7991
1124,154,333.23,30.08,30.86,26.39,1,1,1.0
1124,155,272.64,36.91,30.23,18.28,1,1,1.0
1124,156,160.21,101.97,54.98,45.8,1,1,1.0
1124,157,231.04,85.97,55.83,40.68,1,1,1.0
1124,158,131.63,69.76,36.62,30.01,1,1,1.0
1124,160,51.2,77.01,37.27,31.72,1,1,1.0
1124,161,402.77,68.91,50.71,28.09,1,1,0.7763
1124,162,322.13,66.77,42.82,22.55,1,1,0.1573
1124,163,155.73,54.83,34.92,25.53,1,1,1.0
1124,164,1.0,72.53,24.75,27.88,1,1,1.0
1124,165,429.65,83.63,62.87,35.13,1,1,0.6993
1124,166,535.89,81.71,65.64,33.0,1,1,1.0
1124,167,80.43,39.25,33.21,32.15,1,1,1.0
1124,168,634.03,157.23,117.48,49.42,1,1,0.2742
1125,144,543.79,299.95,226.49,188.3,1,1,1.0
1125,145,544.0,250.03,153.75,84.41,1,1,0.5914
1125,148,289.49,17.28,26.82,17.0,1,1,0.5526
1125,149,275.84,23.25,32.15,21.48,1,1,0.6872
1125,150,203.31,28.16,30.22,18.49,1,1,0.1359
1125,151,135.47,144.43,65.42,54.76,1,1,1.0
1125,152,227.84,136.96,64.79,50.71,1,1,1.0
1125,153,351.15,20.91,35.34,26.39,1,1,0.7971
1125,154,330.88,29.44,30.87,25.96,1,1,1.0
1125,155,270.72,36.05,30.01,18.71,1,1,1.0
1125,156,162.77,103.25,56.26,46.87,1,1,1.0
1125,157,234.45,87.25,56.68,41.11,1,1,1.0
1125,158,133.55,70.61,36.41,30.44,1,1,1.0
1125,160,52.27,78.51,37.27,31.29,1,1,1.0
1125,161,399.79,68.05,49.85,27.88,1,1,0.7483
1125,162,318.93,65.92,42.18,21.91,1,1,0.1203
1125,163,157.87,55.68,34.49,25.53,1,1,1.0
1125,164,1.0,73.6,25.17,28.31,1,1,1.0
1125,165,423.89,82.35,62.87,34.06,1,1,0.6837
1125,166,529.28,79.79,64.79,33.0,1,1,1.0
1125,167,81.28,39.89,33.64,32.57,1,1,1.0
1125,168,624.21,153.81,114.71,49.22,1,1,0.2609
1126,144,557.87,308.27,235.66,195.13,1,1,1.0
1126,145,555.73,256.0,159.94,86.33,1,1,0.6107
1126,148,288.0,17.07,26.6,17.0,1,1,0.5338
1126,149,274.13,22.4,31.94,22.33,1,1,0.673
1126,150,201.6,27.73,29.8,18.07,1,1,0.149
1126,151,137.6,146.13,66.07,55.4,1,1,1.0
1126,152,231.47,138.67,65.0,51.13,1,1,1.0
1126,153,348.8,20.27,35.13,26.6,1,1,0.7951
1126,154,328.53,28.8,30.87,25.53,1,1,1.0
1126,155,268.8,35.2,29.8,19.13,1,1,1.0
1126,156,165.33,104.53,57.54,47.94,1,1,1.0
1126,157,237.87,88.53,57.53,41.54,1,1,1.0
1126,158,135.47,71.47,36.2,30.86,1,1,1.0
1126,160,53.33,80.0,37.27,30.87,1,1,1.0
1126,161,396.8,67.2,49.0,27.67,1,1,0.7183
1126,162,315.73,65.07,41.54,21.27,1,1,0.0563
1126,163,160.0,56.53,34.07,25.53,1,1,1.0
1126,164,1.0,74.67,25.6,28.73,1,1,1.0
1126,165,418.13,81.07,62.87,33.0,1,1,0.6822
1126,166,522.67,77.87,63.93,33.0,1,1,1.0
1126,167,82.13,40.53,34.07,33.0,1,1,1.0
1126,168,614.4,150.4,111.93,49.0,1,1,0.2942
1127,144,576.43,318.51,247.18,195.13,1,1,1.0
1127,145,571.09,262.61,165.06,88.68,1,1,0.6423
1127,148,286.51,16.85,25.96,16.36,1,1,0.539
1127,149,272.64,21.97,31.29,22.12,1,1,0.6705
1127,150,200.11,27.09,30.44,18.28,1,1,0.1794
1127,151,139.95,148.69,67.13,56.04,1,1,1.0
1127,152,235.31,140.8,66.92,52.63,1,1,1.0
1127,153,346.67,20.05,34.7,26.6,1,1,0.8027
1127,154,326.19,28.37,30.44,25.53,1,1,1.0
1127,155,266.45,34.35,29.59,19.77,1,1,1.0
1127,156,167.89,106.24,57.75,47.72,1,1,1.0
1127,157,241.07,89.81,58.6,42.39,1,1,1.0
1127,158,136.96,72.53,36.63,30.66,1,1,1.0
1127,160,54.19,81.07,38.12,31.08,1,1,1.0
1127,161,393.6,66.13,48.15,27.24,1,1,0.7112
1127,162,312.32,64.0,41.96,21.48,1,1,0.1155
1127,163,161.71,57.39,34.7,25.53,1,1,1.0
1127,164,1.0,75.52,26.24,28.95,1,1,1.0
1127,165,413.87,79.79,61.16,32.78,1,1,0.673
1127,166,516.91,76.8,63.72,32.36,1,1,1.0
1127,167,83.63,41.39,33.85,33.0,1,1,1.0
1127,168,606.08,147.41,109.37,48.58,1,1,0.2622
1128,144,594.99,328.75,258.7,195.13,1,1,1.0
1128,145,586.45,269.23,170.18,91.02,1,1,0.6713
1128,148,285.01,16.64,25.32,15.72,1,1,0.5439
1128,149,271.15,21.55,30.65,21.91,1,1,0.6688
1128,150,198.61,26.45,31.08,18.49,1,1,0.2097
1128,151,142.29,151.25,68.2,56.68,1,1,1.0
1128,152,239.15,142.93,68.84,54.12,1,1,1.0
1128,153,344.53,19.84,34.28,26.6,1,1,0.811
1128,154,323.84,27.95,30.01,25.53,1,1,1.0
1128,155,264.11,33.49,29.37,20.41,1,1,1.0
1128,156,170.45,107.95,57.96,47.5,1,1,1.0
1128,157,244.27,91.09,59.66,43.24,1,1,1.0
1128,158,138.45,73.6,37.06,30.44,1,1,1.0
1128,160,55.04,82.13,38.97,31.3,1,1,1.0
1128,161,390.4,65.07,47.29,26.81,1,1,0.7037
1128,162,308.91,62.93,42.38,21.69,1,1,0.1693
1128,163,163.41,58.24,35.35,25.53,1,1,1.0
1128,164,1.0,76.37,26.88,29.16,1,1,1.0
1128,165,409.6,78.51,59.45,32.57,1,1,0.7248
1128,166,511.15,75.73,63.5,31.72,1,1,1.0
1128,167,85.12,42.24,33.64,33.0,1,1,1.0
1128,168,597.76,144.43,106.81,48.14,1,1,0.2835
1129,144,613.55,338.99,270.22,195.13,1,1,1.0
1129,145,601.81,275.84,175.3,93.37,1,1,0.698
1129,148,283.52,16.43,24.68,15.08,1,1,0.5493
1129,149,269.65,21.12,30.02,21.69,1,1,0.6677
1129,150,197.12,25.81,31.72,18.71,1,1,0.2454
1129,151,144.64,153.81,69.27,57.32,1,1,1.0
1129,152,242.99,145.07,70.76,55.61,1,1,1.0
1129,153,342.4,19.63,33.85,26.6,1,1,0.8197
1129,154,321.49,27.52,29.59,25.53,1,1,1.0
1129,155,261.76,32.64,29.16,21.05,1,1,1.0
1129,156,173.01,109.65,58.18,47.3,1,1,1.0
1129,157,247.47,92.37,60.73,44.1,1,1,1.0
1129,158,139.95,74.67,37.48,30.22,1,1,1.0
1129,160,55.89,83.2,39.83,31.51,1,1,1.0
1129,161,387.2,64.0,46.44,26.39,1,1,0.696
1129,162,305.49,61.87,42.82,21.91,1,1,0.1081
1129,163,165.12,59.09,35.99,25.53,1,1,1.0
1129,164,1.0,77.23,27.52,29.37,1,1,1.0
1129,165,405.33,77.23,57.75,32.36,1,1,0.7287
1129,166,505.39,74.67,63.29,31.08,1,1,1.0
1129,167,86.61,43.09,33.43,33.0,1,1,1.0
1129,168,589.44,141.44,104.25,47.72,1,1,0.3168
1130,144,632.11,349.23,281.74,191.77,1,1,1.0
1130,145,617.17,282.45,180.42,95.72,1,1,0.7227
1130,148,282.03,16.21,24.04,14.44,1,1,0.5553
1130,149,268.16,20.69,29.37,21.48,1,1,0.6674
1130,150,195.63,25.17,32.36,18.92,1,1,0.1591
1130,151,146.99,156.37,70.33,57.96,1,1,1.0
1130,152,246.83,147.2,72.68,57.11,1,1,1.0
1130,153,340.27,19.41,33.42,26.6,1,1,0.8289
1130,154,319.15,27.09,29.16,25.53,1,1,1.0
1130,155,259.41,31.79,28.95,21.69,1,1,1.0
1130,156,175.57,111.36,58.39,47.08,1,1,1.0
1130,157,250.67,93.65,61.8,44.95,1,1,1.0
1130,158,141.44,75.73,37.91,30.02,1,1,1.0
1130,160,56.75,84.27,40.68,31.72,1,1,1.0
1130,161,384.0,62.93,45.59,25.96,1,1,0.688
1130,162,302.08,60.8,43.24,22.12,1,1,0.0612
1130,163,166.83,59.95,36.62,25.53,1,1,1.0
1130,164,1.0,78.08,28.16,29.59,1,1,1.0
1130,165,401.07,75.95,56.04,32.14,1,1,0.7114
1130,166,499.63,73.6,63.08,30.44,1,1,1.0
1130,167,88.11,43.95,33.21,33.0,1,1,1.0
1130,168,581.12,138.45,101.69,47.3,1,1,0.3619
1131,144,650.67,359.47,293.26,181.53,1,1,1.0
1131,145,632.53,289.07,185.54,98.06,1,1,0.7455
1131,148,280.53,16.0,23.4,13.8,1,1,0.561
1131,149,266.67,20.27,28.73,21.27,1,1,0.6681
1131,150,194.13,24.53,33.0,19.13,1,1,0.2191
1131,151,149.33,158.93,71.4,58.6,1,1,1.0
1131,152,250.67,149.33,74.6,58.6,1,1,1.0
1131,153,338.13,19.2,33.0,26.6,1,1,0.8387
1131,154,316.8,26.67,28.73,25.53,1,1,1.0
1131,155,257.07,30.93,28.73,22.33,1,1,1.0
1131,156,178.13,113.07,58.6,46.86,1,1,1.0
1131,157,253.87,94.93,62.86,45.8,1,1,1.0
1131,158,142.93,76.8,38.34,29.8,1,1,1.0
1131,160,57.6,85.33,41.53,31.94,1,1,1.0
1131,161,380.8,61.87,44.73,25.53,1,1,0.6797
1131,162,298.67,59.73,43.66,22.33,1,1,0.1015
1131,163,168.53,60.8,37.27,25.53,1,1,1.0
1131,164,1.0,78.93,28.8,29.8,1,1,1.0
1131,165,396.8,74.67,54.33,31.93,1,1,0.7022
1131,166,493.87,72.53,62.86,29.8,1,1,1.0
1131,167,89.6,44.8,33.0,33.0,1,1,1.0
1131,168,572.8,135.47,99.13,46.86,1,1,0.3184
1132,144,676.05,373.33,272.79,167.67,1,1,1.0
1132,145,651.31,298.88,192.78,100.41,1,1,0.7746
1132,148,278.83,15.15,23.4,14.44,1,1,0.5713
1132,149,264.96,19.84,28.73,20.63,1,1,0.6752
1132,150,192.43,24.32,32.36,18.49,1,1,0.199
1132,151,152.32,161.49,72.47,59.67,1,1,1.0
1132,152,255.57,152.32,75.88,59.24,1,1,1.0
1132,153,336.21,18.56,32.58,26.39,1,1,0.8371
1132,154,315.31,26.03,28.3,25.53,1,1,1.0
1132,155,254.93,30.29,28.95,22.12,1,1,1.0
1132,156,181.76,114.56,58.17,47.93,1,1,1.0
1132,157,257.71,96.43,63.93,46.44,1,1,1.0
1132,158,144.85,77.44,38.55,30.44,1,1,1.0
1132,160,59.31,86.4,41.32,32.57,1,1,1.0
1132,161,378.03,61.23,44.09,24.68,1,1,0.6688
1132,162,295.68,58.67,43.03,22.12,1,1,0.157
1132,163,170.88,61.44,37.69,25.53,1,1,1.0
1132,164,1.0,80.43,29.44,30.01,1,1,1.0
1132,165,392.32,73.81,53.91,31.51,1,1,0.6887
1132,166,488.96,70.83,61.37,29.8,1,1,1.0
1132,167,90.88,45.23,32.79,32.79,1,1,1.0
1132,168,565.55,132.91,96.78,46.22,1,1,0.3324
1133,144,701.44,387.2,259.56,153.8,1,1,1.0
1133,145,670.08,308.69,200.04,102.76,1,1,0.801
1133,148,277.12,14.29,23.4,15.08,1,1,0.5803
1133,149,263.25,19.41,28.74,19.99,1,1,0.6825
1133,150,190.72,24.11,31.72,17.85,1,1,0.2181
1133,151,155.31,164.05,73.53,60.74,1,1,1.0
1133,152,260.48,155.31,77.16,59.88,1,1,1.0
1133,153,334.29,17.92,32.15,26.17,1,1,0.8355
1133,154,313.81,25.39,27.88,25.53,1,1,1.0
1133,155,252.8,29.65,29.16,21.91,1,1,1.0
1133,156,185.39,116.05,57.74,49.0,1,1,1.0
1133,157,261.55,97.92,65.0,47.08,1,1,1.0
1133,158,146.77,78.08,38.76,31.08,1,1,1.0
1133,160,61.01,87.47,41.11,33.21,1,1,1.0
1133,161,375.25,60.59,43.46,23.83,1,1,0.6586
1133,162,292.69,57.6,42.39,21.91,1,1,0.1343
1133,163,173.23,62.08,38.12,25.53,1,1,1.0
1133,164,1.0,81.92,30.08,30.23,1,1,1.0
1133,165,387.84,72.96,53.48,31.08,1,1,0.6885
1133,166,484.05,69.12,59.88,29.8,1,1,1.0
1133,167,92.16,45.65,32.57,32.57,1,1,1.0
1133,168,558.29,130.35,94.44,45.58,1,1,0.3434
1134,144,726.83,401.07,234.17,139.93,1,1,1.0
1134,145,688.85,318.51,207.3,105.1,1,1,0.8248
1134,148,275.41,13.44,23.4,15.72,1,1,0.5888
1134,149,261.55,18.99,28.73,19.35,1,1,0.69
1134,150,189.01,23.89,31.08,17.21,1,1,0.2689
1134,151,158.29,166.61,74.6,61.8,1,1,1.0
1134,152,265.39,158.29,78.44,60.52,1,1,1.0
1134,153,332.37,17.28,31.72,25.96,1,1,0.8338
1134,154,312.32,24.75,27.45,25.53,1,1,1.0
1134,155,250.67,29.01,29.37,21.69,1,1,1.0
1134,156,189.01,117.55,57.32,50.06,1,1,1.0
1134,157,265.39,99.41,66.06,47.72,1,1,1.0
1134,158,148.69,78.72,38.98,31.72,1,1,1.0
1134,160,62.72,88.53,40.89,33.86,1,1,1.0
1134,161,372.48,59.95,42.81,22.97,1,1,0.6489
1134,162,289.71,56.53,41.74,21.69,1,1,0.1747
1134,163,175.57,62.72,38.55,25.53,1,1,1.0
1134,164,1.0,83.41,30.72,30.44,1,1,1.0
1134,165,383.36,72.11,53.05,30.65,1,1,0.6783
1134,166,479.15,67.41,58.38,29.8,1,1,1.0
1134,167,93.44,46.08,32.36,32.36,1,1,1.0
1134,168,551.04,127.79,92.09,44.94,1,1,0.3683
1135,144,752.21,414.93,208.79,126.07,1,1,1.0
1135,145,707.63,328.32,214.54,107.45,1,1,0.8464
1135,148,273.71,12.59,23.4,16.36,1,1,0.5968
1135,149,259.84,18.56,28.73,18.71,1,1,0.6975
1135,150,187.31,23.68,30.44,16.57,1,1,0.1807
1135,151,161.28,169.17,75.67,62.87,1,1,1.0
1135,152,270.29,161.28,79.72,61.16,1,1,1.0
1135,153,330.45,16.64,31.3,25.75,1,1,0.8321
1135,154,310.83,24.11,27.02,25.53,1,1,1.0
1135,155,248.53,28.37,29.59,21.48,1,1,1.0
1135,156,192.64,119.04,56.89,51.13,1,1,1.0
1135,157,269.23,100.91,67.13,48.36,1,1,1.0
1135,158,150.61,79.36,39.19,32.36,1,1,1.0
1135,160,64.43,89.6,40.68,34.49,1,1,1.0
1135,161,369.71,59.31,42.17,22.12,1,1,0.6401
1135,162,286.72,55.47,41.11,21.48,1,1,0.1179
1135,163,177.92,63.36,38.97,25.53,1,1,1.0
1135,164,1.0,84.91,31.36,30.65,1,1,1.0
1135,165,378.88,71.25,52.63,30.23,1,1,0.6813
1135,166,474.24,65.71,56.89,29.8,1,1,1.0
1135,167,94.72,46.51,32.15,32.15,1,1,1.0
1135,168,543.79,125.23,89.74,44.3,1,1,0.4091
1136,144,777.6,428.8,183.4,112.2,1,1,1.0
1136,145,726.4,338.13,221.8,109.8,1,1,0.866
1136,148,272.0,11.73,23.4,17.0,1,1,0.6038
1136,149,258.13,18.13,28.74,18.07,1,1,0.7053
1136,150,185.6,23.47,29.8,15.93,1,1,0.206
1136,151,164.27,171.73,76.73,63.94,1,1,1.0
1136,152,275.2,164.27,81.0,61.8,1,1,1.0
1136,153,328.53,16.0,30.87,25.53,1,1,0.8304
1136,154,309.33,23.47,26.6,25.53,1,1,1.0
1136,155,246.4,27.73,29.8,21.27,1,1,1.0
1136,156,196.27,120.53,56.46,52.2,1,1,1.0
1136,157,273.07,102.4,68.2,49.0,1,1,1.0
1136,158,152.53,80.0,39.4,33.0,1,1,1.0
1136,160,66.13,90.67,40.47,35.13,1,1,1.0
1136,161,366.93,58.67,41.54,21.27,1,1,0.6323
1136,162,283.73,54.4,40.47,21.27,1,1,0.206
1136,163,180.27,64.0,39.4,25.53,1,1,1.0
1136,164,1.0,86.4,32.0,30.87,1,1,1.0
1136,165,374.4,70.4,52.2,29.8,1,1,0.5929
1136,166,469.33,64.0,55.4,29.8,1,1,1.0
1136,167,96.0,46.93,31.93,31.93,1,1,1.0
1136,168,536.53,122.67,87.4,43.66,1,1,0.3511
1136,169,866.13,134.4,94.87,55.4,1,1,1.0
1136,170,1.0,33.07,32.0,22.33,1,1,1.0
1137,145,750.29,350.08,210.71,112.57,1,1,1.0
1137,148,270.08,11.52,23.83,16.79,1,1,0.5948
1137,149,256.64,17.71,28.73,18.07,1,1,0.7195
1137,150,184.32,23.04,30.01,15.93,1,1,0.1858
1137,151,167.04,174.51,77.37,64.78,1,1,1.0
1137,152,280.11,167.47,83.13,63.08,1,1,1.0
1137,153,325.97,15.79,31.51,25.53,1,1,0.8221
1137,154,306.99,23.04,26.81,25.75,1,1,1.0
1137,155,245.12,27.52,29.16,20.84,1,1,1.0
1137,156,199.47,122.03,57.74,52.84,1,1,1.0
1137,157,277.76,104.32,68.84,49.85,1,1,1.0
1137,158,153.81,80.64,40.04,33.21,1,1,1.0
1137,160,67.41,91.95,40.68,34.92,1,1,1.0
1137,161,364.59,57.81,41.32,21.48,1,1,0.6118
1137,162,281.6,53.76,40.04,21.05,1,1,0.2221
1137,163,182.61,64.85,39.4,26.17,1,1,1.0
1137,164,1.0,87.04,33.07,31.93,1,1,1.0
1137,165,370.56,69.55,51.99,29.16,1,1,0.6443
1137,166,464.64,62.93,54.97,29.59,1,1,1.0
1137,167,97.28,47.79,33.0,32.57,1,1,1.0
1137,168,529.28,120.96,86.33,42.17,1,1,0.3993
1137,169,852.27,131.63,108.73,54.76,1,1,1.0
1137,170,12.16,33.49,21.69,21.91,1,1,1.0
1138,145,774.19,362.03,186.81,115.34,1,1,1.0
1138,148,268.16,11.31,24.25,16.57,1,1,0.5854
1138,149,255.15,17.28,28.73,18.07,1,1,0.7334
1138,150,183.04,22.61,30.23,15.93,1,1,0.2446
1138,151,169.81,177.28,78.02,65.64,1,1,1.0
1138,152,285.01,170.67,85.27,64.36,1,1,1.0
1138,153,323.41,15.57,32.15,25.53,1,1,0.8139
1138,154,304.64,22.61,27.03,25.96,1,1,1.0
1138,155,243.84,27.31,28.52,20.41,1,1,1.0
1138,156,202.67,123.52,59.02,53.48,1,1,1.0
1138,157,282.45,106.24,69.48,50.71,1,1,1.0
1138,158,155.09,81.28,40.68,33.43,1,1,1.0
1138,160,68.69,93.23,40.9,34.7,1,1,1.0
1138,161,362.24,56.96,41.11,21.69,1,1,0.5909
1138,162,279.47,53.12,39.61,20.84,1,1,0.1515
1138,163,184.96,65.71,39.4,26.81,1,1,1.0
1138,164,1.0,87.68,34.13,33.0,1,1,1.0
1138,165,366.72,68.69,51.77,28.52,1,1,0.663
1138,166,459.95,61.87,54.54,29.37,1,1,1.0
1138,167,98.56,48.64,34.07,33.21,1,1,1.0
1138,168,522.03,119.25,85.26,40.68,1,1,0.3797
1138,169,838.4,128.85,104.25,54.12,1,1,1.0
1138,170,12.59,33.92,22.12,21.48,1,1,1.0
1139,145,798.08,373.97,162.92,118.12,1,1,1.0
1139,148,266.24,11.09,24.68,16.36,1,1,0.576
1139,149,253.65,16.85,28.74,18.07,1,1,0.7469
1139,150,181.76,22.19,30.44,15.93,1,1,0.2453
1139,151,172.59,180.05,78.65,66.5,1,1,1.0
1139,152,289.92,173.87,87.4,65.64,1,1,1.0
1139,153,320.85,15.36,32.79,25.53,1,1,0.8061
1139,154,302.29,22.19,27.24,26.17,1,1,1.0
1139,155,242.56,27.09,27.88,19.99,1,1,1.0
1139,156,205.87,125.01,60.3,54.12,1,1,1.0
1139,157,287.15,108.16,70.12,51.56,1,1,1.0
1139,158,156.37,81.92,41.32,33.64,1,1,1.0
1139,160,69.97,94.51,41.11,34.49,1,1,1.0
1139,161,359.89,56.11,40.9,21.91,1,1,0.5696
1139,162,277.33,52.48,39.19,20.63,1,1,0.1899
1139,163,187.31,66.56,39.4,27.45,1,1,1.0
1139,164,1.0,88.32,35.2,34.07,1,1,1.0
1139,165,362.88,67.84,51.56,27.88,1,1,0.7322
1139,166,455.25,60.8,54.12,29.16,1,1,1.0
1139,167,99.84,49.49,35.13,33.85,1,1,1.0
1139,168,514.77,117.55,84.2,39.18,1,1,0.4228
1139,169,824.53,126.08,105.75,53.48,1,1,1.0
1139,170,13.01,34.35,22.55,21.05,1,1,1.0
1140,145,821.97,385.92,139.03,120.89,1,1,1.0
1140,148,264.32,10.88,25.11,16.15,1,1,0.5668
1140,149,252.16,16.43,28.73,18.07,1,1,0.76
1140,150,180.48,21.76,30.65,15.93,1,1,0.1875
1140,151,175.36,182.83,79.29,67.34,1,1,1.0
1140,152,294.83,177.07,89.53,66.92,1,1,1.0
1140,153,318.29,15.15,33.43,25.53,1,1,0.7981
1140,154,299.95,21.76,27.45,26.39,1,1,1.0
1140,155,241.28,26.88,27.24,19.56,1,1,1.0
1140,156,209.07,126.51,61.58,54.76,1,1,1.0
1140,157,291.84,110.08,70.76,52.41,1,1,1.0
1140,158,157.65,82.56,41.96,33.85,1,1,1.0
1140,160,71.25,95.79,41.32,34.28,1,1,1.0
1140,161,357.55,55.25,40.68,22.12,1,1,0.5477
1140,162,275.2,51.84,38.76,20.41,1,1,0.2202
1140,163,189.65,67.41,39.4,28.09,1,1,1.0
1140,164,1.0,88.96,36.27,35.13,1,1,1.0
1140,165,359.04,66.99,51.35,27.24,1,1,0.6591
1140,166,450.56,59.73,53.69,28.95,1,1,1.0
1140,167,101.12,50.35,36.2,34.49,1,1,1.0
1140,168,507.52,115.84,83.13,37.69,1,1,0.4788
1140,169,810.67,123.31,107.24,52.84,1,1,1.0
1140,170,13.44,34.77,22.97,20.63,1,1,1.0
1141,145,845.87,397.87,115.13,123.66,1,1,1.0
1141,148,262.4,10.67,25.53,15.93,1,1,0.557
1141,149,250.67,16.0,28.73,18.07,1,1,0.7729
1141,150,179.2,21.33,30.87,15.93,1,1,0.2053
1141,151,178.13,185.6,79.94,68.2,1,1,1.0
1141,152,299.73,180.27,91.67,68.2,1,1,1.0
1141,153,315.73,14.93,34.07,25.53,1,1,0.7902
1141,154,297.6,21.33,27.67,26.6,1,1,1.0
1141,155,240.0,26.67,26.6,19.13,1,1,1.0
1141,156,212.27,128.0,62.86,55.4,1,1,1.0
1141,157,296.53,112.0,71.4,53.27,1,1,1.0
1141,158,158.93,83.2,42.6,34.07,1,1,1.0
1141,160,72.53,97.07,41.54,34.06,1,1,1.0
1141,161,355.2,54.4,40.47,22.33,1,1,0.5254
1141,162,273.07,51.2,38.33,20.2,1,1,0.1876
1141,163,192.0,68.27,39.4,28.73,1,1,1.0
1141,164,1.0,89.6,37.33,36.2,1,1,1.0
1141,165,355.2,66.13,51.13,26.6,1,1,0.708
1141,166,445.87,58.67,53.26,28.73,1,1,1.0
1141,167,102.4,51.2,37.27,35.13,1,1,1.0
1141,168,500.27,114.13,82.06,36.2,1,1,0.4533
1141,169,796.8,120.53,108.73,52.2,1,1,1.0
1141,170,13.87,35.2,23.4,20.2,1,1,1.0
1142,149,249.17,15.79,28.52,18.49,1,1,0.7698
1142,150,178.35,20.91,30.44,15.93,1,1,0.1941
1142,151,181.33,189.01,81.64,69.7,1,1,1.0
1142,152,305.92,184.75,92.95,68.84,1,1,1.0
1142,153,314.67,15.15,32.78,24.89,1,1,0.8105
1142,154,295.89,21.76,27.24,25.96,1,1,1.0
1142,155,237.65,26.45,27.03,18.71,1,1,1.0
1142,156,215.04,130.77,64.79,56.26,1,1,1.0
1142,157,301.44,114.13,72.68,54.34,1,1,1.0
1142,158,160.64,84.69,43.24,34.07,1,1,1.0
1142,160,73.6,98.13,42.81,34.71,1,1,1.0
1142,161,352.0,53.97,40.89,22.33,1,1,0.5158
1142,162,270.72,50.35,37.91,19.99,1,1,0.1828
1142,163,193.71,69.55,40.25,28.73,1,1,1.0
1142,164,1.0,91.73,37.55,36.2,1,1,1.0
1142,165,351.57,65.49,50.5,26.39,1,1,0.6345
1142,166,441.39,58.03,52.41,28.31,1,1,1.0
1142,167,103.47,51.63,37.69,35.77,1,1,1.0
1142,168,494.29,112.43,81.43,35.77,1,1,0.4458
1142,169,786.35,118.61,106.17,50.92,1,1,1.0
1142,170,14.08,35.63,23.4,20.41,1,1,1.0
1143,149,247.68,15.57,28.31,18.92,1,1,0.7676
1143,150,177.49,20.48,30.02,15.93,1,1,0.2474
1143,151,184.53,192.43,83.35,71.18,1,1,1.0
1143,152,312.11,189.23,94.22,69.48,1,1,1.0
1143,153,313.6,15.36,31.51,24.25,1,1,0.8313
1143,154,294.19,22.19,26.81,25.32,1,1,1.0
1143,155,235.31,26.24,27.45,18.28,1,1,1.0
1143,156,217.81,133.55,66.71,57.1,1,1,1.0
1143,157,306.35,116.27,73.96,55.4,1,1,1.0
1143,158,162.35,86.19,43.88,34.06,1,1,1.0
1143,160,74.67,99.2,44.09,35.35,1,1,1.0
1143,161,348.8,53.55,41.32,22.33,1,1,0.5062
1143,162,268.37,49.49,37.48,19.77,1,1,0.2414
1143,163,195.41,70.83,41.11,28.73,1,1,1.0
1143,164,1.0,93.87,37.76,36.2,1,1,1.0
1143,165,347.95,64.85,49.85,26.17,1,1,0.6114
1143,166,436.91,57.39,51.56,27.88,1,1,1.0
1143,167,104.53,52.05,38.12,36.41,1,1,1.0
1143,168,488.32,110.72,80.79,35.35,1,1,0.4383
1143,169,775.89,116.69,103.62,49.64,1,1,1.0
1143,170,14.29,36.05,23.4,20.63,1,1,1.0
1144,149,246.19,15.36,28.09,19.35,1,1,0.766
1144,150,176.64,20.05,29.59,15.93,1,1,0.2477
1144,151,187.73,195.84,85.06,72.68,1,1,1.0
1144,152,318.29,193.71,95.51,70.12,1,1,1.0
1144,153,312.53,15.57,30.23,23.61,1,1,0.8528
1144,154,292.48,22.61,26.39,24.68,1,1,1.0
1144,155,232.96,26.03,27.88,17.85,1,1,1.0
1144,156,220.59,136.32,68.62,57.96,1,1,1.0
1144,157,311.25,118.4,75.24,56.47,1,1,1.0
1144,158,164.05,87.68,44.52,34.07,1,1,1.0
1144,160,75.73,100.27,45.38,35.98,1,1,1.0
1144,161,345.6,53.12,41.75,22.33,1,1,0.4967
1144,162,266.03,48.64,37.05,19.56,1,1,0.1736
1144,163,197.12,72.11,41.96,28.73,1,1,1.0
1144,164,1.0,96.0,37.97,36.2,1,1,1.0
1144,165,344.32,64.21,49.21,25.96,1,1,0.6124
1144,166,432.43,56.75,50.7,27.45,1,1,1.0
1144,167,105.6,52.48,38.55,37.05,1,1,1.0
1144,168,482.35,109.01,80.14,34.92,1,1,0.4464
1144,169,765.44,114.77,101.05,48.36,1,1,1.0
1144,170,14.51,36.48,23.4,20.84,1,1,1.0
1145,149,244.69,15.15,27.88,19.77,1,1,0.7649
1145,150,175.79,19.63,29.16,15.93,1,1,0.3146
1145,151,190.93,199.25,86.76,74.18,1,1,1.0
1145,152,324.48,198.19,96.79,70.76,1,1,1.0
1145,153,311.47,15.79,28.94,22.97,1,1,0.8756
1145,154,290.77,23.04,25.96,24.04,1,1,1.0
1145,155,230.61,25.81,28.31,17.43,1,1,1.0
1145,156,223.36,139.09,70.55,58.82,1,1,1.0
1145,157,316.16,120.53,76.52,57.54,1,1,1.0
1145,158,165.76,89.17,45.16,34.07,1,1,1.0
1145,160,76.8,101.33,46.65,36.63,1,1,1.0
1145,161,342.4,52.69,42.17,22.33,1,1,0.4871
1145,162,263.68,47.79,36.63,19.35,1,1,0.2314
1145,163,198.83,73.39,42.81,28.73,1,1,1.0
1145,164,1.0,98.13,38.19,36.2,1,1,1.0
1145,165,340.69,63.57,48.58,25.75,1,1,0.6018
1145,166,427.95,56.11,49.85,27.03,1,1,1.0
1145,167,106.67,52.91,38.97,37.69,1,1,1.0
1145,168,476.37,107.31,79.51,34.49,1,1,0.4385
1145,169,754.99,112.85,98.49,47.08,1,1,1.0
1145,170,14.72,36.91,23.4,21.05,1,1,1.0
1146,149,243.2,14.93,27.67,20.2,1,1,0.7646
1146,150,174.93,19.2,28.74,15.93,1,1,0.3514
1146,151,194.13,202.67,88.47,75.66,1,1,1.0
1146,152,330.67,202.67,98.06,71.4,1,1,1.0
1146,153,310.4,16.0,27.67,22.33,1,1,0.899
1146,154,289.07,23.47,25.53,23.4,1,1,1.0
1146,155,228.27,25.6,28.73,17.0,1,1,1.0
1146,156,226.13,141.87,72.47,59.66,1,1,1.0
1146,157,321.07,122.67,77.8,58.6,1,1,1.0
1146,158,167.47,90.67,45.8,34.06,1,1,1.0
1146,160,77.87,102.4,47.93,37.27,1,1,1.0
1146,161,339.2,52.27,42.6,22.33,1,1,0.4776
1146,162,261.33,46.93,36.2,19.13,1,1,0.2892
1146,163,200.53,74.67,43.67,28.73,1,1,1.0
1146,164,1.0,100.27,38.4,36.2,1,1,1.0
1146,165,337.07,62.93,47.93,25.53,1,1,0.5823
1146,166,423.47,55.47,49.0,26.6,1,1,1.0
1146,167,107.73,53.33,39.4,38.33,1,1,1.0
1146,168,470.4,105.6,78.87,34.07,1,1,0.4951
1146,169,744.53,110.93,95.94,45.8,1,1,1.0
1146,170,14.93,37.33,23.4,21.27,1,1,1.0
1147,149,241.71,14.72,27.45,19.56,1,1,0.7805
1147,151,197.55,206.29,89.96,76.95,1,1,1.0
1147,152,337.92,207.57,101.05,73.32,1,1,1.0
1147,153,308.05,15.57,28.1,22.55,1,1,0.8832
1147,154,286.93,22.83,25.96,23.4,1,1,1.0
1147,155,227.2,25.6,28.09,16.36,1,1,1.0
1147,156,230.4,143.57,73.32,61.59,1,1,1.0
1147,157,326.19,124.59,79.93,59.88,1,1,1.0
1147,158,169.39,91.95,46.01,34.7,1,1,1.0
1147,160,79.57,104.11,47.94,37.9,1,1,1.0
1147,161,337.07,51.41,42.17,22.55,1,1,0.4731
1147,162,259.2,46.51,35.56,19.56,1,1,0.1971
1147,163,203.31,75.52,44.09,29.8,1,1,1.0
1147,164,1.0,101.76,39.89,37.05,1,1,1.0
1147,165,333.65,62.08,47.3,25.11,1,1,0.5731
1147,166,419.41,55.04,49.0,26.6,1,1,1.0
1147,167,108.8,54.4,40.04,38.97,1,1,1.0
1147,168,465.28,104.11,76.95,34.06,1,1,0.4163
1147,169,735.15,109.23,93.37,45.37,1,1,1.0
1147,170,15.57,37.76,23.61,21.69,1,1,1.0
1148,149,240.21,14.51,27.24,18.92,1,1,0.7968
1148,151,200.96,209.92,91.45,78.23,1,1,1.0
1148,152,345.17,212.48,104.04,75.24,1,1,1.0
1148,153,305.71,15.15,28.52,22.76,1,1,0.8673
1148,154,284.8,22.19,26.39,23.4,1,1,1.0
1148,155,226.13,25.6,27.46,15.72,1,1,1.0
1148,156,234.67,145.28,74.17,63.51,1,1,1.0
1148,157,331.31,126.51,82.06,61.16,1,1,1.0
1148,158,171.31,93.23,46.22,35.34,1,1,1.0
1148,160,81.28,105.81,47.93,38.55,1,1,1.0
1148,161,334.93,50.56,41.75,22.76,1,1,0.4687
1148,162,257.07,46.08,34.92,19.99,1,1,0.2175
1148,163,206.08,76.37,44.52,30.87,1,1,1.0
1148,164,1.0,103.25,41.39,37.91,1,1,1.0
1148,165,330.24,61.23,46.65,24.68,1,1,0.5578
1148,166,415.36,54.61,49.0,26.6,1,1,1.0
1148,167,109.87,55.47,40.68,39.61,1,1,1.0
1148,168,460.16,102.61,75.03,34.07,1,1,0.3892
1148,169,725.76,107.52,90.81,44.95,1,1,1.0
1148,170,16.21,38.19,23.83,22.12,1,1,1.0
1149,149,238.72,14.29,27.03,18.28,1,1,0.8143
1149,151,204.37,213.55,92.95,79.5,1,1,1.0
1149,152,352.43,217.39,107.02,77.16,1,1,1.0
1149,153,303.36,14.72,28.95,22.97,1,1,0.8514
1149,154,282.67,21.55,26.81,23.4,1,1,1.0
1149,155,225.07,25.6,26.81,15.08,1,1,1.0
1149,156,238.93,146.99,75.03,65.42,1,1,1.0
1149,157,336.43,128.43,84.2,62.44,1,1,1.0
1149,158,173.23,94.51,46.44,35.98,1,1,1.0
1149,160,82.99,107.52,47.93,39.19,1,1,1.0
1149,161,332.8,49.71,41.32,22.97,1,1,0.4809
1149,162,254.93,45.65,34.28,20.41,1,1,0.2423
1149,163,208.85,77.23,44.95,31.93,1,1,1.0
1149,164,1.0,104.75,42.88,38.76,1,1,1.0
1149,165,326.83,60.37,46.01,24.25,1,1,0.5587
1149,166,411.31,54.19,49.0,26.6,1,1,1.0
1149,167,110.93,56.53,41.32,40.25,1,1,1.0
1149,168,455.04,101.12,73.11,34.07,1,1,0.4351
1149,169,716.37,105.81,88.26,44.52,1,1,1.0
1149,170,16.85,38.61,24.04,22.55,1,1,1.0
1150,149,237.23,14.08,26.81,17.64,1,1,0.8325
1150,151,207.79,217.17,94.44,80.79,1,1,1.0
1150,152,359.68,222.29,110.01,79.08,1,1,1.0
1150,153,301.01,14.29,29.38,23.19,1,1,0.8355
1150,154,280.53,20.91,27.24,23.4,1,1,1.0
1150,155,224.0,25.6,26.17,14.44,1,1,1.0
1150,156,243.2,148.69,75.88,67.35,1,1,1.0
1150,157,341.55,130.35,86.33,63.72,1,1,1.0
1150,158,175.15,95.79,46.65,36.62,1,1,1.0
1150,160,84.69,109.23,47.94,39.82,1,1,1.0
1150,161,330.67,48.85,40.89,23.19,1,1,0.4966
1150,162,252.8,45.23,33.64,20.84,1,1,0.2565
1150,163,211.63,78.08,45.37,33.0,1,1,1.0
1150,164,1.0,106.24,44.37,39.61,1,1,1.0
1150,165,323.41,59.52,45.38,23.83,1,1,0.6439
1150,166,407.25,53.76,49.0,26.6,1,1,1.0
1150,167,112.0,57.6,41.96,40.89,1,1,1.0
1150,168,449.92,99.63,71.19,34.06,1,1,0.4371
1150,169,706.99,104.11,85.69,44.09,1,1,1.0
1150,170,17.49,39.04,24.25,22.97,1,1,1.0
1151,149,235.73,13.87,26.6,17.0,1,1,0.8516
1151,151,211.2,220.8,95.93,82.07,1,1,1.0
1151,152,366.93,227.2,113.0,81.0,1,1,1.0
1151,153,298.67,13.87,29.8,23.4,1,1,0.8196
1151,154,278.4,20.27,27.67,23.4,1,1,1.0
1151,155,222.93,25.6,25.54,13.8,1,1,1.0
1151,156,247.47,150.4,76.73,69.27,1,1,1.0
1151,157,346.67,132.27,88.46,65.0,1,1,1.0
1151,158,177.07,97.07,46.86,37.26,1,1,1.0
1151,160,86.4,110.93,47.93,40.47,1,1,1.0
1151,161,328.53,48.0,40.47,23.4,1,1,0.5133
1151,162,250.67,44.8,33.0,21.27,1,1,0.1677
1151,163,214.4,78.93,45.8,34.07,1,1,1.0
1151,164,1.0,107.73,45.87,40.47,1,1,1.0
1151,165,320.0,58.67,44.73,23.4,1,1,0.6441
1151,166,403.2,53.33,49.0,26.6,1,1,1.0
1151,167,113.07,58.67,42.6,41.53,1,1,1.0
1151,168,444.8,98.13,69.27,34.07,1,1,0.4265
1151,169,697.6,102.4,83.13,43.67,1,1,1.0
1151,170,18.13,39.47,24.47,23.4,1,1,1.0
1152,149,233.81,13.65,26.82,17.64,1,1,0.8267
1152,151,215.47,224.64,97.85,84.41,1,1,1.0
1152,152,375.25,232.11,115.35,83.98,1,1,1.0
1152,153,297.17,13.87,29.16,23.4,1,1,0.8381
1152,154,276.48,19.84,27.03,22.97,1,1,1.0
1152,155,220.59,24.96,26.17,14.65,1,1,1.0
1152,156,251.52,153.39,78.23,70.33,1,1,1.0
1152,157,353.07,135.68,89.53,65.64,1,1,1.0
1152,158,179.41,98.35,47.3,37.9,1,1,1.0
1152,160,88.11,112.43,48.57,41.32,1,1,1.0
1152,161,326.4,47.57,39.4,23.19,1,1,0.5142
1152,162,247.89,44.16,33.43,21.05,1,1,0.2029
1152,163,216.96,80.43,46.44,33.85,1,1,1.0
1152,164,1.0,110.29,46.51,40.9,1,1,1.0
1152,165,316.37,57.81,44.31,24.25,1,1,0.5438
1152,166,399.57,52.48,47.94,25.96,1,1,1.0
1152,167,114.35,59.73,43.02,41.75,1,1,1.0
1152,168,439.47,96.43,68.2,33.64,1,1,0.4139
1152,169,688.85,100.69,82.28,43.46,1,1,1.0
1152,170,18.56,40.11,24.68,23.19,1,1,1.0
1153,149,231.89,13.44,27.03,18.28,1,1,0.8029
1153,151,219.73,228.48,99.78,86.76,1,1,1.0
1153,152,383.57,237.01,117.7,86.98,1,1,1.0
1153,153,295.68,13.87,28.52,23.4,1,1,0.859
1153,154,274.56,19.41,26.39,22.55,1,1,1.0
1153,155,218.24,24.32,26.81,15.51,1,1,1.0
1153,156,255.57,156.37,79.72,71.4,1,1,1.0
1153,157,359.47,139.09,90.6,66.28,1,1,1.0
1153,158,181.76,99.63,47.72,38.54,1,1,1.0
1153,160,89.81,113.92,49.22,42.17,1,1,1.0
1153,161,324.27,47.15,38.33,22.97,1,1,0.5164
1153,162,245.12,43.52,33.85,20.84,1,1,0.2354
1153,163,219.52,81.92,47.08,33.64,1,1,1.0
1153,164,1.0,112.85,47.15,41.32,1,1,1.0
1153,165,312.75,56.96,43.88,25.11,1,1,0.4397
1153,166,395.95,51.63,46.86,25.32,1,1,1.0
1153,167,115.63,60.8,43.45,41.96,1,1,1.0
1153,168,434.13,94.72,67.14,33.21,1,1,0.4202
1153,169,680.11,98.99,81.42,43.24,1,1,1.0
1153,170,18.99,40.75,24.89,22.97,1,1,1.0
1154,149,229.97,13.23,27.24,18.92,1,1,0.7802
1154,151,224.0,232.32,101.69,89.11,1,1,1.0
1154,152,391.89,241.92,120.04,89.96,1,1,1.0
1154,153,294.19,13.87,27.88,23.4,1,1,0.8823
1154,154,272.64,18.99,25.75,22.12,1,1,1.0
1154,155,215.89,23.68,27.46,16.36,1,1,1.0
1154,156,259.63,159.36,81.21,72.47,1,1,1.0
1154,157,365.87,142.51,91.66,66.92,1,1,1.0
1154,158,184.11,100.91,48.14,39.18,1,1,1.0
1154,160,91.52,115.41,49.85,43.03,1,1,1.0
1154,161,322.13,46.72,37.27,22.76,1,1,0.5201
1154,162,242.35,42.88,34.28,20.63,1,1,0.1758
1154,163,222.08,83.41,47.72,33.43,1,1,1.0
1154,164,1.0,115.41,47.79,41.75,1,1,1.0
1154,165,309.12,56.11,43.45,25.96,1,1,0.4691
1154,166,392.32,50.77,45.8,24.68,1,1,1.0
1154,167,116.91,61.87,43.88,42.17,1,1,1.0
1154,168,428.8,93.01,66.07,32.79,1,1,0.4242
1154,169,671.36,97.28,80.57,43.03,1,1,1.0
1154,170,19.41,41.39,25.11,22.76,1,1,1.0
1155,149,228.05,13.01,27.46,19.56,1,1,0.7588
1155,151,228.27,236.16,103.61,91.45,1,1,1.0
1155,152,400.21,246.83,122.39,92.94,1,1,1.0
1155,153,292.69,13.87,27.24,23.4,1,1,0.9078
1155,154,270.72,18.56,25.11,21.69,1,1,1.0
1155,155,213.55,23.04,28.09,17.21,1,1,1.0
1155,156,263.68,162.35,82.71,73.53,1,1,1.0
1155,157,372.27,145.92,92.73,67.56,1,1,1.0
1155,158,186.45,102.19,48.58,39.82,1,1,1.0
1155,160,93.23,116.91,50.49,43.88,1,1,1.0
1155,161,320.0,46.29,36.2,22.55,1,1,0.5252
1155,162,239.57,42.24,34.71,20.41,1,1,0.1943
1155,163,224.64,84.91,48.36,33.21,1,1,1.0
1155,164,1.0,117.97,48.43,42.18,1,1,1.0
1155,165,305.49,55.25,43.03,26.81,1,1,0.4079
1155,166,388.69,49.92,44.74,24.04,1,1,1.0
1155,167,118.19,62.93,44.3,42.39,1,1,1.0
1155,168,423.47,91.31,65.0,32.36,1,1,0.4852
1155,169,662.61,95.57,79.72,42.82,1,1,1.0
1155,170,19.84,42.03,25.32,22.55,1,1,1.0
1156,149,226.13,12.8,27.67,20.2,1,1,0.7383
1156,151,232.53,240.0,105.54,93.8,1,1,1.0
1156,152,408.53,251.73,124.74,95.94,1,1,1.0
1156,153,291.2,13.87,26.6,23.4,1,1,0.9364
1156,154,268.8,18.13,24.47,21.27,1,1,1.0
1156,155,211.2,22.4,28.73,18.07,1,1,1.0
1156,156,267.73,165.33,84.2,74.6,1,1,1.0
1156,157,378.67,149.33,93.8,68.2,1,1,1.0
1156,158,188.8,103.47,49.0,40.46,1,1,1.0
1156,160,94.93,118.4,51.14,44.73,1,1,1.0
1156,161,317.87,45.87,35.13,22.33,1,1,0.5321
1156,162,236.8,41.6,35.13,20.2,1,1,0.2445
1156,163,227.2,86.4,49.0,33.0,1,1,1.0
1156,164,1.0,120.53,49.07,42.6,1,1,1.0
1156,165,301.87,54.4,42.6,27.67,1,1,0.421
1156,166,385.07,49.07,43.66,23.4,1,1,1.0
1156,167,119.47,64.0,44.73,42.6,1,1,1.0
1156,168,418.13,89.6,63.94,31.93,1,1,0.5431
1156,169,653.87,93.87,78.86,42.6,1,1,1.0
1156,170,20.27,42.67,25.53,22.33,1,1,1.0
1156,171,52.27,25.6,25.53,24.47,1,1,1.0
1157,149,225.49,12.37,26.82,19.99,1,1,0.7481
1157,151,237.44,245.12,107.88,95.93,1,1,1.0
1157,152,418.56,257.92,130.28,98.71,1,1,1.0
1157,153,289.71,13.01,26.17,23.19,1,1,0.9436
1157,154,267.31,17.71,24.25,21.48,1,1,1.0
1157,155,210.13,21.76,28.1,18.49,1,1,1.0
1157,156,272.85,168.11,86.12,76.52,1,1,1.0
1157,157,386.13,152.11,96.58,70.33,1,1,1.0
1157,158,190.93,104.75,48.79,40.68,1,1,1.0
1157,160,96.43,120.32,52.2,45.16,1,1,1.0
1157,161,316.37,45.65,34.28,21.69,1,1,0.5412
1157,162,235.52,41.17,34.07,19.77,1,1,0.1699
1157,163,230.61,87.68,50.07,33.85,1,1,1.0
1157,164,1.0,122.67,50.56,43.24,1,1,1.0
1157,165,299.52,53.76,41.96,26.6,1,1,0.399
1157,166,381.87,48.43,43.24,22.97,1,1,1.0
1157,167,121.39,64.85,44.73,43.24,1,1,1.0
1157,168,413.87,88.53,63.72,31.3,1,1,0.4546
1157,169,646.4,91.73,76.95,42.18,1,1,1.0
1157,170,20.91,43.52,25.75,22.76,1,1,1.0
1157,171,53.12,25.6,25.96,25.11,1,1,1.0
1158,149,224.85,11.95,25.96,19.77,1,1,0.759
1158,151,242.35,250.24,110.22,98.07,1,1,1.0
1158,152,428.59,264.11,135.82,101.48,1,1,1.0
1158,153,288.21,12.16,25.75,22.97,1,1,0.9505
1158,154,265.81,17.28,24.04,21.69,1,1,1.0
1158,155,209.07,21.12,27.45,18.92,1,1,1.0
1158,156,277.97,170.88,88.04,78.44,1,1,1.0
1158,157,393.6,154.88,99.35,72.47,1,1,1.0
1158,158,193.07,106.03,48.57,40.89,1,1,1.0
1158,160,97.92,122.24,53.27,45.59,1,1,1.0
1158,161,314.88,45.44,33.43,21.05,1,1,0.5514
1158,162,234.24,40.75,33.0,19.35,1,1,0.1742
1158,163,234.03,88.96,51.13,34.71,1,1,1.0
1158,164,1.0,124.8,52.05,43.88,1,1,1.0
1158,165,297.17,53.12,41.32,25.53,1,1,0.4376
1158,166,378.67,47.79,42.81,22.55,1,1,1.0
1158,167,123.31,65.71,44.73,43.88,1,1,1.0
1158,168,409.6,87.47,63.51,30.65,1,1,0.4508
1158,169,638.93,89.6,75.03,41.75,1,1,1.0
1158,170,21.55,44.37,25.96,23.19,1,1,1.0
1158,171,53.97,25.6,26.39,25.75,1,1,1.0
1159,149,224.21,11.52,25.11,19.56,1,1,0.7712
1159,151,247.25,255.36,112.58,100.2,1,1,1.0
1159,152,438.61,270.29,141.38,104.26,1,1,1.0
1159,153,286.72,11.31,25.32,22.76,1,1,0.9573
1159,154,264.32,16.85,23.83,21.91,1,1,1.0
1159,155,208.0,20.48,26.81,19.35,1,1,1.0
1159,156,283.09,173.65,89.96,80.36,1,1,1.0
1159,157,401.07,157.65,102.12,74.6,1,1,1.0
1159,158,195.2,107.31,48.36,41.1,1,1,1.0
1159,160,99.41,124.16,54.34,46.01,1,1,1.0
1159,161,313.39,45.23,32.57,20.41,1,1,0.5622
1159,162,232.96,40.32,31.93,18.92,1,1,0.233
1159,163,237.44,90.24,52.2,35.56,1,1,1.0
1159,164,1.0,126.93,53.55,44.52,1,1,1.0
1159,165,294.83,52.48,40.68,24.47,1,1,0.4927
1159,166,375.47,47.15,42.38,22.12,1,1,1.0
1159,167,125.23,66.56,44.73,44.52,1,1,1.0
1159,168,405.33,86.4,63.3,30.01,1,1,0.4476
1159,169,631.47,87.47,73.1,41.32,1,1,1.0
1159,170,22.19,45.23,26.17,23.61,1,1,1.0
1159,171,54.83,25.6,26.81,26.39,1,1,1.0
1160,149,223.57,11.09,24.26,19.35,1,1,0.7845
1160,151,252.16,260.48,114.92,102.33,1,1,1.0
1160,152,448.64,276.48,146.92,107.03,1,1,1.0
1160,153,285.23,10.45,24.89,22.55,1,1,0.9643
1160,154,262.83,16.43,23.61,22.12,1,1,1.0
1160,155,206.93,19.84,26.18,19.77,1,1,1.0
1160,156,288.21,176.43,91.88,82.28,1,1,1.0
1160,157,408.53,160.43,104.9,76.73,1,1,1.0
1160,158,197.33,108.59,48.15,41.32,1,1,1.0
1160,160,100.91,126.08,55.4,46.44,1,1,1.0
1160,161,311.89,45.01,31.72,19.77,1,1,0.5742
1160,162,231.68,39.89,30.87,18.49,1,1,0.2301
1160,163,240.85,91.52,53.27,36.41,1,1,1.0
1160,164,1.0,129.07,55.04,45.16,1,1,1.0
1160,165,292.48,51.84,40.04,23.4,1,1,0.4655
1160,166,372.27,46.51,41.96,21.69,1,1,1.0
1160,167,127.15,67.41,44.73,45.16,1,1,1.0
1160,168,401.07,85.33,63.08,29.38,1,1,0.5401
1160,169,624.0,85.33,71.19,40.9,1,1,1.0
1160,170,22.83,46.08,26.39,24.04,1,1,1.0
1160,171,55.68,25.6,27.24,27.03,1,1,1.0
1161,149,222.93,10.67,23.4,19.13,1,1,0.7995
1161,151,257.07,265.6,117.26,104.47,1,1,1.0
1161,152,458.67,282.67,152.46,109.8,1,1,1.0
1161,153,283.73,9.6,24.47,22.33,1,1,1.0
1161,154,261.33,16.0,23.4,22.33,1,1,1.0
1161,155,205.87,19.2,25.53,20.2,1,1,1.0
1161,156,293.33,179.2,93.8,84.2,1,1,1.0
1161,157,416.0,163.2,107.67,78.87,1,1,1.0
1161,158,199.47,109.87,47.93,41.53,1,1,1.0
1161,160,102.4,128.0,56.47,46.87,1,1,1.0
1161,161,310.4,44.8,30.87,19.13,1,1,0.5876
1161,162,230.4,39.47,29.8,18.07,1,1,0.1697
1161,163,244.27,92.8,54.33,37.27,1,1,1.0
1161,164,1.0,131.2,56.53,45.8,1,1,1.0
1161,165,290.13,51.2,39.4,22.33,1,1,0.5641
1161,166,369.07,45.87,41.53,21.27,1,1,1.0
1161,167,129.07,68.27,44.73,45.8,1,1,1.0
1161,168,396.8,84.27,62.87,28.73,1,1,0.5201
1161,169,616.53,83.2,69.27,40.47,1,1,1.0
1161,170,23.47,46.93,26.6,24.47,1,1,1.0
1161,171,56.53,25.6,27.67,27.67,1,1,1.0
1161,172,88.53,25.6,22.34,18.07,1,1,1.0
1161,173,854.4,218.67,106.6,56.46,1,1,0.523
1162,151,263.68,271.57,120.89,108.1,1,1,1.0
1162,152,471.47,290.56,158.86,113.85,1,1,1.0
1162,153,282.45,9.39,24.47,22.76,1,1,1.0
1162,154,260.05,15.57,22.98,22.33,1,1,1.0
1162,155,204.16,19.2,25.75,19.56,1,1,1.0
1162,156,299.31,183.25,95.72,84.84,1,1,1.0
1162,157,424.75,167.68,109.8,79.72,1,1,1.0
1162,158,202.03,112.0,49.21,41.11,1,1,1.0
1162,160,104.96,130.35,56.68,47.5,1,1,1.0
1162,161,308.69,43.73,30.44,19.35,1,1,0.6139
1162,162,229.76,38.83,28.73,18.28,1,1,0.1863
1162,163,247.68,94.29,54.33,38.12,1,1,1.0
1162,164,1.0,133.76,58.24,46.23,1,1,1.0
1162,165,287.57,50.35,38.98,22.12,1,1,0.465
1162,166,365.65,44.59,41.54,21.69,1,1,1.0
1162,167,131.2,69.55,44.52,45.8,1,1,1.0
1162,168,392.96,82.99,61.59,28.52,1,1,0.5816
1162,169,609.71,82.13,68.2,39.62,1,1,1.0
1162,170,24.32,47.57,26.6,24.04,1,1,1.0
1162,171,57.39,26.03,27.67,27.67,1,1,1.0
1162,172,89.81,26.03,22.12,18.07,1,1,1.0
1162,173,839.25,214.4,121.75,57.75,1,1,0.5382
1163,151,270.29,277.55,124.52,111.72,1,1,1.0
1163,152,484.27,298.45,165.26,117.91,1,1,1.0
1163,153,281.17,9.17,24.47,23.19,1,1,1.0
1163,154,258.77,15.15,22.55,22.33,1,1,1.0
1163,155,202.45,19.2,25.96,18.92,1,1,1.0
1163,156,305.28,187.31,97.64,85.48,1,1,1.0
1163,157,433.49,172.16,111.94,80.57,1,1,1.0
1163,158,204.59,114.13,50.49,40.68,1,1,1.0
1163,160,107.52,132.69,56.89,48.15,1,1,1.0
1163,161,306.99,42.67,30.01,19.56,1,1,0.6405
1163,162,229.12,38.19,27.67,18.49,1,1,0.2314
1163,163,251.09,95.79,54.34,38.97,1,1,1.0
1163,164,1.0,136.32,59.95,46.65,1,1,1.0
1163,165,285.01,49.49,38.55,21.91,1,1,0.5702
1163,166,362.24,43.31,41.53,22.12,1,1,1.0
1163,167,133.33,70.83,44.31,45.8,1,1,1.0
1163,168,389.12,81.71,60.31,28.3,1,1,0.5029
1163,169,602.88,81.07,67.13,38.76,1,1,1.0
1163,170,25.17,48.21,26.6,23.61,1,1,1.0
1163,171,58.24,26.45,27.67,27.67,1,1,1.0
1163,172,91.09,26.45,21.91,18.07,1,1,1.0
1163,173,824.11,210.13,136.89,59.03,1,1,0.5457
1164,151,276.91,283.52,128.14,115.35,1,1,1.0
1164,152,497.07,306.35,171.66,121.96,1,1,1.0
1164,153,279.89,8.96,24.47,23.61,1,1,1.0
1164,154,257.49,14.72,22.12,22.33,1,1,1.0
1164,155,200.75,19.2,26.17,18.28,1,1,1.0
1164,156,311.25,191.36,99.56,86.12,1,1,1.0
1164,157,442.24,176.64,114.07,81.43,1,1,1.0
1164,158,207.15,116.27,51.77,40.25,1,1,1.0
1164,160,110.08,135.04,57.11,48.79,1,1,1.0
1164,161,305.28,41.6,29.59,19.77,1,1,0.6672
1164,162,228.48,37.55,26.6,18.71,1,1,0.2403
1164,163,254.51,97.28,54.33,39.83,1,1,1.0
1164,164,1.0,138.88,61.65,47.08,1,1,1.0
1164,165,282.45,48.64,38.12,21.69,1,1,0.4549
1164,166,358.83,42.03,41.53,22.55,1,1,1.0
1164,167,135.47,72.11,44.09,45.8,1,1,1.0
1164,168,385.28,80.43,59.03,28.09,1,1,0.4919
1164,169,596.05,80.0,66.07,37.91,1,1,1.0
1164,170,26.03,48.85,26.6,23.19,1,1,1.0
1164,171,59.09,26.88,27.67,27.67,1,1,1.0
1164,172,92.37,26.88,21.7,18.07,1,1,1.0
1164,173,808.96,205.87,135.19,60.3,1,1,0.4986
1165,151,283.52,289.49,131.77,118.98,1,1,1.0
1165,152,509.87,314.24,178.06,126.01,1,1,1.0
1165,153,278.61,8.75,24.47,24.04,1,1,1.0
1165,154,256.21,14.29,21.7,22.33,1,1,1.0
1165,155,199.04,19.2,26.39,17.64,1,1,1.0
1165,156,317.23,195.41,101.48,86.76,1,1,1.0
1165,157,450.99,181.12,116.2,82.28,1,1,1.0
1165,158,209.71,118.4,53.05,39.83,1,1,1.0
1165,160,112.64,137.39,57.32,49.42,1,1,1.0
1165,161,303.57,40.53,29.16,19.99,1,1,0.6937
1165,162,227.84,36.91,25.53,18.92,1,1,0.2844
1165,163,257.92,98.77,54.33,40.68,1,1,1.0
1165,164,1.0,141.44,63.36,47.51,1,1,1.0
1165,165,279.89,47.79,37.7,21.48,1,1,0.5517
1165,166,355.41,40.75,41.54,22.97,1,1,1.0
1165,167,137.6,73.39,43.88,45.8,1,1,1.0
1165,168,381.44,79.15,57.75,27.88,1,1,0.5435
1165,169,589.23,78.93,65.0,37.06,1,1,1.0
1165,170,26.88,49.49,26.6,22.76,1,1,1.0
1165,171,59.95,27.31,27.67,27.67,1,1,1.0
1165,172,93.65,27.31,21.48,18.07,1,1,1.0
1165,173,793.81,201.6,140.1,61.59,1,1,0.4983
1166,151,290.13,295.47,135.4,122.6,1,1,1.0
1166,152,522.67,322.13,184.46,130.07,1,1,1.0
1166,153,277.33,8.53,24.47,24.47,1,1,1.0
1166,154,254.93,13.87,21.27,22.33,1,1,1.0
1166,155,197.33,19.2,26.6,17.0,1,1,1.0
1166,156,323.2,199.47,103.4,87.4,1,1,1.0
1166,157,459.73,185.6,118.34,83.13,1,1,1.0
1166,158,212.27,120.53,54.33,39.4,1,1,1.0
1166,160,115.2,139.73,57.53,50.07,1,1,1.0
1166,161,301.87,39.47,28.73,20.2,1,1,0.7207
1166,162,227.2,36.27,24.47,19.13,1,1,0.3614
1166,163,261.33,100.27,54.34,41.53,1,1,1.0
1166,164,1.0,144.0,65.07,47.93,1,1,1.0
1166,165,277.33,46.93,37.27,21.27,1,1,0.5496
1166,166,352.0,39.47,41.53,23.4,1,1,1.0
1166,167,139.73,74.67,43.67,45.8,1,1,1.0
1166,168,377.6,77.87,56.47,27.66,1,1,0.5679
1166,169,582.4,77.87,63.93,36.2,1,1,1.0
1166,170,27.73,50.13,26.6,22.33,1,1,1.0
1166,171,60.8,27.73,27.67,27.67,1,1,1.0
1166,172,94.93,27.73,21.27,18.07,1,1,1.0
1166,173,778.67,197.33,145.0,62.87,1,1,0.4958
1167,151,297.39,303.15,139.02,125.8,1,1,1.0
1167,152,539.31,333.23,191.93,135.61,1,1,1.0
1167,153,275.41,8.32,24.9,24.25,1,1,1.0
1167,154,253.65,13.44,21.48,22.33,1,1,1.0
1167,155,196.48,18.77,25.96,16.79,1,1,1.0
1167,156,330.67,203.31,105.1,90.6,1,1,1.0
1167,157,469.97,189.44,122.39,87.19,1,1,1.0
1167,158,215.04,121.81,55.4,40.9,1,1,1.0
1167,160,117.12,141.65,58.81,50.92,1,1,1.0
1167,161,299.31,39.04,29.37,20.2,1,1,0.7268
1167,162,225.07,35.63,24.46,18.49,1,1,0.282
1167,163,264.75,101.55,56.04,41.74,1,1,1.0
1167,164,1.0,146.56,67.63,49.85,1,1,1.0
1167,165,274.99,46.29,36.84,21.48,1,1,0.4669
1167,166,349.23,39.04,40.68,22.97,1,1,1.0
1167,167,141.44,75.73,44.73,46.44,1,1,1.0
1167,168,374.19,76.8,55.61,26.81,1,1,0.5693
1167,169,576.43,77.01,62.86,35.99,1,1,1.0
1167,170,28.8,50.35,26.6,23.61,1,1,1.0
1167,171,61.65,28.37,27.67,27.45,1,1,1.0
1167,172,95.79,27.95,21.69,18.28,1,1,1.0
1167,173,767.36,193.71,140.73,61.58,1,1,0.5175
1168,151,304.64,310.83,142.65,129.0,1,1,1.0
1168,152,555.95,344.32,199.4,141.16,1,1,1.0
1168,153,273.49,8.11,25.32,24.04,1,1,1.0
1168,154,252.37,13.01,21.7,22.33,1,1,1.0
1168,155,195.63,18.35,25.32,16.57,1,1,1.0
1168,156,338.13,207.15,106.82,93.8,1,1,1.0
1168,157,480.21,193.28,126.44,91.24,1,1,1.0
1168,158,217.81,123.09,56.47,42.39,1,1,1.0
1168,160,119.04,143.57,60.09,51.78,1,1,1.0
1168,161,296.75,38.61,30.01,20.2,1,1,0.733
1168,162,222.93,34.99,24.47,17.85,1,1,0.324
1168,163,268.16,102.83,57.75,41.96,1,1,1.0
1168,164,1.0,149.12,70.19,51.77,1,1,1.0
1168,165,272.64,45.65,36.41,21.69,1,1,0.5215
1168,166,346.45,38.61,39.83,22.55,1,1,1.0
1168,167,143.15,76.8,45.8,47.08,1,1,1.0
1168,168,370.77,75.73,54.76,25.96,1,1,0.6433
1168,169,570.45,76.16,61.8,35.77,1,1,1.0
1168,170,29.87,50.56,26.6,24.89,1,1,1.0
1168,171,62.51,29.01,27.67,27.24,1,1,1.0
1168,172,96.64,28.16,22.12,18.49,1,1,1.0
1168,173,756.05,190.08,136.47,60.31,1,1,0.5006
1169,151,311.89,318.51,146.28,132.2,1,1,1.0
1169,152,572.59,355.41,206.86,146.71,1,1,1.0
1169,153,271.57,7.89,25.75,23.83,1,1,0.9554
1169,154,251.09,12.59,21.91,22.33,1,1,1.0
1169,155,194.77,17.92,24.68,16.36,1,1,1.0
1169,156,345.6,210.99,108.52,97.0,1,1,1.0
1169,157,490.45,197.12,130.5,95.29,1,1,1.0
1169,158,220.59,124.37,57.53,43.88,1,1,1.0
1169,160,120.96,145.49,61.37,52.63,1,1,1.0
1169,161,294.19,38.19,30.65,20.2,1,1,0.7388
1169,162,220.8,34.35,24.47,17.21,1,1,0.3993
1169,163,271.57,104.11,59.46,42.17,1,1,1.0
1169,164,1.0,151.68,72.75,53.69,1,1,1.0
1169,165,270.29,45.01,35.99,21.91,1,1,0.4102
1169,166,343.68,38.19,38.97,22.12,1,1,1.0
1169,167,144.85,77.87,46.87,47.72,1,1,1.0
1169,168,367.36,74.67,53.91,25.11,1,1,0.5624
1169,169,564.48,75.31,60.73,35.56,1,1,1.0
1169,170,30.93,50.77,26.6,26.17,1,1,1.0
1169,171,63.36,29.65,27.67,27.03,1,1,1.0
1169,172,97.49,28.37,22.55,18.71,1,1,1.0
1169,173,744.75,186.45,132.2,59.03,1,1,0.5235
1170,151,319.15,326.19,149.9,135.4,1,1,1.0
1170,152,589.23,366.51,214.33,152.25,1,1,1.0
1170,153,269.65,7.68,26.18,23.61,1,1,0.9294
1170,154,249.81,12.16,22.12,22.33,1,1,1.0
1170,155,193.92,17.49,24.04,16.15,1,1,1.0
1170,156,353.07,214.83,110.22,100.2,1,1,1.0
1170,157,500.69,200.96,134.55,99.35,1,1,1.0
1170,158,223.36,125.65,58.6,45.38,1,1,1.0
1170,160,122.88,147.41,62.65,53.48,1,1,1.0
1170,161,291.63,37.76,31.29,20.2,1,1,0.7446
1170,162,218.67,33.71,24.46,16.57,1,1,0.263
1170,163,274.99,105.39,61.16,42.38,1,1,1.0
1170,164,12.59,154.24,63.72,55.61,1,1,1.0
1170,165,267.95,44.37,35.56,22.12,1,1,0.4441
1170,166,340.91,37.76,38.12,21.69,1,1,1.0
1170,167,146.56,78.93,47.93,48.36,1,1,1.0
1170,168,363.95,73.6,53.05,24.25,1,1,0.6039
1170,169,558.51,74.45,59.66,35.35,1,1,1.0
1170,170,32.0,50.99,26.6,27.45,1,1,1.0
1170,171,64.21,30.29,27.67,26.81,1,1,1.0
1170,172,98.35,28.59,22.97,18.92,1,1,1.0
1170,173,733.44,182.83,127.93,57.74,1,1,0.5086
1171,151,326.4,333.87,153.53,138.6,1,1,1.0
1171,152,605.87,377.6,221.8,163.4,1,1,1.0
1171,153,267.73,7.47,26.6,23.4,1,1,0.9035
1171,154,248.53,11.73,22.34,22.33,1,1,1.0
1171,155,193.07,17.07,23.4,15.93,1,1,1.0
1171,156,360.53,218.67,111.94,103.4,1,1,1.0
1171,157,510.93,204.8,138.6,103.4,1,1,1.0
1171,158,226.13,126.93,59.67,46.87,1,1,1.0
1171,160,124.8,149.33,63.93,54.34,1,1,1.0
1171,161,289.07,37.33,31.93,20.2,1,1,0.7505
1171,162,216.53,33.07,24.47,15.93,1,1,0.1841
1171,163,278.4,106.67,62.87,42.6,1,1,1.0
1171,164,13.87,156.8,65.0,57.53,1,1,1.0
1171,165,265.6,43.73,35.13,22.33,1,1,0.3773
1171,166,338.13,37.33,37.27,21.27,1,1,1.0
1171,167,148.27,80.0,49.0,49.0,1,1,1.0
1171,168,360.53,72.53,52.2,23.4,1,1,0.6046
1171,169,552.53,73.6,58.6,35.13,1,1,1.0
1171,170,33.07,51.2,26.6,28.73,1,1,1.0
1171,171,65.07,30.93,27.67,26.6,1,1,1.0
1171,172,99.2,28.8,23.4,19.13,1,1,1.0
1171,173,722.13,179.2,123.67,56.47,1,1,0.5328
1172,151,335.36,342.83,158.44,143.93,1,1,1.0
1172,152,626.35,392.11,224.36,148.89,1,1,1.0
1172,153,266.45,7.89,26.18,22.76,1,1,0.9083
1172,154,247.47,11.95,21.9,22.33,1,1,1.0
1172,156,368.21,224.21,116.42,106.18,1,1,1.0
1172,157,523.95,210.56,142.22,105.75,1,1,1.0
1172,158,229.33,129.28,60.74,47.72,1,1,1.0
1172,160,127.79,152.53,64.78,54.98,1,1,1.0
1172,161,287.57,37.55,31.08,19.99,1,1,0.7656
1172,162,214.4,33.28,24.68,15.93,1,1,0.1867
1172,163,282.88,109.23,63.51,43.24,1,1,1.0
1172,164,15.57,160.85,65.21,58.18,1,1,1.0
1172,165,262.61,43.52,35.35,22.33,1,1,0.3797
1172,166,335.36,37.55,37.05,20.63,1,1,1.0
1172,167,149.97,81.71,49.43,49.85,1,1,1.0
1172,168,357.12,72.11,51.77,24.04,1,1,0.5998
1172,169,546.99,72.53,58.17,34.5,1,1,1.0
1172,170,33.49,52.48,27.24,28.52,1,1,1.0
1172,171,65.49,31.79,28.52,27.03,1,1,1.0
1172,172,100.05,29.65,23.83,19.35,1,1,1.0
1172,173,710.4,176.64,122.39,55.4,1,1,0.5152
1173,151,344.32,351.79,163.35,149.26,1,1,1.0
1173,152,646.83,406.61,226.92,134.39,1,1,1.0
1173,153,265.17,8.32,25.75,22.12,1,1,0.913
1173,154,246.4,12.16,21.48,22.33,1,1,1.0
1173,156,375.89,229.76,120.9,108.95,1,1,1.0
1173,157,536.96,216.32,145.85,108.09,1,1,1.0
1173,158,232.53,131.63,61.8,48.57,1,1,1.0
1173,160,130.77,155.73,65.64,55.62,1,1,1.0
1173,161,286.08,37.76,30.23,19.77,1,1,0.7832
1173,162,212.27,33.49,24.89,15.93,1,1,0.1894
1173,163,287.36,111.79,64.15,43.88,1,1,1.0
1173,164,17.28,164.91,65.43,58.81,1,1,1.0
1173,165,259.63,43.31,35.56,22.33,1,1,0.4271
1173,166,332.59,37.76,36.84,19.99,1,1,1.0
1173,167,151.68,83.41,49.85,50.71,1,1,1.0
1173,168,353.71,71.68,51.34,24.68,1,1,0.49
1173,169,541.44,71.47,57.75,33.85,1,1,1.0
1173,170,33.92,53.76,27.88,28.31,1,1,1.0
1173,171,65.92,32.64,29.37,27.45,1,1,1.0
1173,172,100.91,30.51,24.25,19.56,1,1,1.0
1173,173,698.67,174.08,121.1,54.33,1,1,0.4959
1174,151,353.28,360.75,168.25,154.6,1,1,1.0
1174,152,667.31,421.12,229.48,119.88,1,1,1.0
1174,153,263.89,8.75,25.32,21.48,1,1,0.9179
1174,154,245.33,12.37,21.06,22.33,1,1,1.0
1174,156,383.57,235.31,125.38,111.72,1,1,1.0
1174,157,549.97,222.08,149.48,110.44,1,1,1.0
1174,158,235.73,133.97,62.87,49.43,1,1,1.0
1174,160,133.76,158.93,66.49,56.26,1,1,1.0
1174,161,284.59,37.97,29.37,19.56,1,1,0.8034
1174,162,210.13,33.71,25.11,15.93,1,1,0.1919
1174,163,291.84,114.35,64.79,44.52,1,1,1.0
1174,164,18.99,168.96,65.64,59.45,1,1,1.0
1174,165,256.64,43.09,35.77,22.33,1,1,0.3284
1174,166,329.81,37.97,36.63,19.35,1,1,1.0
1174,167,153.39,85.12,50.28,51.56,1,1,1.0
1174,168,350.29,71.25,50.92,25.32,1,1,0.472
1174,169,535.89,70.4,57.32,33.21,1,1,1.0
1174,170,34.35,55.04,28.52,28.09,1,1,1.0
1174,171,66.35,33.49,30.23,27.88,1,1,1.0
1174,172,101.76,31.36,24.68,19.77,1,1,1.0
1174,173,686.93,171.52,119.83,53.27,1,1,0.4812
1175,151,362.24,369.71,173.16,159.93,1,1,1.0
1175,152,687.79,435.63,232.04,105.37,1,1,1.0
1175,153,262.61,9.17,24.9,20.84,1,1,0.9234
1175,154,244.27,12.59,20.62,22.33,1,1,1.0
1175,156,391.25,240.85,129.86,114.5,1,1,1.0
1175,157,562.99,227.84,153.1,112.79,1,1,1.0
1175,158,238.93,136.32,63.94,50.28,1,1,1.0
1175,160,136.75,162.13,67.34,56.9,1,1,1.0
1175,161,283.09,38.19,28.52,19.35,1,1,0.826
1175,162,208.0,33.92,25.32,15.93,1,1,0.1415
1175,163,296.32,116.91,65.43,45.16,1,1,1.0
1175,164,20.69,173.01,65.85,60.1,1,1,1.0
1175,165,253.65,42.88,35.99,22.33,1,1,0.3468
1175,166,327.04,38.19,36.41,18.71,1,1,1.0
1175,167,155.09,86.83,50.71,52.41,1,1,1.0
1175,168,346.88,70.83,50.49,25.96,1,1,0.3724
1175,169,530.35,69.33,56.89,32.58,1,1,1.0
1175,170,34.77,56.32,29.16,27.88,1,1,1.0
1175,171,66.77,34.35,31.08,28.31,1,1,1.0
1175,172,102.61,32.21,25.11,19.99,1,1,1.0
1175,173,675.2,168.96,118.55,52.2,1,1,0.4614
1176,151,371.2,378.67,178.07,162.33,1,1,1.0
1176,152,708.27,450.13,234.6,90.87,1,1,1.0
1176,153,261.33,9.6,24.47,20.2,1,1,0.9288
1176,154,243.2,12.8,20.2,22.33,1,1,1.0
1176,156,398.93,246.4,134.34,117.27,1,1,1.0
1176,157,576.0,233.6,156.73,115.13,1,1,1.0
1176,158,242.13,138.67,65.0,51.13,1,1,1.0
1176,160,139.73,165.33,68.2,57.54,1,1,1.0
1176,161,281.6,38.4,27.67,19.13,1,1,0.852
1176,162,205.87,34.13,25.53,15.93,1,1,0.0208
1176,163,300.8,119.47,66.07,45.8,1,1,1.0
1176,164,22.4,177.07,66.07,60.73,1,1,1.0
1176,165,250.67,42.67,36.2,22.33,1,1,0.2388
1176,166,324.27,38.4,36.2,18.07,1,1,1.0
1176,167,156.8,88.53,51.13,53.27,1,1,1.0
1176,168,343.47,70.4,50.06,26.6,1,1,0.3744
1176,169,524.8,68.27,56.47,31.93,1,1,1.0
1176,170,35.2,57.6,29.8,27.67,1,1,1.0
1176,171,67.2,35.2,31.93,28.73,1,1,1.0
1176,172,103.47,33.07,25.53,20.2,1,1,1.0
1176,173,663.47,166.4,117.26,51.13,1,1,0.4441
1177,151,382.72,390.19,180.2,150.81,1,1,1.0
1177,153,260.27,9.17,23.82,20.63,1,1,0.9352
1177,154,241.71,12.59,20.41,22.33,1,1,1.0
1177,156,408.96,252.37,138.17,120.9,1,1,1.0
1177,157,591.36,240.0,164.2,120.04,1,1,1.0
1177,158,245.12,140.59,66.07,52.2,1,1,1.0
1177,160,142.51,168.53,69.69,58.6,1,1,1.0
1177,161,279.25,37.97,28.31,18.71,1,1,0.8563
1177,162,204.16,33.49,25.96,16.36,1,1,0.031
1177,163,305.07,121.6,67.34,46.65,1,1,1.0
1177,164,23.68,181.33,67.77,62.66,1,1,1.0
1177,165,248.53,42.24,35.99,21.69,1,1,0.2655
1177,166,321.92,37.33,35.77,18.71,1,1,1.0
1177,167,158.51,89.81,51.56,53.91,1,1,1.0
1177,168,340.05,69.55,49.64,25.96,1,1,0.3542
1177,169,518.83,67.41,56.46,32.15,1,1,1.0
1177,170,36.48,58.24,29.37,27.67,1,1,1.0
1177,171,68.48,35.63,31.51,28.95,1,1,1.0
1177,172,104.53,33.49,25.54,20.41,1,1,1.0
1177,173,654.29,163.41,115.14,50.71,1,1,0.435
1178,151,394.24,401.71,182.33,139.29,1,1,1.0
1178,153,259.2,8.75,23.19,21.05,1,1,0.9415
1178,154,240.21,12.37,20.63,22.33,1,1,1.0
1178,156,418.99,258.35,142.01,124.52,1,1,1.0
1178,157,606.72,246.4,171.67,124.95,1,1,1.0
1178,158,248.11,142.51,67.13,53.26,1,1,1.0
1178,160,145.28,171.73,71.19,59.67,1,1,1.0
1178,161,276.91,37.55,28.94,18.28,1,1,0.8607
1178,162,202.45,32.85,26.39,16.79,1,1,0.1065
1178,163,309.33,123.73,68.63,47.51,1,1,1.0
1178,164,24.96,185.6,69.48,64.57,1,1,1.0
1178,165,246.4,41.81,35.77,21.05,1,1,0.2939
1178,166,319.57,36.27,35.35,19.35,1,1,1.0
1178,167,160.21,91.09,51.99,54.55,1,1,1.0
1178,168,336.64,68.69,49.21,25.32,1,1,0.2886
1178,169,512.85,66.56,56.47,32.36,1,1,1.0
1178,170,37.76,58.88,28.95,27.67,1,1,1.0
1178,171,69.76,36.05,31.08,29.16,1,1,1.0
1178,172,105.6,33.92,25.53,20.63,1,1,1.0
1178,173,645.12,160.43,113.0,50.28,1,1,0.3955
1179,151,405.76,413.23,184.47,127.77,1,1,1.0
1179,153,258.13,8.32,22.55,21.48,1,1,0.9479
1179,154,238.72,12.16,20.84,22.33,1,1,1.0
1179,156,429.01,264.32,145.86,128.15,1,1,1.0
1179,157,622.08,252.8,179.13,129.85,1,1,1.0
1179,158,251.09,144.43,68.2,54.33,1,1,1.0
1179,160,148.05,174.93,72.68,60.74,1,1,1.0
1179,161,274.56,37.12,29.59,17.85,1,1,0.8645
1179,162,200.75,32.21,26.81,17.21,1,1,0.1468
1179,163,313.6,125.87,69.91,48.36,1,1,1.0
1179,164,26.24,189.87,71.19,66.49,1,1,1.0
1179,165,244.27,41.39,35.56,20.41,1,1,0.324
1179,166,317.23,35.2,34.92,19.99,1,1,1.0
1179,167,161.92,92.37,52.41,55.19,1,1,1.0
1179,168,333.23,67.84,48.78,24.68,1,1,0.3412
1179,169,506.88,65.71,56.47,32.57,1,1,1.0
1179,170,39.04,59.52,28.52,27.67,1,1,1.0
1179,171,71.04,36.48,30.65,29.37,1,1,1.0
1179,172,106.67,34.35,25.53,20.84,1,1,1.0
1179,173,635.95,157.44,110.86,49.85,1,1,0.3969
1180,151,417.28,424.75,186.6,116.25,1,1,1.0
1180,153,257.07,7.89,21.9,21.91,1,1,0.955
1180,154,237.23,11.95,21.05,22.33,1,1,1.0
1180,156,439.04,270.29,149.69,131.78,1,1,1.0
1180,157,637.44,259.2,186.6,134.76,1,1,1.0
1180,158,254.08,146.35,69.27,55.4,1,1,1.0
1180,160,150.83,178.13,74.17,61.8,1,1,1.0
1180,161,272.21,36.69,30.23,17.43,1,1,0.8684
1180,162,199.04,31.57,27.24,17.64,1,1,0.1796
1180,163,317.87,128.0,71.18,49.21,1,1,1.0
1180,164,27.52,194.13,72.89,68.42,1,1,1.0
1180,165,242.13,40.96,35.35,19.77,1,1,0.265
1180,166,314.88,34.13,34.49,20.63,1,1,1.0
1180,167,163.63,93.65,52.84,55.83,1,1,1.0
1180,168,329.81,66.99,48.36,24.04,1,1,0.3785
1180,169,500.91,64.85,56.46,32.79,1,1,1.0
1180,170,40.32,60.16,28.09,27.67,1,1,1.0
1180,171,72.32,36.91,30.23,29.59,1,1,1.0
1180,172,107.73,34.77,25.54,21.05,1,1,1.0
1180,173,626.77,154.45,108.74,49.43,1,1,0.3891
1181,151,428.8,436.27,188.73,104.73,1,1,1.0
1181,153,256.0,7.47,21.27,22.33,1,1,1.0
1181,154,235.73,11.73,21.27,22.33,1,1,1.0
1181,156,449.07,276.27,153.53,135.4,1,1,1.0
1181,157,652.8,265.6,194.07,139.67,1,1,1.0
1181,158,257.07,148.27,70.33,56.46,1,1,1.0
1181,160,153.6,181.33,75.67,62.87,1,1,1.0
1181,161,269.87,36.27,30.86,17.0,1,1,0.8723
1181,162,197.33,30.93,27.67,18.07,1,1,0.1899
1181,163,322.13,130.13,72.47,50.07,1,1,1.0
1181,164,28.8,198.4,74.6,70.33,1,1,1.0
1181,165,240.0,40.53,35.13,19.13,1,1,0.3231
1181,166,312.53,33.07,34.07,21.27,1,1,1.0
1181,167,165.33,94.93,53.27,56.47,1,1,1.0
1181,168,326.4,66.13,47.93,23.4,1,1,0.4035
1181,169,494.93,64.0,56.47,33.0,1,1,1.0
1181,170,41.6,60.8,27.67,27.67,1,1,1.0
1181,171,73.6,37.33,29.8,29.8,1,1,1.0
1181,172,108.8,35.2,25.53,21.27,1,1,1.0
1181,173,617.6,151.47,106.6,49.0,1,1,0.3722
1182,151,447.57,450.99,175.3,90.01,1,1,1.0
1182,153,254.08,7.04,22.12,22.33,1,1,0.9407
1182,154,234.67,11.52,21.05,22.12,1,1,1.0
1182,156,460.8,283.31,158.87,140.3,1,1,1.0
1182,157,672.64,274.56,199.4,145.21,1,1,1.0
1182,158,260.69,151.04,71.62,56.68,1,1,1.0
1182,160,157.01,184.53,76.52,63.72,1,1,1.0
1182,161,267.95,35.84,30.22,17.0,1,1,0.878
1182,162,195.63,30.51,27.88,18.07,1,1,0.1116
1182,163,327.47,132.48,73.74,50.71,1,1,1.0
1182,164,30.93,203.09,76.1,71.4,1,1,1.0
1182,165,238.29,39.89,34.5,19.13,1,1,0.3206
1182,166,309.55,32.64,34.06,21.05,1,1,1.0
1182,167,166.83,96.43,53.48,56.89,1,1,1.0
1182,168,323.84,64.85,47.08,24.25,1,1,0.3836
1182,169,490.88,62.93,54.55,32.36,1,1,1.0
1182,170,42.24,61.44,28.31,28.31,1,1,1.0
1182,171,74.03,37.55,30.44,30.01,1,1,1.0
1182,172,109.44,35.63,25.96,21.27,1,1,1.0
1182,173,609.71,149.55,104.68,49.0,1,1,0.3591
1183,151,466.35,465.71,161.85,75.29,1,1,1.0
1183,153,252.16,6.61,22.97,22.33,1,1,0.9216
1183,154,233.6,11.31,20.84,21.91,1,1,1.0
1183,156,472.53,290.35,164.2,145.21,1,1,1.0
1183,157,692.48,283.52,204.73,150.76,1,1,1.0
1183,158,264.32,153.81,72.89,56.9,1,1,1.0
1183,160,160.43,187.73,77.37,64.58,1,1,1.0
1183,161,266.03,35.41,29.58,17.0,1,1,0.8846
1183,162,193.92,30.08,28.09,18.07,1,1,0.1088
1183,163,332.8,134.83,75.03,51.34,1,1,1.0
1183,164,33.07,207.79,77.58,72.46,1,1,1.0
1183,165,236.59,39.25,33.85,19.13,1,1,0.3526
1183,166,306.56,32.21,34.07,20.84,1,1,1.0
1183,167,168.32,97.92,53.69,57.32,1,1,1.0
1183,168,321.28,63.57,46.23,25.11,1,1,0.4309
1183,169,486.83,61.87,52.62,31.72,1,1,1.0
1183,170,42.88,62.08,28.95,28.95,1,1,1.0
1183,171,74.45,37.76,31.08,30.23,1,1,1.0
1183,172,110.08,36.05,26.39,21.27,1,1,1.0
1183,173,601.81,147.63,102.76,49.0,1,1,0.3353
1184,151,485.12,480.43,148.41,60.57,1,1,1.0
1184,153,250.24,6.19,23.83,22.33,1,1,0.9044
1184,154,232.53,11.09,20.63,21.69,1,1,1.0
1184,156,484.27,297.39,169.53,150.12,1,1,1.0
1184,157,712.32,292.48,210.07,156.31,1,1,1.0
1184,158,267.95,156.59,74.17,57.1,1,1,1.0
1184,160,163.84,190.93,78.23,65.43,1,1,1.0
1184,161,264.11,34.99,28.94,17.0,1,1,0.8918
1184,162,192.21,29.65,28.31,18.07,1,1,0.1698
1184,163,338.13,137.17,76.31,51.99,1,1,1.0
1184,164,35.2,212.48,79.08,73.53,1,1,1.0
1184,165,234.88,38.61,33.21,19.13,1,1,0.4445
1184,166,303.57,31.79,34.07,20.63,1,1,1.0
1184,167,169.81,99.41,53.91,57.75,1,1,1.0
1184,168,318.72,62.29,45.37,25.96,1,1,0.3739
1184,169,482.77,60.8,50.71,31.08,1,1,1.0
1184,170,43.52,62.72,29.59,29.59,1,1,1.0
1184,171,74.88,37.97,31.72,30.44,1,1,1.0
1184,172,110.72,36.48,26.81,21.27,1,1,1.0
1184,173,593.92,145.71,100.84,49.0,1,1,0.333
1185,151,503.89,495.15,134.98,45.85,1,1,1.0
1185,153,248.32,1.0,24.68,27.09,1,1,0.9084
1185,154,231.47,10.88,20.41,21.48,1,1,1.0
1185,156,496.0,304.43,174.87,155.02,1,1,1.0
1185,157,732.16,301.44,215.4,161.85,1,1,1.0
1185,158,271.57,159.36,75.46,57.32,1,1,1.0
1185,160,167.25,194.13,79.08,66.28,1,1,1.0
1185,161,262.19,34.56,28.3,17.0,1,1,0.8995
1185,162,190.51,29.23,28.52,18.07,1,1,0.1706
1185,163,343.47,139.52,77.58,52.63,1,1,1.0
1185,164,37.33,217.17,80.58,74.6,1,1,1.0
1185,165,233.17,37.97,32.58,19.13,1,1,0.453
1185,166,300.59,31.36,34.06,20.41,1,1,1.0
1185,167,171.31,100.91,54.12,58.17,1,1,1.0
1185,168,316.16,61.01,44.52,26.81,1,1,0.4097
1185,169,478.72,59.73,48.79,30.44,1,1,1.0
1185,170,44.16,63.36,30.23,30.23,1,1,1.0
1185,171,75.31,38.19,32.36,30.65,1,1,1.0
1185,172,111.36,36.91,27.24,21.27,1,1,1.0
1185,173,586.03,143.79,98.92,49.0,1,1,0.29
1186,151,522.67,509.87,121.53,31.13,1,1,1.0
1186,153,246.4,1.0,25.53,26.67,1,1,0.8951
1186,154,230.4,10.67,20.2,21.27,1,1,1.0
1186,156,507.73,311.47,180.2,159.93,1,1,1.0
1186,157,752.0,310.4,209.0,167.4,1,1,1.0
1186,158,275.2,162.13,76.73,57.54,1,1,1.0
1186,160,170.67,197.33,79.93,67.14,1,1,1.0
1186,161,260.27,34.13,27.66,17.0,1,1,0.9081
1186,162,188.8,28.8,28.73,18.07,1,1,0.2267
1186,163,348.8,141.87,78.87,53.26,1,1,1.0
1186,164,39.47,221.87,82.06,75.66,1,1,1.0
1186,165,231.47,37.33,31.93,19.13,1,1,0.4689
1186,166,297.6,30.93,34.07,20.2,1,1,1.0
1186,167,172.8,102.4,54.33,58.6,1,1,1.0
1186,168,313.6,59.73,43.67,27.67,1,1,0.4662
1186,169,474.67,58.67,46.86,29.8,1,1,1.0
1186,170,44.8,64.0,30.87,30.87,1,1,1.0
1186,171,75.73,38.4,33.0,30.87,1,1,1.0
1186,172,112.0,37.33,27.67,21.27,1,1,1.0
1186,173,578.13,141.87,97.0,49.0,1,1,0.2893
1186,174,889.6,158.93,71.4,52.2,1,1,1.0
1187,154,229.12,10.88,19.77,20.84,1,1,1.0
1187,156,523.31,321.28,186.6,164.41,1,1,1.0
1187,157,778.67,323.2,182.33,159.72,1,1,1.0
1187,158,279.04,164.48,78.44,59.24,1,1,1.0
1187,160,174.08,201.17,82.49,68.63,1,1,1.0
1187,161,258.35,33.49,28.09,17.64,1,1,0.9225
1187,162,186.88,28.8,28.52,17.43,1,1,0.2271
1187,163,354.35,144.21,80.57,54.76,1,1,1.0
1187,164,41.81,228.05,83.78,78.23,1,1,1.0
1187,165,229.33,36.91,31.72,19.13,1,1,0.385
1187,166,295.89,30.72,33.64,20.63,1,1,1.0
1187,167,174.51,103.89,55.4,60.1,1,1,1.0
1187,168,310.19,59.73,43.88,26.6,1,1,0.386
1187,169,469.97,58.03,46.44,29.59,1,1,1.0
1187,170,45.65,65.07,31.29,31.08,1,1,1.0
1187,171,76.59,39.25,33.0,31.08,1,1,1.0
1187,172,113.28,37.97,27.45,21.27,1,1,1.0
1187,173,571.09,139.52,95.3,47.51,1,1,0.312
1187,174,874.88,155.52,86.12,51.77,1,1,1.0
1188,154,227.84,11.09,19.35,20.41,1,1,1.0
1188,156,538.88,331.09,193.0,168.9,1,1,1.0
1188,157,805.33,336.0,155.67,152.04,1,1,1.0
1188,158,282.88,166.83,80.15,60.94,1,1,1.0
1188,160,177.49,205.01,85.06,70.12,1,1,1.0
1188,161,256.43,32.85,28.52,18.28,1,1,0.9359
1188,162,184.96,28.8,28.31,16.79,1,1,0.1478
1188,163,359.89,146.56,82.28,56.25,1,1,1.0
1188,164,44.16,234.24,85.48,80.79,1,1,1.0
1188,165,227.2,36.48,31.51,19.13,1,1,0.4397
1188,166,294.19,30.51,33.21,21.05,1,1,1.0
1188,167,176.21,105.39,56.47,61.58,1,1,1.0
1188,168,306.77,59.73,44.1,25.53,1,1,0.3528
1188,169,465.28,57.39,46.01,29.37,1,1,1.0
1188,170,46.51,66.13,31.72,31.29,1,1,1.0
1188,171,77.44,40.11,33.0,31.29,1,1,1.0
1188,172,114.56,38.61,27.24,21.27,1,1,1.0
1188,173,564.05,137.17,93.59,46.02,1,1,0.2878
1188,174,860.16,152.11,100.84,51.34,1,1,1.0
1189,154,226.56,11.31,18.92,19.99,1,1,1.0
1189,156,554.45,340.91,199.4,173.37,1,1,1.0
1189,157,832.0,348.8,129.0,144.36,1,1,1.0
1189,158,286.72,169.17,81.85,62.66,1,1,1.0
1189,160,180.91,208.85,87.61,71.62,1,1,1.0
1189,161,254.51,32.21,28.94,18.92,1,1,0.949
1189,162,183.04,28.8,28.09,16.15,1,1,0.1102
1189,163,365.44,148.91,83.99,57.74,1,1,1.0
1189,164,46.51,240.43,87.18,83.34,1,1,1.0
1189,165,225.07,36.05,31.29,19.13,1,1,0.3408
1189,166,292.48,30.29,32.79,21.48,1,1,1.0
1189,167,177.92,106.88,57.53,63.08,1,1,1.0
1189,168,303.36,59.73,44.31,24.47,1,1,0.3575
1189,169,460.59,56.75,45.58,29.16,1,1,1.0
1189,170,47.36,67.2,32.15,31.51,1,1,1.0
1189,171,78.29,40.96,33.0,31.51,1,1,1.0
1189,172,115.84,39.25,27.03,21.27,1,1,1.0
1189,173,557.01,134.83,91.88,44.52,1,1,0.3112
1189,174,845.44,148.69,115.56,50.92,1,1,1.0
1190,154,225.28,11.52,18.49,19.56,1,1,1.0
1190,156,570.03,350.72,205.8,177.85,1,1,1.0
1190,157,858.67,361.6,102.33,136.68,1,1,1.0
1190,158,290.56,171.52,83.56,64.36,1,1,1.0
1190,160,184.32,212.69,90.17,73.11,1,1,1.0
1190,161,252.59,31.57,29.37,19.56,1,1,0.9617
1190,162,181.12,28.8,27.88,15.51,1,1,0.1065
1190,163,370.99,151.25,85.69,59.24,1,1,1.0
1190,164,48.85,246.61,88.9,85.91,1,1,1.0
1190,165,222.93,35.63,31.08,19.13,1,1,0.356
1190,166,290.77,30.08,32.36,21.91,1,1,1.0
1190,167,179.63,108.37,58.6,64.58,1,1,1.0
1190,168,299.95,59.73,44.52,23.4,1,1,0.2743
1190,169,455.89,56.11,45.16,28.95,1,1,1.0
1190,170,48.21,68.27,32.57,31.72,1,1,1.0
1190,171,79.15,41.81,33.0,31.72,1,1,1.0
1190,172,117.12,39.89,26.81,21.27,1,1,1.0
1190,173,549.97,132.48,90.18,43.03,1,1,0.3263
1190,174,830.72,145.28,110.87,50.49,1,1,1.0
1191,154,224.0,11.73,18.07,19.13,1,1,1.0
1191,156,585.6,360.53,212.2,180.47,1,1,1.0
1191,157,885.33,374.4,75.67,129.0,1,1,1.0
1191,158,294.4,173.87,85.27,66.06,1,1,1.0
1191,160,187.73,216.53,92.74,74.6,1,1,1.0
1191,161,250.67,30.93,29.8,20.2,1,1,1.0
1191,162,179.2,28.8,27.67,14.87,1,1,0.1509
1191,163,376.53,153.6,87.4,60.73,1,1,1.0
1191,164,51.2,252.8,90.6,88.47,1,1,1.0
1191,165,220.8,35.2,30.87,19.13,1,1,0.2963
1191,166,289.07,29.87,31.93,22.33,1,1,1.0
1191,167,181.33,109.87,59.67,66.06,1,1,1.0
1191,168,296.53,59.73,44.74,22.33,1,1,0.1959
1191,169,451.2,55.47,44.73,28.73,1,1,1.0
1191,170,49.07,69.33,33.0,31.94,1,1,1.0
1191,171,80.0,42.67,33.0,31.93,1,1,1.0
1191,172,118.4,40.53,26.6,21.27,1,1,1.0
1191,173,542.93,130.13,88.47,41.54,1,1,0.3755
1191,174,816.0,141.87,117.27,50.06,1,1,1.0
1191,175,18.13,29.87,21.27,24.47,1,1,1.0
1192,156,605.44,372.69,220.31,168.31,1,1,1.0
1192,158,300.16,176.85,85.91,66.92,1,1,1.0
1192,160,192.43,221.44,94.44,75.88,1,1,1.0
1192,161,249.81,30.93,28.95,19.77,1,1,1.0
1192,162,178.99,28.59,26.81,14.65,1,1,0.0534
1192,163,384.21,157.44,88.68,61.16,1,1,1.0
1192,164,54.19,259.84,93.8,91.88,1,1,1.0
1192,165,219.31,34.77,30.65,19.13,1,1,0.2895
1192,166,286.72,29.23,31.72,21.69,1,1,1.0
1192,167,183.25,112.85,60.31,67.14,1,1,1.0
1192,168,294.19,58.88,44.3,22.12,1,1,0.2315
1192,169,447.36,54.83,44.09,28.09,1,1,1.0
1192,170,49.92,70.19,33.85,32.57,1,1,1.0
1192,171,81.49,43.09,33.0,32.15,1,1,1.0
1192,172,119.68,40.96,26.81,21.91,1,1,1.0
1192,173,537.39,128.21,86.12,41.32,1,1,0.3551
1192,174,803.84,138.67,114.49,49.21,1,1,1.0
1192,175,17.92,30.51,22.12,24.89,1,1,1.0
1193,156,625.28,384.85,228.41,156.15,1,1,1.0
1193,158,305.92,179.84,86.55,67.77,1,1,1.0
1193,160,197.12,226.35,96.15,77.16,1,1,1.0
1193,161,248.96,30.93,28.09,19.35,1,1,1.0
1193,162,178.77,28.37,25.96,14.44,1,1,0.0474
1193,163,391.89,161.28,89.96,61.59,1,1,1.0
1193,164,57.17,266.88,97.0,95.29,1,1,1.0
1193,165,217.81,34.35,30.44,19.13,1,1,0.2209
1193,166,284.37,28.59,31.51,21.05,1,1,1.0
1193,167,185.17,115.84,60.95,68.2,1,1,1.0
1193,168,291.84,58.03,43.88,21.91,1,1,0.1978
1193,169,443.52,54.19,43.45,27.45,1,1,1.0
1193,170,50.77,71.04,34.71,33.21,1,1,1.0
1193,171,82.99,43.52,33.0,32.36,1,1,1.0
1193,172,120.96,41.39,27.03,22.55,1,1,1.0
1193,173,531.84,126.29,83.77,41.11,1,1,0.3493
1193,174,791.68,135.47,111.72,48.36,1,1,1.0
1193,175,17.71,31.15,22.97,25.32,1,1,1.0
1194,156,645.12,397.01,236.52,143.99,1,1,1.0
1194,158,311.68,182.83,87.19,68.62,1,1,1.0
1194,160,201.81,231.25,97.86,78.44,1,1,1.0
1194,161,248.11,30.93,27.24,18.92,1,1,1.0
1194,162,178.56,28.16,25.11,14.23,1,1,0.0267
1194,163,399.57,165.12,91.24,62.01,1,1,1.0
1194,164,60.16,273.92,100.2,98.71,1,1,1.0
1194,165,216.32,33.92,30.23,19.13,1,1,0.216
1194,166,282.03,27.95,31.29,20.41,1,1,1.0
1194,167,187.09,118.83,61.59,69.26,1,1,1.0
1194,168,289.49,57.17,43.46,21.69,1,1,0.2316
1194,169,439.68,53.55,42.81,26.81,1,1,1.0
1194,170,51.63,71.89,35.56,33.86,1,1,1.0
1194,171,84.48,43.95,33.0,32.57,1,1,1.0
1194,172,122.24,41.81,27.24,23.19,1,1,1.0
1194,173,526.29,124.37,81.43,40.9,1,1,0.3457
1194,174,779.52,132.27,108.95,47.5,1,1,1.0
1194,175,17.49,31.79,23.83,25.75,1,1,1.0
1195,156,664.96,409.17,244.63,131.83,1,1,1.0
1195,158,317.44,185.81,87.83,69.48,1,1,1.0
1195,160,206.51,236.16,99.56,79.72,1,1,1.0
1195,161,247.25,30.93,26.39,18.49,1,1,1.0
1195,162,178.35,27.95,24.25,14.01,1,1,0.0038
1195,163,407.25,168.96,92.52,62.44,1,1,1.0
1195,164,63.15,280.96,103.4,102.12,1,1,1.0
1195,165,214.83,33.49,30.01,19.13,1,1,0.1649
1195,166,279.68,27.31,31.08,19.77,1,1,1.0
1195,167,189.01,121.81,62.23,70.34,1,1,1.0
1195,168,287.15,56.32,43.02,21.48,1,1,0.1877
1195,169,435.84,52.91,42.17,26.17,1,1,1.0
1195,170,52.48,72.75,36.41,34.49,1,1,1.0
1195,171,85.97,44.37,33.0,32.79,1,1,1.0
1195,172,123.52,42.24,27.45,23.83,1,1,1.0
1195,173,520.75,122.45,79.08,40.68,1,1,0.2871
1195,174,767.36,129.07,106.17,46.65,1,1,1.0
1195,175,17.28,32.43,24.68,26.17,1,1,1.0
1196,156,684.8,421.33,252.73,119.67,1,1,1.0
1196,158,323.2,188.8,88.47,70.33,1,1,1.0
1196,160,211.2,241.07,101.27,81.0,1,1,1.0
1196,161,246.4,30.93,25.53,18.07,1,1,1.0
1196,162,178.13,27.73,23.4,13.8,1,1,0.0793
1196,163,414.93,172.8,93.8,62.87,1,1,1.0
1196,164,66.13,288.0,106.6,105.53,1,1,1.0
1196,165,213.33,33.07,29.8,19.13,1,1,0.176
1196,166,277.33,26.67,30.87,19.13,1,1,1.0
1196,167,190.93,124.8,62.87,71.4,1,1,1.0
1196,168,284.8,55.47,42.6,21.27,1,1,0.1522
1196,169,432.0,52.27,41.53,25.53,1,1,1.0
1196,170,53.33,73.6,37.27,35.13,1,1,1.0
1196,171,87.47,44.8,33.0,33.0,1,1,1.0
1196,172,124.8,42.67,27.67,24.47,1,1,1.0
1196,173,515.2,120.53,76.73,40.47,1,1,0.2909
1196,174,755.2,125.87,103.4,45.8,1,1,1.0
1196,175,17.07,33.07,25.53,26.6,1,1,1.0
1196,176,1.0,72.53,14.93,27.67,1,1,1.0
1197,156,713.39,437.33,230.54,103.67,1,1,1.0
1197,158,328.53,192.43,91.03,71.18,1,1,1.0
1197,160,217.6,247.04,102.97,83.35,1,1,1.0
1197,161,244.69,30.51,25.54,18.28,1,1,1.0
1197,162,176.64,26.88,23.4,14.01,1,1,0.0799
1197,163,423.25,177.07,96.15,64.57,1,1,1.0
1197,164,70.4,297.6,110.01,110.01,1,1,1.0
1197,165,211.84,32.64,30.01,19.13,1,1,0.18
1197,166,275.41,26.67,30.66,18.92,1,1,1.0
1197,167,193.28,126.93,63.29,72.68,1,1,1.0
1197,168,282.45,54.83,42.39,21.27,1,1,0.1492
1197,169,428.37,51.63,41.32,25.53,1,1,1.0
1197,170,54.61,74.88,36.84,34.71,1,1,1.0
1197,171,88.96,45.65,33.21,33.43,1,1,1.0
1197,172,125.87,43.31,28.09,23.83,1,1,1.0
1197,173,510.08,119.04,75.45,39.61,1,1,0.2818
1197,174,744.11,123.52,101.26,45.16,1,1,1.0
1197,175,17.92,33.49,25.75,26.81,1,1,1.0
1197,176,1.0,73.39,16.0,27.88,1,1,1.0
1198,156,741.97,453.33,219.03,87.67,1,1,1.0
1198,158,333.87,196.05,93.58,72.04,1,1,1.0
1198,160,224.0,253.01,104.68,85.7,1,1,1.0
1198,161,242.99,30.08,25.53,18.49,1,1,1.0
1198,162,175.15,26.03,23.4,14.23,1,1,0.0363
1198,163,431.57,181.33,98.5,66.28,1,1,1.0
1198,164,74.67,307.2,113.42,114.49,1,1,1.0
1198,165,210.35,32.21,30.22,19.13,1,1,0.1115
1198,166,273.49,26.67,30.44,18.71,1,1,1.0
1198,167,195.63,129.07,63.72,73.96,1,1,1.0
1198,168,280.11,54.19,42.17,21.27,1,1,0.1066
1198,169,424.75,50.99,41.1,25.53,1,1,1.0
1198,170,55.89,76.16,36.41,34.28,1,1,1.0
1198,171,90.45,46.51,33.43,33.85,1,1,1.0
1198,172,126.93,43.95,28.52,23.19,1,1,1.0
1198,173,504.96,117.55,74.17,38.76,1,1,0.3319
1198,174,733.01,121.17,99.14,44.52,1,1,1.0
1198,175,18.77,33.92,25.96,27.03,1,1,1.0
1198,176,1.0,74.24,17.07,28.09,1,1,1.0
1199,156,770.56,469.33,190.44,71.67,1,1,1.0
1199,158,339.2,199.68,96.15,72.89,1,1,1.0
1199,160,230.4,258.99,106.39,88.04,1,1,1.0
1199,161,241.28,29.65,25.53,18.71,1,1,1.0
1199,162,173.65,25.17,23.4,14.44,1,1,0.1151
1199,163,439.89,185.6,100.84,67.99,1,1,1.0
1199,164,78.93,316.8,116.84,118.97,1,1,1.0
1199,165,208.85,31.79,30.44,19.13,1,1,0.1575
1199,166,271.57,26.67,30.23,18.49,1,1,1.0
1199,167,197.97,131.2,64.15,75.24,1,1,1.0
1199,168,277.76,53.55,41.96,21.27,1,1,0.1356
1199,169,421.12,50.35,40.89,25.53,1,1,1.0
1199,170,57.17,77.44,35.99,33.85,1,1,1.0
1199,171,91.95,47.36,33.64,34.28,1,1,1.0
1199,172,128.0,44.59,28.95,22.55,1,1,1.0
1199,173,499.84,116.05,72.89,37.91,1,1,0.2641
1199,174,721.92,118.83,97.0,43.88,1,1,1.0
1199,175,19.63,34.35,26.17,27.24,1,1,1.0
1199,176,1.0,75.09,18.13,28.31,1,1,1.0
1200,156,799.15,485.33,161.85,55.67,1,1,1.0
1200,158,344.53,203.31,98.71,73.74,1,1,1.0
1200,160,236.8,264.96,108.09,90.39,1,1,1.0
1200,161,239.57,29.23,25.54,18.92,1,1,1.0
1200,162,172.16,24.32,23.4,14.65,1,1,0.0239
1200,163,448.21,189.87,103.19,69.69,1,1,1.0
1200,164,83.2,326.4,120.25,123.45,1,1,1.0
1200,165,207.36,31.36,30.65,19.13,1,1,0.0536
1200,166,269.65,26.67,30.02,18.28,1,1,1.0
1200,167,200.32,133.33,64.57,76.52,1,1,1.0
1200,168,275.41,52.91,41.75,21.27,1,1,0.0684
1200,169,417.49,49.71,40.68,25.53,1,1,1.0
1200,170,58.45,78.72,35.56,33.43,1,1,1.0
1200,171,93.44,48.21,33.85,34.71,1,1,1.0
1200,172,129.07,45.23,29.37,21.91,1,1,1.0
1200,173,494.72,114.56,71.61,37.05,1,1,0.2713
1200,174,710.83,116.48,94.86,43.24,1,1,1.0
1200,175,20.48,34.77,26.39,27.45,1,1,1.0
1200,176,1.0,75.95,19.2,28.52,1,1,1.0
1201,156,827.73,501.33,133.27,39.67,1,1,1.0
1201,158,349.87,206.93,101.26,74.6,1,1,1.0
1201,160,243.2,270.93,109.8,92.74,1,1,1.0
1201,161,237.87,28.8,25.53,19.13,1,1,1.0
1201,162,170.67,23.47,23.4,14.87,1,1,0.0359
1201,163,456.53,194.13,105.54,71.4,1,1,1.0
1201,164,87.47,336.0,123.66,127.93,1,1,1.0
1201,165,205.87,30.93,30.86,19.13,1,1,0.0597
1201,166,267.73,26.67,29.8,18.07,1,1,1.0
1201,167,202.67,135.47,65.0,77.8,1,1,1.0
1201,168,273.07,52.27,41.53,21.27,1,1,0.1266
1201,169,413.87,49.07,40.46,25.53,1,1,1.0
1201,170,59.73,80.0,35.13,33.0,1,1,1.0
1201,171,94.93,49.07,34.07,35.13,1,1,1.0
1201,172,130.13,45.87,29.8,21.27,1,1,1.0
1201,173,489.6,113.07,70.33,36.2,1,1,0.3133
1201,174,699.73,114.13,92.74,42.6,1,1,1.0
1201,175,21.33,35.2,26.6,27.67,1,1,1.0
1201,176,1.0,76.8,20.27,28.73,1,1,1.0
1202,158,356.27,210.77,103.4,76.95,1,1,1.0
1202,160,249.39,277.76,114.28,95.93,1,1,1.0
1202,161,236.37,28.59,25.75,18.92,1,1,1.0
1202,162,169.6,23.47,23.19,15.08,1,1,0.052
1202,163,466.35,198.19,108.94,73.96,1,1,1.0
1202,164,92.16,349.01,128.79,132.84,1,1,1.0
1202,165,203.95,30.29,31.08,19.35,1,1,0.1236
1202,166,266.24,25.81,29.37,18.28,1,1,1.0
1202,167,204.59,138.45,66.49,79.3,1,1,1.0
1202,168,270.93,51.41,41.11,20.84,1,1,0.1469
1202,169,410.24,47.79,39.83,25.53,1,1,1.0
1202,170,61.65,81.07,34.92,33.85,1,1,1.0
1202,171,95.57,49.49,34.92,35.77,1,1,1.0
1202,172,131.84,46.29,29.8,22.12,1,1,1.0
1202,173,484.48,110.72,68.63,36.41,1,1,0.3145
1202,174,690.77,112.43,90.39,42.17,1,1,1.0
1202,175,21.97,35.63,26.39,28.09,1,1,1.0
1202,176,1.0,78.08,20.91,28.95,1,1,1.0
1203,158,362.67,214.61,105.53,79.3,1,1,1.0
1203,160,255.57,284.59,118.76,99.13,1,1,1.0
1203,161,234.88,28.37,25.96,18.71,1,1,1.0
1203,162,168.53,23.47,22.98,15.29,1,1,0.0563
1203,163,476.16,202.24,112.36,76.52,1,1,1.0
1203,164,96.85,362.03,133.91,137.74,1,1,1.0
1203,165,202.03,29.65,31.29,19.56,1,1,0.0386
1203,166,264.75,24.96,28.94,18.49,1,1,1.0
1203,167,206.51,141.44,67.98,80.79,1,1,1.0
1203,168,268.8,50.56,40.68,20.41,1,1,0.1089
1203,169,406.61,46.51,39.19,25.53,1,1,1.0
1203,170,63.57,82.13,34.71,34.71,1,1,1.0
1203,171,96.21,49.92,35.78,36.41,1,1,1.0
1203,172,133.55,46.72,29.8,22.97,1,1,1.0
1203,173,479.36,108.37,66.92,36.63,1,1,0.324
1203,174,681.81,110.72,88.04,41.75,1,1,1.0
1203,175,22.61,36.05,26.17,28.52,1,1,1.0
1203,176,1.0,79.36,21.55,29.16,1,1,1.0
1204,158,369.07,218.45,107.66,81.64,1,1,1.0
1204,160,261.76,291.41,123.24,102.34,1,1,1.0
1204,161,233.39,28.16,26.17,18.49,1,1,1.0
1204,162,167.47,23.47,22.76,15.51,1,1,0.0569
1204,163,485.97,206.29,115.78,79.08,1,1,1.0
1204,164,101.55,375.04,139.02,142.65,1,1,1.0
1204,165,200.11,29.01,31.5,19.77,1,1,0.0683
1204,166,263.25,24.11,28.52,18.71,1,1,1.0
1204,167,208.43,144.43,69.48,82.28,1,1,1.0
1204,168,266.67,49.71,40.25,19.99,1,1,0.1494
1204,169,402.99,45.23,38.54,25.53,1,1,1.0
1204,170,65.49,83.2,34.49,35.56,1,1,1.0
1204,171,96.85,50.35,36.63,37.05,1,1,1.0
1204,172,135.25,47.15,29.8,23.83,1,1,1.0
1204,173,474.24,106.03,65.21,36.84,1,1,0.3296
1204,174,672.85,109.01,85.7,41.32,1,1,1.0
1204,175,23.25,36.48,25.96,28.95,1,1,1.0
1204,176,1.0,80.64,22.19,29.37,1,1,1.0
1205,158,375.47,222.29,109.8,83.99,1,1,1.0
1205,160,267.95,298.24,127.72,105.53,1,1,1.0
1205,161,231.89,27.95,26.39,18.28,1,1,1.0
1205,162,166.4,23.47,22.55,15.72,1,1,0.0458
1205,163,495.79,210.35,119.18,81.64,1,1,1.0
1205,164,106.24,388.05,144.15,152.95,1,1,1.0
1205,165,198.19,28.37,31.72,19.99,1,1,0.0814
1205,166,261.76,23.25,28.09,18.92,1,1,1.0
1205,167,210.35,147.41,70.97,83.78,1,1,1.0
1205,168,264.53,48.85,39.83,19.56,1,1,0.1609
1205,169,399.36,43.95,37.91,25.53,1,1,1.0
1205,170,67.41,84.27,34.28,36.41,1,1,1.0
1205,171,97.49,50.77,37.48,37.69,1,1,1.0
1205,172,136.96,47.57,29.8,24.68,1,1,1.0
1205,173,469.12,103.68,63.51,37.05,1,1,0.395
1205,174,663.89,107.31,83.35,40.89,1,1,1.0
1205,175,23.89,36.91,25.75,29.37,1,1,1.0
1205,176,1.0,81.92,22.83,29.59,1,1,1.0
1206,158,381.87,226.13,111.93,86.34,1,1,1.0
1206,160,274.13,305.07,132.2,108.73,1,1,1.0
1206,161,230.4,27.73,26.6,18.07,1,1,1.0
1206,162,165.33,23.47,22.34,15.93,1,1,0.115
1206,163,505.6,214.4,122.6,84.2,1,1,1.0
1206,164,110.93,401.07,149.27,139.93,1,1,1.0
1206,165,196.27,27.73,31.93,20.2,1,1,0.1122
1206,166,260.27,22.4,27.66,19.13,1,1,1.0
1206,167,212.27,150.4,72.46,85.27,1,1,1.0
1206,168,262.4,48.0,39.4,19.13,1,1,0.216
1206,169,395.73,42.67,37.27,25.53,1,1,1.0
1206,170,69.33,85.33,34.07,37.27,1,1,1.0
1206,171,98.13,51.2,38.34,38.33,1,1,1.0
1206,172,138.67,48.0,29.8,25.53,1,1,1.0
1206,173,464.0,101.33,61.8,37.27,1,1,0.3936
1206,174,654.93,105.6,81.0,40.47,1,1,1.0
1206,175,24.53,37.33,25.53,29.8,1,1,1.0
1206,176,1.0,83.2,23.47,29.8,1,1,1.0
1206,177,902.4,230.4,58.6,41.53,1,1,0.6688
1207,158,389.12,231.25,115.35,87.62,1,1,1.0
1207,160,282.24,314.24,137.32,112.57,1,1,1.0
1207,161,228.91,27.31,26.38,18.28,1,1,1.0
1207,163,517.33,220.16,125.8,85.27,1,1,1.0
1207,164,118.83,418.99,146.06,122.01,1,1,1.0
1207,165,195.41,27.73,30.23,19.56,1,1,0.1662
1207,166,258.35,22.19,27.24,18.92,1,1,1.0
1207,167,215.04,153.39,73.96,86.97,1,1,1.0
1207,168,260.48,47.36,38.97,19.56,1,1,0.145
1207,169,392.75,42.24,37.05,25.32,1,1,1.0
1207,170,70.19,86.61,35.34,37.48,1,1,1.0
1207,171,100.05,52.05,38.12,38.33,1,1,1.0
1207,172,139.95,48.64,30.22,25.75,1,1,1.0
1207,173,458.67,100.48,61.37,36.2,1,1,0.3735
1207,174,646.19,104.11,79.72,39.4,1,1,1.0
1207,175,25.17,37.76,25.32,30.01,1,1,1.0
1207,176,1.0,84.05,24.75,29.8,1,1,1.0
1207,177,886.61,224.64,74.39,46.44,1,1,0.6679
1208,158,396.37,236.37,118.76,88.9,1,1,1.0
1208,160,290.35,323.41,142.44,116.42,1,1,1.0
1208,161,227.41,26.88,26.18,18.49,1,1,1.0
1208,163,529.07,225.92,129.0,86.33,1,1,1.0
1208,164,126.72,436.91,142.87,104.09,1,1,1.0
1208,165,194.56,27.73,28.52,18.92,1,1,0.1223
1208,166,256.43,21.97,26.81,18.71,1,1,1.0
1208,167,217.81,156.37,75.46,88.68,1,1,1.0
1208,168,258.56,46.72,38.55,19.99,1,1,0.1665
1208,169,389.76,41.81,36.84,25.11,1,1,1.0
1208,170,71.04,87.89,36.63,37.7,1,1,1.0
1208,171,101.97,52.91,37.91,38.33,1,1,1.0
1208,172,141.23,49.28,30.65,25.96,1,1,1.0
1208,173,453.33,99.63,60.95,35.13,1,1,0.4156
1208,174,637.44,102.61,78.44,38.34,1,1,1.0
1208,175,25.81,38.19,25.11,30.23,1,1,1.0
1208,176,1.0,84.91,26.03,29.8,1,1,1.0
1208,177,870.83,218.88,90.17,51.35,1,1,0.6075
1209,158,403.63,241.49,122.17,90.18,1,1,1.0
1209,160,298.45,332.59,147.56,120.25,1,1,1.0
1209,161,225.92,26.45,25.96,18.71,1,1,1.0
1209,163,540.8,231.68,132.2,87.4,1,1,1.0
1209,164,134.61,454.83,139.67,86.17,1,1,1.0
1209,165,193.71,27.73,26.81,18.28,1,1,0.1335
1209,166,254.51,21.76,26.38,18.49,1,1,1.0
1209,167,220.59,159.36,76.94,90.39,1,1,1.0
1209,168,256.64,46.08,38.12,20.41,1,1,0.192
1209,169,386.77,41.39,36.63,24.89,1,1,1.0
1209,170,71.89,89.17,37.91,37.91,1,1,1.0
1209,171,103.89,53.76,37.7,38.33,1,1,1.0
1209,172,142.51,49.92,31.08,26.17,1,1,1.0
1209,173,448.0,98.77,60.52,34.07,1,1,0.3883
1209,174,628.69,101.12,77.16,37.27,1,1,1.0
1209,175,26.45,38.61,24.89,30.44,1,1,1.0
1209,176,1.0,85.76,27.31,29.8,1,1,1.0
1209,177,855.04,213.12,105.96,56.25,1,1,0.6149
1210,158,410.88,246.61,125.59,91.46,1,1,1.0
1210,160,306.56,341.76,152.68,124.09,1,1,1.0
1210,161,224.43,26.03,25.74,18.92,1,1,1.0
1210,163,552.53,237.44,135.4,88.47,1,1,1.0
1210,164,142.51,472.75,136.46,68.25,1,1,1.0
1210,165,192.85,27.73,25.11,17.64,1,1,0.1886
1210,166,252.59,21.55,25.96,18.28,1,1,1.0
1210,167,223.36,162.35,78.44,92.09,1,1,1.0
1210,168,254.72,45.44,37.69,20.84,1,1,0.2188
1210,169,383.79,40.96,36.41,24.68,1,1,1.0
1210,170,72.75,90.45,39.18,38.12,1,1,1.0
1210,171,105.81,54.61,37.48,38.33,1,1,1.0
1210,172,143.79,50.56,31.5,26.39,1,1,1.0
1210,173,442.67,97.92,60.09,33.0,1,1,0.3661
1210,174,619.95,99.63,75.88,36.2,1,1,1.0
1210,175,27.09,39.04,24.68,30.65,1,1,1.0
1210,176,1.0,86.61,28.59,29.8,1,1,1.0
1210,177,839.25,207.36,121.75,61.16,1,1,0.5589
1211,158,418.13,251.73,129.0,92.74,1,1,1.0
1211,160,314.67,350.93,157.8,127.94,1,1,1.0
1211,161,222.93,25.6,25.54,19.13,1,1,1.0
1211,163,564.27,243.2,138.6,89.53,1,1,1.0
1211,164,150.4,490.67,133.27,50.33,1,1,1.0
1211,165,192.0,27.73,23.4,17.0,1,1,0.1482
1211,166,250.67,21.33,25.53,18.07,1,1,1.0
1211,167,226.13,165.33,79.94,93.8,1,1,1.0
1211,168,252.8,44.8,37.27,21.27,1,1,0.2688
1211,169,380.8,40.53,36.2,24.47,1,1,1.0
1211,170,73.6,91.73,40.47,38.34,1,1,1.0
1211,171,107.73,55.47,37.27,38.33,1,1,1.0
1211,172,145.07,51.2,31.93,26.6,1,1,1.0
1211,173,437.33,97.07,59.67,31.93,1,1,0.3498
1211,174,611.2,98.13,74.6,35.14,1,1,1.0
1211,175,27.73,39.47,24.47,30.87,1,1,1.0
1211,176,1.0,87.47,29.87,29.8,1,1,1.0
1211,177,823.47,201.6,137.53,66.07,1,1,0.5724
1212,158,427.09,257.92,133.06,95.72,1,1,1.0
1212,160,326.19,362.24,163.77,133.48,1,1,1.0
1212,161,221.65,24.96,25.54,19.13,1,1,1.0
1212,163,578.77,249.39,145.64,94.22,1,1,1.0
1212,165,190.72,26.88,23.83,17.21,1,1,0.1813
1212,166,248.96,20.91,25.53,17.64,1,1,1.0
1212,167,228.69,169.17,81.64,96.15,1,1,1.0
1212,168,250.03,44.16,37.69,21.48,1,1,0.2237
1212,169,377.6,40.11,35.99,24.47,1,1,1.0
1212,170,75.09,92.8,40.68,38.97,1,1,1.0
1212,171,109.23,56.53,37.05,38.12,1,1,1.0
1212,172,145.92,51.84,32.15,26.6,1,1,1.0
1212,173,432.43,95.57,60.09,32.15,1,1,0.3468
1212,174,603.73,96.0,73.54,34.71,1,1,1.0
1212,175,28.16,40.32,25.11,30.87,1,1,1.0
1212,176,1.0,88.53,31.15,30.87,1,1,1.0
1212,177,809.17,197.12,151.83,65.21,1,1,0.6082
1213,158,436.05,264.11,137.11,98.7,1,1,1.0
1213,160,337.71,373.55,169.74,139.02,1,1,1.0
1213,161,220.37,24.32,25.54,19.13,1,1,1.0
1213,163,593.28,255.57,152.68,98.92,1,1,1.0
1213,165,189.44,26.03,24.25,17.43,1,1,0.2924
1213,166,247.25,20.48,25.54,17.21,1,1,1.0
1213,167,231.25,173.01,83.35,98.5,1,1,1.0
1213,168,247.25,43.52,38.12,21.69,1,1,0.2394
1213,169,374.4,39.68,35.77,24.47,1,1,1.0
1213,170,76.59,93.87,40.89,39.61,1,1,1.0
1213,171,110.72,57.6,36.84,37.91,1,1,1.0
1213,172,146.77,52.48,32.36,26.6,1,1,1.0
1213,173,427.52,94.08,60.52,32.36,1,1,0.3734
1213,174,596.27,93.87,72.46,34.28,1,1,1.0
1213,175,28.59,41.17,25.75,30.87,1,1,1.0
1213,176,1.0,89.6,32.43,31.93,1,1,1.0
1213,177,794.88,192.64,145.0,64.36,1,1,0.5762
1214,158,445.01,270.29,141.16,101.7,1,1,1.0
1214,160,349.23,384.85,175.72,144.58,1,1,1.0
1214,161,219.09,23.68,25.54,19.13,1,1,1.0
1214,163,607.79,261.76,159.72,103.61,1,1,1.0
1214,165,188.16,25.17,24.68,17.64,1,1,0.2736
1214,166,245.55,20.05,25.53,16.79,1,1,1.0
1214,167,233.81,176.85,85.06,100.84,1,1,1.0
1214,168,244.48,42.88,38.55,21.91,1,1,0.2343
1214,169,371.2,39.25,35.56,24.47,1,1,1.0
1214,170,78.08,94.93,41.11,40.26,1,1,1.0
1214,171,112.21,58.67,36.63,37.69,1,1,1.0
1214,172,147.63,53.12,32.57,26.6,1,1,1.0
1214,173,422.61,92.59,60.95,32.57,1,1,0.3612
1214,174,588.8,91.73,71.4,33.86,1,1,1.0
1214,175,29.01,42.03,26.39,30.87,1,1,1.0
1214,176,1.0,90.67,33.71,33.0,1,1,1.0
1214,177,780.59,188.16,141.8,63.51,1,1,0.5709
1215,158,453.97,276.48,145.22,104.68,1,1,1.0
1215,160,360.75,396.16,181.69,144.84,1,1,1.0
1215,161,217.81,23.04,25.54,19.13,1,1,1.0
1215,163,622.29,267.95,166.76,108.3,1,1,1.0
1215,165,186.88,24.32,25.11,17.85,1,1,0.3486
1215,166,243.84,19.63,25.53,16.36,1,1,1.0
1215,167,236.37,180.69,86.76,103.19,1,1,1.0
1215,168,241.71,42.24,38.97,22.12,1,1,0.2659
1215,169,368.0,38.83,35.35,24.47,1,1,1.0
1215,170,79.57,96.0,41.32,40.89,1,1,1.0
1215,171,113.71,59.73,36.41,37.48,1,1,1.0
1215,172,148.48,53.76,32.79,26.6,1,1,1.0
1215,173,417.71,91.09,61.37,32.79,1,1,0.3367
1215,174,581.33,89.6,70.34,33.43,1,1,1.0
1215,175,29.44,42.88,27.03,30.87,1,1,1.0
1215,176,1.0,91.73,34.99,34.07,1,1,1.0
1215,177,766.29,183.68,138.6,62.65,1,1,0.5623
1216,158,462.93,282.67,149.27,107.66,1,1,1.0
1216,160,372.27,407.47,187.66,133.53,1,1,1.0
1216,161,216.53,22.4,25.54,19.13,1,1,1.0
1216,163,636.8,274.13,173.8,113.0,1,1,1.0
1216,165,185.6,23.47,25.53,18.07,1,1,0.4038
1216,166,242.13,19.2,25.54,15.93,1,1,1.0
1216,167,238.93,184.53,88.47,105.54,1,1,1.0
1216,168,238.93,41.6,39.4,22.33,1,1,0.2188
1216,169,364.8,38.4,35.13,24.47,1,1,1.0
1216,170,81.07,97.07,41.53,41.53,1,1,1.0
1216,171,115.2,60.8,36.2,37.27,1,1,1.0
1216,172,149.33,54.4,33.0,26.6,1,1,1.0
1216,173,412.8,89.6,61.8,33.0,1,1,0.3879
1216,174,573.87,87.47,69.26,33.0,1,1,1.0
1216,175,29.87,43.73,27.67,30.87,1,1,1.0
1216,176,1.0,92.8,36.27,35.13,1,1,1.0
1216,177,752.0,179.2,135.4,61.8,1,1,0.578
1217,158,473.39,289.07,155.88,111.93,1,1,1.0
1217,160,385.28,421.12,185.32,119.88,1,1,1.0
1217,161,215.25,22.83,25.54,18.07,1,1,1.0
1217,163,654.29,282.24,182.55,118.76,1,1,1.0
1217,165,184.53,23.68,24.68,17.85,1,1,0.3891
1217,166,239.57,18.99,26.6,16.57,1,1,1.0
1217,167,242.13,189.44,91.03,108.09,1,1,1.0
1217,168,237.23,41.39,38.97,22.33,1,1,0.2538
1217,169,362.03,37.97,34.7,23.83,1,1,1.0
1217,170,82.35,98.77,42.38,41.75,1,1,1.0
1217,171,116.27,61.44,37.69,38.33,1,1,1.0
1217,172,151.25,55.25,33.22,27.03,1,1,1.0
1217,173,407.47,88.11,62.65,34.7,1,1,0.3483
1217,174,567.04,86.61,68.63,33.0,1,1,1.0
1217,175,30.51,44.8,28.31,31.08,1,1,1.0
1217,176,1.0,93.87,37.33,35.77,1,1,1.0
1217,177,740.69,174.93,132.2,63.94,1,1,0.5866
1218,158,483.84,295.47,162.49,116.2,1,1,1.0
1218,160,398.29,434.77,182.98,106.23,1,1,1.0
1218,161,213.97,23.25,25.54,17.0,1,1,1.0
1218,163,671.79,290.35,191.29,124.52,1,1,1.0
1218,165,183.47,23.89,23.82,17.64,1,1,0.3979
1218,166,237.01,18.77,27.67,17.21,1,1,1.0
1218,167,245.33,194.35,93.59,110.65,1,1,1.0
1218,168,235.52,41.17,38.55,22.33,1,1,0.2483
1218,169,359.25,37.55,34.28,23.19,1,1,1.0
1218,170,83.63,100.48,43.24,41.96,1,1,1.0
1218,171,117.33,62.08,39.19,39.4,1,1,1.0
1218,172,153.17,56.11,33.43,27.45,1,1,1.0
1218,173,402.13,86.61,63.51,36.42,1,1,0.3204
1218,174,560.21,85.76,67.99,33.0,1,1,1.0
1218,175,31.15,45.87,28.95,31.29,1,1,1.0
1218,176,1.0,94.93,38.4,36.42,1,1,1.0
1218,177,729.39,170.67,129.0,66.06,1,1,0.5558
1219,158,494.29,301.87,169.11,120.46,1,1,1.0
1219,160,411.31,448.43,180.62,92.57,1,1,1.0
1219,161,212.69,23.68,25.54,15.93,1,1,1.0
1219,163,689.28,298.45,200.04,130.28,1,1,1.0
1219,165,182.4,24.11,22.97,17.43,1,1,0.266
1219,166,234.45,18.56,28.74,17.85,1,1,1.0
1219,167,248.53,199.25,96.15,113.22,1,1,1.0
1219,168,233.81,40.96,38.12,22.33,1,1,0.2426
1219,169,356.48,37.12,33.85,22.55,1,1,1.0
1219,170,84.91,102.19,44.09,42.17,1,1,1.0
1219,171,118.4,62.72,40.68,40.47,1,1,1.0
1219,172,155.09,56.96,33.64,27.88,1,1,1.0
1219,173,396.8,85.12,64.36,38.12,1,1,0.358
1219,174,553.39,84.91,67.34,33.0,1,1,1.0
1219,175,31.79,46.93,29.59,31.51,1,1,1.0
1219,176,1.0,96.0,39.47,37.05,1,1,1.0
1219,177,718.08,166.4,125.8,68.2,1,1,0.5098
1220,158,504.75,308.27,175.72,124.73,1,1,1.0
1220,160,424.32,462.08,178.28,78.92,1,1,1.0
1220,161,211.41,24.11,25.54,14.87,1,1,1.0
1220,163,706.77,306.56,208.79,136.04,1,1,1.0
1220,165,181.33,24.32,22.12,17.21,1,1,0.3933
1220,166,231.89,18.35,29.8,18.49,1,1,1.0
1220,167,251.73,204.16,98.71,115.77,1,1,1.0
1220,168,232.11,40.75,37.69,22.33,1,1,0.2388
1220,169,353.71,36.69,33.42,21.91,1,1,1.0
1220,170,86.19,103.89,44.94,42.39,1,1,1.0
1220,171,119.47,63.36,42.17,41.53,1,1,1.0
1220,172,157.01,57.81,33.86,28.31,1,1,1.0
1220,173,391.47,83.63,65.21,39.82,1,1,0.3275
1220,174,546.56,84.05,66.71,33.0,1,1,1.0
1220,175,32.43,48.0,30.23,31.72,1,1,1.0
1220,176,1.0,97.07,40.53,37.69,1,1,1.0
1220,177,706.77,162.13,122.6,70.34,1,1,0.4967
1221,158,515.2,314.67,182.33,129.0,1,1,1.0
1221,160,437.33,475.73,175.94,58.6,1,1,1.0
1221,161,210.13,24.53,25.54,13.8,1,1,1.0
1221,163,724.27,314.67,217.53,141.8,1,1,1.0
1221,165,180.27,24.53,21.26,17.0,1,1,0.3691
1221,166,229.33,18.13,30.87,19.13,1,1,1.0
1221,167,254.93,209.07,101.27,118.33,1,1,1.0
1221,168,230.4,40.53,37.27,22.33,1,1,0.1704
1221,169,350.93,36.27,33.0,21.27,1,1,1.0
1221,170,87.47,105.6,45.8,42.6,1,1,1.0
1221,171,120.53,64.0,43.67,42.6,1,1,1.0
1221,172,158.93,58.67,34.07,28.73,1,1,1.0
1221,173,386.13,82.13,66.07,41.54,1,1,0.3018
1221,174,539.73,83.2,66.07,33.0,1,1,1.0
1221,175,33.07,49.07,30.87,31.93,1,1,1.0
1221,176,1.0,98.13,41.6,38.34,1,1,1.0
1221,177,695.47,157.87,119.4,72.46,1,1,0.5008
1221,178,17.07,33.07,21.27,19.13,1,1,1.0
1221,179,51.2,30.93,23.4,15.93,1,1,1.0
1222,158,528.53,323.73,188.47,132.74,1,1,1.0
1222,161,209.07,24.0,25.26,14.07,1,1,1.0
1222,163,748.53,325.07,195.94,144.2,1,1,1.0
1222,165,178.67,23.73,22.06,17.53,1,1,0.2586
1222,166,228.8,17.87,29.53,18.6,1,1,1.0
1222,167,258.93,214.67,104.47,121.8,1,1,1.0
1222,168,229.6,40.53,36.2,21.0,1,1,0.1994
1222,169,347.73,36.0,34.34,21.53,1,1,1.0
1222,170,89.6,107.2,46.33,43.4,1,1,1.0
1222,173,383.2,82.13,64.47,38.87,1,1,0.3212
1222,174,533.87,81.33,65.0,32.74,1,1,1.0
1222,175,33.87,49.33,31.13,32.47,1,1,1.0
1222,176,1.0,99.47,42.93,38.6,1,1,1.0
1222,177,684.27,155.47,117.8,71.13,1,1,0.4854
1222,178,17.87,33.6,21.0,18.87,1,1,1.0
1222,179,51.47,31.47,23.4,16.2,1,1,1.0
1223,158,541.87,332.8,194.6,136.47,1,1,1.0
1223,161,208.0,23.47,25.0,14.33,1,1,1.0
1223,163,772.8,335.47,174.33,146.6,1,1,1.0
1223,165,177.07,22.93,22.86,18.07,1,1,0.3097
1223,166,228.27,17.6,28.2,18.07,1,1,1.0
1223,167,262.93,220.27,107.67,125.26,1,1,1.0
1223,168,228.8,40.53,35.13,19.67,1,1,0.2044
1223,169,344.53,35.73,35.67,21.8,1,1,1.0
1223,170,91.73,108.8,46.87,44.2,1,1,1.0
1223,173,380.27,82.13,62.86,36.2,1,1,0.2741
1223,174,528.0,79.47,63.93,32.46,1,1,1.0
1223,175,34.67,49.6,31.4,33.0,1,1,1.0
1223,176,1.0,100.8,44.27,38.87,1,1,1.0
1223,177,673.07,153.07,116.2,69.8,1,1,0.4772
1223,178,18.67,34.13,20.73,18.6,1,1,1.0
1223,179,51.73,32.0,23.4,16.47,1,1,1.0
1224,158,555.2,341.87,200.73,140.2,1,1,1.0
1224,161,206.93,22.93,24.74,14.6,1,1,1.0
1224,163,797.07,345.87,163.93,149.0,1,1,1.0
1224,165,175.47,22.13,23.66,18.6,1,1,0.3345
1224,166,227.73,17.33,26.87,17.53,1,1,1.0
1224,167,266.93,225.87,110.87,128.73,1,1,1.0
1224,168,228.0,40.53,34.07,18.33,1,1,0.1891
1224,169,341.33,35.47,37.0,22.07,1,1,1.0
1224,170,93.87,110.4,47.4,45.0,1,1,1.0
1224,173,377.33,82.13,61.27,33.54,1,1,0.3217
1224,174,522.13,77.6,62.87,32.2,1,1,1.0
1224,175,35.47,49.87,31.67,33.53,1,1,1.0
1224,176,1.0,102.13,45.6,39.14,1,1,1.0
1224,177,661.87,150.67,114.6,68.46,1,1,0.5048
1224,178,19.47,34.67,20.47,18.33,1,1,1.0
1224,179,52.0,32.53,23.4,16.73,1,1,1.0
1225,158,568.53,350.93,206.87,143.94,1,1,1.0
1225,161,205.87,22.4,24.46,14.87,1,1,1.0
1225,163,821.33,356.27,139.67,151.4,1,1,1.0
1225,165,173.87,21.33,24.46,19.13,1,1,0.3519
1225,166,227.2,17.07,25.53,17.0,1,1,1.0
1225,167,270.93,231.47,114.07,132.2,1,1,1.0
1225,168,227.2,40.53,33.0,17.0,1,1,0.3686
1225,169,338.13,35.2,38.34,22.33,1,1,1.0
1225,170,96.0,112.0,47.93,45.8,1,1,1.0
1225,173,374.4,82.13,59.67,30.87,1,1,0.3197
1225,174,516.27,75.73,61.8,31.94,1,1,1.0
1225,175,36.27,50.13,31.93,34.07,1,1,1.0
1225,176,1.0,103.47,46.93,39.4,1,1,1.0
1225,177,650.67,148.27,113.0,67.13,1,1,0.5002
1225,178,20.27,35.2,20.2,18.07,1,1,1.0
1225,179,52.27,33.07,23.4,17.0,1,1,1.0
