video,track_id,seg_id,lvl,bucket,n_pred,model,iou,diou,expand,traceP
MVI_20011,28,2,full,medium,21,KF + CV,0.2505858410352728,0.18156771134961472,1.0,664.7472182164042
MVI_20011,28,2,full,medium,21,EKF + CTRV,0.15062659969239606,0.0454836049402175,1.0,799.3950366949467
MVI_20011,28,2,full,medium,21,UKF + CTRV,0.1922940721393538,0.10348209408020247,1.0,656.2204503396392
MVI_20011,40,1,full,medium,24,KF + CV,0.2243263433578988,0.14533902464969517,1.0,691.7846137132518
MVI_20011,40,1,full,medium,24,EKF + CTRV,0.003666409845609917,-0.18179717260318187,1.0,916.8052177784336
MVI_20011,40,1,full,medium,24,UKF + CTRV,0.0,-0.18539727073251236,1.1,639.5805033224725
MVI_20012,38,0,full,medium,29,KF + CV,0.29804635000153584,0.26693488492719475,1.0,2444.518593857514
MVI_20012,38,0,full,medium,29,EKF + CTRV,0.4580019765474394,0.448013364027363,1.0,3883.3240620906254
MVI_20012,38,0,full,medium,29,UKF + CTRV,0.18003624183944178,0.1311403974744152,1.0,1540.078166950054
MVI_20062,12,1,full,medium,35,KF + CV,0.8536621252245551,0.852161992069856,1.0,2263.523899707487
MVI_20062,12,1,full,medium,35,EKF + CTRV,0.5637942178257811,0.5389441139959932,1.0,2216.5065572072926
MVI_20062,12,1,full,medium,35,UKF + CTRV,0.3996628404660058,0.34801222058037096,1.0,1582.5313742041762
MVI_39821,17,1,full,long,65,KF + CV,0.0,-0.48913446902334595,6.300000000000004,15097.41948576343
MVI_39821,17,1,full,long,65,EKF + CTRV,0.0,-0.48609462528851727,6.100000000000005,38300.32290789037
MVI_39821,17,1,full,long,65,UKF + CTRV,0.0,-0.5529664479678251,8.200000000000006,7225.936158218158
MVI_39861,4,1,full,medium,24,KF + CV,0.0,-0.660547699636692,7.600000000000005,1460.8863847397095
MVI_39861,4,1,full,medium,24,EKF + CTRV,0.0,-0.6678265253322175,7.800000000000006,3780.4726888422
MVI_39861,4,1,full,medium,24,UKF + CTRV,0.0,-0.6738864521594744,8.100000000000007,3074.1339924549507
MVI_39931,4,0,full,medium,20,KF + CV,0.6160281390783695,0.6042724907007337,1.0,750.8431941241178
MVI_39931,4,0,full,medium,20,EKF + CTRV,0.5318974886420529,0.5130087292995227,1.0,1036.812660641451
MVI_39931,4,0,full,medium,20,UKF + CTRV,0.5043783588247176,0.4787896764168016,1.0,886.1841384405785
MVI_40131,1,0,full,long,61,KF + CV,0.0,-0.17820602954617756,3.100000000000002,17165.091811273873
MVI_40131,1,0,full,long,61,EKF + CTRV,0.0,-0.13069416083344237,2.300000000000001,23092.176065747717
MVI_40131,1,0,full,long,61,UKF + CTRV,0.0013983059959436826,-0.08743744411825748,1.0,10329.056906887916
MVI_40131,19,0,full,long,54,KF + CV,0.9854093609318885,0.9854089027850638,1.0,17048.754731247274
MVI_40131,19,0,full,long,54,EKF + CTRV,0.8508581164072357,0.8486548411309249,1.0,11677.324388592207
MVI_40131,19,0,full,long,54,UKF + CTRV,0.8508312257358591,0.848627035763304,1.0,11610.924147264448
MVI_40131,35,0,full,long,50,KF + CV,0.7173729750854956,0.704844418049367,1.0,19639.37762031814
MVI_40131,35,0,full,long,50,EKF + CTRV,0.6908870448753689,0.6781902469153708,1.0,13949.395810777614
MVI_40131,35,0,full,long,50,UKF + CTRV,0.6825300603850537,0.6694884256585393,1.0,13425.781666125353
MVI_40152,26,0,full,medium,31,KF + CV,0.12774998109085103,0.012248558788839778,1.0,1723.0842310651663
MVI_40152,26,0,full,medium,31,EKF + CTRV,0.19788772487401196,0.09326004085047562,1.0,3439.744325948111
MVI_40152,26,0,full,medium,31,UKF + CTRV,0.062089542158245664,-0.11318448201971412,1.0,949.295576358779
MVI_40162,39,0,full,medium,25,KF + CV,0.3487886454938549,0.309475467065704,1.0,1232.984044266074
MVI_40162,39,0,full,medium,25,EKF + CTRV,0.5251740733651548,0.5044830579825521,1.0,3515.3651652262147
MVI_40162,39,0,full,medium,25,UKF + CTRV,0.28075081664659235,0.20258115923078746,1.0,717.388236973139
MVI_40162,54,0,full,medium,22,KF + CV,0.4569944883447685,0.42692637905360314,1.0,1173.1477208224112
MVI_40162,54,0,full,medium,22,EKF + CTRV,0.17590997768210445,0.08368399460787523,1.0,1410.1124713862146
MVI_40162,54,0,full,medium,22,UKF + CTRV,0.12065716865151166,0.008744829682177643,1.0,982.165174658093
MVI_40171,41,0,full,long,66,KF + CV,0.9248312421333745,0.9248312288066153,1.0,54163.35832727868
MVI_40171,41,0,full,long,66,EKF + CTRV,0.8842834439873531,0.8841990219553414,1.0,36733.80933255719
MVI_40171,41,0,full,long,66,UKF + CTRV,0.8842695244441094,0.8841849377990736,1.0,36641.53090373125
MVI_40171,41,1,full,long,38,KF + CV,0.9832289492785389,0.983228935891718,1.0,12358.702301229692
MVI_40171,41,1,full,long,38,EKF + CTRV,0.9281918212203573,0.9280706481007666,1.0,8628.351190422034
MVI_40171,41,1,full,long,38,UKF + CTRV,0.9265795991514452,0.926450932589656,1.0,8538.85664257453
MVI_40172,99,0,full,long,42,KF + CV,0.8053798538081995,0.8048551060864919,1.0,18239.44289105932
MVI_40172,99,0,full,long,42,EKF + CTRV,0.8053798538081995,0.8053303677269249,1.0,12696.45026941147
MVI_40172,99,0,full,long,42,UKF + CTRV,0.8053798538081992,0.8053400915684644,1.0,12571.719209598003
MVI_40172,99,1,full,long,40,KF + CV,0.9977004820612503,0.9977004759266195,1.0,14593.513882294317
MVI_40172,99,1,full,long,40,EKF + CTRV,0.9963457296698511,0.996345607005207,1.0,10106.771205417266
MVI_40172,99,1,full,long,40,UKF + CTRV,0.9963451077437494,0.9963449822320128,1.0,10061.409546556912
MVI_40172,102,5,full,long,53,KF + CV,0.93480685856797,0.9345475804879556,1.0,21379.288595485174
MVI_40172,102,5,full,long,53,EKF + CTRV,0.9465652618952859,0.9463567176072315,1.0,14636.765724532745
MVI_40172,102,5,full,long,53,UKF + CTRV,0.9397218621189939,0.9394095669613471,1.0,14572.938366584616
MVI_40172,102,8,full,long,67,KF + CV,0.7828712626154098,0.7784847497085281,1.0,36946.376085776545
MVI_40172,102,8,full,long,67,EKF + CTRV,0.7986499791458526,0.7944860553034928,1.0,25538.544197610776
MVI_40172,102,8,full,long,67,UKF + CTRV,0.8019745667873928,0.797969601426028,1.0,24984.305325212757
MVI_40172,102,9,full,long,87,KF + CV,0.6852162657014378,0.6784161888848003,1.0,71603.31681813831
MVI_40172,102,9,full,long,87,EKF + CTRV,0.7161297950867622,0.7099818315303023,1.0,54476.28034329459
MVI_40172,102,9,full,long,87,UKF + CTRV,0.7686729286231994,0.7637587332693688,1.0,48235.73484226533
MVI_40172,105,0,full,long,47,KF + CV,0.9737205138247362,0.9737205042879246,1.0,14013.930151578234
MVI_40172,105,0,full,long,47,EKF + CTRV,0.9319146365292252,0.9316828210944216,1.0,9643.306109619256
MVI_40172,105,0,full,long,47,UKF + CTRV,0.9319146365292205,0.9316828210944168,1.0,9588.427882727603
MVI_40172,105,1,full,long,42,KF + CV,0.9968333525157023,0.9968333220797018,1.0,10941.34049632646
MVI_40172,105,1,full,long,42,EKF + CTRV,0.987942917848079,0.9879331949757253,1.0,7581.037080323956
MVI_40172,105,1,full,long,42,UKF + CTRV,0.9879113416596812,0.9879014839372665,1.0,7529.3466654459635
MVI_40172,105,3,full,medium,20,KF + CV,0.9905924154612619,0.990592415166045,1.0,2288.18584191878
MVI_40172,105,3,full,medium,20,EKF + CTRV,0.9864679368633171,0.9864669854609056,1.0,1679.7911048362905
MVI_40172,105,3,full,medium,20,UKF + CTRV,0.9864655478520965,0.9864645937431333,1.0,1657.9377281427217
MVI_40204,35,0,full,medium,21,KF + CV,0.1475006826472556,0.007853756209167562,1.0,348.1511030584691
MVI_40204,35,0,full,medium,21,EKF + CTRV,0.14360115881293484,0.0006338134198369261,1.0,715.0325248332554
MVI_40204,35,0,full,medium,21,UKF + CTRV,0.1884817262909252,0.06838096844894732,1.0,612.350083371633
MVI_40204,98,0,full,long,53,KF + CV,0.0,-0.5620553369873034,inf,3273.557969700612
MVI_40204,98,0,full,long,53,EKF + CTRV,0.0,-0.5795640506263136,inf,18032.775293783216
MVI_40204,98,0,full,long,53,UKF + CTRV,0.0,-0.3410204970380786,4.800000000000003,3730.7346193728963
MVI_40212,136,0,full,medium,21,KF + CV,0.025930978721366932,-0.19369418118208753,1.0,1771.7598414560025
MVI_40212,136,0,full,medium,21,EKF + CTRV,0.001553558245592039,-0.23245037704539703,1.0,7452.210716646961
MVI_40212,136,0,full,medium,21,UKF + CTRV,0.0,-0.2519402647290334,1.1,6530.014258992376
MVI_40213,205,0,full,medium,24,KF + CV,0.0,-0.3380727973964238,2.200000000000001,2399.9715016214254
MVI_40213,205,0,full,medium,24,EKF + CTRV,0.0,-0.3249000050491852,2.100000000000001,12160.574688793637
MVI_40213,205,0,full,medium,24,UKF + CTRV,0.0,-0.3489050111756537,2.4000000000000012,9361.852530614004
MVI_40732,2,2,full,medium,21,KF + CV,0.987848751557106,0.9878487395648949,1.0,1870.0897586967951
MVI_40732,2,2,full,medium,21,EKF + CTRV,0.9801441454542215,0.9801415647641096,1.0,1391.9894541544274
MVI_40732,2,2,full,medium,21,UKF + CTRV,0.9794086216838253,0.979405312466477,1.0,1349.7849709801972
MVI_40732,14,0,full,medium,30,KF + CV,0.07759998258808963,0.02288870930314211,1.0,18248.903225773156
MVI_40732,14,0,full,medium,30,EKF + CTRV,0.0,-0.0920136522662445,1.5000000000000004,61820.36603281904
MVI_40732,14,0,full,medium,30,UKF + CTRV,0.0,-0.0509692401437934,1.1,35367.05631991091
MVI_40732,14,1,full,medium,29,KF + CV,0.0,-0.27848724797778207,1.4000000000000004,6247.032467127369
MVI_40732,14,1,full,medium,29,EKF + CTRV,0.0,-0.305181496110756,1.6000000000000005,14529.297670878957
MVI_40732,14,1,full,medium,29,UKF + CTRV,0.0,-0.2546212423642966,1.3000000000000003,9931.468555835778
MVI_40751,2,0,full,long,47,KF + CV,0.4274619762704283,0.4119745030325266,1.0,14671.689348949543
MVI_40751,2,0,full,long,47,EKF + CTRV,0.5642552754875511,0.5595568118782009,1.0,10581.15540620395
MVI_40751,2,0,full,long,47,UKF + CTRV,0.5516229616951914,0.5433367870368231,1.0,10042.764940624447
MVI_40752,76,1,full,medium,31,KF + CV,0.005106733590364026,-0.2219191463668797,1.0,4459.264057774756
MVI_40752,76,1,full,medium,31,EKF + CTRV,0.007555132262501853,-0.21946360030423212,1.0,12827.961408869418
MVI_40752,76,1,full,medium,31,UKF + CTRV,0.0,-0.2650151700939839,1.3000000000000003,9031.786018017378
MVI_40752,99,1,full,medium,22,KF + CV,0.06717829946688074,-0.08692618809206722,1.0,1603.9569651331883
MVI_40752,99,1,full,medium,22,EKF + CTRV,0.09796685248284563,-0.055327088399378735,1.0,4121.27519060435
MVI_40752,99,1,full,medium,22,UKF + CTRV,0.06796950913746756,-0.10285954503142324,1.0,3592.8174876066855
MVI_40991,1,0,full,medium,20,KF + CV,0.23010780664991845,0.12094622309073888,1.0,9515.382483800824
MVI_40991,1,0,full,medium,20,EKF + CTRV,0.022520946745662577,-0.16896883478025784,1.0,32233.77813636032
MVI_40991,1,0,full,medium,20,UKF + CTRV,0.03562180472961233,-0.11289268587680518,1.0,12640.571666086273
MVI_40991,10,0,full,medium,24,KF + CV,0.0,-0.3586509584363416,3.6000000000000023,7228.463854808253
MVI_40991,10,0,full,medium,24,EKF + CTRV,0.0,-0.3770856268394037,3.9000000000000026,17179.064053243794
MVI_40991,10,0,full,medium,24,UKF + CTRV,0.0,-0.34570072427043913,3.200000000000002,12525.286297307524
MVI_40991,11,0,full,medium,29,KF + CV,0.0,-0.2478442886089772,1.1,10462.802411089571
MVI_40991,11,0,full,medium,29,EKF + CTRV,0.0,-0.2561338728412681,1.3000000000000003,22901.170659843847
MVI_40991,11,0,full,medium,29,UKF + CTRV,0.020436911670032636,-0.16264088083616068,1.0,15603.834074362916
MVI_40991,12,0,full,medium,26,KF + CV,0.0,-0.298821283634122,1.9000000000000008,8027.285420206845
MVI_40991,12,0,full,medium,26,EKF + CTRV,0.0,-0.30216261241806963,1.9000000000000008,18186.892780002265
MVI_40991,12,0,full,medium,26,UKF + CTRV,0.0,-0.25602443266004626,1.2000000000000002,13768.735394944566
MVI_40991,14,0,full,medium,23,KF + CV,0.0,-0.23396355450950607,1.1,7741.862703045853
MVI_40991,14,0,full,medium,23,EKF + CTRV,0.0,-0.25028456182085274,1.2000000000000002,15897.246591639823
MVI_40991,14,0,full,medium,23,UKF + CTRV,0.009196879327627666,-0.21480714497678796,1.0,12245.851608116505
MVI_40991,15,0,full,medium,20,KF + CV,0.053223218326198855,-0.13264472990444354,1.0,5054.424766112959
MVI_40991,15,0,full,medium,20,EKF + CTRV,0.04557668254919969,-0.14382725981487596,1.0,9699.238931718819
MVI_40991,15,0,full,medium,20,UKF + CTRV,0.07420666011894414,-0.09513690225987853,1.0,8509.408091832034
MVI_40991,22,0,full,medium,22,KF + CV,0.0,-0.24268396064723344,1.2000000000000002,7210.229981681434
MVI_40991,22,0,full,medium,22,EKF + CTRV,0.0,-0.24758829430718418,1.2000000000000002,14468.343570800462
MVI_40991,22,0,full,medium,22,UKF + CTRV,0.013776706249482679,-0.20473093905996698,1.0,12090.310306796102
MVI_40991,23,0,full,medium,21,KF + CV,0.0,-0.2433229986112685,1.2000000000000002,5963.773532949389
MVI_40991,23,0,full,medium,21,EKF + CTRV,0.0,-0.24939365188427637,1.3000000000000003,12356.73280047867
MVI_40991,23,0,full,medium,21,UKF + CTRV,0.012789116886185588,-0.20652705756936904,1.0,10457.42638983684
MVI_40991,27,0,full,medium,21,KF + CV,0.0,-0.23105674497029396,1.1,5406.481473894623
MVI_40991,27,0,full,medium,21,EKF + CTRV,0.0,-0.25112844092893066,1.3000000000000003,10759.15138962158
MVI_40991,27,0,full,medium,21,UKF + CTRV,0.0015351356538259202,-0.22601661928840236,1.0,9038.088838128573
MVI_40992,6,0,full,medium,20,KF + CV,0.02743841302973498,-0.17585402720000867,1.0,8130.683330936231
MVI_40992,6,0,full,medium,20,EKF + CTRV,0.012467305454069738,-0.20159728797452686,1.0,14686.833912715838
MVI_40992,6,0,full,medium,20,UKF + CTRV,0.049565235257922315,-0.14175962748850462,1.0,12438.722589580777
MVI_40992,9,0,full,medium,22,KF + CV,0.13521577951638847,0.0118742724717915,1.0,9941.745246226254
MVI_40992,9,0,full,medium,22,EKF + CTRV,0.1264011207292926,-0.00030726862499991237,1.0,16154.592352805561
MVI_40992,9,0,full,medium,22,UKF + CTRV,0.17838096935335881,0.07491278579409051,1.0,13401.443544948886
MVI_40992,14,0,full,medium,21,KF + CV,0.0,-0.23486971459014414,1.1,7672.763221276294
MVI_40992,14,0,full,medium,21,EKF + CTRV,0.0,-0.2465157875510008,1.3000000000000003,14257.192740329403
MVI_40992,14,0,full,medium,21,UKF + CTRV,0.0011457335856688722,-0.21752589677848563,1.0,11878.66315718391
MVI_40992,15,0,full,medium,21,KF + CV,0.07615446248086284,-0.08236820738303548,1.0,7693.257153674427
MVI_40992,15,0,full,medium,21,EKF + CTRV,0.05514680031487365,-0.10804284617101614,1.0,13537.969185968022
MVI_40992,15,0,full,medium,21,UKF + CTRV,0.09138441455451679,-0.0464588750830969,1.0,11469.430541393749
MVI_40992,16,0,full,medium,21,KF + CV,0.13997155208339612,0.0040619289720287,1.0,7571.432343977
MVI_40992,16,0,full,medium,21,EKF + CTRV,0.1453885747705806,0.0034669640900153453,1.0,12480.122041232888
MVI_40992,16,0,full,medium,21,UKF + CTRV,0.1995599837309639,0.07863025067077291,1.0,10635.552495553193
MVI_40992,17,0,full,medium,20,KF + CV,0.05192305837175186,-0.13178907006144375,1.0,7894.246397831836
MVI_40992,17,0,full,medium,20,EKF + CTRV,0.04886092287641759,-0.1374030736105119,1.0,13288.56517694318
MVI_40992,17,0,full,medium,20,UKF + CTRV,0.08129080495469601,-0.0836603361076563,1.0,11472.123190325472
MVI_40992,18,0,full,medium,21,KF + CV,0.1418952511820162,0.03067430838099655,1.0,7239.324119264311
MVI_40992,18,0,full,medium,21,EKF + CTRV,0.16092826199389496,0.047305887219207324,1.0,12239.307229472875
MVI_40992,18,0,full,medium,21,UKF + CTRV,0.21510281973040837,0.12342341976027826,1.0,10322.50168835701
MVI_40992,22,0,full,medium,20,KF + CV,0.122761330510435,-0.012792464937257164,1.0,7407.426065561118
MVI_40992,22,0,full,medium,20,EKF + CTRV,0.16088171537892,0.01594458194533549,1.0,12573.480015413239
MVI_40992,22,0,full,medium,20,UKF + CTRV,0.22009985240680174,0.0956258798783349,1.0,10808.382719320689
MVI_40992,28,0,full,medium,21,KF + CV,0.07854206336819931,-0.06949353567941037,1.0,8523.18700385796
MVI_40992,28,0,full,medium,21,EKF + CTRV,0.06075760404578722,-0.0938401319091739,1.0,14099.359223112508
MVI_40992,28,0,full,medium,21,UKF + CTRV,0.093547210030184,-0.03749998820181126,1.0,11963.251772138074
MVI_40992,29,0,full,medium,23,KF + CV,0.12299715524190678,-0.013829394868528758,1.0,9145.310938695375
MVI_40992,29,0,full,medium,23,EKF + CTRV,0.11118652685107867,-0.02999671592686666,1.0,15526.033531696112
MVI_40992,29,0,full,medium,23,UKF + CTRV,0.18013611232010274,0.07083853028113271,1.0,12460.993798299807
MVI_40992,31,0,full,medium,22,KF + CV,0.30782810569200686,0.24544933401116548,1.0,8086.812926666544
MVI_40992,31,0,full,medium,22,EKF + CTRV,0.31384665265515904,0.24686291648153008,1.0,12361.277505928958
MVI_40992,31,0,full,medium,22,UKF + CTRV,0.3816337333510667,0.3391663053496529,1.0,10121.474220872018
MVI_40992,34,0,full,medium,20,KF + CV,0.052216452825994186,-0.14083386194050504,1.0,6939.125045352731
MVI_40992,34,0,full,medium,20,EKF + CTRV,0.03692238465898203,-0.17074999076753522,1.0,12591.507100314044
MVI_40992,34,0,full,medium,20,UKF + CTRV,0.07606956179250382,-0.11046941382628173,1.0,10781.445703027694
MVI_40992,35,0,full,medium,22,KF + CV,0.03773466073714997,-0.1567003510993225,1.0,9874.06434455812
MVI_40992,35,0,full,medium,22,EKF + CTRV,0.03807135818756608,-0.17206747154125646,1.0,17727.8779322566
MVI_40992,35,0,full,medium,22,UKF + CTRV,0.09151012666088813,-0.09506118697868067,1.0,14567.638155354536
MVI_40992,38,0,full,medium,23,KF + CV,0.09786281070720355,-0.06750614080394603,1.0,11640.016188958367
MVI_40992,38,0,full,medium,23,EKF + CTRV,0.09861692007692234,-0.07506624929880414,1.0,18922.74907021565
MVI_40992,38,0,full,medium,23,UKF + CTRV,0.1664141443501737,0.019889179243898464,1.0,15226.381351689643
MVI_40992,39,0,full,medium,30,KF + CV,0.046716174154860526,-0.13323018854863417,1.0,18294.37212830988
MVI_40992,39,0,full,medium,30,EKF + CTRV,0.0315393787109792,-0.15259956648383222,1.0,34598.22928451304
MVI_40992,39,0,full,medium,30,UKF + CTRV,0.11210321317043173,-0.01224987650349639,1.0,21680.07194540464
MVI_40992,42,0,full,medium,21,KF + CV,0.025132086159473977,-0.17671669624475927,1.0,6673.921083598616
MVI_40992,42,0,full,medium,21,EKF + CTRV,0.019950105277309498,-0.18650425025259,1.0,12296.72861098044
MVI_40992,42,0,full,medium,21,UKF + CTRV,0.04441479386811277,-0.13587572981416418,1.0,10493.46379302126
MVI_63521,54,2,full,medium,22,KF + CV,0.10247693075308402,-0.017235920889427617,1.0,21279.487113134903
MVI_63521,54,2,full,medium,22,EKF + CTRV,0.12758160308837582,0.021052278705357072,1.0,23441.142560719927
MVI_63521,54,2,full,medium,22,UKF + CTRV,0.1255649307714922,0.06175345846521475,1.0,14903.22113881314
MVI_63521,63,0,full,medium,25,KF + CV,0.5361833783115079,0.5104524157941756,1.0,296.3339107181693
MVI_63521,63,0,full,medium,25,EKF + CTRV,0.1610617430930282,0.14046423505008238,1.0,311.55334284532785
MVI_63521,63,0,full,medium,25,UKF + CTRV,0.539978075998529,0.5388914221352874,1.0,151.97002801677397
MVI_63544,11,1,full,medium,35,KF + CV,0.014237777724735036,-0.1965986944562252,1.0,18516.871756322696
MVI_63544,11,1,full,medium,35,EKF + CTRV,0.0013189769812524236,-0.21875864219685978,1.0,36383.013146730744
MVI_63544,11,1,full,medium,35,UKF + CTRV,0.0,-0.26619907162216744,1.5000000000000004,19125.576343068493
MVI_63553,16,0,full,medium,30,KF + CV,0.19502303967448,0.10973273169003084,1.0,148470.44085294034
MVI_63553,16,0,full,medium,30,EKF + CTRV,0.21775725488582218,0.14263810293970788,1.0,236117.463422549
MVI_63553,16,0,full,medium,30,UKF + CTRV,0.18013253461350176,0.087444648805791,1.0,102006.84182519805
MVI_63553,51,1,full,medium,24,KF + CV,0.0,-0.42107332358556404,3.0000000000000018,1780.2672648950333
MVI_63553,51,1,full,medium,24,EKF + CTRV,0.0,-0.43144854621622125,3.100000000000002,7652.4001010874
MVI_63553,51,1,full,medium,24,UKF + CTRV,0.0,-0.3994939734752209,2.7000000000000015,6226.635465321134
MVI_63553,145,0,full,medium,27,KF + CV,0.0,-0.3400888044097682,2.100000000000001,9923.945985717415
MVI_63553,145,0,full,medium,27,EKF + CTRV,0.0,-0.38047202093621724,2.6000000000000014,82859.59747954294
MVI_63553,145,0,full,medium,27,UKF + CTRV,0.0,-0.2322256953939274,1.1,53120.29334030052
MVI_63554,9,0,full,medium,35,KF + CV,0.0,-0.551001899570569,4.700000000000003,12951.143711521365
MVI_63554,9,0,full,medium,35,EKF + CTRV,0.0,-0.5862229328241201,5.5000000000000036,164937.5155908238
MVI_63554,9,0,full,medium,35,UKF + CTRV,0.0,-0.47441444511222514,3.500000000000002,89971.18901464339
MVI_63554,32,0,full,long,57,KF + CV,0.0,-0.8340854737881933,inf,38731.41161790572
MVI_63554,32,0,full,long,57,EKF + CTRV,0.0,-0.8524528928810918,inf,957349.2938183768
MVI_63554,32,0,full,long,57,UKF + CTRV,0.0,-0.7549685823903317,inf,120712.23330241279
MVI_63554,36,0,full,long,49,KF + CV,0.0,-0.5295058379964734,3.8000000000000025,42621.62074611015
MVI_63554,36,0,full,long,49,EKF + CTRV,0.0,-0.5802606553958471,4.700000000000003,554019.3461187504
MVI_63554,36,0,full,long,49,UKF + CTRV,0.0,-0.33502403517049295,1.8000000000000007,113953.57264369342
MVI_63554,43,0,full,long,55,KF + CV,0.0,-0.6367123586255964,5.900000000000004,46491.7185953268
MVI_63554,43,0,full,long,55,EKF + CTRV,0.0,-0.6765289461892193,7.000000000000005,672009.7579894866
MVI_63554,43,0,full,long,55,UKF + CTRV,0.0,-0.5344254530385558,3.7000000000000024,91830.41272146876
MVI_63554,56,0,full,medium,30,KF + CV,0.0,-0.9349281878245665,inf,12175.772842125469
MVI_63554,56,0,full,medium,30,EKF + CTRV,0.0,-0.9527966807216434,inf,288074.0728384457
MVI_63554,56,0,full,medium,30,UKF + CTRV,0.0,-0.8892181295513926,inf,98828.68378015426
MVI_63554,64,0,full,medium,37,KF + CV,0.0,-0.570403842985885,4.5000000000000036,18535.19896345503
MVI_63554,64,0,full,medium,37,EKF + CTRV,0.0,-0.6617919426950877,9.900000000000007,450976.7159042904
MVI_63554,64,0,full,medium,37,UKF + CTRV,0.0,-0.5561821463032481,7.400000000000006,120052.88457516895
MVI_63554,68,0,full,long,51,KF + CV,0.0,-0.5224497536429087,3.400000000000002,54481.21639198935
MVI_63554,68,0,full,long,51,EKF + CTRV,0.0,-0.5523570508618941,3.7000000000000024,617449.8483397445
MVI_63554,68,0,full,long,51,UKF + CTRV,0.0,-0.3506243256174855,1.7000000000000006,146029.99942590867
MVI_63554,77,0,full,medium,20,KF + CV,0.056191843141585,-0.10129916743094987,1.0,5147.096907175548
MVI_63554,77,0,full,medium,20,EKF + CTRV,0.023971098120170294,-0.18927460811133462,1.0,33239.02140080182
MVI_63554,77,0,full,medium,20,UKF + CTRV,0.07863635571247342,-0.0850063717248034,1.0,24254.092291036864
MVI_63554,82,0,full,long,47,KF + CV,0.0,-0.6437080731840624,6.0000000000000036,40077.13545661352
MVI_63554,82,0,full,long,47,EKF + CTRV,0.0,-0.7027652210146327,7.800000000000006,1227766.3936894634
MVI_63554,82,0,full,long,47,UKF + CTRV,0.0,-0.5366629740657043,3.9000000000000026,140072.04126911057
MVI_63554,86,0,full,long,43,KF + CV,0.0,-0.37052013109184223,1.9000000000000008,40373.766907178775
MVI_63554,86,0,full,long,43,EKF + CTRV,0.0,-0.4566282016779232,2.6000000000000014,411613.79830860306
MVI_63554,86,0,full,long,43,UKF + CTRV,0.0,-0.3370212904467866,1.8000000000000007,80486.39201186899
MVI_63554,101,0,full,long,42,KF + CV,0.0,-0.9611539608254376,inf,21315.528235541547
MVI_63554,101,0,full,long,42,EKF + CTRV,0.0,-0.9695621567988245,inf,753859.3964037694
MVI_63554,101,0,full,long,42,UKF + CTRV,0.0,-0.9462977436721544,inf,114942.95620341667
MVI_63554,108,0,full,long,39,KF + CV,0.0,-0.39715270321645046,2.200000000000001,33277.90122383321
MVI_63554,108,0,full,long,39,EKF + CTRV,0.0,-0.5834108408689218,5.800000000000004,329511.4805918241
MVI_63554,108,0,full,long,39,UKF + CTRV,0.0,-0.5140725124258482,4.700000000000003,127763.95194719986
MVI_63554,124,0,full,medium,24,KF + CV,0.091366298259945,-0.07218852868336492,1.0,7952.605062513871
MVI_63554,124,0,full,medium,24,EKF + CTRV,0.0,-0.26919017652919525,1.2000000000000002,51069.98450794261
MVI_63554,124,0,full,medium,24,UKF + CTRV,0.0,-0.21031677073502492,1.1,33675.61216130904
MVI_63554,147,0,full,medium,28,KF + CV,0.0,-0.2675612781488417,1.3000000000000003,12107.565236257195
MVI_63554,147,0,full,medium,28,EKF + CTRV,0.0,-0.3324551219843495,1.8000000000000007,87072.81691346032
MVI_63554,147,0,full,medium,28,UKF + CTRV,0.0,-0.25545952860962057,1.2000000000000002,50050.34995984489
MVI_63554,165,0,full,medium,20,KF + CV,0.0,-0.47646652226814135,6.700000000000005,4239.5481863604755
MVI_63554,165,0,full,medium,20,EKF + CTRV,0.0,-0.5514676275420837,9.500000000000007,44643.10957580964
MVI_63554,165,0,full,medium,20,UKF + CTRV,0.0,-0.4928308932478024,7.300000000000006,30931.913356319023
MVI_63554,165,1,full,medium,22,KF + CV,0.0,-0.33297962981871715,1.9000000000000008,2083.2692036723815
MVI_63554,165,1,full,medium,22,EKF + CTRV,0.0,-0.34913109694310496,2.100000000000001,7771.702693626249
MVI_63554,165,1,full,medium,22,UKF + CTRV,0.0,-0.3182502179039265,1.8000000000000007,6552.3811291247675
MVI_63554,171,0,full,medium,33,KF + CV,0.0,-0.6388155753752356,inf,11105.652911673109
MVI_63554,171,0,full,medium,33,EKF + CTRV,0.0,-0.667373934679727,inf,161389.73982355325
MVI_63554,171,0,full,medium,33,UKF + CTRV,0.0,-0.5676240539079477,8.900000000000007,92981.7228369278
MVI_63554,182,0,full,long,38,KF + CV,0.0,-0.6091062534727292,5.800000000000004,19229.67356625675
MVI_63554,182,0,full,long,38,EKF + CTRV,0.0,-0.6674932277949883,7.100000000000005,315569.60062383505
MVI_63554,182,0,full,long,38,UKF + CTRV,0.0,-0.5983416354483534,6.200000000000005,65343.97482639351
MVI_63561,75,0,full,medium,36,KF + CV,0.0,-0.3297074733658129,2.000000000000001,6417.358909231657
MVI_63561,75,0,full,medium,36,EKF + CTRV,0.0,-0.35426300715990755,3.500000000000002,57201.428305706584
MVI_63561,75,0,full,medium,36,UKF + CTRV,0.0,-0.3967684183488859,3.6000000000000023,7478.6261342794305
MVI_63561,86,0,full,medium,23,KF + CV,0.13602280421417157,-0.004661213382298357,1.0,2491.3501684322796
MVI_63561,86,0,full,medium,23,EKF + CTRV,0.12488968635157503,-0.04120315482050731,1.0,4915.881970009792
MVI_63561,86,0,full,medium,23,UKF + CTRV,0.09993825012784176,-0.08369332099226488,1.0,4147.446033493461
MVI_63561,141,2,full,medium,20,KF + CV,0.0,-0.24320453229517783,1.1,1984.1238283849957
MVI_63561,141,2,full,medium,20,EKF + CTRV,0.0,-0.24033688316574559,1.1,4652.208370494098
MVI_63561,141,2,full,medium,20,UKF + CTRV,0.0,-0.25259660557367064,1.2000000000000002,4056.4025122851176
MVI_63561,158,1,full,medium,33,KF + CV,0.0,-0.3294171798959646,2.000000000000001,6343.804670063646
MVI_63561,158,1,full,medium,33,EKF + CTRV,0.0,-0.32125960453101465,1.9000000000000008,22748.056751324293
MVI_63561,158,1,full,medium,33,UKF + CTRV,0.0,-0.3662266230088578,2.5000000000000013,11977.718960222113
MVI_63562,10,0,full,medium,29,KF + CV,0.0,-0.3202192541829567,2.200000000000001,4677.2695529394605
MVI_63562,10,0,full,medium,29,EKF + CTRV,0.0,-0.32098944769209126,2.100000000000001,20217.65100639998
MVI_63562,10,0,full,medium,29,UKF + CTRV,0.0,-0.35521702711171865,2.4000000000000012,8304.599388063602
MVI_63563,98,1,full,medium,21,KF + CV,0.0,-0.24707664744975724,1.2000000000000002,2159.341994284839
MVI_63563,98,1,full,medium,21,EKF + CTRV,0.0,-0.24384885173352394,1.1,5327.817708999254
MVI_63563,98,1,full,medium,21,UKF + CTRV,0.0,-0.25749419166006693,1.2000000000000002,4574.076475055485
MVI_63563,103,1,full,medium,21,KF + CV,0.0,-0.23666362557402124,1.1,2753.5520853565204
MVI_63563,103,1,full,medium,21,EKF + CTRV,0.0017103201328818702,-0.23104210635639905,1.0,6127.970897839804
MVI_63563,103,1,full,medium,21,UKF + CTRV,0.0,-0.24699286836363898,1.2000000000000002,5231.6898871047015
MVI_20011,10,0,partial,long,61,KF + CV,0.08543703564198711,-0.0039008988644403247,1.0,6793.005926138048
MVI_20011,10,0,partial,long,61,EKF + CTRV,0.0,-0.2933882008860316,3.200000000000002,30250.639186040386
MVI_20011,10,0,partial,long,61,UKF + CTRV,0.0,-0.20467394170074232,1.9000000000000008,3277.797294851059
MVI_20011,21,0,partial,long,76,KF + CV,0.0,-0.39465668364317424,3.9000000000000026,32710.563966945916
MVI_20011,21,0,partial,long,76,EKF + CTRV,0.0,-0.4877473934752872,5.400000000000004,21757.426903386397
MVI_20011,21,0,partial,long,76,UKF + CTRV,0.0,-0.4447942935719063,5.0000000000000036,13777.840608071396
MVI_20011,29,0,partial,medium,31,KF + CV,0.4292113082574207,0.3881110146283396,1.0,2341.111940650427
MVI_20011,29,0,partial,medium,31,EKF + CTRV,0.4133112680692387,0.37615748802437793,1.0,2272.7113086059444
MVI_20011,29,0,partial,medium,31,UKF + CTRV,0.4106922551320363,0.3724246255395486,1.0,1665.2446309239442
MVI_20011,34,0,partial,long,64,KF + CV,0.13328386397178552,0.015521751365195333,1.0,5773.378848590973
MVI_20011,34,0,partial,long,64,EKF + CTRV,0.012716623613327219,-0.15030368445466646,1.0,12158.68467965416
MVI_20011,34,0,partial,long,64,UKF + CTRV,0.0,-0.4796695484571533,3.9000000000000026,3343.0956633344413
MVI_20011,40,1,partial,long,38,KF + CV,0.10927792451219936,-0.021695041260912346,1.0,2392.252581043322
MVI_20011,40,1,partial,long,38,EKF + CTRV,0.0,-0.200257286113339,1.5000000000000004,5738.113927122951
MVI_20011,40,1,partial,long,38,UKF + CTRV,0.0,-0.25223017274562654,1.4000000000000004,1296.5288640874487
MVI_20011,47,0,partial,long,69,KF + CV,0.314751193296214,0.26015583838004674,1.0,10012.55947670317
MVI_20011,47,0,partial,long,69,EKF + CTRV,0.03487251601056997,-0.14525844251408676,1.0,5229.126886759922
MVI_20011,47,0,partial,long,69,UKF + CTRV,0.07104240603486826,-0.09372599686478324,1.0,6859.770155196605
MVI_20012,12,1,partial,medium,31,KF + CV,0.3898878650108969,0.34309757962327225,1.0,1022.9524533424599
MVI_20012,12,1,partial,medium,31,EKF + CTRV,0.3884809668712325,0.3410739880985377,1.0,793.8807484003697
MVI_20012,12,1,partial,medium,31,UKF + CTRV,0.4327770668868711,0.3944742351160307,1.0,701.9293341396368
MVI_20012,16,2,partial,medium,21,KF + CV,0.4736813352732991,0.4491471727613347,1.0,940.1728102024264
MVI_20012,16,2,partial,medium,21,EKF + CTRV,0.5147505596807413,0.5030846392375115,1.0,894.1939471247385
MVI_20012,16,2,partial,medium,21,UKF + CTRV,0.5149478659673038,0.5038903343988064,1.0,736.6411157487714
MVI_20012,16,5,partial,medium,31,KF + CV,0.08918099806575268,-0.008314574895053661,1.0,1027.2764961902117
MVI_20012,16,5,partial,medium,31,EKF + CTRV,0.10780486806918786,0.023321253426740615,1.0,1149.687610020299
MVI_20012,16,5,partial,medium,31,UKF + CTRV,0.07281712180859985,-0.04642519568888778,1.0,498.8701415982905
MVI_20012,17,1,partial,long,41,KF + CV,0.0,-0.27439833025575017,1.8000000000000007,4261.913303496787
MVI_20012,17,1,partial,long,41,EKF + CTRV,0.0,-0.4001294100046489,3.6000000000000023,7275.268247022261
MVI_20012,17,1,partial,long,41,UKF + CTRV,0.0,-0.33698092208094754,2.7000000000000015,3658.032065197367
MVI_20012,18,1,partial,medium,29,KF + CV,0.17257004884176586,0.14206265800632134,1.0,640.5529567961202
MVI_20012,18,1,partial,medium,29,EKF + CTRV,0.17257004884176586,0.12520570878792397,1.0,665.9626488808866
MVI_20012,18,1,partial,medium,29,UKF + CTRV,0.11999707346493746,0.03469217876343979,1.0,447.9467240745238
MVI_20012,18,2,partial,long,38,KF + CV,0.2814894421186521,0.22158495030430336,1.0,2161.836751725493
MVI_20012,18,2,partial,long,38,EKF + CTRV,0.10655415585257559,-0.013190929488662448,1.0,2278.1566643419264
MVI_20012,18,2,partial,long,38,UKF + CTRV,0.12150767165706518,0.008061956034986786,1.0,1503.365976695384
MVI_20012,31,1,partial,medium,28,KF + CV,0.3345477315596597,0.330681633430367,1.0,1429.4025111786734
MVI_20012,31,1,partial,medium,28,EKF + CTRV,0.3345477315596597,0.3320652295524957,1.0,1720.5588762158845
MVI_20012,31,1,partial,medium,28,UKF + CTRV,0.3345477315596577,0.3063934497318218,1.0,842.0703699823131
MVI_20012,41,0,partial,medium,28,KF + CV,0.1386654346906144,0.017459794250349644,1.0,960.6498536316518
MVI_20012,41,0,partial,medium,28,EKF + CTRV,0.12169545064202208,-0.02391187411694537,1.0,696.9189895420611
MVI_20012,41,0,partial,medium,28,UKF + CTRV,0.181306871982168,0.08045919206468342,1.0,654.0373373694191
MVI_20033,2,1,partial,long,69,KF + CV,0.0,-0.30335133509286594,2.000000000000001,12545.595652177779
MVI_20033,2,1,partial,long,69,EKF + CTRV,0.0,-0.39986319652384006,3.400000000000002,21240.394469008635
MVI_20033,2,1,partial,long,69,UKF + CTRV,0.1539269259330875,0.038254793280469754,1.0,4928.129686136743
MVI_20033,5,0,partial,medium,23,KF + CV,0.6911389701856866,0.6885888915928116,1.0,847.1955728168871
MVI_20033,5,0,partial,medium,23,EKF + CTRV,0.6361045481057805,0.6304001013159086,1.0,664.8791587989687
MVI_20033,5,0,partial,medium,23,UKF + CTRV,0.6678061271476462,0.664227081657286,1.0,606.5871654880933
MVI_20033,14,0,partial,medium,31,KF + CV,0.709335317361549,0.7023781385491221,1.0,1989.9665923592875
MVI_20033,14,0,partial,medium,31,EKF + CTRV,0.6392259021732151,0.627272990420203,1.0,1998.272826197552
MVI_20033,14,0,partial,medium,31,UKF + CTRV,0.38729071919674407,0.3357545971053506,1.0,1293.0284956629264
MVI_20034,6,0,partial,medium,20,KF + CV,0.8708110779682994,0.8707844592366497,1.0,393.13146950780634
MVI_20034,6,0,partial,medium,20,EKF + CTRV,0.6539622824846164,0.6443922823130355,1.0,343.50258808507107
MVI_20034,6,0,partial,medium,20,UKF + CTRV,0.8213492830484335,0.8205134141432524,1.0,263.2085415444847
MVI_20034,15,0,partial,long,65,KF + CV,0.0,-0.4445517180039747,inf,13488.22769766577
MVI_20034,15,0,partial,long,65,EKF + CTRV,0.0,-0.6651242655746054,inf,21085.206661285174
MVI_20034,15,0,partial,long,65,UKF + CTRV,0.0,-0.5755938044347592,inf,5884.2932464292835
MVI_20034,16,1,partial,medium,20,KF + CV,0.7754904434828347,0.7706384807271411,1.0,1341.00998435579
MVI_20034,16,1,partial,medium,20,EKF + CTRV,0.8260334435619376,0.8228731429651481,1.0,984.4097955401892
MVI_20034,16,1,partial,medium,20,UKF + CTRV,0.7942558555758552,0.7894956244526102,1.0,967.0329788539777
MVI_20034,20,0,partial,medium,37,KF + CV,0.1356559239709003,0.027918850989679278,1.0,3909.898190457242
MVI_20034,20,0,partial,medium,37,EKF + CTRV,0.06804392855768968,-0.08526985850407509,1.0,3461.29111206735
MVI_20034,20,0,partial,medium,37,UKF + CTRV,0.14754937845705543,0.07418702778570493,1.0,2612.8365092472827
MVI_20034,22,0,partial,medium,30,KF + CV,0.5290904272759512,0.5037767211430852,1.0,3088.817944893259
MVI_20034,22,0,partial,medium,30,EKF + CTRV,0.4790678346617464,0.45002551024863074,1.0,2602.618674154688
MVI_20034,22,0,partial,medium,30,UKF + CTRV,0.5327683608367617,0.5069549282727086,1.0,2154.011515884769
MVI_20034,38,0,partial,medium,20,KF + CV,0.5434867863386715,0.5300005343448598,1.0,278.9537741622104
MVI_20034,38,0,partial,medium,20,EKF + CTRV,0.5571482997263886,0.5452844987500477,1.0,304.2042644432116
MVI_20034,38,0,partial,medium,20,UKF + CTRV,0.5893440540648085,0.5788050487837406,1.0,209.60311227639818
MVI_20034,38,1,partial,medium,23,KF + CV,0.6085432492028677,0.5950801070585069,1.0,544.0423524554642
MVI_20034,38,1,partial,medium,23,EKF + CTRV,0.4448655072156726,0.4100934121438321,1.0,451.6293617507506
MVI_20034,38,1,partial,medium,23,UKF + CTRV,0.3897176887411555,0.3447994300498037,1.0,390.6840870470335
MVI_20034,48,1,partial,medium,34,KF + CV,0.6536742380914868,0.6534603323747589,1.0,120540.56288055918
MVI_20034,48,1,partial,medium,34,EKF + CTRV,0.5404541470024725,0.5333021308056848,1.0,89275.6636257331
MVI_20034,48,1,partial,medium,34,UKF + CTRV,0.5037396009332146,0.4922586751974257,1.0,83537.49507550498
MVI_20034,48,2,partial,medium,37,KF + CV,0.7958357695609409,0.7927934412043449,1.0,14184.663389142674
MVI_20034,48,2,partial,medium,37,EKF + CTRV,0.8298419705255622,0.8277788175848367,1.0,14249.9900134764
MVI_20034,48,2,partial,medium,37,UKF + CTRV,0.7442249447171064,0.7389470829029472,1.0,9475.851788903163
MVI_20034,48,3,partial,long,46,KF + CV,0.4631688794787871,0.43930768879318743,1.0,14236.508162852628
MVI_20034,48,3,partial,long,46,EKF + CTRV,0.4408397108249849,0.4188855120946307,1.0,15245.42424184763
MVI_20034,48,3,partial,long,46,UKF + CTRV,0.5371169678842481,0.5236133550415981,1.0,9316.050306642359
MVI_20034,49,0,partial,long,38,KF + CV,0.8116041286314345,0.8071139249763931,1.0,13846.311350306623
MVI_20034,49,0,partial,long,38,EKF + CTRV,0.7094396261218217,0.6963325318601136,1.0,9923.766859152425
MVI_20034,49,0,partial,long,38,UKF + CTRV,0.6776477265828232,0.6620511502322188,1.0,9565.785427114843
MVI_20034,50,0,partial,medium,20,KF + CV,0.9632804777784268,0.9631943694024074,1.0,5394.465199103736
MVI_20034,50,0,partial,medium,20,EKF + CTRV,0.9311928377841315,0.9308509866769906,1.0,5397.5294077911485
MVI_20034,50,0,partial,medium,20,UKF + CTRV,0.8967825047194155,0.895708433797482,1.0,3942.9328314282625
MVI_20035,2,0,partial,long,49,KF + CV,0.0,-0.2009986374081209,1.3000000000000003,5924.327976253222
MVI_20035,2,0,partial,long,49,EKF + CTRV,0.0,-0.2472637566910458,1.9000000000000008,9804.11445808371
MVI_20035,2,0,partial,long,49,UKF + CTRV,0.1718831209118717,0.0780606472938133,1.0,2461.855661104357
MVI_20035,10,1,partial,long,65,KF + CV,0.0,-0.35714158538930474,4.5000000000000036,13537.982341630446
MVI_20035,10,1,partial,long,65,EKF + CTRV,0.0,-0.46756300224154584,5.0000000000000036,21463.88542104828
MVI_20035,10,1,partial,long,65,UKF + CTRV,0.0,-0.28678158110239255,2.200000000000001,6433.256927650981
MVI_20035,12,0,partial,long,61,KF + CV,0.017454404651267515,-0.17908296767134288,1.0,34599.95196470734
MVI_20035,12,0,partial,long,61,EKF + CTRV,0.0,-0.2576284367532675,1.7000000000000006,49425.24686265614
MVI_20035,12,0,partial,long,61,UKF + CTRV,0.15725562183092803,0.04291321590953845,1.0,14134.153688674833
MVI_20035,13,0,partial,long,73,KF + CV,0.0,-0.4844513828343401,inf,21621.482342443604
MVI_20035,13,0,partial,long,73,EKF + CTRV,0.0,-0.6943889389764683,inf,33671.899730664816
MVI_20035,13,0,partial,long,73,UKF + CTRV,0.0,-0.11781567857183028,inf,13315.938660490958
MVI_20035,15,0,partial,medium,27,KF + CV,0.7013574448499562,0.6923797493660768,1.0,1569.164349709042
MVI_20035,15,0,partial,medium,27,EKF + CTRV,0.547440262267565,0.5266799090564191,1.0,1778.0594094698945
MVI_20035,15,0,partial,medium,27,UKF + CTRV,0.5734341469686131,0.5520654245638105,1.0,939.5033307970763
MVI_20035,19,0,partial,long,53,KF + CV,0.26215614260427383,0.19411869281974692,1.0,13966.208616529146
MVI_20035,19,0,partial,long,53,EKF + CTRV,0.3126493715768072,0.25609091791996524,1.0,16346.107732377515
MVI_20035,19,0,partial,long,53,UKF + CTRV,0.6246073414000188,0.6164262402616016,1.0,6301.202533051736
MVI_20035,22,0,partial,long,74,KF + CV,0.04498057037183125,-0.12518824230990405,1.0,32011.56794131321
MVI_20035,22,0,partial,long,74,EKF + CTRV,0.0,-0.20453830484259974,1.1,42207.78639716866
MVI_20035,22,0,partial,long,74,UKF + CTRV,0.1337550342775655,0.02072354328611936,1.0,12814.40600479391
MVI_20035,28,0,partial,medium,27,KF + CV,0.5531286386084309,0.5359536480478682,1.0,3634.655574723201
MVI_20035,28,0,partial,medium,27,EKF + CTRV,0.5292325278486072,0.5135520010293475,1.0,4097.18781123552
MVI_20035,28,0,partial,medium,27,UKF + CTRV,0.5752585257612427,0.5658884105628612,1.0,1972.8262576410432
MVI_20035,34,0,partial,medium,33,KF + CV,0.45746597046677967,0.42876523448200005,1.0,15680.003095613036
MVI_20035,34,0,partial,medium,33,EKF + CTRV,0.4381815278468109,0.40568718351339955,1.0,18347.276695712157
MVI_20035,34,0,partial,medium,33,UKF + CTRV,0.19333625794066225,0.10554495001045272,1.0,7502.237709212629
MVI_20035,54,0,partial,medium,29,KF + CV,0.7128770645770339,0.7050951391829209,1.0,2433.339116126451
MVI_20035,54,0,partial,medium,29,EKF + CTRV,0.77655335465139,0.771921026664222,1.0,2599.7485734960246
MVI_20035,54,0,partial,medium,29,UKF + CTRV,0.7183228234183904,0.7118714001613997,1.0,1433.750875489769
MVI_20051,42,0,partial,medium,27,KF + CV,0.15113517364986823,0.03788518723038352,1.0,2452.5289167204455
MVI_20051,42,0,partial,medium,27,EKF + CTRV,0.2621328958781934,0.19670640531691724,1.0,2554.8011530314875
MVI_20051,42,0,partial,medium,27,UKF + CTRV,0.40039998513128455,0.36446102613494646,1.0,1632.692130614895
MVI_20051,51,1,partial,medium,37,KF + CV,0.8354025721623686,0.8334351505472409,1.0,25916.90185466168
MVI_20051,51,1,partial,medium,37,EKF + CTRV,0.8471347685772747,0.8453553234630921,1.0,18691.460634286264
MVI_20051,51,1,partial,medium,37,UKF + CTRV,0.8452896213135297,0.8435261333915787,1.0,17945.718363464206
MVI_20051,51,2,partial,long,80,KF + CV,0.5907714029274435,0.5773999557070532,1.0,199779.61444563614
MVI_20051,51,2,partial,long,80,EKF + CTRV,0.5993062217367702,0.586889089983781,1.0,148406.08667124677
MVI_20051,51,2,partial,long,80,UKF + CTRV,0.697959621423592,0.6915256623227245,1.0,134236.37251105814
MVI_20052,8,0,partial,long,78,KF + CV,0.018831083430830002,-0.18043218066916678,1.0,19159.883936143615
MVI_20052,8,0,partial,long,78,EKF + CTRV,0.10747648317789506,-0.02637618750615571,1.0,23960.977801743866
MVI_20052,8,0,partial,long,78,UKF + CTRV,0.05756764283892835,-0.10341929888445767,1.0,13100.49995716487
MVI_20052,12,0,partial,long,43,KF + CV,0.4597577417975049,0.4315279098726427,1.0,4470.158870046695
MVI_20052,12,0,partial,long,43,EKF + CTRV,0.5507621687830772,0.5327381923700348,1.0,5058.707635925083
MVI_20052,12,0,partial,long,43,UKF + CTRV,7.844657002241683e-05,-0.17249405830486134,1.0,2625.464803230417
MVI_20052,25,0,partial,long,52,KF + CV,0.062073597793578635,-0.10600091735543313,1.0,11270.695239148357
MVI_20052,25,0,partial,long,52,EKF + CTRV,0.0,-0.2377016856761398,1.3000000000000003,17683.536550291097
MVI_20052,25,0,partial,long,52,UKF + CTRV,0.0,-0.25868804076072044,1.5000000000000004,8892.251467639893
MVI_20052,31,0,partial,long,61,KF + CV,0.0,-0.3059060325730776,1.6000000000000005,20902.258196485935
MVI_20052,31,0,partial,long,61,EKF + CTRV,0.0,-0.38258902635906106,2.8000000000000016,38350.397825157415
MVI_20052,31,0,partial,long,61,UKF + CTRV,0.1338711964557539,0.01452925747356737,1.0,10155.574630558696
MVI_20052,40,0,partial,medium,33,KF + CV,0.43068752175306146,0.3975005973384296,1.0,2852.1677517158764
MVI_20052,40,0,partial,medium,33,EKF + CTRV,0.20094873131419946,0.11370693770451208,1.0,3171.9626260234504
MVI_20052,40,0,partial,medium,33,UKF + CTRV,0.33734643923683505,0.27500699146455265,1.0,1362.881583126473
MVI_20052,43,2,partial,long,74,KF + CV,0.8225829237848984,0.8204355542916208,1.0,160328.5973952526
MVI_20052,43,2,partial,long,74,EKF + CTRV,0.969974990761175,0.969903773638902,1.0,108395.07861569578
MVI_20052,43,2,partial,long,74,UKF + CTRV,0.9606434547237199,0.960449913518718,1.0,108225.7338839208
MVI_20052,43,3,partial,long,40,KF + CV,0.8420344324222768,0.841264642269856,1.0,29759.294696380995
MVI_20052,43,3,partial,long,40,EKF + CTRV,0.8812220609912279,0.8811530140043828,1.0,20892.025887255066
MVI_20052,43,3,partial,long,40,UKF + CTRV,0.8812220609912198,0.8811870948349706,1.0,20487.568450642855
MVI_20061,8,0,partial,long,64,KF + CV,0.0,-0.1998175212421004,1.4000000000000004,10738.339373946981
MVI_20061,8,0,partial,long,64,EKF + CTRV,0.0,-0.4419216696975891,3.6000000000000023,13197.08918449184
MVI_20061,8,0,partial,long,64,UKF + CTRV,0.1035057569284378,-0.011969085127708182,1.0,7229.663978161609
MVI_20061,8,1,partial,long,65,KF + CV,0.07210520121287607,-0.07034734813317305,1.0,8283.287483375925
MVI_20061,8,1,partial,long,65,EKF + CTRV,0.0,-0.31312141036422597,1.9000000000000008,9152.566245861355
MVI_20061,8,1,partial,long,65,UKF + CTRV,0.0,-0.2877207090069463,2.200000000000001,4142.840504527009
MVI_20061,9,0,partial,long,39,KF + CV,0.20313511698974884,0.11255836312447173,1.0,3236.1295417528295
MVI_20061,9,0,partial,long,39,EKF + CTRV,0.0,-0.221537362873809,1.1,3947.287853335108
MVI_20061,9,0,partial,long,39,UKF + CTRV,0.2837232737819745,0.19835487498501478,1.0,2219.6430719237
MVI_20061,11,1,partial,long,48,KF + CV,0.3435768302047372,0.29231133665318215,1.0,3395.9936451729636
MVI_20061,11,1,partial,long,48,EKF + CTRV,0.0,-0.3528439677700936,2.7000000000000015,2773.209171952183
MVI_20061,11,1,partial,long,48,UKF + CTRV,0.14006716565109006,0.022611251628032458,1.0,2278.539373578109
MVI_20061,13,0,partial,long,59,KF + CV,0.3715670764356634,0.3272965123557626,1.0,11635.932202420128
MVI_20061,13,0,partial,long,59,EKF + CTRV,0.0,-0.3623948934545298,2.5000000000000013,10703.943750957813
MVI_20061,13,0,partial,long,59,UKF + CTRV,0.0,-0.21725723043169892,1.3000000000000003,5905.186871467307
MVI_20061,49,1,partial,long,56,KF + CV,0.42405520167947647,0.37285274369276267,1.0,58971.00629525419
MVI_20061,49,1,partial,long,56,EKF + CTRV,0.4369736902831086,0.389026898126467,1.0,69472.14867795749
MVI_20061,49,1,partial,long,56,UKF + CTRV,0.46744168678598264,0.43762855760747466,1.0,40485.985524206924
MVI_20061,49,2,partial,medium,25,KF + CV,0.5794214396362318,0.5629648268699645,1.0,6547.15485671952
MVI_20061,49,2,partial,medium,25,EKF + CTRV,0.5734673889446668,0.5563351708736922,1.0,5498.550699217104
MVI_20061,49,2,partial,medium,25,UKF + CTRV,0.5069721734586473,0.484166074329237,1.0,4656.595515136537
MVI_20062,25,0,partial,long,83,KF + CV,0.04852419055974281,-0.1379249407082633,1.0,70347.64102784071
MVI_20062,25,0,partial,long,83,EKF + CTRV,0.009964427932789935,-0.2090117251632905,1.0,78136.35122593804
MVI_20062,25,0,partial,long,83,UKF + CTRV,0.025621135625232293,-0.17973413409410746,1.0,47828.06731058972
MVI_20063,7,1,partial,long,75,KF + CV,0.0,-0.24838299383057996,1.7000000000000006,8368.981364430789
MVI_20063,7,1,partial,long,75,EKF + CTRV,0.0,-0.4020248318814877,3.8000000000000025,14878.362484743158
MVI_20063,7,1,partial,long,75,UKF + CTRV,0.11843385335560445,-0.0008835773141798037,1.0,3309.4458129278355
MVI_20063,11,0,partial,long,41,KF + CV,0.3174173618537378,0.25766283228730563,1.0,3308.674217533661
MVI_20063,11,0,partial,long,41,EKF + CTRV,0.14690600685726496,0.02573359198239704,1.0,3402.5868457386
MVI_20063,11,0,partial,long,41,UKF + CTRV,0.48792790919995366,0.4657472245330214,1.0,2334.1524111660906
MVI_20063,12,1,partial,long,88,KF + CV,0.03731743567091912,-0.12882711157154803,1.0,28252.71768368166
MVI_20063,12,1,partial,long,88,EKF + CTRV,0.030766411255197492,-0.1249062684416451,1.0,31940.682200675925
MVI_20063,12,1,partial,long,88,UKF + CTRV,0.007531940343451982,-0.20642685796508878,1.0,11935.931755863025
MVI_20063,14,0,partial,long,83,KF + CV,0.0,-0.4364140859305589,3.7000000000000024,41151.054019431125
MVI_20063,14,0,partial,long,83,EKF + CTRV,0.0,-0.5999476802008396,9.900000000000007,116874.61297875622
MVI_20063,14,0,partial,long,83,UKF + CTRV,0.0,-0.4871652791091927,7.000000000000005,22426.54376947627
MVI_20063,16,0,partial,long,81,KF + CV,0.0,-0.4134202448997314,3.500000000000002,9309.813672130907
MVI_20063,16,0,partial,long,81,EKF + CTRV,0.0,-0.37818778266682906,2.8000000000000016,14349.757346974153
MVI_20063,16,0,partial,long,81,UKF + CTRV,0.0,-0.3692701300154168,2.9000000000000017,4477.971103915099
MVI_20064,7,3,partial,long,50,KF + CV,0.07881988367206175,-0.06889091559620902,1.0,2980.9551799763176
MVI_20064,7,3,partial,long,50,EKF + CTRV,0.042451597823549576,-0.1306759673329959,1.0,2326.060560659974
MVI_20064,7,3,partial,long,50,UKF + CTRV,0.026482465971143745,-0.15614100997461472,1.0,2026.0166454149992
MVI_20064,9,0,partial,long,86,KF + CV,0.0,-0.2601693077258531,1.3000000000000003,25047.36887080711
MVI_20064,9,0,partial,long,86,EKF + CTRV,0.3002775306929792,0.2576780108714503,1.0,57939.38925690287
MVI_20064,9,0,partial,long,86,UKF + CTRV,0.0,-0.5263088099838381,4.100000000000003,8980.327350756854
MVI_20064,11,0,partial,medium,36,KF + CV,0.12296618241184351,0.007685944783108675,1.0,1819.7654186768902
MVI_20064,11,0,partial,medium,36,EKF + CTRV,0.08857454712386133,-0.031530056547306534,1.0,1299.0742717516262
MVI_20064,11,0,partial,medium,36,UKF + CTRV,0.16455147116486782,0.06618069383000237,1.0,1275.7047424286982
MVI_20064,16,0,partial,long,38,KF + CV,0.06899094919227673,-0.0999189617565684,1.0,2936.03666658623
MVI_20064,16,0,partial,long,38,EKF + CTRV,0.012410597482261724,-0.19967829311207888,1.0,3144.0425499152097
MVI_20064,16,0,partial,long,38,UKF + CTRV,0.2984188149636268,0.281925321984815,1.0,1506.0904813188492
MVI_20064,16,2,partial,long,77,KF + CV,0.0,-0.23402256752814868,2.300000000000001,2509.257253013894
MVI_20064,16,2,partial,long,77,EKF + CTRV,0.0,-0.42791490902460855,5.600000000000003,9067.445376210106
MVI_20064,16,2,partial,long,77,UKF + CTRV,0.0,-0.36949161295964755,3.500000000000002,1098.025978048647
MVI_20064,19,0,partial,medium,23,KF + CV,0.08433579364585231,0.003854872069935178,1.0,2980.322442001993
MVI_20064,19,0,partial,medium,23,EKF + CTRV,0.056422773225961856,-0.04555096479634857,1.0,10431.721934062913
MVI_20064,19,0,partial,medium,23,UKF + CTRV,0.12944763864440814,0.06137438506382881,1.0,2323.8139910028876
MVI_20064,19,2,partial,long,45,KF + CV,0.1382777638584705,0.12744386783132228,1.0,1312.2246712563056
MVI_20064,19,2,partial,long,45,EKF + CTRV,0.1382777638584705,0.11879072904632537,1.0,1360.4933340181751
MVI_20064,19,2,partial,long,45,UKF + CTRV,0.1382777638584729,0.10786618301030552,1.0,888.3205174838829
MVI_20064,20,1,partial,medium,29,KF + CV,0.3374450062382444,0.295788743048339,1.0,495.3679576668178
MVI_20064,20,1,partial,medium,29,EKF + CTRV,0.26429813823578835,0.19402796603439948,1.0,364.3311867333766
MVI_20064,20,1,partial,medium,29,UKF + CTRV,0.288116637773167,0.22659750970623369,1.0,345.2378807171974
MVI_20064,22,1,partial,long,75,KF + CV,0.0,-0.21271835019121818,1.2000000000000002,5928.15386660147
MVI_20064,22,1,partial,long,75,EKF + CTRV,0.0,-0.2017042380174597,1.1,7987.227031032504
MVI_20064,22,1,partial,long,75,UKF + CTRV,0.04868067327501479,-0.12254665300877948,1.0,4061.768058615582
MVI_20064,24,0,partial,long,62,KF + CV,0.0,-0.5409651780307544,11.90000000000001,20573.536675508138
MVI_20064,24,0,partial,long,62,EKF + CTRV,0.0,-0.6978193601011258,inf,55133.65000950094
MVI_20064,24,0,partial,long,62,UKF + CTRV,0.0,-0.660128891994173,inf,9234.370738411715
MVI_20064,24,2,partial,long,90,KF + CV,0.03565112545352356,-0.14992236634128175,1.0,24513.85596659906
MVI_20064,24,2,partial,long,90,EKF + CTRV,0.0,-0.45334671027396334,4.800000000000003,30376.402115875528
MVI_20064,24,2,partial,long,90,UKF + CTRV,0.0,-0.22077351631556513,1.1,8752.246440318886
MVI_20064,24,3,partial,long,58,KF + CV,0.6628995677750315,0.6536319738064208,1.0,4532.136044040573
MVI_20064,24,3,partial,long,58,EKF + CTRV,0.6528264233546397,0.6428108382687947,1.0,3066.50072463175
MVI_20064,24,3,partial,long,58,UKF + CTRV,0.4826139924746466,0.4462586287963443,1.0,3019.729177324177
MVI_20064,24,6,partial,long,59,KF + CV,0.1057670049998819,-0.026842338668137594,1.0,4095.833764586477
MVI_20064,24,6,partial,long,59,EKF + CTRV,0.37205688124016545,0.3491416793726289,1.0,3388.2821027019227
MVI_20064,24,6,partial,long,59,UKF + CTRV,0.21446002625833996,0.12497889390901619,1.0,2824.4357482602345
MVI_20064,25,4,partial,long,58,KF + CV,0.07075845387172833,-0.07714745478568341,1.0,3079.7720619304437
MVI_20064,25,4,partial,long,58,EKF + CTRV,0.2080421048476126,0.11906199101099055,1.0,1366.4744722149458
MVI_20064,25,4,partial,long,58,UKF + CTRV,0.21089336569959607,0.12693364969344934,1.0,1938.7283895753708
MVI_20064,28,0,partial,long,41,KF + CV,0.00037228802454772146,-0.2023670780834716,1.0,4260.345296754279
MVI_20064,28,0,partial,long,41,EKF + CTRV,0.0,-0.22475823992361535,1.2000000000000002,5027.383617267307
MVI_20064,28,0,partial,long,41,UKF + CTRV,0.07271830129387091,-0.07281806156985884,1.0,1837.2669742145667
MVI_20064,29,1,partial,long,71,KF + CV,0.02027706918027716,-0.17548433939116387,1.0,18385.263409665044
MVI_20064,29,1,partial,long,71,EKF + CTRV,0.0,-0.32874510291626774,2.6000000000000014,17001.939737338267
MVI_20064,29,1,partial,long,71,UKF + CTRV,0.03718620786360285,-0.14027193915157002,1.0,7873.6650822161255
MVI_20064,30,1,partial,medium,32,KF + CV,0.0,-0.5326825550349661,inf,763.1278985197312
MVI_20064,30,1,partial,medium,32,EKF + CTRV,0.0,-0.5302777461625201,inf,1994.941563824661
MVI_20064,30,1,partial,medium,32,UKF + CTRV,0.0,-0.5068869318804957,inf,1136.7747619811541
MVI_20064,30,4,partial,long,42,KF + CV,0.09213143964018945,-0.027565625012797287,1.0,1884.6113444446778
MVI_20064,30,4,partial,long,42,EKF + CTRV,0.0,-0.30553548662757796,2.200000000000001,2214.7235044081212
MVI_20064,30,4,partial,long,42,UKF + CTRV,0.0,-0.1885707793418,1.1,1232.3429768600527
MVI_20064,30,5,partial,medium,24,KF + CV,0.0,-0.17039451305267497,1.4000000000000004,212.30927261476623
MVI_20064,30,5,partial,medium,24,EKF + CTRV,0.007810884843451141,-0.163308708665875,1.0,249.48215623524177
MVI_20064,30,5,partial,medium,24,UKF + CTRV,0.0,-0.15599283564067976,1.1,192.54697977219863
MVI_20064,31,5,partial,medium,37,KF + CV,0.0896378493858729,-0.058486190595402734,1.0,1115.7276911919637
MVI_20064,31,5,partial,medium,37,EKF + CTRV,0.16386636800277493,0.056558554037456826,1.0,973.1961142343689
MVI_20064,31,5,partial,medium,37,UKF + CTRV,0.01667384306083875,-0.18191835851718008,1.0,610.8610987717088
MVI_20064,34,1,partial,medium,20,KF + CV,0.3793163170264945,0.334598618398391,1.0,1273.0434364476898
MVI_20064,34,1,partial,medium,20,EKF + CTRV,0.43257725435021543,0.4000958399285545,1.0,1252.4855496013258
MVI_20064,34,1,partial,medium,20,UKF + CTRV,0.45051220767079425,0.41881313879960314,1.0,965.5315465115922
MVI_20064,38,0,partial,long,39,KF + CV,0.0,-0.293626027548526,2.300000000000001,7307.528062881756
MVI_20064,38,0,partial,long,39,EKF + CTRV,0.0,-0.3025712071487297,2.7000000000000015,13170.916650443034
MVI_20064,38,0,partial,long,39,UKF + CTRV,0.0,-0.23349566102875532,1.8000000000000007,4880.87194534536
MVI_20064,38,1,partial,long,40,KF + CV,0.0,-0.24107986980191554,1.4000000000000004,3166.8165163589647
MVI_20064,38,1,partial,long,40,EKF + CTRV,0.0,-0.2352080336987731,1.5000000000000004,4131.228446914407
MVI_20064,38,1,partial,long,40,UKF + CTRV,0.0,-0.2261171375868843,1.4000000000000004,2157.222670974628
MVI_20064,43,0,partial,long,42,KF + CV,0.20967307530996468,0.13325962555402684,1.0,1017.1985386085686
MVI_20064,43,0,partial,long,42,EKF + CTRV,0.15773210988861902,0.04946234224274357,1.0,1740.1873162838422
MVI_20064,43,0,partial,long,42,UKF + CTRV,0.12610408218076113,0.00379066002502923,1.0,698.7614007657972
MVI_20064,47,0,partial,long,44,KF + CV,0.6947177737443282,0.6853202421793132,1.0,6717.25614218921
MVI_20064,47,0,partial,long,44,EKF + CTRV,0.595537214269922,0.58496185781377,1.0,12706.512220816892
MVI_20064,47,0,partial,long,44,UKF + CTRV,0.14079031048838148,0.03504944211369214,1.0,2790.2815203377163
MVI_20065,14,0,partial,long,55,KF + CV,0.49051257079221977,0.46499874386453194,1.0,20699.63980003964
MVI_20065,14,0,partial,long,55,EKF + CTRV,0.13227447368995562,0.006826193029423083,1.0,26807.259838654256
MVI_20065,14,0,partial,long,55,UKF + CTRV,0.12576157111044184,0.0022594405929202976,1.0,13967.208922380902
MVI_20065,15,2,partial,long,51,KF + CV,0.5633408962618216,0.5453253097569365,1.0,27099.472793126064
MVI_20065,15,2,partial,long,51,EKF + CTRV,0.17144780688199018,0.0645258171138103,1.0,33687.88401860972
MVI_20065,15,2,partial,long,51,UKF + CTRV,0.3609389748874923,0.30199665904747575,1.0,18603.796145280787
MVI_20065,17,0,partial,medium,30,KF + CV,0.0958299919462577,-0.005577369528359147,1.0,1253.4447308846245
MVI_20065,17,0,partial,medium,30,EKF + CTRV,0.0,-0.26615385339296344,1.6000000000000005,1656.1106001111702
MVI_20065,17,0,partial,medium,30,UKF + CTRV,0.33695975170185954,0.32374414844108035,1.0,577.462560150306
MVI_20065,18,3,partial,long,62,KF + CV,0.24229969114732114,0.1543611788993704,1.0,55015.86129413806
MVI_20065,18,3,partial,long,62,EKF + CTRV,0.2129367369835612,0.12906157459431933,1.0,60994.80895068216
MVI_20065,18,3,partial,long,62,UKF + CTRV,0.0861125479796819,-0.06451049868125439,1.0,23880.712772732157
MVI_20065,23,0,partial,medium,29,KF + CV,0.4955966892091585,0.470809946084681,1.0,2958.1672864696616
MVI_20065,23,0,partial,medium,29,EKF + CTRV,0.2085763832571946,0.12017180662888222,1.0,3657.5964411020477
MVI_20065,23,0,partial,medium,29,UKF + CTRV,0.14225382616012291,0.01707518040276987,1.0,2055.095060236528
MVI_20065,24,0,partial,medium,23,KF + CV,0.5848553755820646,0.5700734681369892,1.0,1366.090516505501
MVI_20065,24,0,partial,medium,23,EKF + CTRV,0.34203070959272996,0.2954189750714378,1.0,1528.097370566451
MVI_20065,24,0,partial,medium,23,UKF + CTRV,0.14374326775310695,0.03752945927122109,1.0,1091.8111868306373
MVI_20065,28,0,partial,medium,31,KF + CV,0.25184364298177103,0.17593738808095905,1.0,1787.2966328960895
MVI_20065,28,0,partial,medium,31,EKF + CTRV,0.23798390711807293,0.1611053024028331,1.0,2652.6246935844574
MVI_20065,28,0,partial,medium,31,UKF + CTRV,0.349479125947027,0.3066377716455759,1.0,1345.8569761951553
MVI_20065,30,1,partial,medium,22,KF + CV,0.5495033359050535,0.5290840986395006,1.0,621.1431948123533
MVI_20065,30,1,partial,medium,22,EKF + CTRV,0.05739290246262463,-0.09569428200876831,1.0,671.6240346444994
MVI_20065,30,1,partial,medium,22,UKF + CTRV,0.18186988944723173,0.07040661255198447,1.0,497.36576892737634
MVI_20065,32,0,partial,long,52,KF + CV,0.5856126252960137,0.5626141797393287,1.0,15806.715899704745
MVI_20065,32,0,partial,long,52,EKF + CTRV,0.3175490447042664,0.2617430356419236,1.0,16260.21130985909
MVI_20065,32,0,partial,long,52,UKF + CTRV,0.7831977588368157,0.7780608508026472,1.0,9071.31802599994
MVI_20065,37,0,partial,long,41,KF + CV,0.0,-0.1549807801623737,1.7000000000000006,4879.179522755771
MVI_20065,37,0,partial,long,41,EKF + CTRV,0.09062983305565211,-0.035626284835125976,1.0,8102.393374951115
MVI_20065,37,0,partial,long,41,UKF + CTRV,0.0,-0.36204862061065973,5.5000000000000036,2143.907771741086
MVI_20065,39,0,partial,long,89,KF + CV,0.0,-0.2680357423796656,1.9000000000000008,35494.52504860693
MVI_20065,39,0,partial,long,89,EKF + CTRV,0.0,-0.522065457204424,4.900000000000004,72425.20965435595
MVI_20065,39,0,partial,long,89,UKF + CTRV,0.0,-0.48947439272866977,4.000000000000003,15125.425405180606
MVI_20065,41,0,partial,long,44,KF + CV,0.15535308788575794,0.05349524198672978,1.0,20774.50410695295
MVI_20065,41,0,partial,long,44,EKF + CTRV,0.15795915811065353,0.05718113966201939,1.0,22503.188259492825
MVI_20065,41,0,partial,long,44,UKF + CTRV,0.10151895058921563,-0.02456777105629719,1.0,10305.040368322387
MVI_20065,42,0,partial,medium,21,KF + CV,0.6664847252003017,0.6574767175555742,1.0,1215.975556375722
MVI_20065,42,0,partial,medium,21,EKF + CTRV,0.5588574471206011,0.5375937942720532,1.0,1390.6826918053982
MVI_20065,42,0,partial,medium,21,UKF + CTRV,0.5403620602257462,0.5202977639101583,1.0,781.7720081929301
MVI_20065,49,0,partial,long,71,KF + CV,0.46752066047483165,0.4393820903547792,1.0,10393.467342408045
MVI_20065,49,0,partial,long,71,EKF + CTRV,0.015726920766091633,-0.16208314310414543,1.0,9658.962918130994
MVI_20065,49,0,partial,long,71,UKF + CTRV,0.0,-0.22030246554549932,1.4000000000000004,7041.108877817614
MVI_20065,53,0,partial,medium,24,KF + CV,0.33892811211783797,0.2947443892281148,1.0,2794.6218164207794
MVI_20065,53,0,partial,medium,24,EKF + CTRV,0.3560530130530079,0.3042618953306622,1.0,3807.0123842662783
MVI_20065,53,0,partial,medium,24,UKF + CTRV,0.07899620634781676,-0.039856355394412055,1.0,2562.085418933532
MVI_20065,67,1,partial,medium,22,KF + CV,0.7082125746057557,0.7018677786573598,1.0,1510.7374126723075
MVI_20065,67,1,partial,medium,22,EKF + CTRV,0.7783418901783846,0.7751411519389078,1.0,1106.0563518697284
MVI_20065,67,1,partial,medium,22,UKF + CTRV,0.7472633707372812,0.7424443874843054,1.0,1079.9137694082938
MVI_20065,70,2,partial,long,79,KF + CV,0.0,-0.25646397804534143,1.5000000000000004,49383.288018565785
MVI_20065,70,2,partial,long,79,EKF + CTRV,0.0,-0.2603950132695338,1.5000000000000004,42600.77634247735
MVI_20065,70,2,partial,long,79,UKF + CTRV,0.0,-0.25870557340241207,1.5000000000000004,33388.69236400518
MVI_20065,74,1,partial,medium,24,KF + CV,0.7128687367124629,0.7034816041879005,1.0,1244.1501271501115
MVI_20065,74,1,partial,medium,24,EKF + CTRV,0.6416917822651051,0.6253965631587343,1.0,1279.3451153770407
MVI_20065,74,1,partial,medium,24,UKF + CTRV,0.5866675970665136,0.5720925943479823,1.0,906.8495904479461
MVI_20065,74,2,partial,long,41,KF + CV,0.2748567664186653,0.19539406853940097,1.0,5078.181511372463
MVI_20065,74,2,partial,long,41,EKF + CTRV,0.16843353902801164,0.06750189617867038,1.0,6802.492754575966
MVI_20065,74,2,partial,long,41,UKF + CTRV,0.12856992396780734,0.0064889342143854,1.0,2981.526429699192
MVI_39771,24,1,partial,long,56,KF + CV,0.2156297963551855,0.1808570122536832,1.0,4345.159058276177
MVI_39771,24,1,partial,long,56,EKF + CTRV,0.16029438541628355,0.06580208055242923,1.0,5279.874377784612
MVI_39771,24,1,partial,long,56,UKF + CTRV,0.050743959953353165,-0.045559526278722534,1.0,2996.3113585869073
MVI_39781,12,0,partial,medium,34,KF + CV,0.0,-0.7752918464406569,inf,11941.185929094167
MVI_39781,12,0,partial,medium,34,EKF + CTRV,0.0,-0.8038826656692917,inf,67680.39184694942
MVI_39781,12,0,partial,medium,34,UKF + CTRV,0.0,-0.7598973293063139,inf,38130.346311797926
MVI_39781,16,1,partial,long,47,KF + CV,0.0,-0.44735464518090107,5.100000000000003,6938.9903822286
MVI_39781,16,1,partial,long,47,EKF + CTRV,0.0,-0.4590224186173788,5.5000000000000036,19901.63739938202
MVI_39781,16,1,partial,long,47,UKF + CTRV,0.0,-0.2343999134247113,1.2000000000000002,5955.6153489645385
MVI_39781,18,0,partial,medium,37,KF + CV,0.0,-0.6406583505451656,8.500000000000007,5755.362505173951
MVI_39781,18,0,partial,medium,37,EKF + CTRV,0.0,-0.6437261144931427,8.600000000000007,29672.36820528933
MVI_39781,18,0,partial,medium,37,UKF + CTRV,0.0,-0.5740490469436845,6.400000000000004,17701.193815677765
MVI_39781,30,0,partial,long,75,KF + CV,0.0,-0.2868437547743082,1.8000000000000007,22251.143539349916
MVI_39781,30,0,partial,long,75,EKF + CTRV,0.0,-0.34731026621771727,3.200000000000002,31552.294374106365
MVI_39781,30,0,partial,long,75,UKF + CTRV,0.0,-0.4069922740231637,3.8000000000000025,9273.233450977641
MVI_39781,37,1,partial,long,53,KF + CV,0.0,-0.2752785943274396,1.6000000000000005,13246.798100357297
MVI_39781,37,1,partial,long,53,EKF + CTRV,0.0,-0.29035339188947434,2.100000000000001,17806.49489991813
MVI_39781,37,1,partial,long,53,UKF + CTRV,0.0,-0.41993291023846235,4.3000000000000025,7503.114992698053
MVI_39781,38,0,partial,medium,33,KF + CV,0.4874294955070336,0.47567859851689837,1.0,98690.06780543049
MVI_39781,38,0,partial,medium,33,EKF + CTRV,0.4807706354032061,0.47092850460090496,1.0,94479.27510151269
MVI_39781,38,0,partial,medium,33,UKF + CTRV,0.4621568808161657,0.4446877988091516,1.0,70493.31268449464
MVI_39781,41,3,partial,medium,32,KF + CV,0.8595670429106973,0.8590155834872778,1.0,112250.48555940889
MVI_39781,41,3,partial,medium,32,EKF + CTRV,0.845444577219351,0.8447006430321783,1.0,79009.85149423433
MVI_39781,41,3,partial,medium,32,UKF + CTRV,0.8447293386805348,0.8439590225645321,1.0,78354.20858000158
MVI_39781,48,1,partial,medium,30,KF + CV,0.07238987238605472,-0.09224637343559482,1.0,2268.688071498471
MVI_39781,48,1,partial,medium,30,EKF + CTRV,0.06850035637635585,-0.10105898644928993,1.0,4323.658783300198
MVI_39781,48,1,partial,medium,30,UKF + CTRV,0.19851265455461592,0.09338635283770622,1.0,2837.0199199302992
MVI_39801,12,1,partial,medium,29,KF + CV,0.22925407147091764,0.13459558717452652,1.0,3186.585780087734
MVI_39801,12,1,partial,medium,29,EKF + CTRV,0.19867802151826422,0.10405420029205774,1.0,5157.596401609904
MVI_39801,12,1,partial,medium,29,UKF + CTRV,0.12303627076827177,-0.005497582062622089,1.0,3243.743887056995
MVI_39801,18,0,partial,medium,25,KF + CV,0.288708561749939,0.26399630345505026,1.0,16189.461482167762
MVI_39801,18,0,partial,medium,25,EKF + CTRV,0.42166457308638355,0.40840266400804104,1.0,26058.12839015202
MVI_39801,18,0,partial,medium,25,UKF + CTRV,0.502282886116755,0.4827234434431542,1.0,18961.26720735928
MVI_39801,29,1,partial,long,89,KF + CV,0.0,-1.074986014679411,inf,24341.66173547377
MVI_39801,29,1,partial,long,89,EKF + CTRV,0.0,-1.0679303049521072,inf,908811.535113813
MVI_39801,29,1,partial,long,89,UKF + CTRV,0.0,-1.1736754689069844,inf,57544.85358249093
MVI_39801,31,1,partial,long,76,KF + CV,0.0,-1.0081243629796874,inf,14649.966181812646
MVI_39801,31,1,partial,long,76,EKF + CTRV,0.0,-1.0048735284198185,inf,291535.98712140945
MVI_39801,31,1,partial,long,76,UKF + CTRV,0.0,-1.0053900514749614,inf,19939.38487200236
MVI_39801,39,1,partial,long,49,KF + CV,0.0,-0.29787162827485403,1.8000000000000007,4839.0580920279845
MVI_39801,39,1,partial,long,49,EKF + CTRV,0.0,-0.31617698024315277,2.000000000000001,15871.202010639818
MVI_39801,39,1,partial,long,49,UKF + CTRV,0.015451127822378211,-0.160426300142855,1.0,4220.875054580158
MVI_39811,7,1,partial,medium,22,KF + CV,0.11206577306370753,-0.021583935996065715,1.0,10664.93163049215
MVI_39811,7,1,partial,medium,22,EKF + CTRV,0.1114955674456521,-0.020112468292851335,1.0,17363.152968259143
MVI_39811,7,1,partial,medium,22,UKF + CTRV,0.07981434344967729,-0.07167968143325303,1.0,14272.723634286385
MVI_39821,6,0,partial,medium,21,KF + CV,0.3468135049741937,0.29162632743447636,1.0,902.9196032873112
MVI_39821,6,0,partial,medium,21,EKF + CTRV,0.3608078457819915,0.2928324814586077,1.0,1119.8976910814526
MVI_39821,6,0,partial,medium,21,UKF + CTRV,0.26180321372913196,0.16945737353283585,1.0,888.8908217397801
MVI_39821,8,0,partial,medium,21,KF + CV,0.22691729714510067,0.15166640598972098,1.0,490.45348998268685
MVI_39821,8,0,partial,medium,21,EKF + CTRV,0.2251786007655606,0.1492028949601384,1.0,685.8073537070775
MVI_39821,8,0,partial,medium,21,UKF + CTRV,0.05904207294796431,-0.07630864507125396,1.0,509.5664088952889
MVI_39821,9,0,partial,medium,25,KF + CV,0.3699030851595248,0.32881613089001577,1.0,1257.8333861289277
MVI_39821,9,0,partial,medium,25,EKF + CTRV,0.04888268366118453,-0.0870434403179953,1.0,1859.3334035840248
MVI_39821,9,0,partial,medium,25,UKF + CTRV,0.08060306837436869,-0.04379355771346918,1.0,990.1853665091917
MVI_39821,13,0,partial,long,52,KF + CV,0.3271543955549219,0.27374465593572617,1.0,36969.54545570747
MVI_39821,13,0,partial,long,52,EKF + CTRV,0.31800684715370686,0.2643981007583247,1.0,42103.68757649587
MVI_39821,13,0,partial,long,52,UKF + CTRV,0.20890243889433724,0.12019472151631615,1.0,15788.356464156761
MVI_39821,13,1,partial,medium,37,KF + CV,0.056364473811029846,0.02382874703175924,1.0,432140.6727585664
MVI_39821,13,1,partial,medium,37,EKF + CTRV,0.056364473811029846,0.019538312397986035,1.0,521175.6534053028
MVI_39821,13,1,partial,medium,37,UKF + CTRV,0.05636447381103013,0.04511958442779508,1.0,203069.1125863761
MVI_39821,14,0,partial,medium,21,KF + CV,0.37279243660806904,0.31041061305575796,1.0,781.1412998465962
MVI_39821,14,0,partial,medium,21,EKF + CTRV,0.3908283267462361,0.33616353437276003,1.0,939.9700028631617
MVI_39821,14,0,partial,medium,21,UKF + CTRV,0.13683290189457983,0.02787639703451708,1.0,683.5177965523847
MVI_39821,16,0,partial,medium,27,KF + CV,0.3639253020224086,0.32229800880220594,1.0,1082.2356859595052
MVI_39821,16,0,partial,medium,27,EKF + CTRV,0.1297348330125747,0.026325023627106023,1.0,1582.6526640434138
MVI_39821,16,0,partial,medium,27,UKF + CTRV,0.06437236912610933,-0.06648391552859553,1.0,899.9167480286612
MVI_39821,21,0,partial,medium,24,KF + CV,0.2182050164788483,0.1329834433535665,1.0,700.4667294863931
MVI_39821,21,0,partial,medium,24,EKF + CTRV,0.16224364728618537,0.06561933639681082,1.0,1007.6855462865385
MVI_39821,21,0,partial,medium,24,UKF + CTRV,0.12820970639124618,0.015318237929037026,1.0,725.3303364720957
MVI_39821,24,1,partial,medium,21,KF + CV,0.5076967191692281,0.48090660144332975,1.0,2289.848670427409
MVI_39821,24,1,partial,medium,21,EKF + CTRV,0.4570686848371145,0.43228378258529654,1.0,4520.141946217789
MVI_39821,24,1,partial,medium,21,UKF + CTRV,0.2746680438470646,0.223008885031657,1.0,2394.755239081647
MVI_39821,24,2,partial,medium,26,KF + CV,0.3814511247571275,0.3142109401548171,1.0,1671.294890546545
MVI_39821,24,2,partial,medium,26,EKF + CTRV,0.34457251363645935,0.273517142938823,1.0,3307.916429881672
MVI_39821,24,2,partial,medium,26,UKF + CTRV,0.5030492413992023,0.4654166296797553,1.0,2447.2680050098033
MVI_39821,25,0,partial,medium,27,KF + CV,0.25999474021335217,0.1615554965068457,1.0,1072.804268548924
MVI_39821,25,0,partial,medium,27,EKF + CTRV,0.23041077701875187,0.1203685517695042,1.0,1331.390494751867
MVI_39821,25,0,partial,medium,27,UKF + CTRV,0.1662154356200372,0.06345259239530433,1.0,940.6097291458758
MVI_39821,28,0,partial,medium,24,KF + CV,0.343975053308551,0.2951519301511659,1.0,1085.4673543935166
MVI_39821,28,0,partial,medium,24,EKF + CTRV,0.35731975014328676,0.29316164471670525,1.0,1160.4844326565517
MVI_39821,28,0,partial,medium,24,UKF + CTRV,0.3315042995649185,0.2582336219098931,1.0,887.7464671195402
MVI_39821,31,0,partial,medium,24,KF + CV,0.2331399565678491,0.1543682218850465,1.0,922.0375469350962
MVI_39821,31,0,partial,medium,24,EKF + CTRV,0.18128105871060718,0.07715582436890728,1.0,1394.98163364139
MVI_39821,31,0,partial,medium,24,UKF + CTRV,0.21930471011699593,0.13430976161127128,1.0,775.3655598759659
MVI_39851,32,0,partial,long,71,KF + CV,0.463476843578804,0.43318816391627396,1.0,26750.27449398357
MVI_39851,32,0,partial,long,71,EKF + CTRV,0.16810209337523002,0.06842910739831572,1.0,32463.18364936845
MVI_39851,32,0,partial,long,71,UKF + CTRV,0.04266213348800843,-0.11738957585747695,1.0,18062.127794717566
MVI_39861,1,0,partial,medium,26,KF + CV,0.5834322729560976,0.5702879606130976,1.0,33815.89234245746
MVI_39861,1,0,partial,medium,26,EKF + CTRV,0.5712015916958355,0.5575822096757453,1.0,30643.10638202486
MVI_39861,1,0,partial,medium,26,UKF + CTRV,0.703750665198351,0.6905271461759243,1.0,24835.278471037167
MVI_39861,1,1,partial,long,73,KF + CV,0.0,-0.1723273413145129,1.7000000000000006,271625.99397417787
MVI_39861,1,1,partial,long,73,EKF + CTRV,0.0,-0.19055682425822365,1.9000000000000008,511596.36538232665
MVI_39861,1,1,partial,long,73,UKF + CTRV,0.0,-0.4664411499638415,4.400000000000003,100662.61464495503
MVI_39861,5,0,partial,medium,31,KF + CV,0.05149538302981796,-0.1072487844459103,1.0,1001.197354692128
MVI_39861,5,0,partial,medium,31,EKF + CTRV,0.05349297279563113,-0.10807168814540315,1.0,956.4684726325831
MVI_39861,5,0,partial,medium,31,UKF + CTRV,0.005561323293269335,-0.18978020233032802,1.0,731.5173448684351
MVI_39861,5,2,partial,medium,23,KF + CV,0.20743629482029322,0.10998646743427677,1.0,7345.691173025544
MVI_39861,5,2,partial,medium,23,EKF + CTRV,0.21320589040759977,0.1184310069715703,1.0,11902.9849173711
MVI_39861,5,2,partial,medium,23,UKF + CTRV,0.1543432843462211,0.036694908890851696,1.0,9501.605071483445
MVI_39861,6,0,partial,long,46,KF + CV,0.21979286269168022,0.14304920468296273,1.0,3993.653342146151
MVI_39861,6,0,partial,long,46,EKF + CTRV,0.0,-0.17547848241072062,1.3000000000000003,4891.086460039052
MVI_39861,6,0,partial,long,46,UKF + CTRV,0.0,-0.26087656937018416,1.4000000000000004,2045.877619970547
MVI_39861,7,4,partial,long,38,KF + CV,0.0,-0.3204397966780619,2.000000000000001,2250.920484483956
MVI_39861,7,4,partial,long,38,EKF + CTRV,0.0,-0.3295098455978897,2.200000000000001,6237.908285211426
MVI_39861,7,4,partial,long,38,UKF + CTRV,0.0,-0.23995571785356054,1.2000000000000002,2680.08690168374
MVI_39861,7,6,partial,medium,37,KF + CV,0.0,-0.2397470948358522,1.9000000000000008,917.8673392227576
MVI_39861,7,6,partial,medium,37,EKF + CTRV,0.0,-0.26103949272913085,1.5000000000000004,1986.7102683152975
MVI_39861,7,6,partial,medium,37,UKF + CTRV,0.07486028364911206,-0.04571944345976889,1.0,864.5265480249233
MVI_39861,8,0,partial,long,44,KF + CV,0.4134259951994924,0.3591113453625694,1.0,3410.8984821335243
MVI_39861,8,0,partial,long,44,EKF + CTRV,0.3816954271482982,0.3293578150312618,1.0,4146.580158167883
MVI_39861,8,0,partial,long,44,UKF + CTRV,0.21706150346842412,0.11604672335769321,1.0,1454.3414029764533
MVI_39861,9,0,partial,medium,36,KF + CV,0.39515920019634376,0.3280229725196653,1.0,2052.4395539097877
MVI_39861,9,0,partial,medium,36,EKF + CTRV,0.3938259373471069,0.3206605897993927,1.0,2693.430407192247
MVI_39861,9,0,partial,medium,36,UKF + CTRV,0.2988225805591442,0.1987222755135421,1.0,1379.4527409882837
MVI_39861,9,2,partial,medium,22,KF + CV,0.12642951545885733,0.004698962797913153,1.0,8214.730236674191
MVI_39861,9,2,partial,medium,22,EKF + CTRV,0.14381776096931828,0.02238489769181086,1.0,12766.934766424738
MVI_39861,9,2,partial,medium,22,UKF + CTRV,0.09643168823841597,-0.047527126200639175,1.0,10524.164796713336
MVI_39861,11,0,partial,medium,26,KF + CV,0.30186835238438753,0.20823063405587533,1.0,1068.5736260392912
MVI_39861,11,0,partial,medium,26,EKF + CTRV,0.1987284651738193,0.08002911232535186,1.0,1355.1584408729138
MVI_39861,11,0,partial,medium,26,UKF + CTRV,0.21133836653050034,0.0866255375299798,1.0,791.5151472486601
MVI_39931,4,1,partial,long,40,KF + CV,0.23790640855657952,0.13438348630527394,1.0,2492.964393230695
MVI_39931,4,1,partial,long,40,EKF + CTRV,0.23765583116490568,0.13522820159018717,1.0,4720.439296182381
MVI_39931,4,1,partial,long,40,UKF + CTRV,0.09403822937871724,-0.07749904521546251,1.0,1904.8092173765476
MVI_39931,5,0,partial,medium,21,KF + CV,0.022101130996975835,-0.0011583493051658504,1.0,24465.15304934158
MVI_39931,5,0,partial,medium,21,EKF + CTRV,0.022101130996975835,-0.002822788032846489,1.0,29801.570617342513
MVI_39931,5,0,partial,medium,21,UKF + CTRV,0.0221011309969759,0.011271028626370007,1.0,23467.018008977248
MVI_39931,11,0,partial,medium,33,KF + CV,0.5930606073249992,0.5815976742700466,1.0,8685.17189903946
MVI_39931,11,0,partial,medium,33,EKF + CTRV,0.5930606073249993,0.5814917484373865,1.0,8455.52573608973
MVI_39931,11,0,partial,medium,33,UKF + CTRV,0.585223390703457,0.5765649176702093,1.0,5965.551774692444
MVI_39931,13,0,partial,medium,32,KF + CV,0.1190719948995586,-0.010973425650847149,1.0,30623.31573547057
MVI_39931,13,0,partial,medium,32,EKF + CTRV,0.12837381522178953,-0.0036125193534170263,1.0,49025.200438400374
MVI_39931,13,0,partial,medium,32,UKF + CTRV,0.010423259445204404,-0.18561077244637078,1.0,27253.257398748043
MVI_39931,14,1,partial,long,38,KF + CV,0.05737103304175549,-0.11240490874780949,1.0,3815.3917645802176
MVI_39931,14,1,partial,long,38,EKF + CTRV,0.057344362254782386,-0.11747044821570753,1.0,6153.998604517268
MVI_39931,14,1,partial,long,38,UKF + CTRV,0.00044242710626954716,-0.23138098353319506,1.0,2659.468254944921
MVI_39931,17,1,partial,medium,25,KF + CV,0.4681602824684986,0.4241893874314404,1.0,1204.3528080801534
MVI_39931,17,1,partial,medium,25,EKF + CTRV,0.1912807681124954,0.10289329409316914,1.0,1576.7757134125222
MVI_39931,17,1,partial,medium,25,UKF + CTRV,0.16607991128987856,0.05649837996934792,1.0,1086.3789961312389
MVI_39931,19,1,partial,medium,35,KF + CV,0.0,-0.24177050207608347,2.100000000000001,1517.9374826511817
MVI_39931,19,1,partial,medium,35,EKF + CTRV,0.0,-0.3566357086303969,6.0000000000000036,2400.301837527079
MVI_39931,19,1,partial,medium,35,UKF + CTRV,0.0,-0.4225908669530872,6.800000000000004,828.9432918506508
MVI_39931,21,1,partial,medium,20,KF + CV,0.6574336421964421,0.6484278910784564,1.0,837.8502754574728
MVI_39931,21,1,partial,medium,20,EKF + CTRV,0.4700880024117869,0.4463294962417337,1.0,1158.412274444356
MVI_39931,21,1,partial,medium,20,UKF + CTRV,0.45411726519450035,0.4314098407769021,1.0,964.83513101039
MVI_39931,25,1,partial,medium,23,KF + CV,0.3999120703645462,0.32778572604049805,1.0,818.0350473990595
MVI_39931,25,1,partial,medium,23,EKF + CTRV,0.3468654351528276,0.27224978133301264,1.0,1238.4066497660583
MVI_39931,25,1,partial,medium,23,UKF + CTRV,0.3010937412206282,0.20369802161528247,1.0,975.5169981759224
MVI_40131,16,0,partial,long,52,KF + CV,0.3748344121230969,0.35711757105263653,1.0,7551.788971865382
MVI_40131,16,0,partial,long,52,EKF + CTRV,0.22121272822958302,0.14509071449416172,1.0,7882.5082247867
MVI_40131,16,0,partial,long,52,UKF + CTRV,0.04579738168722825,-0.10597512307687892,1.0,5139.855934192625
MVI_40131,16,1,partial,medium,22,KF + CV,0.5037629852562809,0.4830729537930731,1.0,2654.3801954722826
MVI_40131,16,1,partial,medium,22,EKF + CTRV,0.5202015702253324,0.5022954350023453,1.0,2959.712521663612
MVI_40131,16,1,partial,medium,22,UKF + CTRV,0.4275242958221668,0.39158130019954385,1.0,1760.009894140023
MVI_40131,19,5,partial,long,72,KF + CV,0.37266527920418324,0.3708306012312576,1.0,84266.43482322586
MVI_40131,19,5,partial,long,72,EKF + CTRV,0.37266527920418324,0.3635943985869999,1.0,63560.36237683943
MVI_40131,19,5,partial,long,72,UKF + CTRV,0.34972529832739013,0.3159025451981476,1.0,57273.89233748354
MVI_40131,19,6,partial,medium,29,KF + CV,0.7674159697587631,0.7633676660304831,1.0,7047.34869089224
MVI_40131,19,6,partial,medium,29,EKF + CTRV,0.7435998081235419,0.7383435376310796,1.0,5523.90256821699
MVI_40131,19,6,partial,medium,29,UKF + CTRV,0.7508288960928511,0.7460137473333762,1.0,4944.316413493708
MVI_40131,20,1,partial,long,62,KF + CV,0.0,-0.20698343831021454,1.2000000000000002,10409.67067863958
MVI_40131,20,1,partial,long,62,EKF + CTRV,0.025637078180948885,-0.15365814310183487,1.0,15993.433689448608
MVI_40131,20,1,partial,long,62,UKF + CTRV,0.3695288132733758,0.32127170903828484,1.0,7110.427573132513
MVI_40131,26,0,partial,long,84,KF + CV,0.2726784093630745,0.24206359557407317,1.0,30964.979389058957
MVI_40131,26,0,partial,long,84,EKF + CTRV,0.020232963327107462,-0.12097923909389922,1.0,26438.44842417639
MVI_40131,26,0,partial,long,84,UKF + CTRV,0.0,-0.16273200778264263,1.1,21068.913591878045
MVI_40131,30,1,partial,long,51,KF + CV,0.4752364854987598,0.44835520931780304,1.0,8308.016591728025
MVI_40131,30,1,partial,long,51,EKF + CTRV,0.522329069972504,0.5071972333621781,1.0,9285.734758701836
MVI_40131,30,1,partial,long,51,UKF + CTRV,0.49162630077002845,0.47291155708347765,1.0,5118.654937271465
MVI_40131,34,0,partial,long,65,KF + CV,0.6753660215200551,0.6675278223567396,1.0,56663.40379621445
MVI_40131,34,0,partial,long,65,EKF + CTRV,0.8400131886228042,0.8384198886059346,1.0,49127.92236910145
MVI_40131,34,0,partial,long,65,UKF + CTRV,0.48665517806073355,0.45232857571159735,1.0,38600.18684256642
MVI_40131,35,1,partial,medium,26,KF + CV,0.8072334809677592,0.8070657035301276,1.0,5909.518996263647
MVI_40131,35,1,partial,medium,26,EKF + CTRV,0.7527407456208068,0.7495480032019155,1.0,4354.785000418806
MVI_40131,35,1,partial,medium,26,UKF + CTRV,0.7140480964020031,0.707788558456403,1.0,4169.2974501747885
MVI_40131,37,1,partial,medium,33,KF + CV,0.6938538978199891,0.6933770341028326,1.0,9863.193611997052
MVI_40131,37,1,partial,medium,33,EKF + CTRV,0.5992391165865424,0.5865086576128011,1.0,9883.342011442
MVI_40131,37,1,partial,medium,33,UKF + CTRV,0.47258627832047007,0.446777367762588,1.0,6989.934164205003
MVI_40131,38,0,partial,long,51,KF + CV,0.6249999020180008,0.608260912382584,1.0,13880.862446783314
MVI_40131,38,0,partial,long,51,EKF + CTRV,0.6403017558105369,0.6249199153558028,1.0,13271.877756468122
MVI_40131,38,0,partial,long,51,UKF + CTRV,0.5951655786681478,0.5734557406633704,1.0,9178.661497787718
MVI_40131,39,1,partial,long,55,KF + CV,0.08550980494365476,-0.05596194102472993,1.0,20328.82591123821
MVI_40131,39,1,partial,long,55,EKF + CTRV,0.08094854183909482,-0.06171791148742618,1.0,28617.595121841958
MVI_40131,39,1,partial,long,55,UKF + CTRV,0.0,-0.2588117002526067,1.6000000000000005,8171.521853753325
MVI_40131,60,0,partial,medium,22,KF + CV,0.5384210461874895,0.519755663552329,1.0,1871.8205490234532
MVI_40131,60,0,partial,medium,22,EKF + CTRV,0.5330717316249547,0.509880395879831,1.0,2062.8667358396474
MVI_40131,60,0,partial,medium,22,UKF + CTRV,0.3890804449975759,0.3492880364830562,1.0,1616.5221098848212
MVI_40131,62,0,partial,medium,26,KF + CV,0.2641520697143113,0.18812411944596436,1.0,4683.640557003725
MVI_40131,62,0,partial,medium,26,EKF + CTRV,0.22715946982025786,0.1484063024624413,1.0,5519.927974188441
MVI_40131,62,0,partial,medium,26,UKF + CTRV,0.1863137872042224,0.08789203707722654,1.0,3950.7629871748145
MVI_40141,8,0,partial,medium,24,KF + CV,0.7496558440771537,0.7443308364546217,1.0,941.6066261249777
MVI_40141,8,0,partial,medium,24,EKF + CTRV,0.7036387540396374,0.6967729532955478,1.0,699.8178741208643
MVI_40141,8,0,partial,medium,24,UKF + CTRV,0.6822885749995096,0.67431747016304,1.0,669.2347767251059
MVI_40141,11,0,partial,medium,37,KF + CV,0.2809041337908226,0.22029181087873126,1.0,3158.2085051026265
MVI_40141,11,0,partial,medium,37,EKF + CTRV,0.07066833459723489,-0.08470137122034997,1.0,3971.8312420688453
MVI_40141,11,0,partial,medium,37,UKF + CTRV,0.06308226322901332,-0.09346421636151496,1.0,1930.8121085189048
MVI_40152,10,0,partial,medium,20,KF + CV,0.0,-0.3362385093202481,2.200000000000001,5271.523292528996
MVI_40152,10,0,partial,medium,20,EKF + CTRV,0.0,-0.40024370346799715,5.200000000000003,9257.379045573336
MVI_40152,10,0,partial,medium,20,UKF + CTRV,0.0,-0.3763176243719695,4.700000000000003,8014.465849093472
MVI_40152,11,0,partial,medium,21,KF + CV,0.0,-0.3936389243782679,3.0000000000000018,4733.7352124460995
MVI_40152,11,0,partial,medium,21,EKF + CTRV,0.0,-0.41882674723090124,5.600000000000003,8781.92214522548
MVI_40152,11,0,partial,medium,21,UKF + CTRV,0.0,-0.3920381203567028,4.900000000000004,7479.13428008913
MVI_40152,13,0,partial,medium,23,KF + CV,0.0,-0.38333959494513276,2.9000000000000017,10045.387473713941
MVI_40152,13,0,partial,medium,23,EKF + CTRV,0.0,-0.38961080993158975,3.400000000000002,16599.899350809716
MVI_40152,13,0,partial,medium,23,UKF + CTRV,0.0,-0.3577510826209729,2.9000000000000017,13476.057329213267
MVI_40152,16,0,partial,medium,20,KF + CV,0.0,-0.31670963920260303,2.6000000000000014,3694.8492568196466
MVI_40152,16,0,partial,medium,20,EKF + CTRV,0.0,-0.3498559354109653,4.200000000000003,6434.376797368169
MVI_40152,16,0,partial,medium,20,UKF + CTRV,0.0,-0.3270568402703689,3.8000000000000025,5611.56349989414
MVI_40152,16,1,partial,long,50,KF + CV,0.0,-0.40424133345573127,2.6000000000000014,8539.260677855407
MVI_40152,16,1,partial,long,50,EKF + CTRV,0.0,-0.4076137379364244,2.7000000000000015,19339.856933632393
MVI_40152,16,1,partial,long,50,UKF + CTRV,0.0,-0.2592637213289823,1.8000000000000007,4978.705468359827
MVI_40152,17,0,partial,medium,24,KF + CV,0.0,-0.39572278636766534,2.7000000000000015,12853.411513784833
MVI_40152,17,0,partial,medium,24,EKF + CTRV,0.0,-0.5034783877729987,6.800000000000004,27465.15030218228
MVI_40152,17,0,partial,medium,24,UKF + CTRV,0.0,-0.46888416816431777,5.900000000000004,20353.80000206268
MVI_40152,19,0,partial,medium,21,KF + CV,0.0,-0.33996459633850823,1.9000000000000008,6618.850003917194
MVI_40152,19,0,partial,medium,21,EKF + CTRV,0.0,-0.4149414520211777,4.5000000000000036,11451.426634890213
MVI_40152,19,0,partial,medium,21,UKF + CTRV,0.0,-0.3916892304755926,4.100000000000003,9828.10028266166
MVI_40152,20,0,partial,medium,21,KF + CV,0.0,-0.28808377881599956,1.5000000000000004,2745.9282148101124
MVI_40152,20,0,partial,medium,21,EKF + CTRV,0.0,-0.2925326071223376,1.5000000000000004,4919.890417800568
MVI_40152,20,0,partial,medium,21,UKF + CTRV,0.0,-0.2649167872522238,1.3000000000000003,4236.116218890355
MVI_40152,22,0,partial,medium,20,KF + CV,0.0,-0.3014339390117172,1.8000000000000007,2249.179604182879
MVI_40152,22,0,partial,medium,20,EKF + CTRV,0.0,-0.30565232973603496,1.8000000000000007,4379.48610709278
MVI_40152,22,0,partial,medium,20,UKF + CTRV,0.0,-0.2808193220746219,1.5000000000000004,3863.3589294854864
MVI_40152,23,0,partial,medium,20,KF + CV,0.07178436721689913,-0.07691563904594359,1.0,13688.858198018443
MVI_40152,23,0,partial,medium,20,EKF + CTRV,0.0,-0.20176301872870658,2.000000000000001,34834.60649614228
MVI_40152,23,0,partial,medium,20,UKF + CTRV,0.0,-0.15633027847245184,1.6000000000000005,22571.255829473183
MVI_40152,25,0,partial,medium,25,KF + CV,0.0,-0.43409069487602825,3.500000000000002,9164.336022979616
MVI_40152,25,0,partial,medium,25,EKF + CTRV,0.0,-0.4481357963930173,5.300000000000004,17745.153841072253
MVI_40152,25,0,partial,medium,25,UKF + CTRV,0.0,-0.4119185995627753,4.5000000000000036,13683.314810711088
MVI_40152,27,0,partial,medium,23,KF + CV,0.0,-0.4332809421733966,6.400000000000004,4356.023766065719
MVI_40152,27,0,partial,medium,23,EKF + CTRV,0.0,-0.44078852272833824,8.100000000000007,8768.845333236828
MVI_40152,27,0,partial,medium,23,UKF + CTRV,0.0,-0.40783428155887874,7.000000000000005,7173.418932648718
MVI_40152,29,0,partial,medium,21,KF + CV,0.0,-0.34972505332566395,3.7000000000000024,1710.536214506593
MVI_40152,29,0,partial,medium,21,EKF + CTRV,0.0,-0.35958715380536105,4.600000000000003,3518.9279193560947
MVI_40152,29,0,partial,medium,21,UKF + CTRV,0.0,-0.33415129137387095,4.100000000000003,3048.0312204355887
MVI_40152,32,0,partial,medium,23,KF + CV,0.0,-0.34981248306285256,2.4000000000000012,2498.264592866508
MVI_40152,32,0,partial,medium,23,EKF + CTRV,0.0,-0.3537293086382357,2.300000000000001,5110.599092874161
MVI_40152,32,0,partial,medium,23,UKF + CTRV,0.0,-0.31971707323855136,1.9000000000000008,4246.324199661105
MVI_40152,32,1,partial,medium,23,KF + CV,0.08816498302216128,-0.05445135970362072,1.0,989.7241347697709
MVI_40152,32,1,partial,medium,23,EKF + CTRV,0.09473697114749334,-0.052637052280439425,1.0,1566.5334459684661
MVI_40152,32,1,partial,medium,23,UKF + CTRV,0.170938836677612,0.061452814601782535,1.0,1212.2584283181307
MVI_40152,35,0,partial,medium,20,KF + CV,0.12403957675961219,0.026602472282077003,1.0,13730.849126072717
MVI_40152,35,0,partial,medium,20,EKF + CTRV,0.0008665948209171232,-0.1103630875385863,1.0,24604.872490981918
MVI_40152,35,0,partial,medium,20,UKF + CTRV,0.018574838099178467,-0.0691767458525793,1.0,20760.60376342237
MVI_40152,36,0,partial,medium,25,KF + CV,0.0,-0.39793135463540047,3.300000000000002,5575.587174262401
MVI_40152,36,0,partial,medium,25,EKF + CTRV,0.0,-0.40013366393675087,3.200000000000002,11824.441328496601
MVI_40152,36,0,partial,medium,25,UKF + CTRV,0.0,-0.35921445310823025,2.6000000000000014,9356.294017079284
MVI_40152,37,0,partial,medium,25,KF + CV,0.0,-0.3665799327777971,3.6000000000000023,3942.892417356266
MVI_40152,37,0,partial,medium,25,EKF + CTRV,0.0,-0.3708145359225882,3.7000000000000024,7804.641262073681
MVI_40152,37,0,partial,medium,25,UKF + CTRV,0.0,-0.32179673434996375,2.6000000000000014,6032.586915632037
MVI_40152,38,0,partial,medium,20,KF + CV,0.0,-0.3699463629799924,2.4000000000000012,4722.657899354937
MVI_40152,38,0,partial,medium,20,EKF + CTRV,0.0,-0.40363195808169455,5.0000000000000036,8757.970308421845
MVI_40152,38,0,partial,medium,20,UKF + CTRV,0.0,-0.3830182115400375,4.5000000000000036,7696.747616413951
MVI_40152,39,0,partial,medium,21,KF + CV,0.0,-0.28227002723666583,1.4000000000000004,7350.656014712664
MVI_40152,39,0,partial,medium,21,EKF + CTRV,0.0,-0.37990506589172934,4.100000000000003,12882.7813610559
MVI_40152,39,0,partial,medium,21,UKF + CTRV,0.0,-0.35820447437658687,3.7000000000000024,10906.415098513296
MVI_40152,41,0,partial,medium,23,KF + CV,0.0,-0.34035529981785356,2.200000000000001,15229.63173625065
MVI_40152,41,0,partial,medium,23,EKF + CTRV,0.0,-0.4276072958696091,4.800000000000003,25366.01489910428
MVI_40152,41,0,partial,medium,23,UKF + CTRV,0.0,-0.4003323253071248,4.3000000000000025,20237.014759495567
MVI_40152,42,0,partial,medium,20,KF + CV,0.0,-0.2956036512477876,1.6000000000000005,4470.062486691169
MVI_40152,42,0,partial,medium,20,EKF + CTRV,0.0,-0.2983014315206504,1.6000000000000005,8007.519059758077
MVI_40152,42,0,partial,medium,20,UKF + CTRV,0.0,-0.2733411259111883,1.3000000000000003,7005.394259406486
MVI_40152,42,1,partial,medium,37,KF + CV,0.0019955100182513373,-0.22575353839764067,1.0,2436.2811125921517
MVI_40152,42,1,partial,medium,37,EKF + CTRV,0.0,-0.23238956861118656,1.4000000000000004,4312.983410680781
MVI_40152,42,1,partial,medium,37,UKF + CTRV,0.036774868743769236,-0.09555536404190593,1.0,1875.3380878578223
MVI_40152,44,0,partial,medium,22,KF + CV,0.0,-0.24671176878736747,1.1,8581.225878481215
MVI_40152,44,0,partial,medium,22,EKF + CTRV,0.0,-0.3141283161259699,3.300000000000002,14550.962791606786
MVI_40152,44,0,partial,medium,22,UKF + CTRV,0.0,-0.28831611232775844,2.9000000000000017,12167.331504503698
MVI_40152,45,0,partial,long,40,KF + CV,0.13006427775512416,0.11098734984749897,1.0,430870.1004915838
MVI_40152,45,0,partial,long,40,EKF + CTRV,0.03729205264727391,-0.04472000623910667,1.0,422127.3628190974
MVI_40152,45,0,partial,long,40,UKF + CTRV,0.13006427775512508,0.1269458017186612,1.0,256500.20641830636
MVI_40161,1,1,partial,medium,22,KF + CV,0.9302345734202545,0.9301176857401889,1.0,5369.106158629924
MVI_40161,1,1,partial,medium,22,EKF + CTRV,0.8075686289509398,0.8059012154382238,1.0,5601.348379424338
MVI_40161,1,1,partial,medium,22,UKF + CTRV,0.8202031440023112,0.8186893273372595,1.0,4086.07184007977
MVI_40161,2,1,partial,medium,33,KF + CV,0.8605531145594819,0.8600435576195494,1.0,34872.21257579872
MVI_40161,2,1,partial,medium,33,EKF + CTRV,0.7147190554008798,0.7118443325567428,1.0,38977.29981852825
MVI_40161,2,1,partial,medium,33,UKF + CTRV,0.7741860183925302,0.7719367538808627,1.0,25508.964568624375
MVI_40161,2,6,partial,medium,36,KF + CV,0.7731072924500104,0.7726775671926848,1.0,11062.438467890779
MVI_40161,2,6,partial,medium,36,EKF + CTRV,0.6085224475344616,0.6039870697595265,1.0,12242.414689988775
MVI_40161,2,6,partial,medium,36,UKF + CTRV,0.7689631443804477,0.764100392963358,1.0,6287.62560350972
MVI_40161,5,0,partial,medium,28,KF + CV,0.0544579462763162,-0.12894873815681715,1.0,5365.83049074261
MVI_40161,5,0,partial,medium,28,EKF + CTRV,0.04842705578404344,-0.14053534221769168,1.0,11910.396355690307
MVI_40161,5,0,partial,medium,28,UKF + CTRV,0.14102739199821007,0.006959916362391294,1.0,8462.388403487992
MVI_40161,6,0,partial,long,60,KF + CV,0.0,-1.1878159336152418,inf,45754.89479932622
MVI_40161,6,0,partial,long,60,EKF + CTRV,0.0,-1.1667910253509413,inf,727601.3672735491
MVI_40161,6,0,partial,long,60,UKF + CTRV,0.0,-1.284365798783478,inf,109622.8620061352
MVI_40161,10,0,partial,long,50,KF + CV,0.0,-0.5376397211012512,5.800000000000004,12220.311441854217
MVI_40161,10,0,partial,long,50,EKF + CTRV,0.0,-0.5447419526848831,6.0000000000000036,46932.88984466987
MVI_40161,10,0,partial,long,50,UKF + CTRV,0.0,-0.3507124896861488,2.5000000000000013,13047.978859729672
MVI_40161,11,1,partial,long,38,KF + CV,0.0,-0.2894638858427417,1.7000000000000006,6168.72967607321
MVI_40161,11,1,partial,long,38,EKF + CTRV,0.0,-0.2949762027489538,1.5000000000000004,13623.080912815421
MVI_40161,11,1,partial,long,38,UKF + CTRV,0.035516278376503715,-0.14272097102943082,1.0,6440.652158176388
MVI_40161,16,0,partial,long,67,KF + CV,0.0,-0.8119633154487329,inf,100830.45694116787
MVI_40161,16,0,partial,long,67,EKF + CTRV,0.0,-0.8552321491531899,inf,4232763.574136428
MVI_40161,16,0,partial,long,67,UKF + CTRV,0.0,-0.797172444613453,inf,97902.73196505253
MVI_40161,33,0,partial,medium,28,KF + CV,0.3522363815091004,0.3294648660426732,1.0,17050.56279466251
MVI_40161,33,0,partial,medium,28,EKF + CTRV,0.2272531279188684,0.16398478152190404,1.0,74544.17794173771
MVI_40161,33,0,partial,medium,28,UKF + CTRV,0.14928354513453002,0.06158353216393027,1.0,27462.61451926293
MVI_40161,50,0,partial,medium,33,KF + CV,0.0,-0.3515513691651425,2.000000000000001,18542.15112243997
MVI_40161,50,0,partial,medium,33,EKF + CTRV,0.0,-0.39702289779061106,2.8000000000000016,133247.40495860833
MVI_40161,50,0,partial,medium,33,UKF + CTRV,0.08768573685882391,-0.08233134094938063,1.0,44837.942144932334
MVI_40161,61,0,partial,medium,23,KF + CV,0.11864373423706107,0.10143821495963208,1.0,25290.577610119235
MVI_40161,61,0,partial,medium,23,EKF + CTRV,0.05545269650678785,0.01098718408731221,1.0,54932.19524769187
MVI_40161,61,0,partial,medium,23,UKF + CTRV,0.1000117088703201,0.08224791476355682,1.0,18111.233496675806
MVI_40161,61,1,partial,medium,25,KF + CV,0.5322307072041097,0.513315315286023,1.0,14257.843456497514
MVI_40161,61,1,partial,medium,25,EKF + CTRV,0.5065134178248526,0.48663109234666063,1.0,15506.63908233799
MVI_40161,61,1,partial,medium,25,UKF + CTRV,0.6331108452857916,0.6258988655685248,1.0,8660.508396155681
MVI_40162,16,2,partial,long,65,KF + CV,0.0,-0.9348943868783112,inf,20041.628534902575
MVI_40162,16,2,partial,long,65,EKF + CTRV,0.0,-0.9402844391527144,inf,242194.0602141503
MVI_40162,16,2,partial,long,65,UKF + CTRV,0.0,-0.8866550872193726,inf,30660.155557485527
MVI_40162,31,0,partial,medium,31,KF + CV,0.022735782090004656,-0.18681339665593558,1.0,2423.962108224366
MVI_40162,31,0,partial,medium,31,EKF + CTRV,0.016442851918426843,-0.19766061411109057,1.0,4824.506713765442
MVI_40162,31,0,partial,medium,31,UKF + CTRV,0.12506580803558953,-0.018398821903426676,1.0,2986.3724285081225
MVI_40162,32,1,partial,medium,29,KF + CV,0.19198309706708863,0.10080259253504602,1.0,1845.712915441427
MVI_40162,32,1,partial,medium,29,EKF + CTRV,0.11584908044824807,0.008578565649120157,1.0,2969.497018790453
MVI_40162,32,1,partial,medium,29,UKF + CTRV,0.06382573280125863,-0.0806883235601119,1.0,1364.751940435874
MVI_40162,35,0,partial,medium,30,KF + CV,0.0,-0.5025294508624669,7.500000000000005,4113.663218146537
MVI_40162,35,0,partial,medium,30,EKF + CTRV,0.0,-0.5054135143145353,7.400000000000006,13391.27441345555
MVI_40162,35,0,partial,medium,30,UKF + CTRV,0.0,-0.4508926297807286,5.700000000000005,9559.755035653156
MVI_40162,40,0,partial,medium,29,KF + CV,0.5578229024298201,0.5322242231474575,1.0,37636.24247110187
MVI_40162,40,0,partial,medium,29,EKF + CTRV,0.3292416108514916,0.29245789536101224,1.0,49073.48569620561
MVI_40162,40,0,partial,medium,29,UKF + CTRV,0.5316356691799978,0.5187480390250832,1.0,16665.93734206459
MVI_40162,40,1,partial,medium,22,KF + CV,0.7252778160552203,0.7196228080785079,1.0,10627.88380496818
MVI_40162,40,1,partial,medium,22,EKF + CTRV,0.676113385106846,0.6698364338065874,1.0,9216.901163936967
MVI_40162,40,1,partial,medium,22,UKF + CTRV,0.7357387557189996,0.730290390041288,1.0,7834.201772218539
MVI_40162,40,2,partial,medium,20,KF + CV,0.8752479440598864,0.8752348722755715,1.0,8761.76468667232
MVI_40162,40,2,partial,medium,20,EKF + CTRV,0.8752479440598864,0.8752329299990226,1.0,6387.928608482291
MVI_40162,40,2,partial,medium,20,UKF + CTRV,0.8752479440598888,0.8752360843747308,1.0,6360.167410699221
MVI_40162,40,4,partial,medium,28,KF + CV,0.8274337236547825,0.8267683115458856,1.0,18189.18651317358
MVI_40162,40,4,partial,medium,28,EKF + CTRV,0.8386240461135716,0.8384546386120528,1.0,12860.26263981468
MVI_40162,40,4,partial,medium,28,UKF + CTRV,0.8386240461135666,0.8384728869299302,1.0,12772.9835089038
MVI_40162,40,7,partial,medium,21,KF + CV,0.9219163649041465,0.9214358224788627,1.0,10006.874989685304
MVI_40162,40,7,partial,medium,21,EKF + CTRV,0.922337764602718,0.9218335943147288,1.0,7264.601760400861
MVI_40162,40,7,partial,medium,21,UKF + CTRV,0.9208918396743861,0.9203779408102377,1.0,7225.671868322327
MVI_40162,40,8,partial,medium,24,KF + CV,0.8221725419019678,0.8206148327220166,1.0,12742.57796741294
MVI_40162,40,8,partial,medium,24,EKF + CTRV,0.9286489545224006,0.9277345856537171,1.0,9286.889181587418
MVI_40162,40,8,partial,medium,24,UKF + CTRV,0.9303161041055408,0.9293963475679954,1.0,9097.399008266055
MVI_40162,40,9,partial,long,75,KF + CV,0.5421798797541413,0.5162678806439516,1.0,146646.16958085328
MVI_40162,40,9,partial,long,75,EKF + CTRV,0.4895708816065322,0.46287093853225175,1.0,159171.29382226907
MVI_40162,40,9,partial,long,75,UKF + CTRV,0.4042984353187504,0.3610611389842781,1.0,99711.69285400069
MVI_40162,40,10,partial,medium,37,KF + CV,0.8755033198285852,0.8750690540971128,1.0,9848.590016708657
MVI_40162,40,10,partial,medium,37,EKF + CTRV,0.5933171037990791,0.5851467818068224,1.0,10986.388478814719
MVI_40162,40,10,partial,medium,37,UKF + CTRV,0.601640061994941,0.592604588047665,1.0,6789.542221767758
MVI_40162,44,0,partial,medium,26,KF + CV,0.3252343532883072,0.2480551015492526,1.0,1199.765749200395
MVI_40162,44,0,partial,medium,26,EKF + CTRV,0.2115939810938546,0.12895625114014242,1.0,1904.5499426034207
MVI_40162,44,0,partial,medium,26,UKF + CTRV,0.3602314219320543,0.31591882957560086,1.0,1380.7286492567985
MVI_40162,50,0,partial,medium,31,KF + CV,0.12512213660616886,-0.036040594735707976,1.0,1560.7315985192386
MVI_40162,50,0,partial,medium,31,EKF + CTRV,0.060744429561121006,-0.11886891883451567,1.0,3019.06564903861
MVI_40162,50,0,partial,medium,31,UKF + CTRV,0.11828271423699586,-0.008418814068367794,1.0,1829.6227825553858
MVI_40162,72,0,partial,medium,29,KF + CV,0.08796496562364008,-0.074244950739642,1.0,2320.991783091564
MVI_40162,72,0,partial,medium,29,EKF + CTRV,0.08570316162176464,-0.08948832787818553,1.0,4049.35737802924
MVI_40162,72,0,partial,medium,29,UKF + CTRV,0.24889392296044394,0.13468616882025697,1.0,2632.5538898075947
MVI_40171,8,3,partial,medium,26,KF + CV,0.7245001964310688,0.721702098221032,1.0,17232.15209416318
MVI_40171,8,3,partial,medium,26,EKF + CTRV,0.4684368814941231,0.46084228497129603,1.0,19035.955531590578
MVI_40171,8,3,partial,medium,26,UKF + CTRV,0.7486810643002428,0.7478943515077675,1.0,11532.66288792019
MVI_40171,8,4,partial,medium,25,KF + CV,0.7771760785326057,0.7739635316993034,1.0,25140.29356535846
MVI_40171,8,4,partial,medium,25,EKF + CTRV,0.786228390451362,0.7831794382994015,1.0,22784.190621368154
MVI_40171,8,4,partial,medium,25,UKF + CTRV,0.7867460462075715,0.7839723051142183,1.0,18342.46033726815
MVI_40171,8,7,partial,medium,32,KF + CV,0.8039671326116804,0.7983902890397307,1.0,49101.000159043804
MVI_40171,8,7,partial,medium,32,EKF + CTRV,0.7678191542357864,0.7617155710457054,1.0,49567.54532855807
MVI_40171,8,7,partial,medium,32,UKF + CTRV,0.7756902013594078,0.768925146364385,1.0,34930.46429346161
MVI_40171,8,8,partial,medium,28,KF + CV,0.8512133254982331,0.8487939429957692,1.0,40550.61350770334
MVI_40171,8,8,partial,medium,28,EKF + CTRV,0.8269196716162731,0.8243714432716228,1.0,43793.88972445994
MVI_40171,8,8,partial,medium,28,UKF + CTRV,0.8091411573550262,0.8042582333068093,1.0,30582.15243410534
MVI_40171,11,0,partial,medium,27,KF + CV,0.035708997022095866,-0.17396458417688815,1.0,3292.887306705342
MVI_40171,11,0,partial,medium,27,EKF + CTRV,0.03476654118287173,-0.162953665662838,1.0,10713.556734336926
MVI_40171,11,0,partial,medium,27,UKF + CTRV,0.0,-0.2651852070830541,1.5000000000000004,2880.505519490072
MVI_40171,31,0,partial,medium,26,KF + CV,0.30389982467150184,0.20145432815314196,1.0,5760.048127921567
MVI_40171,31,0,partial,medium,26,EKF + CTRV,0.23441372714933026,0.135587311280355,1.0,11246.134759246039
MVI_40171,31,0,partial,medium,26,UKF + CTRV,0.17966584921715123,0.05728284160846517,1.0,8038.262441230088
MVI_40171,40,0,partial,medium,23,KF + CV,0.0,-0.33260526161146015,2.200000000000001,6472.936374680042
MVI_40171,40,0,partial,medium,23,EKF + CTRV,0.0,-0.3289886120907727,2.200000000000001,15465.088143626313
MVI_40171,40,0,partial,medium,23,UKF + CTRV,0.0,-0.34285081846123017,2.300000000000001,11993.999479163936
MVI_40171,41,1,partial,long,52,KF + CV,0.9778815799213068,0.9778815371429259,1.0,27401.301793615872
MVI_40171,41,1,partial,long,52,EKF + CTRV,0.9044460249651365,0.9042230457278597,1.0,18856.511714112847
MVI_40171,41,1,partial,long,52,UKF + CTRV,0.9020771773739154,0.9018388360099754,1.0,18677.018404197093
MVI_40172,40,0,partial,medium,29,KF + CV,0.0,-0.3268218183162069,2.8000000000000016,6072.340038770369
MVI_40172,40,0,partial,medium,29,EKF + CTRV,0.0,-0.3114059552949004,2.5000000000000013,32314.51486149954
MVI_40172,40,0,partial,medium,29,UKF + CTRV,0.0,-0.37134243055549077,3.8000000000000025,5482.68564519612
MVI_40172,56,0,partial,medium,28,KF + CV,0.0,-0.32551346458675656,1.9000000000000008,8403.89690697927
MVI_40172,56,0,partial,medium,28,EKF + CTRV,0.0,-0.3253825285352423,1.9000000000000008,24787.190247714185
MVI_40172,56,0,partial,medium,28,UKF + CTRV,0.0,-0.3567587380940063,2.100000000000001,17867.433013534737
MVI_40172,57,0,partial,medium,37,KF + CV,0.0,-0.4897516455131546,4.100000000000003,19109.82619210219
MVI_40172,57,0,partial,medium,37,EKF + CTRV,0.0,-0.476175986168176,3.9000000000000026,88406.14442335226
MVI_40172,57,0,partial,medium,37,UKF + CTRV,0.0,-0.5237620037219733,4.800000000000003,17121.998341364502
MVI_40172,60,0,partial,long,44,KF + CV,0.0,-0.4728324152557504,4.5000000000000036,22930.814719673715
MVI_40172,60,0,partial,long,44,EKF + CTRV,0.0,-0.46051713218999935,4.3000000000000025,86085.40319846183
MVI_40172,60,0,partial,long,44,UKF + CTRV,0.0,-0.5090665067281901,5.300000000000004,18081.54771939205
MVI_40172,65,0,partial,medium,29,KF + CV,0.03851325499222449,0.03641319330439239,1.0,91667.00629724778
MVI_40172,65,0,partial,medium,29,EKF + CTRV,0.03851325499222449,0.027428527689368043,1.0,202271.2076042814
MVI_40172,65,0,partial,medium,29,UKF + CTRV,0.038513254992224716,0.03494549905265702,1.0,118006.173397833
MVI_40172,99,0,partial,long,50,KF + CV,0.7838408682376304,0.7833465138906344,1.0,27606.64078762817
MVI_40172,99,0,partial,long,50,EKF + CTRV,0.7838408682376304,0.7837716735975658,1.0,19072.83719923497
MVI_40172,99,0,partial,long,50,UKF + CTRV,0.7838408682376271,0.7837741271075134,1.0,18885.342731154382
MVI_40172,99,1,partial,long,74,KF + CV,0.9973121407948761,0.997312140149803,1.0,71830.61006979668
MVI_40172,99,1,partial,long,74,EKF + CTRV,0.994270117200016,0.9942697193652253,1.0,48607.91488192081
MVI_40172,99,1,partial,long,74,UKF + CTRV,0.9942684995670266,0.9942680877322405,1.0,48497.83557682674
MVI_40172,99,2,partial,long,40,KF + CV,0.9517235143671801,0.9516494650240983,1.0,12378.878928369793
MVI_40172,99,2,partial,long,40,EKF + CTRV,0.9401117117835066,0.9399723213059354,1.0,8802.604902271418
MVI_40172,99,2,partial,long,40,UKF + CTRV,0.9338334930557084,0.9336529122345268,1.0,8540.640550600954
MVI_40172,105,0,partial,long,52,KF + CV,0.9704985755439693,0.9704984440152779,1.0,18211.511146922014
MVI_40172,105,0,partial,long,52,EKF + CTRV,0.9242936632514757,0.9240098933312139,1.0,12475.757388568392
MVI_40172,105,0,partial,long,52,UKF + CTRV,0.9242936632514643,0.9240098933312024,1.0,12412.977144859151
MVI_40172,105,1,partial,long,45,KF + CV,0.9967352557992648,0.9967352510002672,1.0,12985.602892735049
MVI_40172,105,1,partial,long,45,EKF + CTRV,0.9867144441801491,0.9867030987480755,1.0,8965.496129460787
MVI_40172,105,1,partial,long,45,UKF + CTRV,0.98668086452152,0.9866693583355314,1.0,8908.231223466357
MVI_40172,105,2,partial,medium,21,KF + CV,0.998039202974151,0.9980391825154408,1.0,2241.860795522155
MVI_40172,105,2,partial,medium,21,EKF + CTRV,0.993899077108975,0.9938967885370789,1.0,1641.0188397891047
MVI_40172,105,2,partial,medium,21,UKF + CTRV,0.9938864236049035,0.9938841046298419,1.0,1617.6448564163748
MVI_40172,105,3,partial,long,39,KF + CV,0.9846336559552409,0.9846336502373342,1.0,10670.95750521248
MVI_40172,105,3,partial,long,39,EKF + CTRV,0.9767843292527585,0.9767806671613873,1.0,7411.930779671093
MVI_40172,105,3,partial,long,39,UKF + CTRV,0.9767789873535563,0.9767753148397664,1.0,7367.716945192591
MVI_40181,3,5,partial,medium,26,KF + CV,0.7097210281073641,0.7093427428360917,1.0,1120.819936566201
MVI_40181,3,5,partial,medium,26,EKF + CTRV,0.2831376494699194,0.28045061014000555,1.0,1797.2355301744167
MVI_40181,3,5,partial,medium,26,UKF + CTRV,0.48689522646535793,0.4862076790957336,1.0,1187.4609021878236
MVI_40181,8,2,partial,medium,25,KF + CV,0.9477529833980094,0.9471985352517248,1.0,17989.653553763124
MVI_40181,8,2,partial,medium,25,EKF + CTRV,0.8954604470907481,0.894824961780253,1.0,17962.897271506143
MVI_40181,8,2,partial,medium,25,UKF + CTRV,0.9018970967506097,0.9009378392367571,1.0,13337.423687983633
MVI_40181,8,3,partial,medium,22,KF + CV,0.9081165287260721,0.9080289793014998,1.0,7412.209755814221
MVI_40181,8,3,partial,medium,22,EKF + CTRV,0.7287984642780678,0.7282724022233371,1.0,8462.86721623008
MVI_40181,8,3,partial,medium,22,UKF + CTRV,0.7218896646174782,0.7207427003026775,1.0,5733.42916413299
MVI_40181,8,4,partial,long,55,KF + CV,0.8075973352628301,0.8075312539905987,1.0,25064.902189200966
MVI_40181,8,4,partial,long,55,EKF + CTRV,0.8075973352628301,0.8075771668054459,1.0,17148.13299151303
MVI_40181,8,4,partial,long,55,UKF + CTRV,0.8075973352628377,0.8075594999959539,1.0,17081.36135762417
MVI_40181,8,5,partial,medium,24,KF + CV,1.0,1.0,1.0,4439.458053715574
MVI_40181,8,5,partial,medium,24,EKF + CTRV,1.0,1.0,1.0,3190.0306375333553
MVI_40181,8,5,partial,medium,24,UKF + CTRV,0.9999999999999971,0.9999999999999971,1.0,3164.432504289014
MVI_40181,8,7,partial,medium,32,KF + CV,0.5460835430873876,0.5456155075368615,1.0,3013.4851840576653
MVI_40181,8,7,partial,medium,32,EKF + CTRV,0.3361730986639716,0.3335769480514202,1.0,4100.871187610608
MVI_40181,8,7,partial,medium,32,UKF + CTRV,0.10960087711133093,0.08076749140786774,1.0,1365.2888966742562
MVI_40181,14,0,partial,medium,20,KF + CV,0.0,-0.244323335725775,1.1,1889.027912216175
MVI_40181,14,0,partial,medium,20,EKF + CTRV,0.0,-0.24762001959675206,1.2000000000000002,4092.634728419637
MVI_40181,14,0,partial,medium,20,UKF + CTRV,0.007540271852723748,-0.21853633794442198,1.0,3557.2125683440645
MVI_40181,56,0,partial,medium,29,KF + CV,0.0,-0.32979049736141086,1.8000000000000007,5070.8938441995615
MVI_40181,56,0,partial,medium,29,EKF + CTRV,0.0,-0.33729065516315027,1.9000000000000008,11865.652994057713
MVI_40181,56,0,partial,medium,29,UKF + CTRV,0.0,-0.27834884076687055,1.4000000000000004,7914.642286441727
MVI_40181,57,0,partial,medium,23,KF + CV,0.29343707398769053,0.2906212642675538,1.0,28915.761631974896
MVI_40181,57,0,partial,medium,23,EKF + CTRV,0.31349706988197723,0.31002783747928925,1.0,39953.57176325378
MVI_40181,57,0,partial,medium,23,UKF + CTRV,0.297687738685493,0.2922827691345576,1.0,24017.10428290293
MVI_40181,57,1,partial,medium,23,KF + CV,0.8221394912738204,0.8188975910264543,1.0,3233.893529477826
MVI_40181,57,1,partial,medium,23,EKF + CTRV,0.7519492267068261,0.7485516072040761,1.0,3033.686276797336
MVI_40181,57,1,partial,medium,23,UKF + CTRV,0.7476149838230847,0.7444688602266621,1.0,2393.2577515215316
MVI_40181,57,2,partial,medium,32,KF + CV,0.9814352029036216,0.9814345340839845,1.0,7417.536784697317
MVI_40181,57,2,partial,medium,32,EKF + CTRV,0.9814352029036216,0.9814352029036216,1.0,5213.703235800624
MVI_40181,57,2,partial,medium,32,UKF + CTRV,0.9814352029036219,0.9814352029036219,1.0,5179.413125236165
MVI_40181,57,4,partial,medium,22,KF + CV,0.9878518086764816,0.987816922551051,1.0,3138.8999322272043
MVI_40181,57,4,partial,medium,22,EKF + CTRV,0.9878518086764816,0.987816922551051,1.0,2289.464362902889
MVI_40181,57,4,partial,medium,22,UKF + CTRV,0.9829165867056823,0.9828475792441302,1.0,2255.428615687749
MVI_40181,57,6,partial,medium,24,KF + CV,0.8730430082139391,0.8726985364408826,1.0,4439.458053715574
MVI_40181,57,6,partial,medium,24,EKF + CTRV,0.8730430082139391,0.8726985364408826,1.0,3190.0306375333553
MVI_40181,57,6,partial,medium,24,UKF + CTRV,0.8730430082139395,0.872698536440883,1.0,3164.4325042890164
MVI_40181,57,7,partial,medium,24,KF + CV,0.8063654157729679,0.8043870898633688,1.0,2728.5514371434674
MVI_40181,57,7,partial,medium,24,EKF + CTRV,0.803431161409058,0.801407223511538,1.0,3310.716265144981
MVI_40181,57,7,partial,medium,24,UKF + CTRV,0.7612459075155473,0.756321892282975,1.0,2155.649368017192
MVI_40181,65,0,partial,medium,20,KF + CV,0.03169804361275353,-0.1689001541269441,1.0,9797.306629433757
MVI_40181,65,0,partial,medium,20,EKF + CTRV,0.12900572107515212,-0.018729910658177557,1.0,37179.44441082247
MVI_40181,65,0,partial,medium,20,UKF + CTRV,0.0,-0.2216415042935493,1.1,11207.963990426073
MVI_40181,67,0,partial,medium,22,KF + CV,0.23288939085750476,0.22389166178677633,1.0,29830.15836598426
MVI_40181,67,0,partial,medium,22,EKF + CTRV,0.20028527136445312,0.18460616664953886,1.0,58044.330349654774
MVI_40181,67,0,partial,medium,22,UKF + CTRV,0.22835477204426044,0.22526055958129867,1.0,24738.02018829285
MVI_40181,67,2,partial,medium,23,KF + CV,0.8523888212910782,0.8510613621599773,1.0,13248.048168007641
MVI_40181,67,2,partial,medium,23,EKF + CTRV,0.8523888212910785,0.8510368274029313,1.0,10389.29765198785
MVI_40181,67,2,partial,medium,23,UKF + CTRV,0.8523888212910774,0.8508670646817138,1.0,9513.032830974702
MVI_40181,67,4,partial,medium,22,KF + CV,1.0,1.0,1.0,13842.711022158748
MVI_40181,67,4,partial,medium,22,EKF + CTRV,1.0,1.0,1.0,9961.98723280251
MVI_40181,67,4,partial,medium,22,UKF + CTRV,0.9999999999999983,0.9999999999999983,1.0,9938.339710434602
MVI_40181,67,6,partial,medium,32,KF + CV,0.8183234329090614,0.8111265746215657,1.0,22931.404857020072
MVI_40181,67,6,partial,medium,32,EKF + CTRV,0.775697586495944,0.7686264019032599,1.0,27443.632938181254
MVI_40181,67,6,partial,medium,32,UKF + CTRV,0.7788397848349278,0.767941093878574,1.0,16476.918775142814
MVI_40181,67,7,partial,medium,28,KF + CV,0.5038941263620055,0.4939004448207889,1.0,6515.206554481926
MVI_40181,67,7,partial,medium,28,EKF + CTRV,0.47131510069608107,0.4606575896707876,1.0,8213.162518548497
MVI_40181,67,7,partial,medium,28,UKF + CTRV,0.5038941263620085,0.5014180151902579,1.0,4480.609828786862
MVI_40181,82,0,partial,medium,26,KF + CV,0.05762641896447337,-0.13531298706919115,1.0,4384.440727738444
MVI_40181,82,0,partial,medium,26,EKF + CTRV,0.04364478495394878,-0.1514848391246367,1.0,9025.246736957663
MVI_40181,82,0,partial,medium,26,UKF + CTRV,0.119895710858418,-0.03313218254959198,1.0,6757.148354245488
MVI_40191,38,1,partial,long,82,KF + CV,0.0,-0.5522168592493405,5.700000000000005,22910.31620811793
MVI_40191,38,1,partial,long,82,EKF + CTRV,0.0,-0.6205933562873915,8.600000000000007,182879.6226634352
MVI_40191,38,1,partial,long,82,UKF + CTRV,0.0,-0.6331973797359391,9.100000000000007,13190.145285748682
MVI_40191,85,2,partial,medium,27,KF + CV,0.3889334278167159,0.34737867514979726,1.0,1783.4276885994136
MVI_40191,85,2,partial,medium,27,EKF + CTRV,0.3493909798198815,0.3033255376844882,1.0,2321.440756945174
MVI_40191,85,2,partial,medium,27,UKF + CTRV,0.07853333683047624,-0.05506946783277801,1.0,1480.7263420552445
MVI_40191,91,0,partial,long,41,KF + CV,0.0,-0.320784272860909,2.000000000000001,8805.60688510107
MVI_40191,91,0,partial,long,41,EKF + CTRV,0.0,-0.3632081821427733,3.200000000000002,18266.097529393355
MVI_40191,91,0,partial,long,41,UKF + CTRV,0.0,-0.282372554856877,2.200000000000001,7087.560552591223
MVI_40191,97,1,partial,medium,20,KF + CV,0.3121220108520204,0.28355272190340935,1.0,554.6216210080195
MVI_40191,97,1,partial,medium,20,EKF + CTRV,0.2922584121556299,0.2527133969819222,1.0,696.6730619514315
MVI_40191,97,1,partial,medium,20,UKF + CTRV,0.3156653494063459,0.30547434700721643,1.0,386.70291040331773
MVI_40191,222,0,partial,long,39,KF + CV,0.35540507793626386,0.3030074836459437,1.0,3263.8730003875226
MVI_40191,222,0,partial,long,39,EKF + CTRV,0.31537696592928666,0.2588600691068624,1.0,4527.2072144473
MVI_40191,222,0,partial,long,39,UKF + CTRV,0.3079162594187145,0.2502582642751774,1.0,1621.8265560160987
MVI_40191,223,0,partial,medium,35,KF + CV,0.2284225199575383,0.14685716795378523,1.0,2255.6691017970306
MVI_40191,223,0,partial,medium,35,EKF + CTRV,0.22807039820015104,0.13985786058649347,1.0,2989.643541434548
MVI_40191,223,0,partial,medium,35,UKF + CTRV,0.418212620669457,0.3832841180141907,1.0,1152.9107314277412
MVI_40191,231,0,partial,medium,27,KF + CV,0.33015457643087087,0.2730249688777801,1.0,1253.5985693617126
MVI_40191,231,0,partial,medium,27,EKF + CTRV,0.317289443571047,0.2579854172460279,1.0,1795.6441990777687
MVI_40191,231,0,partial,medium,27,UKF + CTRV,0.5916384624283916,0.5751349331169042,1.0,1144.670457910903
MVI_40191,232,0,partial,long,83,KF + CV,0.0,-0.6802109702863627,inf,44269.02388856142
MVI_40191,232,0,partial,long,83,EKF + CTRV,0.0,-0.741017083329928,inf,133888.22612273064
MVI_40191,232,0,partial,long,83,UKF + CTRV,0.0,-0.6166984395292953,10.800000000000008,26635.05813342168
MVI_40191,241,0,partial,long,61,KF + CV,0.0,-0.4565258837080647,3.7000000000000024,25250.20049783534
MVI_40191,241,0,partial,long,61,EKF + CTRV,0.0,-0.6389804947357963,6.700000000000005,224015.26860751052
MVI_40191,241,0,partial,long,61,UKF + CTRV,0.0,-0.6216564571605289,8.000000000000005,17132.41292469688
MVI_40191,242,0,partial,long,61,KF + CV,0.0,-0.2650136672592066,1.4000000000000004,10040.567876785419
MVI_40191,242,0,partial,long,61,EKF + CTRV,0.0,-0.3324951555112092,2.100000000000001,20781.83681324988
MVI_40191,242,0,partial,long,61,UKF + CTRV,0.2103914618384812,0.11766566968057177,1.0,4874.873957991243
MVI_40191,263,0,partial,long,63,KF + CV,0.0,-0.548648053555995,inf,10438.950672083263
MVI_40191,263,0,partial,long,63,EKF + CTRV,0.0,-0.543359003361168,inf,28751.521958116642
MVI_40191,263,0,partial,long,63,UKF + CTRV,0.0,-0.310988344660223,9.100000000000007,6112.312363954076
MVI_40191,275,0,partial,medium,30,KF + CV,0.6869806234140055,0.6790169410095223,1.0,1437.810175310387
MVI_40191,275,0,partial,medium,30,EKF + CTRV,0.4996853906151915,0.46879427243263505,1.0,1881.0316238256446
MVI_40191,275,0,partial,medium,30,UKF + CTRV,0.0,-0.2727231321270553,1.6000000000000005,888.7696911130387
MVI_40191,279,1,partial,long,51,KF + CV,0.0,-0.45668325816108857,3.8000000000000025,7798.083499668253
MVI_40191,279,1,partial,long,51,EKF + CTRV,0.0,-0.4773103995860823,5.900000000000004,21686.05092743327
MVI_40191,279,1,partial,long,51,UKF + CTRV,0.0,-0.3459534569241826,3.9000000000000026,5211.264929550865
MVI_40191,292,0,partial,medium,30,KF + CV,0.4431452448333648,0.41310368378146134,1.0,2224.328104242274
MVI_40191,292,0,partial,medium,30,EKF + CTRV,0.43589709519832515,0.40159013050624903,1.0,2625.491715868112
MVI_40191,292,0,partial,medium,30,UKF + CTRV,0.6770755006386466,0.6683957412854685,1.0,1350.885456311101
MVI_40191,304,0,partial,medium,22,KF + CV,0.3843767615809305,0.34054218576129225,1.0,795.4750317376045
MVI_40191,304,0,partial,medium,22,EKF + CTRV,0.38821719110318864,0.3398144768129387,1.0,926.0189340023711
MVI_40191,304,0,partial,medium,22,UKF + CTRV,0.24378625922804004,0.15807669783178036,1.0,720.4034144058525
MVI_40192,30,0,partial,long,73,KF + CV,6.331867632196397e-06,-0.19822510182984845,1.0,59897.30039434185
MVI_40192,30,0,partial,long,73,EKF + CTRV,0.0,-0.6147642493899066,6.100000000000005,300351.1113010531
MVI_40192,30,0,partial,long,73,UKF + CTRV,0.0,-0.5805598744982774,5.300000000000004,31421.50277006871
MVI_40192,42,0,partial,medium,20,KF + CV,0.2690721406135656,0.21882873917827209,1.0,428.6536480728636
MVI_40192,42,0,partial,medium,20,EKF + CTRV,0.27519468193076696,0.21674369713328523,1.0,569.291663472525
MVI_40192,42,0,partial,medium,20,UKF + CTRV,0.23221263611115528,0.1617519192674442,1.0,385.8037729268578
MVI_40192,49,0,partial,long,50,KF + CV,0.0,-0.30810485312435126,2.6000000000000014,8080.453641127299
MVI_40192,49,0,partial,long,50,EKF + CTRV,0.0,-0.4632412726116472,4.900000000000004,13550.30729597705
MVI_40192,49,0,partial,long,50,UKF + CTRV,0.0,-0.46144353069191085,4.900000000000004,4284.6665312789655
MVI_40192,128,0,partial,medium,23,KF + CV,0.32491932481124236,0.27270248289099824,1.0,1124.7255065235229
MVI_40192,128,0,partial,medium,23,EKF + CTRV,0.31320154383158066,0.25989538539352247,1.0,1468.0620054671335
MVI_40192,128,0,partial,medium,23,UKF + CTRV,0.4734578704836157,0.4464237385339354,1.0,1061.5317312719262
MVI_40192,132,0,partial,medium,26,KF + CV,0.2813207562382383,0.21638309767775515,1.0,1045.605117682359
MVI_40192,132,0,partial,medium,26,EKF + CTRV,0.0,-0.23926113037737531,1.8000000000000007,1120.053525869903
MVI_40192,132,0,partial,medium,26,UKF + CTRV,0.10689771568575437,-0.008652890059260884,1.0,667.8401863974391
MVI_40192,176,0,partial,medium,22,KF + CV,0.2649712547520453,0.17978419622562664,1.0,1387.6721974040024
MVI_40192,176,0,partial,medium,22,EKF + CTRV,0.11513664760205816,-0.019833715445589956,1.0,2249.9471095656277
MVI_40192,176,0,partial,medium,22,UKF + CTRV,0.13384837630886562,0.017136363718267628,1.0,1808.3614390474006
MVI_40192,249,0,partial,long,69,KF + CV,0.0,-0.3285165255751506,2.100000000000001,30846.43161976601
MVI_40192,249,0,partial,long,69,EKF + CTRV,0.0,-0.32716966627179483,2.200000000000001,51605.07919323736
MVI_40192,249,0,partial,long,69,UKF + CTRV,0.0,-0.40262954768566667,4.400000000000003,12163.414642539065
MVI_40192,289,0,partial,medium,31,KF + CV,0.006658593032177569,-0.21429741731396612,1.0,4530.591352765133
MVI_40192,289,0,partial,medium,31,EKF + CTRV,0.0,-0.2388287657802166,1.3000000000000003,7781.4553726199565
MVI_40192,289,0,partial,medium,31,UKF + CTRV,0.07807662440949861,-0.07716629834280578,1.0,4736.5147140761155
MVI_40192,291,0,partial,medium,22,KF + CV,0.0821547247079599,-0.05264591913391237,1.0,1613.183768590128
MVI_40192,291,0,partial,medium,22,EKF + CTRV,0.08502630600019072,-0.04838998227966511,1.0,2407.160909395161
MVI_40192,291,0,partial,medium,22,UKF + CTRV,0.14249698558493978,0.03211338452593586,1.0,1893.9922300235476
MVI_40192,303,0,partial,medium,29,KF + CV,0.19809246106685005,0.13083608357771362,1.0,4531.483612427818
MVI_40192,303,0,partial,medium,29,EKF + CTRV,0.02103187892999894,-0.15558724386480985,1.0,12763.993451976612
MVI_40192,303,0,partial,medium,29,UKF + CTRV,0.0,-0.17523930195592022,1.1,4257.5744254587025
MVI_40201,44,1,partial,medium,22,KF + CV,0.01725502269736202,-0.1904234558722566,1.0,1166.1098389485478
MVI_40201,44,1,partial,medium,22,EKF + CTRV,0.006833553025877395,-0.20942585415487278,1.0,2425.9263786660235
MVI_40201,44,1,partial,medium,22,UKF + CTRV,0.02665881222677108,-0.15663194895111043,1.0,2072.30458359297
MVI_40201,51,0,partial,long,41,KF + CV,0.0,-0.49015365443644654,4.400000000000003,5387.848715269535
MVI_40201,51,0,partial,long,41,EKF + CTRV,0.0,-0.4981866468915129,4.5000000000000036,22183.88375516942
MVI_40201,51,0,partial,long,41,UKF + CTRV,0.0,-0.3619729236370277,2.5000000000000013,10827.77369663711
MVI_40201,55,0,partial,long,42,KF + CV,0.0,-0.5258642805761584,4.000000000000003,5788.730831591819
MVI_40201,55,0,partial,long,42,EKF + CTRV,0.0,-0.5351467855134137,4.200000000000003,31505.896361133477
MVI_40201,55,0,partial,long,42,UKF + CTRV,0.0,-0.409870672821359,2.6000000000000014,14686.68617661291
MVI_40201,69,0,partial,long,55,KF + CV,0.0,-0.8441736604729827,inf,15094.269434566213
MVI_40201,69,0,partial,long,55,EKF + CTRV,0.0,-0.8437083852205549,inf,114553.54925690607
MVI_40201,69,0,partial,long,55,UKF + CTRV,0.0,-0.7277124783533776,inf,24781.418893114504
MVI_40201,78,0,partial,medium,26,KF + CV,0.0,-0.29863277858360826,1.8000000000000007,7293.895295516381
MVI_40201,78,0,partial,medium,26,EKF + CTRV,0.0,-0.2963011492024719,1.8000000000000007,13208.270202146708
MVI_40201,78,0,partial,medium,26,UKF + CTRV,0.0,-0.31405604087835837,2.000000000000001,9954.847202162835
MVI_40201,80,1,partial,long,75,KF + CV,0.0,-0.9088435891714145,inf,44360.26368498923
MVI_40201,80,1,partial,long,75,EKF + CTRV,0.0,-0.9153598159851225,inf,873597.3388871035
MVI_40201,80,1,partial,long,75,UKF + CTRV,0.0,-0.8567879298443737,inf,86578.23577127678
MVI_40201,85,0,partial,long,51,KF + CV,0.0,-0.6548338983696546,9.300000000000006,10379.523354494544
MVI_40201,85,0,partial,long,51,EKF + CTRV,0.0,-0.6606766843504324,9.500000000000007,68557.37739549029
MVI_40201,85,0,partial,long,51,UKF + CTRV,0.0,-0.5007540151258852,4.800000000000003,20294.796177548193
MVI_40201,90,0,partial,long,48,KF + CV,0.0,-0.5878820708037985,6.700000000000005,5512.04876348067
MVI_40201,90,0,partial,long,48,EKF + CTRV,0.0,-0.6038874413796069,7.000000000000005,35476.75438264713
MVI_40201,90,0,partial,long,48,UKF + CTRV,0.0,-0.44926956783383054,3.8000000000000025,10713.783333860203
MVI_40201,91,0,partial,long,67,KF + CV,0.0,-0.9497931964657931,inf,14877.327445919573
MVI_40201,91,0,partial,long,67,EKF + CTRV,0.0,-0.9527489323450856,inf,261240.33580910688
MVI_40201,91,0,partial,long,67,UKF + CTRV,0.0,-0.8972936202065082,inf,27363.566636957614
MVI_40201,94,0,partial,medium,37,KF + CV,0.0,-0.37466251095205283,2.4000000000000012,3256.2085349480894
MVI_40201,94,0,partial,medium,37,EKF + CTRV,0.0,-0.3788718583838865,2.4000000000000012,12100.847279323438
MVI_40201,94,0,partial,medium,37,UKF + CTRV,0.0,-0.2679801610410283,1.4000000000000004,6835.473317049121
MVI_40201,107,0,partial,medium,37,KF + CV,0.0,-0.4766949903181717,4.000000000000003,6782.770005182816
MVI_40201,107,0,partial,medium,37,EKF + CTRV,0.0,-0.5129596664656971,4.800000000000003,44377.80700662999
MVI_40201,107,0,partial,medium,37,UKF + CTRV,0.0,-0.39867028240923996,2.9000000000000017,16549.995674728158
MVI_40201,117,0,partial,medium,37,KF + CV,0.0,-0.3650311948947373,2.9000000000000017,9856.772996173804
MVI_40201,117,0,partial,medium,37,EKF + CTRV,0.0,-0.3643844559271246,3.0000000000000018,20308.006492366836
MVI_40201,117,0,partial,medium,37,UKF + CTRV,0.0,-0.3969569858079906,3.6000000000000023,9994.49077974086
MVI_40204,10,0,partial,medium,32,KF + CV,0.2117885364060424,0.07334414088585492,1.0,1076.1101635531845
MVI_40204,10,0,partial,medium,32,EKF + CTRV,0.13827485925801922,-0.01017717061557516,1.0,2337.097284697487
MVI_40204,10,0,partial,medium,32,UKF + CTRV,0.22587534771779774,0.13721259827595061,1.0,1378.01561718316
MVI_40204,11,0,partial,medium,31,KF + CV,0.1057262565814019,-0.06708756743878565,1.0,1167.3074124642933
MVI_40204,11,0,partial,medium,31,EKF + CTRV,0.0,-0.24051250385621561,1.5000000000000004,2651.964535605075
MVI_40204,11,0,partial,medium,31,UKF + CTRV,0.0,-0.18449048894137116,1.2000000000000002,1490.2132713739309
MVI_40204,30,0,partial,long,71,KF + CV,0.0,-1.0109667912534106,inf,6698.693164711945
MVI_40204,30,0,partial,long,71,EKF + CTRV,0.0,-1.0069322003792704,inf,130494.16506669435
MVI_40204,30,0,partial,long,71,UKF + CTRV,0.0,-0.999006755150092,inf,12056.915197426879
MVI_40204,34,1,partial,medium,25,KF + CV,0.005576922841958359,-0.2215151921725267,1.0,910.3923475238316
MVI_40204,34,1,partial,medium,25,EKF + CTRV,0.0,-0.24026606633871272,1.2000000000000002,2555.3056801521307
MVI_40204,34,1,partial,medium,25,UKF + CTRV,0.06947893571229764,-0.11783452528407988,1.0,2008.6590680410595
MVI_40204,34,2,partial,medium,25,KF + CV,0.24206666651621897,0.15626977077237977,1.0,473.29173836250675
MVI_40204,34,2,partial,medium,25,EKF + CTRV,0.23845183771913933,0.143789155489343,1.0,1102.6948441356378
MVI_40204,34,2,partial,medium,25,UKF + CTRV,0.36774558178120315,0.3186345415444868,1.0,840.2996535021764
MVI_40204,36,0,partial,long,52,KF + CV,0.0,-0.7378039344385857,inf,6041.41436129174
MVI_40204,36,0,partial,long,52,EKF + CTRV,0.0,-0.7385764291849434,inf,40879.60762612204
MVI_40204,36,0,partial,long,52,UKF + CTRV,0.0,-0.5158995650265615,inf,10290.663067425736
MVI_40204,39,0,partial,medium,22,KF + CV,0.03737686729048271,-0.15452569445062578,1.0,513.5306504186577
MVI_40204,39,0,partial,medium,22,EKF + CTRV,0.008276182666046607,-0.21066397613571022,1.0,1102.9150657728499
MVI_40204,39,0,partial,medium,22,UKF + CTRV,0.021349609825551275,-0.17801481792543716,1.0,903.3690914392018
MVI_40204,40,0,partial,long,39,KF + CV,0.0,-0.4925558463750844,7.900000000000006,3265.2897183972314
MVI_40204,40,0,partial,long,39,EKF + CTRV,0.0,-0.5142842716243315,8.400000000000006,11699.229406630859
MVI_40204,40,0,partial,long,39,UKF + CTRV,0.0,-0.3917591836790529,4.700000000000003,5058.310605482255
MVI_40204,49,0,partial,long,46,KF + CV,0.0,-0.6185035516419097,9.800000000000008,6409.987786718401
MVI_40204,49,0,partial,long,46,EKF + CTRV,0.0,-0.6271705247175852,10.300000000000008,43622.87662493244
MVI_40204,49,0,partial,long,46,UKF + CTRV,0.0,-0.4695149089933163,5.100000000000003,17158.11816675872
MVI_40204,67,0,partial,long,58,KF + CV,0.0,-0.6183879106655756,9.900000000000007,5387.551996509479
MVI_40204,67,0,partial,long,58,EKF + CTRV,0.0,-0.618201962209259,9.400000000000007,36004.5884042917
MVI_40204,67,0,partial,long,58,UKF + CTRV,0.0,-0.34529918260673614,4.200000000000003,6349.61845802098
MVI_40204,72,0,partial,medium,33,KF + CV,0.0,-0.45883933576700237,4.100000000000003,4731.833854770628
MVI_40204,72,0,partial,medium,33,EKF + CTRV,0.0,-0.4855002122185479,4.600000000000003,24131.43096791412
MVI_40204,72,0,partial,medium,33,UKF + CTRV,0.0,-0.40127463408442793,3.200000000000002,13988.570837760959
MVI_40204,82,1,partial,long,40,KF + CV,0.0,-0.25395185920523716,1.3000000000000003,2755.79826038589
MVI_40204,82,1,partial,long,40,EKF + CTRV,0.0,-0.2751186088967674,1.5000000000000004,7470.976872825226
MVI_40204,82,1,partial,long,40,UKF + CTRV,0.11306302797164063,-0.017603566895072767,1.0,3232.565607927615
MVI_40204,96,0,partial,long,82,KF + CV,0.0,-0.8399911817259283,inf,37265.6383554425
MVI_40204,96,0,partial,long,82,EKF + CTRV,0.0,-0.8371387782017465,inf,458394.3687660485
MVI_40204,96,0,partial,long,82,UKF + CTRV,0.0,-0.6273011730250877,inf,35402.37945815366
MVI_40204,106,1,partial,long,70,KF + CV,0.0,-0.8046752267645129,inf,10961.4233743001
MVI_40204,106,1,partial,long,70,EKF + CTRV,0.0,-0.8100284718383743,inf,141396.3537492679
MVI_40204,106,1,partial,long,70,UKF + CTRV,0.0,-0.6293571950367176,8.500000000000007,15232.760790885248
MVI_40204,110,0,partial,long,75,KF + CV,0.0,-0.9240489419418574,inf,14621.284079216708
MVI_40204,110,0,partial,long,75,EKF + CTRV,0.0,-0.9210272265285206,inf,194792.2566486506
MVI_40204,110,0,partial,long,75,UKF + CTRV,0.0,-0.8095892105059108,inf,20034.192065280098
MVI_40204,115,0,partial,long,71,KF + CV,0.0,-0.9040750592499047,inf,57761.54961310792
MVI_40204,115,0,partial,long,71,EKF + CTRV,0.0,-0.9045117706572506,inf,585111.3565922885
MVI_40204,115,0,partial,long,71,UKF + CTRV,0.0,-0.8649996115632876,inf,52235.53080813885
MVI_40204,117,0,partial,medium,31,KF + CV,0.09257447040409607,-0.04472492630768281,1.0,1049.3025087716494
MVI_40204,117,0,partial,medium,31,EKF + CTRV,0.13185003485434924,-0.0019178871415158893,1.0,2388.564328140791
MVI_40204,117,0,partial,medium,31,UKF + CTRV,0.319083106694988,0.2565007264999255,1.0,1503.9877834837052
MVI_40204,119,0,partial,long,66,KF + CV,0.0,-0.5892979057525863,5.900000000000004,13975.430915670328
MVI_40204,119,0,partial,long,66,EKF + CTRV,0.0,-0.6060152834636815,7.600000000000005,67913.61684228752
MVI_40204,119,0,partial,long,66,UKF + CTRV,0.0,-0.4700178325331875,5.400000000000004,10734.799504931118
MVI_40204,120,0,partial,long,62,KF + CV,0.0,-1.033908077369412,inf,8912.36251343309
MVI_40204,120,0,partial,long,62,EKF + CTRV,0.0,-1.0302215708230889,inf,120278.69398249507
MVI_40204,120,0,partial,long,62,UKF + CTRV,0.0,-1.016840888276139,inf,16254.360710158766
MVI_40204,126,0,partial,long,43,KF + CV,0.0,-0.3750729020465192,2.4000000000000012,3859.6917418674566
MVI_40204,126,0,partial,long,43,EKF + CTRV,0.0,-0.37658226376825893,2.5000000000000013,13468.230621101575
MVI_40204,126,0,partial,long,43,UKF + CTRV,0.010177289728787769,-0.20730667717384782,1.0,5611.013080249207
MVI_40204,133,0,partial,long,53,KF + CV,0.0,-0.7119944719592942,inf,4717.5998418935
MVI_40204,133,0,partial,long,53,EKF + CTRV,0.0,-0.7190133728738548,inf,43010.424392169174
MVI_40204,133,0,partial,long,53,UKF + CTRV,0.0,-0.5114160425942471,inf,10932.52593814958
MVI_40204,135,0,partial,long,75,KF + CV,0.0,-0.6055888884500691,5.400000000000004,29021.989920941574
MVI_40204,135,0,partial,long,75,EKF + CTRV,0.0,-0.6305401655013766,5.700000000000005,191015.55120404265
MVI_40204,135,0,partial,long,75,UKF + CTRV,0.0,-0.33530808988907135,1.8000000000000007,21332.86177022389
MVI_40204,137,0,partial,long,63,KF + CV,0.0,-0.9654083804677225,inf,8709.057288311547
MVI_40204,137,0,partial,long,63,EKF + CTRV,0.0,-0.9624102125995058,inf,82533.06337902964
MVI_40204,137,0,partial,long,63,UKF + CTRV,0.0,-0.8852159823945461,inf,10014.018700573493
MVI_40204,149,0,partial,long,72,KF + CV,0.0,-0.8241610430568284,inf,8132.544288354157
MVI_40204,149,0,partial,long,72,EKF + CTRV,0.0,-0.8276171806414324,inf,65009.542757893745
MVI_40204,149,0,partial,long,72,UKF + CTRV,0.0,-0.6743065388041259,inf,8290.948444102216
MVI_40204,161,1,partial,long,67,KF + CV,0.0,-0.7177018471682028,inf,11710.125509333775
MVI_40204,161,1,partial,long,67,EKF + CTRV,0.0,-0.7252249091834211,inf,96138.41267380501
MVI_40204,161,1,partial,long,67,UKF + CTRV,0.0,-0.43362801734610423,4.100000000000003,10266.228668845846
MVI_40211,120,0,partial,medium,28,KF + CV,0.06327923891023342,-0.13315552585069995,1.0,7259.564743030616
MVI_40211,120,0,partial,medium,28,EKF + CTRV,0.07411991609497796,-0.11607534370289609,1.0,26485.569406174855
MVI_40211,120,0,partial,medium,28,UKF + CTRV,0.0,-0.23383532386343817,1.1,18100.295571356088
MVI_40211,126,0,partial,medium,34,KF + CV,0.0,-0.27807486331951764,1.4000000000000004,8607.888121916098
MVI_40211,126,0,partial,medium,34,EKF + CTRV,0.0,-0.2725409476836069,1.3000000000000003,37064.23481438859
MVI_40211,126,0,partial,medium,34,UKF + CTRV,0.0,-0.31893806913725326,1.8000000000000007,19559.932008825883
MVI_40211,148,0,partial,medium,31,KF + CV,0.0,-0.46004707288063795,4.000000000000003,7407.250109306973
MVI_40211,148,0,partial,medium,31,EKF + CTRV,0.0,-0.4982295838869529,4.600000000000003,78402.32085975121
MVI_40211,148,0,partial,medium,31,UKF + CTRV,0.0,-0.5240539467146622,5.100000000000003,22140.96728517263
MVI_40211,180,0,partial,medium,33,KF + CV,0.0,-0.5001998767668375,3.8000000000000025,5448.505988524255
MVI_40211,180,0,partial,medium,33,EKF + CTRV,0.0,-0.4813994863978229,3.6000000000000023,40123.90023671651
MVI_40211,180,0,partial,medium,33,UKF + CTRV,0.0,-0.5228895175633017,4.3000000000000025,18962.572422619167
MVI_40211,195,0,partial,medium,36,KF + CV,0.0,-0.27966880165113533,1.7000000000000006,59095.23703978095
MVI_40211,195,0,partial,medium,36,EKF + CTRV,0.0,-0.27401588381333764,1.6000000000000005,121762.34356619726
MVI_40211,195,0,partial,medium,36,UKF + CTRV,0.0,-0.30527854337144433,2.000000000000001,44118.3386515041
MVI_40212,40,0,partial,long,42,KF + CV,0.0,-0.3470739332086712,1.9000000000000008,15788.128758141795
MVI_40212,40,0,partial,long,42,EKF + CTRV,0.0,-0.3387726295643538,1.8000000000000007,77937.6842540997
MVI_40212,40,0,partial,long,42,UKF + CTRV,0.0,-0.40965397716835333,2.5000000000000013,23220.481009278043
MVI_40212,71,1,partial,long,44,KF + CV,0.0,-0.5824205196502436,11.80000000000001,20430.943734119268
MVI_40212,71,1,partial,long,44,EKF + CTRV,0.0,-0.5784095068745153,11.40000000000001,130872.83845590781
MVI_40212,71,1,partial,long,44,UKF + CTRV,0.0,-0.5999036605482493,inf,15819.784905227989
MVI_40212,87,0,partial,medium,21,KF + CV,0.0,-0.3285746857234543,2.000000000000001,2320.032640391726
MVI_40212,87,0,partial,medium,21,EKF + CTRV,0.0,-0.31273641209418873,1.8000000000000007,9549.327151390144
MVI_40212,87,0,partial,medium,21,UKF + CTRV,0.0,-0.34839747923341086,2.200000000000001,4238.915448445707
MVI_40212,94,0,partial,medium,21,KF + CV,0.26114944519953354,0.15661319316864586,1.0,4242.262908466823
MVI_40212,94,0,partial,medium,21,EKF + CTRV,0.29314140540678935,0.19258931822987396,1.0,11449.374707697803
MVI_40212,94,0,partial,medium,21,UKF + CTRV,0.2443886780267842,0.12521203936171338,1.0,9729.483577440587
MVI_40212,108,0,partial,medium,28,KF + CV,0.0,-0.4427886714522604,3.7000000000000024,3695.8368762167715
MVI_40212,108,0,partial,medium,28,EKF + CTRV,0.0,-0.4196841016754862,3.400000000000002,47155.178747989645
MVI_40212,108,0,partial,medium,28,UKF + CTRV,0.0,-0.48464946620520927,4.400000000000003,6005.858417186487
MVI_40212,147,0,partial,medium,21,KF + CV,0.0,-0.2556458070179087,1.2000000000000002,3747.7051261591296
MVI_40212,147,0,partial,medium,21,EKF + CTRV,0.0,-0.2509724615337125,1.2000000000000002,11895.053261392242
MVI_40212,147,0,partial,medium,21,UKF + CTRV,0.0,-0.26732715167002347,1.3000000000000003,10006.740262414274
MVI_40212,204,0,partial,medium,30,KF + CV,0.0,-0.33475256039581025,2.000000000000001,7704.695232079873
MVI_40212,204,0,partial,medium,30,EKF + CTRV,0.0,-0.30942377445245894,1.8000000000000007,39877.55783563708
MVI_40212,204,0,partial,medium,30,UKF + CTRV,0.0,-0.35312196589209416,2.200000000000001,6534.471833095025
MVI_40212,205,0,partial,medium,34,KF + CV,0.0,-0.6543586396009293,6.800000000000004,7044.055683058545
MVI_40212,205,0,partial,medium,34,EKF + CTRV,0.0,-0.6249946251815105,6.300000000000004,82458.88522590433
MVI_40212,205,0,partial,medium,34,UKF + CTRV,0.0,-0.668608128672712,7.600000000000005,18068.40183764506
MVI_40213,11,0,partial,medium,21,KF + CV,0.16796521721220387,0.009660875640524313,1.0,1794.7297438946775
MVI_40213,11,0,partial,medium,21,EKF + CTRV,0.11138814205830909,-0.039195322415382525,1.0,6320.646661846057
MVI_40213,11,0,partial,medium,21,UKF + CTRV,0.0899912464379644,-0.07676738138045115,1.0,5141.651708149344
MVI_40213,80,0,partial,medium,32,KF + CV,0.0,-0.28875069823027527,1.5000000000000004,3974.7313400711478
MVI_40213,80,0,partial,medium,32,EKF + CTRV,0.0,-0.3215413190753637,2.9000000000000017,28187.563547606416
MVI_40213,80,0,partial,medium,32,UKF + CTRV,0.0,-0.35254774664730204,2.300000000000001,12043.017681782063
MVI_40213,111,0,partial,medium,31,KF + CV,0.0,-0.43181110015661955,3.0000000000000018,5917.202367576145
MVI_40213,111,0,partial,medium,31,EKF + CTRV,0.0,-0.4196145862114099,2.7000000000000015,44365.30409083176
MVI_40213,111,0,partial,medium,31,UKF + CTRV,0.0,-0.47136772584708436,3.6000000000000023,8396.642444828394
MVI_40241,33,0,partial,medium,35,KF + CV,0.0,-0.3262360265031728,2.200000000000001,4274.7481811824855
MVI_40241,33,0,partial,medium,35,EKF + CTRV,0.0,-0.28293138595692935,1.7000000000000006,41887.31563914391
MVI_40241,33,0,partial,medium,35,UKF + CTRV,0.0,-0.4131293748328598,3.7000000000000024,2439.7329282278183
MVI_40241,37,0,partial,medium,20,KF + CV,0.0,-0.6800028572863298,inf,2446.053375041658
MVI_40241,37,0,partial,medium,20,EKF + CTRV,0.0,-0.6853967723255758,inf,6094.728881664593
MVI_40241,37,0,partial,medium,20,UKF + CTRV,0.0,-0.6712142362978043,inf,5367.716085608063
MVI_40241,43,0,partial,medium,22,KF + CV,0.032216470415922877,-0.1606952026749414,1.0,2572.1004923757587
MVI_40241,43,0,partial,medium,22,EKF + CTRV,0.03892956879259544,-0.15229453025475695,1.0,5316.641651734909
MVI_40241,43,0,partial,medium,22,UKF + CTRV,0.014639320320218913,-0.19590368563335914,1.0,4596.250737692345
MVI_40241,59,0,partial,medium,31,KF + CV,0.0,-0.249806154956384,1.2000000000000002,5118.373320761503
MVI_40241,59,0,partial,medium,31,EKF + CTRV,0.0,-0.2459196861785577,1.2000000000000002,11803.728436028197
MVI_40241,59,0,partial,medium,31,UKF + CTRV,0.0,-0.2864204101919059,1.5000000000000004,8059.9541782159795
MVI_40241,79,0,partial,medium,20,KF + CV,0.010751851048808493,-0.2030479854937102,1.0,3079.7798319590447
MVI_40241,79,0,partial,medium,20,EKF + CTRV,0.005691282757262065,-0.20893139798651064,1.0,6096.062769134997
MVI_40241,79,0,partial,medium,20,UKF + CTRV,0.0,-0.22995954400769736,1.1,5432.155704114008
MVI_40241,110,0,partial,long,42,KF + CV,0.0,-0.503417566772102,4.600000000000003,5705.934148204402
MVI_40241,110,0,partial,long,42,EKF + CTRV,0.0,-0.4902766841179142,4.400000000000003,33736.19693799266
MVI_40241,110,0,partial,long,42,UKF + CTRV,0.0,-0.5558559685008564,5.800000000000004,8456.812784230839
MVI_40241,133,0,partial,medium,25,KF + CV,0.0,-0.2589073413534153,1.3000000000000003,4016.2596658013044
MVI_40241,133,0,partial,medium,25,EKF + CTRV,0.0,-0.2553629736930344,1.2000000000000002,8379.590588952657
MVI_40241,133,0,partial,medium,25,UKF + CTRV,0.0,-0.2770376999151534,1.4000000000000004,6744.304262828942
MVI_40241,150,0,partial,long,42,KF + CV,0.0,-0.4026940283473767,3.300000000000002,9784.866963621835
MVI_40241,150,0,partial,long,42,EKF + CTRV,0.0,-0.3986576516360277,3.300000000000002,27723.053201615367
MVI_40241,150,0,partial,long,42,UKF + CTRV,0.0,-0.447125588983749,4.100000000000003,9530.23760674303
MVI_40241,157,0,partial,medium,24,KF + CV,0.0,-0.22146763064963929,1.1,5936.46638261866
MVI_40241,157,0,partial,medium,24,EKF + CTRV,0.0,-0.21834016681361554,1.1,10971.109426090827
MVI_40241,157,0,partial,medium,24,UKF + CTRV,0.0,-0.25102403980325777,1.3000000000000003,8840.035186869161
MVI_40241,161,0,partial,medium,25,KF + CV,0.0,-0.2848641025012581,1.6000000000000005,5249.971837373829
MVI_40241,161,0,partial,medium,25,EKF + CTRV,0.0,-0.28207811974107894,1.6000000000000005,10203.855298559556
MVI_40241,161,0,partial,medium,25,UKF + CTRV,0.0,-0.30633184732773,1.8000000000000007,8129.267414879979
MVI_40241,183,0,partial,long,41,KF + CV,0.0,-0.5448277211797518,5.400000000000004,5086.533294629797
MVI_40241,183,0,partial,long,41,EKF + CTRV,0.0,-0.5364697673718669,5.100000000000003,25947.778831388518
MVI_40241,183,0,partial,long,41,UKF + CTRV,0.0,-0.5792630018228583,6.200000000000005,8479.983257790514
MVI_40241,189,0,partial,long,40,KF + CV,0.0,-0.40164676885202316,3.200000000000002,5540.938123845381
MVI_40241,189,0,partial,long,40,EKF + CTRV,0.0,-0.39232566797214113,2.8000000000000016,33243.39690805453
MVI_40241,189,0,partial,long,40,UKF + CTRV,0.0,-0.4648979262135309,4.200000000000003,5577.997385090157
MVI_40241,193,1,partial,long,51,KF + CV,0.0,-0.6667590745907107,10.500000000000009,5858.225946496201
MVI_40241,193,1,partial,long,51,EKF + CTRV,0.0,-0.6647511783366383,10.600000000000009,45054.106320022045
MVI_40241,193,1,partial,long,51,UKF + CTRV,0.0,-0.6990552174052194,inf,6674.495838976077
MVI_40241,216,1,partial,medium,32,KF + CV,0.0,-0.3746298590135739,3.0000000000000018,5176.729592981715
MVI_40241,216,1,partial,medium,32,EKF + CTRV,0.0,-0.373196830461892,3.0000000000000018,11458.68444059092
MVI_40241,216,1,partial,medium,32,UKF + CTRV,0.0,-0.3974632705729264,3.400000000000002,7377.063641872166
MVI_40241,223,1,partial,long,52,KF + CV,0.0,-0.49631154970498087,6.400000000000004,9902.542617169547
MVI_40241,223,1,partial,long,52,EKF + CTRV,0.0,-0.5206454874316779,7.800000000000006,36732.461563002274
MVI_40241,223,1,partial,long,52,UKF + CTRV,0.0,-0.5540008282846711,7.900000000000006,7614.821784196181
MVI_40241,228,1,partial,long,47,KF + CV,0.0,-0.4669957243057055,5.300000000000004,8053.320619565042
MVI_40241,228,1,partial,long,47,EKF + CTRV,0.0,-0.46455601799458834,5.100000000000003,24986.065458902565
MVI_40241,228,1,partial,long,47,UKF + CTRV,0.0,-0.5018328502963176,6.300000000000004,7315.612173519349
MVI_40241,234,0,partial,medium,27,KF + CV,0.0,-0.31824127321081686,1.9000000000000008,3197.8633879512217
MVI_40241,234,0,partial,medium,27,EKF + CTRV,0.0,-0.31545559580595606,1.9000000000000008,7510.6661671251395
MVI_40241,234,0,partial,medium,27,UKF + CTRV,0.0,-0.34083780754972787,2.100000000000001,5834.164934274112
MVI_40241,235,1,partial,medium,35,KF + CV,0.0,-0.3950654243744865,3.400000000000002,5701.574562636912
MVI_40241,235,1,partial,medium,35,EKF + CTRV,0.0,-0.3932806597260291,3.300000000000002,13441.843626581833
MVI_40241,235,1,partial,medium,35,UKF + CTRV,0.0,-0.4208803607649598,3.8000000000000025,7777.128240925695
MVI_40241,243,0,partial,medium,31,KF + CV,0.0,-0.38995987450910774,2.200000000000001,51130.11780305416
MVI_40241,243,0,partial,medium,31,EKF + CTRV,0.0,-0.5197208367314323,4.600000000000003,329682.52838875167
MVI_40241,243,0,partial,medium,31,UKF + CTRV,0.0,-0.4506323628502562,3.500000000000002,50943.34326257999
MVI_40241,254,1,partial,long,40,KF + CV,0.0,-0.4627221098568704,5.200000000000003,7156.836034990101
MVI_40241,254,1,partial,long,40,EKF + CTRV,0.0,-0.46361762187197425,5.300000000000004,17256.35732544124
MVI_40241,254,1,partial,long,40,UKF + CTRV,0.0,-0.4943459764456687,6.100000000000005,7711.473287034389
MVI_40241,311,0,partial,medium,26,KF + CV,0.0,-0.3363945170642355,2.100000000000001,2639.76070999268
MVI_40241,311,0,partial,medium,26,EKF + CTRV,0.0,-0.3371541693407612,2.100000000000001,6496.571534582304
MVI_40241,311,0,partial,medium,26,UKF + CTRV,0.0,-0.3605986072914408,2.300000000000001,5209.589966114104
MVI_40241,324,3,partial,medium,28,KF + CV,0.0,-0.3374505146281753,2.6000000000000014,6409.894315665249
MVI_40241,324,3,partial,medium,28,EKF + CTRV,0.0,-0.3354308787747447,2.5000000000000013,11793.963320220924
MVI_40241,324,3,partial,medium,28,UKF + CTRV,0.0,-0.3590216753792352,2.8000000000000016,8346.72465461629
MVI_40241,325,0,partial,medium,37,KF + CV,0.0,-0.3730754754176191,2.8000000000000016,5400.745274218673
MVI_40241,325,0,partial,medium,37,EKF + CTRV,0.0,-0.37489091016807874,2.9000000000000017,13266.582075602195
MVI_40241,325,0,partial,medium,37,UKF + CTRV,0.0,-0.4075017646786905,3.400000000000002,7377.648768640455
MVI_40243,8,1,partial,long,43,KF + CV,0.0,-0.44843924785937056,5.100000000000003,6406.09240604507
MVI_40243,8,1,partial,long,43,EKF + CTRV,0.0,-0.44601054898287296,5.100000000000003,20695.631490889078
MVI_40243,8,1,partial,long,43,UKF + CTRV,0.0,-0.4804952179810744,6.200000000000005,7491.948812273061
MVI_40243,9,0,partial,medium,20,KF + CV,0.0,-0.23359662228588657,1.3000000000000003,3321.0153634652547
MVI_40243,9,0,partial,medium,20,EKF + CTRV,0.0,-0.2354882784380155,1.4000000000000004,6076.242251309485
MVI_40243,9,0,partial,medium,20,UKF + CTRV,0.0,-0.25149377911089393,1.5000000000000004,5346.000218643002
MVI_40243,18,1,partial,medium,31,KF + CV,0.0,-0.34149917771556115,2.5000000000000013,5682.0068668999365
MVI_40243,18,1,partial,medium,31,EKF + CTRV,0.0,-0.339595954886637,2.4000000000000012,11832.707843794631
MVI_40243,18,1,partial,medium,31,UKF + CTRV,0.0,-0.3647363862732134,2.8000000000000016,7739.337643684177
MVI_40243,31,1,partial,long,45,KF + CV,0.0,-0.45370997281951714,4.800000000000003,7726.43028111169
MVI_40243,31,1,partial,long,45,EKF + CTRV,0.0,-0.44583755203908365,4.800000000000003,48874.440006562654
MVI_40243,31,1,partial,long,45,UKF + CTRV,0.0,-0.49789611572940223,6.200000000000005,7031.855011460268
MVI_40243,42,2,partial,long,43,KF + CV,0.0,-0.45718119428846843,5.400000000000004,6341.9546458877885
MVI_40243,42,2,partial,long,43,EKF + CTRV,0.0,-0.45842694229466424,5.700000000000005,24556.909117598643
MVI_40243,42,2,partial,long,43,UKF + CTRV,0.0,-0.4943996946616177,6.700000000000005,6030.487354582888
MVI_40243,48,0,partial,long,42,KF + CV,0.0,-0.4023949212539012,1.9000000000000008,93499.59699058409
MVI_40243,48,0,partial,long,42,EKF + CTRV,0.0,-0.5359032898652984,3.100000000000002,734581.3413091511
MVI_40243,48,0,partial,long,42,UKF + CTRV,0.0,-0.49030644259445966,2.7000000000000015,96955.21886776914
MVI_40243,51,0,partial,medium,21,KF + CV,0.019992619910971256,-0.18341717754289596,1.0,4091.0979367447085
MVI_40243,51,0,partial,medium,21,EKF + CTRV,0.021689667457276567,-0.1800258335032078,1.0,6505.840223705833
MVI_40243,51,0,partial,medium,21,UKF + CTRV,0.010269118390466904,-0.203997480018111,1.0,5627.701331113369
MVI_40243,85,0,partial,long,38,KF + CV,0.0,-0.2882119538513675,1.7000000000000006,3510.7236083633748
MVI_40243,85,0,partial,long,38,EKF + CTRV,0.0,-0.2609019620350553,1.3000000000000003,25613.207830646817
MVI_40243,85,0,partial,long,38,UKF + CTRV,0.0,-0.3773746218259764,2.8000000000000016,2761.558247508067
MVI_40243,100,1,partial,medium,37,KF + CV,0.0,-0.46599670554062306,5.100000000000003,4260.598666150888
MVI_40243,100,1,partial,medium,37,EKF + CTRV,0.0,-0.46284792482436543,4.700000000000003,17165.820011986914
MVI_40243,100,1,partial,medium,37,UKF + CTRV,0.0,-0.4924873371194704,5.600000000000003,6983.62653593958
MVI_40243,102,0,partial,medium,24,KF + CV,0.0,-0.3034192941664801,1.8000000000000007,3073.3451097711354
MVI_40243,102,0,partial,medium,24,EKF + CTRV,0.0,-0.3013117060864831,1.8000000000000007,6091.537480093507
MVI_40243,102,0,partial,medium,24,UKF + CTRV,0.0,-0.3151483749509204,1.9000000000000008,4994.011635990133
MVI_40243,142,0,partial,long,51,KF + CV,0.0,-0.44345056820134676,4.3000000000000025,14627.351992887805
MVI_40243,142,0,partial,long,51,EKF + CTRV,0.0,-0.4503846702022047,4.600000000000003,55414.49071379359
MVI_40243,142,0,partial,long,51,UKF + CTRV,0.0,-0.49999344454501027,5.700000000000005,9706.57668409999
MVI_40243,150,0,partial,medium,27,KF + CV,0.0,-0.235369607279203,1.2000000000000002,2596.6802669814238
MVI_40243,150,0,partial,medium,27,EKF + CTRV,0.0,-0.24018974358082748,1.2000000000000002,4091.7779967455513
MVI_40243,150,0,partial,medium,27,UKF + CTRV,0.02326403917366797,-0.16085565679027286,1.0,2772.540056619185
MVI_40243,160,0,partial,long,52,KF + CV,0.0,-0.4707804911922303,4.700000000000003,12334.642971266108
MVI_40243,160,0,partial,long,52,EKF + CTRV,0.0,-0.5417730326813126,6.700000000000005,68119.78919961471
MVI_40243,160,0,partial,long,52,UKF + CTRV,0.0,-0.5507030058998843,7.000000000000005,8731.136356363564
MVI_40244,11,0,partial,medium,24,KF + CV,0.0,-0.3292862710952764,2.100000000000001,2412.0363820656185
MVI_40244,11,0,partial,medium,24,EKF + CTRV,0.0,-0.3263722730787499,2.100000000000001,5584.559471689803
MVI_40244,11,0,partial,medium,24,UKF + CTRV,0.0,-0.3392022448946667,2.200000000000001,4633.302981848401
MVI_40244,14,0,partial,medium,33,KF + CV,0.0,-0.3973014791185681,3.400000000000002,4693.701450013046
MVI_40244,14,0,partial,medium,33,EKF + CTRV,0.0,-0.3888415050329078,3.200000000000002,20142.99991719038
MVI_40244,14,0,partial,medium,33,UKF + CTRV,0.0,-0.42766450915560317,4.000000000000003,7711.831401333069
MVI_40244,29,1,partial,medium,31,KF + CV,0.0,-0.3756152931891992,2.8000000000000016,3781.8486903914995
MVI_40244,29,1,partial,medium,31,EKF + CTRV,0.0,-0.3711045051784137,2.8000000000000016,11901.737292096968
MVI_40244,29,1,partial,medium,31,UKF + CTRV,0.0,-0.3984393868760391,3.300000000000002,6979.053002709552
MVI_40244,35,0,partial,medium,20,KF + CV,0.0,-0.2527863211282468,1.2000000000000002,2214.7235799621576
MVI_40244,35,0,partial,medium,20,EKF + CTRV,0.0,-0.24906674012264282,1.2000000000000002,4524.627115450403
MVI_40244,35,0,partial,medium,20,UKF + CTRV,0.0,-0.2627676143983374,1.3000000000000003,4034.3810957736955
MVI_40244,38,1,partial,medium,28,KF + CV,0.0,-0.38558666203638675,3.300000000000002,2791.27392268747
MVI_40244,38,1,partial,medium,28,EKF + CTRV,0.0,-0.3887447261081916,3.6000000000000023,7598.264861629805
MVI_40244,38,1,partial,medium,28,UKF + CTRV,0.0,-0.4048061137916034,3.8000000000000025,5465.833147756514
MVI_40244,42,0,partial,medium,26,KF + CV,0.0,-0.23466571226266952,1.1,3074.3770911113406
MVI_40244,42,0,partial,medium,26,EKF + CTRV,0.009344339133529595,-0.2073276054911665,1.0,11355.156357056387
MVI_40244,42,0,partial,medium,26,UKF + CTRV,0.0,-0.2693602490298721,1.5000000000000004,6350.960049876788
MVI_40244,85,1,partial,long,40,KF + CV,0.0,-0.4548046421782198,4.700000000000003,5692.43275708856
MVI_40244,85,1,partial,long,40,EKF + CTRV,0.0,-0.45334275181008526,5.0000000000000036,29727.053177327674
MVI_40244,85,1,partial,long,40,UKF + CTRV,0.0,-0.4936984536902106,6.0000000000000036,5741.762677745182
MVI_40244,99,0,partial,medium,34,KF + CV,0.0,-0.3564755356469224,2.4000000000000012,6257.33198748264
MVI_40244,99,0,partial,medium,34,EKF + CTRV,0.0,-0.3543886389000368,2.200000000000001,15785.653992055099
MVI_40244,99,0,partial,medium,34,UKF + CTRV,0.0,-0.38937579992757543,2.7000000000000015,8901.481679036358
MVI_40244,148,0,partial,long,40,KF + CV,0.0,-0.48077388260364723,3.7000000000000024,6984.154666303354
MVI_40244,148,0,partial,long,40,EKF + CTRV,0.0,-0.4804514605999545,3.7000000000000024,21747.844430516412
MVI_40244,148,0,partial,long,40,UKF + CTRV,0.0,-0.5297736684680026,4.400000000000003,10125.280162402998
MVI_40732,2,0,partial,long,44,KF + CV,0.8698597563175522,0.8691528813378228,1.0,8771.152402811822
MVI_40732,2,0,partial,long,44,EKF + CTRV,0.9545564787722542,0.9543773979700828,1.0,6100.142482375504
MVI_40732,2,0,partial,long,44,UKF + CTRV,0.9666575908531155,0.9665973792403122,1.0,6018.732945987481
MVI_40732,2,2,partial,long,43,KF + CV,0.9587847454887747,0.958653434043232,1.0,9360.655383008187
MVI_40732,2,2,partial,long,43,EKF + CTRV,0.911151575144848,0.9108399874043686,1.0,6475.871591658038
MVI_40732,2,2,partial,long,43,UKF + CTRV,0.902937196360233,0.9025131284754885,1.0,6427.409370457574
MVI_40732,2,4,partial,medium,20,KF + CV,0.9883847736689839,0.9883847364504078,1.0,1487.976536261381
MVI_40732,2,4,partial,medium,20,EKF + CTRV,0.9729967506031174,0.9729864057062902,1.0,1100.6703116019075
MVI_40732,2,4,partial,medium,20,UKF + CTRV,0.9728790111846449,0.9728684723821494,1.0,1077.672118099912
MVI_40732,2,5,partial,long,38,KF + CV,0.9945424577548283,0.994542455529765,1.0,6452.709690237199
MVI_40732,2,5,partial,long,38,EKF + CTRV,0.9850583850754814,0.9850542665708077,1.0,4503.357711363819
MVI_40732,2,5,partial,long,38,UKF + CTRV,0.9850479033551528,0.9850437773701022,1.0,4460.455507629665
MVI_40732,2,7,partial,medium,32,KF + CV,0.983876257487572,0.9838762310694811,1.0,4842.510362625149
MVI_40732,2,7,partial,medium,32,EKF + CTRV,0.9723026795307891,0.9722970376324056,1.0,3477.1974308435083
MVI_40732,2,7,partial,medium,32,UKF + CTRV,0.9710632136301209,0.9710557557518378,1.0,3383.425207861941
MVI_40732,10,0,partial,long,51,KF + CV,0.01892415284917237,-0.07590319683030232,1.0,106628.73589269545
MVI_40732,10,0,partial,long,51,EKF + CTRV,0.01543899981004637,-0.0977912441848375,1.0,333341.14580055635
MVI_40732,10,0,partial,long,51,UKF + CTRV,0.018924152849172503,0.0027554428280976914,1.0,68289.08642652303
MVI_40732,11,1,partial,medium,26,KF + CV,0.5313229129494648,0.4997349581881018,1.0,3492.91439321481
MVI_40732,11,1,partial,medium,26,EKF + CTRV,0.23444727917989025,0.17124993398861685,1.0,4051.4925903008107
MVI_40732,11,1,partial,medium,26,UKF + CTRV,0.4108294299448156,0.35021176323105696,1.0,2240.4497262500818
MVI_40732,40,1,partial,long,67,KF + CV,0.0,-0.22739784689034534,1.2000000000000002,135958.15280150238
MVI_40732,40,1,partial,long,67,EKF + CTRV,0.0,-0.2842946330673479,1.2000000000000002,371703.08910895645
MVI_40732,40,1,partial,long,67,UKF + CTRV,0.0,-0.19790571849067254,1.6000000000000005,91160.65693932079
MVI_40732,57,0,partial,long,44,KF + CV,0.6139930502079844,0.5972051317302656,1.0,143513.32879840705
MVI_40732,57,0,partial,long,44,EKF + CTRV,0.6111761370996776,0.5954012661196573,1.0,192823.8137086073
MVI_40732,57,0,partial,long,44,UKF + CTRV,0.4684040964016549,0.4184444120947527,1.0,70742.71250225308
MVI_40732,64,0,partial,long,39,KF + CV,0.1390656433156897,-0.010195226870908097,1.0,3205.2771584487787
MVI_40732,64,0,partial,long,39,EKF + CTRV,0.11095854820758366,-0.039049668438378204,1.0,9067.877577846704
MVI_40732,64,0,partial,long,39,UKF + CTRV,0.022585727529739443,-0.19694165019666163,1.0,4278.715543043004
MVI_40732,65,1,partial,long,55,KF + CV,0.0,-0.24595973516017344,1.1,23789.285342802
MVI_40732,65,1,partial,long,55,EKF + CTRV,8.487528296615625e-05,-0.24216057159332283,1.0,82626.63636126768
MVI_40732,65,1,partial,long,55,UKF + CTRV,0.0,-0.3501865120612778,2.4000000000000012,17035.009631749723
MVI_40732,68,1,partial,medium,20,KF + CV,0.4633805020677691,0.4254370846971919,1.0,1337.91157220093
MVI_40732,68,1,partial,medium,20,EKF + CTRV,0.33416428139431603,0.29096040936431494,1.0,2104.113041985193
MVI_40732,68,1,partial,medium,20,UKF + CTRV,0.31064275458300405,0.2584031058940895,1.0,1753.6699148502744
MVI_40751,4,1,partial,long,46,KF + CV,0.4047309024055181,0.3270339882841796,1.0,49042.902905641866
MVI_40751,4,1,partial,long,46,EKF + CTRV,0.21382136820840242,0.12935637532919697,1.0,93893.70312309093
MVI_40751,4,1,partial,long,46,UKF + CTRV,0.33109385439964223,0.2850822361252183,1.0,35067.52074799718
MVI_40751,8,4,partial,medium,24,KF + CV,0.8902508143942303,0.8900668742985941,1.0,22642.80522845931
MVI_40751,8,4,partial,medium,24,EKF + CTRV,0.8902508143942303,0.8900049104038951,1.0,16269.341480956135
MVI_40751,8,4,partial,medium,24,UKF + CTRV,0.8902508143942344,0.8900300072093303,1.0,16167.170806550417
MVI_40751,9,0,partial,medium,34,KF + CV,0.11364621304352929,-0.020227776510633177,1.0,12056.741467730742
MVI_40751,9,0,partial,medium,34,EKF + CTRV,0.10010739850200692,-0.03970997904706769,1.0,24813.239799442803
MVI_40751,9,0,partial,medium,34,UKF + CTRV,0.3438113652146775,0.2958024359248553,1.0,14047.975860720151
MVI_40751,11,1,partial,long,89,KF + CV,0.0514484643719872,-0.10540735962353395,1.0,147193.73370370522
MVI_40751,11,1,partial,long,89,EKF + CTRV,0.0,-0.2197409582787297,1.9000000000000008,537121.1253859285
MVI_40751,11,1,partial,long,89,UKF + CTRV,0.0,-0.3737511204517664,3.100000000000002,68828.73282876216
MVI_40751,29,0,partial,medium,23,KF + CV,0.5649135278597728,0.5412240180386286,1.0,6820.752708807526
MVI_40751,29,0,partial,medium,23,EKF + CTRV,0.579417840610001,0.5555483818240965,1.0,5991.778527139692
MVI_40751,29,0,partial,medium,23,UKF + CTRV,0.5794211564249032,0.5555598054347641,1.0,5276.496576643765
MVI_40751,35,0,partial,medium,23,KF + CV,0.7325261984170948,0.7299216519589987,1.0,8262.33994060153
MVI_40751,35,0,partial,medium,23,EKF + CTRV,0.7325261984170948,0.730811524253272,1.0,12058.422386855853
MVI_40751,35,0,partial,medium,23,UKF + CTRV,0.6964813578130895,0.6894851353502869,1.0,9146.051860521266
MVI_40751,36,0,partial,long,77,KF + CV,0.10702861765851192,-0.06548175397618976,1.0,63541.96049757989
MVI_40751,36,0,partial,long,77,EKF + CTRV,0.0,-0.2066927149571692,1.3000000000000003,130042.93090880972
MVI_40751,36,0,partial,long,77,UKF + CTRV,0.06491419725532158,-0.05308969823273958,1.0,43064.33664971754
MVI_40751,38,1,partial,long,49,KF + CV,0.14968206460535238,0.014157614847650768,1.0,9743.115190259134
MVI_40751,38,1,partial,long,49,EKF + CTRV,0.0,-0.1563868206944517,1.1,24504.89143709864
MVI_40751,38,1,partial,long,49,UKF + CTRV,0.16683592005960976,0.1318296399109446,1.0,6016.364553947318
MVI_40752,6,1,partial,long,49,KF + CV,0.0,-0.32958572499897726,1.8000000000000007,8782.320266252918
MVI_40752,6,1,partial,long,49,EKF + CTRV,0.0,-0.324613511701007,1.8000000000000007,42459.61412811388
MVI_40752,6,1,partial,long,49,UKF + CTRV,0.0,-0.4134234980583279,2.9000000000000017,14065.690710921168
MVI_40752,9,0,partial,medium,21,KF + CV,0.21045558187436209,0.12693784805150124,1.0,4546.762315566624
MVI_40752,9,0,partial,medium,21,EKF + CTRV,0.1860125178274958,0.09701389233533388,1.0,7345.315675224238
MVI_40752,9,0,partial,medium,21,UKF + CTRV,0.26213060238690833,0.1982698599090682,1.0,6113.773556691158
MVI_40752,17,0,partial,long,46,KF + CV,0.0,-0.3224706664301866,2.000000000000001,3870.446639167775
MVI_40752,17,0,partial,long,46,EKF + CTRV,0.0,-0.31883899541297067,2.000000000000001,19466.99355500513
MVI_40752,17,0,partial,long,46,UKF + CTRV,0.0,-0.42105462660617105,3.7000000000000024,7178.391323533871
MVI_40752,28,1,partial,medium,27,KF + CV,0.0762715517942916,-0.07294378511890212,1.0,1693.202946683784
MVI_40752,28,1,partial,medium,27,EKF + CTRV,0.13067030702356136,-0.005814022600682256,1.0,4997.421736913597
MVI_40752,28,1,partial,medium,27,UKF + CTRV,0.04952952132796234,-0.13343611773956837,1.0,3618.746025135462
MVI_40752,28,2,partial,medium,29,KF + CV,0.027883344235380587,-0.170006493918615,1.0,3707.269536485851
MVI_40752,28,2,partial,medium,29,EKF + CTRV,0.030544441523681992,-0.16305355253957446,1.0,9976.718498406135
MVI_40752,28,2,partial,medium,29,UKF + CTRV,0.001826833024625034,-0.22889008056661897,1.0,7466.616828536118
MVI_40752,29,0,partial,long,61,KF + CV,0.0,-0.689198838918711,inf,8652.76710898306
MVI_40752,29,0,partial,long,61,EKF + CTRV,0.0,-0.7386906194110032,inf,213490.32816794698
MVI_40752,29,0,partial,long,61,UKF + CTRV,0.0,-0.7639792850674781,inf,9665.299587180067
MVI_40752,36,2,partial,medium,29,KF + CV,0.04472154133943269,-0.13475651490772952,1.0,3497.4158095651455
MVI_40752,36,2,partial,medium,29,EKF + CTRV,0.04561477361396235,-0.12859911999553303,1.0,9745.82201666576
MVI_40752,36,2,partial,medium,29,UKF + CTRV,0.004808982694185498,-0.2198351777606842,1.0,7322.6828821748095
MVI_40752,60,1,partial,medium,22,KF + CV,0.12732571100586562,-0.009242676920302534,1.0,2327.8198982640256
MVI_40752,60,1,partial,medium,22,EKF + CTRV,0.14090910376775131,0.008148347008234996,1.0,5343.3144321517575
MVI_40752,60,1,partial,medium,22,UKF + CTRV,0.09856257635003281,-0.055154636715799135,1.0,4650.726924299384
MVI_40752,63,1,partial,medium,31,KF + CV,0.0,-0.2768305873831654,1.3000000000000003,10565.517436373219
MVI_40752,63,1,partial,medium,31,EKF + CTRV,0.0,-0.281828685616315,1.5000000000000004,30952.81059729876
MVI_40752,63,1,partial,medium,31,UKF + CTRV,0.027431904312695522,-0.1740411999245553,1.0,21386.63354221416
MVI_40752,68,0,partial,medium,27,KF + CV,0.08543401045066822,-0.05190517888760281,1.0,5115.305574214587
MVI_40752,68,0,partial,medium,27,EKF + CTRV,0.05248882209201882,-0.09263872280113633,1.0,9574.895915478815
MVI_40752,68,0,partial,medium,27,UKF + CTRV,0.1313418291761833,0.032306105911453845,1.0,7039.471116121714
MVI_40752,78,1,partial,medium,30,KF + CV,0.0,-0.5935157022411349,inf,3165.5043621364784
MVI_40752,78,1,partial,medium,30,EKF + CTRV,0.0,-0.6297695292886663,inf,29876.69777392154
MVI_40752,78,1,partial,medium,30,UKF + CTRV,0.0,-0.7326767273073446,inf,6672.506646093649
MVI_40752,105,0,partial,medium,36,KF + CV,0.0,-0.2826472187665911,1.4000000000000004,3680.711871442437
MVI_40752,105,0,partial,medium,36,EKF + CTRV,0.0,-0.2876755488661988,1.5000000000000004,14096.790501314958
MVI_40752,105,0,partial,medium,36,UKF + CTRV,0.0,-0.34149472059469066,2.000000000000001,8608.827219236846
MVI_40752,112,0,partial,long,61,KF + CV,0.0,-0.5661347330224775,6.0000000000000036,13422.480736873445
MVI_40752,112,0,partial,long,61,EKF + CTRV,0.0,-0.5567824404365063,5.400000000000004,120346.96461727445
MVI_40752,112,0,partial,long,61,UKF + CTRV,0.0,-0.641743121260129,8.400000000000006,13280.307025856306
MVI_40752,113,1,partial,medium,23,KF + CV,0.029518394197844015,-0.16371412611789196,1.0,1777.7360343948628
MVI_40752,113,1,partial,medium,23,EKF + CTRV,0.03190549741896643,-0.15662987822872687,1.0,5521.793839485728
MVI_40752,113,1,partial,medium,23,UKF + CTRV,0.014863876041007881,-0.19616547005284157,1.0,4765.151319755651
MVI_40752,138,0,partial,medium,35,KF + CV,0.10544409162195595,-0.019115822037421848,1.0,2501.7011509784566
MVI_40752,138,0,partial,medium,35,EKF + CTRV,0.0,-0.20073287892975067,1.8000000000000007,8255.253089320802
MVI_40752,138,0,partial,medium,35,UKF + CTRV,0.0,-0.25557239470075094,2.200000000000001,4601.25972730275
MVI_40752,146,1,partial,long,69,KF + CV,0.0,-0.4820817387371886,3.0000000000000018,333298.4042536663
MVI_40752,146,1,partial,long,69,EKF + CTRV,0.0,-0.6410081188693563,8.300000000000006,1293330.46494571
MVI_40752,146,1,partial,long,69,UKF + CTRV,0.0,-0.5252217666085729,5.5000000000000036,216073.29691112647
MVI_40752,148,1,partial,medium,25,KF + CV,0.013975502455810505,-0.19720785975076657,1.0,13396.05551265019
MVI_40752,148,1,partial,medium,25,EKF + CTRV,0.008610345471323132,-0.20835609789889828,1.0,28560.631282615916
MVI_40752,148,1,partial,medium,25,UKF + CTRV,0.06255951520733698,-0.10764044194640128,1.0,22767.204211176173
MVI_40752,149,0,partial,medium,24,KF + CV,0.055616918870708805,-0.11753755400874719,1.0,3000.885384093052
MVI_40752,149,0,partial,medium,24,EKF + CTRV,0.06554337831809659,-0.10350306041968774,1.0,6464.982004267269
MVI_40752,149,0,partial,medium,24,UKF + CTRV,0.03311559415121249,-0.1616877096885833,1.0,5352.104673455081
MVI_40752,155,0,partial,long,67,KF + CV,0.005597067704019429,-0.00700105178226046,1.0,776207.3866684714
MVI_40752,155,0,partial,long,67,EKF + CTRV,0.005597067704019429,-0.03435352503443279,1.0,3580661.6602399396
MVI_40752,155,0,partial,long,67,UKF + CTRV,0.0028253352400971743,-0.011437188235902503,1.0,390228.23573121836
MVI_40752,164,0,partial,long,38,KF + CV,0.11247126786847068,-0.013376625947479251,1.0,14975.391055017779
MVI_40752,164,0,partial,long,38,EKF + CTRV,0.04433637941545874,-0.09578807902367553,1.0,26460.525665041616
MVI_40752,164,0,partial,long,38,UKF + CTRV,0.2504031725961517,0.19338362764930175,1.0,11678.374348735018
MVI_40752,174,0,partial,medium,33,KF + CV,0.11033162925240976,-0.035287322622540515,1.0,12550.948050223744
MVI_40752,174,0,partial,medium,33,EKF + CTRV,0.10952080106491865,-0.046020875528715366,1.0,26021.469791071333
MVI_40752,174,0,partial,medium,33,UKF + CTRV,0.3927416339622984,0.32373377820759197,1.0,15685.418530472363
MVI_40752,175,0,partial,medium,21,KF + CV,0.3975909150158751,0.3541963370923277,1.0,3250.2822607968146
MVI_40752,175,0,partial,medium,21,EKF + CTRV,0.3855878098080338,0.3399623352788344,1.0,4553.04376331128
MVI_40752,175,0,partial,medium,21,UKF + CTRV,0.5096453777245767,0.48184359181432845,1.0,3630.723915840476
MVI_40752,180,0,partial,medium,23,KF + CV,0.44106428387069924,0.4056210512590209,1.0,2563.0975909436843
MVI_40752,180,0,partial,medium,23,EKF + CTRV,0.4774388663796802,0.4388837405257628,1.0,4090.5559774277904
MVI_40752,180,0,partial,medium,23,UKF + CTRV,0.5865416503725672,0.5686000583880371,1.0,3196.1176547838677
MVI_40752,187,3,partial,medium,22,KF + CV,0.04063558972559794,-0.13506217176970128,1.0,1739.6888382989505
MVI_40752,187,3,partial,medium,22,EKF + CTRV,0.03436228012763672,-0.13842954181180925,1.0,4646.515722181683
MVI_40752,187,3,partial,medium,22,UKF + CTRV,0.018380432812517923,-0.17535574395211584,1.0,4032.385244905147
MVI_40871,2,2,partial,medium,28,KF + CV,0.8402528802037212,0.8390504486960727,1.0,10331.060846744202
MVI_40871,2,2,partial,medium,28,EKF + CTRV,0.8160017734438432,0.8143789865082451,1.0,11718.028400098214
MVI_40871,2,2,partial,medium,28,UKF + CTRV,0.7440927441313672,0.7398395550770854,1.0,7435.665328868285
MVI_40871,3,0,partial,medium,29,KF + CV,0.810146458615446,0.8088266524348935,1.0,3738.9017256202283
MVI_40871,3,0,partial,medium,29,EKF + CTRV,0.8237312863537516,0.8225447061108024,1.0,4046.8256481521466
MVI_40871,3,0,partial,medium,29,UKF + CTRV,0.5571705346807277,0.537375760078102,1.0,1998.2717525086275
MVI_40871,3,1,partial,medium,20,KF + CV,0.7163791434745368,0.7094211874786158,1.0,2270.306919471837
MVI_40871,3,1,partial,medium,20,EKF + CTRV,0.6232464176615923,0.6139641522849567,1.0,2250.7976613081023
MVI_40871,3,1,partial,medium,20,UKF + CTRV,0.7529005420711607,0.7487923124054267,1.0,1784.7457572912174
MVI_40871,3,3,partial,medium,32,KF + CV,0.5030984464431577,0.4871072183143795,1.0,5898.984705915419
MVI_40871,3,3,partial,medium,32,EKF + CTRV,0.4533833159843672,0.4331561206207836,1.0,6030.338008864336
MVI_40871,3,3,partial,medium,32,UKF + CTRV,0.5759570028691658,0.5626316509770698,1.0,4170.06244604899
MVI_40871,3,4,partial,medium,26,KF + CV,0.9999999999999996,0.9999999999999996,1.0,5706.413995980277
MVI_40871,3,4,partial,medium,26,EKF + CTRV,0.9999999999999996,0.9999999999999996,1.0,4069.4090121140575
MVI_40871,3,4,partial,medium,26,UKF + CTRV,0.9999999999999895,0.9999999999999895,1.0,4041.8602679932787
MVI_40871,4,1,partial,medium,28,KF + CV,0.7327041836369496,0.7269823211045372,1.0,4159.058755816439
MVI_40871,4,1,partial,medium,28,EKF + CTRV,0.7321437314308928,0.7260369365870737,1.0,3664.1829803720807
MVI_40871,4,1,partial,medium,28,UKF + CTRV,0.7448676310816142,0.7403132210101765,1.0,3051.294053670038
MVI_40871,4,2,partial,medium,28,KF + CV,0.7800519955733243,0.7795587825692507,1.0,4548.496306842395
MVI_40871,4,2,partial,medium,28,EKF + CTRV,0.7800519955733243,0.7795188973860074,1.0,3866.4518773210884
MVI_40871,4,2,partial,medium,28,UKF + CTRV,0.7800519955733274,0.7794832387008538,1.0,3234.6044481740973
MVI_40871,4,3,partial,medium,28,KF + CV,0.8687769195277174,0.8679351488998023,1.0,6084.100635053271
MVI_40871,4,3,partial,medium,28,EKF + CTRV,0.9736470699226268,0.9736470471819211,1.0,4316.472400209329
MVI_40871,4,3,partial,medium,28,UKF + CTRV,0.9736470699226254,0.9736445804600369,1.0,4287.881267685739
MVI_40871,8,1,partial,medium,28,KF + CV,0.803596182236837,0.8005251243448659,1.0,4277.083534879001
MVI_40871,8,1,partial,medium,28,EKF + CTRV,0.771924857295668,0.7684351583998005,1.0,4120.193947162056
MVI_40871,8,1,partial,medium,28,UKF + CTRV,0.7743406079627807,0.7716258568352933,1.0,3083.981750474522
MVI_40871,11,2,partial,long,87,KF + CV,0.30818952323792925,0.2776465819943064,1.0,33433.019950300244
MVI_40871,11,2,partial,long,87,EKF + CTRV,0.1948830611263064,0.12557014634093117,1.0,57672.674010396164
MVI_40871,11,2,partial,long,87,UKF + CTRV,0.17797184298045998,0.07510719697970045,1.0,12373.903787383144
MVI_40871,13,0,partial,long,83,KF + CV,0.5169994417088559,0.4691468283973562,1.0,41646.145480718595
MVI_40871,13,0,partial,long,83,EKF + CTRV,0.11036356869528419,0.018124988551061233,1.0,44270.38386098118
MVI_40871,13,0,partial,long,83,UKF + CTRV,0.6675891232692773,0.6457321913180505,1.0,27245.377031096083
MVI_40871,16,1,partial,medium,23,KF + CV,0.3441536134867235,0.2839635454088985,1.0,2003.137806473189
MVI_40871,16,1,partial,medium,23,EKF + CTRV,0.3275230085128312,0.27093017647869533,1.0,3799.595419262315
MVI_40871,16,1,partial,medium,23,UKF + CTRV,0.24278411919310589,0.15964279821311433,1.0,2526.697429443104
MVI_40871,18,1,partial,long,41,KF + CV,0.24990020967212978,0.15742706564672643,1.0,15880.230013394244
MVI_40871,18,1,partial,long,41,EKF + CTRV,0.2729072273618729,0.18038845017041494,1.0,35712.641286708975
MVI_40871,18,1,partial,long,41,UKF + CTRV,0.03418271308008828,-0.1647516186397306,1.0,14450.698654909262
MVI_40871,20,1,partial,long,60,KF + CV,0.0,-0.2589606453582818,1.3000000000000003,22444.3956180055
MVI_40871,20,1,partial,long,60,EKF + CTRV,0.0,-0.3534748267124688,4.200000000000003,78434.71605062953
MVI_40871,20,1,partial,long,60,UKF + CTRV,0.0,-0.401223595419542,4.200000000000003,16582.8095424557
MVI_40871,22,1,partial,long,41,KF + CV,0.8834018127254791,0.8824424939325674,1.0,143664.60255839035
MVI_40871,22,1,partial,long,41,EKF + CTRV,0.8834018127254791,0.8824424939325674,1.0,98965.98912938364
MVI_40871,22,1,partial,long,41,UKF + CTRV,0.8834018127254791,0.8824424939325674,1.0,98920.13070436064
MVI_40871,23,0,partial,medium,29,KF + CV,0.9999999999999984,0.9999999999999984,1.0,18562.300927920645
MVI_40871,23,0,partial,medium,29,EKF + CTRV,0.9999999999999984,0.9999999999999984,1.0,13072.8601709055
MVI_40871,23,0,partial,medium,29,UKF + CTRV,0.9999999999999941,0.9999999999999941,1.0,13042.385510470041
MVI_40871,27,0,partial,medium,21,KF + CV,0.8442227595892725,0.8436390549836222,1.0,3119.7419639846066
MVI_40871,27,0,partial,medium,21,EKF + CTRV,0.7891337236431936,0.786945994006106,1.0,2865.623198139676
MVI_40871,27,0,partial,medium,21,UKF + CTRV,0.8163743557516099,0.8141764579193245,1.0,2266.514350564519
MVI_40871,27,1,partial,medium,31,KF + CV,0.668467692922048,0.6602347565401853,1.0,12602.724984933746
MVI_40871,27,1,partial,medium,31,EKF + CTRV,0.6860787279989029,0.6788633063275287,1.0,11322.970650581341
MVI_40871,27,1,partial,medium,31,UKF + CTRV,0.6891894654910036,0.6842187234527299,1.0,8925.911759135903
MVI_40871,32,0,partial,long,66,KF + CV,0.6012620680649292,0.5959874069711579,1.0,21449.712165172758
MVI_40871,32,0,partial,long,66,EKF + CTRV,0.6012620680649292,0.5971727490242793,1.0,15017.331043147762
MVI_40871,32,0,partial,long,66,UKF + CTRV,0.4907458835198024,0.4611566024502528,1.0,14508.939006545581
MVI_40871,32,1,partial,medium,20,KF + CV,0.686148711644411,0.6851214178118912,1.0,2233.7172023061707
MVI_40871,32,1,partial,medium,20,EKF + CTRV,0.6860738909630668,0.6847019122095723,1.0,1910.6541214268946
MVI_40871,32,1,partial,medium,20,UKF + CTRV,0.7284396212992558,0.7281608514897998,1.0,1618.7126894442329
MVI_40871,32,2,partial,long,81,KF + CV,0.3705459623306357,0.3284091461497146,1.0,73094.66024633188
MVI_40871,32,2,partial,long,81,EKF + CTRV,0.3569504842216092,0.2978026046701164,1.0,67648.83792019165
MVI_40871,32,2,partial,long,81,UKF + CTRV,0.6559390094640218,0.6370832384680742,1.0,49544.7957518828
MVI_40871,33,1,partial,medium,20,KF + CV,0.8420336403493972,0.8404389869951862,1.0,2361.4754968124303
MVI_40871,33,1,partial,medium,20,EKF + CTRV,0.8886085979891578,0.8878677183586681,1.0,1965.0353401416892
MVI_40871,33,1,partial,medium,20,UKF + CTRV,0.9304102166848469,0.9301350698099888,1.0,1725.3703341417115
MVI_40871,37,0,partial,long,73,KF + CV,0.4883859966379732,0.45225396187551664,1.0,25569.799472793682
MVI_40871,37,0,partial,long,73,EKF + CTRV,0.7848322239901206,0.7814778322002125,1.0,17222.402107364385
MVI_40871,37,0,partial,long,73,UKF + CTRV,0.7976302227936068,0.7947531849935677,1.0,17145.667838248166
MVI_40963,8,0,partial,medium,29,KF + CV,0.0,-0.5766182242742434,7.900000000000006,3975.6208633740866
MVI_40963,8,0,partial,medium,29,EKF + CTRV,0.0,-0.5471997810006652,6.100000000000005,9569.53847165635
MVI_40963,8,0,partial,medium,29,UKF + CTRV,0.0,-0.4884373603378544,4.700000000000003,6883.785822574297
MVI_40963,11,0,partial,medium,31,KF + CV,0.0,-0.8583921734367467,inf,10169.246255985165
MVI_40963,11,0,partial,medium,31,EKF + CTRV,0.0,-0.8321290894062402,inf,18821.30062236391
MVI_40963,11,0,partial,medium,31,UKF + CTRV,0.0,-0.024396747547830396,inf,4492.997094275228
MVI_40963,14,0,partial,medium,36,KF + CV,0.0,-0.7225654710902584,inf,6302.290619658181
MVI_40963,14,0,partial,medium,36,EKF + CTRV,0.0,-0.7297147881319367,inf,18361.349008956866
MVI_40963,14,0,partial,medium,36,UKF + CTRV,0.0,-0.6783139766428224,inf,10191.032887765909
MVI_40963,16,0,partial,medium,34,KF + CV,0.0,-0.6947077865187244,inf,5619.536249731922
MVI_40963,16,0,partial,medium,34,EKF + CTRV,0.0,-0.7183879317844014,inf,16433.462021775827
MVI_40963,16,0,partial,medium,34,UKF + CTRV,0.0,-0.6659705940504768,inf,9926.58118181265
MVI_40963,19,0,partial,medium,34,KF + CV,0.0,-0.4586908994942941,3.7000000000000024,9189.6590899872
MVI_40963,19,0,partial,medium,34,EKF + CTRV,0.0,-0.5154241853754897,4.5000000000000036,19325.404836548143
MVI_40963,19,0,partial,medium,34,UKF + CTRV,0.0,-0.44383493012949393,3.300000000000002,10897.974079251757
MVI_40963,20,0,partial,medium,34,KF + CV,0.0,-0.5637850141178259,7.700000000000006,5403.960183619824
MVI_40963,20,0,partial,medium,34,EKF + CTRV,0.0,-0.5890095816282452,7.300000000000006,14471.587233204753
MVI_40963,20,0,partial,medium,34,UKF + CTRV,0.0,-0.5098184310361219,5.200000000000003,8619.244832029395
MVI_40963,30,0,partial,long,39,KF + CV,0.0,-0.6964238259714101,inf,11496.302066533339
MVI_40963,30,0,partial,long,39,EKF + CTRV,0.0,-0.6615351441758857,inf,33935.729336141805
MVI_40963,30,0,partial,long,39,UKF + CTRV,0.0,-0.6058855512707337,inf,13892.284132466699
MVI_40963,32,0,partial,long,39,KF + CV,0.0,-0.6536486165316546,inf,9976.07975213031
MVI_40963,32,0,partial,long,39,EKF + CTRV,0.0,-0.7252292631161221,inf,28276.562056585706
MVI_40963,32,0,partial,long,39,UKF + CTRV,0.0,-0.6808866935209936,inf,11891.264019755148
MVI_40963,33,1,partial,long,47,KF + CV,0.0,-1.706806102246313,inf,18401.616049454282
MVI_40963,33,1,partial,long,47,EKF + CTRV,0.0,-1.7313131351159659,inf,35546.77140453944
MVI_40963,33,1,partial,long,47,UKF + CTRV,0.0,-1.0902218013085827,inf,7644.977240360203
MVI_40963,35,0,partial,long,40,KF + CV,0.0,-0.583822237480532,10.000000000000007,8349.766527210366
MVI_40963,35,0,partial,long,40,EKF + CTRV,0.0,-0.6280635776475086,11.200000000000008,24968.61079805414
MVI_40963,35,0,partial,long,40,UKF + CTRV,0.0,-0.5425915465865236,7.400000000000006,11428.760239756613
MVI_40963,39,0,partial,long,42,KF + CV,0.0,-0.6538081403956534,inf,8729.334323028734
MVI_40963,39,0,partial,long,42,EKF + CTRV,0.0,-0.6831872411068585,inf,26862.880085215173
MVI_40963,39,0,partial,long,42,UKF + CTRV,0.0,-0.5842419803892517,inf,10885.179435408829
MVI_40963,41,0,partial,medium,25,KF + CV,0.0485184417838951,-0.047756740808052395,1.0,1361.3699417969458
MVI_40963,41,0,partial,medium,25,EKF + CTRV,0.247286997447707,0.163816765729946,1.0,2131.6862131747666
MVI_40963,41,0,partial,medium,25,UKF + CTRV,0.30655094160891555,0.25482886408300864,1.0,1541.66957565877
MVI_40963,43,0,partial,long,45,KF + CV,0.0,-0.5795453203151568,7.800000000000006,13847.658186311764
MVI_40963,43,0,partial,long,45,EKF + CTRV,0.0,-0.6482339131224608,9.100000000000007,38283.44140826636
MVI_40963,43,0,partial,long,45,UKF + CTRV,0.0,-0.5865162198057731,8.400000000000006,12181.010392444878
MVI_40963,44,1,partial,medium,27,KF + CV,0.0,-0.1972497879036855,1.6000000000000005,1835.4231949045702
MVI_40963,44,1,partial,medium,27,EKF + CTRV,0.0,-0.22487953326920102,2.000000000000001,2828.3591894922633
MVI_40963,44,1,partial,medium,27,UKF + CTRV,0.0,-0.18478820907053603,1.7000000000000006,1963.06787480221
MVI_40963,46,0,partial,medium,26,KF + CV,0.0,-0.18143515548928615,1.1,1723.366836398777
MVI_40963,46,0,partial,medium,26,EKF + CTRV,0.055868692071591,-0.12583208600303258,1.0,2770.5077382461136
MVI_40963,46,0,partial,medium,26,UKF + CTRV,0.14602856776030032,0.014749069142500126,1.0,1883.6928698904917
MVI_40963,52,0,partial,long,41,KF + CV,0.0,-0.5830708802524305,8.300000000000006,8116.16311094521
MVI_40963,52,0,partial,long,41,EKF + CTRV,0.0,-0.6174341133703529,8.900000000000007,25741.892168558818
MVI_40963,52,0,partial,long,41,UKF + CTRV,0.0,-0.5252178559102662,5.800000000000004,11634.715146691926
MVI_40963,60,0,partial,long,39,KF + CV,0.0,-0.7361302803434304,inf,6558.006377372771
MVI_40963,60,0,partial,long,39,EKF + CTRV,0.0,-0.7781811584437852,inf,23342.399642123288
MVI_40963,60,0,partial,long,39,UKF + CTRV,0.0,-0.740745037277126,inf,9843.425031924286
MVI_40963,63,0,partial,long,38,KF + CV,0.0,-0.7244692580697222,inf,7152.852462240236
MVI_40963,63,0,partial,long,38,EKF + CTRV,0.0,-0.7372100604263971,inf,23787.78862444907
MVI_40963,63,0,partial,long,38,UKF + CTRV,0.0,-0.6644490452704555,inf,12157.298607366009
MVI_40963,68,0,partial,long,42,KF + CV,0.0,-0.7004257036372259,inf,10115.374707865669
MVI_40963,68,0,partial,long,42,EKF + CTRV,0.0,-0.7282003061370586,inf,34695.66979656703
MVI_40963,68,0,partial,long,42,UKF + CTRV,0.0,-0.6390292012195582,inf,14499.806761785168
MVI_40963,69,1,partial,medium,26,KF + CV,0.039440426773102596,-0.10846313258789465,1.0,1803.8138149362512
MVI_40963,69,1,partial,medium,26,EKF + CTRV,0.062151607836159396,-0.0853853748815937,1.0,2732.4053371234427
MVI_40963,69,1,partial,medium,26,UKF + CTRV,0.13370230321265394,0.030013956926030746,1.0,1930.980853200038
MVI_40963,71,1,partial,medium,29,KF + CV,0.0,-0.17902477952694026,1.1,1912.5966640768509
MVI_40963,71,1,partial,medium,29,EKF + CTRV,0.0,-0.1987023356624162,1.8000000000000007,3250.9612388385626
MVI_40963,71,1,partial,medium,29,UKF + CTRV,0.0,-0.13837115128186678,1.2000000000000002,2031.1872750029513
MVI_40963,72,0,partial,long,45,KF + CV,0.0,-0.6455641592461707,inf,10175.047688588966
MVI_40963,72,0,partial,long,45,EKF + CTRV,0.0,-0.6805544283868343,inf,37785.55819946609
MVI_40963,72,0,partial,long,45,UKF + CTRV,0.0,-0.5836928056128229,8.500000000000007,13965.240322867463
MVI_40963,79,0,partial,long,40,KF + CV,0.0,-0.6801966652691711,inf,7910.132380404733
MVI_40963,79,0,partial,long,40,EKF + CTRV,0.0,-0.7478945807835368,inf,25754.00565927884
MVI_40963,79,0,partial,long,40,UKF + CTRV,0.0,-0.7132839841744525,inf,9375.2596228718
MVI_40963,85,0,partial,long,57,KF + CV,0.0,-0.40979820580902043,inf,48663.54940802322
MVI_40963,85,0,partial,long,57,EKF + CTRV,0.0,-0.27471521556853506,inf,105019.51591056719
MVI_40963,85,0,partial,long,57,UKF + CTRV,0.0,-0.5147550682802179,inf,18909.1606902457
MVI_40963,88,0,partial,medium,36,KF + CV,0.0,-0.7566557020962035,inf,5202.597112781358
MVI_40963,88,0,partial,medium,36,EKF + CTRV,0.0,-0.7764306616840192,inf,17159.135086471335
MVI_40963,88,0,partial,medium,36,UKF + CTRV,0.0,-0.735130796598342,inf,9226.741755361978
MVI_40963,91,0,partial,medium,30,KF + CV,0.0,-0.288644592785378,1.8000000000000007,6233.520896608738
MVI_40963,91,0,partial,medium,30,EKF + CTRV,0.0,-0.3084254934417045,1.8000000000000007,11377.435767873914
MVI_40963,91,0,partial,medium,30,UKF + CTRV,0.0,-0.22849318830298732,1.2000000000000002,7628.806456574971
MVI_40963,95,0,partial,medium,30,KF + CV,0.0,-0.5603891713480107,inf,4802.449647502706
MVI_40963,95,0,partial,medium,30,EKF + CTRV,0.0,-0.6089311945025145,inf,11073.317928877725
MVI_40963,95,0,partial,medium,30,UKF + CTRV,0.0,-0.5408650613085992,inf,7451.635653999635
MVI_40963,98,0,partial,medium,29,KF + CV,0.0,-0.5859527896645961,inf,4236.360911633957
MVI_40963,98,0,partial,medium,29,EKF + CTRV,0.0,-0.6447658774326964,inf,11577.852178367668
MVI_40963,98,0,partial,medium,29,UKF + CTRV,0.0,-0.5826200507143439,inf,8112.831134687639
MVI_40963,102,0,partial,medium,36,KF + CV,0.0,-0.6838160676640486,inf,7862.226446980141
MVI_40963,102,0,partial,medium,36,EKF + CTRV,0.0,-0.6991065716271737,inf,20977.642120532415
MVI_40963,102,0,partial,medium,36,UKF + CTRV,0.0,-0.619403706734583,inf,11318.18254762345
MVI_40963,103,0,partial,medium,22,KF + CV,0.0,-0.25863879483269225,1.8000000000000007,1433.1822088547349
MVI_40963,103,0,partial,medium,22,EKF + CTRV,0.0,-0.24458407984176642,1.1,2297.1797838281495
MVI_40963,103,0,partial,medium,22,UKF + CTRV,0.005488044804223111,-0.20951808516532716,1.0,1824.414681172553
MVI_40963,106,1,partial,long,49,KF + CV,0.0,-0.42373753856074653,4.900000000000004,10810.691612232498
MVI_40963,106,1,partial,long,49,EKF + CTRV,0.0,-0.44867088981537184,5.100000000000003,23572.717956428187
MVI_40963,106,1,partial,long,49,UKF + CTRV,0.0,-0.47757536052488064,5.800000000000004,7297.665627928717
MVI_40963,107,0,partial,medium,36,KF + CV,0.0,-0.7853257638105325,inf,6820.256158635127
MVI_40963,107,0,partial,medium,36,EKF + CTRV,0.0,-0.7833141310881507,inf,21034.71176996643
MVI_40963,107,0,partial,medium,36,UKF + CTRV,0.0,-0.7409590653462608,inf,11304.303769831095
MVI_40963,113,0,partial,long,38,KF + CV,0.0,-0.627308765656372,9.600000000000007,7192.54969808387
MVI_40963,113,0,partial,long,38,EKF + CTRV,0.0,-0.6427012075994438,9.400000000000007,25131.366475745668
MVI_40963,113,0,partial,long,38,UKF + CTRV,0.0,-0.5573318826026539,6.500000000000005,12746.465830918341
MVI_40963,117,0,partial,long,38,KF + CV,0.0,-0.6735531076097898,inf,7874.126852502701
MVI_40963,117,0,partial,long,38,EKF + CTRV,0.0,-0.6863408732763775,inf,26506.822259078217
MVI_40963,117,0,partial,long,38,UKF + CTRV,0.0,-0.6104706868330837,inf,13722.478004788298
MVI_40963,123,0,partial,medium,35,KF + CV,0.0,-0.5726108702396283,7.100000000000005,5886.690190946073
MVI_40963,123,0,partial,medium,35,EKF + CTRV,0.0,-0.5694332905600894,5.800000000000004,18367.272605452097
MVI_40963,123,0,partial,medium,35,UKF + CTRV,0.0,-0.4916305515357102,4.200000000000003,10839.39613887571
MVI_40963,129,0,partial,long,39,KF + CV,0.0,-0.7006894215062206,inf,9963.786084535168
MVI_40963,129,0,partial,long,39,EKF + CTRV,0.0,-0.7125074129297966,inf,31965.01667752319
MVI_40963,129,0,partial,long,39,UKF + CTRV,0.0,-0.6414839511692408,inf,15599.339070547234
MVI_40963,132,0,partial,long,40,KF + CV,0.0,-0.7385778443861489,inf,7202.358394431354
MVI_40963,132,0,partial,long,40,EKF + CTRV,0.0,-0.7557655929884037,inf,26657.634138516507
MVI_40963,132,0,partial,long,40,UKF + CTRV,0.0,-0.699025339263122,inf,12689.17285899338
MVI_40981,95,0,partial,medium,21,KF + CV,0.0,-0.22528695521397704,1.8000000000000007,2401.23186041296
MVI_40981,95,0,partial,medium,21,EKF + CTRV,0.0,-0.2488497855366267,1.9000000000000008,3106.3571650160657
MVI_40981,95,0,partial,medium,21,UKF + CTRV,0.0,-0.23048252425033802,1.8000000000000007,2480.311799593135
MVI_40991,2,0,partial,long,40,KF + CV,0.0,-0.3175647633826132,1.7000000000000006,32708.04877868845
MVI_40991,2,0,partial,long,40,EKF + CTRV,0.0,-0.3214278433074028,1.6000000000000005,84587.55780357587
MVI_40991,2,0,partial,long,40,UKF + CTRV,0.014129046826875899,-0.19070477957323217,1.0,41277.76694358702
MVI_40991,3,0,partial,long,46,KF + CV,0.0,-0.4045301552053849,2.5000000000000013,42886.90033079419
MVI_40991,3,0,partial,long,46,EKF + CTRV,0.0,-0.4165309505812108,2.7000000000000015,133327.5285794951
MVI_40991,3,0,partial,long,46,UKF + CTRV,0.0,-0.27485156575308306,1.3000000000000003,47236.009884125284
MVI_40991,5,1,partial,long,38,KF + CV,0.41487549323198264,0.39411123137628445,1.0,5474.364192302017
MVI_40991,5,1,partial,long,38,EKF + CTRV,0.3419252199535747,0.30336623093804277,1.0,4584.518992797539
MVI_40991,5,1,partial,long,38,UKF + CTRV,0.5564980642632585,0.5485941261184081,1.0,3790.23070827865
MVI_40991,6,0,partial,medium,32,KF + CV,0.0,-0.3987301250686561,2.6000000000000014,27617.972156135267
MVI_40991,6,0,partial,medium,32,EKF + CTRV,0.0,-0.43131694809596793,3.0000000000000018,90102.91815125154
MVI_40991,6,0,partial,medium,32,UKF + CTRV,0.0,-0.37216631536497974,2.300000000000001,52112.447132632355
MVI_40991,7,0,partial,long,42,KF + CV,0.0,-0.4790434102530334,4.200000000000003,31968.591245195224
MVI_40991,7,0,partial,long,42,EKF + CTRV,0.0,-0.5001950828307278,4.5000000000000036,111306.48012613926
MVI_40991,7,0,partial,long,42,UKF + CTRV,0.0,-0.3855658671272831,2.7000000000000015,45724.59558974598
MVI_40991,7,1,partial,long,66,KF + CV,0.03070813417824135,-0.17032400273141862,1.0,31557.294446799748
MVI_40991,7,1,partial,long,66,EKF + CTRV,0.0,-0.1693114877104273,1.2000000000000002,38151.57105268817
MVI_40991,7,1,partial,long,66,UKF + CTRV,0.03665044009135467,-0.14142245847214524,1.0,20647.85661970731
MVI_40991,8,0,partial,long,44,KF + CV,0.0,-0.5473178417905671,7.200000000000005,29565.345372711825
MVI_40991,8,0,partial,long,44,EKF + CTRV,0.0,-0.5514645192221552,7.200000000000005,114981.22120853832
MVI_40991,8,0,partial,long,44,UKF + CTRV,0.0,-0.4306409132946553,4.800000000000003,46348.70747162077
MVI_40991,8,1,partial,long,51,KF + CV,0.0,-0.3413792611449379,4.5000000000000036,6372.808862062249
MVI_40991,8,1,partial,long,51,EKF + CTRV,0.0,-0.3448339872129896,4.700000000000003,4349.3273588426955
MVI_40991,8,1,partial,long,51,UKF + CTRV,0.0,-0.3447061320134015,4.700000000000003,4301.117257775596
MVI_40991,9,0,partial,long,88,KF + CV,0.011537891423704247,-0.05670939395158839,1.0,1514068.8614600603
MVI_40991,9,0,partial,long,88,EKF + CTRV,0.011537891423704247,-0.10227903960357741,1.0,9133249.264599899
MVI_40991,9,0,partial,long,88,UKF + CTRV,0.011537891423704377,-0.000607108367474584,1.0,606284.9727158212
MVI_40991,13,0,partial,long,49,KF + CV,0.0,-0.5493121824882151,10.300000000000008,34864.073489839015
MVI_40991,13,0,partial,long,49,EKF + CTRV,0.0,-0.5603065062228361,11.000000000000009,136206.19195360816
MVI_40991,13,0,partial,long,49,UKF + CTRV,0.0,-0.3724601113416365,4.5000000000000036,38635.829720503774
MVI_40991,17,0,partial,medium,37,KF + CV,0.0,-0.39844347923906476,2.5000000000000013,35756.55647521412
MVI_40991,17,0,partial,medium,37,EKF + CTRV,0.0,-0.43875139867731755,3.100000000000002,119454.70266453276
MVI_40991,17,0,partial,medium,37,UKF + CTRV,0.0,-0.3623674440181563,2.100000000000001,54677.08831225474
MVI_40991,18,1,partial,medium,33,KF + CV,0.0,-0.49419463015996645,4.900000000000004,23408.415486090536
MVI_40991,18,1,partial,medium,33,EKF + CTRV,0.0,-0.5128673636475347,5.5000000000000036,93157.9412732782
MVI_40991,18,1,partial,medium,33,UKF + CTRV,0.0,-0.43165989305086605,3.9000000000000026,58156.53582586178
MVI_40991,19,0,partial,long,40,KF + CV,0.0,-0.452915903349825,4.5000000000000036,21696.96210486606
MVI_40991,19,0,partial,long,40,EKF + CTRV,0.0,-0.47031543857456937,4.800000000000003,76288.5291069259
MVI_40991,19,0,partial,long,40,UKF + CTRV,0.0,-0.3455509598142151,2.6000000000000014,35199.45319933007
MVI_40991,20,0,partial,medium,32,KF + CV,0.0,-0.35179263281535783,2.200000000000001,13478.576302760886
MVI_40991,20,0,partial,medium,32,EKF + CTRV,0.0,-0.37155509261884434,2.4000000000000012,37983.6305298
MVI_40991,20,0,partial,medium,32,UKF + CTRV,0.0,-0.29912292917636285,1.7000000000000006,23493.134151065715
MVI_40991,21,1,partial,long,39,KF + CV,0.0,-0.49292603047893213,4.5000000000000036,35843.24722628299
MVI_40991,21,1,partial,long,39,EKF + CTRV,0.0,-0.5280501720975145,5.200000000000003,133224.33093086744
MVI_40991,21,1,partial,long,39,UKF + CTRV,0.0,-0.4275444465174908,3.500000000000002,63335.514804523875
MVI_40991,24,0,partial,long,42,KF + CV,0.0,-0.5184781116915583,5.700000000000005,30064.631527597714
MVI_40991,24,0,partial,long,42,EKF + CTRV,0.0,-0.5437022596756889,6.300000000000004,114368.10724255812
MVI_40991,24,0,partial,long,42,UKF + CTRV,0.0,-0.4159897116607081,3.7000000000000024,48258.87166672424
MVI_40991,24,1,partial,long,51,KF + CV,0.0,-0.3813083210436747,2.5000000000000013,23293.60010523904
MVI_40991,24,1,partial,long,51,EKF + CTRV,0.0,-0.40821324339394427,3.0000000000000018,50915.99592387659
MVI_40991,24,1,partial,long,51,UKF + CTRV,0.0,-0.2289837686704625,1.1,12411.651077531413
MVI_40992,2,0,partial,long,40,KF + CV,0.0,-0.5344656922945685,6.300000000000004,35674.67156279517
MVI_40992,2,0,partial,long,40,EKF + CTRV,0.0,-0.5521018699058273,6.800000000000004,211638.3117104197
MVI_40992,2,0,partial,long,40,UKF + CTRV,0.0,-0.3759886148074271,3.0000000000000018,54735.50671817665
MVI_40992,3,0,partial,medium,28,KF + CV,0.0,-0.2797830309107619,1.4000000000000004,15540.873323501084
MVI_40992,3,0,partial,medium,28,EKF + CTRV,0.0,-0.30654996771912296,1.8000000000000007,41786.76699561333
MVI_40992,3,0,partial,medium,28,UKF + CTRV,0.0,-0.24924227992046194,1.3000000000000003,27356.04935249647
MVI_40992,4,0,partial,long,39,KF + CV,0.0,-0.3335515721402723,2.100000000000001,39194.845832999395
MVI_40992,4,0,partial,long,39,EKF + CTRV,0.0,-0.3559217240702806,2.300000000000001,114508.93893882584
MVI_40992,4,0,partial,long,39,UKF + CTRV,0.0,-0.24686531147631735,1.2000000000000002,46828.248123711324
MVI_40992,5,0,partial,long,66,KF + CV,0.0,-0.5450943058837494,4.900000000000004,128807.3024456367
MVI_40992,5,0,partial,long,66,EKF + CTRV,0.0,-0.5458684824286627,4.800000000000003,491562.88190161233
MVI_40992,5,0,partial,long,66,UKF + CTRV,0.0,-0.2957097412207302,2.000000000000001,75989.148618718
MVI_40992,7,0,partial,medium,35,KF + CV,0.0,-0.28746877529133785,1.5000000000000004,29536.6697459675
MVI_40992,7,0,partial,medium,35,EKF + CTRV,0.0,-0.31880772580823363,1.8000000000000007,83089.7736857142
MVI_40992,7,0,partial,medium,35,UKF + CTRV,0.00019251539566061957,-0.2438525335388786,1.0,39056.4393584983
MVI_40992,8,0,partial,long,75,KF + CV,0.0,-0.8130307251722929,inf,165236.91035687123
MVI_40992,8,0,partial,long,75,EKF + CTRV,0.0,-0.8263582737201197,inf,1273913.0080774678
MVI_40992,8,0,partial,long,75,UKF + CTRV,0.0,-0.7490515666313892,inf,132681.365178138
MVI_40992,10,0,partial,long,40,KF + CV,0.0,-0.45392285117675235,3.6000000000000023,35935.66214396369
MVI_40992,10,0,partial,long,40,EKF + CTRV,0.0,-0.4680200955290184,3.8000000000000025,123204.3020188917
MVI_40992,10,0,partial,long,40,UKF + CTRV,0.0,-0.3433577898707108,2.200000000000001,55257.00564789131
MVI_40992,12,1,partial,long,40,KF + CV,0.0,-0.42896444613931795,3.500000000000002,32746.19586441841
MVI_40992,12,1,partial,long,40,EKF + CTRV,0.0,-0.4732880122062049,4.200000000000003,106522.78050667967
MVI_40992,12,1,partial,long,40,UKF + CTRV,0.0,-0.3970169670894843,3.500000000000002,35241.21633345165
MVI_40992,12,2,partial,medium,35,KF + CV,0.005035093661152363,-0.21157555069636128,1.0,8807.061081488406
MVI_40992,12,2,partial,medium,35,EKF + CTRV,0.011040635721227607,-0.19890222530518326,1.0,14683.55768331994
MVI_40992,12,2,partial,medium,35,UKF + CTRV,0.11087405252391908,-0.013248237965740692,1.0,6911.575305457391
MVI_40992,18,1,partial,long,38,KF + CV,0.0,-0.3236752591804508,1.7000000000000006,46424.87159191628
MVI_40992,18,1,partial,long,38,EKF + CTRV,0.0,-0.33030726474376504,1.8000000000000007,149861.36275491267
MVI_40992,18,1,partial,long,38,UKF + CTRV,0.003295678214370528,-0.19335269896404955,1.0,67122.59307917484
MVI_40992,19,0,partial,long,40,KF + CV,0.0,-0.36020930631488596,2.300000000000001,36125.69393370407
MVI_40992,19,0,partial,long,40,EKF + CTRV,0.0,-0.3822021684354915,2.6000000000000014,111594.01167429207
MVI_40992,19,0,partial,long,40,UKF + CTRV,0.0,-0.27497856745106014,1.4000000000000004,43371.93702281144
MVI_40992,21,1,partial,long,44,KF + CV,0.0,-0.4807301106462144,4.600000000000003,44675.35508484509
MVI_40992,21,1,partial,long,44,EKF + CTRV,0.0,-0.5098000228592393,5.300000000000004,148224.42927950615
MVI_40992,21,1,partial,long,44,UKF + CTRV,0.0,-0.3975774859956017,3.0000000000000018,47033.237565892654
MVI_40992,21,2,partial,long,43,KF + CV,0.0,-0.2849494903448684,1.7000000000000006,14702.686376783739
MVI_40992,21,2,partial,long,43,EKF + CTRV,0.0,-0.30178336015185375,1.9000000000000008,25367.416230652412
MVI_40992,21,2,partial,long,43,UKF + CTRV,0.1950132834441104,0.09140763668472102,1.0,7232.554655326434
MVI_40992,23,0,partial,long,46,KF + CV,0.0,-0.43389763137892456,3.500000000000002,89936.98835133555
MVI_40992,23,0,partial,long,46,EKF + CTRV,0.0,-0.4613019793651419,3.8000000000000025,250355.7705845534
MVI_40992,23,0,partial,long,46,UKF + CTRV,0.0,-0.27512439146132706,1.5000000000000004,70901.20036181448
MVI_40992,23,1,partial,medium,32,KF + CV,0.04969753035251576,-0.1245291424892069,1.0,12312.681853642256
MVI_40992,23,1,partial,medium,32,EKF + CTRV,0.046667178657861096,-0.12893851160285347,1.0,15073.322829515804
MVI_40992,23,1,partial,medium,32,UKF + CTRV,0.0,-0.21330577416814658,1.1,10617.209209961273
MVI_40992,25,0,partial,medium,32,KF + CV,0.0,-0.3344014339789459,2.000000000000001,20724.50932327941
MVI_40992,25,0,partial,medium,32,EKF + CTRV,0.0,-0.37051478761647266,2.300000000000001,60786.34970814103
MVI_40992,25,0,partial,medium,32,UKF + CTRV,0.0,-0.310105123139763,1.7000000000000006,32769.78297364994
MVI_40992,26,0,partial,long,39,KF + CV,0.0,-0.43526645065150726,3.500000000000002,32796.16536647927
MVI_40992,26,0,partial,long,39,EKF + CTRV,0.0,-0.4636489432784376,3.8000000000000025,108192.96671406228
MVI_40992,26,0,partial,long,39,UKF + CTRV,0.0,-0.3464349866452229,2.300000000000001,48128.39136301581
MVI_40992,27,0,partial,long,44,KF + CV,0.0,-0.4064238850370158,2.8000000000000016,45550.45384010589
MVI_40992,27,0,partial,long,44,EKF + CTRV,0.0,-0.4461766378145347,3.200000000000002,153803.89139425874
MVI_40992,27,0,partial,long,44,UKF + CTRV,0.0,-0.3589150129069529,2.9000000000000017,44411.780649072636
MVI_40992,30,0,partial,long,85,KF + CV,0.0,-0.8527494880115833,inf,217590.1057325564
MVI_40992,30,0,partial,long,85,EKF + CTRV,0.0,-0.8602271329971584,inf,2136604.462591889
MVI_40992,30,0,partial,long,85,UKF + CTRV,0.0,-0.741029275808537,inf,151246.74973629307
MVI_40992,36,1,partial,long,67,KF + CV,0.0,-0.6266413996145217,9.500000000000007,139649.69020794533
MVI_40992,36,1,partial,long,67,EKF + CTRV,0.0,-0.648475227671002,11.100000000000009,565709.57949796
MVI_40992,36,1,partial,long,67,UKF + CTRV,0.0,-0.5757164274412752,9.600000000000007,102297.9562164978
MVI_40992,36,2,partial,long,47,KF + CV,0.4451751250302313,0.43397724716366365,1.0,21590.38209911722
MVI_40992,36,2,partial,long,47,EKF + CTRV,0.2847101959310331,0.2469818331731606,1.0,28890.689553552813
MVI_40992,36,2,partial,long,47,UKF + CTRV,0.35226448516586856,0.30306005507296785,1.0,8555.961241229223
MVI_40992,37,1,partial,medium,35,KF + CV,0.7986492673515649,0.7971916696831105,1.0,8434.178886083702
MVI_40992,37,1,partial,medium,35,EKF + CTRV,0.2891873854329373,0.23620915506066514,1.0,10430.984580028367
MVI_40992,37,1,partial,medium,35,UKF + CTRV,0.20945520487107308,0.1405005447646979,1.0,5106.975234750027
MVI_40992,40,0,partial,long,49,KF + CV,0.0,-0.5378044138190692,5.5000000000000036,57593.577253444775
MVI_40992,40,0,partial,long,49,EKF + CTRV,0.0,-0.56506868184269,5.900000000000004,216875.12638538177
MVI_40992,40,0,partial,long,49,UKF + CTRV,0.0,-0.4819900633122009,4.200000000000003,48066.96843814841
MVI_40992,43,0,partial,long,38,KF + CV,0.0,-0.4677339382988287,3.7000000000000024,32707.089814728883
MVI_40992,43,0,partial,long,38,EKF + CTRV,0.0,-0.5031561344004023,4.400000000000003,116233.24505451582
MVI_40992,43,0,partial,long,38,UKF + CTRV,0.0,-0.4347962660688462,3.200000000000002,48773.11100891119
MVI_41063,41,0,partial,long,44,KF + CV,0.0,-0.7123469810121219,9.000000000000007,12891.432842856872
MVI_41063,41,0,partial,long,44,EKF + CTRV,0.0,-0.729913378808296,9.600000000000007,167874.85719308446
MVI_41063,41,0,partial,long,44,UKF + CTRV,0.0,-0.6666215965667305,7.200000000000005,52706.52772606247
MVI_41063,59,1,partial,long,42,KF + CV,0.0,-0.6962960899676921,inf,23425.776538542592
MVI_41063,59,1,partial,long,42,EKF + CTRV,0.0,-0.6998416076409061,inf,120309.71670291302
MVI_41063,59,1,partial,long,42,UKF + CTRV,0.0,-0.6302373015070766,inf,36840.74952019654
MVI_41063,61,0,partial,medium,27,KF + CV,0.0,-0.5989358710264502,8.500000000000007,3392.4333277081514
MVI_41063,61,0,partial,medium,27,EKF + CTRV,0.0,-0.6072826404169959,8.600000000000007,24316.280238988616
MVI_41063,61,0,partial,medium,27,UKF + CTRV,0.0,-0.5732961703829362,7.400000000000006,19705.06799170711
MVI_41063,68,0,partial,medium,20,KF + CV,0.017727419638410843,-0.1990655106946244,1.0,733.1199397790277
MVI_41063,68,0,partial,medium,20,EKF + CTRV,0.009066428756934792,-0.21502312601381382,1.0,2002.077298700389
MVI_41063,68,0,partial,medium,20,UKF + CTRV,0.028311316014201258,-0.17260647636581022,1.0,1755.3150716206337
MVI_41063,78,0,partial,long,39,KF + CV,0.0,-0.8231911928454726,inf,4192.004588628432
MVI_41063,78,0,partial,long,39,EKF + CTRV,0.0,-0.8303658677540641,inf,45040.446446292764
MVI_41063,78,0,partial,long,39,UKF + CTRV,0.0,-0.7834898639977856,inf,22639.99309276941
MVI_41063,82,1,partial,medium,27,KF + CV,0.011875105770867594,-0.20827589477165492,1.0,2864.7378306071287
MVI_41063,82,1,partial,medium,27,EKF + CTRV,0.0,-0.23426192140341628,1.1,8513.964280503755
MVI_41063,82,1,partial,medium,27,UKF + CTRV,0.08909277842526962,-0.09149395007215465,1.0,6023.150540417096
MVI_41063,111,0,partial,long,54,KF + CV,0.0,-0.7781691519158545,inf,76236.52404837111
MVI_41063,111,0,partial,long,54,EKF + CTRV,0.0,-0.7891394478448532,inf,504408.4775820505
MVI_41063,111,0,partial,long,54,UKF + CTRV,0.0,-0.6840749573432185,inf,90233.96112164717
MVI_41063,113,1,partial,medium,22,KF + CV,0.40871189275777237,0.35431378171982475,1.0,641.658719861658
MVI_41063,113,1,partial,medium,22,EKF + CTRV,0.16421375634023336,0.0803702494521363,1.0,1308.797486026391
MVI_41063,113,1,partial,medium,22,UKF + CTRV,0.19857029499262555,0.13189823617091742,1.0,1064.6920255021748
MVI_41063,130,0,partial,long,53,KF + CV,0.0,-0.8761706291877182,inf,14144.59269346981
MVI_41063,130,0,partial,long,53,EKF + CTRV,0.0,-0.877731810211295,inf,348253.7507488601
MVI_41063,130,0,partial,long,53,UKF + CTRV,0.0,-0.8252683355495303,inf,105281.58497454779
MVI_41063,139,0,partial,long,44,KF + CV,0.0,-0.6315928374590508,11.000000000000009,18313.568239948192
MVI_41063,139,0,partial,long,44,EKF + CTRV,0.0,-0.6421587298125884,11.40000000000001,97987.66883392919
MVI_41063,139,0,partial,long,44,UKF + CTRV,0.0,-0.540045255517317,7.300000000000006,31709.522249892507
MVI_41063,142,1,partial,long,41,KF + CV,0.0,-0.7212864640149625,inf,5096.778027255285
MVI_41063,142,1,partial,long,41,EKF + CTRV,0.0,-0.7269197121727351,inf,51685.25846026034
MVI_41063,142,1,partial,long,41,UKF + CTRV,0.0,-0.6493470191617894,inf,23347.269909566043
MVI_41063,145,0,partial,medium,21,KF + CV,0.006215778858677827,-0.2148793204071428,1.0,752.9974394027851
MVI_41063,145,0,partial,medium,21,EKF + CTRV,0.0,-0.22846606417236154,1.1,2168.413899928664
MVI_41063,145,0,partial,medium,21,UKF + CTRV,0.028863026320165977,-0.16827871845287262,1.0,1823.4818168588235
MVI_41073,20,0,partial,medium,27,KF + CV,0.1413927597243057,-0.011781361599183943,1.0,1929.2587574802394
MVI_41073,20,0,partial,medium,27,EKF + CTRV,0.16298471212901236,0.007948676088963241,1.0,4389.981161776146
MVI_41073,20,0,partial,medium,27,UKF + CTRV,0.10720380963462722,-0.07412127399375767,1.0,3335.747645973763
MVI_41073,44,0,partial,long,38,KF + CV,0.0,-0.5475137679751465,6.200000000000005,3848.7170385383506
MVI_41073,44,0,partial,long,38,EKF + CTRV,0.0,-0.5459615401243652,6.100000000000005,19554.882232133634
MVI_41073,44,0,partial,long,38,UKF + CTRV,0.0,-0.5746255299381364,6.900000000000006,10577.984643691512
MVI_41073,46,0,partial,long,42,KF + CV,0.0,-0.5394891073503123,6.300000000000004,6369.402107155955
MVI_41073,46,0,partial,long,42,EKF + CTRV,0.0,-0.5373699498064124,6.200000000000005,29922.756322547102
MVI_41073,46,0,partial,long,42,UKF + CTRV,0.0,-0.5674519664099671,7.100000000000005,13782.341083019119
MVI_41073,66,0,partial,long,46,KF + CV,0.0,-0.600342232452215,6.800000000000004,6957.591083900109
MVI_41073,66,0,partial,long,46,EKF + CTRV,0.0,-0.6015405602920313,6.800000000000004,40253.5535940979
MVI_41073,66,0,partial,long,46,UKF + CTRV,0.0,-0.6385328769233707,8.000000000000005,15835.118285057284
MVI_41073,83,0,partial,long,51,KF + CV,0.0,-0.7585984092042511,11.80000000000001,12652.994773915583
MVI_41073,83,0,partial,long,51,EKF + CTRV,0.0,-0.7781307295625257,inf,65857.63596292488
MVI_41073,83,0,partial,long,51,UKF + CTRV,0.0,-0.8072512663267988,inf,17025.010885974556
MVI_41073,105,0,partial,long,48,KF + CV,0.0,-0.5424375747421352,5.900000000000004,7516.745790918901
MVI_41073,105,0,partial,long,48,EKF + CTRV,0.0,-0.544205131526909,5.900000000000004,38032.9558605615
MVI_41073,105,0,partial,long,48,UKF + CTRV,0.0,-0.5867642961224616,7.200000000000005,13110.496093625998
MVI_41073,139,0,partial,medium,22,KF + CV,0.0,-0.5899272483473811,7.700000000000006,6493.879830919264
MVI_41073,139,0,partial,medium,22,EKF + CTRV,0.0,-0.5970687808708705,7.900000000000006,21166.433503586268
MVI_41073,139,0,partial,medium,22,UKF + CTRV,0.0,-0.5762785667787356,7.200000000000005,18358.374397044303
MVI_63521,25,1,partial,medium,21,KF + CV,0.8723073370477957,0.8721867536430954,1.0,2703.0482316798234
MVI_63521,25,1,partial,medium,21,EKF + CTRV,0.8343479002873087,0.8339797057275594,1.0,1961.2962288335987
MVI_63521,25,1,partial,medium,21,UKF + CTRV,0.8348981095877867,0.8344940343367754,1.0,1938.5296006293033
MVI_63521,50,0,partial,long,41,KF + CV,0.45682212583472287,0.43853813163558525,1.0,2222.686459384887
MVI_63521,50,0,partial,long,41,EKF + CTRV,0.45547867616237747,0.44435634297128085,1.0,2113.1841734237287
MVI_63521,50,0,partial,long,41,UKF + CTRV,0.4568221258347236,0.44642289508554844,1.0,1504.6333015240925
MVI_63521,52,1,partial,long,89,KF + CV,0.0,-0.20858266279658857,1.1,72783.94801544328
MVI_63521,52,1,partial,long,89,EKF + CTRV,0.013737027160304735,-0.1894757317229308,1.0,75897.901655512
MVI_63521,52,1,partial,long,89,UKF + CTRV,0.0,-0.22237018686598742,1.2000000000000002,49359.7588997209
MVI_63521,57,1,partial,medium,33,KF + CV,0.6635223148745144,0.6619221348920842,1.0,12198.030720318291
MVI_63521,57,1,partial,medium,33,EKF + CTRV,0.6567274620499755,0.6508222100729524,1.0,12541.514448535278
MVI_63521,57,1,partial,medium,33,UKF + CTRV,0.6027242395280509,0.5950322098673446,1.0,7736.23097687537
MVI_63521,63,1,partial,medium,21,KF + CV,0.5501131875055554,0.5314969926833312,1.0,500.7249061110801
MVI_63521,63,1,partial,medium,21,EKF + CTRV,0.4731250345767876,0.4529077270352414,1.0,358.2786839270631
MVI_63521,63,1,partial,medium,21,UKF + CTRV,0.515715956434634,0.5050122955190202,1.0,356.99772754632465
MVI_63521,77,0,partial,long,44,KF + CV,0.0,-0.35757553774008305,3.7000000000000024,13045.8639217614
MVI_63521,77,0,partial,long,44,EKF + CTRV,0.0,-0.41097249711654105,4.3000000000000025,15841.170969522354
MVI_63521,77,0,partial,long,44,UKF + CTRV,0.0,-0.3110148573587805,3.200000000000002,8066.2402012404855
MVI_63521,83,0,partial,medium,25,KF + CV,0.4399187291021926,0.4086463697845545,1.0,5267.363250310819
MVI_63521,83,0,partial,medium,25,EKF + CTRV,0.45070178486229057,0.41861300505661553,1.0,6192.541109524738
MVI_63521,83,0,partial,medium,25,UKF + CTRV,0.2947054332966086,0.2355318051124163,1.0,3589.3380364227983
MVI_63544,6,1,partial,long,53,KF + CV,0.0,-0.38763065655302165,2.8000000000000016,53891.92261616611
MVI_63544,6,1,partial,long,53,EKF + CTRV,0.0,-0.4779333800667965,3.6000000000000023,95351.96862225828
MVI_63544,6,1,partial,long,53,UKF + CTRV,0.0,-0.5276354134757936,4.5000000000000036,29343.20103642172
MVI_63544,8,3,partial,long,62,KF + CV,0.0,-0.3619750899572584,2.200000000000001,58045.16464968529
MVI_63544,8,3,partial,long,62,EKF + CTRV,0.0,-0.35865301767471003,2.200000000000001,147609.07497671497
MVI_63544,8,3,partial,long,62,UKF + CTRV,0.0,-0.47493093444857454,3.7000000000000024,30904.06134338851
MVI_63544,12,0,partial,long,84,KF + CV,0.0,-0.23337242618115292,1.3000000000000003,117818.17033744132
MVI_63544,12,0,partial,long,84,EKF + CTRV,0.0,-0.2702731946825894,1.6000000000000005,452068.0667024398
MVI_63544,12,0,partial,long,84,UKF + CTRV,0.0,-0.5277607232914373,4.700000000000003,60299.0038638978
MVI_63544,13,0,partial,long,39,KF + CV,0.7831653484307066,0.7825651920525134,1.0,31220.79432140302
MVI_63544,13,0,partial,long,39,EKF + CTRV,0.73789787220928,0.7358416186385727,1.0,42916.86230254433
MVI_63544,13,0,partial,long,39,UKF + CTRV,0.7831653484307117,0.7815138999938134,1.0,25606.955998522422
MVI_63544,15,0,partial,medium,30,KF + CV,0.6047138590390231,0.6004115807291874,1.0,8880.734494447634
MVI_63544,15,0,partial,medium,30,EKF + CTRV,0.2134309746094545,0.14454410027459647,1.0,13073.150536278918
MVI_63544,15,0,partial,medium,30,UKF + CTRV,0.16066092305876317,0.07134306939947105,1.0,6089.525460305722
MVI_63552,23,0,partial,long,58,KF + CV,0.0,-0.21302068836899238,1.4000000000000004,103067.9138880741
MVI_63552,23,0,partial,long,58,EKF + CTRV,0.0,-0.6810345390911855,7.700000000000006,1919630.1706415592
MVI_63552,23,0,partial,long,58,UKF + CTRV,0.0,-0.5987400650807287,5.400000000000004,65968.31644519043
MVI_63552,31,0,partial,long,50,KF + CV,0.14884506323982358,0.1227678658324042,1.0,56226.11495678975
MVI_63552,31,0,partial,long,50,EKF + CTRV,0.0,-0.529118332089517,4.600000000000003,474482.68233519926
MVI_63552,31,0,partial,long,50,UKF + CTRV,0.0,-0.4330848453109119,3.200000000000002,47501.64719434409
MVI_63552,32,0,partial,medium,25,KF + CV,0.0,-0.3319628383014795,1.9000000000000008,2377.6746267434223
MVI_63552,32,0,partial,medium,25,EKF + CTRV,0.0,-0.34417584924118527,2.000000000000001,8202.503320234237
MVI_63552,32,0,partial,medium,25,UKF + CTRV,0.0,-0.30762590020628267,1.7000000000000006,6240.169454792034
MVI_63552,37,0,partial,long,44,KF + CV,0.0,-0.758020762175852,inf,13995.001528486862
MVI_63552,37,0,partial,long,44,EKF + CTRV,0.0,-0.7682999161062588,inf,202509.0655598795
MVI_63552,37,0,partial,long,44,UKF + CTRV,0.0,-0.6967526521724234,inf,75840.34328230296
MVI_63552,69,0,partial,long,63,KF + CV,0.10712391393557968,0.07557860299712768,1.0,207606.8457608802
MVI_63552,69,0,partial,long,63,EKF + CTRV,0.0,-0.45710793835229024,3.6000000000000023,3261364.2821380035
MVI_63552,69,0,partial,long,63,UKF + CTRV,0.0,-0.4549484962935626,3.300000000000002,152844.21209011896
MVI_63552,81,0,partial,medium,20,KF + CV,0.0,-0.3163918467695583,1.7000000000000006,1742.6223753026957
MVI_63552,81,0,partial,medium,20,EKF + CTRV,0.0,-0.32060107741708427,1.8000000000000007,5140.6976568543305
MVI_63552,81,0,partial,medium,20,UKF + CTRV,0.0,-0.29672125178632236,1.6000000000000005,4421.339807815882
MVI_63552,91,0,partial,long,58,KF + CV,0.026411184596544957,-0.06554429003024685,1.0,174665.5337245924
MVI_63552,91,0,partial,long,58,EKF + CTRV,0.0,-0.4809246822723348,2.8000000000000016,1582164.6295749187
MVI_63552,91,0,partial,long,58,UKF + CTRV,0.0,-0.48006451171376957,2.8000000000000016,109782.1332560792
MVI_63552,107,0,partial,long,62,KF + CV,0.033490389391432375,0.005697926453343865,1.0,190108.73992745965
MVI_63552,107,0,partial,long,62,EKF + CTRV,0.0,-0.23700542159428248,1.6000000000000005,2105522.9897420215
MVI_63552,107,0,partial,long,62,UKF + CTRV,0.0,-0.3034936816787973,1.8000000000000007,131785.15934382656
MVI_63552,113,0,partial,long,53,KF + CV,0.028240135199302966,-0.013045257419219542,1.0,148601.6466358148
MVI_63552,113,0,partial,long,53,EKF + CTRV,0.0,-0.49666162235409606,3.6000000000000023,1521811.0187941778
MVI_63552,113,0,partial,long,53,UKF + CTRV,0.0,-0.413880572665097,2.5000000000000013,95700.57625550465
MVI_63552,138,0,partial,long,53,KF + CV,0.019159989097484443,-0.1174194639755247,1.0,124529.46030663385
MVI_63552,138,0,partial,long,53,EKF + CTRV,0.0,-0.497027233613929,3.100000000000002,1421304.8585584364
MVI_63552,138,0,partial,long,53,UKF + CTRV,0.0,-0.5166783511462092,3.500000000000002,81873.56702356273
MVI_63552,143,0,partial,medium,37,KF + CV,0.030308419621731492,-0.0704197144973744,1.0,123374.83504627738
MVI_63552,143,0,partial,medium,37,EKF + CTRV,0.04515253920546393,-0.07989816894058334,1.0,524486.5913254918
MVI_63552,143,0,partial,medium,37,UKF + CTRV,0.0,-0.1977448402984085,1.2000000000000002,75439.20293411742
MVI_63553,17,0,partial,long,73,KF + CV,0.02215390421187885,-0.1514865715137328,1.0,219753.25408847257
MVI_63553,17,0,partial,long,73,EKF + CTRV,0.0,-0.37011095946775885,1.7000000000000006,5523482.794206938
MVI_63553,17,0,partial,long,73,UKF + CTRV,0.0,-0.3285595097203258,2.200000000000001,185826.20474798165
MVI_63553,29,0,partial,long,52,KF + CV,0.0,-0.6679502292526787,7.200000000000005,19803.29319897703
MVI_63553,29,0,partial,long,52,EKF + CTRV,0.0,-0.6919055319958114,7.900000000000006,280042.513634288
MVI_63553,29,0,partial,long,52,UKF + CTRV,0.0,-0.575991271892218,4.900000000000004,55736.60012417004
MVI_63553,32,0,partial,long,38,KF + CV,0.0,-0.5592395120060661,5.100000000000003,5551.387371942731
MVI_63553,32,0,partial,long,38,EKF + CTRV,0.0,-0.5630837016109582,5.100000000000003,39349.88102008825
MVI_63553,32,0,partial,long,38,UKF + CTRV,0.0,-0.47848997212811034,3.6000000000000023,22145.029847405363
MVI_63553,41,0,partial,long,44,KF + CV,0.0,-0.6590075556937476,8.600000000000007,8371.541103992353
MVI_63553,41,0,partial,long,44,EKF + CTRV,0.0,-0.674320964959144,8.900000000000007,81720.52967726179
MVI_63553,41,0,partial,long,44,UKF + CTRV,0.0,-0.578036260050195,5.900000000000004,30702.525963267773
MVI_63553,67,0,partial,long,72,KF + CV,0.011794654410896908,-0.039935045963175965,1.0,353083.14969214535
MVI_63553,67,0,partial,long,72,EKF + CTRV,0.0,-0.615252600163807,5.5000000000000036,2826845.8203243436
MVI_63553,67,0,partial,long,72,UKF + CTRV,0.0,-0.5591147782056108,4.100000000000003,203681.8178336907
MVI_63553,74,0,partial,medium,31,KF + CV,0.0,-0.6184757565343795,7.000000000000005,5832.867906103322
MVI_63553,74,0,partial,medium,31,EKF + CTRV,0.0,-0.6340099797196066,7.300000000000006,41876.23066727349
MVI_63553,74,0,partial,medium,31,UKF + CTRV,0.0,-0.5919531522708236,6.100000000000005,26874.487682910098
MVI_63553,83,0,partial,medium,21,KF + CV,0.25335533476109573,0.13205013337948857,1.0,1193.4499384573635
MVI_63553,83,0,partial,medium,21,EKF + CTRV,0.15683812803433217,0.02457953878118649,1.0,2657.78033752566
MVI_63553,83,0,partial,medium,21,UKF + CTRV,0.19598928269145163,0.08933004135816656,1.0,2229.044761948233
MVI_63553,85,0,partial,long,58,KF + CV,0.0,-0.549626735155072,4.100000000000003,75981.3968138898
MVI_63553,85,0,partial,long,58,EKF + CTRV,0.0,-0.7520436001459775,inf,3010604.872075565
MVI_63553,85,0,partial,long,58,UKF + CTRV,0.0,-0.7170202727094824,10.700000000000008,90197.81601465237
MVI_63553,102,0,partial,long,57,KF + CV,0.0,-0.5676176975150163,4.600000000000003,40360.153346964216
MVI_63553,102,0,partial,long,57,EKF + CTRV,0.0,-0.5990673140539399,5.100000000000003,685657.0906018111
MVI_63553,102,0,partial,long,57,UKF + CTRV,0.003406621041117666,-0.2093934472131109,1.0,63847.32952460013
MVI_63553,109,0,partial,long,66,KF + CV,0.0006148882839973574,-0.22211864667255335,1.0,389952.15372665075
MVI_63553,109,0,partial,long,66,EKF + CTRV,0.0,-0.6028872330215809,5.0000000000000036,3859116.8621385284
MVI_63553,109,0,partial,long,66,UKF + CTRV,0.0,-0.4976344441480298,3.400000000000002,201530.59112648192
MVI_63553,120,0,partial,medium,28,KF + CV,0.0,-0.3914566088483587,2.7000000000000015,4410.774213523913
MVI_63553,120,0,partial,medium,28,EKF + CTRV,0.0,-0.40558750155456624,2.9000000000000017,25609.160245767
MVI_63553,120,0,partial,medium,28,UKF + CTRV,0.0,-0.3461295598364772,2.100000000000001,19363.053977714542
MVI_63553,121,0,partial,long,68,KF + CV,0.00836078561339136,-0.041628643946574916,1.0,433721.06637184205
MVI_63553,121,0,partial,long,68,EKF + CTRV,0.0,-0.23526795080208926,1.9000000000000008,5614062.809027791
MVI_63553,121,0,partial,long,68,UKF + CTRV,0.008360785613391422,-0.060109944089651625,1.0,213973.02841166634
MVI_63553,123,0,partial,long,45,KF + CV,0.0,-1.0727619910402342,inf,11524.135555060288
MVI_63553,123,0,partial,long,45,EKF + CTRV,0.0,-1.0681229365109473,inf,127087.74851785525
MVI_63553,123,0,partial,long,45,UKF + CTRV,0.0,-1.1033874271460233,inf,54906.12976915944
MVI_63553,124,0,partial,long,62,KF + CV,0.0,-0.3781669798353884,1.9000000000000008,99891.62287591479
MVI_63553,124,0,partial,long,62,EKF + CTRV,0.0,-0.6762718190858928,8.300000000000006,2575194.79686697
MVI_63553,124,0,partial,long,62,UKF + CTRV,0.0,-0.6298241535267374,6.600000000000005,91717.07187534137
MVI_63553,134,0,partial,long,66,KF + CV,0.0,-0.22392037012418695,1.2000000000000002,315028.0367623592
MVI_63553,134,0,partial,long,66,EKF + CTRV,0.0,-0.6332241409082685,5.900000000000004,3200723.897779728
MVI_63553,134,0,partial,long,66,UKF + CTRV,0.0,-0.5462541515376572,4.3000000000000025,229332.67373466113
MVI_63553,139,0,partial,long,63,KF + CV,0.0,-0.5560183822846505,4.400000000000003,71154.67066778796
MVI_63553,139,0,partial,long,63,EKF + CTRV,0.0,-0.8793284448566315,inf,3093467.9364364203
MVI_63553,139,0,partial,long,63,UKF + CTRV,0.0,-0.8081218348423266,inf,77231.43068316593
MVI_63553,140,0,partial,medium,34,KF + CV,0.0,-0.4813747303590408,3.300000000000002,6122.49317694016
MVI_63553,140,0,partial,medium,34,EKF + CTRV,0.0,-0.48598913880330497,3.400000000000002,36281.159405327024
MVI_63553,140,0,partial,medium,34,UKF + CTRV,0.0,-0.41150943270414336,2.5000000000000013,23425.710438574828
MVI_63553,144,0,partial,long,54,KF + CV,0.0,-0.3742227545343597,2.200000000000001,96165.46630209088
MVI_63553,144,0,partial,long,54,EKF + CTRV,0.0,-0.48103720538352257,3.200000000000002,2173959.4973914786
MVI_63553,144,0,partial,long,54,UKF + CTRV,0.07929685038792077,0.025457514460898445,1.0,120385.80202817368
MVI_63553,149,0,partial,long,41,KF + CV,0.0,-0.5099852146416186,6.200000000000005,35252.48208548925
MVI_63553,149,0,partial,long,41,EKF + CTRV,0.0,-0.5180709624357802,6.400000000000004,112731.89981728587
MVI_63553,149,0,partial,long,41,UKF + CTRV,0.0,-0.5488345296985115,7.300000000000006,16479.688495070397
MVI_63553,156,0,partial,long,57,KF + CV,0.0,-0.22097266096581641,1.6000000000000005,89623.60128604653
MVI_63553,156,0,partial,long,57,EKF + CTRV,0.0,-0.712659571411088,9.100000000000007,2272206.3924587932
MVI_63553,156,0,partial,long,57,UKF + CTRV,0.0,-0.6222653442719203,7.000000000000005,71600.29981273456
MVI_63553,157,0,partial,medium,21,KF + CV,0.1471917799433898,0.0678559070202491,1.0,4053.274926610683
MVI_63553,157,0,partial,medium,21,EKF + CTRV,0.23240239709782187,0.19566113768329332,1.0,29704.142115613442
MVI_63553,157,0,partial,medium,21,UKF + CTRV,0.1723924848906019,0.05489119959839445,1.0,13954.503008027643
MVI_63553,165,0,partial,long,62,KF + CV,0.0,-0.5554871693729495,5.100000000000003,75685.03860791188
MVI_63553,165,0,partial,long,62,EKF + CTRV,0.0,-0.7218451510018195,10.500000000000009,2913063.357541757
MVI_63553,165,0,partial,long,62,UKF + CTRV,0.0,-0.7108580253475326,9.400000000000007,100865.19048897162
MVI_63553,166,0,partial,long,55,KF + CV,0.0,-0.9124768567698791,inf,19460.268610366613
MVI_63553,166,0,partial,long,55,EKF + CTRV,0.0,-0.9614718464157983,inf,619250.1521956943
MVI_63553,166,0,partial,long,55,UKF + CTRV,0.0,-0.9186528462698471,inf,26544.526848781403
MVI_63553,166,1,partial,medium,24,KF + CV,0.03867958848197202,-0.15933164725488758,1.0,1695.0529262548578
MVI_63553,166,1,partial,medium,24,EKF + CTRV,0.03314823545206047,-0.1770132092318936,1.0,3871.1279600061853
MVI_63553,166,1,partial,medium,24,UKF + CTRV,0.1073716759484203,-0.06498205905579275,1.0,3024.6996387605313
MVI_63553,170,0,partial,long,72,KF + CV,0.0,-0.4396416935772926,2.7000000000000015,85128.8811363151
MVI_63553,170,0,partial,long,72,EKF + CTRV,0.0,-0.5547305103833599,4.200000000000003,1821761.0766747766
MVI_63553,170,0,partial,long,72,UKF + CTRV,0.0,-0.46095414938175006,3.9000000000000026,90485.29868652376
MVI_63553,173,0,partial,long,57,KF + CV,0.0,-0.6608506022731638,9.700000000000008,75011.50028722797
MVI_63553,173,0,partial,long,57,EKF + CTRV,0.0,-0.8881585164307996,inf,2262860.7066210085
MVI_63553,173,0,partial,long,57,UKF + CTRV,0.0,-0.8448253577812124,inf,94329.0244304676
MVI_63553,174,0,partial,long,43,KF + CV,0.002494480113703406,-0.15906681732407824,1.0,32685.374818821907
MVI_63553,174,0,partial,long,43,EKF + CTRV,0.0,-0.3825793743438277,3.200000000000002,414241.6186541792
MVI_63553,174,0,partial,long,43,UKF + CTRV,0.0,-0.27312022880565195,2.100000000000001,59395.657568788454
MVI_63553,185,0,partial,medium,32,KF + CV,0.02049989644003776,-0.16044603381616052,1.0,25565.19848931259
MVI_63553,185,0,partial,medium,32,EKF + CTRV,0.05420308570717272,-0.09838049370108354,1.0,286198.54021243943
MVI_63553,185,0,partial,medium,32,UKF + CTRV,0.0,-0.3021391444055309,1.6000000000000005,19853.145421319357
MVI_63553,186,0,partial,medium,21,KF + CV,0.18786085548243844,0.0872110578292668,1.0,5707.580427381426
MVI_63553,186,0,partial,medium,21,EKF + CTRV,0.3238426325669879,0.27657931879233055,1.0,48692.7986345689
MVI_63553,186,0,partial,medium,21,UKF + CTRV,0.10680270666947447,-0.04522400692928316,1.0,16876.249361177455
MVI_63553,190,0,partial,long,57,KF + CV,0.020529295894195897,-0.01663256968960569,1.0,191132.49536001348
MVI_63553,190,0,partial,long,57,EKF + CTRV,0.0,-0.41986055308838305,2.9000000000000017,1535600.6818838743
MVI_63553,190,0,partial,long,57,UKF + CTRV,0.0,-0.3955187268065991,2.4000000000000012,141432.7402659826
MVI_63554,11,0,partial,long,52,KF + CV,0.02858791859135476,0.022251756408992074,1.0,188433.69147797153
MVI_63554,11,0,partial,long,52,EKF + CTRV,0.0,-0.24164531431404057,1.8000000000000007,1838868.5406406727
MVI_63554,11,0,partial,long,52,UKF + CTRV,0.0,-0.26473187480227856,1.3000000000000003,128110.1037832224
MVI_63554,15,0,partial,long,65,KF + CV,0.0,-0.33799453611699737,1.6000000000000005,121008.52964652936
MVI_63554,15,0,partial,long,65,EKF + CTRV,0.0,-0.699802843197656,8.200000000000006,1648514.7306644768
MVI_63554,15,0,partial,long,65,UKF + CTRV,0.0,-0.6070368577491897,6.100000000000005,121483.23713733863
MVI_63554,19,0,partial,long,62,KF + CV,0.0,-0.3783116895896617,2.200000000000001,101382.36615578028
MVI_63554,19,0,partial,long,62,EKF + CTRV,0.0,-0.5719720970905886,5.5000000000000036,2576324.0268720156
MVI_63554,19,0,partial,long,62,UKF + CTRV,0.0,-0.5449615038555636,5.100000000000003,95400.29119920912
MVI_63554,20,0,partial,long,57,KF + CV,0.028953002508993513,-0.03554565011280061,1.0,253455.2882340784
MVI_63554,20,0,partial,long,57,EKF + CTRV,0.0,-0.4797673214261481,3.300000000000002,2135690.088084468
MVI_63554,20,0,partial,long,57,UKF + CTRV,0.0,-0.41695466341486,2.6000000000000014,178672.29483687156
MVI_63554,23,0,partial,long,45,KF + CV,0.13617363142952557,0.1197500456763284,1.0,39813.773235932706
MVI_63554,23,0,partial,long,45,EKF + CTRV,0.0,-0.22542690353192046,1.7000000000000006,478492.482993371
MVI_63554,23,0,partial,long,45,UKF + CTRV,0.0,-0.3063401007781635,1.6000000000000005,43744.92504736378
MVI_63554,33,0,partial,long,45,KF + CV,0.0,-0.6720064717475653,inf,19112.575663590997
MVI_63554,33,0,partial,long,45,EKF + CTRV,0.0,-0.6740972462734215,inf,142479.48796570644
MVI_63554,33,0,partial,long,45,UKF + CTRV,0.0,-0.5514220009897439,7.700000000000006,59246.13264126725
MVI_63554,41,0,partial,medium,25,KF + CV,0.2608606724417665,0.17123318200803928,1.0,1454.4040465836347
MVI_63554,41,0,partial,medium,25,EKF + CTRV,0.09777568625976456,-0.024526219675154948,1.0,4074.766035832064
MVI_63554,41,0,partial,medium,25,UKF + CTRV,0.12386006681344593,0.03115436174272039,1.0,3039.9240109933316
MVI_63554,43,0,partial,long,62,KF + CV,0.018751648244360083,-0.01054171508736398,1.0,193160.7022914043
MVI_63554,43,0,partial,long,62,EKF + CTRV,0.0,-0.21448741868639856,1.6000000000000005,2358628.8481498905
MVI_63554,43,0,partial,long,62,UKF + CTRV,0.0,-0.2306929574189764,1.1,110856.45304438546
MVI_63554,49,0,partial,long,54,KF + CV,0.0,-0.6600422670165128,7.300000000000006,21887.61616484551
MVI_63554,49,0,partial,long,54,EKF + CTRV,0.0,-0.6632809211174159,7.400000000000006,303353.20794139267
MVI_63554,49,0,partial,long,54,UKF + CTRV,0.0,-0.4906808789935521,3.6000000000000023,79246.31197439587
MVI_63554,50,0,partial,long,63,KF + CV,0.017907031058443917,0.016283360818746217,1.0,178807.7743765279
MVI_63554,50,0,partial,long,63,EKF + CTRV,0.0,-0.4826040769001724,4.200000000000003,2885502.5717029236
MVI_63554,50,0,partial,long,63,UKF + CTRV,0.0,-0.4191479235606769,2.6000000000000014,137908.11061238457
MVI_63554,55,0,partial,long,62,KF + CV,0.0,-0.44847858058057044,3.0000000000000018,167290.34086084747
MVI_63554,55,0,partial,long,62,EKF + CTRV,0.0,-0.6791766932106484,7.900000000000006,3866079.59012022
MVI_63554,55,0,partial,long,62,UKF + CTRV,0.0,-0.5106932754916453,3.9000000000000026,120492.43761480684
MVI_63554,58,0,partial,medium,21,KF + CV,0.0,-0.3051805330242155,2.300000000000001,8406.551259869924
MVI_63554,58,0,partial,medium,21,EKF + CTRV,0.0,-0.34078248470504,2.9000000000000017,21397.221932188444
MVI_63554,58,0,partial,medium,21,UKF + CTRV,0.0,-0.3589783447436058,3.200000000000002,6493.065490203473
MVI_63554,62,1,partial,medium,35,KF + CV,0.0,-0.6913584419831582,inf,3713.8726216234268
MVI_63554,62,1,partial,medium,35,EKF + CTRV,0.0,-0.6948852445913823,inf,37524.446065408956
MVI_63554,62,1,partial,medium,35,UKF + CTRV,0.0,-0.6429719979091559,inf,24870.405999036746
MVI_63554,68,0,partial,long,57,KF + CV,0.013006880191293096,0.007409338723692308,1.0,204330.88346756503
MVI_63554,68,0,partial,long,57,EKF + CTRV,0.0,-0.5326366525708919,3.400000000000002,1517028.572491404
MVI_63554,68,0,partial,long,57,UKF + CTRV,0.0,-0.49316914597682215,2.7000000000000015,141236.97519157676
MVI_63554,72,0,partial,medium,20,KF + CV,0.4605705642664631,0.422300390440552,1.0,1026.4800563303027
MVI_63554,72,0,partial,medium,20,EKF + CTRV,0.0,-0.12822078387778416,1.2000000000000002,2033.038751511489
MVI_63554,72,0,partial,medium,20,UKF + CTRV,0.0,-0.12137905535945971,1.2000000000000002,1739.4472979387226
MVI_63554,87,0,partial,medium,31,KF + CV,0.0,-0.4229520526964766,5.300000000000004,16328.32095306308
MVI_63554,87,0,partial,medium,31,EKF + CTRV,0.0,-0.41089699413925845,5.0000000000000036,45815.64769518402
MVI_63554,87,0,partial,medium,31,UKF + CTRV,0.0,-0.4553986146251118,6.200000000000005,8190.706199838896
MVI_63554,90,0,partial,medium,20,KF + CV,0.16417970374647575,0.02143701507079543,1.0,757.8773346602524
MVI_63554,90,0,partial,medium,20,EKF + CTRV,0.09443872988703109,-0.06165442486923561,1.0,1927.4092230762965
MVI_63554,90,0,partial,medium,20,UKF + CTRV,0.12358077628505254,-0.009501258978257487,1.0,1627.3026508057874
MVI_63554,93,0,partial,long,39,KF + CV,0.0,-0.23195224504931897,1.1,34047.41530152709
MVI_63554,93,0,partial,long,39,EKF + CTRV,0.0,-0.46332889733011545,3.400000000000002,585637.5603395761
MVI_63554,93,0,partial,long,39,UKF + CTRV,0.0,-0.4234994256422882,3.200000000000002,53729.178542142
MVI_63554,94,0,partial,medium,26,KF + CV,0.0,-0.29396913926291957,1.8000000000000007,12020.436226859401
MVI_63554,94,0,partial,medium,26,EKF + CTRV,0.0,-0.2927849155449613,1.7000000000000006,23796.287531558977
MVI_63554,94,0,partial,medium,26,UKF + CTRV,0.0,-0.31280419685090394,2.000000000000001,17292.357549387358
MVI_63554,115,0,partial,long,53,KF + CV,0.02350670256349686,-0.136211634333568,1.0,117584.64863777434
MVI_63554,115,0,partial,long,53,EKF + CTRV,0.0,-0.39940989429286944,2.5000000000000013,2287168.6841351986
MVI_63554,115,0,partial,long,53,UKF + CTRV,0.0,-0.26770078713072515,2.300000000000001,138171.08821593155
MVI_63554,117,0,partial,long,53,KF + CV,0.0,-0.29452948663953227,1.4000000000000004,77161.63773920525
MVI_63554,117,0,partial,long,53,EKF + CTRV,0.0,-0.47409528553218994,2.9000000000000017,2235412.3991070697
MVI_63554,117,0,partial,long,53,UKF + CTRV,0.0,-0.3230767281876672,2.7000000000000015,112637.78787685667
MVI_63554,126,0,partial,medium,37,KF + CV,0.0,-0.46651503306823533,4.200000000000003,25888.549420111693
MVI_63554,126,0,partial,medium,37,EKF + CTRV,0.0,-0.466545990245204,4.200000000000003,78074.81982996906
MVI_63554,126,0,partial,medium,37,UKF + CTRV,0.0,-0.5158429011809558,5.200000000000003,25420.015749491675
MVI_63554,139,0,partial,long,48,KF + CV,0.024609724397791348,-0.16421636512920287,1.0,50354.302786042
MVI_63554,139,0,partial,long,48,EKF + CTRV,0.0,-0.36339229043189936,2.000000000000001,1421645.3369749384
MVI_63554,139,0,partial,long,48,UKF + CTRV,0.0,-0.13265464882704603,1.1,108919.77518603137
MVI_63554,143,0,partial,long,57,KF + CV,0.0,-0.4495718268916492,2.5000000000000013,69539.12069268977
MVI_63554,143,0,partial,long,57,EKF + CTRV,0.0,-0.8009235713817482,inf,1784716.7823999757
MVI_63554,143,0,partial,long,57,UKF + CTRV,0.0,-0.7179270558362235,10.100000000000007,76281.59692095045
MVI_63554,158,0,partial,long,54,KF + CV,0.0,-0.5515300209788788,4.5000000000000036,42914.140354096715
MVI_63554,158,0,partial,long,54,EKF + CTRV,0.0,-0.6984207216227714,10.400000000000007,836163.127195881
MVI_63554,158,0,partial,long,54,UKF + CTRV,0.0,-0.6352426162681493,8.400000000000006,55587.68085932589
MVI_63554,168,0,partial,long,53,KF + CV,0.0,-0.5984328604669897,5.900000000000004,42445.24752988129
MVI_63554,168,0,partial,long,53,EKF + CTRV,0.0,-0.711650903626318,11.000000000000009,1822974.8985187865
MVI_63554,168,0,partial,long,53,UKF + CTRV,0.0,-0.6216638512248943,10.600000000000009,93471.7823581884
MVI_63561,10,0,partial,medium,23,KF + CV,0.03096597351557151,-0.16521012608229407,1.0,2816.815918858931
MVI_63561,10,0,partial,medium,23,EKF + CTRV,0.04404907496182743,-0.13815987295189264,1.0,8618.359864828115
MVI_63561,10,0,partial,medium,23,UKF + CTRV,0.01358837163186463,-0.1979239232541436,1.0,6818.265082528153
MVI_63561,15,0,partial,long,40,KF + CV,0.0,-0.9185479428473466,inf,33921.98176453476
MVI_63561,15,0,partial,long,40,EKF + CTRV,0.0,-0.9258539726239939,inf,206822.5983827885
MVI_63561,15,0,partial,long,40,UKF + CTRV,0.0,-0.9025730084802823,inf,104199.57166095603
MVI_63561,28,0,partial,medium,25,KF + CV,0.19269295265196454,0.07933782420592016,1.0,3539.8484870881707
MVI_63561,28,0,partial,medium,25,EKF + CTRV,0.0504403597849446,-0.11208927488292231,1.0,16686.27986808387
MVI_63561,28,0,partial,medium,25,UKF + CTRV,0.04645073447892233,-0.15033082999027347,1.0,7068.978873984688
MVI_63561,66,0,partial,medium,21,KF + CV,0.0901826417942077,-0.09127462998055609,1.0,2146.462878177924
MVI_63561,66,0,partial,medium,21,EKF + CTRV,0.10627300865576915,-0.06603165102457055,1.0,5495.947541335436
MVI_63561,66,0,partial,medium,21,UKF + CTRV,0.06979297572432111,-0.11926270875067876,1.0,4827.786153266549
MVI_63561,71,0,partial,long,48,KF + CV,0.0,-0.5474585252137015,9.200000000000006,8941.791471450455
MVI_63561,71,0,partial,long,48,EKF + CTRV,0.0,-0.5331592429481268,8.700000000000006,155571.02340622622
MVI_63561,71,0,partial,long,48,UKF + CTRV,0.0,-0.609769404175008,inf,6991.268569055659
MVI_63561,84,0,partial,long,52,KF + CV,0.0,-0.46446817462782586,4.100000000000003,15635.498263757596
MVI_63561,84,0,partial,long,52,EKF + CTRV,0.0,-0.5057629811495232,4.800000000000003,106830.68546136263
MVI_63561,84,0,partial,long,52,UKF + CTRV,0.0,-0.5485451609156338,5.900000000000004,14260.288021031865
MVI_63561,100,2,partial,medium,24,KF + CV,0.07966623762735328,-0.08600492562079629,1.0,3966.7123479037214
MVI_63561,100,2,partial,medium,24,EKF + CTRV,0.07618873614660689,-0.086368426573343,1.0,6909.209031433252
MVI_63561,100,2,partial,medium,24,UKF + CTRV,0.04399899264705702,-0.14085381462417407,1.0,5317.438177231369
MVI_63561,102,0,partial,long,48,KF + CV,0.0,-0.3546246350331069,2.300000000000001,8909.82512450343
MVI_63561,102,0,partial,long,48,EKF + CTRV,0.0,-0.3547684422498146,2.300000000000001,94123.5752107031
MVI_63561,102,0,partial,long,48,UKF + CTRV,0.0,-0.4306109525631979,2.9000000000000017,8208.681061159652
MVI_63561,102,1,partial,medium,25,KF + CV,0.0,-0.24260594563114904,1.2000000000000002,2635.6392096267837
MVI_63561,102,1,partial,medium,25,EKF + CTRV,0.0,-0.23838206303075618,1.1,7879.156767646056
MVI_63561,102,1,partial,medium,25,UKF + CTRV,0.0,-0.2631559506856613,1.4000000000000004,6222.422011746508
MVI_63561,107,1,partial,medium,31,KF + CV,0.0,-0.3767476085232649,3.0000000000000018,3722.140261905025
MVI_63561,107,1,partial,medium,31,EKF + CTRV,0.0,-0.37369519186816585,2.9000000000000017,12792.458556122245
MVI_63561,107,1,partial,medium,31,UKF + CTRV,0.0,-0.40149579415345293,3.400000000000002,8642.717904517329
MVI_63561,108,0,partial,long,60,KF + CV,0.0,-0.32997814430543554,2.000000000000001,36939.98484142021
MVI_63561,108,0,partial,long,60,EKF + CTRV,0.0,-0.3718572545692965,2.5000000000000013,179518.8447397267
MVI_63561,108,0,partial,long,60,UKF + CTRV,0.0,-0.4670842756633899,3.7000000000000024,17562.70104584686
MVI_63561,118,0,partial,long,47,KF + CV,0.0,-0.5522035949090148,4.700000000000003,10950.479134869145
MVI_63561,118,0,partial,long,47,EKF + CTRV,0.0,-0.5490304774420911,4.600000000000003,49307.08390620142
MVI_63561,118,0,partial,long,47,UKF + CTRV,0.0,-0.601325851006735,5.700000000000005,18173.80895247946
MVI_63561,151,0,partial,medium,37,KF + CV,0.0,-0.44542839078290536,2.9000000000000017,15009.701051531985
MVI_63561,151,0,partial,medium,37,EKF + CTRV,0.0,-0.43999233055754206,2.8000000000000016,41855.47125159686
MVI_63561,151,0,partial,medium,37,UKF + CTRV,0.0,-0.48822770040690955,3.400000000000002,22185.950588530046
MVI_63561,176,1,partial,medium,35,KF + CV,0.0,-0.46417665796032576,4.5000000000000036,5313.944435805622
MVI_63561,176,1,partial,medium,35,EKF + CTRV,0.0,-0.462599732438671,4.600000000000003,19652.701746844454
MVI_63561,176,1,partial,medium,35,UKF + CTRV,0.0,-0.48879469095330924,5.100000000000003,12216.940493068138
MVI_63562,5,0,partial,medium,33,KF + CV,0.0,-0.3389266443345996,2.200000000000001,6250.002629635001
MVI_63562,5,0,partial,medium,33,EKF + CTRV,0.0,-0.30362700258820924,1.7000000000000006,51943.65183415594
MVI_63562,5,0,partial,medium,33,UKF + CTRV,0.0,-0.38744474763359604,2.7000000000000015,13171.821781309487
MVI_63562,11,1,partial,medium,21,KF + CV,0.014602270028282637,-0.19832756193667653,1.0,2094.662855470774
MVI_63562,11,1,partial,medium,21,EKF + CTRV,0.029420890224834687,-0.17864345572743742,1.0,5207.697257774684
MVI_63562,11,1,partial,medium,21,UKF + CTRV,0.015095718649453433,-0.20595759336687333,1.0,4541.0205521148
MVI_63562,18,1,partial,medium,27,KF + CV,0.0,-0.28081387847663974,1.6000000000000005,5394.996709681597
MVI_63562,18,1,partial,medium,27,EKF + CTRV,0.0,-0.27755179121989976,1.6000000000000005,12813.464073853118
MVI_63562,18,1,partial,medium,27,UKF + CTRV,0.0,-0.3015383978416578,1.9000000000000008,9641.920875522343
MVI_63562,22,0,partial,medium,23,KF + CV,0.0,-0.6632431292049928,inf,4958.362187890919
MVI_63562,22,0,partial,medium,23,EKF + CTRV,0.0,-0.6682010189109536,inf,22207.30774679912
MVI_63562,22,0,partial,medium,23,UKF + CTRV,0.0,-0.6477211449422043,inf,19251.780516136463
MVI_63562,24,0,partial,medium,28,KF + CV,0.0,-0.3978229072892211,3.0000000000000018,2419.2092293346077
MVI_63562,24,0,partial,medium,28,EKF + CTRV,0.0,-0.3875803967363283,2.9000000000000017,10179.107695424484
MVI_63562,24,0,partial,medium,28,UKF + CTRV,0.0,-0.41033929878304926,3.200000000000002,7565.057651131211
MVI_63562,31,1,partial,medium,24,KF + CV,0.0,-0.2521382755906454,1.2000000000000002,2830.042112808711
MVI_63562,31,1,partial,medium,24,EKF + CTRV,0.0,-0.24702694661185243,1.2000000000000002,8097.061655083077
MVI_63562,31,1,partial,medium,24,UKF + CTRV,0.0,-0.2661756968985417,1.4000000000000004,6521.848940508923
MVI_63562,40,0,partial,medium,33,KF + CV,0.0,-0.3052375617080943,1.8000000000000007,5261.60812742242
MVI_63562,40,0,partial,medium,33,EKF + CTRV,0.0,-0.3271337177696134,2.100000000000001,17276.434333956102
MVI_63562,40,0,partial,medium,33,UKF + CTRV,0.0,-0.35845028899853054,2.5000000000000013,11306.350267577272
MVI_63562,52,0,partial,medium,22,KF + CV,0.0,-0.6846926097026265,inf,4367.855591016145
MVI_63562,52,0,partial,medium,22,EKF + CTRV,0.0,-0.6872584954330555,inf,17672.584814941092
MVI_63562,52,0,partial,medium,22,UKF + CTRV,0.0,-0.6687948998948293,inf,15460.61211599597
MVI_63562,109,1,partial,long,38,KF + CV,0.0,-0.36452674808763075,2.7000000000000015,5746.33636543046
MVI_63562,109,1,partial,long,38,EKF + CTRV,0.0,-0.36229553957132027,2.7000000000000015,22367.909146379465
MVI_63562,109,1,partial,long,38,UKF + CTRV,0.0,-0.40812167011474987,3.500000000000002,11844.237130573869
MVI_63562,112,1,partial,medium,30,KF + CV,0.0,-0.3103232502793833,1.7000000000000006,7153.585707777173
MVI_63562,112,1,partial,medium,30,EKF + CTRV,0.0,-0.31088620423700597,1.6000000000000005,19948.489266140685
MVI_63562,112,1,partial,medium,30,UKF + CTRV,0.0,-0.3424130460141504,1.9000000000000008,13173.43315613528
MVI_63562,121,0,partial,medium,29,KF + CV,0.0,-0.652263223746387,10.100000000000007,12216.330973156291
MVI_63562,121,0,partial,medium,29,EKF + CTRV,0.0,-0.6579313453838398,10.300000000000008,62791.501642983436
MVI_63562,121,0,partial,medium,29,UKF + CTRV,0.0,-0.6224771321350638,8.700000000000006,47726.99014184447
MVI_63563,13,0,partial,medium,24,KF + CV,0.10462756267425508,-0.0572554583817072,1.0,8815.102340756584
MVI_63563,13,0,partial,medium,24,EKF + CTRV,0.11830045624350403,-0.04798742807398061,1.0,15133.615449700757
MVI_63563,13,0,partial,medium,24,UKF + CTRV,0.07225497238684098,-0.11283169731357245,1.0,11990.16744381718
MVI_63563,16,1,partial,long,51,KF + CV,0.0,-0.4656385204845398,4.400000000000003,11521.81995009695
MVI_63563,16,1,partial,long,51,EKF + CTRV,0.0,-0.48753122646166686,4.900000000000004,59319.12312138491
MVI_63563,16,1,partial,long,51,UKF + CTRV,0.0,-0.514405933183506,5.100000000000003,9288.814675855727
MVI_63563,33,0,partial,long,62,KF + CV,0.0,-0.6869278571070039,9.500000000000007,19354.472207954335
MVI_63563,33,0,partial,long,62,EKF + CTRV,0.0,-0.6736637875006872,8.800000000000006,354712.6829844938
MVI_63563,33,0,partial,long,62,UKF + CTRV,0.0,-0.7175775601119383,10.900000000000007,16596.94864655079
MVI_63563,36,0,partial,medium,21,KF + CV,0.011116540304326388,-0.21130376120642272,1.0,2008.6117629661408
MVI_63563,36,0,partial,medium,21,EKF + CTRV,0.018101344258054267,-0.19825759658128214,1.0,5810.07088316444
MVI_63563,36,0,partial,medium,21,UKF + CTRV,0.0,-0.23478705651522147,1.1,5021.873580009851
MVI_63563,37,2,partial,medium,24,KF + CV,0.0,-0.24440073327205217,1.1,2573.3856256266768
MVI_63563,37,2,partial,medium,24,EKF + CTRV,0.0,-0.23922750038308255,1.1,7014.865478949398
MVI_63563,37,2,partial,medium,24,UKF + CTRV,0.0,-0.2581879874202094,1.3000000000000003,5743.4337511533495
MVI_63563,40,1,partial,long,56,KF + CV,0.0,-0.635262433333405,8.900000000000007,13390.978536048668
MVI_63563,40,1,partial,long,56,EKF + CTRV,0.0,-0.6266575898266793,8.400000000000006,120428.44937230946
MVI_63563,40,1,partial,long,56,UKF + CTRV,0.0,-0.6797849514525527,10.800000000000008,17131.963914834636
MVI_63563,75,0,partial,medium,35,KF + CV,0.0,-0.40622483260519243,3.300000000000002,5209.958938011702
MVI_63563,75,0,partial,medium,35,EKF + CTRV,0.0,-0.4240839143594423,3.6000000000000023,29155.900057304065
MVI_63563,75,0,partial,medium,35,UKF + CTRV,0.0,-0.4617031386615878,4.3000000000000025,13002.556313729398
MVI_63563,90,0,partial,medium,31,KF + CV,0.0,-0.3046489519677352,1.8000000000000007,6130.028665909865
MVI_63563,90,0,partial,medium,31,EKF + CTRV,0.0,-0.3099606848383614,1.8000000000000007,16206.561464199778
MVI_63563,90,0,partial,medium,31,UKF + CTRV,0.0,-0.3379511897914532,2.200000000000001,11257.063810444943
MVI_63563,109,1,partial,long,44,KF + CV,0.0,-0.33870666996170057,2.6000000000000014,5784.371398059971
MVI_63563,109,1,partial,long,44,EKF + CTRV,0.0,-0.3558019264805166,2.4000000000000012,18338.946144675818
MVI_63563,109,1,partial,long,44,UKF + CTRV,0.0,-0.40514513580426137,3.500000000000002,5244.621383726372
MVI_63563,111,0,partial,medium,32,KF + CV,0.0,-0.3772075419660835,2.8000000000000016,4223.916587238866
MVI_63563,111,0,partial,medium,32,EKF + CTRV,0.0,-0.37158665292473575,2.7000000000000015,14406.953671664309
MVI_63563,111,0,partial,medium,32,UKF + CTRV,0.0,-0.3986126289608707,3.100000000000002,9382.553105706087
MVI_63563,115,0,partial,medium,22,KF + CV,0.035809894136630445,-0.16407623552180906,1.0,5379.467730914324
MVI_63563,115,0,partial,medium,22,EKF + CTRV,0.039394028315387256,-0.16060103107622326,1.0,9778.704985023893
MVI_63563,115,0,partial,medium,22,UKF + CTRV,0.008849650571793401,-0.20786233855875194,1.0,8126.2758233362565
MVI_63563,132,1,partial,medium,24,KF + CV,0.27829658803999446,0.17969317328043982,1.0,2987.9530544117024
MVI_63563,132,1,partial,medium,24,EKF + CTRV,0.32469982689874444,0.22671824939732219,1.0,7040.426599086553
MVI_63563,132,1,partial,medium,24,UKF + CTRV,0.23538139212145712,0.11365598318399359,1.0,5760.460332161294
MVI_63563,137,0,partial,medium,29,KF + CV,0.0,-0.3805428350585409,2.7000000000000015,4131.889644075408
MVI_63563,137,0,partial,medium,29,EKF + CTRV,0.0,-0.37551507132652534,2.6000000000000014,16236.034796195992
MVI_63563,137,0,partial,medium,29,UKF + CTRV,0.0,-0.4001226408669565,2.9000000000000017,11472.301108161035
MVI_63563,139,1,partial,long,42,KF + CV,0.04618994920319359,-0.15673390886970937,1.0,16721.427579858864
MVI_63563,139,1,partial,long,42,EKF + CTRV,0.06319872886439884,-0.13153139896939886,1.0,46351.64616504071
MVI_63563,139,1,partial,long,42,UKF + CTRV,0.0,-0.2886163103001414,1.6000000000000005,20120.076386435456
MVI_63563,142,1,partial,medium,28,KF + CV,0.039949819156060315,-0.16789131237534166,1.0,3797.0340723615473
MVI_63563,142,1,partial,medium,28,EKF + CTRV,0.024207621116584303,-0.19350468643171467,1.0,9302.796226547398
MVI_63563,142,1,partial,medium,28,UKF + CTRV,0.0,-0.251336223785882,1.2000000000000002,6970.066909133904
MVI_63563,143,1,partial,medium,37,KF + CV,0.0,-0.40311979524048186,3.300000000000002,6833.004699148508
MVI_63563,143,1,partial,medium,37,EKF + CTRV,0.0,-0.3858739636967294,3.0000000000000018,42125.917155047486
MVI_63563,143,1,partial,medium,37,UKF + CTRV,0.0,-0.44653344169822734,4.000000000000003,14442.435691108845
MVI_63563,148,0,partial,medium,30,KF + CV,0.0,-0.3350933256865033,2.200000000000001,8105.69456609344
MVI_63563,148,0,partial,medium,30,EKF + CTRV,0.0,-0.3308955326345429,2.100000000000001,21486.531755420343
MVI_63563,148,0,partial,medium,30,UKF + CTRV,0.0,-0.3645747038378317,2.5000000000000013,14070.273085913932
