video,track_id,seg_id,bucket,length_frames,duration_s,status,id_before,id_after,recall_during,gt_track_len,occlusion_level,motion_model,variant,variant_key
MVI_40131,1,0,long,120,4.8,switched,4.0,116.0,0.2583,486,partial,KF + CV,IoU (goc),iou
MVI_40131,12,0,long,81,3.24,no_before,,,0.4938,326,partial,KF + CV,IoU (goc),iou
MVI_40131,16,0,long,52,2.08,switched,70.0,93.0,0.1923,256,partial,KF + CV,IoU (goc),iou
MVI_40131,16,1,medium,22,0.88,preserved,93.0,93.0,1.0,256,partial,KF + CV,IoU (goc),iou
MVI_40131,17,0,long,64,2.56,no_before,,,0.375,171,partial,KF + CV,IoU (goc),iou
MVI_40131,19,0,medium,19,0.76,preserved,79.0,79.0,0.4211,1086,partial,KF + CV,IoU (goc),iou
MVI_40131,19,1,long,114,4.56,switched,79.0,408.0,0.2368,1086,partial,KF + CV,IoU (goc),iou
MVI_40131,19,2,medium,18,0.72,preserved,408.0,408.0,1.0,1086,partial,KF + CV,IoU (goc),iou
MVI_40131,19,3,short,6,0.24,preserved,408.0,408.0,1.0,1086,partial,KF + CV,IoU (goc),iou
MVI_40131,19,4,medium,13,0.52,preserved,499.0,499.0,1.0,1086,partial,KF + CV,IoU (goc),iou
MVI_40131,19,5,long,72,2.88,preserved,499.0,499.0,1.0,1086,partial,KF + CV,IoU (goc),iou
MVI_40131,19,6,medium,29,1.16,preserved,499.0,499.0,1.0,1086,partial,KF + CV,IoU (goc),iou
MVI_40131,20,0,short,5,0.2,no_before,,,0.0,406,partial,KF + CV,IoU (goc),iou
MVI_40131,20,1,long,62,2.48,no_before,,,0.0968,406,partial,KF + CV,IoU (goc),iou
MVI_40131,20,2,short,7,0.28,preserved,111.0,111.0,1.0,406,partial,KF + CV,IoU (goc),iou
MVI_40131,23,0,medium,25,1.0,no_before,,,0.24,226,partial,KF + CV,IoU (goc),iou
MVI_40131,25,0,long,177,7.08,switched,154.0,197.0,0.9209,321,partial,KF + CV,IoU (goc),iou
MVI_40131,26,0,long,84,3.36,preserved,173.0,173.0,0.6667,231,partial,KF + CV,IoU (goc),iou
MVI_40131,29,0,long,102,4.08,switched,243.0,425.0,0.9216,816,partial,KF + CV,IoU (goc),iou
MVI_40131,30,0,short,9,0.36,preserved,214.0,214.0,1.0,296,partial,KF + CV,IoU (goc),iou
MVI_40131,30,1,long,51,2.04,preserved,214.0,214.0,0.902,296,partial,KF + CV,IoU (goc),iou
MVI_40131,31,0,medium,24,0.96,no_before,,,0.0,221,partial,KF + CV,IoU (goc),iou
MVI_40131,31,1,short,8,0.32,no_before,,,0.0,221,partial,KF + CV,IoU (goc),iou
MVI_40131,34,0,long,65,2.6,no_before,,,0.8769,281,partial,KF + CV,IoU (goc),iou
MVI_40131,35,0,long,97,3.88,switched,263.0,437.0,0.2784,456,partial,KF + CV,IoU (goc),iou
MVI_40131,35,1,medium,26,1.04,preserved,437.0,437.0,1.0,456,partial,KF + CV,IoU (goc),iou
MVI_40131,36,0,medium,29,1.16,no_before,,,0.6207,226,partial,KF + CV,IoU (goc),iou
MVI_40131,37,0,long,210,8.4,no_before,,,0.2381,421,partial,KF + CV,IoU (goc),iou
MVI_40131,37,1,medium,33,1.32,preserved,473.0,473.0,1.0,421,partial,KF + CV,IoU (goc),iou
MVI_40131,38,0,long,51,2.04,preserved,342.0,342.0,0.7451,306,partial,KF + CV,IoU (goc),iou
MVI_40131,39,0,long,100,4.0,no_before,,,0.85,241,partial,KF + CV,IoU (goc),iou
MVI_40131,39,1,long,55,2.2,preserved,331.0,331.0,1.0,241,partial,KF + CV,IoU (goc),iou
MVI_40131,40,0,long,119,4.76,no_before,,,0.7899,366,partial,KF + CV,IoU (goc),iou
MVI_40131,40,1,short,11,0.44,preserved,452.0,452.0,1.0,366,partial,KF + CV,IoU (goc),iou
MVI_40131,40,3,medium,15,0.6,preserved,452.0,452.0,1.0,366,partial,KF + CV,IoU (goc),iou
MVI_40131,40,4,short,8,0.32,preserved,452.0,452.0,1.0,366,partial,KF + CV,IoU (goc),iou
MVI_40131,41,0,long,43,1.72,no_before,,,0.6047,281,partial,KF + CV,IoU (goc),iou
MVI_40131,45,0,medium,25,1.0,no_before,,,0.2,206,partial,KF + CV,IoU (goc),iou
MVI_40131,60,0,medium,22,0.88,lost,711.0,,0.7273,116,partial,KF + CV,IoU (goc),iou
MVI_40131,62,0,medium,26,1.04,lost,728.0,,0.9231,95,partial,KF + CV,IoU (goc),iou
MVI_40131,65,0,long,60,2.4,no_before,,,0.0,60,partial,KF + CV,IoU (goc),iou
MVI_40171,1,0,medium,26,1.04,no_before,,,1.0,26,partial,KF + CV,IoU (goc),iou
MVI_40171,6,0,long,41,1.64,preserved,21.0,21.0,0.9512,71,partial,KF + CV,IoU (goc),iou
MVI_40171,7,0,long,56,2.24,no_before,,,0.3036,56,partial,KF + CV,IoU (goc),iou
MVI_40171,8,0,short,12,0.48,no_before,,,0.0,726,partial,KF + CV,IoU (goc),iou
MVI_40171,8,1,short,11,0.44,preserved,44.0,44.0,0.0,726,partial,KF + CV,IoU (goc),iou
MVI_40171,8,3,medium,26,1.04,preserved,44.0,44.0,1.0,726,partial,KF + CV,IoU (goc),iou
MVI_40171,8,4,medium,25,1.0,preserved,44.0,44.0,1.0,726,partial,KF + CV,IoU (goc),iou
MVI_40171,8,5,medium,18,0.72,preserved,44.0,44.0,1.0,726,partial,KF + CV,IoU (goc),iou
MVI_40171,8,6,short,12,0.48,preserved,44.0,44.0,1.0,726,partial,KF + CV,IoU (goc),iou
MVI_40171,8,7,medium,32,1.28,switched,44.0,176.0,1.0,726,partial,KF + CV,IoU (goc),iou
MVI_40171,8,8,medium,28,1.12,preserved,44.0,44.0,1.0,726,partial,KF + CV,IoU (goc),iou
MVI_40171,8,9,medium,16,0.64,preserved,44.0,44.0,1.0,726,partial,KF + CV,IoU (goc),iou
MVI_40171,9,1,short,10,0.4,preserved,49.0,49.0,0.9,61,partial,KF + CV,IoU (goc),iou
MVI_40171,11,0,medium,27,1.08,preserved,56.0,56.0,1.0,91,partial,KF + CV,IoU (goc),iou
MVI_40171,12,0,long,61,2.44,no_before,,,0.459,61,partial,KF + CV,IoU (goc),iou
MVI_40171,14,0,medium,31,1.24,switched,88.0,96.0,0.7742,86,partial,KF + CV,IoU (goc),iou
MVI_40171,15,0,long,66,2.64,no_before,,,0.5152,66,partial,KF + CV,IoU (goc),iou
MVI_40171,16,0,long,61,2.44,no_before,,,0.8361,61,partial,KF + CV,IoU (goc),iou
MVI_40171,17,0,short,11,0.44,no_before,,,0.2727,76,partial,KF + CV,IoU (goc),iou
MVI_40171,18,0,long,209,8.36,switched,148.0,189.0,0.11,786,partial,KF + CV,IoU (goc),iou
MVI_40171,18,1,short,11,0.44,preserved,189.0,189.0,0.7273,786,partial,KF + CV,IoU (goc),iou
MVI_40171,18,2,short,4,0.16,preserved,189.0,189.0,1.0,786,partial,KF + CV,IoU (goc),iou
MVI_40171,18,3,short,4,0.16,preserved,189.0,189.0,0.5,786,partial,KF + CV,IoU (goc),iou
MVI_40171,18,4,short,4,0.16,preserved,189.0,189.0,1.0,786,partial,KF + CV,IoU (goc),iou
MVI_40171,19,0,long,61,2.44,no_before,,,0.8361,61,partial,KF + CV,IoU (goc),iou
MVI_40171,22,0,long,69,2.76,lost,164.0,,0.7826,71,partial,KF + CV,IoU (goc),iou
MVI_40171,23,0,long,62,2.48,preserved,183.0,183.0,0.8387,66,partial,KF + CV,IoU (goc),iou
MVI_40171,25,0,long,66,2.64,no_before,,,0.7424,66,partial,KF + CV,IoU (goc),iou
MVI_40171,26,0,long,47,1.88,no_before,,,0.7872,56,partial,KF + CV,IoU (goc),iou
MVI_40171,27,0,medium,30,1.2,no_before,,,0.3667,76,partial,KF + CV,IoU (goc),iou
MVI_40171,28,0,medium,21,0.84,no_before,,,0.7619,76,partial,KF + CV,IoU (goc),iou
MVI_40171,29,0,long,53,2.12,no_before,,,0.7547,56,partial,KF + CV,IoU (goc),iou
MVI_40171,31,0,medium,26,1.04,preserved,277.0,277.0,1.0,96,partial,KF + CV,IoU (goc),iou
MVI_40171,34,0,long,66,2.64,lost,318.0,,0.8788,71,partial,KF + CV,IoU (goc),iou
MVI_40171,35,0,long,62,2.48,switched,326.0,330.0,0.9516,76,partial,KF + CV,IoU (goc),iou
MVI_40171,36,0,long,66,2.64,no_before,,,0.6364,66,partial,KF + CV,IoU (goc),iou
MVI_40171,38,0,short,8,0.32,no_before,,,0.0,185,partial,KF + CV,IoU (goc),iou
MVI_40171,39,0,long,70,2.8,lost,369.0,,0.7571,71,partial,KF + CV,IoU (goc),iou
MVI_40171,40,0,medium,23,0.92,lost,391.0,,1.0,45,partial,KF + CV,IoU (goc),iou
MVI_40171,41,0,long,99,3.96,switched,6.0,296.0,0.101,1150,partial,KF + CV,IoU (goc),iou
MVI_40171,41,1,long,52,2.08,switched,296.0,393.0,0.0769,1150,partial,KF + CV,IoU (goc),iou
MVI_40171,42,0,long,1150,46.0,no_before,,,0.0,1150,partial,KF + CV,IoU (goc),iou
MVI_40171,43,0,long,1150,46.0,no_before,,,0.0,1150,partial,KF + CV,IoU (goc),iou
MVI_40171,44,0,long,1150,46.0,no_before,,,0.0,1150,partial,KF + CV,IoU (goc),iou
MVI_40172,16,0,long,180,7.2,no_before,,,0.0111,227,partial,KF + CV,IoU (goc),iou
MVI_40172,35,0,long,39,1.56,no_before,,,0.8718,46,partial,KF + CV,IoU (goc),iou
MVI_40172,36,0,medium,37,1.48,no_before,,,0.973,41,partial,KF + CV,IoU (goc),iou
MVI_40172,40,0,medium,29,1.16,preserved,518.0,518.0,0.5517,71,partial,KF + CV,IoU (goc),iou
MVI_40172,41,0,long,39,1.56,lost,521.0,,0.4615,41,partial,KF + CV,IoU (goc),iou
MVI_40172,47,0,long,48,1.92,lost,555.0,,0.8958,51,partial,KF + CV,IoU (goc),iou
MVI_40172,50,0,long,51,2.04,no_before,,,0.7451,51,partial,KF + CV,IoU (goc),iou
MVI_40172,51,0,short,10,0.4,switched,569.0,572.0,0.5,81,partial,KF + CV,IoU (goc),iou
MVI_40172,56,0,medium,28,1.12,lost,601.0,,1.0,61,partial,KF + CV,IoU (goc),iou
MVI_40172,57,0,medium,37,1.48,preserved,607.0,607.0,1.0,51,partial,KF + CV,IoU (goc),iou
MVI_40172,60,0,long,44,1.76,preserved,621.0,621.0,0.7955,66,partial,KF + CV,IoU (goc),iou
MVI_40172,61,0,medium,13,0.52,preserved,622.0,622.0,1.0,36,partial,KF + CV,IoU (goc),iou
MVI_40172,63,0,long,46,1.84,no_before,,,0.7391,46,partial,KF + CV,IoU (goc),iou
MVI_40172,65,0,medium,29,1.16,switched,640.0,663.0,0.4483,46,partial,KF + CV,IoU (goc),iou
MVI_40172,67,0,medium,31,1.24,no_before,,,0.6774,41,partial,KF + CV,IoU (goc),iou
MVI_40172,79,0,long,114,4.56,no_before,,,0.0526,201,partial,KF + CV,IoU (goc),iou
MVI_40172,95,0,long,40,1.6,lost,841.0,,0.85,41,partial,KF + CV,IoU (goc),iou
MVI_40172,96,0,long,50,2.0,no_before,,,0.88,50,partial,KF + CV,IoU (goc),iou
MVI_40172,99,0,long,50,2.0,switched,2.0,57.0,0.12,2635,partial,KF + CV,IoU (goc),iou
MVI_40172,99,1,long,74,2.96,switched,67.0,243.0,0.0811,2635,partial,KF + CV,IoU (goc),iou
MVI_40172,99,2,long,40,1.6,switched,243.0,807.0,0.125,2635,partial,KF + CV,IoU (goc),iou
MVI_40172,100,0,long,2635,105.4,no_before,,,0.0,2635,partial,KF + CV,IoU (goc),iou
MVI_40172,101,0,long,2635,105.4,no_before,,,0.0,2635,partial,KF + CV,IoU (goc),iou
MVI_40172,102,0,long,2635,105.4,no_before,,,0.0,2635,partial,KF + CV,IoU (goc),iou
MVI_40172,105,0,long,52,2.08,switched,3.0,66.0,0.0385,2635,partial,KF + CV,IoU (goc),iou
MVI_40172,105,1,long,45,1.8,switched,66.0,230.0,0.0222,2635,partial,KF + CV,IoU (goc),iou
MVI_40172,105,2,medium,21,0.84,no_before,,,0.0,2635,partial,KF + CV,IoU (goc),iou
MVI_40172,105,3,long,39,1.56,switched,438.0,814.0,0.2051,2635,partial,KF + CV,IoU (goc),iou
MVI_40204,6,0,long,86,3.44,no_before,,,0.2442,86,partial,KF + CV,IoU (goc),iou
MVI_40204,9,0,long,66,2.64,no_before,,,0.0,66,partial,KF + CV,IoU (goc),iou
MVI_40204,10,0,medium,32,1.28,lost,9.0,,0.4062,76,partial,KF + CV,IoU (goc),iou
MVI_40204,11,0,medium,31,1.24,switched,11.0,69.0,0.3871,66,partial,KF + CV,IoU (goc),iou
MVI_40204,12,0,medium,16,0.64,no_before,,,0.375,16,partial,KF + CV,IoU (goc),iou
MVI_40204,15,0,long,136,5.44,no_before,,,0.6691,136,partial,KF + CV,IoU (goc),iou
MVI_40204,27,0,long,111,4.44,no_before,,,0.7928,111,partial,KF + CV,IoU (goc),iou
MVI_40204,30,0,long,71,2.84,lost,129.0,,0.1831,141,partial,KF + CV,IoU (goc),iou
MVI_40204,34,0,short,3,0.12,preserved,140.0,140.0,0.6667,116,partial,KF + CV,IoU (goc),iou
MVI_40204,34,1,medium,25,1.0,lost,140.0,,0.2,116,partial,KF + CV,IoU (goc),iou
MVI_40204,34,2,medium,25,1.0,lost,140.0,,0.0,116,partial,KF + CV,IoU (goc),iou
MVI_40204,35,0,long,131,5.24,no_before,,,0.3511,131,partial,KF + CV,IoU (goc),iou
MVI_40204,36,0,long,52,2.08,lost,147.0,,0.0,116,partial,KF + CV,IoU (goc),iou
MVI_40204,39,0,medium,22,0.88,lost,217.0,,0.0,111,partial,KF + CV,IoU (goc),iou
MVI_40204,40,0,long,39,1.56,lost,166.0,,0.0,151,partial,KF + CV,IoU (goc),iou
MVI_40204,46,0,long,141,5.64,no_before,,,0.6596,141,partial,KF + CV,IoU (goc),iou
MVI_40204,49,0,long,46,1.84,preserved,221.0,221.0,0.7391,151,partial,KF + CV,IoU (goc),iou
MVI_40204,50,0,long,121,4.84,no_before,,,0.3636,121,partial,KF + CV,IoU (goc),iou
MVI_40204,51,0,long,131,5.24,no_before,,,0.3282,131,partial,KF + CV,IoU (goc),iou
MVI_40204,52,0,short,2,0.08,preserved,240.0,240.0,1.0,131,partial,KF + CV,IoU (goc),iou
MVI_40204,60,0,long,131,5.24,no_before,,,0.3282,131,partial,KF + CV,IoU (goc),iou
MVI_40204,63,0,long,39,1.56,switched,350.0,399.0,0.5897,141,partial,KF + CV,IoU (goc),iou
MVI_40204,64,0,long,130,5.2,no_before,,,0.5615,131,partial,KF + CV,IoU (goc),iou
MVI_40204,65,0,long,141,5.64,no_before,,,0.1064,141,partial,KF + CV,IoU (goc),iou
MVI_40204,67,0,long,58,2.32,lost,421.0,,0.0517,131,partial,KF + CV,IoU (goc),iou
MVI_40204,68,0,medium,15,0.6,lost,446.0,,0.0,126,partial,KF + CV,IoU (goc),iou
MVI_40204,71,0,long,116,4.64,no_before,,,0.2759,116,partial,KF + CV,IoU (goc),iou
MVI_40204,72,0,medium,33,1.32,preserved,494.0,494.0,1.0,141,partial,KF + CV,IoU (goc),iou
MVI_40204,73,0,long,136,5.44,no_before,,,0.3015,136,partial,KF + CV,IoU (goc),iou
MVI_40204,74,0,long,116,4.64,no_before,,,0.4483,116,partial,KF + CV,IoU (goc),iou
MVI_40204,78,0,medium,19,0.76,lost,541.0,,0.2632,131,partial,KF + CV,IoU (goc),iou
MVI_40204,81,0,long,141,5.64,no_before,,,0.2979,141,partial,KF + CV,IoU (goc),iou
MVI_40204,82,0,short,8,0.32,preserved,579.0,579.0,1.0,136,partial,KF + CV,IoU (goc),iou
MVI_40204,82,1,long,40,1.6,lost,579.0,,0.825,136,partial,KF + CV,IoU (goc),iou
MVI_40204,85,0,long,141,5.64,no_before,,,0.5319,141,partial,KF + CV,IoU (goc),iou
MVI_40204,86,0,long,114,4.56,lost,623.0,,0.2982,136,partial,KF + CV,IoU (goc),iou
MVI_40204,88,0,long,146,5.84,no_before,,,0.137,146,partial,KF + CV,IoU (goc),iou
MVI_40204,90,0,long,146,5.84,no_before,,,0.6849,146,partial,KF + CV,IoU (goc),iou
MVI_40204,92,0,long,41,1.64,no_before,,,0.9512,156,partial,KF + CV,IoU (goc),iou
MVI_40204,93,0,long,112,4.48,lost,674.0,,0.5089,131,partial,KF + CV,IoU (goc),iou
MVI_40204,96,0,long,82,3.28,switched,690.0,797.0,0.7073,161,partial,KF + CV,IoU (goc),iou
MVI_40204,98,0,long,156,6.24,no_before,,,0.5705,156,partial,KF + CV,IoU (goc),iou
MVI_40204,99,0,short,11,0.44,no_before,,,0.8182,151,partial,KF + CV,IoU (goc),iou
MVI_40204,106,0,long,51,2.04,no_before,,,0.6275,126,partial,KF + CV,IoU (goc),iou
MVI_40204,106,1,long,70,2.8,lost,803.0,,0.4,126,partial,KF + CV,IoU (goc),iou
MVI_40204,108,0,long,151,6.04,no_before,,,0.4238,151,partial,KF + CV,IoU (goc),iou
MVI_40204,110,0,long,75,3.0,lost,808.0,,0.1733,131,partial,KF + CV,IoU (goc),iou
MVI_40204,112,0,long,40,1.6,no_before,,,0.0,146,partial,KF + CV,IoU (goc),iou
MVI_40204,115,0,long,71,2.84,preserved,838.0,838.0,0.8169,151,partial,KF + CV,IoU (goc),iou
MVI_40204,115,1,short,4,0.16,lost,838.0,,0.0,151,partial,KF + CV,IoU (goc),iou
MVI_40204,116,0,long,146,5.84,no_before,,,0.0,146,partial,KF + CV,IoU (goc),iou
MVI_40204,117,0,medium,31,1.24,lost,847.0,,0.2581,141,partial,KF + CV,IoU (goc),iou
MVI_40204,117,1,short,9,0.36,lost,847.0,,0.0,141,partial,KF + CV,IoU (goc),iou
MVI_40204,119,0,long,66,2.64,lost,856.0,,0.1061,151,partial,KF + CV,IoU (goc),iou
MVI_40204,120,0,long,62,2.48,lost,887.0,,0.6452,156,partial,KF + CV,IoU (goc),iou
MVI_40204,121,0,medium,21,0.84,no_before,,,0.9524,156,partial,KF + CV,IoU (goc),iou
MVI_40204,122,0,long,141,5.64,no_before,,,0.1135,141,partial,KF + CV,IoU (goc),iou
MVI_40204,126,0,long,43,1.72,switched,934.0,1062.0,0.5116,166,partial,KF + CV,IoU (goc),iou
MVI_40204,126,1,short,4,0.16,lost,1062.0,,0.0,166,partial,KF + CV,IoU (goc),iou
MVI_40204,127,0,short,5,0.2,no_before,,,0.4,161,partial,KF + CV,IoU (goc),iou
MVI_40204,128,0,medium,18,0.72,preserved,933.0,933.0,1.0,131,partial,KF + CV,IoU (goc),iou
MVI_40204,128,1,long,98,3.92,lost,933.0,,0.2959,131,partial,KF + CV,IoU (goc),iou
MVI_40204,129,0,long,156,6.24,no_before,,,0.2564,156,partial,KF + CV,IoU (goc),iou
MVI_40204,133,0,long,53,2.12,lost,984.0,,0.283,106,partial,KF + CV,IoU (goc),iou
MVI_40204,135,0,long,75,3.0,lost,999.0,,0.1333,141,partial,KF + CV,IoU (goc),iou
MVI_40204,137,0,long,63,2.52,lost,1030.0,,0.2857,126,partial,KF + CV,IoU (goc),iou
MVI_40204,138,0,short,7,0.28,lost,1199.0,,0.0,166,partial,KF + CV,IoU (goc),iou
MVI_40204,142,0,long,145,5.8,no_before,,,0.8345,146,partial,KF + CV,IoU (goc),iou
MVI_40204,145,0,long,146,5.84,no_before,,,0.5411,161,partial,KF + CV,IoU (goc),iou
MVI_40204,148,0,long,110,4.4,lost,1130.0,,0.3091,151,partial,KF + CV,IoU (goc),iou
MVI_40204,149,0,long,72,2.88,lost,1145.0,,0.1389,161,partial,KF + CV,IoU (goc),iou
MVI_40204,150,0,long,146,5.84,no_before,,,0.7192,146,partial,KF + CV,IoU (goc),iou
MVI_40204,153,0,long,129,5.16,lost,1165.0,,0.4651,171,partial,KF + CV,IoU (goc),iou
MVI_40204,154,0,medium,28,1.12,no_before,,,0.5714,166,partial,KF + CV,IoU (goc),iou
MVI_40204,158,0,medium,31,1.24,no_before,,,0.0,175,partial,KF + CV,IoU (goc),iou
MVI_40204,161,0,medium,22,0.88,no_before,,,0.8636,170,partial,KF + CV,IoU (goc),iou
MVI_40204,161,1,long,67,2.68,lost,1223.0,,0.1642,170,partial,KF + CV,IoU (goc),iou
MVI_40204,162,0,long,151,6.04,no_before,,,0.0199,151,partial,KF + CV,IoU (goc),iou
MVI_40204,165,1,long,139,5.56,lost,1252.0,,0.6259,145,partial,KF + CV,IoU (goc),iou
MVI_40204,168,0,long,120,4.8,no_before,,,0.725,120,partial,KF + CV,IoU (goc),iou
MVI_40204,173,0,long,65,2.6,no_before,,,0.9692,65,partial,KF + CV,IoU (goc),iou
MVI_40204,177,0,medium,20,0.8,no_before,,,0.6,20,partial,KF + CV,IoU (goc),iou
MVI_40751,2,0,long,72,2.88,switched,1.0,28.0,0.0833,1140,partial,KF + CV,IoU (goc),iou
MVI_40751,2,1,long,175,7.0,switched,28.0,362.0,0.6514,1140,partial,KF + CV,IoU (goc),iou
MVI_40751,2,2,short,9,0.36,preserved,362.0,362.0,1.0,1140,partial,KF + CV,IoU (goc),iou
MVI_40751,2,3,short,6,0.24,preserved,362.0,362.0,1.0,1140,partial,KF + CV,IoU (goc),iou
MVI_40751,2,4,long,410,16.4,preserved,362.0,362.0,1.0,1140,partial,KF + CV,IoU (goc),iou
MVI_40751,3,0,long,58,2.32,no_before,,,0.9655,81,partial,KF + CV,IoU (goc),iou
MVI_40751,4,1,long,46,1.84,preserved,2.0,2.0,1.0,141,partial,KF + CV,IoU (goc),iou
MVI_40751,5,0,medium,19,0.76,no_before,,,0.0,146,partial,KF + CV,IoU (goc),iou
MVI_40751,7,0,medium,19,0.76,no_before,,,0.0,186,partial,KF + CV,IoU (goc),iou
MVI_40751,7,1,medium,14,0.56,preserved,64.0,64.0,1.0,186,partial,KF + CV,IoU (goc),iou
MVI_40751,7,3,long,97,3.88,preserved,64.0,64.0,1.0,186,partial,KF + CV,IoU (goc),iou
MVI_40751,8,1,short,4,0.16,preserved,161.0,161.0,1.0,920,partial,KF + CV,IoU (goc),iou
MVI_40751,8,2,short,5,0.2,preserved,161.0,161.0,1.0,920,partial,KF + CV,IoU (goc),iou
MVI_40751,8,3,short,10,0.4,preserved,161.0,161.0,1.0,920,partial,KF + CV,IoU (goc),iou
MVI_40751,8,4,medium,24,0.96,preserved,161.0,161.0,1.0,920,partial,KF + CV,IoU (goc),iou
MVI_40751,8,5,long,591,23.64,lost,161.0,,0.7783,920,partial,KF + CV,IoU (goc),iou
MVI_40751,9,0,medium,34,1.36,preserved,154.0,154.0,1.0,96,partial,KF + CV,IoU (goc),iou
MVI_40751,11,0,medium,32,1.28,no_before,,,0.4062,156,partial,KF + CV,IoU (goc),iou
MVI_40751,11,1,long,89,3.56,preserved,177.0,177.0,0.9663,156,partial,KF + CV,IoU (goc),iou
MVI_40751,15,0,long,223,8.92,lost,183.0,,1.0,775,partial,KF + CV,IoU (goc),iou
MVI_40751,21,0,short,5,0.2,no_before,,,0.0,625,partial,KF + CV,IoU (goc),iou
MVI_40751,21,1,long,612,24.48,lost,318.0,,0.0294,625,partial,KF + CV,IoU (goc),iou
MVI_40751,23,0,short,11,0.44,preserved,348.0,348.0,1.0,66,partial,KF + CV,IoU (goc),iou
MVI_40751,23,1,short,4,0.16,preserved,348.0,348.0,1.0,66,partial,KF + CV,IoU (goc),iou
MVI_40751,28,0,short,3,0.12,preserved,428.0,428.0,1.0,405,partial,KF + CV,IoU (goc),iou
MVI_40751,28,1,medium,15,0.6,preserved,428.0,428.0,1.0,405,partial,KF + CV,IoU (goc),iou
MVI_40751,29,0,medium,23,0.92,preserved,445.0,445.0,1.0,370,partial,KF + CV,IoU (goc),iou
MVI_40751,31,0,long,41,1.64,no_before,,,0.7073,43,partial,KF + CV,IoU (goc),iou
MVI_40751,32,0,long,172,6.88,switched,471.0,504.0,0.8721,266,partial,KF + CV,IoU (goc),iou
MVI_40751,33,0,medium,14,0.56,preserved,484.0,484.0,1.0,270,partial,KF + CV,IoU (goc),iou
MVI_40751,35,0,medium,23,0.92,lost,513.0,,1.0,156,partial,KF + CV,IoU (goc),iou
MVI_40751,36,0,long,77,3.08,lost,523.0,,1.0,195,partial,KF + CV,IoU (goc),iou
MVI_40751,38,0,medium,13,0.52,preserved,541.0,541.0,1.0,140,partial,KF + CV,IoU (goc),iou
MVI_40751,38,1,long,49,1.96,lost,541.0,,1.0,140,partial,KF + CV,IoU (goc),iou
MVI_40751,41,0,long,45,1.8,no_before,,,0.3111,45,partial,KF + CV,IoU (goc),iou
MVI_63554,3,0,short,11,0.44,no_before,,,0.6364,11,partial,KF + CV,IoU (goc),iou
MVI_63554,4,0,medium,26,1.04,no_before,,,0.0,26,partial,KF + CV,IoU (goc),iou
MVI_63554,5,0,long,40,1.6,no_before,,,0.925,41,partial,KF + CV,IoU (goc),iou
MVI_63554,8,0,medium,13,0.52,no_before,,,0.3846,16,partial,KF + CV,IoU (goc),iou
MVI_63554,9,0,long,55,2.2,lost,16.0,,0.0727,61,partial,KF + CV,IoU (goc),iou
MVI_63554,11,0,long,52,2.08,lost,30.0,,0.0577,61,partial,KF + CV,IoU (goc),iou
MVI_63554,13,0,medium,16,0.64,no_before,,,0.25,26,partial,KF + CV,IoU (goc),iou
MVI_63554,15,0,long,65,2.6,lost,46.0,,0.9538,76,partial,KF + CV,IoU (goc),iou
MVI_63554,19,0,long,62,2.48,switched,67.0,75.0,0.8548,81,partial,KF + CV,IoU (goc),iou
MVI_63554,20,0,long,57,2.28,lost,69.0,,0.0,66,partial,KF + CV,IoU (goc),iou
MVI_63554,22,0,long,61,2.44,no_before,,,0.3607,61,partial,KF + CV,IoU (goc),iou
MVI_63554,23,0,long,45,1.8,switched,83.0,88.0,0.7111,81,partial,KF + CV,IoU (goc),iou
MVI_63554,24,0,short,11,0.44,no_before,,,0.1818,21,partial,KF + CV,IoU (goc),iou
MVI_63554,25,0,long,51,2.04,no_before,,,0.1176,56,partial,KF + CV,IoU (goc),iou
MVI_63554,30,0,long,74,2.96,lost,136.0,,0.1622,81,partial,KF + CV,IoU (goc),iou
MVI_63554,31,0,long,76,3.04,no_before,,,0.5395,76,partial,KF + CV,IoU (goc),iou
MVI_63554,32,0,long,64,2.56,lost,141.0,,0.0938,71,partial,KF + CV,IoU (goc),iou
MVI_63554,33,0,long,45,1.8,lost,135.0,,0.9556,81,partial,KF + CV,IoU (goc),iou
MVI_63554,35,0,medium,16,0.64,no_before,,,0.8125,86,partial,KF + CV,IoU (goc),iou
MVI_63554,36,0,long,59,2.36,lost,171.0,,0.0678,66,partial,KF + CV,IoU (goc),iou
MVI_63554,41,0,medium,25,1.0,lost,198.0,,0.56,91,partial,KF + CV,IoU (goc),iou
MVI_63554,42,0,short,11,0.44,no_before,,,0.1818,16,partial,KF + CV,IoU (goc),iou
MVI_63554,43,0,long,62,2.48,lost,202.0,,0.0645,71,partial,KF + CV,IoU (goc),iou
MVI_63554,44,0,long,64,2.56,lost,206.0,,0.7812,71,partial,KF + CV,IoU (goc),iou
MVI_63554,47,0,long,59,2.36,lost,213.0,,0.1356,66,partial,KF + CV,IoU (goc),iou
MVI_63554,49,0,long,54,2.16,lost,225.0,,0.8333,81,partial,KF + CV,IoU (goc),iou
MVI_63554,50,0,long,63,2.52,lost,227.0,,0.254,71,partial,KF + CV,IoU (goc),iou
MVI_63554,51,0,short,11,0.44,no_before,,,0.0,21,partial,KF + CV,IoU (goc),iou
MVI_63554,55,0,long,62,2.48,lost,286.0,,0.7903,71,partial,KF + CV,IoU (goc),iou
MVI_63554,56,0,long,48,1.92,no_before,,,0.0,51,partial,KF + CV,IoU (goc),iou
MVI_63554,58,0,medium,21,0.84,preserved,299.0,299.0,0.9524,41,partial,KF + CV,IoU (goc),iou
MVI_63554,60,0,medium,13,0.52,no_before,,,0.2308,21,partial,KF + CV,IoU (goc),iou
MVI_63554,61,0,long,63,2.52,no_before,,,0.5079,66,partial,KF + CV,IoU (goc),iou
MVI_63554,62,0,short,5,0.2,preserved,316.0,316.0,1.0,66,partial,KF + CV,IoU (goc),iou
MVI_63554,62,1,medium,35,1.4,lost,316.0,,0.5143,66,partial,KF + CV,IoU (goc),iou
MVI_63554,63,0,long,60,2.4,lost,321.0,,0.7,66,partial,KF + CV,IoU (goc),iou
MVI_63554,64,0,long,42,1.68,no_before,,,0.0238,46,partial,KF + CV,IoU (goc),iou
MVI_63554,68,0,long,57,2.28,lost,323.0,,0.0702,66,partial,KF + CV,IoU (goc),iou
MVI_63554,69,0,medium,16,0.64,no_before,,,0.5625,26,partial,KF + CV,IoU (goc),iou
MVI_63554,72,0,medium,20,0.8,lost,367.0,,0.35,101,partial,KF + CV,IoU (goc),iou
MVI_63554,73,0,long,50,2.0,preserved,370.0,370.0,0.88,61,partial,KF + CV,IoU (goc),iou
MVI_63554,76,0,medium,13,0.52,no_before,,,0.3077,21,partial,KF + CV,IoU (goc),iou
MVI_63554,77,0,long,56,2.24,lost,380.0,,0.0714,61,partial,KF + CV,IoU (goc),iou
MVI_63554,79,0,long,61,2.44,no_before,,,0.3934,71,partial,KF + CV,IoU (goc),iou
MVI_63554,80,0,long,55,2.2,lost,389.0,,0.8364,61,partial,KF + CV,IoU (goc),iou
MVI_63554,81,0,short,10,0.4,no_before,,,0.5,81,partial,KF + CV,IoU (goc),iou
MVI_63554,82,0,long,53,2.12,no_before,,,0.0755,56,partial,KF + CV,IoU (goc),iou
MVI_63554,83,0,medium,15,0.6,no_before,,,0.1333,21,partial,KF + CV,IoU (goc),iou
MVI_63554,86,0,long,49,1.96,no_before,,,0.0,56,partial,KF + CV,IoU (goc),iou
MVI_63554,87,0,medium,31,1.24,preserved,417.0,417.0,0.871,61,partial,KF + CV,IoU (goc),iou
MVI_63554,88,0,medium,13,0.52,no_before,,,0.2308,16,partial,KF + CV,IoU (goc),iou
MVI_63554,90,0,medium,20,0.8,lost,429.0,,0.85,86,partial,KF + CV,IoU (goc),iou
MVI_63554,92,0,long,50,2.0,lost,435.0,,0.1,56,partial,KF + CV,IoU (goc),iou
MVI_63554,93,0,long,39,1.56,preserved,441.0,441.0,0.7949,71,partial,KF + CV,IoU (goc),iou
MVI_63554,93,3,short,9,0.36,lost,441.0,,0.0,71,partial,KF + CV,IoU (goc),iou
MVI_63554,94,0,medium,26,1.04,preserved,443.0,443.0,1.0,56,partial,KF + CV,IoU (goc),iou
MVI_63554,95,0,long,51,2.04,preserved,451.0,451.0,0.7255,81,partial,KF + CV,IoU (goc),iou
MVI_63554,96,0,medium,15,0.6,no_before,,,0.0667,26,partial,KF + CV,IoU (goc),iou
MVI_63554,98,0,long,64,2.56,lost,462.0,,0.7969,71,partial,KF + CV,IoU (goc),iou
MVI_63554,99,0,medium,15,0.6,no_before,,,0.6667,26,partial,KF + CV,IoU (goc),iou
MVI_63554,101,0,long,48,1.92,no_before,,,0.0208,51,partial,KF + CV,IoU (goc),iou
MVI_63554,102,0,medium,14,0.56,no_before,,,0.0714,26,partial,KF + CV,IoU (goc),iou
MVI_63554,103,0,medium,17,0.68,lost,496.0,,0.5294,71,partial,KF + CV,IoU (goc),iou
MVI_63554,105,0,long,61,2.44,lost,500.0,,0.7705,66,partial,KF + CV,IoU (goc),iou
MVI_63554,108,0,long,44,1.76,no_before,,,0.0,51,partial,KF + CV,IoU (goc),iou
MVI_63554,109,0,medium,18,0.72,no_before,,,0.2778,31,partial,KF + CV,IoU (goc),iou
MVI_63554,112,0,medium,31,1.24,no_before,,,0.6129,61,partial,KF + CV,IoU (goc),iou
MVI_63554,115,0,long,53,2.12,lost,556.0,,0.0943,61,partial,KF + CV,IoU (goc),iou
MVI_63554,116,0,medium,15,0.6,no_before,,,0.2,26,partial,KF + CV,IoU (goc),iou
MVI_63554,117,0,long,53,2.12,lost,563.0,,0.4717,61,partial,KF + CV,IoU (goc),iou
MVI_63554,120,0,medium,15,0.6,no_before,,,0.2,26,partial,KF + CV,IoU (goc),iou
MVI_63554,123,0,long,60,2.4,no_before,,,0.4167,61,partial,KF + CV,IoU (goc),iou
MVI_63554,124,0,long,54,2.16,no_before,,,0.1111,61,partial,KF + CV,IoU (goc),iou
MVI_63554,126,0,medium,37,1.48,lost,608.0,,0.9189,56,partial,KF + CV,IoU (goc),iou
MVI_63554,129,0,medium,13,0.52,no_before,,,0.3846,21,partial,KF + CV,IoU (goc),iou
MVI_63554,132,0,short,12,0.48,no_before,,,0.4167,26,partial,KF + CV,IoU (goc),iou
MVI_63554,134,0,long,55,2.2,lost,658.0,,0.6909,61,partial,KF + CV,IoU (goc),iou
MVI_63554,137,0,short,12,0.48,no_before,,,0.1667,16,partial,KF + CV,IoU (goc),iou
MVI_63554,139,0,long,48,1.92,lost,680.0,,0.875,56,partial,KF + CV,IoU (goc),iou
MVI_63554,142,0,medium,15,0.6,no_before,,,0.3333,26,partial,KF + CV,IoU (goc),iou
MVI_63554,143,0,long,57,2.28,lost,690.0,,0.8772,66,partial,KF + CV,IoU (goc),iou
MVI_63554,147,0,long,39,1.56,lost,705.0,,0.0256,46,partial,KF + CV,IoU (goc),iou
MVI_63554,148,0,short,8,0.32,preserved,702.0,702.0,1.0,56,partial,KF + CV,IoU (goc),iou
MVI_63554,151,0,short,12,0.48,no_before,,,0.5,21,partial,KF + CV,IoU (goc),iou
MVI_63554,152,0,short,10,0.4,preserved,722.0,722.0,1.0,61,partial,KF + CV,IoU (goc),iou
MVI_63554,152,1,short,2,0.08,preserved,722.0,722.0,1.0,61,partial,KF + CV,IoU (goc),iou
MVI_63554,152,2,short,5,0.2,lost,722.0,,0.0,61,partial,KF + CV,IoU (goc),iou
MVI_63554,153,0,medium,14,0.56,no_before,,,0.3571,20,partial,KF + CV,IoU (goc),iou
MVI_63554,155,0,long,49,1.96,lost,730.0,,0.0816,56,partial,KF + CV,IoU (goc),iou
MVI_63554,158,0,long,54,2.16,lost,745.0,,0.8889,66,partial,KF + CV,IoU (goc),iou
MVI_63554,160,0,short,12,0.48,no_before,,,0.3333,21,partial,KF + CV,IoU (goc),iou
MVI_63554,162,0,long,54,2.16,lost,753.0,,0.7407,61,partial,KF + CV,IoU (goc),iou
MVI_63554,163,0,long,54,2.16,no_before,,,0.9259,71,partial,KF + CV,IoU (goc),iou
MVI_63554,164,0,long,66,2.64,no_before,,,0.9697,66,partial,KF + CV,IoU (goc),iou
MVI_63554,165,0,long,52,2.08,lost,769.0,,0.0577,56,partial,KF + CV,IoU (goc),iou
MVI_63554,168,0,long,53,2.12,lost,794.0,,0.8491,61,partial,KF + CV,IoU (goc),iou
MVI_63554,169,0,medium,14,0.56,no_before,,,0.7143,21,partial,KF + CV,IoU (goc),iou
MVI_63554,171,0,long,50,2.0,lost,813.0,,0.1,56,partial,KF + CV,IoU (goc),iou
MVI_63554,174,0,short,11,0.44,no_before,,,0.3636,16,partial,KF + CV,IoU (goc),iou
MVI_63554,175,0,long,59,2.36,lost,822.0,,0.7288,66,partial,KF + CV,IoU (goc),iou
MVI_63554,177,0,long,51,2.04,lost,834.0,,0.0784,56,partial,KF + CV,IoU (goc),iou
MVI_63554,180,0,short,9,0.36,no_before,,,0.8889,16,partial,KF + CV,IoU (goc),iou
MVI_63554,182,0,long,51,2.04,lost,856.0,,0.098,56,partial,KF + CV,IoU (goc),iou
MVI_63554,183,0,short,8,0.32,no_before,,,0.125,21,partial,KF + CV,IoU (goc),iou
MVI_63554,185,0,long,39,1.56,no_before,,,0.8205,40,partial,KF + CV,IoU (goc),iou
MVI_63554,186,0,medium,18,0.72,lost,865.0,,0.1111,25,partial,KF + CV,IoU (goc),iou
MVI_63554,188,0,short,11,0.44,no_before,,,0.3636,15,partial,KF + CV,IoU (goc),iou
MVI_63554,189,0,medium,14,0.56,no_before,,,0.7143,31,partial,KF + CV,IoU (goc),iou
MVI_63554,190,0,medium,17,0.68,no_before,,,0.4118,31,partial,KF + CV,IoU (goc),iou
MVI_40131,1,0,long,61,2.44,switched,4.0,116.0,0.0,486,full,KF + CV,IoU (goc),iou
MVI_40131,19,0,long,54,2.16,switched,79.0,408.0,0.0,1086,full,KF + CV,IoU (goc),iou
MVI_40131,35,0,long,50,2.0,switched,263.0,437.0,0.0,456,full,KF + CV,IoU (goc),iou
MVI_40171,9,0,short,1,0.04,preserved,49.0,49.0,1.0,61,full,KF + CV,IoU (goc),iou
MVI_40171,9,1,short,10,0.4,preserved,49.0,49.0,0.9,61,full,KF + CV,IoU (goc),iou
MVI_40171,26,0,short,3,0.12,preserved,229.0,229.0,0.6667,56,full,KF + CV,IoU (goc),iou
MVI_40171,41,0,long,66,2.64,switched,6.0,296.0,0.0,1150,full,KF + CV,IoU (goc),iou
MVI_40171,41,1,long,38,1.52,switched,296.0,393.0,0.0,1150,full,KF + CV,IoU (goc),iou
MVI_40171,42,0,medium,14,0.56,no_before,,,0.0,1150,full,KF + CV,IoU (goc),iou
MVI_40171,42,1,short,1,0.04,no_before,,,0.0,1150,full,KF + CV,IoU (goc),iou
MVI_40171,42,2,short,2,0.08,no_before,,,0.0,1150,full,KF + CV,IoU (goc),iou
MVI_40171,42,3,long,772,30.88,no_before,,,0.0,1150,full,KF + CV,IoU (goc),iou
MVI_40171,42,4,long,142,5.68,no_before,,,0.0,1150,full,KF + CV,IoU (goc),iou
MVI_40171,43,0,long,121,4.84,no_before,,,0.0,1150,full,KF + CV,IoU (goc),iou
MVI_40171,43,1,long,1012,40.48,no_before,,,0.0,1150,full,KF + CV,IoU (goc),iou
MVI_40171,44,0,long,141,5.64,no_before,,,0.0,1150,full,KF + CV,IoU (goc),iou
MVI_40171,44,1,long,989,39.56,no_before,,,0.0,1150,full,KF + CV,IoU (goc),iou
MVI_40172,16,0,long,158,6.32,no_before,,,0.0,227,full,KF + CV,IoU (goc),iou
MVI_40172,99,0,long,42,1.68,switched,2.0,57.0,0.0,2635,full,KF + CV,IoU (goc),iou
MVI_40172,99,1,long,40,1.6,switched,67.0,243.0,0.0,2635,full,KF + CV,IoU (goc),iou
MVI_40172,99,2,medium,15,0.6,switched,243.0,807.0,0.0,2635,full,KF + CV,IoU (goc),iou
MVI_40172,100,0,long,2225,89.0,no_before,,,0.0,2635,full,KF + CV,IoU (goc),iou
MVI_40172,101,0,long,1489,59.56,no_before,,,0.0,2635,full,KF + CV,IoU (goc),iou
MVI_40172,101,1,long,148,5.92,no_before,,,0.0,2635,full,KF + CV,IoU (goc),iou
MVI_40172,101,2,long,526,21.04,no_before,,,0.0,2635,full,KF + CV,IoU (goc),iou
MVI_40172,101,3,short,2,0.08,no_before,,,0.0,2635,full,KF + CV,IoU (goc),iou
MVI_40172,101,4,short,9,0.36,no_before,,,0.0,2635,full,KF + CV,IoU (goc),iou
MVI_40172,101,5,medium,19,0.76,no_before,,,0.0,2635,full,KF + CV,IoU (goc),iou
MVI_40172,102,0,long,395,15.8,no_before,,,0.0,2635,full,KF + CV,IoU (goc),iou
MVI_40172,102,1,long,1062,42.48,no_before,,,0.0,2635,full,KF + CV,IoU (goc),iou
MVI_40172,102,2,short,7,0.28,no_before,,,0.0,2635,full,KF + CV,IoU (goc),iou
MVI_40172,102,3,short,1,0.04,no_before,,,0.0,2635,full,KF + CV,IoU (goc),iou
MVI_40172,102,4,short,2,0.08,no_before,,,0.0,2635,full,KF + CV,IoU (goc),iou
MVI_40172,102,5,long,53,2.12,no_before,,,0.0,2635,full,KF + CV,IoU (goc),iou
MVI_40172,102,6,short,5,0.2,no_before,,,0.0,2635,full,KF + CV,IoU (goc),iou
MVI_40172,102,7,medium,19,0.76,no_before,,,0.0,2635,full,KF + CV,IoU (goc),iou
MVI_40172,102,8,long,67,2.68,no_before,,,0.0,2635,full,KF + CV,IoU (goc),iou
MVI_40172,102,9,long,87,3.48,no_before,,,0.0,2635,full,KF + CV,IoU (goc),iou
MVI_40172,102,10,short,2,0.08,no_before,,,0.0,2635,full,KF + CV,IoU (goc),iou
MVI_40172,102,11,long,95,3.8,no_before,,,0.0,2635,full,KF + CV,IoU (goc),iou
MVI_40172,105,0,long,47,1.88,switched,3.0,66.0,0.0,2635,full,KF + CV,IoU (goc),iou
MVI_40172,105,1,long,42,1.68,switched,66.0,230.0,0.0,2635,full,KF + CV,IoU (goc),iou
MVI_40172,105,2,short,7,0.28,no_before,,,0.0,2635,full,KF + CV,IoU (goc),iou
MVI_40172,105,3,medium,20,0.8,switched,438.0,814.0,0.0,2635,full,KF + CV,IoU (goc),iou
MVI_40204,15,0,short,1,0.04,lost,25.0,,0.0,136,full,KF + CV,IoU (goc),iou
MVI_40204,35,0,medium,21,0.84,no_before,,,0.0,131,full,KF + CV,IoU (goc),iou
MVI_40204,35,1,short,9,0.36,no_before,,,0.0,131,full,KF + CV,IoU (goc),iou
MVI_40204,51,0,short,3,0.12,no_before,,,0.0,131,full,KF + CV,IoU (goc),iou
MVI_40204,51,1,short,6,0.24,no_before,,,0.1667,131,full,KF + CV,IoU (goc),iou
MVI_40204,51,2,short,1,0.04,lost,378.0,,0.0,131,full,KF + CV,IoU (goc),iou
MVI_40204,60,0,short,1,0.04,lost,298.0,,0.0,131,full,KF + CV,IoU (goc),iou
MVI_40204,60,1,short,1,0.04,no_before,,,0.0,131,full,KF + CV,IoU (goc),iou
MVI_40204,65,0,short,3,0.12,no_before,,,0.0,141,full,KF + CV,IoU (goc),iou
MVI_40204,71,0,medium,16,0.64,lost,567.0,,0.0,116,full,KF + CV,IoU (goc),iou
MVI_40204,71,1,short,1,0.04,no_before,,,0.0,116,full,KF + CV,IoU (goc),iou
MVI_40204,81,0,short,9,0.36,no_before,,,0.0,141,full,KF + CV,IoU (goc),iou
MVI_40204,81,1,short,3,0.12,no_before,,,0.0,141,full,KF + CV,IoU (goc),iou
MVI_40204,85,0,short,12,0.48,lost,709.0,,0.0,141,full,KF + CV,IoU (goc),iou
MVI_40204,85,1,short,7,0.28,lost,709.0,,0.0,141,full,KF + CV,IoU (goc),iou
MVI_40204,88,0,short,2,0.08,lost,730.0,,0.0,146,full,KF + CV,IoU (goc),iou
MVI_40204,88,1,short,1,0.04,lost,730.0,,0.0,146,full,KF + CV,IoU (goc),iou
MVI_40204,88,2,short,1,0.04,lost,730.0,,0.0,146,full,KF + CV,IoU (goc),iou
MVI_40204,90,0,short,8,0.32,preserved,666.0,666.0,0.75,146,full,KF + CV,IoU (goc),iou
MVI_40204,90,1,short,4,0.16,preserved,666.0,666.0,0.75,146,full,KF + CV,IoU (goc),iou
MVI_40204,90,2,short,1,0.04,lost,666.0,,1.0,146,full,KF + CV,IoU (goc),iou
MVI_40204,90,3,short,1,0.04,lost,666.0,,0.0,146,full,KF + CV,IoU (goc),iou
MVI_40204,90,4,medium,18,0.72,lost,666.0,,0.0,146,full,KF + CV,IoU (goc),iou
MVI_40204,98,0,long,53,2.12,lost,699.0,,0.0,156,full,KF + CV,IoU (goc),iou
MVI_40204,108,0,short,1,0.04,preserved,789.0,789.0,0.0,151,full,KF + CV,IoU (goc),iou
MVI_40204,116,0,short,1,0.04,no_before,,,0.0,146,full,KF + CV,IoU (goc),iou
MVI_40204,116,1,short,1,0.04,no_before,,,0.0,146,full,KF + CV,IoU (goc),iou
MVI_40204,128,0,short,10,0.4,lost,933.0,,0.0,131,full,KF + CV,IoU (goc),iou
MVI_40204,129,0,short,1,0.04,no_before,,,0.0,156,full,KF + CV,IoU (goc),iou
MVI_40204,129,1,short,2,0.08,no_before,,,0.0,156,full,KF + CV,IoU (goc),iou
MVI_40204,162,0,short,1,0.04,no_before,,,0.0,151,full,KF + CV,IoU (goc),iou
MVI_40204,162,1,short,1,0.04,no_before,,,0.0,151,full,KF + CV,IoU (goc),iou
MVI_40204,162,2,short,2,0.08,no_before,,,0.0,151,full,KF + CV,IoU (goc),iou
MVI_40204,162,3,medium,14,0.56,no_before,,,0.0,151,full,KF + CV,IoU (goc),iou
MVI_40204,165,0,short,6,0.24,switched,1394.0,1452.0,0.0,145,full,KF + CV,IoU (goc),iou
MVI_40204,168,0,short,1,0.04,preserved,1437.0,1437.0,1.0,120,full,KF + CV,IoU (goc),iou
MVI_40751,2,0,long,47,1.88,switched,1.0,28.0,0.0,1140,full,KF + CV,IoU (goc),iou
MVI_40751,21,0,short,12,0.48,lost,318.0,,0.0,625,full,KF + CV,IoU (goc),iou
MVI_40751,21,1,short,4,0.16,lost,318.0,,0.0,625,full,KF + CV,IoU (goc),iou
MVI_40751,21,2,short,4,0.16,no_before,,,0.0,625,full,KF + CV,IoU (goc),iou
MVI_40751,21,3,short,3,0.12,no_before,,,0.0,625,full,KF + CV,IoU (goc),iou
MVI_40751,21,4,short,2,0.08,no_before,,,0.0,625,full,KF + CV,IoU (goc),iou
MVI_40751,21,5,short,4,0.16,no_before,,,0.0,625,full,KF + CV,IoU (goc),iou
MVI_40751,21,6,short,4,0.16,no_before,,,0.0,625,full,KF + CV,IoU (goc),iou
MVI_63554,4,0,short,3,0.12,no_before,,,0.0,26,full,KF + CV,IoU (goc),iou
MVI_63554,4,1,short,6,0.24,no_before,,,0.0,26,full,KF + CV,IoU (goc),iou
MVI_63554,8,0,short,2,0.08,no_before,,,0.0,16,full,KF + CV,IoU (goc),iou
MVI_63554,9,0,medium,35,1.4,lost,16.0,,0.0,61,full,KF + CV,IoU (goc),iou
MVI_63554,20,0,short,1,0.04,lost,69.0,,0.0,66,full,KF + CV,IoU (goc),iou
MVI_63554,25,0,medium,19,0.76,lost,88.0,,0.0,56,full,KF + CV,IoU (goc),iou
MVI_63554,32,0,long,57,2.28,lost,141.0,,0.0,71,full,KF + CV,IoU (goc),iou
MVI_63554,36,0,long,49,1.96,lost,171.0,,0.0,66,full,KF + CV,IoU (goc),iou
MVI_63554,42,0,short,1,0.04,no_before,,,0.0,16,full,KF + CV,IoU (goc),iou
MVI_63554,43,0,long,55,2.2,lost,202.0,,0.0,71,full,KF + CV,IoU (goc),iou
MVI_63554,56,0,medium,30,1.2,no_before,,,0.0,51,full,KF + CV,IoU (goc),iou
MVI_63554,56,1,short,9,0.36,no_before,,,0.0,51,full,KF + CV,IoU (goc),iou
MVI_63554,61,0,short,1,0.04,no_before,,,0.0,66,full,KF + CV,IoU (goc),iou
MVI_63554,61,1,short,6,0.24,no_before,,,0.0,66,full,KF + CV,IoU (goc),iou
MVI_63554,64,0,medium,37,1.48,lost,323.0,,0.0,46,full,KF + CV,IoU (goc),iou
MVI_63554,68,0,long,51,2.04,lost,323.0,,0.0,66,full,KF + CV,IoU (goc),iou
MVI_63554,77,0,medium,20,0.8,lost,380.0,,0.0,61,full,KF + CV,IoU (goc),iou
MVI_63554,79,0,short,9,0.36,switched,387.0,410.0,0.2222,71,full,KF + CV,IoU (goc),iou
MVI_63554,82,0,long,47,1.88,lost,392.0,,0.0,56,full,KF + CV,IoU (goc),iou
MVI_63554,83,0,short,5,0.2,no_before,,,0.0,21,full,KF + CV,IoU (goc),iou
MVI_63554,86,0,long,43,1.72,no_before,,,0.0,56,full,KF + CV,IoU (goc),iou
MVI_63554,88,0,short,3,0.12,no_before,,,0.0,16,full,KF + CV,IoU (goc),iou
MVI_63554,92,0,medium,14,0.56,switched,435.0,468.0,0.0,56,full,KF + CV,IoU (goc),iou
MVI_63554,92,1,short,8,0.32,switched,435.0,468.0,0.0,56,full,KF + CV,IoU (goc),iou
MVI_63554,96,0,short,4,0.16,no_before,,,0.0,26,full,KF + CV,IoU (goc),iou
MVI_63554,101,0,long,42,1.68,lost,488.0,,0.0,51,full,KF + CV,IoU (goc),iou
MVI_63554,108,0,long,39,1.56,no_before,,,0.0,51,full,KF + CV,IoU (goc),iou
MVI_63554,115,0,short,3,0.12,lost,556.0,,0.0,61,full,KF + CV,IoU (goc),iou
MVI_63554,115,1,short,9,0.36,lost,556.0,,0.0,61,full,KF + CV,IoU (goc),iou
MVI_63554,116,0,short,2,0.08,no_before,,,0.0,26,full,KF + CV,IoU (goc),iou
MVI_63554,120,0,short,4,0.16,no_before,,,0.0,26,full,KF + CV,IoU (goc),iou
MVI_63554,124,0,medium,24,0.96,lost,606.0,,0.0,61,full,KF + CV,IoU (goc),iou
MVI_63554,124,1,medium,19,0.76,lost,606.0,,0.0,61,full,KF + CV,IoU (goc),iou
MVI_63554,129,0,short,2,0.08,no_before,,,0.0,21,full,KF + CV,IoU (goc),iou
MVI_63554,137,0,short,3,0.12,no_before,,,0.0,16,full,KF + CV,IoU (goc),iou
MVI_63554,147,0,medium,28,1.12,lost,705.0,,0.0,46,full,KF + CV,IoU (goc),iou
MVI_63554,151,0,short,1,0.04,no_before,,,0.0,21,full,KF + CV,IoU (goc),iou
MVI_63554,153,0,short,2,0.08,no_before,,,0.0,20,full,KF + CV,IoU (goc),iou
MVI_63554,155,0,medium,19,0.76,lost,730.0,,0.0,56,full,KF + CV,IoU (goc),iou
MVI_63554,165,0,medium,20,0.8,lost,769.0,,0.0,56,full,KF + CV,IoU (goc),iou
MVI_63554,165,1,medium,22,0.88,lost,769.0,,0.0,56,full,KF + CV,IoU (goc),iou
MVI_63554,171,0,medium,33,1.32,lost,813.0,,0.0,56,full,KF + CV,IoU (goc),iou
MVI_63554,174,0,short,2,0.08,no_before,,,0.0,16,full,KF + CV,IoU (goc),iou
MVI_63554,177,0,medium,13,0.52,no_before,,,0.0,56,full,KF + CV,IoU (goc),iou
MVI_63554,182,0,long,38,1.52,lost,856.0,,0.0,56,full,KF + CV,IoU (goc),iou
MVI_40131,1,0,long,120,4.8,switched,4.0,110.0,0.2583,486,partial,KF + CV,DIoU,diou
MVI_40131,12,0,long,81,3.24,no_before,,,0.4938,326,partial,KF + CV,DIoU,diou
MVI_40131,16,0,long,52,2.08,switched,67.0,89.0,0.1923,256,partial,KF + CV,DIoU,diou
MVI_40131,16,1,medium,22,0.88,preserved,89.0,89.0,1.0,256,partial,KF + CV,DIoU,diou
MVI_40131,17,0,long,64,2.56,no_before,,,0.375,171,partial,KF + CV,DIoU,diou
MVI_40131,19,0,medium,19,0.76,preserved,75.0,75.0,0.4211,1086,partial,KF + CV,DIoU,diou
MVI_40131,19,1,long,114,4.56,switched,75.0,383.0,0.2368,1086,partial,KF + CV,DIoU,diou
MVI_40131,19,2,medium,18,0.72,preserved,383.0,383.0,1.0,1086,partial,KF + CV,DIoU,diou
MVI_40131,19,3,short,6,0.24,preserved,383.0,383.0,1.0,1086,partial,KF + CV,DIoU,diou
MVI_40131,19,4,medium,13,0.52,preserved,462.0,462.0,1.0,1086,partial,KF + CV,DIoU,diou
MVI_40131,19,5,long,72,2.88,switched,383.0,462.0,1.0,1086,partial,KF + CV,DIoU,diou
MVI_40131,19,6,medium,29,1.16,preserved,462.0,462.0,1.0,1086,partial,KF + CV,DIoU,diou
MVI_40131,20,0,short,5,0.2,no_before,,,0.0,406,partial,KF + CV,DIoU,diou
MVI_40131,20,1,long,62,2.48,no_before,,,0.0968,406,partial,KF + CV,DIoU,diou
MVI_40131,20,2,short,7,0.28,preserved,126.0,126.0,1.0,406,partial,KF + CV,DIoU,diou
MVI_40131,23,0,medium,25,1.0,no_before,,,0.24,226,partial,KF + CV,DIoU,diou
MVI_40131,25,0,long,177,7.08,switched,143.0,181.0,0.9209,321,partial,KF + CV,DIoU,diou
MVI_40131,26,0,long,84,3.36,preserved,157.0,157.0,0.6905,231,partial,KF + CV,DIoU,diou
MVI_40131,29,0,long,102,4.08,switched,225.0,394.0,0.9412,816,partial,KF + CV,DIoU,diou
MVI_40131,30,0,short,9,0.36,preserved,196.0,196.0,1.0,296,partial,KF + CV,DIoU,diou
MVI_40131,30,1,long,51,2.04,preserved,196.0,196.0,0.902,296,partial,KF + CV,DIoU,diou
MVI_40131,31,0,medium,24,0.96,no_before,,,0.0,221,partial,KF + CV,DIoU,diou
MVI_40131,31,1,short,8,0.32,no_before,,,0.0,221,partial,KF + CV,DIoU,diou
MVI_40131,34,0,long,65,2.6,no_before,,,0.8769,281,partial,KF + CV,DIoU,diou
MVI_40131,35,0,long,97,3.88,switched,245.0,400.0,0.2577,456,partial,KF + CV,DIoU,diou
MVI_40131,35,1,medium,26,1.04,preserved,400.0,400.0,1.0,456,partial,KF + CV,DIoU,diou
MVI_40131,36,0,medium,29,1.16,no_before,,,0.5172,226,partial,KF + CV,DIoU,diou
MVI_40131,37,0,long,210,8.4,no_before,,,0.2238,421,partial,KF + CV,DIoU,diou
MVI_40131,37,1,medium,33,1.32,preserved,449.0,449.0,1.0,421,partial,KF + CV,DIoU,diou
MVI_40131,38,0,long,51,2.04,preserved,319.0,319.0,0.8039,306,partial,KF + CV,DIoU,diou
MVI_40131,39,0,long,100,4.0,no_before,,,0.85,241,partial,KF + CV,DIoU,diou
MVI_40131,39,1,long,55,2.2,preserved,309.0,309.0,1.0,241,partial,KF + CV,DIoU,diou
MVI_40131,40,0,long,119,4.76,no_before,,,0.7899,366,partial,KF + CV,DIoU,diou
MVI_40131,40,1,short,11,0.44,preserved,422.0,422.0,1.0,366,partial,KF + CV,DIoU,diou
MVI_40131,40,3,medium,15,0.6,preserved,422.0,422.0,1.0,366,partial,KF + CV,DIoU,diou
MVI_40131,40,4,short,8,0.32,preserved,422.0,422.0,1.0,366,partial,KF + CV,DIoU,diou
MVI_40131,41,0,long,43,1.72,no_before,,,0.6047,281,partial,KF + CV,DIoU,diou
MVI_40131,45,0,medium,25,1.0,no_before,,,0.16,206,partial,KF + CV,DIoU,diou
MVI_40131,60,0,medium,22,0.88,lost,634.0,,0.7273,116,partial,KF + CV,DIoU,diou
MVI_40131,62,0,medium,26,1.04,lost,648.0,,0.9231,95,partial,KF + CV,DIoU,diou
MVI_40131,65,0,long,60,2.4,no_before,,,0.0,60,partial,KF + CV,DIoU,diou
MVI_40171,1,0,medium,26,1.04,no_before,,,1.0,26,partial,KF + CV,DIoU,diou
MVI_40171,6,0,long,41,1.64,preserved,20.0,20.0,0.9512,71,partial,KF + CV,DIoU,diou
MVI_40171,7,0,long,56,2.24,no_before,,,0.2143,56,partial,KF + CV,DIoU,diou
MVI_40171,8,0,short,12,0.48,no_before,,,0.0,726,partial,KF + CV,DIoU,diou
MVI_40171,8,1,short,11,0.44,no_before,,,0.0,726,partial,KF + CV,DIoU,diou
MVI_40171,8,3,medium,26,1.04,preserved,52.0,52.0,1.0,726,partial,KF + CV,DIoU,diou
MVI_40171,8,4,medium,25,1.0,preserved,52.0,52.0,1.0,726,partial,KF + CV,DIoU,diou
MVI_40171,8,5,medium,18,0.72,preserved,52.0,52.0,1.0,726,partial,KF + CV,DIoU,diou
MVI_40171,8,6,short,12,0.48,preserved,52.0,52.0,1.0,726,partial,KF + CV,DIoU,diou
MVI_40171,8,7,medium,32,1.28,preserved,52.0,52.0,1.0,726,partial,KF + CV,DIoU,diou
MVI_40171,8,8,medium,28,1.12,preserved,52.0,52.0,1.0,726,partial,KF + CV,DIoU,diou
MVI_40171,8,9,medium,16,0.64,preserved,52.0,52.0,1.0,726,partial,KF + CV,DIoU,diou
MVI_40171,9,1,short,10,0.4,preserved,40.0,40.0,1.0,61,partial,KF + CV,DIoU,diou
MVI_40171,11,0,medium,27,1.08,preserved,53.0,53.0,1.0,91,partial,KF + CV,DIoU,diou
MVI_40171,12,0,long,61,2.44,no_before,,,0.4262,61,partial,KF + CV,DIoU,diou
MVI_40171,14,0,medium,31,1.24,preserved,81.0,81.0,0.6774,86,partial,KF + CV,DIoU,diou
MVI_40171,15,0,long,66,2.64,no_before,,,0.4394,66,partial,KF + CV,DIoU,diou
MVI_40171,16,0,long,61,2.44,no_before,,,0.8361,61,partial,KF + CV,DIoU,diou
MVI_40171,17,0,short,11,0.44,no_before,,,0.2727,76,partial,KF + CV,DIoU,diou
MVI_40171,18,0,long,209,8.36,switched,130.0,233.0,0.0574,786,partial,KF + CV,DIoU,diou
MVI_40171,18,1,short,11,0.44,switched,233.0,256.0,0.6364,786,partial,KF + CV,DIoU,diou
MVI_40171,18,2,short,4,0.16,preserved,256.0,256.0,1.0,786,partial,KF + CV,DIoU,diou
MVI_40171,18,3,short,4,0.16,switched,256.0,307.0,0.0,786,partial,KF + CV,DIoU,diou
MVI_40171,18,4,short,4,0.16,preserved,307.0,307.0,1.0,786,partial,KF + CV,DIoU,diou
MVI_40171,19,0,long,61,2.44,no_before,,,0.7705,61,partial,KF + CV,DIoU,diou
MVI_40171,22,0,long,69,2.76,lost,153.0,,0.7826,71,partial,KF + CV,DIoU,diou
MVI_40171,23,0,long,62,2.48,preserved,143.0,143.0,1.0,66,partial,KF + CV,DIoU,diou
MVI_40171,25,0,long,66,2.64,no_before,,,0.697,66,partial,KF + CV,DIoU,diou
MVI_40171,26,0,long,47,1.88,no_before,,,0.766,56,partial,KF + CV,DIoU,diou
MVI_40171,27,0,medium,30,1.2,no_before,,,0.4333,76,partial,KF + CV,DIoU,diou
MVI_40171,28,0,medium,21,0.84,no_before,,,0.9524,76,partial,KF + CV,DIoU,diou
MVI_40171,29,0,long,53,2.12,no_before,,,0.6415,56,partial,KF + CV,DIoU,diou
MVI_40171,31,0,medium,26,1.04,preserved,239.0,239.0,1.0,96,partial,KF + CV,DIoU,diou
MVI_40171,34,0,long,66,2.64,lost,284.0,,0.8939,71,partial,KF + CV,DIoU,diou
MVI_40171,35,0,long,62,2.48,preserved,291.0,291.0,0.9032,76,partial,KF + CV,DIoU,diou
MVI_40171,36,0,long,66,2.64,no_before,,,0.6212,66,partial,KF + CV,DIoU,diou
MVI_40171,38,0,short,8,0.32,no_before,,,0.0,185,partial,KF + CV,DIoU,diou
MVI_40171,39,0,long,70,2.8,lost,322.0,,0.8714,71,partial,KF + CV,DIoU,diou
MVI_40171,40,0,medium,23,0.92,lost,358.0,,1.0,45,partial,KF + CV,DIoU,diou
MVI_40171,41,0,long,99,3.96,switched,6.0,269.0,0.101,1150,partial,KF + CV,DIoU,diou
MVI_40171,41,1,long,52,2.08,switched,269.0,360.0,0.0769,1150,partial,KF + CV,DIoU,diou
MVI_40171,42,0,long,1150,46.0,no_before,,,0.0,1150,partial,KF + CV,DIoU,diou
MVI_40171,43,0,long,1150,46.0,no_before,,,0.0,1150,partial,KF + CV,DIoU,diou
MVI_40171,44,0,long,1150,46.0,no_before,,,0.0,1150,partial,KF + CV,DIoU,diou
MVI_40172,16,0,long,180,7.2,no_before,,,0.0111,227,partial,KF + CV,DIoU,diou
MVI_40172,35,0,long,39,1.56,no_before,,,0.8718,46,partial,KF + CV,DIoU,diou
MVI_40172,36,0,medium,37,1.48,no_before,,,0.973,41,partial,KF + CV,DIoU,diou
MVI_40172,40,0,medium,29,1.16,preserved,501.0,501.0,0.3793,71,partial,KF + CV,DIoU,diou
MVI_40172,41,0,long,39,1.56,lost,505.0,,0.4872,41,partial,KF + CV,DIoU,diou
MVI_40172,47,0,long,48,1.92,lost,542.0,,0.8958,51,partial,KF + CV,DIoU,diou
MVI_40172,50,0,long,51,2.04,no_before,,,0.7451,51,partial,KF + CV,DIoU,diou
MVI_40172,51,0,short,10,0.4,preserved,555.0,555.0,0.1,81,partial,KF + CV,DIoU,diou
MVI_40172,56,0,medium,28,1.12,lost,585.0,,1.0,61,partial,KF + CV,DIoU,diou
MVI_40172,57,0,medium,37,1.48,preserved,581.0,581.0,1.0,51,partial,KF + CV,DIoU,diou
MVI_40172,60,0,long,44,1.76,preserved,604.0,604.0,0.7955,66,partial,KF + CV,DIoU,diou
MVI_40172,61,0,medium,13,0.52,preserved,605.0,605.0,1.0,36,partial,KF + CV,DIoU,diou
MVI_40172,63,0,long,46,1.84,no_before,,,0.7391,46,partial,KF + CV,DIoU,diou
MVI_40172,65,0,medium,29,1.16,switched,622.0,628.0,0.4138,46,partial,KF + CV,DIoU,diou
MVI_40172,67,0,medium,31,1.24,no_before,,,0.7097,41,partial,KF + CV,DIoU,diou
MVI_40172,79,0,long,114,4.56,no_before,,,0.0614,201,partial,KF + CV,DIoU,diou
MVI_40172,95,0,long,40,1.6,lost,801.0,,0.85,41,partial,KF + CV,DIoU,diou
MVI_40172,96,0,long,50,2.0,no_before,,,0.88,50,partial,KF + CV,DIoU,diou
MVI_40172,99,0,long,50,2.0,switched,2.0,60.0,0.12,2635,partial,KF + CV,DIoU,diou
MVI_40172,99,1,long,74,2.96,switched,60.0,244.0,0.0811,2635,partial,KF + CV,DIoU,diou
MVI_40172,99,2,long,40,1.6,switched,712.0,769.0,0.125,2635,partial,KF + CV,DIoU,diou
MVI_40172,100,0,long,2635,105.4,no_before,,,0.0,2635,partial,KF + CV,DIoU,diou
MVI_40172,101,0,long,2635,105.4,no_before,,,0.0,2635,partial,KF + CV,DIoU,diou
MVI_40172,102,0,long,2635,105.4,no_before,,,0.0,2635,partial,KF + CV,DIoU,diou
MVI_40172,105,0,long,52,2.08,switched,3.0,68.0,0.0385,2635,partial,KF + CV,DIoU,diou
MVI_40172,105,1,long,45,1.8,switched,68.0,71.0,0.0222,2635,partial,KF + CV,DIoU,diou
MVI_40172,105,2,medium,21,0.84,no_before,,,0.0,2635,partial,KF + CV,DIoU,diou
MVI_40172,105,3,long,39,1.56,switched,304.0,773.0,0.2051,2635,partial,KF + CV,DIoU,diou
MVI_40204,6,0,long,86,3.44,no_before,,,0.2674,86,partial,KF + CV,DIoU,diou
MVI_40204,9,0,long,66,2.64,no_before,,,0.0,66,partial,KF + CV,DIoU,diou
MVI_40204,10,0,medium,32,1.28,lost,9.0,,0.4062,76,partial,KF + CV,DIoU,diou
MVI_40204,11,0,medium,31,1.24,switched,11.0,62.0,0.3871,66,partial,KF + CV,DIoU,diou
MVI_40204,12,0,medium,16,0.64,no_before,,,0.375,16,partial,KF + CV,DIoU,diou
MVI_40204,15,0,long,136,5.44,no_before,,,0.6691,136,partial,KF + CV,DIoU,diou
MVI_40204,27,0,long,111,4.44,no_before,,,0.7928,111,partial,KF + CV,DIoU,diou
MVI_40204,30,0,long,71,2.84,lost,113.0,,0.1831,141,partial,KF + CV,DIoU,diou
MVI_40204,34,0,short,3,0.12,preserved,122.0,122.0,0.6667,116,partial,KF + CV,DIoU,diou
MVI_40204,34,1,medium,25,1.0,lost,122.0,,0.24,116,partial,KF + CV,DIoU,diou
MVI_40204,34,2,medium,25,1.0,lost,122.0,,0.0,116,partial,KF + CV,DIoU,diou
MVI_40204,35,0,long,131,5.24,no_before,,,0.3664,131,partial,KF + CV,DIoU,diou
MVI_40204,36,0,long,52,2.08,lost,129.0,,0.0,116,partial,KF + CV,DIoU,diou
MVI_40204,39,0,medium,22,0.88,lost,193.0,,0.0,111,partial,KF + CV,DIoU,diou
MVI_40204,40,0,long,39,1.56,lost,146.0,,0.0,151,partial,KF + CV,DIoU,diou
MVI_40204,46,0,long,141,5.64,no_before,,,0.6596,141,partial,KF + CV,DIoU,diou
MVI_40204,49,0,long,46,1.84,preserved,195.0,195.0,0.8043,151,partial,KF + CV,DIoU,diou
MVI_40204,50,0,long,121,4.84,no_before,,,0.3802,121,partial,KF + CV,DIoU,diou
MVI_40204,51,0,long,131,5.24,no_before,,,0.3511,131,partial,KF + CV,DIoU,diou
MVI_40204,52,0,short,2,0.08,preserved,212.0,212.0,1.0,131,partial,KF + CV,DIoU,diou
MVI_40204,60,0,long,131,5.24,no_before,,,0.3282,131,partial,KF + CV,DIoU,diou
MVI_40204,63,0,long,39,1.56,switched,303.0,349.0,0.5897,141,partial,KF + CV,DIoU,diou
MVI_40204,64,0,long,130,5.2,no_before,,,0.6385,131,partial,KF + CV,DIoU,diou
MVI_40204,65,0,long,141,5.64,no_before,,,0.2624,141,partial,KF + CV,DIoU,diou
MVI_40204,67,0,long,58,2.32,lost,366.0,,0.0172,131,partial,KF + CV,DIoU,diou
MVI_40204,68,0,medium,15,0.6,lost,366.0,,0.0,126,partial,KF + CV,DIoU,diou
MVI_40204,71,0,long,116,4.64,no_before,,,0.2931,116,partial,KF + CV,DIoU,diou
MVI_40204,72,0,medium,33,1.32,preserved,417.0,417.0,1.0,141,partial,KF + CV,DIoU,diou
MVI_40204,73,0,long,136,5.44,no_before,,,0.3088,136,partial,KF + CV,DIoU,diou
MVI_40204,74,0,long,116,4.64,no_before,,,0.4914,116,partial,KF + CV,DIoU,diou
MVI_40204,78,0,medium,19,0.76,lost,453.0,,0.2632,131,partial,KF + CV,DIoU,diou
MVI_40204,81,0,long,141,5.64,no_before,,,0.305,141,partial,KF + CV,DIoU,diou
MVI_40204,82,0,short,8,0.32,preserved,481.0,481.0,1.0,136,partial,KF + CV,DIoU,diou
MVI_40204,82,1,long,40,1.6,lost,481.0,,0.8,136,partial,KF + CV,DIoU,diou
MVI_40204,85,0,long,141,5.64,no_before,,,0.5816,141,partial,KF + CV,DIoU,diou
MVI_40204,86,0,long,114,4.56,lost,523.0,,0.3947,136,partial,KF + CV,DIoU,diou
MVI_40204,88,0,long,146,5.84,no_before,,,0.1301,146,partial,KF + CV,DIoU,diou
MVI_40204,90,0,long,146,5.84,no_before,,,0.6575,146,partial,KF + CV,DIoU,diou
MVI_40204,92,0,long,41,1.64,no_before,,,0.9512,156,partial,KF + CV,DIoU,diou
MVI_40204,93,0,long,112,4.48,lost,563.0,,0.4911,131,partial,KF + CV,DIoU,diou
MVI_40204,96,0,long,82,3.28,switched,572.0,434.0,0.8171,161,partial,KF + CV,DIoU,diou
MVI_40204,98,0,long,156,6.24,no_before,,,0.5705,156,partial,KF + CV,DIoU,diou
MVI_40204,99,0,short,11,0.44,no_before,,,0.7273,151,partial,KF + CV,DIoU,diou
MVI_40204,106,0,long,51,2.04,no_before,,,0.6667,126,partial,KF + CV,DIoU,diou
MVI_40204,106,1,long,70,2.8,lost,650.0,,0.4,126,partial,KF + CV,DIoU,diou
MVI_40204,108,0,long,151,6.04,no_before,,,0.457,151,partial,KF + CV,DIoU,diou
MVI_40204,110,0,long,75,3.0,lost,651.0,,0.1733,131,partial,KF + CV,DIoU,diou
MVI_40204,112,0,long,40,1.6,no_before,,,0.0,146,partial,KF + CV,DIoU,diou
MVI_40204,115,0,long,71,2.84,preserved,685.0,685.0,0.8169,151,partial,KF + CV,DIoU,diou
MVI_40204,115,1,short,4,0.16,preserved,685.0,685.0,0.0,151,partial,KF + CV,DIoU,diou
MVI_40204,116,0,long,146,5.84,no_before,,,0.0,146,partial,KF + CV,DIoU,diou
MVI_40204,117,0,medium,31,1.24,lost,694.0,,0.2581,141,partial,KF + CV,DIoU,diou
MVI_40204,117,1,short,9,0.36,lost,694.0,,0.0,141,partial,KF + CV,DIoU,diou
MVI_40204,119,0,long,66,2.64,lost,702.0,,0.1061,151,partial,KF + CV,DIoU,diou
MVI_40204,120,0,long,62,2.48,lost,726.0,,0.6613,156,partial,KF + CV,DIoU,diou
MVI_40204,121,0,medium,21,0.84,no_before,,,0.9524,156,partial,KF + CV,DIoU,diou
MVI_40204,122,0,long,141,5.64,no_before,,,0.1135,141,partial,KF + CV,DIoU,diou
MVI_40204,126,0,long,43,1.72,preserved,759.0,759.0,0.6047,166,partial,KF + CV,DIoU,diou
MVI_40204,126,1,short,4,0.16,lost,759.0,,0.0,166,partial,KF + CV,DIoU,diou
MVI_40204,127,0,short,5,0.2,no_before,,,0.4,161,partial,KF + CV,DIoU,diou
MVI_40204,128,0,medium,18,0.72,preserved,773.0,773.0,1.0,131,partial,KF + CV,DIoU,diou
MVI_40204,128,1,long,98,3.92,lost,773.0,,0.2959,131,partial,KF + CV,DIoU,diou
MVI_40204,129,0,long,156,6.24,no_before,,,0.2628,156,partial,KF + CV,DIoU,diou
MVI_40204,133,0,long,53,2.12,lost,796.0,,0.3019,106,partial,KF + CV,DIoU,diou
MVI_40204,135,0,long,75,3.0,lost,811.0,,0.1867,141,partial,KF + CV,DIoU,diou
MVI_40204,137,0,long,63,2.52,lost,839.0,,0.3333,126,partial,KF + CV,DIoU,diou
MVI_40204,138,0,short,7,0.28,lost,717.0,,0.0,166,partial,KF + CV,DIoU,diou
MVI_40204,142,0,long,145,5.8,no_before,,,0.8345,146,partial,KF + CV,DIoU,diou
MVI_40204,145,0,long,146,5.84,no_before,,,0.5822,161,partial,KF + CV,DIoU,diou
MVI_40204,148,0,long,110,4.4,lost,921.0,,0.3364,151,partial,KF + CV,DIoU,diou
MVI_40204,149,0,long,72,2.88,lost,921.0,,0.1944,161,partial,KF + CV,DIoU,diou
MVI_40204,150,0,long,146,5.84,no_before,,,0.726,146,partial,KF + CV,DIoU,diou
MVI_40204,153,0,long,129,5.16,lost,945.0,,0.4806,171,partial,KF + CV,DIoU,diou
MVI_40204,154,0,medium,28,1.12,no_before,,,0.6786,166,partial,KF + CV,DIoU,diou
MVI_40204,158,0,medium,31,1.24,no_before,,,0.0,175,partial,KF + CV,DIoU,diou
MVI_40204,161,0,medium,22,0.88,no_before,,,0.8636,170,partial,KF + CV,DIoU,diou
MVI_40204,161,1,long,67,2.68,preserved,990.0,990.0,0.2239,170,partial,KF + CV,DIoU,diou
MVI_40204,162,0,long,151,6.04,no_before,,,0.0331,151,partial,KF + CV,DIoU,diou
MVI_40204,165,1,long,139,5.56,lost,1018.0,,0.6115,145,partial,KF + CV,DIoU,diou
MVI_40204,168,0,long,120,4.8,no_before,,,0.7417,120,partial,KF + CV,DIoU,diou
MVI_40204,173,0,long,65,2.6,no_before,,,0.9692,65,partial,KF + CV,DIoU,diou
MVI_40204,177,0,medium,20,0.8,no_before,,,0.6,20,partial,KF + CV,DIoU,diou
MVI_40751,2,0,long,72,2.88,switched,1.0,30.0,0.0833,1140,partial,KF + CV,DIoU,diou
MVI_40751,2,1,long,175,7.0,switched,30.0,358.0,0.6171,1140,partial,KF + CV,DIoU,diou
MVI_40751,2,2,short,9,0.36,preserved,358.0,358.0,1.0,1140,partial,KF + CV,DIoU,diou
MVI_40751,2,3,short,6,0.24,preserved,358.0,358.0,1.0,1140,partial,KF + CV,DIoU,diou
MVI_40751,2,4,long,410,16.4,preserved,358.0,358.0,1.0,1140,partial,KF + CV,DIoU,diou
MVI_40751,3,0,long,58,2.32,no_before,,,0.9655,81,partial,KF + CV,DIoU,diou
MVI_40751,4,1,long,46,1.84,preserved,2.0,2.0,1.0,141,partial,KF + CV,DIoU,diou
MVI_40751,5,0,medium,19,0.76,no_before,,,0.0,146,partial,KF + CV,DIoU,diou
MVI_40751,7,0,medium,19,0.76,no_before,,,0.0,186,partial,KF + CV,DIoU,diou
MVI_40751,7,1,medium,14,0.56,preserved,65.0,65.0,1.0,186,partial,KF + CV,DIoU,diou
MVI_40751,7,3,long,97,3.88,preserved,65.0,65.0,1.0,186,partial,KF + CV,DIoU,diou
MVI_40751,8,1,short,4,0.16,preserved,155.0,155.0,1.0,920,partial,KF + CV,DIoU,diou
MVI_40751,8,2,short,5,0.2,preserved,155.0,155.0,1.0,920,partial,KF + CV,DIoU,diou
MVI_40751,8,3,short,10,0.4,preserved,155.0,155.0,1.0,920,partial,KF + CV,DIoU,diou
MVI_40751,8,4,medium,24,0.96,preserved,155.0,155.0,1.0,920,partial,KF + CV,DIoU,diou
MVI_40751,8,5,long,591,23.64,lost,155.0,,0.7766,920,partial,KF + CV,DIoU,diou
MVI_40751,9,0,medium,34,1.36,preserved,148.0,148.0,1.0,96,partial,KF + CV,DIoU,diou
MVI_40751,11,0,medium,32,1.28,no_before,,,0.4062,156,partial,KF + CV,DIoU,diou
MVI_40751,11,1,long,89,3.56,preserved,171.0,171.0,0.9775,156,partial,KF + CV,DIoU,diou
MVI_40751,15,0,long,223,8.92,lost,177.0,,1.0,775,partial,KF + CV,DIoU,diou
MVI_40751,21,0,short,5,0.2,no_before,,,0.0,625,partial,KF + CV,DIoU,diou
MVI_40751,21,1,long,612,24.48,lost,312.0,,0.0294,625,partial,KF + CV,DIoU,diou
MVI_40751,23,0,short,11,0.44,preserved,344.0,344.0,1.0,66,partial,KF + CV,DIoU,diou
MVI_40751,23,1,short,4,0.16,preserved,344.0,344.0,1.0,66,partial,KF + CV,DIoU,diou
MVI_40751,28,0,short,3,0.12,preserved,428.0,428.0,1.0,405,partial,KF + CV,DIoU,diou
MVI_40751,28,1,medium,15,0.6,preserved,428.0,428.0,1.0,405,partial,KF + CV,DIoU,diou
MVI_40751,29,0,medium,23,0.92,preserved,440.0,440.0,1.0,370,partial,KF + CV,DIoU,diou
MVI_40751,31,0,long,41,1.64,no_before,,,0.7073,43,partial,KF + CV,DIoU,diou
MVI_40751,32,0,long,172,6.88,switched,464.0,494.0,0.8721,266,partial,KF + CV,DIoU,diou
MVI_40751,33,0,medium,14,0.56,preserved,464.0,464.0,1.0,270,partial,KF + CV,DIoU,diou
MVI_40751,35,0,medium,23,0.92,lost,493.0,,1.0,156,partial,KF + CV,DIoU,diou
MVI_40751,36,0,long,77,3.08,lost,514.0,,1.0,195,partial,KF + CV,DIoU,diou
MVI_40751,38,0,medium,13,0.52,preserved,532.0,532.0,1.0,140,partial,KF + CV,DIoU,diou
MVI_40751,38,1,long,49,1.96,lost,532.0,,1.0,140,partial,KF + CV,DIoU,diou
MVI_40751,41,0,long,45,1.8,no_before,,,0.3111,45,partial,KF + CV,DIoU,diou
MVI_63554,3,0,short,11,0.44,no_before,,,0.6364,11,partial,KF + CV,DIoU,diou
MVI_63554,4,0,medium,26,1.04,no_before,,,0.0,26,partial,KF + CV,DIoU,diou
MVI_63554,5,0,long,40,1.6,no_before,,,0.95,41,partial,KF + CV,DIoU,diou
MVI_63554,8,0,medium,13,0.52,no_before,,,0.3846,16,partial,KF + CV,DIoU,diou
MVI_63554,9,0,long,55,2.2,lost,15.0,,0.0727,61,partial,KF + CV,DIoU,diou
MVI_63554,11,0,long,52,2.08,lost,28.0,,0.0577,61,partial,KF + CV,DIoU,diou
MVI_63554,13,0,medium,16,0.64,no_before,,,0.25,26,partial,KF + CV,DIoU,diou
MVI_63554,15,0,long,65,2.6,lost,43.0,,0.9692,76,partial,KF + CV,DIoU,diou
MVI_63554,19,0,long,62,2.48,no_before,,,0.8871,81,partial,KF + CV,DIoU,diou
MVI_63554,20,0,long,57,2.28,lost,64.0,,0.0,66,partial,KF + CV,DIoU,diou
MVI_63554,22,0,long,61,2.44,no_before,,,0.3607,61,partial,KF + CV,DIoU,diou
MVI_63554,23,0,long,45,1.8,preserved,79.0,79.0,0.7111,81,partial,KF + CV,DIoU,diou
MVI_63554,24,0,short,11,0.44,no_before,,,0.1818,21,partial,KF + CV,DIoU,diou
MVI_63554,25,0,long,51,2.04,lost,79.0,,0.1176,56,partial,KF + CV,DIoU,diou
MVI_63554,30,0,long,74,2.96,lost,121.0,,0.2297,81,partial,KF + CV,DIoU,diou
MVI_63554,31,0,long,76,3.04,no_before,,,0.5526,76,partial,KF + CV,DIoU,diou
MVI_63554,32,0,long,64,2.56,lost,127.0,,0.0781,71,partial,KF + CV,DIoU,diou
MVI_63554,33,0,long,45,1.8,lost,135.0,,0.9333,81,partial,KF + CV,DIoU,diou
MVI_63554,35,0,medium,16,0.64,no_before,,,0.8125,86,partial,KF + CV,DIoU,diou
MVI_63554,36,0,long,59,2.36,lost,151.0,,0.0678,66,partial,KF + CV,DIoU,diou
MVI_63554,41,0,medium,25,1.0,lost,143.0,,0.64,91,partial,KF + CV,DIoU,diou
MVI_63554,42,0,short,11,0.44,no_before,,,0.1818,16,partial,KF + CV,DIoU,diou
MVI_63554,43,0,long,62,2.48,lost,178.0,,0.0645,71,partial,KF + CV,DIoU,diou
MVI_63554,44,0,long,64,2.56,lost,178.0,,0.75,71,partial,KF + CV,DIoU,diou
MVI_63554,47,0,long,59,2.36,lost,188.0,,0.1525,66,partial,KF + CV,DIoU,diou
MVI_63554,49,0,long,54,2.16,lost,198.0,,0.8889,81,partial,KF + CV,DIoU,diou
MVI_63554,50,0,long,63,2.52,lost,201.0,,0.2857,71,partial,KF + CV,DIoU,diou
MVI_63554,51,0,short,11,0.44,no_before,,,0.0,21,partial,KF + CV,DIoU,diou
MVI_63554,55,0,long,62,2.48,lost,193.0,,0.8065,71,partial,KF + CV,DIoU,diou
MVI_63554,56,0,long,48,1.92,no_before,,,0.0,51,partial,KF + CV,DIoU,diou
MVI_63554,58,0,medium,21,0.84,preserved,246.0,246.0,0.9524,41,partial,KF + CV,DIoU,diou
MVI_63554,60,0,medium,13,0.52,no_before,,,0.2308,21,partial,KF + CV,DIoU,diou
MVI_63554,61,0,long,63,2.52,no_before,,,0.5079,66,partial,KF + CV,DIoU,diou
MVI_63554,62,0,short,5,0.2,preserved,264.0,264.0,1.0,66,partial,KF + CV,DIoU,diou
MVI_63554,62,1,medium,35,1.4,lost,264.0,,0.6,66,partial,KF + CV,DIoU,diou
MVI_63554,63,0,long,60,2.4,lost,269.0,,0.6833,66,partial,KF + CV,DIoU,diou
MVI_63554,64,0,long,42,1.68,no_before,,,0.0238,46,partial,KF + CV,DIoU,diou
MVI_63554,68,0,long,57,2.28,lost,288.0,,0.0702,66,partial,KF + CV,DIoU,diou
MVI_63554,69,0,medium,16,0.64,no_before,,,0.5625,26,partial,KF + CV,DIoU,diou
MVI_63554,72,0,medium,20,0.8,lost,302.0,,0.35,101,partial,KF + CV,DIoU,diou
MVI_63554,73,0,long,50,2.0,preserved,305.0,305.0,0.88,61,partial,KF + CV,DIoU,diou
MVI_63554,76,0,medium,13,0.52,no_before,,,0.3077,21,partial,KF + CV,DIoU,diou
MVI_63554,77,0,long,56,2.24,lost,315.0,,0.0714,61,partial,KF + CV,DIoU,diou
MVI_63554,79,0,long,61,2.44,no_before,,,0.459,71,partial,KF + CV,DIoU,diou
MVI_63554,80,0,long,55,2.2,lost,315.0,,0.8545,61,partial,KF + CV,DIoU,diou
MVI_63554,81,0,short,10,0.4,no_before,,,0.6,81,partial,KF + CV,DIoU,diou
MVI_63554,82,0,long,53,2.12,no_before,,,0.0755,56,partial,KF + CV,DIoU,diou
MVI_63554,83,0,medium,15,0.6,no_before,,,0.1333,21,partial,KF + CV,DIoU,diou
MVI_63554,86,0,long,49,1.96,no_before,,,0.0,56,partial,KF + CV,DIoU,diou
MVI_63554,87,0,medium,31,1.24,preserved,331.0,331.0,0.9677,61,partial,KF + CV,DIoU,diou
MVI_63554,88,0,medium,13,0.52,no_before,,,0.2308,16,partial,KF + CV,DIoU,diou
MVI_63554,90,0,medium,20,0.8,lost,353.0,,0.9,86,partial,KF + CV,DIoU,diou
MVI_63554,92,0,long,50,2.0,lost,359.0,,0.1,56,partial,KF + CV,DIoU,diou
MVI_63554,93,0,long,39,1.56,preserved,359.0,359.0,0.8462,71,partial,KF + CV,DIoU,diou
MVI_63554,93,3,short,9,0.36,lost,359.0,,0.0,71,partial,KF + CV,DIoU,diou
MVI_63554,94,0,medium,26,1.04,preserved,366.0,366.0,1.0,56,partial,KF + CV,DIoU,diou
MVI_63554,95,0,long,51,2.04,switched,372.0,331.0,0.8627,81,partial,KF + CV,DIoU,diou
MVI_63554,96,0,medium,15,0.6,no_before,,,0.0667,26,partial,KF + CV,DIoU,diou
MVI_63554,98,0,long,64,2.56,lost,331.0,,0.7969,71,partial,KF + CV,DIoU,diou
MVI_63554,99,0,medium,15,0.6,no_before,,,0.6667,26,partial,KF + CV,DIoU,diou
MVI_63554,101,0,long,48,1.92,no_before,,,0.0208,51,partial,KF + CV,DIoU,diou
MVI_63554,102,0,medium,14,0.56,no_before,,,0.0714,26,partial,KF + CV,DIoU,diou
MVI_63554,103,0,medium,17,0.68,lost,375.0,,0.5882,71,partial,KF + CV,DIoU,diou
MVI_63554,105,0,long,61,2.44,lost,405.0,,0.7541,66,partial,KF + CV,DIoU,diou
MVI_63554,108,0,long,44,1.76,no_before,,,0.0,51,partial,KF + CV,DIoU,diou
MVI_63554,109,0,medium,18,0.72,no_before,,,0.2778,31,partial,KF + CV,DIoU,diou
MVI_63554,112,0,medium,31,1.24,no_before,,,0.6129,61,partial,KF + CV,DIoU,diou
MVI_63554,115,0,long,53,2.12,lost,456.0,,0.0943,61,partial,KF + CV,DIoU,diou
MVI_63554,116,0,medium,15,0.6,no_before,,,0.2,26,partial,KF + CV,DIoU,diou
MVI_63554,117,0,long,53,2.12,lost,463.0,,0.566,61,partial,KF + CV,DIoU,diou
MVI_63554,120,0,medium,15,0.6,no_before,,,0.2,26,partial,KF + CV,DIoU,diou
MVI_63554,123,0,long,60,2.4,no_before,,,0.5,61,partial,KF + CV,DIoU,diou
MVI_63554,124,0,long,54,2.16,no_before,,,0.1111,61,partial,KF + CV,DIoU,diou
MVI_63554,126,0,medium,37,1.48,lost,497.0,,0.9189,56,partial,KF + CV,DIoU,diou
MVI_63554,129,0,medium,13,0.52,no_before,,,0.3846,21,partial,KF + CV,DIoU,diou
MVI_63554,132,0,short,12,0.48,no_before,,,0.5,26,partial,KF + CV,DIoU,diou
MVI_63554,134,0,long,55,2.2,lost,534.0,,0.7091,61,partial,KF + CV,DIoU,diou
MVI_63554,137,0,short,12,0.48,no_before,,,0.1667,16,partial,KF + CV,DIoU,diou
MVI_63554,139,0,long,48,1.92,lost,556.0,,0.875,56,partial,KF + CV,DIoU,diou
MVI_63554,142,0,medium,15,0.6,no_before,,,0.3333,26,partial,KF + CV,DIoU,diou
MVI_63554,143,0,long,57,2.28,lost,564.0,,0.8772,66,partial,KF + CV,DIoU,diou
MVI_63554,147,0,long,39,1.56,lost,578.0,,0.0256,46,partial,KF + CV,DIoU,diou
MVI_63554,148,0,short,8,0.32,preserved,576.0,576.0,1.0,56,partial,KF + CV,DIoU,diou
MVI_63554,151,0,short,12,0.48,no_before,,,0.5833,21,partial,KF + CV,DIoU,diou
MVI_63554,152,0,short,10,0.4,preserved,593.0,593.0,1.0,61,partial,KF + CV,DIoU,diou
MVI_63554,152,1,short,2,0.08,preserved,593.0,593.0,1.0,61,partial,KF + CV,DIoU,diou
MVI_63554,152,2,short,5,0.2,lost,593.0,,0.0,61,partial,KF + CV,DIoU,diou
MVI_63554,153,0,medium,14,0.56,no_before,,,0.3571,20,partial,KF + CV,DIoU,diou
MVI_63554,155,0,long,49,1.96,lost,601.0,,0.0816,56,partial,KF + CV,DIoU,diou
MVI_63554,158,0,long,54,2.16,lost,616.0,,0.8889,66,partial,KF + CV,DIoU,diou
MVI_63554,160,0,short,12,0.48,no_before,,,0.3333,21,partial,KF + CV,DIoU,diou
MVI_63554,162,0,long,54,2.16,lost,624.0,,0.7778,61,partial,KF + CV,DIoU,diou
MVI_63554,163,0,long,54,2.16,no_before,,,0.9259,71,partial,KF + CV,DIoU,diou
MVI_63554,164,0,long,66,2.64,no_before,,,0.9848,66,partial,KF + CV,DIoU,diou
MVI_63554,165,0,long,52,2.08,lost,640.0,,0.0577,56,partial,KF + CV,DIoU,diou
MVI_63554,168,0,long,53,2.12,lost,660.0,,0.8491,61,partial,KF + CV,DIoU,diou
MVI_63554,169,0,medium,14,0.56,no_before,,,0.7857,21,partial,KF + CV,DIoU,diou
MVI_63554,171,0,long,50,2.0,lost,658.0,,0.04,56,partial,KF + CV,DIoU,diou
MVI_63554,174,0,short,11,0.44,no_before,,,0.1818,16,partial,KF + CV,DIoU,diou
MVI_63554,175,0,long,59,2.36,lost,683.0,,0.7627,66,partial,KF + CV,DIoU,diou
MVI_63554,177,0,long,51,2.04,lost,690.0,,0.098,56,partial,KF + CV,DIoU,diou
MVI_63554,180,0,short,9,0.36,no_before,,,0.8889,16,partial,KF + CV,DIoU,diou
MVI_63554,182,0,long,51,2.04,lost,710.0,,0.098,56,partial,KF + CV,DIoU,diou
MVI_63554,183,0,short,8,0.32,no_before,,,0.25,21,partial,KF + CV,DIoU,diou
MVI_63554,185,0,long,39,1.56,no_before,,,0.8205,40,partial,KF + CV,DIoU,diou
MVI_63554,186,0,medium,18,0.72,lost,717.0,,0.1111,25,partial,KF + CV,DIoU,diou
MVI_63554,188,0,short,11,0.44,no_before,,,0.3636,15,partial,KF + CV,DIoU,diou
MVI_63554,189,0,medium,14,0.56,no_before,,,0.7143,31,partial,KF + CV,DIoU,diou
MVI_63554,190,0,medium,17,0.68,no_before,,,0.4118,31,partial,KF + CV,DIoU,diou
MVI_40131,1,0,long,61,2.44,switched,4.0,110.0,0.0,486,full,KF + CV,DIoU,diou
MVI_40131,19,0,long,54,2.16,switched,75.0,383.0,0.0,1086,full,KF + CV,DIoU,diou
MVI_40131,35,0,long,50,2.0,switched,245.0,400.0,0.0,456,full,KF + CV,DIoU,diou
MVI_40171,9,0,short,1,0.04,preserved,40.0,40.0,1.0,61,full,KF + CV,DIoU,diou
MVI_40171,9,1,short,10,0.4,preserved,40.0,40.0,1.0,61,full,KF + CV,DIoU,diou
MVI_40171,26,0,short,3,0.12,preserved,211.0,211.0,0.6667,56,full,KF + CV,DIoU,diou
MVI_40171,41,0,long,66,2.64,switched,6.0,269.0,0.0,1150,full,KF + CV,DIoU,diou
MVI_40171,41,1,long,38,1.52,switched,269.0,360.0,0.0,1150,full,KF + CV,DIoU,diou
MVI_40171,42,0,medium,14,0.56,no_before,,,0.0,1150,full,KF + CV,DIoU,diou
MVI_40171,42,1,short,1,0.04,no_before,,,0.0,1150,full,KF + CV,DIoU,diou
MVI_40171,42,2,short,2,0.08,no_before,,,0.0,1150,full,KF + CV,DIoU,diou
MVI_40171,42,3,long,772,30.88,no_before,,,0.0,1150,full,KF + CV,DIoU,diou
MVI_40171,42,4,long,142,5.68,no_before,,,0.0,1150,full,KF + CV,DIoU,diou
MVI_40171,43,0,long,121,4.84,no_before,,,0.0,1150,full,KF + CV,DIoU,diou
MVI_40171,43,1,long,1012,40.48,no_before,,,0.0,1150,full,KF + CV,DIoU,diou
MVI_40171,44,0,long,141,5.64,no_before,,,0.0,1150,full,KF + CV,DIoU,diou
MVI_40171,44,1,long,989,39.56,no_before,,,0.0,1150,full,KF + CV,DIoU,diou
MVI_40172,16,0,long,158,6.32,no_before,,,0.0,227,full,KF + CV,DIoU,diou
MVI_40172,99,0,long,42,1.68,switched,2.0,60.0,0.0,2635,full,KF + CV,DIoU,diou
MVI_40172,99,1,long,40,1.6,switched,60.0,244.0,0.0,2635,full,KF + CV,DIoU,diou
MVI_40172,99,2,medium,15,0.6,switched,712.0,769.0,0.0,2635,full,KF + CV,DIoU,diou
MVI_40172,100,0,long,2225,89.0,no_before,,,0.0,2635,full,KF + CV,DIoU,diou
MVI_40172,101,0,long,1489,59.56,no_before,,,0.0,2635,full,KF + CV,DIoU,diou
MVI_40172,101,1,long,148,5.92,no_before,,,0.0,2635,full,KF + CV,DIoU,diou
MVI_40172,101,2,long,526,21.04,no_before,,,0.0,2635,full,KF + CV,DIoU,diou
MVI_40172,101,3,short,2,0.08,no_before,,,0.0,2635,full,KF + CV,DIoU,diou
MVI_40172,101,4,short,9,0.36,no_before,,,0.0,2635,full,KF + CV,DIoU,diou
MVI_40172,101,5,medium,19,0.76,no_before,,,0.0,2635,full,KF + CV,DIoU,diou
MVI_40172,102,0,long,395,15.8,no_before,,,0.0,2635,full,KF + CV,DIoU,diou
MVI_40172,102,1,long,1062,42.48,no_before,,,0.0,2635,full,KF + CV,DIoU,diou
MVI_40172,102,2,short,7,0.28,no_before,,,0.0,2635,full,KF + CV,DIoU,diou
MVI_40172,102,3,short,1,0.04,no_before,,,0.0,2635,full,KF + CV,DIoU,diou
MVI_40172,102,4,short,2,0.08,no_before,,,0.0,2635,full,KF + CV,DIoU,diou
MVI_40172,102,5,long,53,2.12,no_before,,,0.0,2635,full,KF + CV,DIoU,diou
MVI_40172,102,6,short,5,0.2,no_before,,,0.0,2635,full,KF + CV,DIoU,diou
MVI_40172,102,7,medium,19,0.76,no_before,,,0.0,2635,full,KF + CV,DIoU,diou
MVI_40172,102,8,long,67,2.68,no_before,,,0.0,2635,full,KF + CV,DIoU,diou
MVI_40172,102,9,long,87,3.48,no_before,,,0.0,2635,full,KF + CV,DIoU,diou
MVI_40172,102,10,short,2,0.08,no_before,,,0.0,2635,full,KF + CV,DIoU,diou
MVI_40172,102,11,long,95,3.8,no_before,,,0.0,2635,full,KF + CV,DIoU,diou
MVI_40172,105,0,long,47,1.88,switched,3.0,68.0,0.0,2635,full,KF + CV,DIoU,diou
MVI_40172,105,1,long,42,1.68,switched,68.0,71.0,0.0,2635,full,KF + CV,DIoU,diou
MVI_40172,105,2,short,7,0.28,no_before,,,0.0,2635,full,KF + CV,DIoU,diou
MVI_40172,105,3,medium,20,0.8,switched,304.0,773.0,0.0,2635,full,KF + CV,DIoU,diou
MVI_40204,15,0,short,1,0.04,lost,25.0,,0.0,136,full,KF + CV,DIoU,diou
MVI_40204,35,0,medium,21,0.84,no_before,,,0.0,131,full,KF + CV,DIoU,diou
MVI_40204,35,1,short,9,0.36,no_before,,,0.0,131,full,KF + CV,DIoU,diou
MVI_40204,51,0,short,3,0.12,preserved,205.0,205.0,0.0,131,full,KF + CV,DIoU,diou
MVI_40204,51,1,short,6,0.24,lost,205.0,,0.1667,131,full,KF + CV,DIoU,diou
MVI_40204,51,2,short,1,0.04,lost,205.0,,0.0,131,full,KF + CV,DIoU,diou
MVI_40204,60,0,short,1,0.04,lost,260.0,,0.0,131,full,KF + CV,DIoU,diou
MVI_40204,60,1,short,1,0.04,no_before,,,0.0,131,full,KF + CV,DIoU,diou
MVI_40204,65,0,short,3,0.12,lost,352.0,,0.0,141,full,KF + CV,DIoU,diou
MVI_40204,71,0,medium,16,0.64,lost,413.0,,0.0,116,full,KF + CV,DIoU,diou
MVI_40204,71,1,short,1,0.04,no_before,,,0.0,116,full,KF + CV,DIoU,diou
MVI_40204,81,0,short,9,0.36,no_before,,,0.0,141,full,KF + CV,DIoU,diou
MVI_40204,81,1,short,3,0.12,no_before,,,0.0,141,full,KF + CV,DIoU,diou
MVI_40204,85,0,short,12,0.48,lost,514.0,,0.0833,141,full,KF + CV,DIoU,diou
MVI_40204,85,1,short,7,0.28,lost,514.0,,0.0,141,full,KF + CV,DIoU,diou
MVI_40204,88,0,short,2,0.08,lost,523.0,,0.0,146,full,KF + CV,DIoU,diou
MVI_40204,88,1,short,1,0.04,lost,523.0,,0.0,146,full,KF + CV,DIoU,diou
MVI_40204,88,2,short,1,0.04,lost,523.0,,0.0,146,full,KF + CV,DIoU,diou
MVI_40204,90,0,short,8,0.32,preserved,432.0,432.0,0.75,146,full,KF + CV,DIoU,diou
MVI_40204,90,1,short,4,0.16,preserved,432.0,432.0,0.75,146,full,KF + CV,DIoU,diou
MVI_40204,90,2,short,1,0.04,lost,432.0,,1.0,146,full,KF + CV,DIoU,diou
MVI_40204,90,3,short,1,0.04,lost,432.0,,0.0,146,full,KF + CV,DIoU,diou
MVI_40204,90,4,medium,18,0.72,lost,432.0,,0.0,146,full,KF + CV,DIoU,diou
MVI_40204,98,0,long,53,2.12,lost,578.0,,0.0,156,full,KF + CV,DIoU,diou
MVI_40204,108,0,short,1,0.04,preserved,644.0,644.0,1.0,151,full,KF + CV,DIoU,diou
MVI_40204,116,0,short,1,0.04,no_before,,,0.0,146,full,KF + CV,DIoU,diou
MVI_40204,116,1,short,1,0.04,no_before,,,0.0,146,full,KF + CV,DIoU,diou
MVI_40204,128,0,short,10,0.4,lost,759.0,,0.0,131,full,KF + CV,DIoU,diou
MVI_40204,129,0,short,1,0.04,no_before,,,0.0,156,full,KF + CV,DIoU,diou
MVI_40204,129,1,short,2,0.08,no_before,,,0.0,156,full,KF + CV,DIoU,diou
MVI_40204,162,0,short,1,0.04,no_before,,,0.0,151,full,KF + CV,DIoU,diou
MVI_40204,162,1,short,1,0.04,no_before,,,0.0,151,full,KF + CV,DIoU,diou
MVI_40204,162,2,short,2,0.08,no_before,,,0.0,151,full,KF + CV,DIoU,diou
MVI_40204,162,3,medium,14,0.56,no_before,,,0.0,151,full,KF + CV,DIoU,diou
MVI_40204,165,0,short,6,0.24,no_before,,,0.0,145,full,KF + CV,DIoU,diou
MVI_40204,168,0,short,1,0.04,preserved,1057.0,1057.0,1.0,120,full,KF + CV,DIoU,diou
MVI_40751,2,0,long,47,1.88,switched,1.0,30.0,0.0,1140,full,KF + CV,DIoU,diou
MVI_40751,21,0,short,12,0.48,lost,312.0,,0.0,625,full,KF + CV,DIoU,diou
MVI_40751,21,1,short,4,0.16,lost,312.0,,0.0,625,full,KF + CV,DIoU,diou
MVI_40751,21,2,short,4,0.16,no_before,,,0.0,625,full,KF + CV,DIoU,diou
MVI_40751,21,3,short,3,0.12,no_before,,,0.0,625,full,KF + CV,DIoU,diou
MVI_40751,21,4,short,2,0.08,no_before,,,0.0,625,full,KF + CV,DIoU,diou
MVI_40751,21,5,short,4,0.16,no_before,,,0.0,625,full,KF + CV,DIoU,diou
MVI_40751,21,6,short,4,0.16,no_before,,,0.0,625,full,KF + CV,DIoU,diou
MVI_63554,4,0,short,3,0.12,no_before,,,0.0,26,full,KF + CV,DIoU,diou
MVI_63554,4,1,short,6,0.24,no_before,,,0.0,26,full,KF + CV,DIoU,diou
MVI_63554,8,0,short,2,0.08,no_before,,,0.0,16,full,KF + CV,DIoU,diou
MVI_63554,9,0,medium,35,1.4,lost,15.0,,0.0,61,full,KF + CV,DIoU,diou
MVI_63554,20,0,short,1,0.04,lost,64.0,,0.0,66,full,KF + CV,DIoU,diou
MVI_63554,25,0,medium,19,0.76,lost,79.0,,0.0,56,full,KF + CV,DIoU,diou
MVI_63554,32,0,long,57,2.28,lost,127.0,,0.0,71,full,KF + CV,DIoU,diou
MVI_63554,36,0,long,49,1.96,lost,151.0,,0.0,66,full,KF + CV,DIoU,diou
MVI_63554,42,0,short,1,0.04,no_before,,,0.0,16,full,KF + CV,DIoU,diou
MVI_63554,43,0,long,55,2.2,lost,178.0,,0.0,71,full,KF + CV,DIoU,diou
MVI_63554,56,0,medium,30,1.2,no_before,,,0.0,51,full,KF + CV,DIoU,diou
MVI_63554,56,1,short,9,0.36,no_before,,,0.0,51,full,KF + CV,DIoU,diou
MVI_63554,61,0,short,1,0.04,no_before,,,0.0,66,full,KF + CV,DIoU,diou
MVI_63554,61,1,short,6,0.24,no_before,,,0.0,66,full,KF + CV,DIoU,diou
MVI_63554,64,0,medium,37,1.48,lost,271.0,,0.0,46,full,KF + CV,DIoU,diou
MVI_63554,68,0,long,51,2.04,lost,288.0,,0.0,66,full,KF + CV,DIoU,diou
MVI_63554,77,0,medium,20,0.8,lost,315.0,,0.0,61,full,KF + CV,DIoU,diou
MVI_63554,79,0,short,9,0.36,switched,321.0,323.0,0.2222,71,full,KF + CV,DIoU,diou
MVI_63554,82,0,long,47,1.88,lost,323.0,,0.0,56,full,KF + CV,DIoU,diou
MVI_63554,83,0,short,5,0.2,no_before,,,0.0,21,full,KF + CV,DIoU,diou
MVI_63554,86,0,long,43,1.72,no_before,,,0.0,56,full,KF + CV,DIoU,diou
MVI_63554,88,0,short,3,0.12,no_before,,,0.0,16,full,KF + CV,DIoU,diou
MVI_63554,92,0,medium,14,0.56,switched,359.0,385.0,0.0,56,full,KF + CV,DIoU,diou
MVI_63554,92,1,short,8,0.32,switched,359.0,385.0,0.0,56,full,KF + CV,DIoU,diou
MVI_63554,96,0,short,4,0.16,no_before,,,0.0,26,full,KF + CV,DIoU,diou
MVI_63554,101,0,long,42,1.68,lost,397.0,,0.0,51,full,KF + CV,DIoU,diou
MVI_63554,108,0,long,39,1.56,no_before,,,0.0,51,full,KF + CV,DIoU,diou
MVI_63554,115,0,short,3,0.12,lost,456.0,,0.0,61,full,KF + CV,DIoU,diou
MVI_63554,115,1,short,9,0.36,lost,456.0,,0.0,61,full,KF + CV,DIoU,diou
MVI_63554,116,0,short,2,0.08,no_before,,,0.0,26,full,KF + CV,DIoU,diou
MVI_63554,120,0,short,4,0.16,no_before,,,0.0,26,full,KF + CV,DIoU,diou
MVI_63554,124,0,medium,24,0.96,lost,495.0,,0.0,61,full,KF + CV,DIoU,diou
MVI_63554,124,1,medium,19,0.76,lost,495.0,,0.0,61,full,KF + CV,DIoU,diou
MVI_63554,129,0,short,2,0.08,no_before,,,0.0,21,full,KF + CV,DIoU,diou
MVI_63554,137,0,short,3,0.12,no_before,,,0.0,16,full,KF + CV,DIoU,diou
MVI_63554,147,0,medium,28,1.12,lost,578.0,,0.0,46,full,KF + CV,DIoU,diou
MVI_63554,151,0,short,1,0.04,no_before,,,0.0,21,full,KF + CV,DIoU,diou
MVI_63554,153,0,short,2,0.08,no_before,,,0.0,20,full,KF + CV,DIoU,diou
MVI_63554,155,0,medium,19,0.76,lost,601.0,,0.0,56,full,KF + CV,DIoU,diou
MVI_63554,165,0,medium,20,0.8,lost,640.0,,0.0,56,full,KF + CV,DIoU,diou
MVI_63554,165,1,medium,22,0.88,lost,640.0,,0.0,56,full,KF + CV,DIoU,diou
MVI_63554,171,0,medium,33,1.32,lost,658.0,,0.0,56,full,KF + CV,DIoU,diou
MVI_63554,174,0,short,2,0.08,no_before,,,0.0,16,full,KF + CV,DIoU,diou
MVI_63554,177,0,medium,13,0.52,no_before,,,0.0,56,full,KF + CV,DIoU,diou
MVI_63554,182,0,long,38,1.52,lost,710.0,,0.0,56,full,KF + CV,DIoU,diou
MVI_40131,1,0,long,120,4.8,switched,4.0,111.0,0.2583,486,partial,KF + CV,expanded gate,expand
MVI_40131,12,0,long,81,3.24,no_before,,,0.5185,326,partial,KF + CV,expanded gate,expand
MVI_40131,16,0,long,52,2.08,switched,70.0,90.0,0.1923,256,partial,KF + CV,expanded gate,expand
MVI_40131,16,1,medium,22,0.88,preserved,90.0,90.0,1.0,256,partial,KF + CV,expanded gate,expand
MVI_40131,17,0,long,64,2.56,no_before,,,0.375,171,partial,KF + CV,expanded gate,expand
MVI_40131,19,0,medium,19,0.76,preserved,76.0,76.0,0.4211,1086,partial,KF + CV,expanded gate,expand
MVI_40131,19,1,long,114,4.56,switched,76.0,388.0,0.2368,1086,partial,KF + CV,expanded gate,expand
MVI_40131,19,2,medium,18,0.72,preserved,388.0,388.0,1.0,1086,partial,KF + CV,expanded gate,expand
MVI_40131,19,3,short,6,0.24,preserved,388.0,388.0,1.0,1086,partial,KF + CV,expanded gate,expand
MVI_40131,19,4,medium,13,0.52,preserved,465.0,465.0,1.0,1086,partial,KF + CV,expanded gate,expand
MVI_40131,19,5,long,72,2.88,preserved,388.0,388.0,1.0,1086,partial,KF + CV,expanded gate,expand
MVI_40131,19,6,medium,29,1.16,preserved,388.0,388.0,1.0,1086,partial,KF + CV,expanded gate,expand
MVI_40131,20,0,short,5,0.2,no_before,,,0.0,406,partial,KF + CV,expanded gate,expand
MVI_40131,20,1,long,62,2.48,no_before,,,0.0968,406,partial,KF + CV,expanded gate,expand
MVI_40131,20,2,short,7,0.28,preserved,106.0,106.0,1.0,406,partial,KF + CV,expanded gate,expand
MVI_40131,23,0,medium,25,1.0,no_before,,,0.24,226,partial,KF + CV,expanded gate,expand
MVI_40131,25,0,long,177,7.08,preserved,144.0,144.0,0.9209,321,partial,KF + CV,expanded gate,expand
MVI_40131,26,0,long,84,3.36,switched,162.0,191.0,0.6548,231,partial,KF + CV,expanded gate,expand
MVI_40131,29,0,long,102,4.08,switched,233.0,399.0,0.9412,816,partial,KF + CV,expanded gate,expand
MVI_40131,30,0,short,9,0.36,preserved,204.0,204.0,1.0,296,partial,KF + CV,expanded gate,expand
MVI_40131,30,1,long,51,2.04,preserved,204.0,204.0,0.902,296,partial,KF + CV,expanded gate,expand
MVI_40131,31,0,medium,24,0.96,no_before,,,0.0,221,partial,KF + CV,expanded gate,expand
MVI_40131,31,1,short,8,0.32,no_before,,,0.0,221,partial,KF + CV,expanded gate,expand
MVI_40131,34,0,long,65,2.6,no_before,,,0.8769,281,partial,KF + CV,expanded gate,expand
MVI_40131,35,0,long,97,3.88,switched,254.0,405.0,0.2268,456,partial,KF + CV,expanded gate,expand
MVI_40131,35,1,medium,26,1.04,preserved,405.0,405.0,1.0,456,partial,KF + CV,expanded gate,expand
MVI_40131,36,0,medium,29,1.16,no_before,,,0.6552,226,partial,KF + CV,expanded gate,expand
MVI_40131,37,0,long,210,8.4,no_before,,,0.2381,421,partial,KF + CV,expanded gate,expand
MVI_40131,37,1,medium,33,1.32,preserved,445.0,445.0,1.0,421,partial,KF + CV,expanded gate,expand
MVI_40131,38,0,long,51,2.04,preserved,326.0,326.0,0.8039,306,partial,KF + CV,expanded gate,expand
MVI_40131,39,0,long,100,4.0,no_before,,,0.84,241,partial,KF + CV,expanded gate,expand
MVI_40131,39,1,long,55,2.2,preserved,317.0,317.0,1.0,241,partial,KF + CV,expanded gate,expand
MVI_40131,40,0,long,119,4.76,no_before,,,0.7731,366,partial,KF + CV,expanded gate,expand
MVI_40131,40,1,short,11,0.44,preserved,426.0,426.0,1.0,366,partial,KF + CV,expanded gate,expand
MVI_40131,40,3,medium,15,0.6,preserved,426.0,426.0,1.0,366,partial,KF + CV,expanded gate,expand
MVI_40131,40,4,short,8,0.32,preserved,426.0,426.0,1.0,366,partial,KF + CV,expanded gate,expand
MVI_40131,41,0,long,43,1.72,no_before,,,0.6047,281,partial,KF + CV,expanded gate,expand
MVI_40131,45,0,medium,25,1.0,no_before,,,0.2,206,partial,KF + CV,expanded gate,expand
MVI_40131,60,0,medium,22,0.88,lost,633.0,,0.7273,116,partial,KF + CV,expanded gate,expand
MVI_40131,62,0,medium,26,1.04,lost,647.0,,0.9231,95,partial,KF + CV,expanded gate,expand
MVI_40131,65,0,long,60,2.4,no_before,,,0.0,60,partial,KF + CV,expanded gate,expand
MVI_40171,1,0,medium,26,1.04,no_before,,,1.0,26,partial,KF + CV,expanded gate,expand
MVI_40171,6,0,long,41,1.64,switched,20.0,29.0,0.9512,71,partial,KF + CV,expanded gate,expand
MVI_40171,7,0,long,56,2.24,no_before,,,0.3214,56,partial,KF + CV,expanded gate,expand
MVI_40171,8,0,short,12,0.48,no_before,,,0.0,726,partial,KF + CV,expanded gate,expand
MVI_40171,8,1,short,11,0.44,switched,51.0,42.0,0.0,726,partial,KF + CV,expanded gate,expand
MVI_40171,8,3,medium,26,1.04,preserved,78.0,78.0,1.0,726,partial,KF + CV,expanded gate,expand
MVI_40171,8,4,medium,25,1.0,switched,78.0,123.0,1.0,726,partial,KF + CV,expanded gate,expand
MVI_40171,8,5,medium,18,0.72,switched,123.0,140.0,1.0,726,partial,KF + CV,expanded gate,expand
MVI_40171,8,6,short,12,0.48,switched,91.0,212.0,1.0,726,partial,KF + CV,expanded gate,expand
MVI_40171,8,7,medium,32,1.28,switched,207.0,296.0,1.0,726,partial,KF + CV,expanded gate,expand
MVI_40171,8,8,medium,28,1.12,preserved,296.0,296.0,1.0,726,partial,KF + CV,expanded gate,expand
MVI_40171,8,9,medium,16,0.64,preserved,310.0,310.0,1.0,726,partial,KF + CV,expanded gate,expand
MVI_40171,9,1,short,10,0.4,preserved,37.0,37.0,0.9,61,partial,KF + CV,expanded gate,expand
MVI_40171,11,0,medium,27,1.08,preserved,52.0,52.0,0.8519,91,partial,KF + CV,expanded gate,expand
MVI_40171,12,0,long,61,2.44,no_before,,,0.4098,61,partial,KF + CV,expanded gate,expand
MVI_40171,14,0,medium,31,1.24,preserved,96.0,96.0,0.6452,86,partial,KF + CV,expanded gate,expand
MVI_40171,15,0,long,66,2.64,no_before,,,0.4848,66,partial,KF + CV,expanded gate,expand
MVI_40171,16,0,long,61,2.44,no_before,,,0.8361,61,partial,KF + CV,expanded gate,expand
MVI_40171,17,0,short,11,0.44,no_before,,,0.2727,76,partial,KF + CV,expanded gate,expand
MVI_40171,18,0,long,209,8.36,switched,166.0,297.0,0.11,786,partial,KF + CV,expanded gate,expand
MVI_40171,18,1,short,11,0.44,preserved,279.0,279.0,0.6364,786,partial,KF + CV,expanded gate,expand
MVI_40171,18,2,short,4,0.16,preserved,353.0,353.0,1.0,786,partial,KF + CV,expanded gate,expand
MVI_40171,18,3,short,4,0.16,switched,353.0,386.0,0.0,786,partial,KF + CV,expanded gate,expand
MVI_40171,18,4,short,4,0.16,preserved,386.0,386.0,1.0,786,partial,KF + CV,expanded gate,expand
MVI_40171,19,0,long,61,2.44,no_before,,,0.8525,61,partial,KF + CV,expanded gate,expand
MVI_40171,22,0,long,69,2.76,lost,198.0,,0.7681,71,partial,KF + CV,expanded gate,expand
MVI_40171,23,0,long,62,2.48,preserved,187.0,187.0,0.9839,66,partial,KF + CV,expanded gate,expand
MVI_40171,25,0,long,66,2.64,no_before,,,0.803,66,partial,KF + CV,expanded gate,expand
MVI_40171,26,0,long,47,1.88,no_before,,,0.8085,56,partial,KF + CV,expanded gate,expand
MVI_40171,27,0,medium,30,1.2,no_before,,,0.4,76,partial,KF + CV,expanded gate,expand
MVI_40171,28,0,medium,21,0.84,no_before,,,0.9048,76,partial,KF + CV,expanded gate,expand
MVI_40171,29,0,long,53,2.12,no_before,,,0.7547,56,partial,KF + CV,expanded gate,expand
MVI_40171,31,0,medium,26,1.04,preserved,321.0,321.0,1.0,96,partial,KF + CV,expanded gate,expand
MVI_40171,34,0,long,66,2.64,lost,363.0,,0.8939,71,partial,KF + CV,expanded gate,expand
MVI_40171,35,0,long,62,2.48,switched,370.0,353.0,0.8548,76,partial,KF + CV,expanded gate,expand
MVI_40171,36,0,long,66,2.64,no_before,,,0.5909,66,partial,KF + CV,expanded gate,expand
MVI_40171,38,0,short,8,0.32,no_before,,,0.0,185,partial,KF + CV,expanded gate,expand
MVI_40171,39,0,long,70,2.8,lost,414.0,,0.7286,71,partial,KF + CV,expanded gate,expand
MVI_40171,40,0,medium,23,0.92,lost,436.0,,1.0,45,partial,KF + CV,expanded gate,expand
MVI_40171,41,0,long,99,3.96,switched,6.0,342.0,0.0909,1150,partial,KF + CV,expanded gate,expand
MVI_40171,41,1,long,52,2.08,switched,342.0,438.0,0.0769,1150,partial,KF + CV,expanded gate,expand
MVI_40171,42,0,long,1150,46.0,no_before,,,0.0,1150,partial,KF + CV,expanded gate,expand
MVI_40171,43,0,long,1150,46.0,no_before,,,0.0,1150,partial,KF + CV,expanded gate,expand
MVI_40171,44,0,long,1150,46.0,no_before,,,0.0,1150,partial,KF + CV,expanded gate,expand
MVI_40172,16,0,long,180,7.2,no_before,,,0.0111,227,partial,KF + CV,expanded gate,expand
MVI_40172,35,0,long,39,1.56,no_before,,,0.8718,46,partial,KF + CV,expanded gate,expand
MVI_40172,36,0,medium,37,1.48,no_before,,,0.973,41,partial,KF + CV,expanded gate,expand
MVI_40172,40,0,medium,29,1.16,preserved,484.0,484.0,0.5517,71,partial,KF + CV,expanded gate,expand
MVI_40172,41,0,long,39,1.56,lost,488.0,,0.5385,41,partial,KF + CV,expanded gate,expand
MVI_40172,47,0,long,48,1.92,lost,509.0,,0.9792,51,partial,KF + CV,expanded gate,expand
MVI_40172,50,0,long,51,2.04,no_before,,,0.7451,51,partial,KF + CV,expanded gate,expand
MVI_40172,51,0,short,10,0.4,preserved,531.0,531.0,0.1,81,partial,KF + CV,expanded gate,expand
MVI_40172,56,0,medium,28,1.12,lost,561.0,,1.0,61,partial,KF + CV,expanded gate,expand
MVI_40172,57,0,medium,37,1.48,preserved,546.0,546.0,1.0,51,partial,KF + CV,expanded gate,expand
MVI_40172,60,0,long,44,1.76,preserved,578.0,578.0,0.7727,66,partial,KF + CV,expanded gate,expand
MVI_40172,61,0,medium,13,0.52,preserved,579.0,579.0,1.0,36,partial,KF + CV,expanded gate,expand
MVI_40172,63,0,long,46,1.84,no_before,,,0.7391,46,partial,KF + CV,expanded gate,expand
MVI_40172,65,0,medium,29,1.16,lost,596.0,,0.4138,46,partial,KF + CV,expanded gate,expand
MVI_40172,67,0,medium,31,1.24,no_before,,,0.7419,41,partial,KF + CV,expanded gate,expand
MVI_40172,79,0,long,114,4.56,no_before,,,0.0614,201,partial,KF + CV,expanded gate,expand
MVI_40172,95,0,long,40,1.6,lost,784.0,,0.85,41,partial,KF + CV,expanded gate,expand
MVI_40172,96,0,long,50,2.0,no_before,,,0.88,50,partial,KF + CV,expanded gate,expand
MVI_40172,99,0,long,50,2.0,switched,2.0,56.0,0.12,2635,partial,KF + CV,expanded gate,expand
MVI_40172,99,1,long,74,2.96,switched,56.0,30.0,0.0811,2635,partial,KF + CV,expanded gate,expand
MVI_40172,99,2,long,40,1.6,switched,287.0,752.0,0.125,2635,partial,KF + CV,expanded gate,expand
MVI_40172,100,0,long,2635,105.4,no_before,,,0.0,2635,partial,KF + CV,expanded gate,expand
MVI_40172,101,0,long,2635,105.4,no_before,,,0.0,2635,partial,KF + CV,expanded gate,expand
MVI_40172,102,0,long,2635,105.4,no_before,,,0.0,2635,partial,KF + CV,expanded gate,expand
MVI_40172,105,0,long,52,2.08,switched,3.0,64.0,0.0385,2635,partial,KF + CV,expanded gate,expand
MVI_40172,105,1,long,45,1.8,switched,64.0,226.0,0.0222,2635,partial,KF + CV,expanded gate,expand
MVI_40172,105,2,medium,21,0.84,no_before,,,0.0,2635,partial,KF + CV,expanded gate,expand
MVI_40172,105,3,long,39,1.56,switched,30.0,756.0,0.2051,2635,partial,KF + CV,expanded gate,expand
MVI_40204,6,0,long,86,3.44,no_before,,,0.314,86,partial,KF + CV,expanded gate,expand
MVI_40204,9,0,long,66,2.64,no_before,,,0.0,66,partial,KF + CV,expanded gate,expand
MVI_40204,10,0,medium,32,1.28,lost,9.0,,0.4062,76,partial,KF + CV,expanded gate,expand
MVI_40204,11,0,medium,31,1.24,switched,11.0,42.0,0.5161,66,partial,KF + CV,expanded gate,expand
MVI_40204,12,0,medium,16,0.64,no_before,,,0.375,16,partial,KF + CV,expanded gate,expand
MVI_40204,15,0,long,136,5.44,no_before,,,0.6691,136,partial,KF + CV,expanded gate,expand
MVI_40204,27,0,long,111,4.44,no_before,,,0.8108,111,partial,KF + CV,expanded gate,expand
MVI_40204,30,0,long,71,2.84,lost,105.0,,0.2113,141,partial,KF + CV,expanded gate,expand
MVI_40204,34,0,short,3,0.12,preserved,115.0,115.0,0.6667,116,partial,KF + CV,expanded gate,expand
MVI_40204,34,1,medium,25,1.0,lost,115.0,,0.2,116,partial,KF + CV,expanded gate,expand
MVI_40204,34,2,medium,25,1.0,lost,115.0,,0.0,116,partial,KF + CV,expanded gate,expand
MVI_40204,35,0,long,131,5.24,no_before,,,0.3359,131,partial,KF + CV,expanded gate,expand
MVI_40204,36,0,long,52,2.08,lost,122.0,,0.0192,116,partial,KF + CV,expanded gate,expand
MVI_40204,39,0,medium,22,0.88,lost,190.0,,0.0,111,partial,KF + CV,expanded gate,expand
MVI_40204,40,0,long,39,1.56,lost,141.0,,0.0,151,partial,KF + CV,expanded gate,expand
MVI_40204,46,0,long,141,5.64,no_before,,,0.6596,141,partial,KF + CV,expanded gate,expand
MVI_40204,49,0,long,46,1.84,preserved,191.0,191.0,0.8043,151,partial,KF + CV,expanded gate,expand
MVI_40204,50,0,long,121,4.84,no_before,,,0.3719,121,partial,KF + CV,expanded gate,expand
MVI_40204,51,0,long,131,5.24,no_before,,,0.4046,131,partial,KF + CV,expanded gate,expand
MVI_40204,52,0,short,2,0.08,preserved,206.0,206.0,1.0,131,partial,KF + CV,expanded gate,expand
MVI_40204,60,0,long,131,5.24,no_before,,,0.3282,131,partial,KF + CV,expanded gate,expand
MVI_40204,63,0,long,39,1.56,preserved,296.0,296.0,0.6923,141,partial,KF + CV,expanded gate,expand
MVI_40204,64,0,long,130,5.2,no_before,,,0.6231,131,partial,KF + CV,expanded gate,expand
MVI_40204,65,0,long,141,5.64,no_before,,,0.2695,141,partial,KF + CV,expanded gate,expand
MVI_40204,67,0,long,58,2.32,lost,350.0,,0.0172,131,partial,KF + CV,expanded gate,expand
MVI_40204,68,0,medium,15,0.6,lost,350.0,,0.0,126,partial,KF + CV,expanded gate,expand
MVI_40204,71,0,long,116,4.64,no_before,,,0.3362,116,partial,KF + CV,expanded gate,expand
MVI_40204,72,0,medium,33,1.32,preserved,398.0,398.0,0.9697,141,partial,KF + CV,expanded gate,expand
MVI_40204,73,0,long,136,5.44,no_before,,,0.2647,136,partial,KF + CV,expanded gate,expand
MVI_40204,74,0,long,116,4.64,no_before,,,0.4569,116,partial,KF + CV,expanded gate,expand
MVI_40204,78,0,medium,19,0.76,lost,431.0,,0.2632,131,partial,KF + CV,expanded gate,expand
MVI_40204,81,0,long,141,5.64,no_before,,,0.305,141,partial,KF + CV,expanded gate,expand
MVI_40204,82,0,short,8,0.32,preserved,463.0,463.0,1.0,136,partial,KF + CV,expanded gate,expand
MVI_40204,82,1,long,40,1.6,lost,463.0,,0.775,136,partial,KF + CV,expanded gate,expand
MVI_40204,85,0,long,141,5.64,no_before,,,0.5816,141,partial,KF + CV,expanded gate,expand
MVI_40204,86,0,long,114,4.56,lost,500.0,,0.3596,136,partial,KF + CV,expanded gate,expand
MVI_40204,88,0,long,146,5.84,no_before,,,0.1301,146,partial,KF + CV,expanded gate,expand
MVI_40204,90,0,long,146,5.84,no_before,,,0.6849,146,partial,KF + CV,expanded gate,expand
MVI_40204,92,0,long,41,1.64,no_before,,,0.9512,156,partial,KF + CV,expanded gate,expand
MVI_40204,93,0,long,112,4.48,lost,541.0,,0.4911,131,partial,KF + CV,expanded gate,expand
MVI_40204,96,0,long,82,3.28,switched,552.0,565.0,0.8415,161,partial,KF + CV,expanded gate,expand
MVI_40204,98,0,long,156,6.24,no_before,,,0.5705,156,partial,KF + CV,expanded gate,expand
MVI_40204,99,0,short,11,0.44,no_before,,,0.8182,151,partial,KF + CV,expanded gate,expand
MVI_40204,106,0,long,51,2.04,no_before,,,0.7255,126,partial,KF + CV,expanded gate,expand
MVI_40204,106,1,long,70,2.8,lost,606.0,,0.4,126,partial,KF + CV,expanded gate,expand
MVI_40204,108,0,long,151,6.04,no_before,,,0.457,151,partial,KF + CV,expanded gate,expand
MVI_40204,110,0,long,75,3.0,lost,626.0,,0.1733,131,partial,KF + CV,expanded gate,expand
MVI_40204,112,0,long,40,1.6,no_before,,,0.0,146,partial,KF + CV,expanded gate,expand
MVI_40204,115,0,long,71,2.84,preserved,660.0,660.0,0.8169,151,partial,KF + CV,expanded gate,expand
MVI_40204,115,1,short,4,0.16,preserved,660.0,660.0,0.0,151,partial,KF + CV,expanded gate,expand
MVI_40204,116,0,long,146,5.84,no_before,,,0.0,146,partial,KF + CV,expanded gate,expand
MVI_40204,117,0,medium,31,1.24,lost,669.0,,0.2581,141,partial,KF + CV,expanded gate,expand
MVI_40204,117,1,short,9,0.36,lost,669.0,,0.0,141,partial,KF + CV,expanded gate,expand
MVI_40204,119,0,long,66,2.64,lost,677.0,,0.1212,151,partial,KF + CV,expanded gate,expand
MVI_40204,120,0,long,62,2.48,preserved,703.0,703.0,0.6613,156,partial,KF + CV,expanded gate,expand
MVI_40204,121,0,medium,21,0.84,no_before,,,0.9524,156,partial,KF + CV,expanded gate,expand
MVI_40204,122,0,long,141,5.64,no_before,,,0.1844,141,partial,KF + CV,expanded gate,expand
MVI_40204,126,0,long,43,1.72,preserved,739.0,739.0,0.6047,166,partial,KF + CV,expanded gate,expand
MVI_40204,126,1,short,4,0.16,lost,703.0,,0.0,166,partial,KF + CV,expanded gate,expand
MVI_40204,127,0,short,5,0.2,no_before,,,0.4,161,partial,KF + CV,expanded gate,expand
MVI_40204,128,0,medium,18,0.72,preserved,752.0,752.0,1.0,131,partial,KF + CV,expanded gate,expand
MVI_40204,128,1,long,98,3.92,lost,752.0,,0.2959,131,partial,KF + CV,expanded gate,expand
MVI_40204,129,0,long,156,6.24,no_before,,,0.2628,156,partial,KF + CV,expanded gate,expand
MVI_40204,133,0,long,53,2.12,lost,770.0,,0.3019,106,partial,KF + CV,expanded gate,expand
MVI_40204,135,0,long,75,3.0,lost,784.0,,0.1867,141,partial,KF + CV,expanded gate,expand
MVI_40204,137,0,long,63,2.52,lost,804.0,,0.3333,126,partial,KF + CV,expanded gate,expand
MVI_40204,138,0,short,7,0.28,lost,936.0,,0.0,166,partial,KF + CV,expanded gate,expand
MVI_40204,142,0,long,145,5.8,no_before,,,0.8276,146,partial,KF + CV,expanded gate,expand
MVI_40204,145,0,long,146,5.84,no_before,,,0.5822,161,partial,KF + CV,expanded gate,expand
MVI_40204,148,0,long,110,4.4,lost,884.0,,0.3364,151,partial,KF + CV,expanded gate,expand
MVI_40204,149,0,long,72,2.88,lost,884.0,,0.1944,161,partial,KF + CV,expanded gate,expand
MVI_40204,150,0,long,146,5.84,no_before,,,0.726,146,partial,KF + CV,expanded gate,expand
MVI_40204,153,0,long,129,5.16,lost,910.0,,0.4419,171,partial,KF + CV,expanded gate,expand
MVI_40204,154,0,medium,28,1.12,no_before,,,0.5714,166,partial,KF + CV,expanded gate,expand
MVI_40204,158,0,medium,31,1.24,no_before,,,0.0,175,partial,KF + CV,expanded gate,expand
MVI_40204,161,0,medium,22,0.88,no_before,,,0.8636,170,partial,KF + CV,expanded gate,expand
MVI_40204,161,1,long,67,2.68,preserved,959.0,959.0,0.2239,170,partial,KF + CV,expanded gate,expand
MVI_40204,162,0,long,151,6.04,no_before,,,0.0199,151,partial,KF + CV,expanded gate,expand
MVI_40204,165,1,long,139,5.56,lost,984.0,,0.6619,145,partial,KF + CV,expanded gate,expand
MVI_40204,168,0,long,120,4.8,no_before,,,0.7583,120,partial,KF + CV,expanded gate,expand
MVI_40204,173,0,long,65,2.6,no_before,,,0.9692,65,partial,KF + CV,expanded gate,expand
MVI_40204,177,0,medium,20,0.8,no_before,,,0.6,20,partial,KF + CV,expanded gate,expand
MVI_40751,2,0,long,72,2.88,switched,1.0,30.0,0.0972,1140,partial,KF + CV,expanded gate,expand
MVI_40751,2,1,long,175,7.0,preserved,30.0,30.0,0.6171,1140,partial,KF + CV,expanded gate,expand
MVI_40751,2,2,short,9,0.36,preserved,30.0,30.0,1.0,1140,partial,KF + CV,expanded gate,expand
MVI_40751,2,3,short,6,0.24,preserved,30.0,30.0,1.0,1140,partial,KF + CV,expanded gate,expand
MVI_40751,2,4,long,410,16.4,preserved,30.0,30.0,0.9976,1140,partial,KF + CV,expanded gate,expand
MVI_40751,3,0,long,58,2.32,no_before,,,0.9655,81,partial,KF + CV,expanded gate,expand
MVI_40751,4,1,long,46,1.84,preserved,2.0,2.0,1.0,141,partial,KF + CV,expanded gate,expand
MVI_40751,5,0,medium,19,0.76,no_before,,,0.0,146,partial,KF + CV,expanded gate,expand
MVI_40751,7,0,medium,19,0.76,no_before,,,0.0,186,partial,KF + CV,expanded gate,expand
MVI_40751,7,1,medium,14,0.56,preserved,64.0,64.0,1.0,186,partial,KF + CV,expanded gate,expand
MVI_40751,7,3,long,97,3.88,preserved,64.0,64.0,1.0,186,partial,KF + CV,expanded gate,expand
MVI_40751,8,1,short,4,0.16,preserved,109.0,109.0,1.0,920,partial,KF + CV,expanded gate,expand
MVI_40751,8,2,short,5,0.2,preserved,109.0,109.0,1.0,920,partial,KF + CV,expanded gate,expand
MVI_40751,8,3,short,10,0.4,preserved,109.0,109.0,1.0,920,partial,KF + CV,expanded gate,expand
MVI_40751,8,4,medium,24,0.96,preserved,109.0,109.0,1.0,920,partial,KF + CV,expanded gate,expand
MVI_40751,8,5,long,591,23.64,lost,109.0,,0.775,920,partial,KF + CV,expanded gate,expand
MVI_40751,9,0,medium,34,1.36,preserved,145.0,145.0,1.0,96,partial,KF + CV,expanded gate,expand
MVI_40751,11,0,medium,32,1.28,no_before,,,0.4062,156,partial,KF + CV,expanded gate,expand
MVI_40751,11,1,long,89,3.56,preserved,168.0,168.0,0.9775,156,partial,KF + CV,expanded gate,expand
MVI_40751,15,0,long,223,8.92,lost,174.0,,1.0,775,partial,KF + CV,expanded gate,expand
MVI_40751,21,0,short,5,0.2,no_before,,,0.0,625,partial,KF + CV,expanded gate,expand
MVI_40751,21,1,long,612,24.48,lost,305.0,,0.0294,625,partial,KF + CV,expanded gate,expand
MVI_40751,23,0,short,11,0.44,preserved,333.0,333.0,1.0,66,partial,KF + CV,expanded gate,expand
MVI_40751,23,1,short,4,0.16,preserved,333.0,333.0,1.0,66,partial,KF + CV,expanded gate,expand
MVI_40751,28,0,short,3,0.12,preserved,389.0,389.0,1.0,405,partial,KF + CV,expanded gate,expand
MVI_40751,28,1,medium,15,0.6,preserved,389.0,389.0,1.0,405,partial,KF + CV,expanded gate,expand
MVI_40751,29,0,medium,23,0.92,preserved,398.0,398.0,1.0,370,partial,KF + CV,expanded gate,expand
MVI_40751,31,0,long,41,1.64,no_before,,,0.6829,43,partial,KF + CV,expanded gate,expand
MVI_40751,32,0,long,172,6.88,switched,420.0,450.0,0.8721,266,partial,KF + CV,expanded gate,expand
MVI_40751,33,0,medium,14,0.56,preserved,436.0,436.0,1.0,270,partial,KF + CV,expanded gate,expand
MVI_40751,35,0,medium,23,0.92,lost,460.0,,1.0,156,partial,KF + CV,expanded gate,expand
MVI_40751,36,0,long,77,3.08,lost,469.0,,0.987,195,partial,KF + CV,expanded gate,expand
MVI_40751,38,0,medium,13,0.52,switched,487.0,514.0,1.0,140,partial,KF + CV,expanded gate,expand
MVI_40751,38,1,long,49,1.96,lost,487.0,,0.9796,140,partial,KF + CV,expanded gate,expand
MVI_40751,41,0,long,45,1.8,no_before,,,0.3111,45,partial,KF + CV,expanded gate,expand
MVI_63554,3,0,short,11,0.44,no_before,,,0.6364,11,partial,KF + CV,expanded gate,expand
MVI_63554,4,0,medium,26,1.04,no_before,,,0.0,26,partial,KF + CV,expanded gate,expand
MVI_63554,5,0,long,40,1.6,no_before,,,0.95,41,partial,KF + CV,expanded gate,expand
MVI_63554,8,0,medium,13,0.52,no_before,,,0.3846,16,partial,KF + CV,expanded gate,expand
MVI_63554,9,0,long,55,2.2,lost,15.0,,0.0727,61,partial,KF + CV,expanded gate,expand
MVI_63554,11,0,long,52,2.08,lost,28.0,,0.0577,61,partial,KF + CV,expanded gate,expand
MVI_63554,13,0,medium,16,0.64,no_before,,,0.25,26,partial,KF + CV,expanded gate,expand
MVI_63554,15,0,long,65,2.6,lost,41.0,,0.9692,76,partial,KF + CV,expanded gate,expand
MVI_63554,19,0,long,62,2.48,no_before,,,0.871,81,partial,KF + CV,expanded gate,expand
MVI_63554,20,0,long,57,2.28,lost,62.0,,0.0,66,partial,KF + CV,expanded gate,expand
MVI_63554,22,0,long,61,2.44,no_before,,,0.377,61,partial,KF + CV,expanded gate,expand
MVI_63554,23,0,long,45,1.8,preserved,73.0,73.0,0.7111,81,partial,KF + CV,expanded gate,expand
MVI_63554,24,0,short,11,0.44,no_before,,,0.1818,21,partial,KF + CV,expanded gate,expand
MVI_63554,25,0,long,51,2.04,no_before,,,0.098,56,partial,KF + CV,expanded gate,expand
MVI_63554,30,0,long,74,2.96,lost,120.0,,0.2027,81,partial,KF + CV,expanded gate,expand
MVI_63554,31,0,long,76,3.04,no_before,,,0.5526,76,partial,KF + CV,expanded gate,expand
MVI_63554,32,0,long,64,2.56,lost,123.0,,0.0781,71,partial,KF + CV,expanded gate,expand
MVI_63554,33,0,long,45,1.8,lost,119.0,,0.9556,81,partial,KF + CV,expanded gate,expand
MVI_63554,35,0,medium,16,0.64,no_before,,,0.8125,86,partial,KF + CV,expanded gate,expand
MVI_63554,36,0,long,59,2.36,lost,148.0,,0.0678,66,partial,KF + CV,expanded gate,expand
MVI_63554,41,0,medium,25,1.0,lost,171.0,,0.72,91,partial,KF + CV,expanded gate,expand
MVI_63554,42,0,short,11,0.44,no_before,,,0.1818,16,partial,KF + CV,expanded gate,expand
MVI_63554,43,0,long,62,2.48,lost,175.0,,0.0645,71,partial,KF + CV,expanded gate,expand
MVI_63554,44,0,long,64,2.56,lost,178.0,,0.7656,71,partial,KF + CV,expanded gate,expand
MVI_63554,47,0,long,59,2.36,lost,185.0,,0.1356,66,partial,KF + CV,expanded gate,expand
MVI_63554,49,0,long,54,2.16,lost,195.0,,0.8889,81,partial,KF + CV,expanded gate,expand
MVI_63554,50,0,long,63,2.52,lost,194.0,,0.2063,71,partial,KF + CV,expanded gate,expand
MVI_63554,51,0,short,11,0.44,no_before,,,0.0,21,partial,KF + CV,expanded gate,expand
MVI_63554,55,0,long,62,2.48,lost,241.0,,0.7742,71,partial,KF + CV,expanded gate,expand
MVI_63554,56,0,long,48,1.92,no_before,,,0.0,51,partial,KF + CV,expanded gate,expand
MVI_63554,58,0,medium,21,0.84,preserved,254.0,254.0,0.9524,41,partial,KF + CV,expanded gate,expand
MVI_63554,60,0,medium,13,0.52,no_before,,,0.2308,21,partial,KF + CV,expanded gate,expand
MVI_63554,61,0,long,63,2.52,no_before,,,0.5079,66,partial,KF + CV,expanded gate,expand
MVI_63554,62,0,short,5,0.2,preserved,268.0,268.0,1.0,66,partial,KF + CV,expanded gate,expand
MVI_63554,62,1,medium,35,1.4,lost,268.0,,0.6,66,partial,KF + CV,expanded gate,expand
MVI_63554,63,0,long,60,2.4,lost,273.0,,0.7,66,partial,KF + CV,expanded gate,expand
MVI_63554,64,0,long,42,1.68,no_before,,,0.0238,46,partial,KF + CV,expanded gate,expand
MVI_63554,68,0,long,57,2.28,lost,291.0,,0.0702,66,partial,KF + CV,expanded gate,expand
MVI_63554,69,0,medium,16,0.64,no_before,,,0.5625,26,partial,KF + CV,expanded gate,expand
MVI_63554,72,0,medium,20,0.8,lost,306.0,,0.35,101,partial,KF + CV,expanded gate,expand
MVI_63554,73,0,long,50,2.0,preserved,309.0,309.0,0.88,61,partial,KF + CV,expanded gate,expand
MVI_63554,76,0,medium,13,0.52,no_before,,,0.3077,21,partial,KF + CV,expanded gate,expand
MVI_63554,77,0,long,56,2.24,lost,319.0,,0.0714,61,partial,KF + CV,expanded gate,expand
MVI_63554,79,0,long,61,2.44,no_before,,,0.4098,71,partial,KF + CV,expanded gate,expand
MVI_63554,80,0,long,55,2.2,lost,327.0,,0.8182,61,partial,KF + CV,expanded gate,expand
MVI_63554,81,0,short,10,0.4,no_before,,,0.1,81,partial,KF + CV,expanded gate,expand
MVI_63554,82,0,long,53,2.12,no_before,,,0.0755,56,partial,KF + CV,expanded gate,expand
MVI_63554,83,0,medium,15,0.6,no_before,,,0.1333,21,partial,KF + CV,expanded gate,expand
MVI_63554,86,0,long,49,1.96,no_before,,,0.0,56,partial,KF + CV,expanded gate,expand
MVI_63554,87,0,medium,31,1.24,preserved,352.0,352.0,0.871,61,partial,KF + CV,expanded gate,expand
MVI_63554,88,0,medium,13,0.52,no_before,,,0.2308,16,partial,KF + CV,expanded gate,expand
MVI_63554,90,0,medium,20,0.8,lost,360.0,,0.9,86,partial,KF + CV,expanded gate,expand
MVI_63554,92,0,long,50,2.0,lost,366.0,,0.1,56,partial,KF + CV,expanded gate,expand
MVI_63554,93,0,long,39,1.56,preserved,370.0,370.0,0.8462,71,partial,KF + CV,expanded gate,expand
MVI_63554,93,3,short,9,0.36,lost,370.0,,0.0,71,partial,KF + CV,expanded gate,expand
MVI_63554,94,0,medium,26,1.04,preserved,371.0,371.0,1.0,56,partial,KF + CV,expanded gate,expand
MVI_63554,95,0,long,51,2.04,preserved,377.0,377.0,0.7451,81,partial,KF + CV,expanded gate,expand
MVI_63554,96,0,medium,15,0.6,no_before,,,0.0667,26,partial,KF + CV,expanded gate,expand
MVI_63554,98,0,long,64,2.56,lost,386.0,,0.7656,71,partial,KF + CV,expanded gate,expand
MVI_63554,99,0,medium,15,0.6,no_before,,,0.6667,26,partial,KF + CV,expanded gate,expand
MVI_63554,101,0,long,48,1.92,no_before,,,0.0208,51,partial,KF + CV,expanded gate,expand
MVI_63554,102,0,medium,14,0.56,no_before,,,0.0714,26,partial,KF + CV,expanded gate,expand
MVI_63554,103,0,medium,17,0.68,lost,414.0,,0.5882,71,partial,KF + CV,expanded gate,expand
MVI_63554,105,0,long,61,2.44,lost,417.0,,0.7869,66,partial,KF + CV,expanded gate,expand
MVI_63554,108,0,long,44,1.76,no_before,,,0.0,51,partial,KF + CV,expanded gate,expand
MVI_63554,109,0,medium,18,0.72,no_before,,,0.2778,31,partial,KF + CV,expanded gate,expand
MVI_63554,112,0,medium,31,1.24,no_before,,,0.6129,61,partial,KF + CV,expanded gate,expand
MVI_63554,115,0,long,53,2.12,lost,466.0,,0.0943,61,partial,KF + CV,expanded gate,expand
MVI_63554,116,0,medium,15,0.6,no_before,,,0.2,26,partial,KF + CV,expanded gate,expand
MVI_63554,117,0,long,53,2.12,lost,473.0,,0.566,61,partial,KF + CV,expanded gate,expand
MVI_63554,120,0,medium,15,0.6,no_before,,,0.2,26,partial,KF + CV,expanded gate,expand
MVI_63554,123,0,long,60,2.4,no_before,,,0.5167,61,partial,KF + CV,expanded gate,expand
MVI_63554,124,0,long,54,2.16,no_before,,,0.1111,61,partial,KF + CV,expanded gate,expand
MVI_63554,126,0,medium,37,1.48,lost,505.0,,0.9189,56,partial,KF + CV,expanded gate,expand
MVI_63554,129,0,medium,13,0.52,no_before,,,0.3846,21,partial,KF + CV,expanded gate,expand
MVI_63554,132,0,short,12,0.48,no_before,,,0.5,26,partial,KF + CV,expanded gate,expand
MVI_63554,134,0,long,55,2.2,lost,541.0,,0.7091,61,partial,KF + CV,expanded gate,expand
MVI_63554,137,0,short,12,0.48,no_before,,,0.1667,16,partial,KF + CV,expanded gate,expand
MVI_63554,139,0,long,48,1.92,lost,562.0,,0.875,56,partial,KF + CV,expanded gate,expand
MVI_63554,142,0,medium,15,0.6,no_before,,,0.3333,26,partial,KF + CV,expanded gate,expand
MVI_63554,143,0,long,57,2.28,lost,570.0,,0.8772,66,partial,KF + CV,expanded gate,expand
MVI_63554,147,0,long,39,1.56,lost,583.0,,0.0256,46,partial,KF + CV,expanded gate,expand
MVI_63554,148,0,short,8,0.32,preserved,582.0,582.0,1.0,56,partial,KF + CV,expanded gate,expand
MVI_63554,151,0,short,12,0.48,no_before,,,0.5,21,partial,KF + CV,expanded gate,expand
MVI_63554,152,0,short,10,0.4,preserved,600.0,600.0,1.0,61,partial,KF + CV,expanded gate,expand
MVI_63554,152,1,short,2,0.08,preserved,600.0,600.0,1.0,61,partial,KF + CV,expanded gate,expand
MVI_63554,152,2,short,5,0.2,lost,600.0,,0.2,61,partial,KF + CV,expanded gate,expand
MVI_63554,153,0,medium,14,0.56,no_before,,,0.3571,20,partial,KF + CV,expanded gate,expand
MVI_63554,155,0,long,49,1.96,lost,608.0,,0.0816,56,partial,KF + CV,expanded gate,expand
MVI_63554,158,0,long,54,2.16,lost,622.0,,0.8889,66,partial,KF + CV,expanded gate,expand
MVI_63554,160,0,short,12,0.48,no_before,,,0.3333,21,partial,KF + CV,expanded gate,expand
MVI_63554,162,0,long,54,2.16,lost,629.0,,0.7778,61,partial,KF + CV,expanded gate,expand
MVI_63554,163,0,long,54,2.16,no_before,,,0.9259,71,partial,KF + CV,expanded gate,expand
MVI_63554,164,0,long,66,2.64,no_before,,,0.9848,66,partial,KF + CV,expanded gate,expand
MVI_63554,165,0,long,52,2.08,lost,645.0,,0.0577,56,partial,KF + CV,expanded gate,expand
MVI_63554,168,0,long,53,2.12,lost,665.0,,0.8491,61,partial,KF + CV,expanded gate,expand
MVI_63554,169,0,medium,14,0.56,no_before,,,0.7857,21,partial,KF + CV,expanded gate,expand
MVI_63554,171,0,long,50,2.0,lost,677.0,,0.1,56,partial,KF + CV,expanded gate,expand
MVI_63554,174,0,short,11,0.44,no_before,,,0.3636,16,partial,KF + CV,expanded gate,expand
MVI_63554,175,0,long,59,2.36,lost,685.0,,0.7797,66,partial,KF + CV,expanded gate,expand
MVI_63554,177,0,long,51,2.04,lost,692.0,,0.098,56,partial,KF + CV,expanded gate,expand
MVI_63554,180,0,short,9,0.36,no_before,,,0.8889,16,partial,KF + CV,expanded gate,expand
MVI_63554,182,0,long,51,2.04,lost,711.0,,0.098,56,partial,KF + CV,expanded gate,expand
MVI_63554,183,0,short,8,0.32,no_before,,,0.125,21,partial,KF + CV,expanded gate,expand
MVI_63554,185,0,long,39,1.56,no_before,,,0.8205,40,partial,KF + CV,expanded gate,expand
MVI_63554,186,0,medium,18,0.72,lost,717.0,,0.1667,25,partial,KF + CV,expanded gate,expand
MVI_63554,188,0,short,11,0.44,no_before,,,0.3636,15,partial,KF + CV,expanded gate,expand
MVI_63554,189,0,medium,14,0.56,no_before,,,0.7143,31,partial,KF + CV,expanded gate,expand
MVI_63554,190,0,medium,17,0.68,no_before,,,0.4118,31,partial,KF + CV,expanded gate,expand
MVI_40131,1,0,long,61,2.44,switched,4.0,111.0,0.0,486,full,KF + CV,expanded gate,expand
MVI_40131,19,0,long,54,2.16,switched,76.0,388.0,0.0,1086,full,KF + CV,expanded gate,expand
MVI_40131,35,0,long,50,2.0,switched,254.0,405.0,0.0,456,full,KF + CV,expanded gate,expand
MVI_40171,9,0,short,1,0.04,preserved,37.0,37.0,1.0,61,full,KF + CV,expanded gate,expand
MVI_40171,9,1,short,10,0.4,preserved,37.0,37.0,0.9,61,full,KF + CV,expanded gate,expand
MVI_40171,26,0,short,3,0.12,preserved,275.0,275.0,0.6667,56,full,KF + CV,expanded gate,expand
MVI_40171,41,0,long,66,2.64,switched,6.0,342.0,0.0,1150,full,KF + CV,expanded gate,expand
MVI_40171,41,1,long,38,1.52,switched,342.0,438.0,0.0,1150,full,KF + CV,expanded gate,expand
MVI_40171,42,0,medium,14,0.56,no_before,,,0.0,1150,full,KF + CV,expanded gate,expand
MVI_40171,42,1,short,1,0.04,no_before,,,0.0,1150,full,KF + CV,expanded gate,expand
MVI_40171,42,2,short,2,0.08,no_before,,,0.0,1150,full,KF + CV,expanded gate,expand
MVI_40171,42,3,long,772,30.88,no_before,,,0.0,1150,full,KF + CV,expanded gate,expand
MVI_40171,42,4,long,142,5.68,no_before,,,0.0,1150,full,KF + CV,expanded gate,expand
MVI_40171,43,0,long,121,4.84,no_before,,,0.0,1150,full,KF + CV,expanded gate,expand
MVI_40171,43,1,long,1012,40.48,no_before,,,0.0,1150,full,KF + CV,expanded gate,expand
MVI_40171,44,0,long,141,5.64,no_before,,,0.0,1150,full,KF + CV,expanded gate,expand
MVI_40171,44,1,long,989,39.56,no_before,,,0.0,1150,full,KF + CV,expanded gate,expand
MVI_40172,16,0,long,158,6.32,no_before,,,0.0,227,full,KF + CV,expanded gate,expand
MVI_40172,99,0,long,42,1.68,switched,1.0,56.0,0.0,2635,full,KF + CV,expanded gate,expand
MVI_40172,99,1,long,40,1.6,switched,56.0,30.0,0.0,2635,full,KF + CV,expanded gate,expand
MVI_40172,99,2,medium,15,0.6,switched,287.0,752.0,0.0,2635,full,KF + CV,expanded gate,expand
MVI_40172,100,0,long,2225,89.0,no_before,,,0.0,2635,full,KF + CV,expanded gate,expand
MVI_40172,101,0,long,1489,59.56,no_before,,,0.0,2635,full,KF + CV,expanded gate,expand
MVI_40172,101,1,long,148,5.92,no_before,,,0.0,2635,full,KF + CV,expanded gate,expand
MVI_40172,101,2,long,526,21.04,no_before,,,0.0,2635,full,KF + CV,expanded gate,expand
MVI_40172,101,3,short,2,0.08,no_before,,,0.0,2635,full,KF + CV,expanded gate,expand
MVI_40172,101,4,short,9,0.36,no_before,,,0.0,2635,full,KF + CV,expanded gate,expand
MVI_40172,101,5,medium,19,0.76,no_before,,,0.0,2635,full,KF + CV,expanded gate,expand
MVI_40172,102,0,long,395,15.8,no_before,,,0.0,2635,full,KF + CV,expanded gate,expand
MVI_40172,102,1,long,1062,42.48,no_before,,,0.0,2635,full,KF + CV,expanded gate,expand
MVI_40172,102,2,short,7,0.28,no_before,,,0.0,2635,full,KF + CV,expanded gate,expand
MVI_40172,102,3,short,1,0.04,no_before,,,0.0,2635,full,KF + CV,expanded gate,expand
MVI_40172,102,4,short,2,0.08,no_before,,,0.0,2635,full,KF + CV,expanded gate,expand
MVI_40172,102,5,long,53,2.12,no_before,,,0.0,2635,full,KF + CV,expanded gate,expand
MVI_40172,102,6,short,5,0.2,no_before,,,0.0,2635,full,KF + CV,expanded gate,expand
MVI_40172,102,7,medium,19,0.76,no_before,,,0.0,2635,full,KF + CV,expanded gate,expand
MVI_40172,102,8,long,67,2.68,no_before,,,0.0,2635,full,KF + CV,expanded gate,expand
MVI_40172,102,9,long,87,3.48,no_before,,,0.0,2635,full,KF + CV,expanded gate,expand
MVI_40172,102,10,short,2,0.08,no_before,,,0.0,2635,full,KF + CV,expanded gate,expand
MVI_40172,102,11,long,95,3.8,no_before,,,0.0,2635,full,KF + CV,expanded gate,expand
MVI_40172,105,0,long,47,1.88,switched,3.0,64.0,0.0,2635,full,KF + CV,expanded gate,expand
MVI_40172,105,1,long,42,1.68,switched,64.0,226.0,0.0,2635,full,KF + CV,expanded gate,expand
MVI_40172,105,2,short,7,0.28,no_before,,,0.0,2635,full,KF + CV,expanded gate,expand
MVI_40172,105,3,medium,20,0.8,switched,30.0,756.0,0.0,2635,full,KF + CV,expanded gate,expand
MVI_40204,15,0,short,1,0.04,lost,25.0,,0.0,136,full,KF + CV,expanded gate,expand
MVI_40204,35,0,medium,21,0.84,no_before,,,0.0,131,full,KF + CV,expanded gate,expand
MVI_40204,35,1,short,9,0.36,no_before,,,0.0,131,full,KF + CV,expanded gate,expand
MVI_40204,51,0,short,3,0.12,preserved,199.0,199.0,0.0,131,full,KF + CV,expanded gate,expand
MVI_40204,51,1,short,6,0.24,lost,199.0,,0.1667,131,full,KF + CV,expanded gate,expand
MVI_40204,51,2,short,1,0.04,lost,199.0,,0.0,131,full,KF + CV,expanded gate,expand
MVI_40204,60,0,short,1,0.04,lost,256.0,,0.0,131,full,KF + CV,expanded gate,expand
MVI_40204,60,1,short,1,0.04,no_before,,,0.0,131,full,KF + CV,expanded gate,expand
MVI_40204,65,0,short,3,0.12,lost,255.0,,0.0,141,full,KF + CV,expanded gate,expand
MVI_40204,71,0,medium,16,0.64,lost,368.0,,0.0,116,full,KF + CV,expanded gate,expand
MVI_40204,71,1,short,1,0.04,lost,368.0,,0.0,116,full,KF + CV,expanded gate,expand
MVI_40204,81,0,short,9,0.36,no_before,,,0.0,141,full,KF + CV,expanded gate,expand
MVI_40204,81,1,short,3,0.12,no_before,,,0.0,141,full,KF + CV,expanded gate,expand
MVI_40204,85,0,short,12,0.48,lost,493.0,,0.0833,141,full,KF + CV,expanded gate,expand
MVI_40204,85,1,short,7,0.28,lost,493.0,,0.0,141,full,KF + CV,expanded gate,expand
MVI_40204,88,0,short,2,0.08,lost,500.0,,0.0,146,full,KF + CV,expanded gate,expand
MVI_40204,88,1,short,1,0.04,lost,500.0,,0.0,146,full,KF + CV,expanded gate,expand
MVI_40204,88,2,short,1,0.04,lost,500.0,,0.0,146,full,KF + CV,expanded gate,expand
MVI_40204,90,0,short,8,0.32,preserved,538.0,538.0,0.75,146,full,KF + CV,expanded gate,expand
MVI_40204,90,1,short,4,0.16,preserved,538.0,538.0,0.75,146,full,KF + CV,expanded gate,expand
MVI_40204,90,2,short,1,0.04,lost,538.0,,1.0,146,full,KF + CV,expanded gate,expand
MVI_40204,90,3,short,1,0.04,lost,538.0,,0.0,146,full,KF + CV,expanded gate,expand
MVI_40204,90,4,medium,18,0.72,lost,538.0,,0.0,146,full,KF + CV,expanded gate,expand
MVI_40204,98,0,long,53,2.12,lost,558.0,,0.0,156,full,KF + CV,expanded gate,expand
MVI_40204,108,0,short,1,0.04,preserved,621.0,621.0,1.0,151,full,KF + CV,expanded gate,expand
MVI_40204,116,0,short,1,0.04,no_before,,,0.0,146,full,KF + CV,expanded gate,expand
MVI_40204,116,1,short,1,0.04,no_before,,,0.0,146,full,KF + CV,expanded gate,expand
MVI_40204,128,0,short,10,0.4,lost,739.0,,0.0,131,full,KF + CV,expanded gate,expand
MVI_40204,129,0,short,1,0.04,no_before,,,0.0,156,full,KF + CV,expanded gate,expand
MVI_40204,129,1,short,2,0.08,no_before,,,0.0,156,full,KF + CV,expanded gate,expand
MVI_40204,162,0,short,1,0.04,no_before,,,0.0,151,full,KF + CV,expanded gate,expand
MVI_40204,162,1,short,1,0.04,no_before,,,0.0,151,full,KF + CV,expanded gate,expand
MVI_40204,162,2,short,2,0.08,no_before,,,0.0,151,full,KF + CV,expanded gate,expand
MVI_40204,162,3,medium,14,0.56,no_before,,,0.0,151,full,KF + CV,expanded gate,expand
MVI_40204,165,0,short,6,0.24,preserved,959.0,959.0,1.0,145,full,KF + CV,expanded gate,expand
MVI_40204,168,0,short,1,0.04,preserved,1033.0,1033.0,1.0,120,full,KF + CV,expanded gate,expand
MVI_40751,2,0,long,47,1.88,switched,1.0,30.0,0.0,1140,full,KF + CV,expanded gate,expand
MVI_40751,21,0,short,12,0.48,lost,305.0,,0.0,625,full,KF + CV,expanded gate,expand
MVI_40751,21,1,short,4,0.16,lost,305.0,,0.0,625,full,KF + CV,expanded gate,expand
MVI_40751,21,2,short,4,0.16,no_before,,,0.0,625,full,KF + CV,expanded gate,expand
MVI_40751,21,3,short,3,0.12,no_before,,,0.0,625,full,KF + CV,expanded gate,expand
MVI_40751,21,4,short,2,0.08,no_before,,,0.0,625,full,KF + CV,expanded gate,expand
MVI_40751,21,5,short,4,0.16,no_before,,,0.0,625,full,KF + CV,expanded gate,expand
MVI_40751,21,6,short,4,0.16,no_before,,,0.0,625,full,KF + CV,expanded gate,expand
MVI_63554,4,0,short,3,0.12,no_before,,,0.0,26,full,KF + CV,expanded gate,expand
MVI_63554,4,1,short,6,0.24,no_before,,,0.0,26,full,KF + CV,expanded gate,expand
MVI_63554,8,0,short,2,0.08,no_before,,,0.0,16,full,KF + CV,expanded gate,expand
MVI_63554,9,0,medium,35,1.4,lost,15.0,,0.0,61,full,KF + CV,expanded gate,expand
MVI_63554,20,0,short,1,0.04,lost,62.0,,0.0,66,full,KF + CV,expanded gate,expand
MVI_63554,25,0,medium,19,0.76,lost,86.0,,0.0,56,full,KF + CV,expanded gate,expand
MVI_63554,32,0,long,57,2.28,lost,123.0,,0.0,71,full,KF + CV,expanded gate,expand
MVI_63554,36,0,long,49,1.96,lost,148.0,,0.0,66,full,KF + CV,expanded gate,expand
MVI_63554,42,0,short,1,0.04,no_before,,,0.0,16,full,KF + CV,expanded gate,expand
MVI_63554,43,0,long,55,2.2,lost,175.0,,0.0,71,full,KF + CV,expanded gate,expand
MVI_63554,56,0,medium,30,1.2,no_before,,,0.0,51,full,KF + CV,expanded gate,expand
MVI_63554,56,1,short,9,0.36,no_before,,,0.0,51,full,KF + CV,expanded gate,expand
MVI_63554,61,0,short,1,0.04,no_before,,,0.0,66,full,KF + CV,expanded gate,expand
MVI_63554,61,1,short,6,0.24,no_before,,,0.0,66,full,KF + CV,expanded gate,expand
MVI_63554,64,0,medium,37,1.48,lost,275.0,,0.0,46,full,KF + CV,expanded gate,expand
MVI_63554,68,0,long,51,2.04,lost,291.0,,0.0,66,full,KF + CV,expanded gate,expand
MVI_63554,77,0,medium,20,0.8,lost,319.0,,0.0,61,full,KF + CV,expanded gate,expand
MVI_63554,79,0,short,9,0.36,switched,325.0,345.0,0.2222,71,full,KF + CV,expanded gate,expand
MVI_63554,82,0,long,47,1.88,lost,330.0,,0.0,56,full,KF + CV,expanded gate,expand
MVI_63554,83,0,short,5,0.2,no_before,,,0.0,21,full,KF + CV,expanded gate,expand
MVI_63554,86,0,long,43,1.72,no_before,,,0.0,56,full,KF + CV,expanded gate,expand
MVI_63554,88,0,short,3,0.12,no_before,,,0.0,16,full,KF + CV,expanded gate,expand
MVI_63554,92,0,medium,14,0.56,switched,366.0,379.0,0.0,56,full,KF + CV,expanded gate,expand
MVI_63554,92,1,short,8,0.32,switched,366.0,379.0,0.0,56,full,KF + CV,expanded gate,expand
MVI_63554,96,0,short,4,0.16,no_before,,,0.0,26,full,KF + CV,expanded gate,expand
MVI_63554,101,0,long,42,1.68,lost,410.0,,0.0,51,full,KF + CV,expanded gate,expand
MVI_63554,108,0,long,39,1.56,no_before,,,0.0,51,full,KF + CV,expanded gate,expand
MVI_63554,115,0,short,3,0.12,lost,466.0,,0.0,61,full,KF + CV,expanded gate,expand
MVI_63554,115,1,short,9,0.36,lost,466.0,,0.0,61,full,KF + CV,expanded gate,expand
MVI_63554,116,0,short,2,0.08,no_before,,,0.0,26,full,KF + CV,expanded gate,expand
MVI_63554,120,0,short,4,0.16,no_before,,,0.0,26,full,KF + CV,expanded gate,expand
MVI_63554,124,0,medium,24,0.96,lost,503.0,,0.0,61,full,KF + CV,expanded gate,expand
MVI_63554,124,1,medium,19,0.76,lost,503.0,,0.0,61,full,KF + CV,expanded gate,expand
MVI_63554,129,0,short,2,0.08,no_before,,,0.0,21,full,KF + CV,expanded gate,expand
MVI_63554,137,0,short,3,0.12,no_before,,,0.0,16,full,KF + CV,expanded gate,expand
MVI_63554,147,0,medium,28,1.12,lost,583.0,,0.0,46,full,KF + CV,expanded gate,expand
MVI_63554,151,0,short,1,0.04,no_before,,,0.0,21,full,KF + CV,expanded gate,expand
MVI_63554,153,0,short,2,0.08,no_before,,,0.0,20,full,KF + CV,expanded gate,expand
MVI_63554,155,0,medium,19,0.76,lost,608.0,,0.0,56,full,KF + CV,expanded gate,expand
MVI_63554,165,0,medium,20,0.8,lost,645.0,,0.0,56,full,KF + CV,expanded gate,expand
MVI_63554,165,1,medium,22,0.88,lost,645.0,,0.0,56,full,KF + CV,expanded gate,expand
MVI_63554,171,0,medium,33,1.32,lost,677.0,,0.0,56,full,KF + CV,expanded gate,expand
MVI_63554,174,0,short,2,0.08,no_before,,,0.0,16,full,KF + CV,expanded gate,expand
MVI_63554,177,0,medium,13,0.52,no_before,,,0.0,56,full,KF + CV,expanded gate,expand
MVI_63554,182,0,long,38,1.52,lost,711.0,,0.0,56,full,KF + CV,expanded gate,expand
MVI_40131,1,0,long,120,4.8,switched,4.0,110.0,0.2583,486,partial,KF + CV,DIoU + gate,diouexp
MVI_40131,12,0,long,81,3.24,no_before,,,0.5185,326,partial,KF + CV,DIoU + gate,diouexp
MVI_40131,16,0,long,52,2.08,switched,70.0,90.0,0.1923,256,partial,KF + CV,DIoU + gate,diouexp
MVI_40131,16,1,medium,22,0.88,preserved,90.0,90.0,1.0,256,partial,KF + CV,DIoU + gate,diouexp
MVI_40131,17,0,long,64,2.56,no_before,,,0.375,171,partial,KF + CV,DIoU + gate,diouexp
MVI_40131,19,0,medium,19,0.76,preserved,76.0,76.0,0.4211,1086,partial,KF + CV,DIoU + gate,diouexp
MVI_40131,19,1,long,114,4.56,switched,76.0,388.0,0.2368,1086,partial,KF + CV,DIoU + gate,diouexp
MVI_40131,19,2,medium,18,0.72,preserved,388.0,388.0,1.0,1086,partial,KF + CV,DIoU + gate,diouexp
MVI_40131,19,3,short,6,0.24,preserved,388.0,388.0,1.0,1086,partial,KF + CV,DIoU + gate,diouexp
MVI_40131,19,4,medium,13,0.52,preserved,465.0,465.0,1.0,1086,partial,KF + CV,DIoU + gate,diouexp
MVI_40131,19,5,long,72,2.88,preserved,388.0,388.0,1.0,1086,partial,KF + CV,DIoU + gate,diouexp
MVI_40131,19,6,medium,29,1.16,preserved,388.0,388.0,1.0,1086,partial,KF + CV,DIoU + gate,diouexp
MVI_40131,20,0,short,5,0.2,no_before,,,0.0,406,partial,KF + CV,DIoU + gate,diouexp
MVI_40131,20,1,long,62,2.48,no_before,,,0.0968,406,partial,KF + CV,DIoU + gate,diouexp
MVI_40131,20,2,short,7,0.28,preserved,105.0,105.0,1.0,406,partial,KF + CV,DIoU + gate,diouexp
MVI_40131,23,0,medium,25,1.0,no_before,,,0.24,226,partial,KF + CV,DIoU + gate,diouexp
MVI_40131,25,0,long,177,7.08,preserved,143.0,143.0,0.9153,321,partial,KF + CV,DIoU + gate,diouexp
MVI_40131,26,0,long,84,3.36,switched,161.0,190.0,0.6548,231,partial,KF + CV,DIoU + gate,diouexp
MVI_40131,29,0,long,102,4.08,switched,232.0,399.0,0.9412,816,partial,KF + CV,DIoU + gate,diouexp
MVI_40131,30,0,short,9,0.36,preserved,203.0,203.0,1.0,296,partial,KF + CV,DIoU + gate,diouexp
MVI_40131,30,1,long,51,2.04,preserved,203.0,203.0,0.902,296,partial,KF + CV,DIoU + gate,diouexp
MVI_40131,31,0,medium,24,0.96,no_before,,,0.0,221,partial,KF + CV,DIoU + gate,diouexp
MVI_40131,31,1,short,8,0.32,no_before,,,0.0,221,partial,KF + CV,DIoU + gate,diouexp
MVI_40131,34,0,long,65,2.6,no_before,,,0.8769,281,partial,KF + CV,DIoU + gate,diouexp
MVI_40131,35,0,long,97,3.88,switched,253.0,406.0,0.2577,456,partial,KF + CV,DIoU + gate,diouexp
MVI_40131,35,1,medium,26,1.04,preserved,406.0,406.0,1.0,456,partial,KF + CV,DIoU + gate,diouexp
MVI_40131,36,0,medium,29,1.16,no_before,,,0.6552,226,partial,KF + CV,DIoU + gate,diouexp
MVI_40131,37,0,long,210,8.4,no_before,,,0.2238,421,partial,KF + CV,DIoU + gate,diouexp
MVI_40131,37,1,medium,33,1.32,preserved,451.0,451.0,1.0,421,partial,KF + CV,DIoU + gate,diouexp
MVI_40131,38,0,long,51,2.04,preserved,325.0,325.0,0.8039,306,partial,KF + CV,DIoU + gate,diouexp
MVI_40131,39,0,long,100,4.0,no_before,,,0.84,241,partial,KF + CV,DIoU + gate,diouexp
MVI_40131,39,1,long,55,2.2,preserved,316.0,316.0,1.0,241,partial,KF + CV,DIoU + gate,diouexp
MVI_40131,40,0,long,119,4.76,no_before,,,0.7647,366,partial,KF + CV,DIoU + gate,diouexp
MVI_40131,40,1,short,11,0.44,preserved,424.0,424.0,1.0,366,partial,KF + CV,DIoU + gate,diouexp
MVI_40131,40,3,medium,15,0.6,preserved,424.0,424.0,1.0,366,partial,KF + CV,DIoU + gate,diouexp
MVI_40131,40,4,short,8,0.32,preserved,424.0,424.0,1.0,366,partial,KF + CV,DIoU + gate,diouexp
MVI_40131,41,0,long,43,1.72,no_before,,,0.6047,281,partial,KF + CV,DIoU + gate,diouexp
MVI_40131,45,0,medium,25,1.0,no_before,,,0.2,206,partial,KF + CV,DIoU + gate,diouexp
MVI_40131,60,0,medium,22,0.88,lost,633.0,,0.7273,116,partial,KF + CV,DIoU + gate,diouexp
MVI_40131,62,0,medium,26,1.04,lost,647.0,,0.9231,95,partial,KF + CV,DIoU + gate,diouexp
MVI_40131,65,0,long,60,2.4,no_before,,,0.0,60,partial,KF + CV,DIoU + gate,diouexp
MVI_40171,1,0,medium,26,1.04,no_before,,,1.0,26,partial,KF + CV,DIoU + gate,diouexp
MVI_40171,6,0,long,41,1.64,preserved,20.0,20.0,0.9512,71,partial,KF + CV,DIoU + gate,diouexp
MVI_40171,7,0,long,56,2.24,no_before,,,0.2143,56,partial,KF + CV,DIoU + gate,diouexp
MVI_40171,8,0,short,12,0.48,no_before,,,0.0,726,partial,KF + CV,DIoU + gate,diouexp
MVI_40171,8,1,short,11,0.44,no_before,,,0.0,726,partial,KF + CV,DIoU + gate,diouexp
MVI_40171,8,3,medium,26,1.04,preserved,53.0,53.0,1.0,726,partial,KF + CV,DIoU + gate,diouexp
MVI_40171,8,4,medium,25,1.0,preserved,53.0,53.0,1.0,726,partial,KF + CV,DIoU + gate,diouexp
MVI_40171,8,5,medium,18,0.72,switched,53.0,135.0,1.0,726,partial,KF + CV,DIoU + gate,diouexp
MVI_40171,8,6,short,12,0.48,preserved,87.0,87.0,1.0,726,partial,KF + CV,DIoU + gate,diouexp
MVI_40171,8,7,medium,32,1.28,switched,87.0,282.0,1.0,726,partial,KF + CV,DIoU + gate,diouexp
MVI_40171,8,8,medium,28,1.12,preserved,282.0,282.0,1.0,726,partial,KF + CV,DIoU + gate,diouexp
MVI_40171,8,9,medium,16,0.64,preserved,87.0,87.0,1.0,726,partial,KF + CV,DIoU + gate,diouexp
MVI_40171,9,1,short,10,0.4,preserved,39.0,39.0,0.9,61,partial,KF + CV,DIoU + gate,diouexp
MVI_40171,11,0,medium,27,1.08,switched,52.0,51.0,0.8148,91,partial,KF + CV,DIoU + gate,diouexp
MVI_40171,12,0,long,61,2.44,no_before,,,0.4262,61,partial,KF + CV,DIoU + gate,diouexp
MVI_40171,14,0,medium,31,1.24,preserved,92.0,92.0,0.6774,86,partial,KF + CV,DIoU + gate,diouexp
MVI_40171,15,0,long,66,2.64,no_before,,,0.4394,66,partial,KF + CV,DIoU + gate,diouexp
MVI_40171,16,0,long,61,2.44,no_before,,,0.8361,61,partial,KF + CV,DIoU + gate,diouexp
MVI_40171,17,0,short,11,0.44,no_before,,,0.2727,76,partial,KF + CV,DIoU + gate,diouexp
MVI_40171,18,0,long,209,8.36,switched,161.0,283.0,0.1053,786,partial,KF + CV,DIoU + gate,diouexp
MVI_40171,18,1,short,11,0.44,switched,278.0,319.0,0.6364,786,partial,KF + CV,DIoU + gate,diouexp
MVI_40171,18,2,short,4,0.16,preserved,341.0,341.0,1.0,786,partial,KF + CV,DIoU + gate,diouexp
MVI_40171,18,3,short,4,0.16,switched,341.0,373.0,0.0,786,partial,KF + CV,DIoU + gate,diouexp
MVI_40171,18,4,short,4,0.16,preserved,373.0,373.0,1.0,786,partial,KF + CV,DIoU + gate,diouexp
MVI_40171,19,0,long,61,2.44,no_before,,,0.7705,61,partial,KF + CV,DIoU + gate,diouexp
MVI_40171,22,0,long,69,2.76,lost,193.0,,0.7681,71,partial,KF + CV,DIoU + gate,diouexp
MVI_40171,23,0,long,62,2.48,switched,215.0,183.0,0.8548,66,partial,KF + CV,DIoU + gate,diouexp
MVI_40171,25,0,long,66,2.64,no_before,,,0.7727,66,partial,KF + CV,DIoU + gate,diouexp
MVI_40171,26,0,long,47,1.88,no_before,,,0.8936,56,partial,KF + CV,DIoU + gate,diouexp
MVI_40171,27,0,medium,30,1.2,no_before,,,0.4,76,partial,KF + CV,DIoU + gate,diouexp
MVI_40171,28,0,medium,21,0.84,no_before,,,0.7143,76,partial,KF + CV,DIoU + gate,diouexp
MVI_40171,29,0,long,53,2.12,no_before,,,0.566,56,partial,KF + CV,DIoU + gate,diouexp
MVI_40171,31,0,medium,26,1.04,preserved,309.0,309.0,1.0,96,partial,KF + CV,DIoU + gate,diouexp
MVI_40171,34,0,long,66,2.64,lost,351.0,,0.8939,71,partial,KF + CV,DIoU + gate,diouexp
MVI_40171,35,0,long,62,2.48,switched,358.0,341.0,0.8871,76,partial,KF + CV,DIoU + gate,diouexp
MVI_40171,36,0,long,66,2.64,no_before,,,0.6061,66,partial,KF + CV,DIoU + gate,diouexp
MVI_40171,38,0,short,8,0.32,no_before,,,0.0,185,partial,KF + CV,DIoU + gate,diouexp
MVI_40171,39,0,long,70,2.8,lost,398.0,,0.7286,71,partial,KF + CV,DIoU + gate,diouexp
MVI_40171,40,0,medium,23,0.92,lost,420.0,,1.0,45,partial,KF + CV,DIoU + gate,diouexp
MVI_40171,41,0,long,99,3.96,switched,6.0,331.0,0.0909,1150,partial,KF + CV,DIoU + gate,diouexp
MVI_40171,41,1,long,52,2.08,switched,331.0,422.0,0.0769,1150,partial,KF + CV,DIoU + gate,diouexp
MVI_40171,42,0,long,1150,46.0,no_before,,,0.0,1150,partial,KF + CV,DIoU + gate,diouexp
MVI_40171,43,0,long,1150,46.0,no_before,,,0.0,1150,partial,KF + CV,DIoU + gate,diouexp
MVI_40171,44,0,long,1150,46.0,no_before,,,0.0,1150,partial,KF + CV,DIoU + gate,diouexp
MVI_40172,16,0,long,180,7.2,no_before,,,0.0111,227,partial,KF + CV,DIoU + gate,diouexp
MVI_40172,35,0,long,39,1.56,no_before,,,0.8718,46,partial,KF + CV,DIoU + gate,diouexp
MVI_40172,36,0,medium,37,1.48,no_before,,,0.973,41,partial,KF + CV,DIoU + gate,diouexp
MVI_40172,40,0,medium,29,1.16,preserved,482.0,482.0,0.5172,71,partial,KF + CV,DIoU + gate,diouexp
MVI_40172,41,0,long,39,1.56,lost,486.0,,0.4872,41,partial,KF + CV,DIoU + gate,diouexp
MVI_40172,47,0,long,48,1.92,lost,511.0,,0.9792,51,partial,KF + CV,DIoU + gate,diouexp
MVI_40172,50,0,long,51,2.04,no_before,,,0.7451,51,partial,KF + CV,DIoU + gate,diouexp
MVI_40172,51,0,short,10,0.4,preserved,531.0,531.0,0.1,81,partial,KF + CV,DIoU + gate,diouexp
MVI_40172,56,0,medium,28,1.12,lost,559.0,,1.0,61,partial,KF + CV,DIoU + gate,diouexp
MVI_40172,57,0,medium,37,1.48,preserved,514.0,514.0,0.973,51,partial,KF + CV,DIoU + gate,diouexp
MVI_40172,60,0,long,44,1.76,preserved,576.0,576.0,0.7955,66,partial,KF + CV,DIoU + gate,diouexp
MVI_40172,61,0,medium,13,0.52,preserved,577.0,577.0,1.0,36,partial,KF + CV,DIoU + gate,diouexp
MVI_40172,63,0,long,46,1.84,no_before,,,0.7391,46,partial,KF + CV,DIoU + gate,diouexp
MVI_40172,65,0,medium,29,1.16,lost,592.0,,0.4138,46,partial,KF + CV,DIoU + gate,diouexp
MVI_40172,67,0,medium,31,1.24,no_before,,,0.7419,41,partial,KF + CV,DIoU + gate,diouexp
MVI_40172,79,0,long,114,4.56,no_before,,,0.0614,201,partial,KF + CV,DIoU + gate,diouexp
MVI_40172,95,0,long,40,1.6,lost,775.0,,0.85,41,partial,KF + CV,DIoU + gate,diouexp
MVI_40172,96,0,long,50,2.0,no_before,,,0.88,50,partial,KF + CV,DIoU + gate,diouexp
MVI_40172,99,0,long,50,2.0,switched,2.0,54.0,0.12,2635,partial,KF + CV,DIoU + gate,diouexp
MVI_40172,99,1,long,74,2.96,switched,54.0,234.0,0.0811,2635,partial,KF + CV,DIoU + gate,diouexp
MVI_40172,99,2,long,40,1.6,switched,284.0,743.0,0.125,2635,partial,KF + CV,DIoU + gate,diouexp
MVI_40172,100,0,long,2635,105.4,no_before,,,0.0,2635,partial,KF + CV,DIoU + gate,diouexp
MVI_40172,101,0,long,2635,105.4,no_before,,,0.0,2635,partial,KF + CV,DIoU + gate,diouexp
MVI_40172,102,0,long,2635,105.4,no_before,,,0.0,2635,partial,KF + CV,DIoU + gate,diouexp
MVI_40172,105,0,long,52,2.08,switched,3.0,2.0,0.0385,2635,partial,KF + CV,DIoU + gate,diouexp
MVI_40172,105,1,long,45,1.8,switched,2.0,30.0,0.0222,2635,partial,KF + CV,DIoU + gate,diouexp
MVI_40172,105,2,medium,21,0.84,no_before,,,0.0,2635,partial,KF + CV,DIoU + gate,diouexp
MVI_40172,105,3,long,39,1.56,switched,30.0,747.0,0.2051,2635,partial,KF + CV,DIoU + gate,diouexp
MVI_40204,6,0,long,86,3.44,no_before,,,0.314,86,partial,KF + CV,DIoU + gate,diouexp
MVI_40204,9,0,long,66,2.64,no_before,,,0.0,66,partial,KF + CV,DIoU + gate,diouexp
MVI_40204,10,0,medium,32,1.28,lost,9.0,,0.4062,76,partial,KF + CV,DIoU + gate,diouexp
MVI_40204,11,0,medium,31,1.24,switched,11.0,42.0,0.5161,66,partial,KF + CV,DIoU + gate,diouexp
MVI_40204,12,0,medium,16,0.64,no_before,,,0.375,16,partial,KF + CV,DIoU + gate,diouexp
MVI_40204,15,0,long,136,5.44,no_before,,,0.6691,136,partial,KF + CV,DIoU + gate,diouexp
MVI_40204,27,0,long,111,4.44,no_before,,,0.8108,111,partial,KF + CV,DIoU + gate,diouexp
MVI_40204,30,0,long,71,2.84,lost,105.0,,0.2113,141,partial,KF + CV,DIoU + gate,diouexp
MVI_40204,34,0,short,3,0.12,preserved,114.0,114.0,0.6667,116,partial,KF + CV,DIoU + gate,diouexp
MVI_40204,34,1,medium,25,1.0,lost,114.0,,0.12,116,partial,KF + CV,DIoU + gate,diouexp
MVI_40204,34,2,medium,25,1.0,lost,35.0,,0.0,116,partial,KF + CV,DIoU + gate,diouexp
MVI_40204,35,0,long,131,5.24,no_before,,,0.3511,131,partial,KF + CV,DIoU + gate,diouexp
MVI_40204,36,0,long,52,2.08,lost,121.0,,0.0192,116,partial,KF + CV,DIoU + gate,diouexp
MVI_40204,39,0,medium,22,0.88,lost,189.0,,0.0,111,partial,KF + CV,DIoU + gate,diouexp
MVI_40204,40,0,long,39,1.56,lost,138.0,,0.0,151,partial,KF + CV,DIoU + gate,diouexp
MVI_40204,46,0,long,141,5.64,no_before,,,0.6596,141,partial,KF + CV,DIoU + gate,diouexp
MVI_40204,49,0,long,46,1.84,preserved,191.0,191.0,0.8043,151,partial,KF + CV,DIoU + gate,diouexp
MVI_40204,50,0,long,121,4.84,no_before,,,0.3802,121,partial,KF + CV,DIoU + gate,diouexp
MVI_40204,51,0,long,131,5.24,no_before,,,0.4046,131,partial,KF + CV,DIoU + gate,diouexp
MVI_40204,52,0,short,2,0.08,preserved,206.0,206.0,1.0,131,partial,KF + CV,DIoU + gate,diouexp
MVI_40204,60,0,long,131,5.24,no_before,,,0.3282,131,partial,KF + CV,DIoU + gate,diouexp
MVI_40204,63,0,long,39,1.56,switched,294.0,338.0,0.5897,141,partial,KF + CV,DIoU + gate,diouexp
MVI_40204,64,0,long,130,5.2,no_before,,,0.6308,131,partial,KF + CV,DIoU + gate,diouexp
MVI_40204,65,0,long,141,5.64,no_before,,,0.2766,141,partial,KF + CV,DIoU + gate,diouexp
MVI_40204,67,0,long,58,2.32,lost,353.0,,0.0172,131,partial,KF + CV,DIoU + gate,diouexp
MVI_40204,68,0,medium,15,0.6,lost,353.0,,0.0,126,partial,KF + CV,DIoU + gate,diouexp
MVI_40204,71,0,long,116,4.64,no_before,,,0.3276,116,partial,KF + CV,DIoU + gate,diouexp
MVI_40204,72,0,medium,33,1.32,preserved,402.0,402.0,0.9697,141,partial,KF + CV,DIoU + gate,diouexp
MVI_40204,73,0,long,136,5.44,no_before,,,0.2647,136,partial,KF + CV,DIoU + gate,diouexp
MVI_40204,74,0,long,116,4.64,no_before,,,0.4569,116,partial,KF + CV,DIoU + gate,diouexp
MVI_40204,78,0,medium,19,0.76,lost,438.0,,0.2632,131,partial,KF + CV,DIoU + gate,diouexp
MVI_40204,81,0,long,141,5.64,no_before,,,0.305,141,partial,KF + CV,DIoU + gate,diouexp
MVI_40204,82,0,short,8,0.32,preserved,471.0,471.0,1.0,136,partial,KF + CV,DIoU + gate,diouexp
MVI_40204,82,1,long,40,1.6,lost,471.0,,0.775,136,partial,KF + CV,DIoU + gate,diouexp
MVI_40204,85,0,long,141,5.64,no_before,,,0.5816,141,partial,KF + CV,DIoU + gate,diouexp
MVI_40204,86,0,long,114,4.56,lost,508.0,,0.4035,136,partial,KF + CV,DIoU + gate,diouexp
MVI_40204,88,0,long,146,5.84,no_before,,,0.1301,146,partial,KF + CV,DIoU + gate,diouexp
MVI_40204,90,0,long,146,5.84,no_before,,,0.6575,146,partial,KF + CV,DIoU + gate,diouexp
MVI_40204,92,0,long,41,1.64,no_before,,,0.9512,156,partial,KF + CV,DIoU + gate,diouexp
MVI_40204,93,0,long,112,4.48,lost,548.0,,0.4911,131,partial,KF + CV,DIoU + gate,diouexp
MVI_40204,96,0,long,82,3.28,switched,558.0,419.0,0.8415,161,partial,KF + CV,DIoU + gate,diouexp
MVI_40204,98,0,long,156,6.24,no_before,,,0.5705,156,partial,KF + CV,DIoU + gate,diouexp
MVI_40204,99,0,short,11,0.44,no_before,,,0.7273,151,partial,KF + CV,DIoU + gate,diouexp
MVI_40204,106,0,long,51,2.04,no_before,,,0.6667,126,partial,KF + CV,DIoU + gate,diouexp
MVI_40204,106,1,long,70,2.8,lost,632.0,,0.4,126,partial,KF + CV,DIoU + gate,diouexp
MVI_40204,108,0,long,151,6.04,no_before,,,0.457,151,partial,KF + CV,DIoU + gate,diouexp
MVI_40204,110,0,long,75,3.0,lost,633.0,,0.1733,131,partial,KF + CV,DIoU + gate,diouexp
MVI_40204,112,0,long,40,1.6,no_before,,,0.0,146,partial,KF + CV,DIoU + gate,diouexp
MVI_40204,115,0,long,71,2.84,preserved,667.0,667.0,0.8169,151,partial,KF + CV,DIoU + gate,diouexp
MVI_40204,115,1,short,4,0.16,preserved,667.0,667.0,0.0,151,partial,KF + CV,DIoU + gate,diouexp
MVI_40204,116,0,long,146,5.84,no_before,,,0.0,146,partial,KF + CV,DIoU + gate,diouexp
MVI_40204,117,0,medium,31,1.24,lost,676.0,,0.2581,141,partial,KF + CV,DIoU + gate,diouexp
MVI_40204,117,1,short,9,0.36,lost,676.0,,0.0,141,partial,KF + CV,DIoU + gate,diouexp
MVI_40204,119,0,long,66,2.64,lost,684.0,,0.1212,151,partial,KF + CV,DIoU + gate,diouexp
MVI_40204,120,0,long,62,2.48,preserved,707.0,707.0,0.6613,156,partial,KF + CV,DIoU + gate,diouexp
MVI_40204,121,0,medium,21,0.84,no_before,,,0.9524,156,partial,KF + CV,DIoU + gate,diouexp
MVI_40204,122,0,long,141,5.64,no_before,,,0.1844,141,partial,KF + CV,DIoU + gate,diouexp
MVI_40204,126,0,long,43,1.72,preserved,738.0,738.0,0.6279,166,partial,KF + CV,DIoU + gate,diouexp
MVI_40204,126,1,short,4,0.16,lost,707.0,,0.0,166,partial,KF + CV,DIoU + gate,diouexp
MVI_40204,127,0,short,5,0.2,no_before,,,0.4,161,partial,KF + CV,DIoU + gate,diouexp
MVI_40204,128,0,medium,18,0.72,preserved,750.0,750.0,1.0,131,partial,KF + CV,DIoU + gate,diouexp
MVI_40204,128,1,long,98,3.92,lost,750.0,,0.2959,131,partial,KF + CV,DIoU + gate,diouexp
MVI_40204,129,0,long,156,6.24,no_before,,,0.2628,156,partial,KF + CV,DIoU + gate,diouexp
MVI_40204,133,0,long,53,2.12,lost,768.0,,0.3019,106,partial,KF + CV,DIoU + gate,diouexp
MVI_40204,135,0,long,75,3.0,lost,782.0,,0.2,141,partial,KF + CV,DIoU + gate,diouexp
MVI_40204,137,0,long,63,2.52,lost,802.0,,0.3333,126,partial,KF + CV,DIoU + gate,diouexp
MVI_40204,138,0,short,7,0.28,lost,933.0,,0.0,166,partial,KF + CV,DIoU + gate,diouexp
MVI_40204,142,0,long,145,5.8,no_before,,,0.8276,146,partial,KF + CV,DIoU + gate,diouexp
MVI_40204,145,0,long,146,5.84,no_before,,,0.5822,161,partial,KF + CV,DIoU + gate,diouexp
MVI_40204,148,0,long,110,4.4,lost,882.0,,0.3364,151,partial,KF + CV,DIoU + gate,diouexp
MVI_40204,149,0,long,72,2.88,lost,882.0,,0.1944,161,partial,KF + CV,DIoU + gate,diouexp
MVI_40204,150,0,long,146,5.84,no_before,,,0.726,146,partial,KF + CV,DIoU + gate,diouexp
MVI_40204,153,0,long,129,5.16,lost,907.0,,0.4264,171,partial,KF + CV,DIoU + gate,diouexp
MVI_40204,154,0,medium,28,1.12,no_before,,,0.6786,166,partial,KF + CV,DIoU + gate,diouexp
MVI_40204,158,0,medium,31,1.24,no_before,,,0.0,175,partial,KF + CV,DIoU + gate,diouexp
MVI_40204,161,0,medium,22,0.88,no_before,,,0.8636,170,partial,KF + CV,DIoU + gate,diouexp
MVI_40204,161,1,long,67,2.68,preserved,955.0,955.0,0.2239,170,partial,KF + CV,DIoU + gate,diouexp
MVI_40204,162,0,long,151,6.04,no_before,,,0.0199,151,partial,KF + CV,DIoU + gate,diouexp
MVI_40204,165,1,long,139,5.56,lost,982.0,,0.6619,145,partial,KF + CV,DIoU + gate,diouexp
MVI_40204,168,0,long,120,4.8,no_before,,,0.7583,120,partial,KF + CV,DIoU + gate,diouexp
MVI_40204,173,0,long,65,2.6,no_before,,,0.9692,65,partial,KF + CV,DIoU + gate,diouexp
MVI_40204,177,0,medium,20,0.8,no_before,,,0.6,20,partial,KF + CV,DIoU + gate,diouexp
MVI_40751,2,0,long,72,2.88,switched,1.0,26.0,0.1528,1140,partial,KF + CV,DIoU + gate,diouexp
MVI_40751,2,1,long,175,7.0,preserved,26.0,26.0,0.6171,1140,partial,KF + CV,DIoU + gate,diouexp
MVI_40751,2,2,short,9,0.36,preserved,26.0,26.0,1.0,1140,partial,KF + CV,DIoU + gate,diouexp
MVI_40751,2,3,short,6,0.24,preserved,26.0,26.0,1.0,1140,partial,KF + CV,DIoU + gate,diouexp
MVI_40751,2,4,long,410,16.4,preserved,26.0,26.0,0.9976,1140,partial,KF + CV,DIoU + gate,diouexp
MVI_40751,3,0,long,58,2.32,no_before,,,0.9655,81,partial,KF + CV,DIoU + gate,diouexp
MVI_40751,4,1,long,46,1.84,preserved,2.0,2.0,1.0,141,partial,KF + CV,DIoU + gate,diouexp
MVI_40751,5,0,medium,19,0.76,no_before,,,0.0,146,partial,KF + CV,DIoU + gate,diouexp
MVI_40751,7,0,medium,19,0.76,no_before,,,0.0,186,partial,KF + CV,DIoU + gate,diouexp
MVI_40751,7,1,medium,14,0.56,preserved,65.0,65.0,1.0,186,partial,KF + CV,DIoU + gate,diouexp
MVI_40751,7,3,long,97,3.88,preserved,65.0,65.0,1.0,186,partial,KF + CV,DIoU + gate,diouexp
MVI_40751,8,1,short,4,0.16,preserved,110.0,110.0,1.0,920,partial,KF + CV,DIoU + gate,diouexp
MVI_40751,8,2,short,5,0.2,preserved,110.0,110.0,1.0,920,partial,KF + CV,DIoU + gate,diouexp
MVI_40751,8,3,short,10,0.4,preserved,110.0,110.0,1.0,920,partial,KF + CV,DIoU + gate,diouexp
MVI_40751,8,4,medium,24,0.96,preserved,110.0,110.0,1.0,920,partial,KF + CV,DIoU + gate,diouexp
MVI_40751,8,5,long,591,23.64,lost,110.0,,0.7766,920,partial,KF + CV,DIoU + gate,diouexp
MVI_40751,9,0,medium,34,1.36,preserved,146.0,146.0,1.0,96,partial,KF + CV,DIoU + gate,diouexp
MVI_40751,11,0,medium,32,1.28,no_before,,,0.4062,156,partial,KF + CV,DIoU + gate,diouexp
MVI_40751,11,1,long,89,3.56,preserved,169.0,169.0,0.9775,156,partial,KF + CV,DIoU + gate,diouexp
MVI_40751,15,0,long,223,8.92,lost,175.0,,1.0,775,partial,KF + CV,DIoU + gate,diouexp
MVI_40751,21,0,short,5,0.2,no_before,,,0.0,625,partial,KF + CV,DIoU + gate,diouexp
MVI_40751,21,1,long,612,24.48,lost,305.0,,0.0294,625,partial,KF + CV,DIoU + gate,diouexp
MVI_40751,23,0,short,11,0.44,preserved,333.0,333.0,1.0,66,partial,KF + CV,DIoU + gate,diouexp
MVI_40751,23,1,short,4,0.16,preserved,333.0,333.0,1.0,66,partial,KF + CV,DIoU + gate,diouexp
MVI_40751,28,0,short,3,0.12,preserved,403.0,403.0,1.0,405,partial,KF + CV,DIoU + gate,diouexp
MVI_40751,28,1,medium,15,0.6,preserved,403.0,403.0,1.0,405,partial,KF + CV,DIoU + gate,diouexp
MVI_40751,29,0,medium,23,0.92,preserved,412.0,412.0,1.0,370,partial,KF + CV,DIoU + gate,diouexp
MVI_40751,31,0,long,41,1.64,no_before,,,0.6829,43,partial,KF + CV,DIoU + gate,diouexp
MVI_40751,32,0,long,172,6.88,switched,434.0,467.0,0.8721,266,partial,KF + CV,DIoU + gate,diouexp
MVI_40751,33,0,medium,14,0.56,preserved,434.0,434.0,1.0,270,partial,KF + CV,DIoU + gate,diouexp
MVI_40751,35,0,medium,23,0.92,lost,466.0,,1.0,156,partial,KF + CV,DIoU + gate,diouexp
MVI_40751,36,0,long,77,3.08,lost,488.0,,0.987,195,partial,KF + CV,DIoU + gate,diouexp
MVI_40751,38,0,medium,13,0.52,switched,507.0,533.0,1.0,140,partial,KF + CV,DIoU + gate,diouexp
MVI_40751,38,1,long,49,1.96,lost,507.0,,0.9796,140,partial,KF + CV,DIoU + gate,diouexp
MVI_40751,41,0,long,45,1.8,no_before,,,0.3111,45,partial,KF + CV,DIoU + gate,diouexp
MVI_63554,3,0,short,11,0.44,no_before,,,0.6364,11,partial,KF + CV,DIoU + gate,diouexp
MVI_63554,4,0,medium,26,1.04,no_before,,,0.0,26,partial,KF + CV,DIoU + gate,diouexp
MVI_63554,5,0,long,40,1.6,no_before,,,0.95,41,partial,KF + CV,DIoU + gate,diouexp
MVI_63554,8,0,medium,13,0.52,no_before,,,0.3846,16,partial,KF + CV,DIoU + gate,diouexp
MVI_63554,9,0,long,55,2.2,lost,15.0,,0.0727,61,partial,KF + CV,DIoU + gate,diouexp
MVI_63554,11,0,long,52,2.08,lost,28.0,,0.0577,61,partial,KF + CV,DIoU + gate,diouexp
MVI_63554,13,0,medium,16,0.64,no_before,,,0.25,26,partial,KF + CV,DIoU + gate,diouexp
MVI_63554,15,0,long,65,2.6,lost,41.0,,0.9692,76,partial,KF + CV,DIoU + gate,diouexp
MVI_63554,19,0,long,62,2.48,no_before,,,0.871,81,partial,KF + CV,DIoU + gate,diouexp
MVI_63554,20,0,long,57,2.28,lost,61.0,,0.0,66,partial,KF + CV,DIoU + gate,diouexp
MVI_63554,22,0,long,61,2.44,no_before,,,0.377,61,partial,KF + CV,DIoU + gate,diouexp
MVI_63554,23,0,long,45,1.8,preserved,74.0,74.0,0.7333,81,partial,KF + CV,DIoU + gate,diouexp
MVI_63554,24,0,short,11,0.44,no_before,,,0.1818,21,partial,KF + CV,DIoU + gate,diouexp
MVI_63554,25,0,long,51,2.04,lost,74.0,,0.1176,56,partial,KF + CV,DIoU + gate,diouexp
MVI_63554,30,0,long,74,2.96,lost,117.0,,0.1892,81,partial,KF + CV,DIoU + gate,diouexp
MVI_63554,31,0,long,76,3.04,no_before,,,0.5395,76,partial,KF + CV,DIoU + gate,diouexp
MVI_63554,32,0,long,64,2.56,lost,121.0,,0.0625,71,partial,KF + CV,DIoU + gate,diouexp
MVI_63554,33,0,long,45,1.8,lost,127.0,,0.9556,81,partial,KF + CV,DIoU + gate,diouexp
MVI_63554,35,0,medium,16,0.64,no_before,,,0.8125,86,partial,KF + CV,DIoU + gate,diouexp
MVI_63554,36,0,long,59,2.36,lost,145.0,,0.0678,66,partial,KF + CV,DIoU + gate,diouexp
MVI_63554,41,0,medium,25,1.0,lost,135.0,,0.64,91,partial,KF + CV,DIoU + gate,diouexp
MVI_63554,42,0,short,11,0.44,no_before,,,0.1818,16,partial,KF + CV,DIoU + gate,diouexp
MVI_63554,43,0,long,62,2.48,lost,173.0,,0.0645,71,partial,KF + CV,DIoU + gate,diouexp
MVI_63554,44,0,long,64,2.56,lost,173.0,,0.75,71,partial,KF + CV,DIoU + gate,diouexp
MVI_63554,47,0,long,59,2.36,lost,183.0,,0.1356,66,partial,KF + CV,DIoU + gate,diouexp
MVI_63554,49,0,long,54,2.16,lost,181.0,,0.8889,81,partial,KF + CV,DIoU + gate,diouexp
MVI_63554,50,0,long,63,2.52,lost,194.0,,0.254,71,partial,KF + CV,DIoU + gate,diouexp
MVI_63554,51,0,short,11,0.44,no_before,,,0.0,21,partial,KF + CV,DIoU + gate,diouexp
MVI_63554,55,0,long,62,2.48,lost,188.0,,0.8065,71,partial,KF + CV,DIoU + gate,diouexp
MVI_63554,56,0,long,48,1.92,no_before,,,0.0,51,partial,KF + CV,DIoU + gate,diouexp
MVI_63554,58,0,medium,21,0.84,preserved,249.0,249.0,0.9524,41,partial,KF + CV,DIoU + gate,diouexp
MVI_63554,60,0,medium,13,0.52,no_before,,,0.2308,21,partial,KF + CV,DIoU + gate,diouexp
MVI_63554,61,0,long,63,2.52,no_before,,,0.5079,66,partial,KF + CV,DIoU + gate,diouexp
MVI_63554,62,0,short,5,0.2,preserved,267.0,267.0,1.0,66,partial,KF + CV,DIoU + gate,diouexp
MVI_63554,62,1,medium,35,1.4,lost,267.0,,0.6571,66,partial,KF + CV,DIoU + gate,diouexp
MVI_63554,63,0,long,60,2.4,lost,272.0,,0.7,66,partial,KF + CV,DIoU + gate,diouexp
MVI_63554,64,0,long,42,1.68,no_before,,,0.0238,46,partial,KF + CV,DIoU + gate,diouexp
MVI_63554,68,0,long,57,2.28,lost,291.0,,0.0702,66,partial,KF + CV,DIoU + gate,diouexp
MVI_63554,69,0,medium,16,0.64,no_before,,,0.5625,26,partial,KF + CV,DIoU + gate,diouexp
MVI_63554,72,0,medium,20,0.8,lost,303.0,,0.35,101,partial,KF + CV,DIoU + gate,diouexp
MVI_63554,73,0,long,50,2.0,preserved,306.0,306.0,0.88,61,partial,KF + CV,DIoU + gate,diouexp
MVI_63554,76,0,medium,13,0.52,no_before,,,0.3077,21,partial,KF + CV,DIoU + gate,diouexp
MVI_63554,77,0,long,56,2.24,lost,316.0,,0.0714,61,partial,KF + CV,DIoU + gate,diouexp
MVI_63554,79,0,long,61,2.44,no_before,,,0.4262,71,partial,KF + CV,DIoU + gate,diouexp
MVI_63554,80,0,long,55,2.2,lost,316.0,,0.8545,61,partial,KF + CV,DIoU + gate,diouexp
MVI_63554,81,0,short,10,0.4,no_before,,,0.6,81,partial,KF + CV,DIoU + gate,diouexp
MVI_63554,82,0,long,53,2.12,no_before,,,0.0755,56,partial,KF + CV,DIoU + gate,diouexp
MVI_63554,83,0,medium,15,0.6,no_before,,,0.1333,21,partial,KF + CV,DIoU + gate,diouexp
MVI_63554,86,0,long,49,1.96,no_before,,,0.0,56,partial,KF + CV,DIoU + gate,diouexp
MVI_63554,87,0,medium,31,1.24,preserved,267.0,267.0,0.9677,61,partial,KF + CV,DIoU + gate,diouexp
MVI_63554,88,0,medium,13,0.52,no_before,,,0.2308,16,partial,KF + CV,DIoU + gate,diouexp
MVI_63554,90,0,medium,20,0.8,lost,353.0,,0.9,86,partial,KF + CV,DIoU + gate,diouexp
MVI_63554,92,0,long,50,2.0,lost,359.0,,0.1,56,partial,KF + CV,DIoU + gate,diouexp
MVI_63554,93,0,long,39,1.56,preserved,359.0,359.0,0.8462,71,partial,KF + CV,DIoU + gate,diouexp
MVI_63554,93,3,short,9,0.36,lost,359.0,,0.0,71,partial,KF + CV,DIoU + gate,diouexp
MVI_63554,94,0,medium,26,1.04,preserved,365.0,365.0,1.0,56,partial,KF + CV,DIoU + gate,diouexp
MVI_63554,95,0,long,51,2.04,switched,371.0,382.0,0.8627,81,partial,KF + CV,DIoU + gate,diouexp
MVI_63554,96,0,medium,15,0.6,no_before,,,0.0667,26,partial,KF + CV,DIoU + gate,diouexp
MVI_63554,98,0,long,64,2.56,lost,267.0,,0.7812,71,partial,KF + CV,DIoU + gate,diouexp
MVI_63554,99,0,medium,15,0.6,no_before,,,0.6667,26,partial,KF + CV,DIoU + gate,diouexp
MVI_63554,101,0,long,48,1.92,no_before,,,0.0208,51,partial,KF + CV,DIoU + gate,diouexp
MVI_63554,102,0,medium,14,0.56,no_before,,,0.0714,26,partial,KF + CV,DIoU + gate,diouexp
MVI_63554,103,0,medium,17,0.68,lost,398.0,,0.5882,71,partial,KF + CV,DIoU + gate,diouexp
MVI_63554,105,0,long,61,2.44,lost,401.0,,0.7541,66,partial,KF + CV,DIoU + gate,diouexp
MVI_63554,108,0,long,44,1.76,no_before,,,0.0,51,partial,KF + CV,DIoU + gate,diouexp
MVI_63554,109,0,medium,18,0.72,no_before,,,0.2778,31,partial,KF + CV,DIoU + gate,diouexp
MVI_63554,112,0,medium,31,1.24,no_before,,,0.6129,61,partial,KF + CV,DIoU + gate,diouexp
MVI_63554,115,0,long,53,2.12,lost,452.0,,0.0943,61,partial,KF + CV,DIoU + gate,diouexp
MVI_63554,116,0,medium,15,0.6,no_before,,,0.2,26,partial,KF + CV,DIoU + gate,diouexp
MVI_63554,117,0,long,53,2.12,lost,459.0,,0.566,61,partial,KF + CV,DIoU + gate,diouexp
MVI_63554,120,0,medium,15,0.6,no_before,,,0.2,26,partial,KF + CV,DIoU + gate,diouexp
MVI_63554,123,0,long,60,2.4,no_before,,,0.5167,61,partial,KF + CV,DIoU + gate,diouexp
MVI_63554,124,0,long,54,2.16,no_before,,,0.1111,61,partial,KF + CV,DIoU + gate,diouexp
MVI_63554,126,0,medium,37,1.48,lost,492.0,,0.9189,56,partial,KF + CV,DIoU + gate,diouexp
MVI_63554,129,0,medium,13,0.52,no_before,,,0.3846,21,partial,KF + CV,DIoU + gate,diouexp
MVI_63554,132,0,short,12,0.48,no_before,,,0.5,26,partial,KF + CV,DIoU + gate,diouexp
MVI_63554,134,0,long,55,2.2,lost,528.0,,0.7091,61,partial,KF + CV,DIoU + gate,diouexp
MVI_63554,137,0,short,12,0.48,no_before,,,0.1667,16,partial,KF + CV,DIoU + gate,diouexp
MVI_63554,139,0,long,48,1.92,lost,549.0,,0.875,56,partial,KF + CV,DIoU + gate,diouexp
MVI_63554,142,0,medium,15,0.6,no_before,,,0.3333,26,partial,KF + CV,DIoU + gate,diouexp
MVI_63554,143,0,long,57,2.28,lost,557.0,,0.8772,66,partial,KF + CV,DIoU + gate,diouexp
MVI_63554,147,0,long,39,1.56,lost,570.0,,0.0256,46,partial,KF + CV,DIoU + gate,diouexp
MVI_63554,148,0,short,8,0.32,preserved,569.0,569.0,1.0,56,partial,KF + CV,DIoU + gate,diouexp
MVI_63554,151,0,short,12,0.48,no_before,,,0.5833,21,partial,KF + CV,DIoU + gate,diouexp
MVI_63554,152,0,short,10,0.4,preserved,585.0,585.0,1.0,61,partial,KF + CV,DIoU + gate,diouexp
MVI_63554,152,1,short,2,0.08,preserved,585.0,585.0,1.0,61,partial,KF + CV,DIoU + gate,diouexp
MVI_63554,152,2,short,5,0.2,lost,585.0,,0.2,61,partial,KF + CV,DIoU + gate,diouexp
MVI_63554,153,0,medium,14,0.56,no_before,,,0.3571,20,partial,KF + CV,DIoU + gate,diouexp
MVI_63554,155,0,long,49,1.96,lost,593.0,,0.0816,56,partial,KF + CV,DIoU + gate,diouexp
MVI_63554,158,0,long,54,2.16,lost,608.0,,0.8889,66,partial,KF + CV,DIoU + gate,diouexp
MVI_63554,160,0,short,12,0.48,no_before,,,0.3333,21,partial,KF + CV,DIoU + gate,diouexp
MVI_63554,162,0,long,54,2.16,lost,615.0,,0.7778,61,partial,KF + CV,DIoU + gate,diouexp
MVI_63554,163,0,long,54,2.16,no_before,,,0.9259,71,partial,KF + CV,DIoU + gate,diouexp
MVI_63554,164,0,long,66,2.64,no_before,,,0.9848,66,partial,KF + CV,DIoU + gate,diouexp
MVI_63554,165,0,long,52,2.08,lost,631.0,,0.0577,56,partial,KF + CV,DIoU + gate,diouexp
MVI_63554,168,0,long,53,2.12,lost,651.0,,0.8113,61,partial,KF + CV,DIoU + gate,diouexp
MVI_63554,169,0,medium,14,0.56,no_before,,,0.7857,21,partial,KF + CV,DIoU + gate,diouexp
MVI_63554,171,0,long,50,2.0,lost,649.0,,0.04,56,partial,KF + CV,DIoU + gate,diouexp
MVI_63554,174,0,short,11,0.44,no_before,,,0.1818,16,partial,KF + CV,DIoU + gate,diouexp
MVI_63554,175,0,long,59,2.36,lost,672.0,,0.7797,66,partial,KF + CV,DIoU + gate,diouexp
MVI_63554,177,0,long,51,2.04,lost,682.0,,0.098,56,partial,KF + CV,DIoU + gate,diouexp
MVI_63554,180,0,short,9,0.36,no_before,,,0.8889,16,partial,KF + CV,DIoU + gate,diouexp
MVI_63554,182,0,long,51,2.04,lost,700.0,,0.098,56,partial,KF + CV,DIoU + gate,diouexp
MVI_63554,183,0,short,8,0.32,no_before,,,0.25,21,partial,KF + CV,DIoU + gate,diouexp
MVI_63554,185,0,long,39,1.56,no_before,,,0.8205,40,partial,KF + CV,DIoU + gate,diouexp
MVI_63554,186,0,medium,18,0.72,lost,707.0,,0.1667,25,partial,KF + CV,DIoU + gate,diouexp
MVI_63554,188,0,short,11,0.44,no_before,,,0.3636,15,partial,KF + CV,DIoU + gate,diouexp
MVI_63554,189,0,medium,14,0.56,no_before,,,0.7143,31,partial,KF + CV,DIoU + gate,diouexp
MVI_63554,190,0,medium,17,0.68,no_before,,,0.4118,31,partial,KF + CV,DIoU + gate,diouexp
MVI_40131,1,0,long,61,2.44,switched,4.0,110.0,0.0,486,full,KF + CV,DIoU + gate,diouexp
MVI_40131,19,0,long,54,2.16,switched,76.0,388.0,0.0,1086,full,KF + CV,DIoU + gate,diouexp
MVI_40131,35,0,long,50,2.0,switched,253.0,406.0,0.0,456,full,KF + CV,DIoU + gate,diouexp
MVI_40171,9,0,short,1,0.04,preserved,39.0,39.0,1.0,61,full,KF + CV,DIoU + gate,diouexp
MVI_40171,9,1,short,10,0.4,preserved,39.0,39.0,0.9,61,full,KF + CV,DIoU + gate,diouexp
MVI_40171,26,0,short,3,0.12,preserved,225.0,225.0,0.6667,56,full,KF + CV,DIoU + gate,diouexp
MVI_40171,41,0,long,66,2.64,switched,6.0,331.0,0.0,1150,full,KF + CV,DIoU + gate,diouexp
MVI_40171,41,1,long,38,1.52,switched,331.0,422.0,0.0,1150,full,KF + CV,DIoU + gate,diouexp
MVI_40171,42,0,medium,14,0.56,no_before,,,0.0,1150,full,KF + CV,DIoU + gate,diouexp
MVI_40171,42,1,short,1,0.04,no_before,,,0.0,1150,full,KF + CV,DIoU + gate,diouexp
MVI_40171,42,2,short,2,0.08,no_before,,,0.0,1150,full,KF + CV,DIoU + gate,diouexp
MVI_40171,42,3,long,772,30.88,no_before,,,0.0,1150,full,KF + CV,DIoU + gate,diouexp
MVI_40171,42,4,long,142,5.68,no_before,,,0.0,1150,full,KF + CV,DIoU + gate,diouexp
MVI_40171,43,0,long,121,4.84,no_before,,,0.0,1150,full,KF + CV,DIoU + gate,diouexp
MVI_40171,43,1,long,1012,40.48,no_before,,,0.0,1150,full,KF + CV,DIoU + gate,diouexp
MVI_40171,44,0,long,141,5.64,no_before,,,0.0,1150,full,KF + CV,DIoU + gate,diouexp
MVI_40171,44,1,long,989,39.56,no_before,,,0.0,1150,full,KF + CV,DIoU + gate,diouexp
MVI_40172,16,0,long,158,6.32,no_before,,,0.0,227,full,KF + CV,DIoU + gate,diouexp
MVI_40172,99,0,long,42,1.68,switched,1.0,54.0,0.0,2635,full,KF + CV,DIoU + gate,diouexp
MVI_40172,99,1,long,40,1.6,switched,54.0,234.0,0.0,2635,full,KF + CV,DIoU + gate,diouexp
MVI_40172,99,2,medium,15,0.6,switched,284.0,743.0,0.0,2635,full,KF + CV,DIoU + gate,diouexp
MVI_40172,100,0,long,2225,89.0,no_before,,,0.0,2635,full,KF + CV,DIoU + gate,diouexp
MVI_40172,101,0,long,1489,59.56,no_before,,,0.0,2635,full,KF + CV,DIoU + gate,diouexp
MVI_40172,101,1,long,148,5.92,no_before,,,0.0,2635,full,KF + CV,DIoU + gate,diouexp
MVI_40172,101,2,long,526,21.04,no_before,,,0.0,2635,full,KF + CV,DIoU + gate,diouexp
MVI_40172,101,3,short,2,0.08,no_before,,,0.0,2635,full,KF + CV,DIoU + gate,diouexp
MVI_40172,101,4,short,9,0.36,no_before,,,0.0,2635,full,KF + CV,DIoU + gate,diouexp
MVI_40172,101,5,medium,19,0.76,no_before,,,0.0,2635,full,KF + CV,DIoU + gate,diouexp
MVI_40172,102,0,long,395,15.8,no_before,,,0.0,2635,full,KF + CV,DIoU + gate,diouexp
MVI_40172,102,1,long,1062,42.48,no_before,,,0.0,2635,full,KF + CV,DIoU + gate,diouexp
MVI_40172,102,2,short,7,0.28,no_before,,,0.0,2635,full,KF + CV,DIoU + gate,diouexp
MVI_40172,102,3,short,1,0.04,no_before,,,0.0,2635,full,KF + CV,DIoU + gate,diouexp
MVI_40172,102,4,short,2,0.08,no_before,,,0.0,2635,full,KF + CV,DIoU + gate,diouexp
MVI_40172,102,5,long,53,2.12,no_before,,,0.0,2635,full,KF + CV,DIoU + gate,diouexp
MVI_40172,102,6,short,5,0.2,no_before,,,0.0,2635,full,KF + CV,DIoU + gate,diouexp
MVI_40172,102,7,medium,19,0.76,no_before,,,0.0,2635,full,KF + CV,DIoU + gate,diouexp
MVI_40172,102,8,long,67,2.68,no_before,,,0.0,2635,full,KF + CV,DIoU + gate,diouexp
MVI_40172,102,9,long,87,3.48,no_before,,,0.0,2635,full,KF + CV,DIoU + gate,diouexp
MVI_40172,102,10,short,2,0.08,no_before,,,0.0,2635,full,KF + CV,DIoU + gate,diouexp
MVI_40172,102,11,long,95,3.8,no_before,,,0.0,2635,full,KF + CV,DIoU + gate,diouexp
MVI_40172,105,0,long,47,1.88,switched,3.0,2.0,0.0,2635,full,KF + CV,DIoU + gate,diouexp
MVI_40172,105,1,long,42,1.68,switched,2.0,30.0,0.0,2635,full,KF + CV,DIoU + gate,diouexp
MVI_40172,105,2,short,7,0.28,no_before,,,0.0,2635,full,KF + CV,DIoU + gate,diouexp
MVI_40172,105,3,medium,20,0.8,switched,30.0,747.0,0.0,2635,full,KF + CV,DIoU + gate,diouexp
MVI_40204,15,0,short,1,0.04,lost,25.0,,0.0,136,full,KF + CV,DIoU + gate,diouexp
MVI_40204,35,0,medium,21,0.84,no_before,,,0.0,131,full,KF + CV,DIoU + gate,diouexp
MVI_40204,35,1,short,9,0.36,no_before,,,0.0,131,full,KF + CV,DIoU + gate,diouexp
MVI_40204,51,0,short,3,0.12,preserved,199.0,199.0,0.0,131,full,KF + CV,DIoU + gate,diouexp
MVI_40204,51,1,short,6,0.24,lost,199.0,,0.1667,131,full,KF + CV,DIoU + gate,diouexp
MVI_40204,51,2,short,1,0.04,lost,199.0,,0.0,131,full,KF + CV,DIoU + gate,diouexp
MVI_40204,60,0,short,1,0.04,lost,256.0,,0.0,131,full,KF + CV,DIoU + gate,diouexp
MVI_40204,60,1,short,1,0.04,no_before,,,0.0,131,full,KF + CV,DIoU + gate,diouexp
MVI_40204,65,0,short,3,0.12,lost,400.0,,0.0,141,full,KF + CV,DIoU + gate,diouexp
MVI_40204,71,0,medium,16,0.64,lost,398.0,,0.0,116,full,KF + CV,DIoU + gate,diouexp
MVI_40204,71,1,short,1,0.04,lost,398.0,,0.0,116,full,KF + CV,DIoU + gate,diouexp
MVI_40204,81,0,short,9,0.36,no_before,,,0.0,141,full,KF + CV,DIoU + gate,diouexp
MVI_40204,81,1,short,3,0.12,no_before,,,0.0,141,full,KF + CV,DIoU + gate,diouexp
MVI_40204,85,0,short,12,0.48,lost,501.0,,0.0833,141,full,KF + CV,DIoU + gate,diouexp
MVI_40204,85,1,short,7,0.28,lost,501.0,,0.0,141,full,KF + CV,DIoU + gate,diouexp
MVI_40204,88,0,short,2,0.08,lost,508.0,,0.0,146,full,KF + CV,DIoU + gate,diouexp
MVI_40204,88,1,short,1,0.04,lost,508.0,,0.0,146,full,KF + CV,DIoU + gate,diouexp
MVI_40204,88,2,short,1,0.04,lost,508.0,,0.0,146,full,KF + CV,DIoU + gate,diouexp
MVI_40204,90,0,short,8,0.32,preserved,417.0,417.0,0.75,146,full,KF + CV,DIoU + gate,diouexp
MVI_40204,90,1,short,4,0.16,preserved,417.0,417.0,0.75,146,full,KF + CV,DIoU + gate,diouexp
MVI_40204,90,2,short,1,0.04,lost,417.0,,1.0,146,full,KF + CV,DIoU + gate,diouexp
MVI_40204,90,3,short,1,0.04,lost,417.0,,0.0,146,full,KF + CV,DIoU + gate,diouexp
MVI_40204,90,4,medium,18,0.72,lost,417.0,,0.0,146,full,KF + CV,DIoU + gate,diouexp
MVI_40204,98,0,long,53,2.12,lost,564.0,,0.0,156,full,KF + CV,DIoU + gate,diouexp
MVI_40204,108,0,short,1,0.04,preserved,626.0,626.0,1.0,151,full,KF + CV,DIoU + gate,diouexp
MVI_40204,116,0,short,1,0.04,no_before,,,0.0,146,full,KF + CV,DIoU + gate,diouexp
MVI_40204,116,1,short,1,0.04,no_before,,,0.0,146,full,KF + CV,DIoU + gate,diouexp
MVI_40204,128,0,short,10,0.4,lost,738.0,,0.0,131,full,KF + CV,DIoU + gate,diouexp
MVI_40204,129,0,short,1,0.04,no_before,,,0.0,156,full,KF + CV,DIoU + gate,diouexp
MVI_40204,129,1,short,2,0.08,no_before,,,0.0,156,full,KF + CV,DIoU + gate,diouexp
MVI_40204,162,0,short,1,0.04,no_before,,,0.0,151,full,KF + CV,DIoU + gate,diouexp
MVI_40204,162,1,short,1,0.04,no_before,,,0.0,151,full,KF + CV,DIoU + gate,diouexp
MVI_40204,162,2,short,2,0.08,no_before,,,0.0,151,full,KF + CV,DIoU + gate,diouexp
MVI_40204,162,3,medium,14,0.56,no_before,,,0.0,151,full,KF + CV,DIoU + gate,diouexp
MVI_40204,165,0,short,6,0.24,preserved,955.0,955.0,1.0,145,full,KF + CV,DIoU + gate,diouexp
MVI_40204,168,0,short,1,0.04,preserved,1031.0,1031.0,1.0,120,full,KF + CV,DIoU + gate,diouexp
MVI_40751,2,0,long,47,1.88,switched,1.0,26.0,0.0,1140,full,KF + CV,DIoU + gate,diouexp
MVI_40751,21,0,short,12,0.48,lost,305.0,,0.0,625,full,KF + CV,DIoU + gate,diouexp
MVI_40751,21,1,short,4,0.16,lost,305.0,,0.0,625,full,KF + CV,DIoU + gate,diouexp
MVI_40751,21,2,short,4,0.16,no_before,,,0.0,625,full,KF + CV,DIoU + gate,diouexp
MVI_40751,21,3,short,3,0.12,no_before,,,0.0,625,full,KF + CV,DIoU + gate,diouexp
MVI_40751,21,4,short,2,0.08,no_before,,,0.0,625,full,KF + CV,DIoU + gate,diouexp
MVI_40751,21,5,short,4,0.16,no_before,,,0.0,625,full,KF + CV,DIoU + gate,diouexp
MVI_40751,21,6,short,4,0.16,no_before,,,0.0,625,full,KF + CV,DIoU + gate,diouexp
MVI_63554,4,0,short,3,0.12,no_before,,,0.0,26,full,KF + CV,DIoU + gate,diouexp
MVI_63554,4,1,short,6,0.24,no_before,,,0.0,26,full,KF + CV,DIoU + gate,diouexp
MVI_63554,8,0,short,2,0.08,no_before,,,0.0,16,full,KF + CV,DIoU + gate,diouexp
MVI_63554,9,0,medium,35,1.4,lost,15.0,,0.0,61,full,KF + CV,DIoU + gate,diouexp
MVI_63554,20,0,short,1,0.04,lost,61.0,,0.0,66,full,KF + CV,DIoU + gate,diouexp
MVI_63554,25,0,medium,19,0.76,lost,74.0,,0.0,56,full,KF + CV,DIoU + gate,diouexp
MVI_63554,32,0,long,57,2.28,lost,121.0,,0.0,71,full,KF + CV,DIoU + gate,diouexp
MVI_63554,36,0,long,49,1.96,lost,145.0,,0.0,66,full,KF + CV,DIoU + gate,diouexp
MVI_63554,42,0,short,1,0.04,no_before,,,0.0,16,full,KF + CV,DIoU + gate,diouexp
MVI_63554,43,0,long,55,2.2,lost,173.0,,0.0,71,full,KF + CV,DIoU + gate,diouexp
MVI_63554,56,0,medium,30,1.2,no_before,,,0.0,51,full,KF + CV,DIoU + gate,diouexp
MVI_63554,56,1,short,9,0.36,no_before,,,0.0,51,full,KF + CV,DIoU + gate,diouexp
MVI_63554,61,0,short,1,0.04,no_before,,,0.0,66,full,KF + CV,DIoU + gate,diouexp
MVI_63554,61,1,short,6,0.24,no_before,,,0.0,66,full,KF + CV,DIoU + gate,diouexp
MVI_63554,64,0,medium,37,1.48,lost,274.0,,0.0,46,full,KF + CV,DIoU + gate,diouexp
MVI_63554,68,0,long,51,2.04,lost,291.0,,0.0,66,full,KF + CV,DIoU + gate,diouexp
MVI_63554,77,0,medium,20,0.8,lost,316.0,,0.0,61,full,KF + CV,DIoU + gate,diouexp
MVI_63554,79,0,short,9,0.36,switched,322.0,338.0,0.2222,71,full,KF + CV,DIoU + gate,diouexp
MVI_63554,82,0,long,47,1.88,lost,324.0,,0.0,56,full,KF + CV,DIoU + gate,diouexp
MVI_63554,83,0,short,5,0.2,no_before,,,0.0,21,full,KF + CV,DIoU + gate,diouexp
MVI_63554,86,0,long,43,1.72,no_before,,,0.0,56,full,KF + CV,DIoU + gate,diouexp
MVI_63554,88,0,short,3,0.12,no_before,,,0.0,16,full,KF + CV,DIoU + gate,diouexp
MVI_63554,92,0,medium,14,0.56,switched,359.0,373.0,0.0,56,full,KF + CV,DIoU + gate,diouexp
MVI_63554,92,1,short,8,0.32,switched,359.0,373.0,0.0,56,full,KF + CV,DIoU + gate,diouexp
MVI_63554,96,0,short,4,0.16,no_before,,,0.0,26,full,KF + CV,DIoU + gate,diouexp
MVI_63554,101,0,long,42,1.68,lost,394.0,,0.0,51,full,KF + CV,DIoU + gate,diouexp
MVI_63554,108,0,long,39,1.56,no_before,,,0.0,51,full,KF + CV,DIoU + gate,diouexp
MVI_63554,115,0,short,3,0.12,lost,452.0,,0.0,61,full,KF + CV,DIoU + gate,diouexp
MVI_63554,115,1,short,9,0.36,lost,452.0,,0.0,61,full,KF + CV,DIoU + gate,diouexp
MVI_63554,116,0,short,2,0.08,no_before,,,0.0,26,full,KF + CV,DIoU + gate,diouexp
MVI_63554,120,0,short,4,0.16,no_before,,,0.0,26,full,KF + CV,DIoU + gate,diouexp
MVI_63554,124,0,medium,24,0.96,lost,490.0,,0.0,61,full,KF + CV,DIoU + gate,diouexp
MVI_63554,124,1,medium,19,0.76,lost,490.0,,0.0,61,full,KF + CV,DIoU + gate,diouexp
MVI_63554,129,0,short,2,0.08,no_before,,,0.0,21,full,KF + CV,DIoU + gate,diouexp
MVI_63554,137,0,short,3,0.12,no_before,,,0.0,16,full,KF + CV,DIoU + gate,diouexp
MVI_63554,147,0,medium,28,1.12,lost,570.0,,0.0,46,full,KF + CV,DIoU + gate,diouexp
MVI_63554,151,0,short,1,0.04,no_before,,,0.0,21,full,KF + CV,DIoU + gate,diouexp
MVI_63554,153,0,short,2,0.08,no_before,,,0.0,20,full,KF + CV,DIoU + gate,diouexp
MVI_63554,155,0,medium,19,0.76,lost,593.0,,0.0,56,full,KF + CV,DIoU + gate,diouexp
MVI_63554,165,0,medium,20,0.8,lost,631.0,,0.0,56,full,KF + CV,DIoU + gate,diouexp
MVI_63554,165,1,medium,22,0.88,lost,631.0,,0.0,56,full,KF + CV,DIoU + gate,diouexp
MVI_63554,171,0,medium,33,1.32,lost,649.0,,0.0,56,full,KF + CV,DIoU + gate,diouexp
MVI_63554,174,0,short,2,0.08,no_before,,,0.0,16,full,KF + CV,DIoU + gate,diouexp
MVI_63554,177,0,medium,13,0.52,no_before,,,0.0,56,full,KF + CV,DIoU + gate,diouexp
MVI_63554,182,0,long,38,1.52,lost,700.0,,0.0,56,full,KF + CV,DIoU + gate,diouexp
MVI_40131,1,0,long,120,4.8,switched,4.0,116.0,0.2583,486,partial,EKF + CTRV,IoU (goc),iou
MVI_40131,12,0,long,81,3.24,no_before,,,0.4938,326,partial,EKF + CTRV,IoU (goc),iou
MVI_40131,16,0,long,52,2.08,switched,70.0,93.0,0.1923,256,partial,EKF + CTRV,IoU (goc),iou
MVI_40131,16,1,medium,22,0.88,preserved,93.0,93.0,1.0,256,partial,EKF + CTRV,IoU (goc),iou
MVI_40131,17,0,long,64,2.56,no_before,,,0.375,171,partial,EKF + CTRV,IoU (goc),iou
MVI_40131,19,0,medium,19,0.76,preserved,79.0,79.0,0.4211,1086,partial,EKF + CTRV,IoU (goc),iou
MVI_40131,19,1,long,114,4.56,switched,79.0,407.0,0.2456,1086,partial,EKF + CTRV,IoU (goc),iou
MVI_40131,19,2,medium,18,0.72,preserved,407.0,407.0,1.0,1086,partial,EKF + CTRV,IoU (goc),iou
MVI_40131,19,3,short,6,0.24,preserved,407.0,407.0,1.0,1086,partial,EKF + CTRV,IoU (goc),iou
MVI_40131,19,4,medium,13,0.52,preserved,495.0,495.0,1.0,1086,partial,EKF + CTRV,IoU (goc),iou
MVI_40131,19,5,long,72,2.88,preserved,407.0,407.0,1.0,1086,partial,EKF + CTRV,IoU (goc),iou
MVI_40131,19,6,medium,29,1.16,preserved,407.0,407.0,1.0,1086,partial,EKF + CTRV,IoU (goc),iou
MVI_40131,20,0,short,5,0.2,no_before,,,0.0,406,partial,EKF + CTRV,IoU (goc),iou
MVI_40131,20,1,long,62,2.48,no_before,,,0.0968,406,partial,EKF + CTRV,IoU (goc),iou
MVI_40131,20,2,short,7,0.28,preserved,111.0,111.0,1.0,406,partial,EKF + CTRV,IoU (goc),iou
MVI_40131,23,0,medium,25,1.0,no_before,,,0.24,226,partial,EKF + CTRV,IoU (goc),iou
MVI_40131,25,0,long,177,7.08,switched,153.0,196.0,0.9209,321,partial,EKF + CTRV,IoU (goc),iou
MVI_40131,26,0,long,84,3.36,switched,172.0,200.0,0.6548,231,partial,EKF + CTRV,IoU (goc),iou
MVI_40131,29,0,long,102,4.08,switched,243.0,418.0,0.9412,816,partial,EKF + CTRV,IoU (goc),iou
MVI_40131,30,0,short,9,0.36,preserved,214.0,214.0,1.0,296,partial,EKF + CTRV,IoU (goc),iou
MVI_40131,30,1,long,51,2.04,preserved,214.0,214.0,0.902,296,partial,EKF + CTRV,IoU (goc),iou
MVI_40131,31,0,medium,24,0.96,no_before,,,0.0,221,partial,EKF + CTRV,IoU (goc),iou
MVI_40131,31,1,short,8,0.32,no_before,,,0.0,221,partial,EKF + CTRV,IoU (goc),iou
MVI_40131,34,0,long,65,2.6,no_before,,,0.8769,281,partial,EKF + CTRV,IoU (goc),iou
MVI_40131,35,0,long,97,3.88,switched,263.0,435.0,0.2784,456,partial,EKF + CTRV,IoU (goc),iou
MVI_40131,35,1,medium,26,1.04,preserved,435.0,435.0,1.0,456,partial,EKF + CTRV,IoU (goc),iou
MVI_40131,36,0,medium,29,1.16,no_before,,,0.6207,226,partial,EKF + CTRV,IoU (goc),iou
MVI_40131,37,0,long,210,8.4,no_before,,,0.2381,421,partial,EKF + CTRV,IoU (goc),iou
MVI_40131,37,1,medium,33,1.32,preserved,469.0,469.0,1.0,421,partial,EKF + CTRV,IoU (goc),iou
MVI_40131,38,0,long,51,2.04,preserved,342.0,342.0,0.7843,306,partial,EKF + CTRV,IoU (goc),iou
MVI_40131,39,0,long,100,4.0,no_before,,,0.86,241,partial,EKF + CTRV,IoU (goc),iou
MVI_40131,39,1,long,55,2.2,preserved,331.0,331.0,1.0,241,partial,EKF + CTRV,IoU (goc),iou
MVI_40131,40,0,long,119,4.76,no_before,,,0.7899,366,partial,EKF + CTRV,IoU (goc),iou
MVI_40131,40,1,short,11,0.44,preserved,448.0,448.0,1.0,366,partial,EKF + CTRV,IoU (goc),iou
MVI_40131,40,3,medium,15,0.6,preserved,448.0,448.0,1.0,366,partial,EKF + CTRV,IoU (goc),iou
MVI_40131,40,4,short,8,0.32,preserved,448.0,448.0,1.0,366,partial,EKF + CTRV,IoU (goc),iou
MVI_40131,41,0,long,43,1.72,no_before,,,0.6047,281,partial,EKF + CTRV,IoU (goc),iou
MVI_40131,45,0,medium,25,1.0,no_before,,,0.2,206,partial,EKF + CTRV,IoU (goc),iou
MVI_40131,60,0,medium,22,0.88,lost,696.0,,0.7273,116,partial,EKF + CTRV,IoU (goc),iou
MVI_40131,62,0,medium,26,1.04,lost,711.0,,0.9231,95,partial,EKF + CTRV,IoU (goc),iou
MVI_40131,65,0,long,60,2.4,no_before,,,0.0,60,partial,EKF + CTRV,IoU (goc),iou
MVI_40171,1,0,medium,26,1.04,no_before,,,1.0,26,partial,EKF + CTRV,IoU (goc),iou
MVI_40171,6,0,long,41,1.64,preserved,21.0,21.0,0.9512,71,partial,EKF + CTRV,IoU (goc),iou
MVI_40171,7,0,long,56,2.24,no_before,,,0.2857,56,partial,EKF + CTRV,IoU (goc),iou
MVI_40171,8,0,short,12,0.48,no_before,,,0.0,726,partial,EKF + CTRV,IoU (goc),iou
MVI_40171,8,1,short,11,0.44,preserved,45.0,45.0,0.0,726,partial,EKF + CTRV,IoU (goc),iou
MVI_40171,8,3,medium,26,1.04,preserved,45.0,45.0,1.0,726,partial,EKF + CTRV,IoU (goc),iou
MVI_40171,8,4,medium,25,1.0,preserved,45.0,45.0,1.0,726,partial,EKF + CTRV,IoU (goc),iou
MVI_40171,8,5,medium,18,0.72,preserved,45.0,45.0,1.0,726,partial,EKF + CTRV,IoU (goc),iou
MVI_40171,8,6,short,12,0.48,preserved,45.0,45.0,1.0,726,partial,EKF + CTRV,IoU (goc),iou
MVI_40171,8,7,medium,32,1.28,switched,45.0,180.0,1.0,726,partial,EKF + CTRV,IoU (goc),iou
MVI_40171,8,8,medium,28,1.12,preserved,45.0,45.0,1.0,726,partial,EKF + CTRV,IoU (goc),iou
MVI_40171,8,9,medium,16,0.64,preserved,45.0,45.0,1.0,726,partial,EKF + CTRV,IoU (goc),iou
MVI_40171,9,1,short,10,0.4,preserved,52.0,52.0,0.9,61,partial,EKF + CTRV,IoU (goc),iou
MVI_40171,11,0,medium,27,1.08,preserved,60.0,60.0,1.0,91,partial,EKF + CTRV,IoU (goc),iou
MVI_40171,12,0,long,61,2.44,no_before,,,0.459,61,partial,EKF + CTRV,IoU (goc),iou
MVI_40171,14,0,medium,31,1.24,switched,92.0,100.0,0.7742,86,partial,EKF + CTRV,IoU (goc),iou
MVI_40171,15,0,long,66,2.64,no_before,,,0.5152,66,partial,EKF + CTRV,IoU (goc),iou
MVI_40171,16,0,long,61,2.44,no_before,,,0.8361,61,partial,EKF + CTRV,IoU (goc),iou
MVI_40171,17,0,short,11,0.44,no_before,,,0.2727,76,partial,EKF + CTRV,IoU (goc),iou
MVI_40171,18,0,long,209,8.36,switched,152.0,193.0,0.1148,786,partial,EKF + CTRV,IoU (goc),iou
MVI_40171,18,1,short,11,0.44,preserved,193.0,193.0,0.7273,786,partial,EKF + CTRV,IoU (goc),iou
MVI_40171,18,2,short,4,0.16,preserved,193.0,193.0,1.0,786,partial,EKF + CTRV,IoU (goc),iou
MVI_40171,18,3,short,4,0.16,preserved,193.0,193.0,0.5,786,partial,EKF + CTRV,IoU (goc),iou
MVI_40171,18,4,short,4,0.16,preserved,193.0,193.0,1.0,786,partial,EKF + CTRV,IoU (goc),iou
MVI_40171,19,0,long,61,2.44,no_before,,,0.8361,61,partial,EKF + CTRV,IoU (goc),iou
MVI_40171,22,0,long,69,2.76,lost,168.0,,0.7826,71,partial,EKF + CTRV,IoU (goc),iou
MVI_40171,23,0,long,62,2.48,preserved,187.0,187.0,0.8387,66,partial,EKF + CTRV,IoU (goc),iou
MVI_40171,25,0,long,66,2.64,no_before,,,0.7424,66,partial,EKF + CTRV,IoU (goc),iou
MVI_40171,26,0,long,47,1.88,no_before,,,0.8298,56,partial,EKF + CTRV,IoU (goc),iou
MVI_40171,27,0,medium,30,1.2,no_before,,,0.3667,76,partial,EKF + CTRV,IoU (goc),iou
MVI_40171,28,0,medium,21,0.84,no_before,,,0.9048,76,partial,EKF + CTRV,IoU (goc),iou
MVI_40171,29,0,long,53,2.12,no_before,,,0.7358,56,partial,EKF + CTRV,IoU (goc),iou
MVI_40171,31,0,medium,26,1.04,preserved,285.0,285.0,1.0,96,partial,EKF + CTRV,IoU (goc),iou
MVI_40171,34,0,long,66,2.64,lost,323.0,,0.8788,71,partial,EKF + CTRV,IoU (goc),iou
MVI_40171,35,0,long,62,2.48,preserved,331.0,331.0,0.871,76,partial,EKF + CTRV,IoU (goc),iou
MVI_40171,36,0,long,66,2.64,no_before,,,0.6364,66,partial,EKF + CTRV,IoU (goc),iou
MVI_40171,38,0,short,8,0.32,no_before,,,0.0,185,partial,EKF + CTRV,IoU (goc),iou
MVI_40171,39,0,long,70,2.8,lost,382.0,,0.7571,71,partial,EKF + CTRV,IoU (goc),iou
MVI_40171,40,0,medium,23,0.92,lost,404.0,,1.0,45,partial,EKF + CTRV,IoU (goc),iou
MVI_40171,41,0,long,99,3.96,switched,6.0,304.0,0.101,1150,partial,EKF + CTRV,IoU (goc),iou
MVI_40171,41,1,long,52,2.08,switched,304.0,406.0,0.0769,1150,partial,EKF + CTRV,IoU (goc),iou
MVI_40171,42,0,long,1150,46.0,no_before,,,0.0,1150,partial,EKF + CTRV,IoU (goc),iou
MVI_40171,43,0,long,1150,46.0,no_before,,,0.0,1150,partial,EKF + CTRV,IoU (goc),iou
MVI_40171,44,0,long,1150,46.0,no_before,,,0.0,1150,partial,EKF + CTRV,IoU (goc),iou
MVI_40172,16,0,long,180,7.2,no_before,,,0.0111,227,partial,EKF + CTRV,IoU (goc),iou
MVI_40172,35,0,long,39,1.56,no_before,,,0.8974,46,partial,EKF + CTRV,IoU (goc),iou
MVI_40172,36,0,medium,37,1.48,no_before,,,0.973,41,partial,EKF + CTRV,IoU (goc),iou
MVI_40172,40,0,medium,29,1.16,preserved,520.0,520.0,0.5517,71,partial,EKF + CTRV,IoU (goc),iou
MVI_40172,41,0,long,39,1.56,lost,524.0,,0.4615,41,partial,EKF + CTRV,IoU (goc),iou
MVI_40172,47,0,long,48,1.92,lost,558.0,,0.8958,51,partial,EKF + CTRV,IoU (goc),iou
MVI_40172,50,0,long,51,2.04,no_before,,,0.7451,51,partial,EKF + CTRV,IoU (goc),iou
MVI_40172,51,0,short,10,0.4,switched,572.0,575.0,0.5,81,partial,EKF + CTRV,IoU (goc),iou
MVI_40172,56,0,medium,28,1.12,lost,604.0,,1.0,61,partial,EKF + CTRV,IoU (goc),iou
MVI_40172,57,0,medium,37,1.48,preserved,610.0,610.0,1.0,51,partial,EKF + CTRV,IoU (goc),iou
MVI_40172,60,0,long,44,1.76,preserved,624.0,624.0,0.7955,66,partial,EKF + CTRV,IoU (goc),iou
MVI_40172,61,0,medium,13,0.52,preserved,625.0,625.0,1.0,36,partial,EKF + CTRV,IoU (goc),iou
MVI_40172,63,0,long,46,1.84,no_before,,,0.7391,46,partial,EKF + CTRV,IoU (goc),iou
MVI_40172,65,0,medium,29,1.16,switched,643.0,667.0,0.3448,46,partial,EKF + CTRV,IoU (goc),iou
MVI_40172,67,0,medium,31,1.24,no_before,,,0.6774,41,partial,EKF + CTRV,IoU (goc),iou
MVI_40172,79,0,long,114,4.56,no_before,,,0.0526,201,partial,EKF + CTRV,IoU (goc),iou
MVI_40172,95,0,long,40,1.6,lost,849.0,,0.85,41,partial,EKF + CTRV,IoU (goc),iou
MVI_40172,96,0,long,50,2.0,no_before,,,0.88,50,partial,EKF + CTRV,IoU (goc),iou
MVI_40172,99,0,long,50,2.0,switched,2.0,56.0,0.12,2635,partial,EKF + CTRV,IoU (goc),iou
MVI_40172,99,1,long,74,2.96,switched,56.0,244.0,0.0811,2635,partial,EKF + CTRV,IoU (goc),iou
MVI_40172,99,2,long,40,1.6,switched,244.0,814.0,0.125,2635,partial,EKF + CTRV,IoU (goc),iou
MVI_40172,100,0,long,2635,105.4,no_before,,,0.0,2635,partial,EKF + CTRV,IoU (goc),iou
MVI_40172,101,0,long,2635,105.4,no_before,,,0.0,2635,partial,EKF + CTRV,IoU (goc),iou
MVI_40172,102,0,long,2635,105.4,no_before,,,0.0,2635,partial,EKF + CTRV,IoU (goc),iou
MVI_40172,105,0,long,52,2.08,switched,3.0,65.0,0.0385,2635,partial,EKF + CTRV,IoU (goc),iou
MVI_40172,105,1,long,45,1.8,switched,65.0,231.0,0.0222,2635,partial,EKF + CTRV,IoU (goc),iou
MVI_40172,105,2,medium,21,0.84,no_before,,,0.0,2635,partial,EKF + CTRV,IoU (goc),iou
MVI_40172,105,3,long,39,1.56,switched,438.0,821.0,0.2051,2635,partial,EKF + CTRV,IoU (goc),iou
MVI_40204,6,0,long,86,3.44,no_before,,,0.2558,86,partial,EKF + CTRV,IoU (goc),iou
MVI_40204,9,0,long,66,2.64,no_before,,,0.0,66,partial,EKF + CTRV,IoU (goc),iou
MVI_40204,10,0,medium,32,1.28,lost,9.0,,0.375,76,partial,EKF + CTRV,IoU (goc),iou
MVI_40204,11,0,medium,31,1.24,switched,11.0,70.0,0.3871,66,partial,EKF + CTRV,IoU (goc),iou
MVI_40204,12,0,medium,16,0.64,no_before,,,0.375,16,partial,EKF + CTRV,IoU (goc),iou
MVI_40204,15,0,long,136,5.44,no_before,,,0.6618,136,partial,EKF + CTRV,IoU (goc),iou
MVI_40204,27,0,long,111,4.44,no_before,,,0.7928,111,partial,EKF + CTRV,IoU (goc),iou
MVI_40204,30,0,long,71,2.84,lost,131.0,,0.1831,141,partial,EKF + CTRV,IoU (goc),iou
MVI_40204,34,0,short,3,0.12,preserved,142.0,142.0,0.6667,116,partial,EKF + CTRV,IoU (goc),iou
MVI_40204,34,1,medium,25,1.0,lost,142.0,,0.24,116,partial,EKF + CTRV,IoU (goc),iou
MVI_40204,34,2,medium,25,1.0,lost,142.0,,0.0,116,partial,EKF + CTRV,IoU (goc),iou
MVI_40204,35,0,long,131,5.24,no_before,,,0.3053,131,partial,EKF + CTRV,IoU (goc),iou
MVI_40204,36,0,long,52,2.08,lost,149.0,,0.0,116,partial,EKF + CTRV,IoU (goc),iou
MVI_40204,39,0,medium,22,0.88,lost,226.0,,0.0,111,partial,EKF + CTRV,IoU (goc),iou
MVI_40204,40,0,long,39,1.56,lost,168.0,,0.0,151,partial,EKF + CTRV,IoU (goc),iou
MVI_40204,46,0,long,141,5.64,no_before,,,0.6454,141,partial,EKF + CTRV,IoU (goc),iou
MVI_40204,49,0,long,46,1.84,preserved,230.0,230.0,0.7391,151,partial,EKF + CTRV,IoU (goc),iou
MVI_40204,50,0,long,121,4.84,no_before,,,0.3884,121,partial,EKF + CTRV,IoU (goc),iou
MVI_40204,51,0,long,131,5.24,no_before,,,0.3359,131,partial,EKF + CTRV,IoU (goc),iou
MVI_40204,52,0,short,2,0.08,preserved,249.0,249.0,1.0,131,partial,EKF + CTRV,IoU (goc),iou
MVI_40204,60,0,long,131,5.24,no_before,,,0.313,131,partial,EKF + CTRV,IoU (goc),iou
MVI_40204,63,0,long,39,1.56,switched,359.0,409.0,0.5897,141,partial,EKF + CTRV,IoU (goc),iou
MVI_40204,64,0,long,130,5.2,no_before,,,0.5769,131,partial,EKF + CTRV,IoU (goc),iou
MVI_40204,65,0,long,141,5.64,no_before,,,0.1135,141,partial,EKF + CTRV,IoU (goc),iou
MVI_40204,67,0,long,58,2.32,lost,432.0,,0.0517,131,partial,EKF + CTRV,IoU (goc),iou
MVI_40204,68,0,medium,15,0.6,lost,457.0,,0.0,126,partial,EKF + CTRV,IoU (goc),iou
MVI_40204,71,0,long,116,4.64,no_before,,,0.2586,116,partial,EKF + CTRV,IoU (goc),iou
MVI_40204,72,0,medium,33,1.32,preserved,504.0,504.0,1.0,141,partial,EKF + CTRV,IoU (goc),iou
MVI_40204,73,0,long,136,5.44,no_before,,,0.3088,136,partial,EKF + CTRV,IoU (goc),iou
MVI_40204,74,0,long,116,4.64,no_before,,,0.431,116,partial,EKF + CTRV,IoU (goc),iou
MVI_40204,78,0,medium,19,0.76,lost,553.0,,0.2632,131,partial,EKF + CTRV,IoU (goc),iou
MVI_40204,81,0,long,141,5.64,no_before,,,0.2979,141,partial,EKF + CTRV,IoU (goc),iou
MVI_40204,82,0,short,8,0.32,preserved,591.0,591.0,1.0,136,partial,EKF + CTRV,IoU (goc),iou
MVI_40204,82,1,long,40,1.6,lost,591.0,,0.825,136,partial,EKF + CTRV,IoU (goc),iou
MVI_40204,85,0,long,141,5.64,no_before,,,0.5319,141,partial,EKF + CTRV,IoU (goc),iou
MVI_40204,86,0,long,114,4.56,lost,634.0,,0.3158,136,partial,EKF + CTRV,IoU (goc),iou
MVI_40204,88,0,long,146,5.84,no_before,,,0.1233,146,partial,EKF + CTRV,IoU (goc),iou
MVI_40204,90,0,long,146,5.84,no_before,,,0.6918,146,partial,EKF + CTRV,IoU (goc),iou
MVI_40204,92,0,long,41,1.64,no_before,,,0.9512,156,partial,EKF + CTRV,IoU (goc),iou
MVI_40204,93,0,long,112,4.48,lost,690.0,,0.5,131,partial,EKF + CTRV,IoU (goc),iou
MVI_40204,96,0,long,82,3.28,switched,706.0,810.0,0.7195,161,partial,EKF + CTRV,IoU (goc),iou
MVI_40204,98,0,long,156,6.24,no_before,,,0.5705,156,partial,EKF + CTRV,IoU (goc),iou
MVI_40204,99,0,short,11,0.44,no_before,,,0.8182,151,partial,EKF + CTRV,IoU (goc),iou
MVI_40204,106,0,long,51,2.04,no_before,,,0.6275,126,partial,EKF + CTRV,IoU (goc),iou
MVI_40204,106,1,long,70,2.8,lost,815.0,,0.4,126,partial,EKF + CTRV,IoU (goc),iou
MVI_40204,108,0,long,151,6.04,no_before,,,0.4238,151,partial,EKF + CTRV,IoU (goc),iou
MVI_40204,110,0,long,75,3.0,lost,820.0,,0.1733,131,partial,EKF + CTRV,IoU (goc),iou
MVI_40204,112,0,long,40,1.6,no_before,,,0.0,146,partial,EKF + CTRV,IoU (goc),iou
MVI_40204,115,0,long,71,2.84,preserved,851.0,851.0,0.8169,151,partial,EKF + CTRV,IoU (goc),iou
MVI_40204,115,1,short,4,0.16,lost,851.0,,0.0,151,partial,EKF + CTRV,IoU (goc),iou
MVI_40204,116,0,long,146,5.84,no_before,,,0.0,146,partial,EKF + CTRV,IoU (goc),iou
MVI_40204,117,0,medium,31,1.24,lost,860.0,,0.2581,141,partial,EKF + CTRV,IoU (goc),iou
MVI_40204,117,1,short,9,0.36,lost,860.0,,0.0,141,partial,EKF + CTRV,IoU (goc),iou
MVI_40204,119,0,long,66,2.64,lost,869.0,,0.1061,151,partial,EKF + CTRV,IoU (goc),iou
MVI_40204,120,0,long,62,2.48,lost,900.0,,0.6613,156,partial,EKF + CTRV,IoU (goc),iou
MVI_40204,121,0,medium,21,0.84,no_before,,,0.9048,156,partial,EKF + CTRV,IoU (goc),iou
MVI_40204,122,0,long,141,5.64,no_before,,,0.1135,141,partial,EKF + CTRV,IoU (goc),iou
MVI_40204,126,0,long,43,1.72,switched,948.0,1075.0,0.5349,166,partial,EKF + CTRV,IoU (goc),iou
MVI_40204,126,1,short,4,0.16,no_before,,,0.0,166,partial,EKF + CTRV,IoU (goc),iou
MVI_40204,127,0,short,5,0.2,no_before,,,0.4,161,partial,EKF + CTRV,IoU (goc),iou
MVI_40204,128,0,medium,18,0.72,preserved,970.0,970.0,1.0,131,partial,EKF + CTRV,IoU (goc),iou
MVI_40204,128,1,long,98,3.92,lost,970.0,,0.2959,131,partial,EKF + CTRV,IoU (goc),iou
MVI_40204,129,0,long,156,6.24,no_before,,,0.2564,156,partial,EKF + CTRV,IoU (goc),iou
MVI_40204,133,0,long,53,2.12,lost,998.0,,0.283,106,partial,EKF + CTRV,IoU (goc),iou
MVI_40204,135,0,long,75,3.0,lost,1013.0,,0.1333,141,partial,EKF + CTRV,IoU (goc),iou
MVI_40204,137,0,long,63,2.52,lost,1044.0,,0.2857,126,partial,EKF + CTRV,IoU (goc),iou
MVI_40204,138,0,short,7,0.28,lost,1213.0,,0.0,166,partial,EKF + CTRV,IoU (goc),iou
MVI_40204,142,0,long,145,5.8,no_before,,,0.8345,146,partial,EKF + CTRV,IoU (goc),iou
MVI_40204,145,0,long,146,5.84,no_before,,,0.5411,161,partial,EKF + CTRV,IoU (goc),iou
MVI_40204,148,0,long,110,4.4,lost,1146.0,,0.3,151,partial,EKF + CTRV,IoU (goc),iou
MVI_40204,149,0,long,72,2.88,lost,1161.0,,0.1667,161,partial,EKF + CTRV,IoU (goc),iou
MVI_40204,150,0,long,146,5.84,no_before,,,0.7055,146,partial,EKF + CTRV,IoU (goc),iou
MVI_40204,153,0,long,129,5.16,lost,1181.0,,0.4419,171,partial,EKF + CTRV,IoU (goc),iou
MVI_40204,154,0,medium,28,1.12,no_before,,,0.5714,166,partial,EKF + CTRV,IoU (goc),iou
MVI_40204,158,0,medium,31,1.24,no_before,,,0.0,175,partial,EKF + CTRV,IoU (goc),iou
MVI_40204,161,0,medium,22,0.88,no_before,,,0.8636,170,partial,EKF + CTRV,IoU (goc),iou
MVI_40204,161,1,long,67,2.68,lost,1238.0,,0.1642,170,partial,EKF + CTRV,IoU (goc),iou
MVI_40204,162,0,long,151,6.04,no_before,,,0.0199,151,partial,EKF + CTRV,IoU (goc),iou
MVI_40204,165,1,long,139,5.56,lost,1266.0,,0.6259,145,partial,EKF + CTRV,IoU (goc),iou
MVI_40204,168,0,long,120,4.8,no_before,,,0.725,120,partial,EKF + CTRV,IoU (goc),iou
MVI_40204,173,0,long,65,2.6,no_before,,,0.9692,65,partial,EKF + CTRV,IoU (goc),iou
MVI_40204,177,0,medium,20,0.8,no_before,,,0.6,20,partial,EKF + CTRV,IoU (goc),iou
MVI_40751,2,0,long,72,2.88,switched,1.0,28.0,0.0833,1140,partial,EKF + CTRV,IoU (goc),iou
MVI_40751,2,1,long,175,7.0,switched,28.0,373.0,0.6514,1140,partial,EKF + CTRV,IoU (goc),iou
MVI_40751,2,2,short,9,0.36,preserved,373.0,373.0,1.0,1140,partial,EKF + CTRV,IoU (goc),iou
MVI_40751,2,3,short,6,0.24,preserved,373.0,373.0,1.0,1140,partial,EKF + CTRV,IoU (goc),iou
MVI_40751,2,4,long,410,16.4,preserved,373.0,373.0,1.0,1140,partial,EKF + CTRV,IoU (goc),iou
MVI_40751,3,0,long,58,2.32,no_before,,,0.9655,81,partial,EKF + CTRV,IoU (goc),iou
MVI_40751,4,1,long,46,1.84,preserved,2.0,2.0,1.0,141,partial,EKF + CTRV,IoU (goc),iou
MVI_40751,5,0,medium,19,0.76,no_before,,,0.0,146,partial,EKF + CTRV,IoU (goc),iou
MVI_40751,7,0,medium,19,0.76,no_before,,,0.0,186,partial,EKF + CTRV,IoU (goc),iou
MVI_40751,7,1,medium,14,0.56,preserved,65.0,65.0,1.0,186,partial,EKF + CTRV,IoU (goc),iou
MVI_40751,7,3,long,97,3.88,preserved,65.0,65.0,1.0,186,partial,EKF + CTRV,IoU (goc),iou
MVI_40751,8,1,short,4,0.16,preserved,164.0,164.0,1.0,920,partial,EKF + CTRV,IoU (goc),iou
MVI_40751,8,2,short,5,0.2,preserved,164.0,164.0,1.0,920,partial,EKF + CTRV,IoU (goc),iou
MVI_40751,8,3,short,10,0.4,preserved,164.0,164.0,1.0,920,partial,EKF + CTRV,IoU (goc),iou
MVI_40751,8,4,medium,24,0.96,preserved,164.0,164.0,1.0,920,partial,EKF + CTRV,IoU (goc),iou
MVI_40751,8,5,long,591,23.64,lost,164.0,,0.7783,920,partial,EKF + CTRV,IoU (goc),iou
MVI_40751,9,0,medium,34,1.36,preserved,157.0,157.0,1.0,96,partial,EKF + CTRV,IoU (goc),iou
MVI_40751,11,0,medium,32,1.28,no_before,,,0.4062,156,partial,EKF + CTRV,IoU (goc),iou
MVI_40751,11,1,long,89,3.56,preserved,180.0,180.0,0.9663,156,partial,EKF + CTRV,IoU (goc),iou
MVI_40751,15,0,long,223,8.92,lost,186.0,,1.0,775,partial,EKF + CTRV,IoU (goc),iou
MVI_40751,21,0,short,5,0.2,no_before,,,0.0,625,partial,EKF + CTRV,IoU (goc),iou
MVI_40751,21,1,long,612,24.48,lost,329.0,,0.0294,625,partial,EKF + CTRV,IoU (goc),iou
MVI_40751,23,0,short,11,0.44,preserved,359.0,359.0,1.0,66,partial,EKF + CTRV,IoU (goc),iou
MVI_40751,23,1,short,4,0.16,preserved,359.0,359.0,1.0,66,partial,EKF + CTRV,IoU (goc),iou
MVI_40751,28,0,short,3,0.12,preserved,439.0,439.0,1.0,405,partial,EKF + CTRV,IoU (goc),iou
MVI_40751,28,1,medium,15,0.6,preserved,439.0,439.0,1.0,405,partial,EKF + CTRV,IoU (goc),iou
MVI_40751,29,0,medium,23,0.92,preserved,461.0,461.0,1.0,370,partial,EKF + CTRV,IoU (goc),iou
MVI_40751,31,0,long,41,1.64,no_before,,,0.7073,43,partial,EKF + CTRV,IoU (goc),iou
MVI_40751,32,0,long,172,6.88,switched,487.0,521.0,0.8721,266,partial,EKF + CTRV,IoU (goc),iou
MVI_40751,33,0,medium,14,0.56,preserved,501.0,501.0,1.0,270,partial,EKF + CTRV,IoU (goc),iou
MVI_40751,35,0,medium,23,0.92,lost,529.0,,1.0,156,partial,EKF + CTRV,IoU (goc),iou
MVI_40751,36,0,long,77,3.08,lost,539.0,,1.0,195,partial,EKF + CTRV,IoU (goc),iou
MVI_40751,38,0,medium,13,0.52,preserved,557.0,557.0,1.0,140,partial,EKF + CTRV,IoU (goc),iou
MVI_40751,38,1,long,49,1.96,lost,557.0,,1.0,140,partial,EKF + CTRV,IoU (goc),iou
MVI_40751,41,0,long,45,1.8,no_before,,,0.3111,45,partial,EKF + CTRV,IoU (goc),iou
MVI_63554,3,0,short,11,0.44,no_before,,,0.6364,11,partial,EKF + CTRV,IoU (goc),iou
MVI_63554,4,0,medium,26,1.04,no_before,,,0.0,26,partial,EKF + CTRV,IoU (goc),iou
MVI_63554,5,0,long,40,1.6,no_before,,,0.925,41,partial,EKF + CTRV,IoU (goc),iou
MVI_63554,8,0,medium,13,0.52,no_before,,,0.3846,16,partial,EKF + CTRV,IoU (goc),iou
MVI_63554,9,0,long,55,2.2,lost,16.0,,0.0727,61,partial,EKF + CTRV,IoU (goc),iou
MVI_63554,11,0,long,52,2.08,lost,30.0,,0.0577,61,partial,EKF + CTRV,IoU (goc),iou
MVI_63554,13,0,medium,16,0.64,no_before,,,0.25,26,partial,EKF + CTRV,IoU (goc),iou
MVI_63554,15,0,long,65,2.6,lost,46.0,,0.9692,76,partial,EKF + CTRV,IoU (goc),iou
MVI_63554,19,0,long,62,2.48,switched,66.0,74.0,0.8548,81,partial,EKF + CTRV,IoU (goc),iou
MVI_63554,20,0,long,57,2.28,lost,68.0,,0.0,66,partial,EKF + CTRV,IoU (goc),iou
MVI_63554,22,0,long,61,2.44,no_before,,,0.3443,61,partial,EKF + CTRV,IoU (goc),iou
MVI_63554,23,0,long,45,1.8,switched,82.0,87.0,0.6889,81,partial,EKF + CTRV,IoU (goc),iou
MVI_63554,24,0,short,11,0.44,no_before,,,0.1818,21,partial,EKF + CTRV,IoU (goc),iou
MVI_63554,25,0,long,51,2.04,no_before,,,0.098,56,partial,EKF + CTRV,IoU (goc),iou
MVI_63554,30,0,long,74,2.96,lost,135.0,,0.2027,81,partial,EKF + CTRV,IoU (goc),iou
MVI_63554,31,0,long,76,3.04,no_before,,,0.5263,76,partial,EKF + CTRV,IoU (goc),iou
MVI_63554,32,0,long,64,2.56,lost,140.0,,0.0938,71,partial,EKF + CTRV,IoU (goc),iou
MVI_63554,33,0,long,45,1.8,lost,149.0,,0.9556,81,partial,EKF + CTRV,IoU (goc),iou
MVI_63554,35,0,medium,16,0.64,no_before,,,0.8125,86,partial,EKF + CTRV,IoU (goc),iou
MVI_63554,36,0,long,59,2.36,lost,172.0,,0.0678,66,partial,EKF + CTRV,IoU (goc),iou
MVI_63554,41,0,medium,25,1.0,lost,196.0,,0.56,91,partial,EKF + CTRV,IoU (goc),iou
MVI_63554,42,0,short,11,0.44,no_before,,,0.1818,16,partial,EKF + CTRV,IoU (goc),iou
MVI_63554,43,0,long,62,2.48,lost,200.0,,0.0806,71,partial,EKF + CTRV,IoU (goc),iou
MVI_63554,44,0,long,64,2.56,lost,204.0,,0.7812,71,partial,EKF + CTRV,IoU (goc),iou
MVI_63554,47,0,long,59,2.36,lost,211.0,,0.1356,66,partial,EKF + CTRV,IoU (goc),iou
MVI_63554,49,0,long,54,2.16,lost,222.0,,0.8333,81,partial,EKF + CTRV,IoU (goc),iou
MVI_63554,50,0,long,63,2.52,lost,224.0,,0.254,71,partial,EKF + CTRV,IoU (goc),iou
MVI_63554,51,0,short,11,0.44,no_before,,,0.0,21,partial,EKF + CTRV,IoU (goc),iou
MVI_63554,55,0,long,62,2.48,lost,283.0,,0.7903,71,partial,EKF + CTRV,IoU (goc),iou
MVI_63554,56,0,long,48,1.92,no_before,,,0.0,51,partial,EKF + CTRV,IoU (goc),iou
MVI_63554,58,0,medium,21,0.84,preserved,294.0,294.0,0.9524,41,partial,EKF + CTRV,IoU (goc),iou
MVI_63554,60,0,medium,13,0.52,no_before,,,0.2308,21,partial,EKF + CTRV,IoU (goc),iou
MVI_63554,61,0,long,63,2.52,no_before,,,0.5079,66,partial,EKF + CTRV,IoU (goc),iou
MVI_63554,62,0,short,5,0.2,preserved,311.0,311.0,1.0,66,partial,EKF + CTRV,IoU (goc),iou
MVI_63554,62,1,medium,35,1.4,lost,311.0,,0.5429,66,partial,EKF + CTRV,IoU (goc),iou
MVI_63554,63,0,long,60,2.4,lost,316.0,,0.7,66,partial,EKF + CTRV,IoU (goc),iou
MVI_63554,64,0,long,42,1.68,no_before,,,0.0238,46,partial,EKF + CTRV,IoU (goc),iou
MVI_63554,68,0,long,57,2.28,lost,346.0,,0.0702,66,partial,EKF + CTRV,IoU (goc),iou
MVI_63554,69,0,medium,16,0.64,no_before,,,0.5625,26,partial,EKF + CTRV,IoU (goc),iou
MVI_63554,72,0,medium,20,0.8,lost,360.0,,0.35,101,partial,EKF + CTRV,IoU (goc),iou
MVI_63554,73,0,long,50,2.0,preserved,363.0,363.0,0.88,61,partial,EKF + CTRV,IoU (goc),iou
MVI_63554,76,0,medium,13,0.52,no_before,,,0.3077,21,partial,EKF + CTRV,IoU (goc),iou
MVI_63554,77,0,long,56,2.24,lost,373.0,,0.0714,61,partial,EKF + CTRV,IoU (goc),iou
MVI_63554,79,0,long,61,2.44,no_before,,,0.3934,71,partial,EKF + CTRV,IoU (goc),iou
MVI_63554,80,0,long,55,2.2,lost,381.0,,0.8364,61,partial,EKF + CTRV,IoU (goc),iou
MVI_63554,81,0,short,10,0.4,no_before,,,0.5,81,partial,EKF + CTRV,IoU (goc),iou
MVI_63554,82,0,long,53,2.12,no_before,,,0.0755,56,partial,EKF + CTRV,IoU (goc),iou
MVI_63554,83,0,medium,15,0.6,no_before,,,0.1333,21,partial,EKF + CTRV,IoU (goc),iou
MVI_63554,86,0,long,49,1.96,no_before,,,0.0,56,partial,EKF + CTRV,IoU (goc),iou
MVI_63554,87,0,medium,31,1.24,preserved,410.0,410.0,0.871,61,partial,EKF + CTRV,IoU (goc),iou
MVI_63554,88,0,medium,13,0.52,no_before,,,0.2308,16,partial,EKF + CTRV,IoU (goc),iou
MVI_63554,90,0,medium,20,0.8,lost,422.0,,0.85,86,partial,EKF + CTRV,IoU (goc),iou
MVI_63554,92,0,long,50,2.0,lost,428.0,,0.1,56,partial,EKF + CTRV,IoU (goc),iou
MVI_63554,93,0,long,39,1.56,preserved,434.0,434.0,0.7949,71,partial,EKF + CTRV,IoU (goc),iou
MVI_63554,93,3,short,9,0.36,lost,434.0,,0.0,71,partial,EKF + CTRV,IoU (goc),iou
MVI_63554,94,0,medium,26,1.04,preserved,436.0,436.0,1.0,56,partial,EKF + CTRV,IoU (goc),iou
MVI_63554,95,0,long,51,2.04,preserved,444.0,444.0,0.7059,81,partial,EKF + CTRV,IoU (goc),iou
MVI_63554,96,0,medium,15,0.6,no_before,,,0.0667,26,partial,EKF + CTRV,IoU (goc),iou
MVI_63554,98,0,long,64,2.56,lost,453.0,,0.7344,71,partial,EKF + CTRV,IoU (goc),iou
MVI_63554,99,0,medium,15,0.6,no_before,,,0.6667,26,partial,EKF + CTRV,IoU (goc),iou
MVI_63554,101,0,long,48,1.92,no_before,,,0.0417,51,partial,EKF + CTRV,IoU (goc),iou
MVI_63554,102,0,medium,14,0.56,no_before,,,0.0714,26,partial,EKF + CTRV,IoU (goc),iou
MVI_63554,103,0,medium,17,0.68,lost,493.0,,0.5294,71,partial,EKF + CTRV,IoU (goc),iou
MVI_63554,105,0,long,61,2.44,lost,497.0,,0.7541,66,partial,EKF + CTRV,IoU (goc),iou
MVI_63554,108,0,long,44,1.76,no_before,,,0.0,51,partial,EKF + CTRV,IoU (goc),iou
MVI_63554,109,0,medium,18,0.72,no_before,,,0.2778,31,partial,EKF + CTRV,IoU (goc),iou
MVI_63554,112,0,medium,31,1.24,no_before,,,0.6129,61,partial,EKF + CTRV,IoU (goc),iou
MVI_63554,115,0,long,53,2.12,lost,554.0,,0.0943,61,partial,EKF + CTRV,IoU (goc),iou
MVI_63554,116,0,medium,15,0.6,no_before,,,0.2,26,partial,EKF + CTRV,IoU (goc),iou
MVI_63554,117,0,long,53,2.12,lost,561.0,,0.4528,61,partial,EKF + CTRV,IoU (goc),iou
MVI_63554,120,0,medium,15,0.6,no_before,,,0.2,26,partial,EKF + CTRV,IoU (goc),iou
MVI_63554,123,0,long,60,2.4,no_before,,,0.4,61,partial,EKF + CTRV,IoU (goc),iou
MVI_63554,124,0,long,54,2.16,no_before,,,0.1111,61,partial,EKF + CTRV,IoU (goc),iou
MVI_63554,126,0,medium,37,1.48,lost,606.0,,0.9189,56,partial,EKF + CTRV,IoU (goc),iou
MVI_63554,129,0,medium,13,0.52,no_before,,,0.3846,21,partial,EKF + CTRV,IoU (goc),iou
MVI_63554,132,0,short,12,0.48,no_before,,,0.4167,26,partial,EKF + CTRV,IoU (goc),iou
MVI_63554,134,0,long,55,2.2,lost,657.0,,0.6909,61,partial,EKF + CTRV,IoU (goc),iou
MVI_63554,137,0,short,12,0.48,no_before,,,0.1667,16,partial,EKF + CTRV,IoU (goc),iou
MVI_63554,139,0,long,48,1.92,lost,679.0,,0.875,56,partial,EKF + CTRV,IoU (goc),iou
MVI_63554,142,0,medium,15,0.6,no_before,,,0.3333,26,partial,EKF + CTRV,IoU (goc),iou
MVI_63554,143,0,long,57,2.28,lost,688.0,,0.8772,66,partial,EKF + CTRV,IoU (goc),iou
MVI_63554,147,0,long,39,1.56,lost,703.0,,0.0769,46,partial,EKF + CTRV,IoU (goc),iou
MVI_63554,148,0,short,8,0.32,preserved,700.0,700.0,1.0,56,partial,EKF + CTRV,IoU (goc),iou
MVI_63554,151,0,short,12,0.48,no_before,,,0.5833,21,partial,EKF + CTRV,IoU (goc),iou
MVI_63554,152,0,short,10,0.4,preserved,718.0,718.0,1.0,61,partial,EKF + CTRV,IoU (goc),iou
MVI_63554,152,1,short,2,0.08,preserved,718.0,718.0,1.0,61,partial,EKF + CTRV,IoU (goc),iou
MVI_63554,152,2,short,5,0.2,lost,718.0,,0.0,61,partial,EKF + CTRV,IoU (goc),iou
MVI_63554,153,0,medium,14,0.56,no_before,,,0.3571,20,partial,EKF + CTRV,IoU (goc),iou
MVI_63554,155,0,long,49,1.96,lost,726.0,,0.0816,56,partial,EKF + CTRV,IoU (goc),iou
MVI_63554,158,0,long,54,2.16,lost,741.0,,0.8889,66,partial,EKF + CTRV,IoU (goc),iou
MVI_63554,160,0,short,12,0.48,no_before,,,0.3333,21,partial,EKF + CTRV,IoU (goc),iou
MVI_63554,162,0,long,54,2.16,lost,749.0,,0.7407,61,partial,EKF + CTRV,IoU (goc),iou
MVI_63554,163,0,long,54,2.16,no_before,,,0.9259,71,partial,EKF + CTRV,IoU (goc),iou
MVI_63554,164,0,long,66,2.64,no_before,,,1.0,66,partial,EKF + CTRV,IoU (goc),iou
MVI_63554,165,0,long,52,2.08,lost,764.0,,0.0577,56,partial,EKF + CTRV,IoU (goc),iou
MVI_63554,168,0,long,53,2.12,lost,789.0,,0.8491,61,partial,EKF + CTRV,IoU (goc),iou
MVI_63554,169,0,medium,14,0.56,no_before,,,0.7143,21,partial,EKF + CTRV,IoU (goc),iou
MVI_63554,171,0,long,50,2.0,lost,809.0,,0.1,56,partial,EKF + CTRV,IoU (goc),iou
MVI_63554,174,0,short,11,0.44,no_before,,,0.3636,16,partial,EKF + CTRV,IoU (goc),iou
MVI_63554,175,0,long,59,2.36,lost,818.0,,0.7288,66,partial,EKF + CTRV,IoU (goc),iou
MVI_63554,177,0,long,51,2.04,lost,827.0,,0.098,56,partial,EKF + CTRV,IoU (goc),iou
MVI_63554,180,0,short,9,0.36,no_before,,,0.8889,16,partial,EKF + CTRV,IoU (goc),iou
MVI_63554,182,0,long,51,2.04,lost,852.0,,0.098,56,partial,EKF + CTRV,IoU (goc),iou
MVI_63554,183,0,short,8,0.32,no_before,,,0.125,21,partial,EKF + CTRV,IoU (goc),iou
MVI_63554,185,0,long,39,1.56,no_before,,,0.8205,40,partial,EKF + CTRV,IoU (goc),iou
MVI_63554,186,0,medium,18,0.72,lost,861.0,,0.1111,25,partial,EKF + CTRV,IoU (goc),iou
MVI_63554,188,0,short,11,0.44,no_before,,,0.3636,15,partial,EKF + CTRV,IoU (goc),iou
MVI_63554,189,0,medium,14,0.56,no_before,,,0.7143,31,partial,EKF + CTRV,IoU (goc),iou
MVI_63554,190,0,medium,17,0.68,no_before,,,0.4118,31,partial,EKF + CTRV,IoU (goc),iou
MVI_40131,1,0,long,61,2.44,switched,4.0,116.0,0.0,486,full,EKF + CTRV,IoU (goc),iou
MVI_40131,19,0,long,54,2.16,switched,79.0,407.0,0.0,1086,full,EKF + CTRV,IoU (goc),iou
MVI_40131,35,0,long,50,2.0,switched,263.0,435.0,0.0,456,full,EKF + CTRV,IoU (goc),iou
MVI_40171,9,0,short,1,0.04,preserved,52.0,52.0,1.0,61,full,EKF + CTRV,IoU (goc),iou
MVI_40171,9,1,short,10,0.4,preserved,52.0,52.0,0.9,61,full,EKF + CTRV,IoU (goc),iou
MVI_40171,26,0,short,3,0.12,preserved,234.0,234.0,0.6667,56,full,EKF + CTRV,IoU (goc),iou
MVI_40171,41,0,long,66,2.64,switched,6.0,304.0,0.0,1150,full,EKF + CTRV,IoU (goc),iou
MVI_40171,41,1,long,38,1.52,switched,304.0,406.0,0.0,1150,full,EKF + CTRV,IoU (goc),iou
MVI_40171,42,0,medium,14,0.56,no_before,,,0.0,1150,full,EKF + CTRV,IoU (goc),iou
MVI_40171,42,1,short,1,0.04,no_before,,,0.0,1150,full,EKF + CTRV,IoU (goc),iou
MVI_40171,42,2,short,2,0.08,no_before,,,0.0,1150,full,EKF + CTRV,IoU (goc),iou
MVI_40171,42,3,long,772,30.88,no_before,,,0.0,1150,full,EKF + CTRV,IoU (goc),iou
MVI_40171,42,4,long,142,5.68,no_before,,,0.0,1150,full,EKF + CTRV,IoU (goc),iou
MVI_40171,43,0,long,121,4.84,no_before,,,0.0,1150,full,EKF + CTRV,IoU (goc),iou
MVI_40171,43,1,long,1012,40.48,no_before,,,0.0,1150,full,EKF + CTRV,IoU (goc),iou
MVI_40171,44,0,long,141,5.64,no_before,,,0.0,1150,full,EKF + CTRV,IoU (goc),iou
MVI_40171,44,1,long,989,39.56,no_before,,,0.0,1150,full,EKF + CTRV,IoU (goc),iou
MVI_40172,16,0,long,158,6.32,no_before,,,0.0,227,full,EKF + CTRV,IoU (goc),iou
MVI_40172,99,0,long,42,1.68,switched,2.0,56.0,0.0,2635,full,EKF + CTRV,IoU (goc),iou
MVI_40172,99,1,long,40,1.6,switched,56.0,244.0,0.0,2635,full,EKF + CTRV,IoU (goc),iou
MVI_40172,99,2,medium,15,0.6,switched,244.0,814.0,0.0,2635,full,EKF + CTRV,IoU (goc),iou
MVI_40172,100,0,long,2225,89.0,no_before,,,0.0,2635,full,EKF + CTRV,IoU (goc),iou
MVI_40172,101,0,long,1489,59.56,no_before,,,0.0,2635,full,EKF + CTRV,IoU (goc),iou
MVI_40172,101,1,long,148,5.92,no_before,,,0.0,2635,full,EKF + CTRV,IoU (goc),iou
MVI_40172,101,2,long,526,21.04,no_before,,,0.0,2635,full,EKF + CTRV,IoU (goc),iou
MVI_40172,101,3,short,2,0.08,no_before,,,0.0,2635,full,EKF + CTRV,IoU (goc),iou
MVI_40172,101,4,short,9,0.36,no_before,,,0.0,2635,full,EKF + CTRV,IoU (goc),iou
MVI_40172,101,5,medium,19,0.76,no_before,,,0.0,2635,full,EKF + CTRV,IoU (goc),iou
MVI_40172,102,0,long,395,15.8,no_before,,,0.0,2635,full,EKF + CTRV,IoU (goc),iou
MVI_40172,102,1,long,1062,42.48,no_before,,,0.0,2635,full,EKF + CTRV,IoU (goc),iou
MVI_40172,102,2,short,7,0.28,no_before,,,0.0,2635,full,EKF + CTRV,IoU (goc),iou
MVI_40172,102,3,short,1,0.04,no_before,,,0.0,2635,full,EKF + CTRV,IoU (goc),iou
MVI_40172,102,4,short,2,0.08,no_before,,,0.0,2635,full,EKF + CTRV,IoU (goc),iou
MVI_40172,102,5,long,53,2.12,no_before,,,0.0,2635,full,EKF + CTRV,IoU (goc),iou
MVI_40172,102,6,short,5,0.2,no_before,,,0.0,2635,full,EKF + CTRV,IoU (goc),iou
MVI_40172,102,7,medium,19,0.76,no_before,,,0.0,2635,full,EKF + CTRV,IoU (goc),iou
MVI_40172,102,8,long,67,2.68,no_before,,,0.0,2635,full,EKF + CTRV,IoU (goc),iou
MVI_40172,102,9,long,87,3.48,no_before,,,0.0,2635,full,EKF + CTRV,IoU (goc),iou
MVI_40172,102,10,short,2,0.08,no_before,,,0.0,2635,full,EKF + CTRV,IoU (goc),iou
MVI_40172,102,11,long,95,3.8,no_before,,,0.0,2635,full,EKF + CTRV,IoU (goc),iou
MVI_40172,105,0,long,47,1.88,switched,3.0,65.0,0.0,2635,full,EKF + CTRV,IoU (goc),iou
MVI_40172,105,1,long,42,1.68,switched,65.0,231.0,0.0,2635,full,EKF + CTRV,IoU (goc),iou
MVI_40172,105,2,short,7,0.28,no_before,,,0.0,2635,full,EKF + CTRV,IoU (goc),iou
MVI_40172,105,3,medium,20,0.8,switched,438.0,821.0,0.0,2635,full,EKF + CTRV,IoU (goc),iou
MVI_40204,15,0,short,1,0.04,lost,25.0,,0.0,136,full,EKF + CTRV,IoU (goc),iou
MVI_40204,35,0,medium,21,0.84,no_before,,,0.0,131,full,EKF + CTRV,IoU (goc),iou
MVI_40204,35,1,short,9,0.36,no_before,,,0.0,131,full,EKF + CTRV,IoU (goc),iou
MVI_40204,51,0,short,3,0.12,preserved,367.0,367.0,0.0,131,full,EKF + CTRV,IoU (goc),iou
MVI_40204,51,1,short,6,0.24,lost,367.0,,0.1667,131,full,EKF + CTRV,IoU (goc),iou
MVI_40204,51,2,short,1,0.04,lost,367.0,,0.0,131,full,EKF + CTRV,IoU (goc),iou
MVI_40204,60,0,short,1,0.04,lost,306.0,,0.0,131,full,EKF + CTRV,IoU (goc),iou
MVI_40204,60,1,short,1,0.04,no_before,,,0.0,131,full,EKF + CTRV,IoU (goc),iou
MVI_40204,65,0,short,3,0.12,no_before,,,0.0,141,full,EKF + CTRV,IoU (goc),iou
MVI_40204,71,0,medium,16,0.64,lost,579.0,,0.0,116,full,EKF + CTRV,IoU (goc),iou
MVI_40204,71,1,short,1,0.04,no_before,,,0.0,116,full,EKF + CTRV,IoU (goc),iou
MVI_40204,81,0,short,9,0.36,no_before,,,0.0,141,full,EKF + CTRV,IoU (goc),iou
MVI_40204,81,1,short,3,0.12,no_before,,,0.0,141,full,EKF + CTRV,IoU (goc),iou
MVI_40204,85,0,short,12,0.48,lost,725.0,,0.0,141,full,EKF + CTRV,IoU (goc),iou
MVI_40204,85,1,short,7,0.28,lost,725.0,,0.0,141,full,EKF + CTRV,IoU (goc),iou
MVI_40204,88,0,short,2,0.08,lost,743.0,,0.0,146,full,EKF + CTRV,IoU (goc),iou
MVI_40204,88,1,short,1,0.04,lost,743.0,,0.0,146,full,EKF + CTRV,IoU (goc),iou
MVI_40204,88,2,short,1,0.04,lost,743.0,,0.0,146,full,EKF + CTRV,IoU (goc),iou
MVI_40204,90,0,short,8,0.32,preserved,678.0,678.0,0.75,146,full,EKF + CTRV,IoU (goc),iou
MVI_40204,90,1,short,4,0.16,preserved,678.0,678.0,0.75,146,full,EKF + CTRV,IoU (goc),iou
MVI_40204,90,2,short,1,0.04,lost,678.0,,1.0,146,full,EKF + CTRV,IoU (goc),iou
MVI_40204,90,3,short,1,0.04,lost,678.0,,0.0,146,full,EKF + CTRV,IoU (goc),iou
MVI_40204,90,4,medium,18,0.72,lost,678.0,,0.0,146,full,EKF + CTRV,IoU (goc),iou
MVI_40204,98,0,long,53,2.12,lost,715.0,,0.0,156,full,EKF + CTRV,IoU (goc),iou
MVI_40204,108,0,short,1,0.04,preserved,802.0,802.0,0.0,151,full,EKF + CTRV,IoU (goc),iou
MVI_40204,116,0,short,1,0.04,no_before,,,0.0,146,full,EKF + CTRV,IoU (goc),iou
MVI_40204,116,1,short,1,0.04,no_before,,,0.0,146,full,EKF + CTRV,IoU (goc),iou
MVI_40204,128,0,short,10,0.4,lost,970.0,,0.0,131,full,EKF + CTRV,IoU (goc),iou
MVI_40204,129,0,short,1,0.04,no_before,,,0.0,156,full,EKF + CTRV,IoU (goc),iou
MVI_40204,129,1,short,2,0.08,no_before,,,0.0,156,full,EKF + CTRV,IoU (goc),iou
MVI_40204,162,0,short,1,0.04,no_before,,,0.0,151,full,EKF + CTRV,IoU (goc),iou
MVI_40204,162,1,short,1,0.04,no_before,,,0.0,151,full,EKF + CTRV,IoU (goc),iou
MVI_40204,162,2,short,2,0.08,no_before,,,0.0,151,full,EKF + CTRV,IoU (goc),iou
MVI_40204,162,3,medium,14,0.56,no_before,,,0.0,151,full,EKF + CTRV,IoU (goc),iou
MVI_40204,165,0,short,6,0.24,switched,1409.0,1468.0,0.0,145,full,EKF + CTRV,IoU (goc),iou
MVI_40204,168,0,short,1,0.04,preserved,1453.0,1453.0,1.0,120,full,EKF + CTRV,IoU (goc),iou
MVI_40751,2,0,long,47,1.88,switched,1.0,28.0,0.0,1140,full,EKF + CTRV,IoU (goc),iou
MVI_40751,21,0,short,12,0.48,lost,329.0,,0.0,625,full,EKF + CTRV,IoU (goc),iou
MVI_40751,21,1,short,4,0.16,lost,329.0,,0.0,625,full,EKF + CTRV,IoU (goc),iou
MVI_40751,21,2,short,4,0.16,no_before,,,0.0,625,full,EKF + CTRV,IoU (goc),iou
MVI_40751,21,3,short,3,0.12,no_before,,,0.0,625,full,EKF + CTRV,IoU (goc),iou
MVI_40751,21,4,short,2,0.08,no_before,,,0.0,625,full,EKF + CTRV,IoU (goc),iou
MVI_40751,21,5,short,4,0.16,no_before,,,0.0,625,full,EKF + CTRV,IoU (goc),iou
MVI_40751,21,6,short,4,0.16,no_before,,,0.0,625,full,EKF + CTRV,IoU (goc),iou
MVI_63554,4,0,short,3,0.12,no_before,,,0.0,26,full,EKF + CTRV,IoU (goc),iou
MVI_63554,4,1,short,6,0.24,no_before,,,0.0,26,full,EKF + CTRV,IoU (goc),iou
MVI_63554,8,0,short,2,0.08,no_before,,,0.0,16,full,EKF + CTRV,IoU (goc),iou
MVI_63554,9,0,medium,35,1.4,lost,16.0,,0.0,61,full,EKF + CTRV,IoU (goc),iou
MVI_63554,20,0,short,1,0.04,lost,68.0,,0.0,66,full,EKF + CTRV,IoU (goc),iou
MVI_63554,25,0,medium,19,0.76,lost,87.0,,0.0,56,full,EKF + CTRV,IoU (goc),iou
MVI_63554,32,0,long,57,2.28,lost,140.0,,0.0,71,full,EKF + CTRV,IoU (goc),iou
MVI_63554,36,0,long,49,1.96,lost,172.0,,0.0,66,full,EKF + CTRV,IoU (goc),iou
MVI_63554,42,0,short,1,0.04,no_before,,,0.0,16,full,EKF + CTRV,IoU (goc),iou
MVI_63554,43,0,long,55,2.2,lost,200.0,,0.0,71,full,EKF + CTRV,IoU (goc),iou
MVI_63554,56,0,medium,30,1.2,no_before,,,0.0,51,full,EKF + CTRV,IoU (goc),iou
MVI_63554,56,1,short,9,0.36,no_before,,,0.0,51,full,EKF + CTRV,IoU (goc),iou
MVI_63554,61,0,short,1,0.04,no_before,,,0.0,66,full,EKF + CTRV,IoU (goc),iou
MVI_63554,61,1,short,6,0.24,no_before,,,0.0,66,full,EKF + CTRV,IoU (goc),iou
MVI_63554,64,0,medium,37,1.48,lost,318.0,,0.0,46,full,EKF + CTRV,IoU (goc),iou
MVI_63554,68,0,long,51,2.04,lost,346.0,,0.0,66,full,EKF + CTRV,IoU (goc),iou
MVI_63554,77,0,medium,20,0.8,lost,373.0,,0.0,61,full,EKF + CTRV,IoU (goc),iou
MVI_63554,79,0,short,9,0.36,switched,380.0,403.0,0.2222,71,full,EKF + CTRV,IoU (goc),iou
MVI_63554,82,0,long,47,1.88,lost,384.0,,0.0,56,full,EKF + CTRV,IoU (goc),iou
MVI_63554,83,0,short,5,0.2,no_before,,,0.0,21,full,EKF + CTRV,IoU (goc),iou
MVI_63554,86,0,long,43,1.72,no_before,,,0.0,56,full,EKF + CTRV,IoU (goc),iou
MVI_63554,88,0,short,3,0.12,no_before,,,0.0,16,full,EKF + CTRV,IoU (goc),iou
MVI_63554,92,0,medium,14,0.56,switched,428.0,446.0,0.0,56,full,EKF + CTRV,IoU (goc),iou
MVI_63554,92,1,short,8,0.32,switched,428.0,446.0,0.0,56,full,EKF + CTRV,IoU (goc),iou
MVI_63554,96,0,short,4,0.16,no_before,,,0.0,26,full,EKF + CTRV,IoU (goc),iou
MVI_63554,101,0,long,42,1.68,lost,484.0,,0.0,51,full,EKF + CTRV,IoU (goc),iou
MVI_63554,108,0,long,39,1.56,no_before,,,0.0,51,full,EKF + CTRV,IoU (goc),iou
MVI_63554,115,0,short,3,0.12,lost,554.0,,0.0,61,full,EKF + CTRV,IoU (goc),iou
MVI_63554,115,1,short,9,0.36,lost,554.0,,0.0,61,full,EKF + CTRV,IoU (goc),iou
MVI_63554,116,0,short,2,0.08,no_before,,,0.0,26,full,EKF + CTRV,IoU (goc),iou
MVI_63554,120,0,short,4,0.16,no_before,,,0.0,26,full,EKF + CTRV,IoU (goc),iou
MVI_63554,124,0,medium,24,0.96,lost,604.0,,0.0,61,full,EKF + CTRV,IoU (goc),iou
MVI_63554,124,1,medium,19,0.76,lost,604.0,,0.0,61,full,EKF + CTRV,IoU (goc),iou
MVI_63554,129,0,short,2,0.08,no_before,,,0.0,21,full,EKF + CTRV,IoU (goc),iou
MVI_63554,137,0,short,3,0.12,no_before,,,0.0,16,full,EKF + CTRV,IoU (goc),iou
MVI_63554,147,0,medium,28,1.12,lost,703.0,,0.0,46,full,EKF + CTRV,IoU (goc),iou
MVI_63554,151,0,short,1,0.04,no_before,,,0.0,21,full,EKF + CTRV,IoU (goc),iou
MVI_63554,153,0,short,2,0.08,no_before,,,0.0,20,full,EKF + CTRV,IoU (goc),iou
MVI_63554,155,0,medium,19,0.76,lost,726.0,,0.0,56,full,EKF + CTRV,IoU (goc),iou
MVI_63554,165,0,medium,20,0.8,lost,764.0,,0.0,56,full,EKF + CTRV,IoU (goc),iou
MVI_63554,165,1,medium,22,0.88,lost,764.0,,0.0,56,full,EKF + CTRV,IoU (goc),iou
MVI_63554,171,0,medium,33,1.32,lost,809.0,,0.0,56,full,EKF + CTRV,IoU (goc),iou
MVI_63554,174,0,short,2,0.08,no_before,,,0.0,16,full,EKF + CTRV,IoU (goc),iou
MVI_63554,177,0,medium,13,0.52,no_before,,,0.0,56,full,EKF + CTRV,IoU (goc),iou
MVI_63554,182,0,long,38,1.52,lost,852.0,,0.0,56,full,EKF + CTRV,IoU (goc),iou
MVI_40131,1,0,long,120,4.8,switched,4.0,111.0,0.2583,486,partial,EKF + CTRV,DIoU,diou
MVI_40131,12,0,long,81,3.24,no_before,,,0.5062,326,partial,EKF + CTRV,DIoU,diou
MVI_40131,16,0,long,52,2.08,switched,68.0,89.0,0.1923,256,partial,EKF + CTRV,DIoU,diou
MVI_40131,16,1,medium,22,0.88,preserved,89.0,89.0,1.0,256,partial,EKF + CTRV,DIoU,diou
MVI_40131,17,0,long,64,2.56,no_before,,,0.375,171,partial,EKF + CTRV,DIoU,diou
MVI_40131,19,0,medium,19,0.76,preserved,75.0,75.0,0.4211,1086,partial,EKF + CTRV,DIoU,diou
MVI_40131,19,1,long,114,4.56,switched,75.0,383.0,0.2456,1086,partial,EKF + CTRV,DIoU,diou
MVI_40131,19,2,medium,18,0.72,preserved,383.0,383.0,1.0,1086,partial,EKF + CTRV,DIoU,diou
MVI_40131,19,3,short,6,0.24,preserved,383.0,383.0,1.0,1086,partial,EKF + CTRV,DIoU,diou
MVI_40131,19,4,medium,13,0.52,preserved,462.0,462.0,1.0,1086,partial,EKF + CTRV,DIoU,diou
MVI_40131,19,5,long,72,2.88,preserved,462.0,462.0,1.0,1086,partial,EKF + CTRV,DIoU,diou
MVI_40131,19,6,medium,29,1.16,preserved,462.0,462.0,1.0,1086,partial,EKF + CTRV,DIoU,diou
MVI_40131,20,0,short,5,0.2,no_before,,,0.0,406,partial,EKF + CTRV,DIoU,diou
MVI_40131,20,1,long,62,2.48,no_before,,,0.0968,406,partial,EKF + CTRV,DIoU,diou
MVI_40131,20,2,short,7,0.28,preserved,106.0,106.0,1.0,406,partial,EKF + CTRV,DIoU,diou
MVI_40131,23,0,medium,25,1.0,no_before,,,0.24,226,partial,EKF + CTRV,DIoU,diou
MVI_40131,25,0,long,177,7.08,switched,143.0,182.0,0.9209,321,partial,EKF + CTRV,DIoU,diou
MVI_40131,26,0,long,84,3.36,preserved,158.0,158.0,0.6905,231,partial,EKF + CTRV,DIoU,diou
MVI_40131,29,0,long,102,4.08,switched,226.0,394.0,0.9412,816,partial,EKF + CTRV,DIoU,diou
MVI_40131,30,0,short,9,0.36,preserved,197.0,197.0,1.0,296,partial,EKF + CTRV,DIoU,diou
MVI_40131,30,1,long,51,2.04,preserved,197.0,197.0,0.902,296,partial,EKF + CTRV,DIoU,diou
MVI_40131,31,0,medium,24,0.96,no_before,,,0.0,221,partial,EKF + CTRV,DIoU,diou
MVI_40131,31,1,short,8,0.32,no_before,,,0.0,221,partial,EKF + CTRV,DIoU,diou
MVI_40131,34,0,long,65,2.6,no_before,,,0.8769,281,partial,EKF + CTRV,DIoU,diou
MVI_40131,35,0,long,97,3.88,switched,267.0,400.0,0.2577,456,partial,EKF + CTRV,DIoU,diou
MVI_40131,35,1,medium,26,1.04,preserved,400.0,400.0,1.0,456,partial,EKF + CTRV,DIoU,diou
MVI_40131,36,0,medium,29,1.16,no_before,,,0.5517,226,partial,EKF + CTRV,DIoU,diou
MVI_40131,37,0,long,210,8.4,no_before,,,0.2286,421,partial,EKF + CTRV,DIoU,diou
MVI_40131,37,1,medium,33,1.32,preserved,449.0,449.0,1.0,421,partial,EKF + CTRV,DIoU,diou
MVI_40131,38,0,long,51,2.04,preserved,321.0,321.0,0.8039,306,partial,EKF + CTRV,DIoU,diou
MVI_40131,39,0,long,100,4.0,no_before,,,0.86,241,partial,EKF + CTRV,DIoU,diou
MVI_40131,39,1,long,55,2.2,preserved,311.0,311.0,1.0,241,partial,EKF + CTRV,DIoU,diou
MVI_40131,40,0,long,119,4.76,no_before,,,0.7899,366,partial,EKF + CTRV,DIoU,diou
MVI_40131,40,1,short,11,0.44,preserved,422.0,422.0,1.0,366,partial,EKF + CTRV,DIoU,diou
MVI_40131,40,3,medium,15,0.6,preserved,422.0,422.0,1.0,366,partial,EKF + CTRV,DIoU,diou
MVI_40131,40,4,short,8,0.32,preserved,422.0,422.0,1.0,366,partial,EKF + CTRV,DIoU,diou
MVI_40131,41,0,long,43,1.72,no_before,,,0.6047,281,partial,EKF + CTRV,DIoU,diou
MVI_40131,45,0,medium,25,1.0,no_before,,,0.16,206,partial,EKF + CTRV,DIoU,diou
MVI_40131,60,0,medium,22,0.88,lost,630.0,,0.7273,116,partial,EKF + CTRV,DIoU,diou
MVI_40131,62,0,medium,26,1.04,lost,644.0,,0.9231,95,partial,EKF + CTRV,DIoU,diou
MVI_40131,65,0,long,60,2.4,no_before,,,0.0,60,partial,EKF + CTRV,DIoU,diou
MVI_40171,1,0,medium,26,1.04,no_before,,,1.0,26,partial,EKF + CTRV,DIoU,diou
MVI_40171,6,0,long,41,1.64,preserved,20.0,20.0,0.9512,71,partial,EKF + CTRV,DIoU,diou
MVI_40171,7,0,long,56,2.24,no_before,,,0.2143,56,partial,EKF + CTRV,DIoU,diou
MVI_40171,8,0,short,12,0.48,no_before,,,0.0,726,partial,EKF + CTRV,DIoU,diou
MVI_40171,8,1,short,11,0.44,preserved,54.0,54.0,0.0,726,partial,EKF + CTRV,DIoU,diou
MVI_40171,8,3,medium,26,1.04,preserved,54.0,54.0,1.0,726,partial,EKF + CTRV,DIoU,diou
MVI_40171,8,4,medium,25,1.0,preserved,54.0,54.0,1.0,726,partial,EKF + CTRV,DIoU,diou
MVI_40171,8,5,medium,18,0.72,preserved,54.0,54.0,1.0,726,partial,EKF + CTRV,DIoU,diou
MVI_40171,8,6,short,12,0.48,preserved,54.0,54.0,1.0,726,partial,EKF + CTRV,DIoU,diou
MVI_40171,8,7,medium,32,1.28,preserved,165.0,165.0,1.0,726,partial,EKF + CTRV,DIoU,diou
MVI_40171,8,8,medium,28,1.12,preserved,165.0,165.0,1.0,726,partial,EKF + CTRV,DIoU,diou
MVI_40171,8,9,medium,16,0.64,preserved,165.0,165.0,1.0,726,partial,EKF + CTRV,DIoU,diou
MVI_40171,9,1,short,10,0.4,preserved,40.0,40.0,1.0,61,partial,EKF + CTRV,DIoU,diou
MVI_40171,11,0,medium,27,1.08,preserved,55.0,55.0,1.0,91,partial,EKF + CTRV,DIoU,diou
MVI_40171,12,0,long,61,2.44,no_before,,,0.4262,61,partial,EKF + CTRV,DIoU,diou
MVI_40171,14,0,medium,31,1.24,preserved,83.0,83.0,0.6774,86,partial,EKF + CTRV,DIoU,diou
MVI_40171,15,0,long,66,2.64,no_before,,,0.4394,66,partial,EKF + CTRV,DIoU,diou
MVI_40171,16,0,long,61,2.44,no_before,,,0.8361,61,partial,EKF + CTRV,DIoU,diou
MVI_40171,17,0,short,11,0.44,no_before,,,0.2727,76,partial,EKF + CTRV,DIoU,diou
MVI_40171,18,0,long,209,8.36,switched,132.0,228.0,0.0478,786,partial,EKF + CTRV,DIoU,diou
MVI_40171,18,1,short,11,0.44,switched,228.0,266.0,0.6364,786,partial,EKF + CTRV,DIoU,diou
MVI_40171,18,2,short,4,0.16,preserved,266.0,266.0,1.0,786,partial,EKF + CTRV,DIoU,diou
MVI_40171,18,3,short,4,0.16,preserved,266.0,266.0,0.25,786,partial,EKF + CTRV,DIoU,diou
MVI_40171,18,4,short,4,0.16,preserved,266.0,266.0,1.0,786,partial,EKF + CTRV,DIoU,diou
MVI_40171,19,0,long,61,2.44,no_before,,,0.7705,61,partial,EKF + CTRV,DIoU,diou
MVI_40171,22,0,long,69,2.76,lost,155.0,,0.7826,71,partial,EKF + CTRV,DIoU,diou
MVI_40171,23,0,long,62,2.48,switched,175.0,167.0,0.8387,66,partial,EKF + CTRV,DIoU,diou
MVI_40171,25,0,long,66,2.64,no_before,,,0.7273,66,partial,EKF + CTRV,DIoU,diou
MVI_40171,26,0,long,47,1.88,no_before,,,0.7447,56,partial,EKF + CTRV,DIoU,diou
MVI_40171,27,0,medium,30,1.2,no_before,,,0.4333,76,partial,EKF + CTRV,DIoU,diou
MVI_40171,28,0,medium,21,0.84,no_before,,,0.619,76,partial,EKF + CTRV,DIoU,diou
MVI_40171,29,0,long,53,2.12,no_before,,,0.7547,56,partial,EKF + CTRV,DIoU,diou
MVI_40171,31,0,medium,26,1.04,preserved,245.0,245.0,1.0,96,partial,EKF + CTRV,DIoU,diou
MVI_40171,34,0,long,66,2.64,lost,294.0,,0.8939,71,partial,EKF + CTRV,DIoU,diou
MVI_40171,35,0,long,62,2.48,preserved,300.0,300.0,0.9032,76,partial,EKF + CTRV,DIoU,diou
MVI_40171,36,0,long,66,2.64,no_before,,,0.6364,66,partial,EKF + CTRV,DIoU,diou
MVI_40171,38,0,short,8,0.32,no_before,,,0.0,185,partial,EKF + CTRV,DIoU,diou
MVI_40171,39,0,long,70,2.8,lost,339.0,,0.7286,71,partial,EKF + CTRV,DIoU,diou
MVI_40171,40,0,medium,23,0.92,lost,360.0,,1.0,45,partial,EKF + CTRV,DIoU,diou
MVI_40171,41,0,long,99,3.96,switched,6.0,278.0,0.101,1150,partial,EKF + CTRV,DIoU,diou
MVI_40171,41,1,long,52,2.08,switched,278.0,362.0,0.0769,1150,partial,EKF + CTRV,DIoU,diou
MVI_40171,42,0,long,1150,46.0,no_before,,,0.0,1150,partial,EKF + CTRV,DIoU,diou
MVI_40171,43,0,long,1150,46.0,no_before,,,0.0,1150,partial,EKF + CTRV,DIoU,diou
MVI_40171,44,0,long,1150,46.0,no_before,,,0.0,1150,partial,EKF + CTRV,DIoU,diou
MVI_40172,16,0,long,180,7.2,no_before,,,0.0111,227,partial,EKF + CTRV,DIoU,diou
MVI_40172,35,0,long,39,1.56,no_before,,,0.8974,46,partial,EKF + CTRV,DIoU,diou
MVI_40172,36,0,medium,37,1.48,no_before,,,0.973,41,partial,EKF + CTRV,DIoU,diou
MVI_40172,40,0,medium,29,1.16,switched,499.0,503.0,0.5517,71,partial,EKF + CTRV,DIoU,diou
MVI_40172,41,0,long,39,1.56,lost,503.0,,0.5897,41,partial,EKF + CTRV,DIoU,diou
MVI_40172,47,0,long,48,1.92,lost,524.0,,0.9792,51,partial,EKF + CTRV,DIoU,diou
MVI_40172,50,0,long,51,2.04,no_before,,,0.7451,51,partial,EKF + CTRV,DIoU,diou
MVI_40172,51,0,short,10,0.4,switched,546.0,541.0,0.2,81,partial,EKF + CTRV,DIoU,diou
MVI_40172,56,0,medium,28,1.12,lost,527.0,,1.0,61,partial,EKF + CTRV,DIoU,diou
MVI_40172,57,0,medium,37,1.48,preserved,579.0,579.0,1.0,51,partial,EKF + CTRV,DIoU,diou
MVI_40172,60,0,long,44,1.76,preserved,592.0,592.0,0.7955,66,partial,EKF + CTRV,DIoU,diou
MVI_40172,61,0,medium,13,0.52,preserved,593.0,593.0,1.0,36,partial,EKF + CTRV,DIoU,diou
MVI_40172,63,0,long,46,1.84,no_before,,,0.7391,46,partial,EKF + CTRV,DIoU,diou
MVI_40172,65,0,medium,29,1.16,switched,610.0,616.0,0.4138,46,partial,EKF + CTRV,DIoU,diou
MVI_40172,67,0,medium,31,1.24,no_before,,,0.7419,41,partial,EKF + CTRV,DIoU,diou
MVI_40172,79,0,long,114,4.56,no_before,,,0.0614,201,partial,EKF + CTRV,DIoU,diou
MVI_40172,95,0,long,40,1.6,lost,791.0,,0.85,41,partial,EKF + CTRV,DIoU,diou
MVI_40172,96,0,long,50,2.0,no_before,,,0.88,50,partial,EKF + CTRV,DIoU,diou
MVI_40172,99,0,long,50,2.0,switched,2.0,59.0,0.12,2635,partial,EKF + CTRV,DIoU,diou
MVI_40172,99,1,long,74,2.96,switched,3.0,244.0,0.0811,2635,partial,EKF + CTRV,DIoU,diou
MVI_40172,99,2,long,40,1.6,switched,700.0,761.0,0.125,2635,partial,EKF + CTRV,DIoU,diou
MVI_40172,100,0,long,2635,105.4,no_before,,,0.0,2635,partial,EKF + CTRV,DIoU,diou
MVI_40172,101,0,long,2635,105.4,no_before,,,0.0,2635,partial,EKF + CTRV,DIoU,diou
MVI_40172,102,0,long,2635,105.4,no_before,,,0.0,2635,partial,EKF + CTRV,DIoU,diou
MVI_40172,105,0,long,52,2.08,switched,3.0,1.0,0.0385,2635,partial,EKF + CTRV,DIoU,diou
MVI_40172,105,1,long,45,1.8,switched,1.0,72.0,0.0222,2635,partial,EKF + CTRV,DIoU,diou
MVI_40172,105,2,medium,21,0.84,no_before,,,0.0,2635,partial,EKF + CTRV,DIoU,diou
MVI_40172,105,3,long,39,1.56,switched,681.0,764.0,0.2308,2635,partial,EKF + CTRV,DIoU,diou
MVI_40204,6,0,long,86,3.44,no_before,,,0.2674,86,partial,EKF + CTRV,DIoU,diou
MVI_40204,9,0,long,66,2.64,no_before,,,0.0,66,partial,EKF + CTRV,DIoU,diou
MVI_40204,10,0,medium,32,1.28,lost,9.0,,0.4062,76,partial,EKF + CTRV,DIoU,diou
MVI_40204,11,0,medium,31,1.24,switched,11.0,40.0,0.5161,66,partial,EKF + CTRV,DIoU,diou
MVI_40204,12,0,medium,16,0.64,no_before,,,0.375,16,partial,EKF + CTRV,DIoU,diou
MVI_40204,15,0,long,136,5.44,no_before,,,0.6618,136,partial,EKF + CTRV,DIoU,diou
MVI_40204,27,0,long,111,4.44,no_before,,,0.7928,111,partial,EKF + CTRV,DIoU,diou
MVI_40204,30,0,long,71,2.84,lost,106.0,,0.1831,141,partial,EKF + CTRV,DIoU,diou
MVI_40204,34,0,short,3,0.12,preserved,115.0,115.0,0.6667,116,partial,EKF + CTRV,DIoU,diou
MVI_40204,34,1,medium,25,1.0,lost,115.0,,0.24,116,partial,EKF + CTRV,DIoU,diou
MVI_40204,34,2,medium,25,1.0,lost,115.0,,0.0,116,partial,EKF + CTRV,DIoU,diou
MVI_40204,35,0,long,131,5.24,no_before,,,0.3511,131,partial,EKF + CTRV,DIoU,diou
MVI_40204,36,0,long,52,2.08,lost,35.0,,0.0,116,partial,EKF + CTRV,DIoU,diou
MVI_40204,39,0,medium,22,0.88,lost,187.0,,0.0,111,partial,EKF + CTRV,DIoU,diou
MVI_40204,40,0,long,39,1.56,lost,139.0,,0.0,151,partial,EKF + CTRV,DIoU,diou
MVI_40204,46,0,long,141,5.64,no_before,,,0.6525,141,partial,EKF + CTRV,DIoU,diou
MVI_40204,49,0,long,46,1.84,preserved,189.0,189.0,0.8043,151,partial,EKF + CTRV,DIoU,diou
MVI_40204,50,0,long,121,4.84,no_before,,,0.3967,121,partial,EKF + CTRV,DIoU,diou
MVI_40204,51,0,long,131,5.24,no_before,,,0.3588,131,partial,EKF + CTRV,DIoU,diou
MVI_40204,52,0,short,2,0.08,preserved,207.0,207.0,1.0,131,partial,EKF + CTRV,DIoU,diou
MVI_40204,60,0,long,131,5.24,no_before,,,0.3206,131,partial,EKF + CTRV,DIoU,diou
MVI_40204,63,0,long,39,1.56,switched,295.0,339.0,0.5897,141,partial,EKF + CTRV,DIoU,diou
MVI_40204,64,0,long,130,5.2,no_before,,,0.6308,131,partial,EKF + CTRV,DIoU,diou
MVI_40204,65,0,long,141,5.64,no_before,,,0.2411,141,partial,EKF + CTRV,DIoU,diou
MVI_40204,67,0,long,58,2.32,lost,357.0,,0.0172,131,partial,EKF + CTRV,DIoU,diou
MVI_40204,68,0,medium,15,0.6,lost,357.0,,0.0,126,partial,EKF + CTRV,DIoU,diou
MVI_40204,71,0,long,116,4.64,no_before,,,0.2931,116,partial,EKF + CTRV,DIoU,diou
MVI_40204,72,0,medium,33,1.32,preserved,409.0,409.0,1.0,141,partial,EKF + CTRV,DIoU,diou
MVI_40204,73,0,long,136,5.44,no_before,,,0.3456,136,partial,EKF + CTRV,DIoU,diou
MVI_40204,74,0,long,116,4.64,no_before,,,0.4741,116,partial,EKF + CTRV,DIoU,diou
MVI_40204,78,0,medium,19,0.76,lost,451.0,,0.2632,131,partial,EKF + CTRV,DIoU,diou
MVI_40204,81,0,long,141,5.64,no_before,,,0.305,141,partial,EKF + CTRV,DIoU,diou
MVI_40204,82,0,short,8,0.32,preserved,478.0,478.0,1.0,136,partial,EKF + CTRV,DIoU,diou
MVI_40204,82,1,long,40,1.6,lost,478.0,,0.825,136,partial,EKF + CTRV,DIoU,diou
MVI_40204,85,0,long,141,5.64,no_before,,,0.5745,141,partial,EKF + CTRV,DIoU,diou
MVI_40204,86,0,long,114,4.56,lost,516.0,,0.3947,136,partial,EKF + CTRV,DIoU,diou
MVI_40204,88,0,long,146,5.84,no_before,,,0.1301,146,partial,EKF + CTRV,DIoU,diou
MVI_40204,90,0,long,146,5.84,no_before,,,0.6644,146,partial,EKF + CTRV,DIoU,diou
MVI_40204,92,0,long,41,1.64,no_before,,,0.9512,156,partial,EKF + CTRV,DIoU,diou
MVI_40204,93,0,long,112,4.48,lost,555.0,,0.4911,131,partial,EKF + CTRV,DIoU,diou
MVI_40204,96,0,long,82,3.28,switched,564.0,431.0,0.8293,161,partial,EKF + CTRV,DIoU,diou
MVI_40204,98,0,long,156,6.24,no_before,,,0.5705,156,partial,EKF + CTRV,DIoU,diou
MVI_40204,99,0,short,11,0.44,no_before,,,0.7273,151,partial,EKF + CTRV,DIoU,diou
MVI_40204,106,0,long,51,2.04,no_before,,,0.6471,126,partial,EKF + CTRV,DIoU,diou
MVI_40204,106,1,long,70,2.8,lost,640.0,,0.4,126,partial,EKF + CTRV,DIoU,diou
MVI_40204,108,0,long,151,6.04,no_before,,,0.457,151,partial,EKF + CTRV,DIoU,diou
MVI_40204,110,0,long,75,3.0,lost,641.0,,0.1733,131,partial,EKF + CTRV,DIoU,diou
MVI_40204,112,0,long,40,1.6,no_before,,,0.0,146,partial,EKF + CTRV,DIoU,diou
MVI_40204,115,0,long,71,2.84,preserved,676.0,676.0,0.8169,151,partial,EKF + CTRV,DIoU,diou
MVI_40204,115,1,short,4,0.16,preserved,676.0,676.0,0.0,151,partial,EKF + CTRV,DIoU,diou
MVI_40204,116,0,long,146,5.84,no_before,,,0.0,146,partial,EKF + CTRV,DIoU,diou
MVI_40204,117,0,medium,31,1.24,lost,685.0,,0.2581,141,partial,EKF + CTRV,DIoU,diou
MVI_40204,117,1,short,9,0.36,lost,685.0,,0.0,141,partial,EKF + CTRV,DIoU,diou
MVI_40204,119,0,long,66,2.64,lost,693.0,,0.1061,151,partial,EKF + CTRV,DIoU,diou
MVI_40204,120,0,long,62,2.48,switched,718.0,693.0,0.6613,156,partial,EKF + CTRV,DIoU,diou
MVI_40204,121,0,medium,21,0.84,no_before,,,0.9048,156,partial,EKF + CTRV,DIoU,diou
MVI_40204,122,0,long,141,5.64,no_before,,,0.1135,141,partial,EKF + CTRV,DIoU,diou
MVI_40204,126,0,long,43,1.72,preserved,752.0,752.0,0.6279,166,partial,EKF + CTRV,DIoU,diou
MVI_40204,126,1,short,4,0.16,lost,752.0,,0.0,166,partial,EKF + CTRV,DIoU,diou
MVI_40204,127,0,short,5,0.2,no_before,,,0.2,161,partial,EKF + CTRV,DIoU,diou
MVI_40204,128,0,medium,18,0.72,preserved,768.0,768.0,1.0,131,partial,EKF + CTRV,DIoU,diou
MVI_40204,128,1,long,98,3.92,lost,768.0,,0.2959,131,partial,EKF + CTRV,DIoU,diou
MVI_40204,129,0,long,156,6.24,no_before,,,0.2628,156,partial,EKF + CTRV,DIoU,diou
MVI_40204,133,0,long,53,2.12,lost,791.0,,0.3019,106,partial,EKF + CTRV,DIoU,diou
MVI_40204,135,0,long,75,3.0,lost,806.0,,0.1867,141,partial,EKF + CTRV,DIoU,diou
MVI_40204,137,0,long,63,2.52,lost,825.0,,0.3333,126,partial,EKF + CTRV,DIoU,diou
MVI_40204,138,0,short,7,0.28,lost,964.0,,0.0,166,partial,EKF + CTRV,DIoU,diou
MVI_40204,142,0,long,145,5.8,no_before,,,0.8345,146,partial,EKF + CTRV,DIoU,diou
MVI_40204,145,0,long,146,5.84,no_before,,,0.5822,161,partial,EKF + CTRV,DIoU,diou
MVI_40204,148,0,long,110,4.4,lost,913.0,,0.3091,151,partial,EKF + CTRV,DIoU,diou
MVI_40204,149,0,long,72,2.88,lost,925.0,,0.1667,161,partial,EKF + CTRV,DIoU,diou
MVI_40204,150,0,long,146,5.84,no_before,,,0.7192,146,partial,EKF + CTRV,DIoU,diou
MVI_40204,153,0,long,129,5.16,lost,936.0,,0.4651,171,partial,EKF + CTRV,DIoU,diou
MVI_40204,154,0,medium,28,1.12,no_before,,,0.6786,166,partial,EKF + CTRV,DIoU,diou
MVI_40204,158,0,medium,31,1.24,no_before,,,0.0,175,partial,EKF + CTRV,DIoU,diou
MVI_40204,161,0,medium,22,0.88,no_before,,,0.8636,170,partial,EKF + CTRV,DIoU,diou
MVI_40204,161,1,long,67,2.68,preserved,985.0,985.0,0.2388,170,partial,EKF + CTRV,DIoU,diou
MVI_40204,162,0,long,151,6.04,no_before,,,0.0331,151,partial,EKF + CTRV,DIoU,diou
MVI_40204,165,1,long,139,5.56,lost,1010.0,,0.5971,145,partial,EKF + CTRV,DIoU,diou
MVI_40204,168,0,long,120,4.8,no_before,,,0.7583,120,partial,EKF + CTRV,DIoU,diou
MVI_40204,173,0,long,65,2.6,no_before,,,0.9692,65,partial,EKF + CTRV,DIoU,diou
MVI_40204,177,0,medium,20,0.8,no_before,,,0.6,20,partial,EKF + CTRV,DIoU,diou
MVI_40751,2,0,long,72,2.88,switched,1.0,30.0,0.0833,1140,partial,EKF + CTRV,DIoU,diou
MVI_40751,2,1,long,175,7.0,switched,30.0,360.0,0.6171,1140,partial,EKF + CTRV,DIoU,diou
MVI_40751,2,2,short,9,0.36,preserved,360.0,360.0,1.0,1140,partial,EKF + CTRV,DIoU,diou
MVI_40751,2,3,short,6,0.24,preserved,360.0,360.0,1.0,1140,partial,EKF + CTRV,DIoU,diou
MVI_40751,2,4,long,410,16.4,preserved,360.0,360.0,1.0,1140,partial,EKF + CTRV,DIoU,diou
MVI_40751,3,0,long,58,2.32,no_before,,,0.9655,81,partial,EKF + CTRV,DIoU,diou
MVI_40751,4,1,long,46,1.84,preserved,2.0,2.0,1.0,141,partial,EKF + CTRV,DIoU,diou
MVI_40751,5,0,medium,19,0.76,no_before,,,0.0,146,partial,EKF + CTRV,DIoU,diou
MVI_40751,7,0,medium,19,0.76,no_before,,,0.0,186,partial,EKF + CTRV,DIoU,diou
MVI_40751,7,1,medium,14,0.56,preserved,65.0,65.0,1.0,186,partial,EKF + CTRV,DIoU,diou
MVI_40751,7,3,long,97,3.88,preserved,65.0,65.0,1.0,186,partial,EKF + CTRV,DIoU,diou
MVI_40751,8,1,short,4,0.16,preserved,112.0,112.0,1.0,920,partial,EKF + CTRV,DIoU,diou
MVI_40751,8,2,short,5,0.2,preserved,112.0,112.0,1.0,920,partial,EKF + CTRV,DIoU,diou
MVI_40751,8,3,short,10,0.4,preserved,112.0,112.0,1.0,920,partial,EKF + CTRV,DIoU,diou
MVI_40751,8,4,medium,24,0.96,preserved,112.0,112.0,1.0,920,partial,EKF + CTRV,DIoU,diou
MVI_40751,8,5,long,591,23.64,lost,112.0,,0.7766,920,partial,EKF + CTRV,DIoU,diou
MVI_40751,9,0,medium,34,1.36,preserved,149.0,149.0,1.0,96,partial,EKF + CTRV,DIoU,diou
MVI_40751,11,0,medium,32,1.28,no_before,,,0.4062,156,partial,EKF + CTRV,DIoU,diou
MVI_40751,11,1,long,89,3.56,preserved,172.0,172.0,0.9775,156,partial,EKF + CTRV,DIoU,diou
MVI_40751,15,0,long,223,8.92,lost,179.0,,1.0,775,partial,EKF + CTRV,DIoU,diou
MVI_40751,21,0,short,5,0.2,no_before,,,0.0,625,partial,EKF + CTRV,DIoU,diou
MVI_40751,21,1,long,612,24.48,lost,315.0,,0.0294,625,partial,EKF + CTRV,DIoU,diou
MVI_40751,23,0,short,11,0.44,preserved,346.0,346.0,1.0,66,partial,EKF + CTRV,DIoU,diou
MVI_40751,23,1,short,4,0.16,preserved,346.0,346.0,1.0,66,partial,EKF + CTRV,DIoU,diou
MVI_40751,28,0,short,3,0.12,preserved,431.0,431.0,1.0,405,partial,EKF + CTRV,DIoU,diou
MVI_40751,28,1,medium,15,0.6,preserved,431.0,431.0,1.0,405,partial,EKF + CTRV,DIoU,diou
MVI_40751,29,0,medium,23,0.92,preserved,443.0,443.0,1.0,370,partial,EKF + CTRV,DIoU,diou
MVI_40751,31,0,long,41,1.64,no_before,,,0.7073,43,partial,EKF + CTRV,DIoU,diou
MVI_40751,32,0,long,172,6.88,switched,467.0,498.0,0.8721,266,partial,EKF + CTRV,DIoU,diou
MVI_40751,33,0,medium,14,0.56,preserved,467.0,467.0,1.0,270,partial,EKF + CTRV,DIoU,diou
MVI_40751,35,0,medium,23,0.92,lost,508.0,,1.0,156,partial,EKF + CTRV,DIoU,diou
MVI_40751,36,0,long,77,3.08,lost,519.0,,1.0,195,partial,EKF + CTRV,DIoU,diou
MVI_40751,38,0,medium,13,0.52,preserved,537.0,537.0,1.0,140,partial,EKF + CTRV,DIoU,diou
MVI_40751,38,1,long,49,1.96,lost,537.0,,1.0,140,partial,EKF + CTRV,DIoU,diou
MVI_40751,41,0,long,45,1.8,no_before,,,0.3111,45,partial,EKF + CTRV,DIoU,diou
MVI_63554,3,0,short,11,0.44,no_before,,,0.6364,11,partial,EKF + CTRV,DIoU,diou
MVI_63554,4,0,medium,26,1.04,no_before,,,0.0,26,partial,EKF + CTRV,DIoU,diou
MVI_63554,5,0,long,40,1.6,no_before,,,0.95,41,partial,EKF + CTRV,DIoU,diou
MVI_63554,8,0,medium,13,0.52,no_before,,,0.3846,16,partial,EKF + CTRV,DIoU,diou
MVI_63554,9,0,long,55,2.2,lost,14.0,,0.0727,61,partial,EKF + CTRV,DIoU,diou
MVI_63554,11,0,long,52,2.08,lost,27.0,,0.0577,61,partial,EKF + CTRV,DIoU,diou
MVI_63554,13,0,medium,16,0.64,no_before,,,0.25,26,partial,EKF + CTRV,DIoU,diou
MVI_63554,15,0,long,65,2.6,lost,11.0,,0.9692,76,partial,EKF + CTRV,DIoU,diou
MVI_63554,19,0,long,62,2.48,no_before,,,0.8871,81,partial,EKF + CTRV,DIoU,diou
MVI_63554,20,0,long,57,2.28,lost,64.0,,0.0,66,partial,EKF + CTRV,DIoU,diou
MVI_63554,22,0,long,61,2.44,no_before,,,0.3443,61,partial,EKF + CTRV,DIoU,diou
MVI_63554,23,0,long,45,1.8,preserved,78.0,78.0,0.6889,81,partial,EKF + CTRV,DIoU,diou
MVI_63554,24,0,short,11,0.44,no_before,,,0.1818,21,partial,EKF + CTRV,DIoU,diou
MVI_63554,25,0,long,51,2.04,lost,78.0,,0.1176,56,partial,EKF + CTRV,DIoU,diou
MVI_63554,30,0,long,74,2.96,lost,123.0,,0.1486,81,partial,EKF + CTRV,DIoU,diou
MVI_63554,31,0,long,76,3.04,no_before,,,0.5395,76,partial,EKF + CTRV,DIoU,diou
MVI_63554,32,0,long,64,2.56,lost,128.0,,0.0938,71,partial,EKF + CTRV,DIoU,diou
MVI_63554,33,0,long,45,1.8,lost,124.0,,0.9556,81,partial,EKF + CTRV,DIoU,diou
MVI_63554,35,0,medium,16,0.64,no_before,,,0.8125,86,partial,EKF + CTRV,DIoU,diou
MVI_63554,36,0,long,59,2.36,lost,158.0,,0.0678,66,partial,EKF + CTRV,DIoU,diou
MVI_63554,41,0,medium,25,1.0,lost,147.0,,0.64,91,partial,EKF + CTRV,DIoU,diou
MVI_63554,42,0,short,11,0.44,no_before,,,0.1818,16,partial,EKF + CTRV,DIoU,diou
MVI_63554,43,0,long,62,2.48,lost,162.0,,0.0484,71,partial,EKF + CTRV,DIoU,diou
MVI_63554,44,0,long,64,2.56,lost,162.0,,0.7344,71,partial,EKF + CTRV,DIoU,diou
MVI_63554,47,0,long,59,2.36,lost,197.0,,0.1525,66,partial,EKF + CTRV,DIoU,diou
MVI_63554,49,0,long,54,2.16,lost,208.0,,0.8889,81,partial,EKF + CTRV,DIoU,diou
MVI_63554,50,0,long,63,2.52,lost,210.0,,0.2857,71,partial,EKF + CTRV,DIoU,diou
MVI_63554,51,0,short,11,0.44,no_before,,,0.0,21,partial,EKF + CTRV,DIoU,diou
MVI_63554,55,0,long,62,2.48,lost,203.0,,0.8065,71,partial,EKF + CTRV,DIoU,diou
MVI_63554,56,0,long,48,1.92,no_before,,,0.0,51,partial,EKF + CTRV,DIoU,diou
MVI_63554,58,0,medium,21,0.84,preserved,255.0,255.0,0.9524,41,partial,EKF + CTRV,DIoU,diou
MVI_63554,60,0,medium,13,0.52,no_before,,,0.2308,21,partial,EKF + CTRV,DIoU,diou
MVI_63554,61,0,long,63,2.52,no_before,,,0.5079,66,partial,EKF + CTRV,DIoU,diou
MVI_63554,62,0,short,5,0.2,preserved,272.0,272.0,1.0,66,partial,EKF + CTRV,DIoU,diou
MVI_63554,62,1,medium,35,1.4,lost,272.0,,0.5143,66,partial,EKF + CTRV,DIoU,diou
MVI_63554,63,0,long,60,2.4,lost,277.0,,0.7167,66,partial,EKF + CTRV,DIoU,diou
MVI_63554,64,0,long,42,1.68,no_before,,,0.0476,46,partial,EKF + CTRV,DIoU,diou
MVI_63554,68,0,long,57,2.28,lost,295.0,,0.0702,66,partial,EKF + CTRV,DIoU,diou
MVI_63554,69,0,medium,16,0.64,no_before,,,0.5625,26,partial,EKF + CTRV,DIoU,diou
MVI_63554,72,0,medium,20,0.8,lost,311.0,,0.35,101,partial,EKF + CTRV,DIoU,diou
MVI_63554,73,0,long,50,2.0,preserved,314.0,314.0,0.88,61,partial,EKF + CTRV,DIoU,diou
MVI_63554,76,0,medium,13,0.52,no_before,,,0.3077,21,partial,EKF + CTRV,DIoU,diou
MVI_63554,77,0,long,56,2.24,lost,324.0,,0.0714,61,partial,EKF + CTRV,DIoU,diou
MVI_63554,79,0,long,61,2.44,no_before,,,0.4262,71,partial,EKF + CTRV,DIoU,diou
MVI_63554,80,0,long,55,2.2,lost,272.0,,0.8545,61,partial,EKF + CTRV,DIoU,diou
MVI_63554,81,0,short,10,0.4,no_before,,,0.5,81,partial,EKF + CTRV,DIoU,diou
MVI_63554,82,0,long,53,2.12,no_before,,,0.0755,56,partial,EKF + CTRV,DIoU,diou
MVI_63554,83,0,medium,15,0.6,no_before,,,0.1333,21,partial,EKF + CTRV,DIoU,diou
MVI_63554,86,0,long,49,1.96,lost,341.0,,0.0408,56,partial,EKF + CTRV,DIoU,diou
MVI_63554,87,0,medium,31,1.24,preserved,330.0,330.0,0.9677,61,partial,EKF + CTRV,DIoU,diou
MVI_63554,88,0,medium,13,0.52,no_before,,,0.2308,16,partial,EKF + CTRV,DIoU,diou
MVI_63554,90,0,medium,20,0.8,lost,362.0,,0.9,86,partial,EKF + CTRV,DIoU,diou
MVI_63554,92,0,long,50,2.0,lost,368.0,,0.1,56,partial,EKF + CTRV,DIoU,diou
MVI_63554,93,0,long,39,1.56,preserved,373.0,373.0,0.8205,71,partial,EKF + CTRV,DIoU,diou
MVI_63554,93,3,short,9,0.36,lost,373.0,,0.0,71,partial,EKF + CTRV,DIoU,diou
MVI_63554,94,0,medium,26,1.04,preserved,375.0,375.0,1.0,56,partial,EKF + CTRV,DIoU,diou
MVI_63554,95,0,long,51,2.04,switched,382.0,393.0,0.8627,81,partial,EKF + CTRV,DIoU,diou
MVI_63554,96,0,medium,15,0.6,no_before,,,0.0667,26,partial,EKF + CTRV,DIoU,diou
MVI_63554,98,0,long,64,2.56,lost,382.0,,0.8125,71,partial,EKF + CTRV,DIoU,diou
MVI_63554,99,0,medium,15,0.6,no_before,,,0.6667,26,partial,EKF + CTRV,DIoU,diou
MVI_63554,101,0,long,48,1.92,no_before,,,0.0417,51,partial,EKF + CTRV,DIoU,diou
MVI_63554,102,0,medium,14,0.56,no_before,,,0.0714,26,partial,EKF + CTRV,DIoU,diou
MVI_63554,103,0,medium,17,0.68,lost,385.0,,0.5882,71,partial,EKF + CTRV,DIoU,diou
MVI_63554,105,0,long,61,2.44,lost,395.0,,0.7541,66,partial,EKF + CTRV,DIoU,diou
MVI_63554,108,0,long,44,1.76,no_before,,,0.0,51,partial,EKF + CTRV,DIoU,diou
MVI_63554,109,0,medium,18,0.72,no_before,,,0.2778,31,partial,EKF + CTRV,DIoU,diou
MVI_63554,112,0,medium,31,1.24,no_before,,,0.6129,61,partial,EKF + CTRV,DIoU,diou
MVI_63554,115,0,long,53,2.12,lost,461.0,,0.0943,61,partial,EKF + CTRV,DIoU,diou
MVI_63554,116,0,medium,15,0.6,no_before,,,0.2,26,partial,EKF + CTRV,DIoU,diou
MVI_63554,117,0,long,53,2.12,lost,468.0,,0.5283,61,partial,EKF + CTRV,DIoU,diou
MVI_63554,120,0,medium,15,0.6,no_before,,,0.2,26,partial,EKF + CTRV,DIoU,diou
MVI_63554,123,0,long,60,2.4,no_before,,,0.5,61,partial,EKF + CTRV,DIoU,diou
MVI_63554,124,0,long,54,2.16,no_before,,,0.1111,61,partial,EKF + CTRV,DIoU,diou
MVI_63554,126,0,medium,37,1.48,lost,509.0,,0.9189,56,partial,EKF + CTRV,DIoU,diou
MVI_63554,129,0,medium,13,0.52,no_before,,,0.3846,21,partial,EKF + CTRV,DIoU,diou
MVI_63554,132,0,short,12,0.48,no_before,,,0.5,26,partial,EKF + CTRV,DIoU,diou
MVI_63554,134,0,long,55,2.2,lost,547.0,,0.6909,61,partial,EKF + CTRV,DIoU,diou
MVI_63554,137,0,short,12,0.48,no_before,,,0.1667,16,partial,EKF + CTRV,DIoU,diou
MVI_63554,139,0,long,48,1.92,lost,568.0,,0.875,56,partial,EKF + CTRV,DIoU,diou
MVI_63554,142,0,medium,15,0.6,no_before,,,0.3333,26,partial,EKF + CTRV,DIoU,diou
MVI_63554,143,0,long,57,2.28,lost,576.0,,0.8772,66,partial,EKF + CTRV,DIoU,diou
MVI_63554,147,0,long,39,1.56,lost,590.0,,0.0769,46,partial,EKF + CTRV,DIoU,diou
MVI_63554,148,0,short,8,0.32,preserved,588.0,588.0,1.0,56,partial,EKF + CTRV,DIoU,diou
MVI_63554,151,0,short,12,0.48,no_before,,,0.5833,21,partial,EKF + CTRV,DIoU,diou
MVI_63554,152,0,short,10,0.4,preserved,603.0,603.0,1.0,61,partial,EKF + CTRV,DIoU,diou
MVI_63554,152,1,short,2,0.08,preserved,603.0,603.0,1.0,61,partial,EKF + CTRV,DIoU,diou
MVI_63554,152,2,short,5,0.2,lost,603.0,,0.0,61,partial,EKF + CTRV,DIoU,diou
MVI_63554,153,0,medium,14,0.56,no_before,,,0.3571,20,partial,EKF + CTRV,DIoU,diou
MVI_63554,155,0,long,49,1.96,lost,611.0,,0.0816,56,partial,EKF + CTRV,DIoU,diou
MVI_63554,158,0,long,54,2.16,lost,625.0,,0.8889,66,partial,EKF + CTRV,DIoU,diou
MVI_63554,160,0,short,12,0.48,no_before,,,0.3333,21,partial,EKF + CTRV,DIoU,diou
MVI_63554,162,0,long,54,2.16,lost,633.0,,0.7407,61,partial,EKF + CTRV,DIoU,diou
MVI_63554,163,0,long,54,2.16,no_before,,,0.9074,71,partial,EKF + CTRV,DIoU,diou
MVI_63554,164,0,long,66,2.64,no_before,,,1.0,66,partial,EKF + CTRV,DIoU,diou
MVI_63554,165,0,long,52,2.08,lost,648.0,,0.0577,56,partial,EKF + CTRV,DIoU,diou
MVI_63554,168,0,long,53,2.12,lost,673.0,,0.8491,61,partial,EKF + CTRV,DIoU,diou
MVI_63554,169,0,medium,14,0.56,no_before,,,0.7857,21,partial,EKF + CTRV,DIoU,diou
MVI_63554,171,0,long,50,2.0,lost,671.0,,0.06,56,partial,EKF + CTRV,DIoU,diou
MVI_63554,174,0,short,11,0.44,no_before,,,0.1818,16,partial,EKF + CTRV,DIoU,diou
MVI_63554,175,0,long,59,2.36,lost,697.0,,0.7797,66,partial,EKF + CTRV,DIoU,diou
MVI_63554,177,0,long,51,2.04,lost,704.0,,0.098,56,partial,EKF + CTRV,DIoU,diou
MVI_63554,180,0,short,9,0.36,no_before,,,0.8889,16,partial,EKF + CTRV,DIoU,diou
MVI_63554,182,0,long,51,2.04,lost,723.0,,0.098,56,partial,EKF + CTRV,DIoU,diou
MVI_63554,183,0,short,8,0.32,no_before,,,0.25,21,partial,EKF + CTRV,DIoU,diou
MVI_63554,185,0,long,39,1.56,no_before,,,0.8205,40,partial,EKF + CTRV,DIoU,diou
MVI_63554,186,0,medium,18,0.72,lost,730.0,,0.1667,25,partial,EKF + CTRV,DIoU,diou
MVI_63554,188,0,short,11,0.44,no_before,,,0.3636,15,partial,EKF + CTRV,DIoU,diou
MVI_63554,189,0,medium,14,0.56,no_before,,,0.7143,31,partial,EKF + CTRV,DIoU,diou
MVI_63554,190,0,medium,17,0.68,no_before,,,0.4118,31,partial,EKF + CTRV,DIoU,diou
MVI_40131,1,0,long,61,2.44,switched,4.0,111.0,0.0,486,full,EKF + CTRV,DIoU,diou
MVI_40131,19,0,long,54,2.16,switched,75.0,383.0,0.0,1086,full,EKF + CTRV,DIoU,diou
MVI_40131,35,0,long,50,2.0,switched,267.0,400.0,0.0,456,full,EKF + CTRV,DIoU,diou
MVI_40171,9,0,short,1,0.04,preserved,40.0,40.0,1.0,61,full,EKF + CTRV,DIoU,diou
MVI_40171,9,1,short,10,0.4,preserved,40.0,40.0,1.0,61,full,EKF + CTRV,DIoU,diou
MVI_40171,26,0,short,3,0.12,preserved,223.0,223.0,0.6667,56,full,EKF + CTRV,DIoU,diou
MVI_40171,41,0,long,66,2.64,switched,6.0,278.0,0.0,1150,full,EKF + CTRV,DIoU,diou
MVI_40171,41,1,long,38,1.52,switched,278.0,362.0,0.0,1150,full,EKF + CTRV,DIoU,diou
MVI_40171,42,0,medium,14,0.56,no_before,,,0.0,1150,full,EKF + CTRV,DIoU,diou
MVI_40171,42,1,short,1,0.04,no_before,,,0.0,1150,full,EKF + CTRV,DIoU,diou
MVI_40171,42,2,short,2,0.08,no_before,,,0.0,1150,full,EKF + CTRV,DIoU,diou
MVI_40171,42,3,long,772,30.88,no_before,,,0.0,1150,full,EKF + CTRV,DIoU,diou
MVI_40171,42,4,long,142,5.68,no_before,,,0.0,1150,full,EKF + CTRV,DIoU,diou
MVI_40171,43,0,long,121,4.84,no_before,,,0.0,1150,full,EKF + CTRV,DIoU,diou
MVI_40171,43,1,long,1012,40.48,no_before,,,0.0,1150,full,EKF + CTRV,DIoU,diou
MVI_40171,44,0,long,141,5.64,no_before,,,0.0,1150,full,EKF + CTRV,DIoU,diou
MVI_40171,44,1,long,989,39.56,no_before,,,0.0,1150,full,EKF + CTRV,DIoU,diou
MVI_40172,16,0,long,158,6.32,no_before,,,0.0,227,full,EKF + CTRV,DIoU,diou
MVI_40172,99,0,long,42,1.68,switched,2.0,59.0,0.0,2635,full,EKF + CTRV,DIoU,diou
MVI_40172,99,1,long,40,1.6,switched,3.0,244.0,0.0,2635,full,EKF + CTRV,DIoU,diou
MVI_40172,99,2,medium,15,0.6,switched,700.0,761.0,0.0,2635,full,EKF + CTRV,DIoU,diou
MVI_40172,100,0,long,2225,89.0,no_before,,,0.0,2635,full,EKF + CTRV,DIoU,diou
MVI_40172,101,0,long,1489,59.56,no_before,,,0.0,2635,full,EKF + CTRV,DIoU,diou
MVI_40172,101,1,long,148,5.92,no_before,,,0.0,2635,full,EKF + CTRV,DIoU,diou
MVI_40172,101,2,long,526,21.04,no_before,,,0.0,2635,full,EKF + CTRV,DIoU,diou
MVI_40172,101,3,short,2,0.08,no_before,,,0.0,2635,full,EKF + CTRV,DIoU,diou
MVI_40172,101,4,short,9,0.36,no_before,,,0.0,2635,full,EKF + CTRV,DIoU,diou
MVI_40172,101,5,medium,19,0.76,no_before,,,0.0,2635,full,EKF + CTRV,DIoU,diou
MVI_40172,102,0,long,395,15.8,no_before,,,0.0,2635,full,EKF + CTRV,DIoU,diou
MVI_40172,102,1,long,1062,42.48,no_before,,,0.0,2635,full,EKF + CTRV,DIoU,diou
MVI_40172,102,2,short,7,0.28,no_before,,,0.0,2635,full,EKF + CTRV,DIoU,diou
MVI_40172,102,3,short,1,0.04,no_before,,,0.0,2635,full,EKF + CTRV,DIoU,diou
MVI_40172,102,4,short,2,0.08,no_before,,,0.0,2635,full,EKF + CTRV,DIoU,diou
MVI_40172,102,5,long,53,2.12,no_before,,,0.0,2635,full,EKF + CTRV,DIoU,diou
MVI_40172,102,6,short,5,0.2,no_before,,,0.0,2635,full,EKF + CTRV,DIoU,diou
MVI_40172,102,7,medium,19,0.76,no_before,,,0.0,2635,full,EKF + CTRV,DIoU,diou
MVI_40172,102,8,long,67,2.68,no_before,,,0.0,2635,full,EKF + CTRV,DIoU,diou
MVI_40172,102,9,long,87,3.48,no_before,,,0.0,2635,full,EKF + CTRV,DIoU,diou
MVI_40172,102,10,short,2,0.08,no_before,,,0.0,2635,full,EKF + CTRV,DIoU,diou
MVI_40172,102,11,long,95,3.8,no_before,,,0.0,2635,full,EKF + CTRV,DIoU,diou
MVI_40172,105,0,long,47,1.88,switched,3.0,1.0,0.0,2635,full,EKF + CTRV,DIoU,diou
MVI_40172,105,1,long,42,1.68,switched,1.0,72.0,0.0,2635,full,EKF + CTRV,DIoU,diou
MVI_40172,105,2,short,7,0.28,no_before,,,0.0,2635,full,EKF + CTRV,DIoU,diou
MVI_40172,105,3,medium,20,0.8,switched,681.0,764.0,0.0,2635,full,EKF + CTRV,DIoU,diou
MVI_40204,15,0,short,1,0.04,lost,25.0,,0.0,136,full,EKF + CTRV,DIoU,diou
MVI_40204,35,0,medium,21,0.84,no_before,,,0.0,131,full,EKF + CTRV,DIoU,diou
MVI_40204,35,1,short,9,0.36,no_before,,,0.0,131,full,EKF + CTRV,DIoU,diou
MVI_40204,51,0,short,3,0.12,preserved,200.0,200.0,0.0,131,full,EKF + CTRV,DIoU,diou
MVI_40204,51,1,short,6,0.24,lost,200.0,,0.1667,131,full,EKF + CTRV,DIoU,diou
MVI_40204,51,2,short,1,0.04,lost,200.0,,0.0,131,full,EKF + CTRV,DIoU,diou
MVI_40204,60,0,short,1,0.04,lost,252.0,,0.0,131,full,EKF + CTRV,DIoU,diou
MVI_40204,60,1,short,1,0.04,no_before,,,0.0,131,full,EKF + CTRV,DIoU,diou
MVI_40204,65,0,short,3,0.12,lost,295.0,,0.0,141,full,EKF + CTRV,DIoU,diou
MVI_40204,71,0,medium,16,0.64,lost,405.0,,0.0,116,full,EKF + CTRV,DIoU,diou
MVI_40204,71,1,short,1,0.04,no_before,,,0.0,116,full,EKF + CTRV,DIoU,diou
MVI_40204,81,0,short,9,0.36,no_before,,,0.0,141,full,EKF + CTRV,DIoU,diou
MVI_40204,81,1,short,3,0.12,no_before,,,0.0,141,full,EKF + CTRV,DIoU,diou
MVI_40204,85,0,short,12,0.48,lost,506.0,,0.0833,141,full,EKF + CTRV,DIoU,diou
MVI_40204,85,1,short,7,0.28,lost,506.0,,0.0,141,full,EKF + CTRV,DIoU,diou
MVI_40204,88,0,short,2,0.08,lost,516.0,,0.0,146,full,EKF + CTRV,DIoU,diou
MVI_40204,88,1,short,1,0.04,lost,516.0,,0.0,146,full,EKF + CTRV,DIoU,diou
MVI_40204,88,2,short,1,0.04,lost,516.0,,0.0,146,full,EKF + CTRV,DIoU,diou
MVI_40204,90,0,short,8,0.32,preserved,429.0,429.0,0.75,146,full,EKF + CTRV,DIoU,diou
MVI_40204,90,1,short,4,0.16,preserved,429.0,429.0,0.75,146,full,EKF + CTRV,DIoU,diou
MVI_40204,90,2,short,1,0.04,lost,429.0,,1.0,146,full,EKF + CTRV,DIoU,diou
MVI_40204,90,3,short,1,0.04,lost,429.0,,0.0,146,full,EKF + CTRV,DIoU,diou
MVI_40204,90,4,medium,18,0.72,lost,429.0,,0.0,146,full,EKF + CTRV,DIoU,diou
MVI_40204,98,0,long,53,2.12,lost,570.0,,0.0,156,full,EKF + CTRV,DIoU,diou
MVI_40204,108,0,short,1,0.04,preserved,633.0,633.0,1.0,151,full,EKF + CTRV,DIoU,diou
MVI_40204,116,0,short,1,0.04,no_before,,,0.0,146,full,EKF + CTRV,DIoU,diou
MVI_40204,116,1,short,1,0.04,no_before,,,0.0,146,full,EKF + CTRV,DIoU,diou
MVI_40204,128,0,short,10,0.4,lost,752.0,,0.0,131,full,EKF + CTRV,DIoU,diou
MVI_40204,129,0,short,1,0.04,no_before,,,0.0,156,full,EKF + CTRV,DIoU,diou
MVI_40204,129,1,short,2,0.08,no_before,,,0.0,156,full,EKF + CTRV,DIoU,diou
MVI_40204,162,0,short,1,0.04,no_before,,,0.0,151,full,EKF + CTRV,DIoU,diou
MVI_40204,162,1,short,1,0.04,no_before,,,0.0,151,full,EKF + CTRV,DIoU,diou
MVI_40204,162,2,short,2,0.08,no_before,,,0.0,151,full,EKF + CTRV,DIoU,diou
MVI_40204,162,3,medium,14,0.56,no_before,,,0.0,151,full,EKF + CTRV,DIoU,diou
MVI_40204,165,0,short,6,0.24,no_before,,,0.0,145,full,EKF + CTRV,DIoU,diou
MVI_40204,168,0,short,1,0.04,preserved,1049.0,1049.0,1.0,120,full,EKF + CTRV,DIoU,diou
MVI_40751,2,0,long,47,1.88,switched,1.0,30.0,0.0,1140,full,EKF + CTRV,DIoU,diou
MVI_40751,21,0,short,12,0.48,lost,315.0,,0.0,625,full,EKF + CTRV,DIoU,diou
MVI_40751,21,1,short,4,0.16,lost,315.0,,0.0,625,full,EKF + CTRV,DIoU,diou
MVI_40751,21,2,short,4,0.16,no_before,,,0.0,625,full,EKF + CTRV,DIoU,diou
MVI_40751,21,3,short,3,0.12,no_before,,,0.0,625,full,EKF + CTRV,DIoU,diou
MVI_40751,21,4,short,2,0.08,no_before,,,0.0,625,full,EKF + CTRV,DIoU,diou
MVI_40751,21,5,short,4,0.16,no_before,,,0.0,625,full,EKF + CTRV,DIoU,diou
MVI_40751,21,6,short,4,0.16,no_before,,,0.0,625,full,EKF + CTRV,DIoU,diou
MVI_63554,4,0,short,3,0.12,no_before,,,0.0,26,full,EKF + CTRV,DIoU,diou
MVI_63554,4,1,short,6,0.24,no_before,,,0.0,26,full,EKF + CTRV,DIoU,diou
MVI_63554,8,0,short,2,0.08,no_before,,,0.0,16,full,EKF + CTRV,DIoU,diou
MVI_63554,9,0,medium,35,1.4,lost,14.0,,0.0,61,full,EKF + CTRV,DIoU,diou
MVI_63554,20,0,short,1,0.04,lost,64.0,,0.0,66,full,EKF + CTRV,DIoU,diou
MVI_63554,25,0,medium,19,0.76,lost,78.0,,0.0,56,full,EKF + CTRV,DIoU,diou
MVI_63554,32,0,long,57,2.28,lost,128.0,,0.0,71,full,EKF + CTRV,DIoU,diou
MVI_63554,36,0,long,49,1.96,lost,158.0,,0.0,66,full,EKF + CTRV,DIoU,diou
MVI_63554,42,0,short,1,0.04,no_before,,,0.0,16,full,EKF + CTRV,DIoU,diou
MVI_63554,43,0,long,55,2.2,lost,162.0,,0.0,71,full,EKF + CTRV,DIoU,diou
MVI_63554,56,0,medium,30,1.2,no_before,,,0.0,51,full,EKF + CTRV,DIoU,diou
MVI_63554,56,1,short,9,0.36,no_before,,,0.0,51,full,EKF + CTRV,DIoU,diou
MVI_63554,61,0,short,1,0.04,no_before,,,0.0,66,full,EKF + CTRV,DIoU,diou
MVI_63554,61,1,short,6,0.24,no_before,,,0.0,66,full,EKF + CTRV,DIoU,diou
MVI_63554,64,0,medium,37,1.48,lost,279.0,,0.0,46,full,EKF + CTRV,DIoU,diou
MVI_63554,68,0,long,51,2.04,lost,295.0,,0.0,66,full,EKF + CTRV,DIoU,diou
MVI_63554,77,0,medium,20,0.8,lost,324.0,,0.0,61,full,EKF + CTRV,DIoU,diou
MVI_63554,79,0,short,9,0.36,switched,330.0,345.0,0.2222,71,full,EKF + CTRV,DIoU,diou
MVI_63554,82,0,long,47,1.88,lost,331.0,,0.0,56,full,EKF + CTRV,DIoU,diou
MVI_63554,83,0,short,5,0.2,no_before,,,0.0,21,full,EKF + CTRV,DIoU,diou
MVI_63554,86,0,long,43,1.72,lost,341.0,,0.0,56,full,EKF + CTRV,DIoU,diou
MVI_63554,88,0,short,3,0.12,no_before,,,0.0,16,full,EKF + CTRV,DIoU,diou
MVI_63554,92,0,medium,14,0.56,switched,368.0,384.0,0.0,56,full,EKF + CTRV,DIoU,diou
MVI_63554,92,1,short,8,0.32,switched,368.0,384.0,0.0,56,full,EKF + CTRV,DIoU,diou
MVI_63554,96,0,short,4,0.16,no_before,,,0.0,26,full,EKF + CTRV,DIoU,diou
MVI_63554,101,0,long,42,1.68,lost,403.0,,0.0,51,full,EKF + CTRV,DIoU,diou
MVI_63554,108,0,long,39,1.56,no_before,,,0.0,51,full,EKF + CTRV,DIoU,diou
MVI_63554,115,0,short,3,0.12,lost,461.0,,0.0,61,full,EKF + CTRV,DIoU,diou
MVI_63554,115,1,short,9,0.36,lost,461.0,,0.0,61,full,EKF + CTRV,DIoU,diou
MVI_63554,116,0,short,2,0.08,no_before,,,0.0,26,full,EKF + CTRV,DIoU,diou
MVI_63554,120,0,short,4,0.16,no_before,,,0.0,26,full,EKF + CTRV,DIoU,diou
MVI_63554,124,0,medium,24,0.96,lost,507.0,,0.0,61,full,EKF + CTRV,DIoU,diou
MVI_63554,124,1,medium,19,0.76,lost,507.0,,0.0,61,full,EKF + CTRV,DIoU,diou
MVI_63554,129,0,short,2,0.08,no_before,,,0.0,21,full,EKF + CTRV,DIoU,diou
MVI_63554,137,0,short,3,0.12,no_before,,,0.0,16,full,EKF + CTRV,DIoU,diou
MVI_63554,147,0,medium,28,1.12,lost,590.0,,0.0,46,full,EKF + CTRV,DIoU,diou
MVI_63554,151,0,short,1,0.04,no_before,,,0.0,21,full,EKF + CTRV,DIoU,diou
MVI_63554,153,0,short,2,0.08,no_before,,,0.0,20,full,EKF + CTRV,DIoU,diou
MVI_63554,155,0,medium,19,0.76,lost,611.0,,0.0,56,full,EKF + CTRV,DIoU,diou
MVI_63554,165,0,medium,20,0.8,lost,648.0,,0.0,56,full,EKF + CTRV,DIoU,diou
MVI_63554,165,1,medium,22,0.88,lost,648.0,,0.0,56,full,EKF + CTRV,DIoU,diou
MVI_63554,171,0,medium,33,1.32,lost,671.0,,0.0,56,full,EKF + CTRV,DIoU,diou
MVI_63554,174,0,short,2,0.08,no_before,,,0.0,16,full,EKF + CTRV,DIoU,diou
MVI_63554,177,0,medium,13,0.52,no_before,,,0.0,56,full,EKF + CTRV,DIoU,diou
MVI_63554,182,0,long,38,1.52,lost,723.0,,0.0,56,full,EKF + CTRV,DIoU,diou
MVI_40131,1,0,long,120,4.8,switched,4.0,112.0,0.2583,486,partial,EKF + CTRV,expanded gate,expand
MVI_40131,12,0,long,81,3.24,no_before,,,0.5185,326,partial,EKF + CTRV,expanded gate,expand
MVI_40131,16,0,long,52,2.08,switched,71.0,91.0,0.1923,256,partial,EKF + CTRV,expanded gate,expand
MVI_40131,16,1,medium,22,0.88,preserved,91.0,91.0,1.0,256,partial,EKF + CTRV,expanded gate,expand
MVI_40131,17,0,long,64,2.56,no_before,,,0.375,171,partial,EKF + CTRV,expanded gate,expand
MVI_40131,19,0,medium,19,0.76,preserved,77.0,77.0,0.4211,1086,partial,EKF + CTRV,expanded gate,expand
MVI_40131,19,1,long,114,4.56,switched,77.0,387.0,0.2456,1086,partial,EKF + CTRV,expanded gate,expand
MVI_40131,19,2,medium,18,0.72,preserved,387.0,387.0,1.0,1086,partial,EKF + CTRV,expanded gate,expand
MVI_40131,19,3,short,6,0.24,preserved,387.0,387.0,1.0,1086,partial,EKF + CTRV,expanded gate,expand
MVI_40131,19,4,medium,13,0.52,preserved,463.0,463.0,1.0,1086,partial,EKF + CTRV,expanded gate,expand
MVI_40131,19,5,long,72,2.88,preserved,387.0,387.0,1.0,1086,partial,EKF + CTRV,expanded gate,expand
MVI_40131,19,6,medium,29,1.16,preserved,387.0,387.0,1.0,1086,partial,EKF + CTRV,expanded gate,expand
MVI_40131,20,0,short,5,0.2,no_before,,,0.0,406,partial,EKF + CTRV,expanded gate,expand
MVI_40131,20,1,long,62,2.48,no_before,,,0.0968,406,partial,EKF + CTRV,expanded gate,expand
MVI_40131,20,2,short,7,0.28,preserved,107.0,107.0,1.0,406,partial,EKF + CTRV,expanded gate,expand
MVI_40131,23,0,medium,25,1.0,no_before,,,0.24,226,partial,EKF + CTRV,expanded gate,expand
MVI_40131,25,0,long,177,7.08,preserved,144.0,144.0,0.9153,321,partial,EKF + CTRV,expanded gate,expand
MVI_40131,26,0,long,84,3.36,switched,162.0,191.0,0.6548,231,partial,EKF + CTRV,expanded gate,expand
MVI_40131,29,0,long,102,4.08,switched,233.0,398.0,0.9412,816,partial,EKF + CTRV,expanded gate,expand
MVI_40131,30,0,short,9,0.36,preserved,204.0,204.0,1.0,296,partial,EKF + CTRV,expanded gate,expand
MVI_40131,30,1,long,51,2.04,preserved,204.0,204.0,0.902,296,partial,EKF + CTRV,expanded gate,expand
MVI_40131,31,0,medium,24,0.96,no_before,,,0.0,221,partial,EKF + CTRV,expanded gate,expand
MVI_40131,31,1,short,8,0.32,no_before,,,0.0,221,partial,EKF + CTRV,expanded gate,expand
MVI_40131,34,0,long,65,2.6,no_before,,,0.8769,281,partial,EKF + CTRV,expanded gate,expand
MVI_40131,35,0,long,97,3.88,switched,254.0,404.0,0.2268,456,partial,EKF + CTRV,expanded gate,expand
MVI_40131,35,1,medium,26,1.04,preserved,404.0,404.0,1.0,456,partial,EKF + CTRV,expanded gate,expand
MVI_40131,36,0,medium,29,1.16,no_before,,,0.6897,226,partial,EKF + CTRV,expanded gate,expand
MVI_40131,37,0,long,210,8.4,no_before,,,0.2381,421,partial,EKF + CTRV,expanded gate,expand
MVI_40131,37,1,medium,33,1.32,preserved,444.0,444.0,1.0,421,partial,EKF + CTRV,expanded gate,expand
MVI_40131,38,0,long,51,2.04,preserved,326.0,326.0,0.8039,306,partial,EKF + CTRV,expanded gate,expand
MVI_40131,39,0,long,100,4.0,no_before,,,0.85,241,partial,EKF + CTRV,expanded gate,expand
MVI_40131,39,1,long,55,2.2,preserved,317.0,317.0,1.0,241,partial,EKF + CTRV,expanded gate,expand
MVI_40131,40,0,long,119,4.76,no_before,,,0.7815,366,partial,EKF + CTRV,expanded gate,expand
MVI_40131,40,1,short,11,0.44,preserved,425.0,425.0,1.0,366,partial,EKF + CTRV,expanded gate,expand
MVI_40131,40,3,medium,15,0.6,preserved,425.0,425.0,1.0,366,partial,EKF + CTRV,expanded gate,expand
MVI_40131,40,4,short,8,0.32,preserved,425.0,425.0,1.0,366,partial,EKF + CTRV,expanded gate,expand
MVI_40131,41,0,long,43,1.72,no_before,,,0.6047,281,partial,EKF + CTRV,expanded gate,expand
MVI_40131,45,0,medium,25,1.0,no_before,,,0.2,206,partial,EKF + CTRV,expanded gate,expand
MVI_40131,60,0,medium,22,0.88,lost,628.0,,0.7273,116,partial,EKF + CTRV,expanded gate,expand
MVI_40131,62,0,medium,26,1.04,lost,641.0,,0.9231,95,partial,EKF + CTRV,expanded gate,expand
MVI_40131,65,0,long,60,2.4,no_before,,,0.0,60,partial,EKF + CTRV,expanded gate,expand
MVI_40171,1,0,medium,26,1.04,no_before,,,1.0,26,partial,EKF + CTRV,expanded gate,expand
MVI_40171,6,0,long,41,1.64,preserved,20.0,20.0,0.9512,71,partial,EKF + CTRV,expanded gate,expand
MVI_40171,7,0,long,56,2.24,no_before,,,0.3214,56,partial,EKF + CTRV,expanded gate,expand
MVI_40171,8,0,short,12,0.48,no_before,,,0.0,726,partial,EKF + CTRV,expanded gate,expand
MVI_40171,8,1,short,11,0.44,switched,51.0,53.0,0.0,726,partial,EKF + CTRV,expanded gate,expand
MVI_40171,8,3,medium,26,1.04,preserved,76.0,76.0,1.0,726,partial,EKF + CTRV,expanded gate,expand
MVI_40171,8,4,medium,25,1.0,preserved,76.0,76.0,1.0,726,partial,EKF + CTRV,expanded gate,expand
MVI_40171,8,5,medium,18,0.72,switched,76.0,134.0,1.0,726,partial,EKF + CTRV,expanded gate,expand
MVI_40171,8,6,short,12,0.48,switched,76.0,204.0,1.0,726,partial,EKF + CTRV,expanded gate,expand
MVI_40171,8,7,medium,32,1.28,preserved,204.0,204.0,1.0,726,partial,EKF + CTRV,expanded gate,expand
MVI_40171,8,8,medium,28,1.12,preserved,204.0,204.0,1.0,726,partial,EKF + CTRV,expanded gate,expand
MVI_40171,8,9,medium,16,0.64,preserved,204.0,204.0,1.0,726,partial,EKF + CTRV,expanded gate,expand
MVI_40171,9,1,short,10,0.4,preserved,36.0,36.0,1.0,61,partial,EKF + CTRV,expanded gate,expand
MVI_40171,11,0,medium,27,1.08,preserved,52.0,52.0,0.8519,91,partial,EKF + CTRV,expanded gate,expand
MVI_40171,12,0,long,61,2.44,no_before,,,0.4262,61,partial,EKF + CTRV,expanded gate,expand
MVI_40171,14,0,medium,31,1.24,switched,91.0,68.0,0.6452,86,partial,EKF + CTRV,expanded gate,expand
MVI_40171,15,0,long,66,2.64,no_before,,,0.4848,66,partial,EKF + CTRV,expanded gate,expand
MVI_40171,16,0,long,61,2.44,no_before,,,0.8525,61,partial,EKF + CTRV,expanded gate,expand
MVI_40171,17,0,short,11,0.44,no_before,,,0.2727,76,partial,EKF + CTRV,expanded gate,expand
MVI_40171,18,0,long,209,8.36,switched,158.0,278.0,0.1053,786,partial,EKF + CTRV,expanded gate,expand
MVI_40171,18,1,short,11,0.44,preserved,274.0,274.0,0.6364,786,partial,EKF + CTRV,expanded gate,expand
MVI_40171,18,2,short,4,0.16,preserved,335.0,335.0,1.0,786,partial,EKF + CTRV,expanded gate,expand
MVI_40171,18,3,short,4,0.16,switched,335.0,366.0,0.0,786,partial,EKF + CTRV,expanded gate,expand
MVI_40171,18,4,short,4,0.16,preserved,374.0,374.0,1.0,786,partial,EKF + CTRV,expanded gate,expand
MVI_40171,19,0,long,61,2.44,no_before,,,0.8525,61,partial,EKF + CTRV,expanded gate,expand
MVI_40171,22,0,long,69,2.76,lost,190.0,,0.7536,71,partial,EKF + CTRV,expanded gate,expand
MVI_40171,23,0,long,62,2.48,preserved,179.0,179.0,0.9516,66,partial,EKF + CTRV,expanded gate,expand
MVI_40171,25,0,long,66,2.64,no_before,,,0.7424,66,partial,EKF + CTRV,expanded gate,expand
MVI_40171,26,0,long,47,1.88,no_before,,,0.7872,56,partial,EKF + CTRV,expanded gate,expand
MVI_40171,27,0,medium,30,1.2,no_before,,,0.3667,76,partial,EKF + CTRV,expanded gate,expand
MVI_40171,28,0,medium,21,0.84,no_before,,,0.9048,76,partial,EKF + CTRV,expanded gate,expand
MVI_40171,29,0,long,53,2.12,no_before,,,0.7547,56,partial,EKF + CTRV,expanded gate,expand
MVI_40171,31,0,medium,26,1.04,preserved,302.0,302.0,1.0,96,partial,EKF + CTRV,expanded gate,expand
MVI_40171,34,0,long,66,2.64,lost,344.0,,0.8939,71,partial,EKF + CTRV,expanded gate,expand
MVI_40171,35,0,long,62,2.48,switched,351.0,335.0,0.8871,76,partial,EKF + CTRV,expanded gate,expand
MVI_40171,36,0,long,66,2.64,no_before,,,0.5909,66,partial,EKF + CTRV,expanded gate,expand
MVI_40171,38,0,short,8,0.32,no_before,,,0.0,185,partial,EKF + CTRV,expanded gate,expand
MVI_40171,39,0,long,70,2.8,lost,395.0,,0.7286,71,partial,EKF + CTRV,expanded gate,expand
MVI_40171,40,0,medium,23,0.92,lost,417.0,,1.0,45,partial,EKF + CTRV,expanded gate,expand
MVI_40171,41,0,long,99,3.96,switched,6.0,324.0,0.0909,1150,partial,EKF + CTRV,expanded gate,expand
MVI_40171,41,1,long,52,2.08,switched,204.0,419.0,0.0769,1150,partial,EKF + CTRV,expanded gate,expand
MVI_40171,42,0,long,1150,46.0,no_before,,,0.0,1150,partial,EKF + CTRV,expanded gate,expand
MVI_40171,43,0,long,1150,46.0,no_before,,,0.0,1150,partial,EKF + CTRV,expanded gate,expand
MVI_40171,44,0,long,1150,46.0,no_before,,,0.0,1150,partial,EKF + CTRV,expanded gate,expand
MVI_40172,16,0,long,180,7.2,no_before,,,0.0111,227,partial,EKF + CTRV,expanded gate,expand
MVI_40172,35,0,long,39,1.56,no_before,,,0.8974,46,partial,EKF + CTRV,expanded gate,expand
MVI_40172,36,0,medium,37,1.48,no_before,,,0.973,41,partial,EKF + CTRV,expanded gate,expand
MVI_40172,40,0,medium,29,1.16,preserved,484.0,484.0,0.5517,71,partial,EKF + CTRV,expanded gate,expand
MVI_40172,41,0,long,39,1.56,lost,488.0,,0.5385,41,partial,EKF + CTRV,expanded gate,expand
MVI_40172,47,0,long,48,1.92,lost,510.0,,0.9792,51,partial,EKF + CTRV,expanded gate,expand
MVI_40172,50,0,long,51,2.04,no_before,,,0.7451,51,partial,EKF + CTRV,expanded gate,expand
MVI_40172,51,0,short,10,0.4,preserved,531.0,531.0,0.1,81,partial,EKF + CTRV,expanded gate,expand
MVI_40172,56,0,medium,28,1.12,lost,546.0,,1.0,61,partial,EKF + CTRV,expanded gate,expand
MVI_40172,57,0,medium,37,1.48,preserved,558.0,558.0,1.0,51,partial,EKF + CTRV,expanded gate,expand
MVI_40172,60,0,long,44,1.76,preserved,568.0,568.0,0.7955,66,partial,EKF + CTRV,expanded gate,expand
MVI_40172,61,0,medium,13,0.52,preserved,579.0,579.0,1.0,36,partial,EKF + CTRV,expanded gate,expand
MVI_40172,63,0,long,46,1.84,no_before,,,0.7391,46,partial,EKF + CTRV,expanded gate,expand
MVI_40172,65,0,medium,29,1.16,lost,596.0,,0.4138,46,partial,EKF + CTRV,expanded gate,expand
MVI_40172,67,0,medium,31,1.24,no_before,,,0.7419,41,partial,EKF + CTRV,expanded gate,expand
MVI_40172,79,0,long,114,4.56,no_before,,,0.0789,201,partial,EKF + CTRV,expanded gate,expand
MVI_40172,95,0,long,40,1.6,lost,784.0,,0.85,41,partial,EKF + CTRV,expanded gate,expand
MVI_40172,96,0,long,50,2.0,no_before,,,0.88,50,partial,EKF + CTRV,expanded gate,expand
MVI_40172,99,0,long,50,2.0,switched,2.0,56.0,0.12,2635,partial,EKF + CTRV,expanded gate,expand
MVI_40172,99,1,long,74,2.96,switched,2.0,30.0,0.0811,2635,partial,EKF + CTRV,expanded gate,expand
MVI_40172,99,2,long,40,1.6,preserved,288.0,288.0,0.125,2635,partial,EKF + CTRV,expanded gate,expand
MVI_40172,100,0,long,2635,105.4,no_before,,,0.0,2635,partial,EKF + CTRV,expanded gate,expand
MVI_40172,101,0,long,2635,105.4,no_before,,,0.0,2635,partial,EKF + CTRV,expanded gate,expand
MVI_40172,102,0,long,2635,105.4,no_before,,,0.0,2635,partial,EKF + CTRV,expanded gate,expand
MVI_40172,105,0,long,52,2.08,switched,3.0,65.0,0.0385,2635,partial,EKF + CTRV,expanded gate,expand
MVI_40172,105,1,long,45,1.8,switched,65.0,227.0,0.0222,2635,partial,EKF + CTRV,expanded gate,expand
MVI_40172,105,2,medium,21,0.84,no_before,,,0.0,2635,partial,EKF + CTRV,expanded gate,expand
MVI_40172,105,3,long,39,1.56,switched,30.0,755.0,0.2308,2635,partial,EKF + CTRV,expanded gate,expand
MVI_40204,6,0,long,86,3.44,no_before,,,0.314,86,partial,EKF + CTRV,expanded gate,expand
MVI_40204,9,0,long,66,2.64,no_before,,,0.0,66,partial,EKF + CTRV,expanded gate,expand
MVI_40204,10,0,medium,32,1.28,lost,9.0,,0.375,76,partial,EKF + CTRV,expanded gate,expand
MVI_40204,11,0,medium,31,1.24,switched,11.0,59.0,0.3871,66,partial,EKF + CTRV,expanded gate,expand
MVI_40204,12,0,medium,16,0.64,no_before,,,0.375,16,partial,EKF + CTRV,expanded gate,expand
MVI_40204,15,0,long,136,5.44,no_before,,,0.6618,136,partial,EKF + CTRV,expanded gate,expand
MVI_40204,27,0,long,111,4.44,no_before,,,0.8108,111,partial,EKF + CTRV,expanded gate,expand
MVI_40204,30,0,long,71,2.84,lost,112.0,,0.2113,141,partial,EKF + CTRV,expanded gate,expand
MVI_40204,34,0,short,3,0.12,preserved,122.0,122.0,0.6667,116,partial,EKF + CTRV,expanded gate,expand
MVI_40204,34,1,medium,25,1.0,lost,122.0,,0.2,116,partial,EKF + CTRV,expanded gate,expand
MVI_40204,34,2,medium,25,1.0,lost,122.0,,0.0,116,partial,EKF + CTRV,expanded gate,expand
MVI_40204,35,0,long,131,5.24,no_before,,,0.3359,131,partial,EKF + CTRV,expanded gate,expand
MVI_40204,36,0,long,52,2.08,lost,129.0,,0.0,116,partial,EKF + CTRV,expanded gate,expand
MVI_40204,39,0,medium,22,0.88,lost,186.0,,0.0,111,partial,EKF + CTRV,expanded gate,expand
MVI_40204,40,0,long,39,1.56,lost,148.0,,0.0,151,partial,EKF + CTRV,expanded gate,expand
MVI_40204,46,0,long,141,5.64,no_before,,,0.6525,141,partial,EKF + CTRV,expanded gate,expand
MVI_40204,49,0,long,46,1.84,preserved,199.0,199.0,0.8043,151,partial,EKF + CTRV,expanded gate,expand
MVI_40204,50,0,long,121,4.84,no_before,,,0.3636,121,partial,EKF + CTRV,expanded gate,expand
MVI_40204,51,0,long,131,5.24,no_before,,,0.4046,131,partial,EKF + CTRV,expanded gate,expand
MVI_40204,52,0,short,2,0.08,preserved,214.0,214.0,1.0,131,partial,EKF + CTRV,expanded gate,expand
MVI_40204,60,0,long,131,5.24,no_before,,,0.3206,131,partial,EKF + CTRV,expanded gate,expand
MVI_40204,63,0,long,39,1.56,preserved,304.0,304.0,0.6923,141,partial,EKF + CTRV,expanded gate,expand
MVI_40204,64,0,long,130,5.2,no_before,,,0.6154,131,partial,EKF + CTRV,expanded gate,expand
MVI_40204,65,0,long,141,5.64,no_before,,,0.2695,141,partial,EKF + CTRV,expanded gate,expand
MVI_40204,67,0,long,58,2.32,lost,362.0,,0.0172,131,partial,EKF + CTRV,expanded gate,expand
MVI_40204,68,0,medium,15,0.6,lost,362.0,,0.0,126,partial,EKF + CTRV,expanded gate,expand
MVI_40204,71,0,long,116,4.64,no_before,,,0.3362,116,partial,EKF + CTRV,expanded gate,expand
MVI_40204,72,0,medium,33,1.32,preserved,411.0,411.0,1.0,141,partial,EKF + CTRV,expanded gate,expand
MVI_40204,73,0,long,136,5.44,no_before,,,0.3162,136,partial,EKF + CTRV,expanded gate,expand
MVI_40204,74,0,long,116,4.64,no_before,,,0.4741,116,partial,EKF + CTRV,expanded gate,expand
MVI_40204,78,0,medium,19,0.76,lost,446.0,,0.2632,131,partial,EKF + CTRV,expanded gate,expand
MVI_40204,81,0,long,141,5.64,no_before,,,0.305,141,partial,EKF + CTRV,expanded gate,expand
MVI_40204,82,0,short,8,0.32,preserved,477.0,477.0,1.0,136,partial,EKF + CTRV,expanded gate,expand
MVI_40204,82,1,long,40,1.6,lost,477.0,,0.8,136,partial,EKF + CTRV,expanded gate,expand
MVI_40204,85,0,long,141,5.64,no_before,,,0.5745,141,partial,EKF + CTRV,expanded gate,expand
MVI_40204,86,0,long,114,4.56,lost,515.0,,0.3772,136,partial,EKF + CTRV,expanded gate,expand
MVI_40204,88,0,long,146,5.84,no_before,,,0.1301,146,partial,EKF + CTRV,expanded gate,expand
MVI_40204,90,0,long,146,5.84,no_before,,,0.6918,146,partial,EKF + CTRV,expanded gate,expand
MVI_40204,92,0,long,41,1.64,no_before,,,0.9512,156,partial,EKF + CTRV,expanded gate,expand
MVI_40204,93,0,long,112,4.48,lost,549.0,,0.4911,131,partial,EKF + CTRV,expanded gate,expand
MVI_40204,96,0,long,82,3.28,switched,559.0,571.0,0.8415,161,partial,EKF + CTRV,expanded gate,expand
MVI_40204,98,0,long,156,6.24,no_before,,,0.5705,156,partial,EKF + CTRV,expanded gate,expand
MVI_40204,99,0,short,11,0.44,no_before,,,0.8182,151,partial,EKF + CTRV,expanded gate,expand
MVI_40204,106,0,long,51,2.04,no_before,,,0.6471,126,partial,EKF + CTRV,expanded gate,expand
MVI_40204,106,1,long,70,2.8,lost,632.0,,0.4,126,partial,EKF + CTRV,expanded gate,expand
MVI_40204,108,0,long,151,6.04,no_before,,,0.457,151,partial,EKF + CTRV,expanded gate,expand
MVI_40204,110,0,long,75,3.0,lost,633.0,,0.1733,131,partial,EKF + CTRV,expanded gate,expand
MVI_40204,112,0,long,40,1.6,no_before,,,0.0,146,partial,EKF + CTRV,expanded gate,expand
MVI_40204,115,0,long,71,2.84,preserved,668.0,668.0,0.8169,151,partial,EKF + CTRV,expanded gate,expand
MVI_40204,115,1,short,4,0.16,switched,668.0,589.0,0.0,151,partial,EKF + CTRV,expanded gate,expand
MVI_40204,116,0,long,146,5.84,no_before,,,0.0,146,partial,EKF + CTRV,expanded gate,expand
MVI_40204,117,0,medium,31,1.24,lost,677.0,,0.2581,141,partial,EKF + CTRV,expanded gate,expand
MVI_40204,117,1,short,9,0.36,lost,677.0,,0.0,141,partial,EKF + CTRV,expanded gate,expand
MVI_40204,119,0,long,66,2.64,lost,685.0,,0.1212,151,partial,EKF + CTRV,expanded gate,expand
MVI_40204,120,0,long,62,2.48,switched,711.0,677.0,0.6613,156,partial,EKF + CTRV,expanded gate,expand
MVI_40204,121,0,medium,21,0.84,no_before,,,0.9048,156,partial,EKF + CTRV,expanded gate,expand
MVI_40204,122,0,long,141,5.64,no_before,,,0.1844,141,partial,EKF + CTRV,expanded gate,expand
MVI_40204,126,0,long,43,1.72,switched,743.0,677.0,0.6047,166,partial,EKF + CTRV,expanded gate,expand
MVI_40204,126,1,short,4,0.16,lost,677.0,,0.0,166,partial,EKF + CTRV,expanded gate,expand
MVI_40204,127,0,short,5,0.2,no_before,,,0.4,161,partial,EKF + CTRV,expanded gate,expand
MVI_40204,128,0,medium,18,0.72,preserved,758.0,758.0,1.0,131,partial,EKF + CTRV,expanded gate,expand
MVI_40204,128,1,long,98,3.92,lost,758.0,,0.3163,131,partial,EKF + CTRV,expanded gate,expand
MVI_40204,129,0,long,156,6.24,no_before,,,0.2628,156,partial,EKF + CTRV,expanded gate,expand
MVI_40204,133,0,long,53,2.12,lost,776.0,,0.3019,106,partial,EKF + CTRV,expanded gate,expand
MVI_40204,135,0,long,75,3.0,lost,789.0,,0.2,141,partial,EKF + CTRV,expanded gate,expand
MVI_40204,137,0,long,63,2.52,lost,810.0,,0.3333,126,partial,EKF + CTRV,expanded gate,expand
MVI_40204,138,0,short,7,0.28,lost,945.0,,0.0,166,partial,EKF + CTRV,expanded gate,expand
MVI_40204,142,0,long,145,5.8,no_before,,,0.8276,146,partial,EKF + CTRV,expanded gate,expand
MVI_40204,145,0,long,146,5.84,no_before,,,0.5753,161,partial,EKF + CTRV,expanded gate,expand
MVI_40204,148,0,long,110,4.4,lost,890.0,,0.3364,151,partial,EKF + CTRV,expanded gate,expand
MVI_40204,149,0,long,72,2.88,lost,890.0,,0.1944,161,partial,EKF + CTRV,expanded gate,expand
MVI_40204,150,0,long,146,5.84,no_before,,,0.7192,146,partial,EKF + CTRV,expanded gate,expand
MVI_40204,153,0,long,129,5.16,lost,915.0,,0.4496,171,partial,EKF + CTRV,expanded gate,expand
MVI_40204,154,0,medium,28,1.12,no_before,,,0.5714,166,partial,EKF + CTRV,expanded gate,expand
MVI_40204,158,0,medium,31,1.24,no_before,,,0.0,175,partial,EKF + CTRV,expanded gate,expand
MVI_40204,161,0,medium,22,0.88,no_before,,,0.8636,170,partial,EKF + CTRV,expanded gate,expand
MVI_40204,161,1,long,67,2.68,preserved,969.0,969.0,0.2388,170,partial,EKF + CTRV,expanded gate,expand
MVI_40204,162,0,long,151,6.04,no_before,,,0.0331,151,partial,EKF + CTRV,expanded gate,expand
MVI_40204,165,1,long,139,5.56,lost,994.0,,0.6547,145,partial,EKF + CTRV,expanded gate,expand
MVI_40204,168,0,long,120,4.8,no_before,,,0.7583,120,partial,EKF + CTRV,expanded gate,expand
MVI_40204,173,0,long,65,2.6,no_before,,,0.9692,65,partial,EKF + CTRV,expanded gate,expand
MVI_40204,177,0,medium,20,0.8,no_before,,,0.6,20,partial,EKF + CTRV,expanded gate,expand
MVI_40751,2,0,long,72,2.88,switched,1.0,2.0,0.1667,1140,partial,EKF + CTRV,expanded gate,expand
MVI_40751,2,1,long,175,7.0,preserved,2.0,2.0,0.6343,1140,partial,EKF + CTRV,expanded gate,expand
MVI_40751,2,2,short,9,0.36,preserved,2.0,2.0,1.0,1140,partial,EKF + CTRV,expanded gate,expand
MVI_40751,2,3,short,6,0.24,preserved,2.0,2.0,1.0,1140,partial,EKF + CTRV,expanded gate,expand
MVI_40751,2,4,long,410,16.4,preserved,2.0,2.0,0.9976,1140,partial,EKF + CTRV,expanded gate,expand
MVI_40751,3,0,long,58,2.32,no_before,,,0.9655,81,partial,EKF + CTRV,expanded gate,expand
MVI_40751,4,1,long,46,1.84,switched,2.0,26.0,1.0,141,partial,EKF + CTRV,expanded gate,expand
MVI_40751,5,0,medium,19,0.76,no_before,,,0.0,146,partial,EKF + CTRV,expanded gate,expand
MVI_40751,7,0,medium,19,0.76,no_before,,,0.0,186,partial,EKF + CTRV,expanded gate,expand
MVI_40751,7,1,medium,14,0.56,preserved,61.0,61.0,1.0,186,partial,EKF + CTRV,expanded gate,expand
MVI_40751,7,3,long,97,3.88,preserved,61.0,61.0,1.0,186,partial,EKF + CTRV,expanded gate,expand
MVI_40751,8,1,short,4,0.16,preserved,104.0,104.0,1.0,920,partial,EKF + CTRV,expanded gate,expand
MVI_40751,8,2,short,5,0.2,preserved,104.0,104.0,1.0,920,partial,EKF + CTRV,expanded gate,expand
MVI_40751,8,3,short,10,0.4,preserved,104.0,104.0,1.0,920,partial,EKF + CTRV,expanded gate,expand
MVI_40751,8,4,medium,24,0.96,preserved,104.0,104.0,1.0,920,partial,EKF + CTRV,expanded gate,expand
MVI_40751,8,5,long,591,23.64,lost,104.0,,0.775,920,partial,EKF + CTRV,expanded gate,expand
MVI_40751,9,0,medium,34,1.36,preserved,138.0,138.0,1.0,96,partial,EKF + CTRV,expanded gate,expand
MVI_40751,11,0,medium,32,1.28,no_before,,,0.4062,156,partial,EKF + CTRV,expanded gate,expand
MVI_40751,11,1,long,89,3.56,preserved,161.0,161.0,0.9775,156,partial,EKF + CTRV,expanded gate,expand
MVI_40751,15,0,long,223,8.92,lost,168.0,,1.0,775,partial,EKF + CTRV,expanded gate,expand
MVI_40751,21,0,short,5,0.2,no_before,,,0.0,625,partial,EKF + CTRV,expanded gate,expand
MVI_40751,21,1,long,612,24.48,lost,292.0,,0.0294,625,partial,EKF + CTRV,expanded gate,expand
MVI_40751,23,0,short,11,0.44,preserved,314.0,314.0,1.0,66,partial,EKF + CTRV,expanded gate,expand
MVI_40751,23,1,short,4,0.16,preserved,314.0,314.0,1.0,66,partial,EKF + CTRV,expanded gate,expand
MVI_40751,28,0,short,3,0.12,preserved,368.0,368.0,1.0,405,partial,EKF + CTRV,expanded gate,expand
MVI_40751,28,1,medium,15,0.6,preserved,368.0,368.0,1.0,405,partial,EKF + CTRV,expanded gate,expand
MVI_40751,29,0,medium,23,0.92,preserved,377.0,377.0,1.0,370,partial,EKF + CTRV,expanded gate,expand
MVI_40751,31,0,long,41,1.64,no_before,,,0.7073,43,partial,EKF + CTRV,expanded gate,expand
MVI_40751,32,0,long,172,6.88,switched,398.0,432.0,0.8721,266,partial,EKF + CTRV,expanded gate,expand
MVI_40751,33,0,medium,14,0.56,preserved,398.0,398.0,1.0,270,partial,EKF + CTRV,expanded gate,expand
MVI_40751,35,0,medium,23,0.92,lost,390.0,,1.0,156,partial,EKF + CTRV,expanded gate,expand
MVI_40751,36,0,long,77,3.08,lost,449.0,,1.0,195,partial,EKF + CTRV,expanded gate,expand
MVI_40751,38,0,medium,13,0.52,preserved,467.0,467.0,1.0,140,partial,EKF + CTRV,expanded gate,expand
MVI_40751,38,1,long,49,1.96,lost,467.0,,0.9796,140,partial,EKF + CTRV,expanded gate,expand
MVI_40751,41,0,long,45,1.8,no_before,,,0.3111,45,partial,EKF + CTRV,expanded gate,expand
MVI_63554,3,0,short,11,0.44,no_before,,,0.6364,11,partial,EKF + CTRV,expanded gate,expand
MVI_63554,4,0,medium,26,1.04,no_before,,,0.0,26,partial,EKF + CTRV,expanded gate,expand
MVI_63554,5,0,long,40,1.6,no_before,,,0.95,41,partial,EKF + CTRV,expanded gate,expand
MVI_63554,8,0,medium,13,0.52,no_before,,,0.3846,16,partial,EKF + CTRV,expanded gate,expand
MVI_63554,9,0,long,55,2.2,lost,14.0,,0.0727,61,partial,EKF + CTRV,expanded gate,expand
MVI_63554,11,0,long,52,2.08,lost,27.0,,0.0577,61,partial,EKF + CTRV,expanded gate,expand
MVI_63554,13,0,medium,16,0.64,no_before,,,0.25,26,partial,EKF + CTRV,expanded gate,expand
MVI_63554,15,0,long,65,2.6,lost,40.0,,0.9692,76,partial,EKF + CTRV,expanded gate,expand
MVI_63554,19,0,long,62,2.48,no_before,,,0.871,81,partial,EKF + CTRV,expanded gate,expand
MVI_63554,20,0,long,57,2.28,lost,62.0,,0.0,66,partial,EKF + CTRV,expanded gate,expand
MVI_63554,22,0,long,61,2.44,no_before,,,0.3607,61,partial,EKF + CTRV,expanded gate,expand
MVI_63554,23,0,long,45,1.8,preserved,73.0,73.0,0.7333,81,partial,EKF + CTRV,expanded gate,expand
MVI_63554,24,0,short,11,0.44,no_before,,,0.1818,21,partial,EKF + CTRV,expanded gate,expand
MVI_63554,25,0,long,51,2.04,no_before,,,0.098,56,partial,EKF + CTRV,expanded gate,expand
MVI_63554,30,0,long,74,2.96,lost,118.0,,0.2162,81,partial,EKF + CTRV,expanded gate,expand
MVI_63554,31,0,long,76,3.04,no_before,,,0.5132,76,partial,EKF + CTRV,expanded gate,expand
MVI_63554,32,0,long,64,2.56,lost,122.0,,0.0781,71,partial,EKF + CTRV,expanded gate,expand
MVI_63554,33,0,long,45,1.8,lost,129.0,,0.9556,81,partial,EKF + CTRV,expanded gate,expand
MVI_63554,35,0,medium,16,0.64,no_before,,,0.8125,86,partial,EKF + CTRV,expanded gate,expand
MVI_63554,36,0,long,59,2.36,lost,146.0,,0.0678,66,partial,EKF + CTRV,expanded gate,expand
MVI_63554,41,0,medium,25,1.0,lost,168.0,,0.72,91,partial,EKF + CTRV,expanded gate,expand
MVI_63554,42,0,short,11,0.44,no_before,,,0.1818,16,partial,EKF + CTRV,expanded gate,expand
MVI_63554,43,0,long,62,2.48,lost,171.0,,0.0806,71,partial,EKF + CTRV,expanded gate,expand
MVI_63554,44,0,long,64,2.56,lost,173.0,,0.8125,71,partial,EKF + CTRV,expanded gate,expand
MVI_63554,47,0,long,59,2.36,lost,179.0,,0.1864,66,partial,EKF + CTRV,expanded gate,expand
MVI_63554,49,0,long,54,2.16,lost,188.0,,0.8889,81,partial,EKF + CTRV,expanded gate,expand
MVI_63554,50,0,long,63,2.52,lost,190.0,,0.254,71,partial,EKF + CTRV,expanded gate,expand
MVI_63554,51,0,short,11,0.44,no_before,,,0.0,21,partial,EKF + CTRV,expanded gate,expand
MVI_63554,55,0,long,62,2.48,lost,221.0,,0.7742,71,partial,EKF + CTRV,expanded gate,expand
MVI_63554,56,0,long,48,1.92,no_before,,,0.0,51,partial,EKF + CTRV,expanded gate,expand
MVI_63554,58,0,medium,21,0.84,preserved,233.0,233.0,0.9524,41,partial,EKF + CTRV,expanded gate,expand
MVI_63554,60,0,medium,13,0.52,no_before,,,0.2308,21,partial,EKF + CTRV,expanded gate,expand
MVI_63554,61,0,long,63,2.52,no_before,,,0.5079,66,partial,EKF + CTRV,expanded gate,expand
MVI_63554,62,0,short,5,0.2,preserved,246.0,246.0,1.0,66,partial,EKF + CTRV,expanded gate,expand
MVI_63554,62,1,medium,35,1.4,lost,246.0,,0.6286,66,partial,EKF + CTRV,expanded gate,expand
MVI_63554,63,0,long,60,2.4,lost,251.0,,0.6833,66,partial,EKF + CTRV,expanded gate,expand
MVI_63554,64,0,long,42,1.68,no_before,,,0.0476,46,partial,EKF + CTRV,expanded gate,expand
MVI_63554,68,0,long,57,2.28,lost,233.0,,0.0702,66,partial,EKF + CTRV,expanded gate,expand
MVI_63554,69,0,medium,16,0.64,no_before,,,0.5625,26,partial,EKF + CTRV,expanded gate,expand
MVI_63554,72,0,medium,20,0.8,lost,278.0,,0.35,101,partial,EKF + CTRV,expanded gate,expand
MVI_63554,73,0,long,50,2.0,switched,255.0,289.0,0.86,61,partial,EKF + CTRV,expanded gate,expand
MVI_63554,76,0,medium,13,0.52,no_before,,,0.3077,21,partial,EKF + CTRV,expanded gate,expand
MVI_63554,77,0,long,56,2.24,lost,292.0,,0.0714,61,partial,EKF + CTRV,expanded gate,expand
MVI_63554,79,0,long,61,2.44,no_before,,,0.4098,71,partial,EKF + CTRV,expanded gate,expand
MVI_63554,80,0,long,55,2.2,lost,299.0,,0.8364,61,partial,EKF + CTRV,expanded gate,expand
MVI_63554,81,0,short,10,0.4,no_before,,,0.1,81,partial,EKF + CTRV,expanded gate,expand
MVI_63554,82,0,long,53,2.12,no_before,,,0.0755,56,partial,EKF + CTRV,expanded gate,expand
MVI_63554,83,0,medium,15,0.6,no_before,,,0.1333,21,partial,EKF + CTRV,expanded gate,expand
MVI_63554,86,0,long,49,1.96,no_before,,,0.0,56,partial,EKF + CTRV,expanded gate,expand
MVI_63554,87,0,medium,31,1.24,preserved,325.0,325.0,0.871,61,partial,EKF + CTRV,expanded gate,expand
MVI_63554,88,0,medium,13,0.52,no_before,,,0.2308,16,partial,EKF + CTRV,expanded gate,expand
MVI_63554,90,0,medium,20,0.8,lost,302.0,,0.9,86,partial,EKF + CTRV,expanded gate,expand
MVI_63554,92,0,long,50,2.0,lost,336.0,,0.1,56,partial,EKF + CTRV,expanded gate,expand
MVI_63554,93,0,long,39,1.56,preserved,340.0,340.0,0.8462,71,partial,EKF + CTRV,expanded gate,expand
MVI_63554,93,3,short,9,0.36,lost,340.0,,0.0,71,partial,EKF + CTRV,expanded gate,expand
MVI_63554,94,0,medium,26,1.04,preserved,342.0,342.0,1.0,56,partial,EKF + CTRV,expanded gate,expand
MVI_63554,95,0,long,51,2.04,preserved,348.0,348.0,0.7451,81,partial,EKF + CTRV,expanded gate,expand
MVI_63554,96,0,medium,15,0.6,no_before,,,0.0667,26,partial,EKF + CTRV,expanded gate,expand
MVI_63554,98,0,long,64,2.56,lost,336.0,,0.7969,71,partial,EKF + CTRV,expanded gate,expand
MVI_63554,99,0,medium,15,0.6,no_before,,,0.6667,26,partial,EKF + CTRV,expanded gate,expand
MVI_63554,101,0,long,48,1.92,no_before,,,0.0417,51,partial,EKF + CTRV,expanded gate,expand
MVI_63554,102,0,medium,14,0.56,no_before,,,0.0714,26,partial,EKF + CTRV,expanded gate,expand
MVI_63554,103,0,medium,17,0.68,lost,336.0,,0.5882,71,partial,EKF + CTRV,expanded gate,expand
MVI_63554,105,0,long,61,2.44,lost,386.0,,0.7869,66,partial,EKF + CTRV,expanded gate,expand
MVI_63554,108,0,long,44,1.76,no_before,,,0.0,51,partial,EKF + CTRV,expanded gate,expand
MVI_63554,109,0,medium,18,0.72,no_before,,,0.2778,31,partial,EKF + CTRV,expanded gate,expand
MVI_63554,112,0,medium,31,1.24,no_before,,,0.6129,61,partial,EKF + CTRV,expanded gate,expand
MVI_63554,115,0,long,53,2.12,lost,434.0,,0.0943,61,partial,EKF + CTRV,expanded gate,expand
MVI_63554,116,0,medium,15,0.6,no_before,,,0.2,26,partial,EKF + CTRV,expanded gate,expand
MVI_63554,117,0,long,53,2.12,lost,441.0,,0.566,61,partial,EKF + CTRV,expanded gate,expand
MVI_63554,120,0,medium,15,0.6,no_before,,,0.2,26,partial,EKF + CTRV,expanded gate,expand
MVI_63554,123,0,long,60,2.4,no_before,,,0.5333,61,partial,EKF + CTRV,expanded gate,expand
MVI_63554,124,0,long,54,2.16,no_before,,,0.0741,61,partial,EKF + CTRV,expanded gate,expand
MVI_63554,126,0,medium,37,1.48,lost,472.0,,0.9189,56,partial,EKF + CTRV,expanded gate,expand
MVI_63554,129,0,medium,13,0.52,no_before,,,0.3846,21,partial,EKF + CTRV,expanded gate,expand
MVI_63554,132,0,short,12,0.48,no_before,,,0.5,26,partial,EKF + CTRV,expanded gate,expand
MVI_63554,134,0,long,55,2.2,lost,508.0,,0.6909,61,partial,EKF + CTRV,expanded gate,expand
MVI_63554,137,0,short,12,0.48,no_before,,,0.1667,16,partial,EKF + CTRV,expanded gate,expand
MVI_63554,139,0,long,48,1.92,lost,530.0,,0.875,56,partial,EKF + CTRV,expanded gate,expand
MVI_63554,142,0,medium,15,0.6,no_before,,,0.3333,26,partial,EKF + CTRV,expanded gate,expand
MVI_63554,143,0,long,57,2.28,lost,538.0,,0.8772,66,partial,EKF + CTRV,expanded gate,expand
MVI_63554,147,0,long,39,1.56,lost,552.0,,0.0769,46,partial,EKF + CTRV,expanded gate,expand
MVI_63554,148,0,short,8,0.32,preserved,550.0,550.0,1.0,56,partial,EKF + CTRV,expanded gate,expand
MVI_63554,151,0,short,12,0.48,no_before,,,0.5,21,partial,EKF + CTRV,expanded gate,expand
MVI_63554,152,0,short,10,0.4,preserved,567.0,567.0,1.0,61,partial,EKF + CTRV,expanded gate,expand
MVI_63554,152,1,short,2,0.08,preserved,567.0,567.0,1.0,61,partial,EKF + CTRV,expanded gate,expand
MVI_63554,152,2,short,5,0.2,lost,567.0,,0.2,61,partial,EKF + CTRV,expanded gate,expand
MVI_63554,153,0,medium,14,0.56,no_before,,,0.3571,20,partial,EKF + CTRV,expanded gate,expand
MVI_63554,155,0,long,49,1.96,lost,575.0,,0.0816,56,partial,EKF + CTRV,expanded gate,expand
MVI_63554,158,0,long,54,2.16,lost,590.0,,0.8889,66,partial,EKF + CTRV,expanded gate,expand
MVI_63554,160,0,short,12,0.48,no_before,,,0.3333,21,partial,EKF + CTRV,expanded gate,expand
MVI_63554,162,0,long,54,2.16,lost,596.0,,0.7593,61,partial,EKF + CTRV,expanded gate,expand
MVI_63554,163,0,long,54,2.16,no_before,,,0.9074,71,partial,EKF + CTRV,expanded gate,expand
MVI_63554,164,0,long,66,2.64,no_before,,,1.0,66,partial,EKF + CTRV,expanded gate,expand
MVI_63554,165,0,long,52,2.08,lost,562.0,,0.0577,56,partial,EKF + CTRV,expanded gate,expand
MVI_63554,168,0,long,53,2.12,lost,634.0,,0.8491,61,partial,EKF + CTRV,expanded gate,expand
MVI_63554,169,0,medium,14,0.56,no_before,,,0.7857,21,partial,EKF + CTRV,expanded gate,expand
MVI_63554,171,0,long,50,2.0,lost,562.0,,0.06,56,partial,EKF + CTRV,expanded gate,expand
MVI_63554,174,0,short,11,0.44,no_before,,,0.3636,16,partial,EKF + CTRV,expanded gate,expand
MVI_63554,175,0,long,59,2.36,lost,651.0,,0.7797,66,partial,EKF + CTRV,expanded gate,expand
MVI_63554,177,0,long,51,2.04,lost,562.0,,0.098,56,partial,EKF + CTRV,expanded gate,expand
MVI_63554,180,0,short,9,0.36,no_before,,,0.8889,16,partial,EKF + CTRV,expanded gate,expand
MVI_63554,182,0,long,51,2.04,lost,650.0,,0.098,56,partial,EKF + CTRV,expanded gate,expand
MVI_63554,183,0,short,8,0.32,no_before,,,0.125,21,partial,EKF + CTRV,expanded gate,expand
MVI_63554,185,0,long,39,1.56,no_before,,,0.8205,40,partial,EKF + CTRV,expanded gate,expand
MVI_63554,186,0,medium,18,0.72,lost,683.0,,0.1111,25,partial,EKF + CTRV,expanded gate,expand
MVI_63554,188,0,short,11,0.44,no_before,,,0.3636,15,partial,EKF + CTRV,expanded gate,expand
MVI_63554,189,0,medium,14,0.56,no_before,,,0.7143,31,partial,EKF + CTRV,expanded gate,expand
MVI_63554,190,0,medium,17,0.68,no_before,,,0.4118,31,partial,EKF + CTRV,expanded gate,expand
MVI_40131,1,0,long,61,2.44,switched,4.0,112.0,0.0,486,full,EKF + CTRV,expanded gate,expand
MVI_40131,19,0,long,54,2.16,switched,77.0,387.0,0.0,1086,full,EKF + CTRV,expanded gate,expand
MVI_40131,35,0,long,50,2.0,switched,254.0,404.0,0.0,456,full,EKF + CTRV,expanded gate,expand
MVI_40171,9,0,short,1,0.04,preserved,36.0,36.0,1.0,61,full,EKF + CTRV,expanded gate,expand
MVI_40171,9,1,short,10,0.4,preserved,36.0,36.0,1.0,61,full,EKF + CTRV,expanded gate,expand
MVI_40171,26,0,short,3,0.12,preserved,254.0,254.0,0.6667,56,full,EKF + CTRV,expanded gate,expand
MVI_40171,41,0,long,66,2.64,switched,6.0,324.0,0.0,1150,full,EKF + CTRV,expanded gate,expand
MVI_40171,41,1,long,38,1.52,switched,204.0,419.0,0.0,1150,full,EKF + CTRV,expanded gate,expand
MVI_40171,42,0,medium,14,0.56,no_before,,,0.0,1150,full,EKF + CTRV,expanded gate,expand
MVI_40171,42,1,short,1,0.04,no_before,,,0.0,1150,full,EKF + CTRV,expanded gate,expand
MVI_40171,42,2,short,2,0.08,no_before,,,0.0,1150,full,EKF + CTRV,expanded gate,expand
MVI_40171,42,3,long,772,30.88,no_before,,,0.0,1150,full,EKF + CTRV,expanded gate,expand
MVI_40171,42,4,long,142,5.68,no_before,,,0.0,1150,full,EKF + CTRV,expanded gate,expand
MVI_40171,43,0,long,121,4.84,no_before,,,0.0,1150,full,EKF + CTRV,expanded gate,expand
MVI_40171,43,1,long,1012,40.48,no_before,,,0.0,1150,full,EKF + CTRV,expanded gate,expand
MVI_40171,44,0,long,141,5.64,no_before,,,0.0,1150,full,EKF + CTRV,expanded gate,expand
MVI_40171,44,1,long,989,39.56,no_before,,,0.0,1150,full,EKF + CTRV,expanded gate,expand
MVI_40172,16,0,long,158,6.32,no_before,,,0.0,227,full,EKF + CTRV,expanded gate,expand
MVI_40172,99,0,long,42,1.68,switched,1.0,56.0,0.0,2635,full,EKF + CTRV,expanded gate,expand
MVI_40172,99,1,long,40,1.6,switched,2.0,30.0,0.0,2635,full,EKF + CTRV,expanded gate,expand
MVI_40172,99,2,medium,15,0.6,preserved,288.0,288.0,0.0,2635,full,EKF + CTRV,expanded gate,expand
MVI_40172,100,0,long,2225,89.0,no_before,,,0.0,2635,full,EKF + CTRV,expanded gate,expand
MVI_40172,101,0,long,1489,59.56,no_before,,,0.0,2635,full,EKF + CTRV,expanded gate,expand
MVI_40172,101,1,long,148,5.92,no_before,,,0.0,2635,full,EKF + CTRV,expanded gate,expand
MVI_40172,101,2,long,526,21.04,no_before,,,0.0,2635,full,EKF + CTRV,expanded gate,expand
MVI_40172,101,3,short,2,0.08,no_before,,,0.0,2635,full,EKF + CTRV,expanded gate,expand
MVI_40172,101,4,short,9,0.36,no_before,,,0.0,2635,full,EKF + CTRV,expanded gate,expand
MVI_40172,101,5,medium,19,0.76,no_before,,,0.0,2635,full,EKF + CTRV,expanded gate,expand
MVI_40172,102,0,long,395,15.8,no_before,,,0.0,2635,full,EKF + CTRV,expanded gate,expand
MVI_40172,102,1,long,1062,42.48,no_before,,,0.0,2635,full,EKF + CTRV,expanded gate,expand
MVI_40172,102,2,short,7,0.28,no_before,,,0.0,2635,full,EKF + CTRV,expanded gate,expand
MVI_40172,102,3,short,1,0.04,no_before,,,0.0,2635,full,EKF + CTRV,expanded gate,expand
MVI_40172,102,4,short,2,0.08,no_before,,,0.0,2635,full,EKF + CTRV,expanded gate,expand
MVI_40172,102,5,long,53,2.12,no_before,,,0.0,2635,full,EKF + CTRV,expanded gate,expand
MVI_40172,102,6,short,5,0.2,no_before,,,0.0,2635,full,EKF + CTRV,expanded gate,expand
MVI_40172,102,7,medium,19,0.76,no_before,,,0.0,2635,full,EKF + CTRV,expanded gate,expand
MVI_40172,102,8,long,67,2.68,no_before,,,0.0,2635,full,EKF + CTRV,expanded gate,expand
MVI_40172,102,9,long,87,3.48,no_before,,,0.0,2635,full,EKF + CTRV,expanded gate,expand
MVI_40172,102,10,short,2,0.08,no_before,,,0.0,2635,full,EKF + CTRV,expanded gate,expand
MVI_40172,102,11,long,95,3.8,no_before,,,0.0,2635,full,EKF + CTRV,expanded gate,expand
MVI_40172,105,0,long,47,1.88,switched,3.0,65.0,0.0,2635,full,EKF + CTRV,expanded gate,expand
MVI_40172,105,1,long,42,1.68,switched,65.0,227.0,0.0,2635,full,EKF + CTRV,expanded gate,expand
MVI_40172,105,2,short,7,0.28,no_before,,,0.0,2635,full,EKF + CTRV,expanded gate,expand
MVI_40172,105,3,medium,20,0.8,switched,30.0,755.0,0.0,2635,full,EKF + CTRV,expanded gate,expand
MVI_40204,15,0,short,1,0.04,lost,25.0,,0.0,136,full,EKF + CTRV,expanded gate,expand
MVI_40204,35,0,medium,21,0.84,no_before,,,0.0,131,full,EKF + CTRV,expanded gate,expand
MVI_40204,35,1,short,9,0.36,no_before,,,0.0,131,full,EKF + CTRV,expanded gate,expand
MVI_40204,51,0,short,3,0.12,preserved,209.0,209.0,0.0,131,full,EKF + CTRV,expanded gate,expand
MVI_40204,51,1,short,6,0.24,lost,209.0,,0.1667,131,full,EKF + CTRV,expanded gate,expand
MVI_40204,51,2,short,1,0.04,lost,209.0,,0.0,131,full,EKF + CTRV,expanded gate,expand
MVI_40204,60,0,short,1,0.04,lost,260.0,,0.0,131,full,EKF + CTRV,expanded gate,expand
MVI_40204,60,1,short,1,0.04,no_before,,,0.0,131,full,EKF + CTRV,expanded gate,expand
MVI_40204,65,0,short,3,0.12,lost,319.0,,0.0,141,full,EKF + CTRV,expanded gate,expand
MVI_40204,71,0,medium,16,0.64,lost,407.0,,0.0,116,full,EKF + CTRV,expanded gate,expand
MVI_40204,71,1,short,1,0.04,lost,407.0,,0.0,116,full,EKF + CTRV,expanded gate,expand
MVI_40204,81,0,short,9,0.36,no_before,,,0.0,141,full,EKF + CTRV,expanded gate,expand
MVI_40204,81,1,short,3,0.12,no_before,,,0.0,141,full,EKF + CTRV,expanded gate,expand
MVI_40204,85,0,short,12,0.48,lost,507.0,,0.0833,141,full,EKF + CTRV,expanded gate,expand
MVI_40204,85,1,short,7,0.28,lost,507.0,,0.0,141,full,EKF + CTRV,expanded gate,expand
MVI_40204,88,0,short,2,0.08,lost,515.0,,0.0,146,full,EKF + CTRV,expanded gate,expand
MVI_40204,88,1,short,1,0.04,lost,515.0,,0.0,146,full,EKF + CTRV,expanded gate,expand
MVI_40204,88,2,short,1,0.04,lost,515.0,,0.0,146,full,EKF + CTRV,expanded gate,expand
MVI_40204,90,0,short,8,0.32,preserved,546.0,546.0,0.75,146,full,EKF + CTRV,expanded gate,expand
MVI_40204,90,1,short,4,0.16,preserved,546.0,546.0,0.75,146,full,EKF + CTRV,expanded gate,expand
MVI_40204,90,2,short,1,0.04,lost,546.0,,1.0,146,full,EKF + CTRV,expanded gate,expand
MVI_40204,90,3,short,1,0.04,lost,546.0,,0.0,146,full,EKF + CTRV,expanded gate,expand
MVI_40204,90,4,medium,18,0.72,lost,546.0,,0.0,146,full,EKF + CTRV,expanded gate,expand
MVI_40204,98,0,long,53,2.12,lost,565.0,,0.0,156,full,EKF + CTRV,expanded gate,expand
MVI_40204,108,0,short,1,0.04,preserved,625.0,625.0,1.0,151,full,EKF + CTRV,expanded gate,expand
MVI_40204,116,0,short,1,0.04,no_before,,,0.0,146,full,EKF + CTRV,expanded gate,expand
MVI_40204,116,1,short,1,0.04,no_before,,,0.0,146,full,EKF + CTRV,expanded gate,expand
MVI_40204,128,0,short,10,0.4,lost,743.0,,0.0,131,full,EKF + CTRV,expanded gate,expand
MVI_40204,129,0,short,1,0.04,no_before,,,0.0,156,full,EKF + CTRV,expanded gate,expand
MVI_40204,129,1,short,2,0.08,no_before,,,0.0,156,full,EKF + CTRV,expanded gate,expand
MVI_40204,162,0,short,1,0.04,no_before,,,0.0,151,full,EKF + CTRV,expanded gate,expand
MVI_40204,162,1,short,1,0.04,no_before,,,0.0,151,full,EKF + CTRV,expanded gate,expand
MVI_40204,162,2,short,2,0.08,no_before,,,0.0,151,full,EKF + CTRV,expanded gate,expand
MVI_40204,162,3,medium,14,0.56,no_before,,,0.0,151,full,EKF + CTRV,expanded gate,expand
MVI_40204,165,0,short,6,0.24,preserved,969.0,969.0,1.0,145,full,EKF + CTRV,expanded gate,expand
MVI_40204,168,0,short,1,0.04,preserved,1042.0,1042.0,1.0,120,full,EKF + CTRV,expanded gate,expand
MVI_40751,2,0,long,47,1.88,switched,1.0,2.0,0.0,1140,full,EKF + CTRV,expanded gate,expand
MVI_40751,21,0,short,12,0.48,lost,292.0,,0.0,625,full,EKF + CTRV,expanded gate,expand
MVI_40751,21,1,short,4,0.16,lost,292.0,,0.0,625,full,EKF + CTRV,expanded gate,expand
MVI_40751,21,2,short,4,0.16,no_before,,,0.0,625,full,EKF + CTRV,expanded gate,expand
MVI_40751,21,3,short,3,0.12,no_before,,,0.0,625,full,EKF + CTRV,expanded gate,expand
MVI_40751,21,4,short,2,0.08,no_before,,,0.0,625,full,EKF + CTRV,expanded gate,expand
MVI_40751,21,5,short,4,0.16,no_before,,,0.0,625,full,EKF + CTRV,expanded gate,expand
MVI_40751,21,6,short,4,0.16,no_before,,,0.0,625,full,EKF + CTRV,expanded gate,expand
MVI_63554,4,0,short,3,0.12,no_before,,,0.0,26,full,EKF + CTRV,expanded gate,expand
MVI_63554,4,1,short,6,0.24,no_before,,,0.0,26,full,EKF + CTRV,expanded gate,expand
MVI_63554,8,0,short,2,0.08,no_before,,,0.0,16,full,EKF + CTRV,expanded gate,expand
MVI_63554,9,0,medium,35,1.4,lost,14.0,,0.0,61,full,EKF + CTRV,expanded gate,expand
MVI_63554,20,0,short,1,0.04,lost,62.0,,0.0,66,full,EKF + CTRV,expanded gate,expand
MVI_63554,25,0,medium,19,0.76,lost,86.0,,0.0,56,full,EKF + CTRV,expanded gate,expand
MVI_63554,32,0,long,57,2.28,lost,122.0,,0.0,71,full,EKF + CTRV,expanded gate,expand
MVI_63554,36,0,long,49,1.96,lost,146.0,,0.0,66,full,EKF + CTRV,expanded gate,expand
MVI_63554,42,0,short,1,0.04,no_before,,,0.0,16,full,EKF + CTRV,expanded gate,expand
MVI_63554,43,0,long,55,2.2,lost,171.0,,0.0,71,full,EKF + CTRV,expanded gate,expand
MVI_63554,56,0,medium,30,1.2,no_before,,,0.0,51,full,EKF + CTRV,expanded gate,expand
MVI_63554,56,1,short,9,0.36,no_before,,,0.0,51,full,EKF + CTRV,expanded gate,expand
MVI_63554,61,0,short,1,0.04,no_before,,,0.0,66,full,EKF + CTRV,expanded gate,expand
MVI_63554,61,1,short,6,0.24,no_before,,,0.0,66,full,EKF + CTRV,expanded gate,expand
MVI_63554,64,0,medium,37,1.48,lost,253.0,,0.0,46,full,EKF + CTRV,expanded gate,expand
MVI_63554,68,0,long,51,2.04,lost,233.0,,0.0,66,full,EKF + CTRV,expanded gate,expand
MVI_63554,77,0,medium,20,0.8,lost,292.0,,0.0,61,full,EKF + CTRV,expanded gate,expand
MVI_63554,79,0,short,9,0.36,switched,298.0,318.0,0.2222,71,full,EKF + CTRV,expanded gate,expand
MVI_63554,82,0,long,47,1.88,lost,302.0,,0.0,56,full,EKF + CTRV,expanded gate,expand
MVI_63554,83,0,short,5,0.2,no_before,,,0.0,21,full,EKF + CTRV,expanded gate,expand
MVI_63554,86,0,long,43,1.72,no_before,,,0.0,56,full,EKF + CTRV,expanded gate,expand
MVI_63554,88,0,short,3,0.12,no_before,,,0.0,16,full,EKF + CTRV,expanded gate,expand
MVI_63554,92,0,medium,14,0.56,switched,336.0,349.0,0.0,56,full,EKF + CTRV,expanded gate,expand
MVI_63554,92,1,short,8,0.32,switched,336.0,349.0,0.0,56,full,EKF + CTRV,expanded gate,expand
MVI_63554,96,0,short,4,0.16,no_before,,,0.0,26,full,EKF + CTRV,expanded gate,expand
MVI_63554,101,0,long,42,1.68,lost,379.0,,0.0,51,full,EKF + CTRV,expanded gate,expand
MVI_63554,108,0,long,39,1.56,no_before,,,0.0,51,full,EKF + CTRV,expanded gate,expand
MVI_63554,115,0,short,3,0.12,lost,434.0,,0.0,61,full,EKF + CTRV,expanded gate,expand
MVI_63554,115,1,short,9,0.36,lost,434.0,,0.0,61,full,EKF + CTRV,expanded gate,expand
MVI_63554,116,0,short,2,0.08,no_before,,,0.0,26,full,EKF + CTRV,expanded gate,expand
MVI_63554,120,0,short,4,0.16,no_before,,,0.0,26,full,EKF + CTRV,expanded gate,expand
MVI_63554,124,0,medium,24,0.96,lost,470.0,,0.0,61,full,EKF + CTRV,expanded gate,expand
MVI_63554,124,1,medium,19,0.76,lost,470.0,,0.0,61,full,EKF + CTRV,expanded gate,expand
MVI_63554,129,0,short,2,0.08,no_before,,,0.0,21,full,EKF + CTRV,expanded gate,expand
MVI_63554,137,0,short,3,0.12,no_before,,,0.0,16,full,EKF + CTRV,expanded gate,expand
MVI_63554,147,0,medium,28,1.12,lost,552.0,,0.0,46,full,EKF + CTRV,expanded gate,expand
MVI_63554,151,0,short,1,0.04,no_before,,,0.0,21,full,EKF + CTRV,expanded gate,expand
MVI_63554,153,0,short,2,0.08,no_before,,,0.0,20,full,EKF + CTRV,expanded gate,expand
MVI_63554,155,0,medium,19,0.76,lost,575.0,,0.0,56,full,EKF + CTRV,expanded gate,expand
MVI_63554,165,0,medium,20,0.8,lost,562.0,,0.0,56,full,EKF + CTRV,expanded gate,expand
MVI_63554,165,1,medium,22,0.88,lost,562.0,,0.0,56,full,EKF + CTRV,expanded gate,expand
MVI_63554,171,0,medium,33,1.32,lost,562.0,,0.0,56,full,EKF + CTRV,expanded gate,expand
MVI_63554,174,0,short,2,0.08,no_before,,,0.0,16,full,EKF + CTRV,expanded gate,expand
MVI_63554,177,0,medium,13,0.52,no_before,,,0.0,56,full,EKF + CTRV,expanded gate,expand
MVI_63554,182,0,long,38,1.52,lost,650.0,,0.0,56,full,EKF + CTRV,expanded gate,expand
MVI_40131,1,0,long,120,4.8,switched,4.0,111.0,0.2583,486,partial,EKF + CTRV,DIoU + gate,diouexp
MVI_40131,12,0,long,81,3.24,no_before,,,0.5185,326,partial,EKF + CTRV,DIoU + gate,diouexp
MVI_40131,16,0,long,52,2.08,switched,71.0,91.0,0.1923,256,partial,EKF + CTRV,DIoU + gate,diouexp
MVI_40131,16,1,medium,22,0.88,preserved,91.0,91.0,1.0,256,partial,EKF + CTRV,DIoU + gate,diouexp
MVI_40131,17,0,long,64,2.56,no_before,,,0.375,171,partial,EKF + CTRV,DIoU + gate,diouexp
MVI_40131,19,0,medium,19,0.76,preserved,77.0,77.0,0.4211,1086,partial,EKF + CTRV,DIoU + gate,diouexp
MVI_40131,19,1,long,114,4.56,switched,77.0,386.0,0.2456,1086,partial,EKF + CTRV,DIoU + gate,diouexp
MVI_40131,19,2,medium,18,0.72,preserved,386.0,386.0,1.0,1086,partial,EKF + CTRV,DIoU + gate,diouexp
MVI_40131,19,3,short,6,0.24,preserved,386.0,386.0,1.0,1086,partial,EKF + CTRV,DIoU + gate,diouexp
MVI_40131,19,4,medium,13,0.52,preserved,463.0,463.0,1.0,1086,partial,EKF + CTRV,DIoU + gate,diouexp
MVI_40131,19,5,long,72,2.88,preserved,386.0,386.0,1.0,1086,partial,EKF + CTRV,DIoU + gate,diouexp
MVI_40131,19,6,medium,29,1.16,preserved,386.0,386.0,1.0,1086,partial,EKF + CTRV,DIoU + gate,diouexp
MVI_40131,20,0,short,5,0.2,no_before,,,0.0,406,partial,EKF + CTRV,DIoU + gate,diouexp
MVI_40131,20,1,long,62,2.48,no_before,,,0.0968,406,partial,EKF + CTRV,DIoU + gate,diouexp
MVI_40131,20,2,short,7,0.28,preserved,106.0,106.0,1.0,406,partial,EKF + CTRV,DIoU + gate,diouexp
MVI_40131,23,0,medium,25,1.0,no_before,,,0.24,226,partial,EKF + CTRV,DIoU + gate,diouexp
MVI_40131,25,0,long,177,7.08,preserved,143.0,143.0,0.9153,321,partial,EKF + CTRV,DIoU + gate,diouexp
MVI_40131,26,0,long,84,3.36,switched,161.0,190.0,0.6548,231,partial,EKF + CTRV,DIoU + gate,diouexp
MVI_40131,29,0,long,102,4.08,switched,232.0,397.0,0.9412,816,partial,EKF + CTRV,DIoU + gate,diouexp
MVI_40131,30,0,short,9,0.36,preserved,203.0,203.0,1.0,296,partial,EKF + CTRV,DIoU + gate,diouexp
MVI_40131,30,1,long,51,2.04,preserved,203.0,203.0,0.902,296,partial,EKF + CTRV,DIoU + gate,diouexp
MVI_40131,31,0,medium,24,0.96,no_before,,,0.0,221,partial,EKF + CTRV,DIoU + gate,diouexp
MVI_40131,31,1,short,8,0.32,no_before,,,0.0,221,partial,EKF + CTRV,DIoU + gate,diouexp
MVI_40131,34,0,long,65,2.6,no_before,,,0.8769,281,partial,EKF + CTRV,DIoU + gate,diouexp
MVI_40131,35,0,long,97,3.88,switched,253.0,404.0,0.2577,456,partial,EKF + CTRV,DIoU + gate,diouexp
MVI_40131,35,1,medium,26,1.04,preserved,404.0,404.0,1.0,456,partial,EKF + CTRV,DIoU + gate,diouexp
MVI_40131,36,0,medium,29,1.16,no_before,,,0.6897,226,partial,EKF + CTRV,DIoU + gate,diouexp
MVI_40131,37,0,long,210,8.4,no_before,,,0.2286,421,partial,EKF + CTRV,DIoU + gate,diouexp
MVI_40131,37,1,medium,33,1.32,preserved,449.0,449.0,1.0,421,partial,EKF + CTRV,DIoU + gate,diouexp
MVI_40131,38,0,long,51,2.04,preserved,325.0,325.0,0.8039,306,partial,EKF + CTRV,DIoU + gate,diouexp
MVI_40131,39,0,long,100,4.0,no_before,,,0.85,241,partial,EKF + CTRV,DIoU + gate,diouexp
MVI_40131,39,1,long,55,2.2,preserved,316.0,316.0,1.0,241,partial,EKF + CTRV,DIoU + gate,diouexp
MVI_40131,40,0,long,119,4.76,no_before,,,0.7647,366,partial,EKF + CTRV,DIoU + gate,diouexp
MVI_40131,40,1,short,11,0.44,preserved,422.0,422.0,1.0,366,partial,EKF + CTRV,DIoU + gate,diouexp
MVI_40131,40,3,medium,15,0.6,preserved,422.0,422.0,1.0,366,partial,EKF + CTRV,DIoU + gate,diouexp
MVI_40131,40,4,short,8,0.32,preserved,422.0,422.0,1.0,366,partial,EKF + CTRV,DIoU + gate,diouexp
MVI_40131,41,0,long,43,1.72,no_before,,,0.6047,281,partial,EKF + CTRV,DIoU + gate,diouexp
MVI_40131,45,0,medium,25,1.0,no_before,,,0.2,206,partial,EKF + CTRV,DIoU + gate,diouexp
MVI_40131,60,0,medium,22,0.88,lost,628.0,,0.7273,116,partial,EKF + CTRV,DIoU + gate,diouexp
MVI_40131,62,0,medium,26,1.04,lost,641.0,,0.9231,95,partial,EKF + CTRV,DIoU + gate,diouexp
MVI_40131,65,0,long,60,2.4,no_before,,,0.0,60,partial,EKF + CTRV,DIoU + gate,diouexp
MVI_40171,1,0,medium,26,1.04,no_before,,,1.0,26,partial,EKF + CTRV,DIoU + gate,diouexp
MVI_40171,6,0,long,41,1.64,preserved,20.0,20.0,0.9512,71,partial,EKF + CTRV,DIoU + gate,diouexp
MVI_40171,7,0,long,56,2.24,no_before,,,0.2143,56,partial,EKF + CTRV,DIoU + gate,diouexp
MVI_40171,8,0,short,12,0.48,no_before,,,0.0,726,partial,EKF + CTRV,DIoU + gate,diouexp
MVI_40171,8,1,short,11,0.44,switched,53.0,55.0,0.0,726,partial,EKF + CTRV,DIoU + gate,diouexp
MVI_40171,8,3,medium,26,1.04,preserved,55.0,55.0,1.0,726,partial,EKF + CTRV,DIoU + gate,diouexp
MVI_40171,8,4,medium,25,1.0,preserved,55.0,55.0,1.0,726,partial,EKF + CTRV,DIoU + gate,diouexp
MVI_40171,8,5,medium,18,0.72,switched,55.0,136.0,1.0,726,partial,EKF + CTRV,DIoU + gate,diouexp
MVI_40171,8,6,short,12,0.48,preserved,87.0,87.0,1.0,726,partial,EKF + CTRV,DIoU + gate,diouexp
MVI_40171,8,7,medium,32,1.28,switched,87.0,205.0,1.0,726,partial,EKF + CTRV,DIoU + gate,diouexp
MVI_40171,8,8,medium,28,1.12,preserved,205.0,205.0,1.0,726,partial,EKF + CTRV,DIoU + gate,diouexp
MVI_40171,8,9,medium,16,0.64,preserved,205.0,205.0,1.0,726,partial,EKF + CTRV,DIoU + gate,diouexp
MVI_40171,9,1,short,10,0.4,preserved,39.0,39.0,1.0,61,partial,EKF + CTRV,DIoU + gate,diouexp
MVI_40171,11,0,medium,27,1.08,switched,54.0,53.0,0.8148,91,partial,EKF + CTRV,DIoU + gate,diouexp
MVI_40171,12,0,long,61,2.44,no_before,,,0.4098,61,partial,EKF + CTRV,DIoU + gate,diouexp
MVI_40171,14,0,medium,31,1.24,preserved,93.0,93.0,0.6774,86,partial,EKF + CTRV,DIoU + gate,diouexp
MVI_40171,15,0,long,66,2.64,no_before,,,0.4394,66,partial,EKF + CTRV,DIoU + gate,diouexp
MVI_40171,16,0,long,61,2.44,no_before,,,0.8361,61,partial,EKF + CTRV,DIoU + gate,diouexp
MVI_40171,17,0,short,11,0.44,no_before,,,0.2727,76,partial,EKF + CTRV,DIoU + gate,diouexp
MVI_40171,18,0,long,209,8.36,switched,161.0,287.0,0.11,786,partial,EKF + CTRV,DIoU + gate,diouexp
MVI_40171,18,1,short,11,0.44,switched,269.0,322.0,0.6364,786,partial,EKF + CTRV,DIoU + gate,diouexp
MVI_40171,18,2,short,4,0.16,preserved,346.0,346.0,1.0,786,partial,EKF + CTRV,DIoU + gate,diouexp
MVI_40171,18,3,short,4,0.16,switched,346.0,366.0,0.0,786,partial,EKF + CTRV,DIoU + gate,diouexp
MVI_40171,18,4,short,4,0.16,preserved,366.0,366.0,1.0,786,partial,EKF + CTRV,DIoU + gate,diouexp
MVI_40171,19,0,long,61,2.44,no_before,,,0.7705,61,partial,EKF + CTRV,DIoU + gate,diouexp
MVI_40171,22,0,long,69,2.76,lost,193.0,,0.7681,71,partial,EKF + CTRV,DIoU + gate,diouexp
MVI_40171,23,0,long,62,2.48,switched,214.0,183.0,0.8387,66,partial,EKF + CTRV,DIoU + gate,diouexp
MVI_40171,25,0,long,66,2.64,no_before,,,0.7424,66,partial,EKF + CTRV,DIoU + gate,diouexp
MVI_40171,26,0,long,47,1.88,no_before,,,0.8723,56,partial,EKF + CTRV,DIoU + gate,diouexp
MVI_40171,27,0,medium,30,1.2,no_before,,,0.3667,76,partial,EKF + CTRV,DIoU + gate,diouexp
MVI_40171,28,0,medium,21,0.84,no_before,,,0.8571,76,partial,EKF + CTRV,DIoU + gate,diouexp
MVI_40171,29,0,long,53,2.12,no_before,,,0.5283,56,partial,EKF + CTRV,DIoU + gate,diouexp
MVI_40171,31,0,medium,26,1.04,preserved,313.0,313.0,1.0,96,partial,EKF + CTRV,DIoU + gate,diouexp
MVI_40171,34,0,long,66,2.64,lost,356.0,,0.8939,71,partial,EKF + CTRV,DIoU + gate,diouexp
MVI_40171,35,0,long,62,2.48,switched,363.0,346.0,0.9032,76,partial,EKF + CTRV,DIoU + gate,diouexp
MVI_40171,36,0,long,66,2.64,no_before,,,0.6515,66,partial,EKF + CTRV,DIoU + gate,diouexp
MVI_40171,38,0,short,8,0.32,no_before,,,0.0,185,partial,EKF + CTRV,DIoU + gate,diouexp
MVI_40171,39,0,long,70,2.8,lost,402.0,,0.7286,71,partial,EKF + CTRV,DIoU + gate,diouexp
MVI_40171,40,0,medium,23,0.92,lost,424.0,,1.0,45,partial,EKF + CTRV,DIoU + gate,diouexp
MVI_40171,41,0,long,99,3.96,switched,6.0,336.0,0.0909,1150,partial,EKF + CTRV,DIoU + gate,diouexp
MVI_40171,41,1,long,52,2.08,switched,205.0,426.0,0.0769,1150,partial,EKF + CTRV,DIoU + gate,diouexp
MVI_40171,42,0,long,1150,46.0,no_before,,,0.0,1150,partial,EKF + CTRV,DIoU + gate,diouexp
MVI_40171,43,0,long,1150,46.0,no_before,,,0.0,1150,partial,EKF + CTRV,DIoU + gate,diouexp
MVI_40171,44,0,long,1150,46.0,no_before,,,0.0,1150,partial,EKF + CTRV,DIoU + gate,diouexp
MVI_40172,16,0,long,180,7.2,no_before,,,0.0111,227,partial,EKF + CTRV,DIoU + gate,diouexp
MVI_40172,35,0,long,39,1.56,no_before,,,0.8974,46,partial,EKF + CTRV,DIoU + gate,diouexp
MVI_40172,36,0,medium,37,1.48,no_before,,,0.973,41,partial,EKF + CTRV,DIoU + gate,diouexp
MVI_40172,40,0,medium,29,1.16,preserved,481.0,481.0,0.5517,71,partial,EKF + CTRV,DIoU + gate,diouexp
MVI_40172,41,0,long,39,1.56,lost,485.0,,0.4872,41,partial,EKF + CTRV,DIoU + gate,diouexp
MVI_40172,47,0,long,48,1.92,lost,510.0,,0.9792,51,partial,EKF + CTRV,DIoU + gate,diouexp
MVI_40172,50,0,long,51,2.04,no_before,,,0.7451,51,partial,EKF + CTRV,DIoU + gate,diouexp
MVI_40172,51,0,short,10,0.4,preserved,529.0,529.0,0.1,81,partial,EKF + CTRV,DIoU + gate,diouexp
MVI_40172,56,0,medium,28,1.12,lost,513.0,,1.0,61,partial,EKF + CTRV,DIoU + gate,diouexp
MVI_40172,57,0,medium,37,1.48,preserved,554.0,554.0,1.0,51,partial,EKF + CTRV,DIoU + gate,diouexp
MVI_40172,60,0,long,44,1.76,switched,560.0,582.0,0.7955,66,partial,EKF + CTRV,DIoU + gate,diouexp
MVI_40172,61,0,medium,13,0.52,preserved,572.0,572.0,1.0,36,partial,EKF + CTRV,DIoU + gate,diouexp
MVI_40172,63,0,long,46,1.84,no_before,,,0.7391,46,partial,EKF + CTRV,DIoU + gate,diouexp
MVI_40172,65,0,medium,29,1.16,lost,587.0,,0.4828,46,partial,EKF + CTRV,DIoU + gate,diouexp
MVI_40172,67,0,medium,31,1.24,no_before,,,0.7419,41,partial,EKF + CTRV,DIoU + gate,diouexp
MVI_40172,79,0,long,114,4.56,no_before,,,0.0702,201,partial,EKF + CTRV,DIoU + gate,diouexp
MVI_40172,95,0,long,40,1.6,lost,764.0,,0.85,41,partial,EKF + CTRV,DIoU + gate,diouexp
MVI_40172,96,0,long,50,2.0,no_before,,,0.88,50,partial,EKF + CTRV,DIoU + gate,diouexp
MVI_40172,99,0,long,50,2.0,switched,2.0,51.0,0.12,2635,partial,EKF + CTRV,DIoU + gate,diouexp
MVI_40172,99,1,long,74,2.96,switched,2.0,232.0,0.0811,2635,partial,EKF + CTRV,DIoU + gate,diouexp
MVI_40172,99,2,long,40,1.6,switched,283.0,733.0,0.125,2635,partial,EKF + CTRV,DIoU + gate,diouexp
MVI_40172,100,0,long,2635,105.4,no_before,,,0.0,2635,partial,EKF + CTRV,DIoU + gate,diouexp
MVI_40172,101,0,long,2635,105.4,no_before,,,0.0,2635,partial,EKF + CTRV,DIoU + gate,diouexp
MVI_40172,102,0,long,2635,105.4,no_before,,,0.0,2635,partial,EKF + CTRV,DIoU + gate,diouexp
MVI_40172,105,0,long,52,2.08,switched,3.0,60.0,0.0385,2635,partial,EKF + CTRV,DIoU + gate,diouexp
MVI_40172,105,1,long,45,1.8,switched,60.0,30.0,0.0222,2635,partial,EKF + CTRV,DIoU + gate,diouexp
MVI_40172,105,2,medium,21,0.84,no_before,,,0.0,2635,partial,EKF + CTRV,DIoU + gate,diouexp
MVI_40172,105,3,long,39,1.56,switched,30.0,736.0,0.2051,2635,partial,EKF + CTRV,DIoU + gate,diouexp
MVI_40204,6,0,long,86,3.44,no_before,,,0.314,86,partial,EKF + CTRV,DIoU + gate,diouexp
MVI_40204,9,0,long,66,2.64,no_before,,,0.0,66,partial,EKF + CTRV,DIoU + gate,diouexp
MVI_40204,10,0,medium,32,1.28,lost,9.0,,0.4062,76,partial,EKF + CTRV,DIoU + gate,diouexp
MVI_40204,11,0,medium,31,1.24,switched,11.0,59.0,0.3871,66,partial,EKF + CTRV,DIoU + gate,diouexp
MVI_40204,12,0,medium,16,0.64,no_before,,,0.375,16,partial,EKF + CTRV,DIoU + gate,diouexp
MVI_40204,15,0,long,136,5.44,no_before,,,0.6618,136,partial,EKF + CTRV,DIoU + gate,diouexp
MVI_40204,27,0,long,111,4.44,no_before,,,0.8108,111,partial,EKF + CTRV,DIoU + gate,diouexp
MVI_40204,30,0,long,71,2.84,lost,108.0,,0.1972,141,partial,EKF + CTRV,DIoU + gate,diouexp
MVI_40204,34,0,short,3,0.12,preserved,35.0,35.0,0.6667,116,partial,EKF + CTRV,DIoU + gate,diouexp
MVI_40204,34,1,medium,25,1.0,lost,35.0,,0.24,116,partial,EKF + CTRV,DIoU + gate,diouexp
MVI_40204,34,2,medium,25,1.0,lost,35.0,,0.0,116,partial,EKF + CTRV,DIoU + gate,diouexp
MVI_40204,35,0,long,131,5.24,no_before,,,0.3282,131,partial,EKF + CTRV,DIoU + gate,diouexp
MVI_40204,36,0,long,52,2.08,lost,124.0,,0.0,116,partial,EKF + CTRV,DIoU + gate,diouexp
MVI_40204,39,0,medium,22,0.88,lost,189.0,,0.0,111,partial,EKF + CTRV,DIoU + gate,diouexp
MVI_40204,40,0,long,39,1.56,lost,143.0,,0.0,151,partial,EKF + CTRV,DIoU + gate,diouexp
MVI_40204,46,0,long,141,5.64,no_before,,,0.6525,141,partial,EKF + CTRV,DIoU + gate,diouexp
MVI_40204,49,0,long,46,1.84,preserved,191.0,191.0,0.8043,151,partial,EKF + CTRV,DIoU + gate,diouexp
MVI_40204,50,0,long,121,4.84,no_before,,,0.3802,121,partial,EKF + CTRV,DIoU + gate,diouexp
MVI_40204,51,0,long,131,5.24,no_before,,,0.4046,131,partial,EKF + CTRV,DIoU + gate,diouexp
MVI_40204,52,0,short,2,0.08,preserved,206.0,206.0,1.0,131,partial,EKF + CTRV,DIoU + gate,diouexp
MVI_40204,60,0,long,131,5.24,no_before,,,0.3206,131,partial,EKF + CTRV,DIoU + gate,diouexp
MVI_40204,63,0,long,39,1.56,switched,299.0,344.0,0.5897,141,partial,EKF + CTRV,DIoU + gate,diouexp
MVI_40204,64,0,long,130,5.2,no_before,,,0.6308,131,partial,EKF + CTRV,DIoU + gate,diouexp
MVI_40204,65,0,long,141,5.64,no_before,,,0.2695,141,partial,EKF + CTRV,DIoU + gate,diouexp
MVI_40204,67,0,long,58,2.32,lost,362.0,,0.0172,131,partial,EKF + CTRV,DIoU + gate,diouexp
MVI_40204,68,0,medium,15,0.6,lost,362.0,,0.0,126,partial,EKF + CTRV,DIoU + gate,diouexp
MVI_40204,71,0,long,116,4.64,no_before,,,0.3362,116,partial,EKF + CTRV,DIoU + gate,diouexp
MVI_40204,72,0,medium,33,1.32,preserved,412.0,412.0,1.0,141,partial,EKF + CTRV,DIoU + gate,diouexp
MVI_40204,73,0,long,136,5.44,no_before,,,0.3235,136,partial,EKF + CTRV,DIoU + gate,diouexp
MVI_40204,74,0,long,116,4.64,no_before,,,0.4741,116,partial,EKF + CTRV,DIoU + gate,diouexp
MVI_40204,78,0,medium,19,0.76,lost,448.0,,0.2632,131,partial,EKF + CTRV,DIoU + gate,diouexp
MVI_40204,81,0,long,141,5.64,no_before,,,0.305,141,partial,EKF + CTRV,DIoU + gate,diouexp
MVI_40204,82,0,short,8,0.32,preserved,480.0,480.0,1.0,136,partial,EKF + CTRV,DIoU + gate,diouexp
MVI_40204,82,1,long,40,1.6,lost,480.0,,0.775,136,partial,EKF + CTRV,DIoU + gate,diouexp
MVI_40204,85,0,long,141,5.64,no_before,,,0.5745,141,partial,EKF + CTRV,DIoU + gate,diouexp
MVI_40204,86,0,long,114,4.56,lost,518.0,,0.4035,136,partial,EKF + CTRV,DIoU + gate,diouexp
MVI_40204,88,0,long,146,5.84,no_before,,,0.1301,146,partial,EKF + CTRV,DIoU + gate,diouexp
MVI_40204,90,0,long,146,5.84,no_before,,,0.6644,146,partial,EKF + CTRV,DIoU + gate,diouexp
MVI_40204,92,0,long,41,1.64,no_before,,,0.9512,156,partial,EKF + CTRV,DIoU + gate,diouexp
MVI_40204,93,0,long,112,4.48,lost,551.0,,0.4911,131,partial,EKF + CTRV,DIoU + gate,diouexp
MVI_40204,96,0,long,82,3.28,switched,561.0,429.0,0.8415,161,partial,EKF + CTRV,DIoU + gate,diouexp
MVI_40204,98,0,long,156,6.24,no_before,,,0.5705,156,partial,EKF + CTRV,DIoU + gate,diouexp
MVI_40204,99,0,short,11,0.44,no_before,,,0.7273,151,partial,EKF + CTRV,DIoU + gate,diouexp
MVI_40204,106,0,long,51,2.04,no_before,,,0.6471,126,partial,EKF + CTRV,DIoU + gate,diouexp
MVI_40204,106,1,long,70,2.8,lost,635.0,,0.4,126,partial,EKF + CTRV,DIoU + gate,diouexp
MVI_40204,108,0,long,151,6.04,no_before,,,0.457,151,partial,EKF + CTRV,DIoU + gate,diouexp
MVI_40204,110,0,long,75,3.0,lost,636.0,,0.1733,131,partial,EKF + CTRV,DIoU + gate,diouexp
MVI_40204,112,0,long,40,1.6,no_before,,,0.0,146,partial,EKF + CTRV,DIoU + gate,diouexp
MVI_40204,115,0,long,71,2.84,preserved,671.0,671.0,0.8169,151,partial,EKF + CTRV,DIoU + gate,diouexp
MVI_40204,115,1,short,4,0.16,switched,671.0,592.0,0.0,151,partial,EKF + CTRV,DIoU + gate,diouexp
MVI_40204,116,0,long,146,5.84,no_before,,,0.0,146,partial,EKF + CTRV,DIoU + gate,diouexp
MVI_40204,117,0,medium,31,1.24,lost,680.0,,0.2581,141,partial,EKF + CTRV,DIoU + gate,diouexp
MVI_40204,117,1,short,9,0.36,lost,680.0,,0.0,141,partial,EKF + CTRV,DIoU + gate,diouexp
MVI_40204,119,0,long,66,2.64,lost,688.0,,0.1212,151,partial,EKF + CTRV,DIoU + gate,diouexp
MVI_40204,120,0,long,62,2.48,switched,712.0,680.0,0.6613,156,partial,EKF + CTRV,DIoU + gate,diouexp
MVI_40204,121,0,medium,21,0.84,no_before,,,0.9048,156,partial,EKF + CTRV,DIoU + gate,diouexp
MVI_40204,122,0,long,141,5.64,no_before,,,0.1844,141,partial,EKF + CTRV,DIoU + gate,diouexp
MVI_40204,126,0,long,43,1.72,preserved,746.0,746.0,0.6512,166,partial,EKF + CTRV,DIoU + gate,diouexp
MVI_40204,126,1,short,4,0.16,lost,746.0,,0.0,166,partial,EKF + CTRV,DIoU + gate,diouexp
MVI_40204,127,0,short,5,0.2,no_before,,,0.2,161,partial,EKF + CTRV,DIoU + gate,diouexp
MVI_40204,128,0,medium,18,0.72,preserved,760.0,760.0,1.0,131,partial,EKF + CTRV,DIoU + gate,diouexp
MVI_40204,128,1,long,98,3.92,lost,760.0,,0.2959,131,partial,EKF + CTRV,DIoU + gate,diouexp
MVI_40204,129,0,long,156,6.24,no_before,,,0.2628,156,partial,EKF + CTRV,DIoU + gate,diouexp
MVI_40204,133,0,long,53,2.12,lost,778.0,,0.3019,106,partial,EKF + CTRV,DIoU + gate,diouexp
MVI_40204,135,0,long,75,3.0,lost,791.0,,0.2,141,partial,EKF + CTRV,DIoU + gate,diouexp
MVI_40204,137,0,long,63,2.52,lost,805.0,,0.3333,126,partial,EKF + CTRV,DIoU + gate,diouexp
MVI_40204,138,0,short,7,0.28,lost,948.0,,0.0,166,partial,EKF + CTRV,DIoU + gate,diouexp
MVI_40204,142,0,long,145,5.8,no_before,,,0.8276,146,partial,EKF + CTRV,DIoU + gate,diouexp
MVI_40204,145,0,long,146,5.84,no_before,,,0.5822,161,partial,EKF + CTRV,DIoU + gate,diouexp
MVI_40204,148,0,long,110,4.4,lost,893.0,,0.3091,151,partial,EKF + CTRV,DIoU + gate,diouexp
MVI_40204,149,0,long,72,2.88,lost,905.0,,0.1667,161,partial,EKF + CTRV,DIoU + gate,diouexp
MVI_40204,150,0,long,146,5.84,no_before,,,0.7192,146,partial,EKF + CTRV,DIoU + gate,diouexp
MVI_40204,153,0,long,129,5.16,lost,918.0,,0.4264,171,partial,EKF + CTRV,DIoU + gate,diouexp
MVI_40204,154,0,medium,28,1.12,no_before,,,0.6786,166,partial,EKF + CTRV,DIoU + gate,diouexp
MVI_40204,158,0,medium,31,1.24,no_before,,,0.0,175,partial,EKF + CTRV,DIoU + gate,diouexp
MVI_40204,161,0,medium,22,0.88,no_before,,,0.8636,170,partial,EKF + CTRV,DIoU + gate,diouexp
MVI_40204,161,1,long,67,2.68,preserved,971.0,971.0,0.2388,170,partial,EKF + CTRV,DIoU + gate,diouexp
MVI_40204,162,0,long,151,6.04,no_before,,,0.0331,151,partial,EKF + CTRV,DIoU + gate,diouexp
MVI_40204,165,1,long,139,5.56,lost,998.0,,0.6547,145,partial,EKF + CTRV,DIoU + gate,diouexp
MVI_40204,168,0,long,120,4.8,no_before,,,0.7583,120,partial,EKF + CTRV,DIoU + gate,diouexp
MVI_40204,173,0,long,65,2.6,no_before,,,0.9692,65,partial,EKF + CTRV,DIoU + gate,diouexp
MVI_40204,177,0,medium,20,0.8,no_before,,,0.6,20,partial,EKF + CTRV,DIoU + gate,diouexp
MVI_40751,2,0,long,72,2.88,switched,1.0,2.0,0.1528,1140,partial,EKF + CTRV,DIoU + gate,diouexp
MVI_40751,2,1,long,175,7.0,preserved,2.0,2.0,0.6343,1140,partial,EKF + CTRV,DIoU + gate,diouexp
MVI_40751,2,2,short,9,0.36,preserved,2.0,2.0,1.0,1140,partial,EKF + CTRV,DIoU + gate,diouexp
MVI_40751,2,3,short,6,0.24,preserved,2.0,2.0,1.0,1140,partial,EKF + CTRV,DIoU + gate,diouexp
MVI_40751,2,4,long,410,16.4,preserved,2.0,2.0,0.9976,1140,partial,EKF + CTRV,DIoU + gate,diouexp
MVI_40751,3,0,long,58,2.32,no_before,,,0.9655,81,partial,EKF + CTRV,DIoU + gate,diouexp
MVI_40751,4,1,long,46,1.84,switched,2.0,26.0,1.0,141,partial,EKF + CTRV,DIoU + gate,diouexp
MVI_40751,5,0,medium,19,0.76,no_before,,,0.0,146,partial,EKF + CTRV,DIoU + gate,diouexp
MVI_40751,7,0,medium,19,0.76,no_before,,,0.0,186,partial,EKF + CTRV,DIoU + gate,diouexp
MVI_40751,7,1,medium,14,0.56,preserved,64.0,64.0,1.0,186,partial,EKF + CTRV,DIoU + gate,diouexp
MVI_40751,7,3,long,97,3.88,preserved,64.0,64.0,1.0,186,partial,EKF + CTRV,DIoU + gate,diouexp
MVI_40751,8,1,short,4,0.16,preserved,107.0,107.0,1.0,920,partial,EKF + CTRV,DIoU + gate,diouexp
MVI_40751,8,2,short,5,0.2,preserved,107.0,107.0,1.0,920,partial,EKF + CTRV,DIoU + gate,diouexp
MVI_40751,8,3,short,10,0.4,preserved,107.0,107.0,1.0,920,partial,EKF + CTRV,DIoU + gate,diouexp
MVI_40751,8,4,medium,24,0.96,preserved,107.0,107.0,1.0,920,partial,EKF + CTRV,DIoU + gate,diouexp
MVI_40751,8,5,long,591,23.64,lost,107.0,,0.7766,920,partial,EKF + CTRV,DIoU + gate,diouexp
MVI_40751,9,0,medium,34,1.36,preserved,141.0,141.0,1.0,96,partial,EKF + CTRV,DIoU + gate,diouexp
MVI_40751,11,0,medium,32,1.28,no_before,,,0.4062,156,partial,EKF + CTRV,DIoU + gate,diouexp
MVI_40751,11,1,long,89,3.56,preserved,164.0,164.0,0.9775,156,partial,EKF + CTRV,DIoU + gate,diouexp
MVI_40751,15,0,long,223,8.92,lost,171.0,,1.0,775,partial,EKF + CTRV,DIoU + gate,diouexp
MVI_40751,21,0,short,5,0.2,no_before,,,0.0,625,partial,EKF + CTRV,DIoU + gate,diouexp
MVI_40751,21,1,long,612,24.48,lost,292.0,,0.0294,625,partial,EKF + CTRV,DIoU + gate,diouexp
MVI_40751,23,0,short,11,0.44,preserved,316.0,316.0,1.0,66,partial,EKF + CTRV,DIoU + gate,diouexp
MVI_40751,23,1,short,4,0.16,preserved,316.0,316.0,1.0,66,partial,EKF + CTRV,DIoU + gate,diouexp
MVI_40751,28,0,short,3,0.12,preserved,385.0,385.0,1.0,405,partial,EKF + CTRV,DIoU + gate,diouexp
MVI_40751,28,1,medium,15,0.6,preserved,385.0,385.0,1.0,405,partial,EKF + CTRV,DIoU + gate,diouexp
MVI_40751,29,0,medium,23,0.92,preserved,394.0,394.0,1.0,370,partial,EKF + CTRV,DIoU + gate,diouexp
MVI_40751,31,0,long,41,1.64,no_before,,,0.6829,43,partial,EKF + CTRV,DIoU + gate,diouexp
MVI_40751,32,0,long,172,6.88,switched,415.0,449.0,0.8721,266,partial,EKF + CTRV,DIoU + gate,diouexp
MVI_40751,33,0,medium,14,0.56,preserved,415.0,415.0,1.0,270,partial,EKF + CTRV,DIoU + gate,diouexp
MVI_40751,35,0,medium,23,0.92,lost,458.0,,1.0,156,partial,EKF + CTRV,DIoU + gate,diouexp
MVI_40751,36,0,long,77,3.08,lost,469.0,,1.0,195,partial,EKF + CTRV,DIoU + gate,diouexp
MVI_40751,38,0,medium,13,0.52,preserved,486.0,486.0,1.0,140,partial,EKF + CTRV,DIoU + gate,diouexp
MVI_40751,38,1,long,49,1.96,lost,486.0,,0.9796,140,partial,EKF + CTRV,DIoU + gate,diouexp
MVI_40751,41,0,long,45,1.8,no_before,,,0.3111,45,partial,EKF + CTRV,DIoU + gate,diouexp
MVI_63554,3,0,short,11,0.44,no_before,,,0.6364,11,partial,EKF + CTRV,DIoU + gate,diouexp
MVI_63554,4,0,medium,26,1.04,no_before,,,0.0,26,partial,EKF + CTRV,DIoU + gate,diouexp
MVI_63554,5,0,long,40,1.6,no_before,,,0.95,41,partial,EKF + CTRV,DIoU + gate,diouexp
MVI_63554,8,0,medium,13,0.52,no_before,,,0.3846,16,partial,EKF + CTRV,DIoU + gate,diouexp
MVI_63554,9,0,long,55,2.2,lost,14.0,,0.0727,61,partial,EKF + CTRV,DIoU + gate,diouexp
MVI_63554,11,0,long,52,2.08,lost,27.0,,0.0577,61,partial,EKF + CTRV,DIoU + gate,diouexp
MVI_63554,13,0,medium,16,0.64,no_before,,,0.25,26,partial,EKF + CTRV,DIoU + gate,diouexp
MVI_63554,15,0,long,65,2.6,lost,11.0,,0.9692,76,partial,EKF + CTRV,DIoU + gate,diouexp
MVI_63554,19,0,long,62,2.48,no_before,,,0.8871,81,partial,EKF + CTRV,DIoU + gate,diouexp
MVI_63554,20,0,long,57,2.28,lost,60.0,,0.0,66,partial,EKF + CTRV,DIoU + gate,diouexp
MVI_63554,22,0,long,61,2.44,no_before,,,0.3607,61,partial,EKF + CTRV,DIoU + gate,diouexp
MVI_63554,23,0,long,45,1.8,preserved,73.0,73.0,0.7111,81,partial,EKF + CTRV,DIoU + gate,diouexp
MVI_63554,24,0,short,11,0.44,no_before,,,0.1818,21,partial,EKF + CTRV,DIoU + gate,diouexp
MVI_63554,25,0,long,51,2.04,lost,73.0,,0.1176,56,partial,EKF + CTRV,DIoU + gate,diouexp
MVI_63554,30,0,long,74,2.96,lost,117.0,,0.1757,81,partial,EKF + CTRV,DIoU + gate,diouexp
MVI_63554,31,0,long,76,3.04,no_before,,,0.5395,76,partial,EKF + CTRV,DIoU + gate,diouexp
MVI_63554,32,0,long,64,2.56,lost,121.0,,0.0625,71,partial,EKF + CTRV,DIoU + gate,diouexp
MVI_63554,33,0,long,45,1.8,lost,129.0,,0.9556,81,partial,EKF + CTRV,DIoU + gate,diouexp
MVI_63554,35,0,medium,16,0.64,no_before,,,0.8125,86,partial,EKF + CTRV,DIoU + gate,diouexp
MVI_63554,36,0,long,59,2.36,lost,148.0,,0.0678,66,partial,EKF + CTRV,DIoU + gate,diouexp
MVI_63554,41,0,medium,25,1.0,lost,138.0,,0.72,91,partial,EKF + CTRV,DIoU + gate,diouexp
MVI_63554,42,0,short,11,0.44,no_before,,,0.1818,16,partial,EKF + CTRV,DIoU + gate,diouexp
MVI_63554,43,0,long,62,2.48,lost,118.0,,0.0484,71,partial,EKF + CTRV,DIoU + gate,diouexp
MVI_63554,44,0,long,64,2.56,lost,118.0,,0.7344,71,partial,EKF + CTRV,DIoU + gate,diouexp
MVI_63554,47,0,long,59,2.36,lost,181.0,,0.1864,66,partial,EKF + CTRV,DIoU + gate,diouexp
MVI_63554,49,0,long,54,2.16,lost,190.0,,0.8889,81,partial,EKF + CTRV,DIoU + gate,diouexp
MVI_63554,50,0,long,63,2.52,lost,192.0,,0.254,71,partial,EKF + CTRV,DIoU + gate,diouexp
MVI_63554,51,0,short,11,0.44,no_before,,,0.0,21,partial,EKF + CTRV,DIoU + gate,diouexp
MVI_63554,55,0,long,62,2.48,lost,186.0,,0.8065,71,partial,EKF + CTRV,DIoU + gate,diouexp
MVI_63554,56,0,long,48,1.92,no_before,,,0.0,51,partial,EKF + CTRV,DIoU + gate,diouexp
MVI_63554,58,0,medium,21,0.84,preserved,233.0,233.0,0.9524,41,partial,EKF + CTRV,DIoU + gate,diouexp
MVI_63554,60,0,medium,13,0.52,no_before,,,0.2308,21,partial,EKF + CTRV,DIoU + gate,diouexp
MVI_63554,61,0,long,63,2.52,no_before,,,0.5079,66,partial,EKF + CTRV,DIoU + gate,diouexp
MVI_63554,62,0,short,5,0.2,preserved,251.0,251.0,1.0,66,partial,EKF + CTRV,DIoU + gate,diouexp
MVI_63554,62,1,medium,35,1.4,lost,251.0,,0.6286,66,partial,EKF + CTRV,DIoU + gate,diouexp
MVI_63554,63,0,long,60,2.4,lost,256.0,,0.6833,66,partial,EKF + CTRV,DIoU + gate,diouexp
MVI_63554,64,0,long,42,1.68,no_before,,,0.0476,46,partial,EKF + CTRV,DIoU + gate,diouexp
MVI_63554,68,0,long,57,2.28,lost,233.0,,0.0702,66,partial,EKF + CTRV,DIoU + gate,diouexp
MVI_63554,69,0,medium,16,0.64,no_before,,,0.5625,26,partial,EKF + CTRV,DIoU + gate,diouexp
MVI_63554,72,0,medium,20,0.8,lost,286.0,,0.35,101,partial,EKF + CTRV,DIoU + gate,diouexp
MVI_63554,73,0,long,50,2.0,preserved,289.0,289.0,0.88,61,partial,EKF + CTRV,DIoU + gate,diouexp
MVI_63554,76,0,medium,13,0.52,no_before,,,0.3077,21,partial,EKF + CTRV,DIoU + gate,diouexp
MVI_63554,77,0,long,56,2.24,lost,299.0,,0.0714,61,partial,EKF + CTRV,DIoU + gate,diouexp
MVI_63554,79,0,long,61,2.44,no_before,,,0.4426,71,partial,EKF + CTRV,DIoU + gate,diouexp
MVI_63554,80,0,long,55,2.2,lost,251.0,,0.8545,61,partial,EKF + CTRV,DIoU + gate,diouexp
MVI_63554,81,0,short,10,0.4,no_before,,,0.5,81,partial,EKF + CTRV,DIoU + gate,diouexp
MVI_63554,82,0,long,53,2.12,no_before,,,0.0755,56,partial,EKF + CTRV,DIoU + gate,diouexp
MVI_63554,83,0,medium,15,0.6,no_before,,,0.1333,21,partial,EKF + CTRV,DIoU + gate,diouexp
MVI_63554,86,0,long,49,1.96,lost,316.0,,0.0204,56,partial,EKF + CTRV,DIoU + gate,diouexp
MVI_63554,87,0,medium,31,1.24,switched,251.0,327.0,0.871,61,partial,EKF + CTRV,DIoU + gate,diouexp
MVI_63554,88,0,medium,13,0.52,no_before,,,0.2308,16,partial,EKF + CTRV,DIoU + gate,diouexp
MVI_63554,90,0,medium,20,0.8,lost,316.0,,0.9,86,partial,EKF + CTRV,DIoU + gate,diouexp
MVI_63554,92,0,long,50,2.0,lost,339.0,,0.1,56,partial,EKF + CTRV,DIoU + gate,diouexp
MVI_63554,93,0,long,39,1.56,preserved,343.0,343.0,0.8462,71,partial,EKF + CTRV,DIoU + gate,diouexp
MVI_63554,93,3,short,9,0.36,lost,343.0,,0.0,71,partial,EKF + CTRV,DIoU + gate,diouexp
MVI_63554,94,0,medium,26,1.04,preserved,345.0,345.0,1.0,56,partial,EKF + CTRV,DIoU + gate,diouexp
MVI_63554,95,0,long,51,2.04,switched,351.0,361.0,0.8627,81,partial,EKF + CTRV,DIoU + gate,diouexp
MVI_63554,96,0,medium,15,0.6,no_before,,,0.0667,26,partial,EKF + CTRV,DIoU + gate,diouexp
MVI_63554,98,0,long,64,2.56,lost,351.0,,0.7969,71,partial,EKF + CTRV,DIoU + gate,diouexp
MVI_63554,99,0,medium,15,0.6,no_before,,,0.6667,26,partial,EKF + CTRV,DIoU + gate,diouexp
MVI_63554,101,0,long,48,1.92,no_before,,,0.0417,51,partial,EKF + CTRV,DIoU + gate,diouexp
MVI_63554,102,0,medium,14,0.56,no_before,,,0.0,26,partial,EKF + CTRV,DIoU + gate,diouexp
MVI_63554,103,0,medium,17,0.68,lost,375.0,,0.5882,71,partial,EKF + CTRV,DIoU + gate,diouexp
MVI_63554,105,0,long,61,2.44,lost,363.0,,0.7541,66,partial,EKF + CTRV,DIoU + gate,diouexp
MVI_63554,108,0,long,44,1.76,no_before,,,0.0,51,partial,EKF + CTRV,DIoU + gate,diouexp
MVI_63554,109,0,medium,18,0.72,no_before,,,0.2778,31,partial,EKF + CTRV,DIoU + gate,diouexp
MVI_63554,112,0,medium,31,1.24,no_before,,,0.6129,61,partial,EKF + CTRV,DIoU + gate,diouexp
MVI_63554,115,0,long,53,2.12,lost,428.0,,0.0943,61,partial,EKF + CTRV,DIoU + gate,diouexp
MVI_63554,116,0,medium,15,0.6,no_before,,,0.2,26,partial,EKF + CTRV,DIoU + gate,diouexp
MVI_63554,117,0,long,53,2.12,lost,435.0,,0.566,61,partial,EKF + CTRV,DIoU + gate,diouexp
MVI_63554,120,0,medium,15,0.6,no_before,,,0.2,26,partial,EKF + CTRV,DIoU + gate,diouexp
MVI_63554,123,0,long,60,2.4,no_before,,,0.5333,61,partial,EKF + CTRV,DIoU + gate,diouexp
MVI_63554,124,0,long,54,2.16,no_before,,,0.0741,61,partial,EKF + CTRV,DIoU + gate,diouexp
MVI_63554,126,0,medium,37,1.48,lost,467.0,,0.9189,56,partial,EKF + CTRV,DIoU + gate,diouexp
MVI_63554,129,0,medium,13,0.52,no_before,,,0.3846,21,partial,EKF + CTRV,DIoU + gate,diouexp
MVI_63554,132,0,short,12,0.48,no_before,,,0.5,26,partial,EKF + CTRV,DIoU + gate,diouexp
MVI_63554,134,0,long,55,2.2,lost,504.0,,0.6909,61,partial,EKF + CTRV,DIoU + gate,diouexp
MVI_63554,137,0,short,12,0.48,no_before,,,0.1667,16,partial,EKF + CTRV,DIoU + gate,diouexp
MVI_63554,139,0,long,48,1.92,lost,526.0,,0.875,56,partial,EKF + CTRV,DIoU + gate,diouexp
MVI_63554,142,0,medium,15,0.6,no_before,,,0.3333,26,partial,EKF + CTRV,DIoU + gate,diouexp
MVI_63554,143,0,long,57,2.28,lost,534.0,,0.8772,66,partial,EKF + CTRV,DIoU + gate,diouexp
MVI_63554,147,0,long,39,1.56,lost,548.0,,0.0769,46,partial,EKF + CTRV,DIoU + gate,diouexp
MVI_63554,148,0,short,8,0.32,preserved,546.0,546.0,1.0,56,partial,EKF + CTRV,DIoU + gate,diouexp
MVI_63554,151,0,short,12,0.48,no_before,,,0.5833,21,partial,EKF + CTRV,DIoU + gate,diouexp
MVI_63554,152,0,short,10,0.4,preserved,560.0,560.0,1.0,61,partial,EKF + CTRV,DIoU + gate,diouexp
MVI_63554,152,1,short,2,0.08,preserved,560.0,560.0,1.0,61,partial,EKF + CTRV,DIoU + gate,diouexp
MVI_63554,152,2,short,5,0.2,lost,560.0,,0.2,61,partial,EKF + CTRV,DIoU + gate,diouexp
MVI_63554,153,0,medium,14,0.56,no_before,,,0.3571,20,partial,EKF + CTRV,DIoU + gate,diouexp
MVI_63554,155,0,long,49,1.96,lost,568.0,,0.0816,56,partial,EKF + CTRV,DIoU + gate,diouexp
MVI_63554,158,0,long,54,2.16,lost,583.0,,0.8889,66,partial,EKF + CTRV,DIoU + gate,diouexp
MVI_63554,160,0,short,12,0.48,no_before,,,0.3333,21,partial,EKF + CTRV,DIoU + gate,diouexp
MVI_63554,162,0,long,54,2.16,lost,589.0,,0.7593,61,partial,EKF + CTRV,DIoU + gate,diouexp
MVI_63554,163,0,long,54,2.16,no_before,,,0.9074,71,partial,EKF + CTRV,DIoU + gate,diouexp
MVI_63554,164,0,long,66,2.64,no_before,,,1.0,66,partial,EKF + CTRV,DIoU + gate,diouexp
MVI_63554,165,0,long,52,2.08,lost,604.0,,0.0577,56,partial,EKF + CTRV,DIoU + gate,diouexp
MVI_63554,168,0,long,53,2.12,lost,629.0,,0.8113,61,partial,EKF + CTRV,DIoU + gate,diouexp
MVI_63554,169,0,medium,14,0.56,no_before,,,0.7857,21,partial,EKF + CTRV,DIoU + gate,diouexp
MVI_63554,171,0,long,50,2.0,lost,627.0,,0.06,56,partial,EKF + CTRV,DIoU + gate,diouexp
MVI_63554,174,0,short,11,0.44,no_before,,,0.0909,16,partial,EKF + CTRV,DIoU + gate,diouexp
MVI_63554,175,0,long,59,2.36,lost,656.0,,0.7797,66,partial,EKF + CTRV,DIoU + gate,diouexp
MVI_63554,177,0,long,51,2.04,lost,664.0,,0.098,56,partial,EKF + CTRV,DIoU + gate,diouexp
MVI_63554,180,0,short,9,0.36,no_before,,,0.8889,16,partial,EKF + CTRV,DIoU + gate,diouexp
MVI_63554,182,0,long,51,2.04,lost,682.0,,0.098,56,partial,EKF + CTRV,DIoU + gate,diouexp
MVI_63554,183,0,short,8,0.32,no_before,,,0.125,21,partial,EKF + CTRV,DIoU + gate,diouexp
MVI_63554,185,0,long,39,1.56,no_before,,,0.8462,40,partial,EKF + CTRV,DIoU + gate,diouexp
MVI_63554,186,0,medium,18,0.72,lost,688.0,,0.1111,25,partial,EKF + CTRV,DIoU + gate,diouexp
MVI_63554,188,0,short,11,0.44,no_before,,,0.1818,15,partial,EKF + CTRV,DIoU + gate,diouexp
MVI_63554,189,0,medium,14,0.56,no_before,,,0.7143,31,partial,EKF + CTRV,DIoU + gate,diouexp
MVI_63554,190,0,medium,17,0.68,no_before,,,0.4118,31,partial,EKF + CTRV,DIoU + gate,diouexp
MVI_40131,1,0,long,61,2.44,switched,4.0,111.0,0.0,486,full,EKF + CTRV,DIoU + gate,diouexp
MVI_40131,19,0,long,54,2.16,switched,77.0,386.0,0.0,1086,full,EKF + CTRV,DIoU + gate,diouexp
MVI_40131,35,0,long,50,2.0,switched,253.0,404.0,0.0,456,full,EKF + CTRV,DIoU + gate,diouexp
MVI_40171,9,0,short,1,0.04,preserved,39.0,39.0,1.0,61,full,EKF + CTRV,DIoU + gate,diouexp
MVI_40171,9,1,short,10,0.4,preserved,39.0,39.0,1.0,61,full,EKF + CTRV,DIoU + gate,diouexp
MVI_40171,26,0,short,3,0.12,preserved,233.0,233.0,0.6667,56,full,EKF + CTRV,DIoU + gate,diouexp
MVI_40171,41,0,long,66,2.64,switched,6.0,336.0,0.0,1150,full,EKF + CTRV,DIoU + gate,diouexp
MVI_40171,41,1,long,38,1.52,switched,205.0,426.0,0.0,1150,full,EKF + CTRV,DIoU + gate,diouexp
MVI_40171,42,0,medium,14,0.56,no_before,,,0.0,1150,full,EKF + CTRV,DIoU + gate,diouexp
MVI_40171,42,1,short,1,0.04,no_before,,,0.0,1150,full,EKF + CTRV,DIoU + gate,diouexp
MVI_40171,42,2,short,2,0.08,no_before,,,0.0,1150,full,EKF + CTRV,DIoU + gate,diouexp
MVI_40171,42,3,long,772,30.88,no_before,,,0.0,1150,full,EKF + CTRV,DIoU + gate,diouexp
MVI_40171,42,4,long,142,5.68,no_before,,,0.0,1150,full,EKF + CTRV,DIoU + gate,diouexp
MVI_40171,43,0,long,121,4.84,no_before,,,0.0,1150,full,EKF + CTRV,DIoU + gate,diouexp
MVI_40171,43,1,long,1012,40.48,no_before,,,0.0,1150,full,EKF + CTRV,DIoU + gate,diouexp
MVI_40171,44,0,long,141,5.64,no_before,,,0.0,1150,full,EKF + CTRV,DIoU + gate,diouexp
MVI_40171,44,1,long,989,39.56,no_before,,,0.0,1150,full,EKF + CTRV,DIoU + gate,diouexp
MVI_40172,16,0,long,158,6.32,no_before,,,0.0,227,full,EKF + CTRV,DIoU + gate,diouexp
MVI_40172,99,0,long,42,1.68,switched,1.0,51.0,0.0,2635,full,EKF + CTRV,DIoU + gate,diouexp
MVI_40172,99,1,long,40,1.6,switched,2.0,232.0,0.0,2635,full,EKF + CTRV,DIoU + gate,diouexp
MVI_40172,99,2,medium,15,0.6,switched,283.0,733.0,0.0,2635,full,EKF + CTRV,DIoU + gate,diouexp
MVI_40172,100,0,long,2225,89.0,no_before,,,0.0,2635,full,EKF + CTRV,DIoU + gate,diouexp
MVI_40172,101,0,long,1489,59.56,no_before,,,0.0,2635,full,EKF + CTRV,DIoU + gate,diouexp
MVI_40172,101,1,long,148,5.92,no_before,,,0.0,2635,full,EKF + CTRV,DIoU + gate,diouexp
MVI_40172,101,2,long,526,21.04,no_before,,,0.0,2635,full,EKF + CTRV,DIoU + gate,diouexp
MVI_40172,101,3,short,2,0.08,no_before,,,0.0,2635,full,EKF + CTRV,DIoU + gate,diouexp
MVI_40172,101,4,short,9,0.36,no_before,,,0.0,2635,full,EKF + CTRV,DIoU + gate,diouexp
MVI_40172,101,5,medium,19,0.76,no_before,,,0.0,2635,full,EKF + CTRV,DIoU + gate,diouexp
MVI_40172,102,0,long,395,15.8,no_before,,,0.0,2635,full,EKF + CTRV,DIoU + gate,diouexp
MVI_40172,102,1,long,1062,42.48,no_before,,,0.0,2635,full,EKF + CTRV,DIoU + gate,diouexp
MVI_40172,102,2,short,7,0.28,no_before,,,0.0,2635,full,EKF + CTRV,DIoU + gate,diouexp
MVI_40172,102,3,short,1,0.04,no_before,,,0.0,2635,full,EKF + CTRV,DIoU + gate,diouexp
MVI_40172,102,4,short,2,0.08,no_before,,,0.0,2635,full,EKF + CTRV,DIoU + gate,diouexp
MVI_40172,102,5,long,53,2.12,no_before,,,0.0,2635,full,EKF + CTRV,DIoU + gate,diouexp
MVI_40172,102,6,short,5,0.2,no_before,,,0.0,2635,full,EKF + CTRV,DIoU + gate,diouexp
MVI_40172,102,7,medium,19,0.76,no_before,,,0.0,2635,full,EKF + CTRV,DIoU + gate,diouexp
MVI_40172,102,8,long,67,2.68,no_before,,,0.0,2635,full,EKF + CTRV,DIoU + gate,diouexp
MVI_40172,102,9,long,87,3.48,no_before,,,0.0,2635,full,EKF + CTRV,DIoU + gate,diouexp
MVI_40172,102,10,short,2,0.08,no_before,,,0.0,2635,full,EKF + CTRV,DIoU + gate,diouexp
MVI_40172,102,11,long,95,3.8,no_before,,,0.0,2635,full,EKF + CTRV,DIoU + gate,diouexp
MVI_40172,105,0,long,47,1.88,switched,3.0,60.0,0.0,2635,full,EKF + CTRV,DIoU + gate,diouexp
MVI_40172,105,1,long,42,1.68,switched,60.0,30.0,0.0,2635,full,EKF + CTRV,DIoU + gate,diouexp
MVI_40172,105,2,short,7,0.28,no_before,,,0.0,2635,full,EKF + CTRV,DIoU + gate,diouexp
MVI_40172,105,3,medium,20,0.8,switched,30.0,736.0,0.0,2635,full,EKF + CTRV,DIoU + gate,diouexp
MVI_40204,15,0,short,1,0.04,lost,25.0,,0.0,136,full,EKF + CTRV,DIoU + gate,diouexp
MVI_40204,35,0,medium,21,0.84,no_before,,,0.0,131,full,EKF + CTRV,DIoU + gate,diouexp
MVI_40204,35,1,short,9,0.36,no_before,,,0.0,131,full,EKF + CTRV,DIoU + gate,diouexp
MVI_40204,51,0,short,3,0.12,preserved,201.0,201.0,0.0,131,full,EKF + CTRV,DIoU + gate,diouexp
MVI_40204,51,1,short,6,0.24,lost,201.0,,0.1667,131,full,EKF + CTRV,DIoU + gate,diouexp
MVI_40204,51,2,short,1,0.04,lost,201.0,,0.0,131,full,EKF + CTRV,DIoU + gate,diouexp
MVI_40204,60,0,short,1,0.04,lost,258.0,,0.0,131,full,EKF + CTRV,DIoU + gate,diouexp
MVI_40204,60,1,short,1,0.04,no_before,,,0.0,131,full,EKF + CTRV,DIoU + gate,diouexp
MVI_40204,65,0,short,3,0.12,lost,299.0,,0.0,141,full,EKF + CTRV,DIoU + gate,diouexp
MVI_40204,71,0,medium,16,0.64,lost,408.0,,0.0,116,full,EKF + CTRV,DIoU + gate,diouexp
MVI_40204,71,1,short,1,0.04,lost,408.0,,0.0,116,full,EKF + CTRV,DIoU + gate,diouexp
MVI_40204,81,0,short,9,0.36,no_before,,,0.0,141,full,EKF + CTRV,DIoU + gate,diouexp
MVI_40204,81,1,short,3,0.12,no_before,,,0.0,141,full,EKF + CTRV,DIoU + gate,diouexp
MVI_40204,85,0,short,12,0.48,lost,510.0,,0.0833,141,full,EKF + CTRV,DIoU + gate,diouexp
MVI_40204,85,1,short,7,0.28,lost,510.0,,0.0,141,full,EKF + CTRV,DIoU + gate,diouexp
MVI_40204,88,0,short,2,0.08,lost,518.0,,0.0,146,full,EKF + CTRV,DIoU + gate,diouexp
MVI_40204,88,1,short,1,0.04,lost,518.0,,0.0,146,full,EKF + CTRV,DIoU + gate,diouexp
MVI_40204,88,2,short,1,0.04,lost,518.0,,0.0,146,full,EKF + CTRV,DIoU + gate,diouexp
MVI_40204,90,0,short,8,0.32,preserved,427.0,427.0,0.75,146,full,EKF + CTRV,DIoU + gate,diouexp
MVI_40204,90,1,short,4,0.16,preserved,427.0,427.0,0.75,146,full,EKF + CTRV,DIoU + gate,diouexp
MVI_40204,90,2,short,1,0.04,lost,427.0,,1.0,146,full,EKF + CTRV,DIoU + gate,diouexp
MVI_40204,90,3,short,1,0.04,lost,427.0,,0.0,146,full,EKF + CTRV,DIoU + gate,diouexp
MVI_40204,90,4,medium,18,0.72,lost,427.0,,0.0,146,full,EKF + CTRV,DIoU + gate,diouexp
MVI_40204,98,0,long,53,2.12,lost,567.0,,0.0,156,full,EKF + CTRV,DIoU + gate,diouexp
MVI_40204,108,0,short,1,0.04,preserved,628.0,628.0,1.0,151,full,EKF + CTRV,DIoU + gate,diouexp
MVI_40204,116,0,short,1,0.04,no_before,,,0.0,146,full,EKF + CTRV,DIoU + gate,diouexp
MVI_40204,116,1,short,1,0.04,no_before,,,0.0,146,full,EKF + CTRV,DIoU + gate,diouexp
MVI_40204,128,0,short,10,0.4,lost,746.0,,0.0,131,full,EKF + CTRV,DIoU + gate,diouexp
MVI_40204,129,0,short,1,0.04,no_before,,,0.0,156,full,EKF + CTRV,DIoU + gate,diouexp
MVI_40204,129,1,short,2,0.08,no_before,,,0.0,156,full,EKF + CTRV,DIoU + gate,diouexp
MVI_40204,162,0,short,1,0.04,no_before,,,0.0,151,full,EKF + CTRV,DIoU + gate,diouexp
MVI_40204,162,1,short,1,0.04,no_before,,,0.0,151,full,EKF + CTRV,DIoU + gate,diouexp
MVI_40204,162,2,short,2,0.08,no_before,,,0.0,151,full,EKF + CTRV,DIoU + gate,diouexp
MVI_40204,162,3,medium,14,0.56,no_before,,,0.0,151,full,EKF + CTRV,DIoU + gate,diouexp
MVI_40204,165,0,short,6,0.24,preserved,971.0,971.0,1.0,145,full,EKF + CTRV,DIoU + gate,diouexp
MVI_40204,168,0,short,1,0.04,preserved,1046.0,1046.0,1.0,120,full,EKF + CTRV,DIoU + gate,diouexp
MVI_40751,2,0,long,47,1.88,switched,1.0,2.0,0.0,1140,full,EKF + CTRV,DIoU + gate,diouexp
MVI_40751,21,0,short,12,0.48,lost,292.0,,0.0,625,full,EKF + CTRV,DIoU + gate,diouexp
MVI_40751,21,1,short,4,0.16,lost,292.0,,0.0,625,full,EKF + CTRV,DIoU + gate,diouexp
MVI_40751,21,2,short,4,0.16,no_before,,,0.0,625,full,EKF + CTRV,DIoU + gate,diouexp
MVI_40751,21,3,short,3,0.12,no_before,,,0.0,625,full,EKF + CTRV,DIoU + gate,diouexp
MVI_40751,21,4,short,2,0.08,no_before,,,0.0,625,full,EKF + CTRV,DIoU + gate,diouexp
MVI_40751,21,5,short,4,0.16,no_before,,,0.0,625,full,EKF + CTRV,DIoU + gate,diouexp
MVI_40751,21,6,short,4,0.16,no_before,,,0.0,625,full,EKF + CTRV,DIoU + gate,diouexp
MVI_63554,4,0,short,3,0.12,no_before,,,0.0,26,full,EKF + CTRV,DIoU + gate,diouexp
MVI_63554,4,1,short,6,0.24,no_before,,,0.0,26,full,EKF + CTRV,DIoU + gate,diouexp
MVI_63554,8,0,short,2,0.08,no_before,,,0.0,16,full,EKF + CTRV,DIoU + gate,diouexp
MVI_63554,9,0,medium,35,1.4,lost,14.0,,0.0,61,full,EKF + CTRV,DIoU + gate,diouexp
MVI_63554,20,0,short,1,0.04,lost,60.0,,0.0,66,full,EKF + CTRV,DIoU + gate,diouexp
MVI_63554,25,0,medium,19,0.76,lost,73.0,,0.0,56,full,EKF + CTRV,DIoU + gate,diouexp
MVI_63554,32,0,long,57,2.28,lost,121.0,,0.0,71,full,EKF + CTRV,DIoU + gate,diouexp
MVI_63554,36,0,long,49,1.96,lost,148.0,,0.0,66,full,EKF + CTRV,DIoU + gate,diouexp
MVI_63554,42,0,short,1,0.04,no_before,,,0.0,16,full,EKF + CTRV,DIoU + gate,diouexp
MVI_63554,43,0,long,55,2.2,lost,118.0,,0.0,71,full,EKF + CTRV,DIoU + gate,diouexp
MVI_63554,56,0,medium,30,1.2,no_before,,,0.0,51,full,EKF + CTRV,DIoU + gate,diouexp
MVI_63554,56,1,short,9,0.36,no_before,,,0.0,51,full,EKF + CTRV,DIoU + gate,diouexp
MVI_63554,61,0,short,1,0.04,no_before,,,0.0,66,full,EKF + CTRV,DIoU + gate,diouexp
MVI_63554,61,1,short,6,0.24,no_before,,,0.0,66,full,EKF + CTRV,DIoU + gate,diouexp
MVI_63554,64,0,medium,37,1.48,lost,258.0,,0.0,46,full,EKF + CTRV,DIoU + gate,diouexp
MVI_63554,68,0,long,51,2.04,lost,233.0,,0.0,66,full,EKF + CTRV,DIoU + gate,diouexp
MVI_63554,77,0,medium,20,0.8,lost,299.0,,0.0,61,full,EKF + CTRV,DIoU + gate,diouexp
MVI_63554,79,0,short,9,0.36,switched,305.0,320.0,0.2222,71,full,EKF + CTRV,DIoU + gate,diouexp
MVI_63554,82,0,long,47,1.88,lost,306.0,,0.0,56,full,EKF + CTRV,DIoU + gate,diouexp
MVI_63554,83,0,short,5,0.2,no_before,,,0.0,21,full,EKF + CTRV,DIoU + gate,diouexp
MVI_63554,86,0,long,43,1.72,lost,316.0,,0.0,56,full,EKF + CTRV,DIoU + gate,diouexp
MVI_63554,88,0,short,3,0.12,no_before,,,0.0,16,full,EKF + CTRV,DIoU + gate,diouexp
MVI_63554,92,0,medium,14,0.56,switched,339.0,352.0,0.0,56,full,EKF + CTRV,DIoU + gate,diouexp
MVI_63554,92,1,short,8,0.32,switched,339.0,352.0,0.0,56,full,EKF + CTRV,DIoU + gate,diouexp
MVI_63554,96,0,short,4,0.16,no_before,,,0.0,26,full,EKF + CTRV,DIoU + gate,diouexp
MVI_63554,101,0,long,42,1.68,lost,372.0,,0.0,51,full,EKF + CTRV,DIoU + gate,diouexp
MVI_63554,108,0,long,39,1.56,no_before,,,0.0,51,full,EKF + CTRV,DIoU + gate,diouexp
MVI_63554,115,0,short,3,0.12,lost,428.0,,0.0,61,full,EKF + CTRV,DIoU + gate,diouexp
MVI_63554,115,1,short,9,0.36,lost,428.0,,0.0,61,full,EKF + CTRV,DIoU + gate,diouexp
MVI_63554,116,0,short,2,0.08,no_before,,,0.0,26,full,EKF + CTRV,DIoU + gate,diouexp
MVI_63554,120,0,short,4,0.16,no_before,,,0.0,26,full,EKF + CTRV,DIoU + gate,diouexp
MVI_63554,124,0,medium,24,0.96,lost,465.0,,0.0,61,full,EKF + CTRV,DIoU + gate,diouexp
MVI_63554,124,1,medium,19,0.76,lost,465.0,,0.0,61,full,EKF + CTRV,DIoU + gate,diouexp
MVI_63554,129,0,short,2,0.08,no_before,,,0.0,21,full,EKF + CTRV,DIoU + gate,diouexp
MVI_63554,137,0,short,3,0.12,no_before,,,0.0,16,full,EKF + CTRV,DIoU + gate,diouexp
MVI_63554,147,0,medium,28,1.12,lost,548.0,,0.0,46,full,EKF + CTRV,DIoU + gate,diouexp
MVI_63554,151,0,short,1,0.04,no_before,,,0.0,21,full,EKF + CTRV,DIoU + gate,diouexp
MVI_63554,153,0,short,2,0.08,no_before,,,0.0,20,full,EKF + CTRV,DIoU + gate,diouexp
MVI_63554,155,0,medium,19,0.76,lost,568.0,,0.0,56,full,EKF + CTRV,DIoU + gate,diouexp
MVI_63554,165,0,medium,20,0.8,lost,604.0,,0.0,56,full,EKF + CTRV,DIoU + gate,diouexp
MVI_63554,165,1,medium,22,0.88,lost,604.0,,0.0,56,full,EKF + CTRV,DIoU + gate,diouexp
MVI_63554,171,0,medium,33,1.32,lost,627.0,,0.0,56,full,EKF + CTRV,DIoU + gate,diouexp
MVI_63554,174,0,short,2,0.08,no_before,,,0.0,16,full,EKF + CTRV,DIoU + gate,diouexp
MVI_63554,177,0,medium,13,0.52,no_before,,,0.0,56,full,EKF + CTRV,DIoU + gate,diouexp
MVI_63554,182,0,long,38,1.52,lost,682.0,,0.0,56,full,EKF + CTRV,DIoU + gate,diouexp
MVI_40131,1,0,long,120,4.8,switched,4.0,117.0,0.2583,486,partial,UKF + CTRV,IoU (goc),iou
MVI_40131,12,0,long,81,3.24,no_before,,,0.4938,326,partial,UKF + CTRV,IoU (goc),iou
MVI_40131,16,0,long,52,2.08,switched,70.0,94.0,0.1923,256,partial,UKF + CTRV,IoU (goc),iou
MVI_40131,16,1,medium,22,0.88,preserved,94.0,94.0,1.0,256,partial,UKF + CTRV,IoU (goc),iou
MVI_40131,17,0,long,64,2.56,no_before,,,0.375,171,partial,UKF + CTRV,IoU (goc),iou
MVI_40131,19,0,medium,19,0.76,preserved,79.0,79.0,0.4211,1086,partial,UKF + CTRV,IoU (goc),iou
MVI_40131,19,1,long,114,4.56,switched,79.0,410.0,0.2456,1086,partial,UKF + CTRV,IoU (goc),iou
MVI_40131,19,2,medium,18,0.72,preserved,410.0,410.0,1.0,1086,partial,UKF + CTRV,IoU (goc),iou
MVI_40131,19,3,short,6,0.24,preserved,410.0,410.0,1.0,1086,partial,UKF + CTRV,IoU (goc),iou
MVI_40131,19,4,medium,13,0.52,preserved,498.0,498.0,1.0,1086,partial,UKF + CTRV,IoU (goc),iou
MVI_40131,19,5,long,72,2.88,preserved,410.0,410.0,1.0,1086,partial,UKF + CTRV,IoU (goc),iou
MVI_40131,19,6,medium,29,1.16,preserved,410.0,410.0,1.0,1086,partial,UKF + CTRV,IoU (goc),iou
MVI_40131,20,0,short,5,0.2,no_before,,,0.0,406,partial,UKF + CTRV,IoU (goc),iou
MVI_40131,20,1,long,62,2.48,no_before,,,0.0968,406,partial,UKF + CTRV,IoU (goc),iou
MVI_40131,20,2,short,7,0.28,preserved,112.0,112.0,1.0,406,partial,UKF + CTRV,IoU (goc),iou
MVI_40131,23,0,medium,25,1.0,no_before,,,0.24,226,partial,UKF + CTRV,IoU (goc),iou
MVI_40131,25,0,long,177,7.08,switched,151.0,194.0,0.9209,321,partial,UKF + CTRV,IoU (goc),iou
MVI_40131,26,0,long,84,3.36,switched,170.0,198.0,0.6548,231,partial,UKF + CTRV,IoU (goc),iou
MVI_40131,29,0,long,102,4.08,switched,241.0,421.0,0.9412,816,partial,UKF + CTRV,IoU (goc),iou
MVI_40131,30,0,short,9,0.36,preserved,212.0,212.0,1.0,296,partial,UKF + CTRV,IoU (goc),iou
MVI_40131,30,1,long,51,2.04,preserved,212.0,212.0,0.902,296,partial,UKF + CTRV,IoU (goc),iou
MVI_40131,31,0,medium,24,0.96,no_before,,,0.0,221,partial,UKF + CTRV,IoU (goc),iou
MVI_40131,31,1,short,8,0.32,no_before,,,0.0,221,partial,UKF + CTRV,IoU (goc),iou
MVI_40131,34,0,long,65,2.6,no_before,,,0.8769,281,partial,UKF + CTRV,IoU (goc),iou
MVI_40131,35,0,long,97,3.88,switched,261.0,438.0,0.2784,456,partial,UKF + CTRV,IoU (goc),iou
MVI_40131,35,1,medium,26,1.04,preserved,438.0,438.0,1.0,456,partial,UKF + CTRV,IoU (goc),iou
MVI_40131,36,0,medium,29,1.16,no_before,,,0.6207,226,partial,UKF + CTRV,IoU (goc),iou
MVI_40131,37,0,long,210,8.4,no_before,,,0.2381,421,partial,UKF + CTRV,IoU (goc),iou
MVI_40131,37,1,medium,33,1.32,preserved,472.0,472.0,1.0,421,partial,UKF + CTRV,IoU (goc),iou
MVI_40131,38,0,long,51,2.04,preserved,340.0,340.0,0.7647,306,partial,UKF + CTRV,IoU (goc),iou
MVI_40131,39,0,long,100,4.0,no_before,,,0.86,241,partial,UKF + CTRV,IoU (goc),iou
MVI_40131,39,1,long,55,2.2,preserved,329.0,329.0,1.0,241,partial,UKF + CTRV,IoU (goc),iou
MVI_40131,40,0,long,119,4.76,no_before,,,0.7899,366,partial,UKF + CTRV,IoU (goc),iou
MVI_40131,40,1,short,11,0.44,preserved,451.0,451.0,1.0,366,partial,UKF + CTRV,IoU (goc),iou
MVI_40131,40,3,medium,15,0.6,preserved,451.0,451.0,1.0,366,partial,UKF + CTRV,IoU (goc),iou
MVI_40131,40,4,short,8,0.32,preserved,451.0,451.0,1.0,366,partial,UKF + CTRV,IoU (goc),iou
MVI_40131,41,0,long,43,1.72,no_before,,,0.6047,281,partial,UKF + CTRV,IoU (goc),iou
MVI_40131,45,0,medium,25,1.0,no_before,,,0.2,206,partial,UKF + CTRV,IoU (goc),iou
MVI_40131,60,0,medium,22,0.88,lost,699.0,,0.7273,116,partial,UKF + CTRV,IoU (goc),iou
MVI_40131,62,0,medium,26,1.04,lost,714.0,,0.9231,95,partial,UKF + CTRV,IoU (goc),iou
MVI_40131,65,0,long,60,2.4,no_before,,,0.0,60,partial,UKF + CTRV,IoU (goc),iou
MVI_40171,1,0,medium,26,1.04,no_before,,,1.0,26,partial,UKF + CTRV,IoU (goc),iou
MVI_40171,6,0,long,41,1.64,preserved,21.0,21.0,0.9512,71,partial,UKF + CTRV,IoU (goc),iou
MVI_40171,7,0,long,56,2.24,no_before,,,0.2857,56,partial,UKF + CTRV,IoU (goc),iou
MVI_40171,8,0,short,12,0.48,no_before,,,0.0,726,partial,UKF + CTRV,IoU (goc),iou
MVI_40171,8,1,short,11,0.44,preserved,45.0,45.0,0.0,726,partial,UKF + CTRV,IoU (goc),iou
MVI_40171,8,3,medium,26,1.04,preserved,45.0,45.0,1.0,726,partial,UKF + CTRV,IoU (goc),iou
MVI_40171,8,4,medium,25,1.0,preserved,45.0,45.0,1.0,726,partial,UKF + CTRV,IoU (goc),iou
MVI_40171,8,5,medium,18,0.72,preserved,45.0,45.0,1.0,726,partial,UKF + CTRV,IoU (goc),iou
MVI_40171,8,6,short,12,0.48,preserved,45.0,45.0,1.0,726,partial,UKF + CTRV,IoU (goc),iou
MVI_40171,8,7,medium,32,1.28,switched,45.0,179.0,1.0,726,partial,UKF + CTRV,IoU (goc),iou
MVI_40171,8,8,medium,28,1.12,preserved,45.0,45.0,1.0,726,partial,UKF + CTRV,IoU (goc),iou
MVI_40171,8,9,medium,16,0.64,preserved,45.0,45.0,1.0,726,partial,UKF + CTRV,IoU (goc),iou
MVI_40171,9,1,short,10,0.4,preserved,52.0,52.0,0.9,61,partial,UKF + CTRV,IoU (goc),iou
MVI_40171,11,0,medium,27,1.08,preserved,59.0,59.0,1.0,91,partial,UKF + CTRV,IoU (goc),iou
MVI_40171,12,0,long,61,2.44,no_before,,,0.459,61,partial,UKF + CTRV,IoU (goc),iou
MVI_40171,14,0,medium,31,1.24,switched,92.0,100.0,0.7742,86,partial,UKF + CTRV,IoU (goc),iou
MVI_40171,15,0,long,66,2.64,no_before,,,0.5152,66,partial,UKF + CTRV,IoU (goc),iou
MVI_40171,16,0,long,61,2.44,no_before,,,0.8361,61,partial,UKF + CTRV,IoU (goc),iou
MVI_40171,17,0,short,11,0.44,no_before,,,0.2727,76,partial,UKF + CTRV,IoU (goc),iou
MVI_40171,18,0,long,209,8.36,switched,151.0,193.0,0.1196,786,partial,UKF + CTRV,IoU (goc),iou
MVI_40171,18,1,short,11,0.44,preserved,193.0,193.0,0.7273,786,partial,UKF + CTRV,IoU (goc),iou
MVI_40171,18,2,short,4,0.16,preserved,193.0,193.0,1.0,786,partial,UKF + CTRV,IoU (goc),iou
MVI_40171,18,3,short,4,0.16,preserved,193.0,193.0,0.5,786,partial,UKF + CTRV,IoU (goc),iou
MVI_40171,18,4,short,4,0.16,preserved,193.0,193.0,1.0,786,partial,UKF + CTRV,IoU (goc),iou
MVI_40171,19,0,long,61,2.44,no_before,,,0.8361,61,partial,UKF + CTRV,IoU (goc),iou
MVI_40171,22,0,long,69,2.76,lost,167.0,,0.7826,71,partial,UKF + CTRV,IoU (goc),iou
MVI_40171,23,0,long,62,2.48,preserved,187.0,187.0,0.8387,66,partial,UKF + CTRV,IoU (goc),iou
MVI_40171,25,0,long,66,2.64,no_before,,,0.7424,66,partial,UKF + CTRV,IoU (goc),iou
MVI_40171,26,0,long,47,1.88,no_before,,,0.8298,56,partial,UKF + CTRV,IoU (goc),iou
MVI_40171,27,0,medium,30,1.2,no_before,,,0.3667,76,partial,UKF + CTRV,IoU (goc),iou
MVI_40171,28,0,medium,21,0.84,no_before,,,0.9048,76,partial,UKF + CTRV,IoU (goc),iou
MVI_40171,29,0,long,53,2.12,no_before,,,0.7358,56,partial,UKF + CTRV,IoU (goc),iou
MVI_40171,31,0,medium,26,1.04,preserved,281.0,281.0,1.0,96,partial,UKF + CTRV,IoU (goc),iou
MVI_40171,34,0,long,66,2.64,lost,319.0,,0.8788,71,partial,UKF + CTRV,IoU (goc),iou
MVI_40171,35,0,long,62,2.48,preserved,327.0,327.0,0.871,76,partial,UKF + CTRV,IoU (goc),iou
MVI_40171,36,0,long,66,2.64,no_before,,,0.6364,66,partial,UKF + CTRV,IoU (goc),iou
MVI_40171,38,0,short,8,0.32,no_before,,,0.0,185,partial,UKF + CTRV,IoU (goc),iou
MVI_40171,39,0,long,70,2.8,lost,378.0,,0.7571,71,partial,UKF + CTRV,IoU (goc),iou
MVI_40171,40,0,medium,23,0.92,lost,400.0,,1.0,45,partial,UKF + CTRV,IoU (goc),iou
MVI_40171,41,0,long,99,3.96,switched,6.0,300.0,0.101,1150,partial,UKF + CTRV,IoU (goc),iou
MVI_40171,41,1,long,52,2.08,switched,300.0,402.0,0.0769,1150,partial,UKF + CTRV,IoU (goc),iou
MVI_40171,42,0,long,1150,46.0,no_before,,,0.0,1150,partial,UKF + CTRV,IoU (goc),iou
MVI_40171,43,0,long,1150,46.0,no_before,,,0.0,1150,partial,UKF + CTRV,IoU (goc),iou
MVI_40171,44,0,long,1150,46.0,no_before,,,0.0,1150,partial,UKF + CTRV,IoU (goc),iou
MVI_40172,16,0,long,180,7.2,no_before,,,0.0111,227,partial,UKF + CTRV,IoU (goc),iou
MVI_40172,35,0,long,39,1.56,no_before,,,0.8974,46,partial,UKF + CTRV,IoU (goc),iou
MVI_40172,36,0,medium,37,1.48,no_before,,,0.973,41,partial,UKF + CTRV,IoU (goc),iou
MVI_40172,40,0,medium,29,1.16,preserved,518.0,518.0,0.5517,71,partial,UKF + CTRV,IoU (goc),iou
MVI_40172,41,0,long,39,1.56,lost,522.0,,0.4615,41,partial,UKF + CTRV,IoU (goc),iou
MVI_40172,47,0,long,48,1.92,lost,556.0,,0.8958,51,partial,UKF + CTRV,IoU (goc),iou
MVI_40172,50,0,long,51,2.04,no_before,,,0.7451,51,partial,UKF + CTRV,IoU (goc),iou
MVI_40172,51,0,short,10,0.4,switched,570.0,573.0,0.5,81,partial,UKF + CTRV,IoU (goc),iou
MVI_40172,56,0,medium,28,1.12,lost,602.0,,1.0,61,partial,UKF + CTRV,IoU (goc),iou
MVI_40172,57,0,medium,37,1.48,preserved,608.0,608.0,1.0,51,partial,UKF + CTRV,IoU (goc),iou
MVI_40172,60,0,long,44,1.76,preserved,622.0,622.0,0.7955,66,partial,UKF + CTRV,IoU (goc),iou
MVI_40172,61,0,medium,13,0.52,preserved,623.0,623.0,1.0,36,partial,UKF + CTRV,IoU (goc),iou
MVI_40172,63,0,long,46,1.84,no_before,,,0.7391,46,partial,UKF + CTRV,IoU (goc),iou
MVI_40172,65,0,medium,29,1.16,switched,641.0,664.0,0.4483,46,partial,UKF + CTRV,IoU (goc),iou
MVI_40172,67,0,medium,31,1.24,no_before,,,0.6774,41,partial,UKF + CTRV,IoU (goc),iou
MVI_40172,79,0,long,114,4.56,no_before,,,0.0526,201,partial,UKF + CTRV,IoU (goc),iou
MVI_40172,95,0,long,40,1.6,lost,847.0,,0.85,41,partial,UKF + CTRV,IoU (goc),iou
MVI_40172,96,0,long,50,2.0,no_before,,,0.88,50,partial,UKF + CTRV,IoU (goc),iou
MVI_40172,99,0,long,50,2.0,switched,2.0,56.0,0.12,2635,partial,UKF + CTRV,IoU (goc),iou
MVI_40172,99,1,long,74,2.96,switched,56.0,243.0,0.0946,2635,partial,UKF + CTRV,IoU (goc),iou
MVI_40172,99,2,long,40,1.6,switched,243.0,812.0,0.125,2635,partial,UKF + CTRV,IoU (goc),iou
MVI_40172,100,0,long,2635,105.4,no_before,,,0.0,2635,partial,UKF + CTRV,IoU (goc),iou
MVI_40172,101,0,long,2635,105.4,no_before,,,0.0,2635,partial,UKF + CTRV,IoU (goc),iou
MVI_40172,102,0,long,2635,105.4,no_before,,,0.0,2635,partial,UKF + CTRV,IoU (goc),iou
MVI_40172,105,0,long,52,2.08,switched,3.0,65.0,0.0385,2635,partial,UKF + CTRV,IoU (goc),iou
MVI_40172,105,1,long,45,1.8,switched,65.0,230.0,0.0222,2635,partial,UKF + CTRV,IoU (goc),iou
MVI_40172,105,2,medium,21,0.84,no_before,,,0.0,2635,partial,UKF + CTRV,IoU (goc),iou
MVI_40172,105,3,long,39,1.56,switched,437.0,819.0,0.2051,2635,partial,UKF + CTRV,IoU (goc),iou
MVI_40204,6,0,long,86,3.44,no_before,,,0.2442,86,partial,UKF + CTRV,IoU (goc),iou
MVI_40204,9,0,long,66,2.64,no_before,,,0.0,66,partial,UKF + CTRV,IoU (goc),iou
MVI_40204,10,0,medium,32,1.28,lost,9.0,,0.375,76,partial,UKF + CTRV,IoU (goc),iou
MVI_40204,11,0,medium,31,1.24,switched,11.0,70.0,0.3871,66,partial,UKF + CTRV,IoU (goc),iou
MVI_40204,12,0,medium,16,0.64,no_before,,,0.375,16,partial,UKF + CTRV,IoU (goc),iou
MVI_40204,15,0,long,136,5.44,no_before,,,0.6618,136,partial,UKF + CTRV,IoU (goc),iou
MVI_40204,27,0,long,111,4.44,no_before,,,0.7928,111,partial,UKF + CTRV,IoU (goc),iou
MVI_40204,30,0,long,71,2.84,lost,132.0,,0.1831,141,partial,UKF + CTRV,IoU (goc),iou
MVI_40204,34,0,short,3,0.12,preserved,143.0,143.0,0.6667,116,partial,UKF + CTRV,IoU (goc),iou
MVI_40204,34,1,medium,25,1.0,lost,143.0,,0.24,116,partial,UKF + CTRV,IoU (goc),iou
MVI_40204,34,2,medium,25,1.0,lost,143.0,,0.0,116,partial,UKF + CTRV,IoU (goc),iou
MVI_40204,35,0,long,131,5.24,no_before,,,0.3053,131,partial,UKF + CTRV,IoU (goc),iou
MVI_40204,36,0,long,52,2.08,lost,150.0,,0.0,116,partial,UKF + CTRV,IoU (goc),iou
MVI_40204,39,0,medium,22,0.88,lost,227.0,,0.0,111,partial,UKF + CTRV,IoU (goc),iou
MVI_40204,40,0,long,39,1.56,lost,169.0,,0.0,151,partial,UKF + CTRV,IoU (goc),iou
MVI_40204,46,0,long,141,5.64,no_before,,,0.6454,141,partial,UKF + CTRV,IoU (goc),iou
MVI_40204,49,0,long,46,1.84,preserved,231.0,231.0,0.7391,151,partial,UKF + CTRV,IoU (goc),iou
MVI_40204,50,0,long,121,4.84,no_before,,,0.3967,121,partial,UKF + CTRV,IoU (goc),iou
MVI_40204,51,0,long,131,5.24,no_before,,,0.3359,131,partial,UKF + CTRV,IoU (goc),iou
MVI_40204,52,0,short,2,0.08,preserved,250.0,250.0,1.0,131,partial,UKF + CTRV,IoU (goc),iou
MVI_40204,60,0,long,131,5.24,no_before,,,0.313,131,partial,UKF + CTRV,IoU (goc),iou
MVI_40204,63,0,long,39,1.56,switched,360.0,411.0,0.5897,141,partial,UKF + CTRV,IoU (goc),iou
MVI_40204,64,0,long,130,5.2,no_before,,,0.5769,131,partial,UKF + CTRV,IoU (goc),iou
MVI_40204,65,0,long,141,5.64,no_before,,,0.1206,141,partial,UKF + CTRV,IoU (goc),iou
MVI_40204,67,0,long,58,2.32,lost,433.0,,0.0517,131,partial,UKF + CTRV,IoU (goc),iou
MVI_40204,68,0,medium,15,0.6,lost,458.0,,0.0,126,partial,UKF + CTRV,IoU (goc),iou
MVI_40204,71,0,long,116,4.64,no_before,,,0.2672,116,partial,UKF + CTRV,IoU (goc),iou
MVI_40204,72,0,medium,33,1.32,preserved,504.0,504.0,1.0,141,partial,UKF + CTRV,IoU (goc),iou
MVI_40204,73,0,long,136,5.44,no_before,,,0.3088,136,partial,UKF + CTRV,IoU (goc),iou
MVI_40204,74,0,long,116,4.64,no_before,,,0.4483,116,partial,UKF + CTRV,IoU (goc),iou
MVI_40204,78,0,medium,19,0.76,lost,553.0,,0.2632,131,partial,UKF + CTRV,IoU (goc),iou
MVI_40204,81,0,long,141,5.64,no_before,,,0.2979,141,partial,UKF + CTRV,IoU (goc),iou
MVI_40204,82,0,short,8,0.32,preserved,590.0,590.0,1.0,136,partial,UKF + CTRV,IoU (goc),iou
MVI_40204,82,1,long,40,1.6,lost,590.0,,0.825,136,partial,UKF + CTRV,IoU (goc),iou
MVI_40204,85,0,long,141,5.64,no_before,,,0.5319,141,partial,UKF + CTRV,IoU (goc),iou
MVI_40204,86,0,long,114,4.56,lost,631.0,,0.3158,136,partial,UKF + CTRV,IoU (goc),iou
MVI_40204,88,0,long,146,5.84,no_before,,,0.1233,146,partial,UKF + CTRV,IoU (goc),iou
MVI_40204,90,0,long,146,5.84,no_before,,,0.6918,146,partial,UKF + CTRV,IoU (goc),iou
MVI_40204,92,0,long,41,1.64,no_before,,,0.9512,156,partial,UKF + CTRV,IoU (goc),iou
MVI_40204,93,0,long,112,4.48,lost,687.0,,0.5,131,partial,UKF + CTRV,IoU (goc),iou
MVI_40204,96,0,long,82,3.28,switched,703.0,807.0,0.7195,161,partial,UKF + CTRV,IoU (goc),iou
MVI_40204,98,0,long,156,6.24,no_before,,,0.5705,156,partial,UKF + CTRV,IoU (goc),iou
MVI_40204,99,0,short,11,0.44,no_before,,,0.8182,151,partial,UKF + CTRV,IoU (goc),iou
MVI_40204,106,0,long,51,2.04,no_before,,,0.6275,126,partial,UKF + CTRV,IoU (goc),iou
MVI_40204,106,1,long,70,2.8,lost,812.0,,0.4,126,partial,UKF + CTRV,IoU (goc),iou
MVI_40204,108,0,long,151,6.04,no_before,,,0.4238,151,partial,UKF + CTRV,IoU (goc),iou
MVI_40204,110,0,long,75,3.0,lost,817.0,,0.1733,131,partial,UKF + CTRV,IoU (goc),iou
MVI_40204,112,0,long,40,1.6,no_before,,,0.0,146,partial,UKF + CTRV,IoU (goc),iou
MVI_40204,115,0,long,71,2.84,preserved,848.0,848.0,0.8169,151,partial,UKF + CTRV,IoU (goc),iou
MVI_40204,115,1,short,4,0.16,lost,848.0,,0.0,151,partial,UKF + CTRV,IoU (goc),iou
MVI_40204,116,0,long,146,5.84,no_before,,,0.0,146,partial,UKF + CTRV,IoU (goc),iou
MVI_40204,117,0,medium,31,1.24,lost,857.0,,0.2581,141,partial,UKF + CTRV,IoU (goc),iou
MVI_40204,117,1,short,9,0.36,lost,857.0,,0.0,141,partial,UKF + CTRV,IoU (goc),iou
MVI_40204,119,0,long,66,2.64,lost,866.0,,0.1061,151,partial,UKF + CTRV,IoU (goc),iou
MVI_40204,120,0,long,62,2.48,lost,896.0,,0.6613,156,partial,UKF + CTRV,IoU (goc),iou
MVI_40204,121,0,medium,21,0.84,no_before,,,0.9048,156,partial,UKF + CTRV,IoU (goc),iou
MVI_40204,122,0,long,141,5.64,no_before,,,0.1135,141,partial,UKF + CTRV,IoU (goc),iou
MVI_40204,126,0,long,43,1.72,switched,944.0,1071.0,0.5349,166,partial,UKF + CTRV,IoU (goc),iou
MVI_40204,126,1,short,4,0.16,no_before,,,0.0,166,partial,UKF + CTRV,IoU (goc),iou
MVI_40204,127,0,short,5,0.2,no_before,,,0.4,161,partial,UKF + CTRV,IoU (goc),iou
MVI_40204,128,0,medium,18,0.72,preserved,966.0,966.0,1.0,131,partial,UKF + CTRV,IoU (goc),iou
MVI_40204,128,1,long,98,3.92,lost,966.0,,0.2959,131,partial,UKF + CTRV,IoU (goc),iou
MVI_40204,129,0,long,156,6.24,no_before,,,0.2564,156,partial,UKF + CTRV,IoU (goc),iou
MVI_40204,133,0,long,53,2.12,lost,994.0,,0.283,106,partial,UKF + CTRV,IoU (goc),iou
MVI_40204,135,0,long,75,3.0,lost,1009.0,,0.1333,141,partial,UKF + CTRV,IoU (goc),iou
MVI_40204,137,0,long,63,2.52,lost,1040.0,,0.2857,126,partial,UKF + CTRV,IoU (goc),iou
MVI_40204,138,0,short,7,0.28,lost,1210.0,,0.0,166,partial,UKF + CTRV,IoU (goc),iou
MVI_40204,142,0,long,145,5.8,no_before,,,0.8345,146,partial,UKF + CTRV,IoU (goc),iou
MVI_40204,145,0,long,146,5.84,no_before,,,0.5411,161,partial,UKF + CTRV,IoU (goc),iou
MVI_40204,148,0,long,110,4.4,lost,1142.0,,0.3,151,partial,UKF + CTRV,IoU (goc),iou
MVI_40204,149,0,long,72,2.88,lost,1157.0,,0.1667,161,partial,UKF + CTRV,IoU (goc),iou
MVI_40204,150,0,long,146,5.84,no_before,,,0.7192,146,partial,UKF + CTRV,IoU (goc),iou
MVI_40204,153,0,long,129,5.16,lost,1177.0,,0.4574,171,partial,UKF + CTRV,IoU (goc),iou
MVI_40204,154,0,medium,28,1.12,no_before,,,0.5714,166,partial,UKF + CTRV,IoU (goc),iou
MVI_40204,158,0,medium,31,1.24,no_before,,,0.0,175,partial,UKF + CTRV,IoU (goc),iou
MVI_40204,161,0,medium,22,0.88,no_before,,,0.8636,170,partial,UKF + CTRV,IoU (goc),iou
MVI_40204,161,1,long,67,2.68,lost,1235.0,,0.1642,170,partial,UKF + CTRV,IoU (goc),iou
MVI_40204,162,0,long,151,6.04,no_before,,,0.0331,151,partial,UKF + CTRV,IoU (goc),iou
MVI_40204,165,1,long,139,5.56,lost,1265.0,,0.6259,145,partial,UKF + CTRV,IoU (goc),iou
MVI_40204,168,0,long,120,4.8,no_before,,,0.725,120,partial,UKF + CTRV,IoU (goc),iou
MVI_40204,173,0,long,65,2.6,no_before,,,0.9692,65,partial,UKF + CTRV,IoU (goc),iou
MVI_40204,177,0,medium,20,0.8,no_before,,,0.6,20,partial,UKF + CTRV,IoU (goc),iou
MVI_40751,2,0,long,72,2.88,switched,1.0,28.0,0.0833,1140,partial,UKF + CTRV,IoU (goc),iou
MVI_40751,2,1,long,175,7.0,switched,28.0,372.0,0.6514,1140,partial,UKF + CTRV,IoU (goc),iou
MVI_40751,2,2,short,9,0.36,preserved,372.0,372.0,1.0,1140,partial,UKF + CTRV,IoU (goc),iou
MVI_40751,2,3,short,6,0.24,preserved,372.0,372.0,1.0,1140,partial,UKF + CTRV,IoU (goc),iou
MVI_40751,2,4,long,410,16.4,preserved,372.0,372.0,1.0,1140,partial,UKF + CTRV,IoU (goc),iou
MVI_40751,3,0,long,58,2.32,no_before,,,0.9655,81,partial,UKF + CTRV,IoU (goc),iou
MVI_40751,4,1,long,46,1.84,preserved,2.0,2.0,1.0,141,partial,UKF + CTRV,IoU (goc),iou
MVI_40751,5,0,medium,19,0.76,no_before,,,0.0,146,partial,UKF + CTRV,IoU (goc),iou
MVI_40751,7,0,medium,19,0.76,no_before,,,0.0,186,partial,UKF + CTRV,IoU (goc),iou
MVI_40751,7,1,medium,14,0.56,preserved,65.0,65.0,1.0,186,partial,UKF + CTRV,IoU (goc),iou
MVI_40751,7,3,long,97,3.88,preserved,65.0,65.0,1.0,186,partial,UKF + CTRV,IoU (goc),iou
MVI_40751,8,1,short,4,0.16,preserved,117.0,117.0,1.0,920,partial,UKF + CTRV,IoU (goc),iou
MVI_40751,8,2,short,5,0.2,preserved,117.0,117.0,1.0,920,partial,UKF + CTRV,IoU (goc),iou
MVI_40751,8,3,short,10,0.4,preserved,117.0,117.0,1.0,920,partial,UKF + CTRV,IoU (goc),iou
MVI_40751,8,4,medium,24,0.96,preserved,117.0,117.0,1.0,920,partial,UKF + CTRV,IoU (goc),iou
MVI_40751,8,5,long,591,23.64,lost,117.0,,0.7783,920,partial,UKF + CTRV,IoU (goc),iou
MVI_40751,9,0,medium,34,1.36,preserved,156.0,156.0,1.0,96,partial,UKF + CTRV,IoU (goc),iou
MVI_40751,11,0,medium,32,1.28,no_before,,,0.4062,156,partial,UKF + CTRV,IoU (goc),iou
MVI_40751,11,1,long,89,3.56,preserved,179.0,179.0,0.9663,156,partial,UKF + CTRV,IoU (goc),iou
MVI_40751,15,0,long,223,8.92,lost,185.0,,1.0,775,partial,UKF + CTRV,IoU (goc),iou
MVI_40751,21,0,short,5,0.2,no_before,,,0.0,625,partial,UKF + CTRV,IoU (goc),iou
MVI_40751,21,1,long,612,24.48,lost,328.0,,0.0294,625,partial,UKF + CTRV,IoU (goc),iou
MVI_40751,23,0,short,11,0.44,preserved,358.0,358.0,1.0,66,partial,UKF + CTRV,IoU (goc),iou
MVI_40751,23,1,short,4,0.16,preserved,358.0,358.0,1.0,66,partial,UKF + CTRV,IoU (goc),iou
MVI_40751,28,0,short,3,0.12,preserved,438.0,438.0,1.0,405,partial,UKF + CTRV,IoU (goc),iou
MVI_40751,28,1,medium,15,0.6,preserved,438.0,438.0,1.0,405,partial,UKF + CTRV,IoU (goc),iou
MVI_40751,29,0,medium,23,0.92,preserved,460.0,460.0,1.0,370,partial,UKF + CTRV,IoU (goc),iou
MVI_40751,31,0,long,41,1.64,no_before,,,0.7073,43,partial,UKF + CTRV,IoU (goc),iou
MVI_40751,32,0,long,172,6.88,switched,486.0,520.0,0.8721,266,partial,UKF + CTRV,IoU (goc),iou
MVI_40751,33,0,medium,14,0.56,preserved,500.0,500.0,1.0,270,partial,UKF + CTRV,IoU (goc),iou
MVI_40751,35,0,medium,23,0.92,lost,528.0,,1.0,156,partial,UKF + CTRV,IoU (goc),iou
MVI_40751,36,0,long,77,3.08,lost,538.0,,1.0,195,partial,UKF + CTRV,IoU (goc),iou
MVI_40751,38,0,medium,13,0.52,preserved,556.0,556.0,1.0,140,partial,UKF + CTRV,IoU (goc),iou
MVI_40751,38,1,long,49,1.96,lost,556.0,,1.0,140,partial,UKF + CTRV,IoU (goc),iou
MVI_40751,41,0,long,45,1.8,no_before,,,0.3111,45,partial,UKF + CTRV,IoU (goc),iou
MVI_63554,3,0,short,11,0.44,no_before,,,0.6364,11,partial,UKF + CTRV,IoU (goc),iou
MVI_63554,4,0,medium,26,1.04,no_before,,,0.0,26,partial,UKF + CTRV,IoU (goc),iou
MVI_63554,5,0,long,40,1.6,no_before,,,0.925,41,partial,UKF + CTRV,IoU (goc),iou
MVI_63554,8,0,medium,13,0.52,no_before,,,0.3846,16,partial,UKF + CTRV,IoU (goc),iou
MVI_63554,9,0,long,55,2.2,lost,16.0,,0.0727,61,partial,UKF + CTRV,IoU (goc),iou
MVI_63554,11,0,long,52,2.08,lost,30.0,,0.0577,61,partial,UKF + CTRV,IoU (goc),iou
MVI_63554,13,0,medium,16,0.64,no_before,,,0.25,26,partial,UKF + CTRV,IoU (goc),iou
MVI_63554,15,0,long,65,2.6,lost,46.0,,0.9692,76,partial,UKF + CTRV,IoU (goc),iou
MVI_63554,19,0,long,62,2.48,switched,66.0,74.0,0.8548,81,partial,UKF + CTRV,IoU (goc),iou
MVI_63554,20,0,long,57,2.28,lost,68.0,,0.0,66,partial,UKF + CTRV,IoU (goc),iou
MVI_63554,22,0,long,61,2.44,no_before,,,0.3443,61,partial,UKF + CTRV,IoU (goc),iou
MVI_63554,23,0,long,45,1.8,switched,82.0,93.0,0.7556,81,partial,UKF + CTRV,IoU (goc),iou
MVI_63554,24,0,short,11,0.44,no_before,,,0.1818,21,partial,UKF + CTRV,IoU (goc),iou
MVI_63554,25,0,long,51,2.04,no_before,,,0.1176,56,partial,UKF + CTRV,IoU (goc),iou
MVI_63554,30,0,long,74,2.96,lost,133.0,,0.2027,81,partial,UKF + CTRV,IoU (goc),iou
MVI_63554,31,0,long,76,3.04,no_before,,,0.5263,76,partial,UKF + CTRV,IoU (goc),iou
MVI_63554,32,0,long,64,2.56,lost,138.0,,0.0938,71,partial,UKF + CTRV,IoU (goc),iou
MVI_63554,33,0,long,45,1.8,lost,147.0,,0.9556,81,partial,UKF + CTRV,IoU (goc),iou
MVI_63554,35,0,medium,16,0.64,no_before,,,0.8125,86,partial,UKF + CTRV,IoU (goc),iou
MVI_63554,36,0,long,59,2.36,lost,170.0,,0.0678,66,partial,UKF + CTRV,IoU (goc),iou
MVI_63554,41,0,medium,25,1.0,lost,194.0,,0.56,91,partial,UKF + CTRV,IoU (goc),iou
MVI_63554,42,0,short,11,0.44,no_before,,,0.1818,16,partial,UKF + CTRV,IoU (goc),iou
MVI_63554,43,0,long,62,2.48,lost,198.0,,0.0806,71,partial,UKF + CTRV,IoU (goc),iou
MVI_63554,44,0,long,64,2.56,lost,202.0,,0.7812,71,partial,UKF + CTRV,IoU (goc),iou
MVI_63554,47,0,long,59,2.36,lost,209.0,,0.1356,66,partial,UKF + CTRV,IoU (goc),iou
MVI_63554,49,0,long,54,2.16,lost,220.0,,0.8333,81,partial,UKF + CTRV,IoU (goc),iou
MVI_63554,50,0,long,63,2.52,lost,222.0,,0.254,71,partial,UKF + CTRV,IoU (goc),iou
MVI_63554,51,0,short,11,0.44,no_before,,,0.0,21,partial,UKF + CTRV,IoU (goc),iou
MVI_63554,55,0,long,62,2.48,lost,281.0,,0.7903,71,partial,UKF + CTRV,IoU (goc),iou
MVI_63554,56,0,long,48,1.92,no_before,,,0.0,51,partial,UKF + CTRV,IoU (goc),iou
MVI_63554,58,0,medium,21,0.84,preserved,292.0,292.0,0.9524,41,partial,UKF + CTRV,IoU (goc),iou
MVI_63554,60,0,medium,13,0.52,no_before,,,0.2308,21,partial,UKF + CTRV,IoU (goc),iou
MVI_63554,61,0,long,63,2.52,no_before,,,0.5079,66,partial,UKF + CTRV,IoU (goc),iou
MVI_63554,62,0,short,5,0.2,preserved,309.0,309.0,1.0,66,partial,UKF + CTRV,IoU (goc),iou
MVI_63554,62,1,medium,35,1.4,lost,309.0,,0.5429,66,partial,UKF + CTRV,IoU (goc),iou
MVI_63554,63,0,long,60,2.4,lost,314.0,,0.7,66,partial,UKF + CTRV,IoU (goc),iou
MVI_63554,64,0,long,42,1.68,no_before,,,0.0238,46,partial,UKF + CTRV,IoU (goc),iou
MVI_63554,68,0,long,57,2.28,lost,344.0,,0.0702,66,partial,UKF + CTRV,IoU (goc),iou
MVI_63554,69,0,medium,16,0.64,no_before,,,0.5625,26,partial,UKF + CTRV,IoU (goc),iou
MVI_63554,72,0,medium,20,0.8,lost,358.0,,0.35,101,partial,UKF + CTRV,IoU (goc),iou
MVI_63554,73,0,long,50,2.0,preserved,361.0,361.0,0.88,61,partial,UKF + CTRV,IoU (goc),iou
MVI_63554,76,0,medium,13,0.52,no_before,,,0.3077,21,partial,UKF + CTRV,IoU (goc),iou
MVI_63554,77,0,long,56,2.24,lost,371.0,,0.0714,61,partial,UKF + CTRV,IoU (goc),iou
MVI_63554,79,0,long,61,2.44,no_before,,,0.3934,71,partial,UKF + CTRV,IoU (goc),iou
MVI_63554,80,0,long,55,2.2,lost,379.0,,0.8364,61,partial,UKF + CTRV,IoU (goc),iou
MVI_63554,81,0,short,10,0.4,no_before,,,0.5,81,partial,UKF + CTRV,IoU (goc),iou
MVI_63554,82,0,long,53,2.12,no_before,,,0.0755,56,partial,UKF + CTRV,IoU (goc),iou
MVI_63554,83,0,medium,15,0.6,no_before,,,0.1333,21,partial,UKF + CTRV,IoU (goc),iou
MVI_63554,86,0,long,49,1.96,no_before,,,0.0,56,partial,UKF + CTRV,IoU (goc),iou
MVI_63554,87,0,medium,31,1.24,preserved,408.0,408.0,0.871,61,partial,UKF + CTRV,IoU (goc),iou
MVI_63554,88,0,medium,13,0.52,no_before,,,0.2308,16,partial,UKF + CTRV,IoU (goc),iou
MVI_63554,90,0,medium,20,0.8,lost,420.0,,0.85,86,partial,UKF + CTRV,IoU (goc),iou
MVI_63554,92,0,long,50,2.0,lost,426.0,,0.1,56,partial,UKF + CTRV,IoU (goc),iou
MVI_63554,93,0,long,39,1.56,preserved,432.0,432.0,0.7949,71,partial,UKF + CTRV,IoU (goc),iou
MVI_63554,93,3,short,9,0.36,lost,432.0,,0.0,71,partial,UKF + CTRV,IoU (goc),iou
MVI_63554,94,0,medium,26,1.04,preserved,434.0,434.0,1.0,56,partial,UKF + CTRV,IoU (goc),iou
MVI_63554,95,0,long,51,2.04,preserved,442.0,442.0,0.7059,81,partial,UKF + CTRV,IoU (goc),iou
MVI_63554,96,0,medium,15,0.6,no_before,,,0.0667,26,partial,UKF + CTRV,IoU (goc),iou
MVI_63554,98,0,long,64,2.56,lost,451.0,,0.7188,71,partial,UKF + CTRV,IoU (goc),iou
MVI_63554,99,0,medium,15,0.6,no_before,,,0.6667,26,partial,UKF + CTRV,IoU (goc),iou
MVI_63554,101,0,long,48,1.92,no_before,,,0.0417,51,partial,UKF + CTRV,IoU (goc),iou
MVI_63554,102,0,medium,14,0.56,no_before,,,0.0714,26,partial,UKF + CTRV,IoU (goc),iou
MVI_63554,103,0,medium,17,0.68,lost,492.0,,0.5294,71,partial,UKF + CTRV,IoU (goc),iou
MVI_63554,105,0,long,61,2.44,lost,496.0,,0.7541,66,partial,UKF + CTRV,IoU (goc),iou
MVI_63554,108,0,long,44,1.76,no_before,,,0.0,51,partial,UKF + CTRV,IoU (goc),iou
MVI_63554,109,0,medium,18,0.72,no_before,,,0.2778,31,partial,UKF + CTRV,IoU (goc),iou
MVI_63554,112,0,medium,31,1.24,no_before,,,0.6129,61,partial,UKF + CTRV,IoU (goc),iou
MVI_63554,115,0,long,53,2.12,lost,553.0,,0.0943,61,partial,UKF + CTRV,IoU (goc),iou
MVI_63554,116,0,medium,15,0.6,no_before,,,0.2,26,partial,UKF + CTRV,IoU (goc),iou
MVI_63554,117,0,long,53,2.12,lost,560.0,,0.4528,61,partial,UKF + CTRV,IoU (goc),iou
MVI_63554,120,0,medium,15,0.6,no_before,,,0.2,26,partial,UKF + CTRV,IoU (goc),iou
MVI_63554,123,0,long,60,2.4,no_before,,,0.4,61,partial,UKF + CTRV,IoU (goc),iou
MVI_63554,124,0,long,54,2.16,no_before,,,0.1111,61,partial,UKF + CTRV,IoU (goc),iou
MVI_63554,126,0,medium,37,1.48,lost,605.0,,0.9189,56,partial,UKF + CTRV,IoU (goc),iou
MVI_63554,129,0,medium,13,0.52,no_before,,,0.3846,21,partial,UKF + CTRV,IoU (goc),iou
MVI_63554,132,0,short,12,0.48,no_before,,,0.4167,26,partial,UKF + CTRV,IoU (goc),iou
MVI_63554,134,0,long,55,2.2,lost,656.0,,0.6909,61,partial,UKF + CTRV,IoU (goc),iou
MVI_63554,137,0,short,12,0.48,no_before,,,0.1667,16,partial,UKF + CTRV,IoU (goc),iou
MVI_63554,139,0,long,48,1.92,lost,678.0,,0.875,56,partial,UKF + CTRV,IoU (goc),iou
MVI_63554,142,0,medium,15,0.6,no_before,,,0.4,26,partial,UKF + CTRV,IoU (goc),iou
MVI_63554,143,0,long,57,2.28,lost,688.0,,0.8772,66,partial,UKF + CTRV,IoU (goc),iou
MVI_63554,147,0,long,39,1.56,lost,701.0,,0.0769,46,partial,UKF + CTRV,IoU (goc),iou
MVI_63554,148,0,short,8,0.32,preserved,698.0,698.0,1.0,56,partial,UKF + CTRV,IoU (goc),iou
MVI_63554,151,0,short,12,0.48,no_before,,,0.5833,21,partial,UKF + CTRV,IoU (goc),iou
MVI_63554,152,0,short,10,0.4,preserved,716.0,716.0,1.0,61,partial,UKF + CTRV,IoU (goc),iou
MVI_63554,152,1,short,2,0.08,preserved,716.0,716.0,1.0,61,partial,UKF + CTRV,IoU (goc),iou
MVI_63554,152,2,short,5,0.2,lost,716.0,,0.0,61,partial,UKF + CTRV,IoU (goc),iou
MVI_63554,153,0,medium,14,0.56,no_before,,,0.3571,20,partial,UKF + CTRV,IoU (goc),iou
MVI_63554,155,0,long,49,1.96,lost,724.0,,0.0816,56,partial,UKF + CTRV,IoU (goc),iou
MVI_63554,158,0,long,54,2.16,lost,739.0,,0.8889,66,partial,UKF + CTRV,IoU (goc),iou
MVI_63554,160,0,short,12,0.48,no_before,,,0.3333,21,partial,UKF + CTRV,IoU (goc),iou
MVI_63554,162,0,long,54,2.16,lost,747.0,,0.7407,61,partial,UKF + CTRV,IoU (goc),iou
MVI_63554,163,0,long,54,2.16,no_before,,,0.9259,71,partial,UKF + CTRV,IoU (goc),iou
MVI_63554,164,0,long,66,2.64,no_before,,,1.0,66,partial,UKF + CTRV,IoU (goc),iou
MVI_63554,165,0,long,52,2.08,lost,762.0,,0.0577,56,partial,UKF + CTRV,IoU (goc),iou
MVI_63554,168,0,long,53,2.12,lost,787.0,,0.8491,61,partial,UKF + CTRV,IoU (goc),iou
MVI_63554,169,0,medium,14,0.56,no_before,,,0.7143,21,partial,UKF + CTRV,IoU (goc),iou
MVI_63554,171,0,long,50,2.0,lost,807.0,,0.1,56,partial,UKF + CTRV,IoU (goc),iou
MVI_63554,174,0,short,11,0.44,no_before,,,0.3636,16,partial,UKF + CTRV,IoU (goc),iou
MVI_63554,175,0,long,59,2.36,lost,816.0,,0.7288,66,partial,UKF + CTRV,IoU (goc),iou
MVI_63554,177,0,long,51,2.04,lost,825.0,,0.098,56,partial,UKF + CTRV,IoU (goc),iou
MVI_63554,180,0,short,9,0.36,no_before,,,0.8889,16,partial,UKF + CTRV,IoU (goc),iou
MVI_63554,182,0,long,51,2.04,lost,850.0,,0.098,56,partial,UKF + CTRV,IoU (goc),iou
MVI_63554,183,0,short,8,0.32,no_before,,,0.125,21,partial,UKF + CTRV,IoU (goc),iou
MVI_63554,185,0,long,39,1.56,no_before,,,0.8205,40,partial,UKF + CTRV,IoU (goc),iou
MVI_63554,186,0,medium,18,0.72,lost,859.0,,0.1111,25,partial,UKF + CTRV,IoU (goc),iou
MVI_63554,188,0,short,11,0.44,no_before,,,0.3636,15,partial,UKF + CTRV,IoU (goc),iou
MVI_63554,189,0,medium,14,0.56,no_before,,,0.7143,31,partial,UKF + CTRV,IoU (goc),iou
MVI_63554,190,0,medium,17,0.68,no_before,,,0.4118,31,partial,UKF + CTRV,IoU (goc),iou
MVI_40131,1,0,long,61,2.44,switched,4.0,117.0,0.0,486,full,UKF + CTRV,IoU (goc),iou
MVI_40131,19,0,long,54,2.16,switched,79.0,410.0,0.0,1086,full,UKF + CTRV,IoU (goc),iou
MVI_40131,35,0,long,50,2.0,switched,261.0,438.0,0.0,456,full,UKF + CTRV,IoU (goc),iou
MVI_40171,9,0,short,1,0.04,preserved,52.0,52.0,1.0,61,full,UKF + CTRV,IoU (goc),iou
MVI_40171,9,1,short,10,0.4,preserved,52.0,52.0,0.9,61,full,UKF + CTRV,IoU (goc),iou
MVI_40171,26,0,short,3,0.12,preserved,234.0,234.0,0.6667,56,full,UKF + CTRV,IoU (goc),iou
MVI_40171,41,0,long,66,2.64,switched,6.0,300.0,0.0,1150,full,UKF + CTRV,IoU (goc),iou
MVI_40171,41,1,long,38,1.52,switched,300.0,402.0,0.0,1150,full,UKF + CTRV,IoU (goc),iou
MVI_40171,42,0,medium,14,0.56,no_before,,,0.0,1150,full,UKF + CTRV,IoU (goc),iou
MVI_40171,42,1,short,1,0.04,no_before,,,0.0,1150,full,UKF + CTRV,IoU (goc),iou
MVI_40171,42,2,short,2,0.08,no_before,,,0.0,1150,full,UKF + CTRV,IoU (goc),iou
MVI_40171,42,3,long,772,30.88,no_before,,,0.0,1150,full,UKF + CTRV,IoU (goc),iou
MVI_40171,42,4,long,142,5.68,no_before,,,0.0,1150,full,UKF + CTRV,IoU (goc),iou
MVI_40171,43,0,long,121,4.84,no_before,,,0.0,1150,full,UKF + CTRV,IoU (goc),iou
MVI_40171,43,1,long,1012,40.48,no_before,,,0.0,1150,full,UKF + CTRV,IoU (goc),iou
MVI_40171,44,0,long,141,5.64,no_before,,,0.0,1150,full,UKF + CTRV,IoU (goc),iou
MVI_40171,44,1,long,989,39.56,no_before,,,0.0,1150,full,UKF + CTRV,IoU (goc),iou
MVI_40172,16,0,long,158,6.32,no_before,,,0.0,227,full,UKF + CTRV,IoU (goc),iou
MVI_40172,99,0,long,42,1.68,switched,2.0,56.0,0.0,2635,full,UKF + CTRV,IoU (goc),iou
MVI_40172,99,1,long,40,1.6,switched,56.0,243.0,0.0,2635,full,UKF + CTRV,IoU (goc),iou
MVI_40172,99,2,medium,15,0.6,switched,243.0,812.0,0.0,2635,full,UKF + CTRV,IoU (goc),iou
MVI_40172,100,0,long,2225,89.0,no_before,,,0.0,2635,full,UKF + CTRV,IoU (goc),iou
MVI_40172,101,0,long,1489,59.56,no_before,,,0.0,2635,full,UKF + CTRV,IoU (goc),iou
MVI_40172,101,1,long,148,5.92,no_before,,,0.0,2635,full,UKF + CTRV,IoU (goc),iou
MVI_40172,101,2,long,526,21.04,no_before,,,0.0,2635,full,UKF + CTRV,IoU (goc),iou
MVI_40172,101,3,short,2,0.08,no_before,,,0.0,2635,full,UKF + CTRV,IoU (goc),iou
MVI_40172,101,4,short,9,0.36,no_before,,,0.0,2635,full,UKF + CTRV,IoU (goc),iou
MVI_40172,101,5,medium,19,0.76,no_before,,,0.0,2635,full,UKF + CTRV,IoU (goc),iou
MVI_40172,102,0,long,395,15.8,no_before,,,0.0,2635,full,UKF + CTRV,IoU (goc),iou
MVI_40172,102,1,long,1062,42.48,no_before,,,0.0,2635,full,UKF + CTRV,IoU (goc),iou
MVI_40172,102,2,short,7,0.28,no_before,,,0.0,2635,full,UKF + CTRV,IoU (goc),iou
MVI_40172,102,3,short,1,0.04,no_before,,,0.0,2635,full,UKF + CTRV,IoU (goc),iou
MVI_40172,102,4,short,2,0.08,no_before,,,0.0,2635,full,UKF + CTRV,IoU (goc),iou
MVI_40172,102,5,long,53,2.12,no_before,,,0.0,2635,full,UKF + CTRV,IoU (goc),iou
MVI_40172,102,6,short,5,0.2,no_before,,,0.0,2635,full,UKF + CTRV,IoU (goc),iou
MVI_40172,102,7,medium,19,0.76,no_before,,,0.0,2635,full,UKF + CTRV,IoU (goc),iou
MVI_40172,102,8,long,67,2.68,no_before,,,0.0,2635,full,UKF + CTRV,IoU (goc),iou
MVI_40172,102,9,long,87,3.48,no_before,,,0.0,2635,full,UKF + CTRV,IoU (goc),iou
MVI_40172,102,10,short,2,0.08,no_before,,,0.0,2635,full,UKF + CTRV,IoU (goc),iou
MVI_40172,102,11,long,95,3.8,no_before,,,0.0,2635,full,UKF + CTRV,IoU (goc),iou
MVI_40172,105,0,long,47,1.88,switched,3.0,65.0,0.0,2635,full,UKF + CTRV,IoU (goc),iou
MVI_40172,105,1,long,42,1.68,switched,65.0,230.0,0.0,2635,full,UKF + CTRV,IoU (goc),iou
MVI_40172,105,2,short,7,0.28,no_before,,,0.0,2635,full,UKF + CTRV,IoU (goc),iou
MVI_40172,105,3,medium,20,0.8,switched,437.0,819.0,0.0,2635,full,UKF + CTRV,IoU (goc),iou
MVI_40204,15,0,short,1,0.04,lost,25.0,,0.0,136,full,UKF + CTRV,IoU (goc),iou
MVI_40204,35,0,medium,21,0.84,no_before,,,0.0,131,full,UKF + CTRV,IoU (goc),iou
MVI_40204,35,1,short,9,0.36,no_before,,,0.0,131,full,UKF + CTRV,IoU (goc),iou
MVI_40204,51,0,short,3,0.12,preserved,368.0,368.0,0.0,131,full,UKF + CTRV,IoU (goc),iou
MVI_40204,51,1,short,6,0.24,lost,368.0,,0.1667,131,full,UKF + CTRV,IoU (goc),iou
MVI_40204,51,2,short,1,0.04,lost,368.0,,0.0,131,full,UKF + CTRV,IoU (goc),iou
MVI_40204,60,0,short,1,0.04,lost,307.0,,0.0,131,full,UKF + CTRV,IoU (goc),iou
MVI_40204,60,1,short,1,0.04,no_before,,,0.0,131,full,UKF + CTRV,IoU (goc),iou
MVI_40204,65,0,short,3,0.12,no_before,,,0.0,141,full,UKF + CTRV,IoU (goc),iou
MVI_40204,71,0,medium,16,0.64,lost,536.0,,0.0,116,full,UKF + CTRV,IoU (goc),iou
MVI_40204,71,1,short,1,0.04,no_before,,,0.0,116,full,UKF + CTRV,IoU (goc),iou
MVI_40204,81,0,short,9,0.36,no_before,,,0.0,141,full,UKF + CTRV,IoU (goc),iou
MVI_40204,81,1,short,3,0.12,no_before,,,0.0,141,full,UKF + CTRV,IoU (goc),iou
MVI_40204,85,0,short,12,0.48,lost,722.0,,0.0,141,full,UKF + CTRV,IoU (goc),iou
MVI_40204,85,1,short,7,0.28,lost,722.0,,0.0,141,full,UKF + CTRV,IoU (goc),iou
MVI_40204,88,0,short,2,0.08,lost,740.0,,0.0,146,full,UKF + CTRV,IoU (goc),iou
MVI_40204,88,1,short,1,0.04,lost,740.0,,0.0,146,full,UKF + CTRV,IoU (goc),iou
MVI_40204,88,2,short,1,0.04,lost,740.0,,0.0,146,full,UKF + CTRV,IoU (goc),iou
MVI_40204,90,0,short,8,0.32,preserved,675.0,675.0,0.75,146,full,UKF + CTRV,IoU (goc),iou
MVI_40204,90,1,short,4,0.16,preserved,675.0,675.0,0.75,146,full,UKF + CTRV,IoU (goc),iou
MVI_40204,90,2,short,1,0.04,lost,675.0,,1.0,146,full,UKF + CTRV,IoU (goc),iou
MVI_40204,90,3,short,1,0.04,lost,675.0,,0.0,146,full,UKF + CTRV,IoU (goc),iou
MVI_40204,90,4,medium,18,0.72,lost,675.0,,0.0,146,full,UKF + CTRV,IoU (goc),iou
MVI_40204,98,0,long,53,2.12,lost,712.0,,0.0,156,full,UKF + CTRV,IoU (goc),iou
MVI_40204,108,0,short,1,0.04,preserved,799.0,799.0,0.0,151,full,UKF + CTRV,IoU (goc),iou
MVI_40204,116,0,short,1,0.04,no_before,,,0.0,146,full,UKF + CTRV,IoU (goc),iou
MVI_40204,116,1,short,1,0.04,no_before,,,0.0,146,full,UKF + CTRV,IoU (goc),iou
MVI_40204,128,0,short,10,0.4,lost,966.0,,0.0,131,full,UKF + CTRV,IoU (goc),iou
MVI_40204,129,0,short,1,0.04,no_before,,,0.0,156,full,UKF + CTRV,IoU (goc),iou
MVI_40204,129,1,short,2,0.08,no_before,,,0.0,156,full,UKF + CTRV,IoU (goc),iou
MVI_40204,162,0,short,1,0.04,no_before,,,0.0,151,full,UKF + CTRV,IoU (goc),iou
MVI_40204,162,1,short,1,0.04,no_before,,,0.0,151,full,UKF + CTRV,IoU (goc),iou
MVI_40204,162,2,short,2,0.08,no_before,,,0.0,151,full,UKF + CTRV,IoU (goc),iou
MVI_40204,162,3,medium,14,0.56,no_before,,,0.0,151,full,UKF + CTRV,IoU (goc),iou
MVI_40204,165,0,short,6,0.24,switched,1405.0,1464.0,0.0,145,full,UKF + CTRV,IoU (goc),iou
MVI_40204,168,0,short,1,0.04,preserved,1449.0,1449.0,1.0,120,full,UKF + CTRV,IoU (goc),iou
MVI_40751,2,0,long,47,1.88,switched,1.0,28.0,0.0,1140,full,UKF + CTRV,IoU (goc),iou
MVI_40751,21,0,short,12,0.48,lost,328.0,,0.0,625,full,UKF + CTRV,IoU (goc),iou
MVI_40751,21,1,short,4,0.16,lost,328.0,,0.0,625,full,UKF + CTRV,IoU (goc),iou
MVI_40751,21,2,short,4,0.16,no_before,,,0.0,625,full,UKF + CTRV,IoU (goc),iou
MVI_40751,21,3,short,3,0.12,no_before,,,0.0,625,full,UKF + CTRV,IoU (goc),iou
MVI_40751,21,4,short,2,0.08,no_before,,,0.0,625,full,UKF + CTRV,IoU (goc),iou
MVI_40751,21,5,short,4,0.16,no_before,,,0.0,625,full,UKF + CTRV,IoU (goc),iou
MVI_40751,21,6,short,4,0.16,no_before,,,0.0,625,full,UKF + CTRV,IoU (goc),iou
MVI_63554,4,0,short,3,0.12,no_before,,,0.0,26,full,UKF + CTRV,IoU (goc),iou
MVI_63554,4,1,short,6,0.24,no_before,,,0.0,26,full,UKF + CTRV,IoU (goc),iou
MVI_63554,8,0,short,2,0.08,no_before,,,0.0,16,full,UKF + CTRV,IoU (goc),iou
MVI_63554,9,0,medium,35,1.4,lost,16.0,,0.0,61,full,UKF + CTRV,IoU (goc),iou
MVI_63554,20,0,short,1,0.04,lost,68.0,,0.0,66,full,UKF + CTRV,IoU (goc),iou
MVI_63554,25,0,medium,19,0.76,lost,87.0,,0.0,56,full,UKF + CTRV,IoU (goc),iou
MVI_63554,32,0,long,57,2.28,lost,138.0,,0.0,71,full,UKF + CTRV,IoU (goc),iou
MVI_63554,36,0,long,49,1.96,lost,170.0,,0.0,66,full,UKF + CTRV,IoU (goc),iou
MVI_63554,42,0,short,1,0.04,no_before,,,0.0,16,full,UKF + CTRV,IoU (goc),iou
MVI_63554,43,0,long,55,2.2,lost,198.0,,0.0,71,full,UKF + CTRV,IoU (goc),iou
MVI_63554,56,0,medium,30,1.2,no_before,,,0.0,51,full,UKF + CTRV,IoU (goc),iou
MVI_63554,56,1,short,9,0.36,no_before,,,0.0,51,full,UKF + CTRV,IoU (goc),iou
MVI_63554,61,0,short,1,0.04,no_before,,,0.0,66,full,UKF + CTRV,IoU (goc),iou
MVI_63554,61,1,short,6,0.24,no_before,,,0.0,66,full,UKF + CTRV,IoU (goc),iou
MVI_63554,64,0,medium,37,1.48,lost,316.0,,0.0,46,full,UKF + CTRV,IoU (goc),iou
MVI_63554,68,0,long,51,2.04,lost,344.0,,0.0,66,full,UKF + CTRV,IoU (goc),iou
MVI_63554,77,0,medium,20,0.8,lost,371.0,,0.0,61,full,UKF + CTRV,IoU (goc),iou
MVI_63554,79,0,short,9,0.36,switched,378.0,401.0,0.2222,71,full,UKF + CTRV,IoU (goc),iou
MVI_63554,82,0,long,47,1.88,lost,382.0,,0.0,56,full,UKF + CTRV,IoU (goc),iou
MVI_63554,83,0,short,5,0.2,no_before,,,0.0,21,full,UKF + CTRV,IoU (goc),iou
MVI_63554,86,0,long,43,1.72,no_before,,,0.0,56,full,UKF + CTRV,IoU (goc),iou
MVI_63554,88,0,short,3,0.12,no_before,,,0.0,16,full,UKF + CTRV,IoU (goc),iou
MVI_63554,92,0,medium,14,0.56,switched,426.0,444.0,0.0,56,full,UKF + CTRV,IoU (goc),iou
MVI_63554,92,1,short,8,0.32,switched,426.0,444.0,0.0,56,full,UKF + CTRV,IoU (goc),iou
MVI_63554,96,0,short,4,0.16,no_before,,,0.0,26,full,UKF + CTRV,IoU (goc),iou
MVI_63554,101,0,long,42,1.68,lost,483.0,,0.0,51,full,UKF + CTRV,IoU (goc),iou
MVI_63554,108,0,long,39,1.56,no_before,,,0.0,51,full,UKF + CTRV,IoU (goc),iou
MVI_63554,115,0,short,3,0.12,lost,553.0,,0.0,61,full,UKF + CTRV,IoU (goc),iou
MVI_63554,115,1,short,9,0.36,lost,553.0,,0.0,61,full,UKF + CTRV,IoU (goc),iou
MVI_63554,116,0,short,2,0.08,no_before,,,0.0,26,full,UKF + CTRV,IoU (goc),iou
MVI_63554,120,0,short,4,0.16,no_before,,,0.0,26,full,UKF + CTRV,IoU (goc),iou
MVI_63554,124,0,medium,24,0.96,lost,603.0,,0.0,61,full,UKF + CTRV,IoU (goc),iou
MVI_63554,124,1,medium,19,0.76,lost,603.0,,0.0,61,full,UKF + CTRV,IoU (goc),iou
MVI_63554,129,0,short,2,0.08,no_before,,,0.0,21,full,UKF + CTRV,IoU (goc),iou
MVI_63554,137,0,short,3,0.12,no_before,,,0.0,16,full,UKF + CTRV,IoU (goc),iou
MVI_63554,147,0,medium,28,1.12,lost,701.0,,0.0,46,full,UKF + CTRV,IoU (goc),iou
MVI_63554,151,0,short,1,0.04,no_before,,,0.0,21,full,UKF + CTRV,IoU (goc),iou
MVI_63554,153,0,short,2,0.08,no_before,,,0.0,20,full,UKF + CTRV,IoU (goc),iou
MVI_63554,155,0,medium,19,0.76,lost,724.0,,0.0,56,full,UKF + CTRV,IoU (goc),iou
MVI_63554,165,0,medium,20,0.8,lost,762.0,,0.0,56,full,UKF + CTRV,IoU (goc),iou
MVI_63554,165,1,medium,22,0.88,lost,762.0,,0.0,56,full,UKF + CTRV,IoU (goc),iou
MVI_63554,171,0,medium,33,1.32,lost,807.0,,0.0,56,full,UKF + CTRV,IoU (goc),iou
MVI_63554,174,0,short,2,0.08,no_before,,,0.0,16,full,UKF + CTRV,IoU (goc),iou
MVI_63554,177,0,medium,13,0.52,no_before,,,0.0,56,full,UKF + CTRV,IoU (goc),iou
MVI_63554,182,0,long,38,1.52,lost,850.0,,0.0,56,full,UKF + CTRV,IoU (goc),iou
MVI_40131,1,0,long,120,4.8,switched,4.0,112.0,0.2583,486,partial,UKF + CTRV,DIoU,diou
MVI_40131,12,0,long,81,3.24,no_before,,,0.5062,326,partial,UKF + CTRV,DIoU,diou
MVI_40131,16,0,long,52,2.08,switched,68.0,90.0,0.1923,256,partial,UKF + CTRV,DIoU,diou
MVI_40131,16,1,medium,22,0.88,preserved,90.0,90.0,1.0,256,partial,UKF + CTRV,DIoU,diou
MVI_40131,17,0,long,64,2.56,no_before,,,0.375,171,partial,UKF + CTRV,DIoU,diou
MVI_40131,19,0,medium,19,0.76,preserved,75.0,75.0,0.4211,1086,partial,UKF + CTRV,DIoU,diou
MVI_40131,19,1,long,114,4.56,switched,75.0,376.0,0.2456,1086,partial,UKF + CTRV,DIoU,diou
MVI_40131,19,2,medium,18,0.72,preserved,376.0,376.0,1.0,1086,partial,UKF + CTRV,DIoU,diou
MVI_40131,19,3,short,6,0.24,preserved,376.0,376.0,1.0,1086,partial,UKF + CTRV,DIoU,diou
MVI_40131,19,4,medium,13,0.52,preserved,455.0,455.0,1.0,1086,partial,UKF + CTRV,DIoU,diou
MVI_40131,19,5,long,72,2.88,switched,376.0,455.0,1.0,1086,partial,UKF + CTRV,DIoU,diou
MVI_40131,19,6,medium,29,1.16,preserved,455.0,455.0,1.0,1086,partial,UKF + CTRV,DIoU,diou
MVI_40131,20,0,short,5,0.2,no_before,,,0.0,406,partial,UKF + CTRV,DIoU,diou
MVI_40131,20,1,long,62,2.48,no_before,,,0.0968,406,partial,UKF + CTRV,DIoU,diou
MVI_40131,20,2,short,7,0.28,preserved,126.0,126.0,1.0,406,partial,UKF + CTRV,DIoU,diou
MVI_40131,23,0,medium,25,1.0,no_before,,,0.24,226,partial,UKF + CTRV,DIoU,diou
MVI_40131,25,0,long,177,7.08,preserved,142.0,142.0,0.9266,321,partial,UKF + CTRV,DIoU,diou
MVI_40131,26,0,long,84,3.36,preserved,157.0,157.0,0.6905,231,partial,UKF + CTRV,DIoU,diou
MVI_40131,29,0,long,102,4.08,switched,220.0,387.0,0.9412,816,partial,UKF + CTRV,DIoU,diou
MVI_40131,30,0,short,9,0.36,preserved,191.0,191.0,1.0,296,partial,UKF + CTRV,DIoU,diou
MVI_40131,30,1,long,51,2.04,preserved,191.0,191.0,0.902,296,partial,UKF + CTRV,DIoU,diou
MVI_40131,31,0,medium,24,0.96,no_before,,,0.0,221,partial,UKF + CTRV,DIoU,diou
MVI_40131,31,1,short,8,0.32,no_before,,,0.0,221,partial,UKF + CTRV,DIoU,diou
MVI_40131,34,0,long,65,2.6,no_before,,,0.8769,281,partial,UKF + CTRV,DIoU,diou
MVI_40131,35,0,long,97,3.88,switched,240.0,393.0,0.2577,456,partial,UKF + CTRV,DIoU,diou
MVI_40131,35,1,medium,26,1.04,preserved,393.0,393.0,1.0,456,partial,UKF + CTRV,DIoU,diou
MVI_40131,36,0,medium,29,1.16,no_before,,,0.5517,226,partial,UKF + CTRV,DIoU,diou
MVI_40131,37,0,long,210,8.4,no_before,,,0.2286,421,partial,UKF + CTRV,DIoU,diou
MVI_40131,37,1,medium,33,1.32,preserved,442.0,442.0,1.0,421,partial,UKF + CTRV,DIoU,diou
MVI_40131,38,0,long,51,2.04,preserved,314.0,314.0,0.8039,306,partial,UKF + CTRV,DIoU,diou
MVI_40131,39,0,long,100,4.0,no_before,,,0.86,241,partial,UKF + CTRV,DIoU,diou
MVI_40131,39,1,long,55,2.2,preserved,304.0,304.0,1.0,241,partial,UKF + CTRV,DIoU,diou
MVI_40131,40,0,long,119,4.76,no_before,,,0.7899,366,partial,UKF + CTRV,DIoU,diou
MVI_40131,40,1,short,11,0.44,preserved,415.0,415.0,1.0,366,partial,UKF + CTRV,DIoU,diou
MVI_40131,40,3,medium,15,0.6,preserved,415.0,415.0,1.0,366,partial,UKF + CTRV,DIoU,diou
MVI_40131,40,4,short,8,0.32,preserved,415.0,415.0,1.0,366,partial,UKF + CTRV,DIoU,diou
MVI_40131,41,0,long,43,1.72,no_before,,,0.6047,281,partial,UKF + CTRV,DIoU,diou
MVI_40131,45,0,medium,25,1.0,no_before,,,0.2,206,partial,UKF + CTRV,DIoU,diou
MVI_40131,60,0,medium,22,0.88,lost,622.0,,0.7273,116,partial,UKF + CTRV,DIoU,diou
MVI_40131,62,0,medium,26,1.04,lost,636.0,,0.9231,95,partial,UKF + CTRV,DIoU,diou
MVI_40131,65,0,long,60,2.4,no_before,,,0.0,60,partial,UKF + CTRV,DIoU,diou
MVI_40171,1,0,medium,26,1.04,no_before,,,1.0,26,partial,UKF + CTRV,DIoU,diou
MVI_40171,6,0,long,41,1.64,preserved,20.0,20.0,0.9512,71,partial,UKF + CTRV,DIoU,diou
MVI_40171,7,0,long,56,2.24,no_before,,,0.2143,56,partial,UKF + CTRV,DIoU,diou
MVI_40171,8,0,short,12,0.48,no_before,,,0.0,726,partial,UKF + CTRV,DIoU,diou
MVI_40171,8,1,short,11,0.44,preserved,54.0,54.0,0.0,726,partial,UKF + CTRV,DIoU,diou
MVI_40171,8,3,medium,26,1.04,preserved,54.0,54.0,1.0,726,partial,UKF + CTRV,DIoU,diou
MVI_40171,8,4,medium,25,1.0,preserved,54.0,54.0,1.0,726,partial,UKF + CTRV,DIoU,diou
MVI_40171,8,5,medium,18,0.72,preserved,54.0,54.0,1.0,726,partial,UKF + CTRV,DIoU,diou
MVI_40171,8,6,short,12,0.48,preserved,54.0,54.0,1.0,726,partial,UKF + CTRV,DIoU,diou
MVI_40171,8,7,medium,32,1.28,preserved,54.0,54.0,1.0,726,partial,UKF + CTRV,DIoU,diou
MVI_40171,8,8,medium,28,1.12,preserved,54.0,54.0,1.0,726,partial,UKF + CTRV,DIoU,diou
MVI_40171,8,9,medium,16,0.64,switched,54.0,167.0,1.0,726,partial,UKF + CTRV,DIoU,diou
MVI_40171,9,1,short,10,0.4,preserved,40.0,40.0,1.0,61,partial,UKF + CTRV,DIoU,diou
MVI_40171,11,0,medium,27,1.08,preserved,55.0,55.0,1.0,91,partial,UKF + CTRV,DIoU,diou
MVI_40171,12,0,long,61,2.44,no_before,,,0.4262,61,partial,UKF + CTRV,DIoU,diou
MVI_40171,14,0,medium,31,1.24,preserved,83.0,83.0,0.6774,86,partial,UKF + CTRV,DIoU,diou
MVI_40171,15,0,long,66,2.64,no_before,,,0.4394,66,partial,UKF + CTRV,DIoU,diou
MVI_40171,16,0,long,61,2.44,no_before,,,0.8361,61,partial,UKF + CTRV,DIoU,diou
MVI_40171,17,0,short,11,0.44,no_before,,,0.2727,76,partial,UKF + CTRV,DIoU,diou
MVI_40171,18,0,long,209,8.36,switched,132.0,217.0,0.0526,786,partial,UKF + CTRV,DIoU,diou
MVI_40171,18,1,short,11,0.44,switched,217.0,262.0,0.6364,786,partial,UKF + CTRV,DIoU,diou
MVI_40171,18,2,short,4,0.16,preserved,262.0,262.0,1.0,786,partial,UKF + CTRV,DIoU,diou
MVI_40171,18,3,short,4,0.16,switched,262.0,298.0,0.0,786,partial,UKF + CTRV,DIoU,diou
MVI_40171,18,4,short,4,0.16,preserved,298.0,298.0,1.0,786,partial,UKF + CTRV,DIoU,diou
MVI_40171,19,0,long,61,2.44,no_before,,,0.7705,61,partial,UKF + CTRV,DIoU,diou
MVI_40171,22,0,long,69,2.76,lost,157.0,,0.7826,71,partial,UKF + CTRV,DIoU,diou
MVI_40171,23,0,long,62,2.48,preserved,147.0,147.0,1.0,66,partial,UKF + CTRV,DIoU,diou
MVI_40171,25,0,long,66,2.64,no_before,,,0.697,66,partial,UKF + CTRV,DIoU,diou
MVI_40171,26,0,long,47,1.88,no_before,,,0.7872,56,partial,UKF + CTRV,DIoU,diou
MVI_40171,27,0,medium,30,1.2,no_before,,,0.4,76,partial,UKF + CTRV,DIoU,diou
MVI_40171,28,0,medium,21,0.84,no_before,,,0.5714,76,partial,UKF + CTRV,DIoU,diou
MVI_40171,29,0,long,53,2.12,no_before,,,0.7547,56,partial,UKF + CTRV,DIoU,diou
MVI_40171,31,0,medium,26,1.04,preserved,242.0,242.0,1.0,96,partial,UKF + CTRV,DIoU,diou
MVI_40171,34,0,long,66,2.64,lost,289.0,,0.8939,71,partial,UKF + CTRV,DIoU,diou
MVI_40171,35,0,long,62,2.48,preserved,295.0,295.0,0.9194,76,partial,UKF + CTRV,DIoU,diou
MVI_40171,36,0,long,66,2.64,no_before,,,0.6212,66,partial,UKF + CTRV,DIoU,diou
MVI_40171,38,0,short,8,0.32,no_before,,,0.0,185,partial,UKF + CTRV,DIoU,diou
MVI_40171,39,0,long,70,2.8,lost,338.0,,0.7286,71,partial,UKF + CTRV,DIoU,diou
MVI_40171,40,0,medium,23,0.92,lost,359.0,,1.0,45,partial,UKF + CTRV,DIoU,diou
MVI_40171,41,0,long,99,3.96,switched,6.0,273.0,0.101,1150,partial,UKF + CTRV,DIoU,diou
MVI_40171,41,1,long,52,2.08,switched,273.0,361.0,0.0769,1150,partial,UKF + CTRV,DIoU,diou
MVI_40171,42,0,long,1150,46.0,no_before,,,0.0,1150,partial,UKF + CTRV,DIoU,diou
MVI_40171,43,0,long,1150,46.0,no_before,,,0.0,1150,partial,UKF + CTRV,DIoU,diou
MVI_40171,44,0,long,1150,46.0,no_before,,,0.0,1150,partial,UKF + CTRV,DIoU,diou
MVI_40172,16,0,long,180,7.2,no_before,,,0.0111,227,partial,UKF + CTRV,DIoU,diou
MVI_40172,35,0,long,39,1.56,no_before,,,0.8974,46,partial,UKF + CTRV,DIoU,diou
MVI_40172,36,0,medium,37,1.48,no_before,,,0.973,41,partial,UKF + CTRV,DIoU,diou
MVI_40172,40,0,medium,29,1.16,switched,499.0,503.0,0.5517,71,partial,UKF + CTRV,DIoU,diou
MVI_40172,41,0,long,39,1.56,lost,503.0,,0.5897,41,partial,UKF + CTRV,DIoU,diou
MVI_40172,47,0,long,48,1.92,lost,524.0,,0.9792,51,partial,UKF + CTRV,DIoU,diou
MVI_40172,50,0,long,51,2.04,no_before,,,0.7451,51,partial,UKF + CTRV,DIoU,diou
MVI_40172,51,0,short,10,0.4,switched,546.0,541.0,0.2,81,partial,UKF + CTRV,DIoU,diou
MVI_40172,56,0,medium,28,1.12,lost,574.0,,1.0,61,partial,UKF + CTRV,DIoU,diou
MVI_40172,57,0,medium,37,1.48,preserved,570.0,570.0,1.0,51,partial,UKF + CTRV,DIoU,diou
MVI_40172,60,0,long,44,1.76,preserved,593.0,593.0,0.7955,66,partial,UKF + CTRV,DIoU,diou
MVI_40172,61,0,medium,13,0.52,preserved,594.0,594.0,1.0,36,partial,UKF + CTRV,DIoU,diou
MVI_40172,63,0,long,46,1.84,no_before,,,0.7391,46,partial,UKF + CTRV,DIoU,diou
MVI_40172,65,0,medium,29,1.16,switched,611.0,617.0,0.4138,46,partial,UKF + CTRV,DIoU,diou
MVI_40172,67,0,medium,31,1.24,no_before,,,0.7419,41,partial,UKF + CTRV,DIoU,diou
MVI_40172,79,0,long,114,4.56,no_before,,,0.0614,201,partial,UKF + CTRV,DIoU,diou
MVI_40172,95,0,long,40,1.6,lost,794.0,,0.85,41,partial,UKF + CTRV,DIoU,diou
MVI_40172,96,0,long,50,2.0,no_before,,,0.88,50,partial,UKF + CTRV,DIoU,diou
MVI_40172,99,0,long,50,2.0,switched,2.0,61.0,0.12,2635,partial,UKF + CTRV,DIoU,diou
MVI_40172,99,1,long,74,2.96,switched,3.0,244.0,0.0946,2635,partial,UKF + CTRV,DIoU,diou
MVI_40172,99,2,long,40,1.6,switched,703.0,762.0,0.125,2635,partial,UKF + CTRV,DIoU,diou
MVI_40172,100,0,long,2635,105.4,no_before,,,0.0,2635,partial,UKF + CTRV,DIoU,diou
MVI_40172,101,0,long,2635,105.4,no_before,,,0.0,2635,partial,UKF + CTRV,DIoU,diou
MVI_40172,102,0,long,2635,105.4,no_before,,,0.0,2635,partial,UKF + CTRV,DIoU,diou
MVI_40172,105,0,long,52,2.08,switched,3.0,1.0,0.0385,2635,partial,UKF + CTRV,DIoU,diou
MVI_40172,105,1,long,45,1.8,switched,1.0,74.0,0.0222,2635,partial,UKF + CTRV,DIoU,diou
MVI_40172,105,2,medium,21,0.84,no_before,,,0.0,2635,partial,UKF + CTRV,DIoU,diou
MVI_40172,105,3,long,39,1.56,switched,304.0,766.0,0.2308,2635,partial,UKF + CTRV,DIoU,diou
MVI_40204,6,0,long,86,3.44,no_before,,,0.2674,86,partial,UKF + CTRV,DIoU,diou
MVI_40204,9,0,long,66,2.64,no_before,,,0.0,66,partial,UKF + CTRV,DIoU,diou
MVI_40204,10,0,medium,32,1.28,lost,9.0,,0.4062,76,partial,UKF + CTRV,DIoU,diou
MVI_40204,11,0,medium,31,1.24,switched,11.0,40.0,0.5161,66,partial,UKF + CTRV,DIoU,diou
MVI_40204,12,0,medium,16,0.64,no_before,,,0.375,16,partial,UKF + CTRV,DIoU,diou
MVI_40204,15,0,long,136,5.44,no_before,,,0.6618,136,partial,UKF + CTRV,DIoU,diou
MVI_40204,27,0,long,111,4.44,no_before,,,0.7928,111,partial,UKF + CTRV,DIoU,diou
MVI_40204,30,0,long,71,2.84,lost,106.0,,0.1831,141,partial,UKF + CTRV,DIoU,diou
MVI_40204,34,0,short,3,0.12,preserved,115.0,115.0,0.6667,116,partial,UKF + CTRV,DIoU,diou
MVI_40204,34,1,medium,25,1.0,lost,115.0,,0.24,116,partial,UKF + CTRV,DIoU,diou
MVI_40204,34,2,medium,25,1.0,lost,115.0,,0.0,116,partial,UKF + CTRV,DIoU,diou
MVI_40204,35,0,long,131,5.24,no_before,,,0.3511,131,partial,UKF + CTRV,DIoU,diou
MVI_40204,36,0,long,52,2.08,lost,35.0,,0.0,116,partial,UKF + CTRV,DIoU,diou
MVI_40204,39,0,medium,22,0.88,lost,187.0,,0.0,111,partial,UKF + CTRV,DIoU,diou
MVI_40204,40,0,long,39,1.56,lost,139.0,,0.0,151,partial,UKF + CTRV,DIoU,diou
MVI_40204,46,0,long,141,5.64,no_before,,,0.6525,141,partial,UKF + CTRV,DIoU,diou
MVI_40204,49,0,long,46,1.84,preserved,189.0,189.0,0.8043,151,partial,UKF + CTRV,DIoU,diou
MVI_40204,50,0,long,121,4.84,no_before,,,0.3967,121,partial,UKF + CTRV,DIoU,diou
MVI_40204,51,0,long,131,5.24,no_before,,,0.3588,131,partial,UKF + CTRV,DIoU,diou
MVI_40204,52,0,short,2,0.08,preserved,207.0,207.0,1.0,131,partial,UKF + CTRV,DIoU,diou
MVI_40204,60,0,long,131,5.24,no_before,,,0.3206,131,partial,UKF + CTRV,DIoU,diou
MVI_40204,63,0,long,39,1.56,switched,297.0,341.0,0.5897,141,partial,UKF + CTRV,DIoU,diou
MVI_40204,64,0,long,130,5.2,no_before,,,0.6308,131,partial,UKF + CTRV,DIoU,diou
MVI_40204,65,0,long,141,5.64,no_before,,,0.2411,141,partial,UKF + CTRV,DIoU,diou
MVI_40204,67,0,long,58,2.32,lost,359.0,,0.0172,131,partial,UKF + CTRV,DIoU,diou
MVI_40204,68,0,medium,15,0.6,lost,359.0,,0.0,126,partial,UKF + CTRV,DIoU,diou
MVI_40204,71,0,long,116,4.64,no_before,,,0.3103,116,partial,UKF + CTRV,DIoU,diou
MVI_40204,72,0,medium,33,1.32,preserved,410.0,410.0,1.0,141,partial,UKF + CTRV,DIoU,diou
MVI_40204,73,0,long,136,5.44,no_before,,,0.3456,136,partial,UKF + CTRV,DIoU,diou
MVI_40204,74,0,long,116,4.64,no_before,,,0.4741,116,partial,UKF + CTRV,DIoU,diou
MVI_40204,78,0,medium,19,0.76,lost,452.0,,0.2632,131,partial,UKF + CTRV,DIoU,diou
MVI_40204,81,0,long,141,5.64,no_before,,,0.305,141,partial,UKF + CTRV,DIoU,diou
MVI_40204,82,0,short,8,0.32,preserved,478.0,478.0,1.0,136,partial,UKF + CTRV,DIoU,diou
MVI_40204,82,1,long,40,1.6,lost,478.0,,0.825,136,partial,UKF + CTRV,DIoU,diou
MVI_40204,85,0,long,141,5.64,no_before,,,0.5745,141,partial,UKF + CTRV,DIoU,diou
MVI_40204,86,0,long,114,4.56,lost,515.0,,0.386,136,partial,UKF + CTRV,DIoU,diou
MVI_40204,88,0,long,146,5.84,no_before,,,0.1301,146,partial,UKF + CTRV,DIoU,diou
MVI_40204,90,0,long,146,5.84,no_before,,,0.6644,146,partial,UKF + CTRV,DIoU,diou
MVI_40204,92,0,long,41,1.64,no_before,,,0.9512,156,partial,UKF + CTRV,DIoU,diou
MVI_40204,93,0,long,112,4.48,lost,553.0,,0.4911,131,partial,UKF + CTRV,DIoU,diou
MVI_40204,96,0,long,82,3.28,switched,563.0,432.0,0.8293,161,partial,UKF + CTRV,DIoU,diou
MVI_40204,98,0,long,156,6.24,no_before,,,0.5705,156,partial,UKF + CTRV,DIoU,diou
MVI_40204,99,0,short,11,0.44,no_before,,,0.8182,151,partial,UKF + CTRV,DIoU,diou
MVI_40204,106,0,long,51,2.04,no_before,,,0.6471,126,partial,UKF + CTRV,DIoU,diou
MVI_40204,106,1,long,70,2.8,lost,639.0,,0.4,126,partial,UKF + CTRV,DIoU,diou
MVI_40204,108,0,long,151,6.04,no_before,,,0.457,151,partial,UKF + CTRV,DIoU,diou
MVI_40204,110,0,long,75,3.0,lost,640.0,,0.1733,131,partial,UKF + CTRV,DIoU,diou
MVI_40204,112,0,long,40,1.6,no_before,,,0.0,146,partial,UKF + CTRV,DIoU,diou
MVI_40204,115,0,long,71,2.84,preserved,675.0,675.0,0.8169,151,partial,UKF + CTRV,DIoU,diou
MVI_40204,115,1,short,4,0.16,preserved,675.0,675.0,0.0,151,partial,UKF + CTRV,DIoU,diou
MVI_40204,116,0,long,146,5.84,no_before,,,0.0,146,partial,UKF + CTRV,DIoU,diou
MVI_40204,117,0,medium,31,1.24,lost,684.0,,0.2581,141,partial,UKF + CTRV,DIoU,diou
MVI_40204,117,1,short,9,0.36,lost,684.0,,0.0,141,partial,UKF + CTRV,DIoU,diou
MVI_40204,119,0,long,66,2.64,lost,692.0,,0.1061,151,partial,UKF + CTRV,DIoU,diou
MVI_40204,120,0,long,62,2.48,switched,715.0,692.0,0.6613,156,partial,UKF + CTRV,DIoU,diou
MVI_40204,121,0,medium,21,0.84,no_before,,,0.9048,156,partial,UKF + CTRV,DIoU,diou
MVI_40204,122,0,long,141,5.64,no_before,,,0.1135,141,partial,UKF + CTRV,DIoU,diou
MVI_40204,126,0,long,43,1.72,preserved,749.0,749.0,0.6279,166,partial,UKF + CTRV,DIoU,diou
MVI_40204,126,1,short,4,0.16,lost,749.0,,0.0,166,partial,UKF + CTRV,DIoU,diou
MVI_40204,127,0,short,5,0.2,no_before,,,0.2,161,partial,UKF + CTRV,DIoU,diou
MVI_40204,128,0,medium,18,0.72,preserved,765.0,765.0,1.0,131,partial,UKF + CTRV,DIoU,diou
MVI_40204,128,1,long,98,3.92,lost,765.0,,0.2959,131,partial,UKF + CTRV,DIoU,diou
MVI_40204,129,0,long,156,6.24,no_before,,,0.2628,156,partial,UKF + CTRV,DIoU,diou
MVI_40204,133,0,long,53,2.12,lost,788.0,,0.3019,106,partial,UKF + CTRV,DIoU,diou
MVI_40204,135,0,long,75,3.0,lost,803.0,,0.1867,141,partial,UKF + CTRV,DIoU,diou
MVI_40204,137,0,long,63,2.52,lost,822.0,,0.3333,126,partial,UKF + CTRV,DIoU,diou
MVI_40204,138,0,short,7,0.28,lost,960.0,,0.0,166,partial,UKF + CTRV,DIoU,diou
MVI_40204,142,0,long,145,5.8,no_before,,,0.8345,146,partial,UKF + CTRV,DIoU,diou
MVI_40204,145,0,long,146,5.84,no_before,,,0.5685,161,partial,UKF + CTRV,DIoU,diou
MVI_40204,148,0,long,110,4.4,lost,907.0,,0.3091,151,partial,UKF + CTRV,DIoU,diou
MVI_40204,149,0,long,72,2.88,lost,919.0,,0.1667,161,partial,UKF + CTRV,DIoU,diou
MVI_40204,150,0,long,146,5.84,no_before,,,0.726,146,partial,UKF + CTRV,DIoU,diou
MVI_40204,153,0,long,129,5.16,lost,930.0,,0.4651,171,partial,UKF + CTRV,DIoU,diou
MVI_40204,154,0,medium,28,1.12,no_before,,,0.6786,166,partial,UKF + CTRV,DIoU,diou
MVI_40204,158,0,medium,31,1.24,no_before,,,0.0,175,partial,UKF + CTRV,DIoU,diou
MVI_40204,161,0,medium,22,0.88,no_before,,,0.8636,170,partial,UKF + CTRV,DIoU,diou
MVI_40204,161,1,long,67,2.68,preserved,981.0,981.0,0.2388,170,partial,UKF + CTRV,DIoU,diou
MVI_40204,162,0,long,151,6.04,no_before,,,0.0331,151,partial,UKF + CTRV,DIoU,diou
MVI_40204,165,1,long,139,5.56,lost,1006.0,,0.5971,145,partial,UKF + CTRV,DIoU,diou
MVI_40204,168,0,long,120,4.8,no_before,,,0.7583,120,partial,UKF + CTRV,DIoU,diou
MVI_40204,173,0,long,65,2.6,no_before,,,0.9692,65,partial,UKF + CTRV,DIoU,diou
MVI_40204,177,0,medium,20,0.8,no_before,,,0.6,20,partial,UKF + CTRV,DIoU,diou
MVI_40751,2,0,long,72,2.88,switched,1.0,30.0,0.0833,1140,partial,UKF + CTRV,DIoU,diou
MVI_40751,2,1,long,175,7.0,switched,30.0,358.0,0.6171,1140,partial,UKF + CTRV,DIoU,diou
MVI_40751,2,2,short,9,0.36,preserved,358.0,358.0,1.0,1140,partial,UKF + CTRV,DIoU,diou
MVI_40751,2,3,short,6,0.24,preserved,358.0,358.0,1.0,1140,partial,UKF + CTRV,DIoU,diou
MVI_40751,2,4,long,410,16.4,preserved,358.0,358.0,1.0,1140,partial,UKF + CTRV,DIoU,diou
MVI_40751,3,0,long,58,2.32,no_before,,,0.9655,81,partial,UKF + CTRV,DIoU,diou
MVI_40751,4,1,long,46,1.84,preserved,2.0,2.0,1.0,141,partial,UKF + CTRV,DIoU,diou
MVI_40751,5,0,medium,19,0.76,no_before,,,0.0,146,partial,UKF + CTRV,DIoU,diou
MVI_40751,7,0,medium,19,0.76,no_before,,,0.0,186,partial,UKF + CTRV,DIoU,diou
MVI_40751,7,1,medium,14,0.56,preserved,65.0,65.0,1.0,186,partial,UKF + CTRV,DIoU,diou
MVI_40751,7,3,long,97,3.88,preserved,65.0,65.0,1.0,186,partial,UKF + CTRV,DIoU,diou
MVI_40751,8,1,short,4,0.16,preserved,112.0,112.0,1.0,920,partial,UKF + CTRV,DIoU,diou
MVI_40751,8,2,short,5,0.2,preserved,112.0,112.0,1.0,920,partial,UKF + CTRV,DIoU,diou
MVI_40751,8,3,short,10,0.4,preserved,112.0,112.0,1.0,920,partial,UKF + CTRV,DIoU,diou
MVI_40751,8,4,medium,24,0.96,preserved,112.0,112.0,1.0,920,partial,UKF + CTRV,DIoU,diou
MVI_40751,8,5,long,591,23.64,lost,112.0,,0.7783,920,partial,UKF + CTRV,DIoU,diou
MVI_40751,9,0,medium,34,1.36,preserved,148.0,148.0,1.0,96,partial,UKF + CTRV,DIoU,diou
MVI_40751,11,0,medium,32,1.28,no_before,,,0.4062,156,partial,UKF + CTRV,DIoU,diou
MVI_40751,11,1,long,89,3.56,preserved,171.0,171.0,0.9775,156,partial,UKF + CTRV,DIoU,diou
MVI_40751,15,0,long,223,8.92,lost,177.0,,1.0,775,partial,UKF + CTRV,DIoU,diou
MVI_40751,21,0,short,5,0.2,no_before,,,0.0,625,partial,UKF + CTRV,DIoU,diou
MVI_40751,21,1,long,612,24.48,lost,313.0,,0.0294,625,partial,UKF + CTRV,DIoU,diou
MVI_40751,23,0,short,11,0.44,preserved,344.0,344.0,1.0,66,partial,UKF + CTRV,DIoU,diou
MVI_40751,23,1,short,4,0.16,preserved,344.0,344.0,1.0,66,partial,UKF + CTRV,DIoU,diou
MVI_40751,28,0,short,3,0.12,preserved,426.0,426.0,1.0,405,partial,UKF + CTRV,DIoU,diou
MVI_40751,28,1,medium,15,0.6,preserved,426.0,426.0,1.0,405,partial,UKF + CTRV,DIoU,diou
MVI_40751,29,0,medium,23,0.92,preserved,438.0,438.0,1.0,370,partial,UKF + CTRV,DIoU,diou
MVI_40751,31,0,long,41,1.64,no_before,,,0.7073,43,partial,UKF + CTRV,DIoU,diou
MVI_40751,32,0,long,172,6.88,switched,462.0,493.0,0.8721,266,partial,UKF + CTRV,DIoU,diou
MVI_40751,33,0,medium,14,0.56,preserved,462.0,462.0,1.0,270,partial,UKF + CTRV,DIoU,diou
MVI_40751,35,0,medium,23,0.92,lost,492.0,,1.0,156,partial,UKF + CTRV,DIoU,diou
MVI_40751,36,0,long,77,3.08,lost,514.0,,1.0,195,partial,UKF + CTRV,DIoU,diou
MVI_40751,38,0,medium,13,0.52,preserved,531.0,531.0,1.0,140,partial,UKF + CTRV,DIoU,diou
MVI_40751,38,1,long,49,1.96,lost,531.0,,1.0,140,partial,UKF + CTRV,DIoU,diou
MVI_40751,41,0,long,45,1.8,no_before,,,0.3111,45,partial,UKF + CTRV,DIoU,diou
MVI_63554,3,0,short,11,0.44,no_before,,,0.6364,11,partial,UKF + CTRV,DIoU,diou
MVI_63554,4,0,medium,26,1.04,no_before,,,0.0,26,partial,UKF + CTRV,DIoU,diou
MVI_63554,5,0,long,40,1.6,no_before,,,0.95,41,partial,UKF + CTRV,DIoU,diou
MVI_63554,8,0,medium,13,0.52,no_before,,,0.3846,16,partial,UKF + CTRV,DIoU,diou
MVI_63554,9,0,long,55,2.2,lost,14.0,,0.0727,61,partial,UKF + CTRV,DIoU,diou
MVI_63554,11,0,long,52,2.08,lost,27.0,,0.0577,61,partial,UKF + CTRV,DIoU,diou
MVI_63554,13,0,medium,16,0.64,no_before,,,0.25,26,partial,UKF + CTRV,DIoU,diou
MVI_63554,15,0,long,65,2.6,lost,11.0,,0.9692,76,partial,UKF + CTRV,DIoU,diou
MVI_63554,19,0,long,62,2.48,no_before,,,0.8871,81,partial,UKF + CTRV,DIoU,diou
MVI_63554,20,0,long,57,2.28,lost,63.0,,0.0,66,partial,UKF + CTRV,DIoU,diou
MVI_63554,22,0,long,61,2.44,no_before,,,0.377,61,partial,UKF + CTRV,DIoU,diou
MVI_63554,23,0,long,45,1.8,preserved,77.0,77.0,0.6889,81,partial,UKF + CTRV,DIoU,diou
MVI_63554,24,0,short,11,0.44,no_before,,,0.1818,21,partial,UKF + CTRV,DIoU,diou
MVI_63554,25,0,long,51,2.04,lost,77.0,,0.1176,56,partial,UKF + CTRV,DIoU,diou
MVI_63554,30,0,long,74,2.96,lost,121.0,,0.1486,81,partial,UKF + CTRV,DIoU,diou
MVI_63554,31,0,long,76,3.04,no_before,,,0.5395,76,partial,UKF + CTRV,DIoU,diou
MVI_63554,32,0,long,64,2.56,lost,126.0,,0.0938,71,partial,UKF + CTRV,DIoU,diou
MVI_63554,33,0,long,45,1.8,lost,122.0,,0.9333,81,partial,UKF + CTRV,DIoU,diou
MVI_63554,35,0,medium,16,0.64,no_before,,,0.8125,86,partial,UKF + CTRV,DIoU,diou
MVI_63554,36,0,long,59,2.36,lost,156.0,,0.0678,66,partial,UKF + CTRV,DIoU,diou
MVI_63554,41,0,medium,25,1.0,lost,145.0,,0.64,91,partial,UKF + CTRV,DIoU,diou
MVI_63554,42,0,short,11,0.44,no_before,,,0.1818,16,partial,UKF + CTRV,DIoU,diou
MVI_63554,43,0,long,62,2.48,lost,160.0,,0.0484,71,partial,UKF + CTRV,DIoU,diou
MVI_63554,44,0,long,64,2.56,lost,160.0,,0.75,71,partial,UKF + CTRV,DIoU,diou
MVI_63554,47,0,long,59,2.36,lost,195.0,,0.1525,66,partial,UKF + CTRV,DIoU,diou
MVI_63554,49,0,long,54,2.16,lost,206.0,,0.8889,81,partial,UKF + CTRV,DIoU,diou
MVI_63554,50,0,long,63,2.52,lost,208.0,,0.3016,71,partial,UKF + CTRV,DIoU,diou
MVI_63554,51,0,short,11,0.44,no_before,,,0.0,21,partial,UKF + CTRV,DIoU,diou
MVI_63554,55,0,long,62,2.48,lost,201.0,,0.8065,71,partial,UKF + CTRV,DIoU,diou
MVI_63554,56,0,long,48,1.92,no_before,,,0.0,51,partial,UKF + CTRV,DIoU,diou
MVI_63554,58,0,medium,21,0.84,preserved,252.0,252.0,0.9524,41,partial,UKF + CTRV,DIoU,diou
MVI_63554,60,0,medium,13,0.52,no_before,,,0.2308,21,partial,UKF + CTRV,DIoU,diou
MVI_63554,61,0,long,63,2.52,no_before,,,0.5079,66,partial,UKF + CTRV,DIoU,diou
MVI_63554,62,0,short,5,0.2,preserved,269.0,269.0,1.0,66,partial,UKF + CTRV,DIoU,diou
MVI_63554,62,1,medium,35,1.4,lost,269.0,,0.5143,66,partial,UKF + CTRV,DIoU,diou
MVI_63554,63,0,long,60,2.4,lost,274.0,,0.6833,66,partial,UKF + CTRV,DIoU,diou
MVI_63554,64,0,long,42,1.68,no_before,,,0.0476,46,partial,UKF + CTRV,DIoU,diou
MVI_63554,68,0,long,57,2.28,lost,294.0,,0.0702,66,partial,UKF + CTRV,DIoU,diou
MVI_63554,69,0,medium,16,0.64,no_before,,,0.5625,26,partial,UKF + CTRV,DIoU,diou
MVI_63554,72,0,medium,20,0.8,lost,310.0,,0.35,101,partial,UKF + CTRV,DIoU,diou
MVI_63554,73,0,long,50,2.0,preserved,313.0,313.0,0.88,61,partial,UKF + CTRV,DIoU,diou
MVI_63554,76,0,medium,13,0.52,no_before,,,0.3077,21,partial,UKF + CTRV,DIoU,diou
MVI_63554,77,0,long,56,2.24,lost,323.0,,0.0714,61,partial,UKF + CTRV,DIoU,diou
MVI_63554,79,0,long,61,2.44,no_before,,,0.4262,71,partial,UKF + CTRV,DIoU,diou
MVI_63554,80,0,long,55,2.2,lost,269.0,,0.8545,61,partial,UKF + CTRV,DIoU,diou
MVI_63554,81,0,short,10,0.4,no_before,,,0.5,81,partial,UKF + CTRV,DIoU,diou
MVI_63554,82,0,long,53,2.12,no_before,,,0.0755,56,partial,UKF + CTRV,DIoU,diou
MVI_63554,83,0,medium,15,0.6,no_before,,,0.1333,21,partial,UKF + CTRV,DIoU,diou
MVI_63554,86,0,long,49,1.96,lost,340.0,,0.0204,56,partial,UKF + CTRV,DIoU,diou
MVI_63554,87,0,medium,31,1.24,preserved,329.0,329.0,0.9677,61,partial,UKF + CTRV,DIoU,diou
MVI_63554,88,0,medium,13,0.52,no_before,,,0.2308,16,partial,UKF + CTRV,DIoU,diou
MVI_63554,90,0,medium,20,0.8,lost,340.0,,0.9,86,partial,UKF + CTRV,DIoU,diou
MVI_63554,92,0,long,50,2.0,lost,366.0,,0.1,56,partial,UKF + CTRV,DIoU,diou
MVI_63554,93,0,long,39,1.56,preserved,371.0,371.0,0.8205,71,partial,UKF + CTRV,DIoU,diou
MVI_63554,93,3,short,9,0.36,lost,371.0,,0.0,71,partial,UKF + CTRV,DIoU,diou
MVI_63554,94,0,medium,26,1.04,preserved,373.0,373.0,1.0,56,partial,UKF + CTRV,DIoU,diou
MVI_63554,95,0,long,51,2.04,preserved,380.0,380.0,0.7255,81,partial,UKF + CTRV,DIoU,diou
MVI_63554,96,0,medium,15,0.6,no_before,,,0.0667,26,partial,UKF + CTRV,DIoU,diou
MVI_63554,98,0,long,64,2.56,lost,380.0,,0.8125,71,partial,UKF + CTRV,DIoU,diou
MVI_63554,99,0,medium,15,0.6,no_before,,,0.6667,26,partial,UKF + CTRV,DIoU,diou
MVI_63554,101,0,long,48,1.92,no_before,,,0.0417,51,partial,UKF + CTRV,DIoU,diou
MVI_63554,102,0,medium,14,0.56,no_before,,,0.0714,26,partial,UKF + CTRV,DIoU,diou
MVI_63554,103,0,medium,17,0.68,lost,383.0,,0.5882,71,partial,UKF + CTRV,DIoU,diou
MVI_63554,105,0,long,61,2.44,lost,418.0,,0.7541,66,partial,UKF + CTRV,DIoU,diou
MVI_63554,108,0,long,44,1.76,no_before,,,0.0,51,partial,UKF + CTRV,DIoU,diou
MVI_63554,109,0,medium,18,0.72,no_before,,,0.2778,31,partial,UKF + CTRV,DIoU,diou
MVI_63554,112,0,medium,31,1.24,no_before,,,0.6129,61,partial,UKF + CTRV,DIoU,diou
MVI_63554,115,0,long,53,2.12,lost,468.0,,0.0943,61,partial,UKF + CTRV,DIoU,diou
MVI_63554,116,0,medium,15,0.6,no_before,,,0.2,26,partial,UKF + CTRV,DIoU,diou
MVI_63554,117,0,long,53,2.12,lost,475.0,,0.5283,61,partial,UKF + CTRV,DIoU,diou
MVI_63554,120,0,medium,15,0.6,no_before,,,0.2667,26,partial,UKF + CTRV,DIoU,diou
MVI_63554,123,0,long,60,2.4,no_before,,,0.5,61,partial,UKF + CTRV,DIoU,diou
MVI_63554,124,0,long,54,2.16,no_before,,,0.1111,61,partial,UKF + CTRV,DIoU,diou
MVI_63554,126,0,medium,37,1.48,lost,515.0,,0.9189,56,partial,UKF + CTRV,DIoU,diou
MVI_63554,129,0,medium,13,0.52,no_before,,,0.3846,21,partial,UKF + CTRV,DIoU,diou
MVI_63554,132,0,short,12,0.48,no_before,,,0.5,26,partial,UKF + CTRV,DIoU,diou
MVI_63554,134,0,long,55,2.2,lost,553.0,,0.6909,61,partial,UKF + CTRV,DIoU,diou
MVI_63554,137,0,short,12,0.48,no_before,,,0.1667,16,partial,UKF + CTRV,DIoU,diou
MVI_63554,139,0,long,48,1.92,lost,573.0,,0.875,56,partial,UKF + CTRV,DIoU,diou
MVI_63554,142,0,medium,15,0.6,no_before,,,0.4,26,partial,UKF + CTRV,DIoU,diou
MVI_63554,143,0,long,57,2.28,lost,581.0,,0.8772,66,partial,UKF + CTRV,DIoU,diou
MVI_63554,147,0,long,39,1.56,lost,593.0,,0.0769,46,partial,UKF + CTRV,DIoU,diou
MVI_63554,148,0,short,8,0.32,preserved,591.0,591.0,1.0,56,partial,UKF + CTRV,DIoU,diou
MVI_63554,151,0,short,12,0.48,no_before,,,0.5833,21,partial,UKF + CTRV,DIoU,diou
MVI_63554,152,0,short,10,0.4,preserved,606.0,606.0,1.0,61,partial,UKF + CTRV,DIoU,diou
MVI_63554,152,1,short,2,0.08,preserved,606.0,606.0,1.0,61,partial,UKF + CTRV,DIoU,diou
MVI_63554,152,2,short,5,0.2,lost,606.0,,0.0,61,partial,UKF + CTRV,DIoU,diou
MVI_63554,153,0,medium,14,0.56,no_before,,,0.3571,20,partial,UKF + CTRV,DIoU,diou
MVI_63554,155,0,long,49,1.96,lost,614.0,,0.0816,56,partial,UKF + CTRV,DIoU,diou
MVI_63554,158,0,long,54,2.16,lost,628.0,,0.8889,66,partial,UKF + CTRV,DIoU,diou
MVI_63554,160,0,short,12,0.48,no_before,,,0.3333,21,partial,UKF + CTRV,DIoU,diou
MVI_63554,162,0,long,54,2.16,lost,636.0,,0.7407,61,partial,UKF + CTRV,DIoU,diou
MVI_63554,163,0,long,54,2.16,no_before,,,0.9074,71,partial,UKF + CTRV,DIoU,diou
MVI_63554,164,0,long,66,2.64,no_before,,,1.0,66,partial,UKF + CTRV,DIoU,diou
MVI_63554,165,0,long,52,2.08,lost,651.0,,0.0577,56,partial,UKF + CTRV,DIoU,diou
MVI_63554,168,0,long,53,2.12,lost,676.0,,0.8491,61,partial,UKF + CTRV,DIoU,diou
MVI_63554,169,0,medium,14,0.56,no_before,,,0.7857,21,partial,UKF + CTRV,DIoU,diou
MVI_63554,171,0,long,50,2.0,lost,674.0,,0.06,56,partial,UKF + CTRV,DIoU,diou
MVI_63554,174,0,short,11,0.44,no_before,,,0.1818,16,partial,UKF + CTRV,DIoU,diou
MVI_63554,175,0,long,59,2.36,lost,677.0,,0.7119,66,partial,UKF + CTRV,DIoU,diou
MVI_63554,177,0,long,51,2.04,lost,706.0,,0.098,56,partial,UKF + CTRV,DIoU,diou
MVI_63554,180,0,short,9,0.36,no_before,,,0.8889,16,partial,UKF + CTRV,DIoU,diou
MVI_63554,182,0,long,51,2.04,lost,729.0,,0.098,56,partial,UKF + CTRV,DIoU,diou
MVI_63554,183,0,short,8,0.32,no_before,,,0.25,21,partial,UKF + CTRV,DIoU,diou
MVI_63554,185,0,long,39,1.56,no_before,,,0.8205,40,partial,UKF + CTRV,DIoU,diou
MVI_63554,186,0,medium,18,0.72,lost,736.0,,0.1667,25,partial,UKF + CTRV,DIoU,diou
MVI_63554,188,0,short,11,0.44,no_before,,,0.3636,15,partial,UKF + CTRV,DIoU,diou
MVI_63554,189,0,medium,14,0.56,no_before,,,0.7143,31,partial,UKF + CTRV,DIoU,diou
MVI_63554,190,0,medium,17,0.68,no_before,,,0.4118,31,partial,UKF + CTRV,DIoU,diou
MVI_40131,1,0,long,61,2.44,switched,4.0,112.0,0.0,486,full,UKF + CTRV,DIoU,diou
MVI_40131,19,0,long,54,2.16,switched,75.0,376.0,0.0,1086,full,UKF + CTRV,DIoU,diou
MVI_40131,35,0,long,50,2.0,switched,240.0,393.0,0.0,456,full,UKF + CTRV,DIoU,diou
MVI_40171,9,0,short,1,0.04,preserved,40.0,40.0,1.0,61,full,UKF + CTRV,DIoU,diou
MVI_40171,9,1,short,10,0.4,preserved,40.0,40.0,1.0,61,full,UKF + CTRV,DIoU,diou
MVI_40171,26,0,short,3,0.12,preserved,215.0,215.0,0.6667,56,full,UKF + CTRV,DIoU,diou
MVI_40171,41,0,long,66,2.64,switched,6.0,273.0,0.0,1150,full,UKF + CTRV,DIoU,diou
MVI_40171,41,1,long,38,1.52,switched,273.0,361.0,0.0,1150,full,UKF + CTRV,DIoU,diou
MVI_40171,42,0,medium,14,0.56,no_before,,,0.0,1150,full,UKF + CTRV,DIoU,diou
MVI_40171,42,1,short,1,0.04,no_before,,,0.0,1150,full,UKF + CTRV,DIoU,diou
MVI_40171,42,2,short,2,0.08,no_before,,,0.0,1150,full,UKF + CTRV,DIoU,diou
MVI_40171,42,3,long,772,30.88,no_before,,,0.0,1150,full,UKF + CTRV,DIoU,diou
MVI_40171,42,4,long,142,5.68,no_before,,,0.0,1150,full,UKF + CTRV,DIoU,diou
MVI_40171,43,0,long,121,4.84,no_before,,,0.0,1150,full,UKF + CTRV,DIoU,diou
MVI_40171,43,1,long,1012,40.48,no_before,,,0.0,1150,full,UKF + CTRV,DIoU,diou
MVI_40171,44,0,long,141,5.64,no_before,,,0.0,1150,full,UKF + CTRV,DIoU,diou
MVI_40171,44,1,long,989,39.56,no_before,,,0.0,1150,full,UKF + CTRV,DIoU,diou
MVI_40172,16,0,long,158,6.32,no_before,,,0.0,227,full,UKF + CTRV,DIoU,diou
MVI_40172,99,0,long,42,1.68,switched,2.0,61.0,0.0,2635,full,UKF + CTRV,DIoU,diou
MVI_40172,99,1,long,40,1.6,switched,3.0,244.0,0.0,2635,full,UKF + CTRV,DIoU,diou
MVI_40172,99,2,medium,15,0.6,switched,703.0,762.0,0.0,2635,full,UKF + CTRV,DIoU,diou
MVI_40172,100,0,long,2225,89.0,no_before,,,0.0,2635,full,UKF + CTRV,DIoU,diou
MVI_40172,101,0,long,1489,59.56,no_before,,,0.0,2635,full,UKF + CTRV,DIoU,diou
MVI_40172,101,1,long,148,5.92,no_before,,,0.0,2635,full,UKF + CTRV,DIoU,diou
MVI_40172,101,2,long,526,21.04,no_before,,,0.0,2635,full,UKF + CTRV,DIoU,diou
MVI_40172,101,3,short,2,0.08,no_before,,,0.0,2635,full,UKF + CTRV,DIoU,diou
MVI_40172,101,4,short,9,0.36,no_before,,,0.0,2635,full,UKF + CTRV,DIoU,diou
MVI_40172,101,5,medium,19,0.76,no_before,,,0.0,2635,full,UKF + CTRV,DIoU,diou
MVI_40172,102,0,long,395,15.8,no_before,,,0.0,2635,full,UKF + CTRV,DIoU,diou
MVI_40172,102,1,long,1062,42.48,no_before,,,0.0,2635,full,UKF + CTRV,DIoU,diou
MVI_40172,102,2,short,7,0.28,no_before,,,0.0,2635,full,UKF + CTRV,DIoU,diou
MVI_40172,102,3,short,1,0.04,no_before,,,0.0,2635,full,UKF + CTRV,DIoU,diou
MVI_40172,102,4,short,2,0.08,no_before,,,0.0,2635,full,UKF + CTRV,DIoU,diou
MVI_40172,102,5,long,53,2.12,no_before,,,0.0,2635,full,UKF + CTRV,DIoU,diou
MVI_40172,102,6,short,5,0.2,no_before,,,0.0,2635,full,UKF + CTRV,DIoU,diou
MVI_40172,102,7,medium,19,0.76,no_before,,,0.0,2635,full,UKF + CTRV,DIoU,diou
MVI_40172,102,8,long,67,2.68,no_before,,,0.0,2635,full,UKF + CTRV,DIoU,diou
MVI_40172,102,9,long,87,3.48,no_before,,,0.0,2635,full,UKF + CTRV,DIoU,diou
MVI_40172,102,10,short,2,0.08,no_before,,,0.0,2635,full,UKF + CTRV,DIoU,diou
MVI_40172,102,11,long,95,3.8,no_before,,,0.0,2635,full,UKF + CTRV,DIoU,diou
MVI_40172,105,0,long,47,1.88,switched,3.0,1.0,0.0,2635,full,UKF + CTRV,DIoU,diou
MVI_40172,105,1,long,42,1.68,switched,1.0,74.0,0.0,2635,full,UKF + CTRV,DIoU,diou
MVI_40172,105,2,short,7,0.28,no_before,,,0.0,2635,full,UKF + CTRV,DIoU,diou
MVI_40172,105,3,medium,20,0.8,switched,304.0,766.0,0.0,2635,full,UKF + CTRV,DIoU,diou
MVI_40204,15,0,short,1,0.04,lost,25.0,,0.0,136,full,UKF + CTRV,DIoU,diou
MVI_40204,35,0,medium,21,0.84,no_before,,,0.0,131,full,UKF + CTRV,DIoU,diou
MVI_40204,35,1,short,9,0.36,no_before,,,0.0,131,full,UKF + CTRV,DIoU,diou
MVI_40204,51,0,short,3,0.12,preserved,200.0,200.0,0.0,131,full,UKF + CTRV,DIoU,diou
MVI_40204,51,1,short,6,0.24,lost,200.0,,0.1667,131,full,UKF + CTRV,DIoU,diou
MVI_40204,51,2,short,1,0.04,lost,200.0,,0.0,131,full,UKF + CTRV,DIoU,diou
MVI_40204,60,0,short,1,0.04,lost,254.0,,0.0,131,full,UKF + CTRV,DIoU,diou
MVI_40204,60,1,short,1,0.04,no_before,,,0.0,131,full,UKF + CTRV,DIoU,diou
MVI_40204,65,0,short,3,0.12,lost,297.0,,0.0,141,full,UKF + CTRV,DIoU,diou
MVI_40204,71,0,medium,16,0.64,lost,407.0,,0.0,116,full,UKF + CTRV,DIoU,diou
MVI_40204,71,1,short,1,0.04,lost,407.0,,0.0,116,full,UKF + CTRV,DIoU,diou
MVI_40204,81,0,short,9,0.36,no_before,,,0.0,141,full,UKF + CTRV,DIoU,diou
MVI_40204,81,1,short,3,0.12,no_before,,,0.0,141,full,UKF + CTRV,DIoU,diou
MVI_40204,85,0,short,12,0.48,lost,505.0,,0.0833,141,full,UKF + CTRV,DIoU,diou
MVI_40204,85,1,short,7,0.28,lost,505.0,,0.0,141,full,UKF + CTRV,DIoU,diou
MVI_40204,88,0,short,2,0.08,lost,515.0,,0.0,146,full,UKF + CTRV,DIoU,diou
MVI_40204,88,1,short,1,0.04,lost,515.0,,0.0,146,full,UKF + CTRV,DIoU,diou
MVI_40204,88,2,short,1,0.04,lost,515.0,,0.0,146,full,UKF + CTRV,DIoU,diou
MVI_40204,90,0,short,8,0.32,preserved,430.0,430.0,0.75,146,full,UKF + CTRV,DIoU,diou
MVI_40204,90,1,short,4,0.16,preserved,430.0,430.0,0.75,146,full,UKF + CTRV,DIoU,diou
MVI_40204,90,2,short,1,0.04,lost,430.0,,1.0,146,full,UKF + CTRV,DIoU,diou
MVI_40204,90,3,short,1,0.04,lost,430.0,,0.0,146,full,UKF + CTRV,DIoU,diou
MVI_40204,90,4,medium,18,0.72,lost,430.0,,0.0,146,full,UKF + CTRV,DIoU,diou
MVI_40204,98,0,long,53,2.12,lost,569.0,,0.0,156,full,UKF + CTRV,DIoU,diou
MVI_40204,108,0,short,1,0.04,preserved,632.0,632.0,1.0,151,full,UKF + CTRV,DIoU,diou
MVI_40204,116,0,short,1,0.04,no_before,,,0.0,146,full,UKF + CTRV,DIoU,diou
MVI_40204,116,1,short,1,0.04,no_before,,,0.0,146,full,UKF + CTRV,DIoU,diou
MVI_40204,128,0,short,10,0.4,lost,749.0,,0.0,131,full,UKF + CTRV,DIoU,diou
MVI_40204,129,0,short,1,0.04,no_before,,,0.0,156,full,UKF + CTRV,DIoU,diou
MVI_40204,129,1,short,2,0.08,no_before,,,0.0,156,full,UKF + CTRV,DIoU,diou
MVI_40204,162,0,short,1,0.04,no_before,,,0.0,151,full,UKF + CTRV,DIoU,diou
MVI_40204,162,1,short,1,0.04,no_before,,,0.0,151,full,UKF + CTRV,DIoU,diou
MVI_40204,162,2,short,2,0.08,no_before,,,0.0,151,full,UKF + CTRV,DIoU,diou
MVI_40204,162,3,medium,14,0.56,no_before,,,0.0,151,full,UKF + CTRV,DIoU,diou
MVI_40204,165,0,short,6,0.24,no_before,,,0.0,145,full,UKF + CTRV,DIoU,diou
MVI_40204,168,0,short,1,0.04,preserved,1045.0,1045.0,1.0,120,full,UKF + CTRV,DIoU,diou
MVI_40751,2,0,long,47,1.88,switched,1.0,30.0,0.0,1140,full,UKF + CTRV,DIoU,diou
MVI_40751,21,0,short,12,0.48,lost,313.0,,0.0,625,full,UKF + CTRV,DIoU,diou
MVI_40751,21,1,short,4,0.16,lost,313.0,,0.0,625,full,UKF + CTRV,DIoU,diou
MVI_40751,21,2,short,4,0.16,no_before,,,0.0,625,full,UKF + CTRV,DIoU,diou
MVI_40751,21,3,short,3,0.12,no_before,,,0.0,625,full,UKF + CTRV,DIoU,diou
MVI_40751,21,4,short,2,0.08,no_before,,,0.0,625,full,UKF + CTRV,DIoU,diou
MVI_40751,21,5,short,4,0.16,no_before,,,0.0,625,full,UKF + CTRV,DIoU,diou
MVI_40751,21,6,short,4,0.16,no_before,,,0.0,625,full,UKF + CTRV,DIoU,diou
MVI_63554,4,0,short,3,0.12,no_before,,,0.0,26,full,UKF + CTRV,DIoU,diou
MVI_63554,4,1,short,6,0.24,no_before,,,0.0,26,full,UKF + CTRV,DIoU,diou
MVI_63554,8,0,short,2,0.08,no_before,,,0.0,16,full,UKF + CTRV,DIoU,diou
MVI_63554,9,0,medium,35,1.4,lost,14.0,,0.0,61,full,UKF + CTRV,DIoU,diou
MVI_63554,20,0,short,1,0.04,lost,63.0,,0.0,66,full,UKF + CTRV,DIoU,diou
MVI_63554,25,0,medium,19,0.76,lost,77.0,,0.0,56,full,UKF + CTRV,DIoU,diou
MVI_63554,32,0,long,57,2.28,lost,126.0,,0.0,71,full,UKF + CTRV,DIoU,diou
MVI_63554,36,0,long,49,1.96,lost,156.0,,0.0,66,full,UKF + CTRV,DIoU,diou
MVI_63554,42,0,short,1,0.04,no_before,,,0.0,16,full,UKF + CTRV,DIoU,diou
MVI_63554,43,0,long,55,2.2,lost,160.0,,0.0,71,full,UKF + CTRV,DIoU,diou
MVI_63554,56,0,medium,30,1.2,no_before,,,0.0,51,full,UKF + CTRV,DIoU,diou
MVI_63554,56,1,short,9,0.36,no_before,,,0.0,51,full,UKF + CTRV,DIoU,diou
MVI_63554,61,0,short,1,0.04,no_before,,,0.0,66,full,UKF + CTRV,DIoU,diou
MVI_63554,61,1,short,6,0.24,no_before,,,0.0,66,full,UKF + CTRV,DIoU,diou
MVI_63554,64,0,medium,37,1.48,lost,276.0,,0.0,46,full,UKF + CTRV,DIoU,diou
MVI_63554,68,0,long,51,2.04,lost,294.0,,0.0,66,full,UKF + CTRV,DIoU,diou
MVI_63554,77,0,medium,20,0.8,lost,323.0,,0.0,61,full,UKF + CTRV,DIoU,diou
MVI_63554,79,0,short,9,0.36,switched,329.0,344.0,0.2222,71,full,UKF + CTRV,DIoU,diou
MVI_63554,82,0,long,47,1.88,lost,330.0,,0.0,56,full,UKF + CTRV,DIoU,diou
MVI_63554,83,0,short,5,0.2,no_before,,,0.0,21,full,UKF + CTRV,DIoU,diou
MVI_63554,86,0,long,43,1.72,lost,340.0,,0.0,56,full,UKF + CTRV,DIoU,diou
MVI_63554,88,0,short,3,0.12,no_before,,,0.0,16,full,UKF + CTRV,DIoU,diou
MVI_63554,92,0,medium,14,0.56,switched,366.0,382.0,0.0,56,full,UKF + CTRV,DIoU,diou
MVI_63554,92,1,short,8,0.32,switched,366.0,382.0,0.0,56,full,UKF + CTRV,DIoU,diou
MVI_63554,96,0,short,4,0.16,no_before,,,0.0,26,full,UKF + CTRV,DIoU,diou
MVI_63554,101,0,long,42,1.68,lost,410.0,,0.0,51,full,UKF + CTRV,DIoU,diou
MVI_63554,108,0,long,39,1.56,no_before,,,0.0,51,full,UKF + CTRV,DIoU,diou
MVI_63554,115,0,short,3,0.12,lost,468.0,,0.0,61,full,UKF + CTRV,DIoU,diou
MVI_63554,115,1,short,9,0.36,lost,468.0,,0.0,61,full,UKF + CTRV,DIoU,diou
MVI_63554,116,0,short,2,0.08,no_before,,,0.0,26,full,UKF + CTRV,DIoU,diou
MVI_63554,120,0,short,4,0.16,no_before,,,0.0,26,full,UKF + CTRV,DIoU,diou
MVI_63554,124,0,medium,24,0.96,lost,513.0,,0.0,61,full,UKF + CTRV,DIoU,diou
MVI_63554,124,1,medium,19,0.76,lost,513.0,,0.0,61,full,UKF + CTRV,DIoU,diou
MVI_63554,129,0,short,2,0.08,no_before,,,0.0,21,full,UKF + CTRV,DIoU,diou
MVI_63554,137,0,short,3,0.12,no_before,,,0.0,16,full,UKF + CTRV,DIoU,diou
MVI_63554,147,0,medium,28,1.12,lost,593.0,,0.0,46,full,UKF + CTRV,DIoU,diou
MVI_63554,151,0,short,1,0.04,no_before,,,0.0,21,full,UKF + CTRV,DIoU,diou
MVI_63554,153,0,short,2,0.08,no_before,,,0.0,20,full,UKF + CTRV,DIoU,diou
MVI_63554,155,0,medium,19,0.76,lost,614.0,,0.0,56,full,UKF + CTRV,DIoU,diou
MVI_63554,165,0,medium,20,0.8,lost,651.0,,0.0,56,full,UKF + CTRV,DIoU,diou
MVI_63554,165,1,medium,22,0.88,lost,651.0,,0.0,56,full,UKF + CTRV,DIoU,diou
MVI_63554,171,0,medium,33,1.32,lost,674.0,,0.0,56,full,UKF + CTRV,DIoU,diou
MVI_63554,174,0,short,2,0.08,no_before,,,0.0,16,full,UKF + CTRV,DIoU,diou
MVI_63554,177,0,medium,13,0.52,no_before,,,0.0,56,full,UKF + CTRV,DIoU,diou
MVI_63554,182,0,long,38,1.52,lost,729.0,,0.0,56,full,UKF + CTRV,DIoU,diou
MVI_40131,1,0,long,120,4.8,switched,4.0,113.0,0.2583,486,partial,UKF + CTRV,expanded gate,expand
MVI_40131,12,0,long,81,3.24,no_before,,,0.5185,326,partial,UKF + CTRV,expanded gate,expand
MVI_40131,16,0,long,52,2.08,switched,71.0,92.0,0.1923,256,partial,UKF + CTRV,expanded gate,expand
MVI_40131,16,1,medium,22,0.88,preserved,92.0,92.0,1.0,256,partial,UKF + CTRV,expanded gate,expand
MVI_40131,17,0,long,64,2.56,no_before,,,0.375,171,partial,UKF + CTRV,expanded gate,expand
MVI_40131,19,0,medium,19,0.76,preserved,77.0,77.0,0.4211,1086,partial,UKF + CTRV,expanded gate,expand
MVI_40131,19,1,long,114,4.56,switched,77.0,384.0,0.2368,1086,partial,UKF + CTRV,expanded gate,expand
MVI_40131,19,2,medium,18,0.72,preserved,384.0,384.0,1.0,1086,partial,UKF + CTRV,expanded gate,expand
MVI_40131,19,3,short,6,0.24,preserved,384.0,384.0,1.0,1086,partial,UKF + CTRV,expanded gate,expand
MVI_40131,19,4,medium,13,0.52,preserved,460.0,460.0,1.0,1086,partial,UKF + CTRV,expanded gate,expand
MVI_40131,19,5,long,72,2.88,preserved,384.0,384.0,1.0,1086,partial,UKF + CTRV,expanded gate,expand
MVI_40131,19,6,medium,29,1.16,preserved,384.0,384.0,1.0,1086,partial,UKF + CTRV,expanded gate,expand
MVI_40131,20,0,short,5,0.2,no_before,,,0.0,406,partial,UKF + CTRV,expanded gate,expand
MVI_40131,20,1,long,62,2.48,no_before,,,0.0968,406,partial,UKF + CTRV,expanded gate,expand
MVI_40131,20,2,short,7,0.28,preserved,108.0,108.0,1.0,406,partial,UKF + CTRV,expanded gate,expand
MVI_40131,23,0,medium,25,1.0,no_before,,,0.24,226,partial,UKF + CTRV,expanded gate,expand
MVI_40131,25,0,long,177,7.08,preserved,143.0,143.0,0.9209,321,partial,UKF + CTRV,expanded gate,expand
MVI_40131,26,0,long,84,3.36,switched,161.0,190.0,0.6548,231,partial,UKF + CTRV,expanded gate,expand
MVI_40131,29,0,long,102,4.08,switched,232.0,395.0,0.9412,816,partial,UKF + CTRV,expanded gate,expand
MVI_40131,30,0,short,9,0.36,preserved,203.0,203.0,1.0,296,partial,UKF + CTRV,expanded gate,expand
MVI_40131,30,1,long,51,2.04,preserved,203.0,203.0,0.902,296,partial,UKF + CTRV,expanded gate,expand
MVI_40131,31,0,medium,24,0.96,no_before,,,0.0,221,partial,UKF + CTRV,expanded gate,expand
MVI_40131,31,1,short,8,0.32,no_before,,,0.0,221,partial,UKF + CTRV,expanded gate,expand
MVI_40131,34,0,long,65,2.6,no_before,,,0.8769,281,partial,UKF + CTRV,expanded gate,expand
MVI_40131,35,0,long,97,3.88,switched,238.0,401.0,0.2268,456,partial,UKF + CTRV,expanded gate,expand
MVI_40131,35,1,medium,26,1.04,preserved,401.0,401.0,1.0,456,partial,UKF + CTRV,expanded gate,expand
MVI_40131,36,0,medium,29,1.16,no_before,,,0.6897,226,partial,UKF + CTRV,expanded gate,expand
MVI_40131,37,0,long,210,8.4,no_before,,,0.2381,421,partial,UKF + CTRV,expanded gate,expand
MVI_40131,37,1,medium,33,1.32,preserved,440.0,440.0,1.0,421,partial,UKF + CTRV,expanded gate,expand
MVI_40131,38,0,long,51,2.04,preserved,323.0,323.0,0.7647,306,partial,UKF + CTRV,expanded gate,expand
MVI_40131,39,0,long,100,4.0,no_before,,,0.85,241,partial,UKF + CTRV,expanded gate,expand
MVI_40131,39,1,long,55,2.2,preserved,314.0,314.0,1.0,241,partial,UKF + CTRV,expanded gate,expand
MVI_40131,40,0,long,119,4.76,no_before,,,0.7815,366,partial,UKF + CTRV,expanded gate,expand
MVI_40131,40,1,short,11,0.44,preserved,421.0,421.0,1.0,366,partial,UKF + CTRV,expanded gate,expand
MVI_40131,40,3,medium,15,0.6,preserved,421.0,421.0,1.0,366,partial,UKF + CTRV,expanded gate,expand
MVI_40131,40,4,short,8,0.32,preserved,421.0,421.0,1.0,366,partial,UKF + CTRV,expanded gate,expand
MVI_40131,41,0,long,43,1.72,no_before,,,0.6047,281,partial,UKF + CTRV,expanded gate,expand
MVI_40131,45,0,medium,25,1.0,no_before,,,0.2,206,partial,UKF + CTRV,expanded gate,expand
MVI_40131,60,0,medium,22,0.88,lost,624.0,,0.7273,116,partial,UKF + CTRV,expanded gate,expand
MVI_40131,62,0,medium,26,1.04,lost,637.0,,0.9231,95,partial,UKF + CTRV,expanded gate,expand
MVI_40131,65,0,long,60,2.4,no_before,,,0.0,60,partial,UKF + CTRV,expanded gate,expand
MVI_40171,1,0,medium,26,1.04,no_before,,,1.0,26,partial,UKF + CTRV,expanded gate,expand
MVI_40171,6,0,long,41,1.64,preserved,20.0,20.0,0.9512,71,partial,UKF + CTRV,expanded gate,expand
MVI_40171,7,0,long,56,2.24,no_before,,,0.3214,56,partial,UKF + CTRV,expanded gate,expand
MVI_40171,8,0,short,12,0.48,no_before,,,0.0,726,partial,UKF + CTRV,expanded gate,expand
MVI_40171,8,1,short,11,0.44,switched,51.0,53.0,0.0,726,partial,UKF + CTRV,expanded gate,expand
MVI_40171,8,3,medium,26,1.04,preserved,76.0,76.0,1.0,726,partial,UKF + CTRV,expanded gate,expand
MVI_40171,8,4,medium,25,1.0,preserved,76.0,76.0,1.0,726,partial,UKF + CTRV,expanded gate,expand
MVI_40171,8,5,medium,18,0.72,switched,76.0,133.0,1.0,726,partial,UKF + CTRV,expanded gate,expand
MVI_40171,8,6,short,12,0.48,switched,90.0,199.0,1.0,726,partial,UKF + CTRV,expanded gate,expand
MVI_40171,8,7,medium,32,1.28,switched,195.0,274.0,1.0,726,partial,UKF + CTRV,expanded gate,expand
MVI_40171,8,8,medium,28,1.12,preserved,274.0,274.0,1.0,726,partial,UKF + CTRV,expanded gate,expand
MVI_40171,8,9,medium,16,0.64,preserved,274.0,274.0,1.0,726,partial,UKF + CTRV,expanded gate,expand
MVI_40171,9,1,short,10,0.4,preserved,36.0,36.0,1.0,61,partial,UKF + CTRV,expanded gate,expand
MVI_40171,11,0,medium,27,1.08,switched,52.0,51.0,0.8519,91,partial,UKF + CTRV,expanded gate,expand
MVI_40171,12,0,long,61,2.44,no_before,,,0.4262,61,partial,UKF + CTRV,expanded gate,expand
MVI_40171,14,0,medium,31,1.24,preserved,91.0,91.0,0.6452,86,partial,UKF + CTRV,expanded gate,expand
MVI_40171,15,0,long,66,2.64,no_before,,,0.4848,66,partial,UKF + CTRV,expanded gate,expand
MVI_40171,16,0,long,61,2.44,no_before,,,0.8361,61,partial,UKF + CTRV,expanded gate,expand
MVI_40171,17,0,short,11,0.44,no_before,,,0.2727,76,partial,UKF + CTRV,expanded gate,expand
MVI_40171,18,0,long,209,8.36,switched,157.0,275.0,0.1053,786,partial,UKF + CTRV,expanded gate,expand
MVI_40171,18,1,short,11,0.44,preserved,256.0,256.0,0.6364,786,partial,UKF + CTRV,expanded gate,expand
MVI_40171,18,2,short,4,0.16,preserved,256.0,256.0,1.0,786,partial,UKF + CTRV,expanded gate,expand
MVI_40171,18,3,short,4,0.16,switched,256.0,361.0,0.0,786,partial,UKF + CTRV,expanded gate,expand
MVI_40171,18,4,short,4,0.16,preserved,361.0,361.0,1.0,786,partial,UKF + CTRV,expanded gate,expand
MVI_40171,19,0,long,61,2.44,no_before,,,0.8525,61,partial,UKF + CTRV,expanded gate,expand
MVI_40171,22,0,long,69,2.76,lost,189.0,,0.7536,71,partial,UKF + CTRV,expanded gate,expand
MVI_40171,23,0,long,62,2.48,switched,179.0,199.0,0.9677,66,partial,UKF + CTRV,expanded gate,expand
MVI_40171,25,0,long,66,2.64,no_before,,,0.7879,66,partial,UKF + CTRV,expanded gate,expand
MVI_40171,26,0,long,47,1.88,no_before,,,0.7872,56,partial,UKF + CTRV,expanded gate,expand
MVI_40171,27,0,medium,30,1.2,no_before,,,0.3667,76,partial,UKF + CTRV,expanded gate,expand
MVI_40171,28,0,medium,21,0.84,no_before,,,0.8095,76,partial,UKF + CTRV,expanded gate,expand
MVI_40171,29,0,long,53,2.12,no_before,,,0.7547,56,partial,UKF + CTRV,expanded gate,expand
MVI_40171,31,0,medium,26,1.04,preserved,307.0,307.0,1.0,96,partial,UKF + CTRV,expanded gate,expand
MVI_40171,34,0,long,66,2.64,lost,340.0,,0.8939,71,partial,UKF + CTRV,expanded gate,expand
MVI_40171,35,0,long,62,2.48,switched,347.0,256.0,0.871,76,partial,UKF + CTRV,expanded gate,expand
MVI_40171,36,0,long,66,2.64,no_before,,,0.5909,66,partial,UKF + CTRV,expanded gate,expand
MVI_40171,38,0,short,8,0.32,no_before,,,0.0,185,partial,UKF + CTRV,expanded gate,expand
MVI_40171,39,0,long,70,2.8,lost,389.0,,0.7286,71,partial,UKF + CTRV,expanded gate,expand
MVI_40171,40,0,medium,23,0.92,lost,411.0,,1.0,45,partial,UKF + CTRV,expanded gate,expand
MVI_40171,41,0,long,99,3.96,switched,6.0,323.0,0.0909,1150,partial,UKF + CTRV,expanded gate,expand
MVI_40171,41,1,long,52,2.08,switched,274.0,413.0,0.0769,1150,partial,UKF + CTRV,expanded gate,expand
MVI_40171,42,0,long,1150,46.0,no_before,,,0.0,1150,partial,UKF + CTRV,expanded gate,expand
MVI_40171,43,0,long,1150,46.0,no_before,,,0.0,1150,partial,UKF + CTRV,expanded gate,expand
MVI_40171,44,0,long,1150,46.0,no_before,,,0.0,1150,partial,UKF + CTRV,expanded gate,expand
MVI_40172,16,0,long,180,7.2,no_before,,,0.0111,227,partial,UKF + CTRV,expanded gate,expand
MVI_40172,35,0,long,39,1.56,no_before,,,0.8974,46,partial,UKF + CTRV,expanded gate,expand
MVI_40172,36,0,medium,37,1.48,no_before,,,0.973,41,partial,UKF + CTRV,expanded gate,expand
MVI_40172,40,0,medium,29,1.16,preserved,482.0,482.0,0.5517,71,partial,UKF + CTRV,expanded gate,expand
MVI_40172,41,0,long,39,1.56,lost,485.0,,0.5385,41,partial,UKF + CTRV,expanded gate,expand
MVI_40172,47,0,long,48,1.92,lost,504.0,,0.9792,51,partial,UKF + CTRV,expanded gate,expand
MVI_40172,50,0,long,51,2.04,no_before,,,0.7451,51,partial,UKF + CTRV,expanded gate,expand
MVI_40172,51,0,short,10,0.4,preserved,527.0,527.0,0.1,81,partial,UKF + CTRV,expanded gate,expand
MVI_40172,56,0,medium,28,1.12,lost,542.0,,1.0,61,partial,UKF + CTRV,expanded gate,expand
MVI_40172,57,0,medium,37,1.48,preserved,554.0,554.0,1.0,51,partial,UKF + CTRV,expanded gate,expand
MVI_40172,60,0,long,44,1.76,preserved,564.0,564.0,0.7955,66,partial,UKF + CTRV,expanded gate,expand
MVI_40172,61,0,medium,13,0.52,preserved,575.0,575.0,1.0,36,partial,UKF + CTRV,expanded gate,expand
MVI_40172,63,0,long,46,1.84,no_before,,,0.7391,46,partial,UKF + CTRV,expanded gate,expand
MVI_40172,65,0,medium,29,1.16,lost,592.0,,0.4138,46,partial,UKF + CTRV,expanded gate,expand
MVI_40172,67,0,medium,31,1.24,no_before,,,0.7419,41,partial,UKF + CTRV,expanded gate,expand
MVI_40172,79,0,long,114,4.56,no_before,,,0.0789,201,partial,UKF + CTRV,expanded gate,expand
MVI_40172,95,0,long,40,1.6,lost,780.0,,0.85,41,partial,UKF + CTRV,expanded gate,expand
MVI_40172,96,0,long,50,2.0,no_before,,,0.88,50,partial,UKF + CTRV,expanded gate,expand
MVI_40172,99,0,long,50,2.0,switched,2.0,57.0,0.12,2635,partial,UKF + CTRV,expanded gate,expand
MVI_40172,99,1,long,74,2.96,switched,2.0,6.0,0.0811,2635,partial,UKF + CTRV,expanded gate,expand
MVI_40172,99,2,long,40,1.6,preserved,289.0,289.0,0.125,2635,partial,UKF + CTRV,expanded gate,expand
MVI_40172,100,0,long,2635,105.4,no_before,,,0.0,2635,partial,UKF + CTRV,expanded gate,expand
MVI_40172,101,0,long,2635,105.4,no_before,,,0.0,2635,partial,UKF + CTRV,expanded gate,expand
MVI_40172,102,0,long,2635,105.4,no_before,,,0.0,2635,partial,UKF + CTRV,expanded gate,expand
MVI_40172,105,0,long,52,2.08,switched,3.0,66.0,0.0385,2635,partial,UKF + CTRV,expanded gate,expand
MVI_40172,105,1,long,45,1.8,switched,66.0,227.0,0.0222,2635,partial,UKF + CTRV,expanded gate,expand
MVI_40172,105,2,medium,21,0.84,no_before,,,0.0,2635,partial,UKF + CTRV,expanded gate,expand
MVI_40172,105,3,long,39,1.56,switched,6.0,751.0,0.2308,2635,partial,UKF + CTRV,expanded gate,expand
MVI_40204,6,0,long,86,3.44,no_before,,,0.314,86,partial,UKF + CTRV,expanded gate,expand
MVI_40204,9,0,long,66,2.64,no_before,,,0.0,66,partial,UKF + CTRV,expanded gate,expand
MVI_40204,10,0,medium,32,1.28,lost,9.0,,0.375,76,partial,UKF + CTRV,expanded gate,expand
MVI_40204,11,0,medium,31,1.24,switched,11.0,59.0,0.3871,66,partial,UKF + CTRV,expanded gate,expand
MVI_40204,12,0,medium,16,0.64,no_before,,,0.375,16,partial,UKF + CTRV,expanded gate,expand
MVI_40204,15,0,long,136,5.44,no_before,,,0.6618,136,partial,UKF + CTRV,expanded gate,expand
MVI_40204,27,0,long,111,4.44,no_before,,,0.8108,111,partial,UKF + CTRV,expanded gate,expand
MVI_40204,30,0,long,71,2.84,lost,112.0,,0.2113,141,partial,UKF + CTRV,expanded gate,expand
MVI_40204,34,0,short,3,0.12,preserved,123.0,123.0,0.6667,116,partial,UKF + CTRV,expanded gate,expand
MVI_40204,34,1,medium,25,1.0,lost,123.0,,0.2,116,partial,UKF + CTRV,expanded gate,expand
MVI_40204,34,2,medium,25,1.0,lost,123.0,,0.0,116,partial,UKF + CTRV,expanded gate,expand
MVI_40204,35,0,long,131,5.24,no_before,,,0.3359,131,partial,UKF + CTRV,expanded gate,expand
MVI_40204,36,0,long,52,2.08,lost,130.0,,0.0192,116,partial,UKF + CTRV,expanded gate,expand
MVI_40204,39,0,medium,22,0.88,lost,187.0,,0.0,111,partial,UKF + CTRV,expanded gate,expand
MVI_40204,40,0,long,39,1.56,lost,149.0,,0.0,151,partial,UKF + CTRV,expanded gate,expand
MVI_40204,46,0,long,141,5.64,no_before,,,0.6525,141,partial,UKF + CTRV,expanded gate,expand
MVI_40204,49,0,long,46,1.84,preserved,200.0,200.0,0.8043,151,partial,UKF + CTRV,expanded gate,expand
MVI_40204,50,0,long,121,4.84,no_before,,,0.3636,121,partial,UKF + CTRV,expanded gate,expand
MVI_40204,51,0,long,131,5.24,no_before,,,0.4046,131,partial,UKF + CTRV,expanded gate,expand
MVI_40204,52,0,short,2,0.08,preserved,214.0,214.0,1.0,131,partial,UKF + CTRV,expanded gate,expand
MVI_40204,60,0,long,131,5.24,no_before,,,0.3206,131,partial,UKF + CTRV,expanded gate,expand
MVI_40204,63,0,long,39,1.56,preserved,303.0,303.0,0.6923,141,partial,UKF + CTRV,expanded gate,expand
MVI_40204,64,0,long,130,5.2,no_before,,,0.6231,131,partial,UKF + CTRV,expanded gate,expand
MVI_40204,65,0,long,141,5.64,no_before,,,0.2695,141,partial,UKF + CTRV,expanded gate,expand
MVI_40204,67,0,long,58,2.32,lost,361.0,,0.0172,131,partial,UKF + CTRV,expanded gate,expand
MVI_40204,68,0,medium,15,0.6,lost,361.0,,0.0,126,partial,UKF + CTRV,expanded gate,expand
MVI_40204,71,0,long,116,4.64,no_before,,,0.3362,116,partial,UKF + CTRV,expanded gate,expand
MVI_40204,72,0,medium,33,1.32,preserved,410.0,410.0,1.0,141,partial,UKF + CTRV,expanded gate,expand
MVI_40204,73,0,long,136,5.44,no_before,,,0.3235,136,partial,UKF + CTRV,expanded gate,expand
MVI_40204,74,0,long,116,4.64,no_before,,,0.5,116,partial,UKF + CTRV,expanded gate,expand
MVI_40204,78,0,medium,19,0.76,lost,445.0,,0.2632,131,partial,UKF + CTRV,expanded gate,expand
MVI_40204,81,0,long,141,5.64,no_before,,,0.305,141,partial,UKF + CTRV,expanded gate,expand
MVI_40204,82,0,short,8,0.32,preserved,476.0,476.0,1.0,136,partial,UKF + CTRV,expanded gate,expand
MVI_40204,82,1,long,40,1.6,lost,476.0,,0.775,136,partial,UKF + CTRV,expanded gate,expand
MVI_40204,85,0,long,141,5.64,no_before,,,0.5745,141,partial,UKF + CTRV,expanded gate,expand
MVI_40204,86,0,long,114,4.56,lost,509.0,,0.3772,136,partial,UKF + CTRV,expanded gate,expand
MVI_40204,88,0,long,146,5.84,no_before,,,0.1301,146,partial,UKF + CTRV,expanded gate,expand
MVI_40204,90,0,long,146,5.84,no_before,,,0.6918,146,partial,UKF + CTRV,expanded gate,expand
MVI_40204,92,0,long,41,1.64,no_before,,,0.9512,156,partial,UKF + CTRV,expanded gate,expand
MVI_40204,93,0,long,112,4.48,lost,543.0,,0.4911,131,partial,UKF + CTRV,expanded gate,expand
MVI_40204,96,0,long,82,3.28,switched,553.0,565.0,0.8415,161,partial,UKF + CTRV,expanded gate,expand
MVI_40204,98,0,long,156,6.24,no_before,,,0.5705,156,partial,UKF + CTRV,expanded gate,expand
MVI_40204,99,0,short,11,0.44,no_before,,,0.8182,151,partial,UKF + CTRV,expanded gate,expand
MVI_40204,106,0,long,51,2.04,no_before,,,0.6471,126,partial,UKF + CTRV,expanded gate,expand
MVI_40204,106,1,long,70,2.8,lost,624.0,,0.4,126,partial,UKF + CTRV,expanded gate,expand
MVI_40204,108,0,long,151,6.04,no_before,,,0.457,151,partial,UKF + CTRV,expanded gate,expand
MVI_40204,110,0,long,75,3.0,lost,625.0,,0.1733,131,partial,UKF + CTRV,expanded gate,expand
MVI_40204,112,0,long,40,1.6,no_before,,,0.0,146,partial,UKF + CTRV,expanded gate,expand
MVI_40204,115,0,long,71,2.84,preserved,660.0,660.0,0.8169,151,partial,UKF + CTRV,expanded gate,expand
MVI_40204,115,1,short,4,0.16,switched,660.0,583.0,0.0,151,partial,UKF + CTRV,expanded gate,expand
MVI_40204,116,0,long,146,5.84,no_before,,,0.0,146,partial,UKF + CTRV,expanded gate,expand
MVI_40204,117,0,medium,31,1.24,lost,669.0,,0.2581,141,partial,UKF + CTRV,expanded gate,expand
MVI_40204,117,1,short,9,0.36,lost,669.0,,0.0,141,partial,UKF + CTRV,expanded gate,expand
MVI_40204,119,0,long,66,2.64,lost,677.0,,0.1364,151,partial,UKF + CTRV,expanded gate,expand
MVI_40204,120,0,long,62,2.48,preserved,702.0,702.0,0.6613,156,partial,UKF + CTRV,expanded gate,expand
MVI_40204,121,0,medium,21,0.84,no_before,,,0.9048,156,partial,UKF + CTRV,expanded gate,expand
MVI_40204,122,0,long,141,5.64,no_before,,,0.1844,141,partial,UKF + CTRV,expanded gate,expand
MVI_40204,126,0,long,43,1.72,preserved,733.0,733.0,0.6047,166,partial,UKF + CTRV,expanded gate,expand
MVI_40204,126,1,short,4,0.16,lost,733.0,,0.0,166,partial,UKF + CTRV,expanded gate,expand
MVI_40204,127,0,short,5,0.2,no_before,,,0.4,161,partial,UKF + CTRV,expanded gate,expand
MVI_40204,128,0,medium,18,0.72,preserved,748.0,748.0,1.0,131,partial,UKF + CTRV,expanded gate,expand
MVI_40204,128,1,long,98,3.92,lost,748.0,,0.2959,131,partial,UKF + CTRV,expanded gate,expand
MVI_40204,129,0,long,156,6.24,no_before,,,0.2628,156,partial,UKF + CTRV,expanded gate,expand
MVI_40204,133,0,long,53,2.12,lost,766.0,,0.3019,106,partial,UKF + CTRV,expanded gate,expand
MVI_40204,135,0,long,75,3.0,lost,779.0,,0.2,141,partial,UKF + CTRV,expanded gate,expand
MVI_40204,137,0,long,63,2.52,lost,800.0,,0.3333,126,partial,UKF + CTRV,expanded gate,expand
MVI_40204,138,0,short,7,0.28,lost,936.0,,0.0,166,partial,UKF + CTRV,expanded gate,expand
MVI_40204,142,0,long,145,5.8,no_before,,,0.8345,146,partial,UKF + CTRV,expanded gate,expand
MVI_40204,145,0,long,146,5.84,no_before,,,0.5685,161,partial,UKF + CTRV,expanded gate,expand
MVI_40204,148,0,long,110,4.4,lost,881.0,,0.3364,151,partial,UKF + CTRV,expanded gate,expand
MVI_40204,149,0,long,72,2.88,lost,881.0,,0.1944,161,partial,UKF + CTRV,expanded gate,expand
MVI_40204,150,0,long,146,5.84,no_before,,,0.726,146,partial,UKF + CTRV,expanded gate,expand
MVI_40204,153,0,long,129,5.16,lost,906.0,,0.4496,171,partial,UKF + CTRV,expanded gate,expand
MVI_40204,154,0,medium,28,1.12,no_before,,,0.5714,166,partial,UKF + CTRV,expanded gate,expand
MVI_40204,158,0,medium,31,1.24,no_before,,,0.0,175,partial,UKF + CTRV,expanded gate,expand
MVI_40204,161,0,medium,22,0.88,no_before,,,0.8636,170,partial,UKF + CTRV,expanded gate,expand
MVI_40204,161,1,long,67,2.68,preserved,959.0,959.0,0.2388,170,partial,UKF + CTRV,expanded gate,expand
MVI_40204,162,0,long,151,6.04,no_before,,,0.0331,151,partial,UKF + CTRV,expanded gate,expand
MVI_40204,165,1,long,139,5.56,lost,984.0,,0.6547,145,partial,UKF + CTRV,expanded gate,expand
MVI_40204,168,0,long,120,4.8,no_before,,,0.7583,120,partial,UKF + CTRV,expanded gate,expand
MVI_40204,173,0,long,65,2.6,no_before,,,0.9692,65,partial,UKF + CTRV,expanded gate,expand
MVI_40204,177,0,medium,20,0.8,no_before,,,0.6,20,partial,UKF + CTRV,expanded gate,expand
MVI_40751,2,0,long,72,2.88,switched,1.0,2.0,0.1667,1140,partial,UKF + CTRV,expanded gate,expand
MVI_40751,2,1,long,175,7.0,preserved,2.0,2.0,0.6229,1140,partial,UKF + CTRV,expanded gate,expand
MVI_40751,2,2,short,9,0.36,preserved,2.0,2.0,1.0,1140,partial,UKF + CTRV,expanded gate,expand
MVI_40751,2,3,short,6,0.24,preserved,2.0,2.0,1.0,1140,partial,UKF + CTRV,expanded gate,expand
MVI_40751,2,4,long,410,16.4,preserved,2.0,2.0,0.9976,1140,partial,UKF + CTRV,expanded gate,expand
MVI_40751,3,0,long,58,2.32,no_before,,,0.9655,81,partial,UKF + CTRV,expanded gate,expand
MVI_40751,4,1,long,46,1.84,switched,2.0,26.0,1.0,141,partial,UKF + CTRV,expanded gate,expand
MVI_40751,5,0,medium,19,0.76,no_before,,,0.0,146,partial,UKF + CTRV,expanded gate,expand
MVI_40751,7,0,medium,19,0.76,no_before,,,0.0,186,partial,UKF + CTRV,expanded gate,expand
MVI_40751,7,1,medium,14,0.56,preserved,61.0,61.0,1.0,186,partial,UKF + CTRV,expanded gate,expand
MVI_40751,7,3,long,97,3.88,preserved,61.0,61.0,1.0,186,partial,UKF + CTRV,expanded gate,expand
MVI_40751,8,1,short,4,0.16,preserved,103.0,103.0,1.0,920,partial,UKF + CTRV,expanded gate,expand
MVI_40751,8,2,short,5,0.2,preserved,103.0,103.0,1.0,920,partial,UKF + CTRV,expanded gate,expand
MVI_40751,8,3,short,10,0.4,preserved,103.0,103.0,1.0,920,partial,UKF + CTRV,expanded gate,expand
MVI_40751,8,4,medium,24,0.96,preserved,103.0,103.0,1.0,920,partial,UKF + CTRV,expanded gate,expand
MVI_40751,8,5,long,591,23.64,lost,103.0,,0.7716,920,partial,UKF + CTRV,expanded gate,expand
MVI_40751,9,0,medium,34,1.36,preserved,136.0,136.0,1.0,96,partial,UKF + CTRV,expanded gate,expand
MVI_40751,11,0,medium,32,1.28,no_before,,,0.4062,156,partial,UKF + CTRV,expanded gate,expand
MVI_40751,11,1,long,89,3.56,preserved,159.0,159.0,0.9775,156,partial,UKF + CTRV,expanded gate,expand
MVI_40751,15,0,long,223,8.92,lost,165.0,,1.0,775,partial,UKF + CTRV,expanded gate,expand
MVI_40751,21,0,short,5,0.2,no_before,,,0.0,625,partial,UKF + CTRV,expanded gate,expand
MVI_40751,21,1,long,612,24.48,lost,297.0,,0.0294,625,partial,UKF + CTRV,expanded gate,expand
MVI_40751,23,0,short,11,0.44,preserved,323.0,323.0,1.0,66,partial,UKF + CTRV,expanded gate,expand
MVI_40751,23,1,short,4,0.16,preserved,323.0,323.0,1.0,66,partial,UKF + CTRV,expanded gate,expand
MVI_40751,28,0,short,3,0.12,preserved,365.0,365.0,1.0,405,partial,UKF + CTRV,expanded gate,expand
MVI_40751,28,1,medium,15,0.6,preserved,365.0,365.0,1.0,405,partial,UKF + CTRV,expanded gate,expand
MVI_40751,29,0,medium,23,0.92,preserved,373.0,373.0,1.0,370,partial,UKF + CTRV,expanded gate,expand
MVI_40751,31,0,long,41,1.64,no_before,,,0.6829,43,partial,UKF + CTRV,expanded gate,expand
MVI_40751,32,0,long,172,6.88,switched,395.0,429.0,0.8663,266,partial,UKF + CTRV,expanded gate,expand
MVI_40751,33,0,medium,14,0.56,preserved,395.0,395.0,1.0,270,partial,UKF + CTRV,expanded gate,expand
MVI_40751,35,0,medium,23,0.92,lost,428.0,,1.0,156,partial,UKF + CTRV,expanded gate,expand
MVI_40751,36,0,long,77,3.08,lost,447.0,,1.0,195,partial,UKF + CTRV,expanded gate,expand
MVI_40751,38,0,medium,13,0.52,preserved,463.0,463.0,1.0,140,partial,UKF + CTRV,expanded gate,expand
MVI_40751,38,1,long,49,1.96,lost,463.0,,1.0,140,partial,UKF + CTRV,expanded gate,expand
MVI_40751,41,0,long,45,1.8,no_before,,,0.3111,45,partial,UKF + CTRV,expanded gate,expand
MVI_63554,3,0,short,11,0.44,no_before,,,0.6364,11,partial,UKF + CTRV,expanded gate,expand
MVI_63554,4,0,medium,26,1.04,no_before,,,0.0,26,partial,UKF + CTRV,expanded gate,expand
MVI_63554,5,0,long,40,1.6,no_before,,,0.95,41,partial,UKF + CTRV,expanded gate,expand
MVI_63554,8,0,medium,13,0.52,no_before,,,0.3846,16,partial,UKF + CTRV,expanded gate,expand
MVI_63554,9,0,long,55,2.2,lost,14.0,,0.0727,61,partial,UKF + CTRV,expanded gate,expand
MVI_63554,11,0,long,52,2.08,lost,27.0,,0.0577,61,partial,UKF + CTRV,expanded gate,expand
MVI_63554,13,0,medium,16,0.64,no_before,,,0.25,26,partial,UKF + CTRV,expanded gate,expand
MVI_63554,15,0,long,65,2.6,lost,40.0,,0.9692,76,partial,UKF + CTRV,expanded gate,expand
MVI_63554,19,0,long,62,2.48,no_before,,,0.8871,81,partial,UKF + CTRV,expanded gate,expand
MVI_63554,20,0,long,57,2.28,lost,62.0,,0.0,66,partial,UKF + CTRV,expanded gate,expand
MVI_63554,22,0,long,61,2.44,no_before,,,0.3607,61,partial,UKF + CTRV,expanded gate,expand
MVI_63554,23,0,long,45,1.8,preserved,74.0,74.0,0.7333,81,partial,UKF + CTRV,expanded gate,expand
MVI_63554,24,0,short,11,0.44,no_before,,,0.1818,21,partial,UKF + CTRV,expanded gate,expand
MVI_63554,25,0,long,51,2.04,no_before,,,0.098,56,partial,UKF + CTRV,expanded gate,expand
MVI_63554,30,0,long,74,2.96,lost,119.0,,0.2162,81,partial,UKF + CTRV,expanded gate,expand
MVI_63554,31,0,long,76,3.04,no_before,,,0.5132,76,partial,UKF + CTRV,expanded gate,expand
MVI_63554,32,0,long,64,2.56,lost,123.0,,0.0781,71,partial,UKF + CTRV,expanded gate,expand
MVI_63554,33,0,long,45,1.8,lost,131.0,,0.9333,81,partial,UKF + CTRV,expanded gate,expand
MVI_63554,35,0,medium,16,0.64,no_before,,,0.8125,86,partial,UKF + CTRV,expanded gate,expand
MVI_63554,36,0,long,59,2.36,lost,149.0,,0.0678,66,partial,UKF + CTRV,expanded gate,expand
MVI_63554,41,0,medium,25,1.0,lost,170.0,,0.72,91,partial,UKF + CTRV,expanded gate,expand
MVI_63554,42,0,short,11,0.44,no_before,,,0.1818,16,partial,UKF + CTRV,expanded gate,expand
MVI_63554,43,0,long,62,2.48,lost,175.0,,0.0806,71,partial,UKF + CTRV,expanded gate,expand
MVI_63554,44,0,long,64,2.56,lost,178.0,,0.7812,71,partial,UKF + CTRV,expanded gate,expand
MVI_63554,47,0,long,59,2.36,lost,183.0,,0.1864,66,partial,UKF + CTRV,expanded gate,expand
MVI_63554,49,0,long,54,2.16,lost,193.0,,0.8889,81,partial,UKF + CTRV,expanded gate,expand
MVI_63554,50,0,long,63,2.52,lost,195.0,,0.254,71,partial,UKF + CTRV,expanded gate,expand
MVI_63554,51,0,short,11,0.44,no_before,,,0.0,21,partial,UKF + CTRV,expanded gate,expand
MVI_63554,55,0,long,62,2.48,lost,227.0,,0.7742,71,partial,UKF + CTRV,expanded gate,expand
MVI_63554,56,0,long,48,1.92,no_before,,,0.0,51,partial,UKF + CTRV,expanded gate,expand
MVI_63554,58,0,medium,21,0.84,preserved,240.0,240.0,0.9524,41,partial,UKF + CTRV,expanded gate,expand
MVI_63554,60,0,medium,13,0.52,no_before,,,0.2308,21,partial,UKF + CTRV,expanded gate,expand
MVI_63554,61,0,long,63,2.52,no_before,,,0.5079,66,partial,UKF + CTRV,expanded gate,expand
MVI_63554,62,0,short,5,0.2,preserved,254.0,254.0,1.0,66,partial,UKF + CTRV,expanded gate,expand
MVI_63554,62,1,medium,35,1.4,lost,254.0,,0.6571,66,partial,UKF + CTRV,expanded gate,expand
MVI_63554,63,0,long,60,2.4,lost,259.0,,0.6833,66,partial,UKF + CTRV,expanded gate,expand
MVI_63554,64,0,long,42,1.68,no_before,,,0.0476,46,partial,UKF + CTRV,expanded gate,expand
MVI_63554,68,0,long,57,2.28,lost,280.0,,0.0702,66,partial,UKF + CTRV,expanded gate,expand
MVI_63554,69,0,medium,16,0.64,no_before,,,0.5625,26,partial,UKF + CTRV,expanded gate,expand
MVI_63554,72,0,medium,20,0.8,lost,292.0,,0.35,101,partial,UKF + CTRV,expanded gate,expand
MVI_63554,73,0,long,50,2.0,switched,285.0,303.0,0.86,61,partial,UKF + CTRV,expanded gate,expand
MVI_63554,76,0,medium,13,0.52,no_before,,,0.3077,21,partial,UKF + CTRV,expanded gate,expand
MVI_63554,77,0,long,56,2.24,lost,306.0,,0.0714,61,partial,UKF + CTRV,expanded gate,expand
MVI_63554,79,0,long,61,2.44,no_before,,,0.4098,71,partial,UKF + CTRV,expanded gate,expand
MVI_63554,80,0,long,55,2.2,lost,313.0,,0.8364,61,partial,UKF + CTRV,expanded gate,expand
MVI_63554,81,0,short,10,0.4,no_before,,,0.1,81,partial,UKF + CTRV,expanded gate,expand
MVI_63554,82,0,long,53,2.12,no_before,,,0.0755,56,partial,UKF + CTRV,expanded gate,expand
MVI_63554,83,0,medium,15,0.6,no_before,,,0.1333,21,partial,UKF + CTRV,expanded gate,expand
MVI_63554,86,0,long,49,1.96,lost,328.0,,0.0204,56,partial,UKF + CTRV,expanded gate,expand
MVI_63554,87,0,medium,31,1.24,preserved,337.0,337.0,0.871,61,partial,UKF + CTRV,expanded gate,expand
MVI_63554,88,0,medium,13,0.52,no_before,,,0.2308,16,partial,UKF + CTRV,expanded gate,expand
MVI_63554,90,0,medium,20,0.8,lost,345.0,,0.85,86,partial,UKF + CTRV,expanded gate,expand
MVI_63554,92,0,long,50,2.0,lost,351.0,,0.1,56,partial,UKF + CTRV,expanded gate,expand
MVI_63554,93,0,long,39,1.56,preserved,355.0,355.0,0.8462,71,partial,UKF + CTRV,expanded gate,expand
MVI_63554,93,3,short,9,0.36,lost,355.0,,0.0,71,partial,UKF + CTRV,expanded gate,expand
MVI_63554,94,0,medium,26,1.04,preserved,357.0,357.0,1.0,56,partial,UKF + CTRV,expanded gate,expand
MVI_63554,95,0,long,51,2.04,preserved,363.0,363.0,0.7451,81,partial,UKF + CTRV,expanded gate,expand
MVI_63554,96,0,medium,15,0.6,no_before,,,0.0667,26,partial,UKF + CTRV,expanded gate,expand
MVI_63554,98,0,long,64,2.56,lost,351.0,,0.7969,71,partial,UKF + CTRV,expanded gate,expand
MVI_63554,99,0,medium,15,0.6,no_before,,,0.6667,26,partial,UKF + CTRV,expanded gate,expand
MVI_63554,101,0,long,48,1.92,no_before,,,0.0417,51,partial,UKF + CTRV,expanded gate,expand
MVI_63554,102,0,medium,14,0.56,no_before,,,0.0714,26,partial,UKF + CTRV,expanded gate,expand
MVI_63554,103,0,medium,17,0.68,lost,351.0,,0.5882,71,partial,UKF + CTRV,expanded gate,expand
MVI_63554,105,0,long,61,2.44,lost,366.0,,0.7541,66,partial,UKF + CTRV,expanded gate,expand
MVI_63554,108,0,long,44,1.76,no_before,,,0.0,51,partial,UKF + CTRV,expanded gate,expand
MVI_63554,109,0,medium,18,0.72,no_before,,,0.2778,31,partial,UKF + CTRV,expanded gate,expand
MVI_63554,112,0,medium,31,1.24,no_before,,,0.6129,61,partial,UKF + CTRV,expanded gate,expand
MVI_63554,115,0,long,53,2.12,lost,451.0,,0.0943,61,partial,UKF + CTRV,expanded gate,expand
MVI_63554,116,0,medium,15,0.6,no_before,,,0.2,26,partial,UKF + CTRV,expanded gate,expand
MVI_63554,117,0,long,53,2.12,lost,458.0,,0.566,61,partial,UKF + CTRV,expanded gate,expand
MVI_63554,120,0,medium,15,0.6,no_before,,,0.2,26,partial,UKF + CTRV,expanded gate,expand
MVI_63554,123,0,long,60,2.4,no_before,,,0.5333,61,partial,UKF + CTRV,expanded gate,expand
MVI_63554,124,0,long,54,2.16,no_before,,,0.0741,61,partial,UKF + CTRV,expanded gate,expand
MVI_63554,126,0,medium,37,1.48,lost,489.0,,0.9189,56,partial,UKF + CTRV,expanded gate,expand
MVI_63554,129,0,medium,13,0.52,no_before,,,0.3846,21,partial,UKF + CTRV,expanded gate,expand
MVI_63554,132,0,short,12,0.48,no_before,,,0.5,26,partial,UKF + CTRV,expanded gate,expand
MVI_63554,134,0,long,55,2.2,lost,525.0,,0.6909,61,partial,UKF + CTRV,expanded gate,expand
MVI_63554,137,0,short,12,0.48,no_before,,,0.1667,16,partial,UKF + CTRV,expanded gate,expand
MVI_63554,139,0,long,48,1.92,lost,545.0,,0.875,56,partial,UKF + CTRV,expanded gate,expand
MVI_63554,142,0,medium,15,0.6,no_before,,,0.4,26,partial,UKF + CTRV,expanded gate,expand
MVI_63554,143,0,long,57,2.28,lost,553.0,,0.8772,66,partial,UKF + CTRV,expanded gate,expand
MVI_63554,147,0,long,39,1.56,lost,565.0,,0.0769,46,partial,UKF + CTRV,expanded gate,expand
MVI_63554,148,0,short,8,0.32,preserved,563.0,563.0,1.0,56,partial,UKF + CTRV,expanded gate,expand
MVI_63554,151,0,short,12,0.48,no_before,,,0.5,21,partial,UKF + CTRV,expanded gate,expand
MVI_63554,152,0,short,10,0.4,preserved,581.0,581.0,1.0,61,partial,UKF + CTRV,expanded gate,expand
MVI_63554,152,1,short,2,0.08,preserved,581.0,581.0,1.0,61,partial,UKF + CTRV,expanded gate,expand
MVI_63554,152,2,short,5,0.2,lost,581.0,,0.2,61,partial,UKF + CTRV,expanded gate,expand
MVI_63554,153,0,medium,14,0.56,no_before,,,0.3571,20,partial,UKF + CTRV,expanded gate,expand
MVI_63554,155,0,long,49,1.96,lost,589.0,,0.0816,56,partial,UKF + CTRV,expanded gate,expand
MVI_63554,158,0,long,54,2.16,lost,602.0,,0.8889,66,partial,UKF + CTRV,expanded gate,expand
MVI_63554,160,0,short,12,0.48,no_before,,,0.3333,21,partial,UKF + CTRV,expanded gate,expand
MVI_63554,162,0,long,54,2.16,lost,608.0,,0.7593,61,partial,UKF + CTRV,expanded gate,expand
MVI_63554,163,0,long,54,2.16,no_before,,,0.9444,71,partial,UKF + CTRV,expanded gate,expand
MVI_63554,164,0,long,66,2.64,no_before,,,0.9848,66,partial,UKF + CTRV,expanded gate,expand
MVI_63554,165,0,long,52,2.08,lost,622.0,,0.0577,56,partial,UKF + CTRV,expanded gate,expand
MVI_63554,168,0,long,53,2.12,lost,642.0,,0.8491,61,partial,UKF + CTRV,expanded gate,expand
MVI_63554,169,0,medium,14,0.56,no_before,,,0.7857,21,partial,UKF + CTRV,expanded gate,expand
MVI_63554,171,0,long,50,2.0,lost,656.0,,0.1,56,partial,UKF + CTRV,expanded gate,expand
MVI_63554,174,0,short,11,0.44,no_before,,,0.3636,16,partial,UKF + CTRV,expanded gate,expand
MVI_63554,175,0,long,59,2.36,lost,666.0,,0.7797,66,partial,UKF + CTRV,expanded gate,expand
MVI_63554,177,0,long,51,2.04,lost,672.0,,0.098,56,partial,UKF + CTRV,expanded gate,expand
MVI_63554,180,0,short,9,0.36,no_before,,,0.8889,16,partial,UKF + CTRV,expanded gate,expand
MVI_63554,182,0,long,51,2.04,lost,691.0,,0.098,56,partial,UKF + CTRV,expanded gate,expand
MVI_63554,183,0,short,8,0.32,no_before,,,0.125,21,partial,UKF + CTRV,expanded gate,expand
MVI_63554,185,0,long,39,1.56,no_before,,,0.7949,40,partial,UKF + CTRV,expanded gate,expand
MVI_63554,186,0,medium,18,0.72,lost,698.0,,0.1667,25,partial,UKF + CTRV,expanded gate,expand
MVI_63554,188,0,short,11,0.44,no_before,,,0.3636,15,partial,UKF + CTRV,expanded gate,expand
MVI_63554,189,0,medium,14,0.56,no_before,,,0.8571,31,partial,UKF + CTRV,expanded gate,expand
MVI_63554,190,0,medium,17,0.68,no_before,,,0.4118,31,partial,UKF + CTRV,expanded gate,expand
MVI_40131,1,0,long,61,2.44,switched,4.0,113.0,0.0,486,full,UKF + CTRV,expanded gate,expand
MVI_40131,19,0,long,54,2.16,switched,77.0,384.0,0.0,1086,full,UKF + CTRV,expanded gate,expand
MVI_40131,35,0,long,50,2.0,switched,238.0,401.0,0.0,456,full,UKF + CTRV,expanded gate,expand
MVI_40171,9,0,short,1,0.04,preserved,36.0,36.0,1.0,61,full,UKF + CTRV,expanded gate,expand
MVI_40171,9,1,short,10,0.4,preserved,36.0,36.0,1.0,61,full,UKF + CTRV,expanded gate,expand
MVI_40171,26,0,short,3,0.12,preserved,251.0,251.0,0.6667,56,full,UKF + CTRV,expanded gate,expand
MVI_40171,41,0,long,66,2.64,switched,6.0,323.0,0.0,1150,full,UKF + CTRV,expanded gate,expand
MVI_40171,41,1,long,38,1.52,switched,274.0,413.0,0.0,1150,full,UKF + CTRV,expanded gate,expand
MVI_40171,42,0,medium,14,0.56,no_before,,,0.0,1150,full,UKF + CTRV,expanded gate,expand
MVI_40171,42,1,short,1,0.04,no_before,,,0.0,1150,full,UKF + CTRV,expanded gate,expand
MVI_40171,42,2,short,2,0.08,no_before,,,0.0,1150,full,UKF + CTRV,expanded gate,expand
MVI_40171,42,3,long,772,30.88,no_before,,,0.0,1150,full,UKF + CTRV,expanded gate,expand
MVI_40171,42,4,long,142,5.68,no_before,,,0.0,1150,full,UKF + CTRV,expanded gate,expand
MVI_40171,43,0,long,121,4.84,no_before,,,0.0,1150,full,UKF + CTRV,expanded gate,expand
MVI_40171,43,1,long,1012,40.48,no_before,,,0.0,1150,full,UKF + CTRV,expanded gate,expand
MVI_40171,44,0,long,141,5.64,no_before,,,0.0,1150,full,UKF + CTRV,expanded gate,expand
MVI_40171,44,1,long,989,39.56,no_before,,,0.0,1150,full,UKF + CTRV,expanded gate,expand
MVI_40172,16,0,long,158,6.32,no_before,,,0.0,227,full,UKF + CTRV,expanded gate,expand
MVI_40172,99,0,long,42,1.68,switched,1.0,57.0,0.0,2635,full,UKF + CTRV,expanded gate,expand
MVI_40172,99,1,long,40,1.6,switched,2.0,6.0,0.0,2635,full,UKF + CTRV,expanded gate,expand
MVI_40172,99,2,medium,15,0.6,preserved,289.0,289.0,0.0,2635,full,UKF + CTRV,expanded gate,expand
MVI_40172,100,0,long,2225,89.0,no_before,,,0.0,2635,full,UKF + CTRV,expanded gate,expand
MVI_40172,101,0,long,1489,59.56,no_before,,,0.0,2635,full,UKF + CTRV,expanded gate,expand
MVI_40172,101,1,long,148,5.92,no_before,,,0.0,2635,full,UKF + CTRV,expanded gate,expand
MVI_40172,101,2,long,526,21.04,no_before,,,0.0,2635,full,UKF + CTRV,expanded gate,expand
MVI_40172,101,3,short,2,0.08,no_before,,,0.0,2635,full,UKF + CTRV,expanded gate,expand
MVI_40172,101,4,short,9,0.36,no_before,,,0.0,2635,full,UKF + CTRV,expanded gate,expand
MVI_40172,101,5,medium,19,0.76,no_before,,,0.0,2635,full,UKF + CTRV,expanded gate,expand
MVI_40172,102,0,long,395,15.8,no_before,,,0.0,2635,full,UKF + CTRV,expanded gate,expand
MVI_40172,102,1,long,1062,42.48,no_before,,,0.0,2635,full,UKF + CTRV,expanded gate,expand
MVI_40172,102,2,short,7,0.28,no_before,,,0.0,2635,full,UKF + CTRV,expanded gate,expand
MVI_40172,102,3,short,1,0.04,no_before,,,0.0,2635,full,UKF + CTRV,expanded gate,expand
MVI_40172,102,4,short,2,0.08,no_before,,,0.0,2635,full,UKF + CTRV,expanded gate,expand
MVI_40172,102,5,long,53,2.12,no_before,,,0.0,2635,full,UKF + CTRV,expanded gate,expand
MVI_40172,102,6,short,5,0.2,no_before,,,0.0,2635,full,UKF + CTRV,expanded gate,expand
MVI_40172,102,7,medium,19,0.76,no_before,,,0.0,2635,full,UKF + CTRV,expanded gate,expand
MVI_40172,102,8,long,67,2.68,no_before,,,0.0,2635,full,UKF + CTRV,expanded gate,expand
MVI_40172,102,9,long,87,3.48,no_before,,,0.0,2635,full,UKF + CTRV,expanded gate,expand
MVI_40172,102,10,short,2,0.08,no_before,,,0.0,2635,full,UKF + CTRV,expanded gate,expand
MVI_40172,102,11,long,95,3.8,no_before,,,0.0,2635,full,UKF + CTRV,expanded gate,expand
MVI_40172,105,0,long,47,1.88,switched,3.0,66.0,0.0,2635,full,UKF + CTRV,expanded gate,expand
MVI_40172,105,1,long,42,1.68,switched,66.0,227.0,0.0,2635,full,UKF + CTRV,expanded gate,expand
MVI_40172,105,2,short,7,0.28,no_before,,,0.0,2635,full,UKF + CTRV,expanded gate,expand
MVI_40172,105,3,medium,20,0.8,switched,6.0,751.0,0.0,2635,full,UKF + CTRV,expanded gate,expand
MVI_40204,15,0,short,1,0.04,lost,25.0,,0.0,136,full,UKF + CTRV,expanded gate,expand
MVI_40204,35,0,medium,21,0.84,no_before,,,0.0,131,full,UKF + CTRV,expanded gate,expand
MVI_40204,35,1,short,9,0.36,no_before,,,0.0,131,full,UKF + CTRV,expanded gate,expand
MVI_40204,51,0,short,3,0.12,preserved,209.0,209.0,0.0,131,full,UKF + CTRV,expanded gate,expand
MVI_40204,51,1,short,6,0.24,lost,209.0,,0.1667,131,full,UKF + CTRV,expanded gate,expand
MVI_40204,51,2,short,1,0.04,lost,209.0,,0.0,131,full,UKF + CTRV,expanded gate,expand
MVI_40204,60,0,short,1,0.04,lost,259.0,,0.0,131,full,UKF + CTRV,expanded gate,expand
MVI_40204,60,1,short,1,0.04,no_before,,,0.0,131,full,UKF + CTRV,expanded gate,expand
MVI_40204,65,0,short,3,0.12,lost,318.0,,0.0,141,full,UKF + CTRV,expanded gate,expand
MVI_40204,71,0,medium,16,0.64,lost,406.0,,0.0,116,full,UKF + CTRV,expanded gate,expand
MVI_40204,71,1,short,1,0.04,lost,406.0,,0.0,116,full,UKF + CTRV,expanded gate,expand
MVI_40204,81,0,short,9,0.36,no_before,,,0.0,141,full,UKF + CTRV,expanded gate,expand
MVI_40204,81,1,short,3,0.12,no_before,,,0.0,141,full,UKF + CTRV,expanded gate,expand
MVI_40204,85,0,short,12,0.48,lost,502.0,,0.0833,141,full,UKF + CTRV,expanded gate,expand
MVI_40204,85,1,short,7,0.28,lost,502.0,,0.0,141,full,UKF + CTRV,expanded gate,expand
MVI_40204,88,0,short,2,0.08,lost,509.0,,0.0,146,full,UKF + CTRV,expanded gate,expand
MVI_40204,88,1,short,1,0.04,lost,509.0,,0.0,146,full,UKF + CTRV,expanded gate,expand
MVI_40204,88,2,short,1,0.04,lost,509.0,,0.0,146,full,UKF + CTRV,expanded gate,expand
MVI_40204,90,0,short,8,0.32,preserved,540.0,540.0,0.75,146,full,UKF + CTRV,expanded gate,expand
MVI_40204,90,1,short,4,0.16,preserved,540.0,540.0,0.75,146,full,UKF + CTRV,expanded gate,expand
MVI_40204,90,2,short,1,0.04,lost,540.0,,1.0,146,full,UKF + CTRV,expanded gate,expand
MVI_40204,90,3,short,1,0.04,lost,540.0,,0.0,146,full,UKF + CTRV,expanded gate,expand
MVI_40204,90,4,medium,18,0.72,lost,540.0,,0.0,146,full,UKF + CTRV,expanded gate,expand
MVI_40204,98,0,long,53,2.12,lost,559.0,,0.0,156,full,UKF + CTRV,expanded gate,expand
MVI_40204,108,0,short,1,0.04,preserved,617.0,617.0,1.0,151,full,UKF + CTRV,expanded gate,expand
MVI_40204,116,0,short,1,0.04,no_before,,,0.0,146,full,UKF + CTRV,expanded gate,expand
MVI_40204,116,1,short,1,0.04,no_before,,,0.0,146,full,UKF + CTRV,expanded gate,expand
MVI_40204,128,0,short,10,0.4,lost,733.0,,0.0,131,full,UKF + CTRV,expanded gate,expand
MVI_40204,129,0,short,1,0.04,no_before,,,0.0,156,full,UKF + CTRV,expanded gate,expand
MVI_40204,129,1,short,2,0.08,no_before,,,0.0,156,full,UKF + CTRV,expanded gate,expand
MVI_40204,162,0,short,1,0.04,no_before,,,0.0,151,full,UKF + CTRV,expanded gate,expand
MVI_40204,162,1,short,1,0.04,no_before,,,0.0,151,full,UKF + CTRV,expanded gate,expand
MVI_40204,162,2,short,2,0.08,no_before,,,0.0,151,full,UKF + CTRV,expanded gate,expand
MVI_40204,162,3,medium,14,0.56,no_before,,,0.0,151,full,UKF + CTRV,expanded gate,expand
MVI_40204,165,0,short,6,0.24,preserved,959.0,959.0,1.0,145,full,UKF + CTRV,expanded gate,expand
MVI_40204,168,0,short,1,0.04,preserved,1032.0,1032.0,1.0,120,full,UKF + CTRV,expanded gate,expand
MVI_40751,2,0,long,47,1.88,switched,1.0,2.0,0.0,1140,full,UKF + CTRV,expanded gate,expand
MVI_40751,21,0,short,12,0.48,lost,297.0,,0.0,625,full,UKF + CTRV,expanded gate,expand
MVI_40751,21,1,short,4,0.16,lost,297.0,,0.0,625,full,UKF + CTRV,expanded gate,expand
MVI_40751,21,2,short,4,0.16,no_before,,,0.0,625,full,UKF + CTRV,expanded gate,expand
MVI_40751,21,3,short,3,0.12,no_before,,,0.0,625,full,UKF + CTRV,expanded gate,expand
MVI_40751,21,4,short,2,0.08,no_before,,,0.0,625,full,UKF + CTRV,expanded gate,expand
MVI_40751,21,5,short,4,0.16,no_before,,,0.0,625,full,UKF + CTRV,expanded gate,expand
MVI_40751,21,6,short,4,0.16,no_before,,,0.0,625,full,UKF + CTRV,expanded gate,expand
MVI_63554,4,0,short,3,0.12,no_before,,,0.0,26,full,UKF + CTRV,expanded gate,expand
MVI_63554,4,1,short,6,0.24,no_before,,,0.0,26,full,UKF + CTRV,expanded gate,expand
MVI_63554,8,0,short,2,0.08,no_before,,,0.0,16,full,UKF + CTRV,expanded gate,expand
MVI_63554,9,0,medium,35,1.4,lost,14.0,,0.0,61,full,UKF + CTRV,expanded gate,expand
MVI_63554,20,0,short,1,0.04,lost,62.0,,0.0,66,full,UKF + CTRV,expanded gate,expand
MVI_63554,25,0,medium,19,0.76,lost,87.0,,0.0,56,full,UKF + CTRV,expanded gate,expand
MVI_63554,32,0,long,57,2.28,lost,123.0,,0.0,71,full,UKF + CTRV,expanded gate,expand
MVI_63554,36,0,long,49,1.96,lost,149.0,,0.0,66,full,UKF + CTRV,expanded gate,expand
MVI_63554,42,0,short,1,0.04,no_before,,,0.0,16,full,UKF + CTRV,expanded gate,expand
MVI_63554,43,0,long,55,2.2,lost,175.0,,0.0,71,full,UKF + CTRV,expanded gate,expand
MVI_63554,56,0,medium,30,1.2,no_before,,,0.0,51,full,UKF + CTRV,expanded gate,expand
MVI_63554,56,1,short,9,0.36,no_before,,,0.0,51,full,UKF + CTRV,expanded gate,expand
MVI_63554,61,0,short,1,0.04,no_before,,,0.0,66,full,UKF + CTRV,expanded gate,expand
MVI_63554,61,1,short,6,0.24,no_before,,,0.0,66,full,UKF + CTRV,expanded gate,expand
MVI_63554,64,0,medium,37,1.48,lost,261.0,,0.0,46,full,UKF + CTRV,expanded gate,expand
MVI_63554,68,0,long,51,2.04,lost,280.0,,0.0,66,full,UKF + CTRV,expanded gate,expand
MVI_63554,77,0,medium,20,0.8,lost,306.0,,0.0,61,full,UKF + CTRV,expanded gate,expand
MVI_63554,79,0,short,9,0.36,switched,312.0,332.0,0.2222,71,full,UKF + CTRV,expanded gate,expand
MVI_63554,82,0,long,47,1.88,lost,316.0,,0.0,56,full,UKF + CTRV,expanded gate,expand
MVI_63554,83,0,short,5,0.2,no_before,,,0.0,21,full,UKF + CTRV,expanded gate,expand
MVI_63554,86,0,long,43,1.72,lost,328.0,,0.0,56,full,UKF + CTRV,expanded gate,expand
MVI_63554,88,0,short,3,0.12,no_before,,,0.0,16,full,UKF + CTRV,expanded gate,expand
MVI_63554,92,0,medium,14,0.56,switched,351.0,364.0,0.0,56,full,UKF + CTRV,expanded gate,expand
MVI_63554,92,1,short,8,0.32,switched,351.0,364.0,0.0,56,full,UKF + CTRV,expanded gate,expand
MVI_63554,96,0,short,4,0.16,no_before,,,0.0,26,full,UKF + CTRV,expanded gate,expand
MVI_63554,101,0,long,42,1.68,lost,393.0,,0.0,51,full,UKF + CTRV,expanded gate,expand
MVI_63554,108,0,long,39,1.56,no_before,,,0.0,51,full,UKF + CTRV,expanded gate,expand
MVI_63554,115,0,short,3,0.12,lost,451.0,,0.0,61,full,UKF + CTRV,expanded gate,expand
MVI_63554,115,1,short,9,0.36,lost,451.0,,0.0,61,full,UKF + CTRV,expanded gate,expand
MVI_63554,116,0,short,2,0.08,no_before,,,0.0,26,full,UKF + CTRV,expanded gate,expand
MVI_63554,120,0,short,4,0.16,no_before,,,0.0,26,full,UKF + CTRV,expanded gate,expand
MVI_63554,124,0,medium,24,0.96,lost,487.0,,0.0,61,full,UKF + CTRV,expanded gate,expand
MVI_63554,124,1,medium,19,0.76,lost,487.0,,0.0,61,full,UKF + CTRV,expanded gate,expand
MVI_63554,129,0,short,2,0.08,no_before,,,0.0,21,full,UKF + CTRV,expanded gate,expand
MVI_63554,137,0,short,3,0.12,no_before,,,0.0,16,full,UKF + CTRV,expanded gate,expand
MVI_63554,147,0,medium,28,1.12,lost,565.0,,0.0,46,full,UKF + CTRV,expanded gate,expand
MVI_63554,151,0,short,1,0.04,no_before,,,0.0,21,full,UKF + CTRV,expanded gate,expand
MVI_63554,153,0,short,2,0.08,no_before,,,0.0,20,full,UKF + CTRV,expanded gate,expand
MVI_63554,155,0,medium,19,0.76,lost,589.0,,0.0,56,full,UKF + CTRV,expanded gate,expand
MVI_63554,165,0,medium,20,0.8,lost,622.0,,0.0,56,full,UKF + CTRV,expanded gate,expand
MVI_63554,165,1,medium,22,0.88,lost,622.0,,0.0,56,full,UKF + CTRV,expanded gate,expand
MVI_63554,171,0,medium,33,1.32,lost,656.0,,0.0,56,full,UKF + CTRV,expanded gate,expand
MVI_63554,174,0,short,2,0.08,no_before,,,0.0,16,full,UKF + CTRV,expanded gate,expand
MVI_63554,177,0,medium,13,0.52,no_before,,,0.0,56,full,UKF + CTRV,expanded gate,expand
MVI_63554,182,0,long,38,1.52,lost,691.0,,0.0,56,full,UKF + CTRV,expanded gate,expand
MVI_40131,1,0,long,120,4.8,switched,4.0,112.0,0.2583,486,partial,UKF + CTRV,DIoU + gate,diouexp
MVI_40131,12,0,long,81,3.24,no_before,,,0.5185,326,partial,UKF + CTRV,DIoU + gate,diouexp
MVI_40131,16,0,long,52,2.08,switched,71.0,92.0,0.1923,256,partial,UKF + CTRV,DIoU + gate,diouexp
MVI_40131,16,1,medium,22,0.88,preserved,92.0,92.0,1.0,256,partial,UKF + CTRV,DIoU + gate,diouexp
MVI_40131,17,0,long,64,2.56,no_before,,,0.375,171,partial,UKF + CTRV,DIoU + gate,diouexp
MVI_40131,19,0,medium,19,0.76,preserved,77.0,77.0,0.4211,1086,partial,UKF + CTRV,DIoU + gate,diouexp
MVI_40131,19,1,long,114,4.56,switched,77.0,383.0,0.2368,1086,partial,UKF + CTRV,DIoU + gate,diouexp
MVI_40131,19,2,medium,18,0.72,preserved,383.0,383.0,1.0,1086,partial,UKF + CTRV,DIoU + gate,diouexp
MVI_40131,19,3,short,6,0.24,preserved,383.0,383.0,1.0,1086,partial,UKF + CTRV,DIoU + gate,diouexp
MVI_40131,19,4,medium,13,0.52,preserved,460.0,460.0,1.0,1086,partial,UKF + CTRV,DIoU + gate,diouexp
MVI_40131,19,5,long,72,2.88,preserved,383.0,383.0,1.0,1086,partial,UKF + CTRV,DIoU + gate,diouexp
MVI_40131,19,6,medium,29,1.16,preserved,383.0,383.0,1.0,1086,partial,UKF + CTRV,DIoU + gate,diouexp
MVI_40131,20,0,short,5,0.2,no_before,,,0.0,406,partial,UKF + CTRV,DIoU + gate,diouexp
MVI_40131,20,1,long,62,2.48,no_before,,,0.0968,406,partial,UKF + CTRV,DIoU + gate,diouexp
MVI_40131,20,2,short,7,0.28,preserved,107.0,107.0,1.0,406,partial,UKF + CTRV,DIoU + gate,diouexp
MVI_40131,23,0,medium,25,1.0,no_before,,,0.24,226,partial,UKF + CTRV,DIoU + gate,diouexp
MVI_40131,25,0,long,177,7.08,preserved,142.0,142.0,0.9209,321,partial,UKF + CTRV,DIoU + gate,diouexp
MVI_40131,26,0,long,84,3.36,switched,160.0,189.0,0.6548,231,partial,UKF + CTRV,DIoU + gate,diouexp
MVI_40131,29,0,long,102,4.08,switched,231.0,394.0,0.9412,816,partial,UKF + CTRV,DIoU + gate,diouexp
MVI_40131,30,0,short,9,0.36,preserved,202.0,202.0,1.0,296,partial,UKF + CTRV,DIoU + gate,diouexp
MVI_40131,30,1,long,51,2.04,preserved,202.0,202.0,0.902,296,partial,UKF + CTRV,DIoU + gate,diouexp
MVI_40131,31,0,medium,24,0.96,no_before,,,0.0,221,partial,UKF + CTRV,DIoU + gate,diouexp
MVI_40131,31,1,short,8,0.32,no_before,,,0.0,221,partial,UKF + CTRV,DIoU + gate,diouexp
MVI_40131,34,0,long,65,2.6,no_before,,,0.8769,281,partial,UKF + CTRV,DIoU + gate,diouexp
MVI_40131,35,0,long,97,3.88,switched,237.0,401.0,0.2474,456,partial,UKF + CTRV,DIoU + gate,diouexp
MVI_40131,35,1,medium,26,1.04,preserved,401.0,401.0,1.0,456,partial,UKF + CTRV,DIoU + gate,diouexp
MVI_40131,36,0,medium,29,1.16,no_before,,,0.6897,226,partial,UKF + CTRV,DIoU + gate,diouexp
MVI_40131,37,0,long,210,8.4,no_before,,,0.2286,421,partial,UKF + CTRV,DIoU + gate,diouexp
MVI_40131,37,1,medium,33,1.32,preserved,446.0,446.0,1.0,421,partial,UKF + CTRV,DIoU + gate,diouexp
MVI_40131,38,0,long,51,2.04,preserved,322.0,322.0,0.8039,306,partial,UKF + CTRV,DIoU + gate,diouexp
MVI_40131,39,0,long,100,4.0,no_before,,,0.85,241,partial,UKF + CTRV,DIoU + gate,diouexp
MVI_40131,39,1,long,55,2.2,preserved,313.0,313.0,1.0,241,partial,UKF + CTRV,DIoU + gate,diouexp
MVI_40131,40,0,long,119,4.76,no_before,,,0.7731,366,partial,UKF + CTRV,DIoU + gate,diouexp
MVI_40131,40,1,short,11,0.44,preserved,419.0,419.0,1.0,366,partial,UKF + CTRV,DIoU + gate,diouexp
MVI_40131,40,3,medium,15,0.6,preserved,419.0,419.0,1.0,366,partial,UKF + CTRV,DIoU + gate,diouexp
MVI_40131,40,4,short,8,0.32,preserved,419.0,419.0,1.0,366,partial,UKF + CTRV,DIoU + gate,diouexp
MVI_40131,41,0,long,43,1.72,no_before,,,0.6047,281,partial,UKF + CTRV,DIoU + gate,diouexp
MVI_40131,45,0,medium,25,1.0,no_before,,,0.2,206,partial,UKF + CTRV,DIoU + gate,diouexp
MVI_40131,60,0,medium,22,0.88,lost,624.0,,0.7273,116,partial,UKF + CTRV,DIoU + gate,diouexp
MVI_40131,62,0,medium,26,1.04,lost,637.0,,0.9231,95,partial,UKF + CTRV,DIoU + gate,diouexp
MVI_40131,65,0,long,60,2.4,no_before,,,0.0,60,partial,UKF + CTRV,DIoU + gate,diouexp
MVI_40171,1,0,medium,26,1.04,no_before,,,1.0,26,partial,UKF + CTRV,DIoU + gate,diouexp
MVI_40171,6,0,long,41,1.64,preserved,20.0,20.0,0.9512,71,partial,UKF + CTRV,DIoU + gate,diouexp
MVI_40171,7,0,long,56,2.24,no_before,,,0.2143,56,partial,UKF + CTRV,DIoU + gate,diouexp
MVI_40171,8,0,short,12,0.48,no_before,,,0.0,726,partial,UKF + CTRV,DIoU + gate,diouexp
MVI_40171,8,1,short,11,0.44,switched,53.0,55.0,0.0,726,partial,UKF + CTRV,DIoU + gate,diouexp
MVI_40171,8,3,medium,26,1.04,preserved,55.0,55.0,1.0,726,partial,UKF + CTRV,DIoU + gate,diouexp
MVI_40171,8,4,medium,25,1.0,preserved,55.0,55.0,1.0,726,partial,UKF + CTRV,DIoU + gate,diouexp
MVI_40171,8,5,medium,18,0.72,switched,55.0,136.0,1.0,726,partial,UKF + CTRV,DIoU + gate,diouexp
MVI_40171,8,6,short,12,0.48,preserved,87.0,87.0,1.0,726,partial,UKF + CTRV,DIoU + gate,diouexp
MVI_40171,8,7,medium,32,1.28,preserved,87.0,87.0,1.0,726,partial,UKF + CTRV,DIoU + gate,diouexp
MVI_40171,8,8,medium,28,1.12,preserved,87.0,87.0,0.9643,726,partial,UKF + CTRV,DIoU + gate,diouexp
MVI_40171,8,9,medium,16,0.64,preserved,87.0,87.0,1.0,726,partial,UKF + CTRV,DIoU + gate,diouexp
MVI_40171,9,1,short,10,0.4,preserved,39.0,39.0,1.0,61,partial,UKF + CTRV,DIoU + gate,diouexp
MVI_40171,11,0,medium,27,1.08,switched,54.0,53.0,0.8519,91,partial,UKF + CTRV,DIoU + gate,diouexp
MVI_40171,12,0,long,61,2.44,no_before,,,0.4098,61,partial,UKF + CTRV,DIoU + gate,diouexp
MVI_40171,14,0,medium,31,1.24,preserved,93.0,93.0,0.6774,86,partial,UKF + CTRV,DIoU + gate,diouexp
MVI_40171,15,0,long,66,2.64,no_before,,,0.4394,66,partial,UKF + CTRV,DIoU + gate,diouexp
MVI_40171,16,0,long,61,2.44,no_before,,,0.8361,61,partial,UKF + CTRV,DIoU + gate,diouexp
MVI_40171,17,0,short,11,0.44,no_before,,,0.2727,76,partial,UKF + CTRV,DIoU + gate,diouexp
MVI_40171,18,0,long,209,8.36,switched,155.0,273.0,0.11,786,partial,UKF + CTRV,DIoU + gate,diouexp
MVI_40171,18,1,short,11,0.44,switched,269.0,302.0,0.6364,786,partial,UKF + CTRV,DIoU + gate,diouexp
MVI_40171,18,2,short,4,0.16,preserved,269.0,269.0,1.0,786,partial,UKF + CTRV,DIoU + gate,diouexp
MVI_40171,18,3,short,4,0.16,switched,269.0,343.0,0.0,786,partial,UKF + CTRV,DIoU + gate,diouexp
MVI_40171,18,4,short,4,0.16,preserved,343.0,343.0,1.0,786,partial,UKF + CTRV,DIoU + gate,diouexp
MVI_40171,19,0,long,61,2.44,no_before,,,0.7705,61,partial,UKF + CTRV,DIoU + gate,diouexp
MVI_40171,22,0,long,69,2.76,lost,187.0,,0.7536,71,partial,UKF + CTRV,DIoU + gate,diouexp
MVI_40171,23,0,long,62,2.48,preserved,208.0,208.0,0.871,66,partial,UKF + CTRV,DIoU + gate,diouexp
MVI_40171,25,0,long,66,2.64,no_before,,,0.7879,66,partial,UKF + CTRV,DIoU + gate,diouexp
MVI_40171,26,0,long,47,1.88,no_before,,,0.766,56,partial,UKF + CTRV,DIoU + gate,diouexp
MVI_40171,27,0,medium,30,1.2,no_before,,,0.4,76,partial,UKF + CTRV,DIoU + gate,diouexp
MVI_40171,28,0,medium,21,0.84,no_before,,,0.8095,76,partial,UKF + CTRV,DIoU + gate,diouexp
MVI_40171,29,0,long,53,2.12,no_before,,,0.5283,56,partial,UKF + CTRV,DIoU + gate,diouexp
MVI_40171,31,0,medium,26,1.04,preserved,260.0,260.0,1.0,96,partial,UKF + CTRV,DIoU + gate,diouexp
MVI_40171,34,0,long,66,2.64,lost,333.0,,0.8939,71,partial,UKF + CTRV,DIoU + gate,diouexp
MVI_40171,35,0,long,62,2.48,switched,340.0,269.0,0.9194,76,partial,UKF + CTRV,DIoU + gate,diouexp
MVI_40171,36,0,long,66,2.64,no_before,,,0.6515,66,partial,UKF + CTRV,DIoU + gate,diouexp
MVI_40171,38,0,short,8,0.32,no_before,,,0.0,185,partial,UKF + CTRV,DIoU + gate,diouexp
MVI_40171,39,0,long,70,2.8,lost,368.0,,0.8571,71,partial,UKF + CTRV,DIoU + gate,diouexp
MVI_40171,40,0,medium,23,0.92,lost,401.0,,1.0,45,partial,UKF + CTRV,DIoU + gate,diouexp
MVI_40171,41,0,long,99,3.96,switched,6.0,313.0,0.0909,1150,partial,UKF + CTRV,DIoU + gate,diouexp
MVI_40171,41,1,long,52,2.08,switched,87.0,403.0,0.0769,1150,partial,UKF + CTRV,DIoU + gate,diouexp
MVI_40171,42,0,long,1150,46.0,no_before,,,0.0,1150,partial,UKF + CTRV,DIoU + gate,diouexp
MVI_40171,43,0,long,1150,46.0,no_before,,,0.0,1150,partial,UKF + CTRV,DIoU + gate,diouexp
MVI_40171,44,0,long,1150,46.0,no_before,,,0.0,1150,partial,UKF + CTRV,DIoU + gate,diouexp
MVI_40172,16,0,long,180,7.2,no_before,,,0.0111,227,partial,UKF + CTRV,DIoU + gate,diouexp
MVI_40172,35,0,long,39,1.56,no_before,,,0.8974,46,partial,UKF + CTRV,DIoU + gate,diouexp
MVI_40172,36,0,medium,37,1.48,no_before,,,0.973,41,partial,UKF + CTRV,DIoU + gate,diouexp
MVI_40172,40,0,medium,29,1.16,preserved,479.0,479.0,0.5517,71,partial,UKF + CTRV,DIoU + gate,diouexp
MVI_40172,41,0,long,39,1.56,lost,482.0,,0.4872,41,partial,UKF + CTRV,DIoU + gate,diouexp
MVI_40172,47,0,long,48,1.92,lost,507.0,,0.9792,51,partial,UKF + CTRV,DIoU + gate,diouexp
MVI_40172,50,0,long,51,2.04,no_before,,,0.7451,51,partial,UKF + CTRV,DIoU + gate,diouexp
MVI_40172,51,0,short,10,0.4,preserved,525.0,525.0,0.1,81,partial,UKF + CTRV,DIoU + gate,diouexp
MVI_40172,56,0,medium,28,1.12,lost,510.0,,1.0,61,partial,UKF + CTRV,DIoU + gate,diouexp
MVI_40172,57,0,medium,37,1.48,preserved,517.0,517.0,1.0,51,partial,UKF + CTRV,DIoU + gate,diouexp
MVI_40172,60,0,long,44,1.76,switched,557.0,578.0,0.7955,66,partial,UKF + CTRV,DIoU + gate,diouexp
MVI_40172,61,0,medium,13,0.52,preserved,568.0,568.0,1.0,36,partial,UKF + CTRV,DIoU + gate,diouexp
MVI_40172,63,0,long,46,1.84,no_before,,,0.7391,46,partial,UKF + CTRV,DIoU + gate,diouexp
MVI_40172,65,0,medium,29,1.16,lost,583.0,,0.4483,46,partial,UKF + CTRV,DIoU + gate,diouexp
MVI_40172,67,0,medium,31,1.24,no_before,,,0.7419,41,partial,UKF + CTRV,DIoU + gate,diouexp
MVI_40172,79,0,long,114,4.56,no_before,,,0.0789,201,partial,UKF + CTRV,DIoU + gate,diouexp
MVI_40172,95,0,long,40,1.6,lost,765.0,,0.85,41,partial,UKF + CTRV,DIoU + gate,diouexp
MVI_40172,96,0,long,50,2.0,no_before,,,0.88,50,partial,UKF + CTRV,DIoU + gate,diouexp
MVI_40172,99,0,long,50,2.0,switched,2.0,54.0,0.12,2635,partial,UKF + CTRV,DIoU + gate,diouexp
MVI_40172,99,1,long,74,2.96,switched,54.0,235.0,0.0946,2635,partial,UKF + CTRV,DIoU + gate,diouexp
MVI_40172,99,2,long,40,1.6,preserved,286.0,286.0,0.125,2635,partial,UKF + CTRV,DIoU + gate,diouexp
MVI_40172,100,0,long,2635,105.4,no_before,,,0.0,2635,partial,UKF + CTRV,DIoU + gate,diouexp
MVI_40172,101,0,long,2635,105.4,no_before,,,0.0,2635,partial,UKF + CTRV,DIoU + gate,diouexp
MVI_40172,102,0,long,2635,105.4,no_before,,,0.0,2635,partial,UKF + CTRV,DIoU + gate,diouexp
MVI_40172,105,0,long,52,2.08,switched,3.0,2.0,0.0385,2635,partial,UKF + CTRV,DIoU + gate,diouexp
MVI_40172,105,1,long,45,1.8,switched,2.0,6.0,0.0222,2635,partial,UKF + CTRV,DIoU + gate,diouexp
MVI_40172,105,2,medium,21,0.84,no_before,,,0.0,2635,partial,UKF + CTRV,DIoU + gate,diouexp
MVI_40172,105,3,long,39,1.56,switched,6.0,736.0,0.2308,2635,partial,UKF + CTRV,DIoU + gate,diouexp
MVI_40204,6,0,long,86,3.44,no_before,,,0.314,86,partial,UKF + CTRV,DIoU + gate,diouexp
MVI_40204,9,0,long,66,2.64,no_before,,,0.0,66,partial,UKF + CTRV,DIoU + gate,diouexp
MVI_40204,10,0,medium,32,1.28,lost,9.0,,0.4062,76,partial,UKF + CTRV,DIoU + gate,diouexp
MVI_40204,11,0,medium,31,1.24,switched,11.0,59.0,0.3871,66,partial,UKF + CTRV,DIoU + gate,diouexp
MVI_40204,12,0,medium,16,0.64,no_before,,,0.375,16,partial,UKF + CTRV,DIoU + gate,diouexp
MVI_40204,15,0,long,136,5.44,no_before,,,0.6618,136,partial,UKF + CTRV,DIoU + gate,diouexp
MVI_40204,27,0,long,111,4.44,no_before,,,0.8108,111,partial,UKF + CTRV,DIoU + gate,diouexp
MVI_40204,30,0,long,71,2.84,lost,108.0,,0.1972,141,partial,UKF + CTRV,DIoU + gate,diouexp
MVI_40204,34,0,short,3,0.12,preserved,35.0,35.0,0.6667,116,partial,UKF + CTRV,DIoU + gate,diouexp
MVI_40204,34,1,medium,25,1.0,lost,35.0,,0.24,116,partial,UKF + CTRV,DIoU + gate,diouexp
MVI_40204,34,2,medium,25,1.0,lost,35.0,,0.0,116,partial,UKF + CTRV,DIoU + gate,diouexp
MVI_40204,35,0,long,131,5.24,no_before,,,0.3282,131,partial,UKF + CTRV,DIoU + gate,diouexp
MVI_40204,36,0,long,52,2.08,lost,125.0,,0.0192,116,partial,UKF + CTRV,DIoU + gate,diouexp
MVI_40204,39,0,medium,22,0.88,lost,190.0,,0.0,111,partial,UKF + CTRV,DIoU + gate,diouexp
MVI_40204,40,0,long,39,1.56,lost,144.0,,0.0,151,partial,UKF + CTRV,DIoU + gate,diouexp
MVI_40204,46,0,long,141,5.64,no_before,,,0.6525,141,partial,UKF + CTRV,DIoU + gate,diouexp
MVI_40204,49,0,long,46,1.84,preserved,192.0,192.0,0.8043,151,partial,UKF + CTRV,DIoU + gate,diouexp
MVI_40204,50,0,long,121,4.84,no_before,,,0.3802,121,partial,UKF + CTRV,DIoU + gate,diouexp
MVI_40204,51,0,long,131,5.24,no_before,,,0.4046,131,partial,UKF + CTRV,DIoU + gate,diouexp
MVI_40204,52,0,short,2,0.08,preserved,206.0,206.0,1.0,131,partial,UKF + CTRV,DIoU + gate,diouexp
MVI_40204,60,0,long,131,5.24,no_before,,,0.3206,131,partial,UKF + CTRV,DIoU + gate,diouexp
MVI_40204,63,0,long,39,1.56,switched,296.0,341.0,0.5897,141,partial,UKF + CTRV,DIoU + gate,diouexp
MVI_40204,64,0,long,130,5.2,no_before,,,0.6385,131,partial,UKF + CTRV,DIoU + gate,diouexp
MVI_40204,65,0,long,141,5.64,no_before,,,0.2695,141,partial,UKF + CTRV,DIoU + gate,diouexp
MVI_40204,67,0,long,58,2.32,lost,359.0,,0.0172,131,partial,UKF + CTRV,DIoU + gate,diouexp
MVI_40204,68,0,medium,15,0.6,lost,359.0,,0.0,126,partial,UKF + CTRV,DIoU + gate,diouexp
MVI_40204,71,0,long,116,4.64,no_before,,,0.3362,116,partial,UKF + CTRV,DIoU + gate,diouexp
MVI_40204,72,0,medium,33,1.32,preserved,408.0,408.0,1.0,141,partial,UKF + CTRV,DIoU + gate,diouexp
MVI_40204,73,0,long,136,5.44,no_before,,,0.3235,136,partial,UKF + CTRV,DIoU + gate,diouexp
MVI_40204,74,0,long,116,4.64,no_before,,,0.5,116,partial,UKF + CTRV,DIoU + gate,diouexp
MVI_40204,78,0,medium,19,0.76,lost,444.0,,0.2632,131,partial,UKF + CTRV,DIoU + gate,diouexp
MVI_40204,81,0,long,141,5.64,no_before,,,0.305,141,partial,UKF + CTRV,DIoU + gate,diouexp
MVI_40204,82,0,short,8,0.32,preserved,476.0,476.0,1.0,136,partial,UKF + CTRV,DIoU + gate,diouexp
MVI_40204,82,1,long,40,1.6,lost,476.0,,0.75,136,partial,UKF + CTRV,DIoU + gate,diouexp
MVI_40204,85,0,long,141,5.64,no_before,,,0.5745,141,partial,UKF + CTRV,DIoU + gate,diouexp
MVI_40204,86,0,long,114,4.56,lost,509.0,,0.3333,136,partial,UKF + CTRV,DIoU + gate,diouexp
MVI_40204,88,0,long,146,5.84,no_before,,,0.137,146,partial,UKF + CTRV,DIoU + gate,diouexp
MVI_40204,90,0,long,146,5.84,no_before,,,0.6644,146,partial,UKF + CTRV,DIoU + gate,diouexp
MVI_40204,92,0,long,41,1.64,no_before,,,0.9512,156,partial,UKF + CTRV,DIoU + gate,diouexp
MVI_40204,93,0,long,112,4.48,lost,541.0,,0.4911,131,partial,UKF + CTRV,DIoU + gate,diouexp
MVI_40204,96,0,long,82,3.28,switched,551.0,425.0,0.8415,161,partial,UKF + CTRV,DIoU + gate,diouexp
MVI_40204,98,0,long,156,6.24,no_before,,,0.5705,156,partial,UKF + CTRV,DIoU + gate,diouexp
MVI_40204,99,0,short,11,0.44,no_before,,,0.8182,151,partial,UKF + CTRV,DIoU + gate,diouexp
MVI_40204,106,0,long,51,2.04,no_before,,,0.6471,126,partial,UKF + CTRV,DIoU + gate,diouexp
MVI_40204,106,1,long,70,2.8,lost,626.0,,0.4,126,partial,UKF + CTRV,DIoU + gate,diouexp
MVI_40204,108,0,long,151,6.04,no_before,,,0.457,151,partial,UKF + CTRV,DIoU + gate,diouexp
MVI_40204,110,0,long,75,3.0,lost,627.0,,0.1733,131,partial,UKF + CTRV,DIoU + gate,diouexp
MVI_40204,112,0,long,40,1.6,no_before,,,0.0,146,partial,UKF + CTRV,DIoU + gate,diouexp
MVI_40204,115,0,long,71,2.84,preserved,662.0,662.0,0.8169,151,partial,UKF + CTRV,DIoU + gate,diouexp
MVI_40204,115,1,short,4,0.16,switched,662.0,583.0,0.0,151,partial,UKF + CTRV,DIoU + gate,diouexp
MVI_40204,116,0,long,146,5.84,no_before,,,0.0,146,partial,UKF + CTRV,DIoU + gate,diouexp
MVI_40204,117,0,medium,31,1.24,lost,671.0,,0.2581,141,partial,UKF + CTRV,DIoU + gate,diouexp
MVI_40204,117,1,short,9,0.36,lost,671.0,,0.0,141,partial,UKF + CTRV,DIoU + gate,diouexp
MVI_40204,119,0,long,66,2.64,lost,679.0,,0.1212,151,partial,UKF + CTRV,DIoU + gate,diouexp
MVI_40204,120,0,long,62,2.48,switched,702.0,671.0,0.6613,156,partial,UKF + CTRV,DIoU + gate,diouexp
MVI_40204,121,0,medium,21,0.84,no_before,,,0.9048,156,partial,UKF + CTRV,DIoU + gate,diouexp
MVI_40204,122,0,long,141,5.64,no_before,,,0.1844,141,partial,UKF + CTRV,DIoU + gate,diouexp
MVI_40204,126,0,long,43,1.72,switched,736.0,583.0,0.7442,166,partial,UKF + CTRV,DIoU + gate,diouexp
MVI_40204,126,1,short,4,0.16,lost,583.0,,0.0,166,partial,UKF + CTRV,DIoU + gate,diouexp
MVI_40204,127,0,short,5,0.2,no_before,,,0.2,161,partial,UKF + CTRV,DIoU + gate,diouexp
MVI_40204,128,0,medium,18,0.72,preserved,750.0,750.0,1.0,131,partial,UKF + CTRV,DIoU + gate,diouexp
MVI_40204,128,1,long,98,3.92,lost,750.0,,0.3163,131,partial,UKF + CTRV,DIoU + gate,diouexp
MVI_40204,129,0,long,156,6.24,no_before,,,0.2628,156,partial,UKF + CTRV,DIoU + gate,diouexp
MVI_40204,133,0,long,53,2.12,lost,768.0,,0.3019,106,partial,UKF + CTRV,DIoU + gate,diouexp
MVI_40204,135,0,long,75,3.0,lost,781.0,,0.2,141,partial,UKF + CTRV,DIoU + gate,diouexp
MVI_40204,137,0,long,63,2.52,lost,794.0,,0.3333,126,partial,UKF + CTRV,DIoU + gate,diouexp
MVI_40204,138,0,short,7,0.28,lost,931.0,,0.0,166,partial,UKF + CTRV,DIoU + gate,diouexp
MVI_40204,142,0,long,145,5.8,no_before,,,0.8345,146,partial,UKF + CTRV,DIoU + gate,diouexp
MVI_40204,145,0,long,146,5.84,no_before,,,0.5753,161,partial,UKF + CTRV,DIoU + gate,diouexp
MVI_40204,148,0,long,110,4.4,lost,876.0,,0.3091,151,partial,UKF + CTRV,DIoU + gate,diouexp
MVI_40204,149,0,long,72,2.88,lost,888.0,,0.1806,161,partial,UKF + CTRV,DIoU + gate,diouexp
MVI_40204,150,0,long,146,5.84,no_before,,,0.726,146,partial,UKF + CTRV,DIoU + gate,diouexp
MVI_40204,153,0,long,129,5.16,lost,901.0,,0.4264,171,partial,UKF + CTRV,DIoU + gate,diouexp
MVI_40204,154,0,medium,28,1.12,no_before,,,0.6786,166,partial,UKF + CTRV,DIoU + gate,diouexp
MVI_40204,158,0,medium,31,1.24,no_before,,,0.0,175,partial,UKF + CTRV,DIoU + gate,diouexp
MVI_40204,161,0,medium,22,0.88,no_before,,,0.8636,170,partial,UKF + CTRV,DIoU + gate,diouexp
MVI_40204,161,1,long,67,2.68,preserved,953.0,953.0,0.2388,170,partial,UKF + CTRV,DIoU + gate,diouexp
MVI_40204,162,0,long,151,6.04,no_before,,,0.0331,151,partial,UKF + CTRV,DIoU + gate,diouexp
MVI_40204,165,1,long,139,5.56,lost,980.0,,0.6547,145,partial,UKF + CTRV,DIoU + gate,diouexp
MVI_40204,168,0,long,120,4.8,no_before,,,0.7583,120,partial,UKF + CTRV,DIoU + gate,diouexp
MVI_40204,173,0,long,65,2.6,no_before,,,0.9692,65,partial,UKF + CTRV,DIoU + gate,diouexp
MVI_40204,177,0,medium,20,0.8,no_before,,,0.6,20,partial,UKF + CTRV,DIoU + gate,diouexp
MVI_40751,2,0,long,72,2.88,switched,1.0,2.0,0.1528,1140,partial,UKF + CTRV,DIoU + gate,diouexp
MVI_40751,2,1,long,175,7.0,preserved,2.0,2.0,0.6229,1140,partial,UKF + CTRV,DIoU + gate,diouexp
MVI_40751,2,2,short,9,0.36,preserved,2.0,2.0,1.0,1140,partial,UKF + CTRV,DIoU + gate,diouexp
MVI_40751,2,3,short,6,0.24,preserved,2.0,2.0,1.0,1140,partial,UKF + CTRV,DIoU + gate,diouexp
MVI_40751,2,4,long,410,16.4,preserved,2.0,2.0,0.9976,1140,partial,UKF + CTRV,DIoU + gate,diouexp
MVI_40751,3,0,long,58,2.32,no_before,,,0.9655,81,partial,UKF + CTRV,DIoU + gate,diouexp
MVI_40751,4,1,long,46,1.84,switched,2.0,26.0,1.0,141,partial,UKF + CTRV,DIoU + gate,diouexp
MVI_40751,5,0,medium,19,0.76,no_before,,,0.0,146,partial,UKF + CTRV,DIoU + gate,diouexp
MVI_40751,7,0,medium,19,0.76,no_before,,,0.0,186,partial,UKF + CTRV,DIoU + gate,diouexp
MVI_40751,7,1,medium,14,0.56,preserved,64.0,64.0,1.0,186,partial,UKF + CTRV,DIoU + gate,diouexp
MVI_40751,7,3,long,97,3.88,preserved,64.0,64.0,1.0,186,partial,UKF + CTRV,DIoU + gate,diouexp
MVI_40751,8,1,short,4,0.16,preserved,106.0,106.0,1.0,920,partial,UKF + CTRV,DIoU + gate,diouexp
MVI_40751,8,2,short,5,0.2,preserved,106.0,106.0,1.0,920,partial,UKF + CTRV,DIoU + gate,diouexp
MVI_40751,8,3,short,10,0.4,preserved,106.0,106.0,1.0,920,partial,UKF + CTRV,DIoU + gate,diouexp
MVI_40751,8,4,medium,24,0.96,preserved,106.0,106.0,1.0,920,partial,UKF + CTRV,DIoU + gate,diouexp
MVI_40751,8,5,long,591,23.64,lost,106.0,,0.7766,920,partial,UKF + CTRV,DIoU + gate,diouexp
MVI_40751,9,0,medium,34,1.36,preserved,139.0,139.0,1.0,96,partial,UKF + CTRV,DIoU + gate,diouexp
MVI_40751,11,0,medium,32,1.28,no_before,,,0.4062,156,partial,UKF + CTRV,DIoU + gate,diouexp
MVI_40751,11,1,long,89,3.56,preserved,162.0,162.0,0.9775,156,partial,UKF + CTRV,DIoU + gate,diouexp
MVI_40751,15,0,long,223,8.92,lost,168.0,,1.0,775,partial,UKF + CTRV,DIoU + gate,diouexp
MVI_40751,21,0,short,5,0.2,no_before,,,0.0,625,partial,UKF + CTRV,DIoU + gate,diouexp
MVI_40751,21,1,long,612,24.48,lost,297.0,,0.0294,625,partial,UKF + CTRV,DIoU + gate,diouexp
MVI_40751,23,0,short,11,0.44,preserved,323.0,323.0,1.0,66,partial,UKF + CTRV,DIoU + gate,diouexp
MVI_40751,23,1,short,4,0.16,preserved,323.0,323.0,1.0,66,partial,UKF + CTRV,DIoU + gate,diouexp
MVI_40751,28,0,short,3,0.12,preserved,377.0,377.0,1.0,405,partial,UKF + CTRV,DIoU + gate,diouexp
MVI_40751,28,1,medium,15,0.6,preserved,377.0,377.0,1.0,405,partial,UKF + CTRV,DIoU + gate,diouexp
MVI_40751,29,0,medium,23,0.92,preserved,385.0,385.0,1.0,370,partial,UKF + CTRV,DIoU + gate,diouexp
MVI_40751,31,0,long,41,1.64,no_before,,,0.6829,43,partial,UKF + CTRV,DIoU + gate,diouexp
MVI_40751,32,0,long,172,6.88,switched,407.0,441.0,0.8721,266,partial,UKF + CTRV,DIoU + gate,diouexp
MVI_40751,33,0,medium,14,0.56,preserved,407.0,407.0,1.0,270,partial,UKF + CTRV,DIoU + gate,diouexp
MVI_40751,35,0,medium,23,0.92,lost,440.0,,1.0,156,partial,UKF + CTRV,DIoU + gate,diouexp
MVI_40751,36,0,long,77,3.08,lost,398.0,,1.0,195,partial,UKF + CTRV,DIoU + gate,diouexp
MVI_40751,38,0,medium,13,0.52,preserved,477.0,477.0,1.0,140,partial,UKF + CTRV,DIoU + gate,diouexp
MVI_40751,38,1,long,49,1.96,lost,477.0,,1.0,140,partial,UKF + CTRV,DIoU + gate,diouexp
MVI_40751,41,0,long,45,1.8,no_before,,,0.3111,45,partial,UKF + CTRV,DIoU + gate,diouexp
MVI_63554,3,0,short,11,0.44,no_before,,,0.6364,11,partial,UKF + CTRV,DIoU + gate,diouexp
MVI_63554,4,0,medium,26,1.04,no_before,,,0.0,26,partial,UKF + CTRV,DIoU + gate,diouexp
MVI_63554,5,0,long,40,1.6,no_before,,,0.95,41,partial,UKF + CTRV,DIoU + gate,diouexp
MVI_63554,8,0,medium,13,0.52,no_before,,,0.3846,16,partial,UKF + CTRV,DIoU + gate,diouexp
MVI_63554,9,0,long,55,2.2,lost,14.0,,0.0727,61,partial,UKF + CTRV,DIoU + gate,diouexp
MVI_63554,11,0,long,52,2.08,lost,27.0,,0.0577,61,partial,UKF + CTRV,DIoU + gate,diouexp
MVI_63554,13,0,medium,16,0.64,no_before,,,0.25,26,partial,UKF + CTRV,DIoU + gate,diouexp
MVI_63554,15,0,long,65,2.6,lost,11.0,,0.9692,76,partial,UKF + CTRV,DIoU + gate,diouexp
MVI_63554,19,0,long,62,2.48,no_before,,,0.8871,81,partial,UKF + CTRV,DIoU + gate,diouexp
MVI_63554,20,0,long,57,2.28,lost,59.0,,0.0,66,partial,UKF + CTRV,DIoU + gate,diouexp
MVI_63554,22,0,long,61,2.44,no_before,,,0.3607,61,partial,UKF + CTRV,DIoU + gate,diouexp
MVI_63554,23,0,long,45,1.8,preserved,72.0,72.0,0.7111,81,partial,UKF + CTRV,DIoU + gate,diouexp
MVI_63554,24,0,short,11,0.44,no_before,,,0.1818,21,partial,UKF + CTRV,DIoU + gate,diouexp
MVI_63554,25,0,long,51,2.04,lost,72.0,,0.1176,56,partial,UKF + CTRV,DIoU + gate,diouexp
MVI_63554,30,0,long,74,2.96,lost,118.0,,0.1757,81,partial,UKF + CTRV,DIoU + gate,diouexp
MVI_63554,31,0,long,76,3.04,no_before,,,0.5395,76,partial,UKF + CTRV,DIoU + gate,diouexp
MVI_63554,32,0,long,64,2.56,lost,122.0,,0.0625,71,partial,UKF + CTRV,DIoU + gate,diouexp
MVI_63554,33,0,long,45,1.8,lost,131.0,,0.9333,81,partial,UKF + CTRV,DIoU + gate,diouexp
MVI_63554,35,0,medium,16,0.64,no_before,,,0.8125,86,partial,UKF + CTRV,DIoU + gate,diouexp
MVI_63554,36,0,long,59,2.36,lost,151.0,,0.0678,66,partial,UKF + CTRV,DIoU + gate,diouexp
MVI_63554,41,0,medium,25,1.0,lost,141.0,,0.64,91,partial,UKF + CTRV,DIoU + gate,diouexp
MVI_63554,42,0,short,11,0.44,no_before,,,0.1818,16,partial,UKF + CTRV,DIoU + gate,diouexp
MVI_63554,43,0,long,62,2.48,lost,151.0,,0.0645,71,partial,UKF + CTRV,DIoU + gate,diouexp
MVI_63554,44,0,long,64,2.56,lost,181.0,,0.75,71,partial,UKF + CTRV,DIoU + gate,diouexp
MVI_63554,47,0,long,59,2.36,lost,187.0,,0.1864,66,partial,UKF + CTRV,DIoU + gate,diouexp
MVI_63554,49,0,long,54,2.16,lost,197.0,,0.8889,81,partial,UKF + CTRV,DIoU + gate,diouexp
MVI_63554,50,0,long,63,2.52,lost,199.0,,0.2857,71,partial,UKF + CTRV,DIoU + gate,diouexp
MVI_63554,51,0,short,11,0.44,no_before,,,0.0,21,partial,UKF + CTRV,DIoU + gate,diouexp
MVI_63554,55,0,long,62,2.48,lost,193.0,,0.8065,71,partial,UKF + CTRV,DIoU + gate,diouexp
MVI_63554,56,0,long,48,1.92,no_before,,,0.0,51,partial,UKF + CTRV,DIoU + gate,diouexp
MVI_63554,58,0,medium,21,0.84,preserved,241.0,241.0,0.9524,41,partial,UKF + CTRV,DIoU + gate,diouexp
MVI_63554,60,0,medium,13,0.52,no_before,,,0.2308,21,partial,UKF + CTRV,DIoU + gate,diouexp
MVI_63554,61,0,long,63,2.52,no_before,,,0.5079,66,partial,UKF + CTRV,DIoU + gate,diouexp
MVI_63554,62,0,short,5,0.2,preserved,259.0,259.0,1.0,66,partial,UKF + CTRV,DIoU + gate,diouexp
MVI_63554,62,1,medium,35,1.4,lost,259.0,,0.6571,66,partial,UKF + CTRV,DIoU + gate,diouexp
MVI_63554,63,0,long,60,2.4,lost,264.0,,0.6833,66,partial,UKF + CTRV,DIoU + gate,diouexp
MVI_63554,64,0,long,42,1.68,no_before,,,0.0476,46,partial,UKF + CTRV,DIoU + gate,diouexp
MVI_63554,68,0,long,57,2.28,lost,285.0,,0.0702,66,partial,UKF + CTRV,DIoU + gate,diouexp
MVI_63554,69,0,medium,16,0.64,no_before,,,0.5625,26,partial,UKF + CTRV,DIoU + gate,diouexp
MVI_63554,72,0,medium,20,0.8,lost,297.0,,0.35,101,partial,UKF + CTRV,DIoU + gate,diouexp
MVI_63554,73,0,long,50,2.0,preserved,290.0,290.0,0.9,61,partial,UKF + CTRV,DIoU + gate,diouexp
MVI_63554,76,0,medium,13,0.52,no_before,,,0.3077,21,partial,UKF + CTRV,DIoU + gate,diouexp
MVI_63554,77,0,long,56,2.24,lost,309.0,,0.0714,61,partial,UKF + CTRV,DIoU + gate,diouexp
MVI_63554,79,0,long,61,2.44,no_before,,,0.4262,71,partial,UKF + CTRV,DIoU + gate,diouexp
MVI_63554,80,0,long,55,2.2,lost,259.0,,0.8545,61,partial,UKF + CTRV,DIoU + gate,diouexp
MVI_63554,81,0,short,10,0.4,no_before,,,0.5,81,partial,UKF + CTRV,DIoU + gate,diouexp
MVI_63554,82,0,long,53,2.12,no_before,,,0.0755,56,partial,UKF + CTRV,DIoU + gate,diouexp
MVI_63554,83,0,medium,15,0.6,no_before,,,0.1333,21,partial,UKF + CTRV,DIoU + gate,diouexp
MVI_63554,86,0,long,49,1.96,lost,327.0,,0.0204,56,partial,UKF + CTRV,DIoU + gate,diouexp
MVI_63554,87,0,medium,31,1.24,switched,259.0,336.0,0.871,61,partial,UKF + CTRV,DIoU + gate,diouexp
MVI_63554,88,0,medium,13,0.52,no_before,,,0.2308,16,partial,UKF + CTRV,DIoU + gate,diouexp
MVI_63554,90,0,medium,20,0.8,lost,347.0,,0.9,86,partial,UKF + CTRV,DIoU + gate,diouexp
MVI_63554,92,0,long,50,2.0,lost,327.0,,0.08,56,partial,UKF + CTRV,DIoU + gate,diouexp
MVI_63554,93,0,long,39,1.56,preserved,327.0,327.0,0.8462,71,partial,UKF + CTRV,DIoU + gate,diouexp
MVI_63554,93,3,short,9,0.36,lost,327.0,,0.0,71,partial,UKF + CTRV,DIoU + gate,diouexp
MVI_63554,94,0,medium,26,1.04,preserved,360.0,360.0,1.0,56,partial,UKF + CTRV,DIoU + gate,diouexp
MVI_63554,95,0,long,51,2.04,switched,366.0,376.0,0.8627,81,partial,UKF + CTRV,DIoU + gate,diouexp
MVI_63554,96,0,medium,15,0.6,no_before,,,0.0667,26,partial,UKF + CTRV,DIoU + gate,diouexp
MVI_63554,98,0,long,64,2.56,lost,366.0,,0.7812,71,partial,UKF + CTRV,DIoU + gate,diouexp
MVI_63554,99,0,medium,15,0.6,no_before,,,0.6667,26,partial,UKF + CTRV,DIoU + gate,diouexp
MVI_63554,101,0,long,48,1.92,no_before,,,0.0417,51,partial,UKF + CTRV,DIoU + gate,diouexp
MVI_63554,102,0,medium,14,0.56,no_before,,,0.0714,26,partial,UKF + CTRV,DIoU + gate,diouexp
MVI_63554,103,0,medium,17,0.68,lost,390.0,,0.5882,71,partial,UKF + CTRV,DIoU + gate,diouexp
MVI_63554,105,0,long,61,2.44,lost,378.0,,0.7541,66,partial,UKF + CTRV,DIoU + gate,diouexp
MVI_63554,108,0,long,44,1.76,no_before,,,0.0,51,partial,UKF + CTRV,DIoU + gate,diouexp
MVI_63554,109,0,medium,18,0.72,no_before,,,0.2778,31,partial,UKF + CTRV,DIoU + gate,diouexp
MVI_63554,112,0,medium,31,1.24,no_before,,,0.6129,61,partial,UKF + CTRV,DIoU + gate,diouexp
MVI_63554,115,0,long,53,2.12,lost,444.0,,0.0943,61,partial,UKF + CTRV,DIoU + gate,diouexp
MVI_63554,116,0,medium,15,0.6,no_before,,,0.3333,26,partial,UKF + CTRV,DIoU + gate,diouexp
MVI_63554,117,0,long,53,2.12,lost,451.0,,0.566,61,partial,UKF + CTRV,DIoU + gate,diouexp
MVI_63554,120,0,medium,15,0.6,no_before,,,0.2,26,partial,UKF + CTRV,DIoU + gate,diouexp
MVI_63554,123,0,long,60,2.4,no_before,,,0.5333,61,partial,UKF + CTRV,DIoU + gate,diouexp
MVI_63554,124,0,long,54,2.16,no_before,,,0.0741,61,partial,UKF + CTRV,DIoU + gate,diouexp
MVI_63554,126,0,medium,37,1.48,lost,480.0,,0.9189,56,partial,UKF + CTRV,DIoU + gate,diouexp
MVI_63554,129,0,medium,13,0.52,no_before,,,0.4615,21,partial,UKF + CTRV,DIoU + gate,diouexp
MVI_63554,132,0,short,12,0.48,no_before,,,0.5,26,partial,UKF + CTRV,DIoU + gate,diouexp
MVI_63554,134,0,long,55,2.2,lost,514.0,,0.6909,61,partial,UKF + CTRV,DIoU + gate,diouexp
MVI_63554,137,0,short,12,0.48,no_before,,,0.1667,16,partial,UKF + CTRV,DIoU + gate,diouexp
MVI_63554,139,0,long,48,1.92,lost,534.0,,0.875,56,partial,UKF + CTRV,DIoU + gate,diouexp
MVI_63554,142,0,medium,15,0.6,no_before,,,0.4,26,partial,UKF + CTRV,DIoU + gate,diouexp
MVI_63554,143,0,long,57,2.28,lost,542.0,,0.8772,66,partial,UKF + CTRV,DIoU + gate,diouexp
MVI_63554,147,0,long,39,1.56,lost,554.0,,0.0769,46,partial,UKF + CTRV,DIoU + gate,diouexp
MVI_63554,148,0,short,8,0.32,preserved,552.0,552.0,1.0,56,partial,UKF + CTRV,DIoU + gate,diouexp
MVI_63554,151,0,short,12,0.48,no_before,,,0.5833,21,partial,UKF + CTRV,DIoU + gate,diouexp
MVI_63554,152,0,short,10,0.4,preserved,567.0,567.0,1.0,61,partial,UKF + CTRV,DIoU + gate,diouexp
MVI_63554,152,1,short,2,0.08,preserved,567.0,567.0,1.0,61,partial,UKF + CTRV,DIoU + gate,diouexp
MVI_63554,152,2,short,5,0.2,lost,567.0,,0.2,61,partial,UKF + CTRV,DIoU + gate,diouexp
MVI_63554,153,0,medium,14,0.56,no_before,,,0.3571,20,partial,UKF + CTRV,DIoU + gate,diouexp
MVI_63554,155,0,long,49,1.96,lost,575.0,,0.0816,56,partial,UKF + CTRV,DIoU + gate,diouexp
MVI_63554,158,0,long,54,2.16,lost,590.0,,0.8889,66,partial,UKF + CTRV,DIoU + gate,diouexp
MVI_63554,160,0,short,12,0.48,no_before,,,0.3333,21,partial,UKF + CTRV,DIoU + gate,diouexp
MVI_63554,162,0,long,54,2.16,lost,597.0,,0.7593,61,partial,UKF + CTRV,DIoU + gate,diouexp
MVI_63554,163,0,long,54,2.16,no_before,,,0.9074,71,partial,UKF + CTRV,DIoU + gate,diouexp
MVI_63554,164,0,long,66,2.64,no_before,,,1.0,66,partial,UKF + CTRV,DIoU + gate,diouexp
MVI_63554,165,0,long,52,2.08,lost,612.0,,0.0577,56,partial,UKF + CTRV,DIoU + gate,diouexp
MVI_63554,168,0,long,53,2.12,lost,637.0,,0.8113,61,partial,UKF + CTRV,DIoU + gate,diouexp
MVI_63554,169,0,medium,14,0.56,no_before,,,0.7857,21,partial,UKF + CTRV,DIoU + gate,diouexp
MVI_63554,171,0,long,50,2.0,lost,635.0,,0.06,56,partial,UKF + CTRV,DIoU + gate,diouexp
MVI_63554,174,0,short,11,0.44,no_before,,,0.0909,16,partial,UKF + CTRV,DIoU + gate,diouexp
MVI_63554,175,0,long,59,2.36,lost,639.0,,0.7627,66,partial,UKF + CTRV,DIoU + gate,diouexp
MVI_63554,177,0,long,51,2.04,lost,671.0,,0.098,56,partial,UKF + CTRV,DIoU + gate,diouexp
MVI_63554,180,0,short,9,0.36,no_before,,,0.8889,16,partial,UKF + CTRV,DIoU + gate,diouexp
MVI_63554,182,0,long,51,2.04,lost,690.0,,0.098,56,partial,UKF + CTRV,DIoU + gate,diouexp
MVI_63554,183,0,short,8,0.32,no_before,,,0.25,21,partial,UKF + CTRV,DIoU + gate,diouexp
MVI_63554,185,0,long,39,1.56,no_before,,,0.8205,40,partial,UKF + CTRV,DIoU + gate,diouexp
MVI_63554,186,0,medium,18,0.72,lost,697.0,,0.1111,25,partial,UKF + CTRV,DIoU + gate,diouexp
MVI_63554,188,0,short,11,0.44,no_before,,,0.1818,15,partial,UKF + CTRV,DIoU + gate,diouexp
MVI_63554,189,0,medium,14,0.56,no_before,,,0.7143,31,partial,UKF + CTRV,DIoU + gate,diouexp
MVI_63554,190,0,medium,17,0.68,no_before,,,0.4118,31,partial,UKF + CTRV,DIoU + gate,diouexp
MVI_40131,1,0,long,61,2.44,switched,4.0,112.0,0.0,486,full,UKF + CTRV,DIoU + gate,diouexp
MVI_40131,19,0,long,54,2.16,switched,77.0,383.0,0.0,1086,full,UKF + CTRV,DIoU + gate,diouexp
MVI_40131,35,0,long,50,2.0,switched,237.0,401.0,0.0,456,full,UKF + CTRV,DIoU + gate,diouexp
MVI_40171,9,0,short,1,0.04,preserved,39.0,39.0,1.0,61,full,UKF + CTRV,DIoU + gate,diouexp
MVI_40171,9,1,short,10,0.4,preserved,39.0,39.0,1.0,61,full,UKF + CTRV,DIoU + gate,diouexp
MVI_40171,26,0,short,3,0.12,preserved,256.0,256.0,0.6667,56,full,UKF + CTRV,DIoU + gate,diouexp
MVI_40171,41,0,long,66,2.64,switched,6.0,313.0,0.0,1150,full,UKF + CTRV,DIoU + gate,diouexp
MVI_40171,41,1,long,38,1.52,switched,87.0,403.0,0.0,1150,full,UKF + CTRV,DIoU + gate,diouexp
MVI_40171,42,0,medium,14,0.56,no_before,,,0.0,1150,full,UKF + CTRV,DIoU + gate,diouexp
MVI_40171,42,1,short,1,0.04,no_before,,,0.0,1150,full,UKF + CTRV,DIoU + gate,diouexp
MVI_40171,42,2,short,2,0.08,no_before,,,0.0,1150,full,UKF + CTRV,DIoU + gate,diouexp
MVI_40171,42,3,long,772,30.88,no_before,,,0.0,1150,full,UKF + CTRV,DIoU + gate,diouexp
MVI_40171,42,4,long,142,5.68,no_before,,,0.0,1150,full,UKF + CTRV,DIoU + gate,diouexp
MVI_40171,43,0,long,121,4.84,no_before,,,0.0,1150,full,UKF + CTRV,DIoU + gate,diouexp
MVI_40171,43,1,long,1012,40.48,no_before,,,0.0,1150,full,UKF + CTRV,DIoU + gate,diouexp
MVI_40171,44,0,long,141,5.64,no_before,,,0.0,1150,full,UKF + CTRV,DIoU + gate,diouexp
MVI_40171,44,1,long,989,39.56,no_before,,,0.0,1150,full,UKF + CTRV,DIoU + gate,diouexp
MVI_40172,16,0,long,158,6.32,no_before,,,0.0,227,full,UKF + CTRV,DIoU + gate,diouexp
MVI_40172,99,0,long,42,1.68,switched,1.0,54.0,0.0,2635,full,UKF + CTRV,DIoU + gate,diouexp
MVI_40172,99,1,long,40,1.6,switched,54.0,235.0,0.0,2635,full,UKF + CTRV,DIoU + gate,diouexp
MVI_40172,99,2,medium,15,0.6,preserved,286.0,286.0,0.0,2635,full,UKF + CTRV,DIoU + gate,diouexp
MVI_40172,100,0,long,2225,89.0,no_before,,,0.0,2635,full,UKF + CTRV,DIoU + gate,diouexp
MVI_40172,101,0,long,1489,59.56,no_before,,,0.0,2635,full,UKF + CTRV,DIoU + gate,diouexp
MVI_40172,101,1,long,148,5.92,no_before,,,0.0,2635,full,UKF + CTRV,DIoU + gate,diouexp
MVI_40172,101,2,long,526,21.04,no_before,,,0.0,2635,full,UKF + CTRV,DIoU + gate,diouexp
MVI_40172,101,3,short,2,0.08,no_before,,,0.0,2635,full,UKF + CTRV,DIoU + gate,diouexp
MVI_40172,101,4,short,9,0.36,no_before,,,0.0,2635,full,UKF + CTRV,DIoU + gate,diouexp
MVI_40172,101,5,medium,19,0.76,no_before,,,0.0,2635,full,UKF + CTRV,DIoU + gate,diouexp
MVI_40172,102,0,long,395,15.8,no_before,,,0.0,2635,full,UKF + CTRV,DIoU + gate,diouexp
MVI_40172,102,1,long,1062,42.48,no_before,,,0.0,2635,full,UKF + CTRV,DIoU + gate,diouexp
MVI_40172,102,2,short,7,0.28,no_before,,,0.0,2635,full,UKF + CTRV,DIoU + gate,diouexp
MVI_40172,102,3,short,1,0.04,no_before,,,0.0,2635,full,UKF + CTRV,DIoU + gate,diouexp
MVI_40172,102,4,short,2,0.08,no_before,,,0.0,2635,full,UKF + CTRV,DIoU + gate,diouexp
MVI_40172,102,5,long,53,2.12,no_before,,,0.0,2635,full,UKF + CTRV,DIoU + gate,diouexp
MVI_40172,102,6,short,5,0.2,no_before,,,0.0,2635,full,UKF + CTRV,DIoU + gate,diouexp
MVI_40172,102,7,medium,19,0.76,no_before,,,0.0,2635,full,UKF + CTRV,DIoU + gate,diouexp
MVI_40172,102,8,long,67,2.68,no_before,,,0.0,2635,full,UKF + CTRV,DIoU + gate,diouexp
MVI_40172,102,9,long,87,3.48,no_before,,,0.0,2635,full,UKF + CTRV,DIoU + gate,diouexp
MVI_40172,102,10,short,2,0.08,no_before,,,0.0,2635,full,UKF + CTRV,DIoU + gate,diouexp
MVI_40172,102,11,long,95,3.8,no_before,,,0.0,2635,full,UKF + CTRV,DIoU + gate,diouexp
MVI_40172,105,0,long,47,1.88,switched,3.0,2.0,0.0,2635,full,UKF + CTRV,DIoU + gate,diouexp
MVI_40172,105,1,long,42,1.68,switched,2.0,6.0,0.0,2635,full,UKF + CTRV,DIoU + gate,diouexp
MVI_40172,105,2,short,7,0.28,no_before,,,0.0,2635,full,UKF + CTRV,DIoU + gate,diouexp
MVI_40172,105,3,medium,20,0.8,switched,6.0,736.0,0.0,2635,full,UKF + CTRV,DIoU + gate,diouexp
MVI_40204,15,0,short,1,0.04,lost,25.0,,0.0,136,full,UKF + CTRV,DIoU + gate,diouexp
MVI_40204,35,0,medium,21,0.84,no_before,,,0.0,131,full,UKF + CTRV,DIoU + gate,diouexp
MVI_40204,35,1,short,9,0.36,no_before,,,0.0,131,full,UKF + CTRV,DIoU + gate,diouexp
MVI_40204,51,0,short,3,0.12,preserved,201.0,201.0,0.0,131,full,UKF + CTRV,DIoU + gate,diouexp
MVI_40204,51,1,short,6,0.24,lost,201.0,,0.1667,131,full,UKF + CTRV,DIoU + gate,diouexp
MVI_40204,51,2,short,1,0.04,lost,201.0,,0.0,131,full,UKF + CTRV,DIoU + gate,diouexp
MVI_40204,60,0,short,1,0.04,lost,255.0,,0.0,131,full,UKF + CTRV,DIoU + gate,diouexp
MVI_40204,60,1,short,1,0.04,no_before,,,0.0,131,full,UKF + CTRV,DIoU + gate,diouexp
MVI_40204,65,0,short,3,0.12,lost,296.0,,0.0,141,full,UKF + CTRV,DIoU + gate,diouexp
MVI_40204,71,0,medium,16,0.64,lost,405.0,,0.0,116,full,UKF + CTRV,DIoU + gate,diouexp
MVI_40204,71,1,short,1,0.04,lost,405.0,,0.0,116,full,UKF + CTRV,DIoU + gate,diouexp
MVI_40204,81,0,short,9,0.36,no_before,,,0.0,141,full,UKF + CTRV,DIoU + gate,diouexp
MVI_40204,81,1,short,3,0.12,no_before,,,0.0,141,full,UKF + CTRV,DIoU + gate,diouexp
MVI_40204,85,0,short,12,0.48,lost,502.0,,0.0833,141,full,UKF + CTRV,DIoU + gate,diouexp
MVI_40204,85,1,short,7,0.28,lost,502.0,,0.0,141,full,UKF + CTRV,DIoU + gate,diouexp
MVI_40204,88,0,short,2,0.08,lost,359.0,,0.0,146,full,UKF + CTRV,DIoU + gate,diouexp
MVI_40204,88,1,short,1,0.04,lost,359.0,,0.0,146,full,UKF + CTRV,DIoU + gate,diouexp
MVI_40204,88,2,short,1,0.04,lost,359.0,,0.0,146,full,UKF + CTRV,DIoU + gate,diouexp
MVI_40204,90,0,short,8,0.32,preserved,423.0,423.0,0.75,146,full,UKF + CTRV,DIoU + gate,diouexp
MVI_40204,90,1,short,4,0.16,preserved,423.0,423.0,0.75,146,full,UKF + CTRV,DIoU + gate,diouexp
MVI_40204,90,2,short,1,0.04,lost,423.0,,1.0,146,full,UKF + CTRV,DIoU + gate,diouexp
MVI_40204,90,3,short,1,0.04,lost,423.0,,0.0,146,full,UKF + CTRV,DIoU + gate,diouexp
MVI_40204,90,4,medium,18,0.72,lost,423.0,,0.0,146,full,UKF + CTRV,DIoU + gate,diouexp
MVI_40204,98,0,long,53,2.12,lost,557.0,,0.0,156,full,UKF + CTRV,DIoU + gate,diouexp
MVI_40204,108,0,short,1,0.04,preserved,619.0,619.0,1.0,151,full,UKF + CTRV,DIoU + gate,diouexp
MVI_40204,116,0,short,1,0.04,no_before,,,0.0,146,full,UKF + CTRV,DIoU + gate,diouexp
MVI_40204,116,1,short,1,0.04,no_before,,,0.0,146,full,UKF + CTRV,DIoU + gate,diouexp
MVI_40204,128,0,short,10,0.4,lost,750.0,,0.0,131,full,UKF + CTRV,DIoU + gate,diouexp
MVI_40204,129,0,short,1,0.04,no_before,,,0.0,156,full,UKF + CTRV,DIoU + gate,diouexp
MVI_40204,129,1,short,2,0.08,no_before,,,0.0,156,full,UKF + CTRV,DIoU + gate,diouexp
MVI_40204,162,0,short,1,0.04,no_before,,,0.0,151,full,UKF + CTRV,DIoU + gate,diouexp
MVI_40204,162,1,short,1,0.04,no_before,,,0.0,151,full,UKF + CTRV,DIoU + gate,diouexp
MVI_40204,162,2,short,2,0.08,no_before,,,0.0,151,full,UKF + CTRV,DIoU + gate,diouexp
MVI_40204,162,3,medium,14,0.56,no_before,,,0.0,151,full,UKF + CTRV,DIoU + gate,diouexp
MVI_40204,165,0,short,6,0.24,preserved,953.0,953.0,1.0,145,full,UKF + CTRV,DIoU + gate,diouexp
MVI_40204,168,0,short,1,0.04,preserved,1028.0,1028.0,1.0,120,full,UKF + CTRV,DIoU + gate,diouexp
MVI_40751,2,0,long,47,1.88,switched,1.0,2.0,0.0,1140,full,UKF + CTRV,DIoU + gate,diouexp
MVI_40751,21,0,short,12,0.48,lost,297.0,,0.0,625,full,UKF + CTRV,DIoU + gate,diouexp
MVI_40751,21,1,short,4,0.16,lost,297.0,,0.0,625,full,UKF + CTRV,DIoU + gate,diouexp
MVI_40751,21,2,short,4,0.16,no_before,,,0.0,625,full,UKF + CTRV,DIoU + gate,diouexp
MVI_40751,21,3,short,3,0.12,no_before,,,0.0,625,full,UKF + CTRV,DIoU + gate,diouexp
MVI_40751,21,4,short,2,0.08,no_before,,,0.0,625,full,UKF + CTRV,DIoU + gate,diouexp
MVI_40751,21,5,short,4,0.16,no_before,,,0.0,625,full,UKF + CTRV,DIoU + gate,diouexp
MVI_40751,21,6,short,4,0.16,no_before,,,0.0,625,full,UKF + CTRV,DIoU + gate,diouexp
MVI_63554,4,0,short,3,0.12,no_before,,,0.0,26,full,UKF + CTRV,DIoU + gate,diouexp
MVI_63554,4,1,short,6,0.24,no_before,,,0.0,26,full,UKF + CTRV,DIoU + gate,diouexp
MVI_63554,8,0,short,2,0.08,no_before,,,0.0,16,full,UKF + CTRV,DIoU + gate,diouexp
MVI_63554,9,0,medium,35,1.4,lost,14.0,,0.0,61,full,UKF + CTRV,DIoU + gate,diouexp
MVI_63554,20,0,short,1,0.04,lost,59.0,,0.0,66,full,UKF + CTRV,DIoU + gate,diouexp
MVI_63554,25,0,medium,19,0.76,lost,72.0,,0.0,56,full,UKF + CTRV,DIoU + gate,diouexp
MVI_63554,32,0,long,57,2.28,lost,122.0,,0.0,71,full,UKF + CTRV,DIoU + gate,diouexp
MVI_63554,36,0,long,49,1.96,lost,151.0,,0.0,66,full,UKF + CTRV,DIoU + gate,diouexp
MVI_63554,42,0,short,1,0.04,no_before,,,0.0,16,full,UKF + CTRV,DIoU + gate,diouexp
MVI_63554,43,0,long,55,2.2,lost,151.0,,0.0,71,full,UKF + CTRV,DIoU + gate,diouexp
MVI_63554,56,0,medium,30,1.2,no_before,,,0.0,51,full,UKF + CTRV,DIoU + gate,diouexp
MVI_63554,56,1,short,9,0.36,no_before,,,0.0,51,full,UKF + CTRV,DIoU + gate,diouexp
MVI_63554,61,0,short,1,0.04,no_before,,,0.0,66,full,UKF + CTRV,DIoU + gate,diouexp
MVI_63554,61,1,short,6,0.24,no_before,,,0.0,66,full,UKF + CTRV,DIoU + gate,diouexp
MVI_63554,64,0,medium,37,1.48,lost,266.0,,0.0,46,full,UKF + CTRV,DIoU + gate,diouexp
MVI_63554,68,0,long,51,2.04,lost,285.0,,0.0,66,full,UKF + CTRV,DIoU + gate,diouexp
MVI_63554,77,0,medium,20,0.8,lost,309.0,,0.0,61,full,UKF + CTRV,DIoU + gate,diouexp
MVI_63554,79,0,short,9,0.36,switched,315.0,331.0,0.2222,71,full,UKF + CTRV,DIoU + gate,diouexp
MVI_63554,82,0,long,47,1.88,lost,316.0,,0.0,56,full,UKF + CTRV,DIoU + gate,diouexp
MVI_63554,83,0,short,5,0.2,no_before,,,0.0,21,full,UKF + CTRV,DIoU + gate,diouexp
MVI_63554,86,0,long,43,1.72,lost,327.0,,0.0,56,full,UKF + CTRV,DIoU + gate,diouexp
MVI_63554,88,0,short,3,0.12,no_before,,,0.0,16,full,UKF + CTRV,DIoU + gate,diouexp
MVI_63554,92,0,medium,14,0.56,switched,327.0,368.0,0.0,56,full,UKF + CTRV,DIoU + gate,diouexp
MVI_63554,92,1,short,8,0.32,switched,327.0,368.0,0.0,56,full,UKF + CTRV,DIoU + gate,diouexp
MVI_63554,96,0,short,4,0.16,no_before,,,0.0,26,full,UKF + CTRV,DIoU + gate,diouexp
MVI_63554,101,0,long,42,1.68,lost,387.0,,0.0,51,full,UKF + CTRV,DIoU + gate,diouexp
MVI_63554,108,0,long,39,1.56,no_before,,,0.0,51,full,UKF + CTRV,DIoU + gate,diouexp
MVI_63554,115,0,short,3,0.12,lost,444.0,,0.0,61,full,UKF + CTRV,DIoU + gate,diouexp
MVI_63554,115,1,short,9,0.36,lost,444.0,,0.0,61,full,UKF + CTRV,DIoU + gate,diouexp
MVI_63554,116,0,short,2,0.08,no_before,,,0.0,26,full,UKF + CTRV,DIoU + gate,diouexp
MVI_63554,120,0,short,4,0.16,no_before,,,0.0,26,full,UKF + CTRV,DIoU + gate,diouexp
MVI_63554,124,0,medium,24,0.96,lost,478.0,,0.0,61,full,UKF + CTRV,DIoU + gate,diouexp
MVI_63554,124,1,medium,19,0.76,lost,478.0,,0.0,61,full,UKF + CTRV,DIoU + gate,diouexp
MVI_63554,129,0,short,2,0.08,no_before,,,0.0,21,full,UKF + CTRV,DIoU + gate,diouexp
MVI_63554,137,0,short,3,0.12,no_before,,,0.0,16,full,UKF + CTRV,DIoU + gate,diouexp
MVI_63554,147,0,medium,28,1.12,lost,554.0,,0.0,46,full,UKF + CTRV,DIoU + gate,diouexp
MVI_63554,151,0,short,1,0.04,no_before,,,0.0,21,full,UKF + CTRV,DIoU + gate,diouexp
MVI_63554,153,0,short,2,0.08,no_before,,,0.0,20,full,UKF + CTRV,DIoU + gate,diouexp
MVI_63554,155,0,medium,19,0.76,lost,575.0,,0.0,56,full,UKF + CTRV,DIoU + gate,diouexp
MVI_63554,165,0,medium,20,0.8,lost,612.0,,0.0,56,full,UKF + CTRV,DIoU + gate,diouexp
MVI_63554,165,1,medium,22,0.88,lost,612.0,,0.0,56,full,UKF + CTRV,DIoU + gate,diouexp
MVI_63554,171,0,medium,33,1.32,lost,635.0,,0.0,56,full,UKF + CTRV,DIoU + gate,diouexp
MVI_63554,174,0,short,2,0.08,no_before,,,0.0,16,full,UKF + CTRV,DIoU + gate,diouexp
MVI_63554,177,0,medium,13,0.52,no_before,,,0.0,56,full,UKF + CTRV,DIoU + gate,diouexp
MVI_63554,182,0,long,38,1.52,lost,690.0,,0.0,56,full,UKF + CTRV,DIoU + gate,diouexp
