video,track_id,vehicle_type
MVI_20011,1,car
MVI_20011,2,car
MVI_20011,3,car
MVI_20011,4,car
MVI_20011,5,car
MVI_20011,6,car
MVI_20011,7,car
MVI_20011,8,car
MVI_20011,9,car
MVI_20011,10,car
MVI_20011,11,car
MVI_20011,12,car
MVI_20011,13,car
MVI_20011,14,car
MVI_20011,15,car
MVI_20011,16,car
MVI_20011,17,van
MVI_20011,18,others
MVI_20011,19,car
MVI_20011,20,car
MVI_20011,21,car
MVI_20011,22,car
MVI_20011,23,car
MVI_20011,24,car
MVI_20011,25,car
MVI_20011,26,car
MVI_20011,27,car
MVI_20011,28,car
MVI_20011,29,car
MVI_20011,30,car
MVI_20011,31,car
MVI_20011,32,car
MVI_20011,33,car
MVI_20011,34,car
MVI_20011,35,car
MVI_20011,36,car
MVI_20011,37,car
MVI_20011,38,car
MVI_20011,39,van
MVI_20011,40,car
MVI_20011,41,car
MVI_20011,42,car
MVI_20011,43,car
MVI_20011,44,car
MVI_20011,45,car
MVI_20011,46,bus
MVI_20011,47,car
MVI_20011,48,car
MVI_20011,49,car
MVI_20011,50,car
MVI_20011,51,car
MVI_20011,52,car
MVI_20011,53,car
MVI_20012,1,car
MVI_20012,3,car
MVI_20012,4,van
MVI_20012,5,car
MVI_20012,6,car
MVI_20012,7,car
MVI_20012,8,car
MVI_20012,9,car
MVI_20012,10,van
MVI_20012,11,car
MVI_20012,12,car
MVI_20012,13,car
MVI_20012,14,van
MVI_20012,15,car
MVI_20012,16,car
MVI_20012,17,car
MVI_20012,18,car
MVI_20012,19,car
MVI_20012,20,car
MVI_20012,21,car
MVI_20012,22,bus
MVI_20012,23,car
MVI_20012,24,car
MVI_20012,25,car
MVI_20012,26,car
MVI_20012,27,car
MVI_20012,28,van
MVI_20012,29,car
MVI_20012,30,car
MVI_20012,31,car
MVI_20012,32,car
MVI_20012,33,car
MVI_20012,34,car
MVI_20012,35,car
MVI_20012,36,car
MVI_20012,37,car
MVI_20012,38,car
MVI_20012,39,car
MVI_20012,40,car
MVI_20012,41,car
MVI_20012,42,bus
MVI_20032,1,car
MVI_20032,2,car
MVI_20032,3,car
MVI_20032,4,car
MVI_20032,5,car
MVI_20032,6,car
MVI_20032,7,car
MVI_20032,8,car
MVI_20032,9,car
MVI_20033,1,car
MVI_20033,2,car
MVI_20033,3,car
MVI_20033,4,car
MVI_20033,5,van
MVI_20033,6,car
MVI_20033,7,car
MVI_20033,8,car
MVI_20033,9,car
MVI_20033,10,car
MVI_20033,11,van
MVI_20033,12,car
MVI_20033,13,car
MVI_20033,14,car
MVI_20033,15,van
MVI_20033,16,car
MVI_20033,17,car
MVI_20033,18,car
MVI_20033,20,car
MVI_20033,21,car
MVI_20033,22,car
MVI_20033,23,car
MVI_20033,24,car
MVI_20033,25,car
MVI_20033,26,bus
MVI_20034,1,car
MVI_20034,2,car
MVI_20034,3,car
MVI_20034,4,car
MVI_20034,5,car
MVI_20034,6,car
MVI_20034,7,car
MVI_20034,8,car
MVI_20034,9,car
MVI_20034,10,car
MVI_20034,11,car
MVI_20034,13,van
MVI_20034,14,car
MVI_20034,15,car
MVI_20034,16,car
MVI_20034,18,car
MVI_20034,19,car
MVI_20034,20,car
MVI_20034,21,car
MVI_20034,22,car
MVI_20034,23,car
MVI_20034,24,car
MVI_20034,25,van
MVI_20034,26,car
MVI_20034,27,car
MVI_20034,28,car
MVI_20034,30,car
MVI_20034,31,car
MVI_20034,32,car
MVI_20034,33,car
MVI_20034,34,car
MVI_20034,35,car
MVI_20034,36,car
MVI_20034,37,car
MVI_20034,38,car
MVI_20034,39,car
MVI_20034,40,car
MVI_20034,41,car
MVI_20034,42,car
MVI_20034,43,car
MVI_20034,44,car
MVI_20034,45,car
MVI_20034,46,car
MVI_20034,47,car
MVI_20034,48,bus
MVI_20034,49,bus
MVI_20034,50,bus
MVI_20035,1,car
MVI_20035,2,car
MVI_20035,3,car
MVI_20035,4,car
MVI_20035,5,car
MVI_20035,6,van
MVI_20035,7,car
MVI_20035,8,car
MVI_20035,9,car
MVI_20035,10,car
MVI_20035,11,van
MVI_20035,12,car
MVI_20035,13,car
MVI_20035,14,car
MVI_20035,15,car
MVI_20035,16,car
MVI_20035,17,car
MVI_20035,18,car
MVI_20035,19,car
MVI_20035,20,car
MVI_20035,21,car
MVI_20035,22,car
MVI_20035,23,car
MVI_20035,24,car
MVI_20035,25,car
MVI_20035,26,van
MVI_20035,27,car
MVI_20035,28,car
MVI_20035,29,car
MVI_20035,30,car
MVI_20035,31,car
MVI_20035,32,car
MVI_20035,33,car
MVI_20035,34,car
MVI_20035,35,car
MVI_20035,36,car
MVI_20035,37,car
MVI_20035,38,car
MVI_20035,39,car
MVI_20035,40,car
MVI_20035,41,car
MVI_20035,42,car
MVI_20035,43,van
MVI_20035,44,car
MVI_20035,45,car
MVI_20035,46,car
MVI_20035,47,car
MVI_20035,48,car
MVI_20035,49,van
MVI_20035,50,car
MVI_20035,51,car
MVI_20035,52,van
MVI_20035,53,car
MVI_20035,54,car
MVI_20035,55,car
MVI_20035,56,van
MVI_20035,57,car
MVI_20035,58,car
MVI_20035,59,car
MVI_20035,60,car
MVI_20035,61,car
MVI_20035,62,car
MVI_20035,63,car
MVI_20035,64,car
MVI_20035,65,car
MVI_20051,1,van
MVI_20051,2,car
MVI_20051,3,car
MVI_20051,4,car
MVI_20051,5,car
MVI_20051,6,car
MVI_20051,7,car
MVI_20051,8,car
MVI_20051,9,car
MVI_20051,10,car
MVI_20051,11,car
MVI_20051,12,car
MVI_20051,13,car
MVI_20051,14,car
MVI_20051,15,car
MVI_20051,16,car
MVI_20051,17,car
MVI_20051,18,car
MVI_20051,19,car
MVI_20051,20,car
MVI_20051,21,car
MVI_20051,22,car
MVI_20051,23,car
MVI_20051,24,car
MVI_20051,25,car
MVI_20051,26,car
MVI_20051,27,car
MVI_20051,28,car
MVI_20051,29,car
MVI_20051,30,van
MVI_20051,31,car
MVI_20051,32,car
MVI_20051,33,car
MVI_20051,34,car
MVI_20051,35,car
MVI_20051,36,car
MVI_20051,37,car
MVI_20051,38,car
MVI_20051,39,car
MVI_20051,40,car
MVI_20051,41,car
MVI_20051,42,car
MVI_20051,43,car
MVI_20051,44,car
MVI_20051,45,car
MVI_20051,46,car
MVI_20051,47,car
MVI_20051,48,car
MVI_20051,49,car
MVI_20051,50,car
MVI_20051,51,bus
MVI_20052,1,car
MVI_20052,2,car
MVI_20052,3,car
MVI_20052,4,car
MVI_20052,5,car
MVI_20052,6,car
MVI_20052,7,car
MVI_20052,8,car
MVI_20052,9,car
MVI_20052,10,car
MVI_20052,11,car
MVI_20052,12,car
MVI_20052,13,car
MVI_20052,14,car
MVI_20052,15,van
MVI_20052,16,car
MVI_20052,17,car
MVI_20052,18,car
MVI_20052,19,car
MVI_20052,20,car
MVI_20052,21,car
MVI_20052,22,car
MVI_20052,23,car
MVI_20052,24,car
MVI_20052,25,car
MVI_20052,26,car
MVI_20052,27,car
MVI_20052,28,van
MVI_20052,29,van
MVI_20052,30,car
MVI_20052,31,car
MVI_20052,32,car
MVI_20052,33,car
MVI_20052,34,car
MVI_20052,35,car
MVI_20052,36,car
MVI_20052,37,car
MVI_20052,38,car
MVI_20052,39,car
MVI_20052,40,car
MVI_20052,41,car
MVI_20052,42,van
MVI_20052,43,bus
MVI_20061,1,car
MVI_20061,2,car
MVI_20061,3,van
MVI_20061,4,car
MVI_20061,5,van
MVI_20061,6,car
MVI_20061,7,car
MVI_20061,8,car
MVI_20061,9,car
MVI_20061,10,car
MVI_20061,11,car
MVI_20061,12,car
MVI_20061,13,car
MVI_20061,14,van
MVI_20061,15,car
MVI_20061,16,car
MVI_20061,17,car
MVI_20061,18,car
MVI_20061,19,car
MVI_20061,20,car
MVI_20061,22,car
MVI_20061,23,car
MVI_20061,24,car
MVI_20061,25,car
MVI_20061,26,car
MVI_20061,28,car
MVI_20061,29,car
MVI_20061,30,car
MVI_20061,31,car
MVI_20061,32,van
MVI_20061,33,van
MVI_20061,34,car
MVI_20061,35,car
MVI_20061,36,car
MVI_20061,38,car
MVI_20061,39,car
MVI_20061,40,car
MVI_20061,41,car
MVI_20061,42,car
MVI_20061,43,car
MVI_20061,44,car
MVI_20061,45,van
MVI_20061,46,car
MVI_20061,47,van
MVI_20061,48,car
MVI_20061,49,bus
MVI_20061,50,bus
MVI_20061,51,bus
MVI_20062,1,car
MVI_20062,2,car
MVI_20062,3,car
MVI_20062,4,car
MVI_20062,5,car
MVI_20062,6,car
MVI_20062,7,van
MVI_20062,8,van
MVI_20062,9,car
MVI_20062,10,car
MVI_20062,11,car
MVI_20062,12,car
MVI_20062,13,car
MVI_20062,14,car
MVI_20062,15,car
MVI_20062,16,van
MVI_20062,17,others
MVI_20062,19,car
MVI_20062,20,car
MVI_20062,21,car
MVI_20062,22,car
MVI_20062,23,car
MVI_20062,24,car
MVI_20062,25,van
MVI_20062,26,car
MVI_20062,27,car
MVI_20062,28,bus
MVI_20063,2,car
MVI_20063,3,car
MVI_20063,4,van
MVI_20063,5,car
MVI_20063,6,car
MVI_20063,7,car
MVI_20063,8,car
MVI_20063,9,car
MVI_20063,10,car
MVI_20063,11,van
MVI_20063,12,car
MVI_20063,13,car
MVI_20063,14,car
MVI_20063,15,car
MVI_20063,16,car
MVI_20063,17,car
MVI_20063,18,car
MVI_20063,19,car
MVI_20063,20,car
MVI_20063,21,car
MVI_20063,22,others
MVI_20063,23,car
MVI_20063,24,car
MVI_20063,25,car
MVI_20063,26,car
MVI_20063,27,car
MVI_20063,28,car
MVI_20063,29,car
MVI_20063,30,bus
MVI_20064,1,car
MVI_20064,2,car
MVI_20064,3,car
MVI_20064,4,van
MVI_20064,5,car
MVI_20064,6,car
MVI_20064,7,car
MVI_20064,8,car
MVI_20064,9,car
MVI_20064,10,car
MVI_20064,11,car
MVI_20064,12,car
MVI_20064,13,car
MVI_20064,14,car
MVI_20064,15,car
MVI_20064,16,car
MVI_20064,17,car
MVI_20064,18,car
MVI_20064,19,car
MVI_20064,20,car
MVI_20064,21,car
MVI_20064,22,car
MVI_20064,23,car
MVI_20064,24,car
MVI_20064,25,car
MVI_20064,26,car
MVI_20064,27,car
MVI_20064,28,car
MVI_20064,29,car
MVI_20064,30,car
MVI_20064,31,car
MVI_20064,32,car
MVI_20064,33,car
MVI_20064,34,car
MVI_20064,35,car
MVI_20064,36,car
MVI_20064,38,car
MVI_20064,39,van
MVI_20064,40,car
MVI_20064,41,car
MVI_20064,42,car
MVI_20064,43,car
MVI_20064,44,car
MVI_20064,45,car
MVI_20064,46,car
MVI_20064,47,car
MVI_20064,48,car
MVI_20064,49,car
MVI_20064,50,car
MVI_20064,51,bus
MVI_20065,2,car
MVI_20065,3,car
MVI_20065,4,car
MVI_20065,5,car
MVI_20065,6,car
MVI_20065,7,car
MVI_20065,8,car
MVI_20065,9,car
MVI_20065,10,car
MVI_20065,11,car
MVI_20065,12,car
MVI_20065,13,car
MVI_20065,14,car
MVI_20065,15,van
MVI_20065,16,car
MVI_20065,17,car
MVI_20065,18,car
MVI_20065,19,car
MVI_20065,20,car
MVI_20065,21,van
MVI_20065,22,car
MVI_20065,23,car
MVI_20065,24,car
MVI_20065,25,car
MVI_20065,26,car
MVI_20065,27,car
MVI_20065,28,car
MVI_20065,29,car
MVI_20065,30,car
MVI_20065,31,car
MVI_20065,32,van
MVI_20065,33,car
MVI_20065,34,car
MVI_20065,35,car
MVI_20065,36,car
MVI_20065,37,car
MVI_20065,38,car
MVI_20065,39,car
MVI_20065,40,car
MVI_20065,41,car
MVI_20065,42,car
MVI_20065,44,car
MVI_20065,45,car
MVI_20065,46,car
MVI_20065,47,car
MVI_20065,48,car
MVI_20065,49,car
MVI_20065,50,car
MVI_20065,51,car
MVI_20065,52,car
MVI_20065,53,car
MVI_20065,54,van
MVI_20065,55,car
MVI_20065,56,car
MVI_20065,57,car
MVI_20065,58,car
MVI_20065,59,car
MVI_20065,60,van
MVI_20065,61,car
MVI_20065,62,van
MVI_20065,63,car
MVI_20065,64,car
MVI_20065,65,car
MVI_20065,66,car
MVI_20065,67,car
MVI_20065,68,car
MVI_20065,69,car
MVI_20065,70,car
MVI_20065,71,car
MVI_20065,72,car
MVI_20065,73,car
MVI_20065,74,car
MVI_20065,75,car
MVI_20065,77,car
MVI_20065,78,bus
MVI_20065,79,bus
MVI_20065,80,bus
MVI_39761,1,car
MVI_39761,2,car
MVI_39761,3,car
MVI_39761,4,car
MVI_39761,5,car
MVI_39761,6,car
MVI_39761,7,car
MVI_39761,8,car
MVI_39761,9,car
MVI_39761,10,car
MVI_39761,11,car
MVI_39761,12,car
MVI_39761,13,car
MVI_39761,14,car
MVI_39761,15,bus
MVI_39761,16,car
MVI_39761,17,car
MVI_39761,18,car
MVI_39761,19,car
MVI_39761,20,car
MVI_39761,21,car
MVI_39761,22,car
MVI_39761,23,bus
MVI_39761,24,car
MVI_39761,25,car
MVI_39761,26,car
MVI_39761,27,car
MVI_39761,28,car
MVI_39761,29,car
MVI_39761,30,car
MVI_39761,31,car
MVI_39761,32,car
MVI_39761,33,car
MVI_39761,34,car
MVI_39771,1,car
MVI_39771,2,car
MVI_39771,3,car
MVI_39771,4,car
MVI_39771,5,car
MVI_39771,6,bus
MVI_39771,7,car
MVI_39771,8,car
MVI_39771,9,car
MVI_39771,10,van
MVI_39771,11,car
MVI_39771,12,car
MVI_39771,13,car
MVI_39771,14,car
MVI_39771,15,car
MVI_39771,16,car
MVI_39771,17,car
MVI_39771,18,car
MVI_39771,19,car
MVI_39771,20,car
MVI_39771,21,car
MVI_39771,22,car
MVI_39771,23,car
MVI_39771,24,car
MVI_39771,25,car
MVI_39771,26,car
MVI_39771,27,car
MVI_39781,1,car
MVI_39781,2,car
MVI_39781,3,car
MVI_39781,4,car
MVI_39781,5,car
MVI_39781,6,car
MVI_39781,7,car
MVI_39781,8,car
MVI_39781,9,car
MVI_39781,10,car
MVI_39781,11,car
MVI_39781,12,car
MVI_39781,13,car
MVI_39781,14,car
MVI_39781,15,car
MVI_39781,16,car
MVI_39781,17,van
MVI_39781,18,car
MVI_39781,19,car
MVI_39781,20,car
MVI_39781,21,car
MVI_39781,22,car
MVI_39781,23,car
MVI_39781,24,car
MVI_39781,25,bus
MVI_39781,26,car
MVI_39781,27,car
MVI_39781,28,car
MVI_39781,29,car
MVI_39781,30,car
MVI_39781,31,car
MVI_39781,32,car
MVI_39781,33,car
MVI_39781,34,bus
MVI_39781,35,car
MVI_39781,36,car
MVI_39781,37,car
MVI_39781,38,bus
MVI_39781,39,car
MVI_39781,40,car
MVI_39781,41,bus
MVI_39781,42,car
MVI_39781,43,car
MVI_39781,44,car
MVI_39781,45,car
MVI_39781,46,car
MVI_39781,47,others
MVI_39781,48,car
MVI_39781,49,bus
MVI_39781,50,car
MVI_39801,1,car
MVI_39801,2,car
MVI_39801,3,car
MVI_39801,4,car
MVI_39801,5,car
MVI_39801,6,car
MVI_39801,7,car
MVI_39801,8,car
MVI_39801,9,car
MVI_39801,10,car
MVI_39801,11,car
MVI_39801,12,car
MVI_39801,13,car
MVI_39801,14,car
MVI_39801,15,car
MVI_39801,16,car
MVI_39801,17,car
MVI_39801,18,car
MVI_39801,19,car
MVI_39801,20,car
MVI_39801,21,car
MVI_39801,22,car
MVI_39801,23,car
MVI_39801,24,car
MVI_39801,25,car
MVI_39801,26,car
MVI_39801,27,car
MVI_39801,28,car
MVI_39801,29,car
MVI_39801,30,car
MVI_39801,31,car
MVI_39801,32,car
MVI_39801,33,car
MVI_39801,34,car
MVI_39801,35,car
MVI_39801,36,car
MVI_39801,37,car
MVI_39801,38,car
MVI_39801,39,car
MVI_39801,40,car
MVI_39801,41,car
MVI_39801,42,car
MVI_39801,43,others
MVI_39811,1,car
MVI_39811,2,car
MVI_39811,3,car
MVI_39811,4,car
MVI_39811,5,car
MVI_39811,6,car
MVI_39811,7,car
MVI_39811,8,car
MVI_39811,9,car
MVI_39821,1,car
MVI_39821,2,car
MVI_39821,3,van
MVI_39821,4,car
MVI_39821,5,car
MVI_39821,6,car
MVI_39821,7,car
MVI_39821,8,car
MVI_39821,9,car
MVI_39821,10,van
MVI_39821,11,car
MVI_39821,12,car
MVI_39821,13,bus
MVI_39821,14,car
MVI_39821,15,car
MVI_39821,16,car
MVI_39821,17,van
MVI_39821,18,car
MVI_39821,19,car
MVI_39821,20,van
MVI_39821,21,car
MVI_39821,22,car
MVI_39821,23,car
MVI_39821,24,car
MVI_39821,25,car
MVI_39821,26,car
MVI_39821,27,car
MVI_39821,28,car
MVI_39821,29,car
MVI_39821,30,car
MVI_39821,31,van
MVI_39821,32,car
MVI_39821,33,car
MVI_39821,34,car
MVI_39851,1,car
MVI_39851,2,car
MVI_39851,3,car
MVI_39851,4,bus
MVI_39851,5,car
MVI_39851,6,car
MVI_39851,7,car
MVI_39851,8,car
MVI_39851,9,car
MVI_39851,10,car
MVI_39851,11,car
MVI_39851,12,car
MVI_39851,13,car
MVI_39851,14,car
MVI_39851,15,car
MVI_39851,16,car
MVI_39851,17,car
MVI_39851,18,car
MVI_39851,19,van
MVI_39851,20,bus
MVI_39851,21,car
MVI_39851,22,van
MVI_39851,23,car
MVI_39851,24,car
MVI_39851,25,car
MVI_39851,26,car
MVI_39851,27,car
MVI_39851,28,car
MVI_39851,29,car
MVI_39851,30,car
MVI_39851,31,car
MVI_39851,32,car
MVI_39851,33,car
MVI_39851,34,car
MVI_39851,35,car
MVI_39851,36,car
MVI_39851,37,car
MVI_39861,1,car
MVI_39861,2,car
MVI_39861,3,bus
MVI_39861,4,car
MVI_39861,5,car
MVI_39861,6,car
MVI_39861,7,car
MVI_39861,8,car
MVI_39861,9,car
MVI_39861,10,car
MVI_39861,11,car
MVI_39861,12,car
MVI_39861,13,car
MVI_39861,14,car
MVI_39931,1,car
MVI_39931,2,car
MVI_39931,3,car
MVI_39931,4,car
MVI_39931,5,car
MVI_39931,6,car
MVI_39931,7,car
MVI_39931,8,car
MVI_39931,9,car
MVI_39931,10,car
MVI_39931,11,bus
MVI_39931,12,car
MVI_39931,13,car
MVI_39931,14,car
MVI_39931,15,car
MVI_39931,16,car
MVI_39931,17,car
MVI_39931,18,car
MVI_39931,19,car
MVI_39931,20,car
MVI_39931,21,car
MVI_39931,22,car
MVI_39931,23,car
MVI_39931,24,car
MVI_39931,25,car
MVI_39931,26,car
MVI_39931,27,car
MVI_40131,1,car
MVI_40131,2,car
MVI_40131,3,car
MVI_40131,4,car
MVI_40131,5,van
MVI_40131,6,car
MVI_40131,7,car
MVI_40131,8,car
MVI_40131,9,bus
MVI_40131,10,car
MVI_40131,11,car
MVI_40131,12,car
MVI_40131,13,car
MVI_40131,14,car
MVI_40131,15,car
MVI_40131,16,car
MVI_40131,17,car
MVI_40131,18,car
MVI_40131,19,car
MVI_40131,20,car
MVI_40131,21,car
MVI_40131,22,car
MVI_40131,23,car
MVI_40131,24,car
MVI_40131,25,car
MVI_40131,26,car
MVI_40131,27,car
MVI_40131,28,car
MVI_40131,29,bus
MVI_40131,30,car
MVI_40131,31,car
MVI_40131,32,bus
MVI_40131,33,car
MVI_40131,34,van
MVI_40131,35,car
MVI_40131,36,car
MVI_40131,37,car
MVI_40131,38,car
MVI_40131,39,car
MVI_40131,40,car
MVI_40131,41,car
MVI_40131,42,car
MVI_40131,43,car
MVI_40131,44,van
MVI_40131,45,car
MVI_40131,46,car
MVI_40131,47,car
MVI_40131,48,car
MVI_40131,49,car
MVI_40131,50,car
MVI_40131,51,car
MVI_40131,52,car
MVI_40131,53,van
MVI_40131,54,car
MVI_40131,55,car
MVI_40131,56,car
MVI_40131,57,car
MVI_40131,58,car
MVI_40131,59,van
MVI_40131,60,car
MVI_40131,61,car
MVI_40131,62,car
MVI_40131,63,car
MVI_40131,64,car
MVI_40131,65,car
MVI_40131,66,car
MVI_40131,67,car
MVI_40141,1,car
MVI_40141,2,car
MVI_40141,3,car
MVI_40141,4,car
MVI_40141,5,car
MVI_40141,6,car
MVI_40141,7,van
MVI_40141,8,van
MVI_40141,9,van
MVI_40141,10,van
MVI_40141,11,car
MVI_40141,12,van
MVI_40141,13,car
MVI_40141,14,car
MVI_40141,15,car
MVI_40141,16,car
MVI_40141,17,car
MVI_40141,18,car
MVI_40141,19,car
MVI_40141,20,car
MVI_40141,21,car
MVI_40141,22,van
MVI_40141,23,car
MVI_40141,24,car
MVI_40141,25,car
MVI_40141,26,car
MVI_40141,27,car
MVI_40141,28,car
MVI_40141,29,car
MVI_40141,30,car
MVI_40141,31,car
MVI_40141,32,van
MVI_40141,33,car
MVI_40152,1,car
MVI_40152,2,car
MVI_40152,3,car
MVI_40152,4,car
MVI_40152,5,van
MVI_40152,6,car
MVI_40152,7,van
MVI_40152,8,car
MVI_40152,9,car
MVI_40152,10,car
MVI_40152,11,car
MVI_40152,12,car
MVI_40152,13,van
MVI_40152,14,car
MVI_40152,15,van
MVI_40152,16,car
MVI_40152,17,car
MVI_40152,18,car
MVI_40152,19,car
MVI_40152,20,car
MVI_40152,21,car
MVI_40152,22,car
MVI_40152,23,car
MVI_40152,24,car
MVI_40152,25,car
MVI_40152,26,car
MVI_40152,27,car
MVI_40152,28,car
MVI_40152,29,car
MVI_40152,30,car
MVI_40152,31,van
MVI_40152,32,car
MVI_40152,33,car
MVI_40152,34,car
MVI_40152,35,car
MVI_40152,36,car
MVI_40152,37,car
MVI_40152,38,car
MVI_40152,39,car
MVI_40152,40,others
MVI_40152,41,van
MVI_40152,42,car
MVI_40152,43,car
MVI_40152,44,car
MVI_40152,45,bus
MVI_40152,46,car
MVI_40152,47,car
MVI_40152,48,car
MVI_40152,49,car
MVI_40161,1,bus
MVI_40161,2,bus
MVI_40161,3,car
MVI_40161,4,car
MVI_40161,5,car
MVI_40161,6,car
MVI_40161,7,car
MVI_40161,8,car
MVI_40161,9,van
MVI_40161,10,car
MVI_40161,11,car
MVI_40161,12,car
MVI_40161,13,car
MVI_40161,14,car
MVI_40161,15,car
MVI_40161,16,car
MVI_40161,17,car
MVI_40161,18,car
MVI_40161,19,car
MVI_40161,20,car
MVI_40161,21,car
MVI_40161,22,car
MVI_40161,23,car
MVI_40161,24,car
MVI_40161,25,van
MVI_40161,26,car
MVI_40161,27,car
MVI_40161,28,car
MVI_40161,29,car
MVI_40161,30,van
MVI_40161,31,van
MVI_40161,32,car
MVI_40161,33,car
MVI_40161,34,car
MVI_40161,35,car
MVI_40161,36,car
MVI_40161,37,car
MVI_40161,38,car
MVI_40161,39,car
MVI_40161,40,car
MVI_40161,41,car
MVI_40161,42,car
MVI_40161,43,car
MVI_40161,44,car
MVI_40161,45,car
MVI_40161,46,car
MVI_40161,47,car
MVI_40161,48,car
MVI_40161,49,car
MVI_40161,50,car
MVI_40161,51,car
MVI_40161,52,car
MVI_40161,53,car
MVI_40161,54,van
MVI_40161,55,van
MVI_40161,56,car
MVI_40161,57,van
MVI_40161,58,car
MVI_40161,59,car
MVI_40161,60,car
MVI_40161,61,bus
MVI_40161,62,van
MVI_40161,63,van
MVI_40161,64,van
MVI_40161,65,car
MVI_40162,1,car
MVI_40162,2,car
MVI_40162,3,car
MVI_40162,4,car
MVI_40162,5,car
MVI_40162,6,car
MVI_40162,7,car
MVI_40162,8,car
MVI_40162,9,car
MVI_40162,10,car
MVI_40162,11,car
MVI_40162,12,car
MVI_40162,13,car
MVI_40162,14,car
MVI_40162,15,car
MVI_40162,16,car
MVI_40162,17,car
MVI_40162,18,car
MVI_40162,19,car
MVI_40162,20,car
MVI_40162,21,car
MVI_40162,22,car
MVI_40162,23,car
MVI_40162,24,car
MVI_40162,25,car
MVI_40162,26,car
MVI_40162,27,car
MVI_40162,28,car
MVI_40162,29,car
MVI_40162,30,bus
MVI_40162,31,car
MVI_40162,32,car
MVI_40162,33,car
MVI_40162,34,car
MVI_40162,35,car
MVI_40162,36,car
MVI_40162,37,car
MVI_40162,38,car
MVI_40162,39,car
MVI_40162,40,bus
MVI_40162,41,car
MVI_40162,42,van
MVI_40162,43,car
MVI_40162,44,car
MVI_40162,45,car
MVI_40162,46,car
MVI_40162,47,car
MVI_40162,48,car
MVI_40162,49,car
MVI_40162,50,car
MVI_40162,51,car
MVI_40162,52,car
MVI_40162,53,car
MVI_40162,54,car
MVI_40162,55,car
MVI_40162,56,car
MVI_40162,57,car
MVI_40162,58,car
MVI_40162,59,car
MVI_40162,60,car
MVI_40162,61,van
MVI_40162,62,car
MVI_40162,63,car
MVI_40162,64,car
MVI_40162,65,car
MVI_40162,66,car
MVI_40162,67,car
MVI_40162,68,car
MVI_40162,69,car
MVI_40162,70,car
MVI_40162,71,car
MVI_40162,72,car
MVI_40162,73,car
MVI_40162,74,car
MVI_40162,75,car
MVI_40162,76,car
MVI_40162,77,car
MVI_40162,78,car
MVI_40162,79,car
MVI_40162,80,car
MVI_40162,81,car
MVI_40162,82,van
MVI_40162,83,car
MVI_40162,84,car
MVI_40162,85,car
MVI_40162,86,van
MVI_40162,87,car
MVI_40162,88,car
MVI_40162,89,car
MVI_40171,1,car
MVI_40171,2,car
MVI_40171,3,car
MVI_40171,4,car
MVI_40171,5,car
MVI_40171,6,car
MVI_40171,7,car
MVI_40171,8,bus
MVI_40171,9,van
MVI_40171,10,car
MVI_40171,11,car
MVI_40171,12,car
MVI_40171,13,car
MVI_40171,14,van
MVI_40171,15,car
MVI_40171,16,car
MVI_40171,17,car
MVI_40171,18,bus
MVI_40171,19,car
MVI_40171,20,car
MVI_40171,21,car
MVI_40171,22,car
MVI_40171,23,car
MVI_40171,24,car
MVI_40171,25,car
MVI_40171,26,car
MVI_40171,27,car
MVI_40171,28,car
MVI_40171,29,car
MVI_40171,30,car
MVI_40171,31,car
MVI_40171,32,car
MVI_40171,33,car
MVI_40171,34,car
MVI_40171,35,car
MVI_40171,36,car
MVI_40171,37,car
MVI_40171,38,bus
MVI_40171,39,car
MVI_40171,40,car
MVI_40171,41,car
MVI_40171,42,car
MVI_40171,43,car
MVI_40171,44,car
MVI_40172,1,bus
MVI_40172,2,van
MVI_40172,3,van
MVI_40172,4,car
MVI_40172,5,bus
MVI_40172,6,car
MVI_40172,7,car
MVI_40172,8,car
MVI_40172,9,car
MVI_40172,10,car
MVI_40172,11,van
MVI_40172,12,car
MVI_40172,13,car
MVI_40172,14,car
MVI_40172,15,car
MVI_40172,16,car
MVI_40172,17,car
MVI_40172,18,car
MVI_40172,19,car
MVI_40172,20,car
MVI_40172,21,van
MVI_40172,22,car
MVI_40172,23,car
MVI_40172,24,car
MVI_40172,25,van
MVI_40172,26,car
MVI_40172,27,van
MVI_40172,28,van
MVI_40172,29,car
MVI_40172,30,car
MVI_40172,31,car
MVI_40172,32,car
MVI_40172,33,car
MVI_40172,34,car
MVI_40172,35,car
MVI_40172,36,car
MVI_40172,37,car
MVI_40172,38,van
MVI_40172,39,car
MVI_40172,40,car
MVI_40172,41,van
MVI_40172,42,car
MVI_40172,43,car
MVI_40172,44,car
MVI_40172,45,car
MVI_40172,46,car
MVI_40172,47,car
MVI_40172,48,car
MVI_40172,49,car
MVI_40172,50,car
MVI_40172,51,car
MVI_40172,52,car
MVI_40172,53,car
MVI_40172,54,car
MVI_40172,55,car
MVI_40172,56,car
MVI_40172,57,car
MVI_40172,58,car
MVI_40172,59,car
MVI_40172,60,car
MVI_40172,61,car
MVI_40172,62,van
MVI_40172,63,van
MVI_40172,64,car
MVI_40172,65,bus
MVI_40172,66,bus
MVI_40172,67,car
MVI_40172,68,van
MVI_40172,69,car
MVI_40172,70,car
MVI_40172,71,car
MVI_40172,72,car
MVI_40172,73,car
MVI_40172,74,car
MVI_40172,75,car
MVI_40172,76,van
MVI_40172,77,car
MVI_40172,78,car
MVI_40172,79,others
MVI_40172,80,car
MVI_40172,81,car
MVI_40172,82,car
MVI_40172,83,car
MVI_40172,84,car
MVI_40172,85,car
MVI_40172,86,car
MVI_40172,87,car
MVI_40172,88,car
MVI_40172,89,car
MVI_40172,90,car
MVI_40172,91,van
MVI_40172,92,car
MVI_40172,93,car
MVI_40172,94,bus
MVI_40172,95,car
MVI_40172,96,car
MVI_40172,97,car
MVI_40172,99,car
MVI_40172,100,car
MVI_40172,101,car
MVI_40172,102,car
MVI_40172,105,car
MVI_40181,1,car
MVI_40181,2,car
MVI_40181,3,bus
MVI_40181,4,car
MVI_40181,5,car
MVI_40181,6,car
MVI_40181,7,car
MVI_40181,8,bus
MVI_40181,9,car
MVI_40181,10,car
MVI_40181,11,car
MVI_40181,12,car
MVI_40181,13,van
MVI_40181,14,car
MVI_40181,15,van
MVI_40181,16,car
MVI_40181,17,car
MVI_40181,18,car
MVI_40181,19,car
MVI_40181,20,van
MVI_40181,21,car
MVI_40181,22,car
MVI_40181,23,car
MVI_40181,24,car
MVI_40181,25,car
MVI_40181,26,car
MVI_40181,27,car
MVI_40181,28,car
MVI_40181,29,others
MVI_40181,30,car
MVI_40181,31,car
MVI_40181,32,car
MVI_40181,33,car
MVI_40181,34,car
MVI_40181,35,car
MVI_40181,36,car
MVI_40181,37,car
MVI_40181,38,car
MVI_40181,39,car
MVI_40181,40,car
MVI_40181,41,car
MVI_40181,42,car
MVI_40181,43,van
MVI_40181,44,car
MVI_40181,45,car
MVI_40181,46,car
MVI_40181,47,car
MVI_40181,48,car
MVI_40181,49,van
MVI_40181,50,car
MVI_40181,51,car
MVI_40181,52,car
MVI_40181,53,car
MVI_40181,54,car
MVI_40181,55,car
MVI_40181,56,car
MVI_40181,57,bus
MVI_40181,58,van
MVI_40181,59,car
MVI_40181,60,car
MVI_40181,61,car
MVI_40181,62,car
MVI_40181,63,car
MVI_40181,64,bus
MVI_40181,65,car
MVI_40181,66,car
MVI_40181,67,bus
MVI_40181,68,car
MVI_40181,69,car
MVI_40181,70,car
MVI_40181,71,car
MVI_40181,72,car
MVI_40181,73,car
MVI_40181,74,car
MVI_40181,75,car
MVI_40181,76,car
MVI_40181,77,car
MVI_40181,78,car
MVI_40181,79,car
MVI_40181,80,car
MVI_40181,81,bus
MVI_40181,82,car
MVI_40181,83,van
MVI_40181,84,car
MVI_40181,85,car
MVI_40181,86,van
MVI_40191,1,car
MVI_40191,2,van
MVI_40191,3,car
MVI_40191,4,car
MVI_40191,5,car
MVI_40191,6,car
MVI_40191,7,car
MVI_40191,8,car
MVI_40191,9,car
MVI_40191,10,car
MVI_40191,11,car
MVI_40191,12,van
MVI_40191,13,car
MVI_40191,14,car
MVI_40191,15,car
MVI_40191,16,car
MVI_40191,17,car
MVI_40191,18,car
MVI_40191,19,van
MVI_40191,20,car
MVI_40191,21,van
MVI_40191,22,car
MVI_40191,23,car
MVI_40191,24,car
MVI_40191,25,car
MVI_40191,26,van
MVI_40191,27,car
MVI_40191,28,car
MVI_40191,29,car
MVI_40191,30,car
MVI_40191,31,car
MVI_40191,32,car
MVI_40191,33,car
MVI_40191,34,car
MVI_40191,35,car
MVI_40191,36,car
MVI_40191,37,car
MVI_40191,38,car
MVI_40191,39,car
MVI_40191,40,car
MVI_40191,41,car
MVI_40191,42,car
MVI_40191,43,car
MVI_40191,44,car
MVI_40191,45,car
MVI_40191,46,car
MVI_40191,47,car
MVI_40191,48,car
MVI_40191,49,car
MVI_40191,50,car
MVI_40191,51,car
MVI_40191,52,car
MVI_40191,53,van
MVI_40191,54,van
MVI_40191,55,car
MVI_40191,56,car
MVI_40191,57,car
MVI_40191,58,car
MVI_40191,59,car
MVI_40191,60,car
MVI_40191,61,car
MVI_40191,62,car
MVI_40191,63,car
MVI_40191,64,car
MVI_40191,65,car
MVI_40191,66,car
MVI_40191,67,car
MVI_40191,68,car
MVI_40191,69,others
MVI_40191,70,car
MVI_40191,71,car
MVI_40191,72,car
MVI_40191,73,car
MVI_40191,74,car
MVI_40191,75,car
MVI_40191,76,car
MVI_40191,77,car
MVI_40191,78,car
MVI_40191,79,car
MVI_40191,80,car
MVI_40191,81,car
MVI_40191,82,car
MVI_40191,83,car
MVI_40191,84,car
MVI_40191,85,car
MVI_40191,86,car
MVI_40191,87,van
MVI_40191,88,car
MVI_40191,89,car
MVI_40191,90,car
MVI_40191,91,car
MVI_40191,92,car
MVI_40191,93,car
MVI_40191,94,car
MVI_40191,95,car
MVI_40191,96,car
MVI_40191,97,car
MVI_40191,98,van
MVI_40191,99,car
MVI_40191,100,van
MVI_40191,101,car
MVI_40191,102,car
MVI_40191,103,car
MVI_40191,104,van
MVI_40191,105,car
MVI_40191,106,van
MVI_40191,107,van
MVI_40191,108,van
MVI_40191,109,car
MVI_40191,110,car
MVI_40191,111,car
MVI_40191,112,car
MVI_40191,113,car
MVI_40191,114,van
MVI_40191,116,car
MVI_40191,117,car
MVI_40191,118,car
MVI_40191,119,van
MVI_40191,120,van
MVI_40191,121,van
MVI_40191,122,car
MVI_40191,123,car
MVI_40191,124,car
MVI_40191,125,car
MVI_40191,126,van
MVI_40191,127,car
MVI_40191,128,car
MVI_40191,129,car
MVI_40191,130,car
MVI_40191,131,car
MVI_40191,132,car
MVI_40191,133,van
MVI_40191,134,car
MVI_40191,135,car
MVI_40191,136,car
MVI_40191,137,van
MVI_40191,138,car
MVI_40191,139,car
MVI_40191,140,car
MVI_40191,141,van
MVI_40191,142,car
MVI_40191,143,car
MVI_40191,144,car
MVI_40191,145,car
MVI_40191,146,van
MVI_40191,147,car
MVI_40191,148,car
MVI_40191,149,car
MVI_40191,150,car
MVI_40191,151,van
MVI_40191,152,car
MVI_40191,153,car
MVI_40191,154,car
MVI_40191,155,car
MVI_40191,156,car
MVI_40191,157,car
MVI_40191,158,car
MVI_40191,159,car
MVI_40191,160,car
MVI_40191,161,car
MVI_40191,162,car
MVI_40191,163,car
MVI_40191,164,car
MVI_40191,165,car
MVI_40191,166,car
MVI_40191,167,car
MVI_40191,168,car
MVI_40191,169,van
MVI_40191,170,car
MVI_40191,171,car
MVI_40191,172,car
MVI_40191,173,car
MVI_40191,174,car
MVI_40191,175,car
MVI_40191,176,car
MVI_40191,177,car
MVI_40191,178,van
MVI_40191,179,car
MVI_40191,180,car
MVI_40191,181,car
MVI_40191,182,car
MVI_40191,183,car
MVI_40191,184,car
MVI_40191,185,car
MVI_40191,186,van
MVI_40191,187,car
MVI_40191,188,car
MVI_40191,189,car
MVI_40191,190,car
MVI_40191,191,car
MVI_40191,192,car
MVI_40191,193,car
MVI_40191,194,car
MVI_40191,195,car
MVI_40191,196,van
MVI_40191,197,car
MVI_40191,198,car
MVI_40191,199,van
MVI_40191,200,car
MVI_40191,201,car
MVI_40191,202,car
MVI_40191,203,car
MVI_40191,204,car
MVI_40191,205,car
MVI_40191,206,car
MVI_40191,207,car
MVI_40191,208,car
MVI_40191,209,car
MVI_40191,210,car
MVI_40191,211,car
MVI_40191,212,car
MVI_40191,213,car
MVI_40191,214,car
MVI_40191,215,car
MVI_40191,216,car
MVI_40191,217,car
MVI_40191,218,car
MVI_40191,219,van
MVI_40191,220,car
MVI_40191,221,car
MVI_40191,222,car
MVI_40191,223,car
MVI_40191,224,car
MVI_40191,225,car
MVI_40191,226,car
MVI_40191,227,car
MVI_40191,228,car
MVI_40191,229,car
MVI_40191,230,van
MVI_40191,231,car
MVI_40191,232,car
MVI_40191,233,car
MVI_40191,234,car
MVI_40191,235,car
MVI_40191,236,car
MVI_40191,237,car
MVI_40191,238,car
MVI_40191,239,car
MVI_40191,240,car
MVI_40191,241,car
MVI_40191,242,car
MVI_40191,243,van
MVI_40191,244,car
MVI_40191,245,car
MVI_40191,246,van
MVI_40191,247,car
MVI_40191,248,car
MVI_40191,249,van
MVI_40191,250,car
MVI_40191,251,car
MVI_40191,252,car
MVI_40191,253,car
MVI_40191,254,car
MVI_40191,255,car
MVI_40191,256,car
MVI_40191,257,car
MVI_40191,258,car
MVI_40191,259,car
MVI_40191,260,car
MVI_40191,261,car
MVI_40191,262,van
MVI_40191,263,car
MVI_40191,264,car
MVI_40191,265,van
MVI_40191,266,car
MVI_40191,267,car
MVI_40191,268,car
MVI_40191,269,car
MVI_40191,270,car
MVI_40191,271,car
MVI_40191,272,car
MVI_40191,273,car
MVI_40191,274,car
MVI_40191,275,car
MVI_40191,276,car
MVI_40191,277,car
MVI_40191,278,van
MVI_40191,279,car
MVI_40191,280,car
MVI_40191,281,car
MVI_40191,282,car
MVI_40191,283,car
MVI_40191,284,car
MVI_40191,285,car
MVI_40191,286,car
MVI_40191,287,car
MVI_40191,288,car
MVI_40191,289,car
MVI_40191,290,car
MVI_40191,291,car
MVI_40191,292,car
MVI_40191,293,car
MVI_40191,294,car
MVI_40191,295,car
MVI_40191,296,car
MVI_40191,297,van
MVI_40191,298,car
MVI_40191,299,car
MVI_40191,300,car
MVI_40191,301,car
MVI_40191,302,car
MVI_40191,303,car
MVI_40191,304,car
MVI_40191,305,car
MVI_40191,306,car
MVI_40191,307,car
MVI_40191,308,car
MVI_40191,309,car
MVI_40191,310,car
MVI_40191,311,car
MVI_40191,312,car
MVI_40191,313,car
MVI_40191,314,car
MVI_40191,315,car
MVI_40191,316,car
MVI_40191,317,car
MVI_40191,318,car
MVI_40191,319,car
MVI_40191,320,car
MVI_40191,321,van
MVI_40191,322,van
MVI_40191,323,car
MVI_40191,324,car
MVI_40191,325,car
MVI_40191,326,car
MVI_40191,327,car
MVI_40191,328,car
MVI_40191,329,van
MVI_40191,330,car
MVI_40191,331,car
MVI_40191,332,car
MVI_40191,333,car
MVI_40191,334,car
MVI_40191,335,car
MVI_40191,336,car
MVI_40191,337,car
MVI_40191,338,car
MVI_40191,339,car
MVI_40191,340,car
MVI_40191,341,car
MVI_40192,1,car
MVI_40192,2,car
MVI_40192,3,car
MVI_40192,4,car
MVI_40192,5,car
MVI_40192,6,car
MVI_40192,7,car
MVI_40192,8,car
MVI_40192,9,car
MVI_40192,10,car
MVI_40192,11,van
MVI_40192,12,car
MVI_40192,13,car
MVI_40192,14,car
MVI_40192,15,car
MVI_40192,16,car
MVI_40192,17,car
MVI_40192,18,car
MVI_40192,19,car
MVI_40192,20,car
MVI_40192,21,car
MVI_40192,22,car
MVI_40192,23,car
MVI_40192,24,car
MVI_40192,25,van
MVI_40192,26,car
MVI_40192,27,car
MVI_40192,28,van
MVI_40192,29,car
MVI_40192,30,car
MVI_40192,31,car
MVI_40192,32,van
MVI_40192,33,car
MVI_40192,34,car
MVI_40192,35,car
MVI_40192,36,van
MVI_40192,37,car
MVI_40192,38,car
MVI_40192,39,car
MVI_40192,40,car
MVI_40192,41,car
MVI_40192,42,car
MVI_40192,43,car
MVI_40192,44,car
MVI_40192,45,car
MVI_40192,46,car
MVI_40192,47,car
MVI_40192,48,car
MVI_40192,49,car
MVI_40192,50,car
MVI_40192,51,car
MVI_40192,52,car
MVI_40192,53,car
MVI_40192,54,car
MVI_40192,55,car
MVI_40192,56,car
MVI_40192,57,car
MVI_40192,58,car
MVI_40192,59,car
MVI_40192,60,car
MVI_40192,61,car
MVI_40192,62,car
MVI_40192,63,van
MVI_40192,64,car
MVI_40192,65,van
MVI_40192,66,car
MVI_40192,67,car
MVI_40192,68,car
MVI_40192,69,car
MVI_40192,70,van
MVI_40192,71,car
MVI_40192,72,car
MVI_40192,73,car
MVI_40192,74,van
MVI_40192,75,car
MVI_40192,76,car
MVI_40192,77,car
MVI_40192,78,car
MVI_40192,79,van
MVI_40192,80,car
MVI_40192,81,car
MVI_40192,82,van
MVI_40192,83,van
MVI_40192,84,van
MVI_40192,85,car
MVI_40192,86,car
MVI_40192,87,car
MVI_40192,88,van
MVI_40192,89,car
MVI_40192,90,car
MVI_40192,91,car
MVI_40192,92,car
MVI_40192,93,car
MVI_40192,94,car
MVI_40192,95,car
MVI_40192,96,car
MVI_40192,97,car
MVI_40192,98,car
MVI_40192,99,car
MVI_40192,100,car
MVI_40192,101,car
MVI_40192,102,car
MVI_40192,103,car
MVI_40192,104,car
MVI_40192,105,van
MVI_40192,106,car
MVI_40192,107,van
MVI_40192,108,car
MVI_40192,109,van
MVI_40192,110,car
MVI_40192,111,car
MVI_40192,112,car
MVI_40192,113,van
MVI_40192,114,car
MVI_40192,115,car
MVI_40192,116,car
MVI_40192,117,car
MVI_40192,118,car
MVI_40192,119,others
MVI_40192,120,car
MVI_40192,121,car
MVI_40192,122,car
MVI_40192,123,car
MVI_40192,124,car
MVI_40192,125,van
MVI_40192,126,car
MVI_40192,127,car
MVI_40192,128,car
MVI_40192,129,car
MVI_40192,130,car
MVI_40192,131,car
MVI_40192,132,car
MVI_40192,133,car
MVI_40192,134,car
MVI_40192,135,car
MVI_40192,136,car
MVI_40192,137,car
MVI_40192,138,car
MVI_40192,139,car
MVI_40192,140,car
MVI_40192,141,car
MVI_40192,142,car
MVI_40192,143,car
MVI_40192,144,car
MVI_40192,145,car
MVI_40192,146,car
MVI_40192,147,car
MVI_40192,148,car
MVI_40192,149,van
MVI_40192,150,car
MVI_40192,151,car
MVI_40192,152,van
MVI_40192,153,car
MVI_40192,154,car
MVI_40192,155,van
MVI_40192,156,car
MVI_40192,157,car
MVI_40192,158,car
MVI_40192,159,others
MVI_40192,160,car
MVI_40192,161,car
MVI_40192,162,car
MVI_40192,163,car
MVI_40192,164,car
MVI_40192,165,car
MVI_40192,166,car
MVI_40192,167,van
MVI_40192,168,car
MVI_40192,169,car
MVI_40192,170,car
MVI_40192,171,car
MVI_40192,172,van
MVI_40192,173,car
MVI_40192,174,car
MVI_40192,175,car
MVI_40192,176,car
MVI_40192,177,car
MVI_40192,178,car
MVI_40192,179,car
MVI_40192,180,car
MVI_40192,181,car
MVI_40192,182,car
MVI_40192,183,car
MVI_40192,184,car
MVI_40192,185,car
MVI_40192,186,car
MVI_40192,187,car
MVI_40192,188,car
MVI_40192,189,car
MVI_40192,190,car
MVI_40192,191,car
MVI_40192,192,car
MVI_40192,193,van
MVI_40192,194,car
MVI_40192,195,car
MVI_40192,196,car
MVI_40192,197,car
MVI_40192,198,car
MVI_40192,199,car
MVI_40192,200,car
MVI_40192,201,car
MVI_40192,202,van
MVI_40192,203,car
MVI_40192,204,car
MVI_40192,205,car
MVI_40192,206,car
MVI_40192,207,car
MVI_40192,208,car
MVI_40192,209,car
MVI_40192,210,car
MVI_40192,211,car
MVI_40192,212,car
MVI_40192,213,car
MVI_40192,214,van
MVI_40192,215,car
MVI_40192,216,car
MVI_40192,217,car
MVI_40192,218,car
MVI_40192,219,car
MVI_40192,220,car
MVI_40192,221,car
MVI_40192,222,car
MVI_40192,223,car
MVI_40192,224,car
MVI_40192,225,car
MVI_40192,226,van
MVI_40192,227,car
MVI_40192,228,car
MVI_40192,229,car
MVI_40192,230,car
MVI_40192,231,van
MVI_40192,232,car
MVI_40192,233,car
MVI_40192,234,car
MVI_40192,236,van
MVI_40192,237,bus
MVI_40192,238,bus
MVI_40192,239,car
MVI_40192,240,bus
MVI_40192,241,car
MVI_40192,242,van
MVI_40192,243,car
MVI_40192,244,car
MVI_40192,245,car
MVI_40192,246,car
MVI_40192,247,van
MVI_40192,248,van
MVI_40192,249,van
MVI_40192,250,car
MVI_40192,251,car
MVI_40192,252,van
MVI_40192,253,car
MVI_40192,254,car
MVI_40192,255,van
MVI_40192,256,car
MVI_40192,257,car
MVI_40192,258,car
MVI_40192,259,car
MVI_40192,260,car
MVI_40192,261,car
MVI_40192,262,van
MVI_40192,263,car
MVI_40192,264,van
MVI_40192,265,car
MVI_40192,266,car
MVI_40192,267,car
MVI_40192,268,van
MVI_40192,269,car
MVI_40192,271,car
MVI_40192,272,car
MVI_40192,273,car
MVI_40192,274,car
MVI_40192,275,car
MVI_40192,276,car
MVI_40192,277,car
MVI_40192,278,car
MVI_40192,279,car
MVI_40192,280,car
MVI_40192,281,car
MVI_40192,282,car
MVI_40192,283,car
MVI_40192,284,van
MVI_40192,285,van
MVI_40192,286,car
MVI_40192,287,car
MVI_40192,288,car
MVI_40192,289,car
MVI_40192,290,car
MVI_40192,291,car
MVI_40192,292,car
MVI_40192,293,car
MVI_40192,294,van
MVI_40192,295,car
MVI_40192,296,car
MVI_40192,297,car
MVI_40192,298,car
MVI_40192,299,car
MVI_40192,300,car
MVI_40192,301,car
MVI_40192,302,car
MVI_40192,303,car
MVI_40192,304,car
MVI_40192,305,van
MVI_40192,306,car
MVI_40192,307,car
MVI_40192,308,van
MVI_40192,309,car
MVI_40192,310,car
MVI_40192,311,car
MVI_40192,312,car
MVI_40192,313,car
MVI_40192,314,car
MVI_40192,315,car
MVI_40201,1,car
MVI_40201,2,car
MVI_40201,3,van
MVI_40201,4,car
MVI_40201,5,car
MVI_40201,6,van
MVI_40201,7,car
MVI_40201,8,car
MVI_40201,9,car
MVI_40201,10,car
MVI_40201,11,car
MVI_40201,12,van
MVI_40201,13,car
MVI_40201,14,car
MVI_40201,15,car
MVI_40201,16,car
MVI_40201,17,car
MVI_40201,18,van
MVI_40201,19,car
MVI_40201,20,car
MVI_40201,21,car
MVI_40201,22,car
MVI_40201,23,car
MVI_40201,24,car
MVI_40201,25,car
MVI_40201,26,car
MVI_40201,27,car
MVI_40201,28,car
MVI_40201,29,car
MVI_40201,30,car
MVI_40201,31,car
MVI_40201,32,car
MVI_40201,33,car
MVI_40201,34,van
MVI_40201,35,car
MVI_40201,36,car
MVI_40201,37,car
MVI_40201,38,car
MVI_40201,39,car
MVI_40201,40,car
MVI_40201,41,car
MVI_40201,42,car
MVI_40201,43,car
MVI_40201,44,car
MVI_40201,45,car
MVI_40201,46,car
MVI_40201,47,car
MVI_40201,48,car
MVI_40201,49,car
MVI_40201,50,car
MVI_40201,51,car
MVI_40201,52,van
MVI_40201,53,car
MVI_40201,54,car
MVI_40201,55,car
MVI_40201,56,car
MVI_40201,57,car
MVI_40201,58,car
MVI_40201,59,car
MVI_40201,60,car
MVI_40201,61,car
MVI_40201,62,car
MVI_40201,63,car
MVI_40201,64,car
MVI_40201,65,car
MVI_40201,66,car
MVI_40201,67,car
MVI_40201,68,car
MVI_40201,69,car
MVI_40201,70,car
MVI_40201,71,car
MVI_40201,72,car
MVI_40201,73,car
MVI_40201,74,car
MVI_40201,75,car
MVI_40201,76,car
MVI_40201,77,car
MVI_40201,78,car
MVI_40201,79,car
MVI_40201,80,car
MVI_40201,81,car
MVI_40201,82,car
MVI_40201,83,car
MVI_40201,84,car
MVI_40201,85,car
MVI_40201,86,car
MVI_40201,87,car
MVI_40201,88,car
MVI_40201,89,van
MVI_40201,90,car
MVI_40201,91,car
MVI_40201,92,car
MVI_40201,93,car
MVI_40201,94,car
MVI_40201,95,car
MVI_40201,96,car
MVI_40201,97,car
MVI_40201,98,car
MVI_40201,99,car
MVI_40201,100,car
MVI_40201,101,car
MVI_40201,102,car
MVI_40201,103,car
MVI_40201,104,car
MVI_40201,105,car
MVI_40201,106,van
MVI_40201,107,car
MVI_40201,108,car
MVI_40201,109,car
MVI_40201,110,car
MVI_40201,111,car
MVI_40201,112,van
MVI_40201,113,car
MVI_40201,114,car
MVI_40201,115,car
MVI_40201,116,car
MVI_40201,117,car
MVI_40201,118,car
MVI_40201,119,car
MVI_40201,120,car
MVI_40201,121,car
MVI_40201,122,car
MVI_40201,123,car
MVI_40201,124,car
MVI_40201,125,car
MVI_40201,126,car
MVI_40201,127,car
MVI_40204,1,car
MVI_40204,2,car
MVI_40204,3,car
MVI_40204,4,car
MVI_40204,5,car
MVI_40204,6,car
MVI_40204,7,car
MVI_40204,8,car
MVI_40204,9,car
MVI_40204,10,car
MVI_40204,11,car
MVI_40204,12,car
MVI_40204,13,car
MVI_40204,14,car
MVI_40204,15,car
MVI_40204,16,car
MVI_40204,17,car
MVI_40204,18,car
MVI_40204,19,car
MVI_40204,20,car
MVI_40204,21,car
MVI_40204,22,car
MVI_40204,23,car
MVI_40204,24,car
MVI_40204,25,car
MVI_40204,26,car
MVI_40204,27,car
MVI_40204,28,car
MVI_40204,29,car
MVI_40204,30,car
MVI_40204,31,van
MVI_40204,32,car
MVI_40204,33,car
MVI_40204,34,car
MVI_40204,35,car
MVI_40204,36,van
MVI_40204,37,car
MVI_40204,38,car
MVI_40204,39,car
MVI_40204,40,van
MVI_40204,41,car
MVI_40204,42,car
MVI_40204,43,car
MVI_40204,44,car
MVI_40204,45,car
MVI_40204,46,car
MVI_40204,47,car
MVI_40204,48,car
MVI_40204,49,car
MVI_40204,50,car
MVI_40204,51,car
MVI_40204,52,car
MVI_40204,53,car
MVI_40204,54,van
MVI_40204,55,car
MVI_40204,56,car
MVI_40204,57,van
MVI_40204,58,car
MVI_40204,59,car
MVI_40204,60,car
MVI_40204,61,car
MVI_40204,62,car
MVI_40204,63,car
MVI_40204,64,car
MVI_40204,65,car
MVI_40204,66,car
MVI_40204,67,car
MVI_40204,68,car
MVI_40204,69,bus
MVI_40204,70,van
MVI_40204,71,car
MVI_40204,72,car
MVI_40204,73,car
MVI_40204,74,car
MVI_40204,75,van
MVI_40204,76,car
MVI_40204,77,car
MVI_40204,78,car
MVI_40204,79,car
MVI_40204,80,car
MVI_40204,81,car
MVI_40204,82,car
MVI_40204,83,car
MVI_40204,84,car
MVI_40204,85,car
MVI_40204,86,car
MVI_40204,87,car
MVI_40204,88,car
MVI_40204,89,car
MVI_40204,90,car
MVI_40204,91,car
MVI_40204,92,car
MVI_40204,93,car
MVI_40204,94,bus
MVI_40204,95,car
MVI_40204,96,van
MVI_40204,97,car
MVI_40204,98,car
MVI_40204,99,car
MVI_40204,100,car
MVI_40204,101,car
MVI_40204,102,car
MVI_40204,103,car
MVI_40204,104,car
MVI_40204,105,car
MVI_40204,106,car
MVI_40204,107,car
MVI_40204,108,car
MVI_40204,109,car
MVI_40204,110,car
MVI_40204,111,van
MVI_40204,112,car
MVI_40204,113,car
MVI_40204,114,car
MVI_40204,115,van
MVI_40204,116,car
MVI_40204,117,car
MVI_40204,118,car
MVI_40204,119,van
MVI_40204,120,car
MVI_40204,121,car
MVI_40204,122,car
MVI_40204,123,car
MVI_40204,124,car
MVI_40204,125,car
MVI_40204,126,car
MVI_40204,127,car
MVI_40204,128,car
MVI_40204,129,car
MVI_40204,130,car
MVI_40204,131,van
MVI_40204,132,van
MVI_40204,133,car
MVI_40204,134,car
MVI_40204,135,van
MVI_40204,136,car
MVI_40204,137,van
MVI_40204,138,car
MVI_40204,139,car
MVI_40204,140,car
MVI_40204,141,van
MVI_40204,142,car
MVI_40204,143,car
MVI_40204,144,van
MVI_40204,145,car
MVI_40204,146,car
MVI_40204,147,car
MVI_40204,148,car
MVI_40204,149,car
MVI_40204,150,car
MVI_40204,151,car
MVI_40204,152,car
MVI_40204,153,van
MVI_40204,154,car
MVI_40204,155,car
MVI_40204,156,car
MVI_40204,157,car
MVI_40204,158,car
MVI_40204,159,car
MVI_40204,160,car
MVI_40204,161,car
MVI_40204,162,car
MVI_40204,163,car
MVI_40204,164,car
MVI_40204,165,car
MVI_40204,166,car
MVI_40204,167,van
MVI_40204,168,car
MVI_40204,169,car
MVI_40204,170,car
MVI_40204,171,van
MVI_40204,172,car
MVI_40204,173,car
MVI_40204,174,car
MVI_40204,175,van
MVI_40204,176,car
MVI_40204,177,car
MVI_40204,178,car
MVI_40204,179,car
MVI_40211,1,car
MVI_40211,2,car
MVI_40211,3,car
MVI_40211,4,car
MVI_40211,5,car
MVI_40211,6,van
MVI_40211,7,car
MVI_40211,8,car
MVI_40211,9,car
MVI_40211,10,car
MVI_40211,11,car
MVI_40211,12,van
MVI_40211,13,car
MVI_40211,14,car
MVI_40211,15,car
MVI_40211,16,car
MVI_40211,17,car
MVI_40211,18,car
MVI_40211,19,car
MVI_40211,20,car
MVI_40211,21,car
MVI_40211,22,car
MVI_40211,23,car
MVI_40211,24,car
MVI_40211,25,car
MVI_40211,26,car
MVI_40211,27,car
MVI_40211,28,car
MVI_40211,29,car
MVI_40211,30,van
MVI_40211,31,car
MVI_40211,32,car
MVI_40211,33,car
MVI_40211,34,van
MVI_40211,35,car
MVI_40211,36,car
MVI_40211,37,car
MVI_40211,38,van
MVI_40211,39,car
MVI_40211,40,car
MVI_40211,41,car
MVI_40211,42,car
MVI_40211,43,van
MVI_40211,44,car
MVI_40211,45,car
MVI_40211,46,car
MVI_40211,47,car
MVI_40211,48,car
MVI_40211,49,car
MVI_40211,50,van
MVI_40211,51,car
MVI_40211,52,car
MVI_40211,53,car
MVI_40211,54,car
MVI_40211,55,car
MVI_40211,56,car
MVI_40211,57,car
MVI_40211,58,car
MVI_40211,59,car
MVI_40211,60,car
MVI_40211,61,car
MVI_40211,62,car
MVI_40211,63,van
MVI_40211,64,car
MVI_40211,65,van
MVI_40211,66,car
MVI_40211,67,car
MVI_40211,68,car
MVI_40211,69,van
MVI_40211,70,car
MVI_40211,71,car
MVI_40211,72,car
MVI_40211,73,van
MVI_40211,74,van
MVI_40211,75,van
MVI_40211,76,others
MVI_40211,77,car
MVI_40211,78,car
MVI_40211,79,car
MVI_40211,80,car
MVI_40211,81,car
MVI_40211,82,car
MVI_40211,83,car
MVI_40211,84,car
MVI_40211,85,car
MVI_40211,86,car
MVI_40211,87,car
MVI_40211,88,car
MVI_40211,89,van
MVI_40211,90,car
MVI_40211,91,bus
MVI_40211,92,car
MVI_40211,93,car
MVI_40211,94,car
MVI_40211,95,car
MVI_40211,96,car
MVI_40211,97,car
MVI_40211,98,car
MVI_40211,99,van
MVI_40211,100,car
MVI_40211,101,car
MVI_40211,102,car
MVI_40211,103,van
MVI_40211,104,car
MVI_40211,105,car
MVI_40211,106,car
MVI_40211,107,car
MVI_40211,108,car
MVI_40211,109,car
MVI_40211,110,car
MVI_40211,111,car
MVI_40211,112,van
MVI_40211,113,car
MVI_40211,114,car
MVI_40211,115,car
MVI_40211,116,car
MVI_40211,117,car
MVI_40211,118,car
MVI_40211,119,car
MVI_40211,120,car
MVI_40211,121,car
MVI_40211,122,car
MVI_40211,123,van
MVI_40211,124,car
MVI_40211,125,car
MVI_40211,126,car
MVI_40211,127,car
MVI_40211,128,car
MVI_40211,129,car
MVI_40211,130,car
MVI_40211,131,car
MVI_40211,132,car
MVI_40211,133,car
MVI_40211,134,car
MVI_40211,135,car
MVI_40211,136,car
MVI_40211,137,car
MVI_40211,138,car
MVI_40211,139,car
MVI_40211,140,car
MVI_40211,141,car
MVI_40211,142,car
MVI_40211,143,van
MVI_40211,144,van
MVI_40211,145,car
MVI_40211,146,car
MVI_40211,147,car
MVI_40211,148,car
MVI_40211,149,car
MVI_40211,150,car
MVI_40211,151,car
MVI_40211,152,car
MVI_40211,153,car
MVI_40211,154,car
MVI_40211,155,car
MVI_40211,156,car
MVI_40211,157,van
MVI_40211,158,car
MVI_40211,159,car
MVI_40211,160,car
MVI_40211,161,car
MVI_40211,162,car
MVI_40211,163,car
MVI_40211,164,van
MVI_40211,165,van
MVI_40211,166,car
MVI_40211,167,car
MVI_40211,168,car
MVI_40211,169,van
MVI_40211,170,van
MVI_40211,171,car
MVI_40211,172,car
MVI_40211,173,car
MVI_40211,174,car
MVI_40211,175,van
MVI_40211,176,car
MVI_40211,177,car
MVI_40211,178,car
MVI_40211,179,car
MVI_40211,180,car
MVI_40211,181,car
MVI_40211,182,car
MVI_40211,183,car
MVI_40211,184,car
MVI_40211,185,car
MVI_40211,186,car
MVI_40211,187,car
MVI_40211,188,car
MVI_40211,189,car
MVI_40211,190,car
MVI_40211,191,car
MVI_40211,192,car
MVI_40211,193,car
MVI_40211,194,van
MVI_40211,195,bus
MVI_40211,196,car
MVI_40211,197,van
MVI_40211,198,car
MVI_40211,199,car
MVI_40211,200,car
MVI_40211,201,car
MVI_40211,202,car
MVI_40211,203,car
MVI_40211,204,car
MVI_40211,205,van
MVI_40211,206,car
MVI_40211,207,car
MVI_40211,208,car
MVI_40211,209,car
MVI_40211,210,car
MVI_40211,211,car
MVI_40211,212,car
MVI_40211,213,car
MVI_40211,214,car
MVI_40211,215,car
MVI_40212,1,car
MVI_40212,2,car
MVI_40212,3,car
MVI_40212,4,car
MVI_40212,5,car
MVI_40212,6,car
MVI_40212,7,car
MVI_40212,8,car
MVI_40212,9,car
MVI_40212,10,car
MVI_40212,11,car
MVI_40212,12,car
MVI_40212,13,car
MVI_40212,14,car
MVI_40212,15,car
MVI_40212,16,car
MVI_40212,17,car
MVI_40212,18,car
MVI_40212,19,car
MVI_40212,20,car
MVI_40212,21,van
MVI_40212,22,car
MVI_40212,23,car
MVI_40212,24,car
MVI_40212,25,car
MVI_40212,26,car
MVI_40212,27,car
MVI_40212,28,car
MVI_40212,29,car
MVI_40212,30,van
MVI_40212,31,car
MVI_40212,32,car
MVI_40212,33,car
MVI_40212,34,car
MVI_40212,35,car
MVI_40212,36,car
MVI_40212,37,bus
MVI_40212,38,car
MVI_40212,39,car
MVI_40212,40,car
MVI_40212,41,car
MVI_40212,42,car
MVI_40212,43,car
MVI_40212,44,car
MVI_40212,45,car
MVI_40212,46,car
MVI_40212,47,car
MVI_40212,48,car
MVI_40212,49,car
MVI_40212,50,car
MVI_40212,51,car
MVI_40212,52,car
MVI_40212,53,others
MVI_40212,54,van
MVI_40212,55,car
MVI_40212,56,car
MVI_40212,57,car
MVI_40212,58,car
MVI_40212,59,car
MVI_40212,60,car
MVI_40212,61,car
MVI_40212,62,car
MVI_40212,63,car
MVI_40212,64,car
MVI_40212,65,van
MVI_40212,66,car
MVI_40212,67,car
MVI_40212,68,car
MVI_40212,69,car
MVI_40212,70,van
MVI_40212,71,bus
MVI_40212,72,car
MVI_40212,73,car
MVI_40212,74,car
MVI_40212,75,van
MVI_40212,76,car
MVI_40212,77,car
MVI_40212,78,car
MVI_40212,79,car
MVI_40212,80,car
MVI_40212,81,car
MVI_40212,82,car
MVI_40212,83,car
MVI_40212,84,car
MVI_40212,85,van
MVI_40212,86,car
MVI_40212,87,car
MVI_40212,88,car
MVI_40212,89,car
MVI_40212,90,car
MVI_40212,91,car
MVI_40212,92,car
MVI_40212,93,car
MVI_40212,94,van
MVI_40212,95,car
MVI_40212,96,car
MVI_40212,97,car
MVI_40212,98,car
MVI_40212,99,car
MVI_40212,100,car
MVI_40212,101,car
MVI_40212,102,car
MVI_40212,103,car
MVI_40212,104,car
MVI_40212,105,car
MVI_40212,106,car
MVI_40212,107,car
MVI_40212,108,car
MVI_40212,109,car
MVI_40212,110,car
MVI_40212,111,car
MVI_40212,112,car
MVI_40212,113,car
MVI_40212,114,car
MVI_40212,115,car
MVI_40212,116,car
MVI_40212,117,car
MVI_40212,118,car
MVI_40212,119,van
MVI_40212,120,car
MVI_40212,121,van
MVI_40212,122,car
MVI_40212,123,car
MVI_40212,124,car
MVI_40212,125,car
MVI_40212,126,car
MVI_40212,127,car
MVI_40212,128,car
MVI_40212,129,car
MVI_40212,130,car
MVI_40212,131,car
MVI_40212,132,car
MVI_40212,133,van
MVI_40212,134,car
MVI_40212,135,car
MVI_40212,136,car
MVI_40212,137,van
MVI_40212,138,car
MVI_40212,139,car
MVI_40212,140,car
MVI_40212,141,car
MVI_40212,142,car
MVI_40212,143,car
MVI_40212,144,car
MVI_40212,145,car
MVI_40212,146,car
MVI_40212,147,car
MVI_40212,148,van
MVI_40212,149,bus
MVI_40212,150,car
MVI_40212,151,car
MVI_40212,152,car
MVI_40212,153,car
MVI_40212,154,car
MVI_40212,155,car
MVI_40212,156,car
MVI_40212,157,car
MVI_40212,158,car
MVI_40212,159,car
MVI_40212,160,car
MVI_40212,161,car
MVI_40212,162,car
MVI_40212,163,car
MVI_40212,164,car
MVI_40212,165,car
MVI_40212,166,car
MVI_40212,167,car
MVI_40212,168,car
MVI_40212,169,car
MVI_40212,170,car
MVI_40212,171,car
MVI_40212,172,van
MVI_40212,173,car
MVI_40212,174,car
MVI_40212,175,car
MVI_40212,176,car
MVI_40212,177,car
MVI_40212,178,car
MVI_40212,179,car
MVI_40212,180,car
MVI_40212,181,van
MVI_40212,182,van
MVI_40212,183,van
MVI_40212,184,car
MVI_40212,185,car
MVI_40212,186,car
MVI_40212,187,car
MVI_40212,188,car
MVI_40212,189,car
MVI_40212,190,car
MVI_40212,191,car
MVI_40212,192,van
MVI_40212,193,car
MVI_40212,194,car
MVI_40212,195,car
MVI_40212,196,car
MVI_40212,197,van
MVI_40212,198,car
MVI_40212,199,car
MVI_40212,200,van
MVI_40212,201,car
MVI_40212,202,car
MVI_40212,203,car
MVI_40212,204,car
MVI_40212,205,car
MVI_40212,206,car
MVI_40212,207,car
MVI_40212,208,car
MVI_40212,209,car
MVI_40212,210,car
MVI_40212,211,car
MVI_40212,212,car
MVI_40212,213,car
MVI_40212,214,car
MVI_40213,1,car
MVI_40213,2,car
MVI_40213,3,car
MVI_40213,4,car
MVI_40213,5,car
MVI_40213,6,car
MVI_40213,7,car
MVI_40213,8,car
MVI_40213,9,car
MVI_40213,10,car
MVI_40213,11,car
MVI_40213,12,car
MVI_40213,13,van
MVI_40213,14,car
MVI_40213,15,car
MVI_40213,16,car
MVI_40213,17,car
MVI_40213,18,car
MVI_40213,19,car
MVI_40213,20,car
MVI_40213,21,van
MVI_40213,22,car
MVI_40213,23,car
MVI_40213,24,van
MVI_40213,25,car
MVI_40213,26,car
MVI_40213,27,van
MVI_40213,28,car
MVI_40213,29,car
MVI_40213,30,car
MVI_40213,31,car
MVI_40213,32,car
MVI_40213,33,car
MVI_40213,34,car
MVI_40213,35,car
MVI_40213,36,car
MVI_40213,37,car
MVI_40213,38,van
MVI_40213,39,car
MVI_40213,40,car
MVI_40213,41,car
MVI_40213,42,car
MVI_40213,43,car
MVI_40213,44,car
MVI_40213,45,car
MVI_40213,46,car
MVI_40213,47,car
MVI_40213,48,car
MVI_40213,49,van
MVI_40213,50,car
MVI_40213,51,car
MVI_40213,52,car
MVI_40213,53,car
MVI_40213,54,car
MVI_40213,55,car
MVI_40213,56,car
MVI_40213,57,car
MVI_40213,58,car
MVI_40213,59,car
MVI_40213,60,car
MVI_40213,61,van
MVI_40213,62,car
MVI_40213,63,car
MVI_40213,64,van
MVI_40213,65,car
MVI_40213,66,car
MVI_40213,67,car
MVI_40213,68,car
MVI_40213,69,others
MVI_40213,70,car
MVI_40213,71,car
MVI_40213,72,car
MVI_40213,73,car
MVI_40213,74,car
MVI_40213,75,car
MVI_40213,76,car
MVI_40213,77,car
MVI_40213,78,car
MVI_40213,79,car
MVI_40213,80,car
MVI_40213,81,car
MVI_40213,82,car
MVI_40213,83,van
MVI_40213,84,car
MVI_40213,85,car
MVI_40213,86,car
MVI_40213,87,car
MVI_40213,88,car
MVI_40213,89,car
MVI_40213,90,car
MVI_40213,91,car
MVI_40213,92,car
MVI_40213,93,van
MVI_40213,94,car
MVI_40213,95,car
MVI_40213,96,car
MVI_40213,97,car
MVI_40213,98,car
MVI_40213,99,van
MVI_40213,100,car
MVI_40213,101,car
MVI_40213,102,van
MVI_40213,103,car
MVI_40213,104,bus
MVI_40213,105,car
MVI_40213,106,van
MVI_40213,107,van
MVI_40213,108,car
MVI_40213,109,car
MVI_40213,110,van
MVI_40213,111,car
MVI_40213,112,car
MVI_40213,113,car
MVI_40213,114,car
MVI_40213,115,car
MVI_40213,116,car
MVI_40213,117,car
MVI_40213,118,van
MVI_40213,119,car
MVI_40213,120,van
MVI_40213,121,car
MVI_40213,122,car
MVI_40213,123,car
MVI_40213,124,car
MVI_40213,125,car
MVI_40213,126,van
MVI_40213,127,car
MVI_40213,128,car
MVI_40213,129,car
MVI_40213,130,car
MVI_40213,131,car
MVI_40213,132,van
MVI_40213,133,car
MVI_40213,134,car
MVI_40213,135,van
MVI_40213,136,car
MVI_40213,137,car
MVI_40213,138,car
MVI_40213,139,car
MVI_40213,140,car
MVI_40213,141,car
MVI_40213,142,car
MVI_40213,143,car
MVI_40213,144,van
MVI_40213,145,van
MVI_40213,146,car
MVI_40213,147,car
MVI_40213,148,car
MVI_40213,149,car
MVI_40213,150,car
MVI_40213,151,van
MVI_40213,152,car
MVI_40213,153,car
MVI_40213,154,car
MVI_40213,155,car
MVI_40213,156,car
MVI_40213,157,van
MVI_40213,158,car
MVI_40213,159,car
MVI_40213,160,car
MVI_40213,161,car
MVI_40213,162,car
MVI_40213,163,car
MVI_40213,164,car
MVI_40213,165,car
MVI_40213,166,car
MVI_40213,167,car
MVI_40213,168,car
MVI_40213,169,car
MVI_40213,170,car
MVI_40213,171,car
MVI_40213,172,car
MVI_40213,173,car
MVI_40213,174,car
MVI_40213,175,car
MVI_40213,176,van
MVI_40213,177,car
MVI_40213,178,car
MVI_40213,179,van
MVI_40213,180,car
MVI_40213,181,car
MVI_40213,182,car
MVI_40213,183,car
MVI_40213,184,car
MVI_40213,185,car
MVI_40213,186,bus
MVI_40213,187,car
MVI_40213,188,car
MVI_40213,189,car
MVI_40213,190,car
MVI_40213,191,car
MVI_40213,192,car
MVI_40213,193,car
MVI_40213,194,car
MVI_40213,195,car
MVI_40213,196,others
MVI_40213,197,bus
MVI_40213,198,car
MVI_40213,199,car
MVI_40213,200,car
MVI_40213,201,van
MVI_40213,202,van
MVI_40213,203,others
MVI_40213,204,car
MVI_40213,205,car
MVI_40213,206,car
MVI_40213,207,car
MVI_40213,208,car
MVI_40213,209,car
MVI_40213,210,car
MVI_40213,211,car
MVI_40213,212,car
MVI_40213,213,car
MVI_40213,214,car
MVI_40213,215,van
MVI_40213,216,car
MVI_40213,217,car
MVI_40213,218,car
MVI_40213,219,car
MVI_40213,220,car
MVI_40213,221,car
MVI_40213,222,car
MVI_40213,223,car
MVI_40213,224,car
MVI_40213,225,car
MVI_40213,226,car
MVI_40213,227,car
MVI_40213,228,car
MVI_40213,229,car
MVI_40213,230,van
MVI_40213,231,van
MVI_40241,1,car
MVI_40241,2,car
MVI_40241,3,car
MVI_40241,4,car
MVI_40241,5,car
MVI_40241,6,car
MVI_40241,7,car
MVI_40241,8,car
MVI_40241,9,car
MVI_40241,10,car
MVI_40241,11,car
MVI_40241,12,car
MVI_40241,13,van
MVI_40241,14,car
MVI_40241,15,car
MVI_40241,16,car
MVI_40241,17,car
MVI_40241,18,car
MVI_40241,19,car
MVI_40241,20,car
MVI_40241,21,car
MVI_40241,22,car
MVI_40241,23,car
MVI_40241,24,car
MVI_40241,25,car
MVI_40241,26,car
MVI_40241,27,car
MVI_40241,28,car
MVI_40241,29,van
MVI_40241,30,car
MVI_40241,31,car
MVI_40241,32,car
MVI_40241,33,car
MVI_40241,34,car
MVI_40241,35,car
MVI_40241,36,car
MVI_40241,37,car
MVI_40241,38,car
MVI_40241,39,car
MVI_40241,40,van
MVI_40241,41,car
MVI_40241,42,car
MVI_40241,43,car
MVI_40241,44,car
MVI_40241,45,car
MVI_40241,46,car
MVI_40241,47,car
MVI_40241,48,van
MVI_40241,49,car
MVI_40241,50,van
MVI_40241,51,car
MVI_40241,52,van
MVI_40241,53,car
MVI_40241,54,car
MVI_40241,55,car
MVI_40241,56,car
MVI_40241,57,car
MVI_40241,58,car
MVI_40241,59,car
MVI_40241,60,car
MVI_40241,61,van
MVI_40241,62,van
MVI_40241,63,car
MVI_40241,64,car
MVI_40241,65,car
MVI_40241,66,car
MVI_40241,67,car
MVI_40241,68,car
MVI_40241,69,car
MVI_40241,70,car
MVI_40241,71,car
MVI_40241,72,car
MVI_40241,73,van
MVI_40241,74,van
MVI_40241,75,van
MVI_40241,76,car
MVI_40241,77,car
MVI_40241,78,car
MVI_40241,79,car
MVI_40241,80,car
MVI_40241,81,car
MVI_40241,82,car
MVI_40241,83,car
MVI_40241,84,car
MVI_40241,85,car
MVI_40241,86,car
MVI_40241,87,car
MVI_40241,88,car
MVI_40241,89,car
MVI_40241,90,car
MVI_40241,91,car
MVI_40241,92,car
MVI_40241,93,car
MVI_40241,94,car
MVI_40241,95,car
MVI_40241,96,van
MVI_40241,97,car
MVI_40241,98,car
MVI_40241,99,others
MVI_40241,100,car
MVI_40241,101,car
MVI_40241,102,car
MVI_40241,103,car
MVI_40241,104,van
MVI_40241,105,car
MVI_40241,106,others
MVI_40241,107,car
MVI_40241,108,car
MVI_40241,109,car
MVI_40241,110,car
MVI_40241,111,car
MVI_40241,112,car
MVI_40241,113,car
MVI_40241,114,car
MVI_40241,115,car
MVI_40241,116,car
MVI_40241,117,car
MVI_40241,118,car
MVI_40241,119,car
MVI_40241,120,car
MVI_40241,121,car
MVI_40241,122,car
MVI_40241,123,car
MVI_40241,124,car
MVI_40241,125,car
MVI_40241,126,car
MVI_40241,127,car
MVI_40241,128,car
MVI_40241,129,car
MVI_40241,130,car
MVI_40241,131,car
MVI_40241,132,car
MVI_40241,133,car
MVI_40241,134,car
MVI_40241,135,car
MVI_40241,136,car
MVI_40241,137,car
MVI_40241,138,van
MVI_40241,139,van
MVI_40241,140,car
MVI_40241,141,car
MVI_40241,142,car
MVI_40241,143,car
MVI_40241,144,van
MVI_40241,145,car
MVI_40241,146,car
MVI_40241,147,car
MVI_40241,148,car
MVI_40241,149,car
MVI_40241,150,car
MVI_40241,151,car
MVI_40241,152,van
MVI_40241,153,car
MVI_40241,154,car
MVI_40241,155,car
MVI_40241,156,van
MVI_40241,157,van
MVI_40241,158,van
MVI_40241,159,car
MVI_40241,160,car
MVI_40241,161,car
MVI_40241,162,car
MVI_40241,163,car
MVI_40241,164,car
MVI_40241,165,car
MVI_40241,166,car
MVI_40241,167,car
MVI_40241,168,van
MVI_40241,169,van
MVI_40241,170,van
MVI_40241,171,car
MVI_40241,172,car
MVI_40241,173,car
MVI_40241,174,car
MVI_40241,175,car
MVI_40241,176,car
MVI_40241,177,van
MVI_40241,178,car
MVI_40241,179,car
MVI_40241,180,car
MVI_40241,181,car
MVI_40241,182,van
MVI_40241,183,car
MVI_40241,184,car
MVI_40241,185,car
MVI_40241,186,car
MVI_40241,187,car
MVI_40241,188,car
MVI_40241,189,car
MVI_40241,190,car
MVI_40241,191,car
MVI_40241,192,car
MVI_40241,193,car
MVI_40241,194,car
MVI_40241,195,car
MVI_40241,196,car
MVI_40241,197,car
MVI_40241,198,car
MVI_40241,199,car
MVI_40241,200,car
MVI_40241,201,car
MVI_40241,202,car
MVI_40241,203,car
MVI_40241,204,car
MVI_40241,205,car
MVI_40241,206,car
MVI_40241,207,car
MVI_40241,208,car
MVI_40241,209,car
MVI_40241,210,car
MVI_40241,211,car
MVI_40241,212,car
MVI_40241,213,van
MVI_40241,214,car
MVI_40241,215,car
MVI_40241,216,car
MVI_40241,217,others
MVI_40241,218,car
MVI_40241,219,car
MVI_40241,220,car
MVI_40241,221,car
MVI_40241,222,car
MVI_40241,223,car
MVI_40241,224,car
MVI_40241,225,car
MVI_40241,226,car
MVI_40241,227,car
MVI_40241,228,car
MVI_40241,229,car
MVI_40241,230,car
MVI_40241,231,car
MVI_40241,232,car
MVI_40241,233,car
MVI_40241,234,car
MVI_40241,235,car
MVI_40241,236,car
MVI_40241,237,car
MVI_40241,238,van
MVI_40241,239,van
MVI_40241,240,car
MVI_40241,241,car
MVI_40241,242,car
MVI_40241,243,car
MVI_40241,244,bus
MVI_40241,245,car
MVI_40241,246,van
MVI_40241,247,van
MVI_40241,248,car
MVI_40241,249,car
MVI_40241,250,car
MVI_40241,251,car
MVI_40241,252,car
MVI_40241,253,car
MVI_40241,254,car
MVI_40241,255,car
MVI_40241,256,car
MVI_40241,257,car
MVI_40241,258,car
MVI_40241,259,car
MVI_40241,260,van
MVI_40241,261,van
MVI_40241,262,car
MVI_40241,263,car
MVI_40241,264,car
MVI_40241,265,car
MVI_40241,266,car
MVI_40241,267,car
MVI_40241,268,car
MVI_40241,269,car
MVI_40241,270,car
MVI_40241,271,car
MVI_40241,272,car
MVI_40241,273,car
MVI_40241,274,car
MVI_40241,275,car
MVI_40241,276,van
MVI_40241,277,car
MVI_40241,278,car
MVI_40241,279,car
MVI_40241,280,car
MVI_40241,281,car
MVI_40241,282,car
MVI_40241,283,car
MVI_40241,284,car
MVI_40241,285,car
MVI_40241,286,car
MVI_40241,287,car
MVI_40241,288,car
MVI_40241,289,car
MVI_40241,290,car
MVI_40241,291,car
MVI_40241,292,car
MVI_40241,293,car
MVI_40241,294,car
MVI_40241,295,van
MVI_40241,296,car
MVI_40241,297,car
MVI_40241,298,car
MVI_40241,299,car
MVI_40241,300,car
MVI_40241,301,car
MVI_40241,302,car
MVI_40241,303,van
MVI_40241,304,car
MVI_40241,305,car
MVI_40241,306,car
MVI_40241,307,car
MVI_40241,308,car
MVI_40241,309,car
MVI_40241,310,car
MVI_40241,311,car
MVI_40241,312,car
MVI_40241,313,van
MVI_40241,314,car
MVI_40241,315,car
MVI_40241,316,car
MVI_40241,317,car
MVI_40241,318,car
MVI_40241,319,van
MVI_40241,320,car
MVI_40241,321,car
MVI_40241,322,van
MVI_40241,323,van
MVI_40241,324,van
MVI_40241,325,car
MVI_40241,326,car
MVI_40241,327,car
MVI_40241,328,car
MVI_40241,329,car
MVI_40241,330,car
MVI_40241,331,car
MVI_40241,332,car
MVI_40241,333,car
MVI_40241,334,car
MVI_40241,335,car
MVI_40241,336,car
MVI_40241,337,car
MVI_40241,338,car
MVI_40243,1,car
MVI_40243,2,car
MVI_40243,3,car
MVI_40243,4,car
MVI_40243,5,van
MVI_40243,6,car
MVI_40243,7,car
MVI_40243,8,car
MVI_40243,9,van
MVI_40243,10,car
MVI_40243,11,car
MVI_40243,12,car
MVI_40243,13,car
MVI_40243,14,car
MVI_40243,15,car
MVI_40243,16,car
MVI_40243,17,van
MVI_40243,18,car
MVI_40243,19,car
MVI_40243,20,car
MVI_40243,21,car
MVI_40243,22,car
MVI_40243,23,car
MVI_40243,24,car
MVI_40243,25,car
MVI_40243,26,car
MVI_40243,27,car
MVI_40243,28,car
MVI_40243,29,car
MVI_40243,30,car
MVI_40243,31,car
MVI_40243,32,car
MVI_40243,33,car
MVI_40243,34,car
MVI_40243,35,car
MVI_40243,36,car
MVI_40243,37,car
MVI_40243,38,car
MVI_40243,39,van
MVI_40243,40,car
MVI_40243,41,van
MVI_40243,42,car
MVI_40243,43,car
MVI_40243,44,car
MVI_40243,45,car
MVI_40243,46,bus
MVI_40243,47,car
MVI_40243,48,car
MVI_40243,49,others
MVI_40243,50,car
MVI_40243,51,car
MVI_40243,52,van
MVI_40243,53,car
MVI_40243,54,car
MVI_40243,55,car
MVI_40243,56,car
MVI_40243,57,car
MVI_40243,58,car
MVI_40243,59,car
MVI_40243,60,car
MVI_40243,61,van
MVI_40243,62,van
MVI_40243,63,car
MVI_40243,64,car
MVI_40243,65,car
MVI_40243,66,car
MVI_40243,67,car
MVI_40243,68,car
MVI_40243,69,car
MVI_40243,70,car
MVI_40243,71,car
MVI_40243,72,car
MVI_40243,73,car
MVI_40243,74,car
MVI_40243,75,van
MVI_40243,76,car
MVI_40243,77,van
MVI_40243,78,car
MVI_40243,79,car
MVI_40243,80,car
MVI_40243,81,car
MVI_40243,82,car
MVI_40243,83,car
MVI_40243,84,car
MVI_40243,85,car
MVI_40243,86,car
MVI_40243,87,car
MVI_40243,88,car
MVI_40243,89,car
MVI_40243,90,car
MVI_40243,91,car
MVI_40243,92,car
MVI_40243,93,car
MVI_40243,94,car
MVI_40243,95,car
MVI_40243,96,van
MVI_40243,97,car
MVI_40243,98,car
MVI_40243,99,car
MVI_40243,100,car
MVI_40243,101,car
MVI_40243,102,car
MVI_40243,103,car
MVI_40243,104,car
MVI_40243,105,van
MVI_40243,106,car
MVI_40243,107,car
MVI_40243,108,car
MVI_40243,109,car
MVI_40243,110,van
MVI_40243,111,car
MVI_40243,112,car
MVI_40243,113,van
MVI_40243,114,car
MVI_40243,115,car
MVI_40243,116,car
MVI_40243,117,car
MVI_40243,118,car
MVI_40243,119,car
MVI_40243,120,car
MVI_40243,121,car
MVI_40243,122,car
MVI_40243,123,car
MVI_40243,124,car
MVI_40243,125,car
MVI_40243,126,car
MVI_40243,127,van
MVI_40243,128,car
MVI_40243,129,car
MVI_40243,130,car
MVI_40243,131,car
MVI_40243,132,car
MVI_40243,133,van
MVI_40243,134,car
MVI_40243,135,car
MVI_40243,136,car
MVI_40243,137,car
MVI_40243,138,car
MVI_40243,139,car
MVI_40243,140,car
MVI_40243,141,car
MVI_40243,142,van
MVI_40243,143,van
MVI_40243,144,car
MVI_40243,145,car
MVI_40243,146,van
MVI_40243,147,car
MVI_40243,148,car
MVI_40243,149,car
MVI_40243,150,car
MVI_40243,151,car
MVI_40243,152,car
MVI_40243,153,car
MVI_40243,154,car
MVI_40243,155,car
MVI_40243,156,car
MVI_40243,157,car
MVI_40243,158,car
MVI_40243,159,car
MVI_40243,160,car
MVI_40243,161,car
MVI_40243,162,bus
MVI_40243,163,car
MVI_40243,164,car
MVI_40243,165,car
MVI_40243,166,car
MVI_40243,167,van
MVI_40243,168,van
MVI_40243,169,car
MVI_40243,170,car
MVI_40243,171,car
MVI_40243,172,car
MVI_40243,173,car
MVI_40244,1,car
MVI_40244,2,car
MVI_40244,3,car
MVI_40244,4,car
MVI_40244,5,car
MVI_40244,6,car
MVI_40244,7,car
MVI_40244,8,car
MVI_40244,9,car
MVI_40244,10,car
MVI_40244,11,car
MVI_40244,12,car
MVI_40244,13,van
MVI_40244,14,car
MVI_40244,15,car
MVI_40244,16,car
MVI_40244,17,car
MVI_40244,18,car
MVI_40244,19,car
MVI_40244,20,car
MVI_40244,21,car
MVI_40244,22,car
MVI_40244,23,car
MVI_40244,24,van
MVI_40244,25,car
MVI_40244,26,car
MVI_40244,27,car
MVI_40244,28,car
MVI_40244,29,car
MVI_40244,30,car
MVI_40244,31,car
MVI_40244,32,car
MVI_40244,33,car
MVI_40244,34,car
MVI_40244,35,car
MVI_40244,36,car
MVI_40244,37,car
MVI_40244,38,car
MVI_40244,39,car
MVI_40244,40,car
MVI_40244,41,car
MVI_40244,42,car
MVI_40244,43,car
MVI_40244,44,car
MVI_40244,45,car
MVI_40244,46,car
MVI_40244,47,car
MVI_40244,48,car
MVI_40244,49,car
MVI_40244,50,van
MVI_40244,51,car
MVI_40244,52,car
MVI_40244,53,car
MVI_40244,54,car
MVI_40244,55,car
MVI_40244,56,car
MVI_40244,57,car
MVI_40244,58,car
MVI_40244,59,car
MVI_40244,60,car
MVI_40244,61,car
MVI_40244,62,car
MVI_40244,63,car
MVI_40244,64,car
MVI_40244,65,car
MVI_40244,66,car
MVI_40244,67,car
MVI_40244,68,car
MVI_40244,69,car
MVI_40244,70,van
MVI_40244,71,car
MVI_40244,72,car
MVI_40244,73,car
MVI_40244,74,car
MVI_40244,75,car
MVI_40244,76,car
MVI_40244,77,car
MVI_40244,78,car
MVI_40244,79,car
MVI_40244,80,car
MVI_40244,81,car
MVI_40244,82,car
MVI_40244,83,car
MVI_40244,84,car
MVI_40244,85,car
MVI_40244,86,car
MVI_40244,87,car
MVI_40244,88,car
MVI_40244,89,van
MVI_40244,90,car
MVI_40244,91,car
MVI_40244,92,car
MVI_40244,93,car
MVI_40244,94,car
MVI_40244,95,car
MVI_40244,96,van
MVI_40244,97,car
MVI_40244,98,car
MVI_40244,99,van
MVI_40244,100,car
MVI_40244,101,van
MVI_40244,102,car
MVI_40244,103,car
MVI_40244,104,car
MVI_40244,105,car
MVI_40244,106,van
MVI_40244,107,car
MVI_40244,108,car
MVI_40244,109,car
MVI_40244,110,car
MVI_40244,111,car
MVI_40244,112,car
MVI_40244,113,van
MVI_40244,114,car
MVI_40244,115,car
MVI_40244,116,car
MVI_40244,117,car
MVI_40244,118,car
MVI_40244,119,bus
MVI_40244,120,car
MVI_40244,121,car
MVI_40244,122,car
MVI_40244,123,car
MVI_40244,124,car
MVI_40244,125,van
MVI_40244,126,car
MVI_40244,127,car
MVI_40244,128,car
MVI_40244,129,car
MVI_40244,130,car
MVI_40244,131,car
MVI_40244,132,car
MVI_40244,133,car
MVI_40244,134,car
MVI_40244,135,car
MVI_40244,136,car
MVI_40244,137,car
MVI_40244,138,car
MVI_40244,139,car
MVI_40244,140,car
MVI_40244,141,bus
MVI_40244,142,car
MVI_40244,143,car
MVI_40244,144,van
MVI_40244,145,van
MVI_40244,146,car
MVI_40244,147,car
MVI_40244,148,car
MVI_40244,149,car
MVI_40244,150,car
MVI_40244,151,van
MVI_40244,152,car
MVI_40244,153,car
MVI_40244,154,car
MVI_40244,155,car
MVI_40244,156,car
MVI_40244,157,car
MVI_40244,158,car
MVI_40244,159,car
MVI_40244,160,car
MVI_40244,161,car
MVI_40244,162,car
MVI_40732,1,bus
MVI_40732,2,car
MVI_40732,3,car
MVI_40732,4,car
MVI_40732,5,car
MVI_40732,6,car
MVI_40732,7,car
MVI_40732,8,others
MVI_40732,9,bus
MVI_40732,10,car
MVI_40732,11,car
MVI_40732,12,car
MVI_40732,13,bus
MVI_40732,14,car
MVI_40732,15,car
MVI_40732,16,car
MVI_40732,17,car
MVI_40732,18,car
MVI_40732,19,car
MVI_40732,20,car
MVI_40732,21,car
MVI_40732,23,car
MVI_40732,24,car
MVI_40732,25,car
MVI_40732,26,car
MVI_40732,27,car
MVI_40732,28,car
MVI_40732,29,car
MVI_40732,30,car
MVI_40732,31,car
MVI_40732,32,car
MVI_40732,33,car
MVI_40732,34,car
MVI_40732,35,car
MVI_40732,36,car
MVI_40732,37,car
MVI_40732,38,car
MVI_40732,39,car
MVI_40732,40,car
MVI_40732,41,car
MVI_40732,42,car
MVI_40732,43,van
MVI_40732,44,car
MVI_40732,45,car
MVI_40732,46,car
MVI_40732,47,car
MVI_40732,48,car
MVI_40732,49,bus
MVI_40732,50,car
MVI_40732,51,car
MVI_40732,52,car
MVI_40732,53,car
MVI_40732,54,car
MVI_40732,55,car
MVI_40732,56,car
MVI_40732,57,bus
MVI_40732,58,car
MVI_40732,59,car
MVI_40732,60,others
MVI_40732,61,car
MVI_40732,62,car
MVI_40732,63,car
MVI_40732,64,car
MVI_40732,65,car
MVI_40732,66,car
MVI_40732,67,car
MVI_40732,68,car
MVI_40732,69,car
MVI_40732,70,bus
MVI_40732,71,car
MVI_40732,72,car
MVI_40732,73,car
MVI_40751,1,van
MVI_40751,2,car
MVI_40751,3,car
MVI_40751,4,bus
MVI_40751,5,car
MVI_40751,6,car
MVI_40751,7,car
MVI_40751,8,bus
MVI_40751,9,car
MVI_40751,10,car
MVI_40751,11,car
MVI_40751,12,car
MVI_40751,13,car
MVI_40751,14,car
MVI_40751,15,bus
MVI_40751,16,car
MVI_40751,17,car
MVI_40751,18,car
MVI_40751,20,car
MVI_40751,21,car
MVI_40751,22,car
MVI_40751,23,car
MVI_40751,24,car
MVI_40751,25,car
MVI_40751,26,car
MVI_40751,27,car
MVI_40751,28,car
MVI_40751,29,car
MVI_40751,30,others
MVI_40751,31,car
MVI_40751,32,car
MVI_40751,33,car
MVI_40751,34,car
MVI_40751,35,car
MVI_40751,36,car
MVI_40751,37,car
MVI_40751,38,car
MVI_40751,39,car
MVI_40751,40,car
MVI_40751,41,car
MVI_40751,42,car
MVI_40752,1,car
MVI_40752,2,car
MVI_40752,3,bus
MVI_40752,4,car
MVI_40752,5,car
MVI_40752,6,car
MVI_40752,7,car
MVI_40752,8,van
MVI_40752,9,car
MVI_40752,10,car
MVI_40752,11,car
MVI_40752,12,car
MVI_40752,13,car
MVI_40752,14,car
MVI_40752,15,car
MVI_40752,16,car
MVI_40752,17,car
MVI_40752,18,car
MVI_40752,19,car
MVI_40752,20,car
MVI_40752,21,car
MVI_40752,22,car
MVI_40752,23,car
MVI_40752,24,car
MVI_40752,28,car
MVI_40752,29,car
MVI_40752,30,car
MVI_40752,31,car
MVI_40752,32,car
MVI_40752,33,car
MVI_40752,34,car
MVI_40752,35,car
MVI_40752,36,car
MVI_40752,37,van
MVI_40752,38,van
MVI_40752,39,car
MVI_40752,40,car
MVI_40752,41,car
MVI_40752,42,car
MVI_40752,43,car
MVI_40752,44,car
MVI_40752,45,car
MVI_40752,46,car
MVI_40752,47,car
MVI_40752,48,car
MVI_40752,49,car
MVI_40752,50,car
MVI_40752,51,car
MVI_40752,52,car
MVI_40752,53,car
MVI_40752,54,car
MVI_40752,55,car
MVI_40752,56,car
MVI_40752,57,car
MVI_40752,58,van
MVI_40752,59,car
MVI_40752,60,car
MVI_40752,61,car
MVI_40752,62,car
MVI_40752,63,car
MVI_40752,64,car
MVI_40752,65,van
MVI_40752,66,car
MVI_40752,67,car
MVI_40752,68,car
MVI_40752,69,car
MVI_40752,70,car
MVI_40752,71,car
MVI_40752,72,car
MVI_40752,73,others
MVI_40752,74,car
MVI_40752,75,car
MVI_40752,76,car
MVI_40752,77,van
MVI_40752,78,car
MVI_40752,79,car
MVI_40752,80,car
MVI_40752,81,bus
MVI_40752,82,car
MVI_40752,83,car
MVI_40752,84,car
MVI_40752,85,car
MVI_40752,86,car
MVI_40752,90,car
MVI_40752,91,car
MVI_40752,92,car
MVI_40752,93,car
MVI_40752,94,car
MVI_40752,95,car
MVI_40752,96,car
MVI_40752,97,car
MVI_40752,98,car
MVI_40752,99,car
MVI_40752,100,car
MVI_40752,101,car
MVI_40752,102,car
MVI_40752,103,van
MVI_40752,104,car
MVI_40752,105,car
MVI_40752,106,car
MVI_40752,107,car
MVI_40752,108,car
MVI_40752,109,van
MVI_40752,110,van
MVI_40752,111,car
MVI_40752,112,car
MVI_40752,113,car
MVI_40752,114,car
MVI_40752,115,car
MVI_40752,116,car
MVI_40752,117,car
MVI_40752,118,car
MVI_40752,119,car
MVI_40752,120,car
MVI_40752,121,car
MVI_40752,122,van
MVI_40752,123,car
MVI_40752,124,van
MVI_40752,125,others
MVI_40752,126,car
MVI_40752,127,car
MVI_40752,128,car
MVI_40752,129,van
MVI_40752,130,car
MVI_40752,131,van
MVI_40752,132,car
MVI_40752,133,car
MVI_40752,134,car
MVI_40752,135,car
MVI_40752,136,car
MVI_40752,137,car
MVI_40752,138,car
MVI_40752,139,car
MVI_40752,140,car
MVI_40752,141,car
MVI_40752,142,bus
MVI_40752,143,car
MVI_40752,144,car
MVI_40752,145,car
MVI_40752,146,car
MVI_40752,147,car
MVI_40752,148,car
MVI_40752,149,van
MVI_40752,150,car
MVI_40752,151,bus
MVI_40752,152,car
MVI_40752,153,car
MVI_40752,154,car
MVI_40752,155,car
MVI_40752,156,car
MVI_40752,157,car
MVI_40752,158,car
MVI_40752,159,van
MVI_40752,160,car
MVI_40752,161,car
MVI_40752,162,car
MVI_40752,163,car
MVI_40752,164,car
MVI_40752,165,car
MVI_40752,166,car
MVI_40752,167,car
MVI_40752,168,van
MVI_40752,169,van
MVI_40752,170,car
MVI_40752,171,car
MVI_40752,172,car
MVI_40752,173,car
MVI_40752,174,car
MVI_40752,175,car
MVI_40752,176,car
MVI_40752,177,car
MVI_40752,178,car
MVI_40752,179,car
MVI_40752,180,car
MVI_40752,181,car
MVI_40752,182,car
MVI_40752,183,car
MVI_40752,184,car
MVI_40752,185,car
MVI_40752,186,car
MVI_40752,187,car
MVI_40752,188,car
MVI_40752,189,car
MVI_40752,190,car
MVI_40752,191,van
MVI_40752,192,car
MVI_40752,193,car
MVI_40752,194,car
MVI_40752,195,car
MVI_40752,196,car
MVI_40752,197,car
MVI_40752,198,car
MVI_40752,199,car
MVI_40871,1,car
MVI_40871,2,car
MVI_40871,3,car
MVI_40871,4,car
MVI_40871,5,car
MVI_40871,6,car
MVI_40871,7,car
MVI_40871,8,van
MVI_40871,9,van
MVI_40871,10,car
MVI_40871,11,car
MVI_40871,12,car
MVI_40871,13,car
MVI_40871,14,car
MVI_40871,15,car
MVI_40871,16,car
MVI_40871,17,car
MVI_40871,18,car
MVI_40871,19,car
MVI_40871,20,car
MVI_40871,21,car
MVI_40871,22,van
MVI_40871,23,car
MVI_40871,24,bus
MVI_40871,25,car
MVI_40871,26,car
MVI_40871,27,car
MVI_40871,28,van
MVI_40871,29,car
MVI_40871,30,car
MVI_40871,31,car
MVI_40871,32,car
MVI_40871,33,car
MVI_40871,34,car
MVI_40871,35,car
MVI_40871,36,car
MVI_40871,37,car
MVI_40962,1,car
MVI_40962,2,car
MVI_40962,3,car
MVI_40962,4,car
MVI_40962,5,car
MVI_40962,6,car
MVI_40962,7,car
MVI_40962,8,car
MVI_40962,9,car
MVI_40962,10,car
MVI_40962,11,car
MVI_40962,12,car
MVI_40962,13,car
MVI_40962,14,car
MVI_40962,15,car
MVI_40962,16,car
MVI_40962,17,car
MVI_40962,18,car
MVI_40962,19,car
MVI_40962,20,car
MVI_40962,21,car
MVI_40962,22,car
MVI_40962,23,car
MVI_40962,24,car
MVI_40962,25,car
MVI_40962,26,car
MVI_40962,27,car
MVI_40962,28,car
MVI_40962,29,car
MVI_40962,30,car
MVI_40962,31,car
MVI_40962,32,car
MVI_40962,33,bus
MVI_40962,34,car
MVI_40962,35,car
MVI_40962,36,car
MVI_40962,37,car
MVI_40962,38,car
MVI_40962,39,car
MVI_40962,40,car
MVI_40962,41,car
MVI_40962,42,car
MVI_40962,43,car
MVI_40962,44,car
MVI_40962,45,car
MVI_40962,46,car
MVI_40962,47,car
MVI_40962,48,car
MVI_40962,49,car
MVI_40962,50,car
MVI_40962,51,car
MVI_40962,52,car
MVI_40962,53,car
MVI_40962,54,car
MVI_40962,55,car
MVI_40962,56,car
MVI_40962,57,car
MVI_40962,58,car
MVI_40962,59,car
MVI_40962,60,car
MVI_40962,61,car
MVI_40962,62,car
MVI_40962,63,car
MVI_40962,64,car
MVI_40962,65,van
MVI_40962,66,van
MVI_40962,67,car
MVI_40962,68,car
MVI_40962,69,van
MVI_40962,70,van
MVI_40962,71,car
MVI_40962,72,car
MVI_40962,73,car
MVI_40962,74,car
MVI_40962,75,car
MVI_40962,76,car
MVI_40962,77,car
MVI_40962,78,car
MVI_40962,79,car
MVI_40962,80,car
MVI_40962,81,car
MVI_40962,82,car
MVI_40962,83,van
MVI_40962,84,car
MVI_40962,85,car
MVI_40962,86,car
MVI_40962,87,car
MVI_40962,88,car
MVI_40962,89,car
MVI_40962,90,car
MVI_40963,1,car
MVI_40963,2,car
MVI_40963,3,car
MVI_40963,4,car
MVI_40963,5,car
MVI_40963,6,car
MVI_40963,7,car
MVI_40963,8,car
MVI_40963,9,van
MVI_40963,10,van
MVI_40963,11,bus
MVI_40963,12,car
MVI_40963,13,van
MVI_40963,14,car
MVI_40963,15,van
MVI_40963,16,car
MVI_40963,17,car
MVI_40963,18,car
MVI_40963,19,car
MVI_40963,20,car
MVI_40963,21,car
MVI_40963,22,car
MVI_40963,23,car
MVI_40963,24,van
MVI_40963,25,van
MVI_40963,26,car
MVI_40963,27,car
MVI_40963,28,car
MVI_40963,29,car
MVI_40963,30,car
MVI_40963,31,car
MVI_40963,32,car
MVI_40963,33,bus
MVI_40963,34,van
MVI_40963,35,car
MVI_40963,36,car
MVI_40963,37,bus
MVI_40963,38,car
MVI_40963,39,car
MVI_40963,40,car
MVI_40963,41,car
MVI_40963,42,car
MVI_40963,43,car
MVI_40963,44,car
MVI_40963,45,car
MVI_40963,46,car
MVI_40963,47,car
MVI_40963,48,car
MVI_40963,49,car
MVI_40963,50,car
MVI_40963,51,car
MVI_40963,52,car
MVI_40963,53,car
MVI_40963,54,car
MVI_40963,55,car
MVI_40963,56,car
MVI_40963,57,car
MVI_40963,58,car
MVI_40963,59,car
MVI_40963,60,car
MVI_40963,61,car
MVI_40963,62,car
MVI_40963,63,car
MVI_40963,64,car
MVI_40963,65,car
MVI_40963,66,car
MVI_40963,67,car
MVI_40963,68,car
MVI_40963,69,car
MVI_40963,70,van
MVI_40963,71,car
MVI_40963,72,car
MVI_40963,73,car
MVI_40963,74,car
MVI_40963,75,car
MVI_40963,76,car
MVI_40963,77,van
MVI_40963,78,car
MVI_40963,79,car
MVI_40963,80,car
MVI_40963,81,van
MVI_40963,82,van
MVI_40963,83,car
MVI_40963,84,car
MVI_40963,85,bus
MVI_40963,86,car
MVI_40963,87,car
MVI_40963,88,car
MVI_40963,89,car
MVI_40963,90,car
MVI_40963,91,car
MVI_40963,92,bus
MVI_40963,93,car
MVI_40963,94,car
MVI_40963,95,car
MVI_40963,96,car
MVI_40963,97,car
MVI_40963,98,car
MVI_40963,99,car
MVI_40963,100,car
MVI_40963,101,car
MVI_40963,102,car
MVI_40963,103,car
MVI_40963,104,bus
MVI_40963,105,car
MVI_40963,106,car
MVI_40963,107,car
MVI_40963,108,car
MVI_40963,109,car
MVI_40963,110,car
MVI_40963,111,car
MVI_40963,112,car
MVI_40963,113,car
MVI_40963,114,car
MVI_40963,115,car
MVI_40963,116,car
MVI_40963,117,car
MVI_40963,118,car
MVI_40963,119,car
MVI_40963,120,car
MVI_40963,121,car
MVI_40963,122,car
MVI_40963,123,car
MVI_40963,124,car
MVI_40963,125,car
MVI_40963,126,car
MVI_40963,127,car
MVI_40963,128,car
MVI_40963,129,car
MVI_40963,130,van
MVI_40963,131,car
MVI_40963,132,car
MVI_40963,133,car
MVI_40963,134,car
MVI_40963,135,car
MVI_40963,136,car
MVI_40963,137,car
MVI_40963,138,car
MVI_40963,139,car
MVI_40963,140,car
MVI_40963,141,car
MVI_40963,142,car
MVI_40963,143,car
MVI_40963,144,car
MVI_40981,1,car
MVI_40981,2,car
MVI_40981,3,car
MVI_40981,4,car
MVI_40981,5,car
MVI_40981,6,car
MVI_40981,7,car
MVI_40981,8,car
MVI_40981,9,car
MVI_40981,10,car
MVI_40981,11,car
MVI_40981,12,car
MVI_40981,13,car
MVI_40981,14,car
MVI_40981,15,car
MVI_40981,16,van
MVI_40981,17,car
MVI_40981,18,car
MVI_40981,19,car
MVI_40981,20,car
MVI_40981,21,car
MVI_40981,22,van
MVI_40981,23,car
MVI_40981,24,car
MVI_40981,25,car
MVI_40981,26,van
MVI_40981,27,car
MVI_40981,28,car
MVI_40981,29,car
MVI_40981,30,car
MVI_40981,31,car
MVI_40981,32,van
MVI_40981,33,car
MVI_40981,34,car
MVI_40981,35,car
MVI_40981,36,car
MVI_40981,37,car
MVI_40981,38,car
MVI_40981,39,van
MVI_40981,40,car
MVI_40981,41,car
MVI_40981,42,car
MVI_40981,43,car
MVI_40981,44,car
MVI_40981,45,car
MVI_40981,46,car
MVI_40981,47,car
MVI_40981,48,car
MVI_40981,49,car
MVI_40981,50,car
MVI_40981,51,car
MVI_40981,52,car
MVI_40981,53,car
MVI_40981,54,car
MVI_40981,55,car
MVI_40981,56,van
MVI_40981,57,bus
MVI_40981,58,car
MVI_40981,59,car
MVI_40981,60,car
MVI_40981,61,car
MVI_40981,62,car
MVI_40981,63,car
MVI_40981,64,car
MVI_40981,65,car
MVI_40981,66,car
MVI_40981,67,car
MVI_40981,68,car
MVI_40981,69,car
MVI_40981,70,car
MVI_40981,71,car
MVI_40981,72,car
MVI_40981,73,car
MVI_40981,74,car
MVI_40981,75,car
MVI_40981,76,car
MVI_40981,77,car
MVI_40981,78,car
MVI_40981,79,car
MVI_40981,80,car
MVI_40981,81,car
MVI_40981,82,car
MVI_40981,83,car
MVI_40981,84,car
MVI_40981,85,car
MVI_40981,86,car
MVI_40981,87,van
MVI_40981,88,car
MVI_40981,89,car
MVI_40981,90,car
MVI_40981,91,car
MVI_40981,92,car
MVI_40981,93,car
MVI_40981,94,van
MVI_40981,95,car
MVI_40981,96,car
MVI_40981,97,car
MVI_40981,98,car
MVI_40981,99,car
MVI_40981,100,car
MVI_40981,101,car
MVI_40981,102,car
MVI_40981,103,car
MVI_40981,104,van
MVI_40981,105,car
MVI_40981,106,van
MVI_40981,107,car
MVI_40981,108,car
MVI_40981,109,car
MVI_40981,110,car
MVI_40981,111,car
MVI_40981,112,car
MVI_40981,113,car
MVI_40981,114,car
MVI_40981,115,car
MVI_40981,116,car
MVI_40981,117,van
MVI_40981,118,car
MVI_40981,119,car
MVI_40981,120,car
MVI_40981,121,car
MVI_40991,1,car
MVI_40991,2,car
MVI_40991,3,car
MVI_40991,4,car
MVI_40991,5,car
MVI_40991,6,car
MVI_40991,7,car
MVI_40991,8,car
MVI_40991,9,car
MVI_40991,10,car
MVI_40991,11,car
MVI_40991,12,car
MVI_40991,13,car
MVI_40991,14,car
MVI_40991,15,car
MVI_40991,16,car
MVI_40991,17,car
MVI_40991,18,car
MVI_40991,19,car
MVI_40991,20,car
MVI_40991,21,car
MVI_40991,22,car
MVI_40991,23,car
MVI_40991,24,car
MVI_40991,25,car
MVI_40991,26,car
MVI_40991,27,car
MVI_40991,28,car
MVI_40992,1,car
MVI_40992,2,car
MVI_40992,3,car
MVI_40992,4,car
MVI_40992,5,car
MVI_40992,6,car
MVI_40992,7,car
MVI_40992,8,car
MVI_40992,9,car
MVI_40992,10,car
MVI_40992,11,car
MVI_40992,12,car
MVI_40992,13,car
MVI_40992,14,car
MVI_40992,15,car
MVI_40992,16,car
MVI_40992,17,car
MVI_40992,18,car
MVI_40992,19,car
MVI_40992,20,car
MVI_40992,21,car
MVI_40992,22,car
MVI_40992,23,van
MVI_40992,24,car
MVI_40992,25,car
MVI_40992,26,car
MVI_40992,27,car
MVI_40992,28,car
MVI_40992,29,car
MVI_40992,30,car
MVI_40992,31,car
MVI_40992,32,car
MVI_40992,33,car
MVI_40992,34,car
MVI_40992,35,car
MVI_40992,36,car
MVI_40992,37,car
MVI_40992,38,car
MVI_40992,39,car
MVI_40992,40,car
MVI_40992,41,car
MVI_40992,42,car
MVI_40992,43,car
MVI_40992,44,car
MVI_40992,45,car
MVI_41063,1,car
MVI_41063,2,car
MVI_41063,3,car
MVI_41063,4,car
MVI_41063,5,car
MVI_41063,6,car
MVI_41063,7,car
MVI_41063,8,car
MVI_41063,9,car
MVI_41063,10,car
MVI_41063,11,car
MVI_41063,12,car
MVI_41063,13,car
MVI_41063,14,car
MVI_41063,15,van
MVI_41063,16,car
MVI_41063,17,car
MVI_41063,18,car
MVI_41063,19,car
MVI_41063,20,car
MVI_41063,21,car
MVI_41063,22,car
MVI_41063,23,van
MVI_41063,24,car
MVI_41063,25,car
MVI_41063,26,car
MVI_41063,27,car
MVI_41063,28,car
MVI_41063,29,car
MVI_41063,30,car
MVI_41063,31,car
MVI_41063,32,car
MVI_41063,33,car
MVI_41063,34,car
MVI_41063,35,car
MVI_41063,36,car
MVI_41063,37,car
MVI_41063,38,van
MVI_41063,39,car
MVI_41063,40,car
MVI_41063,41,car
MVI_41063,42,van
MVI_41063,43,car
MVI_41063,44,car
MVI_41063,45,car
MVI_41063,46,car
MVI_41063,47,car
MVI_41063,48,van
MVI_41063,49,car
MVI_41063,50,van
MVI_41063,51,car
MVI_41063,52,car
MVI_41063,53,van
MVI_41063,54,car
MVI_41063,55,car
MVI_41063,56,car
MVI_41063,57,van
MVI_41063,58,car
MVI_41063,59,bus
MVI_41063,60,car
MVI_41063,61,car
MVI_41063,62,car
MVI_41063,63,car
MVI_41063,64,car
MVI_41063,65,car
MVI_41063,66,car
MVI_41063,67,car
MVI_41063,68,car
MVI_41063,69,car
MVI_41063,70,car
MVI_41063,71,car
MVI_41063,72,car
MVI_41063,73,car
MVI_41063,74,car
MVI_41063,75,car
MVI_41063,76,car
MVI_41063,77,car
MVI_41063,78,car
MVI_41063,79,car
MVI_41063,80,car
MVI_41063,81,car
MVI_41063,82,van
MVI_41063,83,car
MVI_41063,84,car
MVI_41063,85,car
MVI_41063,86,car
MVI_41063,87,van
MVI_41063,88,car
MVI_41063,89,car
MVI_41063,90,car
MVI_41063,91,car
MVI_41063,92,car
MVI_41063,93,car
MVI_41063,94,car
MVI_41063,95,van
MVI_41063,96,car
MVI_41063,97,car
MVI_41063,98,car
MVI_41063,99,car
MVI_41063,100,car
MVI_41063,101,car
MVI_41063,102,car
MVI_41063,103,car
MVI_41063,104,car
MVI_41063,105,car
MVI_41063,106,car
MVI_41063,107,car
MVI_41063,108,car
MVI_41063,109,van
MVI_41063,110,car
MVI_41063,111,others
MVI_41063,112,van
MVI_41063,113,car
MVI_41063,114,car
MVI_41063,115,car
MVI_41063,116,car
MVI_41063,117,car
MVI_41063,118,car
MVI_41063,119,car
MVI_41063,120,car
MVI_41063,121,car
MVI_41063,122,car
MVI_41063,123,car
MVI_41063,124,car
MVI_41063,125,car
MVI_41063,126,car
MVI_41063,127,car
MVI_41063,128,car
MVI_41063,129,car
MVI_41063,130,car
MVI_41063,131,car
MVI_41063,132,van
MVI_41063,133,van
MVI_41063,134,car
MVI_41063,135,car
MVI_41063,136,car
MVI_41063,137,car
MVI_41063,138,car
MVI_41063,139,others
MVI_41063,140,car
MVI_41063,141,car
MVI_41063,142,van
MVI_41063,143,car
MVI_41063,144,car
MVI_41063,145,van
MVI_41063,146,car
MVI_41063,147,car
MVI_41063,148,car
MVI_41063,149,car
MVI_41063,150,car
MVI_41063,151,car
MVI_41063,152,car
MVI_41063,153,car
MVI_41063,154,car
MVI_41063,155,car
MVI_41063,156,car
MVI_41063,157,car
MVI_41063,158,car
MVI_41063,159,car
MVI_41063,160,car
MVI_41063,161,van
MVI_41063,162,van
MVI_41063,163,car
MVI_41063,164,car
MVI_41063,165,car
MVI_41063,166,car
MVI_41063,167,car
MVI_41073,1,car
MVI_41073,2,car
MVI_41073,3,car
MVI_41073,4,car
MVI_41073,5,van
MVI_41073,6,car
MVI_41073,7,car
MVI_41073,8,car
MVI_41073,9,car
MVI_41073,10,van
MVI_41073,11,car
MVI_41073,12,car
MVI_41073,13,car
MVI_41073,14,car
MVI_41073,15,van
MVI_41073,16,car
MVI_41073,17,car
MVI_41073,18,car
MVI_41073,19,car
MVI_41073,20,car
MVI_41073,21,car
MVI_41073,22,car
MVI_41073,23,car
MVI_41073,24,car
MVI_41073,25,car
MVI_41073,26,car
MVI_41073,27,car
MVI_41073,28,car
MVI_41073,29,car
MVI_41073,30,car
MVI_41073,31,car
MVI_41073,32,car
MVI_41073,33,car
MVI_41073,34,car
MVI_41073,35,car
MVI_41073,36,car
MVI_41073,37,car
MVI_41073,38,car
MVI_41073,39,car
MVI_41073,40,car
MVI_41073,41,car
MVI_41073,42,car
MVI_41073,43,van
MVI_41073,44,car
MVI_41073,45,car
MVI_41073,46,car
MVI_41073,47,car
MVI_41073,48,van
MVI_41073,49,car
MVI_41073,50,car
MVI_41073,51,car
MVI_41073,52,van
MVI_41073,53,car
MVI_41073,54,car
MVI_41073,55,car
MVI_41073,56,car
MVI_41073,57,car
MVI_41073,58,car
MVI_41073,59,car
MVI_41073,60,car
MVI_41073,61,car
MVI_41073,62,car
MVI_41073,63,car
MVI_41073,64,car
MVI_41073,65,car
MVI_41073,66,car
MVI_41073,67,others
MVI_41073,68,car
MVI_41073,69,car
MVI_41073,70,car
MVI_41073,71,car
MVI_41073,72,car
MVI_41073,73,car
MVI_41073,74,car
MVI_41073,75,car
MVI_41073,76,car
MVI_41073,77,car
MVI_41073,78,car
MVI_41073,79,car
MVI_41073,80,car
MVI_41073,81,car
MVI_41073,82,car
MVI_41073,83,van
MVI_41073,84,car
MVI_41073,85,car
MVI_41073,86,car
MVI_41073,87,car
MVI_41073,88,car
MVI_41073,89,car
MVI_41073,90,car
MVI_41073,91,car
MVI_41073,92,car
MVI_41073,93,car
MVI_41073,94,van
MVI_41073,95,car
MVI_41073,96,van
MVI_41073,97,van
MVI_41073,98,car
MVI_41073,99,car
MVI_41073,100,car
MVI_41073,101,car
MVI_41073,102,car
MVI_41073,103,car
MVI_41073,104,car
MVI_41073,105,car
MVI_41073,106,car
MVI_41073,107,car
MVI_41073,108,car
MVI_41073,109,car
MVI_41073,110,car
MVI_41073,111,car
MVI_41073,112,car
MVI_41073,113,van
MVI_41073,114,car
MVI_41073,115,car
MVI_41073,116,car
MVI_41073,117,car
MVI_41073,118,car
MVI_41073,119,car
MVI_41073,120,car
MVI_41073,121,car
MVI_41073,122,car
MVI_41073,123,car
MVI_41073,124,car
MVI_41073,125,car
MVI_41073,126,car
MVI_41073,127,car
MVI_41073,128,car
MVI_41073,129,car
MVI_41073,130,car
MVI_41073,131,car
MVI_41073,132,van
MVI_41073,133,car
MVI_41073,134,car
MVI_41073,135,car
MVI_41073,136,car
MVI_41073,137,car
MVI_41073,138,car
MVI_41073,139,car
MVI_41073,140,car
MVI_41073,141,car
MVI_41073,142,car
MVI_41073,143,car
MVI_41073,144,car
MVI_41073,145,car
MVI_41073,146,car
MVI_41073,147,van
MVI_41073,148,car
MVI_41073,149,car
MVI_41073,150,car
MVI_41073,151,car
MVI_41073,152,car
MVI_41073,153,van
MVI_41073,154,car
MVI_41073,155,car
MVI_41073,156,car
MVI_41073,157,van
MVI_41073,158,car
MVI_41073,159,car
MVI_41073,160,car
MVI_41073,161,car
MVI_41073,162,van
MVI_41073,163,car
MVI_41073,164,car
MVI_41073,165,car
MVI_41073,166,car
MVI_41073,167,car
MVI_41073,168,car
MVI_41073,169,car
MVI_41073,170,others
MVI_41073,171,car
MVI_41073,172,car
MVI_41073,173,car
MVI_41073,175,car
MVI_41073,176,car
MVI_63521,1,car
MVI_63521,2,car
MVI_63521,3,car
MVI_63521,4,car
MVI_63521,5,car
MVI_63521,6,bus
MVI_63521,7,car
MVI_63521,8,car
MVI_63521,9,car
MVI_63521,10,car
MVI_63521,11,van
MVI_63521,12,car
MVI_63521,13,car
MVI_63521,14,car
MVI_63521,15,car
MVI_63521,16,bus
MVI_63521,17,car
MVI_63521,18,car
MVI_63521,19,van
MVI_63521,20,car
MVI_63521,21,car
MVI_63521,22,car
MVI_63521,23,car
MVI_63521,24,car
MVI_63521,25,car
MVI_63521,26,car
MVI_63521,27,car
MVI_63521,28,car
MVI_63521,29,car
MVI_63521,30,car
MVI_63521,31,car
MVI_63521,32,car
MVI_63521,33,van
MVI_63521,34,car
MVI_63521,35,car
MVI_63521,36,car
MVI_63521,37,car
MVI_63521,38,car
MVI_63521,39,car
MVI_63521,40,car
MVI_63521,41,car
MVI_63521,42,car
MVI_63521,43,car
MVI_63521,44,car
MVI_63521,45,car
MVI_63521,46,bus
MVI_63521,47,car
MVI_63521,48,car
MVI_63521,49,car
MVI_63521,50,car
MVI_63521,51,van
MVI_63521,52,car
MVI_63521,53,van
MVI_63521,54,car
MVI_63521,55,car
MVI_63521,56,car
MVI_63521,57,car
MVI_63521,58,car
MVI_63521,59,van
MVI_63521,60,car
MVI_63521,61,car
MVI_63521,62,others
MVI_63521,63,car
MVI_63521,64,car
MVI_63521,65,bus
MVI_63521,66,car
MVI_63521,67,car
MVI_63521,68,car
MVI_63521,69,car
MVI_63521,70,car
MVI_63521,71,van
MVI_63521,72,car
MVI_63521,73,car
MVI_63521,74,car
MVI_63521,75,car
MVI_63521,76,car
MVI_63521,77,car
MVI_63521,78,car
MVI_63521,79,car
MVI_63521,80,car
MVI_63521,81,car
MVI_63521,82,car
MVI_63521,83,car
MVI_63521,84,car
MVI_63521,85,car
MVI_63521,86,car
MVI_63521,87,car
MVI_63521,88,car
MVI_63521,89,car
MVI_63521,90,car
MVI_63525,1,car
MVI_63525,2,car
MVI_63525,3,bus
MVI_63525,4,car
MVI_63525,5,van
MVI_63525,6,car
MVI_63525,7,car
MVI_63525,8,car
MVI_63525,9,car
MVI_63525,10,car
MVI_63525,11,car
MVI_63525,12,car
MVI_63525,13,car
MVI_63525,14,car
MVI_63525,15,car
MVI_63525,16,car
MVI_63525,17,car
MVI_63525,18,car
MVI_63525,19,car
MVI_63525,20,car
MVI_63525,21,car
MVI_63525,22,van
MVI_63525,23,car
MVI_63525,24,bus
MVI_63525,25,car
MVI_63525,26,car
MVI_63525,27,car
MVI_63525,28,car
MVI_63525,29,car
MVI_63525,30,van
MVI_63525,31,car
MVI_63525,32,car
MVI_63544,1,van
MVI_63544,2,car
MVI_63544,3,car
MVI_63544,4,bus
MVI_63544,5,car
MVI_63544,6,van
MVI_63544,7,car
MVI_63544,8,car
MVI_63544,9,car
MVI_63544,10,car
MVI_63544,11,car
MVI_63544,12,car
MVI_63544,13,van
MVI_63544,14,car
MVI_63544,15,car
MVI_63544,16,car
MVI_63544,17,car
MVI_63552,1,car
MVI_63552,2,car
MVI_63552,3,car
MVI_63552,4,car
MVI_63552,5,van
MVI_63552,6,car
MVI_63552,7,car
MVI_63552,8,car
MVI_63552,9,car
MVI_63552,10,car
MVI_63552,11,car
MVI_63552,12,car
MVI_63552,13,car
MVI_63552,14,car
MVI_63552,15,car
MVI_63552,16,car
MVI_63552,17,others
MVI_63552,18,car
MVI_63552,19,car
MVI_63552,20,car
MVI_63552,21,car
MVI_63552,22,van
MVI_63552,23,car
MVI_63552,24,car
MVI_63552,25,car
MVI_63552,26,car
MVI_63552,27,car
MVI_63552,28,car
MVI_63552,29,car
MVI_63552,30,car
MVI_63552,31,van
MVI_63552,32,car
MVI_63552,33,car
MVI_63552,34,car
MVI_63552,35,car
MVI_63552,36,car
MVI_63552,37,car
MVI_63552,38,car
MVI_63552,39,van
MVI_63552,40,van
MVI_63552,41,car
MVI_63552,42,car
MVI_63552,43,car
MVI_63552,44,van
MVI_63552,45,car
MVI_63552,46,car
MVI_63552,47,car
MVI_63552,48,car
MVI_63552,49,car
MVI_63552,50,car
MVI_63552,51,car
MVI_63552,52,car
MVI_63552,53,car
MVI_63552,54,car
MVI_63552,55,van
MVI_63552,56,car
MVI_63552,57,van
MVI_63552,58,car
MVI_63552,59,car
MVI_63552,60,car
MVI_63552,61,van
MVI_63552,62,van
MVI_63552,63,car
MVI_63552,64,car
MVI_63552,65,car
MVI_63552,66,car
MVI_63552,67,car
MVI_63552,68,car
MVI_63552,69,van
MVI_63552,70,car
MVI_63552,71,car
MVI_63552,72,car
MVI_63552,73,car
MVI_63552,74,van
MVI_63552,75,car
MVI_63552,76,car
MVI_63552,77,car
MVI_63552,78,car
MVI_63552,79,van
MVI_63552,80,car
MVI_63552,81,car
MVI_63552,82,car
MVI_63552,83,car
MVI_63552,84,van
MVI_63552,85,car
MVI_63552,86,van
MVI_63552,87,car
MVI_63552,88,car
MVI_63552,89,car
MVI_63552,90,car
MVI_63552,91,car
MVI_63552,92,car
MVI_63552,93,car
MVI_63552,94,car
MVI_63552,95,van
MVI_63552,96,car
MVI_63552,97,car
MVI_63552,98,car
MVI_63552,99,car
MVI_63552,100,car
MVI_63552,101,car
MVI_63552,102,car
MVI_63552,103,car
MVI_63552,104,van
MVI_63552,105,car
MVI_63552,106,van
MVI_63552,107,car
MVI_63552,108,car
MVI_63552,109,car
MVI_63552,110,car
MVI_63552,111,car
MVI_63552,112,car
MVI_63552,113,car
MVI_63552,114,car
MVI_63552,115,car
MVI_63552,116,car
MVI_63552,117,car
MVI_63552,118,van
MVI_63552,119,car
MVI_63552,120,car
MVI_63552,121,car
MVI_63552,122,van
MVI_63552,123,car
MVI_63552,124,car
MVI_63552,125,car
MVI_63552,126,car
MVI_63552,127,car
MVI_63552,128,car
MVI_63552,129,van
MVI_63552,130,van
MVI_63552,131,car
MVI_63552,132,car
MVI_63552,133,car
MVI_63552,134,car
MVI_63552,135,van
MVI_63552,136,car
MVI_63552,137,car
MVI_63552,138,car
MVI_63552,139,van
MVI_63552,140,car
MVI_63552,141,car
MVI_63552,142,van
MVI_63552,143,van
MVI_63552,144,car
MVI_63552,145,car
MVI_63552,146,car
MVI_63552,147,van
MVI_63552,148,car
MVI_63552,149,others
MVI_63552,150,car
MVI_63552,151,car
MVI_63552,152,car
MVI_63553,1,van
MVI_63553,2,car
MVI_63553,3,car
MVI_63553,4,car
MVI_63553,5,van
MVI_63553,6,van
MVI_63553,7,car
MVI_63553,8,van
MVI_63553,9,car
MVI_63553,10,van
MVI_63553,11,car
MVI_63553,12,car
MVI_63553,13,car
MVI_63553,14,car
MVI_63553,15,car
MVI_63553,16,others
MVI_63553,17,car
MVI_63553,18,car
MVI_63553,19,car
MVI_63553,20,car
MVI_63553,21,car
MVI_63553,22,van
MVI_63553,23,car
MVI_63553,24,car
MVI_63553,25,car
MVI_63553,26,car
MVI_63553,27,car
MVI_63553,28,car
MVI_63553,29,car
MVI_63553,30,car
MVI_63553,31,car
MVI_63553,32,car
MVI_63553,33,car
MVI_63553,34,car
MVI_63553,35,car
MVI_63553,36,car
MVI_63553,37,car
MVI_63553,38,car
MVI_63553,39,car
MVI_63553,40,car
MVI_63553,41,car
MVI_63553,42,car
MVI_63553,43,car
MVI_63553,44,car
MVI_63553,45,car
MVI_63553,46,car
MVI_63553,47,van
MVI_63553,48,car
MVI_63553,49,car
MVI_63553,50,van
MVI_63553,51,car
MVI_63553,52,car
MVI_63553,53,van
MVI_63553,54,car
MVI_63553,55,car
MVI_63553,56,car
MVI_63553,57,car
MVI_63553,58,van
MVI_63553,59,car
MVI_63553,60,car
MVI_63553,61,car
MVI_63553,62,car
MVI_63553,63,car
MVI_63553,64,car
MVI_63553,65,car
MVI_63553,66,car
MVI_63553,67,car
MVI_63553,68,van
MVI_63553,69,bus
MVI_63553,70,car
MVI_63553,71,car
MVI_63553,72,car
MVI_63553,73,car
MVI_63553,74,car
MVI_63553,75,car
MVI_63553,76,car
MVI_63553,77,car
MVI_63553,78,car
MVI_63553,79,car
MVI_63553,80,van
MVI_63553,81,car
MVI_63553,82,car
MVI_63553,83,car
MVI_63553,84,car
MVI_63553,85,car
MVI_63553,86,car
MVI_63553,87,car
MVI_63553,88,car
MVI_63553,89,car
MVI_63553,90,car
MVI_63553,91,car
MVI_63553,92,car
MVI_63553,93,car
MVI_63553,94,car
MVI_63553,95,car
MVI_63553,96,car
MVI_63553,97,car
MVI_63553,98,car
MVI_63553,99,car
MVI_63553,100,car
MVI_63553,101,van
MVI_63553,102,car
MVI_63553,103,car
MVI_63553,104,car
MVI_63553,105,car
MVI_63553,106,car
MVI_63553,107,car
MVI_63553,108,car
MVI_63553,109,van
MVI_63553,110,car
MVI_63553,111,car
MVI_63553,112,car
MVI_63553,113,car
MVI_63553,114,car
MVI_63553,115,car
MVI_63553,116,car
MVI_63553,117,car
MVI_63553,118,car
MVI_63553,119,car
MVI_63553,120,car
MVI_63553,121,car
MVI_63553,122,car
MVI_63553,123,van
MVI_63553,124,car
MVI_63553,125,van
MVI_63553,126,car
MVI_63553,127,car
MVI_63553,128,car
MVI_63553,129,car
MVI_63553,130,car
MVI_63553,131,car
MVI_63553,132,car
MVI_63553,133,car
MVI_63553,134,car
MVI_63553,135,car
MVI_63553,136,van
MVI_63553,137,car
MVI_63553,138,car
MVI_63553,139,car
MVI_63553,140,car
MVI_63553,141,van
MVI_63553,142,van
MVI_63553,143,car
MVI_63553,144,van
MVI_63553,145,car
MVI_63553,146,car
MVI_63553,147,car
MVI_63553,148,car
MVI_63553,149,car
MVI_63553,150,car
MVI_63553,151,car
MVI_63553,152,car
MVI_63553,153,van
MVI_63553,154,car
MVI_63553,155,car
MVI_63553,156,car
MVI_63553,157,car
MVI_63553,158,car
MVI_63553,159,van
MVI_63553,160,car
MVI_63553,161,car
MVI_63553,162,others
MVI_63553,163,car
MVI_63553,164,car
MVI_63553,165,car
MVI_63553,166,car
MVI_63553,167,car
MVI_63553,168,car
MVI_63553,169,car
MVI_63553,170,car
MVI_63553,171,van
MVI_63553,172,car
MVI_63553,173,car
MVI_63553,174,car
MVI_63553,175,bus
MVI_63553,176,car
MVI_63553,177,car
MVI_63553,178,car
MVI_63553,179,car
MVI_63553,180,car
MVI_63553,181,car
MVI_63553,182,car
MVI_63553,183,car
MVI_63553,184,car
MVI_63553,185,car
MVI_63553,186,car
MVI_63553,187,car
MVI_63553,188,car
MVI_63553,189,car
MVI_63553,190,car
MVI_63554,1,car
MVI_63554,2,van
MVI_63554,3,car
MVI_63554,4,car
MVI_63554,5,car
MVI_63554,6,car
MVI_63554,7,car
MVI_63554,8,car
MVI_63554,9,car
MVI_63554,10,car
MVI_63554,11,van
MVI_63554,12,car
MVI_63554,13,car
MVI_63554,14,car
MVI_63554,15,car
MVI_63554,16,car
MVI_63554,17,car
MVI_63554,18,car
MVI_63554,19,van
MVI_63554,20,van
MVI_63554,21,car
MVI_63554,22,car
MVI_63554,23,car
MVI_63554,24,car
MVI_63554,25,car
MVI_63554,26,car
MVI_63554,27,car
MVI_63554,28,car
MVI_63554,29,car
MVI_63554,30,car
MVI_63554,31,car
MVI_63554,32,car
MVI_63554,33,van
MVI_63554,34,car
MVI_63554,35,car
MVI_63554,36,car
MVI_63554,37,car
MVI_63554,38,car
MVI_63554,39,car
MVI_63554,40,car
MVI_63554,41,car
MVI_63554,42,car
MVI_63554,43,car
MVI_63554,44,van
MVI_63554,45,car
MVI_63554,46,van
MVI_63554,47,car
MVI_63554,48,van
MVI_63554,49,car
MVI_63554,50,car
MVI_63554,51,van
MVI_63554,52,car
MVI_63554,53,car
MVI_63554,54,car
MVI_63554,55,van
MVI_63554,56,car
MVI_63554,57,car
MVI_63554,58,car
MVI_63554,60,car
MVI_63554,61,car
MVI_63554,62,car
MVI_63554,63,car
MVI_63554,64,car
MVI_63554,65,van
MVI_63554,66,car
MVI_63554,67,car
MVI_63554,68,car
MVI_63554,69,van
MVI_63554,70,car
MVI_63554,71,van
MVI_63554,72,car
MVI_63554,73,car
MVI_63554,74,van
MVI_63554,75,car
MVI_63554,76,car
MVI_63554,77,car
MVI_63554,78,car
MVI_63554,79,van
MVI_63554,80,van
MVI_63554,81,car
MVI_63554,82,car
MVI_63554,83,car
MVI_63554,84,car
MVI_63554,85,car
MVI_63554,86,car
MVI_63554,87,van
MVI_63554,88,car
MVI_63554,89,car
MVI_63554,90,car
MVI_63554,91,car
MVI_63554,92,car
MVI_63554,93,van
MVI_63554,94,car
MVI_63554,95,car
MVI_63554,96,car
MVI_63554,97,car
MVI_63554,98,car
MVI_63554,99,car
MVI_63554,100,car
MVI_63554,101,car
MVI_63554,102,car
MVI_63554,103,van
MVI_63554,104,car
MVI_63554,105,car
MVI_63554,106,car
MVI_63554,107,car
MVI_63554,108,car
MVI_63554,109,others
MVI_63554,110,car
MVI_63554,112,car
MVI_63554,113,car
MVI_63554,114,car
MVI_63554,115,car
MVI_63554,116,car
MVI_63554,117,car
MVI_63554,118,car
MVI_63554,119,car
MVI_63554,120,car
MVI_63554,121,car
MVI_63554,122,car
MVI_63554,123,car
MVI_63554,124,car
MVI_63554,125,car
MVI_63554,126,car
MVI_63554,127,car
MVI_63554,128,van
MVI_63554,129,car
MVI_63554,130,car
MVI_63554,131,car
MVI_63554,132,van
MVI_63554,133,car
MVI_63554,134,car
MVI_63554,135,car
MVI_63554,136,car
MVI_63554,137,car
MVI_63554,138,car
MVI_63554,139,car
MVI_63554,140,car
MVI_63554,141,car
MVI_63554,142,van
MVI_63554,143,car
MVI_63554,144,car
MVI_63554,145,car
MVI_63554,146,car
MVI_63554,147,car
MVI_63554,148,car
MVI_63554,149,car
MVI_63554,150,car
MVI_63554,151,car
MVI_63554,152,car
MVI_63554,153,car
MVI_63554,154,car
MVI_63554,155,car
MVI_63554,156,car
MVI_63554,157,car
MVI_63554,158,car
MVI_63554,159,car
MVI_63554,160,car
MVI_63554,161,car
MVI_63554,162,car
MVI_63554,163,car
MVI_63554,164,car
MVI_63554,165,car
MVI_63554,166,car
MVI_63554,167,car
MVI_63554,168,car
MVI_63554,169,van
MVI_63554,170,car
MVI_63554,171,car
MVI_63554,172,car
MVI_63554,173,van
MVI_63554,174,car
MVI_63554,175,car
MVI_63554,176,car
MVI_63554,177,car
MVI_63554,178,van
MVI_63554,179,car
MVI_63554,180,car
MVI_63554,181,car
MVI_63554,182,car
MVI_63554,183,van
MVI_63554,184,car
MVI_63554,185,car
MVI_63554,186,car
MVI_63554,187,car
MVI_63554,188,car
MVI_63554,189,car
MVI_63554,190,van
MVI_63561,1,car
MVI_63561,2,others
MVI_63561,3,car
MVI_63561,4,car
MVI_63561,5,car
MVI_63561,6,car
MVI_63561,7,car
MVI_63561,8,car
MVI_63561,9,van
MVI_63561,10,car
MVI_63561,11,car
MVI_63561,12,car
MVI_63561,13,car
MVI_63561,14,car
MVI_63561,15,van
MVI_63561,16,van
MVI_63561,17,car
MVI_63561,18,car
MVI_63561,19,car
MVI_63561,20,car
MVI_63561,21,car
MVI_63561,22,car
MVI_63561,23,car
MVI_63561,24,car
MVI_63561,25,car
MVI_63561,26,car
MVI_63561,27,car
MVI_63561,28,car
MVI_63561,29,car
MVI_63561,30,car
MVI_63561,31,car
MVI_63561,32,car
MVI_63561,33,car
MVI_63561,34,car
MVI_63561,35,car
MVI_63561,36,car
MVI_63561,37,car
MVI_63561,38,car
MVI_63561,39,car
MVI_63561,40,car
MVI_63561,41,car
MVI_63561,42,car
MVI_63561,43,car
MVI_63561,44,car
MVI_63561,45,car
MVI_63561,46,car
MVI_63561,47,car
MVI_63561,48,car
MVI_63561,49,car
MVI_63561,50,car
MVI_63561,51,car
MVI_63561,52,car
MVI_63561,53,car
MVI_63561,54,van
MVI_63561,55,car
MVI_63561,56,car
MVI_63561,57,car
MVI_63561,58,car
MVI_63561,59,car
MVI_63561,60,car
MVI_63561,61,car
MVI_63561,62,car
MVI_63561,63,car
MVI_63561,64,car
MVI_63561,65,car
MVI_63561,66,car
MVI_63561,67,car
MVI_63561,68,van
MVI_63561,69,car
MVI_63561,70,car
MVI_63561,71,car
MVI_63561,72,van
MVI_63561,73,van
MVI_63561,74,car
MVI_63561,75,car
MVI_63561,76,car
MVI_63561,77,car
MVI_63561,78,car
MVI_63561,79,car
MVI_63561,80,car
MVI_63561,81,car
MVI_63561,82,car
MVI_63561,83,car
MVI_63561,84,car
MVI_63561,85,car
MVI_63561,86,car
MVI_63561,87,car
MVI_63561,88,car
MVI_63561,89,car
MVI_63561,90,car
MVI_63561,91,car
MVI_63561,92,car
MVI_63561,93,car
MVI_63561,94,car
MVI_63561,95,car
MVI_63561,96,van
MVI_63561,97,car
MVI_63561,98,car
MVI_63561,99,car
MVI_63561,100,others
MVI_63561,101,car
MVI_63561,102,car
MVI_63561,103,car
MVI_63561,104,car
MVI_63561,105,car
MVI_63561,106,car
MVI_63561,107,car
MVI_63561,108,others
MVI_63561,109,car
MVI_63561,110,car
MVI_63561,111,car
MVI_63561,112,car
MVI_63561,113,car
MVI_63561,114,car
MVI_63561,115,car
MVI_63561,116,car
MVI_63561,117,car
MVI_63561,118,car
MVI_63561,119,car
MVI_63561,120,van
MVI_63561,121,car
MVI_63561,122,car
MVI_63561,123,car
MVI_63561,124,car
MVI_63561,125,car
MVI_63561,126,car
MVI_63561,127,car
MVI_63561,128,car
MVI_63561,129,van
MVI_63561,130,car
MVI_63561,131,van
MVI_63561,132,car
MVI_63561,133,car
MVI_63561,134,car
MVI_63561,135,car
MVI_63561,136,van
MVI_63561,137,car
MVI_63561,138,van
MVI_63561,139,car
MVI_63561,140,car
MVI_63561,141,car
MVI_63561,142,car
MVI_63561,143,car
MVI_63561,144,car
MVI_63561,145,car
MVI_63561,146,van
MVI_63561,147,car
MVI_63561,148,car
MVI_63561,149,car
MVI_63561,150,car
MVI_63561,151,van
MVI_63561,152,car
MVI_63561,153,car
MVI_63561,154,car
MVI_63561,155,car
MVI_63561,156,car
MVI_63561,157,car
MVI_63561,158,car
MVI_63561,159,car
MVI_63561,160,car
MVI_63561,161,car
MVI_63561,162,car
MVI_63561,163,car
MVI_63561,164,car
MVI_63561,165,car
MVI_63561,166,car
MVI_63561,167,car
MVI_63561,168,car
MVI_63561,169,car
MVI_63561,170,car
MVI_63561,171,car
MVI_63561,172,car
MVI_63561,173,car
MVI_63561,174,car
MVI_63561,175,car
MVI_63561,176,car
MVI_63561,177,car
MVI_63561,178,van
MVI_63561,179,van
MVI_63561,180,car
MVI_63561,181,car
MVI_63561,182,car
MVI_63561,183,car
MVI_63561,184,car
MVI_63561,185,car
MVI_63561,186,car
MVI_63561,187,car
MVI_63561,188,car
MVI_63562,1,car
MVI_63562,2,car
MVI_63562,3,car
MVI_63562,4,van
MVI_63562,5,car
MVI_63562,6,car
MVI_63562,7,car
MVI_63562,8,car
MVI_63562,9,car
MVI_63562,10,car
MVI_63562,11,car
MVI_63562,12,car
MVI_63562,13,van
MVI_63562,14,car
MVI_63562,15,car
MVI_63562,16,car
MVI_63562,17,car
MVI_63562,18,van
MVI_63562,19,car
MVI_63562,20,car
MVI_63562,21,van
MVI_63562,22,car
MVI_63562,23,car
MVI_63562,24,car
MVI_63562,25,van
MVI_63562,26,car
MVI_63562,27,car
MVI_63562,28,car
MVI_63562,29,car
MVI_63562,30,van
MVI_63562,31,car
MVI_63562,32,car
MVI_63562,33,car
MVI_63562,34,car
MVI_63562,35,car
MVI_63562,36,car
MVI_63562,37,car
MVI_63562,38,car
MVI_63562,39,car
MVI_63562,40,car
MVI_63562,41,car
MVI_63562,42,car
MVI_63562,43,car
MVI_63562,44,car
MVI_63562,45,car
MVI_63562,46,van
MVI_63562,47,van
MVI_63562,48,van
MVI_63562,49,car
MVI_63562,50,van
MVI_63562,51,car
MVI_63562,52,car
MVI_63562,53,others
MVI_63562,54,van
MVI_63562,55,car
MVI_63562,56,car
MVI_63562,57,car
MVI_63562,58,car
MVI_63562,59,car
MVI_63562,60,car
MVI_63562,61,car
MVI_63562,62,car
MVI_63562,63,car
MVI_63562,64,car
MVI_63562,65,car
MVI_63562,66,car
MVI_63562,67,car
MVI_63562,68,car
MVI_63562,69,car
MVI_63562,70,car
MVI_63562,71,car
MVI_63562,72,car
MVI_63562,73,van
MVI_63562,74,car
MVI_63562,75,car
MVI_63562,76,car
MVI_63562,77,car
MVI_63562,78,car
MVI_63562,79,car
MVI_63562,80,van
MVI_63562,81,car
MVI_63562,82,car
MVI_63562,83,car
MVI_63562,84,car
MVI_63562,85,car
MVI_63562,86,car
MVI_63562,87,car
MVI_63562,88,car
MVI_63562,89,van
MVI_63562,90,car
MVI_63562,91,car
MVI_63562,92,car
MVI_63562,93,car
MVI_63562,94,car
MVI_63562,95,van
MVI_63562,96,car
MVI_63562,97,car
MVI_63562,98,car
MVI_63562,99,car
MVI_63562,100,car
MVI_63562,101,car
MVI_63562,102,others
MVI_63562,103,van
MVI_63562,104,car
MVI_63562,105,car
MVI_63562,106,car
MVI_63562,107,car
MVI_63562,108,car
MVI_63562,109,car
MVI_63562,110,car
MVI_63562,111,van
MVI_63562,112,car
MVI_63562,113,car
MVI_63562,114,car
MVI_63562,115,car
MVI_63562,116,car
MVI_63562,117,car
MVI_63562,118,car
MVI_63562,119,car
MVI_63562,120,car
MVI_63562,121,car
MVI_63562,122,car
MVI_63562,123,car
MVI_63562,124,car
MVI_63562,125,car
MVI_63562,126,car
MVI_63562,127,bus
MVI_63562,128,car
MVI_63562,129,car
MVI_63562,130,car
MVI_63562,131,car
MVI_63562,132,car
MVI_63562,133,car
MVI_63562,134,car
MVI_63562,135,car
MVI_63562,136,car
MVI_63562,137,car
MVI_63562,138,car
MVI_63563,1,van
MVI_63563,2,car
MVI_63563,3,car
MVI_63563,4,car
MVI_63563,5,car
MVI_63563,6,car
MVI_63563,7,car
MVI_63563,8,car
MVI_63563,9,car
MVI_63563,10,car
MVI_63563,11,car
MVI_63563,12,car
MVI_63563,13,van
MVI_63563,14,car
MVI_63563,15,car
MVI_63563,16,car
MVI_63563,17,car
MVI_63563,18,car
MVI_63563,19,car
MVI_63563,20,car
MVI_63563,21,car
MVI_63563,22,car
MVI_63563,23,car
MVI_63563,24,car
MVI_63563,25,car
MVI_63563,26,car
MVI_63563,27,car
MVI_63563,28,car
MVI_63563,29,car
MVI_63563,30,van
MVI_63563,31,car
MVI_63563,32,car
MVI_63563,33,car
MVI_63563,34,car
MVI_63563,35,van
MVI_63563,36,car
MVI_63563,37,car
MVI_63563,38,car
MVI_63563,39,car
MVI_63563,40,car
MVI_63563,41,car
MVI_63563,42,car
MVI_63563,43,car
MVI_63563,44,van
MVI_63563,45,car
MVI_63563,46,car
MVI_63563,47,car
MVI_63563,48,car
MVI_63563,49,car
MVI_63563,50,car
MVI_63563,51,car
MVI_63563,52,car
MVI_63563,53,car
MVI_63563,54,car
MVI_63563,55,car
MVI_63563,56,car
MVI_63563,57,car
MVI_63563,58,car
MVI_63563,59,car
MVI_63563,60,car
MVI_63563,61,car
MVI_63563,62,van
MVI_63563,63,car
MVI_63563,64,car
MVI_63563,65,car
MVI_63563,66,car
MVI_63563,67,car
MVI_63563,68,car
MVI_63563,69,car
MVI_63563,70,car
MVI_63563,71,car
MVI_63563,72,car
MVI_63563,73,car
MVI_63563,74,car
MVI_63563,75,car
MVI_63563,76,car
MVI_63563,77,car
MVI_63563,78,car
MVI_63563,79,van
MVI_63563,80,car
MVI_63563,81,car
MVI_63563,82,van
MVI_63563,83,car
MVI_63563,84,van
MVI_63563,85,car
MVI_63563,86,car
MVI_63563,87,car
MVI_63563,88,car
MVI_63563,89,car
MVI_63563,90,car
MVI_63563,91,van
MVI_63563,92,car
MVI_63563,93,car
MVI_63563,94,car
MVI_63563,95,car
MVI_63563,96,car
MVI_63563,97,car
MVI_63563,98,car
MVI_63563,99,car
MVI_63563,100,car
MVI_63563,101,car
MVI_63563,102,car
MVI_63563,103,car
MVI_63563,104,bus
MVI_63563,105,car
MVI_63563,106,car
MVI_63563,107,car
MVI_63563,108,others
MVI_63563,109,car
MVI_63563,110,van
MVI_63563,111,car
MVI_63563,112,car
MVI_63563,113,car
MVI_63563,114,car
MVI_63563,115,van
MVI_63563,116,car
MVI_63563,117,others
MVI_63563,118,car
MVI_63563,119,car
MVI_63563,120,car
MVI_63563,121,car
MVI_63563,122,car
MVI_63563,123,car
MVI_63563,124,car
MVI_63563,125,car
MVI_63563,126,car
MVI_63563,127,car
MVI_63563,128,car
MVI_63563,129,car
MVI_63563,130,car
MVI_63563,131,car
MVI_63563,132,car
MVI_63563,133,car
MVI_63563,134,car
MVI_63563,135,car
MVI_63563,136,car
MVI_63563,137,car
MVI_63563,138,car
MVI_63563,139,van
MVI_63563,140,van
MVI_63563,141,car
MVI_63563,142,van
MVI_63563,143,car
MVI_63563,144,car
MVI_63563,145,car
MVI_63563,146,car
MVI_63563,147,car
MVI_63563,148,van
MVI_63563,149,car
MVI_63563,150,car
MVI_63563,151,van
MVI_63563,152,car
MVI_63563,153,car
MVI_63563,154,car
MVI_63563,155,car
MVI_63563,156,car
MVI_63563,157,car
MVI_63563,158,car
MVI_63563,159,car
MVI_63563,160,van
MVI_63563,161,van
MVI_63563,162,car
MVI_63563,163,car
MVI_63563,164,car
MVI_63563,165,car
MVI_63563,166,car
MVI_63563,167,car
MVI_63563,168,car
MVI_63563,169,car
MVI_63563,170,car
MVI_63563,171,car
MVI_63563,172,car
MVI_63563,173,car
MVI_63563,174,car
MVI_63563,175,car
MVI_63563,176,others
MVI_63563,177,car
