1,1,632.53,94.93,139.67,70.34,1,1,0.5877
1,2,810.67,41.6,86.33,47.93,1,1,1.0
1,3,902.4,184.53,58.6,79.94,1,1,1.0
1,4,525.87,297.6,263.4,166.33,1,1,1.0
1,5,1.0,451.2,283.73,89.8,1,1,1.0
1,41,1.0,8.53,105.6,56.47,1,1,1.0
1,42,121.6,1.0,141.8,54.4,1,1,0.2132
1,43,276.27,1.0,104.46,37.33,1,1,0.0268
1,44,387.2,1.0,105.53,37.33,1,1,0.0342
2,1,611.41,96.85,144.15,71.83,1,1,0.6039
2,2,804.05,42.67,87.62,47.72,1,1,1.0
2,3,904.96,185.39,56.04,77.58,1,1,1.0
2,4,528.43,296.11,262.76,167.18,1,1,1.0
2,5,1.0,451.2,286.29,89.8,1,1,1.0
2,41,1.0,8.69,105.69,56.47,1,1,1.0
2,42,121.63,1.0,141.83,54.54,1,1,0.2154
2,43,276.29,1.0,104.46,37.48,1,1,0.0267
2,44,387.25,1.0,105.5,37.44,1,1,0.0336
3,1,590.29,98.77,148.63,73.32,1,1,0.6264
3,2,797.44,43.73,88.89,47.51,1,1,1.0
3,3,907.52,186.24,53.48,75.24,1,1,1.0
3,4,530.99,294.61,262.12,168.04,1,1,1.0
3,5,1.0,451.2,288.85,89.8,1,1,1.0
3,41,1.0,8.85,105.77,56.47,1,1,1.0
3,42,121.66,1.0,141.87,54.68,1,1,0.2176
3,43,276.31,1.0,104.47,37.63,1,1,0.0266
3,44,387.31,1.0,105.47,37.55,1,1,0.033
4,1,569.17,100.69,153.11,74.82,1,1,0.6741
4,2,790.83,44.8,90.17,47.29,1,1,1.0
4,3,910.08,187.09,50.92,72.9,1,1,1.0
4,4,533.55,293.12,261.48,168.89,1,1,1.0
4,5,1.0,451.2,291.41,89.8,1,1,1.0
4,41,1.0,9.01,105.86,56.47,1,1,1.0
4,42,121.7,1.0,141.89,54.82,1,1,0.2072
4,43,276.33,1.0,104.47,37.78,1,1,0.0265
4,44,387.36,1.0,105.44,37.65,1,1,0.0325
5,1,548.05,102.61,157.59,76.31,1,1,0.6844
5,2,784.21,45.87,91.46,47.08,1,1,1.0
5,3,912.64,187.95,48.36,70.54,1,1,1.0
5,4,536.11,291.63,260.84,169.74,1,1,1.0
5,5,1.0,451.2,293.97,89.8,1,1,1.0
5,41,1.0,9.17,105.94,56.47,1,1,1.0
5,42,121.73,1.0,141.93,54.96,1,1,0.2207
5,43,276.35,1.0,104.47,37.93,1,1,0.0264
5,44,387.41,1.0,105.41,37.76,1,1,0.0319
6,1,526.93,104.53,162.07,77.8,1,1,0.7056
6,2,777.6,46.93,92.73,46.87,1,1,1.0
6,3,915.2,188.8,45.8,68.2,1,1,1.0
6,4,538.67,290.13,260.2,170.6,1,1,1.0
6,5,1.0,451.2,296.53,89.8,1,1,1.0
6,41,1.0,9.33,106.03,56.47,1,1,1.0
6,42,121.76,1.0,141.96,55.09,1,1,0.2207
6,43,276.37,1.0,104.47,38.08,1,1,0.0284
6,44,387.47,1.0,105.37,37.87,1,1,0.0313
7,1,503.04,107.73,166.97,80.15,1,1,0.6833
7,2,769.28,47.79,94.87,47.72,1,1,1.0
7,4,541.01,289.92,259.99,169.96,1,1,1.0
7,5,1.0,449.07,299.52,91.93,1,1,1.0
7,41,1.0,9.49,106.11,56.47,1,1,1.0
7,42,121.79,1.0,141.99,55.23,1,1,0.2156
7,43,276.39,1.0,104.47,38.23,1,1,0.0321
7,44,387.52,1.0,105.34,37.97,1,1,0.0308
8,1,479.15,110.93,171.88,82.5,1,1,0.6871
8,2,760.96,48.64,97.0,48.57,1,1,1.0
8,4,543.36,289.71,259.77,169.32,1,1,1.0
8,5,1.0,446.93,302.51,94.07,1,1,1.0
8,41,1.0,9.65,106.2,56.47,1,1,1.0
8,42,121.82,1.0,142.03,55.37,1,1,0.2152
8,43,276.42,1.0,104.46,38.38,1,1,0.0359
8,44,387.57,1.0,105.31,38.08,1,1,0.0323
9,1,455.25,114.13,176.79,84.84,1,1,0.6778
9,2,752.64,49.49,99.13,49.43,1,1,1.0
9,4,545.71,289.49,259.56,168.68,1,1,1.0
9,5,1.0,444.8,305.49,96.2,1,1,1.0
9,41,1.0,9.81,106.28,56.47,1,1,1.0
9,42,121.86,1.0,142.05,55.51,1,1,0.2148
9,43,276.44,1.0,104.46,38.53,1,1,0.0397
9,44,387.63,1.0,105.27,38.19,1,1,0.0345
10,1,431.36,117.33,181.69,87.19,1,1,0.6572
10,2,744.32,50.35,101.27,50.28,1,1,1.0
10,4,548.05,289.28,259.35,168.04,1,1,1.0
10,5,1.0,442.67,308.48,98.33,1,1,1.0
10,41,1.0,9.97,106.37,56.47,1,1,1.0
10,42,121.89,1.0,142.09,55.65,1,1,0.2144
10,43,276.46,1.0,104.47,38.68,1,1,0.0434
10,44,387.68,1.0,105.25,38.29,1,1,0.0367
11,1,407.47,120.53,186.6,89.54,1,1,0.6369
11,2,736.0,51.2,103.4,51.13,1,1,1.0
11,4,550.4,289.07,259.13,167.4,1,1,1.0
11,5,1.0,440.53,311.47,100.47,1,1,1.0
11,41,1.0,10.13,106.45,56.47,1,1,1.0
11,42,121.92,1.0,142.12,55.79,1,1,0.2567
11,43,276.48,1.0,104.47,38.83,1,1,0.0258
11,44,387.73,1.0,105.22,38.4,1,1,0.0389
12,1,375.25,124.16,192.58,92.52,1,1,0.6422
12,2,726.61,52.05,105.54,51.56,1,1,1.0
12,4,552.75,288.43,258.49,165.69,1,1,1.0
12,5,1.0,440.11,313.39,100.89,1,1,1.0
12,41,1.0,10.29,106.54,56.47,1,1,1.0
12,42,121.95,1.0,142.15,55.92,1,1,0.2563
12,43,276.5,1.0,104.47,38.98,1,1,0.0257
12,44,387.79,1.0,105.18,38.51,1,1,0.0411
13,1,343.04,127.79,198.55,95.5,1,1,0.6351
13,2,717.23,52.91,107.66,51.98,1,1,1.0
13,4,555.09,287.79,257.86,163.98,1,1,1.0
13,5,1.0,439.68,315.31,101.32,1,1,1.0
13,41,1.0,10.45,106.62,56.47,1,1,1.0
13,42,121.98,1.0,142.19,56.06,1,1,0.2568
13,43,276.52,1.0,104.47,39.12,1,1,0.0256
13,44,387.84,1.0,105.15,38.61,1,1,0.0432
14,1,310.83,131.41,204.52,98.5,1,1,0.618
14,2,707.84,53.76,109.8,52.41,1,1,1.0
14,4,557.44,287.15,257.21,162.28,1,1,1.0
14,5,1.0,439.25,317.23,101.75,1,1,1.0
14,41,1.0,10.61,106.71,56.47,1,1,1.0
14,42,122.02,1.0,142.21,56.2,1,1,0.2584
14,43,276.54,1.0,104.47,39.28,1,1,0.0256
14,44,387.89,1.0,105.12,38.72,1,1,0.0455
15,1,278.61,135.04,210.5,101.48,1,1,0.6073
15,2,698.45,54.61,111.94,52.84,1,1,1.0
15,4,559.79,286.51,256.57,160.57,1,1,1.0
15,5,1.0,438.83,319.15,102.17,1,1,1.0
15,41,1.0,10.77,106.79,56.47,1,1,1.0
15,42,122.05,1.0,142.25,56.34,1,1,0.2599
15,43,276.57,1.0,104.46,39.42,1,1,0.0256
15,44,387.95,1.0,105.08,38.83,1,1,0.0265
16,1,246.4,138.67,216.47,104.46,1,1,0.5914
16,2,689.07,55.47,114.06,53.26,1,1,1.0
16,4,562.13,285.87,255.94,158.86,1,1,1.0
16,5,1.0,438.4,321.07,102.6,1,1,1.0
16,41,1.0,10.93,106.88,56.47,1,1,1.0
16,42,122.08,1.0,142.28,56.48,1,1,0.2615
16,43,276.59,1.0,104.46,39.57,1,1,0.0257
16,44,388.0,1.0,105.05,38.93,1,1,0.0261
17,1,203.73,144.85,227.35,107.46,1,1,0.5883
17,2,679.68,56.75,115.56,53.9,1,1,1.0
17,4,565.76,286.08,254.23,158.01,1,1,1.0
17,5,1.0,437.76,322.77,103.24,1,1,1.0
17,41,1.0,11.09,106.97,56.47,1,1,1.0
17,42,122.11,1.0,142.31,56.62,1,1,0.2631
17,43,276.61,1.0,104.46,39.72,1,1,0.0258
17,44,388.05,1.0,105.02,39.04,1,1,0.0263
18,1,161.07,151.04,238.22,110.44,1,1,0.5766
18,2,670.29,58.03,117.06,54.54,1,1,1.0
18,4,569.39,286.29,252.52,157.16,1,1,1.0
18,5,1.0,437.12,324.48,103.88,1,1,1.0
18,41,1.0,11.25,107.05,56.47,1,1,1.0
18,42,122.14,6.1,142.35,51.66,1,1,0.1957
18,43,276.63,1.0,104.47,39.87,1,1,0.026
18,44,388.11,1.0,104.99,39.15,1,1,0.0265
19,1,118.4,157.23,249.11,113.42,1,1,0.5543
19,2,660.91,59.31,118.54,55.18,1,1,1.0
19,4,573.01,286.51,250.82,156.3,1,1,1.0
19,5,1.0,436.48,326.19,104.52,1,1,1.0
19,41,1.0,11.41,107.14,56.47,1,1,1.0
19,42,122.18,6.27,142.37,51.62,1,1,0.1954
19,43,276.65,1.0,104.47,40.02,1,1,0.0266
19,44,388.16,1.0,104.96,39.25,1,1,0.0266
20,1,75.73,163.41,259.99,116.42,1,1,0.5394
20,2,651.52,60.59,120.04,55.82,1,1,1.0
20,4,576.64,286.72,249.11,155.45,1,1,1.0
20,5,1.0,435.84,327.89,105.16,1,1,1.0
20,41,1.0,11.57,107.22,56.47,1,1,1.0
20,42,122.21,6.44,142.41,51.59,1,1,0.1951
20,43,276.67,1.0,104.47,40.17,1,1,0.0305
20,44,388.21,1.0,104.93,39.36,1,1,0.0267
21,1,33.07,169.6,270.86,119.4,1,1,0.5243
21,2,642.13,61.87,121.54,56.46,1,1,1.0
21,4,580.27,286.93,247.4,154.6,1,1,1.0
21,5,1.0,435.2,329.6,105.8,1,1,1.0
21,41,1.0,11.73,107.31,56.47,1,1,1.0
21,42,122.24,6.61,142.44,51.56,1,1,0.1949
21,43,276.69,1.0,104.47,40.32,1,1,0.0342
21,44,388.27,1.0,104.89,39.47,1,1,0.0268
22,1,26.88,175.15,236.31,117.9,1,1,0.5698
22,2,631.25,63.79,123.03,56.25,1,1,1.0
22,4,584.32,286.29,245.91,153.54,1,1,1.0
22,5,1.0,435.84,332.16,105.16,1,1,1.0
22,41,1.0,11.89,107.39,56.47,1,1,1.0
22,42,122.27,6.78,142.47,51.53,1,1,0.2136
22,43,276.71,1.0,104.47,40.47,1,1,0.038
22,44,388.32,1.0,104.86,39.57,1,1,0.0269
23,1,20.69,180.69,201.75,116.42,1,1,0.5963
23,2,620.37,65.71,124.52,56.04,1,1,1.0
23,4,588.37,285.65,244.42,152.47,1,1,1.0
23,5,1.0,436.48,334.72,104.52,1,1,1.0
23,41,1.0,12.05,107.48,56.47,1,1,1.0
23,42,122.3,6.95,142.51,51.5,1,1,0.2107
23,43,276.74,1.0,104.46,40.62,1,1,0.0417
23,44,388.37,1.0,104.83,39.68,1,1,0.0271
24,1,14.51,186.24,167.18,114.92,1,1,0.6447
24,2,609.49,67.63,126.02,55.82,1,1,1.0
24,4,592.43,285.01,242.92,151.4,1,1,1.0
24,5,1.0,437.12,337.28,103.88,1,1,1.0
24,41,1.0,12.21,107.56,56.47,1,1,1.0
24,42,122.34,7.13,142.53,51.46,1,1,0.2216
24,43,276.76,1.0,104.46,40.77,1,1,0.0382
24,44,388.43,1.0,104.79,39.79,1,1,0.0272
25,1,1.0,191.79,139.95,113.42,1,1,0.6901
25,2,598.61,69.55,127.51,55.61,1,1,1.0
25,4,596.48,284.37,241.43,150.34,1,1,1.0
25,5,1.0,437.76,339.84,103.24,1,1,1.0
25,41,1.0,12.37,107.65,56.47,1,1,1.0
25,42,122.37,7.3,142.57,51.43,1,1,0.2187
25,43,276.78,1.0,104.47,40.92,1,1,0.0382
25,44,388.48,1.0,104.77,39.89,1,1,0.0274
26,1,1.0,197.33,99.2,111.94,1,1,0.7082
26,2,587.73,71.47,129.0,55.4,1,1,1.0
26,4,600.53,283.73,239.94,149.27,1,1,1.0
26,5,1.0,438.4,342.4,102.6,1,1,1.0
26,41,1.0,12.53,107.73,56.47,1,1,1.0
26,42,122.4,7.47,142.6,51.4,1,1,0.2158
26,43,276.8,1.0,104.47,41.07,1,1,0.0381
26,44,388.53,1.0,104.74,40.0,1,1,0.0275
27,2,574.29,71.68,132.2,57.75,1,1,1.0
27,4,603.73,282.88,238.87,148.2,1,1,1.0
27,5,1.0,437.33,346.24,103.67,1,1,1.0
27,41,1.0,12.69,107.82,56.47,1,1,1.0
27,42,122.43,7.64,142.63,51.37,1,1,0.2134
27,43,276.82,1.0,104.47,41.22,1,1,0.038
27,44,388.59,1.0,104.7,40.11,1,1,0.0303
28,2,560.85,71.89,135.4,60.1,1,1,1.0
28,4,606.93,282.03,237.8,147.13,1,1,1.0
28,5,1.0,436.27,350.08,104.73,1,1,1.0
28,41,1.0,12.85,107.9,56.47,1,1,1.0
28,42,122.46,7.81,142.67,51.34,1,1,0.2131
28,43,276.84,1.0,104.47,41.36,1,1,0.0379
28,44,388.64,1.0,104.67,40.21,1,1,0.033
29,2,547.41,72.11,138.6,62.44,1,1,1.0
29,4,610.13,281.17,236.74,146.07,1,1,1.0
29,5,1.0,435.2,353.92,105.8,1,1,1.0
29,41,1.0,13.01,107.99,56.47,1,1,1.0
29,42,122.5,7.98,142.69,51.3,1,1,0.2128
29,43,276.86,1.0,104.47,41.52,1,1,0.0378
29,44,388.69,1.0,104.64,40.32,1,1,0.0358
30,2,533.97,72.32,141.8,64.79,1,1,1.0
30,4,613.33,280.32,235.67,145.0,1,1,1.0
30,5,1.0,434.13,357.76,106.87,1,1,1.0
30,41,1.0,13.17,108.07,56.47,1,1,1.0
30,42,122.53,8.15,142.73,51.27,1,1,0.2287
30,43,276.89,1.0,104.46,41.66,1,1,0.0376
30,44,388.75,1.0,104.6,40.43,1,1,0.0385
31,2,520.53,72.53,145.0,67.14,1,1,1.0
31,4,616.53,279.47,234.6,143.93,1,1,1.0
31,5,1.0,433.07,361.6,107.93,1,1,1.0
31,6,916.27,43.73,44.73,41.53,1,1,1.0
31,41,1.0,13.33,108.16,56.47,1,1,1.0
31,42,122.56,8.32,142.76,51.24,1,1,0.231
31,43,276.91,1.0,104.46,41.81,1,1,0.0376
31,44,388.8,1.0,104.57,40.53,1,1,0.0523
32,2,505.39,74.24,148.41,67.35,1,1,1.0
32,4,620.59,277.76,233.74,144.15,1,1,1.0
32,5,1.0,432.21,365.01,108.79,1,1,1.0
32,6,910.08,44.8,50.92,41.32,1,1,1.0
32,41,1.0,13.49,108.25,56.47,1,1,1.0
32,42,122.59,8.49,142.79,51.21,1,1,0.2332
32,43,276.93,1.0,104.46,41.96,1,1,0.0375
32,44,388.85,1.0,104.54,40.64,1,1,0.0545
33,2,490.24,75.95,151.83,67.56,1,1,1.0
33,4,624.64,276.05,232.89,144.36,1,1,1.0
33,5,1.0,431.36,368.43,109.64,1,1,1.0
33,6,903.89,45.87,57.11,41.11,1,1,1.0
33,41,1.0,13.65,108.33,56.47,1,1,1.0
33,42,122.62,8.66,142.83,51.18,1,1,0.2229
33,43,276.95,1.0,104.47,42.11,1,1,0.0401
33,44,388.91,1.0,104.51,40.75,1,1,0.0567
34,2,475.09,77.65,155.24,67.78,1,1,1.0
34,4,628.69,274.35,232.04,144.57,1,1,1.0
34,5,1.0,430.51,371.84,110.49,1,1,1.0
34,6,897.71,46.93,63.29,40.89,1,1,1.0
34,41,1.0,13.81,108.42,56.47,1,1,1.0
34,42,122.66,8.83,142.85,51.14,1,1,0.2544
34,43,276.97,1.0,104.47,42.26,1,1,0.0435
34,44,388.96,1.0,104.48,40.85,1,1,0.0383
35,2,459.95,79.36,158.65,67.99,1,1,1.0
35,4,632.75,272.64,231.18,144.79,1,1,1.0
35,5,1.0,429.65,375.25,111.35,1,1,1.0
35,6,891.52,48.0,69.48,40.68,1,1,1.0
35,41,1.0,13.97,108.5,56.47,1,1,1.0
35,42,122.69,9.0,142.89,51.11,1,1,0.2521
35,43,276.99,1.0,104.47,42.41,1,1,0.0469
35,44,389.01,1.0,104.45,40.96,1,1,0.038
36,2,444.8,81.07,162.07,68.2,1,1,1.0
36,4,636.8,270.93,230.33,145.0,1,1,1.0
36,5,1.0,428.8,378.67,112.2,1,1,1.0
36,6,885.33,49.07,75.67,40.47,1,1,0.8849
36,7,933.33,76.8,27.67,35.13,1,1,0.7797
36,41,1.0,14.13,108.59,56.47,1,1,1.0
36,42,122.72,9.17,142.92,51.08,1,1,0.2634
36,43,277.01,1.0,104.47,42.56,1,1,0.0502
36,44,389.07,1.0,104.41,41.07,1,1,0.0375
37,2,428.8,83.2,164.41,69.05,1,1,1.0
37,4,641.71,269.65,227.56,144.58,1,1,1.0
37,5,1.0,426.67,383.36,114.33,1,1,1.0
37,6,878.93,49.28,82.07,41.32,1,1,0.8553
37,7,926.51,76.37,34.49,37.27,1,1,0.7585
37,41,1.0,14.29,108.67,56.47,1,1,1.0
37,42,122.75,9.34,142.95,51.05,1,1,0.2611
37,43,277.03,1.0,104.47,42.71,1,1,0.0535
37,44,389.12,1.0,104.38,41.17,1,1,0.0372
38,2,412.8,85.33,166.76,69.91,1,1,1.0
38,4,646.61,268.37,224.79,144.15,1,1,1.0
38,5,1.0,424.53,388.05,116.47,1,1,1.0
38,6,872.53,49.49,88.47,42.17,1,1,0.8259
38,7,919.68,75.95,41.32,39.4,1,1,0.6726
38,41,1.0,14.45,108.76,56.47,1,1,1.0
38,42,122.78,9.51,142.99,51.02,1,1,0.2535
38,43,277.06,1.0,104.46,42.86,1,1,0.037
38,44,389.17,1.0,104.35,41.28,1,1,0.0368
39,2,396.8,87.47,169.11,70.76,1,1,1.0
39,4,651.52,267.09,222.01,143.72,1,1,1.0
39,5,1.0,422.4,392.75,118.6,1,1,1.0
39,6,866.13,49.71,78.66,43.03,1,1,0.8376
39,7,912.85,75.52,48.15,41.53,1,1,0.6474
39,41,1.0,14.61,108.84,56.47,1,1,1.0
39,42,122.82,9.69,143.01,50.98,1,1,0.2507
39,43,277.08,1.0,104.46,43.01,1,1,0.0369
39,44,389.23,1.0,104.31,41.39,1,1,0.0364
40,2,380.8,89.6,171.45,71.61,1,1,1.0
40,4,656.43,265.81,219.24,143.3,1,1,1.0
40,5,1.0,420.27,397.44,120.73,1,1,1.0
40,6,859.73,49.92,79.3,43.88,1,1,0.8226
40,7,906.03,75.09,54.97,43.67,1,1,0.6162
40,41,1.0,14.77,108.93,56.47,1,1,1.0
40,42,122.85,9.86,143.05,50.95,1,1,0.2479
40,43,277.1,1.0,104.47,43.16,1,1,0.0369
40,44,389.28,1.0,104.29,41.49,1,1,0.0362
41,2,364.8,91.73,173.8,72.47,1,1,1.0
41,4,661.33,264.53,216.47,142.87,1,1,1.0
41,5,1.0,418.13,402.13,122.87,1,1,1.0
41,6,853.33,50.13,79.94,44.73,1,1,0.8075
41,7,899.2,74.67,61.8,45.8,1,1,0.5589
41,41,1.0,14.93,109.01,56.47,1,1,1.0
41,42,122.88,10.03,143.08,50.92,1,1,0.2455
41,43,277.12,1.0,104.47,43.31,1,1,0.0368
41,44,389.33,1.0,104.26,41.6,1,1,0.0358
42,2,344.75,93.01,179.34,75.03,1,1,1.0
42,4,665.39,263.25,216.04,142.23,1,1,1.0
42,5,1.0,417.49,407.47,123.51,1,1,1.0
42,6,846.08,50.99,80.57,45.59,1,1,0.7955
42,7,890.24,75.95,70.76,46.86,1,1,0.5133
42,41,1.0,15.09,109.1,56.47,1,1,1.0
42,42,122.91,10.2,143.11,50.89,1,1,0.2465
42,43,277.14,1.0,104.47,43.46,1,1,0.0368
42,44,389.39,1.0,104.22,41.71,1,1,0.0354
43,2,324.69,94.29,184.9,77.59,1,1,1.0
43,4,669.44,261.97,215.61,141.59,1,1,1.0
43,5,1.0,416.85,412.8,124.15,1,1,1.0
43,6,838.83,51.84,81.21,46.44,1,1,0.7836
43,7,881.28,77.23,79.72,47.93,1,1,0.4831
43,41,1.0,15.25,109.18,56.47,1,1,1.0
43,42,122.94,10.37,143.15,50.86,1,1,0.2482
43,43,277.16,1.0,104.47,43.6,1,1,0.0367
43,44,389.44,1.0,104.19,41.81,1,1,0.0351
44,2,304.64,95.57,190.44,80.15,1,1,1.0
44,4,673.49,260.69,215.19,140.95,1,1,1.0
44,5,1.0,416.21,418.13,124.79,1,1,1.0
44,6,831.57,52.69,81.86,47.29,1,1,0.7719
44,7,872.32,78.51,88.68,49.0,1,1,0.5412
44,41,1.0,15.41,109.27,56.47,1,1,1.0
44,42,122.98,10.54,143.17,50.82,1,1,0.25
44,43,277.18,1.0,104.47,43.76,1,1,0.0366
44,44,389.49,1.0,104.16,41.92,1,1,0.0347
45,2,284.59,96.85,195.98,82.71,1,1,1.0
45,4,677.55,259.41,214.76,140.31,1,1,1.0
45,5,1.0,415.57,423.47,125.43,1,1,1.0
45,6,824.32,53.55,82.49,48.14,1,1,0.7604
45,7,863.36,79.79,97.64,50.06,1,1,0.5082
45,41,1.0,15.57,109.35,56.47,1,1,1.0
45,42,123.01,10.71,143.21,50.79,1,1,0.2518
45,43,277.21,1.0,104.46,43.9,1,1,0.0364
45,44,389.55,1.0,104.12,42.03,1,1,0.0349
46,2,264.53,98.13,201.54,85.27,1,1,1.0
46,4,681.6,258.13,214.33,139.67,1,1,1.0
46,5,1.0,414.93,428.8,126.07,1,1,1.0
46,6,817.07,54.4,83.13,49.0,1,1,0.7489
46,7,854.4,81.07,106.6,51.13,1,1,0.4795
46,41,1.0,15.73,109.44,56.47,1,1,1.0
46,42,123.04,10.88,143.24,50.76,1,1,0.2703
46,43,277.23,1.0,104.46,44.05,1,1,0.0375
46,44,389.6,1.0,104.09,42.13,1,1,0.0371
47,2,242.77,101.12,204.31,86.33,1,1,1.0
47,4,686.29,257.49,212.84,138.18,1,1,1.0
47,5,1.0,412.16,433.71,128.84,1,1,1.0
47,6,809.17,55.04,84.2,49.43,1,1,0.7466
47,7,845.23,82.56,101.48,51.35,1,1,0.4606
47,41,1.0,15.89,109.53,56.47,1,1,1.0
47,42,123.07,11.05,143.27,50.73,1,1,0.258
47,43,277.25,1.0,104.46,44.2,1,1,0.0408
47,44,389.65,1.0,104.06,42.24,1,1,0.0392
48,2,221.01,104.11,207.08,87.4,1,1,1.0
48,4,690.99,256.85,211.34,136.68,1,1,1.0
48,5,1.0,409.39,438.61,131.61,1,1,1.0
48,6,801.28,55.68,85.27,49.85,1,1,0.7448
48,7,836.05,84.05,102.76,51.56,1,1,0.4763
48,41,1.0,16.05,109.61,56.47,1,1,1.0
48,42,123.1,11.22,143.31,50.7,1,1,0.2552
48,43,277.27,1.0,104.47,44.35,1,1,0.0441
48,44,389.71,1.0,104.03,42.35,1,1,0.0414
49,2,199.25,107.09,209.86,88.47,1,1,1.0
49,4,695.68,256.21,209.85,135.19,1,1,1.0
49,5,1.0,406.61,443.52,134.39,1,1,1.0
49,6,793.39,56.32,86.33,50.28,1,1,0.7437
49,7,826.88,85.55,104.04,51.77,1,1,0.4841
49,41,1.0,16.21,109.7,56.47,1,1,1.0
49,42,123.14,11.39,143.33,50.66,1,1,0.2523
49,43,277.29,1.0,104.47,44.5,1,1,0.0403
49,44,389.76,1.0,104.0,42.45,1,1,0.0365
50,2,177.49,110.08,212.63,89.53,1,1,1.0
50,4,700.37,255.57,208.36,133.7,1,1,1.0
50,5,1.0,403.84,448.43,137.16,1,1,1.0
50,6,785.49,56.96,87.4,50.71,1,1,0.7432
50,7,817.71,87.04,105.32,51.99,1,1,0.4439
50,41,1.0,16.37,109.78,56.47,1,1,1.0
50,42,123.17,11.56,143.37,50.63,1,1,0.2495
50,43,277.31,1.0,104.47,44.65,1,1,0.0433
50,44,389.81,1.0,103.97,42.56,1,1,0.0384
51,2,155.73,113.07,215.4,90.6,1,1,1.0
51,4,705.07,254.93,206.86,132.2,1,1,1.0
51,5,13.87,401.07,440.46,139.93,1,1,1.0
51,6,777.6,57.6,88.47,51.13,1,1,0.7431
51,7,808.53,88.53,106.6,52.2,1,1,0.4503
51,41,1.0,16.53,109.87,56.47,1,1,1.0
51,42,123.2,11.73,143.4,50.6,1,1,0.2605
51,43,277.33,1.0,104.47,44.8,1,1,0.0286
51,44,389.87,1.0,103.93,42.67,1,1,0.0403
52,2,132.05,115.84,219.88,92.73,1,1,1.0
52,4,709.97,253.44,204.74,130.92,1,1,1.0
52,5,24.75,399.79,436.41,141.21,1,1,1.0
52,6,768.64,58.67,89.75,50.92,1,1,0.7326
52,7,796.59,89.81,109.16,54.12,1,1,0.4507
52,41,1.0,16.69,109.95,56.47,1,1,1.0
52,42,123.23,11.9,143.43,50.57,1,1,0.2578
52,43,277.35,1.0,104.47,44.95,1,1,0.0283
52,44,389.92,1.0,103.9,42.77,1,1,0.0241
53,2,108.37,118.61,224.36,94.87,1,1,1.0
53,4,714.88,251.95,202.6,129.64,1,1,1.0
53,5,35.63,398.51,432.36,142.49,1,1,1.0
53,6,759.68,59.73,91.03,50.71,1,1,0.7231
53,7,784.64,91.09,111.72,56.04,1,1,0.4468
53,41,1.0,16.85,110.04,56.47,1,1,1.0
53,42,123.26,12.08,143.47,50.54,1,1,0.2561
53,43,277.38,1.0,104.46,45.1,1,1,0.028
53,44,389.97,1.0,103.87,42.88,1,1,0.0236
54,2,84.69,121.39,228.84,97.0,1,1,1.0
54,4,719.79,250.45,200.46,128.36,1,1,1.0
54,5,46.51,397.23,428.3,143.77,1,1,1.0
54,6,750.72,60.8,92.31,50.49,1,1,0.7145
54,7,772.69,92.37,114.28,57.96,1,1,0.4422
54,41,1.0,17.01,110.12,56.47,1,1,1.0
54,42,123.3,12.24,143.49,50.5,1,1,0.2558
54,43,277.4,1.0,104.46,45.25,1,1,0.0277
54,44,390.03,1.0,103.83,42.99,1,1,0.0233
55,2,61.01,124.16,233.32,99.13,1,1,1.0
55,4,724.69,248.96,198.34,127.08,1,1,1.0
55,5,57.39,395.95,424.25,145.05,1,1,1.0
55,6,741.76,61.87,93.59,50.28,1,1,0.7068
55,7,760.75,93.65,116.84,59.88,1,1,0.4517
55,41,1.0,17.17,110.21,56.47,1,1,1.0
55,42,123.33,12.42,143.53,50.47,1,1,0.2555
55,43,277.42,1.0,104.47,45.4,1,1,0.0275
55,44,390.08,1.0,103.81,43.09,1,1,0.0232
56,2,37.33,126.93,237.8,101.27,1,1,1.0
56,4,729.6,247.47,196.2,125.8,1,1,1.0
56,5,68.27,394.67,420.2,146.33,1,1,1.0
56,6,732.8,62.93,94.87,50.07,1,1,0.7
56,7,748.8,94.93,119.4,61.8,1,1,0.4436
56,41,1.0,17.33,110.29,56.47,1,1,1.0
56,42,123.36,12.59,143.56,50.44,1,1,0.2556
56,43,277.44,1.0,104.47,45.55,1,1,0.0272
56,44,390.13,1.0,103.78,43.2,1,1,0.0231
57,2,30.72,129.49,221.59,98.71,1,1,1.0
57,4,734.93,246.4,194.71,124.73,1,1,1.0
57,5,78.72,391.47,417.43,149.53,1,1,1.0
57,6,722.56,63.57,96.57,51.35,1,1,0.6876
57,7,735.36,96.43,122.81,63.08,1,1,0.4481
57,41,1.0,17.49,110.38,56.47,1,1,1.0
57,42,123.39,12.76,143.59,50.41,1,1,0.2758
57,43,277.46,1.0,104.47,45.7,1,1,0.0269
57,44,390.19,1.0,103.74,43.31,1,1,0.0231
58,2,24.11,132.05,205.37,96.15,1,1,1.0
58,4,740.27,245.33,193.21,123.67,1,1,1.0
58,5,89.17,388.27,414.66,152.73,1,1,1.0
58,6,712.32,64.21,98.28,52.63,1,1,0.6756
58,7,721.92,97.92,126.23,64.36,1,1,0.4367
58,41,1.0,17.65,110.46,56.47,1,1,1.0
58,42,123.42,12.93,143.63,50.38,1,1,0.2754
58,43,277.48,1.0,104.47,45.84,1,1,0.0267
58,44,390.24,1.0,103.71,43.41,1,1,0.023
59,2,17.49,134.61,189.16,93.59,1,1,1.0
59,4,745.6,244.27,191.72,122.6,1,1,1.0
59,5,99.63,385.07,411.88,155.93,1,1,1.0
59,6,702.08,64.85,99.99,53.91,1,1,0.6641
59,7,708.48,99.41,129.64,65.64,1,1,0.4363
59,41,1.0,17.81,110.55,56.47,1,1,1.0
59,42,123.46,13.1,143.65,50.34,1,1,0.275
59,43,277.5,1.0,104.47,46.0,1,1,0.0264
59,44,390.29,1.0,103.68,43.52,1,1,0.023
60,2,1.0,137.17,182.83,91.03,1,1,1.0
60,4,750.93,243.2,190.23,121.53,1,1,1.0
60,5,110.08,381.87,409.11,159.13,1,1,1.0
60,6,691.84,65.49,101.69,55.19,1,1,0.653
60,7,695.04,100.91,133.05,66.92,1,1,0.4388
60,41,1.0,17.97,110.63,56.47,1,1,1.0
60,42,123.49,13.27,143.69,50.31,1,1,0.2748
60,43,277.53,1.0,104.46,46.14,1,1,0.0292
60,44,390.35,1.0,103.64,43.63,1,1,0.0229
61,2,1.0,139.73,160.0,88.47,1,1,1.0
61,4,756.27,242.13,188.73,120.47,1,1,1.0
61,5,120.53,378.67,406.34,162.33,1,1,1.0
61,6,681.6,66.13,103.4,56.47,1,1,0.6423
61,7,681.6,102.4,136.47,68.2,1,1,0.4357
61,41,1.0,18.13,110.72,56.47,1,1,1.0
61,42,123.52,13.44,143.72,50.28,1,1,0.2744
61,43,277.55,1.0,104.46,46.29,1,1,0.0321
61,44,390.4,1.0,103.61,43.73,1,1,0.0229
62,2,1.0,144.85,132.69,83.14,1,1,1.0
62,4,760.53,241.07,187.67,118.97,1,1,1.0
62,5,130.99,377.17,402.28,163.83,1,1,1.0
62,6,670.08,67.2,105.32,57.11,1,1,0.6612
62,7,666.03,104.96,139.88,69.27,1,1,0.4481
62,41,1.0,18.29,110.81,56.47,1,1,1.0
62,42,123.55,13.61,143.75,50.25,1,1,0.2614
62,43,277.57,1.0,104.46,46.44,1,1,0.0351
62,44,390.45,1.0,103.58,43.84,1,1,0.0228
63,2,1.0,149.97,105.39,77.8,1,1,1.0
63,4,764.8,240.0,196.2,117.48,1,1,1.0
63,5,141.44,375.68,398.23,165.32,1,1,1.0
63,6,658.56,68.27,107.24,57.74,1,1,0.6798
63,7,650.45,107.52,143.3,70.33,1,1,0.4364
63,41,1.0,18.45,110.89,56.47,1,1,1.0
63,42,123.58,13.78,143.79,50.22,1,1,0.2591
63,43,277.59,1.0,104.47,46.59,1,1,0.038
63,44,390.51,1.0,103.55,43.95,1,1,0.0228
64,2,1.0,155.09,78.08,72.47,1,1,1.0
64,4,769.07,238.93,191.93,115.99,1,1,1.0
64,5,151.89,374.19,394.18,166.81,1,1,1.0
64,6,647.04,69.33,109.16,58.39,1,1,0.6979
64,7,634.88,110.08,146.71,71.4,1,1,0.4601
64,41,1.0,18.61,110.98,56.47,1,1,1.0
64,42,123.62,13.95,143.81,50.18,1,1,0.2567
64,43,277.61,1.0,104.47,46.74,1,1,0.0408
64,44,390.56,1.0,103.52,44.05,1,1,0.0239
65,2,1.0,160.21,50.77,67.14,1,1,1.0
65,4,773.33,237.87,187.67,114.49,1,1,1.0
65,5,162.35,372.69,390.12,168.31,1,1,1.0
65,6,635.52,70.4,111.08,59.03,1,1,0.7156
65,7,619.31,112.64,150.12,72.47,1,1,0.4385
65,41,1.0,18.77,111.06,56.47,1,1,1.0
65,42,123.65,14.12,143.85,50.15,1,1,0.2562
65,43,277.63,1.0,104.47,46.89,1,1,0.0248
65,44,390.61,1.0,103.49,44.16,1,1,0.0263
66,2,1.0,165.33,23.47,61.8,1,1,1.0
66,4,777.6,236.8,183.4,113.0,1,1,1.0
66,5,172.8,371.2,386.07,169.8,1,1,1.0
66,6,624.0,71.47,113.0,59.66,1,1,0.733
66,7,603.73,115.2,153.54,73.53,1,1,0.448
66,41,1.0,18.93,111.15,56.47,1,1,1.0
66,42,123.68,14.29,143.88,50.12,1,1,0.2563
66,43,277.65,1.0,104.47,47.04,1,1,0.0245
66,44,390.67,1.0,103.45,44.27,1,1,0.0286
67,4,781.65,235.31,179.35,113.42,1,1,1.0
67,5,181.97,368.43,383.3,172.57,1,1,1.0
67,6,610.13,72.53,115.56,60.52,1,1,0.7473
67,7,583.04,117.76,159.08,75.45,1,1,0.4335
67,41,1.0,19.09,111.23,56.47,1,1,1.0
67,42,123.71,14.46,143.91,50.09,1,1,0.2565
67,43,277.67,1.0,104.47,47.19,1,1,0.0243
67,44,390.72,1.0,103.42,44.37,1,1,0.0309
68,4,785.71,233.81,175.29,113.86,1,1,1.0
68,5,191.15,365.65,380.52,175.35,1,1,1.0
68,6,596.27,73.6,118.12,61.37,1,1,0.7613
68,7,562.35,120.32,164.62,77.37,1,1,0.4442
68,41,1.0,19.25,111.32,56.47,1,1,1.0
68,42,123.74,14.64,143.95,50.06,1,1,0.2428
68,43,277.7,1.0,104.46,47.34,1,1,0.0239
68,44,390.77,1.0,103.39,44.48,1,1,0.0448
69,4,789.76,232.32,171.24,114.28,1,1,1.0
69,5,200.32,362.88,377.75,178.12,1,1,1.0
69,6,582.4,74.67,120.68,62.22,1,1,0.7748
69,7,541.65,122.88,170.18,79.29,1,1,0.4189
69,41,1.0,19.41,111.4,56.47,1,1,1.0
69,42,123.78,14.8,143.97,50.02,1,1,0.2695
69,43,277.72,1.0,104.46,47.49,1,1,0.0237
69,44,390.83,1.0,103.35,44.59,1,1,0.0465
70,4,793.81,230.83,167.19,114.7,1,1,1.0
70,5,209.49,360.11,374.98,180.89,1,1,1.0
70,6,568.53,75.73,123.24,63.08,1,1,0.788
70,7,520.96,125.44,175.72,81.21,1,1,0.429
70,41,1.0,19.57,111.49,56.47,1,1,1.0
70,42,123.81,14.98,144.01,49.99,1,1,0.2666
70,43,277.74,1.0,104.47,47.64,1,1,0.0234
70,44,390.88,1.0,103.33,44.69,1,1,0.0483
71,4,797.87,229.33,163.13,115.14,1,1,1.0
71,5,218.67,357.33,372.2,183.67,1,1,1.0
71,6,554.67,76.8,125.8,63.93,1,1,0.8009
71,7,500.27,128.0,181.26,83.13,1,1,0.4123
71,41,1.0,19.73,111.57,56.47,1,1,1.0
71,42,123.84,15.15,144.04,49.96,1,1,0.2654
71,43,277.76,1.0,104.47,47.79,1,1,0.0232
71,44,390.93,1.0,103.3,44.8,1,1,0.0324
72,4,801.49,228.48,159.51,114.28,1,1,1.0
72,5,228.91,355.2,368.57,185.8,1,1,1.0
72,6,539.09,78.51,128.36,64.78,1,1,0.8072
72,7,475.95,130.35,187.02,85.05,1,1,0.424
72,41,1.0,19.89,111.66,56.47,1,1,1.0
72,42,123.87,15.32,144.07,49.93,1,1,0.2647
72,43,277.78,1.0,104.47,47.94,1,1,0.0229
72,44,390.99,1.0,103.26,44.91,1,1,0.0318
73,4,805.12,227.63,155.88,113.42,1,1,1.0
73,5,239.15,353.07,364.94,187.93,1,1,1.0
73,6,523.52,80.21,130.92,65.64,1,1,0.8149
73,7,451.63,132.69,192.78,86.98,1,1,0.4377
73,41,1.0,20.05,111.74,56.47,1,1,1.0
73,42,123.9,15.49,144.11,49.9,1,1,0.2503
73,43,277.8,1.0,104.47,48.08,1,1,0.0244
73,44,391.04,1.0,103.23,45.01,1,1,0.0313
74,4,808.75,226.77,152.25,112.58,1,1,1.0
74,5,249.39,350.93,361.32,190.07,1,1,1.0
74,6,507.95,81.92,133.48,66.49,1,1,0.8224
74,7,427.31,135.04,198.54,88.89,1,1,0.4402
74,41,1.0,20.21,111.83,56.47,1,1,1.0
74,42,123.94,15.66,144.13,49.86,1,1,0.2495
74,43,277.82,1.0,104.47,48.24,1,1,0.0273
74,44,391.09,1.0,103.2,45.12,1,1,0.0308
75,4,812.37,225.92,148.63,111.72,1,1,1.0
75,5,259.63,348.8,357.69,192.2,1,1,1.0
75,6,492.37,83.63,136.04,67.34,1,1,0.8297
75,7,402.99,137.39,204.3,90.81,1,1,0.4507
75,41,1.0,20.37,111.91,56.47,1,1,1.0
75,42,123.97,15.83,144.17,49.83,1,1,0.2488
75,43,277.85,1.0,104.46,48.38,1,1,0.03
75,44,391.15,1.0,103.16,45.23,1,1,0.0302
76,4,816.0,225.07,145.0,110.86,1,1,1.0
76,5,269.87,346.67,354.06,194.33,1,1,1.0
76,6,476.8,85.33,138.6,68.2,1,1,0.8366
76,7,378.67,139.73,210.06,92.74,1,1,0.4558
76,8,910.93,1.0,50.07,58.67,1,1,1.0
76,41,1.0,20.53,112.0,56.47,1,1,1.0
76,42,124.0,16.0,144.2,49.8,1,1,0.2358
76,43,277.87,1.0,104.46,48.53,1,1,0.0328
76,44,391.2,1.0,103.13,45.33,1,1,0.0296
77,4,820.27,223.57,140.73,108.95,1,1,1.0
77,5,280.11,344.75,350.44,196.25,1,1,1.0
77,6,458.45,86.61,142.02,70.12,1,1,1.0
77,7,349.65,143.57,215.19,96.15,1,1,0.4704
77,8,909.23,1.0,51.77,58.45,1,1,1.0
77,41,1.0,20.69,112.09,56.47,1,1,1.0
77,42,124.03,16.17,144.23,49.77,1,1,0.2355
77,43,277.89,1.0,104.46,48.68,1,1,0.0356
77,44,391.25,1.0,103.1,45.44,1,1,0.0291
78,4,824.53,222.08,136.47,107.03,1,1,1.0
78,5,290.35,342.83,346.81,198.17,1,1,1.0
78,6,440.11,87.89,145.42,72.04,1,1,1.0
78,7,320.64,147.41,220.31,99.56,1,1,0.4479
78,8,907.52,1.0,53.48,58.24,1,1,1.0
78,41,1.0,20.85,112.17,56.47,1,1,1.0
78,42,124.06,16.34,144.27,49.74,1,1,0.2353
78,43,277.91,1.0,104.47,48.83,1,1,0.0213
78,44,391.31,1.0,103.07,45.55,1,1,0.0285
79,4,828.8,220.59,132.2,105.1,1,1,1.0
79,5,300.59,340.91,343.18,200.09,1,1,1.0
79,6,421.76,89.17,148.84,73.96,1,1,1.0
79,7,291.63,151.25,225.42,102.98,1,1,0.455
79,8,905.81,1.0,55.19,58.03,1,1,1.0
79,41,1.0,21.01,112.26,56.47,1,1,1.0
79,42,124.1,16.51,144.29,49.7,1,1,0.2349
79,43,277.93,1.0,104.47,48.98,1,1,0.0211
79,44,391.36,1.0,103.04,45.65,1,1,0.028
80,4,833.07,219.09,127.93,103.19,1,1,1.0
80,5,310.83,338.99,339.56,202.01,1,1,1.0
80,6,403.41,90.45,152.26,75.88,1,1,1.0
80,7,262.61,155.09,230.55,106.39,1,1,0.4458
80,8,904.11,1.0,56.89,57.81,1,1,1.0
80,41,1.0,21.17,112.34,56.47,1,1,1.0
80,42,124.13,16.68,144.33,49.67,1,1,0.2347
80,43,277.95,1.0,104.47,49.13,1,1,0.0208
80,44,391.41,1.0,103.01,45.76,1,1,0.0275
81,4,837.33,217.6,123.67,101.27,1,1,1.0
81,5,321.07,337.07,335.93,197.26,1,1,1.0
81,6,385.07,91.73,155.66,77.8,1,1,1.0
81,7,233.6,158.93,235.67,109.8,1,1,0.4485
81,8,902.4,1.0,58.6,57.6,1,1,1.0
81,41,1.0,21.33,112.43,56.47,1,1,1.0
81,42,124.16,16.85,144.36,49.64,1,1,0.2521
81,43,277.97,1.0,104.47,49.28,1,1,0.0206
81,44,391.47,1.0,102.97,45.87,1,1,0.0268
82,4,840.96,216.53,120.04,101.27,1,1,1.0
82,5,331.31,333.65,330.81,198.76,1,1,1.0
82,6,364.16,93.87,158.87,80.57,1,1,1.0
82,7,195.41,163.84,245.48,115.56,1,1,0.4389
82,8,900.69,1.0,60.31,58.45,1,1,1.0
82,41,1.0,21.49,112.51,56.47,1,1,1.0
82,42,124.19,17.02,144.39,49.61,1,1,0.2492
82,43,277.99,1.0,104.47,49.43,1,1,0.0203
82,44,391.52,1.0,102.94,45.97,1,1,0.0263
83,4,844.59,215.47,116.41,101.26,1,1,1.0
83,5,341.55,330.24,325.69,200.25,1,1,1.0
83,6,343.25,96.0,162.07,83.35,1,1,1.0
83,7,157.23,168.75,255.29,121.32,1,1,0.4242
83,8,898.99,1.0,62.01,59.31,1,1,1.0
83,41,1.0,21.65,112.6,56.47,1,1,1.0
83,42,124.22,17.2,144.43,49.58,1,1,0.2327
83,43,278.02,1.0,104.46,49.58,1,1,0.0202
83,44,391.57,1.0,102.91,46.08,1,1,0.0275
84,4,848.21,214.4,112.79,101.27,1,1,1.0
84,5,351.79,326.83,320.57,201.74,1,1,1.0
84,6,322.35,98.13,165.26,86.12,1,1,1.0
84,7,119.04,173.65,265.11,127.08,1,1,0.4141
84,8,897.28,1.0,63.72,60.16,1,1,1.0
84,41,1.0,21.81,112.68,56.47,1,1,1.0
84,42,124.26,17.36,144.45,49.54,1,1,0.2297
84,43,278.04,1.0,104.46,49.73,1,1,0.0201
84,44,391.63,1.0,102.87,46.19,1,1,0.0292
85,4,851.84,213.33,109.16,101.27,1,1,1.0
85,5,362.03,323.41,315.45,203.24,1,1,1.0
85,6,301.44,100.27,168.47,88.89,1,1,1.0
85,7,80.85,178.56,274.92,132.84,1,1,0.4078
85,8,895.57,1.0,65.43,61.01,1,1,1.0
85,41,1.0,21.97,112.77,56.47,1,1,1.0
85,42,124.29,17.54,144.49,49.51,1,1,0.2275
85,43,278.06,1.0,104.47,49.88,1,1,0.02
85,44,391.68,1.0,102.85,46.29,1,1,0.031
86,4,855.47,212.27,105.53,101.26,1,1,1.0
86,5,372.27,320.0,310.33,204.73,1,1,1.0
86,6,280.53,102.4,171.67,91.67,1,1,1.0
86,7,42.67,183.47,284.73,138.6,1,1,0.3943
86,8,893.87,1.0,67.13,61.87,1,1,1.0
86,41,1.0,22.13,112.85,56.47,1,1,1.0
86,42,124.32,17.71,144.52,49.48,1,1,0.2268
86,43,278.08,1.0,104.47,50.03,1,1,0.0205
86,44,391.73,1.0,102.82,46.4,1,1,0.0327
87,4,858.67,210.77,102.33,100.2,1,1,1.0
87,5,381.23,317.87,308.84,203.02,1,1,1.0
87,6,256.43,105.17,175.29,93.38,1,1,1.0
87,7,34.77,190.51,256.36,132.84,1,1,0.4234
87,8,891.95,1.0,69.05,61.44,1,1,1.0
87,41,1.0,22.29,112.94,56.47,1,1,1.0
87,42,124.35,17.88,144.55,49.45,1,1,0.2123
87,43,278.1,1.0,104.47,50.18,1,1,0.0633
87,44,391.79,1.0,102.78,46.51,1,1,0.0344
88,4,861.87,209.28,99.13,99.13,1,1,1.0
88,5,390.19,315.73,307.34,201.32,1,1,1.0
88,6,232.32,107.95,178.92,95.08,1,1,1.0
88,7,26.88,197.55,227.99,127.08,1,1,0.4313
88,8,890.03,1.0,70.97,61.01,1,1,1.0
88,41,1.0,22.45,113.02,56.47,1,1,1.0
88,42,124.38,18.05,144.59,49.42,1,1,0.2123
88,43,278.12,1.0,104.47,50.32,1,1,0.0661
88,44,391.84,1.0,102.75,46.61,1,1,0.0361
89,4,865.07,207.79,95.93,98.06,1,1,1.0
89,5,399.15,313.6,305.85,199.61,1,1,1.0
89,6,208.21,110.72,182.55,96.79,1,1,1.0
89,7,18.99,204.59,199.61,121.32,1,1,0.4595
89,8,888.11,1.0,72.89,60.59,1,1,1.0
89,41,1.0,22.61,113.11,56.47,1,1,1.0
89,42,124.42,18.22,144.61,49.38,1,1,0.2145
89,43,278.14,1.0,104.47,50.48,1,1,0.0688
89,44,391.89,1.0,102.72,46.72,1,1,0.0378
90,4,868.27,206.29,92.73,97.0,1,1,1.0
90,5,408.11,311.47,304.36,197.9,1,1,1.0
90,6,184.11,113.49,186.17,98.5,1,1,1.0
90,7,1.0,211.63,181.33,115.56,1,1,0.5204
90,8,886.19,1.0,74.81,60.16,1,1,1.0
90,41,1.0,22.77,113.19,56.47,1,1,1.0
90,42,124.45,18.39,144.65,49.35,1,1,0.2169
90,43,278.17,1.0,104.46,50.62,1,1,0.0716
90,44,391.95,1.0,102.68,46.83,1,1,0.0218
91,4,871.47,204.8,89.53,95.93,1,1,1.0
91,5,417.07,309.33,302.86,196.2,1,1,1.0
91,6,160.0,116.27,189.8,100.2,1,1,1.0
91,7,1.0,218.67,145.07,109.8,1,1,0.532
91,8,884.27,1.0,76.73,59.73,1,1,1.0
91,41,1.0,22.93,113.28,56.47,1,1,1.0
91,42,124.48,18.56,144.68,49.32,1,1,0.2051
91,43,278.19,1.0,104.46,50.77,1,1,0.0591
91,44,392.0,1.0,102.65,46.93,1,1,0.0213
92,4,874.24,203.52,86.76,96.36,1,1,1.0
92,5,427.73,306.99,298.82,194.06,1,1,1.0
92,6,131.84,119.04,194.28,102.12,1,1,1.0
92,8,881.71,1.0,79.29,60.8,1,1,1.0
92,41,1.0,23.09,113.37,56.47,1,1,1.0
92,42,124.51,18.73,144.71,49.29,1,1,0.2053
92,43,278.21,1.0,104.46,50.92,1,1,0.0589
92,44,392.05,1.0,102.62,47.04,1,1,0.0213
93,4,877.01,202.24,83.99,96.79,1,1,1.0
93,5,438.4,304.64,294.76,191.93,1,1,1.0
93,6,103.68,121.81,198.76,104.04,1,1,1.0
93,8,879.15,1.0,81.85,61.87,1,1,1.0
93,41,1.0,23.25,113.45,56.47,1,1,1.0
93,42,124.54,18.9,144.75,49.26,1,1,0.2233
93,43,278.23,1.0,104.47,51.07,1,1,0.0587
93,44,392.11,1.0,102.59,47.15,1,1,0.0212
94,4,879.79,200.96,81.21,97.21,1,1,1.0
94,5,449.07,302.29,290.7,189.8,1,1,1.0
94,6,75.52,124.59,203.24,105.96,1,1,1.0
94,8,876.59,1.0,84.41,62.93,1,1,1.0
94,41,1.0,23.41,113.54,56.47,1,1,1.0
94,42,124.58,19.07,144.77,49.22,1,1,0.2071
94,43,278.25,1.0,104.47,51.22,1,1,0.0586
94,44,392.16,1.0,102.56,47.25,1,1,0.0212
95,4,882.56,199.68,78.44,97.64,1,1,1.0
95,5,459.73,299.95,286.66,187.66,1,1,1.0
95,6,47.36,127.36,207.72,107.88,1,1,1.0
95,8,874.03,1.0,86.97,64.0,1,1,1.0
95,41,1.0,23.57,113.62,56.47,1,1,1.0
95,42,124.61,19.24,144.81,49.19,1,1,0.2045
95,43,278.27,1.0,104.47,51.37,1,1,0.0584
95,44,392.21,1.0,102.53,47.36,1,1,0.0211
96,4,885.33,198.4,75.67,98.07,1,1,1.0
96,5,470.4,297.6,282.6,185.53,1,1,1.0
96,6,19.2,130.13,212.2,109.8,1,1,1.0
96,8,871.47,1.0,89.53,65.07,1,1,1.0
96,41,1.0,23.73,113.71,56.47,1,1,1.0
96,42,124.64,19.41,144.84,49.16,1,1,0.2019
96,43,278.29,1.0,104.47,51.52,1,1,0.0582
96,44,392.27,1.0,102.49,47.47,1,1,0.0211
97,4,888.53,198.4,72.47,95.72,1,1,1.0
97,5,478.72,294.61,279.61,182.55,1,1,1.0
97,6,16.43,133.97,189.37,107.67,1,1,1.0
97,8,868.91,1.0,92.09,64.64,1,1,1.0
97,41,1.0,23.89,113.79,56.47,1,1,1.0
97,42,124.67,19.58,144.87,49.13,1,1,0.1855
97,43,278.31,1.0,104.47,51.67,1,1,0.0581
97,44,392.32,1.0,102.46,47.57,1,1,0.021
98,4,891.73,198.4,69.27,93.37,1,1,1.0
98,5,487.04,291.63,276.63,179.56,1,1,1.0
98,6,13.65,137.81,166.55,105.54,1,1,1.0
98,8,866.35,1.0,94.65,64.21,1,1,1.0
98,41,1.0,24.05,113.88,56.47,1,1,1.0
98,42,124.7,19.76,144.91,49.1,1,1,0.1829
98,43,278.34,1.0,104.46,51.82,1,1,0.0579
98,44,392.37,1.0,102.43,47.68,1,1,0.021
99,4,894.93,198.4,66.07,91.03,1,1,1.0
99,5,495.36,288.64,273.64,176.57,1,1,1.0
99,6,1.0,141.65,153.6,103.4,1,1,1.0
99,8,863.79,1.0,97.21,63.79,1,1,1.0
99,41,1.0,24.21,113.96,56.47,1,1,1.0
99,42,124.74,19.92,144.93,49.06,1,1,0.1802
99,43,278.36,1.0,104.46,51.97,1,1,0.0577
99,44,392.43,1.0,102.39,47.79,1,1,0.0209
100,4,898.13,198.4,62.87,88.68,1,1,1.0
100,5,503.68,285.65,270.65,173.59,1,1,1.0
100,6,1.0,145.49,128.0,101.27,1,1,1.0
100,8,861.23,1.0,99.77,63.36,1,1,1.0
100,41,1.0,24.37,114.05,56.47,1,1,1.0
100,42,124.77,20.1,144.97,49.03,1,1,0.1813
100,43,278.38,1.0,104.47,52.12,1,1,0.0598
100,44,392.48,1.0,102.37,47.89,1,1,0.0209
101,4,901.33,198.4,59.67,86.33,1,1,1.0
101,5,512.0,282.67,267.67,170.6,1,1,1.0
101,6,1.0,149.33,102.4,99.14,1,1,1.0
101,8,858.67,1.0,102.33,62.93,1,1,1.0
101,41,1.0,24.53,114.13,56.47,1,1,1.0
101,42,124.8,20.27,145.0,49.0,1,1,0.1646
101,43,278.4,1.0,104.47,52.27,1,1,0.0625
101,44,392.53,1.0,102.34,48.0,1,1,0.0208
102,4,904.53,198.61,56.47,83.99,1,1,1.0
102,5,521.39,281.39,264.04,168.25,1,1,1.0
102,8,857.39,1.0,103.61,63.15,1,1,1.0
102,41,1.0,24.65,114.12,56.47,1,1,1.0
102,42,124.85,20.33,144.96,49.04,1,1,0.1661
102,43,278.42,1.0,104.47,52.35,1,1,0.064
102,44,392.55,1.0,102.36,48.03,1,1,0.0215
103,4,907.73,198.83,53.27,81.64,1,1,1.0
103,5,530.77,280.11,260.42,165.9,1,1,1.0
103,8,856.11,1.0,104.89,63.36,1,1,1.0
103,41,1.0,24.77,114.11,56.47,1,1,1.0
103,42,124.91,20.4,144.91,49.08,1,1,0.1676
103,43,278.44,1.0,104.47,52.44,1,1,0.0655
103,44,392.58,1.0,102.37,48.06,1,1,0.0221
104,4,910.93,199.04,50.07,79.29,1,1,1.0
104,5,540.16,278.83,256.79,163.56,1,1,1.0
104,8,854.83,1.0,106.17,63.57,1,1,1.0
104,41,1.0,24.88,114.1,56.47,1,1,1.0
104,42,124.96,20.46,144.87,49.13,1,1,0.1691
104,43,278.46,1.0,104.47,52.52,1,1,0.0671
104,44,392.6,1.0,102.39,48.1,1,1,0.0228
105,4,914.13,199.25,46.87,76.95,1,1,1.0
105,5,549.55,277.55,253.16,161.21,1,1,1.0
105,8,853.55,1.0,107.45,63.79,1,1,1.0
105,41,1.0,25.0,114.09,56.47,1,1,1.0
105,42,125.01,20.52,144.83,49.17,1,1,0.157
105,43,278.49,1.0,104.46,52.61,1,1,0.0686
105,44,392.62,1.0,102.42,48.13,1,1,0.0238
106,4,917.33,199.47,43.67,74.6,1,1,1.0
106,5,558.93,276.27,249.54,158.86,1,1,1.0
106,8,852.27,1.0,108.73,64.0,1,1,1.0
106,41,1.0,25.12,114.08,56.47,1,1,1.0
106,42,125.07,20.59,144.78,49.21,1,1,0.1446
106,43,278.51,1.0,104.46,52.69,1,1,0.0701
106,44,392.64,1.0,102.44,48.16,1,1,0.0248
107,5,566.61,274.35,247.62,156.73,1,1,1.0
107,8,849.92,1.0,111.08,64.64,1,1,1.0
107,41,1.0,25.24,114.07,56.47,1,1,1.0
107,42,125.12,20.65,144.74,49.26,1,1,0.1443
107,43,278.53,1.0,104.46,52.78,1,1,0.0568
107,44,392.66,1.0,102.46,48.19,1,1,0.0259
108,5,574.29,272.43,245.7,154.6,1,1,1.0
108,8,847.57,1.0,113.43,65.28,1,1,1.0
108,41,1.0,25.36,114.06,56.47,1,1,1.0
108,42,125.17,20.72,144.7,49.3,1,1,0.1301
108,43,278.55,1.0,104.47,52.86,1,1,0.0569
108,44,392.68,1.0,102.49,48.22,1,1,0.027
109,5,581.97,270.51,243.78,152.46,1,1,1.0
109,8,845.23,1.0,115.77,65.92,1,1,1.0
109,41,1.0,25.47,114.05,56.47,1,1,1.0
109,42,125.23,20.78,144.66,49.34,1,1,0.1513
109,43,278.57,1.0,104.47,52.95,1,1,0.057
109,44,392.7,1.0,102.51,48.26,1,1,0.028
110,5,589.65,268.59,241.86,150.33,1,1,1.0
110,8,842.88,1.0,118.12,66.56,1,1,1.0
110,41,1.0,25.59,114.04,56.47,1,1,1.0
110,42,125.28,20.84,144.62,49.38,1,1,0.1498
110,43,278.59,1.0,104.47,53.04,1,1,0.0571
110,44,392.73,1.0,102.52,48.29,1,1,0.029
111,5,597.33,266.67,239.94,148.2,1,1,1.0
111,8,840.53,1.0,120.47,67.2,1,1,1.0
111,41,1.0,25.71,114.03,56.47,1,1,1.0
111,42,125.33,20.91,144.58,49.43,1,1,0.1484
111,43,278.61,1.0,104.47,53.12,1,1,0.0572
111,44,392.75,1.0,102.54,48.32,1,1,0.0713
112,5,603.31,263.89,238.01,149.48,1,1,1.0
112,8,837.76,1.0,123.24,67.84,1,1,1.0
112,41,1.0,25.82,114.02,56.47,1,1,1.0
112,42,125.39,20.97,144.53,49.47,1,1,0.1333
112,43,278.63,1.0,104.47,53.2,1,1,0.0573
112,44,392.77,1.0,102.57,48.35,1,1,0.0836
113,5,609.28,261.12,236.09,150.76,1,1,1.0
113,8,834.99,1.0,126.01,68.48,1,1,1.0
113,41,1.0,25.94,114.01,56.47,1,1,1.0
113,42,125.44,21.04,144.49,49.51,1,1,0.1319
113,43,278.66,1.0,104.46,53.29,1,1,0.0574
113,44,392.79,1.0,102.59,48.38,1,1,0.0844
114,5,615.25,258.35,234.18,152.04,1,1,1.0
114,8,832.21,1.0,128.79,69.12,1,1,1.0
114,41,1.0,26.06,113.99,56.47,1,1,1.0
114,42,125.49,21.1,144.45,49.55,1,1,0.1304
114,43,278.68,1.0,104.46,53.38,1,1,0.0575
114,44,392.81,1.0,102.61,48.42,1,1,0.0851
115,5,621.23,255.57,232.25,153.32,1,1,1.0
115,8,829.44,1.0,131.56,69.76,1,1,1.0
115,41,1.0,26.18,113.98,56.47,1,1,1.0
115,42,125.55,21.16,144.4,49.6,1,1,0.1289
115,43,278.7,1.0,104.47,53.46,1,1,0.0577
115,44,392.83,1.0,102.63,48.45,1,1,0.0859
116,5,627.2,252.8,230.33,154.6,1,1,1.0
116,8,826.67,1.0,134.33,70.4,1,1,0.969
116,9,939.73,57.6,21.27,43.67,1,1,1.0
116,41,1.0,26.29,113.97,56.47,1,1,1.0
116,42,125.6,21.23,144.36,49.64,1,1,0.1274
116,43,278.72,1.0,104.47,53.55,1,1,0.0577
116,44,392.85,1.0,102.66,48.48,1,1,0.0868
117,5,633.81,251.52,228.2,152.89,1,1,1.0
117,8,824.11,1.0,136.89,70.19,1,1,0.9587
117,9,932.69,57.17,28.31,45.59,1,1,1.0
117,41,1.0,26.41,113.96,56.47,1,1,1.0
117,42,125.65,21.29,144.32,49.68,1,1,0.1259
117,43,278.74,1.0,104.47,53.63,1,1,0.0578
117,44,392.87,1.0,102.68,48.51,1,1,0.0876
118,5,640.43,250.24,226.06,151.19,1,1,1.0
118,8,821.55,1.0,139.45,69.97,1,1,0.9485
118,9,925.65,56.75,35.35,47.5,1,1,1.0
118,41,1.0,26.53,113.95,56.47,1,1,1.0
118,42,125.71,21.36,144.27,49.72,1,1,0.1258
118,43,278.76,1.0,104.47,53.72,1,1,0.0691
118,44,392.9,1.0,102.69,48.54,1,1,0.0883
119,5,647.04,248.96,223.93,149.48,1,1,1.0
119,8,818.99,1.0,142.01,69.76,1,1,0.9382
119,9,918.61,56.32,42.39,49.43,1,1,1.0
119,41,1.0,26.64,113.94,56.47,1,1,1.0
119,42,125.76,21.42,144.23,49.77,1,1,0.1126
119,43,278.78,1.0,104.47,53.8,1,1,0.069
119,44,392.92,1.0,102.71,48.58,1,1,0.089
120,5,653.65,247.68,221.8,147.77,1,1,1.0
120,8,816.43,1.0,144.57,69.55,1,1,0.928
120,9,911.57,55.89,49.43,51.35,1,1,1.0
120,41,1.0,26.76,113.93,56.47,1,1,1.0
120,42,125.81,21.48,144.19,49.81,1,1,0.1131
120,43,278.81,1.0,104.46,53.89,1,1,0.0689
120,44,392.94,1.0,102.74,48.61,1,1,0.0899
121,5,660.27,246.4,219.66,146.07,1,1,1.0
121,8,813.87,1.0,147.13,69.33,1,1,0.9177
121,9,904.53,55.47,56.47,53.26,1,1,1.0
121,41,1.0,26.88,113.92,56.47,1,1,1.0
121,42,125.87,21.55,144.14,49.85,1,1,0.1135
121,43,278.83,1.0,104.46,53.97,1,1,0.0688
121,44,392.96,1.0,102.76,48.64,1,1,0.0907
122,5,667.09,244.91,216.26,144.57,1,1,1.0
122,8,811.73,1.0,149.27,69.33,1,1,0.9083
122,9,896.21,55.68,64.79,54.33,1,1,1.0
122,41,1.0,27.0,113.91,56.47,1,1,1.0
122,42,125.92,21.61,144.1,49.9,1,1,0.1139
122,43,278.85,1.0,104.46,54.06,1,1,0.1063
122,44,392.98,1.0,102.78,48.67,1,1,0.0846
123,5,673.92,243.41,212.84,143.08,1,1,1.0
123,8,809.6,1.0,151.4,69.33,1,1,0.8994
123,9,887.89,55.89,73.11,55.4,1,1,1.0
123,41,1.0,27.12,113.9,56.47,1,1,1.0
123,42,125.97,21.68,144.06,49.94,1,1,0.1143
123,43,278.87,1.0,104.47,54.14,1,1,0.1077
123,44,393.0,1.0,102.81,48.7,1,1,0.085
124,5,680.75,241.92,209.42,141.59,1,1,1.0
124,8,807.47,1.0,153.53,69.33,1,1,0.8912
124,9,879.57,56.11,81.43,56.46,1,1,0.9999
124,41,1.0,27.23,113.89,56.47,1,1,1.0
124,42,126.03,21.74,144.02,49.98,1,1,0.1147
124,43,278.89,1.0,104.47,54.23,1,1,0.1091
124,44,393.02,1.0,102.83,48.74,1,1,0.0855
125,5,687.57,240.43,206.02,140.09,1,1,1.0
125,8,805.33,1.0,155.67,69.33,1,1,0.8835
125,9,871.25,56.32,89.75,57.53,1,1,0.9968
125,41,1.0,27.35,113.88,56.47,1,1,1.0
125,42,126.08,21.8,143.98,50.02,1,1,0.1002
125,43,278.91,1.0,104.47,54.32,1,1,0.1105
125,44,393.05,1.0,102.84,48.77,1,1,0.0702
126,5,694.4,238.93,202.6,138.6,1,1,1.0
126,8,803.2,1.0,157.8,69.33,1,1,0.8763
126,9,862.93,56.53,98.07,58.6,1,1,0.9953
126,41,1.0,27.47,113.87,56.47,1,1,1.0
126,42,126.13,21.87,143.94,50.07,1,1,0.0988
126,43,278.93,1.0,104.47,54.4,1,1,0.1119
126,44,393.07,1.0,102.86,48.8,1,1,0.07
127,5,699.09,237.87,202.39,135.61,1,1,1.0
127,8,800.21,1.0,160.79,69.76,1,1,0.8704
127,9,853.97,57.17,107.03,60.1,1,1,0.9921
127,41,1.0,27.58,113.86,56.47,1,1,1.0
127,42,126.19,21.93,143.89,50.11,1,1,0.0833
127,43,278.95,1.0,104.47,54.48,1,1,0.1133
127,44,393.09,1.0,102.89,48.83,1,1,0.0697
128,5,703.79,236.8,202.17,132.63,1,1,1.0
128,8,797.23,1.0,163.77,70.19,1,1,0.865
128,9,845.01,57.81,115.99,61.59,1,1,0.9853
128,41,1.0,27.7,113.85,56.47,1,1,1.0
128,42,126.24,22.0,143.85,50.15,1,1,0.0818
128,43,278.98,1.0,104.46,54.57,1,1,0.1146
128,44,393.11,1.0,102.91,48.86,1,1,0.0695
129,5,708.48,235.73,201.96,129.64,1,1,1.0
129,8,794.24,1.0,166.76,70.61,1,1,0.878
129,9,836.05,58.45,109.16,63.08,1,1,0.9943
129,41,1.0,27.82,113.83,56.47,1,1,1.0
129,42,126.29,22.06,143.81,50.19,1,1,0.0953
129,43,279.0,1.0,104.46,54.66,1,1,0.116
129,44,393.13,1.0,102.93,48.9,1,1,0.0693
130,5,713.17,234.67,201.75,126.65,1,1,1.0
130,8,791.25,1.0,169.75,71.04,1,1,0.8807
130,9,827.09,59.09,111.08,64.58,1,1,0.9932
130,41,1.0,27.94,113.82,56.47,1,1,1.0
130,42,126.35,22.12,143.76,50.24,1,1,0.0949
130,43,279.02,1.0,104.47,54.74,1,1,0.1175
130,44,393.15,1.0,102.95,48.93,1,1,0.0691
131,5,717.87,233.6,201.53,123.67,1,1,1.0
131,8,788.27,1.0,172.73,71.47,1,1,0.8834
131,9,818.13,59.73,113.0,66.07,1,1,0.9852
131,41,1.0,28.05,113.81,56.47,1,1,1.0
131,42,126.4,22.19,143.72,50.28,1,1,0.0946
131,43,279.04,1.0,104.47,54.83,1,1,0.104
131,44,393.17,1.0,102.98,48.96,1,1,0.0688
132,5,722.77,232.11,199.19,123.88,1,1,1.0
132,8,784.85,1.0,176.15,72.32,1,1,0.889
132,9,807.89,61.01,114.92,66.5,1,1,0.9864
132,41,1.0,28.17,113.8,56.47,1,1,1.0
132,42,126.45,22.25,143.68,50.32,1,1,0.0943
132,43,279.06,1.0,104.47,54.91,1,1,0.1038
132,44,393.19,1.0,103.0,48.99,1,1,0.0686
133,5,727.68,230.61,196.84,124.1,1,1,1.0
133,8,781.44,1.0,179.56,73.17,1,1,0.8944
133,9,797.65,62.29,116.84,66.92,1,1,0.9856
133,41,1.0,28.29,113.79,56.47,1,1,1.0
133,42,126.51,22.32,143.63,50.36,1,1,0.0939
133,43,279.08,1.0,104.47,55.0,1,1,0.1037
133,44,393.22,1.0,103.01,49.02,1,1,0.0683
134,5,732.59,229.12,194.49,124.31,1,1,1.0
134,8,778.03,1.0,182.97,74.03,1,1,0.8996
134,9,787.41,63.57,118.76,67.35,1,1,0.9704
134,41,1.0,28.4,113.78,56.47,1,1,1.0
134,42,126.56,22.38,143.59,50.41,1,1,0.0936
134,43,279.1,1.0,104.47,55.08,1,1,0.1036
134,44,393.24,1.0,103.03,49.06,1,1,0.0681
135,5,737.49,227.63,192.15,124.52,1,1,1.0
135,8,774.61,1.0,186.39,74.88,1,1,0.9047
135,9,777.17,64.85,120.68,67.78,1,1,0.9709
135,41,1.0,28.52,113.77,56.47,1,1,1.0
135,42,126.61,22.44,143.55,50.45,1,1,0.0933
135,43,279.13,1.0,104.46,55.17,1,1,0.1033
135,44,393.26,1.0,103.06,49.09,1,1,0.0679
136,5,742.4,226.13,189.8,124.74,1,1,1.0
136,8,771.2,1.0,189.8,75.73,1,1,0.9127
136,9,766.93,66.13,122.6,68.2,1,1,0.972
136,10,1.0,498.13,227.2,42.87,1,1,1.0
136,41,1.0,28.64,113.76,56.47,1,1,1.0
136,42,126.67,22.51,143.5,50.49,1,1,0.0929
136,43,279.15,1.0,104.46,55.25,1,1,0.1032
136,44,393.28,1.0,103.08,49.12,1,1,0.0676
137,5,747.95,224.0,187.45,124.95,1,1,1.0
137,8,768.0,1.0,193.0,75.73,1,1,0.9254
137,9,755.41,66.99,124.52,68.84,1,1,0.9742
137,10,1.0,494.08,242.56,46.92,1,1,1.0
137,41,1.0,28.76,113.75,56.47,1,1,1.0
137,42,126.72,22.57,143.46,50.54,1,1,0.0945
137,43,279.17,1.0,104.46,55.34,1,1,0.1031
137,44,393.3,1.0,103.1,49.15,1,1,0.0674
138,5,753.49,221.87,185.11,125.16,1,1,1.0
138,8,764.8,1.0,196.2,75.73,1,1,0.9368
138,9,743.89,67.84,126.44,69.48,1,1,0.9839
138,10,1.0,490.03,257.92,50.97,1,1,1.0
138,41,1.0,28.88,113.74,56.47,1,1,1.0
138,42,126.77,22.64,143.42,50.58,1,1,0.0961
138,43,279.19,1.0,104.47,55.42,1,1,0.103
138,44,393.32,1.0,103.13,49.18,1,1,0.0672
139,5,759.04,219.73,182.76,125.38,1,1,1.0
139,8,761.6,1.0,199.4,75.73,1,1,0.9472
139,9,732.37,68.69,128.36,70.12,1,1,0.9846
139,10,1.0,485.97,273.28,55.03,1,1,1.0
139,41,1.0,28.99,113.73,56.47,1,1,1.0
139,42,126.83,22.7,143.38,50.62,1,1,0.0976
139,43,279.21,6.04,104.47,50.47,1,1,0.0141
139,44,393.34,1.0,103.15,49.22,1,1,0.067
140,5,764.59,217.6,180.41,125.59,1,1,1.0
140,8,758.4,1.0,202.6,75.73,1,1,0.9566
140,9,720.85,69.55,130.28,70.76,1,1,0.9864
140,10,1.0,481.92,288.64,59.08,1,1,1.0
140,41,1.0,29.11,113.72,56.47,1,1,1.0
140,42,126.88,22.76,143.34,50.66,1,1,0.1349
140,43,279.23,6.11,104.47,50.48,1,1,0.0141
140,44,393.37,1.0,103.16,49.25,1,1,0.0667
141,5,770.13,215.47,178.07,125.8,1,1,1.0
141,8,755.2,1.0,205.8,75.73,1,1,0.9649
141,9,709.33,70.4,132.2,71.4,1,1,0.9773
141,10,1.0,477.87,304.0,63.13,1,1,1.0
141,41,1.0,29.23,113.71,56.47,1,1,1.0
141,42,126.93,22.83,143.3,50.71,1,1,0.1353
141,43,279.25,6.19,104.47,50.49,1,1,0.0141
141,44,393.39,1.0,103.18,49.28,1,1,0.0664
142,5,774.19,215.04,186.81,124.09,1,1,1.0
142,8,751.79,1.0,209.21,77.44,1,1,0.9648
142,9,695.25,71.25,135.83,72.68,1,1,0.9778
142,10,1.0,473.6,317.23,67.4,1,1,1.0
142,41,1.0,29.34,113.7,56.47,1,1,1.0
142,42,126.99,22.89,143.25,50.75,1,1,0.1356
142,43,279.27,6.26,104.47,50.5,1,1,0.0141
142,44,393.41,1.0,103.21,49.31,1,1,0.1065
143,5,778.24,214.61,182.76,122.39,1,1,1.0
143,8,748.37,1.0,212.63,79.15,1,1,0.9655
143,9,681.17,72.11,139.46,73.96,1,1,0.9796
143,10,1.0,469.33,330.45,71.67,1,1,1.0
143,41,1.0,29.46,113.69,56.47,1,1,1.0
143,42,127.04,22.96,143.21,50.79,1,1,0.1361
143,43,279.3,6.34,104.46,50.52,1,1,0.0067
143,44,393.43,1.0,103.23,49.34,1,1,0.1063
144,5,782.29,214.19,178.71,120.68,1,1,1.0
144,8,744.96,1.0,216.04,80.85,1,1,0.9668
144,9,667.09,72.96,143.08,75.24,1,1,0.9815
144,10,1.0,465.07,343.68,75.93,1,1,1.0
144,41,1.0,29.58,113.67,56.47,1,1,1.0
144,42,127.09,23.02,143.17,50.83,1,1,0.1214
144,43,279.32,6.41,104.46,50.53,1,1,0.0065
144,44,393.45,1.0,103.25,49.38,1,1,0.1061
145,5,786.35,213.76,174.65,118.97,1,1,1.0
145,8,741.55,1.0,219.45,82.56,1,1,0.9687
145,9,653.01,73.81,146.71,76.52,1,1,0.9825
145,10,1.0,460.8,356.91,80.2,1,1,1.0
145,41,1.0,29.7,113.66,56.47,1,1,1.0
145,42,127.15,23.08,143.12,50.88,1,1,0.1062
145,43,279.34,6.49,104.47,50.54,1,1,0.0067
145,44,393.47,1.0,103.27,49.41,1,1,0.1058
146,5,790.4,213.33,170.6,117.27,1,1,1.0
146,8,738.13,1.0,222.87,84.27,1,1,0.9711
146,9,638.93,74.67,150.34,77.8,1,1,0.9829
146,10,1.0,456.53,370.13,84.47,1,1,1.0
146,41,1.0,29.81,113.65,56.47,1,1,1.0
146,42,127.2,23.15,143.08,50.92,1,1,0.1047
146,43,279.36,6.56,104.47,50.55,1,1,0.0082
146,44,393.49,1.0,103.3,49.44,1,1,0.1056
147,5,794.24,211.63,166.76,117.26,1,1,1.0
147,8,734.72,1.0,226.28,84.48,1,1,1.0
147,9,622.29,75.73,154.39,79.94,1,1,0.9792
147,10,1.0,452.48,382.08,88.52,1,1,1.0
147,41,1.0,29.93,113.64,56.47,1,1,1.0
147,42,127.25,23.21,143.04,50.96,1,1,0.1032
147,43,279.38,6.63,104.47,50.56,1,1,0.0097
147,44,393.51,1.0,103.32,49.47,1,1,0.1053
148,5,798.08,209.92,162.92,117.27,1,1,1.0
148,8,731.31,1.0,229.69,84.69,1,1,1.0
148,9,605.65,76.8,158.44,82.07,1,1,0.9713
148,10,1.0,448.43,394.03,92.57,1,1,1.0
148,41,1.0,30.05,113.63,56.47,1,1,1.0
148,42,127.31,23.28,142.99,51.0,1,1,0.1017
148,43,279.4,6.71,104.47,50.57,1,1,0.0112
148,44,393.54,1.0,103.33,49.5,1,1,0.105
149,5,801.92,208.21,159.08,117.27,1,1,1.0
149,8,727.89,1.0,233.11,84.91,1,1,1.0
149,9,589.01,77.87,162.5,84.2,1,1,0.9639
149,10,13.87,444.37,393.1,96.63,1,1,1.0
149,41,1.0,30.16,113.62,56.47,1,1,1.0
149,42,127.36,23.34,142.95,51.05,1,1,0.1002
149,43,279.42,6.78,104.47,50.58,1,1,0.0366
149,44,393.56,1.0,103.35,49.54,1,1,0.1048
150,5,805.76,206.51,155.24,117.26,1,1,1.0
150,8,724.48,1.0,236.52,85.12,1,1,1.0
150,9,572.37,78.93,166.55,86.34,1,1,0.9706
150,10,17.07,440.32,401.85,100.68,1,1,1.0
150,41,1.0,30.28,113.61,56.47,1,1,1.0
150,42,127.41,23.4,142.91,51.09,1,1,0.0988
150,43,279.45,6.86,104.46,50.59,1,1,0.0365
150,44,393.58,1.0,103.38,49.57,1,1,0.1045
151,5,809.6,204.8,151.4,117.27,1,1,1.0
151,8,721.07,1.0,239.93,85.33,1,1,0.9342
151,9,555.73,80.0,170.6,88.47,1,1,0.9637
151,10,20.27,436.27,410.6,104.73,1,1,1.0
151,11,922.67,51.2,38.33,39.4,1,1,1.0
151,41,1.0,30.4,113.6,56.47,1,1,1.0
151,42,127.47,23.47,142.86,51.13,1,1,0.1111
151,43,279.47,6.93,104.46,50.6,1,1,0.0365
151,44,393.6,1.0,103.4,49.6,1,1,0.1043
152,5,814.29,203.73,146.71,116.2,1,1,1.0
152,8,717.65,1.0,243.35,85.12,1,1,0.9295
152,9,536.75,81.49,174.01,90.18,1,1,0.9732
152,10,29.23,432.21,413.58,108.79,1,1,1.0
152,11,918.4,51.84,42.6,39.4,1,1,1.0
152,41,1.0,30.52,113.59,56.47,1,1,1.0
152,42,127.52,23.53,142.82,51.18,1,1,0.1096
152,43,279.49,7.01,104.46,50.61,1,1,0.0366
152,44,393.62,1.0,103.42,49.63,1,1,0.1044
153,5,818.99,202.67,142.01,115.13,1,1,1.0
153,8,714.24,1.0,246.76,84.91,1,1,0.9252
153,9,517.76,82.99,177.43,91.88,1,1,0.966
153,10,38.19,428.16,416.57,112.84,1,1,1.0
153,11,914.13,52.48,46.87,39.4,1,1,1.0
153,41,1.0,30.64,113.58,56.47,1,1,1.0
153,42,127.57,23.6,142.78,51.22,1,1,0.1082
153,43,279.51,7.08,104.47,50.62,1,1,0.0366
153,44,393.64,1.0,103.45,49.66,1,1,0.1046
154,5,823.68,201.6,137.32,114.07,1,1,1.0
154,8,710.83,1.0,237.37,84.69,1,1,0.9379
154,9,498.77,84.48,180.84,93.59,1,1,0.0102
154,10,47.15,424.11,419.56,116.89,1,1,1.0
154,11,909.87,53.12,51.13,39.4,1,1,1.0
154,41,1.0,30.75,113.57,56.47,1,1,1.0
154,42,127.63,23.66,142.74,51.26,1,1,0.1067
154,43,279.53,7.16,104.47,50.63,1,1,0.0211
154,44,393.66,1.0,103.47,49.7,1,1,0.1047
155,5,828.37,200.53,132.63,113.0,1,1,1.0
155,8,707.41,1.0,239.72,84.48,1,1,0.935
155,9,479.79,85.97,184.25,95.3,1,1,0.9774
155,10,56.11,420.05,422.54,120.95,1,1,1.0
155,11,905.6,53.76,55.4,39.4,1,1,1.0
155,41,1.0,30.87,113.56,56.47,1,1,1.0
155,42,127.68,23.72,142.7,51.3,1,1,0.1057
155,43,279.55,7.23,104.47,50.64,1,1,0.0194
155,44,393.69,1.0,103.48,49.73,1,1,0.1047
156,5,833.07,199.47,127.93,111.93,1,1,1.0
156,8,704.0,1.0,242.07,84.27,1,1,0.9323
156,9,460.8,87.47,187.67,97.0,1,1,0.9721
156,10,65.07,416.0,425.53,125.0,1,1,1.0
156,11,901.33,54.4,59.67,39.4,1,1,1.0
156,41,1.0,30.99,113.55,56.47,1,1,1.0
156,42,127.73,23.79,142.66,51.35,1,1,0.1061
156,43,279.57,7.31,104.47,50.65,1,1,0.0177
156,44,393.71,1.0,103.5,49.76,1,1,0.1048
157,5,837.12,199.04,123.88,110.65,1,1,1.0
157,8,700.8,1.0,242.28,85.33,1,1,0.9283
157,9,436.69,89.81,194.07,98.92,1,1,0.9727
157,10,82.13,412.16,418.28,128.84,1,1,1.0
157,11,896.0,54.83,65.0,39.83,1,1,1.0
157,41,1.0,31.1,113.54,56.47,1,1,1.0
157,42,127.79,23.85,142.61,51.39,1,1,0.1065
157,43,279.59,7.38,104.47,50.66,1,1,0.0161
157,44,393.73,1.0,103.53,49.79,1,1,0.105
158,5,841.17,198.61,119.83,109.38,1,1,1.0
158,8,697.6,1.0,242.49,86.4,1,1,0.9242
158,9,412.59,92.16,200.46,100.84,1,1,0.0002
158,10,99.2,408.32,411.03,132.68,1,1,1.0
158,11,890.67,55.25,70.33,40.25,1,1,1.0
158,41,1.0,31.22,113.53,56.47,1,1,1.0
158,42,127.84,23.92,142.57,51.43,1,1,0.1069
158,43,279.62,7.46,104.46,50.68,1,1,0.0143
158,44,393.75,1.0,103.55,49.82,1,1,0.1051
159,5,845.23,198.19,115.77,108.09,1,1,1.0
159,8,694.4,1.0,242.71,87.47,1,1,0.92
159,9,388.48,94.51,206.87,102.76,1,1,0.0043
159,10,116.27,404.48,403.77,136.52,1,1,1.0
159,11,885.33,55.68,75.67,40.68,1,1,1.0
159,41,1.0,31.34,113.51,56.47,1,1,1.0
159,42,127.89,23.98,142.53,51.47,1,1,0.1073
159,43,279.64,7.53,104.46,50.69,1,1,0.0127
159,44,393.77,1.0,103.57,49.86,1,1,0.1052
160,5,849.28,197.76,111.72,106.81,1,1,1.0
160,8,691.2,1.0,242.92,88.53,1,1,0.9159
160,9,364.37,96.85,213.27,104.68,1,1,0.9759
160,10,133.33,400.64,396.52,140.36,1,1,1.0
160,11,880.0,56.11,81.0,41.11,1,1,1.0
160,41,1.0,31.46,113.5,56.47,1,1,1.0
160,42,127.95,24.04,142.48,51.52,1,1,0.1084
160,43,279.66,7.61,104.47,50.7,1,1,0.011
160,44,393.79,1.0,103.59,49.89,1,1,0.1053
161,5,853.33,197.33,107.67,105.54,1,1,1.0
161,8,688.0,6.4,243.13,84.2,1,1,0.906
161,9,340.27,99.2,219.66,106.6,1,1,0.9698
161,10,150.4,396.8,389.27,144.2,1,1,1.0
161,11,874.67,56.53,71.4,41.53,1,1,0.9793
161,12,940.8,86.4,20.2,29.8,1,1,0.7412
161,41,1.0,31.57,113.49,56.47,1,1,1.0
161,42,128.0,24.11,142.44,51.56,1,1,0.11
161,43,279.68,7.68,104.47,50.71,1,1,0.0094
161,44,393.81,1.0,103.62,49.92,1,1,0.1055
162,5,856.11,196.69,104.89,105.75,1,1,1.0
162,8,684.16,6.61,245.91,84.63,1,1,0.9016
162,9,312.11,101.97,225.42,110.66,1,1,0.0026
162,10,165.97,393.81,383.94,147.19,1,1,1.0
162,11,869.55,57.39,72.25,41.75,1,1,0.9611
162,12,933.55,84.91,27.45,33.85,1,1,0.7455
162,41,1.0,31.69,113.48,56.47,1,1,1.0
162,42,128.05,24.17,142.4,51.6,1,1,0.098
162,43,279.7,7.75,104.47,50.72,1,1,0.0077
162,44,393.83,6.04,103.64,44.91,1,1,0.0062
163,5,858.88,196.05,102.12,105.96,1,1,1.0
163,8,680.32,6.83,248.68,85.05,1,1,0.8973
163,9,283.95,104.75,231.18,114.7,1,1,0.0047
163,10,181.55,390.83,378.6,150.17,1,1,1.0
163,11,864.43,58.24,73.1,41.96,1,1,0.9385
163,12,926.29,83.41,34.71,37.91,1,1,0.7098
163,41,1.0,31.81,113.47,56.47,1,1,1.0
163,42,128.11,24.24,142.35,51.64,1,1,0.0976
163,43,279.72,7.83,104.47,50.73,1,1,0.006
163,44,393.86,6.1,103.65,44.88,1,1,0.0063
164,5,861.65,195.41,99.35,106.18,1,1,1.0
164,8,676.48,7.04,251.45,85.48,1,1,0.8933
164,9,255.79,107.52,236.94,118.76,1,1,0.0049
164,10,197.12,387.84,373.27,153.16,1,1,1.0
164,11,859.31,59.09,73.96,42.18,1,1,0.9117
164,12,919.04,81.92,41.96,41.96,1,1,0.6768
164,41,1.0,31.92,113.46,56.47,1,1,1.0
164,42,128.16,24.3,142.31,51.69,1,1,0.1113
164,43,279.74,7.9,104.47,50.74,1,1,0.0044
164,44,393.88,6.17,103.67,44.85,1,1,0.0068
165,5,864.43,194.77,96.57,106.39,1,1,1.0
165,8,672.64,7.25,254.23,85.91,1,1,0.8895
165,9,227.63,110.29,242.7,122.82,1,1,0.0024
165,10,212.69,384.85,367.94,156.15,1,1,1.0
165,11,854.19,59.95,74.81,42.38,1,1,0.8811
165,12,911.79,80.43,49.21,46.01,1,1,0.6442
165,41,1.0,32.04,113.45,56.47,1,1,1.0
165,42,128.21,24.36,142.27,51.73,1,1,0.111
165,43,279.77,7.98,104.46,50.75,1,1,0.0026
165,44,393.9,6.23,103.7,44.82,1,1,0.0078
166,5,867.2,194.13,93.8,106.6,1,1,1.0
166,8,668.8,7.47,257.0,86.33,1,1,0.8875
166,9,199.47,113.07,248.46,126.86,1,1,0.9277
166,10,228.27,381.87,362.6,159.13,1,1,1.0
166,11,849.07,60.8,75.66,42.6,1,1,0.8467
166,12,904.53,78.93,56.47,50.07,1,1,0.6205
166,41,1.0,32.16,113.44,56.47,1,1,1.0
166,42,128.27,24.43,142.22,51.77,1,1,0.1106
166,43,279.79,8.05,104.46,50.76,1,1,0.002
166,44,393.92,6.29,103.72,44.79,1,1,0.0087
167,5,870.4,192.21,90.6,105.54,1,1,1.0
167,8,664.75,7.68,258.06,85.69,1,1,0.8895
167,9,165.76,116.27,254.44,129.85,1,1,0.0009
167,10,241.71,377.6,358.33,163.4,1,1,1.0
167,11,842.88,61.44,76.52,43.67,1,1,0.8287
167,12,896.21,80.43,64.79,50.28,1,1,0.5881
167,41,1.0,32.28,113.43,56.47,1,1,1.0
167,42,128.32,24.49,142.18,51.82,1,1,0.1103
167,43,279.81,8.13,104.46,50.77,1,1,0.0018
167,44,393.94,6.36,103.74,44.75,1,1,0.0096
168,5,873.6,190.29,87.4,104.47,1,1,1.0
168,8,660.69,7.89,259.14,85.05,1,1,0.8916
168,9,132.05,119.47,260.42,132.84,1,1,0.9326
168,10,255.15,373.33,354.06,167.67,1,1,1.0
168,11,836.69,62.08,77.38,44.73,1,1,0.8117
168,12,887.89,81.92,73.11,50.49,1,1,0.5568
168,41,1.0,32.4,113.42,56.47,1,1,1.0
168,42,128.37,24.56,142.14,51.86,1,1,0.11
168,43,279.83,8.2,104.47,50.78,1,1,0.0016
168,44,393.96,6.42,103.77,44.72,1,1,0.0106
169,5,876.8,188.37,84.2,103.4,1,1,1.0
169,8,656.64,8.11,260.2,84.41,1,1,0.8939
169,9,98.35,122.67,266.38,135.82,1,1,0.9418
169,10,268.59,369.07,349.8,171.93,1,1,1.0
169,11,830.51,62.72,78.22,45.8,1,1,0.7956
169,12,879.57,83.41,81.43,50.71,1,1,0.5661
169,41,1.0,32.51,113.41,56.47,1,1,1.0
169,42,128.43,24.62,142.1,51.9,1,1,0.1096
169,43,279.85,8.28,104.47,50.79,1,1,0.0028
169,44,393.98,6.49,103.79,44.69,1,1,0.0041
170,5,880.0,186.45,81.0,102.34,1,1,1.0
170,8,652.59,8.32,261.26,83.77,1,1,0.8962
170,9,64.64,125.87,272.36,138.81,1,1,0.9426
170,10,282.03,364.8,345.53,176.2,1,1,1.0
170,11,824.32,63.36,79.08,46.87,1,1,0.7803
170,12,871.25,84.91,89.75,50.92,1,1,0.5844
170,41,1.0,32.63,113.4,56.47,1,1,1.0
170,42,128.48,24.68,142.06,51.94,1,1,0.1092
170,43,279.87,8.35,104.47,50.8,1,1,0.0043
170,44,394.01,6.55,103.8,44.66,1,1,0.0047
171,5,883.2,184.53,77.8,101.27,1,1,1.0
171,8,648.53,8.53,262.34,83.13,1,1,0.8986
171,9,30.93,129.07,278.34,141.8,1,1,0.9445
171,10,295.47,360.53,341.26,180.47,1,1,1.0
171,11,818.13,64.0,79.94,47.93,1,1,0.7659
171,12,862.93,86.4,98.07,51.13,1,1,0.5826
171,41,1.0,32.75,113.39,56.47,1,1,1.0
171,42,128.53,24.75,142.02,51.99,1,1,0.1089
171,43,279.89,8.43,104.47,50.81,1,1,0.0058
171,44,394.03,6.61,103.82,44.63,1,1,0.0054
172,5,886.19,184.11,74.81,99.34,1,1,1.0
172,8,644.48,7.89,263.83,84.2,1,1,0.8991
172,9,25.39,132.27,251.88,139.45,1,1,0.9688
172,10,308.91,357.12,336.36,183.88,1,1,1.0
172,11,811.09,64.64,81.64,47.51,1,1,0.7541
172,12,853.76,87.68,94.01,51.99,1,1,0.5587
172,41,1.0,32.86,113.38,56.47,1,1,1.0
172,42,128.59,24.81,141.97,52.03,1,1,0.1289
172,43,279.91,8.5,104.47,50.82,1,1,0.0073
172,44,394.05,6.68,103.85,44.59,1,1,0.0061
173,5,889.17,183.68,71.83,97.43,1,1,1.0
173,8,640.43,7.25,265.32,85.27,1,1,0.8996
173,9,19.84,135.47,225.43,137.1,1,1,0.9881
173,10,322.35,353.71,331.45,187.29,1,1,1.0
173,11,804.05,65.28,83.35,47.08,1,1,0.7447
173,12,844.59,88.96,95.29,52.84,1,1,0.5496
173,41,1.0,32.98,113.37,56.47,1,1,1.0
173,42,128.64,24.88,141.93,52.07,1,1,0.1275
173,43,279.94,8.58,104.46,50.84,1,1,0.0087
173,44,394.07,6.74,103.87,44.56,1,1,0.0068
174,5,892.16,183.25,68.84,95.51,1,1,1.0
174,8,636.37,6.61,266.82,86.33,1,1,0.9002
174,9,14.29,138.67,198.98,134.76,1,1,0.9988
174,10,335.79,350.29,326.54,190.71,1,1,1.0
174,11,797.01,65.92,85.06,46.65,1,1,0.7374
174,12,835.41,90.24,96.58,53.69,1,1,0.52
174,41,1.0,33.1,113.35,56.47,1,1,1.0
174,42,128.69,24.94,141.89,52.11,1,1,0.127
174,43,279.96,8.65,104.46,50.85,1,1,0.0101
174,44,394.09,6.81,103.89,44.53,1,1,0.0344
175,5,895.15,182.83,65.85,93.58,1,1,1.0
175,8,632.32,1.0,268.31,92.37,1,1,0.9061
175,9,1.0,141.87,180.27,132.41,1,1,1.0
175,10,349.23,346.88,321.64,194.12,1,1,1.0
175,11,789.97,66.56,86.76,46.23,1,1,0.7323
175,12,826.24,91.52,97.85,54.55,1,1,0.5221
175,41,1.0,33.22,113.34,56.47,1,1,1.0
175,42,128.75,25.0,141.84,52.16,1,1,0.1273
175,43,279.98,8.73,104.47,50.86,1,1,0.0116
175,44,394.11,6.87,103.91,44.5,1,1,0.0337
176,5,898.13,182.4,62.87,91.67,1,1,1.0
176,8,628.27,1.0,269.8,92.8,1,1,0.906
176,9,1.0,145.07,148.27,130.06,1,1,1.0
176,10,362.67,343.47,316.73,197.53,1,1,1.0
176,11,782.93,67.2,88.47,45.8,1,1,0.7291
176,12,817.07,92.8,99.13,55.4,1,1,0.5673
176,41,1.0,33.33,113.33,56.47,1,1,1.0
176,42,128.8,25.07,141.8,52.2,1,1,0.1277
176,43,280.0,8.8,104.47,50.87,1,1,0.0367
176,44,394.13,6.93,103.94,44.47,1,1,0.033
177,5,901.12,182.83,59.88,89.74,1,1,1.0
177,8,624.85,6.4,271.08,87.4,1,1,0.9021
177,10,374.4,339.84,313.32,193.0,1,1,1.0
177,11,775.89,67.84,89.32,46.44,1,1,0.7115
177,12,805.97,94.08,102.34,55.4,1,1,0.585
177,41,1.0,33.45,113.32,56.47,1,1,1.0
177,42,128.85,25.13,141.76,52.24,1,1,0.1281
177,43,280.02,8.87,104.47,50.88,1,1,0.0221
177,44,394.15,7.0,103.96,44.43,1,1,0.0323
178,5,904.11,183.25,56.89,87.83,1,1,1.0
178,8,621.44,7.47,272.36,86.33,1,1,0.9029
178,10,386.13,336.21,309.91,189.8,1,1,1.0
178,11,768.85,68.48,90.18,47.08,1,1,0.6948
178,12,794.88,95.36,105.53,55.4,1,1,0.5935
178,41,1.0,33.57,113.31,56.47,1,1,1.0
178,42,128.91,25.2,141.71,52.28,1,1,0.1284
178,43,280.04,8.95,104.47,50.89,1,1,0.0206
178,44,394.18,7.06,103.97,44.4,1,1,0.0316
179,5,907.09,183.68,53.91,85.91,1,1,1.0
179,8,618.03,8.53,273.64,85.27,1,1,0.9037
179,10,397.87,332.59,306.49,186.6,1,1,1.0
179,11,761.81,69.12,91.03,47.72,1,1,0.6789
179,12,783.79,96.64,108.73,55.4,1,1,0.6029
179,41,1.0,33.68,113.3,56.47,1,1,1.0
179,42,128.96,25.26,141.67,52.33,1,1,0.1288
179,43,280.06,9.02,104.47,50.9,1,1,0.0192
179,44,394.2,7.13,103.99,44.37,1,1,0.0309
180,5,910.08,184.11,50.92,83.98,1,1,1.0
180,8,614.61,9.6,274.92,84.2,1,1,0.9046
180,10,409.6,328.96,303.08,183.4,1,1,1.0
180,11,754.77,69.76,91.88,48.36,1,1,0.6638
180,12,772.69,97.92,111.94,55.4,1,1,0.6045
180,41,1.0,33.8,113.29,56.47,1,1,1.0
180,42,129.01,25.32,141.63,52.37,1,1,0.1292
180,43,280.09,9.1,104.46,50.91,1,1,0.0177
180,44,394.22,7.19,104.02,44.34,1,1,0.0302
181,5,913.07,184.53,47.93,82.07,1,1,1.0
181,8,611.2,10.67,276.2,83.13,1,1,0.9055
181,10,421.33,325.33,299.67,180.2,1,1,1.0
181,11,747.73,70.4,92.74,49.0,1,1,0.6494
181,12,761.6,99.2,115.13,55.4,1,1,0.6218
181,13,937.6,59.73,23.4,31.93,1,1,1.0
181,41,1.0,33.92,113.28,56.47,1,1,1.0
181,42,129.07,25.39,141.58,52.41,1,1,0.1159
181,43,280.11,9.17,104.46,50.92,1,1,0.0162
181,44,394.24,7.25,104.04,44.31,1,1,0.0295
182,5,915.63,184.96,45.37,79.29,1,1,1.0
182,8,606.29,10.03,279.4,84.84,1,1,0.9057
182,10,433.07,322.77,294.76,178.28,1,1,1.0
182,11,739.41,71.04,93.8,49.0,1,1,0.6513
182,12,749.44,100.91,117.05,56.68,1,1,0.6308
182,13,932.91,58.45,28.09,33.64,1,1,1.0
182,41,1.0,34.04,113.27,56.47,1,1,1.0
182,42,129.12,25.45,141.54,52.46,1,1,0.1145
182,43,280.13,9.25,104.46,50.93,1,1,0.0148
182,44,394.26,7.32,104.06,44.27,1,1,0.0288
183,5,918.19,185.39,42.81,76.52,1,1,1.0
183,8,601.39,9.39,282.6,86.55,1,1,0.9059
183,10,444.8,320.21,289.85,176.36,1,1,1.0
183,11,731.09,71.68,94.87,49.0,1,1,0.6553
183,12,737.28,102.61,118.97,57.96,1,1,0.5858
183,13,928.21,57.17,32.79,35.35,1,1,1.0
183,41,1.0,34.16,113.26,56.47,1,1,1.0
183,42,129.17,25.52,141.5,52.5,1,1,0.1131
183,43,280.15,9.32,104.47,50.94,1,1,0.0133
183,44,394.28,7.38,104.09,44.24,1,1,0.0281
184,5,920.75,185.81,40.25,73.75,1,1,1.0
184,8,596.48,8.75,285.8,88.25,1,1,0.9061
184,10,456.53,317.65,284.95,174.44,1,1,1.0
184,11,722.77,72.32,95.94,49.0,1,1,0.6616
184,12,725.12,104.32,120.89,59.24,1,1,0.602
184,13,923.52,55.89,37.48,37.05,1,1,1.0
184,41,1.0,34.27,113.25,56.47,1,1,1.0
184,42,129.23,25.58,141.46,52.54,1,1,0.1256
184,43,280.17,9.4,104.47,50.95,1,1,0.0118
184,44,394.3,7.45,104.11,44.21,1,1,0.0274
185,5,923.31,186.24,37.69,70.97,1,1,1.0
185,8,591.57,8.11,289.0,89.96,1,1,0.9063
185,10,468.27,315.09,280.04,172.52,1,1,1.0
185,11,714.45,72.96,97.0,49.0,1,1,0.6749
185,12,712.96,106.03,122.81,60.52,1,1,0.565
185,13,918.83,54.61,42.17,38.76,1,1,1.0
185,41,1.0,34.39,113.24,56.47,1,1,1.0
185,42,129.28,25.64,141.42,52.58,1,1,0.1242
185,43,280.19,9.47,104.47,50.96,1,1,0.0104
185,44,394.33,7.51,104.12,44.18,1,1,0.0267
186,5,925.87,186.67,35.13,68.2,1,1,1.0
186,8,586.67,7.47,292.2,91.67,1,1,0.9065
186,10,480.0,312.53,275.13,170.6,1,1,1.0
186,11,706.13,73.6,98.07,49.0,1,1,0.6965
186,12,700.8,107.73,124.73,61.8,1,1,0.5692
186,13,914.13,53.33,46.87,40.47,1,1,1.0
186,41,1.0,34.51,113.23,56.47,1,1,1.0
186,42,129.33,25.71,141.38,52.63,1,1,0.1228
186,43,280.21,9.55,104.47,50.97,1,1,0.0089
186,44,394.35,7.57,104.14,44.15,1,1,0.026
187,8,583.25,7.47,293.48,92.52,1,1,0.905
187,10,490.88,310.19,271.29,167.18,1,1,1.0
187,11,697.17,74.24,100.2,49.64,1,1,0.7091
187,12,686.29,109.44,128.36,63.08,1,1,0.5479
187,13,909.87,53.76,51.13,40.68,1,1,1.0
187,41,1.0,34.62,113.22,56.47,1,1,1.0
187,42,129.39,25.77,141.33,52.67,1,1,0.1214
187,43,280.23,9.62,104.47,50.98,1,1,0.0074
187,44,394.37,7.64,104.17,44.11,1,1,0.0082
188,8,579.84,7.47,294.76,93.37,1,1,0.9035
188,10,501.76,307.84,267.45,163.77,1,1,1.0
188,11,688.21,74.88,102.34,50.28,1,1,0.7214
188,12,671.79,111.15,131.98,64.36,1,1,0.5501
188,13,905.6,54.19,55.4,40.89,1,1,1.0
188,41,1.0,34.74,113.21,56.47,1,1,1.0
188,42,129.44,25.84,141.29,52.71,1,1,0.12
188,43,280.26,9.7,104.46,51.0,1,1,0.006
188,44,394.39,7.7,104.19,44.08,1,1,0.0068
189,8,576.43,7.47,296.04,94.22,1,1,0.902
189,10,512.64,305.49,263.61,160.36,1,1,1.0
189,11,679.25,75.52,104.47,50.92,1,1,0.7331
189,12,657.28,112.85,135.61,65.64,1,1,0.5077
189,13,901.33,54.61,59.67,41.11,1,1,1.0
189,41,1.0,34.86,113.19,56.47,1,1,1.0
189,42,129.49,25.9,141.25,52.75,1,1,0.1186
189,43,280.28,9.77,104.46,51.01,1,1,0.0045
189,44,394.41,7.77,104.21,44.05,1,1,0.0053
190,8,573.01,7.47,297.32,95.08,1,1,0.9005
190,10,523.52,303.15,259.77,156.94,1,1,1.0
190,11,670.29,76.16,106.6,51.56,1,1,0.7448
190,12,642.77,114.56,139.24,66.92,1,1,0.5112
190,13,897.07,55.04,63.93,41.32,1,1,1.0
190,41,1.0,34.98,113.18,56.47,1,1,1.0
190,42,129.55,25.96,141.2,52.8,1,1,0.1171
190,43,280.3,9.85,104.47,51.02,1,1,0.003
190,44,394.43,7.83,104.23,44.02,1,1,0.0039
191,8,569.6,7.47,298.6,95.93,1,1,0.899
191,10,534.4,300.8,255.93,153.53,1,1,1.0
191,11,661.33,76.8,108.74,52.2,1,1,0.7561
191,12,628.27,116.27,142.86,68.2,1,1,0.5243
191,13,892.8,55.47,68.2,41.53,1,1,1.0
191,41,1.0,35.09,113.17,56.47,1,1,1.0
191,42,129.6,26.03,141.16,52.84,1,1,0.1162
191,43,280.32,9.92,104.47,51.03,1,1,0.0016
191,44,394.45,7.89,104.26,43.99,1,1,0.0024
192,8,565.33,7.47,300.52,95.08,1,1,0.9052
192,10,543.15,297.6,253.37,152.68,1,1,1.0
192,11,651.95,77.87,109.8,53.26,1,1,1.0
192,12,610.77,117.97,146.28,70.34,1,1,0.5165
192,13,887.47,55.68,73.53,42.17,1,1,1.0
192,41,1.0,35.21,113.16,56.47,1,1,1.0
192,42,129.65,26.09,141.12,52.88,1,1,0.1159
192,43,280.34,9.99,104.47,51.04,1,1,0.0007
192,44,394.47,7.96,104.28,43.95,1,1,0.001
193,8,561.07,7.47,302.44,94.22,1,1,0.9115
193,10,551.89,294.4,250.82,151.83,1,1,1.0
193,11,642.56,78.93,110.87,54.34,1,1,1.0
193,12,593.28,119.68,149.69,72.47,1,1,0.531
193,13,882.13,55.89,78.87,42.81,1,1,1.0
193,41,1.0,35.33,113.15,56.47,1,1,1.0
193,42,129.71,26.16,141.07,52.92,1,1,0.1168
193,43,280.36,10.07,104.47,51.05,1,1,0.0023
193,44,394.5,8.02,104.29,43.92,1,1,0.0
194,8,556.8,7.47,304.36,93.37,1,1,0.9179
194,10,560.64,291.2,248.25,150.97,1,1,1.0
194,11,633.17,80.0,111.94,55.4,1,1,1.0
194,12,575.79,121.39,153.1,74.6,1,1,0.5182
194,13,876.8,56.11,84.2,43.45,1,1,1.0
194,41,1.0,35.44,113.14,56.47,1,1,1.0
194,42,129.76,26.22,141.03,52.97,1,1,0.1183
194,43,280.38,10.14,104.47,51.06,1,1,0.004
194,44,394.52,8.09,104.31,43.89,1,1,0.0
195,8,552.53,7.47,306.28,92.52,1,1,0.9246
195,10,569.39,288.0,245.69,150.12,1,1,1.0
195,11,623.79,81.07,113.0,56.46,1,1,1.0
195,12,558.29,123.09,156.52,76.74,1,1,0.5331
195,13,871.47,56.32,89.53,44.09,1,1,1.0
195,41,1.0,35.56,113.13,56.47,1,1,1.0
195,42,129.81,26.28,140.99,53.01,1,1,0.1197
195,43,280.41,10.22,104.46,51.07,1,1,0.0056
195,44,394.54,8.15,104.34,43.86,1,1,0.0
196,8,548.27,7.47,308.2,91.67,1,1,0.9314
196,10,578.13,284.8,243.14,149.27,1,1,1.0
196,11,614.4,82.13,114.07,57.54,1,1,1.0
196,12,540.8,124.8,159.93,78.87,1,1,0.5344
196,13,866.13,56.53,94.87,44.74,1,1,1.0
196,41,1.0,35.68,113.12,56.47,1,1,1.0
196,42,129.87,26.35,140.94,53.05,1,1,0.1211
196,43,280.43,10.29,104.46,51.08,1,1,0.0073
196,44,394.56,8.21,104.36,43.83,1,1,0.0
197,8,544.85,8.11,309.7,91.88,1,1,0.9322
197,10,586.88,282.88,240.36,146.71,1,1,1.0
197,11,603.09,83.41,116.42,59.03,1,1,1.0
197,12,519.89,127.57,164.63,80.36,1,1,0.5283
197,13,861.01,57.17,84.84,45.38,1,1,1.0
197,41,1.0,35.8,113.11,56.47,1,1,1.0
197,42,129.92,26.41,140.9,53.1,1,1,0.1226
197,43,280.45,10.37,104.46,51.09,1,1,0.009
197,44,394.58,8.28,104.38,43.79,1,1,0.0
198,8,541.44,8.75,311.19,92.09,1,1,0.9331
198,10,595.63,280.96,237.58,144.15,1,1,1.0
198,11,591.79,84.69,118.76,60.52,1,1,1.0
198,12,498.99,130.35,169.32,81.85,1,1,0.5361
198,13,855.89,57.81,85.48,46.02,1,1,1.0
198,41,1.0,35.92,113.1,56.47,1,1,1.0
198,42,129.97,26.48,140.86,53.14,1,1,0.124
198,43,280.47,10.44,104.47,51.1,1,1,0.0106
198,44,394.6,8.34,104.41,43.76,1,1,0.0001
199,8,538.03,9.39,312.68,92.3,1,1,0.934
199,10,604.37,279.04,234.82,141.59,1,1,1.0
199,11,580.48,85.97,121.11,62.02,1,1,1.0
199,12,478.08,133.12,174.01,83.35,1,1,0.5145
199,13,850.77,58.45,86.12,46.66,1,1,1.0
199,41,1.0,36.03,113.09,56.47,1,1,1.0
199,42,130.03,26.54,140.82,53.18,1,1,0.1254
199,43,280.49,10.52,104.47,51.11,1,1,0.0123
199,44,394.62,8.41,104.43,43.73,1,1,0.0005
200,8,534.61,10.03,314.18,92.52,1,1,0.9303
200,10,613.12,277.12,232.04,139.03,1,1,1.0
200,11,569.17,87.25,123.46,63.51,1,1,1.0
200,12,457.17,135.89,178.71,84.84,1,1,0.5221
200,13,845.65,59.09,86.76,47.3,1,1,1.0
200,41,1.0,36.15,113.08,56.47,1,1,1.0
200,42,130.08,26.6,140.78,53.22,1,1,0.1131
200,43,280.51,10.59,104.47,51.12,1,1,0.014
200,44,394.65,8.47,104.44,43.7,1,1,0.0009
201,8,531.2,10.67,315.67,92.73,1,1,0.9267
201,10,621.87,275.2,229.26,136.47,1,1,1.0
201,11,557.87,88.53,125.8,65.0,1,1,1.0
201,12,436.27,138.67,183.4,86.33,1,1,0.5268
201,13,840.53,59.73,87.4,47.94,1,1,1.0
201,41,1.0,36.27,113.07,56.47,1,1,1.0
201,42,130.13,26.67,140.74,53.27,1,1,0.1128
201,43,280.53,10.67,104.47,51.13,1,1,0.0
201,44,394.67,8.53,104.46,43.67,1,1,0.0012
202,8,529.07,10.03,315.88,92.73,1,1,0.9289
202,10,629.12,273.07,226.71,136.04,1,1,1.0
202,11,545.49,90.03,127.72,65.64,1,1,1.0
202,12,412.37,142.72,186.39,87.4,1,1,0.5181
202,13,834.13,60.59,88.04,48.14,1,1,1.0
202,41,1.0,36.33,113.31,56.46,1,1,1.0
202,42,130.38,26.71,140.7,53.24,1,1,0.1116
202,43,280.8,10.74,104.4,51.14,1,1,0.0134
202,44,395.04,8.64,104.4,43.68,1,1,0.0134
203,8,526.93,9.39,316.1,92.73,1,1,0.9319
203,10,636.37,270.93,224.15,135.62,1,1,1.0
203,11,533.12,91.52,129.64,66.28,1,1,1.0
203,12,388.48,146.77,189.37,88.47,1,1,0.514
203,13,827.73,61.44,88.68,48.36,1,1,1.0
203,41,1.0,36.4,113.56,56.44,1,1,1.0
203,42,130.62,26.75,140.67,53.2,1,1,0.1322
203,43,281.07,10.82,104.34,51.16,1,1,0.0357
203,44,395.41,8.75,104.34,43.69,1,1,0.0057
204,8,524.8,8.75,316.31,92.73,1,1,0.9368
204,10,643.63,268.8,221.58,135.19,1,1,1.0
204,11,520.75,93.01,131.56,66.92,1,1,1.0
204,12,364.59,150.83,192.36,89.53,1,1,0.5269
204,13,821.33,62.29,89.32,48.58,1,1,1.0
204,41,1.0,36.46,113.8,56.43,1,1,1.0
204,42,130.87,26.8,140.64,53.17,1,1,0.1313
204,43,281.33,10.89,104.28,51.16,1,1,0.0337
204,44,395.79,8.85,104.27,43.7,1,1,0.0282
205,8,522.67,8.11,316.52,92.73,1,1,0.9431
205,10,650.88,266.67,219.03,134.76,1,1,1.0
205,11,508.37,94.51,133.48,67.56,1,1,1.0
205,12,340.69,154.88,195.35,90.6,1,1,0.5254
205,13,814.93,63.15,89.96,48.78,1,1,1.0
205,41,1.0,36.52,114.05,56.42,1,1,1.0
205,42,131.11,26.84,140.61,53.14,1,1,0.1305
205,43,281.6,10.96,104.21,51.18,1,1,0.024
205,44,396.16,8.96,104.21,43.71,1,1,0.0238
206,8,520.53,7.47,316.74,92.73,1,1,0.9487
206,10,658.13,264.53,216.47,134.34,1,1,1.0
206,11,496.0,96.0,135.4,68.2,1,1,1.0
206,12,316.8,158.93,198.33,91.67,1,1,0.5384
206,13,808.53,64.0,90.6,49.0,1,1,1.0
206,41,1.0,36.59,114.29,56.41,1,1,1.0
206,42,131.36,26.88,140.57,53.11,1,1,0.123
206,43,281.87,11.04,104.14,51.19,1,1,0.02
206,44,396.53,9.07,104.15,43.72,1,1,0.0213
207,8,515.41,8.11,320.58,93.16,1,1,0.9443
207,10,665.6,262.83,213.69,131.77,1,1,1.0
207,11,481.49,97.07,138.18,69.69,1,1,1.0
207,12,285.23,163.41,205.8,95.3,1,1,0.5118
207,13,802.13,65.07,91.88,49.21,1,1,1.0
207,41,1.0,36.65,114.54,56.4,1,1,1.0
207,42,131.61,26.92,140.54,53.07,1,1,0.1206
207,43,282.13,11.12,104.09,51.2,1,1,0.0173
207,44,396.91,9.17,104.08,43.73,1,1,0.0292
208,8,510.29,8.75,324.42,93.58,1,1,0.94
208,10,673.07,261.12,210.92,129.21,1,1,1.0
208,11,466.99,98.13,140.94,71.19,1,1,1.0
208,12,253.65,167.89,213.27,98.92,1,1,0.5074
208,13,795.73,66.13,93.16,49.43,1,1,1.0
208,41,1.0,36.72,114.78,56.39,1,1,1.0
208,42,131.85,26.96,140.51,53.04,1,1,0.1183
208,43,282.4,11.19,104.02,51.21,1,1,0.0158
208,44,397.28,9.28,104.02,43.74,1,1,0.0266
209,8,505.17,9.39,328.26,94.01,1,1,0.9359
209,10,680.53,259.41,208.15,126.66,1,1,1.0
209,11,452.48,99.2,143.72,72.68,1,1,1.0
209,12,222.08,172.37,220.73,102.55,1,1,0.484
209,13,789.33,67.2,94.44,49.64,1,1,1.0
209,41,1.0,36.78,115.03,56.38,1,1,1.0
209,42,132.1,27.01,140.47,53.01,1,1,0.1158
209,43,282.67,11.26,103.95,51.22,1,1,0.0144
209,44,397.65,9.39,103.96,43.75,1,1,0.0263
210,8,500.05,10.03,332.1,94.44,1,1,0.9319
210,10,688.0,257.71,205.37,124.09,1,1,1.0
210,11,437.97,100.27,146.5,74.17,1,1,1.0
210,12,190.51,176.85,228.2,106.18,1,1,0.482
210,13,782.93,68.27,95.72,49.85,1,1,1.0
210,41,1.0,36.84,115.27,56.37,1,1,1.0
210,42,132.34,27.05,140.45,52.98,1,1,0.1134
210,43,282.93,11.34,103.89,51.23,1,1,0.0231
210,44,398.03,9.49,103.89,43.76,1,1,0.0173
211,8,494.93,10.67,335.94,94.86,1,1,0.928
211,10,695.47,256.0,202.6,121.53,1,1,1.0
211,11,423.47,101.33,149.26,75.67,1,1,1.0
211,12,158.93,181.33,235.67,109.8,1,1,0.4651
211,13,776.53,69.33,97.0,50.07,1,1,1.0
211,41,1.0,36.91,115.52,56.36,1,1,1.0
211,42,132.59,27.09,140.41,52.95,1,1,0.111
211,43,283.2,11.41,103.83,51.24,1,1,0.0194
211,44,398.4,9.6,103.83,43.77,1,1,0.0171
212,8,491.31,10.88,337.21,97.21,1,1,0.9306
212,10,702.51,254.08,199.61,120.25,1,1,1.0
212,11,407.47,103.04,151.4,76.52,1,1,1.0
212,12,127.79,185.17,238.22,114.28,1,1,0.4667
212,13,768.85,69.97,98.28,50.71,1,1,1.0
212,41,1.0,36.97,115.77,56.35,1,1,1.0
212,42,132.83,27.14,140.38,52.92,1,1,0.0961
212,43,283.47,11.49,103.76,51.25,1,1,0.0172
212,44,398.77,9.71,103.77,43.78,1,1,0.0283
213,8,487.68,11.09,338.49,99.56,1,1,0.9228
213,10,709.55,252.16,196.62,118.97,1,1,1.0
213,11,391.47,104.75,153.53,77.37,1,1,1.0
213,12,96.64,189.01,240.79,118.76,1,1,0.464
213,13,761.17,70.61,99.56,51.35,1,1,1.0
213,41,1.0,37.03,116.01,56.34,1,1,1.0
213,42,133.08,27.18,140.35,52.88,1,1,0.0951
213,43,283.73,11.56,103.7,51.26,1,1,0.0152
213,44,399.15,9.81,103.7,43.79,1,1,0.0242
214,8,484.05,11.31,339.78,101.9,1,1,0.9148
214,10,716.59,250.24,193.64,117.69,1,1,1.0
214,11,375.47,106.45,155.66,78.23,1,1,1.0
214,12,65.49,192.85,243.35,123.24,1,1,0.4648
214,13,753.49,71.25,100.84,51.99,1,1,1.0
214,41,1.0,37.1,116.26,56.33,1,1,1.0
214,42,133.32,27.22,140.32,52.85,1,1,0.0942
214,43,284.0,11.64,103.63,51.27,1,1,0.0131
214,44,399.52,9.92,103.63,43.8,1,1,0.0199
215,8,480.43,11.52,341.05,104.25,1,1,0.9066
215,10,723.63,248.32,190.65,116.41,1,1,1.0
215,11,359.47,108.16,157.8,79.08,1,1,1.0
215,12,34.35,196.69,245.9,127.72,1,1,0.4644
215,13,745.81,71.89,102.12,52.63,1,1,1.0
215,41,1.0,37.16,116.5,56.32,1,1,1.0
215,42,133.57,27.26,140.28,52.82,1,1,0.0872
215,43,284.27,11.71,103.57,51.28,1,1,0.0056
215,44,399.89,10.03,103.57,43.82,1,1,0.0012
216,8,476.8,11.73,342.33,106.6,1,1,0.8983
216,10,730.67,246.4,187.66,115.13,1,1,1.0
216,11,343.47,109.87,159.93,79.93,1,1,1.0
216,12,1.0,200.53,250.67,132.2,1,1,0.4728
216,13,738.13,72.53,103.4,53.27,1,1,1.0
216,41,1.0,37.23,116.75,56.31,1,1,1.0
216,42,133.81,27.31,140.26,52.79,1,1,0.0848
216,43,284.53,11.79,103.51,51.29,1,1,0.0057
216,44,400.27,10.13,103.5,43.83,1,1,0.0
217,8,473.39,11.95,343.4,106.17,1,1,0.8933
217,10,736.21,244.27,185.96,114.49,1,1,1.0
217,11,325.33,111.79,163.35,81.42,1,1,1.0
217,12,1.0,207.79,214.19,125.8,1,1,0.5067
217,13,729.81,73.39,105.32,53.9,1,1,1.0
217,41,1.0,37.29,116.99,56.3,1,1,1.0
217,42,134.06,27.35,140.22,52.76,1,1,0.0824
217,43,284.8,11.86,103.44,51.3,1,1,0.0175
217,44,400.64,10.24,103.44,43.84,1,1,0.0
218,8,469.97,12.16,344.47,105.75,1,1,0.8886
218,10,741.76,242.13,184.25,113.86,1,1,1.0
218,11,307.2,113.71,166.76,82.92,1,1,1.0
218,12,1.0,215.04,177.71,119.4,1,1,0.5353
218,13,721.49,74.24,107.24,54.55,1,1,1.0
218,41,1.0,37.35,117.24,56.28,1,1,1.0
218,42,134.3,27.39,140.19,52.72,1,1,0.0799
218,43,285.07,11.94,103.38,51.32,1,1,0.0151
218,44,401.01,10.35,103.38,43.85,1,1,0.0096
219,8,466.56,12.37,345.53,105.32,1,1,0.8842
219,10,747.31,240.0,182.54,113.21,1,1,1.0
219,11,289.07,115.63,170.17,84.41,1,1,1.0
219,12,1.0,222.29,141.23,113.0,1,1,0.5756
219,13,713.17,75.09,109.16,55.19,1,1,1.0
219,41,1.0,37.42,117.48,56.27,1,1,1.0
219,42,134.55,27.44,140.16,52.69,1,1,0.0774
219,43,285.33,12.01,103.32,51.32,1,1,0.013
219,44,401.39,10.45,103.31,43.86,1,1,0.0059
220,8,463.15,12.59,346.6,104.89,1,1,0.8802
220,10,752.85,237.87,180.84,112.57,1,1,1.0
220,11,270.93,117.55,173.59,85.9,1,1,1.0
220,12,1.0,229.55,104.75,106.6,1,1,0.6263
220,13,704.85,75.95,111.08,55.82,1,1,1.0
220,41,1.0,37.48,117.73,56.26,1,1,1.0
220,42,134.79,27.48,140.13,52.66,1,1,0.075
220,43,285.6,12.08,103.25,51.34,1,1,0.012
220,44,401.76,10.56,103.25,43.87,1,1,0.0023
221,8,459.73,12.8,347.67,104.47,1,1,0.8765
221,10,758.4,235.73,179.13,111.94,1,1,1.0
221,11,252.8,119.47,177.0,87.4,1,1,1.0
221,12,1.0,236.8,68.27,100.2,1,1,0.6776
221,13,696.53,76.8,113.0,56.47,1,1,1.0
221,14,936.53,57.6,24.47,33.0,1,1,1.0
221,41,1.0,37.55,117.97,56.25,1,1,1.0
221,42,135.04,27.52,140.09,52.63,1,1,0.0734
221,43,285.87,12.16,103.18,51.35,1,1,0.0116
221,44,402.13,10.67,103.19,43.88,1,1,0.0002
222,8,455.68,12.8,350.23,104.47,1,1,0.8744
222,10,764.37,234.24,178.5,111.29,1,1,1.0
222,11,232.53,121.6,179.56,89.32,1,1,1.0
222,13,686.93,77.44,115.35,57.32,1,1,1.0
222,14,931.63,56.11,29.37,35.56,1,1,1.0
222,41,1.0,37.61,118.22,56.24,1,1,1.0
222,42,135.29,27.56,140.06,52.59,1,1,0.0725
222,43,286.13,12.24,103.13,51.36,1,1,0.014
222,44,402.51,10.77,103.12,43.89,1,1,0.0281
223,8,451.63,12.8,352.78,104.47,1,1,0.8748
223,10,770.35,232.75,177.85,110.65,1,1,1.0
223,11,212.27,123.73,182.12,91.24,1,1,1.0
223,13,677.33,78.08,117.7,58.17,1,1,1.0
223,14,926.72,54.61,34.28,38.12,1,1,1.0
223,41,1.0,37.67,118.46,56.23,1,1,1.0
223,42,135.53,27.6,140.03,52.56,1,1,0.0573
223,43,286.4,12.31,103.06,51.37,1,1,0.0176
223,44,402.88,10.88,103.06,43.9,1,1,0.0361
224,8,447.57,12.8,355.35,104.47,1,1,0.8753
224,10,776.32,231.25,184.68,110.02,1,1,1.0
224,11,192.0,125.87,184.68,93.16,1,1,1.0
224,13,667.73,78.72,120.04,59.03,1,1,1.0
224,14,921.81,53.12,39.19,40.68,1,1,1.0
224,41,1.0,37.74,118.71,56.22,1,1,1.0
224,42,135.78,27.65,139.99,52.53,1,1,0.0508
224,43,286.67,12.38,102.99,51.38,1,1,0.0064
224,44,403.25,10.99,103.0,43.91,1,1,0.0302
225,8,443.52,12.8,357.91,104.47,1,1,0.8759
225,10,782.29,229.76,178.71,109.37,1,1,1.0
225,11,171.73,128.0,187.24,95.08,1,1,1.0
225,13,658.13,79.36,122.39,59.88,1,1,1.0
225,14,916.91,51.63,44.09,43.24,1,1,1.0
225,41,1.0,37.8,118.95,56.21,1,1,1.0
225,42,136.02,27.69,139.97,52.5,1,1,0.0484
225,43,286.93,12.46,102.93,51.39,1,1,0.0104
225,44,403.63,11.09,102.93,43.92,1,1,0.0243
226,8,439.47,12.8,360.46,104.47,1,1,0.8765
226,10,788.27,228.27,172.73,108.73,1,1,1.0
226,11,151.47,130.13,189.8,97.0,1,1,1.0
226,13,648.53,80.0,124.74,60.73,1,1,1.0
226,14,912.0,50.13,49.0,45.8,1,1,0.8037
226,15,929.07,82.13,31.93,40.47,1,1,0.7937
226,41,1.0,37.87,119.2,56.2,1,1,1.0
226,42,136.27,27.73,139.93,52.47,1,1,0.0458
226,43,287.2,12.53,102.87,51.4,1,1,0.0078
226,44,404.0,11.2,102.87,43.93,1,1,0.0193
227,8,436.91,13.65,361.74,105.11,1,1,0.8761
227,10,793.81,227.2,167.19,107.88,1,1,1.0
227,11,129.71,133.33,192.36,97.86,1,1,1.0
227,13,638.93,81.49,126.44,61.16,1,1,1.0
227,14,907.31,50.56,53.69,46.01,1,1,0.7797
227,15,923.31,82.13,37.69,41.96,1,1,0.7639
227,41,1.0,37.93,119.45,56.19,1,1,1.0
227,42,136.51,27.78,139.9,52.44,1,1,0.0433
227,43,287.47,12.61,102.8,51.41,1,1,0.0052
227,44,404.37,11.31,102.81,43.94,1,1,0.0176
228,8,434.35,14.51,363.02,105.74,1,1,0.8756
228,10,799.36,226.13,161.64,107.03,1,1,1.0
228,11,107.95,136.53,194.92,98.71,1,1,1.0
228,13,629.33,82.99,128.15,61.58,1,1,1.0
228,14,902.61,50.99,58.39,46.23,1,1,0.7572
228,15,917.55,82.13,43.45,43.46,1,1,0.7495
228,41,1.0,37.99,119.69,56.18,1,1,1.0
228,42,136.76,27.82,139.87,52.4,1,1,0.0408
228,43,287.73,12.68,102.74,51.42,1,1,0.0026
228,44,404.75,11.41,102.74,43.96,1,1,0.016
229,8,431.79,15.36,364.3,106.39,1,1,0.8751
229,10,804.91,225.07,156.09,106.17,1,1,1.0
229,11,86.19,139.73,197.48,99.56,1,1,1.0
229,13,619.73,84.48,129.86,62.01,1,1,1.0
229,14,897.92,51.41,63.08,46.44,1,1,0.7359
229,15,911.79,82.13,49.21,44.95,1,1,0.712
229,41,1.0,38.06,119.94,56.17,1,1,1.0
229,42,137.0,27.86,139.84,52.37,1,1,0.0383
229,43,288.0,12.76,102.67,51.43,1,1,0.0242
229,44,405.12,11.52,102.67,43.96,1,1,0.0222
230,8,429.23,16.21,365.58,107.03,1,1,0.8747
230,10,810.45,224.0,150.55,105.32,1,1,1.0
230,11,64.43,142.93,200.04,100.42,1,1,1.0
230,13,610.13,85.97,131.56,62.44,1,1,1.0
230,14,893.23,51.84,67.77,46.65,1,1,0.7156
230,15,906.03,82.13,54.97,46.44,1,1,0.6862
230,41,1.0,38.12,120.18,56.16,1,1,1.0
230,42,137.25,27.9,139.8,52.34,1,1,0.0361
230,43,288.27,12.83,102.61,51.44,1,1,0.0227
230,44,405.49,11.63,102.61,43.98,1,1,0.0165
231,8,426.67,17.07,366.86,107.66,1,1,0.8743
231,10,816.0,222.93,145.0,104.47,1,1,1.0
231,11,42.67,146.13,202.6,101.27,1,1,1.0
231,13,600.53,87.47,133.27,62.86,1,1,1.0
231,14,888.53,52.27,72.47,46.87,1,1,0.696
231,15,900.27,82.13,60.73,47.94,1,1,0.6648
231,41,1.0,38.19,120.43,56.15,1,1,1.0
231,42,137.49,27.95,139.78,52.31,1,1,0.0352
231,43,288.53,12.91,102.55,51.45,1,1,0.022
231,44,405.87,11.73,102.54,43.99,1,1,0.0106
232,8,424.96,15.57,367.72,108.95,1,1,0.8775
232,10,820.91,221.65,140.09,103.4,1,1,1.0
232,11,35.2,149.33,188.73,100.84,1,1,1.0
232,13,589.44,88.32,135.61,64.57,1,1,1.0
232,14,883.41,52.69,77.59,47.93,1,1,0.6775
232,15,893.01,82.99,67.99,48.14,1,1,0.652
232,41,1.0,38.25,120.67,56.14,1,1,1.0
232,42,137.74,27.99,139.74,52.28,1,1,0.0341
232,43,288.8,12.98,102.48,51.46,1,1,0.034
232,44,406.24,11.84,102.48,44.0,1,1,0.0036
233,8,423.25,14.08,368.58,110.23,1,1,0.8807
233,10,825.81,220.37,135.19,102.34,1,1,1.0
233,11,27.73,152.53,174.87,100.42,1,1,1.0
233,13,578.35,89.17,137.96,66.28,1,1,1.0
233,14,878.29,53.12,82.71,49.0,1,1,0.6606
233,15,885.76,83.84,75.24,48.36,1,1,0.6249
233,41,1.0,38.32,120.92,56.12,1,1,1.0
233,42,137.98,28.03,139.71,52.24,1,1,0.0337
233,43,289.07,13.06,102.42,51.48,1,1,0.0319
233,44,406.61,11.95,102.42,44.01,1,1,0.0012
234,8,421.55,12.59,369.42,111.5,1,1,0.884
234,10,830.72,219.09,130.28,101.27,1,1,1.0
234,11,20.27,155.73,161.0,99.99,1,1,1.0
234,13,567.25,90.03,140.31,67.98,1,1,1.0
234,14,873.17,53.55,87.83,50.06,1,1,0.6451
234,15,878.51,84.69,82.49,48.58,1,1,0.6089
234,41,1.0,38.38,121.16,56.11,1,1,1.0
234,42,138.23,28.08,139.68,52.21,1,1,0.0127
234,43,289.33,13.13,102.36,51.48,1,1,0.0299
234,44,406.99,12.05,102.35,44.02,1,1,0.0099
235,8,419.84,11.09,370.28,112.79,1,1,0.8873
235,10,835.63,217.81,125.37,100.2,1,1,1.0
235,11,12.8,158.93,147.13,99.56,1,1,1.0
235,13,556.16,90.88,142.65,69.69,1,1,1.0
235,14,868.05,53.97,92.95,51.14,1,1,0.6306
235,15,871.25,85.55,89.75,48.78,1,1,0.6358
235,41,1.0,38.44,121.41,56.1,1,1,1.0
235,42,138.47,28.12,139.65,52.18,1,1,0.011
235,43,289.6,13.2,102.29,51.5,1,1,0.0193
235,44,407.36,12.16,102.29,44.03,1,1,0.0063
236,8,418.13,9.6,371.14,114.07,1,1,0.8906
236,10,840.53,216.53,120.47,99.14,1,1,1.0
236,11,1.0,162.13,137.6,99.14,1,1,1.0
236,13,545.07,91.73,145.0,71.4,1,1,1.0
236,14,862.93,54.4,98.07,52.2,1,1,0.6172
236,15,864.0,86.4,97.0,49.0,1,1,0.6522
236,41,1.0,38.51,121.65,56.09,1,1,1.0
236,42,138.72,28.16,139.61,52.15,1,1,0.0092
236,43,289.87,13.28,102.22,51.51,1,1,0.0152
236,44,407.73,12.27,102.23,44.04,1,1,0.0026
237,8,416.64,9.6,371.56,114.71,1,1,0.892
237,10,845.44,215.04,115.56,98.71,1,1,1.0
237,11,1.0,169.17,115.2,92.31,1,1,1.0
237,13,532.69,93.01,147.14,72.26,1,1,1.0
237,14,857.81,55.25,103.19,52.2,1,1,0.6212
237,15,857.17,87.68,103.83,50.71,1,1,0.6244
237,41,1.0,38.57,121.9,56.08,1,1,1.0
237,42,138.97,28.2,139.58,52.11,1,1,0.0074
237,43,290.13,13.36,102.17,51.52,1,1,0.0125
237,44,408.11,12.37,102.16,44.05,1,1,0.0
238,8,415.15,9.6,371.98,115.35,1,1,0.8933
238,10,850.35,213.55,110.65,98.28,1,1,1.0
238,11,1.0,176.21,92.8,85.48,1,1,1.0
238,13,520.32,94.29,149.27,73.11,1,1,1.0
238,14,852.69,56.11,91.88,52.2,1,1,0.6293
238,15,850.35,88.96,97.64,52.41,1,1,0.5993
238,41,1.0,38.64,122.14,56.07,1,1,1.0
238,42,139.21,28.24,139.55,52.08,1,1,0.0057
238,43,290.4,13.43,102.1,51.53,1,1,0.0111
238,44,408.48,12.48,102.1,44.06,1,1,0.0
239,8,413.65,9.6,372.42,115.99,1,1,0.8948
239,10,855.25,212.05,105.75,97.86,1,1,1.0
239,11,1.0,183.25,70.4,78.66,1,1,1.0
239,13,507.95,95.57,151.4,73.96,1,1,1.0
239,14,847.57,56.96,92.52,52.2,1,1,0.6375
239,15,843.52,90.24,98.49,54.12,1,1,0.5521
239,41,1.0,38.7,122.39,56.06,1,1,1.0
239,42,139.46,28.29,139.51,52.05,1,1,0.0039
239,43,290.67,13.5,102.03,51.54,1,1,0.0105
239,44,408.85,12.59,102.04,44.07,1,1,0.0113
240,8,412.16,9.6,372.84,116.63,1,1,0.8963
240,10,860.16,210.56,100.84,97.43,1,1,1.0
240,11,1.0,190.29,48.0,71.83,1,1,1.0
240,13,495.57,96.85,153.54,74.82,1,1,1.0
240,14,842.45,57.81,93.16,52.2,1,1,0.6458
240,15,836.69,91.52,99.35,55.83,1,1,0.588
240,41,1.0,38.76,122.63,56.05,1,1,1.0
240,42,139.7,28.33,139.49,52.02,1,1,0.0035
240,43,290.93,13.58,101.97,51.55,1,1,0.021
240,44,409.23,12.69,101.97,44.08,1,1,0.0076
241,8,410.67,9.6,373.26,117.27,1,1,0.8978
241,10,865.07,209.07,95.93,97.0,1,1,1.0
241,11,1.0,197.33,25.6,65.0,1,1,1.0
241,13,483.2,98.13,155.67,75.67,1,1,1.0
241,14,837.33,58.67,93.8,52.2,1,1,0.6578
241,15,829.87,92.8,100.2,57.53,1,1,0.5776
241,41,1.0,38.83,122.88,56.04,1,1,1.0
241,42,139.95,28.37,139.45,51.99,1,1,0.0032
241,43,291.2,13.65,101.91,51.56,1,1,0.0197
241,44,409.6,12.8,101.91,44.09,1,1,0.0041
242,8,408.11,9.6,374.54,117.69,1,1,0.9013
242,10,869.76,207.79,91.24,95.93,1,1,1.0
242,13,468.91,100.05,159.72,76.1,1,1,1.0
242,14,830.29,59.09,95.51,52.84,1,1,0.672
242,15,820.48,94.08,102.55,57.75,1,1,0.5529
242,41,1.0,38.89,123.13,56.03,1,1,1.0
242,42,140.19,28.42,139.42,51.96,1,1,0.0044
242,43,291.47,13.73,101.84,51.57,1,1,0.0192
242,44,409.97,12.91,101.85,44.1,1,1,0.0
243,8,405.55,9.6,375.82,118.12,1,1,0.905
243,10,874.45,206.51,86.55,94.86,1,1,1.0
243,13,454.61,101.97,163.78,76.52,1,1,1.0
243,14,823.25,59.52,97.22,53.48,1,1,0.6854
243,15,811.09,95.36,104.9,57.96,1,1,0.5724
243,41,1.0,38.96,123.37,56.02,1,1,1.0
243,42,140.44,28.46,139.39,51.92,1,1,0.0
243,43,291.73,13.8,101.78,51.58,1,1,0.0188
243,44,410.35,13.01,101.78,44.12,1,1,0.0
244,8,402.99,9.6,377.1,118.55,1,1,0.9089
244,10,879.15,205.23,81.85,93.8,1,1,1.0
244,13,440.32,103.89,167.83,76.95,1,1,1.0
244,14,816.21,59.95,98.92,54.12,1,1,0.6981
244,15,801.71,96.64,107.24,58.17,1,1,0.5746
244,41,1.0,39.02,123.62,56.01,1,1,1.0
244,42,140.68,28.5,139.36,51.89,1,1,0.0
244,43,292.0,13.88,101.71,51.59,1,1,0.0184
244,44,410.72,13.12,101.71,44.12,1,1,0.0
245,8,400.43,9.6,378.38,118.97,1,1,0.9131
245,10,883.84,203.95,77.16,92.73,1,1,1.0
245,13,426.03,105.81,171.88,77.38,1,1,1.0
245,14,809.17,60.37,100.63,54.76,1,1,0.7103
245,15,792.32,97.92,109.59,58.39,1,1,0.5837
245,41,1.0,39.08,123.86,56.0,1,1,1.0
245,42,140.93,28.54,139.32,51.86,1,1,0.0077
245,43,292.27,13.95,101.65,51.6,1,1,0.0117
245,44,411.09,13.23,101.65,44.14,1,1,0.0
246,8,397.87,9.6,379.66,119.4,1,1,0.9174
246,10,888.53,202.67,72.47,91.66,1,1,1.0
246,13,411.73,107.73,175.94,77.8,1,1,1.0
246,14,802.13,60.8,102.34,55.4,1,1,0.7219
246,15,782.93,99.2,111.94,58.6,1,1,0.5639
246,41,1.0,39.15,124.11,55.99,1,1,1.0
246,42,141.17,28.59,139.3,51.83,1,1,0.006
246,43,292.53,14.03,101.59,51.61,1,1,0.0124
246,44,411.47,13.33,101.58,44.15,1,1,0.0
247,8,395.31,9.39,381.58,118.54,1,1,0.9247
247,10,892.8,202.67,68.2,88.25,1,1,1.0
247,13,395.95,108.8,178.06,79.51,1,1,1.0
247,14,795.31,61.23,103.4,56.04,1,1,0.7389
247,15,772.91,100.69,113.64,59.03,1,1,0.5805
247,41,1.0,39.21,124.35,55.98,1,1,1.0
247,42,141.42,28.63,139.26,51.8,1,1,0.0042
247,43,292.8,14.1,101.52,51.62,1,1,0.0257
247,44,411.84,13.44,101.52,44.16,1,1,0.0
248,8,392.75,9.17,383.5,117.7,1,1,0.9369
248,10,897.07,202.67,63.93,84.84,1,1,1.0
248,13,380.16,109.87,180.2,81.21,1,1,1.0
248,14,788.48,61.65,104.47,56.68,1,1,0.7554
248,15,762.88,102.19,115.35,59.45,1,1,0.5836
248,41,1.0,39.28,124.6,55.96,1,1,1.0
248,42,141.66,28.67,139.23,51.76,1,1,0.0024
248,43,293.07,14.18,101.46,51.64,1,1,0.0092
248,44,412.21,13.55,101.46,44.17,1,1,0.0
249,8,390.19,8.96,385.42,116.84,1,1,0.9483
249,10,901.33,202.67,59.67,81.42,1,1,1.0
249,13,364.37,110.93,182.34,82.92,1,1,1.0
249,14,781.65,62.08,105.54,57.32,1,1,0.7707
249,15,752.85,103.68,117.06,59.88,1,1,0.5866
249,41,1.0,39.34,124.84,55.95,1,1,1.0
249,42,141.91,28.72,139.2,51.73,1,1,0.0014
249,43,293.33,14.25,101.4,51.64,1,1,0.0066
249,44,412.59,13.65,101.39,44.18,1,1,0.0
250,8,387.63,8.75,387.34,115.98,1,1,0.9588
250,10,905.6,202.67,55.4,78.01,1,1,1.0
250,13,348.59,112.0,184.46,84.63,1,1,1.0
250,14,774.83,62.51,106.6,57.96,1,1,0.7852
250,15,742.83,105.17,118.76,60.31,1,1,0.5916
250,41,1.0,39.4,125.09,55.94,1,1,1.0
250,42,142.15,28.76,139.17,51.7,1,1,0.0263
250,43,293.6,14.32,101.33,51.66,1,1,0.0039
250,44,412.96,13.76,101.33,44.19,1,1,0.0
251,8,385.07,8.53,389.26,115.14,1,1,0.9917
251,10,909.87,202.67,51.13,74.6,1,1,1.0
251,13,332.8,113.07,186.6,86.33,1,1,1.0
251,14,768.0,62.93,107.67,58.6,1,1,0.7992
251,15,732.8,106.67,120.47,60.73,1,1,0.5934
251,41,1.0,39.47,125.33,55.93,1,1,1.0
251,42,142.4,28.8,139.13,51.67,1,1,0.0269
251,43,293.87,14.4,101.26,51.67,1,1,0.0013
251,44,413.33,13.87,101.27,44.2,1,1,0.0
252,8,383.79,8.32,389.26,118.76,1,1,0.983
252,10,913.71,203.95,47.29,71.4,1,1,1.0
252,13,314.24,116.48,190.44,86.76,1,1,1.0
252,14,759.68,64.21,109.37,58.82,1,1,0.8081
252,15,720.85,108.37,123.03,62.44,1,1,0.5746
252,41,1.0,39.53,125.58,55.92,1,1,1.0
252,42,142.65,28.84,139.1,51.63,1,1,0.0277
252,43,294.13,14.48,101.21,51.68,1,1,0.0
252,44,413.71,13.97,101.2,44.21,1,1,0.0
253,8,382.51,8.11,389.26,122.38,1,1,0.9747
253,10,917.55,205.23,43.45,68.2,1,1,1.0
253,13,295.68,119.89,194.28,87.19,1,1,1.0
253,14,751.36,65.49,111.08,59.03,1,1,0.8169
253,15,708.91,110.08,125.58,64.15,1,1,0.5638
253,41,1.0,39.6,125.82,55.91,1,1,1.0
253,42,142.89,28.88,139.07,51.6,1,1,0.0294
253,43,294.4,14.55,101.14,51.69,1,1,0.0
253,44,414.08,14.08,101.14,44.22,1,1,0.0
254,8,381.23,7.89,389.26,126.02,1,1,0.9669
254,10,921.39,206.51,39.61,65.0,1,1,1.0
254,13,277.12,123.31,198.12,87.61,1,1,1.0
254,14,743.04,66.77,112.79,59.24,1,1,0.8253
254,15,696.96,111.79,128.15,65.85,1,1,0.5636
254,41,1.0,39.66,126.07,55.9,1,1,1.0
254,42,143.14,28.93,139.03,51.57,1,1,0.0268
254,43,294.67,14.62,101.07,51.7,1,1,0.0
254,44,414.45,14.19,101.08,44.23,1,1,0.0
255,8,379.95,7.68,389.26,129.64,1,1,0.9594
255,10,925.23,207.79,35.77,61.8,1,1,1.0
255,13,258.56,126.72,201.96,88.04,1,1,1.0
255,14,734.72,68.05,114.49,59.46,1,1,0.8332
255,15,685.01,113.49,130.71,67.56,1,1,0.5472
255,41,1.0,39.72,126.31,55.89,1,1,1.0
255,42,143.38,28.97,139.01,51.54,1,1,0.0243
255,43,294.93,14.7,101.01,51.71,1,1,0.0106
255,44,414.83,14.29,101.01,44.24,1,1,0.0
256,8,378.67,7.47,389.26,133.26,1,1,0.9522
256,10,929.07,209.07,31.93,58.6,1,1,1.0
256,13,240.0,130.13,205.8,88.47,1,1,1.0
256,14,726.4,69.33,116.2,59.67,1,1,0.8409
256,15,673.07,115.2,133.26,69.27,1,1,0.5345
256,41,1.0,39.79,126.56,55.88,1,1,1.0
256,42,143.63,29.01,138.97,51.51,1,1,0.0218
256,43,295.2,14.77,100.95,51.72,1,1,0.0274
256,44,415.2,14.4,100.95,44.25,1,1,0.0
257,8,376.75,7.89,390.76,131.99,1,1,0.9401
257,13,219.09,131.84,209.0,90.81,1,1,1.0
257,14,717.01,70.4,117.7,61.16,1,1,1.0
257,15,657.49,117.55,137.54,69.9,1,1,0.5298
257,41,1.0,39.85,126.81,55.87,1,1,1.0
257,42,143.87,29.06,138.94,51.48,1,1,0.0193
257,43,295.47,14.85,100.88,51.73,1,1,0.0231
257,44,415.57,14.51,100.89,44.26,1,1,0.0
258,8,374.83,8.32,392.25,130.71,1,1,0.9274
258,13,198.19,133.55,212.2,93.16,1,1,1.0
258,14,707.63,71.47,119.18,62.65,1,1,1.0
258,15,641.92,119.89,141.8,70.55,1,1,0.5146
258,41,1.0,39.92,127.05,55.86,1,1,1.0
258,42,144.12,29.1,138.91,51.44,1,1,0.0177
258,43,295.73,14.92,100.82,51.74,1,1,0.019
258,44,415.95,14.61,100.82,44.28,1,1,0.0
259,8,372.91,8.75,393.74,129.42,1,1,0.9139
259,13,177.28,135.25,215.4,95.51,1,1,1.0
259,14,698.24,72.53,120.68,64.15,1,1,1.0
259,15,626.35,122.24,146.06,71.19,1,1,0.5084
259,41,1.0,39.98,127.3,55.85,1,1,1.0
259,42,144.36,29.14,138.88,51.41,1,1,0.0184
259,43,296.0,15.0,100.75,51.75,1,1,0.0148
259,44,416.32,14.72,100.75,44.28,1,1,0.0
260,8,370.99,9.17,395.24,128.15,1,1,0.9026
260,13,156.37,136.96,218.6,97.85,1,1,1.0
260,14,688.85,73.6,122.18,65.64,1,1,1.0
260,15,610.77,124.59,150.34,71.82,1,1,0.4976
260,41,1.0,40.04,127.54,55.84,1,1,1.0
260,42,144.61,29.18,138.84,51.38,1,1,0.0191
260,43,296.27,15.07,100.69,51.76,1,1,0.0133
260,44,416.69,14.83,100.69,44.3,1,1,0.0
261,8,369.07,9.6,396.73,126.87,1,1,0.894
261,13,135.47,138.67,221.8,100.2,1,1,1.0
261,14,679.47,74.67,123.66,67.13,1,1,1.0
261,15,595.2,126.93,154.6,72.47,1,1,0.4921
261,16,925.87,88.53,35.13,36.2,1,1,0.7597
261,41,1.0,40.11,127.79,55.83,1,1,1.0
261,42,144.85,29.23,138.82,51.35,1,1,0.028
261,43,296.53,15.15,100.63,51.77,1,1,0.0119
261,44,417.07,14.93,100.62,44.31,1,1,0.0
262,8,367.36,10.03,398.23,126.86,1,1,0.8841
262,13,112.43,141.65,225.21,101.91,1,1,1.0
262,14,670.51,75.31,124.3,68.62,1,1,1.0
262,15,579.63,129.07,156.3,75.02,1,1,0.4935
262,16,919.68,87.68,41.32,38.97,1,1,0.7288
262,41,1.0,40.17,128.03,55.82,1,1,1.0
262,42,145.1,29.27,138.78,51.32,1,1,0.0206
262,43,296.8,15.22,100.56,51.78,1,1,0.0224
262,44,417.44,15.04,100.56,44.32,1,1,0.0
263,8,365.65,10.45,399.72,126.87,1,1,0.8744
263,13,89.39,144.64,228.62,103.61,1,1,1.0
263,14,661.55,75.95,124.94,70.12,1,1,1.0
263,15,564.05,131.2,158.02,77.59,1,1,0.4743
263,16,913.49,86.83,47.51,41.74,1,1,0.7021
263,41,1.0,40.24,128.28,55.8,1,1,1.0
263,42,145.34,29.31,138.75,51.28,1,1,0.0181
263,43,297.07,15.3,100.5,51.8,1,1,0.0196
263,44,417.81,15.15,100.5,44.33,1,1,0.0
264,8,363.95,10.88,401.21,126.87,1,1,0.8647
264,13,66.35,147.63,232.04,105.32,1,1,1.0
264,14,652.59,76.59,125.58,71.61,1,1,1.0
264,15,548.48,133.33,159.72,80.15,1,1,0.4885
264,16,907.31,85.97,53.69,44.52,1,1,0.723
264,41,1.0,40.3,128.52,55.79,1,1,1.0
264,42,145.59,29.36,138.72,51.25,1,1,0.0155
264,43,297.33,15.37,100.44,51.8,1,1,0.0169
264,44,418.19,15.25,100.43,44.34,1,1,0.0
265,8,362.24,11.31,402.71,126.86,1,1,0.8553
265,13,43.31,150.61,235.45,107.03,1,1,1.0
265,14,643.63,77.23,126.22,73.1,1,1,1.0
265,15,532.91,135.47,161.42,82.7,1,1,0.4935
265,16,901.12,85.12,59.88,47.29,1,1,0.6998
265,41,1.0,40.36,128.77,55.78,1,1,1.0
265,42,145.83,29.4,138.69,51.22,1,1,0.013
265,43,297.6,15.44,100.37,51.82,1,1,0.0141
265,44,418.56,15.36,100.37,44.35,1,1,0.0
266,8,360.53,11.73,404.2,126.87,1,1,0.8498
266,13,20.27,153.6,238.86,108.73,1,1,1.0
266,14,634.67,77.87,126.86,74.6,1,1,1.0
266,15,517.33,137.6,163.14,85.27,1,1,0.4993
266,16,894.93,84.27,66.07,50.06,1,1,0.6791
266,17,921.6,57.6,39.4,33.0,1,1,0.8081
266,41,1.0,40.43,129.01,55.77,1,1,1.0
266,42,146.08,29.44,138.65,51.19,1,1,0.0109
266,43,297.87,15.52,100.3,51.83,1,1,0.0112
266,44,418.93,15.47,100.31,44.36,1,1,0.0
267,8,360.32,11.95,403.77,126.44,1,1,0.8478
267,13,16.85,156.8,221.16,105.96,1,1,1.0
267,14,621.23,78.93,130.7,75.67,1,1,1.0
267,15,496.0,141.44,168.47,85.91,1,1,0.4762
267,16,887.89,85.12,73.11,50.49,1,1,0.6638
267,17,916.05,57.39,44.95,34.28,1,1,0.809
267,41,1.0,40.49,129.26,55.76,1,1,1.0
267,42,146.33,29.48,138.62,51.15,1,1,0.0101
267,43,298.13,15.6,100.25,51.84,1,1,0.01
267,44,419.31,15.57,100.24,44.37,1,1,0.0
268,8,360.11,12.16,403.34,126.01,1,1,0.846
268,13,13.44,160.0,203.45,103.19,1,1,1.0
268,14,607.79,80.0,134.54,76.73,1,1,1.0
268,15,474.67,145.28,173.8,86.55,1,1,0.4705
268,16,880.85,85.97,80.15,50.92,1,1,0.6343
268,17,910.51,57.17,50.49,35.56,1,1,0.8099
268,41,1.0,40.56,129.5,55.75,1,1,1.0
268,42,146.57,29.52,138.59,51.12,1,1,0.0104
268,43,298.4,15.67,100.18,51.85,1,1,0.0101
268,44,419.68,15.68,100.18,44.38,1,1,0.0
269,8,359.89,12.37,402.92,125.59,1,1,0.8444
269,13,1.0,163.2,194.77,100.41,1,1,1.0
269,14,594.35,81.07,138.38,77.8,1,1,1.0
269,15,453.33,149.12,179.14,87.19,1,1,0.4708
269,16,873.81,86.83,87.19,51.34,1,1,0.655
269,17,904.96,56.96,56.04,36.84,1,1,0.8107
269,41,1.0,40.62,129.75,55.74,1,1,1.0
269,42,146.82,29.57,138.55,51.09,1,1,0.0195
269,43,298.67,15.74,100.11,51.86,1,1,0.0101
269,44,420.05,15.79,100.12,44.39,1,1,0.0
270,8,359.68,12.59,402.49,125.16,1,1,0.843
270,13,1.0,166.4,173.65,97.64,1,1,1.0
270,14,580.91,82.13,142.22,78.87,1,1,1.0
270,15,432.0,152.96,184.47,87.83,1,1,0.4673
270,16,866.77,87.68,94.23,51.77,1,1,0.6534
270,17,899.41,56.75,61.59,38.12,1,1,0.8115
270,41,1.0,40.68,129.99,55.73,1,1,1.0
270,42,147.06,29.61,138.53,51.06,1,1,0.0186
270,43,298.93,15.82,100.05,51.87,1,1,0.0207
270,44,420.43,15.89,100.05,44.4,1,1,0.0
271,8,359.47,12.8,402.06,124.73,1,1,0.8418
271,13,1.0,169.6,152.53,94.87,1,1,1.0
271,14,567.47,83.2,146.06,79.93,1,1,1.0
271,15,410.67,156.8,189.8,88.47,1,1,0.4687
271,16,859.73,88.53,101.27,52.2,1,1,0.6274
271,17,893.87,56.53,67.13,39.4,1,1,0.8122
271,41,1.0,40.75,130.24,55.72,1,1,1.0
271,42,147.31,29.65,138.49,51.03,1,1,0.0117
271,43,299.2,15.89,99.99,51.88,1,1,0.0092
271,44,420.8,16.0,99.99,44.41,1,1,0.0
272,8,358.61,13.23,402.92,124.73,1,1,0.8427
272,13,1.0,175.15,128.43,91.24,1,1,1.0
272,14,554.03,84.91,149.05,81.42,1,1,1.0
272,15,386.56,159.57,195.13,92.74,1,1,0.4594
272,16,850.99,90.03,97.21,53.05,1,1,0.6083
272,17,888.32,57.17,72.68,40.47,1,1,0.845
272,41,1.0,40.81,130.49,55.71,1,1,1.0
272,42,147.55,29.7,138.46,51.0,1,1,0.0092
272,43,299.47,15.97,99.92,51.89,1,1,0.0057
272,44,421.17,16.11,99.93,44.42,1,1,0.0
273,8,357.76,13.65,403.77,124.74,1,1,0.8437
273,13,1.0,180.69,104.32,87.62,1,1,1.0
273,14,540.59,86.61,152.04,82.92,1,1,1.0
273,15,362.45,162.35,200.47,97.0,1,1,0.4536
273,16,842.24,91.52,99.56,53.91,1,1,0.5734
273,17,882.77,57.81,78.23,41.53,1,1,0.8578
273,41,1.0,40.88,130.73,55.7,1,1,1.0
273,42,147.8,29.74,138.43,50.96,1,1,0.0066
273,43,299.73,16.04,99.86,51.9,1,1,0.0027
273,44,421.55,16.21,99.86,44.44,1,1,0.0
274,8,356.91,14.08,404.62,124.73,1,1,0.8449
274,13,1.0,186.24,80.21,83.99,1,1,1.0
274,14,527.15,88.32,155.02,84.41,1,1,1.0
274,15,338.35,165.12,205.8,101.27,1,1,0.4432
274,16,833.49,93.01,101.91,54.76,1,1,0.606
274,17,877.23,58.45,83.77,42.6,1,1,0.869
274,41,1.0,40.94,130.98,55.69,1,1,1.0
274,42,148.04,29.78,138.4,50.93,1,1,0.0043
274,43,300.0,16.12,99.79,51.91,1,1,0.0
274,44,421.92,16.32,99.79,44.44,1,1,0.0
275,8,356.05,14.51,405.48,124.73,1,1,0.8463
275,13,1.0,191.79,56.11,80.36,1,1,1.0
275,14,513.71,90.03,158.01,85.9,1,1,1.0
275,15,314.24,167.89,211.13,105.54,1,1,0.4419
275,16,824.75,94.51,104.25,55.61,1,1,0.6023
275,17,871.68,59.09,76.95,43.67,1,1,0.8592
275,41,1.0,41.0,131.22,55.68,1,1,1.0
275,42,148.29,29.82,138.36,50.9,1,1,0.0035
275,43,300.27,16.19,99.73,51.92,1,1,0.0
275,44,422.29,16.43,99.73,44.46,1,1,0.0
276,8,355.2,14.93,406.33,124.74,1,1,0.8477
276,13,1.0,197.33,32.0,76.74,1,1,1.0
276,14,500.27,91.73,161.0,87.4,1,1,1.0
276,15,290.13,170.67,216.47,109.8,1,1,0.4311
276,16,816.0,96.0,106.6,56.47,1,1,0.6021
276,17,866.13,59.73,79.94,44.74,1,1,0.8663
276,41,1.0,41.07,131.47,55.67,1,1,1.0
276,42,148.53,29.87,138.34,50.87,1,1,0.0026
276,43,300.53,16.27,99.67,51.93,1,1,0.0
276,44,422.67,16.53,99.66,44.47,1,1,0.0
277,8,356.05,13.87,405.7,126.65,1,1,0.8471
277,14,484.48,92.8,164.63,89.53,1,1,1.0
277,15,259.41,174.93,223.3,112.36,1,1,0.4408
277,16,806.61,96.85,108.31,57.75,1,1,0.574
277,17,859.52,60.8,81.64,45.37,1,1,1.0
277,41,1.0,41.13,131.71,55.66,1,1,1.0
277,42,148.78,29.91,138.3,50.84,1,1,0.0112
277,43,300.8,16.34,99.6,51.94,1,1,0.012
277,44,423.04,16.64,99.6,44.48,1,1,0.0
278,8,356.91,12.8,405.05,128.57,1,1,0.8465
278,14,468.69,93.87,168.26,91.66,1,1,1.0
278,15,228.69,179.2,230.12,114.92,1,1,0.442
278,16,797.23,97.71,110.01,59.02,1,1,0.6324
278,17,852.91,61.87,83.34,46.01,1,1,1.0
278,41,1.0,41.2,131.96,55.64,1,1,1.0
278,42,149.02,29.95,138.27,50.8,1,1,0.0101
278,43,301.07,16.42,99.54,51.96,1,1,0.0093
278,44,423.41,16.75,99.54,44.49,1,1,0.0
279,8,357.76,11.73,404.41,130.5,1,1,0.846
279,14,452.91,94.93,171.88,93.8,1,1,1.0
279,15,197.97,183.47,236.95,117.48,1,1,0.4472
279,16,787.84,98.56,111.72,60.31,1,1,0.6368
279,17,846.29,62.93,85.06,46.66,1,1,1.0
279,41,1.0,41.26,132.2,55.63,1,1,1.0
279,42,149.27,30.0,138.24,50.77,1,1,0.0091
279,43,301.33,16.49,99.48,51.96,1,1,0.0067
279,44,423.79,16.85,99.47,44.5,1,1,0.0
280,8,358.61,10.67,403.78,132.41,1,1,0.8455
280,14,437.12,96.0,175.51,95.93,1,1,1.0
280,15,167.25,187.73,243.78,120.04,1,1,0.4372
280,16,778.45,99.41,113.43,61.59,1,1,0.6382
280,17,839.68,64.0,86.76,47.29,1,1,1.0
280,41,1.0,41.32,132.45,55.62,1,1,1.0
280,42,149.51,30.04,138.21,50.74,1,1,0.0088
280,43,301.6,16.57,99.41,51.98,1,1,0.004
280,44,424.16,16.96,99.41,44.51,1,1,0.0
281,8,359.47,9.6,403.13,134.33,1,1,0.845
281,14,421.33,97.07,179.14,98.06,1,1,1.0
281,15,136.53,192.0,250.6,122.6,1,1,0.4407
281,16,769.07,100.27,115.13,62.86,1,1,0.6498
281,17,833.07,65.07,88.46,47.93,1,1,1.0
281,41,1.0,41.39,132.69,55.61,1,1,1.0
281,42,149.76,30.08,138.17,50.71,1,1,0.0017
281,43,301.87,16.64,99.34,51.99,1,1,0.0013
281,44,424.53,17.07,99.35,44.52,1,1,0.0
282,8,359.25,9.39,403.14,133.26,1,1,0.8525
282,14,403.41,99.2,182.34,98.71,1,1,1.0
282,15,110.08,198.19,249.53,125.37,1,1,0.4351
282,16,757.97,101.76,117.7,64.15,1,1,0.6295
282,17,825.39,65.92,89.96,48.36,1,1,1.0
282,41,1.0,41.45,132.94,55.6,1,1,1.0
282,42,150.01,30.12,138.14,50.67,1,1,0.0
282,43,302.13,16.72,99.29,52.0,1,1,0.0
282,44,424.91,17.17,99.28,44.53,1,1,0.0
283,8,359.04,9.17,403.13,132.2,1,1,0.8606
283,14,385.49,101.33,185.54,99.35,1,1,1.0
283,15,83.63,204.37,248.46,128.15,1,1,0.4038
283,16,746.88,103.25,120.25,65.43,1,1,0.5965
283,17,817.71,66.77,91.45,48.79,1,1,1.0
283,41,1.0,41.52,133.18,55.59,1,1,1.0
283,42,150.25,30.16,138.11,50.64,1,1,0.0
283,43,302.4,16.79,99.22,52.01,1,1,0.0133
283,44,425.28,17.28,99.22,44.54,1,1,0.0
284,8,358.83,8.96,403.13,131.13,1,1,0.8693
284,14,367.57,103.47,188.74,99.98,1,1,1.0
284,15,57.17,210.56,247.4,130.92,1,1,0.3986
284,16,735.79,104.75,122.81,66.7,1,1,0.566
284,17,810.03,67.63,92.94,49.21,1,1,1.0
284,41,1.0,41.58,133.43,55.58,1,1,1.0
284,42,150.5,30.21,138.07,50.61,1,1,0.0
284,43,302.67,16.86,99.15,52.02,1,1,0.0124
284,44,425.65,17.39,99.16,44.55,1,1,0.0
285,8,358.61,8.75,403.14,130.06,1,1,0.8841
285,14,349.65,105.6,191.94,100.63,1,1,1.0
285,15,30.72,216.75,246.33,133.69,1,1,0.3835
285,16,724.69,106.24,125.38,67.99,1,1,0.5554
285,17,802.35,68.48,94.44,49.64,1,1,1.0
285,41,1.0,41.64,133.67,55.57,1,1,1.0
285,42,150.74,30.25,138.05,50.58,1,1,0.0
285,43,302.93,16.94,99.09,52.03,1,1,0.022
285,44,426.03,17.49,99.09,44.56,1,1,0.0
286,8,358.4,8.53,403.13,129.0,1,1,0.9035
286,14,331.73,107.73,195.14,101.27,1,1,1.0
286,15,1.0,222.93,248.53,136.47,1,1,0.4004
286,16,713.6,107.73,127.93,69.27,1,1,0.5557
286,17,794.67,69.33,95.93,50.07,1,1,1.0
286,41,1.0,41.71,133.92,55.56,1,1,1.0
286,42,150.99,30.29,138.01,50.55,1,1,0.0073
286,43,303.2,17.01,99.03,52.04,1,1,0.0191
286,44,426.4,17.6,99.03,44.57,1,1,0.0
287,8,357.33,8.96,404.63,127.08,1,1,0.9239
287,14,311.47,110.29,197.9,104.26,1,1,1.0
287,15,1.0,229.55,215.68,131.77,1,1,0.4088
287,16,700.37,109.87,131.35,69.69,1,1,0.5576
287,17,786.56,69.76,97.21,50.92,1,1,1.0
287,41,1.0,41.77,134.17,55.55,1,1,1.0
287,42,151.23,30.34,137.98,50.52,1,1,0.0071
287,43,303.47,17.09,98.96,52.05,1,1,0.0162
287,44,426.77,17.71,98.97,44.58,1,1,0.0
288,8,356.27,9.39,406.12,125.16,1,1,0.9421
288,14,291.2,112.85,200.68,107.24,1,1,1.0
288,15,1.0,236.16,182.83,127.08,1,1,0.4195
288,16,687.15,112.0,134.76,70.12,1,1,0.5165
288,17,778.45,70.19,98.5,51.77,1,1,1.0
288,41,1.0,41.84,134.41,55.54,1,1,1.0
288,42,151.48,30.38,137.95,50.48,1,1,0.0069
288,43,303.73,17.16,98.9,52.06,1,1,0.0135
288,44,427.15,17.81,98.9,44.6,1,1,0.0
289,8,355.2,9.81,407.61,123.24,1,1,0.9581
289,14,270.93,115.41,203.46,110.23,1,1,1.0
289,15,1.0,242.77,149.97,122.39,1,1,0.4475
289,16,673.92,114.13,138.17,70.55,1,1,0.5087
289,17,770.35,70.61,99.77,52.63,1,1,1.0
289,41,1.0,41.9,134.66,55.53,1,1,1.0
289,42,151.72,30.42,137.92,50.45,1,1,0.0067
289,43,304.0,17.24,98.83,52.07,1,1,0.0107
289,44,427.52,17.92,98.83,44.6,1,1,0.0
290,8,354.13,10.24,409.11,121.32,1,1,0.9719
290,14,250.67,117.97,206.22,113.22,1,1,1.0
290,15,1.0,249.39,117.12,117.69,1,1,0.4693
290,16,660.69,116.27,141.59,70.97,1,1,0.4787
290,17,762.24,71.04,101.05,53.48,1,1,1.0
290,41,1.0,41.96,134.9,55.52,1,1,1.0
290,42,151.97,30.46,137.88,50.42,1,1,0.0002
290,43,304.27,17.31,98.77,52.08,1,1,0.0105
290,44,427.89,18.03,98.77,44.62,1,1,0.0
291,8,353.07,10.67,410.6,119.4,1,1,0.9726
291,14,230.4,120.53,209.0,116.2,1,1,1.0
291,15,1.0,256.0,84.27,113.0,1,1,0.4857
291,16,647.47,118.4,145.0,71.4,1,1,0.4725
291,17,754.13,71.47,102.34,54.33,1,1,1.0
291,41,1.0,42.03,135.15,55.51,1,1,1.0
291,42,152.21,30.51,137.86,50.39,1,1,0.0
291,43,304.53,17.39,98.71,52.09,1,1,0.0103
291,44,428.27,18.13,98.7,44.63,1,1,0.0
292,8,353.71,11.31,410.6,120.46,1,1,0.9788
292,14,204.8,123.31,214.55,118.54,1,1,1.0
292,16,631.25,120.11,148.42,73.53,1,1,0.5016
292,17,745.17,73.17,102.98,54.76,1,1,1.0
292,41,1.0,42.09,135.39,55.5,1,1,1.0
292,42,152.46,30.55,137.82,50.36,1,1,0.0
292,43,304.8,17.46,98.64,52.1,1,1,0.0224
292,44,428.64,18.24,98.64,44.64,1,1,0.0
293,8,354.35,11.95,410.6,121.53,1,1,0.9682
293,14,179.2,126.08,220.09,120.89,1,1,1.0
293,16,615.04,121.81,151.83,75.67,1,1,0.5141
293,17,736.21,74.88,103.62,55.19,1,1,1.0
293,41,1.0,42.16,135.64,55.48,1,1,1.0
293,42,152.7,30.59,137.79,50.32,1,1,0.0
293,43,305.07,17.54,98.58,52.12,1,1,0.0199
293,44,429.01,18.35,98.58,44.65,1,1,0.0
294,8,354.99,12.59,410.6,122.6,1,1,0.9576
294,14,153.6,128.85,225.64,123.24,1,1,1.0
294,16,598.83,123.52,155.24,77.8,1,1,0.528
294,17,727.25,76.59,104.26,55.61,1,1,1.0
294,41,1.0,42.22,135.88,55.47,1,1,1.0
294,42,152.95,30.64,137.76,50.29,1,1,0.0076
294,43,305.33,17.61,98.52,52.12,1,1,0.0175
294,44,429.39,18.45,98.51,44.66,1,1,0.0
295,8,355.63,13.23,410.6,123.66,1,1,0.9471
295,14,128.0,131.63,231.19,125.58,1,1,1.0
295,16,582.61,125.23,158.66,79.93,1,1,0.5129
295,17,718.29,78.29,104.9,56.04,1,1,1.0
295,41,1.0,42.28,136.13,55.46,1,1,1.0
295,42,153.19,30.68,137.73,50.26,1,1,0.0059
295,43,305.6,17.68,98.45,52.14,1,1,0.0071
295,44,429.76,18.56,98.45,44.67,1,1,0.0
296,8,356.27,13.87,410.6,124.73,1,1,0.9366
296,14,102.4,134.4,236.73,127.93,1,1,1.0
296,16,566.4,126.93,162.07,82.07,1,1,0.5248
296,17,709.33,80.0,105.54,56.47,1,1,1.0
296,41,1.0,42.35,136.37,55.45,1,1,1.0
296,42,153.44,30.72,137.69,50.23,1,1,0.005
296,43,305.87,17.76,98.38,52.15,1,1,0.0037
296,44,430.13,18.67,98.39,44.68,1,1,0.0
297,8,356.69,12.8,410.18,126.87,1,1,0.9239
297,14,82.99,138.45,232.25,128.15,1,1,1.0
297,16,547.84,129.92,165.91,83.99,1,1,0.5274
297,17,698.03,80.85,108.3,57.54,1,1,1.0
297,41,1.0,42.41,136.62,55.44,1,1,1.0
297,42,153.69,30.76,137.66,50.19,1,1,0.0293
297,43,306.13,17.84,98.33,52.16,1,1,0.0016
297,44,430.51,18.77,98.32,44.69,1,1,0.0
298,8,357.12,11.73,409.75,129.0,1,1,0.9111
298,14,63.57,142.51,227.78,128.36,1,1,1.0
298,16,529.28,132.91,169.75,85.9,1,1,0.527
298,17,686.72,81.71,111.08,58.6,1,1,1.0
298,41,1.0,42.48,136.86,55.43,1,1,1.0
298,42,153.93,30.8,137.63,50.16,1,1,0.0283
298,43,306.4,17.91,98.26,52.17,1,1,0.0009
298,44,430.88,18.88,98.26,44.7,1,1,0.0
299,8,357.55,10.67,409.32,131.13,1,1,0.8991
299,14,44.16,146.56,223.29,128.57,1,1,1.0
299,16,510.72,135.89,173.59,87.83,1,1,0.5332
299,17,675.41,82.56,113.86,59.67,1,1,1.0
299,41,1.0,42.54,137.11,55.42,1,1,1.0
299,42,154.18,30.85,137.59,50.13,1,1,0.023
299,43,306.67,17.98,98.19,52.18,1,1,0.0002
299,44,431.25,18.99,98.2,44.71,1,1,0.0
300,8,357.97,9.6,408.9,133.27,1,1,0.8879
300,14,24.75,150.61,218.81,128.79,1,1,1.0
300,16,492.16,138.88,177.43,89.75,1,1,0.5266
300,17,664.11,83.41,116.62,60.74,1,1,1.0
300,41,1.0,42.6,137.35,55.41,1,1,1.0
300,42,154.42,30.89,137.57,50.1,1,1,0.0221
300,43,306.93,18.06,98.13,52.19,1,1,0.0109
300,44,431.63,19.09,98.13,44.72,1,1,0.0
301,8,358.4,8.53,408.47,135.4,1,1,0.8769
301,14,1.0,154.67,218.67,129.0,1,1,1.0
301,16,473.6,141.87,181.27,91.66,1,1,0.5319
301,17,652.8,84.27,119.4,61.8,1,1,1.0
301,41,1.0,42.67,137.6,55.4,1,1,1.0
301,42,154.67,30.93,137.53,50.07,1,1,0.0213
301,43,307.2,18.13,98.07,52.2,1,1,0.0082
301,44,432.0,19.2,98.07,44.73,1,1,0.0
302,8,358.4,8.53,408.47,135.4,1,1,0.8717
302,14,1.0,157.23,191.79,128.14,1,1,1.0
302,16,451.63,145.28,186.38,93.16,1,1,0.5239
302,17,640.21,85.97,122.39,62.23,1,1,1.0
302,41,1.0,42.75,137.61,55.43,1,1,1.0
302,42,154.66,31.0,137.51,50.08,1,1,0.0215
302,43,307.21,18.21,98.08,52.22,1,1,0.0081
302,44,432.02,19.21,98.17,44.78,1,1,0.0
303,8,358.4,8.53,408.47,135.4,1,1,0.8725
303,14,1.0,159.79,164.91,127.29,1,1,1.0
303,16,429.65,148.69,191.51,94.66,1,1,0.5259
303,17,627.63,87.68,125.37,62.65,1,1,1.0
303,41,1.0,42.84,137.62,55.46,1,1,1.0
303,42,154.65,31.06,137.49,50.09,1,1,0.0217
303,43,307.22,18.28,98.09,52.24,1,1,0.008
303,44,432.04,19.22,98.28,44.82,1,1,0.0
304,8,358.4,8.53,408.47,135.4,1,1,0.8734
304,14,1.0,162.35,138.03,126.44,1,1,1.0
304,16,407.68,152.11,196.63,96.14,1,1,0.5197
304,17,615.04,89.39,128.36,63.08,1,1,1.0
304,41,1.0,42.92,137.63,55.5,1,1,1.0
304,42,154.63,31.12,137.47,50.1,1,1,0.0219
304,43,307.23,18.36,98.1,52.26,1,1,0.0078
304,44,432.06,19.23,98.39,44.86,1,1,0.0
305,8,358.4,8.53,408.47,135.4,1,1,0.8745
305,14,1.0,164.91,111.15,125.58,1,1,1.0
305,16,385.71,155.52,201.74,97.64,1,1,0.5
305,17,602.45,91.09,131.35,63.51,1,1,1.0
305,41,1.0,43.01,137.64,55.53,1,1,1.0
305,42,154.62,31.19,137.45,50.11,1,1,0.0222
305,43,307.24,18.43,98.11,52.28,1,1,0.0077
305,44,432.09,19.24,98.49,44.9,1,1,0.0
306,8,358.4,8.53,408.47,135.4,1,1,0.8758
306,14,1.0,167.47,84.27,124.73,1,1,1.0
306,16,363.73,158.93,206.87,99.14,1,1,0.4755
306,17,589.87,92.8,134.33,63.93,1,1,1.0
306,41,1.0,43.09,137.65,55.56,1,1,1.0
306,42,154.61,31.25,137.43,50.12,1,1,0.0223
306,43,307.25,18.51,98.12,52.31,1,1,0.0076
306,44,432.11,19.25,98.6,44.95,1,1,0.0
307,8,358.4,8.53,408.47,135.4,1,1,0.8776
307,16,336.0,162.56,213.69,103.4,1,1,0.4798
307,17,575.15,94.72,137.53,65.21,1,1,1.0
307,41,1.0,43.18,137.66,55.59,1,1,1.0
307,42,154.6,31.32,137.41,50.13,1,1,0.0226
307,43,307.26,18.58,98.13,52.33,1,1,0.0075
307,44,432.13,19.26,98.7,44.99,1,1,0.0
308,8,358.4,8.53,408.47,135.4,1,1,0.8797
308,16,308.27,166.19,220.52,107.66,1,1,0.4627
308,17,560.43,96.64,140.73,66.49,1,1,1.0
308,41,1.0,43.26,137.67,55.62,1,1,1.0
308,42,154.59,31.38,137.39,50.14,1,1,0.0228
308,43,307.27,18.66,98.15,52.35,1,1,0.0075
308,44,432.15,19.27,98.81,45.03,1,1,0.0
309,8,358.4,8.53,408.47,135.4,1,1,0.8819
309,16,280.53,169.81,227.35,111.94,1,1,0.4551
309,17,545.71,98.56,143.93,67.77,1,1,1.0
309,41,1.0,43.35,137.69,55.66,1,1,1.0
309,42,154.58,31.44,137.36,50.15,1,1,0.023
309,43,307.29,18.73,98.15,52.37,1,1,0.0082
309,44,432.17,19.28,98.92,45.08,1,1,0.0
310,8,358.4,8.53,408.47,135.4,1,1,0.8844
310,16,252.8,173.44,234.17,116.2,1,1,0.4435
310,17,530.99,100.48,147.13,69.05,1,1,1.0
310,41,1.0,43.44,137.7,55.69,1,1,1.0
310,42,154.57,31.51,137.34,50.16,1,1,0.0232
310,43,307.3,18.8,98.16,52.39,1,1,0.0208
310,44,432.19,19.3,99.03,45.12,1,1,0.0
311,8,358.4,8.53,408.47,135.4,1,1,0.8871
311,16,225.07,177.07,241.0,120.46,1,1,0.4294
311,17,516.27,102.4,150.33,70.33,1,1,1.0
311,41,1.0,43.52,137.71,55.72,1,1,1.0
311,42,154.56,31.57,137.32,50.17,1,1,0.0234
311,43,307.31,18.88,98.17,52.41,1,1,0.0209
311,44,432.21,19.31,99.14,45.16,1,1,0.0
312,8,358.4,8.53,408.47,135.4,1,1,0.8888
312,16,192.43,182.19,248.04,123.24,1,1,0.4239
312,17,499.2,103.89,153.53,72.04,1,1,1.0
312,41,1.0,43.6,137.72,55.75,1,1,1.0
312,42,154.55,31.64,137.3,50.18,1,1,0.0177
312,43,307.32,18.95,98.18,52.43,1,1,0.021
312,44,432.23,19.32,99.24,45.2,1,1,0.0
313,8,358.4,8.53,408.47,135.4,1,1,0.8908
313,16,159.79,187.31,255.08,126.01,1,1,0.4212
313,17,482.13,105.39,156.74,73.74,1,1,1.0
313,41,1.0,43.69,137.73,55.78,1,1,1.0
313,42,154.54,31.7,137.28,50.2,1,1,0.0165
313,43,307.33,19.03,98.19,52.46,1,1,0.0211
313,44,432.26,19.33,99.34,45.24,1,1,0.0
314,8,358.4,8.53,408.47,135.4,1,1,0.8929
314,16,127.15,192.43,262.12,128.78,1,1,0.4201
314,17,465.07,106.88,159.93,75.45,1,1,1.0
314,41,1.0,43.78,137.74,55.82,1,1,1.0
314,42,154.53,31.76,137.25,50.21,1,1,0.0153
314,43,307.34,19.1,98.2,52.48,1,1,0.0212
314,44,432.28,19.34,99.45,45.29,1,1,0.0
315,8,358.4,8.53,408.47,135.4,1,1,0.8951
315,16,94.51,197.55,269.16,131.56,1,1,0.401
315,17,448.0,108.37,163.13,77.16,1,1,1.0
315,41,1.0,43.86,137.75,55.85,1,1,1.0
315,42,154.52,31.83,137.23,50.22,1,1,0.0287
315,43,307.35,19.18,98.22,52.5,1,1,0.0213
315,44,432.3,19.35,99.56,45.33,1,1,0.0
316,8,358.4,8.53,408.47,135.4,1,1,0.8976
316,16,61.87,202.67,276.2,134.33,1,1,0.3973
316,17,430.93,109.87,166.34,78.86,1,1,1.0
316,41,1.0,43.95,137.76,55.88,1,1,1.0
316,42,154.51,31.89,137.21,50.23,1,1,0.0327
316,43,307.36,19.25,98.23,52.52,1,1,0.0138
316,44,432.32,19.36,99.67,45.37,1,1,0.0
317,8,358.4,8.53,408.47,135.4,1,1,0.902
317,16,50.35,209.07,258.28,131.77,1,1,0.4169
317,17,412.59,111.79,168.68,80.57,1,1,1.0
317,41,1.0,44.03,137.77,55.91,1,1,1.0
317,42,154.5,31.96,137.19,50.24,1,1,0.0314
317,43,307.37,19.33,98.24,52.54,1,1,0.013
317,44,432.34,19.37,99.77,45.42,1,1,0.0
318,8,358.4,8.53,408.47,135.4,1,1,0.9065
318,16,38.83,215.47,240.36,129.21,1,1,0.4253
318,17,394.24,113.71,171.03,82.28,1,1,1.0
318,41,1.0,44.12,137.78,55.94,1,1,1.0
318,42,154.49,32.02,137.17,50.25,1,1,0.0304
318,43,307.38,19.4,98.25,52.56,1,1,0.0121
318,44,432.36,19.38,99.88,45.46,1,1,0.0
319,8,358.4,8.53,408.47,135.4,1,1,0.9113
319,16,27.31,221.87,222.44,126.65,1,1,0.4311
319,17,375.89,115.63,173.38,83.98,1,1,1.0
319,41,1.0,44.2,137.79,55.98,1,1,1.0
319,42,154.47,32.08,137.15,50.26,1,1,0.0448
319,43,307.39,19.48,98.26,52.58,1,1,0.0113
319,44,432.38,19.39,99.99,45.5,1,1,0.0
320,8,358.4,8.53,408.47,135.4,1,1,0.9166
320,16,15.79,228.27,204.52,124.09,1,1,0.4336
320,17,357.55,117.55,175.72,85.69,1,1,1.0
320,41,1.0,44.29,137.8,56.01,1,1,1.0
320,42,154.46,32.15,137.13,50.27,1,1,0.0447
320,43,307.4,19.55,98.27,52.6,1,1,0.0105
320,44,432.41,19.4,100.09,45.54,1,1,0.0
321,8,358.4,8.53,408.47,135.4,1,1,0.9297
321,16,1.0,234.67,189.87,121.53,1,1,0.4477
321,17,339.2,119.47,178.07,87.4,1,1,1.0
321,41,1.0,44.37,137.81,56.04,1,1,1.0
321,42,154.45,32.21,137.11,50.28,1,1,0.0446
321,43,307.41,19.63,98.28,52.63,1,1,0.0096
321,44,432.43,19.41,100.2,45.59,1,1,0.0
322,8,358.4,8.53,408.47,135.4,1,1,1.0
322,17,316.16,122.88,181.48,88.25,1,1,1.0
322,41,1.0,44.46,137.82,56.07,1,1,1.0
322,42,154.44,32.28,137.09,50.29,1,1,0.0444
322,43,307.42,19.7,98.29,52.65,1,1,0.0088
322,44,432.45,19.42,100.3,45.63,1,1,0.0
323,8,358.4,8.53,408.47,135.4,1,1,1.0
323,17,293.12,126.29,184.89,89.11,1,1,1.0
323,41,1.0,44.54,137.83,56.1,1,1,1.0
323,42,154.43,32.34,137.07,50.3,1,1,0.0443
323,43,307.43,19.78,98.31,52.67,1,1,0.008
323,44,432.47,19.43,100.41,45.67,1,1,0.0
324,8,358.4,8.53,408.47,135.4,1,1,1.0
324,17,270.08,129.71,188.31,89.96,1,1,1.0
324,41,1.0,44.63,137.85,56.14,1,1,1.0
324,42,154.42,32.4,137.04,50.31,1,1,0.0441
324,43,307.45,19.85,98.31,52.69,1,1,0.007
324,44,432.49,19.44,100.52,45.72,1,1,0.0
325,8,358.4,8.53,408.47,135.4,1,1,1.0
325,17,247.04,133.12,191.72,90.81,1,1,1.0
325,41,1.0,44.72,137.86,56.17,1,1,1.0
325,42,154.41,32.47,137.02,50.32,1,1,0.0439
325,43,307.46,19.92,98.32,52.71,1,1,0.0062
325,44,432.51,19.46,100.63,45.76,1,1,0.0
326,8,358.4,8.53,408.47,135.4,1,1,1.0
326,17,224.0,136.53,195.13,91.67,1,1,1.0
326,41,1.0,44.8,137.87,56.2,1,1,1.0
326,42,154.4,32.53,137.0,50.33,1,1,0.0438
326,43,307.47,20.0,98.33,52.73,1,1,0.0054
326,44,432.53,19.47,100.74,45.8,1,1,0.0
327,8,358.4,8.53,408.47,135.4,1,1,1.0
327,17,197.55,139.73,199.61,93.8,1,1,1.0
327,41,1.0,44.88,137.88,56.24,1,1,1.0
327,42,154.39,32.6,136.98,50.34,1,1,0.0437
327,43,307.48,20.08,98.34,52.75,1,1,0.0053
327,44,432.55,19.48,100.84,45.84,1,1,0.0
328,8,358.4,8.53,408.47,135.4,1,1,1.0
328,17,171.09,142.93,204.1,95.94,1,1,1.0
328,41,1.0,44.97,137.89,56.26,1,1,1.0
328,42,154.38,32.66,136.96,50.36,1,1,0.0438
328,43,307.49,20.15,98.35,52.78,1,1,0.0052
328,44,432.58,19.49,100.94,45.88,1,1,0.0
329,8,358.4,8.53,408.47,135.4,1,1,1.0
329,17,144.64,146.13,208.57,98.07,1,1,1.0
329,41,1.0,45.06,137.9,56.29,1,1,1.0
329,42,154.37,32.72,136.93,50.37,1,1,0.045
329,43,307.5,20.22,98.36,52.8,1,1,0.0053
329,44,432.6,19.5,101.05,45.93,1,1,0.0
330,8,358.4,8.53,408.47,135.4,1,1,1.0
330,17,118.19,149.33,213.05,100.2,1,1,1.0
330,41,1.0,45.14,137.91,56.33,1,1,1.0
330,42,154.36,32.79,136.91,50.38,1,1,0.0693
330,43,307.51,20.3,98.38,52.82,1,1,0.0061
330,44,432.62,19.51,101.16,45.97,1,1,0.0
331,8,358.4,8.53,408.47,135.4,1,1,1.0
331,17,91.73,152.53,217.54,102.34,1,1,1.0
331,41,1.0,45.23,137.92,56.36,1,1,1.0
331,42,154.35,32.85,136.89,50.39,1,1,0.0694
331,43,307.52,20.37,98.39,52.84,1,1,0.0069
331,44,432.64,19.52,101.27,46.01,1,1,0.0
332,8,358.4,8.53,408.47,135.4,1,1,1.0
332,17,74.67,157.23,210.7,102.33,1,1,1.0
332,41,1.0,45.31,137.93,56.39,1,1,1.0
332,42,154.34,32.92,136.87,50.4,1,1,0.0694
332,43,307.53,20.45,98.4,52.86,1,1,0.0078
332,44,432.66,19.53,101.37,46.06,1,1,0.0
333,8,358.4,8.53,408.47,135.4,1,1,1.0
333,17,57.6,161.92,203.88,102.33,1,1,1.0
333,41,1.0,45.4,137.94,56.42,1,1,1.0
333,42,154.33,32.98,136.85,50.41,1,1,0.0695
333,43,307.54,20.52,98.41,52.88,1,1,0.0086
333,44,432.68,19.54,101.48,46.1,1,1,0.0
334,8,358.4,8.53,408.47,135.4,1,1,1.0
334,17,40.53,166.61,197.06,102.34,1,1,1.0
334,41,1.0,45.48,137.95,56.46,1,1,1.0
334,42,154.31,33.04,136.83,50.42,1,1,0.0696
334,43,307.55,20.6,98.42,52.9,1,1,0.0094
334,44,432.7,19.55,101.59,46.14,1,1,0.0
335,8,358.4,8.53,408.47,135.4,1,1,1.0
335,17,23.47,171.31,190.22,102.33,1,1,1.0
335,41,1.0,45.57,137.96,56.49,1,1,1.0
335,42,154.3,33.11,136.81,50.43,1,1,0.0696
335,43,307.56,20.67,98.43,52.92,1,1,0.0102
335,44,432.73,19.56,101.69,46.18,1,1,0.0
336,8,358.4,8.53,408.47,135.4,1,1,1.0
336,17,1.0,176.0,188.8,102.33,1,1,1.0
336,41,1.0,45.65,137.97,56.52,1,1,1.0
336,42,154.29,33.17,136.79,50.44,1,1,0.0697
336,43,307.57,20.75,98.44,52.95,1,1,0.0111
336,44,432.75,19.57,101.8,46.23,1,1,0.0
337,8,358.4,8.53,408.47,135.4,1,1,1.0
337,17,1.0,181.33,159.57,99.35,1,1,1.0
337,41,1.0,45.74,137.98,56.55,1,1,1.0
337,42,154.28,33.24,136.77,50.45,1,1,0.0697
337,43,307.58,20.82,98.45,52.97,1,1,0.0157
337,44,432.77,19.58,101.9,46.27,1,1,0.0
338,8,358.4,8.53,408.47,135.4,1,1,1.0
338,17,1.0,186.67,130.35,96.36,1,1,1.0
338,41,1.0,45.82,137.99,56.59,1,1,1.0
338,42,154.27,33.3,136.75,50.46,1,1,0.0553
338,43,307.59,20.9,98.47,52.99,1,1,0.0148
338,44,432.79,19.6,102.01,46.31,1,1,0.0
339,8,358.4,8.53,408.47,135.4,1,1,1.0
339,17,1.0,192.0,101.12,93.37,1,1,1.0
339,41,1.0,45.91,138.01,56.62,1,1,1.0
339,42,154.26,33.36,136.72,50.47,1,1,0.054
339,43,307.61,20.97,98.47,53.01,1,1,0.0139
339,44,432.81,19.6,102.12,46.36,1,1,0.0
340,8,358.4,8.53,408.47,135.4,1,1,1.0
340,17,1.0,197.33,71.89,90.39,1,1,1.0
340,41,1.0,46.0,138.02,56.64,1,1,1.0
340,42,154.25,33.43,136.7,50.48,1,1,0.0529
340,43,307.62,21.04,98.48,53.03,1,1,0.0131
340,44,432.83,19.62,102.23,46.4,1,1,0.0
341,8,358.4,8.53,408.47,135.4,1,1,1.0
341,17,1.0,202.67,42.67,87.4,1,1,1.0
341,41,1.0,46.08,138.03,56.68,1,1,1.0
341,42,154.24,33.49,136.68,50.49,1,1,0.0518
341,43,307.63,21.12,98.49,53.05,1,1,0.0122
341,44,432.85,19.63,102.34,46.44,1,1,0.0
342,8,358.4,8.53,408.47,135.4,1,1,1.0
342,41,1.0,46.16,138.04,56.72,1,1,1.0
342,42,154.23,33.56,136.66,50.5,1,1,0.0506
342,43,307.64,21.2,98.5,53.07,1,1,0.0114
342,44,432.87,19.64,102.44,46.48,1,1,0.0
343,8,358.4,8.53,408.47,135.4,1,1,1.0
343,41,1.0,46.25,138.05,56.74,1,1,1.0
343,42,154.22,33.62,136.64,50.52,1,1,0.0495
343,43,307.65,21.27,98.51,53.1,1,1,0.0106
343,44,432.9,19.65,102.54,46.52,1,1,0.0
344,8,358.4,8.53,408.47,135.4,1,1,1.0
344,41,1.0,46.34,138.06,56.77,1,1,1.0
344,42,154.21,33.68,136.61,50.53,1,1,0.0484
344,43,307.66,21.34,98.52,53.12,1,1,0.0098
344,44,432.92,19.66,102.65,46.57,1,1,0.0
345,8,358.4,8.53,408.47,135.4,1,1,1.0
345,41,1.0,46.42,138.07,56.81,1,1,1.0
345,42,154.2,33.75,136.59,50.54,1,1,0.0472
345,43,307.67,21.42,98.54,53.14,1,1,0.0089
345,44,432.94,19.67,102.76,46.61,1,1,0.0
346,8,358.4,8.53,408.47,135.4,1,1,1.0
346,18,930.13,1.0,30.87,68.27,1,1,1.0
346,41,1.0,46.51,138.08,56.84,1,1,1.0
346,42,154.19,33.81,136.57,50.55,1,1,0.0461
346,43,307.68,21.49,98.55,53.16,1,1,0.0081
346,44,432.96,19.68,102.87,46.65,1,1,0.0
347,8,358.4,8.53,408.47,135.4,1,1,1.0
347,18,928.21,1.0,32.79,68.05,1,1,1.0
347,41,1.0,46.59,138.09,56.87,1,1,1.0
347,42,154.18,33.88,136.55,50.56,1,1,0.0303
347,43,307.69,21.57,98.56,53.18,1,1,0.0073
347,44,432.98,19.69,102.97,46.7,1,1,0.0
348,8,358.4,8.53,408.47,135.4,1,1,1.0
348,18,926.29,1.0,34.71,67.84,1,1,1.0
348,41,1.0,46.68,138.1,56.9,1,1,1.0
348,42,154.17,33.94,136.53,50.57,1,1,0.0292
348,43,307.7,21.64,98.57,53.2,1,1,0.0065
348,44,433.0,19.7,103.08,46.74,1,1,0.0
349,8,358.4,8.53,408.47,135.4,1,1,1.0
349,18,924.37,1.0,36.63,67.63,1,1,1.0
349,41,1.0,46.76,138.11,56.94,1,1,1.0
349,42,154.15,34.01,136.51,50.58,1,1,0.0282
349,43,307.71,21.72,98.58,53.22,1,1,0.0057
349,44,433.02,19.71,103.19,46.78,1,1,0.0
350,8,358.4,8.53,408.47,135.4,1,1,1.0
350,18,922.45,1.0,38.55,67.41,1,1,1.0
350,41,1.0,46.85,138.12,56.97,1,1,1.0
350,42,154.14,34.07,136.49,50.59,1,1,0.0283
350,43,307.72,21.79,98.59,53.24,1,1,0.0052
350,44,433.05,19.72,103.29,46.82,1,1,0.0
351,8,358.4,8.53,408.47,135.4,1,1,1.0
351,18,920.53,1.0,40.47,67.2,1,1,1.0
351,19,925.87,75.73,35.13,54.34,1,1,0.852
351,41,1.0,46.93,138.13,57.0,1,1,1.0
351,42,154.13,34.13,136.47,50.6,1,1,0.0284
351,43,307.73,21.87,98.6,53.27,1,1,0.0053
351,44,433.07,19.73,103.4,46.87,1,1,0.0
352,8,358.4,8.53,408.47,135.4,1,1,1.0
352,18,918.4,1.0,42.6,67.2,1,1,1.0
352,19,918.83,75.73,42.17,56.47,1,1,0.8244
352,41,1.0,47.02,138.14,57.03,1,1,1.0
352,42,154.12,34.2,136.45,50.61,1,1,0.0284
352,43,307.74,21.94,98.61,53.29,1,1,0.0054
352,44,433.09,19.74,103.5,46.91,1,1,0.0
353,8,358.4,8.53,408.47,135.4,1,1,1.0
353,18,916.27,1.0,44.73,67.2,1,1,1.0
353,19,911.79,75.73,49.21,58.6,1,1,0.7905
353,41,1.0,47.1,138.15,57.07,1,1,1.0
353,42,154.11,34.26,136.43,50.62,1,1,0.0285
353,43,307.75,22.02,98.63,53.31,1,1,0.0057
353,44,433.11,19.76,103.61,46.95,1,1,0.0
354,8,358.4,8.53,408.47,135.4,1,1,1.0
354,18,914.13,1.0,46.87,67.2,1,1,1.0
354,19,904.75,75.73,56.25,60.74,1,1,0.7618
354,41,1.0,47.19,138.17,57.1,1,1,1.0
354,42,154.1,34.33,136.4,50.63,1,1,0.0286
354,43,307.77,22.09,98.63,53.33,1,1,0.0064
354,44,433.13,19.76,103.72,47.0,1,1,0.0
355,8,358.4,8.53,408.47,135.4,1,1,1.0
355,18,912.0,1.0,49.0,67.2,1,1,1.0
355,19,897.71,75.73,63.29,62.87,1,1,0.7372
355,41,1.0,47.28,138.18,57.12,1,1,1.0
355,42,154.09,34.39,136.38,50.64,1,1,0.0293
355,43,307.78,22.16,98.64,53.35,1,1,0.0072
355,44,433.15,19.78,103.83,47.04,1,1,0.0
356,8,358.4,8.53,408.47,135.4,1,1,1.0
356,18,909.87,1.0,51.13,67.2,1,1,1.0
356,19,890.67,75.73,70.33,65.0,1,1,0.7118
356,41,1.0,47.36,138.19,57.16,1,1,1.0
356,42,154.08,34.45,136.36,50.65,1,1,0.0308
356,43,307.79,22.24,98.65,53.37,1,1,0.008
356,44,433.17,19.79,103.94,47.08,1,1,0.0
357,8,358.4,8.53,408.47,135.4,1,1,1.0
357,18,907.52,1.0,53.48,67.84,1,1,1.0
357,19,882.35,76.16,78.65,65.64,1,1,0.6984
357,41,1.0,47.44,138.2,57.2,1,1,1.0
357,42,154.07,34.52,136.34,50.66,1,1,0.0323
357,43,307.8,22.32,98.66,53.39,1,1,0.0088
357,44,433.19,19.8,104.04,47.12,1,1,0.0
358,8,358.4,8.53,408.47,135.4,1,1,1.0
358,18,905.17,1.0,55.83,68.48,1,1,1.0
358,19,874.03,76.59,86.97,66.28,1,1,0.6851
358,41,1.0,47.53,138.21,57.22,1,1,1.0
358,42,154.06,34.58,136.32,50.68,1,1,0.0338
358,43,307.81,22.39,98.67,53.42,1,1,0.0019
358,44,433.22,19.81,104.14,47.16,1,1,0.0
359,8,358.4,8.53,408.47,135.4,1,1,1.0
359,18,902.83,1.0,58.17,69.12,1,1,1.0
359,19,865.71,77.01,95.29,66.92,1,1,0.6733
359,41,1.0,47.62,138.22,57.25,1,1,1.0
359,42,154.05,34.65,136.29,50.69,1,1,0.0353
359,43,307.82,22.46,98.68,53.44,1,1,0.0018
359,44,433.24,19.82,104.25,47.21,1,1,0.0
360,8,358.4,8.53,408.47,135.4,1,1,1.0
360,18,900.48,1.0,60.52,69.76,1,1,1.0
360,19,857.39,77.44,103.61,67.56,1,1,0.6321
360,41,1.0,47.7,138.23,57.29,1,1,1.0
360,42,154.04,34.71,136.27,50.7,1,1,0.0223
360,43,307.83,22.54,98.7,53.46,1,1,0.0017
360,44,433.26,19.83,104.36,47.25,1,1,0.0
361,8,358.4,8.53,408.47,135.4,1,1,1.0
361,18,898.13,1.0,62.87,70.4,1,1,1.0
361,19,849.07,77.87,111.93,68.2,1,1,0.6209
361,41,1.0,47.79,138.24,57.32,1,1,1.0
361,42,154.03,34.77,136.25,50.71,1,1,0.0476
361,43,307.84,22.61,98.71,53.48,1,1,0.0016
361,44,433.28,19.84,104.47,47.29,1,1,0.0
362,8,358.4,8.53,408.47,135.4,1,1,1.0
362,18,896.64,1.0,64.36,70.61,1,1,1.0
362,19,840.53,79.79,120.47,68.41,1,1,0.6741
362,41,1.0,47.87,138.25,57.35,1,1,1.0
362,42,154.02,34.84,136.23,50.72,1,1,0.0479
362,43,307.85,22.69,98.72,53.5,1,1,0.0015
362,44,433.3,19.85,104.57,47.34,1,1,0.0
363,8,358.4,8.53,408.47,135.4,1,1,1.0
363,18,895.15,1.0,65.85,70.83,1,1,1.0
363,19,832.0,81.71,112.15,68.62,1,1,0.6518
363,41,1.0,47.96,138.26,57.38,1,1,1.0
363,42,154.01,34.9,136.21,50.73,1,1,0.0482
363,43,307.86,22.76,98.73,53.52,1,1,0.0132
363,44,433.32,19.86,104.68,47.38,1,1,0.0
364,8,358.4,8.53,408.47,135.4,1,1,1.0
364,18,893.65,1.0,67.35,71.04,1,1,1.0
364,19,823.47,83.63,112.78,68.84,1,1,0.6462
364,41,1.0,48.04,138.27,57.42,1,1,1.0
364,42,153.99,34.97,136.19,50.74,1,1,0.0485
364,43,307.87,22.84,98.74,53.54,1,1,0.0124
364,44,433.34,19.87,104.79,47.42,1,1,0.0
365,8,358.4,8.53,408.47,135.4,1,1,1.0
365,18,892.16,1.0,68.84,71.25,1,1,1.0
365,19,814.93,85.55,113.43,69.05,1,1,0.6471
365,41,1.0,48.13,138.28,57.45,1,1,1.0
365,42,153.98,35.03,136.17,50.75,1,1,0.0337
365,43,307.88,22.91,98.75,53.56,1,1,0.0116
365,44,433.37,19.88,104.89,47.46,1,1,0.0
366,8,358.4,8.53,408.47,135.4,1,1,1.0
366,18,890.67,1.0,70.33,71.47,1,1,1.0
366,19,806.4,87.47,114.07,69.26,1,1,0.643
366,41,1.0,48.21,138.29,57.48,1,1,1.0
366,42,153.97,35.09,136.15,50.76,1,1,0.0325
366,43,307.89,22.99,98.76,53.59,1,1,0.0108
366,44,433.39,19.89,105.0,47.51,1,1,0.0
367,8,358.4,8.53,408.47,135.4,1,1,1.0
367,18,888.75,1.0,72.25,72.11,1,1,1.0
367,19,795.52,88.32,116.2,71.19,1,1,0.6525
367,41,1.0,48.3,138.3,57.51,1,1,1.0
367,42,153.96,35.16,136.13,50.77,1,1,0.0313
367,43,307.9,23.06,98.77,53.61,1,1,0.01
367,44,433.41,19.9,105.1,47.55,1,1,0.0
368,8,358.4,8.53,408.47,135.4,1,1,1.0
368,18,886.83,1.0,74.17,72.75,1,1,1.0
368,19,784.64,89.17,118.33,73.11,1,1,0.6405
368,41,1.0,48.38,138.31,57.55,1,1,1.0
368,42,153.95,35.22,136.11,50.78,1,1,0.0302
368,43,307.91,23.14,98.79,53.63,1,1,0.0091
368,44,433.43,19.92,105.21,47.59,1,1,0.0
369,8,358.4,8.53,408.47,135.4,1,1,1.0
369,18,884.91,1.0,76.09,73.39,1,1,1.0
369,19,773.76,90.03,120.47,75.02,1,1,0.673
369,41,1.0,48.47,138.33,57.58,1,1,1.0
369,42,153.94,35.28,136.08,50.79,1,1,0.029
369,43,307.93,23.21,98.79,53.65,1,1,0.0082
369,44,433.45,19.92,105.32,47.64,1,1,0.0
370,8,358.4,8.53,408.47,135.4,1,1,1.0
370,18,882.99,1.0,78.01,74.03,1,1,1.0
370,19,762.88,90.88,122.6,76.95,1,1,0.6687
370,41,1.0,48.56,138.34,57.6,1,1,1.0
370,42,153.93,35.35,136.06,50.8,1,1,0.0278
370,43,307.94,23.28,98.8,53.67,1,1,0.0074
370,44,433.47,19.94,105.43,47.68,1,1,0.0
371,8,358.4,8.53,408.47,135.4,1,1,1.0
371,18,881.07,1.0,79.93,74.67,1,1,1.0
371,19,752.0,91.73,124.73,78.87,1,1,0.6627
371,41,1.0,48.64,138.35,57.64,1,1,1.0
371,42,153.92,35.41,136.04,50.81,1,1,0.0412
371,43,307.95,23.36,98.81,53.69,1,1,0.0071
371,44,433.49,19.95,105.54,47.72,1,1,0.0
372,8,358.4,8.53,408.47,135.4,1,1,1.0
372,18,878.93,1.0,82.07,74.88,1,1,1.0
372,19,739.84,93.44,127.08,79.93,1,1,0.6626
372,41,1.0,48.72,138.36,57.68,1,1,1.0
372,42,153.91,35.48,136.02,50.82,1,1,0.0401
372,43,307.96,23.44,98.82,53.71,1,1,0.0072
372,44,433.51,19.96,105.64,47.76,1,1,0.0
373,8,358.4,8.53,408.47,135.4,1,1,1.0
373,18,876.8,1.0,84.2,75.09,1,1,1.0
373,19,727.68,95.15,129.43,81.0,1,1,0.6536
373,41,1.0,48.81,138.37,57.7,1,1,1.0
373,42,153.9,35.54,136.0,50.84,1,1,0.0389
373,43,307.97,23.51,98.83,53.74,1,1,0.0073
373,44,433.54,19.97,105.74,47.8,1,1,0.0
374,8,358.4,8.53,408.47,135.4,1,1,1.0
374,18,874.67,1.0,86.33,75.31,1,1,1.0
374,19,715.52,96.85,131.77,82.07,1,1,0.6497
374,41,1.0,48.9,138.38,57.73,1,1,1.0
374,42,153.89,35.6,135.97,50.85,1,1,0.0378
374,43,307.98,23.58,98.84,53.76,1,1,0.0074
374,44,433.56,19.98,105.85,47.85,1,1,0.0
375,8,358.4,8.53,408.47,135.4,1,1,1.0
375,18,872.53,1.0,88.47,75.52,1,1,1.0
375,19,703.36,98.56,134.12,83.13,1,1,0.6541
375,41,1.0,48.98,138.39,57.77,1,1,1.0
375,42,153.88,35.67,135.95,50.86,1,1,0.0366
375,43,307.99,23.66,98.86,53.78,1,1,0.0075
375,44,433.58,19.99,105.96,47.89,1,1,0.0
376,8,358.4,8.53,408.47,135.4,1,1,1.0
376,18,870.4,1.0,90.6,75.73,1,1,1.0
376,19,691.2,100.27,136.47,84.2,1,1,0.642
376,41,1.0,49.07,138.4,57.8,1,1,1.0
376,42,153.87,35.73,135.93,50.87,1,1,0.0355
376,43,308.0,23.73,98.87,53.8,1,1,0.0076
376,44,433.6,20.0,106.07,47.93,1,1,0.0
377,8,358.4,8.53,408.47,135.4,1,1,1.0
377,18,868.69,1.0,92.31,76.16,1,1,1.0
377,19,676.48,101.97,140.09,86.34,1,1,0.6258
377,41,1.0,49.15,138.41,57.83,1,1,1.0
377,42,153.86,35.8,135.91,50.88,1,1,0.0343
377,43,308.01,23.81,98.88,53.82,1,1,0.0078
377,44,433.62,20.01,106.17,47.98,1,1,0.0
378,8,358.4,8.53,408.47,135.4,1,1,1.0
378,18,866.99,1.0,94.01,76.59,1,1,1.0
378,19,661.76,103.68,143.72,88.47,1,1,0.6384
378,41,1.0,49.24,138.42,57.86,1,1,1.0
378,42,153.85,35.86,135.89,50.89,1,1,0.0386
378,43,308.02,23.88,98.89,53.84,1,1,0.008
378,44,433.64,20.02,106.28,48.02,1,1,0.0
379,8,358.4,8.53,408.47,135.4,1,1,1.0
379,18,865.28,1.0,95.72,77.01,1,1,1.0
379,19,647.04,105.39,147.35,90.6,1,1,0.6273
379,41,1.0,49.32,138.43,57.9,1,1,1.0
379,42,153.83,35.92,135.87,50.9,1,1,0.0226
379,43,308.03,23.96,98.9,53.86,1,1,0.0004
379,44,433.66,20.03,106.39,48.06,1,1,0.0
380,8,358.4,8.53,408.47,135.4,1,1,1.0
380,18,863.57,1.0,97.43,77.44,1,1,1.0
380,19,632.32,107.09,150.97,92.74,1,1,0.6144
380,41,1.0,49.41,138.44,57.93,1,1,1.0
380,42,153.82,35.99,135.85,50.91,1,1,0.0212
380,43,308.04,24.03,98.91,53.88,1,1,0.0
380,44,433.69,20.04,106.49,48.1,1,1,0.0
381,8,358.4,8.53,408.47,135.4,1,1,1.0
381,18,861.87,1.0,99.13,77.87,1,1,1.0
381,19,617.6,108.8,154.6,94.87,1,1,0.632
381,41,1.0,49.49,138.45,57.96,1,1,1.0
381,42,153.81,36.05,135.83,50.92,1,1,0.0208
381,43,308.05,24.11,98.92,53.91,1,1,0.0
381,44,433.71,20.05,106.6,48.15,1,1,0.0
382,8,358.4,8.53,408.47,135.4,1,1,1.0
382,18,860.8,1.0,100.2,77.87,1,1,1.0
382,19,601.6,111.15,157.16,96.36,1,1,0.617
382,41,1.0,49.58,138.46,57.99,1,1,1.0
382,42,153.8,36.12,135.81,50.93,1,1,0.0216
382,43,308.06,24.18,98.93,53.93,1,1,0.0
382,44,433.73,20.06,106.7,48.19,1,1,0.0
383,8,358.4,8.53,408.47,135.4,1,1,1.0
383,18,859.73,1.0,101.27,77.87,1,1,1.0
383,19,585.6,113.49,159.72,97.86,1,1,0.6236
383,41,1.0,49.66,138.47,58.03,1,1,1.0
383,42,153.79,36.18,135.79,50.94,1,1,0.0229
383,43,308.07,24.26,98.95,53.95,1,1,0.0
383,44,433.75,20.08,106.81,48.23,1,1,0.0
384,8,358.4,8.53,408.47,135.4,1,1,1.0
384,18,858.67,1.0,102.33,77.87,1,1,1.0
384,19,569.6,115.84,162.28,99.35,1,1,0.6084
384,41,1.0,49.75,138.49,58.06,1,1,1.0
384,42,153.78,36.24,135.76,50.95,1,1,0.0241
384,43,308.09,24.33,98.95,53.97,1,1,0.0
384,44,433.77,20.08,106.92,48.28,1,1,0.0
385,8,358.4,8.53,408.47,135.4,1,1,1.0
385,18,857.6,1.0,103.4,77.87,1,1,1.0
385,19,553.6,118.19,164.84,100.84,1,1,0.6142
385,41,1.0,49.84,138.5,58.08,1,1,1.0
385,42,153.77,36.31,135.74,50.96,1,1,0.0254
385,43,308.1,24.4,98.96,53.99,1,1,0.0
385,44,433.79,20.1,107.03,48.32,1,1,0.0
386,8,358.4,8.53,408.47,135.4,1,1,1.0
386,18,856.53,1.0,104.47,77.87,1,1,1.0
386,19,537.6,120.53,167.4,102.34,1,1,0.6016
386,41,1.0,49.92,138.51,58.12,1,1,1.0
386,42,153.76,36.37,135.72,50.97,1,1,0.0267
386,43,308.11,24.48,98.97,54.01,1,1,0.0
386,44,433.81,20.11,107.14,48.36,1,1,0.0
387,8,358.4,8.53,408.47,135.4,1,1,1.0
387,18,855.04,1.0,105.96,78.29,1,1,1.0
387,19,518.61,122.67,170.6,104.89,1,1,0.6096
387,41,1.0,50.0,138.52,58.16,1,1,1.0
387,42,153.75,36.44,135.7,50.98,1,1,0.028
387,43,308.12,24.56,98.98,54.03,1,1,0.0
387,44,433.83,20.12,107.24,48.4,1,1,0.0
388,8,358.4,8.53,408.47,135.4,1,1,1.0
388,18,853.55,1.0,107.45,78.72,1,1,1.0
388,19,499.63,124.8,173.8,107.45,1,1,0.5901
388,41,1.0,50.09,138.53,58.18,1,1,1.0
388,42,153.74,36.5,135.68,51.0,1,1,0.0293
388,43,308.13,24.63,98.99,54.06,1,1,0.0
388,44,433.86,20.13,107.34,48.44,1,1,0.0
389,8,358.4,8.53,408.47,135.4,1,1,1.0
389,18,852.05,1.0,108.95,79.15,1,1,1.0
389,19,480.64,126.93,177.0,110.02,1,1,0.5929
389,41,1.0,50.18,138.54,58.21,1,1,1.0
389,42,153.73,36.56,135.65,51.01,1,1,0.0305
389,43,308.14,24.7,99.0,54.08,1,1,0.0
389,44,433.88,20.14,107.45,48.49,1,1,0.0
390,8,358.4,8.53,408.47,135.4,1,1,1.0
390,18,850.56,1.0,110.44,79.57,1,1,1.0
390,19,461.65,129.07,180.2,112.57,1,1,0.601
390,41,1.0,50.26,138.55,58.25,1,1,1.0
390,42,153.72,36.63,135.63,51.02,1,1,0.0318
390,43,308.15,24.78,99.02,54.1,1,1,0.0115
390,44,433.9,20.15,107.56,48.53,1,1,0.0
391,8,358.4,8.53,408.47,135.4,1,1,1.0
391,18,849.07,1.0,111.93,80.0,1,1,1.0
391,19,442.67,131.2,183.4,115.13,1,1,0.5802
391,20,928.0,71.47,33.0,49.0,1,1,1.0
391,41,1.0,50.35,138.56,58.28,1,1,1.0
391,42,153.71,36.69,135.61,51.03,1,1,0.0331
391,43,308.16,24.85,99.03,54.12,1,1,0.0108
391,44,433.92,20.16,107.67,48.57,1,1,0.0
392,8,358.4,8.53,408.47,135.4,1,1,1.0
392,18,847.36,1.0,113.64,79.79,1,1,1.0
392,19,418.13,134.61,188.74,116.2,1,1,0.5972
392,20,920.75,72.32,40.25,49.21,1,1,1.0
392,41,1.0,50.43,138.57,58.31,1,1,1.0
392,42,153.7,36.76,135.59,51.04,1,1,0.043
392,43,308.17,24.93,99.04,54.14,1,1,0.0107
392,44,433.94,20.17,107.77,48.62,1,1,0.0
393,8,358.4,8.53,408.47,135.4,1,1,1.0
393,18,845.65,1.0,115.35,79.57,1,1,1.0
393,19,393.6,138.03,194.07,117.26,1,1,0.6014
393,20,913.49,73.17,47.51,49.43,1,1,1.0
393,41,1.0,50.52,138.58,58.34,1,1,1.0
393,42,153.69,36.82,135.57,51.05,1,1,0.0416
393,43,308.18,25.0,99.05,54.16,1,1,0.0109
393,44,433.96,20.18,107.88,48.66,1,1,0.0
394,8,358.4,8.53,408.47,135.4,1,1,1.0
394,18,843.95,1.0,117.05,79.36,1,1,1.0
394,19,369.07,141.44,199.4,118.33,1,1,0.5982
394,20,906.24,74.03,54.76,49.64,1,1,1.0
394,41,1.0,50.6,138.59,58.38,1,1,1.0
394,42,153.67,36.88,135.55,51.06,1,1,0.0402
394,43,308.19,25.08,99.06,54.18,1,1,0.0111
394,44,433.98,20.19,107.99,48.7,1,1,0.0
395,8,358.4,8.53,408.47,135.4,1,1,1.0
395,18,842.24,1.0,118.76,79.15,1,1,1.0
395,19,344.53,144.85,204.74,119.4,1,1,0.5964
395,20,898.99,74.88,62.01,49.85,1,1,0.9998
395,41,1.0,50.69,138.6,58.41,1,1,1.0
395,42,153.66,36.95,135.53,51.07,1,1,0.0389
395,43,308.2,25.15,99.07,54.2,1,1,0.0113
395,44,434.01,20.2,108.09,48.74,1,1,0.0
396,8,358.4,8.53,408.47,135.4,1,1,1.0
396,18,840.53,1.0,120.47,78.93,1,1,1.0
396,19,320.0,148.27,210.07,120.46,1,1,0.5955
396,20,891.73,75.73,69.27,50.07,1,1,0.9953
396,41,1.0,50.77,138.61,58.44,1,1,1.0
396,42,153.65,37.01,135.51,51.08,1,1,0.0375
396,43,308.21,25.23,99.08,54.23,1,1,0.0115
396,44,434.03,20.21,108.2,48.79,1,1,0.0
397,8,358.4,10.45,408.25,133.27,1,1,1.0
397,18,838.83,1.0,122.17,79.15,1,1,1.0
397,19,293.33,151.25,214.98,124.1,1,1,0.6064
397,20,884.27,76.8,76.73,50.71,1,1,0.9931
397,41,1.0,50.86,138.62,58.47,1,1,1.0
397,42,153.64,37.08,135.49,51.09,1,1,0.0361
397,43,308.22,25.3,99.09,54.25,1,1,0.0117
397,44,434.05,20.22,108.3,48.83,1,1,0.0
398,8,358.4,12.37,408.04,131.14,1,1,1.0
398,18,837.12,1.0,123.88,79.36,1,1,1.0
398,19,266.67,154.24,219.88,127.72,1,1,0.5932
398,20,876.8,77.87,84.2,51.34,1,1,0.978
398,41,1.0,50.94,138.63,58.51,1,1,1.0
398,42,153.63,37.14,135.47,51.1,1,1,0.0347
398,43,308.23,25.38,99.11,54.27,1,1,0.0118
398,44,434.07,20.24,108.41,48.87,1,1,0.0
399,8,358.4,14.29,407.83,129.0,1,1,1.0
399,18,835.41,1.0,125.59,79.57,1,1,1.0
399,19,240.0,157.23,224.79,131.34,1,1,0.5845
399,20,869.33,78.93,91.67,51.99,1,1,0.9742
399,41,1.0,51.03,138.65,58.54,1,1,1.0
399,42,153.62,37.2,135.44,51.11,1,1,0.0188
399,43,308.25,25.45,99.11,54.29,1,1,0.012
399,44,434.09,20.24,108.52,48.92,1,1,0.0
400,8,358.4,16.21,407.61,126.87,1,1,1.0
400,18,833.71,1.0,127.29,79.79,1,1,1.0
400,19,213.33,160.21,229.7,134.98,1,1,0.5938
400,20,861.87,80.0,99.13,52.63,1,1,0.9581
400,41,1.0,51.12,138.66,58.56,1,1,1.0
400,42,153.61,37.27,135.42,51.12,1,1,0.0174
400,43,308.26,25.52,99.12,54.31,1,1,0.0044
400,44,434.11,20.26,108.63,48.96,1,1,0.0
401,8,358.4,18.13,407.4,124.74,1,1,1.0
401,18,832.0,1.0,129.0,80.0,1,1,1.0
401,19,186.67,163.2,234.6,138.6,1,1,0.5835
401,20,854.4,81.07,106.6,53.26,1,1,0.9457
401,41,1.0,51.2,138.67,58.6,1,1,1.0
401,42,153.6,37.33,135.4,51.13,1,1,0.016
401,43,308.27,25.6,99.13,54.33,1,1,0.0037
401,44,434.13,20.27,108.74,49.0,1,1,0.0
402,8,358.4,18.13,407.4,124.74,1,1,1.0
402,18,830.51,1.0,130.49,80.43,1,1,1.0
402,19,154.24,167.89,241.85,140.95,1,1,0.5825
402,20,845.65,81.92,101.27,53.91,1,1,0.9413
402,41,1.0,51.21,138.68,58.57,1,1,1.0
402,42,153.62,37.33,135.45,51.13,1,1,0.0163
402,43,308.33,25.61,99.14,54.31,1,1,0.0036
402,44,434.15,20.32,108.73,49.01,1,1,0.0
403,8,358.4,18.13,407.4,124.74,1,1,1.0
403,18,829.01,1.0,131.99,80.85,1,1,1.0
403,19,121.81,172.59,249.11,143.29,1,1,0.5824
403,20,836.91,82.77,103.4,54.55,1,1,0.9574
403,41,1.0,51.22,138.69,58.54,1,1,1.0
403,42,153.64,37.33,135.51,51.13,1,1,0.0168
403,43,308.39,25.62,99.16,54.29,1,1,0.0035
403,44,434.18,20.37,108.71,49.02,1,1,0.0
404,8,358.4,18.13,407.4,124.74,1,1,1.0
404,18,827.52,1.0,133.48,81.28,1,1,1.0
404,19,89.39,177.28,256.36,145.64,1,1,0.5839
404,20,828.16,83.63,105.53,55.18,1,1,0.9591
404,41,1.0,51.23,138.7,58.51,1,1,1.0
404,42,153.66,37.33,135.56,51.13,1,1,0.0317
404,43,308.46,25.63,99.16,54.27,1,1,0.0034
404,44,434.2,20.43,108.7,49.03,1,1,0.0
405,8,358.4,18.13,407.4,124.74,1,1,1.0
405,18,826.03,1.0,134.97,81.71,1,1,1.0
405,19,56.96,181.97,263.61,147.99,1,1,0.5695
405,20,819.41,84.48,107.67,55.83,1,1,0.9461
405,41,1.0,51.24,138.71,58.47,1,1,1.0
405,42,153.69,37.33,135.61,51.13,1,1,0.032
405,43,308.52,25.64,99.18,54.25,1,1,0.0033
405,44,434.22,20.48,108.69,49.04,1,1,0.0
406,8,358.4,18.13,407.4,124.74,1,1,1.0
406,18,824.53,1.0,136.47,82.13,1,1,1.0
406,19,24.53,186.67,270.87,150.33,1,1,0.5683
406,20,810.67,85.33,109.8,56.47,1,1,0.9696
406,41,1.0,51.25,138.72,58.44,1,1,1.0
406,42,153.71,37.33,135.66,51.13,1,1,0.0324
406,43,308.59,25.65,99.18,54.23,1,1,0.0032
406,44,434.24,20.53,108.68,49.05,1,1,0.0
407,8,358.4,18.13,407.4,124.74,1,1,1.0
407,18,822.61,1.0,138.39,82.56,1,1,1.0
407,19,20.05,190.93,244.84,146.92,1,1,0.6062
407,20,801.71,86.61,110.65,56.26,1,1,0.9809
407,41,1.0,51.26,138.73,58.41,1,1,1.0
407,42,153.73,37.33,135.72,51.13,1,1,0.0328
407,43,308.65,25.66,99.2,54.2,1,1,0.0031
407,44,434.26,20.59,108.67,49.06,1,1,0.0
408,8,358.4,18.13,407.4,124.74,1,1,1.0
408,18,820.69,1.0,140.31,82.99,1,1,1.0
408,19,15.57,195.2,218.82,143.51,1,1,0.6334
408,20,792.75,87.89,111.5,56.04,1,1,0.9835
408,41,1.0,51.28,138.74,58.38,1,1,1.0
408,42,153.75,37.33,135.77,51.13,1,1,0.0332
408,43,308.71,25.68,99.21,54.18,1,1,0.003
408,44,434.28,20.64,108.66,49.08,1,1,0.0
409,8,358.4,18.13,407.4,124.74,1,1,1.0
409,18,818.77,1.0,142.23,83.41,1,1,1.0
409,19,1.0,199.47,202.88,140.09,1,1,0.6827
409,20,783.79,89.17,112.36,55.83,1,1,0.9913
409,41,1.0,51.28,138.75,58.34,1,1,1.0
409,42,153.77,37.33,135.83,51.13,1,1,0.0336
409,43,308.78,25.68,99.22,54.16,1,1,0.0151
409,44,434.3,20.69,108.65,49.09,1,1,0.0
410,8,358.4,18.13,407.4,124.74,1,1,1.0
410,18,816.85,1.0,144.15,83.84,1,1,1.0
410,19,1.0,203.73,172.37,136.68,1,1,0.7136
410,20,774.83,90.45,113.21,55.62,1,1,0.9883
410,41,1.0,51.3,138.76,58.31,1,1,1.0
410,42,153.79,37.33,135.88,51.13,1,1,0.034
410,43,308.84,25.7,99.23,54.14,1,1,0.0144
410,44,434.33,20.75,108.63,49.1,1,1,0.0
411,8,358.4,18.13,407.4,124.74,1,1,1.0
411,18,814.93,1.0,146.07,84.27,1,1,1.0
411,19,1.0,208.0,141.87,133.27,1,1,0.7392
411,20,765.87,91.73,114.06,55.4,1,1,0.9953
411,41,1.0,51.31,138.77,58.28,1,1,1.0
411,42,153.81,37.33,135.94,51.13,1,1,0.0344
411,43,308.91,25.71,99.24,54.12,1,1,0.0136
411,44,434.35,20.8,108.62,49.11,1,1,0.0
412,8,358.4,18.13,407.4,124.74,1,1,0.9894
412,18,813.65,1.0,147.35,84.69,1,1,1.0
412,20,754.99,93.01,116.62,56.47,1,1,0.995
412,41,1.0,51.32,138.78,58.25,1,1,1.0
412,42,153.83,37.33,135.99,51.13,1,1,0.0288
412,43,308.97,25.72,99.25,54.1,1,1,0.0129
412,44,434.37,20.85,108.61,49.12,1,1,0.0
413,8,358.4,18.13,407.4,124.74,1,1,0.9793
413,18,812.37,1.0,148.63,85.12,1,1,1.0
413,20,744.11,94.29,119.18,57.54,1,1,0.9965
413,41,1.0,51.33,138.79,58.21,1,1,1.0
413,42,153.86,37.33,136.04,51.13,1,1,0.0286
413,43,309.03,25.73,99.27,54.08,1,1,0.0122
413,44,434.39,20.91,108.6,49.13,1,1,0.0
414,8,358.4,18.13,407.4,124.74,1,1,0.9697
414,18,811.09,1.0,149.91,85.55,1,1,1.0
414,20,733.23,95.57,121.74,58.6,1,1,0.9961
414,41,1.0,51.34,138.81,58.18,1,1,1.0
414,42,153.88,37.33,136.09,51.13,1,1,0.0284
414,43,309.1,25.74,99.27,54.06,1,1,0.0114
414,44,434.41,20.96,108.6,49.14,1,1,0.0
415,8,358.4,18.13,407.4,124.74,1,1,0.9607
415,18,809.81,1.0,151.19,85.97,1,1,1.0
415,20,722.35,96.85,124.3,59.67,1,1,0.995
415,41,1.0,51.35,138.82,58.15,1,1,1.0
415,42,153.9,37.33,136.15,51.13,1,1,0.0283
415,43,309.16,25.75,99.29,54.04,1,1,0.0107
415,44,434.43,21.01,108.59,49.15,1,1,0.0
416,8,358.4,18.13,407.4,124.74,1,1,0.9522
416,18,808.53,1.0,152.47,86.4,1,1,1.0
416,20,711.47,98.13,126.86,60.74,1,1,0.9939
416,41,1.0,51.36,138.83,58.12,1,1,1.0
416,42,153.92,37.33,136.2,51.13,1,1,0.0281
416,43,309.23,25.76,99.29,54.01,1,1,0.0099
416,44,434.45,21.07,108.58,49.16,1,1,0.0
417,8,358.4,18.13,407.4,124.74,1,1,0.9432
417,18,806.19,1.0,154.81,86.83,1,1,1.0
417,20,699.09,99.63,129.43,61.8,1,1,0.9946
417,41,1.0,51.37,138.84,58.09,1,1,1.0
417,42,153.94,37.33,136.25,51.13,1,1,0.028
417,43,309.29,25.77,99.3,53.99,1,1,0.0092
417,44,434.47,21.12,108.57,49.17,1,1,0.0
418,8,358.4,18.13,407.4,124.74,1,1,0.935
418,18,803.84,1.0,157.16,87.25,1,1,1.0
418,20,686.72,101.12,131.99,62.87,1,1,0.9891
418,41,1.0,51.38,138.85,58.06,1,1,1.0
418,42,153.96,37.33,136.31,51.13,1,1,0.0278
418,43,309.35,25.78,99.32,53.97,1,1,0.0085
418,44,434.5,21.17,108.55,49.18,1,1,0.0
419,8,358.4,18.13,407.4,124.74,1,1,0.9275
419,18,801.49,1.0,159.51,87.68,1,1,1.0
419,20,674.35,102.61,134.54,63.94,1,1,0.9879
419,41,1.0,51.39,138.86,58.03,1,1,1.0
419,42,153.98,37.33,136.36,51.13,1,1,0.0277
419,43,309.42,25.79,99.32,53.95,1,1,0.0144
419,44,434.52,21.23,108.54,49.19,1,1,0.0
420,8,358.4,18.13,407.4,124.74,1,1,0.9208
420,18,799.15,1.0,161.85,88.11,1,1,1.0
420,20,661.97,104.11,137.11,65.0,1,1,0.9871
420,41,1.0,51.4,138.87,57.99,1,1,1.0
420,42,154.01,37.33,136.41,51.13,1,1,0.0274
420,43,309.48,25.8,99.34,53.93,1,1,0.0136
420,44,434.54,21.28,108.53,49.2,1,1,0.0
421,8,358.4,18.13,407.4,124.74,1,1,0.9148
421,18,796.8,1.0,164.2,88.53,1,1,1.0
421,20,649.6,105.6,139.67,66.07,1,1,0.9886
421,41,1.0,51.41,138.88,57.96,1,1,1.0
421,42,154.03,37.33,136.46,51.13,1,1,0.0273
421,43,309.55,25.81,99.34,53.91,1,1,0.0127
421,44,434.56,21.33,108.52,49.21,1,1,0.0
422,8,358.4,18.13,407.4,124.74,1,1,0.9099
422,18,796.59,1.0,164.41,88.75,1,1,1.0
422,20,635.52,107.73,142.23,66.28,1,1,0.9828
422,41,1.0,51.42,138.89,57.93,1,1,1.0
422,42,154.05,37.33,136.52,51.13,1,1,0.0271
422,43,309.61,25.82,99.36,53.88,1,1,0.0119
422,44,434.58,21.39,108.51,49.22,1,1,0.0
423,8,358.4,18.13,407.4,124.74,1,1,1.0
423,18,796.37,1.0,164.63,88.96,1,1,1.0
423,20,621.44,109.87,144.79,66.49,1,1,0.9881
423,41,1.0,51.44,138.9,57.9,1,1,1.0
423,42,154.07,37.33,136.57,51.13,1,1,0.027
423,43,309.67,25.84,99.37,53.86,1,1,0.0111
423,44,434.6,21.44,108.5,49.24,1,1,0.0
424,8,358.4,18.13,407.4,124.74,1,1,1.0
424,18,796.16,1.0,164.84,89.17,1,1,1.0
424,20,607.36,112.0,147.35,66.71,1,1,0.9891
424,41,1.0,51.44,138.91,57.86,1,1,1.0
424,42,154.09,37.33,136.63,51.13,1,1,0.0413
424,43,309.74,25.84,99.38,53.84,1,1,0.0102
424,44,434.62,21.49,108.49,49.25,1,1,0.0
425,8,358.4,18.13,407.4,124.74,1,1,1.0
425,18,795.95,1.0,165.05,89.39,1,1,1.0
425,20,593.28,114.13,149.91,66.92,1,1,0.9905
425,41,1.0,51.46,138.92,57.83,1,1,1.0
425,42,154.11,37.33,136.68,51.13,1,1,0.0411
425,43,309.8,25.86,99.39,53.82,1,1,0.0094
425,44,434.65,21.55,108.47,49.26,1,1,0.0
426,8,358.4,18.13,407.4,124.74,1,1,1.0
426,18,795.73,1.0,165.27,89.6,1,1,1.0
426,20,579.2,116.27,152.47,67.13,1,1,0.995
426,41,1.0,51.47,138.93,57.8,1,1,1.0
426,42,154.13,37.33,136.74,51.13,1,1,0.041
426,43,309.87,25.87,99.4,53.8,1,1,0.0085
426,44,434.67,21.6,108.46,49.27,1,1,0.0
427,8,358.4,18.13,407.4,124.74,1,1,1.0
427,18,794.03,1.0,166.97,89.39,1,1,1.0
427,20,562.77,117.97,156.52,68.84,1,1,0.9897
427,41,1.0,51.48,138.94,57.77,1,1,1.0
427,42,154.15,37.33,136.79,51.13,1,1,0.0408
427,43,309.93,25.88,99.41,53.78,1,1,0.0078
427,44,434.69,21.65,108.45,49.28,1,1,0.0
428,8,358.4,18.13,407.4,124.74,1,1,1.0
428,18,792.32,1.0,168.68,89.17,1,1,1.0
428,20,546.35,119.68,160.57,70.55,1,1,0.9841
428,41,1.0,51.49,138.95,57.73,1,1,1.0
428,42,154.18,37.33,136.84,51.13,1,1,0.0407
428,43,309.99,25.89,99.43,53.76,1,1,0.007
428,44,434.71,21.71,108.44,49.29,1,1,0.0
429,8,358.4,18.13,407.4,124.74,1,1,1.0
429,18,790.61,1.0,170.39,88.96,1,1,1.0
429,20,529.92,121.39,164.63,72.25,1,1,0.9897
429,41,1.0,51.5,138.97,57.7,1,1,1.0
429,42,154.2,37.33,136.89,51.13,1,1,0.0411
429,43,310.06,25.9,99.43,53.74,1,1,0.0067
429,44,434.73,21.76,108.44,49.3,1,1,0.0
430,8,358.4,18.13,407.4,124.74,1,1,1.0
430,18,788.91,1.0,172.09,88.75,1,1,1.0
430,20,513.49,123.09,168.68,73.96,1,1,0.9819
430,41,1.0,51.51,138.98,57.67,1,1,1.0
430,42,154.22,37.33,136.95,51.13,1,1,0.0415
430,43,310.12,25.91,99.45,53.72,1,1,0.0065
430,44,434.75,21.81,108.43,49.31,1,1,0.0
431,8,358.4,18.13,407.4,124.74,1,1,1.0
431,18,787.2,1.0,173.8,88.53,1,1,1.0
431,20,497.07,124.8,172.73,75.67,1,1,0.9755
431,41,1.0,51.52,138.99,57.64,1,1,1.0
431,42,154.24,37.33,137.0,51.13,1,1,0.0419
431,43,310.19,25.92,99.45,53.69,1,1,0.0063
431,44,434.77,21.87,108.42,49.32,1,1,0.0
432,8,358.4,18.13,407.4,124.74,1,1,1.0
432,18,785.28,1.0,175.72,88.53,1,1,1.0
432,20,478.29,126.93,175.51,77.59,1,1,0.9751
432,41,1.0,51.53,139.0,57.61,1,1,1.0
432,42,154.26,37.33,137.05,51.13,1,1,0.0422
432,43,310.25,25.93,99.46,53.67,1,1,0.0061
432,44,434.79,21.92,108.41,49.33,1,1,0.0
433,8,358.4,18.13,407.4,124.74,1,1,1.0
433,18,783.36,1.0,177.64,88.53,1,1,1.0
433,20,459.52,129.07,178.28,79.5,1,1,0.9784
433,41,1.0,51.54,139.01,57.58,1,1,1.0
433,42,154.28,37.33,137.11,51.13,1,1,0.0426
433,43,310.31,25.94,99.48,53.65,1,1,0.0059
433,44,434.82,21.97,108.39,49.34,1,1,0.0
434,8,358.4,18.13,407.4,124.74,1,1,1.0
434,18,781.44,1.0,179.56,88.53,1,1,1.0
434,20,440.75,131.2,181.05,81.43,1,1,0.9755
434,41,1.0,51.55,139.02,57.55,1,1,1.0
434,42,154.3,37.33,137.16,51.13,1,1,0.043
434,43,310.38,25.95,99.48,53.63,1,1,0.0057
434,44,434.84,22.03,108.38,49.35,1,1,0.0
435,8,358.4,18.13,407.4,124.74,1,1,1.0
435,18,779.52,1.0,181.48,88.53,1,1,1.0
435,20,421.97,133.33,183.83,83.35,1,1,0.9752
435,41,1.0,51.56,139.03,57.51,1,1,1.0
435,42,154.33,37.33,137.21,51.13,1,1,0.0433
435,43,310.44,25.96,99.5,53.61,1,1,0.0055
435,44,434.86,22.08,108.37,49.36,1,1,0.0
436,8,358.4,18.13,407.4,124.74,1,1,1.0
436,18,777.6,1.0,183.4,88.53,1,1,1.0
436,20,403.2,135.47,186.6,85.26,1,1,0.9678
436,41,1.0,51.57,139.04,57.48,1,1,1.0
436,42,154.35,37.33,137.26,51.13,1,1,0.0437
436,43,310.51,25.97,99.5,53.59,1,1,0.0053
436,44,434.88,22.13,108.36,49.37,1,1,0.0
437,8,358.4,18.13,407.4,124.74,1,1,1.0
437,18,776.75,1.0,184.25,88.32,1,1,1.0
437,20,381.44,137.39,190.01,87.18,1,1,0.97
437,41,1.0,51.58,139.05,57.45,1,1,1.0
437,42,154.37,37.33,137.32,51.13,1,1,0.0441
437,43,310.57,25.98,99.52,53.56,1,1,0.0051
437,44,434.9,22.19,108.35,49.38,1,1,0.0
438,8,358.4,18.13,407.4,124.74,1,1,1.0
438,18,775.89,1.0,185.11,88.11,1,1,1.0
438,20,359.68,139.31,193.43,89.1,1,1,0.9716
438,41,1.0,51.6,139.06,57.42,1,1,1.0
438,42,154.39,37.33,137.37,51.13,1,1,0.0534
438,43,310.63,26.0,99.53,53.54,1,1,0.0049
438,44,434.92,22.24,108.34,49.4,1,1,0.0
439,8,358.4,18.13,407.4,124.74,1,1,1.0
439,18,775.04,1.0,185.96,87.89,1,1,1.0
439,20,337.92,141.23,196.84,91.02,1,1,0.9721
439,41,1.0,51.6,139.07,57.38,1,1,1.0
439,42,154.41,37.33,137.43,51.13,1,1,0.0532
439,43,310.7,26.0,99.54,53.52,1,1,0.0047
439,44,434.94,22.29,108.33,49.41,1,1,0.0
440,8,358.4,18.13,407.4,124.74,1,1,1.0
440,18,774.19,1.0,186.81,87.68,1,1,1.0
440,20,316.16,143.15,200.25,92.94,1,1,0.9738
440,41,1.0,51.62,139.08,57.35,1,1,1.0
440,42,154.43,37.33,137.48,51.13,1,1,0.053
440,43,310.76,26.02,99.55,53.5,1,1,0.017
440,44,434.97,22.35,108.31,49.42,1,1,0.0
441,8,358.4,18.13,407.4,124.74,1,1,1.0
441,18,773.33,1.0,187.67,87.47,1,1,1.0
441,20,294.4,145.07,203.67,94.86,1,1,0.9722
441,41,1.0,51.63,139.09,57.32,1,1,1.0
441,42,154.45,37.33,137.54,51.13,1,1,0.0529
441,43,310.83,26.03,99.56,53.48,1,1,0.0162
441,44,434.99,22.4,108.3,49.43,1,1,0.0
442,8,358.4,18.13,407.4,124.74,1,1,1.0
442,18,771.84,1.0,189.16,88.75,1,1,1.0
442,20,267.95,148.48,210.7,96.57,1,1,0.9715
442,41,1.0,51.64,139.1,57.29,1,1,1.0
442,42,154.47,37.33,137.59,51.13,1,1,0.0527
442,43,310.89,26.04,99.57,53.46,1,1,0.0155
442,44,435.01,22.45,108.29,49.44,1,1,0.0
443,8,358.4,18.13,407.4,124.74,1,1,1.0
443,18,770.35,1.0,190.65,90.03,1,1,1.0
443,20,241.49,151.89,217.75,98.28,1,1,0.9653
443,41,1.0,51.65,139.11,57.25,1,1,1.0
443,42,154.5,37.33,137.64,51.13,1,1,0.0525
443,43,310.95,26.05,99.59,53.44,1,1,0.0148
443,44,435.03,22.51,108.28,49.45,1,1,0.0
444,8,358.4,18.13,407.4,124.74,1,1,1.0
444,18,768.85,1.0,192.15,91.31,1,1,1.0
444,20,215.04,155.31,224.79,99.98,1,1,0.9642
444,41,1.0,51.66,139.13,57.22,1,1,1.0
444,42,154.52,37.33,137.69,51.13,1,1,0.038
444,43,311.02,26.06,99.59,53.42,1,1,0.014
444,44,435.05,22.56,108.28,49.46,1,1,0.0
445,8,358.4,18.13,407.4,124.74,1,1,1.0
445,18,767.36,1.0,193.64,92.59,1,1,1.0
445,20,188.59,158.72,231.82,101.69,1,1,0.957
445,41,1.0,51.67,139.14,57.19,1,1,1.0
445,42,154.54,37.33,137.75,51.13,1,1,0.0378
445,43,311.08,26.07,99.61,53.4,1,1,0.0133
445,44,435.07,22.61,108.27,49.47,1,1,0.0
446,8,358.4,18.13,407.4,124.74,1,1,1.0
446,18,765.87,1.0,195.13,93.87,1,1,1.0
446,20,162.13,162.13,238.87,103.4,1,1,0.9581
446,41,1.0,51.68,139.15,57.16,1,1,1.0
446,42,154.56,37.33,137.8,51.13,1,1,0.0377
446,43,311.15,26.08,99.61,53.37,1,1,0.0125
446,44,435.09,22.67,108.26,49.48,1,1,0.0
447,8,358.4,18.13,407.4,124.74,1,1,1.0
447,18,765.44,1.0,195.56,93.87,1,1,1.0
447,20,133.76,166.4,243.56,104.25,1,1,0.9495
447,41,1.0,51.69,139.16,57.13,1,1,1.0
447,42,154.58,37.33,137.85,51.13,1,1,0.0232
447,43,311.21,26.09,99.62,53.35,1,1,0.0118
447,44,435.11,22.72,108.25,49.49,1,1,0.0
448,8,358.4,18.13,407.4,124.74,1,1,1.0
448,18,765.01,1.0,195.99,93.87,1,1,1.0
448,20,105.39,170.67,248.25,105.1,1,1,0.951
448,41,1.0,51.7,139.17,57.1,1,1,1.0
448,42,154.6,37.33,137.91,51.13,1,1,0.0231
448,43,311.27,26.1,99.64,53.33,1,1,0.0111
448,44,435.14,22.77,108.23,49.5,1,1,0.0
449,8,358.4,18.13,407.4,124.74,1,1,1.0
449,18,764.59,1.0,196.41,93.87,1,1,0.995
449,20,77.01,174.93,252.95,105.96,1,1,0.9521
449,41,1.0,51.71,139.18,57.07,1,1,1.0
449,42,154.62,37.33,137.96,51.13,1,1,0.013
449,43,311.34,26.11,99.64,53.31,1,1,0.0103
449,44,435.16,22.83,108.22,49.51,1,1,0.0
450,8,358.4,18.13,407.4,124.74,1,1,1.0
450,18,764.16,1.0,196.84,93.87,1,1,0.9932
450,20,48.64,179.2,257.64,106.81,1,1,0.9435
450,41,1.0,51.72,139.19,57.03,1,1,1.0
450,42,154.65,37.33,138.01,51.13,1,1,0.013
450,43,311.4,26.12,99.66,53.29,1,1,0.0096
450,44,435.18,22.88,108.21,49.52,1,1,0.0
451,8,358.4,18.13,407.4,124.74,1,1,1.0
451,18,763.73,1.0,197.27,93.87,1,1,0.9914
451,20,20.27,183.47,262.33,107.66,1,1,0.9503
451,41,1.0,51.73,139.2,57.0,1,1,1.0
451,42,154.67,37.33,138.06,51.13,1,1,0.013
451,43,311.47,26.13,99.66,53.27,1,1,0.0088
451,44,435.2,22.93,108.2,49.53,1,1,0.0
452,8,358.4,18.13,407.4,124.74,1,1,1.0
452,18,762.45,1.0,198.55,93.44,1,1,0.9862
452,20,17.07,187.95,239.08,106.6,1,1,0.9518
452,41,1.0,51.74,139.21,56.97,1,1,1.0
452,42,154.69,37.33,138.12,51.13,1,1,0.013
452,43,311.53,26.14,99.68,53.24,1,1,0.0081
452,44,435.22,22.99,108.19,49.54,1,1,0.0
453,8,358.4,18.13,407.4,124.74,1,1,1.0
453,18,761.17,1.0,199.83,93.01,1,1,0.9811
453,20,13.87,192.43,215.82,105.53,1,1,0.969
453,41,1.0,51.76,139.22,56.94,1,1,1.0
453,42,154.71,37.33,138.17,51.13,1,1,0.013
453,43,311.59,26.16,99.69,53.22,1,1,0.0074
453,44,435.24,23.04,108.18,49.56,1,1,0.0
454,8,358.4,18.13,407.4,124.74,1,1,1.0
454,18,759.89,1.0,201.11,92.59,1,1,0.9761
454,20,1.0,196.91,202.24,104.46,1,1,0.9825
454,41,1.0,51.76,139.23,56.9,1,1,1.0
454,42,154.73,37.33,138.23,51.13,1,1,0.013
454,43,311.66,26.16,99.7,53.2,1,1,0.0066
454,44,435.26,23.09,108.17,49.57,1,1,0.0
455,8,358.4,18.13,407.4,124.74,1,1,1.0
455,18,758.61,1.0,202.39,92.16,1,1,0.9711
455,20,1.0,201.39,175.79,103.4,1,1,0.987
455,41,1.0,51.78,139.24,56.87,1,1,1.0
455,42,154.75,37.33,138.28,51.13,1,1,0.0222
455,43,311.72,26.18,99.71,53.18,1,1,0.0059
455,44,435.29,23.15,108.15,49.58,1,1,0.0
456,8,358.4,18.13,407.4,124.74,1,1,1.0
456,18,757.33,1.0,203.67,91.73,1,1,0.9662
456,20,1.0,205.87,149.33,102.33,1,1,0.9928
456,41,1.0,51.79,139.25,56.84,1,1,1.0
456,42,154.77,37.33,138.34,51.13,1,1,0.0226
456,43,311.79,26.19,99.72,53.16,1,1,0.0051
456,44,435.31,23.2,108.14,49.59,1,1,0.0
457,8,358.4,18.13,407.4,124.74,1,1,1.0
457,18,757.33,1.0,203.67,92.59,1,1,0.9661
457,41,1.0,51.8,139.26,56.81,1,1,1.0
457,42,154.79,37.33,138.39,51.13,1,1,0.023
457,43,311.85,26.2,99.73,53.14,1,1,0.0044
457,44,435.33,23.25,108.13,49.6,1,1,0.0
458,8,358.4,18.13,407.4,124.74,1,1,1.0
458,18,757.33,1.0,203.67,93.44,1,1,0.966
458,41,1.0,51.81,139.27,56.77,1,1,1.0
458,42,154.82,37.33,138.44,51.13,1,1,0.0233
458,43,311.91,26.21,99.75,53.12,1,1,0.0037
458,44,435.35,23.31,108.12,49.61,1,1,0.0
459,8,358.4,18.13,407.4,124.74,1,1,1.0
459,18,757.33,1.0,203.67,94.29,1,1,0.966
459,41,1.0,51.82,139.29,56.74,1,1,1.0
459,42,154.84,37.33,138.49,51.13,1,1,0.0237
459,43,311.98,26.22,99.75,53.1,1,1,0.003
459,44,435.37,23.36,108.12,49.62,1,1,0.0
460,8,358.4,18.13,407.4,124.74,1,1,1.0
460,18,757.33,1.0,203.67,95.15,1,1,0.9659
460,41,1.0,51.83,139.3,56.71,1,1,1.0
460,42,154.86,37.33,138.55,51.13,1,1,0.0241
460,43,312.04,26.23,99.77,53.08,1,1,0.0027
460,44,435.39,23.41,108.11,49.63,1,1,0.0
461,8,358.4,18.13,407.4,124.74,1,1,1.0
461,18,757.33,1.0,203.67,96.0,1,1,0.9658
461,41,1.0,51.84,139.31,56.68,1,1,1.0
461,42,154.88,37.33,138.6,51.13,1,1,0.0244
461,43,312.11,26.24,99.77,53.05,1,1,0.0026
461,44,435.41,23.47,108.1,49.64,1,1,0.0
462,8,358.4,18.13,407.4,124.74,1,1,1.0
462,18,756.69,1.0,204.31,95.79,1,1,0.9634
462,41,1.0,51.85,139.32,56.65,1,1,1.0
462,42,154.9,37.33,138.65,51.13,1,1,0.0248
462,43,312.17,26.25,99.78,53.03,1,1,0.0025
462,44,435.43,23.52,108.09,49.65,1,1,0.0
463,8,358.4,18.13,407.4,124.74,1,1,1.0
463,18,756.05,1.0,204.95,95.57,1,1,0.961
463,41,1.0,51.86,139.33,56.62,1,1,1.0
463,42,154.92,37.33,138.71,51.13,1,1,0.0252
463,43,312.23,26.26,99.8,53.01,1,1,0.0024
463,44,435.46,23.57,108.07,49.66,1,1,0.0
464,8,358.4,18.13,407.4,124.74,1,1,1.0
464,18,755.41,1.0,205.59,95.36,1,1,0.9585
464,41,1.0,51.87,139.34,56.59,1,1,1.0
464,42,154.94,37.33,138.76,51.13,1,1,0.0256
464,43,312.3,26.27,99.8,52.99,1,1,0.0023
464,44,435.48,23.63,108.06,49.67,1,1,0.0
465,8,358.4,18.13,407.4,124.74,1,1,1.0
465,18,754.77,1.0,206.23,95.15,1,1,0.9561
465,41,1.0,51.88,139.35,56.55,1,1,1.0
465,42,154.97,37.33,138.81,51.13,1,1,0.0204
465,43,312.36,26.28,99.82,52.97,1,1,0.0022
465,44,435.5,23.68,108.05,49.68,1,1,0.0
466,8,358.4,18.13,407.4,124.74,1,1,1.0
466,18,754.13,1.0,206.87,94.93,1,1,0.9091
466,21,934.4,62.93,26.6,36.2,1,1,1.0
466,41,1.0,51.89,139.36,56.52,1,1,1.0
466,42,154.99,37.33,138.86,51.13,1,1,0.0202
466,43,312.43,26.29,99.82,52.95,1,1,0.0021
466,44,435.52,23.73,108.04,49.69,1,1,0.0
467,8,358.4,18.13,407.4,124.74,1,1,1.0
467,18,753.71,1.0,207.29,94.93,1,1,0.8972
467,21,928.21,62.93,32.79,37.69,1,1,1.0
467,41,1.0,51.9,139.37,56.49,1,1,1.0
467,42,155.01,37.33,138.92,51.13,1,1,0.0201
467,43,312.49,26.3,99.84,52.92,1,1,0.002
467,44,435.54,23.79,108.03,49.7,1,1,0.0
468,8,358.4,18.13,407.4,124.74,1,1,1.0
468,18,753.28,1.0,207.72,94.93,1,1,0.8854
468,21,922.03,62.93,38.97,39.19,1,1,1.0
468,41,1.0,51.92,139.38,56.46,1,1,1.0
468,42,155.03,37.33,138.97,51.13,1,1,0.0199
468,43,312.55,26.32,99.85,52.9,1,1,0.0019
468,44,435.56,23.84,108.02,49.72,1,1,0.0
469,8,358.4,18.13,407.4,124.74,1,1,1.0
469,18,752.85,1.0,208.15,94.93,1,1,0.8736
469,21,915.84,62.93,45.16,40.68,1,1,1.0
469,41,1.0,51.92,139.39,56.42,1,1,1.0
469,42,155.05,37.33,139.03,51.13,1,1,0.0198
469,43,312.62,26.32,99.86,52.88,1,1,0.0018
469,44,435.58,23.89,108.01,49.73,1,1,0.0
470,8,358.4,18.13,407.4,124.74,1,1,1.0
470,18,752.43,1.0,208.57,94.93,1,1,0.8619
470,21,909.65,62.93,51.35,42.18,1,1,1.0
470,41,1.0,51.94,139.4,56.39,1,1,1.0
470,42,155.07,37.33,139.08,51.13,1,1,0.0196
470,43,312.68,26.34,99.87,52.86,1,1,0.0017
470,44,435.61,23.95,107.99,49.74,1,1,0.0
471,8,358.4,18.13,407.4,124.74,1,1,1.0
471,18,752.0,1.0,209.0,94.93,1,1,0.8502
471,21,903.47,62.93,57.53,43.67,1,1,1.0
471,41,1.0,51.95,139.41,56.36,1,1,1.0
471,42,155.09,37.33,139.14,51.13,1,1,0.0195
471,43,312.75,26.35,99.88,52.84,1,1,0.0016
471,44,435.63,24.0,107.98,49.75,1,1,0.0
472,8,358.4,18.13,407.4,124.74,1,1,1.0
472,18,750.51,1.0,210.49,95.79,1,1,0.8371
472,21,897.07,64.21,63.93,43.67,1,1,1.0
472,41,1.0,51.96,139.42,56.33,1,1,1.0
472,42,155.11,37.33,139.19,51.13,1,1,0.0194
472,43,312.81,26.36,99.89,52.82,1,1,0.0134
472,44,435.65,24.05,107.97,49.76,1,1,0.0
473,8,358.4,18.13,407.4,124.74,1,1,1.0
473,18,749.01,1.0,211.99,96.64,1,1,0.8245
473,21,890.67,65.49,70.33,43.67,1,1,1.0
473,41,1.0,51.97,139.43,56.29,1,1,1.0
473,42,155.14,37.33,139.24,51.13,1,1,0.0191
473,43,312.87,26.37,99.91,52.8,1,1,0.0127
473,44,435.67,24.11,107.96,49.77,1,1,0.0
474,8,358.4,18.13,407.4,124.74,1,1,1.0
474,18,747.52,1.0,213.48,97.49,1,1,0.8125
474,21,884.27,66.77,76.73,43.67,1,1,1.0
474,41,1.0,51.98,139.45,56.26,1,1,1.0
474,42,155.16,37.33,139.29,51.13,1,1,0.019
474,43,312.94,26.38,99.91,52.78,1,1,0.0119
474,44,435.69,24.16,107.96,49.78,1,1,0.0
475,8,358.4,18.13,407.4,124.74,1,1,1.0
475,18,746.03,1.0,214.97,98.35,1,1,0.801
475,21,877.87,68.05,83.13,43.67,1,1,1.0
475,41,1.0,51.99,139.46,56.23,1,1,1.0
475,42,155.18,37.33,139.35,51.13,1,1,0.0189
475,43,313.0,26.39,99.93,52.76,1,1,0.0112
475,44,435.71,24.21,107.95,49.79,1,1,0.0
476,8,358.4,18.13,407.4,124.74,1,1,1.0
476,18,744.53,1.0,216.47,99.2,1,1,0.813
476,21,871.47,69.33,73.53,43.67,1,1,1.0
476,41,1.0,52.0,139.47,56.2,1,1,1.0
476,42,155.2,37.33,139.4,51.13,1,1,0.0187
476,43,313.07,26.4,99.93,52.73,1,1,0.0104
476,44,435.73,24.27,107.94,49.8,1,1,0.0
477,8,358.4,18.13,407.4,124.74,1,1,1.0
477,18,743.47,1.0,217.53,99.41,1,1,0.8094
477,21,863.15,69.97,75.02,44.52,1,1,1.0
477,41,1.0,52.01,139.48,56.17,1,1,1.0
477,42,155.22,37.33,139.45,51.13,1,1,0.0186
477,43,313.13,26.41,99.94,52.71,1,1,0.0097
477,44,435.75,24.32,107.93,49.81,1,1,0.0
478,8,358.4,18.13,407.4,124.74,1,1,1.0
478,18,742.4,1.0,218.6,99.63,1,1,0.8059
478,21,854.83,70.61,76.52,45.38,1,1,1.0
478,41,1.0,52.02,139.49,56.14,1,1,1.0
478,42,155.24,37.33,139.51,51.13,1,1,0.0184
478,43,313.19,26.42,99.96,52.69,1,1,0.009
478,44,435.78,24.37,107.91,49.82,1,1,0.0
479,8,358.4,18.13,407.4,124.74,1,1,1.0
479,18,741.33,1.0,219.67,99.84,1,1,0.8025
479,21,846.51,71.25,78.01,46.23,1,1,1.0
479,41,1.0,52.03,139.5,56.11,1,1,1.0
479,42,155.26,37.33,139.56,51.13,1,1,0.0183
479,43,313.26,26.43,99.96,52.67,1,1,0.0083
479,44,435.8,24.43,107.9,49.83,1,1,0.0
480,8,358.4,18.13,407.4,124.74,1,1,1.0
480,18,740.27,1.0,220.73,100.05,1,1,0.7992
480,21,838.19,71.89,79.5,47.08,1,1,1.0
480,41,1.0,52.04,139.51,56.07,1,1,1.0
480,42,155.29,37.33,139.61,51.13,1,1,0.0181
480,43,313.32,26.44,99.98,52.65,1,1,0.0076
480,44,435.82,24.48,107.89,49.84,1,1,0.0
481,8,358.4,18.13,407.4,124.74,1,1,1.0
481,18,739.2,1.0,221.8,100.27,1,1,0.7959
481,21,829.87,72.53,81.0,47.94,1,1,1.0
481,41,1.0,52.05,139.52,56.04,1,1,1.0
481,42,155.31,37.33,139.66,51.13,1,1,0.0179
481,43,313.39,26.45,99.98,52.63,1,1,0.0068
481,44,435.84,24.53,107.88,49.85,1,1,0.0
482,8,358.4,18.13,407.4,124.74,1,1,1.0
482,18,739.63,1.0,221.37,100.27,1,1,0.8013
482,21,820.91,74.24,82.7,48.36,1,1,1.0
482,41,1.0,52.06,139.53,56.01,1,1,1.0
482,42,155.33,37.33,139.72,51.13,1,1,0.0181
482,43,313.45,26.46,100.0,52.6,1,1,0.0061
482,44,435.86,24.59,107.87,49.86,1,1,0.0
483,8,358.4,18.13,407.4,124.74,1,1,1.0
483,18,740.05,1.0,220.95,100.27,1,1,0.8069
483,21,811.95,75.95,84.41,48.78,1,1,1.0
483,41,1.0,52.08,139.54,55.98,1,1,1.0
483,42,155.35,37.33,139.77,51.13,1,1,0.0185
483,43,313.51,26.48,100.01,52.58,1,1,0.0054
483,44,435.88,24.64,107.86,49.88,1,1,0.0
484,8,358.4,18.13,407.4,124.74,1,1,1.0
484,18,740.48,1.0,220.52,100.27,1,1,0.8128
484,21,802.99,77.65,86.12,49.22,1,1,1.0
484,41,1.0,52.08,139.55,55.94,1,1,1.0
484,42,155.37,37.33,139.83,51.13,1,1,0.0189
484,43,313.58,26.48,100.02,52.56,1,1,0.0046
484,44,435.9,24.69,107.85,49.89,1,1,0.0
485,8,358.4,18.13,407.4,124.74,1,1,1.0
485,18,740.91,1.0,207.72,100.27,1,1,0.8083
485,21,794.03,79.36,87.82,49.64,1,1,1.0
485,41,1.0,52.1,139.56,55.91,1,1,1.0
485,42,155.39,37.33,139.88,51.13,1,1,0.0193
485,43,313.64,26.5,100.03,52.54,1,1,0.0039
485,44,435.93,24.75,107.83,49.9,1,1,0.0
486,8,358.4,18.13,407.4,124.74,1,1,1.0
486,18,741.33,1.0,206.87,100.27,1,1,0.8147
486,21,785.07,81.07,89.53,50.06,1,1,1.0
486,22,939.73,94.93,21.27,36.2,1,1,0.9649
486,41,1.0,52.11,139.57,55.88,1,1,1.0
486,42,155.41,37.33,139.94,51.13,1,1,0.0197
486,43,313.71,26.51,100.04,52.52,1,1,0.0031
486,44,435.95,24.8,107.82,49.91,1,1,0.0
487,8,358.4,18.13,407.4,124.74,1,1,1.0
487,18,740.91,1.0,206.86,98.56,1,1,0.9006
487,21,775.04,81.49,90.81,51.14,1,1,1.0
487,22,934.19,93.87,26.81,38.76,1,1,0.9154
487,41,1.0,52.12,139.58,55.85,1,1,1.0
487,42,155.43,37.33,139.99,51.13,1,1,0.02
487,43,313.77,26.52,100.05,52.5,1,1,0.0024
487,44,435.97,24.85,107.81,49.92,1,1,0.0
488,8,358.4,18.13,407.4,124.74,1,1,1.0
488,18,740.48,1.0,206.87,96.85,1,1,0.8993
488,21,765.01,81.92,92.1,52.2,1,1,1.0
488,22,928.64,92.8,32.36,41.32,1,1,0.8764
488,41,1.0,52.13,139.59,55.81,1,1,1.0
488,42,155.46,37.33,140.04,51.13,1,1,0.0204
488,43,313.83,26.53,100.07,52.48,1,1,0.0017
488,44,435.99,24.91,107.8,49.93,1,1,0.0
489,8,358.4,18.13,407.4,124.74,1,1,0.9887
489,18,740.05,1.0,206.87,95.15,1,1,0.8979
489,21,754.99,82.35,93.37,53.26,1,1,1.0
489,22,923.09,91.73,37.91,43.88,1,1,0.7998
489,41,1.0,52.14,139.61,55.78,1,1,1.0
489,42,155.48,37.33,140.09,51.13,1,1,0.0207
489,43,313.9,26.54,100.07,52.46,1,1,0.001
489,44,436.01,24.96,107.8,49.94,1,1,0.0
490,8,358.4,18.13,407.4,124.74,1,1,0.9777
490,18,739.63,1.0,206.86,93.44,1,1,0.8967
490,21,744.96,82.77,94.65,54.34,1,1,1.0
490,22,917.55,90.67,43.45,46.44,1,1,0.7656
490,41,1.0,52.15,139.62,55.75,1,1,1.0
490,42,155.5,37.33,140.15,51.13,1,1,0.0211
490,43,313.96,26.55,100.09,52.44,1,1,0.0004
490,44,436.03,25.01,107.79,49.95,1,1,0.0
491,8,358.4,18.13,407.4,124.74,1,1,0.9663
491,18,739.2,1.0,206.87,91.73,1,1,0.8954
491,21,734.93,83.2,95.94,55.4,1,1,1.0
491,22,912.0,89.6,49.0,49.0,1,1,0.7429
491,41,1.0,52.16,139.63,55.72,1,1,1.0
491,42,155.52,37.33,140.2,51.13,1,1,0.0215
491,43,314.03,26.56,100.09,52.41,1,1,0.0
491,44,436.05,25.07,107.78,49.96,1,1,0.0
492,8,358.4,18.13,407.4,124.74,1,1,0.9539
492,18,738.13,1.0,207.51,93.23,1,1,0.8912
492,21,724.27,84.48,97.0,56.47,1,1,1.0
492,22,904.53,89.81,56.47,50.28,1,1,0.7198
492,41,1.0,52.17,139.64,55.69,1,1,1.0
492,42,155.54,37.33,140.25,51.13,1,1,0.0163
492,43,314.09,26.57,100.1,52.39,1,1,0.0
492,44,436.07,25.12,107.77,49.97,1,1,0.0
493,8,358.4,18.13,407.4,124.74,1,1,0.9413
493,18,737.07,1.0,208.14,94.72,1,1,0.8869
493,21,713.6,85.76,98.07,57.53,1,1,1.0
493,22,897.07,90.03,63.93,51.56,1,1,0.7133
493,41,1.0,52.18,139.65,55.66,1,1,1.0
493,42,155.56,37.33,140.31,51.13,1,1,0.0161
493,43,314.15,26.58,100.12,52.37,1,1,0.0
493,44,436.1,25.17,107.75,49.98,1,1,0.0
494,8,358.4,18.13,407.4,124.74,1,1,0.9309
494,18,736.0,1.0,208.79,96.21,1,1,0.8827
494,21,702.93,87.04,99.14,58.6,1,1,1.0
494,22,889.6,90.24,71.4,52.84,1,1,0.6801
494,41,1.0,52.19,139.66,55.63,1,1,1.0
494,42,155.58,37.33,140.36,51.13,1,1,0.016
494,43,314.22,26.59,100.12,52.35,1,1,0.0
494,44,436.12,25.23,107.74,49.99,1,1,0.0
495,8,358.4,18.13,407.4,124.74,1,1,0.9211
495,18,734.93,1.0,209.43,97.71,1,1,0.8784
495,21,692.27,88.32,100.2,59.67,1,1,1.0
495,22,882.13,90.45,78.87,54.12,1,1,0.6569
495,41,1.0,52.2,139.67,55.59,1,1,1.0
495,42,155.61,37.33,140.41,51.13,1,1,0.0158
495,43,314.28,26.6,100.14,52.33,1,1,0.0
495,44,436.14,25.28,107.73,50.0,1,1,0.0
496,8,358.4,18.13,407.4,124.74,1,1,0.9117
496,18,733.87,1.0,210.06,99.2,1,1,0.8742
496,21,681.6,89.6,101.27,60.73,1,1,1.0
496,22,874.67,90.67,86.33,55.4,1,1,0.6377
496,41,1.0,52.21,139.68,55.56,1,1,1.0
496,42,155.63,37.33,140.46,51.13,1,1,0.0156
496,43,314.35,26.61,100.14,52.31,1,1,0.0
496,44,436.16,25.33,107.72,50.01,1,1,0.0
497,8,359.04,18.13,407.19,126.23,1,1,0.8988
497,18,733.23,1.0,211.13,99.2,1,1,0.8707
497,21,668.59,91.09,103.4,61.59,1,1,1.0
497,22,868.27,91.95,92.73,55.82,1,1,0.61
497,41,1.0,52.22,139.69,55.53,1,1,1.0
497,42,155.65,37.33,140.52,51.13,1,1,0.0155
497,43,314.41,26.62,100.16,52.28,1,1,0.0
497,44,436.18,25.39,107.71,50.02,1,1,0.0
498,8,359.68,18.13,406.97,127.72,1,1,0.8918
498,18,732.59,1.0,212.2,99.2,1,1,0.8672
498,21,655.57,92.59,105.54,62.44,1,1,1.0
498,22,861.87,93.23,99.13,56.25,1,1,0.6347
498,41,1.0,52.24,139.7,55.5,1,1,1.0
498,42,155.67,37.33,140.57,51.13,1,1,0.0154
498,43,314.47,26.64,100.17,52.26,1,1,0.0
498,44,436.2,25.44,107.7,50.04,1,1,0.0
499,8,360.32,18.13,406.76,129.22,1,1,0.8909
499,18,731.95,1.0,213.26,99.2,1,1,0.8637
499,21,642.56,94.08,107.67,63.29,1,1,1.0
499,22,855.47,94.51,105.53,56.68,1,1,0.5862
499,41,1.0,52.24,139.71,55.46,1,1,1.0
499,42,155.69,37.33,140.63,51.13,1,1,0.0152
499,43,314.54,26.64,100.18,52.24,1,1,0.0
499,44,436.22,25.49,107.69,50.05,1,1,0.0
500,8,360.96,18.13,406.55,130.71,1,1,0.8899
500,18,731.31,1.0,214.33,99.2,1,1,0.8603
500,21,629.55,95.57,109.8,64.15,1,1,1.0
500,22,849.07,95.79,111.93,57.1,1,1,0.6067
500,41,1.0,52.26,139.72,55.43,1,1,1.0
500,42,155.71,37.33,140.68,51.13,1,1,0.0151
500,43,314.6,26.66,100.19,52.22,1,1,0.0
500,44,436.25,25.55,107.67,50.06,1,1,0.0
501,8,361.6,18.13,406.33,132.2,1,1,0.889
501,18,730.67,1.0,215.4,99.2,1,1,0.8569
501,21,616.53,97.07,111.94,65.0,1,1,1.0
501,22,842.67,97.07,104.46,57.53,1,1,0.5382
501,41,1.0,52.27,139.73,55.4,1,1,1.0
501,42,155.73,37.33,140.74,51.13,1,1,0.0149
501,43,314.67,26.67,100.2,52.2,1,1,0.0
501,44,436.27,25.6,107.66,50.07,1,1,0.0
502,8,361.6,18.13,406.33,132.2,1,1,0.8895
502,18,731.09,1.0,215.19,99.41,1,1,0.8583
502,21,601.39,98.56,114.7,65.85,1,1,1.0
502,22,834.13,98.35,106.39,57.32,1,1,0.5639
502,41,1.0,52.34,139.78,55.41,1,1,1.0
502,42,155.73,37.44,140.75,51.1,1,1,0.0129
502,43,314.61,26.73,100.27,52.22,1,1,0.0
502,44,436.27,25.7,107.67,50.04,1,1,0.0
503,8,361.6,18.13,406.33,132.2,1,1,0.89
503,18,731.52,1.0,214.97,99.63,1,1,0.8598
503,21,586.24,100.05,117.48,66.71,1,1,1.0
503,22,825.6,99.63,108.31,57.1,1,1,0.5336
503,41,1.0,52.42,139.82,55.42,1,1,1.0
503,42,155.73,37.55,140.76,51.07,1,1,0.0108
503,43,314.56,26.8,100.33,52.24,1,1,0.0111
503,44,436.27,25.79,107.68,50.02,1,1,0.0
504,8,361.6,18.13,406.33,132.2,1,1,0.8908
504,18,731.95,1.0,214.76,99.84,1,1,0.8612
504,21,571.09,101.55,120.26,67.56,1,1,1.0
504,22,817.07,100.91,110.22,56.89,1,1,0.5515
504,41,1.0,52.49,139.86,55.43,1,1,1.0
504,42,155.73,37.65,140.77,51.04,1,1,0.0087
504,43,314.51,26.86,100.39,52.26,1,1,0.0113
504,44,436.27,25.89,107.7,50.0,1,1,0.0
505,8,361.6,18.13,406.33,132.2,1,1,0.8917
505,18,732.37,1.0,214.55,100.05,1,1,0.8626
505,21,555.95,103.04,123.02,68.41,1,1,1.0
505,22,808.53,102.19,112.15,56.68,1,1,0.5612
505,41,1.0,52.56,139.9,55.44,1,1,1.0
505,42,155.73,37.76,140.78,51.0,1,1,0.0066
505,43,314.45,26.92,100.46,52.28,1,1,0.0115
505,44,436.27,25.98,107.71,49.98,1,1,0.0
506,8,361.6,18.13,406.33,132.2,1,1,0.8927
506,18,732.8,1.0,214.33,100.27,1,1,0.8641
506,21,540.8,104.53,125.8,69.27,1,1,1.0
506,22,800.0,103.47,114.07,56.46,1,1,0.5762
506,41,1.0,52.64,139.95,55.45,1,1,1.0
506,42,155.73,37.87,140.79,50.97,1,1,0.0045
506,43,314.4,26.99,100.52,52.31,1,1,0.0117
506,44,436.27,26.08,107.72,49.96,1,1,0.0
507,8,361.6,18.13,406.33,132.2,1,1,0.896
507,18,731.73,1.0,214.98,100.05,1,1,0.8604
507,21,523.31,106.88,128.57,70.55,1,1,1.0
507,22,790.83,104.32,115.34,57.75,1,1,0.5874
507,41,1.0,52.72,139.99,55.46,1,1,1.0
507,42,155.73,37.97,140.8,50.94,1,1,0.0024
507,43,314.35,27.05,100.58,52.33,1,1,0.0119
507,44,436.27,26.18,107.73,49.94,1,1,0.0
508,8,361.6,18.13,406.33,132.2,1,1,0.8995
508,18,730.67,1.0,215.61,99.84,1,1,0.8568
508,21,505.81,109.23,131.35,71.82,1,1,1.0
508,22,781.65,105.17,116.63,59.03,1,1,0.5575
508,41,1.0,52.79,140.03,55.47,1,1,1.0
508,42,155.73,38.08,140.81,50.91,1,1,0.0019
508,43,314.29,27.12,100.65,52.35,1,1,0.0121
508,44,436.27,26.27,107.74,49.92,1,1,0.0
509,8,361.6,18.13,406.33,132.2,1,1,0.9032
509,18,729.6,1.0,216.25,99.63,1,1,0.8532
509,21,488.32,111.57,134.12,73.11,1,1,1.0
509,22,772.48,106.03,117.91,60.3,1,1,0.5633
509,41,1.0,52.86,140.07,55.49,1,1,1.0
509,42,155.73,38.19,140.82,50.88,1,1,0.0032
509,43,314.24,27.18,100.71,52.37,1,1,0.0123
509,44,436.27,26.37,107.75,49.9,1,1,0.0
510,8,361.6,18.13,406.33,132.2,1,1,0.9072
510,18,728.53,1.0,216.9,99.41,1,1,0.8497
510,21,470.83,113.92,136.89,74.39,1,1,1.0
510,22,763.31,106.88,119.18,61.59,1,1,0.5727
510,41,1.0,52.94,140.12,55.49,1,1,1.0
510,42,155.73,38.29,140.83,50.85,1,1,0.0046
510,43,314.19,27.24,100.77,52.39,1,1,0.0125
510,44,436.27,26.46,107.76,49.88,1,1,0.0
511,8,361.6,18.13,406.33,132.2,1,1,0.9114
511,18,727.47,1.0,217.53,99.2,1,1,0.8461
511,21,453.33,116.27,139.67,75.66,1,1,1.0
511,22,754.13,107.73,120.47,62.87,1,1,0.5769
511,41,1.0,53.01,140.16,55.51,1,1,1.0
511,42,155.73,38.4,140.84,50.81,1,1,0.0061
511,43,314.13,27.31,100.84,52.41,1,1,0.0127
511,44,436.27,26.56,107.77,49.85,1,1,0.0
512,8,361.6,18.13,406.33,132.2,1,1,0.9153
512,18,727.47,1.0,217.53,99.2,1,1,0.8461
512,21,433.28,118.61,143.51,77.16,1,1,1.0
512,22,744.11,109.65,121.53,63.51,1,1,0.634
512,41,1.0,53.09,140.2,55.52,1,1,1.0
512,42,155.73,38.51,140.85,50.78,1,1,0.0076
512,43,314.08,27.37,100.9,52.43,1,1,0.0056
512,44,436.27,26.66,107.78,49.83,1,1,0.0
513,8,361.6,18.13,406.33,132.2,1,1,0.9194
513,18,727.47,1.0,217.53,99.2,1,1,0.8461
513,21,413.23,120.96,147.34,78.65,1,1,1.0
513,22,734.08,111.57,122.6,64.15,1,1,0.6355
513,41,1.0,53.16,140.25,55.53,1,1,1.0
513,42,155.73,38.61,140.86,50.75,1,1,0.0091
513,43,314.03,27.44,100.96,52.46,1,1,0.0051
513,44,436.27,26.75,107.79,49.81,1,1,0.0
514,8,361.6,18.13,406.33,132.2,1,1,0.9239
514,18,727.47,1.0,217.53,99.2,1,1,0.8461
514,21,393.17,123.31,151.19,80.14,1,1,1.0
514,22,724.05,113.49,123.67,64.79,1,1,0.5967
514,41,1.0,53.24,140.29,55.54,1,1,1.0
514,42,155.73,38.72,140.88,50.72,1,1,0.0105
514,43,313.97,27.5,101.04,52.48,1,1,0.0048
514,44,436.27,26.85,107.8,49.79,1,1,0.0
515,8,361.6,18.13,406.33,132.2,1,1,0.9288
515,18,727.47,1.0,217.53,99.2,1,1,0.8461
515,21,373.12,125.65,155.03,81.64,1,1,1.0
515,22,714.03,115.41,124.73,65.43,1,1,0.6446
515,41,1.0,53.31,140.33,55.55,1,1,1.0
515,42,155.73,38.83,140.89,50.68,1,1,0.0351
515,43,313.92,27.56,101.1,52.5,1,1,0.0047
515,44,436.27,26.94,107.81,49.77,1,1,0.0
516,8,361.6,18.13,406.33,132.2,1,1,0.9375
516,18,727.47,1.0,217.53,99.2,1,1,0.8461
516,21,353.07,128.0,158.86,83.13,1,1,1.0
516,22,704.0,117.33,125.8,66.07,1,1,0.6457
516,41,1.0,53.39,140.37,55.56,1,1,1.0
516,42,155.73,38.93,140.9,50.65,1,1,0.0345
516,43,313.87,27.63,101.16,52.52,1,1,0.0046
516,44,436.27,27.04,107.82,49.75,1,1,0.0
517,8,361.6,18.13,406.33,132.2,1,1,0.9533
517,18,727.47,1.0,217.53,99.2,1,1,0.8461
517,21,330.24,130.99,161.0,85.05,1,1,1.0
517,22,691.41,119.04,129.0,67.77,1,1,0.6123
517,41,1.0,53.46,140.42,55.57,1,1,1.0
517,42,155.73,39.04,140.91,50.62,1,1,0.0339
517,43,313.81,27.69,101.23,52.54,1,1,0.0046
517,44,436.27,27.14,107.83,49.72,1,1,0.0
518,8,361.6,18.13,406.33,132.2,1,1,0.9668
518,18,727.47,1.0,217.53,99.2,1,1,0.8461
518,21,307.41,133.97,163.14,86.98,1,1,1.0
518,22,678.83,120.75,132.2,69.48,1,1,0.5974
518,41,1.0,53.54,140.46,55.58,1,1,1.0
518,42,155.73,39.15,140.92,50.59,1,1,0.0333
518,43,313.76,27.76,101.29,52.56,1,1,0.0046
518,44,436.27,27.23,107.84,49.7,1,1,0.0
519,8,361.6,18.13,406.33,132.2,1,1,0.978
519,18,727.47,1.0,217.53,99.2,1,1,0.8461
519,21,284.59,136.96,165.26,88.89,1,1,1.0
519,22,666.24,122.45,135.4,71.19,1,1,0.6387
519,41,1.0,53.61,140.5,55.59,1,1,1.0
519,42,155.73,39.25,140.93,50.56,1,1,0.0167
519,43,313.71,27.82,101.35,52.58,1,1,0.0045
519,44,436.27,27.33,107.86,49.68,1,1,0.0
520,8,361.6,18.13,406.33,132.2,1,1,1.0
520,18,727.47,1.0,217.53,99.2,1,1,0.8461
520,21,261.76,139.95,167.4,90.81,1,1,1.0
520,22,653.65,124.16,138.6,72.89,1,1,0.5758
520,41,1.0,53.68,140.54,55.6,1,1,1.0
520,42,155.73,39.36,140.94,50.52,1,1,0.0146
520,43,313.65,27.88,101.42,52.6,1,1,0.0045
520,44,436.27,27.42,107.87,49.66,1,1,0.0
521,8,361.6,18.13,406.33,132.2,1,1,1.0
521,18,727.47,1.0,217.53,99.2,1,1,0.8461
521,21,238.93,142.93,169.54,92.74,1,1,1.0
521,22,641.07,125.87,141.8,74.6,1,1,0.5676
521,41,1.0,53.76,140.59,55.61,1,1,1.0
521,42,155.73,39.47,140.95,50.49,1,1,0.0125
521,43,313.6,27.95,101.48,52.63,1,1,0.0044
521,44,436.27,27.52,107.88,49.64,1,1,0.0
522,8,361.6,18.13,406.33,132.2,1,1,1.0
522,18,727.47,1.0,217.53,99.2,1,1,0.8461
522,21,212.27,146.56,172.73,94.87,1,1,1.0
522,22,627.84,127.15,144.15,75.88,1,1,0.5919
522,41,1.0,53.84,140.63,55.62,1,1,1.0
522,42,155.73,39.57,140.96,50.46,1,1,0.0104
522,43,313.55,28.01,101.54,52.65,1,1,0.0044
522,44,436.27,27.62,107.89,49.62,1,1,0.0
523,8,361.6,18.13,406.33,132.2,1,1,1.0
523,18,727.47,1.0,217.53,99.2,1,1,0.8461
523,21,185.6,150.19,175.93,97.0,1,1,1.0
523,22,614.61,128.43,146.5,77.16,1,1,0.6024
523,41,1.0,53.91,140.67,55.63,1,1,1.0
523,42,155.73,39.68,140.97,50.43,1,1,0.0082
523,43,313.49,28.08,101.61,52.67,1,1,0.005
523,44,436.27,27.71,107.9,49.6,1,1,0.0
524,8,361.6,18.13,406.33,132.2,1,1,1.0
524,18,727.47,1.0,217.53,99.2,1,1,0.8461
524,21,158.93,153.81,179.14,99.14,1,1,1.0
524,22,601.39,129.71,148.84,78.44,1,1,0.5918
524,41,1.0,53.98,140.71,55.65,1,1,1.0
524,42,155.73,39.79,140.98,50.4,1,1,0.0061
524,43,313.44,28.14,101.67,52.69,1,1,0.0055
524,44,436.27,27.81,107.91,49.58,1,1,0.0
525,8,361.6,18.13,406.33,132.2,1,1,1.0
525,18,727.47,1.0,217.53,99.2,1,1,0.8461
525,21,132.27,157.44,182.33,101.27,1,1,1.0
525,22,588.16,130.99,151.19,79.72,1,1,0.5906
525,41,1.0,54.06,140.76,55.65,1,1,1.0
525,42,155.73,39.89,140.99,50.37,1,1,0.004
525,43,313.39,28.2,101.73,52.71,1,1,0.006
525,44,436.27,27.9,107.92,49.56,1,1,0.0
526,8,361.6,18.13,406.33,132.2,1,1,1.0
526,18,727.47,1.0,217.53,99.2,1,1,0.8461
526,21,105.6,161.07,185.53,103.4,1,1,1.0
526,22,574.93,132.27,153.54,81.0,1,1,0.5954
526,23,928.0,89.6,33.0,42.6,1,1,0.9432
526,41,1.0,54.13,140.8,55.67,1,1,1.0
526,42,155.73,40.0,141.0,50.33,1,1,0.0019
526,43,313.33,28.27,101.8,52.73,1,1,0.0066
526,44,436.27,28.0,107.93,49.53,1,1,0.0
527,8,361.6,18.13,406.33,132.2,1,1,1.0
527,18,727.47,1.0,217.53,99.2,1,1,0.8461
527,21,85.33,165.55,179.78,103.82,1,1,1.0
527,22,558.29,135.04,157.59,81.64,1,1,0.5752
527,23,920.32,89.17,40.68,45.16,1,1,0.907
527,41,1.0,54.21,140.84,55.68,1,1,1.0
527,42,155.73,40.11,141.01,50.3,1,1,0.0019
527,43,313.28,28.33,101.86,52.75,1,1,0.0078
527,44,436.27,28.1,107.94,49.51,1,1,0.0
528,8,361.6,18.13,406.33,132.2,1,1,1.0
528,18,727.47,1.0,217.53,99.2,1,1,0.8461
528,21,65.07,170.03,174.01,104.25,1,1,1.0
528,22,541.65,137.81,161.64,82.28,1,1,0.5873
528,23,912.64,88.75,48.36,47.72,1,1,0.8642
528,41,1.0,54.28,140.89,55.69,1,1,1.0
528,42,155.73,40.21,141.02,50.27,1,1,0.0019
528,43,313.23,28.4,101.92,52.78,1,1,0.0091
528,44,436.27,28.19,107.95,49.49,1,1,0.0
529,8,361.6,18.13,406.33,132.2,1,1,1.0
529,18,727.47,1.0,217.53,99.2,1,1,0.8461
529,21,44.8,174.51,168.25,104.68,1,1,1.0
529,22,525.01,140.59,165.7,82.92,1,1,0.5855
529,23,904.96,88.32,56.04,50.28,1,1,0.8232
529,41,1.0,54.36,140.93,55.7,1,1,1.0
529,42,155.73,40.32,141.04,50.24,1,1,0.0019
529,43,313.17,28.46,102.0,52.8,1,1,0.0104
529,44,436.27,28.29,107.96,49.47,1,1,0.0
530,8,361.6,18.13,406.33,132.2,1,1,1.0
530,18,727.47,1.0,217.53,99.2,1,1,0.8461
530,21,24.53,178.99,162.5,105.1,1,1,1.0
530,22,508.37,143.36,169.75,83.56,1,1,0.5624
530,23,897.28,87.89,63.72,52.84,1,1,0.792
530,41,1.0,54.43,140.97,55.71,1,1,1.0
530,42,155.73,40.43,141.05,50.2,1,1,0.0019
530,43,313.12,28.52,102.06,52.82,1,1,0.0116
530,44,436.27,28.38,107.97,49.45,1,1,0.0
531,8,361.6,18.13,406.33,132.2,1,1,1.0
531,18,727.47,1.0,217.53,99.2,1,1,0.8461
531,21,1.0,183.47,160.0,105.53,1,1,1.0
531,22,491.73,146.13,173.8,84.2,1,1,0.5469
531,23,889.6,87.47,71.4,55.4,1,1,0.6972
531,41,1.0,54.51,141.01,55.72,1,1,1.0
531,42,155.73,40.53,141.06,50.17,1,1,0.0019
531,43,313.07,28.59,102.12,52.84,1,1,0.0129
531,44,436.27,28.48,107.98,49.43,1,1,0.0
532,8,361.6,18.13,406.33,132.2,1,1,1.0
532,18,727.47,1.0,217.53,99.2,1,1,0.8461
532,22,473.81,147.84,176.58,86.76,1,1,0.5556
532,23,882.13,88.75,78.87,55.61,1,1,0.7277
532,41,1.0,54.58,141.06,55.73,1,1,1.0
532,42,155.73,40.64,141.07,50.14,1,1,0.0019
532,43,313.01,28.65,102.19,52.86,1,1,0.0142
532,44,436.27,28.58,107.99,49.4,1,1,0.0
533,8,361.6,18.13,406.33,132.2,1,1,1.0
533,18,727.47,1.0,217.53,99.2,1,1,0.8461
533,22,455.89,149.55,179.35,89.32,1,1,0.5754
533,23,874.67,90.03,86.33,55.82,1,1,0.6926
533,41,1.0,54.66,141.1,55.74,1,1,1.0
533,42,155.73,40.75,141.08,50.11,1,1,0.0019
533,43,312.96,28.72,102.25,52.88,1,1,0.0154
533,44,436.27,28.67,108.0,49.38,1,1,0.0
534,8,361.6,18.13,406.33,132.2,1,1,1.0
534,18,727.47,1.0,217.53,99.2,1,1,0.8461
534,22,437.97,151.25,182.12,91.88,1,1,0.5803
534,23,867.2,91.31,93.8,56.04,1,1,0.7381
534,41,1.0,54.73,141.14,55.75,1,1,1.0
534,42,155.73,40.85,141.09,50.08,1,1,0.0248
534,43,312.91,28.78,102.31,52.9,1,1,0.0274
534,44,436.27,28.77,108.02,49.36,1,1,0.0
535,8,361.6,18.13,406.33,132.2,1,1,1.0
535,18,727.47,1.0,217.53,99.2,1,1,0.8461
535,22,420.05,152.96,184.9,94.44,1,1,0.5914
535,23,859.73,92.59,101.27,56.25,1,1,0.7123
535,41,1.0,54.8,141.18,55.76,1,1,1.0
535,42,155.73,40.96,141.1,50.04,1,1,0.0228
535,43,312.85,28.84,102.38,52.92,1,1,0.0214
535,44,436.27,28.86,108.03,49.34,1,1,0.0
536,8,361.6,18.13,406.33,132.2,1,1,1.0
536,18,727.47,1.0,217.53,99.2,1,1,0.8461
536,22,402.13,154.67,187.67,97.0,1,1,0.5815
536,23,852.27,93.87,108.73,56.46,1,1,0.6854
536,41,1.0,54.88,141.23,55.77,1,1,1.0
536,42,155.73,41.07,141.11,50.01,1,1,0.0221
536,43,312.8,28.91,102.44,52.95,1,1,0.0213
536,44,436.27,28.96,108.04,49.32,1,1,0.0
537,8,361.6,18.13,406.33,132.2,1,1,1.0
537,18,727.47,1.0,217.53,99.2,1,1,0.8461
537,22,380.8,157.87,190.65,98.49,1,1,0.5736
537,23,843.73,95.15,103.19,56.89,1,1,0.676
537,41,1.0,54.96,141.27,55.78,1,1,1.0
537,42,155.73,41.17,141.12,49.98,1,1,0.0215
537,43,312.75,28.97,102.5,52.97,1,1,0.0093
537,44,436.27,29.06,108.05,49.3,1,1,0.0
538,8,361.6,18.13,406.33,132.2,1,1,1.0
538,18,727.47,1.0,217.53,99.2,1,1,0.8461
538,22,359.47,161.07,193.64,99.98,1,1,0.5713
538,23,835.2,96.43,104.04,57.32,1,1,0.7228
538,41,1.0,55.03,141.31,55.79,1,1,1.0
538,42,155.73,41.28,141.13,49.95,1,1,0.0209
538,43,312.69,29.04,102.57,52.99,1,1,0.0087
538,44,436.27,29.15,108.06,49.28,1,1,0.0
539,8,361.6,18.13,406.33,132.2,1,1,1.0
539,18,727.47,1.0,217.53,99.2,1,1,0.8461
539,22,338.13,164.27,196.63,101.48,1,1,0.608
539,23,826.67,97.71,104.89,57.74,1,1,0.7726
539,41,1.0,55.1,141.35,55.81,1,1,1.0
539,42,155.73,41.39,141.14,49.92,1,1,0.0202
539,43,312.64,29.1,102.63,53.01,1,1,0.0081
539,44,436.27,29.25,108.07,49.26,1,1,0.0
540,8,361.6,18.13,406.33,132.2,1,1,1.0
540,18,727.47,1.0,217.53,99.2,1,1,0.8461
540,22,316.8,167.47,199.61,102.97,1,1,0.5903
540,23,818.13,98.99,105.75,58.17,1,1,0.7471
540,41,1.0,55.18,141.4,55.81,1,1,1.0
540,42,155.73,41.49,141.15,49.89,1,1,0.0196
540,43,312.59,29.16,102.69,53.03,1,1,0.0075
540,44,436.27,29.34,108.08,49.24,1,1,0.0
541,8,361.6,18.13,406.33,132.2,1,1,1.0
541,18,727.47,1.0,217.53,99.2,1,1,0.8461
541,22,295.47,170.67,202.6,104.46,1,1,0.5935
541,23,809.6,100.27,106.6,58.6,1,1,0.7457
541,41,1.0,55.25,141.44,55.83,1,1,1.0
541,42,155.73,41.6,141.16,49.85,1,1,0.019
541,43,312.53,29.23,102.76,53.05,1,1,0.007
541,44,436.27,29.44,108.09,49.21,1,1,0.0
542,8,361.6,18.13,406.33,132.2,1,1,1.0
542,18,727.47,1.0,217.53,99.2,1,1,0.8461
542,22,270.51,174.51,208.57,106.17,1,1,0.5904
542,23,799.79,101.97,108.73,59.46,1,1,0.7516
542,41,1.0,55.33,141.48,55.84,1,1,1.0
542,42,155.73,41.71,141.17,49.82,1,1,0.0184
542,43,312.48,29.29,102.82,53.07,1,1,0.0064
542,44,436.27,29.54,108.1,49.19,1,1,0.0
543,8,361.6,18.13,406.33,132.2,1,1,1.0
543,18,727.47,1.0,217.53,99.2,1,1,0.8461
543,22,245.55,178.35,214.54,107.88,1,1,0.6023
543,23,789.97,103.68,110.87,60.31,1,1,0.7664
543,41,1.0,55.4,141.53,55.85,1,1,1.0
543,42,155.73,41.81,141.18,49.79,1,1,0.0177
543,43,312.43,29.36,102.88,53.1,1,1,0.0058
543,44,436.27,29.63,108.11,49.17,1,1,0.0
544,8,361.6,18.13,406.33,132.2,1,1,1.0
544,18,727.47,1.0,217.53,99.2,1,1,0.8461
544,22,220.59,182.19,220.52,109.58,1,1,0.589
544,23,780.16,105.39,113.0,61.16,1,1,0.7611
544,41,1.0,55.48,141.57,55.86,1,1,1.0
544,42,155.73,41.92,141.2,49.76,1,1,0.0171
544,43,312.37,29.42,102.96,53.12,1,1,0.0052
544,44,436.27,29.73,108.12,49.15,1,1,0.0
545,8,361.6,18.13,406.33,132.2,1,1,1.0
545,18,727.47,1.0,217.53,99.2,1,1,0.8461
545,22,195.63,186.03,226.49,111.29,1,1,0.6082
545,23,770.35,107.09,115.13,62.02,1,1,0.7632
545,41,1.0,55.55,141.61,55.87,1,1,1.0
545,42,155.73,42.03,141.21,49.72,1,1,0.0019
545,43,312.32,29.48,103.02,53.14,1,1,0.0047
545,44,436.27,29.82,108.13,49.13,1,1,0.0
546,8,361.6,18.13,406.33,132.2,1,1,1.0
546,18,727.47,1.0,217.53,99.2,1,1,0.8461
546,22,170.67,189.87,232.46,113.0,1,1,0.6164
546,23,760.53,108.8,117.27,62.87,1,1,0.7892
546,41,1.0,55.63,141.65,55.88,1,1,1.0
546,42,155.73,42.13,141.22,49.69,1,1,0.0019
546,43,312.27,29.55,103.08,53.16,1,1,0.0041
546,44,436.27,29.92,108.14,49.11,1,1,0.0
547,8,361.6,18.13,406.33,132.2,1,1,1.0
547,18,727.47,1.0,217.53,99.2,1,1,0.8461
547,22,142.29,194.13,238.23,115.35,1,1,0.6068
547,23,749.01,111.15,119.62,63.08,1,1,0.7517
547,41,1.0,55.7,141.7,55.89,1,1,1.0
547,42,155.73,42.24,141.23,49.66,1,1,0.0019
547,43,312.21,29.61,103.15,53.18,1,1,0.0035
547,44,436.27,30.02,108.15,49.08,1,1,0.0
548,8,361.6,18.13,406.33,132.2,1,1,1.0
548,18,727.47,1.0,217.53,99.2,1,1,0.8461
548,22,113.92,198.4,243.99,117.69,1,1,0.592
548,23,737.49,113.49,121.96,63.3,1,1,0.7931
548,41,1.0,55.78,141.74,55.9,1,1,1.0
548,42,155.73,42.35,141.24,49.63,1,1,0.0019
548,43,312.16,29.68,103.21,53.2,1,1,0.0029
548,44,436.27,30.11,108.16,49.06,1,1,0.0
549,8,361.6,18.13,406.33,132.2,1,1,1.0
549,18,727.47,1.0,217.53,99.2,1,1,0.8461
549,22,85.55,202.67,249.74,120.04,1,1,0.6093
549,23,725.97,115.84,124.31,63.51,1,1,0.802
549,41,1.0,55.85,141.78,55.91,1,1,1.0
549,42,155.73,42.45,141.25,49.6,1,1,0.0019
549,43,312.11,29.74,103.27,53.22,1,1,0.0024
549,44,436.27,30.21,108.18,49.04,1,1,0.0
550,8,361.6,18.13,406.33,132.2,1,1,1.0
550,18,727.47,1.0,217.53,99.2,1,1,0.8461
550,22,57.17,206.93,255.51,122.39,1,1,0.614
550,23,714.45,118.19,126.66,63.72,1,1,0.7981
550,41,1.0,55.92,141.82,55.92,1,1,1.0
550,42,155.73,42.56,141.26,49.56,1,1,0.0019
550,43,312.05,29.8,103.34,53.24,1,1,0.0022
550,44,436.27,30.3,108.19,49.02,1,1,0.0
551,8,361.6,18.13,406.33,132.2,1,1,1.0
551,18,727.47,1.0,217.53,99.2,1,1,0.8461
551,22,28.8,211.2,261.27,124.73,1,1,0.6015
551,23,702.93,120.53,129.0,63.94,1,1,0.8121
551,41,1.0,56.0,141.87,55.93,1,1,1.0
551,42,155.73,42.67,141.27,49.53,1,1,0.0019
551,43,312.0,29.87,103.4,53.27,1,1,0.0024
551,44,436.27,30.4,108.2,49.0,1,1,0.0
552,8,361.6,18.13,406.33,132.2,1,1,1.0
552,18,727.47,1.0,217.53,99.2,1,1,0.8461
552,22,23.47,215.89,239.29,121.75,1,1,0.6406
552,23,689.49,121.39,132.42,66.06,1,1,0.8177
552,41,1.0,56.08,141.91,55.94,1,1,1.0
552,42,155.73,42.77,141.28,49.5,1,1,0.0267
552,43,311.95,29.93,103.46,53.29,1,1,0.0031
552,44,436.27,30.5,108.21,48.98,1,1,0.0
553,8,361.6,18.13,406.33,132.2,1,1,1.0
553,18,727.47,1.0,217.53,99.2,1,1,0.8461
553,22,18.13,220.59,217.32,118.76,1,1,0.6426
553,23,676.05,122.24,135.83,68.2,1,1,0.7796
553,41,1.0,56.15,141.95,55.95,1,1,1.0
553,42,155.73,42.88,141.29,49.47,1,1,0.0246
553,43,311.89,30.0,103.53,53.31,1,1,0.0038
553,44,436.27,30.59,108.22,48.96,1,1,0.0
554,8,361.6,18.13,406.33,132.2,1,1,1.0
554,18,727.47,1.0,217.53,99.2,1,1,0.8461
554,22,12.8,225.28,195.35,115.77,1,1,0.6625
554,23,662.61,123.09,139.24,70.34,1,1,0.7902
554,41,1.0,56.22,141.99,55.97,1,1,1.0
554,42,155.73,42.99,141.3,49.44,1,1,0.0226
554,43,311.84,30.06,103.59,53.33,1,1,0.005
554,44,436.27,30.69,108.23,48.94,1,1,0.0
555,8,361.6,18.13,406.33,132.2,1,1,1.0
555,18,727.47,1.0,217.53,99.2,1,1,0.8461
555,22,1.0,229.97,179.84,112.79,1,1,0.694
555,23,649.17,123.95,142.66,72.46,1,1,0.7662
555,41,1.0,56.3,142.04,55.97,1,1,1.0
555,42,155.73,43.09,141.31,49.41,1,1,0.0205
555,43,311.79,30.12,103.65,53.35,1,1,0.0063
555,44,436.27,30.78,108.24,48.92,1,1,0.0
556,8,361.6,18.13,406.33,132.2,1,1,1.0
556,18,727.47,1.0,217.53,99.2,1,1,0.8461
556,22,1.0,234.67,152.53,109.8,1,1,0.7072
556,23,635.73,124.8,146.07,74.6,1,1,0.7767
556,41,1.0,56.37,142.08,55.99,1,1,1.0
556,42,155.73,43.2,141.32,49.37,1,1,0.0184
556,43,311.73,30.19,103.72,53.37,1,1,0.0076
556,44,436.27,30.88,108.25,48.89,1,1,0.0
557,8,361.6,18.13,406.33,132.2,1,1,1.0
557,18,727.47,1.0,217.53,99.2,1,1,0.8461
557,23,621.65,125.87,147.56,76.3,1,1,0.7445
557,41,1.0,56.45,142.12,56.0,1,1,1.0
557,42,155.73,43.31,141.33,49.34,1,1,0.0163
557,43,311.68,30.25,103.78,53.39,1,1,0.0089
557,44,436.27,30.98,108.26,48.87,1,1,0.0
558,8,361.6,18.13,406.33,132.2,1,1,1.0
558,18,727.47,1.0,217.53,99.2,1,1,0.8461
558,23,607.57,126.93,149.06,78.02,1,1,0.7541
558,41,1.0,56.52,142.17,56.01,1,1,1.0
558,42,155.73,43.41,141.34,49.31,1,1,0.0143
558,43,311.63,30.32,103.84,53.42,1,1,0.0101
558,44,436.27,31.07,108.27,48.85,1,1,0.0
559,8,361.6,18.13,406.33,132.2,1,1,1.0
559,18,727.47,1.0,217.53,99.2,1,1,0.8461
559,23,593.49,128.0,150.55,79.72,1,1,0.7666
559,41,1.0,56.6,142.21,56.02,1,1,1.0
559,42,155.73,43.52,141.36,49.28,1,1,0.0123
559,43,311.57,30.38,103.92,53.44,1,1,0.0041
559,44,436.27,31.17,108.28,48.83,1,1,0.0
560,8,361.6,18.13,406.33,132.2,1,1,1.0
560,18,727.47,1.0,217.53,99.2,1,1,0.8461
560,23,579.41,129.07,152.04,81.42,1,1,0.7411
560,41,1.0,56.67,142.25,56.03,1,1,1.0
560,42,155.73,43.63,141.37,49.24,1,1,0.0102
560,43,311.52,30.44,103.98,53.46,1,1,0.0046
560,44,436.27,31.26,108.29,48.81,1,1,0.0
561,8,361.6,18.13,406.33,132.2,1,1,1.0
561,18,727.47,1.0,217.53,99.2,1,1,0.8461
561,23,565.33,130.13,153.54,83.14,1,1,0.7401
561,41,1.0,56.75,142.29,56.04,1,1,1.0
561,42,155.73,43.73,141.38,49.21,1,1,0.0081
561,43,311.47,30.51,104.04,53.48,1,1,0.0051
561,44,436.27,31.36,108.3,48.79,1,1,0.0
562,8,361.6,18.13,406.33,132.2,1,1,1.0
562,18,727.47,1.0,217.53,99.2,1,1,0.8461
562,23,547.84,132.69,157.59,83.56,1,1,0.7468
562,41,1.0,56.82,142.34,56.05,1,1,1.0
562,42,155.73,43.84,141.39,49.18,1,1,0.0064
562,43,311.41,30.57,104.11,53.5,1,1,0.0057
562,44,436.27,31.46,108.31,48.76,1,1,0.0
563,8,361.6,18.13,406.33,132.2,1,1,1.0
563,18,727.47,1.0,217.53,99.2,1,1,0.8461
563,23,530.35,135.25,161.64,83.99,1,1,0.7534
563,41,1.0,56.9,142.38,56.06,1,1,1.0
563,42,155.73,43.95,141.4,49.15,1,1,0.0059
563,43,311.36,30.64,104.17,53.52,1,1,0.0061
563,44,436.27,31.55,108.32,48.74,1,1,0.0
564,8,361.6,18.13,406.33,132.2,1,1,1.0
564,18,727.47,1.0,217.53,99.2,1,1,0.8461
564,23,512.85,137.81,165.7,84.42,1,1,0.7325
564,41,1.0,56.97,142.42,56.07,1,1,1.0
564,42,155.73,44.05,141.41,49.12,1,1,0.0064
564,43,311.31,30.7,104.23,53.54,1,1,0.0066
564,44,436.27,31.65,108.34,48.72,1,1,0.0
565,8,361.6,18.13,406.33,132.2,1,1,1.0
565,18,727.47,1.0,217.53,99.2,1,1,0.8461
565,23,495.36,140.37,169.75,84.84,1,1,0.7402
565,41,1.0,57.04,142.46,56.08,1,1,1.0
565,42,155.73,44.16,141.42,49.08,1,1,0.0079
565,43,311.25,30.76,104.3,53.56,1,1,0.0182
565,44,436.27,31.74,108.35,48.7,1,1,0.0
566,8,361.6,18.13,406.33,132.2,1,1,1.0
566,18,727.47,1.0,217.53,99.2,1,1,0.8461
566,23,477.87,142.93,173.8,85.27,1,1,0.7469
566,24,1.0,448.0,290.13,93.0,1,1,1.0
566,41,1.0,57.12,142.51,56.09,1,1,1.0
566,42,155.73,44.27,141.43,49.05,1,1,0.0095
566,43,311.2,30.83,104.36,53.59,1,1,0.0181
566,44,436.27,31.84,108.36,48.68,1,1,0.0
567,8,361.6,18.13,406.33,132.2,1,1,1.0
567,18,727.47,1.0,217.53,99.2,1,1,0.8461
567,23,457.39,145.49,178.28,87.62,1,1,0.7242
567,24,34.56,431.15,302.44,109.85,1,1,1.0
567,41,1.0,57.2,142.55,56.1,1,1,1.0
567,42,155.73,44.37,141.44,49.02,1,1,0.0111
567,43,311.15,30.89,104.42,53.61,1,1,0.018
567,44,436.27,31.94,108.37,48.66,1,1,0.0
568,8,361.6,18.13,406.33,132.2,1,1,1.0
568,18,727.47,1.0,217.53,99.2,1,1,0.8461
568,23,436.91,148.05,182.76,89.96,1,1,0.706
568,24,65.92,414.29,316.95,126.71,1,1,1.0
568,41,1.0,57.27,142.59,56.11,1,1,1.0
568,42,155.73,44.48,141.45,48.99,1,1,0.0127
568,43,311.09,30.96,104.49,53.63,1,1,0.018
568,44,436.27,32.03,108.38,48.64,1,1,0.0
569,8,361.6,18.13,406.33,132.2,1,1,1.0
569,18,727.47,1.0,217.53,99.2,1,1,0.8461
569,23,416.43,150.61,187.24,92.31,1,1,0.6909
569,24,97.28,397.44,331.45,143.56,1,1,1.0
569,41,1.0,57.34,142.63,56.13,1,1,1.0
569,42,155.73,44.59,141.46,48.96,1,1,0.0143
569,43,311.04,31.02,104.55,53.65,1,1,0.0179
569,44,436.27,32.13,108.39,48.62,1,1,0.0
570,8,361.6,18.13,406.33,132.2,1,1,1.0
570,18,727.47,1.0,217.53,99.2,1,1,0.8461
570,23,395.95,153.17,191.72,94.66,1,1,0.6394
570,24,128.64,380.59,345.96,160.41,1,1,1.0
570,41,1.0,57.42,142.68,56.13,1,1,1.0
570,42,155.73,44.69,141.47,48.93,1,1,0.0159
570,43,310.99,31.08,104.61,53.67,1,1,0.0178
570,44,436.27,32.22,108.4,48.6,1,1,0.0
571,8,361.6,18.13,406.33,132.2,1,1,1.0
571,18,727.47,1.0,217.53,99.2,1,1,0.8461
571,23,375.47,155.73,196.2,97.0,1,1,0.6439
571,24,160.0,363.73,360.47,177.27,1,1,1.0
571,41,1.0,57.49,142.72,56.15,1,1,1.0
571,42,155.73,44.8,141.48,48.89,1,1,0.042
571,43,310.93,31.15,104.68,53.69,1,1,0.0177
571,44,436.27,32.32,108.41,48.57,1,1,0.0
572,8,361.6,18.13,406.33,132.2,1,1,1.0
572,18,727.47,1.0,217.53,99.2,1,1,0.8461
572,23,352.64,158.51,199.4,98.28,1,1,0.6595
572,24,212.48,352.21,343.83,168.68,1,1,1.0
572,41,1.0,57.57,142.76,56.16,1,1,1.0
572,42,155.73,44.91,141.49,48.86,1,1,0.0258
572,43,310.88,31.21,104.74,53.71,1,1,0.0176
572,44,436.27,32.42,108.42,48.55,1,1,0.0
573,8,361.6,18.13,406.33,132.2,1,1,1.0
573,18,727.47,1.0,217.53,99.2,1,1,0.8461
573,23,329.81,161.28,202.6,99.56,1,1,0.6719
573,24,264.96,340.69,327.19,163.56,1,1,1.0
573,41,1.0,57.64,142.81,56.17,1,1,1.0
573,42,155.73,45.01,141.5,48.83,1,1,0.0237
573,43,310.83,31.28,104.8,53.74,1,1,0.0176
573,44,436.27,32.51,108.43,48.53,1,1,0.0
574,8,361.6,18.13,406.33,132.2,1,1,1.0
574,18,727.47,1.0,217.53,99.2,1,1,0.8461
574,23,306.99,164.05,205.8,100.84,1,1,0.7
574,24,317.44,329.17,310.55,158.44,1,1,1.0
574,41,1.0,57.72,142.85,56.18,1,1,1.0
574,42,155.73,45.12,141.52,48.8,1,1,0.0216
574,43,310.77,31.34,104.88,53.76,1,1,0.0184
574,44,436.27,32.61,108.44,48.51,1,1,0.0
575,8,361.6,18.13,406.33,132.2,1,1,1.0
575,18,727.47,1.0,217.53,99.2,1,1,0.8461
575,23,284.16,166.83,209.0,102.12,1,1,0.7109
575,24,369.92,317.65,293.91,153.32,1,1,1.0
575,41,1.0,57.79,142.89,56.19,1,1,1.0
575,42,155.73,45.23,141.53,48.76,1,1,0.0195
575,43,310.72,31.4,104.94,53.78,1,1,0.007
575,44,436.27,32.7,108.45,48.49,1,1,0.0
576,8,361.6,18.13,406.33,132.2,1,1,1.0
576,18,727.47,1.0,217.53,99.2,1,1,0.8461
576,23,261.33,169.6,212.2,103.4,1,1,0.7218
576,24,422.4,306.13,277.27,148.2,1,1,1.0
576,41,1.0,57.87,142.93,56.2,1,1,1.0
576,42,155.73,45.33,141.54,48.73,1,1,0.0174
576,43,310.67,31.47,105.0,53.8,1,1,0.0072
576,44,436.27,32.8,108.46,48.47,1,1,0.0
577,8,361.6,18.13,406.33,132.2,1,1,1.0
577,18,727.47,1.0,217.53,99.2,1,1,0.8461
577,23,235.73,172.37,216.04,106.6,1,1,0.7093
577,24,458.24,297.81,266.6,141.8,1,1,1.0
577,41,1.0,57.94,142.98,56.21,1,1,1.0
577,42,155.73,45.44,141.55,48.7,1,1,0.0153
577,43,310.61,31.53,105.07,53.82,1,1,0.0074
577,44,436.27,32.9,108.47,48.44,1,1,0.0
578,8,361.6,18.13,406.33,132.2,1,1,1.0
578,18,727.47,1.0,217.53,99.2,1,1,0.8461
578,23,210.13,175.15,219.88,109.8,1,1,0.716
578,24,494.08,289.49,255.93,135.4,1,1,1.0
578,41,1.0,58.02,143.02,56.22,1,1,1.0
578,42,155.73,45.55,141.56,48.67,1,1,0.0132
578,43,310.56,31.6,105.13,53.84,1,1,0.0076
578,44,436.27,32.99,108.48,48.42,1,1,0.0
579,8,361.6,18.13,406.33,132.2,1,1,1.0
579,18,727.47,1.0,217.53,99.2,1,1,0.8461
579,23,184.53,177.92,223.72,113.0,1,1,0.7018
579,24,529.92,281.17,245.27,129.0,1,1,1.0
579,41,1.0,58.09,143.06,56.23,1,1,1.0
579,42,155.73,45.65,141.57,48.64,1,1,0.0111
579,43,310.51,31.66,105.19,53.86,1,1,0.0078
579,44,436.27,33.09,108.5,48.4,1,1,0.0
580,8,361.6,18.13,406.33,132.2,1,1,1.0
580,18,727.47,1.0,217.53,99.2,1,1,0.8461
580,23,158.93,180.69,227.56,116.2,1,1,0.6845
580,24,565.76,272.85,234.6,122.6,1,1,1.0
580,41,1.0,58.16,143.1,56.24,1,1,1.0
580,42,155.73,45.76,141.58,48.6,1,1,0.009
580,43,310.45,31.72,105.26,53.88,1,1,0.008
580,44,436.27,33.18,108.51,48.38,1,1,0.0
581,8,361.6,18.13,406.33,132.2,1,1,1.0
581,18,727.47,1.0,217.53,99.2,1,1,0.8461
581,23,133.33,183.47,231.4,119.4,1,1,0.674
581,24,601.6,264.53,223.93,116.2,1,1,1.0
581,41,1.0,58.24,143.15,56.25,1,1,1.0
581,42,155.73,45.87,141.59,48.57,1,1,0.0069
581,43,310.4,31.79,105.32,53.91,1,1,0.0082
581,44,436.27,33.28,108.52,48.36,1,1,0.0
582,8,361.6,18.13,406.33,132.2,1,1,1.0
582,18,727.47,1.0,217.53,99.2,1,1,0.8461
582,23,107.95,187.31,233.74,121.32,1,1,0.7069
582,24,629.33,257.71,215.19,113.42,1,1,1.0
582,41,1.0,58.32,143.19,56.26,1,1,1.0
582,42,155.73,45.97,141.6,48.54,1,1,0.0048
582,43,310.35,31.85,105.38,53.93,1,1,0.0013
582,44,436.27,33.38,108.53,48.34,1,1,0.0
583,8,361.6,18.13,406.33,132.2,1,1,1.0
583,18,727.47,1.0,217.53,99.2,1,1,0.8461
583,23,82.56,191.15,236.09,123.24,1,1,0.6969
583,24,657.07,250.88,206.44,110.65,1,1,1.0
583,41,1.0,58.39,143.23,56.27,1,1,1.0
583,42,155.73,46.08,141.61,48.51,1,1,0.0043
583,43,310.29,31.92,105.45,53.95,1,1,0.0008
583,44,436.27,33.47,108.54,48.32,1,1,0.0
584,8,361.6,18.13,406.33,132.2,1,1,1.0
584,18,727.47,1.0,217.53,99.2,1,1,0.8461
584,23,57.17,194.99,238.44,125.16,1,1,0.7026
584,24,684.8,244.05,197.69,107.88,1,1,1.0
584,41,1.0,58.46,143.27,56.29,1,1,1.0
584,42,155.73,46.19,141.62,48.48,1,1,0.0044
584,43,310.24,31.98,105.51,53.97,1,1,0.0002
584,44,436.27,33.57,108.55,48.3,1,1,0.0
585,8,361.6,18.13,406.33,132.2,1,1,1.0
585,18,727.47,1.0,217.53,99.2,1,1,0.8461
585,23,31.79,198.83,240.78,127.08,1,1,0.7036
585,24,712.53,237.23,188.95,105.1,1,1,1.0
585,41,1.0,58.54,143.32,56.29,1,1,1.0
585,42,155.73,46.29,141.63,48.45,1,1,0.0044
585,43,310.19,32.04,105.57,53.99,1,1,0.0
585,44,436.27,33.66,108.56,48.28,1,1,0.0
586,8,361.6,18.13,406.33,132.2,1,1,1.0
586,18,727.47,1.0,217.53,99.2,1,1,0.8461
586,23,1.0,202.67,248.53,129.0,1,1,0.7411
586,24,740.27,230.4,180.2,102.33,1,1,1.0
586,41,1.0,58.61,143.36,56.31,1,1,1.0
586,42,155.73,46.4,141.64,48.41,1,1,0.0045
586,43,310.13,32.11,105.64,54.01,1,1,0.0
586,44,436.27,33.76,108.57,48.25,1,1,0.0
587,8,361.6,18.13,406.33,132.2,1,1,1.0
587,18,727.47,1.0,217.53,99.2,1,1,0.8461
587,23,1.0,206.72,221.23,123.88,1,1,0.7807
587,24,762.67,225.28,166.97,99.77,1,1,1.0
587,41,1.0,58.69,143.4,56.32,1,1,1.0
587,42,155.73,46.51,141.65,48.38,1,1,0.0046
587,43,310.08,32.17,105.7,54.03,1,1,0.0
587,44,436.27,33.86,108.58,48.23,1,1,0.0
588,8,361.6,18.13,406.33,132.2,1,1,1.0
588,18,727.47,1.0,217.53,99.2,1,1,0.8461
588,23,1.0,210.77,193.92,118.76,1,1,0.8377
588,24,785.07,220.16,153.74,97.21,1,1,1.0
588,41,1.0,58.76,143.45,56.33,1,1,1.0
588,42,155.73,46.61,141.66,48.35,1,1,0.0047
588,43,310.03,32.24,105.76,54.06,1,1,0.0
588,44,436.27,33.95,108.59,48.21,1,1,0.0
589,8,361.6,18.13,406.33,132.2,1,1,1.0
589,18,727.47,1.0,217.53,99.2,1,1,0.8461
589,23,1.0,214.83,166.61,113.64,1,1,0.8908
589,24,807.47,215.04,140.52,94.65,1,1,1.0
589,41,1.0,58.84,143.49,56.34,1,1,1.0
589,42,155.73,46.72,141.68,48.32,1,1,0.0056
589,43,309.97,32.3,105.84,54.08,1,1,0.0003
589,44,436.27,34.05,108.6,48.19,1,1,0.0
590,8,361.6,18.13,406.33,132.2,1,1,1.0
590,18,727.47,1.0,217.53,99.2,1,1,0.8461
590,23,1.0,218.88,139.31,108.52,1,1,0.9516
590,24,829.87,209.92,131.13,92.09,1,1,1.0
590,41,1.0,58.91,143.53,56.35,1,1,1.0
590,42,155.73,46.83,141.69,48.28,1,1,0.0314
590,43,309.92,32.36,105.9,54.1,1,1,0.0008
590,44,436.27,34.14,108.61,48.17,1,1,0.0
591,8,361.6,18.13,406.33,132.2,1,1,1.0
591,18,727.47,1.0,217.53,99.2,1,1,0.8461
591,23,1.0,222.93,112.0,103.4,1,1,0.9841
591,24,852.27,204.8,108.73,89.53,1,1,1.0
591,41,1.0,58.99,143.57,56.36,1,1,1.0
591,42,155.73,46.93,141.7,48.25,1,1,0.0308
591,43,309.87,32.43,105.96,54.12,1,1,0.0012
591,44,436.27,34.24,108.62,48.15,1,1,0.0
592,8,361.6,18.13,406.33,132.2,1,1,1.0
592,18,727.47,1.0,217.53,99.2,1,1,0.8461
592,24,867.84,203.52,93.16,83.35,1,1,1.0
592,41,1.0,59.06,143.62,56.37,1,1,1.0
592,42,155.73,47.04,141.71,48.22,1,1,0.0302
592,43,309.81,32.49,106.03,54.14,1,1,0.0018
592,44,436.27,34.34,108.63,48.12,1,1,0.0
593,8,361.6,18.13,406.33,132.2,1,1,1.0
593,18,727.47,1.0,217.53,99.2,1,1,0.8461
593,24,883.41,202.24,77.59,77.16,1,1,1.0
593,41,1.0,59.14,143.66,56.38,1,1,1.0
593,42,155.73,47.15,141.72,48.19,1,1,0.0296
593,43,309.76,32.56,106.09,54.16,1,1,0.0023
593,44,436.27,34.43,108.64,48.1,1,1,0.0
594,8,361.6,18.13,406.33,132.2,1,1,1.0
594,18,727.47,1.0,217.53,99.2,1,1,0.8461
594,24,898.99,200.96,62.01,70.97,1,1,1.0
594,41,1.0,59.21,143.7,56.39,1,1,1.0
594,42,155.73,47.25,141.73,48.16,1,1,0.0291
594,43,309.71,32.62,106.15,54.18,1,1,0.0027
594,44,436.27,34.53,108.66,48.08,1,1,0.0
595,8,361.6,18.13,406.33,132.2,1,1,1.0
595,18,727.47,1.0,217.53,99.2,1,1,0.8461
595,24,914.56,199.68,46.44,64.79,1,1,1.0
595,41,1.0,59.28,143.74,56.4,1,1,1.0
595,42,155.73,47.36,141.74,48.12,1,1,0.0285
595,43,309.65,32.68,106.22,54.2,1,1,0.0033
595,44,436.27,34.62,108.67,48.06,1,1,0.0
596,8,361.6,18.13,406.33,132.2,1,1,1.0
596,18,727.47,1.0,217.53,99.2,1,1,0.8461
596,24,930.13,198.4,30.87,58.6,1,1,1.0
596,25,935.47,98.13,25.53,40.47,1,1,0.7919
596,41,1.0,59.36,143.79,56.41,1,1,1.0
596,42,155.73,47.47,141.75,48.09,1,1,0.0279
596,43,309.6,32.75,106.28,54.23,1,1,0.0038
596,44,436.27,34.72,108.68,48.04,1,1,0.0
597,8,362.03,19.41,406.33,131.99,1,1,1.0
597,18,728.53,1.0,216.68,100.27,1,1,0.8499
597,25,928.85,97.28,32.15,41.96,1,1,0.7932
597,41,1.0,59.44,143.83,56.42,1,1,1.0
597,42,155.73,47.57,141.76,48.06,1,1,0.0273
597,43,309.55,32.81,106.34,54.25,1,1,0.0155
597,44,436.27,34.82,108.69,48.02,1,1,0.0
598,8,362.45,20.69,406.34,131.78,1,1,1.0
598,18,729.6,1.0,215.83,101.33,1,1,0.8537
598,25,922.24,96.43,38.76,43.45,1,1,0.7726
598,41,1.0,59.51,143.87,56.43,1,1,1.0
598,42,155.73,47.68,141.77,48.03,1,1,0.0267
598,43,309.49,32.88,106.41,54.27,1,1,0.0163
598,44,436.27,34.91,108.7,48.0,1,1,0.0
599,8,362.88,21.97,406.33,131.56,1,1,1.0
599,18,730.67,1.0,214.97,102.4,1,1,0.8574
599,25,915.63,95.57,45.37,44.95,1,1,0.7237
599,41,1.0,59.58,143.91,56.45,1,1,1.0
599,42,155.73,47.79,141.78,48.0,1,1,0.0099
599,43,309.44,32.94,106.47,54.29,1,1,0.0171
599,44,436.27,35.01,108.71,47.98,1,1,0.0
600,8,363.31,23.25,406.33,131.35,1,1,1.0
600,18,731.73,1.0,214.12,103.47,1,1,0.861
600,25,909.01,94.72,51.99,46.44,1,1,0.7254
600,41,1.0,59.66,143.96,56.45,1,1,1.0
600,42,155.73,47.89,141.79,47.97,1,1,0.0078
600,43,309.39,33.0,106.53,54.31,1,1,0.0178
600,44,436.27,35.1,108.72,47.96,1,1,0.0
601,8,363.73,24.53,406.34,131.14,1,1,1.0
601,18,732.8,1.0,213.27,104.53,1,1,0.8646
601,25,902.4,93.87,58.6,47.93,1,1,0.7121
601,41,1.0,59.73,144.0,56.47,1,1,1.0
601,42,155.73,48.0,141.8,47.93,1,1,0.0056
601,43,309.33,33.07,106.6,54.33,1,1,0.0187
601,44,436.27,35.2,108.73,47.93,1,1,0.0
602,8,363.73,24.11,405.27,131.34,1,1,1.0
602,18,732.8,1.0,213.27,104.53,1,1,0.8678
602,25,894.93,94.72,66.07,49.21,1,1,0.6815
602,41,1.0,59.69,144.01,56.5,1,1,1.0
602,42,155.75,48.02,141.62,48.02,1,1,0.0044
602,43,309.32,33.03,106.57,54.36,1,1,0.019
602,44,436.45,35.17,108.54,47.92,1,1,0.0
603,8,363.73,23.68,404.2,131.56,1,1,1.0
603,18,732.8,1.0,213.27,104.53,1,1,0.871
603,25,887.47,95.57,73.53,50.5,1,1,0.6841
603,41,1.0,59.65,144.02,56.53,1,1,1.0
603,42,155.78,48.04,141.43,48.1,1,1,0.003
603,43,309.31,33.0,106.54,54.4,1,1,0.0194
603,44,436.63,35.14,108.35,47.91,1,1,0.0
604,8,363.73,23.25,403.14,131.78,1,1,1.0
604,18,732.8,1.0,213.27,104.53,1,1,0.8743
604,25,880.0,96.43,81.0,51.77,1,1,0.6948
604,41,1.0,59.6,144.03,56.56,1,1,1.0
604,42,155.8,48.06,141.25,48.19,1,1,0.0018
604,43,309.3,32.97,106.51,54.43,1,1,0.0198
604,44,436.81,35.1,108.16,47.9,1,1,0.0
605,8,363.73,22.83,402.07,131.98,1,1,1.0
605,18,732.8,1.0,213.27,104.53,1,1,0.8776
605,25,872.53,97.28,88.47,53.05,1,1,0.7251
605,41,1.0,59.56,144.04,56.6,1,1,1.0
605,42,155.82,48.08,141.07,48.28,1,1,0.0013
605,43,309.29,32.94,106.47,54.46,1,1,0.0202
605,44,436.99,35.07,107.97,47.89,1,1,0.0
606,8,363.73,22.4,401.0,132.2,1,1,1.0
606,18,732.8,1.0,213.27,104.53,1,1,0.8809
606,25,865.07,98.13,95.93,54.34,1,1,0.7059
606,41,1.0,59.52,144.05,56.63,1,1,1.0
606,42,155.84,48.11,140.89,48.36,1,1,0.0011
606,43,309.28,32.91,106.44,54.49,1,1,0.0206
606,44,437.17,35.04,107.78,47.88,1,1,0.0
607,8,363.52,22.19,401.43,132.41,1,1,1.0
607,18,732.8,1.0,213.27,104.53,1,1,0.8798
607,25,856.75,99.2,91.24,55.61,1,1,0.7416
607,41,1.0,59.48,144.06,56.66,1,1,1.0
607,42,155.86,48.13,140.71,48.44,1,1,0.001
607,43,309.27,32.88,106.41,54.52,1,1,0.0209
607,44,437.35,35.01,107.59,47.87,1,1,0.0
608,8,363.31,21.97,401.85,132.63,1,1,1.0
608,18,732.8,1.0,213.27,104.53,1,1,0.8787
608,25,848.43,100.27,94.01,56.89,1,1,0.7071
608,41,1.0,59.44,144.07,56.7,1,1,1.0
608,42,155.88,48.15,140.53,48.53,1,1,0.0009
608,43,309.26,32.84,106.37,54.56,1,1,0.0213
608,44,437.54,34.98,107.39,47.86,1,1,0.0
609,8,363.09,21.76,402.28,132.84,1,1,1.0
609,18,732.8,1.0,213.27,104.53,1,1,0.8776
609,25,840.11,101.33,96.78,58.18,1,1,0.7135
609,41,1.0,59.39,144.09,56.72,1,1,1.0
609,42,155.9,48.17,140.35,48.62,1,1,0.0007
609,43,309.25,32.81,106.34,54.59,1,1,0.0216
609,44,437.72,34.94,107.19,47.85,1,1,0.0
610,8,362.88,21.55,402.71,133.05,1,1,1.0
610,18,732.8,1.0,213.27,104.53,1,1,0.8765
610,25,831.79,102.4,99.56,59.45,1,1,0.7316
610,41,1.0,59.35,144.1,56.75,1,1,1.0
610,42,155.93,48.19,140.16,48.7,1,1,0.0005
610,43,309.24,32.78,106.31,54.62,1,1,0.0219
610,44,437.9,34.91,107.0,47.84,1,1,0.0
611,8,362.67,21.33,403.13,133.27,1,1,1.0
611,18,732.8,1.0,213.27,104.53,1,1,0.8754
611,25,823.47,103.47,102.33,60.73,1,1,0.6951
611,41,1.0,59.31,144.11,56.78,1,1,1.0
611,42,155.95,48.21,139.98,48.79,1,1,0.0004
611,43,309.23,32.75,106.28,54.65,1,1,0.0109
611,44,438.08,34.88,106.81,47.83,1,1,0.0
612,8,362.45,21.76,403.99,133.48,1,1,1.0
612,18,732.8,1.0,213.27,104.53,1,1,0.8736
612,25,814.51,104.96,103.4,60.95,1,1,0.697
612,41,1.0,59.26,144.12,56.82,1,1,1.0
612,42,155.97,48.24,139.8,48.87,1,1,0.0024
612,43,309.22,32.72,106.24,54.68,1,1,0.011
612,44,438.26,34.85,106.62,47.82,1,1,0.0
613,8,362.24,22.19,404.84,133.69,1,1,1.0
613,18,732.8,1.0,213.27,104.53,1,1,0.8718
613,25,805.55,106.45,104.46,61.16,1,1,0.7383
613,41,1.0,59.22,144.13,56.85,1,1,1.0
613,42,155.99,48.26,139.62,48.96,1,1,0.0088
613,43,309.21,32.68,106.21,54.72,1,1,0.011
613,44,438.44,34.82,106.43,47.8,1,1,0.0
614,8,362.03,22.61,405.69,133.91,1,1,1.0
614,18,732.8,1.0,213.27,104.53,1,1,0.8701
614,25,796.59,107.95,105.53,61.37,1,1,0.7415
614,41,1.0,59.18,144.14,56.88,1,1,1.0
614,42,156.01,48.28,139.44,49.04,1,1,0.0097
614,43,309.19,32.65,106.19,54.75,1,1,0.0112
614,44,438.62,34.78,106.24,47.8,1,1,0.0
615,8,361.81,23.04,406.55,134.12,1,1,1.0
615,18,732.8,1.0,213.27,104.53,1,1,0.8684
615,25,787.63,109.44,106.6,61.59,1,1,0.7389
615,41,1.0,59.14,144.15,56.91,1,1,1.0
615,42,156.03,48.3,139.26,49.13,1,1,0.0108
615,43,309.18,32.62,106.16,54.78,1,1,0.0113
615,44,438.81,34.75,106.04,47.78,1,1,0.0
616,8,361.6,23.47,407.4,134.33,1,1,1.0
616,18,732.8,1.0,213.27,104.53,1,1,0.8667
616,25,778.67,110.93,107.66,61.8,1,1,0.7457
616,41,1.0,59.09,144.16,56.95,1,1,1.0
616,42,156.05,48.32,139.08,49.21,1,1,0.0118
616,43,309.17,32.59,106.12,54.81,1,1,0.0114
616,44,438.99,34.72,105.85,47.77,1,1,0.0
617,8,361.17,23.25,407.19,134.55,1,1,1.0
617,18,732.8,1.0,213.27,104.53,1,1,0.8688
617,25,767.79,112.85,109.16,62.44,1,1,0.7465
617,41,1.0,59.05,144.17,56.98,1,1,1.0
617,42,156.07,48.34,138.9,49.3,1,1,0.013
617,43,309.16,32.56,106.09,54.84,1,1,0.0114
617,44,439.17,34.69,105.66,47.76,1,1,0.0
618,8,360.75,23.04,406.97,134.76,1,1,1.0
618,18,732.8,1.0,213.27,104.53,1,1,0.8708
618,25,756.91,114.77,110.65,63.08,1,1,0.7185
618,41,1.0,59.01,144.18,57.01,1,1,1.0
618,42,156.1,48.36,138.71,49.38,1,1,0.0151
618,43,309.15,32.52,106.06,54.88,1,1,0.0115
618,44,439.35,34.66,105.47,47.75,1,1,0.0
619,8,360.32,22.83,406.76,134.97,1,1,1.0
619,18,732.8,1.0,213.27,104.53,1,1,0.8728
619,25,746.03,116.69,112.14,63.72,1,1,0.7139
619,41,1.0,58.96,144.19,57.04,1,1,1.0
619,42,156.12,48.38,138.53,49.47,1,1,0.0
619,43,309.14,32.49,106.03,54.91,1,1,0.0116
619,44,439.53,34.62,105.28,47.74,1,1,0.0
620,8,359.89,22.61,406.55,135.19,1,1,1.0
620,18,732.8,1.0,213.27,104.53,1,1,0.8749
620,25,735.15,118.61,113.64,64.36,1,1,0.7168
620,41,1.0,58.92,144.2,57.08,1,1,1.0
620,42,156.14,48.4,138.35,49.56,1,1,0.0
620,43,309.13,32.46,105.99,54.94,1,1,0.0116
620,44,439.71,34.59,105.09,47.73,1,1,0.0
621,8,359.47,22.4,406.33,135.4,1,1,1.0
621,18,732.8,1.0,213.27,104.53,1,1,0.8318
621,25,724.27,120.53,115.13,65.0,1,1,0.7222
621,26,915.2,88.53,45.8,57.54,1,1,0.828
621,27,920.53,65.07,40.47,39.4,1,1,0.5955
621,41,1.0,58.88,144.21,57.11,1,1,1.0
621,42,156.16,48.43,138.17,49.64,1,1,0.0
621,43,309.12,32.43,105.96,54.97,1,1,0.0117
621,44,439.89,34.56,104.9,47.72,1,1,0.0
622,8,358.83,22.19,406.54,135.82,1,1,1.0
622,18,732.8,1.0,213.27,104.53,1,1,0.8209
622,25,711.25,122.24,118.55,66.07,1,1,0.6929
622,26,906.88,88.96,54.12,59.03,1,1,0.8011
622,27,914.13,65.49,46.87,40.47,1,1,0.5799
622,41,1.0,58.84,144.22,57.14,1,1,1.0
622,42,156.18,48.45,137.99,49.72,1,1,0.0
622,43,309.11,32.4,105.93,55.0,1,1,0.0118
622,44,440.07,34.53,104.71,47.71,1,1,0.0
623,8,358.19,21.97,406.76,136.26,1,1,1.0
623,18,732.8,1.0,213.27,104.53,1,1,0.8114
623,25,698.24,123.95,121.96,67.13,1,1,0.696
623,26,898.56,89.39,62.44,60.52,1,1,0.7702
623,27,907.73,65.92,53.27,41.53,1,1,0.5651
623,41,1.0,58.8,144.23,57.18,1,1,1.0
623,42,156.2,48.47,137.81,49.81,1,1,0.0
623,43,309.1,32.36,105.89,55.04,1,1,0.0118
623,44,440.26,34.5,104.51,47.7,1,1,0.0
624,8,357.55,21.76,406.97,136.68,1,1,1.0
624,18,732.8,1.0,213.27,104.53,1,1,0.8022
624,25,685.23,125.65,125.37,68.2,1,1,0.6748
624,26,890.24,89.81,70.76,62.02,1,1,0.7447
624,27,901.33,66.35,59.67,42.6,1,1,0.5508
624,41,1.0,58.75,144.25,57.2,1,1,1.0
624,42,156.22,48.49,137.63,49.9,1,1,0.0
624,43,309.09,32.33,105.86,55.07,1,1,0.0119
624,44,440.44,34.46,104.31,47.69,1,1,0.0
625,8,356.91,21.55,407.18,137.1,1,1,1.0
625,18,732.8,1.0,213.27,104.53,1,1,0.7932
625,25,672.21,127.36,128.79,69.27,1,1,0.677
625,26,881.92,90.24,79.08,63.51,1,1,0.7529
625,27,894.93,66.77,66.07,43.67,1,1,0.5374
625,41,1.0,58.71,144.26,57.23,1,1,1.0
625,42,156.25,48.51,137.44,49.98,1,1,0.005
625,43,309.08,32.3,105.83,55.1,1,1,0.0119
625,44,440.62,34.43,104.12,47.68,1,1,0.0
626,8,356.27,21.33,407.4,137.54,1,1,1.0
626,18,732.8,1.0,213.27,104.53,1,1,0.7845
626,25,659.2,129.07,132.2,70.33,1,1,0.6908
626,26,873.6,90.67,87.4,65.0,1,1,0.7224
626,27,888.53,67.2,72.47,44.73,1,1,0.5246
626,41,1.0,58.67,144.27,57.26,1,1,1.0
626,42,156.27,48.53,137.26,50.07,1,1,0.0039
626,43,309.07,32.27,105.8,55.13,1,1,0.012
626,44,440.8,34.4,103.93,47.67,1,1,0.0
627,8,355.2,21.33,408.25,137.54,1,1,1.0
627,18,732.8,1.0,213.27,104.53,1,1,0.7764
627,25,643.84,131.2,135.4,72.25,1,1,0.666
627,26,864.21,91.95,96.79,65.42,1,1,0.6916
627,27,881.92,68.05,79.08,45.38,1,1,0.5266
627,41,1.0,58.62,144.28,57.3,1,1,1.0
627,42,156.29,48.56,137.08,50.15,1,1,0.0027
627,43,309.06,32.24,105.76,55.16,1,1,0.012
627,44,440.98,34.37,103.74,47.66,1,1,0.0
628,8,354.13,21.33,409.11,137.54,1,1,1.0
628,18,732.8,1.0,213.27,104.53,1,1,0.7688
628,25,628.48,133.33,138.6,74.18,1,1,0.6612
628,26,854.83,93.23,106.17,65.85,1,1,0.7087
628,27,875.31,68.91,85.69,46.01,1,1,0.5285
628,41,1.0,58.58,144.29,57.33,1,1,1.0
628,42,156.31,48.58,136.9,50.24,1,1,0.0015
628,43,309.05,32.2,105.73,55.2,1,1,0.012
628,44,441.16,34.34,103.55,47.64,1,1,0.0
629,8,353.07,21.33,409.96,137.54,1,1,1.0
629,18,732.8,1.0,213.27,104.53,1,1,0.7617
629,25,613.12,135.47,141.8,76.09,1,1,0.6374
629,26,845.44,94.51,115.56,66.28,1,1,0.6935
629,27,868.69,69.76,92.31,46.65,1,1,0.5305
629,41,1.0,58.54,144.3,57.36,1,1,1.0
629,42,156.33,48.6,136.72,50.32,1,1,0.0004
629,43,309.03,32.17,105.71,55.23,1,1,0.0121
629,44,441.34,34.3,103.36,47.64,1,1,0.0
630,8,352.0,21.33,410.81,137.54,1,1,1.0
630,18,732.8,1.0,213.27,104.53,1,1,0.7561
630,25,597.76,137.6,145.0,78.01,1,1,0.6142
630,26,836.05,95.79,111.51,66.7,1,1,0.6825
630,27,862.08,70.61,83.35,47.3,1,1,0.5323
630,41,1.0,58.5,144.31,57.39,1,1,1.0
630,42,156.35,48.62,136.54,50.41,1,1,0.0005
630,43,309.02,32.14,105.68,55.26,1,1,0.0121
630,44,441.53,34.27,103.16,47.62,1,1,0.0
631,8,350.93,21.33,411.67,137.54,1,1,1.0
631,18,732.8,1.0,213.27,104.53,1,1,0.7572
631,25,582.4,139.73,148.2,79.94,1,1,0.5916
631,26,826.67,97.07,116.2,67.13,1,1,0.6561
631,27,855.47,71.47,85.26,47.93,1,1,0.5341
631,41,1.0,58.45,144.32,57.43,1,1,1.0
631,42,156.37,48.64,136.36,50.49,1,1,0.0026
631,43,309.01,32.11,105.64,55.29,1,1,0.0122
631,44,441.71,34.24,102.97,47.61,1,1,0.0
632,8,350.29,21.76,411.88,137.53,1,1,1.0
632,18,732.8,1.0,213.27,104.53,1,1,0.76
632,25,564.69,141.87,152.04,81.21,1,1,0.5936
632,26,816.0,97.71,118.55,68.41,1,1,0.6653
632,27,849.28,71.89,85.91,47.72,1,1,0.5444
632,41,1.0,58.41,144.33,57.46,1,1,1.0
632,42,156.39,48.66,136.18,50.58,1,1,0.0047
632,43,309.0,32.08,105.61,55.32,1,1,0.0122
632,44,441.89,34.21,102.78,47.6,1,1,0.0
633,8,349.65,22.19,412.1,137.53,1,1,1.0
633,18,732.8,1.0,213.27,104.53,1,1,0.7628
633,25,546.99,144.0,155.88,82.49,1,1,0.6087
633,26,805.33,98.35,120.9,69.69,1,1,0.6798
633,27,843.09,72.32,86.55,47.51,1,1,0.5656
633,41,1.0,58.37,144.34,57.49,1,1,1.0
633,42,156.42,48.68,135.99,50.66,1,1,0.0068
633,43,308.99,32.04,105.58,55.36,1,1,0.0123
633,44,442.07,34.18,102.59,47.59,1,1,0.0
634,8,349.01,22.61,412.31,137.54,1,1,1.0
634,18,732.8,1.0,213.27,104.53,1,1,0.7657
634,25,529.28,146.13,159.72,83.78,1,1,0.5971
634,26,794.67,98.99,123.24,70.97,1,1,0.688
634,27,836.91,72.75,87.18,47.29,1,1,0.5864
634,41,1.0,58.32,144.35,57.52,1,1,1.0
634,42,156.44,48.7,135.81,50.75,1,1,0.0089
634,43,308.98,32.01,105.55,55.39,1,1,0.0123
634,44,442.25,34.14,102.4,47.58,1,1,0.0
635,8,348.37,23.04,412.52,137.53,1,1,1.0
635,18,732.8,1.0,213.27,104.53,1,1,0.7686
635,25,511.57,148.27,163.56,85.05,1,1,0.6276
635,26,784.0,99.63,125.59,72.25,1,1,0.7026
635,27,830.72,73.17,87.83,47.08,1,1,0.6066
635,41,1.0,58.28,144.36,57.56,1,1,1.0
635,42,156.46,48.72,135.63,50.84,1,1,0.011
635,43,308.97,31.98,105.51,55.42,1,1,0.0125
635,44,442.43,34.11,102.21,47.57,1,1,0.0
636,8,347.73,23.47,412.74,137.53,1,1,1.0
636,18,732.8,1.0,213.27,104.53,1,1,0.7714
636,25,493.87,150.4,167.4,86.33,1,1,0.6131
636,26,773.33,100.27,127.94,73.53,1,1,0.7091
636,27,824.53,73.6,88.47,46.87,1,1,0.6262
636,41,1.0,58.24,144.37,57.59,1,1,1.0
636,42,156.48,48.75,135.45,50.92,1,1,0.0131
636,43,308.96,31.95,105.48,55.45,1,1,0.0128
636,44,442.61,34.08,102.02,47.56,1,1,0.0
637,8,346.24,23.47,413.37,137.32,1,1,1.0
637,18,732.8,1.0,213.27,104.53,1,1,0.7765
637,25,474.24,153.17,170.81,88.68,1,1,0.5959
637,26,760.75,101.76,129.85,73.75,1,1,0.7488
637,27,816.85,74.45,89.54,47.72,1,1,0.6477
637,41,1.0,58.2,144.38,57.62,1,1,1.0
637,42,156.5,48.77,135.27,51.0,1,1,0.0242
637,43,308.95,31.92,105.45,55.48,1,1,0.013
637,44,442.79,34.05,101.83,47.55,1,1,0.0
638,8,344.75,23.47,414.01,137.1,1,1,1.0
638,18,732.8,1.0,213.27,104.53,1,1,0.7816
638,25,454.61,155.95,174.23,91.02,1,1,0.5938
638,26,748.16,103.25,131.77,73.96,1,1,0.7547
638,27,809.17,75.31,90.6,48.57,1,1,0.6683
638,41,1.0,58.16,144.39,57.66,1,1,1.0
638,42,156.52,48.79,135.09,51.09,1,1,0.0281
638,43,308.94,31.88,105.41,55.52,1,1,0.0131
638,44,442.98,34.02,101.63,47.54,1,1,0.0
639,8,343.25,23.47,414.66,136.89,1,1,1.0
639,18,732.8,1.0,213.27,104.53,1,1,0.7868
639,25,434.99,158.72,177.64,93.37,1,1,0.5731
639,26,735.57,104.75,133.7,74.17,1,1,0.7666
639,27,801.49,76.16,91.67,49.43,1,1,0.6883
639,41,1.0,58.11,144.41,57.68,1,1,1.0
639,42,156.54,48.81,134.91,51.18,1,1,0.0265
639,43,308.93,31.85,105.38,55.55,1,1,0.0133
639,44,443.16,33.98,101.43,47.53,1,1,0.0
640,8,341.76,23.47,415.29,136.68,1,1,1.0
640,18,732.8,1.0,213.27,104.53,1,1,0.7921
640,25,415.36,161.49,181.05,95.72,1,1,0.5732
640,26,722.99,106.24,135.61,74.39,1,1,0.7943
640,27,793.81,77.01,92.74,50.28,1,1,0.7075
640,41,1.0,58.07,144.42,57.71,1,1,1.0
640,42,156.57,48.83,134.72,51.26,1,1,0.0249
640,43,308.92,31.82,105.35,55.58,1,1,0.0134
640,44,443.34,33.95,101.24,47.52,1,1,0.0
641,8,340.27,23.47,415.93,136.46,1,1,1.0
641,18,732.8,1.0,213.27,104.53,1,1,0.7975
641,25,395.73,164.27,184.47,98.06,1,1,0.569
641,26,710.4,107.73,137.53,74.6,1,1,0.0036
641,27,786.13,77.87,93.8,51.13,1,1,0.7259
641,41,1.0,58.03,144.43,57.74,1,1,1.0
641,42,156.59,48.85,134.54,51.35,1,1,0.0233
641,43,308.91,31.79,105.32,55.61,1,1,0.0135
641,44,443.52,33.92,101.05,47.51,1,1,0.0
642,8,339.41,23.47,416.15,136.25,1,1,1.0
642,18,732.8,1.0,213.27,104.53,1,1,0.8015
642,25,371.84,167.68,188.73,100.84,1,1,0.5589
642,26,695.47,109.01,140.73,77.16,1,1,0.7832
642,27,778.03,78.51,94.65,52.62,1,1,0.7417
642,41,1.0,57.98,144.44,57.78,1,1,1.0
642,42,156.61,48.88,134.36,51.43,1,1,0.0219
642,43,308.9,31.76,105.28,55.64,1,1,0.0137
642,44,443.7,33.89,100.86,47.5,1,1,0.0
643,8,338.56,23.47,416.36,136.04,1,1,1.0
643,18,732.8,1.0,213.27,104.53,1,1,0.8055
643,25,347.95,171.09,193.0,103.62,1,1,0.5493
643,26,680.53,110.29,143.94,79.72,1,1,0.0
643,27,769.92,79.15,95.51,54.12,1,1,0.7575
643,41,1.0,57.94,144.45,57.81,1,1,1.0
643,42,156.63,48.9,134.18,51.52,1,1,0.0214
643,43,308.89,31.72,105.25,55.68,1,1,0.0138
643,44,443.88,33.86,100.67,47.48,1,1,0.0
644,8,337.71,23.47,416.57,135.82,1,1,1.0
644,18,732.8,1.0,213.27,104.53,1,1,0.8097
644,25,324.05,174.51,197.27,106.38,1,1,0.5412
644,26,665.6,111.57,147.13,82.28,1,1,0.7661
644,27,761.81,79.79,96.36,55.61,1,1,0.7736
644,41,1.0,57.9,144.46,57.84,1,1,1.0
644,42,156.65,48.92,134.0,51.6,1,1,0.021
644,43,308.87,31.69,105.23,55.71,1,1,0.0141
644,44,444.06,33.82,100.48,47.48,1,1,0.0
645,8,336.85,23.47,416.79,135.61,1,1,1.0
645,18,732.8,1.0,213.27,104.53,1,1,0.8138
645,25,300.16,177.92,201.53,109.16,1,1,0.5344
645,26,650.67,112.85,150.33,84.84,1,1,0.7707
645,27,753.71,80.43,97.21,57.1,1,1,0.7897
645,41,1.0,57.86,144.47,57.87,1,1,1.0
645,42,156.67,48.94,133.82,51.69,1,1,0.0205
645,43,308.86,31.66,105.2,55.74,1,1,0.0142
645,44,444.25,33.79,100.28,47.46,1,1,0.0
646,8,336.0,23.47,417.0,135.4,1,1,0.9923
646,18,732.8,1.0,213.27,104.53,1,1,0.8261
646,25,276.27,181.33,205.8,111.94,1,1,0.5265
646,26,635.73,114.13,153.54,87.4,1,1,0.7525
646,27,745.6,81.07,98.07,58.6,1,1,0.8059
646,41,1.0,57.81,144.48,57.91,1,1,1.0
646,42,156.69,48.96,133.64,51.77,1,1,0.0201
646,43,308.85,31.63,105.16,55.77,1,1,0.0144
646,44,444.43,33.76,100.09,47.45,1,1,0.0
647,8,333.65,24.53,418.28,134.12,1,1,0.983
647,18,732.8,1.0,213.27,104.53,1,1,0.8418
647,25,247.47,186.24,211.13,113.64,1,1,0.5271
647,26,619.09,115.63,155.88,88.68,1,1,0.7583
647,27,735.79,82.13,100.62,59.03,1,1,0.8316
647,41,1.0,57.77,144.49,57.94,1,1,1.0
647,42,156.71,48.98,133.46,51.86,1,1,0.0196
647,43,308.84,31.6,105.13,55.8,1,1,0.0143
647,44,444.61,33.73,99.9,47.44,1,1,0.0
648,8,331.31,25.6,419.56,132.84,1,1,0.9734
648,18,732.8,1.0,213.27,104.53,1,1,0.8568
648,25,218.67,191.15,216.46,115.34,1,1,0.5279
648,26,602.45,117.12,158.23,89.96,1,1,0.7673
648,27,725.97,83.2,103.19,59.45,1,1,0.8556
648,41,1.0,57.73,144.5,57.97,1,1,1.0
648,42,156.74,49.0,133.27,51.94,1,1,0.0192
648,43,308.83,31.56,105.1,55.84,1,1,0.0142
648,44,444.79,33.7,99.71,47.43,1,1,0.0
649,8,328.96,26.67,420.84,131.56,1,1,0.9636
649,18,732.8,1.0,213.27,104.53,1,1,0.8711
649,25,189.87,196.05,221.8,117.06,1,1,0.5148
649,26,585.81,118.61,160.58,91.24,1,1,0.777
649,27,716.16,84.27,105.75,59.88,1,1,0.8781
649,41,1.0,57.68,144.51,58.0,1,1,1.0
649,42,156.76,49.02,133.09,52.03,1,1,0.0289
649,43,308.82,31.53,105.07,55.87,1,1,0.014
649,44,444.97,33.66,99.52,47.42,1,1,0.0
650,8,326.61,27.73,422.12,130.28,1,1,0.9535
650,18,732.8,1.0,213.27,104.53,1,1,0.8847
650,25,161.07,200.96,227.13,118.76,1,1,0.522
650,26,569.17,120.11,162.92,92.52,1,1,0.7843
650,27,706.35,85.33,108.3,60.31,1,1,0.8994
650,41,1.0,57.64,144.52,58.04,1,1,1.0
650,42,156.78,49.04,132.91,52.12,1,1,0.0355
650,43,308.81,31.5,105.03,55.9,1,1,0.0139
650,44,445.15,33.63,99.33,47.41,1,1,0.0
651,8,324.27,28.8,423.4,129.0,1,1,0.9431
651,18,732.8,1.0,213.27,104.53,1,1,0.8562
651,25,132.27,205.87,232.46,120.46,1,1,0.4992
651,26,552.53,121.6,165.27,93.8,1,1,0.8133
651,27,696.53,86.4,110.87,60.73,1,1,0.9194
651,28,922.67,65.07,38.33,39.4,1,1,0.8592
651,29,932.27,97.07,28.73,41.53,1,1,0.9804
651,41,1.0,57.6,144.53,58.07,1,1,1.0
651,42,156.8,49.07,132.73,52.2,1,1,0.0358
651,43,308.8,31.47,105.0,55.93,1,1,0.0137
651,44,445.33,33.6,99.14,47.4,1,1,0.0
652,8,322.35,27.73,424.25,132.42,1,1,0.9318
652,18,732.8,1.0,213.27,104.53,1,1,0.8987
652,25,106.88,211.41,230.55,123.46,1,1,0.4942
652,26,530.56,124.16,171.24,96.57,1,1,0.7934
652,27,684.8,87.47,113.21,62.01,1,1,1.0
652,28,916.48,65.49,44.52,40.04,1,1,0.8196
652,29,923.95,96.85,37.05,44.1,1,1,0.9424
652,41,1.0,57.56,144.54,58.1,1,1,1.0
652,42,156.82,49.09,132.55,52.28,1,1,0.0359
652,43,308.79,31.44,104.97,55.96,1,1,0.0136
652,44,445.51,33.57,98.95,47.39,1,1,0.0
653,8,320.43,26.67,425.1,135.82,1,1,0.9206
653,18,732.8,1.0,213.27,104.53,1,1,0.8914
653,25,81.49,216.96,228.63,126.44,1,1,0.4871
653,26,508.59,126.72,177.21,99.35,1,1,0.7612
653,27,673.07,88.53,115.56,63.3,1,1,1.0
653,28,910.29,65.92,50.71,40.68,1,1,0.7809
653,29,915.63,96.64,45.37,46.65,1,1,0.9107
653,41,1.0,57.52,144.55,58.14,1,1,1.0
653,42,156.84,49.11,132.37,52.37,1,1,0.0363
653,43,308.78,31.4,104.93,56.0,1,1,0.0134
653,44,445.7,33.54,98.75,47.38,1,1,0.0
654,8,318.51,25.6,425.96,139.24,1,1,0.9095
654,18,732.8,1.0,213.27,104.53,1,1,0.8844
654,25,56.11,222.51,226.7,129.42,1,1,0.4751
654,26,486.61,129.28,183.19,102.12,1,1,0.765
654,27,661.33,89.6,117.91,64.57,1,1,1.0
654,28,904.11,66.35,56.89,41.32,1,1,0.7432
654,29,907.31,96.43,53.69,49.21,1,1,0.874
654,41,1.0,57.47,144.57,58.16,1,1,1.0
654,42,156.86,49.13,132.19,52.46,1,1,0.0366
654,43,308.77,31.37,104.9,56.03,1,1,0.0132
654,44,445.88,33.5,98.55,47.37,1,1,0.0
655,8,316.59,24.53,426.81,142.66,1,1,0.8986
655,18,732.8,1.0,213.27,104.53,1,1,0.8778
655,25,30.72,228.05,224.79,132.42,1,1,0.469
655,26,464.64,131.84,189.16,104.89,1,1,0.7463
655,27,649.6,90.67,120.25,65.85,1,1,1.0
655,28,897.92,66.77,63.08,41.96,1,1,0.7067
655,29,898.99,96.21,62.01,51.78,1,1,0.7946
655,41,1.0,57.43,144.58,58.19,1,1,1.0
655,42,156.89,49.15,132.0,52.54,1,1,0.0374
655,43,308.76,31.34,104.87,56.06,1,1,0.013
655,44,446.06,33.47,98.36,47.36,1,1,0.0
656,8,314.67,23.47,427.66,146.06,1,1,0.8877
656,18,732.8,1.0,213.27,104.53,1,1,0.8715
656,25,1.0,233.6,227.2,135.4,1,1,0.4727
656,26,442.67,134.4,195.13,107.67,1,1,0.7153
656,27,637.87,91.73,122.6,67.14,1,1,1.0
656,28,891.73,67.2,69.27,42.6,1,1,0.6761
656,29,890.67,96.0,70.33,54.33,1,1,0.7562
656,41,1.0,57.39,144.59,58.22,1,1,1.0
656,42,156.91,49.17,131.82,52.63,1,1,0.0239
656,43,308.75,31.31,104.84,56.09,1,1,0.0011
656,44,446.24,33.44,98.17,47.35,1,1,0.0
657,8,311.89,24.11,428.95,145.85,1,1,0.8758
657,18,732.8,1.0,213.27,104.53,1,1,0.8667
657,25,1.0,239.15,195.84,130.06,1,1,0.498
657,26,419.84,136.53,196.41,109.59,1,1,0.7428
657,27,626.56,93.01,123.88,67.99,1,1,1.0
657,28,884.27,68.05,76.73,43.46,1,1,0.6873
657,29,881.49,97.92,79.51,54.76,1,1,0.7606
657,41,1.0,57.34,144.6,58.26,1,1,1.0
657,42,156.93,49.2,131.64,52.72,1,1,0.0233
657,43,308.74,31.28,104.8,56.12,1,1,0.0006
657,44,446.42,33.41,97.98,47.34,1,1,0.0
658,8,309.12,24.75,430.23,145.64,1,1,0.8637
658,18,732.8,1.0,213.27,104.53,1,1,0.8625
658,25,1.0,244.69,164.48,124.74,1,1,0.5428
658,26,397.01,138.67,197.7,111.5,1,1,0.754
658,27,615.25,94.29,125.16,68.84,1,1,1.0
658,28,876.8,68.91,84.2,44.3,1,1,0.6982
658,29,872.32,99.84,88.68,55.19,1,1,0.7256
658,41,1.0,57.3,144.61,58.29,1,1,1.0
658,42,156.95,49.22,131.46,52.79,1,1,0.0227
658,43,308.73,31.24,104.77,56.16,1,1,0.0001
658,44,446.6,33.38,97.79,47.32,1,1,0.0
659,8,306.35,25.39,431.5,145.42,1,1,0.8596
659,18,732.8,1.0,213.27,104.53,1,1,0.8587
659,25,1.0,250.24,133.12,119.4,1,1,0.5661
659,26,374.19,140.8,198.97,113.43,1,1,0.7787
659,27,603.95,95.57,126.44,69.7,1,1,1.0
659,28,869.33,69.76,78.87,45.16,1,1,0.7086
659,29,863.15,101.76,97.85,55.61,1,1,0.6962
659,41,1.0,57.26,144.62,58.32,1,1,1.0
659,42,156.97,49.24,131.28,52.88,1,1,0.0222
659,43,308.71,31.21,104.75,56.19,1,1,0.0
659,44,446.78,33.34,97.6,47.32,1,1,0.0
660,8,303.57,26.03,432.79,145.21,1,1,0.8566
660,18,732.8,1.0,213.27,104.53,1,1,0.8588
660,25,1.0,255.79,101.76,114.06,1,1,0.6099
660,26,351.36,142.93,200.25,115.35,1,1,0.789
660,27,592.64,96.85,127.72,70.55,1,1,1.0
660,28,861.87,70.61,82.06,46.02,1,1,0.7186
660,29,853.97,103.68,107.03,56.04,1,1,0.7117
660,41,1.0,57.22,144.63,58.35,1,1,1.0
660,42,156.99,49.26,131.1,52.97,1,1,0.0216
660,43,308.7,31.18,104.72,56.22,1,1,0.0
660,44,446.97,33.31,97.4,47.3,1,1,0.0
661,8,300.8,26.67,434.07,145.0,1,1,0.8537
661,18,732.8,1.0,213.27,104.53,1,1,0.8624
661,25,1.0,261.33,70.4,108.74,1,1,0.6493
661,26,328.53,145.07,201.54,117.26,1,1,0.7947
661,27,581.33,98.13,129.0,71.4,1,1,1.0
661,28,854.4,71.47,85.27,46.86,1,1,0.7284
661,29,844.8,105.6,116.2,56.47,1,1,0.6536
661,41,1.0,57.17,144.64,58.39,1,1,1.0
661,42,157.01,49.28,130.92,53.05,1,1,0.021
661,43,308.69,31.15,104.68,56.25,1,1,0.0
661,44,447.15,33.28,97.21,47.29,1,1,0.0
662,8,297.81,27.52,435.78,144.15,1,1,0.8491
662,18,732.8,1.0,213.27,104.53,1,1,0.8722
662,26,297.81,148.27,206.87,118.97,1,1,0.8203
662,27,567.25,99.63,131.56,72.04,1,1,1.0
662,28,847.57,72.11,85.27,47.5,1,1,0.7364
662,29,833.49,107.09,106.6,56.47,1,1,0.6578
662,41,1.0,57.13,144.65,58.42,1,1,1.0
662,42,157.03,49.3,130.74,53.14,1,1,0.0205
662,43,308.68,31.12,104.65,56.28,1,1,0.0
662,44,447.33,33.25,97.02,47.28,1,1,0.0
663,8,294.83,28.37,437.48,143.3,1,1,0.8491
663,18,732.8,1.0,213.27,104.53,1,1,0.8746
663,26,267.09,151.47,212.2,120.68,1,1,0.8293
663,27,553.17,101.12,134.12,72.68,1,1,1.0
663,28,840.75,72.75,85.26,48.14,1,1,0.7445
663,29,822.19,108.59,108.73,56.46,1,1,0.6616
663,41,1.0,57.09,144.66,58.45,1,1,1.0
663,42,157.06,49.32,130.55,53.23,1,1,0.0244
663,43,308.67,31.08,104.62,56.32,1,1,0.0
663,44,447.51,33.22,96.83,47.27,1,1,0.0
664,8,291.84,29.23,439.19,142.44,1,1,0.8491
664,18,732.8,1.0,213.27,104.53,1,1,0.8771
664,26,236.37,154.67,217.54,122.38,1,1,0.8394
664,27,539.09,102.61,136.68,73.32,1,1,1.0
664,28,833.92,73.39,85.27,48.78,1,1,0.7522
664,29,810.88,110.08,110.87,56.47,1,1,0.6751
664,41,1.0,57.04,144.67,58.48,1,1,1.0
664,42,157.08,49.34,130.37,53.31,1,1,0.0227
664,43,308.66,31.05,104.59,56.35,1,1,0.0
664,44,447.69,33.18,96.64,47.26,1,1,0.0
665,8,288.85,30.08,440.9,141.59,1,1,0.8493
665,18,732.8,1.0,213.27,104.53,1,1,0.8795
665,26,205.65,157.87,222.87,124.09,1,1,0.8478
665,27,525.01,104.11,139.24,73.96,1,1,1.0
665,28,827.09,74.03,85.27,49.42,1,1,0.7596
665,29,799.57,111.57,113.0,56.47,1,1,0.6904
665,41,1.0,57.0,144.68,58.52,1,1,1.0
665,42,157.1,49.36,130.19,53.4,1,1,0.0209
665,43,308.65,31.02,104.55,56.38,1,1,0.0
665,44,447.87,33.15,96.45,47.25,1,1,0.0
666,8,285.87,30.93,442.6,140.74,1,1,0.8496
666,18,732.8,1.0,213.27,104.53,1,1,0.882
666,26,174.93,161.07,228.2,125.8,1,1,0.8662
666,27,510.93,105.6,141.8,74.6,1,1,1.0
666,28,820.27,74.67,85.26,50.06,1,1,0.7729
666,29,788.27,113.07,115.13,56.46,1,1,0.7399
666,41,1.0,56.96,144.69,58.55,1,1,1.0
666,42,157.12,49.39,130.01,53.48,1,1,0.018
666,43,308.64,30.99,104.52,56.41,1,1,0.0
666,44,448.05,33.12,96.26,47.24,1,1,0.0
667,8,282.45,30.93,444.31,140.31,1,1,0.8508
667,18,732.8,1.0,213.27,104.53,1,1,0.8832
667,26,141.44,164.69,231.61,127.08,1,1,0.8764
667,27,494.72,107.09,145.0,76.74,1,1,1.0
667,28,811.52,75.73,87.4,50.28,1,1,0.7917
667,29,775.47,114.77,117.48,58.39,1,1,0.7032
667,41,1.0,56.92,144.7,58.58,1,1,1.0
667,42,157.14,49.41,129.83,53.56,1,1,0.0172
667,43,308.63,30.96,104.49,56.44,1,1,0.0
667,44,448.23,33.09,96.07,47.23,1,1,0.0
668,8,279.04,30.93,446.01,139.88,1,1,0.8522
668,18,732.8,1.0,213.27,104.53,1,1,0.8846
668,26,107.95,168.32,235.02,128.36,1,1,0.9027
668,27,478.51,108.59,148.2,78.86,1,1,1.0
668,28,802.77,76.8,89.54,50.49,1,1,0.8094
668,29,762.67,116.48,119.82,60.31,1,1,0.6642
668,41,1.0,56.88,144.71,58.62,1,1,1.0
668,42,157.16,49.43,129.65,53.65,1,1,0.0178
668,43,308.62,30.92,104.45,56.48,1,1,0.0002
668,44,448.42,33.06,95.87,47.22,1,1,0.0
669,8,275.63,30.93,447.72,139.46,1,1,0.8538
669,18,732.8,1.0,213.27,104.53,1,1,0.8863
669,26,74.45,171.95,238.44,129.64,1,1,0.9205
669,27,462.29,110.08,151.4,81.0,1,1,1.0
669,28,794.03,77.87,91.66,50.7,1,1,0.8258
669,29,749.87,118.19,122.17,62.22,1,1,0.6338
669,41,1.0,56.83,144.73,58.64,1,1,1.0
669,42,157.18,49.45,129.47,53.74,1,1,0.0188
669,43,308.61,30.89,104.42,56.51,1,1,0.0007
669,44,448.6,33.02,95.67,47.21,1,1,0.0
670,8,272.21,30.93,449.43,139.03,1,1,0.8555
670,18,732.8,1.0,213.27,104.53,1,1,0.8881
670,26,40.96,175.57,241.85,130.92,1,1,0.9256
670,27,446.08,111.57,154.6,83.14,1,1,1.0
670,28,785.28,78.93,93.8,50.92,1,1,0.8409
670,29,737.07,119.89,124.52,64.15,1,1,0.6056
670,41,1.0,56.79,144.74,58.67,1,1,1.0
670,42,157.21,49.47,129.28,53.82,1,1,0.0195
670,43,308.6,30.86,104.39,56.54,1,1,0.0013
670,44,448.78,32.99,95.48,47.2,1,1,0.0
671,8,268.8,30.93,451.13,138.6,1,1,0.8575
671,18,732.8,1.0,213.27,104.53,1,1,0.8901
671,26,1.0,179.2,251.73,132.2,1,1,0.9415
671,27,429.87,113.07,157.8,85.26,1,1,1.0
671,28,776.53,80.0,95.94,51.13,1,1,0.8551
671,29,724.27,121.6,126.86,66.07,1,1,0.6102
671,41,1.0,56.75,144.75,58.7,1,1,1.0
671,42,157.23,49.49,129.1,53.91,1,1,0.0204
671,43,308.59,30.83,104.36,56.57,1,1,0.0019
671,44,448.96,32.96,95.29,47.19,1,1,0.0
672,8,265.17,30.93,452.42,139.24,1,1,0.8582
672,18,732.8,1.0,213.27,104.53,1,1,0.8919
672,26,1.0,181.97,217.6,130.5,1,1,0.965
672,27,411.31,114.77,161.21,86.34,1,1,1.0
672,28,767.57,80.85,97.64,52.63,1,1,1.0
672,29,709.55,123.95,129.42,67.56,1,1,0.6079
672,41,1.0,56.7,144.76,58.74,1,1,1.0
672,42,157.25,49.52,128.92,54.0,1,1,0.0211
672,43,308.58,30.8,104.32,56.6,1,1,0.0024
672,44,449.14,32.93,95.1,47.18,1,1,0.0
673,8,261.55,30.93,453.69,139.88,1,1,0.8591
673,18,732.8,1.0,213.27,104.53,1,1,0.8938
673,26,1.0,184.75,183.47,128.78,1,1,0.9898
673,27,392.75,116.48,164.62,87.4,1,1,1.0
673,28,758.61,81.71,99.35,54.12,1,1,1.0
673,29,694.83,126.29,131.98,69.06,1,1,0.5838
673,41,1.0,56.66,144.77,58.77,1,1,1.0
673,42,157.27,49.54,128.74,54.07,1,1,0.0216
673,43,308.57,30.76,104.29,56.64,1,1,0.003
673,44,449.32,32.9,94.91,47.16,1,1,0.0
674,8,257.92,30.93,454.97,140.52,1,1,0.86
674,18,732.8,1.0,213.27,104.53,1,1,0.8959
674,26,1.0,187.52,149.33,127.08,1,1,0.9989
674,27,374.19,118.19,168.04,88.46,1,1,1.0
674,28,749.65,82.56,101.06,55.61,1,1,1.0
674,29,680.11,128.64,134.54,70.55,1,1,0.5606
674,41,1.0,56.62,144.78,58.8,1,1,1.0
674,42,157.29,49.56,128.56,54.16,1,1,0.0222
674,43,308.55,30.73,104.27,56.67,1,1,0.0
674,44,449.5,32.86,94.72,47.16,1,1,0.0
675,8,254.29,30.93,456.26,141.16,1,1,0.861
675,18,732.8,1.0,213.27,104.53,1,1,0.8981
675,26,1.0,190.29,115.2,125.38,1,1,1.0
675,27,355.63,119.89,171.45,89.54,1,1,1.0
675,28,740.69,83.41,102.76,57.11,1,1,1.0
675,29,665.39,130.99,137.1,72.04,1,1,0.5716
675,41,1.0,56.58,144.79,58.83,1,1,1.0
675,42,157.31,49.58,128.38,54.25,1,1,0.0112
675,43,308.54,30.7,104.24,56.7,1,1,0.0
675,44,449.69,32.83,94.52,47.14,1,1,0.0
676,8,250.67,30.93,457.53,141.8,1,1,0.8622
676,18,732.8,1.0,213.27,104.53,1,1,0.9014
676,26,1.0,193.07,81.07,123.66,1,1,1.0
676,27,337.07,121.6,174.86,90.6,1,1,1.0
676,28,731.73,84.27,104.47,58.6,1,1,1.0
676,29,650.67,133.33,139.66,73.54,1,1,0.553
676,41,1.0,56.53,144.8,58.87,1,1,1.0
676,42,157.33,49.6,128.2,54.33,1,1,0.0105
676,43,308.53,30.67,104.2,56.73,1,1,0.0
676,44,449.87,32.8,94.33,47.13,1,1,0.0
677,8,246.83,30.93,459.66,140.52,1,1,0.8701
677,18,732.8,1.0,213.27,104.53,1,1,0.9131
677,27,317.44,124.16,177.43,91.67,1,1,1.0
677,28,721.71,85.12,105.96,59.24,1,1,1.0
677,29,633.6,135.68,143.29,75.03,1,1,0.5387
677,41,1.0,56.49,144.81,58.9,1,1,1.0
677,42,157.35,49.62,128.02,54.42,1,1,0.0099
677,43,308.52,30.64,104.17,56.76,1,1,0.0
677,44,450.05,32.77,94.14,47.12,1,1,0.0
678,8,242.99,30.93,461.8,139.24,1,1,0.8784
678,18,732.8,1.0,213.27,104.53,1,1,0.9243
678,27,297.81,126.72,179.99,92.73,1,1,1.0
678,28,711.68,85.97,107.45,59.88,1,1,1.0
678,29,616.53,138.03,146.92,76.52,1,1,0.5499
678,41,1.0,56.45,144.82,58.93,1,1,1.0
678,42,157.38,49.64,127.83,54.51,1,1,0.0092
678,43,308.51,30.6,104.14,56.8,1,1,0.0
678,44,450.23,32.74,93.95,47.11,1,1,0.0
679,8,239.15,30.93,463.93,137.96,1,1,0.8857
679,18,732.8,1.0,213.27,104.53,1,1,0.9347
679,27,278.19,129.28,182.54,93.8,1,1,1.0
679,28,701.65,86.83,108.95,60.52,1,1,1.0
679,29,599.47,140.37,150.54,78.02,1,1,0.5352
679,41,1.0,56.4,144.83,58.96,1,1,1.0
679,42,157.4,49.66,127.65,54.59,1,1,0.0086
679,43,308.5,30.57,104.11,56.83,1,1,0.0
679,44,450.41,32.7,93.76,47.1,1,1,0.0
680,8,235.31,30.93,466.06,136.68,1,1,0.8867
680,18,732.8,1.0,213.27,104.53,1,1,0.9445
680,27,258.56,131.84,185.11,94.87,1,1,1.0
680,28,691.63,87.68,110.44,61.16,1,1,1.0
680,29,582.4,142.72,154.17,79.51,1,1,0.5443
680,41,1.0,56.36,144.84,59.0,1,1,1.0
680,42,157.42,49.68,127.47,54.68,1,1,0.008
680,43,308.49,30.54,104.07,56.86,1,1,0.0
680,44,450.59,32.67,93.57,47.09,1,1,0.0
681,8,231.47,30.93,468.2,135.4,1,1,0.8879
681,18,732.8,1.0,213.27,104.53,1,1,0.9537
681,27,238.93,134.4,187.67,95.93,1,1,1.0
681,28,681.6,88.53,111.93,61.8,1,1,1.0
681,29,565.33,145.07,157.8,81.0,1,1,0.5324
681,41,1.0,56.32,144.85,59.03,1,1,1.0
681,42,157.44,49.71,127.29,54.76,1,1,0.0075
681,43,308.48,30.51,104.04,56.89,1,1,0.0
681,44,450.77,32.64,93.38,47.08,1,1,0.0
682,8,227.41,30.93,470.12,136.68,1,1,0.8853
682,18,732.8,1.0,213.27,104.53,1,1,1.0
682,27,217.17,136.32,191.08,99.35,1,1,1.0
682,28,670.29,89.39,113.64,62.86,1,1,1.0
682,29,544.43,147.84,162.7,83.35,1,1,0.5325
682,41,1.0,56.28,144.86,59.06,1,1,1.0
682,42,157.46,49.73,127.11,54.84,1,1,0.007
682,43,308.47,30.48,104.01,56.92,1,1,0.0
682,44,450.95,32.61,93.19,47.07,1,1,0.0
683,8,223.36,30.93,472.04,137.96,1,1,0.8859
683,18,732.8,1.0,213.27,104.53,1,1,1.0
683,27,195.41,138.24,194.5,102.76,1,1,1.0
683,28,658.99,90.24,115.34,63.93,1,1,1.0
683,29,523.52,150.61,167.61,85.7,1,1,0.5314
683,41,1.0,56.24,144.87,59.1,1,1,1.0
683,42,157.48,49.75,126.93,54.93,1,1,0.0064
683,43,308.46,30.44,103.97,56.96,1,1,0.0
683,44,451.14,32.58,92.99,47.06,1,1,0.0
684,8,219.31,30.93,473.96,139.24,1,1,0.8859
684,18,732.8,1.0,213.27,104.53,1,1,1.0
684,27,173.65,140.16,197.91,106.17,1,1,1.0
684,28,647.68,91.09,117.05,65.0,1,1,1.0
684,29,502.61,153.39,172.52,88.04,1,1,0.512
684,41,1.0,56.19,144.89,59.12,1,1,1.0
684,42,157.5,49.77,126.75,55.02,1,1,0.006
684,43,308.45,30.41,103.94,56.99,1,1,0.0
684,44,451.32,32.54,92.79,47.05,1,1,0.0
685,8,215.25,30.93,475.88,140.52,1,1,0.8853
685,18,732.8,1.0,213.27,104.53,1,1,1.0
685,27,151.89,142.08,201.32,109.59,1,1,1.0
685,28,636.37,91.95,118.76,66.06,1,1,1.0
685,29,481.71,156.16,177.42,90.39,1,1,0.5083
685,41,1.0,56.15,144.9,59.15,1,1,1.0
685,42,157.53,49.79,126.56,55.1,1,1,0.0054
685,43,308.44,30.38,103.91,57.02,1,1,0.0
685,44,451.5,32.51,92.6,47.04,1,1,0.0
686,8,211.2,30.93,477.8,141.8,1,1,0.8842
686,18,732.8,1.0,213.27,104.53,1,1,1.0
686,27,130.13,144.0,204.74,113.0,1,1,1.0
686,28,625.07,92.8,120.46,67.13,1,1,1.0
686,29,460.8,158.93,182.33,92.74,1,1,0.5183
686,41,1.0,56.11,144.91,59.18,1,1,1.0
686,42,157.55,49.81,126.38,55.19,1,1,0.005
686,43,308.43,30.35,103.88,57.05,1,1,0.0
686,44,451.68,32.48,92.41,47.03,1,1,0.0
687,8,206.51,31.36,480.57,143.29,1,1,0.9268
687,18,732.8,1.0,213.27,104.53,1,1,1.0
687,27,104.96,146.56,209.0,114.92,1,1,1.0
687,28,612.69,94.72,122.39,67.77,1,1,1.0
687,29,436.48,162.56,185.75,94.44,1,1,0.5023
687,41,1.0,56.06,144.92,59.22,1,1,1.0
687,42,157.57,49.84,126.2,55.28,1,1,0.0053
687,43,308.42,30.32,103.84,57.08,1,1,0.0
687,44,451.86,32.45,92.22,47.02,1,1,0.0
688,8,201.81,31.79,483.35,144.78,1,1,0.9171
688,18,732.8,1.0,213.27,104.53,1,1,1.0
688,27,79.79,149.12,213.26,116.84,1,1,1.0
688,28,600.32,96.64,124.31,68.41,1,1,1.0
688,29,412.16,166.19,189.16,96.14,1,1,0.4981
688,41,1.0,56.02,144.93,59.25,1,1,1.0
688,42,157.59,49.86,126.02,55.35,1,1,0.0055
688,43,308.41,30.28,103.81,57.12,1,1,0.0
688,44,452.04,32.42,92.03,47.0,1,1,0.0
689,8,197.12,32.21,486.12,146.28,1,1,0.9075
689,18,732.8,1.0,213.27,104.53,1,1,1.0
689,27,54.61,151.68,217.54,118.76,1,1,1.0
689,28,587.95,98.56,126.22,69.05,1,1,1.0
689,29,387.84,169.81,192.57,97.86,1,1,0.4997
689,41,1.0,55.98,144.94,59.28,1,1,1.0
689,42,157.61,49.88,125.84,55.44,1,1,0.0056
689,43,308.39,30.25,103.79,57.15,1,1,0.0
689,44,452.22,32.38,91.84,47.0,1,1,0.0
690,8,192.43,32.64,488.89,147.77,1,1,0.898
690,18,732.8,1.0,213.27,104.53,1,1,1.0
690,27,29.44,154.24,221.8,120.68,1,1,1.0
690,28,575.57,100.48,128.15,69.69,1,1,1.0
690,29,363.52,173.44,195.99,99.56,1,1,0.5103
690,41,1.0,55.94,144.95,59.31,1,1,1.0
690,42,157.63,49.9,125.66,55.53,1,1,0.0056
690,43,308.38,30.22,103.76,57.18,1,1,0.0
690,44,452.41,32.35,91.64,46.98,1,1,0.0
691,8,187.73,33.07,491.67,149.26,1,1,0.8886
691,18,732.8,1.0,213.27,104.53,1,1,1.0
691,27,1.0,156.8,229.33,122.6,1,1,1.0
691,28,563.2,102.4,130.07,70.33,1,1,1.0
691,29,339.2,177.07,199.4,101.26,1,1,0.505
691,30,930.13,88.53,30.87,41.54,1,1,1.0
691,41,1.0,55.89,144.96,59.35,1,1,1.0
691,42,157.65,49.92,125.48,55.61,1,1,0.0054
691,43,308.37,30.19,103.72,57.21,1,1,0.0
691,44,452.59,32.32,91.45,46.97,1,1,0.0
692,8,182.83,33.49,493.58,150.34,1,1,0.8755
692,18,732.8,1.0,213.27,104.53,1,1,1.0
692,27,1.0,159.79,205.44,119.18,1,1,1.0
692,28,548.91,103.47,132.84,72.46,1,1,1.0
692,29,309.33,181.76,204.95,104.68,1,1,0.4816
692,30,923.09,88.32,37.91,43.67,1,1,1.0
692,41,1.0,55.85,144.97,59.38,1,1,1.0
692,42,157.67,49.94,125.3,55.7,1,1,0.0051
692,43,308.36,30.16,103.69,57.24,1,1,0.0
692,44,452.77,32.29,91.26,46.96,1,1,0.0003
693,8,177.92,33.92,495.51,151.4,1,1,0.8651
693,18,732.8,1.0,213.27,104.53,1,1,1.0
693,27,1.0,162.77,181.55,115.78,1,1,1.0
693,28,534.61,104.53,135.62,74.6,1,1,1.0
693,29,279.47,186.45,210.49,108.1,1,1,0.4782
693,30,916.05,88.11,44.95,45.8,1,1,1.0
693,41,1.0,55.81,144.98,59.41,1,1,1.0
693,42,157.7,49.96,125.11,55.79,1,1,0.0046
693,43,308.35,30.12,103.66,57.28,1,1,0.0
693,44,452.95,32.26,91.07,46.95,1,1,0.0004
694,8,173.01,34.35,497.43,152.46,1,1,0.86
694,18,732.8,1.0,213.27,104.53,1,1,1.0
694,27,1.0,165.76,157.65,112.36,1,1,1.0
694,28,520.32,105.6,138.39,76.73,1,1,1.0
694,29,249.6,191.15,216.04,111.5,1,1,0.4765
694,30,909.01,87.89,51.99,47.94,1,1,1.0
694,41,1.0,55.76,144.99,59.44,1,1,1.0
694,42,157.72,49.98,124.93,55.87,1,1,0.0023
694,43,308.34,30.09,103.63,57.31,1,1,0.0
694,44,453.13,32.22,90.88,46.94,1,1,0.0004
695,8,168.11,34.77,499.34,153.54,1,1,0.8548
695,18,732.8,1.0,213.27,104.53,1,1,1.0
695,27,1.0,168.75,133.76,108.94,1,1,1.0
695,28,506.03,106.67,141.16,78.86,1,1,1.0
695,29,219.73,195.84,221.59,114.92,1,1,0.4553
695,30,901.97,87.68,59.03,50.07,1,1,0.9997
695,41,1.0,55.72,145.0,59.48,1,1,1.0
695,42,157.74,50.0,124.75,55.96,1,1,0.0021
695,43,308.33,30.06,103.59,57.34,1,1,0.0
695,44,453.31,32.19,90.69,46.93,1,1,0.0004
696,8,163.2,35.2,501.27,154.6,1,1,0.8496
696,18,732.8,1.0,213.27,104.53,1,1,1.0
696,27,1.0,171.73,109.87,105.54,1,1,1.0
696,28,491.73,107.73,143.94,81.0,1,1,1.0
696,29,189.87,200.53,227.13,118.34,1,1,0.4521
696,30,894.93,87.47,66.07,52.2,1,1,0.9922
696,41,1.0,55.68,145.01,59.51,1,1,1.0
696,42,157.76,50.03,124.57,56.04,1,1,0.0019
696,43,308.32,30.03,103.56,57.37,1,1,0.0
696,44,453.49,32.16,90.5,46.92,1,1,0.0004
697,8,158.51,34.77,503.61,155.88,1,1,0.8478
697,18,730.88,1.0,215.19,105.17,1,1,1.0
697,28,474.67,109.23,146.7,81.85,1,1,1.0
697,29,154.03,205.01,234.6,121.11,1,1,0.4541
697,30,886.61,88.32,74.39,52.84,1,1,0.9758
697,41,1.0,55.64,145.02,59.54,1,1,1.0
697,42,157.78,50.05,124.39,56.12,1,1,0.0018
697,43,308.31,30.0,103.53,57.4,1,1,0.0001
697,44,453.67,32.13,90.31,46.91,1,1,0.0002
698,8,153.81,34.35,505.96,157.16,1,1,0.8481
698,18,728.96,1.0,217.11,105.81,1,1,1.0
698,28,457.6,110.72,149.48,82.71,1,1,1.0
698,29,118.19,209.49,242.06,123.88,1,1,0.4592
698,30,878.29,89.17,82.71,53.48,1,1,0.9594
698,41,1.0,55.6,145.03,59.58,1,1,1.0
698,42,157.8,50.07,124.21,56.21,1,1,0.0
698,43,308.3,29.96,103.49,57.44,1,1,0.0006
698,44,453.86,32.1,90.11,46.9,1,1,0.0001
699,8,149.12,33.92,508.31,158.44,1,1,0.8485
699,18,727.04,1.0,219.03,106.45,1,1,1.0
699,28,440.53,112.21,152.26,83.56,1,1,1.0
699,29,82.35,213.97,249.53,126.66,1,1,0.4582
699,30,869.97,90.03,91.03,54.12,1,1,0.9563
699,41,1.0,55.55,145.05,59.6,1,1,1.0
699,42,157.82,50.09,124.03,56.3,1,1,0.0
699,43,308.29,29.93,103.46,57.47,1,1,0.0012
699,44,454.04,32.06,89.91,46.89,1,1,0.0
700,8,144.43,33.49,510.65,159.72,1,1,0.8489
700,18,725.12,1.0,220.95,107.09,1,1,1.0
700,28,423.47,113.71,155.02,84.41,1,1,1.0
700,29,46.51,218.45,257.0,129.43,1,1,0.4612
700,30,861.65,90.88,99.35,54.76,1,1,0.9575
700,41,1.0,55.51,145.06,59.63,1,1,0.9888
700,42,157.85,50.11,123.84,56.38,1,1,0.0
700,43,308.28,29.9,103.43,57.5,1,1,0.0022
700,44,454.22,32.03,89.72,46.88,1,1,0.0
701,8,139.73,33.07,513.0,161.0,1,1,0.8493
701,18,723.2,1.0,222.87,107.73,1,1,1.0
701,28,406.4,115.2,157.8,85.27,1,1,1.0
701,29,1.0,222.93,274.13,132.2,1,1,0.4808
701,30,853.33,91.73,107.67,55.4,1,1,0.9381
701,41,1.0,55.47,145.07,59.66,1,1,0.9563
701,42,157.87,50.13,123.66,56.47,1,1,0.0
701,43,308.27,29.87,103.4,57.53,1,1,0.0027
701,44,454.4,32.0,89.53,46.87,1,1,0.0
702,8,135.04,33.71,514.92,161.64,1,1,0.8485
702,18,723.2,1.0,222.87,107.73,1,1,1.0
702,28,387.84,117.33,161.64,86.76,1,1,1.0
702,29,1.0,228.27,238.29,129.42,1,1,0.5173
702,30,844.8,92.37,102.76,55.62,1,1,0.9427
702,41,1.0,55.48,145.06,59.6,1,1,0.924
702,42,157.85,50.0,123.83,56.48,1,1,0.0
702,43,308.25,29.87,103.42,57.48,1,1,0.0027
702,44,454.07,31.92,89.68,46.9,1,1,0.0018
703,8,130.35,34.35,516.84,162.28,1,1,0.8478
703,18,723.2,1.0,222.87,107.73,1,1,1.0
703,28,369.28,119.47,165.48,88.25,1,1,1.0
703,29,1.0,233.6,202.45,126.65,1,1,0.5418
703,30,836.27,93.01,104.25,55.83,1,1,0.9594
703,41,1.0,55.49,145.05,59.54,1,1,0.8918
703,42,157.82,49.88,124.01,56.49,1,1,0.0
703,43,308.22,29.87,103.45,57.43,1,1,0.0028
703,44,453.74,31.83,89.83,46.93,1,1,0.0041
704,8,125.65,34.99,518.76,162.92,1,1,0.8471
704,18,723.2,1.0,222.87,107.73,1,1,1.0
704,28,350.72,121.6,169.32,89.75,1,1,1.0
704,29,1.0,238.93,166.61,123.88,1,1,0.5778
704,30,827.73,93.65,105.75,56.04,1,1,0.9772
704,41,1.0,55.5,145.03,59.47,1,1,0.8595
704,42,157.8,49.75,124.18,56.5,1,1,0.0
704,43,308.2,29.87,103.47,57.37,1,1,0.0029
704,44,453.41,31.74,89.98,46.96,1,1,0.0061
705,8,120.96,35.63,520.68,163.56,1,1,0.8466
705,18,723.2,1.0,222.87,107.73,1,1,1.0
705,28,332.16,123.73,173.16,91.24,1,1,1.0
705,29,1.0,244.27,130.77,121.1,1,1,0.6108
705,30,819.2,94.29,107.24,56.26,1,1,0.967
705,41,1.0,55.51,145.02,59.41,1,1,0.8272
705,42,157.78,49.62,124.35,56.51,1,1,0.0
705,43,308.18,29.87,103.49,57.32,1,1,0.003
705,44,453.08,31.66,90.13,46.99,1,1,0.0082
706,8,116.27,36.27,522.6,164.2,1,1,0.8461
706,18,723.2,1.0,222.87,107.73,1,1,1.0
706,28,313.6,125.87,177.0,92.73,1,1,1.0
706,29,1.0,249.6,94.93,118.33,1,1,0.6323
706,30,810.67,94.93,108.73,56.47,1,1,0.9813
706,41,1.0,55.52,145.01,59.35,1,1,0.7949
706,42,157.76,49.49,124.52,56.52,1,1,0.0
706,43,308.16,29.87,103.51,57.27,1,1,0.003
706,44,452.75,31.57,90.28,47.03,1,1,0.0091
707,8,110.93,35.63,524.95,164.62,1,1,0.8496
707,18,723.2,1.0,222.87,107.73,1,1,1.0
707,28,293.12,128.21,180.41,94.44,1,1,1.0
707,30,800.64,96.0,110.44,57.32,1,1,0.9803
707,41,1.0,55.53,145.0,59.28,1,1,0.7581
707,42,157.74,49.36,124.69,56.54,1,1,0.0
707,43,308.14,29.87,103.53,57.21,1,1,0.003
707,44,452.42,31.49,90.43,47.06,1,1,0.0109
708,8,105.6,34.99,527.29,165.05,1,1,0.8532
708,18,723.2,1.0,222.87,107.73,1,1,1.0
708,28,272.64,130.56,183.83,96.15,1,1,1.0
708,30,790.61,97.07,112.15,58.17,1,1,0.981
708,41,1.0,55.54,144.99,59.22,1,1,0.7214
708,42,157.72,49.24,124.86,56.54,1,1,0.0
708,43,308.12,29.87,103.55,57.16,1,1,0.0029
708,44,452.09,31.4,90.57,47.09,1,1,0.0127
709,8,100.27,34.35,529.64,165.48,1,1,0.857
709,18,723.2,1.0,222.87,107.73,1,1,1.0
709,28,252.16,132.91,187.24,97.85,1,1,1.0
709,30,780.59,98.13,113.85,59.03,1,1,0.9803
709,41,1.0,55.55,144.98,59.16,1,1,0.6847
709,42,157.7,49.11,125.03,56.55,1,1,0.0
709,43,308.1,29.87,103.57,57.11,1,1,0.0028
709,44,451.75,31.32,90.73,47.12,1,1,0.0146
710,8,94.93,33.71,531.99,165.9,1,1,0.861
710,18,723.2,1.0,222.87,107.73,1,1,1.0
710,28,231.68,135.25,190.65,99.56,1,1,1.0
710,30,770.56,99.2,115.56,59.88,1,1,0.9716
710,41,1.0,55.56,144.97,59.09,1,1,0.6479
710,42,157.67,48.98,125.21,56.56,1,1,0.0
710,43,308.07,29.87,103.6,57.05,1,1,0.0028
710,44,451.42,31.23,90.88,47.16,1,1,0.0165
711,8,89.6,33.07,534.33,166.33,1,1,0.8651
711,18,723.2,1.0,222.87,107.73,1,1,1.0
711,28,211.2,137.6,194.07,101.27,1,1,1.0
711,30,760.53,100.27,117.27,60.73,1,1,0.9727
711,41,1.0,55.57,144.96,59.03,1,1,0.6112
711,42,157.65,48.85,125.38,56.58,1,1,0.0
711,43,308.05,29.87,103.62,57.0,1,1,0.0027
711,44,451.09,31.15,91.03,47.19,1,1,0.0183
712,8,82.99,32.64,537.74,168.68,1,1,0.8678
712,18,723.2,1.0,222.87,107.73,1,1,1.0
712,28,187.31,140.59,197.48,103.4,1,1,1.0
712,30,749.01,101.33,119.4,61.8,1,1,0.973
712,41,1.0,55.58,144.95,58.97,1,1,0.5656
712,42,157.63,48.72,125.55,56.58,1,1,0.0
712,43,308.03,29.87,103.64,56.95,1,1,0.0026
712,44,450.76,31.06,91.18,47.22,1,1,0.0201
713,8,76.37,32.21,541.16,171.03,1,1,0.8705
713,18,723.2,1.0,222.87,107.73,1,1,1.0
713,28,163.41,143.57,200.9,105.54,1,1,1.0
713,30,737.49,102.4,121.54,62.87,1,1,0.9734
713,41,1.0,55.6,144.94,58.9,1,1,0.52
713,42,157.61,48.6,125.72,56.59,1,1,0.0
713,43,308.01,29.87,103.66,56.89,1,1,0.0026
713,44,450.43,30.98,91.33,47.25,1,1,0.0217
714,8,69.76,31.79,544.57,173.37,1,1,0.8732
714,18,723.2,1.0,222.87,107.73,1,1,1.0
714,28,139.52,146.56,204.31,107.67,1,1,1.0
714,30,725.97,103.47,123.67,63.93,1,1,0.9829
714,41,1.0,55.6,144.93,58.84,1,1,0.4744
714,42,157.59,48.47,125.88,56.6,1,1,0.0
714,43,307.99,29.87,103.68,56.84,1,1,0.0025
714,44,450.1,30.89,91.48,47.28,1,1,0.019
715,8,63.15,31.36,547.98,175.72,1,1,0.8759
715,18,723.2,1.0,222.87,107.73,1,1,1.0
715,28,115.63,149.55,207.72,109.8,1,1,1.0
715,30,714.45,104.53,125.8,65.0,1,1,0.9758
715,41,1.0,55.62,144.92,58.77,1,1,0.4288
715,42,157.57,48.34,126.05,56.62,1,1,0.0
715,43,307.97,29.87,103.7,56.79,1,1,0.0025
715,44,449.77,30.8,91.62,47.32,1,1,0.0117
716,8,56.53,30.93,551.4,178.07,1,1,0.8786
716,18,723.2,1.0,222.87,107.73,1,1,1.0
716,28,91.73,152.53,211.14,111.94,1,1,1.0
716,30,702.93,105.6,127.94,66.07,1,1,0.9761
716,41,1.0,55.63,144.91,58.7,1,1,0.3832
716,42,157.55,48.21,126.22,56.63,1,1,0.0
716,43,307.95,29.87,103.72,56.73,1,1,0.0025
716,44,449.44,30.72,91.77,47.35,1,1,0.0
717,8,48.64,31.36,556.09,172.09,1,1,0.8978
717,18,723.2,1.0,222.87,107.73,1,1,1.0
717,28,74.67,155.95,205.8,113.21,1,1,1.0
717,30,689.92,107.31,130.28,65.85,1,1,0.9847
717,41,1.0,55.64,144.9,58.64,1,1,0.3288
717,42,157.53,48.08,126.39,56.64,1,1,0.0
717,43,307.93,29.87,103.74,56.68,1,1,0.0025
717,44,449.11,30.64,91.92,47.38,1,1,0.0002
718,8,40.75,31.79,560.78,166.12,1,1,0.917
718,18,723.2,1.0,222.87,107.73,1,1,1.0
718,28,57.6,159.36,200.47,114.49,1,1,1.0
718,30,676.91,109.01,132.62,65.64,1,1,0.9866
718,41,1.0,55.65,144.89,58.58,1,1,0.2743
718,42,157.5,47.96,126.57,56.65,1,1,0.0
718,43,307.9,29.87,103.77,56.63,1,1,0.0026
718,44,448.78,30.55,92.07,47.41,1,1,0.0003
719,8,32.85,32.21,565.48,160.15,1,1,0.9362
719,18,723.2,1.0,222.87,107.73,1,1,1.0
719,28,40.53,162.77,195.14,115.78,1,1,1.0
719,30,663.89,110.72,134.98,65.43,1,1,0.9883
719,41,1.0,55.66,144.87,58.51,1,1,0.2199
719,42,157.48,47.83,126.74,56.66,1,1,0.0
719,43,307.88,29.87,103.79,56.57,1,1,0.0026
719,44,448.45,30.46,92.22,47.44,1,1,0.0
720,8,24.96,32.64,570.17,154.17,1,1,0.9558
720,18,723.2,1.0,222.87,107.73,1,1,1.0
720,28,23.47,166.19,189.8,117.05,1,1,1.0
720,30,650.88,112.43,137.32,65.21,1,1,0.9952
720,41,1.0,55.67,144.86,58.45,1,1,0.1654
720,42,157.46,47.7,126.91,56.67,1,1,0.0
720,43,307.86,29.87,103.81,56.52,1,1,0.0027
720,44,448.12,30.38,92.37,47.47,1,1,0.0
721,8,17.07,33.07,574.86,148.2,1,1,0.9762
721,18,723.2,1.0,222.87,107.73,1,1,1.0
721,28,1.0,169.6,189.87,118.33,1,1,1.0
721,30,637.87,114.13,139.66,65.0,1,1,0.9964
721,41,1.0,55.68,144.85,58.39,1,1,0.1109
721,42,157.44,47.57,127.08,56.68,1,1,0.0
721,43,307.84,29.87,103.83,56.47,1,1,0.0028
721,44,447.79,30.29,92.52,47.51,1,1,0.0001
722,8,14.08,33.28,573.59,156.09,1,1,0.971
722,18,723.2,1.0,222.87,107.73,1,1,1.0
722,28,1.0,172.16,164.05,115.35,1,1,1.0
722,30,623.15,115.84,142.44,65.85,1,1,0.9952
722,41,1.0,55.69,144.84,58.32,1,1,0.0903
722,42,157.42,47.44,127.25,56.7,1,1,0.0
722,43,307.82,29.87,103.85,56.41,1,1,0.0028
722,44,447.46,30.21,92.67,47.54,1,1,0.0004
723,8,1.0,33.49,582.4,163.99,1,1,0.9671
723,18,723.2,1.0,222.87,107.73,1,1,1.0
723,28,1.0,174.72,138.24,112.36,1,1,1.0
723,30,608.43,117.55,145.21,66.7,1,1,0.9899
723,41,1.0,55.7,144.83,58.26,1,1,0.0
723,42,157.4,47.32,127.42,56.7,1,1,0.0
723,43,307.8,29.87,103.87,56.36,1,1,0.0029
723,44,447.13,30.12,92.81,47.57,1,1,0.0007
724,8,1.0,33.71,578.13,171.88,1,1,0.968
724,18,723.2,1.0,222.87,107.73,1,1,1.0
724,28,1.0,177.28,112.43,109.37,1,1,1.0
724,30,593.71,119.25,147.98,67.56,1,1,0.9909
724,41,1.0,55.71,144.82,58.2,1,1,0.0
724,42,157.38,47.19,127.59,56.71,1,1,0.0
724,43,307.78,29.87,103.89,56.31,1,1,0.0029
724,44,446.79,30.04,92.97,47.6,1,1,0.001
725,8,1.0,33.92,573.87,179.77,1,1,0.9716
725,18,723.2,1.0,222.87,107.73,1,1,1.0
725,28,1.0,179.84,86.61,106.39,1,1,1.0
725,30,578.99,120.96,150.76,68.41,1,1,0.9951
725,41,1.0,55.72,144.81,58.13,1,1,0.0
725,42,157.35,47.06,127.77,56.72,1,1,0.0
725,43,307.75,29.87,103.92,56.25,1,1,0.003
725,44,446.46,29.95,93.12,47.64,1,1,0.0015
726,8,1.0,34.13,569.6,187.67,1,1,0.9776
726,18,723.2,1.0,222.87,107.73,1,1,1.0
726,28,1.0,182.4,60.8,103.4,1,1,1.0
726,30,564.27,122.67,153.53,69.26,1,1,0.9912
726,41,1.0,55.73,144.8,58.07,1,1,0.0
726,42,157.33,46.93,127.94,56.74,1,1,0.0
726,43,307.73,29.87,103.94,56.2,1,1,0.003
726,44,446.13,29.87,93.27,47.67,1,1,0.0032
727,8,1.0,34.99,565.76,185.96,1,1,1.0
727,18,723.2,1.0,222.87,107.73,1,1,1.0
727,30,547.84,123.73,156.31,71.4,1,1,0.991
727,41,1.0,55.74,144.79,58.01,1,1,0.0
727,42,157.31,46.8,128.11,56.74,1,1,0.0
727,43,307.71,29.87,103.96,56.15,1,1,0.0032
727,44,445.8,29.78,93.42,47.7,1,1,0.0051
728,8,1.0,35.84,561.92,184.25,1,1,1.0
728,18,723.2,1.0,222.87,107.73,1,1,1.0
728,30,531.41,124.8,159.08,73.53,1,1,0.9909
728,41,1.0,55.76,144.78,57.94,1,1,0.0
728,42,157.29,46.68,128.28,56.75,1,1,0.0
728,43,307.69,29.87,103.98,56.09,1,1,0.0034
728,44,445.47,29.7,93.57,47.73,1,1,0.0071
729,8,1.0,36.69,558.08,182.55,1,1,1.0
729,18,723.2,1.0,222.87,107.73,1,1,1.0
729,30,514.99,125.87,161.85,75.66,1,1,0.9923
729,41,1.0,55.76,144.77,57.88,1,1,0.0
729,42,157.27,46.55,128.44,56.76,1,1,0.0
729,43,307.67,29.87,104.0,56.04,1,1,0.0035
729,44,445.14,29.61,93.72,47.76,1,1,0.0094
730,8,1.0,37.55,554.24,180.84,1,1,1.0
730,18,723.2,1.0,222.87,107.73,1,1,1.0
730,30,498.56,126.93,164.63,77.8,1,1,0.9908
730,41,1.0,55.78,144.76,57.81,1,1,0.0
730,42,157.25,46.42,128.61,56.78,1,1,0.0
730,43,307.65,29.87,104.02,55.99,1,1,0.0037
730,44,444.81,29.52,93.86,47.8,1,1,0.0119
731,8,1.0,38.4,550.4,179.13,1,1,1.0
731,18,723.2,1.0,222.87,107.73,1,1,1.0
731,30,482.13,128.0,167.4,79.93,1,1,0.9871
731,41,1.0,55.79,144.75,57.74,1,1,0.0
731,42,157.23,46.29,128.78,56.79,1,1,0.0
731,43,307.63,29.87,104.04,55.93,1,1,0.0039
731,44,444.48,29.44,94.01,47.83,1,1,0.0117
732,8,1.0,39.04,545.92,180.41,1,1,1.0
732,18,723.2,1.0,222.87,107.73,1,1,1.0
732,30,462.29,131.41,172.1,79.72,1,1,0.9911
732,41,1.0,55.8,144.74,57.68,1,1,0.0
732,42,157.21,46.16,128.95,56.8,1,1,0.0
732,43,307.61,29.87,104.06,55.88,1,1,0.004
732,44,444.15,29.36,94.16,47.86,1,1,0.0135
733,8,1.0,39.68,541.44,181.69,1,1,1.0
733,18,723.2,1.0,222.87,107.73,1,1,1.0
733,30,442.45,134.83,176.79,79.5,1,1,0.9917
733,41,1.0,55.81,144.73,57.62,1,1,0.0
733,42,157.18,46.04,129.13,56.81,1,1,0.0
733,43,307.58,29.87,104.09,55.83,1,1,0.0042
733,44,443.82,29.27,94.31,47.89,1,1,0.0156
734,8,1.0,40.32,536.96,182.97,1,1,1.0
734,18,723.2,1.0,222.87,107.73,1,1,1.0
734,30,422.61,138.24,181.48,79.29,1,1,0.993
734,41,1.0,55.82,144.71,57.55,1,1,0.0
734,42,157.16,45.91,129.3,56.82,1,1,0.0
734,43,307.56,29.87,104.11,55.77,1,1,0.0044
734,44,443.49,29.18,94.46,47.92,1,1,0.0182
735,8,1.0,40.96,532.48,184.25,1,1,1.0
735,18,723.2,1.0,222.87,107.73,1,1,1.0
735,30,402.77,141.65,186.18,79.08,1,1,0.992
735,41,1.0,55.83,144.7,57.49,1,1,0.0
735,42,157.14,45.78,129.47,56.83,1,1,0.0
735,43,307.54,29.87,104.13,55.72,1,1,0.0045
735,44,443.16,29.1,94.61,47.95,1,1,0.0209
736,8,1.0,41.6,528.0,185.53,1,1,0.8824
736,18,723.2,1.0,222.87,107.73,1,1,1.0
736,30,382.93,145.07,190.87,78.86,1,1,0.989
736,41,1.0,55.84,144.69,57.43,1,1,0.0
736,42,157.12,45.65,129.64,56.84,1,1,0.0
736,43,307.52,29.87,104.15,55.67,1,1,0.0047
736,44,442.83,29.01,94.76,47.99,1,1,0.0297
737,8,1.0,42.88,523.52,180.84,1,1,0.868
737,18,723.2,1.0,222.87,107.73,1,1,1.0
737,30,361.17,147.2,194.07,80.79,1,1,0.9931
737,41,1.0,55.85,144.68,57.36,1,1,0.0
737,42,157.1,45.52,129.81,56.86,1,1,0.0
737,43,307.5,29.87,104.17,55.61,1,1,0.005
737,44,442.5,28.93,94.91,48.02,1,1,0.0265
738,8,1.0,44.16,519.04,176.15,1,1,0.8598
738,18,723.2,1.0,222.87,107.73,1,1,1.0
738,30,339.41,149.33,197.27,82.71,1,1,0.9934
738,41,1.0,55.86,144.67,57.3,1,1,0.0
738,42,157.08,45.4,129.98,56.86,1,1,0.0
738,43,307.48,29.87,104.19,55.56,1,1,0.0053
738,44,442.17,28.84,95.05,48.05,1,1,0.0263
739,8,1.0,45.44,514.56,171.45,1,1,0.8532
739,18,723.2,1.0,222.87,107.73,1,1,1.0
739,30,317.65,151.47,200.47,84.62,1,1,0.9906
739,41,1.0,55.87,144.66,57.24,1,1,0.0
739,42,157.06,45.27,130.15,56.87,1,1,0.003
739,43,307.46,29.87,104.21,55.51,1,1,0.0056
739,44,441.83,28.76,95.21,48.08,1,1,0.0268
740,8,1.0,46.72,510.08,166.76,1,1,0.8566
740,18,723.2,1.0,222.87,107.73,1,1,1.0
740,30,295.89,153.6,203.67,86.55,1,1,0.9936
740,41,1.0,55.88,144.65,57.17,1,1,0.0
740,42,157.03,45.14,130.33,56.88,1,1,0.0152
740,43,307.43,29.87,104.24,55.45,1,1,0.006
740,44,441.5,28.67,95.36,48.12,1,1,0.002
741,8,1.0,48.0,505.6,162.07,1,1,0.8628
741,18,723.2,1.0,222.87,107.73,1,1,1.0
741,30,274.13,155.73,206.87,88.47,1,1,0.9938
741,41,1.0,55.89,144.64,57.11,1,1,0.0
741,42,157.01,45.01,130.5,56.9,1,1,0.0178
741,43,307.41,29.87,104.26,55.4,1,1,0.0063
741,44,441.17,28.59,95.51,48.15,1,1,0.0035
742,8,1.0,46.93,499.63,165.27,1,1,0.8605
742,18,723.2,1.0,222.87,107.73,1,1,1.0
742,30,247.89,157.87,211.99,91.02,1,1,0.9939
742,41,1.0,55.9,144.63,57.05,1,1,0.0
742,42,156.99,44.88,130.67,56.9,1,1,0.0198
742,43,307.39,29.87,104.28,55.35,1,1,0.0062
742,44,440.84,28.5,95.66,48.18,1,1,0.0046
743,8,1.0,45.87,493.65,168.46,1,1,0.8582
743,18,723.2,1.0,222.87,107.73,1,1,1.0
743,30,221.65,160.0,217.11,93.59,1,1,0.9949
743,41,1.0,55.92,144.62,56.98,1,1,0.0
743,42,156.97,44.76,130.84,56.91,1,1,0.0195
743,43,307.37,29.87,104.3,55.29,1,1,0.006
743,44,440.51,28.42,95.81,48.21,1,1,0.0
744,8,1.0,44.8,487.68,171.67,1,1,0.8558
744,18,723.2,1.0,222.87,107.73,1,1,1.0
744,30,195.41,162.13,222.23,96.15,1,1,0.9946
744,41,1.0,55.92,144.61,56.92,1,1,0.0
744,42,156.95,44.63,131.0,56.92,1,1,0.0
744,43,307.35,29.87,104.32,55.24,1,1,0.0058
744,44,440.18,28.33,95.96,48.24,1,1,0.0
745,8,1.0,43.73,481.71,174.87,1,1,0.8534
745,18,723.2,1.0,222.87,107.73,1,1,1.0
745,30,169.17,164.27,227.35,98.7,1,1,0.9946
745,41,1.0,55.94,144.6,56.85,1,1,0.0
745,42,156.93,44.5,131.17,56.94,1,1,0.0
745,43,307.33,29.87,104.34,55.19,1,1,0.0056
745,44,439.85,28.24,96.1,48.28,1,1,0.0005
746,8,1.0,42.67,475.73,178.06,1,1,0.8509
746,18,723.2,1.0,222.87,107.73,1,1,1.0
746,30,142.93,166.4,232.47,101.27,1,1,0.9955
746,41,1.0,55.95,144.59,56.78,1,1,0.0
746,42,156.91,44.37,131.34,56.95,1,1,0.0
746,43,307.31,29.87,104.36,55.13,1,1,0.0054
746,44,439.52,28.16,96.25,48.31,1,1,0.0015
747,8,1.0,44.8,471.47,176.36,1,1,0.8582
747,18,723.2,1.0,222.87,107.73,1,1,1.0
747,30,115.41,171.31,236.52,103.61,1,1,0.9899
747,41,1.0,55.96,144.58,56.72,1,1,0.0
747,42,156.89,44.24,131.51,56.96,1,1,0.0001
747,43,307.29,29.87,104.38,55.08,1,1,0.006
747,44,439.19,28.08,96.4,48.34,1,1,0.009
748,8,1.0,46.93,467.2,174.66,1,1,0.8662
748,18,723.2,1.0,222.87,107.73,1,1,1.0
748,30,87.89,176.21,240.58,105.96,1,1,0.9807
748,41,1.0,55.97,144.57,56.66,1,1,0.0
748,42,156.86,44.12,131.69,56.97,1,1,0.0004
748,43,307.26,29.87,104.41,55.03,1,1,0.0066
748,44,438.86,27.99,96.55,48.37,1,1,0.0091
749,8,1.0,49.07,462.93,172.94,1,1,0.8751
749,18,723.2,1.0,222.87,107.73,1,1,1.0
749,30,60.37,181.12,244.63,108.31,1,1,0.978
749,41,1.0,55.98,144.55,56.59,1,1,0.0
749,42,156.84,43.99,131.86,56.98,1,1,0.001
749,43,307.24,29.87,104.43,54.97,1,1,0.0072
749,44,438.53,27.9,96.7,48.4,1,1,0.0044
750,8,1.0,51.2,458.67,171.24,1,1,0.8847
750,18,723.2,1.0,222.87,107.73,1,1,1.0
750,30,32.85,186.03,248.68,110.65,1,1,0.9643
750,41,1.0,55.99,144.54,56.53,1,1,0.0
750,42,156.82,43.86,132.03,56.99,1,1,0.0036
750,43,307.22,29.87,104.45,54.92,1,1,0.0078
750,44,438.2,27.82,96.85,48.43,1,1,0.0043
751,8,1.0,53.33,454.4,169.54,1,1,0.8934
751,18,723.2,1.0,222.87,107.73,1,1,1.0
751,30,1.0,190.93,257.07,113.0,1,1,0.9561
751,41,1.0,56.0,144.53,56.47,1,1,0.0
751,42,156.8,43.73,132.2,57.0,1,1,0.0062
751,43,307.2,29.87,104.47,54.87,1,1,0.0084
751,44,437.87,27.73,97.0,48.47,1,1,0.0062
752,8,1.0,52.48,448.64,169.96,1,1,0.9125
752,18,723.2,1.0,222.87,107.73,1,1,1.0
752,30,1.0,193.49,230.4,109.59,1,1,0.9847
752,41,1.0,56.01,144.52,56.4,1,1,0.0
752,42,156.78,43.6,132.37,57.01,1,1,0.0085
752,43,307.18,29.87,104.49,54.81,1,1,0.0083
752,44,437.54,27.65,97.15,48.5,1,1,0.0096
753,8,1.0,51.63,442.88,170.38,1,1,0.9299
753,18,723.2,1.0,222.87,107.73,1,1,1.0
753,30,1.0,196.05,203.73,106.18,1,1,0.9983
753,41,1.0,56.02,144.51,56.34,1,1,0.0
753,42,156.76,43.48,132.54,57.02,1,1,0.0107
753,43,307.16,29.87,104.51,54.76,1,1,0.0081
753,44,437.21,27.56,97.29,48.53,1,1,0.013
754,8,1.0,50.77,437.12,170.82,1,1,0.9455
754,18,723.2,1.0,222.87,107.73,1,1,1.0
754,30,1.0,198.61,177.07,102.76,1,1,1.0
754,41,1.0,56.03,144.5,56.28,1,1,0.0
754,42,156.74,43.35,132.71,57.03,1,1,0.0118
754,43,307.14,29.87,104.53,54.71,1,1,0.008
754,44,436.87,27.48,97.45,48.56,1,1,0.0162
755,8,1.0,49.92,431.36,171.24,1,1,0.9593
755,18,723.2,1.0,222.87,107.73,1,1,1.0
755,30,1.0,201.17,150.4,99.35,1,1,1.0
755,41,1.0,56.04,144.49,56.21,1,1,0.0
755,42,156.71,43.22,132.89,57.04,1,1,0.0141
755,43,307.11,29.87,104.56,54.65,1,1,0.0079
755,44,436.54,27.39,97.6,48.6,1,1,0.0125
756,8,1.0,49.07,425.6,171.66,1,1,0.9712
756,18,723.2,1.0,222.87,107.73,1,1,1.0
756,30,1.0,203.73,123.73,95.94,1,1,1.0
756,41,1.0,56.05,144.48,56.15,1,1,0.0
756,42,156.69,43.09,133.06,57.05,1,1,0.0164
756,43,307.09,29.87,104.58,54.6,1,1,0.0077
756,44,436.21,27.31,97.75,48.63,1,1,0.0143
757,8,1.0,49.71,419.2,172.94,1,1,1.0
757,18,723.2,1.0,222.87,107.73,1,1,1.0
757,41,1.0,56.06,144.47,56.09,1,1,0.0
757,42,156.67,42.96,133.23,57.06,1,1,0.0181
757,43,307.07,29.87,104.6,54.55,1,1,0.008
757,44,435.88,27.22,97.9,48.66,1,1,0.0172
758,8,1.0,50.35,412.8,174.22,1,1,1.0
758,18,723.2,1.0,222.87,107.73,1,1,1.0
758,41,1.0,56.08,144.46,56.02,1,1,0.0
758,42,156.65,42.84,133.4,57.08,1,1,0.0204
758,43,307.05,29.87,104.62,54.49,1,1,0.0082
758,44,435.55,27.14,98.05,48.69,1,1,0.0283
759,8,1.0,50.99,406.4,175.5,1,1,1.0
759,18,723.2,1.0,222.87,107.73,1,1,1.0
759,41,1.0,56.08,144.45,55.96,1,1,0.0
759,42,156.63,42.71,133.56,57.09,1,1,0.0
759,43,307.03,29.87,104.64,54.44,1,1,0.0124
759,44,435.22,27.05,98.2,48.72,1,1,0.0315
760,8,1.0,51.63,400.0,176.78,1,1,1.0
760,18,723.2,1.0,222.87,107.73,1,1,1.0
760,41,1.0,56.1,144.44,55.89,1,1,0.0
760,42,156.61,42.58,133.73,57.1,1,1,0.0
760,43,307.01,29.87,104.66,54.39,1,1,0.0126
760,44,434.89,26.96,98.34,48.76,1,1,0.0491
761,8,1.0,52.27,393.6,178.06,1,1,1.0
761,18,723.2,1.0,222.87,107.73,1,1,0.984
761,31,934.4,75.73,26.6,34.07,1,1,1.0
761,41,1.0,56.11,144.43,55.82,1,1,0.0
761,42,156.59,42.45,133.9,57.11,1,1,0.0
761,43,306.99,29.87,104.68,54.33,1,1,0.0128
761,44,434.56,26.88,98.49,48.79,1,1,0.0371
762,8,1.0,52.91,386.77,179.34,1,1,1.0
762,18,723.2,1.0,222.87,107.73,1,1,0.9757
762,31,928.64,75.31,32.36,35.77,1,1,1.0
762,41,1.0,56.12,144.42,55.76,1,1,0.0
762,42,156.57,42.32,134.07,57.12,1,1,0.0
762,43,306.97,29.87,104.7,54.28,1,1,0.013
762,44,434.23,26.8,98.64,48.82,1,1,0.0372
763,8,1.0,53.55,379.95,180.62,1,1,1.0
763,18,723.2,1.0,222.87,107.73,1,1,0.9673
763,31,922.88,74.88,38.12,37.48,1,1,1.0
763,41,1.0,56.13,144.41,55.7,1,1,0.0
763,42,156.54,42.2,134.25,57.13,1,1,0.0
763,43,306.94,29.87,104.73,54.23,1,1,0.0132
763,44,433.9,26.71,98.79,48.85,1,1,0.0125
764,8,1.0,54.19,373.12,181.9,1,1,1.0
764,18,723.2,1.0,222.87,107.73,1,1,0.9587
764,31,917.12,74.45,43.88,39.19,1,1,1.0
764,41,1.0,56.14,144.39,55.63,1,1,0.0
764,42,156.52,42.07,134.42,57.14,1,1,0.0
764,43,306.92,29.87,104.75,54.17,1,1,0.0134
764,44,433.57,26.62,98.94,48.88,1,1,0.0147
765,8,1.0,54.83,366.29,183.18,1,1,1.0
765,18,723.2,1.0,222.87,107.73,1,1,0.9498
765,31,911.36,74.03,49.64,40.89,1,1,1.0
765,41,1.0,56.15,144.38,55.57,1,1,0.0
765,42,156.5,41.94,134.59,57.15,1,1,0.0012
765,43,306.9,29.87,104.77,54.12,1,1,0.0137
765,44,433.24,26.54,99.09,48.91,1,1,0.0169
766,8,1.0,55.47,359.47,184.46,1,1,1.0
766,18,723.2,1.0,222.87,107.73,1,1,0.9408
766,31,905.6,73.6,55.4,42.6,1,1,1.0
766,41,1.0,56.16,144.37,55.51,1,1,0.0
766,42,156.48,41.81,134.76,57.16,1,1,0.0037
766,43,306.88,29.87,104.79,54.07,1,1,0.0139
766,44,432.91,26.45,99.24,48.95,1,1,0.0191
767,8,1.0,55.68,351.57,182.12,1,1,1.0
767,18,723.2,1.0,222.87,107.73,1,1,0.9328
767,31,899.84,73.81,61.16,43.46,1,1,1.0
767,41,1.0,56.17,144.36,55.44,1,1,0.0
767,42,156.46,41.68,134.93,57.17,1,1,0.0062
767,43,306.86,29.87,104.81,54.01,1,1,0.014
767,44,432.58,26.37,99.39,48.98,1,1,0.0071
768,8,1.0,55.89,343.68,179.78,1,1,1.0
768,18,723.2,1.0,222.87,107.73,1,1,0.9249
768,31,894.08,74.03,66.92,44.3,1,1,1.0
768,41,1.0,56.18,144.35,55.38,1,1,0.0
768,42,156.44,41.56,135.1,57.18,1,1,0.0087
768,43,306.84,29.87,104.83,53.96,1,1,0.0142
768,44,432.25,26.28,99.53,49.01,1,1,0.006
769,8,1.0,56.11,335.79,177.42,1,1,1.0
769,18,723.2,1.0,222.87,107.73,1,1,0.917
769,31,888.32,74.24,72.68,45.16,1,1,1.0
769,41,1.0,56.19,144.34,55.32,1,1,0.0
769,42,156.42,41.43,135.27,57.19,1,1,0.0112
769,43,306.82,29.87,104.85,53.91,1,1,0.0143
769,44,431.91,26.2,99.69,49.04,1,1,0.0118
770,8,1.0,56.32,327.89,175.08,1,1,1.0
770,18,723.2,1.0,222.87,107.73,1,1,0.9093
770,31,882.56,74.45,78.44,46.02,1,1,1.0
770,41,1.0,56.2,144.33,55.25,1,1,0.0021
770,42,156.39,41.3,135.45,57.2,1,1,0.0122
770,43,306.79,29.87,104.88,53.85,1,1,0.0249
770,44,431.58,26.11,99.84,49.08,1,1,0.0122
771,8,1.0,56.53,320.0,172.74,1,1,1.0
771,18,723.2,1.0,222.87,107.73,1,1,0.9017
771,31,876.8,74.67,84.2,46.86,1,1,1.0
771,41,1.0,56.21,144.32,55.19,1,1,0.0058
771,42,156.37,41.17,135.62,57.21,1,1,0.0145
771,43,306.77,29.87,104.9,53.8,1,1,0.0253
771,44,431.25,26.03,99.99,49.11,1,1,0.0126
772,8,1.0,56.32,313.39,172.95,1,1,1.0
772,18,723.2,1.0,222.87,107.73,1,1,0.894
772,31,870.4,75.09,90.6,47.51,1,1,1.0
772,41,1.0,56.22,144.31,55.13,1,1,0.0017
772,42,156.35,41.04,135.79,57.22,1,1,0.0167
772,43,306.75,29.87,104.92,53.75,1,1,0.0252
772,44,430.92,25.94,100.14,49.14,1,1,0.0142
773,8,1.0,56.11,306.77,173.16,1,1,1.0
773,18,723.2,1.0,222.87,107.73,1,1,0.8865
773,31,864.0,75.52,84.2,48.15,1,1,1.0
773,41,1.0,56.24,144.3,55.06,1,1,0.0
773,42,156.33,40.92,135.96,57.24,1,1,0.0189
773,43,306.73,29.87,104.94,53.69,1,1,0.0191
773,44,430.59,25.86,100.29,49.17,1,1,0.0035
774,8,1.0,55.89,300.16,173.38,1,1,1.0
774,18,723.2,1.0,222.87,107.73,1,1,0.8821
774,31,857.6,75.95,86.33,48.78,1,1,1.0
774,41,1.0,56.24,144.29,55.0,1,1,0.0
774,42,156.31,40.79,136.12,57.25,1,1,0.0212
774,43,306.71,29.87,104.96,53.64,1,1,0.0182
774,44,430.26,25.77,100.44,49.2,1,1,0.0047
775,8,1.0,55.68,293.55,173.59,1,1,1.0
775,18,723.2,1.0,222.87,107.73,1,1,0.8808
775,31,851.2,76.37,88.47,49.43,1,1,1.0
775,41,1.0,56.26,144.28,54.93,1,1,0.0
775,42,156.29,40.66,136.29,57.26,1,1,0.0
775,43,306.69,29.87,104.98,53.59,1,1,0.0172
775,44,429.93,25.68,100.58,49.24,1,1,0.0071
776,8,1.0,55.47,286.93,173.8,1,1,1.0
776,18,723.2,1.0,222.87,107.73,1,1,0.8795
776,31,844.8,76.8,90.6,50.07,1,1,1.0
776,41,1.0,56.27,144.27,54.86,1,1,0.0
776,42,156.27,40.53,136.46,57.27,1,1,0.0
776,43,306.67,29.87,105.0,53.53,1,1,0.0163
776,44,429.6,25.6,100.73,49.27,1,1,0.0121
777,8,1.0,55.89,277.55,173.8,1,1,1.0
777,18,723.2,1.0,222.87,107.73,1,1,0.883
777,31,837.97,78.08,91.67,49.85,1,1,1.0
777,41,1.0,56.28,144.26,54.8,1,1,0.0
777,42,156.25,40.4,136.63,57.28,1,1,0.0013
777,43,306.65,29.87,105.02,53.48,1,1,0.0153
777,44,429.27,25.52,100.88,49.3,1,1,0.017
778,8,1.0,56.32,268.16,173.8,1,1,1.0
778,18,723.2,1.0,222.87,107.73,1,1,0.8866
778,31,831.15,79.36,92.73,49.64,1,1,1.0
778,41,1.0,56.29,144.25,54.74,1,1,0.0006
778,42,156.22,40.28,136.81,57.29,1,1,0.0019
778,43,306.62,29.87,105.05,53.43,1,1,0.0143
778,44,428.94,25.43,101.03,49.33,1,1,0.0219
779,8,1.0,56.75,258.77,173.8,1,1,1.0
779,18,723.2,1.0,222.87,107.73,1,1,0.8903
779,31,824.32,80.64,93.8,49.43,1,1,1.0
779,41,1.0,56.3,144.23,54.67,1,1,0.0082
779,42,156.2,40.15,136.98,57.3,1,1,0.0032
779,43,306.6,29.87,105.07,53.37,1,1,0.0133
779,44,428.61,25.34,101.18,49.36,1,1,0.0133
780,8,1.0,57.17,249.39,173.8,1,1,1.0
780,18,723.2,1.0,222.87,107.73,1,1,0.8941
780,31,817.49,81.92,94.87,49.21,1,1,1.0
780,41,1.0,56.31,144.22,54.61,1,1,0.0158
780,42,156.18,40.02,137.15,57.31,1,1,0.0042
780,43,306.58,29.87,105.09,53.32,1,1,0.0123
780,44,428.28,25.26,101.33,49.39,1,1,0.0209
781,8,1.0,57.6,240.0,173.8,1,1,1.0
781,18,723.2,1.0,222.87,107.73,1,1,0.898
781,31,810.67,83.2,95.93,49.0,1,1,1.0
781,32,921.6,99.2,39.4,47.93,1,1,1.0
781,41,1.0,56.32,144.21,54.55,1,1,0.0235
781,42,156.16,39.89,137.32,57.32,1,1,0.0068
781,43,306.56,29.87,105.11,53.27,1,1,0.0113
781,44,427.95,25.17,101.48,49.43,1,1,0.0214
782,8,1.0,58.24,231.68,172.52,1,1,1.0
782,18,723.2,1.0,222.87,107.73,1,1,0.8992
782,31,802.35,84.05,98.06,49.86,1,1,1.0
782,32,913.92,99.63,47.08,49.21,1,1,1.0
782,41,1.0,56.33,144.2,54.48,1,1,0.035
782,42,156.14,39.76,137.49,57.33,1,1,0.0094
782,43,306.54,29.87,105.13,53.21,1,1,0.0104
782,44,427.62,25.09,101.63,49.46,1,1,0.0245
783,8,1.0,58.88,223.36,171.24,1,1,1.0
783,18,723.2,1.0,222.87,107.73,1,1,0.9006
783,31,794.03,84.91,100.2,50.7,1,1,1.0
783,32,906.24,100.05,54.76,50.5,1,1,1.0
783,41,1.0,56.34,144.19,54.42,1,1,0.0467
783,42,156.12,39.64,137.66,57.34,1,1,0.0063
783,43,306.52,29.87,105.15,53.16,1,1,0.0094
783,44,427.29,25.0,101.77,49.49,1,1,0.0276
784,8,1.0,59.52,215.04,169.96,1,1,1.0
784,18,723.2,1.0,222.87,107.73,1,1,0.9021
784,31,785.71,85.76,102.33,51.56,1,1,1.0
784,32,898.56,100.48,62.44,51.77,1,1,1.0
784,41,1.0,56.35,144.18,54.36,1,1,0.0583
784,42,156.1,39.51,137.83,57.35,1,1,0.0086
784,43,306.5,29.87,105.17,53.11,1,1,0.0089
784,44,426.95,24.92,101.93,49.52,1,1,0.0319
785,8,1.0,60.16,206.72,168.68,1,1,1.0
785,18,723.2,1.0,222.87,107.73,1,1,0.9038
785,31,777.39,86.61,104.46,52.42,1,1,1.0
785,32,890.88,100.91,70.12,53.05,1,1,1.0
785,41,1.0,56.36,144.17,54.29,1,1,0.0699
785,42,156.07,39.38,138.01,57.36,1,1,0.0108
785,43,306.47,29.87,105.2,53.05,1,1,0.0089
785,44,426.62,24.83,102.08,49.56,1,1,0.0236
786,8,1.0,60.8,198.4,167.4,1,1,1.0
786,18,723.2,1.0,222.87,107.73,1,1,0.9056
786,31,769.07,87.47,106.6,53.26,1,1,1.0
786,32,883.2,101.33,77.8,54.34,1,1,1.0
786,41,1.0,56.37,144.16,54.23,1,1,0.0816
786,42,156.05,39.25,138.18,57.37,1,1,0.013
786,43,306.45,29.87,105.22,53.0,1,1,0.0089
786,44,426.29,24.75,102.23,49.59,1,1,0.0
787,8,1.0,61.65,187.95,168.26,1,1,1.0
787,18,723.2,1.0,222.87,107.73,1,1,0.9064
787,31,761.17,87.89,107.88,53.91,1,1,1.0
787,32,873.81,102.61,87.19,54.76,1,1,1.0
787,41,1.0,56.38,144.15,54.17,1,1,0.0973
787,42,156.03,39.12,138.35,57.38,1,1,0.0152
787,43,306.43,29.87,105.24,52.95,1,1,0.0089
787,44,425.96,24.66,102.38,49.62,1,1,0.0004
788,8,1.0,62.51,177.49,169.1,1,1,1.0
788,18,723.2,1.0,222.87,107.73,1,1,0.9072
788,31,753.28,88.32,109.16,54.55,1,1,1.0
788,32,864.43,103.89,96.57,55.19,1,1,1.0
788,41,1.0,56.4,144.14,54.1,1,1,0.113
788,42,156.01,39.0,138.52,57.4,1,1,0.0175
788,43,306.41,29.87,105.26,52.89,1,1,0.0089
788,44,425.63,24.58,102.53,49.65,1,1,0.0036
789,8,1.0,63.36,167.04,169.96,1,1,1.0
789,18,723.2,1.0,222.87,107.73,1,1,0.9081
789,31,745.39,88.75,110.44,55.18,1,1,1.0
789,32,855.04,105.17,105.96,55.62,1,1,1.0
789,41,1.0,56.4,144.13,54.04,1,1,0.1287
789,42,155.99,38.87,138.68,57.41,1,1,0.0197
789,43,306.39,29.87,105.28,52.84,1,1,0.0089
789,44,425.3,24.49,102.68,49.68,1,1,0.0068
790,8,1.0,64.21,156.59,170.82,1,1,1.0
790,18,723.2,1.0,222.87,107.73,1,1,0.909
790,31,737.49,89.17,111.72,55.83,1,1,0.978
790,32,845.65,106.45,101.27,56.04,1,1,1.0
790,41,1.0,56.42,144.12,53.97,1,1,0.1445
790,42,155.97,38.74,138.85,57.42,1,1,0.0001
790,43,306.37,29.87,105.3,52.79,1,1,0.0089
790,44,424.97,24.4,102.82,49.72,1,1,0.01
791,8,1.0,65.07,146.13,171.66,1,1,1.0
791,18,723.2,1.0,222.87,107.73,1,1,0.91
791,31,729.6,89.6,113.0,56.47,1,1,0.962
791,32,836.27,107.73,106.6,56.47,1,1,1.0
791,41,1.0,56.43,144.11,53.9,1,1,0.1603
791,42,155.95,38.61,139.02,57.43,1,1,0.0004
791,43,306.35,29.87,105.32,52.73,1,1,0.0089
791,44,424.64,24.32,102.97,49.75,1,1,0.0059
792,8,1.0,65.49,136.11,169.54,1,1,1.0
792,18,723.2,1.0,222.87,107.73,1,1,1.0
792,31,720.43,90.24,114.7,57.11,1,1,0.9455
792,32,825.81,109.01,108.52,56.9,1,1,1.0
792,41,1.0,56.44,144.1,53.84,1,1,0.2143
792,42,155.93,38.48,139.19,57.44,1,1,0.0014
792,43,306.33,29.87,105.34,52.68,1,1,0.0089
792,44,424.31,24.24,103.12,49.78,1,1,0.0042
793,8,1.0,65.92,126.08,167.4,1,1,1.0
793,18,723.2,1.0,222.87,107.73,1,1,1.0
793,31,711.25,90.88,116.42,57.75,1,1,0.9298
793,32,815.36,110.29,110.44,57.32,1,1,1.0
793,41,1.0,56.45,144.09,53.78,1,1,0.2791
793,42,155.9,38.36,139.37,57.45,1,1,0.0027
793,43,306.3,29.87,105.37,52.63,1,1,0.0089
793,44,423.98,24.15,103.27,49.81,1,1,0.0026
794,8,1.0,66.35,116.05,165.26,1,1,1.0
794,18,723.2,1.0,222.87,107.73,1,1,1.0
794,31,702.08,91.52,118.12,58.39,1,1,0.915
794,32,804.91,111.57,112.36,57.75,1,1,1.0
794,41,12.05,56.46,133.02,53.71,1,1,0.356
794,42,155.88,38.23,139.54,57.46,1,1,0.0158
794,43,306.28,29.87,105.39,52.57,1,1,0.0089
794,44,423.65,24.06,103.42,49.84,1,1,0.0041
795,8,1.0,66.77,106.03,163.14,1,1,1.0
795,18,723.2,1.0,222.87,107.73,1,1,1.0
795,31,692.91,92.16,119.82,59.03,1,1,0.9009
795,32,794.45,112.85,114.28,58.18,1,1,1.0
795,41,12.16,56.47,132.9,53.65,1,1,0.4233
795,42,155.86,38.1,139.71,57.47,1,1,0.015
795,43,306.26,29.87,105.41,52.52,1,1,0.0089
795,44,423.32,23.98,103.57,49.87,1,1,0.007
796,8,1.0,67.2,96.0,161.0,1,1,1.0
796,18,723.2,1.0,222.87,107.73,1,1,1.0
796,31,683.73,92.8,121.54,59.67,1,1,0.8876
796,32,784.0,114.13,116.2,58.6,1,1,1.0
796,41,12.27,56.48,132.78,53.59,1,1,0.4895
796,42,155.84,37.97,139.88,57.48,1,1,0.0146
796,43,306.24,29.87,105.43,52.47,1,1,0.0089
796,44,422.99,23.89,103.72,49.91,1,1,0.0119
797,8,1.0,69.33,84.69,158.44,1,1,1.0
797,18,724.05,1.0,222.44,107.31,1,1,1.0
797,31,673.71,93.65,123.24,60.31,1,1,0.8694
797,32,771.2,116.27,118.76,59.66,1,1,1.0
797,41,12.37,56.49,132.67,53.52,1,1,0.58
797,42,155.82,37.84,140.05,57.49,1,1,0.0098
797,43,306.22,29.87,105.45,52.41,1,1,0.0089
797,44,422.66,23.81,103.87,49.94,1,1,0.0188
798,8,1.0,71.47,73.39,155.88,1,1,1.0
798,18,724.91,1.0,222.01,106.88,1,1,1.0
798,31,663.68,94.51,124.95,60.94,1,1,0.8529
798,32,758.4,118.4,121.32,60.73,1,1,1.0
798,41,12.48,56.5,132.55,53.46,1,1,0.6637
798,42,155.8,37.72,140.22,57.5,1,1,0.0243
798,43,306.2,29.87,105.47,52.36,1,1,0.0089
798,44,422.33,23.72,104.01,49.97,1,1,0.0194
799,8,1.0,73.6,62.08,153.32,1,1,1.0
799,18,725.76,1.0,221.59,106.45,1,1,1.0
799,31,653.65,95.36,126.66,61.59,1,1,0.838
799,32,745.6,120.53,123.88,61.8,1,1,1.0
799,41,12.59,56.51,132.43,53.4,1,1,0.7407
799,42,155.78,37.59,140.39,57.51,1,1,0.0246
799,43,306.18,29.87,105.49,52.31,1,1,0.0089
799,44,421.99,23.64,104.17,50.0,1,1,0.0202
800,8,1.0,75.73,50.77,150.76,1,1,1.0
800,18,726.61,1.0,221.16,106.03,1,1,1.0
800,31,643.63,96.21,128.36,62.23,1,1,0.8245
800,32,732.8,122.67,126.44,62.86,1,1,1.0
800,41,12.69,56.52,132.32,53.33,1,1,0.811
800,42,155.75,37.46,140.57,57.52,1,1,0.0252
800,43,306.15,29.87,105.52,52.25,1,1,0.0089
800,44,421.66,23.55,104.32,50.04,1,1,0.0239
801,8,1.0,77.87,39.47,148.2,1,1,1.0
801,18,727.47,1.0,220.73,105.6,1,1,0.9891
801,31,633.6,97.07,130.07,62.86,1,1,0.8124
801,32,720.0,124.8,129.0,63.93,1,1,1.0
801,33,938.67,80.0,22.33,31.93,1,1,1.0
801,41,12.8,56.53,132.2,53.27,1,1,0.8745
801,42,155.73,37.33,140.74,57.53,1,1,0.0275
801,43,306.13,29.87,105.54,52.2,1,1,0.0089
801,44,421.33,23.47,104.47,50.07,1,1,0.0276
802,18,727.47,1.0,220.73,105.6,1,1,0.9829
802,31,622.93,98.56,132.2,63.08,1,1,0.7965
802,32,705.92,127.15,132.41,64.57,1,1,1.0
802,33,933.76,78.93,27.24,33.43,1,1,1.0
802,41,12.88,56.56,132.2,53.3,1,1,1.0
802,42,155.9,37.41,140.65,57.5,1,1,0.0251
802,43,306.31,29.9,105.43,52.22,1,1,0.0089
802,44,421.42,23.53,104.45,50.02,1,1,0.0259
803,18,727.47,1.0,220.73,105.6,1,1,0.9761
803,31,612.27,100.05,134.33,63.3,1,1,0.7819
803,32,691.84,129.49,135.83,65.22,1,1,1.0
803,33,928.85,77.87,32.15,34.92,1,1,1.0
803,41,12.95,56.6,132.2,53.33,1,1,1.0
803,42,156.07,37.48,140.57,57.47,1,1,0.0226
803,43,306.5,29.93,105.32,52.24,1,1,0.0013
803,44,421.5,23.6,104.45,49.98,1,1,0.0243
804,18,727.47,1.0,220.73,105.6,1,1,0.969
804,31,601.6,101.55,136.47,63.5,1,1,0.7689
804,32,677.76,131.84,139.24,65.85,1,1,1.0
804,33,923.95,76.8,37.05,36.41,1,1,1.0
804,41,13.02,56.63,132.2,53.36,1,1,1.0
804,42,156.25,37.56,140.47,57.44,1,1,0.0201
804,43,306.68,29.96,105.21,52.26,1,1,0.0007
804,44,421.59,23.66,104.43,49.94,1,1,0.0226
805,18,727.47,1.0,220.73,105.6,1,1,0.9614
805,31,590.93,103.04,138.6,63.72,1,1,0.7572
805,32,663.68,134.19,142.65,66.49,1,1,1.0
805,33,919.04,75.73,41.96,37.91,1,1,1.0
805,41,13.1,56.66,132.2,53.4,1,1,1.0
805,42,156.42,37.63,140.39,57.4,1,1,0.0071
805,43,306.86,30.0,105.11,52.28,1,1,0.0109
805,44,421.67,23.72,104.43,49.9,1,1,0.0211
806,18,727.47,1.0,220.73,105.6,1,1,0.9533
806,31,580.27,104.53,140.73,63.94,1,1,0.7466
806,32,649.6,136.53,146.07,67.14,1,1,1.0
806,33,914.13,74.67,46.87,39.4,1,1,1.0
806,41,13.17,56.69,132.2,53.43,1,1,1.0
806,42,156.59,37.71,140.3,57.37,1,1,0.0065
806,43,307.04,30.03,105.0,52.31,1,1,0.0091
806,44,421.76,23.79,104.41,49.85,1,1,0.0194
807,18,727.47,1.0,220.73,105.6,1,1,0.9471
807,31,569.81,105.17,142.23,64.15,1,1,0.7346
807,32,633.6,138.45,148.63,69.7,1,1,1.0
807,33,908.8,75.31,52.2,40.25,1,1,1.0
807,41,13.25,56.72,132.2,53.46,1,1,1.0
807,42,156.76,37.78,140.22,57.34,1,1,0.0148
807,43,307.22,30.06,104.89,52.33,1,1,0.0074
807,44,421.85,23.85,104.4,49.81,1,1,0.0177
808,18,727.47,1.0,220.73,105.6,1,1,0.9412
808,31,559.36,105.81,143.72,64.36,1,1,0.7246
808,32,617.6,140.37,151.19,72.26,1,1,1.0
808,33,903.47,75.95,57.53,41.1,1,1,1.0
808,41,13.32,56.76,132.2,53.49,1,1,1.0
808,42,156.93,37.86,140.13,57.31,1,1,0.0134
808,43,307.4,30.09,104.79,52.35,1,1,0.0057
808,44,421.93,23.92,104.39,49.77,1,1,0.0161
809,18,727.47,1.0,220.73,105.6,1,1,0.9355
809,31,548.91,106.45,145.21,64.58,1,1,0.7165
809,32,601.6,142.29,153.75,74.82,1,1,1.0
809,33,898.13,76.59,62.87,41.96,1,1,1.0
809,41,13.4,56.79,132.2,53.52,1,1,1.0
809,42,157.1,37.93,140.05,57.28,1,1,0.0123
809,43,307.58,30.12,104.68,52.37,1,1,0.004
809,44,422.02,23.98,104.38,49.72,1,1,0.0146
810,18,727.47,1.0,220.73,105.6,1,1,0.9302
810,31,538.45,107.09,146.71,64.79,1,1,0.7102
810,32,585.6,144.21,156.31,77.38,1,1,1.0
810,33,892.8,77.23,68.2,42.81,1,1,1.0
810,41,13.47,56.82,132.2,53.56,1,1,1.0
810,42,157.27,38.01,139.96,57.25,1,1,0.0112
810,43,307.77,30.16,104.57,52.39,1,1,0.0022
810,44,422.1,24.04,104.37,49.68,1,1,0.0146
811,18,727.47,1.0,220.73,105.6,1,1,0.9251
811,31,528.0,107.73,148.2,65.0,1,1,0.7056
811,32,569.6,146.13,158.87,79.94,1,1,1.0
811,33,887.47,77.87,73.53,43.66,1,1,1.0
811,41,13.55,56.85,132.2,53.59,1,1,1.0
811,42,157.44,38.08,139.88,57.21,1,1,0.0114
811,43,307.95,30.19,104.46,52.41,1,1,0.0005
811,44,422.19,24.11,104.36,49.64,1,1,0.015
812,18,727.47,1.0,220.73,105.6,1,1,0.9202
812,31,515.84,108.59,150.12,65.42,1,1,0.6912
812,32,549.12,148.05,163.35,83.56,1,1,1.0
812,33,881.49,78.72,79.51,44.09,1,1,1.0
812,41,13.62,56.88,132.2,53.62,1,1,1.0
812,42,157.61,38.16,139.8,57.18,1,1,0.0116
812,43,308.13,30.22,104.36,52.43,1,1,0.0
812,44,422.27,24.17,104.35,49.6,1,1,0.0
813,18,727.47,1.0,220.73,105.6,1,1,0.9157
813,31,503.68,109.44,152.04,65.85,1,1,0.6786
813,32,528.64,149.97,167.83,87.19,1,1,1.0
813,33,875.52,79.57,85.48,44.52,1,1,1.0
813,41,13.7,56.92,132.2,53.65,1,1,1.0
813,42,157.78,38.23,139.71,57.15,1,1,0.0117
813,43,308.31,30.25,104.25,52.46,1,1,0.0
813,44,422.36,24.24,104.34,49.55,1,1,0.0
814,18,727.47,1.0,220.73,105.6,1,1,0.9117
814,31,491.52,110.29,153.96,66.28,1,1,0.6679
814,32,508.16,151.89,172.31,90.82,1,1,1.0
814,33,869.55,80.43,91.45,44.94,1,1,1.0
814,41,13.77,56.95,132.2,53.68,1,1,1.0
814,42,157.95,38.3,139.63,57.12,1,1,0.0118
814,43,308.49,30.28,104.15,52.48,1,1,0.0
814,44,422.44,24.3,104.33,49.51,1,1,0.0
815,18,727.47,1.0,220.73,105.6,1,1,0.9104
815,31,479.36,111.15,155.88,66.7,1,1,0.6588
815,32,487.68,153.81,176.79,94.44,1,1,1.0
815,33,863.57,81.28,82.5,45.37,1,1,1.0
815,41,13.84,56.98,132.21,53.72,1,1,1.0
815,42,158.12,38.38,139.54,57.08,1,1,0.0128
815,43,308.67,30.32,104.04,52.5,1,1,0.0
815,44,422.53,24.36,104.32,49.47,1,1,0.0
816,18,727.47,1.0,220.73,105.6,1,1,0.9105
816,31,467.2,112.0,157.8,67.13,1,1,0.6514
816,32,467.2,155.73,181.27,98.07,1,1,1.0
816,33,857.6,82.13,85.27,45.8,1,1,1.0
816,41,13.92,57.01,132.2,53.75,1,1,1.0
816,42,158.29,38.45,139.46,57.05,1,1,0.0142
816,43,308.85,30.35,103.94,52.52,1,1,0.0111
816,44,422.61,24.43,104.31,49.43,1,1,0.0
817,18,727.47,1.0,220.73,105.6,1,1,0.9099
817,31,453.76,113.07,159.93,67.13,1,1,0.6927
817,32,442.03,159.57,187.02,98.71,1,1,1.0
817,33,850.77,82.56,87.4,46.87,1,1,1.0
817,41,14.0,57.04,132.2,53.78,1,1,1.0
817,42,158.46,38.53,139.37,57.02,1,1,0.0096
817,43,309.03,30.38,103.83,52.54,1,1,0.0093
817,44,422.7,24.49,104.29,49.38,1,1,0.0
818,18,727.47,1.0,220.73,105.6,1,1,0.9093
818,31,440.32,114.13,162.07,67.14,1,1,0.734
818,32,416.85,163.41,192.79,99.35,1,1,1.0
818,33,843.95,82.99,89.53,47.93,1,1,1.0
818,41,14.07,57.08,132.2,53.81,1,1,1.0
818,42,158.63,38.6,139.29,56.99,1,1,0.0104
818,43,309.22,30.41,103.72,52.56,1,1,0.0075
818,44,422.78,24.56,104.29,49.34,1,1,0.0124
819,18,727.47,1.0,220.73,105.6,1,1,0.9088
819,31,426.88,115.2,164.2,67.13,1,1,0.7765
819,32,391.68,167.25,198.55,99.99,1,1,1.0
819,33,837.12,83.41,91.67,49.0,1,1,1.0
819,41,14.14,57.11,132.2,53.84,1,1,1.0
819,42,158.81,38.68,139.19,56.96,1,1,0.0196
819,43,309.4,30.44,103.61,52.58,1,1,0.0064
819,44,422.87,24.62,104.27,49.3,1,1,0.0122
820,18,727.47,1.0,220.73,105.6,1,1,0.9084
820,31,413.44,116.27,166.33,67.13,1,1,0.8265
820,32,366.51,171.09,204.3,100.63,1,1,1.0
820,33,830.29,83.84,93.8,50.07,1,1,1.0
820,41,14.22,57.14,132.2,53.88,1,1,1.0
820,42,158.98,38.75,139.11,56.92,1,1,0.0409
820,43,309.58,30.48,103.51,52.6,1,1,0.0064
820,44,422.95,24.68,104.27,49.26,1,1,0.0122
821,18,727.47,1.0,220.73,105.6,1,1,0.9081
821,31,400.0,117.33,168.47,67.14,1,1,0.8723
821,32,341.33,174.93,210.07,101.27,1,1,1.0
821,33,823.47,84.27,95.93,51.13,1,1,1.0
821,41,14.29,57.17,132.2,53.91,1,1,1.0
821,42,159.15,38.83,139.02,56.89,1,1,0.0392
821,43,309.76,30.51,103.4,52.63,1,1,0.0064
821,44,423.04,24.75,104.25,49.21,1,1,0.012
822,18,727.47,1.0,220.73,105.6,1,1,0.9103
822,31,386.35,118.61,170.81,68.42,1,1,0.9046
822,32,314.03,179.2,214.76,104.04,1,1,1.0
822,33,817.07,84.91,96.36,51.13,1,1,1.0
822,41,14.37,57.2,132.2,53.94,1,1,1.0
822,42,159.32,38.9,138.94,56.86,1,1,0.0241
822,43,309.94,30.54,103.29,52.65,1,1,0.0063
822,44,423.13,24.81,104.24,49.17,1,1,0.0358
823,18,727.47,1.0,220.73,105.6,1,1,0.9126
823,31,372.69,119.89,173.16,69.7,1,1,0.9323
823,32,286.72,183.47,219.45,106.81,1,1,1.0
823,33,810.67,85.55,96.78,51.13,1,1,1.0
823,41,14.44,57.24,132.2,53.97,1,1,1.0
823,42,159.49,38.98,138.85,56.83,1,1,0.0216
823,43,310.12,30.57,103.19,52.67,1,1,0.0075
823,44,423.21,24.88,104.23,49.13,1,1,0.0344
824,18,727.47,1.0,220.73,105.6,1,1,0.9149
824,31,359.04,121.17,175.51,70.98,1,1,0.9558
824,32,259.41,187.73,224.15,109.59,1,1,1.0
824,33,804.27,86.19,97.21,51.13,1,1,1.0
824,41,14.52,57.27,132.2,54.0,1,1,1.0
824,42,159.66,39.05,138.77,56.8,1,1,0.0191
824,43,310.3,30.6,103.08,52.69,1,1,0.0092
824,44,423.3,24.94,104.22,49.08,1,1,0.0331
825,18,727.47,1.0,220.73,105.6,1,1,0.9172
825,31,345.39,122.45,177.85,72.26,1,1,0.9756
825,32,232.11,192.0,228.84,112.36,1,1,1.0
825,33,797.87,86.83,97.64,51.13,1,1,1.0
825,41,14.59,57.3,132.2,54.04,1,1,1.0
825,42,159.83,39.12,138.68,56.77,1,1,0.0166
825,43,310.49,30.64,102.97,52.71,1,1,0.011
825,44,423.38,25.0,104.21,49.04,1,1,0.0317
826,18,727.47,1.0,220.73,105.6,1,1,0.9195
826,31,331.73,123.73,180.2,73.54,1,1,1.0
826,32,204.8,196.27,233.53,115.13,1,1,1.0
826,33,791.47,87.47,98.06,51.13,1,1,1.0
826,41,14.67,57.33,132.2,54.07,1,1,1.0
826,42,160.0,39.2,138.6,56.73,1,1,0.0141
826,43,310.67,30.67,102.86,52.73,1,1,0.0127
826,44,423.47,25.07,104.2,49.0,1,1,0.0303
827,18,727.47,1.0,220.73,105.6,1,1,0.9212
827,31,317.01,124.16,182.76,75.24,1,1,1.0
827,32,171.31,200.96,238.01,118.55,1,1,1.0
827,33,784.0,88.11,99.35,51.98,1,1,1.0
827,41,14.74,57.36,132.2,54.1,1,1,1.0
827,42,160.17,39.28,138.52,56.7,1,1,0.0128
827,43,310.85,30.7,102.76,52.75,1,1,0.0256
827,44,423.55,25.13,104.19,48.96,1,1,0.029
828,18,727.47,1.0,220.73,105.6,1,1,0.9229
828,31,302.29,124.59,185.32,76.94,1,1,1.0
828,32,137.81,205.65,242.5,121.96,1,1,1.0
828,33,776.53,88.75,100.63,52.84,1,1,1.0
828,41,14.82,57.4,132.2,54.13,1,1,1.0
828,42,160.34,39.35,138.43,56.67,1,1,0.0115
828,43,311.03,30.73,102.65,52.78,1,1,0.0255
828,44,423.64,25.2,104.18,48.91,1,1,0.0199
829,18,727.47,1.0,220.73,105.6,1,1,0.9248
829,31,287.57,125.01,187.88,78.66,1,1,1.0
829,32,104.32,210.35,246.97,125.37,1,1,1.0
829,33,769.07,89.39,101.9,53.69,1,1,1.0
829,41,14.89,57.43,132.2,54.16,1,1,1.0
829,42,160.51,39.42,138.35,56.64,1,1,0.0102
829,43,311.21,30.76,102.55,52.8,1,1,0.0415
829,44,423.72,25.26,104.17,48.87,1,1,0.0178
830,18,727.47,1.0,220.73,105.6,1,1,0.9266
830,31,272.85,125.44,190.44,80.36,1,1,1.0
830,32,70.83,215.04,251.45,128.79,1,1,1.0
830,33,761.6,90.03,103.19,54.54,1,1,1.0
830,41,14.96,57.46,132.21,54.2,1,1,1.0
830,42,160.68,39.5,138.26,56.6,1,1,0.0089
830,43,311.39,30.8,102.44,52.82,1,1,0.0402
830,44,423.81,25.32,104.16,48.83,1,1,0.0157
831,18,727.47,1.0,220.73,105.6,1,1,0.9286
831,31,258.13,125.87,193.0,82.06,1,1,1.0
831,32,37.33,219.73,255.94,132.2,1,1,1.0
831,33,754.13,90.67,104.47,55.4,1,1,1.0
831,41,15.04,57.49,132.2,54.23,1,1,1.0
831,42,160.85,39.57,138.18,56.57,1,1,0.016
831,43,311.57,30.83,102.34,52.84,1,1,0.0389
831,44,423.89,25.39,104.15,48.79,1,1,0.0136
832,18,727.47,1.0,220.73,105.6,1,1,1.0
832,31,242.13,128.21,194.07,82.07,1,1,1.0
832,32,30.93,226.35,229.06,127.08,1,1,1.0
832,33,745.6,92.16,106.39,56.04,1,1,1.0
832,41,15.12,57.52,132.2,54.26,1,1,1.0
832,42,161.02,39.65,138.09,56.54,1,1,0.0141
832,43,311.75,30.86,102.23,52.86,1,1,0.0376
832,44,423.98,25.45,104.13,48.74,1,1,0.0115
833,18,727.47,1.0,220.73,105.6,1,1,1.0
833,31,226.13,130.56,195.14,82.07,1,1,1.0
833,32,24.53,232.96,202.18,121.96,1,1,1.0
833,33,737.07,93.65,108.3,56.68,1,1,1.0
833,41,15.19,57.56,132.2,54.29,1,1,1.0
833,42,161.19,39.72,138.01,56.51,1,1,0.0122
833,43,311.94,30.89,102.12,52.88,1,1,0.0215
833,44,424.06,25.52,104.13,48.7,1,1,0.01
834,18,727.47,1.0,220.73,105.6,1,1,1.0
834,31,210.13,132.91,196.2,82.06,1,1,1.0
834,32,18.13,239.57,175.3,116.84,1,1,1.0
834,33,728.53,95.15,110.23,57.32,1,1,1.0
834,41,15.26,57.59,132.2,54.32,1,1,1.0
834,42,161.37,39.8,137.91,56.48,1,1,0.0102
834,43,312.12,30.92,102.01,52.9,1,1,0.0204
834,44,424.15,25.58,104.11,48.66,1,1,0.0087
835,18,727.47,1.0,220.73,105.6,1,1,1.0
835,31,194.13,135.25,197.27,82.07,1,1,1.0
835,32,1.0,246.19,159.15,111.72,1,1,1.0
835,33,720.0,96.64,112.15,57.96,1,1,1.0
835,41,15.34,57.62,132.2,54.36,1,1,1.0
835,42,161.54,39.87,137.83,56.44,1,1,0.0083
835,43,312.3,30.96,101.91,52.92,1,1,0.0197
835,44,424.23,25.64,104.11,48.62,1,1,0.0073
836,18,727.47,1.0,220.73,105.6,1,1,1.0
836,31,178.13,137.6,198.34,82.07,1,1,1.0
836,32,1.0,252.8,125.87,106.6,1,1,1.0
836,33,711.47,98.13,114.06,58.6,1,1,1.0
836,41,15.41,57.65,132.2,54.39,1,1,1.0
836,42,161.71,39.95,137.74,56.41,1,1,0.0063
836,43,312.48,30.99,101.8,52.95,1,1,0.0191
836,44,424.32,25.71,104.09,48.57,1,1,0.006
837,18,727.47,1.0,220.73,105.6,1,1,1.0
837,31,161.49,139.09,200.9,83.78,1,1,1.0
837,33,702.51,99.2,115.34,59.03,1,1,1.0
837,41,15.49,57.68,132.2,54.42,1,1,1.0
837,42,161.88,40.02,137.66,56.38,1,1,0.0048
837,43,312.66,31.02,101.69,52.97,1,1,0.0185
837,44,424.41,25.77,104.08,48.53,1,1,0.0047
838,18,727.47,1.0,220.73,105.6,1,1,1.0
838,31,144.85,140.59,203.46,85.48,1,1,1.0
838,33,693.55,100.27,116.62,59.45,1,1,1.0
838,41,15.56,57.72,132.2,54.45,1,1,1.0
838,42,162.05,40.1,137.57,56.35,1,1,0.0045
838,43,312.84,31.05,101.59,52.99,1,1,0.0291
838,44,424.49,25.84,104.07,48.49,1,1,0.0034
839,18,727.47,1.0,220.73,105.6,1,1,1.0
839,31,128.21,142.08,206.02,87.19,1,1,1.0
839,33,684.59,101.33,117.9,59.88,1,1,1.0
839,41,15.64,57.75,132.2,54.48,1,1,1.0
839,42,162.22,40.17,137.49,56.32,1,1,0.0052
839,43,313.02,31.08,101.48,53.01,1,1,0.0268
839,44,424.58,25.9,104.06,48.44,1,1,0.0021
840,18,727.47,1.0,220.73,105.6,1,1,1.0
840,31,111.57,143.57,208.58,88.9,1,1,1.0
840,33,675.63,102.4,119.18,60.31,1,1,1.0
840,41,15.71,57.78,132.2,54.52,1,1,1.0
840,42,162.39,40.24,137.4,56.29,1,1,0.0
840,43,313.21,31.12,101.37,53.03,1,1,0.0244
840,44,424.66,25.96,104.05,48.4,1,1,0.0008
841,18,727.47,1.0,220.73,105.6,1,1,1.0
841,31,94.93,145.07,211.14,90.6,1,1,1.0
841,33,666.67,103.47,120.46,60.73,1,1,1.0
841,41,15.79,57.81,132.2,54.55,1,1,1.0
841,42,162.56,40.32,137.32,56.25,1,1,0.0
841,43,313.39,31.15,101.26,53.05,1,1,0.022
841,44,424.75,26.03,104.04,48.36,1,1,0.0
842,18,727.47,1.0,220.73,105.6,1,1,1.0
842,31,77.44,146.56,213.05,91.88,1,1,1.0
842,33,656.21,104.75,122.6,61.58,1,1,1.0
842,41,15.86,57.84,132.2,54.58,1,1,1.0
842,42,162.73,40.4,137.24,56.22,1,1,0.0
842,43,313.57,31.18,101.16,53.07,1,1,0.0197
842,44,424.83,26.09,104.03,48.32,1,1,0.0112
843,18,727.47,1.0,220.73,105.6,1,1,1.0
843,31,59.95,148.05,214.97,93.16,1,1,1.0
843,33,645.76,106.03,124.73,62.44,1,1,1.0
843,41,15.94,57.88,132.2,54.61,1,1,1.0
843,42,162.9,40.47,137.15,56.19,1,1,0.008
843,43,313.75,31.21,101.05,53.1,1,1,0.0173
843,44,424.92,26.16,104.02,48.27,1,1,0.0104
844,18,727.47,1.0,220.73,105.6,1,1,1.0
844,31,42.45,149.55,216.9,94.44,1,1,1.0
844,33,635.31,107.31,126.86,63.29,1,1,1.0
844,41,16.01,57.91,132.2,54.64,1,1,1.0
844,42,163.07,40.54,137.07,56.16,1,1,0.0068
844,43,313.93,31.24,100.95,53.12,1,1,0.0149
844,44,425.0,26.22,104.01,48.23,1,1,0.0097
845,18,727.47,1.0,220.73,105.6,1,1,1.0
845,31,24.96,151.04,218.81,95.72,1,1,1.0
845,33,624.85,108.59,129.0,64.14,1,1,1.0
845,41,16.08,57.94,132.21,54.68,1,1,1.0
845,42,163.24,40.62,136.98,56.12,1,1,0.0055
845,43,314.11,31.28,100.84,53.14,1,1,0.0136
845,44,425.09,26.28,104.0,48.19,1,1,0.0096
846,18,727.47,1.0,220.73,105.6,1,1,1.0
846,31,1.0,152.53,227.2,97.0,1,1,1.0
846,33,614.4,109.87,131.13,65.0,1,1,1.0
846,41,16.16,57.97,132.2,54.71,1,1,1.0
846,42,163.41,40.69,136.9,56.09,1,1,0.0043
846,43,314.29,31.31,100.74,53.16,1,1,0.0133
846,44,425.17,26.35,103.99,48.15,1,1,0.0095
847,18,727.47,1.0,220.73,105.6,1,1,1.0
847,31,1.0,154.67,211.41,95.29,1,1,1.0
847,33,603.09,111.57,133.7,65.86,1,1,1.0
847,41,16.24,58.0,132.2,54.74,1,1,1.0
847,42,163.58,40.77,136.81,56.06,1,1,0.025
847,43,314.47,31.34,100.63,53.18,1,1,0.0134
847,44,425.26,26.41,103.97,48.1,1,1,0.0093
848,18,727.47,1.0,220.73,105.6,1,1,1.0
848,31,1.0,156.8,195.63,93.59,1,1,1.0
848,33,591.79,113.28,136.25,66.71,1,1,1.0
848,41,16.31,58.04,132.2,54.77,1,1,1.0
848,42,163.75,40.84,136.73,56.03,1,1,0.0224
848,43,314.66,31.37,100.52,53.2,1,1,0.0136
848,44,425.34,26.48,103.97,48.06,1,1,0.0093
849,18,727.47,1.0,220.73,105.6,1,1,1.0
849,31,1.0,158.93,179.84,91.88,1,1,1.0
849,33,580.48,114.99,138.81,67.56,1,1,1.0
849,41,16.38,58.07,132.2,54.8,1,1,1.0
849,42,163.93,40.92,136.63,56.0,1,1,0.0198
849,43,314.84,31.4,100.41,53.22,1,1,0.0251
849,44,425.43,26.54,103.95,48.02,1,1,0.0091
850,18,727.47,1.0,220.73,105.6,1,1,1.0
850,31,1.0,161.07,164.05,90.17,1,1,1.0
850,33,569.17,116.69,141.38,68.42,1,1,1.0
850,41,16.46,58.1,132.2,54.84,1,1,1.0
850,42,164.1,40.99,136.55,55.96,1,1,0.018
850,43,315.02,31.44,100.31,53.24,1,1,0.0235
850,44,425.51,26.6,103.95,47.98,1,1,0.0091
851,18,727.47,1.0,220.73,105.6,1,1,1.0
851,31,1.0,163.2,148.27,88.47,1,1,1.0
851,33,557.87,118.4,143.93,69.27,1,1,1.0
851,41,16.53,58.13,132.2,54.87,1,1,1.0
851,42,164.27,41.07,136.46,55.93,1,1,0.0167
851,43,315.2,31.47,100.2,53.27,1,1,0.0219
851,44,425.6,26.67,103.93,47.93,1,1,0.0089
852,18,727.47,1.0,220.73,105.6,1,1,1.0
852,31,1.0,166.61,132.05,85.27,1,1,1.0
852,33,544.85,119.68,146.5,70.12,1,1,1.0
852,41,16.61,58.16,132.2,54.9,1,1,1.0
852,42,164.44,41.14,136.38,55.9,1,1,0.0161
852,43,315.38,31.5,100.09,53.29,1,1,0.0202
852,44,425.69,26.73,103.92,47.89,1,1,0.0089
853,18,727.47,1.0,220.73,105.6,1,1,1.0
853,31,1.0,170.03,115.84,82.06,1,1,1.0
853,33,531.84,120.96,149.05,70.97,1,1,1.0
853,41,16.68,58.2,132.2,54.93,1,1,1.0
853,42,164.61,41.22,136.29,55.87,1,1,0.0156
853,43,315.56,31.53,99.99,53.31,1,1,0.0186
853,44,425.77,26.8,103.91,47.85,1,1,0.0337
854,18,727.47,1.0,220.73,105.6,1,1,1.0
854,31,1.0,173.44,99.63,78.87,1,1,1.0
854,33,518.83,122.24,151.61,71.83,1,1,1.0
854,41,16.76,58.23,132.2,54.96,1,1,1.0
854,42,164.78,41.29,136.21,55.84,1,1,0.0238
854,43,315.74,31.56,99.88,53.33,1,1,0.0169
854,44,425.86,26.86,103.9,47.8,1,1,0.0252
855,18,727.47,1.0,220.73,105.6,1,1,1.0
855,31,1.0,176.85,83.41,75.67,1,1,1.0
855,33,505.81,123.52,154.18,72.68,1,1,1.0
855,41,16.83,58.26,132.2,55.0,1,1,1.0
855,42,164.95,41.36,136.12,55.81,1,1,0.0226
855,43,315.93,31.6,99.77,53.35,1,1,0.0153
855,44,425.94,26.92,103.89,47.76,1,1,0.0231
856,18,727.47,1.0,220.73,105.6,1,1,1.0
856,31,1.0,180.27,67.2,72.46,1,1,1.0
856,33,492.8,124.8,156.73,73.53,1,1,1.0
856,41,16.91,58.29,132.2,55.03,1,1,1.0
856,42,165.12,41.44,136.04,55.77,1,1,0.0214
856,43,316.11,31.63,99.66,53.37,1,1,0.007
856,44,426.03,26.99,103.88,47.72,1,1,0.0212
857,18,727.47,1.0,220.73,105.6,1,1,1.0
857,33,479.36,126.29,158.65,74.18,1,1,1.0
857,41,16.98,58.32,132.2,55.06,1,1,1.0
857,42,165.29,41.52,135.96,55.74,1,1,0.0203
857,43,316.29,31.66,99.56,53.39,1,1,0.0074
857,44,426.11,27.05,103.87,47.68,1,1,0.0199
858,18,727.47,1.0,220.73,105.6,1,1,1.0
858,33,465.92,127.79,160.57,74.81,1,1,1.0
858,41,17.06,58.36,132.2,55.09,1,1,1.0
858,42,165.46,41.59,135.87,55.71,1,1,0.0191
858,43,316.47,31.69,99.45,53.42,1,1,0.0078
858,44,426.2,27.12,103.86,47.63,1,1,0.0186
859,18,727.47,1.0,220.73,105.6,1,1,1.0
859,33,452.48,129.28,162.49,75.45,1,1,1.0
859,41,17.13,58.39,132.2,55.12,1,1,1.0
859,42,165.63,41.66,135.79,55.68,1,1,0.0179
859,43,316.65,31.72,99.35,53.44,1,1,0.0082
859,44,426.28,27.18,103.85,47.59,1,1,0.0173
860,18,727.47,1.0,220.73,105.6,1,1,1.0
860,33,439.04,130.77,164.41,76.1,1,1,1.0
860,41,17.2,58.42,132.21,55.16,1,1,1.0
860,42,165.8,41.74,135.7,55.64,1,1,0.0167
860,43,316.83,31.76,99.24,53.46,1,1,0.0203
860,44,426.37,27.24,103.84,47.55,1,1,0.0159
861,18,727.47,1.0,220.73,105.6,1,1,1.0
861,33,425.6,132.27,166.33,76.73,1,1,1.0
861,41,17.28,58.45,132.2,55.19,1,1,1.0
861,42,165.97,41.81,135.62,55.61,1,1,0.0156
861,43,317.01,31.79,99.14,53.48,1,1,0.0189
861,44,426.45,27.31,103.83,47.51,1,1,0.0146
862,18,727.47,1.0,220.73,105.6,1,1,1.0
862,33,409.81,134.19,168.47,78.22,1,1,1.0
862,41,17.36,58.48,132.2,55.22,1,1,1.0
862,42,166.14,41.89,135.53,55.58,1,1,0.0153
862,43,317.19,31.82,99.03,53.5,1,1,0.0175
862,44,426.54,27.37,103.81,47.46,1,1,0.0133
863,18,727.47,1.0,220.73,105.6,1,1,1.0
863,33,394.03,136.11,170.6,79.72,1,1,1.0
863,41,17.43,58.52,132.2,55.25,1,1,1.0
863,42,166.31,41.96,135.45,55.55,1,1,0.0099
863,43,317.38,31.85,98.92,53.52,1,1,0.016
863,44,426.62,27.44,103.81,47.42,1,1,0.0119
864,18,727.47,1.0,220.73,105.6,1,1,1.0
864,33,378.24,138.03,172.73,81.21,1,1,1.0
864,41,17.5,58.55,132.2,55.28,1,1,1.0
864,42,166.49,42.04,135.35,55.52,1,1,0.01
864,43,317.56,31.88,98.81,53.54,1,1,0.0146
864,44,426.71,27.5,103.79,47.38,1,1,0.0106
865,18,727.47,1.0,220.73,105.6,1,1,1.0
865,33,362.45,139.95,174.87,82.7,1,1,1.0
865,41,17.58,58.58,132.2,55.32,1,1,1.0
865,42,166.66,42.11,135.27,55.48,1,1,0.0108
865,43,317.74,31.92,98.71,53.56,1,1,0.0132
865,44,426.79,27.56,103.79,47.34,1,1,0.0208
866,18,727.47,1.0,220.73,105.6,1,1,1.0
866,33,346.67,141.87,177.0,84.2,1,1,1.0
866,41,17.65,58.61,132.2,55.35,1,1,1.0
866,42,166.83,42.19,135.18,55.45,1,1,0.0201
866,43,317.92,31.95,98.6,53.59,1,1,0.0117
866,44,426.88,27.63,103.77,47.29,1,1,0.0186
867,18,727.47,1.0,220.73,105.6,1,1,1.0
867,33,328.11,143.79,181.48,85.9,1,1,1.0
867,41,17.73,58.64,132.2,55.38,1,1,1.0
867,42,167.0,42.26,135.1,55.42,1,1,0.0196
867,43,318.1,31.98,98.49,53.61,1,1,0.0113
867,44,426.97,27.69,103.76,47.25,1,1,0.0164
868,18,727.47,1.0,220.73,105.6,1,1,1.0
868,33,309.55,145.71,185.96,87.61,1,1,1.0
868,41,17.8,58.68,132.2,55.41,1,1,1.0
868,42,167.17,42.34,135.01,55.39,1,1,0.0192
868,43,318.28,32.01,98.39,53.63,1,1,0.0119
868,44,427.05,27.76,103.75,47.21,1,1,0.0143
869,18,727.47,1.0,220.73,105.6,1,1,1.0
869,33,290.99,147.63,190.44,89.32,1,1,1.0
869,41,17.88,58.71,132.2,55.44,1,1,1.0
869,42,167.34,42.41,134.93,55.36,1,1,0.0049
869,43,318.46,32.04,98.28,53.65,1,1,0.0129
869,44,427.14,27.82,103.74,47.16,1,1,0.0121
870,18,727.47,1.0,220.73,105.6,1,1,1.0
870,33,272.43,149.55,194.92,91.02,1,1,1.0
870,41,17.95,58.74,132.2,55.48,1,1,1.0
870,42,167.51,42.48,134.84,55.33,1,1,0.0036
870,43,318.65,32.08,98.17,53.67,1,1,0.0139
870,44,427.22,27.88,103.73,47.12,1,1,0.0101
871,18,727.47,1.0,220.73,105.6,1,1,1.0
871,33,253.87,151.47,199.4,92.73,1,1,1.0
871,41,18.03,58.77,132.2,55.51,1,1,1.0
871,42,167.68,42.56,134.76,55.29,1,1,0.0024
871,43,318.83,32.11,98.06,53.69,1,1,0.0119
871,44,427.31,27.95,103.72,47.08,1,1,0.0086
872,18,727.47,1.0,220.73,105.6,1,1,1.0
872,33,235.09,153.39,201.96,93.58,1,1,1.0
872,41,18.1,58.8,132.2,55.54,1,1,1.0
872,42,167.85,42.64,134.68,55.26,1,1,0.0011
872,43,319.01,32.14,97.96,53.71,1,1,0.0101
872,44,427.39,28.01,103.71,47.04,1,1,0.0079
873,18,727.47,1.0,220.73,105.6,1,1,1.0
873,33,216.32,155.31,204.52,94.44,1,1,1.0
873,41,18.18,58.84,132.2,55.57,1,1,1.0
873,42,168.02,42.71,134.59,55.23,1,1,0.0
873,43,319.19,32.17,97.85,53.74,1,1,0.0087
873,44,427.48,28.08,103.7,46.99,1,1,0.0082
874,18,727.47,1.0,220.73,105.6,1,1,1.0
874,33,197.55,157.23,207.08,95.29,1,1,1.0
874,41,18.25,58.87,132.2,55.6,1,1,1.0
874,42,168.19,42.78,134.51,55.2,1,1,0.022
874,43,319.37,32.2,97.75,53.76,1,1,0.0077
874,44,427.56,28.14,103.69,46.95,1,1,0.0086
875,18,727.47,1.0,220.73,105.6,1,1,1.0
875,33,178.77,159.15,209.64,96.14,1,1,1.0
875,41,18.32,58.9,132.21,55.64,1,1,1.0
875,42,168.36,42.86,134.42,55.16,1,1,0.0207
875,43,319.55,32.24,97.64,53.78,1,1,0.0066
875,44,427.65,28.2,103.68,46.91,1,1,0.0089
876,18,727.47,1.0,220.73,105.6,1,1,1.0
876,33,160.0,161.07,212.2,97.0,1,1,1.0
876,34,918.4,98.13,42.6,46.87,1,1,0.9865
876,41,18.4,58.93,132.2,55.67,1,1,1.0
876,42,168.53,42.93,134.34,55.13,1,1,0.0194
876,43,319.73,32.27,97.54,53.8,1,1,0.0055
876,44,427.73,28.27,103.67,46.87,1,1,0.0093
877,18,727.47,1.0,220.73,105.6,1,1,1.0
877,33,137.6,165.12,216.68,97.0,1,1,1.0
877,34,910.93,98.56,50.07,47.93,1,1,0.9645
877,41,18.48,58.96,132.2,55.7,1,1,1.0
877,42,168.7,43.01,134.25,55.1,1,1,0.018
877,43,319.91,32.3,97.43,53.82,1,1,0.0044
877,44,427.82,28.33,103.65,46.82,1,1,0.0096
878,18,727.47,1.0,220.73,105.6,1,1,1.0
878,33,115.2,169.17,221.16,97.0,1,1,1.0
878,34,903.47,98.99,57.53,49.0,1,1,0.9384
878,41,18.55,59.0,132.2,55.73,1,1,1.0
878,42,168.87,43.08,134.17,55.07,1,1,0.0252
878,43,320.1,32.33,97.32,53.84,1,1,0.0043
878,44,427.9,28.4,103.65,46.78,1,1,0.01
879,18,727.47,1.0,220.73,105.6,1,1,1.0
879,33,92.8,173.23,225.64,97.0,1,1,1.0
879,34,896.0,99.41,65.0,50.07,1,1,0.9376
879,41,18.62,59.03,132.2,55.76,1,1,1.0
879,42,169.05,43.16,134.07,55.04,1,1,0.0232
879,43,320.28,32.36,97.21,53.86,1,1,0.005
879,44,427.99,28.46,103.63,46.74,1,1,0.0103
880,18,727.47,1.0,220.73,105.6,1,1,1.0
880,33,70.4,177.28,230.12,97.0,1,1,1.0
880,34,888.53,99.84,72.47,51.13,1,1,0.9056
880,41,18.7,59.06,132.2,55.8,1,1,1.0
880,42,169.22,43.23,133.99,55.0,1,1,0.0212
880,43,320.46,32.4,97.11,53.88,1,1,0.0059
880,44,428.07,28.52,103.63,46.7,1,1,0.0114
881,18,727.47,1.0,220.73,105.6,1,1,1.0
881,33,48.0,181.33,234.6,97.0,1,1,1.0
881,34,881.07,100.27,79.93,52.2,1,1,0.877
881,41,18.77,59.09,132.2,55.83,1,1,1.0
881,42,169.39,43.31,133.9,54.97,1,1,0.0192
881,43,320.64,32.43,97.0,53.91,1,1,0.0066
881,44,428.16,28.59,103.61,46.65,1,1,0.0051
882,18,727.47,1.0,220.73,105.6,1,1,1.0
882,33,39.47,183.47,223.5,96.57,1,1,1.0
882,34,874.24,101.33,86.76,51.99,1,1,0.9062
882,41,18.85,59.12,132.2,55.86,1,1,1.0
882,42,169.56,43.38,133.82,54.94,1,1,0.0173
882,43,320.82,32.46,96.89,53.93,1,1,0.0195
882,44,428.25,28.65,103.6,46.61,1,1,0.0056
883,18,727.47,1.0,220.73,105.6,1,1,1.0
883,33,30.93,185.6,212.42,96.15,1,1,1.0
883,34,867.41,102.4,93.59,51.77,1,1,0.8888
883,41,18.92,59.16,132.2,55.89,1,1,1.0
883,42,169.73,43.46,133.73,54.91,1,1,0.0153
883,43,321.0,32.49,96.79,53.95,1,1,0.0103
883,44,428.33,28.72,103.59,46.57,1,1,0.0061
884,18,727.47,1.0,220.73,105.6,1,1,1.0
884,33,22.4,187.73,201.32,95.72,1,1,1.0
884,34,860.59,103.47,100.41,51.56,1,1,0.8916
884,41,19.0,59.19,132.2,55.92,1,1,1.0
884,42,169.9,43.53,133.65,54.88,1,1,0.0134
884,43,321.18,32.52,96.68,53.97,1,1,0.0085
884,44,428.42,28.78,103.58,46.52,1,1,0.0328
885,18,727.47,1.0,220.73,105.6,1,1,1.0
885,33,13.87,189.87,190.22,95.29,1,1,1.0
885,34,853.76,104.53,94.65,51.35,1,1,0.8853
885,41,19.07,59.22,132.2,55.96,1,1,1.0
885,42,170.07,43.6,133.56,54.85,1,1,0.0119
885,43,321.37,32.56,96.57,53.99,1,1,0.0065
885,44,428.5,28.84,103.57,46.48,1,1,0.0319
886,18,727.47,1.0,220.73,105.6,1,1,1.0
886,33,1.0,192.0,183.47,94.87,1,1,1.0
886,34,846.93,105.6,98.07,51.13,1,1,0.8866
886,41,19.15,59.25,132.2,55.99,1,1,1.0
886,42,170.24,43.68,133.48,54.81,1,1,0.0112
886,43,321.55,32.59,96.46,54.01,1,1,0.0047
886,44,428.59,28.91,103.56,46.44,1,1,0.031
887,18,727.89,1.0,233.11,105.39,1,1,1.0
887,33,1.0,195.2,162.35,93.59,1,1,1.0
887,34,838.61,106.45,99.78,52.2,1,1,0.8847
887,41,19.22,59.28,132.2,56.02,1,1,1.0
887,42,170.41,43.76,133.4,54.78,1,1,0.0045
887,43,321.73,32.62,96.36,54.03,1,1,0.0028
887,44,428.67,28.97,103.55,46.4,1,1,0.0301
888,18,728.32,1.0,232.68,105.17,1,1,1.0
888,33,1.0,198.4,141.23,92.31,1,1,1.0
888,34,830.29,107.31,101.48,53.26,1,1,0.8656
888,41,19.3,59.32,132.2,56.05,1,1,1.0
888,42,170.58,43.83,133.31,54.75,1,1,0.0031
888,43,321.91,32.65,96.25,54.06,1,1,0.0009
888,44,428.76,29.04,103.54,46.35,1,1,0.0408
889,18,728.75,1.0,232.25,104.96,1,1,1.0
889,33,1.0,201.6,120.11,91.03,1,1,1.0
889,34,821.97,108.16,103.19,54.33,1,1,0.8641
889,41,19.37,59.35,132.2,56.08,1,1,1.0
889,42,170.75,43.9,133.23,54.72,1,1,0.0111
889,43,322.09,32.68,96.15,54.08,1,1,0.0
889,44,428.84,29.1,103.53,46.31,1,1,0.0392
890,18,729.17,1.0,231.83,104.75,1,1,1.0
890,33,1.0,204.8,98.99,89.75,1,1,1.0
890,34,813.65,109.01,104.9,55.4,1,1,0.8622
890,41,19.44,59.38,132.21,56.12,1,1,1.0
890,42,170.92,43.98,133.14,54.68,1,1,0.0085
890,43,322.27,32.72,96.04,54.1,1,1,0.0
890,44,428.93,29.16,103.52,46.27,1,1,0.0375
891,18,729.6,1.0,231.4,104.53,1,1,1.0
891,33,1.0,208.0,77.87,88.47,1,1,1.0
891,34,805.33,109.87,106.6,56.46,1,1,0.8383
891,41,19.52,59.41,132.2,56.15,1,1,1.0
891,42,171.09,44.05,133.06,54.65,1,1,0.0068
891,43,322.45,32.75,95.94,54.12,1,1,0.0
891,44,429.01,29.23,103.51,46.23,1,1,0.0358
892,18,730.45,1.0,230.55,105.6,1,1,1.0
892,34,796.37,110.93,108.1,57.54,1,1,0.8407
892,41,19.6,59.44,132.2,56.18,1,1,1.0
892,42,171.26,44.13,132.97,54.62,1,1,0.0056
892,43,322.63,32.78,95.83,54.14,1,1,0.0226
892,44,429.1,29.29,103.49,46.18,1,1,0.0341
893,18,731.31,1.0,229.69,106.67,1,1,1.0
893,34,787.41,112.0,109.59,58.6,1,1,0.8386
893,41,19.67,59.48,132.2,56.21,1,1,1.0
893,42,171.43,44.2,132.89,54.59,1,1,0.0043
893,43,322.82,32.81,95.72,54.16,1,1,0.034
893,44,429.18,29.36,103.49,46.14,1,1,0.0325
894,18,732.16,1.0,228.84,107.73,1,1,1.0
894,34,778.45,113.07,111.08,59.66,1,1,0.8377
894,41,19.74,59.51,132.2,56.24,1,1,1.0
894,42,171.61,44.28,132.79,54.56,1,1,0.0029
894,43,323.0,32.84,95.61,54.18,1,1,0.0321
894,44,429.27,29.42,103.47,46.1,1,1,0.0307
895,18,733.01,1.0,227.99,108.8,1,1,1.0
895,34,769.49,114.13,112.58,60.74,1,1,0.8346
895,41,19.82,59.54,132.2,56.28,1,1,1.0
895,42,171.78,44.35,132.71,54.52,1,1,0.0017
895,43,323.18,32.88,95.51,54.2,1,1,0.0306
895,44,429.35,29.48,103.47,46.06,1,1,0.0291
896,18,733.87,1.0,227.13,109.87,1,1,1.0
896,34,760.53,115.2,114.07,61.8,1,1,0.8105
896,41,19.89,59.57,132.2,56.31,1,1,1.0
896,42,171.95,44.43,132.62,54.49,1,1,0.0004
896,43,323.36,32.91,95.4,54.23,1,1,0.0292
896,44,429.44,29.55,103.45,46.01,1,1,0.0273
897,18,733.44,1.0,227.56,109.01,1,1,1.0
897,34,749.44,117.12,116.84,61.8,1,1,0.8119
897,41,19.97,59.6,132.2,56.34,1,1,1.0
897,42,172.12,44.5,132.54,54.46,1,1,0.0
897,43,323.54,32.94,95.29,54.25,1,1,0.0277
897,44,429.53,29.61,103.44,45.97,1,1,0.0255
898,18,733.01,1.0,227.99,108.16,1,1,1.0
898,34,738.35,119.04,119.61,61.8,1,1,0.8178
898,41,20.04,59.64,132.2,56.37,1,1,1.0
898,42,172.29,44.58,132.45,54.43,1,1,0.0001
898,43,323.72,32.97,95.19,54.27,1,1,0.0263
898,44,429.61,29.68,103.43,45.93,1,1,0.0243
899,18,732.59,1.0,228.41,107.31,1,1,1.0
899,34,727.25,120.96,122.39,61.8,1,1,0.8205
899,41,20.12,59.67,132.2,56.4,1,1,1.0
899,42,172.46,44.65,132.37,54.4,1,1,0.0009
899,43,323.9,33.0,95.08,54.29,1,1,0.0248
899,44,429.7,29.74,103.42,45.88,1,1,0.0233
900,18,732.16,1.0,228.84,106.45,1,1,1.0
900,34,716.16,122.88,125.16,61.8,1,1,0.821
900,41,20.19,59.7,132.2,56.44,1,1,1.0
900,42,172.63,44.72,132.28,54.37,1,1,0.0017
900,43,324.09,33.03,94.97,54.31,1,1,0.0248
900,44,429.78,29.8,103.41,45.84,1,1,0.0223
901,18,731.73,1.0,229.27,105.6,1,1,1.0
901,34,705.07,124.8,127.93,61.8,1,1,0.8215
901,41,20.27,59.73,132.2,56.47,1,1,1.0
901,42,172.8,44.8,132.2,54.33,1,1,0.0334
901,43,324.27,33.07,94.86,54.33,1,1,0.0259
901,44,429.87,29.87,103.4,45.8,1,1,0.0213
902,18,731.73,1.0,229.27,105.39,1,1,1.0
902,34,693.97,126.51,129.86,63.5,1,1,0.7907
902,41,20.28,59.76,132.25,56.48,1,1,1.0
902,42,172.84,44.84,132.2,54.31,1,1,0.033
902,43,324.34,33.11,94.78,54.27,1,1,0.0246
902,44,429.89,29.88,103.44,45.79,1,1,0.0214
903,18,731.73,1.0,229.27,105.17,1,1,1.0
903,34,682.88,128.21,131.77,65.22,1,1,0.7907
903,41,20.29,59.78,132.3,56.51,1,1,1.0
903,42,172.89,44.88,132.2,54.29,1,1,0.0326
903,43,324.42,33.15,94.69,54.2,1,1,0.0234
903,44,429.91,29.89,103.48,45.78,1,1,0.0216
904,18,731.73,1.0,229.27,104.96,1,1,1.0
904,34,671.79,129.92,133.69,66.92,1,1,0.7554
904,41,20.3,59.8,132.36,56.53,1,1,1.0
904,42,172.93,44.93,132.2,54.27,1,1,0.0322
904,43,324.49,33.2,94.61,54.14,1,1,0.0221
904,44,429.93,29.9,103.53,45.77,1,1,0.0218
905,18,731.73,1.0,229.27,104.75,1,1,1.0
905,34,660.69,131.63,135.62,68.62,1,1,0.6969
905,41,20.31,59.82,132.41,56.55,1,1,1.0
905,42,172.97,44.97,132.2,54.25,1,1,0.0319
905,43,324.57,33.24,94.52,54.08,1,1,0.0209
905,44,429.95,29.91,103.57,45.76,1,1,0.022
906,18,731.73,1.0,229.27,104.53,1,1,1.0
906,34,649.6,133.33,137.53,70.34,1,1,0.6976
906,41,20.32,59.84,132.47,56.57,1,1,1.0
906,42,173.01,45.01,132.2,54.23,1,1,0.0315
906,43,324.64,33.28,94.44,54.01,1,1,0.0196
906,44,429.97,29.92,103.62,45.75,1,1,0.0222
907,18,732.16,1.0,228.84,105.39,1,1,1.0
907,34,636.16,134.83,140.09,71.4,1,1,0.699
907,41,20.33,59.86,132.52,56.6,1,1,1.0
907,42,173.06,45.06,132.2,54.2,1,1,0.0311
907,43,324.71,33.32,94.36,53.95,1,1,0.0183
907,44,429.99,29.93,103.66,45.74,1,1,0.0224
908,18,732.59,1.0,228.41,106.24,1,1,1.0
908,34,622.72,136.32,142.65,72.47,1,1,0.705
908,41,20.34,59.88,132.57,56.62,1,1,1.0
908,42,173.1,45.1,132.2,54.18,1,1,0.0307
908,43,324.79,33.36,94.27,53.89,1,1,0.0297
908,44,430.02,29.94,103.69,45.73,1,1,0.0226
909,18,733.01,1.0,227.99,107.09,1,1,1.0
909,34,609.28,137.81,145.21,73.54,1,1,0.7132
909,41,20.35,59.9,132.63,56.64,1,1,1.0
909,42,173.14,45.14,132.2,54.16,1,1,0.0304
909,43,324.86,33.41,94.19,53.82,1,1,0.0277
909,44,430.04,29.95,103.74,45.72,1,1,0.0156
910,18,733.44,1.0,227.56,107.95,1,1,1.0
910,34,595.84,139.31,147.77,74.6,1,1,0.6921
910,41,20.36,59.92,132.68,56.66,1,1,1.0
910,42,173.18,45.18,132.2,54.14,1,1,0.03
910,43,324.94,33.45,94.1,53.76,1,1,0.0256
910,44,430.06,29.96,103.78,45.7,1,1,0.0154
911,18,733.87,1.0,227.13,108.8,1,1,0.9422
911,34,582.4,140.8,150.33,75.67,1,1,0.6958
911,35,922.67,72.53,38.33,43.67,1,1,1.0
911,41,20.37,59.95,132.74,56.68,1,1,1.0
911,42,173.23,45.23,132.2,54.12,1,1,0.0296
911,43,325.01,33.49,94.02,53.69,1,1,0.0236
911,44,430.08,29.97,103.83,45.69,1,1,0.0152
912,18,733.65,1.0,227.35,109.44,1,1,0.9337
912,34,566.4,142.72,154.6,77.59,1,1,0.6767
912,35,916.48,73.39,44.52,43.88,1,1,1.0
912,41,20.38,59.97,132.79,56.7,1,1,1.0
912,42,173.27,45.27,132.2,54.1,1,1,0.0292
912,43,325.09,33.54,93.93,53.63,1,1,0.0215
912,44,430.1,29.98,103.87,45.68,1,1,0.015
913,18,733.44,1.0,227.56,110.08,1,1,0.9254
913,34,550.4,144.64,158.87,79.51,1,1,0.6769
913,35,910.29,74.24,50.71,44.09,1,1,1.0
913,41,20.4,59.99,132.84,56.72,1,1,1.0
913,42,173.31,45.31,132.2,54.08,1,1,0.0288
913,43,325.16,33.58,93.85,53.56,1,1,0.0195
913,44,430.12,30.0,103.91,45.67,1,1,0.0147
914,18,733.23,1.0,227.77,110.72,1,1,0.9174
914,34,534.4,146.56,163.13,81.43,1,1,0.6546
914,35,904.11,75.09,56.89,44.31,1,1,1.0
914,41,20.4,60.01,132.9,56.74,1,1,1.0
914,42,173.35,45.36,132.2,54.06,1,1,0.0284
914,43,325.24,33.62,93.75,53.5,1,1,0.0174
914,44,430.14,30.0,103.96,45.66,1,1,0.0146
915,18,733.01,1.0,227.99,111.36,1,1,0.9095
915,34,518.4,148.48,167.4,83.35,1,1,0.6355
915,35,897.92,75.95,63.08,44.52,1,1,1.0
915,41,20.42,60.03,132.94,56.77,1,1,1.0
915,42,173.4,45.4,132.2,54.04,1,1,0.0281
915,43,325.31,33.66,93.67,53.44,1,1,0.0155
915,44,430.17,30.02,103.99,45.65,1,1,0.0146
916,18,732.8,1.0,228.2,112.0,1,1,0.9019
916,34,502.4,150.4,171.67,85.27,1,1,0.6527
916,35,891.73,76.8,69.27,44.73,1,1,0.7083
916,36,920.53,99.2,40.47,50.07,1,1,0.8998
916,41,20.43,60.05,133.0,56.79,1,1,1.0
916,42,173.44,45.44,132.2,54.01,1,1,0.0277
916,43,325.39,33.71,93.58,53.37,1,1,0.0135
916,44,430.19,30.03,104.04,45.64,1,1,0.0146
917,18,732.59,1.0,228.41,111.15,1,1,0.897
917,34,486.19,152.53,172.94,86.98,1,1,0.6556
917,35,884.27,78.08,76.73,44.31,1,1,0.6716
917,36,912.85,99.2,48.15,52.2,1,1,0.8604
917,41,20.44,60.08,133.05,56.8,1,1,1.0
917,42,173.48,45.48,132.2,53.99,1,1,0.0273
917,43,325.46,33.75,93.5,53.31,1,1,0.0116
917,44,430.21,30.04,104.08,45.63,1,1,0.0146
918,18,732.37,1.0,228.63,110.29,1,1,0.8934
918,34,469.97,154.67,174.23,88.68,1,1,0.6326
918,35,876.8,79.36,84.2,43.88,1,1,0.6367
918,36,905.17,99.2,55.83,54.33,1,1,0.8296
918,41,20.45,60.1,133.1,56.83,1,1,1.0
918,42,173.53,45.52,132.2,53.97,1,1,0.0269
918,43,325.54,33.79,93.41,53.24,1,1,0.0095
918,44,430.23,30.05,104.12,45.62,1,1,0.0146
919,18,732.16,1.0,228.84,109.44,1,1,0.8909
919,34,453.76,156.8,175.51,90.39,1,1,0.6316
919,35,869.33,80.64,91.67,43.45,1,1,0.6031
919,36,897.49,99.2,63.51,56.47,1,1,0.7934
919,41,20.46,60.12,133.16,56.85,1,1,1.0
919,42,173.57,45.57,132.2,53.95,1,1,0.0208
919,43,325.61,33.84,93.33,53.18,1,1,0.0076
919,44,430.25,30.06,104.17,45.61,1,1,0.0146
920,18,731.95,1.0,229.05,108.59,1,1,0.8897
920,34,437.55,158.93,176.78,92.1,1,1,0.6338
920,35,861.87,81.92,99.13,43.03,1,1,0.5702
920,36,889.81,99.2,71.19,58.6,1,1,0.7311
920,41,20.47,60.14,133.21,56.87,1,1,1.0
920,42,173.61,45.61,132.2,53.93,1,1,0.0201
920,43,325.69,33.88,93.24,53.12,1,1,0.0056
920,44,430.27,30.07,104.21,45.6,1,1,0.0146
921,18,731.73,1.0,229.27,107.73,1,1,0.9052
921,34,421.33,161.07,178.07,93.8,1,1,0.6137
921,35,854.4,83.2,91.67,42.6,1,1,0.5645
921,36,882.13,99.2,78.87,60.73,1,1,0.7048
921,41,20.48,60.16,133.27,56.89,1,1,1.0
921,42,173.65,45.65,132.2,53.91,1,1,0.0194
921,43,325.76,33.92,93.16,53.05,1,1,0.0041
921,44,430.29,30.08,104.26,45.59,1,1,0.0146
922,18,730.88,1.0,230.12,108.8,1,1,0.9046
922,34,401.49,163.84,181.27,95.29,1,1,0.6214
922,35,846.72,84.05,92.73,43.24,1,1,0.5716
922,36,874.88,100.69,86.12,60.95,1,1,0.7312
922,41,20.49,60.18,133.32,56.92,1,1,1.0
922,42,173.7,45.7,132.2,53.88,1,1,0.0187
922,43,325.83,33.96,93.08,52.99,1,1,0.0025
922,44,430.31,30.09,104.3,45.58,1,1,0.0146
923,18,730.03,1.0,230.97,109.87,1,1,0.904
923,34,381.65,166.61,184.47,96.79,1,1,0.6267
923,35,839.04,84.91,93.8,43.88,1,1,0.5786
923,36,867.63,102.19,93.37,61.16,1,1,0.7039
923,41,20.5,60.2,133.37,56.94,1,1,1.0
923,42,173.74,45.74,132.2,53.86,1,1,0.018
923,43,325.91,34.01,92.99,52.93,1,1,0.001
923,44,430.34,30.1,104.33,45.57,1,1,0.0146
924,18,729.17,1.0,231.83,110.93,1,1,0.9035
924,34,361.81,169.39,187.67,98.28,1,1,0.6369
924,35,831.36,85.76,94.87,44.52,1,1,0.5852
924,36,860.37,103.68,100.63,61.37,1,1,0.685
924,41,20.51,60.22,133.43,56.96,1,1,1.0
924,42,173.78,45.78,132.2,53.84,1,1,0.0173
924,43,325.98,34.05,92.91,52.86,1,1,0.0002
924,44,430.36,30.11,104.38,45.56,1,1,0.0146
925,18,728.32,1.0,220.31,112.0,1,1,0.8974
925,34,341.97,172.16,190.87,99.77,1,1,0.5998
925,35,823.68,86.61,95.93,45.16,1,1,0.5917
925,36,853.12,105.17,107.88,61.59,1,1,0.6969
925,41,20.52,60.24,133.48,56.98,1,1,1.0
925,42,173.82,45.82,132.2,53.82,1,1,0.0166
925,43,326.06,34.09,92.82,52.8,1,1,0.0
925,44,430.38,30.12,104.42,45.54,1,1,0.0146
926,18,727.47,1.0,220.73,113.07,1,1,0.8966
926,34,322.13,174.93,194.07,101.27,1,1,0.603
926,35,816.0,87.47,97.0,45.8,1,1,0.5981
926,36,845.87,106.67,102.33,61.8,1,1,0.6369
926,41,20.53,60.27,133.54,57.0,1,1,1.0
926,42,173.87,45.87,132.2,53.8,1,1,0.0158
926,43,326.13,34.13,92.74,52.73,1,1,0.0
926,44,430.4,30.13,104.47,45.53,1,1,0.0146
927,18,727.25,1.0,220.31,113.07,1,1,0.8978
927,34,297.6,178.99,198.55,101.69,1,1,0.6048
927,35,807.25,88.11,98.07,46.44,1,1,0.5965
927,36,837.33,107.52,103.62,62.44,1,1,0.6506
927,41,20.54,60.29,133.59,57.02,1,1,1.0
927,42,173.91,45.91,132.2,53.78,1,1,0.0152
927,43,326.21,34.18,92.65,52.67,1,1,0.0
927,44,430.42,30.14,104.51,45.52,1,1,0.0147
928,18,727.04,1.0,219.88,113.07,1,1,0.899
928,34,273.07,183.04,203.02,102.12,1,1,0.6122
928,35,798.51,88.75,99.13,47.08,1,1,0.595
928,36,828.8,108.37,104.89,63.08,1,1,0.642
928,41,20.56,60.31,133.64,57.04,1,1,1.0
928,42,173.95,45.95,132.2,53.76,1,1,0.0145
928,43,326.28,34.22,92.57,52.6,1,1,0.0
928,44,430.44,30.16,104.55,45.51,1,1,0.0147
929,18,726.83,1.0,219.45,113.07,1,1,0.9003
929,34,248.53,187.09,207.51,102.55,1,1,0.6261
929,35,789.76,89.39,100.2,47.72,1,1,0.5937
929,36,820.27,109.23,106.17,63.72,1,1,0.6398
929,41,20.56,60.33,133.7,57.06,1,1,1.0
929,42,173.99,46.0,132.2,53.74,1,1,0.0138
929,43,326.36,34.26,92.47,52.54,1,1,0.0
929,44,430.46,30.16,104.6,45.5,1,1,0.0152
930,18,726.61,1.0,219.03,113.07,1,1,0.9017
930,34,224.0,191.15,211.99,102.97,1,1,0.6064
930,35,781.01,90.03,101.27,48.36,1,1,0.5922
930,36,811.73,110.08,107.46,64.36,1,1,0.6528
930,41,20.58,60.35,133.74,57.09,1,1,1.0
930,42,174.04,46.04,132.2,53.72,1,1,0.0
930,43,326.43,34.3,92.39,52.48,1,1,0.0
930,44,430.49,30.18,104.63,45.49,1,1,0.0158
931,18,726.4,1.0,218.6,113.07,1,1,0.9031
931,34,199.47,195.2,216.46,103.4,1,1,0.6157
931,35,772.27,90.67,102.33,49.0,1,1,0.5908
931,36,803.2,110.93,108.73,65.0,1,1,0.6651
931,41,20.59,60.37,133.8,57.11,1,1,1.0
931,42,174.08,46.08,132.2,53.69,1,1,0.0
931,43,326.51,34.35,92.3,52.41,1,1,0.0
931,44,430.51,30.19,104.68,45.48,1,1,0.0165
932,18,725.55,1.0,218.81,111.57,1,1,0.9101
932,34,171.95,199.89,222.44,105.11,1,1,0.6167
932,35,762.24,91.73,105.32,49.64,1,1,0.5854
932,36,792.11,112.64,110.86,65.85,1,1,0.6585
932,41,20.6,60.4,133.85,57.12,1,1,1.0
932,42,174.12,46.12,132.2,53.67,1,1,0.0
932,43,326.58,34.39,92.22,52.35,1,1,0.0
932,44,430.53,30.2,104.72,45.47,1,1,0.017
933,18,724.69,1.0,219.03,110.08,1,1,0.9179
933,34,144.43,204.59,228.41,106.81,1,1,0.6
933,35,752.21,92.8,108.31,50.28,1,1,0.5805
933,36,781.01,114.35,113.0,66.7,1,1,0.6285
933,41,20.61,60.42,133.9,57.15,1,1,1.0
933,42,174.17,46.16,132.2,53.65,1,1,0.0
933,43,326.66,34.43,92.13,52.28,1,1,0.0
933,44,430.55,30.21,104.76,45.46,1,1,0.0176
934,18,723.84,1.0,219.24,108.59,1,1,0.9265
934,34,116.91,209.28,234.38,108.52,1,1,0.5621
934,35,742.19,93.87,111.29,50.92,1,1,0.5762
934,36,769.92,116.05,115.13,67.56,1,1,0.6304
934,41,20.62,60.44,133.96,57.17,1,1,1.0
934,42,174.21,46.21,132.2,53.63,1,1,0.0
934,43,326.73,34.48,92.05,52.22,1,1,0.0
934,44,430.57,30.22,104.81,45.45,1,1,0.0182
935,18,722.99,1.0,219.45,107.09,1,1,0.936
935,34,89.39,213.97,240.36,110.23,1,1,0.5472
935,35,732.16,94.93,114.28,51.56,1,1,0.5728
935,36,758.83,117.76,117.26,68.41,1,1,0.6213
935,41,20.63,60.46,134.01,57.19,1,1,1.0
935,42,174.25,46.25,132.2,53.61,1,1,0.0
935,43,326.81,34.52,91.96,52.16,1,1,0.0129
935,44,430.59,30.23,104.85,45.44,1,1,0.0188
936,18,722.13,1.0,219.67,105.6,1,1,0.9464
936,34,61.87,218.67,246.33,111.93,1,1,0.5482
936,35,722.13,96.0,117.27,52.2,1,1,0.5698
936,36,747.73,119.47,119.4,69.26,1,1,0.6154
936,41,20.64,60.48,134.07,57.21,1,1,1.0
936,42,174.29,46.29,132.2,53.59,1,1,0.0
936,43,326.88,34.56,91.88,52.09,1,1,0.0122
936,44,430.61,30.24,104.9,45.43,1,1,0.0195
937,18,722.35,1.0,218.81,105.6,1,1,0.9525
937,34,51.41,222.08,232.04,111.08,1,1,0.5608
937,35,711.89,96.43,118.34,53.69,1,1,0.5785
937,36,737.71,121.17,120.46,69.7,1,1,0.6154
937,41,20.65,60.5,134.12,57.24,1,1,1.0
937,42,174.34,46.34,132.2,53.56,1,1,0.0
937,43,326.95,34.6,91.8,52.03,1,1,0.0114
937,44,430.63,30.25,104.94,45.42,1,1,0.02
938,18,722.56,1.0,217.96,105.6,1,1,0.9583
938,34,40.96,225.49,217.75,110.23,1,1,0.5937
938,35,701.65,96.85,119.4,55.19,1,1,0.5868
938,36,727.68,122.88,121.53,70.12,1,1,0.6166
938,41,20.66,60.52,134.17,57.26,1,1,1.0
938,42,174.38,46.38,132.2,53.54,1,1,0.0
938,43,327.03,34.65,91.71,51.97,1,1,0.0106
938,44,430.66,30.26,104.97,45.41,1,1,0.0206
939,18,722.77,1.0,217.11,105.6,1,1,0.9638
939,34,30.51,228.91,203.45,109.37,1,1,0.5951
939,35,691.41,97.28,120.47,56.68,1,1,0.5947
939,36,717.65,124.59,122.6,70.54,1,1,0.6183
939,41,20.67,60.54,134.23,57.28,1,1,1.0
939,42,174.42,46.42,132.2,53.52,1,1,0.0
939,43,327.1,34.69,91.63,51.9,1,1,0.0098
939,44,430.68,30.27,105.02,45.4,1,1,0.0213
940,18,722.99,1.0,216.25,105.6,1,1,0.969
940,34,20.05,232.32,189.16,108.52,1,1,0.6241
940,35,681.17,97.71,121.54,58.17,1,1,0.6021
940,36,707.63,126.29,123.66,70.98,1,1,0.6216
940,41,20.68,60.56,134.28,57.3,1,1,1.0
940,42,174.46,46.46,132.2,53.5,1,1,0.0
940,43,327.18,34.73,91.54,51.84,1,1,0.009
940,44,430.7,30.28,105.06,45.38,1,1,0.0147
941,18,723.2,1.0,215.4,105.6,1,1,0.9738
941,34,1.0,235.73,183.47,107.67,1,1,0.6732
941,35,670.93,98.13,122.6,59.67,1,1,0.6092
941,36,697.6,128.0,124.73,71.4,1,1,0.6231
941,41,20.69,60.59,134.34,57.32,1,1,1.0
941,42,174.51,46.51,132.2,53.48,1,1,0.0
941,43,327.25,34.77,91.46,51.77,1,1,0.0317
941,44,430.72,30.29,105.11,45.37,1,1,0.0147
942,18,721.07,1.0,217.1,107.31,1,1,1.0
942,34,1.0,240.85,155.31,104.04,1,1,0.6798
942,35,658.56,99.63,125.16,60.3,1,1,0.6014
942,36,684.16,129.71,128.36,72.89,1,1,0.6076
942,41,20.7,60.61,134.39,57.34,1,1,1.0
942,42,174.55,46.55,132.2,53.46,1,1,0.0
942,43,327.33,34.82,91.37,51.71,1,1,0.0301
942,44,430.74,30.3,105.15,45.36,1,1,0.0147
943,18,718.93,1.0,218.82,109.01,1,1,1.0
943,34,1.0,245.97,127.15,100.42,1,1,0.714
943,35,646.19,101.12,127.72,60.95,1,1,0.5936
943,36,670.72,131.41,131.99,74.39,1,1,0.5994
943,41,20.72,60.63,134.44,57.36,1,1,1.0
943,42,174.59,46.59,132.2,53.44,1,1,0.0
943,43,327.4,34.86,91.29,51.64,1,1,0.0285
943,44,430.76,30.32,105.19,45.35,1,1,0.0263
944,18,716.8,1.0,220.52,110.72,1,1,1.0
944,34,1.0,251.09,98.99,96.79,1,1,0.7707
944,35,633.81,102.61,130.28,61.59,1,1,0.5863
944,36,657.28,133.12,135.61,75.88,1,1,0.5936
944,41,20.72,60.65,134.5,57.38,1,1,1.0
944,42,174.63,46.64,132.2,53.42,1,1,0.0
944,43,327.48,34.9,91.19,51.58,1,1,0.0269
944,44,430.78,30.32,105.24,45.34,1,1,0.0261
945,18,714.67,1.0,222.22,112.43,1,1,1.0
945,34,1.0,256.21,70.83,93.16,1,1,0.8104
945,35,621.44,104.11,132.84,62.22,1,1,0.5791
945,36,643.84,134.83,139.24,77.37,1,1,0.5845
945,41,20.74,60.67,134.54,57.41,1,1,1.0
945,42,174.68,46.68,132.2,53.4,1,1,0.0
945,43,327.55,34.94,91.11,51.52,1,1,0.0253
945,44,430.81,30.34,105.27,45.33,1,1,0.0259
946,18,712.53,1.0,223.94,114.13,1,1,1.0
946,34,1.0,261.33,42.67,89.54,1,1,0.856
946,35,609.07,105.6,135.4,62.87,1,1,0.572
946,36,630.4,136.53,142.87,78.87,1,1,0.5824
946,41,20.75,60.69,134.6,57.43,1,1,1.0
946,42,174.72,46.72,132.2,53.37,1,1,0.0
946,43,327.63,34.99,91.02,51.45,1,1,0.0237
946,44,430.83,30.35,105.32,45.32,1,1,0.0257
947,18,711.68,1.0,223.72,114.13,1,1,1.0
947,35,595.2,106.88,137.75,63.51,1,1,0.5573
947,36,614.83,137.6,145.85,81.43,1,1,0.598
947,41,20.76,60.72,134.65,57.44,1,1,1.0
947,42,174.76,46.76,132.2,53.35,1,1,0.0323
947,43,327.7,35.03,90.94,51.39,1,1,0.0221
947,44,430.85,30.36,105.36,45.31,1,1,0.0255
948,18,710.83,1.0,223.5,114.13,1,1,1.0
948,35,581.33,108.16,140.1,64.15,1,1,0.5427
948,36,599.25,138.67,148.84,83.98,1,1,0.5895
948,41,20.77,60.74,134.7,57.47,1,1,1.0
948,42,174.81,46.8,132.2,53.33,1,1,0.0313
948,43,327.78,35.07,90.85,51.32,1,1,0.0205
948,44,430.87,30.37,105.4,45.3,1,1,0.0253
949,18,709.97,1.0,223.3,114.13,1,1,1.0
949,35,567.47,109.44,142.44,64.79,1,1,0.5281
949,36,583.68,139.73,151.83,86.55,1,1,0.5831
949,41,20.78,60.76,134.76,57.49,1,1,1.0
949,42,174.85,46.85,132.2,53.31,1,1,0.0305
949,43,327.85,35.12,90.77,51.26,1,1,0.0189
949,44,430.89,30.38,105.45,45.29,1,1,0.0251
950,18,709.12,1.0,223.08,114.13,1,1,1.0
950,35,553.6,110.72,144.79,65.43,1,1,0.5139
950,36,568.11,140.8,154.81,89.11,1,1,0.597
950,41,20.79,60.78,134.81,57.51,1,1,1.0
950,42,174.89,46.89,132.2,53.29,1,1,0.0297
950,43,327.93,35.16,90.68,51.2,1,1,0.0172
950,44,430.91,30.39,105.49,45.28,1,1,0.0249
951,18,708.27,1.0,222.86,114.13,1,1,0.9793
951,35,539.73,112.0,147.14,66.07,1,1,0.4998
951,36,552.53,141.87,157.8,91.66,1,1,0.5963
951,37,915.2,82.13,45.8,41.54,1,1,1.0
951,41,20.8,60.8,134.87,57.53,1,1,1.0
951,42,174.93,46.93,132.2,53.27,1,1,0.0289
951,43,328.0,35.2,90.6,51.13,1,1,0.0156
951,44,430.93,30.4,105.54,45.27,1,1,0.0247
952,18,706.77,1.0,224.36,114.13,1,1,0.9706
952,35,525.65,113.28,149.27,67.35,1,1,0.4991
952,36,534.19,144.85,162.28,94.02,1,1,0.5653
952,37,908.16,82.35,52.84,43.45,1,1,1.0
952,41,20.81,60.82,134.92,57.56,1,1,1.0
952,42,174.98,46.98,132.2,53.24,1,1,0.0281
952,43,328.07,35.24,90.52,51.07,1,1,0.0148
952,44,430.95,30.41,105.58,45.26,1,1,0.0245
953,18,705.28,1.0,225.85,114.13,1,1,0.9621
953,35,511.57,114.56,151.4,68.63,1,1,0.4994
953,36,515.84,147.84,166.76,96.36,1,1,0.5625
953,37,901.12,82.56,59.88,45.37,1,1,1.0
953,41,20.82,60.84,134.97,57.58,1,1,1.0
953,42,175.02,47.02,132.2,53.22,1,1,0.0273
953,43,328.15,35.28,90.43,51.01,1,1,0.014
953,44,430.98,30.42,105.61,45.25,1,1,0.0243
954,18,703.79,1.0,227.34,114.13,1,1,0.9538
954,35,497.49,115.84,153.54,69.91,1,1,0.5005
954,36,497.49,150.83,171.24,98.7,1,1,0.5454
954,37,894.08,82.77,66.92,47.3,1,1,1.0
954,41,20.83,60.86,135.03,57.6,1,1,1.0
954,42,175.06,47.06,132.2,53.2,1,1,0.0414
954,43,328.22,35.33,90.35,50.94,1,1,0.0132
954,44,431.0,30.43,105.66,45.24,1,1,0.0241
955,18,702.29,1.0,228.84,114.13,1,1,0.9457
955,35,483.41,117.12,155.67,71.19,1,1,0.5154
955,36,479.15,153.81,175.72,101.06,1,1,0.5188
955,37,887.04,82.99,73.96,49.21,1,1,1.0
955,41,20.84,60.88,135.08,57.62,1,1,1.0
955,42,175.1,47.1,132.2,53.18,1,1,0.0406
955,43,328.3,35.37,90.26,50.88,1,1,0.0124
955,44,431.02,30.44,105.7,45.22,1,1,0.0239
956,18,700.8,1.0,230.33,114.13,1,1,0.9379
956,35,469.33,118.4,157.8,72.47,1,1,0.5299
956,36,460.8,156.8,180.2,103.4,1,1,0.5177
956,37,880.0,83.2,81.0,51.13,1,1,1.0
956,41,20.85,60.91,135.14,57.64,1,1,1.0
956,42,175.15,47.15,132.2,53.16,1,1,0.0547
956,43,328.37,35.41,90.18,50.81,1,1,0.0116
956,44,431.04,30.45,105.75,45.21,1,1,0.0237
957,18,700.37,1.0,229.7,114.35,1,1,0.9319
957,35,451.84,121.17,160.79,72.26,1,1,0.5226
957,36,439.68,158.93,184.04,105.11,1,1,0.5077
957,37,872.53,84.27,88.47,51.13,1,1,1.0
957,41,20.86,60.93,135.19,57.66,1,1,1.0
957,42,175.19,47.19,132.2,53.14,1,1,0.054
957,43,328.45,35.46,90.09,50.75,1,1,0.0107
957,44,431.06,30.46,105.79,45.2,1,1,0.0235
958,18,699.95,1.0,229.05,114.56,1,1,0.9264
958,35,434.35,123.95,163.77,72.04,1,1,0.5153
958,36,418.56,161.07,187.88,106.81,1,1,0.5143
958,37,865.07,85.33,95.93,51.14,1,1,1.0
958,41,20.88,60.95,135.24,57.68,1,1,1.0
958,42,175.23,47.23,132.2,53.12,1,1,0.0532
958,43,328.52,35.5,90.01,50.68,1,1,0.0099
958,44,431.08,30.48,105.83,45.19,1,1,0.0233
959,18,699.52,1.0,228.41,114.77,1,1,0.9212
959,35,416.85,126.72,166.76,71.83,1,1,0.5079
959,36,397.44,163.2,191.72,108.52,1,1,0.5318
959,37,857.6,86.4,91.24,51.13,1,1,1.0
959,41,20.88,60.97,135.29,57.7,1,1,1.0
959,42,175.27,47.28,132.2,53.1,1,1,0.0674
959,43,328.6,35.54,89.91,50.62,1,1,0.0091
959,44,431.1,30.48,105.88,45.18,1,1,0.0231
960,18,699.09,1.0,227.78,114.99,1,1,0.9164
960,35,399.36,129.49,169.75,71.62,1,1,0.5004
960,36,376.32,165.33,195.56,110.23,1,1,0.5373
960,37,850.13,87.47,93.59,51.13,1,1,1.0
960,41,20.9,60.99,135.34,57.73,1,1,1.0
960,42,175.32,47.32,132.2,53.08,1,1,0.0666
960,43,328.67,35.58,89.83,50.56,1,1,0.0082
960,44,431.13,30.5,105.91,45.17,1,1,0.0232
961,18,698.67,1.0,227.13,115.2,1,1,0.9121
961,35,381.87,132.27,172.73,71.4,1,1,0.493
961,36,355.2,167.47,199.4,111.93,1,1,0.5462
961,37,842.67,88.53,95.93,51.14,1,1,1.0
961,41,20.91,61.01,135.4,57.75,1,1,1.0
961,42,175.36,47.36,132.2,53.05,1,1,0.0659
961,43,328.75,35.63,89.74,50.49,1,1,0.0074
961,44,431.15,30.51,105.96,45.16,1,1,0.0237
962,18,697.17,1.0,227.35,116.05,1,1,0.9053
962,35,362.45,134.83,175.51,71.82,1,1,0.5157
962,36,330.45,171.09,203.67,114.71,1,1,0.531
962,37,833.49,89.6,97.86,51.77,1,1,1.0
962,41,20.92,61.04,135.45,57.76,1,1,1.0
962,42,175.4,47.4,132.2,53.03,1,1,0.0651
962,43,328.82,35.67,89.66,50.43,1,1,0.0196
962,44,431.17,30.52,106.0,45.15,1,1,0.0241
963,18,695.68,1.0,227.56,116.91,1,1,0.8987
963,35,343.04,137.39,178.28,72.25,1,1,0.5375
963,36,305.71,174.72,207.93,117.48,1,1,0.5238
963,37,824.32,90.67,99.77,52.41,1,1,1.0
963,41,20.93,61.06,135.5,57.79,1,1,1.0
963,42,175.45,47.44,132.2,53.01,1,1,0.0644
963,43,328.9,35.71,89.57,50.36,1,1,0.0179
963,44,431.19,30.53,106.04,45.14,1,1,0.0244
964,18,694.19,1.0,227.77,117.76,1,1,0.8975
964,35,323.63,139.95,181.05,72.68,1,1,0.5584
964,36,280.96,178.35,212.2,120.25,1,1,0.5154
964,37,815.15,91.73,101.69,53.06,1,1,1.0
964,41,20.94,61.08,135.56,57.81,1,1,1.0
964,42,175.49,47.49,132.2,52.99,1,1,0.0786
964,43,328.97,35.76,89.49,50.3,1,1,0.0163
964,44,431.21,30.54,106.09,45.13,1,1,0.0249
965,18,692.69,1.0,227.99,118.61,1,1,0.8973
965,35,304.21,142.51,183.83,73.1,1,1,0.5783
965,36,256.21,181.97,216.47,123.03,1,1,0.5042
965,37,805.97,92.8,103.62,53.69,1,1,1.0
965,41,20.95,61.1,135.61,57.83,1,1,1.0
965,42,175.53,47.53,132.2,52.97,1,1,0.0628
965,43,329.05,35.8,89.4,50.24,1,1,0.0146
965,44,431.23,30.55,106.13,45.12,1,1,0.0253
966,18,691.2,1.0,228.2,119.47,1,1,0.897
966,35,284.8,145.07,186.6,73.53,1,1,0.5974
966,36,231.47,185.6,220.73,125.8,1,1,0.5163
966,37,796.8,93.87,105.53,54.33,1,1,1.0
966,38,904.53,16.0,56.47,66.07,1,1,0.7367
966,41,20.96,61.12,135.67,57.85,1,1,1.0
966,42,175.57,47.57,132.2,52.95,1,1,0.0713
966,43,329.12,35.84,89.32,50.17,1,1,0.013
966,44,431.25,30.56,106.18,45.11,1,1,0.0257
967,18,688.43,1.0,229.26,118.83,1,1,0.9022
967,35,263.04,148.27,189.8,72.89,1,1,0.6373
967,36,202.67,190.72,225.21,125.37,1,1,0.5047
967,37,786.99,94.93,107.02,54.76,1,1,1.0
967,38,904.32,15.79,56.68,66.28,1,1,0.7641
967,41,20.97,61.14,135.72,57.88,1,1,1.0
967,42,175.62,47.62,132.2,52.92,1,1,0.0702
967,43,329.19,35.88,89.24,50.11,1,1,0.0114
967,44,431.27,30.57,106.22,45.1,1,1,0.0261
968,18,685.65,1.0,230.34,118.19,1,1,0.9076
968,35,241.28,151.47,193.0,72.25,1,1,0.6755
968,36,173.87,195.84,229.69,124.95,1,1,0.5149
968,37,777.17,96.0,108.52,55.19,1,1,1.0
968,38,904.11,15.57,56.89,66.49,1,1,0.7912
968,41,20.98,61.16,135.77,57.9,1,1,1.0
968,42,175.66,47.66,132.2,52.9,1,1,0.0691
968,43,329.27,35.92,89.15,50.05,1,1,0.0097
968,44,431.3,30.58,106.25,45.09,1,1,0.0264
969,18,682.88,1.0,231.4,117.55,1,1,0.9131
969,35,219.52,154.67,196.2,71.61,1,1,0.7122
969,36,145.07,200.96,234.17,124.52,1,1,0.5126
969,37,767.36,97.07,110.01,55.61,1,1,1.0
969,38,903.89,15.36,57.11,66.71,1,1,0.8181
969,41,20.99,61.18,135.83,57.92,1,1,1.0
969,42,175.7,47.7,132.2,52.88,1,1,0.0681
969,43,329.34,35.97,89.07,49.98,1,1,0.008
969,44,431.32,30.59,106.3,45.08,1,1,0.0268
970,18,680.11,1.0,232.46,116.91,1,1,0.9189
970,35,197.76,157.87,199.4,70.97,1,1,0.7472
970,36,116.27,206.08,238.65,124.09,1,1,0.5151
970,37,757.55,98.13,111.5,56.04,1,1,1.0
970,38,903.68,15.15,57.32,66.92,1,1,0.8449
970,41,21.0,61.2,135.88,57.94,1,1,1.0
970,42,175.74,47.74,132.2,52.86,1,1,0.067
970,43,329.42,36.01,88.98,49.92,1,1,0.0065
970,44,431.34,30.6,106.34,45.06,1,1,0.0272
971,18,677.33,1.0,233.54,116.27,1,1,0.9248
971,35,176.0,161.07,202.6,70.33,1,1,0.7808
971,36,87.47,211.2,243.13,123.67,1,1,0.525
971,37,747.73,99.2,113.0,56.47,1,1,1.0
971,38,903.47,14.93,57.53,67.13,1,1,0.8714
971,41,21.01,61.23,135.94,57.96,1,1,1.0
971,42,175.79,47.79,132.2,52.84,1,1,0.081
971,43,329.49,36.05,88.9,49.85,1,1,0.0057
971,44,431.36,30.61,106.39,45.05,1,1,0.0277
972,18,674.56,1.0,234.6,117.12,1,1,0.9243
972,35,150.61,163.84,207.94,72.68,1,1,0.7959
972,36,70.83,216.32,232.46,126.01,1,1,0.5242
972,37,736.43,100.05,115.13,57.54,1,1,1.0
972,38,902.19,15.36,58.81,67.13,1,1,0.8815
972,41,21.02,61.25,135.99,57.98,1,1,1.0
972,42,175.83,47.83,132.2,52.82,1,1,0.0799
972,43,329.57,36.1,88.81,49.79,1,1,0.0048
972,44,431.38,30.62,106.43,45.04,1,1,0.0205
973,18,671.79,1.0,235.66,117.97,1,1,0.9238
973,35,125.23,166.61,213.26,75.03,1,1,0.8097
973,36,54.19,221.44,221.8,128.36,1,1,0.5185
973,37,725.12,100.91,117.27,58.6,1,1,1.0
973,38,900.91,15.79,60.09,67.13,1,1,0.8912
973,41,21.04,61.27,136.04,58.0,1,1,1.0
973,42,175.87,47.87,132.2,52.8,1,1,0.0789
973,43,329.64,36.14,88.73,49.72,1,1,0.0041
973,44,431.4,30.64,106.47,45.03,1,1,0.0204
974,18,669.01,1.0,236.74,118.83,1,1,0.9233
974,35,99.84,169.39,218.6,77.37,1,1,0.8222
974,36,37.55,226.56,211.13,130.71,1,1,0.5191
974,37,713.81,101.76,119.4,59.67,1,1,1.0
974,38,899.63,16.21,61.37,67.13,1,1,0.9003
974,41,21.04,61.29,136.1,58.02,1,1,1.0
974,42,175.91,47.92,132.2,52.78,1,1,0.0778
974,43,329.72,36.18,88.63,49.66,1,1,0.0032
974,44,431.42,30.64,106.52,45.02,1,1,0.0202
975,18,666.24,1.0,237.8,119.68,1,1,0.9228
975,35,74.45,172.16,223.94,79.72,1,1,0.8338
975,36,20.91,231.68,200.46,133.05,1,1,0.517
975,37,702.51,102.61,121.53,60.74,1,1,1.0
975,38,898.35,16.64,62.65,67.13,1,1,0.9092
975,41,21.06,61.31,136.14,58.05,1,1,1.0
975,42,175.96,47.96,132.2,52.76,1,1,0.0767
975,43,329.79,36.22,88.55,49.6,1,1,0.0024
975,44,431.45,30.66,106.55,45.01,1,1,0.0199
976,18,663.47,1.0,238.86,120.53,1,1,0.9224
976,35,49.07,174.93,229.26,82.07,1,1,0.8443
976,36,1.0,236.8,193.07,135.4,1,1,0.5187
976,37,691.2,103.47,123.67,61.8,1,1,1.0
976,38,897.07,17.07,63.93,67.13,1,1,0.9177
976,41,21.07,61.33,136.2,58.07,1,1,1.0
976,42,176.0,48.0,132.2,52.73,1,1,0.0756
976,43,329.87,36.27,88.46,49.53,1,1,0.0015
976,44,431.47,30.67,106.6,45.0,1,1,0.0197
977,18,661.55,1.0,239.5,120.11,1,1,0.9281
977,35,40.11,178.56,216.25,82.28,1,1,0.8909
977,36,1.0,245.12,162.56,126.01,1,1,0.542
977,37,677.97,104.75,126.44,62.65,1,1,1.0
977,38,896.0,17.71,65.0,66.71,1,1,0.9223
977,41,21.08,61.36,136.25,58.08,1,1,1.0
977,42,176.04,48.04,132.2,52.71,1,1,0.0905
977,43,329.94,36.31,88.38,49.47,1,1,0.0007
977,44,431.49,30.68,106.64,44.99,1,1,0.0195
978,18,659.63,1.0,240.14,119.68,1,1,0.9341
978,35,31.15,182.19,203.24,82.49,1,1,0.9317
978,36,1.0,253.44,132.05,116.63,1,1,0.5806
978,37,664.75,106.03,129.21,63.5,1,1,1.0
978,38,894.93,18.35,66.07,66.28,1,1,0.9267
978,41,21.09,61.38,136.3,58.11,1,1,1.0
978,42,176.09,48.08,132.2,52.69,1,1,0.075
978,43,330.02,36.35,88.29,49.4,1,1,0.0
978,44,431.51,30.69,106.68,44.98,1,1,0.0194
979,18,657.71,1.0,240.78,119.25,1,1,0.9433
979,35,22.19,185.81,190.22,82.71,1,1,0.9655
979,36,1.0,261.76,101.55,107.24,1,1,0.6109
979,37,651.52,107.31,131.99,64.36,1,1,1.0
979,38,893.87,18.99,67.13,65.85,1,1,0.9312
979,41,21.1,61.4,136.36,58.13,1,1,1.0
979,42,176.13,48.13,132.2,52.67,1,1,0.0898
979,43,330.09,36.4,88.21,49.34,1,1,0.0149
979,44,431.53,30.7,106.73,44.97,1,1,0.0192
980,18,655.79,1.0,241.42,118.83,1,1,0.9541
980,35,13.23,189.44,177.21,82.92,1,1,0.9909
980,36,1.0,270.08,71.04,97.85,1,1,0.638
980,37,638.29,108.59,134.76,65.21,1,1,1.0
980,38,892.8,19.63,68.2,65.43,1,1,0.9353
980,41,21.11,61.42,136.41,58.15,1,1,1.0
980,42,176.17,48.17,132.2,52.65,1,1,0.0895
980,43,330.17,36.44,88.12,49.28,1,1,0.0145
980,44,431.55,30.71,106.77,44.96,1,1,0.019
981,18,653.87,1.0,242.06,118.4,1,1,0.9638
981,35,1.0,193.07,167.47,83.13,1,1,1.0
981,36,1.0,278.4,40.53,88.47,1,1,0.686
981,37,625.07,109.87,137.53,66.06,1,1,1.0
981,38,891.73,20.27,69.27,65.0,1,1,0.9394
981,41,21.12,61.44,136.47,58.17,1,1,1.0
981,42,176.21,48.21,132.2,52.63,1,1,0.0892
981,43,330.24,36.48,88.04,49.21,1,1,0.0141
981,44,431.57,30.72,106.82,44.95,1,1,0.0188
982,18,651.31,1.0,243.77,119.25,1,1,1.0
982,35,1.0,199.04,141.65,79.29,1,1,1.0
982,37,610.56,111.57,139.45,67.56,1,1,1.0
982,38,890.67,20.27,70.33,65.21,1,1,0.9373
982,41,21.13,61.46,136.52,58.2,1,1,1.0
982,42,176.26,48.26,132.2,52.6,1,1,0.0888
982,43,330.31,36.52,87.96,49.15,1,1,0.0137
982,44,431.59,30.73,106.86,44.94,1,1,0.0186
983,18,648.75,1.0,245.48,120.11,1,1,1.0
983,35,1.0,205.01,115.84,75.46,1,1,1.0
983,37,596.05,113.28,141.38,69.05,1,1,1.0
983,38,889.6,20.27,71.4,65.43,1,1,0.9352
983,41,21.14,61.48,136.57,58.22,1,1,1.0
983,42,176.3,48.3,132.2,52.58,1,1,0.0885
983,43,330.39,36.56,87.87,49.09,1,1,0.0133
983,44,431.62,30.74,106.89,44.93,1,1,0.0183
984,18,646.19,1.0,247.18,120.96,1,1,1.0
984,35,1.0,210.99,90.03,71.61,1,1,1.0
984,37,581.55,114.99,143.29,70.54,1,1,1.0
984,38,888.53,20.27,72.47,65.64,1,1,0.9332
984,41,21.15,61.5,136.63,58.24,1,1,1.0
984,42,176.34,48.34,132.2,52.56,1,1,0.1033
984,43,330.46,36.61,87.79,49.02,1,1,0.0128
984,44,431.64,30.75,106.94,44.92,1,1,0.0459
985,18,643.63,1.0,248.89,121.81,1,1,1.0
985,35,1.0,216.96,64.21,67.77,1,1,1.0
985,37,567.04,116.69,145.21,72.04,1,1,1.0
985,38,887.47,20.27,73.53,65.85,1,1,0.9313
985,41,21.16,61.52,136.68,58.26,1,1,1.0
985,42,176.38,48.38,132.2,52.54,1,1,0.103
985,43,330.54,36.65,87.7,48.96,1,1,0.0124
985,44,431.66,30.76,106.98,44.9,1,1,0.0454
986,18,641.07,1.0,250.6,122.67,1,1,1.0
986,35,1.0,222.93,38.4,63.94,1,1,1.0
986,37,552.53,118.4,147.14,73.53,1,1,1.0
986,38,886.4,20.27,74.6,66.07,1,1,0.9294
986,41,21.17,61.55,136.74,58.28,1,1,1.0
986,42,176.43,48.43,132.2,52.52,1,1,0.1026
986,43,330.61,36.69,87.62,48.89,1,1,0.012
986,44,431.68,30.77,107.03,44.89,1,1,0.0451
987,18,637.87,1.0,251.66,122.45,1,1,1.0
987,37,536.32,119.89,150.76,74.82,1,1,1.0
987,38,885.76,19.84,75.24,66.71,1,1,0.9499
987,41,21.18,61.57,136.79,58.3,1,1,1.0
987,42,176.47,48.47,132.2,52.5,1,1,0.1023
987,43,330.69,36.74,87.53,48.83,1,1,0.0116
987,44,431.7,30.78,107.07,44.88,1,1,0.0446
988,18,634.67,1.0,252.73,122.24,1,1,1.0
988,37,520.11,121.39,154.38,76.09,1,1,1.0
988,38,885.12,19.41,75.88,67.35,1,1,0.97
988,41,21.2,61.59,136.84,58.32,1,1,1.0
988,42,176.51,48.51,132.2,52.48,1,1,0.102
988,43,330.76,36.78,87.45,48.76,1,1,0.0499
988,44,431.72,30.8,107.11,44.87,1,1,0.0442
989,18,631.47,1.0,253.8,122.03,1,1,1.0
989,37,503.89,122.88,158.02,77.37,1,1,1.0
989,38,884.48,18.99,76.52,67.99,1,1,1.0
989,41,21.2,61.61,136.9,58.34,1,1,1.0
989,42,176.55,48.56,132.2,52.46,1,1,0.1019
989,43,330.84,36.82,87.35,48.7,1,1,0.0478
989,44,431.74,30.8,107.16,44.86,1,1,0.0438
990,18,628.27,1.0,254.86,121.81,1,1,1.0
990,37,487.68,124.37,161.64,78.66,1,1,1.0
990,38,883.84,18.56,77.16,68.63,1,1,1.0
990,41,21.22,61.63,136.94,58.37,1,1,1.0
990,42,176.6,48.6,132.2,52.43,1,1,0.1019
990,43,330.91,36.86,87.27,48.64,1,1,0.0457
990,44,431.77,30.82,107.19,44.85,1,1,0.0433
991,18,625.07,1.0,255.93,121.6,1,1,1.0
991,37,471.47,125.87,165.26,79.93,1,1,1.0
991,38,883.2,18.13,77.8,69.27,1,1,1.0
991,41,21.23,61.65,137.0,58.39,1,1,1.0
991,42,176.64,48.64,132.2,52.41,1,1,0.1019
991,43,330.99,36.91,87.18,48.57,1,1,0.0436
991,44,431.79,30.83,107.24,44.84,1,1,0.0432
992,18,622.51,1.0,257.0,123.31,1,1,1.0
992,37,452.69,128.43,167.83,81.21,1,1,1.0
992,38,882.13,18.56,78.87,69.91,1,1,1.0
992,41,21.24,61.68,137.05,58.4,1,1,1.0
992,42,176.68,48.68,132.2,52.39,1,1,0.1171
992,43,331.06,36.95,87.1,48.51,1,1,0.0416
992,44,431.81,30.84,107.28,44.83,1,1,0.0433
993,18,619.95,1.0,258.06,125.01,1,1,1.0
993,37,433.92,130.99,170.39,82.49,1,1,1.0
993,38,881.07,18.99,79.93,70.55,1,1,1.0
993,41,21.25,61.7,137.1,58.43,1,1,1.0
993,42,176.73,48.72,132.2,52.38,1,1,0.1172
993,43,331.14,36.99,87.01,48.44,1,1,0.0394
993,44,431.83,30.85,107.32,44.82,1,1,0.0434
994,18,617.39,1.0,259.13,126.72,1,1,1.0
994,37,415.15,133.55,172.94,83.77,1,1,1.0
994,38,880.0,19.41,81.0,71.19,1,1,1.0
994,41,21.26,61.72,137.16,58.45,1,1,1.0
994,42,176.77,48.77,132.2,52.35,1,1,0.1528
994,43,331.21,37.03,86.93,48.38,1,1,0.0374
994,44,431.85,30.86,107.37,44.81,1,1,0.0437
995,18,614.83,1.0,260.2,128.43,1,1,1.0
995,37,396.37,136.11,175.51,85.05,1,1,1.0
995,38,878.93,19.84,82.07,71.83,1,1,1.0
995,41,21.27,61.74,137.21,58.47,1,1,1.0
995,42,176.81,48.81,132.2,52.33,1,1,0.1375
995,43,331.29,37.08,86.84,48.32,1,1,0.0352
995,44,431.87,30.87,107.41,44.8,1,1,0.0438
996,18,612.27,1.0,261.26,130.13,1,1,1.0
996,37,377.6,138.67,178.07,86.33,1,1,1.0
996,38,877.87,20.27,83.13,72.47,1,1,1.0
996,41,21.28,61.76,137.27,58.49,1,1,1.0
996,42,176.85,48.85,132.2,52.31,1,1,0.1518
996,43,331.36,37.12,86.76,48.25,1,1,0.0332
996,44,431.89,30.88,107.46,44.79,1,1,0.044
997,18,609.07,1.0,262.97,130.56,1,1,1.0
997,37,357.97,142.08,181.06,85.91,1,1,1.0
997,38,876.37,19.84,84.63,72.68,1,1,1.0
997,41,21.29,61.78,137.32,58.52,1,1,1.0
997,42,176.9,48.9,132.2,52.28,1,1,0.1515
997,43,331.43,37.16,86.68,48.19,1,1,0.0311
997,44,431.91,30.89,107.5,44.78,1,1,0.0441
998,18,605.87,1.0,264.68,130.99,1,1,1.0
998,37,338.35,145.49,184.04,85.48,1,1,1.0
998,38,874.88,19.41,86.12,72.89,1,1,1.0
998,41,21.3,61.8,137.37,58.54,1,1,1.0
998,42,176.94,48.94,132.2,52.26,1,1,0.1659
998,43,331.51,37.2,86.59,48.13,1,1,0.0289
998,44,431.94,30.9,107.53,44.77,1,1,0.0442
999,18,602.67,1.0,266.38,131.41,1,1,1.0
999,37,318.72,148.91,187.03,85.05,1,1,1.0
999,38,873.39,18.99,87.61,73.11,1,1,1.0
999,41,21.31,61.82,137.43,58.56,1,1,1.0
999,42,176.98,48.98,132.2,52.24,1,1,0.1507
999,43,331.58,37.25,86.51,48.06,1,1,0.0268
999,44,431.96,30.91,107.58,44.76,1,1,0.0444
1000,18,599.47,1.0,268.09,131.84,1,1,1.0
1000,37,299.09,152.32,190.02,84.63,1,1,1.0
1000,38,871.89,18.56,89.11,73.32,1,1,1.0
1000,41,21.32,61.84,137.48,58.58,1,1,1.0
1000,42,177.02,49.02,132.2,52.23,1,1,0.1653
1000,43,331.66,37.29,86.42,48.0,1,1,0.0246
1000,44,431.98,30.92,107.62,44.74,1,1,0.0445
1001,18,596.27,1.0,269.8,132.27,1,1,1.0
1001,37,279.47,155.73,193.0,84.2,1,1,1.0
1001,38,870.4,18.13,90.6,73.53,1,1,1.0
1001,41,21.33,61.87,137.54,58.6,1,1,1.0
1001,42,177.07,49.07,132.2,52.2,1,1,0.1649
1001,43,331.73,37.33,86.34,47.93,1,1,0.0226
1001,44,432.0,30.93,107.67,44.73,1,1,0.0447
1002,18,593.71,1.0,270.22,132.91,1,1,1.0
1002,37,254.93,157.44,198.12,87.83,1,1,1.0
1002,38,869.97,18.35,91.03,72.89,1,1,1.0
1002,41,21.38,61.92,137.52,58.58,1,1,1.0
1002,42,177.07,49.16,132.25,52.15,1,1,0.1496
1002,43,331.72,37.37,86.42,47.97,1,1,0.0234
1002,44,432.04,30.97,107.64,44.76,1,1,0.0454
1003,18,591.15,1.0,270.65,133.55,1,1,1.0
1003,37,230.4,159.15,203.24,91.45,1,1,1.0
1003,38,869.55,18.56,91.45,72.25,1,1,1.0
1003,41,21.43,61.98,137.49,58.54,1,1,1.0
1003,42,177.08,49.25,132.29,52.1,1,1,0.149
1003,43,331.7,37.4,86.51,48.0,1,1,0.0243
1003,44,432.09,31.0,107.61,44.79,1,1,0.0286
1004,18,588.59,1.0,271.08,134.19,1,1,1.0
1004,37,205.87,160.85,208.36,95.08,1,1,1.0
1004,38,869.12,18.77,91.88,71.61,1,1,1.0
1004,41,21.48,62.04,137.47,58.51,1,1,1.0
1004,42,177.09,49.35,132.33,52.05,1,1,0.1337
1004,43,331.69,37.44,86.59,48.04,1,1,0.0252
1004,44,432.13,31.04,107.58,44.82,1,1,0.0279
1005,18,586.03,1.0,271.5,134.83,1,1,1.0
1005,37,181.33,162.56,213.48,98.71,1,1,1.0
1005,38,868.69,18.99,92.31,70.97,1,1,1.0
1005,41,21.53,62.1,137.45,58.48,1,1,1.0
1005,42,177.1,49.44,132.37,52.0,1,1,0.1183
1005,43,331.68,37.48,86.67,48.08,1,1,0.026
1005,44,432.17,31.08,107.55,44.85,1,1,0.0271
1006,18,583.47,1.0,271.93,135.47,1,1,1.0
1006,37,156.8,164.27,218.6,102.33,1,1,1.0
1006,38,868.27,19.2,92.73,70.33,1,1,1.0
1006,41,21.58,62.15,137.43,58.46,1,1,1.0
1006,42,177.1,49.53,132.42,51.95,1,1,0.1177
1006,43,331.66,37.51,86.76,48.11,1,1,0.027
1006,44,432.21,31.11,107.53,44.88,1,1,0.0265
1007,18,579.63,1.0,273.64,135.89,1,1,1.0
1007,37,129.71,168.11,224.14,102.97,1,1,1.0
1007,38,866.99,20.05,94.01,69.69,1,1,1.0
1007,41,21.63,62.21,137.41,58.43,1,1,1.0
1007,42,177.11,49.62,132.46,51.9,1,1,0.1171
1007,43,331.65,37.55,86.85,48.15,1,1,0.0278
1007,44,432.26,31.15,107.49,44.9,1,1,0.019
1008,18,575.79,6.19,275.34,131.13,1,1,1.0
1008,37,102.61,171.95,229.7,103.61,1,1,1.0
1008,38,865.71,20.91,95.29,69.05,1,1,1.0
1008,41,21.68,62.27,137.39,58.4,1,1,1.0
1008,42,177.12,49.72,132.5,51.85,1,1,0.1018
1008,43,331.63,37.58,86.94,48.18,1,1,0.0129
1008,44,432.3,31.18,107.47,44.93,1,1,0.0182
1009,18,571.95,6.61,277.05,131.14,1,1,1.0
1009,37,75.52,175.79,235.24,104.25,1,1,1.0
1009,38,864.43,21.76,96.57,68.41,1,1,1.0
1009,41,21.73,62.32,137.37,58.38,1,1,1.0
1009,42,177.12,49.81,132.55,51.8,1,1,0.0864
1009,43,331.62,37.62,87.02,48.22,1,1,0.0122
1009,44,432.34,31.22,107.44,44.96,1,1,0.0173
1010,18,568.11,7.04,278.76,131.13,1,1,1.0
1010,37,48.43,179.63,240.78,104.89,1,1,1.0
1010,38,863.15,22.61,97.85,67.77,1,1,1.0
1010,41,21.78,62.38,137.34,58.34,1,1,1.0
1010,42,177.13,49.9,132.59,51.75,1,1,0.0857
1010,43,331.6,37.66,87.11,48.26,1,1,0.0117
1010,44,432.39,31.26,107.41,44.99,1,1,0.0166
1011,18,564.27,7.47,280.46,131.13,1,1,1.0
1011,37,21.33,183.47,246.34,105.53,1,1,1.0
1011,38,861.87,23.47,99.13,67.13,1,1,1.0
1011,41,21.83,62.44,137.32,58.31,1,1,1.0
1011,42,177.14,50.0,132.63,51.7,1,1,0.0795
1011,43,331.59,37.69,87.19,48.29,1,1,0.0111
1011,44,432.43,31.29,107.38,45.02,1,1,0.0157
1012,18,561.71,6.61,281.1,132.84,1,1,1.0
1012,37,17.92,187.73,225.0,103.62,1,1,1.0
1012,38,860.37,23.47,100.63,68.2,1,1,1.0
1012,41,21.88,62.5,137.29,58.28,1,1,1.0
1012,42,177.15,50.09,132.67,51.65,1,1,0.0652
1012,43,331.58,37.73,87.27,48.33,1,1,0.0104
1012,44,432.47,31.33,107.35,45.05,1,1,0.0149
1013,18,559.15,1.0,281.74,139.31,1,1,1.0
1013,37,14.51,192.0,203.66,101.69,1,1,1.0
1013,38,858.88,23.47,102.12,69.27,1,1,1.0
1013,41,21.94,62.55,137.28,58.26,1,1,1.0
1013,42,177.15,50.18,132.72,51.6,1,1,0.0516
1013,43,331.56,37.76,87.37,48.36,1,1,0.0099
1013,44,432.52,31.36,107.32,45.08,1,1,0.0141
1014,18,556.59,1.0,282.38,140.16,1,1,1.0
1014,37,1.0,196.27,192.43,99.77,1,1,1.0
1014,38,857.39,23.47,103.61,70.33,1,1,1.0
1014,41,21.98,62.61,137.26,58.23,1,1,1.0
1014,42,177.16,50.28,132.76,51.55,1,1,0.0365
1014,43,331.55,37.8,87.45,48.4,1,1,0.0093
1014,44,432.56,31.4,107.29,45.1,1,1,0.0133
1015,18,554.03,1.0,283.02,141.01,1,1,1.0
1015,37,1.0,200.53,167.68,97.86,1,1,1.0
1015,38,855.89,23.47,105.11,71.4,1,1,1.0
1015,41,22.04,62.67,137.24,58.2,1,1,1.0
1015,42,177.17,50.37,132.8,51.5,1,1,0.0213
1015,43,331.53,37.83,87.54,48.44,1,1,0.0096
1015,44,432.6,31.43,107.27,45.14,1,1,0.0125
1016,18,551.47,1.0,283.66,141.87,1,1,1.0
1016,37,1.0,204.8,142.93,95.93,1,1,1.0
1016,38,854.4,23.47,106.6,72.47,1,1,1.0
1016,39,926.93,100.27,34.07,42.6,1,1,0.9362
1016,41,22.08,62.73,137.22,58.17,1,1,1.0
1016,42,177.17,50.46,132.85,51.45,1,1,0.0213
1016,43,331.52,37.87,87.62,48.47,1,1,0.0097
1016,44,432.64,31.47,107.24,45.16,1,1,0.0117
1017,18,548.05,1.0,284.74,143.15,1,1,1.0
1017,38,853.12,23.89,107.88,71.83,1,1,1.0
1017,39,921.39,99.84,39.61,45.37,1,1,0.8948
1017,41,22.14,62.78,137.18,58.14,1,1,1.0
1017,42,177.18,50.56,132.89,51.39,1,1,0.0062
1017,43,331.5,37.91,87.71,48.51,1,1,0.01
1017,44,432.69,31.51,107.21,45.19,1,1,0.0109
1018,18,544.64,1.0,285.8,144.43,1,1,1.0
1018,38,851.84,24.32,109.16,71.19,1,1,1.0
1018,39,915.84,99.41,45.16,48.15,1,1,0.8468
1018,41,22.18,62.84,137.16,58.11,1,1,1.0
1018,42,177.19,50.65,132.93,51.35,1,1,0.0061
1018,43,331.49,37.94,87.79,48.54,1,1,0.0102
1018,44,432.73,31.54,107.18,45.22,1,1,0.0101
1019,18,541.23,1.0,286.86,145.71,1,1,1.0
1019,38,850.56,24.75,110.44,70.55,1,1,1.0
1019,39,910.29,98.99,50.71,50.92,1,1,0.7661
1019,41,22.24,62.9,137.15,58.08,1,1,1.0
1019,42,177.2,50.74,132.97,51.3,1,1,0.006
1019,43,331.48,37.98,87.88,48.58,1,1,0.0105
1019,44,432.77,31.58,107.15,45.25,1,1,0.0207
1020,18,537.81,1.0,287.94,146.99,1,1,1.0
1020,38,849.28,25.17,111.72,69.91,1,1,1.0
1020,39,904.75,98.56,56.25,53.69,1,1,0.7346
1020,41,22.28,62.96,137.12,58.06,1,1,1.0
1020,42,177.2,50.84,133.02,51.24,1,1,0.0286
1020,43,331.46,38.01,87.97,48.61,1,1,0.011
1020,44,432.82,31.61,107.12,45.28,1,1,0.0193
1021,18,534.4,1.0,289.0,148.27,1,1,1.0
1021,38,848.0,25.6,113.0,69.27,1,1,1.0
1021,39,899.2,98.13,61.8,56.47,1,1,0.7098
1021,41,22.34,63.01,137.1,58.03,1,1,1.0
1021,42,177.21,50.93,133.06,51.2,1,1,0.0267
1021,43,331.45,38.05,88.05,48.65,1,1,0.0119
1021,44,432.86,31.65,107.09,45.31,1,1,0.0179
1022,18,529.07,1.0,291.77,149.55,1,1,1.0
1022,38,847.57,25.81,113.43,69.69,1,1,1.0
1022,39,891.95,99.63,69.05,56.89,1,1,0.7098
1022,41,22.39,63.07,137.08,58.0,1,1,1.0
1022,42,177.22,51.02,133.1,51.15,1,1,0.0249
1022,43,331.43,38.08,88.14,48.68,1,1,0.0129
1022,44,432.9,31.68,107.07,45.34,1,1,0.0168
1023,18,523.73,6.4,294.55,145.43,1,1,1.0
1023,38,847.15,26.03,113.85,70.12,1,1,1.0
1023,39,884.69,101.12,76.31,57.32,1,1,0.6783
1023,41,22.44,63.13,137.06,57.97,1,1,1.0
1023,42,177.22,51.11,133.15,51.1,1,1,0.0231
1023,43,331.42,38.12,88.22,48.72,1,1,0.0138
1023,44,432.94,31.72,107.04,45.36,1,1,0.0166
1024,18,518.4,7.47,297.32,145.64,1,1,1.0
1024,38,846.72,26.24,114.28,70.55,1,1,1.0
1024,39,877.44,102.61,83.56,57.75,1,1,0.6498
1024,41,22.49,63.18,137.04,57.95,1,1,1.0
1024,42,177.23,51.21,133.19,51.04,1,1,0.0212
1024,43,331.4,38.16,88.31,48.76,1,1,0.0148
1024,44,432.99,31.76,107.01,45.39,1,1,0.0162
1025,18,513.07,8.53,300.09,145.86,1,1,1.0
1025,38,846.29,26.45,114.71,70.97,1,1,1.0
1025,39,870.19,104.11,90.81,58.17,1,1,0.6927
1025,41,22.54,63.24,137.01,57.91,1,1,1.0
1025,42,177.24,51.3,133.23,51.0,1,1,0.0194
1025,43,331.39,38.19,88.39,48.79,1,1,0.0069
1025,44,433.03,31.79,106.98,45.42,1,1,0.0159
1026,18,507.73,9.6,302.87,146.07,1,1,1.0
1026,38,845.87,26.67,115.13,71.4,1,1,1.0
1026,39,862.93,105.6,98.07,58.6,1,1,0.6661
1026,41,22.59,63.3,136.99,57.88,1,1,1.0
1026,42,177.25,51.39,133.27,50.95,1,1,0.0175
1026,43,331.38,38.23,88.48,48.83,1,1,0.0081
1026,44,433.07,31.83,106.95,45.45,1,1,0.0155
1027,18,504.11,9.6,304.36,146.71,1,1,1.0
1027,38,844.8,26.24,116.2,72.68,1,1,1.0
1027,39,855.25,107.09,105.75,58.6,1,1,0.6848
1027,41,22.64,63.36,136.97,57.85,1,1,1.0
1027,42,177.25,51.49,133.32,50.89,1,1,0.0157
1027,43,331.36,38.26,88.57,48.86,1,1,0.0098
1027,44,433.12,31.86,106.92,45.48,1,1,0.0151
1028,18,500.48,9.6,305.85,147.35,1,1,1.0
1028,38,843.73,25.81,117.27,73.96,1,1,1.0
1028,39,847.57,108.59,100.84,58.6,1,1,0.7093
1028,41,22.69,63.41,136.95,57.83,1,1,1.0
1028,42,177.26,51.58,133.36,50.85,1,1,0.0138
1028,43,331.35,38.3,88.65,48.9,1,1,0.0114
1028,44,433.16,31.9,106.89,45.51,1,1,0.0148
1029,18,496.85,9.6,307.35,147.99,1,1,1.0
1029,38,842.67,25.39,118.33,75.24,1,1,1.0
1029,39,839.89,110.08,103.83,58.6,1,1,0.6839
1029,41,22.74,63.47,136.93,57.8,1,1,1.0
1029,42,177.27,51.67,133.4,50.8,1,1,0.0119
1029,43,331.33,38.34,88.74,48.94,1,1,0.013
1029,44,433.2,31.94,106.87,45.54,1,1,0.0144
1030,18,493.23,9.6,308.84,148.63,1,1,1.0
1030,38,841.6,24.96,119.4,76.52,1,1,1.0
1030,39,832.21,111.57,106.82,58.6,1,1,0.7359
1030,41,22.79,63.53,136.91,57.77,1,1,1.0
1030,42,177.27,51.77,133.45,50.74,1,1,0.0101
1030,43,331.32,38.37,88.82,48.97,1,1,0.0146
1030,44,433.25,31.97,106.83,45.56,1,1,0.0139
1031,18,489.6,9.6,310.33,149.27,1,1,1.0
1031,38,840.53,24.53,120.47,77.8,1,1,1.0
1031,39,824.53,113.07,109.8,58.6,1,1,0.7451
1031,41,22.84,63.58,136.89,57.74,1,1,1.0
1031,42,177.28,51.86,133.49,50.7,1,1,0.0082
1031,43,331.3,38.41,88.91,49.01,1,1,0.0163
1031,44,433.29,32.01,106.81,45.59,1,1,0.0135
1032,18,484.48,9.81,312.25,149.27,1,1,1.0
1032,38,837.97,24.96,123.03,76.95,1,1,1.0
1032,39,816.21,114.13,110.87,60.1,1,1,0.7055
1032,41,22.89,63.64,136.86,57.71,1,1,1.0
1032,42,177.29,51.95,133.53,50.65,1,1,0.0063
1032,43,331.29,38.44,89.0,49.04,1,1,0.0178
1032,44,433.33,32.04,106.78,45.62,1,1,0.0132
1033,18,479.36,10.03,314.17,149.26,1,1,1.0
1033,38,835.41,25.39,125.59,76.09,1,1,1.0
1033,39,807.89,115.2,111.94,61.59,1,1,0.699
1033,41,22.94,63.7,136.84,57.68,1,1,1.0
1033,42,177.3,52.04,133.57,50.6,1,1,0.0052
1033,43,331.28,38.48,89.08,49.08,1,1,0.0193
1033,44,433.37,32.08,106.75,45.65,1,1,0.0127
1034,18,474.24,10.24,316.09,149.27,1,1,1.0
1034,38,832.85,25.81,128.15,75.24,1,1,1.0
1034,39,799.57,116.27,113.0,63.08,1,1,0.6978
1034,41,22.99,63.76,136.82,57.65,1,1,1.0
1034,42,177.3,52.14,133.62,50.54,1,1,0.0052
1034,43,331.26,38.52,89.17,49.11,1,1,0.021
1034,44,433.42,32.12,106.72,45.68,1,1,0.0054
1035,18,469.12,10.45,318.01,149.27,1,1,1.0
1035,38,830.29,26.24,130.71,74.39,1,1,1.0
1035,39,791.25,117.33,114.07,64.58,1,1,0.6877
1035,41,23.04,63.81,136.8,57.63,1,1,1.0
1035,42,177.31,52.23,133.66,50.5,1,1,0.0052
1035,43,331.25,38.55,89.25,49.15,1,1,0.0225
1035,44,433.46,32.15,106.69,45.71,1,1,0.0051
1036,18,464.0,10.67,319.93,149.26,1,1,1.0
1036,38,827.73,26.67,133.27,73.53,1,1,1.0
1036,39,782.93,118.4,115.14,66.07,1,1,0.6808
1036,41,23.09,63.87,136.78,57.6,1,1,1.0
1036,42,177.32,52.32,133.7,50.45,1,1,0.0052
1036,43,331.23,38.59,89.34,49.19,1,1,0.0086
1036,44,433.5,32.19,106.67,45.74,1,1,0.0047
1037,18,459.31,10.45,321.64,151.19,1,1,1.0
1037,38,826.03,26.24,134.97,74.17,1,1,1.0
1037,39,773.12,120.32,117.69,66.28,1,1,0.679
1037,41,23.14,63.93,136.76,57.57,1,1,1.0
1037,42,177.32,52.42,133.75,50.39,1,1,0.0056
1037,43,331.22,38.62,89.42,49.22,1,1,0.0087
1037,44,433.55,32.22,106.63,45.76,1,1,0.0042
1038,18,454.61,10.24,323.35,153.11,1,1,1.0
1038,38,824.32,25.81,136.68,74.81,1,1,1.0
1038,39,763.31,122.24,120.25,66.49,1,1,0.6844
1038,41,23.19,63.99,136.74,57.54,1,1,1.0
1038,42,177.33,52.51,133.79,50.35,1,1,0.0059
1038,43,331.2,38.66,89.52,49.26,1,1,0.0089
1038,44,433.59,32.26,106.61,45.79,1,1,0.0038
1039,18,449.92,10.03,325.05,155.02,1,1,1.0
1039,38,822.61,25.39,138.39,75.45,1,1,1.0
1039,39,753.49,124.16,122.82,66.71,1,1,0.653
1039,41,23.24,64.04,136.71,57.51,1,1,1.0
1039,42,177.34,52.6,133.83,50.3,1,1,0.0062
1039,43,331.19,38.69,89.6,49.29,1,1,0.009
1039,44,433.63,32.29,106.58,45.82,1,1,0.0035
1040,18,445.23,9.81,326.76,156.95,1,1,1.0
1040,38,820.91,24.96,140.09,76.09,1,1,1.0
1040,39,743.68,126.08,125.37,66.92,1,1,0.7012
1040,41,23.29,64.1,136.69,57.48,1,1,1.0
1040,42,177.35,52.7,133.87,50.24,1,1,0.0065
1040,43,331.17,38.73,89.69,49.33,1,1,0.0093
1040,44,433.68,32.33,106.55,45.85,1,1,0.003
1041,18,440.53,9.6,328.47,158.87,1,1,1.0
1041,38,819.2,24.53,141.8,76.74,1,1,1.0
1041,39,733.87,128.0,127.93,67.13,1,1,0.7006
1041,41,23.34,64.16,136.67,57.45,1,1,1.0
1041,42,177.35,52.79,133.92,50.19,1,1,0.0308
1041,43,331.16,38.76,89.77,49.36,1,1,0.0341
1041,44,433.72,32.36,106.52,45.88,1,1,0.0026
1042,18,434.56,10.03,331.24,159.5,1,1,1.0
1042,38,817.92,25.17,143.08,77.38,1,1,1.0
1042,39,722.56,129.92,130.49,67.13,1,1,0.7033
1042,41,23.39,64.22,136.65,57.42,1,1,1.0
1042,42,177.36,52.88,133.96,50.15,1,1,0.0299
1042,43,331.15,38.8,89.85,49.4,1,1,0.0335
1042,44,433.76,32.4,106.49,45.91,1,1,0.0023
1043,18,428.59,10.45,334.01,160.15,1,1,1.0
1043,38,816.64,25.81,144.36,78.02,1,1,1.0
1043,39,711.25,131.84,133.06,67.13,1,1,0.6637
1043,41,23.44,64.27,136.63,57.4,1,1,1.0
1043,42,177.37,52.98,134.0,50.1,1,1,0.0292
1043,43,331.13,38.84,89.94,49.44,1,1,0.0337
1043,44,433.8,32.44,106.47,45.94,1,1,0.0
1044,18,422.61,10.88,336.79,160.79,1,1,1.0
1044,38,815.36,26.45,145.64,78.66,1,1,1.0
1044,39,699.95,133.76,135.61,67.13,1,1,0.6692
1044,41,23.49,64.33,136.61,57.37,1,1,1.0
1044,42,177.37,53.07,134.05,50.04,1,1,0.0285
1044,43,331.12,38.87,90.02,49.47,1,1,0.0339
1044,44,433.85,32.47,106.43,45.96,1,1,0.0
1045,18,416.64,11.31,339.56,161.42,1,1,1.0
1045,38,814.08,27.09,146.92,79.3,1,1,1.0
1045,39,688.64,135.68,138.17,67.13,1,1,0.6715
1045,41,23.54,64.39,136.59,57.34,1,1,1.0
1045,42,177.38,53.16,134.09,50.0,1,1,0.0279
1045,43,331.1,38.91,90.12,49.51,1,1,0.0307
1045,44,433.89,32.51,106.41,45.99,1,1,0.0
1046,18,410.67,11.73,342.33,162.07,1,1,1.0
1046,38,812.8,27.73,148.2,79.94,1,1,1.0
1046,39,677.33,137.6,140.74,67.13,1,1,0.632
1046,41,23.59,64.44,136.57,57.32,1,1,1.0
1046,42,177.39,53.26,134.13,49.94,1,1,0.0272
1046,43,331.09,38.94,90.2,49.54,1,1,0.0287
1046,44,433.93,32.54,106.38,46.02,1,1,0.0
1047,18,405.12,11.95,344.47,162.92,1,1,1.0
1047,38,811.52,27.31,149.48,79.72,1,1,1.0
1047,39,663.68,139.09,144.36,69.48,1,1,0.6068
1047,41,23.64,64.5,136.54,57.28,1,1,1.0
1047,42,177.4,53.35,134.17,49.89,1,1,0.0264
1047,43,331.07,38.98,90.29,49.58,1,1,0.027
1047,44,433.98,32.58,106.35,46.05,1,1,0.0
1048,18,399.57,12.16,346.6,163.77,1,1,1.0
1048,38,810.24,26.88,150.76,79.51,1,1,1.0
1048,39,650.03,140.59,147.98,71.82,1,1,0.5822
1048,41,23.69,64.56,136.52,57.25,1,1,1.0
1048,42,177.4,53.44,134.22,49.85,1,1,0.026
1048,43,331.06,39.02,90.37,49.62,1,1,0.0252
1048,44,434.02,32.62,106.32,46.08,1,1,0.0
1049,18,394.03,12.37,348.73,164.63,1,1,1.0
1049,38,808.96,26.45,152.04,79.3,1,1,1.0
1049,39,636.37,142.08,151.62,74.17,1,1,0.5382
1049,41,23.74,64.62,136.5,57.22,1,1,1.0
1049,42,177.41,53.53,134.26,49.8,1,1,0.0252
1049,43,331.05,39.05,90.45,49.65,1,1,0.0236
1049,44,434.06,32.65,106.29,46.11,1,1,0.0
1050,18,388.48,12.59,350.87,165.48,1,1,1.0
1050,38,807.68,26.03,153.32,79.08,1,1,1.0
1050,39,622.72,143.57,155.24,76.52,1,1,0.5284
1050,41,23.79,64.67,136.48,57.2,1,1,1.0
1050,42,177.42,53.63,134.3,49.74,1,1,0.0245
1050,43,331.03,39.09,90.54,49.69,1,1,0.0222
1050,44,434.1,32.69,106.27,46.14,1,1,0.0
1051,18,382.93,12.8,353.0,166.33,1,1,1.0
1051,38,806.4,25.6,154.6,78.87,1,1,1.0
1051,39,609.07,145.07,158.86,78.86,1,1,0.5218
1051,41,23.84,64.73,136.46,57.17,1,1,1.0
1051,42,177.42,53.72,134.35,49.69,1,1,0.0181
1051,43,331.02,39.12,90.63,49.72,1,1,0.0207
1051,44,434.15,32.72,106.23,46.16,1,1,0.0
1052,18,376.11,12.8,356.2,167.4,1,1,1.0
1052,38,804.48,26.03,156.52,78.65,1,1,1.0
1052,39,593.71,146.77,161.85,80.36,1,1,0.542
1052,41,23.89,64.79,136.44,57.14,1,1,1.0
1052,42,177.43,53.81,134.39,49.65,1,1,0.0172
1052,43,331.0,39.16,90.72,49.76,1,1,0.0192
1052,44,434.19,32.76,106.21,46.19,1,1,0.0
1053,18,369.28,12.8,359.4,168.47,1,1,1.0
1053,38,802.56,26.45,158.44,78.44,1,1,1.0
1053,39,578.35,148.48,164.84,81.85,1,1,0.5322
1053,41,23.94,64.84,136.42,57.12,1,1,1.0
1053,42,177.44,53.91,134.43,49.59,1,1,0.0161
1053,43,330.99,39.2,90.8,49.79,1,1,0.0178
1053,44,434.23,32.8,106.18,46.22,1,1,0.0
1054,18,362.45,12.8,362.6,169.53,1,1,1.0
1054,38,800.64,26.88,160.36,78.23,1,1,1.0
1054,39,562.99,150.19,167.82,83.34,1,1,0.5349
1054,41,23.99,64.9,136.39,57.08,1,1,1.0
1054,42,177.45,54.0,134.47,49.54,1,1,0.015
1054,43,330.97,39.23,90.89,49.83,1,1,0.0169
1054,44,434.28,32.83,106.15,46.25,1,1,0.0
1055,18,355.63,12.8,365.8,170.6,1,1,1.0
1055,38,798.72,27.31,162.28,78.01,1,1,1.0
1055,39,547.63,151.89,170.81,84.84,1,1,0.5445
1055,41,24.04,64.96,136.37,57.05,1,1,1.0
1055,42,177.45,54.09,134.52,49.5,1,1,0.016
1055,43,330.96,39.27,90.97,49.87,1,1,0.0159
1055,44,434.32,32.87,106.12,46.28,1,1,0.0
1056,18,348.8,12.8,369.0,171.67,1,1,1.0
1056,38,796.8,27.73,164.2,77.8,1,1,1.0
1056,39,532.27,153.6,173.8,86.33,1,1,0.5375
1056,41,24.09,65.02,136.35,57.02,1,1,1.0
1056,42,177.46,54.18,134.56,49.44,1,1,0.0167
1056,43,330.95,39.3,91.05,49.9,1,1,0.0149
1056,44,434.36,32.9,106.09,46.31,1,1,0.0
1057,18,341.33,13.23,372.63,172.3,1,1,1.0
1057,38,795.73,27.52,165.27,78.01,1,1,1.0
1057,39,514.77,156.16,177.43,88.25,1,1,0.5453
1057,41,24.14,65.07,136.33,57.0,1,1,1.0
1057,42,177.47,54.28,134.6,49.39,1,1,0.0174
1057,43,330.93,39.34,91.15,49.94,1,1,0.0137
1057,44,434.41,32.94,106.06,46.34,1,1,0.0
1058,18,333.87,13.65,376.25,172.95,1,1,1.0
1058,38,794.67,27.31,166.33,78.22,1,1,1.0
1058,39,497.28,158.72,181.05,90.17,1,1,0.5262
1058,41,24.19,65.13,136.31,56.97,1,1,1.0
1058,42,177.47,54.37,134.65,49.34,1,1,0.0183
1058,43,330.92,39.37,91.23,49.97,1,1,0.0122
1058,44,434.45,32.97,106.03,46.36,1,1,0.0
1059,18,326.4,14.08,379.88,173.59,1,1,1.0
1059,38,793.6,27.09,167.4,78.44,1,1,1.0
1059,39,479.79,161.28,184.68,92.09,1,1,0.5336
1059,41,24.24,65.19,136.29,56.94,1,1,1.0
1059,42,177.48,54.46,134.69,49.3,1,1,0.0039
1059,43,330.9,39.41,91.32,50.01,1,1,0.0
1059,44,434.49,33.01,106.01,46.4,1,1,0.0
1060,18,318.93,14.51,383.51,174.22,1,1,1.0
1060,38,792.53,26.88,168.47,78.65,1,1,1.0
1060,39,462.29,163.84,188.31,94.01,1,1,0.5123
1060,41,24.29,65.25,136.27,56.91,1,1,1.0
1060,42,177.49,54.56,134.73,49.24,1,1,0.0038
1060,43,330.89,39.44,91.4,50.04,1,1,0.0
1060,44,434.53,33.04,105.98,46.42,1,1,0.0
1061,18,311.47,14.93,387.13,174.87,1,1,1.0
1061,38,791.47,26.67,169.53,78.86,1,1,1.0
1061,39,444.8,166.4,191.93,95.93,1,1,0.5201
1061,41,24.34,65.3,136.24,56.88,1,1,1.0
1061,42,177.5,54.65,134.77,49.19,1,1,0.0037
1061,43,330.87,39.48,91.49,50.08,1,1,0.0
1061,44,434.58,33.08,105.95,46.45,1,1,0.0
1062,18,303.36,14.72,390.76,176.36,1,1,1.0
1062,38,789.76,26.45,171.24,79.3,1,1,1.0
1062,39,424.32,169.39,196.84,97.64,1,1,0.519
1062,41,24.39,65.36,136.22,56.85,1,1,1.0
1062,42,177.5,54.74,134.82,49.15,1,1,0.0037
1062,43,330.86,39.52,91.57,50.12,1,1,0.0
1062,44,434.62,33.12,105.92,46.48,1,1,0.0
1063,18,295.25,14.51,394.39,177.85,1,1,1.0
1063,38,788.05,26.24,172.95,79.72,1,1,1.0
1063,39,403.84,172.37,201.75,99.35,1,1,0.5287
1063,41,24.44,65.42,136.2,56.82,1,1,1.0
1063,42,177.51,54.84,134.86,49.09,1,1,0.0242
1063,43,330.85,39.55,91.66,50.15,1,1,0.0
1063,44,434.66,33.15,105.89,46.51,1,1,0.0
1064,18,287.15,14.29,398.01,179.35,1,1,1.0
1064,38,786.35,26.03,174.65,80.14,1,1,1.0
1064,39,383.36,175.36,206.65,101.05,1,1,0.5027
1064,41,24.49,65.47,136.18,56.8,1,1,1.0
1064,42,177.52,54.93,134.9,49.04,1,1,0.0212
1064,43,330.83,39.59,91.75,50.19,1,1,0.0
1064,44,434.71,33.19,105.86,46.54,1,1,0.0
1065,18,279.04,14.08,401.64,180.84,1,1,1.0
1065,38,784.64,25.81,176.36,80.58,1,1,1.0
1065,39,362.88,178.35,211.56,102.76,1,1,0.5063
1065,41,24.54,65.53,136.16,56.77,1,1,1.0
1065,42,177.52,55.02,134.95,49.0,1,1,0.0185
1065,43,330.82,39.62,91.83,50.22,1,1,0.0
1065,44,434.75,33.22,105.83,46.57,1,1,0.0
1066,18,270.93,13.87,405.27,182.33,1,1,1.0
1066,38,782.93,25.6,178.07,81.0,1,1,1.0
1066,39,342.4,181.33,216.47,104.47,1,1,0.5042
1066,41,24.59,65.59,136.14,56.74,1,1,1.0
1066,42,177.53,55.12,134.99,48.94,1,1,0.0159
1066,43,330.8,39.66,91.92,50.26,1,1,0.0
1066,44,434.79,33.26,105.81,46.6,1,1,0.0
1067,18,263.25,13.87,407.83,183.82,1,1,1.0
1067,38,781.44,25.6,179.56,81.21,1,1,1.0
1067,39,318.93,184.75,220.31,106.17,1,1,0.5045
1067,41,24.64,65.65,136.12,56.71,1,1,1.0
1067,42,177.54,55.21,135.03,48.89,1,1,0.0136
1067,43,330.79,39.7,92.0,50.3,1,1,0.0
1067,44,434.83,33.3,105.78,46.62,1,1,0.0
1068,18,255.57,13.87,410.39,185.32,1,1,1.0
1068,38,779.95,25.6,181.05,81.43,1,1,1.0
1068,39,295.47,188.16,224.14,107.88,1,1,0.5016
1068,41,24.69,65.7,136.1,56.69,1,1,1.0
1068,42,177.55,55.3,135.07,48.84,1,1,0.0115
1068,43,330.77,39.73,92.09,50.33,1,1,0.0
1068,44,434.88,33.33,105.75,46.65,1,1,0.0
1069,18,247.89,13.87,412.95,186.81,1,1,1.0
1069,38,778.45,25.6,182.55,81.64,1,1,1.0
1069,39,272.0,191.57,227.99,109.59,1,1,0.4981
1069,41,24.74,65.76,136.07,56.65,1,1,1.0
1069,42,177.55,55.4,135.12,48.8,1,1,0.0097
1069,43,330.76,39.77,92.17,50.37,1,1,0.0
1069,44,434.92,33.37,105.72,46.68,1,1,0.0
1070,18,240.21,13.87,415.51,188.3,1,1,1.0
1070,38,776.96,25.6,184.04,81.85,1,1,1.0
1070,39,248.53,194.99,231.83,111.29,1,1,0.5123
1070,41,24.79,65.82,136.05,56.62,1,1,1.0
1070,42,177.56,55.49,135.16,48.74,1,1,0.0081
1070,43,330.75,39.8,92.26,50.4,1,1,0.0
1070,44,434.96,33.4,105.69,46.71,1,1,0.0
1071,18,232.53,13.87,418.07,189.8,1,1,1.0
1071,38,775.47,25.6,185.53,82.07,1,1,1.0
1071,39,225.07,198.4,235.66,113.0,1,1,0.5152
1071,41,24.84,65.88,136.03,56.59,1,1,1.0
1071,42,177.57,55.58,135.2,48.69,1,1,0.0067
1071,43,330.73,39.84,92.35,50.44,1,1,0.0
1071,44,435.01,33.44,105.66,46.74,1,1,0.0
1072,18,222.08,14.29,424.04,191.72,1,1,1.0
1072,38,773.33,25.81,187.67,82.07,1,1,1.0
1072,39,196.91,202.67,243.77,114.92,1,1,0.5062
1072,41,24.89,65.93,136.01,56.57,1,1,1.0
1072,42,177.57,55.67,135.25,48.65,1,1,0.0054
1072,43,330.72,39.88,92.43,50.47,1,1,0.0
1072,44,435.05,33.48,105.63,46.77,1,1,0.0
1073,18,211.63,14.72,430.01,193.64,1,1,1.0
1073,38,771.2,26.03,189.8,82.06,1,1,1.0
1073,39,168.75,206.93,251.88,116.84,1,1,0.5056
1073,41,24.94,65.99,135.99,56.54,1,1,1.0
1073,42,177.58,55.77,135.29,48.59,1,1,0.0043
1073,43,330.7,39.91,92.52,50.51,1,1,0.0
1073,44,435.09,33.51,105.61,46.8,1,1,0.0
1074,18,201.17,15.15,435.99,195.56,1,1,1.0
1074,38,769.07,26.24,191.93,82.07,1,1,1.0
1074,39,140.59,211.2,259.98,118.76,1,1,0.4951
1074,41,24.99,66.05,135.97,56.51,1,1,1.0
1074,42,177.59,55.86,135.33,48.54,1,1,0.0035
1074,43,330.69,39.95,92.6,50.55,1,1,0.0
1074,44,435.14,33.55,105.57,46.82,1,1,0.0
1075,18,190.72,15.57,441.96,197.48,1,1,1.0
1075,38,766.93,26.45,194.07,82.07,1,1,1.0
1075,39,112.43,215.47,268.09,120.68,1,1,0.4684
1075,41,25.04,66.1,135.95,56.48,1,1,1.0
1075,42,177.6,55.95,135.37,48.5,1,1,0.003
1075,43,330.67,39.98,92.69,50.58,1,1,0.0
1075,44,435.18,33.58,105.55,46.85,1,1,0.0
1076,18,180.27,16.0,447.93,199.4,1,1,1.0
1076,38,764.8,26.67,196.2,82.06,1,1,1.0
1076,39,84.27,219.73,276.2,122.6,1,1,0.459
1076,41,25.09,66.16,135.92,56.45,1,1,1.0
1076,42,177.6,56.05,135.43,48.44,1,1,0.003
1076,43,330.66,40.02,92.78,50.62,1,1,0.0
1076,44,435.22,33.62,105.52,46.88,1,1,0.0
1077,18,169.81,16.21,452.2,200.26,1,1,1.0
1077,38,763.31,26.67,197.69,82.28,1,1,1.0
1077,39,68.48,224.21,265.96,125.59,1,1,0.4601
1077,41,25.14,66.22,135.9,56.42,1,1,1.0
1077,42,177.61,56.14,135.47,48.39,1,1,0.0
1077,43,330.65,40.05,92.86,50.65,1,1,0.0
1077,44,435.26,33.65,105.49,46.91,1,1,0.0
1078,18,159.36,16.43,456.47,201.1,1,1,1.0
1078,38,761.81,26.67,199.19,82.49,1,1,1.0
1078,39,52.69,228.69,255.72,128.58,1,1,0.4634
1078,41,25.19,66.28,135.88,56.39,1,1,0.9874
1078,42,177.62,56.23,135.51,48.34,1,1,0.0
1078,43,330.63,40.09,92.95,50.69,1,1,0.0
1078,44,435.31,33.69,105.46,46.94,1,1,0.0
1079,18,148.91,16.64,460.73,201.96,1,1,1.0
1079,38,760.32,26.67,200.68,82.7,1,1,1.0
1079,39,36.91,233.17,245.48,131.56,1,1,0.4648
1079,41,25.24,66.33,135.86,56.37,1,1,0.9103
1079,42,177.63,56.33,135.55,48.29,1,1,0.0
1079,43,330.62,40.12,93.03,50.73,1,1,0.0
1079,44,435.35,33.72,105.43,46.97,1,1,0.0
1080,18,138.45,16.85,465.0,202.82,1,1,1.0
1080,38,758.83,26.67,202.17,82.92,1,1,1.0
1080,39,21.12,237.65,235.24,134.55,1,1,0.4506
1080,41,25.29,66.39,135.84,56.34,1,1,0.833
1080,42,177.63,56.42,135.6,48.24,1,1,0.0
1080,43,330.6,40.16,93.12,50.76,1,1,0.0
1080,44,435.39,33.76,105.41,47.0,1,1,0.0
1081,18,128.0,17.07,469.27,203.66,1,1,1.0
1081,38,757.33,26.67,203.67,83.13,1,1,1.0
1081,39,1.0,242.13,229.33,137.54,1,1,0.4666
1081,41,25.34,66.45,135.82,56.31,1,1,0.7558
1081,42,177.64,56.51,135.64,48.19,1,1,0.0
1081,43,330.59,40.2,93.2,50.8,1,1,0.0
1081,44,435.44,33.8,105.37,47.02,1,1,0.0
1082,18,116.27,17.28,474.38,206.44,1,1,1.0
1082,38,755.63,26.67,205.37,83.34,1,1,1.0
1082,39,1.0,247.47,200.96,132.62,1,1,0.4794
1082,41,25.39,66.51,135.8,56.28,1,1,0.6692
1082,42,177.65,56.6,135.68,48.14,1,1,0.0
1082,43,330.57,40.23,93.3,50.83,1,1,0.0
1082,44,435.48,33.83,105.35,47.05,1,1,0.0
1083,18,104.53,17.49,479.51,209.22,1,1,1.0
1083,38,753.92,26.67,207.08,83.56,1,1,1.0
1083,39,1.0,252.8,172.59,127.72,1,1,0.5207
1083,41,25.44,66.56,135.77,56.25,1,1,0.5825
1083,42,177.65,56.7,135.73,48.09,1,1,0.0
1083,43,330.56,40.27,93.38,50.87,1,1,0.0
1083,44,435.52,33.87,105.32,47.08,1,1,0.0
1084,18,92.8,17.71,484.63,211.98,1,1,1.0
1084,38,752.21,26.67,208.79,83.77,1,1,1.0
1084,39,1.0,258.13,144.21,122.82,1,1,0.5466
1084,41,25.49,66.62,135.75,56.22,1,1,0.4958
1084,42,177.66,56.79,135.77,48.04,1,1,0.0
1084,43,330.54,40.3,93.47,50.9,1,1,0.0
1084,44,435.57,33.9,105.29,47.11,1,1,0.0
1085,18,81.07,17.92,489.74,214.76,1,1,1.0
1085,38,750.51,26.67,210.49,83.98,1,1,1.0
1085,39,1.0,263.47,115.84,117.9,1,1,0.588
1085,41,25.54,66.68,135.73,56.19,1,1,0.4091
1085,42,177.67,56.88,135.81,47.99,1,1,0.0
1085,43,330.53,40.34,93.55,50.94,1,1,0.0
1085,44,435.61,33.94,105.26,47.14,1,1,0.0
1086,18,69.33,18.13,494.87,217.54,1,1,1.0
1086,38,748.8,26.67,212.2,84.2,1,1,1.0
1086,39,1.0,268.8,87.47,113.0,1,1,0.6168
1086,41,25.59,66.74,135.71,56.16,1,1,0.3223
1086,42,177.68,56.98,135.85,47.94,1,1,0.0
1086,43,330.52,40.38,93.63,50.98,1,1,0.0
1086,44,435.65,33.98,105.23,47.17,1,1,0.0
1087,18,59.31,19.2,497.64,216.47,1,1,1.0
1087,38,746.03,26.88,214.97,84.63,1,1,1.0
1087,41,25.64,66.79,135.69,56.14,1,1,0.2481
1087,42,177.68,57.07,135.9,47.89,1,1,0.0
1087,43,330.5,40.41,93.72,51.01,1,1,0.0
1087,44,435.69,34.01,105.21,47.2,1,1,0.0
1088,18,49.28,20.27,500.41,215.4,1,1,1.0
1088,38,743.25,27.09,217.75,85.06,1,1,1.0
1088,41,25.69,66.85,135.67,56.11,1,1,0.1739
1088,42,177.69,57.16,135.94,47.84,1,1,0.0
1088,43,330.49,40.45,93.8,51.05,1,1,0.0
1088,44,435.74,34.05,105.17,47.22,1,1,0.0
1089,18,39.25,21.33,503.19,214.34,1,1,1.0
1089,38,740.48,27.31,220.52,85.48,1,1,1.0
1089,41,25.74,66.91,135.65,56.08,1,1,0.0996
1089,42,177.7,57.26,135.98,47.79,1,1,0.0
1089,43,330.47,40.48,93.9,51.08,1,1,0.0
1089,44,435.78,34.08,105.15,47.25,1,1,0.0
1090,18,29.23,22.4,505.96,213.27,1,1,1.0
1090,38,737.71,27.52,223.29,85.91,1,1,1.0
1090,41,25.79,66.96,135.63,56.06,1,1,0.0253
1090,42,177.7,57.35,136.03,47.74,1,1,0.0
1090,43,330.46,40.52,93.98,51.12,1,1,0.0
1090,44,435.82,34.12,105.12,47.28,1,1,0.0005
1091,18,19.2,23.47,508.73,212.2,1,1,1.0
1091,38,734.93,27.73,213.27,86.34,1,1,1.0
1091,41,25.84,67.02,135.6,56.02,1,1,0.0
1091,42,177.71,57.44,136.07,47.69,1,1,0.0
1091,43,330.44,40.56,94.07,51.16,1,1,0.0
1091,44,435.87,34.16,105.09,47.31,1,1,0.0012
1092,18,15.57,22.83,504.47,214.12,1,1,1.0
1092,38,733.23,27.73,213.48,86.55,1,1,1.0
1092,41,25.89,67.08,135.58,55.99,1,1,0.0
1092,42,177.72,57.54,136.11,47.64,1,1,0.0
1092,43,330.43,40.59,94.15,51.19,1,1,0.0
1092,44,435.91,34.19,105.06,47.34,1,1,0.0022
1093,18,1.0,22.19,511.15,216.04,1,1,1.0
1093,38,731.52,27.73,213.69,86.76,1,1,1.0
1093,41,25.94,67.14,135.56,55.96,1,1,0.0
1093,42,177.73,57.63,136.15,47.59,1,1,0.0
1093,43,330.42,40.63,94.23,51.23,1,1,0.0
1093,44,435.95,34.23,105.03,47.37,1,1,0.0034
1094,18,1.0,21.55,503.25,217.96,1,1,1.0
1094,38,729.81,27.73,213.91,86.98,1,1,1.0
1094,41,25.99,67.19,135.54,55.94,1,1,0.0
1094,42,177.73,57.72,136.2,47.54,1,1,0.0
1094,43,330.4,40.66,94.32,51.26,1,1,0.0
1094,44,435.99,34.26,105.01,47.4,1,1,0.0049
1095,18,1.0,20.91,495.36,219.88,1,1,1.0
1095,38,728.11,27.73,214.12,87.19,1,1,1.0
1095,41,26.04,67.25,135.52,55.91,1,1,0.0
1095,42,177.74,57.82,136.24,47.48,1,1,0.0
1095,43,330.39,40.7,94.41,51.3,1,1,0.0
1095,44,436.04,34.3,104.97,47.42,1,1,0.0066
1096,18,1.0,20.27,487.47,221.8,1,1,1.0
1096,38,726.4,27.73,214.33,87.4,1,1,1.0
1096,41,26.09,67.31,135.5,55.88,1,1,0.0
1096,42,177.75,57.91,136.28,47.44,1,1,0.0
1096,43,330.37,40.73,94.5,51.33,1,1,0.0
1096,44,436.08,34.33,104.95,47.45,1,1,0.0003
1097,18,1.0,22.19,478.72,219.66,1,1,1.0
1097,38,723.84,27.95,214.97,87.18,1,1,1.0
1097,41,26.14,67.36,135.48,55.86,1,1,0.0
1097,42,177.75,58.0,136.33,47.39,1,1,0.0
1097,43,330.36,40.77,94.58,51.37,1,1,0.0
1097,44,436.12,34.37,104.92,47.48,1,1,0.0004
1098,18,1.0,24.11,469.97,217.53,1,1,1.0
1098,38,721.28,28.16,215.61,86.97,1,1,1.0
1098,41,26.19,67.42,135.45,55.82,1,1,0.0
1098,42,177.76,58.09,136.37,47.34,1,1,0.0
1098,43,330.34,40.8,94.67,51.41,1,1,0.0
1098,44,436.17,34.4,104.89,47.51,1,1,0.0006
1099,18,1.0,26.03,461.23,215.4,1,1,1.0
1099,38,718.72,28.37,216.25,86.76,1,1,1.0
1099,41,26.24,67.48,135.43,55.79,1,1,0.0
1099,42,177.77,58.19,136.41,47.29,1,1,0.0
1099,43,330.33,40.84,94.75,51.44,1,1,0.0
1099,44,436.21,34.44,104.86,47.54,1,1,0.0007
1100,18,1.0,27.95,452.48,213.26,1,1,1.0
1100,38,716.16,28.59,216.89,86.54,1,1,1.0
1100,41,26.29,67.54,135.41,55.76,1,1,0.0
1100,42,177.78,58.28,136.45,47.24,1,1,0.0
1100,43,330.32,40.88,94.83,51.48,1,1,0.0
1100,44,436.25,34.48,104.83,47.57,1,1,0.0008
1101,18,1.0,29.87,443.73,211.13,1,1,1.0
1101,38,713.6,28.8,217.53,86.33,1,1,1.0
1101,41,26.34,67.59,135.38,55.74,1,1,0.0
1101,42,177.78,58.37,136.5,47.19,1,1,0.0
1101,43,330.3,40.91,94.93,51.51,1,1,0.0
1101,44,436.3,34.51,104.8,47.6,1,1,0.001
1102,18,1.0,30.51,433.71,211.77,1,1,1.0
1102,38,711.04,29.23,218.39,86.97,1,1,1.0
1102,41,26.4,67.65,135.36,55.71,1,1,0.0
1102,42,177.79,58.47,136.54,47.13,1,1,0.0
1102,43,330.29,40.95,95.01,51.55,1,1,0.0
1102,44,436.34,34.55,104.77,47.62,1,1,0.001
1103,18,1.0,31.15,423.68,212.41,1,1,1.0
1103,38,708.48,29.65,219.24,87.62,1,1,1.0
1103,41,26.44,67.71,135.34,55.68,1,1,0.0
1103,42,177.8,58.56,136.58,47.09,1,1,0.0
1103,43,330.27,40.98,95.1,51.58,1,1,0.004
1103,44,436.38,34.58,104.75,47.65,1,1,0.0012
1104,18,1.0,31.79,413.65,213.05,1,1,1.0
1104,38,705.92,30.08,220.09,88.25,1,1,1.0
1104,41,26.5,67.77,135.32,55.65,1,1,0.0
1104,42,177.8,58.65,136.63,47.04,1,1,0.0
1104,43,330.26,41.02,95.18,51.62,1,1,0.0067
1104,44,436.42,34.62,104.72,47.68,1,1,0.0013
1105,18,1.0,32.43,403.63,213.69,1,1,1.0
1105,38,703.36,30.51,220.95,88.89,1,1,1.0
1105,41,26.54,67.82,135.29,55.62,1,1,0.0
1105,42,177.81,58.74,136.67,46.98,1,1,0.0
1105,43,330.24,41.06,95.27,51.66,1,1,0.0093
1105,44,436.47,34.66,104.69,47.71,1,1,0.0015
1106,18,1.0,33.07,393.6,214.33,1,1,1.0
1106,38,700.8,30.93,221.8,89.54,1,1,1.0
1106,40,913.07,97.07,47.93,49.0,1,1,1.0
1106,41,26.6,67.88,135.28,55.59,1,1,0.0
1106,42,177.82,58.84,136.71,46.94,1,1,0.0
1106,43,330.23,41.09,95.35,51.69,1,1,0.0117
1106,44,436.51,34.69,104.66,47.74,1,1,0.0016
1107,18,1.0,33.92,383.15,212.63,1,1,1.0
1107,38,699.09,30.72,222.87,89.32,1,1,1.0
1107,40,904.32,97.92,56.68,50.07,1,1,1.0
1107,41,26.64,67.94,135.26,55.56,1,1,0.0
1107,42,177.83,58.93,136.75,46.89,1,1,0.0
1107,43,330.22,41.13,95.44,51.73,1,1,0.0141
1107,44,436.55,34.73,104.63,47.77,1,1,0.0017
1108,18,1.0,34.77,372.69,210.92,1,1,1.0
1108,38,697.39,30.51,223.93,89.1,1,1,1.0
1108,40,895.57,98.77,65.43,51.14,1,1,0.9949
1108,41,26.7,68.0,135.24,55.54,1,1,0.0
1108,42,177.83,59.02,136.8,46.84,1,1,0.0
1108,43,330.2,41.16,95.53,51.76,1,1,0.0163
1108,44,436.6,34.76,104.6,47.8,1,1,0.0277
1109,18,1.0,35.63,362.24,209.21,1,1,1.0
1109,38,695.68,30.29,225.0,88.9,1,1,1.0
1109,40,886.83,99.63,74.17,52.2,1,1,0.9812
1109,41,26.74,68.05,135.22,55.51,1,1,0.0
1109,42,177.84,59.12,136.84,46.79,1,1,0.0
1109,43,330.19,41.2,95.61,51.8,1,1,0.0101
1109,44,436.64,34.8,104.57,47.83,1,1,0.0271
1110,18,1.0,36.48,351.79,207.51,1,1,1.0
1110,38,693.97,30.08,226.07,88.68,1,1,1.0
1110,40,878.08,100.48,82.92,53.27,1,1,0.9785
1110,41,26.8,68.11,135.19,55.48,1,1,0.0
1110,42,177.85,59.21,136.88,46.74,1,1,0.0
1110,43,330.17,41.24,95.7,51.84,1,1,0.0123
1110,44,436.68,34.84,104.55,47.85,1,1,0.0265
1111,18,1.0,37.33,341.33,205.8,1,1,1.0
1111,38,692.27,29.87,227.13,88.46,1,1,1.0
1111,40,869.33,101.33,91.67,54.34,1,1,0.9621
1111,41,26.85,68.17,135.17,55.45,1,1,0.0
1111,42,177.85,59.3,136.93,46.69,1,1,0.0
1111,43,330.16,41.27,95.78,51.87,1,1,0.0146
1111,44,436.72,34.87,104.52,47.88,1,1,0.0258
1112,18,1.0,37.33,329.81,207.08,1,1,1.0
1112,38,689.92,30.29,227.99,88.26,1,1,1.0
1112,40,859.09,103.47,101.91,54.12,1,1,0.9632
1112,41,26.9,68.22,135.15,55.43,1,1,0.0
1112,42,177.86,59.4,136.97,46.63,1,1,0.0
1112,43,330.14,41.31,95.87,51.91,1,1,0.0175
1112,44,436.77,34.91,104.49,47.91,1,1,0.0368
1113,18,1.0,37.33,318.29,208.36,1,1,1.0
1113,38,687.57,30.72,228.84,88.04,1,1,1.0
1113,40,848.85,105.6,96.36,53.91,1,1,0.9582
1113,41,26.95,68.28,135.12,55.39,1,1,0.0
1113,42,177.87,59.49,137.01,46.59,1,1,0.0
1113,43,330.13,41.34,95.95,51.94,1,1,0.0182
1113,44,436.81,34.94,104.46,47.94,1,1,0.0357
1114,18,1.0,37.33,306.77,209.64,1,1,1.0
1114,38,685.23,31.15,229.69,87.82,1,1,1.0
1114,40,838.61,107.73,98.71,53.7,1,1,0.9591
1114,41,27.0,68.34,135.1,55.36,1,1,0.0
1114,42,177.88,59.58,137.05,46.54,1,1,0.0005
1114,43,330.12,41.38,96.04,51.98,1,1,0.0188
1114,44,436.85,34.98,104.43,47.97,1,1,0.0347
1115,18,1.0,37.33,295.25,210.92,1,1,1.0
1115,38,682.88,31.57,230.55,87.62,1,1,1.0
1115,40,828.37,109.87,101.06,53.48,1,1,0.9573
1115,41,27.05,68.4,135.08,55.33,1,1,0.0
1115,42,177.88,59.68,137.1,46.48,1,1,0.001
1115,43,330.1,41.41,96.13,52.01,1,1,0.0195
1115,44,436.9,35.01,104.4,48.0,1,1,0.0339
1116,18,1.0,37.33,283.73,212.2,1,1,1.0
1116,38,680.53,32.0,231.4,87.4,1,1,1.0
1116,40,818.13,112.0,103.4,53.27,1,1,0.9581
1116,41,27.1,68.45,135.06,55.31,1,1,0.0
1116,42,177.89,59.77,137.14,46.44,1,1,0.0013
1116,43,330.09,41.45,96.21,52.05,1,1,0.0202
1116,44,436.94,35.05,104.37,48.03,1,1,0.0342
1117,18,1.0,37.97,271.15,212.63,1,1,1.0
1117,38,679.04,31.79,231.4,87.82,1,1,1.0
1117,40,804.69,112.85,106.6,54.76,1,1,0.9604
1117,41,27.15,68.51,135.04,55.28,1,1,0.0
1117,42,177.9,59.86,137.18,46.39,1,1,0.0015
1117,43,330.07,41.48,96.3,52.09,1,1,0.0209
1117,44,436.98,35.08,104.35,48.06,1,1,0.0346
1118,18,1.0,38.61,258.56,213.06,1,1,1.0
1118,38,677.55,31.57,231.4,88.26,1,1,1.0
1118,40,791.25,113.71,109.8,56.25,1,1,0.9472
1118,41,27.2,68.57,135.02,55.25,1,1,0.0
1118,42,177.9,59.96,137.23,46.34,1,1,0.0013
1118,43,330.06,41.52,96.38,52.12,1,1,0.0215
1118,44,437.03,35.12,104.31,48.08,1,1,0.0348
1119,18,1.0,39.25,245.97,213.48,1,1,1.0
1119,38,676.05,31.36,231.4,88.68,1,1,1.0
1119,40,777.81,114.56,113.0,57.75,1,1,0.9506
1119,41,27.25,68.62,135.0,55.22,1,1,0.0
1119,42,177.91,60.05,137.27,46.29,1,1,0.0013
1119,43,330.04,41.56,96.47,52.16,1,1,0.0222
1119,44,437.07,35.16,104.29,48.11,1,1,0.0352
1120,18,1.0,39.89,233.39,213.91,1,1,1.0
1120,38,674.56,31.15,231.4,89.1,1,1,1.0
1120,40,764.37,115.41,116.2,59.24,1,1,0.9515
1120,41,27.3,68.68,134.97,55.19,1,1,0.0
1120,42,177.92,60.14,137.31,46.24,1,1,0.0017
1120,43,330.03,41.59,96.56,52.19,1,1,0.0078
1120,44,437.11,35.19,104.26,48.14,1,1,0.0355
1121,18,1.0,40.53,220.8,214.34,1,1,1.0
1121,38,673.07,30.93,231.4,89.54,1,1,1.0
1121,40,750.93,116.27,119.4,60.73,1,1,0.9549
1121,41,27.35,68.74,134.95,55.16,1,1,0.0
1121,42,177.93,60.23,137.35,46.19,1,1,0.002
1121,43,330.02,41.63,96.64,52.23,1,1,0.0071
1121,44,437.15,35.23,104.23,48.17,1,1,0.0358
1122,18,1.0,40.53,207.57,214.34,1,1,1.0
1122,38,669.65,31.57,233.54,89.32,1,1,1.0
1122,40,736.0,117.97,121.96,62.66,1,1,0.9526
1122,41,27.4,68.8,134.93,55.13,1,1,0.0
1122,42,177.93,60.33,137.4,46.13,1,1,0.0024
1122,43,330.0,41.66,96.73,52.26,1,1,0.0064
1122,44,437.2,35.26,104.2,48.2,1,1,0.0361
1123,18,1.0,40.53,194.35,214.34,1,1,1.0
1123,38,666.24,32.21,235.67,89.11,1,1,1.0
1123,40,721.07,119.68,124.52,64.57,1,1,0.9375
1123,41,27.45,68.85,134.91,55.11,1,1,0.0
1123,42,177.94,60.42,137.44,46.09,1,1,0.0028
1123,43,329.99,41.7,96.81,52.3,1,1,0.0058
1123,44,437.24,35.3,104.17,48.23,1,1,0.0364
1124,18,1.0,40.53,181.12,214.34,1,1,1.0
1124,38,662.83,32.85,237.8,88.9,1,1,1.0
1124,40,706.13,121.39,127.08,66.49,1,1,0.9357
1124,41,27.5,68.91,134.89,55.08,1,1,0.0
1124,42,177.95,60.51,137.48,46.04,1,1,0.0031
1124,43,329.97,41.74,96.9,52.34,1,1,0.0054
1124,44,437.28,35.34,104.15,48.26,1,1,0.0368
1125,18,1.0,40.53,167.89,214.34,1,1,1.0
1125,38,659.41,33.49,239.94,88.68,1,1,1.0
1125,40,691.2,123.09,129.64,68.42,1,1,0.937
1125,41,27.55,68.97,134.87,55.05,1,1,0.0
1125,42,177.95,60.61,137.53,45.98,1,1,0.0039
1125,43,329.96,41.77,96.98,52.37,1,1,0.0048
1125,44,437.33,35.37,104.11,48.28,1,1,0.037
1126,18,1.0,40.53,154.67,214.34,1,1,1.0
1126,38,656.0,34.13,242.07,88.47,1,1,1.0
1126,40,676.27,124.8,132.2,70.33,1,1,0.921
1126,41,27.6,69.03,134.85,55.02,1,1,0.0503
1126,42,177.96,60.7,137.57,45.94,1,1,0.0041
1126,43,329.94,41.81,97.08,52.41,1,1,0.0045
1126,44,437.37,35.41,104.09,48.31,1,1,0.0373
1127,18,1.0,41.39,140.16,213.48,1,1,1.0
1127,38,654.08,34.13,242.07,88.47,1,1,1.0
1127,40,658.35,127.57,135.61,72.04,1,1,0.9149
1127,41,27.65,69.08,134.82,54.99,1,1,0.1581
1127,42,177.97,60.79,137.61,45.89,1,1,0.0306
1127,43,329.93,41.84,97.16,52.44,1,1,0.0046
1127,44,437.41,35.44,104.06,48.34,1,1,0.0216
1128,18,1.0,42.24,125.65,212.63,1,1,1.0
1128,38,652.16,34.13,242.07,88.47,1,1,1.0
1128,40,640.43,130.35,139.02,73.74,1,1,0.8823
1128,41,27.7,69.14,134.8,54.96,1,1,0.2659
1128,42,177.98,60.89,137.65,45.83,1,1,0.0289
1128,43,329.91,41.88,97.25,52.48,1,1,0.0049
1128,44,437.46,35.48,104.03,48.37,1,1,0.0206
1129,18,1.0,43.09,111.15,211.78,1,1,1.0
1129,38,650.24,34.13,242.07,88.47,1,1,1.0
1129,40,622.51,133.12,142.44,75.45,1,1,0.8752
1129,41,27.75,69.2,134.78,54.93,1,1,0.3738
1129,42,177.98,60.98,137.7,45.78,1,1,0.0273
1129,43,329.9,41.92,97.33,52.52,1,1,0.005
1129,44,437.5,35.52,104.0,48.4,1,1,0.0195
1130,18,1.0,43.95,96.64,210.92,1,1,1.0
1130,38,648.32,34.13,242.07,88.47,1,1,1.0
1130,40,604.59,135.89,145.85,77.16,1,1,0.8574
1130,41,27.8,69.26,134.76,54.9,1,1,0.4817
1130,42,177.99,61.07,137.74,45.74,1,1,0.0256
1130,43,329.89,41.95,97.41,52.55,1,1,0.0051
1130,44,437.54,35.55,103.97,48.43,1,1,0.0185
1131,18,1.0,44.8,82.13,210.07,1,1,1.0
1131,38,646.4,34.13,242.07,88.47,1,1,1.0
1131,40,586.67,138.67,149.26,78.86,1,1,0.8581
1131,41,27.85,69.31,134.74,54.88,1,1,0.5897
1131,42,178.0,61.16,137.78,45.68,1,1,0.0183
1131,43,329.87,41.99,97.5,52.59,1,1,0.0054
1131,44,437.58,35.59,103.95,48.46,1,1,0.0176
1132,38,643.2,34.13,243.99,89.11,1,1,1.0
1132,40,564.69,141.44,153.11,80.36,1,1,0.8426
1132,41,27.9,69.37,134.72,54.85,1,1,1.0
1132,42,178.0,61.26,137.83,45.63,1,1,0.0163
1132,43,329.86,42.02,97.58,52.62,1,1,0.0059
1132,44,437.63,35.62,103.91,48.48,1,1,0.0165
1133,38,640.0,34.13,245.91,89.75,1,1,1.0
1133,40,542.72,144.21,156.95,81.86,1,1,0.8231
1133,41,27.95,69.43,134.7,54.82,1,1,1.0
1133,42,178.01,61.35,137.87,45.59,1,1,0.0142
1133,43,329.84,42.06,97.68,52.66,1,1,0.007
1133,44,437.67,35.66,103.89,48.51,1,1,0.0156
1134,38,636.8,34.13,247.83,90.39,1,1,1.0
1134,40,520.75,146.99,160.78,83.34,1,1,0.8284
1134,41,28.0,69.48,134.68,54.8,1,1,1.0
1134,42,178.02,61.44,137.91,45.54,1,1,0.0122
1134,43,329.83,42.09,97.76,52.69,1,1,0.0078
1134,44,437.71,35.69,103.86,48.54,1,1,0.0145
1135,38,633.6,34.13,249.75,91.03,1,1,1.0
1135,40,498.77,149.76,164.63,84.84,1,1,0.8269
1135,41,28.05,69.54,134.65,54.76,1,1,1.0
1135,42,178.03,61.54,137.95,45.48,1,1,0.0106
1135,43,329.81,42.13,97.85,52.73,1,1,0.0087
1135,44,437.76,35.73,103.83,48.57,1,1,0.0135
1136,38,630.4,34.13,251.67,91.67,1,1,1.0
1136,40,476.8,152.53,168.47,86.34,1,1,0.8318
1136,41,28.1,69.6,134.63,54.73,1,1,1.0
1136,42,178.03,61.63,138.0,45.44,1,1,0.0097
1136,43,329.8,42.17,97.93,52.76,1,1,0.0095
1136,44,437.8,35.77,103.8,48.6,1,1,0.0125
1137,38,629.97,34.56,250.82,90.81,1,1,1.0
1137,40,450.99,156.59,172.94,86.97,1,1,0.8173
1137,41,28.15,69.66,134.61,54.7,1,1,1.0
1137,42,178.04,61.72,138.04,45.39,1,1,0.0085
1137,43,329.79,42.2,98.01,52.8,1,1,0.0022
1137,44,437.84,35.8,103.77,48.63,1,1,0.0115
1138,38,629.55,34.99,249.96,89.96,1,1,1.0
1138,40,425.17,160.64,177.43,87.61,1,1,0.8181
1138,41,28.2,69.71,134.59,54.68,1,1,1.0
1138,42,178.05,61.82,138.08,45.33,1,1,0.0073
1138,43,329.77,42.24,98.1,52.84,1,1,0.0037
1138,44,437.88,35.84,103.75,48.66,1,1,0.0106
1139,38,629.12,35.41,249.11,89.11,1,1,1.0
1139,40,399.36,164.69,181.91,88.26,1,1,0.8244
1139,41,28.25,69.77,134.57,54.65,1,1,1.0
1139,42,178.05,61.91,138.13,45.28,1,1,0.0062
1139,43,329.76,42.27,98.19,52.87,1,1,0.0052
1139,44,437.93,35.87,103.71,48.68,1,1,0.0094
1140,38,628.69,35.84,248.26,88.25,1,1,1.0
1140,40,373.55,168.75,186.38,88.89,1,1,0.8341
1140,41,28.3,69.83,134.55,54.62,1,1,1.0
1140,42,178.06,62.0,138.17,45.24,1,1,0.0053
1140,43,329.74,42.31,98.28,52.91,1,1,0.0067
1140,44,437.97,35.91,103.69,48.71,1,1,0.0085
1141,38,628.27,36.27,247.4,87.4,1,1,1.0
1141,40,347.73,172.8,190.87,89.53,1,1,0.8142
1141,41,28.35,69.89,134.53,54.6,1,1,1.0
1141,42,178.07,62.1,138.21,45.18,1,1,0.0062
1141,43,329.73,42.34,98.36,52.94,1,1,0.0082
1141,44,438.01,35.94,103.66,48.74,1,1,0.0076
1142,38,627.2,36.05,247.83,87.83,1,1,1.0
1142,40,313.6,177.07,197.91,92.73,1,1,0.8243
1142,41,28.4,69.94,134.5,54.56,1,1,1.0
1142,42,178.08,62.19,138.25,45.13,1,1,0.0071
1142,43,329.71,42.38,98.45,52.98,1,1,0.0097
1142,44,438.06,35.98,103.63,48.77,1,1,0.0071
1143,38,626.13,35.84,248.26,88.25,1,1,1.0
1143,40,279.47,181.33,204.94,95.94,1,1,0.8264
1143,41,28.45,70.0,134.48,54.53,1,1,1.0
1143,42,178.08,62.28,138.3,45.09,1,1,0.0082
1143,43,329.7,42.42,98.53,53.02,1,1,0.0112
1143,44,438.1,36.02,103.6,48.8,1,1,0.0068
1144,38,625.07,35.63,248.68,88.68,1,1,1.0
1144,40,245.33,185.6,211.99,99.13,1,1,0.8209
1144,41,28.5,70.06,134.46,54.5,1,1,1.0
1144,42,178.09,62.38,138.34,45.04,1,1,0.0091
1144,43,329.69,42.45,98.61,53.05,1,1,0.0126
1144,44,438.14,36.05,103.57,48.83,1,1,0.0069
1145,38,624.0,35.41,249.11,89.11,1,1,1.0
1145,40,211.2,189.87,219.03,102.33,1,1,0.8084
1145,41,28.55,70.11,134.44,54.48,1,1,1.0
1145,42,178.1,62.47,138.38,44.98,1,1,0.01
1145,43,329.67,42.49,98.71,53.09,1,1,0.0141
1145,44,438.19,36.09,103.54,48.86,1,1,0.0071
1146,38,622.93,35.2,249.54,89.53,1,1,1.0
1146,40,177.07,194.13,226.06,105.54,1,1,0.8142
1146,41,28.6,70.17,134.42,54.45,1,1,1.0
1146,42,178.1,62.56,138.43,44.93,1,1,0.0109
1146,43,329.66,42.52,98.79,53.12,1,1,0.0156
1146,44,438.23,36.12,103.51,48.89,1,1,0.0073
1147,38,621.33,34.13,250.6,91.67,1,1,1.0
1147,40,140.0,199.2,232.73,109.8,1,1,0.7976
1147,41,28.65,70.23,134.4,54.42,1,1,1.0
1147,42,178.11,62.65,138.47,44.89,1,1,0.012
1147,43,329.64,42.56,98.88,53.16,1,1,0.0171
1147,44,438.27,36.16,103.49,48.91,1,1,0.0015
1148,38,619.73,33.07,251.67,93.8,1,1,1.0
1148,40,102.93,204.27,239.4,114.06,1,1,0.7469
1148,41,28.7,70.28,134.38,54.4,1,1,1.0
1148,42,178.12,62.75,138.51,44.83,1,1,0.0129
1148,43,329.63,42.6,98.96,53.2,1,1,0.0037
1148,44,438.31,36.2,103.46,48.94,1,1,0.0028
1149,38,618.13,32.0,252.74,95.93,1,1,1.0
1149,40,65.87,209.33,246.06,118.34,1,1,0.7382
1149,41,28.75,70.34,134.35,54.36,1,1,1.0
1149,42,178.13,62.84,138.55,44.78,1,1,0.0397
1149,43,329.61,42.63,99.05,53.23,1,1,0.0039
1149,44,438.36,36.23,103.43,48.97,1,1,0.0041
1150,38,616.53,30.93,253.8,98.07,1,1,1.0
1150,40,28.8,214.4,252.73,122.6,1,1,0.7183
1150,41,28.8,70.4,134.33,54.33,1,1,1.0
1150,42,178.13,62.93,138.6,44.74,1,1,0.0388
1150,43,329.6,42.67,99.13,53.27,1,1,0.004
1150,44,438.4,36.27,103.4,49.0,1,1,0.0054
