1,1,224.0,135.47,36.2,21.26,1,1,1.0
2,1,220.59,134.61,36.2,21.48,1,1,1.0
3,1,217.17,133.76,36.2,21.69,1,1,1.0
4,1,213.76,132.91,36.2,21.9,1,1,1.0
5,1,210.35,132.05,36.2,22.12,1,1,1.0
6,1,206.93,131.2,36.2,22.33,1,1,1.0
6,2,89.6,136.53,36.2,21.27,1,1,0.9568
7,1,204.16,131.41,35.35,21.48,1,1,1.0
7,2,90.67,137.39,35.77,20.62,1,1,0.9899
8,1,201.39,131.63,34.49,20.62,1,1,1.0
8,2,91.73,138.24,35.35,19.99,1,1,0.9763
9,1,198.61,131.84,33.64,19.77,1,1,1.0
9,2,92.8,139.09,34.92,19.35,1,1,0.9778
10,1,195.84,132.05,32.79,18.92,1,1,1.0
10,2,93.87,139.95,34.49,18.7,1,1,0.9318
11,1,193.07,132.27,31.93,18.06,1,1,1.0
11,2,94.93,140.8,34.07,18.07,1,1,0.9178
11,3,1.0,190.93,16.0,35.14,1,1,1.0
12,1,191.15,131.41,31.08,18.71,1,1,1.0
12,2,96.21,140.8,36.2,18.92,1,1,0.7912
12,3,1.0,192.0,17.07,34.92,1,1,1.0
13,1,189.23,130.56,30.22,19.35,1,1,1.0
13,2,97.49,140.8,38.34,19.77,1,1,0.7102
13,3,1.0,193.07,18.13,34.7,1,1,1.0
14,1,187.31,129.71,29.37,19.98,1,1,1.0
14,2,98.77,140.8,40.47,20.63,1,1,0.6586
14,3,1.0,194.13,19.2,34.5,1,1,1.0
15,1,185.39,128.85,28.52,20.63,1,1,1.0
15,2,100.05,140.8,42.6,21.48,1,1,0.6232
15,3,1.0,195.2,20.27,34.28,1,1,1.0
16,1,183.47,128.0,27.66,21.27,1,1,1.0
16,2,101.33,140.8,44.74,22.33,1,1,0.6427
16,3,1.0,196.27,21.33,34.06,1,1,1.0
17,1,180.91,128.0,27.66,20.2,1,1,1.0
17,2,103.25,141.44,44.31,21.91,1,1,0.6323
17,3,1.0,196.48,22.83,35.99,1,1,1.0
18,1,178.35,128.0,27.66,19.13,1,1,1.0
18,2,105.17,142.08,43.88,21.48,1,1,0.6227
18,3,1.0,196.69,24.32,37.91,1,1,1.0
19,1,175.79,128.0,27.66,18.07,1,1,1.0
19,2,107.09,142.72,43.46,21.05,1,1,0.6088
19,3,1.0,196.91,25.81,39.82,1,1,1.0
20,1,173.23,128.0,27.66,17.0,1,1,1.0
20,2,109.01,143.36,43.03,20.63,1,1,0.6172
20,3,1.0,197.12,27.31,41.75,1,1,1.0
21,1,170.67,128.0,27.66,15.93,1,1,1.0
21,2,110.93,144.0,42.6,20.2,1,1,0.6009
21,3,1.0,197.33,28.8,43.67,1,1,1.0
22,1,168.53,126.93,27.67,16.79,1,1,1.0
22,2,112.85,143.79,42.82,20.84,1,1,0.607
22,3,1.0,197.55,30.51,44.94,1,1,1.0
23,1,166.4,125.87,27.67,17.64,1,1,1.0
23,2,114.77,143.57,43.03,21.48,1,1,0.6138
23,3,1.0,197.76,32.21,46.23,1,1,1.0
24,1,164.27,124.8,27.66,18.49,1,1,1.0
24,2,116.69,143.36,43.24,22.12,1,1,0.6268
24,3,1.0,197.97,33.92,47.51,1,1,1.0
25,1,162.13,123.73,27.67,19.35,1,1,1.0
25,2,118.61,143.15,43.46,22.76,1,1,0.6234
25,3,1.0,198.19,35.63,48.78,1,1,1.0
26,1,160.0,122.67,27.67,20.2,1,1,1.0
26,2,120.53,142.93,43.67,23.4,1,1,0.6285
26,3,1.0,198.4,37.33,50.07,1,1,1.0
27,2,124.59,143.57,42.17,23.83,1,1,0.6244
27,3,1.0,200.11,38.83,50.28,1,1,1.0
28,2,128.64,144.21,40.68,24.26,1,1,0.6962
28,3,1.0,201.81,40.32,50.5,1,1,1.0
29,2,132.69,144.85,39.19,24.68,1,1,0.8024
29,3,1.0,203.52,41.81,50.71,1,1,1.0
30,2,136.75,145.49,37.69,25.11,1,1,0.8895
30,3,1.0,205.23,43.31,50.92,1,1,1.0
31,2,140.8,146.13,36.2,25.54,1,1,1.0
31,3,1.0,206.93,44.8,51.14,1,1,1.0
32,2,141.23,146.13,37.69,26.6,1,1,1.0
32,3,1.0,207.79,46.72,51.77,1,1,1.0
33,2,141.65,146.13,39.19,27.67,1,1,1.0
33,3,1.0,208.64,48.64,52.41,1,1,1.0
34,2,142.08,146.13,40.68,28.74,1,1,1.0
34,3,1.0,209.49,50.56,53.06,1,1,1.0
35,2,142.51,146.13,42.17,29.8,1,1,1.0
35,3,1.0,210.35,52.48,53.69,1,1,1.0
36,2,142.93,146.13,43.67,30.87,1,1,1.0
36,3,1.0,211.2,54.4,54.33,1,1,1.0
37,2,144.43,147.2,45.37,30.23,1,1,1.0
37,3,1.0,212.69,56.32,54.12,1,1,1.0
38,2,145.92,148.27,47.08,29.58,1,1,1.0
38,3,1.0,214.19,58.24,53.9,1,1,1.0
39,2,147.41,149.33,48.79,28.95,1,1,1.0
39,3,1.0,215.68,60.16,53.69,1,1,1.0
40,2,148.91,150.4,50.49,28.31,1,1,1.0
40,3,1.0,217.17,62.08,53.48,1,1,1.0
41,2,150.4,151.47,52.2,27.66,1,1,1.0
41,3,1.0,218.67,64.0,53.26,1,1,1.0
42,2,152.53,151.89,52.2,27.88,1,1,1.0
42,3,1.0,219.95,65.71,53.26,1,1,1.0
43,2,154.67,152.32,52.2,28.09,1,1,1.0
43,3,1.0,221.23,67.41,53.26,1,1,1.0
44,2,156.8,152.75,52.2,28.3,1,1,1.0
44,3,1.0,222.51,69.12,53.26,1,1,1.0
45,2,158.93,153.17,52.2,28.52,1,1,1.0
45,3,1.0,223.79,70.83,53.26,1,1,1.0
46,2,161.07,153.6,52.2,28.73,1,1,1.0
46,3,1.0,225.07,72.53,53.26,1,1,1.0
47,2,163.41,153.81,53.06,29.59,1,1,1.0
47,3,1.0,226.35,74.67,54.33,1,1,1.0
48,2,165.76,154.03,53.91,30.44,1,1,1.0
48,3,1.0,227.63,76.8,55.4,1,1,1.0
49,2,168.11,154.24,54.76,31.29,1,1,1.0
49,3,1.0,228.91,78.93,56.46,1,1,1.0
50,2,170.45,154.45,55.62,32.15,1,1,1.0
50,3,12.59,230.19,69.48,57.53,1,1,1.0
51,2,172.8,154.67,56.47,33.0,1,1,1.0
51,3,13.87,231.47,70.33,58.6,1,1,1.0
52,2,175.36,155.95,56.89,32.57,1,1,1.0
52,3,15.36,232.96,70.97,59.24,1,1,1.0
53,2,177.92,157.23,57.32,32.14,1,1,1.0
53,3,16.85,234.45,71.61,59.88,1,1,1.0
54,2,180.48,158.51,57.75,31.72,1,1,1.0
54,3,18.35,235.95,72.25,60.52,1,1,1.0
55,2,183.04,159.79,58.17,31.29,1,1,1.0
55,3,19.84,237.44,72.89,61.16,1,1,1.0
56,2,185.6,161.07,58.6,30.86,1,1,1.0
56,3,21.33,238.93,73.53,61.8,1,1,1.0
56,4,92.8,135.47,37.27,24.46,1,1,0.7882
57,2,189.23,161.49,57.74,31.51,1,1,1.0
57,3,22.4,240.64,74.39,62.01,1,1,1.0
57,4,94.08,135.68,36.41,24.89,1,1,0.7698
58,2,192.85,161.92,56.9,32.15,1,1,1.0
58,3,23.47,242.35,75.24,62.22,1,1,1.0
58,4,95.36,135.89,35.56,25.32,1,1,0.7523
59,2,196.48,162.35,56.04,32.78,1,1,1.0
59,3,24.53,244.05,76.09,62.44,1,1,1.0
59,4,96.64,136.11,34.71,25.74,1,1,0.7407
60,2,200.11,162.77,55.18,33.43,1,1,1.0
60,3,25.6,245.76,76.95,62.65,1,1,1.0
60,4,97.92,136.32,33.85,26.17,1,1,0.7114
61,2,203.73,163.2,54.34,34.07,1,1,1.0
61,3,26.67,247.47,77.8,62.86,1,1,1.0
61,4,99.2,136.53,33.0,26.6,1,1,0.6924
62,2,205.87,164.05,56.25,34.28,1,1,1.0
62,3,27.73,249.17,79.94,63.72,1,1,1.0
62,4,100.69,136.75,34.07,26.17,1,1,0.6255
63,2,208.0,164.91,58.17,34.49,1,1,1.0
63,3,28.8,250.88,82.07,64.57,1,1,1.0
63,4,102.19,136.96,35.13,25.75,1,1,0.5903
64,2,210.13,165.76,60.1,34.71,1,1,1.0
64,3,29.87,252.59,84.2,65.42,1,1,1.0
64,4,103.68,137.17,36.2,25.32,1,1,0.5992
65,2,212.27,166.61,62.01,34.92,1,1,1.0
65,3,30.93,254.29,86.34,66.28,1,1,1.0
65,4,105.17,137.39,37.27,24.89,1,1,0.555
66,2,214.4,167.47,63.93,35.13,1,1,1.0
66,3,32.0,256.0,88.47,67.13,1,1,1.0
66,4,106.67,137.6,38.33,24.47,1,1,0.5637
67,2,217.6,168.32,64.36,35.13,1,1,1.0
67,3,34.35,258.13,87.82,67.99,1,1,1.0
67,4,107.95,138.88,38.33,24.04,1,1,0.5771
68,2,220.8,169.17,64.79,35.14,1,1,1.0
68,3,36.69,260.27,87.19,68.84,1,1,1.0
68,4,109.23,140.16,38.33,23.61,1,1,0.5565
69,2,224.0,170.03,65.21,35.13,1,1,1.0
69,3,39.04,262.4,86.55,69.69,1,1,1.0
69,4,110.51,141.44,38.33,23.19,1,1,0.5672
70,2,227.2,170.88,65.64,35.13,1,1,1.0
70,3,41.39,264.53,85.9,70.55,1,1,1.0
70,4,111.79,142.72,38.33,22.76,1,1,0.5658
71,2,230.4,171.73,66.07,35.14,1,1,1.0
71,3,43.73,266.67,85.27,71.4,1,1,1.0
71,4,113.07,144.0,38.33,22.33,1,1,0.5565
72,2,234.45,172.8,66.5,35.77,1,1,1.0
72,3,44.37,268.37,88.47,72.68,1,1,1.0
72,4,116.27,144.64,37.69,22.76,1,1,0.5569
73,2,238.51,173.87,66.92,36.41,1,1,1.0
73,3,45.01,270.08,91.67,73.96,1,1,1.0
73,4,119.47,145.28,37.05,23.19,1,1,0.5554
74,2,242.56,174.93,67.35,37.06,1,1,1.0
74,3,45.65,271.79,94.87,75.24,1,1,1.0
74,4,122.67,145.92,36.41,23.61,1,1,0.6166
75,2,246.61,176.0,67.78,37.69,1,1,1.0
75,3,46.29,273.49,98.07,76.52,1,1,1.0
75,4,125.87,146.56,35.77,24.04,1,1,0.6925
76,2,250.67,177.07,68.2,38.33,1,1,1.0
76,3,46.93,275.2,101.27,77.8,1,1,1.0
76,4,129.07,147.2,35.13,24.47,1,1,0.8127
76,5,861.87,242.13,99.13,52.2,1,1,1.0
77,2,254.72,177.71,69.48,39.18,1,1,1.0
77,3,49.49,277.33,101.7,78.66,1,1,1.0
77,4,130.13,147.2,36.2,25.11,1,1,0.8163
77,5,846.29,240.64,114.71,51.13,1,1,1.0
78,2,258.77,178.35,70.76,40.04,1,1,1.0
78,3,52.05,279.47,102.12,79.5,1,1,1.0
78,4,131.2,147.2,37.27,25.75,1,1,0.922
78,5,830.72,239.15,112.36,50.06,1,1,1.0
79,2,262.83,178.99,72.04,40.89,1,1,1.0
79,3,54.61,281.6,102.55,80.36,1,1,1.0
79,4,132.27,147.2,38.33,26.39,1,1,0.9325
79,5,815.15,237.65,121.1,49.0,1,1,1.0
80,2,266.88,179.63,73.32,41.74,1,1,1.0
80,3,57.17,283.73,102.98,81.22,1,1,1.0
80,4,133.33,147.2,39.4,27.03,1,1,0.943
80,5,799.57,236.16,129.86,47.93,1,1,0.9307
81,2,270.93,180.27,74.6,42.6,1,1,1.0
81,3,59.73,285.87,103.4,82.06,1,1,1.0
81,4,134.4,147.2,40.47,27.67,1,1,0.9515
81,5,784.0,234.67,138.6,46.86,1,1,0.4389
81,6,809.6,257.07,151.4,88.46,1,1,0.2866
82,2,275.2,181.33,76.31,43.03,1,1,1.0
82,3,62.51,287.57,104.46,83.14,1,1,1.0
82,4,135.47,147.2,42.38,28.09,1,1,1.0
82,5,769.92,231.47,134.55,44.73,1,1,0.5122
82,6,793.17,254.72,147.78,84.84,1,1,0.0122
83,2,279.47,182.4,78.01,43.45,1,1,1.0
83,3,65.28,289.28,105.53,84.2,1,1,1.0
83,4,136.53,147.2,44.31,28.52,1,1,1.0
83,5,755.84,228.27,130.49,42.6,1,1,0.5443
83,6,776.75,252.37,148.41,81.22,1,1,0.0083
84,2,283.73,183.47,79.72,43.88,1,1,1.0
84,3,68.05,290.99,106.6,85.26,1,1,1.0
84,4,137.6,147.2,46.23,28.95,1,1,1.0
84,5,741.76,225.07,126.44,40.46,1,1,0.5745
84,6,760.32,250.03,149.05,77.58,1,1,0.0103
85,2,288.0,184.53,81.43,44.31,1,1,1.0
85,3,70.83,292.69,107.66,86.34,1,1,1.0
85,4,138.67,147.2,48.14,29.37,1,1,1.0
85,5,727.68,221.87,122.39,38.33,1,1,0.6017
85,6,743.89,247.68,149.7,73.96,1,1,0.0176
86,2,292.27,185.6,83.13,44.73,1,1,1.0
86,3,73.6,294.4,108.73,87.4,1,1,1.0
86,4,139.73,147.2,50.07,29.8,1,1,1.0
86,5,713.6,218.67,118.33,36.2,1,1,0.6491
86,6,727.47,245.33,150.33,70.34,1,1,0.0225
87,2,297.81,186.88,85.06,45.59,1,1,1.0
87,3,76.8,296.53,110.01,89.11,1,1,1.0
87,4,142.51,148.05,50.28,29.38,1,1,1.0
87,5,701.65,216.75,119.4,36.41,1,1,0.6067
87,6,711.47,241.92,148.62,68.41,1,1,0.0047
88,2,303.36,188.16,86.97,46.44,1,1,1.0
88,3,80.0,298.67,111.29,90.81,1,1,1.0
88,4,145.28,148.91,50.49,28.94,1,1,1.0
88,5,689.71,214.83,120.46,36.62,1,1,0.5708
88,6,695.47,238.51,146.92,66.49,1,1,0.0036
89,2,308.91,189.44,88.89,47.29,1,1,1.0
89,3,83.2,300.8,112.57,92.52,1,1,1.0
89,4,148.05,149.76,50.71,28.52,1,1,1.0
89,5,677.76,212.91,121.53,36.84,1,1,0.5747
89,6,679.47,235.09,145.21,64.58,1,1,0.028
90,2,314.45,190.72,90.82,48.15,1,1,1.0
90,3,86.4,302.93,113.85,94.23,1,1,1.0
90,4,150.83,150.61,50.92,28.1,1,1,1.0
90,5,665.81,210.99,122.6,37.05,1,1,0.5584
90,6,663.47,231.68,143.5,62.65,1,1,0.0088
91,2,320.0,192.0,92.73,49.0,1,1,1.0
91,3,89.6,305.07,115.13,95.93,1,1,1.0
91,4,153.6,151.47,51.13,27.66,1,1,1.0
91,5,653.87,209.07,123.66,37.26,1,1,0.5153
91,6,647.47,228.27,141.8,60.73,1,1,0.2304
92,2,326.4,193.71,93.59,49.0,1,1,1.0
92,3,92.37,307.2,117.7,97.0,1,1,1.0
92,4,156.59,151.89,50.92,27.67,1,1,1.0
92,5,644.69,207.79,120.04,38.97,1,1,0.4817
92,6,634.67,226.56,133.48,59.24,1,1,0.1931
93,2,332.8,195.41,94.44,49.0,1,1,1.0
93,3,95.15,309.33,120.25,98.07,1,1,1.0
93,4,159.57,152.32,50.71,27.67,1,1,1.0
93,5,635.52,206.51,116.41,40.68,1,1,0.474
93,6,621.87,224.85,125.16,57.75,1,1,0.1941
94,2,339.2,197.12,95.29,49.0,1,1,1.0
94,3,97.92,311.47,122.81,99.13,1,1,1.0
94,4,162.56,152.75,50.49,27.66,1,1,1.0
94,5,626.35,205.23,112.78,42.38,1,1,0.4905
94,6,609.07,223.15,116.84,56.25,1,1,0.1711
95,2,345.6,198.83,96.15,49.0,1,1,1.0
95,3,100.69,313.6,125.38,100.2,1,1,1.0
95,4,165.55,153.17,50.28,27.67,1,1,1.0
95,5,617.17,203.95,109.16,44.09,1,1,0.5157
95,6,596.27,221.44,108.52,54.76,1,1,0.1563
96,2,352.0,200.53,97.0,49.0,1,1,1.0
96,3,103.47,315.73,127.93,101.27,1,1,1.0
96,4,168.53,153.6,50.07,27.67,1,1,1.0
96,5,608.0,202.67,105.53,45.8,1,1,0.55
96,6,583.47,219.73,100.2,53.27,1,1,0.1654
97,2,359.47,201.39,98.92,50.06,1,1,1.0
97,3,107.73,317.23,129.22,104.04,1,1,1.0
97,4,171.31,152.75,51.56,29.37,1,1,1.0
97,5,596.48,201.6,106.81,43.24,1,1,0.5338
97,6,572.37,217.39,102.55,52.84,1,1,0.1629
98,2,366.93,202.24,100.84,51.13,1,1,1.0
98,3,112.0,318.72,130.49,106.81,1,1,1.0
98,4,174.08,151.89,53.05,31.08,1,1,1.0
98,5,584.96,200.53,108.09,40.68,1,1,0.5167
98,6,561.28,215.04,104.89,52.41,1,1,0.1852
99,2,374.4,203.09,102.76,52.2,1,1,1.0
99,3,116.27,320.21,131.77,109.59,1,1,1.0
99,4,176.85,151.04,54.55,32.79,1,1,1.0
99,5,573.44,199.47,109.37,38.12,1,1,0.4984
99,6,550.19,212.69,107.24,51.99,1,1,0.1824
100,2,381.87,203.95,104.68,53.26,1,1,1.0
100,3,120.53,321.71,133.06,112.36,1,1,1.0
100,4,179.63,150.19,56.04,34.49,1,1,1.0
100,5,561.92,198.4,110.65,35.56,1,1,0.4794
100,6,539.09,210.35,109.59,51.56,1,1,0.1939
101,2,389.33,204.8,106.6,54.33,1,1,1.0
101,3,124.8,323.2,134.33,115.13,1,1,1.0
101,4,182.4,149.33,57.53,36.2,1,1,1.0
101,5,550.4,197.33,111.93,33.0,1,1,0.4588
101,6,528.0,208.0,111.93,51.13,1,1,0.159
102,2,396.37,206.51,108.74,56.04,1,1,1.0
102,3,126.93,326.83,137.54,116.41,1,1,1.0
102,4,185.17,150.83,57.75,35.98,1,1,1.0
102,5,547.2,193.28,104.89,35.35,1,1,0.4803
102,6,520.32,204.59,107.03,50.28,1,1,0.2295
103,2,403.41,208.21,110.87,57.75,1,1,1.0
103,3,129.07,330.45,140.73,117.7,1,1,1.0
103,4,187.95,152.32,57.96,35.77,1,1,1.0
103,5,544.0,189.23,97.85,37.69,1,1,0.5059
103,6,512.64,201.17,102.12,49.43,1,1,0.2577
104,2,410.45,209.92,113.0,59.45,1,1,1.0
104,3,131.2,334.08,143.93,118.97,1,1,1.0
104,4,190.72,153.81,58.17,35.56,1,1,1.0
104,5,540.8,185.17,90.81,40.04,1,1,0.5367
104,6,504.96,197.76,97.21,48.57,1,1,0.3184
105,2,417.49,211.63,115.14,61.16,1,1,1.0
105,3,133.33,337.71,147.14,120.25,1,1,1.0
105,4,193.49,155.31,58.39,35.34,1,1,1.0
105,5,537.6,181.12,83.77,42.39,1,1,0.5731
105,6,497.28,194.35,92.31,47.72,1,1,0.3709
106,2,424.53,213.33,117.27,62.87,1,1,1.0
106,3,135.47,341.33,150.33,121.54,1,1,1.0
106,4,196.27,156.8,58.6,35.13,1,1,1.0
106,5,534.4,177.07,76.73,44.73,1,1,0.6168
106,6,489.6,190.93,87.4,46.87,1,1,0.4072
106,7,924.8,257.07,36.2,41.53,1,1,1.0
107,2,433.28,215.68,118.97,63.72,1,1,1.0
107,3,137.81,345.39,153.54,123.02,1,1,1.0
107,4,198.83,158.29,59.24,34.07,1,1,1.0
107,5,525.23,177.07,75.45,42.17,1,1,0.6129
107,6,478.93,188.8,86.76,46.01,1,1,0.424
107,7,907.31,254.51,53.69,46.65,1,1,0.982
108,2,442.03,218.03,120.68,64.57,1,1,1.0
108,3,140.16,349.44,156.73,124.52,1,1,1.0
108,4,201.39,159.79,59.88,33.0,1,1,1.0
108,5,516.05,177.07,74.18,39.61,1,1,0.6084
108,6,468.27,186.67,86.12,45.16,1,1,0.3837
108,7,889.81,251.95,71.19,51.77,1,1,0.8999
109,2,450.77,220.37,122.39,65.43,1,1,1.0
109,3,142.51,353.49,159.93,126.02,1,1,1.0
109,4,203.95,161.28,60.52,31.93,1,1,1.0
109,5,506.88,177.07,72.89,37.05,1,1,0.6034
109,6,457.6,184.53,85.48,44.31,1,1,0.4415
109,7,872.32,249.39,88.68,56.89,1,1,0.7461
110,2,459.52,222.72,124.09,66.28,1,1,1.0
110,3,144.85,357.55,163.14,127.5,1,1,1.0
110,4,206.51,162.77,61.16,30.87,1,1,1.0
110,5,497.71,177.07,71.61,34.49,1,1,0.5979
110,6,446.93,182.4,84.84,43.45,1,1,0.458
110,7,854.83,246.83,106.17,62.01,1,1,0.6866
111,2,468.27,225.07,125.8,67.13,1,1,1.0
111,3,147.2,361.6,166.33,129.0,1,1,1.0
111,4,209.07,164.27,61.8,29.8,1,1,1.0
111,5,488.53,177.07,70.34,31.93,1,1,0.5914
111,6,436.27,180.27,84.2,42.6,1,1,0.4162
111,7,837.33,244.27,123.67,67.13,1,1,0.6195
112,2,477.44,227.84,129.43,67.77,1,1,1.0
112,3,151.68,364.16,169.32,133.05,1,1,1.0
112,4,212.27,164.91,62.65,30.65,1,1,1.0
112,5,481.49,175.36,69.48,32.79,1,1,0.5851
112,6,428.16,178.35,85.05,43.24,1,1,0.4694
112,7,821.55,241.28,122.38,65.64,1,1,0.5914
113,2,486.61,230.61,133.06,68.42,1,1,1.0
113,3,156.16,366.72,172.31,137.11,1,1,1.0
113,4,215.47,165.55,63.5,31.5,1,1,1.0
113,5,474.45,173.65,68.63,33.64,1,1,0.5788
113,6,420.05,176.43,85.91,43.88,1,1,0.446
113,7,805.76,238.29,126.44,64.15,1,1,0.0114
114,2,495.79,233.39,136.68,69.05,1,1,1.0
114,3,160.64,369.28,175.29,141.16,1,1,1.0
114,4,218.67,166.19,64.36,32.36,1,1,1.0
114,5,467.41,171.95,67.78,34.49,1,1,0.5725
114,6,411.95,174.51,86.76,44.52,1,1,0.4388
114,7,789.97,235.31,130.5,62.65,1,1,0.0679
115,2,504.96,236.16,140.31,69.69,1,1,1.0
115,3,165.12,371.84,178.28,145.21,1,1,1.0
115,4,221.87,166.83,65.21,33.21,1,1,1.0
115,5,460.37,170.24,66.92,35.35,1,1,0.5664
115,6,403.84,172.59,87.61,45.16,1,1,0.4503
115,7,774.19,232.32,134.54,61.16,1,1,0.1976
116,2,514.13,238.93,143.94,70.34,1,1,1.0
116,3,169.6,374.4,181.27,149.27,1,1,1.0
116,4,225.07,167.47,66.06,34.06,1,1,1.0
116,5,453.33,168.53,66.07,36.2,1,1,0.5604
116,6,395.73,170.67,88.47,45.8,1,1,0.4674
116,7,758.4,229.33,138.6,59.67,1,1,0.2395
117,2,526.08,241.49,147.13,72.68,1,1,1.0
117,3,174.93,378.67,183.19,147.77,1,1,1.0
117,4,228.91,168.11,66.06,34.92,1,1,1.0
117,5,446.08,167.68,65.64,35.35,1,1,0.5792
117,6,388.91,170.03,86.76,44.73,1,1,0.4577
117,7,744.11,227.2,137.1,57.96,1,1,0.2763
118,2,538.03,244.05,150.33,75.03,1,1,1.0
118,3,180.27,382.93,185.1,146.28,1,1,1.0
118,4,232.75,168.75,66.06,35.77,1,1,1.0
118,5,438.83,166.83,65.21,34.49,1,1,0.5982
118,6,382.08,169.39,85.05,43.66,1,1,0.4283
118,7,729.81,225.07,135.62,56.25,1,1,0.3151
119,2,549.97,246.61,153.54,77.38,1,1,1.0
119,3,185.6,387.2,187.03,144.79,1,1,1.0
119,4,236.59,169.39,66.06,36.62,1,1,1.0
119,5,431.57,165.97,64.79,33.64,1,1,0.6173
119,6,375.25,168.75,83.35,42.6,1,1,0.465
119,7,715.52,222.93,134.12,54.55,1,1,0.3118
120,2,561.92,249.17,156.73,79.72,1,1,1.0
120,3,190.93,391.47,188.95,143.29,1,1,1.0
120,4,240.43,170.03,66.06,37.48,1,1,1.0
120,5,424.32,165.12,64.36,32.79,1,1,0.6364
120,6,368.43,168.11,81.64,41.53,1,1,0.4462
120,7,701.23,220.8,132.62,52.84,1,1,0.2067
121,2,573.87,251.73,159.93,82.07,1,1,1.0
121,3,196.27,395.73,190.86,145.27,1,1,1.0
121,4,244.27,170.67,66.06,38.33,1,1,1.0
121,5,417.07,164.27,63.93,31.93,1,1,0.6557
121,6,361.6,167.47,79.93,40.46,1,1,0.4154
121,7,686.93,218.67,131.14,51.13,1,1,0.0621
122,2,586.45,255.36,165.27,83.56,1,1,1.0
122,3,199.89,400.0,194.5,141.0,1,1,1.0
122,4,247.68,171.73,67.35,38.55,1,1,1.0
122,5,412.37,163.63,61.8,31.5,1,1,0.6845
122,6,356.91,166.83,77.16,39.18,1,1,0.4462
122,7,674.13,216.11,128.79,50.7,1,1,0.0
123,2,599.04,258.99,170.6,85.05,1,1,1.0
123,3,203.52,404.27,198.12,136.73,1,1,1.0
123,4,251.09,172.8,68.63,38.76,1,1,1.0
123,5,407.68,162.99,59.67,31.08,1,1,0.7156
123,6,352.21,166.19,74.39,37.9,1,1,0.4172
123,7,661.33,213.55,126.44,50.28,1,1,0.7883
124,2,611.63,262.61,175.93,86.55,1,1,0.9939
124,3,207.15,408.53,201.74,132.47,1,1,1.0
124,4,254.51,173.87,69.9,38.97,1,1,1.0
124,5,402.99,162.35,57.53,30.65,1,1,0.7487
124,6,347.52,165.55,71.61,36.62,1,1,0.4539
124,7,648.53,210.99,124.1,49.85,1,1,0.781
125,2,624.21,266.24,181.27,88.04,1,1,0.8842
125,3,210.77,412.8,205.38,128.2,1,1,1.0
125,4,257.92,174.93,71.19,39.19,1,1,1.0
125,5,398.29,161.71,55.4,30.22,1,1,0.7841
125,6,342.83,164.91,68.84,35.34,1,1,0.4423
125,7,635.73,208.43,121.75,49.42,1,1,0.7761
126,2,636.8,269.87,186.6,89.53,1,1,0.8242
126,3,214.4,417.07,209.0,123.93,1,1,1.0
126,4,261.33,176.0,72.47,39.4,1,1,1.0
126,5,393.6,161.07,53.27,29.8,1,1,0.8224
126,6,338.13,164.27,66.07,34.06,1,1,0.4031
126,7,622.93,205.87,119.4,49.0,1,1,0.7722
127,2,652.37,274.35,191.72,92.52,1,1,0.661
127,3,219.52,421.76,209.0,119.24,1,1,1.0
127,4,265.6,177.49,73.96,39.4,1,1,1.0
127,5,387.63,160.21,53.48,29.59,1,1,0.8326
127,6,332.37,163.2,65.22,33.21,1,1,0.4507
127,7,612.69,204.37,117.06,47.72,1,1,0.7687
128,2,667.95,278.83,196.84,95.5,1,1,0.6738
128,3,224.64,426.45,209.0,114.55,1,1,1.0
128,4,269.87,178.99,75.45,39.4,1,1,1.0
128,5,381.65,159.36,53.7,29.37,1,1,0.8428
128,6,326.61,162.13,64.36,32.36,1,1,0.4286
128,7,602.45,202.88,114.71,46.44,1,1,0.8013
129,2,683.52,283.31,201.96,98.49,1,1,0.6804
129,3,229.76,431.15,209.0,109.85,1,1,1.0
129,4,274.13,180.48,76.95,39.4,1,1,1.0
129,5,375.68,158.51,53.91,29.16,1,1,0.8531
129,6,320.85,161.07,63.51,31.5,1,1,0.4835
129,7,592.21,201.39,112.36,45.16,1,1,0.8398
130,2,699.09,287.79,207.08,101.48,1,1,0.6876
130,3,234.88,435.84,209.0,105.16,1,1,1.0
130,4,278.4,181.97,78.44,39.4,1,1,1.0
130,5,369.71,157.65,54.12,28.95,1,1,0.8635
130,6,315.09,160.0,62.66,30.65,1,1,0.4712
130,7,581.97,199.89,110.02,43.88,1,1,0.8089
131,2,714.67,292.27,212.2,104.46,1,1,0.6843
131,3,240.0,440.53,209.0,100.47,1,1,1.0
131,4,282.67,183.47,79.93,39.4,1,1,1.0
131,5,363.73,156.8,54.34,28.73,1,1,0.8739
131,6,309.33,158.93,61.8,29.8,1,1,0.5121
131,7,571.73,198.4,107.67,42.6,1,1,0.8384
132,2,734.08,296.32,198.55,103.61,1,1,0.6626
132,3,247.25,445.44,204.52,95.56,1,1,1.0
132,4,288.43,184.32,80.14,40.68,1,1,1.0
132,5,358.4,156.16,53.91,27.88,1,1,0.8722
132,6,303.79,158.08,62.01,30.23,1,1,0.4623
132,7,562.56,196.48,105.32,41.96,1,1,0.8355
133,2,753.49,300.37,184.9,102.76,1,1,0.6705
133,3,254.51,450.35,200.04,90.65,1,1,1.0
133,4,294.19,185.17,80.36,41.96,1,1,1.0
133,5,353.07,155.52,53.48,27.03,1,1,0.8704
133,6,298.24,157.23,62.23,30.65,1,1,0.4166
133,7,553.39,194.56,102.97,41.32,1,1,0.8241
134,2,772.91,304.43,171.24,101.9,1,1,0.7606
134,3,261.76,455.25,195.56,85.75,1,1,1.0
134,4,299.95,186.03,80.57,43.24,1,1,1.0
134,5,347.73,154.88,53.06,26.17,1,1,0.8685
134,6,292.69,156.37,62.44,31.08,1,1,0.4542
134,7,544.21,192.64,100.63,40.68,1,1,0.8581
135,2,792.32,308.48,168.68,101.05,1,1,0.8662
135,3,269.01,460.16,191.08,80.84,1,1,1.0
135,4,305.71,186.88,80.78,44.52,1,1,1.0
135,5,342.4,154.24,52.63,25.32,1,1,0.8665
135,6,287.15,155.52,62.65,31.51,1,1,0.4052
135,7,535.04,190.72,98.28,40.04,1,1,0.8605
136,2,811.73,312.53,149.27,100.2,1,1,0.9886
136,3,276.27,465.07,186.6,75.93,1,1,1.0
136,4,311.47,187.73,81.0,45.8,1,1,1.0
136,5,337.07,153.6,52.2,24.47,1,1,0.8644
136,6,281.6,154.67,62.87,31.93,1,1,0.3589
136,7,525.87,188.8,95.93,39.4,1,1,0.857
137,2,832.43,316.8,128.57,94.87,1,1,1.0
137,3,283.73,470.61,180.63,70.39,1,1,1.0
137,4,316.37,189.23,82.92,46.01,1,1,1.0
137,5,331.73,152.32,52.42,24.68,1,1,0.871
137,6,277.12,154.45,62.01,30.87,1,1,0.3945
137,7,517.33,186.88,94.66,39.19,1,1,0.8616
138,2,853.12,321.07,107.88,89.53,1,1,1.0
138,3,291.2,476.16,174.65,64.84,1,1,1.0
138,4,321.28,190.72,84.84,46.23,1,1,1.0
138,5,326.4,151.04,52.63,24.89,1,1,0.8775
138,6,272.64,154.24,61.16,29.8,1,1,0.3275
138,7,508.8,184.96,93.37,38.97,1,1,0.8499
139,2,873.81,325.33,87.19,84.2,1,1,1.0
139,3,298.67,481.71,168.68,59.29,1,1,1.0
139,4,326.19,192.21,86.76,46.44,1,1,1.0
139,5,321.07,149.76,52.84,25.11,1,1,0.8838
139,6,268.16,154.03,60.31,28.73,1,1,0.347
139,7,500.27,183.04,92.09,38.76,1,1,0.8552
140,2,894.51,329.6,66.49,78.87,1,1,1.0
140,3,306.13,487.25,162.71,53.75,1,1,1.0
140,4,331.09,193.71,88.68,46.65,1,1,1.0
140,5,315.73,148.48,53.06,25.32,1,1,0.8899
140,6,263.68,153.81,59.45,27.67,1,1,0.3903
140,7,491.73,181.12,90.82,38.55,1,1,0.8895
141,2,915.2,333.87,45.8,73.53,1,1,1.0
141,3,313.6,492.8,156.73,48.2,1,1,1.0
141,4,336.0,195.2,90.6,46.87,1,1,1.0
141,5,310.4,147.2,53.27,25.53,1,1,0.8959
141,6,259.2,153.6,58.6,26.6,1,1,0.3251
141,7,483.2,179.2,89.53,38.33,1,1,0.8925
142,4,341.76,196.91,92.95,47.72,1,1,1.0
142,5,306.77,146.77,52.63,25.54,1,1,0.908
142,6,256.64,152.11,56.25,27.02,1,1,0.3708
142,7,475.31,178.13,87.82,37.27,1,1,0.9251
143,4,347.52,198.61,95.29,48.58,1,1,1.0
143,5,303.15,146.35,51.98,25.53,1,1,0.9224
143,6,254.08,150.61,53.91,27.46,1,1,0.4148
143,7,467.41,177.07,86.12,36.2,1,1,0.9259
144,4,353.28,200.32,97.64,49.43,1,1,1.0
144,5,299.52,145.92,51.35,25.53,1,1,0.9394
144,6,251.52,149.12,51.56,27.88,1,1,0.4678
144,7,459.52,176.0,84.41,35.13,1,1,0.9221
145,4,359.04,202.03,99.99,50.28,1,1,1.0
145,5,295.89,145.49,50.71,25.54,1,1,0.9588
145,6,248.96,147.63,49.21,28.3,1,1,0.5182
145,7,451.63,174.93,82.7,34.07,1,1,0.923
146,4,364.8,203.73,102.33,51.14,1,1,1.0
146,5,292.27,145.07,50.06,25.53,1,1,1.0
146,6,246.4,146.13,46.87,28.74,1,1,0.5548
146,7,443.73,173.87,81.0,33.0,1,1,0.9545
147,4,372.05,205.44,104.04,51.56,1,1,1.0
147,5,288.64,145.07,49.43,24.89,1,1,1.0
147,6,241.28,145.71,48.36,28.52,1,1,0.5151
147,7,436.05,173.01,80.79,32.36,1,1,0.9561
148,4,379.31,207.15,105.74,51.98,1,1,1.0
148,5,285.01,145.07,48.79,24.25,1,1,1.0
148,6,236.16,145.28,49.85,28.31,1,1,0.5408
148,7,428.37,172.16,80.58,31.72,1,1,0.9249
149,4,386.56,208.85,107.45,52.42,1,1,1.0
149,5,281.39,145.07,48.14,23.61,1,1,1.0
149,6,231.04,144.85,51.35,28.1,1,1,0.4779
149,7,420.69,171.31,80.36,31.08,1,1,0.9225
150,4,393.81,210.56,109.16,52.84,1,1,1.0
150,5,277.76,145.07,47.51,22.97,1,1,1.0
150,6,225.92,144.43,52.84,27.88,1,1,0.4875
150,7,413.01,170.45,80.15,30.44,1,1,0.9539
151,4,401.07,212.27,110.86,53.26,1,1,1.0
151,5,274.13,145.07,46.87,22.33,1,1,1.0
151,6,220.8,144.0,54.33,27.67,1,1,0.5417
151,7,405.33,169.6,79.94,29.8,1,1,0.9559
151,8,867.2,234.67,93.8,49.0,1,1,1.0
152,4,409.81,214.61,112.58,54.12,1,1,1.0
152,5,270.51,144.21,47.08,22.12,1,1,1.0
152,6,219.31,143.15,52.2,27.45,1,1,0.4804
152,7,400.21,168.32,77.38,29.37,1,1,0.9778
152,8,851.41,232.11,109.59,49.21,1,1,1.0
153,4,418.56,216.96,114.28,54.97,1,1,1.0
153,5,266.88,143.36,47.29,21.91,1,1,1.0
153,6,217.81,142.29,50.07,27.24,1,1,0.5246
153,7,395.09,167.04,74.82,28.95,1,1,0.9613
153,8,835.63,229.55,105.74,49.42,1,1,1.0
154,4,427.31,219.31,115.98,55.82,1,1,1.0
154,5,263.25,142.51,47.51,21.69,1,1,1.0
154,6,216.32,141.44,47.93,27.03,1,1,0.5387
154,7,389.97,165.76,72.26,28.52,1,1,0.9834
154,8,819.84,226.99,113.85,49.64,1,1,1.0
155,4,436.05,221.65,117.7,56.68,1,1,1.0
155,5,259.63,141.65,47.72,21.48,1,1,1.0
155,6,214.83,140.59,45.8,26.81,1,1,0.6002
155,7,384.85,164.48,69.7,28.09,1,1,0.9974
155,8,804.05,224.43,121.96,49.85,1,1,0.9594
156,4,444.8,224.0,119.4,57.53,1,1,1.0
156,5,256.0,140.8,47.93,21.27,1,1,1.0
156,6,213.33,139.73,43.67,26.6,1,1,0.6176
156,7,379.73,163.2,67.14,27.67,1,1,0.9977
156,8,788.27,221.87,130.06,50.06,1,1,0.8543
157,4,453.76,226.13,121.96,58.82,1,1,1.0
157,5,253.23,140.37,47.5,21.27,1,1,1.0
157,6,209.71,139.52,44.09,25.75,1,1,0.5756
157,7,374.83,162.35,66.49,27.66,1,1,0.9902
157,8,774.4,219.31,127.29,49.0,1,1,0.8528
158,4,462.72,228.27,124.52,60.09,1,1,1.0
158,5,250.45,139.95,47.08,21.26,1,1,1.0
158,6,206.08,139.31,44.52,24.89,1,1,0.5902
158,7,369.92,161.49,65.85,27.67,1,1,0.9962
158,8,760.53,216.75,124.52,47.93,1,1,0.8474
159,4,471.68,230.4,127.08,61.37,1,1,1.0
159,5,247.68,139.52,46.65,21.27,1,1,1.0
159,6,202.45,139.09,44.95,24.04,1,1,0.5465
159,7,365.01,160.64,65.22,27.67,1,1,0.9859
159,8,746.67,214.19,121.74,46.86,1,1,0.8441
160,4,480.64,232.53,129.64,62.66,1,1,1.0
160,5,244.91,139.09,46.22,21.27,1,1,1.0
160,6,198.83,138.88,45.37,23.19,1,1,0.577
160,7,360.11,159.79,64.57,27.66,1,1,0.995
160,8,732.8,211.63,118.97,45.8,1,1,0.8431
161,4,489.6,234.67,132.2,63.93,1,1,1.0
161,5,242.13,138.67,45.8,21.26,1,1,1.0
161,6,195.2,138.67,45.8,22.33,1,1,0.604
161,7,355.2,158.93,63.93,27.67,1,1,0.9809
161,8,718.93,209.07,116.2,44.73,1,1,0.8567
162,4,501.12,236.37,135.83,65.86,1,1,1.0
162,5,240.21,137.81,44.74,21.27,1,1,1.0
162,6,193.28,137.6,44.95,22.55,1,1,0.6444
162,7,351.36,157.65,62.65,27.67,1,1,0.996
162,8,707.63,206.08,114.06,44.31,1,1,0.851
163,4,512.64,238.08,139.45,67.77,1,1,1.0
163,5,238.29,136.96,43.67,21.27,1,1,1.0
163,6,191.36,136.53,44.09,22.76,1,1,0.6323
163,7,347.52,156.37,61.37,27.67,1,1,0.9844
163,8,696.32,203.09,111.93,43.88,1,1,0.8578
164,4,524.16,239.79,143.08,69.69,1,1,1.0
164,5,236.37,136.11,42.6,21.26,1,1,1.0
164,6,189.44,135.47,43.24,22.97,1,1,0.5514
164,7,343.68,155.09,60.09,27.67,1,1,0.9751
164,8,685.01,200.11,109.8,43.45,1,1,0.9794
165,4,535.68,241.49,146.71,71.62,1,1,1.0
165,5,234.45,135.25,41.54,21.27,1,1,1.0
165,6,187.52,134.4,42.39,23.19,1,1,0.6163
165,7,339.84,153.81,58.81,27.67,1,1,0.9957
165,8,673.71,197.12,107.66,43.03,1,1,1.0
166,4,547.2,243.2,150.33,73.53,1,1,1.0
166,5,232.53,134.4,40.47,21.27,1,1,1.0
166,6,185.6,133.33,41.53,23.4,1,1,0.6317
166,7,336.0,152.53,57.53,27.67,1,1,0.9848
166,8,662.4,194.13,105.53,42.6,1,1,1.0
167,4,559.36,246.19,153.32,76.09,1,1,1.0
167,5,230.4,134.19,40.04,20.62,1,1,1.0
167,6,183.68,133.12,40.47,23.4,1,1,0.554
167,7,331.31,151.89,56.25,27.03,1,1,0.9789
167,8,651.95,193.07,103.82,41.74,1,1,1.0
168,4,571.52,249.17,156.31,78.66,1,1,1.0
168,5,228.27,133.97,39.61,19.99,1,1,1.0
168,6,181.76,132.91,39.4,23.4,1,1,0.5639
168,7,326.61,151.25,54.98,26.39,1,1,0.9827
168,8,641.49,192.0,102.12,40.89,1,1,1.0
169,4,583.68,252.16,159.29,81.21,1,1,1.0
169,5,226.13,133.76,39.19,19.35,1,1,1.0
169,6,179.84,132.69,38.33,23.4,1,1,0.5706
169,7,321.92,150.61,53.69,25.75,1,1,0.9778
169,8,631.04,190.93,100.41,40.04,1,1,1.0
170,4,595.84,255.15,162.28,83.77,1,1,1.0
170,5,224.0,133.55,38.76,18.7,1,1,1.0
170,6,177.92,132.48,37.27,23.4,1,1,0.496
170,7,317.23,149.97,52.41,25.11,1,1,0.9704
170,8,620.59,189.87,98.7,39.18,1,1,1.0
171,4,608.0,258.13,165.27,86.34,1,1,1.0
171,5,221.87,133.33,38.33,18.07,1,1,1.0
171,6,176.0,132.27,36.2,23.4,1,1,0.4444
171,7,312.53,149.33,51.14,24.47,1,1,0.9439
171,8,610.13,188.8,97.0,38.33,1,1,1.0
172,4,622.72,261.97,170.39,88.47,1,1,0.9589
172,5,219.73,132.91,37.7,18.06,1,1,1.0
172,6,173.44,131.63,36.41,23.18,1,1,0.4559
172,7,308.91,149.12,50.49,22.97,1,1,0.9766
172,8,600.11,187.52,95.29,36.84,1,1,1.0
173,4,637.44,265.81,175.51,90.6,1,1,0.8465
173,5,217.6,132.48,37.05,18.07,1,1,1.0
173,6,170.88,130.99,36.63,22.97,1,1,0.5025
173,7,305.28,148.91,49.85,21.48,1,1,0.9975
173,8,590.08,186.24,93.59,35.35,1,1,1.0
174,4,652.16,269.65,180.63,92.74,1,1,0.6636
174,5,215.47,132.05,36.41,18.07,1,1,1.0
174,6,168.32,130.35,36.84,22.76,1,1,0.4313
174,7,301.65,148.69,49.22,19.99,1,1,0.9979
174,8,580.05,184.96,91.88,33.85,1,1,1.0
175,4,666.88,273.49,185.75,94.87,1,1,0.6734
175,5,213.33,131.63,35.78,18.06,1,1,1.0
175,6,165.76,129.71,37.05,22.54,1,1,0.5482
175,7,298.03,148.48,48.57,18.49,1,1,1.0
175,8,570.03,183.68,90.17,32.36,1,1,1.0
176,4,681.6,277.33,190.87,97.0,1,1,0.6826
176,5,211.2,131.2,35.13,18.07,1,1,1.0
176,6,163.2,129.07,37.27,22.33,1,1,0.6056
176,7,294.4,148.27,47.93,17.0,1,1,1.0
176,8,560.0,182.4,88.47,30.87,1,1,1.0
177,4,699.52,282.45,189.37,98.5,1,1,0.6779
177,5,208.85,131.2,34.92,17.64,1,1,1.0
177,6,161.28,129.07,37.05,21.69,1,1,0.5136
177,7,289.92,147.63,47.93,17.64,1,1,1.0
177,8,552.32,181.33,86.55,30.44,1,1,1.0
178,4,717.44,287.57,187.88,99.99,1,1,0.6785
178,5,206.51,131.2,34.7,17.21,1,1,1.0
178,6,159.36,129.07,36.84,21.05,1,1,0.5276
178,7,285.44,146.99,47.93,18.28,1,1,1.0
178,8,544.64,180.27,84.63,30.01,1,1,1.0
179,4,735.36,292.69,186.39,101.48,1,1,0.662
179,5,204.16,131.2,34.49,16.79,1,1,1.0
179,6,157.44,129.07,36.63,20.41,1,1,0.5658
179,7,280.96,146.35,47.93,18.92,1,1,1.0
179,8,536.96,179.2,82.71,29.59,1,1,1.0
180,4,753.28,297.81,184.89,102.98,1,1,0.6815
180,5,201.81,131.2,34.28,16.36,1,1,1.0
180,6,155.52,129.07,36.41,19.77,1,1,0.5588
180,7,276.48,145.71,47.93,19.56,1,1,1.0
180,8,529.28,178.13,80.79,29.16,1,1,1.0
181,4,771.2,302.93,189.8,104.47,1,1,0.787
181,5,199.47,131.2,34.06,15.93,1,1,1.0
181,6,153.6,129.07,36.2,19.13,1,1,0.5761
181,7,272.0,145.07,47.93,20.2,1,1,0.9948
181,8,521.6,177.07,78.87,28.73,1,1,1.0
182,4,790.61,307.2,170.39,101.05,1,1,0.8696
182,5,197.12,130.99,34.07,15.29,1,1,1.0
182,7,268.8,144.43,47.51,19.56,1,1,1.0
182,8,514.77,174.93,76.31,28.95,1,1,1.0
183,4,810.03,311.47,150.97,97.64,1,1,0.9893
183,5,194.77,130.77,34.07,14.66,1,1,1.0
183,7,265.6,143.79,47.08,18.92,1,1,0.9944
183,8,507.95,172.8,73.74,29.16,1,1,1.0
184,4,829.44,315.73,131.56,94.23,1,1,1.0
184,5,192.43,130.56,34.06,14.01,1,1,1.0
184,7,262.4,143.15,46.65,18.28,1,1,0.997
184,8,501.12,170.67,71.19,29.37,1,1,1.0
185,4,848.85,320.0,112.15,90.81,1,1,1.0
185,5,190.08,130.35,34.07,13.37,1,1,1.0
185,7,259.2,142.51,46.23,17.64,1,1,0.9994
185,8,494.29,168.53,68.63,29.59,1,1,1.0
186,4,868.27,324.27,92.73,87.4,1,1,1.0
186,5,187.73,130.13,34.07,12.74,1,1,1.0
186,7,256.0,141.87,45.8,17.0,1,1,0.9944
186,8,487.47,166.4,66.06,29.8,1,1,1.0
187,5,186.45,129.71,33.0,12.94,1,1,1.0
187,7,253.23,141.01,45.37,17.43,1,1,0.9972
187,8,480.21,165.76,65.86,28.52,1,1,1.0
188,5,185.17,129.28,31.94,13.16,1,1,1.0
188,7,250.45,140.16,44.95,17.85,1,1,0.9999
188,8,472.96,165.12,65.64,27.24,1,1,1.0
189,5,183.89,128.85,30.87,13.38,1,1,1.0
189,7,247.68,139.31,44.52,18.28,1,1,0.9668
189,8,465.71,164.48,65.42,25.96,1,1,1.0
190,5,182.61,128.43,29.8,13.58,1,1,1.0
190,7,244.91,138.45,44.09,18.71,1,1,0.96
190,8,458.45,163.84,65.22,24.68,1,1,1.0
191,5,181.33,128.0,28.74,13.8,1,1,1.0
191,7,242.13,137.6,43.67,19.13,1,1,0.9514
191,8,451.2,163.2,65.0,23.4,1,1,1.0
192,7,239.57,136.75,43.46,18.92,1,1,0.9915
192,8,445.01,161.28,64.58,24.04,1,1,1.0
193,7,237.01,135.89,43.24,18.71,1,1,0.9933
193,8,438.83,159.36,64.14,24.68,1,1,1.0
194,7,234.45,135.04,43.03,18.49,1,1,0.9943
194,8,432.64,157.44,63.72,25.32,1,1,1.0
195,7,231.89,134.19,42.82,18.28,1,1,0.997
195,8,426.45,155.52,63.3,25.96,1,1,1.0
196,7,229.33,133.33,42.6,18.07,1,1,1.0
196,8,420.27,153.6,62.86,26.6,1,1,1.0
197,7,226.77,133.76,41.96,17.21,1,1,1.0
197,8,415.15,153.39,61.37,25.96,1,1,1.0
198,7,224.21,134.19,41.32,16.36,1,1,1.0
198,8,410.03,153.17,59.88,25.32,1,1,1.0
199,7,221.65,134.61,40.68,15.51,1,1,1.0
199,8,404.91,152.96,58.38,24.68,1,1,1.0
200,7,219.09,135.04,40.04,14.65,1,1,1.0
200,8,399.79,152.75,56.89,24.04,1,1,1.0
201,7,216.53,135.47,39.4,13.8,1,1,1.0
201,8,394.67,152.53,55.4,23.4,1,1,1.0
202,7,214.83,134.19,38.54,14.22,1,1,1.0
202,8,390.83,151.47,55.18,23.18,1,1,1.0
203,7,213.12,132.91,37.69,14.65,1,1,1.0
203,8,386.99,150.4,54.97,22.97,1,1,1.0
204,7,211.41,131.63,36.84,15.08,1,1,1.0
204,8,383.15,149.33,54.76,22.76,1,1,1.0
205,7,209.71,130.35,35.98,15.5,1,1,1.0
205,8,379.31,148.27,54.54,22.54,1,1,1.0
206,7,208.0,129.07,35.13,15.93,1,1,1.0
206,8,375.47,147.2,54.33,22.33,1,1,1.0
207,7,205.23,129.07,35.34,15.93,1,1,1.0
207,8,370.13,146.35,53.7,21.9,1,1,1.0
208,7,202.45,129.07,35.56,15.93,1,1,1.0
208,8,364.8,145.49,53.05,21.48,1,1,1.0
209,7,199.68,129.07,35.77,15.93,1,1,1.0
209,8,359.47,144.64,52.41,21.05,1,1,1.0
210,7,196.91,129.07,35.98,15.93,1,1,0.9948
210,8,354.13,143.79,51.78,20.62,1,1,1.0
211,7,194.13,129.07,36.2,15.93,1,1,0.9881
211,8,348.8,142.93,51.13,20.2,1,1,1.0
212,7,191.57,128.64,36.2,15.72,1,1,0.9544
212,8,344.53,142.51,51.14,19.98,1,1,1.0
213,7,189.01,128.21,36.2,15.51,1,1,1.0
213,8,340.27,142.08,51.13,19.77,1,1,1.0
214,7,186.45,127.79,36.2,15.29,1,1,0.9882
214,8,336.0,141.65,51.13,19.56,1,1,1.0
215,7,183.89,127.36,36.2,15.08,1,1,0.9508
215,8,331.73,141.23,51.14,19.34,1,1,1.0
216,7,181.33,126.93,36.2,14.87,1,1,0.9498
216,8,327.47,140.8,51.13,19.13,1,1,1.0
217,7,179.84,126.51,35.77,14.86,1,1,0.9868
217,8,323.41,139.95,50.71,19.98,1,1,1.0
218,7,178.35,126.08,35.34,14.87,1,1,0.9402
218,8,319.36,139.09,50.28,20.84,1,1,1.0
219,7,176.85,125.65,34.92,14.87,1,1,0.9369
219,8,315.31,138.24,49.85,21.69,1,1,1.0
220,7,175.36,125.23,34.49,14.86,1,1,0.9307
220,8,311.25,137.39,49.43,22.54,1,1,1.0
221,7,173.87,124.8,34.06,14.87,1,1,0.9467
221,8,307.2,136.53,49.0,23.4,1,1,1.0
222,8,304.21,136.11,48.58,23.4,1,1,1.0
223,8,301.23,135.68,48.14,23.4,1,1,1.0
224,8,298.24,135.25,47.72,23.4,1,1,1.0
225,8,295.25,134.83,47.3,23.4,1,1,1.0
226,8,292.27,134.4,46.86,23.4,1,1,1.0
227,8,289.49,133.76,47.08,23.4,1,1,1.0
228,8,286.72,133.12,47.29,23.4,1,1,1.0
229,8,283.95,132.48,47.5,23.4,1,1,1.0
230,8,281.17,131.84,47.72,23.4,1,1,1.0
231,8,278.4,131.2,47.93,23.4,1,1,1.0
231,9,66.13,140.8,28.73,23.4,1,1,1.0
232,8,275.84,130.99,46.65,22.54,1,1,1.0
232,9,67.84,141.65,30.23,23.19,1,1,1.0
233,8,273.28,130.77,45.37,21.7,1,1,1.0
233,9,69.55,142.51,31.72,22.97,1,1,1.0
234,8,270.72,130.56,44.09,20.84,1,1,1.0
234,9,71.25,143.36,33.22,22.76,1,1,1.0
235,8,268.16,130.35,42.81,19.98,1,1,1.0
235,9,72.96,144.21,34.71,22.55,1,1,1.0
236,8,265.6,130.13,41.53,19.14,1,1,1.0
236,9,74.67,145.07,36.2,22.33,1,1,1.0
237,8,263.04,129.28,40.89,19.56,1,1,1.0
237,9,77.01,145.49,36.84,22.55,1,1,1.0
238,8,260.48,128.43,40.25,19.98,1,1,1.0
238,9,79.36,145.92,37.48,22.76,1,1,1.0
239,8,257.92,127.57,39.61,20.42,1,1,1.0
239,9,81.71,146.35,38.12,22.97,1,1,1.0
240,8,255.36,126.72,38.97,20.84,1,1,1.0
240,9,84.05,146.77,38.76,23.19,1,1,1.0
241,8,252.8,125.87,38.33,21.26,1,1,1.0
241,9,86.4,147.2,39.4,23.4,1,1,1.0
242,8,250.45,125.87,38.55,20.62,1,1,1.0
242,9,88.96,148.05,38.76,23.62,1,1,0.988
243,8,248.11,125.87,38.76,19.98,1,1,1.0
243,9,91.52,148.91,38.12,23.82,1,1,0.9901
244,8,245.76,125.87,38.97,19.34,1,1,1.0
244,9,94.08,149.76,37.48,24.04,1,1,0.9208
245,8,243.41,125.87,39.19,18.7,1,1,1.0
245,9,96.64,150.61,36.84,24.26,1,1,0.8643
246,8,241.07,125.87,39.4,18.06,1,1,1.0
246,9,99.2,151.47,36.2,24.46,1,1,0.8108
246,10,872.53,248.53,88.47,50.07,1,1,1.0
247,8,239.15,125.01,38.97,18.28,1,1,1.0
247,9,102.19,151.68,38.54,25.11,1,1,0.6739
247,10,857.6,245.55,90.81,50.49,1,1,1.0
248,8,237.23,124.16,38.54,18.49,1,1,1.0
248,9,105.17,151.89,40.9,25.75,1,1,0.5965
248,10,842.67,242.56,99.56,50.92,1,1,1.0
249,8,235.31,123.31,38.12,18.7,1,1,1.0
249,9,108.16,152.11,43.24,26.38,1,1,0.5606
249,10,827.73,239.57,108.31,51.35,1,1,1.0
250,8,233.39,122.45,37.69,18.92,1,1,1.0
250,9,111.15,152.32,45.58,27.03,1,1,0.5885
250,10,812.8,236.59,117.05,51.77,1,1,0.984
251,8,231.47,121.6,37.26,19.13,1,1,1.0
251,9,114.13,152.53,47.94,27.67,1,1,0.6037
251,10,797.87,233.6,125.8,52.2,1,1,0.8501
252,8,229.97,121.6,36.2,18.49,1,1,1.0
252,9,117.12,154.24,47.93,27.03,1,1,0.6075
252,10,784.43,232.32,123.24,50.28,1,1,0.8134
253,8,228.48,121.6,35.13,17.85,1,1,1.0
253,9,120.11,155.95,47.93,26.38,1,1,0.6043
253,10,770.99,231.04,120.68,48.36,1,1,0.8309
254,8,226.99,121.6,34.06,17.21,1,1,1.0
254,9,123.09,157.65,47.94,25.75,1,1,0.6152
254,10,757.55,229.76,118.12,46.44,1,1,0.8231
255,8,225.49,121.6,33.0,16.57,1,1,1.0
255,9,126.08,159.36,47.93,25.11,1,1,0.6544
255,10,744.11,228.48,115.56,44.52,1,1,0.8183
256,8,224.0,121.6,31.93,15.93,1,1,1.0
256,9,129.07,161.07,47.93,24.46,1,1,0.7057
256,10,730.67,227.2,113.0,42.6,1,1,0.8176
256,11,880.0,230.4,81.0,38.33,1,1,1.0
256,12,115.2,129.07,38.33,22.33,1,1,0.632
257,8,222.29,121.39,32.15,16.36,1,1,1.0
257,9,133.12,160.85,48.15,25.32,1,1,0.7423
257,10,717.65,224.43,111.72,41.96,1,1,0.812
257,11,867.63,228.27,93.37,40.46,1,1,1.0
257,12,117.12,129.49,38.55,22.98,1,1,0.5688
258,8,220.59,121.17,32.36,16.79,1,1,1.0
258,9,137.17,160.64,48.36,26.17,1,1,0.8139
258,10,704.64,221.65,110.44,41.32,1,1,0.8474
258,11,855.25,226.13,105.75,42.6,1,1,1.0
258,12,119.04,129.92,38.76,23.61,1,1,0.5727
259,8,218.88,120.96,32.57,17.21,1,1,1.0
259,9,141.23,160.43,48.57,27.02,1,1,0.8988
259,10,691.63,218.88,109.16,40.68,1,1,0.9793
259,11,842.88,224.0,118.12,44.73,1,1,1.0
259,12,120.96,130.35,38.97,24.25,1,1,0.5638
260,8,217.17,120.75,32.79,17.64,1,1,1.0
260,9,145.28,160.21,48.79,27.88,1,1,1.0
260,10,678.61,216.11,107.88,40.04,1,1,1.0
260,11,830.51,221.87,130.49,46.86,1,1,1.0
260,12,122.88,130.77,39.19,24.9,1,1,0.5993
261,8,215.47,120.53,33.0,18.07,1,1,1.0
261,9,149.33,160.0,49.0,28.73,1,1,1.0
261,10,665.6,213.33,106.6,39.4,1,1,1.0
261,11,818.13,219.73,142.87,49.0,1,1,1.0
261,12,124.8,131.2,39.4,25.53,1,1,0.582
262,8,213.33,120.32,32.79,17.43,1,1,1.0
262,9,153.39,161.49,49.64,28.31,1,1,1.0
262,10,655.79,210.56,103.82,38.55,1,1,1.0
262,11,806.4,217.81,132.63,47.94,1,1,0.9069
262,12,128.21,132.05,38.12,24.04,1,1,0.5595
263,8,211.2,120.11,32.57,16.78,1,1,1.0
263,9,157.44,162.99,50.28,27.88,1,1,1.0
263,10,645.97,207.79,101.06,37.69,1,1,1.0
263,11,794.67,215.89,129.85,46.87,1,1,0.8387
263,12,131.63,132.91,36.84,22.54,1,1,0.6712
264,8,209.07,119.89,32.36,16.15,1,1,1.0
264,9,161.49,164.48,50.92,27.45,1,1,1.0
264,10,636.16,205.01,98.28,36.84,1,1,1.0
264,11,782.93,213.97,127.08,45.8,1,1,0.8349
264,12,135.04,133.76,35.56,21.05,1,1,0.7498
265,8,206.93,119.68,32.15,15.51,1,1,1.0
265,9,165.55,165.97,51.56,27.03,1,1,1.0
265,10,626.35,202.24,95.5,35.99,1,1,1.0
265,11,771.2,212.05,124.31,44.74,1,1,0.8311
265,12,138.45,134.61,34.28,19.56,1,1,0.8089
266,8,204.8,119.47,31.93,14.86,1,1,1.0
266,9,169.6,167.47,52.2,26.6,1,1,1.0
266,10,616.53,199.47,92.74,35.13,1,1,1.0
266,11,759.47,210.13,121.53,43.67,1,1,0.8272
266,12,141.87,135.47,33.0,18.06,1,1,0.9144
267,9,173.44,168.11,53.69,27.88,1,1,1.0
267,10,606.93,197.76,91.46,35.35,1,1,1.0
267,11,749.87,208.43,115.98,42.6,1,1,0.8018
267,12,142.51,135.47,34.7,19.13,1,1,0.9302
268,9,177.28,168.75,55.19,29.16,1,1,1.0
268,10,597.33,196.05,90.18,35.56,1,1,1.0
268,11,740.27,206.72,110.44,41.53,1,1,0.7917
268,12,143.15,135.47,36.41,20.2,1,1,1.0
269,9,181.12,169.39,56.68,30.44,1,1,1.0
269,10,587.73,194.35,88.9,35.77,1,1,1.0
269,11,730.67,205.01,104.89,40.47,1,1,0.8071
269,12,143.79,135.47,38.12,21.26,1,1,1.0
270,9,184.96,170.03,58.17,31.72,1,1,1.0
270,10,578.13,192.64,87.62,35.99,1,1,1.0
270,11,721.07,203.31,99.34,39.4,1,1,0.7981
270,12,144.43,135.47,39.82,22.33,1,1,1.0
271,9,188.8,170.67,59.67,33.0,1,1,1.0
271,10,568.53,190.93,86.34,36.2,1,1,1.0
271,11,711.47,201.6,93.8,38.33,1,1,0.9473
271,12,145.07,135.47,41.53,23.4,1,1,1.0
271,13,83.2,136.53,35.13,22.34,1,1,1.0
272,9,193.49,171.95,60.95,33.64,1,1,1.0
272,10,559.15,189.01,85.69,35.56,1,1,1.0
272,11,701.44,199.47,95.08,37.48,1,1,1.0
272,12,146.77,135.68,41.54,23.61,1,1,1.0
272,13,84.91,137.6,35.34,22.12,1,1,1.0
273,9,198.19,173.23,62.22,34.28,1,1,1.0
273,10,549.76,187.09,85.05,34.92,1,1,1.0
273,11,691.41,197.33,96.36,36.63,1,1,1.0
273,12,148.48,135.89,41.53,23.83,1,1,1.0
273,13,86.61,138.67,35.56,21.9,1,1,1.0
274,9,202.88,174.51,63.51,34.92,1,1,1.0
274,10,540.37,185.17,84.42,34.28,1,1,1.0
274,11,681.39,195.2,97.64,35.77,1,1,1.0
274,12,150.19,136.11,41.53,24.04,1,1,1.0
274,13,88.32,139.73,35.77,21.7,1,1,1.0
275,9,207.57,175.79,64.79,35.56,1,1,1.0
275,10,530.99,183.25,83.77,33.64,1,1,1.0
275,11,671.36,193.07,98.92,34.92,1,1,1.0
275,12,151.89,136.32,41.54,24.25,1,1,1.0
275,13,90.03,140.8,35.98,21.48,1,1,1.0
276,9,212.27,177.07,66.06,36.2,1,1,1.0
276,10,521.6,181.33,83.13,33.0,1,1,1.0
276,11,661.33,190.93,100.2,34.07,1,1,1.0
276,12,153.6,136.53,41.53,24.47,1,1,1.0
276,13,91.73,141.87,36.2,21.26,1,1,1.0
277,9,217.6,178.56,66.71,36.41,1,1,1.0
277,10,514.13,179.84,81.22,31.93,1,1,1.0
277,11,652.37,189.65,98.5,33.86,1,1,1.0
277,12,155.52,136.96,41.96,24.25,1,1,1.0
277,13,93.87,142.29,35.77,21.48,1,1,1.0
278,9,222.93,180.05,67.35,36.63,1,1,1.0
278,10,506.67,178.35,79.29,30.86,1,1,1.0
278,11,643.41,188.37,96.79,33.64,1,1,1.0
278,12,157.44,137.39,42.39,24.04,1,1,1.0
278,13,96.0,142.72,35.35,21.69,1,1,1.0
279,9,228.27,181.55,67.98,36.84,1,1,1.0
279,10,499.2,176.85,77.37,29.8,1,1,1.0
279,11,634.45,187.09,95.08,33.43,1,1,1.0
279,12,159.36,137.81,42.81,23.83,1,1,1.0
279,13,98.13,143.15,34.92,21.9,1,1,0.983
280,9,233.6,183.04,68.63,37.05,1,1,1.0
280,10,491.73,175.36,75.46,28.73,1,1,1.0
280,11,625.49,185.81,93.38,33.22,1,1,1.0
280,12,161.28,138.24,43.24,23.61,1,1,1.0
280,13,100.27,143.57,34.49,22.12,1,1,0.924
281,9,238.93,184.53,69.27,37.27,1,1,1.0
281,10,484.27,173.87,73.53,27.66,1,1,1.0
281,11,616.53,184.53,91.67,33.0,1,1,1.0
281,12,163.2,138.67,43.67,23.4,1,1,1.0
281,13,102.4,144.0,34.07,22.33,1,1,0.8688
282,9,244.69,185.81,70.76,38.55,1,1,1.0
282,10,476.8,172.37,72.89,28.1,1,1,1.0
282,11,608.85,182.61,90.39,32.79,1,1,1.0
282,12,165.12,138.45,43.88,24.9,1,1,1.0
282,13,104.53,144.64,35.35,23.19,1,1,0.7771
283,9,250.45,187.09,72.26,39.83,1,1,1.0
283,10,469.33,170.88,72.26,28.52,1,1,1.0
283,11,601.17,180.69,89.11,32.58,1,1,1.0
283,12,167.04,138.24,44.09,26.39,1,1,1.0
283,13,106.67,145.28,36.62,24.04,1,1,0.7649
284,9,256.21,188.37,73.75,41.11,1,1,1.0
284,10,461.87,169.39,71.61,28.94,1,1,1.0
284,11,593.49,178.77,87.83,32.36,1,1,1.0
284,12,168.96,138.03,44.31,27.88,1,1,1.0
284,13,108.8,145.92,37.91,24.89,1,1,0.6658
285,9,261.97,189.65,75.24,42.39,1,1,1.0
285,10,454.4,167.89,70.97,29.38,1,1,1.0
285,11,585.81,176.85,86.55,32.15,1,1,1.0
285,12,170.88,137.81,44.52,29.38,1,1,1.0
285,13,110.93,146.56,39.19,25.75,1,1,0.6172
286,9,267.73,190.93,76.74,43.67,1,1,1.0
286,10,446.93,166.4,70.34,29.8,1,1,1.0
286,11,578.13,174.93,85.27,31.94,1,1,1.0
286,12,172.8,137.6,44.73,30.87,1,1,1.0
286,13,113.07,147.2,40.46,26.6,1,1,0.6404
287,9,274.99,193.07,78.01,44.94,1,1,1.0
287,10,441.39,165.12,68.62,30.01,1,1,1.0
287,11,571.52,173.65,83.13,31.72,1,1,1.0
287,12,175.15,138.24,45.8,30.65,1,1,1.0
287,13,116.05,148.27,41.75,26.17,1,1,0.6407
288,9,282.24,195.2,79.29,46.23,1,1,1.0
288,10,435.84,163.84,66.92,30.23,1,1,1.0
288,11,564.91,172.37,81.0,31.51,1,1,1.0
288,12,177.49,138.88,46.87,30.44,1,1,1.0
288,13,119.04,149.33,43.03,25.75,1,1,0.6616
289,9,289.49,197.33,80.58,47.51,1,1,1.0
289,10,430.29,162.56,65.22,30.44,1,1,1.0
289,11,558.29,171.09,78.87,31.3,1,1,1.0
289,12,179.84,139.52,47.93,30.23,1,1,1.0
289,13,122.03,150.4,44.3,25.32,1,1,0.671
290,9,296.75,199.47,81.85,48.78,1,1,1.0
290,10,424.75,161.28,63.5,30.65,1,1,1.0
290,11,551.68,169.81,76.73,31.08,1,1,1.0
290,12,182.19,140.16,49.0,30.01,1,1,1.0
290,13,125.01,151.47,45.59,24.89,1,1,0.678
291,9,304.0,201.6,83.13,50.07,1,1,1.0
291,10,419.2,160.0,61.8,30.87,1,1,1.0
291,11,545.07,168.53,74.6,30.87,1,1,1.0
291,12,184.53,140.8,50.07,29.8,1,1,1.0
291,13,128.0,152.53,46.87,24.47,1,1,0.68
292,9,311.25,203.95,86.34,50.7,1,1,1.0
292,10,413.65,158.72,61.59,31.08,1,1,1.0
292,11,538.67,167.47,73.96,31.29,1,1,1.0
292,12,186.88,141.87,51.35,29.8,1,1,1.0
292,13,131.63,152.96,46.22,25.96,1,1,0.6885
293,9,318.51,206.29,89.53,51.35,1,1,1.0
293,10,408.11,157.44,61.37,31.29,1,1,1.0
293,11,532.27,166.4,73.32,31.72,1,1,1.0
293,12,189.23,142.93,52.62,29.8,1,1,1.0
293,13,135.25,153.39,45.59,27.45,1,1,0.7212
294,9,325.76,208.64,92.73,51.99,1,1,1.0
294,10,402.56,156.16,61.16,31.51,1,1,1.0
294,11,525.87,165.33,72.68,32.15,1,1,1.0
294,12,191.57,144.0,53.91,29.8,1,1,1.0
294,13,138.88,153.81,44.95,28.95,1,1,0.8011
295,9,333.01,210.99,95.94,52.62,1,1,1.0
295,10,397.01,154.88,60.95,31.72,1,1,1.0
295,11,519.47,164.27,72.04,32.57,1,1,1.0
295,12,193.92,145.07,55.19,29.8,1,1,1.0
295,13,142.51,154.24,44.3,30.44,1,1,0.8535
296,9,340.27,213.33,99.13,53.27,1,1,1.0
296,10,391.47,153.6,60.73,31.93,1,1,1.0
296,11,513.07,163.2,71.4,33.0,1,1,1.0
296,12,196.27,146.13,56.46,29.8,1,1,1.0
296,13,146.13,154.67,43.67,31.93,1,1,0.9343
296,14,852.27,273.07,108.73,55.4,1,1,0.2075
296,15,873.6,252.8,87.4,26.6,1,1,0.762
297,9,349.23,216.75,102.12,53.9,1,1,1.0
297,10,386.77,152.53,59.24,31.3,1,1,1.0
297,11,506.67,162.35,70.76,32.57,1,1,1.0
297,12,199.25,146.13,56.47,31.3,1,1,1.0
297,13,148.48,155.52,45.59,31.72,1,1,1.0
297,14,835.84,270.51,111.08,54.33,1,1,0.1391
297,15,858.88,250.45,102.12,31.72,1,1,0.6831
298,9,358.19,220.16,105.1,54.55,1,1,1.0
298,10,382.08,151.47,57.75,30.65,1,1,1.0
298,11,500.27,161.49,70.12,32.15,1,1,1.0
298,12,202.24,146.13,56.47,32.79,1,1,1.0
298,13,150.83,156.37,47.5,31.51,1,1,1.0
298,14,819.41,267.95,118.76,53.26,1,1,0.1219
298,15,844.16,248.11,116.84,36.84,1,1,0.6287
299,9,367.15,223.57,108.09,55.19,1,1,1.0
299,10,377.39,150.4,56.25,30.01,1,1,1.0
299,11,493.87,160.64,69.48,31.72,1,1,1.0
299,12,205.23,146.13,56.46,34.28,1,1,1.0
299,13,153.17,157.23,49.43,31.29,1,1,1.0
299,14,802.99,265.39,126.44,52.2,1,1,0.0341
299,15,829.44,245.76,131.56,41.96,1,1,0.5955
300,9,376.11,226.99,111.08,55.82,1,1,1.0
300,10,372.69,149.33,54.76,29.38,1,1,1.0
300,11,487.47,159.79,68.84,31.29,1,1,1.0
300,12,208.21,146.13,56.47,35.78,1,1,1.0
300,13,155.52,158.08,51.35,31.08,1,1,1.0
300,14,786.56,262.83,134.12,51.13,1,1,0.0229
300,15,814.72,243.41,146.28,47.08,1,1,0.5573
301,9,385.07,230.4,114.06,56.47,1,1,1.0
301,10,368.0,148.27,53.27,28.73,1,1,1.0
301,11,481.07,158.93,68.2,30.87,1,1,1.0
301,12,211.2,146.13,56.47,37.27,1,1,1.0
301,13,157.87,158.93,53.26,30.87,1,1,1.0
301,14,770.13,260.27,141.8,50.06,1,1,0.0
301,15,800.0,241.07,161.0,52.2,1,1,0.5148
302,9,396.59,233.6,116.41,58.39,1,1,1.0
302,10,363.31,148.05,52.41,27.88,1,1,1.0
302,11,475.95,158.51,67.13,29.58,1,1,1.0
302,12,214.19,146.56,56.89,37.27,1,1,1.0
302,13,161.71,160.43,53.26,30.86,1,1,1.0
302,14,755.2,256.21,136.47,50.5,1,1,0.0108
302,15,792.53,238.29,142.66,50.71,1,1,0.4937
303,9,408.11,236.8,118.76,60.31,1,1,1.0
303,10,358.61,147.84,51.56,27.03,1,1,1.0
303,11,470.83,158.08,66.06,28.31,1,1,1.0
303,12,217.17,146.99,57.32,37.26,1,1,0.9829
303,13,165.55,161.92,53.26,30.87,1,1,1.0
303,14,740.27,252.16,131.13,50.92,1,1,0.0046
303,15,785.07,235.52,132.84,49.21,1,1,0.513
304,9,419.63,240.0,121.1,62.23,1,1,1.0
304,10,353.92,147.63,50.71,26.17,1,1,1.0
304,11,465.71,157.65,65.0,27.03,1,1,1.0
304,12,220.16,147.41,57.75,37.27,1,1,0.9754
304,13,169.39,163.41,53.26,30.87,1,1,1.0
304,14,725.33,248.11,125.8,51.34,1,1,0.0151
304,15,777.6,232.75,123.03,47.72,1,1,0.5345
305,9,431.15,243.2,123.45,64.15,1,1,1.0
305,10,349.23,147.41,49.85,25.32,1,1,1.0
305,11,460.59,157.23,63.93,25.74,1,1,1.0
305,12,223.15,147.84,58.17,37.27,1,1,0.9689
305,13,173.23,164.91,53.26,30.86,1,1,1.0
305,14,710.4,244.05,120.47,51.78,1,1,0.0
305,15,770.13,229.97,113.22,46.23,1,1,0.5652
306,9,442.67,246.4,125.8,66.07,1,1,1.0
306,10,344.53,147.2,49.0,24.47,1,1,1.0
306,11,455.47,156.8,62.86,24.47,1,1,1.0
306,12,226.13,148.27,58.6,37.26,1,1,0.9632
306,13,177.07,166.4,53.26,30.87,1,1,1.0
306,14,695.47,240.0,115.13,52.2,1,1,0.0046
306,15,762.67,227.2,103.4,44.73,1,1,0.5428
307,9,455.25,249.81,131.56,67.56,1,1,1.0
307,10,340.69,146.35,47.3,24.25,1,1,1.0
307,11,450.35,155.09,61.8,24.9,1,1,1.0
307,12,229.55,149.12,59.02,37.69,1,1,0.9374
307,13,180.91,166.83,55.61,32.57,1,1,1.0
307,14,681.17,236.8,113.22,50.92,1,1,0.2007
307,15,749.44,224.85,103.4,44.95,1,1,0.483
308,9,467.84,253.23,137.32,69.05,1,1,1.0
308,10,336.85,145.49,45.59,24.04,1,1,1.0
308,11,445.23,153.39,60.73,25.32,1,1,1.0
308,12,232.96,149.97,59.45,38.12,1,1,0.9103
308,13,184.75,167.25,57.96,34.28,1,1,1.0
308,14,666.88,233.6,111.29,49.64,1,1,0.1824
308,15,736.21,222.51,103.4,45.16,1,1,0.5128
309,9,480.43,256.64,143.08,70.55,1,1,1.0
309,10,333.01,144.64,43.88,23.83,1,1,1.0
309,11,440.11,151.68,59.66,25.75,1,1,1.0
309,12,236.37,150.83,59.88,38.54,1,1,0.8823
309,13,188.59,167.68,60.3,35.99,1,1,1.0
309,14,652.59,230.4,109.37,48.36,1,1,0.1985
309,15,722.99,220.16,103.4,45.37,1,1,0.5075
310,9,493.01,260.05,148.84,72.04,1,1,1.0
310,10,329.17,143.79,42.18,23.61,1,1,1.0
310,11,434.99,149.97,58.6,26.18,1,1,1.0
310,12,239.79,151.68,60.3,38.97,1,1,0.8533
310,13,192.43,168.11,62.65,37.69,1,1,1.0
310,14,638.29,227.2,107.46,47.08,1,1,0.1504
310,15,709.76,217.81,103.4,45.59,1,1,0.6186
311,9,505.6,263.47,154.6,73.53,1,1,1.0
311,10,325.33,142.93,40.47,23.4,1,1,1.0
311,11,429.87,148.27,57.53,26.6,1,1,1.0
311,12,243.2,152.53,60.73,39.4,1,1,0.8233
311,13,196.27,168.53,65.0,39.4,1,1,1.0
311,14,624.0,224.0,105.53,45.8,1,1,0.1788
311,15,696.53,215.47,103.4,45.8,1,1,0.7403
311,16,92.8,136.53,39.4,25.54,1,1,1.0
312,9,522.67,269.87,158.65,76.09,1,1,1.0
312,10,321.49,142.08,40.47,23.61,1,1,1.0
312,11,424.96,148.27,57.53,25.53,1,1,1.0
312,12,247.04,153.39,61.16,40.04,1,1,0.8208
312,13,200.96,170.24,65.0,39.4,1,1,1.0
312,14,612.48,220.59,105.96,45.8,1,1,0.2055
312,15,685.87,212.69,101.26,44.74,1,1,0.7351
312,16,95.15,137.6,38.54,24.89,1,1,1.0
313,9,539.73,276.27,162.71,78.65,1,1,1.0
313,10,317.65,141.23,40.47,23.82,1,1,1.0
313,11,420.05,148.27,57.54,24.46,1,1,1.0
313,12,250.88,154.24,61.59,40.68,1,1,0.8188
313,13,205.65,171.95,65.0,39.4,1,1,1.0
313,14,600.96,217.17,106.39,45.8,1,1,0.2033
313,15,675.2,209.92,99.13,43.67,1,1,0.7295
313,16,97.49,138.67,37.7,24.25,1,1,1.0
314,9,556.8,282.67,166.76,81.21,1,1,1.0
314,10,313.81,140.37,40.47,24.04,1,1,1.0
314,11,415.15,148.27,57.53,23.4,1,1,1.0
314,12,254.72,155.09,62.01,41.32,1,1,0.8167
314,13,210.35,173.65,65.0,39.4,1,1,1.0
314,14,589.44,213.76,106.81,45.8,1,1,0.2398
314,15,664.53,207.15,97.0,42.6,1,1,0.7237
314,16,99.84,139.73,36.84,23.62,1,1,0.9961
315,9,573.87,289.07,170.81,83.77,1,1,1.0
315,10,309.97,139.52,40.47,24.25,1,1,1.0
315,11,410.24,148.27,57.53,22.33,1,1,1.0
315,12,258.56,155.95,62.44,41.96,1,1,0.8151
315,13,215.04,175.36,65.0,39.4,1,1,1.0
315,14,577.92,210.35,107.24,45.8,1,1,0.2125
315,15,653.87,204.37,94.86,41.54,1,1,0.7176
315,16,102.19,140.8,35.98,22.97,1,1,0.9449
316,9,590.93,295.47,174.87,86.33,1,1,0.9836
316,10,306.13,138.67,40.47,24.46,1,1,1.0
316,11,405.33,148.27,57.54,21.26,1,1,1.0
316,12,262.4,156.8,62.87,42.6,1,1,0.8138
316,13,219.73,177.07,65.0,39.4,1,1,1.0
316,14,566.4,206.93,107.67,45.8,1,1,0.198
316,15,643.2,201.6,92.73,40.47,1,1,0.7109
316,16,104.53,141.87,35.14,22.33,1,1,0.9197
316,17,132.27,134.4,33.0,19.13,1,1,0.6039
317,9,612.05,299.52,181.27,90.81,1,1,0.9142
317,10,302.29,137.81,40.04,24.26,1,1,1.0
317,11,401.92,147.2,55.83,21.91,1,1,1.0
317,12,266.03,157.23,64.36,43.66,1,1,0.7952
317,13,225.49,178.35,66.07,40.68,1,1,1.0
317,14,557.23,204.8,104.25,44.73,1,1,0.2269
317,15,632.75,199.47,91.02,39.4,1,1,0.7271
317,16,106.45,142.51,36.2,22.33,1,1,0.8715
317,17,134.61,133.76,32.79,19.77,1,1,0.6485
318,9,633.17,303.57,187.67,95.3,1,1,0.6667
318,10,298.45,136.96,39.62,24.04,1,1,1.0
318,11,398.51,146.13,54.12,22.55,1,1,1.0
318,12,269.65,157.65,65.86,44.74,1,1,0.778
318,13,231.25,179.63,67.14,41.96,1,1,1.0
318,14,548.05,202.67,100.84,43.66,1,1,0.2137
318,15,622.29,197.33,89.32,38.34,1,1,0.7437
318,16,108.37,143.15,37.27,22.33,1,1,0.8234
318,17,136.96,133.12,32.57,20.41,1,1,0.7204
319,9,654.29,307.63,194.07,99.77,1,1,0.6677
319,10,294.61,136.11,39.19,23.82,1,1,1.0
319,11,395.09,145.07,52.42,23.18,1,1,1.0
319,12,273.28,158.08,67.35,45.8,1,1,0.7622
319,13,237.01,180.91,68.2,43.24,1,1,1.0
319,14,538.88,200.53,97.43,42.6,1,1,0.1878
319,15,611.84,195.2,87.61,37.27,1,1,0.7606
319,16,110.29,143.79,38.34,22.33,1,1,0.7675
319,17,139.31,132.48,32.36,21.05,1,1,0.7505
320,9,675.41,311.68,200.47,104.25,1,1,0.6768
320,10,290.77,135.25,38.76,23.62,1,1,1.0
320,11,391.68,144.0,50.71,23.83,1,1,1.0
320,12,276.91,158.51,68.84,46.86,1,1,0.7476
320,13,242.77,182.19,69.27,44.52,1,1,1.0
320,14,529.71,198.4,94.01,41.53,1,1,0.1918
320,15,601.39,193.07,85.9,36.2,1,1,0.7783
320,16,112.21,144.43,39.4,22.33,1,1,0.7716
320,17,141.65,131.84,32.15,21.69,1,1,0.7809
321,9,696.53,315.73,206.87,108.74,1,1,0.6866
321,10,286.93,134.4,38.34,23.4,1,1,1.0
321,11,388.27,142.93,49.0,24.47,1,1,1.0
321,12,280.53,158.93,70.34,47.94,1,1,0.7339
321,13,248.53,183.47,70.34,45.8,1,1,1.0
321,14,520.53,196.27,90.6,40.46,1,1,0.1922
321,15,590.93,190.93,84.2,35.14,1,1,0.7966
321,16,114.13,145.07,40.47,22.33,1,1,0.7909
321,17,144.0,131.2,31.93,22.33,1,1,0.8361
321,18,41.6,519.47,102.33,21.53,1,1,1.0
322,9,720.85,322.77,192.58,107.88,1,1,0.6663
322,10,283.52,133.55,37.69,23.18,1,1,1.0
322,11,383.57,141.65,49.64,24.26,1,1,1.0
322,12,284.37,160.21,70.76,47.3,1,1,0.7182
322,13,253.65,185.81,74.18,46.02,1,1,1.0
322,14,511.15,193.71,90.38,39.82,1,1,0.2334
322,15,583.04,188.8,82.92,35.35,1,1,0.808
322,16,116.27,145.49,41.32,23.62,1,1,0.7879
322,17,145.28,131.63,33.21,22.76,1,1,0.8551
322,18,37.33,518.19,109.16,22.81,1,1,1.0
323,9,745.17,329.81,178.28,107.03,1,1,0.6361
323,10,280.11,132.69,37.05,22.98,1,1,1.0
323,11,378.88,140.37,50.28,24.04,1,1,1.0
323,12,288.21,161.49,71.19,46.66,1,1,0.7076
323,13,258.77,188.16,78.02,46.23,1,1,1.0
323,14,501.76,191.15,90.17,39.18,1,1,0.2279
323,15,575.15,186.67,81.64,35.56,1,1,0.8204
323,16,118.4,145.92,42.17,24.89,1,1,0.8345
323,17,146.56,132.05,34.49,23.19,1,1,0.8367
323,18,33.07,516.91,115.98,24.09,1,1,1.0
324,9,769.49,336.85,163.99,106.18,1,1,0.6804
324,10,276.69,131.84,36.42,22.76,1,1,1.0
324,11,374.19,139.09,50.92,23.83,1,1,1.0
324,12,292.05,162.77,71.62,46.02,1,1,0.7022
324,13,263.89,190.51,81.86,46.44,1,1,1.0
324,14,492.37,188.59,89.96,38.54,1,1,0.2475
324,15,567.25,184.53,80.36,35.78,1,1,0.8336
324,16,120.53,146.35,43.03,26.17,1,1,0.7444
324,17,147.84,132.48,35.77,23.61,1,1,0.8187
324,18,28.8,515.63,122.81,25.37,1,1,1.0
325,9,793.81,343.89,149.7,105.32,1,1,0.8069
325,10,273.28,130.99,35.77,22.54,1,1,1.0
325,11,369.49,137.81,51.56,23.62,1,1,1.0
325,12,295.89,164.05,72.04,45.38,1,1,0.7017
325,13,269.01,192.85,85.7,46.66,1,1,1.0
325,14,482.99,186.03,89.74,37.9,1,1,0.3235
325,15,559.36,182.4,79.08,35.99,1,1,0.848
325,16,122.67,146.77,43.88,27.46,1,1,0.7605
325,17,149.12,132.91,37.05,24.04,1,1,0.8008
325,18,24.53,514.35,129.64,26.65,1,1,1.0
326,9,818.13,350.93,142.87,104.47,1,1,0.9781
326,10,269.87,130.13,35.13,22.34,1,1,1.0
326,11,364.8,136.53,52.2,23.4,1,1,1.0
326,12,299.73,165.33,72.47,44.74,1,1,0.7068
326,13,274.13,195.2,89.54,46.87,1,1,1.0
326,14,473.6,183.47,89.53,37.26,1,1,0.3402
326,15,551.47,180.27,77.8,36.2,1,1,0.8634
326,16,124.8,147.2,44.73,28.73,1,1,0.7609
326,17,150.4,133.33,38.33,24.47,1,1,0.7838
326,18,20.27,513.07,136.46,27.93,1,1,1.0
326,19,907.73,251.73,53.27,43.67,1,1,0.9007
327,10,266.03,129.92,35.77,21.69,1,1,1.0
327,11,361.17,136.75,51.56,23.4,1,1,1.0
327,12,304.0,166.61,73.96,45.16,1,1,0.7121
327,13,281.17,197.76,91.46,48.79,1,1,1.0
327,14,466.13,181.76,87.19,37.48,1,1,0.3354
327,15,541.23,178.99,78.44,35.56,1,1,0.8579
327,16,127.57,147.63,45.16,28.94,1,1,0.7595
327,17,152.32,134.4,39.19,24.04,1,1,0.7658
327,18,17.07,512.21,140.09,28.79,1,1,1.0
327,19,892.59,248.53,68.41,46.44,1,1,0.8859
328,10,262.19,129.71,36.41,21.05,1,1,1.0
328,11,357.55,136.96,50.92,23.4,1,1,1.0
328,12,308.27,167.89,75.45,45.59,1,1,0.7195
328,13,288.21,200.32,93.38,50.71,1,1,1.0
328,14,458.67,180.05,84.84,37.7,1,1,0.3936
328,15,530.99,177.71,79.08,34.92,1,1,0.8523
328,16,130.35,148.05,45.58,29.16,1,1,0.7168
328,17,154.24,135.47,40.04,23.61,1,1,0.7469
328,18,13.87,511.36,143.72,29.64,1,1,1.0
328,19,877.44,245.33,83.56,49.22,1,1,0.8589
329,10,258.35,129.49,37.05,20.42,1,1,1.0
329,11,353.92,137.17,50.28,23.4,1,1,1.0
329,12,312.53,169.17,76.95,46.02,1,1,0.7325
329,13,295.25,202.88,95.3,52.63,1,1,1.0
329,14,451.2,178.35,82.49,37.9,1,1,0.3717
329,15,520.75,176.43,79.72,34.28,1,1,0.8468
329,16,133.12,148.48,46.01,29.37,1,1,0.7175
329,17,156.16,136.53,40.89,23.19,1,1,0.7277
329,18,1.0,510.51,157.01,30.49,1,1,1.0
329,19,862.29,242.13,98.71,51.99,1,1,0.8054
330,10,254.51,129.28,37.69,19.77,1,1,1.0
330,11,350.29,137.39,49.64,23.4,1,1,1.0
330,12,316.8,170.45,78.44,46.44,1,1,0.7534
330,13,302.29,205.44,97.22,54.55,1,1,1.0
330,14,443.73,176.64,80.15,38.12,1,1,0.4049
330,15,510.51,175.15,80.36,33.64,1,1,0.841
330,16,135.89,148.91,46.44,29.58,1,1,0.7719
330,17,158.08,137.6,41.75,22.76,1,1,0.7078
330,18,1.0,509.65,157.44,31.35,1,1,1.0
330,19,847.15,238.93,113.85,54.76,1,1,0.8196
331,10,250.67,129.07,38.33,19.13,1,1,1.0
331,11,346.67,137.6,49.0,23.4,1,1,1.0
331,12,321.07,171.73,79.93,46.87,1,1,0.7738
331,13,309.33,208.0,99.14,56.47,1,1,1.0
331,14,436.27,174.93,77.8,38.34,1,1,0.4001
331,15,500.27,173.87,81.0,33.0,1,1,0.8351
331,16,138.67,149.33,46.86,29.8,1,1,0.7855
331,17,160.0,138.67,42.6,22.33,1,1,0.6868
331,18,1.0,508.8,157.87,32.2,1,1,1.0
331,19,832.0,235.73,129.0,57.54,1,1,0.7671
332,10,247.89,128.21,37.91,19.56,1,1,1.0
332,11,343.89,136.53,48.15,23.19,1,1,1.0
332,12,325.55,172.8,81.42,47.08,1,1,0.7884
332,13,317.44,209.92,102.76,57.96,1,1,1.0
332,14,429.65,174.08,76.31,36.63,1,1,0.3829
332,15,494.29,172.16,79.3,33.0,1,1,0.8614
332,16,140.8,151.04,47.29,29.16,1,1,0.816
332,17,161.28,138.88,43.88,23.19,1,1,0.7094
332,18,1.0,507.73,162.99,33.27,1,1,1.0
332,19,818.35,232.96,125.58,56.89,1,1,0.2601
333,10,245.12,127.36,37.48,19.99,1,1,1.0
333,11,341.12,135.47,47.29,22.97,1,1,1.0
333,12,330.03,173.87,82.92,47.29,1,1,0.8029
333,13,325.55,211.84,106.38,59.45,1,1,1.0
333,14,423.04,173.23,74.81,34.92,1,1,0.4304
333,15,488.32,170.45,77.59,33.0,1,1,0.8875
333,16,142.93,152.75,47.72,28.52,1,1,0.8547
333,17,162.56,139.09,45.16,24.04,1,1,0.7314
333,18,1.0,506.67,168.11,34.33,1,1,1.0
333,19,804.69,230.19,128.58,56.25,1,1,0.3132
334,10,242.35,126.51,37.05,20.41,1,1,1.0
334,11,338.35,134.4,46.44,22.76,1,1,1.0
334,12,334.51,174.93,84.41,47.51,1,1,0.8173
334,13,333.65,213.76,110.02,60.95,1,1,1.0
334,14,416.43,172.37,73.32,33.22,1,1,0.3644
334,15,482.35,168.75,75.88,33.0,1,1,0.9132
334,16,145.07,154.45,48.14,27.88,1,1,0.8961
334,17,163.84,139.31,46.44,24.89,1,1,0.7523
334,18,1.0,505.6,173.23,35.4,1,1,1.0
334,19,791.04,227.41,131.56,55.62,1,1,0.3611
335,10,239.57,125.65,36.63,20.84,1,1,1.0
335,11,335.57,133.33,45.59,22.55,1,1,1.0
335,12,338.99,176.0,85.9,47.72,1,1,0.837
335,13,341.76,215.68,113.64,62.44,1,1,1.0
335,14,409.81,171.52,71.83,31.51,1,1,0.2993
335,15,476.37,167.04,74.18,33.0,1,1,0.9386
335,16,147.2,156.16,48.57,27.24,1,1,0.9391
335,17,165.12,139.52,47.72,25.75,1,1,0.7728
335,18,1.0,504.53,178.35,36.47,1,1,1.0
335,19,777.39,224.64,134.54,54.97,1,1,0.4193
336,10,236.8,124.8,36.2,21.27,1,1,1.0
336,11,332.8,132.27,44.73,22.33,1,1,1.0
336,12,343.47,177.07,87.4,47.93,1,1,0.8569
336,13,349.87,217.6,117.26,63.93,1,1,1.0
336,14,403.2,170.67,70.33,29.8,1,1,0.3198
336,15,470.4,165.33,72.47,33.0,1,1,0.9638
336,16,149.33,157.87,49.0,26.6,1,1,1.0
336,17,166.4,139.73,49.0,26.6,1,1,0.7928
336,18,1.0,503.47,183.47,37.53,1,1,1.0
336,19,763.73,221.87,137.54,54.33,1,1,0.3835
337,10,234.24,124.59,35.99,20.84,1,1,1.0
337,11,328.32,131.63,45.59,22.33,1,1,1.0
337,12,348.59,178.77,88.89,47.94,1,1,0.9
337,13,359.68,221.23,121.11,65.21,1,1,1.0
337,14,395.95,169.17,70.33,29.16,1,1,0.3465
337,15,462.93,164.48,72.04,32.36,1,1,0.9602
337,16,152.75,158.93,49.42,26.82,1,1,1.0
337,17,168.96,140.59,49.43,26.6,1,1,0.7914
337,18,1.0,502.4,180.05,38.6,1,1,1.0
337,19,751.15,219.31,135.82,53.05,1,1,0.3823
338,10,231.68,124.37,35.77,20.42,1,1,1.0
338,11,323.84,130.99,46.44,22.33,1,1,1.0
338,12,353.71,180.48,90.38,47.93,1,1,0.9387
338,13,369.49,224.85,124.95,66.5,1,1,1.0
338,14,388.69,167.68,70.34,28.52,1,1,0.3621
338,15,455.47,163.63,71.61,31.72,1,1,0.9566
338,16,156.16,160.0,49.85,27.03,1,1,1.0
338,17,171.52,141.44,49.85,26.6,1,1,0.7909
338,18,1.0,501.33,176.64,39.67,1,1,1.0
338,19,738.56,216.75,134.12,51.77,1,1,0.3555
339,10,229.12,124.16,35.56,19.99,1,1,1.0
339,11,319.36,130.35,47.29,22.33,1,1,1.0
339,12,358.83,182.19,91.88,47.93,1,1,0.9734
339,13,379.31,228.48,128.78,67.77,1,1,1.0
339,14,381.44,166.19,70.33,27.88,1,1,0.3536
339,15,448.0,162.77,71.19,31.08,1,1,0.9529
339,16,159.57,161.07,50.28,27.24,1,1,1.0
339,17,174.08,142.29,50.28,26.6,1,1,0.7909
339,18,1.0,500.27,173.23,40.73,1,1,1.0
339,19,725.97,214.19,132.42,50.49,1,1,0.2675
340,10,226.56,123.95,35.35,19.56,1,1,1.0
340,11,314.88,129.71,48.15,22.33,1,1,1.0
340,12,363.95,183.89,93.37,47.94,1,1,1.0
340,13,389.12,232.11,132.63,69.05,1,1,1.0
340,14,374.19,164.69,70.33,27.24,1,1,0.3418
340,15,440.53,161.92,70.76,30.44,1,1,0.9495
340,16,162.99,162.13,50.7,27.46,1,1,1.0
340,17,176.64,143.15,50.71,26.6,1,1,0.7907
340,18,1.0,499.2,169.81,41.8,1,1,1.0
340,19,713.39,211.63,130.7,49.21,1,1,0.1723
341,10,224.0,123.73,35.13,19.14,1,1,1.0
341,11,310.4,129.07,49.0,22.33,1,1,1.0
341,12,369.07,185.6,94.86,47.93,1,1,1.0
341,13,398.93,235.73,136.47,70.34,1,1,1.0
341,14,366.93,163.2,70.34,26.6,1,1,0.343
341,15,433.07,161.07,70.33,29.8,1,1,0.9467
341,16,166.4,163.2,51.13,27.67,1,1,1.0
341,17,179.2,144.0,51.13,26.6,1,1,0.7914
341,18,1.0,498.13,166.4,42.87,1,1,1.0
341,19,700.8,209.07,129.0,47.93,1,1,0.0802
342,10,222.08,123.95,34.92,18.7,1,1,1.0
342,11,307.41,128.85,48.58,21.7,1,1,1.0
342,12,376.11,185.81,95.08,50.5,1,1,1.0
342,13,411.52,239.79,140.09,71.82,1,1,1.0
342,14,361.6,161.71,69.05,27.02,1,1,0.3108
342,15,427.52,159.79,68.84,29.37,1,1,0.9582
342,16,168.75,163.84,53.05,28.73,1,1,1.0
342,17,183.04,144.85,49.85,26.39,1,1,0.782
342,18,1.0,497.92,170.03,43.08,1,1,1.0
342,19,690.99,207.79,124.94,46.01,1,1,0.0126
343,10,220.16,124.16,34.71,18.28,1,1,1.0
343,11,304.43,128.64,48.14,21.05,1,1,1.0
343,12,383.15,186.03,95.29,53.05,1,1,1.0
343,13,424.11,243.84,143.72,73.32,1,1,1.0
343,14,356.27,160.21,67.77,27.46,1,1,0.3662
343,15,421.97,158.51,67.35,28.94,1,1,0.9711
343,16,171.09,164.48,54.98,29.8,1,1,1.0
343,17,186.88,145.71,48.57,26.17,1,1,0.7718
343,18,1.0,497.71,173.65,43.29,1,1,1.0
343,19,681.17,206.51,120.9,44.09,1,1,0.7612
344,10,218.24,124.37,34.49,17.86,1,1,1.0
344,11,301.44,128.43,47.72,20.41,1,1,1.0
344,12,390.19,186.24,95.5,55.61,1,1,1.0
344,13,436.69,247.89,147.35,74.82,1,1,1.0
344,14,350.93,158.72,66.5,27.88,1,1,0.3479
344,15,416.43,157.23,65.85,28.52,1,1,1.0
344,16,173.44,165.12,56.89,30.87,1,1,1.0
344,17,190.72,146.56,47.29,25.96,1,1,0.7612
344,18,1.0,497.49,177.28,43.51,1,1,1.0
344,19,671.36,205.23,116.84,42.17,1,1,0.9178
345,10,216.32,124.59,34.28,17.42,1,1,1.0
345,11,298.45,128.21,47.3,19.78,1,1,1.0
345,12,397.23,186.45,95.72,58.18,1,1,1.0
345,13,449.28,251.95,150.97,76.3,1,1,1.0
345,14,345.6,157.23,65.21,28.3,1,1,0.403
345,15,410.88,155.95,64.36,28.09,1,1,1.0
345,16,175.79,165.76,58.81,31.93,1,1,1.0
345,17,194.56,147.41,46.01,25.75,1,1,0.7499
345,18,1.0,497.28,180.91,43.72,1,1,1.0
345,19,661.55,203.95,112.78,40.25,1,1,0.8944
346,10,214.4,124.8,34.07,17.0,1,1,1.0
346,11,295.47,128.0,46.86,19.13,1,1,1.0
346,12,404.27,186.67,95.93,60.73,1,1,1.0
346,13,461.87,256.0,154.6,77.8,1,1,1.0
346,14,340.27,155.73,63.93,28.74,1,1,0.3573
346,15,405.33,154.67,62.87,27.66,1,1,1.0
346,16,178.13,166.4,60.74,33.0,1,1,1.0
346,17,198.4,148.27,44.73,25.53,1,1,0.7378
346,18,1.0,497.07,184.53,43.93,1,1,1.0
346,19,651.73,202.67,108.74,38.33,1,1,0.9201
347,10,211.84,123.95,33.64,17.42,1,1,1.0
347,11,293.76,127.79,45.16,19.13,1,1,1.0
347,12,410.88,188.8,98.49,62.65,1,1,1.0
347,13,477.01,260.27,160.79,82.06,1,1,1.0
347,14,335.57,155.09,62.66,27.88,1,1,0.3955
347,15,399.79,154.03,62.22,27.66,1,1,1.0
347,16,182.4,167.47,61.16,33.21,1,1,1.0
347,17,201.17,149.33,45.8,25.54,1,1,0.7318
347,18,1.0,496.64,189.87,44.36,1,1,1.0
347,19,642.13,200.53,107.03,38.55,1,1,0.9152
348,10,209.28,123.09,33.21,17.86,1,1,1.0
348,11,292.05,127.57,43.46,19.14,1,1,1.0
348,12,417.49,190.93,101.06,64.58,1,1,1.0
348,13,492.16,264.53,166.97,86.34,1,1,1.0
348,14,330.88,154.45,61.37,27.03,1,1,0.3825
348,15,394.24,153.39,61.59,27.66,1,1,1.0
348,16,186.67,168.53,61.58,33.43,1,1,1.0
348,17,203.95,150.4,46.86,25.53,1,1,0.726
348,18,1.0,496.21,195.2,44.79,1,1,1.0
348,19,632.53,198.4,105.32,38.76,1,1,0.9152
349,10,206.72,122.24,32.79,18.28,1,1,1.0
349,11,290.35,127.36,41.74,19.13,1,1,1.0
349,12,424.11,193.07,103.61,66.49,1,1,1.0
349,13,507.31,268.8,173.16,90.6,1,1,1.0
349,14,326.19,153.81,60.09,26.18,1,1,0.3128
349,15,388.69,152.75,60.95,27.66,1,1,1.0
349,16,190.93,169.6,62.02,33.64,1,1,1.0
349,17,206.72,151.47,47.93,25.53,1,1,0.7204
349,18,1.0,495.79,200.53,45.21,1,1,1.0
349,19,622.93,196.27,103.62,38.97,1,1,0.9042
350,10,204.16,121.39,32.36,18.7,1,1,1.0
350,11,288.64,127.15,40.04,19.13,1,1,1.0
350,12,430.72,195.2,106.17,68.41,1,1,1.0
350,13,522.45,273.07,179.35,94.86,1,1,1.0
350,14,321.49,153.17,58.82,25.32,1,1,0.3544
350,15,383.15,152.11,60.3,27.66,1,1,1.0
350,16,195.2,170.67,62.44,33.85,1,1,1.0
350,17,209.49,152.53,49.0,25.54,1,1,0.7153
350,18,1.0,495.36,205.87,45.64,1,1,1.0
350,19,613.33,194.13,101.91,39.19,1,1,0.9031
351,10,201.6,120.53,31.93,19.14,1,1,1.0
351,11,286.93,126.93,38.34,19.14,1,1,1.0
351,12,437.33,197.33,108.74,70.34,1,1,1.0
351,13,537.6,277.33,185.53,99.14,1,1,1.0
351,14,316.8,152.53,57.53,24.47,1,1,0.3998
351,15,377.6,151.47,59.67,27.66,1,1,1.0
351,16,199.47,171.73,62.86,34.07,1,1,1.0
351,17,212.27,153.6,50.06,25.53,1,1,0.7101
351,18,1.0,494.93,211.2,46.07,1,1,1.0
351,19,603.73,192.0,100.2,39.4,1,1,0.902
352,11,283.52,126.08,39.19,19.35,1,1,1.0
352,12,445.23,198.83,111.29,70.97,1,1,1.0
352,13,557.87,283.73,192.36,102.76,1,1,1.0
352,14,312.11,151.25,57.32,25.11,1,1,0.3534
352,15,372.91,150.4,59.24,27.45,1,1,1.0
352,16,203.52,173.65,64.15,34.28,1,1,1.0
352,17,215.25,153.81,50.28,26.39,1,1,0.7518
352,18,1.0,494.72,210.13,46.28,1,1,1.0
352,19,594.77,189.87,98.28,39.18,1,1,0.8995
353,11,280.11,125.23,40.04,19.56,1,1,1.0
353,12,453.12,200.32,113.85,71.61,1,1,1.0
353,13,578.13,290.13,199.19,106.39,1,1,0.9643
353,14,307.41,149.97,57.11,25.75,1,1,0.4235
353,15,368.21,149.33,58.82,27.24,1,1,1.0
353,16,207.57,175.57,65.43,34.5,1,1,1.0
353,17,218.24,154.03,50.49,27.24,1,1,0.7907
353,18,1.0,494.51,209.07,46.49,1,1,1.0
353,19,585.81,187.73,96.36,38.98,1,1,0.9339
354,11,276.69,124.37,40.9,19.78,1,1,1.0
354,12,461.01,201.81,116.42,72.26,1,1,1.0
354,13,598.4,296.53,206.01,110.02,1,1,0.7844
354,14,302.72,148.69,56.89,26.39,1,1,0.3627
354,15,363.52,148.27,58.39,27.02,1,1,1.0
354,16,211.63,177.49,66.7,34.71,1,1,1.0
354,17,221.23,154.24,50.7,28.09,1,1,0.8277
354,18,1.0,494.29,208.0,46.71,1,1,1.0
354,19,576.85,185.6,94.44,38.76,1,1,0.9392
355,11,273.28,123.52,41.75,19.99,1,1,1.0
355,12,468.91,203.31,118.97,72.89,1,1,1.0
355,13,618.67,302.93,212.84,113.64,1,1,0.7161
355,14,298.03,147.41,56.68,27.03,1,1,0.3918
355,15,358.83,147.2,57.96,26.81,1,1,1.0
355,16,215.68,179.41,67.99,34.92,1,1,1.0
355,17,224.21,154.45,50.92,28.95,1,1,0.8622
355,18,1.0,494.08,206.93,46.92,1,1,1.0
355,19,567.89,183.47,92.52,38.54,1,1,0.9376
356,11,269.87,122.67,42.6,20.2,1,1,1.0
356,12,476.8,204.8,121.53,73.53,1,1,1.0
356,13,638.93,309.33,219.67,117.27,1,1,0.7148
356,14,293.33,146.13,56.47,27.67,1,1,0.3643
356,15,354.13,146.13,57.54,26.6,1,1,1.0
356,16,219.73,181.33,69.27,35.14,1,1,1.0
356,17,227.2,154.67,51.13,29.8,1,1,0.8946
356,18,1.0,493.87,205.87,47.13,1,1,1.0
356,19,558.93,181.33,90.6,38.34,1,1,0.9611
357,11,267.73,122.67,41.96,19.77,1,1,1.0
357,12,485.12,206.51,123.88,74.38,1,1,1.0
357,13,662.61,315.73,215.19,121.11,1,1,0.7079
357,14,289.49,145.71,55.4,26.17,1,1,0.3988
357,15,349.65,145.28,57.32,26.81,1,1,1.0
357,16,224.85,182.4,69.91,36.41,1,1,1.0
357,17,230.4,155.52,51.99,30.01,1,1,0.8957
357,18,1.0,493.23,204.37,47.77,1,1,1.0
357,19,550.61,179.63,89.96,38.33,1,1,0.9371
358,11,265.6,122.67,41.32,19.34,1,1,1.0
358,12,493.44,208.21,126.23,75.24,1,1,1.0
358,13,686.29,322.13,210.71,124.95,1,1,0.7012
358,14,285.65,145.28,54.34,24.68,1,1,0.3575
358,15,345.17,144.43,57.11,27.02,1,1,1.0
358,16,229.97,183.47,70.55,37.69,1,1,1.0
358,17,233.6,156.37,52.84,30.23,1,1,0.8965
358,18,1.0,492.59,202.88,48.41,1,1,1.0
358,19,542.29,177.92,89.32,38.33,1,1,0.9366
359,11,263.47,122.67,40.68,18.92,1,1,1.0
359,12,501.76,209.92,128.57,76.09,1,1,1.0
359,13,709.97,328.53,206.23,128.79,1,1,0.6953
359,14,281.81,144.85,53.27,23.19,1,1,0.396
359,15,340.69,143.57,56.9,27.24,1,1,1.0
359,16,235.09,184.53,71.19,38.98,1,1,1.0
359,17,236.8,157.23,53.69,30.44,1,1,0.8968
359,18,1.0,491.95,201.39,49.05,1,1,1.0
359,19,533.97,176.21,88.68,38.34,1,1,0.9326
360,11,261.33,122.67,40.04,18.49,1,1,1.0
360,12,510.08,211.63,130.92,76.94,1,1,1.0
360,13,733.65,334.93,201.75,132.63,1,1,0.6916
360,14,277.97,144.43,52.2,21.69,1,1,0.3492
360,15,336.21,142.72,56.68,27.45,1,1,1.0
360,16,240.21,185.6,71.83,40.25,1,1,1.0
360,17,240.0,158.08,54.55,30.65,1,1,0.8983
360,18,1.0,491.31,199.89,49.69,1,1,1.0
360,19,525.65,174.51,88.04,38.33,1,1,0.9331
361,11,259.2,122.67,39.4,18.06,1,1,1.0
361,12,518.4,213.33,133.27,77.8,1,1,1.0
361,13,757.33,341.33,203.67,136.47,1,1,0.6922
361,14,274.13,144.0,51.14,20.2,1,1,0.3992
361,15,331.73,141.87,56.47,27.66,1,1,1.0
361,16,245.33,186.67,72.47,41.53,1,1,1.0
361,17,243.2,158.93,55.4,30.87,1,1,0.9025
361,18,1.0,490.67,198.4,50.33,1,1,1.0
361,19,517.33,172.8,87.4,38.33,1,1,0.9352
361,20,88.53,134.4,38.34,24.47,1,1,1.0
362,11,256.64,122.67,39.19,17.64,1,1,1.0
362,12,527.79,216.11,135.61,80.14,1,1,1.0
362,13,786.56,351.57,174.44,127.3,1,1,0.7918
362,14,270.29,143.57,50.5,19.99,1,1,0.332
362,15,327.04,141.23,56.47,27.24,1,1,1.0
362,16,250.45,188.37,74.6,41.75,1,1,1.0
362,17,245.97,159.79,56.26,31.5,1,1,0.9147
362,18,1.0,490.88,196.69,50.12,1,1,1.0
362,19,509.65,171.73,86.98,37.48,1,1,0.9334
362,20,89.6,135.25,39.4,24.26,1,1,1.0
363,11,254.08,122.67,38.97,17.21,1,1,1.0
363,12,537.17,218.88,137.96,82.49,1,1,1.0
363,13,815.79,361.81,145.21,118.12,1,1,0.9759
363,14,266.45,143.15,49.86,19.77,1,1,0.3465
363,15,322.35,140.59,56.46,26.81,1,1,1.0
363,16,255.57,190.08,76.74,41.96,1,1,1.0
363,17,248.75,160.64,57.1,32.15,1,1,0.9258
363,18,1.0,491.09,194.99,49.91,1,1,1.0
363,19,501.97,170.67,86.55,36.62,1,1,0.936
363,20,90.67,136.11,40.46,24.04,1,1,1.0
364,11,251.52,122.67,38.76,16.78,1,1,1.0
364,12,546.56,221.65,140.31,84.84,1,1,1.0
364,13,845.01,372.05,115.99,108.95,1,1,1.0
364,14,262.61,142.72,49.22,19.56,1,1,0.2699
364,15,317.65,139.95,56.47,26.38,1,1,1.0
364,16,260.69,191.79,78.87,42.17,1,1,1.0
364,17,251.52,161.49,57.96,32.79,1,1,0.9361
364,18,1.0,491.31,193.28,49.69,1,1,1.0
364,19,494.29,169.6,86.12,35.77,1,1,0.9348
364,20,91.73,136.96,41.54,23.83,1,1,1.0
365,11,248.96,122.67,38.55,16.36,1,1,1.0
365,12,555.95,224.43,142.65,87.18,1,1,1.0
365,13,874.24,382.29,86.76,99.78,1,1,1.0
365,14,258.77,142.29,48.58,19.35,1,1,0.35
365,15,312.96,139.31,56.47,25.96,1,1,1.0
365,16,265.81,193.49,81.0,42.39,1,1,1.0
365,17,254.29,162.35,58.82,33.42,1,1,0.9451
365,18,1.0,491.52,191.57,49.48,1,1,1.0
365,19,486.61,168.53,85.7,34.92,1,1,0.9336
365,20,92.8,137.81,42.6,23.62,1,1,0.995
366,11,246.4,122.67,38.33,15.93,1,1,1.0
366,12,565.33,227.2,145.0,89.53,1,1,1.0
366,13,903.47,392.53,57.53,90.6,1,1,1.0
366,14,254.93,141.87,47.94,19.13,1,1,0.3356
366,15,308.27,138.67,56.46,25.53,1,1,1.0
366,16,270.93,195.2,83.14,42.6,1,1,1.0
366,17,257.07,163.2,59.66,34.07,1,1,0.9534
366,18,1.0,491.73,189.87,49.27,1,1,1.0
366,19,478.93,167.47,85.27,34.06,1,1,0.9638
366,20,93.87,138.67,43.66,23.4,1,1,0.9313
367,11,244.05,122.03,38.12,16.14,1,1,1.0
367,12,576.0,230.19,149.48,89.96,1,1,1.0
367,14,251.31,140.8,47.29,19.35,1,1,0.3813
367,15,304.64,137.6,55.83,24.89,1,1,1.0
367,16,276.69,196.69,85.27,43.67,1,1,1.0
367,17,260.27,164.27,61.37,35.13,1,1,0.9435
367,18,1.0,490.67,187.95,50.33,1,1,1.0
367,19,473.39,166.61,82.7,33.0,1,1,0.9791
367,20,95.79,138.88,42.17,23.61,1,1,0.9106
368,11,241.71,121.39,37.9,16.36,1,1,1.0
368,12,586.67,233.17,153.96,90.39,1,1,1.0
368,14,247.68,139.73,46.65,19.56,1,1,0.3399
368,15,301.01,136.53,55.19,24.26,1,1,1.0
368,16,282.45,198.19,87.4,44.73,1,1,1.0
368,17,263.47,165.33,63.08,36.2,1,1,0.9355
368,18,1.0,489.6,186.03,51.4,1,1,1.0
368,19,467.84,165.76,80.15,31.93,1,1,0.9824
368,20,97.71,139.09,40.68,23.83,1,1,0.8962
369,11,239.36,120.75,37.69,16.57,1,1,1.0
369,12,597.33,236.16,158.44,90.81,1,1,1.0
369,14,244.05,138.67,46.02,19.77,1,1,0.3708
369,15,297.39,135.47,54.54,23.61,1,1,1.0
369,16,288.21,199.68,89.54,45.8,1,1,1.0
369,17,266.67,166.4,64.78,37.27,1,1,0.9285
369,18,1.0,488.53,184.11,52.47,1,1,1.0
369,19,462.29,164.91,77.59,30.86,1,1,0.9642
369,20,99.63,139.31,39.18,24.04,1,1,0.8826
370,11,237.01,120.11,37.48,16.78,1,1,1.0
370,12,608.0,239.15,162.92,91.24,1,1,1.0
370,14,240.43,137.6,45.37,19.99,1,1,0.3497
370,15,293.76,134.4,53.91,22.97,1,1,1.0
370,16,293.97,201.17,91.67,46.87,1,1,1.0
370,17,269.87,167.47,66.49,38.33,1,1,0.923
370,18,1.0,487.47,182.19,53.53,1,1,1.0
370,19,456.75,164.05,75.02,29.8,1,1,0.9686
370,20,101.55,139.52,37.69,24.25,1,1,0.87
371,11,234.67,119.47,37.26,17.0,1,1,1.0
371,12,618.67,242.13,167.4,91.67,1,1,1.0
371,14,236.8,136.53,44.73,20.2,1,1,0.3942
371,15,290.13,133.33,53.27,22.34,1,1,1.0
371,16,299.73,202.67,93.8,47.93,1,1,1.0
371,17,273.07,168.53,68.2,39.4,1,1,0.9187
371,18,1.0,486.4,180.27,54.6,1,1,1.0
371,19,451.2,163.2,72.47,28.73,1,1,0.9861
371,20,103.47,139.73,36.2,24.47,1,1,0.8634
372,11,232.75,119.25,36.84,16.58,1,1,1.0
372,12,632.32,245.12,171.03,93.37,1,1,0.9717
372,14,233.81,135.89,44.74,20.2,1,1,0.3054
372,15,287.15,133.12,52.84,22.12,1,1,1.0
372,16,307.84,205.01,94.65,49.22,1,1,1.0
372,17,277.55,169.81,68.2,39.4,1,1,0.9407
372,18,1.0,486.61,179.41,54.39,1,1,1.0
372,19,445.87,161.71,71.18,29.37,1,1,0.9842
372,20,105.39,140.59,38.54,24.46,1,1,0.7429
373,11,230.83,119.04,36.41,16.15,1,1,1.0
373,12,645.97,248.11,174.66,95.08,1,1,0.8593
373,14,230.83,135.25,44.73,20.2,1,1,0.3813
373,15,284.16,132.91,52.41,21.9,1,1,1.0
373,16,315.95,207.36,95.5,50.49,1,1,1.0
373,17,282.03,171.09,68.2,39.4,1,1,0.9601
373,18,1.0,486.83,178.56,48.14,1,1,1.0
373,19,440.53,160.21,69.91,30.02,1,1,0.9825
373,20,107.31,141.44,40.89,24.47,1,1,0.7085
374,11,228.91,118.83,35.98,15.72,1,1,1.0
374,12,659.63,251.09,178.28,96.79,1,1,0.85
374,14,227.84,134.61,44.73,20.2,1,1,0.3681
374,15,281.17,132.69,51.99,21.7,1,1,1.0
374,16,324.05,209.71,96.36,51.77,1,1,1.0
374,17,286.51,172.37,68.2,39.4,1,1,0.9765
374,18,1.0,487.04,177.71,47.72,1,1,1.0
374,19,435.2,158.72,68.63,30.65,1,1,0.9786
374,20,109.23,142.29,43.24,24.47,1,1,0.6191
375,11,226.99,118.61,35.56,15.3,1,1,1.0
375,12,673.28,254.08,181.91,98.49,1,1,0.6647
375,14,224.85,133.97,44.74,20.2,1,1,0.421
375,15,278.19,132.48,51.56,21.48,1,1,1.0
375,16,332.16,212.05,97.21,53.06,1,1,1.0
375,17,290.99,173.65,68.2,39.4,1,1,1.0
375,18,1.0,487.25,176.85,47.3,1,1,1.0
375,19,429.87,157.23,67.34,31.29,1,1,0.955
375,20,111.15,143.15,45.58,24.46,1,1,0.6493
376,11,225.07,118.4,35.13,14.87,1,1,1.0
376,12,686.93,257.07,185.54,100.2,1,1,0.6752
376,14,221.87,133.33,44.73,20.2,1,1,0.3583
376,15,275.2,132.27,51.13,21.26,1,1,1.0
376,16,340.27,214.4,98.06,54.33,1,1,1.0
376,17,295.47,174.93,68.2,39.4,1,1,1.0
376,18,1.0,487.47,176.0,46.86,1,1,1.0
376,19,424.53,155.73,66.07,31.94,1,1,0.9766
376,20,113.07,144.0,47.93,24.47,1,1,0.687
377,12,702.72,259.41,185.96,105.11,1,1,0.6738
377,14,219.09,132.48,43.67,19.77,1,1,0.3933
377,15,272.21,131.84,50.5,20.41,1,1,1.0
377,16,349.01,217.6,100.2,55.19,1,1,1.0
377,17,300.37,176.21,69.06,39.83,1,1,1.0
377,18,1.0,487.47,175.57,47.29,1,1,1.0
377,19,419.2,155.31,64.79,30.86,1,1,0.9562
377,20,115.41,144.64,48.36,24.68,1,1,0.6938
378,12,718.51,261.76,186.38,110.01,1,1,0.6627
378,14,216.32,131.63,42.6,19.34,1,1,0.4328
378,15,269.23,131.41,49.85,19.56,1,1,1.0
378,16,357.76,220.8,102.33,56.04,1,1,1.0
378,17,305.28,177.49,69.91,40.26,1,1,1.0
378,18,1.0,487.47,175.15,53.53,1,1,1.0
378,19,413.87,154.88,63.5,29.8,1,1,0.9759
378,20,117.76,145.28,48.79,24.89,1,1,0.7015
379,12,734.29,264.11,186.82,114.92,1,1,0.6629
379,14,213.55,130.77,41.53,18.92,1,1,0.5304
379,15,266.24,130.99,49.21,18.7,1,1,1.0
379,16,366.51,224.0,104.46,56.89,1,1,1.0
379,17,310.19,178.77,70.76,40.68,1,1,1.0
379,18,1.0,487.47,174.72,53.53,1,1,1.0
379,19,408.53,154.45,62.23,28.74,1,1,0.9791
379,20,120.11,145.92,49.21,25.11,1,1,0.6965
380,12,750.08,266.45,187.24,119.83,1,1,0.6742
380,14,210.77,129.92,40.47,18.49,1,1,0.5617
380,15,263.25,130.56,48.58,17.85,1,1,1.0
380,16,375.25,227.2,106.6,57.75,1,1,1.0
380,17,315.09,180.05,71.62,41.11,1,1,1.0
380,18,1.0,487.47,174.29,53.53,1,1,1.0
380,19,403.2,154.03,60.95,27.66,1,1,0.9958
380,20,122.45,146.56,49.64,25.32,1,1,0.6978
381,12,765.87,268.8,195.13,124.73,1,1,0.7018
381,14,208.0,129.07,39.4,18.06,1,1,0.5067
381,15,260.27,130.13,47.93,17.0,1,1,1.0
381,16,384.0,230.4,108.73,58.6,1,1,1.0
381,17,320.0,181.33,72.47,41.54,1,1,1.0
381,18,1.0,487.47,173.87,53.53,1,1,1.0
381,19,397.87,153.6,59.66,26.6,1,1,0.9764
381,20,124.8,147.2,50.07,25.53,1,1,0.7098
381,21,884.27,241.07,76.73,45.8,1,1,0.9282
382,12,782.93,273.92,178.07,119.4,1,1,0.7705
382,14,205.44,128.85,38.97,17.86,1,1,0.5193
382,15,258.13,129.92,46.66,17.0,1,1,1.0
382,16,393.6,232.11,112.36,62.01,1,1,1.0
382,17,323.41,183.04,75.24,43.45,1,1,1.0
382,18,1.0,487.47,173.01,53.53,1,1,1.0
382,19,392.53,152.53,59.88,26.18,1,1,0.9971
382,20,128.43,147.84,49.42,25.96,1,1,0.6983
382,21,870.19,238.29,90.81,47.72,1,1,0.9209
383,12,800.0,279.04,161.0,114.07,1,1,0.8462
383,14,202.88,128.64,38.55,17.64,1,1,0.5495
383,15,256.0,129.71,45.37,17.0,1,1,1.0
383,16,403.2,233.81,115.99,65.43,1,1,1.0
383,17,326.83,184.75,78.01,45.37,1,1,1.0
383,18,1.0,487.47,172.16,53.53,1,1,1.0
383,19,387.2,151.47,60.09,25.74,1,1,1.0
383,20,132.05,148.48,48.79,26.39,1,1,0.6516
383,21,856.11,235.52,104.89,49.64,1,1,0.9189
384,12,817.07,284.16,143.93,108.73,1,1,0.9514
384,14,200.32,128.43,38.12,17.42,1,1,0.5494
384,15,253.87,129.49,44.09,17.0,1,1,1.0
384,16,412.8,235.52,119.61,68.84,1,1,1.0
384,17,330.24,186.45,80.79,47.3,1,1,1.0
384,18,1.0,487.47,171.31,53.53,1,1,1.0
384,19,381.87,150.4,60.3,25.32,1,1,1.0
384,20,135.68,149.12,48.15,26.81,1,1,0.6585
384,21,842.03,232.75,118.97,51.56,1,1,0.8776
385,12,834.13,289.28,126.87,103.4,1,1,1.0
385,14,197.76,128.21,37.69,17.22,1,1,0.4869
385,15,251.73,129.28,42.82,17.0,1,1,1.0
385,16,422.4,237.23,123.24,72.25,1,1,1.0
385,17,333.65,188.16,83.56,49.21,1,1,1.0
385,18,1.0,487.47,170.45,53.53,1,1,1.0
385,19,376.53,149.33,60.52,24.9,1,1,0.9993
385,20,139.31,149.76,47.5,27.24,1,1,0.687
385,21,827.95,229.97,133.05,53.48,1,1,0.8812
386,12,851.2,294.4,109.8,98.07,1,1,1.0
386,14,195.2,128.0,37.27,17.0,1,1,0.482
386,15,249.6,129.07,41.53,17.0,1,1,1.0
386,16,432.0,238.93,126.87,75.67,1,1,1.0
386,17,337.07,189.87,86.33,51.13,1,1,1.0
386,18,1.0,487.47,169.6,53.53,1,1,1.0
386,19,371.2,148.27,60.73,24.46,1,1,1.0
386,20,142.93,150.4,46.87,27.67,1,1,0.7653
386,21,813.87,227.2,147.13,55.4,1,1,0.5244
387,14,193.07,127.36,36.84,17.0,1,1,0.5206
387,15,246.83,128.64,41.53,17.0,1,1,1.0
387,16,443.09,242.99,132.2,77.37,1,1,1.0
387,17,343.68,191.57,86.55,51.78,1,1,1.0
387,18,1.0,487.25,169.39,53.75,1,1,1.0
387,19,366.93,147.41,60.31,24.26,1,1,1.0
387,20,144.85,151.68,48.36,28.52,1,1,0.816
387,21,800.0,224.0,137.32,54.97,1,1,0.5267
388,14,190.93,126.72,36.42,17.0,1,1,0.6495
388,15,244.05,128.21,41.54,17.0,1,1,1.0
388,16,454.19,247.04,137.53,79.08,1,1,1.0
388,17,350.29,193.28,86.76,52.41,1,1,1.0
388,18,1.0,487.04,169.17,53.96,1,1,1.0
388,19,362.67,146.56,59.88,24.04,1,1,1.0
388,20,146.77,152.96,49.86,29.37,1,1,0.8646
388,21,786.13,220.8,136.04,54.55,1,1,0.5653
389,14,188.8,126.08,35.99,17.0,1,1,0.4882
389,15,241.28,127.79,41.53,17.0,1,1,1.0
389,16,465.28,251.09,142.87,80.79,1,1,1.0
389,17,356.91,194.99,86.97,53.05,1,1,1.0
389,18,1.0,486.83,168.96,54.17,1,1,1.0
389,19,358.4,145.71,59.45,23.82,1,1,1.0
389,20,148.69,154.24,51.35,30.23,1,1,0.8771
389,21,772.27,217.6,134.76,54.12,1,1,0.5877
390,14,186.67,125.44,35.56,17.0,1,1,0.5035
390,15,238.51,127.36,41.53,17.0,1,1,1.0
390,16,476.37,255.15,148.2,82.49,1,1,1.0
390,17,363.52,196.69,87.19,53.7,1,1,1.0
390,18,1.0,486.61,168.75,54.39,1,1,1.0
390,19,354.13,144.85,59.03,23.62,1,1,1.0
390,20,150.61,155.52,52.84,31.08,1,1,0.8809
390,21,758.4,214.4,133.48,53.69,1,1,0.4711
391,14,184.53,124.8,35.14,17.0,1,1,0.5499
391,15,235.73,126.93,41.54,17.0,1,1,1.0
391,16,487.47,259.2,153.53,84.2,1,1,1.0
391,17,370.13,198.4,87.4,54.33,1,1,1.0
391,18,1.0,486.4,168.53,54.6,1,1,1.0
391,19,349.87,144.0,58.6,23.4,1,1,1.0
391,20,152.53,156.8,54.34,31.93,1,1,0.9208
391,21,744.53,211.2,132.2,53.27,1,1,0.3557
392,15,233.39,126.08,41.32,17.21,1,1,1.0
392,16,502.19,263.68,158.86,87.19,1,1,1.0
392,17,375.47,200.75,90.81,54.97,1,1,1.0
392,18,1.0,486.4,168.53,54.6,1,1,1.0
392,19,346.45,143.57,57.75,23.4,1,1,1.0
392,20,154.88,157.01,56.04,32.58,1,1,1.0
392,21,733.23,208.85,129.42,51.78,1,1,0.2671
393,15,231.04,125.23,41.11,17.42,1,1,1.0
393,16,516.91,268.16,164.2,90.17,1,1,1.0
393,17,380.8,203.09,94.23,55.62,1,1,1.0
393,18,1.0,486.4,168.53,54.6,1,1,1.0
393,19,343.04,143.15,56.89,23.4,1,1,1.0
393,20,157.23,157.23,57.74,33.21,1,1,1.0
393,21,721.92,206.51,126.65,50.28,1,1,0.1394
394,15,228.69,124.37,40.9,17.64,1,1,1.0
394,16,531.63,272.64,169.53,93.16,1,1,1.0
394,17,386.13,205.44,97.64,56.25,1,1,1.0
394,18,1.0,486.4,168.53,54.6,1,1,1.0
394,19,339.63,142.72,56.04,23.4,1,1,0.9992
394,20,159.57,157.44,59.46,33.85,1,1,1.0
394,21,710.61,204.16,123.88,48.79,1,1,0.0282
395,15,226.35,123.52,40.68,17.85,1,1,1.0
395,16,546.35,277.12,174.86,96.15,1,1,1.0
395,17,391.47,207.79,101.05,56.89,1,1,1.0
395,18,1.0,486.4,168.53,54.6,1,1,1.0
395,19,336.21,142.29,55.19,23.4,1,1,0.9963
395,20,161.92,157.65,61.16,34.5,1,1,1.0
395,21,699.31,201.81,121.1,47.3,1,1,0.012
396,15,224.0,122.67,40.47,18.06,1,1,1.0
396,16,561.07,281.6,180.2,99.13,1,1,1.0
396,17,396.8,210.13,104.47,57.54,1,1,1.0
396,18,1.0,486.4,168.53,54.6,1,1,1.0
396,19,332.8,141.87,54.33,23.4,1,1,0.9945
396,20,164.27,157.87,62.86,35.13,1,1,1.0
396,21,688.0,199.47,118.33,45.8,1,1,0.9788
397,15,222.72,122.03,39.4,18.06,1,1,1.0
397,16,579.84,287.15,186.81,103.61,1,1,0.9986
397,17,404.91,212.27,105.96,59.24,1,1,1.0
397,18,1.0,485.97,168.96,55.03,1,1,1.0
397,19,329.81,140.37,53.48,23.83,1,1,0.9741
397,20,168.32,158.72,63.51,35.56,1,1,1.0
397,21,678.83,197.97,115.77,44.52,1,1,0.9635
398,15,221.44,121.39,38.33,18.06,1,1,1.0
398,16,598.61,292.69,193.43,108.1,1,1,0.9367
398,17,413.01,214.4,107.46,60.95,1,1,1.0
398,18,1.0,485.55,169.39,55.45,1,1,1.0
398,19,326.83,138.88,52.62,24.25,1,1,0.9929
398,20,172.37,159.57,64.15,35.99,1,1,1.0
398,21,669.65,196.48,113.22,43.24,1,1,0.9786
399,15,220.16,120.75,37.27,18.06,1,1,1.0
399,16,617.39,298.24,200.04,112.57,1,1,0.7451
399,17,421.12,216.53,108.95,62.66,1,1,1.0
399,18,1.0,485.12,169.81,55.88,1,1,1.0
399,19,323.84,137.39,51.77,24.68,1,1,0.9789
399,20,176.43,160.43,64.78,36.41,1,1,1.0
399,21,660.48,194.99,110.65,41.96,1,1,0.9781
400,15,218.88,120.11,36.2,18.06,1,1,1.0
400,16,636.16,303.79,206.65,117.05,1,1,0.6957
400,17,429.23,218.67,110.44,64.36,1,1,1.0
400,18,1.0,484.69,170.24,56.31,1,1,1.0
400,19,320.85,135.89,50.92,25.11,1,1,0.9945
400,20,180.48,161.28,65.43,36.84,1,1,1.0
400,21,651.31,193.49,108.09,40.68,1,1,0.9801
401,15,217.6,119.47,35.13,18.06,1,1,1.0
401,16,654.93,309.33,213.27,121.54,1,1,0.6969
401,17,437.33,220.8,111.94,66.07,1,1,1.0
401,18,1.0,484.27,170.67,56.73,1,1,1.0
401,19,317.87,134.4,50.06,25.53,1,1,0.9354
401,20,184.53,162.13,66.07,37.27,1,1,1.0
401,21,642.13,192.0,105.54,39.4,1,1,0.9749
402,15,215.47,119.25,34.92,17.64,1,1,1.0
402,16,684.16,317.23,201.32,121.74,1,1,0.6792
402,17,444.59,222.72,116.41,67.77,1,1,1.0
402,18,1.0,484.69,171.95,56.31,1,1,1.0
402,19,314.24,133.97,50.07,25.54,1,1,0.9607
402,20,189.01,163.41,66.28,37.7,1,1,1.0
402,21,633.17,189.65,103.19,39.4,1,1,0.9742
403,15,213.33,119.04,34.71,17.21,1,1,1.0
403,16,713.39,325.12,189.37,121.96,1,1,0.6595
403,17,451.84,224.64,120.89,69.48,1,1,1.0
403,18,1.0,485.12,173.23,55.88,1,1,1.0
403,19,310.61,133.55,50.07,25.53,1,1,0.9709
403,20,193.49,164.69,66.5,38.12,1,1,1.0
403,21,624.21,187.31,100.84,39.4,1,1,0.9885
404,15,211.2,118.83,34.49,16.78,1,1,1.0
404,16,742.61,333.01,177.43,122.18,1,1,0.6372
404,17,459.09,226.56,125.38,71.19,1,1,1.0
404,18,1.0,485.55,174.51,55.45,1,1,1.0
404,19,306.99,133.12,50.06,25.53,1,1,0.9689
404,20,197.97,165.97,66.71,38.55,1,1,1.0
404,21,615.25,184.96,98.5,39.4,1,1,0.9909
405,15,209.07,118.61,34.28,16.36,1,1,1.0
405,16,771.84,340.91,165.48,122.38,1,1,0.6594
405,17,466.35,228.48,129.85,72.89,1,1,1.0
405,18,1.0,485.97,175.79,55.03,1,1,1.0
405,19,303.36,132.69,50.07,25.54,1,1,0.9669
405,20,202.45,167.25,66.92,38.98,1,1,1.0
405,21,606.29,182.61,96.15,39.4,1,1,0.9911
406,15,206.93,118.4,34.07,15.93,1,1,1.0
406,16,801.07,348.8,159.93,122.6,1,1,0.8334
406,17,473.6,230.4,134.33,74.6,1,1,1.0
406,18,1.0,486.4,177.07,54.6,1,1,1.0
406,19,299.73,132.27,50.07,25.53,1,1,0.9316
406,20,206.93,168.53,67.14,39.4,1,1,1.0
406,21,597.33,180.27,93.8,39.4,1,1,0.9986
407,15,204.59,117.97,34.49,16.58,1,1,1.0
407,16,824.53,357.12,136.47,115.77,1,1,0.9905
407,17,483.84,234.24,137.53,74.39,1,1,1.0
407,18,1.0,486.19,178.77,54.81,1,1,1.0
407,19,297.17,131.63,49.0,25.1,1,1,0.9667
407,20,210.35,170.24,68.84,39.83,1,1,1.0
407,21,590.08,178.56,91.88,38.55,1,1,0.9986
408,15,202.24,117.55,34.92,17.21,1,1,1.0
408,16,848.0,365.44,113.0,108.95,1,1,1.0
408,17,494.08,238.08,140.73,74.17,1,1,1.0
408,18,1.0,485.97,180.48,55.03,1,1,1.0
408,19,294.61,130.99,47.94,24.68,1,1,0.9929
408,20,213.76,171.95,70.55,40.25,1,1,1.0
408,21,582.83,176.85,89.96,37.7,1,1,1.0
409,15,199.89,117.12,35.35,17.85,1,1,1.0
409,16,871.47,373.76,89.53,102.12,1,1,1.0
409,17,504.32,241.92,143.93,73.96,1,1,1.0
409,18,1.0,485.76,182.19,55.24,1,1,1.0
409,19,292.05,130.35,46.87,24.25,1,1,0.975
409,20,217.17,173.65,72.26,40.68,1,1,1.0
409,21,575.57,175.15,88.04,36.84,1,1,1.0
410,15,197.55,116.69,35.77,18.5,1,1,1.0
410,16,894.93,382.08,66.07,95.29,1,1,1.0
410,17,514.56,245.76,147.13,73.75,1,1,1.0
410,18,1.0,485.55,183.89,55.45,1,1,1.0
410,19,289.49,129.71,45.8,23.82,1,1,0.9973
410,20,220.59,175.36,73.96,41.11,1,1,1.0
410,21,568.32,173.44,86.12,35.99,1,1,1.0
411,15,195.2,116.27,36.2,19.13,1,1,1.0
411,16,918.4,390.4,42.6,88.47,1,1,1.0
411,17,524.8,249.6,150.33,73.53,1,1,1.0
411,18,1.0,485.33,185.6,55.67,1,1,1.0
411,19,286.93,129.07,44.74,23.4,1,1,0.9978
411,20,224.0,177.07,75.67,41.53,1,1,1.0
411,21,561.07,171.73,84.2,35.14,1,1,1.0
411,22,875.73,227.2,85.27,53.27,1,1,1.0
412,17,536.11,253.65,153.74,76.52,1,1,1.0
412,18,1.0,484.91,186.67,56.09,1,1,1.0
412,19,283.52,128.85,44.95,22.76,1,1,1.0
412,20,228.69,178.56,76.52,41.96,1,1,1.0
412,21,554.24,170.67,82.07,34.7,1,1,1.0
412,22,860.37,225.28,100.63,53.27,1,1,1.0
413,17,547.41,257.71,157.16,79.5,1,1,1.0
413,18,1.0,484.48,187.73,56.52,1,1,1.0
413,19,280.11,128.64,45.16,22.12,1,1,1.0
413,20,233.39,180.05,77.37,42.39,1,1,1.0
413,21,547.41,169.6,79.94,34.28,1,1,1.0
413,22,845.01,223.36,115.99,53.27,1,1,1.0
414,17,558.72,261.76,160.57,82.49,1,1,1.0
414,18,1.0,484.05,188.8,56.95,1,1,1.0
414,19,276.69,128.43,45.38,21.48,1,1,1.0
414,20,238.08,181.55,78.23,42.81,1,1,1.0
414,21,540.59,168.53,77.8,33.86,1,1,1.0
414,22,829.65,221.44,117.91,53.27,1,1,1.0
415,17,570.03,265.81,163.98,85.48,1,1,1.0
415,18,1.0,483.63,189.87,57.37,1,1,1.0
415,19,273.28,128.21,45.59,20.84,1,1,1.0
415,20,242.77,183.04,79.08,43.24,1,1,1.0
415,21,533.76,167.47,75.67,33.42,1,1,1.0
415,22,814.29,219.52,130.92,53.27,1,1,0.8735
416,17,581.33,269.87,167.4,88.46,1,1,1.0
416,18,1.0,483.2,190.93,57.8,1,1,1.0
416,19,269.87,128.0,45.8,20.2,1,1,0.9989
416,20,247.47,184.53,79.93,43.67,1,1,1.0
416,21,526.93,166.4,73.54,33.0,1,1,1.0
416,22,798.93,217.6,143.94,53.27,1,1,0.8276
417,17,596.05,273.07,168.9,92.52,1,1,1.0
417,18,1.0,482.56,193.92,58.44,1,1,1.0
417,19,267.52,127.57,45.16,19.99,1,1,1.0
417,20,251.95,185.81,82.06,44.95,1,1,1.0
417,21,520.32,164.48,73.75,33.21,1,1,1.0
417,22,788.27,214.83,139.88,52.2,1,1,0.8114
418,17,610.77,276.27,170.39,96.57,1,1,0.9792
418,18,1.0,481.92,196.91,59.08,1,1,1.0
418,19,265.17,127.15,44.52,19.77,1,1,0.9969
418,20,256.43,187.09,84.2,46.23,1,1,1.0
418,21,513.71,162.56,73.96,33.43,1,1,1.0
418,22,777.6,212.05,135.83,51.14,1,1,0.8166
419,17,625.49,279.47,171.88,100.62,1,1,0.9461
419,18,1.0,481.28,199.89,59.72,1,1,1.0
419,19,262.83,126.72,43.88,19.56,1,1,1.0
419,20,260.91,188.37,86.33,47.51,1,1,1.0
419,21,507.09,160.64,74.18,33.64,1,1,1.0
419,22,766.93,209.28,131.78,50.07,1,1,0.8143
420,17,640.21,282.67,173.38,104.68,1,1,0.7298
420,18,1.0,480.64,202.88,60.36,1,1,1.0
420,19,260.48,126.29,43.24,19.35,1,1,1.0
420,20,265.39,189.65,88.46,48.79,1,1,1.0
420,21,500.48,158.72,74.39,33.85,1,1,1.0
420,22,756.27,206.51,127.72,49.0,1,1,0.8063
421,17,654.93,285.87,174.87,108.73,1,1,0.6516
421,18,1.0,480.0,205.87,61.0,1,1,1.0
421,19,258.13,125.87,42.6,19.13,1,1,1.0
421,20,269.87,190.93,90.6,50.07,1,1,1.0
421,21,493.87,156.8,74.6,34.07,1,1,1.0
421,22,745.6,203.73,123.67,47.94,1,1,0.8018
422,17,670.29,290.99,182.34,112.36,1,1,0.6695
422,18,1.0,481.07,209.07,59.93,1,1,1.0
422,19,256.0,125.01,41.75,19.35,1,1,1.0
422,20,275.84,192.85,92.73,51.14,1,1,1.0
422,21,487.89,155.73,73.75,33.64,1,1,1.0
422,22,734.72,201.81,120.68,47.51,1,1,0.7951
423,17,685.65,296.11,189.8,115.98,1,1,0.6786
423,18,1.0,482.13,212.27,58.87,1,1,1.0
423,19,253.87,124.16,40.89,19.56,1,1,1.0
423,20,281.81,194.77,94.87,52.2,1,1,1.0
423,21,481.92,154.67,72.89,33.21,1,1,1.0
423,22,723.84,199.89,117.69,47.08,1,1,0.7881
424,17,701.01,301.23,197.27,119.61,1,1,0.6928
424,18,1.0,483.2,215.47,57.8,1,1,1.0
424,19,251.73,123.31,40.04,19.77,1,1,1.0
424,20,287.79,196.69,97.0,53.27,1,1,1.0
424,21,475.95,153.6,72.04,32.79,1,1,1.0
424,22,712.96,197.97,114.71,46.66,1,1,0.8519
425,17,716.37,306.35,204.74,123.24,1,1,0.6938
425,18,1.0,484.27,218.67,56.73,1,1,1.0
425,19,249.6,122.45,39.19,19.99,1,1,1.0
425,20,293.76,198.61,99.13,54.34,1,1,1.0
425,21,469.97,152.53,71.19,32.36,1,1,1.0
425,22,702.08,196.05,111.72,46.23,1,1,0.966
426,17,731.73,311.47,212.2,126.86,1,1,0.7044
426,18,1.0,485.33,221.87,55.67,1,1,1.0
426,19,247.47,121.6,38.33,20.2,1,1,1.0
426,20,299.73,200.53,101.27,55.4,1,1,1.0
426,21,464.0,151.47,70.33,31.93,1,1,1.0
426,22,691.2,194.13,108.73,45.8,1,1,1.0
426,23,144.0,128.0,34.07,23.4,1,1,0.625
427,17,752.0,317.44,194.28,123.88,1,1,0.678
427,18,1.0,483.63,224.85,57.37,1,1,1.0
427,19,244.91,121.39,38.33,20.2,1,1,1.0
427,20,305.49,202.45,104.47,56.9,1,1,1.0
427,21,458.88,150.61,68.41,31.3,1,1,1.0
427,22,681.6,192.43,107.03,45.37,1,1,1.0
427,23,145.07,128.43,35.34,23.4,1,1,0.6887
428,17,772.27,323.41,176.36,120.9,1,1,0.6912
428,18,1.0,481.92,227.84,59.08,1,1,1.0
428,19,242.35,121.17,38.33,20.2,1,1,1.0
428,20,311.25,204.37,107.67,58.39,1,1,1.0
428,21,453.76,149.76,66.49,30.65,1,1,1.0
428,22,672.0,190.72,105.32,44.95,1,1,1.0
428,23,146.13,128.85,36.63,23.4,1,1,0.7178
429,17,792.53,329.39,168.47,117.9,1,1,0.797
429,18,1.0,480.21,230.83,54.34,1,1,1.0
429,19,239.79,120.96,38.33,20.2,1,1,1.0
429,20,317.01,206.29,110.87,59.88,1,1,1.0
429,21,448.64,148.91,64.57,30.01,1,1,1.0
429,22,662.4,189.01,103.61,44.52,1,1,1.0
429,23,147.2,129.28,37.91,23.4,1,1,0.7699
430,17,812.8,335.36,148.2,114.92,1,1,0.9351
430,18,1.0,478.51,233.81,55.4,1,1,1.0
430,19,237.23,120.75,38.33,20.2,1,1,1.0
430,20,322.77,208.21,114.07,61.38,1,1,1.0
430,21,443.52,148.05,62.65,29.38,1,1,1.0
430,22,652.8,187.31,101.91,44.09,1,1,1.0
430,23,148.27,129.71,39.18,23.4,1,1,0.781
431,17,833.07,341.33,127.93,111.94,1,1,1.0
431,18,1.0,476.8,236.8,56.47,1,1,1.0
431,19,234.67,120.53,38.33,20.2,1,1,1.0
431,20,328.53,210.13,117.27,62.87,1,1,1.0
431,21,438.4,147.2,60.73,28.73,1,1,1.0
431,22,643.2,185.6,100.2,43.67,1,1,1.0
431,23,149.33,130.13,40.47,23.4,1,1,0.831
432,18,1.0,475.95,240.85,57.96,1,1,1.0
432,19,232.53,120.53,37.48,19.35,1,1,1.0
432,20,336.43,213.12,119.4,63.93,1,1,1.0
432,21,434.13,146.35,59.67,28.94,1,1,1.0
432,22,634.88,183.68,98.92,43.03,1,1,1.0
432,23,152.32,131.2,40.25,23.83,1,1,0.8878
433,18,1.0,475.09,244.91,59.46,1,1,1.0
433,19,230.4,120.53,36.63,18.5,1,1,1.0
433,20,344.32,216.11,121.53,65.0,1,1,1.0
433,21,429.87,145.49,58.6,29.16,1,1,1.0
433,22,626.56,181.76,97.64,42.39,1,1,1.0
433,23,155.31,132.27,40.04,24.25,1,1,1.0
434,18,1.0,474.24,248.96,66.76,1,1,1.0
434,19,228.27,120.53,35.77,17.64,1,1,1.0
434,20,352.21,219.09,123.67,66.07,1,1,1.0
434,21,425.6,144.64,57.53,29.37,1,1,1.0
434,22,618.24,179.84,96.36,41.75,1,1,1.0
434,23,158.29,133.33,39.83,24.68,1,1,1.0
435,18,1.0,473.39,253.01,67.61,1,1,1.0
435,19,226.13,120.53,34.92,16.79,1,1,1.0
435,20,360.11,222.08,125.8,67.13,1,1,1.0
435,21,421.33,143.79,56.47,29.58,1,1,1.0
435,22,609.92,177.92,95.08,41.11,1,1,1.0
435,23,161.28,134.4,39.61,25.11,1,1,1.0
436,18,1.0,472.53,257.07,68.47,1,1,1.0
436,19,224.0,120.53,34.07,15.94,1,1,1.0
436,20,368.0,225.07,127.93,68.2,1,1,1.0
436,21,417.07,142.93,55.4,29.8,1,1,1.0
436,22,601.6,176.0,93.8,40.47,1,1,1.0
436,23,164.27,135.47,39.4,25.53,1,1,1.0
436,24,904.53,242.13,56.47,39.4,1,1,1.0
437,18,1.0,471.25,261.97,69.75,1,1,1.0
437,19,221.65,120.11,33.86,15.93,1,1,1.0
437,20,377.17,227.63,131.14,70.12,1,1,1.0
437,21,412.37,142.72,54.76,29.16,1,1,1.0
437,22,594.13,174.93,91.88,39.4,1,1,1.0
437,23,166.4,135.68,40.68,26.39,1,1,1.0
437,24,891.52,239.57,69.48,41.11,1,1,1.0
438,18,1.0,469.97,266.88,71.03,1,1,1.0
438,19,219.31,119.68,33.64,15.93,1,1,1.0
438,20,386.35,230.19,134.33,72.04,1,1,1.0
438,21,407.68,142.51,54.12,28.52,1,1,1.0
438,22,586.67,173.87,89.96,38.33,1,1,1.0
438,23,168.53,135.89,41.96,27.24,1,1,1.0
438,24,878.51,237.01,82.49,42.82,1,1,1.0
439,18,1.0,468.69,271.79,72.31,1,1,1.0
439,19,216.96,119.25,33.43,15.94,1,1,1.0
439,20,395.52,232.75,137.53,73.96,1,1,1.0
439,21,402.99,142.29,53.48,27.88,1,1,1.0
439,22,579.2,172.8,88.04,37.27,1,1,1.0
439,23,170.67,136.11,43.24,28.09,1,1,1.0
439,24,865.49,234.45,95.51,44.52,1,1,1.0
440,18,1.0,467.41,276.69,73.59,1,1,1.0
440,19,214.61,118.83,33.22,15.93,1,1,1.0
440,20,404.69,235.31,140.74,75.88,1,1,1.0
440,21,398.29,142.08,52.84,27.24,1,1,1.0
440,22,571.73,171.73,86.12,36.2,1,1,1.0
440,23,172.8,136.32,44.52,28.95,1,1,1.0
440,24,852.48,231.89,108.52,46.23,1,1,1.0
441,18,1.0,466.13,281.6,74.87,1,1,1.0
441,19,212.27,118.4,33.0,15.93,1,1,1.0
441,20,413.87,237.87,143.93,77.8,1,1,1.0
441,21,393.6,141.87,52.2,26.6,1,1,1.0
441,22,564.27,170.67,84.2,35.13,1,1,1.0
441,23,174.93,136.53,45.8,29.8,1,1,1.0
441,24,839.47,229.33,121.53,47.94,1,1,1.0
442,18,1.0,465.07,285.44,75.93,1,1,1.0
442,20,423.68,240.43,148.41,80.14,1,1,1.0
442,21,389.12,141.01,51.56,26.18,1,1,1.0
442,22,557.44,168.75,82.92,34.7,1,1,1.0
442,23,177.49,137.6,46.66,29.16,1,1,1.0
442,24,828.59,226.56,119.4,48.57,1,1,0.9874
443,18,1.0,464.0,289.28,77.0,1,1,1.0
443,20,433.49,242.99,152.9,82.49,1,1,1.0
443,21,384.64,140.16,50.92,25.75,1,1,1.0
443,22,550.61,166.83,81.64,34.28,1,1,1.0
443,23,180.05,138.67,47.51,28.52,1,1,1.0
443,24,817.71,223.79,123.66,49.21,1,1,0.8953
444,18,1.0,462.93,293.12,78.07,1,1,1.0
444,20,443.31,245.55,157.37,84.84,1,1,1.0
444,21,380.16,139.31,50.28,25.32,1,1,1.0
444,22,543.79,164.91,80.36,33.85,1,1,1.0
444,23,182.61,139.73,48.36,27.88,1,1,1.0
444,24,806.83,221.01,127.93,49.86,1,1,0.8238
445,18,1.0,461.87,296.96,79.13,1,1,1.0
445,20,453.12,248.11,161.85,87.18,1,1,1.0
445,21,375.68,138.45,49.64,24.9,1,1,1.0
445,22,536.96,162.99,79.08,33.42,1,1,1.0
445,23,185.17,140.8,49.22,27.24,1,1,1.0
445,24,795.95,218.24,132.2,50.49,1,1,0.826
446,18,1.0,460.8,300.8,80.2,1,1,1.0
446,20,462.93,250.67,166.34,89.53,1,1,1.0
446,21,371.2,137.6,49.0,24.47,1,1,1.0
446,22,530.13,161.07,77.8,33.0,1,1,1.0
446,23,187.73,141.87,50.07,26.6,1,1,1.0
446,24,785.07,215.47,136.46,51.13,1,1,0.8187
447,18,1.0,459.73,305.71,81.27,1,1,1.0
447,20,475.73,255.57,170.6,91.46,1,1,1.0
447,21,367.36,136.32,49.21,24.47,1,1,1.0
447,22,525.01,160.43,75.46,32.57,1,1,1.0
447,23,190.93,142.72,50.5,27.03,1,1,1.0
447,24,774.4,213.76,135.4,50.28,1,1,0.8162
448,18,1.0,458.67,310.61,82.33,1,1,1.0
448,20,488.53,260.48,174.87,93.37,1,1,1.0
448,21,363.52,135.04,49.43,24.47,1,1,1.0
448,22,519.89,159.79,73.11,32.14,1,1,1.0
448,23,194.13,143.57,50.92,27.46,1,1,1.0
448,24,763.73,212.05,134.34,49.43,1,1,0.8157
449,18,14.93,457.6,301.59,83.4,1,1,1.0
449,20,501.33,265.39,179.14,95.29,1,1,1.0
449,21,359.68,133.76,49.64,24.47,1,1,1.0
449,22,514.77,159.15,70.76,31.72,1,1,1.0
449,23,197.33,144.43,51.35,27.88,1,1,1.0
449,24,753.07,210.35,133.26,48.57,1,1,0.8274
450,18,18.13,456.53,303.3,84.47,1,1,1.0
450,20,514.13,270.29,183.4,97.22,1,1,1.0
450,21,355.84,132.48,49.85,24.47,1,1,1.0
450,22,509.65,158.51,68.42,31.29,1,1,1.0
450,23,200.53,145.28,51.78,28.31,1,1,1.0
450,24,742.4,208.64,132.2,47.72,1,1,0.826
451,18,21.33,455.47,305.0,85.53,1,1,1.0
451,20,526.93,275.2,187.67,99.13,1,1,1.0
451,21,352.0,131.2,50.07,24.47,1,1,1.0
451,22,504.53,157.87,66.07,30.86,1,1,1.0
451,23,203.73,146.13,52.2,28.74,1,1,1.0
451,24,731.73,206.93,131.14,46.87,1,1,0.8286
452,18,29.23,453.12,302.22,87.88,1,1,1.0
452,20,542.51,278.4,190.01,104.04,1,1,1.0
452,21,348.8,130.13,49.64,25.11,1,1,1.0
452,22,498.77,156.16,66.07,30.65,1,1,1.0
452,23,208.43,146.77,53.05,29.38,1,1,1.0
452,24,722.56,205.01,129.64,46.66,1,1,0.8438
453,18,37.12,450.77,299.45,90.23,1,1,1.0
453,20,558.08,281.6,192.36,108.95,1,1,1.0
453,21,345.6,129.07,49.21,25.74,1,1,1.0
453,22,493.01,154.45,66.07,30.44,1,1,1.0
453,23,213.12,147.41,53.91,30.02,1,1,1.0
453,24,713.39,203.09,128.14,46.44,1,1,0.8412
454,18,45.01,448.43,296.68,92.57,1,1,1.0
454,20,573.65,284.8,194.71,113.85,1,1,0.9904
454,21,342.4,128.0,48.79,26.39,1,1,1.0
454,22,487.25,152.75,66.07,30.22,1,1,1.0
454,23,217.81,148.05,54.76,30.66,1,1,1.0
454,24,704.21,201.17,126.66,46.23,1,1,0.8242
455,18,52.91,446.08,293.9,94.92,1,1,1.0
455,20,589.23,288.0,197.05,118.76,1,1,0.946
455,21,339.2,126.93,48.36,27.03,1,1,1.0
455,22,481.49,151.04,66.07,30.01,1,1,1.0
455,23,222.51,148.69,55.61,31.3,1,1,1.0
455,24,695.04,199.25,125.16,46.02,1,1,0.9047
456,18,60.8,443.73,291.13,97.27,1,1,1.0
456,20,604.8,291.2,199.4,123.67,1,1,0.7997
456,21,336.0,125.87,47.93,27.66,1,1,1.0
456,22,475.73,149.33,66.07,29.8,1,1,1.0
456,23,227.2,149.33,56.47,31.94,1,1,1.0
456,24,685.87,197.33,123.66,45.8,1,1,0.9998
457,18,66.56,442.03,291.13,98.97,1,1,1.0
457,20,622.72,296.75,210.71,128.78,1,1,0.7022
457,21,333.23,125.87,46.65,26.6,1,1,1.0
457,22,470.4,148.91,65.21,29.58,1,1,1.0
457,23,231.68,150.19,56.68,32.57,1,1,1.0
457,24,677.33,195.63,120.9,45.58,1,1,1.0
458,18,72.32,440.32,291.13,100.68,1,1,1.0
458,20,640.64,302.29,222.01,133.91,1,1,0.7162
458,21,330.45,125.87,45.38,25.53,1,1,1.0
458,22,465.07,148.48,64.36,29.37,1,1,1.0
458,23,236.16,151.04,56.89,33.21,1,1,1.0
458,24,668.8,193.92,118.12,45.37,1,1,1.0
459,18,78.08,438.61,291.13,102.39,1,1,1.0
459,20,658.56,307.84,233.32,139.03,1,1,0.7303
459,21,327.68,125.87,44.09,24.46,1,1,1.0
459,22,459.73,148.05,63.51,29.16,1,1,1.0
459,23,240.64,151.89,57.11,33.86,1,1,1.0
459,24,660.27,192.21,115.34,45.16,1,1,1.0
460,18,83.84,436.91,291.13,104.09,1,1,1.0
460,20,676.48,313.39,244.63,144.14,1,1,0.7445
460,21,324.91,125.87,42.81,23.4,1,1,1.0
460,22,454.4,147.63,62.65,28.94,1,1,1.0
460,23,245.12,152.75,57.32,34.49,1,1,1.0
460,24,651.73,190.51,112.58,44.94,1,1,1.0
461,18,89.6,435.2,291.13,105.8,1,1,1.0
461,20,694.4,318.93,266.6,149.27,1,1,0.7654
461,21,322.13,125.87,41.54,22.33,1,1,1.0
461,22,449.07,147.2,61.8,28.73,1,1,1.0
461,23,249.6,153.6,57.53,35.13,1,1,1.0
461,24,643.2,188.8,109.8,44.73,1,1,1.0
461,25,131.2,126.93,36.2,21.27,1,1,0.554
462,18,96.43,434.99,288.57,106.01,1,1,1.0
462,20,715.52,325.33,245.48,145.22,1,1,0.7445
462,21,318.51,125.44,41.74,22.12,1,1,1.0
462,22,444.59,146.56,61.16,27.88,1,1,1.0
462,23,253.23,154.67,59.45,35.34,1,1,1.0
462,24,634.67,186.67,108.52,44.52,1,1,1.0
462,25,132.69,127.36,37.06,21.69,1,1,0.5559
463,18,103.25,434.77,286.02,106.23,1,1,1.0
463,20,736.64,331.73,224.36,141.16,1,1,0.7197
463,21,314.88,125.01,41.96,21.91,1,1,1.0
463,22,440.11,145.92,60.52,27.03,1,1,1.0
463,23,256.85,155.73,61.38,35.56,1,1,1.0
463,24,626.13,184.53,107.24,44.31,1,1,1.0
463,25,134.19,127.79,37.9,22.12,1,1,0.5557
464,18,110.08,434.56,283.45,99.77,1,1,1.0
464,20,757.76,338.13,203.24,137.11,1,1,0.6906
464,21,311.25,124.59,42.18,21.69,1,1,1.0
464,22,435.63,145.28,59.88,26.17,1,1,1.0
464,23,260.48,156.8,63.29,35.77,1,1,1.0
464,24,617.6,182.4,105.96,44.09,1,1,1.0
464,25,135.68,128.21,38.76,22.55,1,1,0.5614
465,18,116.91,434.35,280.89,98.92,1,1,1.0
465,20,778.88,344.53,182.12,133.06,1,1,0.7431
465,21,307.63,124.16,42.38,21.48,1,1,1.0
465,22,431.15,144.64,59.24,25.32,1,1,1.0
465,23,264.11,157.87,65.21,35.98,1,1,1.0
465,24,609.07,180.27,104.68,43.88,1,1,1.0
465,25,137.17,128.64,39.62,22.97,1,1,0.5823
466,18,123.73,434.13,278.34,98.07,1,1,1.0
466,20,800.0,350.93,161.0,129.0,1,1,0.8337
466,21,304.0,123.73,42.6,21.27,1,1,1.0
466,22,426.67,144.0,58.6,24.47,1,1,1.0
466,23,267.73,158.93,67.14,36.2,1,1,1.0
466,24,600.53,178.13,103.4,43.67,1,1,1.0
466,25,138.67,129.07,40.46,23.4,1,1,0.5965
467,18,130.99,432.0,275.34,102.12,1,1,1.0
467,20,825.6,360.96,135.4,119.61,1,1,1.0
467,21,300.16,122.67,43.03,22.33,1,1,1.0
467,22,421.76,142.29,57.75,25.54,1,1,1.0
467,23,273.07,160.43,66.7,36.41,1,1,1.0
467,24,593.07,177.28,100.84,42.81,1,1,1.0
467,25,140.37,129.28,40.9,23.83,1,1,0.6076
468,18,138.24,429.87,272.36,111.13,1,1,1.0
468,20,851.2,370.99,109.8,110.22,1,1,1.0
468,21,296.32,121.6,43.45,23.4,1,1,1.0
468,22,416.85,140.59,56.9,26.6,1,1,1.0
468,23,278.4,161.92,66.28,36.63,1,1,1.0
468,24,585.6,176.43,98.28,41.96,1,1,1.0
468,25,142.08,129.49,41.32,24.26,1,1,0.6577
469,18,145.49,427.73,269.38,113.27,1,1,1.0
469,20,876.8,381.01,84.2,100.84,1,1,1.0
469,21,292.48,120.53,43.88,24.47,1,1,1.0
469,22,411.95,138.88,56.04,27.67,1,1,1.0
469,23,283.73,163.41,65.86,36.84,1,1,1.0
469,24,578.13,175.57,95.72,41.11,1,1,1.0
469,25,143.79,129.71,41.74,24.68,1,1,0.7396
470,18,152.75,425.6,266.38,115.4,1,1,1.0
470,20,902.4,391.04,58.6,91.45,1,1,1.0
470,21,288.64,119.47,44.31,25.53,1,1,1.0
470,22,407.04,137.17,55.19,28.74,1,1,1.0
470,23,289.07,164.91,65.42,37.05,1,1,1.0
470,24,570.67,174.72,93.16,40.25,1,1,1.0
470,25,145.49,129.92,42.18,25.11,1,1,0.7876
471,18,160.0,423.47,263.4,117.53,1,1,1.0
471,20,928.0,401.07,33.0,82.06,1,1,1.0
471,21,284.8,118.4,44.73,26.6,1,1,1.0
471,22,402.13,135.47,54.34,29.8,1,1,1.0
471,23,294.4,166.4,65.0,37.27,1,1,1.0
471,24,563.2,173.87,90.6,39.4,1,1,1.0
471,25,147.2,130.13,42.6,25.54,1,1,0.84
472,18,166.61,421.55,262.34,119.45,1,1,1.0
472,21,282.24,117.87,44.2,26.28,1,1,1.0
472,22,398.51,135.04,53.48,29.37,1,1,1.0
472,23,300.37,167.47,67.35,38.97,1,1,1.0
472,24,555.95,173.23,89.96,38.12,1,1,1.0
472,25,149.55,130.99,43.66,25.53,1,1,0.89
473,18,173.23,419.63,261.26,121.37,1,1,1.0
473,21,279.68,117.33,43.67,25.96,1,1,1.0
473,22,394.88,134.61,52.63,28.95,1,1,1.0
473,23,306.35,168.53,69.69,40.68,1,1,1.0
473,24,548.69,172.59,89.32,36.84,1,1,1.0
473,25,151.89,131.84,44.74,25.53,1,1,0.9343
474,18,179.84,417.71,260.2,123.29,1,1,1.0
474,21,277.12,116.8,43.13,25.64,1,1,1.0
474,22,391.25,134.19,51.78,28.52,1,1,1.0
474,23,312.32,169.6,72.04,42.39,1,1,1.0
474,24,541.44,171.95,88.68,35.56,1,1,1.0
474,25,154.24,132.69,45.8,25.54,1,1,1.0
475,18,186.45,415.79,259.14,125.21,1,1,1.0
475,21,274.56,116.27,42.6,25.32,1,1,1.0
475,22,387.63,133.76,50.92,28.09,1,1,1.0
475,23,318.29,170.67,74.39,44.09,1,1,1.0
475,24,534.19,171.31,88.04,34.28,1,1,1.0
475,25,156.59,133.55,46.86,25.53,1,1,1.0
476,18,193.07,413.87,258.06,120.46,1,1,1.0
476,21,272.0,115.73,42.07,25.0,1,1,1.0
476,22,384.0,133.33,50.07,27.67,1,1,1.0
476,23,324.27,171.73,76.73,45.8,1,1,1.0
476,24,526.93,170.67,87.4,33.0,1,1,1.0
476,25,158.93,134.4,47.94,25.53,1,1,1.0
477,18,200.11,411.31,257.85,121.74,1,1,1.0
477,21,269.44,115.2,41.53,24.68,1,1,1.0
477,22,379.31,132.05,51.13,28.1,1,1,1.0
477,23,331.31,173.44,78.01,46.65,1,1,1.0
477,24,521.39,169.39,86.12,33.21,1,1,1.0
477,25,161.28,134.61,48.57,26.39,1,1,1.0
478,18,207.15,408.75,257.64,123.02,1,1,1.0
478,21,266.88,114.67,41.0,24.36,1,1,1.0
478,22,374.61,130.77,52.2,28.52,1,1,1.0
478,23,338.35,175.15,79.29,47.5,1,1,1.0
478,24,515.84,168.11,84.84,33.42,1,1,1.0
478,25,163.63,134.83,49.21,27.24,1,1,1.0
479,18,214.19,406.19,257.42,124.3,1,1,1.0
479,21,264.32,114.13,40.47,24.04,1,1,1.0
479,22,369.92,129.49,53.27,28.95,1,1,1.0
479,23,345.39,176.85,80.57,48.36,1,1,1.0
479,24,510.29,166.83,83.56,33.64,1,1,1.0
479,25,165.97,135.04,49.86,28.09,1,1,1.0
480,18,221.23,403.63,257.21,125.58,1,1,1.0
480,21,261.76,113.6,39.93,23.72,1,1,1.0
480,22,365.23,128.21,54.33,29.38,1,1,1.0
480,23,352.43,178.56,81.85,49.21,1,1,1.0
480,24,504.75,165.55,82.28,33.85,1,1,1.0
480,25,168.32,135.25,50.49,28.95,1,1,1.0
481,18,228.27,401.07,257.0,126.86,1,1,1.0
481,21,259.2,113.07,39.4,23.4,1,1,1.0
481,22,360.53,126.93,55.4,29.8,1,1,1.0
481,23,359.47,180.27,83.13,50.06,1,1,1.0
481,24,499.2,164.27,81.0,34.06,1,1,1.0
481,25,170.67,135.47,51.13,29.8,1,1,1.0
482,18,235.09,400.21,255.94,125.8,1,1,1.0
482,21,256.85,112.85,39.19,23.51,1,1,1.0
482,22,357.33,126.93,54.87,29.16,1,1,1.0
482,23,366.93,182.83,85.06,49.85,1,1,1.0
482,24,492.16,162.99,81.0,34.06,1,1,1.0
482,25,173.65,136.32,51.56,30.01,1,1,1.0
483,18,241.92,399.36,254.87,124.73,1,1,1.0
483,21,254.51,112.64,38.97,23.61,1,1,1.0
483,22,354.13,126.93,54.34,28.52,1,1,1.0
483,23,374.4,185.39,86.97,49.64,1,1,1.0
483,24,485.12,161.71,81.0,34.06,1,1,1.0
483,25,176.64,137.17,51.99,30.23,1,1,1.0
484,18,248.75,398.51,253.8,123.66,1,1,1.0
484,21,252.16,112.43,38.76,23.72,1,1,1.0
484,22,350.93,126.93,53.8,27.88,1,1,1.0
484,23,381.87,187.95,88.89,49.42,1,1,1.0
484,24,478.08,160.43,81.0,34.06,1,1,1.0
484,25,179.63,138.03,52.41,30.44,1,1,1.0
485,18,255.57,397.65,252.74,122.6,1,1,1.0
485,21,249.81,112.21,38.55,23.83,1,1,1.0
485,22,347.73,126.93,53.27,27.24,1,1,1.0
485,23,389.33,190.51,90.82,49.21,1,1,1.0
485,24,471.04,159.15,81.0,34.06,1,1,1.0
485,25,182.61,138.88,52.84,30.65,1,1,1.0
486,18,262.4,396.8,251.67,121.53,1,1,1.0
486,21,247.47,112.0,38.33,23.93,1,1,1.0
486,22,344.53,126.93,52.74,26.6,1,1,1.0
486,23,396.8,193.07,92.73,49.0,1,1,1.0
486,24,464.0,157.87,81.0,34.06,1,1,1.0
486,25,185.6,139.73,53.27,30.87,1,1,1.0
487,18,270.51,395.31,251.66,120.89,1,1,1.0
487,21,245.12,111.79,38.12,24.04,1,1,1.0
487,22,341.33,126.93,52.2,25.96,1,1,1.0
487,23,405.97,195.41,95.51,51.14,1,1,1.0
487,24,458.88,157.65,80.15,33.22,1,1,1.0
487,25,188.59,140.8,54.33,31.08,1,1,1.0
488,18,278.61,393.81,251.67,120.26,1,1,1.0
488,21,242.77,111.57,37.91,24.15,1,1,1.0
488,22,338.13,126.93,51.67,25.32,1,1,1.0
488,23,415.15,197.76,98.28,53.27,1,1,1.0
488,24,453.76,157.44,79.29,32.36,1,1,1.0
488,25,191.57,141.87,55.4,31.29,1,1,1.0
489,18,286.72,392.32,251.67,119.61,1,1,1.0
489,21,240.43,111.36,37.69,24.25,1,1,1.0
489,22,334.93,126.93,51.14,24.68,1,1,1.0
489,23,424.32,200.11,101.05,55.4,1,1,1.0
489,24,448.64,157.23,78.44,31.5,1,1,1.0
489,25,194.56,142.93,56.47,31.51,1,1,1.0
490,18,294.83,390.83,251.66,118.97,1,1,1.0
490,21,238.08,111.15,37.48,24.36,1,1,1.0
490,22,331.73,126.93,50.6,24.04,1,1,1.0
490,23,433.49,202.45,103.83,57.54,1,1,1.0
490,24,443.52,157.01,77.59,30.66,1,1,1.0
490,25,197.55,144.0,57.53,31.72,1,1,1.0
491,18,302.93,389.33,251.67,118.34,1,1,1.0
491,21,235.73,110.93,37.27,24.47,1,1,1.0
491,22,328.53,126.93,50.07,23.4,1,1,1.0
491,23,442.67,204.8,106.6,59.67,1,1,1.0
491,24,438.4,156.8,76.73,29.8,1,1,1.0
491,25,200.53,145.07,58.6,31.93,1,1,1.0
491,26,102.4,133.33,38.33,23.4,1,1,1.0
492,18,312.53,388.27,248.9,116.41,1,1,1.0
492,21,233.92,110.61,36.95,24.36,1,1,1.0
492,22,325.87,125.97,49.42,23.51,1,1,1.0
492,23,453.33,206.93,110.66,61.59,1,1,1.0
492,24,433.07,155.31,75.66,30.01,1,1,1.0
492,25,205.23,145.92,58.17,32.36,1,1,1.0
492,26,103.47,133.97,38.76,23.4,1,1,0.9972
493,18,322.13,387.2,246.12,114.49,1,1,1.0
493,21,232.11,110.29,36.62,24.26,1,1,1.0
493,22,323.2,125.01,48.79,23.62,1,1,1.0
493,23,464.0,209.07,114.71,63.5,1,1,1.0
493,24,427.73,153.81,74.6,30.23,1,1,1.0
493,25,209.92,146.77,57.75,32.79,1,1,1.0
493,26,104.53,134.61,39.19,23.4,1,1,0.9887
494,18,331.73,386.13,243.35,112.58,1,1,1.0
494,21,230.29,109.97,36.31,24.15,1,1,1.0
494,22,320.53,124.05,48.15,23.72,1,1,1.0
494,23,474.67,211.2,118.76,65.43,1,1,1.0
494,24,422.4,152.32,73.53,30.44,1,1,1.0
494,25,214.61,147.63,57.32,33.21,1,1,1.0
494,26,105.6,135.25,39.61,23.4,1,1,0.9267
495,18,341.33,385.07,240.58,110.65,1,1,1.0
495,21,228.48,109.65,35.99,24.04,1,1,1.0
495,22,317.87,123.09,47.5,23.83,1,1,1.0
495,23,485.33,213.33,122.82,67.35,1,1,1.0
495,24,417.07,150.83,72.46,30.65,1,1,1.0
495,25,219.31,148.48,56.89,33.64,1,1,1.0
495,26,106.67,135.89,40.04,23.4,1,1,0.8844
496,18,350.93,384.0,237.8,108.73,1,1,1.0
496,21,226.67,109.33,35.66,23.94,1,1,1.0
496,22,315.2,122.13,46.87,23.94,1,1,1.0
496,23,496.0,215.47,126.87,69.26,1,1,1.0
496,24,411.73,149.33,71.4,30.87,1,1,1.0
496,25,224.0,149.33,56.47,34.07,1,1,1.0
496,26,107.73,136.53,40.47,23.4,1,1,0.8468
497,18,359.04,383.79,236.52,107.02,1,1,1.0
497,21,224.85,109.01,35.35,23.83,1,1,1.0
497,22,312.53,121.17,46.23,24.04,1,1,1.0
497,23,509.87,219.09,129.64,70.76,1,1,1.0
497,24,408.32,148.91,69.27,30.01,1,1,1.0
497,25,227.84,150.83,58.17,34.28,1,1,1.0
497,26,109.87,136.96,40.89,23.4,1,1,0.7953
498,18,367.15,383.57,235.24,105.32,1,1,1.0
498,21,223.04,108.69,35.03,23.72,1,1,1.0
498,22,309.87,120.21,45.58,24.15,1,1,1.0
498,23,523.73,222.72,132.42,72.25,1,1,1.0
498,24,404.91,148.48,67.13,29.16,1,1,1.0
498,25,231.68,152.32,59.88,34.49,1,1,1.0
498,26,112.0,137.39,41.32,23.4,1,1,0.7879
499,18,375.25,383.36,233.96,103.61,1,1,1.0
499,21,221.23,108.37,34.7,23.62,1,1,1.0
499,22,307.2,119.25,44.95,24.26,1,1,1.0
499,23,537.6,226.35,135.19,73.74,1,1,1.0
499,24,401.49,148.05,65.0,28.31,1,1,1.0
499,25,235.52,153.81,61.59,34.71,1,1,1.0
499,26,114.13,137.81,41.75,23.4,1,1,0.7203
500,18,383.36,383.15,232.68,101.9,1,1,0.993
500,21,219.41,108.05,34.39,23.51,1,1,1.0
500,22,304.53,118.29,44.31,24.36,1,1,1.0
500,23,551.47,229.97,137.96,75.24,1,1,1.0
500,24,398.08,147.63,62.87,27.45,1,1,1.0
500,25,239.36,155.31,63.29,34.92,1,1,1.0
500,26,116.27,138.24,42.17,23.4,1,1,0.6669
501,18,391.47,382.93,231.4,100.2,1,1,0.9789
501,21,217.6,107.73,34.07,23.4,1,1,1.0
501,22,301.87,117.33,43.66,24.47,1,1,1.0
501,23,565.33,233.6,140.74,76.73,1,1,1.0
501,24,394.67,147.2,60.73,26.6,1,1,1.0
501,25,243.2,156.8,65.0,35.13,1,1,1.0
501,26,118.4,138.67,42.6,23.4,1,1,0.6479
502,18,399.15,382.08,234.6,99.35,1,1,0.9559
502,22,299.41,116.91,43.24,24.46,1,1,1.0
502,23,581.12,237.44,144.15,79.08,1,1,1.0
502,24,388.91,146.13,62.01,26.82,1,1,1.0
502,25,247.68,157.65,66.28,35.35,1,1,1.0
502,26,120.32,138.88,42.6,24.25,1,1,0.666
503,18,406.83,381.23,237.8,98.49,1,1,0.9262
503,22,296.96,116.48,42.81,24.47,1,1,1.0
503,23,596.91,241.28,147.56,81.43,1,1,1.0
503,24,383.15,145.07,63.29,27.02,1,1,1.0
503,25,252.16,158.51,67.56,35.56,1,1,1.0
503,26,122.24,139.09,42.6,25.11,1,1,0.6606
504,18,414.51,380.37,241.0,97.64,1,1,0.9061
504,22,294.51,116.05,42.38,24.47,1,1,1.0
504,23,612.69,245.12,150.98,83.77,1,1,1.0
504,24,377.39,144.0,64.57,27.24,1,1,1.0
504,25,256.64,159.36,68.84,35.77,1,1,1.0
504,26,124.16,139.31,42.6,25.96,1,1,0.6609
505,18,422.19,379.52,244.2,96.79,1,1,0.9059
505,22,292.05,115.63,41.96,24.46,1,1,1.0
505,23,628.48,248.96,154.39,86.12,1,1,1.0
505,24,371.63,142.93,65.85,27.46,1,1,1.0
505,25,261.12,160.21,70.12,35.99,1,1,1.0
505,26,126.08,139.52,42.6,26.81,1,1,0.6081
506,18,429.87,378.67,247.4,95.93,1,1,0.9041
506,22,289.6,115.2,41.53,24.47,1,1,1.0
506,23,644.27,252.8,157.8,88.47,1,1,1.0
506,24,365.87,141.87,67.13,27.66,1,1,1.0
506,25,265.6,161.07,71.4,36.2,1,1,1.0
506,26,128.0,139.73,42.6,27.67,1,1,0.6106
506,27,856.53,265.6,104.47,66.07,1,1,0.2872
507,18,438.83,378.88,248.25,97.43,1,1,0.9081
507,22,287.15,114.77,41.1,24.47,1,1,1.0
507,23,663.47,258.13,164.41,90.6,1,1,0.6236
507,24,362.88,141.44,65.43,27.67,1,1,1.0
507,25,271.36,162.13,73.11,37.7,1,1,1.0
507,26,129.71,141.23,42.6,26.6,1,1,0.6125
507,27,836.91,260.69,106.38,65.43,1,1,0.2439
508,18,447.79,379.09,249.1,98.92,1,1,0.9098
508,22,284.69,114.35,40.68,24.46,1,1,1.0
508,23,682.67,263.47,171.02,92.73,1,1,0.6221
508,24,359.89,141.01,63.72,27.67,1,1,1.0
508,25,277.12,163.2,74.81,39.19,1,1,1.0
508,26,131.41,142.72,42.6,25.53,1,1,0.6009
508,27,817.28,255.79,115.77,64.78,1,1,0.0044
509,18,456.75,379.31,249.96,100.41,1,1,0.9114
509,22,282.24,113.92,40.25,24.47,1,1,1.0
509,23,701.87,268.8,177.64,94.87,1,1,0.6413
509,24,356.91,140.59,62.01,27.66,1,1,1.0
509,25,282.88,164.27,76.52,40.68,1,1,1.0
509,26,133.12,144.21,42.6,24.47,1,1,0.6009
509,27,797.65,250.88,125.16,64.15,1,1,0.0184
510,18,465.71,379.52,250.81,101.91,1,1,0.9175
510,22,279.79,113.49,39.82,24.47,1,1,1.0
510,23,721.07,274.13,184.25,97.0,1,1,0.6477
510,24,353.92,140.16,60.31,27.67,1,1,1.0
510,25,288.64,165.33,78.23,42.18,1,1,1.0
510,26,134.83,145.71,42.6,23.4,1,1,0.6078
510,27,778.03,245.97,134.54,63.51,1,1,0.0009
511,18,474.67,379.73,251.66,103.4,1,1,0.919
511,22,277.33,113.07,39.4,24.46,1,1,1.0
511,23,740.27,279.47,190.86,99.13,1,1,0.6613
511,24,350.93,139.73,58.6,27.67,1,1,1.0
511,25,294.4,166.4,79.93,43.67,1,1,1.0
511,26,136.53,147.2,42.6,22.33,1,1,0.6247
511,27,758.4,241.07,143.93,62.86,1,1,0.0148
512,18,485.76,380.16,251.03,104.47,1,1,0.9198
512,22,275.31,112.75,39.4,24.36,1,1,1.0
512,23,763.52,286.51,172.52,96.14,1,1,0.6232
512,24,347.52,138.67,57.53,27.45,1,1,1.0
512,25,301.01,168.53,81.0,43.24,1,1,1.0
512,26,139.73,146.13,42.39,24.04,1,1,0.599
512,27,740.91,236.8,142.86,62.01,1,1,0.0268
513,18,496.85,380.59,250.39,105.53,1,1,0.921
513,22,273.28,112.43,39.4,24.25,1,1,1.0
513,23,786.77,293.55,154.18,93.16,1,1,0.7095
513,24,344.11,137.6,56.46,27.24,1,1,1.0
513,25,307.63,170.67,82.06,42.81,1,1,1.0
513,26,142.93,145.07,42.18,25.74,1,1,0.6115
513,27,723.41,232.53,141.8,61.16,1,1,0.0169
514,18,507.95,381.01,249.74,106.6,1,1,0.9236
514,22,271.25,112.11,39.4,24.14,1,1,1.0
514,23,810.03,300.59,135.82,90.17,1,1,0.8309
514,24,340.69,136.53,55.4,27.03,1,1,1.0
514,25,314.24,172.8,83.13,42.39,1,1,1.0
514,26,146.13,144.0,41.96,27.45,1,1,0.6045
514,27,705.92,228.27,140.73,60.3,1,1,0.0006
515,18,519.04,381.44,249.11,107.67,1,1,0.6839
515,22,269.23,111.79,39.4,24.04,1,1,1.0
515,23,833.28,307.63,127.72,87.18,1,1,1.0
515,24,337.28,135.47,54.33,26.81,1,1,1.0
515,25,320.85,174.93,84.2,41.96,1,1,1.0
515,26,149.33,142.93,41.75,29.16,1,1,0.7
515,27,688.43,224.0,139.66,59.45,1,1,0.0076
516,18,530.13,381.87,248.47,108.73,1,1,0.6649
516,22,267.2,111.47,39.4,23.93,1,1,1.0
516,23,856.53,314.67,104.47,84.2,1,1,1.0
516,24,333.87,134.4,53.26,26.6,1,1,1.0
516,25,327.47,177.07,85.26,41.53,1,1,1.0
516,26,152.53,141.87,41.54,30.86,1,1,0.749
516,27,670.93,219.73,138.6,58.6,1,1,0.3197
516,28,874.67,241.07,86.33,52.2,1,1,1.0
517,18,540.59,382.51,249.53,111.29,1,1,0.2942
517,22,265.17,111.15,39.4,23.82,1,1,1.0
517,24,330.67,133.55,53.05,26.38,1,1,1.0
517,25,334.93,178.77,86.76,42.39,1,1,1.0
517,26,154.24,142.93,42.39,30.66,1,1,0.7599
517,27,655.36,216.75,136.47,56.68,1,1,0.3152
517,28,860.8,237.87,100.2,55.4,1,1,1.0
518,18,551.04,383.15,250.6,113.85,1,1,0.2594
518,22,263.15,110.83,39.4,23.72,1,1,1.0
518,24,327.47,132.69,52.84,26.18,1,1,1.0
518,25,342.4,180.48,88.25,43.24,1,1,1.0
518,26,155.95,144.0,43.24,30.44,1,1,0.7919
518,27,639.79,213.76,134.33,54.76,1,1,0.2977
518,28,846.93,234.67,114.07,58.6,1,1,1.0
519,18,561.49,383.79,251.67,116.41,1,1,0.2107
519,22,261.12,110.51,39.4,23.61,1,1,1.0
519,24,324.27,131.84,52.62,25.96,1,1,1.0
519,25,349.87,182.19,89.74,44.09,1,1,1.0
519,26,157.65,145.07,44.1,30.22,1,1,0.8477
519,27,624.21,210.77,132.2,52.84,1,1,0.3376
519,28,833.07,231.47,127.93,61.8,1,1,1.0
520,18,571.95,384.43,252.73,118.97,1,1,0.1692
520,22,259.09,110.19,39.4,23.5,1,1,1.0
520,24,321.07,130.99,52.41,25.74,1,1,1.0
520,25,357.33,183.89,91.24,44.95,1,1,1.0
520,26,159.36,146.13,44.95,30.02,1,1,0.8888
520,27,608.64,207.79,130.07,50.92,1,1,0.3183
520,28,819.2,228.27,141.8,65.0,1,1,0.9087
521,18,582.4,385.07,253.8,121.53,1,1,0.1359
521,22,257.07,109.87,39.4,23.4,1,1,1.0
521,24,317.87,130.13,52.2,25.54,1,1,1.0
521,25,364.8,185.6,92.73,45.8,1,1,1.0
521,26,161.07,147.2,45.8,29.8,1,1,0.9363
521,27,593.07,204.8,127.93,49.0,1,1,0.3152
521,28,805.33,225.07,155.67,68.2,1,1,0.8549
522,18,594.13,386.56,254.66,123.03,1,1,0.1363
522,22,255.04,109.44,39.19,23.29,1,1,1.0
522,24,314.67,129.49,51.56,25.11,1,1,1.0
522,25,372.05,187.95,94.87,46.65,1,1,1.0
522,26,162.56,148.05,47.08,29.8,1,1,0.9482
522,27,582.61,202.03,122.82,47.72,1,1,0.3109
522,28,794.45,224.0,147.35,65.43,1,1,0.8449
523,18,605.87,388.05,255.5,124.52,1,1,0.135
523,22,253.01,109.01,38.98,23.19,1,1,1.0
523,24,311.47,128.85,50.92,24.68,1,1,1.0
523,25,379.31,190.29,97.0,47.51,1,1,1.0
523,26,164.05,148.91,48.36,29.8,1,1,1.0
523,27,572.16,199.25,117.69,46.44,1,1,0.3325
523,28,783.57,222.93,145.43,62.66,1,1,0.846
524,18,617.6,389.55,256.36,126.01,1,1,0.1603
524,22,250.99,108.59,38.76,23.08,1,1,1.0
524,24,308.27,128.21,50.28,24.26,1,1,1.0
524,25,386.56,192.64,99.13,48.36,1,1,1.0
524,26,165.55,149.76,49.64,29.8,1,1,1.0
524,27,561.71,196.48,112.57,45.16,1,1,0.3595
524,28,772.69,221.87,143.51,59.88,1,1,0.8284
525,18,629.33,391.04,257.22,127.51,1,1,0.2013
525,22,248.96,108.16,38.55,22.97,1,1,1.0
525,24,305.07,127.57,49.64,23.83,1,1,1.0
525,25,393.81,194.99,101.27,49.21,1,1,1.0
525,26,167.04,150.61,50.92,29.8,1,1,1.0
525,27,551.25,193.71,107.46,43.88,1,1,0.3437
525,28,761.81,220.8,141.59,57.11,1,1,0.841
526,18,641.07,392.53,258.06,129.0,1,1,0.2475
526,22,246.93,107.73,38.34,22.87,1,1,1.0
526,24,301.87,126.93,49.0,23.4,1,1,1.0
526,25,401.07,197.33,103.4,50.07,1,1,1.0
526,26,168.53,151.47,52.2,29.8,1,1,1.0
526,27,540.8,190.93,102.33,42.6,1,1,0.4208
526,28,750.93,219.73,139.67,54.34,1,1,0.8361
526,29,903.47,226.13,57.53,40.47,1,1,1.0
527,18,651.09,395.52,259.14,128.57,1,1,0.7347
527,22,244.91,107.31,38.12,22.76,1,1,1.0
527,24,299.09,126.93,48.15,22.98,1,1,1.0
527,25,411.31,199.25,106.38,51.35,1,1,1.0
527,26,171.31,152.32,52.2,30.01,1,1,1.0
527,27,530.99,188.37,99.77,41.75,1,1,0.3807
527,28,740.27,216.32,134.97,54.12,1,1,0.8296
527,29,889.17,222.72,71.83,42.39,1,1,1.0
528,18,661.12,398.51,260.2,128.14,1,1,0.7348
528,22,242.88,106.88,37.91,22.65,1,1,1.0
528,24,296.32,126.93,47.29,22.55,1,1,1.0
528,25,421.55,201.17,109.37,52.63,1,1,1.0
528,26,174.08,153.17,52.2,30.23,1,1,1.0
528,27,521.17,185.81,97.22,40.9,1,1,0.3938
528,28,729.6,212.91,130.28,53.9,1,1,0.827
528,29,874.88,219.31,86.12,44.3,1,1,1.0
529,18,671.15,401.49,261.26,127.72,1,1,0.7374
529,22,240.85,106.45,37.7,22.55,1,1,1.0
529,24,293.55,126.93,46.44,22.12,1,1,1.0
529,25,431.79,203.09,112.36,53.91,1,1,1.0
529,26,176.85,154.03,52.2,30.44,1,1,1.0
529,27,511.36,183.25,94.65,40.04,1,1,0.4236
529,28,718.93,209.49,125.59,53.7,1,1,0.8193
529,29,860.59,215.89,100.41,46.23,1,1,1.0
530,18,681.17,404.48,262.34,127.29,1,1,0.737
530,22,238.83,106.03,37.48,22.44,1,1,1.0
530,24,290.77,126.93,45.59,21.7,1,1,1.0
530,25,442.03,205.01,115.34,55.19,1,1,1.0
530,26,179.63,154.88,52.2,30.65,1,1,1.0
530,27,501.55,180.69,92.09,39.19,1,1,0.396
530,28,708.27,206.08,120.89,53.48,1,1,0.8772
530,29,846.29,212.48,114.71,48.15,1,1,1.0
531,18,691.2,407.47,269.8,126.86,1,1,0.7527
531,22,236.8,105.6,37.27,22.33,1,1,1.0
531,24,288.0,126.93,44.73,21.27,1,1,1.0
531,25,452.27,206.93,118.33,56.47,1,1,1.0
531,26,182.4,155.73,52.2,30.87,1,1,1.0
531,27,491.73,178.13,89.54,38.34,1,1,0.4167
531,28,697.6,202.67,116.2,53.26,1,1,1.0
531,29,832.0,209.07,129.0,50.06,1,1,0.9837
532,18,703.15,410.03,257.85,124.73,1,1,0.7402
532,24,284.91,126.19,44.62,21.37,1,1,1.0
532,25,463.57,210.13,121.96,58.39,1,1,1.0
532,26,185.39,156.37,52.41,31.51,1,1,1.0
532,27,482.35,176.21,88.04,37.48,1,1,0.4213
532,28,688.21,200.96,115.78,52.41,1,1,1.0
532,29,818.56,206.08,121.75,50.49,1,1,0.865
533,18,715.09,412.59,245.91,128.41,1,1,0.7403
533,24,281.81,125.44,44.52,21.48,1,1,1.0
533,25,474.88,213.33,125.59,60.31,1,1,1.0
533,26,188.37,157.01,52.63,32.15,1,1,1.0
533,27,472.96,174.29,86.55,36.63,1,1,0.4391
533,28,678.83,199.25,115.34,51.56,1,1,1.0
533,29,805.12,203.09,120.89,50.92,1,1,0.8131
534,18,727.04,415.15,233.96,125.85,1,1,0.7292
534,24,278.72,124.69,44.41,21.59,1,1,1.0
534,25,486.19,216.53,129.21,62.23,1,1,1.0
534,26,191.36,157.65,52.84,32.79,1,1,1.0
534,27,463.57,172.37,85.06,35.78,1,1,0.4397
534,28,669.44,197.55,114.92,50.7,1,1,1.0
534,29,791.68,200.11,120.04,51.34,1,1,0.8101
535,18,738.99,417.71,222.01,123.29,1,1,0.8044
535,24,275.63,123.95,44.3,21.69,1,1,1.0
535,25,497.49,219.73,132.84,64.15,1,1,1.0
535,26,194.35,158.29,53.05,33.43,1,1,1.0
535,27,454.19,170.45,83.56,34.92,1,1,0.4608
535,28,660.05,195.84,114.5,49.85,1,1,1.0
535,29,778.24,197.12,119.19,51.77,1,1,0.8103
536,18,750.93,420.27,210.07,120.73,1,1,0.8665
536,24,272.53,123.2,44.2,21.8,1,1,1.0
536,25,508.8,222.93,136.47,66.07,1,1,1.0
536,26,197.33,158.93,53.27,34.07,1,1,1.0
536,27,444.8,168.53,82.07,34.07,1,1,0.462
536,28,650.67,194.13,114.06,49.0,1,1,1.0
536,29,764.8,194.13,118.33,52.2,1,1,0.8056
537,18,764.37,422.19,196.63,118.81,1,1,0.8673
537,24,269.44,122.45,44.09,21.91,1,1,1.0
537,25,521.17,225.92,141.59,67.77,1,1,1.0
537,26,199.47,159.57,54.54,34.28,1,1,1.0
537,27,436.91,166.19,81.42,35.34,1,1,0.4137
537,28,641.49,192.64,113.0,48.36,1,1,1.0
537,29,755.2,192.43,115.56,50.92,1,1,0.8195
538,18,777.81,424.11,183.19,116.89,1,1,0.8577
538,24,266.35,121.71,43.98,22.01,1,1,1.0
538,25,533.55,228.91,146.7,69.48,1,1,1.0
538,26,201.6,160.21,55.83,34.5,1,1,1.0
538,27,429.01,163.84,80.79,36.63,1,1,0.3941
538,28,632.32,191.15,111.93,47.72,1,1,1.0
538,29,745.6,190.72,112.79,49.64,1,1,0.8138
539,18,791.25,426.03,169.75,114.97,1,1,0.8806
539,24,263.25,120.96,43.88,22.12,1,1,1.0
539,25,545.92,231.89,151.83,71.19,1,1,1.0
539,26,203.73,160.85,57.11,34.71,1,1,1.0
539,27,421.12,161.49,80.15,37.91,1,1,0.402
539,28,623.15,189.65,110.86,47.08,1,1,1.0
539,29,736.0,189.01,110.01,48.36,1,1,0.8145
540,18,804.69,427.95,156.31,113.05,1,1,0.9563
540,24,260.16,120.21,43.77,22.23,1,1,1.0
540,25,558.29,234.88,156.95,72.89,1,1,1.0
540,26,205.87,161.49,58.38,34.92,1,1,1.0
540,27,413.23,159.15,79.5,39.18,1,1,0.385
540,28,613.97,188.16,109.8,46.44,1,1,1.0
540,29,726.4,187.31,107.24,47.08,1,1,0.8438
541,18,818.13,429.87,142.87,111.13,1,1,1.0
541,24,257.07,119.47,43.66,22.33,1,1,1.0
541,25,570.67,237.87,162.06,74.6,1,1,1.0
541,26,208.0,162.13,59.67,35.14,1,1,1.0
541,27,405.33,156.8,78.87,40.47,1,1,0.4365
541,28,604.8,186.67,108.73,45.8,1,1,1.0
541,29,716.8,185.6,104.47,45.8,1,1,0.9551
541,30,112.0,131.2,37.27,23.4,1,1,0.9828
542,18,833.07,436.91,127.93,104.09,1,1,1.0
542,24,254.72,118.83,43.56,22.33,1,1,1.0
542,25,586.67,242.13,166.76,77.38,1,1,1.0
542,26,210.35,163.41,61.8,35.78,1,1,1.0
542,27,400.64,155.52,74.81,39.61,1,1,0.3726
542,28,597.33,184.96,107.24,44.95,1,1,1.0
542,29,706.77,183.47,102.55,45.8,1,1,1.0
542,30,113.71,130.77,39.18,25.32,1,1,0.8813
543,18,848.0,443.95,113.0,97.05,1,1,1.0
543,24,252.37,118.19,43.46,22.33,1,1,1.0
543,25,602.67,246.4,171.45,80.15,1,1,1.0
543,26,212.69,164.69,63.94,36.42,1,1,1.0
543,27,395.95,154.24,70.76,38.76,1,1,0.407
543,28,589.87,183.25,105.74,44.1,1,1,1.0
543,29,696.75,181.33,100.62,45.8,1,1,1.0
543,30,115.41,130.35,41.11,27.24,1,1,0.7972
544,18,862.93,450.99,98.07,90.01,1,1,1.0
544,24,250.03,117.55,43.34,22.33,1,1,1.0
544,25,618.67,250.67,176.14,82.92,1,1,1.0
544,26,215.04,165.97,66.07,37.06,1,1,1.0
544,27,391.25,152.96,66.71,37.91,1,1,0.4035
544,28,582.4,181.55,104.25,43.24,1,1,1.0
544,29,686.72,179.2,98.71,45.8,1,1,1.0
544,30,117.12,129.92,43.03,29.16,1,1,0.7192
545,18,877.87,458.03,83.13,82.97,1,1,1.0
545,24,247.68,116.91,43.24,22.33,1,1,1.0
545,25,634.67,254.93,180.84,85.7,1,1,0.9509
545,26,217.39,167.25,68.2,37.7,1,1,1.0
545,27,386.56,151.68,62.65,37.05,1,1,0.3886
545,28,574.93,179.84,102.76,42.39,1,1,1.0
545,29,676.69,177.07,96.79,45.8,1,1,1.0
545,30,118.83,129.49,44.94,31.08,1,1,0.6548
546,18,892.8,465.07,68.2,75.93,1,1,1.0
546,24,245.33,116.27,43.14,22.33,1,1,1.0
546,25,650.67,259.2,185.53,88.47,1,1,0.8569
546,26,219.73,168.53,70.34,38.34,1,1,1.0
546,27,381.87,150.4,58.6,36.2,1,1,0.4873
546,28,567.47,178.13,101.26,41.54,1,1,1.0
546,29,666.67,174.93,94.86,45.8,1,1,0.9803
546,30,120.53,129.07,46.87,33.0,1,1,0.606
547,24,242.99,115.63,43.02,22.33,1,1,1.0
547,25,670.08,263.68,189.59,92.52,1,1,0.6478
547,26,223.79,168.75,70.12,39.4,1,1,1.0
547,27,375.47,149.33,58.6,35.35,1,1,0.4763
547,28,561.07,176.43,99.34,41.1,1,1,1.0
547,29,658.56,173.23,92.52,45.8,1,1,0.9821
547,30,121.81,129.28,47.3,32.79,1,1,0.6071
548,24,240.64,114.99,42.92,22.33,1,1,1.0
548,25,689.49,268.16,193.64,96.57,1,1,0.654
548,26,227.84,168.96,69.91,40.47,1,1,1.0
548,27,369.07,148.27,58.6,34.49,1,1,0.4709
548,28,554.67,174.72,97.42,40.68,1,1,1.0
548,29,650.45,171.52,90.18,45.8,1,1,0.9838
548,30,123.09,129.49,47.72,32.58,1,1,0.6081
549,24,238.29,114.35,42.82,22.33,1,1,1.0
549,25,708.91,272.64,197.69,100.63,1,1,0.662
549,26,231.89,169.17,69.7,41.54,1,1,1.0
549,27,362.67,147.2,58.6,33.64,1,1,0.4425
549,28,548.27,173.01,95.5,40.26,1,1,1.0
549,29,642.35,169.81,87.82,45.8,1,1,0.9858
549,30,124.37,129.71,48.15,32.36,1,1,0.6089
550,24,235.95,113.71,42.7,22.33,1,1,1.0
550,25,728.32,277.12,201.75,104.68,1,1,0.6707
550,26,235.95,169.39,69.48,42.6,1,1,1.0
550,27,356.27,146.13,58.6,32.79,1,1,0.423
550,28,541.87,171.31,93.58,39.82,1,1,1.0
550,29,634.24,168.11,85.48,45.8,1,1,0.9877
550,30,125.65,129.92,48.58,32.15,1,1,0.6099
551,24,233.6,113.07,42.6,22.33,1,1,1.0
551,25,747.73,281.6,213.27,108.73,1,1,0.6777
551,26,240.0,169.6,69.27,43.67,1,1,1.0
551,27,349.87,145.07,58.6,31.93,1,1,0.4063
551,28,535.47,169.6,91.66,39.4,1,1,1.0
551,29,626.13,166.4,83.14,45.8,1,1,1.0
551,30,126.93,130.13,49.0,31.94,1,1,0.6122
552,24,231.15,112.96,42.49,22.12,1,1,1.0
552,25,769.49,288.21,191.51,103.83,1,1,0.6501
552,26,242.99,171.09,70.54,44.1,1,1,1.0
552,27,344.53,144.21,57.11,31.08,1,1,0.4592
552,28,529.07,168.96,89.74,38.55,1,1,1.0
552,29,617.17,165.55,81.64,43.88,1,1,0.9824
552,30,129.28,131.41,48.15,30.66,1,1,0.613
553,24,228.69,112.85,42.39,21.91,1,1,1.0
553,25,791.25,294.83,169.75,98.92,1,1,0.74
553,26,245.97,172.59,71.83,44.52,1,1,1.0
553,27,339.2,143.36,55.61,30.23,1,1,0.5109
553,28,522.67,168.32,87.82,37.69,1,1,1.0
553,29,608.21,164.69,80.15,41.96,1,1,0.9744
553,30,131.63,132.69,47.29,29.38,1,1,0.5982
554,24,226.24,112.75,42.28,21.69,1,1,1.0
554,25,813.01,301.44,147.99,94.01,1,1,0.8463
554,26,248.96,174.08,73.11,44.95,1,1,1.0
554,27,333.87,142.51,54.12,29.37,1,1,0.5285
554,28,516.27,167.68,85.9,36.84,1,1,1.0
554,29,599.25,163.84,78.66,40.04,1,1,0.9664
554,30,133.97,133.97,46.44,28.1,1,1,0.5913
555,24,223.79,112.64,42.17,21.48,1,1,1.0
555,25,834.77,308.05,126.23,89.11,1,1,1.0
555,26,251.95,175.57,74.38,45.38,1,1,1.0
555,27,328.53,141.65,52.63,28.52,1,1,0.5047
555,28,509.87,167.04,83.98,35.99,1,1,1.0
555,29,590.29,162.99,77.16,38.12,1,1,0.9588
555,30,136.32,135.25,45.59,26.82,1,1,0.5949
556,24,221.33,112.53,42.07,21.27,1,1,1.0
556,25,856.53,314.67,104.47,84.2,1,1,1.0
556,26,254.93,177.07,75.67,45.8,1,1,1.0
556,27,323.2,140.8,51.13,27.67,1,1,0.5564
556,28,503.47,166.4,82.06,35.13,1,1,1.0
556,29,581.33,162.13,75.67,36.2,1,1,0.951
556,30,138.67,136.53,44.73,25.54,1,1,0.5305
557,24,218.88,112.43,41.96,21.05,1,1,1.0
557,26,258.77,178.35,77.38,45.58,1,1,1.0
557,27,317.87,139.52,51.98,27.67,1,1,0.5314
557,28,497.92,165.33,80.57,34.92,1,1,1.0
557,29,573.87,161.07,75.02,35.77,1,1,0.9458
557,30,141.44,137.17,44.52,25.54,1,1,0.5436
558,24,216.43,112.32,41.85,20.84,1,1,1.0
558,26,262.61,179.63,79.08,45.37,1,1,1.0
558,27,312.53,138.24,52.84,27.67,1,1,0.5726
558,28,492.37,164.27,79.08,34.7,1,1,1.0
558,29,566.4,160.0,74.39,35.35,1,1,0.9403
558,30,144.21,137.81,44.31,25.54,1,1,0.5361
559,24,213.97,112.21,41.75,20.63,1,1,1.0
559,26,266.45,180.91,80.79,45.16,1,1,1.0
559,27,307.2,136.96,53.69,27.67,1,1,0.7386
559,28,486.83,163.2,77.58,34.49,1,1,1.0
559,29,558.93,158.93,73.75,34.92,1,1,0.9348
559,30,146.99,138.45,44.09,25.54,1,1,0.5237
560,24,211.52,112.11,41.64,20.41,1,1,1.0
560,26,270.29,182.19,82.5,44.94,1,1,1.0
560,27,301.87,135.68,54.54,27.67,1,1,0.672
560,28,481.28,162.13,76.09,34.28,1,1,1.0
560,29,551.47,157.87,73.1,34.49,1,1,0.9293
560,30,149.76,139.09,43.88,25.54,1,1,0.5824
561,24,209.07,112.0,41.53,20.2,1,1,1.0
561,26,274.13,183.47,84.2,44.73,1,1,1.0
561,27,296.53,134.4,55.4,27.67,1,1,0.7659
561,28,475.73,161.07,74.6,34.06,1,1,1.0
561,29,544.0,156.8,72.47,34.07,1,1,0.9236
561,30,152.53,139.73,43.67,25.54,1,1,0.6308
562,26,278.61,184.53,85.06,46.23,1,1,1.0
562,27,292.69,134.19,53.7,26.81,1,1,0.723
562,28,469.55,160.21,75.02,33.43,1,1,1.0
562,29,537.17,155.73,71.62,33.43,1,1,0.9105
562,30,153.17,139.52,45.16,27.24,1,1,0.6302
563,26,283.09,185.6,85.91,47.72,1,1,1.0
563,27,288.85,133.97,51.99,25.96,1,1,0.7591
563,28,463.36,159.36,75.45,32.79,1,1,1.0
563,29,530.35,154.67,70.76,32.78,1,1,0.8975
563,30,153.81,139.31,46.66,28.94,1,1,0.6443
564,26,287.57,186.67,86.76,49.21,1,1,1.0
564,27,285.01,133.76,50.28,25.11,1,1,0.6979
564,28,457.17,158.51,75.88,32.14,1,1,1.0
564,29,523.52,153.6,69.91,32.15,1,1,0.8845
564,30,154.45,139.09,48.15,30.66,1,1,0.6749
565,26,292.05,187.73,87.62,50.71,1,1,1.0
565,27,281.17,133.55,48.58,24.25,1,1,0.609
565,28,450.99,157.65,76.3,31.51,1,1,1.0
565,29,516.69,152.53,69.06,31.51,1,1,0.8715
565,30,155.09,138.88,49.64,32.36,1,1,0.7105
566,26,296.53,188.8,88.47,52.2,1,1,1.0
566,27,277.33,133.33,46.87,23.4,1,1,0.6736
566,28,444.8,156.8,76.73,30.87,1,1,1.0
566,29,509.87,151.47,68.2,30.86,1,1,0.8586
566,30,155.73,138.67,51.14,34.06,1,1,0.7067
567,26,301.44,190.51,89.96,51.77,1,1,1.0
567,27,274.13,132.27,46.02,23.82,1,1,0.5764
567,28,441.6,154.88,73.96,31.72,1,1,1.0
567,29,504.32,149.97,67.35,30.87,1,1,0.8597
567,30,158.08,139.09,51.77,34.71,1,1,0.757
568,26,306.35,192.21,91.45,51.35,1,1,1.0
568,27,270.93,131.2,45.16,24.25,1,1,0.6377
568,28,438.4,152.96,71.19,32.57,1,1,1.0
568,29,498.77,148.48,66.5,30.87,1,1,0.8609
568,30,160.43,139.52,52.41,35.35,1,1,0.8011
569,26,311.25,193.92,92.95,50.92,1,1,1.0
569,27,267.73,130.13,44.31,24.68,1,1,0.6452
569,28,435.2,151.04,68.41,33.43,1,1,1.0
569,29,493.23,146.99,65.64,30.86,1,1,0.8626
569,30,162.77,139.95,53.06,35.98,1,1,0.8683
570,26,316.16,195.63,94.44,50.49,1,1,1.0
570,27,264.53,129.07,43.46,25.1,1,1,0.5948
570,28,432.0,149.12,65.64,34.28,1,1,1.0
570,29,487.68,145.49,64.79,30.87,1,1,0.8643
570,30,165.12,140.37,53.69,36.63,1,1,0.9069
571,26,321.07,197.33,95.93,50.07,1,1,1.0
571,27,261.33,128.0,42.6,25.53,1,1,0.5759
571,28,428.8,147.2,62.87,35.13,1,1,1.0
571,29,482.13,144.0,63.94,30.87,1,1,0.8663
571,30,167.47,140.8,54.33,37.27,1,1,0.9525
571,31,906.67,234.67,54.33,49.0,1,1,1.0
572,26,326.19,197.76,97.64,51.99,1,1,1.0
572,27,258.35,126.93,42.81,25.54,1,1,0.5916
572,28,423.47,146.35,62.65,34.06,1,1,1.0
572,29,476.69,142.72,63.62,31.08,1,1,0.8691
572,30,170.03,141.65,54.12,35.78,1,1,1.0
572,31,894.51,231.25,66.49,52.42,1,1,1.0
573,26,331.31,198.19,99.34,53.9,1,1,1.0
573,27,255.36,125.87,43.03,25.53,1,1,0.6527
573,28,418.13,145.49,62.44,33.0,1,1,1.0
573,29,471.25,141.44,63.3,31.29,1,1,0.8718
573,30,172.59,142.51,53.9,34.28,1,1,1.0
573,31,882.35,227.84,78.65,55.83,1,1,1.0
574,26,336.43,198.61,101.05,55.83,1,1,1.0
574,27,252.37,124.8,43.24,25.53,1,1,0.6783
574,28,412.8,144.64,62.23,31.93,1,1,1.0
574,29,465.81,140.16,62.98,31.51,1,1,0.8744
574,30,175.15,143.36,53.69,32.79,1,1,1.0
574,31,870.19,224.43,90.81,59.24,1,1,1.0
575,26,341.55,199.04,102.76,57.75,1,1,1.0
575,27,249.39,123.73,43.45,25.54,1,1,0.6837
575,28,407.47,143.79,62.01,30.86,1,1,1.0
575,29,460.37,138.88,62.66,31.72,1,1,0.8771
575,30,177.71,144.21,53.48,31.3,1,1,1.0
575,31,858.03,221.01,102.97,62.66,1,1,1.0
576,26,346.67,199.47,104.46,59.66,1,1,1.0
576,27,246.4,122.67,43.67,25.53,1,1,0.6867
576,28,402.13,142.93,61.8,29.8,1,1,1.0
576,29,454.93,137.6,62.34,31.93,1,1,0.8797
576,30,180.27,145.07,53.26,29.8,1,1,1.0
576,31,845.87,217.6,115.13,66.07,1,1,1.0
577,26,353.49,201.39,105.75,60.52,1,1,1.0
577,27,243.84,122.03,43.03,25.1,1,1,0.6428
577,28,397.44,142.29,62.23,30.02,1,1,1.0
577,29,449.49,136.32,62.02,32.15,1,1,0.8663
577,30,181.97,144.64,54.76,32.36,1,1,1.0
577,31,834.13,215.68,126.87,65.43,1,1,0.9462
578,26,360.32,203.31,107.03,61.37,1,1,1.0
578,27,241.28,121.39,42.39,24.68,1,1,0.6837
578,28,392.75,141.65,62.65,30.23,1,1,1.0
578,29,444.05,135.04,61.7,32.36,1,1,0.8536
578,30,183.68,144.21,56.25,34.92,1,1,1.0
578,31,822.4,213.76,138.6,64.79,1,1,0.8663
579,26,367.15,205.23,108.3,62.22,1,1,1.0
579,27,238.72,120.75,41.75,24.25,1,1,0.6597
579,28,388.05,141.01,63.08,30.44,1,1,1.0
579,29,438.61,133.76,61.38,32.57,1,1,0.8414
579,30,185.39,143.79,57.74,37.48,1,1,1.0
579,31,810.67,211.84,136.68,64.15,1,1,0.803
580,26,373.97,207.15,109.59,63.08,1,1,1.0
580,27,236.16,120.11,41.11,23.82,1,1,0.6693
580,28,383.36,140.37,63.51,30.66,1,1,1.0
580,29,433.17,132.48,61.06,32.79,1,1,0.8296
580,30,187.09,143.36,59.24,40.04,1,1,1.0
580,31,798.93,209.92,145.64,63.51,1,1,0.8297
581,26,380.8,209.07,110.87,63.93,1,1,1.0
581,27,233.6,119.47,40.47,23.4,1,1,0.7606
581,28,378.67,139.73,63.93,30.87,1,1,1.0
581,29,427.73,131.2,60.74,33.0,1,1,0.8185
581,30,188.8,142.93,60.73,42.6,1,1,1.0
581,31,787.2,208.0,154.6,62.87,1,1,0.8383
581,32,108.8,121.6,40.47,31.93,1,1,1.0
582,26,388.05,211.63,113.64,65.0,1,1,1.0
582,27,231.47,119.25,39.61,22.34,1,1,0.8587
582,28,375.68,138.67,62.87,30.86,1,1,1.0
582,29,423.47,130.45,60.2,32.9,1,1,0.8121
582,30,191.57,144.21,61.8,41.96,1,1,1.0
582,31,777.39,206.08,151.82,62.23,1,1,0.8222
582,32,110.93,122.67,40.26,31.72,1,1,0.9919
583,26,395.31,214.19,116.41,66.06,1,1,1.0
583,27,229.33,119.04,38.76,21.27,1,1,0.7321
583,28,372.69,137.6,61.8,30.87,1,1,1.0
583,29,419.2,129.71,59.67,32.78,1,1,0.8054
583,30,194.35,145.49,62.86,41.32,1,1,1.0
583,31,767.57,204.16,149.06,61.59,1,1,0.8211
583,32,113.07,123.73,40.04,31.51,1,1,0.9849
584,26,402.56,216.75,119.19,67.13,1,1,1.0
584,27,227.2,118.83,37.91,20.2,1,1,0.7349
584,28,369.71,136.53,60.73,30.87,1,1,1.0
584,29,414.93,128.96,59.14,32.68,1,1,0.7985
584,30,197.12,146.77,63.93,40.68,1,1,1.0
584,31,757.76,202.24,146.28,60.95,1,1,0.8296
584,32,115.2,124.8,39.83,31.29,1,1,0.9276
585,26,409.81,219.31,121.96,68.2,1,1,1.0
585,27,225.07,118.61,37.05,19.14,1,1,0.866
585,28,366.72,135.47,59.67,30.86,1,1,1.0
585,29,410.67,128.21,58.6,32.58,1,1,0.7915
585,30,199.89,148.05,65.0,40.04,1,1,1.0
585,31,747.95,200.32,143.5,60.31,1,1,0.8258
585,32,117.33,125.87,39.62,31.08,1,1,0.8756
586,26,417.07,221.87,124.73,69.26,1,1,1.0
586,27,222.93,118.4,36.2,18.07,1,1,0.8565
586,28,363.73,134.4,58.6,30.87,1,1,1.0
586,29,406.4,127.47,58.07,32.46,1,1,0.7842
586,30,202.67,149.33,66.06,39.4,1,1,1.0
586,31,738.13,198.4,140.74,59.67,1,1,0.8224
586,32,119.47,126.93,39.4,30.87,1,1,0.8317
587,26,426.88,224.43,125.8,70.54,1,1,1.0
587,27,221.01,118.19,36.2,18.49,1,1,0.6906
587,28,359.47,134.19,59.24,30.86,1,1,1.0
587,29,402.13,126.72,57.54,32.36,1,1,0.7784
587,30,205.65,150.19,66.5,39.61,1,1,1.0
587,31,728.96,197.33,138.6,57.96,1,1,0.8226
587,32,121.6,126.72,40.25,31.72,1,1,0.7553
588,26,436.69,226.99,126.87,71.82,1,1,1.0
588,27,219.09,117.97,36.2,18.92,1,1,0.668
588,28,355.2,133.97,59.88,30.87,1,1,1.0
588,29,397.87,125.97,57.0,32.26,1,1,0.7729
588,30,208.64,151.04,66.92,39.83,1,1,1.0
588,31,719.79,196.27,136.46,56.25,1,1,0.8168
588,32,123.73,126.51,41.11,32.57,1,1,0.6884
589,26,446.51,229.55,127.93,73.1,1,1,1.0
589,27,217.17,117.76,36.2,19.35,1,1,0.6502
589,28,350.93,133.76,60.52,30.87,1,1,1.0
589,29,393.6,125.23,56.47,32.14,1,1,0.7678
589,30,211.63,151.89,67.34,40.04,1,1,1.0
589,31,710.61,195.2,134.34,54.55,1,1,0.834
589,32,125.87,126.29,41.96,33.43,1,1,0.6309
590,26,456.32,232.11,129.0,74.38,1,1,1.0
590,27,215.25,117.55,36.2,19.77,1,1,0.5599
590,28,346.67,133.55,61.16,30.86,1,1,1.0
590,29,389.33,124.48,55.94,32.04,1,1,0.7629
590,30,214.61,152.75,67.78,40.25,1,1,1.0
590,31,701.44,194.13,132.2,52.84,1,1,0.9168
590,32,128.0,126.08,42.81,34.28,1,1,0.5606
591,26,466.13,234.67,130.07,75.66,1,1,1.0
591,27,213.33,117.33,36.2,20.2,1,1,0.4735
591,28,342.4,133.33,61.8,30.87,1,1,1.0
591,29,385.07,123.73,55.4,31.94,1,1,0.7585
591,30,217.6,153.6,68.2,40.47,1,1,1.0
591,31,692.27,193.07,130.06,51.13,1,1,1.0
591,32,130.13,125.87,43.67,35.13,1,1,0.5665
591,33,888.53,263.47,72.47,56.46,1,1,0.3318
592,26,474.67,236.37,133.9,76.52,1,1,1.0
592,28,340.48,132.69,60.31,29.8,1,1,1.0
592,29,381.55,123.09,54.97,31.51,1,1,0.7566
592,30,221.23,154.88,68.41,40.68,1,1,1.0
592,31,683.31,191.15,129.0,50.49,1,1,1.0
592,32,132.27,127.15,43.88,33.85,1,1,0.5779
592,33,870.83,259.2,90.17,58.6,1,1,0.3276
593,26,483.2,238.08,137.75,77.37,1,1,1.0
593,28,338.56,132.05,58.81,28.74,1,1,1.0
593,29,378.03,122.45,54.54,31.08,1,1,0.7549
593,30,224.85,156.16,68.63,40.89,1,1,1.0
593,31,674.35,189.23,127.93,49.85,1,1,1.0
593,32,134.4,128.43,44.09,32.57,1,1,0.6144
593,33,853.12,254.93,107.88,60.74,1,1,0.3241
594,26,491.73,239.79,141.59,78.22,1,1,1.0
594,28,336.64,131.41,57.32,27.67,1,1,1.0
594,29,374.51,121.81,54.12,30.66,1,1,0.7531
594,30,228.48,157.44,68.84,41.11,1,1,1.0
594,31,665.39,187.31,126.86,49.21,1,1,1.0
594,32,136.53,129.71,44.31,31.29,1,1,0.5752
594,33,835.41,250.67,125.59,62.86,1,1,0.0605
595,26,500.27,241.49,145.42,79.08,1,1,1.0
595,28,334.72,130.77,55.83,26.6,1,1,1.0
595,29,370.99,121.17,53.69,30.23,1,1,0.7514
595,30,232.11,158.72,69.05,41.32,1,1,1.0
595,31,656.43,185.39,125.8,48.57,1,1,1.0
595,32,138.67,130.99,44.52,30.01,1,1,0.5876
595,33,817.71,246.4,143.29,65.0,1,1,0.0498
596,26,508.8,243.2,149.27,79.93,1,1,1.0
596,28,332.8,130.13,54.33,25.54,1,1,1.0
596,29,367.47,120.53,53.26,29.8,1,1,0.7498
596,30,235.73,160.0,69.27,41.53,1,1,1.0
596,31,647.47,183.47,124.73,47.93,1,1,1.0
596,32,140.8,132.27,44.73,28.73,1,1,0.5752
596,33,800.0,242.13,161.0,67.14,1,1,0.0411
597,26,518.19,246.61,153.53,82.28,1,1,1.0
597,28,329.6,128.85,54.12,25.75,1,1,1.0
597,29,363.95,119.89,52.84,29.38,1,1,0.74
597,30,238.29,159.79,70.76,42.38,1,1,1.0
597,31,640.21,181.33,121.75,47.51,1,1,1.0
597,32,142.72,132.69,44.73,28.95,1,1,0.5846
597,33,786.77,239.36,155.67,65.21,1,1,0.0176
598,26,527.57,250.03,157.8,84.62,1,1,1.0
598,28,326.4,127.57,53.91,25.96,1,1,1.0
598,29,360.43,119.25,52.41,28.95,1,1,0.7297
598,30,240.85,159.57,72.26,43.24,1,1,1.0
598,31,632.96,179.2,118.76,47.08,1,1,1.0
598,32,144.64,133.12,44.73,29.16,1,1,0.588
598,33,773.55,236.59,156.73,63.29,1,1,0.0029
599,26,536.96,253.44,162.07,86.97,1,1,1.0
599,28,323.2,126.29,53.69,26.18,1,1,1.0
599,29,356.91,118.61,51.98,28.52,1,1,0.7191
599,30,243.41,159.36,73.75,44.09,1,1,1.0
599,31,625.71,177.07,115.77,46.65,1,1,1.0
599,32,146.56,133.55,44.73,29.37,1,1,0.5817
599,33,760.32,233.81,157.8,61.38,1,1,0.0062
600,26,546.35,256.85,166.33,89.32,1,1,1.0
600,28,320.0,125.01,53.48,26.39,1,1,1.0
600,29,353.39,117.97,51.56,28.1,1,1,0.708
600,30,245.97,159.15,75.24,44.94,1,1,1.0
600,31,618.45,174.93,112.79,46.23,1,1,1.0
600,32,148.48,133.97,44.73,29.59,1,1,0.5837
600,33,747.09,231.04,158.87,59.45,1,1,0.0218
601,26,555.73,260.27,170.6,91.66,1,1,1.0
601,28,316.8,123.73,53.27,26.6,1,1,1.0
601,29,349.87,117.33,51.13,27.67,1,1,0.6963
601,30,248.53,158.93,76.74,45.8,1,1,1.0
601,31,611.2,172.8,109.8,45.8,1,1,1.0
601,32,150.4,134.4,44.73,29.8,1,1,0.5752
601,33,733.87,228.27,159.93,57.53,1,1,0.0008
602,26,568.32,264.96,174.01,92.52,1,1,1.0
602,28,313.92,123.52,53.05,26.6,1,1,1.0
602,29,346.56,117.55,50.71,27.24,1,1,0.6857
602,30,251.95,161.07,77.8,46.01,1,1,1.0
602,31,603.52,171.95,108.52,44.94,1,1,1.0
602,32,152.96,135.68,45.16,29.37,1,1,0.5846
602,33,722.13,224.85,155.46,57.32,1,1,0.0238
603,26,580.91,269.65,177.42,93.38,1,1,1.0
603,28,311.04,123.31,52.84,26.6,1,1,1.0
603,29,343.25,117.76,50.28,26.81,1,1,0.6746
603,30,255.36,163.2,78.87,46.23,1,1,1.0
603,31,595.84,171.09,107.24,44.1,1,1,1.0
603,32,155.52,136.96,45.59,28.95,1,1,0.6405
603,33,710.4,221.44,150.97,57.11,1,1,0.0122
604,26,593.49,274.35,180.84,94.22,1,1,1.0
604,28,308.16,123.09,52.63,26.6,1,1,1.0
604,29,339.95,117.97,49.85,26.39,1,1,0.6631
604,30,258.77,165.33,79.94,46.44,1,1,1.0
604,31,588.16,170.24,105.96,43.24,1,1,1.0
604,32,158.08,138.24,46.01,28.52,1,1,0.6757
604,33,698.67,218.03,146.49,56.89,1,1,0.0011
605,26,606.08,279.04,184.25,95.08,1,1,0.9788
605,28,305.28,122.88,52.41,26.6,1,1,1.0
605,29,336.64,118.19,49.43,25.96,1,1,0.6511
605,30,262.19,167.47,81.0,46.65,1,1,1.0
605,31,580.48,169.39,104.68,42.38,1,1,1.0
605,32,160.64,139.52,46.44,28.09,1,1,0.7442
605,33,686.93,214.61,142.02,56.68,1,1,0.0126
606,26,618.67,283.73,187.66,95.94,1,1,0.9449
606,28,302.4,122.67,52.2,26.6,1,1,1.0
606,29,333.33,118.4,49.0,25.53,1,1,0.6385
606,30,265.6,169.6,82.07,46.87,1,1,1.0
606,31,572.8,168.53,103.4,41.54,1,1,1.0
606,32,163.2,140.8,46.87,27.67,1,1,0.8163
606,33,675.2,211.2,137.53,56.47,1,1,0.3838
607,26,632.75,288.43,191.93,99.34,1,1,0.7568
607,28,299.52,122.45,51.99,26.6,1,1,1.0
607,29,330.03,118.61,48.57,25.11,1,1,0.6254
607,30,269.23,170.88,82.7,47.72,1,1,1.0
607,31,565.97,167.25,102.34,42.18,1,1,1.0
607,32,163.63,140.37,48.57,30.02,1,1,0.8147
607,33,663.68,209.92,135.4,55.19,1,1,0.3316
608,26,646.83,293.12,196.2,102.76,1,1,0.6816
608,28,296.64,122.24,51.77,26.6,1,1,1.0
608,29,326.72,118.83,48.15,24.68,1,1,0.6118
608,30,272.85,172.16,83.35,48.57,1,1,1.0
608,31,559.15,165.97,101.26,42.82,1,1,1.0
608,32,164.05,139.95,50.28,32.36,1,1,0.8223
608,33,652.16,208.64,133.27,53.91,1,1,0.3242
609,26,660.91,297.81,200.46,106.18,1,1,0.6962
609,28,293.76,122.03,51.56,26.6,1,1,1.0
609,29,323.41,119.04,47.72,24.25,1,1,0.5975
609,30,276.48,173.44,83.99,49.43,1,1,1.0
609,31,552.32,164.69,100.2,43.46,1,1,1.0
609,32,164.48,139.52,51.99,34.71,1,1,0.8384
609,33,640.64,207.36,131.13,52.63,1,1,0.3162
610,26,674.99,302.51,204.73,109.58,1,1,0.6923
610,28,290.88,121.81,51.35,26.6,1,1,1.0
610,29,320.11,119.25,47.29,23.83,1,1,0.5825
610,30,280.11,174.72,84.62,50.28,1,1,1.0
610,31,545.49,163.41,99.14,44.1,1,1,0.9949
610,32,164.91,139.09,53.69,37.06,1,1,0.8728
610,33,629.12,206.08,129.0,51.35,1,1,0.3231
611,26,689.07,307.2,209.0,113.0,1,1,0.7007
611,28,288.0,121.6,51.13,26.6,1,1,1.0
611,29,316.8,119.47,46.87,23.4,1,1,0.5669
611,30,283.73,176.0,85.27,51.13,1,1,1.0
611,31,538.67,162.13,98.06,44.74,1,1,0.991
611,32,165.33,138.67,55.4,39.4,1,1,0.8736
611,33,617.6,204.8,126.87,50.07,1,1,0.3058
612,26,704.64,312.11,204.73,114.06,1,1,0.6923
612,28,285.33,121.28,50.39,26.49,1,1,1.0
612,29,313.49,118.83,46.87,23.5,1,1,0.5752
612,30,287.79,177.28,86.33,51.13,1,1,1.0
612,31,531.84,161.28,97.0,43.45,1,1,0.988
612,32,168.53,139.73,54.98,38.76,1,1,0.9193
612,33,606.72,202.45,123.88,49.43,1,1,0.2741
613,26,720.21,317.01,200.47,115.14,1,1,0.6884
613,28,282.67,120.96,49.64,26.39,1,1,1.0
613,29,310.19,118.19,46.86,23.61,1,1,0.5833
613,30,291.84,178.56,87.4,51.13,1,1,1.0
613,31,525.01,160.43,95.94,42.17,1,1,0.9845
613,32,171.73,140.8,54.55,38.12,1,1,1.0
613,33,595.84,200.11,120.89,48.78,1,1,0.2857
614,26,735.79,321.92,196.2,116.2,1,1,0.6791
614,28,280.0,120.64,48.89,26.28,1,1,1.0
614,29,306.88,117.55,46.87,23.72,1,1,0.5916
614,30,295.89,179.84,88.47,51.13,1,1,1.0
614,31,518.19,159.57,94.86,40.9,1,1,0.9804
614,32,174.93,141.87,54.12,37.48,1,1,1.0
614,33,584.96,197.76,117.91,48.15,1,1,0.302
615,26,751.36,326.83,191.93,117.26,1,1,0.675
615,28,277.33,120.32,48.15,26.17,1,1,1.0
615,29,303.57,116.91,46.87,23.82,1,1,0.5995
615,30,299.95,181.12,89.53,51.13,1,1,1.0
615,31,511.36,158.72,93.8,39.61,1,1,0.9756
615,32,178.13,142.93,53.7,36.84,1,1,1.0
615,33,574.08,195.41,114.92,47.51,1,1,0.3071
616,26,766.93,331.73,194.07,118.34,1,1,0.6761
616,28,274.67,120.0,47.4,26.07,1,1,1.0
616,29,300.27,116.27,46.86,23.93,1,1,0.6073
616,30,304.0,182.4,90.6,51.13,1,1,1.0
616,31,504.53,157.87,92.74,38.33,1,1,0.97
616,32,181.33,144.0,53.27,36.2,1,1,1.0
616,33,563.2,193.07,111.93,46.86,1,1,0.3243
617,26,785.71,335.79,175.29,113.64,1,1,0.688
617,28,272.0,119.68,46.65,25.96,1,1,1.0
617,29,296.96,115.63,46.87,24.04,1,1,0.6152
617,30,308.48,183.68,90.81,51.35,1,1,1.0
617,31,500.05,157.23,89.54,37.05,1,1,0.9693
617,32,183.68,144.43,53.27,36.84,1,1,1.0
617,33,554.67,191.36,109.58,45.37,1,1,0.2786
618,26,804.48,339.84,156.52,108.95,1,1,0.767
618,28,269.33,119.36,45.91,25.85,1,1,1.0
618,29,293.65,114.99,46.87,24.14,1,1,0.6228
618,30,312.96,184.96,91.03,51.56,1,1,1.0
618,31,495.57,156.59,86.34,35.77,1,1,0.9686
618,32,186.03,144.85,53.26,37.48,1,1,1.0
618,33,546.13,189.65,107.24,43.88,1,1,0.3414
619,26,823.25,343.89,137.75,104.26,1,1,0.9089
619,28,266.67,119.04,45.16,25.75,1,1,1.0
619,29,290.35,114.35,46.86,24.25,1,1,0.6303
619,30,317.44,186.24,91.24,51.77,1,1,1.0
619,31,491.09,155.95,83.14,34.49,1,1,0.9682
619,32,188.37,145.28,53.27,38.12,1,1,1.0
619,33,537.6,187.95,104.89,42.38,1,1,0.3341
620,26,842.03,347.95,118.97,99.56,1,1,1.0
620,28,264.0,118.72,44.41,25.64,1,1,1.0
620,29,287.04,113.71,46.87,24.36,1,1,0.6378
620,30,321.92,187.52,91.45,51.99,1,1,1.0
620,31,486.61,155.31,79.94,33.21,1,1,0.9678
620,32,190.72,145.71,53.27,38.76,1,1,1.0
620,33,529.07,186.24,102.54,40.89,1,1,0.3496
621,26,860.8,352.0,100.2,94.87,1,1,1.0
621,28,261.33,118.4,43.67,25.53,1,1,1.0
621,29,283.73,113.07,46.87,24.46,1,1,0.6451
621,30,326.4,188.8,91.67,52.2,1,1,1.0
621,31,482.13,154.67,76.74,31.93,1,1,0.9676
621,32,193.07,146.13,53.26,39.4,1,1,1.0
621,33,520.53,184.53,100.2,39.4,1,1,0.3419
622,28,259.09,118.19,43.35,25.1,1,1,1.0
622,29,281.17,112.85,45.91,24.15,1,1,0.6391
622,30,329.39,190.51,94.86,53.69,1,1,1.0
622,31,475.73,153.6,76.31,31.72,1,1,0.9552
622,32,195.2,147.2,53.48,39.19,1,1,1.0
622,33,512.0,182.61,98.92,39.83,1,1,0.3362
623,28,256.85,117.97,43.03,24.68,1,1,1.0
623,29,278.61,112.64,44.95,23.83,1,1,0.6326
623,30,332.37,192.21,98.07,55.19,1,1,1.0
623,31,469.33,152.53,75.88,31.51,1,1,0.9415
623,32,197.33,148.27,53.7,38.97,1,1,1.0
623,33,503.47,180.69,97.64,40.26,1,1,0.335
624,28,254.61,117.76,42.71,24.25,1,1,1.0
624,29,276.05,112.43,43.99,23.5,1,1,0.6261
624,30,335.36,193.92,101.27,56.68,1,1,1.0
624,31,462.93,151.47,75.46,31.29,1,1,0.9266
624,32,199.47,149.33,53.9,38.76,1,1,1.0
624,33,494.93,178.77,96.36,40.68,1,1,0.3941
625,28,252.37,117.55,42.39,23.82,1,1,1.0
625,29,273.49,112.21,43.03,23.19,1,1,0.6195
625,30,338.35,195.63,104.46,58.17,1,1,1.0
625,31,456.53,150.4,75.03,31.08,1,1,0.9103
625,32,201.6,150.4,54.12,38.55,1,1,1.0
625,33,486.4,176.85,95.08,41.11,1,1,0.3717
626,28,250.13,117.33,42.07,23.4,1,1,1.0
626,29,270.93,112.0,42.07,22.87,1,1,0.6122
626,30,341.33,197.33,107.67,59.67,1,1,1.0
626,31,450.13,149.33,74.6,30.87,1,1,0.8928
626,32,203.73,151.47,54.34,38.33,1,1,1.0
626,33,477.87,174.93,93.8,41.54,1,1,0.3682
627,28,247.89,117.12,41.75,22.97,1,1,1.0
627,29,268.37,111.79,41.11,22.54,1,1,0.605
627,30,347.73,198.19,109.38,61.8,1,1,1.0
627,31,444.16,148.05,75.88,31.51,1,1,0.8877
627,32,205.44,152.11,56.47,39.4,1,1,1.0
627,33,471.04,174.08,91.03,39.61,1,1,0.4255
628,28,245.65,116.91,41.43,22.54,1,1,1.0
628,29,265.81,111.57,40.15,22.23,1,1,0.5975
628,30,354.13,199.04,111.08,63.93,1,1,1.0
628,31,438.19,146.77,77.16,32.15,1,1,0.8827
628,32,207.15,152.75,58.6,40.46,1,1,1.0
628,33,464.21,173.23,88.26,37.69,1,1,0.3919
629,28,243.41,116.69,41.11,22.12,1,1,1.0
629,29,263.25,111.36,39.19,21.91,1,1,0.5893
629,30,360.53,199.89,112.79,66.07,1,1,1.0
629,31,432.21,145.49,78.44,32.79,1,1,0.8776
629,32,208.85,153.39,60.74,41.53,1,1,1.0
629,33,457.39,172.37,85.48,35.78,1,1,0.3854
630,28,241.17,116.48,40.79,21.69,1,1,1.0
630,29,260.69,111.15,38.23,21.58,1,1,0.581
630,30,366.93,200.75,114.5,68.2,1,1,1.0
630,31,426.24,144.21,79.72,33.43,1,1,0.8728
630,32,210.56,154.03,62.87,42.6,1,1,1.0
630,33,450.56,171.52,82.71,33.85,1,1,0.4405
631,28,238.93,116.27,40.47,21.26,1,1,1.0
631,29,258.13,110.93,37.27,21.27,1,1,0.5726
631,30,373.33,201.6,116.2,70.33,1,1,1.0
631,31,420.27,142.93,81.0,34.07,1,1,0.868
631,32,212.27,154.67,65.0,43.66,1,1,1.0
631,33,443.73,170.67,79.94,31.93,1,1,0.4243
631,34,906.67,232.53,54.33,35.14,1,1,1.0
632,28,237.55,115.41,39.82,21.38,1,1,1.0
632,29,256.32,110.4,37.27,20.84,1,1,0.571
632,30,379.95,203.73,117.69,70.76,1,1,1.0
632,31,416.43,142.08,80.36,34.28,1,1,0.831
632,32,215.89,155.73,66.07,43.46,1,1,1.0
632,33,437.33,168.53,79.94,32.36,1,1,0.4231
632,34,894.72,228.05,66.28,38.76,1,1,1.0
633,28,236.16,114.56,39.19,21.48,1,1,1.0
633,29,254.51,109.87,37.26,20.41,1,1,0.5692
633,30,386.56,205.87,119.19,71.18,1,1,1.0
633,31,412.59,141.23,79.72,34.49,1,1,0.7919
633,32,219.52,156.8,67.13,43.24,1,1,1.0
633,33,430.93,166.4,79.94,32.79,1,1,0.4283
633,34,882.77,223.57,78.23,42.39,1,1,1.0
634,28,234.77,113.71,38.55,21.58,1,1,1.0
634,29,252.69,109.33,37.27,19.99,1,1,0.5678
634,30,393.17,208.0,120.68,71.61,1,1,1.0
634,31,408.75,140.37,79.08,34.71,1,1,0.7507
634,32,223.15,157.87,68.2,43.02,1,1,1.0
634,33,424.53,164.27,79.94,33.21,1,1,0.4279
634,34,870.83,219.09,90.17,46.02,1,1,1.0
635,28,233.39,112.85,37.9,21.7,1,1,1.0
635,29,250.88,108.8,37.27,19.56,1,1,0.5658
635,30,399.79,210.13,122.17,72.04,1,1,1.0
635,31,404.91,139.52,78.44,34.92,1,1,0.7069
635,32,226.77,158.93,69.27,42.82,1,1,1.0
635,33,418.13,162.13,79.94,33.64,1,1,0.4123
635,34,858.88,214.61,102.12,49.64,1,1,1.0
636,28,232.0,112.0,37.27,21.8,1,1,1.0
636,29,249.07,108.27,37.26,19.13,1,1,0.5636
636,30,406.4,212.27,123.67,72.46,1,1,1.0
636,31,401.07,138.67,77.8,35.13,1,1,0.661
636,32,230.4,160.0,70.33,42.6,1,1,1.0
636,33,411.73,160.0,79.94,34.07,1,1,0.4178
636,34,846.93,210.13,114.07,53.27,1,1,1.0
637,28,230.61,111.15,36.63,21.9,1,1,1.0
637,29,247.25,107.73,37.27,18.71,1,1,0.5617
637,30,414.29,213.12,126.44,74.39,1,1,1.0
637,31,398.51,138.03,74.38,33.42,1,1,0.6731
637,32,234.45,160.21,71.19,43.67,1,1,1.0
637,33,406.83,159.15,79.08,33.0,1,1,0.4581
637,34,834.77,207.79,109.16,53.05,1,1,0.9361
638,28,229.23,110.29,35.98,22.02,1,1,1.0
638,29,245.44,107.2,37.27,18.28,1,1,0.5592
638,30,422.19,213.97,129.21,76.31,1,1,1.0
638,31,395.95,137.39,70.97,31.72,1,1,0.6876
638,32,238.51,160.43,72.04,44.73,1,1,1.0
638,33,401.92,158.29,78.23,31.94,1,1,0.3673
638,34,822.61,205.44,111.72,52.84,1,1,0.8194
639,28,227.84,109.44,35.35,22.12,1,1,1.0
639,29,243.63,106.67,37.26,17.85,1,1,0.5565
639,30,430.08,214.83,131.99,78.22,1,1,1.0
639,31,393.39,136.75,67.56,30.01,1,1,0.7061
639,32,242.56,160.64,72.89,45.8,1,1,1.0
639,33,397.01,157.44,77.38,30.87,1,1,0.3505
639,34,810.45,203.09,114.28,52.63,1,1,0.805
640,28,226.45,108.59,34.71,22.22,1,1,1.0
640,29,241.81,106.13,37.27,17.43,1,1,0.5541
640,30,437.97,215.68,134.76,80.15,1,1,1.0
640,31,390.83,136.11,64.14,28.3,1,1,0.7292
640,32,246.61,160.85,73.75,46.87,1,1,1.0
640,33,392.11,156.59,76.52,29.8,1,1,0.3829
640,34,798.29,200.75,116.84,52.41,1,1,0.7696
641,28,225.07,107.73,34.06,22.34,1,1,1.0
641,29,240.0,105.6,37.27,17.0,1,1,0.551
641,30,445.87,216.53,137.53,82.07,1,1,1.0
641,31,388.27,135.47,60.73,26.6,1,1,0.7617
641,32,250.67,161.07,74.6,47.93,1,1,1.0
641,33,387.2,155.73,75.67,28.74,1,1,0.3641
641,34,786.13,198.4,119.4,52.2,1,1,0.7739
642,28,223.57,107.52,34.18,22.01,1,1,1.0
642,29,238.72,104.96,37.05,17.0,1,1,0.5637
642,30,453.97,218.45,140.52,83.35,1,1,1.0
642,31,384.53,134.51,60.95,26.6,1,1,0.7417
642,32,255.15,161.71,74.81,49.0,1,1,1.0
642,33,382.51,154.24,73.74,28.73,1,1,0.3397
642,34,775.04,196.05,118.33,50.92,1,1,0.7887
643,28,222.08,107.31,34.28,21.69,1,1,1.0
643,29,237.44,104.32,36.84,17.0,1,1,0.5768
643,30,462.08,220.37,143.51,84.63,1,1,1.0
643,31,380.8,133.55,61.16,26.6,1,1,0.7218
643,32,259.63,162.35,75.02,50.06,1,1,1.0
643,33,377.81,152.75,71.83,28.73,1,1,0.3463
643,34,763.95,193.71,117.26,49.64,1,1,0.7895
644,28,220.59,107.09,34.38,21.38,1,1,1.0
644,29,236.16,103.68,36.63,17.0,1,1,0.5895
644,30,470.19,222.29,146.49,85.91,1,1,1.0
644,31,377.07,132.59,61.37,26.6,1,1,0.7015
644,32,264.11,162.99,75.24,51.13,1,1,1.0
644,33,373.12,151.25,69.91,28.74,1,1,0.3135
644,34,752.85,191.36,116.2,48.36,1,1,0.8076
645,28,219.09,106.88,34.5,21.05,1,1,1.0
645,29,234.88,103.04,36.41,17.0,1,1,0.6022
645,30,478.29,224.21,149.48,87.19,1,1,1.0
645,31,373.33,131.63,61.59,26.6,1,1,0.6816
645,32,268.59,163.63,75.45,52.2,1,1,1.0
645,33,368.43,149.76,67.98,28.73,1,1,0.3564
645,34,741.76,189.01,115.13,47.08,1,1,0.8044
646,28,217.6,106.67,34.6,20.73,1,1,1.0
646,29,233.6,102.4,36.2,17.0,1,1,0.6152
646,30,486.4,226.13,152.47,88.47,1,1,1.0
646,31,369.6,130.67,61.8,26.6,1,1,0.6704
646,32,273.07,164.27,75.66,53.26,1,1,1.0
646,33,363.73,148.27,66.07,28.73,1,1,0.3414
646,34,730.67,186.67,114.06,45.8,1,1,0.8007
647,28,216.11,106.45,34.7,20.42,1,1,1.0
647,29,232.32,101.76,35.99,17.0,1,1,0.628
647,30,496.43,229.55,156.52,90.38,1,1,1.0
647,31,365.87,129.71,62.01,26.6,1,1,0.6764
647,32,277.55,165.33,77.16,53.48,1,1,1.0
647,33,359.47,147.2,65.0,28.31,1,1,0.4044
647,34,721.07,184.96,112.36,44.95,1,1,0.9044
648,28,214.61,106.24,34.82,20.09,1,1,1.0
648,29,231.04,101.12,35.77,17.0,1,1,0.6407
648,30,506.45,232.96,160.58,92.31,1,1,1.0
648,31,362.13,128.75,62.23,26.6,1,1,0.6825
648,32,282.03,166.4,78.65,53.69,1,1,1.0
648,33,355.2,146.13,63.93,27.88,1,1,0.2927
648,34,711.47,183.25,110.65,44.1,1,1,0.9999
649,28,213.12,106.03,34.92,19.77,1,1,1.0
649,29,229.76,100.48,35.56,17.0,1,1,0.6538
649,30,516.48,236.37,164.63,94.23,1,1,1.0
649,31,358.4,127.79,62.44,26.6,1,1,0.6891
649,32,286.51,167.47,80.14,53.9,1,1,1.0
649,33,350.93,145.07,62.87,27.45,1,1,0.3368
649,34,701.87,181.55,108.94,43.24,1,1,1.0
650,28,211.63,105.81,35.02,19.46,1,1,1.0
650,29,228.48,99.84,35.35,17.0,1,1,0.6665
650,30,526.51,239.79,168.68,96.14,1,1,1.0
650,31,354.67,126.83,62.65,26.6,1,1,0.6956
650,32,290.99,168.53,81.64,54.12,1,1,1.0
650,33,346.67,144.0,61.8,27.03,1,1,0.2971
650,34,692.27,179.84,107.24,42.39,1,1,1.0
651,28,210.13,105.6,35.14,19.13,1,1,1.0
651,29,227.2,99.2,35.13,17.0,1,1,0.6793
651,30,536.53,243.2,172.74,98.07,1,1,1.0
651,31,350.93,125.87,62.87,26.6,1,1,0.7022
651,32,295.47,169.6,83.13,54.33,1,1,1.0
651,33,342.4,142.93,60.73,26.6,1,1,0.3623
651,34,682.67,178.13,105.53,41.54,1,1,1.0
652,30,547.2,246.4,176.36,100.41,1,1,1.0
652,31,347.73,125.01,62.34,26.92,1,1,0.6854
652,32,300.16,171.09,84.41,54.34,1,1,1.0
652,33,339.2,141.65,59.88,26.82,1,1,0.3215
652,34,674.56,176.85,102.33,40.9,1,1,1.0
653,30,557.87,249.6,179.98,102.76,1,1,1.0
653,31,344.53,124.16,61.8,27.24,1,1,0.6691
653,32,304.85,172.59,85.7,54.33,1,1,1.0
653,33,336.0,140.37,59.03,27.03,1,1,0.3714
653,34,666.45,175.57,99.14,40.26,1,1,1.0
654,30,568.53,252.8,183.62,105.11,1,1,1.0
654,31,341.33,123.31,61.27,27.56,1,1,0.6537
654,32,309.55,174.08,86.97,54.33,1,1,1.0
654,33,332.8,139.09,58.17,27.24,1,1,0.341
654,34,658.35,174.29,95.93,39.62,1,1,1.0
655,30,579.2,256.0,187.24,107.45,1,1,1.0
655,31,338.13,122.45,60.74,27.88,1,1,0.6393
655,32,314.24,175.57,88.25,54.34,1,1,1.0
655,33,329.6,137.81,57.32,27.46,1,1,0.3852
655,34,650.24,173.01,92.73,38.98,1,1,1.0
656,30,589.87,259.2,190.86,109.8,1,1,0.9944
656,31,334.93,121.6,60.2,28.2,1,1,0.6253
656,32,318.93,177.07,89.54,54.33,1,1,1.0
656,33,326.4,136.53,56.47,27.67,1,1,0.3422
656,34,642.13,171.73,89.54,38.34,1,1,1.0
657,30,604.16,263.47,194.71,111.93,1,1,0.9675
657,31,331.73,120.75,59.67,28.52,1,1,0.6227
657,32,324.48,178.35,90.17,55.18,1,1,1.0
657,33,320.85,135.25,56.68,27.88,1,1,0.4083
657,34,633.6,169.81,88.89,37.7,1,1,1.0
658,30,618.45,267.73,198.55,114.07,1,1,0.8193
658,31,328.53,119.89,59.14,28.84,1,1,0.6221
658,32,330.03,179.63,90.81,56.04,1,1,1.0
658,33,315.31,133.97,56.89,28.1,1,1,0.4351
658,34,625.07,167.89,88.25,37.06,1,1,1.0
659,30,632.75,272.0,202.38,116.2,1,1,0.7085
659,31,325.33,119.04,58.6,29.16,1,1,0.623
659,32,335.57,180.91,91.46,56.89,1,1,1.0
659,33,309.76,132.69,57.11,28.31,1,1,0.402
659,34,616.53,165.97,87.62,36.42,1,1,1.0
660,30,647.04,276.27,206.23,118.33,1,1,0.6945
660,31,322.13,118.19,58.07,29.48,1,1,0.6258
660,32,341.12,182.19,92.09,57.74,1,1,1.0
660,33,304.21,131.41,57.32,28.52,1,1,0.3771
660,34,608.0,164.05,86.97,35.78,1,1,1.0
661,30,661.33,280.53,210.07,120.47,1,1,0.7001
661,31,318.93,117.33,57.54,29.8,1,1,0.6305
661,32,346.67,183.47,92.73,58.6,1,1,1.0
661,33,298.67,130.13,57.53,28.74,1,1,0.413
661,34,599.47,162.13,86.33,35.14,1,1,1.0
662,30,676.05,284.16,211.56,125.16,1,1,0.703
662,31,316.27,117.12,56.78,29.37,1,1,0.6325
662,32,351.79,184.96,95.93,60.09,1,1,1.0
662,33,296.11,129.71,56.68,27.88,1,1,0.462
662,34,592.21,160.64,85.7,35.35,1,1,1.0
663,30,690.77,287.79,213.06,129.85,1,1,0.6969
663,31,313.6,116.91,56.04,28.94,1,1,0.6345
663,32,356.91,186.45,99.13,61.59,1,1,1.0
663,33,293.55,129.28,55.82,27.03,1,1,0.4055
663,34,584.96,159.15,85.05,35.56,1,1,1.0
664,30,705.49,291.41,214.55,134.55,1,1,0.6891
664,31,310.93,116.69,55.3,28.52,1,1,0.6366
664,32,362.03,187.95,102.33,63.08,1,1,1.0
664,33,290.99,128.85,54.97,26.18,1,1,0.4376
664,34,577.71,157.65,84.41,35.78,1,1,1.0
665,30,720.21,295.04,216.04,139.24,1,1,0.692
665,31,308.27,116.48,54.54,28.09,1,1,0.6389
665,32,367.15,189.44,105.53,64.57,1,1,1.0
665,33,288.43,128.43,54.12,25.32,1,1,0.4866
665,34,570.45,156.16,83.78,35.99,1,1,1.0
666,30,734.93,298.67,226.07,143.93,1,1,0.7036
666,31,305.6,116.27,53.8,27.66,1,1,0.6411
666,32,372.27,190.93,108.73,66.07,1,1,1.0
666,33,285.87,128.0,53.26,24.47,1,1,0.4929
666,34,563.2,154.67,83.13,36.2,1,1,1.0
666,35,908.8,265.6,52.2,54.33,1,1,0.303
667,30,754.77,303.79,206.23,140.73,1,1,0.6756
667,31,302.93,116.05,53.06,27.24,1,1,0.6552
667,32,379.09,193.07,110.44,66.7,1,1,1.0
667,33,282.24,127.79,52.84,24.25,1,1,0.5043
667,34,555.95,153.17,82.49,36.42,1,1,1.0
667,35,890.67,261.12,70.33,57.11,1,1,0.2916
668,30,774.61,308.91,186.39,137.53,1,1,0.6434
668,31,300.27,115.84,52.3,26.81,1,1,0.6692
668,32,385.92,195.2,112.15,67.35,1,1,1.0
668,33,278.61,127.57,52.42,24.04,1,1,0.4595
668,34,548.69,151.68,81.86,36.63,1,1,1.0
668,35,872.53,256.64,88.47,59.88,1,1,0.2758
669,30,794.45,314.03,166.55,134.33,1,1,0.7085
669,31,297.6,115.63,51.56,26.38,1,1,0.6837
669,32,392.75,197.33,113.85,67.99,1,1,1.0
669,33,274.99,127.36,51.98,23.83,1,1,0.4651
669,34,541.44,150.19,81.21,36.84,1,1,1.0
669,35,854.4,252.16,106.6,62.65,1,1,0.2794
670,30,814.29,319.15,146.71,131.13,1,1,0.8056
670,31,294.93,115.41,50.82,25.96,1,1,0.6983
670,32,399.57,199.47,115.56,68.62,1,1,1.0
670,33,271.36,127.15,51.56,23.61,1,1,0.4663
670,34,534.19,148.69,80.57,37.06,1,1,1.0
670,35,836.27,247.68,124.73,65.43,1,1,0.0703
671,30,834.13,324.27,126.87,127.93,1,1,0.9601
671,31,292.27,115.2,50.06,25.53,1,1,0.7128
671,32,406.4,201.6,117.27,69.27,1,1,1.0
671,33,267.73,126.93,51.14,23.4,1,1,0.3908
671,34,526.93,147.2,79.94,37.27,1,1,1.0
671,35,818.13,243.2,142.87,68.2,1,1,0.0726
672,30,851.84,333.44,109.16,119.19,1,1,1.0
672,31,289.49,114.56,49.75,25.64,1,1,0.7259
672,32,413.23,202.88,120.04,71.19,1,1,1.0
672,33,264.96,126.51,50.07,23.4,1,1,0.4183
672,34,520.53,146.13,79.3,36.84,1,1,1.0
672,35,805.12,238.93,141.8,69.7,1,1,0.0215
673,30,869.55,342.61,91.45,110.44,1,1,1.0
673,31,286.72,113.92,49.43,25.75,1,1,0.7387
673,32,420.05,204.16,122.82,73.11,1,1,1.0
673,33,262.19,126.08,49.0,23.4,1,1,0.3615
673,34,514.13,145.07,78.66,36.41,1,1,1.0
673,35,792.11,234.67,149.26,71.18,1,1,0.0025
674,30,887.25,351.79,73.75,101.69,1,1,1.0
674,31,283.95,113.28,49.1,25.85,1,1,0.7515
674,32,426.88,205.44,125.59,75.03,1,1,1.0
674,33,259.41,125.65,47.94,23.4,1,1,0.3715
674,34,507.73,144.0,78.02,35.99,1,1,1.0
674,35,779.09,230.4,156.74,72.68,1,1,0.0069
675,30,904.96,360.96,56.04,92.95,1,1,1.0
675,31,281.17,112.64,48.79,25.96,1,1,0.7642
675,32,433.71,206.72,128.36,76.95,1,1,1.0
675,33,256.64,125.23,46.87,23.4,1,1,0.3816
675,34,501.33,142.93,77.38,35.56,1,1,1.0
675,35,766.08,226.13,164.2,74.18,1,1,0.0
676,30,922.67,370.13,38.33,84.2,1,1,1.0
676,31,278.4,112.0,48.47,26.07,1,1,0.7766
676,32,440.53,208.0,131.14,78.87,1,1,1.0
676,33,253.87,124.8,45.8,23.4,1,1,0.4038
676,34,494.93,141.87,76.74,35.13,1,1,1.0
676,35,753.07,221.87,171.66,75.66,1,1,0.0141
677,31,275.63,111.36,48.14,26.17,1,1,0.7801
677,32,449.49,210.35,133.06,80.14,1,1,1.0
677,33,250.67,124.37,46.01,22.76,1,1,0.4288
677,34,488.53,140.8,76.1,34.71,1,1,1.0
677,35,739.84,220.16,168.68,74.17,1,1,0.0009
678,31,272.85,110.72,47.83,26.28,1,1,0.7836
678,32,458.45,212.69,134.98,81.43,1,1,1.0
678,33,247.47,123.95,46.22,22.12,1,1,0.3807
678,34,482.13,139.73,75.46,34.28,1,1,1.0
678,35,726.61,218.45,165.7,72.68,1,1,0.0018
679,31,270.08,110.08,47.51,26.39,1,1,0.7869
679,32,467.41,215.04,136.9,82.71,1,1,1.0
679,33,244.27,123.52,46.44,21.48,1,1,0.3948
679,34,475.73,138.67,74.82,33.85,1,1,1.0
679,35,713.39,216.75,162.7,71.18,1,1,0.0037
680,31,267.31,109.44,47.18,26.49,1,1,0.7903
680,32,476.37,217.39,138.82,83.98,1,1,1.0
680,33,241.07,123.09,46.65,20.84,1,1,0.3552
680,34,469.33,137.6,74.18,33.43,1,1,1.0
680,35,700.16,215.04,159.72,69.69,1,1,0.0138
681,31,264.53,108.8,46.87,26.6,1,1,0.7937
681,32,485.33,219.73,140.74,85.27,1,1,1.0
681,33,237.87,122.67,46.86,20.2,1,1,0.3646
681,34,462.93,136.53,73.54,33.0,1,1,1.0
681,35,686.93,213.33,156.74,68.2,1,1,0.0285
682,31,262.61,108.59,46.55,26.38,1,1,0.7986
682,32,496.21,222.08,144.15,87.4,1,1,1.0
682,33,235.31,121.6,45.8,20.84,1,1,0.4135
682,34,458.45,135.89,72.26,32.68,1,1,1.0
682,35,678.83,211.41,152.04,65.86,1,1,0.0207
683,31,260.69,108.37,46.23,26.18,1,1,0.8055
683,32,507.09,224.43,147.56,89.53,1,1,1.0
683,33,232.75,120.53,44.73,21.48,1,1,0.3548
683,34,453.97,135.25,70.98,32.36,1,1,1.0
683,35,670.72,209.49,147.35,63.51,1,1,0.26
684,31,258.77,108.16,45.91,25.96,1,1,0.8146
684,32,517.97,226.77,150.98,91.67,1,1,1.0
684,33,230.19,119.47,43.66,22.12,1,1,0.4123
684,34,449.49,134.61,69.7,32.04,1,1,1.0
684,35,662.61,207.57,142.66,61.16,1,1,0.27
685,31,256.85,107.95,45.59,25.74,1,1,0.8257
685,32,528.85,229.12,154.39,93.8,1,1,1.0
685,33,227.63,118.4,42.6,22.76,1,1,0.3467
685,34,445.01,133.97,68.42,31.72,1,1,1.0
685,35,654.51,205.65,137.96,58.82,1,1,0.278
686,31,254.93,107.73,45.27,25.54,1,1,0.8391
686,32,539.73,231.47,157.8,95.93,1,1,1.0
686,33,225.07,117.33,41.53,23.4,1,1,0.3846
686,34,440.53,133.33,67.14,31.4,1,1,1.0
686,35,646.4,203.73,133.27,56.47,1,1,0.2917
686,36,126.93,123.73,37.27,24.47,1,1,0.7824
687,31,253.01,107.52,44.95,25.32,1,1,0.8388
687,32,551.25,235.73,162.5,96.58,1,1,1.0
687,33,223.79,117.12,40.89,23.19,1,1,0.3861
687,34,436.05,132.69,65.86,31.08,1,1,1.0
687,35,635.95,202.03,130.7,55.61,1,1,0.299
687,36,128.85,124.16,38.76,24.89,1,1,0.7168
688,31,251.09,107.31,44.63,25.1,1,1,0.8385
688,32,562.77,240.0,167.19,97.21,1,1,1.0
688,33,222.51,116.91,40.25,22.97,1,1,0.3957
688,34,431.57,132.05,64.58,30.76,1,1,1.0
688,35,625.49,200.32,128.15,54.76,1,1,0.2942
688,36,130.77,124.59,40.26,25.32,1,1,0.6274
689,31,249.17,107.09,44.31,24.9,1,1,0.8382
689,32,574.29,244.27,171.88,97.85,1,1,1.0
689,33,221.23,116.69,39.61,22.76,1,1,0.3538
689,34,427.09,131.41,63.3,30.44,1,1,1.0
689,35,615.04,198.61,125.59,53.91,1,1,0.2909
689,36,132.69,125.01,41.75,25.75,1,1,0.6085
690,31,247.25,106.88,43.99,24.68,1,1,0.8379
690,32,585.81,248.53,176.58,98.5,1,1,1.0
690,33,219.95,116.48,38.97,22.55,1,1,0.3357
690,34,422.61,130.77,62.02,30.12,1,1,1.0
690,35,604.59,196.91,123.02,53.05,1,1,0.2505
690,36,134.61,125.44,43.24,26.17,1,1,0.6244
691,31,245.33,106.67,43.67,24.46,1,1,0.8377
691,32,597.33,252.8,181.27,99.13,1,1,1.0
691,33,218.67,116.27,38.33,22.33,1,1,0.3462
691,34,418.13,130.13,60.74,29.8,1,1,1.0
691,35,594.13,195.2,120.47,52.2,1,1,0.2529
691,36,136.53,125.87,44.74,26.6,1,1,0.6219
692,31,243.41,106.45,43.67,24.36,1,1,0.8387
692,32,610.35,255.57,183.61,101.7,1,1,0.9889
692,33,216.96,115.41,37.59,22.34,1,1,0.4342
692,34,414.19,129.28,60.09,29.59,1,1,1.0
692,35,584.32,193.07,120.04,50.92,1,1,0.2539
692,36,138.67,126.29,45.16,26.82,1,1,0.6251
693,31,241.49,106.24,43.67,24.25,1,1,0.8405
693,32,623.36,258.35,185.96,104.25,1,1,0.9703
693,33,215.25,114.56,36.84,22.33,1,1,0.4345
693,34,410.24,128.43,59.45,29.37,1,1,1.0
693,35,574.51,190.93,119.61,49.64,1,1,0.2633
693,36,140.8,126.72,45.59,27.03,1,1,0.6375
694,31,239.57,106.03,43.67,24.14,1,1,0.8428
694,32,636.37,261.12,188.31,106.81,1,1,0.7542
694,33,213.55,113.71,36.09,22.33,1,1,0.4771
694,34,406.29,127.57,58.82,29.16,1,1,1.0
694,35,564.69,188.8,119.19,48.36,1,1,0.2349
694,36,142.93,127.15,46.02,27.24,1,1,0.6421
695,31,237.65,105.81,43.67,24.04,1,1,0.8455
695,32,649.39,263.89,190.65,109.38,1,1,0.6757
695,33,211.84,112.85,35.35,22.34,1,1,0.4238
695,34,402.35,126.72,58.17,28.95,1,1,1.0
695,35,554.88,186.67,118.76,47.08,1,1,0.3095
695,36,145.07,127.57,46.44,27.46,1,1,0.6401
696,31,235.73,105.6,43.67,23.93,1,1,0.849
696,32,662.4,266.67,193.0,111.93,1,1,0.6632
696,33,210.13,112.0,34.6,22.33,1,1,0.4478
696,34,398.4,125.87,57.53,28.73,1,1,1.0
696,35,545.07,184.53,118.33,45.8,1,1,0.2589
696,36,147.2,128.0,46.87,27.67,1,1,0.6461
696,37,892.8,218.67,68.2,38.33,1,1,1.0
697,31,233.81,105.39,43.67,23.82,1,1,0.8529
697,32,679.04,270.72,195.99,115.35,1,1,0.6684
697,33,208.43,111.15,33.85,22.33,1,1,0.5074
697,34,394.45,125.01,56.9,28.52,1,1,1.0
697,35,537.6,182.83,116.63,44.73,1,1,0.2648
697,36,150.19,127.57,46.65,28.74,1,1,0.641
697,37,878.93,216.11,82.07,39.82,1,1,1.0
698,31,231.89,105.17,43.67,23.72,1,1,0.8574
698,32,695.68,274.77,198.97,118.76,1,1,0.6782
698,33,206.72,110.29,33.11,22.34,1,1,0.5242
698,34,390.51,124.16,56.25,28.31,1,1,1.0
698,35,530.13,181.12,114.92,43.67,1,1,0.2495
698,36,153.17,127.15,46.44,29.8,1,1,0.6444
698,37,865.07,213.55,95.93,41.32,1,1,1.0
699,31,229.97,104.96,43.67,23.61,1,1,0.8627
699,32,712.32,278.83,201.96,122.17,1,1,0.6812
699,33,205.01,109.44,32.36,22.33,1,1,0.5809
699,34,386.56,123.31,55.61,28.09,1,1,1.0
699,35,522.67,179.41,113.21,42.6,1,1,0.2486
699,36,156.16,126.72,46.23,30.87,1,1,0.6393
699,37,851.2,210.99,109.8,42.81,1,1,1.0
700,31,228.05,104.75,43.67,23.5,1,1,0.8684
700,32,728.96,282.88,204.95,125.59,1,1,0.676
700,33,203.31,108.59,31.61,22.33,1,1,0.5216
700,34,382.61,122.45,54.98,27.88,1,1,1.0
700,35,515.2,177.71,111.51,41.53,1,1,0.2589
700,36,159.15,126.29,46.01,31.94,1,1,0.674
700,37,837.33,208.43,123.67,44.3,1,1,0.9111
701,31,226.13,104.53,43.67,23.4,1,1,0.8747
701,32,745.6,286.93,215.4,129.0,1,1,0.6915
701,33,201.6,107.73,30.87,22.34,1,1,0.5551
701,34,378.67,121.6,54.33,27.67,1,1,1.0
701,35,507.73,176.0,109.8,40.47,1,1,0.2526
701,36,162.13,125.87,45.8,33.0,1,1,0.7201
701,37,823.47,205.87,137.53,45.8,1,1,0.8357
702,32,764.37,290.77,196.63,126.44,1,1,0.6631
702,34,375.04,120.85,54.23,27.67,1,1,1.0
702,35,501.12,174.08,108.09,40.47,1,1,0.3017
702,36,162.77,127.36,47.72,32.57,1,1,0.774
702,37,811.73,203.09,127.3,45.59,1,1,0.8229
703,32,783.15,294.61,177.85,123.88,1,1,0.6458
703,34,371.41,120.11,54.12,27.66,1,1,1.0
703,35,494.51,172.16,106.38,40.47,1,1,0.2926
703,36,163.41,128.85,49.64,32.15,1,1,0.7863
703,37,800.0,200.32,124.52,45.37,1,1,0.7865
704,32,801.92,298.45,159.08,121.32,1,1,0.7171
704,34,367.79,119.36,54.01,27.67,1,1,1.0
704,35,487.89,170.24,104.68,40.47,1,1,0.2913
704,36,164.05,130.35,51.56,31.72,1,1,0.7876
704,37,788.27,197.55,121.74,45.16,1,1,0.7804
705,32,820.69,302.29,140.31,118.76,1,1,0.8126
705,34,364.16,118.61,53.91,27.67,1,1,1.0
705,35,481.28,168.32,102.97,40.47,1,1,0.3427
705,36,164.69,131.84,53.48,31.29,1,1,0.809
705,37,776.53,194.77,118.98,44.95,1,1,0.7829
706,32,839.47,306.13,121.53,116.2,1,1,0.9658
706,34,360.53,117.87,53.8,27.66,1,1,1.0
706,35,474.67,166.4,101.26,40.47,1,1,0.3361
706,36,165.33,133.33,55.4,30.87,1,1,0.8411
706,37,764.8,192.0,116.2,44.73,1,1,0.7676
707,34,356.91,117.12,53.69,27.67,1,1,1.0
707,35,469.12,164.91,99.13,40.46,1,1,0.3386
707,36,167.68,133.33,56.04,31.94,1,1,0.8788
707,37,753.92,189.23,114.71,44.52,1,1,0.7895
708,34,353.28,116.37,53.59,27.67,1,1,1.0
708,35,463.57,163.41,97.0,40.47,1,1,0.3633
708,36,170.03,133.33,56.68,33.0,1,1,0.8795
708,37,743.04,186.45,113.21,44.31,1,1,0.7968
709,34,349.65,115.63,53.48,27.66,1,1,1.0
709,35,458.03,161.92,94.86,40.47,1,1,0.3479
709,36,172.37,133.33,57.32,34.07,1,1,0.9218
709,37,732.16,183.68,111.72,44.09,1,1,0.8767
710,34,346.03,114.88,53.37,27.67,1,1,1.0
710,35,452.48,160.43,92.73,40.46,1,1,0.3369
710,36,174.72,133.33,57.96,35.14,1,1,0.9726
710,37,721.28,180.91,110.23,43.88,1,1,0.9978
711,34,342.4,114.13,53.27,27.67,1,1,1.0
711,35,446.93,158.93,90.6,40.47,1,1,0.3446
711,36,177.07,133.33,58.6,36.2,1,1,1.0
711,37,710.4,178.13,108.73,43.67,1,1,1.0
712,34,339.95,113.6,52.41,27.35,1,1,1.0
712,35,442.03,158.29,88.68,39.19,1,1,0.3621
712,36,180.91,134.4,58.17,36.63,1,1,1.0
712,37,701.65,177.28,107.03,43.24,1,1,1.0
713,34,337.49,113.07,51.56,27.02,1,1,1.0
713,35,437.12,157.65,86.76,37.91,1,1,0.3472
713,36,184.75,135.47,57.74,37.05,1,1,1.0
713,37,692.91,176.43,105.32,42.81,1,1,1.0
714,34,335.04,112.53,50.71,26.71,1,1,1.0
714,35,432.21,157.01,84.84,36.63,1,1,0.3179
714,36,188.59,136.53,57.32,37.48,1,1,1.0
714,37,684.16,175.57,103.61,42.39,1,1,1.0
715,34,332.59,112.0,49.85,26.39,1,1,1.0
715,35,427.31,156.37,82.92,35.35,1,1,0.3548
715,36,192.43,137.6,56.89,37.91,1,1,1.0
715,37,675.41,174.72,101.91,41.96,1,1,1.0
716,34,330.13,111.47,49.0,26.06,1,1,1.0
716,35,422.4,155.73,81.0,34.07,1,1,0.3049
716,36,196.27,138.67,56.46,38.33,1,1,1.0
716,37,666.67,173.87,100.2,41.53,1,1,1.0
717,34,327.68,110.93,48.15,25.75,1,1,1.0
717,35,417.49,154.67,80.36,33.21,1,1,0.3453
717,36,199.25,138.67,57.54,38.97,1,1,1.0
717,37,658.56,171.31,98.28,41.53,1,1,1.0
718,34,325.23,110.4,47.29,25.43,1,1,1.0
718,35,412.59,153.6,79.72,32.36,1,1,0.3214
718,36,202.24,138.67,58.6,39.61,1,1,1.0
718,37,650.45,168.75,96.36,41.53,1,1,1.0
719,34,322.77,109.87,46.44,25.1,1,1,1.0
719,35,407.68,152.53,79.08,31.51,1,1,0.3034
719,36,205.23,138.67,59.66,40.25,1,1,1.0
719,37,642.35,166.19,94.44,41.53,1,1,1.0
720,34,320.32,109.33,45.59,24.79,1,1,1.0
720,35,402.77,151.47,78.44,30.65,1,1,0.2916
720,36,208.21,138.67,60.74,40.89,1,1,1.0
720,37,634.24,163.63,92.52,41.53,1,1,1.0
721,34,317.87,108.8,44.73,24.47,1,1,1.0
721,35,397.87,150.4,77.8,29.8,1,1,0.3291
721,36,211.2,138.67,61.8,41.53,1,1,1.0
721,37,626.13,161.07,90.6,41.53,1,1,1.0
721,38,920.53,234.67,40.47,45.8,1,1,1.0
722,34,315.09,108.27,44.74,24.46,1,1,1.0
722,35,392.96,148.91,76.95,30.44,1,1,0.3194
722,36,214.19,140.16,62.44,41.32,1,1,1.0
722,37,618.24,159.57,90.39,41.32,1,1,1.0
722,38,906.67,229.76,54.33,49.64,1,1,1.0
723,34,312.32,107.73,44.73,24.47,1,1,1.0
723,35,388.05,147.41,76.1,31.08,1,1,0.3407
723,36,217.17,141.65,63.08,41.11,1,1,1.0
723,37,610.35,158.08,90.17,41.11,1,1,1.0
723,38,892.8,224.85,68.2,53.48,1,1,1.0
724,34,309.55,107.2,44.73,24.47,1,1,1.0
724,35,383.15,145.92,75.24,31.72,1,1,0.3454
724,36,220.16,143.15,63.72,40.89,1,1,1.0
724,37,602.45,156.59,89.96,40.89,1,1,1.0
724,38,878.93,219.95,82.07,57.32,1,1,1.0
725,34,306.77,106.67,44.74,24.46,1,1,1.0
725,35,378.24,144.43,74.39,32.36,1,1,0.2957
725,36,223.15,144.64,64.36,40.68,1,1,1.0
725,37,594.56,155.09,89.75,40.68,1,1,1.0
725,38,865.07,215.04,95.93,61.16,1,1,1.0
726,34,304.0,106.13,44.73,24.47,1,1,1.0
726,35,373.33,142.93,73.54,33.0,1,1,0.3415
726,36,226.13,146.13,65.0,40.47,1,1,1.0
726,37,586.67,153.6,89.53,40.47,1,1,1.0
726,38,851.2,210.13,109.8,65.0,1,1,1.0
727,34,301.23,105.6,44.73,24.47,1,1,1.0
727,35,369.07,141.87,71.82,32.57,1,1,0.3806
727,36,229.76,146.56,66.71,41.32,1,1,1.0
727,37,578.77,152.11,89.32,40.25,1,1,1.0
727,38,837.97,207.57,123.03,65.0,1,1,0.8789
728,34,298.45,105.07,44.74,24.46,1,1,1.0
728,35,364.8,140.8,70.12,32.15,1,1,0.3595
728,36,233.39,146.99,68.41,42.17,1,1,1.0
728,37,570.88,150.61,89.11,40.04,1,1,1.0
728,38,824.75,205.01,122.17,65.0,1,1,0.7824
729,34,295.68,104.53,44.73,24.47,1,1,1.0
729,35,360.53,139.73,68.42,31.72,1,1,0.401
729,36,237.01,147.41,70.12,43.03,1,1,1.0
729,37,562.99,149.12,88.89,39.83,1,1,1.0
729,38,811.52,202.45,130.49,65.0,1,1,0.8097
730,34,292.91,104.0,44.73,24.47,1,1,1.0
730,35,356.27,138.67,66.7,31.29,1,1,0.3621
730,36,240.64,147.84,71.83,43.88,1,1,1.0
730,37,555.09,147.63,88.68,39.61,1,1,1.0
730,38,798.29,199.89,138.82,65.0,1,1,0.8202
731,34,290.13,103.47,44.74,24.46,1,1,1.0
731,35,352.0,137.6,65.0,30.87,1,1,0.3369
731,36,244.27,148.27,73.53,44.73,1,1,1.0
731,37,547.2,146.13,88.47,39.4,1,1,1.0
731,38,785.07,197.33,147.13,65.0,1,1,0.8184
732,34,288.0,103.04,44.41,24.36,1,1,1.0
732,35,349.44,137.39,64.15,30.01,1,1,0.4437
732,36,247.68,149.55,74.6,44.3,1,1,1.0
732,37,541.12,145.28,87.72,38.97,1,1,1.0
732,38,772.91,195.41,145.21,64.15,1,1,0.8174
733,34,285.87,102.61,44.09,24.26,1,1,1.0
733,35,346.88,137.17,63.29,29.16,1,1,0.3825
733,36,251.09,150.83,75.67,43.88,1,1,1.0
733,37,535.04,144.43,86.97,38.54,1,1,1.0
733,38,760.75,193.49,143.29,63.3,1,1,0.8131
734,34,283.73,102.19,43.78,24.14,1,1,1.0
734,35,344.32,136.96,62.44,28.31,1,1,0.3995
734,36,254.51,152.11,76.73,43.45,1,1,1.0
734,37,528.96,143.57,86.23,38.12,1,1,1.0
734,38,748.59,191.57,141.37,62.44,1,1,0.8103
735,34,281.6,101.76,43.45,24.04,1,1,1.0
735,35,341.76,136.75,61.59,27.45,1,1,0.4155
735,36,257.92,153.39,77.8,43.02,1,1,1.0
735,37,522.88,142.72,85.48,37.69,1,1,1.0
735,38,736.43,189.65,139.45,61.59,1,1,0.8224
736,34,279.47,101.33,43.13,23.94,1,1,1.0
736,35,339.2,136.53,60.73,26.6,1,1,0.4435
736,36,261.33,154.67,78.87,42.6,1,1,1.0
736,37,516.8,141.87,84.73,37.26,1,1,1.0
736,38,724.27,187.73,137.53,60.74,1,1,0.819
737,34,277.33,100.91,42.82,23.82,1,1,1.0
737,35,334.93,135.47,60.52,26.81,1,1,0.408
737,36,266.67,155.73,78.86,44.31,1,1,1.0
737,37,510.72,141.01,83.99,36.84,1,1,1.0
737,38,713.6,186.45,135.19,58.6,1,1,0.8463
738,34,275.2,100.48,42.49,23.72,1,1,1.0
738,35,330.67,134.4,60.3,27.03,1,1,0.4451
738,36,272.0,156.8,78.87,46.01,1,1,1.0
738,37,504.64,140.16,83.24,36.41,1,1,1.0
738,38,702.93,185.17,132.84,56.47,1,1,0.943
739,34,273.07,100.05,42.17,23.62,1,1,1.0
739,35,326.4,133.33,60.09,27.24,1,1,0.4651
739,36,277.33,157.87,78.87,47.72,1,1,1.0
739,37,498.56,139.31,82.49,35.98,1,1,1.0
739,38,692.27,183.89,130.49,54.34,1,1,1.0
740,34,270.93,99.63,41.86,23.5,1,1,1.0
740,35,322.13,132.27,59.88,27.45,1,1,0.4536
740,36,282.67,158.93,78.86,49.43,1,1,1.0
740,37,492.48,138.45,81.75,35.56,1,1,1.0
740,38,681.6,182.61,128.15,52.2,1,1,1.0
741,34,268.8,99.2,41.53,23.4,1,1,1.0
741,35,317.87,131.2,59.66,27.67,1,1,0.4685
741,36,288.0,160.0,78.87,51.13,1,1,1.0
741,37,486.4,137.6,81.0,35.13,1,1,1.0
741,38,670.93,181.33,125.8,50.07,1,1,1.0
742,34,266.56,99.09,41.0,23.19,1,1,1.0
742,35,313.39,130.56,60.3,27.45,1,1,0.4293
742,36,291.84,161.92,81.0,51.35,1,1,1.0
742,37,480.96,136.85,79.61,34.82,1,1,1.0
742,38,661.33,179.41,123.67,49.86,1,1,1.0
743,34,264.32,98.99,40.47,22.97,1,1,1.0
743,35,308.91,129.92,60.94,27.24,1,1,0.4592
743,36,295.68,163.84,83.13,51.56,1,1,1.0
743,37,475.52,136.11,78.23,34.49,1,1,1.0
743,38,651.73,177.49,121.54,49.64,1,1,1.0
744,34,262.08,98.88,39.93,22.76,1,1,1.0
744,35,304.43,129.28,61.58,27.03,1,1,0.4706
744,36,299.52,165.76,85.27,51.77,1,1,1.0
744,37,470.08,135.36,76.84,34.17,1,1,1.0
744,38,642.13,175.57,119.4,49.43,1,1,1.0
745,34,259.84,98.77,39.4,22.55,1,1,1.0
745,35,299.95,128.64,62.22,26.81,1,1,0.441
745,36,303.36,167.68,87.4,51.99,1,1,1.0
745,37,464.64,134.61,75.45,33.86,1,1,1.0
745,38,632.53,173.65,117.27,49.22,1,1,1.0
746,34,257.6,98.67,38.87,22.33,1,1,1.0
746,35,295.47,128.0,62.86,26.6,1,1,0.4558
746,36,307.2,169.6,89.53,52.2,1,1,1.0
746,37,459.2,133.87,74.07,33.53,1,1,1.0
746,38,622.93,171.73,115.14,49.0,1,1,1.0
746,39,902.4,242.13,58.6,52.2,1,1,1.0
747,34,255.36,98.56,38.33,22.12,1,1,1.0
747,35,292.27,127.79,61.16,25.53,1,1,0.4166
747,36,311.68,170.88,91.45,53.05,1,1,1.0
747,37,453.76,133.12,72.68,33.21,1,1,1.0
747,38,613.76,170.45,113.64,47.94,1,1,1.0
747,39,890.03,239.57,70.97,54.55,1,1,1.0
748,34,253.12,98.45,37.8,21.91,1,1,1.0
748,35,289.07,127.57,59.45,24.47,1,1,0.4352
748,36,316.16,172.16,93.37,53.91,1,1,1.0
748,37,448.32,132.37,71.29,32.9,1,1,1.0
748,38,604.59,169.17,112.14,46.87,1,1,1.0
748,39,877.65,237.01,83.35,56.9,1,1,1.0
749,34,250.88,98.35,37.27,21.69,1,1,1.0
749,35,285.87,127.36,57.74,23.4,1,1,0.4617
749,36,320.64,173.44,95.29,54.76,1,1,1.0
749,37,442.88,131.63,69.91,32.57,1,1,1.0
749,38,595.41,167.89,110.66,45.8,1,1,1.0
749,39,865.28,234.45,95.72,59.24,1,1,1.0
750,34,248.64,98.24,36.73,21.48,1,1,1.0
750,35,282.67,127.15,56.04,22.33,1,1,0.4178
750,36,325.12,174.72,97.21,55.61,1,1,1.0
750,37,437.44,130.88,68.52,32.25,1,1,1.0
750,38,586.24,166.61,109.16,44.74,1,1,1.0
750,39,852.91,231.89,108.09,61.59,1,1,1.0
751,34,246.4,98.13,36.2,21.27,1,1,1.0
751,35,279.47,126.93,54.33,21.27,1,1,0.432
751,36,329.6,176.0,99.13,56.47,1,1,1.0
751,37,432.0,130.13,67.13,31.94,1,1,1.0
751,38,577.07,165.33,107.66,43.67,1,1,1.0
751,39,840.53,229.33,120.47,63.94,1,1,0.9471
752,35,277.12,126.29,53.48,21.48,1,1,0.4611
752,36,336.0,178.13,100.84,57.75,1,1,1.0
752,37,427.63,129.39,66.28,31.61,1,1,1.0
752,38,569.39,163.84,105.32,43.03,1,1,1.0
752,39,827.09,226.77,118.98,62.66,1,1,0.8445
753,35,274.77,125.65,52.63,21.7,1,1,0.5088
753,36,342.4,180.27,102.55,59.02,1,1,1.0
753,37,423.25,128.64,65.43,31.29,1,1,1.0
753,38,561.71,162.35,102.97,42.38,1,1,1.0
753,39,813.65,224.21,123.88,61.38,1,1,0.8001
754,35,272.43,125.01,51.77,21.91,1,1,0.5016
754,36,348.8,182.4,104.25,60.31,1,1,1.0
754,37,418.88,127.89,64.57,30.98,1,1,1.0
754,38,554.03,160.85,100.62,41.75,1,1,1.0
754,39,800.21,221.65,128.79,60.1,1,1,0.8247
755,35,270.08,124.37,50.92,22.12,1,1,0.5258
755,36,355.2,184.53,105.96,61.59,1,1,1.0
755,37,414.51,127.15,63.72,30.65,1,1,1.0
755,38,546.35,159.36,98.28,41.11,1,1,1.0
755,39,786.77,219.09,133.7,58.82,1,1,0.8306
756,35,267.73,123.73,50.07,22.34,1,1,0.4626
756,36,361.6,186.67,107.67,62.86,1,1,1.0
756,37,410.13,126.4,62.87,30.33,1,1,1.0
756,38,538.67,157.87,95.93,40.46,1,1,1.0
756,39,773.33,216.53,138.6,57.54,1,1,0.8341
757,35,264.96,123.09,50.07,22.55,1,1,0.5226
757,36,370.13,189.23,108.52,63.08,1,1,1.0
757,37,405.76,125.65,62.01,30.02,1,1,1.0
757,38,532.05,155.95,95.08,40.89,1,1,1.0
757,39,762.45,214.19,136.47,55.82,1,1,0.8168
758,35,262.19,122.45,50.06,22.76,1,1,0.5167
758,36,378.67,191.79,109.37,63.29,1,1,1.0
758,37,401.39,124.91,61.16,29.69,1,1,1.0
758,38,525.44,154.03,94.23,41.32,1,1,1.0
758,39,751.57,211.84,134.34,54.12,1,1,0.8145
759,35,259.41,121.81,50.07,22.98,1,1,0.5405
759,36,387.2,194.35,110.23,63.5,1,1,1.0
759,37,397.01,124.16,60.31,29.37,1,1,1.0
759,38,518.83,152.11,93.37,41.74,1,1,1.0
759,39,740.69,209.49,132.2,52.42,1,1,0.8127
760,35,256.64,121.17,50.07,23.19,1,1,0.467
760,36,395.73,196.91,111.08,63.72,1,1,1.0
760,37,392.64,123.41,59.45,29.06,1,1,1.0
760,38,512.21,150.19,92.52,42.17,1,1,1.0
760,39,729.81,207.15,130.07,50.7,1,1,0.811
761,35,253.87,120.53,50.06,23.4,1,1,0.4915
761,36,404.27,199.47,111.93,63.93,1,1,1.0
761,37,388.27,122.67,58.6,28.73,1,1,1.0
761,38,505.6,148.27,91.67,42.6,1,1,1.0
761,39,718.93,204.8,127.94,49.0,1,1,0.8256
762,35,251.31,119.89,49.85,23.4,1,1,0.4539
762,36,410.67,200.53,115.56,67.35,1,1,1.0
762,37,384.75,121.92,58.28,28.63,1,1,1.0
762,38,499.2,147.63,89.96,41.32,1,1,1.0
762,39,708.69,201.81,126.66,49.86,1,1,0.9147
763,35,248.75,119.25,49.64,23.4,1,1,0.4594
763,36,417.07,201.6,119.18,70.76,1,1,1.0
763,37,381.23,121.17,57.96,28.52,1,1,1.0
763,38,492.8,146.99,88.25,40.04,1,1,1.0
763,39,698.45,198.83,125.38,50.7,1,1,1.0
764,35,246.19,118.61,49.42,23.4,1,1,0.4087
764,36,423.47,202.67,122.81,74.17,1,1,1.0
764,37,377.71,120.43,57.64,28.41,1,1,1.0
764,38,486.4,146.35,86.55,38.76,1,1,1.0
764,39,688.21,195.84,124.1,51.56,1,1,1.0
765,35,243.63,117.97,49.21,23.4,1,1,0.4486
765,36,429.87,203.73,126.44,77.59,1,1,1.0
765,37,374.19,119.68,57.32,28.31,1,1,1.0
765,38,480.0,145.71,84.84,37.48,1,1,1.0
765,39,677.97,192.85,122.82,52.42,1,1,1.0
766,35,241.07,117.33,49.0,23.4,1,1,0.4663
766,36,436.27,204.8,130.06,81.0,1,1,1.0
766,37,370.67,118.93,57.0,28.2,1,1,1.0
766,38,473.6,145.07,83.13,36.2,1,1,1.0
766,39,667.73,189.87,121.54,53.26,1,1,1.0
766,40,888.53,249.6,72.47,40.47,1,1,0.4998
767,35,237.87,116.91,49.64,24.04,1,1,0.304
767,36,446.93,207.57,133.48,82.92,1,1,1.0
767,37,367.15,118.19,56.68,28.09,1,1,1.0
767,38,468.48,143.79,82.07,36.41,1,1,1.0
767,39,659.84,188.16,118.55,51.77,1,1,1.0
767,40,879.15,245.76,81.85,44.73,1,1,0.4849
768,35,234.67,116.48,50.28,24.68,1,1,0.3112
768,36,457.6,210.35,136.89,84.84,1,1,1.0
768,37,363.63,117.44,56.36,27.99,1,1,1.0
768,38,463.36,142.51,81.0,36.62,1,1,1.0
768,39,651.95,186.45,115.56,50.28,1,1,1.0
768,40,869.76,241.92,91.24,49.0,1,1,0.4761
769,35,231.47,116.05,50.92,25.32,1,1,0.3356
769,36,468.27,213.12,140.3,86.76,1,1,1.0
769,37,360.11,116.69,56.04,27.88,1,1,1.0
769,38,458.24,141.23,79.93,36.84,1,1,1.0
769,39,644.05,184.75,112.58,48.78,1,1,1.0
769,40,860.37,238.08,100.63,53.27,1,1,0.4772
770,35,228.27,115.63,51.56,25.96,1,1,0.2681
770,36,478.93,215.89,143.72,88.68,1,1,1.0
770,37,356.59,115.95,55.72,27.77,1,1,1.0
770,38,453.12,139.95,78.87,37.05,1,1,1.0
770,39,636.16,183.04,109.59,47.29,1,1,1.0
770,40,850.99,234.24,110.01,57.53,1,1,0.4729
771,35,225.07,115.2,52.2,26.6,1,1,0.2728
771,36,489.6,218.67,147.13,90.6,1,1,1.0
771,37,353.07,115.2,55.4,27.67,1,1,1.0
771,38,448.0,138.67,77.8,37.26,1,1,1.0
771,39,628.27,181.33,106.6,45.8,1,1,1.0
771,40,841.6,230.4,119.4,61.8,1,1,0.0369
772,35,223.68,114.45,51.56,26.71,1,1,0.2223
772,36,499.84,221.44,151.61,92.31,1,1,1.0
772,37,349.87,114.77,55.08,27.24,1,1,1.0
772,38,441.6,137.6,78.01,36.63,1,1,1.0
772,39,620.37,178.99,105.54,45.58,1,1,1.0
772,40,827.95,227.41,133.05,62.02,1,1,0.1055
773,35,222.29,113.71,50.92,26.81,1,1,0.2378
773,36,510.08,224.21,156.09,94.02,1,1,1.0
773,37,346.67,114.35,54.76,26.81,1,1,1.0
773,38,435.2,136.53,78.23,35.99,1,1,1.0
773,39,612.48,176.64,104.47,45.37,1,1,1.0
773,40,814.29,224.43,127.08,62.22,1,1,0.0029
774,35,220.91,112.96,50.28,26.92,1,1,0.2803
774,36,520.32,226.99,160.57,95.72,1,1,1.0
774,37,343.47,113.92,54.44,26.39,1,1,1.0
774,38,428.8,135.47,78.44,35.34,1,1,1.0
774,39,604.59,174.29,103.4,45.16,1,1,1.0
774,40,800.64,221.44,133.05,62.44,1,1,0.0141
775,35,219.52,112.21,49.64,27.03,1,1,0.3061
775,36,530.56,229.76,165.05,97.43,1,1,1.0
775,37,340.27,113.49,54.12,25.96,1,1,1.0
775,38,422.4,134.4,78.65,34.71,1,1,1.0
775,39,596.69,171.95,102.34,44.94,1,1,1.0
775,40,786.99,218.45,139.02,62.66,1,1,0.009
776,35,218.13,111.47,49.0,27.13,1,1,0.3162
776,36,540.8,232.53,169.53,99.14,1,1,1.0
776,37,337.07,113.07,53.8,25.53,1,1,1.0
776,38,416.0,133.33,78.87,34.07,1,1,1.0
776,39,588.8,169.6,101.27,44.73,1,1,1.0
776,40,773.33,215.47,145.0,62.86,1,1,0.013
777,35,216.75,110.72,48.36,27.24,1,1,0.3422
777,36,555.09,236.16,172.95,102.12,1,1,1.0
777,37,333.87,112.64,53.48,25.11,1,1,1.0
777,38,411.52,131.84,78.65,34.92,1,1,1.0
777,39,582.19,168.75,99.77,43.66,1,1,1.0
777,40,763.52,213.33,141.59,61.16,1,1,0.0151
778,35,215.36,109.97,47.72,27.35,1,1,0.3878
778,36,569.39,239.79,176.36,105.1,1,1,1.0
778,37,330.67,112.21,53.16,24.68,1,1,1.0
778,38,407.04,130.35,78.44,35.77,1,1,1.0
778,39,575.57,167.89,98.28,42.6,1,1,1.0
778,40,753.71,211.2,138.17,59.45,1,1,0.0155
779,35,213.97,109.23,47.08,27.45,1,1,0.3206
779,36,583.68,243.41,179.77,108.1,1,1,1.0
779,37,327.47,111.79,52.84,24.25,1,1,1.0
779,38,402.56,128.85,78.23,36.63,1,1,1.0
779,39,568.96,167.04,96.79,41.53,1,1,1.0
779,40,743.89,209.07,134.76,57.74,1,1,0.0169
780,35,212.59,108.48,46.44,27.56,1,1,0.3459
780,36,597.97,247.04,183.19,111.08,1,1,1.0
780,37,324.27,111.36,52.52,23.83,1,1,1.0
780,38,398.08,127.36,78.01,37.48,1,1,1.0
780,39,562.35,166.19,95.29,40.46,1,1,1.0
780,40,734.08,206.93,131.35,56.04,1,1,0.0223
781,35,211.2,107.73,45.8,27.67,1,1,0.3963
781,36,612.27,250.67,186.6,114.06,1,1,0.9813
781,37,321.07,110.93,52.2,23.4,1,1,1.0
781,38,393.6,125.87,77.8,38.33,1,1,1.0
781,39,555.73,165.33,93.8,39.4,1,1,1.0
781,40,724.27,204.8,127.93,54.33,1,1,0.0245
782,35,209.92,107.41,45.16,27.03,1,1,0.3939
782,36,629.12,255.36,193.21,118.33,1,1,0.8508
782,37,319.04,110.4,51.77,23.51,1,1,1.0
782,38,389.76,125.12,77.05,38.23,1,1,1.0
782,39,549.55,163.41,92.73,39.19,1,1,1.0
782,40,714.67,203.31,126.86,53.05,1,1,0.0171
783,35,208.64,107.09,44.52,26.39,1,1,0.4336
783,36,645.97,260.05,199.83,122.6,1,1,0.6907
783,37,317.01,109.87,51.35,23.61,1,1,1.0
783,38,385.92,124.37,76.31,38.12,1,1,1.0
783,39,543.36,161.49,91.67,38.98,1,1,1.0
783,40,705.07,201.81,125.8,51.78,1,1,0.2907
784,35,207.36,106.77,43.88,25.75,1,1,0.4474
784,36,662.83,264.75,206.44,126.86,1,1,0.6963
784,37,314.99,109.33,50.92,23.72,1,1,1.0
784,38,382.08,123.63,75.56,38.01,1,1,1.0
784,39,537.17,159.57,90.6,38.76,1,1,1.0
784,40,695.47,200.32,124.73,50.49,1,1,0.4934
785,35,206.08,106.45,43.24,25.11,1,1,0.407
785,36,679.68,269.44,213.05,131.13,1,1,0.7056
785,37,312.96,108.8,50.49,23.83,1,1,1.0
785,38,378.24,122.88,74.81,37.91,1,1,1.0
785,39,530.99,157.65,89.53,38.55,1,1,1.0
785,40,685.87,198.83,123.66,49.21,1,1,0.4908
786,35,204.8,106.13,42.6,24.47,1,1,0.4258
786,36,696.53,274.13,219.67,135.4,1,1,0.7053
786,37,310.93,108.27,50.07,23.93,1,1,1.0
786,38,374.4,122.13,74.07,37.8,1,1,1.0
786,39,524.8,155.73,88.47,38.34,1,1,1.0
786,40,676.27,197.33,122.6,47.94,1,1,0.529
787,35,203.52,105.81,41.96,23.83,1,1,0.467
787,36,713.81,281.17,209.64,133.7,1,1,0.6824
787,37,308.91,107.73,49.64,24.04,1,1,1.0
787,38,370.56,121.39,73.32,37.69,1,1,1.0
787,39,519.47,154.67,87.18,38.12,1,1,1.0
787,40,667.95,194.99,120.04,48.36,1,1,0.522
788,35,202.24,105.49,41.32,23.19,1,1,0.5457
788,36,731.09,288.21,199.62,131.99,1,1,0.6644
788,37,306.88,107.2,49.21,24.15,1,1,1.0
788,38,366.72,120.64,72.57,37.59,1,1,1.0
788,39,514.13,153.6,85.91,37.91,1,1,1.0
788,40,659.63,192.64,117.48,48.79,1,1,0.5706
789,35,200.96,105.17,40.68,22.55,1,1,0.6174
789,36,748.37,295.25,189.59,130.28,1,1,0.6501
789,37,304.85,106.67,48.79,24.25,1,1,1.0
789,38,362.88,119.89,71.83,37.48,1,1,1.0
789,39,508.8,152.53,84.63,37.7,1,1,1.0
789,40,651.31,190.29,114.92,49.22,1,1,0.5649
790,35,199.68,104.85,40.04,21.91,1,1,0.5217
790,36,765.65,302.29,179.56,128.58,1,1,0.6269
790,37,302.83,106.13,48.36,24.36,1,1,1.0
790,38,359.04,119.15,71.08,37.37,1,1,1.0
790,39,503.47,151.47,83.34,37.48,1,1,1.0
790,40,642.99,187.95,112.36,49.64,1,1,0.567
791,35,198.4,104.53,39.4,21.27,1,1,0.5393
791,36,782.93,309.33,178.07,126.87,1,1,0.6369
791,37,300.8,105.6,47.93,24.47,1,1,1.0
791,38,355.2,118.4,70.33,37.27,1,1,1.0
791,39,498.13,150.4,82.07,37.27,1,1,1.0
791,40,634.67,185.6,109.8,50.07,1,1,0.5552
792,36,805.12,316.16,155.88,118.97,1,1,0.7244
792,37,298.35,105.07,47.18,24.57,1,1,1.0
792,38,351.36,118.29,69.69,36.74,1,1,1.0
792,39,492.8,149.33,81.21,37.06,1,1,1.0
792,40,625.71,184.32,108.52,48.79,1,1,0.5352
793,36,827.31,322.99,133.69,111.08,1,1,0.877
793,37,295.89,104.53,46.44,24.68,1,1,1.0
793,38,347.52,118.19,69.05,36.2,1,1,1.0
793,39,487.47,148.27,80.36,36.84,1,1,1.0
793,40,616.75,183.04,107.24,47.51,1,1,0.5297
794,36,849.49,329.81,111.51,103.19,1,1,1.0
794,37,293.44,104.0,45.69,24.79,1,1,1.0
794,38,343.68,118.08,68.41,35.67,1,1,1.0
794,39,482.13,147.2,79.51,36.63,1,1,1.0
794,40,607.79,181.76,105.96,46.23,1,1,0.5286
795,36,871.68,336.64,89.32,95.29,1,1,1.0
795,37,290.99,103.47,44.94,24.89,1,1,1.0
795,38,339.84,117.97,67.77,35.14,1,1,1.0
795,39,476.8,146.13,78.65,36.42,1,1,1.0
795,40,598.83,180.48,104.68,44.95,1,1,0.576
796,36,893.87,343.47,67.13,87.4,1,1,1.0
796,37,288.53,102.93,44.2,25.0,1,1,1.0
796,38,336.0,117.87,67.13,34.6,1,1,1.0
796,39,471.47,145.07,77.8,36.2,1,1,1.0
796,40,589.87,179.2,103.4,43.67,1,1,0.5517
797,37,286.08,102.4,43.45,25.11,1,1,1.0
797,38,332.16,117.76,66.49,34.07,1,1,1.0
797,39,466.13,144.64,77.16,34.92,1,1,1.0
797,40,582.4,177.71,101.48,43.02,1,1,0.5508
798,37,283.63,101.87,42.7,25.21,1,1,1.0
798,38,328.32,117.65,65.85,33.54,1,1,1.0
798,39,460.8,144.21,76.52,33.64,1,1,1.0
798,40,574.93,176.21,99.56,42.39,1,1,0.5989
799,37,281.17,101.33,41.96,25.32,1,1,1.0
799,38,324.48,117.55,65.21,33.0,1,1,1.0
799,39,455.47,143.79,75.88,32.36,1,1,1.0
799,40,567.47,174.72,97.64,41.75,1,1,0.5129
800,37,278.72,100.8,41.21,25.43,1,1,1.0
800,38,320.64,117.44,64.57,32.47,1,1,1.0
800,39,450.13,143.36,75.24,31.08,1,1,1.0
800,40,560.0,173.23,95.72,41.1,1,1,0.5091
801,37,276.27,100.27,40.46,25.53,1,1,1.0
801,38,316.8,117.33,63.93,31.94,1,1,1.0
801,39,444.8,142.93,74.6,29.8,1,1,1.0
801,40,552.53,171.73,93.8,40.47,1,1,0.5009
802,37,273.81,100.16,40.58,25.21,1,1,1.0
802,38,313.92,116.69,63.29,31.62,1,1,1.0
802,39,440.75,142.08,73.1,29.59,1,1,1.0
802,40,544.85,170.24,92.74,40.25,1,1,0.5591
803,37,271.36,100.05,40.68,24.9,1,1,1.0
803,38,311.04,116.05,62.65,31.3,1,1,1.0
803,39,436.69,141.23,71.62,29.37,1,1,1.0
803,40,537.17,168.75,91.67,40.04,1,1,0.5444
804,37,268.91,99.95,40.78,24.57,1,1,0.9861
804,38,308.16,115.41,62.01,30.98,1,1,1.0
804,39,432.64,140.37,70.12,29.16,1,1,1.0
804,40,529.49,167.25,90.6,39.83,1,1,0.5419
805,37,266.45,99.84,40.9,24.25,1,1,0.9805
805,38,305.28,114.77,61.37,30.66,1,1,1.0
805,39,428.59,139.52,68.62,28.95,1,1,1.0
805,40,521.81,165.76,89.54,39.61,1,1,0.5339
806,37,264.0,99.73,41.0,23.94,1,1,0.9747
806,38,302.4,114.13,60.73,30.34,1,1,1.0
806,39,424.53,138.67,67.14,28.73,1,1,1.0
806,40,514.13,164.27,88.47,39.4,1,1,0.5265
806,41,137.6,124.8,42.6,25.53,1,1,0.6644
807,37,261.55,99.63,41.1,23.61,1,1,0.9686
807,38,299.52,113.49,60.09,30.02,1,1,1.0
807,39,419.84,137.39,67.35,29.8,1,1,1.0
807,40,508.16,163.41,86.12,38.76,1,1,0.4796
807,41,139.31,125.23,42.81,25.74,1,1,0.6601
808,37,259.09,99.52,41.22,23.29,1,1,0.9619
808,38,296.64,112.85,59.45,29.7,1,1,1.0
808,39,415.15,136.11,67.56,30.86,1,1,1.0
808,40,502.19,162.56,83.77,38.12,1,1,0.4575
808,41,141.01,125.65,43.03,25.96,1,1,0.6643
809,37,256.64,99.41,41.32,22.98,1,1,0.955
809,38,293.76,112.21,58.81,29.38,1,1,1.0
809,39,410.45,134.83,67.78,31.93,1,1,1.0
809,40,496.21,161.71,81.43,37.48,1,1,0.497
809,41,142.72,126.08,43.24,26.17,1,1,0.6068
810,37,254.19,99.31,41.42,22.65,1,1,0.9476
810,38,290.88,111.57,58.17,29.06,1,1,1.0
810,39,405.76,133.55,67.99,33.0,1,1,1.0
810,40,490.24,160.85,79.08,36.84,1,1,0.4863
810,41,144.43,126.51,43.45,26.38,1,1,0.6087
811,37,251.73,99.2,41.54,22.33,1,1,0.9398
811,38,288.0,110.93,57.53,28.74,1,1,1.0
811,39,401.07,132.27,68.2,34.06,1,1,1.0
811,40,484.27,160.0,76.73,36.2,1,1,0.4972
811,41,146.13,126.93,43.67,26.6,1,1,0.6341
812,37,250.35,98.88,41.1,22.44,1,1,0.9288
812,38,285.44,110.4,56.68,28.84,1,1,1.0
812,39,397.44,131.52,67.45,33.85,1,1,1.0
812,40,477.23,158.93,76.73,35.99,1,1,0.4796
812,41,149.33,128.0,43.67,27.03,1,1,0.6111
813,37,248.96,98.56,40.68,22.55,1,1,0.9172
813,38,282.88,109.87,55.83,28.94,1,1,1.0
813,39,393.81,130.77,66.71,33.64,1,1,1.0
813,40,470.19,157.87,76.73,35.77,1,1,0.4688
813,41,152.53,129.07,43.67,27.45,1,1,0.6239
814,37,247.57,98.24,40.26,22.65,1,1,0.9048
814,38,280.32,109.33,54.97,29.06,1,1,1.0
814,39,390.19,130.03,65.96,33.42,1,1,1.0
814,40,463.15,156.8,76.73,35.56,1,1,0.4894
814,41,155.73,130.13,43.67,27.88,1,1,0.5649
815,37,246.19,97.92,39.82,22.76,1,1,0.8919
815,38,277.76,108.8,54.12,29.16,1,1,1.0
815,39,386.56,129.28,65.21,33.21,1,1,1.0
815,40,456.11,155.73,76.73,35.35,1,1,0.4625
815,41,158.93,131.2,43.67,28.31,1,1,0.5851
816,37,244.8,97.6,39.4,22.87,1,1,0.8781
816,38,275.2,108.27,53.27,29.26,1,1,1.0
816,39,382.93,128.53,64.47,33.0,1,1,1.0
816,40,449.07,154.67,76.73,35.13,1,1,0.4995
816,41,162.13,132.27,43.67,28.73,1,1,0.5679
817,37,243.41,97.28,38.98,22.97,1,1,0.8637
817,38,272.64,107.73,52.41,29.38,1,1,1.0
817,39,379.31,127.79,63.72,32.78,1,1,1.0
817,40,443.09,153.6,75.24,34.28,1,1,0.4847
817,41,163.84,132.69,45.37,29.16,1,1,0.6253
818,37,242.03,96.96,38.54,23.08,1,1,0.8486
818,38,270.08,107.2,51.56,29.48,1,1,1.0
818,39,375.68,127.04,62.97,32.57,1,1,0.9947
818,40,437.12,152.53,73.75,33.43,1,1,0.4692
818,41,165.55,133.12,47.08,29.59,1,1,0.6909
819,37,240.64,96.64,38.12,23.19,1,1,0.8327
819,38,267.52,106.67,50.71,29.58,1,1,1.0
819,39,372.05,126.29,62.23,32.36,1,1,0.9888
819,40,431.15,151.47,72.25,32.57,1,1,0.516
819,41,167.25,133.55,48.79,30.01,1,1,0.7425
820,37,239.25,96.32,37.7,23.29,1,1,0.8159
820,38,264.96,106.13,49.85,29.7,1,1,1.0
820,39,368.43,125.55,61.48,32.14,1,1,0.9825
820,40,425.17,150.4,70.76,31.72,1,1,0.4978
820,41,168.96,133.97,50.49,30.44,1,1,0.7823
821,37,237.87,96.0,37.26,23.4,1,1,0.7985
821,38,262.4,105.6,49.0,29.8,1,1,1.0
821,39,364.8,124.8,60.73,31.93,1,1,0.9758
821,40,419.2,149.33,69.27,30.87,1,1,0.5551
821,41,170.67,134.4,52.2,30.87,1,1,0.8038
822,37,236.48,95.89,36.95,23.08,1,1,0.787
822,38,260.16,105.28,48.68,29.27,1,1,1.0
822,39,361.71,124.27,60.41,31.5,1,1,0.9708
822,40,414.72,148.27,68.2,31.08,1,1,0.5451
822,41,174.29,135.89,52.42,30.87,1,1,0.8725
823,37,235.09,95.79,36.63,22.76,1,1,0.7751
823,38,257.92,104.96,48.36,28.73,1,1,1.0
823,39,358.61,123.73,60.1,31.08,1,1,0.9655
823,40,410.24,147.2,67.13,31.29,1,1,0.4759
823,41,177.92,137.39,52.63,30.86,1,1,0.9478
824,37,233.71,95.68,36.3,22.44,1,1,0.7629
824,38,255.68,104.64,48.04,28.2,1,1,1.0
824,39,355.52,123.2,59.77,30.65,1,1,0.9598
824,40,405.76,146.13,66.07,31.51,1,1,0.5257
824,41,181.55,138.88,52.84,30.87,1,1,1.0
825,37,232.32,95.57,35.99,22.12,1,1,0.7502
825,38,253.44,104.32,47.72,27.67,1,1,1.0
825,39,352.43,122.67,59.45,30.22,1,1,0.9539
825,40,401.28,145.07,65.0,31.72,1,1,0.4765
825,41,185.17,140.37,53.06,30.87,1,1,1.0
826,37,230.93,95.47,35.67,21.8,1,1,0.7372
826,38,251.2,104.0,47.4,27.13,1,1,1.0
826,39,349.33,122.13,59.14,29.8,1,1,0.9475
826,40,396.8,144.0,63.93,31.93,1,1,0.5105
826,41,188.8,141.87,53.27,30.86,1,1,1.0
827,37,229.55,95.36,35.34,21.48,1,1,0.7238
827,38,248.96,103.68,47.08,26.6,1,1,1.0
827,39,346.24,121.6,58.81,29.37,1,1,0.943
827,40,392.11,143.36,63.08,31.29,1,1,0.4695
827,41,191.57,142.93,54.98,31.51,1,1,1.0
828,37,228.16,95.25,35.03,21.16,1,1,0.71
828,38,246.72,103.36,46.76,26.07,1,1,1.0
828,39,343.15,121.07,58.49,28.94,1,1,0.9387
828,40,387.41,142.72,62.23,30.65,1,1,0.4563
828,41,194.35,144.0,56.68,32.15,1,1,1.0
829,37,226.77,95.15,34.71,20.84,1,1,0.6957
829,38,244.48,103.04,46.44,25.53,1,1,1.0
829,39,340.05,120.53,58.18,28.52,1,1,0.9348
829,40,382.72,142.08,61.37,30.01,1,1,0.3972
829,41,197.12,145.07,58.39,32.78,1,1,1.0
830,37,225.39,95.04,34.38,20.52,1,1,0.6809
830,38,242.24,102.72,46.12,25.0,1,1,1.0
830,39,336.96,120.0,57.85,28.09,1,1,0.9313
830,40,378.03,141.44,60.52,29.37,1,1,0.4276
830,41,199.89,146.13,60.1,33.43,1,1,1.0
831,37,224.0,94.93,34.07,20.2,1,1,0.6657
831,38,240.0,102.4,45.8,24.47,1,1,1.0
831,39,333.87,119.47,57.53,27.66,1,1,0.9281
831,40,373.33,140.8,59.67,28.73,1,1,0.4149
831,41,202.67,147.2,61.8,34.07,1,1,1.0
832,38,238.08,102.29,45.27,24.47,1,1,1.0
832,39,331.41,119.25,57.11,27.56,1,1,0.9224
832,40,368.21,140.8,59.03,28.09,1,1,0.4012
832,41,206.51,148.48,62.44,34.71,1,1,1.0
833,38,236.16,102.19,44.73,24.46,1,1,1.0
833,39,328.96,119.04,56.68,27.45,1,1,0.9175
833,40,363.09,140.8,58.39,27.45,1,1,0.4221
833,41,210.35,149.76,63.08,35.35,1,1,1.0
834,38,234.24,102.08,44.2,24.47,1,1,1.0
834,39,326.51,118.83,56.25,27.34,1,1,0.9134
834,40,357.97,140.8,57.75,26.81,1,1,0.3741
834,41,214.19,151.04,63.72,35.99,1,1,1.0
835,38,232.32,101.97,43.67,24.47,1,1,1.0
835,39,324.05,118.61,55.83,27.24,1,1,0.9102
835,40,352.85,140.8,57.11,26.17,1,1,0.3646
835,41,218.03,152.32,64.36,36.63,1,1,1.0
836,38,230.4,101.87,43.13,24.46,1,1,1.0
836,39,321.6,118.4,55.4,27.13,1,1,0.9079
836,40,347.73,140.8,56.47,25.53,1,1,0.2855
836,41,221.87,153.6,65.0,37.27,1,1,1.0
837,38,228.48,101.76,42.6,24.47,1,1,1.0
837,39,319.15,118.19,54.97,27.02,1,1,0.8869
837,40,343.47,139.73,56.25,25.54,1,1,0.3492
837,41,226.35,155.52,66.28,37.91,1,1,1.0
838,38,226.56,101.65,42.07,24.47,1,1,1.0
838,39,316.69,117.97,54.55,26.92,1,1,0.8643
838,40,339.2,138.67,56.04,25.53,1,1,0.3772
838,41,230.83,157.44,67.56,38.55,1,1,1.0
839,38,224.64,101.55,41.53,24.46,1,1,1.0
839,39,314.24,117.76,54.12,26.81,1,1,0.8394
839,40,334.93,137.6,55.83,25.53,1,1,0.3469
839,41,235.31,159.36,68.84,39.19,1,1,1.0
840,38,222.72,101.44,41.0,24.47,1,1,1.0
840,39,311.79,117.55,53.69,26.7,1,1,0.8125
840,40,330.67,136.53,55.61,25.54,1,1,0.3708
840,41,239.79,161.28,70.12,39.83,1,1,1.0
841,38,220.8,101.33,40.47,24.47,1,1,1.0
841,39,309.33,117.33,53.27,26.6,1,1,0.7839
841,40,326.4,135.47,55.4,25.53,1,1,0.3341
841,41,244.27,163.2,71.4,40.47,1,1,1.0
842,39,307.09,116.69,52.84,26.28,1,1,0.7628
842,40,321.49,134.4,55.83,25.53,1,1,0.3853
842,41,249.81,163.84,72.47,42.17,1,1,1.0
843,39,304.85,116.05,52.42,25.96,1,1,0.7405
843,40,316.59,133.33,56.25,25.54,1,1,0.3395
843,41,255.36,164.48,73.53,43.88,1,1,1.0
844,39,302.61,115.41,51.99,25.64,1,1,0.7173
844,40,311.68,132.27,56.68,25.53,1,1,0.3846
844,41,260.91,165.12,74.6,45.59,1,1,1.0
845,39,300.37,114.77,51.56,25.32,1,1,0.6925
845,40,306.77,131.2,57.11,25.53,1,1,0.3588
845,41,266.45,165.76,75.67,47.29,1,1,1.0
846,39,298.13,114.13,51.14,25.0,1,1,0.6663
846,40,301.87,130.13,57.53,25.54,1,1,0.3405
846,41,272.0,166.4,76.73,49.0,1,1,1.0
847,39,295.89,113.49,50.71,24.68,1,1,0.6577
847,40,299.52,129.07,56.89,25.74,1,1,0.3524
847,41,277.97,168.75,78.23,49.21,1,1,1.0
848,39,293.65,112.85,50.28,24.36,1,1,0.6484
848,40,297.17,128.0,56.26,25.96,1,1,0.3237
848,41,283.95,171.09,79.72,49.43,1,1,1.0
849,39,291.41,112.21,49.86,24.04,1,1,0.6389
849,40,294.83,126.93,55.61,26.18,1,1,0.3643
849,41,289.92,173.44,81.21,49.64,1,1,1.0
850,39,289.17,111.57,49.43,23.72,1,1,0.6295
850,40,292.48,125.87,54.97,26.38,1,1,0.389
850,41,295.89,175.79,82.71,49.85,1,1,1.0
851,39,286.93,110.93,49.0,23.4,1,1,0.6193
851,40,290.13,124.8,54.34,26.6,1,1,0.3609
851,41,301.87,178.13,84.2,50.07,1,1,1.0
852,39,284.69,110.51,48.36,23.4,1,1,0.6322
852,40,287.36,124.8,52.2,25.96,1,1,0.3692
852,41,307.63,181.12,87.61,50.71,1,1,1.0
853,39,282.45,110.08,47.72,23.4,1,1,0.6457
853,40,284.59,124.8,50.06,25.32,1,1,0.2844
853,41,313.39,184.11,91.02,51.34,1,1,1.0
854,39,280.21,109.65,47.08,23.4,1,1,0.6594
854,40,281.81,124.8,47.94,24.68,1,1,0.4041
854,41,319.15,187.09,94.44,51.99,1,1,1.0
855,39,277.97,109.23,46.44,23.4,1,1,0.6731
855,40,279.04,124.8,45.8,24.04,1,1,0.3142
855,41,324.91,190.08,97.85,52.63,1,1,1.0
856,39,275.73,108.8,45.8,23.4,1,1,0.6985
856,40,276.27,124.8,43.66,23.4,1,1,0.3077
856,41,330.67,193.07,101.26,53.26,1,1,1.0
856,42,883.2,210.13,77.8,40.47,1,1,1.0
857,39,273.49,108.37,45.16,23.4,1,1,0.6886
857,40,273.28,124.16,43.45,22.76,1,1,0.2689
857,41,339.41,195.2,103.62,54.97,1,1,1.0
857,42,868.27,206.08,77.58,41.75,1,1,1.0
858,39,271.25,107.95,44.52,23.4,1,1,0.6822
858,40,270.29,123.52,43.24,22.12,1,1,0.3302
858,41,348.16,197.33,105.96,56.68,1,1,1.0
858,42,853.33,202.03,83.78,43.02,1,1,1.0
859,39,269.01,107.52,43.88,23.4,1,1,0.6765
859,40,267.31,122.88,43.02,21.48,1,1,0.3422
859,41,356.91,199.47,108.3,58.38,1,1,1.0
859,42,838.4,197.97,89.96,44.31,1,1,0.8822
860,39,266.77,107.09,43.24,23.4,1,1,0.6709
860,40,264.32,122.24,42.81,20.84,1,1,0.2824
860,41,365.65,201.6,110.66,60.09,1,1,1.0
860,42,823.47,193.92,96.14,45.59,1,1,0.7844
861,39,264.53,106.67,42.6,23.4,1,1,0.6652
861,40,261.33,121.6,42.6,20.2,1,1,0.3276
861,41,374.4,203.73,113.0,61.8,1,1,1.0
861,42,808.53,189.87,102.34,46.86,1,1,0.7348
861,43,906.67,178.13,54.33,77.8,1,1,1.0
862,39,262.61,106.45,42.5,23.19,1,1,0.6599
862,40,257.28,120.75,43.03,21.05,1,1,0.262
862,41,384.43,206.72,115.98,64.15,1,1,1.0
862,42,794.88,187.95,101.05,46.01,1,1,0.7417
862,43,892.8,171.73,68.2,84.2,1,1,1.0
863,39,260.69,106.24,42.39,22.97,1,1,0.6555
863,40,253.23,119.89,43.45,21.91,1,1,0.2916
863,41,394.45,209.71,118.98,66.49,1,1,1.0
863,42,781.23,186.03,99.77,45.16,1,1,0.7497
863,43,878.93,165.33,82.07,90.6,1,1,1.0
864,39,258.77,106.03,42.28,22.76,1,1,0.6527
864,40,249.17,119.04,43.88,22.76,1,1,0.2336
864,41,404.48,212.69,121.96,68.84,1,1,1.0
864,42,767.57,184.11,98.5,44.3,1,1,0.7665
864,43,865.07,158.93,95.93,97.0,1,1,1.0
865,39,256.85,105.81,42.18,22.55,1,1,0.6516
865,40,245.12,118.19,44.31,23.61,1,1,0.2684
865,41,414.51,215.68,124.94,71.19,1,1,1.0
865,42,753.92,182.19,97.21,43.45,1,1,0.7872
865,43,851.2,152.53,109.8,103.4,1,1,0.993
866,39,254.93,105.6,42.07,22.33,1,1,0.6517
866,40,241.07,117.33,44.73,24.47,1,1,0.2077
866,41,424.53,218.67,127.94,73.53,1,1,1.0
866,42,740.27,180.27,95.93,42.6,1,1,0.9354
866,43,837.33,146.13,123.67,109.8,1,1,0.8625
867,39,253.01,105.39,41.96,22.12,1,1,0.6707
867,40,238.93,117.33,44.1,24.68,1,1,0.2094
867,41,436.48,222.51,132.84,76.3,1,1,1.0
867,42,727.47,178.77,98.49,42.6,1,1,1.0
867,43,827.52,144.85,133.48,112.58,1,1,0.771
868,39,251.09,105.17,41.86,21.91,1,1,0.69
868,40,236.8,117.33,43.45,24.9,1,1,0.21
868,41,448.43,226.35,137.74,79.08,1,1,1.0
868,42,714.67,177.28,101.05,42.6,1,1,1.0
868,43,817.71,143.57,143.29,115.35,1,1,0.6593
869,39,249.17,104.96,41.75,21.69,1,1,0.7086
869,40,234.67,117.33,42.81,25.11,1,1,0.1951
869,41,460.37,230.19,142.66,81.85,1,1,1.0
869,42,701.87,175.79,103.61,42.6,1,1,1.0
869,43,807.89,142.29,153.11,118.12,1,1,0.5493
870,39,247.25,104.75,41.64,21.48,1,1,0.7268
870,40,232.53,117.33,42.18,25.32,1,1,0.1055
870,41,472.32,234.03,147.56,84.62,1,1,1.0
870,42,689.07,174.29,106.17,42.6,1,1,1.0
870,43,798.08,141.01,162.92,120.9,1,1,0.41
871,39,245.33,104.53,41.54,21.27,1,1,0.745
871,40,230.4,117.33,41.53,25.54,1,1,0.1045
871,41,484.27,237.87,152.46,87.4,1,1,1.0
871,42,676.27,172.8,108.73,42.6,1,1,1.0
871,43,788.27,139.73,172.73,123.67,1,1,0.3854
872,39,243.84,104.11,41.11,21.48,1,1,0.7311
872,40,228.05,116.37,41.54,25.64,1,1,0.1538
872,41,498.77,242.56,159.08,90.39,1,1,1.0
872,42,665.92,170.77,107.99,42.6,1,1,1.0
872,43,779.09,138.88,181.91,124.95,1,1,0.3299
873,39,242.35,103.68,40.68,21.69,1,1,0.719
873,40,225.71,115.41,41.53,25.75,1,1,0.1949
873,41,513.28,247.25,165.69,93.38,1,1,1.0
873,42,655.57,168.75,107.24,42.6,1,1,1.0
873,43,769.92,138.03,191.08,126.22,1,1,0.3458
874,39,240.85,103.25,40.26,21.91,1,1,0.7081
874,40,223.36,114.45,41.53,25.86,1,1,0.2267
874,41,527.79,251.95,172.3,96.36,1,1,1.0
874,42,645.23,166.72,106.49,42.6,1,1,1.0
874,43,760.75,137.17,200.25,127.51,1,1,0.334
875,39,239.36,102.83,39.83,22.12,1,1,0.6984
875,40,221.01,113.49,41.54,25.96,1,1,0.2855
875,41,542.29,256.64,178.92,99.35,1,1,1.0
875,42,634.88,164.69,105.75,42.6,1,1,1.0
875,43,751.57,136.32,209.43,128.79,1,1,0.3178
876,39,237.87,102.4,39.4,22.33,1,1,0.6904
876,40,218.67,112.53,41.53,26.07,1,1,0.2865
876,41,556.8,261.33,185.53,102.34,1,1,1.0
876,42,624.53,162.67,105.0,42.6,1,1,1.0
876,43,742.4,135.47,218.6,130.06,1,1,0.3439
877,39,236.37,101.97,38.98,22.55,1,1,0.6835
877,40,216.32,111.57,41.53,26.18,1,1,0.3506
877,41,576.85,268.8,191.51,105.75,1,1,1.0
877,42,614.19,160.64,104.25,42.6,1,1,1.0
877,43,733.44,133.97,227.56,132.2,1,1,0.2927
878,39,234.88,101.55,38.55,22.76,1,1,0.6779
878,40,213.97,110.61,41.54,26.28,1,1,0.3657
878,41,596.91,276.27,197.48,109.16,1,1,0.9833
878,42,603.84,158.61,103.51,42.6,1,1,1.0
878,43,724.48,132.48,236.52,134.33,1,1,0.279
879,39,233.39,101.12,38.12,22.97,1,1,0.674
879,40,211.63,109.65,41.53,26.39,1,1,0.4
879,41,616.96,283.73,203.45,112.58,1,1,0.8673
879,42,593.49,156.59,102.76,42.6,1,1,1.0
879,43,715.52,130.99,245.48,136.46,1,1,0.3109
880,39,231.89,100.69,37.7,23.19,1,1,0.6713
880,40,209.28,108.69,41.53,26.5,1,1,0.4438
880,41,637.01,291.2,209.43,115.99,1,1,0.7302
880,42,583.15,154.56,102.01,42.6,1,1,1.0
880,43,706.56,129.49,254.44,138.6,1,1,0.2621
881,39,230.4,100.27,37.27,23.4,1,1,0.6697
881,40,206.93,107.73,41.54,26.6,1,1,0.4752
881,41,657.07,298.67,215.4,119.4,1,1,0.7354
881,42,572.8,152.53,101.27,42.6,1,1,1.0
881,43,697.6,128.0,263.4,140.73,1,1,0.2521
882,39,229.07,100.0,37.0,23.67,1,1,0.6597
882,40,205.07,106.67,41.53,27.4,1,1,0.498
882,41,678.4,303.73,214.87,126.87,1,1,0.7167
882,42,563.73,152.0,100.47,41.8,1,1,1.0
882,43,687.73,125.33,273.27,141.8,1,1,0.2759
883,39,227.73,99.73,36.74,23.94,1,1,0.6507
883,40,203.2,105.6,41.53,28.2,1,1,0.4505
883,41,699.73,308.8,214.34,134.33,1,1,0.7182
883,42,554.67,151.47,99.66,41.0,1,1,1.0
883,43,677.87,122.67,270.33,142.86,1,1,0.2666
884,39,226.4,99.47,36.47,24.2,1,1,0.6429
884,40,201.33,104.53,41.54,29.0,1,1,0.4911
884,41,721.07,313.87,213.8,141.8,1,1,0.707
884,42,545.6,150.93,98.87,40.2,1,1,1.0
884,43,668.0,120.0,277.53,143.93,1,1,0.2469
885,39,225.07,99.2,36.2,24.47,1,1,0.6367
885,40,199.47,103.47,41.53,29.8,1,1,0.4368
885,41,742.4,318.93,218.6,149.27,1,1,0.7139
885,42,536.53,150.4,98.07,39.4,1,1,1.0
885,43,658.13,117.33,284.74,145.0,1,1,0.2629
