video,track_id,seg_id,lvl,nf,speed,A_tichluy,B_net,C_hinhhoc
MVI_20011,28,1,full,15,2.025071230939138,1.0715128842923167,0.6089180410470248,0.9999421466887405
MVI_20011,28,2,full,21,1.2589696117923748,7.862462322895729,0.5016614814143745,2.021705888371089
MVI_20011,28,3,full,12,0.7079451758067286,4.802511740203249,4.136263522870971,7.884750638472535
MVI_20011,40,1,full,24,0.9760000315335128,9.080511686359566,0.12078396802476243,1.4051976491745417
MVI_20012,3,0,full,6,0.4325079818833263,18.492368948777298,9.001438603748182,12.526774184593377
MVI_20012,3,2,full,18,0.7607070795858502,28.58547271619525,5.5769345135765205,2.030045886744937
MVI_20012,14,0,full,10,0.2661679976723141,8.091799103082302,7.183758228672616,12.31338358318526
MVI_20012,38,0,full,29,1.5702640433115012,13.715470866011973,4.178680331603686,10.537009344818657
MVI_20034,48,0,full,19,0.09865072834382059,9.262619258045657,7.4967129492911715,13.172996688253086
MVI_20062,12,1,full,35,0.40146670239658366,0.3793782189013796,0.001553433505408719,0.0001640730925854909
MVI_20062,12,2,full,6,0.5277340872795083,0.31560279951370857,1.7912883966002526e-12,0.02632787752798737
MVI_20063,13,0,full,11,1.4586279205070194,0.11213656285743798,3.562221243239139e-14,0.002439849849743486
MVI_20064,39,0,full,8,0.7445184521859903,1.8478923960695757,0.6216026558643909,0.6790075292784737
MVI_39781,30,0,full,16,2.957208775126795,2.821843635543375,0.2245552905381902,0.27801790470456983
MVI_39781,37,0,full,15,3.258662631455517,0.8871097135028844,0.4658685090066358,0.3642892898770653
MVI_39781,48,0,full,16,3.050379054028506,21.220895505551585,1.5206250014399265,16.770649396671967
MVI_39801,6,0,full,9,17.02341679474747,0.012495807248490906,0.008739786704014771,0.01647344830430988
MVI_39801,14,0,full,8,16.570713375155254,0.21667146035664336,0.21449213179435903,0.18003608845637425
MVI_39801,27,0,full,8,17.424860363350074,0.6798215508017484,0.6716874919927979,0.9645874824036864
MVI_39801,33,0,full,12,13.246929429625823,1.1037625430609965,0.240558263940443,0.3664048842802324
MVI_39801,35,0,full,13,12.399342875453149,2.402016912700088,0.6261878807090856,1.4584544795208183
MVI_39801,40,0,full,12,11.572934411500697,1.9701432352688484,0.0429958665309887,0.09040866334396765
MVI_39811,3,0,full,8,16.430591470618136,3.277155062404617,1.1998085488012955,1.4952657676745693
MVI_39821,17,0,full,39,1.6978343991958382,3.371221958323487,0.27509327967958014,0.14723135035452284
MVI_39821,17,1,full,65,5.298648854631789,1.4237562098542371,0.024290588763562045,0.09477099833015397
MVI_39821,17,2,full,19,14.545659891421511,0.3648136091910195,0.05121528574649514,0.10105707478109512
MVI_39821,22,0,full,8,10.24801664398951,0.65870349038069,0.6388698726957757,1.0169549587406546
MVI_39821,23,0,full,101,7.0114704559551,0.7483321125394938,0.0024688854378645125,0.010454344714080833
MVI_39821,27,0,full,6,9.987955141398286,3.9629681411984032,0.9142301679228577,0.5563205783642301
MVI_39861,1,0,full,8,3.722230340637813,5.984615447615824,5.9529686140462825,11.397090210935955
MVI_39861,4,1,full,24,18.95768686377322,2.4847964589286073,0.44872662769216987,0.27218897963608063
MVI_39861,5,0,full,12,1.6150649275305087,2.321697267517168,1.5243303577953602,2.46886097956932
MVI_39861,9,0,full,12,1.7896018088301504,2.451446018904317,0.36817637338940334,1.1403780176938334
MVI_39861,11,0,full,6,2.0861091576365194,2.4888708209995243,2.4888708209993764,4.965279599550073
MVI_39861,12,0,full,8,2.575803569743177,2.8393306715662208,2.727556839982437,3.656872817889158
MVI_39931,4,0,full,20,2.9550017896733767,1.4817776394668272,1.1187226892019235,1.6245038332264528
MVI_39931,14,0,full,11,5.780378446331656,1.8360333203520842,0.9720871217204751,1.0109739650906657
MVI_39931,19,0,full,9,3.420181632332735,1.6310371895003242,1.6263522335084846,2.4507850878876956
MVI_39931,25,0,full,10,4.338999614751947,0.831715071180809,0.8247132208836491,1.3123563220773724
MVI_40131,1,0,full,61,0.2952646989544577,2.519440740273992,0.1472768298723795,0.20391062325749013
MVI_40131,19,0,full,54,0.05812087691435399,4.5748108377888235,0.0002213570367511153,0.0038856343914012623
MVI_40131,35,0,full,50,0.3842368257852496,3.5776268563074494,0.2187226790592806,0.43358748897574495
MVI_40152,26,0,full,31,2.617915940556688,0.8555285281893911,0.00937611063519955,0.11262456966730047
MVI_40152,46,0,full,9,2.7568119113290495,2.4537557888979777,2.3704906535239765,3.598249024659895
MVI_40152,48,0,full,12,2.4606402092436066,1.3374415437591725,1.1729465933880425,1.1448726730665524
MVI_40162,39,0,full,25,1.8081290294432517,1.0095035514179729,0.039417852125042126,0.028922332173464713
MVI_40162,54,0,full,22,1.660564343296725,4.519346336952301,0.1369185981436581,0.5827015764205121
MVI_40162,55,0,full,10,1.5828904773952688,1.834376103326739,0.3873694542769649,0.7124481099291636
MVI_40162,58,0,full,10,2.002346951654761,1.8937055889995515,1.7938154200314789,2.9375259961404265
MVI_40162,62,0,full,10,2.1825379126477356,1.6855144943787554,1.6289761623984547,2.768836546079465
MVI_40171,9,1,full,10,24.803850460326778,0.4281038442849672,0.10968477782212946,0.08496484750220766
MVI_40171,41,0,full,66,0.02195928686709525,2.4995899309146146,6.2632461419589255e-15,0.002665662070783687
MVI_40171,41,1,full,38,0.058286968801183246,0.20006623154457914,0.00013253503178136961,0.001563133878301885
MVI_40171,42,0,full,14,0.09130281804469309,2.0175317781369753,0.05608591970489704,0.03309117579323037
MVI_40171,42,3,full,772,0.108207110225267,1.8635017480296758,0.03280263173188783,0.1265517595194207
MVI_40171,42,4,full,142,0.07382799375058564,2.3410245963065113,0.0005402554045021328,0.0009814139104415013
MVI_40171,43,0,full,121,0.07269128914820483,2.15427251429688,0.033725733688917986,0.041565329347793445
MVI_40171,43,1,full,1012,0.08431824039786599,2.4925663810575225,0.00015977048555509512,0.03932401186938166
MVI_40171,44,0,full,141,0.05676956508400107,3.0536646932380935,0.16081187177312056,0.172940848681371
MVI_40171,44,1,full,989,0.1201973843434982,2.1758816662657052,0.011577988553203727,0.22708788414847703
MVI_40172,16,0,full,158,4.142930871837042,1.4712769437476867,0.004474756197857137,0.006023285756940099
MVI_40172,99,0,full,42,0.039669722410489695,12.773787150297105,2.9626054426383743,5.92687445609057
MVI_40172,99,1,full,40,0.005245489117353631,21.696242308979052,1.5658115354897311e-13,0.20018386069642588
MVI_40172,99,2,full,15,0.11120921171754769,2.026898258673405,0.02693795214461891,0.030417832254294196
MVI_40172,100,0,full,2225,0.08552384463572583,6.456101550889522,0.006401212153219822,0.04094957799858162
MVI_40172,101,0,full,1489,0.09405324592048389,13.338711583479183,0.04471199919131066,0.050639557310276556
MVI_40172,101,1,full,148,0.06463713291056349,5.745460499827546,0.3977546224229672,3.385007831009035
MVI_40172,101,2,full,526,0.07779442897820261,4.255353082181765,0.18767035048844968,1.6361025395604816
MVI_40172,101,4,full,9,0.11652978129074464,16.431033314102326,14.436347036704543,20.77992055264058
MVI_40172,101,5,full,19,0.07148056813350373,3.2140526277525048,0.016578489999702305,0.044317574436886456
MVI_40172,102,0,full,395,0.1353374668151253,12.04682159927658,0.1843160404357754,1.3208722628565768
MVI_40172,102,1,full,1062,0.07284534956993445,7.227519059118567,0.01517618865207168,0.089987066707516
MVI_40172,102,2,full,7,0.11914180327245187,1.9945012232953045,0.0727623474907266,0.0
MVI_40172,102,5,full,53,0.039012458667548586,4.6916297232244935,0.8790747687072185,1.5241143202876215
MVI_40172,102,7,full,19,0.07539545365278665,1.9985132349854817,0.02506251490027349,0.06642360411839043
MVI_40172,102,8,full,67,0.10882889875800529,5.613996148348909,0.41846873144447505,0.6989224460507933
MVI_40172,102,9,full,87,0.11657636997611437,5.152239740981206,2.0745790767034644,2.802605746290246
MVI_40172,102,11,full,95,0.10276366333420474,5.4079302263821445,1.736816581335786,3.3728330140143634
MVI_40172,105,0,full,47,0.02141304347826055,0.0,0.0,0.0
MVI_40172,105,1,full,42,0.012457698175666386,25.408903382802524,0.0020251742977290717,0.05024191235018237
MVI_40172,105,2,full,7,0.01253475357002336,17.284373700763297,0.08657329974091997,2.362411607971032
MVI_40172,105,3,full,20,0.0075281858718742965,3.4260076021912997,0.0,0.2788327621719763
MVI_40181,68,0,full,11,29.743507709991384,0.21992642501854404,0.1644354096349347,0.19844393046222775
MVI_40201,48,0,full,7,4.196640992501218,0.63041523947251,0.3026550789909375,0.4043147690667835
MVI_40201,48,1,full,6,3.358960544599737,4.142043523258336,4.1251241054632946,8.196789114933138
MVI_40204,35,0,full,21,2.1849913487771686,2.961095263246998,0.49963616517313214,0.41954571195346596
MVI_40204,35,1,full,9,1.6497460495318896,0.41664578604314884,0.36901542216216715,0.5383045717504193
MVI_40204,51,1,full,6,2.37370021073026,2.003231178577123,1.9785302226975516,2.8281491707284623
MVI_40204,71,0,full,16,2.4004487404069694,3.7696969533570903,0.1927014682795218,0.22773774049032586
MVI_40204,81,0,full,9,1.8338265314264308,1.582778532778845,1.5657555001773178,3.122941323144282
MVI_40204,85,0,full,12,1.9071109551017615,1.618246263755131,0.44479400076627756,0.3949458604537438
MVI_40204,85,1,full,7,1.8061738119422726,0.21793002261057481,0.19472232773594403,0.26415213210895283
MVI_40204,90,0,full,8,2.996325216126055,1.7356207943266393,1.726481119440484,1.6920007930014336
MVI_40204,90,4,full,18,1.715361414881422,0.4608810902150524,0.059854727418207014,0.04889822684934932
MVI_40204,98,0,full,53,2.0225881344886507,1.3151998343164384,0.1584139254512351,0.283783906776155
MVI_40204,128,0,full,10,2.147570437093103,2.1438016872246295,2.10199163801985,2.8652249100698626
MVI_40204,162,3,full,14,1.2248558768647857,2.5307629778388403,2.4404561167979137,2.9103820757099625
MVI_40204,165,0,full,6,1.801316830042321,0.16150864851769867,0.0659345426299657,0.08210932350178068
MVI_40211,62,0,full,11,22.287231203682662,0.7703016180354342,0.45627540142626966,0.5961162099263136
MVI_40212,136,0,full,21,18.69413004584383,1.843111763707163,0.7752642993156331,0.7622050676498755
MVI_40213,205,0,full,24,20.216092607851067,1.1164695043792257,0.2765692836497978,0.4211893659931819
MVI_40241,147,0,full,29,4.6162803605902685,0.18191187483494467,0.026686577577516697,0.07139193844796321
MVI_40241,153,0,full,10,3.267579220203846,0.4825551801014669,0.45682679978654583,0.9098449508563593
MVI_40241,160,0,full,8,2.8934019031117937,0.9046261811145406,0.8736755688633735,1.2165872222015104
MVI_40241,160,1,full,6,3.773864186868547,2.10590474866678,2.075319526443383,2.607342914499608
MVI_40241,173,0,full,14,3.4864313904700888,1.7141762492724264,0.18198257949411584,0.26705673969057364
MVI_40241,179,0,full,27,4.001428574942103,1.2913709489156817,0.10373414725742333,0.10373630331558979
MVI_40241,191,0,full,28,4.250115193450169,1.4707283427143993,0.07491602201462681,0.10067779815039354
MVI_40241,208,0,full,7,3.610214640915345,0.5035913793790384,0.48149093646392566,0.6679633478903239
MVI_40241,243,0,full,6,6.9241598545313705,0.06502896381577458,0.030546315506535332,0.0392764642014177
MVI_40243,50,0,full,13,16.765856920906447,0.20379370425950297,0.03850989807106426,0.06831782195857225
MVI_40732,2,0,full,14,0.03584491494946037,4.2352684320174685,7.711621812286927e-13,0.07815043098894658
MVI_40732,2,1,full,12,0.008003499485961501,14.885435935714593,1.4782004280319136,1.8012465693391841
MVI_40732,2,2,full,21,0.05872227608647618,2.0441670244111685,0.0,0.0
MVI_40732,14,0,full,30,9.758576761582331,0.718584870624022,0.07305973753898082,0.17782833881358887
MVI_40732,14,1,full,29,5.085910197849414,2.0248139281489026,0.5687258880915871,1.268186917911889
MVI_40751,2,0,full,47,0.0,0.0,0.0,0.0
MVI_40751,21,0,full,12,1.009701531992128,11.569192666413887,0.24784645399117078,2.4620307126681262
MVI_40752,5,0,full,26,5.849222052842833,0.987254823582926,0.3430357245873439,0.5046320386792583
MVI_40752,5,1,full,9,8.708521646594097,0.06996921594484178,0.052686111247635746,0.10084051700836262
MVI_40752,5,2,full,6,10.259246600303019,0.37673961242265663,0.3628832325748228,0.49473654815746243
MVI_40752,14,0,full,38,5.553534325733308,1.06022320351944,0.008991540010121497,0.03580170462115017
MVI_40752,23,0,full,21,5.953921177255925,0.9588038809309547,0.2352102793649163,0.744310454942722
MVI_40752,30,0,full,11,4.833942614266208,0.4602344476431952,0.2594880698719494,0.3655503283906319
MVI_40752,34,1,full,13,6.471435100753588,0.6742469495327925,0.47337249851090274,0.7405643436727553
MVI_40752,34,2,full,9,8.608262818756945,0.7568087560333749,0.7408341568278505,1.4806044556069367
MVI_40752,34,4,full,12,12.43961748709018,0.600902743506262,0.22352753724237404,0.2730521671402309
MVI_40752,39,0,full,35,5.890530128280708,0.6727917840083399,0.09369202270562235,0.076701701176056
MVI_40752,55,0,full,37,5.964610430860825,1.3517266841773898,0.13008689373165633,0.14948944221469476
MVI_40752,76,0,full,36,6.048201849107277,0.6059597983524425,0.05208754326643022,0.15082510377187433
MVI_40752,76,1,full,31,11.4011088978602,0.652324820843048,0.07105973118397407,0.044099398105350435
MVI_40752,78,0,full,15,2.745986037743421,0.2662129392840924,0.009411111074453435,0.01117497817939906
MVI_40752,80,0,full,6,5.296984814492397,0.004900945658315022,1.526666247102488e-14,0.0009801773958444471
MVI_40752,81,0,full,91,9.046097782242411,1.40614315229731,0.04488159807261954,0.010887574048315484
MVI_40752,83,0,full,28,11.431398042139238,0.7320794505025808,0.0481618170140333,0.15197164245991465
MVI_40752,83,1,full,19,5.9494410622368825,1.7410775950240573,0.20537265976523533,0.000449749717170523
MVI_40752,90,0,full,6,6.260419383421483,0.01852129166517745,1.526666247102488e-14,0.006175181309256981
MVI_40752,92,0,full,64,9.089309830382149,0.43575787078884,0.014771067501535099,0.015805057311922156
MVI_40752,98,0,full,40,12.577511617378367,1.2491535115295473,0.013287097910428832,0.1803984062404257
MVI_40752,99,0,full,31,5.0197292220037495,0.9475400689004426,0.026075775267924924,0.1633104124714759
MVI_40752,99,1,full,22,11.48146173953414,0.6745827101912821,0.1096045350630348,0.19989141627811147
MVI_40752,101,0,full,55,11.112838159225557,0.7099214857642352,0.03697476039854785,0.0577869047387974
MVI_40752,101,1,full,8,5.1371386610470795,0.18785524982421156,0.15307314636926161,0.23569333110463742
MVI_40752,107,0,full,7,4.576567738159743,2.3991069701297323,2.3956494005202074,3.3628175784855565
MVI_40752,141,0,full,31,8.231102618941728,1.1069034435179474,0.03408251675073228,0.26152726458076037
MVI_40752,143,0,full,105,7.834305298726132,1.0083099266523678,0.005839231910738164,0.005970432669559574
MVI_40752,147,0,full,36,6.406557398674481,1.25483589281801,0.057728749620319916,0.11711243272048245
MVI_40752,150,0,full,61,8.81339760981797,0.8410090014989485,0.050403383948613226,0.0813130942202483
MVI_40752,153,0,full,101,9.056335175490108,4.617139862329509,0.006521004342207431,0.00848564748854885
MVI_40752,161,0,full,66,8.532295267162413,0.580450820983794,0.014584552554552809,0.030825896612447494
MVI_40752,173,0,full,61,9.868665018088135,0.9388077043671184,0.02972524402302144,0.06166128531519756
MVI_40752,179,0,full,41,11.202486391730147,0.6072818206298609,0.07136575719549323,0.059502688114768595
MVI_40752,183,0,full,47,10.101208669728015,1.2160212201284684,0.037096697348540646,0.026999595235843367
MVI_40752,188,0,full,59,10.769623215585638,1.0382517926862034,0.027962114336776304,0.018189043508406468
MVI_40752,195,0,full,25,14.148989054069974,0.7355992665012975,0.10388101381580421,0.08838790565285184
MVI_40752,197,0,full,35,6.041405818353419,3.1809816460687754,0.11068552660208206,0.1545624161581354
MVI_40752,198,0,full,33,5.665895597682448,0.2706569903339969,0.2105803810324711,0.28104109461934484
MVI_40752,199,0,full,42,5.312475476860058,0.3456039515319546,0.08684651366173694,0.14633005586553957
MVI_40963,132,0,full,6,4.686725960713242,13.498769391733607,4.774658482315642,9.994225715997764
MVI_40991,1,0,full,20,8.01430286287251,1.145090981688287,0.35051418093924935,0.7211677594328713
MVI_40991,2,0,full,9,7.648801868114492,1.2477018111117197,1.2032145505518212,2.100286107167145
MVI_40991,3,0,full,6,6.3908740194225,0.9714408177688156,0.479361749731014,0.9585058528391743
MVI_40991,4,0,full,17,8.423554027816023,1.1231430068240102,0.5077612275603974,0.8233732475275995
MVI_40991,5,0,full,7,7.728507334762384,5.001737936666171,4.996791571203655,9.873309214447126
MVI_40991,6,0,full,19,7.562663369561004,1.843335411883982,0.8635414342566275,1.8736736531393783
MVI_40991,7,0,full,6,12.127843135278525,3.014591052833142,0.9431476769920188,1.8928312783369012
MVI_40991,8,0,full,6,9.846955956570564,0.17693080290701715,0.06235595966134481,0.12403138058033521
MVI_40991,9,0,full,7,9.010400171361583,4.99179151484979,4.986491315866327,6.769302677936518
MVI_40991,10,0,full,24,5.264632098044802,4.807046744750204,0.23212869492549001,0.7067502266850628
MVI_40991,11,0,full,29,5.557836580230105,1.8265138797406337,0.3148018833712062,0.6302263504270499
MVI_40991,12,0,full,26,5.649258158195308,2.8704416006637747,0.4339620277317752,1.214954440837576
MVI_40991,13,0,full,6,9.849019325495545,1.29019417453877,0.4618210381531873,0.925121268692588
MVI_40991,14,0,full,23,6.09105476924685,1.7642734805665048,0.03669210235457941,0.3092005008855751
MVI_40991,15,0,full,20,7.2365942358098065,1.0970518332288872,0.6953582262530812,1.3127223746804189
MVI_40991,16,0,full,18,7.308409326160465,2.1012782128202083,0.37688314924539235,1.1771826733987525
MVI_40991,17,1,full,7,5.6326463621063345,1.170030978756048,1.1576306150423832,1.5101713994446795
MVI_40991,18,1,full,13,6.1140023619441815,1.8134631964398877,1.3039670302607862,1.9287418497022324
MVI_40991,20,0,full,7,8.560617033561723,3.898591108309015,3.8747853178660545,7.699487354079565
MVI_40991,21,1,full,16,4.3321835814231555,1.618854209287533,0.11008709338654371,0.2051280762145045
MVI_40991,22,0,full,22,6.844721623755762,1.5954633329545482,0.1773979358623792,0.36296200721523053
MVI_40991,23,0,full,21,7.280951959472359,1.6235578726466262,0.736944000827233,1.3532716060992653
MVI_40991,25,1,full,15,4.291110809566243,0.5812120845255978,0.04234626234563478,0.09248349661856456
MVI_40991,26,0,full,8,5.5968242345670225,0.5547923107495168,0.2946951265211973,0.3707748355598162
MVI_40991,27,0,full,21,7.507750353062422,4.845108676094572,0.6865292779947555,2.7494588677216507
MVI_40992,5,0,full,14,5.234897958101767,2.95415063872069,1.8621304007986645,1.516615937724565
MVI_40992,6,0,full,20,7.991617581333408,1.131332756499679,0.3241596300918321,0.8608712575693134
MVI_40992,7,1,full,6,8.000569600256387,1.3428896822309349,0.5318025104565979,0.6633726966475164
MVI_40992,8,0,full,6,6.734236600293263,3.4800403210382256,3.4752420101376926,4.798696101504893
MVI_40992,9,0,full,22,6.931676080593097,1.158370386625759,0.282675166461953,0.44789820224101046
MVI_40992,11,0,full,16,9.38538943513107,0.7127414860232905,0.6999912173177196,0.9890102440623361
MVI_40992,13,0,full,18,8.78337114416814,0.7449186376004229,0.28130640990681827,0.429893340933791
MVI_40992,14,0,full,21,7.16581166975902,1.0597966318181,0.2946332368497826,0.5696267430507393
MVI_40992,15,0,full,21,7.141270294007905,1.3638815584886768,0.696243045679007,1.4602268674804484
MVI_40992,16,0,full,21,7.1259343213799,0.3308254232627718,0.15081291955839624,0.16315229469801076
MVI_40992,17,0,full,20,7.233913908004859,2.0977770817642893,0.5583664222661489,0.5606062447818386
MVI_40992,18,0,full,21,7.352336493870925,1.380030852990798,0.46850743865443123,0.8161730135199202
MVI_40992,20,0,full,17,9.60977611885771,0.4509090843567585,0.23300798057259628,0.2920175038597282
MVI_40992,21,1,full,6,9.235025489081359,1.06805967648196,0.4239904552600122,0.844604839257575
MVI_40992,22,0,full,20,7.585874188941955,1.5380225693832277,0.4192898082945322,0.8311119126375467
MVI_40992,24,0,full,19,7.723520478730658,0.8756589648561286,0.39092385481991676,0.6725834887537832
MVI_40992,28,0,full,21,7.315761429293957,0.5245976077612273,0.4731923194617232,0.8432821563385089
MVI_40992,29,0,full,23,6.594069574138832,1.5579622099619264,0.3375457142892291,0.6569823328452081
MVI_40992,30,0,full,6,7.392218780949851,1.025360229343092,1.0204330504716317,0.8318333770293114
MVI_40992,31,0,full,22,7.190129396915206,0.8847725234870693,0.6008039821140725,0.7990228966793509
MVI_40992,32,0,full,14,10.764616626630746,1.109586701223914,0.6869977056665992,1.1541684542710227
MVI_40992,33,0,full,9,4.029468050212581,2.4155052138855297,1.2916209407243044,1.3440333790218704
MVI_40992,34,0,full,20,7.628908169780365,1.397585916299972,0.6605790869311574,1.31755265047554
MVI_40992,35,0,full,22,6.591712874305847,1.8020465626935571,0.3476744256325765,0.38656813261333933
MVI_40992,36,0,full,7,6.828059902645511,0.5422695210233567,0.1891413636696064,0.23099039008620728
MVI_40992,37,0,full,12,3.9887881218454044,3.5687939719050052,3.5141056498249275,4.609875105198778
MVI_40992,38,0,full,23,6.600941189419317,1.27302992222247,0.42808673729829927,0.3397960723089205
MVI_40992,39,0,full,30,4.979953208063468,0.9032952902650309,0.4372972406114128,0.6972500673375583
MVI_40992,41,0,full,19,7.644544849319187,0.6350067191486485,0.4656722938184572,0.7879458924387943
MVI_40992,42,0,full,21,7.255144296493947,0.5795428532763159,0.4932231039986522,0.7816318106635869
MVI_40992,43,0,full,6,7.120399909074227,4.220457850727197,2.1023851588942444,2.817562779091553
MVI_41063,22,0,full,10,6.602710041340852,1.1690991435524531,0.8874194884429044,1.1432598094186024
MVI_41063,142,0,full,6,5.769143183398091,0.02297205121491465,8.217830687091428e-05,0.0068315463545712985
MVI_41073,66,0,full,19,19.386273508091858,3.643287566520765,0.8288174517777133,0.5551332857173574
MVI_63521,15,0,full,12,1.9776891265051615,2.3948140423966957,1.2306512667906024,1.7290062158920407
MVI_63521,39,0,full,16,0.219225275387294,7.768057656325721,4.788872681777578,8.427216256399834
MVI_63521,54,2,full,22,7.159160379304917,2.539304282354223,0.6315502845361971,1.4571026513466068
MVI_63521,63,0,full,25,1.0716165256038643,23.128075544650557,4.113094392029924,14.576421389613387
MVI_63521,77,0,full,11,0.6158347635495837,9.295987539886946,7.156370831773816,4.998828170703915
MVI_63544,2,0,full,11,18.389294013461942,2.0461927744427815,0.0336226946504008,0.06289836860406359
MVI_63544,3,0,full,13,6.326431973868918,2.9370549074116106,0.2118945364776473,0.6072313096276484
MVI_63544,4,0,full,7,5.72816573357009,0.8432190883006626,0.7992537872927202,1.6040336486201705
MVI_63544,6,0,full,15,4.408648364197957,1.1157114141194544,0.78807835968429,1.183461956925401
MVI_63544,7,0,full,16,2.631652834213166,2.6901516620174197,0.3388130374477095,0.5922232115495737
MVI_63544,7,1,full,7,6.782416984717982,1.928884094312183,1.903277492735677,1.9654885648716807
MVI_63544,8,0,full,8,6.980348314398575,0.7081586327572401,0.16221506652900972,0.23750662958101784
MVI_63544,9,0,full,17,11.303103637701778,0.8382577897655898,0.14506718718267347,0.18478038514221168
MVI_63544,10,0,full,9,6.033675679547455,1.2603880819019506,1.213132652780659,1.731696799314531
MVI_63544,11,1,full,35,12.230271726245633,0.9589008846464414,0.07731837272056395,0.16284497844147303
MVI_63544,12,0,full,7,6.445502548166803,0.5285376516438627,0.24280192323855118,0.31413815823545477
MVI_63552,48,0,full,12,16.234164530474374,0.7542605295419591,0.7488185067027048,0.7635086677980293
MVI_63552,52,0,full,11,18.192997051475608,0.8353861551033658,0.45357186768337276,0.7696674261729993
MVI_63552,138,0,full,17,17.107418960055867,0.9584370999156213,0.07141451608209343,0.08468106832424262
MVI_63553,16,0,full,30,14.849093938249268,2.755228277736893,0.7792262153873689,0.8835251377742244
MVI_63553,25,0,full,8,9.151269130009736,4.539586872274006,2.9776837413112958,4.91787861781885
MVI_63553,28,0,full,8,20.345062990603054,0.08569480439286849,0.08033994064475926,0.16066339794406506
MVI_63553,33,0,full,9,4.170267424940276,0.456933576472655,0.41003071018820575,0.7349082110317278
MVI_63553,51,1,full,24,7.252990970816613,0.8245838969815592,0.32209122052358796,0.3324222261662265
MVI_63553,64,0,full,17,8.442692808371541,0.9310884762570146,0.5671360621548254,0.76970268955278
MVI_63553,67,0,full,14,16.519672887576178,0.564011970425226,0.2463996134964907,0.41069460970587307
MVI_63553,76,0,full,6,19.897880130897047,0.6961968383296145,0.6917748542323786,1.3807841772925675
MVI_63553,84,0,full,15,17.111593249582395,1.8937191740742827,0.1629129414879861,0.682257440687153
MVI_63553,96,1,full,10,13.934841542011599,0.2739129401974685,0.014835954591006804,0.006661218791601571
MVI_63553,124,0,full,7,19.090524205963224,0.28941483136195406,0.1616589197275091,0.22482819556436923
MVI_63553,124,1,full,8,11.657392518340506,0.05208846746498835,0.04324323459706627,0.043820710886091394
MVI_63553,129,0,full,14,15.557084147095857,1.3311957909386174,0.5674827388941037,1.1379189173014248
MVI_63553,145,0,full,27,15.874036922774032,0.41767485155167794,0.05582355703468001,0.0827706971328535
MVI_63554,4,1,full,6,8.531252401616522,0.7483517714574641,0.731582199662955,0.9757360142393711
MVI_63554,9,0,full,35,14.017756392756013,1.4245688376473098,0.012619074736084715,0.08476683589022396
MVI_63554,25,0,full,19,16.317491688666784,0.08056792134740211,0.039285744464743394,0.05087584881887703
MVI_63554,32,0,full,57,10.739782855281646,0.4614356936554194,0.000708128998042787,0.012655732589541122
MVI_63554,36,0,full,49,11.80514690326737,1.298818201506361,0.0874913323885549,0.11346283018622616
MVI_63554,43,0,full,55,11.075954401567186,0.5732145141042725,0.054371330198161774,0.03254069236236303
MVI_63554,56,0,full,30,16.37779233828624,0.4303138317486851,0.007376649048829229,0.0015681117050901413
MVI_63554,56,1,full,9,7.102428264537631,0.5658425561315528,0.5330255456679399,0.8704495349730443
MVI_63554,61,1,full,6,22.38841617177624,0.2569430769956899,0.14063514736389543,0.19474654338218395
MVI_63554,64,0,full,37,16.20016787924724,1.076949819651049,0.07714136981569829,0.09041697598436524
MVI_63554,68,0,full,51,11.745038297512803,1.1104998445351224,0.05638957519906881,0.07509403426393214
MVI_63554,77,0,full,20,17.24826985343647,0.5041439775501427,0.07638920388977204,0.12018429508571779
MVI_63554,79,0,full,9,13.22392649048549,0.8080248737192725,0.14166328545257112,0.2050344744510929
MVI_63554,82,0,full,47,13.069486377536276,0.9108986026022433,0.05116513929212961,0.02089440494013959
MVI_63554,86,0,full,43,13.926260841064353,0.9393414344813961,0.01350038183494483,0.035634913483569154
MVI_63554,92,0,full,14,20.922816833786783,0.48680411642356014,0.4824321889668038,0.6109144655449762
MVI_63554,92,1,full,8,13.706848279714901,1.2160538974928734,1.1982574765853908,1.2699364607999608
MVI_63554,101,0,full,42,14.343870129611398,1.3811754260752815,0.001479912418713744,0.04587990553548992
MVI_63554,108,0,full,39,15.339906454765787,0.6776513252784923,0.005801427575305093,0.03764943773609719
MVI_63554,115,1,full,9,12.855434265784144,0.24223072049004885,0.23284941984987237,0.3327885277234254
MVI_63554,124,0,full,24,17.66364351620998,0.6217070006910169,0.07585854014393532,0.059371011755465816
MVI_63554,124,1,full,19,8.300403181111975,0.7421450573425248,0.054652859123788984,0.16955788848180273
MVI_63554,147,0,full,28,16.15522280579,0.7583078961696593,0.019617246911621103,0.06915135617788912
MVI_63554,155,0,full,19,9.557845295995335,0.30206139444293434,0.03248079209368877,0.0345702245603727
MVI_63554,165,0,full,20,16.693664258433028,0.3969648438461835,0.11250545035169277,0.13288272674760052
MVI_63554,165,1,full,22,9.08739793000407,0.593442563243932,0.13364446546154868,0.3047779652006422
MVI_63554,171,0,full,33,15.26584132124077,1.241494053664289,0.02003976467980807,0.1085178008356504
MVI_63554,177,0,full,13,8.806004791519433,0.5637870858551032,0.3125383755550638,0.5388213771009339
MVI_63554,182,0,full,38,14.892034461570288,0.5178308530360644,0.007317306152659762,0.07388968526233297
MVI_63561,17,0,full,7,8.653536985508147,0.8098045867292387,0.40910568015146415,0.545983752564778
MVI_63561,17,1,full,13,12.140055166242924,1.5722622159926072,0.12103749504826265,0.4587227875836733
MVI_63561,23,0,full,31,12.38102771293558,0.4259946621066884,0.12966180530643726,0.13018816368277705
MVI_63561,29,0,full,17,14.751727388848757,0.35755694368026236,0.15672395804097514,0.22474583951702326
MVI_63561,37,0,full,22,15.111689475367035,1.0842041484564071,0.055572906977434035,0.08903213714120416
MVI_63561,49,0,full,20,15.54924020755828,0.7133008412796634,0.009485704999329414,0.022969016582940427
MVI_63561,52,0,full,32,13.639022603996082,0.5901235451074274,0.05937996710637165,0.048804401994602814
MVI_63561,64,0,full,33,13.85115348590162,1.0438251283318376,0.02661957143987422,0.2576157595382083
MVI_63561,75,0,full,36,12.523736142627053,0.6209835520299638,0.15581324384718112,0.11245676273668616
MVI_63561,80,1,full,10,9.598811303536916,1.324178063962448,0.8568440007823406,1.100536748807202
MVI_63561,80,2,full,15,15.908245844805618,0.4429989525746864,0.43382285602958515,0.5757522108347133
MVI_63561,86,0,full,23,9.975857149946936,1.347587128229478,0.01515986066185885,0.2508943841449519
MVI_63561,86,1,full,9,16.30664939939805,0.38960429776085787,0.17259523179294348,0.20293111057444432
MVI_63561,99,0,full,55,10.2385326449408,0.7375737928391417,0.11578900941274493,0.2814149313394048
MVI_63561,109,0,full,16,4.42201752424429,0.6839730590328555,0.3377789979791662,0.33736352296861777
MVI_63561,116,1,full,19,14.92181050491489,0.34627936699908524,0.05191317031555764,0.08726409980258602
MVI_63561,125,0,full,48,8.455891780713914,0.8745092298616304,0.044897561201236724,0.10153154251006295
MVI_63561,141,0,full,21,6.116292472500009,1.0961764898360045,0.27762894054800114,0.6117156684319333
MVI_63561,141,1,full,9,9.248719258691137,1.5563407343140112,1.5446589064768068,2.3911668482173543
MVI_63561,141,2,full,20,15.914853864988265,0.24710952851637324,0.052307650253862886,0.06555165323284763
MVI_63561,152,0,full,15,16.230486573524463,1.229747148943819,0.06938415998771899,0.4653503218722489
MVI_63561,154,0,full,11,16.468073407352776,0.4582737386125804,0.03574396068086933,0.020996434293639014
MVI_63561,158,0,full,13,6.439649764315958,0.5768611646701345,0.388230942986956,0.5943165303190577
MVI_63561,158,1,full,33,13.247226450467164,0.5293243718459361,0.051542385143295295,0.0020663720787858775
MVI_63561,162,0,full,7,6.459980698012042,0.9718739507287725,0.5397833597215307,0.7541807266959427
MVI_63561,162,2,full,14,16.116917561162822,0.7068823739236405,0.11342619114195442,0.3447205755159929
MVI_63561,169,0,full,14,12.728840919130933,0.5479698738315013,0.414900198086419,0.7761185381804718
MVI_63561,175,0,full,13,5.7650591716194475,0.8059429647496534,0.5814260138280767,0.8769296483073564
MVI_63561,177,0,full,18,17.534533899501312,2.7255857797582728,0.24678888180107172,1.1003358748619025
MVI_63562,3,2,full,9,18.153951028669965,0.36946175249857893,0.3629872919609073,0.7240824995921009
MVI_63562,10,0,full,29,13.536589825419483,0.7313684644864785,0.09533176669046957,0.20041842318070577
MVI_63562,12,0,full,17,8.262541167618217,0.9964537386079538,0.5276353552443805,0.70338915462689
MVI_63562,17,1,full,8,18.91274795199414,0.07367288254140762,0.06858458265646787,0.061571938410851276
MVI_63562,38,0,full,7,18.48009272562805,0.43587137470394904,0.42619917446809596,0.5419872239463143
MVI_63562,45,0,full,21,9.259675650030179,0.8903158243388207,0.26638545838882616,0.3905871387744417
MVI_63562,45,1,full,11,14.697652081316743,0.6212799715413888,0.20409013520522395,0.2894306971808649
MVI_63562,49,0,full,9,9.839369334519043,2.236499599973216,1.9444285043047933,1.6805180563577273
MVI_63562,60,0,full,28,15.715503681355951,0.5816325488060816,0.1351114815294045,0.06706751851220401
MVI_63562,78,0,full,6,8.149550424374507,0.7950347362669936,0.42483727766537605,0.8504870482030141
MVI_63562,78,1,full,6,18.507333674157277,1.0210926347473435,1.0123729240010553,1.2859207096119059
MVI_63562,117,0,full,7,7.685356633049351,1.3355298277368737,0.7721125143983811,1.0979548453074488
MVI_63562,117,2,full,8,23.90886783903793,0.6535298937279655,0.6520629164397839,0.8833561683299805
MVI_63562,120,1,full,11,16.40243504369166,0.047949766027662946,0.04102368880999906,0.08165143804015106
MVI_63563,12,0,full,16,16.021073148559175,0.1405290735756136,0.1325589210781032,0.16980796904401976
MVI_63563,14,0,full,7,18.529333799239186,0.5255435961071179,0.2971205329657232,0.4157409163901794
MVI_63563,23,0,full,18,10.69254962149818,0.6204708373807933,0.03134349756138634,0.005246045959421372
MVI_63563,43,0,full,11,17.18007715089477,0.35927767816182754,0.00420040751523169,0.038507314043999236
MVI_63563,64,2,full,14,15.361338799032126,0.5066308396304552,0.2317560820316511,0.47025007292397336
MVI_63563,88,0,full,6,19.454930308513184,0.15933151326620618,0.15849778323941752,0.19383461143031022
MVI_63563,98,1,full,21,16.160210340171094,0.5142611430449762,0.04632793643212395,0.01414369478302592
MVI_63563,103,1,full,21,16.043002169446403,0.46642663687433583,0.030416875913041402,0.06208058200305289
MVI_63563,116,0,full,14,18.027630036685004,0.3547255885325651,0.026406698468487325,0.07156051797672357
MVI_63563,134,0,full,17,15.154838722659733,0.8976762335788075,0.08583238179123527,0.04018847634640363
MVI_63563,150,0,full,15,16.52902904737037,0.5814136457076443,0.07165360315453906,0.04404047042056605
MVI_63563,158,0,full,14,15.415685940804833,0.5087263788568404,0.08585448154632981,0.27932362203581296
MVI_63563,165,0,full,40,11.712310256047408,0.8242429865180199,0.001947126266021706,0.08018531833343817
MVI_20011,8,0,partial,51,1.2347882680874214,4.30288008244574,0.27808945531698037,0.23903130200522074
MVI_20011,10,0,partial,61,1.1924654477995504,3.742068165979504,0.49749885061969645,0.7825014797748201
MVI_20011,13,0,partial,108,3.5661751800585426,3.4281785458358467,0.05615966289407478,0.09748239746166214
MVI_20011,13,1,partial,13,1.054994585603169,3.2015536160241265,2.053071875836392,2.713583666231993
MVI_20011,21,0,partial,76,3.224926613497348,2.2077643434060152,0.051216323514382586,0.09851986534989862
MVI_20011,24,0,partial,41,1.0090801763126187,4.139431344616374,0.4812784986867465,0.39787140027338014
MVI_20011,26,0,partial,21,0.7899332524897209,3.642859804210444,0.5053851602906927,0.028924857234777723
MVI_20011,28,0,partial,104,3.389950524407221,2.8175699050158127,0.0046095965718346826,0.01872486013427946
MVI_20011,28,1,partial,13,0.7432673686968077,4.403559942956252,3.8082990412202395,7.205455003852957
MVI_20011,29,0,partial,31,0.3771175252889884,7.652587509700421,2.2185639996273467,1.1470264282757174
MVI_20011,29,1,partial,15,0.6807305995817808,16.26612209422881,2.1473746304080588,6.628461553986772
MVI_20011,34,0,partial,64,0.8918066492380179,8.752734029255256,0.4057256936121009,0.4771458609705488
MVI_20011,35,0,partial,113,0.6381855097300964,12.044084856352585,0.2178755240663676,0.21210654030448065
MVI_20011,35,1,partial,8,1.1352225132892537,7.109520572323616,6.7717920214175376,6.25972817463067
MVI_20011,37,0,partial,51,5.181311976435452,2.6728251542250177,0.20990734613868142,0.10433026961522941
MVI_20011,37,1,partial,119,1.0425187713432513,8.895701984184422,0.0036000742314057877,0.022904143060105776
MVI_20011,40,0,partial,113,3.1894601121261026,2.3260401890568376,0.11116102773585775,0.0810694333135374
MVI_20011,40,1,partial,38,0.9800264898506971,7.10275206923327,0.11081728652120411,1.2484395271516178
MVI_20011,43,0,partial,55,4.680819678777429,1.7547980262793672,0.029160487060383718,0.1150738788197835
MVI_20011,43,1,partial,6,1.5680176717627958,0.6768413342326608,0.0023200898441183768,0.09098529652995034
MVI_20011,43,2,partial,12,0.9746996056367832,5.282564067552705,4.762427028818758,8.504636571095734
MVI_20011,43,3,partial,7,0.997901007705376,5.751480619617337,5.162492007199325,6.637776775995418
MVI_20011,47,0,partial,69,0.5488795314175942,12.072764367294221,0.2442425435785334,0.34165478319165044
MVI_20011,47,1,partial,8,0.5199542842224616,24.01415590303061,22.863198462848008,24.779798665961764
MVI_20011,48,0,partial,124,3.1057463789233672,1.9837725893350506,0.00253371395885806,0.01545899735290424
MVI_20011,51,0,partial,28,0.866481065917887,4.104761539905254,0.32952886959310124,0.8793339078093708
MVI_20011,51,1,partial,12,0.652441102993793,22.88005821946999,0.013738617387430409,1.9218495694965574
MVI_20011,52,0,partial,34,0.47374864351556145,14.369927164491894,1.1154704040140204,3.2440917399146696
MVI_20012,3,0,partial,11,0.43253489276932033,9.335830966981803,8.984103724390026,15.411070549162936
MVI_20012,3,1,partial,372,0.5293999890117316,13.320850794828635,0.16333035125322098,0.24476102600586572
MVI_20012,5,0,partial,22,0.6429444753972604,8.952405123749354,3.968969947851629,2.513011284397227
MVI_20012,9,0,partial,10,0.6369148903296326,4.401299920848677,3.6648961631650363,4.91030428485137
MVI_20012,11,0,partial,81,0.6625727318911409,10.941647863587384,0.03744896240578344,0.48812628865525304
MVI_20012,12,0,partial,7,0.40806759834851936,23.190453560010297,20.75610361494729,25.946576312340216
MVI_20012,12,1,partial,31,0.5518573757689961,9.825944747746227,0.7399691044406401,0.985806982216658
MVI_20012,14,0,partial,58,0.46800191893178233,9.85063956587099,0.603256207106668,3.2419047082963472
MVI_20012,14,1,partial,118,0.9078472330084526,11.467637434540729,0.5091723468866974,0.8898564522275111
MVI_20012,15,0,partial,107,1.3045605206603181,7.776982992380111,0.07804213348704724,0.09918145028849633
MVI_20012,16,0,partial,143,2.455791148728758,4.13267752774961,0.019056679643005687,0.06404947925843318
MVI_20012,16,2,partial,21,0.6558850137078525,9.999982161694005,0.988643520223732,0.6413250125585774
MVI_20012,16,5,partial,31,0.5394420395032972,15.71271995266684,0.03439374770862123,0.4303017332032275
MVI_20012,17,0,partial,13,1.693029076386453,3.1449700949601667,2.6598772786310776,3.36454873359521
MVI_20012,17,1,partial,41,0.9598002240900921,2.4271571641780105,0.4029620708568542,0.9015667756179565
MVI_20012,18,1,partial,29,0.6012810376708326,13.102597558984002,3.338355616519924,6.475856506297127
MVI_20012,18,2,partial,38,0.9519260292501501,9.753248277653803,1.3671853924396042,1.161200247518125
MVI_20012,25,0,partial,11,0.9496870026678262,2.9499136729326265,2.23850195413112,3.866030983686767
MVI_20012,26,0,partial,98,3.8052267515061557,1.9211661428207516,0.03479930545554323,0.007632012407661621
MVI_20012,28,0,partial,76,0.747574423469675,4.387181775078074,0.02264656678409549,0.2714226678025718
MVI_20012,28,1,partial,10,0.9776329993196529,8.551176607505962,8.232693761728852,14.393161454495546
MVI_20012,31,0,partial,78,0.6543823594732923,6.7001089023982425,0.09383589452124809,0.043142475551158625
MVI_20012,31,1,partial,28,0.8976501779316228,4.1646233875483585,0.7136395854933552,1.3528160900609947
MVI_20012,36,0,partial,136,0.6898916697388331,8.975553077971972,0.22975916361562948,0.01831554111376385
MVI_20012,37,0,partial,103,3.9435418534142475,2.2977341927239294,0.08097527429521693,0.13316563042299567
MVI_20012,38,0,partial,117,1.076461823140212,8.691150591045712,0.05292872460179176,0.5207893657754233
MVI_20012,41,0,partial,28,2.2487723013724525,31.5827521725646,1.7287302968231115,2.8422689477523932
MVI_20033,2,0,partial,19,1.0237174212427016,4.335478511277079,0.27063093322786913,0.1512065198940069
MVI_20033,2,1,partial,69,0.653250682587103,9.8577617756563,0.1593408280765523,0.0748731553970713
MVI_20033,5,0,partial,23,0.35257212661784226,48.08862185667258,4.828672980128417,4.574842775173833
MVI_20033,14,0,partial,31,0.7109901079058633,7.576110721859006,0.7902685258607439,1.9173801757310776
MVI_20034,4,0,partial,31,0.41422303276780265,7.063244476563513,0.10553797880072471,0.22308883033272786
MVI_20034,6,0,partial,20,0.5184582630287854,10.845714791951995,1.4785012830394029,2.140506288865011
MVI_20034,7,0,partial,104,0.7022976981121991,3.9370759607934853,0.02711883726095839,0.14041221495354544
MVI_20034,15,0,partial,65,0.8431382422397746,7.717637052030691,0.5395802780732497,1.2001141736936907
MVI_20034,16,0,partial,19,0.7214606165746887,0.7543794359631434,0.35600092481301093,0.5579435153910485
MVI_20034,16,1,partial,20,0.4374967784442767,12.116069044924174,8.971608932205179,13.07239868046391
MVI_20034,20,0,partial,37,0.7940587128203579,8.281623385146137,0.4117711031572931,0.5027442548461971
MVI_20034,22,0,partial,30,0.7212917431896056,2.695927193072967,0.3144269318792706,0.7926864238391789
MVI_20034,23,0,partial,160,0.6932125153387414,6.113047621803854,0.1893957233132147,0.3305787822272778
MVI_20034,24,0,partial,15,0.7246779227002287,11.56145785824202,10.827915315359743,11.061054839357952
MVI_20034,24,1,partial,15,0.5925292353949294,28.68596732720626,0.5526055370431219,14.421200269655825
MVI_20034,25,0,partial,111,0.5782174533884028,10.055849067303724,0.08021196270260962,0.044811211328044054
MVI_20034,28,0,partial,15,0.6375846784533807,3.3781717948521357,2.1754359257609033,3.5159320766732027
MVI_20034,30,0,partial,194,0.8380150505412663,8.464743388789799,0.0003468204716250766,0.03758147261392423
MVI_20034,33,0,partial,81,0.8012819511076928,17.101699462708137,0.09785664722130705,0.3447269948530281
MVI_20034,38,0,partial,20,0.5212650230011178,5.920512771329183,2.271091776230878,4.12576661148425
MVI_20034,38,1,partial,23,0.49233757761378455,11.992762576698489,0.8502998223815722,0.39813952456189894
MVI_20034,42,0,partial,110,0.7175850429515042,9.374095558297064,0.03273600867828556,0.04054837055906623
MVI_20034,46,0,partial,44,0.4142033394860475,16.995483691103495,0.2767410469422158,0.41638920406855
MVI_20034,48,0,partial,110,0.10446519371680217,2.7453026140991033,1.3022466581147454,1.9111515159086747
MVI_20034,48,1,partial,34,0.9545018315703294,0.45071812585476906,0.17485923939761894,0.22111169444987902
MVI_20034,48,2,partial,37,0.7097935737487615,0.299895815987745,0.1341584911840131,0.16899465570116917
MVI_20034,48,3,partial,46,0.46704511969044776,1.4273242728971216,0.9606109399738195,1.7860124613563289
MVI_20034,49,0,partial,38,0.38011600902790693,6.957422892420364,1.8804702312911774,0.3536690371759429
MVI_20034,50,0,partial,20,1.2165000502151584,0.0634920557903983,1.2052628266598591e-14,0.0022429152558048706
MVI_20035,1,0,partial,7,0.4948816807483025,1.06696349976056,0.020117613483167516,0.1776764043461416
MVI_20035,2,0,partial,49,0.7007449061062561,13.643016055600478,0.5893741085790227,2.302938523947244
MVI_20035,10,0,partial,16,1.3079343401331534,4.637656820184504,0.1703173321253764,0.09512726918311175
MVI_20035,10,1,partial,65,0.7355222313719172,8.813904667403264,0.23696543491584043,0.2684312310150468
MVI_20035,12,0,partial,61,0.9313771533118762,3.8534829899644434,0.06609016454418118,0.04420831447440872
MVI_20035,13,0,partial,73,0.771636803169168,10.672595339381171,0.31914390821292876,0.49368103326825896
MVI_20035,15,0,partial,27,0.7877239414200476,4.224706689585753,0.11025935105699107,0.567118136553629
MVI_20035,19,0,partial,53,0.6135685895777313,10.295632860381621,0.33042118724921365,0.006742365860822714
MVI_20035,22,0,partial,74,0.7207871341065114,6.935989331042133,0.07468561672809379,0.49404643857728886
MVI_20035,28,0,partial,27,1.2836563348673187,5.850574927542951,0.9203191676538578,1.0703644804865322
MVI_20035,33,0,partial,11,1.259000181916181,0.6177059739313139,0.3057456034413123,0.5231389811564204
MVI_20035,34,0,partial,33,3.2355631901708524,0.9164242856169222,0.04577211894547388,0.18299367554160612
MVI_20035,35,0,partial,115,2.240843621770503,3.93022211359658,0.1057236646777448,0.20577347549214936
MVI_20035,37,0,partial,111,2.6841979201215667,2.106138155113889,0.004335856478445774,0.033820647366332744
MVI_20035,49,0,partial,106,0.6582401965575143,6.210491060089038,0.09477263044767101,0.20777864322514863
MVI_20035,54,0,partial,29,0.8209889897534846,6.673026075090758,0.48406203074512755,1.8106549075202842
MVI_20035,55,0,partial,31,0.7443825235035237,3.3204709121273837,0.47401229806227174,0.644059383200389
MVI_20035,58,0,partial,70,0.6167693252973795,7.025778115034392,0.1677499780138609,0.0006780378496071575
MVI_20035,58,1,partial,15,1.736784313767522,1.4705100221335206,0.736211300757268,0.8891741423974822
MVI_20035,62,0,partial,61,0.6672637193712628,5.600318829150501,0.3289118816273191,0.32078110273657906
MVI_20051,4,0,partial,41,0.7896113033192227,8.554024533757804,0.6558558816117517,1.5998938599800565
MVI_20051,6,0,partial,31,0.5597112882200176,13.609786764467072,1.974961743133523,3.1065716695027374
MVI_20051,8,0,partial,51,0.46154631354196096,13.262761771301127,0.04203162399371083,0.8316851295026259
MVI_20051,9,0,partial,140,0.8160096440017071,9.678375036484166,0.6711023468515691,1.1338071264807759
MVI_20051,11,0,partial,34,0.4705499094734518,14.862561161121128,4.221840118446951,9.159323864626709
MVI_20051,13,0,partial,31,0.5060100569128069,12.077247212391207,4.311421767526982,4.579658505086168
MVI_20051,15,0,partial,21,0.6080586840416488,3.655274475260188,0.7108890117533686,0.5927353774020351
MVI_20051,17,0,partial,111,0.9158228769377932,5.649598208770758,0.3174481537910456,0.6367346668808846
MVI_20051,19,0,partial,41,0.5001442638299262,11.605676519766785,0.43014807535851685,1.9849347400867925
MVI_20051,20,0,partial,11,0.38646627034461584,3.0320594582823954,0.8957926618311861,1.3881093133003597
MVI_20051,23,0,partial,51,0.39148116137325106,15.573139386367417,2.167876352342529,7.714923251535391
MVI_20051,24,0,partial,74,0.51067911310321,13.232186684096444,0.25479071528776887,2.150460244826604
MVI_20051,25,0,partial,31,0.5249123994307174,11.634170945558811,3.1799469281173454,7.67670253515733
MVI_20051,26,0,partial,61,0.37363229344988347,12.700688716926377,0.25272341865978926,0.05897479108633599
MVI_20051,27,0,partial,51,0.38509420230554553,15.478323850057416,1.8814801988725045,5.177751123205063
MVI_20051,28,0,partial,55,0.46091559736700605,11.72717913281685,0.7418110365925136,0.9031681213422266
MVI_20051,29,0,partial,61,0.4074377784978017,11.846683569123725,1.4199161121840413,1.9992042385356497
MVI_20051,30,0,partial,83,0.4434142505838199,12.260718693475507,0.7978441444023561,1.3726106085462313
MVI_20051,33,0,partial,11,0.32818956776619546,4.293386510045089,1.5984130962767635,2.2695147368405575
MVI_20051,38,0,partial,109,0.35901457100715434,14.271609743334139,0.64224865603471,0.7963912746051759
MVI_20051,42,0,partial,27,0.8061734475620764,5.9029187843869915,2.6297113808420516,3.6098017298758105
MVI_20051,43,0,partial,61,0.4213758761289369,10.333766213719022,0.22965633857170092,0.42478187940689405
MVI_20051,44,0,partial,71,0.6910121953416681,5.891200596377811,0.18205598947856555,0.3912526573980359
MVI_20051,47,0,partial,7,4.7246132567653225,0.16460505382136875,0.042757406088472096,0.08789408471042506
MVI_20051,51,1,partial,37,0.2303718677002063,6.288734896520626,4.336946093451463,6.426000300485982
MVI_20051,51,2,partial,80,0.23419136421137615,11.041916816677936,1.0076527708963632,8.900746925093591
MVI_20052,8,0,partial,78,0.363175770893597,17.327124771570386,0.22665730349407479,0.592997975720759
MVI_20052,10,0,partial,31,4.173189143095522,2.798103964221289,0.27685349532848247,0.4457101745600364
MVI_20052,12,0,partial,43,0.6664049096956965,2.225963262802842,0.39434845228408844,0.6869744591982114
MVI_20052,13,0,partial,11,1.012406268140475,2.057919491224724,1.5380666569938908,2.624319381641936
MVI_20052,14,0,partial,51,0.8679118696279747,4.086397047274238,0.6043109878405194,0.9340971069985412
MVI_20052,15,0,partial,41,0.6167217550901457,7.405096178146157,0.29405895067096005,1.7632729545024626
MVI_20052,20,0,partial,76,0.4016257438664567,6.728948444741057,0.18295527994542074,0.8665412764058519
MVI_20052,23,0,partial,31,0.3876887391064857,19.231200780455694,0.957908995451177,2.062629117550396
MVI_20052,24,0,partial,96,0.4134304526603066,10.97502633597347,0.09010052841273525,0.5061411284208734
MVI_20052,24,1,partial,7,0.8485520057963482,0.9226910394184485,0.12280658425447945,0.015107078809764512
MVI_20052,25,0,partial,52,1.1464166713079773,2.0733862828659277,0.002631290076033022,0.16583339882408352
MVI_20052,27,0,partial,41,0.5505509913294799,7.374888598401803,2.5437603067996744,2.6211811975746446
MVI_20052,28,0,partial,61,0.42961550269468923,11.838897987460559,2.2217670376106846,3.6367317123566814
MVI_20052,30,0,partial,282,0.5281874884996409,10.438470612433743,0.028533229604790128,0.07995883538426306
MVI_20052,31,0,partial,61,1.2010176380332502,1.9294498047190431,0.16277901766498626,0.3491331659672367
MVI_20052,34,0,partial,169,1.9922215405645933,2.54465368590758,0.09370426566676279,0.14762587968359225
MVI_20052,39,0,partial,31,0.5132796141112906,11.14494549755547,2.193570335312807,4.151854221469595
MVI_20052,40,0,partial,33,0.9707510716273438,6.249205175601601,1.2207670499026944,0.7723873055203313
MVI_20052,43,0,partial,11,0.5261369350507448,16.22074396561596,15.89624889745773,21.195442740906184
MVI_20052,43,1,partial,19,0.3913803734266574,4.888335885206531,4.421793815972773,7.551799636637855
MVI_20052,43,2,partial,74,0.23766685668312967,10.21584908174791,1.817184047538221,15.781480837824816
MVI_20052,43,3,partial,40,0.09843367940191754,6.437506230326692,0.668367445060989,1.5271290905792172
MVI_20052,43,4,partial,103,0.06015954511744094,13.080388642990702,1.7344389677677163,0.6255244158572213
MVI_20061,7,0,partial,251,1.0553305765000354,10.829942011303537,0.1341752257430479,0.14607860841614825
MVI_20061,7,1,partial,119,0.6087573591052907,7.8657601145591105,0.0034521113379330933,0.12950548438610165
MVI_20061,8,0,partial,64,0.9756172520618747,10.390063163281182,0.5863224557265927,1.653622928674486
MVI_20061,8,1,partial,65,0.8028652346213869,11.248336112406946,0.4143671820415151,0.850676576080839
MVI_20061,9,0,partial,39,0.9512637115640732,10.854132762906618,0.6395189223731856,2.461085087339994
MVI_20061,10,0,partial,120,0.8461227752105026,17.61987579081918,0.21502719117966834,0.2392976897454896
MVI_20061,11,0,partial,111,0.8576285190535737,16.80765665801241,1.3058181425109276,3.711100791558839
MVI_20061,11,1,partial,48,0.7975296985452895,5.5377899431966275,1.1204300208333173,2.750337002885761
MVI_20061,12,0,partial,21,0.6803345081884701,21.108830637168825,6.784867576274893,2.6626144010846162
MVI_20061,12,1,partial,128,0.6793528693771469,15.85626878745181,0.06728297808055517,1.2667160661654484
MVI_20061,13,0,partial,59,0.8889954652699416,9.166117827852615,0.5084778985046531,1.2726319739418894
MVI_20061,14,0,partial,81,0.757729642406185,20.241696750892835,0.6989944202838265,4.8394814260618055
MVI_20061,15,0,partial,127,0.7687404821647685,19.424635917576374,0.1526815000077593,1.3244041079591578
MVI_20061,16,0,partial,31,0.7013290750688679,18.446175879596105,4.75781743085258,7.64463841217253
MVI_20061,17,0,partial,61,0.7510875882442568,13.536222698848345,0.39254038504159566,0.07964168980624442
MVI_20061,22,0,partial,11,0.3842432467441298,15.480151340886056,0.22473954782922378,0.2837504774716558
MVI_20061,25,0,partial,171,0.7432428156523295,10.295892138493121,0.09053601207693483,0.18296376572310866
MVI_20061,34,0,partial,51,0.44914452227889484,4.200654978907407,0.4972148619046768,0.885202507665855
MVI_20061,49,0,partial,12,1.3432371054228225,3.1029939400774538,1.995049637093795,2.353573697708652
MVI_20061,49,1,partial,56,0.7755290638971143,2.8529273895524474,0.33758371729403036,0.5640548569514964
MVI_20061,49,2,partial,25,1.0275633463766545,3.761420831875838,0.3792453968863905,1.1895385689795952
MVI_20062,12,0,partial,161,0.8984466953188562,0.963851913976615,0.018985374785683563,0.018520556718369205
MVI_20062,19,0,partial,131,0.890155529616093,7.829397987683532,0.09516505310311818,0.09014284153857029
MVI_20062,21,0,partial,129,1.0998942964602767,7.0646583243348715,0.16436131650413432,0.21246415107266375
MVI_20062,24,0,partial,21,1.153193246439003,4.166575910215864,1.2874488563962774,2.2114965830929396
MVI_20062,25,0,partial,83,1.5627558818074092,3.9220358325824325,0.1595229025517586,0.05875955275173905
MVI_20062,26,0,partial,79,2.3282544158024465,0.6296428086423642,0.1335061704097794,0.1754000872894671
MVI_20063,7,0,partial,117,2.0521423810164348,1.7234015628894908,0.10266403861379,0.08514228201287154
MVI_20063,7,1,partial,75,0.6363626346768303,14.569979639196896,0.09947414629331688,0.2689713886182745
MVI_20063,10,0,partial,8,0.32142141483621994,0.4880506822752242,0.06086957860521819,0.04124402673755975
MVI_20063,11,0,partial,41,0.44126276310198137,8.09732559462304,0.12943277938853665,0.4855790764441693
MVI_20063,12,0,partial,198,1.5543295725077195,2.5752489601725244,0.017160115628923955,0.10226722432107103
MVI_20063,12,1,partial,88,0.3552277413695486,12.316155586676254,0.9435790566043102,0.5250992862415983
MVI_20063,13,0,partial,60,1.4577593247044058,0.6293725984099255,0.4560701694261225,0.643489546149123
MVI_20063,14,0,partial,83,1.3864627868483437,1.3178041916594034,0.036494250801148556,0.1353327195028543
MVI_20063,16,0,partial,81,0.3590191788366581,11.448177814458864,0.8499902459377919,3.072848628911633
MVI_20063,18,0,partial,191,1.398206245204325,1.9428016206278051,0.06189384268956959,0.01082050052490528
MVI_20063,22,0,partial,110,0.4565413395066908,5.556899289645668,0.31466158554470897,0.5202412645674425
MVI_20063,23,0,partial,9,0.9853375961666778,5.867651996779432,5.765603972411329,9.80775632693326
MVI_20063,27,0,partial,31,0.39134590967281085,3.87724927507326,0.41843473548685045,0.33548210518367083
MVI_20064,4,0,partial,7,1.08531387545241,0.7679243444098245,0.15672103103012064,0.10065826432816444
MVI_20064,7,0,partial,8,3.2098381111237138,3.424930877131975,3.2060638486920228,6.3456405390073245
MVI_20064,7,1,partial,10,2.6034958303473674,6.040922137925589,5.911683466047358,11.391093272224051
MVI_20064,7,2,partial,10,1.521225442265963,4.727198296109706,1.9511071306226222,2.5104130962465567
MVI_20064,7,3,partial,50,0.6877394084197355,8.60745549718807,2.3959863783937685,3.8528312195205894
MVI_20064,9,0,partial,86,0.9757390375586477,6.342723733556692,0.2536528150555611,0.03411328020928163
MVI_20064,10,0,partial,35,0.8928788425726504,12.671340600428564,1.1871880458776705,1.4403773147630525
MVI_20064,11,0,partial,36,0.7351319786620771,9.989959112416031,2.219199608532851,4.405649942857712
MVI_20064,14,0,partial,9,0.6250062383318774,7.791810870291599,6.630664248637412,1.1021005845682221
MVI_20064,16,0,partial,38,0.6843939526050222,4.1137461741732775,1.2840306749374353,2.1702323981134706
MVI_20064,16,2,partial,77,0.5156735461288573,8.384368972802546,0.2522506290188486,0.41173648123608597
MVI_20064,18,0,partial,9,4.289943615615689,1.626939204938948,1.5040059059804844,2.300907722621211
MVI_20064,18,1,partial,151,1.2788321524222956,5.577498263990474,0.13159493182180987,0.28146431584581777
MVI_20064,18,2,partial,372,0.44164644590440943,18.56373286700968,0.09589147429768795,1.8856902182604243
MVI_20064,19,0,partial,23,2.4034065751855556,1.5806460360022212,1.2734151641235096,2.009731765152118
MVI_20064,19,1,partial,19,0.45316736181933376,2.3259237362632508,0.13523047935001523,0.2621761858053308
MVI_20064,19,2,partial,45,0.43751056009570277,18.046321961011188,0.36628565249094613,2.9588214077403183
MVI_20064,19,5,partial,8,0.3522301789875473,8.684345143357667,8.039157178055806,15.2800784398017
MVI_20064,20,1,partial,29,0.7323987311512674,17.559580088581672,1.8577461781570161,0.7250905615866167
MVI_20064,22,0,partial,19,0.5090298569826616,15.66117274874283,0.5702127361040641,1.8803534363847165
MVI_20064,22,1,partial,75,0.4551787494024491,18.993145802645582,0.5106523755246523,10.183008106260463
MVI_20064,22,2,partial,6,0.10925852899869526,24.90106086675233,16.24010539107801,30.712849283428532
MVI_20064,22,3,partial,10,0.5621057821195709,7.6950089838240565,4.982159419076568,8.103277636172441
MVI_20064,24,0,partial,62,1.8405108624276778,2.157518180156405,0.26368768592111774,0.24601068488720937
MVI_20064,24,2,partial,90,0.5350260875259852,9.306075681466364,0.02943432578019737,0.3470324272469586
MVI_20064,24,3,partial,58,0.5526530089836789,21.20921790308612,0.4260509157747799,8.716735358395864
MVI_20064,24,5,partial,12,0.45899226334634197,14.810602702716006,7.961055333653021,12.017204159160896
MVI_20064,24,6,partial,59,0.3714022096931871,21.424569160751624,1.0137371359874954,15.965334459825227
MVI_20064,25,0,partial,10,3.8110345685489215,0.30962682895172144,0.18958952417467012,0.27501650898717284
MVI_20064,25,1,partial,118,0.20922203617204158,5.97275953099719,0.5982461145516751,1.0821984429266267
MVI_20064,25,3,partial,12,0.5324566622200272,22.417894006480335,1.9462638636607479,0.3230175461916003
MVI_20064,25,4,partial,58,0.23712236827316788,4.647683984244641,0.15442567643529917,0.1879750517508723
MVI_20064,26,0,partial,148,0.5718511514405826,10.26695513879682,0.0559351746945553,0.01740303892584932
MVI_20064,28,0,partial,41,0.6212420056110755,15.444009941596025,1.4454794308316137,2.478367123690177
MVI_20064,28,1,partial,11,1.1248778030024837,15.34805703375369,15.135141305334674,21.53699266322387
MVI_20064,28,2,partial,135,0.4714692158577712,12.97330560115311,0.3405280690970236,0.15813715234259124
MVI_20064,29,0,partial,40,3.6094634128410314,2.323872499274656,0.505989864464373,0.6822251742892211
MVI_20064,29,1,partial,71,0.5920644374688129,13.77484024268552,0.44054773387878193,0.2809021007900612
MVI_20064,29,2,partial,14,0.6271486910707025,21.629969190824337,10.906833057772959,21.509794075203956
MVI_20064,29,4,partial,6,0.9221365156955148,22.144907175593524,7.778610526891496,17.588751897776667
MVI_20064,29,5,partial,111,0.5038708557416408,20.670372842774473,0.5302609555018252,1.8407620511660927
MVI_20064,29,6,partial,6,1.1859954396490127,26.552442864267977,25.724555398143487,26.405681788972345
MVI_20064,29,7,partial,19,0.45165602191069776,6.469091643774649,1.6150639997184177,3.04565469680432
MVI_20064,29,8,partial,6,0.429969717854617,0.2964517535483318,0.1384744853161347,0.17889515436716039
MVI_20064,30,0,partial,77,2.54679269622222,3.717020366577651,0.10539686479874823,0.2476493159236659
MVI_20064,30,1,partial,32,1.2140201674629716,3.965128266161685,0.37929047508329233,0.3780007050754786
MVI_20064,30,2,partial,132,0.4220547315438134,12.120072049815665,0.30058075070850754,1.2640884453207517
MVI_20064,30,3,partial,15,0.38314617186076855,10.643630089882945,9.249955271695201,14.463264453474546
MVI_20064,30,4,partial,42,0.8128910187468197,7.985627425911421,0.516828811547859,0.8632774094864433
MVI_20064,30,5,partial,24,0.3269702418454892,20.05184614749444,1.058756885008803,4.710307695816212
MVI_20064,31,3,partial,16,0.6716006598060932,8.874466428807018,2.6305888345583193,5.668394090464216
MVI_20064,31,5,partial,37,0.8090283758801325,6.463642458404094,0.566322145149679,1.4415971512721681
MVI_20064,34,0,partial,105,2.814502206500723,3.507464932074285,0.06402903503711485,0.002440202362938414
MVI_20064,34,1,partial,20,0.7036032210179818,8.043454463771457,6.308488057476055,10.51479320637259
MVI_20064,34,2,partial,112,0.4906966305900023,17.65366637440078,0.15980466109712396,0.6993454085453872
MVI_20064,35,0,partial,200,0.4751708150206408,16.45851182794735,0.17422112461958136,0.395993075391914
MVI_20064,35,2,partial,11,0.440464389447709,23.397654676821105,10.500547809908076,24.042122046554656
MVI_20064,38,0,partial,39,1.4698083894584817,6.099831558480451,0.46009286837475155,0.28227318620163083
MVI_20064,38,1,partial,40,0.5904640106018137,7.526491423844443,0.5694710940869524,0.32002942714566585
MVI_20064,39,0,partial,307,1.3370952354816026,7.079626257168489,0.06309982637816905,0.06652706797807142
MVI_20064,43,0,partial,42,0.4901479210776828,12.20862651581925,0.5837625426674268,5.39015491956257
MVI_20064,45,0,partial,91,1.2816417051100242,8.084269528049036,0.044370380194254475,0.3142169291998218
MVI_20064,47,0,partial,44,1.1843385326277671,6.23477358756301,0.02600174699055674,0.47543907683664904
MVI_20065,6,0,partial,97,0.48920075393854906,10.433208899711891,0.4146942338844728,0.8783718433562275
MVI_20065,12,0,partial,21,2.247980813797154,1.5629589143661415,1.1295913833418332,1.2315802645848903
MVI_20065,14,0,partial,55,1.1428450659090954,4.023177051207103,0.1502019425816797,0.3526441126751766
MVI_20065,15,0,partial,148,0.5663984857765308,15.738564239164907,0.1215675242270107,0.3157638594243487
MVI_20065,15,1,partial,7,0.42467020630333896,11.346180228903451,9.453228808481098,13.975211363605917
MVI_20065,15,2,partial,51,0.779948377018426,5.309195667538818,0.009192001068522214,0.43776714430261354
MVI_20065,16,0,partial,11,0.6594928952785596,5.339342898396454,3.2781903515585107,5.816079775920556
MVI_20065,17,0,partial,30,0.8007897374463089,6.909447839844789,0.9932206886135131,2.91927944921284
MVI_20065,18,0,partial,6,0.2816563809225324,0.9365196588280751,0.4701122897701352,0.9257951894210402
MVI_20065,18,1,partial,99,0.54808813070341,10.631970589846636,0.6098305477773599,1.1683355841793206
MVI_20065,18,2,partial,9,0.5122589717487441,0.7287802365148087,0.1745260556589891,0.2611229153049764
MVI_20065,18,3,partial,62,1.8549665316606647,2.237904203948311,0.007092385645812696,0.1283303670780912
MVI_20065,19,0,partial,11,0.8171550551992249,10.415163957724047,10.04302638919596,17.3812289336954
MVI_20065,20,0,partial,21,0.5962346274199817,19.714918350974454,4.6118338696424805,7.667814466161692
MVI_20065,20,1,partial,181,0.78970782199841,7.4822148154156585,0.20196766318224263,0.4056606225142949
MVI_20065,21,0,partial,81,0.5771835509430974,10.433613979183836,0.06835060067930201,0.940462736972095
MVI_20065,23,0,partial,29,1.2529826592363305,4.981236283518294,0.9046538538798471,1.3304745517202796
MVI_20065,24,0,partial,23,1.1617943314624382,3.329608180958846,0.03502419642192971,0.06638044050896898
MVI_20065,26,0,partial,167,0.9647871370038372,7.870696350540877,0.07499068157873087,0.012777224065854019
MVI_20065,28,0,partial,31,1.0312060991574592,2.358886263486137,0.09819171119238253,0.31411967623579323
MVI_20065,30,0,partial,31,2.3788033316660093,4.611924106264072,0.8870063653517622,1.989204723751522
MVI_20065,30,1,partial,22,1.091501086641984,8.03857913521762,2.0706298009747535,3.095792758200968
MVI_20065,32,0,partial,52,0.7096940970201719,13.922893178670032,0.5790484476326363,1.2123371415413358
MVI_20065,34,0,partial,6,0.9806721403135186,34.25259791213533,17.160697154346316,37.92871290181703
MVI_20065,37,0,partial,41,1.5120257380392723,4.8162641039423635,0.5062703162458692,0.9242565998847001
MVI_20065,38,0,partial,155,1.69148944653535,3.7308818683165277,0.028405823878851023,0.04950720684440576
MVI_20065,39,0,partial,89,0.912743755942762,3.0907135662703,0.015402661559564303,0.003620500145517136
MVI_20065,40,0,partial,14,0.59967014933459,5.813347844609068,2.614419487108573,5.39076443057662
MVI_20065,41,0,partial,44,2.4709840220047417,2.605353346200628,0.21193448412661017,0.20826442639853482
MVI_20065,42,0,partial,21,1.0636937819928236,2.3794991270433696,0.16449508795045553,0.807717406935305
MVI_20065,46,0,partial,8,1.212373639857817,1.6877681821446822,1.5002316822404642,2.336145881971986
MVI_20065,48,0,partial,111,1.7767548294420847,7.410619152023046,0.005070531956186852,0.05209672208103696
MVI_20065,49,0,partial,71,0.5537163832426926,10.162379661907352,0.008004228755650163,0.15691742701508288
MVI_20065,52,0,partial,120,1.0623733773406654,4.445615700678849,0.011997727295063319,0.032987680688623074
MVI_20065,53,0,partial,24,2.2212467047959525,1.1652321603512736,0.09591065166076784,0.034115528370089174
MVI_20065,53,1,partial,6,1.2268745214551517,11.090036622594365,4.666010806409832,6.238308308248999
MVI_20065,53,2,partial,98,0.6902345256293074,5.9988730868013596,0.034779835341105146,0.011350184870467997
MVI_20065,54,0,partial,80,0.5791170308229383,12.48239993170995,0.0918753292850034,0.07361815291461399
MVI_20065,55,0,partial,16,0.24074817691221087,21.064785463950116,5.015038293947067,18.514407666209884
MVI_20065,56,0,partial,88,0.4909234497852538,10.410381297282873,0.09489515243180625,0.12772775934287353
MVI_20065,56,2,partial,12,1.0069947058760986,2.528070454062317,1.025672985074473,1.4395612201816745
MVI_20065,59,0,partial,166,0.41627632989666863,19.760363606562773,0.7362336971116306,0.14328338482968453
MVI_20065,63,0,partial,39,1.3142508610837518,4.853200494564322,0.02786822923609126,0.18629649887384422
MVI_20065,63,1,partial,102,1.003738045470241,3.154396145442702,0.07878739648669175,0.025632721045283663
MVI_20065,64,0,partial,233,0.858566510470313,4.662789924158517,0.01542532956823069,0.014359237897026462
MVI_20065,67,0,partial,11,0.5456059584218228,0.7661682525673978,0.5795311700550556,0.7032636863954387
MVI_20065,67,1,partial,22,0.33358400865658827,21.9253064592558,1.2837521766692064,8.294315637431884
MVI_20065,67,2,partial,19,0.5401838457711856,28.317462569327038,8.872073312385249,15.216833441898666
MVI_20065,67,3,partial,14,0.1914375316181358,17.152281932126733,13.132920779538122,17.880305139358736
MVI_20065,70,0,partial,9,0.2315000000000058,11.250000000026812,11.25,15.213705142819496
MVI_20065,70,1,partial,123,0.43382110948540153,8.905519258308408,0.2737594062893488,0.45969578196775984
MVI_20065,70,2,partial,79,1.4085979891326228,2.3950778371355343,0.1121968645414121,0.023413362383178322
MVI_20065,74,1,partial,24,0.6575620182395039,4.8618862452637215,0.6597181409111961,1.2369974433108855
MVI_20065,74,2,partial,41,1.6630192945460855,2.5107581185559233,0.06617555411704786,0.33452005912813987
MVI_39761,2,0,partial,70,4.163361881872592,1.1914822915273142,0.028297815126840868,0.06001674452613337
MVI_39771,11,0,partial,11,1.2362335441601902,3.207276123876782,1.328932648628164,2.2078487738442734
MVI_39771,18,0,partial,11,1.8989102773441708,30.064319601534244,2.3742701332461413,4.532666957893833
MVI_39771,24,1,partial,56,0.5985423191438544,7.066300927480046,0.1348042221890675,0.2900475787895653
MVI_39771,24,2,partial,11,0.8649815292952491,1.3923306682673384,0.12453642667701567,0.2713745037053925
MVI_39771,25,0,partial,60,0.6252513098693954,8.416139824922002,0.006337253636573359,0.04758295146889682
MVI_39781,10,0,partial,101,7.879319231937108,1.2319257359244682,0.0213962168348873,0.0260654542605056
MVI_39781,12,0,partial,34,7.856254773518058,0.8337288795657408,0.08220842152740994,0.14101564427495633
MVI_39781,13,0,partial,76,9.86289902862722,0.9570275520696689,0.05124762907901636,0.07227726624786192
MVI_39781,14,0,partial,81,9.656876184039117,0.983351247351495,0.036477323574639495,0.09167361729141169
MVI_39781,16,1,partial,47,2.1575150476703144,1.9281771487105221,0.15868526261324978,0.023729095093099457
MVI_39781,18,0,partial,37,4.88954579264379,0.8828693588451071,0.07801597373372549,0.07144143344749664
MVI_39781,19,0,partial,86,8.507896691481163,0.8238784403414454,0.029023203237560226,0.07035578824490668
MVI_39781,23,0,partial,91,8.70412139268398,0.8959347674716777,0.025137976737096956,0.02613082851198964
MVI_39781,26,0,partial,18,18.706959952323317,0.6571440718943532,0.3037784185557322,0.32016840476017416
MVI_39781,28,0,partial,53,1.8695835136938588,2.8307149522290485,0.10957773711810909,0.21735236203456657
MVI_39781,30,0,partial,75,2.303059599699098,3.0427309981620945,0.0032726643656279973,0.12762149882652168
MVI_39781,31,0,partial,116,6.769967212765472,1.2109715136416168,0.014895483502059029,0.03328599069537429
MVI_39781,34,0,partial,256,0.6329899615817225,20.05831588975534,0.0026661194069874583,0.1492699608267941
MVI_39781,35,0,partial,121,6.262151986047195,1.5363955334669541,0.02486468568539324,0.04573043716742915
MVI_39781,36,0,partial,111,6.401756284349004,0.7502893302905226,0.023772926305583978,0.043425629661648674
MVI_39781,37,0,partial,13,1.179540629743171,2.119499282044769,1.88518099195237,3.043630180697321
MVI_39781,37,1,partial,53,3.397254501596845,1.4226945992624267,0.04607508334533153,0.0013919047939484944
MVI_39781,38,0,partial,33,4.4567455662731525,3.649048979497109,0.46005307102488674,0.5618133835599252
MVI_39781,38,1,partial,10,0.7020149006712266,25.268886202131124,14.339286015105825,12.260184207889932
MVI_39781,38,3,partial,15,1.3095368486465218,5.770714959934324,1.5892879145642955,1.5172600012768913
MVI_39781,38,4,partial,16,1.588139856072766,6.47727094098454,0.3740381505257906,0.44922511652805613
MVI_39781,39,0,partial,121,6.21401215518495,1.683847966658108,0.016039455269288967,0.027925853048319
MVI_39781,40,0,partial,6,1.8625364649892802,0.01815332951056233,0.0,0.0033475909207166406
MVI_39781,41,0,partial,11,2.5316213368080556,12.867803448388566,2.932104184691243,7.2314507628283575
MVI_39781,41,1,partial,14,0.0,0.0,0.0,0.0
MVI_39781,41,2,partial,15,0.0,0.0,0.0,0.0
MVI_39781,41,3,partial,32,1.018978726697881,19.294862297383176,1.278908125699228,2.002099993096035
MVI_39781,42,0,partial,6,15.66315382462779,10.51863973389828,2.186319644000972,0.7388803826209575
MVI_39781,43,1,partial,10,0.1815272262291798,33.11567246292764,19.970111967367057,43.26025262892239
MVI_39781,43,2,partial,157,2.3222672375965314,2.9668213797214555,0.13100355864524277,0.21289575599320695
MVI_39781,45,0,partial,12,13.713775931263246,5.910663071184808,1.0899372588820024,1.918206513000169
MVI_39781,48,0,partial,6,11.765407154360556,9.146914506447454,0.055445184775006574,2.6052311392985383
MVI_39781,48,1,partial,30,3.1177572355627037,12.333142170276032,0.21611712813123501,1.4289439116104221
MVI_39781,49,0,partial,9,4.63315847524599,0.9474852158532696,0.9305013216655016,1.8625280914632723
MVI_39781,50,0,partial,30,12.01691266384947,2.368482080899732,0.26852028847034526,0.23940746602132817
MVI_39801,2,0,partial,19,2.3415404316501993,1.571582895830843,0.029619823156241527,0.27994861806082844
MVI_39801,2,1,partial,11,16.91168821489793,0.9248617689507093,0.34718927047949266,0.47824787294225857
MVI_39801,4,0,partial,22,1.898936347497766,4.585357781967893,0.17779913395490674,1.093236451904264
MVI_39801,4,1,partial,10,17.524180342848254,0.7978027327721584,0.10896898196061942,0.06932974011425856
MVI_39801,5,0,partial,61,8.789568346034944,0.9781084023605955,0.0015762421587409454,0.03748146547927001
MVI_39801,6,0,partial,101,7.338334980976259,1.4478027071518664,0.005644272733275204,0.027405100582525228
MVI_39801,7,0,partial,34,12.302231620986301,0.6672730083715234,0.036318374001353314,0.03631914440063086
MVI_39801,8,0,partial,8,14.768942625489299,0.44466887370141794,0.43603223969029076,0.5427799043891214
MVI_39801,9,0,partial,15,3.740719766809493,4.012327601366875,0.1720196567942463,0.47743334327849735
MVI_39801,9,1,partial,8,21.28205804180656,0.9428803458229528,0.9358028823111509,1.5062100240134753
MVI_39801,10,0,partial,8,14.635716725013477,0.5918075349823342,0.5883098072982198,0.7683538951720942
MVI_39801,11,0,partial,8,12.90582859444695,0.06987406172124708,0.04845677974372288,0.07016240977298642
MVI_39801,12,0,partial,10,2.433082111060452,2.067137657316809,2.0024734743780477,3.985878215365189
MVI_39801,12,1,partial,29,4.675970086521479,0.5827910790875667,0.032950916620350615,0.01084857086341719
MVI_39801,12,2,partial,11,15.269287954708352,0.8233197749681691,0.08378777907988172,0.1208908804742595
MVI_39801,13,0,partial,15,3.3942459653491492,1.0697698289438407,0.10806693824372202,0.24105573674572114
MVI_39801,13,1,partial,9,22.97449621614321,0.8922109151184643,0.05860906067888163,0.07976634798855921
MVI_39801,14,0,partial,96,7.629331166223097,0.7832311779171526,0.021224040401433882,0.033280276133864375
MVI_39801,15,0,partial,38,10.798936108472162,1.1428755412007559,0.06155848198060905,0.08835381191470894
MVI_39801,16,0,partial,18,2.7857012409211874,2.4693347910527668,0.326639360939748,0.23480103847418946
MVI_39801,16,1,partial,8,24.68930741191649,0.3742239055402793,0.22683838347416185,0.28364751946738676
MVI_39801,17,0,partial,45,2.798773391823156,1.1909522417007867,0.12410823307988005,0.09292156706969697
MVI_39801,17,1,partial,10,17.68184215450151,1.0254564886583468,0.06029126233819082,0.0885676287520449
MVI_39801,18,0,partial,25,9.932461581165795,2.7673779453323513,0.19466658964323794,0.31774447325317845
MVI_39801,19,0,partial,19,11.904782453010483,0.47716915490997613,0.07737743449272036,0.1392215879708803
MVI_39801,20,0,partial,23,2.8527538852876115,1.029403746834545,0.4143847814961399,0.5147293227983344
MVI_39801,20,1,partial,11,18.688227175021808,1.0241050684738238,0.35188183984723764,0.8568661881633354
MVI_39801,21,0,partial,12,13.226696855057325,0.6992392913337855,0.14485258585058783,0.15297858756974858
MVI_39801,22,0,partial,10,12.478576772908852,0.8065259942490186,0.46849115523051993,0.7164439420346675
MVI_39801,23,0,partial,7,1.9909358397320789,1.8593765948836534,1.0669488261609978,1.573705953765594
MVI_39801,23,1,partial,8,19.856416464489694,0.8130517111171648,0.8036283411341684,1.6061417001381542
MVI_39801,24,0,partial,12,10.421348208029412,0.521666407982605,0.3746790796204589,0.314061545653472
MVI_39801,25,0,partial,12,2.087143988216368,1.0088009607842983,0.38166055939904847,0.7026429373057141
MVI_39801,25,1,partial,9,18.820423790035658,1.113413173160164,0.5055741918652873,0.32500631286929227
MVI_39801,26,0,partial,26,2.325054081997422,3.940473601198442,0.21573280661942917,0.48154893724445963
MVI_39801,26,1,partial,12,14.936964941403295,1.117568662888037,0.6820753750948364,0.7480173953188373
MVI_39801,27,0,partial,86,8.229958514214728,0.7605984521023196,0.022271158654364197,0.041472492165063574
MVI_39801,28,0,partial,10,13.058462811281988,0.6584807241101094,0.4859220311783946,0.8915277558044501
MVI_39801,29,0,partial,9,12.687955910512272,0.10636002135543579,0.09270037751900025,0.18449061549575177
MVI_39801,29,1,partial,89,3.7361981849758767,0.6611158446845814,0.0518637082376562,0.032051655305615746
MVI_39801,30,0,partial,28,2.1533156033858405,1.801109526250417,0.39555522702765633,0.37525583426649733
MVI_39801,30,1,partial,13,15.020582766166783,0.828196542132527,0.05125794948301763,0.07885636057785769
MVI_39801,31,0,partial,12,10.58512766928376,1.2511397834851212,0.2961704115502626,0.2826726622675924
MVI_39801,31,1,partial,76,3.263178823791878,0.40761138105107664,0.06055831146336414,0.09535177603689843
MVI_39801,32,0,partial,27,2.2677240012563846,1.8741719059498574,0.5968892435949313,0.8031380114518355
MVI_39801,32,1,partial,12,15.194872546447924,0.4656989774396372,0.12275219164569857,0.3793589488096263
MVI_39801,33,0,partial,111,6.63576907739251,0.7845236633296574,0.007035319603763646,0.0010876802732198323
MVI_39801,34,0,partial,9,11.684525029429196,0.2371798884134785,0.21225265766739862,0.30977282770235504
MVI_39801,35,0,partial,126,5.921622057351766,0.7755082781689246,0.0036823858921025522,0.0217885089170174
MVI_39801,36,0,partial,23,2.5382075564457773,3.5068862644971346,0.7223214124588766,0.5147716365003434
MVI_39801,36,1,partial,12,16.424716940320973,1.8546866575249872,0.14162257114420893,0.06639624720011739
MVI_39801,37,0,partial,9,13.34547559360611,0.5399623703610804,0.3795690230835682,0.4774769401046729
MVI_39801,37,1,partial,17,1.5891246098013179,0.15770891645887405,0.021187406783876837,0.03379744168452126
MVI_39801,38,0,partial,11,12.086286712523492,1.191867356600865,0.31094145439035603,0.5574839152528691
MVI_39801,39,0,partial,10,11.956873129376477,0.1403425605321907,0.1381958333907053,0.2173895247769629
MVI_39801,39,1,partial,49,2.2025311942268635,0.6863481507389259,0.09551413664643837,0.1307775926958826
MVI_39801,40,0,partial,120,6.073681964944369,1.1547515498982286,0.005983389603045413,0.020385338861478235
MVI_39801,41,0,partial,17,2.7436507789882283,1.3959143390440105,0.012626776897944034,0.20791610214530734
MVI_39801,41,1,partial,7,23.90061216555635,0.5530610329388504,0.04393120268168089,0.056287420836831734
MVI_39801,42,0,partial,7,13.76400955929096,1.139074636902402,1.1253587431724112,1.4180975041741308
MVI_39801,43,0,partial,20,5.27078442792979,2.426353049797496,0.7686447904616862,1.1743671378282354
MVI_39811,1,0,partial,6,4.037143802965077,0.04162704635989058,0.0,0.0026250647415455384
MVI_39811,2,0,partial,51,5.932531511453303,0.7290150689905873,0.014411895555060181,0.050530650472922434
MVI_39811,3,0,partial,66,9.493055179169877,0.8370701156432544,0.062406493474792275,0.07801285925501698
MVI_39811,4,0,partial,12,10.204797121756911,0.9212295792390705,0.4154449325513798,0.29398734400882287
MVI_39811,5,0,partial,11,10.94939925675982,1.5941470689438724,0.9871611385024572,1.126262412016987
MVI_39811,6,0,partial,11,12.18875569203081,1.672920622699234,0.08599454546079868,0.10056852922810612
MVI_39811,7,1,partial,22,16.07571899440218,1.2472499099072731,0.15683030542972137,0.14678205489428248
MVI_39811,8,0,partial,18,14.650267793944455,1.3450966953019325,0.1977880836506508,0.2595874135943623
MVI_39811,9,0,partial,17,20.305452077663503,1.7306086602438306,0.4523188671351609,0.5455887216163928
MVI_39821,1,0,partial,17,2.7008010196287557,2.8897251092203833,1.6180560823728567,2.199614774737192
MVI_39821,1,1,partial,7,13.765549907823685,0.8203318519943573,0.5203003294123897,0.776754806029065
MVI_39821,3,0,partial,7,14.896981336678515,1.5494163044611573,0.9069408422666053,1.2856164131615258
MVI_39821,4,0,partial,18,2.539045131050167,0.942440772687826,0.17778885750441137,0.05283492966743858
MVI_39821,4,1,partial,9,14.370084054624153,5.784338950897865,0.6273337482526257,1.7319936982839277
MVI_39821,6,0,partial,21,2.7625663684288284,1.1546523831012947,0.19207181866290682,0.4084998983332736
MVI_39821,6,1,partial,7,15.493443525247272,3.199132906105101,2.013010829356401,2.9764110833101083
MVI_39821,7,0,partial,7,5.688342648500004,3.560857708567665,1.8318022624439416,2.4733887758841098
MVI_39821,8,0,partial,21,2.3587016078971947,1.98233061148149,0.17344464035554488,0.5536607191824714
MVI_39821,8,1,partial,6,12.495194425716036,3.9164092876485257,1.6083895495757154,2.33965456871062
MVI_39821,9,0,partial,25,2.2278776290037814,3.382706835133686,0.09865239163024908,0.14707061324132545
MVI_39821,9,1,partial,9,13.829324234063137,1.7284894894382186,1.716528479810684,2.494674148613949
MVI_39821,10,0,partial,10,5.666486834512186,4.530337259613556,1.4105261323215936,3.2451389729011146
MVI_39821,11,0,partial,16,2.277975245803276,0.7082720096210186,0.405090803519615,0.6396114561845331
MVI_39821,11,1,partial,7,14.240531163943588,1.8076649244456704,1.1498492493162489,1.6911509061043268
MVI_39821,12,0,partial,9,6.365184582470713,4.0753801447785145,0.8355719763356833,0.8085128703039459
MVI_39821,13,0,partial,52,2.22397725685145,2.1338980232666893,0.07995009863440326,0.08293943737287346
MVI_39821,13,1,partial,37,6.38492228911422,3.5479156220355157,0.1538635052390425,0.2760615250412266
MVI_39821,14,0,partial,21,2.12972149621099,2.777059328535226,0.39719740054217784,0.3744287762320581
MVI_39821,15,0,partial,27,9.308425407718932,0.7779768634818185,0.09212611265767581,0.19646272627678593
MVI_39821,16,0,partial,27,1.9427231794172026,2.428385351642597,0.3582900133078412,0.4639634086686292
MVI_39821,16,1,partial,9,12.786130304992987,1.6966057239263472,1.6879420724913343,2.4633468590676375
MVI_39821,17,0,partial,131,5.674812426726913,1.7894577788854162,0.0071775514446441625,0.0015686589635451088
MVI_39821,18,0,partial,16,5.236452709723021,1.2594815778519106,0.051611620017406525,0.0632773912441852
MVI_39821,19,0,partial,18,2.609491051229219,1.8488044607283118,0.06260905357395583,0.4530939042072122
MVI_39821,19,1,partial,8,13.045769150306855,1.1343539708643158,0.753514465673886,0.9729916134848055
MVI_39821,20,0,partial,30,1.7111181129642483,2.9759757618820277,0.2763523334621104,1.1045916793435169
MVI_39821,20,1,partial,6,12.541968581439413,3.0587806896289322,0.4184754334546887,0.8368239787106692
MVI_39821,21,0,partial,24,2.2763485973222854,0.876814077565766,0.25411991311562443,0.4517995121600525
MVI_39821,21,1,partial,8,11.815042797976378,0.5618001150368477,0.3193334858465208,0.4289014068957894
MVI_39821,22,0,partial,98,6.469073326128875,0.9398284817074493,0.00439165605772924,0.018547607330536998
MVI_39821,23,0,partial,101,7.0114704559551,0.7483321125394938,0.0024688854378645125,0.010454344714080833
MVI_39821,24,0,partial,18,3.0667221834176637,6.60304487835219,0.9193987567614441,0.5041377561869023
MVI_39821,24,1,partial,21,4.694476878183365,1.4804329198356847,0.09556663520329053,0.010992166325492787
MVI_39821,24,2,partial,26,3.3053252664575066,1.858823211985272,0.3485264773049802,0.5104727015868177
MVI_39821,25,0,partial,27,1.965424864321604,0.8943177830850948,0.05234705437639469,0.11802487936315306
MVI_39821,25,1,partial,11,10.380330234289877,4.763067465848564,1.1758634509592287,1.9464269864121757
MVI_39821,26,0,partial,19,11.24252620033925,1.6017316947821258,0.14617149794831533,0.15997040099989623
MVI_39821,26,1,partial,6,7.350061460785024,0.9258223694324303,0.9143736796000479,1.2281679020562293
MVI_39821,26,2,partial,13,4.723531719541197,1.312254711314846,0.4450598447893277,0.8708083012536715
MVI_39821,27,0,partial,40,10.002965897668242,1.3664281078342093,0.036992847441398184,0.05814489363740439
MVI_39821,28,0,partial,24,2.193655778964912,3.0093915811120047,0.32162293617330556,0.23346468148760421
MVI_39821,29,0,partial,49,5.625000265307658,1.3242142787478037,0.2113582955997342,0.3330509400465405
MVI_39821,30,0,partial,43,8.603971692313857,1.09352056261807,0.07079176114979238,0.09816022388350047
MVI_39821,31,0,partial,24,2.096055797832131,3.2937858431045823,0.09064304522198839,0.5165506085161838
MVI_39821,32,0,partial,8,5.324151750836705,5.992788082380998,1.1492378305801558,1.8523172064690956
MVI_39821,33,0,partial,15,13.133479305709704,0.637847269792832,0.06225832603926811,0.13768292836798696
MVI_39851,13,0,partial,11,1.0636678143971063,9.589775836012995,9.530092651652689,16.733598372415397
MVI_39851,18,0,partial,111,4.465598145875873,4.83914313089268,0.08256135014316592,0.03243879225577407
MVI_39851,20,0,partial,6,0.0,0.0,0.0,0.0
MVI_39851,20,1,partial,11,1.2481171980286512,26.481125480396702,4.53838887431335,23.134146840334758
MVI_39851,24,0,partial,43,0.4715602099670078,16.849301650723447,0.5257764300976929,0.17582921772248403
MVI_39851,32,0,partial,71,0.8400667831756228,7.885065848541013,0.13370231643613306,0.384811503101829
MVI_39851,35,0,partial,97,0.4640171983710301,16.207257783757615,0.14969973976028336,0.2893027232667936
MVI_39861,1,0,partial,26,0.8098780513926651,21.024319566688263,2.9650579329202444,10.525488730773779
MVI_39861,1,1,partial,73,4.620118676088138,5.2677134376938755,0.3002226168340047,0.3724847517016843
MVI_39861,2,0,partial,11,10.339979800126118,1.3305131998582465,1.314364923826293,2.181259877728241
MVI_39861,3,0,partial,96,5.18570848302154,8.164268760744022,0.07037779334619768,0.1876790929943165
MVI_39861,4,0,partial,71,9.107771223143292,2.44315661552644,0.028120464483127532,0.09064185242262265
MVI_39861,5,0,partial,31,1.6888350126481708,2.285444957370912,0.02060782525453548,0.19535930496247936
MVI_39861,5,2,partial,23,11.274746488452427,0.905658279296744,0.2821716140709531,0.21746889893713672
MVI_39861,6,0,partial,46,1.3358982735048504,3.302545529428205,0.05486435840581905,0.08182350657628529
MVI_39861,7,0,partial,11,10.574386524232088,1.9467723014907068,1.1614650969821203,2.5182989394956254
MVI_39861,7,2,partial,7,6.1024442506574585,0.04191823085831281,0.011013541430154747,0.008948643618500042
MVI_39861,7,4,partial,38,2.0353882040994313,1.6908834968702624,0.007786555822795189,0.022810161999150515
MVI_39861,7,6,partial,37,1.1021556297638238,7.813061478603048,0.8071712536381275,1.8237731595549262
MVI_39861,8,0,partial,44,1.235862697850434,3.6443421419305735,0.04282157294846063,0.15381392656307888
MVI_39861,9,0,partial,36,1.592845113672238,1.9850962843033646,0.24679458167920662,0.15334664515303997
MVI_39861,9,1,partial,12,6.1266557352231095,0.5006599675070826,0.4016849212249689,0.5665123886338392
MVI_39861,9,2,partial,22,12.76150645974544,3.175928237889243,0.3950280644921486,0.8023352647462914
MVI_39861,11,0,partial,26,1.8431443532007143,1.7838437720432492,0.14039240510055823,0.25665675437832436
MVI_39861,11,1,partial,16,15.35679481700974,3.3807091880473297,0.8071894916635977,1.0578531338832546
MVI_39861,12,0,partial,8,0.4260041837874529,9.163879037571572,8.894183536678485,14.736130951236156
MVI_39861,12,1,partial,129,5.535558393899864,2.1208463712502867,0.008474863913437136,0.0017991843353278904
MVI_39861,13,0,partial,9,1.0652929697122906,2.9716098398323725,2.862452492779743,5.700043105459914
MVI_39931,4,0,partial,54,4.924667836218122,1.779079043639778,0.013139446332604696,0.10547892662201906
MVI_39931,4,1,partial,40,2.568290198579356,1.989505611452787,0.18194829933165474,0.034817654105822576
MVI_39931,5,0,partial,21,6.008464510603672,2.698499851618104,0.7260746096484586,0.17808263865279872
MVI_39931,10,0,partial,105,0.7225648313604309,8.217183100021188,0.041594106728201456,0.11035772108730893
MVI_39931,11,0,partial,33,0.6609508726986082,13.118872935387872,0.5801345289584442,0.13528316193962653
MVI_39931,12,0,partial,51,1.6544551596618344,3.218637165962741,0.2550246419540785,0.40996015212081605
MVI_39931,12,1,partial,102,7.253032389862934,1.6263617605767586,0.059837430129954974,0.0772191201354176
MVI_39931,13,0,partial,32,11.264818664240641,0.8207423361028016,0.15645282863677296,0.02664419751616112
MVI_39931,14,0,partial,83,4.362561556009303,2.114271752519585,0.03541763140845661,0.013729651655047225
MVI_39931,14,1,partial,38,3.4589996693191813,2.520559143532862,0.24587879760089631,0.33072274025372556
MVI_39931,17,0,partial,71,5.036350536120781,1.5567427837886691,0.05564308495413204,0.0685422607237637
MVI_39931,17,1,partial,25,2.3414049273324262,2.2512296179461564,0.3076231406741076,0.38717627148967654
MVI_39931,19,0,partial,86,4.060901935402914,1.7578875328142598,0.0026163362108191017,0.0314155118207062
MVI_39931,19,1,partial,35,2.1523247798717384,1.8928991148079053,0.31724447866483374,0.49185689550194334
MVI_39931,21,0,partial,49,6.215707794984634,1.458434362882481,0.09621844203073156,0.10969565542101654
MVI_39931,21,1,partial,20,2.220012258929477,1.4015883582369482,0.7166341161890215,0.773985674602897
MVI_39931,25,0,partial,46,7.263438047222333,1.292540628404669,0.10866781167360426,0.05829801425918962
MVI_39931,25,1,partial,23,3.2360996183650044,2.1481294422923845,0.25125938907802303,0.13800658119614648
MVI_40131,1,0,partial,120,0.4984135401742032,7.757856169679647,0.5277880728055503,2.7783242871481613
MVI_40131,12,0,partial,81,0.9427049161562217,4.8537336569745175,0.35094894751358413,0.7455168153639814
MVI_40131,16,0,partial,52,1.0044800830365221,12.39375954728393,0.5627991047448666,2.1953169508624364
MVI_40131,16,1,partial,22,1.4954620862821035,3.09276575959657,0.25556944351809474,0.24705163876138958
MVI_40131,17,0,partial,64,1.0968259420002315,5.92386530967503,0.079389000049947,0.3387254021914325
MVI_40131,19,0,partial,19,1.0588502702487512,3.6560920893504214,0.8651085018715267,0.5524969450312264
MVI_40131,19,1,partial,114,0.05811056078034809,4.574850413149846,0.001130563926039921,0.000858534585793398
MVI_40131,19,2,partial,18,0.29160027290088536,11.839911220931842,2.840216807595082,3.001016063874434
MVI_40131,19,3,partial,6,0.372184961599762,7.278875572501542,6.963200567276442,12.765016401581205
MVI_40131,19,4,partial,13,0.2517940601883281,15.113660627637053,0.0,3.344237516268744
MVI_40131,19,5,partial,72,0.6760540283021486,19.61120741632078,0.4801432699945832,0.8068073157885363
MVI_40131,19,6,partial,29,0.5451815721620262,13.646700620442298,0.028403715318471558,0.4612321265899944
MVI_40131,20,1,partial,62,0.5736751036310259,9.941604549669151,0.440149627435745,1.9730717893317358
MVI_40131,20,2,partial,7,0.5743914085390288,14.448856694309738,14.282603575106412,19.471916852614182
MVI_40131,23,0,partial,25,0.39727298907085323,6.411779908265289,0.8867922863629153,1.5140169912009542
MVI_40131,25,0,partial,177,0.8127560117431115,7.99126034972277,0.19841432045172594,0.2764539838023491
MVI_40131,26,0,partial,84,0.6623060854074441,6.662529864478234,0.017430632118663004,0.014569858382267676
MVI_40131,29,0,partial,102,2.753233480961793,6.151265759514749,0.20851195004698808,0.2423772608575822
MVI_40131,30,0,partial,9,0.38897519420690063,2.635502393126099,2.310184478838298,4.585047541143365
MVI_40131,30,1,partial,51,0.5261112326863955,18.80956259453256,0.16795336791295498,0.3752469291769715
MVI_40131,31,0,partial,24,0.4431564364395225,9.20871167734382,0.48969130311231407,1.4359681741427517
MVI_40131,31,1,partial,8,0.5855448764815484,23.521889106811013,23.41973342633097,1.9232402461511509
MVI_40131,34,0,partial,65,0.5875308111574066,15.019391045269856,0.6232146941359044,1.7843088315148568
MVI_40131,35,0,partial,97,0.4413816570432292,5.4869316329128095,0.1363911062471995,0.29062440706992043
MVI_40131,35,1,partial,26,0.49135094500525517,19.066021224425974,0.10382045147337526,1.583555677380079
MVI_40131,36,0,partial,29,0.6013068097520206,6.796218797179636,1.0237395005478398,2.26791255608008
MVI_40131,37,0,partial,210,0.5367113353170702,16.067087055217954,0.22995534123905154,0.3522295840353478
MVI_40131,37,1,partial,33,0.8302828514418308,5.158301404584535,0.01630389496703617,0.2742881034370863
MVI_40131,38,0,partial,51,0.5828510892836194,7.288076201330889,0.2407541810156827,0.4240538732233385
MVI_40131,39,0,partial,100,0.7834589976359596,7.245455500736228,0.20225595817038466,0.21749052124930113
MVI_40131,39,1,partial,55,2.4582309449394035,2.584451133589743,0.010693324298378657,0.06741474801609919
MVI_40131,40,0,partial,119,0.4920496558148402,10.172842948660387,0.022149920076650582,0.0011820548966642377
MVI_40131,40,1,partial,11,0.6384960137560635,28.613420687557124,10.472773235809829,36.50541967996236
MVI_40131,40,3,partial,15,0.5786979719361476,4.764289218120157,1.4635155475272217,1.5831156451355244
MVI_40131,40,4,partial,8,0.7199757898934583,2.746092116836047,2.5187388845386685,5.0364288164429825
MVI_40131,41,0,partial,43,0.4756411037690692,14.36360857110432,1.4142133029776633,2.782192263676387
MVI_40131,45,0,partial,25,0.7439450534361051,15.706848955737662,0.37236641149973676,0.6807290222949639
MVI_40131,60,0,partial,22,1.3854241304402062,0.9187636453568573,0.44383526912874754,0.6478548198187227
MVI_40131,62,0,partial,26,1.5740578888893315,5.514188104541577,0.19980280032706652,0.1169425322042618
MVI_40131,65,0,partial,60,0.4982458302808678,22.212725008540747,0.05312045101938867,2.460858164055026
MVI_40141,8,0,partial,24,0.3607769362275814,21.569419168686974,1.651184453460561,14.050226732966532
MVI_40141,11,0,partial,37,1.5945775293139655,2.0656937700541285,0.16017663283983016,0.3286020002348387
MVI_40141,12,0,partial,36,0.74660244289028,8.34513064253119,0.32204590647762205,0.031048569368496714
MVI_40141,13,0,partial,51,0.6156732834123989,7.263490826461826,0.009033973142371407,0.39486485844585684
MVI_40152,1,0,partial,10,12.62368225988377,7.739448396799793,0.5056268981791807,0.5407990988416738
MVI_40152,2,0,partial,28,7.889062200375678,0.8432279213942321,0.01836764579732363,0.05369273397535384
MVI_40152,3,0,partial,41,13.424291131862152,0.6122963558384865,0.04816549001270083,0.01077468609960889
MVI_40152,5,0,partial,19,5.041403584696342,1.6529076123475503,0.13612505811552186,0.26828385933521415
MVI_40152,6,0,partial,21,1.9792110995090522,1.0480820476565365,0.44642826581948636,0.8341470792828513
MVI_40152,7,0,partial,16,8.276865243878127,0.5832293298539697,0.13661681552900437,0.22103003838463683
MVI_40152,8,0,partial,19,6.3373389330187955,1.7688332573733838,0.38417955964058104,0.4812720304494976
MVI_40152,9,0,partial,18,11.766784288433458,2.53943307658308,0.23408022791095975,0.2983595093544452
MVI_40152,10,0,partial,20,6.053388699893519,1.090484802449791,0.2174601224028639,0.421576804959986
MVI_40152,11,0,partial,21,5.57257461659663,0.8987703647089818,0.18438109685020568,0.20795141806320128
MVI_40152,12,0,partial,19,10.588580199917866,2.3696535530576464,0.2912241538751167,0.2876163561770404
MVI_40152,13,0,partial,23,5.351462373297414,0.9004478754406208,0.0612081178661226,0.10511922514483989
MVI_40152,14,0,partial,7,1.5940871081183567,1.4839726257108223,0.7039197258871758,0.9363082232149718
MVI_40152,15,0,partial,18,5.053297014700185,0.9888290132176164,0.23537678174614118,0.5008920424726693
MVI_40152,16,0,partial,20,5.5011688840326745,0.545369374752636,0.17431784433128686,0.26357266153415243
MVI_40152,16,1,partial,50,1.3792046842123928,2.960049125673265,0.005949393615346218,0.1086542623163554
MVI_40152,17,0,partial,24,6.467752764896773,0.44314198330449317,0.06916550970203142,0.05634071969263257
MVI_40152,18,0,partial,18,4.848023745225507,0.6441441803668011,0.43476245816815345,0.5371294722575389
MVI_40152,19,0,partial,21,5.8972096613438625,1.372989722379376,0.05082897791672573,0.1538549954518735
MVI_40152,20,0,partial,21,4.270481527684959,3.288315689411842,0.11558645132881415,0.4744506530942532
MVI_40152,21,0,partial,21,10.477302654682079,1.9197144112199112,0.5576336916198494,0.7814367013223343
MVI_40152,22,0,partial,20,4.991498227018805,1.5114078206767085,0.06671199341637736,0.20784943650122922
MVI_40152,23,0,partial,20,8.246027146154551,1.49031491557044,0.06879178153865485,0.1646490587313444
MVI_40152,24,0,partial,19,4.726321756815227,2.017741857198584,0.19269445488048248,0.7026908520467193
MVI_40152,25,0,partial,25,5.052833471170417,2.374852386289094,0.3601181336282135,0.12814014038006263
MVI_40152,26,0,partial,116,6.760872542267795,0.8051774103822418,0.01263032299243225,0.03921276599746937
MVI_40152,27,0,partial,23,4.891405982809579,1.7072794897303283,0.4106779558625531,0.9625907058380072
MVI_40152,27,2,partial,18,0.9041812534689609,4.2792697123709775,0.0939313100872986,0.06387639772555337
MVI_40152,28,0,partial,16,11.453702786242586,0.22563426259546204,0.14042659681552902,0.18985129440782159
MVI_40152,29,0,partial,21,4.148402161809869,1.5833349180549219,0.5736765972932205,1.0126515541022463
MVI_40152,30,0,partial,18,7.44011252887686,0.41681479279816963,0.09735906796584319,0.2524771924780995
MVI_40152,31,0,partial,18,2.503082376047071,0.8861290963514268,0.34946020590731836,0.72513657078445
MVI_40152,32,0,partial,23,3.851464380544691,2.207531378662984,0.1808743646737386,0.7756511090248842
MVI_40152,32,1,partial,23,1.8539361969155876,1.7512174645536147,0.16305413113787018,0.32771313104197836
MVI_40152,33,0,partial,17,7.240603957362392,1.4140109371478051,0.35714582324960115,0.46860934557857675
MVI_40152,34,0,partial,14,8.838526287417965,0.8333556248457273,0.0066066378737880465,0.03687034557113435
MVI_40152,35,0,partial,20,8.090848404198114,1.2261395124766665,0.15217550671262803,0.28713852116155686
MVI_40152,36,0,partial,25,4.925920402698268,1.706571255143471,0.262114007948345,0.24636609557890227
MVI_40152,37,0,partial,25,3.9791375688587274,1.7327612148963691,0.1955695531774383,0.28155132581306963
MVI_40152,38,0,partial,20,6.268553163590186,1.4569726363621023,0.2514832529095581,0.37387817995819134
MVI_40152,39,0,partial,21,6.29869184529812,1.5845927684957954,0.2343555213745659,0.054730582080281934
MVI_40152,40,0,partial,19,6.356809522600997,0.9382601885417571,0.2822666546591778,0.4581055353306119
MVI_40152,41,0,partial,23,6.526646484290833,1.3106200954932712,0.1415983695031973,0.01487158553183393
MVI_40152,42,0,partial,20,5.778698064345752,1.5395399091670174,0.31326950972436246,1.0409330703671134
MVI_40152,42,1,partial,37,1.2857823036608427,5.470336023922196,0.0772098890557883,0.07512975212592915
MVI_40152,43,0,partial,17,8.801439914781657,1.147000973175069,0.05018725988751059,0.12901255531940853
MVI_40152,44,0,partial,22,6.638224622604228,2.023797742742213,0.3493159034607993,0.6371566762735069
MVI_40152,45,0,partial,40,4.74007239665937,4.8297955447351075,0.5976492098458549,0.6271751197536896
MVI_40152,46,0,partial,96,7.97495094060857,1.354027468743952,0.045424597826149084,0.04927723595141603
MVI_40152,47,0,partial,27,2.2220919390755873,0.7832640569057142,0.1307157092590519,0.28387762359646007
MVI_40152,48,0,partial,55,3.925851295495536,1.6667163855943785,0.04002733604642992,0.08187024029026423
MVI_40152,49,0,partial,15,5.885322479004754,0.9411052368727456,0.7056518585665589,1.0162619565788134
MVI_40161,1,0,partial,10,1.0071060322394212,1.8255956528298372,1.695013189228664,3.368094717558585
MVI_40161,1,1,partial,22,1.3414831556055158,2.6726588146893775,1.4266299197493797,2.233647102095782
MVI_40161,1,3,partial,7,1.2382307350396444,3.8950056643649043,1.7018845785930887,2.1826669976207307
MVI_40161,2,1,partial,33,2.1105336860875292,3.521895282633921,0.19017370921380491,0.18024232072266483
MVI_40161,2,3,partial,11,0.48615107433896815,24.343553799305912,16.723443421894075,16.75477395210095
MVI_40161,2,4,partial,10,0.5006694180645215,7.858958130878174,5.450929552003037,7.557978368715291
MVI_40161,2,5,partial,7,1.2887861539204455,2.6563153349849973,2.599765851778161,3.209160235026215
MVI_40161,2,6,partial,36,1.3009205383159725,1.5499930552867498,0.3937395191356048,0.6813152526375529
MVI_40161,5,0,partial,28,5.201711139480596,1.2327100557046506,0.07614618710137008,0.07372908076383416
MVI_40161,6,0,partial,60,6.108201166003377,0.628962717667965,0.028986127249342016,0.014791160229762887
MVI_40161,10,0,partial,50,3.042078068154217,0.9760592922399162,0.039003168831844806,0.08188534878647441
MVI_40161,11,0,partial,72,9.359358970458105,0.8649131459413054,0.05281948684266527,0.0414259919407369
MVI_40161,11,1,partial,38,2.4179910283408717,2.0621080522045023,0.441884822583856,0.6273946130796167
MVI_40161,16,0,partial,67,8.254481996050737,0.879174889489283,0.006076264324552478,0.0029552004556398313
MVI_40161,17,0,partial,76,10.17850500354707,0.6999216906615714,0.03713283792743877,0.057342604975423477
MVI_40161,28,0,partial,76,10.11024604257022,0.8627328535999392,0.025140748082357778,0.0474263365688199
MVI_40161,30,0,partial,75,11.005522721362198,0.7943463073685688,0.04888830245857078,0.07676636540446202
MVI_40161,33,0,partial,28,11.47550206509393,0.315876929641113,0.069577225297248,0.12106021473683641
MVI_40161,34,0,partial,84,9.267201723340687,1.2379684650623397,0.02927800961162569,0.04397523593085675
MVI_40161,40,0,partial,65,11.191068345025805,0.608199997156289,0.032731471388771034,0.07543173745508766
MVI_40161,44,0,partial,63,11.736609639724733,0.6474742451586759,0.06082043630406852,0.10775997906605146
MVI_40161,50,0,partial,33,9.62394979581026,0.28056268647354926,0.004134717114914055,0.013009714966118545
MVI_40161,51,0,partial,74,10.277770305041416,0.43031092053358483,0.04587543357382345,0.04531675423667195
MVI_40161,61,0,partial,23,4.187412691050176,5.638899065379622,0.9734374901715039,2.20187142602363
MVI_40161,61,1,partial,25,1.5238691156518989,3.928552342687656,1.1383401342328232,1.6402353294111374
MVI_40162,3,0,partial,96,7.7001386409131785,0.8543289270747461,0.031865976805673706,0.07066970738164816
MVI_40162,6,0,partial,100,7.108714583115796,1.4654818556493612,0.011816867392824466,0.010508138623809855
MVI_40162,6,2,partial,7,2.608705374025506,4.601963787538094,4.571960928064705,6.254819773812286
MVI_40162,10,0,partial,74,9.662236523657276,0.9830480210922611,0.02707073697281973,0.03903206249718276
MVI_40162,16,1,partial,7,9.110951914917132,0.8988739710270167,0.8877336260915539,1.244735477754127
MVI_40162,16,2,partial,65,3.6313450104021414,0.8528711210101144,0.030260025144179224,0.05537620318058402
MVI_40162,17,0,partial,116,7.045103491414761,1.1972137680179158,0.027367894377996572,0.04129052479766731
MVI_40162,21,0,partial,106,7.305561033124906,0.6842363563493397,0.01115476178737978,0.036884450569395044
MVI_40162,31,0,partial,31,2.1373270669400246,1.3163693798598615,0.2313320264783296,0.2795736141836246
MVI_40162,32,0,partial,13,1.8386942425722117,3.3101887052873273,0.30624087307188097,0.13816880904488052
MVI_40162,32,1,partial,29,3.022031203110873,0.916328538120567,0.35314197262771685,0.5022293569615423
MVI_40162,34,0,partial,84,8.914918274698572,0.8046893447249516,0.0185029330937437,0.03781779600046259
MVI_40162,35,0,partial,30,4.526268970299151,1.1930663593056625,0.04001370044791563,0.1459395382415185
MVI_40162,37,0,partial,63,10.590235380129052,0.6129521672062711,0.018075046063977668,0.02842644769690793
MVI_40162,37,1,partial,6,2.8226994614242296,1.1438861713112625,1.0787625674074077,1.5177831419939374
MVI_40162,39,0,partial,51,2.1846779106371046,1.4308206761449305,0.13104892284986966,0.08433035325096278
MVI_40162,40,0,partial,29,3.9235729632821643,3.063509907519805,0.23083793841244296,0.03261341029907717
MVI_40162,40,1,partial,22,0.5010710444371294,21.47947360757177,1.6359367267544034,6.877683300554204
MVI_40162,40,2,partial,20,0.19009947822511328,16.619042322606557,4.578356777229559,17.70871534254862
MVI_40162,40,3,partial,18,0.47804344849787533,17.596775310724468,6.373784641190822,16.21914249919378
MVI_40162,40,4,partial,28,0.5420408077516478,23.147793934609446,5.512680615684292,9.996509180893883
MVI_40162,40,5,partial,16,0.47745907305894375,30.31989079484233,0.8892471850923868,36.14404249691938
MVI_40162,40,6,partial,17,0.7675313826357664,26.542783103614084,5.755563303116064,24.6846625251076
MVI_40162,40,7,partial,21,0.4760862651541068,23.959774503106242,0.787453557026853,6.492589396693222
MVI_40162,40,8,partial,24,0.6080982022683975,8.435253301328967,1.7930339933637491,4.016288322986681
MVI_40162,40,9,partial,75,1.3783285059744705,2.9635692473129027,0.014022030760438503,0.08351936868858875
MVI_40162,40,10,partial,37,1.204904280705006,7.841989895016962,0.009036345061122709,0.34016562967350844
MVI_40162,41,0,partial,68,10.262999791002327,0.45640379933601516,0.039128737529506914,0.054619596083548654
MVI_40162,42,0,partial,51,1.5515395379867918,2.1595856995558855,0.02656711715607486,0.07375058607175561
MVI_40162,44,0,partial,26,1.9011417328410474,1.9145811893950506,0.010363650797742041,0.14633049010293267
MVI_40162,46,0,partial,83,8.890604438687639,1.4943982720604523,0.018486827238818677,0.0639908716698046
MVI_40162,50,0,partial,31,1.9477241761980997,1.7192780821836424,0.06413748222738216,0.19962522952715292
MVI_40162,52,0,partial,32,12.563752071181272,0.9247430231204737,0.05384315918578112,0.0879074681787878
MVI_40162,53,0,partial,101,7.896424577906414,0.8956247827926453,0.03063584965744373,0.021631247583323406
MVI_40162,54,0,partial,61,1.7758842349817632,3.09918252200216,0.24391579267249952,0.28141047715435613
MVI_40162,55,0,partial,61,1.4451659820961225,2.6751413060124114,0.05623872080620631,0.01843588671188873
MVI_40162,58,1,partial,65,1.695695693713249,3.214037163872908,0.12739709300374072,0.1599306824079639
MVI_40162,60,0,partial,111,7.18388776179071,1.1899073910563867,0.038044090419630014,0.047382829280514085
MVI_40162,62,0,partial,61,2.316350147266774,2.3435985120535423,0.1376579030735333,0.19823078367206023
MVI_40162,65,0,partial,78,9.245171777792871,1.5300234980477698,0.01177289676112622,0.015690024833631095
MVI_40162,65,1,partial,8,2.201305192479355,4.124668896481263,4.114722527294042,8.144479265888062
MVI_40162,72,0,partial,29,2.2108938642951164,1.405581634010506,0.06728565261096506,0.04245107534118057
MVI_40162,73,0,partial,115,6.993587673154128,1.7341886800263908,0.008788279446607788,0.021611848287745344
MVI_40162,75,0,partial,98,4.646895194036234,1.173568718135895,0.041683723433308326,0.057203052415795305
MVI_40162,76,0,partial,116,6.538804183133826,0.9590572983923711,0.01427606832103919,0.025419657699474945
MVI_40162,82,1,partial,10,1.3694047568962395,2.5068695702439636,2.439377984268562,3.3173785215825347
MVI_40162,83,0,partial,96,6.6188295971317865,1.2995077427170987,0.007715241937655914,0.009244176681318347
MVI_40162,88,0,partial,74,9.477155274494137,0.7124049938843819,0.03380107533792745,0.057179764621894565
MVI_40171,1,0,partial,26,26.539657084240847,0.4690962930899075,0.08475109621381005,0.11343500958803575
MVI_40171,6,0,partial,41,9.512644813847391,0.5860000322860903,0.008672886252330942,0.0106719187404418
MVI_40171,7,0,partial,56,16.227813062796773,0.9303690662688553,0.024607477172202567,0.027676158078281974
MVI_40171,8,0,partial,12,1.456222324614449,1.286485148933111,1.276022133447862,1.2978112776307968
MVI_40171,8,1,partial,11,3.169199736454322,1.179380899694952,1.167429348383757,1.2055839067487244
MVI_40171,8,3,partial,26,2.152043802210601,5.796826361102519,0.2145860566908107,0.593178001917193
MVI_40171,8,4,partial,25,0.6765430474861702,13.141208994165652,5.410447868629671,8.77216912789391
MVI_40171,8,5,partial,18,0.025001850254577403,0.12909414821783272,0.0,0.0
MVI_40171,8,6,partial,12,0.33336711089219767,5.007328620274513,0.0,0.0
MVI_40171,8,7,partial,32,2.6254034918606703,2.6923966797301984,0.43928779311796334,0.32220185398851936
MVI_40171,8,8,partial,28,4.1689683731395775,3.5528950007716564,0.4179160331620975,0.7415346873911033
MVI_40171,8,9,partial,16,2.667581329665356,3.8160404537494648,3.761933199665949,4.698467283790041
MVI_40171,9,1,partial,10,24.803850460326778,0.4281038442849672,0.10968477782212946,0.08496484750220766
MVI_40171,11,0,partial,27,6.824071525694475,0.6919717231292846,0.1308198515070849,0.12757987399792867
MVI_40171,12,0,partial,61,15.58230225215384,0.7333473774427711,0.017286848952363053,0.01855512813537623
MVI_40171,14,0,partial,31,5.155025735486313,1.2402347825501714,0.2704791754078776,0.2964446428790153
MVI_40171,15,0,partial,66,14.257770721972376,1.0634058378653184,0.0009161848404478028,0.016554388687854388
MVI_40171,16,0,partial,61,14.475178673428443,0.5783936294281615,0.014038384222643915,0.025634509541804
MVI_40171,17,0,partial,11,3.6320029389964015,3.8337970572778657,0.38301011642760907,1.3319473345828812
MVI_40171,18,0,partial,209,0.16675989183417522,5.77864061703212,0.0,0.7354108366262938
MVI_40171,18,1,partial,11,0.0,0.0,0.0,0.0
MVI_40171,19,0,partial,61,14.811719280742524,1.000161217372929,0.030545008207596116,0.045027887896718015
MVI_40171,22,0,partial,69,13.02855567377939,0.8934941537712003,0.004755317785568238,0.01763305074618725
MVI_40171,23,0,partial,62,14.228084402456826,0.7518907754448159,0.05338191686881883,0.05173729868269183
MVI_40171,25,0,partial,66,14.37246805909144,0.9515376542048947,0.018712423343492983,0.018152179562467775
MVI_40171,26,0,partial,47,15.008411397140852,0.7876951112683941,0.04875033611405084,0.051612169944388844
MVI_40171,27,0,partial,30,6.323163487489702,1.3845204595045975,0.1707228366552268,0.00023482676187152707
MVI_40171,28,0,partial,21,5.967140116089097,1.380008466405998,0.3024586544078095,0.4377982694829111
MVI_40171,29,0,partial,53,17.430531452905253,0.984048205014032,0.02397165849376829,0.03585202093913517
MVI_40171,31,0,partial,26,10.477076565705834,0.3643629849537586,0.1208044444043923,0.19192398940117766
MVI_40171,34,0,partial,66,14.105254062810298,0.614510276846101,0.004933048058369702,0.0008878738146698544
MVI_40171,35,0,partial,62,12.913559757164107,0.5955782663068467,0.0045596752242581485,0.012242707904837754
MVI_40171,36,0,partial,66,14.4883609267626,0.8664389472192946,0.002621076900310447,0.016411071203461126
MVI_40171,38,0,partial,8,0.32721571223150886,11.759824954572599,11.309820022615483,19.55209273479553
MVI_40171,39,0,partial,70,13.33414513666144,0.7250062854790729,0.03912221986331231,0.03480635084312411
MVI_40171,40,0,partial,23,25.697534320784804,0.22173074277289231,0.02730922186671456,0.05088930795055094
MVI_40171,41,0,partial,99,0.08028115127609199,3.812873244050832,0.9951928186119074,1.5916240830318358
MVI_40171,41,1,partial,52,0.05826681823541606,0.21329808857830587,3.342700606400873e-14,0.0003260536264786141
MVI_40171,42,0,partial,1150,0.10831561282966153,2.011452945391474,0.014257416549228907,0.03782252211407536
MVI_40171,43,0,partial,1150,0.0847195885478422,2.49905436154132,0.01345073730932792,0.03262837374299645
MVI_40171,44,0,partial,1150,0.11310135115639902,2.376012839985814,0.0211054122027135,0.17249401668117
MVI_40172,16,0,partial,180,4.316590980867437,1.4973673667970013,0.0011282587662420887,0.0017068614540819594
MVI_40172,35,0,partial,39,22.4660761008026,0.40338776016823086,0.04401183916570188,0.06685062308925012
MVI_40172,36,0,partial,37,23.382637843669084,1.021634808576449,0.040826554306082764,0.06305805374880004
MVI_40172,40,0,partial,29,10.875097974642113,0.6025699787315312,0.04087102989792109,0.1087542135766331
MVI_40172,41,0,partial,39,23.197383560974256,0.4322344808756334,0.03996790550329872,0.06770731215409846
MVI_40172,47,0,partial,48,18.113418672088418,0.8672344022126397,0.009949730205910563,0.029379088656259423
MVI_40172,50,0,partial,51,18.76415775728273,0.3846230028793153,0.012066253323266824,0.021681329228201433
MVI_40172,51,0,partial,10,3.956893697124651,4.551249431643397,2.2204540637276664,3.0372495669747104
MVI_40172,56,0,partial,28,20.07241865526945,0.2344476369169343,0.04943136558579447,0.05175291655304102
MVI_40172,57,0,partial,37,20.92596891040158,0.5122552716099097,0.05562338697022605,0.033339115107151894
MVI_40172,60,0,partial,44,16.011105940020926,0.5718369261882871,0.016335532491821673,0.026270514149676065
MVI_40172,61,0,partial,13,17.607165314097088,2.2372487839193815,0.6115266434306897,0.9194548339646899
MVI_40172,63,0,partial,46,18.614944019661554,0.7087227973895515,0.019662532829445228,0.018439451488222066
MVI_40172,65,0,partial,29,18.399870026386925,1.3738007597065347,0.7379288099366398,1.301437681726893
MVI_40172,67,0,partial,31,25.893633882597282,0.31599497748218985,0.11383189606198983,0.1463053621151328
MVI_40172,79,0,partial,114,5.693183994423473,1.7169340259758759,0.0484007803329281,0.050846201863479996
MVI_40172,95,0,partial,40,22.15677383304916,0.5802333633790234,0.047267868152622024,0.02501236382279481
MVI_40172,96,0,partial,50,16.14929844950842,0.8280291577288322,0.002480414885195496,0.025143210892567738
MVI_40172,99,0,partial,50,0.048830350640224444,10.915165393989898,2.5985524477656825,3.6369771016725037
MVI_40172,99,1,partial,74,0.00527600207059752,21.908138528720993,0.0008507190381730165,0.011909579966358823
MVI_40172,99,2,partial,40,0.11137068531606904,1.9935618934731678,0.0029165603068985295,0.0011855932347142396
MVI_40172,100,0,partial,2635,0.08695550955600008,6.162911238285132,0.004025332817418278,0.037784397509187405
MVI_40172,101,0,partial,2635,0.08786490228992043,9.574027192413318,0.0008512329517984936,0.04375318240621361
MVI_40172,102,0,partial,2635,0.09036717376547353,6.789469912986752,0.016409237645161664,0.008383359329453458
MVI_40172,105,0,partial,52,0.021470588235294095,0.0,0.0,0.0
MVI_40172,105,1,partial,45,0.012449122665891944,26.010270241308152,1.9777267292009505e-13,0.048591378046699996
MVI_40172,105,2,partial,21,0.012454670178295118,25.63161086088735,0.36681435988223154,0.2372894862393796
MVI_40172,105,3,partial,39,0.007632914236002492,4.278071089404712,0.0,0.07394165359388805
MVI_40181,3,0,partial,8,0.0,0.0,0.0,0.0
MVI_40181,3,1,partial,16,0.0,0.0,0.0,0.0
MVI_40181,3,2,partial,7,0.22912989065396297,28.761713262729387,28.146717392266186,29.988170297869686
MVI_40181,3,3,partial,16,0.2972410546513641,27.6851326333388,7.782621612346299,23.641163021728755
MVI_40181,3,4,partial,17,0.6339308411343842,13.221595017721334,1.7034771938250641,3.556899332069711
MVI_40181,3,5,partial,26,1.9717165811174575,2.6545912117820127,0.6891040535618995,1.2706627167274533
MVI_40181,8,0,partial,18,1.443453387077347,25.99349385052987,1.562650069239846,5.448685017401979
MVI_40181,8,1,partial,17,0.7932742760654764,14.042262363737445,2.3060014366752832,7.689911614437339
MVI_40181,8,2,partial,25,2.176383529243108,0.7001308013644946,0.17526642123409727,0.2087300821101176
MVI_40181,8,3,partial,22,2.688685394923295,1.2116024219114405,0.3215292985925953,0.40065395672305854
MVI_40181,8,4,partial,55,0.0,0.0,0.0,0.0
MVI_40181,8,5,partial,24,0.0,0.0,0.0,0.0
MVI_40181,8,6,partial,15,1.1337568377656981,5.545051837230308,0.8073255122128733,1.9334213895894832
MVI_40181,8,7,partial,32,1.6738326237324521,4.899303896685434,0.0749775140775277,0.17217662351335383
MVI_40181,11,0,partial,72,12.706541214195301,0.8289782735105312,0.004637690242644927,0.015181760436904338
MVI_40181,12,0,partial,6,20.285196922765422,0.7320760272439398,0.7273148932905424,0.9510971124623959
MVI_40181,14,0,partial,20,5.721904259180398,3.297635912593801,0.11646059038024932,0.06251730845108436
MVI_40181,15,0,partial,45,16.67718300327344,0.3168846599088046,0.0308538159602457,0.032542685476550356
MVI_40181,18,0,partial,25,19.70328382621928,0.5913176461323607,0.060700038014298234,0.06739404454540698
MVI_40181,27,0,partial,48,19.02601875255476,0.7909860070174435,0.09445613413682298,0.14085842815209113
MVI_40181,29,0,partial,12,2.8412356742300786,2.972094054048624,1.3765160633399935,2.4085708605011362
MVI_40181,31,0,partial,51,17.773526737756082,1.3792160530114916,0.0004817558773315453,0.05135816418098617
MVI_40181,35,0,partial,58,16.188077193739115,1.2189943254790552,0.021432446564627186,0.04449385093635706
MVI_40181,38,0,partial,12,5.662325159241219,1.4902766225050619,0.867084200543725,1.8824576000218403
MVI_40181,40,0,partial,68,13.569311979174785,0.9067718613689892,0.016559808647462208,0.05148708463109023
MVI_40181,41,0,partial,61,13.547192733366208,0.5534262168621816,0.050605620940246676,0.07625239536158675
MVI_40181,45,0,partial,48,16.544761951692728,0.4210785543551161,0.07694236586750376,0.111501563406278
MVI_40181,56,0,partial,29,4.434173169270159,2.0098996217237626,0.3601167284108386,0.38006094153910636
MVI_40181,57,0,partial,23,4.676743564016318,1.9738228318243025,0.8407467277672279,1.111860878924815
MVI_40181,57,1,partial,23,0.12113636363636231,8.181818181818182,0.0,0.0
MVI_40181,57,2,partial,32,0.0,0.0,0.0,0.0
MVI_40181,57,3,partial,18,0.21970588235294197,21.176470588235293,0.0,0.0
MVI_40181,57,4,partial,22,0.0,0.0,0.0,0.0
MVI_40181,57,5,partial,16,0.0,0.0,0.0,0.0
MVI_40181,57,6,partial,24,0.18358770130118837,5.98366563832202,0.0,0.0
MVI_40181,57,7,partial,24,1.6479527728600265,2.684402065157197,0.2739603785893297,0.6837609721171977
MVI_40181,57,8,partial,11,0.6760386938447734,4.451993687159061,4.326429541107165,8.171480578254688
MVI_40181,58,0,partial,61,14.785172162403704,0.7446773889780213,0.016984264745366868,0.0012201764940319199
MVI_40181,62,0,partial,61,14.900136794578312,0.654883333131322,0.02070975735531542,0.016426734919197737
MVI_40181,65,0,partial,20,16.515441197433926,0.7290107552250863,0.0743476024461209,0.19687398928355013
MVI_40181,66,0,partial,57,16.694315769561303,1.2056860801347609,0.01209936456776608,0.04615892422053469
MVI_40181,67,0,partial,22,4.2623708345714455,0.6854940129952569,0.21598969320259243,0.2880625342718184
MVI_40181,67,1,partial,9,1.1466264356906142,2.6612205500326387,2.412638186226541,2.5315574826113068
MVI_40181,67,2,partial,23,0.15388920697419345,7.07122133760839,0.0,0.0
MVI_40181,67,3,partial,10,0.0,0.0,0.0,0.0
MVI_40181,67,4,partial,22,0.0,0.0,0.0,0.0
MVI_40181,67,5,partial,12,0.7637203464407463,1.2618545635961544,1.0319337648276963,1.7070802894094592
MVI_40181,67,6,partial,32,2.498336385090562,1.0464644861558665,0.15597492758031148,0.15888099943863976
MVI_40181,67,7,partial,28,1.7339808169512974,0.8075261318115686,0.10940170461106219,0.21440206049963512
MVI_40181,67,8,partial,8,0.6968154767204339,15.877349216579741,15.798554679134487,4.971986997470879
MVI_40181,68,0,partial,48,18.732765106681818,1.5604282867465762,0.2662960951918064,0.31516007113602484
MVI_40181,71,0,partial,8,2.183315398354875,2.37965139538145,2.373034465025839,2.845138632248688
MVI_40181,72,0,partial,17,15.592174424324977,0.15517594672235285,0.004794958258161979,0.021128318509291946
MVI_40181,74,0,partial,59,15.523995105108474,0.5910179741853283,0.010537089135808543,0.029823930261065456
MVI_40181,75,0,partial,56,16.596048310288957,0.5236852371140804,0.0066134396192522055,0.026145115094727084
MVI_40181,76,0,partial,13,19.39142127306249,0.40710839392884696,0.0033054174090459652,0.0047349779553574915
MVI_40181,82,0,partial,26,4.8901528752455325,1.496051786664114,0.2947943230791575,0.45753806657877244
MVI_40181,83,0,partial,53,16.700822834273865,0.7946665142567763,0.006733954109778905,0.025634704100610747
MVI_40181,84,0,partial,6,2.734081230567677,0.01177310531302782,5.088887490341627e-15,0.0
MVI_40181,85,0,partial,61,15.420755072100336,0.9795418214842534,0.03192256668157343,0.012484660263535867
MVI_40191,7,0,partial,11,1.2690726481483274,1.5183565821778535,1.4743562836470832,2.9416601171480705
MVI_40191,22,1,partial,18,0.6540430440474881,4.483041484131913,0.9366526308614574,0.3814020770940493
MVI_40191,26,0,partial,22,1.7186241646360427,1.5658667475468515,0.7355752126155073,1.2052523502772943
MVI_40191,35,0,partial,32,1.1700497135792438,3.695284713680434,0.5477412646885037,0.26481285941140054
MVI_40191,38,1,partial,82,4.670356009928058,1.0416743942827797,0.009264869992470306,0.013766274447330544
MVI_40191,62,0,partial,50,1.3298962168831123,1.4163405249284011,0.07851392764404491,0.027855424426229673
MVI_40191,68,0,partial,18,0.861325849421374,3.106744538420662,1.5266681499535055,3.037963858488093
MVI_40191,73,0,partial,26,1.901166775745784,1.5681075615987188,0.46479390640628176,0.6661338033397097
MVI_40191,81,0,partial,7,9.404636596594925,10.443870874955289,2.624578073119642,0.5560301479138287
MVI_40191,85,0,partial,6,0.7054946713151578,0.5544935543436655,0.5272435939413224,0.8759829549248475
MVI_40191,85,1,partial,12,1.0197179390666846,2.8716382673649785,0.9762633728095259,0.9128903034213174
MVI_40191,85,2,partial,27,2.258307747249085,0.6296879336045582,0.08544172385125164,0.24323666485752915
MVI_40191,86,0,partial,22,0.668597574912462,27.269996781513886,0.7239343892349213,1.6470318874728243
MVI_40191,91,0,partial,41,2.2292100723079002,2.144418535913398,0.09130318065066226,0.24285405179197622
MVI_40191,93,0,partial,40,1.252258115660964,1.3940842672657205,0.0101900352216658,0.09627164711640984
MVI_40191,95,0,partial,11,1.0081119634835105,2.6478879816537697,2.540771810894927,5.046616081289459
MVI_40191,97,1,partial,20,0.8442886719324618,2.2286735147098797,0.4759190648025968,1.0509056744127074
MVI_40191,112,0,partial,11,7.1528270021447735,0.3372164761714019,0.0023861209221872556,0.03232180864900355
MVI_40191,120,0,partial,51,1.3911643945468095,3.066171790839355,0.18535927275933797,0.47469358694149305
MVI_40191,121,0,partial,60,1.9383231635990823,2.5209319284737184,0.01705592680668699,0.00589106651498944
MVI_40191,123,0,partial,67,1.7362077033007601,2.4882511272364605,0.022946484725075326,0.02030339243378993
MVI_40191,129,0,partial,9,1.0087484581798876,1.7684662602775543,1.6895237345482703,2.55492800163242
MVI_40191,136,1,partial,7,0.9889003389438629,2.6474846708684585,2.4816055251677867,4.99128211085955
MVI_40191,171,0,partial,8,2.5833775652251267,0.7216422550459204,0.24627034824397115,0.33652546243243797
MVI_40191,171,1,partial,7,1.9846576848989246,0.47035206677782054,0.45678029836896683,0.9033113230383801
MVI_40191,201,0,partial,56,2.4042173028030427,0.9185905509676143,0.0716160639670846,0.14849831420252793
MVI_40191,204,1,partial,7,0.813455778527533,7.217969696376355,7.176415223836362,13.946262447175089
MVI_40191,214,1,partial,9,0.6266636997281358,7.1197241208292645,6.788296412580068,13.114300511770896
MVI_40191,222,0,partial,39,1.0874049990115529,4.934307214596545,0.3085739819166179,0.05726167572171355
MVI_40191,223,0,partial,35,0.7362730225679279,4.5767457652379155,0.5319314975733864,0.5251362160561894
MVI_40191,231,0,partial,27,1.398567530141901,2.478233367468186,0.5111345454521643,0.5454243407187088
MVI_40191,232,0,partial,83,1.2045554463008774,2.6576194008324547,0.0416016154858633,0.043095441166242726
MVI_40191,240,0,partial,28,1.6929040159425062,4.475246259161382,0.006144330737694426,0.7297940192445078
MVI_40191,240,1,partial,14,2.6767384637069465,0.8893594638330737,0.6802548402650721,1.0935237288410795
MVI_40191,241,0,partial,61,3.145623180557933,1.3861796852309278,0.13620928681993302,0.21914048421283658
MVI_40191,242,0,partial,61,1.082973999904526,2.275255332196378,0.07915826363995841,0.3429044898156929
MVI_40191,260,2,partial,6,1.592777706403886,1.9801977242958295,1.8996967809421683,2.437937352643529
MVI_40191,261,0,partial,39,1.135165466820937,2.7402962953975525,0.11568412346491391,0.06617663164186051
MVI_40191,263,0,partial,63,1.1060960958971866,1.9689742551187412,0.029134523558915854,0.1922769058433157
MVI_40191,272,0,partial,35,1.5938316000154469,2.7916453288204393,0.09493878479577635,0.18682483517516887
MVI_40191,273,0,partial,59,1.9238632544741578,1.5611613726766418,0.04825376723512371,0.05171983494426408
MVI_40191,275,0,partial,30,1.4674415206291782,4.547276260332629,0.10873878004724108,0.016493919004637675
MVI_40191,279,1,partial,51,1.71362202427453,1.6699982867533956,0.05814643554658974,0.0940154799714892
MVI_40191,282,0,partial,11,0.9230596983839077,0.9142538600393666,0.7696051722016408,1.529164871578502
MVI_40191,292,0,partial,30,1.042698907901352,2.4959406477714943,0.8052057122520824,1.0743321730052464
MVI_40191,304,0,partial,22,0.8135678566417965,2.3086047775983474,0.9661787778107125,1.1254205223851703
MVI_40191,318,0,partial,7,0.8699452827315234,10.73356779048997,10.585982344373177,10.337706426179706
MVI_40191,326,0,partial,69,3.1540423360587635,1.7621198295098828,0.07811708317360483,0.13355401962779853
MVI_40192,18,0,partial,10,0.8335297331283084,5.324615572811875,5.111676222805808,5.899481778956012
MVI_40192,30,0,partial,73,2.6986717532645472,4.565017551587537,0.038070492682667656,0.034907033871191095
MVI_40192,40,0,partial,15,11.63246169517385,1.102894177537658,0.5013931697770428,0.6479786195379162
MVI_40192,42,0,partial,20,0.7498711443908121,3.8717780152016474,0.37220026517579696,0.897876274006391
MVI_40192,49,0,partial,50,1.0881855533617943,8.112184442154021,0.10009657891921096,0.0332628720803616
MVI_40192,61,0,partial,10,1.1936292600708995,0.7445276992304211,0.7044657495454565,1.1832031385105972
MVI_40192,87,0,partial,12,1.5689663032889394,2.6142441263999,1.7545599079591718,3.7078151364188425
MVI_40192,109,0,partial,17,3.19986199177837,4.793059526551408,0.6042598793506937,1.1321849790505056
MVI_40192,121,0,partial,17,0.9884566205165252,3.376211444318346,0.4925953066597712,0.49806621389780875
MVI_40192,128,0,partial,23,1.568841388358956,12.000563033501287,0.45156755405660987,0.003130246693850108
MVI_40192,132,0,partial,26,1.5767343790756039,8.758778267854389,0.9770599268995401,0.4856982512717074
MVI_40192,134,0,partial,40,2.3253790906864245,3.0553720265900957,0.14466453341530244,0.10173653666513643
MVI_40192,147,0,partial,20,1.1878307383872553,1.622379156401047,0.16917923708715965,0.2192278540924473
MVI_40192,155,0,partial,23,1.9529779579402287,1.6218677633035823,0.4598937584208892,0.4850212516011859
MVI_40192,176,0,partial,22,2.9273304265264324,1.735131252370507,0.2564725895937642,0.8871908541954598
MVI_40192,205,0,partial,19,4.904778409472017,3.802874804564815,1.0121626016137384,0.9224473391445167
MVI_40192,230,0,partial,19,1.504549654226391,3.8628560712700133,1.1241536371435412,0.7687131437841095
MVI_40192,231,0,partial,21,1.095047751723458,1.0352439225110683,0.6676938578929572,0.7830053321875377
MVI_40192,236,0,partial,41,2.608010152294473,4.548128984672565,0.06735723512283212,0.011017358090327377
MVI_40192,240,0,partial,40,2.617928839959395,2.0513962773720245,0.0190648467263379,0.31832334268014884
MVI_40192,249,0,partial,69,2.948640854695643,3.806362450337022,0.03927843516430909,0.013387915416069294
MVI_40192,251,0,partial,71,4.350930597002655,2.306559033812586,0.04375077038751206,0.0998162858175241
MVI_40192,252,0,partial,51,2.2581375253110947,5.038403226704814,0.21001550778943529,0.2168174131406027
MVI_40192,286,0,partial,44,1.9391913463576764,5.548631318450251,0.1416104852124878,0.3184147649085266
MVI_40192,289,0,partial,31,2.41971899119311,0.7526232342638298,0.19250660470849457,0.32201506061352714
MVI_40192,291,0,partial,22,2.338271994928673,2.571599408491772,0.913083626367166,1.1875817134484943
MVI_40192,303,0,partial,29,3.6612243367456903,3.9953406421757154,0.19833217398111522,0.3748986001672018
MVI_40192,307,0,partial,40,5.119977784629501,3.500401885703142,0.05467028678494595,0.03520665292452625
MVI_40201,7,0,partial,64,3.68977599056134,2.1290955375878844,0.11139092787610472,0.21904007249438331
MVI_40201,8,0,partial,36,3.27670296079585,1.620856193856483,0.2704071380206274,0.2928969554420161
MVI_40201,10,0,partial,71,5.666957362632365,0.7393047124137762,0.04315626393782375,0.07759698796091977
MVI_40201,17,0,partial,86,7.387445628080428,1.3999249304117205,0.023158330273161158,0.037643348607148144
MVI_40201,20,0,partial,69,6.348232162719487,0.6446350387576855,0.0008718572182961906,0.0021936925637628243
MVI_40201,22,0,partial,81,5.9091513427316755,0.8114107083825495,0.005192450016861241,0.0017128613110627326
MVI_40201,25,0,partial,67,6.869147418500674,0.39174362933979084,0.0035026087774734827,0.006275810799623372
MVI_40201,26,0,partial,21,2.158900860322143,0.7992040728890795,0.2950911784504088,0.7061835643113339
MVI_40201,27,0,partial,76,8.089143586964594,1.1260814157744388,0.00911483914431537,0.013990006211107095
MVI_40201,28,0,partial,76,7.670496304002718,0.8013114415465421,0.005587984731146293,0.0007818836086387177
MVI_40201,30,0,partial,41,2.918491089985257,1.3542981490575474,0.14144913849862514,0.2508085478612907
MVI_40201,32,0,partial,66,8.279184117577707,0.6954268673169756,0.013354163074762131,0.034165979540873644
MVI_40201,33,0,partial,81,7.710182417943429,1.190286507556428,0.0726302700634103,0.03443537269064157
MVI_40201,37,0,partial,91,7.339144713863776,0.7536127065291366,0.006878028461159131,0.036715673261675484
MVI_40201,40,0,partial,86,7.865805161692691,0.8261550331176619,0.02810474985419261,0.055616472698107995
MVI_40201,42,0,partial,15,3.27119561270013,2.7077613871558306,0.11164313622809811,0.9563585418642798
MVI_40201,44,0,partial,49,10.180062018872922,1.1693598281235396,0.011237976967940743,0.01005478400943785
MVI_40201,44,1,partial,22,3.786370181477094,1.4821619644478632,0.20267679827298943,0.36720102441710156
MVI_40201,47,0,partial,26,11.035203113646736,0.866897005369393,0.0007882772935305753,0.0936116007509548
MVI_40201,48,0,partial,76,8.75529281853034,1.60892664567434,0.037466580487410465,0.0680948385462554
MVI_40201,51,0,partial,41,3.808441909339172,1.026747350047882,0.08377470466569392,0.08376424518708683
MVI_40201,52,0,partial,9,2.49410749226438,3.3238002580110173,3.311204884140183,5.310756268865497
MVI_40201,54,0,partial,86,7.824628143745226,0.8217590511840396,0.009638967872434834,0.045916706455020606
MVI_40201,55,0,partial,42,4.558450325410016,0.6064658882062725,0.01059542575202723,0.07044679883059146
MVI_40201,57,0,partial,91,7.105721773083207,1.2203887518697916,0.006575568416235637,0.011789589861613204
MVI_40201,60,0,partial,39,9.027722639462425,1.0598916840258492,0.0077259317005115525,0.09271289356133465
MVI_40201,61,0,partial,71,6.769160888529324,0.6156428183707787,0.012463923768815168,0.0005639892194963884
MVI_40201,62,0,partial,101,6.340757285772624,1.0343142904290719,0.027069266415531118,0.03397331515753469
MVI_40201,69,0,partial,55,4.178033563716535,1.1774990488626822,0.07956690006666418,0.07564970781375259
MVI_40201,70,0,partial,101,7.469861498661341,0.8176668369553269,0.0306222730151352,0.04692761070303616
MVI_40201,72,0,partial,91,7.208940575820514,1.0918882409030195,0.02211811846069306,0.009472609822803546
MVI_40201,78,0,partial,26,17.334605645311125,0.3912504916927858,0.09000455560328081,0.09360997530025934
MVI_40201,80,0,partial,8,12.794918162421137,4.099546523963382,1.5556643519087932,0.8514593992419928
MVI_40201,80,1,partial,75,5.312688694568467,0.5506116165363665,0.00014039423158026897,0.0007371600253566097
MVI_40201,81,0,partial,26,9.42391960386946,0.7676928310247146,0.0195773774812861,0.03216799120002405
MVI_40201,82,0,partial,86,7.860487111782048,1.0561231081169526,0.0333960927744945,0.04180616538116464
MVI_40201,85,0,partial,51,4.031750720047275,1.0617523779088094,0.023504554276705617,0.04107293836149245
MVI_40201,87,0,partial,6,6.975320508905783,0.04521433489673279,2.0355549961366507e-14,0.005024293765838703
MVI_40201,88,0,partial,86,7.614960403348933,0.9124541785682015,0.014980142539142519,0.030990651006692526
MVI_40201,90,0,partial,48,3.6935382949800557,0.99810381914795,0.0008351806057482687,0.01209679099696278
MVI_40201,91,0,partial,67,4.222531884740997,0.7983701152925324,0.013491356466260583,0.012812391426190142
MVI_40201,92,0,partial,76,8.25952739664483,0.8740816064382178,0.008544058969568119,0.020102401789547846
MVI_40201,93,0,partial,13,12.333679162289565,0.9405190016290149,0.22880469076938337,0.08269309428740507
MVI_40201,93,1,partial,15,3.054402045695089,0.09307504546899488,0.07001405213963996,0.09138673057781119
MVI_40201,94,0,partial,37,3.6362789652636867,0.9249740157394802,0.03784010769571939,0.08191770307234014
MVI_40201,98,0,partial,86,7.364713619072733,0.8350950129969372,0.01710281552253183,0.007105255011705434
MVI_40201,102,0,partial,86,7.466631399043411,1.6017039905853483,0.03963853667478092,0.009735658849084148
MVI_40201,104,0,partial,58,6.7525818782978755,0.48762018261583173,0.05196501444816998,0.10048101733012874
MVI_40201,104,1,partial,6,3.2605958224344973,0.27808772955004624,0.2739086361294149,0.3598192104192528
MVI_40201,107,0,partial,37,6.181079725514376,0.4922278981779896,0.11268028273325276,0.1500338604807334
MVI_40201,108,0,partial,19,3.2513415509432377,1.3097250154497044,0.4717735691384892,0.4813605465088868
MVI_40201,110,0,partial,81,8.143761865500185,1.0368416321590703,0.06151704622200418,0.050530920412769284
MVI_40201,117,0,partial,37,11.909909692731727,0.3387524464777659,0.0054527888764565975,0.03338406684443412
MVI_40201,121,0,partial,65,8.646288114289327,0.607698106787865,0.031661819262938956,0.05555024395347387
MVI_40201,126,0,partial,15,11.027367621966503,1.0701551353517986,0.0310702252197003,0.03993950549261012
MVI_40204,6,0,partial,86,3.780574959266461,1.6239821890724204,0.024038529280102,0.05795267995081585
MVI_40204,9,0,partial,66,2.8014408231448864,1.025060774990084,0.015102048027097881,0.029465475645690267
MVI_40204,10,0,partial,32,1.7882854910661412,1.4148278214472636,0.1620883456803646,0.3994816612285084
MVI_40204,11,0,partial,31,1.8915220733877405,1.4221825479083336,0.12873681412000765,0.10994144992848714
MVI_40204,12,0,partial,16,2.6967707176932887,1.831722027171222,1.8172158474081612,2.473890001451013
MVI_40204,15,0,partial,136,6.0574956547736845,0.9375637051838474,0.04960399780746563,0.05130271587662643
MVI_40204,27,0,partial,111,6.827042558992813,1.4065090094751522,0.012380991311717748,0.047271988410442826
MVI_40204,30,0,partial,71,2.872939370890174,1.5793171848177299,0.08184256210189633,0.14469293390347146
MVI_40204,34,1,partial,25,3.898446074221738,1.660922266696747,0.0943211951101209,0.1350419811630897
MVI_40204,34,2,partial,25,2.616984771109044,2.5490482392840668,0.16872455984975057,0.1962847312320067
MVI_40204,35,0,partial,131,5.863162749186262,1.3872066273047727,0.0018706386494092356,0.026954759939702522
MVI_40204,36,0,partial,52,3.2411120547399856,1.4183799003108732,0.1418806814261224,0.18406681574133976
MVI_40204,39,0,partial,22,2.718632119311906,2.323322492425843,0.2275460692954681,0.7260755207656637
MVI_40204,40,0,partial,39,2.86730550128877,2.7374673723670906,0.16263868493196373,0.051934937757454426
MVI_40204,46,0,partial,141,5.753660971233873,1.5366176992436678,0.0019204444842233043,0.003556449292108572
MVI_40204,49,0,partial,46,4.50003398533568,0.9842765202772233,0.12241555644306742,0.17126767259552095
MVI_40204,50,0,partial,121,6.0215455830966205,1.287157700975793,0.01626634815533132,0.007494762014650283
MVI_40204,51,0,partial,131,5.750261855707275,1.4641878127534473,0.022625111860664023,0.026696823599035774
MVI_40204,60,0,partial,131,5.792961240036812,1.6551832160173625,0.006835127017841317,0.024111179798670817
MVI_40204,63,0,partial,39,9.09527745704622,0.7433574739096526,0.06384840498415781,0.011567582179147527
MVI_40204,64,0,partial,130,5.845006412555734,0.7775107093476921,0.03069198029579836,0.051905126560718
MVI_40204,65,0,partial,141,5.691704710884745,0.9906542432196133,0.00991580965748817,0.03199659712466031
MVI_40204,67,0,partial,58,2.5402176421394658,1.2871432030324819,0.0532420461147858,0.07173595528622333
MVI_40204,68,0,partial,15,2.0500780156891962,0.9148593650655311,0.640709351899906,0.6605098820409521
MVI_40204,71,0,partial,116,6.500390624534511,1.4953856773256042,0.002427022933348761,0.004203610647364808
MVI_40204,72,0,partial,33,6.750572894463283,0.30418594604405047,0.05174693097514544,0.04605960805339798
MVI_40204,73,0,partial,136,5.5280239826118125,1.9265035648043454,0.0059751000850997976,0.0016785568164662075
MVI_40204,74,0,partial,116,6.452779083609004,1.2927157778796188,0.009576096415971833,0.0047294872321430115
MVI_40204,78,0,partial,19,2.5179248991851453,0.3135159652644204,0.2554036968342319,0.40926898113439125
MVI_40204,81,0,partial,141,5.401102038958964,0.8912532937836889,0.010481780400986854,0.015223778917205508
MVI_40204,82,0,partial,8,3.2085122323917665,0.35623276040575585,0.3430309202080771,0.43902720561263536
MVI_40204,82,1,partial,40,2.2491615087575982,0.7935763985516079,0.1180519856914574,0.22161475305718265
MVI_40204,85,0,partial,141,5.381415568866797,1.134601426037178,0.03142050304535087,0.02721873078974771
MVI_40204,86,0,partial,114,4.276171268337049,1.261651928449581,0.004233661809412394,0.032555698612111016
MVI_40204,88,0,partial,146,5.4462271239362465,1.573560494851201,0.00997004958847963,0.04517187629072646
MVI_40204,90,0,partial,146,5.34332877050998,1.156972354007466,0.010586740165126847,0.01541433190102378
MVI_40204,92,0,partial,41,9.336122684343476,0.8312262941980686,0.010043873402947278,0.010510781965897454
MVI_40204,93,0,partial,112,4.14470897657663,0.9207452306487045,0.031799637766108876,0.020824388659501272
MVI_40204,96,0,partial,82,3.427294096339572,1.5735977902973306,0.053664915776931825,0.12975615887684724
MVI_40204,98,0,partial,156,5.037535872373011,1.2166984914711092,0.008517633453109796,0.030575540791953744
MVI_40204,99,0,partial,11,11.56557810773287,1.9900107837793115,1.4983464806073714,3.0991855401673805
MVI_40204,106,0,partial,51,8.63596872907706,0.7771830074779832,0.03993295262329944,0.10482788338172253
MVI_40204,106,1,partial,70,2.9786382155992586,0.9717596408131776,0.028121721638970594,0.06508132830198164
MVI_40204,108,0,partial,151,5.09649129422515,1.2775650108505234,0.006326855848272664,0.010280410557684005
MVI_40204,110,0,partial,75,2.9066902147134743,1.3754540261938097,0.053913353533116694,0.024437289023721054
MVI_40204,112,0,partial,40,1.1576315826642665,3.7268828620421335,0.5789441092947523,1.4276219213852697
MVI_40204,115,0,partial,71,4.779873144108716,0.940231718730579,0.04899364495952093,0.021495536888044623
MVI_40204,116,0,partial,146,5.1733990639955225,1.6294022268769333,0.015471491474073217,0.02215350968440364
MVI_40204,117,0,partial,31,2.1399087226852687,2.0983209398586995,0.23037849395292984,0.3407883243823414
MVI_40204,117,1,partial,9,1.843887610002313,1.6376982337467563,1.6288612061792096,2.471232091355182
MVI_40204,119,0,partial,66,2.2873066331156817,5.049318511026914,0.008592878075463044,0.41256091004696893
MVI_40204,120,0,partial,62,3.609590422034064,1.1716556773103306,0.06360653391131697,0.18552354019084863
MVI_40204,121,0,partial,21,10.757894793116947,0.48406077844326434,0.10505287659592691,0.13209143050976183
MVI_40204,122,0,partial,141,5.274474264710808,1.5603378519490598,0.010496983632785303,0.04364437886911088
MVI_40204,126,0,partial,43,2.508816366115531,1.3232980315126943,0.1232918969069173,0.11181658234464645
MVI_40204,128,0,partial,18,13.738006635052741,0.690685750913906,0.004911942203267634,0.015320134132509829
MVI_40204,128,1,partial,98,3.6226179917818864,1.2319843029198039,0.002699682901350151,0.014394321838540535
MVI_40204,129,0,partial,156,5.111740547003754,1.4024064602503088,0.0042024922432436305,0.0009871367837898301
MVI_40204,133,0,partial,53,3.497564368086859,0.7365613818528046,0.08954820787290545,0.13950154116008526
MVI_40204,135,0,partial,75,2.6561550603899318,0.7385124001798671,0.014522222298157136,0.005616010161454454
MVI_40204,137,0,partial,63,2.9435226166083877,1.1050125078386472,0.008517328693071842,0.07551498567491541
MVI_40204,138,0,partial,7,1.3191343622211245,3.749535673373346,1.9607459671891216,2.6608639235740985
MVI_40204,142,0,partial,145,5.396146292425438,0.6743764894227806,0.010703972177012307,0.007904266560626283
MVI_40204,145,0,partial,146,5.660384717218887,0.8692726778953181,0.010514654998937478,0.016656368349783342
MVI_40204,148,0,partial,110,2.9670304047355858,1.5583823744575869,0.03240100066872976,0.024085465645390807
MVI_40204,149,0,partial,72,2.0233195359494793,2.6151458576294933,0.07314084075515542,0.018550672509229305
MVI_40204,150,0,partial,146,5.209860653937961,1.0858892498436952,0.0066515097049849375,0.002665089496102474
MVI_40204,153,0,partial,129,4.535641822708454,1.0152252383810305,0.00292058345066903,0.0017664744784295307
MVI_40204,154,0,partial,28,10.290187110828903,0.522534490542072,0.09309776650455993,0.13231874617244588
MVI_40204,158,0,partial,31,1.1728922918673677,1.900111766267661,0.273906453049455,0.05559026593962311
MVI_40204,161,0,partial,22,11.008922576889665,2.0305177113224953,0.3476416286687834,0.35339621495688434
MVI_40204,161,1,partial,67,2.6762177867794925,1.6049261397694046,0.09300680494180982,0.09706125974785738
MVI_40204,162,0,partial,151,4.9520686639187845,1.4744230483350325,0.015866532701559157,0.024736924681776535
MVI_40204,165,1,partial,139,4.5413948087034015,1.5042150109990913,0.0005079572699778131,0.008470162572595988
MVI_40204,168,0,partial,120,5.941650430901642,1.1723636687641614,0.02639983974967032,0.05128720263506992
MVI_40204,173,0,partial,65,8.222016619300554,1.2370914433371933,0.02870196144300155,0.014592927620347536
MVI_40204,177,0,partial,20,12.408375995293207,1.9055497831160098,0.5530577967082418,0.6362514281114665
MVI_40211,1,0,partial,15,21.6102573037384,0.26134354126562503,0.24450085539442026,0.32510381379498776
MVI_40211,4,0,partial,24,18.519294871977753,0.7048974158738944,0.11191170419170159,0.1113659877498243
MVI_40211,7,0,partial,7,25.224125327392226,3.571981181647995,2.741502037248694,3.7888284273986406
MVI_40211,9,0,partial,17,15.031324417826465,0.6752346659756441,0.19398974880541472,0.20881774295375852
MVI_40211,10,0,partial,21,17.38867697646975,0.5502859212217659,0.03457293449168285,0.021931982693244003
MVI_40211,11,0,partial,17,21.82751669434375,0.21380752168399547,0.0325180363135831,0.1136577335186737
MVI_40211,15,0,partial,21,20.716411916285775,0.3846408337016737,0.012287777394184551,0.022962642112073762
MVI_40211,18,0,partial,6,15.679873309309343,0.013422717060148115,1.0177774980683253e-14,0.001491469116932677
MVI_40211,20,0,partial,17,24.96507076767786,0.6683334794405976,0.08697987853224827,0.2133654218884125
MVI_40211,25,0,partial,6,22.780593696022223,0.0011658364896734168,1.0177774980683253e-14,0.00012954206799724207
MVI_40211,28,0,partial,21,20.19439324711846,0.5820394438981887,0.26786045938162384,0.2512237242887381
MVI_40211,33,0,partial,6,21.67585036828576,0.00140489073262745,1.526666247102488e-14,0.00015609306205845814
MVI_40211,38,0,partial,19,22.42319742915508,0.3048137169417558,0.06413094471210898,0.08269448882864872
MVI_40211,42,0,partial,36,20.059107302753574,0.296566865508743,0.007050663789205862,0.01960741083148841
MVI_40211,48,0,partial,22,15.997553690238966,0.5778989002308231,0.08921481588961161,0.14477691261794645
MVI_40211,54,0,partial,7,27.954519020841634,0.22793846200346748,0.10970693429321852,0.14527469720805627
MVI_40211,56,0,partial,12,35.16662953543619,0.20611955831304044,0.051031159245760564,0.08393037023976199
MVI_40211,58,0,partial,6,26.18498317389604,1.4989915216082588,0.1475048393438147,0.29515217914458974
MVI_40211,62,0,partial,36,23.99700643297028,0.7146095077676033,0.0035115924033845727,0.03204943193249976
MVI_40211,63,0,partial,20,21.89506698626558,0.6161630064378032,0.2962424574718075,0.4966118422728563
MVI_40211,70,0,partial,20,21.77086929221676,0.31264752553475444,0.1218751897890793,0.08829641603802835
MVI_40211,75,0,partial,26,17.747839697142187,1.4503131384879637,0.1541529508208671,0.12337136069241905
MVI_40211,77,0,partial,6,24.3848337041923,1.653257841225755,0.12483915576307218,0.2501174840533207
MVI_40211,78,0,partial,22,18.62917880406266,0.8781536643054236,0.1916574608093915,0.16574105288346513
MVI_40211,82,0,partial,22,18.988409445178167,0.46069103273966583,0.04190665496172269,0.025800924771370064
MVI_40211,86,0,partial,41,20.569206981579278,0.22191952321368538,0.008577140616465327,0.01915431990676465
MVI_40211,87,0,partial,6,12.913729299534513,0.02650659997331542,2.190146532233444e-05,0.0029611421731611624
MVI_40211,88,0,partial,23,19.18059033903898,0.5426341437980308,0.08171670656892827,0.054657603455613164
MVI_40211,88,1,partial,7,21.857857624454073,0.4757543906301242,0.0773236929331013,0.11198069055028957
MVI_40211,90,0,partial,21,17.827608551707645,0.41774612159650504,0.14747374286631,0.14410764340081683
MVI_40211,92,0,partial,24,17.50565283880349,0.8233397566820869,0.06717852143707918,0.02477509658182454
MVI_40211,94,0,partial,7,22.818913874145352,0.4606330389705369,0.2842316467015804,0.41323204019422155
MVI_40211,98,0,partial,56,15.241042639396845,0.32888034740134986,0.003588619645845515,0.023587222409933755
MVI_40211,99,0,partial,20,21.393654282705644,0.5101135168955322,0.12329753797259142,0.11539060388806094
MVI_40211,104,0,partial,11,40.50111460515827,0.3062214095644866,0.2905879049939225,0.5766300589600494
MVI_40211,106,0,partial,19,22.83520712503696,0.4586910320108569,0.08260194650863224,0.12280992736664477
MVI_40211,107,0,partial,11,11.138672999800177,1.8609947316607787,1.6041179268360573,3.1823442388187484
MVI_40211,111,0,partial,20,22.52236119645689,0.47323503144082046,0.082993076548878,0.0987677026527617
MVI_40211,112,0,partial,11,12.201952848778483,0.710931239998202,0.6934953481640905,1.0227976603778985
MVI_40211,113,0,partial,11,10.702783684333095,0.7420928404983947,0.15820078437484114,0.2979984158650466
MVI_40211,116,0,partial,6,27.32188958878359,1.6644442686311223,0.13980041669893598,0.2796480557690291
MVI_40211,119,0,partial,20,21.397767544841177,0.45477865967053066,0.055586158302557746,0.028446198292609602
MVI_40211,120,0,partial,28,18.88594023031894,0.2632270195011375,0.10506357087323481,0.15602893900435097
MVI_40211,121,0,partial,8,22.294346760238117,0.268986365435113,0.26850837442877673,0.3119787348370724
MVI_40211,122,0,partial,6,25.71771391222785,1.9114349831132578,0.18603661638341457,0.37134791912824316
MVI_40211,125,0,partial,20,21.92327704371278,0.8322005846720144,0.1462103212277425,0.08309957325212952
MVI_40211,126,0,partial,34,17.414176227330998,0.44859852257269967,0.014680798313391943,0.02080525835400195
MVI_40211,130,0,partial,20,32.837037744692005,0.7898179456681805,0.13728697844527007,0.2665253071671686
MVI_40211,131,0,partial,22,21.65644897989452,1.0448106899453202,0.2037091889834309,0.20004297548159145
MVI_40211,132,0,partial,31,26.755301587643263,0.2202991634131785,0.006899627798416377,0.06363139672649082
MVI_40211,133,0,partial,7,24.346535298081807,2.2709020317294457,0.527207613051207,0.7407336566207863
MVI_40211,137,0,partial,22,20.976374255346748,0.4940151861194688,0.07755068863822298,0.07697563428482447
MVI_40211,145,0,partial,51,17.119997378827776,0.17187479046055174,0.03639809921530006,0.045899133210660144
MVI_40211,146,1,partial,15,20.585302176216114,0.36112650402759355,0.34716612242690764,0.4354319962091225
MVI_40211,148,0,partial,31,23.052684785793595,0.08914627582623615,0.013000451354511425,0.026002582519189757
MVI_40211,150,0,partial,18,22.65832580427457,0.38723391002493945,0.15424687196310777,0.217818298944823
MVI_40211,151,0,partial,6,26.63226511413841,1.3664215724138171,0.8649468510592311,1.2663396810393786
MVI_40211,154,0,partial,21,21.106527248572426,0.6359259933828597,0.044872719816980475,0.061593965627122056
MVI_40211,156,0,partial,8,24.16109663070244,0.33917279411917534,0.30581073295349354,0.38657408228388923
MVI_40211,157,0,partial,23,19.019232053381415,0.2712753975504963,0.07799565495161363,0.09550084289266651
MVI_40211,158,0,partial,18,13.351582673833512,0.455970723423192,0.06728246945299884,0.0526936484580387
MVI_40211,164,0,partial,23,19.76779434456713,0.7983484583487003,0.03560187103859546,0.11962713711345457
MVI_40211,167,0,partial,8,39.1844733617045,0.24249997950456872,0.1250995325277566,0.18620612552866206
MVI_40211,168,0,partial,46,19.081898725820174,0.4003534353490965,0.007538094293307774,0.0142944358236347
MVI_40211,171,0,partial,24,19.577162618851393,0.6302439123044936,0.23083540244217668,0.26714568542470724
MVI_40211,172,0,partial,6,27.997404993085418,0.9087976617129622,0.3448517410607475,0.8964135289321096
MVI_40211,174,0,partial,20,21.184380439878996,0.6392917046176454,0.09794620333657676,0.23515601357436888
MVI_40211,177,0,partial,24,19.474105250069154,0.1935608122825872,0.029998417187039786,0.04804422838068014
MVI_40211,178,0,partial,29,13.590050108325444,0.575106477363329,0.002973145003456159,0.026089425535241045
MVI_40211,180,0,partial,33,20.814445593291158,0.21551489250718314,0.0527406681619085,0.06360034742887061
MVI_40211,184,0,partial,19,13.98216616700919,0.27822867156316167,0.017567761197970034,0.042788338998269546
MVI_40211,186,0,partial,21,21.5808812897142,0.5050338155269074,0.15131068222789662,0.07595647577206942
MVI_40211,187,0,partial,18,10.375382970385552,0.8126652845757336,0.1825732601416606,0.2257645216682059
MVI_40211,190,0,partial,27,17.35063902041037,0.8186617387643348,0.09421685009141077,0.1874628092404581
MVI_40211,191,0,partial,41,21.236356809472916,0.26123812688450576,0.035962298689787765,0.04496709028031477
MVI_40211,195,0,partial,36,17.88852015857077,0.3533213451651798,0.031526783418670386,0.035204218403712115
MVI_40211,196,0,partial,23,19.57557617954498,0.5765367214944664,0.059089441033745645,0.11365925205717092
MVI_40211,198,0,partial,23,19.081424652752034,0.9271901487679242,0.048287477502291766,0.06079780736510894
MVI_40211,201,0,partial,25,18.626132832892527,0.8048108006805887,0.3142644072077046,0.42651311190696634
MVI_40211,205,0,partial,8,18.732044179045484,2.0944625024336223,2.0846745987914006,4.151109933152476
MVI_40211,207,0,partial,21,21.171987820389234,0.6749428874909631,0.1249659094893349,0.07341887453148394
MVI_40211,210,0,partial,21,19.8678122852008,0.6706197878838824,0.0397402190603856,0.08251838077812101
MVI_40211,213,0,partial,20,13.888327863753764,0.6459212018014503,0.015475173372245627,0.16245978416971982
MVI_40212,3,0,partial,14,20.70914373315374,0.13061169799223327,0.11808364343078723,0.16049239239213417
MVI_40212,5,0,partial,9,12.238698394335982,2.117256203456041,1.5942679509477644,1.7560174339206338
MVI_40212,6,0,partial,23,18.786407455139383,1.0313785271485327,0.03190789949615759,0.10910217967686511
MVI_40212,8,0,partial,36,24.074773569634882,0.3814776277817199,0.0349795603965619,0.02653079948775647
MVI_40212,15,0,partial,22,20.151689939294915,0.4650458396311844,0.07022854605308274,0.0438721403900131
MVI_40212,22,0,partial,19,21.906761079103674,0.45579346195068443,0.08727032799786626,0.21257231693008077
MVI_40212,26,0,partial,6,32.054035706334915,2.669708538903427,1.0121622177462974,2.028903494534312
MVI_40212,27,0,partial,11,10.183343503595065,0.7327212740989265,0.17527761155735738,0.6124559447613858
MVI_40212,28,0,partial,22,20.322338628227364,1.0443424826893377,0.07656758752797906,0.000950378801179756
MVI_40212,33,0,partial,56,15.799368649623617,0.6801213271601817,0.015073423669234715,0.02697195489859035
MVI_40212,38,0,partial,25,17.3324406830853,1.34675390632621,0.30565885740717885,0.26617042871152324
MVI_40212,39,0,partial,41,19.14183293791551,1.0418210723421504,0.09471408245730689,0.1559547494480251
MVI_40212,40,0,partial,42,15.536995029388486,0.34659140832673024,0.0005761574290426099,0.02472304118871307
MVI_40212,44,0,partial,24,18.258247844309146,0.7246704619903249,0.08377330792689468,0.17825029129240508
MVI_40212,48,0,partial,24,18.44937227108073,0.628957894110789,0.1365579699492929,0.16698863524187998
MVI_40212,52,0,partial,21,36.76479779449169,0.8946811672601112,0.054315531295353936,0.08487695710158442
MVI_40212,54,0,partial,30,15.560682893939207,0.6463336031455745,0.1051211580874251,0.031222976732468467
MVI_40212,57,0,partial,29,15.720438028860828,0.6318720140912042,0.16969291913205775,0.16686167445955682
MVI_40212,59,0,partial,34,11.559063776878208,0.9907533350030993,0.04317239198727679,0.004458118077067923
MVI_40212,62,0,partial,24,17.84220004563151,1.4640115562680713,0.18112862780411462,0.09804877873615306
MVI_40212,64,0,partial,6,22.191346423458345,1.5864381281266806,0.3578065098273785,0.7166939657835416
MVI_40212,66,0,partial,28,16.73200343840125,0.8156180380746718,0.014717317707306835,0.01665005679239667
MVI_40212,68,0,partial,6,23.876177762334834,1.5931881687092795,0.3851737937427616,0.7723047945012291
MVI_40212,71,0,partial,7,5.549225296610313,0.43416324263875866,0.20356772604068263,0.26558157305521385
MVI_40212,71,1,partial,44,16.48298726371067,0.5820825647099016,0.058145527649048394,0.09080142199688525
MVI_40212,74,0,partial,25,19.307116623202774,0.2519766000934741,0.11765649455153467,0.18391891295588328
MVI_40212,75,0,partial,18,12.51530527274899,0.3037525721276181,0.21274528252928437,0.20319595109726304
MVI_40212,77,0,partial,29,11.938409749559414,0.9230195614066387,0.033919600388655456,0.017876950260637313
MVI_40212,79,0,partial,26,18.509750430125116,0.786551916450381,0.02867360991871517,0.13126167023653693
MVI_40212,80,0,partial,19,12.0649876195419,1.2872299804828191,0.28678902539270407,0.42817423322138765
MVI_40212,83,0,partial,23,18.48798962459002,1.2943152732454875,0.00020322545253490017,0.16104198301590777
MVI_40212,86,0,partial,25,18.022910534363053,0.7712019981251953,0.2248307099354322,0.2304911375172653
MVI_40212,87,0,partial,21,13.557492564479919,0.2777723997737901,0.13797633243688895,0.18240518581559825
MVI_40212,88,0,partial,6,23.018804888921256,2.6352045038431187,1.3484726261060118,2.7024526394314012
MVI_40212,89,0,partial,11,16.4371881604406,0.08874110411930812,0.08836322252037351,0.1767030970587959
MVI_40212,92,0,partial,30,12.515295787241056,0.5553689392756905,0.004309963573558337,0.0787130861035782
MVI_40212,93,0,partial,9,17.186234206646542,0.07250423063370072,0.06670843843008364,0.07289897748134491
MVI_40212,94,0,partial,21,19.701368999588503,0.33588767039290546,0.10088533885065556,0.14988150144109047
MVI_40212,95,0,partial,21,20.578600599115365,0.5420606692562014,0.15127975429844595,0.06849548188508862
MVI_40212,97,0,partial,6,25.222147705457036,0.006744066829845528,0.0,0.0007493443249270153
MVI_40212,98,0,partial,8,9.715538050080832,1.3997232799623054,0.5148370552684111,0.19442258678200386
MVI_40212,102,0,partial,41,18.768761967962515,0.7221156638379569,0.03902608429874108,0.024093469031255796
MVI_40212,104,0,partial,26,18.364634226443453,0.6887659390834925,0.04566053242347185,0.024706739858232896
MVI_40212,105,0,partial,23,18.38572904378465,0.2946056219367281,0.023490267607439344,0.04851080530847496
MVI_40212,108,0,partial,28,14.836101859921984,0.16679872321281805,0.030487796468053965,0.03600373973466315
MVI_40212,111,0,partial,26,17.453423284915537,1.3834707614562771,0.15545136279787242,0.019172264845255187
MVI_40212,115,0,partial,28,16.160756541925068,0.960738765291304,0.1433147153364014,0.24229175965931357
MVI_40212,118,0,partial,8,44.41200412865685,1.4638966139612628,0.6432876560192188,0.8422551796404553
MVI_40212,119,0,partial,7,22.469982546883415,0.8050337447123158,0.4798365399364504,0.6838283507473462
MVI_40212,121,0,partial,22,19.375663473110606,0.981340197653583,0.16017939478539742,0.2582927659373368
MVI_40212,131,0,partial,11,12.444007244134408,0.7724502185795605,0.2332964490472877,0.5521057663085653
MVI_40212,132,0,partial,21,22.020192029267058,1.2402691409012943,0.24812184893576808,0.05942796146458378
MVI_40212,133,0,partial,26,17.8616692226708,0.7039360276651785,0.04452933808493384,0.03231232611746652
MVI_40212,135,0,partial,7,24.930866646041935,2.352999384035735,0.40314386009428466,0.426444890711838
MVI_40212,136,0,partial,46,16.790483934605017,1.7744900888410702,0.06532188760965157,0.13858896841211998
MVI_40212,139,0,partial,25,19.063234294664365,0.6026788991913675,0.24383223485895508,0.2704053180847018
MVI_40212,140,0,partial,22,20.609363399042707,0.5890845228045681,0.00633434289426383,0.011018070794805889
MVI_40212,142,0,partial,6,23.241262132624424,0.5720335498460374,0.3287113794949881,0.4627394113404134
MVI_40212,146,0,partial,25,18.01594476759439,0.9253818808463196,0.06383977027441187,0.14596715746455877
MVI_40212,147,0,partial,21,24.697896406322748,0.08123171324950526,0.02077141491165086,0.030798108465099505
MVI_40212,148,0,partial,22,20.144814184678502,0.6995302697451911,0.09355626571551254,0.16789725505122374
MVI_40212,152,0,partial,6,19.248130511126075,0.006500428593627952,2.5444437451708134e-14,0.0016825537336722326
MVI_40212,156,0,partial,20,21.210137657093618,1.0625235165702371,0.08742821403938705,0.034089124695691246
MVI_40212,159,0,partial,21,11.705350330659936,0.4261063907925141,0.10420884592595883,0.008266396457589907
MVI_40212,163,0,partial,6,20.132284273640757,0.1945234615281423,0.10058527237022148,0.20139056452640652
MVI_40212,164,0,partial,22,21.09001625682673,0.7715016686227065,0.18809566965757152,0.25915576154109826
MVI_40212,166,0,partial,9,20.458627549438923,3.5005259884101845,0.021868300207260345,1.113569917110383
MVI_40212,170,0,partial,6,13.108637810761696,2.2177073129996034,1.1491289345131483,1.685665088959069
MVI_40212,172,0,partial,25,17.877564944484046,1.0568462267172751,0.26162517841007593,0.44960441624972136
MVI_40212,175,0,partial,6,16.819831801513825,0.008166387885985733,2.5444437451708134e-14,0.0009073239602332712
MVI_40212,178,0,partial,22,21.7680585526832,0.8764935836728021,0.04129493417392203,0.08654606556821348
MVI_40212,179,0,partial,21,13.058320047214426,0.5221967612229396,0.04420233236992427,0.040553787682156686
MVI_40212,182,0,partial,21,21.262862990575485,0.38408395806671125,0.04149504386608731,0.055777928716787176
MVI_40212,188,0,partial,6,14.185057830225508,0.014397068278129106,2.0355549961366507e-14,0.0010326710781057092
MVI_40212,189,0,partial,15,28.42390859420822,0.6809069294927077,0.6765237907444329,0.7925781800153233
MVI_40212,190,0,partial,23,21.404538864998564,0.26366519774493585,0.17529300387803676,0.2462510570145896
MVI_40212,194,0,partial,24,36.07622588878862,0.36389640387776423,0.06599714783072437,0.07140569027721065
MVI_40212,197,0,partial,20,13.614141417155416,1.2106995916767884,0.07603933774308183,0.27687383294937157
MVI_40212,198,0,partial,8,17.69883757897603,2.9213639443990544,1.8926717499281256,2.3381777498282164
MVI_40212,200,0,partial,22,20.46907050205182,0.6706956042355513,0.004347590661629904,0.10204504309833518
MVI_40212,204,0,partial,30,12.2970552910776,0.3218934549246604,0.043408989274617664,0.09533246729139397
MVI_40212,205,0,partial,34,22.853107591414137,0.3496662563038964,0.059174439580963786,0.08685327602358399
MVI_40212,206,0,partial,24,18.78040551628286,0.33905620456382934,0.047376461420723465,0.07780985736899416
MVI_40212,207,0,partial,41,22.15838998912463,0.24301899057677684,0.03423655666665065,0.022491946080040057
MVI_40212,209,0,partial,6,12.403132067140659,1.926381209099448,1.1610730767441053,1.6647718838608836
MVI_40212,210,0,partial,7,17.52121013188015,0.4990750630048681,0.2575744733193602,0.351629456560471
MVI_40213,10,0,partial,6,18.957010707158524,0.009030340118702188,5.088887490341627e-15,0.0010033751100963475
MVI_40213,11,0,partial,21,15.767040413723947,0.32406372875273737,0.147952132492404,0.1329838497004823
MVI_40213,12,0,partial,27,20.450921742862633,0.36903544363001906,0.0002439961494774678,0.037525844575412685
MVI_40213,13,0,partial,18,23.795726680063776,0.5411592591144995,0.1500502976432921,0.0722620045073096
MVI_40213,14,0,partial,16,26.309806307206483,0.08056933570252794,0.0366993821097208,0.046046409118955654
MVI_40213,15,0,partial,21,14.358374935218341,0.17343050251834605,0.12489426555136693,0.21154567833849702
MVI_40213,16,0,partial,6,20.611810121654468,0.9694786392226818,0.476524430705358,0.6746470535825887
MVI_40213,17,0,partial,36,22.823913206418112,0.4476101264732539,0.024448200987608876,0.018059274209510968
MVI_40213,20,0,partial,22,21.632739309885057,0.6244619212146935,0.1349590820027453,0.16537863904335354
MVI_40213,22,0,partial,26,29.796861019924194,0.8214578012323599,0.15080477835999084,0.19851250653024016
MVI_40213,25,0,partial,24,20.0084965989933,0.2846482919771454,0.05161648623472007,0.03221010216662723
MVI_40213,26,0,partial,6,25.92470217516801,1.9114765120192214,0.18308198667272516,0.3660533922269256
MVI_40213,28,0,partial,7,13.050145899510701,0.18234286705697422,0.09581328254237265,0.13631978644267626
MVI_40213,29,0,partial,6,15.379829964701788,0.009275148158310896,1.526666247102488e-14,0.0026612306755803483
MVI_40213,36,0,partial,28,16.348159525825466,0.7484856970988865,0.006746521202412479,0.00470198300766718
MVI_40213,44,0,partial,24,19.050811350389445,1.0714592689640519,0.0824505789404008,0.01655434779417584
MVI_40213,45,0,partial,32,19.11083715370519,0.3080413754055429,0.007718557618271993,0.05374247581192758
MVI_40213,48,0,partial,6,16.073307909115876,0.013199466907648344,0.0,0.0014666599445402613
MVI_40213,51,0,partial,25,18.37216663613437,0.6470223466441556,0.2406099484504178,0.29101240080027696
MVI_40213,52,0,partial,6,13.350626463402659,0.015737568739874665,4.5799987413074644e-14,0.0017486964121962544
MVI_40213,56,0,partial,30,16.52346251861811,0.7833960878521617,0.10062486258876367,0.02816948021474852
MVI_40213,57,1,partial,7,22.167571487024446,0.24913139631617157,0.24846370503104684,0.3233066333492259
MVI_40213,58,0,partial,6,18.72545478244168,1.0183707533766237,0.5948410454414711,0.8433606772797579
MVI_40213,62,0,partial,26,18.219031382230007,0.8454270079072908,0.09682037983124309,0.16535104575258194
MVI_40213,68,0,partial,26,18.571429798517755,0.1278378088520028,0.01022350111879718,0.019778311067850576
MVI_40213,70,0,partial,8,17.826877729253038,1.3517821143041129,1.3480422111164632,2.183849623592149
MVI_40213,76,0,partial,22,18.645578418397314,0.8089997669863399,0.056349286403849806,0.03245817172583671
MVI_40213,77,0,partial,21,15.903447054462228,0.4991906032285264,0.08595363842291422,0.1769125969169755
MVI_40213,80,0,partial,32,13.909855499239354,0.4097897213887174,0.04760907348498486,0.026293777657182417
MVI_40213,80,1,partial,9,14.857085615619859,0.584390433712062,0.3122792614518971,0.42298965134993805
MVI_40213,83,0,partial,23,19.06895976596443,0.7259980430778952,0.021373731550254512,0.026665358085239562
MVI_40213,85,0,partial,41,12.7856144182458,0.21310363051682812,0.017966146651657595,0.04166467768853755
MVI_40213,87,0,partial,41,19.539134850816566,0.3527442262512726,0.01871151658806644,0.052643288647556366
MVI_40213,88,0,partial,22,20.09587099500929,0.7934421488600714,0.0053329847030494865,0.04462545178649465
MVI_40213,90,0,partial,25,18.508867844679344,0.7149291091431089,0.12455235204231552,0.10287722837525766
MVI_40213,97,0,partial,10,22.029810244938687,1.5710424716175753,0.2571963934381075,0.41838659800502953
MVI_40213,98,0,partial,39,15.211151113642389,0.3411619358223164,0.037216784254010385,0.10105353947041812
MVI_40213,101,0,partial,23,20.020719291854036,0.9410985010679088,0.1338105229582061,0.09937437722048692
MVI_40213,103,0,partial,10,12.242931440698056,0.45763773347462194,0.015482504970573638,0.12622623831428417
MVI_40213,110,0,partial,12,19.82845245725713,0.2277855691060487,0.049109144414178504,0.1410827798718368
MVI_40213,111,0,partial,31,14.179835080975677,0.5275602392618661,0.0025890163177889145,0.03232615662083981
MVI_40213,112,0,partial,27,17.613891358189665,1.2235994251746354,0.16253909101801575,0.23853966432561308
MVI_40213,114,0,partial,36,21.188437983686907,0.6610011164780386,0.016842829318482855,0.026331292575584864
MVI_40213,119,0,partial,27,17.354994761379018,0.8347011681963805,0.25514167068367083,0.24183712918081657
MVI_40213,121,0,partial,27,16.787301803638123,0.8868082261062965,0.0665640743181941,0.03841987404505683
MVI_40213,122,0,partial,41,21.64543665505965,0.3458503348897756,0.005586044274737804,0.04882328821479646
MVI_40213,127,0,partial,28,16.131207518030436,0.43007685917192445,0.0051079390100743395,0.011449935224098312
MVI_40213,128,0,partial,46,17.74961318776686,0.33788522915176894,0.013466390189875685,0.04496800412032639
MVI_40213,129,0,partial,23,19.408470448152638,0.7128271550609158,0.1356114288451931,0.14318278493538447
MVI_40213,137,0,partial,21,21.036721531225798,0.6598729270283228,0.05002510247147618,0.20811352890478674
MVI_40213,138,0,partial,46,19.20353124626687,0.3212203168558976,0.007432026233957514,0.014071832124300222
MVI_40213,139,0,partial,8,20.445693943136103,0.32318384842944176,0.11205143320692026,0.13795900407729647
MVI_40213,146,0,partial,41,22.407803725927874,0.592495452361425,0.016553935821551423,0.011333841984761426
MVI_40213,147,0,partial,25,19.146239511851913,0.26192092749747303,0.060774184546638,0.05804551155383334
MVI_40213,148,0,partial,6,20.189243700094618,0.7881905831394138,0.44969905034753754,0.629287303551929
MVI_40213,150,0,partial,21,21.66147623493102,0.47415034726334027,0.0642531506135082,0.15012193306893387
MVI_40213,152,0,partial,6,18.524579340522706,0.00598427780111366,3.562221243239139e-14,0.0019946683439679785
MVI_40213,155,0,partial,6,18.92151005364459,0.008467764560307525,1.526666247102488e-14,0.0011607683096368933
MVI_40213,157,0,partial,6,24.63259081105721,0.0701158101668701,0.03271559566103958,0.06624844924454883
MVI_40213,159,0,partial,22,21.064912968994175,0.9130220429155916,0.02679779075368743,0.04008197009353731
MVI_40213,163,0,partial,6,15.399280980721631,0.010901463052670944,4.0711099922733013e-14,0.001211287772687479
MVI_40213,171,0,partial,20,22.073006957917826,0.7127933588242593,0.015338220428019814,0.010932836869840472
MVI_40213,174,0,partial,6,13.452536792403432,0.014892092836492565,1.526666247102488e-14,0.0016547591027217896
MVI_40213,175,0,partial,19,21.446792468276744,0.6144279706088928,0.16725005892117684,0.25571771721097025
MVI_40213,181,0,partial,22,20.882025647677693,0.6246087245348161,0.07301418072790519,0.12311971825184949
MVI_40213,182,0,partial,6,14.99426143860552,0.001141470225511801,1.0177774980683253e-14,0.00038057370818924747
MVI_40213,184,0,partial,13,22.622019269097603,1.093489331383619,0.9975479355068054,1.1514775239299455
MVI_40213,188,0,partial,8,19.990393350202517,3.9191009291255625,1.3669018378985147,1.389598076489919
MVI_40213,189,0,partial,21,21.588093198015887,0.7049337419427932,0.19897475009809057,0.1926634959563205
MVI_40213,195,0,partial,23,19.77326818004812,0.5482191044260133,0.06650942613623002,0.007680811539857494
MVI_40213,199,0,partial,22,20.70312787005069,0.8844348009380544,0.15757491527267942,0.14355140883475262
MVI_40213,204,0,partial,23,19.907463383337582,0.18138000138728183,0.06526101370891677,0.06286495128557859
MVI_40213,205,0,partial,41,17.592094350404714,1.1261941755116132,0.0852553819909063,0.06331326078156882
MVI_40213,206,0,partial,23,19.93515505092586,0.975725552973585,0.13769465639086173,0.09825868051980043
MVI_40213,207,0,partial,6,15.642917720590948,0.006142654974466471,1.0177774980683253e-14,0.002048048477573199
MVI_40213,209,0,partial,7,15.802281306788563,1.060542911281314,0.19885214666255888,0.2837819152391549
MVI_40213,210,0,partial,23,18.77112461461678,1.0748275691548426,0.193239100886444,0.17886887061738133
MVI_40213,214,0,partial,25,17.885843459582976,1.030635889684797,0.1208258759860558,0.08075585291151624
MVI_40213,216,0,partial,7,24.88160405344747,3.9501470733868556,2.03519122056833,2.7454262289051123
MVI_40213,217,0,partial,26,17.808798549952595,0.6513638047346048,0.15523077999986015,0.10805502195361615
MVI_40213,218,0,partial,46,18.306123122830456,0.45653853645648185,0.019495206382693475,0.011448139141034885
MVI_40213,223,0,partial,24,18.501407525182373,0.6527804423502702,0.009886171355624848,0.04571529987897546
MVI_40213,229,0,partial,20,18.76076333293858,0.5248641905969584,0.21453781930128402,0.3010046555355358
MVI_40213,230,0,partial,10,12.848432264744758,0.48757275028881353,0.47332045330984784,0.9473798669437355
MVI_40241,8,0,partial,19,12.235431025024536,1.1662998343521096,0.05005570052109501,0.004992584550981084
MVI_40241,9,0,partial,21,15.48904976633882,0.46098192198870275,0.1376116916059926,0.3095985603754288
MVI_40241,10,0,partial,13,16.707213403202786,0.3310746719256085,0.03245258026247519,0.07711780589159026
MVI_40241,14,0,partial,53,9.72683328807774,0.5854632218225275,0.02650687770040586,0.03162710139518483
MVI_40241,17,0,partial,50,10.339872034009149,0.33712768482236705,0.009747805844003218,0.03979875817067615
MVI_40241,21,0,partial,53,9.633468259252142,0.35548551942487516,0.012750576563230063,0.021451689290016167
MVI_40241,24,0,partial,55,9.300411648396992,0.5098636369551215,0.0032419747064226837,0.010281802512869323
MVI_40241,26,0,partial,39,9.618524426589303,0.18244837050121654,0.015246113803915363,0.01037901030422477
MVI_40241,27,0,partial,11,4.43790742439242,0.14273920796651146,0.09413952230211681,0.18726422171121515
MVI_40241,32,0,partial,53,9.553395243353636,0.649131853373854,0.059130703189131634,0.0680622197288015
MVI_40241,33,0,partial,35,7.089345163514832,0.5571007524417693,0.00030204353580712837,0.021342612519187565
MVI_40241,35,0,partial,40,6.968441795511333,0.3212472577147435,0.026080762450178714,0.0030067943186533335
MVI_40241,37,0,partial,20,5.85351853107591,0.9810603667975546,0.04779244577417205,0.1997888221421497
MVI_40241,38,0,partial,50,10.15407932655031,0.6709594183094068,0.05236478896264625,0.060413976706846395
MVI_40241,41,0,partial,52,9.983648741082431,0.46050700583607174,0.051685526946519046,0.06581463339638459
MVI_40241,42,0,partial,24,5.882991962783488,0.6513952739427361,0.03814414901683382,0.11463968676751476
MVI_40241,43,0,partial,22,12.064798554593608,1.3126043384219623,0.003377772569458379,0.005575511346386407
MVI_40241,44,0,partial,51,10.70328484988563,0.5119030742916485,0.04049870144727397,0.07755990789963242
MVI_40241,47,0,partial,53,10.036979155816342,0.3247430214836232,0.02806027361576369,0.0420788524573165
MVI_40241,50,0,partial,51,9.735476237895675,0.44660989246943594,0.04840422831359126,0.12928854439999907
MVI_40241,51,0,partial,51,8.720378821118356,0.6533814748529503,0.029697744656083616,0.053852714670451676
MVI_40241,54,0,partial,18,5.132968478929538,0.3807944423070544,0.24284764322763036,0.3127742986747585
MVI_40241,59,0,partial,31,9.955446491436337,1.450126862295135,0.03456209380560596,0.1509224311758216
MVI_40241,60,0,partial,58,9.22286303356386,0.38718089581921367,0.038367454850498646,0.07298510136916224
MVI_40241,72,0,partial,55,9.698610985732241,0.545163663500887,0.001516218721819809,0.033167587731986664
MVI_40241,74,0,partial,59,9.307597433148688,0.42783651889642127,0.03771836230166227,0.06114040156976672
MVI_40241,75,0,partial,60,9.568584902166483,0.8346446573392514,0.004893037874017224,0.012472916084225827
MVI_40241,77,0,partial,14,5.212820481200193,0.7384357487957083,0.09141710555298546,0.10967596508538453
MVI_40241,79,0,partial,20,15.228201942982896,1.620617106461877,0.35010053529944435,0.36967769695316105
MVI_40241,80,0,partial,59,9.263084503439801,0.4766132280853805,0.03676935492934034,0.07449070806238467
MVI_40241,84,0,partial,16,14.868098335893725,2.131898805412978,0.4938337883818061,0.6586098892453932
MVI_40241,85,0,partial,54,9.83342905368336,0.6047813179114252,0.036187682774561046,0.07037950850223594
MVI_40241,87,0,partial,18,15.112796319441763,0.301450171037109,0.11384788672412431,0.1271648637502585
MVI_40241,88,0,partial,10,3.85470285020048,0.3239077462845651,0.3038555371316503,0.6075652725507112
MVI_40241,89,0,partial,61,8.737931595705934,0.359731286426298,0.019373957598681792,0.024945678130929738
MVI_40241,94,0,partial,60,9.08214937338032,0.5765585112198759,0.05157584637565584,0.0739815079934145
MVI_40241,95,0,partial,7,9.34251922648576,0.13670804272584788,0.06992642756824627,0.10153244122962073
MVI_40241,105,1,partial,8,12.403634757697711,1.0754399754600368,0.9425792536723915,1.1518037544621191
MVI_40241,110,0,partial,42,10.33280582401474,0.9223252532288553,0.001636605316600106,0.05620246842550805
MVI_40241,113,0,partial,54,10.146699059148794,0.629066373211983,0.061152703985597405,0.0851893254811636
MVI_40241,127,0,partial,51,10.65426472052213,0.3489937685858289,0.070845872108142,0.09742819033187705
MVI_40241,129,0,partial,18,8.26030072640588,0.2693113982903147,0.06260412234248096,0.07649934789791932
MVI_40241,130,0,partial,56,10.26984042990106,0.9070803759592286,0.01321122472233697,0.050300121271104836
MVI_40241,133,0,partial,25,13.397844193698274,0.5372699198236761,0.04235873758043831,0.0029797290757006033
MVI_40241,134,0,partial,56,9.857536690824174,0.6501177560939126,0.01807565152312734,0.03016193303703554
MVI_40241,143,0,partial,63,8.894930528188869,0.5822609128526302,0.018071531486307996,0.04003262811826055
MVI_40241,147,0,partial,64,9.055606170891972,0.33328780341082986,0.04076534067047698,0.06500642375101064
MVI_40241,149,0,partial,19,11.134906327618118,1.9433375433452948,0.2743320263947439,0.27892184385937985
MVI_40241,150,0,partial,42,10.487464739667377,0.6435538657355834,0.04164369399577047,0.059935039152327965
MVI_40241,153,0,partial,66,8.524151957267526,0.6791269344723968,0.025429917429258365,0.023350332172142763
MVI_40241,157,0,partial,24,12.245333707541215,1.4801763275024697,0.3558003156495244,0.1926112256392483
MVI_40241,158,0,partial,66,9.110859576636768,0.43011459146263226,0.026122360469819954,0.018940605642448788
MVI_40241,160,0,partial,72,7.904979056380768,0.6761466503108801,0.023907568503769874,0.056011601202035
MVI_40241,161,0,partial,25,13.834995408175233,1.2803521462945908,0.18901278024825593,0.20559125928251928
MVI_40241,164,0,partial,20,4.442143558640592,0.5607675754900349,0.030982373261195437,0.09311247981148398
MVI_40241,166,0,partial,56,9.599241257679926,0.6785634497623988,0.003594563785342785,0.015955108482039165
MVI_40241,168,0,partial,68,7.932991178886609,0.96658016727304,0.036395295882309796,0.05429957565860212
MVI_40241,173,0,partial,71,7.728777174282286,0.7361180471008789,0.026608866811067132,0.04151528231905138
MVI_40241,179,0,partial,70,7.901933895458278,0.6512824239272208,0.03470500700561843,0.027118520977780246
MVI_40241,180,0,partial,15,5.1982150598471835,0.8373266757206952,0.27446482970327474,0.46661852265139836
MVI_40241,183,0,partial,41,11.690252245512877,0.9607831191586588,0.027937335490977357,0.03742102403385034
MVI_40241,189,0,partial,40,9.204478867004301,0.4294772146826173,0.010734516466845914,0.004921196900728939
MVI_40241,191,0,partial,67,8.256119765175795,0.9009046428521243,0.039663743305251374,0.07211348868778959
MVI_40241,193,0,partial,7,3.802680807799767,1.3576200180792906,0.7331011622665718,1.0046323690136703
MVI_40241,193,1,partial,51,11.445313270698225,0.6368914552849803,0.050634180459424964,0.058095290909230525
MVI_40241,197,0,partial,43,5.391349237268083,0.46126244458391613,0.015868818656586254,0.0364599026228545
MVI_40241,199,0,partial,11,5.044459112825882,0.2829490952233641,0.2718993213770725,0.5432794993124467
MVI_40241,201,0,partial,63,8.535389382223581,0.9705851904520199,0.047912626088620375,0.03691029244767352
MVI_40241,202,0,partial,10,15.798936317326202,2.167034858590126,1.2537306056532385,2.430285442476612
MVI_40241,208,0,partial,64,8.829780774766835,0.6068347089384684,0.03730552489536267,0.05218340594915351
MVI_40241,215,0,partial,56,8.586474026230928,0.3707732016004226,0.010184926815062898,0.04556728895955937
MVI_40241,216,0,partial,17,3.9119981115925317,0.6905955367423873,0.3610436967564731,0.5160935084667052
MVI_40241,216,1,partial,32,12.805114068988173,0.4108705323438903,0.03679809573161131,0.06435787290365343
MVI_40241,220,0,partial,36,6.301908517605892,0.49703067922824073,0.004308749173289633,0.017366363341634185
MVI_40241,223,0,partial,13,3.323972613612673,1.2209654000837582,1.0037366788321245,1.3824971798409313
MVI_40241,223,1,partial,52,9.740501616733068,0.3808268968199892,0.028332385305770355,0.05824722900469177
MVI_40241,228,0,partial,14,3.526788794258378,0.9567193816419596,0.12313573977761931,0.25590327160029697
MVI_40241,228,1,partial,47,10.44876645479567,0.6323982353772444,0.013593964518270081,0.04068460453894308
MVI_40241,233,0,partial,60,9.22681715616462,0.6091879661227271,0.01766392545361021,0.027380570377948665
MVI_40241,234,0,partial,27,11.94786946556562,1.1371414107804514,0.04476027293504241,0.031512610651738555
MVI_40241,235,1,partial,35,12.165202459979312,0.320283069858951,0.05982238844299137,0.09130057385984916
MVI_40241,241,0,partial,16,2.4337364245709825,1.082993450358136,0.42667600913446163,0.6424632772699453
MVI_40241,242,0,partial,65,8.805794099755996,0.5178378029166225,0.011046720394860238,0.0225469826785926
MVI_40241,243,0,partial,31,8.410346471857356,0.12564645029652102,0.016940998476156984,0.03894828643898341
MVI_40241,248,0,partial,67,8.61419793188881,0.4192788244478427,0.036243559428572464,0.07055461687666029
MVI_40241,251,0,partial,66,8.526203030228219,0.4818353632591259,0.03629427811760586,0.026377935999625683
MVI_40241,254,0,partial,13,3.452922374633289,1.9566590746789263,0.36459547996742264,0.7393829755845028
MVI_40241,254,1,partial,40,11.226783835792885,0.6416938807795968,0.024519397978006455,0.012430206444700045
MVI_40241,259,0,partial,26,3.9807809860164896,0.8446264824422989,0.056680597516088234,0.18682388503198585
MVI_40241,262,0,partial,61,9.04476753689289,0.4962832783007084,0.0661277403073586,0.08322393931385354
MVI_40241,266,0,partial,70,8.168031090571862,0.6331038722120959,0.014649144134681828,0.02113697491301086
MVI_40241,271,0,partial,74,7.60355292172646,0.45747013762218436,0.016289208472682733,0.0320155687667414
MVI_40241,272,0,partial,8,3.6133397305111066,1.0090209020222125,0.9922962322122523,1.320441235437414
MVI_40241,282,0,partial,74,7.756323614467382,0.6292606845932192,0.029489057813869197,0.05773935338979585
MVI_40241,284,0,partial,17,3.3037563816945106,1.5618769167123998,0.08026980755035674,0.27085871293700003
MVI_40241,289,0,partial,76,7.577069215163639,0.7100823440696227,0.006873599793227832,0.0117301303062445
MVI_40241,290,0,partial,28,3.7862192430143975,0.5966275025458486,0.049987829825945934,0.06621593294333172
MVI_40241,291,0,partial,75,7.676520205726661,0.8015336212381953,0.023627512337464286,0.04672269929975528
MVI_40241,294,0,partial,80,7.508380278982439,0.8123620500099665,0.03772775807406205,0.055374392034317516
MVI_40241,297,0,partial,6,3.3091046929832872,0.02200193043495017,0.002427760530239379,0.0002232252459758152
MVI_40241,303,0,partial,74,7.789968794497109,0.9726478958648931,0.03793875232862028,0.0432235717138504
MVI_40241,307,0,partial,35,4.985131669732856,0.6986530776444042,0.02167661337021916,0.07982462772205647
MVI_40241,310,0,partial,71,8.326420945713044,0.47091169159233853,0.014978158808213687,0.03344664774898588
MVI_40241,311,0,partial,26,12.241247120680809,0.3350722055318365,0.052386613653006515,0.05703969715514268
MVI_40241,318,0,partial,74,8.251520626056802,0.5263497855985505,0.004900272229827409,0.026101187905769336
MVI_40241,319,0,partial,51,4.714062161951434,0.5839398546512746,0.05705509389039066,0.006022375747351752
MVI_40241,322,0,partial,56,5.638610968071535,0.8208555909184994,0.108559125470478,0.1383024076168989
MVI_40241,324,3,partial,28,13.538044611642162,0.8372166234144991,0.057952900830721917,0.0973586385534353
MVI_40241,325,0,partial,37,10.39891456484275,0.33096301992837907,0.012425521423139982,0.009093087201921958
MVI_40241,330,0,partial,70,4.763358859945896,0.8456120572141252,0.015393367008150569,0.026000073512332782
MVI_40241,335,0,partial,12,2.462884715240198,1.8778197844081896,1.8338576547260055,2.0998686726745546
MVI_40241,335,1,partial,18,3.5279598407605084,0.8431236266000679,0.12173717332339902,0.12267358046927862
MVI_40243,2,0,partial,15,17.51581213088393,0.928264749688741,0.38047205422380254,0.20852912939014578
MVI_40243,3,0,partial,8,20.349590666231567,0.6579675507416253,0.6480319181864979,0.9164555360643865
MVI_40243,8,0,partial,18,3.821491363032111,0.8047107781830637,0.19180706017027344,0.2471868915458847
MVI_40243,8,1,partial,43,11.055416284486373,0.3633533830167709,0.012890917842491446,0.01708808149273457
MVI_40243,9,0,partial,20,14.506370247985865,1.5771751692063147,0.27522635921828514,0.34031930043711983
MVI_40243,14,0,partial,58,9.34144102268669,0.5527622459293539,0.026692498976425904,0.0441303337590185
MVI_40243,15,0,partial,49,8.257472719291938,0.5048383365664387,0.014283231323942438,0.0018811848187931823
MVI_40243,16,0,partial,41,8.49959011801636,0.3865778376533425,0.01589206754361739,0.033472347897648136
MVI_40243,18,0,partial,9,5.680376218584174,1.5814016870685073,0.22012353609566734,0.1771236815309177
MVI_40243,18,1,partial,31,12.717829042211186,0.22822826138431956,0.01984939973132917,0.04617678466126802
MVI_40243,19,0,partial,11,5.04521986766734,0.18208073409740097,0.13558599761066892,0.26676736716784805
MVI_40243,25,0,partial,59,9.376990408273432,0.5149797184006369,0.010704289126775495,0.030028933632503686
MVI_40243,28,0,partial,11,3.8672694833499923,0.48093489598518346,0.44522152899519424,0.8873517834260533
MVI_40243,31,0,partial,8,4.156577028206179,0.10127569769771123,0.07446225942649165,0.10464848508897205
MVI_40243,31,1,partial,45,10.946941409080631,0.6048787175076082,0.011488966457920613,0.019698744309334583
MVI_40243,42,1,partial,6,4.322447229948187,0.536334568041285,0.253888181709078,0.5155924476610743
MVI_40243,42,2,partial,43,11.023693136293948,0.5522590011616799,0.0396033029298374,0.03399094410049827
MVI_40243,43,0,partial,26,11.343628688663303,0.35052118280215505,0.040722400748946876,0.08159485006409654
MVI_40243,48,0,partial,42,7.574347836875486,1.2857900348137883,0.09658915905962308,0.1796545678973701
MVI_40243,50,0,partial,21,19.59773407582879,1.2758017079560473,0.5789283945571552,0.68493675848728
MVI_40243,51,0,partial,21,14.591198772090365,0.39113302130156935,0.07937061844713565,0.02639633502169666
MVI_40243,53,0,partial,13,17.255006841010218,0.5884812941269512,0.1756455415409948,0.3611794856651542
MVI_40243,64,0,partial,61,9.34567509295422,0.6054129677742035,0.041771012228404396,0.044139228072954
MVI_40243,66,0,partial,56,10.015606385885572,0.3205823460656723,0.04281792408376023,0.05077647765086271
MVI_40243,70,0,partial,58,9.270845507128747,0.3285129155453574,0.03165023450997238,0.022653809761245324
MVI_40243,73,0,partial,58,9.4168913193561,0.6982569759133137,0.04284695813906246,0.08903726913038733
MVI_40243,76,0,partial,64,8.79119686306519,0.6128264322907058,0.039841597955416384,0.036400876226002604
MVI_40243,84,0,partial,59,9.499740406896084,0.768902235070616,0.037849857862062075,0.07109513823448294
MVI_40243,85,0,partial,38,5.877511055309631,0.5175805513561421,0.025656426647526133,0.07167622695763479
MVI_40243,89,0,partial,9,13.589508705448118,4.6393869154751375,0.9999123069885565,1.4731232172820827
MVI_40243,90,0,partial,51,9.595696111002043,0.7033305743070939,0.016024486578549,0.03467651746254981
MVI_40243,94,0,partial,11,4.354516724511414,0.39577750024229863,0.3509836120883009,0.7024981351041758
MVI_40243,100,0,partial,12,4.521516419433841,0.4118638685379119,0.1616193594082633,0.20639635293896516
MVI_40243,100,1,partial,37,12.941225269368882,0.517914020312692,0.026366826470879703,0.09336789389698175
MVI_40243,102,0,partial,24,15.120765977320225,0.33358928375091695,0.08056135895840873,0.15643894857877494
MVI_40243,108,0,partial,46,11.156003133737602,0.4359460813061423,0.06066835163993773,0.09582191109944696
MVI_40243,109,0,partial,61,9.312442694375969,0.42408122786868674,0.01591148840214997,0.05241307944365718
MVI_40243,111,0,partial,58,9.823162944230333,0.7754676444203175,0.02215826394370618,0.060709579488785505
MVI_40243,113,0,partial,28,5.721776846243751,0.38093830705703513,0.05537850497899858,0.05281850442850171
MVI_40243,114,0,partial,51,10.07576613679308,0.3456778298915293,0.024702174280711774,0.043380665861803655
MVI_40243,120,0,partial,59,9.842174723412182,0.3731689978630892,0.02843277067872482,0.030773160413576993
MVI_40243,142,0,partial,51,9.882588309725165,0.513959453467468,0.005968375524479469,0.030246281056133768
MVI_40243,144,0,partial,10,2.1488514694597973,0.7608299603231914,0.673394532317351,1.0825976982731984
MVI_40243,150,0,partial,27,1.9915651674603025,3.722279862821261,0.3286772535203898,0.08705543271659105
MVI_40243,152,0,partial,13,14.012741342903828,1.6344067918126803,0.9696716808274551,1.4902953872056481
MVI_40243,154,0,partial,13,19.035623724007042,0.244076187745511,0.007278193385300291,0.043329938977475675
MVI_40243,155,0,partial,19,3.260357834212823,0.5628507858578291,0.30358028457707625,0.411634010550462
MVI_40243,156,0,partial,51,4.85613631575729,0.7169067560605384,0.014575375713929252,0.06794328294585152
MVI_40243,157,0,partial,16,16.496903755859943,0.2556834048831805,0.1022908371519288,0.13937764263687133
MVI_40243,160,0,partial,52,10.192000452139942,0.45340042840926303,0.07015771745907613,0.07613682172305893
MVI_40243,162,0,partial,22,4.188361404052177,1.052068636754021,0.0012035474192034882,0.08255244792566095
MVI_40243,164,0,partial,41,10.791315134153644,0.4865665543223847,0.016836635399917525,0.004694337311953028
MVI_40243,167,2,partial,15,10.43860304084141,0.23432425518669103,0.22143429747900092,0.29171271347220085
MVI_40243,168,0,partial,24,4.486031419814574,0.47972706616153926,0.04646657686454956,0.08563693210722403
MVI_40243,169,0,partial,20,4.804711012876625,0.5537384107708282,0.11584251597168321,0.06232152414877219
MVI_40244,1,0,partial,16,15.084267460678639,0.33002608871651873,0.2848728445816213,0.36776486210164744
MVI_40244,2,0,partial,12,19.81558495870696,0.6796268259302573,0.47012104778411046,0.7113889841507921
MVI_40244,11,0,partial,24,15.755634406868777,0.28126129102543873,0.03233103180014114,0.1072327156827708
MVI_40244,12,0,partial,37,9.644927289849768,0.49017298862634756,0.03544930109876407,0.022651121862848227
MVI_40244,14,0,partial,33,13.172060287539056,0.5355006980290847,0.0731205439100747,0.12329392438665505
MVI_40244,17,0,partial,41,10.460119030878408,0.3978610948453607,0.022481970098702744,0.00020881380496213216
MVI_40244,19,0,partial,51,10.430092777372934,0.534425929014663,0.0339727882789316,0.0795873991452162
MVI_40244,23,0,partial,46,10.928832881499801,0.2512228136391505,0.06308369807076197,0.06452786538031297
MVI_40244,29,1,partial,31,13.13855427889962,0.5515695494648536,0.010285455269702036,0.07025095283714787
MVI_40244,30,0,partial,54,11.043911772876353,0.6471789329395291,0.017603348257202882,0.016655333252526397
MVI_40244,33,0,partial,53,10.247834637328848,0.6174631806657852,0.022446477755061017,0.05355418104532764
MVI_40244,35,0,partial,20,14.862679366793845,0.3087831788969663,0.14254913631637278,0.18128991712137194
MVI_40244,38,0,partial,16,5.631021013656616,0.675539756685784,0.2774778659952656,0.5982474170983693
MVI_40244,38,1,partial,28,14.591916612337034,0.36409862054720565,0.0228141378886118,0.05988661838342828
MVI_40244,42,0,partial,26,10.066347024276904,0.17556983288775974,0.06960941289245348,0.10440234858453476
MVI_40244,50,0,partial,23,5.949228144397691,0.5061560848856376,0.08308682346540507,0.10090136997257669
MVI_40244,54,0,partial,48,10.713892863111658,0.49974843546445646,0.04848778384174388,0.04725299248689895
MVI_40244,58,0,partial,51,10.355063229983267,0.43232034195246627,0.06133949115722362,0.08643465028681395
MVI_40244,73,0,partial,7,15.074927398149065,5.344762481495572,0.523406710152706,0.7391930864799869
MVI_40244,74,0,partial,54,10.366644603952075,0.3716223485697347,0.04920240357976169,0.0747507745865806
MVI_40244,85,1,partial,40,11.919013215759419,0.5532923237579976,0.06906762854387664,0.06377803571841466
MVI_40244,86,0,partial,36,9.094678910309105,0.19433933761202946,0.04783078395004915,0.06037306687384615
MVI_40244,88,0,partial,58,9.428778905389192,0.4950406931519317,0.035213572143691876,0.06169653509826671
MVI_40244,89,0,partial,21,6.174506828610458,1.3942476906096217,0.23910883316094714,0.09662127801666093
MVI_40244,91,0,partial,51,11.040292251096583,0.5974606326670444,0.011099042312443495,0.049191518629062125
MVI_40244,92,0,partial,11,4.489368538959445,0.28087864344224855,0.24318249057519123,0.4896456282138144
MVI_40244,94,0,partial,54,9.256733415163389,0.47563704880844065,0.011605462420439755,0.0055685617664134246
MVI_40244,96,0,partial,51,11.028862058734772,0.6859867178608409,0.0054140797349848556,0.004441061686475188
MVI_40244,99,0,partial,34,11.399786008023902,0.7373083319923552,0.017934061287501968,0.02281732000572218
MVI_40244,100,0,partial,8,4.81467399759004,0.2553595744579708,0.18579131216870953,0.24625988803379303
MVI_40244,104,0,partial,46,11.850610155451982,0.37678677978228065,0.015996010397967338,0.015465207226009576
MVI_40244,110,0,partial,51,11.453235027450033,0.35117584849586014,0.041661302250095476,0.03560100951688094
MVI_40244,124,0,partial,50,10.691478389282429,0.41472897398275627,0.023828281177415297,0.0379984742178529
MVI_40244,130,0,partial,38,13.57497150631982,0.5560615060612065,0.06182051923525712,0.03504290674528581
MVI_40244,136,0,partial,47,11.720707798317592,0.5811057414376268,0.08871911565812683,0.12678311995374134
MVI_40244,142,0,partial,18,4.964164759960814,0.4022869938862406,0.17254542047375054,0.3747785329708689
MVI_40244,143,0,partial,19,17.61729994854319,0.230866650629346,0.08883714721034774,0.1178617241445438
MVI_40244,145,0,partial,59,9.003941017370911,0.7788939431270979,0.016489265774601473,0.03649411725280239
MVI_40244,148,0,partial,40,10.136508447681562,0.6450064132306408,0.028257293406345967,0.03654522253428534
MVI_40244,150,0,partial,63,8.842884786205722,0.48648916864628816,0.043159346926391354,0.08107680482864425
MVI_40244,157,0,partial,50,7.893923697757283,1.0938028196320984,0.0026555327590328413,0.04378543455636021
MVI_40244,158,0,partial,45,7.599997293282777,0.5360862482293994,0.0021885759954448376,0.004377992552125935
MVI_40732,2,0,partial,44,0.2189071221561485,14.415744430008944,0.0,0.0
MVI_40732,2,1,partial,15,0.3776456505973505,25.93834719114825,0.01912395276442565,10.918342675217819
MVI_40732,2,2,partial,43,0.03583657001566837,3.8339242414537473,0.0121799015853252,0.008109470437418024
MVI_40732,2,3,partial,16,0.022694420373561907,4.336054588943841,0.12317401773160436,0.0
MVI_40732,2,4,partial,20,0.022954051774845524,4.279001239059637,0.07730530075667517,0.09304065693396386
MVI_40732,2,5,partial,38,0.007846721256007256,18.199841351197268,0.0045814498908986236,0.08251190963049214
MVI_40732,2,6,partial,12,0.06820619562984362,4.056259958399559,0.0,0.0
MVI_40732,2,7,partial,32,0.058450618123055666,2.170256534003577,0.01327315546518808,0.010834015303142739
MVI_40732,5,0,partial,28,1.7832366963469528,3.747128078854501,0.14292596191380713,0.1295500661291634
MVI_40732,5,1,partial,9,1.1375796344974671,5.25643647481806,3.471607981071826,3.485492182731222
MVI_40732,6,0,partial,174,1.8762141813773585,7.2861840810288605,0.013513771632956749,0.007488272110705911
MVI_40732,7,0,partial,1100,0.6889469767284014,12.530545101521357,0.0059245000670143265,0.018682361501840584
MVI_40732,10,0,partial,51,6.30716862619051,1.9067166386273482,0.07785258067830902,0.05122308257392216
MVI_40732,11,1,partial,26,2.141320676676074,5.8613905050498385,0.5396322679564999,0.7855395516894074
MVI_40732,14,0,partial,73,8.51005526246195,1.7903933604412012,0.07674276427923869,0.038639414572499635
MVI_40732,15,0,partial,79,7.710983757569811,1.5110524426099792,0.03412161042008772,0.031005893257544274
MVI_40732,16,0,partial,38,2.3809379723145794,2.5979555230911062,0.41888006944716,0.3999522069063009
MVI_40732,16,2,partial,102,4.171580844125245,2.3151780043584402,0.014593071601253718,0.06283335632018817
MVI_40732,17,0,partial,9,3.1749417205522676,0.44706488853900206,0.39460245529572674,0.5208753302279417
MVI_40732,40,0,partial,13,3.3293030604880625,2.304782998338919,0.09862913275711037,0.6048724137438828
MVI_40732,40,1,partial,67,5.0740086985470585,2.3192496651698735,0.08309527342374749,0.04399258920859804
MVI_40732,50,1,partial,186,4.222686983013872,1.9091764807929397,0.00475226662767402,0.001721232892225044
MVI_40732,57,0,partial,44,8.139777674792146,4.787251330700528,0.017901450817801878,0.06550400818614947
MVI_40732,58,0,partial,71,5.922059895293259,0.6368591812663761,0.012439732108579498,0.029207134951184512
MVI_40732,59,0,partial,54,6.4820866321054025,1.230433402160406,0.011626940054576436,0.012234999879377522
MVI_40732,64,0,partial,39,4.8546345342726385,1.570800869081115,0.025766882514742014,0.05919205703929137
MVI_40732,65,0,partial,53,4.4147026533546345,2.2987192520764785,0.02752082785665183,0.020304564332566454
MVI_40732,65,1,partial,55,8.652993488158483,1.711350997075529,0.05036628338891282,0.06476572434628095
MVI_40732,68,0,partial,12,3.7095048970283475,1.97815344848766,1.464177601580632,1.813171466981254
MVI_40732,68,1,partial,20,4.943926412549059,1.575711888624444,0.09217275965711313,0.19520674393153317
MVI_40732,68,2,partial,13,6.649404223821372,1.1373880197672466,0.19635456697720635,0.45726295716042453
MVI_40732,69,0,partial,9,3.4400117044944496,1.8730070096352032,1.1140823854718696,1.677691529607711
MVI_40732,72,0,partial,34,2.0973662757659284,1.941999304725236,0.2523546109576467,0.6720553357753317
MVI_40751,2,0,partial,72,0.271902929060704,7.900493684683311,2.274483063727833,1.722539353429838
MVI_40751,2,1,partial,175,0.19307282754352326,9.54233024232349,0.0,0.0
MVI_40751,2,2,partial,9,0.0,0.0,0.0,0.0
MVI_40751,2,3,partial,6,0.0,0.0,0.0,0.0
MVI_40751,2,4,partial,410,0.17456759320037107,13.012397529587203,0.4397367501030307,0.9931449086526306
MVI_40751,3,0,partial,58,6.7868793851354035,2.7889938781921253,0.09014283585523693,0.044247057277615895
MVI_40751,4,1,partial,46,3.5309560118133043,3.9038709218923042,0.15061992511641278,0.2938959629377848
MVI_40751,5,0,partial,19,4.066686510836223,2.2702938671527804,0.5306164445337898,0.20350140498803804
MVI_40751,7,0,partial,19,2.8704266973755908,2.5961621126588046,0.019852750031321736,0.12935920610544846
MVI_40751,7,1,partial,14,3.0357490732987906,1.0482227735919034,0.9745443834711865,1.0539997910137018
MVI_40751,7,3,partial,97,5.478635327271655,2.033392095495875,0.02935363761587853,0.05584474689608631
MVI_40751,8,3,partial,10,1.0357201514693042,22.887226387155344,19.73762503798053,24.36253227378084
MVI_40751,8,4,partial,24,0.20920644027931948,12.491756747490657,7.826086956521739,6.98440338684531
MVI_40751,8,5,partial,591,0.6684088373758681,24.05574663014965,0.29970885878491565,36.23100616110907
MVI_40751,9,0,partial,34,4.958839475070478,1.9424849978753496,0.046083488941162175,0.0856397873762231
MVI_40751,11,0,partial,32,4.082345002480091,3.0160603765502025,0.3498787692559679,0.3162821234054176
MVI_40751,11,1,partial,89,6.351030960531529,1.641099145278879,0.027117711469118212,0.04043861951149628
MVI_40751,15,0,partial,223,0.12339273983086539,4.669578658678547,0.16014502665073743,1.198250840852244
MVI_40751,21,1,partial,612,0.6410643350626932,7.75023157169097,0.1790335550222326,1.264565611296342
MVI_40751,23,0,partial,11,7.085412804678711,0.08832503446806775,0.06258734700885552,0.12424371402248828
MVI_40751,28,1,partial,15,0.07551183879830285,12.76198429615238,6.52372998956272,9.46164411069033
MVI_40751,29,0,partial,23,0.5648879245960555,21.669545740152838,3.7574641013575136,14.127888638526553
MVI_40751,31,0,partial,41,8.893340219182372,1.0548802292994282,0.23031276746741264,0.3070378596687659
MVI_40751,32,0,partial,172,3.9424081767149746,1.9181070959288764,0.02208923022470798,0.027086324316830585
MVI_40751,33,0,partial,14,2.2931240561553055,1.6750255026121295,0.1115306029885701,0.19334284649248193
MVI_40751,35,0,partial,23,6.80175504623393,2.925992248957522,0.1505844769536744,0.04848864383220114
MVI_40751,36,0,partial,77,1.398401153019448,4.961308866314921,0.05092930877871297,0.1610831193769421
MVI_40751,38,0,partial,13,3.440629932728761,2.2116408543215442,1.984945156791442,2.28964083827234
MVI_40751,38,1,partial,49,2.1754975687153935,2.1286961493719705,0.1306005847055691,0.06607910748767117
MVI_40751,41,0,partial,45,3.0973451720920484,1.5158938294754756,0.002235500987719067,0.05685333837729546
MVI_40752,2,0,partial,40,10.60821891690781,1.11187883878094,0.04472113060451557,0.052826877107986794
MVI_40752,4,0,partial,83,8.363640318749464,1.2468275460737694,0.005721901501261553,0.03148311943522549
MVI_40752,5,0,partial,76,8.974564848970017,0.9344572900746029,0.027410928459987164,0.006791637429404704
MVI_40752,6,0,partial,32,4.959863653734821,0.9668002985192053,0.04115388302747578,0.1952736873957233
MVI_40752,6,1,partial,49,9.194542813606693,1.0238694338032925,0.0074616876875076635,0.030775612135784287
MVI_40752,9,0,partial,21,5.590175153676051,1.5717985716715757,0.09780198850397395,0.41802521495743633
MVI_40752,10,0,partial,38,6.029295803429119,0.5067116972763162,0.041837075137237154,0.13511303941414832
MVI_40752,10,1,partial,7,7.857786885447454,0.8823175823514938,0.8720743561667912,1.2619681817543922
MVI_40752,10,2,partial,6,11.87456124544756,0.5142525322292344,0.2602967470270192,0.5169998570545801
MVI_40752,11,0,partial,87,8.10119866675097,0.9747296671664312,0.014217306361888345,0.02558785925361297
MVI_40752,14,0,partial,88,8.173030257434,0.806882020536647,0.01793773189876424,0.0409210280839935
MVI_40752,17,0,partial,46,6.39865180691601,1.064571718573956,0.021666717080423593,0.021373295209576284
MVI_40752,20,0,partial,90,7.958396219163457,0.7639214511178785,0.013583623152808776,0.037951485311730954
MVI_40752,23,0,partial,21,5.953921177255925,0.9588038809309547,0.2352102793649163,0.744310454942722
MVI_40752,28,0,partial,6,5.089599773336349,2.79012013795141,2.7784490317093864,3.6642886753104693
MVI_40752,28,1,partial,27,6.624996024616184,0.5418390719750656,0.0993872203030958,0.12341124265506782
MVI_40752,28,2,partial,29,10.651229402301256,0.5327197693061992,0.02993405706528016,0.012811884155634118
MVI_40752,29,0,partial,61,9.566403926239348,0.609574066048618,0.010070598077052668,0.005502101271495074
MVI_40752,30,0,partial,85,8.321062246555776,0.8019678804514198,0.023370781711276274,0.05119221486249341
MVI_40752,34,0,partial,71,9.713000011833467,0.8866986900774279,0.046815879239102104,0.07512955017967791
MVI_40752,36,2,partial,29,9.76209022649088,1.4893739666532064,0.02523089007880288,0.06837265250841353
MVI_40752,37,0,partial,91,6.534166075036044,0.8081443836036047,0.00630474100344298,0.010541445872826882
MVI_40752,39,0,partial,80,8.875044254128014,0.610437214589468,0.012923416401056759,0.04531104183717599
MVI_40752,44,0,partial,88,7.525176983168089,0.5701182979419928,0.004699206307458697,0.015775421360030063
MVI_40752,45,0,partial,74,9.308655190976955,0.9455427808573417,0.045134652084136445,0.07472698268288008
MVI_40752,48,1,partial,15,12.355883734509229,1.8007911005486132,0.3916328160860837,0.551937189263824
MVI_40752,50,0,partial,81,8.9300509681309,0.9976790685396153,0.030740460234801776,0.05850479694931619
MVI_40752,54,0,partial,55,6.112932946633942,1.5416770498717804,0.008923383773455468,0.028377321253508215
MVI_40752,55,0,partial,81,8.828956081717784,1.2670629100681317,0.005575418823148628,0.05233609707913381
MVI_40752,58,0,partial,77,8.91966780170519,0.6150241604366924,0.0006634020604799974,0.012349672966086014
MVI_40752,60,0,partial,45,5.587678774938666,0.9591727164108892,0.026899754524993557,0.06282941192498091
MVI_40752,60,1,partial,22,11.743287838940612,0.27259160471413557,0.028302381690883376,0.0439360620806218
MVI_40752,63,1,partial,31,7.748164329863715,0.3982027331034038,0.06186444724656161,0.05286746467178312
MVI_40752,68,0,partial,27,4.37331239026569,0.8812020076053849,0.28267005569543574,0.3196629241177561
MVI_40752,69,0,partial,16,4.480029433587156,0.6536316749288936,0.26829653982837265,0.236803840694778
MVI_40752,69,2,partial,10,11.677533405181238,0.15462181655200646,0.04325390635173408,0.07448091813306214
MVI_40752,71,0,partial,11,6.470623455392449,2.695741380546705,0.36544761928891056,0.6151258870702763
MVI_40752,72,0,partial,76,9.171522096896485,0.7227418481925527,0.021361106775199333,0.026423151758658763
MVI_40752,76,0,partial,81,8.851911505971211,0.8766635143893847,0.016834868957868426,0.02998218299253487
MVI_40752,78,0,partial,20,2.7250759955306942,0.21323998313059983,0.0038782236452717164,0.0054937547745774655
MVI_40752,78,1,partial,30,10.258150585418115,1.4210824092242356,0.05737138391739784,0.10798241390443876
MVI_40752,80,0,partial,6,5.296984814492397,0.004900945658315022,1.526666247102488e-14,0.0009801773958444471
MVI_40752,81,0,partial,91,9.046097782242411,1.40614315229731,0.04488159807261954,0.010887574048315484
MVI_40752,83,0,partial,66,8.414429923187898,1.0379908926552825,0.027514147300405196,0.08389049185754428
MVI_40752,84,0,partial,11,4.652447181922066,0.25017203736973936,0.23607513223813514,0.47103237463731684
MVI_40752,86,0,partial,68,6.862624396657041,0.6315687501700311,0.00566943750200491,0.005656786409934679
MVI_40752,86,1,partial,8,11.784293180922708,1.0611703976518825,0.781468579225729,0.896632899584769
MVI_40752,90,0,partial,69,9.558360087934265,0.8390474530109376,0.02537256249957024,0.04699688190197692
MVI_40752,92,0,partial,64,9.089309830382149,0.43575787078884,0.014771067501535099,0.015805057311922156
MVI_40752,94,0,partial,94,7.279060126594334,0.9788216826443692,0.02128620391232767,0.028319896959646495
MVI_40752,96,0,partial,20,5.672463477272213,0.34121708695705394,0.2567293086897579,0.37076185982879384
MVI_40752,97,0,partial,84,7.927882936626353,0.9720769703957826,0.003977582618481808,0.006902684485444948
MVI_40752,98,0,partial,53,11.27770302956992,1.1743437294756285,0.012619868643652946,0.03691673736976717
MVI_40752,99,0,partial,89,7.886547460907909,0.8807074763609468,0.008464899030197174,0.04614537591537258
MVI_40752,101,0,partial,55,11.112838159225557,0.7099214857642352,0.03697476039854785,0.0577869047387974
MVI_40752,101,1,partial,9,5.139623731092545,0.16437334359625191,0.13376689841254444,0.20554145088400785
MVI_40752,102,0,partial,31,4.051783132061006,0.9219733596241113,0.014980605210417297,0.2716064146808558
MVI_40752,103,0,partial,79,8.361576852397786,0.966276262577118,0.016452727400872554,0.008814431430218334
MVI_40752,105,0,partial,36,9.62573116587529,0.8033363174015329,0.04239305195902134,0.01979360202074658
MVI_40752,107,0,partial,88,7.956357399925102,1.0484064431577402,0.022226512008768868,0.026723752262785654
MVI_40752,108,0,partial,74,7.159119811505207,0.9141368800826074,0.019288104016816552,0.011448010260757584
MVI_40752,111,0,partial,63,8.479607955178682,0.8790735008770525,0.010312131535941354,0.02648551157505791
MVI_40752,112,0,partial,61,9.373445798782003,0.6640203201214284,0.03071047874301562,0.062228862589521865
MVI_40752,113,0,partial,48,6.993140470616713,0.8776498669572673,0.009548478594694154,0.02494953044402077
MVI_40752,113,1,partial,23,13.199280804506042,0.43464629786575154,0.11221793297858249,0.08410836360741263
MVI_40752,116,0,partial,86,8.121353454502277,0.8414787498611177,0.015029521371289522,0.009806743541232649
MVI_40752,121,0,partial,81,8.583647660067726,0.7632721007333203,0.012104856497751757,0.015575220458895353
MVI_40752,123,0,partial,77,8.90293346802886,0.7709953925604518,0.008920438547638899,0.011941880466631116
MVI_40752,125,0,partial,9,5.776170931774476,1.503166537066977,1.478994416993722,2.1700068053763126
MVI_40752,129,0,partial,61,9.030164110778554,1.3213651017514718,0.026503357972833968,0.10212232218909904
MVI_40752,130,0,partial,78,8.490744919013112,0.5832416541326856,0.023274997812556125,0.02799240410069014
MVI_40752,132,0,partial,77,8.959272181735354,0.7449956105679698,0.00415393162696036,0.022535249958688636
MVI_40752,133,0,partial,86,7.9194865190087755,0.8129022531594388,0.009475240647924363,0.008047174547130359
MVI_40752,137,0,partial,74,9.125944376528246,0.7251473108125666,0.00714692437825623,0.005698028196883046
MVI_40752,138,0,partial,35,5.503265444626919,0.9472166568873235,0.02096927163345334,0.10670397820567601
MVI_40752,139,0,partial,41,6.87466383645152,0.7951536519912666,0.011138141274322303,0.07348665931734315
MVI_40752,140,0,partial,81,8.310801068441984,0.5080888985571398,0.007501125673084095,0.022484093577879113
MVI_40752,141,0,partial,51,7.107265642734178,0.9400302443453746,0.03919218187070733,0.035885043185973624
MVI_40752,143,0,partial,105,7.834305298726132,1.0083099266523678,0.005839231910738164,0.005970432669559574
MVI_40752,144,0,partial,20,11.498798574851817,0.6322815587041412,0.13463133972998842,0.4045535464390267
MVI_40752,146,1,partial,69,7.395115132790546,1.1955987277356446,0.06899840779277851,0.09466819202122008
MVI_40752,147,0,partial,36,6.406557398674481,1.25483589281801,0.057728749620319916,0.11711243272048245
MVI_40752,148,0,partial,13,15.052753425514979,5.283209526934494,0.33416504787966744,0.5362743747856319
MVI_40752,148,1,partial,25,9.481162380742255,1.0994548350453266,0.04294426224573066,0.14701281913901107
MVI_40752,149,0,partial,24,10.871279347616246,0.6810126226525246,0.1457228755219134,0.20721619280796352
MVI_40752,150,0,partial,61,8.81339760981797,0.8410090014989485,0.050403383948613226,0.0813130942202483
MVI_40752,152,0,partial,79,8.606625260606217,0.585263979611312,0.0015620211963718411,0.014346066999322603
MVI_40752,153,0,partial,101,9.056335175490108,4.617139862329509,0.006521004342207431,0.00848564748854885
MVI_40752,154,0,partial,96,9.321429066044084,1.0970225843795116,0.012074520842856614,0.022915535009307517
MVI_40752,155,0,partial,67,10.044521740298807,0.5205711271680097,0.05276514363866282,0.09799865567845337
MVI_40752,158,0,partial,70,9.428827217283782,0.7604451275457411,0.012348871196327488,0.001795995739895577
MVI_40752,159,0,partial,87,7.993641733216757,0.8854777534889859,0.010658625896801072,0.028476075589839087
MVI_40752,161,0,partial,66,8.532295267162413,0.580450820983794,0.014584552554552809,0.030825896612447494
MVI_40752,163,0,partial,90,7.823258735571121,0.680759869947395,0.023595312456240393,0.033381186636560735
MVI_40752,164,0,partial,38,3.5105902296189244,3.7160585175649308,0.299182209671847,0.24868839174429822
MVI_40752,167,0,partial,89,7.71339069867703,1.0143605281380041,0.0067341459736103984,0.016676850182026495
MVI_40752,171,0,partial,101,7.042465455809666,0.7870129703209088,0.00645656178707947,0.03545421440127361
MVI_40752,173,0,partial,61,9.868665018088135,0.9388077043671184,0.02972524402302144,0.06166128531519756
MVI_40752,174,0,partial,33,5.525152080821254,1.6035047417355377,0.06066797009035645,0.16637195738799734
MVI_40752,175,0,partial,21,3.4417936993781773,0.9622580641627225,0.23201954600260946,0.34794642445004875
MVI_40752,178,0,partial,80,8.39589355589213,0.5919902232636275,0.012026769184754134,0.008778186436274739
MVI_40752,179,0,partial,48,10.610678485960907,0.785195391444759,0.014031259454088124,0.0494569250865399
MVI_40752,180,0,partial,23,3.7426060095304594,1.1929784504518581,0.07710773042710166,0.0967340955892136
MVI_40752,181,0,partial,21,5.220553929890928,0.826302811810997,0.2295797864184193,0.07360568073908982
MVI_40752,181,1,partial,18,7.1919924965963276,1.1800263274221054,0.10536131320441627,0.12072957469428287
MVI_40752,181,2,partial,13,10.23255023803966,0.6160929417131955,0.40377887801679746,0.5601955906644283
MVI_40752,181,3,partial,7,13.643527032875662,1.3749752676741187,1.3724356300882263,2.7384291821668354
MVI_40752,182,0,partial,17,8.23382372001127,0.2826925255684975,0.10404493638084591,0.11186630756973107
MVI_40752,183,0,partial,56,9.42185652704421,1.0596238271951055,0.03519823548667837,0.07843335494570872
MVI_40752,184,0,partial,86,7.810567366802891,0.7602968144131335,0.006646877873987172,0.011014614297006094
MVI_40752,185,0,partial,61,7.089862505220291,1.0710718220404951,0.006091149703776703,0.02053665505742875
MVI_40752,187,0,partial,32,5.234051234286097,0.8381391832066164,0.07745238505293109,0.06307583096792557
MVI_40752,187,2,partial,15,8.283187910277519,0.6469760946440563,0.37045881841271683,0.8145727307430248
MVI_40752,187,3,partial,22,11.83746121760746,0.9863218225242705,0.15231432670192624,0.21109412871197883
MVI_40752,188,0,partial,71,9.841037372574347,1.012412130266586,0.0004819522319588167,0.05840271543812392
MVI_40752,190,0,partial,79,8.588744659580838,0.5896218482071754,0.005895962223947082,0.008854049947821014
MVI_40752,195,0,partial,25,14.148989054069974,0.7355992665012975,0.10388101381580421,0.08838790565285184
MVI_40752,197,0,partial,35,6.041405818353419,3.1809816460687754,0.11068552660208206,0.1545624161581354
MVI_40752,198,0,partial,41,5.435011321964642,0.22133280432460087,0.16650717226639933,0.26487144528153306
MVI_40752,199,0,partial,42,5.312475476860058,0.3456039515319546,0.08684651366173694,0.14633005586553957
MVI_40871,1,0,partial,13,0.8712136920041397,15.031556397833016,11.25,19.76728847037306
MVI_40871,2,0,partial,19,0.4639771658041838,11.684491160087994,0.18216590326965862,1.6915820624142996
MVI_40871,2,1,partial,19,0.3133651078661185,20.089383475482233,7.499999999999774,15.854127503934528
MVI_40871,2,2,partial,28,1.3547127846282065,2.613785617288383,0.373709544152448,0.8223861533332026
MVI_40871,2,3,partial,16,1.0013369848543463,4.508455050700814,1.598606643748632,1.1745934766257693
MVI_40871,3,0,partial,29,1.3381997948390956,2.3671694182704024,0.3011656644101447,0.31156559320871663
MVI_40871,3,1,partial,20,0.6875133712012849,10.190736054966203,1.8785851764789006,0.6987339891113754
MVI_40871,3,2,partial,19,0.26756306782486156,19.28660515560769,8.68727496080286,15.368082772268915
MVI_40871,3,3,partial,32,0.930490382637105,6.422515388506908,0.18183084927001864,0.4428697698487768
MVI_40871,3,4,partial,26,0.0,0.0,0.0,0.0
MVI_40871,4,0,partial,141,0.9412769204641047,3.6758687683155458,0.027269642368877193,0.0440041670871278
MVI_40871,4,1,partial,28,0.37325615199887074,8.657886526005122,0.7462580203487837,0.7480633087081942
MVI_40871,4,2,partial,28,0.3170681923926398,7.180905100071963,3.590057099376392,5.578782370597324
MVI_40871,4,3,partial,28,0.0,0.0,0.0,0.0
MVI_40871,8,0,partial,211,0.6852538426041767,5.77572537113428,0.017311695208869753,0.02324066190382163
MVI_40871,8,1,partial,28,0.5391713893873439,13.591957775232128,0.15735016775413455,0.8994157959732854
MVI_40871,10,0,partial,1127,0.24940242676304206,6.502647682005963,0.0038254179184505606,0.01819452910483604
MVI_40871,11,0,partial,491,0.2756309617049223,10.542643553205474,0.15941026569351144,0.07014645724784682
MVI_40871,11,2,partial,87,0.9704064860409181,3.0639097747093116,0.031200127782345877,0.048334216242905424
MVI_40871,13,0,partial,83,0.36932432058446824,8.907162208926767,0.7360878057664011,0.6108368140646956
MVI_40871,16,1,partial,23,5.063764627215075,0.9224782174356637,0.12072752386095571,0.042517453774483634
MVI_40871,16,2,partial,16,7.1423067999121574,1.4164874658355688,0.4762274969015483,0.7484029892301134
MVI_40871,16,3,partial,19,7.40069114824956,1.4528648969000075,0.7329732396687966,1.1793795359279706
MVI_40871,17,0,partial,86,5.937708330405486,1.1263592696431461,0.01688782729796906,0.0010191490121036228
MVI_40871,18,0,partial,41,4.211738281641207,1.017780689925922,0.06831774781529064,0.03513321203579003
MVI_40871,18,1,partial,41,6.773550924903006,1.631076285040082,9.591508553185705e-05,0.005139984233155117
MVI_40871,19,0,partial,91,5.328658942152094,1.0151868836540072,0.011384420956622978,0.019286841812766874
MVI_40871,20,0,partial,21,3.677844799601028,1.2785683222468844,0.027920788998048496,0.33135707234933004
MVI_40871,20,1,partial,60,5.951339172149396,1.6029523031000366,0.09691470431183587,0.05602568611889913
MVI_40871,21,0,partial,1150,0.09939481841280456,4.324604716458675,0.0686638357562527,0.1924282890165545
MVI_40871,22,0,partial,38,0.0,0.0,0.0,0.0
MVI_40871,22,1,partial,41,0.25145919161250196,1.628975803179861,0.0,0.0
MVI_40871,23,0,partial,29,0.0,0.0,0.0,0.0
MVI_40871,24,0,partial,23,0.0,0.0,0.0,0.0
MVI_40871,24,1,partial,1669,0.047861487087142954,1.6298335327224174,0.025117725757111995,0.04824753182552653
MVI_40871,25,0,partial,1720,0.052194023981979136,1.5472250776913528,0.030593622679021746,0.04618555027754649
MVI_40871,26,0,partial,28,1.3621990116256375,0.804587207433786,0.19127147623019652,0.23559946188812875
MVI_40871,26,1,partial,1642,0.12959728304311657,2.143346541763463,0.05154716990970342,0.08748604981925787
MVI_40871,27,0,partial,21,0.8603479618933969,3.7109775241738574,0.5606314334012501,0.5196890104791667
MVI_40871,27,1,partial,31,0.09502406722437175,1.1544466932407758,0.0,0.0
MVI_40871,28,0,partial,21,2.5842081205757403,1.267127584198757,0.13978885232510493,0.23729679830014722
MVI_40871,28,1,partial,1666,0.09889805413920505,1.2661888008538205,0.054696006457830224,0.10248234144788189
MVI_40871,29,0,partial,71,2.8457775899943076,3.9288592920910608,0.017394032958867905,0.15512683916021025
MVI_40871,30,0,partial,1714,0.1251117630697839,4.32080609843337,0.04496877123227568,0.02998936036069392
MVI_40871,31,0,partial,25,1.7367256302757992,2.11332989923551,0.6327153432778655,0.8278707348796615
MVI_40871,31,1,partial,199,0.03807355174030705,0.7548356883346405,0.0,0.3306761621974101
MVI_40871,31,2,partial,8,0.07714285714286818,25.714285714285715,25.714285714285715,0.0
MVI_40871,32,0,partial,66,0.38812073750236603,21.221768122199478,0.561476556649388,1.6656961389105045
MVI_40871,32,1,partial,20,0.38746183735089285,6.905714695362211,0.9666012827626463,1.3244295364669865
MVI_40871,32,2,partial,81,0.28415679765620727,16.335741279314895,0.0,2.17892078578465
MVI_40871,33,0,partial,20,0.9787987956757412,4.093061298955933,0.24449842570328106,1.708035019622414
MVI_40871,33,1,partial,20,0.38278235494527985,8.728500500791677,0.33495119019586794,1.1171858057435182
MVI_40871,33,2,partial,1462,0.04427027384501792,2.278174951466571,0.0120956866860479,0.018157091320771944
MVI_40871,34,0,partial,286,0.37862210912068234,13.526993377934819,0.03658709461646531,0.1650093169895808
MVI_40871,34,1,partial,606,0.06223178497747893,2.0444478178748637,0.08929426685987715,0.18479563468850788
MVI_40871,34,2,partial,624,0.03742152779254229,1.658532138849514,0.0043577637796207765,0.0907389558715365
MVI_40871,35,0,partial,1585,0.0777638363833685,3.0341333065878366,0.05344357629922623,0.1194573728934226
MVI_40871,36,0,partial,995,0.03766792671297078,1.1358773009986867,0.0004712664746699355,0.004466539100184313
MVI_40871,36,1,partial,203,0.024878571468681655,0.8916386165505371,0.0201131710516868,0.04020821981718277
MVI_40871,36,2,partial,13,0.15455142065347108,9.500925230554298,8.421829859776048,13.332906101365879
MVI_40871,37,0,partial,73,0.07385691509493794,12.372235256565466,1.4601579154396038,2.9965994857663962
MVI_40871,37,1,partial,1123,0.038812047526875226,1.4742002593168972,0.021408767591542713,0.050920931564330106
MVI_40962,48,0,partial,11,1.0129889892890083,2.5196572133551154,2.3629377730655863,4.684128824324964
MVI_40963,8,0,partial,29,3.563366675422636,4.05227238284545,0.5893596274952603,1.3358416493248704
MVI_40963,9,0,partial,12,2.1671440038938337,1.496201575353519,1.2800142221190336,2.6057722327379755
MVI_40963,10,0,partial,10,3.3589125203578156,2.3347251123342794,1.8575535691263194,2.96842896824886
MVI_40963,11,0,partial,31,2.2328858913503287,6.501620521355104,0.5094878418000072,1.6914234297895994
MVI_40963,14,0,partial,36,3.4061398278853714,9.004032033397458,0.3427652059942701,1.649681843100456
MVI_40963,16,0,partial,34,3.4343089010682846,3.7135399646482443,0.6010132743198607,0.8355661088690476
MVI_40963,17,0,partial,12,1.972505980935756,1.8364760956108201,0.21658164193349272,0.1304735016171448
MVI_40963,19,0,partial,34,3.3459931993915237,4.382571883643304,0.48712626432722017,0.381320495528458
MVI_40963,20,0,partial,34,3.1363708750686485,4.1429785798711,0.3313608884068107,0.4430934502918518
MVI_40963,23,0,partial,12,2.2090373591072345,5.543617533232145,2.177778123707855,5.320086028288182
MVI_40963,30,0,partial,39,3.2580892172079303,4.503308467676276,0.4322100963972151,0.38247522888523483
MVI_40963,32,0,partial,39,3.3857433771970933,5.251360914094415,0.22012914246649967,0.6312932326323333
MVI_40963,33,0,partial,9,1.886520741982168,13.113920938361538,1.3133458645175307,1.7184313380459373
MVI_40963,33,1,partial,47,1.4150844932245634,7.5449030844731775,0.9767616592743985,0.7097509297126028
MVI_40963,35,0,partial,40,2.9467460549269213,2.7163698065302384,0.24584993967943847,0.31322958608288265
MVI_40963,38,0,partial,11,4.3560550173237775,12.767228900402257,1.1708891396219152,1.2211314595623235
MVI_40963,39,0,partial,42,2.7923604454451953,5.4711643135746195,0.302707686989343,0.15561691470197772
MVI_40963,41,0,partial,25,1.810866647162569,3.84760979224427,1.051956036196992,1.4274285035583651
MVI_40963,43,0,partial,45,2.6351860924917627,4.2755302065483205,0.46402126635878677,0.8475251245223574
MVI_40963,44,0,partial,39,3.5076734877000475,4.416220363337504,0.5007560011619475,0.5989854275298516
MVI_40963,44,1,partial,27,1.3829322766328231,2.1856403565979465,0.7477961466129012,1.3975691021908236
MVI_40963,46,0,partial,26,1.5467415857621822,4.1697201922141485,0.46138744138770094,0.677921939046267
MVI_40963,52,0,partial,41,3.077209467190625,7.101513167030532,0.2902855472033355,0.5178523944797077
MVI_40963,60,0,partial,39,3.137628552627155,2.3536114689091505,0.1632413129502658,0.0005497084096058561
MVI_40963,63,0,partial,38,3.3106602645045458,4.184580643063059,0.5801317560224035,0.16109090213395874
MVI_40963,67,0,partial,16,1.1438351752941172,0.9561468263693599,0.912002415239449,1.1283063709839458
MVI_40963,68,0,partial,42,3.2021001147739736,3.4936340385737017,0.20246519863115028,0.02949499727278775
MVI_40963,69,1,partial,26,1.7626065851474935,5.17854371373237,0.6797582252187291,1.1973209755444534
MVI_40963,71,0,partial,14,3.556218103663353,0.4013760400640656,0.3170951426383578,0.4651060629386244
MVI_40963,71,1,partial,29,1.6660821976525158,3.6856506367302506,1.0115475784698993,1.5402169335236244
MVI_40963,72,0,partial,45,3.073291289856826,5.83477907899796,0.15676079514367963,0.44981796998085866
MVI_40963,79,0,partial,40,3.106076120027295,3.5019456536253832,0.5635928386434684,0.968354758871171
MVI_40963,85,0,partial,57,1.7241385979393253,2.8464127425429724,0.041995558855768125,0.16411213792831386
MVI_40963,88,0,partial,36,3.298113650532918,3.504907876825648,0.3319986095563462,0.14767101369101912
MVI_40963,91,0,partial,30,3.5184023526049,2.0721516343818287,0.7088862064264537,0.9322408746012032
MVI_40963,94,0,partial,19,1.5253614639262991,8.324195754613866,1.15532747575387,2.7801490731925664
MVI_40963,95,0,partial,30,3.8509590736982946,3.5199226386579356,0.047004731921025736,0.2826499095749885
MVI_40963,98,0,partial,29,4.038716506739845,3.0762392093088673,0.07680335535431448,0.7793998949305727
MVI_40963,102,0,partial,36,3.509861463594176,4.240669498086571,0.41818200960226337,0.2232499732220561
MVI_40963,103,0,partial,22,1.816746378837267,2.6525864258435754,1.2830566756847464,1.8768939855181428
MVI_40963,106,1,partial,49,8.137548551856689,1.052616719417964,0.011040480170060025,0.003517909552787213
MVI_40963,107,0,partial,36,3.3983303057356498,2.590119999668648,0.2917567618186074,0.48483234390451
MVI_40963,108,0,partial,11,0.6856665754780237,10.366428194575208,10.130993247402111,17.52428413232866
MVI_40963,113,0,partial,38,3.231919540608847,3.8567667218057506,0.41251810908954084,0.3342772534780177
MVI_40963,117,0,partial,38,3.4182925301349973,3.8969880719084204,0.5366026222263047,0.6666414244270039
MVI_40963,123,0,partial,35,3.3237008244824464,3.4136815990719516,0.2784725235263049,0.360766882056815
MVI_40963,126,0,partial,17,2.443039057412442,0.8588485265075065,0.47750075586819685,0.6071116173689791
MVI_40963,129,0,partial,39,3.3221241764322835,4.939130846133305,0.3648296971537229,1.508687337861616
MVI_40963,132,0,partial,40,3.2854771813738304,5.881270153780556,0.26142645702693657,1.1443814713117877
MVI_40963,134,0,partial,11,3.5428802676493363,6.500379737961845,0.4350157309024646,0.3197027787273646
MVI_40963,140,0,partial,16,2.847704251778908,5.55123805023158,0.9194943380724541,1.4988554084988719
MVI_40963,141,0,partial,7,2.446299859606411,2.1594333905775756,1.3431799978451162,1.9538242659019687
MVI_40981,95,0,partial,21,1.756648545468284,5.840088014606836,1.3243271191131132,0.4732576040382051
MVI_40991,1,0,partial,31,9.557317629184011,1.3810023286057471,0.2849933588434302,0.14100767275053916
MVI_40991,2,0,partial,40,6.4609809549643975,3.608814322300949,0.27838131447728043,0.5835544272786771
MVI_40991,3,0,partial,46,5.791562758593016,2.0025849670465865,0.1381029139736479,0.10354247450862188
MVI_40991,4,0,partial,49,13.883856504951721,0.8957900755673472,0.04287191559374003,0.10030092849421937
MVI_40991,5,0,partial,93,3.9412893078649067,2.8929608290925795,0.008175573009051265,0.032762210956193825
MVI_40991,5,1,partial,38,0.4921590850175102,9.227117551721776,2.0957125564422427,4.244646166855901
MVI_40991,6,0,partial,32,10.147043884715359,1.311124061437984,0.40505203472461215,0.5505716367558584
MVI_40991,7,0,partial,42,6.388980468056944,1.7838157470191875,0.16109359880665156,0.38303709991910045
MVI_40991,7,1,partial,66,0.5197812529283287,6.573558588543355,1.8691769202053001,2.720603373505785
MVI_40991,8,0,partial,44,5.969512419875559,2.246704072664266,0.04946344898977187,0.006816319053986534
MVI_40991,8,1,partial,51,1.1805040590016653,4.619119894555962,1.292905664755012,1.4576579244135428
MVI_40991,9,0,partial,88,7.268038167667139,1.3953037920547593,0.010034692799810624,0.09856199394908186
MVI_40991,9,1,partial,18,0.5888399164838374,15.649609551488174,5.404110970414543,3.8793053210664343
MVI_40991,10,0,partial,84,9.256089539390318,2.502781678055628,0.011097669204486378,0.06373190544019415
MVI_40991,11,0,partial,72,9.643228497359384,1.4511227529727915,0.013670200554930713,0.1305080610979167
MVI_40991,12,0,partial,69,9.651044698405975,1.7577611103465598,0.04174892827211851,0.0805132172616182
MVI_40991,13,0,partial,49,5.502494699036045,2.3708301167600467,0.1994934849807102,0.49677542519103185
MVI_40991,13,1,partial,10,0.969925340650434,8.023847719688199,3.7918086209513078,3.690733487999413
MVI_40991,14,0,partial,63,10.761117931670734,1.912431676942523,0.01970015080735845,0.09317327843945306
MVI_40991,15,0,partial,57,11.895333057405155,1.2033592854232869,0.0597885195249982,0.11868435196087466
MVI_40991,16,0,partial,52,12.618211557378107,1.356800224679798,0.04837555163370576,0.12443450788597317
MVI_40991,17,0,partial,37,8.740987184319224,0.5377418246287238,0.1340485789977755,0.12471237390255624
MVI_40991,18,0,partial,6,14.131784952771133,8.357252121287866,0.3315778495249965,0.7395075646202929
MVI_40991,18,1,partial,33,9.797684034124677,1.4876919515075462,0.2162910134147312,0.044874410431321995
MVI_40991,19,0,partial,40,6.264556763977869,2.293762117955594,0.053732542832361285,0.10597568680426349
MVI_40991,20,0,partial,32,7.013499120880375,3.03199557173865,0.15783526233817338,0.22391438952483653
MVI_40991,21,1,partial,39,8.201331947374305,0.9482047713184566,0.15522269061549157,0.16245806710126734
MVI_40991,22,0,partial,59,11.444945531714247,1.4074221073221511,0.029679319853006467,0.05956349840318982
MVI_40991,23,0,partial,63,11.168560899037791,1.0732112460495826,0.0832419992565728,0.003297062340567872
MVI_40991,24,0,partial,42,6.426986705077662,1.8299100157397772,0.27606952441871263,0.6553117094682605
MVI_40991,24,1,partial,51,1.6969309767903207,6.369239734690506,0.374447641649043,0.47428305168228796
MVI_40991,25,0,partial,57,11.244423036336501,1.3568275550299806,0.003114158263365837,0.1999908127025601
MVI_40991,26,0,partial,117,3.921660823184344,2.183615232688227,0.06884943478447295,0.12859584059734333
MVI_40991,27,0,partial,56,11.639607938897585,3.1630174273273126,0.060656052825048865,0.022631531490211344
MVI_40992,2,0,partial,40,7.258143225087697,0.7419179318481426,0.1679752644713242,0.1411238017324185
MVI_40992,2,1,partial,8,1.4725800694640563,1.8980808914518381,1.8503967874617933,1.852470435099901
MVI_40992,3,0,partial,28,9.475588799703688,1.0940256402369637,0.23036056184688458,0.5124612019959056
MVI_40992,4,0,partial,39,7.42592648925562,1.2883414195605243,0.09346073903989377,0.15504271476043208
MVI_40992,5,0,partial,66,4.582603029859388,2.81265141169294,0.1676390254519267,0.005631942751529524
MVI_40992,5,1,partial,16,0.5304732832905984,19.93733635846513,9.63234616861789,7.46309532870427
MVI_40992,6,0,partial,52,11.93993146399308,1.2338951802085607,0.07797534865504209,0.13083923965483193
MVI_40992,7,0,partial,35,8.218872833565719,0.8908543806715429,0.019513011023022928,0.030326477446761445
MVI_40992,8,0,partial,75,5.7791137746737915,1.3128584309138445,0.03460543961259974,0.04917449511207481
MVI_40992,9,0,partial,64,10.32102288465674,1.9472760114408532,0.0761180328407904,0.09104185831884562
MVI_40992,10,0,partial,40,7.070532160527841,0.912128448876366,0.021573529227845754,0.010089263091775286
MVI_40992,11,0,partial,47,14.032312041996592,1.4306112881832276,0.09953138087180655,0.13681476644631213
MVI_40992,12,0,partial,26,11.118576020943634,2.197603301560433,0.10756806926260457,0.6398636305818186
MVI_40992,12,1,partial,40,6.94345222208482,1.6317911988347735,0.045539507346524705,0.14852343389149839
MVI_40992,12,2,partial,35,2.0787318073902727,3.21025313465357,0.5015667970171235,1.0827339302599903
MVI_40992,13,0,partial,51,12.793759222909815,0.8912006820372029,0.13299786315194095,0.22346177982983684
MVI_40992,14,0,partial,53,11.591773246982891,1.2374328228251488,0.020901637463955576,0.1351989595256661
MVI_40992,15,0,partial,59,10.858748711794608,1.879226381336378,0.05605168219919511,0.08128045281769648
MVI_40992,16,0,partial,58,10.791811173184781,1.641907170323232,0.09687444717059658,0.13501847202957615
MVI_40992,17,0,partial,52,11.385363682108295,1.865563062746864,0.03410756322600595,0.01741646316127797
MVI_40992,18,0,partial,17,12.890778728721346,2.6130819264645386,0.12867082058190088,0.38560331572092493
MVI_40992,18,1,partial,38,9.009803402956662,0.9233795840959071,0.04386841958016082,0.2106197607968946
MVI_40992,19,0,partial,40,6.951814898979592,1.239617178699928,0.21710140149276347,0.246274172160535
MVI_40992,19,1,partial,19,0.6543496397787918,6.04323761936959,3.3772689548083017,4.140000896332052
MVI_40992,20,0,partial,47,14.266834375399126,0.7814647630993115,0.07889481512113407,0.14423418476048702
MVI_40992,21,0,partial,10,10.163482611304707,1.5331675935714546,1.5202139886964299,3.033204272794501
MVI_40992,21,1,partial,44,6.249972624942364,1.1311182820652887,0.02347688881149159,0.07044467695742267
MVI_40992,21,2,partial,43,1.7435803613331946,3.2875894040933593,0.02727315724983346,0.535992120453127
MVI_40992,22,0,partial,58,11.131984730592297,1.9659285652795546,0.07724707528429164,0.2007743928031802
MVI_40992,23,0,partial,46,6.47736880199225,1.475027324980108,0.06674877580344597,0.2631743231848327
MVI_40992,23,1,partial,32,1.1482832871346267,7.565701911588454,0.9766782238145097,0.2402286963933749
MVI_40992,24,0,partial,54,11.98990810561928,1.1808326742059143,0.08160452414486613,0.11835696396768207
MVI_40992,25,0,partial,32,8.410415621285873,1.4113860412993646,0.04074007329647507,0.4323214093506361
MVI_40992,26,0,partial,39,7.0608689708919385,1.0732637810298624,0.16174943020609095,0.22534881546612517
MVI_40992,27,0,partial,44,6.7316770486071125,1.009612144778067,0.03221482616655706,0.19299879145762103
MVI_40992,27,1,partial,11,0.7996778495342196,3.6526498163640135,3.369006752598016,6.595384199162631
MVI_40992,28,0,partial,59,10.832045894966557,1.4118250243669523,0.17773221103620365,0.21106230397372625
MVI_40992,29,0,partial,63,10.00761198995613,1.7424881015508076,0.06407144595831896,0.08127398865845033
MVI_40992,30,0,partial,85,4.909530523309867,1.3576928070014265,0.003970845081124569,0.016634542356950468
MVI_40992,31,0,partial,63,10.16578525084615,1.338428302707176,0.09916057419228136,0.15508213838372156
MVI_40992,32,0,partial,43,15.561090622681006,1.1948602030525113,0.1089513598092043,0.11581487596924668
MVI_40992,33,0,partial,128,3.1385607858313054,3.0570631638948185,0.048674062433197135,0.08763306761656808
MVI_40992,34,0,partial,61,11.226879298788226,1.6165938796423416,0.0451356327089472,0.13265532965323087
MVI_40992,35,0,partial,64,10.550594014131555,2.026659272424636,0.0327788109219422,0.0973713806970295
MVI_40992,36,0,partial,11,7.568988213330087,2.46726032643413,2.444017462738948,4.849752987631481
MVI_40992,36,1,partial,67,4.045262253953087,1.2564724741648972,0.0013118601627510223,0.19366425836890855
MVI_40992,36,2,partial,47,1.5771569001637702,2.986504018509275,0.05791954301318553,0.11914107472026612
MVI_40992,37,0,partial,91,4.046110360133135,2.9471786395311637,0.025027860173990404,0.05422738023106506
MVI_40992,37,1,partial,35,1.6983032649301129,1.7740111467690427,0.16964303003260583,0.19680659979893297
MVI_40992,38,0,partial,62,10.126902491712045,1.8063516156492352,0.028390640831492998,0.06558806370344572
MVI_40992,39,0,partial,76,8.057709164151147,1.661153739728628,0.0457888004482713,0.09920865620685093
MVI_40992,40,0,partial,49,5.513988730533832,0.7391632513560872,0.016055459666880007,0.0848392920149736
MVI_40992,41,0,partial,52,11.768598728470439,1.5476032371662414,0.1361828160686903,0.16361180618255813
MVI_40992,42,0,partial,55,11.356550849755381,1.1611462670025254,0.09726558297901743,0.1217223386064829
MVI_40992,43,0,partial,38,7.633374487862103,1.386617925266591,0.10926423653167779,0.24630209663007788
MVI_40992,44,0,partial,18,10.099634391016528,1.3039564441050706,0.6616805721365779,0.8019041057767354
MVI_40992,45,0,partial,20,17.974384674510986,3.157487277404818,0.03238183366395603,0.4237085057197462
MVI_41063,3,0,partial,11,5.598448627001373,0.7826311989743595,0.7718920859867928,1.5413191685491259
MVI_41063,12,0,partial,65,12.919559533561278,0.6273662892868096,0.01108526951355048,0.03453219975132154
MVI_41063,18,0,partial,30,14.116699655178898,0.38482431063624095,0.05868669269909773,0.017187752153961105
MVI_41063,20,0,partial,61,13.268374754657016,0.9857044758952497,0.030165356585630784,0.06332081731644625
MVI_41063,22,0,partial,61,11.875464993071507,0.650224302252543,0.024107311132768722,0.04383948491881706
MVI_41063,23,0,partial,65,12.812919355647606,0.7233543290611031,0.019852184796119346,0.050735839464307535
MVI_41063,27,0,partial,15,5.636258345211736,0.9197575033421559,0.0016096349512505965,0.10278147463877348
MVI_41063,28,0,partial,62,12.993941260667514,0.6028088709671848,0.017313812933880596,0.021282309254961954
MVI_41063,32,0,partial,21,18.037587974052936,0.3283532190128326,0.00574656408553168,0.08830780157192106
MVI_41063,34,0,partial,81,10.38377477242865,0.40791209737658096,0.018599470884937616,0.039540571800209465
MVI_41063,35,0,partial,65,12.994997584281327,0.73050754141815,0.019621721135912058,0.040530561737916235
MVI_41063,38,0,partial,9,4.477088845484292,0.06130837748014366,0.01591522351240272,0.020092043402003386
MVI_41063,39,0,partial,64,12.921563645412569,1.08619584535548,0.019614710187341167,0.02264960381508825
MVI_41063,41,0,partial,44,9.326404604214359,0.6659029109943317,0.018144858950394527,0.02504464744548825
MVI_41063,43,0,partial,30,8.675384795441243,1.9814907533251571,0.14061698674139025,0.010086647755060203
MVI_41063,44,0,partial,63,12.947175795765915,0.5531774049673553,0.018410498526503474,0.05235518334011215
MVI_41063,46,0,partial,39,14.598715378657076,0.17613144967317557,0.03604576724072798,0.0510846061909241
MVI_41063,47,0,partial,67,12.570032193977724,0.7910310309851964,0.035218526647186506,0.06499190170915113
MVI_41063,57,0,partial,60,13.253887077016866,0.3957891121532828,0.030183248479965282,0.03613664608927981
MVI_41063,59,1,partial,42,7.359554181359855,0.4397500945633017,0.013616513386092835,0.020496707579011033
MVI_41063,61,0,partial,27,10.889369424357708,0.7798994982817776,0.10913183165888057,0.1327669196024859
MVI_41063,64,0,partial,61,13.72570065727962,0.2703226439915788,0.03810733185038198,0.03503581085438721
MVI_41063,68,0,partial,20,5.075387754042313,0.5500468735233832,0.032865033718216786,0.03580318088441042
MVI_41063,71,0,partial,65,12.819999366881195,0.6652922822674602,0.03280880831819446,0.03384043685680777
MVI_41063,76,0,partial,64,12.77473522918672,0.46124814065409825,0.0422955508885354,0.05871725119373174
MVI_41063,78,0,partial,39,6.572474123154258,0.716880804073261,0.034771823444734874,0.016174565440636956
MVI_41063,79,0,partial,61,13.328045886170111,0.4695931256496308,0.019928911628350122,0.03181686767192095
MVI_41063,82,0,partial,11,11.592866568906867,0.6990523796827499,0.059896820556576705,0.07329921829781992
MVI_41063,82,1,partial,27,6.188917971241883,0.6538604387223613,0.12313514248445061,0.24519575775296967
MVI_41063,84,0,partial,19,8.304989400756405,0.5810038249457348,0.005736319231302937,0.04791373821339961
MVI_41063,86,0,partial,40,14.485483037411223,0.33931718138699385,0.009638757034770703,0.035710418522000846
MVI_41063,87,0,partial,72,11.422381074597006,0.8401445622215407,0.0328175233448558,0.02194562643729327
MVI_41063,93,0,partial,66,12.547361782744767,0.4651540574463921,0.01764125176006111,0.03302937879201784
MVI_41063,104,0,partial,61,12.963892395179949,0.2517772990772217,0.022873643235310288,0.018402130037038167
MVI_41063,105,0,partial,64,12.745233288060753,0.49445136929925215,0.00798789553852759,0.003560277078261126
MVI_41063,109,0,partial,65,12.94158895146656,1.1768540782663843,0.010474722076156389,0.011235359234131537
MVI_41063,110,0,partial,9,5.941434115664936,1.214730166512373,1.1917625742254851,2.383906318060673
MVI_41063,111,0,partial,54,7.872950927697225,1.047885795857263,0.052771556569429716,0.04544471373041086
MVI_41063,113,0,partial,17,9.90457847944209,0.8018061448757782,0.04161161610541904,0.17020641104840162
MVI_41063,113,1,partial,22,3.3934883775370794,2.0181189715301815,0.4788075473912878,0.44093923667302004
MVI_41063,117,0,partial,63,13.061470930466296,0.584391414999257,0.041037814754308836,0.0031382300044359318
MVI_41063,121,0,partial,65,12.785683676044432,0.6101805268538075,0.026278856816754202,0.05463467081423408
MVI_41063,125,0,partial,71,12.232216345867784,0.7664465249084423,0.008114447648542534,0.003681274692934643
MVI_41063,129,0,partial,58,13.574455108728868,0.31661579159488085,9.742225482362923e-05,0.013543522576244022
MVI_41063,130,0,partial,53,8.089707034115754,0.41928427573265237,0.03450759366998003,0.06712475933025451
MVI_41063,131,0,partial,66,12.939182138929157,0.5134524119624644,0.030527514353033334,0.02264162813605708
MVI_41063,132,0,partial,36,13.520081609282737,0.30812444149846074,0.06770982301515509,0.06526195501481417
MVI_41063,133,1,partial,8,5.371738920294581,0.7191895655689942,0.6939299867482506,0.7134406516347602
MVI_41063,139,0,partial,44,6.592874135044461,0.8861935053458364,0.06947706194036447,0.10276583226205174
MVI_41063,140,0,partial,61,13.57163610001834,0.4987781915906939,0.05503106338971472,0.046141601163124844
MVI_41063,141,0,partial,19,20.285089826118966,0.4028797501197684,0.0031398198646124193,0.02053089345621897
MVI_41063,142,0,partial,20,17.32669471352354,0.4104761295681716,0.03452995126966869,0.07085514070262551
MVI_41063,142,1,partial,41,6.578242631489587,0.6349312659031554,0.1136668125612246,0.0818514000129487
MVI_41063,145,0,partial,21,5.1889873910536375,1.1007042611122868,0.02842859438773786,0.061334997467963163
MVI_41063,147,0,partial,65,13.079421750635616,1.244374100687764,0.0007406378482060008,0.008687856068462823
MVI_41063,150,0,partial,64,12.911178233471643,0.47201025315087125,0.01685585614671938,0.012639301743585692
MVI_41063,154,0,partial,67,12.6074110028752,0.658417124922327,0.001104529862976208,0.030423539432446092
MVI_41063,157,0,partial,80,10.876349456515062,0.42272430282222156,0.022703414563997767,0.0180580789881065
MVI_41063,158,0,partial,31,15.195304076222705,0.4561323659205744,0.041649092550336934,0.009139502916048571
MVI_41063,160,0,partial,51,14.507178708031656,0.4391030617008085,0.03629533880713951,0.044353394405210925
MVI_41073,7,0,partial,57,13.431376195146697,0.8265465099494544,0.024156445384173938,0.014312652473533685
MVI_41073,11,0,partial,58,13.820286936298011,0.5598724087718453,0.02114041594350624,0.04600235570027066
MVI_41073,12,0,partial,49,6.525385021352157,0.5147083508575583,0.02715324314718077,0.031688115450327986
MVI_41073,12,1,partial,15,15.112642926163243,0.22948466294860123,0.15319766231590098,0.1623018945503214
MVI_41073,14,0,partial,59,13.75850532854074,0.5954217092408423,0.04194988191433676,0.05049642682853438
MVI_41073,17,0,partial,66,13.101211162708793,0.4820502137627011,0.013167817369436917,0.010745080132467328
MVI_41073,18,0,partial,60,13.323053304439597,0.5447305579354531,0.00524138049305176,0.03832325452069304
MVI_41073,20,0,partial,27,7.741136025154299,0.6705277733368974,0.03813488276158292,0.019461798040650596
MVI_41073,29,0,partial,61,12.93596307500028,0.26641525555950685,0.005013973548154422,0.0051124665243072985
MVI_41073,40,0,partial,61,12.806907281444788,0.4576165152583083,0.023975226178156745,0.03450134510453395
MVI_41073,41,0,partial,51,8.659262578668045,0.5376140467029433,0.014421786544824037,0.015699886543043527
MVI_41073,44,0,partial,38,14.80772881956056,0.40035085500014045,0.0008869059748058051,0.01566970395308243
MVI_41073,46,0,partial,42,16.07782149615089,0.40410835180310767,0.037070454179237995,0.06349449782525848
MVI_41073,47,0,partial,57,14.378389057099728,0.8074627809461887,0.027787898508898814,0.05519893236477289
MVI_41073,53,0,partial,52,14.904286191045658,0.5920135566637083,0.01886943011861144,0.01664746122334862
MVI_41073,55,0,partial,21,4.657355767073529,0.23881378533239705,0.134328726402731,0.14644978193102032
MVI_41073,61,0,partial,21,5.650804671835166,0.26248528227517265,0.07638514063692067,0.057263877903812835
MVI_41073,63,0,partial,63,12.680036810890032,0.7751553648892593,0.04862363600968365,0.05543920256354241
MVI_41073,66,0,partial,46,14.735710770282571,2.2451515791479233,0.05268610662279839,0.0030431652835292687
MVI_41073,72,0,partial,56,14.149143627117269,0.750883504444439,0.0321664108940488,0.033583352622793286
MVI_41073,76,0,partial,66,13.026563638158564,0.4029954665345587,0.018960051026078336,0.03326877129154831
MVI_41073,80,0,partial,41,8.356621025531044,0.5487192391956603,0.012522846449752153,0.020172646554941893
MVI_41073,81,0,partial,71,11.388257107390034,1.4905376879555194,0.004277721325011049,0.019186542077344604
MVI_41073,83,0,partial,51,14.715574297061208,0.742666509669128,0.015116539775036908,0.027323502161503206
MVI_41073,84,0,partial,67,11.695346630695177,0.7967450926445642,0.03906844511875286,0.06289131801585461
MVI_41073,90,0,partial,71,11.343500384036513,1.290620097407024,0.007499880662281562,0.03275061941152897
MVI_41073,96,0,partial,64,12.006002663075533,0.8087239148715796,0.02028743179672461,0.018141442011954514
MVI_41073,98,0,partial,65,12.356412302014714,0.9259749751241937,0.03280243033995828,0.06756248380450039
MVI_41073,104,0,partial,65,12.653458283213851,0.661902333568775,0.002856861683345102,0.011179009770810735
MVI_41073,105,0,partial,48,12.466796694897344,0.44544248627386573,0.028489160476573194,0.02071502726804911
MVI_41073,106,0,partial,41,5.556452130179436,0.6768584127051497,0.0292446370240868,0.033687130524888656
MVI_41073,111,0,partial,61,9.688281451904656,0.8164044257262167,0.039338048516822204,0.03670873436309792
MVI_41073,116,0,partial,68,11.940763805036761,0.46469511029481964,0.015949067354770998,0.03480447541254104
MVI_41073,121,0,partial,69,11.777472171976731,1.1589923268112634,0.020859787954307634,0.03938016034058141
MVI_41073,126,0,partial,68,11.937775555271497,0.7657356059456124,0.011971792576968721,0.02328000439854293
MVI_41073,134,0,partial,64,12.660116167967454,0.45432395888517635,0.011109403485936533,0.026192813818772025
MVI_41073,136,0,partial,51,7.39964040961207,0.25054967570306114,0.022113698625909665,0.032604631126843635
MVI_41073,137,0,partial,64,12.700746943540262,1.0100547036893828,0.005670619375530649,0.023866015444297763
MVI_41073,139,0,partial,22,10.856662252648679,0.6409096412982023,0.046110426283098124,0.04957820400845223
MVI_41073,142,0,partial,64,12.636610794886968,0.7440159146372031,0.01467524646404615,0.0018452301340662338
MVI_41073,143,0,partial,19,17.7399433483576,1.2919423666906025,0.8819403933619219,1.0205716874823234
MVI_41073,151,0,partial,63,12.434898444407517,0.6225925076199196,0.033335107410941006,0.010143199809909924
MVI_41073,154,0,partial,19,21.29686235433733,0.16029849109698274,0.01779008853704611,0.03119165473079244
MVI_41073,155,0,partial,21,4.210762057530508,0.3889010963048476,0.2630062224504305,0.3376452161341069
MVI_41073,155,1,partial,15,17.305501400156082,0.5839127875806074,0.3015338988698767,0.37784228035928347
MVI_41073,159,0,partial,65,12.288161232838975,0.46480888723263053,0.007794083715873865,0.02224183660947676
MVI_41073,167,0,partial,60,12.598102960629447,0.44555494862953793,0.03545507910313844,0.04793723089482419
MVI_41073,168,0,partial,11,5.590804004782686,0.7482259987420701,0.6101753890496242,1.1290094074429786
MVI_41073,169,0,partial,36,20.14342550661888,1.1214348722662706,0.09073188376929689,0.09550556382279407
MVI_63521,4,0,partial,6,0.4259999999999991,0.0,0.0,0.0
MVI_63521,6,0,partial,99,1.1257380051579144,5.877435249761322,0.3863866223720209,0.4562200235941914
MVI_63521,15,0,partial,81,3.87890128861046,2.232603240487669,0.17924429334515882,0.21226282942462782
MVI_63521,25,0,partial,18,0.2410745647814742,27.942681715763804,9.224156892114337,22.20271361125019
MVI_63521,25,1,partial,21,0.3030260567763739,33.812350401179835,0.0060339486673478705,9.307356836343331
MVI_63521,25,2,partial,19,0.21747757010653002,23.46924694408041,2.3592483174233205,23.605414785704248
MVI_63521,25,3,partial,8,0.22466034336909793,32.79355083375052,24.102771964467376,38.417584106934655
MVI_63521,25,4,partial,17,0.312691484508477,19.004652671997974,5.582047255195188,14.355961265801671
MVI_63521,39,0,partial,19,0.262192647374737,10.027263499069974,1.5349734093456413,4.347641544036466
MVI_63521,46,0,partial,101,1.2207271375300306,4.815447020199482,0.1592209039066333,0.1770610346744996
MVI_63521,48,0,partial,11,0.4257002497873887,5.070690708300513,4.488228063039206,3.100078532832009
MVI_63521,50,0,partial,41,0.37146176105340734,12.207148927458176,0.7416791468545193,0.08914331870841359
MVI_63521,52,0,partial,21,0.613115720912907,15.776087606739969,0.055828068635944715,3.0729129301912588
MVI_63521,52,1,partial,89,1.2632072969736956,5.402362190765718,0.004344809562975691,0.03878293257680892
MVI_63521,54,0,partial,101,0.889543029995865,18.174059970365178,1.553685366034269,1.8733410185923818
MVI_63521,54,1,partial,102,4.661241465270592,3.06187946348403,0.24278810555726119,0.3318810479263038
MVI_63521,57,0,partial,76,0.5990760485382332,12.185417415354795,0.4111153698892541,0.12727004647385912
MVI_63521,57,1,partial,33,1.2157447818748826,1.0869917664699065,0.023746874596179763,0.17737362333286522
MVI_63521,61,0,partial,21,0.4026767192859662,4.620578101511624,1.224552349486849,2.5074907267414797
MVI_63521,63,0,partial,126,0.8182902702584058,14.42463465111767,0.21701624860999666,0.260322523636837
MVI_63521,63,1,partial,21,0.4550684646755071,10.036652881805768,1.3627526563757917,1.582983906420776
MVI_63521,65,0,partial,17,0.2729183374807381,25.997502398156104,2.8225746651802766,8.803782573102751
MVI_63521,65,1,partial,18,0.4649814037850059,3.2808928619197864,0.1594414860018242,0.24784789923150247
MVI_63521,67,0,partial,31,0.6545038645089879,6.365317080354635,0.1646458772115005,0.7762032347630831
MVI_63521,77,0,partial,44,0.6078850957905518,6.505851007301717,1.143142363893136,1.389998827461376
MVI_63521,83,0,partial,25,2.855679184891406,1.061066443322496,0.2359081588606687,0.4857461048289409
MVI_63525,6,0,partial,11,0.9662031354309857,11.497602476177102,11.403428815944213,18.957230910677655
MVI_63544,1,0,partial,11,7.162418595879027,6.705655536283963,6.696163963358863,12.641697193130188
MVI_63544,2,0,partial,16,16.86726796983302,1.3740602985593948,0.45283852229871013,0.48727577934610744
MVI_63544,3,0,partial,56,9.460327375636416,1.6201712286087717,0.023161749363635596,0.06717432364825066
MVI_63544,4,0,partial,119,3.025000730804489,0.90315102059328,0.11743489154705453,0.21089618706768365
MVI_63544,5,0,partial,88,6.543824326467685,2.1053327170836678,0.01631523027626253,0.019387469124750183
MVI_63544,6,0,partial,30,4.162101883571052,3.20573833702655,0.4160697655776564,0.09110699889489252
MVI_63544,6,1,partial,53,9.966330921673537,2.6561489108722025,0.020462364683178635,0.06734162052903188
MVI_63544,7,0,partial,148,5.309194613362164,4.067201434807595,0.022229383974836283,0.03800508566217052
MVI_63544,8,0,partial,46,2.2930781670950036,2.2439616378040825,0.25316265900064366,0.26095902426420897
MVI_63544,8,1,partial,14,3.746444952457277,1.784201547108414,1.0507469634714894,1.7007327845654803
MVI_63544,8,2,partial,11,4.473423780592794,0.8019115660375054,0.6576923901315045,0.7504336013180412
MVI_63544,8,3,partial,62,8.008037166155463,1.6289290767749145,0.0686693164860472,0.13735516528854003
MVI_63544,9,0,partial,96,8.056924551577069,2.0700204188246727,0.00974192997905588,0.0214021878970185
MVI_63544,10,0,partial,48,2.0281246714291954,4.186217272381874,0.27459069331431873,0.5974388924314933
MVI_63544,10,1,partial,107,6.179075743513097,2.486836054169164,0.044496541036588434,0.09314159026012739
MVI_63544,11,0,partial,121,6.990287995631602,2.342985330941377,0.027762876832430346,0.009083197720232061
MVI_63544,12,0,partial,84,6.257735426338861,2.470148789973902,0.08311923888988262,0.09479469088741797
MVI_63544,13,0,partial,39,4.220527042699047,4.11686263254244,0.34620986804724396,0.6744850583575195
MVI_63544,14,0,partial,12,18.51335067042591,2.9093357009408227,1.118000931678729,2.289390581141276
MVI_63544,15,0,partial,30,4.276080618754066,1.107134010400766,0.18841042867786423,0.39081833243398056
MVI_63544,16,0,partial,8,27.866985197518268,0.957988405640685,0.9563467911898457,1.107062864186555
MVI_63544,17,0,partial,12,21.89564005583243,1.9285924622862909,0.7757289162177368,1.106820162505058
MVI_63552,5,0,partial,36,10.33817086908283,0.8820327837978859,0.027321047613092293,0.0007681685890923172
MVI_63552,6,0,partial,12,14.490626620579137,5.749140854773857,1.9940010088460285,3.459996486924474
MVI_63552,7,0,partial,51,14.775766246815543,1.3827914414137807,0.0008150312014075521,0.10826323442784469
MVI_63552,8,0,partial,31,16.916248670628487,0.5979115080637244,0.03640492141212342,0.146886451527636
MVI_63552,12,0,partial,57,12.195680671083613,0.809609686351136,0.008231171007185291,0.01510074242332737
MVI_63552,13,0,partial,42,15.923244546649357,0.7919618834998525,0.012181104233745462,0.0625540397003253
MVI_63552,14,0,partial,6,11.741168435688945,1.0385045868011429,0.5761889321210285,0.8033612942604609
MVI_63552,18,0,partial,61,11.838810144700195,0.8428195733445283,0.04029754166281051,0.0993960139957486
MVI_63552,20,0,partial,55,13.798586864634384,0.803769616734934,0.12267734012154403,0.16896410921753663
MVI_63552,21,0,partial,21,9.628751515141884,1.2545016708030157,0.33484977545692385,0.3590572592335636
MVI_63552,23,0,partial,58,11.996733783031463,0.6329611693635568,0.04139490403178703,0.04639755734698179
MVI_63552,28,0,partial,11,15.985040893989,6.4487114375038175,2.0089876984489905,3.4898484123701174
MVI_63552,29,0,partial,10,14.209099988920721,29.802077154058615,2.688190119726404,11.006192011265512
MVI_63552,31,0,partial,50,9.966342166529126,0.6270038507532134,0.0459025740377262,0.10521295671162893
MVI_63552,32,0,partial,25,6.622365702239878,0.8307246053780936,0.06413072716145915,0.16446298522222122
MVI_63552,33,0,partial,47,14.533585950347804,0.5015623557489112,0.0028832381721343335,0.005554872048736812
MVI_63552,34,0,partial,49,14.91093219703751,0.6318393667982528,0.012496706499713864,0.029875386740080567
MVI_63552,36,0,partial,16,13.268702052678767,2.247979010828409,0.7933337534630331,1.034159237501245
MVI_63552,37,0,partial,44,9.897114842993242,0.7678037795358037,0.142341317232401,0.20539591792430387
MVI_63552,38,0,partial,50,14.202660799920295,0.6657410553143448,0.07301547131431384,0.0927509494869564
MVI_63552,42,0,partial,10,18.509036837938783,0.8491511103515157,0.06530692549072001,0.2545197473082965
MVI_63552,46,0,partial,7,22.98245516059276,2.5897265042192266,0.5175344673402986,0.7203927832119805
MVI_63552,48,0,partial,59,12.479103147261057,0.7959804278898434,0.01378691338427243,0.02807594643007583
MVI_63552,50,0,partial,13,14.801430641856973,1.116418941003871,0.19341529968845741,0.6732420767536034
MVI_63552,52,0,partial,55,13.226992431489585,0.8402659490090166,0.002012712290496221,0.011364702483476298
MVI_63552,53,0,partial,17,10.584459134486815,3.570370184290432,1.143955607638967,0.009137831692410942
MVI_63552,54,0,partial,71,9.688048672815288,1.0598864960897447,0.0298184973708501,0.05056151276985459
MVI_63552,55,0,partial,71,10.416321509896505,1.2218212009015152,0.011858413537878207,0.029297917917093342
MVI_63552,60,0,partial,54,13.810138189170774,0.9002939357277474,0.07694441037461425,0.11279709316362638
MVI_63552,61,0,partial,71,10.893450430629825,1.4063884150934023,0.03525672976591502,0.023250561789307126
MVI_63552,65,0,partial,12,15.504747084799044,3.0786092891559638,0.872763432511558,1.3756801042507103
MVI_63552,66,0,partial,52,13.592784430686423,1.0584169776758294,0.044150560450226146,0.11011164976677855
MVI_63552,68,0,partial,11,14.137720909733863,5.504262831912357,1.8576699505658774,3.988740652786277
MVI_63552,69,0,partial,63,10.761720934346343,1.0912520985317173,0.0745855988865017,0.07066678998901475
MVI_63552,70,0,partial,16,11.8831112501045,2.0173315178907374,0.7378033382634365,1.411822591293765
MVI_63552,72,0,partial,59,11.416220714981124,1.3763097382775105,0.039929005047200025,0.1027787236424384
MVI_63552,73,0,partial,60,12.46523852631783,0.8083989745114745,0.02259089571512291,0.021775146081337713
MVI_63552,75,0,partial,12,17.233903398084582,3.936810269043741,0.9234151016884671,1.406227529394873
MVI_63552,76,0,partial,14,14.504361417071241,3.1725863047760328,0.5365873515770955,0.7600746733025646
MVI_63552,78,0,partial,63,11.94073515957152,1.2055964869583444,0.033241939787875686,0.0631749132950976
MVI_63552,81,0,partial,20,8.203686501007683,0.9871602680704691,0.07917168687529096,0.1086115550417415
MVI_63552,82,0,partial,16,12.313250609319734,1.5158952577543814,0.8434904763507115,0.8638163144005503
MVI_63552,83,0,partial,54,12.713657754119964,0.6587941255605122,0.03973541387216104,0.009883298292636598
MVI_63552,85,0,partial,6,9.711873329077322,3.8876144016666965e-05,6.615553737444115e-14,1.295915924590044e-05
MVI_63552,86,0,partial,53,13.364748619606043,0.6291382101506261,0.02410919985574431,0.06946019049038013
MVI_63552,90,0,partial,56,12.361750176937058,0.7829367249975884,0.0018005452243403854,0.009547766112053295
MVI_63552,91,0,partial,58,11.524498846650985,1.507247950094001,0.02259624235194566,0.01214489176906941
MVI_63552,92,0,partial,16,14.390081246764968,3.5400899481054506,0.6500702854419694,1.0272471985695701
MVI_63552,93,0,partial,20,9.899507043835706,5.497165779811437,1.9350384492774129,0.23307242160476815
MVI_63552,94,0,partial,50,13.637774446769656,0.6232709672165392,0.07479725798853139,0.10453866333664862
MVI_63552,96,0,partial,6,11.20976660097196,0.007315744666237779,2.0355549961366507e-14,0.0009143733928669171
MVI_63552,97,0,partial,10,9.702719351413041,0.67955131954122,0.6632801236004566,1.3254856877565346
MVI_63552,99,0,partial,16,12.476123394092253,3.988053601554548,0.6000184921368201,1.122911389709439
MVI_63552,101,0,partial,61,11.028176532029496,1.1612268808709072,0.00019764897195688412,0.0767598311808288
MVI_63552,102,0,partial,19,11.999026102954618,1.699910510164042,0.43412783053114345,0.957104685344231
MVI_63552,105,0,partial,50,13.211774441221861,1.0917282155405164,0.0227851326778542,0.013738754031481356
MVI_63552,107,0,partial,62,10.96851372561173,0.8542113674434334,0.07132479881886374,0.0788026236361885
MVI_63552,111,0,partial,18,13.498438295710857,2.2901596751201727,0.2991470913841328,0.15232945680363993
MVI_63552,113,0,partial,53,12.038623526237949,0.5248800704722755,0.08797598780246137,0.14389407395084244
MVI_63552,114,0,partial,36,15.666793660988251,0.6197285954441355,0.053200290093383756,0.12705921045014318
MVI_63552,117,0,partial,7,20.611859010351512,2.9092028522822937,1.6321121101319358,2.2193078784482396
MVI_63552,119,0,partial,50,13.753724146143526,0.5382972502860128,0.016813739864797828,0.030040465059360894
MVI_63552,120,0,partial,31,16.42568482995783,1.2203478375084307,0.20334442396123173,0.18119911671436964
MVI_63552,122,0,partial,54,12.95858833324547,1.111531552510295,0.0246629074745986,0.10476623416591856
MVI_63552,123,0,partial,14,16.508613757480656,3.4757575679418276,1.551127381659587,1.9707618965433098
MVI_63552,124,0,partial,51,14.233057296788424,0.8926421246034592,0.021015695862149464,0.10066953279698948
MVI_63552,127,0,partial,55,13.100344284117975,0.7579503445259144,0.08670677563108908,0.1644595716571374
MVI_63552,128,0,partial,7,17.028563847271105,3.3291264417608364,1.7689315238248007,2.4733933935082546
MVI_63552,129,0,partial,55,12.40634428778379,0.9838311492423973,0.05356157037081348,0.0617265625580018
MVI_63552,131,0,partial,14,16.467412155675298,1.0132402206129303,0.2316048837918271,0.3658206325019689
MVI_63552,132,0,partial,56,12.388640835547365,0.7416580617066002,0.03221521067677925,0.005373592156361005
MVI_63552,133,0,partial,11,8.261723429239456,3.5843946833323104,0.8126443093811945,1.6733956975618527
MVI_63552,135,0,partial,16,14.669899212585168,5.6636796799046785,2.430594869719342,2.148649565463656
MVI_63552,138,0,partial,53,12.94338054571779,0.5464091098641938,0.03492002115744222,0.0668189175432624
MVI_63552,140,0,partial,12,14.778737291839342,2.7147072122032636,0.8990123197460451,0.8129372791390813
MVI_63552,141,0,partial,46,15.909808503619617,1.0059749109001952,0.012557482790683406,0.001526085768436192
MVI_63552,143,0,partial,37,15.038509628225022,1.1082501859999094,0.022308642729634474,0.02027280323914779
MVI_63552,145,0,partial,31,18.340444449182698,0.905412781909575,0.04778267003194991,0.12480804106209369
MVI_63552,146,0,partial,10,16.685997606285127,0.19768481810807506,0.1850416513966659,0.37102178993349016
MVI_63552,149,0,partial,10,14.429554334664068,6.2906167917590325,1.8259392754604395,3.9355837970290555
MVI_63552,152,0,partial,13,16.141417861992014,4.417557895629112,0.44990029278723837,1.0845651554140052
MVI_63553,5,0,partial,8,16.359665042752255,0.4414369479086087,0.43779034290934915,0.6174567292968645
MVI_63553,6,0,partial,46,6.23024028574298,1.1070791760170677,0.09770809767940257,0.20225242759006706
MVI_63553,9,0,partial,76,10.63549409594272,0.760704926992386,0.00462403578019283,0.00549930192946395
MVI_63553,10,0,partial,36,14.832174306402184,0.4025248064601558,0.012844930448766398,0.004694282606968577
MVI_63553,13,0,partial,9,17.27853008197777,2.2325194486017037,1.6451584701529747,1.3359967400583213
MVI_63553,15,0,partial,65,12.888631302552335,1.2383656093678999,0.04506158664097666,0.01910224831148786
MVI_63553,16,0,partial,40,12.749741045688495,2.093198016337047,0.5279414566352576,1.0670335721184379
MVI_63553,17,0,partial,73,10.71985536103805,0.6429082249043968,0.009947805714960452,0.048473879245731606
MVI_63553,18,0,partial,64,12.4528908909857,1.198698332941951,0.08694183710017633,0.11696334153660509
MVI_63553,23,0,partial,31,14.893940089363012,0.2708105806504639,0.014706195018578132,0.04233019196695804
MVI_63553,24,0,partial,67,11.69821597853301,0.926378576193191,0.04560647483281637,0.0479082299244448
MVI_63553,25,0,partial,22,12.282712003577657,3.8119992873379993,0.0703835115318436,0.13807261151854613
MVI_63553,28,0,partial,60,12.944598916427685,0.6209916121952725,0.054547437864929056,0.06628059204823024
MVI_63553,29,0,partial,52,8.840094497539656,0.9157461034912437,0.06592830784393017,0.06839418703573599
MVI_63553,31,0,partial,70,11.411094809679676,0.9337631853098266,0.0808846566011969,0.12552884410177068
MVI_63553,32,0,partial,38,6.564859450062154,1.3291164201576173,0.12616779107255066,0.2425491948683881
MVI_63553,33,0,partial,23,10.815665671653932,1.7288875930087841,0.11976988851001731,0.11169158371705949
MVI_63553,38,0,partial,60,13.297496962369475,0.815391215247104,0.034452963655230144,0.06994416117643533
MVI_63553,41,0,partial,44,7.037486395015024,1.0330286170161096,0.03197008701420645,0.1050655393493678
MVI_63553,42,0,partial,59,12.777435530957735,0.6923385494956915,0.0024691597400876173,0.025195897905987755
MVI_63553,43,0,partial,29,17.255679230026185,1.100790890530378,0.09747784818619432,0.18642940552640191
MVI_63553,44,0,partial,16,15.294087490632965,1.1800960684041732,0.8163392203473004,0.7303539644055017
MVI_63553,48,0,partial,66,11.960510713634568,0.7242000821084709,0.05002476111379453,0.07462615197886056
MVI_63553,51,0,partial,64,12.256935695102051,0.7559669982265602,0.02337485257607736,0.011504659424840049
MVI_63553,52,0,partial,11,19.590278632109953,2.3451620056074463,2.3401425438971537,4.172417178683327
MVI_63553,54,0,partial,64,12.213451861781765,0.6979136359620671,0.004539937047719726,0.018256844317942608
MVI_63553,57,0,partial,66,12.134820794469924,1.1484202272995474,0.017524730941916696,0.02994524184756774
MVI_63553,60,1,partial,17,7.809811378519509,0.2509974942378485,0.004654237298075034,0.011643363768467613
MVI_63553,62,0,partial,64,11.703474661523014,1.0945442188902867,0.06863866419341473,0.07595117369921683
MVI_63553,63,0,partial,14,15.861254418029082,3.9533939820849278,1.4859706605921008,1.8202398239603572
MVI_63553,64,0,partial,70,11.705751793075656,0.8180149101714539,0.007734747134899028,0.023166501308615806
MVI_63553,65,0,partial,71,10.746680310001645,0.46574872236586945,0.004270382309992832,0.008133689169598605
MVI_63553,66,0,partial,20,12.131869389239052,4.595785915000259,0.19198119189924906,0.6124086919284919
MVI_63553,67,0,partial,72,11.249446557636654,0.9755747628800563,0.03282506209760497,0.014746452707474347
MVI_63553,70,0,partial,70,11.465684020398399,1.2420191978498203,0.04386943587491922,0.0816203840845655
MVI_63553,73,0,partial,49,13.167432480154991,0.7469185270493012,0.012545986754426116,0.08985361417300007
MVI_63553,74,0,partial,31,9.927592930376726,0.9962802690936313,0.022525063792019608,0.08079977035641477
MVI_63553,75,0,partial,14,16.632662253395697,1.9821720661198796,1.2495475265190532,1.2914519182938562
MVI_63553,76,0,partial,60,12.844030092935308,0.9923106902592037,0.013132295274239656,0.047179486996190546
MVI_63553,78,0,partial,16,25.656493304798193,0.7936051251437112,0.25076970214557587,0.3226587075953564
MVI_63553,79,0,partial,59,13.258028584625437,0.705215951113268,0.04661164471592245,0.02848716072643939
MVI_63553,82,0,partial,9,14.54222109372396,5.68228345659329,3.1465402372525797,2.029191133892274
MVI_63553,83,0,partial,21,5.539899922954554,0.7872023656201537,0.2113490464822423,0.589555213172689
MVI_63553,84,0,partial,67,11.79100287435229,1.5174592888897795,0.06541816256903829,0.06328961562072878
MVI_63553,85,0,partial,58,12.32340837231486,0.6741989256060362,0.006923853251528888,0.013271872212102041
MVI_63553,86,0,partial,69,11.605620752468937,1.2114364104049626,0.0190408160843821,0.03097567721251354
MVI_63553,88,0,partial,14,17.121771974135022,2.8172467094267355,2.417667461880623,2.4691503728283917
MVI_63553,91,0,partial,15,15.118384911122147,0.9992194293485918,0.8481047928955887,0.9800213308617554
MVI_63553,93,0,partial,64,11.34546619552267,0.5913682389202721,0.01976501301010689,0.04788634076388106
MVI_63553,95,0,partial,15,18.319210557557735,2.129098681619679,1.0786083544687965,1.2968020435090442
MVI_63553,96,0,partial,58,13.494636429388542,0.452145618866479,0.03044894993359016,0.04315349376435556
MVI_63553,97,0,partial,29,14.580578304447316,2.1074283992524214,0.14661020063174782,0.31793166038958465
MVI_63553,99,0,partial,19,12.963279592189934,2.6770597760090737,0.43641700484249407,0.025951622632525054
MVI_63553,102,0,partial,57,10.174390009270171,0.5807603861179953,0.011818422981571947,0.042313289113002396
MVI_63553,103,0,partial,72,11.24444888116836,0.7473264503114575,0.04899219766714497,0.03736205101675825
MVI_63553,105,0,partial,60,13.989626554853471,0.9676861216178594,0.08715516996775399,0.07322713340424787
MVI_63553,107,0,partial,15,15.512188952320214,1.441289097736359,1.1816949625339077,1.0146388632159395
MVI_63553,109,0,partial,66,11.497417440630988,0.7102175240017325,0.022188537722251076,0.01590674978611257
MVI_63553,111,0,partial,7,5.488615831260925,0.24380502413429575,0.10832032616895704,0.14195105929232632
MVI_63553,113,0,partial,59,13.522065352913149,0.4708196150458796,0.07571247014236927,0.1072232945629401
MVI_63553,114,0,partial,11,15.634844693588922,2.954177781313117,0.2965348794625146,0.7028574292867271
MVI_63553,115,0,partial,71,12.627678939187081,0.7476053744200973,0.030593184380301626,0.01561468275296651
MVI_63553,116,0,partial,11,10.047935073354108,3.210193271856869,0.410459014821729,0.7732711624376771
MVI_63553,118,0,partial,86,9.935818050733143,1.1004398305304568,0.013766843138570739,0.013916460811864291
MVI_63553,119,0,partial,65,12.229091578624445,1.136529280496653,0.05736852278766851,0.06335480312720347
MVI_63553,120,0,partial,28,11.025958789507241,0.6439286433652769,0.03655845846741533,0.07883790716255544
MVI_63553,121,0,partial,68,11.31661122460391,1.4545329665826623,0.042977277744900844,0.090446572837553
MVI_63553,123,0,partial,45,7.982817059489009,1.2520466301493787,0.0235352412627966,0.06809727639703228
MVI_63553,124,0,partial,62,12.499204359100952,0.8492147980626874,0.006347083869238031,0.0729517150432266
MVI_63553,125,0,partial,66,13.512690454918603,1.2448721556513762,0.01211515347488202,0.04288394756017485
MVI_63553,126,0,partial,13,14.903684264830574,2.216620490613288,0.6762424796188808,0.5293871185513509
MVI_63553,129,0,partial,60,13.241635536441295,1.5462756508253375,0.008707379286772758,0.0074716653826274945
MVI_63553,131,0,partial,11,14.133525142791736,2.187249901661837,1.591739063429793,3.296516523630798
MVI_63553,134,0,partial,66,11.365799677336897,1.3710658171247248,0.03170783027040344,0.08282248746191553
MVI_63553,135,0,partial,56,14.717019304092018,0.5777643438621146,0.020688211603869203,0.021824741909827097
MVI_63553,139,0,partial,63,11.898853918635044,0.8787908971910944,0.016530684637272912,0.03506532729401992
MVI_63553,140,0,partial,34,8.30822643148044,1.1878545790299362,0.08706817194046848,0.23306306057763712
MVI_63553,142,0,partial,14,14.754837370577583,3.699751567587836,0.6501292176415949,1.3737278943784403
MVI_63553,144,0,partial,54,12.401794030999106,0.6768640389584297,0.023828606485822742,0.04064738772085155
MVI_63553,145,0,partial,59,13.314349929619054,0.8348986043862903,0.006323331930016997,0.02956244890187351
MVI_63553,146,0,partial,59,12.432419620791292,1.0691684270889255,0.027509553786910224,0.014399465046630767
MVI_63553,148,0,partial,11,16.580710339321694,2.622016964803087,0.48686051527430935,1.0444053297005438
MVI_63553,149,0,partial,41,19.83130186149945,1.1633520030951914,0.004680596180172371,0.009023473326885873
MVI_63553,152,0,partial,11,18.215704521568572,4.459720207825017,1.5153633678544867,2.6046629858779915
MVI_63553,156,0,partial,57,12.287147122552414,0.9343667635880581,0.04464174858256502,0.015412914524897861
MVI_63553,156,1,partial,8,5.315540021774665,0.0689627359512328,0.05164968479168802,0.05441299931815774
MVI_63553,157,0,partial,21,12.120465020094928,0.6177279147873123,0.014446600786055423,0.18270984507529486
MVI_63553,159,0,partial,65,12.519660295524247,1.4101159432821047,0.004560754918991675,0.03608484953207936
MVI_63553,160,0,partial,66,12.571887870589562,0.6216851485165992,0.013062455959344623,0.035593233120069706
MVI_63553,161,0,partial,9,17.356516433841392,4.229215705050357,1.8662765783885755,1.834752900347578
MVI_63553,162,0,partial,6,10.704099753991546,3.851386195864001,3.8440416439582186,7.410195643026112
MVI_63553,163,0,partial,12,14.047287990837747,2.7021208952976754,0.6202410099801372,1.5156097112007738
MVI_63553,165,0,partial,62,12.330729769729842,0.7723330854300967,0.0431214327275194,0.03556246201137968
MVI_63553,166,0,partial,55,9.71394863534015,1.5645896102884302,0.03149144135922369,0.09686397645975851
MVI_63553,166,1,partial,24,4.320908166156791,3.0378381693047034,0.423342040920593,0.5539290182012071
MVI_63553,170,0,partial,72,9.119832406482288,0.8649415305909633,0.06435782346772985,0.11943124558719873
MVI_63553,171,0,partial,69,10.804766814366706,1.0189198888574216,0.0637948666108822,0.10251044500704269
MVI_63553,172,0,partial,53,13.586778706092922,0.6375600639329172,0.033071391508516144,0.020413627487086507
MVI_63553,172,1,partial,14,6.77648576655472,0.7178686137774671,0.15400617922949986,0.0734570925819514
MVI_63553,173,0,partial,57,13.577908593316957,1.0033133546193669,0.04851602754236449,0.12474204829716444
MVI_63553,174,0,partial,43,13.004999994100796,0.852095705856553,0.06802123675920099,0.012284480270841495
MVI_63553,174,1,partial,19,7.091857078971571,1.5680623049841347,0.2442927572030579,0.1210478753264217
MVI_63553,176,0,partial,11,13.933712960798498,0.9020621068010678,0.31537082582434206,0.35494989516820974
MVI_63553,177,0,partial,9,19.659103941840485,5.241004824547128,1.4032515417707678,1.9973897667301044
MVI_63553,180,0,partial,9,6.028073339967267,0.393335983296807,0.2039055452774615,0.2081905209742456
MVI_63553,181,0,partial,10,19.825264514062454,2.811239282969828,0.6576443126096332,1.3870330219447395
MVI_63553,182,0,partial,60,12.737229211942687,1.2638863124016666,0.007697791274213024,0.03866046643157545
MVI_63553,183,0,partial,54,12.245370456325379,0.9859919155720356,0.016342578270759592,0.012207849671855162
MVI_63553,185,0,partial,32,17.153811737354232,1.1100445418947849,0.008906014802532202,0.030660512867155418
MVI_63553,186,0,partial,21,16.37050680186558,0.5290400295423778,0.02620305381034878,0.03276113214122203
MVI_63553,189,0,partial,12,14.747073767594124,1.811234784228333,0.10427792578823793,0.7701311461397016
MVI_63553,190,0,partial,57,13.808168627472364,1.0653435490918222,0.019858556323561337,0.03885142136616728
MVI_63554,3,0,partial,11,6.253519033063972,0.6393705312148698,0.6077712222344858,1.2178319160712834
MVI_63554,4,0,partial,26,8.130410316420837,0.7846061709100364,0.02716561431694853,0.05068684815246017
MVI_63554,5,0,partial,40,9.001317534170202,0.628228343430341,0.03602472979259924,0.001341613068107876
MVI_63554,8,0,partial,13,17.814839791623946,4.10097240136237,2.623873961835412,4.100392619157175
MVI_63554,9,0,partial,55,13.940816529178639,1.0715117843184272,0.01051280402630593,0.010508346502280677
MVI_63554,11,0,partial,52,13.721629106178028,0.9576280921022872,0.10261056053737265,0.08980661939285937
MVI_63554,13,0,partial,16,14.7622264293091,1.6957863634100692,0.45694369882830654,1.062196586846701
MVI_63554,15,0,partial,65,10.51036489054685,0.6068758871432499,0.006701170572694504,0.023554692903835783
MVI_63554,19,0,partial,62,10.7615869774328,0.952596422176112,0.027332621040739868,0.13361757365548088
MVI_63554,20,0,partial,57,12.97281672008332,1.1754613371995462,0.06570823710458167,0.11182109366142914
MVI_63554,22,0,partial,61,12.32049390827505,0.553555492643495,0.03406698844724524,0.0696092222527429
MVI_63554,23,0,partial,45,12.403486588688674,0.280945333186339,0.04121062885847652,0.02742772766186658
MVI_63554,24,0,partial,11,16.912188419748063,0.44744709571760666,0.13005507694837132,0.3226815584595833
MVI_63554,25,0,partial,51,13.798655451031655,0.9399059860312216,0.0265543168943964,0.03954025712992995
MVI_63554,30,0,partial,74,10.469937572280214,0.8188681102573994,0.03531242560675499,0.0497917156512261
MVI_63554,31,0,partial,76,10.978438500323028,0.9524104925538682,0.04899973124705431,0.09334574786556418
MVI_63554,32,0,partial,64,12.009068966628135,0.47523227758585374,0.010994038600784227,0.016317640800234318
MVI_63554,33,0,partial,45,8.317163050350764,0.8369424231776924,0.11995214309146127,0.15389991179501195
MVI_63554,35,0,partial,16,12.592779589035603,0.21470545541065578,0.02104125970202105,0.05534914626250584
MVI_63554,36,0,partial,59,12.74412946977612,1.1118764103930465,0.061355731464339494,0.04270486534964704
MVI_63554,41,0,partial,25,5.759100024536573,0.6330508380623646,0.2975698133748131,0.4172914919332686
MVI_63554,42,0,partial,11,18.617015897271255,3.684908431061255,1.3353423818902537,2.7119180148506463
MVI_63554,43,0,partial,62,12.274746220227552,0.6258079034275852,0.05466677213483404,0.02020213245447214
MVI_63554,44,0,partial,64,11.3056844429502,0.9037130172270538,0.01739723965149734,0.01565774396302637
MVI_63554,47,0,partial,59,12.97799597386881,1.0611684501283096,0.054519889815173764,0.02343020559391797
MVI_63554,49,0,partial,54,8.63530584586294,0.7308255421433183,0.14131797239906918,0.24160439949621398
MVI_63554,50,0,partial,63,12.047909594310873,0.6829178705592355,0.06387985237652039,0.1438374139401178
MVI_63554,51,0,partial,11,15.761315354648877,0.36456338601532146,0.294316161756614,0.44800467368748526
MVI_63554,55,0,partial,62,11.657599617742825,1.014946861910419,0.012598774874392355,0.019500368216681066
MVI_63554,56,0,partial,48,15.18880442311357,0.5081990034970729,0.009854030127518926,0.017395450060449725
MVI_63554,58,0,partial,21,19.416799971915513,0.6480349543578445,0.03400030602463883,0.16573416917755698
MVI_63554,60,0,partial,13,15.460472910792236,1.9498083349284479,1.5070306805890923,2.086406125759638
MVI_63554,61,0,partial,63,12.876850497830244,0.6674763303468434,0.0008522851494324711,0.04887572157421554
MVI_63554,62,1,partial,35,7.7693428267036895,0.6913114187306695,0.04414169915080583,0.1537045570222003
MVI_63554,63,0,partial,60,12.172130821127984,0.6530594451906944,0.04468258131436374,0.09871997796441696
MVI_63554,64,0,partial,42,17.811123197559905,1.0049540862352182,0.10106401629544132,0.04562320941101991
MVI_63554,68,0,partial,57,13.17928283283604,1.1688896007959357,0.041320756767552466,0.06933151155711942
MVI_63554,69,0,partial,16,13.812569479253153,1.2624037661582552,0.7047569833758932,1.1278488786674852
MVI_63554,72,0,partial,20,5.02592101553839,3.0772670599436136,0.0022201440660307766,0.7717938264874485
MVI_63554,73,0,partial,50,13.664442710311489,0.440923795141039,0.060968052804846566,0.08129736367119893
MVI_63554,76,0,partial,13,16.97886645654216,1.7327109783148862,0.4921810315401416,0.4407581443611201
MVI_63554,77,0,partial,56,14.089242208375351,0.7174504483800586,0.027755686541367317,0.014286782796800398
MVI_63554,79,0,partial,61,11.803706277280714,0.9053130685008045,0.05585178430021425,0.12359983364872842
MVI_63554,80,0,partial,55,12.977292622676941,0.5967698158271584,0.029522842674105494,0.022645341301498065
MVI_63554,81,0,partial,10,14.977467948887899,0.34942099807484994,0.33392211132028166,0.6689436828752184
MVI_63554,82,0,partial,53,14.631817885773959,0.8521652501216135,0.009944271073894987,0.031936704926590606
MVI_63554,83,0,partial,15,15.30637861977996,2.864161741812316,0.15327979324343882,0.18704480210940255
MVI_63554,86,0,partial,49,15.530620741866302,0.9033103427227859,0.015721613998560962,0.03169752387733143
MVI_63554,87,0,partial,31,13.898210126910195,1.0939293234069276,0.026947626212718446,0.03185361850088281
MVI_63554,88,0,partial,13,18.840734419599944,2.368099102622642,0.9337190566790531,1.2665362877574629
MVI_63554,90,0,partial,20,5.192377756178401,0.8971721772176884,0.06005255509044753,0.2862735263642642
MVI_63554,92,0,partial,50,15.168300866534668,0.9370350069176766,0.04333303919070613,0.09526769419549488
MVI_63554,93,0,partial,39,14.168747583675428,0.43792311094057246,0.14203309084876536,0.1545400941519681
MVI_63554,93,3,partial,9,6.76155730526958,0.25548149720350877,0.24082739235842704,0.36115302311375636
MVI_63554,94,0,partial,26,22.871904870813445,0.3145016206872187,0.09439086812408444,0.10139561519502766
MVI_63554,95,0,partial,51,12.704367149379063,0.4808081619893961,0.0035315774400844825,0.00013569758815193148
MVI_63554,96,0,partial,15,14.920825138477609,3.9298578855691377,0.16750215507960725,0.13853454938886056
MVI_63554,98,0,partial,64,11.4332345035099,0.5360017545168507,0.03959624180030401,0.03349920893197103
MVI_63554,99,0,partial,15,13.905882575640245,2.6064008335987054,0.44974892992763954,0.5009970435761508
MVI_63554,101,0,partial,48,16.03282873023736,1.2459942563941162,0.003042391628937039,0.022287408901578487
MVI_63554,102,0,partial,14,15.16520711877521,2.561572891632159,1.0564509941140572,1.2886893060469262
MVI_63554,103,0,partial,17,6.678055824274719,0.7325349209655656,0.17798545979207367,0.28655477782799127
MVI_63554,105,0,partial,61,12.343231894839228,0.7681073710800962,0.050877793646208515,0.022982228818768102
MVI_63554,108,0,partial,44,16.861410958595588,0.612062276627162,0.005839516596580843,0.05025338615678922
MVI_63554,109,0,partial,18,14.060307343525677,1.6262714337036814,0.6920779208393075,1.2186621288230843
MVI_63554,112,0,partial,31,17.539489356272323,0.10202432315685599,0.007934842977136957,0.012370328710641572
MVI_63554,115,0,partial,53,14.02302147924117,0.44443298368109885,0.015748230246318367,0.000522470721892341
MVI_63554,116,0,partial,15,13.853116961252143,4.467550555826123,0.3728568236230034,0.12159111099839923
MVI_63554,117,0,partial,53,13.363510583439936,0.6644524396811986,0.037860575210060476,0.08064159287481475
MVI_63554,120,0,partial,15,14.23810999864981,3.793035519602357,0.2684205396249559,0.7964933226835316
MVI_63554,123,0,partial,60,14.12875107809483,0.6553281935331094,0.017708103606891772,0.02165288571077623
MVI_63554,124,0,partial,54,14.531005585085534,0.6920622940637363,0.01383688528488651,0.021045530768226333
MVI_63554,126,0,partial,37,20.36512462353052,0.6527856123231889,0.05304717184324021,0.09602565083764304
MVI_63554,129,0,partial,13,15.63155703759603,1.4174679798614418,0.4865021832659666,0.5362322462166135
MVI_63554,132,0,partial,12,14.59912657523018,1.4315950339820593,0.6421464678844369,0.7535347941772769
MVI_63554,134,0,partial,55,13.985311609306837,0.649195505235833,0.005950204392534545,0.016465925873583413
MVI_63554,137,0,partial,12,18.282207264580823,3.7719333908327908,2.4462185822757467,3.5296762027165425
MVI_63554,139,0,partial,48,14.743691320854357,0.5262350845062328,0.0035823568868915434,0.03981894031580182
MVI_63554,142,0,partial,15,13.990791387713747,3.491354726399829,0.5907976359303221,1.2682766581934866
MVI_63554,143,0,partial,57,12.403578100440297,0.5810873022914601,0.050217951129639705,0.03407013325844934
MVI_63554,147,0,partial,39,16.644793336035022,1.0189800553482904,0.1164296117599653,0.17364706788113354
MVI_63554,148,0,partial,8,9.481485032510957,0.5328565273014295,0.5231572790077119,0.44906676565430353
MVI_63554,151,0,partial,12,16.98650056729042,5.113592052040626,1.230568684493432,1.774588565437254
MVI_63554,152,0,partial,10,20.398637589022087,0.43993850153703007,0.013441540793250077,0.04001313520607487
MVI_63554,153,0,partial,14,15.09733030294148,4.003237772510265,0.6779653841061849,0.9511183211046569
MVI_63554,155,0,partial,49,15.277077784208629,0.506211693064684,0.03057674827371923,0.004978885710892907
MVI_63554,158,0,partial,54,12.451213758612528,0.4330425042796205,0.03357410226107066,0.03906954334679249
MVI_63554,160,0,partial,12,17.152420479181686,1.6560310399167868,1.074739861380272,1.5015036197444243
MVI_63554,162,0,partial,54,12.151716292106867,0.5040903381104501,0.026943513186542773,0.0608849671405106
MVI_63554,163,0,partial,54,13.975837847898632,0.4472994885951112,0.03977341154143327,0.049714251902553006
MVI_63554,164,0,partial,66,12.110202078877906,0.48676268790646604,0.02127409791644184,0.06351688968301213
MVI_63554,165,0,partial,52,14.011323308008803,0.5024811050659446,0.03539360486846903,0.0846630694255391
MVI_63554,168,0,partial,53,12.856191520631702,0.3583033774211899,0.002493579073727767,0.0025022351841834036
MVI_63554,169,0,partial,14,16.71775162027138,3.112781817734733,1.758354150005745,2.3973772957693082
MVI_63554,171,0,partial,50,14.76905238791563,0.9687402821636104,0.018842166699486428,0.006078324558613385
MVI_63554,174,0,partial,11,17.528669852495646,1.4195656118316182,1.2572952373202573,2.542412861085969
MVI_63554,175,0,partial,59,12.10893666486775,0.5470928179964601,0.035353869710755895,0.08262802791582027
MVI_63554,177,0,partial,51,14.313603915988757,0.4551080446686837,0.09054972031158151,0.08681274136648512
MVI_63554,180,0,partial,9,21.277795269162382,5.104656291898098,3.138384492143891,4.202715603085445
MVI_63554,182,0,partial,51,15.20353329410596,0.5302483433728408,0.02224278768180832,0.035539431866350495
MVI_63554,183,0,partial,8,15.337326354986146,0.9971390204640296,0.6301849700907416,1.033590325543188
MVI_63554,185,0,partial,39,17.636710685755098,1.6938650578046845,0.05295671479424188,0.008186377135180507
MVI_63554,186,0,partial,18,23.827789388237875,0.3835590705510478,0.3020313033528219,0.4659249096918661
MVI_63554,188,0,partial,11,16.230786824060466,2.6278097458946306,0.8284442562682743,1.8942859250399389
MVI_63554,189,0,partial,14,10.595237850299622,3.597477887290871,0.8342949090915995,0.6829038852158502
MVI_63554,190,0,partial,17,12.727966460990654,3.041317924262371,0.3110147604072678,0.5203429507816513
MVI_63561,7,0,partial,40,12.907459974484716,0.35464922007251864,0.0027532080846874897,0.0077021648612856965
MVI_63561,9,0,partial,44,13.741484796482844,0.40650593500273113,0.05810678784158489,0.09450544750340738
MVI_63561,10,0,partial,23,13.486505456464494,1.0925186198886558,0.026635156359709363,0.010130826334053974
MVI_63561,11,0,partial,30,14.365537844549685,0.5804236942022445,0.05203248526432036,0.23968065187748913
MVI_63561,12,0,partial,26,16.474867201721,0.44138075646059455,0.20628487821960298,0.26573316151454873
MVI_63561,15,0,partial,40,9.621809777260106,0.33171808682880843,0.08707204457055805,0.12266745209477475
MVI_63561,16,0,partial,9,12.68602961872616,0.7420608198408601,0.044143731198254835,0.061756188439447315
MVI_63561,17,0,partial,41,13.898875735764767,1.0632110640943182,0.09261830166208428,0.14555349324553235
MVI_63561,19,0,partial,36,13.532456003212314,0.45769042478209393,0.10297062656555228,0.124734989557919
MVI_63561,20,0,partial,28,14.419979247464983,0.6247386114861202,0.026080743588528216,0.03745539848718577
MVI_63561,21,0,partial,28,14.161022466615472,0.4470651306581832,0.12558126673612188,0.17097091460837002
MVI_63561,23,0,partial,36,13.781678972838446,0.45224878519606243,0.1147033884754313,0.16669898863941632
MVI_63561,26,0,partial,35,13.320237002827538,0.6378011810959046,0.19881190641629867,0.34796341126017644
MVI_63561,27,0,partial,11,18.338092223287013,0.37158646179522636,0.3654476975443746,0.7309881459874088
MVI_63561,28,0,partial,25,9.92054776651144,0.6654020777067747,0.045988876484781956,0.03198377421891544
MVI_63561,29,0,partial,28,15.551039798924652,0.2858340508244726,0.08409361080287713,0.13775920050308688
MVI_63561,32,0,partial,13,25.603485829392923,3.2780605901086637,0.46363125298117835,0.39681607791690066
MVI_63561,37,0,partial,28,16.838508605336546,0.911934121830093,0.022530675734348606,0.09414680268118068
MVI_63561,38,0,partial,34,14.572076203724718,1.0889804449195075,0.11513790443723246,0.05835812278778982
MVI_63561,39,0,partial,31,16.00408983349374,0.8351577399050159,0.15581992661169164,0.15270395220554595
MVI_63561,40,0,partial,11,10.357483898353518,0.7388960907875627,0.717648346240064,1.4355823076548475
MVI_63561,41,0,partial,26,14.092361800246684,0.2031129811361074,0.007085659735662681,0.04122120362810381
MVI_63561,42,0,partial,11,26.79364560526276,0.29716808135038497,0.09758039551108867,0.23505507923352495
MVI_63561,47,0,partial,19,14.207951607484391,1.0912811323459666,0.2918619896739059,0.6628396948027424
MVI_63561,48,0,partial,22,16.58392981178416,0.9177147660619435,0.3377348418492788,0.3931283526221239
MVI_63561,49,0,partial,26,17.31785864124892,0.7832436765870315,0.03313100089779162,0.06602080188330242
MVI_63561,52,0,partial,36,15.323589860939085,0.5237898809727994,0.025447451948049944,0.003812290525441032
MVI_63561,54,0,partial,41,12.679915109716742,1.3662692847190614,0.0577304848558952,0.034069749660987234
MVI_63561,56,0,partial,8,20.516226743098123,2.1394636315720783,0.23005800315804784,0.9679067084761995
MVI_63561,57,0,partial,7,11.401697016635678,2.5859499055848603,1.6705765068115055,2.4733708428608034
MVI_63561,58,0,partial,42,12.997097408604304,0.541782310880067,0.07555192336738935,0.1225805275641416
MVI_63561,59,0,partial,41,14.833654564248908,0.5481021538828277,0.03448429680372768,0.00442363474659956
MVI_63561,62,0,partial,7,9.02282058302446,0.535831432372648,0.28475590557104186,0.3963372013947697
MVI_63561,64,0,partial,39,15.419015245715448,0.8836875330398293,0.08640104664944538,0.21448733337500264
MVI_63561,65,0,partial,45,12.484189448639437,0.5753778591377853,0.1247908279233947,0.14992072672882964
MVI_63561,66,0,partial,21,14.11946818109242,0.5251328414039775,0.1335931113049239,0.27785876627086564
MVI_63561,68,0,partial,55,12.545246172870453,1.0549575217428344,0.0651330481912832,0.05616639267358304
MVI_63561,70,0,partial,46,12.218397359376278,0.20047439517288118,0.013887295053849506,0.023372225622128186
MVI_63561,71,0,partial,48,12.32371652441103,0.7644889295895274,0.010061047783187163,0.048595223113535764
MVI_63561,72,0,partial,34,7.021756634895076,0.8569545914890521,0.24946023936027872,0.3782653932099969
MVI_63561,75,0,partial,52,12.661893023700223,0.596061202633855,0.11825605338627457,0.13147685473451973
MVI_63561,77,0,partial,51,11.763718018532773,0.3519053517271089,0.011987832072661879,0.054253301682679604
MVI_63561,80,0,partial,51,12.67146680176564,1.0047442244903477,0.10900133495663113,0.07903985912511587
MVI_63561,82,0,partial,48,12.140433298302735,0.5300090911045899,0.06232182156891463,0.06024165650864039
MVI_63561,83,0,partial,48,9.820209228570508,0.5378325912311359,0.06524686424337842,0.12580561638945878
MVI_63561,84,0,partial,52,11.235792489488743,0.6974730476048181,0.0011378857179650515,0.025086442780811048
MVI_63561,86,0,partial,66,11.05198617200447,1.045746717134696,0.005078348105438839,0.03792034685257608
MVI_63561,90,0,partial,64,10.167834188472519,0.7486098784766193,0.037438475990222576,0.051451659891446865
MVI_63561,91,0,partial,52,10.64806678883105,0.42198399382940677,0.043135993536286533,0.05478286792970736
MVI_63561,92,0,partial,74,10.192689294692203,0.8270519491278755,0.0073902707243004755,0.0031821823272529617
MVI_63561,93,0,partial,41,9.181111613375343,0.7756384204916633,0.046473052960253516,0.007925243473031697
MVI_63561,96,0,partial,86,10.058497650470388,0.9174537259442733,0.04879989481087168,0.10704883860535369
MVI_63561,98,0,partial,66,10.74276709626515,0.5783723805277292,0.0514729041847214,0.10565373146499248
MVI_63561,99,0,partial,65,10.788736872666178,0.6280353433927888,0.07964038510151715,0.2003356372764478
MVI_63561,100,0,partial,16,4.4120362349057585,1.5626940506341056,0.2961139959046175,0.3992137568341969
MVI_63561,100,1,partial,6,5.872456926551017,1.8903082817702868,1.879621485300023,2.378501876239756
MVI_63561,100,2,partial,24,9.622827862751501,0.30320471237315544,0.003809394040024564,0.04389338886857813
MVI_63561,101,0,partial,12,4.819411152277921,1.5876050545285452,1.0656826549446548,1.1314713973231576
MVI_63561,102,0,partial,48,6.650443019319384,0.8073087530013319,0.09379383764390821,0.10016748466197352
MVI_63561,102,1,partial,25,13.929475257122663,0.46180684892096857,0.004160724267500441,0.006154100253112689
MVI_63561,104,0,partial,77,9.976290524149851,1.5279412670758248,0.019080911220508822,0.02681602063611808
MVI_63561,107,0,partial,49,5.6290145086159376,0.9188981145747026,0.045638398465841105,0.08474123882950248
MVI_63561,107,1,partial,31,14.398794037768555,0.574141433962198,0.03717804634026282,0.0412086101917002
MVI_63561,108,0,partial,60,7.67897556240289,1.2054206400937852,0.02060299803386808,0.004257700606622657
MVI_63561,109,0,partial,81,9.43597511578572,0.9536710843487478,0.034978660296339614,0.07512003779830649
MVI_63561,113,0,partial,85,8.668421480108833,0.49265538316278984,0.006768419405427101,0.0068391905324191845
MVI_63561,116,0,partial,78,10.239660132658283,0.9355653872986319,0.056024621028443446,0.09001732757189522
MVI_63561,117,0,partial,81,10.601416626933897,0.6318538916884995,0.023774894960769843,0.025411779797007802
MVI_63561,118,0,partial,47,13.117073498201483,0.8869151429906895,0.014151280406969915,0.03006437073572498
MVI_63561,120,0,partial,83,9.140091332079239,1.3519884187184752,0.03378389886294143,0.01883860889943067
MVI_63561,124,0,partial,8,5.21708658288241,0.3596580596996977,0.3537659712821342,0.49693742965192983
MVI_63561,125,0,partial,65,11.065268485196231,0.7728951050760067,0.0558818226027717,0.07718554684528965
MVI_63561,127,0,partial,68,10.17655079386277,0.5843323066794106,0.028183674609703575,0.062059595569463326
MVI_63561,128,0,partial,17,12.312721791844574,0.25307960143961067,0.02426533235735316,0.005968582560551502
MVI_63561,131,0,partial,62,11.972100443712137,1.2954579349874433,0.002992397129128445,0.03508166515235457
MVI_63561,135,0,partial,62,10.377615981073966,1.1447705983515588,0.04835238816506557,0.08056461095120604
MVI_63561,137,0,partial,51,15.890045156973738,0.9210207055613806,0.11649293213909978,0.118327754688215
MVI_63561,139,0,partial,73,9.750635319025186,0.6859111658537078,0.013883493818378972,0.013992035142817109
MVI_63561,141,0,partial,69,11.139004213196786,1.2859447344080746,0.018619234045132566,0.031875265543588674
MVI_63561,149,0,partial,55,11.49013392025012,0.29038286428700993,0.009796323232827274,0.008690234940221135
MVI_63561,151,0,partial,37,15.677888864053513,0.26231128723644426,0.03084241464111211,0.07921027063790548
MVI_63561,152,0,partial,65,11.455944300563438,0.7017802943127425,0.0004755539306417313,0.00315035364744051
MVI_63561,154,0,partial,59,11.701263415039785,1.1097983197143688,0.015874983884080866,0.06999709559342329
MVI_63561,158,0,partial,57,12.300166392477976,0.5408426253034371,0.04226083290180168,0.06017948715996783
MVI_63561,162,0,partial,53,12.621334896274654,0.5588526927649375,0.0005853270089806885,0.0005320709807701594
MVI_63561,163,0,partial,46,12.601250843586332,0.3362098889009658,0.025787798939739478,0.03255064255054335
MVI_63561,164,0,partial,50,11.258987559275683,0.3966886488309501,0.021307942930338043,0.01712450844926864
MVI_63561,166,0,partial,46,13.805057079814699,0.5598788827291385,0.0016342012923635655,0.0040976633835569445
MVI_63561,169,0,partial,63,11.798175747115412,0.7839203378234882,0.05927644005243433,0.07451593346482016
MVI_63561,175,0,partial,64,11.633701707450816,0.633431439335854,0.08978708206421988,0.10660901720116475
MVI_63561,176,0,partial,23,7.135179093151248,0.6083047762730646,0.17305866364407452,0.14008368266027388
MVI_63561,176,1,partial,35,16.859701931494698,0.6823253376414231,0.08543680929270413,0.09896977939677506
MVI_63561,177,0,partial,50,16.698104635030774,1.474765971040305,0.06156182557821595,0.15179960637230638
MVI_63561,183,0,partial,44,13.321333261705389,0.19989161091590024,0.0057636237106162775,0.0010583004904686747
MVI_63561,185,0,partial,28,12.987434912608185,0.6834723327765054,0.08361726081533906,0.10427282089644418
MVI_63561,187,0,partial,25,6.757303773081364,1.1652650472616664,0.09053245845720803,0.1707857864098657
MVI_63562,3,0,partial,37,15.434322069313295,0.8391076926900471,0.07239591599889321,0.013705479016882642
MVI_63562,4,0,partial,51,14.140183809301718,0.45126672400379486,0.056185832685798555,0.06220907372856214
MVI_63562,5,0,partial,33,14.337968501772275,0.4145974866270859,0.009121642674032503,0.024165007883186138
MVI_63562,10,0,partial,50,13.291991209433355,0.650968012650011,0.03681115041726978,0.07133495073774986
MVI_63562,11,0,partial,31,7.410109412913538,0.32912665325749935,0.22193374390710077,0.3668008555029628
MVI_63562,11,1,partial,21,16.07102487561251,0.526725435311379,0.09977087173442337,0.10219708670576849
MVI_63562,12,0,partial,50,13.477136477118725,0.7513080372223783,0.050045288878086444,0.0520825029796109
MVI_63562,17,0,partial,47,14.00282121336029,0.5008189025339872,0.004937816685015628,0.03565309356091469
MVI_63562,18,1,partial,27,15.138041184509824,0.42144191905048195,0.017866634109097772,0.04090201758410514
MVI_63562,22,0,partial,23,11.711474644621983,0.9813001161486127,0.5469766535568572,0.7643169096210438
MVI_63562,23,0,partial,51,11.749912011640804,0.7567306179902112,0.06268053980723351,0.144781679690959
MVI_63562,24,0,partial,28,15.925584974838799,0.7607029924955104,0.2129347534125385,0.3278699785291166
MVI_63562,26,0,partial,51,12.398302638842894,0.6351890549623919,0.06233125003561035,0.02392228916083657
MVI_63562,30,0,partial,41,13.317311627344045,0.4925455130938238,0.05366038736022113,0.07753744932085564
MVI_63562,31,0,partial,10,5.433851960081734,0.40658042012848605,0.3952280673043853,0.7893278841025411
MVI_63562,31,1,partial,24,16.22727108235089,0.8355783910348827,0.003422604775035957,0.10823843821938021
MVI_63562,32,0,partial,49,13.298683406661867,0.6226232367848897,0.03676879785039514,0.0284305043230736
MVI_63562,34,0,partial,54,11.675137853310975,0.5725927660685475,0.011565596276305138,0.023056725220915904
MVI_63562,38,0,partial,51,12.69542943823999,0.8607495075455615,0.10237903113299197,0.1782776299035923
MVI_63562,40,0,partial,33,13.383740869631476,0.5946854867348658,0.19804672225086614,0.20705987116069652
MVI_63562,45,0,partial,48,12.777003042699135,0.7215751127181852,0.031364697031755324,0.033132447176615044
MVI_63562,48,0,partial,57,10.194782039377728,0.6775459534809031,0.11364691171110805,0.14402033574790396
MVI_63562,48,1,partial,6,11.80130976235007,0.0006318603427551341,0.00015797488531616816,0.00031594977064133096
MVI_63562,49,0,partial,46,13.426269093611397,1.2236482132194377,0.021668708341376613,0.05355454814458007
MVI_63562,52,0,partial,22,11.2686460187614,0.7514616642875298,0.281961571896984,0.6681918321248457
MVI_63562,55,0,partial,47,12.614539656026569,0.6068761873758194,0.034482901967421584,0.05255409043251823
MVI_63562,57,0,partial,46,15.95129041896385,0.38951445272842655,0.10120056319548784,0.1277569889381745
MVI_63562,60,0,partial,34,17.779931926080156,0.478023996872369,0.09266505018000536,0.0428567248002172
MVI_63562,64,0,partial,44,12.843739366403465,0.43093406551772806,0.05965159126318188,0.09201383759652385
MVI_63562,72,0,partial,42,13.69266795562256,0.5979965655398921,0.01744388884325427,0.03447214846509979
MVI_63562,73,0,partial,43,14.5224872509331,0.6100595699231787,0.0313134958385736,0.05094565488638521
MVI_63562,78,0,partial,46,14.088647119715414,0.7441690833421669,0.060176784874721376,0.08921447611869225
MVI_63562,82,0,partial,61,13.278234804380808,0.6657937143076988,0.007389942734035048,0.02789235633401446
MVI_63562,83,0,partial,31,11.7941492875216,0.16360186167256385,0.008927597539602468,0.016571516934211883
MVI_63562,84,0,partial,47,13.601338167056952,0.5024317689041424,0.044480458163948064,0.06367480539504848
MVI_63562,90,0,partial,53,12.428861060462937,0.7611090871590627,0.011883278568898235,0.000796059684509114
MVI_63562,94,0,partial,47,14.427935388277207,0.5674031070812997,0.052219073813360224,0.0414597042574287
MVI_63562,97,0,partial,21,6.98998660355105,0.16971463032609996,0.1075363002001721,0.233438227633498
MVI_63562,103,0,partial,44,14.992558932005295,0.7746445860690018,0.010188758639964629,0.0751962925721752
MVI_63562,104,0,partial,21,6.480871820823761,0.3888733651939898,0.21005150740314532,0.43964232803429065
MVI_63562,109,0,partial,17,5.642730080287473,0.34762906415313194,0.17237496499579552,0.18614295569924383
MVI_63562,109,1,partial,38,12.017562586173348,0.6741855792601352,0.023389271254021342,0.06500949957064935
MVI_63562,112,0,partial,37,7.7552547193816075,0.5713936382966542,0.005987814613169324,0.018097090443046148
MVI_63562,112,1,partial,30,15.876209732757609,0.8458419269424692,0.0026776056241378018,0.017822652527409506
MVI_63562,113,0,partial,58,9.158564996804973,1.3437817230150582,0.05510266287941648,0.03709869302600646
MVI_63562,115,0,partial,12,23.890694981263696,1.3427038347758193,0.6300511336248711,1.0296621134308763
MVI_63562,117,0,partial,40,16.019784812131935,0.8633246122070865,0.02870551485308031,0.03655835222487142
MVI_63562,120,0,partial,47,13.962356340611494,0.46990969099095575,0.0702828944486853,0.061437121250647625
MVI_63562,121,0,partial,29,11.84840948356802,1.8745963965746937,0.006419170431800003,0.039595176164457804
MVI_63562,123,0,partial,44,14.036951522241822,0.634931362065543,0.07275346522898168,0.07043997520948049
MVI_63562,124,0,partial,65,12.424536796338305,0.46412891093218195,0.015980414015291346,0.017668148309304417
MVI_63562,128,0,partial,43,15.330617513580282,0.8410716751756617,0.00669381791840832,4.809025537844135e-05
MVI_63562,132,0,partial,40,8.954443780700075,0.6423296196584076,0.06748033256919635,0.03397434373642678
MVI_63562,133,0,partial,40,11.306726629189702,0.5048368368361598,4.886830049141616e-05,0.08283705993308718
MVI_63562,134,0,partial,40,8.212673250800407,0.4346150803378435,0.03734246788306148,0.06364340589925346
MVI_63563,2,0,partial,16,17.873866149665865,1.0835052670760286,0.2021294618179787,0.2309897775086239
MVI_63563,3,0,partial,13,19.817703505545616,0.7525183380250059,0.09602352747080872,0.23252097747363196
MVI_63563,4,0,partial,17,17.888917423700768,0.41456064226620776,0.07638106828082653,0.04677788243368838
MVI_63563,5,0,partial,54,12.243582432017492,0.883620536846014,0.04533358350915424,0.02543676449925011
MVI_63563,8,0,partial,24,23.426884648551905,0.24256860476184378,0.0452106058103395,0.05926583531579767
MVI_63563,10,0,partial,50,11.992254010341055,0.42212785557847354,0.007568417128624523,0.005753506104608235
MVI_63563,12,0,partial,56,12.081198221678267,0.3717910611733605,0.014832881646553142,0.019655307232597494
MVI_63563,13,0,partial,24,15.203272227037669,0.6206632555806222,0.031919471901551054,0.06531428470143641
MVI_63563,14,0,partial,58,12.270109332538853,0.6178569381368828,0.01332987641775675,0.031227834434225728
MVI_63563,16,0,partial,13,5.15551416684953,0.6867990480923608,0.36960506968824425,0.5093735617007961
MVI_63563,16,1,partial,51,11.288643972744197,0.6524370376372661,0.067489483328738,0.13263726707472873
MVI_63563,18,0,partial,6,9.892760359428552,6.468919990719273,2.02642783576273,5.985130935141818
MVI_63563,21,0,partial,56,11.803994642104163,0.4138956304859395,0.05752793047372469,0.06925117885141852
MVI_63563,23,0,partial,56,12.033135680933736,0.5466199292699939,0.020638972398742027,0.041963308810797885
MVI_63563,25,0,partial,53,12.090232751204127,0.24120610542463827,0.006985046017421141,0.005832461677880384
MVI_63563,27,0,partial,46,10.065324826149586,0.7613679473398227,0.04850112857584047,0.022374364967141437
MVI_63563,29,0,partial,55,11.817443720863453,0.27494304428878213,0.005810298851999636,0.0015466358798858658
MVI_63563,33,0,partial,62,13.10907151060451,0.4806785611939928,0.07259211283584092,0.0686200169058685
MVI_63563,35,0,partial,51,13.14391274357226,0.35037170790424793,0.06853113797279922,0.09874952048801632
MVI_63563,36,0,partial,21,16.282599976354867,0.21074338485411617,1.05371890117244e-05,0.031485405269602265
MVI_63563,37,0,partial,8,5.589112757182252,0.3042067135415875,0.29794326362576096,0.43718901219075496
MVI_63563,37,1,partial,10,7.40688285898839,0.6327433391697413,0.20433053776314314,0.217756730308593
MVI_63563,37,2,partial,24,14.921944575208327,0.33470657114546887,0.023655521006872973,0.014598695642452805
MVI_63563,39,0,partial,60,10.652513728156277,0.4074677015839504,0.011968489100019235,0.0008674025761808015
MVI_63563,40,1,partial,56,13.632236194723044,0.4818481525983453,0.017602398849877816,0.03751524225877222
MVI_63563,43,0,partial,53,13.083094607072251,0.5886097506459417,0.008630176735398966,0.022017449103927444
MVI_63563,45,0,partial,14,17.329588134335424,0.27099522894800787,0.1635973287412931,0.25616715161929704
MVI_63563,47,0,partial,60,10.738010797076145,0.43711241302663434,0.002925373722332175,0.04261241381898057
MVI_63563,51,0,partial,62,11.366490487272458,0.6540191645326465,0.020843365142621667,0.06335374490224722
MVI_63563,54,0,partial,40,7.6399921399009605,0.34383659595642085,0.10484972682586086,0.19032831909016276
MVI_63563,58,0,partial,58,11.581561400611225,0.6868244118247718,0.024546683043179807,0.07120716626534379
MVI_63563,64,0,partial,63,10.977466140304246,0.8643720351010288,0.10179923611941895,0.15424603209052637
MVI_63563,65,0,partial,52,12.268220953215046,0.3148289188780308,0.054369458702539876,0.07767884527644363
MVI_63563,66,0,partial,55,12.687479906049207,0.687253343333463,0.006843436786319275,0.018333022499443942
MVI_63563,70,0,partial,68,11.143380553650331,1.3096835365893804,0.030833911232009823,0.04808180156499408
MVI_63563,73,0,partial,54,12.910496233248718,0.7113522884035448,0.07313530247496247,0.12060492748663526
MVI_63563,75,0,partial,35,14.58831531659489,0.14538219454901236,0.012131868161950535,0.005784679105400247
MVI_63563,78,0,partial,41,6.573481076323162,0.4317187921569639,0.047531760970648915,0.07229176480096086
MVI_63563,79,0,partial,53,12.924426242406794,0.8199319859181143,0.014604392434246539,0.022138846053197457
MVI_63563,83,0,partial,56,12.65561777184589,0.9966160608613295,0.039554560318229744,0.04237039896887594
MVI_63563,84,0,partial,62,10.456323796074317,0.7470615322789289,0.021455654582365005,0.04900965743862467
MVI_63563,85,0,partial,58,11.44587556180453,0.5012044034937488,0.038904683245205206,0.06012208320109179
MVI_63563,88,0,partial,54,12.85680619639686,0.2836024503124269,0.03964175028185067,0.06101012666295328
MVI_63563,89,0,partial,61,9.135391610692098,0.4450777274262301,0.022216444014176124,0.028771794423466394
MVI_63563,90,0,partial,31,14.518268441006438,0.15278950483037154,0.004510546752793066,0.008692572099288682
MVI_63563,92,0,partial,28,6.623019272000184,1.2392459356471386,0.04856919439274811,0.13945321566781704
MVI_63563,96,0,partial,61,13.463966306404007,0.561412543653562,0.034615216853166,0.0798362344763309
MVI_63563,97,0,partial,61,13.806397240409748,0.6215984334204584,0.025646381133252533,0.025422463048616725
MVI_63563,98,0,partial,51,13.517006758774782,0.5468198619515504,0.013095148916870102,0.0574552964242755
MVI_63563,101,0,partial,51,13.340374863966469,0.7875023938126722,0.0069641922774218825,0.0072713737756051715
MVI_63563,103,0,partial,50,13.690099320615408,0.564149655862408,0.008328000902803636,0.04614238220662302
MVI_63563,106,0,partial,57,11.653361669745149,0.5594965460752789,0.06037282836695018,0.07191814843434091
MVI_63563,109,0,partial,8,3.8918906212630398,1.4087303234298,1.401420404898735,1.9973344743400658
MVI_63563,109,1,partial,44,6.430917465418101,0.8366593014835804,0.05826922026713215,0.07395902214782324
MVI_63563,109,2,partial,8,10.494226493602769,1.3450403373394746,0.9437400075491473,1.284748996902779
MVI_63563,111,0,partial,32,14.912622210147298,0.44732034289490624,0.05980717397886066,0.08944779038965488
MVI_63563,112,0,partial,11,4.792389435533652,0.3546915058626348,0.34837668629603025,0.6957863978110156
MVI_63563,113,0,partial,48,14.554353706850502,0.6705781703594914,0.01591353848844207,0.05818308309849136
MVI_63563,115,0,partial,22,15.194259796996805,0.20040550730415477,0.06811973277004564,0.08848183816761264
MVI_63563,116,0,partial,48,13.89864224587199,0.369906278394131,0.002291984447277113,0.005341287895698636
MVI_63563,117,0,partial,19,12.361842240996161,0.7002128588397881,0.0613077063339624,0.12306961565435066
MVI_63563,121,0,partial,50,13.421390420400611,0.7101902216793609,0.07774899575520172,0.210949370417958
MVI_63563,122,0,partial,56,12.46112667438596,1.0265223568294592,0.048423457299453014,0.08532259650736175
MVI_63563,123,0,partial,11,4.624972218333666,1.0322579689521725,1.0304846468765998,2.058248616153335
MVI_63563,128,0,partial,13,11.634468784607018,0.6719907712858042,0.08898427173872701,0.22263293390654987
MVI_63563,132,0,partial,10,5.813123958970245,1.2672611656951416,0.4140729965816342,0.6300029474936298
MVI_63563,132,1,partial,24,10.78759089999774,0.5166097419800928,0.07436872604623637,0.14077599833242882
MVI_63563,133,0,partial,66,9.261937013214109,0.4798749447921617,0.10015214639688219,0.11940465434806306
MVI_63563,134,0,partial,60,11.260037769231852,0.9676576429736212,0.0381284190332422,0.07762315432437812
MVI_63563,137,0,partial,29,18.941869677000227,0.49807292792356755,0.23720593175461055,0.35745449117194006
MVI_63563,138,0,partial,8,16.341499736880223,1.5327475027163027,0.09003687789859559,0.09898092803006373
MVI_63563,139,0,partial,29,5.671754558052078,0.779447761343647,0.4189841961567148,0.5694521386514576
MVI_63563,139,1,partial,42,9.632257828280611,0.8601962255252462,0.01442462631299316,0.023424915712773546
MVI_63563,140,0,partial,55,12.098831123590138,0.685005343120043,0.07089555530871708,0.07531674663201443
MVI_63563,142,0,partial,23,5.932578467457038,0.5078730222999108,0.3444063476014965,0.43512858597349896
MVI_63563,142,1,partial,28,10.541193142554096,0.2150553460185181,0.07010561018621429,0.1030093914025311
MVI_63563,143,0,partial,8,7.243157194007925,0.41372979625225825,0.4073431227407957,0.609178929373417
MVI_63563,143,1,partial,37,14.164733123954806,0.34252151554028004,0.05913955277061603,0.09472413819986396
MVI_63563,145,0,partial,19,8.592826394651436,1.3028005082073792,0.10701443448573066,0.07004891111507433
MVI_63563,147,0,partial,46,13.799416567248354,0.5057575378612172,0.027943905443022672,0.055997703197527005
MVI_63563,148,0,partial,30,16.030641087456033,1.1552841526186595,0.038647123221019486,0.06725161286769794
MVI_63563,149,0,partial,61,7.694062439531833,1.0413503359736744,0.002404383397553871,0.02916523580666489
MVI_63563,150,0,partial,49,13.275783504334354,0.4143329501799298,0.048402109854799445,0.09305436949249388
MVI_63563,153,0,partial,50,12.852910109194765,0.9526244828134405,0.001254034165927347,0.037858158353927036
MVI_63563,157,0,partial,61,12.825048683468577,0.9873377531453422,0.012227485916320422,0.05414431575396769
MVI_63563,158,0,partial,49,12.808213080316193,0.5023551358959625,0.028193755843647698,0.05660655105982107
MVI_63563,160,0,partial,55,11.865705492255957,0.5827225432841118,0.10101021132721334,0.1747340313636443
MVI_63563,162,0,partial,48,18.4139618926659,0.6391026361947225,0.0407955691007846,0.024118312303123154
MVI_63563,165,0,partial,46,12.841738409556145,0.8180388123516829,0.010490888182447623,0.03621820102732858
MVI_63563,169,0,partial,30,8.619029133962128,0.43422768679100243,0.20650930409708657,0.33333551618152374
MVI_63563,170,0,partial,7,24.522499032683584,4.411040523944265,0.9329273328347613,1.208239778514647
MVI_63563,171,0,partial,12,11.508060389245891,0.5545923986620689,0.5013329666530111,0.6441199803219436
MVI_63563,175,0,partial,6,22.52208617619626,3.373299253052218,2.8832942473445327,3.7200855193797575
MVI_63563,176,0,partial,20,11.505052840766064,7.420756357593033,2.9786152063226026,3.1247579058298767
MVI_63563,177,0,partial,6,17.36922363673329,7.771293852065371,3.200442869398766,3.855039080216629
