1,1,194.13,150.4,82.07,66.07,1,1,1.0
1,2,80.0,68.27,46.87,35.13,1,1,1.0
1,3,290.13,62.93,51.14,40.47,1,1,1.0
2,1,197.55,153.39,83.98,67.13,1,1,1.0
2,2,81.07,68.91,46.44,35.34,1,1,1.0
2,3,286.72,62.08,50.49,39.61,1,1,1.0
3,1,200.96,156.37,85.91,68.2,1,1,1.0
3,2,82.13,69.55,46.02,35.56,1,1,1.0
3,3,283.31,61.23,49.85,38.76,1,1,1.0
4,1,204.37,159.36,87.83,69.27,1,1,1.0
4,2,83.2,70.19,45.59,35.77,1,1,1.0
4,3,279.89,60.37,49.22,37.91,1,1,1.0
5,1,207.79,162.35,89.74,70.33,1,1,1.0
5,2,84.27,70.83,45.16,35.98,1,1,1.0
5,3,276.48,59.52,48.57,37.05,1,1,1.0
6,1,211.2,165.33,91.67,71.4,1,1,1.0
6,2,85.33,71.47,44.74,36.2,1,1,1.0
6,3,273.07,58.67,47.93,36.2,1,1,1.0
7,1,215.04,168.32,93.59,74.17,1,1,1.0
7,2,86.19,71.89,45.8,37.06,1,1,1.0
7,3,269.87,57.6,48.36,35.56,1,1,1.0
8,1,218.88,171.31,95.51,76.94,1,1,1.0
8,2,87.04,72.32,46.87,37.91,1,1,1.0
8,3,266.67,56.53,48.78,34.92,1,1,1.0
9,1,222.72,174.29,97.43,79.72,1,1,1.0
9,2,87.89,72.75,47.94,38.76,1,1,1.0
9,3,263.47,55.47,49.21,34.28,1,1,1.0
10,1,226.56,177.28,99.35,82.49,1,1,1.0
10,2,88.75,73.17,49.0,39.62,1,1,1.0
10,3,260.27,54.4,49.64,33.64,1,1,1.0
11,1,230.4,180.27,101.27,85.26,1,1,1.0
11,2,89.6,73.6,50.07,40.47,1,1,1.0
11,3,257.07,53.33,50.06,33.0,1,1,1.0
12,1,234.88,183.89,104.89,87.19,1,1,1.0
12,2,90.67,73.6,50.06,41.53,1,1,1.0
12,3,254.93,52.48,48.79,32.79,1,1,1.0
13,1,239.36,187.52,108.52,89.11,1,1,1.0
13,2,91.73,73.6,50.07,42.6,1,1,1.0
13,3,252.8,51.63,47.51,32.57,1,1,1.0
14,1,243.84,191.15,112.15,91.02,1,1,1.0
14,2,92.8,73.6,50.07,43.67,1,1,1.0
14,3,250.67,50.77,46.22,32.36,1,1,1.0
15,1,248.32,194.77,115.77,92.95,1,1,1.0
15,2,93.87,73.6,50.06,44.73,1,1,1.0
15,3,248.53,49.92,44.95,32.15,1,1,1.0
16,1,252.8,198.4,119.4,94.87,1,1,1.0
16,2,94.93,73.6,50.07,45.8,1,1,1.0
16,3,246.4,49.07,43.67,31.93,1,1,1.0
17,1,258.77,203.31,123.88,99.56,1,1,1.0
17,2,95.15,74.67,51.56,45.8,1,1,1.0
17,3,244.27,48.64,43.45,31.93,1,1,1.0
18,1,264.75,208.21,128.36,104.26,1,1,1.0
18,2,95.36,75.73,53.05,45.8,1,1,1.0
18,3,242.13,48.21,43.24,31.93,1,1,1.0
19,1,270.72,213.12,132.84,108.95,1,1,1.0
19,2,95.57,76.8,54.55,45.8,1,1,1.0
19,3,240.0,47.79,43.03,31.93,1,1,1.0
20,1,276.69,218.03,137.32,113.64,1,1,1.0
20,2,95.79,77.87,56.04,45.8,1,1,1.0
20,3,237.87,47.36,42.81,31.93,1,1,1.0
21,1,282.67,222.93,141.8,118.34,1,1,1.0
21,2,96.0,78.93,57.53,45.8,1,1,1.0
21,3,235.73,46.93,42.6,31.93,1,1,1.0
22,1,288.85,229.12,148.63,120.89,1,1,1.0
22,2,97.92,80.0,56.68,45.59,1,1,1.0
22,3,234.24,46.51,41.53,31.08,1,1,1.0
23,1,295.04,235.31,155.45,123.45,1,1,1.0
23,2,99.84,81.07,55.83,45.37,1,1,1.0
23,3,232.75,46.08,40.46,30.23,1,1,1.0
24,1,301.23,241.49,162.28,126.02,1,1,1.0
24,2,101.76,82.13,54.97,45.16,1,1,1.0
24,3,231.25,45.65,39.4,29.37,1,1,1.0
25,1,307.41,247.68,169.11,128.57,1,1,1.0
25,2,103.68,83.2,54.12,44.95,1,1,1.0
25,3,229.76,45.23,38.33,28.52,1,1,1.0
26,1,313.6,253.87,175.93,131.13,1,1,1.0
26,2,105.6,84.27,53.27,44.73,1,1,1.0
26,3,228.27,44.8,37.26,27.67,1,1,1.0
27,1,324.69,262.61,182.12,136.47,1,1,1.0
27,2,107.09,84.91,54.34,46.22,1,1,1.0
28,1,335.79,271.36,188.3,141.8,1,1,1.0
28,2,108.59,85.55,55.4,47.72,1,1,1.0
29,1,346.88,280.11,194.49,147.13,1,1,1.0
29,2,110.08,86.19,56.47,49.21,1,1,1.0
30,1,357.97,288.85,200.68,152.47,1,1,1.0
30,2,111.57,86.83,57.54,50.7,1,1,1.0
31,1,369.07,297.6,206.86,157.8,1,1,1.0
31,2,113.07,87.47,58.6,52.2,1,1,1.0
32,1,381.65,306.56,216.9,165.05,1,1,1.0
32,2,114.56,88.53,58.81,52.42,1,1,1.0
33,1,394.24,315.52,226.92,172.31,1,1,1.0
33,2,116.05,89.6,59.03,52.63,1,1,1.0
34,1,406.83,324.48,236.94,179.56,1,1,1.0
34,2,117.55,90.67,59.24,52.84,1,1,1.0
35,1,419.41,333.44,246.98,186.81,1,1,1.0
35,2,119.04,91.73,59.45,53.06,1,1,1.0
36,1,432.0,342.4,257.0,198.6,1,1,1.0
36,2,120.53,92.8,59.67,53.27,1,1,1.0
37,1,449.71,354.77,258.92,186.23,1,1,1.0
37,2,122.24,94.29,59.88,54.12,1,1,1.0
38,1,467.41,367.15,260.84,173.85,1,1,1.0
38,2,123.95,95.79,60.09,54.97,1,1,1.0
39,1,485.12,379.52,262.76,161.48,1,1,1.0
39,2,125.65,97.28,60.31,55.83,1,1,1.0
40,1,502.83,391.89,264.68,149.11,1,1,1.0
40,2,127.36,98.77,60.52,56.68,1,1,1.0
41,1,520.53,404.27,266.6,136.73,1,1,1.0
41,2,129.07,100.27,60.73,57.53,1,1,1.0
42,1,548.48,420.27,249.96,120.73,1,1,1.0
42,2,130.13,101.97,62.87,57.75,1,1,1.0
43,1,576.43,436.27,233.32,104.73,1,1,1.0
43,2,131.2,103.68,65.0,57.96,1,1,1.0
44,1,604.37,452.27,216.68,88.73,1,1,1.0
44,2,132.27,105.39,67.13,58.17,1,1,1.0
45,1,632.32,468.27,200.04,72.73,1,1,1.0
45,2,133.33,107.09,69.27,58.39,1,1,1.0
46,1,660.27,484.27,183.4,56.73,1,1,1.0
46,2,134.4,108.8,71.4,58.6,1,1,1.0
47,2,136.53,109.65,71.83,60.1,1,1,1.0
48,2,138.67,110.51,72.25,61.58,1,1,1.0
49,2,140.8,111.36,72.68,63.08,1,1,1.0
50,2,142.93,112.21,73.11,64.58,1,1,1.0
51,2,145.07,113.07,73.53,66.06,1,1,1.0
52,2,146.99,115.41,74.81,66.28,1,1,1.0
53,2,148.91,117.76,76.09,66.49,1,1,1.0
54,2,150.83,120.11,77.37,66.7,1,1,1.0
55,2,152.75,122.45,78.65,66.92,1,1,1.0
56,2,154.67,124.8,79.93,67.13,1,1,1.0
57,2,157.65,126.51,80.79,69.05,1,1,1.0
58,2,160.64,128.21,81.64,70.98,1,1,1.0
59,2,163.63,129.92,82.49,72.89,1,1,1.0
60,2,166.61,131.63,83.35,74.81,1,1,1.0
61,2,169.6,133.33,84.2,76.74,1,1,1.0
62,2,171.52,135.89,86.55,77.8,1,1,1.0
63,2,173.44,138.45,88.89,78.87,1,1,1.0
64,2,175.36,141.01,91.24,79.94,1,1,1.0
65,2,177.28,143.57,93.59,81.0,1,1,1.0
66,2,179.2,146.13,95.93,82.07,1,1,1.0
67,2,183.68,149.12,95.72,83.77,1,1,1.0
68,2,188.16,152.11,95.51,85.48,1,1,1.0
69,2,192.64,155.09,95.29,87.19,1,1,1.0
70,2,197.12,158.08,95.08,88.89,1,1,1.0
71,2,201.6,161.07,94.87,90.6,1,1,1.0
71,4,918.4,333.87,42.6,73.53,1,1,1.0
72,2,204.37,164.05,99.56,92.95,1,1,1.0
72,4,891.95,323.41,69.05,85.7,1,1,1.0
73,2,207.15,167.04,104.25,95.29,1,1,1.0
73,4,865.49,312.96,95.51,97.85,1,1,1.0
74,2,209.92,170.03,108.95,97.64,1,1,1.0
74,4,839.04,302.51,121.96,110.01,1,1,1.0
75,2,212.69,173.01,113.64,99.99,1,1,1.0
75,4,812.59,292.05,148.41,122.18,1,1,1.0
76,2,215.47,176.0,118.33,102.33,1,1,1.0
76,4,786.13,281.6,174.87,134.33,1,1,1.0
77,2,220.59,179.63,120.25,104.89,1,1,1.0
77,4,765.87,273.07,195.13,129.0,1,1,1.0
78,2,225.71,183.25,122.17,107.46,1,1,1.0
78,4,745.6,264.53,196.41,123.67,1,1,1.0
79,2,230.83,186.88,124.09,110.01,1,1,1.0
79,4,725.33,256.0,204.52,118.33,1,1,1.0
80,2,235.95,190.51,126.01,112.57,1,1,1.0
80,4,705.07,247.47,212.62,113.0,1,1,1.0
81,2,241.07,194.13,127.93,115.14,1,1,1.0
81,4,684.8,238.93,220.73,107.67,1,1,1.0
82,2,246.61,199.47,132.84,118.54,1,1,1.0
82,4,668.59,232.75,212.41,103.82,1,1,1.0
83,2,252.16,204.8,137.75,121.96,1,1,1.0
83,4,652.37,226.56,204.1,99.99,1,1,1.0
84,2,257.71,210.13,142.65,125.38,1,1,1.0
84,4,636.16,220.37,195.77,96.15,1,1,1.0
85,2,263.25,215.47,147.56,128.78,1,1,1.0
85,4,619.95,214.19,187.45,92.3,1,1,1.0
86,2,268.8,220.8,152.47,132.2,1,1,1.0
86,4,603.73,208.0,179.14,88.47,1,1,1.0
87,2,275.2,226.56,158.01,138.6,1,1,1.0
87,4,589.87,202.24,174.44,85.69,1,1,1.0
88,2,281.6,232.32,163.56,145.0,1,1,1.0
88,4,576.0,196.48,169.75,82.92,1,1,1.0
89,2,288.0,238.08,169.11,151.4,1,1,1.0
89,4,562.13,190.72,165.06,80.15,1,1,1.0
90,2,294.4,243.84,174.65,157.8,1,1,1.0
90,4,548.27,184.96,160.36,77.37,1,1,1.0
91,2,300.8,249.6,180.2,164.2,1,1,1.0
91,4,534.4,179.2,155.67,74.6,1,1,1.0
92,2,310.61,258.13,187.67,170.18,1,1,1.0
92,4,523.52,174.51,150.76,72.89,1,1,1.0
93,2,320.43,266.67,195.13,176.14,1,1,1.0
93,4,512.64,169.81,145.85,71.19,1,1,1.0
94,2,330.24,275.2,202.6,182.12,1,1,1.0
94,4,501.76,165.12,140.95,69.48,1,1,1.0
95,2,340.05,283.73,210.07,188.1,1,1,1.0
95,4,490.88,160.43,136.04,67.77,1,1,1.0
96,2,349.87,292.27,217.53,194.06,1,1,1.0
96,4,480.0,155.73,131.13,66.07,1,1,1.0
97,2,361.6,302.93,230.12,195.14,1,1,1.0
97,4,470.61,153.39,128.15,63.08,1,1,1.0
98,2,373.33,313.6,242.71,196.2,1,1,1.0
98,4,461.23,151.04,125.16,60.09,1,1,1.0
99,2,385.07,324.27,255.29,197.26,1,1,1.0
99,4,451.84,148.69,122.17,57.11,1,1,1.0
100,2,396.8,334.93,267.88,198.34,1,1,1.0
100,4,442.45,146.35,119.19,54.12,1,1,1.0
101,2,408.53,345.6,280.47,195.4,1,1,1.0
101,4,433.07,144.0,116.2,51.13,1,1,1.0
102,2,425.81,360.11,277.48,180.89,1,1,1.0
102,4,425.6,140.16,113.21,51.56,1,1,1.0
103,2,443.09,374.61,274.5,166.39,1,1,1.0
103,4,418.13,136.32,110.23,51.99,1,1,1.0
104,2,460.37,389.12,271.51,151.88,1,1,1.0
104,4,410.67,132.48,107.24,52.41,1,1,1.0
105,2,477.65,403.63,268.52,137.37,1,1,1.0
105,4,403.2,128.64,104.25,52.84,1,1,1.0
106,2,494.93,418.13,265.54,115.14,1,1,1.0
106,4,395.73,124.8,101.27,53.27,1,1,1.0
107,4,389.55,122.24,98.92,51.99,1,1,1.0
108,4,383.36,119.68,96.57,50.71,1,1,1.0
109,4,377.17,117.12,94.23,49.43,1,1,1.0
110,4,370.99,114.56,91.88,48.15,1,1,1.0
111,4,364.8,112.0,89.53,46.87,1,1,1.0
112,4,359.47,110.51,87.61,46.01,1,1,1.0
113,4,354.13,109.01,85.7,45.16,1,1,1.0
114,4,348.8,107.52,83.77,44.31,1,1,1.0
115,4,343.47,106.03,81.85,43.45,1,1,1.0
116,4,338.13,104.53,79.94,42.6,1,1,1.0
117,4,333.23,101.97,78.01,42.39,1,1,1.0
118,4,328.32,99.41,76.09,42.18,1,1,1.0
119,4,323.41,96.85,74.18,41.96,1,1,1.0
120,4,318.51,94.29,72.25,41.75,1,1,1.0
121,4,313.6,91.73,70.33,41.54,1,1,1.0
122,4,309.33,90.24,69.91,40.89,1,1,1.0
123,4,305.07,88.75,69.48,40.25,1,1,1.0
124,4,300.8,87.25,69.05,39.62,1,1,1.0
125,4,296.53,85.76,68.63,38.97,1,1,1.0
126,4,292.27,84.27,68.2,38.33,1,1,1.0
127,4,289.07,82.99,66.49,38.33,1,1,1.0
128,4,285.87,81.71,64.78,38.33,1,1,1.0
129,4,282.67,80.43,63.08,38.33,1,1,1.0
130,4,279.47,79.15,61.37,38.33,1,1,1.0
131,4,276.27,77.87,59.66,38.33,1,1,1.0
132,4,272.85,76.37,58.6,37.7,1,1,1.0
133,4,269.44,74.88,57.53,37.05,1,1,1.0
134,4,266.03,73.39,56.46,36.41,1,1,1.0
135,4,262.61,71.89,55.4,35.78,1,1,1.0
136,4,259.2,70.4,54.33,35.13,1,1,1.0
136,5,77.87,60.8,38.33,31.93,1,1,1.0
137,4,256.43,69.76,53.69,34.28,1,1,1.0
137,5,78.51,61.01,38.33,32.36,1,1,1.0
138,4,253.65,69.12,53.06,33.43,1,1,1.0
138,5,79.15,61.23,38.33,32.79,1,1,1.0
139,4,250.88,68.48,52.41,32.57,1,1,1.0
139,5,79.79,61.44,38.33,33.21,1,1,1.0
140,4,248.11,67.84,51.77,31.72,1,1,1.0
140,5,80.43,61.65,38.33,33.64,1,1,1.0
141,4,245.33,67.2,51.14,30.87,1,1,1.0
141,5,81.07,61.87,38.33,34.07,1,1,1.0
141,6,134.4,52.27,37.27,33.0,1,1,1.0
142,4,242.77,65.71,50.07,31.08,1,1,1.0
142,5,81.28,62.08,38.97,34.49,1,1,1.0
142,6,135.68,53.12,37.48,33.21,1,1,1.0
143,4,240.21,64.21,49.0,31.29,1,1,1.0
143,5,81.49,62.29,39.62,34.92,1,1,1.0
143,6,136.96,53.97,37.69,33.43,1,1,1.0
144,4,237.65,62.72,47.94,31.51,1,1,1.0
144,5,81.71,62.51,40.25,35.35,1,1,1.0
144,6,138.24,54.83,37.91,33.64,1,1,1.0
145,4,235.09,61.23,46.87,31.72,1,1,1.0
145,5,81.92,62.72,40.89,35.77,1,1,1.0
145,6,139.52,55.68,38.12,33.85,1,1,1.0
146,4,232.53,59.73,45.8,31.93,1,1,1.0
146,5,82.13,62.93,41.54,36.2,1,1,1.0
146,6,140.8,56.53,38.33,34.07,1,1,1.0
147,4,230.4,59.09,44.95,31.51,1,1,1.0
147,5,83.41,64.21,41.11,36.2,1,1,1.0
147,6,142.72,57.6,38.76,34.28,1,1,1.0
148,4,228.27,58.45,44.09,31.08,1,1,1.0
148,5,84.69,65.49,40.68,36.2,1,1,1.0
148,6,144.64,58.67,39.19,34.49,1,1,1.0
149,4,226.13,57.81,43.24,30.65,1,1,1.0
149,5,85.97,66.77,40.26,36.2,1,1,1.0
149,6,146.56,59.73,39.61,34.71,1,1,1.0
150,4,224.0,57.17,42.39,30.23,1,1,1.0
150,5,87.25,68.05,39.83,36.2,1,1,1.0
150,6,148.48,60.8,40.04,34.92,1,1,1.0
151,4,221.87,56.53,41.53,29.8,1,1,1.0
151,5,88.53,69.33,39.4,36.2,1,1,1.0
151,6,150.4,61.87,40.47,35.13,1,1,1.0
152,4,219.09,55.25,42.18,30.01,1,1,1.0
152,5,88.96,69.55,40.47,37.05,1,1,1.0
152,6,151.47,62.93,41.32,35.56,1,1,1.0
153,4,216.32,53.97,42.81,30.23,1,1,1.0
153,5,89.39,69.76,41.53,37.91,1,1,1.0
153,6,152.53,64.0,42.18,35.99,1,1,1.0
154,4,213.55,52.69,43.45,30.44,1,1,1.0
154,5,89.81,69.97,42.6,38.76,1,1,1.0
154,6,153.6,65.07,43.03,36.41,1,1,1.0
155,4,210.77,51.41,44.1,30.65,1,1,1.0
155,5,90.24,70.19,43.67,39.61,1,1,1.0
155,6,154.67,66.13,43.88,36.84,1,1,1.0
156,4,208.0,50.13,44.73,30.87,1,1,1.0
156,5,90.67,70.4,44.73,40.47,1,1,1.0
156,6,155.73,67.2,44.74,37.27,1,1,1.0
157,4,206.08,49.49,44.31,31.08,1,1,1.0
157,5,91.73,71.68,44.1,40.25,1,1,1.0
157,6,157.65,68.27,45.59,37.69,1,1,1.0
158,4,204.16,48.85,43.88,31.29,1,1,1.0
158,5,92.8,72.96,43.45,40.04,1,1,1.0
158,6,159.57,69.33,46.44,38.12,1,1,1.0
159,4,202.24,48.21,43.45,31.51,1,1,1.0
159,5,93.87,74.24,42.81,39.83,1,1,1.0
159,6,161.49,70.4,47.3,38.55,1,1,1.0
160,4,200.32,47.57,43.03,31.72,1,1,1.0
160,5,94.93,75.52,42.18,39.61,1,1,1.0
160,6,163.41,71.47,48.15,38.97,1,1,1.0
161,4,198.4,46.93,42.6,31.93,1,1,1.0
161,5,96.0,76.8,41.53,39.4,1,1,1.0
161,6,165.33,72.53,49.0,39.4,1,1,1.0
162,5,96.85,77.44,42.18,40.04,1,1,1.0
162,6,167.47,74.03,49.64,40.25,1,1,1.0
163,5,97.71,78.08,42.81,40.68,1,1,1.0
163,6,169.6,75.52,50.28,41.11,1,1,1.0
164,5,98.56,78.72,43.45,41.32,1,1,1.0
164,6,171.73,77.01,50.92,41.96,1,1,1.0
165,5,99.41,79.36,44.1,41.96,1,1,1.0
165,6,173.87,78.51,51.56,42.81,1,1,1.0
166,5,100.27,80.0,44.73,42.6,1,1,1.0
166,6,176.0,80.0,52.2,43.67,1,1,1.0
167,5,101.12,81.07,45.37,42.81,1,1,1.0
167,6,178.77,81.49,52.63,44.74,1,1,1.0
168,5,101.97,82.13,46.02,43.03,1,1,1.0
168,6,181.55,82.99,53.05,45.8,1,1,1.0
169,5,102.83,83.2,46.65,43.24,1,1,1.0
169,6,184.32,84.48,53.48,46.87,1,1,1.0
170,5,103.68,84.27,47.29,43.45,1,1,1.0
170,6,187.09,85.97,53.91,47.94,1,1,1.0
171,5,104.53,85.33,47.94,43.67,1,1,1.0
171,6,189.87,87.47,54.33,49.0,1,1,1.0
172,5,105.6,86.4,48.15,44.09,1,1,1.0
172,6,192.64,89.39,55.4,48.78,1,1,1.0
173,5,106.67,87.47,48.36,44.52,1,1,1.0
173,6,195.41,91.31,56.47,48.57,1,1,1.0
174,5,107.73,88.53,48.58,44.95,1,1,1.0
174,6,198.19,93.23,57.53,48.36,1,1,1.0
175,5,108.8,89.6,48.79,45.37,1,1,1.0
175,6,200.96,95.15,58.6,48.14,1,1,1.0
176,5,109.87,90.67,49.0,45.8,1,1,1.0
176,6,203.73,97.07,59.67,47.93,1,1,1.0
177,5,110.72,91.95,49.85,46.22,1,1,1.0
177,6,206.51,98.99,61.16,49.64,1,1,1.0
178,5,111.57,93.23,50.71,46.65,1,1,1.0
178,6,209.28,100.91,62.65,51.34,1,1,1.0
179,5,112.43,94.51,51.56,47.08,1,1,1.0
179,6,212.05,102.83,64.15,53.05,1,1,1.0
180,5,113.28,95.79,52.41,47.5,1,1,1.0
180,6,214.83,104.75,65.64,54.76,1,1,1.0
181,5,114.13,97.07,53.27,47.93,1,1,1.0
181,6,217.6,106.67,67.13,56.46,1,1,1.0
182,5,115.2,98.35,54.33,48.78,1,1,1.0
182,6,221.01,109.01,68.42,57.54,1,1,1.0
183,5,116.27,99.63,55.4,49.64,1,1,1.0
183,6,224.43,111.36,69.69,58.6,1,1,1.0
184,5,117.33,100.91,56.47,50.49,1,1,1.0
184,6,227.84,113.71,70.97,59.66,1,1,1.0
185,5,118.4,102.19,57.53,51.34,1,1,1.0
185,6,231.25,116.05,72.26,60.74,1,1,1.0
186,5,119.47,103.47,58.6,52.2,1,1,1.0
186,6,234.67,118.4,73.53,61.8,1,1,1.0
187,5,121.17,104.32,59.03,52.63,1,1,1.0
187,6,238.93,121.39,74.82,63.5,1,1,1.0
188,5,122.88,105.17,59.45,53.06,1,1,1.0
188,6,243.2,124.37,76.09,65.22,1,1,1.0
189,5,124.59,106.03,59.88,53.48,1,1,1.0
189,6,247.47,127.36,77.37,66.92,1,1,1.0
190,5,126.29,106.88,60.31,53.91,1,1,1.0
190,6,251.73,130.35,78.66,68.62,1,1,1.0
191,5,128.0,107.73,60.73,54.34,1,1,1.0
191,6,256.0,133.33,79.93,70.34,1,1,1.0
192,5,129.71,109.44,62.01,55.4,1,1,1.0
192,6,260.91,136.75,82.49,72.46,1,1,1.0
193,5,131.41,111.15,63.3,56.46,1,1,1.0
193,6,265.81,140.16,85.06,74.6,1,1,1.0
194,5,133.12,112.85,64.57,57.54,1,1,1.0
194,6,270.72,143.57,87.61,76.74,1,1,1.0
195,5,134.83,114.56,65.85,58.6,1,1,1.0
195,6,275.63,146.99,90.17,78.86,1,1,1.0
196,5,136.53,116.27,67.14,59.66,1,1,1.0
196,6,280.53,150.4,92.74,81.0,1,1,1.0
197,5,138.88,118.19,67.35,60.09,1,1,1.0
197,6,286.72,155.31,95.93,83.98,1,1,1.0
198,5,141.23,120.11,67.56,60.52,1,1,1.0
198,6,292.91,160.21,99.13,86.98,1,1,1.0
199,5,143.57,122.03,67.78,60.94,1,1,1.0
199,6,299.09,165.12,102.34,89.96,1,1,1.0
200,5,145.92,123.95,67.99,61.37,1,1,1.0
200,6,305.28,170.03,105.53,92.94,1,1,1.0
201,5,148.27,125.87,68.2,61.8,1,1,1.0
201,6,311.47,174.93,108.73,95.94,1,1,1.0
202,5,150.4,127.79,69.27,62.65,1,1,1.0
202,6,318.72,180.69,113.64,99.56,1,1,1.0
203,5,152.53,129.71,70.34,63.5,1,1,1.0
203,6,325.97,186.45,118.55,103.19,1,1,1.0
204,5,154.67,131.63,71.4,64.36,1,1,1.0
204,6,333.23,192.21,123.45,106.82,1,1,1.0
205,5,156.8,133.55,72.47,65.21,1,1,1.0
205,6,340.48,197.97,128.36,110.44,1,1,1.0
206,5,158.93,135.47,73.54,66.06,1,1,1.0
206,6,347.73,203.73,133.27,114.07,1,1,1.0
207,5,161.07,138.24,75.88,66.71,1,1,1.0
207,6,358.4,210.99,138.6,119.61,1,1,1.0
208,5,163.2,141.01,78.23,67.35,1,1,1.0
208,6,369.07,218.24,143.93,125.16,1,1,1.0
209,5,165.33,143.79,80.58,67.98,1,1,1.0
209,6,379.73,225.49,149.27,130.71,1,1,1.0
210,5,167.47,146.56,82.92,68.63,1,1,1.0
210,6,390.4,232.75,154.6,136.25,1,1,1.0
211,5,169.6,149.33,85.27,69.27,1,1,1.0
211,6,401.07,240.0,159.93,141.8,1,1,1.0
212,5,171.95,152.11,86.54,70.33,1,1,1.0
212,6,414.93,249.81,169.32,149.91,1,1,1.0
213,5,174.29,154.88,87.83,71.4,1,1,1.0
213,6,428.8,259.63,178.71,158.01,1,1,1.0
214,5,176.64,157.65,89.11,72.47,1,1,1.0
214,6,442.67,269.44,188.09,166.12,1,1,1.0
215,5,178.99,160.43,90.38,73.53,1,1,1.0
215,6,456.53,279.25,197.48,174.23,1,1,1.0
216,5,181.33,163.2,91.67,74.6,1,1,1.0
216,6,470.4,289.07,206.87,182.33,1,1,1.0
217,5,184.53,166.61,93.16,75.88,1,1,1.0
217,6,490.24,304.43,219.88,182.54,1,1,1.0
218,5,187.73,170.03,94.66,77.16,1,1,1.0
218,6,510.08,319.79,232.89,182.76,1,1,1.0
219,5,190.93,173.44,96.15,78.44,1,1,1.0
219,6,529.92,335.15,245.91,182.97,1,1,1.0
220,5,194.13,176.85,97.64,79.72,1,1,1.0
220,6,549.76,350.51,258.92,183.18,1,1,1.0
221,5,197.33,180.27,99.14,81.0,1,1,1.0
221,6,569.6,365.87,271.93,175.13,1,1,1.0
222,5,201.6,183.68,101.27,83.77,1,1,1.0
222,6,599.68,383.79,260.84,157.21,1,1,1.0
223,5,205.87,187.09,103.4,86.55,1,1,1.0
223,6,629.76,401.71,249.75,139.29,1,1,1.0
224,5,210.13,190.51,105.54,89.32,1,1,1.0
224,6,659.84,419.63,238.65,121.37,1,1,1.0
225,5,214.4,193.92,107.67,92.09,1,1,1.0
225,6,689.92,437.55,227.56,103.45,1,1,1.0
226,5,218.67,197.33,109.8,94.87,1,1,1.0
226,6,720.0,455.47,216.47,85.53,1,1,1.0
227,5,222.51,202.03,114.06,97.85,1,1,1.0
228,5,226.35,206.72,118.33,100.84,1,1,1.0
229,5,230.19,211.41,122.6,103.83,1,1,1.0
230,5,234.03,216.11,126.86,106.81,1,1,1.0
231,5,237.87,220.8,131.13,109.8,1,1,1.0
231,7,83.2,57.6,36.2,31.93,1,1,1.0
232,5,244.69,226.56,133.48,112.36,1,1,1.0
232,7,83.84,58.45,36.84,32.15,1,1,1.0
233,5,251.52,232.32,135.83,114.92,1,1,1.0
233,7,84.48,59.31,37.48,32.36,1,1,1.0
234,5,258.35,238.08,138.17,117.48,1,1,1.0
234,7,85.12,60.16,38.12,32.57,1,1,1.0
235,5,265.17,243.84,140.52,120.04,1,1,1.0
235,7,85.76,61.01,38.76,32.79,1,1,1.0
236,5,272.0,249.6,142.87,122.6,1,1,1.0
236,7,86.4,61.87,39.4,33.0,1,1,1.0
237,5,279.04,256.0,148.63,127.08,1,1,1.0
237,7,87.68,62.29,38.97,33.0,1,1,1.0
238,5,286.08,262.4,154.39,131.56,1,1,1.0
238,7,88.96,62.72,38.55,33.0,1,1,1.0
239,5,293.12,268.8,160.15,136.04,1,1,1.0
239,7,90.24,63.15,38.12,33.0,1,1,1.0
240,5,300.16,275.2,165.91,140.52,1,1,1.0
240,7,91.52,63.57,37.69,33.0,1,1,1.0
241,5,307.2,281.6,171.67,145.0,1,1,1.0
241,7,92.8,64.0,37.27,33.0,1,1,1.0
242,5,314.67,289.49,181.26,153.32,1,1,1.0
242,7,93.44,64.43,38.12,34.07,1,1,1.0
243,5,322.13,297.39,190.87,161.64,1,1,1.0
243,7,94.08,64.85,38.97,35.13,1,1,1.0
244,5,329.6,305.28,200.47,169.96,1,1,1.0
244,7,94.72,65.28,39.83,36.2,1,1,1.0
245,5,337.07,313.17,210.06,178.28,1,1,1.0
245,7,95.36,65.71,40.68,37.26,1,1,1.0
246,5,344.53,321.07,219.67,186.6,1,1,1.0
246,7,96.0,66.13,41.53,38.34,1,1,1.0
247,5,356.27,332.16,229.26,186.81,1,1,1.0
247,7,97.07,67.2,42.17,39.19,1,1,1.0
248,5,368.0,343.25,238.87,187.03,1,1,1.0
248,7,98.13,68.27,42.82,40.04,1,1,1.0
249,5,379.73,354.35,248.47,186.65,1,1,1.0
249,7,99.2,69.33,43.45,40.9,1,1,1.0
250,5,391.47,365.44,258.06,175.56,1,1,1.0
250,7,100.27,70.4,44.09,41.75,1,1,1.0
251,5,403.2,376.53,267.67,164.47,1,1,1.0
251,7,101.33,71.47,44.74,42.6,1,1,1.0
252,5,419.84,391.47,258.28,149.53,1,1,1.0
252,7,102.83,72.53,44.73,42.39,1,1,1.0
253,5,436.48,406.4,248.89,134.6,1,1,1.0
253,7,104.32,73.6,44.73,42.17,1,1,1.0
254,5,453.12,421.33,239.51,119.67,1,1,1.0
254,7,105.81,74.67,44.74,41.96,1,1,1.0
255,5,469.76,436.27,230.12,104.73,1,1,1.0
255,7,107.31,75.73,44.73,41.75,1,1,1.0
256,5,486.4,451.2,220.73,89.8,1,1,1.0
256,7,108.8,76.8,44.73,41.53,1,1,1.0
257,7,109.87,77.87,45.8,41.96,1,1,1.0
258,7,110.93,78.93,46.87,42.39,1,1,1.0
259,7,112.0,80.0,47.93,42.81,1,1,1.0
260,7,113.07,81.07,49.0,43.24,1,1,1.0
261,7,114.13,82.13,50.07,43.67,1,1,1.0
262,7,115.63,83.41,49.85,44.74,1,1,1.0
263,7,117.12,84.69,49.64,45.8,1,1,1.0
264,7,118.61,85.97,49.43,46.87,1,1,1.0
265,7,120.11,87.25,49.21,47.94,1,1,1.0
266,7,121.6,88.53,49.0,49.0,1,1,1.0
267,7,123.09,90.03,50.07,48.57,1,1,1.0
268,7,124.59,91.52,51.13,48.15,1,1,1.0
269,7,126.08,93.01,52.2,47.72,1,1,1.0
270,7,127.57,94.51,53.27,47.29,1,1,1.0
271,7,129.07,96.0,54.33,46.87,1,1,1.0
272,7,130.35,97.71,55.18,47.5,1,1,1.0
273,7,131.63,99.41,56.04,48.15,1,1,1.0
274,7,132.91,101.12,56.89,48.79,1,1,1.0
275,7,134.19,102.83,57.74,49.42,1,1,1.0
276,7,135.47,104.53,58.6,50.07,1,1,1.0
277,7,137.81,106.24,59.24,50.92,1,1,1.0
278,7,140.16,107.95,59.88,51.77,1,1,1.0
279,7,142.51,109.65,60.52,52.63,1,1,1.0
280,7,144.85,111.36,61.16,53.48,1,1,1.0
281,7,147.2,113.07,61.8,54.33,1,1,1.0
282,7,148.91,115.41,63.29,54.76,1,1,1.0
283,7,150.61,117.76,64.79,55.19,1,1,1.0
284,7,152.32,120.11,66.28,55.61,1,1,1.0
285,7,154.03,122.45,67.77,56.04,1,1,1.0
286,7,155.73,124.8,69.27,56.47,1,1,1.0
287,7,158.51,126.72,69.69,58.39,1,1,1.0
288,7,161.28,128.64,70.12,60.31,1,1,1.0
289,7,164.05,130.56,70.55,62.23,1,1,1.0
290,7,166.83,132.48,70.97,64.15,1,1,1.0
291,7,169.6,134.4,71.4,66.07,1,1,1.0
292,7,171.95,137.39,74.17,66.49,1,1,1.0
293,7,174.29,140.37,76.95,66.92,1,1,1.0
294,7,176.64,143.36,79.72,67.35,1,1,1.0
295,7,178.99,146.35,82.49,67.77,1,1,1.0
296,7,181.33,149.33,85.27,68.2,1,1,1.0
297,7,184.96,152.53,85.69,69.7,1,1,1.0
298,7,188.59,155.73,86.12,71.19,1,1,1.0
299,7,192.21,158.93,86.55,72.68,1,1,1.0
300,7,195.84,162.13,86.97,74.18,1,1,1.0
301,7,199.47,165.33,87.4,75.67,1,1,1.0
302,7,202.45,167.89,90.82,79.08,1,1,1.0
303,7,205.44,170.45,94.23,82.5,1,1,1.0
304,7,208.43,173.01,97.64,85.91,1,1,1.0
305,7,211.41,175.57,101.06,89.32,1,1,1.0
306,7,214.4,178.13,104.47,92.74,1,1,1.0
307,7,219.73,183.04,106.18,94.23,1,1,1.0
308,7,225.07,187.95,107.88,95.72,1,1,1.0
309,7,230.4,192.85,109.59,97.22,1,1,1.0
310,7,235.73,197.76,111.3,98.71,1,1,1.0
311,7,241.07,202.67,113.0,100.2,1,1,1.0
312,7,245.97,208.21,118.55,104.26,1,1,1.0
313,7,250.88,213.76,124.09,108.31,1,1,1.0
314,7,255.79,219.31,129.64,112.36,1,1,1.0
315,7,260.69,224.85,135.19,116.42,1,1,1.0
316,7,265.6,230.4,140.73,120.47,1,1,1.0
317,7,272.64,237.65,145.43,125.16,1,1,1.0
318,7,279.68,244.91,150.12,129.85,1,1,1.0
319,7,286.72,252.16,154.81,134.55,1,1,1.0
320,7,293.76,259.41,159.51,139.24,1,1,1.0
321,7,300.8,266.67,164.2,143.93,1,1,1.0
322,7,310.19,274.56,172.3,150.97,1,1,1.0
323,7,319.57,282.45,180.42,158.02,1,1,1.0
324,7,328.96,290.35,188.52,165.05,1,1,1.0
325,7,338.35,298.24,196.62,172.09,1,1,1.0
326,7,347.73,306.13,204.74,179.14,1,1,1.0
327,7,360.96,318.08,216.25,180.41,1,1,1.0
328,7,374.19,330.03,227.77,181.69,1,1,1.0
329,7,387.41,341.97,239.3,182.98,1,1,1.0
330,7,400.64,353.92,250.81,187.08,1,1,1.0
331,7,413.87,365.87,262.33,175.13,1,1,1.0
332,7,430.08,380.16,256.57,160.84,1,1,1.0
333,7,446.29,394.45,250.82,146.55,1,1,1.0
334,7,462.51,408.75,245.05,132.25,1,1,1.0
335,7,478.72,423.04,239.29,117.96,1,1,1.0
336,7,494.93,437.33,233.54,103.67,1,1,1.0
341,8,87.47,56.53,39.4,35.13,1,1,1.0
342,8,88.32,57.39,39.83,34.92,1,1,1.0
343,8,89.17,58.24,40.26,34.71,1,1,1.0
344,8,90.03,59.09,40.68,34.49,1,1,1.0
345,8,90.88,59.95,41.11,34.28,1,1,1.0
346,8,91.73,60.8,41.54,34.07,1,1,1.0
346,9,932.27,291.2,28.73,75.67,1,1,1.0
347,8,92.37,61.44,41.54,34.28,1,1,1.0
347,9,909.23,283.09,51.77,81.86,1,1,1.0
348,8,93.01,62.08,41.54,34.49,1,1,1.0
348,9,886.19,274.99,74.81,88.04,1,1,1.0
349,8,93.65,62.72,41.54,34.71,1,1,1.0
349,9,863.15,266.88,97.85,94.23,1,1,0.9997
350,8,94.29,63.36,41.54,34.92,1,1,1.0
350,9,840.11,258.77,120.89,100.42,1,1,0.9793
351,8,94.93,64.0,41.54,35.13,1,1,1.0
351,9,817.07,250.67,143.93,106.6,1,1,0.9517
352,8,96.64,64.64,40.68,35.99,1,1,1.0
352,9,797.65,244.48,163.35,102.33,1,1,0.9628
353,8,98.35,65.28,39.82,36.84,1,1,1.0
353,9,778.24,238.29,163.35,98.07,1,1,0.9688
354,8,100.05,65.92,38.98,37.69,1,1,1.0
354,9,758.83,232.11,170.38,93.8,1,1,0.9769
355,8,101.76,66.56,38.12,38.55,1,1,1.0
355,9,739.41,225.92,177.43,89.53,1,1,0.9827
356,8,103.47,67.2,37.26,39.4,1,1,1.0
356,9,720.0,219.73,184.47,85.27,1,1,0.9868
357,8,104.11,68.27,38.76,39.4,1,1,1.0
357,9,704.64,213.55,178.71,83.77,1,1,0.9878
358,8,104.75,69.33,40.25,39.4,1,1,1.0
358,9,689.28,207.36,172.95,82.28,1,1,0.9916
359,8,105.39,70.4,41.74,39.4,1,1,1.0
359,9,673.92,201.17,167.19,80.79,1,1,0.9888
360,8,106.03,71.47,43.24,39.4,1,1,1.0
360,9,658.56,194.99,161.43,79.29,1,1,0.9919
361,8,106.67,72.53,44.73,39.4,1,1,1.0
361,9,643.2,188.8,155.67,77.8,1,1,0.9929
362,8,107.52,73.6,45.37,39.83,1,1,1.0
362,9,630.4,184.75,151.19,75.88,1,1,0.9916
363,8,108.37,74.67,46.02,40.25,1,1,1.0
363,9,617.6,180.69,146.71,73.96,1,1,0.9944
364,8,109.23,75.73,46.65,40.68,1,1,1.0
364,9,604.8,176.64,142.23,72.04,1,1,0.995
365,8,110.08,76.8,47.29,41.11,1,1,1.0
365,9,592.0,172.59,137.75,70.12,1,1,0.9937
366,8,110.93,77.87,47.94,41.53,1,1,1.0
366,9,579.2,168.53,133.27,68.2,1,1,0.9943
367,8,112.21,78.93,47.51,41.54,1,1,1.0
367,9,568.32,164.05,129.85,67.14,1,1,0.995
368,8,113.49,80.0,47.08,41.53,1,1,1.0
368,9,557.44,159.57,126.44,66.07,1,1,0.9975
369,8,114.77,81.07,46.66,41.53,1,1,1.0
369,9,546.56,155.09,123.03,65.0,1,1,0.9957
370,8,116.05,82.13,46.23,41.54,1,1,1.0
370,9,535.68,150.61,119.61,63.94,1,1,0.9983
371,8,117.33,83.2,45.8,41.53,1,1,1.0
371,9,524.8,146.13,116.2,62.87,1,1,0.9996
372,8,118.83,84.48,46.22,42.17,1,1,1.0
372,9,516.05,142.72,113.22,61.16,1,1,1.0
373,8,120.32,85.76,46.65,42.81,1,1,1.0
373,9,507.31,139.31,110.22,59.45,1,1,1.0
374,8,121.81,87.04,47.08,43.45,1,1,1.0
374,9,498.56,135.89,107.24,57.75,1,1,1.0
375,8,123.31,88.32,47.5,44.09,1,1,1.0
375,9,489.81,132.48,104.26,56.04,1,1,1.0
376,8,124.8,89.6,47.93,44.73,1,1,1.0
376,9,481.07,129.07,101.26,54.33,1,1,1.0
377,8,125.87,91.31,49.42,44.94,1,1,1.0
377,9,473.39,126.51,99.13,53.69,1,1,1.0
378,8,126.93,93.01,50.92,45.16,1,1,1.0
378,9,465.71,123.95,97.0,53.05,1,1,1.0
379,8,128.0,94.72,52.41,45.37,1,1,1.0
379,9,458.03,121.39,94.86,52.41,1,1,1.0
380,8,129.07,96.43,53.9,45.58,1,1,1.0
380,9,450.35,118.83,92.73,51.77,1,1,1.0
381,8,130.13,98.13,55.4,45.8,1,1,1.0
381,9,442.67,116.27,90.6,51.13,1,1,1.0
382,8,132.05,99.2,55.83,46.87,1,1,1.0
382,9,436.27,114.13,88.89,50.28,1,1,1.0
383,8,133.97,100.27,56.26,47.93,1,1,1.0
383,9,429.87,112.0,87.18,49.43,1,1,1.0
384,8,135.89,101.33,56.68,49.0,1,1,1.0
384,9,423.47,109.87,85.48,48.57,1,1,1.0
385,8,137.81,102.4,57.11,50.07,1,1,1.0
385,9,417.07,107.73,83.77,47.72,1,1,1.0
386,8,139.73,103.47,57.54,51.13,1,1,1.0
386,9,410.67,105.6,82.06,46.87,1,1,1.0
386,10,920.53,334.93,40.47,97.0,1,1,0.5265
387,8,141.44,105.39,59.24,51.98,1,1,1.0
387,9,405.33,103.68,80.15,46.44,1,1,1.0
387,10,896.21,325.76,64.79,105.53,1,1,0.4599
388,8,143.15,107.31,60.94,52.84,1,1,1.0
388,9,400.0,101.76,78.23,46.01,1,1,1.0
388,10,871.89,316.59,89.11,114.06,1,1,0.4164
389,8,144.85,109.23,62.66,53.69,1,1,1.0
389,9,394.67,99.84,76.3,45.59,1,1,1.0
389,10,847.57,307.41,113.43,122.6,1,1,0.3661
390,8,146.56,111.15,64.36,54.54,1,1,1.0
390,9,389.33,97.92,74.39,45.16,1,1,1.0
390,10,823.25,298.24,137.75,131.13,1,1,0.3401
391,8,148.27,113.07,66.06,55.4,1,1,1.0
391,9,384.0,96.0,72.47,44.73,1,1,1.0
391,10,798.93,289.07,162.07,139.66,1,1,0.312
392,8,150.4,114.99,66.07,56.25,1,1,1.0
392,9,378.88,94.29,71.19,43.88,1,1,1.0
392,10,778.45,279.89,182.55,135.83,1,1,0.3378
393,8,152.53,116.91,66.07,57.1,1,1,1.0
393,9,373.76,92.59,69.91,43.02,1,1,1.0
393,10,757.97,270.72,184.9,131.99,1,1,0.3129
394,8,154.67,118.83,66.06,57.96,1,1,1.0
394,9,368.64,90.88,68.63,42.17,1,1,1.0
394,10,737.49,261.55,193.64,128.14,1,1,0.3457
395,8,156.8,120.75,66.07,58.81,1,1,1.0
395,9,363.52,89.17,67.35,41.32,1,1,1.0
395,10,717.01,252.37,202.39,124.31,1,1,0.392
396,8,158.93,122.67,66.07,59.66,1,1,1.0
396,9,358.4,87.47,66.07,40.46,1,1,1.0
396,10,696.53,243.2,211.14,120.47,1,1,0.4581
397,8,161.71,125.23,67.13,60.94,1,1,1.0
397,9,354.35,85.97,65.0,40.47,1,1,1.0
397,10,679.89,237.23,204.31,116.2,1,1,0.4661
398,8,164.48,127.79,68.2,62.22,1,1,1.0
398,9,350.29,84.48,63.94,40.47,1,1,1.0
398,10,663.25,231.25,197.48,111.94,1,1,0.4617
399,8,167.25,130.35,69.27,63.5,1,1,1.0
399,9,346.24,82.99,62.87,40.46,1,1,1.0
399,10,646.61,225.28,190.66,107.67,1,1,0.4526
400,8,170.03,132.91,70.33,64.78,1,1,1.0
400,9,342.19,81.49,61.8,40.47,1,1,1.0
400,10,629.97,219.31,183.83,103.4,1,1,0.4469
401,8,172.8,135.47,71.4,66.06,1,1,1.0
401,9,338.13,80.0,60.74,40.47,1,1,1.0
401,10,613.33,213.33,177.0,99.14,1,1,0.4673
402,8,175.36,137.81,73.53,67.56,1,1,1.0
402,9,334.08,78.72,59.67,39.83,1,1,1.0
402,10,600.75,207.57,171.02,96.79,1,1,0.4641
403,8,177.92,140.16,75.67,69.05,1,1,1.0
403,9,330.03,77.44,58.6,39.19,1,1,1.0
403,10,588.16,201.81,165.05,94.44,1,1,0.4711
404,8,180.48,142.51,77.8,70.54,1,1,1.0
404,9,325.97,76.16,57.54,38.55,1,1,1.0
404,10,575.57,196.05,159.08,92.1,1,1,0.4801
405,8,183.04,144.85,79.93,72.04,1,1,1.0
405,9,321.92,74.88,56.47,37.91,1,1,1.0
405,10,562.99,190.29,153.1,89.75,1,1,0.4902
406,8,185.6,147.2,82.07,73.53,1,1,1.0
406,9,317.87,73.6,55.4,37.27,1,1,1.0
406,10,550.4,184.53,147.13,87.4,1,1,0.4942
407,8,189.23,150.4,84.41,76.09,1,1,1.0
407,9,314.45,72.53,54.76,36.84,1,1,1.0
407,10,539.31,179.84,143.08,85.48,1,1,0.5288
408,8,192.85,153.6,86.76,78.65,1,1,1.0
408,9,311.04,71.47,54.12,36.41,1,1,1.0
408,10,528.21,175.15,139.03,83.56,1,1,0.5164
409,8,196.48,156.8,89.11,81.21,1,1,1.0
409,9,307.63,70.4,53.48,35.99,1,1,1.0
409,10,517.12,170.45,134.97,81.64,1,1,0.5243
410,8,200.11,160.0,91.45,83.77,1,1,1.0
410,9,304.21,69.33,52.84,35.56,1,1,1.0
410,10,506.03,165.76,130.92,79.72,1,1,0.5363
411,8,203.73,163.2,93.8,86.33,1,1,1.0
411,9,300.8,68.27,52.2,35.13,1,1,1.0
411,10,494.93,161.07,126.87,77.8,1,1,0.55
412,8,208.43,167.47,95.5,87.61,1,1,1.0
412,9,297.81,67.41,51.56,34.92,1,1,1.0
412,10,486.61,158.29,123.24,75.67,1,1,0.5268
413,8,213.12,171.73,97.21,88.9,1,1,1.0
413,9,294.83,66.56,50.92,34.71,1,1,1.0
413,10,478.29,155.52,119.62,73.53,1,1,0.537
414,8,217.81,176.0,98.92,90.17,1,1,1.0
414,9,291.84,65.71,50.28,34.49,1,1,1.0
414,10,469.97,152.75,115.99,71.4,1,1,0.5165
415,8,222.51,180.27,100.62,91.45,1,1,1.0
415,9,288.85,64.85,49.64,34.28,1,1,1.0
415,10,461.65,149.97,112.36,69.27,1,1,0.554
416,8,227.2,184.53,102.33,92.74,1,1,1.0
416,9,285.87,64.0,49.0,34.07,1,1,1.0
416,10,453.33,147.2,108.74,67.13,1,1,0.5432
417,8,232.32,190.08,105.75,94.65,1,1,1.0
417,9,283.09,62.93,48.36,33.21,1,1,1.0
417,10,445.65,143.79,106.6,66.7,1,1,0.529
418,8,237.44,195.63,109.16,96.57,1,1,1.0
418,9,280.32,61.87,47.72,32.36,1,1,1.0
418,10,437.97,140.37,104.47,66.28,1,1,0.5144
419,8,242.56,201.17,112.57,98.5,1,1,1.0
419,9,277.55,60.8,47.08,31.51,1,1,1.0
419,10,430.29,136.96,102.34,65.85,1,1,0.5122
420,8,247.68,206.72,115.99,100.41,1,1,1.0
420,9,274.77,59.73,46.44,30.65,1,1,1.0
420,10,422.61,133.55,100.2,65.42,1,1,0.524
421,8,252.8,212.27,119.4,102.33,1,1,1.0
421,9,272.0,58.67,45.8,29.8,1,1,1.0
421,10,414.93,130.13,98.07,65.0,1,1,0.5298
422,8,258.99,217.81,125.16,106.39,1,1,1.0
422,9,270.29,58.24,44.95,29.8,1,1,1.0
422,10,408.11,127.79,96.36,63.5,1,1,0.5109
423,8,265.17,223.36,130.92,110.44,1,1,1.0
423,9,268.59,57.81,44.09,29.8,1,1,1.0
423,10,401.28,125.44,94.65,62.01,1,1,0.5408
424,8,271.36,228.91,136.68,114.49,1,1,1.0
424,9,266.88,57.39,43.24,29.8,1,1,1.0
424,10,394.45,123.09,92.95,60.52,1,1,0.5627
425,8,277.55,234.45,142.44,118.55,1,1,1.0
425,9,265.17,56.96,42.39,29.8,1,1,1.0
425,10,387.63,120.75,91.24,59.02,1,1,0.5171
426,8,283.73,240.0,148.2,122.6,1,1,1.0
426,9,263.47,56.53,41.53,29.8,1,1,1.0
426,10,380.8,118.4,89.53,57.53,1,1,0.5351
427,8,292.05,247.89,153.75,126.87,1,1,1.0
427,9,261.33,55.89,41.11,29.16,1,1,1.0
427,10,375.89,116.27,87.19,56.89,1,1,0.5563
428,8,300.37,255.79,159.3,131.13,1,1,1.0
428,9,259.2,55.25,40.68,28.52,1,1,1.0
428,10,370.99,114.13,84.84,56.26,1,1,0.5479
429,8,308.69,263.68,164.84,135.4,1,1,1.0
429,9,257.07,54.61,40.25,27.88,1,1,1.0
429,10,366.08,112.0,82.49,55.61,1,1,0.5343
430,8,317.01,271.57,170.39,139.67,1,1,1.0
430,9,254.93,53.97,39.83,27.24,1,1,1.0
430,10,361.17,109.87,80.15,54.97,1,1,0.517
431,8,325.33,279.47,175.94,143.93,1,1,1.0
431,9,252.8,53.33,39.4,26.6,1,1,1.0
431,10,356.27,107.73,77.8,54.34,1,1,0.4969
432,8,336.0,289.07,184.47,152.04,1,1,1.0
432,9,250.67,52.69,38.97,26.17,1,1,1.0
432,10,351.79,106.03,76.52,53.9,1,1,0.4848
433,8,346.67,298.67,193.0,160.14,1,1,1.0
433,9,248.53,52.05,38.55,25.75,1,1,1.0
433,10,347.31,104.32,75.24,53.48,1,1,0.489
434,8,357.33,308.27,201.54,168.25,1,1,1.0
434,9,246.4,51.41,38.12,25.32,1,1,1.0
434,10,342.83,102.61,73.96,53.06,1,1,0.5197
435,8,368.0,317.87,210.07,176.36,1,1,1.0
435,9,244.27,50.77,37.69,24.89,1,1,1.0
435,10,338.35,100.91,72.68,52.62,1,1,0.4946
436,8,378.67,327.47,218.6,184.46,1,1,1.0
436,9,242.13,50.13,37.27,24.47,1,1,1.0
436,10,333.87,99.2,71.4,52.2,1,1,0.4942
437,8,393.17,340.27,227.99,180.62,1,1,1.0
437,9,240.43,49.07,37.05,25.32,1,1,1.0
437,10,329.17,97.07,70.55,51.98,1,1,0.486
438,8,407.68,353.07,237.37,176.78,1,1,1.0
438,9,238.72,48.0,36.84,26.17,1,1,1.0
438,10,324.48,94.93,69.69,51.78,1,1,0.4707
439,8,422.19,365.87,246.76,175.13,1,1,1.0
439,9,237.01,46.93,36.63,27.03,1,1,1.0
439,10,319.79,92.8,68.84,51.56,1,1,0.4647
440,8,436.69,378.67,256.15,162.33,1,1,1.0
440,9,235.31,45.87,36.41,27.88,1,1,1.0
440,10,315.09,90.67,67.99,51.34,1,1,0.4784
441,8,451.2,391.47,265.53,149.53,1,1,1.0
441,9,233.6,44.8,36.2,28.73,1,1,1.0
441,10,310.4,88.53,67.13,51.14,1,1,0.5076
442,8,471.68,408.53,253.59,132.47,1,1,1.0
442,10,306.77,87.25,65.86,50.28,1,1,0.5026
443,8,492.16,425.6,241.64,115.4,1,1,1.0
443,10,303.15,85.97,64.57,49.43,1,1,0.5009
444,8,512.64,442.67,229.69,98.33,1,1,1.0
444,10,299.52,84.69,63.29,48.58,1,1,0.4819
445,8,533.12,459.73,217.75,81.27,1,1,1.0
445,10,295.89,83.41,62.02,47.72,1,1,0.4352
446,8,553.6,476.8,205.8,64.2,1,1,1.0
446,10,292.27,82.13,60.73,46.87,1,1,0.4239
447,10,289.28,81.07,60.31,45.8,1,1,0.4261
448,10,286.29,80.0,59.88,44.73,1,1,0.4141
449,10,283.31,78.93,59.45,43.67,1,1,0.4599
450,10,280.32,77.87,59.03,42.6,1,1,0.468
451,10,277.33,76.8,58.6,41.53,1,1,0.5137
452,10,274.35,75.73,57.53,41.32,1,1,0.4905
453,10,271.36,74.67,56.47,41.1,1,1,0.4368
454,10,268.37,73.6,55.4,40.89,1,1,0.4094
455,10,265.39,72.53,54.33,40.68,1,1,0.4484
456,10,262.4,71.47,53.27,40.46,1,1,0.416
457,10,259.63,70.4,53.05,39.83,1,1,0.3959
458,10,256.85,69.33,52.84,39.19,1,1,0.4453
459,10,254.08,68.27,52.63,38.54,1,1,0.4274
460,10,251.31,67.2,52.41,37.91,1,1,0.4821
461,10,248.53,66.13,52.2,37.27,1,1,0.4984
462,10,246.61,65.71,51.35,36.41,1,1,0.4275
463,10,244.69,65.28,50.5,35.56,1,1,0.4626
464,10,242.77,64.85,49.64,34.71,1,1,0.5258
465,10,240.85,64.43,48.79,33.85,1,1,0.4475
466,10,238.93,64.0,47.94,33.0,1,1,0.4836
467,10,236.8,62.93,47.29,33.0,1,1,0.4829
468,10,234.67,61.87,46.65,33.0,1,1,0.4812
469,10,232.53,60.8,46.02,33.0,1,1,0.4202
470,10,230.4,59.73,45.37,33.0,1,1,0.467
471,10,228.27,58.67,44.73,33.0,1,1,0.4757
472,10,226.13,58.45,44.74,32.15,1,1,0.4456
473,10,224.0,58.24,44.73,31.29,1,1,0.4435
474,10,221.87,58.03,44.73,30.44,1,1,0.4168
475,10,219.73,57.81,44.74,29.59,1,1,0.4735
476,10,217.6,57.6,44.73,28.73,1,1,0.3866
477,10,216.32,56.75,44.09,28.73,1,1,0.4809
478,10,215.04,55.89,43.45,28.73,1,1,0.4806
479,10,213.76,55.04,42.81,28.73,1,1,0.4076
480,10,212.48,54.19,42.17,28.73,1,1,0.4621
481,10,211.2,53.33,41.53,28.73,1,1,0.4749
481,11,137.6,56.53,35.13,29.8,1,1,1.0
482,10,209.92,52.48,40.89,28.73,1,1,0.4646
482,11,138.67,57.81,35.98,29.37,1,1,1.0
483,10,208.64,51.63,40.25,28.73,1,1,0.4574
483,11,139.73,59.09,36.84,28.95,1,1,1.0
484,10,207.36,50.77,39.61,28.73,1,1,0.5387
484,11,140.8,60.37,37.69,28.52,1,1,1.0
485,10,206.08,49.92,38.97,28.73,1,1,0.4509
485,11,141.87,61.65,38.54,28.09,1,1,1.0
486,10,204.8,49.07,38.33,28.73,1,1,0.4692
486,11,142.93,62.93,39.4,27.67,1,1,1.0
487,11,144.21,63.57,39.83,28.52,1,1,1.0
488,11,145.49,64.21,40.26,29.37,1,1,1.0
489,11,146.77,64.85,40.68,30.23,1,1,1.0
490,11,148.05,65.49,41.11,31.08,1,1,1.0
491,11,149.33,66.13,41.54,31.93,1,1,1.0
492,11,151.47,67.2,41.1,32.36,1,1,1.0
493,11,153.6,68.27,40.68,32.78,1,1,1.0
494,11,155.73,69.33,40.26,33.22,1,1,1.0
495,11,157.87,70.4,39.82,33.64,1,1,1.0
496,11,160.0,71.47,39.4,34.06,1,1,1.0
497,11,161.71,72.96,39.82,34.28,1,1,1.0
498,11,163.41,74.45,40.26,34.5,1,1,1.0
499,11,165.12,75.95,40.68,34.7,1,1,1.0
500,11,166.83,77.44,41.1,34.92,1,1,1.0
501,11,168.53,78.93,41.54,35.14,1,1,1.0
502,11,170.03,80.21,43.02,35.56,1,1,1.0
503,11,171.52,81.49,44.52,35.99,1,1,1.0
504,11,173.01,82.77,46.02,36.42,1,1,1.0
505,11,174.51,84.05,47.5,36.84,1,1,1.0
506,11,176.0,85.33,49.0,37.27,1,1,1.0
507,11,178.35,86.83,49.64,37.9,1,1,1.0
508,11,180.69,88.32,50.28,38.55,1,1,1.0
509,11,183.04,89.81,50.92,39.19,1,1,1.0
510,11,185.39,91.31,51.56,39.82,1,1,1.0
511,11,187.73,92.8,52.2,40.47,1,1,1.0
512,11,189.65,94.51,53.7,41.32,1,1,1.0
513,11,191.57,96.21,55.19,42.18,1,1,1.0
514,11,193.49,97.92,56.68,43.03,1,1,1.0
515,11,195.41,99.63,58.18,43.88,1,1,1.0
516,11,197.33,101.33,59.67,44.74,1,1,1.0
517,11,201.17,103.68,60.31,45.8,1,1,1.0
518,11,205.01,106.03,60.95,46.86,1,1,1.0
519,11,208.85,108.37,61.59,47.94,1,1,1.0
520,11,212.69,110.72,62.23,49.0,1,1,1.0
521,11,216.53,113.07,62.87,50.06,1,1,1.0
522,11,219.52,115.41,65.64,51.99,1,1,1.0
523,11,222.51,117.76,68.41,53.91,1,1,1.0
524,11,225.49,120.11,71.19,55.82,1,1,1.0
525,11,228.48,122.45,73.96,57.75,1,1,1.0
526,11,231.47,124.8,76.73,59.67,1,1,1.0
527,11,235.95,127.79,78.65,60.94,1,1,1.0
528,11,240.43,130.77,80.57,62.23,1,1,1.0
529,11,244.91,133.76,82.49,63.51,1,1,1.0
530,11,249.39,136.75,84.41,64.78,1,1,1.0
531,11,253.87,139.73,86.33,66.07,1,1,1.0
532,11,259.2,144.21,89.11,67.56,1,1,1.0
533,11,264.53,148.69,91.88,69.06,1,1,1.0
534,11,269.87,153.17,94.65,70.55,1,1,1.0
535,11,275.2,157.65,97.43,72.04,1,1,1.0
536,11,280.53,162.13,100.2,73.54,1,1,1.0
537,11,288.0,167.25,103.4,76.1,1,1,1.0
538,11,295.47,172.37,106.6,78.66,1,1,1.0
539,11,302.93,177.49,109.8,81.22,1,1,1.0
540,11,310.4,182.61,113.0,83.78,1,1,1.0
541,11,317.87,187.73,116.2,86.34,1,1,1.0
542,11,326.4,193.92,122.39,90.6,1,1,1.0
543,11,334.93,200.11,128.58,94.86,1,1,1.0
544,11,343.47,206.29,134.76,99.14,1,1,1.0
545,11,352.0,212.48,140.95,103.4,1,1,1.0
546,11,360.53,218.67,147.14,107.66,1,1,1.0
547,11,372.05,226.99,155.46,114.49,1,1,1.0
548,11,383.57,235.31,163.78,121.32,1,1,1.0
549,11,395.09,243.63,172.1,128.14,1,1,1.0
550,11,406.61,251.95,180.42,134.97,1,1,1.0
551,11,418.13,260.27,188.74,141.8,1,1,1.0
552,11,434.35,271.79,199.4,149.26,1,1,1.0
553,11,450.56,283.31,210.07,156.73,1,1,1.0
554,11,466.77,294.83,220.74,164.2,1,1,1.0
555,11,482.99,306.35,231.4,171.66,1,1,1.0
556,11,499.2,317.87,242.07,179.13,1,1,1.0
556,12,848.0,270.93,113.0,91.67,1,1,0.9623
557,11,523.52,333.01,252.73,172.74,1,1,1.0
557,12,829.87,264.11,131.13,91.88,1,1,0.9594
558,11,547.84,348.16,263.4,166.33,1,1,1.0
558,12,811.73,257.28,149.27,92.09,1,1,0.9618
559,11,572.16,363.31,274.07,159.93,1,1,1.0
559,12,793.6,250.45,167.4,92.31,1,1,0.9555
560,11,596.48,378.45,284.73,153.54,1,1,1.0
560,12,775.47,243.63,185.53,92.52,1,1,0.9524
561,11,620.8,393.6,295.4,147.4,1,1,1.0
561,12,757.33,236.8,203.67,92.73,1,1,0.9547
562,11,658.13,415.79,262.98,125.21,1,1,1.0
562,12,741.55,230.61,199.18,92.31,1,1,0.9465
563,11,695.47,437.97,230.54,103.03,1,1,1.0
563,12,725.76,224.43,194.71,91.88,1,1,0.9444
564,11,732.8,460.16,198.12,80.84,1,1,1.0
564,12,709.97,218.24,190.23,91.45,1,1,0.9433
565,11,770.13,482.35,165.7,58.65,1,1,1.0
565,12,694.19,212.05,185.74,91.03,1,1,0.9336
566,11,807.47,504.53,133.26,36.47,1,1,1.0
566,12,678.4,205.87,181.27,90.6,1,1,0.928
566,13,820.27,313.6,140.73,118.33,1,1,0.1893
567,12,665.6,200.75,175.29,87.61,1,1,0.9377
567,13,795.73,304.0,165.27,115.56,1,1,0.1965
568,12,652.8,195.63,169.32,84.62,1,1,0.9535
568,13,771.2,294.4,189.8,112.79,1,1,0.2306
569,12,640.0,190.51,163.35,81.64,1,1,0.9552
569,13,746.67,284.8,200.46,110.01,1,1,0.1751
570,12,627.2,185.39,157.37,78.65,1,1,0.9698
570,13,722.13,275.2,218.6,107.24,1,1,0.2422
571,12,614.4,180.27,151.4,75.66,1,1,0.9769
571,13,697.6,265.6,236.73,104.47,1,1,0.2913
572,12,603.73,176.85,147.56,73.11,1,1,0.9788
572,13,677.76,256.0,227.35,101.05,1,1,0.3244
573,12,593.07,173.44,143.72,70.55,1,1,0.985
573,13,657.92,246.4,217.96,97.64,1,1,0.3193
574,12,582.4,170.03,139.88,67.98,1,1,0.9788
574,13,638.08,236.8,208.57,94.23,1,1,0.3554
575,12,571.73,166.61,136.04,65.43,1,1,0.9411
575,13,618.24,227.2,199.19,90.81,1,1,0.3778
576,12,561.07,163.2,132.2,62.87,1,1,0.8979
576,13,598.4,217.6,189.8,87.4,1,1,0.3917
577,12,551.68,159.79,129.21,60.94,1,1,0.8733
577,13,582.61,210.77,181.91,84.84,1,1,0.4188
578,12,542.29,156.37,126.23,59.03,1,1,0.8434
578,13,566.83,203.95,174.01,82.28,1,1,0.3958
579,12,532.91,152.96,123.24,57.11,1,1,0.8066
579,13,551.04,197.12,166.12,79.72,1,1,0.4091
580,12,523.52,149.55,120.25,55.18,1,1,0.7638
580,13,535.25,190.29,158.23,77.16,1,1,0.4071
581,12,514.13,146.13,117.27,53.27,1,1,0.7146
581,13,519.47,183.47,150.33,74.6,1,1,0.3973
582,12,506.24,143.15,113.85,51.77,1,1,0.6893
582,13,508.16,178.56,144.15,72.68,1,1,0.3988
583,12,498.35,140.16,110.44,50.28,1,1,0.6661
583,13,496.85,173.65,137.96,70.76,1,1,0.4062
584,12,490.45,137.17,107.03,48.79,1,1,0.6473
584,13,485.55,168.75,131.77,68.84,1,1,0.4112
585,12,482.56,134.19,103.61,47.29,1,1,0.627
585,13,474.24,163.84,125.59,66.92,1,1,0.406
586,12,474.67,131.2,100.2,45.8,1,1,0.6055
586,13,462.93,158.93,119.4,65.0,1,1,0.3786
587,12,468.05,128.64,97.86,45.59,1,1,0.571
587,13,453.12,154.67,116.2,63.93,1,1,0.3936
588,12,461.44,126.08,95.51,45.37,1,1,0.5391
588,13,443.31,150.4,113.0,62.87,1,1,0.4129
589,12,454.83,123.52,93.16,45.16,1,1,0.5259
589,13,433.49,146.13,109.8,61.8,1,1,0.4006
590,12,448.21,120.96,90.82,44.95,1,1,0.5167
590,13,423.68,141.87,106.6,60.73,1,1,0.4042
591,12,441.6,118.4,88.47,44.73,1,1,0.5118
591,13,413.87,137.6,103.4,59.67,1,1,0.3953
592,12,434.56,116.69,88.25,44.95,1,1,0.5074
592,13,405.12,134.19,100.63,57.74,1,1,0.419
593,12,427.52,114.99,88.04,45.16,1,1,0.507
593,13,396.37,130.77,97.86,55.83,1,1,0.388
594,12,420.48,113.28,87.83,45.37,1,1,0.5114
594,13,387.63,127.36,95.08,53.91,1,1,0.4469
595,12,413.44,111.57,87.61,45.59,1,1,0.5198
595,13,378.88,123.95,92.31,51.98,1,1,0.4414
596,12,406.4,109.87,87.4,45.8,1,1,0.5324
596,13,370.13,120.53,89.54,50.07,1,1,0.441
596,14,885.33,340.27,75.67,81.0,1,1,0.327
597,12,402.13,107.73,84.84,45.38,1,1,0.5575
597,13,364.37,118.19,86.55,49.0,1,1,0.4348
597,14,857.81,327.68,103.19,89.75,1,1,0.2993
598,12,397.87,105.6,82.28,44.95,1,1,0.5842
598,13,358.61,115.84,83.56,47.93,1,1,0.4099
598,14,830.29,315.09,130.71,98.5,1,1,0.2792
599,12,393.6,103.47,79.72,44.52,1,1,0.6128
599,13,352.85,113.49,80.58,46.87,1,1,0.4453
599,14,802.77,302.51,158.23,107.24,1,1,0.2691
600,12,389.33,101.33,77.16,44.1,1,1,0.6439
600,13,347.09,111.15,77.59,45.8,1,1,0.4542
600,14,775.25,289.92,185.75,115.99,1,1,0.2452
601,12,385.07,99.2,74.6,43.67,1,1,0.6773
601,13,341.33,108.8,74.6,44.73,1,1,0.4525
601,14,747.73,277.33,213.27,124.74,1,1,0.2148
602,12,381.01,98.13,72.68,42.82,1,1,0.6909
602,13,334.72,106.45,74.17,43.88,1,1,0.4231
602,14,725.76,267.95,213.27,120.04,1,1,0.2418
603,12,376.96,97.07,70.76,41.96,1,1,0.7073
603,13,328.11,104.11,73.74,43.02,1,1,0.4068
603,14,703.79,258.56,207.93,115.35,1,1,0.2633
604,12,372.91,96.0,68.84,41.11,1,1,0.7264
604,13,321.49,101.76,73.32,42.17,1,1,0.4128
604,14,681.81,249.17,202.6,110.66,1,1,0.2783
605,12,368.85,94.93,66.92,40.26,1,1,0.7487
605,13,314.88,99.41,72.89,41.32,1,1,0.4408
605,14,659.84,239.79,197.27,105.96,1,1,0.3235
606,12,364.8,93.87,65.0,39.4,1,1,0.7748
606,13,308.27,97.07,72.46,40.46,1,1,0.4407
606,14,637.87,230.4,191.93,101.27,1,1,0.3479
607,12,360.32,91.95,64.36,40.25,1,1,0.8045
607,13,304.64,94.93,69.27,40.47,1,1,0.4186
607,14,621.01,222.93,184.9,98.28,1,1,0.3452
608,12,355.84,90.03,63.72,41.1,1,1,0.8355
608,13,301.01,92.8,66.07,40.47,1,1,0.4042
608,14,604.16,215.47,177.85,95.29,1,1,0.3451
609,12,351.36,88.11,63.08,41.96,1,1,0.8677
609,13,297.39,90.67,62.86,40.46,1,1,0.4201
609,14,587.31,208.0,170.81,92.31,1,1,0.365
610,12,346.88,86.19,62.44,42.81,1,1,0.9008
610,13,293.76,88.53,59.67,40.47,1,1,0.4099
610,14,570.45,200.53,163.78,89.32,1,1,0.3604
611,12,342.4,84.27,61.8,43.66,1,1,0.929
611,13,290.13,86.4,56.47,40.47,1,1,0.3855
611,14,553.6,193.07,156.73,86.33,1,1,0.3914
611,15,131.2,55.47,37.27,27.67,1,1,1.0
612,12,339.2,82.56,60.73,43.24,1,1,0.951
612,13,286.29,84.48,55.83,40.47,1,1,0.3835
612,14,541.65,187.73,150.55,82.28,1,1,0.4167
612,15,132.48,55.68,38.12,28.52,1,1,1.0
613,12,336.0,80.85,59.67,42.82,1,1,0.9735
613,13,282.45,82.56,55.19,40.47,1,1,0.3894
613,14,529.71,182.4,144.36,78.23,1,1,0.4454
613,15,133.76,55.89,38.97,29.37,1,1,1.0
614,12,332.8,79.15,58.6,42.38,1,1,1.0
614,13,278.61,80.64,54.55,40.47,1,1,0.3841
614,14,517.76,177.07,138.17,74.17,1,1,0.4788
614,15,135.04,56.11,39.83,30.23,1,1,1.0
615,12,329.6,77.44,57.53,41.96,1,1,1.0
615,13,274.77,78.72,53.91,40.47,1,1,0.4446
615,14,505.81,171.73,131.99,70.12,1,1,0.512
615,15,136.32,56.32,40.68,31.08,1,1,1.0
616,12,326.4,75.73,56.47,41.54,1,1,1.0
616,13,270.93,76.8,53.27,40.47,1,1,0.4431
616,14,493.87,166.4,125.8,66.07,1,1,0.5472
616,15,137.6,56.53,41.53,31.93,1,1,1.0
617,12,322.99,75.31,55.61,39.82,1,1,1.0
617,13,267.73,75.95,52.63,38.76,1,1,0.4171
617,14,483.2,162.56,121.96,64.36,1,1,0.5587
617,15,139.09,57.6,41.75,32.36,1,1,1.0
618,12,319.57,74.88,54.76,38.12,1,1,1.0
618,13,264.53,75.09,51.99,37.06,1,1,0.4197
618,14,472.53,158.72,118.12,62.65,1,1,0.5443
618,15,140.59,58.67,41.96,32.79,1,1,1.0
619,12,316.16,74.45,53.91,36.42,1,1,1.0
619,13,261.33,74.24,51.35,35.35,1,1,0.529
619,14,461.87,154.88,114.28,60.95,1,1,0.5275
619,15,142.08,59.73,42.17,33.21,1,1,1.0
620,12,312.75,74.03,53.05,34.7,1,1,1.0
620,13,258.13,73.39,50.71,33.64,1,1,0.4231
620,14,451.2,151.04,110.44,59.24,1,1,0.491
620,15,143.57,60.8,42.39,33.64,1,1,1.0
621,12,309.33,73.6,52.2,33.0,1,1,1.0
621,13,254.93,72.53,50.07,31.94,1,1,0.424
621,14,440.53,147.2,106.6,57.53,1,1,0.4665
621,15,145.07,61.87,42.6,34.07,1,1,1.0
622,12,306.56,72.75,51.99,32.78,1,1,1.0
622,13,251.31,71.47,49.42,30.86,1,1,0.4002
622,14,432.0,143.36,103.61,56.25,1,1,0.5256
622,15,146.13,62.93,43.03,33.43,1,1,1.0
623,12,303.79,71.89,51.77,32.58,1,1,1.0
623,13,247.68,70.4,48.79,29.8,1,1,0.4367
623,14,423.47,139.52,100.62,54.97,1,1,0.5074
623,15,147.2,64.0,43.45,32.79,1,1,1.0
624,12,301.01,71.04,51.56,32.36,1,1,1.0
624,13,244.05,69.33,48.15,28.73,1,1,0.4391
624,14,414.93,135.68,97.64,53.69,1,1,0.5405
624,15,148.27,65.07,43.88,32.15,1,1,1.0
625,12,298.24,70.19,51.35,32.14,1,1,1.0
625,13,240.43,68.27,47.5,27.67,1,1,0.4191
625,14,406.4,131.84,94.65,52.41,1,1,0.515
625,15,149.33,66.13,44.31,31.51,1,1,1.0
626,12,295.47,69.33,51.13,31.94,1,1,1.0
626,13,236.8,67.2,46.87,26.6,1,1,0.4146
626,14,397.87,128.0,91.66,51.13,1,1,0.5436
626,15,150.4,67.2,44.73,30.87,1,1,1.0
627,12,292.69,68.27,50.71,32.57,1,1,1.0
627,13,234.03,66.13,46.22,27.45,1,1,0.3865
627,14,391.04,125.23,89.11,50.49,1,1,0.5681
627,15,152.11,68.05,45.8,32.36,1,1,1.0
628,12,289.92,67.2,50.28,33.21,1,1,0.9993
628,13,231.25,65.07,45.59,28.31,1,1,0.3669
628,14,384.21,122.45,86.55,49.86,1,1,0.5168
628,15,153.81,68.91,46.87,33.85,1,1,1.0
629,12,287.15,66.13,49.85,33.85,1,1,0.9941
629,13,228.48,64.0,44.95,29.16,1,1,0.2867
629,14,377.39,119.68,83.98,49.21,1,1,0.4843
629,15,155.52,69.76,47.93,35.35,1,1,1.0
630,12,284.37,65.07,49.43,34.49,1,1,0.9919
630,13,225.71,62.93,44.3,30.01,1,1,0.3067
630,14,370.56,116.91,81.43,48.57,1,1,0.5128
630,15,157.23,70.61,49.0,36.84,1,1,1.0
631,12,281.6,64.0,49.0,35.13,1,1,0.9878
631,13,222.93,61.87,43.67,30.87,1,1,0.2815
631,14,363.73,114.13,78.87,47.94,1,1,0.4513
631,15,158.93,71.47,50.07,38.33,1,1,1.0
632,12,278.83,63.36,48.36,33.85,1,1,0.9969
632,13,220.16,60.59,43.67,30.65,1,1,0.2497
632,14,357.97,111.57,76.74,47.08,1,1,0.4846
632,15,160.85,72.96,49.86,38.12,1,1,1.0
633,12,276.05,62.72,47.72,32.57,1,1,1.0
633,13,217.39,59.31,43.66,30.44,1,1,0.3205
633,14,352.21,109.01,74.6,46.23,1,1,0.5241
633,15,162.77,74.45,49.64,37.91,1,1,1.0
634,12,273.28,62.08,47.08,31.29,1,1,1.0
634,13,214.61,58.03,43.67,30.23,1,1,0.2638
634,14,346.45,106.45,72.47,45.38,1,1,0.5087
634,15,164.69,75.95,49.43,37.69,1,1,1.0
635,12,270.51,61.44,46.44,30.01,1,1,1.0
635,13,211.84,56.75,43.67,30.01,1,1,0.3189
635,14,340.69,103.89,70.34,44.52,1,1,0.5082
635,15,166.61,77.44,49.22,37.48,1,1,1.0
636,12,267.73,60.8,45.8,28.73,1,1,1.0
636,13,209.07,55.47,43.66,29.8,1,1,0.3103
636,14,334.93,101.33,68.2,43.67,1,1,0.5383
636,15,168.53,78.93,49.0,37.27,1,1,1.0
637,12,265.81,59.95,45.59,29.16,1,1,1.0
637,13,207.57,54.61,42.6,29.8,1,1,0.3219
637,14,329.39,99.41,67.34,43.03,1,1,0.5192
637,15,170.45,79.79,50.28,38.12,1,1,1.0
638,12,263.89,59.09,45.38,29.59,1,1,1.0
638,13,206.08,53.76,41.53,29.8,1,1,0.3718
638,14,323.84,97.49,66.49,42.39,1,1,0.517
638,15,172.37,80.64,51.56,38.97,1,1,1.0
639,12,261.97,58.24,45.16,30.01,1,1,0.9994
639,13,204.59,52.91,40.46,29.8,1,1,0.306
639,14,318.29,95.57,65.64,41.75,1,1,0.5009
639,15,174.29,81.49,52.84,39.83,1,1,1.0
640,12,260.05,57.39,44.95,30.44,1,1,1.0
640,13,203.09,52.05,39.4,29.8,1,1,0.3492
640,14,312.75,93.65,64.78,41.11,1,1,0.477
640,15,176.21,82.35,54.12,40.68,1,1,1.0
641,12,258.13,56.53,44.74,30.87,1,1,1.0
641,13,201.6,51.2,38.33,29.8,1,1,0.3691
641,14,307.2,91.73,63.93,40.47,1,1,0.4855
641,15,178.13,83.2,55.4,41.53,1,1,1.0
642,12,256.43,56.32,43.45,30.01,1,1,0.9993
642,14,302.93,90.24,62.23,39.61,1,1,0.4678
642,15,180.27,85.12,56.46,41.32,1,1,1.0
643,12,254.72,56.11,42.17,29.16,1,1,1.0
643,14,298.67,88.75,60.52,38.76,1,1,0.4869
643,15,182.4,87.04,57.53,41.11,1,1,1.0
644,12,253.01,55.89,40.9,28.31,1,1,1.0
644,14,294.4,87.25,58.81,37.91,1,1,0.478
644,15,184.53,88.96,58.6,40.89,1,1,1.0
645,12,251.31,55.68,39.61,27.45,1,1,1.0
645,14,290.13,85.76,57.11,37.05,1,1,0.4516
645,15,186.67,90.88,59.66,40.68,1,1,1.0
646,12,249.6,55.47,38.33,26.6,1,1,1.0
646,14,285.87,84.27,55.4,36.2,1,1,0.4286
646,15,188.8,92.8,60.73,40.47,1,1,1.0
647,12,247.25,54.61,38.12,26.39,1,1,1.0
647,14,280.96,83.2,56.04,35.35,1,1,0.4195
647,15,192.21,94.08,60.74,41.96,1,1,1.0
648,12,244.91,53.76,37.9,26.17,1,1,1.0
648,14,276.05,82.13,56.68,34.5,1,1,0.4103
648,15,195.63,95.36,60.73,43.45,1,1,1.0
649,12,242.56,52.91,37.69,25.96,1,1,1.0
649,14,271.15,81.07,57.32,33.64,1,1,0.3994
649,15,199.04,96.64,60.73,44.95,1,1,1.0
650,12,240.21,52.05,37.48,25.75,1,1,1.0
650,14,266.24,80.0,57.96,32.79,1,1,0.4666
650,15,202.45,97.92,60.74,46.44,1,1,1.0
651,12,237.87,51.2,37.26,25.53,1,1,1.0
651,14,261.33,78.93,58.6,31.94,1,1,0.4536
651,15,205.87,99.2,60.73,47.93,1,1,1.0
652,12,236.16,50.77,37.05,25.11,1,1,1.0
652,14,257.28,77.23,57.75,31.93,1,1,0.442
652,15,208.43,101.33,62.01,48.36,1,1,1.0
653,12,234.45,50.35,36.84,24.68,1,1,1.0
653,14,253.23,75.52,56.89,31.93,1,1,0.4335
653,15,210.99,103.47,63.29,48.78,1,1,1.0
654,12,232.75,49.92,36.62,24.25,1,1,1.0
654,14,249.17,73.81,56.04,31.94,1,1,0.4251
654,15,213.55,105.6,64.57,49.21,1,1,1.0
655,12,231.04,49.49,36.41,23.83,1,1,1.0
655,14,245.12,72.11,55.19,31.93,1,1,0.3622
655,15,216.11,107.73,65.85,49.64,1,1,1.0
656,12,229.33,49.07,36.2,23.4,1,1,1.0
656,14,241.07,70.4,54.33,31.93,1,1,0.3435
656,15,218.67,109.87,67.13,50.06,1,1,1.0
656,16,873.6,267.73,87.4,85.27,1,1,1.0
657,14,238.93,68.91,53.06,31.72,1,1,0.3995
657,15,221.87,112.21,69.05,51.35,1,1,1.0
657,16,856.53,261.76,104.47,91.24,1,1,1.0
658,14,236.8,67.41,51.77,31.51,1,1,0.3972
658,15,225.07,114.56,70.97,52.63,1,1,1.0
658,16,839.47,255.79,121.53,97.21,1,1,0.9899
659,14,234.67,65.92,50.49,31.29,1,1,0.4108
659,15,228.27,116.91,72.89,53.9,1,1,1.0
659,16,822.4,249.81,138.6,103.19,1,1,0.9637
660,14,232.53,64.43,49.22,31.08,1,1,0.4725
660,15,231.47,119.25,74.81,55.19,1,1,1.0
660,16,805.33,243.84,155.67,109.16,1,1,0.931
661,14,230.4,62.93,47.93,30.87,1,1,0.4031
661,15,234.67,121.6,76.73,56.47,1,1,1.0
661,16,788.27,237.87,172.73,115.13,1,1,0.8929
662,14,227.84,62.08,47.08,30.65,1,1,0.4418
662,15,239.79,124.37,79.08,57.75,1,1,1.0
662,16,774.83,232.75,186.17,112.78,1,1,0.919
663,14,225.28,61.23,46.23,30.44,1,1,0.5047
663,15,244.91,127.15,81.42,59.02,1,1,1.0
663,16,761.39,227.63,185.74,110.44,1,1,0.9199
664,14,222.72,60.37,45.37,30.23,1,1,0.3994
664,15,250.03,129.92,83.77,60.31,1,1,1.0
664,16,747.95,222.51,191.72,108.09,1,1,0.9243
665,14,220.16,59.52,44.52,30.01,1,1,0.4193
665,15,255.15,132.69,86.12,61.59,1,1,1.0
665,16,734.51,217.39,197.69,105.74,1,1,0.9348
666,14,217.6,58.67,43.67,29.8,1,1,0.3898
666,15,260.27,135.47,88.46,62.86,1,1,1.0
666,16,721.07,212.27,203.66,103.4,1,1,0.9511
667,14,216.53,58.03,41.96,28.95,1,1,0.3678
667,15,265.6,138.88,90.39,64.57,1,1,1.0
667,16,707.84,209.07,200.25,99.13,1,1,0.9501
668,14,215.47,57.39,40.25,28.09,1,1,0.4437
668,15,270.93,142.29,92.31,66.28,1,1,1.0
668,16,694.61,205.87,196.84,94.86,1,1,0.9507
669,14,214.4,56.75,38.55,27.24,1,1,0.4131
669,15,276.27,145.71,94.22,67.98,1,1,1.0
669,16,681.39,202.67,193.42,90.6,1,1,0.9622
670,14,213.33,56.11,36.84,26.39,1,1,0.4782
670,15,281.6,149.12,96.15,69.69,1,1,1.0
670,16,668.16,199.47,190.01,86.33,1,1,0.9626
671,14,212.27,55.47,35.13,25.53,1,1,0.4861
671,15,286.93,152.53,98.07,71.4,1,1,1.0
671,16,654.93,196.27,186.6,82.06,1,1,0.9691
671,17,91.73,53.33,38.34,33.0,1,1,1.0
672,14,210.13,55.04,35.35,25.11,1,1,0.4761
672,15,293.55,156.8,101.9,74.39,1,1,1.0
672,16,645.12,191.79,181.91,82.49,1,1,0.9667
672,17,92.59,54.4,38.76,32.79,1,1,1.0
673,14,208.0,54.61,35.56,24.68,1,1,0.5408
673,15,300.16,161.07,105.75,77.37,1,1,1.0
673,16,635.31,187.31,177.21,82.92,1,1,0.9661
673,17,93.44,55.47,39.19,32.57,1,1,1.0
674,14,205.87,54.19,35.77,24.25,1,1,0.4507
674,15,306.77,165.33,109.59,80.36,1,1,1.0
674,16,625.49,182.83,172.52,83.34,1,1,0.9584
674,17,94.29,56.53,39.62,32.36,1,1,1.0
675,14,203.73,53.76,35.99,23.83,1,1,0.53
675,15,313.39,169.6,113.42,83.35,1,1,1.0
675,16,615.68,178.35,167.83,83.77,1,1,0.9576
675,17,95.15,57.6,40.04,32.15,1,1,1.0
676,14,201.6,53.33,36.2,23.4,1,1,0.426
676,15,320.0,173.87,117.27,86.33,1,1,1.0
676,16,605.87,173.87,163.13,84.2,1,1,0.9544
676,17,96.0,58.67,40.47,31.93,1,1,1.0
676,18,877.87,225.07,83.13,61.8,1,1,1.0
677,15,327.89,178.99,121.75,89.1,1,1,1.0
677,16,597.12,170.88,158.87,81.85,1,1,0.9626
677,17,96.43,59.52,41.32,32.36,1,1,1.0
677,18,859.52,218.45,101.48,65.0,1,1,1.0
678,15,335.79,184.11,126.22,91.88,1,1,1.0
678,16,588.37,167.89,154.6,79.51,1,1,0.9697
678,17,96.85,60.37,42.18,32.79,1,1,1.0
678,18,841.17,211.84,119.83,68.2,1,1,1.0
679,15,343.68,189.23,130.71,94.65,1,1,1.0
679,16,579.63,164.91,150.33,77.16,1,1,0.9698
679,17,97.28,61.23,43.03,33.21,1,1,1.0
679,18,822.83,205.23,138.17,71.4,1,1,1.0
680,15,351.57,194.35,135.19,97.42,1,1,1.0
680,16,570.88,161.92,146.07,74.81,1,1,0.9774
680,17,97.71,62.08,43.88,33.64,1,1,1.0
680,18,804.48,198.61,156.52,74.6,1,1,1.0
681,15,359.47,199.47,139.66,100.2,1,1,1.0
681,16,562.13,158.93,141.8,72.47,1,1,0.9835
681,17,98.13,62.93,44.74,34.07,1,1,1.0
681,18,786.13,192.0,174.87,77.8,1,1,1.0
682,15,369.71,206.08,146.49,104.47,1,1,1.0
682,16,554.24,156.16,139.24,71.4,1,1,0.983
682,17,99.63,63.36,44.73,35.35,1,1,1.0
682,18,769.28,186.88,163.99,76.09,1,1,1.0
683,15,379.95,212.69,153.32,108.74,1,1,1.0
683,16,546.35,153.39,136.68,70.33,1,1,0.9879
683,17,101.12,63.79,44.73,36.63,1,1,1.0
683,18,752.43,181.76,160.57,74.39,1,1,1.0
684,15,390.19,219.31,160.14,113.0,1,1,1.0
684,16,538.45,150.61,134.12,69.27,1,1,0.9826
684,17,102.61,64.21,44.74,37.91,1,1,1.0
684,18,735.57,176.64,157.16,72.68,1,1,1.0
685,15,400.43,225.92,166.97,117.27,1,1,1.0
685,16,530.56,147.84,131.56,68.2,1,1,0.9835
685,17,104.11,64.64,44.73,39.19,1,1,1.0
685,18,718.72,171.52,153.75,70.97,1,1,1.0
686,15,410.67,232.53,173.8,121.54,1,1,1.0
686,16,522.67,145.07,129.0,67.13,1,1,0.9826
686,17,105.6,65.07,44.73,40.46,1,1,1.0
686,18,701.87,166.4,150.33,69.27,1,1,1.0
687,15,424.32,240.64,184.04,129.0,1,1,1.0
687,16,516.48,142.93,125.59,65.22,1,1,0.9891
687,17,107.31,66.13,44.52,41.32,1,1,1.0
687,18,689.92,162.56,145.0,67.77,1,1,1.0
688,15,437.97,248.75,194.28,136.46,1,1,1.0
688,16,510.29,140.8,122.18,63.29,1,1,0.9933
688,17,109.01,67.2,44.31,42.17,1,1,1.0
688,18,677.97,158.72,139.67,66.28,1,1,1.0
689,15,451.63,256.85,204.52,143.94,1,1,1.0
689,16,504.11,138.67,118.76,61.37,1,1,0.9951
689,17,110.72,68.27,44.09,43.02,1,1,1.0
689,18,666.03,154.88,134.33,64.79,1,1,1.0
690,15,465.28,264.96,214.76,151.4,1,1,1.0
690,16,497.92,136.53,115.35,59.46,1,1,0.998
690,17,112.43,69.33,43.88,43.88,1,1,1.0
690,18,654.08,151.04,129.0,63.29,1,1,1.0
691,15,478.93,273.07,225.0,158.86,1,1,1.0
691,16,491.73,134.4,111.94,57.53,1,1,1.0
691,17,114.13,70.4,43.67,44.73,1,1,1.0
691,18,642.13,147.2,123.67,61.8,1,1,1.0
692,15,496.43,283.09,239.08,170.39,1,1,1.0
692,16,485.33,132.48,110.44,56.89,1,1,1.0
692,17,114.77,71.47,45.8,45.37,1,1,1.0
692,18,630.61,143.79,121.54,60.52,1,1,1.0
693,15,513.92,293.12,253.16,181.91,1,1,1.0
693,16,478.93,130.56,108.95,56.25,1,1,0.9996
693,17,115.41,72.53,47.94,46.02,1,1,1.0
693,18,619.09,140.37,119.4,59.24,1,1,1.0
694,15,531.41,303.15,267.24,193.42,1,1,1.0
694,16,472.53,128.64,107.46,55.61,1,1,0.9983
694,17,116.05,73.6,50.07,46.65,1,1,1.0
694,18,607.57,136.96,117.27,57.96,1,1,1.0
695,15,548.91,313.17,281.32,204.95,1,1,1.0
695,16,466.13,126.72,105.96,54.97,1,1,0.9995
695,17,116.69,74.67,52.2,47.29,1,1,1.0
695,18,596.05,133.55,115.14,56.68,1,1,1.0
696,15,566.4,323.2,295.4,217.8,1,1,1.0
696,16,459.73,124.8,104.47,54.33,1,1,0.9991
696,17,117.33,75.73,54.34,47.94,1,1,1.0
696,18,584.53,130.13,113.0,55.4,1,1,1.0
696,19,793.6,296.53,167.4,126.87,1,1,0.2373
697,15,594.99,341.12,287.29,199.88,1,1,1.0
697,16,454.19,123.31,102.54,53.05,1,1,0.9979
697,17,118.83,77.01,54.76,48.36,1,1,1.0
697,18,574.93,128.0,110.23,53.91,1,1,1.0
697,19,771.41,286.72,189.59,125.59,1,1,0.2517
698,15,623.57,359.04,279.19,181.96,1,1,1.0
698,16,448.64,121.81,100.63,51.78,1,1,0.9995
698,17,120.32,78.29,55.19,48.79,1,1,1.0
698,18,565.33,125.87,107.46,52.41,1,1,1.0
698,19,749.23,276.91,198.12,124.3,1,1,0.24
699,15,652.16,376.96,271.08,164.04,1,1,1.0
699,16,443.09,120.32,98.71,50.49,1,1,0.9995
699,17,121.81,79.57,55.62,49.22,1,1,1.0
699,18,555.73,123.73,104.68,50.92,1,1,1.0
699,19,727.04,267.09,211.35,123.03,1,1,0.2385
700,15,680.75,394.88,262.97,146.12,1,1,1.0
700,16,437.55,118.83,96.78,49.21,1,1,1.0
700,17,123.31,80.85,56.04,49.64,1,1,1.0
700,18,546.13,121.6,101.91,49.43,1,1,1.0
700,19,704.85,257.28,224.58,121.75,1,1,0.2891
701,15,709.33,412.8,251.67,128.2,1,1,1.0
701,16,432.0,117.33,94.87,47.94,1,1,1.0
701,17,124.8,82.13,56.47,50.07,1,1,1.0
701,18,536.53,119.47,99.14,47.93,1,1,1.0
701,19,682.67,247.47,237.8,120.46,1,1,0.325
701,20,881.07,262.4,79.93,85.27,1,1,0.5071
702,16,427.52,115.63,93.16,47.72,1,1,1.0
702,17,126.72,84.05,56.25,49.86,1,1,1.0
702,18,529.28,117.12,95.93,47.29,1,1,1.0
702,19,666.03,240.21,227.34,116.84,1,1,0.3333
702,20,862.93,257.28,98.07,88.04,1,1,0.6896
703,16,423.04,113.92,91.45,47.51,1,1,1.0
703,17,128.64,85.97,56.04,49.64,1,1,1.0
703,18,522.03,114.77,92.73,46.66,1,1,1.0
703,19,649.39,232.96,216.89,113.21,1,1,0.3384
703,20,844.8,252.16,116.2,90.81,1,1,0.8151
704,16,418.56,112.21,89.75,47.3,1,1,1.0
704,17,130.56,87.89,55.83,49.43,1,1,1.0
704,18,514.77,112.43,89.54,46.01,1,1,1.0
704,19,632.75,225.71,206.44,109.58,1,1,0.3474
704,20,826.67,247.04,134.33,93.59,1,1,0.912
705,16,414.08,110.51,88.04,47.08,1,1,1.0
705,17,132.48,89.81,55.61,49.22,1,1,1.0
705,18,507.52,110.08,86.33,45.37,1,1,1.0
705,19,616.11,218.45,195.98,105.96,1,1,0.3321
705,20,808.53,241.92,152.47,96.36,1,1,0.973
706,16,409.6,108.8,86.33,46.87,1,1,1.0
706,17,134.4,91.73,55.4,49.0,1,1,1.0
706,18,500.27,107.73,83.13,44.74,1,1,1.0
706,19,599.47,211.2,185.53,102.33,1,1,0.3579
706,20,790.4,236.8,170.6,99.13,1,1,0.9784
707,16,405.33,106.67,84.84,47.08,1,1,1.0
707,17,136.11,92.8,57.1,51.35,1,1,1.0
707,18,492.37,105.39,82.28,44.3,1,1,1.0
707,19,584.96,205.01,179.77,99.78,1,1,0.3385
707,20,775.47,231.25,185.53,98.71,1,1,0.9798
708,16,401.07,104.53,83.34,47.3,1,1,1.0
708,17,137.81,93.87,58.82,53.69,1,1,1.0
708,18,484.48,103.04,81.43,43.88,1,1,1.0
708,19,570.45,198.83,174.02,97.21,1,1,0.3353
708,20,760.53,225.71,180.42,98.28,1,1,0.9744
709,16,396.8,102.4,81.85,47.51,1,1,1.0
709,17,139.52,94.93,60.52,56.04,1,1,1.0
709,18,476.59,100.69,80.57,43.46,1,1,0.9754
709,19,555.95,192.64,168.25,94.65,1,1,0.3647
709,20,745.6,220.16,185.32,97.85,1,1,0.9745
710,16,392.53,100.27,80.36,47.72,1,1,0.9977
710,17,141.23,96.0,62.22,58.39,1,1,1.0
710,18,468.69,98.35,79.72,43.02,1,1,0.9497
710,19,541.44,186.45,162.49,92.1,1,1,0.3659
710,20,730.67,214.61,190.22,97.43,1,1,0.9686
711,16,388.27,98.13,78.86,47.94,1,1,0.9999
711,17,142.93,97.07,63.94,60.73,1,1,1.0
711,18,460.8,96.0,78.87,42.6,1,1,0.9238
711,19,526.93,180.27,156.74,89.53,1,1,0.3702
711,20,715.73,209.07,195.14,97.0,1,1,0.9686
712,16,384.21,97.07,78.02,46.86,1,1,1.0
712,17,145.07,98.56,64.57,62.01,1,1,1.0
712,18,454.83,93.87,77.16,42.17,1,1,0.9114
712,19,515.63,175.36,151.61,87.83,1,1,0.3724
712,20,703.57,205.23,190.23,93.8,1,1,0.9774
713,16,380.16,96.0,77.16,45.8,1,1,1.0
713,17,147.2,100.05,65.21,63.3,1,1,1.0
713,18,448.85,91.73,75.46,41.75,1,1,0.8992
713,19,504.32,170.45,146.49,86.12,1,1,0.3438
713,20,691.41,201.39,185.32,90.6,1,1,0.9793
714,16,376.11,94.93,76.3,44.74,1,1,1.0
714,17,149.33,101.55,65.86,64.57,1,1,1.0
714,18,442.88,89.6,73.75,41.32,1,1,0.8875
714,19,493.01,165.55,141.38,84.41,1,1,0.3541
714,20,679.25,197.55,180.42,87.4,1,1,0.984
715,16,372.05,93.87,75.46,43.66,1,1,1.0
715,17,151.47,103.04,66.49,65.85,1,1,1.0
715,18,436.91,87.47,72.04,40.89,1,1,0.8759
715,19,481.71,160.64,136.25,82.71,1,1,0.3576
715,20,667.09,193.71,175.51,84.2,1,1,0.9888
716,16,368.0,92.8,74.6,42.6,1,1,1.0
716,17,153.6,104.53,67.13,67.14,1,1,1.0
716,18,430.93,85.33,70.34,40.47,1,1,0.8647
716,19,470.4,155.73,131.13,81.0,1,1,0.358
716,20,654.93,189.87,170.6,81.0,1,1,0.9925
717,16,364.59,91.52,72.89,42.39,1,1,1.0
717,17,155.31,106.88,69.48,68.63,1,1,1.0
717,18,424.75,84.48,69.48,39.61,1,1,0.8493
717,19,460.59,152.11,127.72,78.22,1,1,0.3693
717,20,644.69,186.03,166.98,79.5,1,1,0.9925
718,16,361.17,90.24,71.19,42.17,1,1,1.0
718,17,157.01,109.23,71.83,70.12,1,1,1.0
718,18,418.56,83.63,68.63,38.76,1,1,0.8332
718,19,450.77,148.48,124.31,75.45,1,1,0.3772
718,20,634.45,182.19,163.35,78.01,1,1,0.9929
719,16,357.76,88.96,69.48,41.96,1,1,1.0
719,17,158.72,111.57,74.17,71.62,1,1,1.0
719,18,412.37,82.77,67.78,37.91,1,1,0.8164
719,19,440.96,144.85,120.89,72.68,1,1,0.4276
719,20,624.21,178.35,159.72,76.52,1,1,0.9957
720,16,354.35,87.68,67.77,41.75,1,1,1.0
720,17,160.43,113.92,76.52,73.11,1,1,1.0
720,18,406.19,81.92,66.92,37.05,1,1,0.799
720,19,431.15,141.23,117.48,69.9,1,1,0.4356
720,20,613.97,174.51,156.1,75.02,1,1,0.9982
721,16,350.93,86.4,66.07,41.53,1,1,1.0
721,17,162.13,116.27,78.87,74.6,1,1,1.0
721,18,400.0,81.07,66.07,36.2,1,1,0.7806
721,19,421.33,137.6,114.07,67.13,1,1,0.4476
721,20,603.73,170.67,152.47,73.53,1,1,0.9986
722,16,347.95,85.33,65.64,41.54,1,1,1.0
722,17,165.76,119.04,79.51,76.09,1,1,1.0
722,18,395.09,79.36,65.22,36.2,1,1,0.7631
722,19,414.93,135.04,110.23,65.21,1,1,0.4416
722,20,594.99,167.68,147.98,72.25,1,1,0.9987
723,16,344.96,84.27,65.21,41.53,1,1,1.0
723,17,169.39,121.81,80.14,77.59,1,1,1.0
723,18,390.19,77.65,64.36,36.2,1,1,0.7463
723,19,408.53,132.48,106.39,63.29,1,1,0.442
723,20,586.24,164.69,143.51,70.98,1,1,0.9997
724,16,341.97,83.2,64.79,41.53,1,1,1.0
724,17,173.01,124.59,80.79,79.08,1,1,1.0
724,18,385.28,75.95,63.51,36.2,1,1,0.7295
724,19,402.13,129.92,102.55,61.37,1,1,0.4617
724,20,577.49,161.71,139.03,69.69,1,1,1.0
725,16,338.99,82.13,64.36,41.54,1,1,1.0
725,17,176.64,127.36,81.43,80.57,1,1,1.0
725,18,380.37,74.24,62.66,36.2,1,1,0.7132
725,19,395.73,127.36,98.71,59.45,1,1,0.4794
725,20,568.75,158.72,134.54,68.41,1,1,0.9998
726,16,336.0,81.07,63.93,41.53,1,1,1.0
726,17,180.27,130.13,82.06,82.07,1,1,1.0
726,18,375.47,72.53,61.8,36.2,1,1,0.6975
726,19,389.33,124.8,94.87,57.53,1,1,0.4905
726,20,560.0,155.73,130.07,67.14,1,1,1.0
727,16,333.01,80.43,63.08,40.25,1,1,1.0
727,17,182.83,133.76,85.05,84.2,1,1,1.0
727,18,371.63,71.89,60.3,34.92,1,1,0.6935
727,19,383.15,122.03,92.52,56.25,1,1,0.4928
727,20,552.53,152.96,126.87,65.64,1,1,1.0
728,16,330.03,79.79,62.22,38.97,1,1,1.0
728,17,185.39,137.39,88.04,86.33,1,1,1.0
728,18,367.79,71.25,58.81,33.64,1,1,0.6896
728,19,376.96,119.25,90.17,54.98,1,1,0.5124
728,20,545.07,150.19,123.66,64.14,1,1,1.0
729,16,327.04,79.15,61.37,37.69,1,1,1.0
729,17,187.95,141.01,91.02,88.47,1,1,1.0
729,18,363.95,70.61,57.32,32.36,1,1,0.6858
729,19,370.77,116.48,87.83,53.69,1,1,0.5457
729,20,537.6,147.41,120.47,62.66,1,1,1.0
730,16,324.05,78.51,60.52,36.41,1,1,0.989
730,17,190.51,144.64,94.01,90.6,1,1,1.0
730,18,360.11,69.97,55.82,31.08,1,1,0.6821
730,19,364.59,113.71,85.48,52.41,1,1,0.5266
730,20,530.13,144.64,117.27,61.16,1,1,1.0
731,16,321.07,77.87,59.66,35.13,1,1,0.9779
731,17,193.07,148.27,97.0,92.73,1,1,1.0
731,18,356.27,69.33,54.33,29.8,1,1,0.6787
731,19,358.4,110.93,83.13,51.14,1,1,0.5603
731,20,522.67,141.87,114.06,59.66,1,1,1.0
732,16,318.72,77.01,59.03,35.14,1,1,0.9626
732,17,197.12,151.47,100.2,95.5,1,1,1.0
732,18,352.43,68.48,53.9,29.59,1,1,0.6657
732,19,353.07,109.01,81.0,49.64,1,1,0.5824
732,20,516.05,139.73,111.51,58.82,1,1,1.0
733,16,316.37,76.16,58.39,35.13,1,1,0.9447
733,17,201.17,154.67,103.4,98.28,1,1,1.0
733,18,348.59,67.63,53.48,29.37,1,1,0.6528
733,19,347.73,107.09,78.87,48.15,1,1,0.5805
733,20,509.44,137.6,108.95,57.96,1,1,1.0
734,16,314.03,75.31,57.74,35.13,1,1,0.9237
734,17,205.23,157.87,106.6,101.05,1,1,1.0
734,18,344.75,66.77,53.05,29.16,1,1,0.6397
734,19,342.4,105.17,76.73,46.66,1,1,0.5628
734,20,502.83,135.47,106.38,57.1,1,1,1.0
735,16,311.68,74.45,57.11,35.14,1,1,0.8998
735,17,209.28,161.07,109.8,103.82,1,1,1.0
735,18,340.91,65.92,52.62,28.95,1,1,0.6263
735,19,337.07,103.25,74.6,45.16,1,1,0.6015
735,20,496.21,133.33,103.83,56.26,1,1,1.0
736,16,309.33,73.6,56.47,35.13,1,1,0.8729
736,17,213.33,164.27,113.0,106.6,1,1,1.0
736,18,337.07,65.07,52.2,28.73,1,1,0.6131
736,19,331.73,101.33,72.47,43.67,1,1,0.6148
736,20,489.6,131.2,101.27,55.4,1,1,1.0
736,21,851.2,261.33,109.8,78.87,1,1,1.0
737,16,306.56,72.96,56.25,34.71,1,1,0.84
737,17,219.73,168.96,116.2,111.72,1,1,1.0
737,18,333.65,63.79,51.35,28.52,1,1,0.6148
737,19,326.83,98.99,71.61,44.52,1,1,0.6177
737,20,483.41,128.64,99.35,54.55,1,1,1.0
737,21,834.35,254.51,126.65,83.13,1,1,1.0
738,16,303.79,72.32,56.04,34.28,1,1,0.8034
738,17,226.13,173.65,119.4,116.84,1,1,1.0
738,18,330.24,62.51,50.49,28.31,1,1,0.6171
738,19,321.92,96.64,70.76,45.37,1,1,0.522
738,20,477.23,126.08,97.42,53.69,1,1,1.0
738,21,817.49,247.68,143.51,87.4,1,1,1.0
739,16,301.01,71.68,55.83,33.85,1,1,0.7632
739,17,232.53,178.35,122.6,121.96,1,1,1.0
739,18,326.83,61.23,49.64,28.09,1,1,0.6204
739,19,317.01,94.29,69.91,46.23,1,1,0.5158
739,20,471.04,123.52,95.51,52.84,1,1,1.0
739,21,800.64,240.85,160.36,91.67,1,1,0.9968
740,16,298.24,71.04,55.61,33.43,1,1,0.7188
740,17,238.93,183.04,125.8,127.08,1,1,1.0
740,18,323.41,59.95,48.79,27.88,1,1,0.6243
740,19,312.11,91.95,69.05,47.08,1,1,0.4943
740,20,464.85,120.96,93.59,51.99,1,1,1.0
740,21,783.79,234.03,177.21,95.93,1,1,0.9892
741,16,295.47,70.4,55.4,33.0,1,1,0.6704
741,17,245.33,187.73,129.0,132.2,1,1,1.0
741,18,320.0,58.67,47.93,27.67,1,1,0.6291
741,19,307.2,89.6,68.2,47.93,1,1,0.5127
741,20,458.67,118.4,91.66,51.13,1,1,1.0
741,21,766.93,227.2,194.07,100.2,1,1,0.9806
742,16,293.76,69.33,54.33,33.0,1,1,0.6541
742,17,250.88,193.92,136.89,138.6,1,1,1.0
742,18,317.01,57.6,47.3,27.88,1,1,0.6194
742,19,303.15,88.53,66.92,46.87,1,1,0.4921
742,20,452.48,116.48,90.81,50.71,1,1,1.0
742,21,752.85,221.87,187.24,98.49,1,1,0.9806
743,16,292.05,68.27,53.27,33.0,1,1,0.637
743,17,256.43,200.11,144.78,145.0,1,1,1.0
743,18,314.03,56.53,46.65,28.09,1,1,0.6094
743,19,299.09,87.47,65.64,45.8,1,1,0.4701
743,20,446.29,114.56,89.96,50.28,1,1,1.0
743,21,738.77,216.53,183.62,96.79,1,1,0.9845
744,16,290.35,67.2,52.2,33.0,1,1,0.6194
744,17,261.97,206.29,152.68,151.4,1,1,1.0
744,18,311.04,55.47,46.01,28.31,1,1,0.599
744,19,295.04,86.4,64.36,44.73,1,1,0.4876
744,20,440.11,112.64,89.1,49.85,1,1,1.0
744,21,724.69,211.2,179.99,95.08,1,1,0.9797
745,16,288.64,66.13,51.13,33.0,1,1,0.601
745,17,267.52,212.48,160.57,157.8,1,1,1.0
745,18,308.05,54.4,45.38,28.52,1,1,0.5886
745,19,290.99,85.33,63.08,43.67,1,1,0.4827
745,20,433.92,110.72,88.25,49.43,1,1,1.0
745,21,710.61,205.87,176.36,93.37,1,1,0.9837
746,16,286.93,65.07,50.07,33.0,1,1,0.5818
746,17,273.07,218.67,168.46,164.2,1,1,1.0
746,18,305.07,53.33,44.73,28.73,1,1,0.5777
746,19,286.93,84.27,61.8,42.6,1,1,0.4616
746,20,427.73,108.8,87.4,49.0,1,1,1.0
746,21,696.53,200.53,172.74,91.67,1,1,0.9842
747,16,285.01,64.85,49.22,32.15,1,1,0.5773
747,17,283.52,228.05,176.36,171.24,1,1,1.0
747,18,302.51,52.69,43.24,27.88,1,1,0.5864
747,19,283.73,83.41,61.16,41.54,1,1,0.4402
747,20,423.04,107.73,85.91,47.94,1,1,1.0
747,21,684.8,196.91,168.04,88.89,1,1,0.989
748,16,283.09,64.64,48.36,31.29,1,1,0.5727
748,17,293.97,237.44,184.26,178.28,1,1,1.0
748,18,299.95,52.05,41.74,27.03,1,1,0.5968
748,19,280.53,82.56,60.52,40.47,1,1,0.4236
748,20,418.35,106.67,84.41,46.86,1,1,1.0
748,21,673.07,193.28,163.34,86.12,1,1,0.9925
749,16,281.17,64.43,47.51,30.44,1,1,0.5677
749,17,304.43,246.83,192.14,185.32,1,1,1.0
749,18,297.39,51.41,40.25,26.17,1,1,0.6091
749,19,277.33,81.71,59.88,39.4,1,1,0.4834
749,20,413.65,105.6,82.92,45.8,1,1,1.0
749,21,661.33,189.65,158.66,83.35,1,1,0.9951
750,16,279.25,64.21,46.66,29.59,1,1,0.5624
750,17,314.88,256.21,200.04,192.36,1,1,1.0
750,18,294.83,50.77,38.76,25.32,1,1,1.0
750,19,274.13,80.85,59.24,38.34,1,1,0.4646
750,20,408.96,104.53,81.43,44.74,1,1,1.0
750,21,649.6,186.03,153.96,80.57,1,1,0.9959
751,16,277.33,64.0,45.8,28.73,1,1,0.5569
751,17,325.33,265.6,207.94,199.4,1,1,1.0
751,18,292.27,50.13,37.26,24.47,1,1,1.0
751,19,270.93,80.0,58.6,37.27,1,1,0.4629
751,20,404.27,103.47,79.93,43.66,1,1,1.0
751,21,637.87,182.4,149.26,77.8,1,1,0.996
752,16,275.63,62.93,45.37,29.59,1,1,0.5119
752,17,338.35,275.84,224.14,204.52,1,1,1.0
752,18,289.28,49.71,37.48,24.04,1,1,1.0
752,19,267.73,78.08,57.32,37.48,1,1,0.454
752,20,400.21,101.97,78.23,43.24,1,1,1.0
752,21,628.48,178.77,144.36,75.46,1,1,0.9987
753,16,273.92,61.87,44.95,30.44,1,1,0.4695
753,17,351.36,286.08,240.36,209.64,1,1,1.0
753,18,286.29,49.28,37.7,23.61,1,1,1.0
753,19,264.53,76.16,56.04,37.69,1,1,0.4365
753,20,396.16,100.48,76.52,42.81,1,1,1.0
753,21,619.09,175.15,139.46,73.1,1,1,1.0
754,16,272.21,60.8,44.52,31.29,1,1,0.4377
754,17,364.37,296.32,256.58,214.76,1,1,1.0
754,18,283.31,48.85,37.9,23.19,1,1,1.0
754,19,261.33,74.24,54.76,37.91,1,1,0.4558
754,20,392.11,98.99,74.81,42.38,1,1,1.0
754,21,609.71,171.52,134.54,70.76,1,1,1.0
755,16,270.51,59.73,44.09,32.15,1,1,0.4328
755,17,377.39,306.56,272.78,219.88,1,1,1.0
755,18,280.32,48.43,38.12,22.76,1,1,1.0
755,19,258.13,72.32,53.48,38.12,1,1,0.4401
755,20,388.05,97.49,73.11,41.96,1,1,1.0
755,21,600.32,167.89,129.64,68.42,1,1,1.0
756,16,268.8,58.67,43.67,33.0,1,1,0.4343
756,17,390.4,316.8,289.0,224.2,1,1,1.0
756,18,277.33,48.0,38.34,22.33,1,1,1.0
756,19,254.93,70.4,52.2,38.33,1,1,0.4923
756,20,384.0,96.0,71.4,41.53,1,1,1.0
756,21,590.93,164.27,124.74,66.06,1,1,1.0
757,16,267.09,58.45,43.24,32.15,1,1,0.4501
757,17,409.6,333.65,284.52,207.35,1,1,1.0
757,18,275.63,47.15,37.69,22.12,1,1,1.0
757,19,252.37,69.97,51.78,37.06,1,1,0.4678
757,20,380.16,94.72,70.12,41.53,1,1,1.0
757,21,581.76,161.07,122.39,65.21,1,1,1.0
758,16,265.39,58.24,42.81,31.29,1,1,0.4664
758,17,428.8,350.51,280.04,190.49,1,1,1.0
758,18,273.92,46.29,37.05,21.91,1,1,1.0
758,19,249.81,69.55,51.35,35.77,1,1,0.4856
758,20,376.32,93.44,68.84,41.53,1,1,1.0
758,21,572.59,157.87,120.04,64.36,1,1,1.0
759,16,263.68,58.03,42.39,30.44,1,1,0.4829
759,17,448.0,367.36,275.56,173.64,1,1,1.0
759,18,272.21,45.44,36.42,21.69,1,1,1.0
759,19,247.25,69.12,50.92,34.49,1,1,0.5348
759,20,372.48,92.16,67.56,41.53,1,1,1.0
759,21,563.41,154.67,117.7,63.5,1,1,1.0
760,16,261.97,57.81,41.96,29.59,1,1,0.4994
760,17,467.2,384.21,271.08,156.79,1,1,1.0
760,18,270.51,44.59,35.77,21.48,1,1,1.0
760,19,244.69,68.69,50.5,33.22,1,1,0.4503
760,20,368.64,90.88,66.28,41.53,1,1,1.0
760,21,554.24,151.47,115.35,62.65,1,1,1.0
761,16,260.27,57.6,41.53,28.73,1,1,0.5166
761,17,486.4,401.07,266.6,139.93,1,1,1.0
761,18,268.8,43.73,35.13,21.27,1,1,1.0
761,19,242.13,68.27,50.07,31.93,1,1,0.512
761,20,364.8,89.6,65.0,41.53,1,1,1.0
761,21,545.07,148.27,113.0,61.8,1,1,1.0
761,22,137.6,53.33,34.07,28.73,1,1,1.0
762,16,258.77,56.53,41.11,28.52,1,1,0.5429
762,19,239.36,67.2,49.43,31.93,1,1,0.5065
762,20,361.17,88.75,65.0,40.25,1,1,1.0
762,21,538.24,145.49,110.23,60.31,1,1,1.0
762,22,138.24,53.97,34.71,28.52,1,1,1.0
763,16,257.28,55.47,40.68,28.31,1,1,0.5697
763,19,236.59,66.13,48.78,31.93,1,1,0.4279
763,20,357.55,87.89,65.0,38.98,1,1,1.0
763,21,531.41,142.72,107.46,58.81,1,1,1.0
763,22,138.88,54.61,35.35,28.31,1,1,1.0
764,16,255.79,54.4,40.25,28.09,1,1,0.5967
764,19,233.81,65.07,48.15,31.93,1,1,0.4686
764,20,353.92,87.04,65.0,37.69,1,1,1.0
764,21,524.59,139.95,104.68,57.32,1,1,1.0
764,22,139.52,55.25,35.99,28.09,1,1,1.0
765,16,254.29,53.33,39.83,27.88,1,1,0.624
765,19,231.04,64.0,47.51,31.93,1,1,0.4681
765,20,350.29,86.19,65.0,36.41,1,1,1.0
765,21,517.76,137.17,101.91,55.83,1,1,1.0
765,22,140.16,55.89,36.63,27.88,1,1,1.0
766,16,252.8,52.27,39.4,27.67,1,1,0.6517
766,19,228.27,62.93,46.86,31.93,1,1,0.436
766,20,346.67,85.33,65.0,35.14,1,1,1.0
766,21,510.93,134.4,99.14,54.33,1,1,1.0
766,22,140.8,56.53,37.27,27.67,1,1,1.0
767,16,251.09,51.84,39.19,27.88,1,1,0.649
767,19,226.35,61.87,46.22,31.72,1,1,0.4732
767,20,343.68,83.84,63.93,35.77,1,1,1.0
767,21,504.11,132.27,97.42,53.48,1,1,1.0
767,22,142.08,56.75,37.69,28.73,1,1,1.0
768,16,249.39,51.41,38.97,28.09,1,1,0.6477
768,19,224.43,60.8,45.58,31.51,1,1,0.4573
768,20,340.69,82.35,62.87,36.41,1,1,1.0
768,21,497.28,130.13,95.72,52.63,1,1,1.0
768,22,143.36,56.96,38.12,29.8,1,1,1.0
769,16,247.68,50.99,38.76,28.31,1,1,0.6475
769,19,222.51,59.73,44.94,31.29,1,1,0.453
769,20,337.71,80.85,61.8,37.06,1,1,1.0
769,21,490.45,128.0,94.02,51.77,1,1,1.0
769,22,144.64,57.17,38.55,30.87,1,1,1.0
770,16,245.97,50.56,38.55,28.52,1,1,0.6487
770,19,220.59,58.67,44.3,31.08,1,1,0.5257
770,20,334.72,79.36,60.73,37.69,1,1,1.0
770,21,483.63,125.87,92.3,50.92,1,1,1.0
770,22,145.92,57.39,38.97,31.93,1,1,1.0
771,16,244.27,50.13,38.33,28.73,1,1,0.6513
771,19,218.67,57.6,43.66,30.87,1,1,0.4474
771,20,331.73,77.87,59.67,38.33,1,1,1.0
771,21,476.8,123.73,90.6,50.07,1,1,1.0
771,22,147.2,57.6,39.4,33.0,1,1,1.0
771,23,898.13,337.07,62.87,87.4,1,1,0.4225
772,16,242.99,49.71,37.9,28.52,1,1,0.6749
772,19,216.96,56.75,42.39,30.44,1,1,0.5125
772,20,328.96,77.01,58.81,37.7,1,1,1.0
772,21,471.68,121.17,88.25,48.79,1,1,1.0
772,22,148.05,58.67,39.83,32.57,1,1,1.0
772,23,868.69,325.97,92.31,94.44,1,1,0.3603
773,16,241.71,49.28,37.48,28.31,1,1,0.7004
773,19,215.25,55.89,41.11,30.01,1,1,0.4972
773,20,326.19,76.16,57.96,37.05,1,1,1.0
773,21,466.56,118.61,85.91,47.51,1,1,1.0
773,22,148.91,59.73,40.25,32.15,1,1,1.0
773,23,839.25,314.88,121.75,101.48,1,1,0.3305
774,16,240.43,48.85,37.05,28.09,1,1,0.7277
774,19,213.55,55.04,39.82,29.59,1,1,0.5655
774,20,323.41,75.31,57.11,36.41,1,1,1.0
774,21,461.44,116.05,83.56,46.23,1,1,1.0
774,22,149.76,60.8,40.68,31.72,1,1,1.0
774,23,809.81,303.79,151.19,108.52,1,1,0.2793
775,16,239.15,48.43,36.62,27.88,1,1,0.7565
775,19,211.84,54.19,38.55,29.16,1,1,0.5597
775,20,320.64,74.45,56.25,35.78,1,1,1.0
775,21,456.32,113.49,81.21,44.95,1,1,1.0
775,22,150.61,61.87,41.11,31.29,1,1,1.0
775,23,780.37,292.69,180.63,115.56,1,1,0.2363
776,16,237.87,48.0,36.2,27.67,1,1,0.7875
776,19,210.13,53.33,37.27,28.73,1,1,0.542
776,20,317.87,73.6,55.4,35.13,1,1,1.0
776,21,451.2,110.93,78.87,43.67,1,1,1.0
776,22,151.47,62.93,41.53,30.87,1,1,1.0
776,23,750.93,281.6,210.07,122.6,1,1,0.2193
777,16,235.95,48.21,36.41,26.81,1,1,0.7772
777,19,208.21,52.69,37.48,28.73,1,1,0.5433
777,20,314.67,72.96,55.4,34.49,1,1,1.0
777,21,446.51,109.23,76.94,43.45,1,1,1.0
777,22,152.75,63.57,41.53,31.51,1,1,1.0
777,23,730.45,272.43,204.95,117.69,1,1,0.2188
778,16,234.03,48.43,36.62,25.96,1,1,0.766
778,19,206.29,52.05,37.7,28.73,1,1,0.5262
778,20,311.47,72.32,55.4,33.85,1,1,1.0
778,21,441.81,107.52,75.03,43.24,1,1,1.0
778,22,154.03,64.21,41.53,32.15,1,1,1.0
778,23,709.97,263.25,199.83,112.79,1,1,0.248
779,16,232.11,48.64,36.84,25.11,1,1,0.7544
779,19,204.37,51.41,37.91,28.73,1,1,0.457
779,20,308.27,71.68,55.4,33.21,1,1,1.0
779,21,437.12,105.81,73.11,43.03,1,1,1.0
779,22,155.31,64.85,41.53,32.79,1,1,1.0
779,23,689.49,254.08,194.71,107.88,1,1,0.2782
780,16,230.19,48.85,37.05,24.25,1,1,0.742
780,19,202.45,50.77,38.12,28.73,1,1,0.5269
780,20,305.07,71.04,55.4,32.57,1,1,1.0
780,21,432.43,104.11,71.18,42.81,1,1,1.0
780,22,156.59,65.49,41.53,33.43,1,1,1.0
780,23,669.01,244.91,189.59,102.97,1,1,0.3276
781,16,228.27,49.07,37.26,23.4,1,1,0.7285
781,19,200.53,50.13,38.34,28.73,1,1,0.4416
781,20,301.87,70.4,55.4,31.93,1,1,1.0
781,21,427.73,102.4,69.27,42.6,1,1,1.0
781,22,157.87,66.13,41.53,34.07,1,1,1.0
781,23,648.53,235.73,184.47,98.07,1,1,0.3552
782,20,299.73,69.55,54.12,32.14,1,1,1.0
782,21,423.68,100.69,67.77,42.39,1,1,1.0
782,22,158.93,66.77,42.18,34.5,1,1,1.0
782,23,632.53,228.69,177.0,94.44,1,1,0.3889
783,20,297.6,68.69,52.84,32.36,1,1,1.0
783,21,419.63,98.99,66.28,42.17,1,1,1.0
783,22,160.0,67.41,42.81,34.92,1,1,1.0
783,23,616.53,221.65,169.54,90.82,1,1,0.3867
784,20,295.47,67.84,51.56,32.57,1,1,1.0
784,21,415.57,97.28,64.79,41.96,1,1,1.0
784,22,161.07,68.05,43.45,35.35,1,1,1.0
784,23,600.53,214.61,162.07,87.19,1,1,0.3944
785,20,293.33,66.99,50.28,32.79,1,1,1.0
785,21,411.52,95.57,63.29,41.75,1,1,1.0
785,22,162.13,68.69,44.1,35.78,1,1,1.0
785,23,584.53,207.57,154.6,83.56,1,1,0.4331
786,20,291.2,66.13,49.0,33.0,1,1,1.0
786,21,407.47,93.87,61.8,41.53,1,1,1.0
786,22,163.2,69.33,44.73,36.2,1,1,1.0
786,23,568.53,200.53,147.14,79.94,1,1,0.4329
787,20,288.85,65.71,48.58,32.57,1,1,1.0
787,21,403.2,92.8,61.8,40.68,1,1,1.0
787,22,164.05,69.97,46.02,36.63,1,1,1.0
787,23,555.52,194.77,142.23,78.66,1,1,0.4667
788,20,286.51,65.28,48.14,32.15,1,1,1.0
788,21,398.93,91.73,61.8,39.83,1,1,1.0
788,22,164.91,70.61,47.29,37.06,1,1,1.0
788,23,542.51,189.01,137.32,77.38,1,1,0.4257
789,20,284.16,64.85,47.72,31.72,1,1,1.0
789,21,394.67,90.67,61.8,38.97,1,1,1.0
789,22,165.76,71.25,48.57,37.48,1,1,1.0
789,23,529.49,183.25,132.42,76.1,1,1,0.4603
790,20,281.81,64.43,47.3,31.29,1,1,1.0
790,21,390.4,89.6,61.8,38.12,1,1,1.0
790,22,166.61,71.89,49.86,37.91,1,1,1.0
790,23,516.48,177.49,127.51,74.82,1,1,0.4505
791,20,279.47,64.0,46.86,30.87,1,1,1.0
791,21,386.13,88.53,61.8,37.27,1,1,1.0
791,22,167.47,72.53,51.13,38.34,1,1,1.0
791,23,503.47,171.73,122.6,73.54,1,1,0.4859
791,24,924.8,289.07,36.2,69.26,1,1,1.0
792,20,277.55,63.36,46.65,30.44,1,1,1.0
792,21,382.51,86.83,60.94,37.48,1,1,1.0
792,22,169.6,74.03,50.92,38.33,1,1,1.0
792,23,493.23,168.11,118.76,70.12,1,1,0.4742
792,24,905.39,281.17,55.61,74.6,1,1,1.0
793,20,275.63,62.72,46.44,30.01,1,1,1.0
793,21,378.88,85.12,60.09,37.69,1,1,1.0
793,22,171.73,75.52,50.71,38.33,1,1,1.0
793,23,482.99,164.48,114.92,66.71,1,1,0.5133
793,24,885.97,273.28,75.03,79.93,1,1,1.0
794,20,273.71,62.08,46.22,29.59,1,1,1.0
794,21,375.25,83.41,59.24,37.91,1,1,1.0
794,22,173.87,77.01,50.49,38.34,1,1,1.0
794,23,472.75,160.85,111.08,63.3,1,1,0.5103
794,24,866.56,265.39,94.44,85.26,1,1,1.0
795,20,271.79,61.44,46.01,29.16,1,1,1.0
795,21,371.63,81.71,58.38,38.12,1,1,1.0
795,22,176.0,78.51,50.28,38.33,1,1,1.0
795,23,462.51,157.23,107.24,59.88,1,1,0.5247
795,24,847.15,257.49,113.85,90.6,1,1,1.0
796,20,269.87,60.8,45.8,28.73,1,1,1.0
796,21,368.0,80.0,57.53,38.33,1,1,1.0
796,22,178.13,80.0,50.07,38.33,1,1,1.0
796,23,452.27,153.6,103.4,56.47,1,1,0.5406
796,24,827.73,249.6,133.27,95.93,1,1,0.9988
797,20,267.95,60.16,45.37,28.73,1,1,1.0
797,21,364.59,78.93,56.89,37.91,1,1,1.0
797,22,179.84,80.64,50.49,39.19,1,1,1.0
797,23,443.31,149.76,100.62,56.04,1,1,0.5384
797,24,810.24,242.56,150.76,96.79,1,1,0.997
798,20,266.03,59.52,44.94,28.73,1,1,1.0
798,21,361.17,77.87,56.26,37.48,1,1,1.0
798,22,181.55,81.28,50.92,40.04,1,1,1.0
798,23,434.35,145.92,97.85,55.61,1,1,0.5473
798,24,792.75,235.52,168.25,97.64,1,1,0.9939
799,20,264.11,58.88,44.52,28.73,1,1,1.0
799,21,357.76,76.8,55.61,37.05,1,1,1.0
799,22,183.25,81.92,51.35,40.89,1,1,1.0
799,23,425.39,142.08,95.08,55.19,1,1,0.5409
799,24,775.25,228.48,169.96,98.49,1,1,0.9929
800,20,262.19,58.24,44.09,28.73,1,1,1.0
800,21,354.35,75.73,54.97,36.63,1,1,1.0
800,22,184.96,82.56,51.77,41.75,1,1,1.0
800,23,416.43,138.24,92.3,54.76,1,1,0.5262
800,24,757.76,221.44,180.41,99.35,1,1,0.9897
801,20,260.27,57.6,43.66,28.73,1,1,1.0
801,21,350.93,74.67,54.34,36.2,1,1,1.0
801,22,186.67,83.2,52.2,42.6,1,1,1.0
801,23,407.47,134.4,89.53,54.33,1,1,0.5088
801,24,740.27,214.4,190.86,100.2,1,1,0.9863
802,20,258.35,56.75,43.24,28.52,1,1,1.0
802,21,348.37,73.6,53.27,35.56,1,1,1.0
802,22,187.95,84.27,53.48,42.6,1,1,1.0
802,23,400.64,131.2,87.19,53.69,1,1,0.5357
802,24,726.4,210.35,184.89,96.57,1,1,0.9897
803,20,256.43,55.89,42.81,28.31,1,1,1.0
803,21,345.81,72.53,52.2,34.92,1,1,1.0
803,22,189.23,85.33,54.76,42.6,1,1,1.0
803,23,393.81,128.0,84.84,53.05,1,1,0.5247
803,24,712.53,206.29,178.92,92.95,1,1,0.9931
804,20,254.51,55.04,42.38,28.09,1,1,1.0
804,21,343.25,71.47,51.14,34.28,1,1,1.0
804,22,190.51,86.4,56.04,42.6,1,1,1.0
804,23,386.99,124.8,82.49,52.41,1,1,0.564
804,24,698.67,202.24,172.94,89.32,1,1,0.996
805,20,252.59,54.19,41.96,27.88,1,1,1.0
805,21,340.69,70.4,50.07,33.64,1,1,1.0
805,22,191.79,87.47,57.32,42.6,1,1,1.0
805,23,380.16,121.6,80.15,51.77,1,1,0.5468
805,24,684.8,198.19,166.97,85.69,1,1,0.997
806,20,250.67,53.33,41.53,27.67,1,1,1.0
806,21,338.13,69.33,49.0,33.0,1,1,1.0
806,22,193.07,88.53,58.6,42.6,1,1,1.0
806,23,373.33,118.4,77.8,51.13,1,1,0.586
806,24,670.93,194.13,161.0,82.07,1,1,0.9988
807,20,248.75,53.12,41.1,27.45,1,1,1.0
807,21,334.51,68.27,48.78,33.0,1,1,1.0
807,22,195.2,89.81,59.24,43.88,1,1,1.0
807,23,367.15,116.05,76.52,50.28,1,1,0.5689
807,24,659.41,190.29,157.16,80.58,1,1,0.9984
808,20,246.83,52.91,40.68,27.24,1,1,1.0
808,21,330.88,67.2,48.57,33.0,1,1,1.0
808,22,197.33,91.09,59.88,45.16,1,1,1.0
808,23,360.96,113.71,75.24,49.42,1,1,0.5571
808,24,647.89,186.45,153.32,79.08,1,1,0.9988
809,20,244.91,52.69,40.25,27.03,1,1,1.0
809,21,327.25,66.13,48.36,33.0,1,1,1.0
809,22,199.47,92.37,60.52,46.44,1,1,1.0
809,23,354.77,111.36,73.96,48.57,1,1,0.5597
809,24,636.37,182.61,149.48,77.59,1,1,0.9987
810,20,242.99,52.48,39.82,26.81,1,1,1.0
810,21,323.63,65.07,48.14,33.0,1,1,1.0
810,22,201.6,93.65,61.16,47.72,1,1,1.0
810,23,348.59,109.01,72.68,47.72,1,1,0.5344
810,24,624.85,178.77,145.64,76.1,1,1,0.9996
811,20,241.07,52.27,39.4,26.6,1,1,1.0
811,21,320.0,64.0,47.93,33.0,1,1,1.0
811,22,203.73,94.93,61.8,49.0,1,1,1.0
811,23,342.4,106.67,71.4,46.86,1,1,0.5771
811,24,613.33,174.93,141.8,74.6,1,1,0.9997
812,20,239.79,51.84,39.18,25.96,1,1,1.0
812,21,317.87,63.15,46.86,32.79,1,1,1.0
812,22,205.65,96.85,63.08,48.79,1,1,1.0
812,23,337.49,104.75,69.06,45.8,1,1,0.5576
812,24,603.09,171.31,137.54,72.68,1,1,1.0
813,20,238.51,51.41,38.97,25.32,1,1,1.0
813,21,315.73,62.29,45.8,32.57,1,1,1.0
813,22,207.57,98.77,64.36,48.58,1,1,1.0
813,23,332.59,102.83,66.7,44.73,1,1,0.596
813,24,592.85,167.68,133.27,70.76,1,1,1.0
814,20,237.23,50.99,38.76,24.68,1,1,1.0
814,21,313.6,61.44,44.73,32.36,1,1,1.0
814,22,209.49,100.69,65.64,48.36,1,1,1.0
814,23,327.68,100.91,64.36,43.66,1,1,0.5743
814,24,582.61,164.05,129.0,68.84,1,1,1.0
815,20,235.95,50.56,38.54,24.04,1,1,1.0
815,21,311.47,60.59,43.66,32.15,1,1,1.0
815,22,211.41,102.61,66.92,48.15,1,1,1.0
815,23,322.77,98.99,62.02,42.6,1,1,0.6106
815,24,572.37,160.43,124.74,66.92,1,1,1.0
816,20,234.67,50.13,38.33,23.4,1,1,1.0
816,21,309.33,59.73,42.6,31.93,1,1,1.0
816,22,213.33,104.53,68.2,47.94,1,1,1.0
816,23,317.87,97.07,59.66,41.53,1,1,0.5531
816,24,562.13,156.8,120.47,65.0,1,1,1.0
817,21,307.2,59.31,42.17,30.87,1,1,1.0
817,22,216.32,105.39,68.2,49.42,1,1,1.0
817,23,313.6,95.15,59.24,40.68,1,1,0.5968
817,24,553.39,153.6,117.69,63.93,1,1,1.0
818,21,305.07,58.88,41.74,29.8,1,1,1.0
818,22,219.31,106.24,68.2,50.92,1,1,1.0
818,23,309.33,93.23,58.82,39.82,1,1,0.635
818,24,544.64,150.4,114.92,62.87,1,1,1.0
819,21,302.93,58.45,41.32,28.73,1,1,1.0
819,22,222.29,107.09,68.2,52.42,1,1,1.0
819,23,305.07,91.31,58.38,38.97,1,1,0.6545
819,24,535.89,147.2,112.15,61.8,1,1,1.0
820,21,300.8,58.03,40.89,27.67,1,1,1.0
820,22,225.28,107.95,68.2,53.9,1,1,1.0
820,23,300.8,89.39,57.96,38.12,1,1,0.6846
820,24,527.15,144.0,109.37,60.73,1,1,1.0
821,21,298.67,57.6,40.46,26.6,1,1,1.0
821,22,228.27,108.8,68.2,55.4,1,1,1.0
821,23,296.53,87.47,57.54,37.26,1,1,0.6465
821,24,518.4,140.8,106.6,59.67,1,1,1.0
822,21,295.89,56.75,40.04,26.39,1,1,1.0
822,22,230.83,110.72,69.26,55.83,1,1,1.0
822,23,292.27,86.19,56.46,37.05,1,1,0.6301
822,24,510.93,138.03,103.4,58.6,1,1,1.0
823,21,293.12,55.89,39.61,26.17,1,1,1.0
823,22,233.39,112.64,70.33,56.25,1,1,1.0
823,23,288.0,84.91,55.4,36.84,1,1,0.6183
823,24,503.47,135.25,100.2,57.54,1,1,1.0
824,21,290.35,55.04,39.18,25.96,1,1,1.0
824,22,235.95,114.56,71.4,56.68,1,1,1.0
824,23,283.73,83.63,54.34,36.62,1,1,0.5873
824,24,496.0,132.48,97.0,56.47,1,1,1.0
825,21,287.57,54.19,38.76,25.75,1,1,1.0
825,22,238.51,116.48,72.46,57.11,1,1,1.0
825,23,279.47,82.35,53.26,36.41,1,1,0.5647
825,24,488.53,129.71,93.8,55.4,1,1,1.0
826,21,284.8,53.33,38.33,25.53,1,1,1.0
826,22,241.07,118.4,73.53,57.53,1,1,1.0
826,23,275.2,81.07,52.2,36.2,1,1,0.5677
826,24,481.07,126.93,90.6,54.34,1,1,1.0
826,25,41.6,34.13,58.6,60.73,1,1,1.0
827,21,282.88,52.27,37.91,25.75,1,1,1.0
827,22,244.48,119.89,74.81,59.46,1,1,1.0
827,23,272.64,79.36,50.92,35.99,1,1,0.5608
827,24,474.24,124.8,88.89,53.27,1,1,1.0
827,25,41.39,33.92,59.24,61.8,1,1,1.0
828,21,280.96,51.2,37.48,25.96,1,1,1.0
828,22,247.89,121.39,76.1,61.37,1,1,1.0
828,23,270.08,77.65,49.64,35.78,1,1,0.5622
828,24,467.41,122.67,87.19,52.2,1,1,1.0
828,25,41.17,33.71,59.88,62.87,1,1,1.0
829,21,279.04,50.13,37.05,26.17,1,1,1.0
829,22,251.31,122.88,77.37,63.29,1,1,1.0
829,23,267.52,75.95,48.36,35.56,1,1,0.6145
829,24,460.59,120.53,85.48,51.14,1,1,1.0
829,25,40.96,33.49,60.52,63.93,1,1,1.0
830,21,277.12,49.07,36.63,26.39,1,1,0.9562
830,22,254.72,124.37,78.65,65.22,1,1,1.0
830,23,264.96,74.24,47.08,35.35,1,1,0.6845
830,24,453.76,118.4,83.77,50.07,1,1,1.0
830,25,40.75,33.28,61.16,65.0,1,1,1.0
831,21,275.2,48.0,36.2,26.6,1,1,0.9292
831,22,258.13,125.87,79.94,67.13,1,1,1.0
831,23,262.4,72.53,45.8,35.14,1,1,0.6775
831,24,446.93,116.27,82.07,49.0,1,1,1.0
831,25,40.53,33.07,61.8,66.07,1,1,1.0
832,21,273.28,47.57,35.77,25.96,1,1,0.9371
832,22,261.33,128.21,81.86,67.78,1,1,1.0
832,23,258.99,71.68,45.8,34.28,1,1,0.6239
832,24,440.75,114.13,80.57,48.36,1,1,1.0
832,25,41.17,33.92,61.38,65.43,1,1,1.0
833,21,271.36,47.15,35.35,25.32,1,1,0.945
833,22,264.53,130.56,83.78,68.41,1,1,1.0
833,23,255.57,70.83,45.8,33.42,1,1,0.6072
833,24,434.56,112.0,79.08,47.72,1,1,1.0
833,25,41.81,34.77,60.95,64.79,1,1,1.0
834,21,269.44,46.72,34.92,24.68,1,1,0.9528
834,22,267.73,132.91,85.7,69.05,1,1,1.0
834,23,252.16,69.97,45.8,32.58,1,1,0.5914
834,24,428.37,109.87,77.59,47.08,1,1,1.0
834,25,42.45,35.63,60.52,64.15,1,1,1.0
835,21,267.52,46.29,34.49,24.04,1,1,0.9605
835,22,270.93,135.25,87.62,69.7,1,1,1.0
835,23,248.75,69.12,45.8,31.72,1,1,0.6501
835,24,422.19,107.73,76.09,46.44,1,1,1.0
835,25,43.09,36.48,60.1,63.51,1,1,1.0
836,21,265.6,45.87,34.07,23.4,1,1,1.0
836,22,274.13,137.6,89.54,70.33,1,1,1.0
836,23,245.33,68.27,45.8,30.87,1,1,0.6498
836,24,416.0,105.6,74.6,45.8,1,1,1.0
836,25,43.73,37.33,59.67,62.87,1,1,1.0
836,26,812.8,283.73,148.2,110.87,1,1,0.5257
837,22,278.83,141.01,92.09,72.04,1,1,1.0
837,23,243.41,67.63,44.52,30.44,1,1,0.6367
837,24,410.45,103.89,73.32,45.38,1,1,1.0
837,25,43.95,38.61,60.52,63.08,1,1,1.0
837,26,792.32,274.77,155.24,107.67,1,1,0.5722
838,22,283.52,144.43,94.65,73.74,1,1,1.0
838,23,241.49,66.99,43.24,30.01,1,1,0.6186
838,24,404.91,102.19,72.04,44.94,1,1,1.0
838,25,44.16,39.89,61.37,63.3,1,1,1.0
838,26,771.84,265.81,156.95,104.47,1,1,0.6142
839,22,288.21,147.84,97.22,75.45,1,1,1.0
839,23,239.57,66.35,41.96,29.59,1,1,0.6072
839,24,399.36,100.48,70.76,44.52,1,1,1.0
839,25,44.37,41.17,62.23,63.51,1,1,1.0
839,26,751.36,256.85,158.65,101.27,1,1,0.6475
840,22,292.91,151.25,99.77,77.16,1,1,1.0
840,23,237.65,65.71,40.68,29.16,1,1,0.5864
840,24,393.81,98.77,69.48,44.1,1,1,1.0
840,25,44.59,42.45,63.08,63.72,1,1,1.0
840,26,730.88,247.89,160.36,98.07,1,1,0.6873
841,22,297.6,154.67,102.33,78.86,1,1,1.0
841,23,235.73,65.07,39.4,28.73,1,1,0.5734
841,24,388.27,97.07,68.2,43.66,1,1,1.0
841,25,44.8,43.73,63.93,63.94,1,1,1.0
841,26,710.4,238.93,162.07,94.87,1,1,0.7134
842,22,302.93,157.87,105.32,81.85,1,1,1.0
842,23,233.17,64.0,39.4,28.52,1,1,0.5994
842,24,383.57,95.79,67.14,42.6,1,1,1.0
842,25,45.01,44.16,64.79,64.57,1,1,1.0
842,26,694.4,232.32,156.95,92.09,1,1,0.7224
843,22,308.27,161.07,108.3,84.84,1,1,1.0
843,23,230.61,62.93,39.4,28.31,1,1,0.6458
843,24,378.88,94.51,66.07,41.53,1,1,1.0
843,25,45.23,44.59,65.64,65.21,1,1,1.0
843,26,678.4,225.71,151.83,89.32,1,1,0.7452
844,22,313.6,164.27,111.29,87.82,1,1,1.0
844,23,228.05,61.87,39.4,28.09,1,1,0.5844
844,24,374.19,93.23,65.0,40.46,1,1,1.0
844,25,45.44,45.01,66.49,65.86,1,1,1.0
844,26,662.4,219.09,146.71,86.55,1,1,0.7651
845,22,318.93,167.47,114.28,90.81,1,1,1.0
845,23,225.49,60.8,39.4,27.88,1,1,0.6422
845,24,369.49,91.95,63.94,39.4,1,1,1.0
845,25,45.65,45.44,67.35,66.49,1,1,1.0
845,26,646.4,212.48,141.59,83.77,1,1,0.773
846,22,324.27,170.67,117.26,93.8,1,1,1.0
846,23,222.93,59.73,39.4,27.67,1,1,0.6542
846,24,364.8,90.67,62.87,38.33,1,1,1.0
846,25,45.87,45.87,68.2,67.13,1,1,1.0
846,26,630.4,205.87,136.47,81.0,1,1,0.7841
847,22,331.09,174.29,118.98,96.15,1,1,1.0
847,23,221.44,58.88,38.55,27.45,1,1,0.6387
847,24,360.75,89.39,62.01,37.9,1,1,1.0
847,25,45.23,46.29,69.05,67.99,1,1,1.0
847,26,618.03,200.11,130.92,78.86,1,1,0.8121
848,22,337.92,177.92,120.68,98.49,1,1,1.0
848,23,219.95,58.03,37.69,27.24,1,1,0.6581
848,24,356.69,88.11,61.16,37.48,1,1,1.0
848,25,44.59,46.72,69.9,68.84,1,1,1.0
848,26,605.65,194.35,125.38,76.73,1,1,0.8288
849,22,344.75,181.55,122.38,100.84,1,1,1.0
849,23,218.45,57.17,36.84,27.03,1,1,0.6502
849,24,352.64,86.83,60.31,37.05,1,1,1.0
849,25,43.95,47.15,70.76,69.69,1,1,1.0
849,26,593.28,188.59,119.83,74.6,1,1,0.8462
850,22,351.57,185.17,124.1,103.19,1,1,1.0
850,23,216.96,56.32,35.99,26.81,1,1,0.715
850,24,348.59,85.55,59.45,36.62,1,1,1.0
850,25,43.31,47.57,71.61,70.55,1,1,1.0
850,26,580.91,182.83,114.28,72.46,1,1,0.8757
851,22,358.4,188.8,125.8,105.53,1,1,1.0
851,23,215.47,55.47,35.13,26.6,1,1,0.6513
851,24,344.53,84.27,58.6,36.2,1,1,1.0
851,25,42.67,48.0,72.46,71.4,1,1,1.0
851,26,568.53,177.07,108.74,70.33,1,1,0.8895
851,27,859.73,262.4,101.27,77.8,1,1,1.0
851,28,104.53,60.8,30.87,25.53,1,1,0.6566
852,22,366.29,194.56,131.35,108.09,1,1,1.0
852,23,213.55,54.4,35.13,26.6,1,1,0.7057
852,24,340.91,82.99,57.53,35.77,1,1,1.0
852,25,42.88,48.0,72.25,71.83,1,1,1.0
852,26,558.29,172.8,106.39,69.27,1,1,0.8782
852,27,840.75,255.57,120.25,82.71,1,1,1.0
852,28,105.17,61.44,31.3,26.17,1,1,0.6818
853,22,374.19,200.32,136.89,110.65,1,1,1.0
853,23,211.63,53.33,35.13,26.6,1,1,0.713
853,24,337.28,81.71,56.47,35.34,1,1,1.0
853,25,43.09,48.0,72.04,72.25,1,1,1.0
853,26,548.05,168.53,104.04,68.2,1,1,0.8866
853,27,821.76,248.75,139.24,87.61,1,1,1.0
853,28,105.81,62.08,31.72,26.81,1,1,0.7062
854,22,382.08,206.08,142.44,113.21,1,1,1.0
854,23,209.71,52.27,35.13,26.6,1,1,0.7093
854,24,333.65,80.43,55.4,34.92,1,1,1.0
854,25,43.31,48.0,71.82,72.68,1,1,1.0
854,26,537.81,164.27,101.7,67.13,1,1,0.9029
854,27,802.77,241.92,158.23,92.52,1,1,0.9988
854,28,106.45,62.72,32.15,27.45,1,1,0.73
855,22,389.97,211.84,147.99,115.77,1,1,1.0
855,23,207.79,51.2,35.13,26.6,1,1,0.7168
855,24,330.03,79.15,54.33,34.49,1,1,1.0
855,25,43.52,48.0,71.61,73.11,1,1,1.0
855,26,527.57,160.0,99.35,66.07,1,1,0.9045
855,27,783.79,235.09,177.21,97.43,1,1,0.986
855,28,107.09,63.36,32.58,28.09,1,1,0.7532
856,22,397.87,217.6,153.53,118.33,1,1,1.0
856,23,205.87,50.13,35.13,26.6,1,1,0.7358
856,24,326.4,77.87,53.27,34.06,1,1,1.0
856,25,43.73,48.0,71.4,73.53,1,1,1.0
856,26,517.33,155.73,97.0,65.0,1,1,0.9018
856,27,764.8,228.27,196.2,102.33,1,1,0.9694
856,28,107.73,64.0,33.0,28.73,1,1,0.7758
857,22,407.68,223.36,161.43,125.37,1,1,1.0
857,23,204.37,49.92,34.92,26.17,1,1,0.728
857,24,322.99,76.59,52.41,34.06,1,1,1.0
857,25,44.59,48.85,72.25,74.18,1,1,1.0
857,26,508.59,152.75,94.22,62.86,1,1,0.9179
857,27,749.65,222.72,187.46,99.13,1,1,0.9739
857,28,107.95,64.64,33.42,28.95,1,1,0.734
858,22,417.49,229.12,169.32,132.41,1,1,1.0
858,23,202.88,49.71,34.71,25.75,1,1,0.7885
858,24,319.57,75.31,51.56,34.06,1,1,1.0
858,25,45.44,49.71,73.11,74.81,1,1,1.0
858,26,499.84,149.76,91.45,60.73,1,1,0.9191
858,27,734.51,217.17,182.97,95.94,1,1,0.9804
858,28,108.16,65.28,33.85,29.16,1,1,0.6931
859,22,427.31,234.88,177.21,139.45,1,1,1.0
859,23,201.39,49.49,34.49,25.32,1,1,0.8083
859,24,316.16,74.03,50.71,34.06,1,1,1.0
859,25,46.29,50.56,73.96,75.45,1,1,1.0
859,26,491.09,146.77,88.68,58.6,1,1,0.9513
859,27,719.36,211.63,178.49,92.73,1,1,0.9884
859,28,108.37,65.92,34.28,29.37,1,1,0.6534
860,22,437.12,240.64,185.11,146.49,1,1,1.0
860,23,199.89,49.28,34.28,24.89,1,1,0.7258
860,24,312.75,72.75,49.85,34.06,1,1,1.0
860,25,47.15,51.41,74.81,76.1,1,1,1.0
860,26,482.35,143.79,85.9,56.46,1,1,0.9479
860,27,704.21,206.08,174.02,89.53,1,1,0.9925
860,28,108.59,66.56,34.7,29.59,1,1,0.6147
861,22,446.93,246.4,193.0,153.53,1,1,1.0
861,23,198.4,49.07,34.07,24.47,1,1,0.7776
861,24,309.33,71.47,49.0,34.06,1,1,1.0
861,25,48.0,52.27,75.67,76.73,1,1,1.0
861,26,473.6,140.8,83.13,54.33,1,1,0.9582
861,27,689.07,200.53,169.53,86.34,1,1,0.9957
861,28,108.8,67.2,35.13,29.8,1,1,0.5767
862,22,459.95,254.72,203.66,160.79,1,1,1.0
862,24,306.13,70.61,48.58,33.64,1,1,1.0
862,25,48.21,52.69,76.74,77.8,1,1,1.0
862,26,466.77,138.03,81.22,53.26,1,1,0.9725
862,27,675.41,195.63,164.84,84.84,1,1,0.9958
862,28,110.08,67.41,35.35,30.65,1,1,0.5793
863,22,472.96,263.04,214.33,168.04,1,1,1.0
863,24,302.93,69.76,48.15,33.21,1,1,1.0
863,25,48.43,53.12,77.8,78.87,1,1,1.0
863,26,459.95,135.25,79.29,52.2,1,1,0.9712
863,27,661.76,190.72,160.15,83.35,1,1,0.996
863,28,111.36,67.63,35.56,31.51,1,1,0.5818
864,22,485.97,271.36,225.0,175.29,1,1,1.0
864,24,299.73,68.91,47.72,32.78,1,1,1.0
864,25,48.64,53.55,78.87,79.93,1,1,1.0
864,26,453.12,132.48,77.37,51.13,1,1,0.9836
864,27,648.11,185.81,155.45,81.86,1,1,0.9979
864,28,112.64,67.84,35.77,32.36,1,1,0.5843
865,22,498.99,279.68,235.66,182.55,1,1,1.0
865,24,296.53,68.05,47.3,32.36,1,1,1.0
865,25,48.85,53.97,79.94,81.0,1,1,1.0
865,26,446.29,129.71,75.46,50.06,1,1,0.9745
865,27,634.45,180.91,150.76,80.36,1,1,0.9965
865,28,113.92,68.05,35.99,33.22,1,1,0.5868
866,22,512.0,288.0,246.33,189.8,1,1,1.0
866,24,293.33,67.2,46.87,31.93,1,1,1.0
866,25,49.07,54.4,81.0,82.07,1,1,1.0
866,26,439.47,126.93,73.53,49.0,1,1,0.9858
866,27,620.8,176.0,146.07,78.87,1,1,0.9983
866,28,115.2,68.27,36.2,34.06,1,1,0.5892
867,22,529.49,299.73,261.06,190.87,1,1,1.0
867,24,290.56,66.35,46.44,31.72,1,1,1.0
867,25,49.71,55.04,80.78,82.49,1,1,1.0
867,26,433.71,124.59,71.82,47.93,1,1,0.9856
867,27,609.71,172.8,142.22,75.67,1,1,0.9984
867,28,115.84,69.76,36.63,33.64,1,1,0.6001
868,22,546.99,311.47,275.77,191.93,1,1,1.0
868,24,287.79,65.49,46.01,31.51,1,1,1.0
868,25,50.35,55.68,80.57,82.92,1,1,1.0
868,26,427.95,122.24,70.12,46.87,1,1,0.9936
868,27,598.61,169.6,138.39,72.47,1,1,0.9991
868,28,116.48,71.25,37.05,33.22,1,1,0.6103
869,22,564.48,323.2,290.49,193.0,1,1,1.0
869,24,285.01,64.64,45.59,31.29,1,1,1.0
869,25,50.99,56.32,80.36,83.35,1,1,1.0
869,26,422.19,119.89,68.41,45.8,1,1,0.9985
869,27,587.52,166.4,134.55,69.27,1,1,1.0
869,28,117.12,72.75,37.48,32.78,1,1,0.6203
870,22,581.97,334.93,305.22,194.07,1,1,1.0
870,24,282.24,63.79,45.16,31.08,1,1,1.0
870,25,51.63,56.96,80.14,83.77,1,1,1.0
870,26,416.43,117.55,66.7,44.73,1,1,0.9965
870,27,576.43,163.2,130.7,66.07,1,1,1.0
870,28,117.76,74.24,37.91,32.36,1,1,0.6304
871,22,599.47,346.67,319.93,194.33,1,1,1.0
871,24,279.47,62.93,44.73,30.87,1,1,1.0
871,25,52.27,57.6,79.93,84.2,1,1,1.0
871,26,410.67,115.2,65.0,43.67,1,1,0.9993
871,27,565.33,160.0,126.87,62.87,1,1,1.0
871,28,118.4,75.73,38.33,31.94,1,1,0.64
872,22,623.57,361.81,305.22,179.19,1,1,1.0
872,24,277.76,62.08,43.45,31.29,1,1,1.0
872,25,52.27,58.24,81.21,85.27,1,1,1.0
872,26,405.12,112.85,64.36,43.46,1,1,0.9997
872,27,557.01,157.23,122.82,60.94,1,1,1.0
872,28,119.04,76.8,39.19,31.72,1,1,0.6315
873,22,647.68,376.96,290.49,164.04,1,1,1.0
873,24,276.05,61.23,42.18,31.72,1,1,1.0
873,25,52.27,58.88,82.49,86.33,1,1,1.0
873,26,399.57,110.51,63.72,43.24,1,1,1.0
873,27,548.69,154.45,118.76,59.03,1,1,1.0
873,28,119.68,77.87,40.04,31.5,1,1,0.6234
874,22,671.79,392.11,275.77,148.89,1,1,1.0
874,24,274.35,60.37,40.89,32.15,1,1,1.0
874,25,52.27,59.52,83.77,87.4,1,1,1.0
874,26,394.03,108.16,63.08,43.03,1,1,0.9989
874,27,540.37,151.68,114.71,57.11,1,1,1.0
874,28,120.32,78.93,40.89,31.3,1,1,0.6156
875,22,695.89,407.25,265.11,133.75,1,1,1.0
875,24,272.64,59.52,39.61,32.57,1,1,1.0
875,25,52.27,60.16,85.05,88.47,1,1,1.0
875,26,388.48,105.81,62.44,42.82,1,1,0.9956
875,27,532.05,148.91,110.66,55.18,1,1,1.0
875,28,120.96,80.0,41.75,31.08,1,1,0.6081
876,22,720.0,422.4,241.0,118.6,1,1,1.0
876,24,270.93,58.67,38.34,33.0,1,1,1.0
876,25,52.27,60.8,86.33,89.53,1,1,1.0
876,26,382.93,103.47,61.8,42.6,1,1,0.9999
876,27,523.73,146.13,106.6,53.27,1,1,1.0
876,28,121.6,81.07,42.6,30.86,1,1,0.6009
877,24,268.16,57.81,38.97,32.36,1,1,1.0
877,25,52.48,61.65,87.4,90.82,1,1,1.0
877,26,378.88,101.97,60.73,42.39,1,1,0.9996
877,27,515.41,143.15,105.54,53.26,1,1,1.0
877,28,122.24,81.92,43.67,31.72,1,1,0.5961
878,24,265.39,56.96,39.61,31.72,1,1,1.0
878,25,52.69,62.51,88.47,92.09,1,1,1.0
878,26,374.83,100.48,59.66,42.17,1,1,0.9992
878,27,507.09,140.16,104.47,53.27,1,1,1.0
878,28,122.88,82.77,44.73,32.58,1,1,0.5913
879,24,262.61,56.11,40.26,31.08,1,1,1.0
879,25,52.91,63.36,89.53,93.37,1,1,1.0
879,26,370.77,98.99,58.6,41.96,1,1,0.9988
879,27,498.77,137.17,103.4,53.27,1,1,1.0
879,28,123.52,83.63,45.8,33.42,1,1,0.5869
880,24,259.84,55.25,40.89,30.44,1,1,1.0
880,25,53.12,64.21,90.6,94.66,1,1,1.0
880,26,366.72,97.49,57.53,41.75,1,1,0.9982
880,27,490.45,134.19,102.34,53.26,1,1,1.0
880,28,124.16,84.48,46.87,34.28,1,1,0.5827
881,24,257.07,54.4,41.53,29.8,1,1,1.0
881,25,53.33,65.07,91.67,95.93,1,1,1.0
881,26,362.67,96.0,56.46,41.53,1,1,0.999
881,27,482.13,131.2,101.27,53.27,1,1,1.0
881,28,124.8,85.33,47.93,35.14,1,1,0.5786
882,24,254.72,53.76,41.32,29.16,1,1,1.0
882,25,53.55,65.28,92.94,96.79,1,1,1.0
882,26,358.61,94.29,55.4,41.32,1,1,0.999
882,27,475.52,128.85,98.28,52.42,1,1,1.0
882,28,126.29,86.4,48.36,35.99,1,1,0.5823
883,24,252.37,53.12,41.11,28.52,1,1,1.0
883,25,53.76,65.49,94.23,97.64,1,1,1.0
883,26,354.56,92.59,54.33,41.1,1,1,0.9989
883,27,468.91,126.51,95.29,51.56,1,1,1.0
883,28,127.79,87.47,48.78,36.84,1,1,0.5859
884,24,250.03,52.48,40.89,27.88,1,1,1.0
884,25,53.97,65.71,95.51,98.49,1,1,1.0
884,26,350.51,90.88,53.26,40.89,1,1,0.9947
884,27,462.29,124.16,92.31,50.71,1,1,1.0
884,28,129.28,88.53,49.21,37.7,1,1,0.5895
885,24,247.68,51.84,40.68,27.24,1,1,1.0
885,25,54.19,65.92,96.78,99.35,1,1,1.0
885,26,346.45,89.17,52.2,40.68,1,1,0.9943
885,27,455.68,121.81,89.32,49.86,1,1,1.0
885,28,130.77,89.6,49.64,38.55,1,1,0.5931
886,24,245.33,51.2,40.47,26.6,1,1,1.0
886,25,54.4,66.13,98.07,100.2,1,1,1.0
886,26,342.4,87.47,51.13,40.46,1,1,0.9938
886,27,449.07,119.47,86.33,49.0,1,1,1.0
886,28,132.27,90.67,50.06,39.4,1,1,0.5965
887,24,243.41,50.77,39.83,26.39,1,1,1.0
887,25,54.61,66.99,98.28,100.62,1,1,1.0
887,26,338.99,86.19,50.49,39.4,1,1,1.0
887,27,443.95,117.55,84.84,47.5,1,1,1.0
887,28,134.19,91.52,49.85,40.04,1,1,0.6249
888,24,241.49,50.35,39.19,26.17,1,1,1.0
888,25,54.83,67.84,98.49,101.05,1,1,1.0
888,26,335.57,84.91,49.86,38.33,1,1,1.0
888,27,438.83,115.63,83.34,46.01,1,1,1.0
888,28,136.11,92.37,49.64,40.68,1,1,0.6533
889,24,239.57,49.92,38.55,25.96,1,1,1.0
889,25,55.04,68.69,98.71,101.48,1,1,1.0
889,26,332.16,83.63,49.21,37.26,1,1,1.0
889,27,433.71,113.71,81.85,44.52,1,1,1.0
889,28,138.03,93.23,49.42,41.32,1,1,0.6819
890,24,237.65,49.49,37.91,25.75,1,1,1.0
890,25,55.25,69.55,98.92,101.9,1,1,1.0
890,26,328.75,82.35,48.57,36.2,1,1,1.0
890,27,428.59,111.79,80.36,43.02,1,1,1.0
890,28,139.95,94.08,49.21,41.96,1,1,0.711
891,24,235.73,49.07,37.27,25.53,1,1,1.0
891,25,55.47,70.4,99.13,102.33,1,1,1.0
891,26,325.33,81.07,47.94,35.13,1,1,1.0
891,27,423.47,109.87,78.86,41.53,1,1,1.0
891,28,141.87,94.93,49.0,42.6,1,1,0.7402
892,24,234.67,48.21,36.62,25.53,1,1,1.0
892,25,55.68,70.83,100.84,104.25,1,1,1.0
892,26,322.56,80.0,46.87,34.49,1,1,1.0
892,27,418.35,107.95,77.37,41.32,1,1,1.0
892,28,144.0,96.0,49.21,43.24,1,1,0.7456
893,24,233.6,47.36,35.99,25.53,1,1,1.0
893,25,55.89,71.25,102.55,106.18,1,1,1.0
893,26,319.79,78.93,45.8,33.86,1,1,1.0
893,27,413.23,106.03,75.88,41.1,1,1,1.0
893,28,146.13,97.07,49.43,43.88,1,1,0.751
894,24,232.53,46.51,35.35,25.53,1,1,1.0
894,25,56.11,71.68,104.25,108.09,1,1,1.0
894,26,317.01,77.87,44.74,33.21,1,1,1.0
894,27,408.11,104.11,74.38,40.89,1,1,1.0
894,28,148.27,98.13,49.64,44.52,1,1,0.7564
895,24,231.47,45.65,34.7,25.53,1,1,1.0
895,25,56.32,72.11,105.96,110.01,1,1,1.0
895,26,314.24,76.8,43.67,32.57,1,1,1.0
895,27,402.99,102.19,72.89,40.68,1,1,1.0
895,28,150.4,99.2,49.85,45.16,1,1,0.7617
896,24,230.4,44.8,34.07,25.53,1,1,1.0
896,25,56.53,72.53,107.67,111.94,1,1,1.0
896,26,311.47,75.73,42.6,31.94,1,1,1.0
896,27,397.87,100.27,71.4,40.46,1,1,1.0
896,28,152.53,100.27,50.07,45.8,1,1,0.7669
896,29,926.93,291.2,34.07,76.73,1,1,1.0
897,25,57.17,72.53,107.88,114.92,1,1,1.0
897,26,308.91,74.45,42.38,32.36,1,1,1.0
897,27,393.39,98.13,70.76,41.11,1,1,1.0
897,28,153.6,101.97,51.56,46.44,1,1,0.7779
897,29,905.6,282.24,55.4,83.99,1,1,1.0
898,25,57.81,72.53,108.1,117.91,1,1,1.0
898,26,306.35,73.17,42.17,32.79,1,1,1.0
898,27,388.91,96.0,70.12,41.75,1,1,1.0
898,28,154.67,103.68,53.05,47.08,1,1,0.7881
898,29,884.27,273.28,76.73,91.24,1,1,0.9998
899,25,58.45,72.53,108.31,120.9,1,1,1.0
899,26,303.79,71.89,41.96,33.22,1,1,1.0
899,27,384.43,93.87,69.48,42.38,1,1,1.0
899,28,155.73,105.39,54.55,47.72,1,1,0.7978
899,29,862.93,264.32,98.07,98.49,1,1,0.9827
900,25,59.09,72.53,108.52,123.88,1,1,1.0
900,26,301.23,70.61,41.74,33.64,1,1,1.0
900,27,379.95,91.73,68.84,43.03,1,1,1.0
900,28,156.8,107.09,56.04,48.36,1,1,0.8071
900,29,841.6,255.36,119.4,105.75,1,1,0.956
901,25,59.73,72.53,108.74,126.87,1,1,1.0
901,26,298.67,69.33,41.53,34.07,1,1,1.0
901,27,375.47,89.6,68.2,43.67,1,1,1.0
901,28,157.87,108.8,57.53,49.0,1,1,0.8157
901,29,820.27,246.4,140.73,113.0,1,1,0.9237
902,25,59.73,73.81,109.59,126.66,1,1,1.0
902,26,295.68,68.48,40.89,33.21,1,1,1.0
902,27,371.84,88.11,66.49,43.02,1,1,1.0
902,28,160.43,110.72,57.53,49.0,1,1,0.8455
902,29,801.92,239.79,159.08,110.86,1,1,0.9319
903,25,59.73,75.09,110.44,126.44,1,1,1.0
903,26,292.69,67.63,40.26,32.36,1,1,1.0
903,27,368.21,86.61,64.79,42.39,1,1,1.0
903,28,162.99,112.64,57.53,49.0,1,1,0.8752
903,29,783.57,233.17,160.36,108.74,1,1,0.9334
904,25,59.73,76.37,111.3,126.23,1,1,1.0
904,26,289.71,66.77,39.61,31.51,1,1,1.0
904,27,364.59,85.12,63.08,41.75,1,1,1.0
904,28,165.55,114.56,57.53,49.0,1,1,0.9047
904,29,765.23,226.56,170.17,106.6,1,1,0.9433
905,25,59.73,77.65,112.15,126.02,1,1,1.0
905,26,286.72,65.92,38.97,30.65,1,1,1.0
905,27,360.96,83.63,61.37,41.1,1,1,1.0
905,28,168.11,116.48,57.53,49.0,1,1,0.9345
905,29,746.88,219.95,179.99,104.46,1,1,0.9468
906,25,59.73,78.93,113.0,125.8,1,1,1.0
906,26,283.73,65.07,38.34,29.8,1,1,1.0
906,27,357.33,82.13,59.67,40.47,1,1,1.0
906,28,170.67,118.4,57.53,49.0,1,1,0.9642
906,29,728.53,213.33,189.8,102.34,1,1,0.9519
906,30,102.4,55.47,31.93,25.53,1,1,0.919
907,25,60.16,79.79,113.85,126.44,1,1,1.0
907,26,281.6,64.21,38.33,29.8,1,1,1.0
907,27,353.92,81.71,58.6,38.97,1,1,1.0
907,28,172.59,119.68,58.17,50.49,1,1,0.9756
907,29,713.6,207.79,184.68,99.98,1,1,0.9497
907,30,102.61,56.11,32.15,25.53,1,1,0.9274
908,25,60.59,80.64,114.7,127.08,1,1,1.0
908,26,279.47,63.36,38.33,29.8,1,1,1.0
908,27,350.51,81.28,57.53,37.48,1,1,1.0
908,28,174.51,120.96,58.81,51.99,1,1,1.0
908,29,698.67,202.24,179.56,97.64,1,1,0.9548
908,30,102.83,56.75,32.36,25.53,1,1,0.9358
909,25,61.01,81.49,115.56,127.72,1,1,1.0
909,26,277.33,62.51,38.34,29.8,1,1,1.0
909,27,347.09,80.85,56.47,35.99,1,1,1.0
909,28,176.43,122.24,59.45,53.48,1,1,1.0
909,29,683.73,196.69,174.44,95.3,1,1,0.9625
909,30,103.04,57.39,32.57,25.53,1,1,0.9441
910,25,61.44,82.35,116.41,128.36,1,1,1.0
910,26,275.2,61.65,38.33,29.8,1,1,1.0
910,27,343.68,80.43,55.4,34.49,1,1,1.0
910,28,178.35,123.52,60.09,54.97,1,1,1.0
910,29,668.8,191.15,169.32,92.94,1,1,0.9687
910,30,103.25,58.03,32.79,25.53,1,1,0.9525
911,25,61.87,83.2,117.26,129.0,1,1,1.0
911,26,273.07,60.8,38.33,29.8,1,1,1.0
911,27,340.27,80.0,54.33,33.0,1,1,1.0
911,28,180.27,124.8,60.73,56.47,1,1,1.0
911,29,653.87,185.6,164.2,90.6,1,1,0.9685
911,30,103.47,58.67,33.0,25.53,1,1,1.0
912,25,61.87,83.84,119.18,131.99,1,1,1.0
912,26,271.15,60.16,37.26,29.16,1,1,1.0
912,27,336.43,78.51,54.33,33.85,1,1,1.0
912,28,181.76,127.79,63.51,57.1,1,1,1.0
912,29,641.49,181.76,159.94,87.61,1,1,0.975
912,30,103.68,59.09,33.64,25.75,1,1,1.0
913,25,61.87,84.48,121.1,134.97,1,1,1.0
913,26,269.23,59.52,36.2,28.52,1,1,1.0
913,27,332.59,77.01,54.33,34.71,1,1,1.0
913,28,183.25,130.77,66.28,57.75,1,1,1.0
913,29,629.12,177.92,155.67,84.63,1,1,0.98
913,30,103.89,59.52,34.28,25.96,1,1,1.0
914,25,61.87,85.12,123.02,137.96,1,1,1.0
914,26,267.31,58.88,35.13,27.88,1,1,1.0
914,27,328.75,75.52,54.33,35.56,1,1,1.0
914,28,184.75,133.76,69.05,58.39,1,1,1.0
914,29,616.75,174.08,151.4,81.64,1,1,0.9853
914,30,104.11,59.95,34.92,26.17,1,1,1.0
915,25,61.87,85.76,124.94,140.95,1,1,1.0
915,26,265.39,58.24,34.06,27.24,1,1,1.0
915,27,324.91,74.03,54.33,36.41,1,1,1.0
915,28,186.24,136.75,71.83,59.02,1,1,1.0
915,29,604.37,170.24,147.14,78.65,1,1,0.9842
915,30,104.32,60.37,35.56,26.39,1,1,1.0
916,25,61.87,86.4,126.86,143.93,1,1,1.0
916,26,263.47,57.6,33.0,26.6,1,1,1.0
916,27,321.07,72.53,54.33,37.27,1,1,1.0
916,28,187.73,139.73,74.6,59.67,1,1,1.0
916,29,592.0,166.4,142.87,75.67,1,1,0.9858
916,30,104.53,60.8,36.2,26.6,1,1,1.0
917,25,62.29,87.04,127.72,144.57,1,1,1.0
917,26,261.33,56.53,33.22,27.45,1,1,1.0
917,27,319.15,71.89,53.05,36.63,1,1,1.0
917,28,190.93,142.08,75.46,60.95,1,1,1.0
917,29,581.55,162.13,139.02,74.39,1,1,0.9905
917,30,105.39,61.44,35.77,26.81,1,1,0.9548
918,25,62.72,87.68,128.57,145.21,1,1,1.0
918,26,259.2,55.47,33.43,28.31,1,1,1.0
918,27,317.23,71.25,51.77,35.99,1,1,1.0
918,28,194.13,144.43,76.31,62.22,1,1,1.0
918,29,571.09,157.87,135.19,73.1,1,1,0.9935
918,30,106.24,62.08,35.35,27.03,1,1,0.9472
919,25,63.15,88.32,129.42,145.85,1,1,1.0
919,26,257.07,54.4,33.64,29.16,1,1,1.0
919,27,315.31,70.61,50.49,35.35,1,1,1.0
919,28,197.33,146.77,77.16,63.51,1,1,1.0
919,29,560.64,153.6,131.35,71.83,1,1,0.9945
919,30,107.09,62.72,34.92,27.24,1,1,0.9398
920,25,63.57,88.96,130.28,146.49,1,1,1.0
920,26,254.93,53.33,33.86,30.01,1,1,1.0
920,27,313.39,69.97,49.21,34.71,1,1,1.0
920,28,200.53,149.12,78.02,64.79,1,1,1.0
920,29,550.19,149.33,127.5,70.55,1,1,0.9962
920,30,107.95,63.36,34.49,27.45,1,1,0.9325
921,25,64.0,89.6,131.13,147.13,1,1,1.0
921,26,252.8,52.27,34.07,30.87,1,1,1.0
921,27,311.47,69.33,47.93,34.07,1,1,1.0
921,28,203.73,151.47,78.87,66.06,1,1,1.0
921,29,539.73,145.07,123.67,69.26,1,1,0.9986
921,30,108.8,64.0,34.07,27.67,1,1,0.9253
922,25,64.85,90.24,131.78,148.63,1,1,1.0
922,26,251.73,52.05,33.22,29.8,1,1,1.0
922,27,309.12,68.48,47.29,34.07,1,1,1.0
922,28,206.93,154.45,80.79,67.99,1,1,1.0
922,29,532.05,142.72,120.26,67.77,1,1,0.9997
922,30,109.87,64.21,33.85,27.67,1,1,0.9407
923,25,65.71,90.88,132.41,150.12,1,1,1.0
923,26,250.67,51.84,32.36,28.73,1,1,1.0
923,27,306.77,67.63,46.66,34.06,1,1,1.0
923,28,210.13,157.44,82.71,69.91,1,1,1.0
923,29,524.37,140.37,116.84,66.28,1,1,0.9998
923,30,110.93,64.43,33.64,27.67,1,1,0.9562
924,25,66.56,91.52,133.05,151.61,1,1,1.0
924,26,249.6,51.63,31.51,27.67,1,1,1.0
924,27,304.43,66.77,46.01,34.07,1,1,1.0
924,28,213.33,160.43,84.63,71.82,1,1,1.0
924,29,516.69,138.03,113.43,64.78,1,1,0.9997
924,30,112.0,64.64,33.43,27.67,1,1,1.0
925,25,67.41,92.16,133.7,153.11,1,1,1.0
925,26,248.53,51.41,30.66,26.6,1,1,1.0
925,27,302.08,65.92,45.37,34.07,1,1,1.0
925,28,216.53,163.41,86.55,73.75,1,1,1.0
925,29,509.01,135.68,110.02,63.29,1,1,1.0
925,30,113.07,64.85,33.21,27.67,1,1,1.0
926,25,68.27,92.8,134.33,154.6,1,1,1.0
926,26,247.47,51.2,29.8,25.53,1,1,1.0
926,27,299.73,65.07,44.74,34.07,1,1,1.0
926,28,219.73,166.4,88.47,75.67,1,1,1.0
926,29,501.33,133.33,106.6,61.8,1,1,1.0
926,30,114.13,65.07,33.0,27.67,1,1,1.0
927,25,68.91,93.44,135.18,156.09,1,1,1.0
927,26,245.55,50.77,30.01,25.32,1,1,1.0
927,27,297.39,64.64,43.88,33.43,1,1,1.0
927,28,223.79,170.88,91.45,77.37,1,1,1.0
927,29,493.87,130.56,104.46,60.95,1,1,1.0
927,30,114.56,65.92,33.21,27.88,1,1,1.0
928,25,69.55,94.08,136.04,157.59,1,1,1.0
928,26,243.63,50.35,30.22,25.11,1,1,1.0
928,27,295.04,64.21,43.03,32.79,1,1,1.0
928,28,227.84,175.36,94.44,79.08,1,1,1.0
928,29,486.4,127.79,102.33,60.09,1,1,1.0
928,30,114.99,66.77,33.42,28.09,1,1,1.0
929,25,70.19,94.72,136.89,159.08,1,1,1.0
929,26,241.71,49.92,30.44,24.89,1,1,1.0
929,27,292.69,63.79,42.18,32.15,1,1,1.0
929,28,231.89,179.84,97.43,80.79,1,1,1.0
929,29,478.93,125.01,100.2,59.24,1,1,1.0
929,30,115.41,67.63,33.64,28.31,1,1,0.9571
930,25,70.83,95.36,137.74,160.57,1,1,1.0
930,26,239.79,49.49,30.65,24.68,1,1,1.0
930,27,290.35,63.36,41.32,31.51,1,1,1.0
930,28,235.95,184.32,100.41,82.49,1,1,1.0
930,29,471.47,122.24,98.06,58.39,1,1,1.0
930,30,115.84,68.48,33.85,28.52,1,1,0.9425
931,25,71.47,96.0,138.6,162.07,1,1,1.0
931,26,237.87,49.07,30.86,24.47,1,1,1.0
931,27,288.0,62.93,40.47,30.87,1,1,1.0
931,28,240.0,188.8,103.4,84.2,1,1,1.0
931,29,464.0,119.47,95.93,57.53,1,1,1.0
931,30,116.27,69.33,34.06,28.73,1,1,0.9281
932,25,70.83,96.64,140.73,163.99,1,1,1.0
932,26,236.59,48.64,30.01,24.04,1,1,1.0
932,27,285.65,62.29,40.68,30.87,1,1,1.0
932,28,245.55,193.28,105.74,87.83,1,1,1.0
932,29,458.03,117.76,93.58,56.89,1,1,1.0
932,30,117.12,70.19,34.49,29.16,1,1,0.9072
933,25,70.19,97.28,142.86,165.91,1,1,1.0
933,26,235.31,48.21,29.16,23.61,1,1,1.0
933,27,283.31,61.65,40.89,30.87,1,1,1.0
933,28,251.09,197.76,108.1,91.45,1,1,1.0
933,29,452.05,116.05,91.24,56.26,1,1,1.0
933,30,117.97,71.04,34.92,29.59,1,1,0.8869
934,25,69.55,97.92,145.0,167.83,1,1,1.0
934,26,234.03,47.79,28.3,23.19,1,1,1.0
934,27,280.96,61.01,41.11,30.87,1,1,1.0
934,28,256.64,202.24,110.44,95.08,1,1,1.0
934,29,446.08,114.35,88.89,55.61,1,1,1.0
934,30,118.83,71.89,35.34,30.02,1,1,0.8671
935,25,68.91,98.56,147.13,169.75,1,1,1.0
935,26,232.75,47.36,27.45,22.76,1,1,1.0
935,27,278.61,60.37,41.32,30.87,1,1,1.0
935,28,262.19,206.72,112.78,98.71,1,1,1.0
935,29,440.11,112.64,86.54,54.97,1,1,1.0
935,30,119.68,72.75,35.77,30.44,1,1,0.8479
936,25,68.27,99.2,149.26,171.67,1,1,1.0
936,26,231.47,46.93,26.6,22.33,1,1,1.0
936,27,276.27,59.73,41.53,30.87,1,1,1.0
936,28,267.73,211.2,115.14,102.33,1,1,1.0
936,29,434.13,110.93,84.2,54.34,1,1,1.0
936,30,120.53,73.6,36.2,30.87,1,1,0.8293
937,25,69.55,99.84,149.48,172.73,1,1,1.0
937,27,274.35,59.31,40.68,30.44,1,1,1.0
937,28,272.64,216.32,120.04,106.17,1,1,1.0
937,29,427.95,109.01,83.34,53.06,1,1,1.0
937,30,121.39,74.03,36.2,30.86,1,1,0.8364
938,25,70.83,100.48,149.69,173.8,1,1,1.0
938,27,272.43,58.88,39.82,30.01,1,1,1.0
938,28,277.55,221.44,124.94,110.01,1,1,1.0
938,29,421.76,107.09,82.49,51.78,1,1,1.0
938,30,122.24,74.45,36.2,30.87,1,1,0.8432
939,25,72.11,101.12,149.9,174.87,1,1,1.0
939,27,270.51,58.45,38.97,29.59,1,1,1.0
939,28,282.45,226.56,129.86,113.85,1,1,1.0
939,29,415.57,105.17,81.64,50.5,1,1,1.0
939,30,123.09,74.88,36.2,30.87,1,1,0.85
940,25,73.39,101.76,150.12,175.93,1,1,1.0
940,27,268.59,58.03,38.12,29.16,1,1,1.0
940,28,287.36,231.68,134.76,117.69,1,1,1.0
940,29,409.39,103.25,80.78,49.22,1,1,1.0
940,30,123.95,75.31,36.2,30.86,1,1,0.8571
941,25,74.67,102.4,150.33,177.0,1,1,1.0
941,27,266.67,57.6,37.26,28.73,1,1,1.0
941,28,292.27,236.8,139.66,121.53,1,1,1.0
941,29,403.2,101.33,79.93,47.94,1,1,1.0
941,30,124.8,75.73,36.2,30.87,1,1,0.8639
942,25,74.67,101.97,151.61,179.14,1,1,1.0
942,27,263.89,56.96,37.7,28.09,1,1,1.0
942,28,300.16,244.27,145.21,126.22,1,1,1.0
942,29,398.29,99.63,78.66,47.5,1,1,1.0
942,30,125.44,76.37,36.63,31.08,1,1,0.8237
943,25,74.67,101.55,152.89,181.26,1,1,1.0
943,27,261.12,56.32,38.12,27.45,1,1,1.0
943,28,308.05,251.73,150.76,130.92,1,1,1.0
943,29,393.39,97.92,77.37,47.08,1,1,1.0
943,30,126.08,77.01,37.05,31.3,1,1,0.784
944,25,74.67,101.12,154.17,183.4,1,1,1.0
944,27,258.35,55.68,38.54,26.81,1,1,1.0
944,28,315.95,259.2,156.3,135.61,1,1,1.0
944,29,388.48,96.21,76.09,46.66,1,1,1.0
944,30,126.72,77.65,37.48,31.51,1,1,0.7448
945,25,74.67,100.69,155.45,185.54,1,1,1.0
945,27,255.57,55.04,38.98,26.17,1,1,1.0
945,28,323.84,266.67,161.85,140.3,1,1,1.0
945,29,383.57,94.51,74.82,46.22,1,1,1.0
945,30,127.36,78.29,37.91,31.72,1,1,0.7062
946,25,74.67,100.27,156.73,187.66,1,1,1.0
946,27,252.8,54.4,39.4,25.53,1,1,1.0
946,28,331.73,274.13,167.4,145.0,1,1,1.0
946,29,378.67,92.8,73.53,45.8,1,1,1.0
946,30,128.0,78.93,38.33,31.94,1,1,0.6681
947,25,75.31,101.12,158.01,187.67,1,1,1.0
947,27,251.52,53.76,38.97,25.32,1,1,1.0
947,28,342.4,283.31,175.29,152.89,1,1,1.0
947,29,375.04,91.09,71.4,45.38,1,1,1.0
947,30,128.0,79.36,39.61,32.57,1,1,0.6681
948,25,75.95,101.97,159.29,187.67,1,1,1.0
948,27,250.24,53.12,38.55,25.11,1,1,1.0
948,28,353.07,292.48,183.18,160.79,1,1,1.0
948,29,371.41,89.39,69.27,44.94,1,1,1.0
948,30,128.0,79.79,40.89,33.21,1,1,0.6679
949,25,76.59,102.83,160.57,187.66,1,1,1.0
949,27,248.96,52.48,38.12,24.89,1,1,1.0
949,28,363.73,301.65,191.08,168.68,1,1,1.0
949,29,367.79,87.68,67.13,44.52,1,1,1.0
949,30,128.0,80.21,42.17,33.86,1,1,0.668
950,25,77.23,103.68,161.85,187.67,1,1,1.0
950,27,247.68,51.84,37.69,24.68,1,1,1.0
950,28,374.4,310.83,198.97,176.57,1,1,1.0
950,29,364.16,85.97,65.0,44.1,1,1,1.0
950,30,128.0,80.64,43.45,34.49,1,1,0.668
951,25,77.87,104.53,163.13,187.67,1,1,1.0
951,27,246.4,51.2,37.27,24.47,1,1,1.0
951,28,385.07,320.0,206.86,184.47,1,1,1.0
951,29,360.53,84.27,62.87,43.66,1,1,1.0
951,30,128.0,81.07,44.73,35.13,1,1,0.6678
951,31,877.87,332.8,83.13,103.4,1,1,0.2642
952,25,77.87,105.17,163.98,188.52,1,1,1.0
952,27,245.12,50.56,35.77,24.68,1,1,1.0
952,28,397.44,332.16,218.17,181.05,1,1,1.0
952,29,356.48,83.63,62.65,42.81,1,1,1.0
952,30,129.71,82.13,44.09,34.28,1,1,0.6721
952,31,856.53,322.99,104.47,107.66,1,1,0.2695
953,25,77.87,105.81,164.84,189.38,1,1,1.0
953,27,243.84,49.92,34.28,24.89,1,1,1.0
953,28,409.81,344.32,229.48,177.64,1,1,1.0
953,29,352.43,82.99,62.44,41.96,1,1,1.0
953,30,131.41,83.2,43.46,33.43,1,1,0.6763
953,31,835.2,313.17,125.8,111.94,1,1,0.2632
954,25,77.87,106.45,165.69,190.23,1,1,1.0
954,27,242.56,49.28,32.79,25.11,1,1,1.0
954,28,422.19,356.48,240.78,174.23,1,1,1.0
954,29,348.37,82.35,62.23,41.1,1,1,1.0
954,30,133.12,84.27,42.81,32.57,1,1,0.681
954,31,813.87,303.36,147.13,116.2,1,1,0.252
955,25,77.87,107.09,166.54,191.08,1,1,1.0
955,27,241.28,48.64,31.29,25.32,1,1,1.0
955,28,434.56,368.64,252.09,172.36,1,1,1.0
955,29,344.32,81.71,62.01,40.25,1,1,1.0
955,30,134.83,85.33,42.17,31.72,1,1,0.686
955,31,792.53,293.55,168.47,120.46,1,1,0.2528
956,25,77.87,107.73,167.4,191.94,1,1,1.0
956,27,240.0,48.0,29.8,25.53,1,1,1.0
956,28,446.93,380.8,263.4,160.2,1,1,1.0
956,29,340.27,81.07,61.8,39.4,1,1,1.0
956,30,136.53,86.4,41.54,30.87,1,1,0.691
956,31,771.2,283.73,189.8,124.74,1,1,0.2459
957,25,77.87,107.52,168.46,194.49,1,1,1.0
957,27,237.87,47.79,30.65,25.32,1,1,1.0
957,28,464.0,397.01,254.44,143.99,1,1,1.0
957,29,336.64,79.36,60.73,39.61,1,1,1.0
957,30,136.96,87.04,42.17,31.51,1,1,0.65
957,31,752.0,276.48,195.77,121.11,1,1,0.2486
958,25,77.87,107.31,169.53,197.05,1,1,1.0
958,27,235.73,47.57,31.51,25.11,1,1,1.0
958,28,481.07,413.23,245.48,127.77,1,1,1.0
958,29,333.01,77.65,59.67,39.83,1,1,1.0
958,30,137.39,87.68,42.81,32.15,1,1,0.6106
958,31,732.8,269.23,196.41,117.48,1,1,0.2503
959,25,77.87,107.09,170.6,199.62,1,1,1.0
959,27,233.6,47.36,32.36,24.89,1,1,1.0
959,28,498.13,429.44,236.52,111.56,1,1,1.0
959,29,329.39,75.95,58.6,40.04,1,1,1.0
959,30,137.81,88.32,43.46,32.79,1,1,0.5724
959,31,713.6,261.97,197.05,113.86,1,1,0.2302
960,25,77.87,106.88,171.66,202.17,1,1,1.0
960,27,231.47,47.15,33.21,24.68,1,1,1.0
960,28,515.2,445.65,227.56,95.35,1,1,1.0
960,29,325.76,74.24,57.53,40.25,1,1,1.0
960,30,138.24,88.96,44.09,33.43,1,1,0.536
960,31,694.4,254.72,197.69,110.23,1,1,0.2492
961,25,77.87,106.67,172.73,204.73,1,1,1.0
961,27,229.33,46.93,34.07,24.47,1,1,1.0
961,28,532.27,461.87,218.6,79.13,1,1,1.0
961,29,322.13,72.53,56.47,40.47,1,1,1.0
961,30,138.67,89.6,44.73,34.07,1,1,0.501
961,31,675.2,247.47,198.33,106.6,1,1,0.2663
962,25,77.01,106.67,174.23,205.8,1,1,1.0
962,29,319.36,71.47,55.61,40.46,1,1,1.0
962,30,139.52,89.6,45.16,35.56,1,1,0.48
962,31,660.69,241.07,192.15,104.04,1,1,0.2694
963,25,76.16,106.67,175.72,206.86,1,1,1.0
963,29,316.59,70.4,54.76,40.47,1,1,1.0
963,30,140.37,89.6,45.59,37.05,1,1,0.4607
963,31,646.19,234.67,185.96,101.48,1,1,0.2678
964,25,75.31,106.67,177.21,207.93,1,1,1.0
964,29,313.81,69.33,53.91,40.47,1,1,1.0
964,30,141.23,89.6,46.01,38.55,1,1,0.4428
964,31,631.68,228.27,179.77,98.92,1,1,0.2872
965,25,74.45,106.67,178.71,209.0,1,1,1.0
965,29,311.04,68.27,53.05,40.46,1,1,1.0
965,30,142.08,89.6,46.44,40.04,1,1,0.4263
965,31,617.17,221.87,173.59,96.36,1,1,0.2875
966,25,73.6,106.67,180.2,210.06,1,1,1.0
966,29,308.27,67.2,52.2,40.47,1,1,1.0
966,30,142.93,89.6,46.87,41.53,1,1,0.411
966,31,602.67,215.47,167.4,93.8,1,1,0.3042
967,25,74.67,106.88,180.2,210.71,1,1,1.0
967,29,305.28,66.77,51.77,39.62,1,1,1.0
967,30,143.79,91.09,47.93,41.75,1,1,0.3782
967,31,591.57,210.56,162.28,91.24,1,1,0.3112
968,25,75.73,107.09,180.2,211.35,1,1,1.0
968,29,302.29,66.35,51.35,38.76,1,1,1.0
968,30,144.64,92.59,49.0,41.96,1,1,0.3456
968,31,580.48,205.65,157.16,88.68,1,1,0.3145
969,25,76.8,107.31,180.2,211.98,1,1,1.0
969,29,299.31,65.92,50.92,37.91,1,1,1.0
969,30,145.49,94.08,50.07,42.17,1,1,0.3137
969,31,569.39,200.75,152.04,86.12,1,1,0.3445
970,25,77.87,107.52,180.2,212.63,1,1,1.0
970,29,296.32,65.49,50.49,37.06,1,1,1.0
970,30,146.35,95.57,51.13,42.39,1,1,0.2819
970,31,558.29,195.84,146.92,83.56,1,1,0.3622
971,25,78.93,107.73,180.2,213.27,1,1,1.0
971,29,293.33,65.07,50.07,36.2,1,1,1.0
971,30,147.2,97.07,52.2,42.6,1,1,0.2503
971,31,547.2,190.93,141.8,81.0,1,1,0.3621
971,32,892.8,268.8,68.2,70.33,1,1,1.0
972,25,78.72,108.59,179.77,211.77,1,1,1.0
972,29,290.56,63.79,49.85,36.41,1,1,1.0
972,30,148.48,97.92,52.63,42.39,1,1,0.2517
972,31,536.53,186.88,138.82,79.29,1,1,0.3444
972,32,873.17,261.76,87.83,75.88,1,1,1.0
973,25,78.51,109.44,179.34,210.28,1,1,1.0
973,29,287.79,62.51,49.64,36.63,1,1,1.0
973,30,149.76,98.77,53.05,42.18,1,1,0.2529
973,31,525.87,182.83,135.82,77.58,1,1,0.3545
973,32,853.55,254.72,107.45,81.43,1,1,1.0
974,25,78.29,110.29,178.92,208.79,1,1,1.0
974,29,285.01,61.23,49.43,36.84,1,1,1.0
974,30,151.04,99.63,53.48,41.96,1,1,0.2541
974,31,515.2,178.77,132.84,75.88,1,1,0.368
974,32,833.92,247.68,127.08,86.97,1,1,1.0
975,25,78.08,111.15,178.49,207.29,1,1,1.0
975,29,282.24,59.95,49.21,37.05,1,1,1.0
975,30,152.32,100.48,53.91,41.75,1,1,0.2556
975,31,504.53,174.72,129.86,74.17,1,1,0.3495
975,32,814.29,240.64,146.71,92.52,1,1,1.0
976,25,77.87,112.0,178.06,205.8,1,1,1.0
976,29,279.47,58.67,49.0,37.27,1,1,1.0
976,30,153.6,101.33,54.33,41.54,1,1,0.2569
976,31,493.87,170.67,126.86,72.46,1,1,0.3509
976,32,794.67,233.6,166.33,98.07,1,1,0.993
977,25,77.44,111.57,178.28,207.94,1,1,1.0
977,29,277.12,58.45,48.57,36.63,1,1,1.0
977,30,155.95,102.83,55.18,42.38,1,1,0.2062
977,31,486.83,167.89,122.38,69.7,1,1,0.3994
977,32,779.09,227.63,169.11,96.57,1,1,0.9935
978,25,77.01,111.15,178.5,210.06,1,1,1.0
978,29,274.77,58.24,48.15,35.99,1,1,1.0
978,30,158.29,104.32,56.04,43.24,1,1,0.158
978,31,479.79,165.12,117.9,66.92,1,1,0.3639
978,32,763.52,221.65,171.88,95.08,1,1,0.9938
979,25,76.59,110.72,178.7,212.2,1,1,1.0
979,29,272.43,58.03,47.72,35.35,1,1,1.0
979,30,160.64,105.81,56.89,44.1,1,1,0.1113
979,31,472.75,162.35,113.42,64.14,1,1,0.3747
979,32,747.95,215.68,174.65,93.59,1,1,0.996
980,25,76.16,110.29,178.92,214.34,1,1,1.0
980,29,270.08,57.81,47.29,34.71,1,1,1.0
980,30,162.99,107.31,57.74,44.94,1,1,0.0663
980,31,465.71,159.57,108.94,61.38,1,1,0.3898
980,32,732.37,209.71,177.43,92.09,1,1,0.9948
981,25,75.73,109.87,179.14,216.46,1,1,1.0
981,29,267.73,57.6,46.87,34.07,1,1,1.0
981,30,165.33,108.8,58.6,45.8,1,1,0.0234
981,31,458.67,156.8,104.46,58.6,1,1,0.4372
981,32,716.8,203.73,180.2,90.6,1,1,0.9971
982,25,75.95,109.65,180.2,215.62,1,1,1.0
982,29,265.6,56.96,46.65,33.64,1,1,1.0
982,30,167.04,109.23,59.03,47.08,1,1,0.0089
982,31,451.41,153.39,102.98,59.24,1,1,0.3939
982,32,703.57,199.47,174.44,87.61,1,1,0.9986
983,25,76.16,109.44,181.27,214.76,1,1,1.0
983,29,263.47,56.32,46.44,33.21,1,1,1.0
983,30,168.75,109.65,59.45,48.36,1,1,0.0
983,31,444.16,149.97,101.48,59.88,1,1,0.378
983,32,690.35,195.2,168.68,84.63,1,1,0.9991
984,25,76.37,109.23,182.34,213.9,1,1,1.0
984,29,261.33,55.68,46.23,32.79,1,1,1.0
984,30,170.45,110.08,59.88,49.64,1,1,0.0
984,31,436.91,146.56,99.98,60.52,1,1,0.3834
984,32,677.12,190.93,162.92,81.64,1,1,1.0
985,25,76.59,109.01,183.4,213.06,1,1,1.0
985,29,259.2,55.04,46.01,32.36,1,1,1.0
985,30,172.16,110.51,60.31,50.92,1,1,0.0
985,31,429.65,143.15,98.5,61.16,1,1,0.3643
985,32,663.89,186.67,157.16,78.65,1,1,1.0
986,25,76.8,108.8,184.47,212.2,1,1,1.0
986,29,257.07,54.4,45.8,31.93,1,1,1.0
986,30,173.87,110.93,60.73,52.2,1,1,0.0
986,31,422.4,139.73,97.0,61.8,1,1,0.3667
986,32,650.67,182.4,151.4,75.67,1,1,1.0
986,33,144.0,54.4,34.07,27.67,1,1,1.0
987,25,77.23,109.65,183.18,210.71,1,1,1.0
987,29,255.36,54.19,44.73,31.08,1,1,1.0
987,30,175.79,113.49,61.37,51.99,1,1,0.0
987,31,415.79,137.81,95.72,59.67,1,1,0.3468
987,32,639.36,178.35,147.77,74.6,1,1,1.0
987,33,144.64,55.04,34.71,27.24,1,1,1.0
988,25,77.65,110.51,181.91,209.21,1,1,1.0
988,29,253.65,53.97,43.67,30.23,1,1,1.0
988,30,177.71,116.05,62.01,51.78,1,1,0.0
988,31,409.17,135.89,94.44,57.54,1,1,0.3756
988,32,628.05,174.29,144.15,73.54,1,1,1.0
988,33,145.28,55.68,35.35,26.81,1,1,1.0
989,25,78.08,111.36,180.63,207.72,1,1,1.0
989,29,251.95,53.76,42.6,29.37,1,1,1.0
989,30,179.63,118.61,62.65,51.56,1,1,0.0
989,31,402.56,133.97,93.16,55.4,1,1,0.3468
989,32,616.75,170.24,140.52,72.47,1,1,1.0
989,33,145.92,56.32,35.99,26.39,1,1,1.0
990,25,78.51,112.21,179.34,206.23,1,1,1.0
990,29,250.24,53.55,41.53,28.52,1,1,1.0
990,30,181.55,121.17,63.29,51.35,1,1,0.0
990,31,395.95,132.05,91.88,53.27,1,1,0.3726
990,32,605.44,166.19,136.89,71.4,1,1,1.0
990,33,146.56,56.96,36.63,25.96,1,1,1.0
991,25,78.93,113.07,178.07,204.73,1,1,1.0
991,29,248.53,53.33,40.47,27.67,1,1,1.0
991,30,183.47,123.73,63.93,51.14,1,1,0.0
991,31,389.33,130.13,90.6,51.14,1,1,0.3881
991,32,594.13,162.13,133.27,70.34,1,1,1.0
991,33,147.2,57.6,37.27,25.53,1,1,1.0
991,34,40.53,42.67,59.67,60.73,1,1,1.0
992,25,78.93,113.49,178.28,204.95,1,1,1.0
992,29,247.47,52.69,39.61,27.67,1,1,1.0
992,30,185.6,125.01,65.43,51.99,1,1,0.0
992,31,385.28,127.79,87.4,50.7,1,1,0.4354
992,32,584.53,159.36,129.86,67.35,1,1,1.0
992,33,148.48,58.24,37.48,26.39,1,1,1.0
992,34,39.89,41.81,60.73,62.44,1,1,1.0
993,25,78.93,113.92,178.5,205.16,1,1,1.0
993,29,246.4,52.05,38.76,27.67,1,1,1.0
993,30,187.73,126.29,66.92,52.84,1,1,0.0
993,31,381.23,125.44,84.2,50.28,1,1,0.4655
993,32,574.93,156.59,126.44,64.36,1,1,1.0
993,33,149.76,58.88,37.69,27.24,1,1,1.0
993,34,39.25,40.96,61.8,64.15,1,1,1.0
994,25,78.93,114.35,178.71,205.37,1,1,1.0
994,29,245.33,51.41,37.91,27.67,1,1,1.0
994,30,189.87,127.57,68.41,53.7,1,1,0.0094
994,31,377.17,123.09,81.0,49.86,1,1,0.4559
994,32,565.33,153.81,123.03,61.38,1,1,1.0
994,33,151.04,59.52,37.91,28.09,1,1,1.0
994,34,38.61,40.11,62.87,65.85,1,1,1.0
995,25,78.93,114.77,178.92,205.59,1,1,1.0
995,29,244.27,50.77,37.05,27.67,1,1,1.0
995,30,192.0,128.85,69.91,54.55,1,1,0.0581
995,31,373.12,120.75,77.8,49.42,1,1,0.4429
995,32,555.73,151.04,119.62,58.39,1,1,1.0
995,33,152.32,60.16,38.12,28.95,1,1,1.0
995,34,37.97,39.25,63.94,67.56,1,1,1.0
996,25,78.93,115.2,179.14,205.8,1,1,1.0
996,29,243.2,50.13,36.2,27.67,1,1,1.0
996,30,194.13,130.13,71.4,55.4,1,1,0.1045
996,31,369.07,118.4,74.6,49.0,1,1,0.4843
996,32,546.13,148.27,116.2,55.4,1,1,1.0
996,33,153.6,60.8,38.33,29.8,1,1,1.0
996,34,37.33,38.4,65.0,69.27,1,1,1.0
997,25,79.79,115.41,179.34,205.8,1,1,1.0
997,29,241.07,49.49,36.62,27.67,1,1,1.0
997,30,197.12,132.69,72.25,55.62,1,1,0.1417
997,31,363.95,116.48,74.38,48.79,1,1,0.4646
997,32,538.03,145.07,113.21,56.04,1,1,1.0
997,33,154.24,61.44,38.76,30.01,1,1,1.0
997,34,38.19,39.04,64.78,68.84,1,1,1.0
998,25,80.64,115.63,179.56,205.8,1,1,1.0
998,29,238.93,48.85,37.06,27.67,1,1,1.0
998,30,200.11,135.25,73.1,55.83,1,1,0.178
998,31,358.83,114.56,74.17,48.57,1,1,0.4606
998,32,529.92,141.87,110.23,56.68,1,1,1.0
998,33,154.88,62.08,39.19,30.23,1,1,1.0
998,34,39.04,39.68,64.57,68.41,1,1,1.0
999,25,81.49,115.84,179.78,205.8,1,1,1.0
999,29,236.8,48.21,37.48,27.67,1,1,1.0
999,30,203.09,137.81,73.96,56.04,1,1,0.2134
999,31,353.71,112.64,73.96,48.36,1,1,0.4405
999,32,521.81,138.67,107.24,57.32,1,1,1.0
999,33,155.52,62.72,39.61,30.44,1,1,1.0
999,34,39.89,40.32,64.36,67.99,1,1,1.0
1000,25,82.35,116.05,179.98,205.8,1,1,1.0
1000,29,234.67,47.57,37.9,27.67,1,1,1.0
1000,30,206.08,140.37,74.81,56.26,1,1,0.2481
1000,31,348.59,110.72,73.74,48.15,1,1,0.4052
1000,32,513.71,135.47,104.25,57.96,1,1,1.0
1000,33,156.16,63.36,40.04,30.65,1,1,1.0
1000,34,40.75,40.96,64.14,67.56,1,1,1.0
1001,25,83.2,116.27,180.2,205.8,1,1,1.0
1001,29,232.53,46.93,38.34,27.67,1,1,1.0
1001,30,209.07,142.93,75.66,56.47,1,1,0.2819
1001,31,343.47,108.8,73.53,47.93,1,1,0.3984
1001,32,505.6,132.27,101.27,58.6,1,1,1.0
1001,33,156.8,64.0,40.47,30.87,1,1,1.0
1001,34,41.6,41.6,63.93,67.13,1,1,1.0
1002,25,82.56,115.2,179.99,205.8,1,1,1.0
1002,29,230.61,46.08,38.34,27.24,1,1,1.0
1002,30,212.27,144.43,76.94,58.38,1,1,0.3465
1002,31,339.63,106.88,72.25,47.08,1,1,0.3923
1002,32,498.99,130.35,99.13,56.68,1,1,1.0
1002,33,157.65,64.21,40.26,30.87,1,1,1.0
1002,34,41.6,41.39,63.93,67.98,1,1,1.0
1003,25,81.92,114.13,179.77,205.8,1,1,1.0
1003,29,228.69,45.23,38.34,26.81,1,1,1.0
1003,30,215.47,145.92,78.22,60.31,1,1,0.4091
1003,31,335.79,104.96,70.97,46.23,1,1,0.4816
1003,32,492.37,128.43,97.0,54.76,1,1,1.0
1003,33,158.51,64.43,40.04,30.87,1,1,1.0
1003,34,41.6,41.17,63.93,68.84,1,1,1.0
1004,25,81.28,113.07,179.56,205.8,1,1,1.0
1004,29,226.77,44.37,38.34,26.39,1,1,1.0
1004,30,218.67,147.41,79.5,62.23,1,1,0.4696
1004,31,331.95,103.04,69.69,45.37,1,1,0.4738
1004,32,485.76,126.51,94.87,52.84,1,1,1.0
1004,33,159.36,64.64,39.83,30.87,1,1,1.0
1004,34,41.6,40.96,63.93,69.69,1,1,1.0
1005,25,80.64,112.0,179.35,205.8,1,1,1.0
1005,29,224.85,43.52,38.34,25.96,1,1,1.0
1005,30,221.87,148.91,80.78,64.14,1,1,0.5281
1005,31,328.11,101.12,68.41,44.52,1,1,0.533
1005,32,479.15,124.59,92.73,50.92,1,1,1.0
1005,33,160.21,64.85,39.62,30.87,1,1,1.0
1005,34,41.6,40.75,63.93,70.54,1,1,1.0
1006,25,80.0,110.93,179.13,205.8,1,1,1.0
1006,29,222.93,42.67,38.34,25.53,1,1,1.0
1006,30,225.07,150.4,82.06,66.07,1,1,0.5849
1006,31,324.27,99.2,67.13,43.67,1,1,0.5187
1006,32,472.53,122.67,90.6,49.0,1,1,1.0
1006,33,161.07,65.07,39.4,30.87,1,1,1.0
1006,34,41.6,40.53,63.93,71.4,1,1,0.9944
1007,25,79.79,111.36,179.13,205.16,1,1,1.0
1007,30,228.69,153.6,83.35,67.35,1,1,0.6373
1007,31,320.85,98.13,65.86,42.39,1,1,0.5563
1007,32,465.71,120.11,89.32,48.57,1,1,1.0
1007,33,162.13,65.71,40.26,31.08,1,1,1.0
1007,34,41.81,41.39,64.79,70.76,1,1,1.0
1008,25,79.57,111.79,179.14,204.52,1,1,1.0
1008,30,232.32,156.8,84.63,68.63,1,1,1.0
1008,31,317.44,97.07,64.57,41.1,1,1,0.5406
1008,32,458.88,117.55,88.04,48.14,1,1,1.0
1008,33,163.2,66.35,41.11,31.29,1,1,1.0
1008,34,42.03,42.24,65.64,70.12,1,1,1.0
1009,25,79.36,112.21,179.13,203.88,1,1,1.0
1009,30,235.95,160.0,85.9,69.91,1,1,1.0
1009,31,314.03,96.0,63.29,39.83,1,1,0.4804
1009,32,452.05,114.99,86.76,47.72,1,1,1.0
1009,33,164.27,66.99,41.96,31.51,1,1,1.0
1009,34,42.24,43.09,66.49,69.48,1,1,1.0
1010,25,79.15,112.64,179.13,203.24,1,1,1.0
1010,30,239.57,163.2,87.19,71.19,1,1,1.0
1010,31,310.61,94.93,62.02,38.55,1,1,0.5749
1010,32,445.23,112.43,85.48,47.29,1,1,1.0
1010,33,165.33,67.63,42.82,31.72,1,1,1.0
1010,34,42.45,43.95,67.35,68.84,1,1,1.0
1011,25,78.93,113.07,179.14,202.6,1,1,1.0
1011,30,243.2,166.4,88.47,72.47,1,1,1.0
1011,31,307.2,93.87,60.73,37.26,1,1,0.5638
1011,32,438.4,109.87,84.2,46.86,1,1,1.0
1011,33,166.4,68.27,43.67,31.93,1,1,1.0
1011,34,42.67,44.8,68.2,68.2,1,1,1.0
1011,35,845.87,315.73,115.13,97.0,1,1,0.3367
1011,36,856.53,258.13,104.47,75.67,1,1,0.7612
1012,25,79.15,112.85,179.34,202.39,1,1,1.0
1012,30,246.4,169.17,91.03,74.82,1,1,1.0
1012,31,304.0,92.16,59.88,37.27,1,1,0.5577
1012,32,433.49,108.59,82.28,45.8,1,1,1.0
1012,33,168.11,68.69,43.45,33.0,1,1,1.0
1012,34,43.52,45.23,67.56,68.41,1,1,1.0
1012,35,827.09,308.05,133.91,102.98,1,1,0.3065
1012,36,836.05,250.24,124.95,77.37,1,1,0.7472
1013,25,79.36,112.64,179.56,202.17,1,1,1.0
1013,30,249.6,171.95,93.59,77.16,1,1,1.0
1013,31,300.8,90.45,59.03,37.27,1,1,0.6113
1013,32,428.59,107.31,80.36,44.73,1,1,1.0
1013,33,169.81,69.12,43.24,34.07,1,1,1.0
1013,34,44.37,45.65,66.92,68.63,1,1,0.9886
1013,35,808.32,300.37,152.68,108.95,1,1,0.2749
1013,36,815.57,242.35,145.43,79.08,1,1,0.7337
1014,25,79.57,112.43,179.78,201.96,1,1,1.0
1014,30,252.8,174.72,96.15,79.51,1,1,1.0
1014,31,297.6,88.75,58.17,37.26,1,1,0.5477
1014,32,423.68,106.03,78.44,43.66,1,1,1.0
1014,33,171.52,69.55,43.03,35.13,1,1,1.0
1014,34,45.23,46.08,66.28,68.84,1,1,0.9826
1014,35,789.55,292.69,171.45,114.92,1,1,0.2623
1014,36,795.09,234.45,165.91,80.79,1,1,0.7209
1015,25,79.79,112.21,179.98,201.75,1,1,1.0
1015,30,256.0,177.49,98.71,81.86,1,1,1.0
1015,31,294.4,87.04,57.32,37.27,1,1,0.557
1015,32,418.77,104.75,76.52,42.6,1,1,1.0
1015,33,173.23,69.97,42.81,36.2,1,1,1.0
1015,34,46.08,46.51,65.64,69.05,1,1,0.9764
1015,35,770.77,285.01,190.23,120.9,1,1,0.2447
1015,36,774.61,226.56,186.39,82.49,1,1,0.7086
1016,25,80.0,112.0,180.2,201.53,1,1,1.0
1016,30,259.2,180.27,101.27,84.2,1,1,1.0
1016,31,291.2,85.33,56.47,37.27,1,1,0.6023
1016,32,413.87,103.47,74.6,41.53,1,1,1.0
1016,33,174.93,70.4,42.6,37.27,1,1,1.0
1016,34,46.93,46.93,65.0,69.27,1,1,0.9702
1016,35,752.0,277.33,209.0,126.87,1,1,0.226
1016,36,754.13,218.67,206.87,84.2,1,1,0.6967
1017,25,79.79,112.21,180.2,202.18,1,1,1.0
1017,30,263.25,184.32,103.83,85.91,1,1,1.0
1017,31,288.43,84.27,55.61,37.48,1,1,0.5937
1017,32,408.53,101.55,73.11,41.1,1,1,1.0
1017,33,176.0,71.25,42.81,36.84,1,1,1.0
1017,34,46.72,46.72,65.0,70.55,1,1,0.9648
1017,35,735.57,270.51,211.56,121.1,1,1,0.2341
1017,36,738.13,213.55,198.12,81.21,1,1,0.7014
1018,25,79.57,112.43,180.2,202.81,1,1,1.0
1018,30,267.31,188.37,106.38,87.62,1,1,1.0
1018,31,285.65,83.2,54.76,37.69,1,1,0.5243
1018,32,403.2,99.63,71.61,40.68,1,1,1.0
1018,33,177.07,72.11,43.02,36.41,1,1,1.0
1018,34,46.51,46.51,65.0,71.82,1,1,0.9596
1018,35,719.15,263.68,208.78,115.35,1,1,0.2811
1018,36,722.13,208.43,190.44,78.22,1,1,0.7063
1019,25,79.36,112.64,180.2,203.45,1,1,1.0
1019,30,271.36,192.43,108.95,89.32,1,1,1.0
1019,31,282.88,82.13,53.91,37.91,1,1,0.5195
1019,32,397.87,97.71,70.12,40.25,1,1,1.0
1019,33,178.13,72.96,43.24,35.99,1,1,1.0
1019,34,46.29,46.29,65.0,73.11,1,1,0.9546
1019,35,702.72,256.85,206.01,109.59,1,1,0.3125
1019,36,706.13,203.31,182.76,75.24,1,1,0.7116
1020,25,79.15,112.85,180.2,204.1,1,1,1.0
1020,30,275.41,196.48,111.51,91.03,1,1,1.0
1020,31,280.11,81.07,53.05,38.12,1,1,0.4923
1020,32,392.53,95.79,68.63,39.82,1,1,1.0
1020,33,179.2,73.81,43.45,35.56,1,1,1.0
1020,34,46.08,46.08,65.0,74.39,1,1,0.9497
1020,35,686.29,250.03,203.24,103.82,1,1,0.3406
1020,36,690.13,198.19,175.08,72.25,1,1,0.7175
1021,25,78.93,113.07,180.2,204.73,1,1,1.0
1021,30,279.47,200.53,114.06,92.74,1,1,1.0
1021,31,277.33,80.0,52.2,38.33,1,1,0.4308
1021,32,387.2,93.87,67.13,39.4,1,1,1.0
1021,33,180.27,74.67,43.66,35.13,1,1,1.0
1021,34,45.87,45.87,65.0,75.66,1,1,0.9451
1021,35,669.87,243.2,200.46,98.07,1,1,0.4113
1021,36,674.13,193.07,167.4,69.26,1,1,0.7238
1022,25,79.36,112.64,179.77,206.23,1,1,1.0
1022,30,285.65,205.01,116.84,95.94,1,1,1.0
1022,31,275.2,79.15,51.56,37.69,1,1,0.496
1022,32,383.57,92.8,66.28,38.55,1,1,1.0
1022,33,181.12,76.16,45.16,34.71,1,1,1.0
1022,34,45.87,46.29,65.21,74.39,1,1,0.9474
1022,35,656.64,237.44,195.56,97.21,1,1,0.3966
1022,36,661.12,188.37,162.71,68.2,1,1,0.7195
1023,25,79.79,112.21,179.34,207.72,1,1,1.0
1023,30,291.84,209.49,119.61,99.14,1,1,1.0
1023,31,273.07,78.29,50.92,37.06,1,1,0.5469
1023,32,379.95,91.73,65.42,37.7,1,1,1.0
1023,33,181.97,77.65,46.66,34.28,1,1,1.0
1023,34,45.87,46.72,65.42,73.11,1,1,0.9498
1023,35,643.41,231.68,190.66,96.36,1,1,0.3862
1023,36,648.11,183.68,158.01,67.13,1,1,0.715
1024,25,80.21,111.79,178.92,209.21,1,1,1.0
1024,30,298.03,213.97,122.38,102.34,1,1,1.0
1024,31,270.93,77.44,50.28,36.41,1,1,0.4904
1024,32,376.32,90.67,64.57,36.84,1,1,1.0
1024,33,182.83,79.15,48.14,33.85,1,1,1.0
1024,34,45.87,47.15,65.64,71.82,1,1,0.9523
1024,35,630.19,225.92,185.74,95.51,1,1,0.3901
1024,36,635.09,178.99,153.32,66.06,1,1,0.7104
1025,25,80.64,111.36,178.49,210.71,1,1,1.0
1025,30,304.21,218.45,125.16,105.54,1,1,1.0
1025,31,268.8,76.59,49.64,35.77,1,1,0.5347
1025,32,372.69,89.6,63.72,35.99,1,1,1.0
1025,33,183.68,80.64,49.64,33.43,1,1,1.0
1025,34,45.87,47.57,65.85,70.55,1,1,0.9548
1025,35,616.96,220.16,180.84,94.65,1,1,0.3769
1025,36,622.08,174.29,148.63,65.0,1,1,0.7057
1026,25,81.07,110.93,178.06,212.2,1,1,1.0
1026,30,310.4,222.93,127.93,108.74,1,1,1.0
1026,31,266.67,75.73,49.0,35.14,1,1,0.5361
1026,32,369.07,88.53,62.86,35.14,1,1,1.0
1026,33,184.53,82.13,51.14,33.0,1,1,1.0
1026,34,45.87,48.0,66.06,69.27,1,1,0.9572
1026,35,603.73,214.4,175.94,93.8,1,1,0.3595
1026,36,609.07,169.6,143.93,63.93,1,1,0.7008
1027,25,80.64,111.36,178.07,211.35,1,1,1.0
1027,30,315.73,229.12,133.27,113.0,1,1,1.0
1027,31,264.53,74.88,48.36,34.71,1,1,0.5419
1027,32,364.8,87.25,62.44,35.56,1,1,1.0
1027,33,186.67,83.2,51.34,33.64,1,1,1.0
1027,34,45.87,48.43,66.28,70.97,1,1,0.9461
1027,35,593.28,209.49,170.17,91.03,1,1,0.3877
1027,36,598.83,165.76,138.6,63.72,1,1,0.6863
1028,25,80.21,111.79,178.07,210.49,1,1,1.0
1028,30,321.07,235.31,138.6,117.26,1,1,1.0
1028,31,262.4,74.03,47.72,34.28,1,1,0.5232
1028,32,360.53,85.97,62.02,35.99,1,1,1.0
1028,33,188.8,84.27,51.56,34.28,1,1,1.0
1028,34,45.87,48.85,66.49,72.68,1,1,0.9352
1028,35,582.83,204.59,164.41,88.25,1,1,0.4171
1028,36,588.59,161.92,133.26,63.51,1,1,0.6719
1029,25,79.79,112.21,178.06,209.64,1,1,1.0
1029,30,326.4,241.49,143.93,121.54,1,1,1.0
1029,31,260.27,73.17,47.08,33.86,1,1,0.5656
1029,32,356.27,84.69,61.58,36.42,1,1,1.0
1029,33,190.93,85.33,51.78,34.92,1,1,1.0
1029,34,45.87,49.28,66.7,74.39,1,1,0.9243
1029,35,572.37,199.68,158.66,85.48,1,1,0.423
1029,36,578.35,158.08,127.93,63.29,1,1,0.6573
1030,25,79.36,112.64,178.07,208.79,1,1,1.0
1030,30,331.73,247.68,149.27,125.8,1,1,1.0
1030,31,258.13,72.32,46.44,33.43,1,1,0.5744
1030,32,352.0,83.41,61.16,36.84,1,1,1.0
1030,33,193.07,86.4,51.98,35.56,1,1,1.0
1030,34,45.87,49.71,66.92,76.09,1,1,0.9136
1030,35,561.92,194.77,152.89,82.71,1,1,0.4563
1030,36,568.11,154.24,122.6,63.08,1,1,0.6425
1031,25,78.93,113.07,178.07,207.93,1,1,1.0
1031,30,337.07,253.87,154.6,130.06,1,1,1.0
1031,31,256.0,71.47,45.8,33.0,1,1,0.5533
1031,32,347.73,82.13,60.74,37.27,1,1,1.0
1031,33,195.2,87.47,52.2,36.2,1,1,1.0
1031,34,45.87,50.13,67.13,77.8,1,1,0.9031
1031,35,551.47,189.87,147.13,79.93,1,1,0.467
1031,36,557.87,150.4,117.26,62.87,1,1,0.6278
1032,25,78.51,113.07,179.13,208.57,1,1,1.0
1032,30,345.17,261.33,161.86,136.26,1,1,1.0
1032,31,254.08,70.61,44.73,32.15,1,1,0.5697
1032,32,345.17,81.28,58.6,36.2,1,1,1.0
1032,33,196.69,87.68,52.2,37.48,1,1,1.0
1032,34,45.87,50.56,67.77,77.59,1,1,0.8992
1032,35,542.29,186.03,143.3,78.22,1,1,0.4768
1032,36,548.91,147.84,115.34,60.31,1,1,0.6332
1033,25,78.08,113.07,180.2,209.21,1,1,1.0
1033,30,353.28,268.8,169.11,142.44,1,1,1.0
1033,31,252.16,69.76,43.67,31.29,1,1,0.6175
1033,32,342.61,80.43,56.47,35.13,1,1,1.0
1033,33,198.19,87.89,52.2,38.76,1,1,1.0
1033,34,45.87,50.99,68.41,77.37,1,1,0.8954
1033,35,533.12,182.19,139.45,76.52,1,1,0.4842
1033,36,539.95,145.28,113.42,57.75,1,1,0.6391
1034,25,77.65,113.07,181.27,209.85,1,1,1.0
1034,30,361.39,276.27,176.36,148.62,1,1,1.0
1034,31,250.24,68.91,42.6,30.44,1,1,0.6211
1034,32,340.05,79.57,54.34,34.07,1,1,1.0
1034,33,199.68,88.11,52.2,40.04,1,1,1.0
1034,34,45.87,51.41,69.05,77.16,1,1,0.8916
1034,35,523.95,178.35,135.61,74.81,1,1,0.495
1034,36,530.99,142.72,111.5,55.19,1,1,0.6456
1035,25,77.23,113.07,182.33,210.49,1,1,1.0
1035,30,369.49,283.73,183.62,154.82,1,1,1.0
1035,31,248.32,68.05,41.53,29.59,1,1,0.6754
1035,32,337.49,78.72,52.2,33.0,1,1,1.0
1035,33,201.17,88.32,52.2,41.32,1,1,1.0
1035,34,45.87,51.84,69.69,76.95,1,1,0.8876
1035,35,514.77,174.51,131.78,73.1,1,1,0.5188
1035,36,522.03,140.16,109.58,52.63,1,1,0.6527
1036,25,76.8,113.07,183.4,211.13,1,1,1.0
1036,30,377.6,291.2,190.87,161.0,1,1,1.0
1036,31,246.4,67.2,40.47,28.73,1,1,0.6094
1036,32,334.93,77.87,50.07,31.93,1,1,1.0
1036,33,202.67,88.53,52.2,42.6,1,1,1.0
1036,34,45.87,52.27,70.33,76.73,1,1,0.8837
1036,35,505.6,170.67,127.93,71.4,1,1,0.5031
1036,36,513.07,137.6,107.66,50.07,1,1,0.6605
1036,37,106.67,58.67,33.0,26.6,1,1,0.7112
1037,25,78.08,113.07,181.48,210.92,1,1,1.0
1037,30,389.55,300.8,198.97,167.19,1,1,1.0
1037,31,244.91,66.35,40.04,28.73,1,1,0.6949
1037,32,332.16,76.59,49.43,31.93,1,1,1.0
1037,33,205.01,90.03,51.99,42.6,1,1,1.0
1037,34,46.29,52.69,70.34,76.31,1,1,0.8856
1037,35,498.35,168.32,124.52,69.05,1,1,0.5066
1037,36,505.39,134.61,104.89,48.79,1,1,0.6909
1037,37,107.52,58.67,33.21,27.45,1,1,0.7257
1038,25,79.36,113.07,179.56,210.7,1,1,1.0
1038,30,401.49,310.4,207.08,173.37,1,1,1.0
1038,31,243.41,65.49,39.62,28.73,1,1,0.6885
1038,32,329.39,75.31,48.78,31.93,1,1,1.0
1038,33,207.36,91.52,51.77,42.6,1,1,1.0
1038,34,46.72,53.12,70.33,75.88,1,1,0.8875
1038,35,491.09,165.97,121.11,66.71,1,1,0.5217
1038,36,497.71,131.63,102.12,47.5,1,1,0.7229
1038,37,108.37,58.67,33.43,28.31,1,1,0.7404
1039,25,80.64,113.07,177.64,210.49,1,1,1.0
1039,30,413.44,320.0,215.19,179.56,1,1,1.0
1039,31,241.92,64.64,39.19,28.73,1,1,0.7362
1039,32,326.61,74.03,48.15,31.93,1,1,1.0
1039,33,209.71,93.01,51.56,42.6,1,1,1.0
1039,34,47.15,53.55,70.33,75.45,1,1,0.8894
1039,35,483.84,163.63,117.69,64.36,1,1,0.4984
1039,36,490.03,128.64,99.34,46.23,1,1,0.7569
1039,37,109.23,58.67,33.64,29.16,1,1,0.7548
1040,25,81.92,113.07,175.72,210.28,1,1,1.0
1040,30,425.39,329.6,223.29,185.75,1,1,1.0
1040,31,240.43,63.79,38.76,28.73,1,1,0.6788
1040,32,323.84,72.75,47.51,31.93,1,1,1.0
1040,33,212.05,94.51,51.35,42.6,1,1,1.0
1040,34,47.57,53.97,70.34,75.03,1,1,0.8914
1040,35,476.59,161.28,114.28,62.01,1,1,0.5134
1040,36,482.35,125.65,96.57,44.95,1,1,0.7927
1040,37,110.08,58.67,33.85,30.01,1,1,0.7687
1041,25,83.2,113.07,173.8,210.06,1,1,1.0
1041,30,437.33,339.2,231.4,191.93,1,1,1.0
1041,31,238.93,62.93,38.34,28.73,1,1,0.7304
1041,32,321.07,71.47,46.86,31.93,1,1,1.0
1041,33,214.4,96.0,51.13,42.6,1,1,1.0
1041,34,48.0,54.4,70.33,74.6,1,1,0.8933
1041,35,469.33,158.93,110.87,59.67,1,1,0.4924
1041,36,474.67,122.67,93.8,43.66,1,1,0.8305
1041,37,110.93,58.67,34.07,30.87,1,1,0.7828
1041,38,904.53,151.47,56.47,138.6,1,1,1.0
1042,25,82.56,113.28,174.65,209.43,1,1,1.0
1042,30,452.05,352.64,234.82,181.91,1,1,1.0
1042,31,236.8,62.51,38.55,28.52,1,1,0.6571
1042,32,318.08,70.4,46.65,32.15,1,1,1.0
1042,33,216.32,97.28,53.05,43.24,1,1,1.0
1042,34,47.79,54.19,70.54,76.73,1,1,0.8834
1042,35,462.08,155.73,109.8,58.6,1,1,0.5205
1042,36,468.05,120.53,92.1,42.82,1,1,0.822
1042,37,111.36,59.52,34.92,30.87,1,1,0.8004
1042,38,894.51,149.55,66.49,139.02,1,1,1.0
1043,25,81.92,113.49,175.51,208.79,1,1,1.0
1043,30,466.77,366.08,238.23,174.92,1,1,1.0
1043,31,234.67,62.08,38.76,28.31,1,1,0.5761
1043,32,315.09,69.33,46.44,32.36,1,1,1.0
1043,33,218.24,98.56,54.97,43.88,1,1,1.0
1043,34,47.57,53.97,70.76,78.87,1,1,0.8737
1043,35,454.83,152.53,108.73,57.54,1,1,0.5215
1043,36,461.44,118.4,90.39,41.96,1,1,0.8134
1043,37,111.79,60.37,35.77,30.87,1,1,0.8172
1043,38,884.48,147.63,76.52,139.45,1,1,1.0
1044,25,81.28,113.71,176.36,208.14,1,1,1.0
1044,30,481.49,379.52,241.64,161.48,1,1,1.0
1044,31,232.53,61.65,38.98,28.09,1,1,0.662
1044,32,312.11,68.27,46.22,32.57,1,1,1.0
1044,33,220.16,99.84,56.89,44.52,1,1,1.0
1044,34,47.36,53.76,70.97,81.0,1,1,0.8643
1044,35,447.57,149.33,107.67,56.47,1,1,0.5497
1044,36,454.83,116.27,88.68,41.1,1,1,0.8044
1044,37,112.21,61.23,36.63,30.87,1,1,0.8329
1044,38,874.45,145.71,86.55,139.88,1,1,1.0
1045,25,80.64,113.92,177.21,207.51,1,1,1.0
1045,30,496.21,392.96,245.06,148.04,1,1,1.0
1045,31,230.4,61.23,39.19,27.88,1,1,0.6359
1045,32,309.12,67.2,46.01,32.79,1,1,1.0
1045,33,222.08,101.12,58.81,45.16,1,1,1.0
1045,34,47.15,53.55,71.18,83.13,1,1,0.855
1045,35,440.32,146.13,106.6,55.4,1,1,0.5827
1045,36,448.21,114.13,86.98,40.26,1,1,0.7948
1045,37,112.64,62.08,37.48,30.87,1,1,0.8482
1045,38,864.43,143.79,96.57,140.3,1,1,1.0
1046,25,80.0,114.13,178.07,206.87,1,1,1.0
1046,30,510.93,406.4,248.47,134.6,1,1,1.0
1046,31,228.27,60.8,39.4,27.67,1,1,0.5656
1046,32,306.13,66.13,45.8,33.0,1,1,1.0
1046,33,224.0,102.4,60.73,45.8,1,1,1.0
1046,34,46.93,53.33,71.4,85.27,1,1,0.8459
1046,35,433.07,142.93,105.53,54.34,1,1,0.6054
1046,36,441.6,112.0,85.27,39.4,1,1,0.785
1046,37,113.07,62.93,38.33,30.87,1,1,0.8628
1046,38,854.4,141.87,106.6,140.73,1,1,1.0
1047,25,80.85,114.13,177.43,207.08,1,1,1.0
1047,30,532.27,423.47,236.09,117.53,1,1,1.0
1047,31,226.77,59.73,38.76,27.45,1,1,0.6457
1047,32,303.36,65.49,45.8,32.57,1,1,1.0
1047,33,226.13,103.47,61.8,46.86,1,1,1.0
1047,34,46.93,53.97,71.83,85.7,1,1,0.8427
1047,35,427.95,140.8,102.76,52.84,1,1,0.6061
1047,36,436.48,110.29,82.71,39.19,1,1,0.7785
1047,37,114.13,64.0,38.12,30.87,1,1,0.8785
1047,38,845.23,139.52,115.77,143.72,1,1,1.0
1048,25,81.71,114.13,176.78,207.3,1,1,1.0
1048,30,553.6,440.53,223.72,100.47,1,1,1.0
1048,31,225.28,58.67,38.12,27.24,1,1,0.6445
1048,32,300.59,64.85,45.8,32.15,1,1,1.0
1048,33,228.27,104.53,62.86,47.94,1,1,1.0
1048,34,46.93,54.61,72.26,86.12,1,1,0.8398
1048,35,422.83,138.67,99.98,51.34,1,1,0.5966
1048,36,431.36,108.59,80.15,38.97,1,1,0.7719
1048,37,115.2,65.07,37.91,30.87,1,1,0.8948
1048,38,836.05,137.17,124.95,146.71,1,1,1.0
1049,25,82.56,114.13,176.15,207.51,1,1,1.0
1049,30,574.93,457.6,211.35,83.4,1,1,1.0
1049,31,223.79,57.6,37.48,27.03,1,1,0.6385
1049,32,297.81,64.21,45.8,31.72,1,1,1.0
1049,33,230.4,105.6,63.93,49.0,1,1,1.0
1049,34,46.93,55.25,72.68,86.55,1,1,0.837
1049,35,417.71,136.53,97.21,49.86,1,1,0.6193
1049,36,426.24,106.88,77.59,38.76,1,1,0.765
1049,37,116.27,66.13,37.69,30.87,1,1,0.9114
1049,38,826.88,134.83,134.12,149.69,1,1,1.0
1050,25,83.41,114.13,175.51,207.72,1,1,1.0
1050,30,596.27,474.67,198.97,66.33,1,1,1.0
1050,31,222.29,56.53,36.84,26.81,1,1,0.7026
1050,32,295.04,63.57,45.8,31.29,1,1,1.0
1050,33,232.53,106.67,65.0,50.06,1,1,1.0
1050,34,46.93,55.89,73.11,86.98,1,1,0.8345
1050,35,412.59,134.4,94.44,48.36,1,1,0.6343
1050,36,421.12,105.17,75.03,38.55,1,1,0.7582
1050,37,117.33,67.2,37.48,30.87,1,1,0.9277
1050,38,817.71,132.48,143.29,152.68,1,1,1.0
1051,25,84.27,114.13,174.86,207.94,1,1,1.0
1051,30,617.6,491.73,186.6,49.27,1,1,1.0
1051,31,220.8,55.47,36.2,26.6,1,1,0.7177
1051,32,292.27,62.93,45.8,30.87,1,1,1.0
1051,33,234.67,107.73,66.06,51.14,1,1,1.0
1051,34,46.93,56.53,73.54,87.4,1,1,0.8321
1051,35,407.47,132.27,91.66,46.86,1,1,0.6682
1051,36,416.0,103.47,72.47,38.33,1,1,0.7514
1051,37,118.4,68.27,37.27,30.87,1,1,0.9445
1051,38,808.53,130.13,152.47,155.67,1,1,1.0
1052,25,83.63,113.92,175.72,209.21,1,1,1.0
1052,31,219.31,55.04,36.2,26.6,1,1,0.7373
1052,32,289.71,62.08,45.58,30.65,1,1,1.0
1052,33,237.01,109.65,67.14,50.71,1,1,1.0
1052,34,47.15,56.11,74.17,87.61,1,1,0.8272
1052,35,401.49,130.13,90.82,46.87,1,1,0.6258
1052,36,410.88,101.97,72.25,37.91,1,1,0.7428
1052,37,119.68,68.48,37.27,31.08,1,1,0.956
1052,38,800.64,128.21,160.36,157.16,1,1,1.0
1053,25,82.99,113.71,176.57,210.49,1,1,1.0
1053,31,217.81,54.61,36.2,26.6,1,1,0.7144
1053,32,287.15,61.23,45.37,30.44,1,1,1.0
1053,33,239.36,111.57,68.2,50.28,1,1,1.0
1053,34,47.36,55.68,74.81,87.83,1,1,0.8223
1053,35,395.52,128.0,89.96,46.87,1,1,0.6113
1053,36,405.76,100.48,72.04,37.48,1,1,0.7343
1053,37,120.96,68.69,37.27,31.29,1,1,0.9675
1053,38,792.75,126.29,168.25,158.66,1,1,1.0
1054,25,82.35,113.49,177.42,211.78,1,1,1.0
1054,31,216.32,54.19,36.2,26.6,1,1,0.6457
1054,32,284.59,60.37,45.16,30.23,1,1,1.0
1054,33,241.71,113.49,69.26,49.86,1,1,1.0
1054,34,47.57,55.25,75.46,88.04,1,1,0.8175
1054,35,389.55,125.87,89.1,46.86,1,1,0.5967
1054,36,400.64,98.99,71.83,37.05,1,1,0.7255
1054,37,122.24,68.91,37.27,31.51,1,1,1.0
1054,38,784.85,124.37,176.15,160.15,1,1,1.0
1055,25,81.71,113.28,178.28,213.05,1,1,1.0
1055,31,214.83,53.76,36.2,26.6,1,1,0.6534
1055,32,282.03,59.52,44.94,30.01,1,1,1.0
1055,33,244.05,115.41,70.34,49.43,1,1,1.0
1055,34,47.79,54.83,76.09,88.25,1,1,0.8129
1055,35,383.57,123.73,88.26,46.87,1,1,0.5644
1055,36,395.52,97.49,71.61,36.63,1,1,0.7163
1055,37,123.52,69.12,37.27,31.72,1,1,1.0
1055,38,776.96,122.45,184.04,161.64,1,1,1.0
1056,25,81.07,113.07,179.13,214.33,1,1,1.0
1056,31,213.33,53.33,36.2,26.6,1,1,0.6406
1056,32,279.47,58.67,44.73,29.8,1,1,1.0
1056,33,246.4,117.33,71.4,49.0,1,1,1.0
1056,34,48.0,54.4,76.73,88.47,1,1,0.8083
1056,35,377.6,121.6,87.4,46.87,1,1,0.5483
1056,36,390.4,96.0,71.4,36.2,1,1,0.7072
1056,37,124.8,69.33,37.27,31.94,1,1,1.0
1056,38,769.07,120.53,191.93,163.14,1,1,1.0
1057,25,80.64,113.28,179.13,213.91,1,1,1.0
1057,31,211.84,52.91,35.99,25.75,1,1,0.6896
1057,32,277.76,58.03,44.31,29.59,1,1,1.0
1057,33,249.6,119.68,72.25,50.49,1,1,1.0
1057,34,48.0,55.04,77.16,87.4,1,1,0.8075
1057,35,373.33,119.68,85.27,46.44,1,1,0.5384
1057,36,386.35,94.51,69.48,35.34,1,1,0.7122
1057,37,125.65,70.19,37.27,31.93,1,1,1.0
1057,38,761.39,118.83,199.61,165.26,1,1,1.0
1058,25,80.21,113.49,179.14,213.48,1,1,1.0
1058,31,210.35,52.48,35.77,24.89,1,1,0.6955
1058,32,276.05,57.39,43.88,29.37,1,1,1.0
1058,33,252.8,122.03,73.11,51.98,1,1,1.0
1058,34,48.0,55.68,77.59,86.33,1,1,0.8068
1058,35,369.07,117.76,83.13,46.01,1,1,0.5426
1058,36,382.29,93.01,67.56,34.5,1,1,0.7174
1058,37,126.51,71.04,37.26,31.93,1,1,1.0
1058,38,753.71,117.12,207.29,167.4,1,1,1.0
1059,25,79.79,113.71,179.13,213.05,1,1,1.0
1059,31,208.85,52.05,35.56,24.04,1,1,0.7048
1059,32,274.35,56.75,43.45,29.16,1,1,1.0
1059,33,256.0,124.37,73.96,53.48,1,1,1.0
1059,34,48.0,56.32,78.01,85.27,1,1,0.8063
1059,35,364.8,115.84,81.0,45.59,1,1,0.6006
1059,36,378.24,91.52,65.64,33.64,1,1,0.7229
1059,37,127.36,71.89,37.27,31.94,1,1,1.0
1059,38,746.03,115.41,214.97,169.54,1,1,1.0
1060,25,79.36,113.92,179.13,212.63,1,1,1.0
1060,31,207.36,51.63,35.35,23.19,1,1,0.7742
1060,32,272.64,56.11,43.03,28.95,1,1,1.0
1060,33,259.2,126.72,74.81,54.97,1,1,1.0
1060,34,48.0,56.96,78.44,84.2,1,1,0.8058
1060,35,360.53,113.92,78.87,45.16,1,1,0.5416
1060,36,374.19,90.03,63.72,32.78,1,1,0.7288
1060,37,128.21,72.75,37.27,31.93,1,1,1.0
1060,38,738.35,113.71,222.65,171.66,1,1,1.0
1061,25,78.93,114.13,179.14,212.2,1,1,1.0
1061,31,205.87,51.2,35.13,22.33,1,1,0.782
1061,32,270.93,55.47,42.6,28.73,1,1,1.0
1061,33,262.4,129.07,75.67,56.46,1,1,1.0
1061,34,48.0,57.6,78.87,83.13,1,1,0.8055
1061,35,356.27,112.0,76.73,44.73,1,1,0.5426
1061,36,370.13,88.53,61.8,31.94,1,1,0.7348
1061,37,129.07,73.6,37.26,31.93,1,1,1.0
1061,38,730.67,112.0,230.33,173.8,1,1,1.0
1062,25,78.93,114.13,179.14,211.78,1,1,1.0
1062,31,203.73,50.56,35.78,22.55,1,1,0.7657
1062,32,268.37,54.83,42.82,28.52,1,1,1.0
1062,33,265.6,130.99,76.95,57.32,1,1,1.0
1062,34,48.21,57.6,78.87,84.84,1,1,0.7963
1062,35,353.28,110.08,74.6,44.31,1,1,0.5794
1062,36,365.87,86.83,61.16,32.14,1,1,0.7234
1062,37,129.92,74.24,37.91,32.15,1,1,1.0
1062,38,725.76,110.51,235.24,174.01,1,1,1.0
1063,25,78.93,114.13,179.14,211.35,1,1,1.0
1063,31,201.6,49.92,36.41,22.76,1,1,0.7036
1063,32,265.81,54.19,43.03,28.31,1,1,1.0
1063,33,268.8,132.91,78.23,58.17,1,1,1.0
1063,34,48.43,57.6,78.86,86.55,1,1,0.7873
1063,35,350.29,108.16,72.47,43.88,1,1,0.5713
1063,36,361.6,85.12,60.52,32.36,1,1,0.712
1063,37,130.77,74.88,38.55,32.36,1,1,1.0
1063,38,720.85,109.01,240.15,174.23,1,1,1.0
1064,25,78.93,114.13,179.14,210.92,1,1,1.0
1064,31,199.47,49.28,37.05,22.97,1,1,0.7964
1064,32,263.25,53.55,43.24,28.09,1,1,1.0
1064,33,272.0,134.83,79.51,59.02,1,1,1.0
1064,34,48.64,57.6,78.87,88.25,1,1,0.7786
1064,35,347.31,106.24,70.33,43.45,1,1,0.677
1064,36,357.33,83.41,59.88,32.58,1,1,0.7007
1064,37,131.63,75.52,39.18,32.57,1,1,1.0
1064,38,715.95,107.52,245.05,174.44,1,1,1.0
1065,25,78.93,114.13,179.14,210.5,1,1,1.0
1065,31,197.33,48.64,37.7,23.19,1,1,0.7414
1065,32,260.69,52.91,43.46,27.88,1,1,1.0
1065,33,275.2,136.75,80.79,59.88,1,1,1.0
1065,34,48.85,57.6,78.87,89.96,1,1,0.7701
1065,35,344.32,104.32,68.2,43.03,1,1,0.6803
1065,36,353.07,81.71,59.24,32.78,1,1,0.6898
1065,37,132.48,76.16,39.83,32.79,1,1,1.0
1065,38,711.04,106.03,249.96,174.65,1,1,1.0
1066,25,78.93,114.13,179.14,210.07,1,1,1.0
1066,31,195.2,48.0,38.33,23.4,1,1,0.7893
1066,32,258.13,52.27,43.67,27.67,1,1,1.0
1066,33,278.4,138.67,82.07,60.73,1,1,1.0
1066,34,49.07,57.6,78.86,91.67,1,1,0.7618
1066,35,341.33,102.4,66.07,42.6,1,1,0.7097
1066,36,348.8,80.0,58.6,33.0,1,1,0.6788
1066,37,133.33,76.8,40.47,33.0,1,1,1.0
1066,38,706.13,104.53,254.87,174.87,1,1,1.0
1066,39,835.2,317.87,125.8,89.53,1,1,0.2786
1067,25,78.72,114.56,178.92,209.0,1,1,1.0
1067,32,256.85,52.05,43.03,27.45,1,1,1.0
1067,33,282.03,140.8,84.41,62.01,1,1,1.0
1067,34,49.49,57.81,78.44,91.46,1,1,0.7619
1067,35,337.71,101.12,65.64,41.96,1,1,0.7034
1067,36,345.39,79.15,58.6,32.14,1,1,0.6871
1067,37,133.97,77.65,40.68,33.0,1,1,1.0
1067,38,700.59,103.89,260.41,175.51,1,1,1.0
1067,39,814.72,309.12,146.28,95.72,1,1,0.239
1068,25,78.51,114.99,178.7,207.93,1,1,1.0
1068,32,255.57,51.84,42.39,27.24,1,1,1.0
1068,33,285.65,142.93,86.76,63.3,1,1,1.0
1068,34,49.92,58.03,78.01,91.24,1,1,0.762
1068,35,334.08,99.84,65.21,41.32,1,1,0.6974
1068,36,341.97,78.29,58.6,31.3,1,1,0.6953
1068,37,134.61,78.51,40.9,33.0,1,1,1.0
1068,38,695.04,103.25,265.96,176.15,1,1,1.0
1068,39,794.24,300.37,166.76,101.91,1,1,0.2319
1069,25,78.29,115.41,178.5,206.87,1,1,1.0
1069,32,254.29,51.63,41.75,27.03,1,1,1.0
1069,33,289.28,145.07,89.11,64.57,1,1,1.0
1069,34,50.35,58.24,77.58,91.03,1,1,0.762
1069,35,330.45,98.56,64.79,40.68,1,1,0.7077
1069,36,338.56,77.44,58.6,30.44,1,1,0.7039
1069,37,135.25,79.36,41.11,33.0,1,1,1.0
1069,38,689.49,102.61,271.51,176.79,1,1,1.0
1069,39,773.76,291.63,187.24,108.09,1,1,0.2331
1070,25,78.08,115.84,178.28,205.8,1,1,1.0
1070,32,253.01,51.41,41.11,26.81,1,1,1.0
1070,33,292.91,147.2,91.45,65.85,1,1,1.0
1070,34,50.77,58.45,77.16,90.82,1,1,0.7622
1070,35,326.83,97.28,64.36,40.04,1,1,0.7427
1070,36,335.15,76.59,58.6,29.58,1,1,0.7126
1070,37,135.89,80.21,41.32,33.0,1,1,1.0
1070,38,683.95,101.97,277.05,177.43,1,1,1.0
1070,39,753.28,282.88,207.72,114.28,1,1,0.2065
1071,25,77.87,116.27,178.06,204.73,1,1,1.0
1071,32,251.73,51.2,40.47,26.6,1,1,1.0
1071,33,296.53,149.33,93.8,67.14,1,1,1.0
1071,34,51.2,58.67,76.73,90.6,1,1,0.7624
1071,35,323.2,96.0,63.93,39.4,1,1,0.7368
1071,36,331.73,75.73,58.6,28.74,1,1,0.7214
1071,37,136.53,81.07,41.54,33.0,1,1,1.0
1071,38,678.4,101.33,282.6,178.07,1,1,0.9761
1071,39,732.8,274.13,228.2,120.47,1,1,0.2234
1072,25,78.29,115.63,178.5,204.52,1,1,1.0
1072,32,249.6,50.13,41.32,26.81,1,1,1.0
1072,33,301.44,152.53,95.72,68.63,1,1,1.0
1072,34,51.84,58.45,75.88,89.32,1,1,0.7656
1072,35,318.93,94.72,63.94,39.19,1,1,0.6927
1072,36,329.17,74.24,57.32,29.59,1,1,0.7116
1072,37,137.6,81.28,42.39,34.07,1,1,1.0
1072,38,673.07,99.2,287.93,181.48,1,1,0.941
1072,39,718.29,266.67,220.1,116.84,1,1,0.238
1073,25,78.72,114.99,178.92,204.3,1,1,1.0
1073,32,247.47,49.07,42.17,27.03,1,1,1.0
1073,33,306.35,155.73,97.64,70.12,1,1,1.0
1073,34,52.48,58.24,75.03,88.04,1,1,0.7689
1073,35,314.67,93.44,63.93,38.97,1,1,0.6724
1073,36,326.61,72.75,56.04,30.44,1,1,0.7029
1073,37,138.67,81.49,43.24,35.14,1,1,0.9533
1073,38,667.73,97.07,293.27,184.89,1,1,0.9106
1073,39,703.79,259.2,213.05,113.21,1,1,0.2632
1074,25,79.15,114.35,179.34,204.09,1,1,1.0
1074,32,245.33,48.0,43.03,27.24,1,1,1.0
1074,33,311.25,158.93,99.56,71.62,1,1,1.0
1074,34,53.12,58.03,74.17,86.76,1,1,0.7723
1074,35,310.4,92.16,63.93,38.76,1,1,0.6595
1074,36,324.05,71.25,54.76,31.3,1,1,0.6952
1074,37,139.73,81.71,44.1,36.2,1,1,0.9017
1074,38,662.4,94.93,298.6,188.31,1,1,0.8846
1074,39,689.28,251.73,206.01,109.59,1,1,0.3052
1075,25,79.57,113.71,179.78,203.88,1,1,1.0
1075,32,243.2,46.93,43.88,27.45,1,1,1.0
1075,33,316.16,162.13,101.48,73.11,1,1,1.0
1075,34,53.76,57.81,73.32,85.48,1,1,0.7758
1075,35,306.13,90.88,63.94,38.55,1,1,0.6541
1075,36,321.49,69.76,53.48,32.15,1,1,0.6884
1075,37,140.8,81.92,44.95,37.27,1,1,0.853
1075,38,657.07,92.8,303.93,191.72,1,1,0.8626
1075,39,674.77,244.27,198.98,105.96,1,1,0.3358
1076,25,80.0,113.07,180.2,203.66,1,1,1.0
1076,32,241.07,45.87,44.73,27.67,1,1,1.0
1076,33,321.07,165.33,103.4,74.6,1,1,1.0
1076,34,54.4,57.6,72.47,84.2,1,1,0.7793
1076,35,301.87,89.6,63.93,38.33,1,1,0.6015
1076,36,318.93,68.27,52.2,33.0,1,1,0.6825
1076,37,141.87,82.13,45.8,38.34,1,1,0.807
1076,38,651.73,90.67,309.27,195.13,1,1,0.8442
1076,39,660.27,236.8,191.93,102.33,1,1,0.3729
1077,25,79.79,113.07,179.98,203.88,1,1,1.0
1077,32,240.21,45.87,43.88,27.24,1,1,1.0
1077,33,325.76,169.39,106.81,75.66,1,1,1.0
1077,34,54.19,58.45,73.1,85.27,1,1,0.7664
1077,35,298.67,88.75,63.29,37.48,1,1,0.6049
1077,36,316.16,67.84,52.41,32.36,1,1,0.6907
1077,37,142.72,83.63,46.44,38.33,1,1,0.7681
1077,38,645.97,90.45,315.03,193.22,1,1,0.8402
1077,39,647.04,231.47,186.39,99.34,1,1,0.3843
1078,25,79.57,113.07,179.78,204.09,1,1,1.0
1078,32,239.36,45.87,43.03,26.81,1,1,1.0
1078,33,330.45,173.44,110.23,76.73,1,1,1.0
1078,34,53.97,59.31,73.75,86.33,1,1,0.7537
1078,35,295.47,87.89,62.65,36.63,1,1,0.6368
1078,36,313.39,67.41,52.62,31.72,1,1,0.6988
1078,37,143.57,85.12,47.08,38.33,1,1,0.7292
1078,38,640.21,90.24,320.79,191.29,1,1,0.8425
1078,39,633.81,226.13,180.84,96.36,1,1,0.3829
1079,25,79.36,113.07,179.56,204.3,1,1,1.0
1079,32,238.51,45.87,42.17,26.39,1,1,1.0
1079,33,335.15,177.49,113.64,77.8,1,1,1.0
1079,34,53.76,60.16,74.39,87.4,1,1,0.7412
1079,35,292.27,87.04,62.01,35.77,1,1,0.6207
1079,36,310.61,66.99,52.84,31.08,1,1,0.7068
1079,37,144.43,86.61,47.72,38.34,1,1,0.6901
1079,38,634.45,90.03,326.55,189.37,1,1,0.847
1079,39,620.59,220.8,175.29,93.37,1,1,0.3838
1080,25,79.15,113.07,179.34,204.52,1,1,1.0
1080,32,237.65,45.87,41.32,25.96,1,1,1.0
1080,33,339.84,181.55,117.05,78.86,1,1,1.0
1080,34,53.55,61.01,75.02,88.47,1,1,0.7289
1080,35,289.07,86.19,61.37,34.92,1,1,0.6188
1080,36,307.84,66.56,53.05,30.44,1,1,0.7147
1080,37,145.28,88.11,48.36,38.33,1,1,0.6512
1080,38,628.69,89.81,332.31,187.46,1,1,0.8528
1080,39,607.36,215.47,169.75,90.38,1,1,0.3882
1081,25,78.93,113.07,179.14,204.73,1,1,1.0
1081,32,236.8,45.87,40.47,25.53,1,1,1.0
1081,33,344.53,185.6,120.47,79.93,1,1,1.0
1081,34,53.33,61.87,75.67,89.53,1,1,0.7167
1081,35,285.87,85.33,60.73,34.07,1,1,0.6235
1081,36,305.07,66.13,53.26,29.8,1,1,0.7226
1081,37,146.13,89.6,49.0,38.33,1,1,0.6123
1081,38,622.93,89.6,338.07,185.53,1,1,0.8517
1081,39,594.13,210.13,164.2,87.4,1,1,0.4097
1081,40,841.6,270.93,119.4,83.14,1,1,0.9813
1082,25,78.51,113.07,179.98,205.16,1,1,1.0
1082,33,351.57,188.8,124.52,83.56,1,1,1.0
1082,34,52.91,61.65,76.73,89.96,1,1,0.7145
1082,35,283.95,83.84,59.02,35.35,1,1,0.6084
1082,36,302.51,65.28,51.77,29.59,1,1,0.7087
1082,37,147.63,90.45,49.64,39.4,1,1,0.5741
1082,38,619.52,89.17,341.48,180.42,1,1,0.8573
1082,39,583.04,205.65,159.93,84.84,1,1,0.4181
1082,40,823.47,263.04,137.53,84.2,1,1,0.9821
1083,25,78.08,113.07,180.84,205.58,1,1,1.0
1083,33,358.61,192.0,128.58,87.19,1,1,1.0
1083,34,52.48,61.44,77.8,90.39,1,1,0.7123
1083,35,282.03,82.35,57.32,36.62,1,1,0.5508
1083,36,299.95,64.43,50.28,29.37,1,1,0.6945
1083,37,149.12,91.31,50.28,40.46,1,1,0.5378
1083,38,616.11,88.75,344.89,175.29,1,1,0.8612
1083,39,571.95,201.17,155.66,82.28,1,1,0.4259
1083,40,805.33,255.15,155.67,85.26,1,1,0.9788
1084,25,77.65,113.07,181.7,206.01,1,1,1.0
1084,33,365.65,195.2,132.63,90.81,1,1,1.0
1084,34,52.05,61.23,78.87,90.81,1,1,0.7102
1084,35,280.11,80.85,55.61,37.91,1,1,0.5382
1084,36,297.39,63.57,48.78,29.16,1,1,0.6799
1084,37,150.61,92.16,50.92,41.53,1,1,0.5035
1084,38,612.69,88.32,348.31,170.17,1,1,0.8632
1084,39,560.85,196.69,151.4,79.72,1,1,0.4365
1084,40,787.2,247.25,173.8,86.34,1,1,0.9802
1085,25,77.23,113.07,182.54,206.44,1,1,1.0
1085,33,372.69,198.4,136.68,94.44,1,1,1.0
1085,34,51.63,61.01,79.93,91.24,1,1,0.7081
1085,35,278.19,79.36,53.9,39.19,1,1,0.5251
1085,36,294.83,62.72,47.29,28.95,1,1,0.665
1085,37,152.11,93.01,51.56,42.6,1,1,0.4709
1085,38,609.28,87.89,351.72,165.06,1,1,0.8634
1085,39,549.76,192.21,147.13,77.16,1,1,0.4444
1085,40,769.07,239.36,191.93,87.4,1,1,0.9764
1086,25,76.8,113.07,183.4,206.86,1,1,1.0
1086,33,379.73,201.6,140.74,98.07,1,1,1.0
1086,34,51.2,60.8,81.0,91.67,1,1,0.706
1086,35,276.27,77.87,52.2,40.46,1,1,0.4637
1086,36,292.27,61.87,45.8,28.73,1,1,0.6497
1086,37,153.6,93.87,52.2,43.66,1,1,0.4398
1086,38,605.87,87.47,355.13,159.93,1,1,0.8652
1086,39,538.67,187.73,142.86,74.6,1,1,0.4506
1086,40,750.93,231.47,197.27,88.46,1,1,0.9721
1087,25,77.01,113.07,182.76,207.5,1,1,1.0
1087,33,388.27,207.15,144.14,102.33,1,1,1.0
1087,34,51.41,60.59,79.94,92.73,1,1,0.705
1087,35,274.35,77.23,51.56,38.76,1,1,0.5134
1087,36,290.35,61.23,45.37,28.52,1,1,0.6559
1087,37,155.31,95.36,51.98,43.03,1,1,0.4116
1087,38,601.6,86.19,343.61,160.14,1,1,0.8502
1087,39,529.49,183.89,139.46,71.83,1,1,0.498
1087,40,734.72,225.28,191.72,86.76,1,1,0.9711
1088,25,77.23,113.07,182.12,208.14,1,1,1.0
1088,33,396.8,212.69,147.56,106.6,1,1,1.0
1088,34,51.63,60.37,78.86,93.8,1,1,0.7041
1088,35,272.43,76.59,50.92,37.05,1,1,0.5914
1088,36,288.43,60.59,44.94,28.31,1,1,0.6622
1088,37,157.01,96.85,51.78,42.39,1,1,0.3826
1088,38,597.33,84.91,340.63,160.36,1,1,0.8403
1088,39,520.32,180.05,136.04,69.06,1,1,0.5082
1088,40,718.51,219.09,186.17,85.06,1,1,0.971
1089,25,77.44,113.07,181.48,208.78,1,1,1.0
1089,33,405.33,218.24,150.98,110.87,1,1,1.0
1089,34,51.84,60.16,77.8,94.87,1,1,0.7032
1089,35,270.51,75.95,50.28,35.34,1,1,0.6318
1089,36,286.51,59.95,44.52,28.09,1,1,0.6685
1089,37,158.72,98.35,51.56,41.74,1,1,0.3527
1089,38,593.07,83.63,337.64,160.57,1,1,0.8338
1089,39,511.15,176.21,132.62,66.28,1,1,0.5311
1089,40,702.29,212.91,180.63,83.34,1,1,0.975
1090,25,77.65,113.07,180.84,209.42,1,1,1.0
1090,33,413.87,223.79,154.38,115.13,1,1,1.0
1090,34,52.05,59.95,76.74,95.93,1,1,0.7026
1090,35,268.59,75.31,49.64,33.64,1,1,0.6305
1090,36,284.59,59.31,44.09,27.88,1,1,0.6749
1090,37,160.43,99.84,51.34,41.11,1,1,0.3218
1090,38,588.8,82.35,334.65,160.78,1,1,0.8315
1090,39,501.97,172.37,129.22,63.51,1,1,0.5384
1090,40,686.08,206.72,175.08,81.64,1,1,0.975
1091,25,77.87,113.07,180.2,210.06,1,1,1.0
1091,33,422.4,229.33,157.8,119.4,1,1,1.0
1091,34,52.27,59.73,75.66,97.0,1,1,0.7022
1091,35,266.67,74.67,49.0,31.93,1,1,0.6797
1091,36,282.67,58.67,43.66,27.67,1,1,0.6813
1091,37,162.13,101.33,51.14,40.47,1,1,0.2901
1091,38,584.53,81.07,331.67,161.0,1,1,0.8294
1091,39,492.8,168.53,125.8,60.74,1,1,0.5981
1091,40,669.87,200.53,169.53,79.94,1,1,0.9791
1092,25,78.51,113.07,179.98,210.06,1,1,1.0
1092,33,431.15,235.95,166.54,123.24,1,1,1.0
1092,34,51.84,60.37,76.73,97.0,1,1,0.702
1092,35,264.32,73.81,48.79,32.15,1,1,0.6735
1092,36,280.75,57.81,43.24,27.24,1,1,0.6912
1092,37,164.05,102.61,51.35,41.32,1,1,0.2531
1092,38,581.55,81.28,326.76,157.37,1,1,0.8625
1092,39,485.97,165.33,121.96,60.52,1,1,0.5539
1092,40,657.49,195.41,163.56,78.23,1,1,0.9866
1093,25,79.15,113.07,179.77,210.06,1,1,1.0
1093,33,439.89,242.56,175.3,127.08,1,1,1.0
1093,34,51.41,61.01,77.8,97.0,1,1,0.7019
1093,35,261.97,72.96,48.58,32.36,1,1,0.6851
1093,36,278.83,56.96,42.81,26.81,1,1,0.7012
1093,37,165.97,103.89,51.56,42.18,1,1,0.2176
1093,38,578.56,81.49,321.85,153.75,1,1,0.8568
1093,39,479.15,162.13,118.12,60.31,1,1,0.5652
1093,40,645.12,190.29,157.59,76.52,1,1,0.9861
1094,25,79.79,113.07,179.56,210.06,1,1,1.0
1094,33,448.64,249.17,184.04,130.92,1,1,1.0
1094,34,50.99,61.65,78.86,97.0,1,1,0.7017
1094,35,259.63,72.11,48.36,32.57,1,1,0.6738
1094,36,276.91,56.11,42.38,26.39,1,1,0.7113
1094,37,167.89,105.17,51.78,43.03,1,1,0.1836
1094,38,575.57,81.71,316.95,150.12,1,1,0.8513
1094,39,472.32,158.93,114.28,60.1,1,1,0.5546
1094,40,632.75,185.17,151.61,74.82,1,1,0.9871
1095,25,80.43,113.07,179.34,210.06,1,1,1.0
1095,33,457.39,255.79,192.78,134.76,1,1,1.0
1095,34,50.56,62.29,79.93,97.0,1,1,0.7015
1095,35,257.28,71.25,48.15,32.79,1,1,0.6241
1095,36,274.99,55.25,41.96,25.96,1,1,0.7217
1095,37,169.81,106.45,51.99,43.88,1,1,0.1509
1095,38,572.59,81.92,312.04,146.49,1,1,0.8459
1095,39,465.49,155.73,110.44,59.88,1,1,0.5819
1095,40,620.37,180.05,145.64,73.11,1,1,0.9941
1096,25,81.07,113.07,179.13,210.06,1,1,1.0
1096,33,466.13,262.4,201.54,138.6,1,1,1.0
1096,34,50.13,62.93,81.0,97.0,1,1,0.7014
1096,35,254.93,70.4,47.94,33.0,1,1,0.6681
1096,36,273.07,54.4,41.53,25.53,1,1,0.7321
1096,37,171.73,107.73,52.2,44.74,1,1,0.1194
1096,38,569.6,82.13,307.13,142.87,1,1,0.8406
1096,39,458.67,152.53,106.6,59.67,1,1,0.5315
1096,40,608.0,174.93,139.67,71.4,1,1,0.9952
1097,25,81.07,113.07,178.28,209.0,1,1,1.0
1097,33,478.51,269.87,211.56,144.78,1,1,1.0
1097,34,50.35,63.36,81.42,96.36,1,1,0.6985
1097,35,253.44,69.76,47.29,32.79,1,1,0.6051
1097,36,270.29,53.76,41.96,25.32,1,1,0.733
1097,37,172.59,109.01,53.9,45.8,1,1,0.0886
1097,38,566.4,80.64,304.79,143.08,1,1,0.8383
1097,39,451.84,149.97,104.47,58.39,1,1,0.5437
1097,40,596.48,171.95,136.25,68.84,1,1,0.9956
1098,25,81.07,113.07,177.42,207.93,1,1,1.0
1098,33,490.88,277.33,221.59,150.98,1,1,1.0
1098,34,50.56,63.79,81.85,95.72,1,1,0.6957
1098,35,251.95,69.12,46.65,32.57,1,1,0.6545
1098,36,267.52,53.12,42.39,25.11,1,1,0.7341
1098,37,173.44,110.29,55.61,46.87,1,1,0.0593
1098,38,563.2,79.15,302.44,143.29,1,1,0.8361
1098,39,445.01,147.41,102.34,57.11,1,1,0.5716
1098,40,584.96,168.96,132.84,66.28,1,1,0.9983
1099,25,81.07,113.07,176.57,206.86,1,1,1.0
1099,33,503.25,284.8,231.62,157.16,1,1,1.0
1099,34,50.77,64.21,82.28,95.08,1,1,0.6929
1099,35,250.45,68.48,46.02,32.36,1,1,0.5867
1099,36,264.75,52.48,42.81,24.89,1,1,0.7353
1099,37,174.29,111.57,57.32,47.94,1,1,0.0313
1099,38,560.0,77.65,300.09,143.51,1,1,0.8341
1099,39,438.19,144.85,100.2,55.83,1,1,0.5513
1099,40,573.44,165.97,129.43,63.72,1,1,0.9996
1100,25,81.07,113.07,175.72,205.8,1,1,1.0
1100,33,515.63,292.27,241.64,163.34,1,1,1.0
1100,34,50.99,64.64,82.7,94.44,1,1,0.69
1100,35,248.96,67.84,45.37,32.15,1,1,0.5944
1100,36,261.97,51.84,43.24,24.68,1,1,0.7368
1100,37,175.15,112.85,59.02,49.0,1,1,0.0045
1100,38,556.8,76.16,297.75,143.72,1,1,0.8325
1100,39,431.36,142.29,98.07,54.55,1,1,0.5519
1100,40,561.92,162.99,126.01,61.16,1,1,0.998
1101,25,81.07,113.07,174.86,204.73,1,1,1.0
1101,33,528.0,299.73,251.67,169.54,1,1,1.0
1101,34,51.2,65.07,83.13,93.8,1,1,0.6872
1101,35,247.47,67.2,44.73,31.93,1,1,0.6324
1101,36,259.2,51.2,43.67,24.47,1,1,0.7385
1101,37,176.0,114.13,60.73,50.07,1,1,0.0
1101,38,553.6,74.67,295.4,143.93,1,1,0.8354
1101,39,424.53,139.73,95.94,53.27,1,1,0.5726
1101,40,550.4,160.0,122.6,58.6,1,1,0.9983
1102,25,80.43,113.28,176.36,203.67,1,1,1.0
1102,33,544.85,310.83,266.82,173.16,1,1,1.0
1102,34,51.41,65.07,83.14,94.44,1,1,0.6813
1102,35,245.55,66.77,43.88,31.51,1,1,0.6178
1102,36,258.35,50.99,43.02,24.04,1,1,0.7519
1102,37,178.77,116.48,60.74,49.64,1,1,0.0
1102,38,551.25,74.24,292.63,142.44,1,1,0.8473
1102,39,418.99,137.17,94.22,53.06,1,1,0.5707
1102,40,542.51,156.16,118.54,57.96,1,1,1.0
1103,25,79.79,113.49,177.85,202.6,1,1,1.0
1103,33,561.71,321.92,281.96,176.79,1,1,1.0
1103,34,51.63,65.07,83.13,95.08,1,1,0.6755
1103,35,243.63,66.35,43.02,31.08,1,1,0.6073
1103,36,257.49,50.77,42.39,23.61,1,1,0.7658
1103,37,181.55,118.83,60.73,49.21,1,1,0.0
1103,38,548.91,73.81,289.85,140.95,1,1,0.8594
1103,39,413.44,134.61,92.52,52.84,1,1,0.5625
1103,40,534.61,152.32,114.5,57.32,1,1,1.0
1104,25,79.15,113.71,179.34,201.53,1,1,1.0
1104,33,578.56,333.01,297.11,180.42,1,1,1.0
1104,34,51.84,65.07,83.13,95.72,1,1,0.6697
1104,35,241.71,65.92,42.17,30.65,1,1,0.5256
1104,36,256.64,50.56,41.75,23.19,1,1,0.7798
1104,37,184.32,121.17,60.73,48.79,1,1,0.0
1104,38,546.56,73.39,287.08,139.45,1,1,0.8717
1104,39,407.89,132.05,90.82,52.63,1,1,0.5443
1104,40,526.72,148.48,110.44,56.68,1,1,1.0
1105,25,78.51,113.92,180.84,200.47,1,1,1.0
1105,33,595.41,344.11,312.26,184.04,1,1,1.0
1105,34,52.05,65.07,83.14,96.36,1,1,0.6638
1105,35,239.79,65.49,41.32,30.23,1,1,0.5797
1105,36,255.79,50.35,41.1,22.76,1,1,0.7939
1105,37,187.09,123.52,60.74,48.36,1,1,0.0
1105,38,544.21,72.96,284.31,137.96,1,1,0.8843
1105,39,402.35,129.49,89.1,52.42,1,1,0.5348
1105,40,518.83,144.64,106.38,56.04,1,1,1.0
1106,25,77.87,114.13,182.33,199.4,1,1,1.0
1106,33,612.27,355.2,327.4,185.8,1,1,1.0
1106,34,52.27,65.07,83.13,97.0,1,1,0.658
1106,35,237.87,65.07,40.46,29.8,1,1,0.4824
1106,36,254.93,50.13,40.47,22.33,1,1,0.8084
1106,37,189.87,125.87,60.73,47.93,1,1,0.0
1106,38,541.87,72.53,281.53,136.47,1,1,0.897
1106,39,396.8,126.93,87.4,52.2,1,1,0.5741
1106,40,510.93,140.8,102.34,55.4,1,1,1.0
1107,25,78.72,113.92,181.69,200.68,1,1,1.0
1107,33,632.75,366.72,310.54,174.28,1,1,1.0
1107,34,52.48,65.28,82.71,97.0,1,1,0.6596
1107,35,236.16,64.43,40.68,29.37,1,1,0.4864
1107,36,253.44,49.71,40.04,21.91,1,1,0.8083
1107,37,192.0,127.36,62.01,49.64,1,1,0.0
1107,38,539.52,71.47,278.33,136.04,1,1,0.9076
1107,39,392.11,124.59,85.69,51.13,1,1,0.5705
1107,40,503.04,138.24,100.63,54.55,1,1,1.0
1108,25,79.57,113.71,181.06,201.96,1,1,1.0
1108,33,653.23,378.24,293.69,162.76,1,1,1.0
1108,34,52.69,65.49,82.28,97.0,1,1,0.6614
1108,35,234.45,63.79,40.9,28.95,1,1,0.5452
1108,36,251.95,49.28,39.61,21.48,1,1,0.8082
1108,37,194.13,128.85,63.3,51.35,1,1,0.0
1108,38,537.17,70.4,275.14,135.61,1,1,0.9181
1108,39,387.41,122.24,83.99,50.07,1,1,0.5759
1108,40,495.15,135.68,98.92,53.69,1,1,1.0
1109,25,80.43,113.49,180.41,203.24,1,1,1.0
1109,33,673.71,389.76,287.29,151.24,1,1,1.0
1109,34,52.91,65.71,81.85,97.0,1,1,0.6632
1109,35,232.75,63.15,41.1,28.52,1,1,0.5873
1109,36,250.45,48.85,39.19,21.05,1,1,0.8083
1109,37,196.27,130.35,64.57,53.05,1,1,0.0
1109,38,534.83,69.33,271.93,135.19,1,1,0.9286
1109,39,382.72,119.89,82.28,49.0,1,1,0.598
1109,40,487.25,133.12,97.22,52.84,1,1,1.0
1110,25,81.28,113.28,179.77,204.52,1,1,1.0
1110,33,694.19,401.28,266.81,139.72,1,1,1.0
1110,34,53.12,65.92,81.43,97.0,1,1,0.6652
1110,35,231.04,62.51,41.32,28.09,1,1,0.5849
1110,36,248.96,48.43,38.76,20.63,1,1,0.8084
1110,37,198.4,131.84,65.85,54.76,1,1,0.0486
1110,38,532.48,68.27,268.73,134.76,1,1,0.9391
1110,39,378.03,117.55,80.57,47.93,1,1,0.6441
1110,40,479.36,130.56,95.51,51.99,1,1,1.0
1111,25,82.13,113.07,179.14,205.8,1,1,1.0
1111,33,714.67,412.8,246.33,128.2,1,1,1.0
1111,34,53.33,66.13,81.0,97.0,1,1,0.6674
1111,35,229.33,61.87,41.54,27.67,1,1,0.6493
1111,36,247.47,48.0,38.33,20.2,1,1,0.8086
1111,37,200.53,133.33,67.14,56.47,1,1,0.0953
1111,38,530.13,67.2,265.54,134.33,1,1,0.9496
1111,39,373.33,115.2,78.87,46.87,1,1,0.6419
1111,40,471.47,128.0,93.8,51.13,1,1,1.0
1112,25,82.13,113.71,179.56,205.16,1,1,1.0
1112,34,53.55,66.77,81.21,97.43,1,1,0.6642
1112,35,227.84,61.65,41.11,27.45,1,1,0.5614
1112,36,246.61,47.79,37.91,20.2,1,1,0.8152
1112,37,202.45,135.89,69.27,56.9,1,1,0.1448
1112,38,527.79,68.05,263.61,132.84,1,1,0.9594
1112,39,369.07,114.13,77.37,46.87,1,1,0.6208
1112,40,465.07,125.87,91.02,50.28,1,1,1.0
1113,25,82.13,114.35,179.99,204.52,1,1,1.0
1113,34,53.76,67.41,81.43,97.86,1,1,0.661
1113,35,226.35,61.44,40.68,27.24,1,1,0.541
1113,36,245.76,47.57,37.48,20.2,1,1,0.8221
1113,37,204.37,138.45,71.4,57.32,1,1,0.1912
1113,38,525.44,68.91,261.69,131.34,1,1,0.9691
1113,39,364.8,113.07,75.88,46.86,1,1,0.6029
1113,40,458.67,123.73,88.25,49.43,1,1,1.0
1114,25,82.13,114.99,180.42,203.88,1,1,1.0
1114,34,53.97,68.05,81.64,98.28,1,1,0.6578
1114,35,224.85,61.23,40.26,27.03,1,1,0.5415
1114,36,244.91,47.36,37.05,20.2,1,1,0.8291
1114,37,206.29,141.01,73.54,57.75,1,1,0.235
1114,38,523.09,69.76,259.78,129.85,1,1,0.9789
1114,39,360.53,112.0,74.39,46.87,1,1,0.5494
1114,40,452.27,121.6,85.48,48.57,1,1,1.0
1115,25,82.13,115.63,180.84,203.24,1,1,1.0
1115,34,54.19,68.69,81.85,98.71,1,1,0.6546
1115,35,223.36,61.01,39.83,26.81,1,1,0.4517
1115,36,244.05,47.15,36.63,20.2,1,1,0.8362
1115,37,208.21,143.57,75.67,58.18,1,1,0.2763
1115,38,520.75,70.61,257.85,128.36,1,1,0.9887
1115,39,356.27,110.93,72.89,46.87,1,1,0.4895
1115,40,445.87,119.47,82.7,47.72,1,1,1.0
1116,25,82.13,116.27,181.27,202.6,1,1,1.0
1116,34,54.4,69.33,82.07,99.14,1,1,0.6514
1116,35,221.87,60.8,39.4,26.6,1,1,0.4991
1116,36,243.2,46.93,36.2,20.2,1,1,0.8435
1116,37,210.13,146.13,77.8,58.6,1,1,0.3153
1116,38,518.4,71.47,255.93,126.86,1,1,1.0
1116,39,352.0,109.87,71.4,46.86,1,1,0.4967
1116,40,439.47,117.33,79.93,46.87,1,1,1.0
1117,25,82.56,115.63,180.63,203.66,1,1,1.0
1117,34,54.83,69.12,82.28,99.99,1,1,0.6454
1117,35,219.95,59.73,39.61,27.03,1,1,0.4207
1117,36,240.85,46.29,36.42,20.41,1,1,0.8245
1117,37,213.33,149.33,78.23,59.03,1,1,0.3626
1117,38,516.27,70.4,254.22,126.44,1,1,1.0
1117,39,348.16,108.37,70.12,45.38,1,1,0.5377
1117,40,433.71,114.77,78.65,46.23,1,1,1.0
1118,25,82.99,114.99,179.98,204.73,1,1,1.0
1118,34,55.25,68.91,82.5,100.84,1,1,0.6395
1118,35,218.03,58.67,39.82,27.45,1,1,0.4253
1118,36,238.51,45.65,36.62,20.63,1,1,0.8051
1118,37,216.53,152.53,78.66,59.46,1,1,0.4096
1118,38,514.13,69.33,252.52,126.02,1,1,1.0
1118,39,344.32,106.88,68.84,43.88,1,1,0.5354
1118,40,427.95,112.21,77.37,45.59,1,1,1.0
1119,25,83.41,114.35,179.35,205.8,1,1,1.0
1119,34,55.68,68.69,82.71,101.7,1,1,0.6337
1119,35,216.11,57.6,40.04,27.88,1,1,0.5043
1119,36,236.16,45.01,36.84,20.84,1,1,0.7851
1119,37,219.73,155.73,79.08,59.88,1,1,0.4559
1119,38,512.0,68.27,250.81,125.58,1,1,1.0
1119,39,340.48,105.39,67.56,42.38,1,1,0.5308
1119,40,422.19,109.65,76.09,44.95,1,1,1.0
1120,25,83.84,113.71,178.71,206.86,1,1,1.0
1120,34,56.11,68.48,82.92,102.55,1,1,0.628
1120,35,214.19,56.53,40.25,28.31,1,1,0.4264
1120,36,233.81,44.37,37.06,21.05,1,1,0.7648
1120,37,222.93,158.93,79.51,60.31,1,1,0.5017
1120,38,509.87,67.2,249.1,125.16,1,1,1.0
1120,39,336.64,103.89,66.28,40.9,1,1,0.5598
1120,40,416.43,107.09,74.81,44.31,1,1,1.0
1121,25,84.27,113.07,178.06,207.93,1,1,1.0
1121,34,56.53,68.27,83.14,103.4,1,1,0.6223
1121,35,212.27,55.47,40.46,28.73,1,1,0.4362
1121,36,231.47,43.73,37.26,21.27,1,1,0.7442
1121,37,226.13,162.13,79.94,60.74,1,1,0.5472
1121,38,507.73,66.13,247.4,124.74,1,1,1.0
1121,39,332.8,102.4,65.0,39.4,1,1,0.6212
1121,40,410.67,104.53,73.53,43.67,1,1,1.0
1122,25,84.69,113.28,177.64,207.93,1,1,1.0
1122,34,56.53,68.48,83.78,102.76,1,1,0.6256
1122,35,211.63,55.25,39.4,27.24,1,1,0.5274
1122,37,230.19,165.33,81.21,62.87,1,1,0.6042
1122,38,506.45,66.13,245.06,123.24,1,1,1.0
1122,39,328.75,101.12,65.21,38.97,1,1,0.5632
1122,40,405.76,103.25,71.61,42.39,1,1,1.0
1123,25,85.12,113.49,177.21,207.94,1,1,1.0
1123,34,56.53,68.69,84.42,102.12,1,1,0.6288
1123,35,210.99,55.04,38.33,25.75,1,1,0.5983
1123,37,234.24,168.53,82.49,65.0,1,1,0.6595
1123,38,505.17,66.13,242.71,121.75,1,1,1.0
1123,39,324.69,99.84,65.43,38.55,1,1,0.5534
1123,40,400.85,101.97,69.7,41.11,1,1,1.0
1124,25,85.55,113.71,176.78,207.93,1,1,1.0
1124,34,56.53,68.91,85.06,101.48,1,1,0.632
1124,35,210.35,54.83,37.26,24.25,1,1,0.5878
1124,37,238.29,171.73,83.78,67.14,1,1,0.7131
1124,38,503.89,66.13,240.36,120.26,1,1,1.0
1124,39,320.64,98.56,65.64,38.12,1,1,0.5435
1124,40,395.95,100.69,67.77,39.83,1,1,1.0
1125,25,85.97,113.92,176.36,207.93,1,1,1.0
1125,34,56.53,69.12,85.7,100.84,1,1,0.6352
1125,35,209.71,54.61,36.2,22.76,1,1,0.6929
1125,37,242.35,174.93,85.05,69.27,1,1,0.7651
1125,38,502.61,66.13,238.02,118.76,1,1,1.0
1125,39,316.59,97.28,65.85,37.69,1,1,0.591
1125,40,391.04,99.41,65.85,38.55,1,1,1.0
1126,25,86.4,114.13,175.93,207.94,1,1,1.0
1126,34,56.53,69.33,86.34,100.2,1,1,0.6384
1126,35,209.07,54.4,35.13,21.27,1,1,0.7711
1126,37,246.4,178.13,86.33,71.4,1,1,0.8155
1126,38,501.33,66.13,235.67,117.27,1,1,1.0
1126,39,312.53,96.0,66.07,37.27,1,1,0.5866
1126,40,386.13,98.13,63.94,37.27,1,1,1.0
1127,25,85.97,114.56,176.15,207.08,1,1,1.0
1127,34,56.11,69.33,86.54,100.2,1,1,0.6407
1127,35,207.36,53.55,35.13,21.48,1,1,0.7495
1127,37,249.81,181.55,89.32,73.32,1,1,0.8622
1127,38,499.2,65.71,235.03,116.41,1,1,1.0
1127,39,310.4,94.29,64.15,37.06,1,1,0.5883
1127,40,381.87,96.21,63.29,36.84,1,1,1.0
1128,25,85.55,114.99,176.36,206.22,1,1,1.0
1128,34,55.68,69.33,86.76,100.2,1,1,0.6431
1128,35,205.65,52.69,35.14,21.69,1,1,0.6866
1128,37,253.23,184.96,92.3,75.24,1,1,0.906
1128,38,497.07,65.28,234.38,115.56,1,1,1.0
1128,39,308.27,92.59,62.22,36.84,1,1,0.6458
1128,40,377.6,94.29,62.65,36.42,1,1,1.0
1129,25,85.12,115.41,176.57,205.38,1,1,1.0
1129,34,55.25,69.33,86.98,100.2,1,1,0.6453
1129,35,203.95,51.84,35.13,21.91,1,1,0.7544
1129,37,256.64,188.37,95.29,77.16,1,1,0.947
1129,38,494.93,64.85,233.75,114.71,1,1,1.0
1129,39,306.13,90.88,60.31,36.63,1,1,0.6485
1129,40,373.33,92.37,62.02,35.99,1,1,1.0
1130,25,84.69,115.84,176.79,204.52,1,1,1.0
1130,34,54.83,69.33,87.18,100.2,1,1,0.6477
1130,35,202.24,50.99,35.13,22.12,1,1,0.6778
1130,37,260.05,191.79,98.28,79.08,1,1,0.9854
1130,38,492.8,64.43,233.11,113.85,1,1,1.0
1130,39,304.0,89.17,58.39,36.42,1,1,0.6882
1130,40,369.07,90.45,61.37,35.56,1,1,1.0
1131,25,84.27,116.27,177.0,203.66,1,1,1.0
1131,34,54.4,69.33,87.4,100.2,1,1,0.6501
1131,35,200.53,50.13,35.14,22.33,1,1,0.6736
1131,37,263.47,195.2,101.26,81.0,1,1,1.0
1131,38,490.67,64.0,232.46,113.0,1,1,1.0
1131,39,301.87,87.47,56.46,36.2,1,1,0.7285
1131,40,364.8,88.53,60.73,35.14,1,1,1.0
1132,25,84.27,116.05,177.0,204.31,1,1,1.0
1132,34,55.25,69.12,86.76,99.99,1,1,0.6468
1132,37,267.09,200.11,104.9,82.92,1,1,1.0
1132,38,488.96,64.21,230.76,112.58,1,1,1.0
1132,39,298.45,87.04,56.47,35.13,1,1,0.6695
1132,40,361.17,87.47,58.82,34.7,1,1,1.0
1133,25,84.27,115.84,177.0,204.95,1,1,1.0
1133,34,56.11,68.91,86.12,99.77,1,1,0.6436
1133,37,270.72,205.01,108.52,84.84,1,1,1.0
1133,38,487.25,64.43,229.06,112.14,1,1,1.0
1133,39,295.04,86.61,56.47,34.07,1,1,0.6792
1133,40,357.55,86.4,56.89,34.28,1,1,1.0
1134,25,84.27,115.63,177.0,205.58,1,1,1.0
1134,34,56.96,68.69,85.48,99.56,1,1,0.6403
1134,37,274.35,209.92,112.14,86.76,1,1,1.0
1134,38,485.55,64.64,227.34,111.72,1,1,1.0
1134,39,291.63,86.19,56.46,33.0,1,1,0.6624
1134,40,353.92,85.33,54.97,33.86,1,1,1.0
1135,25,84.27,115.41,177.0,206.23,1,1,1.0
1135,34,57.81,68.48,84.84,99.35,1,1,0.6369
1135,37,277.97,214.83,115.78,88.68,1,1,1.0
1135,38,483.84,64.85,225.64,111.3,1,1,1.0
1135,39,288.21,85.76,56.47,31.93,1,1,0.6343
1135,40,350.29,84.27,53.06,33.42,1,1,1.0
1136,25,84.27,115.2,177.0,206.87,1,1,1.0
1136,34,58.67,68.27,84.2,99.13,1,1,0.6335
1136,37,281.6,219.73,119.4,90.6,1,1,1.0
1136,38,482.13,65.07,223.94,110.86,1,1,1.0
1136,39,284.8,85.33,56.47,30.87,1,1,0.7149
1136,40,346.67,83.2,51.13,33.0,1,1,1.0
1137,25,84.27,114.77,177.64,207.72,1,1,1.0
1137,34,57.81,68.27,85.27,100.62,1,1,0.629
1137,37,288.21,224.21,121.96,95.51,1,1,1.0
1137,38,481.28,64.43,222.23,110.01,1,1,1.0
1137,39,282.67,83.84,54.76,31.08,1,1,0.699
1137,40,343.47,81.49,50.06,33.22,1,1,1.0
1138,25,84.27,114.35,178.28,208.57,1,1,1.0
1138,34,56.96,68.27,86.33,102.12,1,1,0.6248
1138,37,294.83,228.69,124.52,100.42,1,1,1.0
1138,38,480.43,63.79,220.52,109.16,1,1,1.0
1138,39,280.53,82.35,53.06,31.29,1,1,0.7067
1138,40,340.27,79.79,49.0,33.42,1,1,1.0
1139,25,84.27,113.92,178.92,209.43,1,1,1.0
1139,34,56.11,68.27,87.4,103.61,1,1,0.6208
1139,37,301.44,233.17,127.08,105.32,1,1,1.0
1139,38,479.57,63.15,218.82,108.3,1,1,1.0
1139,39,278.4,80.85,51.35,31.51,1,1,0.6929
1139,40,337.07,78.08,47.93,33.64,1,1,1.0
1140,25,84.27,113.49,179.56,210.28,1,1,1.0
1140,34,55.25,68.27,88.47,105.1,1,1,0.6171
1140,37,308.05,237.65,129.64,110.23,1,1,1.0
1140,38,478.72,62.51,217.11,107.45,1,1,1.0
1140,39,276.27,79.36,49.64,31.72,1,1,0.6882
1140,40,333.87,76.37,46.86,33.86,1,1,1.0
1141,25,84.27,113.07,180.2,211.13,1,1,1.0
1141,34,54.4,68.27,89.53,106.6,1,1,0.6137
1141,37,314.67,242.13,132.2,115.14,1,1,1.0
1141,38,477.87,61.87,215.4,106.6,1,1,1.0
1141,39,274.13,77.87,47.94,31.93,1,1,0.6857
1141,40,330.67,74.67,45.8,34.06,1,1,1.0
1142,25,83.63,113.71,179.34,210.7,1,1,1.0
1142,34,53.97,68.69,90.6,106.39,1,1,0.612
1142,37,320.0,250.03,139.67,118.76,1,1,1.0
1142,38,476.59,61.87,214.54,105.96,1,1,1.0
1142,39,270.93,76.8,48.36,32.15,1,1,0.7019
1142,40,326.61,73.6,46.44,33.21,1,1,1.0
1143,25,82.99,114.35,178.49,210.28,1,1,1.0
1143,34,53.55,69.12,91.66,106.17,1,1,0.6104
1143,37,325.33,257.92,147.14,122.39,1,1,1.0
1143,38,475.31,61.87,213.69,105.32,1,1,1.0
1143,39,267.73,75.73,48.79,32.36,1,1,0.6876
1143,40,322.56,72.53,47.08,32.36,1,1,1.0
1144,25,82.35,114.99,177.64,209.85,1,1,1.0
1144,34,53.12,69.55,92.73,105.96,1,1,0.6089
1144,37,330.67,265.81,154.6,126.02,1,1,1.0
1144,38,474.03,61.87,212.84,104.68,1,1,1.0
1144,39,264.53,74.67,49.22,32.57,1,1,0.6775
1144,40,318.51,71.47,47.72,31.5,1,1,1.0
1145,25,81.71,115.63,176.78,209.42,1,1,1.0
1145,34,52.69,69.97,93.8,105.75,1,1,0.6075
1145,37,336.0,273.71,162.07,129.64,1,1,1.0
1145,38,472.75,61.87,211.98,104.04,1,1,1.0
1145,39,261.33,73.6,49.64,32.79,1,1,0.6274
1145,40,314.45,70.4,48.36,30.65,1,1,1.0
1146,25,81.07,116.27,175.93,209.0,1,1,1.0
1146,34,52.27,70.4,94.86,105.53,1,1,0.6063
1146,37,341.33,281.6,169.54,133.27,1,1,1.0
1146,38,471.47,61.87,211.13,103.4,1,1,1.0
1146,39,258.13,72.53,50.07,33.0,1,1,0.6206
1146,40,310.4,69.33,49.0,29.8,1,1,1.0
1147,25,81.49,116.05,176.15,207.94,1,1,1.0
1147,34,52.69,70.4,93.8,105.75,1,1,0.6062
1147,37,350.08,289.49,177.0,141.38,1,1,1.0
1147,38,469.97,61.44,209.86,102.76,1,1,1.0
1147,39,256.85,71.68,49.43,33.0,1,1,0.6217
1147,40,308.27,68.69,47.93,30.01,1,1,1.0
1148,25,81.92,115.84,176.36,206.87,1,1,1.0
1148,34,53.12,70.4,92.73,105.96,1,1,0.6062
1148,37,358.83,297.39,184.46,149.48,1,1,1.0
1148,38,468.48,61.01,208.57,102.12,1,1,1.0
1148,39,255.57,70.83,48.79,33.0,1,1,0.6166
1148,40,306.13,68.05,46.87,30.23,1,1,1.0
1149,25,82.35,115.63,176.57,205.8,1,1,1.0
1149,34,53.55,70.4,91.66,106.17,1,1,0.6064
1149,37,367.57,305.28,191.94,157.59,1,1,1.0
1149,38,466.99,60.59,207.29,101.48,1,1,1.0
1149,39,254.29,69.97,48.15,33.0,1,1,0.6541
1149,40,304.0,67.41,45.8,30.44,1,1,1.0
1150,25,82.77,115.41,176.79,204.74,1,1,1.0
1150,34,53.97,70.4,90.6,106.39,1,1,0.6065
1150,37,376.32,313.17,199.4,165.7,1,1,1.0
1150,38,465.49,60.16,206.02,100.84,1,1,1.0
1150,39,253.01,69.12,47.51,33.0,1,1,0.6668
1150,40,301.87,66.77,44.73,30.65,1,1,1.0
1151,25,83.2,115.2,177.0,203.67,1,1,1.0
1151,34,54.4,70.4,89.53,106.6,1,1,0.6068
1151,37,385.07,321.07,206.86,173.8,1,1,1.0
1151,38,464.0,59.73,204.73,100.2,1,1,1.0
1151,39,251.73,68.27,46.87,33.0,1,1,0.68
1151,40,299.73,66.13,43.67,30.87,1,1,1.0
1152,25,82.77,115.2,177.86,203.88,1,1,1.0
1152,34,54.83,70.19,89.53,104.46,1,1,0.6085
1152,37,396.59,332.16,216.46,171.88,1,1,1.0
1152,38,462.93,59.31,204.1,99.77,1,1,1.0
1152,39,250.03,67.84,46.01,32.57,1,1,0.6637
1152,40,297.17,65.28,43.03,30.44,1,1,1.0
1153,25,82.35,115.2,178.7,204.09,1,1,1.0
1153,34,55.25,69.97,89.54,102.34,1,1,0.6108
1153,37,408.11,343.25,226.06,169.96,1,1,1.0
1153,38,461.87,58.88,203.45,99.35,1,1,1.0
1153,39,248.32,67.41,45.16,32.15,1,1,0.6623
1153,40,294.61,64.43,42.39,30.01,1,1,1.0
1154,25,81.92,115.2,179.56,204.31,1,1,1.0
1154,34,55.68,69.76,89.53,100.2,1,1,0.6137
1154,37,419.63,354.35,235.66,168.04,1,1,1.0
1154,38,460.8,58.45,202.81,98.92,1,1,1.0
1154,39,246.61,66.99,44.31,31.72,1,1,0.6402
1154,40,292.05,63.57,41.75,29.59,1,1,1.0
1155,25,81.49,115.2,180.42,204.52,1,1,1.0
1155,34,56.11,69.55,89.53,98.06,1,1,0.6171
1155,37,431.15,365.44,245.26,166.12,1,1,1.0
1155,38,459.73,58.03,202.18,98.49,1,1,1.0
1155,39,244.91,66.56,43.45,31.29,1,1,0.6434
1155,40,289.49,62.72,41.11,29.16,1,1,1.0
1156,25,81.07,115.2,181.26,204.73,1,1,1.0
1156,34,56.53,69.33,89.54,95.94,1,1,0.6211
1156,37,442.67,376.53,254.86,164.47,1,1,1.0
1156,38,458.67,57.6,201.53,98.07,1,1,1.0
1156,39,243.2,66.13,42.6,30.87,1,1,0.6236
1156,40,286.93,61.87,40.47,28.73,1,1,1.0
1157,25,81.49,115.2,181.48,204.95,1,1,1.0
1157,34,57.17,69.76,88.9,96.57,1,1,0.6154
1157,37,458.67,392.32,246.76,148.68,1,1,1.0
1157,38,457.81,57.6,200.9,97.43,1,1,1.0
1157,39,241.49,65.71,42.39,30.01,1,1,0.6832
1157,40,285.01,61.44,39.62,28.09,1,1,1.0
1158,25,81.92,115.2,181.69,205.16,1,1,1.0
1158,34,57.81,70.19,88.26,97.21,1,1,0.6097
1158,37,474.67,408.11,238.65,132.89,1,1,1.0
1158,38,456.96,57.6,200.25,96.79,1,1,1.0
1158,39,239.79,65.28,42.17,29.16,1,1,0.6125
1158,40,283.09,61.01,38.76,27.45,1,1,1.0
1159,25,82.35,115.2,181.9,205.37,1,1,1.0
1159,34,58.45,70.61,87.62,97.86,1,1,0.6041
1159,37,490.67,423.89,230.54,117.11,1,1,1.0
1159,38,456.11,57.6,199.61,96.15,1,1,1.0
1159,39,238.08,64.85,41.96,28.31,1,1,0.6835
1159,40,281.17,60.59,37.91,26.81,1,1,1.0
1160,25,82.77,115.2,182.12,205.59,1,1,1.0
1160,34,59.09,71.04,86.98,98.49,1,1,0.5986
1160,37,506.67,439.68,222.44,101.32,1,1,1.0
1160,38,455.25,57.6,198.98,95.51,1,1,1.0
1160,39,236.37,64.43,41.75,27.45,1,1,0.6825
1160,40,279.25,60.16,37.06,26.17,1,1,1.0
1161,25,83.2,115.2,182.33,205.8,1,1,1.0
1161,34,59.73,71.47,86.34,99.13,1,1,0.5931
1161,37,522.67,455.47,214.33,85.53,1,1,1.0
1161,38,454.4,57.6,198.33,94.87,1,1,1.0
1161,39,234.67,64.0,41.53,26.6,1,1,0.6769
1161,40,277.33,59.73,36.2,25.53,1,1,1.0
1162,25,83.63,115.2,181.9,206.01,1,1,1.0
1162,34,58.67,71.68,87.18,98.49,1,1,0.6017
1162,38,454.19,57.81,197.9,95.51,1,1,1.0
1162,39,232.32,62.93,41.96,26.81,1,1,0.7392
1162,40,274.99,58.67,37.05,25.53,1,1,1.0
1163,25,84.05,115.2,181.48,206.23,1,1,1.0
1163,34,57.6,71.89,88.04,97.86,1,1,0.61
1163,38,453.97,58.03,197.48,96.14,1,1,1.0
1163,39,229.97,61.87,42.39,27.03,1,1,0.6736
1163,40,272.64,57.6,37.91,25.53,1,1,1.0
1164,25,84.48,115.2,181.05,206.44,1,1,1.0
1164,34,56.53,72.11,88.9,97.21,1,1,0.6183
1164,38,453.76,58.24,197.05,96.79,1,1,1.0
1164,39,227.63,60.8,42.81,27.24,1,1,0.6799
1164,40,270.29,56.53,38.76,25.53,1,1,1.0
1165,25,84.91,115.2,180.62,206.65,1,1,1.0
1165,34,55.47,72.32,89.74,96.57,1,1,0.6264
1165,38,453.55,58.45,196.62,97.43,1,1,1.0
1165,39,225.28,59.73,43.24,27.45,1,1,0.7043
1165,40,267.95,55.47,39.61,25.53,1,1,1.0
1166,25,85.33,115.2,180.2,206.87,1,1,1.0
1166,34,54.4,72.53,90.6,95.94,1,1,0.6343
1166,38,453.33,58.67,196.2,98.06,1,1,1.0
1166,39,222.93,58.67,43.67,27.67,1,1,0.6322
1166,40,265.6,54.4,40.47,25.53,1,1,1.0
1167,25,85.12,115.63,179.77,206.22,1,1,1.0
1167,34,54.61,72.75,91.24,97.64,1,1,0.6267
1167,38,452.91,58.24,195.77,98.07,1,1,1.0
1167,39,222.08,58.67,43.24,27.24,1,1,0.6113
1167,40,263.89,53.97,39.4,25.53,1,1,0.9704
1168,25,84.91,116.05,179.34,205.59,1,1,1.0
1168,34,54.83,72.96,91.88,99.35,1,1,0.6191
1168,38,452.48,57.81,195.35,98.07,1,1,1.0
1168,39,221.23,58.67,42.81,26.81,1,1,0.6716
1168,40,262.19,53.55,38.33,25.53,1,1,0.9614
1169,25,84.69,116.48,178.92,204.95,1,1,1.0
1169,34,55.04,73.17,92.52,101.06,1,1,0.6117
1169,38,452.05,57.39,194.92,98.06,1,1,1.0
1169,39,220.37,58.67,42.39,26.39,1,1,0.644
1169,40,260.48,53.12,37.27,25.53,1,1,0.9521
1170,25,84.48,116.91,178.49,204.3,1,1,1.0
1170,34,55.25,73.39,93.16,102.76,1,1,0.6044
1170,38,451.63,56.96,194.49,98.07,1,1,1.0
1170,39,219.52,58.67,41.96,25.96,1,1,0.6406
1170,40,258.77,52.69,36.2,25.53,1,1,0.9427
1171,25,84.27,117.33,178.06,203.67,1,1,1.0
1171,34,55.47,73.6,93.8,104.47,1,1,0.5971
1171,38,451.2,56.53,194.07,98.07,1,1,1.0
1171,39,218.67,58.67,41.53,25.53,1,1,0.5671
1171,40,257.07,52.27,35.13,25.53,1,1,0.9332
1171,41,884.27,105.6,76.73,186.6,1,1,1.0
1172,25,84.48,116.69,177.43,203.88,1,1,1.0
1172,34,55.89,73.17,92.95,103.83,1,1,0.5978
1172,38,450.35,56.32,194.28,98.07,1,1,1.0
1172,39,217.81,58.03,40.47,25.32,1,1,0.6321
1172,40,256.0,51.63,34.28,25.32,1,1,0.9503
1172,41,877.65,104.11,83.35,186.38,1,1,1.0
1173,25,84.69,116.05,176.79,204.1,1,1,1.0
1173,34,56.32,72.75,92.09,103.18,1,1,0.5985
1173,38,449.49,56.11,194.5,98.06,1,1,1.0
1173,39,216.96,57.39,39.4,25.11,1,1,0.6337
1173,40,254.93,50.99,33.43,25.11,1,1,0.9681
1173,41,871.04,102.61,89.96,186.18,1,1,1.0
1174,25,84.91,115.41,176.14,204.31,1,1,1.0
1174,34,56.75,72.32,91.24,102.55,1,1,0.5991
1174,38,448.64,55.89,194.71,98.07,1,1,1.0
1174,39,216.11,56.75,38.33,24.89,1,1,0.69
1174,40,253.87,50.35,32.57,24.89,1,1,1.0
1174,41,864.43,101.12,96.57,185.96,1,1,1.0
1175,25,85.12,114.77,175.51,204.52,1,1,1.0
1175,34,57.17,71.89,90.39,101.91,1,1,0.5998
1175,38,447.79,55.68,194.92,98.07,1,1,1.0
1175,39,215.25,56.11,37.27,24.68,1,1,0.6834
1175,40,252.8,49.71,31.72,24.68,1,1,1.0
1175,41,857.81,99.63,103.19,185.74,1,1,1.0
1176,25,85.33,114.13,174.87,204.74,1,1,1.0
1176,34,57.6,71.47,89.53,101.26,1,1,0.6006
1176,38,446.93,55.47,195.14,98.06,1,1,1.0
1176,39,214.4,55.47,36.2,24.47,1,1,0.6147
1176,40,251.73,49.07,30.87,24.47,1,1,1.0
1176,41,851.2,98.13,109.8,185.54,1,1,1.0
1177,25,85.12,114.77,176.15,204.95,1,1,1.0
1177,34,57.39,71.89,90.17,101.06,1,1,0.6013
1177,38,447.15,56.11,194.49,97.0,1,1,1.0
1177,39,213.12,55.04,36.2,24.89,1,1,0.616
1177,40,249.17,48.85,31.3,24.04,1,1,1.0
1177,41,845.65,97.71,115.35,185.32,1,1,1.0
1178,25,84.91,115.41,177.42,205.16,1,1,1.0
1178,34,57.17,72.32,90.82,100.84,1,1,0.6022
1178,38,447.36,56.75,193.85,95.93,1,1,1.0
1178,39,211.84,54.61,36.2,25.32,1,1,0.5964
1178,40,246.61,48.64,31.72,23.61,1,1,0.9663
1178,41,840.11,97.28,120.89,185.11,1,1,1.0
1179,25,84.69,116.05,178.71,205.38,1,1,1.0
1179,34,56.96,72.75,91.45,100.62,1,1,0.6031
1179,38,447.57,57.39,193.22,94.86,1,1,1.0
1179,39,210.56,54.19,36.2,25.75,1,1,0.515
1179,40,244.05,48.43,32.15,23.19,1,1,0.9366
1179,41,834.56,96.85,126.44,184.9,1,1,1.0
1180,25,84.48,116.69,179.99,205.59,1,1,1.0
1180,34,56.75,73.17,92.09,100.42,1,1,0.604
1180,38,447.79,58.03,192.57,93.8,1,1,1.0
1180,39,209.28,53.76,36.2,26.17,1,1,0.5147
1180,40,241.49,48.21,32.58,22.76,1,1,0.9074
1180,41,829.01,96.43,131.99,184.68,1,1,1.0
1181,25,84.27,117.33,181.26,205.8,1,1,1.0
1181,34,56.53,73.6,92.74,100.2,1,1,0.605
1181,38,448.0,58.67,191.93,92.73,1,1,1.0
1181,39,208.0,53.33,36.2,26.6,1,1,0.4936
1181,40,238.93,48.0,33.0,22.33,1,1,0.8784
1181,41,823.47,96.0,137.53,184.47,1,1,1.0
1181,42,860.8,282.67,100.2,77.8,1,1,0.9925
1182,25,84.05,117.12,181.06,204.73,1,1,1.0
1182,34,56.96,73.39,91.67,100.2,1,1,0.603
1182,38,447.57,58.24,192.36,93.59,1,1,1.0
1182,39,206.51,52.48,35.98,26.39,1,1,0.5225
1182,40,237.23,47.79,32.78,21.91,1,1,0.8739
1182,41,818.13,95.15,142.87,183.61,1,1,0.9839
1182,42,842.03,275.2,118.97,83.56,1,1,0.9654
1183,25,83.84,116.91,180.84,203.66,1,1,1.0
1183,34,57.39,73.17,90.6,100.2,1,1,0.601
1183,38,447.15,57.81,192.78,94.44,1,1,1.0
1183,39,205.01,51.63,35.78,26.17,1,1,0.5432
1183,40,235.52,47.57,32.57,21.48,1,1,0.8687
1183,41,812.8,94.29,148.2,182.76,1,1,0.9526
1183,42,823.25,267.73,137.75,89.32,1,1,0.9367
1184,25,83.63,116.69,180.62,202.6,1,1,1.0
1184,34,57.81,72.96,89.54,100.2,1,1,0.5989
1184,38,446.72,57.39,193.21,95.29,1,1,1.0
1184,39,203.52,50.77,35.56,25.96,1,1,0.6
1184,40,233.81,47.36,32.36,21.05,1,1,0.8635
1184,41,807.47,93.44,153.53,181.91,1,1,0.9171
1184,42,804.48,260.27,156.52,95.08,1,1,0.9051
1185,25,83.41,116.48,180.42,201.53,1,1,1.0
1185,34,58.24,72.75,88.47,100.2,1,1,0.5968
1185,38,446.29,56.96,193.64,96.15,1,1,1.0
1185,39,202.03,49.92,35.34,25.75,1,1,0.674
1185,40,232.11,47.15,32.14,20.63,1,1,0.8583
1185,41,802.13,92.59,158.87,181.05,1,1,0.8849
1185,42,785.71,252.8,175.29,100.84,1,1,0.8755
1186,25,83.2,116.27,180.2,200.46,1,1,1.0
1186,34,58.67,72.53,87.4,100.2,1,1,0.5947
1186,38,445.87,56.53,194.06,97.0,1,1,1.0
1186,39,200.53,49.07,35.14,25.53,1,1,0.6002
1186,40,230.4,46.93,31.93,20.2,1,1,0.8524
1186,41,796.8,91.73,164.2,180.2,1,1,0.8524
1186,42,766.93,245.33,194.07,106.6,1,1,0.8368
1187,25,81.92,115.84,181.69,201.11,1,1,1.0
1187,34,57.81,72.96,88.9,100.41,1,1,0.5824
1187,38,445.44,56.32,193.85,97.0,1,1,1.0
1187,41,793.81,91.52,167.19,183.61,1,1,0.8063
1187,42,752.64,239.57,208.36,103.62,1,1,0.8623
1188,25,80.64,115.41,183.19,201.75,1,1,1.0
1188,34,56.96,73.39,90.39,100.62,1,1,0.5702
1188,38,445.01,56.11,193.64,97.0,1,1,1.0
1188,41,790.83,91.31,170.17,187.02,1,1,0.8028
1188,42,738.35,233.81,193.42,100.63,1,1,0.8644
1189,25,79.36,114.99,184.68,202.38,1,1,1.0
1189,34,56.11,73.81,91.88,100.84,1,1,0.5581
1189,38,444.59,55.89,193.42,97.0,1,1,1.0
1189,41,787.84,91.09,173.16,190.44,1,1,0.7946
1189,42,724.05,228.05,190.44,97.64,1,1,0.885
1190,25,78.08,114.56,186.17,203.03,1,1,1.0
1190,34,55.25,74.24,93.38,101.05,1,1,0.5459
1190,38,444.16,55.68,193.21,97.0,1,1,1.0
1190,41,784.85,90.88,176.15,193.85,1,1,0.7945
1190,42,709.76,222.29,187.45,94.66,1,1,0.894
1191,25,76.8,114.13,187.67,203.67,1,1,1.0
1191,34,54.4,74.67,94.87,101.26,1,1,0.5338
1191,38,443.73,55.47,193.0,97.0,1,1,1.0
1191,41,781.87,90.67,179.13,197.26,1,1,0.8019
1191,42,695.47,216.53,184.46,91.67,1,1,0.9055
1192,25,77.87,114.56,186.17,204.09,1,1,1.0
1192,34,53.97,73.6,96.15,102.97,1,1,0.5474
1192,38,442.88,55.47,194.28,97.21,1,1,1.0
1192,41,776.11,89.17,184.89,198.98,1,1,0.8205
1192,42,683.31,212.05,179.56,88.68,1,1,0.9146
1193,25,78.93,114.99,184.68,204.52,1,1,1.0
1193,34,53.55,72.53,97.42,104.68,1,1,0.5605
1193,38,442.03,55.47,195.56,97.42,1,1,1.0
1193,41,770.35,87.68,190.65,200.68,1,1,0.8407
1193,42,671.15,207.57,174.65,85.7,1,1,0.9313
1194,25,80.0,115.41,183.19,204.95,1,1,1.0
1194,34,53.12,71.47,98.71,106.38,1,1,0.5729
1194,38,441.17,55.47,196.84,97.64,1,1,1.0
1194,41,764.59,86.19,196.41,202.38,1,1,0.8665
1194,42,658.99,203.09,169.74,82.71,1,1,0.9337
1195,25,81.07,115.84,181.69,205.37,1,1,1.0
1195,34,52.69,70.4,99.99,108.09,1,1,0.5849
1195,38,440.32,55.47,198.12,97.85,1,1,1.0
1195,41,758.83,84.69,202.17,204.1,1,1,0.8979
1195,42,646.83,198.61,164.84,79.72,1,1,0.9428
1196,25,82.13,116.27,180.2,205.8,1,1,1.0
1196,34,52.27,69.33,101.26,109.8,1,1,0.5963
1196,38,439.47,55.47,199.4,98.06,1,1,1.0
1196,41,753.07,83.2,207.93,205.8,1,1,0.9255
1196,42,634.67,194.13,159.93,76.74,1,1,0.9501
1197,25,82.56,116.48,179.99,205.59,1,1,1.0
1197,34,53.55,70.4,99.77,108.31,1,1,0.5925
1197,38,440.11,55.89,197.9,95.51,1,1,1.0
1197,41,749.01,82.56,211.99,206.01,1,1,0.9468
1197,42,624.64,190.29,155.45,74.82,1,1,0.9557
1198,25,82.99,116.69,179.77,205.38,1,1,1.0
1198,34,54.83,71.47,98.28,106.81,1,1,0.5886
1198,38,440.75,56.32,196.41,92.95,1,1,1.0
1198,41,744.96,81.92,216.04,206.23,1,1,0.9662
1198,42,614.61,186.45,150.98,72.9,1,1,0.9641
1199,25,83.41,116.91,179.56,205.16,1,1,1.0
1199,34,56.11,72.53,96.78,105.32,1,1,0.5846
1199,38,441.39,56.75,194.92,90.38,1,1,1.0
1199,41,740.91,81.28,220.09,206.44,1,1,0.9841
1199,42,604.59,182.61,146.49,70.98,1,1,0.967
1200,25,83.84,117.12,179.35,204.95,1,1,1.0
1200,34,57.39,73.6,95.29,103.83,1,1,0.5804
1200,38,442.03,57.17,193.42,87.83,1,1,1.0
1200,41,736.85,80.64,224.15,206.65,1,1,1.0
1200,42,594.56,178.77,142.01,69.06,1,1,0.9657
1201,25,84.27,117.33,179.13,204.74,1,1,1.0
1201,34,58.67,74.67,93.8,102.33,1,1,0.576
1201,38,442.67,57.6,191.93,85.27,1,1,1.0
1201,41,732.8,80.0,228.2,206.87,1,1,1.0
1201,42,584.53,174.93,137.54,67.14,1,1,0.9733
1202,25,83.63,116.48,179.77,206.65,1,1,1.0
1202,34,58.24,74.24,93.37,101.69,1,1,0.5743
1202,38,442.45,57.39,192.36,87.18,1,1,1.0
1202,41,729.81,79.57,231.19,206.87,1,1,1.0
1202,42,576.64,171.31,133.48,66.49,1,1,0.9753
1203,25,82.99,115.63,180.41,208.57,1,1,1.0
1203,34,57.81,73.81,92.95,101.06,1,1,0.5726
1203,38,442.24,57.17,192.79,89.11,1,1,1.0
1203,41,726.83,79.15,234.17,206.86,1,1,1.0
1203,42,568.75,167.68,129.42,65.85,1,1,0.9807
1204,25,82.35,114.77,181.05,210.5,1,1,1.0
1204,34,57.39,73.39,92.52,100.41,1,1,0.5707
1204,38,442.03,56.96,193.21,91.03,1,1,1.0
1204,41,723.84,78.72,237.16,206.87,1,1,1.0
1204,42,560.85,164.05,125.38,65.22,1,1,0.9872
1205,25,81.71,113.92,181.69,212.41,1,1,1.0
1205,34,56.96,72.96,92.09,99.77,1,1,0.5689
1205,38,441.81,56.75,193.64,92.94,1,1,1.0
1205,41,720.85,78.29,240.15,206.87,1,1,1.0
1205,42,552.96,160.43,121.32,64.57,1,1,0.9866
1206,25,81.07,113.07,182.33,214.33,1,1,1.0
1206,34,56.53,72.53,91.67,99.14,1,1,0.5671
1206,38,441.6,56.53,194.07,94.87,1,1,1.0
1206,41,717.87,77.87,243.13,206.86,1,1,1.0
1206,42,545.07,156.8,117.26,63.93,1,1,0.9918
1207,25,82.13,114.13,182.12,215.19,1,1,1.0
1207,34,56.32,71.89,92.09,98.92,1,1,0.5876
1207,38,441.17,56.75,194.92,95.08,1,1,1.0
1207,41,714.45,77.01,246.55,207.3,1,1,1.0
1207,42,536.32,154.67,115.77,62.44,1,1,0.9858
1208,25,83.2,115.2,181.91,216.04,1,1,1.0
1208,34,56.11,71.25,92.52,98.71,1,1,0.6077
1208,38,440.75,56.96,195.77,95.29,1,1,1.0
1208,41,711.04,76.16,249.96,207.72,1,1,1.0
1208,42,527.57,152.53,114.28,60.95,1,1,0.9921
1209,25,84.27,116.27,181.69,216.89,1,1,1.0
1209,34,55.89,70.61,92.95,98.5,1,1,0.6273
1209,38,440.32,57.17,196.63,95.51,1,1,0.9863
1209,41,707.63,75.31,253.37,208.14,1,1,1.0
1209,42,518.83,150.4,112.78,59.45,1,1,0.9869
1210,25,85.33,117.33,181.48,217.75,1,1,1.0
1210,34,55.68,69.97,93.37,98.28,1,1,0.6464
1210,38,439.89,57.39,197.48,95.72,1,1,0.9715
1210,41,704.21,74.45,256.79,208.58,1,1,1.0
1210,42,510.08,148.27,111.29,57.96,1,1,0.9856
1211,25,86.4,118.4,181.27,218.6,1,1,1.0
1211,34,55.47,69.33,93.8,98.07,1,1,0.6651
1211,38,439.47,57.6,198.33,95.93,1,1,0.9573
1211,41,700.8,73.6,260.2,209.0,1,1,1.0
1211,42,501.33,146.13,109.8,56.47,1,1,0.984
1212,25,86.4,117.55,182.12,217.53,1,1,1.0
1212,34,55.68,69.55,93.59,100.2,1,1,0.6501
1212,38,440.11,57.17,198.12,95.72,1,1,0.9474
1212,41,698.45,73.39,262.55,210.49,1,1,1.0
1212,42,495.57,143.57,107.03,55.4,1,1,0.9908
1213,25,86.4,116.69,182.97,216.47,1,1,1.0
1213,34,55.89,69.76,93.38,102.33,1,1,0.6355
1213,38,440.75,56.75,197.9,95.5,1,1,0.938
1213,41,696.11,73.17,264.89,211.99,1,1,1.0
1213,42,489.81,141.01,104.26,54.34,1,1,0.9952
1214,25,86.4,115.84,183.83,215.4,1,1,1.0
1214,34,56.11,69.97,93.16,104.47,1,1,0.6215
1214,38,441.39,56.32,197.69,95.29,1,1,0.9291
1214,41,693.76,72.96,267.24,213.48,1,1,1.0
1214,42,484.05,138.45,101.48,53.27,1,1,0.9973
1215,25,86.4,114.99,184.68,214.33,1,1,1.0
1215,34,56.32,70.19,92.95,106.6,1,1,0.6079
1215,38,442.03,55.89,197.48,95.08,1,1,0.9207
1215,41,691.41,72.75,269.59,214.97,1,1,1.0
1215,42,478.29,135.89,98.71,52.2,1,1,0.9973
1216,25,86.4,114.13,185.53,213.27,1,1,1.0
1216,34,56.53,70.4,92.74,108.73,1,1,0.5947
1216,38,442.67,55.47,197.26,94.86,1,1,0.9128
1216,41,689.07,72.53,271.93,216.47,1,1,1.0
1216,42,472.53,133.33,95.94,51.14,1,1,0.9998
1217,25,86.61,115.2,185.54,213.69,1,1,1.0
1217,34,56.11,70.4,92.73,108.09,1,1,0.6071
1217,38,443.09,55.68,196.63,95.08,1,1,0.9012
1217,41,686.93,72.53,274.07,213.27,1,1,1.0
1217,42,466.35,131.2,94.44,50.49,1,1,1.0
1218,25,86.83,116.27,185.53,214.12,1,1,1.0
1218,34,55.68,70.4,92.73,107.45,1,1,0.6194
1218,38,443.52,55.89,195.99,95.3,1,1,0.8899
1218,41,684.8,72.53,276.2,210.07,1,1,1.0
1218,42,460.16,129.07,92.95,49.85,1,1,1.0
1219,25,87.04,117.33,185.53,214.55,1,1,1.0
1219,34,55.25,70.4,92.74,106.81,1,1,0.6315
1219,38,443.95,56.11,195.34,95.5,1,1,0.879
1219,41,682.67,72.53,278.33,206.87,1,1,1.0
1219,42,453.97,126.93,91.46,49.22,1,1,0.9999
1220,25,87.25,118.4,185.54,214.97,1,1,1.0
1220,34,54.83,70.4,92.73,106.17,1,1,0.6437
1220,38,444.37,56.32,194.71,95.72,1,1,0.8685
1220,41,680.53,72.53,280.47,203.67,1,1,1.0
1220,42,447.79,124.8,89.96,48.57,1,1,1.0
1221,25,87.47,119.47,185.53,215.4,1,1,1.0
1221,34,54.4,70.4,92.73,105.53,1,1,0.6558
1221,38,444.8,56.53,194.07,95.94,1,1,0.8635
1221,41,678.4,72.53,282.6,200.47,1,1,1.0
1221,42,441.6,122.67,88.47,47.93,1,1,1.0
1222,25,87.25,119.47,186.82,216.25,1,1,1.0
1222,34,54.61,70.19,92.52,107.45,1,1,0.6496
1222,38,444.37,56.75,193.0,95.29,1,1,0.8643
1222,41,676.05,72.11,284.95,203.24,1,1,1.0
1222,42,437.33,120.32,85.7,47.29,1,1,1.0
1223,25,87.04,119.47,188.09,217.1,1,1,1.0
1223,34,54.83,69.97,92.3,109.38,1,1,0.6436
1223,38,443.95,56.96,191.93,94.65,1,1,0.8666
1223,41,673.71,71.68,287.29,206.01,1,1,1.0
1223,42,433.07,117.97,82.92,46.66,1,1,1.0
1224,25,86.83,119.47,189.37,217.96,1,1,1.0
1224,34,55.04,69.76,92.09,111.29,1,1,0.6377
1224,38,443.52,57.17,190.87,94.02,1,1,0.8703
1224,41,671.36,71.25,289.64,208.79,1,1,1.0
1224,42,428.8,115.63,80.15,46.01,1,1,1.0
1225,25,86.61,119.47,190.66,218.81,1,1,1.0
1225,34,55.25,69.55,91.88,113.21,1,1,0.6318
1225,38,443.09,57.39,189.8,93.37,1,1,0.8756
1225,41,669.01,70.83,291.99,211.56,1,1,1.0
1225,42,424.53,113.28,77.38,45.37,1,1,1.0
1226,25,86.4,119.47,191.93,219.66,1,1,1.0
1226,34,55.47,69.33,91.66,115.14,1,1,0.626
1226,38,442.67,57.6,188.73,92.73,1,1,0.8825
1226,41,666.67,70.4,294.33,214.33,1,1,1.0
1226,42,420.27,110.93,74.6,44.74,1,1,1.0
1227,25,85.97,119.89,194.07,221.8,1,1,1.0
1227,34,55.25,68.69,92.31,114.92,1,1,0.63
1227,38,442.67,56.96,189.16,93.16,1,1,0.8919
1227,41,664.11,69.55,296.89,214.76,1,1,1.0
1227,42,415.36,109.65,74.39,44.52,1,1,1.0
1228,25,85.55,120.32,196.2,223.93,1,1,1.0
1228,34,55.04,68.05,92.95,114.71,1,1,0.6343
1228,38,442.67,56.32,189.58,93.59,1,1,0.9018
1228,41,661.55,68.69,299.45,215.19,1,1,1.0
1228,42,410.45,108.37,74.18,44.31,1,1,1.0
1229,25,85.12,120.75,198.33,226.06,1,1,1.0
1229,34,54.83,67.41,93.58,114.5,1,1,0.6387
1229,38,442.67,55.68,190.01,94.01,1,1,0.9121
1229,41,658.99,67.84,302.01,215.61,1,1,1.0
1229,42,405.55,107.09,73.96,44.1,1,1,1.0
1230,25,84.69,121.17,200.47,228.2,1,1,1.0
1230,34,54.61,66.77,94.23,114.28,1,1,0.6433
1230,38,442.67,55.04,190.44,94.44,1,1,0.923
1230,41,656.43,66.99,304.57,216.04,1,1,1.0
1230,42,400.64,105.81,73.75,43.88,1,1,1.0
1231,25,84.27,121.6,202.6,230.33,1,1,1.0
1231,34,54.4,66.13,94.87,114.07,1,1,0.648
1231,38,442.67,54.4,190.86,94.87,1,1,0.9358
1231,41,653.87,66.13,307.13,216.47,1,1,1.0
1231,42,395.73,104.53,73.54,43.67,1,1,1.0
1232,25,84.91,122.45,203.02,229.91,1,1,1.0
1232,34,54.83,67.41,94.65,113.0,1,1,0.6501
1232,38,443.31,55.04,191.08,95.51,1,1,0.9519
1232,41,653.01,66.56,307.99,216.89,1,1,1.0
1232,42,391.89,103.25,72.04,42.6,1,1,1.0
1233,25,85.55,123.31,203.45,229.48,1,1,1.0
1233,34,55.25,68.69,94.44,111.94,1,1,0.6522
1233,38,443.95,55.68,191.29,96.15,1,1,0.9669
1233,41,652.16,66.99,308.84,217.32,1,1,1.0
1233,42,388.05,101.97,70.55,41.54,1,1,1.0
1234,25,86.19,124.16,203.88,229.05,1,1,1.0
1234,34,55.68,69.97,94.23,110.87,1,1,0.6543
1234,38,444.59,56.32,191.5,96.79,1,1,0.981
1234,41,651.31,67.41,309.69,217.75,1,1,1.0
1234,42,384.21,100.69,69.06,40.47,1,1,1.0
1235,25,86.83,125.01,204.3,228.63,1,1,1.0
1235,34,56.11,71.25,94.01,109.8,1,1,0.6564
1235,38,445.23,56.96,191.72,97.43,1,1,0.9943
1235,41,650.45,67.84,310.55,218.17,1,1,1.0
1235,42,380.37,99.41,67.56,39.4,1,1,1.0
1236,25,87.47,125.87,204.73,228.2,1,1,1.0
1236,34,56.53,72.53,93.8,108.74,1,1,0.6585
1236,38,445.87,57.6,191.93,98.07,1,1,1.0
1236,41,649.6,68.27,311.4,218.6,1,1,1.0
1236,42,376.53,98.13,66.07,38.34,1,1,1.0
1237,25,87.68,126.29,204.73,229.7,1,1,1.0
1237,34,57.17,72.53,94.23,110.66,1,1,0.6523
1237,38,445.44,56.96,191.51,97.21,1,1,1.0
1237,41,647.47,67.41,313.53,219.88,1,1,1.0
1237,42,372.91,96.43,65.0,38.54,1,1,1.0
1238,25,87.89,126.72,204.74,231.19,1,1,1.0
1238,34,57.81,72.53,94.66,112.58,1,1,0.6462
1238,38,445.01,56.32,191.08,96.36,1,1,1.0
1238,41,645.33,66.56,315.67,221.16,1,1,1.0
1238,42,369.28,94.72,63.93,38.76,1,1,1.0
1239,25,88.11,127.15,204.73,232.68,1,1,1.0
1239,34,58.45,72.53,95.08,114.5,1,1,0.6401
1239,38,444.59,55.68,190.65,95.51,1,1,1.0
1239,41,643.2,65.71,317.8,222.44,1,1,1.0
1239,42,365.65,93.01,62.87,38.98,1,1,1.0
1240,25,88.32,127.57,204.73,234.18,1,1,1.0
1240,34,59.09,72.53,95.51,116.42,1,1,0.6341
1240,38,444.16,55.04,190.23,94.65,1,1,1.0
1240,41,641.07,64.85,319.93,223.72,1,1,1.0
1240,42,362.03,91.31,61.8,39.18,1,1,1.0
1241,25,88.53,128.0,204.74,235.67,1,1,1.0
1241,34,59.73,72.53,95.94,118.34,1,1,0.6282
1241,38,443.73,54.4,189.8,93.8,1,1,1.0
1241,41,638.93,64.0,322.07,225.0,1,1,1.0
1241,42,358.4,89.6,60.73,39.4,1,1,1.0
1242,25,88.75,129.07,208.14,238.65,1,1,1.0
1242,34,59.31,71.89,96.14,119.19,1,1,0.639
1242,38,444.16,54.61,190.44,95.08,1,1,1.0
1242,41,638.51,64.21,322.49,222.44,1,1,1.0
1242,42,354.99,88.53,60.3,38.98,1,1,1.0
1243,25,88.96,130.13,211.56,241.64,1,1,1.0
1243,34,58.88,71.25,96.36,120.04,1,1,0.6495
1243,38,444.59,54.83,191.08,96.36,1,1,1.0
1243,41,638.08,64.43,322.92,219.88,1,1,1.0
1243,42,351.57,87.47,59.88,38.54,1,1,1.0
1244,25,89.17,131.2,214.98,244.63,1,1,1.0
1244,34,58.45,70.61,96.58,120.9,1,1,0.6598
1244,38,445.01,55.04,191.72,97.64,1,1,1.0
1244,41,637.65,64.64,323.35,217.32,1,1,1.0
1244,42,348.16,86.4,59.45,38.12,1,1,1.0
1245,25,89.39,132.27,218.38,247.61,1,1,1.0
1245,34,58.03,69.97,96.78,121.75,1,1,0.6699
1245,38,445.44,55.25,192.36,98.92,1,1,1.0
1245,41,637.23,64.85,323.77,214.76,1,1,1.0
1245,42,344.75,85.33,59.02,37.7,1,1,1.0
1246,25,89.6,133.33,221.8,250.6,1,1,1.0
1246,34,57.6,69.33,97.0,122.6,1,1,0.6797
1246,38,445.87,55.47,193.0,100.2,1,1,0.9903
1246,41,636.8,65.07,324.2,212.2,1,1,1.0
1246,42,341.33,84.27,58.6,37.26,1,1,1.0
1247,25,90.24,133.55,222.23,255.29,1,1,1.0
1247,34,57.39,70.19,98.06,120.25,1,1,0.6854
1247,38,444.8,55.47,193.64,100.2,1,1,0.9853
1247,41,635.31,64.43,325.69,213.05,1,1,1.0
1247,42,338.35,82.99,58.17,37.26,1,1,1.0
1248,25,90.88,133.76,222.65,259.99,1,1,1.0
1248,34,57.17,71.04,99.14,117.91,1,1,0.6911
1248,38,443.73,55.47,194.28,100.2,1,1,0.9802
1248,41,633.81,63.79,327.19,213.9,1,1,1.0
1248,42,335.36,81.71,57.75,37.26,1,1,1.0
1249,25,91.52,133.97,223.08,264.68,1,1,1.0
1249,34,56.96,71.89,100.2,115.56,1,1,0.6968
1249,38,442.67,55.47,194.92,100.2,1,1,0.975
1249,41,632.32,63.15,328.68,214.76,1,1,1.0
1249,42,332.37,80.43,57.32,37.26,1,1,1.0
1250,25,92.16,134.19,223.51,269.37,1,1,1.0
1250,34,56.75,72.75,101.26,113.21,1,1,0.7026
1250,38,441.6,55.47,195.56,100.2,1,1,0.9699
1250,41,630.83,62.51,330.17,215.61,1,1,1.0
1250,42,329.39,79.15,56.89,37.26,1,1,1.0
1251,25,92.8,134.4,223.93,274.07,1,1,1.0
1251,34,56.53,73.6,102.34,110.87,1,1,0.7084
1251,38,440.53,55.47,196.2,100.2,1,1,0.9647
1251,41,629.33,61.87,331.67,216.46,1,1,1.0
1251,42,326.4,77.87,56.47,37.26,1,1,1.0
1252,25,93.01,135.25,227.56,277.06,1,1,1.0
1252,34,57.17,73.81,101.48,111.51,1,1,0.7096
1252,38,440.96,55.04,195.56,99.35,1,1,0.9617
1252,41,628.48,61.87,332.52,216.04,1,1,1.0
1252,42,324.05,77.44,54.98,36.63,1,1,1.0
1253,25,93.23,136.11,231.18,280.04,1,1,1.0
1253,34,57.81,74.03,100.63,112.14,1,1,0.7107
1253,38,441.39,54.61,194.92,98.5,1,1,0.9587
1253,41,627.63,61.87,333.37,215.61,1,1,1.0
1253,42,321.71,77.01,53.48,35.99,1,1,1.0
1254,25,93.44,136.96,234.81,283.03,1,1,1.0
1254,34,58.45,74.24,99.78,112.79,1,1,0.7117
1254,38,441.81,54.19,194.28,97.64,1,1,0.9558
1254,41,626.77,61.87,334.23,215.18,1,1,1.0
1254,42,319.36,76.59,51.99,35.34,1,1,1.0
1255,25,93.65,137.81,238.44,286.02,1,1,1.0
1255,34,59.09,74.45,98.92,113.43,1,1,0.7128
1255,38,442.24,53.76,193.64,96.79,1,1,0.9529
1255,41,625.92,61.87,335.08,214.76,1,1,1.0
1255,42,317.01,76.16,50.5,34.71,1,1,1.0
1256,25,93.87,138.67,242.06,289.0,1,1,1.0
1256,34,59.73,74.67,98.07,114.06,1,1,0.7139
1256,38,442.67,53.33,193.0,95.94,1,1,0.95
1256,41,625.07,61.87,335.93,214.33,1,1,1.0
1256,42,314.67,75.73,49.0,34.07,1,1,1.0
1257,25,94.08,139.73,245.91,290.07,1,1,1.0
1257,34,59.52,74.03,98.49,115.13,1,1,0.7213
1257,38,442.45,53.12,191.51,97.0,1,1,0.9546
1257,41,624.43,61.65,336.57,213.7,1,1,1.0
1257,42,311.89,74.45,48.79,33.64,1,1,1.0
1258,25,94.29,140.8,249.75,291.13,1,1,1.0
1258,34,59.31,73.39,98.92,116.2,1,1,0.7286
1258,38,442.24,52.91,190.01,98.06,1,1,0.9594
1258,41,623.79,61.44,337.21,213.05,1,1,1.0
1258,42,309.12,73.17,48.57,33.22,1,1,1.0
1259,25,94.51,141.87,253.58,292.2,1,1,1.0
1259,34,59.09,72.75,99.35,117.26,1,1,0.7358
1259,38,442.03,52.69,188.52,99.14,1,1,0.9641
1259,41,623.15,61.23,337.85,212.41,1,1,1.0
1259,42,306.35,71.89,48.36,32.79,1,1,1.0
1260,25,94.72,142.93,257.43,293.27,1,1,1.0
1260,34,58.88,72.11,99.77,118.33,1,1,0.7427
1260,38,441.81,52.48,187.03,100.2,1,1,0.969
1260,41,622.51,61.01,338.49,211.78,1,1,1.0
1260,42,303.57,70.61,48.15,32.36,1,1,1.0
1261,25,94.93,144.0,261.27,294.33,1,1,1.0
1261,34,58.67,71.47,100.2,119.4,1,1,0.7495
1261,38,441.6,52.27,185.53,101.26,1,1,0.974
1261,41,621.87,60.8,339.13,211.13,1,1,1.0
1261,42,300.8,69.33,47.93,31.94,1,1,1.0
1262,25,95.15,145.07,264.46,295.61,1,1,1.0
1262,34,58.24,72.32,100.63,118.76,1,1,0.7547
1262,38,441.39,52.69,187.45,100.84,1,1,0.9658
1262,41,621.87,60.8,339.13,210.49,1,1,1.0
1262,42,298.88,68.48,47.51,32.15,1,1,1.0
1263,25,95.36,146.13,267.67,296.9,1,1,1.0
1263,34,57.81,73.17,101.06,118.12,1,1,0.7597
1263,38,441.17,53.12,189.38,100.41,1,1,0.9577
1263,41,621.87,60.8,339.13,209.85,1,1,1.0
1263,42,296.96,67.63,47.08,32.36,1,1,1.0
1264,25,95.57,147.2,270.87,298.17,1,1,1.0
1264,34,57.39,74.03,101.48,117.48,1,1,0.7648
1264,38,440.96,53.55,191.29,99.98,1,1,0.9497
1264,41,621.87,60.8,339.13,209.21,1,1,1.0
1264,42,295.04,66.77,46.65,32.57,1,1,1.0
1265,25,95.79,148.27,274.06,299.45,1,1,1.0
1265,34,56.96,74.88,101.91,116.84,1,1,0.7698
1265,38,440.75,53.97,193.21,99.56,1,1,0.9417
1265,41,621.87,60.8,339.13,208.57,1,1,1.0
1265,42,293.12,65.92,46.23,32.79,1,1,1.0
1266,25,96.0,149.33,277.27,300.74,1,1,1.0
1266,34,56.53,75.73,102.34,116.2,1,1,0.7748
1266,38,440.53,54.4,195.14,99.13,1,1,0.9338
1266,41,621.87,60.8,339.13,207.93,1,1,1.0
1266,42,291.2,65.07,45.8,33.0,1,1,1.0
1267,25,96.21,150.61,281.96,305.43,1,1,1.0
1267,34,57.17,75.52,102.12,117.05,1,1,0.7786
1267,38,441.39,54.61,194.28,97.86,1,1,0.9314
1267,41,621.44,60.8,339.56,207.72,1,1,1.0
1267,42,288.85,64.43,45.16,32.57,1,1,1.0
1268,25,96.43,151.89,286.65,310.12,1,1,1.0
1268,34,57.81,75.31,101.91,117.9,1,1,0.7823
1268,38,442.24,54.83,193.43,96.57,1,1,0.9289
1268,41,621.01,60.8,339.99,207.51,1,1,1.0
1268,42,286.51,63.79,44.52,32.15,1,1,1.0
1269,25,96.64,153.17,291.35,314.82,1,1,1.0
1269,34,58.45,75.09,101.7,118.76,1,1,0.7861
1269,38,443.09,55.04,192.58,95.29,1,1,0.9264
1269,41,620.59,60.8,340.41,207.29,1,1,1.0
1269,42,284.16,63.15,43.88,31.72,1,1,1.0
1270,25,96.85,154.45,296.04,319.51,1,1,1.0
1270,34,59.09,74.88,101.48,119.61,1,1,0.7898
1270,38,443.95,55.25,191.72,94.02,1,1,0.9239
1270,41,620.16,60.8,340.84,207.08,1,1,1.0
1270,42,281.81,62.51,43.24,31.29,1,1,1.0
1271,25,97.07,155.73,300.73,324.2,1,1,1.0
1271,34,59.73,74.67,101.27,120.46,1,1,0.7935
1271,38,444.8,55.47,190.87,92.73,1,1,0.9213
1271,41,619.73,60.8,341.27,206.87,1,1,1.0
1271,42,279.47,61.87,42.6,30.87,1,1,1.0
1272,25,97.71,157.01,306.28,331.88,1,1,1.0
1272,34,59.73,75.52,102.76,119.61,1,1,0.7991
1272,38,444.37,55.25,190.87,94.02,1,1,0.9252
1272,41,619.95,61.44,341.05,206.23,1,1,1.0
1272,42,277.76,61.44,42.39,30.87,1,1,1.0
1273,25,98.35,158.29,311.82,339.56,1,1,1.0
1273,34,59.73,76.37,104.26,118.76,1,1,0.8047
1273,38,443.95,55.04,190.86,95.29,1,1,0.9289
1273,41,620.16,62.08,340.84,205.59,1,1,1.0
1273,42,276.05,61.01,42.18,30.87,1,1,1.0
1274,25,98.99,159.57,317.37,347.24,1,1,1.0
1274,34,59.73,77.23,105.75,117.9,1,1,0.8104
1274,38,443.52,54.83,190.87,96.57,1,1,0.9326
1274,41,620.37,62.72,340.63,204.95,1,1,1.0
1274,42,274.35,60.59,41.96,30.87,1,1,1.0
1275,25,99.63,160.85,322.92,354.92,1,1,1.0
1275,34,59.73,78.08,107.24,117.05,1,1,0.8161
1275,38,443.09,54.61,190.87,97.86,1,1,0.9362
1275,41,620.59,63.36,340.41,204.31,1,1,1.0
1275,42,272.64,60.16,41.75,30.87,1,1,1.0
1276,25,100.27,162.13,328.46,362.6,1,1,1.0
1276,34,59.73,78.93,108.74,116.2,1,1,0.8219
1276,38,442.67,54.4,190.86,99.13,1,1,0.9398
1276,41,620.8,64.0,340.2,203.67,1,1,1.0
1276,42,270.93,59.73,41.54,30.87,1,1,1.0
1276,43,37.33,65.07,29.8,26.6,1,1,0.8811
1277,25,101.76,163.41,333.8,365.8,1,1,1.0
1277,34,59.95,79.36,108.3,117.69,1,1,0.8245
1277,38,443.09,54.83,190.66,98.92,1,1,0.9384
1277,41,620.8,64.0,340.2,203.45,1,1,1.0
1277,42,269.44,59.09,41.11,30.23,1,1,1.0
1277,43,37.33,65.07,29.8,27.03,1,1,0.8864
1278,25,103.25,164.69,339.14,369.0,1,1,1.0
1278,34,60.16,79.79,107.88,119.18,1,1,0.8273
1278,38,443.52,55.25,190.44,98.71,1,1,0.937
1278,41,620.8,64.0,340.2,203.24,1,1,1.0
1278,42,267.95,58.45,40.68,29.59,1,1,1.0
1278,43,37.33,65.07,29.8,27.45,1,1,0.8915
1279,25,104.75,165.97,344.46,375.03,1,1,1.0
1279,34,60.37,80.21,107.46,120.68,1,1,0.8301
1279,38,443.95,55.68,190.22,98.49,1,1,0.9357
1279,41,620.8,64.0,340.2,203.03,1,1,1.0
1279,42,266.45,57.81,40.26,28.95,1,1,1.0
1279,43,37.33,65.07,29.8,27.88,1,1,0.8964
1280,25,106.24,167.25,349.8,373.75,1,1,1.0
1280,34,60.59,80.64,107.02,122.17,1,1,0.8331
1280,38,444.37,56.11,190.02,98.28,1,1,0.9342
1280,41,620.8,64.0,340.2,202.81,1,1,1.0
1280,42,264.96,57.17,39.83,28.31,1,1,1.0
1280,43,37.33,65.07,29.8,28.31,1,1,0.9012
1281,25,107.73,168.53,355.14,372.47,1,1,1.0
1281,34,60.8,81.07,106.6,123.66,1,1,0.8361
1281,38,444.8,56.53,189.8,98.07,1,1,0.9328
1281,41,620.8,64.0,340.2,202.6,1,1,1.0
1281,42,263.47,56.53,39.4,27.67,1,1,1.0
1281,43,37.33,65.07,29.8,28.73,1,1,0.9058
1282,25,109.01,170.67,361.11,370.33,1,1,1.0
1282,34,60.8,81.07,107.24,124.09,1,1,0.847
1282,38,444.37,56.75,188.31,97.42,1,1,0.9392
1282,41,620.37,63.57,340.63,204.31,1,1,1.0
1282,42,261.33,56.11,39.19,27.45,1,1,1.0
1282,43,37.12,65.71,30.23,27.88,1,1,0.9027
1283,25,110.29,172.8,367.08,368.2,1,1,1.0
1283,34,60.8,81.07,107.88,124.52,1,1,0.8575
1283,38,443.95,56.96,186.81,96.79,1,1,0.9458
1283,41,619.95,63.15,341.05,206.01,1,1,1.0
1283,42,259.2,55.68,38.97,27.24,1,1,1.0
1283,43,36.91,66.35,30.65,27.03,1,1,0.8996
1284,25,111.57,174.93,373.06,366.07,1,1,1.0
1284,34,60.8,81.07,108.52,124.94,1,1,0.8676
1284,38,443.52,57.17,185.32,96.15,1,1,0.9526
1284,41,619.52,62.72,341.48,207.72,1,1,1.0
1284,42,257.07,55.25,38.76,27.03,1,1,1.0
1284,43,36.69,66.99,31.08,26.17,1,1,0.8963
1285,25,112.85,177.07,379.03,363.93,1,1,1.0
1285,34,60.8,81.07,109.16,125.37,1,1,0.8774
1285,38,443.09,57.39,183.83,95.5,1,1,0.9596
1285,41,619.09,62.29,341.91,209.43,1,1,1.0
1285,42,254.93,54.83,38.55,26.81,1,1,1.0
1285,43,36.48,67.63,31.51,25.32,1,1,0.893
1286,25,114.13,179.2,385.0,361.8,1,1,1.0
1286,34,60.8,81.07,109.8,125.8,1,1,0.8869
1286,38,442.67,57.6,182.33,94.87,1,1,0.9668
1286,41,618.67,61.87,342.33,211.13,1,1,1.0
1286,42,252.8,54.4,38.33,26.6,1,1,1.0
1286,43,36.27,68.27,31.93,24.47,1,1,0.8895
1287,25,115.41,181.33,394.6,359.67,1,1,1.0
1287,34,60.16,81.49,111.29,126.02,1,1,0.8954
1287,38,442.88,57.17,183.19,95.51,1,1,0.9671
1287,41,619.73,61.87,341.27,210.49,1,1,1.0
1287,42,251.73,53.97,37.7,26.39,1,1,1.0
1287,43,36.27,68.05,32.15,24.68,1,1,0.8831
1288,25,116.69,183.47,404.2,357.53,1,1,1.0
1288,34,59.52,81.92,112.79,126.23,1,1,0.9036
1288,38,443.09,56.75,184.04,96.14,1,1,0.9674
1288,41,620.8,61.87,340.2,209.85,1,1,1.0
1288,42,250.67,53.55,37.05,26.17,1,1,1.0
1288,43,36.27,67.84,32.36,24.89,1,1,0.8778
1289,25,117.97,185.6,413.8,355.4,1,1,1.0
1289,34,58.88,82.35,114.28,126.44,1,1,0.9114
1289,38,443.31,56.32,184.89,96.79,1,1,0.9677
1289,41,621.87,61.87,339.13,209.21,1,1,1.0
1289,42,249.6,53.12,36.41,25.96,1,1,1.0
1289,43,36.27,67.63,32.57,25.11,1,1,0.8735
1290,25,119.25,187.73,423.4,353.27,1,1,1.0
1290,34,58.24,82.77,115.77,126.66,1,1,0.919
1290,38,443.52,55.89,185.75,97.43,1,1,0.968
1290,41,622.93,61.87,338.07,208.57,1,1,1.0
1290,42,248.53,52.69,35.78,25.75,1,1,1.0
1290,43,36.27,67.41,32.79,25.32,1,1,0.8703
1291,25,120.53,189.87,433.0,351.13,1,1,1.0
1291,34,57.6,83.2,117.27,126.87,1,1,0.9262
1291,38,443.73,55.47,186.6,98.06,1,1,0.9683
1291,41,624.0,61.87,337.0,207.93,1,1,1.0
1291,42,247.47,52.27,35.13,25.53,1,1,1.0
1291,43,36.27,67.2,33.0,25.53,1,1,0.868
1292,25,121.39,192.21,447.93,348.79,1,1,1.0
1292,34,58.67,84.05,116.84,127.3,1,1,0.9304
1292,38,443.31,55.25,187.24,98.28,1,1,0.9621
1292,41,622.93,62.08,338.07,207.93,1,1,1.0
1292,42,245.97,51.41,34.71,25.53,1,1,1.0
1292,43,36.05,67.2,33.0,25.75,1,1,0.8913
1293,25,122.24,194.56,462.87,346.44,1,1,1.0
1293,34,59.73,84.91,116.42,127.72,1,1,0.9345
1293,38,442.88,55.04,187.88,98.49,1,1,0.9562
1293,41,621.87,62.29,339.13,207.94,1,1,1.0
1293,42,244.48,50.56,34.28,25.53,1,1,1.0
1293,43,35.84,67.2,33.0,25.96,1,1,0.9123
1294,25,123.09,196.91,477.8,344.09,1,1,1.0
1294,34,60.8,85.76,115.99,128.15,1,1,0.9386
1294,38,442.45,54.83,188.52,98.7,1,1,0.9503
1294,41,620.8,62.51,340.2,207.93,1,1,1.0
1294,42,242.99,49.71,33.85,25.53,1,1,1.0
1294,43,35.63,67.2,33.0,26.17,1,1,0.931
1295,25,123.95,199.25,492.73,341.75,1,1,1.0
1295,34,61.87,86.61,115.56,128.58,1,1,0.9426
1295,38,442.03,54.61,189.16,98.92,1,1,0.9444
1295,41,619.73,62.72,341.27,207.93,1,1,1.0
1295,42,241.49,48.85,33.43,25.53,1,1,1.0
1295,43,35.41,67.2,33.0,26.39,1,1,0.9476
1296,25,124.8,201.6,507.67,339.4,1,1,1.0
1296,34,62.93,87.47,115.14,129.0,1,1,0.9467
1296,38,441.6,54.4,189.8,99.13,1,1,0.9387
1296,41,618.67,62.93,342.33,207.94,1,1,1.0
1296,42,240.0,48.0,33.0,25.53,1,1,1.0
1296,43,35.2,67.2,33.0,26.6,1,1,0.962
1297,25,128.0,204.16,518.97,336.84,1,1,1.0
1297,34,62.72,87.47,116.84,129.42,1,1,0.9566
1297,38,441.81,54.83,189.59,98.28,1,1,0.9425
1297,41,619.52,62.93,341.48,207.72,1,1,1.0
1297,42,239.15,48.0,32.57,24.89,1,1,1.0
1297,43,36.05,67.2,32.15,26.6,1,1,0.9594
1298,25,131.2,206.72,530.28,334.28,1,1,1.0
1298,34,62.51,87.47,118.54,129.85,1,1,0.9657
1298,38,442.03,55.25,189.37,97.43,1,1,0.9463
1298,41,620.37,62.93,340.63,207.51,1,1,1.0
1298,42,238.29,48.0,32.15,24.25,1,1,1.0
1298,43,36.91,67.2,31.29,26.6,1,1,0.9567
1299,25,134.4,209.28,541.59,331.72,1,1,1.0
1299,34,62.29,87.47,120.26,130.28,1,1,0.974
1299,38,442.24,55.68,189.16,96.57,1,1,0.9503
1299,41,621.23,62.93,339.77,207.3,1,1,1.0
1299,42,237.44,48.0,31.72,23.61,1,1,1.0
1299,43,37.76,67.2,30.44,26.6,1,1,0.9538
1300,25,137.6,211.84,552.89,329.16,1,1,1.0
1300,34,62.08,87.47,121.96,130.7,1,1,0.9816
1300,38,442.45,56.11,188.95,95.72,1,1,0.9542
1300,41,622.08,62.93,338.92,207.08,1,1,1.0
1300,42,236.59,48.0,31.29,22.97,1,1,1.0
1300,43,38.61,67.2,29.59,26.6,1,1,0.9508
1301,25,140.8,214.4,564.2,326.6,1,1,1.0
1301,34,61.87,87.47,123.66,131.13,1,1,0.9884
1301,38,442.67,56.53,188.73,94.87,1,1,0.9581
1301,41,622.93,62.93,338.07,206.87,1,1,1.0
1301,42,235.73,48.0,30.87,22.33,1,1,1.0
1301,43,39.47,67.2,28.73,26.6,1,1,0.9475
1302,25,142.51,214.19,571.88,326.81,1,1,1.0
1302,34,62.29,87.25,124.1,133.27,1,1,0.9832
1302,38,443.31,55.89,187.66,95.94,1,1,0.9613
1302,41,623.15,62.72,337.85,207.29,1,1,1.0
1302,42,234.24,47.36,30.87,22.12,1,1,1.0
1302,43,39.25,67.2,29.37,26.17,1,1,0.9496
1303,25,144.21,213.97,579.56,327.03,1,1,1.0
1303,34,62.72,87.04,124.52,135.4,1,1,0.9784
1303,38,443.95,55.25,186.6,97.0,1,1,0.9644
1303,41,623.36,62.51,337.64,207.72,1,1,1.0
1303,42,232.75,46.72,30.86,21.91,1,1,1.0
1303,43,39.04,67.2,30.01,25.75,1,1,0.9516
1304,25,145.92,213.76,587.24,327.24,1,1,1.0
1304,34,63.15,86.83,124.94,137.53,1,1,0.974
1304,38,444.59,54.61,185.53,98.07,1,1,0.9675
1304,41,623.57,62.29,337.43,208.15,1,1,1.0
1304,42,231.25,46.08,30.87,21.69,1,1,1.0
1304,43,38.83,67.2,30.65,25.32,1,1,0.9535
1305,25,147.63,213.55,594.92,327.45,1,1,1.0
1305,34,63.57,86.61,125.38,139.67,1,1,0.97
1305,38,445.23,53.97,184.46,99.14,1,1,0.9706
1305,41,623.79,62.08,337.21,208.57,1,1,1.0
1305,42,229.76,45.44,30.87,21.48,1,1,1.0
1305,43,38.61,67.2,31.29,24.89,1,1,0.9554
1306,25,149.33,213.33,602.6,327.67,1,1,1.0
1306,34,64.0,86.4,125.8,141.8,1,1,0.9663
1306,38,445.87,53.33,183.4,100.2,1,1,0.9737
1306,41,624.0,61.87,337.0,209.0,1,1,1.0
1306,42,228.27,44.8,30.86,21.27,1,1,1.0
1306,43,38.4,67.2,31.93,24.47,1,1,0.9573
1307,25,152.11,220.16,600.25,320.84,1,1,1.0
1307,34,64.64,87.47,126.65,141.8,1,1,0.9801
1307,38,446.08,53.76,184.25,100.2,1,1,0.9661
1307,41,623.57,61.44,337.43,210.07,1,1,1.0
1307,43,38.4,67.2,31.93,24.25,1,1,1.0
1308,25,154.88,226.99,597.91,314.01,1,1,1.0
1308,34,65.28,88.53,127.51,141.8,1,1,0.993
1308,38,446.29,54.19,185.11,100.2,1,1,0.9585
1308,41,623.15,61.01,337.85,211.14,1,1,1.0
1308,43,38.4,67.2,31.93,24.04,1,1,1.0
1309,25,157.65,233.81,595.56,307.19,1,1,1.0
1309,34,65.92,89.6,128.36,141.8,1,1,1.0
1309,38,446.51,54.61,185.96,100.2,1,1,0.9507
1309,41,622.72,60.59,338.28,212.2,1,1,1.0
1309,43,38.4,67.2,31.93,23.83,1,1,1.0
1310,25,160.43,240.64,593.21,300.36,1,1,1.0
1310,34,66.56,90.67,129.21,141.8,1,1,1.0
1310,38,446.72,55.04,186.81,100.2,1,1,0.9429
1310,41,622.29,60.16,338.71,213.27,1,1,1.0
1310,43,38.4,67.2,31.93,23.61,1,1,1.0
1311,25,163.2,247.47,590.87,293.53,1,1,1.0
1311,34,67.2,91.73,130.07,141.8,1,1,1.0
1311,38,446.93,55.47,187.67,100.2,1,1,0.9351
1311,41,621.87,59.73,339.13,214.34,1,1,1.0
1311,43,38.4,67.2,31.93,23.4,1,1,1.0
1312,25,165.12,247.89,590.44,293.11,1,1,1.0
1312,34,66.56,91.52,130.92,142.65,1,1,1.0
1312,38,447.15,55.89,186.81,99.99,1,1,0.9321
1312,41,620.8,59.52,340.2,214.12,1,1,1.0
1312,43,38.4,66.77,32.15,24.68,1,1,1.0
1313,25,167.04,248.32,590.01,292.68,1,1,1.0
1313,34,65.92,91.31,131.77,143.5,1,1,1.0
1313,38,447.36,56.32,185.96,99.77,1,1,0.9291
1313,41,619.73,59.31,341.27,213.9,1,1,1.0
1313,43,38.4,66.35,32.36,25.96,1,1,1.0
1314,25,168.96,248.75,589.59,292.25,1,1,1.0
1314,34,65.28,91.09,132.63,144.36,1,1,1.0
1314,38,447.57,56.75,185.11,99.56,1,1,0.9261
1314,41,618.67,59.09,342.33,213.7,1,1,1.0
1314,43,38.4,65.92,32.57,27.24,1,1,1.0
1315,25,170.88,249.17,589.16,291.83,1,1,1.0
1315,34,64.64,90.88,133.48,145.21,1,1,1.0
1315,38,447.79,57.17,184.25,99.35,1,1,0.923
1315,41,617.6,58.88,343.4,213.48,1,1,1.0
1315,43,38.4,65.49,32.79,28.52,1,1,1.0
1316,25,172.8,249.6,588.73,291.4,1,1,1.0
1316,34,64.0,90.67,134.33,146.06,1,1,1.0
1316,38,448.0,57.6,183.4,99.13,1,1,0.9198
1316,41,616.53,58.67,344.47,213.26,1,1,1.0
1316,43,38.4,65.07,33.0,29.8,1,1,1.0
1317,25,177.71,255.79,582.76,285.21,1,1,1.0
1317,34,65.49,90.88,134.12,146.92,1,1,1.0
1317,38,447.15,57.17,184.89,99.35,1,1,0.9247
1317,41,617.81,59.31,343.19,212.41,1,1,1.0
1317,43,38.19,65.28,33.21,29.16,1,1,1.0
1318,25,182.61,261.97,576.79,279.03,1,1,1.0
1318,34,66.99,91.09,133.9,147.78,1,1,1.0
1318,38,446.29,56.75,186.39,99.56,1,1,0.9294
1318,41,619.09,59.95,341.91,211.56,1,1,1.0
1318,43,37.97,65.49,33.43,28.52,1,1,1.0
1319,25,187.52,268.16,570.81,272.84,1,1,1.0
1319,34,68.48,91.31,133.69,148.62,1,1,1.0
1319,38,445.44,56.32,187.88,99.77,1,1,0.934
1319,41,620.37,60.59,340.63,210.7,1,1,1.0
1319,43,37.76,65.71,33.64,27.88,1,1,1.0
1320,25,192.43,274.35,564.84,266.65,1,1,1.0
1320,34,69.97,91.52,133.48,149.48,1,1,1.0
1320,38,444.59,55.89,189.37,99.99,1,1,0.9385
1320,41,621.65,61.23,339.35,209.85,1,1,1.0
1320,43,37.55,65.92,33.85,27.24,1,1,0.9975
1321,25,197.33,280.53,558.87,260.47,1,1,1.0
1321,34,71.47,91.73,133.26,150.34,1,1,1.0
1321,38,443.73,55.47,190.87,100.2,1,1,0.9428
1321,41,622.93,61.87,338.07,209.0,1,1,1.0
1321,43,37.33,66.13,34.07,26.6,1,1,1.0
1322,25,203.95,286.29,552.25,254.71,1,1,1.0
1322,34,71.25,91.73,135.62,151.62,1,1,1.0
1322,38,443.95,54.61,190.65,101.06,1,1,0.9373
1322,41,621.87,60.8,339.13,211.35,1,1,1.0
1322,43,37.12,65.92,33.85,27.24,1,1,1.0
1323,25,210.56,292.05,545.64,248.95,1,1,1.0
1323,34,71.04,91.73,137.96,152.9,1,1,1.0
1323,38,444.16,53.76,190.44,101.91,1,1,0.9318
1323,41,620.8,59.73,340.2,213.7,1,1,1.0
1323,43,36.91,65.71,33.64,27.88,1,1,1.0
1324,25,217.17,297.81,539.03,243.19,1,1,1.0
1324,34,70.83,91.73,140.3,154.18,1,1,1.0
1324,38,444.37,52.91,190.23,102.76,1,1,0.9262
1324,41,619.73,58.67,341.27,216.04,1,1,1.0
1324,43,36.69,65.49,33.43,28.52,1,1,1.0
1325,25,223.79,303.57,532.41,237.43,1,1,1.0
1325,34,70.61,91.73,142.66,155.46,1,1,1.0
1325,38,444.59,52.05,190.01,103.62,1,1,0.9207
1325,41,618.67,57.6,342.33,218.39,1,1,1.0
1325,43,36.48,65.28,33.21,29.16,1,1,1.0
1326,25,230.4,309.33,525.8,231.67,1,1,1.0
1326,34,70.4,91.73,145.0,156.74,1,1,1.0
1326,38,444.8,51.2,189.8,104.47,1,1,0.915
1326,41,617.6,56.53,343.4,220.74,1,1,1.0
1326,43,36.27,65.07,33.0,29.8,1,1,1.0
1327,25,237.65,314.45,518.76,226.55,1,1,1.0
1327,34,69.76,92.37,145.21,156.31,1,1,1.0
1327,38,445.65,51.2,187.24,103.83,1,1,0.9225
1327,41,617.6,56.53,343.4,219.24,1,1,1.0
1327,43,36.69,65.07,32.36,29.16,1,1,1.0
1328,25,244.91,319.57,511.72,221.43,1,1,1.0
1328,34,69.12,93.01,145.43,155.88,1,1,1.0
1328,38,446.51,51.2,184.68,103.19,1,1,0.9302
1328,41,617.6,56.53,343.4,217.75,1,1,1.0
1328,43,37.12,65.07,31.72,28.52,1,1,1.0
1329,25,252.16,324.69,504.68,216.31,1,1,1.0
1329,34,68.48,93.65,145.64,155.46,1,1,1.0
1329,38,447.36,51.2,182.12,102.55,1,1,0.9382
1329,41,617.6,56.53,343.4,216.26,1,1,1.0
1329,43,37.55,65.07,31.08,27.88,1,1,1.0
1330,25,259.41,329.81,497.64,211.19,1,1,1.0
1330,34,67.84,94.29,145.85,155.03,1,1,1.0
1330,38,448.21,51.2,179.56,101.91,1,1,0.9463
1330,41,617.6,56.53,343.4,214.76,1,1,1.0
1330,43,37.97,65.07,30.44,27.24,1,1,1.0
1331,25,266.67,334.93,490.6,206.07,1,1,1.0
1331,34,67.2,94.93,146.07,154.6,1,1,1.0
1331,38,449.07,51.2,177.0,101.27,1,1,0.9547
1331,41,617.6,56.53,343.4,213.27,1,1,1.0
1331,43,38.4,65.07,29.8,26.6,1,1,1.0
1332,25,275.2,343.47,484.63,197.53,1,1,1.0
1332,34,67.41,94.93,146.28,156.52,1,1,1.0
1332,38,448.64,52.05,178.71,101.48,1,1,0.9526
1332,41,618.45,56.96,342.55,213.27,1,1,1.0
1332,43,37.97,65.28,30.87,27.03,1,1,1.0
1333,25,283.73,352.0,478.66,189.0,1,1,1.0
1333,34,67.63,94.93,146.49,158.44,1,1,1.0
1333,38,448.21,52.91,180.42,101.69,1,1,0.9506
1333,41,619.31,57.39,341.69,213.26,1,1,1.0
1333,43,37.55,65.49,31.93,27.45,1,1,1.0
1334,25,292.27,360.53,472.68,180.47,1,1,1.0
1334,34,67.84,94.93,146.71,160.36,1,1,1.0
1334,38,447.79,53.76,182.12,101.91,1,1,0.9486
1334,41,620.16,57.81,340.84,213.27,1,1,1.0
1334,43,37.12,65.71,33.0,27.88,1,1,1.0
1335,25,300.8,369.07,466.71,171.93,1,1,1.0
1335,34,68.05,94.93,146.92,162.28,1,1,1.0
1335,38,447.36,54.61,183.83,102.12,1,1,0.9466
1335,41,621.01,58.24,339.99,213.27,1,1,1.0
1335,43,36.69,65.92,34.07,28.31,1,1,1.0
1336,25,309.33,377.6,460.74,163.4,1,1,1.0
1336,34,68.27,94.93,147.13,164.2,1,1,1.0
1336,38,446.93,55.47,185.54,102.33,1,1,0.9447
1336,41,621.87,58.67,339.13,213.26,1,1,1.0
1336,43,36.27,66.13,35.13,28.73,1,1,1.0
1337,25,323.2,387.63,448.15,153.37,1,1,1.0
1337,34,68.69,94.93,147.99,163.14,1,1,1.0
1337,38,446.51,55.25,186.38,102.34,1,1,0.945
1337,41,622.29,58.67,338.71,212.84,1,1,1.0
1337,43,36.48,65.92,34.71,28.73,1,1,1.0
1338,25,337.07,397.65,435.56,143.35,1,1,1.0
1338,34,69.12,94.93,148.84,162.07,1,1,1.0
1338,38,446.08,55.04,187.24,102.33,1,1,0.9454
1338,41,622.72,58.67,338.28,212.41,1,1,1.0
1338,43,36.69,65.71,34.28,28.73,1,1,1.0
1339,25,350.93,407.68,422.98,133.32,1,1,1.0
1339,34,69.55,94.93,149.69,161.0,1,1,1.0
1339,38,445.65,54.83,188.1,102.33,1,1,0.9458
1339,41,623.15,58.67,337.85,211.98,1,1,1.0
1339,43,36.91,65.49,33.85,28.73,1,1,1.0
1340,25,364.8,417.71,410.39,123.29,1,1,1.0
1340,34,69.97,94.93,150.55,159.94,1,1,1.0
1340,38,445.23,54.61,188.94,102.34,1,1,0.9461
1340,41,623.57,58.67,337.43,211.56,1,1,1.0
1340,43,37.12,65.28,33.43,28.73,1,1,1.0
1341,25,378.67,427.73,397.8,113.27,1,1,1.0
1341,34,70.4,94.93,151.4,158.87,1,1,1.0
1341,38,444.8,54.4,189.8,102.33,1,1,0.9465
1341,41,624.0,58.67,337.0,211.13,1,1,1.0
1341,43,37.33,65.07,33.0,28.73,1,1,1.0
1342,25,426.24,441.81,352.57,99.19,1,1,1.0
1342,34,69.76,95.57,152.68,158.66,1,1,1.0
1342,38,445.65,54.4,188.74,101.27,1,1,0.9428
1342,41,623.15,58.45,337.85,211.56,1,1,1.0
1342,43,37.55,65.49,32.79,27.88,1,1,1.0
1343,25,473.81,455.89,307.35,85.11,1,1,1.0
1343,34,69.12,96.21,153.96,158.44,1,1,1.0
1343,38,446.51,54.4,187.66,100.2,1,1,0.9391
1343,41,622.29,58.24,338.71,211.99,1,1,1.0
1343,43,37.76,65.92,32.57,27.03,1,1,1.0
1344,25,521.39,469.97,262.12,71.03,1,1,1.0
1344,34,68.48,96.85,155.24,158.23,1,1,1.0
1344,38,447.36,54.4,186.6,99.13,1,1,0.9354
1344,41,621.44,58.03,339.56,212.41,1,1,1.0
1344,43,37.97,66.35,32.36,26.17,1,1,1.0
1345,25,568.96,484.05,216.89,56.95,1,1,1.0
1345,34,67.84,97.49,156.52,158.02,1,1,1.0
1345,38,448.21,54.4,185.54,98.07,1,1,0.9315
1345,41,620.59,57.81,340.41,212.84,1,1,1.0
1345,43,38.19,66.77,32.15,25.32,1,1,1.0
1346,25,616.53,498.13,171.67,42.87,1,1,1.0
1346,34,67.2,98.13,157.8,157.8,1,1,1.0
1346,38,449.07,54.4,184.46,97.0,1,1,0.9277
1346,41,619.73,57.6,341.27,213.27,1,1,1.0
1346,43,38.4,67.2,31.93,24.47,1,1,1.0
1346,44,141.87,54.4,36.2,27.67,1,1,1.0
1347,34,67.63,98.13,157.16,158.66,1,1,1.0
1347,38,448.0,54.4,184.47,97.43,1,1,0.9267
1347,41,618.45,57.81,342.55,213.27,1,1,1.0
1347,43,38.61,67.2,31.72,24.47,1,1,1.0
1347,44,142.93,55.25,36.2,27.45,1,1,1.0
1348,34,68.05,98.13,156.52,159.51,1,1,1.0
1348,38,446.93,54.4,184.47,97.85,1,1,0.9257
1348,41,617.17,58.03,343.83,213.26,1,1,1.0
1348,43,38.83,67.2,31.51,24.47,1,1,1.0
1348,44,144.0,56.11,36.2,27.24,1,1,1.0
1349,34,68.48,98.13,155.88,160.36,1,1,1.0
1349,38,445.87,54.4,184.46,98.28,1,1,0.9248
1349,41,615.89,58.24,345.11,213.27,1,1,1.0
1349,43,39.04,67.2,31.29,24.47,1,1,1.0
1349,44,145.07,56.96,36.2,27.03,1,1,1.0
1350,34,68.91,98.13,155.24,161.22,1,1,1.0
1350,38,444.8,54.4,184.47,98.71,1,1,0.9238
1350,41,614.61,58.45,346.39,213.27,1,1,1.0
1350,43,39.25,67.2,31.08,24.47,1,1,1.0
1350,44,146.13,57.81,36.2,26.81,1,1,1.0
1351,34,69.33,98.13,154.6,162.07,1,1,1.0
1351,38,443.73,54.4,184.47,99.13,1,1,0.9229
1351,41,613.33,58.67,347.67,213.26,1,1,1.0
1351,43,39.47,67.2,30.87,24.47,1,1,1.0
1351,44,147.2,58.67,36.2,26.6,1,1,1.0
1352,34,68.91,98.35,155.45,162.92,1,1,1.0
1352,38,443.95,55.04,185.74,98.92,1,1,0.9245
1352,41,615.04,59.31,345.96,212.62,1,1,1.0
1352,43,39.25,67.2,31.51,24.68,1,1,1.0
1352,44,148.91,59.52,36.41,27.03,1,1,1.0
1353,34,68.48,98.56,156.31,163.77,1,1,1.0
1353,38,444.16,55.68,187.03,98.71,1,1,0.9261
1353,41,616.75,59.95,344.25,211.98,1,1,1.0
1353,43,39.04,67.2,32.15,24.89,1,1,1.0
1353,44,150.61,60.37,36.63,27.45,1,1,1.0
1354,34,68.05,98.77,157.16,164.63,1,1,1.0
1354,38,444.37,56.32,188.31,98.49,1,1,0.9277
1354,41,618.45,60.59,342.55,211.34,1,1,1.0
1354,43,38.83,67.2,32.79,25.11,1,1,1.0
1354,44,152.32,61.23,36.84,27.88,1,1,1.0
1355,34,67.63,98.99,158.01,165.48,1,1,1.0
1355,38,444.59,56.96,189.58,98.28,1,1,0.9293
1355,41,620.16,61.23,340.84,210.7,1,1,1.0
1355,43,38.61,67.2,33.43,25.32,1,1,1.0
1355,44,154.03,62.08,37.05,28.31,1,1,1.0
1356,34,67.2,99.2,158.87,166.33,1,1,1.0
1356,38,444.8,57.6,190.87,98.07,1,1,0.9308
1356,41,621.87,61.87,339.13,210.06,1,1,1.0
1356,43,38.4,67.2,34.07,25.53,1,1,1.0
1356,44,155.73,62.93,37.27,28.73,1,1,1.0
1357,34,68.27,99.2,156.94,166.97,1,1,1.0
1357,38,445.01,57.39,190.87,98.28,1,1,0.932
1357,41,622.29,61.87,338.71,209.85,1,1,1.0
1357,43,38.4,67.2,33.64,25.53,1,1,1.0
1357,44,156.59,63.79,38.33,28.95,1,1,1.0
1358,34,69.33,99.2,155.03,167.61,1,1,1.0
1358,38,445.23,57.17,190.86,98.5,1,1,0.9333
1358,41,622.72,61.87,338.28,209.64,1,1,1.0
1358,43,38.4,67.2,33.21,25.53,1,1,1.0
1358,44,157.44,64.64,39.4,29.16,1,1,1.0
1359,34,70.4,99.2,153.11,168.25,1,1,1.0
1359,38,445.44,56.96,190.87,98.71,1,1,0.9345
1359,41,623.15,61.87,337.85,209.42,1,1,1.0
1359,43,38.4,67.2,32.79,25.53,1,1,1.0
1359,44,158.29,65.49,40.47,29.37,1,1,1.0
1360,34,71.47,99.2,151.18,168.89,1,1,1.0
1360,38,445.65,56.75,190.87,98.92,1,1,0.9357
1360,41,623.57,61.87,337.43,209.21,1,1,1.0
1360,43,38.4,67.2,32.36,25.53,1,1,1.0
1360,44,159.15,66.35,41.53,29.59,1,1,1.0
1361,34,72.53,99.2,149.27,169.53,1,1,1.0
1361,38,445.87,56.53,190.86,99.14,1,1,0.9369
1361,41,624.0,61.87,337.0,209.0,1,1,1.0
1361,43,38.4,67.2,31.93,25.53,1,1,1.0
1361,44,160.0,67.2,42.6,29.8,1,1,1.0
1362,34,72.11,99.63,150.76,166.97,1,1,1.0
1362,38,446.29,56.32,189.16,98.92,1,1,0.9429
1362,41,624.0,61.87,337.0,209.0,1,1,1.0
1362,43,38.19,67.84,32.57,25.53,1,1,1.0
1362,44,162.56,68.69,42.6,30.01,1,1,1.0
1363,34,71.68,100.05,152.25,164.42,1,1,1.0
1363,38,446.72,56.11,187.45,98.7,1,1,0.9489
1363,41,624.0,61.87,337.0,209.0,1,1,1.0
1363,43,37.97,68.48,33.21,25.53,1,1,1.0
1363,44,165.12,70.19,42.6,30.23,1,1,1.0
1364,34,71.25,100.48,153.75,161.85,1,1,1.0
1364,38,447.15,55.89,185.74,98.5,1,1,0.955
1364,41,624.0,61.87,337.0,209.0,1,1,1.0
1364,43,37.76,69.12,33.85,25.53,1,1,1.0
1364,44,167.68,71.68,42.6,30.44,1,1,1.0
1365,34,70.83,100.91,155.24,159.29,1,1,1.0
1365,38,447.57,55.68,184.04,98.28,1,1,0.9613
1365,41,624.0,61.87,337.0,209.0,1,1,1.0
1365,43,37.55,69.76,34.49,25.53,1,1,1.0
1365,44,170.24,73.17,42.6,30.66,1,1,1.0
1366,34,70.4,101.33,156.73,156.74,1,1,1.0
1366,38,448.0,55.47,182.33,98.06,1,1,0.9675
1366,41,624.0,61.87,337.0,209.0,1,1,1.0
1366,43,37.33,70.4,35.13,25.53,1,1,1.0
1366,44,172.8,74.67,42.6,30.86,1,1,1.0
1367,34,70.19,101.33,156.73,157.59,1,1,1.0
1367,38,447.57,55.68,184.47,98.92,1,1,0.9567
1367,41,623.57,61.23,337.43,209.85,1,1,1.0
1367,43,37.33,69.55,34.92,26.17,1,1,1.0
1367,44,174.29,75.95,43.03,31.08,1,1,1.0
1368,34,69.97,101.33,156.74,158.44,1,1,1.0
1368,38,447.15,55.89,186.6,99.78,1,1,0.9459
1368,41,623.15,60.59,337.85,210.7,1,1,1.0
1368,43,37.33,68.69,34.71,26.81,1,1,1.0
1368,44,175.79,77.23,43.45,31.29,1,1,1.0
1369,34,69.76,101.33,156.73,159.3,1,1,1.0
1369,38,446.72,56.11,188.73,100.62,1,1,0.9351
1369,41,622.72,59.95,338.28,211.56,1,1,1.0
1369,43,37.33,67.84,34.49,27.45,1,1,1.0
1369,44,177.28,78.51,43.88,31.5,1,1,1.0
1370,34,69.55,101.33,156.73,160.15,1,1,1.0
1370,38,446.29,56.32,190.87,101.48,1,1,0.9244
1370,41,622.29,59.31,338.71,212.41,1,1,1.0
1370,43,37.33,66.99,34.28,28.09,1,1,1.0
1370,44,178.77,79.79,44.31,31.72,1,1,1.0
1371,34,69.33,101.33,156.74,161.0,1,1,1.0
1371,38,445.87,56.53,193.0,102.34,1,1,0.9138
1371,41,621.87,58.67,339.13,213.26,1,1,1.0
1371,43,37.33,66.13,34.07,28.73,1,1,1.0
1371,44,180.27,81.07,44.73,31.93,1,1,1.0
1372,34,69.76,101.76,156.31,160.79,1,1,1.0
1372,38,446.29,56.32,191.3,101.69,1,1,0.9166
1372,41,621.23,58.88,339.77,212.84,1,1,1.0
1372,43,37.97,66.56,33.0,27.67,1,1,1.0
1372,44,182.61,81.92,45.8,33.43,1,1,1.0
1373,34,70.19,102.19,155.88,160.57,1,1,1.0
1373,38,446.72,56.11,189.59,101.05,1,1,0.9195
1373,41,620.59,59.09,340.41,212.42,1,1,1.0
1373,43,38.61,66.99,31.93,26.6,1,1,1.0
1373,44,184.96,82.77,46.87,34.92,1,1,1.0
1374,34,70.61,102.61,155.46,160.36,1,1,1.0
1374,38,447.15,55.89,187.88,100.42,1,1,0.9225
1374,41,619.95,59.31,341.05,211.98,1,1,1.0
1374,43,39.25,67.41,30.87,25.53,1,1,1.0
1374,44,187.31,83.63,47.93,36.41,1,1,1.0
1375,34,71.04,103.04,155.03,160.15,1,1,1.0
1375,38,447.57,55.68,186.18,99.77,1,1,0.9254
1375,41,619.31,59.52,341.69,211.56,1,1,1.0
1375,43,39.89,67.84,29.8,24.47,1,1,1.0
1375,44,189.65,84.48,49.0,37.91,1,1,1.0
1376,34,71.47,103.47,154.6,159.93,1,1,1.0
1376,38,448.0,55.47,184.47,99.13,1,1,0.9284
1376,41,618.67,59.73,342.33,211.14,1,1,1.0
1376,43,40.53,68.27,28.73,23.4,1,1,1.0
1376,44,192.0,85.33,50.07,39.4,1,1,1.0
1377,34,71.68,102.61,154.81,161.43,1,1,1.0
1377,38,448.0,55.25,185.11,99.14,1,1,0.9302
1377,41,619.52,60.16,341.48,210.71,1,1,1.0
1377,43,40.75,68.48,29.16,23.4,1,1,1.0
1377,44,193.92,87.04,50.71,39.19,1,1,1.0
1378,34,71.89,101.76,155.03,162.92,1,1,1.0
1378,38,448.0,55.04,185.75,99.13,1,1,0.932
1378,41,620.37,60.59,340.63,210.28,1,1,1.0
1378,43,40.96,68.69,29.59,23.4,1,1,1.0
1378,44,195.84,88.75,51.35,38.97,1,1,1.0
1379,34,72.11,100.91,155.24,164.41,1,1,1.0
1379,38,448.0,54.83,186.39,99.13,1,1,0.9338
1379,41,621.23,61.01,339.77,209.86,1,1,1.0
1379,43,41.17,68.91,30.01,23.4,1,1,1.0
1379,44,197.76,90.45,51.99,38.76,1,1,1.0
1380,34,72.32,100.05,155.45,165.91,1,1,1.0
1380,38,448.0,54.61,187.03,99.14,1,1,0.9355
1380,41,622.08,61.44,338.92,209.43,1,1,1.0
1380,43,41.39,69.12,30.44,23.4,1,1,1.0
1380,44,199.68,92.16,52.63,38.55,1,1,1.0
1381,34,72.53,99.2,155.67,167.4,1,1,1.0
1381,38,448.0,54.4,187.67,99.13,1,1,0.9372
1381,41,622.93,61.87,338.07,209.0,1,1,1.0
1381,43,41.6,69.33,30.87,23.4,1,1,1.0
1381,44,201.6,93.87,53.27,38.33,1,1,1.0
1382,34,71.68,99.63,155.67,166.12,1,1,1.0
1382,38,447.15,54.83,190.86,99.13,1,1,0.9256
1382,41,622.72,61.87,338.28,209.64,1,1,1.0
1382,43,41.39,69.33,30.65,23.61,1,1,1.0
1382,44,203.95,95.57,53.9,39.19,1,1,1.0
1383,34,70.83,100.05,155.66,164.84,1,1,1.0
1383,38,446.29,55.25,194.07,99.14,1,1,0.9142
1383,41,622.51,61.87,338.49,210.28,1,1,1.0
1383,43,41.17,69.33,30.44,23.83,1,1,1.0
1383,44,206.29,97.28,54.55,40.04,1,1,1.0
1384,34,69.97,100.48,155.67,163.56,1,1,1.0
1384,38,445.44,55.68,197.27,99.13,1,1,0.9029
1384,41,622.29,61.87,338.71,210.92,1,1,1.0
1384,43,40.96,69.33,30.23,24.04,1,1,1.0
1384,44,208.64,98.99,55.19,40.89,1,1,1.0
1385,34,69.12,100.91,155.67,162.28,1,1,1.0
1385,38,444.59,56.11,200.46,99.13,1,1,0.8921
1385,41,622.08,61.87,338.92,211.56,1,1,1.0
1385,43,40.75,69.33,30.01,24.25,1,1,1.0
1385,44,210.99,100.69,55.82,41.75,1,1,1.0
1386,34,68.27,101.33,155.66,161.0,1,1,1.0
1386,38,443.73,56.53,203.67,99.14,1,1,0.8814
1386,41,621.87,61.87,339.13,212.2,1,1,1.0
1386,43,40.53,69.33,29.8,24.47,1,1,1.0
1386,44,213.33,102.4,56.47,42.6,1,1,1.0
1387,34,68.48,101.12,155.67,161.43,1,1,1.0
1387,38,444.37,56.11,201.32,99.77,1,1,0.8935
1387,41,622.93,61.87,338.07,210.28,1,1,1.0
1387,43,40.75,68.91,29.59,24.25,1,1,1.0
1387,44,216.32,104.11,57.96,43.88,1,1,1.0
1388,34,68.69,100.91,155.67,161.85,1,1,1.0
1388,38,445.01,55.68,198.98,100.41,1,1,0.9057
1388,41,624.0,61.87,337.0,208.36,1,1,1.0
1388,43,40.96,68.48,29.37,24.04,1,1,1.0
1388,44,219.31,105.81,59.45,45.16,1,1,1.0
1389,34,68.91,100.69,155.66,162.28,1,1,1.0
1389,38,445.65,55.25,196.63,101.06,1,1,0.9182
1389,41,625.07,61.87,335.93,206.44,1,1,1.0
1389,43,41.17,68.05,29.16,23.83,1,1,1.0
1389,44,222.29,107.52,60.95,46.44,1,1,1.0
1390,34,69.12,100.48,155.67,162.71,1,1,1.0
1390,38,446.29,54.83,194.28,101.69,1,1,0.9308
1390,41,626.13,61.87,334.87,204.52,1,1,1.0
1390,43,41.39,67.63,28.95,23.61,1,1,1.0
1390,44,225.28,109.23,62.44,47.72,1,1,1.0
1391,34,69.33,100.27,155.67,163.13,1,1,1.0
1391,38,446.93,54.4,191.94,102.33,1,1,0.9436
1391,41,627.2,61.87,333.8,202.6,1,1,1.0
1391,43,41.6,67.2,28.73,23.4,1,1,1.0
1391,44,228.27,110.93,63.93,49.0,1,1,1.0
1392,34,69.33,99.84,156.52,163.99,1,1,1.0
1392,38,446.93,54.83,191.72,101.69,1,1,0.9403
1392,41,626.35,61.87,334.65,204.52,1,1,1.0
1392,43,41.81,67.84,28.95,23.19,1,1,1.0
1392,44,231.89,113.07,64.36,49.64,1,1,1.0
1393,34,69.33,99.41,157.38,164.84,1,1,1.0
1393,38,446.93,55.25,191.51,101.06,1,1,0.9368
1393,41,625.49,61.87,335.51,206.44,1,1,1.0
1393,43,42.03,68.48,29.16,22.97,1,1,1.0
1393,44,235.52,115.2,64.79,50.28,1,1,1.0
1394,34,69.33,98.99,158.23,165.69,1,1,1.0
1394,38,446.93,55.68,191.3,100.41,1,1,0.9333
1394,41,624.64,61.87,336.36,208.36,1,1,1.0
1394,43,42.24,69.12,29.37,22.76,1,1,1.0
1394,44,239.15,117.33,65.21,50.92,1,1,1.0
1395,34,69.33,98.56,159.08,166.55,1,1,1.0
1395,38,446.93,56.11,191.08,99.77,1,1,0.9299
1395,41,623.79,61.87,337.21,210.28,1,1,1.0
1395,43,42.45,69.76,29.59,22.55,1,1,1.0
1395,44,242.77,119.47,65.64,51.56,1,1,1.0
1396,34,69.33,98.13,159.94,167.4,1,1,1.0
1396,38,446.93,56.53,190.87,99.14,1,1,0.9263
1396,41,622.93,61.87,338.07,212.2,1,1,1.0
1396,43,42.67,70.4,29.8,22.33,1,1,1.0
1396,44,246.4,121.6,66.07,52.2,1,1,1.0
1397,34,69.55,98.13,158.86,167.62,1,1,1.0
1397,38,446.93,56.32,190.66,99.35,1,1,0.9309
1397,41,623.57,62.29,337.43,211.14,1,1,1.0
1397,43,42.03,69.97,30.23,22.76,1,1,1.0
1397,44,249.81,124.8,68.2,53.05,1,1,1.0
1398,34,69.76,98.13,157.8,167.83,1,1,1.0
1398,38,446.93,56.11,190.44,99.56,1,1,0.9355
1398,41,624.21,62.72,336.79,210.07,1,1,1.0
1398,43,41.39,69.55,30.65,23.19,1,1,1.0
1398,44,253.23,128.0,70.33,53.91,1,1,1.0
1399,34,69.97,98.13,156.74,168.04,1,1,1.0
1399,38,446.93,55.89,190.23,99.78,1,1,0.94
1399,41,624.85,63.15,336.15,209.0,1,1,1.0
1399,43,40.75,69.12,31.08,23.61,1,1,1.0
1399,44,256.64,131.2,72.47,54.76,1,1,1.0
1400,34,70.19,98.13,155.66,168.26,1,1,1.0
1400,38,446.93,55.68,190.02,99.99,1,1,0.9445
1400,41,625.49,63.57,335.51,207.94,1,1,1.0
1400,43,40.11,68.69,31.51,24.04,1,1,1.0
1400,44,260.05,134.4,74.6,55.61,1,1,1.0
1401,34,70.4,98.13,154.6,168.47,1,1,1.0
1401,38,446.93,55.47,189.8,100.2,1,1,0.9489
1401,41,626.13,64.0,334.87,206.87,1,1,1.0
1401,43,39.47,68.27,31.93,24.47,1,1,1.0
1401,44,263.47,137.6,76.73,56.47,1,1,1.0
1402,34,70.4,98.77,154.81,166.12,1,1,1.0
1402,38,445.87,55.47,190.65,100.2,1,1,0.9459
1402,41,625.28,63.79,335.72,207.72,1,1,1.0
1402,43,39.68,68.48,31.51,24.04,1,1,1.0
1402,44,268.37,141.23,79.08,57.74,1,1,1.0
1403,34,70.4,99.41,155.03,163.78,1,1,1.0
1403,38,444.8,55.47,191.51,100.2,1,1,0.943
1403,41,624.43,63.57,336.57,208.58,1,1,1.0
1403,43,39.89,68.69,31.08,23.61,1,1,1.0
1403,44,273.28,144.85,81.43,59.03,1,1,1.0
1404,34,70.4,100.05,155.24,161.43,1,1,1.0
1404,38,443.73,55.47,192.36,100.2,1,1,0.94
1404,41,623.57,63.36,337.43,209.43,1,1,1.0
1404,43,40.11,68.91,30.65,23.19,1,1,1.0
1404,44,278.19,148.48,83.77,60.31,1,1,1.0
1405,34,70.4,100.69,155.45,159.08,1,1,1.0
1405,38,442.67,55.47,193.21,100.2,1,1,0.9371
1405,41,622.72,63.15,338.28,210.28,1,1,1.0
1405,43,40.32,69.12,30.23,22.76,1,1,1.0
1405,44,283.09,152.11,86.12,61.58,1,1,1.0
1406,34,70.4,101.33,155.67,156.74,1,1,1.0
1406,38,441.6,55.47,194.07,100.2,1,1,0.9342
1406,41,621.87,62.93,339.13,211.14,1,1,1.0
1406,43,40.53,69.33,29.8,22.33,1,1,1.0
1406,44,288.0,155.73,88.47,62.87,1,1,1.0
1407,34,70.4,101.76,156.09,156.95,1,1,1.0
1407,38,442.24,55.68,192.36,99.56,1,1,0.9417
1407,41,622.51,62.93,338.49,210.5,1,1,1.0
1407,43,40.96,69.33,30.01,22.76,1,1,1.0
1407,44,293.33,159.79,91.03,64.14,1,1,1.0
1408,34,70.4,102.19,156.52,157.16,1,1,1.0
1408,38,442.88,55.89,190.65,98.92,1,1,0.9494
1408,41,623.15,62.93,337.85,209.86,1,1,1.0
1408,43,41.39,69.33,30.23,23.19,1,1,1.0
1408,44,298.67,163.84,93.58,65.43,1,1,1.0
1409,34,70.4,102.61,156.95,157.38,1,1,1.0
1409,38,443.52,56.11,188.95,98.28,1,1,0.9573
1409,41,623.79,62.93,337.21,209.22,1,1,1.0
1409,43,41.81,69.33,30.44,23.61,1,1,1.0
1409,44,304.0,167.89,96.15,66.71,1,1,1.0
1410,34,70.4,103.04,157.37,157.59,1,1,1.0
1410,38,444.16,56.32,187.24,97.64,1,1,0.9653
1410,41,624.43,62.93,336.57,208.58,1,1,1.0
1410,43,42.24,69.33,30.65,24.04,1,1,1.0
1410,44,309.33,171.95,98.71,67.98,1,1,1.0
1411,34,70.4,103.47,157.8,157.8,1,1,1.0
1411,38,444.8,56.53,185.53,97.0,1,1,0.9735
1411,41,625.07,62.93,335.93,207.94,1,1,1.0
1411,43,42.67,69.33,30.87,24.47,1,1,1.0
1411,44,314.67,176.0,101.26,69.27,1,1,1.0
1412,34,70.61,102.83,157.8,158.65,1,1,1.0
1412,38,445.01,56.32,184.68,97.0,1,1,0.9735
1412,41,624.43,62.93,336.57,207.51,1,1,1.0
1412,43,42.03,69.55,31.29,24.04,1,1,1.0
1412,44,321.92,180.27,105.11,74.6,1,1,1.0
1413,34,70.83,102.19,157.8,159.5,1,1,1.0
1413,38,445.23,56.11,183.82,97.0,1,1,0.9734
1413,41,623.79,62.93,337.21,207.08,1,1,1.0
1413,43,41.39,69.76,31.72,23.61,1,1,1.0
1413,44,329.17,184.53,108.95,79.94,1,1,1.0
1414,34,71.04,101.55,157.8,160.36,1,1,1.0
1414,38,445.44,55.89,182.97,97.0,1,1,0.9733
1414,41,623.15,62.93,337.85,206.66,1,1,1.0
1414,43,40.75,69.97,32.15,23.19,1,1,1.0
1414,44,336.43,188.8,112.78,85.27,1,1,1.0
1415,34,71.25,100.91,157.8,161.21,1,1,1.0
1415,38,445.65,55.68,182.12,97.0,1,1,0.9733
1415,41,622.51,62.93,338.49,206.23,1,1,1.0
1415,43,40.11,70.19,32.57,22.76,1,1,1.0
1415,44,343.68,193.07,116.63,90.6,1,1,1.0
1416,34,71.47,100.27,157.8,162.06,1,1,1.0
1416,38,445.87,55.47,181.26,97.0,1,1,0.9732
1416,41,621.87,62.93,339.13,205.8,1,1,1.0
1416,43,39.47,70.4,33.0,22.33,1,1,1.0
1416,44,350.93,197.33,120.47,95.94,1,1,1.0
1416,45,897.07,290.13,63.93,67.14,1,1,1.0
1417,34,71.25,100.48,158.23,162.71,1,1,1.0
1417,38,445.44,55.89,180.84,96.36,1,1,0.9795
1417,41,622.29,62.93,338.71,205.8,1,1,1.0
1417,43,39.68,69.97,33.0,23.4,1,1,1.0
1417,44,359.47,205.01,126.22,99.99,1,1,1.0
1417,45,879.36,284.16,81.64,75.03,1,1,1.0
1418,34,71.04,100.69,158.65,163.35,1,1,1.0
1418,38,445.01,56.32,180.42,95.72,1,1,0.986
1418,41,622.72,62.93,338.28,205.8,1,1,1.0
1418,43,39.89,69.55,33.0,24.47,1,1,1.0
1418,44,368.0,212.69,131.99,104.04,1,1,1.0
1418,45,861.65,278.19,99.35,82.92,1,1,0.9856
1419,34,70.83,100.91,159.08,163.98,1,1,1.0
1419,38,444.59,56.75,179.98,95.08,1,1,0.9926
1419,41,623.15,62.93,337.85,205.8,1,1,1.0
1419,43,40.11,69.12,33.0,25.53,1,1,1.0
1419,44,376.53,220.37,137.75,108.1,1,1,1.0
1419,45,843.95,272.21,117.05,90.82,1,1,0.9376
1420,34,70.61,101.12,159.51,164.63,1,1,1.0
1420,38,444.16,57.17,179.56,94.44,1,1,1.0
1420,41,623.57,62.93,337.43,205.8,1,1,0.9952
1420,43,40.32,68.69,33.0,26.6,1,1,1.0
1420,44,385.07,228.05,143.5,112.15,1,1,1.0
1420,45,826.24,266.24,134.76,98.71,1,1,0.8769
1421,34,70.4,101.33,159.93,165.27,1,1,1.0
1421,38,443.73,57.6,179.14,93.8,1,1,1.0
1421,41,624.0,62.93,337.0,205.8,1,1,0.9814
1421,43,40.53,68.27,33.0,27.67,1,1,1.0
1421,44,393.6,235.73,149.27,116.2,1,1,1.0
1421,45,808.53,260.27,152.47,106.6,1,1,0.8084
1422,34,70.4,101.33,159.93,165.27,1,1,1.0
1422,38,443.73,57.6,178.71,94.01,1,1,1.0
1422,41,624.0,62.93,337.0,205.8,1,1,0.9651
1422,43,40.53,68.27,33.0,27.45,1,1,1.0
1422,44,404.48,243.63,159.08,123.66,1,1,1.0
1422,45,793.17,254.29,167.83,105.54,1,1,0.8281
1423,34,70.4,101.33,159.93,165.27,1,1,1.0
1423,38,443.73,57.6,178.28,94.23,1,1,1.0
1423,41,624.0,62.93,337.0,205.8,1,1,0.9461
1423,43,40.53,68.27,33.0,27.24,1,1,1.0
1423,44,415.36,251.52,168.89,131.13,1,1,1.0
1423,45,777.81,248.32,183.19,104.47,1,1,0.8404
1424,34,70.4,101.33,159.93,165.27,1,1,1.0
1424,38,443.73,57.6,177.86,94.44,1,1,1.0
1424,41,624.0,62.93,337.0,205.8,1,1,0.9297
1424,43,40.53,68.27,33.0,27.03,1,1,1.0
1424,44,426.24,259.41,178.71,138.6,1,1,1.0
1424,45,762.45,242.35,184.9,103.4,1,1,0.8525
1425,34,70.4,101.33,159.93,165.27,1,1,1.0
1425,38,443.73,57.6,177.43,94.65,1,1,1.0
1425,41,624.0,62.93,337.0,205.8,1,1,0.9089
1425,43,40.53,68.27,33.0,26.81,1,1,1.0
1425,44,437.12,267.31,188.52,146.06,1,1,1.0
1425,45,747.09,236.37,195.35,102.34,1,1,0.8513
1426,34,70.4,101.33,159.93,165.27,1,1,1.0
1426,38,443.73,57.6,177.0,94.87,1,1,1.0
1426,41,624.0,62.93,337.0,205.8,1,1,0.8863
1426,43,40.53,68.27,33.0,26.6,1,1,1.0
1426,44,448.0,275.2,198.33,153.53,1,1,1.0
1426,45,731.73,230.4,205.8,101.27,1,1,0.8673
1427,34,70.4,101.33,159.93,165.27,1,1,1.0
1427,38,443.31,57.6,177.21,94.23,1,1,1.0
1427,41,624.0,62.93,337.0,205.8,1,1,0.8785
1427,43,40.53,68.48,33.21,26.39,1,1,1.0
1427,44,463.79,287.79,212.41,163.77,1,1,1.0
1427,45,719.36,226.56,199.83,97.85,1,1,0.8645
1428,34,70.4,101.33,159.93,165.27,1,1,1.0
1428,38,442.88,57.6,177.43,93.59,1,1,1.0
1428,41,624.0,62.93,337.0,205.8,1,1,0.8714
1428,43,40.53,68.69,33.43,26.17,1,1,1.0
1428,44,479.57,300.37,226.5,174.02,1,1,1.0
1428,45,706.99,222.72,193.85,94.44,1,1,0.8798
1429,34,70.4,101.33,159.93,165.27,1,1,1.0
1429,38,442.45,57.6,177.64,92.95,1,1,1.0
1429,41,624.0,62.93,337.0,205.8,1,1,0.865
1429,43,40.53,68.91,33.64,25.96,1,1,1.0
1429,44,495.36,312.96,240.57,184.25,1,1,1.0
1429,45,694.61,218.88,187.88,91.03,1,1,0.8734
1430,34,70.4,101.33,159.93,165.27,1,1,1.0
1430,38,442.03,57.6,177.85,92.31,1,1,1.0
1430,41,624.0,62.93,337.0,205.8,1,1,0.8592
1430,43,40.53,69.12,33.85,25.75,1,1,1.0
1430,44,511.15,325.55,254.65,194.49,1,1,1.0
1430,45,682.24,215.04,181.91,87.61,1,1,0.88
1431,34,70.4,101.33,159.93,165.27,1,1,1.0
1431,38,441.6,57.6,178.07,91.67,1,1,1.0
1431,41,624.0,62.93,337.0,205.8,1,1,0.8541
1431,43,40.53,69.33,34.07,25.53,1,1,1.0
1431,44,526.93,338.13,268.74,202.87,1,1,1.0
1431,45,669.87,211.2,175.93,84.2,1,1,0.8888
1432,34,70.4,101.33,159.93,165.27,1,1,1.0
1432,38,441.39,57.17,178.28,91.24,1,1,1.0
1432,41,624.0,62.93,337.0,205.8,1,1,0.8443
1432,43,40.96,68.91,32.57,25.96,1,1,1.0
1432,44,547.2,355.84,267.24,185.16,1,1,1.0
1432,45,658.99,206.29,172.94,82.28,1,1,0.9016
1433,34,70.4,101.33,159.93,165.27,1,1,1.0
1433,38,441.17,56.75,178.5,90.81,1,1,1.0
1433,41,624.0,62.93,337.0,205.8,1,1,0.835
1433,43,41.39,68.48,31.08,26.39,1,1,1.0
1433,44,567.47,373.55,265.74,167.45,1,1,1.0
1433,45,648.11,201.39,169.96,80.36,1,1,0.9143
1434,34,70.4,101.33,159.93,165.27,1,1,1.0
1434,38,440.96,56.32,178.71,90.39,1,1,1.0
1434,41,624.0,62.93,337.0,205.8,1,1,0.8261
1434,43,41.81,68.05,29.59,26.81,1,1,1.0
1434,44,587.73,391.25,264.26,149.75,1,1,1.0
1434,45,637.23,196.48,166.97,78.44,1,1,0.9249
1435,34,70.4,101.33,159.93,165.27,1,1,1.0
1435,38,440.75,55.89,178.92,89.96,1,1,1.0
1435,41,624.0,62.93,337.0,205.8,1,1,0.8191
1435,43,42.24,67.63,28.09,27.24,1,1,1.0
1435,44,608.0,408.96,262.76,132.04,1,1,1.0
1435,45,626.35,191.57,163.98,76.52,1,1,0.9285
1436,34,70.4,101.33,159.93,165.27,1,1,1.0
1436,38,440.53,55.47,179.14,89.53,1,1,1.0
1436,41,624.0,62.93,337.0,205.8,1,1,0.836
1436,43,42.67,67.2,26.6,27.67,1,1,1.0
1436,44,628.27,426.67,261.26,114.33,1,1,1.0
1436,45,615.47,186.67,161.0,74.6,1,1,0.9476
1436,46,118.4,56.53,38.33,30.87,1,1,1.0
1437,34,70.4,101.33,159.93,165.27,1,1,1.0
1437,38,439.89,55.25,179.78,90.82,1,1,1.0
1437,41,624.0,62.93,337.0,205.8,1,1,0.8539
1437,43,42.67,67.63,27.45,27.24,1,1,1.0
1437,45,605.87,183.47,157.16,72.89,1,1,0.9443
1437,46,120.11,57.39,37.9,31.08,1,1,1.0
1438,34,70.4,101.33,159.93,165.27,1,1,1.0
1438,38,439.25,55.04,180.42,92.09,1,1,1.0
1438,41,624.0,62.93,337.0,205.8,1,1,0.8711
1438,43,42.67,68.05,28.31,26.81,1,1,1.0
1438,45,596.27,180.27,153.32,71.18,1,1,0.9523
1438,46,121.81,58.24,37.48,31.29,1,1,1.0
1439,34,70.4,101.33,159.93,165.27,1,1,1.0
1439,38,438.61,54.83,181.06,93.37,1,1,1.0
1439,41,624.0,62.93,337.0,205.8,1,1,0.8876
1439,43,42.67,68.48,29.16,26.39,1,1,1.0
1439,45,586.67,177.07,149.48,69.48,1,1,0.9519
1439,46,123.52,59.09,37.05,31.51,1,1,1.0
1440,34,70.4,101.33,159.93,165.27,1,1,1.0
1440,38,437.97,54.61,181.7,94.66,1,1,1.0
1440,41,624.0,62.93,337.0,205.8,1,1,0.9035
1440,43,42.67,68.91,30.01,25.96,1,1,1.0
1440,45,577.07,173.87,145.64,67.77,1,1,0.9592
1440,46,125.23,59.95,36.62,31.72,1,1,1.0
1441,34,70.4,101.33,159.93,165.27,1,1,1.0
1441,38,437.33,54.4,182.34,95.93,1,1,1.0
1441,41,624.0,62.93,337.0,205.8,1,1,0.9188
1441,43,42.67,69.33,30.87,25.53,1,1,1.0
1441,45,567.47,170.67,141.8,66.06,1,1,0.9579
1441,46,126.93,60.8,36.2,31.93,1,1,1.0
1442,34,70.4,101.33,159.93,165.27,1,1,1.0
1442,38,437.12,53.33,181.69,96.15,1,1,1.0
1442,41,624.0,62.93,337.0,205.8,1,1,0.9309
1442,43,42.45,69.12,31.51,25.32,1,1,1.0
1442,45,559.36,167.04,138.6,64.79,1,1,0.9592
1442,46,128.21,60.8,36.63,31.93,1,1,1.0
1443,34,70.4,101.33,159.93,165.27,1,1,1.0
1443,38,436.91,52.27,181.05,96.36,1,1,1.0
1443,41,624.0,62.93,337.0,205.8,1,1,0.9426
1443,43,42.24,68.91,32.15,25.11,1,1,1.0
1443,45,551.25,163.41,135.4,63.51,1,1,0.9683
1443,46,129.49,60.8,37.06,31.93,1,1,1.0
1444,34,70.4,101.33,159.93,165.27,1,1,1.0
1444,38,436.69,51.2,180.42,96.57,1,1,1.0
1444,41,624.0,62.93,337.0,205.8,1,1,0.9539
1444,43,42.03,68.69,32.79,24.89,1,1,1.0
1444,45,543.15,159.79,132.2,62.22,1,1,0.972
1444,46,130.77,60.8,37.48,31.93,1,1,1.0
1445,34,70.4,101.33,159.93,165.27,1,1,1.0
1445,38,436.48,50.13,179.77,96.79,1,1,1.0
1445,41,624.0,62.93,337.0,205.8,1,1,0.9648
1445,43,41.81,68.48,33.43,24.68,1,1,1.0
1445,45,535.04,156.16,129.0,60.95,1,1,0.9783
1445,46,132.05,60.8,37.91,31.93,1,1,1.0
1446,34,70.4,101.33,159.93,165.27,1,1,1.0
1446,38,436.27,49.07,179.13,97.0,1,1,1.0
1446,41,624.0,62.93,337.0,205.8,1,1,0.9753
1446,43,41.6,68.27,34.07,24.47,1,1,1.0
1446,45,526.93,152.53,125.8,59.67,1,1,0.986
1446,46,133.33,60.8,38.34,31.93,1,1,1.0
1447,34,70.4,101.33,159.93,165.27,1,1,1.0
1447,38,435.2,48.64,178.49,97.0,1,1,1.0
1447,41,624.0,62.93,337.0,205.8,1,1,0.9841
1447,43,42.03,68.27,33.21,24.47,1,1,1.0
1447,45,520.32,149.76,122.39,59.03,1,1,0.9843
1447,46,134.4,61.23,38.97,31.93,1,1,1.0
1448,34,70.4,101.33,159.93,165.27,1,1,1.0
1448,38,434.13,48.21,177.86,97.0,1,1,1.0
1448,41,624.0,62.93,337.0,205.8,1,1,0.9927
1448,43,42.45,68.27,32.36,24.47,1,1,1.0
1448,45,513.71,146.99,118.97,58.38,1,1,0.9906
1448,46,135.47,61.65,39.61,31.93,1,1,1.0
1449,34,70.4,101.33,159.93,165.27,1,1,1.0
1449,38,433.07,47.79,177.21,97.0,1,1,1.0
1449,41,624.0,62.93,337.0,205.8,1,1,1.0
1449,43,42.88,68.27,31.51,24.47,1,1,1.0
1449,45,507.09,144.21,115.56,57.75,1,1,0.9866
1449,46,136.53,62.08,40.26,31.93,1,1,1.0
1450,34,70.4,101.33,159.93,165.27,1,1,1.0
1450,38,432.0,47.36,176.57,97.0,1,1,0.9816
1450,41,624.0,62.93,337.0,205.8,1,1,1.0
1450,43,43.31,68.27,30.65,24.47,1,1,1.0
1450,45,500.48,141.44,112.15,57.11,1,1,0.9872
1450,46,137.6,62.51,40.89,31.93,1,1,1.0
1451,34,70.4,101.33,159.93,165.27,1,1,1.0
1451,38,430.93,46.93,175.94,97.0,1,1,0.9665
1451,41,624.0,62.93,337.0,205.8,1,1,1.0
1451,43,43.73,68.27,29.8,24.47,1,1,1.0
1451,45,493.87,138.67,108.73,56.46,1,1,0.991
1451,46,138.67,62.93,41.53,31.93,1,1,1.0
1452,34,70.4,101.33,159.93,165.27,1,1,1.0
1452,38,430.51,47.15,175.5,96.36,1,1,0.9588
1452,41,624.0,62.93,337.0,205.8,1,1,1.0
1452,43,43.52,68.48,30.01,24.89,1,1,1.0
1452,45,488.11,136.96,106.38,55.19,1,1,0.9909
1452,46,140.16,64.21,41.75,32.36,1,1,1.0
1453,34,70.4,101.33,159.93,165.27,1,1,1.0
1453,38,430.08,47.36,175.08,95.72,1,1,0.9514
1453,41,624.0,62.93,337.0,205.8,1,1,1.0
1453,43,43.31,68.69,30.23,25.32,1,1,1.0
1453,45,482.35,135.25,104.04,53.91,1,1,0.9923
1453,46,141.65,65.49,41.96,32.79,1,1,1.0
1454,34,70.4,101.33,159.93,165.27,1,1,1.0
1454,38,429.65,47.57,174.66,95.08,1,1,0.9443
1454,41,624.0,62.93,337.0,205.8,1,1,1.0
1454,43,43.09,68.91,30.44,25.75,1,1,1.0
1454,45,476.59,133.55,101.69,52.62,1,1,0.9919
1454,46,143.15,66.77,42.17,33.21,1,1,1.0
1455,34,70.4,101.33,159.93,165.27,1,1,1.0
1455,38,429.23,47.79,174.22,94.44,1,1,0.9373
1455,41,624.0,62.93,337.0,205.8,1,1,1.0
1455,43,42.88,69.12,30.65,26.17,1,1,1.0
1455,45,470.83,131.84,99.34,51.35,1,1,0.9971
1455,46,144.64,68.05,42.39,33.64,1,1,1.0
1456,34,70.4,101.33,159.93,165.27,1,1,1.0
1456,38,428.8,48.0,173.8,93.8,1,1,0.9306
1456,41,624.0,62.93,337.0,205.8,1,1,1.0
1456,43,42.67,69.33,30.87,26.6,1,1,1.0
1456,45,465.07,130.13,97.0,50.07,1,1,0.9968
1456,46,146.13,69.33,42.6,34.07,1,1,1.0
1457,34,70.4,101.33,159.93,165.27,1,1,1.0
1457,38,427.52,48.43,173.8,93.16,1,1,0.9209
1457,41,624.0,62.93,337.0,205.8,1,1,1.0
1457,43,42.88,69.12,31.08,26.6,1,1,1.0
1457,45,459.73,128.21,95.72,49.0,1,1,0.9989
1457,46,148.05,70.4,43.03,34.71,1,1,1.0
1458,34,70.4,101.33,159.93,165.27,1,1,1.0
1458,38,426.24,48.85,173.8,92.52,1,1,0.9114
1458,41,624.0,62.93,337.0,205.8,1,1,1.0
1458,43,43.09,68.91,31.29,26.6,1,1,1.0
1458,45,454.4,126.29,94.44,47.94,1,1,0.9977
1458,46,149.97,71.47,43.46,35.34,1,1,1.0
1459,34,70.4,101.33,159.93,165.27,1,1,1.0
1459,38,424.96,49.28,173.8,91.88,1,1,0.902
1459,41,624.0,62.93,337.0,205.8,1,1,1.0
1459,43,43.31,68.69,31.51,26.6,1,1,1.0
1459,45,449.07,124.37,93.16,46.87,1,1,1.0
1459,46,151.89,72.53,43.88,35.99,1,1,1.0
1460,34,70.4,101.33,159.93,165.27,1,1,1.0
1460,38,423.68,49.71,173.8,91.24,1,1,0.8928
1460,41,624.0,62.93,337.0,205.8,1,1,1.0
1460,43,43.52,68.48,31.72,26.6,1,1,1.0
1460,45,443.73,122.45,91.88,45.8,1,1,0.9998
1460,46,153.81,73.6,44.31,36.63,1,1,1.0
1461,34,70.4,101.33,159.93,165.27,1,1,1.0
1461,38,422.4,50.13,173.8,90.6,1,1,0.8838
1461,41,624.0,62.93,337.0,205.8,1,1,1.0
1461,43,43.73,68.27,31.93,26.6,1,1,1.0
1461,45,438.4,120.53,90.6,44.74,1,1,1.0
1461,46,155.73,74.67,44.74,37.26,1,1,1.0
1462,34,70.4,101.33,159.93,165.27,1,1,1.0
1462,38,421.97,49.71,172.95,91.02,1,1,0.8727
1462,41,624.0,62.93,337.0,205.8,1,1,1.0
1462,43,43.31,67.84,31.72,27.03,1,1,1.0
1462,45,432.85,118.4,89.75,45.37,1,1,1.0
1462,46,157.23,75.31,45.58,37.69,1,1,1.0
1463,34,70.4,101.33,159.93,165.27,1,1,1.0
1463,38,421.55,49.28,172.09,91.45,1,1,0.8618
1463,41,624.0,62.93,337.0,205.8,1,1,1.0
1463,43,42.88,67.41,31.51,27.45,1,1,1.0
1463,45,427.31,116.27,88.89,46.01,1,1,0.9997
1463,46,158.72,75.95,46.44,38.12,1,1,1.0
1464,34,70.4,101.33,159.93,165.27,1,1,1.0
1464,38,421.12,48.85,171.24,91.88,1,1,0.8511
1464,41,624.0,62.93,337.0,205.8,1,1,1.0
1464,43,42.45,66.99,31.29,27.88,1,1,1.0
1464,45,421.76,114.13,88.04,46.66,1,1,0.9966
1464,46,160.21,76.59,47.3,38.54,1,1,1.0
1465,34,70.4,101.33,159.93,165.27,1,1,1.0
1465,38,420.69,48.43,170.39,92.3,1,1,0.8489
1465,41,624.0,62.93,337.0,205.8,1,1,1.0
1465,43,42.03,66.56,31.08,28.31,1,1,1.0
1465,45,416.21,112.0,87.19,47.29,1,1,0.9951
1465,46,161.71,77.23,48.14,38.97,1,1,1.0
1466,34,70.4,101.33,159.93,165.27,1,1,1.0
1466,38,420.27,48.0,169.53,92.73,1,1,0.8494
1466,41,624.0,62.93,337.0,205.8,1,1,1.0
1466,43,41.6,66.13,30.87,28.73,1,1,1.0
1466,45,410.67,109.87,86.33,47.93,1,1,0.9887
1466,46,163.2,77.87,49.0,39.4,1,1,1.0
1467,34,70.4,101.33,159.93,165.27,1,1,1.0
1467,38,419.2,48.0,168.89,92.95,1,1,0.8514
1467,41,624.0,62.93,337.0,205.8,1,1,1.0
1467,43,41.6,66.35,31.29,28.73,1,1,1.0
1467,45,406.61,108.37,84.2,47.3,1,1,0.9937
1467,46,165.12,79.57,49.64,39.62,1,1,1.0
1468,34,70.4,101.33,159.93,165.27,1,1,1.0
1468,38,418.13,48.0,168.26,93.16,1,1,0.8546
1468,41,624.0,62.93,337.0,205.8,1,1,1.0
1468,43,41.6,66.56,31.72,28.73,1,1,1.0
1468,45,402.56,106.88,82.07,46.65,1,1,0.995
1468,46,167.04,81.28,50.28,39.83,1,1,1.0
1469,34,70.4,101.33,159.93,165.27,1,1,1.0
1469,38,417.07,48.0,167.61,93.37,1,1,0.8589
1469,41,624.0,62.93,337.0,205.8,1,1,1.0
1469,43,41.6,66.77,32.15,28.73,1,1,1.0
1469,45,398.51,105.39,79.93,46.01,1,1,0.9947
1469,46,168.96,82.99,50.92,40.04,1,1,1.0
1470,34,70.4,101.33,159.93,165.27,1,1,1.0
1470,38,416.0,48.0,166.97,93.59,1,1,0.8643
1470,41,624.0,62.93,337.0,205.8,1,1,1.0
1470,43,41.6,66.99,32.57,28.73,1,1,1.0
1470,45,394.45,103.89,77.8,45.38,1,1,0.9944
1470,46,170.88,84.69,51.56,40.26,1,1,1.0
1471,34,70.4,101.33,159.93,165.27,1,1,1.0
1471,38,414.93,48.0,166.34,93.8,1,1,0.8709
1471,41,624.0,62.93,337.0,205.8,1,1,1.0
1471,43,41.6,67.2,33.0,28.73,1,1,1.0
1471,45,390.4,102.4,75.67,44.73,1,1,0.9942
1471,46,172.8,86.4,52.2,40.47,1,1,1.0
1472,34,70.4,101.33,159.93,165.27,1,1,1.0
1472,38,413.87,47.57,165.48,92.31,1,1,0.8794
1472,41,624.0,62.93,337.0,205.8,1,1,1.0
1472,43,41.39,66.56,33.0,29.16,1,1,1.0
1472,45,386.77,100.91,74.39,44.09,1,1,0.9991
1472,46,175.15,87.25,52.62,41.11,1,1,1.0
1473,34,70.4,101.33,159.93,165.27,1,1,1.0
1473,38,412.8,47.15,164.63,90.81,1,1,0.888
1473,41,624.0,62.93,337.0,205.8,1,1,1.0
1473,43,41.17,65.92,33.0,29.59,1,1,1.0
1473,45,383.15,99.41,73.1,43.46,1,1,0.9992
1473,46,177.49,88.11,53.06,41.74,1,1,1.0
1474,34,70.4,101.33,159.93,165.27,1,1,1.0
1474,38,411.73,46.72,163.78,89.32,1,1,0.8968
1474,41,624.0,62.93,337.0,205.8,1,1,1.0
1474,43,40.96,65.28,33.0,30.01,1,1,1.0
1474,45,379.52,97.92,71.83,42.81,1,1,0.9993
1474,46,179.84,88.96,53.48,42.39,1,1,1.0
1475,34,70.4,101.33,159.93,165.27,1,1,1.0
1475,38,410.67,46.29,162.92,87.83,1,1,0.9058
1475,41,624.0,62.93,337.0,205.8,1,1,1.0
1475,43,40.75,64.64,33.0,30.44,1,1,1.0
1475,45,375.89,96.43,70.55,42.17,1,1,0.9994
1475,46,182.19,89.81,53.9,43.03,1,1,1.0
1476,34,70.4,101.33,159.93,165.27,1,1,1.0
1476,38,409.6,45.87,162.07,86.33,1,1,0.915
1476,41,624.0,62.93,337.0,205.8,1,1,1.0
1476,43,40.53,64.0,33.0,30.87,1,1,1.0
1476,45,372.27,94.93,69.26,41.54,1,1,1.0
1476,46,184.53,90.67,54.34,43.66,1,1,1.0
1477,34,70.4,101.33,159.93,165.27,1,1,1.0
1477,38,408.75,45.23,162.28,86.97,1,1,0.9225
1477,41,624.0,62.93,337.0,205.8,1,1,1.0
1477,43,40.75,64.43,33.0,30.23,1,1,1.0
1477,45,368.64,93.87,68.63,40.89,1,1,1.0
1477,46,186.67,91.95,56.04,44.3,1,1,1.0
1478,34,70.4,101.33,159.93,165.27,1,1,1.0
1478,38,407.89,44.59,162.5,87.61,1,1,0.9305
1478,41,624.0,62.93,337.0,205.8,1,1,1.0
1478,43,40.96,64.85,33.0,29.59,1,1,1.0
1478,45,365.01,92.8,67.99,40.25,1,1,1.0
1478,46,188.8,93.23,57.75,44.94,1,1,1.0
1479,34,70.4,101.33,159.93,165.27,1,1,1.0
1479,38,407.04,43.95,162.71,88.25,1,1,0.9402
1479,41,624.0,62.93,337.0,205.8,1,1,1.0
1479,43,41.17,65.28,33.0,28.95,1,1,1.0
1479,45,361.39,91.73,67.34,39.62,1,1,1.0
1479,46,190.93,94.51,59.46,45.58,1,1,1.0
1480,34,70.4,101.33,159.93,165.27,1,1,1.0
1480,38,406.19,43.31,162.92,88.89,1,1,0.9508
1480,41,624.0,62.93,337.0,205.8,1,1,1.0
1480,43,41.39,65.71,33.0,28.31,1,1,1.0
1480,45,357.76,90.67,66.71,38.97,1,1,1.0
1480,46,193.07,95.79,61.16,46.22,1,1,1.0
1481,34,70.4,101.33,159.93,165.27,1,1,1.0
1481,38,405.33,42.67,163.14,89.53,1,1,0.961
1481,41,624.0,62.93,337.0,205.8,1,1,1.0
1481,43,41.6,66.13,33.0,27.67,1,1,1.0
1481,45,354.13,89.6,66.07,38.33,1,1,1.0
1481,46,195.2,97.07,62.87,46.86,1,1,1.0
1482,34,70.4,101.33,159.93,165.27,1,1,1.0
1482,38,404.05,42.88,161.64,89.11,1,1,0.9674
1482,41,624.0,62.93,337.0,205.8,1,1,1.0
1482,43,41.39,66.35,33.21,27.24,1,1,1.0
1482,45,351.15,88.11,65.0,38.76,1,1,1.0
1482,46,198.4,98.56,63.08,47.72,1,1,1.0
1483,34,70.4,101.33,159.93,165.27,1,1,1.0
1483,38,402.77,43.09,160.15,88.68,1,1,0.9743
1483,41,624.0,62.93,337.0,205.8,1,1,1.0
1483,43,41.17,66.56,33.43,26.81,1,1,1.0
1483,45,348.16,86.61,63.93,39.19,1,1,1.0
1483,46,201.6,100.05,63.29,48.58,1,1,1.0
1484,34,70.4,101.33,159.93,165.27,1,1,1.0
1484,38,401.49,43.31,158.66,88.25,1,1,0.9815
1484,41,624.0,62.93,337.0,205.8,1,1,1.0
1484,43,40.96,66.77,33.64,26.39,1,1,1.0
1484,45,345.17,85.12,62.87,39.61,1,1,1.0
1484,46,204.8,101.55,63.51,49.42,1,1,1.0
1485,34,70.4,101.33,159.93,165.27,1,1,1.0
1485,38,400.21,43.52,157.16,87.83,1,1,0.989
1485,41,624.0,62.93,337.0,205.8,1,1,1.0
1485,43,40.75,66.99,33.85,25.96,1,1,1.0
1485,45,342.19,83.63,61.8,40.04,1,1,1.0
1485,46,208.0,103.04,63.72,50.28,1,1,1.0
1486,34,70.4,101.33,159.93,165.27,1,1,1.0
1486,38,398.93,43.73,155.67,87.4,1,1,1.0
1486,41,624.0,62.93,337.0,205.8,1,1,1.0
1486,43,40.53,67.2,34.07,25.53,1,1,1.0
1486,45,339.2,82.13,60.73,40.47,1,1,0.9993
1486,46,211.2,104.53,63.93,51.14,1,1,1.0
1487,34,70.4,101.33,159.93,165.27,1,1,1.0
1487,38,398.29,43.52,154.82,86.97,1,1,1.0
1487,41,624.0,62.93,337.0,205.8,1,1,1.0
1487,43,40.96,66.99,33.85,26.39,1,1,1.0
1487,45,336.64,81.71,59.67,39.18,1,1,1.0
1487,46,214.83,106.67,65.21,52.41,1,1,1.0
1488,34,70.4,101.33,159.93,165.27,1,1,1.0
1488,38,397.65,43.31,153.96,86.54,1,1,1.0
1488,41,624.0,62.93,337.0,205.8,1,1,1.0
1488,43,41.39,66.77,33.64,27.24,1,1,1.0
1488,45,334.08,81.28,58.6,37.91,1,1,1.0
1488,46,218.45,108.8,66.5,53.69,1,1,1.0
1489,34,70.4,101.33,159.93,165.27,1,1,1.0
1489,38,397.01,43.09,153.11,86.12,1,1,1.0
1489,41,624.0,62.93,337.0,205.8,1,1,1.0
1489,43,41.81,66.56,33.43,28.09,1,1,1.0
1489,45,331.52,80.85,57.53,36.63,1,1,1.0
1489,46,222.08,110.93,67.77,54.98,1,1,1.0
1490,34,70.4,101.33,159.93,165.27,1,1,1.0
1490,38,396.37,42.88,152.26,85.69,1,1,1.0
1490,41,624.0,62.93,337.0,205.8,1,1,1.0
1490,43,42.24,66.35,33.21,28.95,1,1,1.0
1490,45,328.96,80.43,56.47,35.34,1,1,1.0
1490,46,225.71,113.07,69.05,56.25,1,1,1.0
1491,34,70.4,101.33,159.93,165.27,1,1,1.0
1491,38,395.73,42.67,151.4,85.26,1,1,1.0
1491,41,624.0,62.93,337.0,205.8,1,1,1.0
1491,43,42.67,66.13,33.0,29.8,1,1,1.0
1491,45,326.4,80.0,55.4,34.07,1,1,1.0
1491,46,229.33,115.2,70.34,57.53,1,1,1.0
1491,47,136.53,13.87,51.14,69.27,1,1,1.0
1492,34,70.4,101.33,159.93,165.27,1,1,1.0
1492,38,393.81,42.88,151.83,84.63,1,1,1.0
1492,41,624.0,62.93,337.0,205.8,1,1,1.0
1492,43,42.45,66.13,33.64,30.44,1,1,1.0
1492,45,324.05,78.72,54.98,34.49,1,1,1.0
1492,46,232.96,117.12,71.83,59.24,1,1,1.0
1492,47,136.96,14.51,51.56,69.27,1,1,1.0
1493,34,70.4,101.33,159.93,165.27,1,1,1.0
1493,38,391.89,43.09,152.26,83.99,1,1,1.0
1493,41,624.0,62.93,337.0,205.8,1,1,1.0
1493,43,42.24,66.13,34.28,31.08,1,1,1.0
1493,45,321.71,77.44,54.54,34.92,1,1,1.0
1493,46,236.59,119.04,73.32,60.95,1,1,1.0
1493,47,137.39,15.15,51.98,69.27,1,1,1.0
1494,34,70.4,101.33,159.93,165.27,1,1,1.0
1494,38,389.97,43.31,152.68,83.34,1,1,1.0
1494,41,624.0,62.93,337.0,205.8,1,1,1.0
1494,43,42.03,66.13,34.92,31.72,1,1,1.0
1494,45,319.36,76.16,54.12,35.35,1,1,1.0
1494,46,240.21,120.96,74.82,62.65,1,1,1.0
1494,47,137.81,15.79,52.42,69.27,1,1,1.0
1495,34,70.4,101.33,159.93,165.27,1,1,1.0
1495,38,388.05,43.52,153.11,82.71,1,1,1.0
1495,41,624.0,62.93,337.0,205.8,1,1,1.0
1495,43,41.81,66.13,35.56,32.36,1,1,1.0
1495,45,317.01,74.88,53.7,35.77,1,1,1.0
1495,46,243.84,122.88,76.31,64.36,1,1,1.0
1495,47,138.24,16.43,52.84,69.27,1,1,1.0
1496,34,70.4,101.33,159.93,165.27,1,1,1.0
1496,38,386.13,43.73,153.54,82.07,1,1,1.0
1496,41,624.0,62.93,337.0,205.8,1,1,1.0
1496,43,41.6,66.13,36.2,33.0,1,1,1.0
1496,45,314.67,73.6,53.26,36.2,1,1,1.0
1496,46,247.47,124.8,77.8,66.07,1,1,1.0
1496,47,138.67,17.07,53.26,69.27,1,1,1.0
1497,34,70.4,101.33,159.93,165.27,1,1,1.0
1497,38,385.49,43.52,152.04,81.43,1,1,1.0
1497,41,624.0,62.93,337.0,205.8,1,1,1.0
1497,43,42.24,66.99,35.77,31.93,1,1,1.0
1497,45,312.11,72.96,52.41,35.13,1,1,1.0
1497,46,251.52,127.79,79.72,66.92,1,1,1.0
1497,47,139.73,17.07,53.27,69.48,1,1,1.0
1498,34,70.4,101.33,159.93,165.27,1,1,1.0
1498,38,384.85,43.31,150.55,80.78,1,1,1.0
1498,41,624.0,62.93,337.0,205.8,1,1,1.0
1498,43,42.88,67.84,35.35,30.87,1,1,1.0
1498,45,309.55,72.32,51.56,34.07,1,1,1.0
1498,46,255.57,130.77,81.64,67.78,1,1,1.0
1498,47,140.8,17.07,53.27,69.69,1,1,1.0
1499,34,70.4,101.33,159.93,165.27,1,1,1.0
1499,38,384.21,43.09,149.06,80.15,1,1,1.0
1499,41,624.0,62.93,337.0,205.8,1,1,1.0
1499,43,43.52,68.69,34.92,29.8,1,1,1.0
1499,45,306.99,71.68,50.7,33.0,1,1,1.0
1499,46,259.63,133.76,83.56,68.63,1,1,1.0
1499,47,141.87,17.07,53.26,69.91,1,1,1.0
1500,34,70.4,101.33,159.93,165.27,1,1,1.0
1500,38,383.57,42.88,147.56,79.51,1,1,1.0
1500,41,624.0,62.93,337.0,205.8,1,1,1.0
1500,43,44.16,69.55,34.49,28.73,1,1,1.0
1500,45,304.43,71.04,49.85,31.93,1,1,1.0
1500,46,263.68,136.75,85.48,69.48,1,1,1.0
1500,47,142.93,17.07,53.27,70.12,1,1,1.0
1501,34,70.4,101.33,159.93,165.27,1,1,1.0
1501,38,382.93,42.67,146.07,78.86,1,1,1.0
1501,41,624.0,62.93,337.0,205.8,1,1,1.0
1501,43,44.8,70.4,34.07,27.67,1,1,1.0
1501,45,301.87,70.4,49.0,30.87,1,1,1.0
1501,46,267.73,139.73,87.4,70.34,1,1,1.0
1501,47,144.0,17.07,53.27,70.33,1,1,1.0
1502,34,70.4,101.33,159.93,165.27,1,1,1.0
1502,38,382.08,42.67,144.15,77.8,1,1,1.0
1502,41,624.0,62.93,337.0,205.8,1,1,1.0
1502,43,44.8,70.4,34.49,27.88,1,1,1.0
1502,45,299.95,69.76,48.78,30.65,1,1,1.0
1502,46,272.85,143.15,90.39,72.89,1,1,1.0
1502,47,144.43,17.07,53.48,70.97,1,1,1.0
1503,34,70.4,101.33,159.93,165.27,1,1,1.0
1503,38,381.23,42.67,142.22,76.73,1,1,1.0
1503,41,624.0,62.93,337.0,205.8,1,1,1.0
1503,43,44.8,70.4,34.92,28.09,1,1,1.0
1503,45,298.03,69.12,48.57,30.44,1,1,1.0
1503,46,277.97,146.56,93.38,75.45,1,1,1.0
1503,47,144.85,17.07,53.7,71.61,1,1,1.0
1504,34,70.4,101.33,159.93,165.27,1,1,1.0
1504,38,380.37,42.67,140.31,75.66,1,1,1.0
1504,41,624.0,62.93,337.0,205.8,1,1,1.0
1504,43,44.8,70.4,35.35,28.31,1,1,1.0
1504,45,296.11,68.48,48.36,30.23,1,1,1.0
1504,46,283.09,149.97,96.36,78.02,1,1,1.0
1504,47,145.28,17.07,53.91,72.25,1,1,1.0
1505,34,70.4,101.33,159.93,165.27,1,1,1.0
1505,38,379.52,42.67,138.39,74.6,1,1,1.0
1505,41,624.0,62.93,337.0,205.8,1,1,1.0
1505,43,44.8,70.4,35.77,28.52,1,1,1.0
1505,45,294.19,67.84,48.14,30.01,1,1,1.0
1505,46,288.21,153.39,99.35,80.57,1,1,1.0
1505,47,145.71,17.07,54.12,72.89,1,1,1.0
1506,34,70.4,101.33,159.93,165.27,1,1,1.0
1506,38,378.67,42.67,136.46,73.53,1,1,1.0
1506,41,624.0,62.93,337.0,205.8,1,1,1.0
1506,43,44.8,70.4,36.2,28.73,1,1,1.0
1506,45,292.27,67.2,47.93,29.8,1,1,1.0
1506,46,293.33,156.8,102.34,83.13,1,1,1.0
1506,47,146.13,17.07,54.34,73.53,1,1,1.0
1506,48,859.73,275.2,101.27,89.53,1,1,0.9621
1507,34,70.4,101.33,159.93,165.27,1,1,1.0
1507,38,376.96,42.03,137.11,73.96,1,1,1.0
1507,41,624.0,62.93,337.0,205.8,1,1,1.0
1507,43,45.23,70.19,35.99,28.95,1,1,1.0
1507,45,290.13,66.56,47.51,29.59,1,1,1.0
1507,46,300.16,160.21,104.47,85.7,1,1,1.0
1507,47,146.35,16.43,54.76,73.96,1,1,1.0
1507,48,843.52,269.44,117.48,93.16,1,1,0.9408
1508,34,70.4,101.33,159.93,165.27,1,1,1.0
1508,38,375.25,41.39,137.75,74.38,1,1,1.0
1508,41,624.0,62.93,337.0,205.8,1,1,0.9903
1508,43,45.65,69.97,35.77,29.16,1,1,1.0
1508,45,288.0,65.92,47.08,29.37,1,1,1.0
1508,46,306.99,163.63,106.6,88.25,1,1,1.0
1508,47,146.56,15.79,55.19,74.39,1,1,1.0
1508,48,827.31,263.68,133.69,96.79,1,1,0.9114
1509,34,70.4,101.33,159.93,165.27,1,1,1.0
1509,38,373.55,40.75,138.38,74.81,1,1,1.0
1509,41,624.0,62.93,337.0,205.8,1,1,0.9766
1509,43,46.08,69.76,35.56,29.37,1,1,1.0
1509,45,285.87,65.28,46.65,29.16,1,1,1.0
1509,46,313.81,167.04,108.74,90.81,1,1,1.0
1509,47,146.77,15.15,55.62,74.81,1,1,1.0
1509,48,811.09,257.92,149.91,100.41,1,1,0.8898
1510,34,70.4,101.33,159.93,165.27,1,1,1.0
1510,38,371.84,40.11,139.03,75.24,1,1,1.0
1510,41,624.0,62.93,337.0,205.8,1,1,0.9603
1510,43,46.51,69.55,35.35,29.59,1,1,1.0
1510,45,283.73,64.64,46.23,28.95,1,1,1.0
1510,46,320.64,170.45,110.87,93.38,1,1,1.0
1510,47,146.99,14.51,56.04,75.24,1,1,1.0
1510,48,794.88,252.16,166.12,104.04,1,1,0.8794
1511,34,70.4,101.33,159.93,165.27,1,1,1.0
1511,38,370.13,39.47,139.67,75.66,1,1,1.0
1511,41,624.0,62.93,337.0,205.8,1,1,0.9413
1511,43,46.93,69.33,35.13,29.8,1,1,1.0
1511,45,281.6,64.0,45.8,28.73,1,1,1.0
1511,46,327.47,173.87,113.0,95.93,1,1,1.0
1511,47,147.2,13.87,56.47,75.67,1,1,1.0
1511,48,778.67,246.4,182.33,107.67,1,1,0.8487
1512,34,70.4,101.33,159.93,165.27,1,1,1.0
1512,38,368.85,38.83,139.24,76.3,1,1,1.0
1512,41,624.0,62.93,337.0,205.8,1,1,0.921
1512,43,46.93,69.76,35.99,29.8,1,1,1.0
1512,45,279.68,63.15,45.59,28.95,1,1,1.0
1512,46,335.15,179.84,117.9,99.35,1,1,1.0
1512,47,148.27,14.51,55.82,76.09,1,1,1.0
1512,48,764.59,240.85,196.41,105.32,1,1,0.8705
1513,34,70.4,101.33,159.93,165.27,1,1,1.0
1513,38,367.57,38.19,138.82,76.94,1,1,1.0
1513,41,624.0,62.93,337.0,205.8,1,1,0.9073
1513,43,46.93,70.19,36.84,29.8,1,1,1.0
1513,45,277.76,62.29,45.37,29.16,1,1,1.0
1513,46,342.83,185.81,122.81,102.76,1,1,1.0
1513,47,149.33,15.15,55.19,76.52,1,1,1.0
1513,48,750.51,235.31,192.36,102.97,1,1,0.8786
1514,34,70.4,101.33,159.93,165.27,1,1,1.0
1514,38,366.29,37.55,138.39,77.58,1,1,1.0
1514,41,624.0,62.93,337.0,205.8,1,1,0.8894
1514,43,46.93,70.61,37.69,29.8,1,1,1.0
1514,45,275.84,61.44,45.16,29.37,1,1,1.0
1514,46,350.51,191.79,127.72,106.17,1,1,1.0
1514,47,150.4,15.79,54.55,76.95,1,1,1.0
1514,48,736.43,229.76,196.84,100.63,1,1,0.8917
1515,34,70.4,101.33,159.93,165.27,1,1,1.0
1515,38,365.01,36.91,137.96,78.22,1,1,1.0
1515,41,624.0,62.93,337.0,205.8,1,1,0.8708
1515,43,46.93,71.04,38.55,29.8,1,1,1.0
1515,45,273.92,60.59,44.95,29.59,1,1,1.0
1515,46,358.19,197.76,132.62,109.59,1,1,1.0
1515,47,151.47,16.43,53.9,77.37,1,1,1.0
1515,48,722.35,224.21,201.32,98.28,1,1,0.904
1516,34,70.4,101.33,159.93,165.27,1,1,1.0
1516,38,363.73,36.27,137.54,78.86,1,1,1.0
1516,41,624.0,62.93,337.0,205.8,1,1,0.8515
1516,43,46.93,71.47,39.4,29.8,1,1,1.0
1516,45,272.0,59.73,44.73,29.8,1,1,1.0
1516,46,365.87,203.73,137.53,113.0,1,1,1.0
1516,47,152.53,17.07,53.27,77.8,1,1,1.0
1516,48,708.27,218.67,205.8,95.93,1,1,0.9091
1517,34,70.4,101.33,159.93,165.27,1,1,1.0
1517,38,362.88,36.05,135.83,77.38,1,1,1.0
1517,41,624.0,62.93,337.0,205.8,1,1,0.8433
1517,43,47.57,71.47,39.19,29.58,1,1,1.0
1517,45,270.29,59.09,44.1,29.16,1,1,1.0
1517,46,376.32,210.35,144.36,118.97,1,1,1.0
1517,47,152.75,16.0,53.9,79.29,1,1,1.0
1517,48,696.53,214.4,200.04,93.16,1,1,0.9242
1518,34,70.4,101.33,159.93,165.27,1,1,1.0
1518,38,362.03,35.84,134.12,75.88,1,1,1.0
1518,41,624.0,62.93,337.0,205.8,1,1,0.8358
1518,43,48.21,71.47,38.97,29.37,1,1,1.0
1518,45,268.59,58.45,43.45,28.52,1,1,1.0
1518,46,386.77,216.96,151.19,124.95,1,1,1.0
1518,47,152.96,14.93,54.55,80.79,1,1,1.0
1518,48,684.8,210.13,194.28,90.39,1,1,0.932
1519,34,70.4,101.33,159.93,165.27,1,1,1.0
1519,38,361.17,35.63,132.42,74.38,1,1,1.0
1519,41,624.0,62.93,337.0,205.8,1,1,0.8291
1519,43,48.85,71.47,38.76,29.16,1,1,1.0
1519,45,266.88,57.81,42.81,27.88,1,1,1.0
1519,46,397.23,223.57,158.01,130.92,1,1,1.0
1519,47,153.17,13.87,55.19,82.28,1,1,1.0
1519,48,673.07,205.87,188.52,87.61,1,1,0.9402
1520,34,70.4,101.33,159.93,165.27,1,1,1.0
1520,38,360.32,35.41,130.71,72.9,1,1,1.0
1520,41,624.0,62.93,337.0,205.8,1,1,0.8231
1520,43,49.49,71.47,38.55,28.95,1,1,1.0
1520,45,265.17,57.17,42.18,27.24,1,1,1.0
1520,46,407.68,230.19,164.84,136.89,1,1,1.0
1520,47,153.39,12.8,55.82,83.77,1,1,1.0
1520,48,661.33,201.6,182.76,84.84,1,1,0.938
1521,34,70.4,101.33,159.93,165.27,1,1,1.0
1521,38,359.47,35.2,129.0,71.4,1,1,1.0
1521,41,624.0,62.93,337.0,205.8,1,1,0.8178
1521,43,50.13,71.47,38.33,28.73,1,1,1.0
1521,45,263.47,56.53,41.53,26.6,1,1,1.0
1521,46,418.13,236.8,171.67,142.87,1,1,1.0
1521,47,153.6,11.73,56.47,85.27,1,1,1.0
1521,48,649.6,197.33,177.0,82.07,1,1,0.952
1522,34,70.4,101.33,159.93,165.27,1,1,1.0
1522,38,357.97,35.41,128.79,70.55,1,1,1.0
1522,41,624.0,62.93,337.0,205.8,1,1,0.8139
1522,43,50.13,71.25,39.19,29.37,1,1,1.0
1522,45,261.97,55.89,41.11,27.03,1,1,1.0
1522,46,432.43,246.83,180.84,150.97,1,1,1.0
1522,47,154.24,11.31,56.47,86.12,1,1,1.0
1522,48,639.57,193.92,172.52,80.15,1,1,0.9464
1523,34,70.4,101.33,159.93,165.27,1,1,1.0
1523,38,356.48,35.63,128.57,69.69,1,1,1.0
1523,41,624.0,62.93,337.0,205.8,1,1,0.8105
1523,43,50.13,71.04,40.04,30.01,1,1,1.0
1523,45,260.48,55.25,40.68,27.45,1,1,1.0
1523,46,446.72,256.85,190.01,159.08,1,1,1.0
1523,47,154.88,10.88,56.47,86.97,1,1,1.0
1523,48,629.55,190.51,168.04,78.22,1,1,0.9529
1524,34,70.4,101.33,159.93,165.27,1,1,1.0
1524,38,354.99,35.84,128.36,68.84,1,1,1.0
1524,41,624.0,62.93,337.0,205.8,1,1,0.825
1524,43,50.13,70.83,40.89,30.65,1,1,1.0
1524,45,258.99,54.61,40.25,27.88,1,1,1.0
1524,46,461.01,266.88,199.19,167.19,1,1,1.0
1524,47,155.52,10.45,56.47,87.83,1,1,1.0
1524,48,619.52,187.09,163.56,76.31,1,1,0.9579
1525,34,70.4,101.33,159.93,165.27,1,1,1.0
1525,38,353.49,36.05,128.15,67.99,1,1,1.0
1525,41,624.0,62.93,337.0,205.8,1,1,0.8449
1525,43,50.13,70.61,41.75,31.3,1,1,1.0
1525,45,257.49,53.97,39.83,28.31,1,1,1.0
1525,46,475.31,276.91,208.36,175.29,1,1,1.0
1525,47,156.16,10.03,56.47,88.68,1,1,1.0
1525,48,609.49,183.68,159.08,74.39,1,1,0.9584
1526,34,70.4,101.33,159.93,165.27,1,1,1.0
1526,38,352.0,36.27,127.93,67.13,1,1,1.0
1526,41,624.0,62.93,337.0,205.8,1,1,0.8641
1526,43,50.13,70.4,42.6,31.93,1,1,1.0
1526,45,256.0,53.33,39.4,28.73,1,1,1.0
1526,46,489.6,286.93,217.53,183.4,1,1,1.0
1526,47,156.8,9.6,56.47,89.53,1,1,1.0
1526,48,599.47,180.27,154.6,72.46,1,1,0.9592
1527,34,70.4,101.33,159.93,165.27,1,1,1.0
1527,38,350.29,35.84,127.51,67.99,1,1,1.0
1527,41,624.0,62.93,337.0,205.8,1,1,0.8799
1527,43,50.99,71.25,42.17,31.72,1,1,0.9721
1527,45,254.72,53.12,38.97,28.52,1,1,1.0
1527,46,510.08,301.65,237.8,182.34,1,1,1.0
1527,47,158.29,10.45,56.26,89.11,1,1,1.0
1527,48,590.29,177.07,151.4,70.76,1,1,0.9578
1528,34,70.4,101.33,159.93,165.27,1,1,1.0
1528,38,348.59,35.41,127.08,68.84,1,1,1.0
1528,41,624.0,62.93,337.0,205.8,1,1,0.8951
1528,43,51.84,72.11,41.75,31.5,1,1,0.9598
1528,45,253.44,52.91,38.55,28.31,1,1,1.0
1528,46,530.56,316.37,258.07,181.27,1,1,1.0
1528,47,159.79,11.31,56.04,88.68,1,1,1.0
1528,48,581.12,173.87,148.2,69.05,1,1,0.9659
1529,34,70.4,101.33,159.93,165.27,1,1,1.0
1529,38,346.88,34.99,126.65,69.69,1,1,1.0
1529,41,624.0,62.93,337.0,205.8,1,1,0.9097
1529,43,52.69,72.96,41.32,31.29,1,1,0.9467
1529,45,252.16,52.69,38.12,28.09,1,1,1.0
1529,46,551.04,331.09,278.33,180.2,1,1,1.0
1529,47,161.28,12.16,55.83,88.25,1,1,1.0
1529,48,571.95,170.67,145.0,67.34,1,1,0.9643
1530,34,70.4,101.33,159.93,165.27,1,1,1.0
1530,38,345.17,34.56,126.23,70.55,1,1,1.0
1530,41,624.0,62.93,337.0,205.8,1,1,0.9237
1530,43,53.55,73.81,40.89,31.08,1,1,0.9327
1530,45,250.88,52.48,37.69,27.88,1,1,1.0
1530,46,571.52,345.81,298.6,179.14,1,1,1.0
1530,47,162.77,13.01,55.62,87.83,1,1,1.0
1530,48,562.77,167.47,141.8,65.64,1,1,0.9728
1531,34,70.4,101.33,159.93,165.27,1,1,1.0
1531,38,343.47,34.13,125.8,71.4,1,1,1.0
1531,41,624.0,62.93,337.0,205.8,1,1,0.9371
1531,43,54.4,74.67,40.47,30.86,1,1,0.9177
1531,45,249.6,52.27,37.27,27.67,1,1,1.0
1531,46,592.0,360.53,318.87,180.47,1,1,1.0
1531,47,164.27,13.87,55.4,87.4,1,1,1.0
1531,48,553.6,164.27,138.6,63.93,1,1,0.9735
1532,34,70.4,101.33,159.93,165.27,1,1,1.0
1532,38,343.04,34.56,124.31,70.33,1,1,1.0
1532,41,624.0,62.93,337.0,205.8,1,1,0.9477
1532,43,54.83,74.88,40.89,31.29,1,1,0.9042
1532,45,247.47,51.84,38.33,27.45,1,1,1.0
1532,46,624.21,381.01,295.83,159.99,1,1,1.0
1532,47,163.63,14.72,57.1,87.4,1,1,1.0
1532,48,546.13,161.28,135.4,63.08,1,1,0.9723
1533,34,70.4,101.33,159.93,165.27,1,1,1.0
1533,38,342.61,34.99,122.82,69.26,1,1,1.0
1533,41,624.0,62.93,337.0,205.8,1,1,0.9579
1533,43,55.25,75.09,41.32,31.72,1,1,0.8906
1533,45,245.33,51.41,39.4,27.24,1,1,1.0
1533,46,656.43,401.49,272.78,139.51,1,1,1.0
1533,47,162.99,15.57,58.81,87.4,1,1,1.0
1533,48,538.67,158.29,132.2,62.23,1,1,0.9789
1534,34,70.4,101.33,159.93,165.27,1,1,1.0
1534,38,342.19,35.41,121.32,68.2,1,1,1.0
1534,41,624.0,62.93,337.0,205.8,1,1,0.968
1534,43,55.68,75.31,41.75,32.14,1,1,0.8767
1534,45,243.2,50.99,40.47,27.03,1,1,1.0
1534,46,688.64,421.97,249.75,119.03,1,1,1.0
1534,47,162.35,16.43,60.52,87.4,1,1,1.0
1534,48,531.2,155.31,129.0,61.37,1,1,0.9792
1535,34,70.4,101.33,159.93,165.27,1,1,1.0
1535,38,341.76,35.84,119.83,67.13,1,1,1.0
1535,41,624.0,62.93,337.0,205.8,1,1,0.9777
1535,43,56.11,75.52,42.17,32.57,1,1,0.8628
1535,45,241.07,50.56,41.53,26.81,1,1,1.0
1535,46,720.85,442.45,226.71,98.55,1,1,1.0
1535,47,161.71,17.28,62.22,87.4,1,1,1.0
1535,48,523.73,152.32,125.8,60.52,1,1,0.9847
1536,34,70.4,101.33,159.93,165.27,1,1,1.0
1536,38,341.33,36.27,118.34,66.06,1,1,1.0
1536,41,624.0,62.93,337.0,205.8,1,1,0.9872
1536,43,56.53,75.73,42.6,33.0,1,1,0.8487
1536,45,238.93,50.13,42.6,26.6,1,1,1.0
1536,46,753.07,462.93,207.93,78.07,1,1,1.0
1536,47,161.07,18.13,63.93,87.4,1,1,1.0
1536,48,516.27,149.33,122.6,59.67,1,1,0.984
1537,34,71.25,100.91,159.72,166.54,1,1,1.0
1537,38,339.63,35.41,117.9,66.28,1,1,1.0
1537,41,624.0,62.93,337.0,205.8,1,1,0.9952
1537,43,57.39,75.52,42.81,33.43,1,1,0.8374
1537,45,238.29,49.71,40.9,26.17,1,1,1.0
1537,47,161.71,18.56,64.14,87.19,1,1,1.0
1537,48,509.87,146.77,119.82,58.39,1,1,0.987
1538,34,72.11,100.48,159.5,167.83,1,1,1.0
1538,38,337.92,34.56,117.48,66.49,1,1,1.0
1538,41,624.0,62.93,337.0,205.8,1,1,1.0
1538,43,58.24,75.31,43.03,33.85,1,1,0.8262
1538,45,237.65,49.28,39.19,25.75,1,1,1.0
1538,47,162.35,18.99,64.36,86.97,1,1,1.0
1538,48,503.47,144.21,117.05,57.11,1,1,0.9918
1539,34,72.96,100.05,159.29,169.11,1,1,1.0
1539,38,336.21,33.71,117.06,66.71,1,1,1.0
1539,41,624.0,62.93,337.0,205.8,1,1,1.0
1539,43,59.09,75.09,43.24,34.28,1,1,0.8153
1539,45,237.01,48.85,37.48,25.32,1,1,1.0
1539,47,162.99,19.41,64.57,86.76,1,1,1.0
1539,48,497.07,141.65,114.28,55.83,1,1,0.9967
1540,34,73.81,99.63,159.08,170.38,1,1,1.0
1540,38,334.51,32.85,116.62,66.92,1,1,1.0
1540,41,624.0,62.93,337.0,205.8,1,1,1.0
1540,43,59.95,74.88,43.45,34.71,1,1,0.8046
1540,45,236.37,48.43,35.78,24.89,1,1,1.0
1540,47,163.63,19.84,64.78,86.55,1,1,1.0
1540,48,490.67,139.09,111.5,54.55,1,1,0.9969
1541,34,74.67,99.2,158.86,171.67,1,1,1.0
1541,38,332.8,32.0,116.2,67.13,1,1,1.0
1541,41,624.0,62.93,337.0,205.8,1,1,1.0
1541,43,60.8,74.67,43.67,35.13,1,1,0.7941
1541,45,235.73,48.0,34.07,24.47,1,1,1.0
1541,47,164.27,20.27,65.0,86.33,1,1,1.0
1541,48,484.27,136.53,108.73,53.27,1,1,0.9973
1542,34,74.24,99.41,159.29,171.03,1,1,1.0
1542,38,331.73,31.79,115.35,66.71,1,1,1.0
1542,41,624.0,62.93,337.0,205.8,1,1,1.0
1542,43,61.23,74.88,43.45,35.35,1,1,0.7856
1542,47,165.76,20.05,64.79,87.83,1,1,1.0
1542,48,478.29,134.19,106.6,53.26,1,1,0.9975
1543,34,73.81,99.63,159.72,170.38,1,1,1.0
1543,38,330.67,31.57,114.49,66.28,1,1,1.0
1543,41,624.0,62.93,337.0,205.8,1,1,1.0
1543,43,61.65,75.09,43.24,35.56,1,1,0.7772
1543,47,167.25,19.84,64.58,89.32,1,1,1.0
1543,48,472.32,131.84,104.47,53.27,1,1,0.9964
1544,34,73.39,99.84,160.14,169.75,1,1,1.0
1544,38,329.6,31.36,113.64,65.85,1,1,1.0
1544,41,624.0,62.93,337.0,205.8,1,1,1.0
1544,43,62.08,75.31,43.03,35.77,1,1,0.7684
1544,47,168.75,19.63,64.36,90.81,1,1,1.0
1544,48,466.35,129.49,102.33,53.27,1,1,0.9956
1545,34,72.96,100.05,160.57,169.11,1,1,1.0
1545,38,328.53,31.15,112.79,65.43,1,1,1.0
1545,41,624.0,62.93,337.0,205.8,1,1,1.0
1545,43,62.51,75.52,42.81,35.99,1,1,0.7593
1545,47,170.24,19.41,64.15,92.31,1,1,1.0
1545,48,460.37,127.15,100.2,53.26,1,1,0.9929
1546,34,72.53,100.27,161.0,168.46,1,1,1.0
1546,38,327.47,30.93,111.93,65.0,1,1,1.0
1546,41,624.0,62.93,337.0,205.8,1,1,1.0
1546,43,62.93,75.73,42.6,36.2,1,1,0.7505
1546,47,171.73,19.2,63.94,93.8,1,1,1.0
1546,48,454.4,124.8,98.07,53.27,1,1,0.9917
1547,34,73.17,100.48,160.79,169.53,1,1,1.0
1547,38,326.19,30.93,111.5,65.0,1,1,1.0
1547,41,624.0,62.93,337.0,205.8,1,1,1.0
1547,43,63.79,76.37,42.81,35.35,1,1,0.7517
1547,47,173.01,18.99,63.94,93.8,1,1,1.0
1547,48,449.28,123.31,96.15,51.98,1,1,0.9958
1548,34,73.81,100.69,160.58,170.6,1,1,1.0
1548,38,324.91,30.93,111.08,65.0,1,1,1.0
1548,41,624.0,62.93,337.0,205.8,1,1,1.0
1548,43,64.64,77.01,43.03,34.5,1,1,0.7532
1548,47,174.29,18.77,63.94,93.8,1,1,1.0
1548,48,444.16,121.81,94.23,50.71,1,1,0.9964
1549,34,74.45,100.91,160.36,171.66,1,1,1.0
1549,38,323.63,30.93,110.65,65.0,1,1,1.0
1549,41,624.0,62.93,337.0,205.8,1,1,1.0
1549,43,65.49,77.65,43.24,33.64,1,1,0.7554
1549,47,175.57,18.56,63.94,93.8,1,1,1.0
1549,48,439.04,120.32,92.31,49.43,1,1,0.9993
1550,34,75.09,101.12,160.15,172.73,1,1,1.0
1550,38,322.35,30.93,110.22,65.0,1,1,1.0
1550,41,624.0,62.93,337.0,205.8,1,1,1.0
1550,43,66.35,78.29,43.45,32.79,1,1,0.7574
1550,47,176.85,18.35,63.94,93.8,1,1,1.0
1550,48,433.92,118.83,90.39,48.14,1,1,0.9989
1551,34,75.73,101.33,159.94,173.8,1,1,1.0
1551,38,321.07,30.93,109.8,65.0,1,1,1.0
1551,41,624.0,62.93,337.0,205.8,1,1,1.0
1551,43,67.2,78.93,43.67,31.94,1,1,0.7597
1551,47,178.13,18.13,63.94,93.8,1,1,1.0
1551,48,428.8,117.33,88.47,46.87,1,1,0.9999
1552,34,75.73,101.76,160.79,174.44,1,1,1.0
1552,38,319.15,30.93,109.37,64.36,1,1,1.0
1552,41,624.0,62.93,337.0,205.8,1,1,1.0
1552,43,67.63,79.36,43.66,31.93,1,1,0.7569
1552,47,178.77,18.13,64.36,95.08,1,1,1.0
1552,48,423.47,115.84,87.61,46.01,1,1,0.9977
1553,34,75.73,102.19,161.64,175.08,1,1,1.0
1553,38,317.23,30.93,108.94,63.72,1,1,1.0
1553,41,624.0,62.93,337.0,205.8,1,1,1.0
1553,43,68.05,79.79,43.67,31.93,1,1,0.7541
1553,47,179.41,18.13,64.79,96.36,1,1,1.0
1553,48,418.13,114.35,86.76,45.16,1,1,0.9993
1554,34,75.73,102.61,162.5,175.72,1,1,1.0
1554,38,315.31,30.93,108.52,63.08,1,1,1.0
1554,41,624.0,62.93,337.0,205.8,1,1,1.0
1554,43,68.48,80.21,43.67,31.94,1,1,0.7509
1554,47,180.05,18.13,65.22,97.64,1,1,1.0
1554,48,412.8,112.85,85.91,44.31,1,1,1.0
1555,34,75.73,103.04,163.35,176.36,1,1,1.0
1555,38,313.39,30.93,108.09,62.44,1,1,1.0
1555,41,624.0,62.93,337.0,205.8,1,1,1.0
1555,43,68.91,80.64,43.66,31.93,1,1,0.7482
1555,47,180.69,18.13,65.64,98.92,1,1,1.0
1555,48,407.47,111.36,85.05,43.45,1,1,0.9993
1556,34,75.73,103.47,164.2,177.0,1,1,1.0
1556,38,311.47,30.93,107.66,61.8,1,1,1.0
1556,41,624.0,62.93,337.0,205.8,1,1,1.0
1556,43,69.33,81.07,43.67,31.93,1,1,0.7453
1556,47,181.33,18.13,66.07,100.2,1,1,1.0
1556,48,402.13,109.87,84.2,42.6,1,1,0.9966
1557,34,75.95,103.04,163.98,178.07,1,1,1.0
1557,38,310.4,30.93,106.39,60.95,1,1,1.0
1557,41,624.0,62.93,337.0,205.8,1,1,1.0
1557,43,69.97,81.71,44.52,31.5,1,1,0.7205
1557,47,182.83,18.77,65.42,100.63,1,1,1.0
1557,48,397.65,108.16,82.71,42.39,1,1,0.9992
1558,34,76.16,102.61,163.77,179.14,1,1,1.0
1558,38,309.33,30.93,105.11,60.09,1,1,1.0
1558,41,624.0,62.93,337.0,205.8,1,1,1.0
1558,43,70.61,82.35,45.38,31.08,1,1,0.6945
1558,47,184.32,19.41,64.79,101.06,1,1,1.0
1558,48,393.17,106.45,81.22,42.18,1,1,0.9994
1559,34,76.37,102.19,163.56,180.2,1,1,1.0
1559,38,308.27,30.93,103.82,59.24,1,1,1.0
1559,41,624.0,62.93,337.0,205.8,1,1,1.0
1559,43,71.25,82.99,46.23,30.65,1,1,0.6678
1559,47,185.81,20.05,64.15,101.48,1,1,1.0
1559,48,388.69,104.75,79.72,41.96,1,1,0.9965
1560,34,76.59,101.76,163.34,181.27,1,1,1.0
1560,38,307.2,30.93,102.55,58.39,1,1,1.0
1560,41,624.0,62.93,337.0,205.8,1,1,1.0
1560,43,71.89,83.63,47.08,30.22,1,1,0.6399
1560,47,187.31,20.69,63.5,101.91,1,1,1.0
1560,48,384.21,103.04,78.23,41.75,1,1,0.9959
1561,34,76.8,101.33,163.13,182.34,1,1,1.0
1561,38,306.13,30.93,101.27,57.53,1,1,1.0
1561,41,624.0,62.93,337.0,205.8,1,1,1.0
1561,43,72.53,84.27,47.94,29.8,1,1,0.6106
1561,47,188.8,21.33,62.87,102.34,1,1,1.0
1561,48,379.73,101.33,76.74,41.54,1,1,0.9986
1562,34,76.8,101.97,164.63,180.42,1,1,1.0
1562,38,304.64,30.29,101.48,57.32,1,1,1.0
1562,41,624.0,62.93,337.0,205.8,1,1,1.0
1562,43,73.17,83.84,48.15,31.08,1,1,0.6147
1562,47,189.65,22.19,63.51,102.12,1,1,1.0
1562,48,376.11,100.05,75.88,40.9,1,1,0.9991
1563,34,76.8,102.61,166.12,178.5,1,1,1.0
1563,38,303.15,29.65,101.69,57.11,1,1,1.0
1563,41,624.0,62.93,337.0,205.8,1,1,1.0
1563,43,73.81,83.41,48.36,32.36,1,1,0.6184
1563,47,190.51,23.04,64.14,101.91,1,1,1.0
1563,48,372.48,98.77,75.03,40.26,1,1,0.9992
1564,34,76.8,103.25,167.61,176.58,1,1,1.0
1564,38,301.65,29.01,101.91,56.89,1,1,1.0
1564,41,624.0,62.93,337.0,205.8,1,1,1.0
1564,43,74.45,82.99,48.58,33.64,1,1,0.6215
1564,47,191.36,23.89,64.79,101.7,1,1,1.0
1564,48,368.85,97.49,74.18,39.62,1,1,1.0
1565,34,76.8,103.89,169.11,174.66,1,1,1.0
1565,38,300.16,28.37,102.12,56.68,1,1,1.0
1565,41,624.0,62.93,337.0,205.8,1,1,1.0
1565,43,75.09,82.56,48.79,34.92,1,1,0.6244
1565,47,192.21,24.75,65.43,101.48,1,1,1.0
1565,48,365.23,96.21,73.32,38.98,1,1,1.0
1566,34,76.8,104.53,170.6,172.74,1,1,1.0
1566,38,298.67,27.73,102.33,56.47,1,1,1.0
1566,41,624.0,62.93,337.0,205.8,1,1,1.0
1566,43,75.73,82.13,49.0,36.2,1,1,0.6271
1566,47,193.07,25.6,66.06,101.27,1,1,1.0
1566,48,361.6,94.93,72.47,38.34,1,1,1.0
1567,34,76.59,105.81,171.45,174.02,1,1,1.0
1567,38,297.39,27.95,101.26,56.04,1,1,1.0
1567,41,624.0,62.93,337.0,205.8,1,1,1.0
1567,43,76.16,82.56,49.64,35.77,1,1,0.653
1567,47,192.85,25.6,67.56,102.12,1,1,1.0
1567,48,358.19,93.65,71.18,37.91,1,1,1.0
1568,34,76.37,107.09,172.31,175.3,1,1,1.0
1568,38,296.11,28.16,100.2,55.61,1,1,1.0
1568,41,624.0,62.93,337.0,205.8,1,1,1.0
1568,43,76.59,82.99,50.28,35.34,1,1,0.682
1568,47,192.64,25.6,69.05,102.97,1,1,1.0
1568,48,354.77,92.37,69.91,37.48,1,1,1.0
1569,34,76.16,108.37,173.16,176.58,1,1,1.0
1569,38,294.83,28.37,99.13,55.19,1,1,1.0
1569,41,624.0,62.93,337.0,205.8,1,1,1.0
1569,43,77.01,83.41,50.92,34.92,1,1,0.7148
1569,47,192.43,25.6,70.54,103.83,1,1,1.0
1569,48,351.36,91.09,68.63,37.06,1,1,1.0
1570,34,75.95,109.65,174.01,177.86,1,1,1.0
1570,38,293.55,28.59,98.06,54.76,1,1,1.0
1570,41,624.0,62.93,337.0,205.8,1,1,1.0
1570,43,77.44,83.84,51.56,34.49,1,1,0.7483
1570,47,192.21,25.6,72.04,104.68,1,1,1.0
1570,48,347.95,89.81,67.34,36.63,1,1,1.0
1571,34,75.73,110.93,174.87,179.14,1,1,1.0
1571,38,292.27,28.8,97.0,54.33,1,1,1.0
1571,41,624.0,62.93,337.0,205.8,1,1,1.0
1571,43,77.87,84.27,52.2,34.06,1,1,0.7828
1571,47,192.0,25.6,73.53,105.53,1,1,1.0
1571,48,344.53,88.53,66.07,36.2,1,1,1.0
1572,34,76.59,110.29,174.22,179.99,1,1,1.0
1572,38,291.63,28.37,95.93,53.69,1,1,1.0
1572,41,624.0,62.93,337.0,205.8,1,1,1.0
1572,43,79.79,85.12,51.56,32.79,1,1,0.7676
1572,47,194.13,26.03,72.9,105.74,1,1,1.0
1572,48,340.91,87.25,65.42,36.42,1,1,1.0
1573,34,77.44,109.65,173.59,180.84,1,1,1.0
1573,38,290.99,27.95,94.86,53.05,1,1,1.0
1573,41,624.0,62.93,337.0,205.8,1,1,1.0
1573,43,81.71,85.97,50.92,31.51,1,1,0.7515
1573,47,196.27,26.45,72.25,105.96,1,1,1.0
1573,48,337.28,85.97,64.79,36.63,1,1,1.0
1574,34,78.29,109.01,172.95,181.7,1,1,1.0
1574,38,290.35,27.52,93.8,52.41,1,1,1.0
1574,41,624.0,62.93,337.0,205.8,1,1,1.0
1574,43,83.63,86.83,50.28,30.22,1,1,0.734
1574,47,198.4,26.88,71.61,106.17,1,1,1.0
1574,48,333.65,84.69,64.15,36.84,1,1,1.0
1575,34,79.15,108.37,172.3,182.55,1,1,1.0
1575,38,289.71,27.09,92.73,51.77,1,1,1.0
1575,41,624.0,62.93,337.0,205.8,1,1,1.0
1575,43,85.55,87.68,49.64,28.95,1,1,0.7147
1575,47,200.53,27.31,70.98,106.38,1,1,1.0
1575,48,330.03,83.41,63.5,37.06,1,1,0.9948
1576,34,80.0,107.73,171.67,183.4,1,1,1.0
1576,38,289.07,26.67,91.66,51.13,1,1,1.0
1576,41,624.0,62.93,337.0,205.8,1,1,1.0
1576,43,87.47,88.53,49.0,27.67,1,1,0.6939
1576,47,202.67,27.73,70.33,106.6,1,1,1.0
1576,48,326.4,82.13,62.87,37.27,1,1,0.998
1577,34,79.79,106.67,172.94,185.53,1,1,1.0
1577,38,288.0,27.09,91.03,50.28,1,1,1.0
1577,41,624.0,62.93,337.0,205.8,1,1,1.0
1577,43,88.11,88.75,50.06,29.16,1,1,0.6146
1577,47,203.52,26.88,70.97,108.09,1,1,1.0
1577,48,323.84,81.49,61.16,36.2,1,1,1.0
1578,34,79.57,105.6,174.23,187.67,1,1,1.0
1578,38,286.93,27.52,90.39,49.43,1,1,1.0
1578,41,624.0,62.93,337.0,205.8,1,1,1.0
1578,43,88.75,88.96,51.13,30.65,1,1,0.5429
1578,47,204.37,26.03,71.62,109.58,1,1,1.0
1578,48,321.28,80.85,59.45,35.14,1,1,1.0
1579,34,79.36,104.53,175.51,189.8,1,1,1.0
1579,38,285.87,27.95,89.74,48.57,1,1,1.0
1579,41,624.0,62.93,337.0,205.8,1,1,1.0
1579,43,89.39,89.17,52.2,32.15,1,1,0.4777
1579,47,205.23,25.17,72.25,111.08,1,1,1.0
1579,48,318.72,80.21,57.75,34.07,1,1,0.9997
1580,34,79.15,103.47,176.78,191.93,1,1,1.0
1580,38,284.8,28.37,89.11,47.72,1,1,1.0
1580,41,624.0,62.93,337.0,205.8,1,1,1.0
1580,43,90.03,89.39,53.26,33.64,1,1,0.4186
1580,47,206.08,24.32,72.89,112.57,1,1,1.0
1580,48,316.16,79.57,56.04,33.0,1,1,1.0
1581,34,78.93,102.4,178.07,194.07,1,1,1.0
1581,38,283.73,28.8,88.47,46.87,1,1,1.0
1581,41,624.0,62.93,337.0,205.8,1,1,1.0
1581,43,90.67,89.6,54.33,35.13,1,1,0.3644
1581,47,206.93,23.47,73.54,114.06,1,1,1.0
1581,48,313.6,78.93,54.33,31.94,1,1,1.0
1582,34,78.93,103.68,180.2,194.71,1,1,1.0
1582,38,282.67,27.95,87.82,47.29,1,1,1.0
1582,41,624.0,62.93,337.0,205.8,1,1,1.0
1582,43,91.73,89.39,54.12,35.13,1,1,0.4068
1582,47,206.51,25.17,75.45,113.43,1,1,1.0
1582,48,311.04,77.44,53.91,32.36,1,1,1.0
1583,34,78.93,104.96,182.34,195.35,1,1,1.0
1583,38,281.6,27.09,87.19,47.72,1,1,0.9788
1583,41,624.0,62.93,337.0,205.8,1,1,1.0
1583,43,92.8,89.17,53.91,35.14,1,1,0.4493
1583,47,206.08,26.88,77.37,112.79,1,1,1.0
1583,48,308.48,75.95,53.48,32.78,1,1,1.0
1584,34,78.93,106.24,184.47,195.99,1,1,1.0
1584,38,280.53,26.24,86.55,48.15,1,1,0.9514
1584,41,624.0,62.93,337.0,205.8,1,1,1.0
1584,43,93.87,88.96,53.69,35.13,1,1,0.4919
1584,47,205.65,28.59,79.3,112.14,1,1,1.0
1584,48,305.92,74.45,53.05,33.22,1,1,1.0
1585,34,78.93,107.52,186.6,196.63,1,1,1.0
1585,38,279.47,25.39,85.9,48.57,1,1,0.9271
1585,41,624.0,62.93,337.0,205.8,1,1,1.0
1585,43,94.93,88.75,53.48,35.13,1,1,0.5343
1585,47,205.23,30.29,81.21,111.51,1,1,1.0
1585,48,303.36,72.96,52.63,33.64,1,1,1.0
1586,34,78.93,108.8,188.74,197.27,1,1,1.0
1586,38,278.4,24.53,85.27,49.0,1,1,0.8795
1586,41,624.0,62.93,337.0,205.8,1,1,1.0
1586,43,96.0,88.53,53.27,35.14,1,1,0.5768
1586,47,204.8,32.0,83.13,110.87,1,1,1.0
1586,48,300.8,71.47,52.2,34.06,1,1,1.0
1587,34,79.57,110.08,188.52,196.2,1,1,1.0
1587,38,274.77,23.89,86.76,49.43,1,1,0.8263
1587,41,624.0,62.93,337.0,205.8,1,1,1.0
1587,43,97.28,89.17,53.05,35.35,1,1,0.5915
1587,47,208.0,32.43,82.07,111.72,1,1,1.0
1587,48,297.6,71.04,52.2,33.43,1,1,1.0
1588,34,80.21,111.36,188.31,195.13,1,1,1.0
1588,38,271.15,23.25,88.25,49.85,1,1,0.7778
1588,41,624.0,62.93,337.0,205.8,1,1,1.0
1588,43,98.56,89.81,52.84,35.56,1,1,0.606
1588,47,211.2,32.85,81.0,112.58,1,1,1.0
1588,48,294.4,70.61,52.2,32.79,1,1,1.0
1589,34,80.85,112.64,188.1,194.07,1,1,1.0
1589,38,267.52,22.61,89.75,50.28,1,1,0.7352
1589,41,624.0,62.93,337.0,205.8,1,1,1.0
1589,43,99.84,90.45,52.63,35.78,1,1,0.6201
1589,47,214.4,33.28,79.93,113.43,1,1,1.0
1589,48,291.2,70.19,52.2,32.14,1,1,0.9399
1590,34,81.49,113.92,187.88,193.0,1,1,1.0
1590,38,263.89,21.97,91.24,50.71,1,1,0.698
1590,41,624.0,62.93,337.0,205.8,1,1,1.0
1590,43,101.12,91.09,52.41,35.99,1,1,0.6343
1590,47,217.6,33.71,78.87,114.28,1,1,1.0
1590,48,288.0,69.76,52.2,31.51,1,1,0.8377
1591,34,82.13,115.2,187.67,191.93,1,1,1.0
1591,38,260.27,21.33,92.73,51.13,1,1,0.6647
1591,41,624.0,62.93,337.0,205.8,1,1,1.0
1591,43,102.4,91.73,52.2,36.2,1,1,0.6483
1591,47,220.8,34.13,77.8,115.14,1,1,1.0
1591,48,284.8,69.33,52.2,30.87,1,1,0.7356
1592,34,82.77,115.84,188.74,193.43,1,1,1.0
1592,38,260.91,22.19,90.6,50.07,1,1,0.6303
1592,41,624.0,62.93,337.0,205.8,1,1,1.0
1592,43,103.47,92.16,52.41,37.05,1,1,0.6391
1592,47,220.8,33.49,79.51,116.84,1,1,1.0
1592,48,282.24,67.84,51.99,31.51,1,1,0.6524
1593,34,83.41,116.48,189.8,194.92,1,1,1.0
1593,38,261.55,23.04,88.46,49.0,1,1,0.5955
1593,41,624.0,62.93,337.0,205.8,1,1,1.0
1593,43,104.53,92.59,52.63,37.9,1,1,0.6304
1593,47,220.8,32.85,81.21,118.55,1,1,1.0
1593,48,279.68,66.35,51.77,32.15,1,1,0.5687
1594,34,84.05,117.12,190.87,196.41,1,1,1.0
1594,38,262.19,23.89,86.33,47.93,1,1,0.5604
1594,41,624.0,62.93,337.0,205.8,1,1,1.0
1594,43,105.6,93.01,52.84,38.76,1,1,0.622
1594,47,220.8,32.21,82.92,120.26,1,1,1.0
1594,48,277.12,64.85,51.56,32.79,1,1,0.4841
1595,34,84.69,117.76,191.94,197.91,1,1,1.0
1595,38,262.83,24.75,84.2,46.87,1,1,0.5249
1595,41,624.0,62.93,337.0,205.8,1,1,1.0
1595,43,106.67,93.44,53.05,39.61,1,1,0.614
1595,47,220.8,31.57,84.63,121.96,1,1,1.0
1595,48,274.56,63.36,51.35,33.43,1,1,0.3988
1596,34,85.33,118.4,193.0,199.4,1,1,1.0
1596,38,263.47,25.6,82.06,45.8,1,1,0.4893
1596,41,624.0,62.93,337.0,205.8,1,1,1.0
1596,43,107.73,93.87,53.27,40.46,1,1,0.6063
1596,47,220.8,30.93,86.33,123.67,1,1,1.0
1596,48,272.0,61.87,51.13,34.07,1,1,0.3129
1597,34,85.76,118.4,194.28,200.25,1,1,1.0
1597,38,262.61,24.96,81.22,46.44,1,1,0.4737
1597,41,624.0,62.93,337.0,205.8,1,1,1.0
1597,43,108.37,94.51,54.34,39.82,1,1,0.6
1597,47,222.72,31.36,87.19,124.73,1,1,1.0
1597,48,267.95,61.23,50.92,33.43,1,1,0.176
1598,34,86.19,118.4,195.56,201.11,1,1,1.0
1598,38,261.76,24.32,80.36,47.08,1,1,0.4614
1598,41,624.0,62.93,337.0,205.8,1,1,1.0
1598,43,109.01,95.15,55.4,39.18,1,1,0.5934
1598,47,224.64,31.79,88.04,125.8,1,1,1.0
1598,48,263.89,60.59,50.71,32.79,1,1,0.0379
1599,34,86.61,118.4,196.84,201.96,1,1,1.0
1599,38,260.91,23.68,79.5,47.72,1,1,0.4366
1599,41,624.0,62.93,337.0,205.8,1,1,1.0
1599,43,109.65,95.79,56.47,38.54,1,1,0.5867
1599,47,226.56,32.21,88.89,126.87,1,1,1.0
1599,48,259.84,59.95,50.49,32.15,1,1,0.0
1600,34,87.04,118.4,198.12,202.81,1,1,1.0
1600,38,260.05,23.04,78.66,48.36,1,1,0.4072
1600,41,624.0,62.93,337.0,205.8,1,1,1.0
1600,43,110.29,96.43,57.54,37.9,1,1,0.5797
1600,47,228.48,32.64,89.75,127.93,1,1,1.0
1600,48,255.79,59.31,50.28,31.51,1,1,0.0
1601,34,87.47,118.4,199.4,203.67,1,1,1.0
1601,38,259.2,22.4,77.8,49.0,1,1,0.3786
1601,41,624.0,62.93,337.0,205.8,1,1,1.0
1601,43,110.93,97.07,58.6,37.26,1,1,0.5725
1601,47,230.4,33.07,90.6,129.0,1,1,1.0
1601,48,251.73,58.67,50.07,30.87,1,1,0.0
1602,34,87.25,119.68,202.18,206.23,1,1,1.0
1602,41,624.0,62.93,337.0,205.8,1,1,1.0
1602,43,112.64,97.28,57.96,37.91,1,1,0.5909
1602,47,232.53,35.63,89.96,127.72,1,1,1.0
1602,48,253.87,57.81,50.92,31.51,1,1,0.0
1603,34,87.04,120.96,204.95,208.79,1,1,1.0
1603,41,624.0,62.93,337.0,205.8,1,1,1.0
1603,43,114.35,97.49,57.32,38.55,1,1,0.6088
1603,47,234.67,38.19,89.32,126.44,1,1,1.0
1603,48,256.0,56.96,51.77,32.15,1,1,0.0
1604,34,86.83,122.24,207.72,211.35,1,1,1.0
1604,41,624.0,62.93,337.0,205.8,1,1,1.0
1604,43,116.05,97.71,56.68,39.18,1,1,0.6261
1604,47,236.8,40.75,88.68,125.16,1,1,1.0
1604,48,258.13,56.11,52.63,32.79,1,1,0.0
1605,34,86.61,123.52,210.5,213.91,1,1,1.0
1605,41,624.0,62.93,337.0,205.8,1,1,1.0
1605,43,117.76,97.92,56.04,39.83,1,1,0.6427
1605,47,238.93,43.31,88.04,123.88,1,1,1.0
1605,48,260.27,55.25,53.48,33.43,1,1,0.0
1606,34,86.4,124.8,213.27,216.47,1,1,1.0
1606,41,624.0,62.93,337.0,205.8,1,1,1.0
1606,43,119.47,98.13,55.4,40.47,1,1,0.659
1606,47,241.07,45.87,87.4,122.6,1,1,1.0
1606,48,262.4,54.4,54.33,34.07,1,1,0.0
1607,34,87.04,124.8,214.12,218.39,1,1,1.0
1607,41,624.0,62.93,337.0,205.8,1,1,1.0
1607,43,120.96,98.99,54.33,39.4,1,1,0.6551
1607,47,241.28,45.87,89.53,124.73,1,1,1.0
1607,48,259.95,54.4,53.58,33.53,1,1,0.0
1608,34,87.68,124.8,214.97,220.31,1,1,1.0
1608,41,624.0,62.93,337.0,205.8,1,1,1.0
1608,43,122.45,99.84,53.27,38.33,1,1,0.6512
1608,47,241.49,45.87,91.67,126.86,1,1,1.0
1608,48,257.49,54.4,52.84,33.0,1,1,0.0
1609,34,88.32,124.8,215.83,222.23,1,1,1.0
1609,41,624.0,62.93,337.0,205.8,1,1,1.0
1609,43,123.95,100.69,52.2,37.27,1,1,0.6469
1609,47,241.71,45.87,93.8,129.0,1,1,1.0
1609,48,255.04,54.4,52.09,32.47,1,1,0.0
1610,34,88.96,124.8,216.68,224.15,1,1,1.0
1610,41,624.0,62.93,337.0,205.8,1,1,1.0
1610,43,125.44,101.55,51.13,36.2,1,1,0.6423
1610,47,241.92,45.87,95.93,131.13,1,1,1.0
1610,48,252.59,54.4,51.34,31.93,1,1,0.0
1611,34,89.6,124.8,217.53,226.07,1,1,1.0
1611,41,624.0,62.93,337.0,205.8,1,1,1.0
1611,43,126.93,102.4,50.07,35.13,1,1,0.6376
1611,47,242.13,45.87,98.07,133.26,1,1,1.0
1611,48,250.13,54.4,50.6,31.4,1,1,0.0
1612,34,90.45,125.65,218.82,227.99,1,1,1.0
1612,41,624.0,62.93,337.0,205.8,1,1,1.0
1612,43,128.0,103.25,51.35,34.92,1,1,0.6415
1612,47,245.76,48.21,97.21,132.2,1,1,1.0
1612,48,247.68,54.4,49.85,30.87,1,1,0.0
1613,34,91.31,126.51,220.09,229.9,1,1,1.0
1613,41,624.0,62.93,337.0,205.8,1,1,1.0
1613,43,129.07,104.11,52.62,34.7,1,1,0.6455
1613,47,249.39,50.56,96.36,131.13,1,1,1.0
1613,48,245.23,54.4,49.1,30.33,1,1,0.074
1614,34,92.16,127.36,221.37,231.83,1,1,1.0
1614,41,624.0,62.93,337.0,205.8,1,1,1.0
1614,43,130.13,104.96,53.91,34.49,1,1,0.6495
1614,47,253.01,52.91,95.51,130.06,1,1,1.0
1614,48,242.77,54.4,48.36,29.8,1,1,0.1855
1615,34,93.01,128.21,222.66,233.75,1,1,1.0
1615,41,624.0,62.93,337.0,205.8,1,1,1.0
1615,43,131.2,105.81,55.19,34.28,1,1,0.6534
1615,47,256.64,55.25,94.65,129.0,1,1,1.0
1615,48,240.32,54.4,47.61,29.27,1,1,0.3236
1616,34,93.87,129.07,223.93,235.66,1,1,1.0
1616,41,624.0,62.93,337.0,205.8,1,1,1.0
1616,43,132.27,106.67,56.46,34.06,1,1,0.6577
1616,47,260.27,57.6,93.8,127.93,1,1,1.0
1616,48,237.87,54.4,46.86,28.73,1,1,0.4879
1617,34,95.57,130.56,226.5,239.51,1,1,1.0
1617,41,624.0,62.93,337.0,205.8,1,1,1.0
1617,43,132.91,107.09,57.74,35.35,1,1,0.6639
1617,47,260.69,56.96,96.58,130.49,1,1,1.0
1617,48,235.95,53.76,44.73,27.45,1,1,0.5604
1618,34,97.28,132.05,229.05,243.35,1,1,1.0
1618,41,624.0,62.93,337.0,205.8,1,1,1.0
1618,43,133.55,107.52,59.02,36.63,1,1,0.6697
1618,47,261.12,56.32,99.35,133.05,1,1,1.0
1618,48,234.03,53.12,42.6,26.17,1,1,0.6563
1619,34,98.99,133.55,231.61,247.18,1,1,1.0
1619,41,624.0,62.93,337.0,205.8,1,1,1.0
1619,43,134.19,107.95,60.3,37.9,1,1,0.6755
1619,47,261.55,55.68,102.12,135.61,1,1,1.0
1619,48,232.11,52.48,40.46,24.89,1,1,0.7481
1620,34,100.69,135.04,234.18,251.03,1,1,1.0
1620,41,624.0,62.93,337.0,205.8,1,1,1.0
1620,43,134.83,108.37,61.58,39.19,1,1,0.6805
1620,47,261.97,55.04,104.9,138.17,1,1,1.0
1620,48,230.19,51.84,38.33,23.61,1,1,0.9969
1621,34,102.4,136.53,236.73,254.87,1,1,1.0
1621,41,624.0,62.93,337.0,205.8,1,1,1.0
1621,43,135.47,108.8,62.86,40.47,1,1,0.6852
1621,47,262.4,54.4,107.67,140.73,1,1,1.0
1621,48,228.27,51.2,36.2,22.33,1,1,1.0
1622,34,102.83,136.11,238.22,259.13,1,1,1.0
1622,41,624.0,62.93,337.0,205.8,1,1,1.0
1622,43,136.96,109.01,63.29,41.75,1,1,0.6491
1622,47,265.17,55.04,107.67,142.23,1,1,1.0
1622,48,226.77,50.35,35.99,22.97,1,1,1.0
1623,34,103.25,135.68,239.72,263.4,1,1,1.0
1623,41,624.0,62.93,337.0,205.8,1,1,1.0
1623,43,138.45,109.23,63.72,43.02,1,1,0.6148
1623,47,267.95,55.68,107.66,143.72,1,1,1.0
1623,48,225.28,49.49,35.77,23.61,1,1,0.9964
1624,34,103.68,135.25,241.21,267.67,1,1,1.0
1624,41,624.0,62.93,337.0,205.8,1,1,1.0
1624,43,139.95,109.44,64.14,44.31,1,1,0.5825
1624,47,270.72,56.32,107.67,145.21,1,1,1.0
1624,48,223.79,48.64,35.56,24.25,1,1,0.9832
1625,34,104.11,134.83,242.7,271.93,1,1,1.0
1625,41,624.0,62.93,337.0,205.8,1,1,1.0
1625,43,141.44,109.65,64.57,45.59,1,1,0.5523
1625,47,273.49,56.96,107.67,146.71,1,1,1.0
1625,48,222.29,47.79,35.35,24.89,1,1,0.9796
1626,34,104.53,134.4,244.2,276.2,1,1,1.0
1626,41,624.0,62.93,337.0,205.8,1,1,1.0
1626,43,142.93,109.87,65.0,46.86,1,1,0.5235
1626,47,276.27,57.6,107.66,148.2,1,1,1.0
1626,48,220.8,46.93,35.13,25.53,1,1,0.9807
1627,34,105.17,136.53,248.04,278.76,1,1,1.0
1627,41,624.0,62.93,337.0,205.8,1,1,1.0
1627,43,144.64,110.93,65.0,46.44,1,1,0.5512
1627,47,277.76,59.09,109.59,148.63,1,1,1.0
1628,34,105.81,138.67,251.88,281.32,1,1,1.0
1628,41,624.0,62.93,337.0,205.8,1,1,1.0
1628,43,146.35,112.0,65.0,46.01,1,1,0.5797
1628,47,279.25,60.59,111.51,149.05,1,1,1.0
1629,34,106.45,140.8,255.72,283.88,1,1,1.0
1629,41,624.0,62.93,337.0,205.8,1,1,1.0
1629,43,148.05,113.07,65.0,45.58,1,1,0.6084
1629,47,280.75,62.08,113.42,149.48,1,1,1.0
1630,34,107.09,142.93,259.56,286.44,1,1,1.0
1630,41,624.0,62.93,337.0,205.8,1,1,1.0
1630,43,149.76,114.13,65.0,45.16,1,1,0.6377
1630,47,282.24,63.57,115.35,149.91,1,1,1.0
1631,34,107.73,145.07,263.4,289.0,1,1,1.0
1631,41,624.0,62.93,337.0,205.8,1,1,1.0
1631,43,151.47,115.2,65.0,44.73,1,1,0.6678
1631,47,283.73,65.07,117.27,150.33,1,1,1.0
1632,34,109.23,145.71,266.38,294.12,1,1,1.0
1632,41,624.0,62.93,337.0,205.8,1,1,1.0
1632,43,152.96,116.48,65.43,44.52,1,1,0.6566
1632,47,288.43,63.36,117.05,154.17,1,1,1.0
1633,34,110.72,146.35,269.37,299.24,1,1,1.0
1633,41,624.0,62.93,337.0,205.8,1,1,1.0
1633,43,154.45,117.76,65.86,44.31,1,1,0.6452
1633,47,293.12,61.65,116.84,158.02,1,1,1.0
1634,34,112.21,146.99,272.36,304.36,1,1,1.0
1634,41,624.0,62.93,337.0,205.8,1,1,1.0
1634,43,155.95,119.04,66.28,44.09,1,1,0.6339
1634,47,297.81,59.95,116.63,161.85,1,1,1.0
1635,34,113.71,147.63,275.34,309.48,1,1,1.0
1635,41,624.0,62.93,337.0,205.8,1,1,1.0
1635,43,157.44,120.32,66.71,43.88,1,1,0.6224
1635,47,302.51,58.24,116.41,165.69,1,1,1.0
1636,34,115.2,148.27,278.33,314.6,1,1,1.0
1636,41,624.0,62.93,337.0,205.8,1,1,1.0
1636,43,158.93,121.6,67.14,43.67,1,1,0.6107
1636,47,307.2,56.53,116.2,169.54,1,1,1.0
1637,34,115.84,148.91,282.6,320.78,1,1,1.0
1637,41,624.0,62.93,337.0,205.8,1,1,1.0
1637,43,160.85,122.45,67.56,44.31,1,1,0.5972
1637,47,311.04,56.96,116.63,172.52,1,1,1.0
1638,34,116.48,149.55,286.87,326.97,1,1,1.0
1638,41,624.0,62.93,337.0,205.8,1,1,1.0
1638,43,162.77,123.31,67.99,44.94,1,1,0.5839
1638,47,314.88,57.39,117.05,175.5,1,1,1.0
1639,34,117.12,150.19,291.13,333.16,1,1,1.0
1639,41,624.0,62.93,337.0,205.8,1,1,1.0
1639,43,164.69,124.16,68.42,45.59,1,1,0.571
1639,47,318.72,57.81,117.48,178.5,1,1,1.0
1640,34,117.76,150.83,295.4,339.34,1,1,1.0
1640,41,624.0,62.93,337.0,205.8,1,1,1.0
1640,43,166.61,125.01,68.84,46.23,1,1,0.5585
1640,47,322.56,58.24,117.91,181.48,1,1,1.0
1641,34,118.4,151.47,299.67,345.53,1,1,1.0
1641,41,624.0,62.93,337.0,205.8,1,1,1.0
1641,43,168.53,125.87,69.27,46.86,1,1,0.5463
1641,47,326.4,58.67,118.33,184.46,1,1,1.0
1642,34,120.53,152.53,303.72,351.72,1,1,1.0
1642,41,624.0,62.93,337.0,205.8,1,1,1.0
1642,43,170.45,126.72,69.91,48.57,1,1,0.5314
1642,47,324.91,58.67,124.3,187.24,1,1,1.0
1643,34,122.67,153.6,307.77,357.91,1,1,1.0
1643,41,624.0,62.93,337.0,205.8,1,1,1.0
1643,43,172.37,127.57,70.55,50.28,1,1,0.5177
1643,47,323.41,58.67,130.28,190.01,1,1,1.0
1644,34,124.8,154.67,311.83,364.09,1,1,1.0
1644,41,624.0,62.93,337.0,205.8,1,1,1.0
1644,43,174.29,128.43,71.19,51.98,1,1,0.5048
1644,47,321.92,58.67,136.25,192.78,1,1,1.0
1645,34,126.93,155.73,315.88,370.28,1,1,1.0
1645,41,624.0,62.93,337.0,205.8,1,1,1.0
1645,43,176.21,129.28,71.83,53.69,1,1,0.4926
1645,47,320.43,58.67,142.22,195.56,1,1,1.0
1646,34,129.07,156.8,319.93,376.47,1,1,1.0
1646,41,624.0,62.93,337.0,205.8,1,1,1.0
1646,43,178.13,130.13,72.47,55.4,1,1,0.4814
1646,47,318.93,58.67,148.2,198.33,1,1,1.0
1647,34,129.92,158.51,328.47,382.49,1,1,1.0
1647,41,624.0,62.93,337.0,205.8,1,1,1.0
1647,43,180.05,131.84,73.32,54.76,1,1,0.487
1647,47,323.2,60.16,149.91,200.25,1,1,1.0
1648,34,130.77,160.21,337.0,380.79,1,1,1.0
1648,41,624.0,62.93,337.0,205.8,1,1,1.0
1648,43,181.97,133.55,74.18,54.12,1,1,0.4926
1648,47,327.47,61.65,151.61,202.18,1,1,1.0
1649,34,131.63,161.92,345.53,379.08,1,1,1.0
1649,41,624.0,62.93,337.0,205.8,1,1,1.0
1649,43,183.89,135.25,75.03,53.48,1,1,0.4987
1649,47,331.73,63.15,153.32,204.09,1,1,1.0
1650,34,132.48,163.63,354.07,377.37,1,1,1.0
1650,41,624.0,62.93,337.0,205.8,1,1,1.0
1650,43,185.81,136.96,75.88,52.84,1,1,0.5047
1650,47,336.0,64.64,155.03,206.01,1,1,1.0
1651,34,133.33,165.33,362.6,375.67,1,1,1.0
1651,41,624.0,62.93,337.0,205.8,1,1,1.0
1651,43,187.73,138.67,76.74,52.2,1,1,0.5107
1651,47,340.27,66.13,156.73,207.94,1,1,1.0
1652,34,135.04,167.25,370.92,373.75,1,1,1.0
1652,41,623.36,62.51,337.64,206.86,1,1,1.0
1652,43,189.87,140.16,77.37,53.91,1,1,0.5025
1652,47,345.17,67.2,157.8,210.49,1,1,1.0
1653,34,136.75,169.17,379.24,371.83,1,1,1.0
1653,41,622.72,62.08,338.28,207.93,1,1,1.0
1653,43,192.0,141.65,78.01,55.62,1,1,0.4948
1653,47,350.08,68.27,158.87,213.05,1,1,1.0
1654,34,138.45,171.09,387.56,369.91,1,1,1.0
1654,41,622.08,61.65,338.92,209.0,1,1,1.0
1654,43,194.13,143.15,78.66,57.32,1,1,0.4874
1654,47,354.99,69.33,159.93,215.62,1,1,1.0
1655,34,140.16,173.01,395.88,367.99,1,1,1.0
1655,41,621.44,61.23,339.56,210.06,1,1,1.0
1655,43,196.27,144.64,79.29,59.03,1,1,0.4806
1655,47,359.89,70.4,161.0,218.17,1,1,1.0
1656,34,141.87,174.93,404.2,366.07,1,1,1.0
1656,41,620.8,60.8,340.2,211.13,1,1,1.0
1656,43,198.4,146.13,79.93,60.74,1,1,0.4742
1656,47,364.8,71.47,162.07,220.73,1,1,1.0
1657,34,142.93,177.92,418.07,363.08,1,1,1.0
1657,41,620.8,60.59,340.2,210.92,1,1,1.0
1657,43,200.32,148.05,81.64,60.74,1,1,0.4918
1657,47,365.65,72.32,168.04,224.79,1,1,1.0
1658,34,144.0,180.91,431.93,360.09,1,1,1.0
1658,41,620.8,60.37,340.2,210.71,1,1,1.0
1658,43,202.24,149.97,83.35,60.74,1,1,0.5094
1658,47,366.51,73.17,174.01,228.84,1,1,1.0
1659,34,145.07,183.89,445.8,357.11,1,1,1.0
1659,41,620.8,60.16,340.2,210.49,1,1,1.0
1659,43,204.16,151.89,85.05,60.74,1,1,0.5268
1659,47,367.36,74.03,179.99,232.89,1,1,1.0
1660,34,146.13,186.88,459.67,354.12,1,1,1.0
1660,41,620.8,59.95,340.2,210.28,1,1,1.0
1660,43,206.08,153.81,86.76,60.74,1,1,0.5445
1660,47,368.21,74.88,185.96,236.95,1,1,1.0
1661,34,147.2,189.87,473.53,351.13,1,1,1.0
1661,41,620.8,59.73,340.2,210.07,1,1,1.0
1661,43,208.0,155.73,88.47,60.74,1,1,0.5621
1661,47,369.07,75.73,191.93,241.0,1,1,1.0
1662,34,148.27,192.64,488.89,348.36,1,1,1.0
1662,41,620.37,60.16,340.63,209.43,1,1,1.0
1662,43,210.99,157.44,89.53,61.8,1,1,0.5696
1662,47,377.81,79.15,193.22,243.13,1,1,1.0
1663,34,149.33,195.41,504.26,345.59,1,1,1.0
1663,41,619.95,60.59,341.05,208.78,1,1,1.0
1663,43,213.97,159.15,90.6,62.86,1,1,0.5768
1663,47,386.56,82.56,194.49,245.27,1,1,1.0
1664,34,150.4,198.19,519.61,342.81,1,1,1.0
1664,41,619.52,61.01,341.48,208.15,1,1,1.0
1664,43,216.96,160.85,91.67,63.94,1,1,0.584
1664,47,395.31,85.97,195.77,247.4,1,1,1.0
1665,34,151.47,200.96,534.97,340.04,1,1,1.0
1665,41,619.09,61.44,341.91,207.51,1,1,1.0
1665,43,219.95,162.56,92.73,65.0,1,1,0.5908
1665,47,404.05,89.39,197.06,249.53,1,1,1.0
1666,34,152.53,203.73,550.34,337.27,1,1,1.0
1666,41,618.67,61.87,342.33,206.86,1,1,1.0
1666,43,222.93,164.27,93.8,66.06,1,1,0.5973
1666,47,412.8,92.8,198.33,251.67,1,1,1.0
1667,34,154.67,205.87,547.13,335.13,1,1,1.0
1667,41,618.24,61.65,342.76,207.08,1,1,0.9949
1667,43,225.28,166.83,95.29,66.49,1,1,0.5872
1667,47,417.71,93.65,202.6,255.94,1,1,1.0
1668,34,156.8,208.0,543.93,333.0,1,1,1.0
1668,41,617.81,61.44,343.19,207.29,1,1,0.9714
1668,43,227.63,169.39,96.78,66.92,1,1,0.577
1668,47,422.61,94.51,206.87,260.2,1,1,1.0
1669,34,158.93,210.13,540.74,330.87,1,1,1.0
1669,41,617.39,61.23,343.61,207.5,1,1,0.9483
1669,43,229.97,171.95,98.28,67.34,1,1,0.567
1669,47,427.52,95.36,211.13,264.47,1,1,1.0
1670,34,161.07,212.27,537.53,328.73,1,1,1.0
1670,41,616.96,61.01,344.04,207.72,1,1,0.9255
1670,43,232.32,174.51,99.77,67.77,1,1,0.5572
1670,47,432.43,96.21,215.4,268.74,1,1,1.0
1671,34,163.2,214.4,534.33,326.6,1,1,1.0
1671,41,616.53,60.8,344.47,207.93,1,1,0.903
1671,43,234.67,177.07,101.26,68.2,1,1,0.5474
1671,47,437.33,97.07,219.67,273.0,1,1,1.0
1672,34,166.19,220.37,528.57,320.63,1,1,1.0
1672,41,616.96,60.59,344.04,208.36,1,1,0.8765
1672,43,238.29,179.84,102.12,69.27,1,1,0.5851
1672,47,444.16,97.92,224.57,279.83,1,1,1.0
1673,34,169.17,226.35,522.82,314.65,1,1,1.0
1673,41,617.39,60.37,343.61,208.79,1,1,0.8502
1673,43,241.92,182.61,102.97,70.34,1,1,0.6218
1673,47,450.99,98.77,229.48,286.66,1,1,1.0
1674,34,172.16,232.32,517.05,308.68,1,1,1.0
1674,41,617.81,60.16,343.19,209.21,1,1,0.8241
1674,43,245.55,185.39,103.82,71.4,1,1,0.6573
1674,47,457.81,99.63,234.39,293.48,1,1,1.0
1675,34,175.15,238.29,511.29,302.71,1,1,1.0
1675,41,618.24,59.95,342.76,209.64,1,1,0.7983
1675,43,249.17,188.16,104.68,72.47,1,1,0.6917
1675,47,464.64,100.48,239.29,300.31,1,1,1.0
1676,34,178.13,244.27,505.54,296.73,1,1,1.0
1676,41,618.67,59.73,342.33,210.07,1,1,0.7728
1676,43,252.8,190.93,105.53,73.54,1,1,0.7253
1676,47,471.47,101.33,244.2,307.14,1,1,1.0
1677,34,181.12,248.53,501.91,292.47,1,1,1.0
1677,41,618.03,59.73,342.97,209.22,1,1,0.7491
1677,43,255.79,194.56,108.73,73.96,1,1,0.7297
1677,47,478.72,104.96,249.11,311.61,1,1,1.0
1678,34,184.11,252.8,498.28,288.2,1,1,1.0
1678,41,617.39,59.73,343.61,208.36,1,1,0.7269
1678,43,258.77,198.19,111.94,74.38,1,1,0.7342
1678,47,485.97,108.59,254.02,316.09,1,1,1.0
1679,34,187.09,257.07,494.66,283.93,1,1,1.0
1679,41,616.75,59.73,344.25,207.51,1,1,0.7061
1679,43,261.76,201.81,115.13,74.82,1,1,0.7386
1679,47,493.23,112.21,258.92,320.58,1,1,1.0
1680,34,190.08,261.33,491.03,279.67,1,1,1.0
1680,41,616.11,59.73,344.89,206.66,1,1,0.687
1680,43,264.75,205.44,118.33,75.24,1,1,0.7428
1680,47,500.48,115.84,263.83,325.05,1,1,1.0
1681,34,193.07,265.6,487.4,275.4,1,1,1.0
1681,41,615.47,59.73,345.53,205.8,1,1,0.6693
1681,43,267.73,209.07,121.54,75.66,1,1,0.7472
1681,47,507.73,119.47,268.74,329.53,1,1,1.0
1682,34,198.61,273.07,483.56,267.93,1,1,1.0
1682,41,615.47,59.95,345.53,205.8,1,1,0.6383
1682,43,272.0,212.05,123.24,79.72,1,1,0.7654
1682,47,516.91,121.81,277.26,338.07,1,1,1.0
1683,34,204.16,280.53,479.72,260.47,1,1,1.0
1683,41,615.47,60.16,345.53,205.8,1,1,0.6083
1683,43,276.27,215.04,124.94,83.77,1,1,0.7818
1683,47,526.08,124.16,285.8,346.6,1,1,1.0
1684,34,209.71,288.0,475.88,253.0,1,1,1.0
1684,41,615.47,60.37,345.53,205.8,1,1,0.5795
1684,43,280.53,218.03,126.66,87.82,1,1,0.7967
1684,47,535.25,126.51,294.34,355.13,1,1,1.0
1685,34,215.25,295.47,472.04,245.53,1,1,1.0
1685,41,615.47,60.59,345.53,205.8,1,1,0.5516
1685,43,284.8,221.01,128.36,91.88,1,1,0.8104
1685,47,544.43,128.85,302.86,363.67,1,1,1.0
1686,34,220.8,302.93,468.2,238.07,1,1,1.0
1686,41,615.47,60.8,345.53,205.8,1,1,0.5249
1686,43,289.07,224.0,130.06,95.93,1,1,0.8228
1686,47,553.6,131.2,311.4,372.2,1,1,1.0
1687,34,224.64,311.25,462.87,229.75,1,1,1.0
1687,41,614.83,60.8,346.17,205.8,1,1,0.5022
1687,43,293.33,228.27,133.27,98.06,1,1,0.8462
1687,47,562.13,135.04,322.28,376.04,1,1,1.0
1688,34,228.48,319.57,457.53,221.43,1,1,1.0
1688,41,614.19,60.8,346.81,205.8,1,1,0.4817
1688,43,297.6,232.53,136.47,100.2,1,1,0.8687
1688,47,570.67,138.88,333.16,379.88,1,1,1.0
1689,34,232.32,327.89,452.2,213.11,1,1,1.0
1689,41,613.55,60.8,347.45,205.8,1,1,0.4635
1689,43,301.87,236.8,139.66,102.33,1,1,0.8902
1689,47,579.2,142.72,344.04,383.72,1,1,1.0
1690,34,236.16,336.21,446.87,204.79,1,1,1.0
1690,41,612.91,60.8,348.09,205.8,1,1,0.4475
1690,43,306.13,241.07,142.87,104.46,1,1,0.9108
1690,47,587.73,146.56,354.92,387.56,1,1,1.0
1691,34,240.0,344.53,441.53,196.47,1,1,1.0
1691,41,612.27,60.8,348.73,205.8,1,1,0.4354
1691,43,310.4,245.33,146.07,106.6,1,1,0.9306
1691,47,596.27,150.4,364.73,390.6,1,1,1.0
1692,34,246.83,352.43,432.36,188.57,1,1,1.0
1692,41,610.99,60.16,350.01,200.25,1,1,0.473
1692,43,315.52,249.39,150.12,111.08,1,1,0.9276
1692,47,606.93,154.88,354.07,386.12,1,1,1.0
1693,34,253.65,360.32,423.19,180.68,1,1,1.0
1693,41,609.71,59.52,351.29,194.71,1,1,0.5237
1693,43,320.64,253.44,154.17,115.56,1,1,0.9249
1693,47,617.6,159.36,343.4,381.64,1,1,1.0
1694,34,260.48,368.21,414.01,172.79,1,1,1.0
1694,41,608.43,58.88,352.57,189.16,1,1,0.5799
1694,43,325.76,257.49,158.23,120.04,1,1,0.9224
1694,47,628.27,163.84,332.73,377.16,1,1,1.0
1695,34,267.31,376.11,404.84,164.89,1,1,1.0
1695,41,607.15,58.24,353.85,183.61,1,1,0.6355
1695,43,330.88,261.55,162.28,124.52,1,1,0.92
1695,47,638.93,168.32,322.07,372.68,1,1,1.0
1696,34,274.13,384.0,395.67,157.0,1,1,1.0
1696,41,605.87,57.6,355.13,178.07,1,1,0.6904
1696,43,336.0,265.6,166.33,129.0,1,1,0.9178
1696,47,649.6,172.8,311.4,368.2,1,1,1.0
1697,34,283.31,395.31,387.13,145.69,1,1,1.0
1697,41,605.01,57.81,355.99,179.56,1,1,0.7223
1697,43,343.04,272.64,172.95,131.99,1,1,0.9294
1697,47,661.33,178.13,299.67,362.87,1,1,1.0
1698,34,292.48,406.61,378.6,134.39,1,1,1.0
1698,41,604.16,58.03,356.84,181.05,1,1,0.7522
1698,43,350.08,279.68,179.56,134.97,1,1,0.9404
1698,47,673.07,183.47,287.93,357.53,1,1,1.0
1699,34,301.65,417.92,370.07,123.08,1,1,1.0
1699,41,603.31,58.24,357.69,182.55,1,1,0.7801
1699,43,357.12,286.72,186.17,137.96,1,1,0.951
1699,47,684.8,188.8,276.2,352.2,1,1,1.0
1700,34,310.83,429.23,361.53,111.77,1,1,1.0
1700,41,602.45,58.45,358.55,184.04,1,1,0.8062
1700,43,364.16,293.76,192.79,140.95,1,1,0.9611
1700,47,696.53,194.13,264.47,346.87,1,1,1.0
1701,34,320.0,440.53,353.0,100.47,1,1,1.0
1701,41,601.6,58.67,359.4,185.53,1,1,0.8305
1701,43,371.2,300.8,199.4,143.93,1,1,0.9708
1701,47,708.27,199.47,252.73,341.53,1,1,1.0
1702,41,600.11,58.45,360.89,188.31,1,1,0.8578
1702,43,379.52,308.27,204.95,152.25,1,1,1.0
1702,47,728.32,205.23,232.68,335.77,1,1,1.0
1703,41,598.61,58.24,362.39,191.08,1,1,0.8823
1703,43,387.84,315.73,210.49,160.58,1,1,1.0
1703,47,748.37,210.99,212.63,330.01,1,1,1.0
1704,41,597.12,58.03,363.88,193.85,1,1,0.9041
1704,43,396.16,323.2,216.04,168.89,1,1,1.0
1704,47,768.43,216.75,192.57,324.25,1,1,1.0
1705,41,595.63,57.81,365.37,196.63,1,1,0.9233
1705,43,404.48,330.67,221.59,177.21,1,1,1.0
1705,47,788.48,222.51,172.52,318.49,1,1,1.0
1706,41,594.13,57.6,366.87,199.4,1,1,0.9401
1706,43,412.8,338.13,227.13,185.54,1,1,1.0
1706,47,808.53,228.27,152.47,312.73,1,1,1.0
1707,41,592.43,57.39,368.57,198.54,1,1,0.9799
1707,43,422.61,346.67,237.38,181.69,1,1,1.0
1707,47,825.17,245.12,135.83,295.88,1,1,1.0
1708,41,590.72,57.17,370.28,197.7,1,1,1.0
1708,43,432.43,355.2,247.61,177.85,1,1,1.0
1708,47,841.81,261.97,119.19,279.03,1,1,1.0
1709,41,589.01,56.96,371.99,196.84,1,1,1.0
1709,43,442.24,363.73,257.85,177.27,1,1,1.0
1709,47,858.45,278.83,102.55,262.17,1,1,1.0
1710,41,587.31,56.75,360.89,195.98,1,1,1.0
1710,43,452.05,372.27,268.1,168.73,1,1,1.0
1710,47,875.09,295.68,85.91,245.32,1,1,1.0
1711,41,585.6,56.53,359.4,195.14,1,1,1.0
1711,43,461.87,380.8,278.33,160.2,1,1,1.0
1711,47,891.73,312.53,69.27,228.47,1,1,1.0
1712,41,585.17,56.11,358.12,194.92,1,1,1.0
1712,43,474.88,393.17,270.44,147.83,1,1,1.0
1713,41,584.75,55.68,356.84,194.71,1,1,1.0
1713,43,487.89,405.55,262.55,135.45,1,1,1.0
1714,41,584.32,55.25,355.56,194.5,1,1,1.0
1714,43,500.91,417.92,254.65,123.08,1,1,1.0
1715,41,583.89,54.83,354.28,194.28,1,1,1.0
1715,43,513.92,430.29,246.76,110.71,1,1,1.0
1716,41,583.47,54.4,353.0,194.07,1,1,1.0
1716,43,526.93,442.67,238.87,98.33,1,1,1.0
1717,41,581.12,54.19,350.87,192.78,1,1,1.0
1717,43,549.33,455.04,220.52,85.96,1,1,1.0
1718,41,578.77,53.97,348.74,191.51,1,1,1.0
1718,43,571.73,467.41,202.18,73.59,1,1,1.0
1719,41,576.43,53.76,346.6,190.23,1,1,1.0
1719,43,594.13,479.79,183.83,61.21,1,1,1.0
1720,41,574.08,53.55,344.47,188.94,1,1,1.0
1720,43,616.53,492.16,165.48,48.84,1,1,1.0
1721,41,571.73,53.33,342.34,187.67,1,1,1.0
1721,43,638.93,504.53,147.14,36.47,1,1,1.0
1722,41,570.88,52.69,339.99,187.24,1,1,1.0
1723,41,570.03,52.05,337.64,186.82,1,1,1.0
1724,41,569.17,51.41,335.3,186.39,1,1,1.0
1725,41,568.32,50.77,332.95,185.96,1,1,1.0
1726,41,567.47,50.13,330.6,185.54,1,1,1.0
1726,49,935.47,225.07,25.53,97.0,1,1,1.0
1727,41,566.19,50.35,329.1,185.32,1,1,1.0
1727,49,931.84,214.61,29.16,105.11,1,1,1.0
1728,41,564.91,50.56,327.61,185.11,1,1,1.0
1728,49,928.21,204.16,32.79,113.21,1,1,1.0
1729,41,563.63,50.77,326.12,184.9,1,1,1.0
1729,49,924.59,193.71,36.41,121.32,1,1,1.0
1730,41,562.35,50.99,324.62,184.68,1,1,1.0
1730,49,920.96,183.25,40.04,129.43,1,1,1.0
1731,41,561.07,51.2,323.13,184.47,1,1,1.0
1731,49,917.33,172.8,43.67,137.53,1,1,1.0
1732,41,558.29,51.2,321.86,182.12,1,1,1.0
1732,49,914.13,172.59,46.87,138.81,1,1,1.0
1733,41,555.52,51.2,320.57,179.77,1,1,1.0
1733,49,910.93,172.37,50.07,140.1,1,1,1.0
1734,41,552.75,51.2,319.29,177.43,1,1,1.0
1734,49,907.73,172.16,53.27,141.37,1,1,1.0
1735,41,549.97,51.2,318.02,175.08,1,1,1.0
1735,49,904.53,171.95,56.47,142.65,1,1,1.0
1736,41,547.2,51.2,316.73,172.73,1,1,1.0
1736,49,901.33,171.73,59.67,143.94,1,1,1.0
1737,41,546.13,50.99,313.96,171.66,1,1,1.0
1737,49,897.49,169.39,63.51,145.42,1,1,1.0
1738,41,545.07,50.77,311.18,170.6,1,1,1.0
1738,49,893.65,167.04,67.35,146.92,1,1,1.0
1739,41,544.0,50.56,308.41,169.53,1,1,1.0
1739,49,889.81,164.69,71.19,148.42,1,1,1.0
1740,41,542.93,50.35,305.64,168.46,1,1,1.0
1740,49,885.97,162.35,75.03,149.9,1,1,1.0
1741,41,541.87,50.13,302.86,167.4,1,1,1.0
1741,49,882.13,160.0,78.87,151.4,1,1,1.0
1742,41,538.24,49.28,301.37,167.83,1,1,1.0
1742,49,881.28,159.36,79.72,151.83,1,1,1.0
1743,41,534.61,48.43,299.88,168.25,1,1,1.0
1743,49,880.43,158.72,80.57,152.25,1,1,1.0
1744,41,530.99,47.57,298.38,168.68,1,1,1.0
1744,49,879.57,158.08,81.43,152.68,1,1,1.0
1745,41,527.36,46.72,296.89,169.11,1,1,1.0
1745,49,878.72,157.44,82.28,153.11,1,1,1.0
1746,41,523.73,45.87,295.4,169.53,1,1,1.0
1746,49,877.87,156.8,83.13,153.53,1,1,1.0
1747,41,523.09,46.08,292.2,167.4,1,1,1.0
1747,49,872.96,155.31,88.04,154.38,1,1,1.0
1748,41,522.45,46.29,289.0,165.27,1,1,1.0
1748,49,868.05,153.81,92.95,155.24,1,1,1.0
1749,41,521.81,46.51,285.8,163.13,1,1,1.0
1749,49,863.15,152.32,97.85,156.09,1,1,1.0
1750,41,521.17,46.72,282.6,161.0,1,1,1.0
1750,49,858.24,150.83,102.76,156.94,1,1,1.0
1751,41,520.53,46.93,279.4,158.87,1,1,1.0
1751,49,853.33,149.33,107.67,157.8,1,1,1.0
1752,41,517.55,46.72,277.26,157.8,1,1,1.0
1752,49,851.41,149.55,109.59,158.22,1,1,1.0
1753,41,514.56,46.51,275.13,156.73,1,1,1.0
1753,49,849.49,149.76,111.51,158.65,1,1,1.0
1754,41,511.57,46.29,273.0,155.67,1,1,1.0
1754,49,847.57,149.97,113.43,159.08,1,1,1.0
1755,41,508.59,46.08,270.86,154.6,1,1,1.0
1755,49,845.65,150.19,115.35,159.5,1,1,1.0
1756,41,505.6,45.87,268.73,153.53,1,1,1.0
1756,49,843.73,150.4,117.27,159.93,1,1,1.0
1757,41,503.68,44.8,266.17,151.83,1,1,1.0
1757,49,839.89,147.84,121.11,161.43,1,1,1.0
1758,41,501.76,43.73,263.61,150.12,1,1,1.0
1758,49,836.05,145.28,124.95,162.92,1,1,1.0
1759,41,499.84,42.67,261.05,148.41,1,1,1.0
1759,49,832.21,142.72,128.79,164.41,1,1,1.0
1760,41,497.92,41.6,258.49,146.71,1,1,1.0
1760,49,828.37,140.16,132.63,165.91,1,1,1.0
1761,41,496.0,40.53,255.93,145.0,1,1,1.0
1761,49,824.53,137.6,136.47,167.4,1,1,1.0
1762,41,492.59,40.75,254.86,144.57,1,1,1.0
1762,49,820.27,138.24,140.73,167.4,1,1,1.0
1763,41,489.17,40.96,253.8,144.15,1,1,1.0
1763,49,816.0,138.88,145.0,167.4,1,1,1.0
1764,41,485.76,41.17,252.73,143.72,1,1,1.0
1764,49,811.73,139.52,149.27,167.4,1,1,1.0
1765,41,482.35,41.39,251.66,143.29,1,1,1.0
1765,49,807.47,140.16,153.53,167.4,1,1,1.0
1766,41,478.93,41.6,250.6,142.87,1,1,1.0
1766,49,803.2,140.8,157.8,167.4,1,1,1.0
1767,41,477.01,40.96,248.04,142.87,1,1,1.0
1767,49,800.85,139.52,160.15,168.25,1,1,1.0
1768,41,475.09,40.32,245.48,142.87,1,1,1.0
1768,49,798.51,138.24,162.49,169.11,1,1,1.0
1769,41,473.17,39.68,242.92,142.87,1,1,1.0
1769,49,796.16,136.96,164.84,169.96,1,1,1.0
1770,41,471.25,39.04,240.36,142.87,1,1,1.0
1770,49,793.81,135.68,167.19,170.81,1,1,1.0
1771,41,469.33,38.4,237.8,142.87,1,1,1.0
1771,49,791.47,134.4,169.53,171.67,1,1,1.0
1772,41,466.99,38.19,236.3,140.52,1,1,1.0
1772,49,788.48,133.33,172.52,172.95,1,1,1.0
1773,41,464.64,37.97,234.81,138.18,1,1,1.0
1773,49,785.49,132.27,175.51,174.22,1,1,1.0
1774,41,462.29,37.76,233.32,135.83,1,1,1.0
1774,49,782.51,131.2,178.49,175.51,1,1,1.0
1775,41,459.95,37.55,231.82,133.48,1,1,1.0
1775,49,779.52,130.13,181.48,176.79,1,1,1.0
1776,41,457.6,37.33,230.33,131.14,1,1,1.0
1776,49,776.53,129.07,184.47,178.06,1,1,1.0
1777,41,455.89,37.33,226.92,129.86,1,1,1.0
1777,49,775.04,127.57,185.96,177.43,1,1,1.0
1778,41,454.19,37.33,223.5,128.58,1,1,1.0
1778,49,773.55,126.08,187.45,176.79,1,1,1.0
1779,41,452.48,37.33,220.09,127.3,1,1,1.0
1779,49,772.05,124.59,188.95,176.14,1,1,1.0
1780,41,450.77,37.33,216.68,126.02,1,1,1.0
1780,49,770.56,123.09,190.44,175.51,1,1,1.0
1781,41,449.07,37.33,213.26,124.74,1,1,1.0
1781,49,769.07,121.6,191.93,174.87,1,1,1.0
1782,41,445.23,36.05,213.26,125.16,1,1,1.0
1782,49,763.73,121.6,197.27,176.79,1,1,1.0
1783,41,441.39,34.77,213.26,125.59,1,1,1.0
1783,49,758.4,121.6,202.6,178.71,1,1,1.0
1784,41,437.55,33.49,213.26,126.02,1,1,1.0
1784,49,753.07,121.6,207.93,180.63,1,1,1.0
1785,41,433.71,32.21,213.26,126.44,1,1,1.0
1785,49,747.73,121.6,213.27,182.55,1,1,1.0
1786,41,429.87,30.93,213.26,126.87,1,1,1.0
1786,49,742.4,121.6,218.6,184.47,1,1,1.0
1787,41,428.59,31.36,210.06,124.31,1,1,1.0
1787,49,740.48,120.53,220.52,184.26,1,1,1.0
1788,41,427.31,31.79,206.86,121.74,1,1,1.0
1788,49,738.56,119.47,222.44,184.04,1,1,1.0
1789,41,426.03,32.21,203.66,119.19,1,1,1.0
1789,49,736.64,118.4,224.36,183.83,1,1,1.0
1790,41,424.75,32.64,200.46,116.63,1,1,1.0
1790,49,734.72,117.33,226.28,183.62,1,1,1.0
1791,41,423.47,33.07,197.26,114.06,1,1,1.0
1791,49,732.8,116.27,228.2,183.4,1,1,1.0
1792,41,420.91,32.85,195.77,114.28,1,1,1.0
1792,49,728.96,116.05,232.04,184.26,1,1,1.0
1793,41,418.35,32.64,194.28,114.49,1,1,1.0
1793,49,725.12,115.84,235.88,185.11,1,1,1.0
1794,41,415.79,32.43,192.78,114.7,1,1,1.0
1794,49,721.28,115.63,239.72,185.96,1,1,1.0
1795,41,413.23,32.21,191.29,114.92,1,1,1.0
1795,49,717.44,115.41,243.56,186.82,1,1,1.0
1796,41,410.67,32.0,189.8,115.13,1,1,1.0
1796,49,713.6,115.2,247.4,187.67,1,1,1.0
1797,41,408.53,31.79,187.88,113.42,1,1,1.0
1797,49,710.83,114.13,250.17,188.52,1,1,1.0
1798,41,406.4,31.57,185.96,111.72,1,1,1.0
1798,49,708.05,113.07,252.95,189.37,1,1,1.0
1799,41,404.27,31.36,184.04,110.01,1,1,1.0
1799,49,705.28,112.0,255.72,190.23,1,1,1.0
1800,41,402.13,31.15,182.12,108.3,1,1,1.0
1800,49,702.51,110.93,258.49,191.08,1,1,1.0
1801,41,400.0,30.93,180.2,106.6,1,1,1.0
1801,49,699.73,109.87,261.27,191.93,1,1,1.0
1802,41,398.29,29.65,178.5,107.67,1,1,1.0
1802,49,696.32,109.44,264.68,193.0,1,1,1.0
1803,41,396.59,28.37,176.78,108.74,1,1,1.0
1803,49,692.91,109.01,268.09,194.07,1,1,1.0
1804,41,394.88,27.09,175.08,109.8,1,1,1.0
1804,49,689.49,108.59,271.51,195.13,1,1,1.0
1805,41,393.17,25.81,173.38,110.87,1,1,1.0
1805,49,686.08,108.16,274.92,196.2,1,1,1.0
1806,41,391.47,24.53,171.66,111.94,1,1,1.0
1806,49,682.67,107.73,278.33,197.27,1,1,1.0
1807,41,389.55,24.75,169.53,110.01,1,1,1.0
1807,49,680.53,106.88,280.47,198.97,1,1,1.0
1808,41,387.63,24.96,167.4,108.09,1,1,1.0
1808,49,678.4,106.03,282.6,200.68,1,1,1.0
1809,41,385.71,25.17,165.26,106.18,1,1,1.0
1809,49,676.27,105.17,284.73,202.39,1,1,1.0
1810,41,383.79,25.39,163.13,104.25,1,1,1.0
1810,49,674.13,104.32,286.87,204.09,1,1,1.0
1811,41,381.87,25.6,161.0,102.33,1,1,1.0
1811,49,672.0,103.47,289.0,205.8,1,1,1.0
1812,41,379.95,25.17,159.5,101.91,1,1,1.0
1812,49,667.31,101.76,293.69,205.59,1,1,1.0
1813,41,378.03,24.75,158.01,101.48,1,1,1.0
1813,49,662.61,100.05,298.39,205.38,1,1,1.0
1814,41,376.11,24.32,156.52,101.05,1,1,1.0
1814,49,657.92,98.35,303.08,205.16,1,1,1.0
1815,41,374.19,23.89,155.02,100.63,1,1,1.0
1815,49,653.23,96.64,307.77,204.95,1,1,1.0
1816,41,372.27,23.47,153.53,100.2,1,1,1.0
1816,49,648.53,94.93,312.47,204.74,1,1,1.0
1817,41,370.13,22.83,152.47,99.98,1,1,1.0
1817,49,645.97,93.87,315.03,206.86,1,1,1.0
1818,41,368.0,22.19,151.4,99.77,1,1,1.0
1818,49,643.41,92.8,317.59,209.0,1,1,1.0
1819,41,365.87,21.55,150.33,99.56,1,1,1.0
1819,49,640.85,91.73,320.15,211.14,1,1,1.0
1820,41,363.73,20.91,149.27,99.34,1,1,1.0
1820,49,638.29,90.67,322.71,213.26,1,1,1.0
1821,41,361.6,20.27,148.2,99.13,1,1,1.0
1821,49,635.73,89.6,325.27,215.4,1,1,1.0
1822,41,360.11,20.69,145.85,97.64,1,1,1.0
1822,49,632.96,90.03,328.04,212.62,1,1,1.0
1823,41,358.61,21.12,143.51,96.15,1,1,1.0
1823,49,630.19,90.45,330.81,209.86,1,1,1.0
1824,41,357.12,21.55,141.16,94.65,1,1,1.0
1824,49,627.41,90.88,333.59,207.08,1,1,1.0
1825,41,355.63,21.97,138.81,93.16,1,1,1.0
1825,49,624.64,91.31,336.36,204.3,1,1,1.0
1826,41,354.13,22.4,136.47,91.67,1,1,1.0
1826,49,621.87,91.73,339.13,201.54,1,1,1.0
1827,41,351.79,21.97,136.25,91.03,1,1,1.0
1827,49,618.67,89.6,342.33,205.37,1,1,1.0
1828,41,349.44,21.55,136.04,90.38,1,1,1.0
1828,49,615.47,87.47,345.53,209.21,1,1,1.0
1829,41,347.09,21.12,135.83,89.75,1,1,1.0
1829,49,612.27,85.33,348.73,213.06,1,1,1.0
1830,41,344.75,20.69,135.61,89.11,1,1,1.0
1830,49,609.07,83.2,351.93,216.89,1,1,1.0
1831,41,342.4,20.27,135.4,88.46,1,1,1.0
1831,49,605.87,81.07,355.13,220.73,1,1,1.0
1832,41,341.12,20.48,133.48,87.83,1,1,1.0
1832,49,602.03,81.71,358.97,219.45,1,1,1.0
1833,41,339.84,20.69,131.56,87.19,1,1,1.0
1833,49,598.19,82.35,362.81,218.17,1,1,1.0
1834,41,338.56,20.91,129.64,86.54,1,1,1.0
1834,49,594.35,82.99,366.65,216.89,1,1,1.0
1835,41,337.28,21.12,127.72,85.91,1,1,1.0
1835,49,590.51,83.63,370.49,215.61,1,1,1.0
1836,41,336.0,21.33,125.8,85.27,1,1,1.0
1836,49,586.67,84.27,374.33,214.33,1,1,1.0
1836,50,860.8,311.47,100.2,101.26,1,1,0.3879
1837,41,334.51,20.69,124.94,85.06,1,1,1.0
1837,49,583.89,83.84,377.11,209.21,1,1,1.0
1837,50,845.44,304.64,115.56,106.17,1,1,0.355
1838,41,333.01,20.05,124.1,84.84,1,1,1.0
1838,49,581.12,83.41,379.88,204.1,1,1,1.0
1838,50,830.08,297.81,130.92,111.08,1,1,0.3438
1839,41,331.52,19.41,123.24,84.63,1,1,1.0
1839,49,578.35,82.99,382.65,198.97,1,1,1.0
1839,50,814.72,290.99,146.28,115.98,1,1,0.3191
1840,41,330.03,18.77,122.38,84.42,1,1,1.0
1840,49,575.57,82.56,385.43,193.85,1,1,1.0
1840,50,799.36,284.16,161.64,120.89,1,1,0.3161
1841,41,328.53,18.13,121.54,84.2,1,1,1.0
1841,49,572.8,82.13,388.2,188.74,1,1,1.0
1841,50,784.0,277.33,177.0,125.8,1,1,0.2925
1842,41,326.4,18.56,120.68,82.71,1,1,1.0
1842,49,569.81,80.85,391.19,189.59,1,1,1.0
1842,50,771.41,272.0,189.59,122.39,1,1,0.3187
1843,41,324.27,18.99,119.82,81.21,1,1,1.0
1843,49,566.83,79.57,394.17,190.44,1,1,0.991
1843,50,758.83,266.67,202.17,118.97,1,1,0.3961
1844,41,322.13,19.41,118.98,79.72,1,1,1.0
1844,49,563.84,78.29,397.16,191.3,1,1,0.9787
1844,50,746.24,261.33,195.77,115.56,1,1,0.3597
1845,41,320.0,19.84,118.12,78.23,1,1,1.0
1845,49,560.85,77.01,400.15,192.15,1,1,0.9657
1845,50,733.65,256.0,200.26,112.15,1,1,0.3898
1846,41,317.87,20.27,117.26,76.73,1,1,1.0
1846,49,557.87,75.73,403.13,193.0,1,1,0.9525
1846,50,721.07,250.67,204.73,108.73,1,1,0.4293
1847,41,316.16,19.63,116.84,76.73,1,1,1.0
1847,49,555.31,75.31,405.69,190.86,1,1,0.9479
1847,50,709.12,245.97,199.83,106.39,1,1,0.4074
1848,41,314.45,18.99,116.42,76.73,1,1,1.0
1848,49,552.75,74.88,408.25,188.73,1,1,0.9435
1848,50,697.17,241.28,194.92,104.04,1,1,0.516
1849,41,312.75,18.35,115.98,76.73,1,1,1.0
1849,49,550.19,74.45,392.68,186.6,1,1,0.9366
1849,50,685.23,236.59,190.01,101.69,1,1,0.4752
1850,41,311.04,17.71,115.56,76.73,1,1,1.0
1850,49,547.63,74.03,388.84,184.46,1,1,0.9314
1850,50,673.28,231.89,185.11,99.35,1,1,0.4964
1851,41,309.33,17.07,115.14,76.73,1,1,1.0
1851,49,545.07,73.6,385.0,182.33,1,1,0.9262
1851,50,661.33,227.2,180.2,97.0,1,1,0.4527
1852,41,308.48,16.64,113.0,76.52,1,1,1.0
1852,49,542.08,72.96,381.59,179.77,1,1,0.9211
1852,50,651.09,222.08,176.58,96.15,1,1,0.4998
1853,41,307.63,16.21,110.86,76.31,1,1,1.0
1853,49,539.09,72.32,378.18,177.21,1,1,0.9159
1853,50,640.85,216.96,172.95,95.29,1,1,0.5158
1854,41,306.77,15.79,108.74,76.09,1,1,1.0
1854,49,536.11,71.68,374.76,174.65,1,1,0.9108
1854,50,630.61,211.84,169.32,94.44,1,1,0.534
1855,41,305.92,15.36,106.6,75.88,1,1,1.0
1855,49,533.12,71.04,371.35,172.09,1,1,0.9056
1855,50,620.37,206.72,165.7,93.59,1,1,0.5329
1856,41,305.07,14.93,104.46,75.67,1,1,1.0
1856,49,530.13,70.4,367.94,169.53,1,1,0.9004
1856,50,610.13,201.6,162.07,92.73,1,1,0.5791
1857,41,304.0,15.15,103.61,75.24,1,1,1.0
1857,49,527.36,69.97,364.31,168.26,1,1,0.8968
1857,50,601.81,198.19,158.02,89.96,1,1,0.5872
1858,41,302.93,15.36,102.76,74.81,1,1,1.0
1858,49,524.59,69.55,360.68,166.97,1,1,0.8933
1858,50,593.49,194.77,153.96,87.19,1,1,0.6268
1859,41,301.87,15.57,101.9,74.39,1,1,1.0
1859,49,521.81,69.12,357.06,165.69,1,1,0.8899
1859,50,585.17,191.36,149.91,84.41,1,1,0.6437
1860,41,300.8,15.79,101.05,73.96,1,1,1.0
1860,49,519.04,68.69,353.43,164.42,1,1,0.8866
1860,50,576.85,187.95,145.86,81.64,1,1,0.7085
1861,41,299.73,16.0,100.2,73.53,1,1,1.0
1861,49,516.27,68.27,349.8,163.13,1,1,0.8835
1861,50,568.53,184.53,141.8,78.87,1,1,0.6985
1862,41,297.33,15.2,100.2,73.0,1,1,1.0
1862,49,514.13,66.67,345.54,163.13,1,1,0.8793
1862,50,560.53,180.8,138.87,77.27,1,1,0.7161
1863,41,294.93,14.4,100.2,72.47,1,1,1.0
1863,49,512.0,65.07,341.27,163.13,1,1,0.8752
1863,50,552.53,177.07,135.94,75.66,1,1,0.6983
1864,41,292.53,13.6,100.2,71.93,1,1,1.0
1864,49,509.87,63.47,337.0,163.13,1,1,0.8711
1864,50,544.53,173.33,133.0,74.07,1,1,0.7141
1865,41,290.13,12.8,100.2,71.4,1,1,1.0
1865,49,507.73,61.87,332.74,163.13,1,1,0.8672
1865,50,536.53,169.6,130.07,72.47,1,1,0.6768
