1,1,592.75,378.8,160.05,162.2,1,1,1.0
1,2,557.65,120.98,47.2,43.06,1,1,1.0
1,3,545.2,88.27,35.25,30.08,1,1,1.0
1,4,508.35,67.5,28.0,25.92,1,1,1.0
1,5,553.0,70.1,29.55,19.7,1,1,0.9283
1,6,731.1,114.23,52.4,39.95,1,1,1.0
1,7,902.15,250.12,58.85,107.99,1,1,1.0
2,1,594.2,391.81,161.5,149.19,1,1,1.0
2,2,557.7,121.87,48.1,44.12,1,1,1.0
2,3,545.0,88.53,35.7,30.6,1,1,1.0
2,4,508.15,67.76,28.2,26.44,1,1,1.0
2,5,553.35,70.18,29.7,20.04,1,1,0.9223
2,6,729.85,112.94,51.55,39.5,1,1,1.0
2,7,894.95,238.56,66.05,107.98,1,1,1.0
3,1,598.55,406.26,162.95,134.74,1,1,1.0
3,2,557.75,122.76,49.0,45.18,1,1,1.0
3,3,544.85,88.79,36.15,31.12,1,1,1.0
3,4,508.0,68.02,28.35,26.96,1,1,1.0
3,5,553.65,70.27,29.95,20.39,1,1,0.9165
3,6,728.65,111.64,50.7,39.07,1,1,1.0
3,7,884.8,234.22,76.2,99.31,1,1,1.0
4,1,595.65,422.17,171.6,118.83,1,1,1.0
4,2,557.75,123.65,49.9,46.24,1,1,1.0
4,3,544.65,89.05,36.6,31.64,1,1,1.0
4,4,507.8,68.28,28.55,27.48,1,1,1.0
4,5,554.0,70.36,30.1,20.73,1,1,0.9111
4,6,727.45,110.33,49.8,38.65,1,1,1.0
4,7,880.5,225.54,80.5,103.65,1,1,1.0
5,1,602.9,440.96,160.05,100.04,1,1,1.0
5,2,557.8,124.54,50.8,47.3,1,1,1.0
5,3,544.5,89.31,37.0,32.15,1,1,1.0
5,4,507.65,68.54,28.7,28.0,1,1,1.0
5,5,554.35,70.44,30.25,21.08,1,1,0.9059
5,6,726.25,109.04,48.9,38.21,1,1,1.0
5,7,871.8,221.21,89.2,94.97,1,1,1.0
6,2,557.85,125.43,51.7,48.36,1,1,1.0
6,3,544.35,89.56,37.4,32.67,1,1,1.0
6,4,507.45,68.8,28.9,28.52,1,1,1.0
6,5,554.7,70.53,30.45,21.42,1,1,0.9011
6,6,725.0,107.74,48.1,37.78,1,1,1.0
6,7,866.0,213.97,95.0,92.09,1,1,1.0
7,2,557.9,126.32,52.55,49.42,1,1,1.0
7,3,544.15,89.82,37.85,33.2,1,1,1.0
7,4,507.3,69.06,29.05,29.04,1,1,1.0
7,5,555.05,70.61,30.6,21.77,1,1,0.8964
7,6,723.8,106.44,47.2,37.35,1,1,1.0
7,7,861.4,207.69,99.6,97.58,1,1,1.0
8,2,558.55,128.19,52.45,49.23,1,1,1.0
8,3,544.15,90.86,37.95,33.46,1,1,1.0
8,4,507.45,69.67,28.7,29.12,1,1,1.0
8,5,555.25,71.4,30.6,21.86,1,1,0.9042
8,6,722.25,105.23,46.7,36.92,1,1,1.0
8,7,854.45,205.3,106.55,86.3,1,1,1.0
9,2,559.2,130.07,52.35,49.03,1,1,1.0
9,3,544.15,91.9,38.05,33.7,1,1,1.0
9,4,507.65,70.27,28.35,29.21,1,1,1.0
9,5,555.4,72.18,30.6,21.94,1,1,0.9118
9,6,720.7,104.02,46.15,36.48,1,1,1.0
9,7,850.1,200.97,110.9,89.18,1,1,1.0
10,2,559.85,131.96,52.25,48.83,1,1,1.0
10,3,544.15,92.94,38.15,33.98,1,1,1.0
10,4,507.8,70.88,28.0,29.3,1,1,1.0
10,5,555.6,72.95,30.55,22.03,1,1,0.9191
10,6,719.15,102.81,45.65,36.04,1,1,1.0
10,7,840.0,196.63,121.0,90.63,1,1,1.0
11,2,560.5,133.84,52.1,48.63,1,1,1.0
11,3,544.15,93.98,38.2,34.23,1,1,1.0
11,4,508.0,71.48,27.65,29.38,1,1,1.0
11,5,555.75,73.73,30.6,22.12,1,1,0.9267
11,6,717.6,101.6,45.1,35.61,1,1,1.0
11,7,834.2,195.18,126.8,87.75,1,1,1.0
12,2,561.15,135.72,52.0,48.44,1,1,1.0
12,3,544.15,95.02,38.3,34.49,1,1,1.0
12,4,508.15,72.08,27.3,29.48,1,1,1.0
12,5,555.9,74.51,30.6,22.2,1,1,0.9339
12,6,716.0,100.39,44.65,35.18,1,1,1.0
12,7,826.8,187.35,110.65,86.77,1,1,1.0
13,2,561.8,137.6,51.9,48.25,1,1,1.0
13,3,544.15,96.06,38.4,34.75,1,1,1.0
13,4,508.35,72.69,26.95,29.56,1,1,1.0
13,5,556.1,75.29,30.6,22.28,1,1,0.9412
13,6,714.45,99.18,44.1,34.76,1,1,1.0
13,7,819.85,183.29,113.15,84.59,1,1,1.0
14,2,562.5,139.68,52.65,48.76,1,1,1.0
14,3,544.85,97.53,38.55,34.66,1,1,1.0
14,4,508.5,73.9,27.5,29.74,1,1,1.0
14,5,556.8,76.42,30.75,22.28,1,1,0.9546
14,6,713.85,98.66,43.85,34.49,1,1,1.0
14,7,815.55,180.09,111.35,83.73,1,1,1.0
15,2,563.2,141.75,53.45,49.29,1,1,1.0
15,3,545.55,99.0,38.7,34.57,1,1,1.0
15,4,508.65,75.11,28.0,29.9,1,1,1.0
15,5,557.5,77.54,30.9,22.28,1,1,1.0
15,6,713.25,98.14,43.6,34.24,1,1,1.0
15,7,811.2,176.88,109.55,82.87,1,1,1.0
16,2,563.9,143.82,54.2,49.81,1,1,1.0
16,3,546.25,100.47,38.9,34.49,1,1,1.0
16,4,508.85,76.32,28.5,30.08,1,1,1.0
16,5,558.15,78.67,31.15,22.28,1,1,1.0
16,6,712.65,97.62,43.3,33.98,1,1,1.0
16,7,806.9,173.69,107.7,82.0,1,1,1.0
17,2,564.6,145.91,55.0,50.32,1,1,1.0
17,3,546.9,101.94,39.1,34.41,1,1,1.0
17,4,509.0,77.54,29.05,30.25,1,1,1.0
17,5,558.85,79.79,31.3,22.29,1,1,1.0
17,6,712.05,97.1,43.05,33.72,1,1,1.0
17,7,802.55,170.48,105.9,81.14,1,1,1.0
18,2,565.25,147.98,55.8,50.84,1,1,1.0
18,3,547.6,103.42,39.25,34.31,1,1,1.0
18,4,509.2,78.75,29.55,30.43,1,1,1.0
18,5,559.55,80.92,31.45,22.28,1,1,1.0
18,6,711.45,96.58,42.8,33.46,1,1,1.0
18,7,798.25,167.28,104.05,80.27,1,1,1.0
19,2,565.95,150.06,56.55,51.37,1,1,1.0
19,3,548.3,104.89,39.45,34.23,1,1,1.0
19,4,509.35,79.96,30.1,30.6,1,1,1.0
19,5,560.25,82.04,31.65,22.29,1,1,1.0
19,6,710.85,96.06,42.5,33.19,1,1,1.0
19,7,793.9,164.07,102.25,79.41,1,1,1.0
20,2,565.45,151.7,58.3,52.24,1,1,1.0
20,3,547.95,105.32,40.3,35.27,1,1,1.0
20,4,508.75,79.7,30.5,31.29,1,1,1.0
20,5,560.35,81.6,31.9,22.98,1,1,1.0
20,6,709.35,94.76,42.35,32.93,1,1,1.0
20,7,790.6,161.4,99.3,76.89,1,1,1.0
21,2,564.9,153.35,60.05,53.09,1,1,1.0
21,3,547.6,105.75,41.15,36.31,1,1,1.0
21,4,508.15,79.44,30.95,31.99,1,1,1.0
21,5,560.4,81.18,32.2,23.68,1,1,1.0
21,6,707.9,93.46,42.2,32.68,1,1,1.0
21,7,787.35,158.71,96.35,74.39,1,1,1.0
22,2,564.4,154.99,61.75,53.96,1,1,1.0
22,3,547.25,106.19,42.05,37.34,1,1,1.0
22,4,507.55,79.18,31.35,32.67,1,1,1.0
22,5,560.5,80.74,32.4,24.37,1,1,1.0
22,6,706.4,92.16,42.05,32.42,1,1,1.0
22,7,784.05,156.03,93.4,71.88,1,1,1.0
23,2,563.9,156.63,63.45,54.83,1,1,1.0
23,3,546.9,106.61,42.9,38.39,1,1,1.0
23,4,506.95,78.92,31.8,33.36,1,1,1.0
23,5,560.6,80.31,32.65,25.05,1,1,1.0
23,6,704.95,90.86,41.85,32.16,1,1,1.0
23,7,780.75,153.35,90.5,69.36,1,1,1.0
24,2,563.35,158.28,65.25,55.69,1,1,1.0
24,3,546.6,107.05,43.75,39.42,1,1,1.0
24,4,506.35,78.67,32.25,34.06,1,1,1.0
24,5,560.7,79.88,32.9,25.76,1,1,1.0
24,6,703.45,89.56,41.7,31.9,1,1,1.0
24,7,777.45,150.66,87.55,66.86,1,1,1.0
25,2,562.85,159.93,66.95,56.55,1,1,1.0
25,3,546.25,107.48,44.6,40.46,1,1,1.0
25,4,505.75,78.4,32.65,34.76,1,1,1.0
25,5,560.75,79.44,33.2,26.45,1,1,1.0
25,6,702.0,88.27,41.5,31.64,1,1,1.0
25,7,774.15,147.98,84.6,64.34,1,1,1.0
25,8,560.25,65.42,31.1,22.8,1,1,0.6208
26,2,563.0,161.82,67.9,57.87,1,1,1.0
26,3,545.65,108.35,45.8,40.72,1,1,1.0
26,4,505.15,79.18,32.8,33.98,1,1,1.0
26,5,560.75,79.61,32.85,26.44,1,1,1.0
26,6,700.8,87.4,41.15,31.46,1,1,1.0
26,7,770.65,145.04,83.1,63.74,1,1,1.0
26,8,560.5,65.6,31.15,22.55,1,1,0.6248
27,2,563.2,163.73,68.85,59.15,1,1,1.0
27,3,545.0,109.21,47.05,40.98,1,1,1.0
27,4,504.5,79.96,33.05,33.2,1,1,1.0
27,5,560.75,79.79,32.5,26.44,1,1,1.0
27,6,699.6,86.54,40.8,31.29,1,1,1.0
27,7,767.1,142.1,81.65,63.13,1,1,1.0
27,8,560.75,65.77,31.15,22.29,1,1,0.629
28,2,563.35,165.63,69.8,60.46,1,1,1.0
28,3,544.4,110.08,48.25,41.24,1,1,1.0
28,4,503.9,80.74,33.2,32.42,1,1,1.0
28,5,560.75,79.96,32.15,26.45,1,1,1.0
28,6,698.35,85.68,40.5,31.12,1,1,1.0
28,7,763.55,139.16,80.15,62.53,1,1,1.0
28,8,561.05,65.94,31.1,22.03,1,1,0.6364
29,2,563.55,167.54,70.75,61.75,1,1,1.0
29,3,543.8,110.94,49.45,41.5,1,1,1.0
29,4,503.3,81.52,33.35,31.64,1,1,1.0
29,5,560.75,80.14,31.85,26.44,1,1,1.0
29,6,697.15,84.81,40.1,30.94,1,1,1.0
29,7,760.0,136.21,78.7,61.92,1,1,1.0
29,8,561.3,66.11,31.1,21.77,1,1,0.644
30,2,563.7,169.44,71.7,63.05,1,1,1.0
30,3,543.2,111.81,50.7,41.76,1,1,1.0
30,4,502.7,82.3,33.55,30.86,1,1,1.0
30,5,560.75,80.31,31.5,26.44,1,1,1.0
30,6,695.95,83.94,39.75,30.77,1,1,1.0
30,7,756.45,133.27,77.2,61.32,1,1,1.0
30,8,561.55,66.29,31.1,21.51,1,1,0.6563
31,2,563.9,171.35,72.65,64.34,1,1,1.0
31,3,542.6,112.68,51.9,42.01,1,1,1.0
31,4,502.1,83.08,33.7,30.08,1,1,1.0
31,5,560.75,80.48,31.15,26.45,1,1,1.0
31,6,694.75,83.08,39.4,30.6,1,1,1.0
31,7,752.9,130.32,75.75,60.72,1,1,1.0
31,8,561.8,66.46,31.1,21.25,1,1,0.6707
32,2,564.65,173.77,73.1,65.82,1,1,1.0
32,3,542.85,113.71,51.65,42.36,1,1,1.0
32,4,501.05,83.08,35.0,31.12,1,1,1.0
32,5,560.35,81.08,32.3,26.62,1,1,1.0
32,6,694.05,81.6,38.55,30.26,1,1,1.0
32,7,749.75,128.07,75.55,59.94,1,1,1.0
32,8,562.4,66.72,31.3,21.51,1,1,0.679
33,2,565.45,176.19,73.5,67.29,1,1,1.0
33,3,543.1,114.75,51.4,42.71,1,1,1.0
33,4,500.0,83.08,36.35,32.16,1,1,1.0
33,5,559.9,81.69,33.55,26.79,1,1,1.0
33,6,693.35,80.14,37.7,29.9,1,1,1.0
33,7,746.65,125.83,75.25,59.15,1,1,1.0
33,8,563.0,66.98,31.5,21.77,1,1,0.6865
34,2,566.2,178.62,73.95,68.76,1,1,1.0
34,3,543.4,115.79,51.1,43.06,1,1,1.0
34,4,498.98,83.08,37.62,33.2,1,1,1.0
34,5,559.45,82.3,34.75,26.96,1,1,1.0
34,6,692.65,78.67,36.85,29.56,1,1,1.0
34,7,743.55,123.58,75.0,58.37,1,1,1.0
34,8,563.65,67.24,31.6,22.03,1,1,0.6941
34,11,918.05,212.53,42.95,57.39,1,1,1.0
35,2,567.0,181.04,74.4,70.23,1,1,1.0
35,3,543.65,116.83,50.85,43.4,1,1,1.0
35,4,497.94,83.08,38.91,34.24,1,1,1.0
35,5,559.05,82.9,35.95,27.14,1,1,1.0
35,6,691.95,77.19,35.95,29.22,1,1,1.0
35,7,740.4,121.33,74.75,57.6,1,1,1.0
35,8,564.25,67.5,31.8,22.29,1,1,0.7013
35,11,912.3,205.3,48.7,68.96,1,1,1.0
36,2,567.8,183.46,74.8,71.7,1,1,1.0
36,3,543.9,117.86,50.6,43.76,1,1,1.0
36,4,496.9,83.08,40.2,35.28,1,1,1.0
36,5,558.6,83.51,37.2,27.31,1,1,1.0
36,6,691.25,75.72,35.1,28.86,1,1,1.0
36,7,737.3,119.08,74.5,56.82,1,1,1.0
36,8,564.85,67.76,31.95,22.55,1,1,0.7079
36,11,905.05,202.41,55.95,66.06,1,1,1.0
37,2,568.55,185.88,75.25,73.18,1,1,1.0
37,3,544.15,118.91,50.35,44.09,1,1,1.0
37,4,495.87,83.08,41.48,36.32,1,1,1.0
37,5,558.15,84.12,38.4,27.48,1,1,1.0
37,6,690.6,74.25,34.2,28.52,1,1,1.0
37,7,734.2,116.83,74.2,56.04,1,1,1.0
37,8,565.45,68.02,32.15,22.8,1,1,0.7154
37,9,546.75,52.44,24.9,22.81,1,1,1.0
37,10,582.6,54.52,30.05,22.8,1,1,1.0
37,11,897.85,193.74,63.15,71.84,1,1,1.0
38,2,569.0,189.95,76.9,74.48,1,1,1.0
38,3,544.65,120.29,50.25,44.62,1,1,1.0
38,4,496.13,84.46,40.82,35.97,1,1,1.0
38,5,558.5,84.64,37.95,28.08,1,1,1.0
38,6,689.35,73.99,34.75,28.26,1,1,1.0
38,7,732.45,115.44,72.5,55.96,1,1,1.0
38,8,565.95,68.89,32.35,22.72,1,1,0.7108
38,9,546.5,53.14,25.2,22.55,1,1,1.0
38,10,582.9,55.04,30.0,23.15,1,1,1.0
38,11,890.6,193.74,70.4,66.06,1,1,1.0
39,2,569.4,194.02,78.55,75.77,1,1,1.0
39,3,545.2,121.68,50.15,45.13,1,1,1.0
39,4,496.38,85.84,40.12,35.62,1,1,1.0
39,5,558.85,85.16,37.55,28.7,1,1,1.0
39,6,688.15,73.73,35.25,28.0,1,1,1.0
39,7,730.75,114.06,70.75,55.87,1,1,1.0
39,8,566.5,69.75,32.5,22.64,1,1,0.7061
39,9,546.25,53.82,25.55,22.29,1,1,1.0
39,10,583.25,55.56,29.9,23.5,1,1,1.0
39,11,886.25,186.51,74.75,64.61,1,1,1.0
40,2,569.85,198.09,80.2,77.06,1,1,1.0
40,3,545.7,123.06,50.1,45.65,1,1,1.0
40,4,496.64,87.23,39.41,35.27,1,1,1.0
40,5,559.2,85.68,37.1,29.3,1,1,1.0
40,6,686.95,73.47,35.8,27.74,1,1,1.0
40,7,729.0,112.68,69.0,55.77,1,1,1.0
40,8,567.0,70.61,32.65,22.55,1,1,0.7019
40,9,545.95,54.52,25.95,22.03,1,1,1.0
40,10,583.6,56.08,29.85,23.85,1,1,1.0
40,11,880.5,186.51,80.5,57.38,1,1,1.0
41,2,570.3,202.16,81.8,78.36,1,1,1.0
41,3,546.25,124.44,49.95,46.18,1,1,1.0
41,4,496.9,88.62,38.75,34.92,1,1,1.0
41,5,559.55,86.19,36.65,29.91,1,1,1.0
41,6,685.75,73.21,36.3,27.48,1,1,1.0
41,7,727.25,111.29,67.3,55.69,1,1,1.0
41,8,567.5,71.48,32.85,22.46,1,1,0.6985
41,9,545.7,55.21,26.3,21.77,1,1,1.0
41,10,583.95,56.6,29.75,24.2,1,1,1.0
41,11,873.25,183.62,87.75,64.61,1,1,1.0
42,2,570.7,206.22,83.5,79.66,1,1,1.0
42,3,546.75,125.83,49.9,46.69,1,1,1.0
42,4,497.17,90.0,38.03,34.58,1,1,1.0
42,5,559.9,86.71,36.25,30.51,1,1,1.0
42,6,684.5,72.95,36.85,27.22,1,1,1.0
42,7,725.55,109.91,65.55,55.6,1,1,1.0
42,8,568.05,72.34,33.0,22.38,1,1,0.6952
42,9,545.45,55.9,26.6,21.51,1,1,1.0
42,10,584.3,57.12,29.65,24.54,1,1,1.0
42,11,867.45,176.38,93.55,64.62,1,1,1.0
43,2,571.15,210.29,85.1,80.96,1,1,1.0
43,3,547.25,127.21,49.85,47.22,1,1,1.0
43,4,497.43,91.38,37.32,34.22,1,1,1.0
43,5,560.25,87.23,35.8,31.12,1,1,1.0
43,6,683.3,72.69,37.35,26.96,1,1,1.0
43,7,723.8,108.52,63.85,55.52,1,1,1.0
43,8,568.55,73.21,33.2,22.29,1,1,0.6927
43,9,545.2,56.6,26.95,21.25,1,1,1.0
43,10,584.65,57.64,29.55,24.88,1,1,1.0
43,11,860.9,173.43,100.1,64.34,1,1,1.0
44,2,571.95,215.13,86.9,83.31,1,1,1.0
44,3,546.9,128.94,51.15,48.34,1,1,1.0
44,4,497.25,92.68,37.7,34.4,1,1,1.0
44,5,560.85,88.18,35.6,30.94,1,1,1.0
44,6,683.15,72.34,36.65,26.7,1,1,1.0
44,7,721.65,107.22,63.05,54.91,1,1,1.0
44,8,569.35,73.99,33.7,23.07,1,1,0.6906
44,9,545.55,57.2,26.8,21.16,1,1,1.0
44,10,585.6,59.02,29.3,23.93,1,1,1.0
44,11,856.3,170.4,104.7,63.48,1,1,1.0
45,2,572.7,219.98,88.75,85.64,1,1,1.0
45,3,546.6,130.68,52.4,49.45,1,1,1.0
45,4,497.07,93.98,38.03,34.58,1,1,1.0
45,5,561.45,89.14,35.45,30.78,1,1,1.0
45,6,682.95,72.0,35.95,26.44,1,1,1.0
45,7,719.5,105.93,62.25,54.3,1,1,1.0
45,8,570.1,74.77,34.25,23.84,1,1,0.6889
45,9,545.9,57.81,26.6,21.08,1,1,1.0
45,10,586.55,60.4,29.05,22.98,1,1,1.0
45,11,851.7,167.37,92.55,62.61,1,1,1.0
46,2,573.5,224.82,90.55,87.98,1,1,1.0
46,3,546.25,132.41,53.7,50.58,1,1,1.0
46,4,496.9,95.28,38.4,34.75,1,1,1.0
46,5,562.05,90.08,35.3,30.6,1,1,1.0
46,6,682.8,71.66,35.25,26.18,1,1,1.0
46,7,717.3,104.63,61.5,53.69,1,1,1.0
46,8,570.9,75.55,34.75,24.62,1,1,0.6881
46,9,546.25,58.42,26.4,20.99,1,1,1.0
46,10,587.5,61.79,28.8,22.02,1,1,1.0
46,11,847.15,164.34,90.3,61.75,1,1,1.0
47,2,574.25,229.68,92.4,90.3,1,1,1.0
47,3,545.9,134.13,55.0,51.72,1,1,1.0
47,4,496.73,96.58,38.72,34.92,1,1,1.0
47,5,562.65,91.04,35.1,30.42,1,1,1.0
47,6,682.6,71.31,34.6,25.92,1,1,1.0
47,7,715.15,103.33,60.7,53.1,1,1,1.0
47,8,571.65,76.32,35.3,25.4,1,1,0.6889
47,9,546.6,59.02,26.25,20.9,1,1,1.0
47,10,588.45,63.18,28.55,21.08,1,1,0.7563
47,11,842.55,161.31,88.05,60.88,1,1,1.0
48,2,575.05,234.52,94.2,92.65,1,1,1.0
48,3,545.55,135.87,56.3,52.83,1,1,1.0
48,4,496.56,97.88,39.09,35.1,1,1,1.0
48,5,563.3,91.99,34.9,30.25,1,1,1.0
48,6,682.45,70.96,33.9,25.66,1,1,1.0
48,7,713.0,102.03,59.9,52.49,1,1,1.0
48,8,572.45,77.1,35.8,26.18,1,1,0.6896
48,9,546.9,59.62,26.1,20.82,1,1,1.0
48,10,589.4,64.56,28.25,20.12,1,1,0.7487
48,11,837.95,158.28,85.8,60.02,1,1,1.0
49,2,575.85,239.37,96.0,94.98,1,1,1.0
49,3,545.2,137.6,57.6,53.96,1,1,1.0
49,4,496.38,99.18,39.42,35.26,1,1,1.0
49,5,563.9,92.94,34.75,30.08,1,1,1.0
49,6,682.25,70.61,33.2,25.4,1,1,1.0
49,7,710.85,100.73,59.15,51.89,1,1,1.0
49,8,573.25,77.89,36.3,26.96,1,1,0.6909
49,9,547.25,60.23,25.95,20.73,1,1,1.0
49,10,590.35,65.94,28.0,19.18,1,1,0.7414
49,11,833.35,155.25,83.55,59.16,1,1,1.0
50,2,576.85,244.82,99.0,98.1,1,1,1.0
50,3,545.55,139.5,58.95,54.05,1,1,1.0
50,4,496.21,99.95,40.14,35.62,1,1,1.0
50,5,564.5,93.64,35.15,30.68,1,1,1.0
50,6,681.4,70.1,32.95,24.88,1,1,1.0
50,7,709.25,99.6,58.55,50.34,1,1,1.0
50,8,574.0,78.32,36.3,26.44,1,1,0.7027
50,9,547.7,60.49,25.65,20.64,1,1,1.0
50,10,591.25,66.2,28.15,19.95,1,1,0.7341
50,11,830.15,152.91,81.75,58.21,1,1,1.0
51,2,577.9,250.27,101.9,101.21,1,1,1.0
51,3,545.9,141.41,60.35,54.13,1,1,1.0
51,4,496.04,100.73,40.81,35.96,1,1,1.0
51,5,565.1,94.32,35.6,31.28,1,1,1.0
51,6,680.55,69.58,32.65,24.36,1,1,1.0
51,7,707.7,98.48,57.95,48.77,1,1,1.0
51,8,574.8,78.75,36.3,25.93,1,1,0.7151
51,9,548.15,60.75,25.4,20.56,1,1,1.0
51,10,592.1,66.46,28.35,20.73,1,1,0.7271
51,11,826.95,150.57,79.95,57.25,1,1,1.0
52,2,578.95,255.72,104.85,104.33,1,1,1.0
52,3,546.25,143.31,61.75,54.22,1,1,1.0
52,4,495.87,101.51,41.48,36.31,1,1,1.0
52,5,565.7,95.02,36.05,31.9,1,1,1.0
52,6,679.65,69.06,32.45,23.84,1,1,1.0
52,7,706.15,97.36,57.35,47.22,1,1,1.0
52,8,575.55,79.18,36.35,25.4,1,1,0.7287
52,9,548.55,61.01,25.15,20.47,1,1,1.0
52,10,592.95,66.72,28.55,21.51,1,1,0.7209
52,11,823.75,148.24,78.1,56.3,1,1,1.0
53,2,580.0,261.18,107.75,107.44,1,1,1.0
53,3,546.6,145.21,63.1,54.31,1,1,1.0
53,4,495.69,102.29,42.21,36.65,1,1,1.0
53,5,566.3,95.71,36.5,32.5,1,1,1.0
53,6,678.8,68.54,32.15,23.32,1,1,1.0
53,7,704.6,96.23,56.75,45.65,1,1,1.0
53,8,576.35,79.61,36.3,24.88,1,1,0.7426
53,9,549.0,61.27,24.9,20.39,1,1,1.0
53,10,593.85,66.98,28.65,22.29,1,1,0.7158
53,11,820.55,145.91,76.3,55.34,1,1,1.0
54,2,581.0,266.63,110.75,110.56,1,1,1.0
54,3,546.9,147.12,64.55,54.39,1,1,1.0
54,4,495.52,103.07,42.88,37.0,1,1,1.0
54,5,566.9,96.4,36.95,33.1,1,1,1.0
54,6,677.95,68.02,31.9,22.8,1,1,1.0
54,7,703.05,95.1,56.1,44.1,1,1,1.0
54,8,577.15,80.05,36.3,24.37,1,1,0.7581
54,9,549.45,61.53,24.6,20.3,1,1,1.0
54,10,594.7,67.24,28.85,23.07,1,1,0.711
54,11,817.35,143.57,74.5,54.39,1,1,1.0
55,2,582.05,272.07,113.7,113.68,1,1,1.0
55,3,547.25,149.02,65.9,54.48,1,1,1.0
55,4,495.35,103.85,43.55,37.34,1,1,1.0
55,5,567.5,97.1,37.35,33.72,1,1,1.0
55,6,677.1,67.5,31.6,22.29,1,1,1.0
55,7,701.5,93.98,55.5,42.54,1,1,1.0
55,8,577.9,80.48,36.3,23.85,1,1,0.7748
55,9,549.85,61.79,24.4,20.21,1,1,1.0
55,10,595.55,67.5,29.05,23.84,1,1,0.7075
55,11,814.15,141.23,72.65,53.45,1,1,1.0
56,2,583.25,280.47,116.7,118.0,1,1,1.0
56,3,547.35,151.44,65.9,55.69,1,1,1.0
56,4,495.08,105.32,43.07,37.87,1,1,1.0
56,5,567.25,98.05,37.9,34.32,1,1,1.0
56,6,676.15,66.98,31.7,22.64,1,1,1.0
56,7,699.9,93.46,55.2,41.67,1,1,1.0
56,8,578.5,81.18,36.65,25.14,1,1,0.7608
56,9,549.45,62.56,25.05,20.48,1,1,1.0
56,10,596.1,68.36,29.2,24.2,1,1,0.693
56,11,810.1,139.41,72.45,52.66,1,1,1.0
57,2,584.5,288.87,119.7,122.32,1,1,1.0
57,3,547.45,153.87,65.9,56.9,1,1,1.0
57,4,494.82,106.79,42.53,38.39,1,1,1.0
57,5,567.0,99.0,38.4,34.93,1,1,1.0
57,6,675.15,66.46,31.85,22.98,1,1,1.0
57,7,698.35,92.94,54.85,40.81,1,1,1.0
57,8,579.1,81.86,37.0,26.44,1,1,0.7498
57,9,549.0,63.34,25.75,20.73,1,1,1.0
57,10,596.6,69.23,29.4,24.54,1,1,0.6782
57,11,806.0,137.6,72.35,51.88,1,1,1.0
58,2,585.7,297.26,122.75,126.66,1,1,1.0
58,3,547.55,156.29,65.9,58.12,1,1,1.0
58,4,494.57,108.26,42.03,38.9,1,1,1.0
58,5,566.75,99.95,38.9,35.53,1,1,1.0
58,6,674.2,65.94,31.9,23.33,1,1,1.0
58,7,696.8,92.42,54.5,39.94,1,1,1.0
58,8,579.7,82.56,37.35,27.74,1,1,0.7408
58,9,548.55,64.12,26.45,20.99,1,1,1.0
58,10,597.1,70.1,29.55,24.88,1,1,0.663
58,11,801.95,135.78,72.15,51.1,1,1,1.0
59,2,586.9,305.65,125.8,130.98,1,1,1.0
59,3,547.6,158.71,65.9,59.33,1,1,1.0
59,4,494.31,109.73,41.49,39.43,1,1,1.0
59,5,566.5,100.91,39.4,36.13,1,1,1.0
59,6,673.25,65.42,32.0,23.67,1,1,1.0
59,7,695.25,91.9,54.15,39.08,1,1,1.0
59,8,580.35,83.25,37.65,29.04,1,1,0.7341
59,9,548.15,64.9,27.1,21.25,1,1,1.0
59,10,597.65,70.96,29.7,25.23,1,1,0.6486
59,11,797.9,133.96,71.95,50.33,1,1,1.0
60,2,588.1,314.05,128.85,135.31,1,1,1.0
60,3,547.7,161.13,65.9,60.55,1,1,1.0
60,4,494.05,111.2,41.0,39.95,1,1,1.0
60,5,566.2,101.86,39.95,36.74,1,1,1.0
60,6,672.3,64.9,32.1,24.02,1,1,1.0
60,7,693.7,91.38,53.8,38.22,1,1,1.0
60,8,580.95,83.94,38.0,30.34,1,1,0.7285
60,9,547.7,65.68,27.85,21.5,1,1,1.0
60,10,598.15,71.82,29.9,25.58,1,1,0.6338
60,11,793.8,132.15,71.8,49.54,1,1,1.0
61,2,589.35,322.44,131.8,139.63,1,1,1.0
61,3,547.8,163.56,65.9,61.75,1,1,1.0
61,4,493.79,112.68,40.46,40.45,1,1,1.0
61,5,565.95,102.81,40.45,37.35,1,1,1.0
61,6,671.35,64.39,32.15,24.36,1,1,1.0
61,7,692.15,90.86,53.45,37.34,1,1,1.0
61,8,581.55,84.64,38.35,31.64,1,1,0.7243
61,9,547.25,66.46,28.55,21.77,1,1,1.0
61,10,598.65,72.69,30.1,25.92,1,1,0.6193
61,11,789.75,130.32,71.6,48.78,1,1,1.0
61,12,922.4,182.17,38.6,54.49,1,1,1.0
62,2,591.4,332.74,136.1,141.02,1,1,1.0
62,3,548.15,166.32,66.95,63.58,1,1,1.0
62,4,493.27,114.32,41.48,41.24,1,1,1.0
62,5,566.4,104.19,40.1,38.13,1,1,1.0
62,6,671.55,64.73,30.95,23.94,1,1,1.0
62,7,691.0,90.26,52.6,37.26,1,1,1.0
62,8,582.85,85.76,38.65,31.98,1,1,0.7407
62,9,547.55,67.42,28.4,21.68,1,1,1.0
62,10,599.35,74.08,30.45,25.49,1,1,0.606
62,11,787.5,129.2,69.55,47.99,1,1,1.0
62,12,916.65,176.38,44.35,55.94,1,1,1.0
63,2,593.5,343.04,140.3,142.4,1,1,1.0
63,3,548.5,169.1,67.95,65.38,1,1,1.0
63,4,492.75,115.96,42.55,42.02,1,1,1.0
63,5,566.85,105.58,39.75,38.9,1,1,1.0
63,6,671.7,65.08,29.75,23.5,1,1,1.0
63,7,689.9,89.66,51.7,37.17,1,1,1.0
63,8,584.15,86.88,38.9,32.33,1,1,0.7567
63,9,547.8,68.36,28.35,21.6,1,1,1.0
63,10,600.05,75.46,30.8,25.06,1,1,0.5937
63,11,785.25,128.07,67.45,47.22,1,1,1.0
63,12,907.95,173.5,53.05,55.94,1,1,1.0
64,2,595.55,353.33,144.6,143.8,1,1,1.0
64,3,548.85,171.87,69.0,67.2,1,1,1.0
64,4,492.23,117.61,43.57,42.8,1,1,1.0
64,5,567.25,106.96,39.45,39.69,1,1,1.0
64,6,671.9,65.42,28.5,23.06,1,1,1.0
64,7,688.75,89.05,50.85,37.09,1,1,1.0
64,8,585.45,88.01,39.15,32.68,1,1,0.772
64,9,548.05,69.32,28.25,21.51,1,1,1.0
64,10,600.75,76.84,31.1,24.62,1,1,0.5808
64,11,783.0,126.95,65.4,46.43,1,1,1.0
64,12,903.6,169.16,57.4,55.94,1,1,1.0
64,13,916.65,271.81,44.35,71.84,1,1,0.6028
65,2,600.0,360.0,141.25,170.15,1,1,1.0
65,3,549.15,174.63,70.1,69.03,1,1,1.0
65,4,491.71,119.25,44.64,43.57,1,1,1.0
65,5,567.7,108.35,39.05,40.46,1,1,1.0
65,6,672.05,65.77,27.3,22.64,1,1,1.0
65,7,687.65,88.44,49.95,37.0,1,1,1.0
65,8,586.75,89.14,39.4,33.02,1,1,0.7877
65,9,548.3,70.27,28.2,21.42,1,1,1.0
65,10,601.45,78.23,31.45,24.2,1,1,0.5685
65,11,780.75,125.83,63.3,45.65,1,1,1.0
65,12,896.4,169.16,64.6,51.6,1,1,1.0
65,13,906.5,263.13,54.5,86.31,1,1,0.4531
66,2,601.45,370.12,145.55,170.88,1,1,1.0
66,3,549.5,177.41,71.1,70.83,1,1,1.0
66,4,491.19,120.9,45.66,44.35,1,1,1.0
66,5,568.15,109.73,38.7,41.24,1,1,1.0
66,6,672.25,66.11,26.1,22.2,1,1,1.0
66,7,686.5,87.84,49.15,36.92,1,1,1.0
66,8,588.05,90.26,39.65,33.37,1,1,0.8025
66,9,548.55,71.22,28.1,21.34,1,1,1.0
66,10,602.15,79.61,31.8,23.76,1,1,0.5564
66,11,778.5,124.7,61.25,44.87,1,1,1.0
66,12,889.15,163.38,71.85,54.49,1,1,1.0
66,13,900.7,260.24,60.3,87.75,1,1,0.4272
67,2,607.25,383.13,151.35,157.87,1,1,1.0
67,3,549.85,180.18,72.15,72.64,1,1,1.0
67,4,490.68,122.54,46.67,45.14,1,1,1.0
67,5,568.55,111.11,38.4,42.02,1,1,1.0
67,6,672.4,66.46,24.9,21.77,1,1,1.0
67,7,685.4,87.23,48.25,36.83,1,1,1.0
67,8,589.35,91.38,39.9,33.72,1,1,0.817
67,9,548.85,72.18,28.0,21.25,1,1,1.0
67,10,602.85,81.0,32.15,23.33,1,1,0.5444
67,11,776.25,123.58,59.15,44.1,1,1,1.0
67,12,886.25,160.48,74.75,55.94,1,1,1.0
67,13,890.6,253.01,70.4,81.97,1,1,0.5571
68,2,608.65,399.04,157.15,141.96,1,1,1.0
68,3,550.05,183.72,73.75,73.86,1,1,1.0
68,4,490.07,124.7,47.38,44.62,1,1,1.0
68,5,568.8,112.68,39.35,41.67,1,1,1.0
68,6,671.45,66.29,25.3,21.51,1,1,1.0
68,7,684.8,86.45,47.0,36.74,1,1,1.0
68,8,590.35,93.03,39.85,33.63,1,1,0.8143
68,9,548.9,72.95,28.45,21.51,1,1,1.0
68,10,603.1,81.86,32.75,24.54,1,1,0.5489
68,11,774.15,122.11,57.8,43.58,1,1,1.0
68,12,881.95,157.59,79.05,53.05,1,1,1.0
68,13,887.7,250.12,73.3,80.52,1,1,0.5991
69,2,611.55,412.05,158.6,128.95,1,1,1.0
69,3,550.2,187.27,75.45,75.08,1,1,1.0
69,4,489.46,126.86,48.09,44.1,1,1,1.0
69,5,569.1,114.23,40.25,41.33,1,1,1.0
69,6,670.5,66.11,25.75,21.25,1,1,1.0
69,7,684.15,85.68,45.85,36.66,1,1,1.0
69,8,591.4,94.68,39.75,33.53,1,1,0.8117
69,9,549.0,73.73,28.85,21.77,1,1,1.0
69,10,603.35,82.73,33.35,25.75,1,1,0.5531
69,11,772.1,120.64,56.4,43.05,1,1,1.0
69,12,877.6,153.26,83.4,55.93,1,1,1.0
69,13,881.95,242.89,79.05,80.52,1,1,0.669
70,2,611.55,425.06,157.15,115.94,1,1,1.0
70,3,550.4,190.82,77.05,76.29,1,1,1.0
70,4,488.86,129.03,48.79,43.57,1,1,1.0
70,5,569.35,115.79,41.25,40.98,1,1,1.0
70,6,669.55,65.94,26.2,21.0,1,1,1.0
70,7,683.55,84.9,44.65,36.56,1,1,1.0
70,8,592.45,96.32,39.7,33.46,1,1,0.809
70,9,549.1,74.51,29.3,22.03,1,1,1.0
70,10,603.6,83.6,34.0,26.96,1,1,0.5564
70,11,770.0,119.17,55.0,42.53,1,1,1.0
70,12,872.3,152.4,72.4,51.36,1,1,1.0
70,13,874.7,238.56,86.3,74.73,1,1,0.72
71,2,618.8,442.41,152.8,98.59,1,1,1.0
71,3,550.55,194.37,78.7,77.5,1,1,1.0
71,4,488.25,131.19,49.45,43.06,1,1,1.0
71,5,569.6,117.35,42.2,40.63,1,1,1.0
71,6,668.6,65.77,26.6,20.73,1,1,1.0
71,7,682.95,84.12,43.4,36.48,1,1,1.0
71,8,593.5,97.96,39.6,33.36,1,1,0.8065
71,9,549.15,75.29,29.75,22.28,1,1,1.0
71,10,603.85,84.46,34.6,28.18,1,1,0.5596
71,11,767.95,117.69,53.6,42.02,1,1,1.0
71,12,867.65,149.88,72.3,50.16,1,1,1.0
71,13,867.45,232.77,93.55,76.18,1,1,0.7299
72,2,618.8,453.98,154.25,87.02,1,1,1.0
72,3,550.75,197.91,80.35,78.72,1,1,1.0
72,4,487.64,133.35,50.16,42.55,1,1,1.0
72,5,569.85,118.91,43.15,40.28,1,1,1.0
72,6,667.65,65.6,27.05,20.47,1,1,1.0
72,7,682.35,83.34,42.2,36.4,1,1,1.0
72,8,594.5,99.6,39.55,33.28,1,1,0.8036
72,9,549.25,76.06,30.15,22.55,1,1,1.0
72,10,604.15,85.32,35.15,29.38,1,1,0.5627
72,11,765.85,116.22,52.25,41.5,1,1,1.0
72,12,862.95,147.38,72.25,48.94,1,1,1.0
72,13,860.25,228.44,100.75,73.29,1,1,0.7636
73,3,550.9,201.46,82.0,79.92,1,1,1.0
73,4,487.04,135.52,50.86,42.02,1,1,1.0
73,5,570.1,120.46,44.1,39.95,1,1,1.0
73,6,666.7,65.42,27.45,20.21,1,1,1.0
73,7,681.75,82.56,41.0,36.3,1,1,1.0
73,8,595.55,101.25,39.45,33.19,1,1,0.8009
73,9,549.35,76.84,30.6,22.81,1,1,1.0
73,10,604.4,86.19,35.75,30.6,1,1,0.5653
73,11,763.8,114.75,50.85,40.98,1,1,1.0
73,12,858.3,144.87,72.1,47.73,1,1,1.0
73,13,854.65,224.82,106.35,73.18,1,1,0.7391
74,3,550.55,204.75,83.75,81.74,1,1,1.0
74,4,486.95,136.47,50.35,43.84,1,1,1.0
74,5,570.45,121.24,43.75,40.38,1,1,1.0
74,6,666.0,64.82,26.9,19.87,1,1,1.0
74,7,680.1,81.52,40.8,35.96,1,1,1.0
74,8,596.25,101.94,40.4,33.54,1,1,0.8114
74,9,549.15,77.28,30.8,22.72,1,1,1.0
74,10,604.65,86.97,35.6,29.73,1,1,0.5537
74,11,760.85,113.36,50.95,40.38,1,1,1.0
74,12,854.05,142.27,70.05,47.21,1,1,1.0
74,13,851.55,219.76,109.45,70.39,1,1,0.8094
75,3,550.2,208.04,85.45,83.56,1,1,1.0
75,4,486.87,137.43,49.78,45.64,1,1,1.0
75,5,570.8,122.02,43.4,40.8,1,1,1.0
75,6,665.3,64.21,26.3,19.52,1,1,1.0
75,7,678.45,80.48,40.65,35.62,1,1,1.0
75,8,596.95,102.64,41.3,33.88,1,1,0.8212
75,9,549.0,77.71,30.95,22.64,1,1,1.0
75,10,604.9,87.75,35.45,28.86,1,1,0.5446
75,11,757.9,111.98,51.0,39.77,1,1,1.0
75,12,849.8,139.68,68.0,46.69,1,1,1.0
75,13,842.35,216.18,103.8,70.92,1,1,0.7402
76,3,549.85,211.32,87.2,85.38,1,1,1.0
76,4,486.78,138.38,49.27,47.47,1,1,1.0
76,5,571.15,122.8,43.05,41.24,1,1,1.0
76,6,664.6,63.6,25.7,19.18,1,1,1.0
76,7,676.8,79.44,40.5,35.27,1,1,1.0
76,8,597.65,103.33,42.25,34.23,1,1,1.0
76,9,548.85,78.14,31.1,22.54,1,1,1.0
76,10,605.15,88.53,35.3,28.0,1,1,0.5359
76,11,754.95,110.6,51.1,39.16,1,1,1.0
76,12,845.55,137.07,65.9,46.18,1,1,1.0
76,13,836.2,211.85,102.8,69.79,1,1,0.7456
77,3,549.5,214.62,88.95,87.19,1,1,1.0
77,4,486.69,139.32,48.76,49.3,1,1,1.0
77,5,571.5,123.58,42.7,41.67,1,1,1.0
77,6,663.9,63.0,25.1,18.82,1,1,1.0
77,7,675.15,78.4,40.3,34.92,1,1,1.0
77,8,598.35,104.02,43.2,34.58,1,1,1.0
77,9,548.65,78.58,31.3,22.46,1,1,1.0
77,10,605.4,89.31,35.1,27.13,1,1,0.5422
77,11,752.0,109.21,51.2,38.56,1,1,1.0
77,12,841.35,134.48,63.8,45.65,1,1,1.0
77,13,830.1,207.52,101.7,68.67,1,1,0.7301
78,3,549.15,217.91,90.7,89.01,1,1,1.0
78,4,486.61,140.28,48.24,51.1,1,1,1.0
78,5,571.85,124.36,42.35,42.1,1,1,1.0
78,6,663.25,62.4,24.45,18.48,1,1,1.0
78,7,673.55,77.36,40.1,34.58,1,1,1.0
78,8,599.0,104.71,44.2,34.92,1,1,1.0
78,9,548.5,79.01,31.45,22.38,1,1,1.0
78,10,605.7,90.08,34.9,26.28,1,1,0.5566
78,11,749.1,107.83,51.25,37.95,1,1,1.0
78,12,837.1,131.88,61.75,45.14,1,1,1.0
78,13,823.95,203.19,100.7,67.55,1,1,0.7185
79,3,548.85,221.19,92.35,90.83,1,1,1.0
79,4,486.52,141.23,47.73,52.93,1,1,1.0
79,5,572.2,125.14,42.0,42.54,1,1,1.0
79,6,662.55,61.79,23.85,18.14,1,1,1.0
79,7,671.9,76.32,39.95,34.24,1,1,1.0
79,8,599.7,105.41,45.15,35.27,1,1,1.0
79,9,548.3,79.44,31.65,22.29,1,1,1.0
79,10,605.95,90.86,34.75,25.4,1,1,0.5725
79,11,746.15,106.44,51.35,37.35,1,1,1.0
79,12,832.85,129.29,59.65,44.62,1,1,1.0
79,13,817.8,198.87,99.65,66.42,1,1,0.7231
79,14,554.55,59.71,26.45,19.7,1,1,1.0
79,15,584.65,50.36,22.3,22.29,1,1,1.0
79,16,516.1,51.92,20.25,18.65,1,1,1.0
80,3,548.75,226.04,93.6,93.16,1,1,1.0
80,4,484.79,143.48,49.36,53.45,1,1,1.0
80,5,571.25,126.26,43.2,43.06,1,1,1.0
80,6,661.15,61.18,24.35,17.78,1,1,1.0
80,7,670.35,75.81,39.55,33.45,1,1,1.0
80,8,600.3,106.44,45.4,35.79,1,1,1.0
80,9,548.05,79.61,31.45,23.24,1,1,1.0
80,10,605.95,91.64,34.85,25.06,1,1,0.5905
80,11,743.7,104.97,50.7,37.09,1,1,1.0
80,12,828.45,127.39,59.55,44.01,1,1,1.0
80,13,813.2,195.23,97.95,65.04,1,1,0.7177
80,14,553.85,59.71,26.35,19.78,1,1,1.0
80,15,584.2,50.62,23.1,22.29,1,1,1.0
80,16,515.1,52.01,20.55,18.82,1,1,1.0
81,3,548.65,230.88,94.8,95.5,1,1,1.0
81,4,483.06,145.73,51.04,53.96,1,1,1.0
81,5,570.3,127.39,44.45,43.57,1,1,1.0
81,6,659.75,60.58,24.9,17.44,1,1,1.0
81,7,668.75,75.29,39.25,32.67,1,1,1.0
81,8,600.9,107.48,45.7,36.31,1,1,1.0
81,9,547.8,79.79,31.3,24.19,1,1,1.0
81,10,605.95,92.42,34.9,24.72,1,1,0.6091
81,11,741.3,103.5,49.95,36.82,1,1,1.0
81,12,824.0,125.48,59.5,43.4,1,1,1.0
81,13,808.6,191.6,96.2,63.65,1,1,0.7045
81,14,553.15,59.71,26.25,19.86,1,1,1.0
81,15,583.8,50.88,23.85,22.29,1,1,1.0
81,16,514.05,52.1,20.9,19.0,1,1,1.0
82,3,548.55,235.73,96.05,97.84,1,1,1.0
82,4,481.32,147.98,52.68,54.48,1,1,1.0
82,5,569.35,128.51,45.65,44.09,1,1,1.0
82,6,658.4,59.97,25.4,17.1,1,1,1.0
82,7,667.2,74.77,38.9,31.9,1,1,1.0
82,8,601.55,108.52,45.9,36.83,1,1,1.0
82,9,547.55,79.96,31.1,25.15,1,1,1.0
82,10,605.95,93.2,35.0,24.37,1,1,0.6286
82,11,738.85,102.03,49.3,36.57,1,1,1.0
82,12,819.6,123.58,59.4,42.8,1,1,1.0
82,13,804.05,187.96,94.45,62.27,1,1,0.7078
82,14,552.45,59.71,26.2,19.95,1,1,1.0
82,15,583.35,51.14,24.65,22.29,1,1,1.0
82,16,513.0,52.18,21.25,19.17,1,1,1.0
83,3,548.5,240.57,97.2,100.18,1,1,1.0
83,4,479.6,150.23,54.3,55.0,1,1,1.0
83,5,568.4,129.63,46.85,44.62,1,1,1.0
83,6,657.0,59.36,25.9,16.75,1,1,1.0
83,7,665.65,74.25,38.55,31.11,1,1,1.0
83,8,602.15,109.56,46.15,37.35,1,1,1.0
83,9,547.25,80.14,30.95,26.1,1,1,1.0
83,10,605.95,93.98,35.1,24.02,1,1,0.6486
83,11,736.45,100.56,48.6,36.31,1,1,1.0
83,12,815.2,121.68,59.3,42.19,1,1,1.0
83,13,799.45,184.32,92.7,60.89,1,1,0.7181
83,14,551.75,59.71,26.1,20.04,1,1,1.0
83,15,582.9,51.4,25.45,22.28,1,1,1.0
83,16,511.95,52.27,21.6,19.34,1,1,1.0
84,3,548.4,245.43,98.45,102.51,1,1,1.0
84,4,477.87,152.48,55.93,55.52,1,1,1.0
84,5,567.45,130.76,48.05,45.14,1,1,1.0
84,6,655.6,58.76,26.45,16.4,1,1,1.0
84,7,664.1,73.73,38.2,30.34,1,1,1.0
84,8,602.75,110.6,46.4,37.86,1,1,1.0
84,9,547.0,80.31,30.8,27.05,1,1,1.0
84,10,605.95,94.76,35.2,23.68,1,1,0.6689
84,11,734.0,99.08,47.9,36.04,1,1,1.0
84,12,810.8,119.77,59.2,41.58,1,1,1.0
84,13,794.85,180.69,91.0,59.5,1,1,0.7126
84,14,551.1,59.71,26.0,20.12,1,1,1.0
84,15,582.5,51.66,26.15,22.28,1,1,1.0
84,16,510.9,52.36,21.95,19.52,1,1,1.0
85,3,548.3,250.27,99.65,104.85,1,1,1.0
85,4,476.13,154.73,57.62,56.04,1,1,1.0
85,5,566.5,131.88,49.25,45.66,1,1,1.0
85,6,654.25,58.16,26.95,16.06,1,1,1.0
85,7,662.55,73.21,37.85,29.56,1,1,1.0
85,8,603.35,111.64,46.7,38.38,1,1,1.0
85,9,546.75,80.48,30.6,28.0,1,1,1.0
85,10,605.95,95.54,35.25,23.32,1,1,0.6904
85,11,731.6,97.62,47.2,35.8,1,1,1.0
85,12,806.35,117.86,59.15,40.99,1,1,1.0
85,13,790.25,177.06,89.3,58.12,1,1,0.7117
85,14,550.4,59.71,25.9,20.22,1,1,1.0
85,15,582.05,51.92,26.95,22.28,1,1,1.0
85,16,509.9,52.44,22.25,19.7,1,1,1.0
86,3,549.15,255.46,101.85,110.22,1,1,1.0
86,4,476.48,156.46,57.62,56.56,1,1,1.0
86,5,567.15,132.93,49.5,45.73,1,1,1.0
86,6,653.95,56.94,26.65,16.32,1,1,1.0
86,7,661.65,72.0,38.0,29.21,1,1,1.0
86,8,604.45,112.16,47.6,38.21,1,1,1.0
86,9,546.5,80.66,31.65,28.0,1,1,1.0
86,10,605.85,96.32,36.5,23.08,1,1,0.6867
86,11,730.45,96.06,46.3,35.26,1,1,1.0
86,12,804.4,115.27,57.5,40.46,1,1,1.0
86,13,786.2,173.43,87.7,57.07,1,1,0.7188
86,14,550.75,59.36,26.15,20.9,1,1,1.0
86,15,582.4,51.66,26.2,22.02,1,1,1.0
86,16,509.9,51.84,22.6,20.22,1,1,1.0
87,3,550.05,260.65,103.95,115.58,1,1,1.0
87,4,476.82,158.19,57.58,57.08,1,1,1.0
87,5,567.85,133.96,49.65,45.83,1,1,1.0
87,6,653.7,55.73,26.3,16.58,1,1,1.0
87,7,660.8,70.79,38.05,28.86,1,1,1.0
87,8,605.6,112.68,48.4,38.03,1,1,1.0
87,9,546.25,80.82,32.65,28.0,1,1,1.0
87,10,605.75,97.1,37.7,22.82,1,1,0.6831
87,11,729.35,94.5,45.3,34.75,1,1,1.0
87,12,802.4,112.68,55.85,39.94,1,1,1.0
87,13,782.15,169.79,86.15,56.03,1,1,0.7138
87,14,551.1,59.02,26.4,21.6,1,1,1.0
87,15,582.75,51.4,25.4,21.77,1,1,1.0
87,16,509.9,51.23,22.95,20.73,1,1,1.0
88,3,550.9,265.85,106.15,120.94,1,1,1.0
88,4,477.18,159.93,57.57,57.59,1,1,1.0
88,5,568.55,135.0,49.8,45.91,1,1,1.0
88,6,653.45,54.52,25.95,16.84,1,1,1.0
88,7,659.95,69.58,38.1,28.52,1,1,1.0
88,8,606.7,113.19,49.3,37.87,1,1,1.0
88,9,545.95,81.0,33.75,28.0,1,1,1.0
88,10,605.7,97.88,38.9,22.56,1,1,0.6873
88,11,728.2,92.94,44.4,34.24,1,1,1.0
88,12,800.4,110.08,54.2,39.42,1,1,1.0
88,13,778.05,166.16,84.6,55.0,1,1,0.7238
88,14,551.4,58.68,26.75,22.28,1,1,1.0
88,15,583.1,51.14,24.6,21.51,1,1,1.0
88,16,509.9,50.62,23.3,21.25,1,1,1.0
89,3,551.75,271.04,108.35,126.31,1,1,1.0
89,4,477.52,161.66,57.58,58.11,1,1,1.0
89,5,569.25,136.04,50.0,46.0,1,1,1.0
89,6,653.2,53.31,25.55,17.1,1,1,1.0
89,7,659.1,68.36,38.2,28.18,1,1,1.0
89,8,607.85,113.71,50.15,37.7,1,1,1.0
89,9,545.7,81.18,34.75,28.0,1,1,1.0
89,10,605.6,98.66,40.1,22.28,1,1,0.6938
89,11,727.1,91.38,43.4,33.72,1,1,1.0
89,12,798.4,107.48,52.6,38.9,1,1,1.0
89,13,774.0,162.52,83.05,53.96,1,1,0.7173
89,14,551.75,58.32,27.0,22.98,1,1,1.0
89,15,583.45,50.88,23.85,21.25,1,1,1.0
89,16,509.9,50.02,23.65,21.77,1,1,1.0
90,3,552.65,276.23,110.45,131.67,1,1,1.0
90,4,477.87,163.38,57.58,58.64,1,1,1.0
90,5,569.95,137.07,50.15,46.09,1,1,1.0
90,6,652.95,52.1,25.2,17.36,1,1,1.0
90,7,658.2,67.16,38.3,27.82,1,1,1.0
90,8,608.95,114.23,51.05,37.52,1,1,1.0
90,9,545.45,81.34,35.8,28.0,1,1,1.0
90,10,605.5,99.44,41.35,22.02,1,1,0.6991
90,11,725.95,89.82,42.45,33.2,1,1,1.0
90,12,796.4,104.89,50.95,38.38,1,1,1.0
90,13,769.95,158.88,81.45,52.93,1,1,0.7442
90,14,552.1,57.98,27.25,23.68,1,1,1.0
90,15,583.8,50.62,23.05,20.99,1,1,1.0
90,16,509.9,49.41,24.0,22.29,1,1,1.0
91,3,553.5,281.43,112.65,137.03,1,1,1.0
91,4,478.21,165.12,57.59,59.15,1,1,1.0
91,5,570.65,138.12,50.3,46.17,1,1,1.0
91,6,652.65,50.88,24.9,17.61,1,1,1.0
91,7,657.35,65.94,38.4,27.48,1,1,1.0
91,8,610.1,114.75,51.9,37.35,1,1,1.0
91,9,545.2,81.52,36.8,28.0,1,1,1.0
91,10,605.4,100.21,42.55,21.77,1,1,0.7046
91,11,724.85,88.27,41.5,32.67,1,1,1.0
91,12,794.4,102.29,49.3,37.87,1,1,1.0
91,13,765.85,155.25,79.95,51.88,1,1,0.7384
91,14,552.45,57.64,27.5,24.36,1,1,1.0
91,15,584.15,50.36,22.25,20.73,1,1,1.0
91,16,509.9,48.81,24.35,22.81,1,1,1.0
91,17,918.05,180.72,42.95,77.63,1,1,1.0
92,3,552.8,288.61,117.5,143.18,1,1,1.0
92,4,476.92,167.54,60.03,61.58,1,1,1.0
92,5,571.0,139.59,50.55,46.6,1,1,1.0
92,7,656.4,64.64,37.95,27.48,1,1,1.0
92,8,612.25,115.88,52.6,38.56,1,1,1.0
92,9,545.35,81.44,36.75,28.6,1,1,1.0
92,10,605.75,100.47,42.05,24.02,1,1,0.697
92,11,723.05,87.06,41.05,31.63,1,1,1.0
92,12,791.9,100.39,48.7,36.91,1,1,1.0
92,13,763.9,152.91,78.45,49.64,1,1,0.7581
92,14,552.65,57.81,27.05,23.58,1,1,1.0
92,15,584.85,50.36,22.8,21.25,1,1,1.0
92,16,510.15,49.07,24.45,22.98,1,1,1.0
92,17,911.4,176.1,49.6,78.49,1,1,1.0
93,3,552.1,295.79,122.35,149.33,1,1,1.0
93,4,475.62,169.96,62.43,64.0,1,1,1.0
93,5,571.35,141.06,50.8,47.04,1,1,1.0
93,7,655.45,63.34,37.5,27.48,1,1,1.0
93,8,614.4,117.0,53.3,39.77,1,1,1.0
93,9,545.55,81.34,36.65,29.22,1,1,1.0
93,10,606.1,100.73,41.5,26.27,1,1,0.6955
93,11,721.2,85.84,40.65,30.6,1,1,1.0
93,12,789.4,98.48,48.1,35.96,1,1,1.0
93,13,761.9,150.57,76.95,47.39,1,1,0.7963
93,14,552.8,57.98,26.6,22.81,1,1,1.0
93,15,585.5,50.36,23.35,21.77,1,1,1.0
93,16,510.4,49.33,24.55,23.15,1,1,1.0
93,17,904.75,171.47,56.25,79.36,1,1,1.0
94,3,551.4,302.97,127.2,155.47,1,1,1.0
94,4,474.32,172.38,64.88,66.43,1,1,1.0
94,5,571.65,142.53,51.15,47.47,1,1,1.0
94,7,654.5,62.05,37.1,27.48,1,1,1.0
94,8,616.6,118.13,53.95,40.97,1,1,1.0
94,9,545.7,81.26,36.6,29.82,1,1,1.0
94,10,606.45,100.99,41.0,28.52,1,1,0.6998
94,11,719.4,84.64,40.2,29.56,1,1,1.0
94,12,786.9,96.58,47.45,35.02,1,1,1.0
94,13,759.9,148.24,75.5,45.14,1,1,0.846
94,14,553.0,58.16,26.15,22.03,1,1,1.0
94,15,586.2,50.36,23.85,22.29,1,1,1.0
94,16,510.65,49.59,24.65,23.33,1,1,1.0
94,17,898.1,166.85,62.9,80.22,1,1,1.0
95,3,550.75,310.15,132.0,161.62,1,1,1.0
95,4,473.02,174.81,67.28,68.85,1,1,1.0
95,5,572.0,144.0,51.4,47.91,1,1,1.0
95,7,653.55,60.75,36.65,27.48,1,1,1.0
95,8,618.75,119.25,54.65,42.19,1,1,1.0
95,9,545.9,81.18,36.45,30.42,1,1,1.0
95,10,606.8,101.25,40.45,30.77,1,1,0.7076
95,11,717.6,83.42,39.75,28.52,1,1,1.0
95,12,784.4,94.68,46.85,34.06,1,1,1.0
95,13,757.9,145.91,74.05,42.88,1,1,0.8639
95,14,553.15,58.32,25.75,21.25,1,1,1.0
95,15,586.9,50.36,24.35,22.81,1,1,1.0
95,16,510.9,49.85,24.75,23.5,1,1,1.0
95,17,891.45,162.22,69.55,81.1,1,1,1.0
96,3,550.05,317.33,136.85,167.77,1,1,1.0
96,4,471.72,177.23,69.73,71.27,1,1,1.0
96,5,572.35,145.47,51.65,48.34,1,1,1.0
96,7,652.6,59.45,36.2,27.48,1,1,1.0
96,8,620.9,120.38,55.35,43.4,1,1,1.0
96,9,546.05,81.08,36.4,31.02,1,1,1.0
96,10,607.15,101.51,39.95,33.02,1,1,0.719
96,11,715.75,82.21,39.35,27.48,1,1,1.0
96,12,781.9,92.77,46.25,33.11,1,1,1.0
96,13,755.9,143.57,72.6,40.63,1,1,0.8957
96,14,553.35,58.5,25.3,20.47,1,1,1.0
96,15,587.6,50.36,24.9,23.32,1,1,1.0
96,16,511.2,50.1,24.8,23.68,1,1,1.0
96,17,884.8,157.59,76.2,81.97,1,1,1.0
97,3,549.35,324.52,141.7,173.91,1,1,1.0
97,4,470.43,179.66,72.12,73.69,1,1,1.0
97,5,572.7,146.94,51.9,48.77,1,1,1.0
97,7,651.65,58.16,35.75,27.48,1,1,1.0
97,8,623.1,121.5,56.0,44.62,1,1,1.0
97,9,546.25,81.0,36.3,31.64,1,1,1.0
97,10,607.5,101.77,39.4,35.27,1,1,0.7339
97,11,713.95,81.0,38.9,26.44,1,1,1.0
97,12,779.35,90.86,45.65,32.16,1,1,1.0
97,13,753.9,141.23,71.1,38.39,1,1,0.9286
97,14,553.5,58.68,24.9,19.69,1,1,1.0
97,15,588.3,50.36,25.4,23.84,1,1,1.0
97,16,511.45,50.36,24.9,23.84,1,1,1.0
97,17,884.25,154.73,76.75,82.52,1,1,1.0
98,3,549.45,335.6,145.35,168.45,1,1,1.0
98,4,469.3,183.03,73.1,75.77,1,1,1.0
98,5,572.65,148.85,53.25,50.06,1,1,1.0
98,7,650.7,57.64,36.1,27.3,1,1,1.0
98,8,624.45,123.23,56.4,45.83,1,1,1.0
98,9,546.15,82.12,36.8,30.68,1,1,1.0
98,10,607.4,102.98,40.05,37.26,1,1,0.7378
98,11,713.0,79.88,37.85,26.88,1,1,1.0
98,12,776.75,90.0,45.85,32.07,1,1,1.0
98,13,750.3,139.16,70.5,39.41,1,1,0.8765
98,14,553.25,59.19,25.4,19.78,1,1,1.0
98,15,587.5,50.88,26.2,24.02,1,1,1.0
98,16,510.5,50.28,25.5,24.54,1,1,1.0
98,17,877.85,152.13,83.15,82.0,1,1,1.0
99,3,555.2,342.65,138.35,183.15,1,1,1.0
99,4,468.18,186.41,74.02,77.84,1,1,1.0
99,5,572.55,150.75,54.65,51.37,1,1,1.0
99,7,649.75,57.12,36.45,27.14,1,1,1.0
99,8,625.85,124.96,56.75,47.04,1,1,1.0
99,9,546.05,83.25,37.35,29.73,1,1,1.0
99,10,607.35,104.19,40.6,39.25,1,1,0.7437
99,11,712.05,78.75,36.8,27.31,1,1,1.0
99,12,774.15,89.14,46.0,31.98,1,1,1.0
99,13,746.65,137.07,69.9,40.47,1,1,0.8499
99,14,553.0,59.71,25.9,19.86,1,1,1.0
99,15,586.75,51.4,26.95,24.19,1,1,1.0
99,16,509.55,50.19,26.1,25.24,1,1,1.0
99,17,871.45,149.54,89.55,81.48,1,1,1.0
100,3,556.05,354.51,142.4,173.89,1,1,1.0
100,4,467.05,189.78,75.0,79.92,1,1,1.0
100,5,572.45,152.66,56.05,52.66,1,1,1.0
100,7,648.8,56.6,36.8,26.96,1,1,1.0
100,8,627.25,126.69,57.05,48.25,1,1,1.0
100,9,545.95,84.38,37.9,28.78,1,1,1.0
100,10,607.25,105.41,41.25,41.24,1,1,0.7507
100,11,711.1,77.62,35.8,27.74,1,1,1.0
100,12,771.6,88.27,46.15,31.9,1,1,1.0
100,13,743.0,135.0,69.3,41.5,1,1,0.8218
100,14,552.7,60.23,26.45,19.95,1,1,1.0
100,15,585.95,51.92,27.75,24.36,1,1,1.0
100,16,508.6,50.1,26.7,25.92,1,1,1.0
100,17,865.05,146.94,95.95,80.97,1,1,1.0
101,3,556.9,366.36,146.45,164.64,1,1,1.0
101,4,465.93,193.16,75.92,81.99,1,1,1.0
101,5,572.35,154.56,57.45,53.96,1,1,1.0
101,7,647.85,56.08,37.15,26.79,1,1,1.0
101,8,628.6,128.43,57.45,49.45,1,1,1.0
101,9,545.9,85.5,38.35,27.83,1,1,1.0
101,10,607.15,106.61,41.85,43.24,1,1,0.7585
101,11,710.15,76.5,34.75,28.18,1,1,1.0
101,12,769.0,87.4,46.35,31.8,1,1,1.0
101,13,739.4,132.93,68.65,42.53,1,1,0.8058
101,14,552.45,60.75,26.95,20.04,1,1,1.0
101,15,585.15,52.44,28.55,24.54,1,1,1.0
101,16,507.65,50.02,27.3,26.62,1,1,1.0
101,17,858.65,144.35,102.35,80.44,1,1,1.0
102,3,557.8,378.21,150.5,155.44,1,1,1.0
102,4,464.8,196.53,76.9,84.08,1,1,1.0
102,5,572.3,156.46,58.8,55.26,1,1,1.0
102,7,646.9,55.56,37.5,26.62,1,1,1.0
102,8,630.0,130.16,57.75,50.66,1,1,1.0
102,9,545.8,86.62,38.9,26.88,1,1,1.0
102,10,607.05,107.83,42.45,45.22,1,1,0.7675
102,11,709.2,75.38,33.7,28.6,1,1,1.0
102,12,766.4,86.54,46.5,31.72,1,1,1.0
102,13,735.75,130.85,68.05,43.58,1,1,0.7446
102,14,552.2,61.27,27.5,20.12,1,1,1.0
102,15,584.4,52.96,29.3,24.72,1,1,1.0
102,16,506.7,49.93,27.9,27.31,1,1,1.0
102,17,852.25,141.75,95.75,79.93,1,1,1.0
103,3,558.65,390.07,154.55,150.93,1,1,1.0
103,4,463.68,199.91,77.82,86.15,1,1,1.0
103,5,572.2,158.37,60.2,56.56,1,1,1.0
103,7,645.9,55.04,37.9,26.44,1,1,1.0
103,8,631.4,131.88,58.1,51.89,1,1,1.0
103,9,545.7,87.75,39.45,25.93,1,1,1.0
103,10,607.0,109.04,43.05,47.21,1,1,0.7764
103,11,708.25,74.25,32.65,29.04,1,1,1.0
103,12,763.8,85.68,46.7,31.64,1,1,1.0
103,13,732.1,128.77,67.5,44.61,1,1,0.7435
103,14,551.95,61.79,28.0,20.21,1,1,1.0
103,15,583.6,53.48,30.1,24.88,1,1,1.0
103,16,505.75,49.85,28.5,28.0,1,1,1.0
103,17,845.85,139.16,99.65,79.4,1,1,1.0
103,18,538.45,28.04,26.45,33.19,1,1,1.0
103,19,573.25,35.31,18.65,19.69,1,1,1.0
104,3,559.5,401.93,158.6,139.07,1,1,1.0
104,4,463.5,203.71,78.65,88.58,1,1,1.0
104,5,572.3,160.7,61.55,57.68,1,1,1.0
104,7,645.4,54.34,37.2,26.1,1,1,1.0
104,8,633.7,134.13,59.0,52.24,1,1,1.0
104,9,545.55,88.18,40.3,27.48,1,1,1.0
104,10,607.05,110.17,43.6,46.95,1,1,0.8096
104,11,706.85,73.04,33.45,29.21,1,1,1.0
104,12,762.4,84.29,45.3,30.68,1,1,1.0
104,13,730.65,126.61,65.4,44.18,1,1,0.7396
104,14,552.3,61.7,27.8,21.16,1,1,1.0
104,15,584.75,53.48,29.45,25.06,1,1,1.0
104,16,505.8,50.45,28.35,27.83,1,1,1.0
104,17,841.75,136.99,97.5,77.94,1,1,1.0
104,18,538.55,27.95,26.75,33.36,1,1,1.0
104,19,573.4,35.65,19.2,18.91,1,1,1.0
105,3,555.2,416.38,158.55,124.62,1,1,1.0
105,4,463.32,207.52,79.43,91.0,1,1,1.0
105,5,572.35,163.04,63.0,58.81,1,1,1.0
105,7,644.9,53.66,36.45,25.75,1,1,1.0
105,8,636.05,136.38,59.85,52.58,1,1,1.0
105,9,545.35,88.62,41.15,29.04,1,1,1.0
105,10,607.15,111.29,44.1,46.69,1,1,0.8405
105,11,705.45,71.82,34.25,29.38,1,1,1.0
105,12,761.0,82.9,43.95,29.74,1,1,1.0
105,13,729.15,124.44,63.35,43.75,1,1,0.7678
105,14,552.65,61.62,27.65,22.12,1,1,1.0
105,15,585.85,53.48,28.9,25.23,1,1,1.0
105,16,505.9,51.06,28.2,27.65,1,1,1.0
105,17,837.7,134.82,95.3,76.47,1,1,1.0
105,18,538.6,27.87,27.15,33.54,1,1,1.0
105,19,573.6,36.0,19.65,18.14,1,1,1.0
106,4,463.15,211.32,80.2,93.43,1,1,1.0
106,5,572.45,165.38,64.35,59.93,1,1,1.0
106,7,644.35,52.96,35.8,25.4,1,1,1.0
106,8,638.4,138.63,60.7,52.93,1,1,1.0
106,9,545.2,89.05,42.0,30.6,1,1,1.0
106,10,607.25,112.42,44.6,46.43,1,1,0.8687
106,11,704.1,70.61,35.0,29.56,1,1,1.0
106,12,759.65,81.52,42.5,28.78,1,1,1.0
106,13,727.7,122.28,61.25,43.32,1,1,0.8021
106,14,553.0,61.53,27.45,23.06,1,1,1.0
106,15,587.0,53.48,28.25,25.4,1,1,1.0
106,16,506.0,51.66,28.0,27.48,1,1,1.0
106,17,833.65,132.66,93.15,75.0,1,1,1.0
106,18,538.7,27.78,27.5,33.71,1,1,1.0
106,19,573.75,36.35,20.2,17.35,1,1,1.0
107,4,462.98,215.13,80.97,95.85,1,1,1.0
107,5,572.55,167.71,65.7,61.06,1,1,1.0
107,7,643.85,52.27,35.1,25.06,1,1,1.0
107,8,640.75,140.88,61.55,53.28,1,1,1.0
107,9,545.0,89.48,42.9,32.16,1,1,1.0
107,10,607.35,113.54,45.1,46.17,1,1,0.8942
107,11,702.7,69.4,35.8,29.73,1,1,1.0
107,12,758.25,80.14,41.15,27.82,1,1,1.0
107,13,726.25,120.11,59.15,42.89,1,1,0.7951
107,14,553.35,61.44,27.3,24.02,1,1,1.0
107,15,588.1,53.48,27.65,25.58,1,1,1.0
107,16,506.1,52.27,27.8,27.3,1,1,1.0
107,17,829.55,130.5,91.0,73.52,1,1,1.0
107,18,538.8,27.69,27.8,33.88,1,1,1.0
107,19,573.9,36.69,20.75,16.58,1,1,1.0
108,4,462.81,218.94,81.74,98.27,1,1,1.0
108,5,572.65,170.05,67.1,62.18,1,1,1.0
108,7,643.35,51.58,34.4,24.72,1,1,1.0
108,8,643.05,143.13,62.45,53.62,1,1,1.0
108,9,544.85,89.92,43.75,33.72,1,1,1.0
108,10,607.4,114.67,45.65,45.9,1,1,1.0
108,11,701.3,68.19,36.6,29.9,1,1,1.0
108,12,756.85,78.75,39.8,26.88,1,1,1.0
108,13,724.75,117.95,57.1,42.46,1,1,0.8102
108,14,553.65,61.36,27.15,24.97,1,1,1.0
108,15,589.25,53.48,27.05,25.75,1,1,1.0
108,16,506.15,52.88,27.65,27.14,1,1,1.0
108,17,825.5,128.34,88.85,72.04,1,1,1.0
108,18,538.9,27.61,28.15,34.06,1,1,1.0
108,19,574.1,37.04,21.25,15.8,1,1,1.0
109,4,462.63,222.75,82.52,100.69,1,1,1.0
109,5,572.7,172.38,68.5,63.31,1,1,1.0
109,7,642.8,50.88,33.7,24.36,1,1,1.0
109,8,645.4,145.38,63.3,53.97,1,1,1.0
109,9,544.65,90.34,44.65,35.26,1,1,1.0
109,10,607.5,115.79,46.15,45.65,1,1,1.0
109,11,699.9,66.98,37.35,30.08,1,1,1.0
109,12,755.5,77.36,38.35,25.92,1,1,1.0
109,13,723.3,115.79,55.0,42.02,1,1,0.8228
109,14,554.0,61.27,27.0,25.92,1,1,1.0
109,15,590.35,53.48,26.45,25.92,1,1,1.0
109,16,506.25,53.48,27.5,26.96,1,1,1.0
109,17,821.4,126.18,86.7,70.57,1,1,1.0
109,18,538.95,27.52,28.55,34.23,1,1,1.0
109,19,574.25,37.38,21.8,15.02,1,1,1.0
110,4,461.51,227.85,84.79,104.08,1,1,1.0
110,5,573.25,174.29,69.15,65.3,1,1,1.0
110,7,642.4,50.28,33.35,24.19,1,1,1.0
110,8,647.4,147.98,65.4,54.48,1,1,1.0
110,9,546.25,91.04,42.85,35.27,1,1,1.0
110,10,607.75,117.35,47.3,46.78,1,1,1.0
110,11,699.5,66.2,36.45,29.82,1,1,1.0
110,12,753.6,76.16,38.2,25.66,1,1,1.0
110,13,721.3,113.89,54.55,41.84,1,1,0.8436
110,14,554.55,61.53,26.8,26.18,1,1,1.0
110,15,590.65,53.82,27.2,26.53,1,1,1.0
110,16,506.15,53.66,27.6,26.78,1,1,1.0
110,17,818.15,123.93,84.4,68.84,1,1,1.0
110,18,539.65,27.78,27.9,34.15,1,1,1.0
110,19,574.35,36.86,21.85,15.88,1,1,1.0
111,4,460.38,232.96,87.02,107.44,1,1,1.0
111,5,573.75,176.19,69.9,67.29,1,1,1.0
111,7,641.95,49.67,33.0,24.02,1,1,1.0
111,8,649.4,150.57,67.45,55.0,1,1,1.0
111,9,547.8,91.73,41.15,35.27,1,1,1.0
111,10,608.0,118.91,48.45,47.9,1,1,1.0
111,11,699.05,65.42,35.6,29.56,1,1,1.0
111,12,751.65,74.94,38.05,25.4,1,1,1.0
111,13,719.3,111.98,54.15,41.68,1,1,0.8418
111,14,555.05,61.79,26.6,26.44,1,1,1.0
111,15,590.9,54.18,28.0,27.14,1,1,1.0
111,16,506.1,53.82,27.65,26.62,1,1,1.0
111,17,814.85,121.68,82.15,67.11,1,1,1.0
111,18,540.35,28.04,27.3,34.06,1,1,1.0
111,19,574.45,36.35,21.95,16.75,1,1,1.0
112,4,459.26,238.07,89.29,110.81,1,1,1.0
112,5,574.25,178.1,70.6,69.28,1,1,1.0
112,7,641.5,49.07,32.7,23.85,1,1,1.0
112,8,651.4,153.18,69.5,55.51,1,1,1.0
112,9,549.35,92.42,39.4,35.26,1,1,1.0
112,10,608.3,120.46,49.55,49.03,1,1,1.0
112,11,698.65,64.64,34.75,29.3,1,1,1.0
112,12,749.75,73.73,37.9,25.14,1,1,1.0
112,13,717.3,110.08,53.7,41.49,1,1,0.8398
112,14,555.6,62.05,26.4,26.7,1,1,1.0
112,15,591.15,54.52,28.75,27.74,1,1,1.0
112,16,506.0,54.0,27.75,26.44,1,1,1.0
112,17,811.55,119.43,79.95,65.38,1,1,1.0
112,18,541.05,28.3,26.7,33.97,1,1,1.0
112,19,574.55,35.83,22.0,17.61,1,1,1.0
113,4,458.13,243.18,91.52,114.19,1,1,1.0
113,5,574.8,180.0,71.25,71.27,1,1,1.0
113,7,641.1,48.46,32.3,23.67,1,1,1.0
113,8,653.35,155.77,71.65,56.04,1,1,1.0
113,9,550.9,93.12,37.7,35.28,1,1,1.0
113,10,608.55,122.02,50.65,50.16,1,1,1.0
113,11,698.2,63.86,33.9,29.04,1,1,1.0
113,12,747.85,72.52,37.7,24.88,1,1,1.0
113,13,715.35,108.18,53.25,41.32,1,1,0.8377
113,14,556.1,62.31,26.25,26.96,1,1,1.0
113,15,591.4,54.86,29.55,28.34,1,1,1.0
113,16,505.9,54.18,27.85,26.26,1,1,1.0
113,17,808.25,117.18,77.7,63.64,1,1,1.0
113,18,541.75,28.56,26.1,33.88,1,1,1.0
113,19,574.6,35.31,22.15,18.48,1,1,1.0
114,4,457.01,248.28,93.79,117.57,1,1,1.0
114,5,575.3,181.91,71.95,73.25,1,1,1.0
114,7,640.65,47.86,32.0,23.5,1,1,1.0
114,8,655.35,158.37,73.7,56.56,1,1,1.0
114,9,552.45,93.81,35.95,35.26,1,1,1.0
114,10,608.8,123.58,51.8,51.27,1,1,1.0
114,11,697.75,63.08,33.05,28.78,1,1,1.0
114,12,745.95,71.31,37.55,24.62,1,1,1.0
114,13,713.35,106.27,52.8,41.16,1,1,0.8357
114,14,556.6,62.56,26.1,27.22,1,1,1.0
114,15,591.65,55.21,30.35,28.96,1,1,1.0
114,16,505.8,54.34,27.95,26.1,1,1,1.0
114,17,805.0,114.93,75.4,61.92,1,1,1.0
114,18,542.4,28.82,25.5,33.8,1,1,1.0
114,19,574.7,34.79,22.2,19.35,1,1,1.0
115,4,455.88,253.38,96.02,120.94,1,1,1.0
115,5,575.85,183.81,72.65,75.25,1,1,1.0
115,7,640.2,47.25,31.65,23.32,1,1,1.0
115,8,657.35,160.96,75.75,57.08,1,1,1.0
115,9,554.0,94.5,34.25,35.27,1,1,1.0
115,10,609.05,125.14,52.95,52.4,1,1,1.0
115,11,697.35,62.31,32.15,28.52,1,1,1.0
115,12,744.05,70.1,37.35,24.36,1,1,1.0
115,13,711.35,104.36,52.4,40.99,1,1,0.8496
115,14,557.15,62.82,25.9,27.48,1,1,1.0
115,15,591.9,55.56,31.15,29.56,1,1,1.0
115,16,505.75,54.52,28.0,25.92,1,1,1.0
115,17,801.7,112.68,73.15,60.19,1,1,1.0
115,18,543.1,29.08,24.9,33.71,1,1,1.0
115,19,574.8,34.27,22.3,20.21,1,1,1.0
116,4,453.46,260.13,99.39,126.57,1,1,1.0
116,5,576.7,187.44,74.3,76.2,1,1,1.0
116,7,639.7,46.64,31.35,23.16,1,1,1.0
116,8,659.85,163.65,76.65,58.89,1,1,1.0
116,9,553.6,96.23,35.1,35.18,1,1,1.0
116,10,609.85,128.43,53.85,51.36,1,1,1.0
116,11,696.2,61.62,32.0,27.74,1,1,1.0
116,12,742.85,68.97,36.8,24.97,1,1,1.0
116,13,709.0,103.42,52.4,40.02,1,1,0.8641
116,14,556.7,64.04,27.15,27.3,1,1,1.0
116,15,592.35,56.08,30.6,29.56,1,1,1.0
116,16,506.15,55.04,27.25,25.23,1,1,1.0
116,17,798.6,111.29,71.25,59.33,1,1,1.0
116,18,542.95,29.51,25.05,33.45,1,1,1.0
116,19,575.5,35.39,21.85,19.78,1,1,1.0
117,4,451.04,266.88,102.76,132.19,1,1,1.0
117,5,577.55,191.07,75.95,77.16,1,1,1.0
117,7,639.15,46.04,31.15,22.98,1,1,1.0
117,8,662.35,166.32,77.5,60.72,1,1,1.0
117,9,553.15,97.96,35.95,35.1,1,1,1.0
117,10,610.6,131.71,54.85,50.33,1,1,1.0
117,11,695.1,60.92,31.8,26.96,1,1,1.0
117,12,741.65,67.84,36.3,25.58,1,1,1.0
117,13,706.65,102.46,52.45,39.08,1,1,0.8312
117,14,556.25,65.25,28.35,27.14,1,1,1.0
117,15,592.8,56.6,30.05,29.56,1,1,1.0
117,16,506.6,55.56,26.45,24.54,1,1,1.0
117,17,795.45,109.91,69.4,58.46,1,1,1.0
117,18,542.75,29.94,25.25,33.19,1,1,1.0
117,19,576.15,36.52,21.45,19.35,1,1,1.0
118,4,448.62,273.63,106.13,137.82,1,1,1.0
118,5,578.4,194.71,77.6,78.11,1,1,1.0
118,7,638.65,45.43,30.85,22.81,1,1,1.0
118,8,664.9,169.01,78.35,62.53,1,1,1.0
118,9,552.7,99.69,36.85,35.01,1,1,1.0
118,10,611.4,135.0,55.75,49.29,1,1,1.0
118,11,693.95,60.23,31.65,26.18,1,1,1.0
118,12,740.4,66.72,35.8,26.18,1,1,1.0
118,13,704.35,101.51,52.4,38.12,1,1,0.8036
118,14,555.85,66.46,29.55,26.96,1,1,1.0
118,15,593.2,57.12,29.6,29.56,1,1,1.0
118,16,507.05,56.08,25.65,23.85,1,1,1.0
118,17,792.35,108.52,67.45,57.6,1,1,1.0
118,18,542.6,30.38,25.4,32.94,1,1,1.0
118,19,576.85,37.64,21.0,18.92,1,1,1.0
119,4,446.19,280.38,109.51,143.44,1,1,1.0
119,5,579.3,198.35,79.2,79.05,1,1,1.0
119,7,638.15,44.83,30.6,22.63,1,1,1.0
119,8,667.4,171.69,79.2,64.35,1,1,1.0
119,9,552.3,101.43,37.7,34.92,1,1,1.0
119,10,612.15,138.29,56.75,48.25,1,1,1.0
119,11,692.85,59.54,31.45,25.4,1,1,1.0
119,12,739.2,65.6,35.3,26.79,1,1,1.0
119,13,702.0,100.56,52.4,37.17,1,1,0.8167
119,14,555.4,67.68,30.75,26.78,1,1,1.0
119,15,593.65,57.64,29.05,29.56,1,1,1.0
119,16,507.45,56.6,24.9,23.16,1,1,1.0
119,17,789.25,107.14,65.55,56.73,1,1,1.0
119,18,542.4,30.81,25.6,32.67,1,1,1.0
119,19,577.55,38.77,20.55,18.48,1,1,1.0
120,4,443.77,287.13,112.88,149.07,1,1,1.0
120,5,580.15,201.98,80.9,80.01,1,1,1.0
120,7,637.6,44.22,30.35,22.46,1,1,1.0
120,8,669.9,174.38,80.1,66.16,1,1,1.0
120,9,551.85,103.16,38.55,34.83,1,1,1.0
120,10,612.95,141.57,57.7,47.22,1,1,1.0
120,11,691.7,58.84,31.3,24.62,1,1,1.0
120,12,738.0,64.47,34.75,27.4,1,1,1.0
120,13,699.65,99.6,52.4,36.22,1,1,0.784
120,14,554.95,68.89,32.0,26.62,1,1,1.0
120,15,594.1,58.16,28.5,29.56,1,1,1.0
120,16,507.9,57.12,24.1,22.46,1,1,1.0
120,17,786.1,105.75,63.65,55.87,1,1,1.0
120,18,542.25,31.24,25.75,32.41,1,1,1.0
120,19,578.25,39.89,20.15,18.05,1,1,1.0
121,4,441.35,293.88,116.25,154.69,1,1,1.0
121,5,581.0,205.62,82.55,80.95,1,1,1.0
121,7,637.1,43.62,30.05,22.29,1,1,1.0
121,8,672.4,177.06,80.95,67.98,1,1,1.0
121,9,551.4,104.89,39.45,34.74,1,1,1.0
121,10,613.75,144.87,58.6,46.17,1,1,1.0
121,11,690.6,58.16,31.1,23.84,1,1,1.0
121,12,736.8,63.34,34.2,28.0,1,1,1.0
121,13,697.35,98.66,52.4,35.28,1,1,0.7769
121,14,554.55,70.1,33.2,26.44,1,1,1.0
121,15,594.5,58.68,28.0,29.56,1,1,1.0
121,16,508.35,57.64,23.3,21.77,1,1,1.0
121,17,783.0,104.36,61.75,55.01,1,1,1.0
121,18,542.1,31.67,25.9,32.15,1,1,1.0
121,19,578.95,41.02,19.7,17.62,1,1,1.0
122,4,441.18,304.1,117.02,158.5,1,1,1.0
122,5,582.25,209.94,83.65,82.78,1,1,1.0
122,7,636.6,43.1,29.7,22.55,1,1,1.0
122,8,675.6,181.56,81.65,69.28,1,1,1.0
122,9,551.95,105.83,39.4,34.67,1,1,1.0
122,10,614.6,147.38,59.75,48.07,1,1,1.0
122,11,689.9,57.38,30.5,24.8,1,1,1.0
122,12,736.7,63.08,32.7,27.14,1,1,1.0
122,13,696.1,97.1,51.45,35.35,1,1,0.7677
122,14,554.8,70.27,32.85,26.79,1,1,1.0
122,15,594.95,59.19,28.25,29.9,1,1,1.0
122,16,508.0,58.24,23.9,22.29,1,1,1.0
122,17,780.6,102.9,61.8,54.56,1,1,1.0
122,18,542.25,31.76,26.1,32.85,1,1,1.0
122,19,579.1,41.19,20.15,18.05,1,1,1.0
123,4,441.0,314.31,117.85,162.31,1,1,1.0
123,5,583.45,214.27,84.75,84.6,1,1,1.0
123,7,636.05,42.58,29.4,22.81,1,1,1.0
123,8,678.8,186.06,82.35,70.57,1,1,1.0
123,9,552.45,106.79,39.45,34.58,1,1,1.0
123,10,615.45,149.88,60.9,49.99,1,1,1.0
123,11,689.2,56.6,29.9,25.75,1,1,1.0
123,12,736.6,62.82,31.15,26.27,1,1,1.0
123,13,694.9,95.54,50.5,35.44,1,1,0.8008
123,14,555.05,70.44,32.5,27.14,1,1,1.0
123,15,595.4,59.71,28.5,30.25,1,1,1.0
123,16,507.65,58.84,24.5,22.81,1,1,1.0
123,17,778.15,101.43,61.95,54.13,1,1,1.0
123,18,542.4,31.85,26.3,33.54,1,1,1.0
123,19,579.3,41.36,20.55,18.48,1,1,1.0
124,4,440.82,324.52,118.63,166.11,1,1,1.0
124,5,584.65,218.6,85.9,86.41,1,1,1.0
124,7,635.55,42.06,29.05,23.07,1,1,1.0
124,8,682.0,190.56,83.05,71.88,1,1,1.0
124,9,553.0,107.74,39.4,34.49,1,1,1.0
124,10,616.35,152.4,62.0,51.88,1,1,1.0
124,11,688.5,55.82,29.3,26.7,1,1,1.0
124,12,736.55,62.56,29.55,25.4,1,1,1.0
124,13,693.7,93.98,49.55,35.53,1,1,0.8165
124,14,555.3,70.61,32.15,27.48,1,1,1.0
124,15,595.8,60.23,28.8,30.6,1,1,1.0
124,16,507.3,59.45,25.15,23.33,1,1,1.0
124,17,775.75,99.95,62.0,53.71,1,1,1.0
124,18,542.6,31.93,26.45,34.23,1,1,1.0
124,19,579.45,41.54,21.0,18.91,1,1,1.0
125,4,440.65,334.73,119.4,169.92,1,1,1.0
125,5,585.85,222.93,87.05,88.22,1,1,1.0
125,7,635.0,41.54,28.7,23.33,1,1,1.0
125,8,685.2,195.06,83.75,73.17,1,1,1.0
125,9,553.5,108.69,39.4,34.41,1,1,1.0
125,10,617.2,154.91,63.15,53.78,1,1,1.0
125,11,687.8,55.04,28.7,27.65,1,1,1.0
125,12,736.45,62.31,28.0,24.54,1,1,1.0
125,13,692.5,92.42,48.6,35.62,1,1,0.7863
125,14,555.6,70.79,31.8,27.82,1,1,1.0
125,15,596.25,60.75,29.05,30.94,1,1,1.0
125,16,506.95,60.06,25.75,23.84,1,1,1.0
125,17,773.3,98.48,62.1,53.27,1,1,1.0
125,18,542.75,32.02,26.65,34.92,1,1,1.0
125,19,579.65,41.71,21.4,19.35,1,1,1.0
126,4,440.48,344.94,120.17,173.71,1,1,1.0
126,5,587.1,227.25,88.1,90.05,1,1,1.0
126,7,634.5,41.02,28.35,23.59,1,1,1.0
126,8,688.4,199.56,84.45,74.47,1,1,1.0
126,9,554.0,109.65,39.45,34.31,1,1,1.0
126,10,618.05,157.41,64.25,55.69,1,1,1.0
126,11,687.1,54.26,28.1,28.6,1,1,1.0
126,12,736.35,62.05,26.45,23.67,1,1,1.0
126,13,691.25,90.86,47.65,35.7,1,1,0.815
126,14,555.85,70.96,31.45,28.18,1,1,1.0
126,15,596.7,61.27,29.3,31.29,1,1,1.0
126,16,506.6,60.66,26.35,24.36,1,1,1.0
126,17,770.9,97.01,62.15,52.84,1,1,1.0
126,18,542.95,32.11,26.8,35.61,1,1,1.0
126,19,579.8,41.88,21.85,19.78,1,1,1.0
127,4,440.31,355.15,120.94,177.55,1,1,1.0
127,5,588.3,231.57,89.25,91.87,1,1,1.0
127,7,634.0,40.5,28.0,23.84,1,1,1.0
127,8,691.6,204.06,85.15,75.76,1,1,1.0
127,9,554.55,110.6,39.4,34.22,1,1,1.0
127,10,618.9,159.93,65.4,57.59,1,1,1.0
127,11,686.4,53.48,27.5,29.56,1,1,1.0
127,12,736.25,61.79,24.9,22.8,1,1,1.0
127,13,690.05,89.31,46.7,35.79,1,1,0.8073
127,14,556.1,71.14,31.1,28.52,1,1,1.0
127,15,597.1,61.79,29.55,31.64,1,1,1.0
127,16,506.25,61.27,26.95,24.88,1,1,1.0
127,17,768.45,95.54,62.3,52.4,1,1,1.0
127,18,543.1,32.19,27.0,36.31,1,1,1.0
127,19,580.0,42.06,22.25,20.21,1,1,1.0
128,4,435.81,367.4,127.34,166.8,1,1,1.0
128,5,587.95,237.38,92.3,94.29,1,1,1.0
128,7,633.45,40.33,27.85,23.76,1,1,1.0
128,8,694.75,209.25,88.45,79.67,1,1,1.0
128,9,554.65,112.42,40.45,34.74,1,1,1.0
128,10,620.55,162.44,67.3,59.75,1,1,1.0
128,11,685.15,53.05,27.65,28.69,1,1,1.0
128,12,733.95,60.58,26.1,23.59,1,1,1.0
128,13,688.85,88.62,45.9,35.02,1,1,0.8413
128,14,556.2,72.08,31.45,28.96,1,1,1.0
128,15,598.05,62.4,29.5,31.72,1,1,1.0
128,16,506.25,61.36,26.6,25.75,1,1,1.0
128,17,765.35,94.5,61.75,51.02,1,1,1.0
128,18,542.75,32.54,27.05,36.22,1,1,1.0
128,19,580.25,42.75,22.45,20.12,1,1,1.0
129,4,431.32,379.64,133.68,161.36,1,1,1.0
129,5,587.6,243.18,95.3,96.7,1,1,1.0
129,7,632.95,40.15,27.65,23.67,1,1,1.0
129,8,697.85,214.44,91.85,83.56,1,1,1.0
129,9,554.7,114.23,41.5,35.27,1,1,1.0
129,10,622.2,164.94,69.2,61.93,1,1,1.0
129,11,683.85,52.62,27.8,27.82,1,1,1.0
129,12,731.6,59.36,27.3,24.36,1,1,1.0
129,13,687.65,87.92,45.1,34.24,1,1,0.8258
129,14,556.25,73.04,31.85,29.39,1,1,1.0
129,15,599.0,63.0,29.4,31.81,1,1,1.0
129,16,506.25,61.44,26.25,26.62,1,1,1.0
129,17,762.25,93.46,61.2,49.64,1,1,1.0
129,18,542.4,32.88,27.15,36.14,1,1,1.0
129,19,580.5,43.44,22.65,20.04,1,1,1.0
129,20,920.95,224.1,40.05,71.84,1,1,1.0
130,4,426.82,391.89,140.08,149.11,1,1,1.0
130,5,587.25,248.97,98.35,99.14,1,1,1.0
130,7,632.4,39.98,27.5,23.58,1,1,1.0
130,8,700.95,219.63,95.25,87.45,1,1,1.0
130,9,554.8,116.05,42.55,35.79,1,1,1.0
130,10,623.85,167.45,71.1,64.09,1,1,1.0
130,11,682.55,52.18,28.0,26.96,1,1,1.0
130,12,729.25,58.16,28.55,25.14,1,1,1.0
130,13,686.4,87.23,44.4,33.46,1,1,0.8161
130,14,556.35,73.99,32.15,29.82,1,1,1.0
130,15,599.95,63.6,29.3,31.9,1,1,1.0
130,16,506.25,61.53,25.9,27.48,1,1,1.0
130,17,759.1,92.42,60.75,48.26,1,1,1.0
130,18,542.1,33.23,27.2,36.05,1,1,1.0
130,19,580.75,44.14,22.8,19.95,1,1,1.0
130,20,915.55,219.6,45.45,68.94,1,1,1.0
131,4,422.32,404.14,146.43,136.86,1,1,1.0
131,5,586.9,254.77,101.4,101.55,1,1,1.0
131,7,631.9,39.81,27.3,23.5,1,1,1.0
131,8,704.1,224.82,98.6,91.36,1,1,1.0
131,9,554.9,117.86,43.55,36.32,1,1,1.0
131,10,625.5,169.96,73.0,66.25,1,1,1.0
131,11,681.25,51.75,28.15,26.1,1,1,1.0
131,12,726.9,56.94,29.75,25.92,1,1,1.0
131,13,685.2,86.54,43.6,32.67,1,1,0.8448
131,14,556.45,74.94,32.5,30.25,1,1,1.0
131,15,600.9,64.21,29.25,31.98,1,1,1.0
131,16,506.25,61.62,25.6,28.34,1,1,1.0
131,17,756.0,91.38,60.2,46.86,1,1,1.0
131,18,541.75,33.58,27.3,35.96,1,1,1.0
131,19,581.0,44.83,23.0,19.86,1,1,1.0
131,20,910.15,215.12,50.85,66.01,1,1,1.0
132,4,417.83,416.38,152.82,124.62,1,1,1.0
132,5,586.55,260.57,104.4,103.98,1,1,1.0
132,7,631.4,39.64,27.1,23.42,1,1,1.0
132,8,707.2,230.02,102.0,95.24,1,1,1.0
132,9,554.95,119.69,44.65,36.82,1,1,1.0
132,10,627.15,172.47,74.9,68.41,1,1,1.0
132,11,679.95,51.32,28.35,25.24,1,1,1.0
132,12,724.6,55.73,30.95,26.7,1,1,1.0
132,13,684.0,85.84,42.8,31.9,1,1,0.8381
132,14,556.55,75.9,32.85,30.68,1,1,1.0
132,15,601.9,64.82,29.1,32.07,1,1,1.0
132,16,506.25,61.7,25.25,29.22,1,1,1.0
132,17,752.9,90.34,59.65,45.48,1,1,1.0
132,18,541.4,33.92,27.4,35.88,1,1,1.0
132,19,581.3,45.52,23.15,19.78,1,1,1.0
132,20,904.7,210.63,56.3,63.1,1,1,1.0
133,5,586.2,266.37,107.45,106.4,1,1,1.0
133,7,630.85,39.46,27.0,23.33,1,1,1.0
133,8,710.3,235.21,105.35,99.14,1,1,1.0
133,9,555.05,121.5,45.65,37.35,1,1,1.0
133,10,628.8,174.98,76.8,70.58,1,1,1.0
133,11,678.65,50.88,28.5,24.36,1,1,1.0
133,12,722.25,54.52,32.15,27.48,1,1,1.0
133,13,682.8,85.16,42.0,31.12,1,1,0.8404
133,14,556.6,76.84,33.2,31.12,1,1,1.0
133,15,602.85,65.42,29.0,32.15,1,1,1.0
133,16,506.25,61.79,24.9,30.08,1,1,1.0
133,17,749.75,89.31,59.15,44.1,1,1,1.0
133,18,541.05,34.27,27.45,35.79,1,1,1.0
133,19,581.55,46.21,23.3,19.69,1,1,1.0
133,20,899.3,206.13,61.7,60.19,1,1,1.0
134,5,587.85,272.6,110.05,111.85,1,1,1.0
134,7,630.25,39.2,26.8,23.07,1,1,1.0
134,8,713.85,242.13,110.5,103.9,1,1,1.0
134,9,554.8,122.45,45.3,38.9,1,1,1.0
134,10,631.05,179.48,78.2,72.05,1,1,1.0
134,11,677.85,50.45,27.65,24.11,1,1,1.0
134,12,720.8,54.34,31.7,26.36,1,1,1.0
134,13,681.25,84.29,41.4,30.6,1,1,0.8474
134,14,556.35,77.19,33.7,31.64,1,1,1.0
134,15,603.0,66.03,29.4,33.28,1,1,1.0
134,16,505.4,63.08,25.8,29.56,1,1,1.0
134,17,748.05,88.01,57.4,44.09,1,1,1.0
134,18,540.85,34.18,27.65,36.48,1,1,1.0
134,19,581.35,46.9,23.6,19.61,1,1,1.0
134,20,893.25,201.81,67.75,60.45,1,1,1.0
135,5,589.5,278.82,112.65,117.31,1,1,1.0
135,7,629.65,38.94,26.6,22.81,1,1,1.0
135,8,717.4,249.06,115.6,108.65,1,1,1.0
135,9,554.55,123.41,44.95,40.46,1,1,1.0
135,10,633.3,183.98,79.55,73.52,1,1,1.0
135,11,677.1,50.02,26.75,23.84,1,1,1.0
135,12,719.3,54.18,31.3,25.23,1,1,1.0
135,13,679.65,83.42,40.85,30.08,1,1,0.8836
135,14,556.1,77.54,34.25,32.15,1,1,1.0
135,15,603.15,66.64,29.75,34.4,1,1,1.0
135,16,504.5,64.39,26.8,29.04,1,1,1.0
135,17,746.3,86.71,55.7,44.1,1,1,1.0
135,18,540.7,34.1,27.8,37.17,1,1,1.0
135,19,581.2,47.6,23.85,19.52,1,1,1.0
135,20,887.2,197.48,73.8,60.71,1,1,1.0
136,5,591.15,285.06,115.25,122.76,1,1,1.0
136,7,629.05,38.68,26.45,22.55,1,1,1.0
136,8,720.95,255.98,120.7,113.41,1,1,1.0
136,9,554.3,124.36,44.6,42.02,1,1,1.0
136,10,635.55,188.48,80.95,74.99,1,1,1.0
136,11,676.3,49.59,25.9,23.59,1,1,1.0
136,12,717.85,54.0,30.85,24.1,1,1,1.0
136,13,678.1,82.56,40.2,29.55,1,1,0.8481
136,14,555.85,77.89,34.75,32.67,1,1,1.0
136,15,603.35,67.24,30.05,35.53,1,1,1.0
136,16,503.65,65.68,27.75,28.52,1,1,1.0
136,17,744.6,85.42,53.95,44.1,1,1,1.0
136,18,540.5,34.01,28.0,37.86,1,1,1.0
136,19,581.0,48.29,24.15,19.43,1,1,1.0
136,20,881.15,193.16,79.85,60.97,1,1,1.0
137,5,592.8,291.29,117.8,128.21,1,1,1.0
137,7,628.45,38.42,26.25,22.29,1,1,1.0
137,8,724.5,262.9,125.8,118.17,1,1,1.0
137,9,554.0,125.31,44.3,43.57,1,1,1.0
137,10,637.8,192.98,82.35,76.46,1,1,1.0
137,11,675.5,49.15,25.1,23.33,1,1,1.0
137,12,716.35,53.82,30.45,22.98,1,1,1.0
137,13,676.55,81.69,39.6,29.04,1,1,0.84
137,14,555.6,78.23,35.25,33.2,1,1,1.0
137,15,603.5,67.84,30.45,36.66,1,1,1.0
137,16,502.8,66.98,28.7,28.0,1,1,1.0
137,17,742.85,84.12,52.25,44.1,1,1,1.0
137,18,540.35,33.92,28.15,38.56,1,1,1.0
137,19,580.85,48.98,24.35,19.34,1,1,1.0
137,20,875.1,188.82,85.9,61.24,1,1,1.0
138,5,594.45,297.52,120.4,133.67,1,1,1.0
138,7,627.85,38.16,26.1,22.03,1,1,1.0
138,8,728.05,269.82,130.9,122.94,1,1,1.0
138,9,553.75,126.26,43.95,45.14,1,1,1.0
138,10,640.05,197.48,83.7,77.94,1,1,1.0
138,11,674.75,48.72,24.2,23.07,1,1,1.0
138,12,714.9,53.66,30.0,21.86,1,1,1.0
138,13,675.0,80.82,39.0,28.52,1,1,0.8517
138,14,555.3,78.58,35.8,33.72,1,1,1.0
138,15,603.7,68.45,30.75,37.78,1,1,1.0
138,16,501.9,68.28,29.65,27.48,1,1,1.0
138,17,741.1,82.82,50.5,44.1,1,1,1.0
138,18,540.15,33.84,28.35,39.25,1,1,1.0
138,19,580.65,49.67,24.65,19.26,1,1,1.0
138,20,869.0,184.5,92.0,61.49,1,1,1.0
139,5,596.1,303.75,123.0,139.12,1,1,1.0
139,7,627.25,37.9,25.9,21.77,1,1,1.0
139,8,731.6,276.75,136.0,127.69,1,1,1.0
139,9,553.5,127.21,43.6,46.7,1,1,1.0
139,10,642.3,201.98,85.1,79.4,1,1,1.0
139,11,673.95,48.29,23.35,22.81,1,1,1.0
139,12,713.4,53.48,29.6,20.73,1,1,1.0
139,13,673.45,79.96,38.4,28.0,1,1,0.8109
139,14,555.05,78.92,36.3,34.24,1,1,1.0
139,15,603.85,69.06,31.15,38.9,1,1,1.0
139,16,501.05,69.58,30.6,26.96,1,1,1.0
139,17,739.4,81.52,48.75,44.09,1,1,1.0
139,18,540.0,33.75,28.5,39.94,1,1,1.0
139,19,580.5,50.36,24.9,19.18,1,1,1.0
139,20,862.95,180.18,98.05,61.75,1,1,1.0
140,5,597.65,312.93,126.9,143.78,1,1,1.0
140,7,626.8,37.38,26.0,21.68,1,1,1.0
140,8,738.25,286.44,141.7,133.67,1,1,1.0
140,9,553.65,127.82,45.15,47.9,1,1,1.0
140,10,643.15,207.78,92.5,81.83,1,1,1.0
140,11,673.55,47.77,23.3,22.38,1,1,1.0
140,12,712.45,52.53,29.5,20.64,1,1,1.0
140,13,672.3,79.01,38.25,27.92,1,1,0.8496
140,14,555.5,80.14,36.2,33.1,1,1,1.0
140,15,604.2,70.01,31.8,37.95,1,1,1.0
140,16,501.9,69.4,29.5,27.22,1,1,1.0
140,17,737.3,80.22,48.45,43.67,1,1,1.0
140,18,539.9,33.84,29.05,39.85,1,1,1.0
140,19,580.95,50.19,25.15,19.7,1,1,1.0
140,20,858.9,176.97,102.1,60.37,1,1,1.0
141,5,599.2,322.1,130.8,148.46,1,1,1.0
141,7,626.35,36.86,26.1,21.6,1,1,1.0
141,8,744.9,296.13,147.45,139.64,1,1,1.0
141,9,553.85,128.43,46.7,49.11,1,1,1.0
141,10,644.0,213.57,99.85,84.25,1,1,1.0
141,11,673.1,47.25,23.3,21.94,1,1,1.0
141,12,711.5,51.58,29.4,20.56,1,1,1.0
141,13,671.2,78.06,38.05,27.83,1,1,0.8599
141,14,555.9,81.34,36.15,31.98,1,1,1.0
141,15,604.55,70.96,32.5,37.0,1,1,1.0
141,16,502.8,69.23,28.35,27.48,1,1,1.0
141,17,735.25,78.92,48.05,43.24,1,1,1.0
141,18,539.85,33.92,29.55,39.77,1,1,1.0
141,19,581.35,50.02,25.4,20.21,1,1,1.0
141,20,854.85,173.77,90.65,58.98,1,1,1.0
142,5,600.75,331.27,134.7,153.13,1,1,1.0
142,7,625.95,36.35,26.15,21.51,1,1,1.0
142,8,751.6,305.82,153.1,145.62,1,1,1.0
142,9,554.0,129.03,48.25,50.32,1,1,1.0
142,10,644.9,219.38,107.15,86.67,1,1,1.0
142,11,672.65,46.73,23.35,21.51,1,1,1.0
142,12,710.55,50.62,29.3,20.47,1,1,1.0
142,13,670.05,77.1,37.9,27.74,1,1,0.8457
142,14,556.35,82.56,36.05,30.86,1,1,1.0
142,15,604.9,71.92,33.2,36.04,1,1,1.0
142,16,503.65,69.06,27.25,27.74,1,1,1.0
142,17,733.15,77.62,47.75,42.8,1,1,1.0
142,18,539.75,34.01,30.05,39.68,1,1,1.0
142,19,581.8,49.85,25.65,20.73,1,1,1.0
142,20,850.75,170.57,88.25,57.59,1,1,1.0
143,5,602.3,340.44,138.6,157.81,1,1,1.0
143,7,625.5,35.83,26.25,21.42,1,1,1.0
143,8,758.25,315.52,158.85,151.58,1,1,1.0
143,9,554.2,129.63,49.8,51.55,1,1,1.0
143,10,645.75,225.18,114.55,89.09,1,1,1.0
143,11,672.25,46.21,23.3,21.08,1,1,1.0
143,12,709.6,49.67,29.25,20.39,1,1,1.0
143,13,668.95,76.16,37.7,27.66,1,1,0.8589
143,14,556.8,83.77,35.95,29.73,1,1,1.0
143,15,605.25,72.86,33.9,35.1,1,1,1.0
143,16,504.5,68.89,26.1,28.0,1,1,1.0
143,17,731.1,76.32,47.35,42.36,1,1,1.0
143,18,539.65,34.1,30.6,39.59,1,1,1.0
143,19,582.25,49.67,25.9,21.25,1,1,1.0
143,20,846.7,167.37,85.8,56.2,1,1,1.0
144,5,603.85,349.62,142.5,162.48,1,1,1.0
144,7,625.05,35.31,26.35,21.34,1,1,1.0
144,8,764.9,325.21,164.55,157.55,1,1,1.0
144,9,554.35,130.24,51.4,52.75,1,1,1.0
144,10,646.6,230.97,121.9,91.52,1,1,1.0
144,11,671.8,45.69,23.35,20.64,1,1,1.0
144,12,708.65,48.72,29.15,20.3,1,1,1.0
144,13,667.8,75.2,37.55,27.57,1,1,0.8648
144,14,557.2,84.98,35.9,28.6,1,1,1.0
144,15,605.6,73.82,34.55,34.15,1,1,1.0
144,16,505.4,68.71,24.95,28.26,1,1,1.0
144,17,729.0,75.03,47.05,41.93,1,1,1.0
144,18,539.55,34.18,31.15,39.51,1,1,1.0
144,19,582.65,49.5,26.2,21.77,1,1,1.0
144,20,842.65,164.16,83.35,54.83,1,1,1.0
145,5,605.4,358.79,146.4,167.16,1,1,1.0
145,7,624.65,34.79,26.45,21.25,1,1,1.0
145,8,771.6,334.9,170.25,163.53,1,1,1.0
145,9,554.55,130.85,52.9,53.96,1,1,1.0
145,10,647.5,236.77,129.25,93.94,1,1,1.0
145,11,671.35,45.17,23.35,20.21,1,1,1.0
145,12,707.7,47.77,29.05,20.21,1,1,1.0
145,13,666.7,74.25,37.35,27.48,1,1,0.8682
145,14,557.65,86.19,35.8,27.49,1,1,1.0
145,15,605.95,74.77,35.25,33.19,1,1,1.0
145,16,506.25,68.54,23.85,28.52,1,1,1.0
145,17,726.9,73.73,46.7,41.5,1,1,1.0
145,18,539.5,34.27,31.6,39.42,1,1,1.0
145,19,583.1,49.33,26.45,22.29,1,1,1.0
145,20,838.55,160.96,80.95,53.45,1,1,1.0
146,5,607.6,370.64,146.35,156.01,1,1,1.0
146,7,624.2,34.36,26.35,21.42,1,1,1.0
146,8,781.9,349.19,162.65,154.36,1,1,1.0
146,9,554.65,133.7,53.5,54.31,1,1,1.0
146,10,653.95,243.6,128.95,97.23,1,1,1.0
146,11,670.05,44.65,23.25,20.39,1,1,1.0
146,12,706.25,46.9,28.75,20.21,1,1,1.0
146,13,665.2,73.21,37.65,27.31,1,1,0.867
146,14,557.75,86.71,35.95,28.52,1,1,1.0
146,15,606.1,74.68,35.55,34.66,1,1,1.0
146,16,504.85,69.23,25.35,28.78,1,1,1.0
146,17,725.2,72.6,46.35,40.98,1,1,1.0
146,18,539.2,34.36,31.75,40.11,1,1,1.0
146,19,583.35,50.02,26.45,22.46,1,1,1.0
146,20,834.4,158.02,80.55,53.53,1,1,1.0
147,5,609.75,382.5,146.4,144.85,1,1,1.0
147,7,623.75,33.92,26.3,21.6,1,1,1.0
147,8,792.15,363.46,155.05,145.19,1,1,1.0
147,9,554.7,136.56,54.15,54.65,1,1,1.0
147,10,660.45,250.44,128.55,100.52,1,1,1.0
147,11,668.75,44.14,23.15,20.56,1,1,1.0
147,12,704.75,46.04,28.55,20.21,1,1,1.0
147,13,663.75,72.18,37.85,27.14,1,1,0.8608
147,14,557.85,87.23,36.1,29.56,1,1,1.0
147,15,606.3,74.6,35.8,36.14,1,1,1.0
147,16,503.5,69.92,26.75,29.04,1,1,1.0
147,17,723.45,71.48,46.0,40.46,1,1,1.0
147,18,538.95,34.44,31.8,40.81,1,1,1.0
147,19,583.6,50.71,26.45,22.64,1,1,1.0
147,20,830.25,155.07,80.1,53.62,1,1,1.0
148,5,611.9,394.36,146.4,133.64,1,1,1.0
148,7,623.35,33.49,26.15,21.77,1,1,1.0
148,8,802.45,377.74,158.55,136.01,1,1,1.0
148,9,554.8,139.41,54.75,55.0,1,1,1.0
148,10,666.95,257.28,128.2,103.8,1,1,1.0
148,11,667.45,43.62,23.1,20.73,1,1,1.0
148,12,703.3,45.17,28.25,20.21,1,1,1.0
148,13,662.3,71.14,38.1,26.96,1,1,0.8269
148,14,557.9,87.75,36.3,30.6,1,1,1.0
148,15,606.45,74.51,36.05,37.6,1,1,1.0
148,16,502.1,70.61,28.25,29.3,1,1,1.0
148,17,721.75,70.36,45.65,39.94,1,1,1.0
148,18,538.7,34.53,31.9,41.5,1,1,1.0
148,19,583.9,51.4,26.4,22.8,1,1,1.0
148,20,826.1,152.13,79.65,53.71,1,1,1.0
149,5,614.1,406.21,146.35,122.49,1,1,1.0
149,7,622.9,33.06,26.1,21.94,1,1,1.0
149,8,812.75,392.02,148.25,126.83,1,1,1.0
149,9,554.9,142.27,55.35,55.35,1,1,1.0
149,10,673.45,264.12,127.85,107.09,1,1,1.0
149,11,666.15,43.1,23.0,20.9,1,1,1.0
149,12,701.85,44.31,28.0,20.21,1,1,1.0
149,13,660.8,70.1,38.4,26.79,1,1,0.8624
149,14,558.0,88.27,36.5,31.64,1,1,1.0
149,15,606.65,74.42,36.3,39.08,1,1,1.0
149,16,500.7,71.31,29.75,29.56,1,1,1.0
149,17,720.0,69.23,45.3,39.43,1,1,1.0
149,18,538.45,34.62,31.95,42.2,1,1,1.0
149,19,584.15,52.1,26.45,22.98,1,1,1.0
149,20,821.95,149.19,79.2,53.79,1,1,1.0
150,5,616.25,418.07,146.4,111.33,1,1,1.0
150,7,622.45,32.62,26.05,22.12,1,1,1.0
150,8,823.05,406.3,137.95,117.65,1,1,1.0
150,9,554.95,145.13,55.95,55.69,1,1,1.0
150,10,679.95,270.95,127.5,110.38,1,1,1.0
150,11,664.9,42.58,22.85,21.08,1,1,1.0
150,12,700.35,43.44,27.75,20.21,1,1,1.0
150,13,659.35,69.06,38.65,26.62,1,1,0.8863
150,14,558.1,88.79,36.65,32.67,1,1,1.0
150,15,606.8,74.33,36.6,40.56,1,1,1.0
150,16,499.32,72.0,31.23,29.82,1,1,1.0
150,17,718.25,68.1,45.0,38.9,1,1,1.0
150,18,538.2,34.7,32.05,42.88,1,1,1.0
150,19,584.4,52.79,26.45,23.15,1,1,1.0
150,20,817.8,146.25,78.8,53.88,1,1,1.0
151,5,618.4,429.93,146.4,100.17,1,1,1.0
151,7,622.05,32.19,25.9,22.29,1,1,1.0
151,8,833.35,420.57,127.65,108.48,1,1,1.0
151,9,555.05,147.98,56.55,56.04,1,1,1.0
151,10,686.4,277.79,127.2,113.67,1,1,1.0
151,11,663.6,42.06,22.8,21.25,1,1,1.0
151,12,698.9,42.58,27.45,20.21,1,1,1.0
151,13,657.85,68.02,38.9,26.44,1,1,0.8475
151,14,558.15,89.31,36.85,33.71,1,1,1.0
151,15,607.0,74.25,36.8,42.02,1,1,1.0
151,16,497.94,72.69,32.66,30.08,1,1,1.0
151,17,716.55,66.98,44.6,38.38,1,1,1.0
151,18,537.9,34.79,32.2,43.58,1,1,1.0
151,19,584.65,53.48,26.45,23.33,1,1,1.0
151,20,813.65,143.31,78.35,53.96,1,1,1.0
152,7,621.0,31.24,25.65,22.03,1,1,1.0
152,9,554.2,149.88,58.8,57.34,1,1,1.0
152,10,692.3,287.92,134.95,121.54,1,1,1.0
152,11,662.9,41.36,23.15,20.73,1,1,1.0
152,12,697.6,41.71,26.8,19.86,1,1,1.0
152,13,656.85,66.9,38.45,26.36,1,1,0.9023
152,14,558.1,89.92,36.75,33.2,1,1,1.0
152,15,607.5,75.55,37.25,41.59,1,1,1.0
152,16,497.17,72.95,33.18,31.29,1,1,1.0
152,17,714.65,65.94,44.35,37.52,1,1,1.0
152,18,537.5,34.27,32.25,44.1,1,1,1.0
152,19,585.1,53.05,26.25,23.84,1,1,1.0
152,20,810.0,140.88,77.25,52.67,1,1,1.0
153,7,619.95,30.29,25.4,21.77,1,1,1.0
153,9,553.35,151.79,61.05,58.64,1,1,1.0
153,10,698.2,298.04,142.75,129.42,1,1,1.0
153,11,662.2,40.67,23.5,20.21,1,1,1.0
153,12,696.3,40.85,26.1,19.52,1,1,1.0
153,13,655.8,65.77,38.05,26.27,1,1,0.8694
153,14,558.0,90.52,36.65,32.67,1,1,1.0
153,15,608.0,76.84,37.7,41.16,1,1,1.0
153,16,496.38,73.21,33.72,32.5,1,1,1.0
153,17,712.75,64.9,44.1,36.66,1,1,1.0
153,18,537.05,33.75,32.35,44.62,1,1,1.0
153,19,585.5,52.62,26.1,24.36,1,1,1.0
153,20,806.35,138.46,76.15,51.36,1,1,1.0
154,7,618.9,29.34,25.15,21.51,1,1,1.0
154,9,552.45,153.69,63.3,59.94,1,1,1.0
154,10,704.1,308.17,150.5,137.29,1,1,1.0
154,11,661.5,39.98,23.85,19.69,1,1,1.0
154,12,695.0,39.98,25.4,19.17,1,1,1.0
154,13,654.75,64.64,37.6,26.18,1,1,0.9014
154,14,557.9,91.12,36.6,32.16,1,1,1.0
154,15,608.55,78.14,38.1,40.72,1,1,1.0
154,16,495.61,73.47,34.24,33.72,1,1,1.0
154,17,710.85,63.86,43.8,35.79,1,1,1.0
154,18,536.65,33.23,32.4,45.13,1,1,1.0
154,19,585.95,52.18,25.95,24.88,1,1,1.0
154,20,802.75,136.04,74.95,50.06,1,1,1.0
155,7,617.9,28.38,24.85,21.25,1,1,1.0
155,9,551.6,155.6,65.55,61.22,1,1,1.0
155,10,709.95,318.29,158.35,145.17,1,1,1.0
155,11,660.8,39.29,24.2,19.17,1,1,1.0
155,12,693.7,39.12,24.7,18.82,1,1,1.0
155,13,653.7,63.52,37.2,26.1,1,1,0.8527
155,14,557.85,91.73,36.45,31.63,1,1,1.0
155,15,609.05,79.44,38.55,40.29,1,1,1.0
155,16,494.82,73.73,34.78,34.93,1,1,1.0
155,17,708.9,62.82,43.6,34.92,1,1,1.0
155,18,536.2,32.71,32.5,45.65,1,1,1.0
155,19,586.4,51.75,25.75,25.4,1,1,1.0
155,20,799.1,133.62,73.85,48.76,1,1,1.0
156,7,616.85,27.43,24.6,20.99,1,1,1.0
156,9,550.75,157.5,67.8,62.53,1,1,1.0
156,10,715.85,328.42,166.1,153.04,1,1,1.0
156,11,660.1,38.6,24.55,18.65,1,1,1.0
156,12,692.4,38.25,24.0,18.48,1,1,1.0
156,13,652.65,62.4,36.75,26.01,1,1,0.8438
156,14,557.75,92.34,36.4,31.12,1,1,1.0
156,15,609.6,80.74,38.95,39.86,1,1,1.0
156,16,494.05,73.99,35.25,36.14,1,1,1.0
156,17,707.0,61.79,43.35,34.06,1,1,1.0
156,18,535.75,32.19,32.6,46.17,1,1,1.0
156,19,586.8,51.32,25.6,25.92,1,1,1.0
156,20,795.45,131.19,72.75,47.47,1,1,1.0
157,7,615.8,26.48,24.35,20.73,1,1,1.0
157,9,549.85,159.41,70.05,63.82,1,1,1.0
157,10,721.75,338.54,173.9,160.92,1,1,1.0
157,11,659.4,37.9,24.9,18.14,1,1,1.0
157,12,691.1,37.38,23.3,18.14,1,1,1.0
157,13,651.65,61.27,36.3,25.92,1,1,0.8757
157,14,557.65,92.94,36.3,30.6,1,1,1.0
157,15,610.1,82.04,39.4,39.42,1,1,1.0
157,16,493.27,74.25,35.78,37.35,1,1,1.0
157,17,705.1,60.75,43.05,33.19,1,1,1.0
157,18,535.35,31.67,32.65,46.69,1,1,1.0
157,19,587.25,50.88,25.4,26.44,1,1,1.0
157,20,791.85,128.77,71.6,46.17,1,1,1.0
157,21,566.5,30.12,16.05,20.73,1,1,1.0
158,9,550.3,162.44,70.25,64.51,1,1,1.0
158,10,731.8,353.68,174.5,152.57,1,1,1.0
158,11,658.8,37.3,24.55,18.22,1,1,1.0
158,12,690.6,36.78,23.15,18.14,1,1,1.0
158,13,650.95,60.49,35.95,25.92,1,1,0.9007
158,14,557.55,93.46,37.2,32.33,1,1,1.0
158,15,610.95,83.08,39.95,39.26,1,1,1.0
158,16,493.44,75.55,35.26,36.05,1,1,1.0
158,17,704.0,59.8,42.1,33.1,1,1,1.0
158,18,535.65,32.28,33.15,47.13,1,1,1.0
158,19,587.6,51.75,26.2,26.7,1,1,1.0
158,20,789.25,126.35,69.85,45.83,1,1,1.0
158,21,566.5,30.29,16.55,20.73,1,1,1.0
159,9,550.75,165.46,70.4,65.22,1,1,1.0
159,10,741.9,368.82,175.05,144.23,1,1,1.0
159,11,658.2,36.69,24.2,18.31,1,1,1.0
159,12,690.05,36.17,23.0,18.14,1,1,1.0
159,13,650.25,59.71,35.6,25.92,1,1,0.8952
159,14,557.5,93.98,38.0,34.06,1,1,1.0
159,15,611.85,84.12,40.45,39.08,1,1,1.0
159,16,493.62,76.84,34.73,34.76,1,1,1.0
159,17,702.85,58.84,41.15,33.02,1,1,1.0
159,18,536.0,32.88,33.55,47.56,1,1,1.0
159,19,587.95,52.62,26.95,26.96,1,1,1.0
159,20,786.65,123.93,68.15,45.48,1,1,1.0
159,21,566.5,30.46,17.1,20.73,1,1,1.0
160,9,551.15,168.49,70.6,65.91,1,1,1.0
160,10,751.95,383.97,175.65,135.88,1,1,1.0
160,11,657.6,36.09,23.85,18.39,1,1,1.0
160,12,689.55,35.57,22.8,18.13,1,1,1.0
160,13,649.55,58.94,35.3,25.92,1,1,0.8935
160,14,557.4,94.5,38.9,35.79,1,1,1.0
160,15,612.7,85.16,40.95,38.9,1,1,1.0
160,16,493.79,78.14,34.21,33.46,1,1,1.0
160,17,701.75,57.9,40.2,32.93,1,1,1.0
160,18,536.35,33.49,34.0,47.99,1,1,1.0
160,19,588.3,53.48,27.75,27.22,1,1,1.0
160,20,784.05,121.5,66.4,45.13,1,1,1.0
160,21,566.5,30.63,17.6,20.73,1,1,1.0
161,9,551.6,171.52,70.75,66.6,1,1,1.0
161,10,762.0,399.11,176.25,127.54,1,1,1.0
161,11,657.0,35.48,23.5,18.48,1,1,1.0
161,12,689.0,34.96,22.65,18.13,1,1,1.0
161,13,648.85,58.16,34.95,25.92,1,1,0.9019
161,14,557.3,95.02,39.8,37.52,1,1,1.0
161,15,613.55,86.19,41.5,38.74,1,1,1.0
161,16,493.96,79.44,33.69,32.16,1,1,1.0
161,17,700.6,56.94,39.25,32.85,1,1,1.0
161,18,536.7,34.1,34.4,48.42,1,1,1.0
161,19,588.65,54.34,28.5,27.48,1,1,1.0
161,20,781.45,119.08,64.7,44.79,1,1,1.0
161,21,566.5,30.81,18.1,20.73,1,1,1.0
162,9,552.05,174.55,70.9,67.29,1,1,1.0
162,10,772.1,414.26,176.8,119.19,1,1,1.0
162,11,656.4,34.88,23.15,18.57,1,1,1.0
162,12,688.5,34.36,22.45,18.13,1,1,1.0
162,13,648.15,57.38,34.6,25.92,1,1,0.8911
162,14,557.2,95.54,40.65,39.25,1,1,1.0
162,15,614.4,87.23,42.05,38.56,1,1,1.0
162,16,494.13,80.74,33.22,30.86,1,1,1.0
162,17,699.5,55.99,38.3,32.76,1,1,1.0
162,18,537.05,34.7,34.85,48.86,1,1,1.0
162,19,589.0,55.21,29.3,27.74,1,1,1.0
162,20,778.85,116.66,62.95,44.44,1,1,1.0
162,21,566.5,30.98,18.65,20.73,1,1,1.0
163,9,552.45,177.57,71.1,67.99,1,1,1.0
163,10,782.15,429.4,178.85,111.6,1,1,1.0
163,11,655.8,34.27,22.8,18.66,1,1,1.0
163,12,688.0,33.75,22.25,18.14,1,1,1.0
163,13,647.5,56.6,34.2,25.92,1,1,0.8943
163,14,557.15,96.06,41.5,40.98,1,1,1.0
163,15,615.3,88.27,42.55,38.39,1,1,1.0
163,16,494.31,82.04,32.69,29.56,1,1,1.0
163,17,698.35,55.04,37.35,32.67,1,1,1.0
163,18,537.4,35.31,35.25,49.29,1,1,1.0
163,19,589.35,56.08,30.05,28.0,1,1,1.0
163,20,776.25,114.23,61.25,44.09,1,1,1.0
163,21,566.5,31.15,19.15,20.73,1,1,1.0
164,9,552.4,181.38,73.95,70.75,1,1,1.0
164,11,655.1,34.53,22.8,18.14,1,1,1.0
164,12,686.95,33.66,21.95,17.88,1,1,1.0
164,13,646.35,56.34,34.25,25.49,1,1,0.8576
164,14,557.4,97.96,42.1,40.55,1,1,1.0
164,15,616.05,89.4,43.25,40.03,1,1,1.0
164,16,493.88,83.16,33.17,29.9,1,1,1.0
164,17,697.35,54.6,36.9,32.76,1,1,1.0
164,18,537.25,35.91,35.4,49.72,1,1,1.0
164,19,589.6,57.2,30.6,27.92,1,1,1.0
164,20,773.9,112.85,60.4,43.66,1,1,1.0
164,21,566.4,31.76,19.6,20.82,1,1,1.0
165,9,552.3,185.19,76.8,73.52,1,1,1.0
165,11,654.4,34.79,22.8,17.62,1,1,1.0
165,12,685.9,33.58,21.6,17.61,1,1,1.0
165,13,645.25,56.08,34.2,25.06,1,1,0.9055
165,14,557.65,99.86,42.7,40.12,1,1,1.0
165,15,616.85,90.52,43.9,41.67,1,1,1.0
165,16,493.44,84.29,33.71,30.25,1,1,1.0
165,17,696.3,54.18,36.45,32.84,1,1,1.0
165,18,537.05,36.52,35.6,50.16,1,1,1.0
165,19,589.85,58.32,31.1,27.83,1,1,1.0
165,20,771.6,111.46,59.5,43.23,1,1,1.0
165,21,566.3,32.36,20.05,20.9,1,1,1.0
166,9,552.2,189.0,79.65,76.29,1,1,1.0
166,11,653.7,35.05,22.8,17.1,1,1,1.0
166,12,684.85,33.49,21.25,17.36,1,1,1.0
166,13,644.1,55.82,34.25,24.62,1,1,0.8909
166,14,557.9,101.77,43.35,39.68,1,1,1.0
166,15,617.65,91.64,44.6,43.32,1,1,1.0
166,16,493.01,85.42,34.24,30.6,1,1,1.0
166,17,695.25,53.74,36.05,32.94,1,1,1.0
166,18,536.9,37.12,35.75,50.58,1,1,1.0
166,19,590.1,59.45,31.65,27.74,1,1,1.0
166,20,769.25,110.08,58.65,42.8,1,1,1.0
166,21,566.2,32.97,20.5,20.99,1,1,1.0
167,9,552.1,192.81,82.55,79.06,1,1,1.0
167,11,653.0,35.31,22.85,16.58,1,1,1.0
167,12,683.85,33.4,20.9,17.1,1,1,1.0
167,13,643.0,55.56,34.2,24.19,1,1,0.897
167,14,558.15,103.68,43.95,39.25,1,1,1.0
167,15,618.4,92.77,45.3,44.96,1,1,1.0
167,16,492.57,86.54,34.78,30.94,1,1,1.0
167,17,694.2,53.31,35.65,33.02,1,1,1.0
167,18,536.7,37.73,35.95,51.02,1,1,1.0
167,19,590.35,60.58,32.15,27.66,1,1,1.0
167,20,766.9,108.69,57.75,42.37,1,1,1.0
167,21,566.15,33.58,20.9,21.08,1,1,1.0
168,9,552.05,196.62,85.35,81.82,1,1,1.0
168,11,652.35,35.57,22.8,16.06,1,1,1.0
168,12,682.8,33.32,20.55,16.84,1,1,1.0
168,13,641.85,55.3,34.25,23.76,1,1,0.8783
168,14,558.45,105.58,44.5,38.82,1,1,1.0
168,15,619.2,93.9,46.0,46.6,1,1,1.0
168,16,492.14,87.66,35.26,31.28,1,1,1.0
168,17,693.15,52.88,35.2,33.1,1,1,1.0
168,18,536.55,38.34,36.1,51.45,1,1,1.0
168,19,590.65,61.7,32.65,27.57,1,1,1.0
168,20,764.55,107.31,56.9,41.93,1,1,1.0
168,21,566.05,34.18,21.35,21.16,1,1,1.0
169,9,551.95,200.43,88.2,84.59,1,1,1.0
169,11,651.65,35.83,22.8,15.54,1,1,1.0
169,12,681.75,33.23,20.2,16.58,1,1,1.0
169,13,640.75,55.04,34.2,23.32,1,1,0.8847
169,14,558.7,107.48,45.15,38.39,1,1,1.0
169,15,619.95,95.02,46.7,48.25,1,1,1.0
169,16,491.71,88.79,35.79,31.64,1,1,1.0
169,17,692.15,52.44,34.75,33.2,1,1,1.0
169,18,536.35,38.94,36.3,51.88,1,1,1.0
169,19,590.9,62.82,33.2,27.48,1,1,1.0
169,20,762.25,105.93,56.0,41.5,1,1,1.0
169,21,565.95,34.79,21.8,21.25,1,1,1.0
170,9,553.25,204.32,88.65,87.11,1,1,1.0
170,13,640.4,54.44,33.5,22.89,1,1,0.8756
170,14,559.65,108.95,45.05,38.48,1,1,1.0
170,15,621.7,96.66,47.7,48.86,1,1,1.0
170,16,491.63,89.48,36.37,32.59,1,1,1.0
170,17,690.85,51.75,34.8,32.84,1,1,1.0
170,18,537.05,39.12,36.15,52.32,1,1,1.0
170,19,591.3,63.69,33.45,27.31,1,1,1.0
170,20,760.25,105.06,55.7,40.38,1,1,1.0
170,21,566.15,34.88,22.0,21.6,1,1,1.0
171,9,554.55,208.21,89.1,89.61,1,1,1.0
171,13,640.05,53.82,32.85,22.46,1,1,0.877
171,14,560.6,110.43,44.95,38.55,1,1,1.0
171,15,623.4,98.31,48.8,49.46,1,1,1.0
171,16,491.54,90.18,37.01,33.53,1,1,1.0
171,17,689.55,51.06,34.9,32.5,1,1,1.0
171,18,537.75,39.29,35.95,52.75,1,1,1.0
171,19,591.75,64.56,33.7,27.13,1,1,1.0
171,20,758.25,104.19,55.35,39.25,1,1,1.0
171,21,566.3,34.96,22.3,21.94,1,1,1.0
172,9,555.85,212.1,89.5,92.13,1,1,1.0
172,13,639.7,53.22,32.15,22.03,1,1,0.9111
172,14,561.55,111.9,44.85,38.64,1,1,1.0
172,15,625.15,99.95,49.8,50.07,1,1,1.0
172,16,491.45,90.86,37.6,34.49,1,1,1.0
172,17,688.25,50.36,35.0,32.16,1,1,1.0
172,18,538.45,39.46,35.8,53.18,1,1,1.0
172,19,592.2,65.42,33.95,26.96,1,1,1.0
172,20,756.25,103.33,55.0,38.12,1,1,1.0
172,21,566.5,35.05,22.55,22.29,1,1,1.0
173,9,557.15,216.0,89.95,94.63,1,1,1.0
173,13,639.35,52.62,31.45,21.6,1,1,0.9177
173,14,562.5,113.36,44.8,38.74,1,1,1.0
173,15,626.9,101.6,50.85,50.67,1,1,1.0
173,16,491.37,91.56,38.23,35.44,1,1,1.0
173,17,686.95,49.67,35.1,31.81,1,1,1.0
173,18,539.15,39.64,35.6,53.62,1,1,1.0
173,19,592.6,66.29,34.25,26.78,1,1,1.0
173,20,754.25,102.46,54.65,37.0,1,1,1.0
173,21,566.65,35.14,22.8,22.64,1,1,1.0
174,9,558.45,219.9,90.4,97.14,1,1,1.0
174,13,639.0,52.01,30.75,21.16,1,1,0.9462
174,14,563.45,114.83,44.7,38.83,1,1,1.0
174,15,628.6,103.24,51.9,51.28,1,1,1.0
174,16,491.28,92.25,38.82,36.4,1,1,1.0
174,17,685.65,48.98,35.2,31.46,1,1,1.0
174,18,539.85,39.81,35.4,54.05,1,1,1.0
174,19,593.05,67.16,34.5,26.62,1,1,1.0
174,20,752.3,101.6,54.3,35.87,1,1,1.0
174,21,566.85,35.22,23.05,22.98,1,1,1.0
175,9,559.75,223.79,90.8,99.65,1,1,1.0
175,13,638.65,51.4,30.1,20.73,1,1,0.9179
175,14,564.4,116.31,44.6,38.9,1,1,1.0
175,15,630.35,104.89,52.9,51.88,1,1,1.0
175,16,491.19,92.94,39.41,37.35,1,1,1.0
175,17,684.35,48.29,35.25,31.12,1,1,1.0
175,18,540.5,39.98,35.3,54.48,1,1,1.0
175,19,593.5,68.02,34.75,26.44,1,1,1.0
175,20,750.3,100.73,53.95,34.75,1,1,1.0
175,21,567.0,35.31,23.35,23.33,1,1,1.0
176,9,559.2,230.37,94.3,101.3,1,1,1.0
176,13,638.2,50.97,29.3,20.73,1,1,0.9605
176,14,564.6,117.61,45.05,40.46,1,1,1.0
176,15,631.75,106.19,52.2,51.88,1,1,1.0
176,16,490.94,94.16,39.06,37.16,1,1,1.0
176,17,683.65,47.68,34.65,30.86,1,1,1.0
176,18,540.6,40.67,35.0,54.48,1,1,1.0
176,19,593.2,68.8,36.15,27.39,1,1,1.0
176,20,748.3,98.82,53.45,35.52,1,1,1.0
176,21,567.35,35.65,23.3,23.76,1,1,1.0
177,9,558.7,236.94,97.75,102.94,1,1,1.0
177,13,637.8,50.54,28.5,20.73,1,1,0.9577
177,14,564.75,118.91,45.5,42.02,1,1,1.0
177,15,633.1,107.48,51.55,51.89,1,1,1.0
177,16,490.68,95.36,38.72,37.01,1,1,1.0
177,17,682.95,47.08,34.05,30.6,1,1,1.0
177,18,540.7,41.36,34.75,54.48,1,1,1.0
177,19,592.95,69.58,37.55,28.35,1,1,1.0
177,20,746.3,96.92,52.95,36.3,1,1,1.0
177,21,567.7,36.0,23.3,24.19,1,1,1.0
178,9,558.15,243.52,101.25,104.59,1,1,1.0
178,13,637.35,50.1,27.75,20.73,1,1,0.958
178,14,564.9,120.2,45.95,43.58,1,1,1.0
178,15,634.5,108.78,50.85,51.88,1,1,1.0
178,16,490.42,96.58,38.38,36.84,1,1,1.0
178,17,682.25,46.47,33.45,30.34,1,1,1.0
178,18,540.8,42.06,34.45,54.48,1,1,1.0
178,19,592.7,70.36,38.9,29.3,1,1,1.0
178,20,744.3,95.02,52.4,37.08,1,1,1.0
178,21,568.05,36.35,23.3,24.62,1,1,1.0
179,9,557.65,250.1,104.7,106.22,1,1,1.0
179,13,636.9,49.67,27.0,20.73,1,1,0.9607
179,14,565.1,121.5,46.35,45.13,1,1,1.0
179,15,635.9,110.08,50.15,51.88,1,1,1.0
179,16,490.15,97.79,38.05,36.65,1,1,1.0
179,17,681.6,45.86,32.8,30.08,1,1,1.0
179,18,540.85,42.75,34.25,54.48,1,1,1.0
179,19,592.45,71.14,40.3,30.26,1,1,1.0
179,20,742.35,93.12,51.85,37.86,1,1,1.0
179,21,568.4,36.69,23.3,25.06,1,1,1.0
180,9,557.15,256.68,108.1,107.87,1,1,1.0
180,13,636.5,49.24,26.15,20.73,1,1,0.9284
180,14,565.25,122.8,46.8,46.69,1,1,1.0
180,15,637.25,111.38,49.5,51.88,1,1,1.0
180,16,489.89,99.0,37.71,36.48,1,1,1.0
180,17,680.9,45.26,32.25,29.82,1,1,1.0
180,18,540.95,43.44,33.95,54.48,1,1,1.0
180,19,592.2,71.92,41.65,31.2,1,1,1.0
180,20,740.35,91.21,51.35,38.64,1,1,1.0
180,21,568.75,37.04,23.3,25.49,1,1,1.0
181,9,556.6,263.25,111.6,109.52,1,1,1.0
181,13,636.05,48.81,25.4,20.73,1,1,0.953
181,14,565.45,124.1,47.2,48.25,1,1,1.0
181,15,638.65,112.68,48.75,51.88,1,1,1.0
181,16,489.63,100.21,37.37,36.31,1,1,1.0
181,17,680.2,44.65,31.65,29.56,1,1,1.0
181,18,541.05,44.14,33.7,54.48,1,1,1.0
181,19,591.9,72.69,43.1,32.16,1,1,1.0
181,20,738.35,89.31,50.85,39.42,1,1,1.0
181,21,569.1,37.38,23.3,25.92,1,1,1.0
182,9,558.25,268.96,113.85,114.36,1,1,1.0
182,13,635.3,47.68,26.35,21.16,1,1,0.9566
182,14,565.2,125.4,48.75,49.03,1,1,1.0
182,15,639.45,113.8,50.4,54.05,1,1,1.0
182,16,489.46,100.56,37.89,37.95,1,1,1.0
182,17,679.15,43.53,31.9,29.73,1,1,1.0
182,18,541.15,43.7,34.1,54.91,1,1,1.0
182,19,593.5,73.39,41.65,31.56,1,1,1.0
182,20,735.6,87.58,50.65,38.99,1,1,1.0
182,21,569.75,37.73,23.0,25.32,1,1,1.0
183,9,559.9,274.68,116.1,119.2,1,1,1.0
183,13,634.5,46.56,27.3,21.6,1,1,0.9542
183,14,564.9,126.69,50.35,49.81,1,1,1.0
183,15,640.2,114.93,52.05,56.2,1,1,1.0
183,16,489.29,100.91,38.36,39.59,1,1,1.0
183,17,678.1,42.4,32.15,29.91,1,1,1.0
183,18,541.2,43.27,34.6,55.35,1,1,1.0
183,19,595.05,74.08,40.3,30.94,1,1,1.0
183,20,732.8,85.84,50.5,38.56,1,1,1.0
183,21,570.45,38.08,22.65,24.71,1,1,1.0
184,9,561.55,280.38,118.35,124.06,1,1,1.0
184,13,633.7,45.43,28.3,22.03,1,1,0.9439
184,14,564.65,127.99,51.9,50.58,1,1,1.0
184,15,641.0,116.05,53.7,58.38,1,1,1.0
184,16,489.12,101.25,38.88,41.24,1,1,1.0
184,17,677.1,41.28,32.4,30.08,1,1,1.0
184,18,541.3,42.84,35.0,55.78,1,1,1.0
184,19,596.6,74.77,38.9,30.34,1,1,1.0
184,20,730.05,84.12,50.3,38.12,1,1,1.0
184,21,571.15,38.42,22.3,24.11,1,1,1.0
185,9,563.2,286.1,120.6,128.9,1,1,1.0
185,13,632.95,44.31,29.2,22.46,1,1,0.9491
185,14,564.4,129.29,53.45,51.37,1,1,1.0
185,15,641.75,117.18,55.35,60.53,1,1,1.0
185,16,488.94,101.6,39.41,42.88,1,1,1.0
185,17,676.05,40.15,32.65,30.25,1,1,1.0
185,18,541.4,42.4,35.45,56.21,1,1,1.0
185,19,598.15,75.46,37.5,29.73,1,1,1.0
185,20,727.25,82.38,50.15,37.7,1,1,1.0
185,21,571.85,38.77,21.95,23.5,1,1,1.0
186,9,564.85,291.81,122.85,133.75,1,1,1.0
186,13,632.15,43.18,30.2,22.89,1,1,0.9596
186,14,564.15,130.59,55.0,52.14,1,1,1.0
186,15,642.55,118.3,57.0,62.7,1,1,1.0
186,16,488.77,101.94,39.93,44.53,1,1,1.0
186,17,675.0,39.03,32.95,30.42,1,1,1.0
186,18,541.45,41.97,35.9,56.64,1,1,1.0
186,19,599.7,76.16,36.15,29.12,1,1,1.0
186,20,724.5,80.66,50.0,37.26,1,1,1.0
186,21,572.55,39.12,21.6,22.9,1,1,1.0
187,9,566.5,297.52,125.1,138.6,1,1,1.0
187,13,631.4,42.06,31.1,23.33,1,1,0.9876
187,14,563.9,131.88,56.55,52.93,1,1,1.0
187,15,643.35,119.43,58.6,64.86,1,1,1.0
187,16,488.6,102.29,40.45,46.17,1,1,1.0
187,17,673.95,37.9,33.2,30.6,1,1,1.0
187,18,541.55,41.54,36.3,57.08,1,1,1.0
187,19,601.25,76.84,34.75,28.52,1,1,1.0
187,20,721.75,78.92,49.8,36.83,1,1,1.0
187,21,573.25,39.46,21.25,22.29,1,1,1.0
188,9,568.2,307.64,129.5,144.4,1,1,1.0
188,13,630.85,41.8,30.45,22.72,1,1,0.9673
188,14,564.6,133.79,57.5,54.65,1,1,1.0
188,15,644.3,121.85,60.35,63.83,1,1,1.0
188,16,488.25,104.02,41.0,45.66,1,1,1.0
188,17,673.25,37.21,32.6,30.85,1,1,1.0
188,18,541.4,42.06,36.9,57.86,1,1,1.0
188,19,601.45,78.06,35.95,29.13,1,1,1.0
188,20,721.05,78.23,49.7,36.83,1,1,1.0
188,21,573.05,39.46,22.05,22.98,1,1,1.0
189,9,569.95,317.77,133.9,150.19,1,1,1.0
189,13,630.35,41.54,29.75,22.12,1,1,0.9647
189,14,565.25,135.69,58.5,56.38,1,1,1.0
189,15,645.25,124.27,62.1,62.79,1,1,1.0
189,16,487.9,105.75,41.5,45.13,1,1,1.0
189,17,672.6,36.52,31.95,31.12,1,1,1.0
189,18,541.2,42.58,37.55,58.63,1,1,1.0
189,19,601.6,79.27,37.2,29.73,1,1,1.0
189,20,720.35,77.54,49.65,36.82,1,1,1.0
189,21,572.9,39.46,22.8,23.67,1,1,1.0
190,9,571.65,327.89,138.35,155.99,1,1,1.0
190,13,629.85,41.28,29.0,21.51,1,1,0.9616
190,14,565.95,137.6,59.45,58.11,1,1,1.0
190,15,646.2,126.69,63.8,61.75,1,1,1.0
190,16,487.56,107.48,42.04,44.62,1,1,1.0
190,17,671.9,35.83,31.35,31.37,1,1,1.0
190,18,541.05,43.1,38.1,59.41,1,1,1.0
190,19,601.8,80.48,38.35,30.34,1,1,1.0
190,20,719.65,76.84,49.55,36.84,1,1,1.0
190,21,572.7,39.46,23.6,24.36,1,1,1.0
191,9,573.4,338.02,142.75,161.79,1,1,1.0
191,13,629.3,41.02,28.35,20.91,1,1,0.93
191,14,566.65,139.5,60.35,59.85,1,1,1.0
191,15,647.15,129.12,65.55,60.7,1,1,1.0
191,16,487.21,109.21,42.54,44.1,1,1,1.0
191,17,671.2,35.14,30.75,31.64,1,1,1.0
191,18,540.85,43.62,38.75,60.2,1,1,1.0
191,19,601.95,81.69,39.6,30.95,1,1,1.0
191,20,718.95,76.16,49.45,36.83,1,1,1.0
191,21,572.55,39.46,24.35,25.06,1,1,1.0
192,9,575.15,348.14,147.15,167.61,1,1,1.0
192,13,628.8,40.76,27.65,20.3,1,1,0.9555
192,14,567.35,141.41,61.3,61.57,1,1,1.0
192,15,648.1,131.54,67.3,59.67,1,1,1.0
192,16,486.87,110.94,43.03,43.58,1,1,1.0
192,17,670.5,34.44,30.15,31.89,1,1,1.0
192,18,540.7,44.14,39.35,60.98,1,1,1.0
192,19,602.15,82.9,40.8,31.54,1,1,1.0
192,20,718.25,75.46,49.4,36.83,1,1,1.0
192,21,572.35,39.46,25.15,25.75,1,1,1.0
193,9,576.85,358.27,151.6,173.38,1,1,1.0
193,13,628.25,40.5,27.0,19.69,1,1,0.9468
193,14,568.05,143.31,62.25,63.31,1,1,1.0
193,15,649.05,133.96,69.0,58.64,1,1,1.0
193,16,486.52,112.68,43.58,43.05,1,1,1.0
193,17,669.8,33.75,29.55,32.16,1,1,1.0
193,18,540.5,44.65,39.95,61.76,1,1,1.0
193,19,602.3,84.12,42.05,32.16,1,1,1.0
193,20,717.6,74.77,49.25,36.83,1,1,1.0
193,21,572.2,39.46,25.9,26.44,1,1,1.0
193,22,547.8,25.44,18.65,17.61,1,1,1.0
194,9,578.95,372.63,150.7,159.12,1,1,1.0
194,13,627.15,39.89,27.4,20.04,1,1,0.9824
194,14,568.05,145.82,62.8,63.91,1,1,1.0
194,15,652.0,135.52,68.4,61.32,1,1,1.0
194,16,485.05,114.58,44.85,44.44,1,1,1.0
194,17,668.5,33.66,29.55,32.15,1,1,1.0
194,18,540.35,45.78,39.95,61.75,1,1,1.0
194,19,602.75,85.32,41.9,33.46,1,1,1.0
194,20,715.75,73.73,48.0,36.05,1,1,1.0
194,21,572.45,40.24,25.5,26.96,1,1,1.0
194,22,547.35,25.96,19.0,17.61,1,1,1.0
195,9,581.0,387.0,149.85,144.85,1,1,1.0
195,13,626.0,39.29,27.85,20.39,1,1,0.9384
195,14,568.05,148.32,63.3,64.53,1,1,1.0
195,15,654.9,137.07,67.85,64.0,1,1,1.0
195,16,483.57,116.48,46.18,45.83,1,1,1.0
195,17,667.2,33.58,29.55,32.15,1,1,1.0
195,18,540.15,46.9,39.95,61.76,1,1,1.0
195,19,603.15,86.54,41.85,34.75,1,1,1.0
195,20,713.95,72.69,46.7,35.27,1,1,1.0
195,21,572.7,41.02,25.05,27.48,1,1,1.0
195,22,546.9,26.48,19.35,17.61,1,1,1.0
196,9,583.1,401.37,149.0,130.53,1,1,1.0
196,13,624.9,38.68,28.25,20.73,1,1,0.9402
196,14,568.05,150.84,63.8,65.12,1,1,1.0
196,15,657.85,138.63,67.2,66.69,1,1,1.0
196,16,482.11,118.39,47.49,47.21,1,1,1.0
196,17,665.9,33.49,29.55,32.16,1,1,1.0
196,18,540.0,48.03,39.95,61.75,1,1,1.0
196,19,603.6,87.75,41.75,36.05,1,1,1.0
196,20,712.15,71.66,45.35,34.49,1,1,1.0
196,21,572.95,41.8,24.65,28.0,1,1,1.0
196,22,546.5,27.0,19.7,17.61,1,1,1.0
197,9,585.15,415.73,148.15,116.27,1,1,1.0
197,13,623.75,38.08,28.7,21.08,1,1,0.8959
197,14,568.05,153.35,64.35,65.72,1,1,1.0
197,15,660.8,140.19,66.6,69.37,1,1,1.0
197,16,480.63,120.29,48.77,48.59,1,1,1.0
197,17,664.6,33.4,29.55,32.16,1,1,1.0
197,18,539.85,49.15,39.9,61.76,1,1,1.0
197,19,604.05,88.96,41.65,37.35,1,1,1.0
197,20,710.3,70.61,44.1,33.72,1,1,1.0
197,21,573.25,42.58,24.15,28.52,1,1,1.0
197,22,546.05,27.52,20.05,17.62,1,1,1.0
198,9,587.25,430.1,147.25,102.0,1,1,1.0
198,13,622.65,37.47,29.1,21.42,1,1,0.7842
198,14,568.05,155.85,64.85,66.34,1,1,1.0
198,15,663.75,141.75,66.0,72.05,1,1,1.0
198,16,479.17,122.19,50.08,49.99,1,1,1.0
198,17,663.3,33.32,29.6,32.15,1,1,1.0
198,18,539.65,50.28,39.95,61.75,1,1,1.0
198,19,604.45,90.18,41.6,38.65,1,1,1.0
198,20,708.5,69.58,42.8,32.94,1,1,1.0
198,21,573.5,43.36,23.75,29.04,1,1,1.0
198,22,545.65,28.04,20.35,17.62,1,1,1.0
199,9,589.35,444.46,146.35,87.69,1,1,1.0
199,13,621.5,36.86,29.6,21.77,1,1,0.7854
199,14,568.05,158.37,65.35,66.94,1,1,1.0
199,15,666.7,143.31,65.4,74.73,1,1,1.0
199,16,477.69,124.1,51.36,51.36,1,1,1.0
199,17,662.0,33.23,29.6,32.15,1,1,1.0
199,18,539.5,51.4,39.9,61.76,1,1,1.0
199,19,604.9,91.38,41.5,39.94,1,1,1.0
199,20,706.65,68.54,41.5,32.15,1,1,1.0
199,21,573.75,44.14,23.35,29.56,1,1,1.0
199,22,545.2,28.56,20.7,17.61,1,1,1.0
199,23,571.65,20.77,18.7,17.62,1,1,1.0
200,13,620.9,36.09,29.15,21.85,1,1,0.8629
200,14,568.9,160.44,65.9,68.59,1,1,1.0
200,15,669.45,145.82,66.0,76.89,1,1,1.0
200,16,476.82,125.92,52.13,51.79,1,1,1.0
200,17,661.6,32.71,28.95,30.85,1,1,1.0
200,18,539.3,51.84,40.3,62.18,1,1,1.0
200,19,605.0,92.86,42.2,39.24,1,1,1.0
200,20,705.4,67.84,41.9,31.38,1,1,1.0
200,21,574.0,44.14,23.75,29.21,1,1,1.0
200,22,545.0,28.38,20.85,17.7,1,1,1.0
200,23,571.5,20.68,18.95,17.66,1,1,1.0
201,13,620.3,35.31,28.7,21.94,1,1,0.8471
201,14,569.75,162.52,66.45,70.23,1,1,1.0
201,15,672.25,148.32,66.6,79.06,1,1,1.0
201,16,475.96,127.73,52.94,52.23,1,1,1.0
201,17,661.15,32.19,28.35,29.56,1,1,1.0
201,18,539.15,52.27,40.6,62.62,1,1,1.0
201,19,605.1,94.32,42.85,38.56,1,1,1.0
201,20,704.1,67.16,42.35,30.6,1,1,1.0
201,21,574.25,44.14,24.2,28.86,1,1,1.0
201,22,544.85,28.21,20.9,17.79,1,1,1.0
201,23,571.35,20.6,19.25,17.7,1,1,1.0
202,13,619.7,34.53,28.25,22.03,1,1,0.8487
202,14,570.65,164.6,66.95,71.87,1,1,1.0
202,15,675.0,150.84,67.2,81.22,1,1,1.0
202,16,475.1,129.55,53.7,52.66,1,1,1.0
202,17,660.7,31.67,27.75,28.26,1,1,1.0
202,18,538.95,52.7,41.0,63.05,1,1,1.0
202,19,605.15,95.8,43.6,37.86,1,1,1.0
202,20,702.8,66.46,42.8,29.82,1,1,1.0
202,21,574.55,44.14,24.6,28.52,1,1,1.0
202,22,544.65,28.04,21.0,17.88,1,1,1.0
202,23,571.15,20.51,19.55,17.75,1,1,1.0
203,13,619.1,33.75,27.8,22.12,1,1,0.7914
203,14,571.5,166.68,67.45,73.51,1,1,1.0
203,15,677.75,153.35,67.85,83.38,1,1,1.0
203,16,474.23,131.37,54.47,53.09,1,1,1.0
203,17,660.3,31.15,27.1,26.96,1,1,1.0
203,18,538.8,53.14,41.3,63.48,1,1,1.0
203,19,605.25,97.27,44.25,37.17,1,1,1.0
203,20,701.5,65.77,43.2,29.04,1,1,1.0
203,21,574.8,44.14,25.05,28.18,1,1,1.0
203,22,544.5,27.87,21.1,17.96,1,1,1.0
203,23,571.0,20.42,19.85,17.79,1,1,1.0
204,13,618.5,32.97,27.4,22.2,1,1,0.8151
204,14,572.35,168.75,68.0,75.16,1,1,1.0
204,15,680.55,155.85,68.4,85.56,1,1,1.0
204,16,473.37,133.19,55.28,53.52,1,1,1.0
204,17,659.85,30.63,26.55,25.67,1,1,1.0
204,18,538.6,53.56,41.7,63.92,1,1,1.0
204,19,605.35,98.74,44.95,36.48,1,1,1.0
204,20,700.2,65.08,43.65,28.26,1,1,1.0
204,21,575.05,44.14,25.5,27.82,1,1,1.0
204,22,544.35,27.69,21.15,18.05,1,1,1.0
204,23,570.8,20.34,20.2,17.83,1,1,1.0
205,13,617.9,32.19,26.95,22.29,1,1,0.8165
205,14,573.25,170.82,68.5,76.81,1,1,1.0
205,15,683.3,158.37,69.05,87.7,1,1,1.0
205,16,472.5,135.0,56.05,53.96,1,1,1.0
205,17,659.4,30.12,25.95,24.36,1,1,1.0
205,18,538.45,54.0,42.0,64.35,1,1,1.0
205,19,605.4,100.21,45.7,35.79,1,1,1.0
205,20,698.9,64.39,44.1,27.48,1,1,1.0
205,21,575.3,44.14,25.95,27.48,1,1,1.0
205,22,544.15,27.52,21.25,18.14,1,1,1.0
205,23,570.65,20.25,20.45,17.88,1,1,1.0
206,13,617.45,31.41,26.8,22.12,1,1,0.8937
206,14,573.75,175.16,69.9,77.58,1,1,1.0
206,15,685.55,162.0,71.45,88.41,1,1,1.0
206,16,472.32,136.99,57.43,54.48,1,1,1.0
206,17,658.2,29.34,26.45,24.02,1,1,1.0
206,18,538.55,53.92,42.6,64.86,1,1,1.0
206,19,606.55,100.73,45.75,37.96,1,1,1.0
206,20,698.2,63.44,42.35,26.96,1,1,1.0
206,21,575.55,44.48,26.55,27.48,1,1,1.0
206,22,543.65,26.74,21.5,19.43,1,1,1.0
206,23,570.45,20.16,20.8,17.92,1,1,1.0
207,13,617.0,30.63,26.65,21.94,1,1,0.8988
207,14,574.25,179.48,71.3,78.37,1,1,1.0
207,15,687.8,165.63,73.85,89.1,1,1,1.0
207,16,472.15,138.98,58.8,55.0,1,1,1.0
207,17,657.0,28.56,26.95,23.67,1,1,1.0
207,18,538.6,53.82,43.25,65.39,1,1,1.0
207,19,607.65,101.25,45.85,40.12,1,1,1.0
207,20,697.5,62.48,40.65,26.44,1,1,1.0
207,21,575.85,44.83,27.1,27.48,1,1,1.0
207,22,543.1,25.96,21.8,20.73,1,1,1.0
207,23,570.3,20.08,21.05,17.96,1,1,1.0
208,13,616.6,29.86,26.45,21.77,1,1,0.8374
208,14,574.8,183.81,72.65,79.14,1,1,1.0
208,15,690.05,169.27,76.3,89.79,1,1,1.0
208,16,471.98,140.97,60.17,55.52,1,1,1.0
208,17,655.8,27.78,27.45,23.33,1,1,1.0
208,18,538.7,53.74,43.85,65.91,1,1,1.0
208,19,608.8,101.77,45.9,42.28,1,1,1.0
208,20,696.8,61.53,38.9,25.92,1,1,1.0
208,21,576.1,45.17,27.75,27.48,1,1,1.0
208,22,542.6,25.18,22.05,22.03,1,1,1.0
208,23,570.1,19.99,21.4,18.0,1,1,1.0
209,13,616.15,29.08,26.25,21.6,1,1,0.834
209,14,575.3,188.13,74.05,79.93,1,1,1.0
209,15,692.3,172.91,78.7,90.47,1,1,1.0
209,16,471.81,142.96,61.59,56.04,1,1,1.0
209,17,654.6,27.0,28.0,22.98,1,1,1.0
209,18,538.8,53.66,44.45,66.42,1,1,1.0
209,19,609.9,102.29,46.0,44.44,1,1,1.0
209,20,696.1,60.58,37.2,25.4,1,1,1.0
209,21,576.35,45.52,28.35,27.48,1,1,1.0
209,22,542.1,24.4,22.25,23.33,1,1,1.0
209,23,569.95,19.9,21.7,18.05,1,1,1.0
210,13,615.7,28.3,26.1,21.42,1,1,0.9374
210,14,575.85,192.46,75.4,80.71,1,1,1.0
210,15,694.55,176.54,81.15,91.17,1,1,1.0
210,16,471.63,144.95,62.97,56.56,1,1,1.0
210,17,653.35,26.22,28.55,22.64,1,1,1.0
210,18,538.9,53.56,45.0,66.94,1,1,1.0
210,19,611.05,102.81,46.1,46.6,1,1,1.0
210,20,695.4,59.62,35.45,24.88,1,1,1.0
210,21,576.6,45.86,28.95,27.48,1,1,1.0
210,22,541.55,23.62,22.55,24.62,1,1,1.0
210,23,569.75,19.82,22.0,18.09,1,1,1.0
211,13,615.3,27.52,25.9,21.25,1,1,0.9393
211,14,576.35,196.79,76.8,81.48,1,1,1.0
211,15,696.8,180.18,83.55,91.86,1,1,1.0
211,16,471.46,146.94,64.34,57.08,1,1,1.0
211,17,652.15,25.44,29.05,22.29,1,1,1.0
211,18,538.95,53.48,45.65,67.46,1,1,1.0
211,19,612.15,103.33,46.2,48.77,1,1,1.0
211,20,694.75,58.68,33.7,24.36,1,1,1.0
211,21,576.85,46.21,29.55,27.48,1,1,1.0
211,22,541.05,22.85,22.8,25.92,1,1,1.0
211,23,569.6,19.73,22.3,18.13,1,1,1.0
212,14,576.8,200.77,79.65,82.61,1,1,1.0
212,15,700.35,183.9,85.55,94.72,1,1,1.0
212,16,471.38,148.76,62.87,57.59,1,1,1.0
212,18,538.6,54.52,46.95,67.98,1,1,1.0
212,19,612.45,104.8,46.15,48.42,1,1,1.0
212,20,692.9,57.12,34.25,25.06,1,1,1.0
212,21,577.2,46.38,30.2,27.92,1,1,1.0
212,22,541.05,23.02,22.7,25.32,1,1,1.0
212,23,570.1,19.64,22.2,18.14,1,1,1.0
213,14,577.2,204.75,82.55,83.73,1,1,1.0
213,15,703.9,187.62,87.55,97.57,1,1,1.0
213,16,471.29,150.57,61.41,58.12,1,1,1.0
213,18,538.25,55.56,48.25,68.5,1,1,1.0
213,19,612.7,106.27,46.15,48.08,1,1,1.0
213,20,691.1,55.56,34.75,25.75,1,1,1.0
213,21,577.55,46.56,30.8,28.35,1,1,1.0
213,22,541.05,23.19,22.6,24.71,1,1,1.0
213,23,570.65,19.56,22.1,18.14,1,1,1.0
214,14,577.65,208.73,85.35,84.85,1,1,1.0
214,15,707.45,191.34,89.55,100.43,1,1,1.0
214,16,471.2,152.4,59.95,58.63,1,1,1.0
214,18,537.9,56.6,49.55,69.02,1,1,1.0
214,19,612.95,107.74,46.2,47.73,1,1,1.0
214,20,689.3,54.0,35.25,26.44,1,1,1.0
214,21,577.9,46.73,31.4,28.78,1,1,1.0
214,22,541.05,23.37,22.55,24.1,1,1,1.0
214,23,571.15,19.47,22.05,18.14,1,1,1.0
215,14,578.1,212.71,88.2,85.98,1,1,1.0
215,15,711.0,195.06,91.5,103.29,1,1,1.0
215,16,471.12,154.21,58.48,59.16,1,1,1.0
215,18,537.6,57.64,50.8,69.54,1,1,1.0
215,19,613.2,109.21,46.2,47.39,1,1,1.0
215,20,687.45,52.44,35.8,27.14,1,1,1.0
215,21,578.25,46.9,32.0,29.21,1,1,1.0
215,22,541.05,23.54,22.45,23.5,1,1,1.0
215,23,571.65,19.38,21.95,18.14,1,1,1.0
216,14,578.5,216.69,91.1,87.11,1,1,1.0
216,15,714.55,198.78,93.5,106.15,1,1,1.0
216,16,471.03,156.03,56.97,59.67,1,1,1.0
216,18,537.25,58.68,52.15,70.06,1,1,1.0
216,19,613.45,110.69,46.2,47.03,1,1,1.0
216,20,685.65,50.88,36.3,27.82,1,1,1.0
216,21,578.6,47.08,32.6,29.64,1,1,1.0
216,22,541.05,23.71,22.35,22.89,1,1,1.0
216,23,572.2,19.3,21.85,18.13,1,1,1.0
217,14,578.95,220.68,93.95,88.22,1,1,1.0
217,15,718.1,202.5,95.5,109.0,1,1,1.0
217,16,470.94,157.85,55.51,60.19,1,1,1.0
217,18,536.9,59.71,53.45,70.58,1,1,1.0
217,19,613.75,112.16,46.15,46.69,1,1,1.0
217,20,683.85,49.33,36.8,28.52,1,1,1.0
217,21,578.95,47.25,33.2,30.08,1,1,1.0
217,22,541.05,23.88,22.3,22.29,1,1,1.0
217,23,572.7,19.21,21.8,18.13,1,1,1.0
218,14,579.65,225.26,96.6,94.2,1,1,1.0
218,15,721.8,207.78,98.65,113.67,1,1,1.0
218,16,469.82,161.48,56.63,60.89,1,1,1.0
218,18,536.3,59.62,54.1,72.32,1,1,1.0
218,19,613.3,114.06,48.1,47.99,1,1,1.0
218,20,682.6,48.2,36.95,28.52,1,1,1.0
218,21,579.7,47.6,32.5,30.42,1,1,1.0
218,22,541.2,24.23,22.05,21.94,1,1,1.0
218,23,572.65,19.73,21.9,17.36,1,1,1.0
219,14,580.35,229.85,99.3,100.17,1,1,1.0
219,15,725.55,213.06,101.7,118.34,1,1,1.0
219,16,468.69,165.12,57.76,61.57,1,1,1.0
219,18,535.65,59.54,54.85,74.03,1,1,1.0
219,19,612.85,115.96,50.0,49.29,1,1,1.0
219,20,681.4,47.08,37.0,28.52,1,1,1.0
219,21,580.5,47.94,31.8,30.77,1,1,1.0
219,22,541.4,24.58,21.75,21.6,1,1,1.0
219,23,572.55,20.25,22.1,16.58,1,1,1.0
220,14,581.0,234.44,102.0,106.13,1,1,1.0
220,15,729.25,218.34,104.85,123.02,1,1,1.0
220,16,467.57,168.75,58.88,62.27,1,1,1.0
220,18,535.05,59.45,55.55,75.77,1,1,1.0
220,19,612.45,117.86,51.85,50.59,1,1,1.0
220,20,680.2,45.95,37.1,28.52,1,1,1.0
220,21,581.3,48.29,31.1,31.12,1,1,1.0
220,22,541.55,24.92,21.5,21.25,1,1,1.0
220,23,572.45,20.77,22.3,15.8,1,1,1.0
221,14,581.7,239.02,104.7,112.11,1,1,1.0
221,15,733.0,223.62,107.95,127.69,1,1,1.0
221,16,466.44,172.38,60.01,62.97,1,1,1.0
221,18,534.45,59.36,56.2,77.5,1,1,1.0
221,19,612.0,119.77,53.8,51.89,1,1,1.0
221,20,679.0,44.83,37.15,28.52,1,1,1.0
221,21,582.05,48.64,30.45,31.46,1,1,1.0
221,22,541.75,25.27,21.25,20.9,1,1,1.0
221,23,572.35,21.29,22.5,15.02,1,1,1.0
222,14,582.4,243.6,107.35,118.09,1,1,1.0
222,15,736.7,228.9,111.1,132.36,1,1,1.0
222,16,465.32,176.02,61.13,63.66,1,1,1.0
222,18,533.85,59.28,56.9,79.23,1,1,1.0
222,19,611.55,121.68,55.7,53.17,1,1,1.0
222,20,677.75,43.7,37.3,28.52,1,1,1.0
222,21,582.85,48.98,29.7,31.81,1,1,1.0
222,22,541.9,25.62,21.0,20.56,1,1,1.0
222,23,572.3,21.81,22.6,14.24,1,1,1.0
223,14,583.1,248.19,110.05,124.06,1,1,1.0
223,15,740.4,234.18,114.2,137.03,1,1,1.0
223,16,464.19,179.66,62.26,64.34,1,1,1.0
223,18,533.25,59.19,57.6,80.97,1,1,1.0
223,19,611.15,123.58,57.6,54.48,1,1,1.0
223,20,676.55,42.58,37.35,28.52,1,1,1.0
223,21,583.6,49.33,29.05,32.15,1,1,1.0
223,22,542.1,25.96,20.7,20.21,1,1,1.0
223,23,572.2,22.33,22.8,13.46,1,1,1.0
224,14,584.75,255.03,112.3,128.73,1,1,1.0
224,15,746.3,241.53,118.0,142.66,1,1,1.0
224,16,461.51,183.2,65.54,66.95,1,1,1.0
224,18,533.95,60.75,57.7,81.82,1,1,1.0
224,19,611.55,126.08,59.5,56.65,1,1,1.0
224,20,675.95,42.49,36.5,26.96,1,1,1.0
224,21,584.2,50.02,29.4,32.5,1,1,1.0
224,22,541.55,26.48,21.45,20.04,1,1,1.0
224,23,572.3,22.24,22.7,14.41,1,1,1.0
225,14,586.4,261.87,114.5,133.4,1,1,1.0
225,15,752.2,248.88,121.8,148.3,1,1,1.0
225,16,458.82,186.75,68.83,69.54,1,1,1.0
225,18,534.65,62.31,57.75,82.69,1,1,1.0
225,19,612.0,128.6,61.4,58.81,1,1,1.0
225,20,675.35,42.4,35.6,25.41,1,1,1.0
225,21,584.85,50.71,29.7,32.85,1,1,1.0
225,22,541.05,27.0,22.1,19.86,1,1,1.0
225,23,572.35,22.15,22.65,15.36,1,1,1.0
226,14,588.05,268.7,116.75,138.08,1,1,1.0
226,15,758.1,256.24,125.6,153.91,1,1,1.0
226,16,456.14,190.3,72.16,72.14,1,1,1.0
226,18,535.35,63.86,57.85,83.56,1,1,1.0
226,19,612.45,131.1,63.3,60.97,1,1,1.0
226,20,674.75,42.32,34.75,23.85,1,1,1.0
226,21,585.45,51.4,30.05,33.19,1,1,1.0
226,22,540.5,27.52,22.85,19.69,1,1,1.0
226,23,572.45,22.07,22.55,16.32,1,1,1.0
227,14,589.65,275.54,119.05,142.75,1,1,1.0
227,15,763.95,263.6,129.45,159.53,1,1,1.0
227,16,453.46,193.85,75.44,74.72,1,1,1.0
227,18,536.0,65.42,57.95,84.42,1,1,1.0
227,19,612.85,133.62,65.25,63.13,1,1,1.0
227,20,674.15,42.23,33.85,22.29,1,1,1.0
227,21,586.05,52.1,30.4,33.54,1,1,0.8434
227,22,540.0,28.04,23.5,19.52,1,1,1.0
227,23,572.55,21.98,22.45,17.27,1,1,1.0
228,14,591.3,282.38,121.3,147.42,1,1,1.0
228,15,769.85,270.95,133.25,165.17,1,1,1.0
228,16,450.78,197.4,78.72,77.32,1,1,1.0
228,18,536.7,66.98,58.05,85.29,1,1,1.0
228,19,613.3,136.13,67.1,65.3,1,1,1.0
228,20,673.55,42.14,33.0,20.73,1,1,1.0
228,21,586.65,52.79,30.75,33.88,1,1,0.8469
228,22,539.5,28.56,24.15,19.35,1,1,1.0
228,23,572.65,21.89,22.35,18.22,1,1,1.0
229,14,592.95,289.21,123.55,152.1,1,1,1.0
229,15,775.75,278.31,137.0,170.79,1,1,1.0
229,16,448.1,200.94,82.0,79.93,1,1,1.0
229,18,537.4,68.54,58.1,86.15,1,1,1.0
229,19,613.75,138.63,69.0,67.47,1,1,1.0
229,20,672.9,42.06,32.2,19.17,1,1,1.0
229,21,587.25,53.48,31.1,34.23,1,1,0.8514
229,22,538.95,29.08,24.9,19.17,1,1,1.0
229,23,572.7,21.81,22.3,19.17,1,1,1.0
229,24,531.7,57.12,34.2,28.52,1,1,0.5005
230,14,594.95,298.9,128.8,156.42,1,1,1.0
230,15,784.15,288.18,136.15,174.59,1,1,1.0
230,16,447.75,205.1,82.95,83.72,1,1,1.0
230,18,537.9,68.97,58.5,87.88,1,1,1.0
230,19,614.6,142.1,69.8,68.84,1,1,1.0
230,20,672.25,41.71,31.95,19.69,1,1,1.0
230,21,587.85,55.21,31.3,33.28,1,1,0.8398
230,22,539.2,29.42,24.65,19.52,1,1,1.0
230,23,573.25,22.07,22.35,19.52,1,1,1.0
230,24,532.15,57.72,34.05,29.22,1,1,0.4889
231,14,596.95,308.6,134.1,160.75,1,1,1.0
231,15,792.5,298.04,135.35,178.4,1,1,1.0
231,16,447.4,209.25,83.9,87.54,1,1,1.0
231,18,538.45,69.4,58.8,89.62,1,1,1.0
231,19,615.45,145.56,70.6,70.23,1,1,1.0
231,20,671.55,41.36,31.8,20.21,1,1,1.0
231,21,588.45,56.94,31.45,32.33,1,1,0.8281
231,22,539.5,29.77,24.35,19.87,1,1,1.0
231,23,573.75,22.33,22.45,19.87,1,1,1.0
231,24,532.55,58.32,33.9,29.9,1,1,0.4801
232,14,598.95,318.29,139.35,165.08,1,1,1.0
232,15,800.9,307.9,134.45,182.22,1,1,1.0
232,16,447.06,213.41,84.84,91.34,1,1,1.0
232,18,538.95,69.83,59.15,91.36,1,1,1.0
232,19,616.35,149.02,71.35,71.61,1,1,1.0
232,20,670.85,41.02,31.65,20.73,1,1,1.0
232,21,589.05,58.68,31.65,31.38,1,1,0.8158
232,22,539.75,30.12,24.1,20.21,1,1,1.0
232,23,574.25,22.59,22.55,20.21,1,1,1.0
232,24,533.0,58.94,33.7,30.6,1,1,0.4699
233,14,600.9,327.98,144.7,169.4,1,1,1.0
233,15,809.3,317.77,133.6,186.03,1,1,1.0
233,16,446.71,217.56,85.79,95.15,1,1,1.0
233,18,539.5,70.27,59.5,93.08,1,1,1.0
233,19,617.2,152.48,72.15,73.0,1,1,1.0
233,20,670.15,40.67,31.45,21.25,1,1,1.0
233,21,589.65,60.4,31.85,30.42,1,1,0.8016
233,22,540.0,30.46,23.85,20.56,1,1,1.0
233,23,574.8,22.85,22.6,20.56,1,1,1.0
233,24,533.4,59.54,33.55,31.28,1,1,0.4624
234,14,602.9,337.68,149.95,173.72,1,1,1.0
234,15,817.7,327.63,143.3,189.82,1,1,1.0
234,16,446.37,221.71,86.78,98.97,1,1,1.0
234,18,540.0,70.7,59.85,94.81,1,1,1.0
234,19,618.05,155.94,72.9,74.38,1,1,1.0
234,20,669.45,40.33,31.3,21.77,1,1,1.0
234,21,590.3,62.14,31.95,29.47,1,1,0.788
234,22,540.25,30.81,23.6,20.9,1,1,1.0
234,23,575.3,23.11,22.75,20.9,1,1,1.0
234,24,533.85,60.14,33.35,31.98,1,1,0.4536
235,14,604.9,347.37,155.2,178.03,1,1,1.0
235,15,826.1,337.5,134.9,193.65,1,1,1.0
235,16,446.02,225.87,87.73,102.76,1,1,1.0
235,18,540.5,71.14,60.2,96.54,1,1,1.0
235,19,618.9,159.41,73.7,75.77,1,1,1.0
235,20,668.75,39.98,31.15,22.29,1,1,1.0
235,21,590.9,63.86,32.15,28.52,1,1,0.7729
235,22,540.5,31.15,23.35,21.25,1,1,1.0
235,23,575.85,23.37,22.8,21.25,1,1,1.0
235,24,534.3,60.75,33.2,32.67,1,1,0.4452
236,14,609.25,361.21,153.65,165.34,1,1,1.0
236,15,834.6,351.75,126.4,181.95,1,1,1.0
236,16,444.46,231.75,89.34,106.93,1,1,1.0
236,18,540.95,72.69,60.9,95.94,1,1,1.0
236,19,619.2,163.65,76.2,77.67,1,1,1.0
236,20,668.0,39.81,30.75,21.68,1,1,1.0
236,21,592.1,64.56,32.85,29.3,1,1,0.7856
236,22,540.8,31.59,23.55,21.42,1,1,1.0
236,23,576.15,23.97,23.0,21.16,1,1,1.0
236,24,535.05,61.53,33.05,32.06,1,1,0.4644
237,14,613.55,375.06,152.1,152.59,1,1,1.0
237,15,843.1,366.0,117.9,175.0,1,1,1.0
237,16,442.9,237.63,91.0,111.08,1,1,1.0
237,18,541.4,74.25,61.55,95.32,1,1,1.0
237,19,619.45,167.88,78.7,79.58,1,1,1.0
237,20,667.2,39.64,30.45,21.08,1,1,1.0
237,21,593.3,65.25,33.55,30.08,1,1,0.7984
237,22,541.05,32.02,23.85,21.6,1,1,1.0
237,23,576.5,24.58,23.15,21.08,1,1,1.0
237,24,535.85,62.31,32.85,31.46,1,1,0.4844
238,14,617.9,388.9,150.5,139.9,1,1,1.0
238,15,851.55,380.24,109.45,160.76,1,1,1.0
238,16,441.35,243.52,92.65,115.23,1,1,1.0
238,18,541.8,75.81,62.3,94.72,1,1,1.0
238,19,619.7,172.13,81.2,81.47,1,1,1.0
238,20,666.45,39.46,30.05,20.47,1,1,1.0
238,21,594.5,65.94,34.25,30.86,1,1,0.8094
238,22,541.3,32.45,24.1,21.77,1,1,1.0
238,23,576.85,25.18,23.35,20.99,1,1,1.0
238,24,536.65,63.08,32.65,30.86,1,1,0.5051
239,14,622.2,402.75,149.0,127.15,1,1,1.0
239,16,439.79,249.41,94.31,119.38,1,1,1.0
239,18,542.25,77.36,62.95,94.12,1,1,1.0
239,19,619.95,176.37,83.75,83.38,1,1,1.0
239,20,665.65,39.29,29.75,19.87,1,1,1.0
239,21,595.75,66.64,34.9,31.64,1,1,0.8211
239,22,541.55,32.88,24.35,21.94,1,1,1.0
239,23,577.2,25.79,23.5,20.9,1,1,1.0
239,24,537.4,63.86,32.5,30.25,1,1,0.5289
240,14,626.55,416.6,147.4,114.45,1,1,1.0
240,16,438.23,255.29,95.92,123.53,1,1,1.0
240,18,542.7,78.92,63.65,93.52,1,1,1.0
240,19,620.2,180.6,86.25,85.29,1,1,1.0
240,20,664.9,39.12,29.35,19.26,1,1,1.0
240,21,596.95,67.32,35.6,32.42,1,1,0.8304
240,22,541.8,33.32,24.65,22.12,1,1,1.0
240,23,577.55,26.39,23.7,20.82,1,1,1.0
240,24,538.2,64.64,32.3,29.64,1,1,0.5539
241,14,630.85,430.44,145.9,101.71,1,1,1.0
241,16,436.68,261.18,97.57,127.69,1,1,1.0
241,18,543.1,80.48,64.35,92.9,1,1,1.0
241,19,620.5,184.85,88.75,87.19,1,1,1.0
241,20,664.1,38.94,29.05,18.65,1,1,1.0
241,21,598.15,68.02,36.3,33.19,1,1,0.84
241,22,542.1,33.75,24.85,22.29,1,1,1.0
241,23,577.9,27.0,23.85,20.73,1,1,1.0
241,24,538.95,65.42,32.15,29.04,1,1,0.5807
242,16,434.25,269.39,98.7,131.42,1,1,1.0
242,18,543.55,82.47,64.6,94.72,1,1,1.0
242,19,622.4,189.35,88.9,89.61,1,1,1.0
242,20,663.65,38.34,28.9,19.0,1,1,1.0
242,21,598.6,69.4,36.75,33.62,1,1,0.8411
242,22,541.9,34.36,25.15,22.2,1,1,1.0
242,23,578.25,27.69,24.0,20.73,1,1,1.0
242,24,538.9,66.29,32.55,30.08,1,1,0.604
243,16,431.82,277.62,99.83,135.13,1,1,1.0
243,18,544.0,84.46,64.85,96.54,1,1,1.0
243,19,624.3,193.85,89.1,92.03,1,1,1.0
243,20,663.25,37.73,28.65,19.34,1,1,1.0
243,21,599.0,70.79,37.2,34.06,1,1,0.8415
243,22,541.75,34.96,25.4,22.11,1,1,1.0
243,23,578.6,28.38,24.2,20.73,1,1,1.0
243,24,538.8,67.16,33.0,31.12,1,1,0.6261
244,16,429.4,285.83,100.95,138.86,1,1,1.0
244,18,544.4,86.45,65.15,98.36,1,1,1.0
244,19,626.2,198.35,89.25,94.46,1,1,1.0
244,20,662.8,37.12,28.5,19.69,1,1,1.0
244,21,599.45,72.18,37.6,34.49,1,1,0.8425
244,22,541.55,35.57,25.65,22.03,1,1,1.0
244,23,578.95,29.08,24.35,20.73,1,1,1.0
244,24,538.7,68.02,33.45,32.16,1,1,0.6459
245,16,426.98,294.06,102.07,142.57,1,1,1.0
245,18,544.85,88.44,65.4,100.18,1,1,1.0
245,19,628.1,202.85,89.45,96.88,1,1,1.0
245,20,662.35,36.52,28.35,20.04,1,1,1.0
245,21,599.9,73.56,38.0,34.92,1,1,0.8437
245,22,541.4,36.17,25.9,21.94,1,1,1.0
245,23,579.3,29.77,24.55,20.73,1,1,1.0
245,24,538.6,68.89,33.9,33.2,1,1,0.6649
246,16,424.56,302.28,103.19,146.29,1,1,1.0
246,18,545.3,90.44,65.6,102.0,1,1,1.0
246,19,630.0,207.35,89.6,99.3,1,1,1.0
246,20,661.95,35.91,28.15,20.39,1,1,1.0
246,21,600.3,74.94,38.5,35.36,1,1,0.8453
246,22,541.2,36.78,26.2,21.86,1,1,1.0
246,23,579.65,30.46,24.7,20.73,1,1,1.0
246,24,538.55,69.75,34.3,34.23,1,1,0.6822
247,16,422.13,310.5,104.32,150.02,1,1,1.0
247,18,545.7,92.42,65.9,103.8,1,1,1.0
247,19,631.9,211.85,89.8,101.72,1,1,1.0
247,20,661.5,35.31,28.0,20.73,1,1,1.0
247,21,600.75,76.32,38.9,35.78,1,1,0.8466
247,22,541.05,37.38,26.45,21.77,1,1,1.0
247,23,580.0,31.15,24.85,20.73,1,1,1.0
247,24,538.45,70.61,34.75,35.28,1,1,0.6979
248,16,419.71,321.49,105.54,150.89,1,1,1.0
248,18,545.55,93.64,67.6,105.72,1,1,1.0
248,19,632.4,217.91,91.9,104.76,1,1,1.0
248,20,660.4,34.88,28.15,21.16,1,1,1.0
248,21,601.0,77.45,40.75,36.49,1,1,0.8341
248,22,541.4,37.56,26.1,22.12,1,1,1.0
248,23,580.05,31.5,25.25,21.51,1,1,1.0
248,24,538.2,71.74,35.45,34.23,1,1,0.7144
249,16,417.29,332.48,106.76,151.75,1,1,1.0
249,18,545.35,94.84,69.4,107.62,1,1,1.0
249,19,632.95,223.96,93.95,107.79,1,1,1.0
249,20,659.25,34.44,28.35,21.6,1,1,1.0
249,21,601.25,78.58,42.55,37.17,1,1,0.8216
249,22,541.75,37.73,25.75,22.46,1,1,1.0
249,23,580.15,31.85,25.6,22.29,1,1,1.0
249,24,537.9,72.86,36.15,33.2,1,1,0.7318
250,16,414.87,343.47,107.98,152.61,1,1,1.0
250,18,545.2,96.06,71.1,109.51,1,1,1.0
250,19,633.45,230.02,96.05,110.81,1,1,1.0
250,20,658.15,34.01,28.5,22.03,1,1,1.0
250,21,601.55,79.7,44.35,37.87,1,1,0.8111
250,22,542.1,37.9,25.4,22.81,1,1,1.0
250,23,580.25,32.19,25.9,23.07,1,1,1.0
250,24,537.65,73.99,36.85,32.16,1,1,0.7505
251,16,412.44,354.46,109.16,153.49,1,1,1.0
251,18,545.0,97.27,72.85,111.42,1,1,1.0
251,19,634.0,236.07,98.1,113.86,1,1,1.0
251,20,657.0,33.58,28.7,22.46,1,1,1.0
251,21,601.8,80.82,46.15,38.56,1,1,0.8005
251,22,542.4,38.08,25.1,23.15,1,1,1.0
251,23,580.35,32.54,26.25,23.85,1,1,1.0
251,24,537.4,75.11,37.5,31.12,1,1,0.7704
252,16,410.02,365.45,110.38,154.35,1,1,1.0
252,18,544.85,98.48,74.55,113.33,1,1,1.0
252,19,634.5,242.13,100.15,116.88,1,1,1.0
252,20,655.9,33.14,28.85,22.9,1,1,1.0
252,21,602.05,81.95,48.0,39.25,1,1,0.7908
252,22,542.75,38.25,24.75,23.5,1,1,1.0
252,23,580.4,32.88,26.65,24.62,1,1,1.0
252,24,537.15,76.24,38.2,30.08,1,1,0.7919
253,16,407.6,376.44,111.6,155.21,1,1,1.0
253,18,544.65,99.69,76.3,115.24,1,1,1.0
253,19,635.0,248.19,102.25,119.91,1,1,1.0
253,20,654.75,32.71,29.05,23.33,1,1,1.0
253,21,602.3,83.08,49.8,39.94,1,1,0.7813
253,22,543.1,38.42,24.4,23.85,1,1,1.0
253,23,580.5,33.23,26.95,25.4,1,1,1.0
253,24,536.9,77.36,38.9,29.04,1,1,0.8147
254,16,401.12,389.68,118.28,143.77,1,1,1.0
254,18,544.4,100.91,77.45,117.56,1,1,1.0
254,19,637.25,256.24,105.8,126.22,1,1,1.0
254,20,654.85,31.67,27.9,23.5,1,1,1.0
254,21,603.7,84.46,49.95,40.21,1,1,0.7853
254,22,542.4,38.34,25.5,24.97,1,1,1.0
254,23,580.4,33.4,27.95,25.06,1,1,1.0
254,24,536.95,77.89,39.45,29.72,1,1,0.8172
255,16,394.64,402.92,124.96,138.08,1,1,1.0
255,18,544.15,102.11,78.55,119.91,1,1,1.0
255,19,639.5,264.29,109.35,132.53,1,1,1.0
255,20,654.9,30.63,26.8,23.68,1,1,1.0
255,21,605.1,85.84,50.15,40.47,1,1,0.7901
255,22,541.75,38.25,26.6,26.1,1,1,1.0
255,23,580.35,33.58,28.85,24.71,1,1,1.0
255,24,537.05,78.4,39.95,30.42,1,1,0.8184
256,16,388.17,416.16,131.68,124.84,1,1,1.0
256,18,543.9,103.33,79.65,122.24,1,1,1.0
256,19,641.75,272.33,112.9,138.86,1,1,1.0
256,20,655.0,29.6,25.65,23.84,1,1,1.0
256,21,606.45,87.23,50.35,40.72,1,1,0.7947
256,22,541.05,38.16,27.75,27.22,1,1,1.0
256,23,580.25,33.75,29.8,24.36,1,1,1.0
256,24,537.15,78.92,40.45,31.12,1,1,0.8203
257,16,381.69,429.4,138.36,111.6,1,1,1.0
257,18,543.65,104.54,80.75,124.58,1,1,1.0
257,19,644.0,280.38,116.45,145.18,1,1,1.0
257,20,655.1,28.56,24.55,24.02,1,1,1.0
257,21,607.85,88.62,50.5,40.98,1,1,0.7996
257,22,540.35,38.08,28.85,28.35,1,1,1.0
257,23,580.15,33.92,30.75,24.02,1,1,1.0
257,24,537.25,79.44,40.95,31.81,1,1,0.822
258,18,543.4,105.75,81.9,126.91,1,1,1.0
258,19,646.25,288.44,120.0,151.49,1,1,1.0
258,20,655.2,27.52,23.4,24.19,1,1,1.0
258,21,609.25,90.0,50.65,41.24,1,1,0.8041
258,22,539.65,37.99,30.0,29.47,1,1,1.0
258,23,580.05,34.1,31.75,23.67,1,1,1.0
258,24,537.3,79.96,41.5,32.5,1,1,0.8239
259,18,543.1,106.96,83.05,129.25,1,1,1.0
259,19,648.5,296.48,123.55,157.81,1,1,1.0
259,20,655.25,26.48,22.3,24.36,1,1,0.9843
259,21,610.6,91.38,50.85,41.5,1,1,0.809
259,22,538.95,37.9,31.15,30.6,1,1,1.0
259,23,580.0,34.27,32.65,23.33,1,1,1.0
259,24,537.4,80.48,42.0,33.2,1,1,0.8251
259,25,908.65,162.0,52.35,67.98,1,1,1.0
260,18,543.9,108.69,84.05,131.85,1,1,1.0
260,19,649.65,308.17,131.05,158.84,1,1,1.0
260,20,654.25,26.22,22.95,23.59,1,1,0.9841
260,21,611.05,92.51,51.7,41.93,1,1,0.7993
260,22,539.3,38.08,30.8,30.16,1,1,1.0
260,23,581.0,34.27,31.85,23.76,1,1,1.0
260,24,537.6,81.18,42.5,34.15,1,1,0.8346
260,25,903.05,159.06,57.95,67.12,1,1,1.0
261,18,544.65,110.43,85.15,134.44,1,1,1.0
261,19,650.75,319.85,138.6,159.88,1,1,1.0
261,20,653.2,25.96,23.65,22.81,1,1,0.9957
261,21,611.5,93.64,52.55,42.36,1,1,0.7898
261,22,539.65,38.25,30.45,29.73,1,1,1.0
261,23,582.05,34.27,30.95,24.19,1,1,1.0
261,24,537.75,81.86,43.05,35.1,1,1,0.8438
261,25,897.4,156.12,63.6,66.25,1,1,1.0
262,18,545.45,112.16,86.15,137.03,1,1,1.0
262,19,651.9,331.53,146.1,160.92,1,1,1.0
262,20,652.15,25.7,24.35,22.03,1,1,1.0
262,21,611.9,94.76,53.45,42.8,1,1,0.7813
262,22,540.0,38.42,30.1,29.3,1,1,1.0
262,23,583.1,34.27,30.05,24.63,1,1,1.0
262,24,537.9,82.56,43.6,36.05,1,1,0.8521
262,25,891.8,153.18,69.2,65.38,1,1,1.0
263,18,546.25,113.89,87.15,139.63,1,1,1.0
263,19,653.0,343.21,153.65,161.94,1,1,1.0
263,20,651.1,25.44,25.05,21.25,1,1,1.0
263,21,612.35,95.88,54.3,43.24,1,1,0.7738
263,22,540.35,38.6,29.75,28.86,1,1,1.0
263,23,584.15,34.27,29.2,25.06,1,1,1.0
263,24,538.1,83.25,44.1,37.0,1,1,0.8599
263,25,886.15,150.23,74.85,64.52,1,1,1.0
264,18,547.0,115.61,88.25,142.24,1,1,1.0
264,19,654.15,354.89,161.2,163.01,1,1,1.0
264,20,650.1,25.18,25.75,20.47,1,1,1.0
264,21,612.8,97.01,55.15,43.67,1,1,0.7663
264,22,540.7,38.77,29.4,28.43,1,1,1.0
264,23,585.15,34.27,28.35,25.49,1,1,1.0
264,24,538.25,83.94,44.65,37.96,1,1,0.8668
264,25,880.55,147.29,80.45,63.65,1,1,1.0
265,18,547.8,117.35,89.25,144.83,1,1,1.0
265,19,655.25,366.57,168.75,164.03,1,1,1.0
265,20,649.05,24.92,26.45,19.69,1,1,1.0
265,21,613.2,98.14,56.05,44.1,1,1,0.7599
265,22,541.05,38.94,29.05,28.0,1,1,1.0
265,23,586.2,34.27,27.5,25.92,1,1,1.0
265,24,538.45,84.64,45.15,38.9,1,1,0.8738
265,25,874.9,144.35,86.1,62.78,1,1,1.0
266,18,547.6,119.6,91.3,148.46,1,1,1.0
266,19,657.35,380.83,171.25,152.22,1,1,1.0
266,21,614.7,99.86,56.2,45.48,1,1,0.7562
266,22,540.15,39.81,29.95,27.83,1,1,1.0
266,23,585.8,34.96,28.6,26.44,1,1,1.0
266,24,538.1,85.42,45.65,39.42,1,1,0.8949
266,25,870.85,142.96,90.15,60.72,1,1,1.0
267,18,547.45,121.85,93.25,152.09,1,1,1.0
267,19,659.45,395.1,173.75,145.9,1,1,1.0
267,21,616.15,101.6,56.4,46.86,1,1,0.7528
267,22,539.3,40.67,30.8,27.65,1,1,1.0
267,23,585.35,35.65,29.75,26.96,1,1,1.0
267,24,537.75,86.19,46.15,39.95,1,1,0.9152
267,25,866.75,141.57,82.2,58.64,1,1,1.0
268,18,547.25,124.1,95.25,155.72,1,1,1.0
268,19,661.55,409.36,176.3,131.64,1,1,1.0
268,21,617.65,103.33,56.55,48.24,1,1,0.7498
268,22,538.45,41.54,31.65,27.48,1,1,1.0
268,23,584.9,36.35,30.85,27.48,1,1,1.0
268,24,537.4,86.97,46.7,40.47,1,1,0.9349
268,25,862.7,140.19,80.7,56.56,1,1,1.0
269,18,545.63,123.38,98.25,165.83,1,1,1.0
269,19,663.6,423.62,178.85,117.38,1,1,1.0
269,21,619.1,105.06,56.75,49.63,1,1,0.7245
269,22,537.6,42.4,32.5,27.31,1,1,1.0
269,23,584.5,37.04,31.95,28.0,1,1,1.0
269,24,537.05,87.75,47.2,40.98,1,1,0.8932
269,25,858.65,138.81,79.2,54.48,1,1,1.0
270,18,544.0,122.67,101.27,175.93,1,1,1.0
270,21,620.55,106.79,56.9,51.02,1,1,0.7008
270,22,536.7,43.27,33.4,27.14,1,1,1.0
270,23,584.05,37.73,33.1,28.52,1,1,1.0
270,24,536.7,88.53,47.75,41.5,1,1,1.0
270,25,854.55,137.43,77.8,52.39,1,1,1.0
271,18,544.43,126.56,104.46,182.17,1,1,1.0
271,21,622.05,108.52,57.05,52.41,1,1,0.6915
271,22,535.85,44.14,34.25,26.96,1,1,1.0
271,23,583.6,38.42,34.25,29.04,1,1,1.0
271,24,536.35,89.31,48.25,42.01,1,1,1.0
271,25,850.5,136.04,76.3,50.33,1,1,1.0
272,18,544.85,130.45,107.67,188.42,1,1,1.0
272,21,623.35,110.51,58.3,52.4,1,1,0.6901
272,22,536.1,44.22,33.35,26.27,1,1,1.0
272,23,584.3,38.51,33.8,28.95,1,1,1.0
272,24,536.55,89.82,48.0,42.98,1,1,1.0
272,25,845.5,132.49,75.4,50.94,1,1,1.0
273,18,545.28,134.35,110.87,194.65,1,1,1.0
273,21,624.65,112.5,59.5,52.41,1,1,0.6913
273,22,536.35,44.31,32.5,25.58,1,1,1.0
273,23,585.0,38.6,33.35,28.86,1,1,1.0
273,24,536.7,90.34,47.75,43.92,1,1,1.0
273,25,840.45,128.94,74.55,51.54,1,1,1.0
274,18,545.71,138.24,114.06,200.89,1,1,1.0
274,21,625.95,114.49,60.7,52.41,1,1,0.6953
274,22,536.65,44.39,31.6,24.89,1,1,1.0
274,23,585.7,38.68,32.95,28.78,1,1,1.0
274,24,536.9,90.86,47.45,44.88,1,1,1.0
274,25,835.45,125.4,73.7,52.14,1,1,1.0
275,18,546.13,142.13,117.27,207.14,1,1,1.0
275,21,627.25,116.48,61.9,52.4,1,1,0.7019
275,22,536.9,44.48,30.75,24.19,1,1,1.0
275,23,586.4,38.77,32.5,28.69,1,1,1.0
275,24,537.05,91.38,47.2,45.82,1,1,1.0
275,25,830.4,121.85,72.85,52.75,1,1,1.0
276,18,546.56,146.03,120.47,213.37,1,1,1.0
276,21,628.55,118.47,63.1,52.41,1,1,0.7109
276,22,537.15,44.57,29.9,23.5,1,1,1.0
276,23,587.1,38.86,32.05,28.6,1,1,1.0
276,24,537.25,91.9,46.95,46.78,1,1,1.0
276,25,825.4,118.3,71.95,53.36,1,1,1.0
277,18,546.99,149.92,123.66,219.61,1,1,1.0
277,21,629.85,120.46,64.3,52.41,1,1,0.7221
277,22,537.4,44.65,29.05,22.81,1,1,1.0
277,23,587.75,38.94,31.65,28.52,1,1,1.0
277,24,537.4,92.42,46.7,47.74,1,1,1.0
277,25,820.4,114.75,71.1,53.96,1,1,1.0
278,18,547.41,153.81,126.87,225.86,1,1,1.0
278,21,631.15,123.15,65.0,53.09,1,1,0.7197
278,22,537.75,44.57,29.45,23.76,1,1,1.0
278,23,587.95,39.46,31.8,28.69,1,1,1.0
278,24,537.05,93.46,47.85,48.6,1,1,1.0
278,25,815.95,112.68,71.4,53.44,1,1,1.0
279,18,547.84,157.71,130.07,232.09,1,1,1.0
279,21,632.4,125.83,65.75,53.79,1,1,0.7181
279,22,538.1,44.48,29.9,24.71,1,1,1.0
279,23,588.1,39.98,32.0,28.86,1,1,1.0
279,24,536.7,94.5,48.95,49.46,1,1,1.0
279,25,811.55,110.6,71.6,52.92,1,1,1.0
280,18,548.27,161.6,133.26,238.33,1,1,1.0
280,21,633.7,128.51,66.45,54.48,1,1,0.7174
280,22,538.45,44.39,30.35,25.67,1,1,1.0
280,23,588.3,40.5,32.15,29.04,1,1,1.0
280,24,536.35,95.54,50.1,50.33,1,1,1.0
280,25,807.15,108.52,71.85,52.41,1,1,1.0
281,18,548.69,165.49,136.47,244.58,1,1,1.0
281,21,635.0,131.19,67.15,55.18,1,1,0.7173
281,22,538.8,44.31,30.75,26.62,1,1,1.0
281,23,588.45,41.02,32.35,29.21,1,1,1.0
281,24,536.0,96.58,51.2,51.2,1,1,1.0
281,25,802.75,106.44,72.1,51.88,1,1,1.0
282,18,549.12,169.39,139.67,250.81,1,1,1.0
282,21,636.3,133.88,67.85,55.86,1,1,0.7182
282,22,539.15,44.22,31.2,27.57,1,1,1.0
282,23,588.65,41.54,32.5,29.39,1,1,1.0
282,24,535.65,97.62,52.35,52.06,1,1,1.0
282,25,798.3,104.36,72.4,51.37,1,1,1.0
283,18,549.55,173.28,142.86,257.05,1,1,1.0
283,21,637.6,136.56,68.5,56.56,1,1,0.7193
283,22,539.5,44.14,31.6,28.52,1,1,1.0
283,23,588.8,42.06,32.7,29.56,1,1,1.0
283,24,535.35,98.66,53.4,52.92,1,1,1.0
283,25,793.9,102.29,72.65,50.84,1,1,1.0
284,18,549.97,177.17,146.07,263.3,1,1,1.0
284,21,640.4,139.94,69.35,58.46,1,1,0.7086
284,22,539.55,45.17,32.0,28.61,1,1,1.0
284,23,589.15,42.84,33.65,30.85,1,1,1.0
284,24,535.25,100.91,54.45,52.66,1,1,1.0
284,25,790.7,101.6,71.95,49.63,1,1,1.0
285,18,550.4,181.07,149.27,269.53,1,1,1.0
285,21,643.15,143.31,70.25,60.37,1,1,0.6987
285,22,539.65,46.21,32.35,28.69,1,1,1.0
285,23,589.5,43.62,34.6,32.16,1,1,1.0
285,24,535.15,103.16,55.5,52.4,1,1,1.0
285,25,787.5,100.91,71.25,48.41,1,1,1.0
286,18,550.83,184.96,152.46,275.77,1,1,1.0
286,21,645.9,146.69,71.1,62.26,1,1,0.689
286,22,539.75,47.25,32.65,28.78,1,1,1.0
286,23,589.85,44.39,35.55,33.45,1,1,1.0
286,24,535.05,105.41,56.6,52.14,1,1,1.0
286,25,784.3,100.21,70.6,47.22,1,1,1.0
287,18,551.25,188.85,155.67,282.02,1,1,1.0
287,21,648.7,150.06,71.95,64.17,1,1,0.68
287,22,539.85,48.29,33.0,28.87,1,1,1.0
287,23,590.2,45.17,36.45,34.75,1,1,1.0
287,24,535.0,107.66,57.6,51.88,1,1,1.0
287,25,781.1,99.52,69.9,46.0,1,1,1.0
288,18,551.68,192.75,158.87,288.25,1,1,1.0
288,21,651.45,153.44,72.85,66.07,1,1,0.6714
288,22,539.9,49.33,33.4,28.95,1,1,1.0
288,23,590.55,45.95,37.4,36.05,1,1,1.0
288,24,534.9,109.91,58.65,51.62,1,1,1.0
288,25,777.9,98.82,69.2,44.8,1,1,1.0
289,18,552.11,196.64,162.06,294.49,1,1,1.0
289,21,654.25,156.81,73.65,67.98,1,1,0.6631
289,22,540.0,50.36,33.7,29.04,1,1,1.0
289,23,590.9,46.73,38.35,37.34,1,1,1.0
289,24,534.8,112.16,59.7,51.36,1,1,1.0
289,25,774.7,98.14,68.5,43.58,1,1,1.0
290,18,552.53,200.53,165.27,300.74,1,1,1.0
290,21,655.95,160.88,76.4,68.75,1,1,0.6573
290,22,539.65,50.62,34.6,29.64,1,1,1.0
290,23,592.25,47.94,38.05,37.09,1,1,1.0
290,24,535.85,113.63,58.35,52.14,1,1,1.0
290,25,773.2,96.23,67.5,43.49,1,1,1.0
291,18,552.96,207.89,171.45,296.47,1,1,1.0
291,21,657.7,164.94,79.05,69.54,1,1,0.6773
291,22,539.3,50.88,35.45,30.25,1,1,1.0
291,23,593.65,49.15,37.7,36.83,1,1,1.0
291,24,536.9,115.1,57.05,52.92,1,1,1.0
291,25,771.75,94.32,66.4,43.4,1,1,1.0
292,18,553.39,215.25,177.64,292.2,1,1,1.0
292,21,659.4,169.01,81.75,70.31,1,1,0.7
292,22,538.95,51.14,36.3,30.86,1,1,1.0
292,23,595.05,50.36,37.35,36.57,1,1,1.0
292,24,537.9,116.57,55.8,53.7,1,1,1.0
292,25,770.3,92.42,65.35,43.32,1,1,1.0
293,18,553.81,222.61,183.83,287.94,1,1,1.0
293,21,661.15,173.07,84.45,71.11,1,1,0.7253
293,22,538.6,51.4,37.2,31.46,1,1,1.0
293,23,596.4,51.58,37.0,36.31,1,1,1.0
293,24,538.95,118.04,54.5,54.48,1,1,1.0
293,25,768.8,90.52,64.35,43.23,1,1,1.0
294,18,554.24,229.97,190.01,283.67,1,1,1.0
294,21,662.9,177.15,87.1,71.87,1,1,0.7524
294,22,538.25,51.66,38.05,32.06,1,1,1.0
294,23,597.8,52.79,36.65,36.04,1,1,1.0
294,24,540.0,119.51,53.2,55.26,1,1,1.0
294,25,767.35,88.62,63.3,43.14,1,1,1.0
295,18,554.67,237.33,196.2,279.4,1,1,1.0
295,21,664.6,181.21,89.8,72.66,1,1,0.7813
295,22,537.9,51.92,38.95,32.67,1,1,1.0
295,23,599.2,54.0,36.3,35.79,1,1,1.0
295,24,541.05,120.98,51.85,56.04,1,1,1.0
295,25,765.85,86.71,62.3,43.06,1,1,1.0
295,26,546.75,35.83,30.6,22.29,1,1,0.7268
295,27,581.0,31.67,29.6,23.85,1,1,1.0
296,18,555.09,244.69,202.39,275.14,1,1,1.0
296,21,667.8,185.71,91.9,76.9,1,1,0.7726
296,22,538.25,52.79,38.3,32.84,1,1,1.0
296,23,599.8,55.12,36.65,35.53,1,1,1.0
296,24,540.7,123.67,52.85,57.42,1,1,1.0
296,25,763.9,85.76,60.45,41.24,1,1,1.0
296,26,547.1,36.17,30.35,22.81,1,1,0.7366
296,27,581.55,31.85,29.65,24.97,1,1,1.0
297,18,555.52,252.05,208.57,270.87,1,1,1.0
297,21,671.0,190.21,93.95,81.14,1,1,0.7643
297,22,538.6,53.66,37.7,33.02,1,1,1.0
297,23,600.4,56.25,37.0,35.27,1,1,1.0
297,24,540.35,126.35,53.8,58.81,1,1,1.0
297,25,761.9,84.81,58.6,39.42,1,1,1.0
297,26,547.45,36.52,30.05,23.33,1,1,0.7452
297,27,582.05,32.02,29.75,26.1,1,1,1.0
298,18,555.95,259.41,214.76,266.6,1,1,1.0
298,21,674.2,194.71,96.05,85.37,1,1,0.7579
298,22,538.95,54.52,37.1,33.19,1,1,1.0
298,23,601.0,57.38,37.35,35.01,1,1,1.0
298,24,540.0,129.03,54.75,60.19,1,1,1.0
298,25,759.9,83.86,56.8,37.6,1,1,1.0
298,26,547.8,36.86,29.8,23.84,1,1,0.7539
298,27,582.6,32.19,29.8,27.22,1,1,1.0
299,18,556.37,266.77,220.95,262.34,1,1,1.0
299,21,677.4,199.21,98.1,89.61,1,1,0.7539
299,22,539.3,55.38,36.5,33.36,1,1,1.0
299,23,601.6,58.5,37.7,34.75,1,1,1.0
299,24,539.65,131.71,55.7,61.58,1,1,1.0
299,25,757.9,82.9,55.0,35.78,1,1,1.0
299,26,548.15,37.21,29.55,24.36,1,1,0.7623
299,27,583.1,32.36,29.9,28.34,1,1,1.0
300,18,556.8,274.13,227.13,258.07,1,1,1.0
300,21,680.65,203.71,100.15,93.86,1,1,0.7503
300,22,539.65,56.25,35.9,33.54,1,1,1.0
300,23,602.2,59.62,38.05,34.49,1,1,1.0
300,24,539.3,134.4,56.65,62.95,1,1,1.0
300,25,755.9,81.95,53.2,33.98,1,1,1.0
300,26,548.5,37.56,29.3,24.88,1,1,0.7703
300,27,583.6,32.54,30.0,29.47,1,1,1.0
301,18,558.83,288.85,233.0,243.35,1,1,1.0
301,21,683.85,208.21,102.25,98.1,1,1,0.822
301,22,540.0,57.12,35.25,33.71,1,1,1.0
301,23,602.85,60.75,38.35,34.23,1,1,1.0
301,24,538.95,137.07,57.6,64.36,1,1,1.0
301,25,753.9,81.0,51.4,32.16,1,1,1.0
301,26,548.85,37.9,29.0,25.41,1,1,0.778
301,27,584.15,32.71,30.05,30.6,1,1,1.0
301,28,844.25,197.82,116.75,81.49,1,1,0.505
302,18,560.85,303.57,238.87,228.63,1,1,1.0
302,21,687.55,214.88,104.65,100.43,1,1,0.8831
302,22,540.15,58.24,35.4,33.54,1,1,1.0
302,23,603.7,61.53,38.2,35.53,1,1,1.0
302,24,538.1,139.24,59.95,65.47,1,1,1.0
302,25,751.85,80.05,50.65,33.02,1,1,1.0
302,26,548.5,38.68,29.45,25.4,1,1,0.7887
302,27,584.75,33.92,29.8,30.34,1,1,1.0
302,28,837.0,192.55,124.0,81.14,1,1,0.5429
303,18,562.88,318.29,244.73,213.91,1,1,1.0
303,21,691.25,221.54,107.1,102.77,1,1,0.9414
303,22,540.35,59.36,35.45,33.36,1,1,1.0
303,23,604.55,62.31,38.05,36.83,1,1,1.0
303,24,537.25,141.41,62.25,66.59,1,1,1.0
303,25,749.75,79.1,50.0,33.88,1,1,1.0
303,26,548.15,39.46,29.9,25.4,1,1,0.7998
303,27,585.35,35.14,29.55,30.08,1,1,1.0
303,28,829.75,187.27,114.0,80.79,1,1,0.4644
304,18,564.91,333.01,250.6,199.19,1,1,1.0
304,21,695.0,228.2,109.5,105.11,1,1,1.0
304,22,540.5,60.49,35.55,33.2,1,1,1.0
304,23,605.4,63.08,37.9,38.12,1,1,1.0
304,24,536.35,143.57,64.6,67.72,1,1,1.0
304,25,747.7,78.14,49.3,34.76,1,1,1.0
304,26,547.8,40.24,30.35,25.4,1,1,0.8111
304,27,585.95,36.35,29.3,29.82,1,1,1.0
304,28,822.45,181.99,112.9,80.45,1,1,0.44
305,18,566.93,347.73,256.47,184.47,1,1,1.0
305,21,698.7,234.87,111.95,107.44,1,1,1.0
305,22,540.7,61.62,35.6,33.02,1,1,1.0
305,23,606.3,63.86,37.7,39.42,1,1,1.0
305,24,535.5,145.73,66.95,68.84,1,1,1.0
305,25,745.6,77.19,48.6,35.62,1,1,1.0
305,26,547.45,41.02,30.75,25.41,1,1,0.8224
305,27,586.55,37.56,29.05,29.56,1,1,1.0
305,28,815.2,176.71,111.75,80.1,1,1,0.4253
306,18,568.96,362.45,262.33,169.75,1,1,1.0
306,21,702.45,241.53,114.35,109.78,1,1,1.0
306,22,540.85,62.74,35.7,32.84,1,1,1.0
306,23,607.15,64.64,37.5,40.72,1,1,1.0
306,24,534.65,147.9,69.25,69.97,1,1,1.0
306,25,743.55,76.24,47.9,36.48,1,1,1.0
306,26,547.1,41.8,31.2,25.4,1,1,0.8343
306,27,587.15,38.77,28.8,29.3,1,1,1.0
306,28,807.9,171.44,110.65,79.75,1,1,0.4154
307,18,570.99,377.17,268.2,155.03,1,1,1.0
307,21,706.15,248.19,116.8,112.12,1,1,1.0
307,22,541.05,63.86,35.8,32.67,1,1,1.0
307,23,608.0,65.42,37.35,42.02,1,1,1.0
307,24,533.75,150.06,71.65,71.1,1,1,1.0
307,25,741.45,75.29,47.2,37.35,1,1,1.0
307,26,546.75,42.58,31.65,25.4,1,1,0.8459
307,27,587.75,39.98,28.55,29.04,1,1,1.0
307,28,800.65,166.16,109.5,79.4,1,1,0.3962
308,18,573.01,391.89,274.07,140.31,1,1,1.0
308,21,709.55,256.15,124.55,119.73,1,1,1.0
308,22,540.5,64.39,36.85,34.15,1,1,1.0
308,23,608.35,66.72,38.05,42.2,1,1,1.0
308,24,534.65,153.26,70.9,71.01,1,1,1.0
308,25,739.4,74.08,46.35,37.17,1,1,1.0
308,26,546.6,43.27,32.3,25.92,1,1,0.8235
308,27,588.05,40.85,28.95,28.86,1,1,1.0
308,28,796.0,162.09,106.15,77.76,1,1,0.3857
309,18,575.04,406.61,279.93,125.59,1,1,1.0
309,21,712.9,264.12,132.35,127.34,1,1,1.0
309,22,540.0,64.9,37.85,35.62,1,1,1.0
309,23,608.7,68.02,38.75,42.37,1,1,1.0
309,24,535.5,156.46,70.25,70.92,1,1,1.0
309,25,737.3,72.86,45.5,36.99,1,1,1.0
309,26,546.4,43.96,33.0,26.44,1,1,0.8018
309,27,588.3,41.71,29.35,28.69,1,1,1.0
309,28,791.3,158.02,102.8,76.11,1,1,0.4203
310,18,577.07,421.33,285.8,110.87,1,1,1.0
310,21,716.3,272.07,140.15,134.97,1,1,1.0
310,22,539.5,65.42,38.9,37.08,1,1,1.0
310,23,609.05,69.32,39.45,42.54,1,1,1.0
310,24,536.35,159.66,69.55,70.84,1,1,1.0
310,25,735.25,71.66,44.6,36.83,1,1,1.0
310,26,546.25,44.65,33.7,26.96,1,1,0.781
310,27,588.55,42.58,29.8,28.52,1,1,1.0
310,28,786.65,153.95,99.4,74.48,1,1,0.3899
311,18,578.13,444.09,285.09,89.53,1,1,1.0
311,21,719.65,280.04,147.95,142.58,1,1,1.0
311,22,538.95,65.94,39.95,38.56,1,1,1.0
311,23,609.4,70.61,40.1,42.72,1,1,1.0
311,24,537.25,162.87,68.85,70.75,1,1,1.0
311,25,733.15,70.44,43.75,36.66,1,1,1.0
311,26,546.05,45.35,34.4,27.48,1,1,0.7607
311,27,588.8,43.44,30.25,28.35,1,1,1.0
311,28,781.95,149.88,96.05,72.83,1,1,0.3838
312,18,579.2,466.84,284.38,74.16,1,1,1.0
312,21,723.05,288.0,155.7,150.19,1,1,1.0
312,22,538.45,66.46,40.95,40.03,1,1,1.0
312,23,609.75,71.92,40.8,42.88,1,1,1.0
312,24,538.1,166.07,68.15,70.66,1,1,1.0
312,25,731.1,69.23,42.85,36.48,1,1,1.0
312,26,545.9,46.04,35.1,28.0,1,1,0.7416
312,27,589.05,44.31,30.7,28.17,1,1,1.0
312,28,777.3,145.82,92.65,71.18,1,1,0.4006
313,18,580.27,489.6,283.66,51.4,1,1,1.0
313,21,726.4,295.96,163.5,157.81,1,1,1.0
313,22,537.9,66.98,42.05,41.5,1,1,1.0
313,23,610.1,73.21,41.5,43.06,1,1,1.0
313,24,538.95,169.27,67.45,70.58,1,1,1.0
313,25,729.0,68.02,42.0,36.31,1,1,1.0
313,26,545.7,46.73,35.8,28.52,1,1,0.7226
313,27,589.35,45.17,31.1,28.0,1,1,1.0
313,28,772.6,141.75,89.3,69.54,1,1,0.3905
313,29,509.35,22.85,18.65,17.62,1,1,1.0
313,30,537.4,25.44,22.3,19.17,1,1,1.0
314,21,733.15,307.21,168.3,159.46,1,1,1.0
314,22,538.1,68.19,41.75,40.55,1,1,1.0
314,23,610.1,73.99,42.6,44.01,1,1,1.0
314,24,536.9,172.65,71.6,74.29,1,1,1.0
314,25,727.45,66.72,42.0,36.39,1,1,1.0
314,26,545.65,47.16,36.1,29.04,1,1,0.7387
314,27,589.65,46.04,31.15,27.65,1,1,1.0
314,28,767.95,139.41,87.9,66.08,1,1,0.4035
314,29,508.75,23.11,18.9,17.96,1,1,1.0
314,30,537.25,26.05,22.45,19.0,1,1,1.0
315,21,739.9,318.46,173.05,161.1,1,1,1.0
315,22,538.25,69.4,41.5,39.6,1,1,1.0
315,23,610.1,74.77,43.75,44.96,1,1,1.0
315,24,534.8,176.02,75.8,78.02,1,1,1.0
315,25,725.9,65.42,42.0,36.48,1,1,1.0
315,26,545.55,47.6,36.45,29.56,1,1,0.754
315,27,590.0,46.9,31.15,27.31,1,1,1.0
315,28,763.25,137.07,86.5,62.62,1,1,0.4031
315,29,508.15,23.37,19.2,18.31,1,1,1.0
315,30,537.05,26.65,22.65,18.83,1,1,1.0
316,21,746.65,329.71,177.8,162.74,1,1,1.0
316,22,538.45,70.61,41.25,38.65,1,1,1.0
316,23,610.1,75.55,44.85,45.91,1,1,1.0
316,24,532.75,179.4,79.9,81.73,1,1,1.0
316,25,724.35,64.12,42.0,36.56,1,1,1.0
316,26,545.45,48.03,36.85,30.08,1,1,1.0
316,27,590.35,47.77,31.15,26.96,1,1,1.0
316,28,758.6,134.74,85.1,59.16,1,1,0.3319
316,29,507.55,23.62,19.45,18.65,1,1,1.0
316,30,536.9,27.26,22.8,18.65,1,1,1.0
317,21,753.4,340.96,182.55,164.39,1,1,1.0
317,22,538.6,71.82,41.0,37.7,1,1,1.0
317,23,610.1,76.32,46.0,46.86,1,1,1.0
317,24,530.65,182.77,84.1,85.46,1,1,1.0
317,25,722.75,62.82,42.05,36.66,1,1,1.0
317,26,545.35,48.46,37.2,30.6,1,1,1.0
317,27,590.7,48.64,31.15,26.62,1,1,1.0
317,28,753.9,132.41,83.75,55.69,1,1,0.3662
317,29,506.95,23.88,19.7,19.0,1,1,1.0
317,30,536.7,27.87,23.0,18.48,1,1,1.0
318,21,760.15,352.21,187.3,166.04,1,1,1.0
318,22,538.8,73.04,40.7,36.74,1,1,1.0
318,23,610.1,77.1,47.1,47.82,1,1,1.0
318,24,528.6,186.15,88.2,89.17,1,1,1.0
318,25,721.2,61.53,42.05,36.74,1,1,1.0
318,26,545.3,48.89,37.5,31.12,1,1,1.0
318,27,591.05,49.5,31.1,26.27,1,1,1.0
318,28,749.25,130.07,82.35,52.23,1,1,0.3599
318,29,506.35,24.14,19.95,19.35,1,1,1.0
318,30,536.55,28.47,23.15,18.31,1,1,1.0
319,21,766.9,363.46,194.1,167.69,1,1,1.0
319,22,538.95,74.25,40.45,35.79,1,1,1.0
319,23,610.1,77.89,48.25,48.78,1,1,1.0
319,24,526.5,189.52,92.4,92.91,1,1,1.0
319,25,719.65,60.23,42.0,36.83,1,1,1.0
319,26,545.2,49.33,37.85,31.63,1,1,1.0
319,27,591.4,50.36,31.1,25.92,1,1,1.0
319,28,744.6,127.73,80.95,48.77,1,1,0.3317
319,29,505.75,24.4,20.2,19.69,1,1,1.0
319,30,536.35,29.08,23.35,18.14,1,1,1.0
320,21,777.25,377.42,183.75,155.98,1,1,1.0
320,22,539.15,74.6,41.05,37.01,1,1,1.0
320,23,611.4,79.96,48.95,48.17,1,1,1.0
320,24,528.15,193.16,91.85,93.85,1,1,1.0
320,25,718.25,59.62,41.95,36.05,1,1,1.0
320,26,545.7,49.76,37.55,30.6,1,1,1.0
320,27,593.05,50.62,30.5,26.27,1,1,1.0
320,28,741.05,124.61,79.75,48.17,1,1,0.3546
320,29,505.2,24.4,21.1,19.69,1,1,1.0
320,30,536.65,28.9,23.05,18.13,1,1,1.0
321,21,787.55,391.37,173.45,149.63,1,1,1.0
321,22,539.3,74.94,41.7,38.22,1,1,1.0
321,23,612.7,82.04,49.65,47.56,1,1,1.0
321,24,529.8,196.79,91.35,94.81,1,1,1.0
321,25,716.9,59.02,41.85,35.27,1,1,1.0
321,26,546.25,50.19,37.15,29.56,1,1,1.0
321,27,594.7,50.88,29.9,26.62,1,1,1.0
321,28,737.5,121.5,78.5,47.56,1,1,0.3076
321,29,504.7,24.4,21.95,19.69,1,1,1.0
321,30,536.9,28.73,22.8,18.13,1,1,1.0
322,21,797.85,405.32,163.15,135.68,1,1,1.0
322,22,539.5,75.29,42.25,39.42,1,1,1.0
322,23,614.0,84.12,50.3,46.96,1,1,1.0
322,24,531.45,200.43,90.8,95.76,1,1,1.0
322,25,715.5,58.42,41.75,34.49,1,1,1.0
322,26,546.75,50.62,36.85,28.52,1,1,1.0
322,27,596.35,51.14,29.3,26.96,1,1,1.0
322,28,733.95,118.39,77.3,46.95,1,1,0.3193
322,29,504.15,24.4,22.85,19.69,1,1,1.0
322,30,537.15,28.56,22.55,18.14,1,1,1.0
323,21,808.2,419.27,152.8,121.73,1,1,1.0
323,22,539.65,75.64,42.9,40.64,1,1,1.0
323,23,615.3,86.19,51.0,46.35,1,1,1.0
323,24,533.1,204.06,90.3,96.71,1,1,1.0
323,25,714.1,57.81,41.7,33.71,1,1,1.0
323,26,547.25,51.06,36.5,27.48,1,1,1.0
323,27,598.0,51.4,28.65,27.3,1,1,1.0
323,28,730.4,115.27,76.1,46.35,1,1,0.3289
323,29,503.65,24.4,23.7,19.69,1,1,1.0
323,30,537.4,28.38,22.3,18.14,1,1,1.0
324,22,539.85,75.98,43.45,41.85,1,1,1.0
324,23,616.6,88.27,51.7,45.74,1,1,1.0
324,24,534.7,207.69,89.8,97.67,1,1,1.0
324,25,712.75,57.2,41.55,32.94,1,1,1.0
324,26,547.8,51.49,36.1,26.44,1,1,1.0
324,27,599.65,51.66,28.05,27.65,1,1,1.0
324,28,726.85,112.16,74.9,45.74,1,1,0.2924
324,29,503.15,24.4,24.5,19.69,1,1,1.0
324,30,537.65,28.21,22.05,18.13,1,1,1.0
325,22,540.0,76.32,44.1,43.06,1,1,1.0
325,23,617.9,90.34,52.4,45.14,1,1,1.0
325,24,536.35,211.32,89.3,98.62,1,1,1.0
325,25,711.35,56.6,41.5,32.16,1,1,1.0
325,26,548.3,51.92,35.8,25.4,1,1,1.0
325,27,601.25,51.92,27.5,28.0,1,1,1.0
325,28,723.3,109.04,73.7,45.14,1,1,0.2962
325,29,502.6,24.4,25.4,19.69,1,1,1.0
325,30,537.9,28.04,21.8,18.14,1,1,1.0
325,31,891.0,160.96,70.0,59.67,1,1,1.0
326,22,540.1,77.28,44.45,43.41,1,1,1.0
326,23,619.0,91.38,53.0,46.86,1,1,1.0
326,24,536.8,216.26,90.65,101.73,1,1,1.0
326,25,709.7,55.82,41.15,31.64,1,1,1.0
326,26,548.9,52.36,36.05,26.44,1,1,1.0
326,27,601.35,52.62,28.7,28.7,1,1,1.0
326,28,721.4,106.96,71.0,43.84,1,1,0.2987
326,29,502.8,23.97,24.95,20.64,1,1,1.0
326,30,538.0,28.21,22.65,18.57,1,1,1.0
326,31,886.75,158.19,74.25,59.85,1,1,1.0
327,22,540.15,78.23,44.8,43.75,1,1,1.0
327,23,620.15,92.42,53.6,48.6,1,1,1.0
327,24,537.25,221.19,92.0,104.85,1,1,1.0
327,25,708.05,55.04,40.8,31.12,1,1,1.0
327,26,549.5,52.79,36.35,27.48,1,1,1.0
327,27,601.45,53.31,29.9,29.38,1,1,1.0
327,28,719.5,104.89,68.3,42.54,1,1,0.3085
327,29,502.95,23.54,24.55,21.6,1,1,1.0
327,30,538.1,28.38,23.5,19.0,1,1,1.0
327,31,882.5,155.43,78.5,60.01,1,1,1.0
328,22,540.25,79.18,45.15,44.1,1,1,1.0
328,23,621.25,93.46,54.25,50.33,1,1,1.0
328,24,537.65,226.13,93.45,107.95,1,1,1.0
328,25,706.4,54.26,40.5,30.6,1,1,1.0
328,26,550.15,53.22,36.55,28.52,1,1,1.0
328,27,601.55,54.0,31.1,30.08,1,1,1.0
328,28,717.6,102.81,65.6,41.24,1,1,0.3042
328,29,503.15,23.11,24.1,22.55,1,1,1.0
328,30,538.2,28.56,24.35,19.43,1,1,1.0
328,31,878.3,152.66,82.7,60.19,1,1,1.0
329,22,540.35,80.14,45.5,44.44,1,1,1.0
329,23,622.4,94.5,54.8,52.06,1,1,1.0
329,24,538.1,231.06,94.8,111.07,1,1,1.0
329,25,704.75,53.48,40.15,30.08,1,1,1.0
329,26,550.75,53.66,36.8,29.56,1,1,1.0
329,27,601.6,54.69,32.35,30.77,1,1,1.0
329,28,715.65,100.73,63.0,39.95,1,1,0.3084
329,29,503.3,22.67,23.7,23.5,1,1,1.0
329,30,538.25,28.73,25.25,19.86,1,1,1.0
329,31,874.05,149.88,86.95,60.37,1,1,1.0
330,22,540.45,81.08,45.8,44.8,1,1,1.0
330,23,623.5,95.54,55.45,53.78,1,1,1.0
330,24,538.55,235.99,96.15,114.2,1,1,1.0
330,25,703.15,52.7,39.75,29.56,1,1,1.0
330,26,551.35,54.08,37.05,30.6,1,1,1.0
330,27,601.7,55.38,33.55,31.46,1,1,1.0
330,28,713.75,98.66,60.3,38.65,1,1,0.3173
330,29,503.5,22.24,23.2,24.45,1,1,1.0
330,30,538.35,28.9,26.1,20.3,1,1,1.0
330,31,869.8,147.12,91.2,60.54,1,1,1.0
331,22,540.5,82.04,46.2,45.14,1,1,1.0
331,23,624.65,96.58,56.0,55.52,1,1,1.0
331,24,538.95,240.93,97.6,117.3,1,1,1.0
331,25,701.5,51.92,39.4,29.04,1,1,1.0
331,26,551.95,54.52,37.35,31.64,1,1,1.0
331,27,601.8,56.08,34.75,32.16,1,1,1.0
331,28,711.85,96.58,57.6,37.35,1,1,0.282
331,29,503.65,21.81,22.8,25.4,1,1,1.0
331,30,538.45,29.08,26.95,20.73,1,1,1.0
331,31,865.55,144.35,95.45,60.71,1,1,1.0
332,22,540.8,83.51,45.65,44.35,1,1,1.0
332,23,626.2,98.92,56.9,56.82,1,1,1.0
332,24,538.2,247.76,101.65,121.89,1,1,1.0
332,25,699.9,51.4,39.25,28.17,1,1,1.0
332,26,551.7,55.21,37.25,31.64,1,1,1.0
332,27,602.55,56.94,34.7,32.5,1,1,1.0
332,28,708.5,94.42,57.95,37.34,1,1,0.2321
332,29,503.3,22.33,22.8,25.06,1,1,1.0
332,30,538.45,28.9,26.2,20.99,1,1,1.0
332,31,860.95,142.1,87.8,59.84,1,1,1.0
333,22,541.05,84.98,45.1,43.58,1,1,1.0
333,23,627.75,101.25,57.75,58.12,1,1,1.0
333,24,537.4,254.6,105.7,126.47,1,1,1.0
333,25,698.35,50.88,39.1,27.3,1,1,1.0
333,26,551.4,55.9,37.2,31.64,1,1,1.0
333,27,603.35,57.81,34.55,32.84,1,1,1.0
333,28,705.1,92.25,58.3,37.35,1,1,0.341
333,29,502.95,22.85,22.8,24.71,1,1,1.0
333,30,538.45,28.73,25.4,21.25,1,1,1.0
333,31,856.4,139.85,86.85,58.97,1,1,1.0
334,22,541.3,86.45,44.6,42.8,1,1,1.0
334,23,629.3,103.58,58.65,59.42,1,1,1.0
334,24,536.65,261.44,109.75,131.06,1,1,1.0
334,25,696.8,50.36,38.9,26.44,1,1,1.0
334,26,551.15,56.6,37.1,31.64,1,1,1.0
334,27,604.15,58.68,34.45,33.19,1,1,1.0
334,28,701.75,90.08,58.65,37.35,1,1,0.2755
334,29,502.6,23.37,22.8,24.36,1,1,1.0
334,30,538.45,28.56,24.6,21.51,1,1,1.0
334,31,851.8,137.6,85.9,58.11,1,1,1.0
335,22,541.55,87.92,44.1,42.02,1,1,1.0
335,23,630.85,105.93,59.5,60.7,1,1,1.0
335,24,535.85,268.27,113.85,135.66,1,1,1.0
335,25,695.25,49.85,38.75,25.58,1,1,1.0
335,26,550.9,57.29,37.0,31.64,1,1,1.0
335,27,604.9,59.54,34.4,33.53,1,1,1.0
335,28,698.35,87.92,59.0,37.34,1,1,0.2502
335,29,502.25,23.88,22.85,24.02,1,1,1.0
335,30,538.45,28.38,23.85,21.77,1,1,1.0
335,31,847.2,135.35,84.95,57.25,1,1,1.0
336,22,541.8,89.4,43.6,41.24,1,1,1.0
336,23,632.4,108.26,60.4,62.01,1,1,1.0
336,24,535.05,275.11,117.95,140.24,1,1,1.0
336,25,693.7,49.33,38.55,24.71,1,1,1.0
336,26,550.65,57.98,36.9,31.64,1,1,1.0
336,27,605.7,60.4,34.3,33.88,1,1,1.0
336,28,695.0,85.76,59.3,37.35,1,1,0.2483
336,29,501.9,24.4,22.85,23.67,1,1,1.0
336,30,538.45,28.21,23.05,22.03,1,1,1.0
336,31,842.65,133.1,83.95,56.38,1,1,1.0
337,22,542.1,90.86,43.05,40.46,1,1,1.0
337,23,634.0,110.6,61.2,63.31,1,1,1.0
337,24,534.3,281.94,121.95,144.83,1,1,1.0
337,25,692.15,48.81,38.35,23.85,1,1,1.0
337,26,550.4,58.68,36.8,31.64,1,1,1.0
337,27,606.45,61.27,34.25,34.23,1,1,1.0
337,28,691.6,83.6,59.7,37.34,1,1,0.2213
337,29,501.6,24.92,22.8,23.33,1,1,1.0
337,30,538.45,28.04,22.3,22.29,1,1,1.0
337,31,838.05,130.85,83.05,55.52,1,1,1.0
338,22,542.35,91.99,44.15,42.71,1,1,1.0
338,23,635.1,112.94,62.3,64.34,1,1,1.0
338,24,535.5,290.94,123.8,150.45,1,1,1.0
338,25,691.45,48.64,37.6,24.02,1,1,1.0
338,26,550.9,60.14,36.65,30.94,1,1,1.0
338,27,606.3,62.74,35.45,34.49,1,1,1.0
338,28,690.4,82.47,57.85,36.66,1,1,0.2318
338,29,501.3,25.36,23.25,23.85,1,1,1.0
338,30,538.45,28.99,23.25,22.11,1,1,1.0
338,31,835.2,129.12,82.15,55.95,1,1,1.0
339,22,542.6,93.12,45.3,44.96,1,1,1.0
339,23,636.25,115.27,63.3,65.39,1,1,1.0
339,24,536.7,299.94,125.65,156.08,1,1,1.0
339,25,690.75,48.46,36.85,24.19,1,1,1.0
339,26,551.4,61.62,36.5,30.25,1,1,1.0
339,27,606.1,64.21,36.65,34.75,1,1,1.0
339,28,689.2,81.34,56.05,35.97,1,1,0.2534
339,29,501.05,25.79,23.7,24.37,1,1,1.0
339,30,538.45,29.94,24.2,21.94,1,1,1.0
339,31,832.35,127.39,81.3,56.38,1,1,1.0
340,22,542.85,94.24,46.45,47.21,1,1,1.0
340,23,637.35,117.61,64.35,66.42,1,1,1.0
340,24,537.9,308.94,127.45,161.7,1,1,1.0
340,25,690.05,48.29,36.05,24.37,1,1,1.0
340,26,551.95,63.08,36.3,29.56,1,1,1.0
340,27,605.95,65.68,37.85,35.01,1,1,1.0
340,28,688.0,80.22,54.2,35.27,1,1,0.2177
340,29,500.8,26.22,24.1,24.88,1,1,1.0
340,30,538.45,30.89,25.15,21.77,1,1,1.0
340,31,829.45,125.66,80.45,56.81,1,1,1.0
341,22,543.1,95.36,47.55,49.46,1,1,1.0
341,23,638.5,119.94,65.35,67.47,1,1,1.0
341,24,539.15,317.94,129.25,167.33,1,1,1.0
341,25,689.35,48.12,35.3,24.54,1,1,1.0
341,26,552.45,64.56,36.15,28.86,1,1,1.0
341,27,605.75,67.16,39.1,35.28,1,1,1.0
341,28,686.75,79.1,52.4,34.58,1,1,0.2534
341,29,500.55,26.65,24.55,25.41,1,1,1.0
341,30,538.45,31.85,26.1,21.59,1,1,1.0
341,31,826.6,123.93,79.6,57.25,1,1,1.0
342,22,543.4,96.49,48.65,51.71,1,1,1.0
342,23,639.6,122.28,66.45,68.5,1,1,1.0
342,24,540.35,326.94,131.05,172.95,1,1,1.0
342,25,688.65,47.94,34.5,24.71,1,1,1.0
342,26,553.0,66.03,35.95,28.17,1,1,1.0
342,27,605.6,68.62,40.3,35.53,1,1,1.0
342,28,685.55,77.97,50.6,33.89,1,1,0.1509
342,29,500.3,27.09,24.95,25.92,1,1,1.0
342,30,538.45,32.8,27.05,21.42,1,1,1.0
342,31,823.75,122.19,78.7,57.69,1,1,1.0
343,22,543.65,97.62,49.8,53.96,1,1,1.0
343,23,640.75,124.61,67.45,69.55,1,1,1.0
343,24,541.55,335.94,132.9,178.56,1,1,1.0
343,25,688.0,47.77,33.7,24.89,1,1,1.0
343,26,553.5,67.5,35.8,27.48,1,1,1.0
343,27,605.4,70.1,41.5,35.8,1,1,1.0
343,28,684.35,76.84,48.75,33.2,1,1,0.1952
343,29,500.0,27.52,25.4,26.44,1,1,1.0
343,30,538.45,33.75,28.0,21.25,1,1,1.0
343,31,820.9,120.46,77.85,58.11,1,1,1.0
344,22,543.65,99.95,50.55,54.31,1,1,1.0
344,23,642.55,127.91,69.35,71.44,1,1,1.0
344,24,542.25,348.14,136.15,168.96,1,1,1.0
344,25,687.45,47.25,33.2,24.1,1,1,1.0
344,26,552.7,67.84,37.45,29.56,1,1,1.0
344,27,606.7,70.96,41.85,37.09,1,1,1.0
344,28,682.6,75.38,48.55,33.62,1,1,0.1833
344,29,499.94,28.04,25.46,26.1,1,1,1.0
344,30,538.6,34.62,28.0,20.99,1,1,1.0
344,31,818.2,119.25,76.15,56.56,1,1,1.0
345,22,543.65,102.29,51.35,54.65,1,1,1.0
345,23,644.35,131.19,71.3,73.35,1,1,1.0
345,24,542.95,360.35,139.45,159.35,1,1,1.0
345,25,686.95,46.73,32.65,23.33,1,1,1.0
345,26,551.95,68.19,39.05,31.64,1,1,1.0
345,27,608.0,71.82,42.2,38.38,1,1,1.0
345,28,680.9,73.9,48.25,34.06,1,1,0.1526
345,29,499.85,28.56,25.55,25.75,1,1,1.0
345,30,538.8,35.48,28.0,20.73,1,1,1.0
345,31,815.55,118.04,74.35,55.0,1,1,1.0
346,22,543.65,104.63,52.15,55.0,1,1,1.0
346,23,646.2,134.48,73.15,75.25,1,1,1.0
346,24,543.65,372.55,142.75,149.75,1,1,1.0
346,25,686.4,46.21,32.2,22.55,1,1,1.0
346,26,551.15,68.54,40.75,33.71,1,1,1.0
346,27,609.3,72.69,42.55,39.69,1,1,1.0
346,28,679.15,72.44,48.0,34.49,1,1,0.1458
346,29,499.76,29.08,25.64,25.4,1,1,1.0
346,30,538.95,36.35,28.0,20.47,1,1,1.0
346,31,812.85,116.83,72.65,53.44,1,1,1.0
347,22,543.65,106.96,52.9,55.35,1,1,1.0
347,23,648.0,137.77,75.1,77.16,1,1,1.0
347,24,544.35,384.75,146.0,140.15,1,1,1.0
347,25,685.9,45.69,31.65,21.77,1,1,1.0
347,26,550.4,68.89,42.35,35.8,1,1,1.0
347,27,610.6,73.56,42.9,40.98,1,1,1.0
347,28,677.4,70.96,47.75,34.93,1,1,0.1263
347,29,499.68,29.6,25.72,25.06,1,1,1.0
347,30,539.15,37.21,28.0,20.21,1,1,1.0
347,31,810.15,115.61,70.95,51.89,1,1,1.0
348,22,543.65,109.3,53.7,55.69,1,1,1.0
348,23,649.8,141.06,77.0,79.06,1,1,1.0
348,24,545.0,396.95,149.35,130.55,1,1,1.0
348,25,685.4,45.17,31.1,20.99,1,1,1.0
348,26,549.6,69.23,44.0,37.87,1,1,1.0
348,27,611.9,74.42,43.25,42.28,1,1,1.0
348,28,675.7,69.49,47.45,35.36,1,1,0.1069
348,29,499.58,30.12,25.82,24.71,1,1,1.0
348,30,539.3,38.08,28.0,19.95,1,1,1.0
348,31,807.5,114.41,69.2,50.32,1,1,1.0
349,22,543.65,111.64,54.45,56.04,1,1,1.0
349,23,651.65,144.35,78.85,80.96,1,1,1.0
349,24,545.7,409.15,152.65,120.95,1,1,1.0
349,25,684.85,44.65,30.6,20.21,1,1,1.0
349,26,548.85,69.58,45.65,39.94,1,1,1.0
349,27,613.2,75.29,43.6,43.57,1,1,1.0
349,28,673.95,68.02,47.2,35.79,1,1,0.0466
349,29,499.5,30.63,25.9,24.37,1,1,1.0
349,30,539.5,38.94,28.0,19.69,1,1,1.0
349,31,804.8,113.19,67.45,48.77,1,1,1.0
350,22,543.7,112.58,54.75,56.74,1,1,1.0
350,23,653.8,148.32,81.65,83.91,1,1,1.0
350,25,684.1,44.22,30.15,19.78,1,1,1.0
350,26,549.15,70.53,45.5,40.03,1,1,1.0
350,27,614.1,76.76,43.05,42.71,1,1,1.0
350,28,672.5,67.06,46.4,34.66,1,1,0.128
350,29,497.6,30.63,27.5,24.89,1,1,1.0
350,30,539.55,38.94,28.55,20.9,1,1,1.0
350,31,801.7,111.72,66.25,48.16,1,1,1.0
351,22,543.8,113.54,55.0,57.42,1,1,1.0
351,23,655.95,152.31,84.45,86.85,1,1,1.0
351,25,683.3,43.79,29.75,19.35,1,1,1.0
351,26,549.5,71.48,45.35,40.12,1,1,1.0
351,27,614.95,78.23,42.55,41.85,1,1,1.0
351,28,671.0,66.11,45.65,33.54,1,1,0.1194
351,29,495.69,30.63,29.06,25.41,1,1,1.0
351,30,539.65,38.94,29.05,22.12,1,1,1.0
351,31,798.6,110.25,65.0,47.56,1,1,1.0
352,22,543.9,114.49,55.25,58.11,1,1,1.0
352,23,658.15,156.29,87.15,89.78,1,1,1.0
352,25,682.55,43.36,29.3,18.91,1,1,1.0
352,26,549.85,72.44,45.15,40.2,1,1,1.0
352,27,615.8,79.7,42.05,40.99,1,1,1.0
352,28,669.55,65.17,44.85,32.41,1,1,0.1683
352,29,493.79,30.63,30.61,25.93,1,1,1.0
352,30,539.75,38.94,29.55,23.33,1,1,1.0
352,31,795.45,108.78,63.85,46.95,1,1,1.0
353,22,544.0,115.44,55.5,58.81,1,1,1.0
353,23,660.3,160.27,89.95,92.73,1,1,1.0
353,25,681.75,42.92,28.85,18.48,1,1,1.0
353,26,550.2,73.39,44.95,40.3,1,1,1.0
353,27,616.65,81.18,41.5,40.12,1,1,1.0
353,28,668.1,64.21,44.05,31.29,1,1,0.131
353,29,491.88,30.63,32.17,26.44,1,1,1.0
353,30,539.85,38.94,30.05,24.54,1,1,1.0
353,31,792.35,107.31,62.6,46.35,1,1,1.0
354,22,544.05,116.4,55.8,59.5,1,1,1.0
354,23,662.45,164.25,92.75,95.68,1,1,1.0
354,25,680.95,42.49,28.45,18.05,1,1,1.0
354,26,550.55,74.33,44.8,40.38,1,1,1.0
354,27,617.55,82.64,40.95,39.26,1,1,1.0
354,28,666.6,63.26,43.3,30.16,1,1,0.1474
354,29,489.98,30.63,33.72,26.96,1,1,1.0
354,30,539.9,38.94,30.6,25.75,1,1,1.0
354,31,789.25,105.83,61.4,45.74,1,1,1.0
355,22,544.15,117.35,56.05,60.19,1,1,1.0
355,23,664.6,168.23,95.5,98.62,1,1,1.0
355,25,680.2,42.06,28.0,17.62,1,1,1.0
355,26,550.9,75.29,44.6,40.46,1,1,1.0
355,27,618.4,84.12,40.45,38.38,1,1,1.0
355,28,665.15,62.31,42.5,29.04,1,1,0.0933
355,29,488.07,30.63,35.28,27.48,1,1,1.0
355,30,540.0,38.94,31.1,26.96,1,1,1.0
355,31,786.1,104.36,60.2,45.14,1,1,1.0
355,32,902.95,113.19,58.05,56.56,1,1,1.0
355,33,545.7,25.96,21.25,16.58,1,1,1.0
356,22,543.3,118.82,57.25,62.7,1,1,1.0
356,23,667.9,173.69,97.75,101.2,1,1,1.0
356,25,679.05,41.8,28.0,17.88,1,1,1.0
356,26,551.4,76.32,44.4,40.56,1,1,1.0
356,27,619.55,85.42,41.15,40.38,1,1,1.0
356,28,663.4,61.18,41.95,28.95,1,1,0.0502
356,29,489.89,31.76,32.96,26.7,1,1,1.0
356,30,539.65,39.98,31.55,26.27,1,1,1.0
356,31,784.3,103.07,59.15,44.7,1,1,1.0
356,32,896.8,111.2,64.2,56.65,1,1,1.0
356,33,545.2,26.31,21.6,16.92,1,1,1.0
357,22,542.4,120.29,58.5,65.21,1,1,1.0
357,23,671.2,179.13,100.0,103.81,1,1,1.0
357,25,677.95,41.54,28.0,18.14,1,1,1.0
357,26,551.95,77.36,44.1,40.64,1,1,1.0
357,27,620.65,86.71,41.85,42.36,1,1,1.0
357,28,661.65,60.06,41.35,28.86,1,1,0.0085
357,29,491.71,32.88,30.59,25.92,1,1,1.0
357,30,539.3,41.02,32.0,25.58,1,1,1.0
357,31,782.5,101.77,58.1,44.27,1,1,1.0
357,32,890.65,109.21,70.35,56.73,1,1,1.0
357,33,544.65,26.65,21.95,17.27,1,1,1.0
358,22,541.55,121.76,59.7,67.72,1,1,1.0
358,23,674.5,184.59,102.25,106.4,1,1,1.0
358,25,676.8,41.28,28.0,18.4,1,1,1.0
358,26,552.45,78.4,43.85,40.72,1,1,1.0
358,27,621.8,88.01,42.5,44.36,1,1,1.0
358,28,659.95,58.94,40.7,28.78,1,1,0.1009
358,29,493.53,34.01,28.27,25.14,1,1,1.0
358,30,538.95,42.06,32.45,24.88,1,1,1.0
358,31,780.65,100.47,57.1,43.84,1,1,1.0
358,32,884.5,107.22,76.5,56.82,1,1,1.0
358,33,544.15,27.0,22.3,17.61,1,1,1.0
359,22,540.7,123.23,60.9,70.23,1,1,1.0
359,23,677.75,190.04,104.5,109.0,1,1,1.0
359,25,675.7,41.02,28.0,18.66,1,1,1.0
359,26,553.0,79.44,43.55,40.81,1,1,1.0
359,27,622.9,89.31,43.25,46.35,1,1,1.0
359,28,658.2,57.81,40.15,28.69,1,1,0.0066
359,29,495.35,35.14,25.9,24.36,1,1,1.0
359,30,538.6,43.1,32.85,24.19,1,1,1.0
359,31,778.85,99.18,56.05,43.4,1,1,1.0
359,32,878.35,105.23,82.65,56.9,1,1,1.0
359,33,543.65,27.35,22.6,17.96,1,1,1.0
360,22,539.85,124.7,62.05,72.74,1,1,1.0
360,23,681.05,195.49,106.75,111.59,1,1,1.0
360,25,674.55,40.76,28.0,18.92,1,1,1.0
360,26,553.5,80.48,43.3,40.9,1,1,1.0
360,27,624.05,90.6,43.9,48.34,1,1,1.0
360,28,656.5,56.68,39.5,28.6,1,1,0.0101
360,29,497.17,36.26,23.58,23.58,1,1,1.0
360,30,538.25,44.14,33.3,23.5,1,1,1.0
360,31,777.05,97.88,55.0,42.98,1,1,1.0
360,32,872.2,103.24,88.8,56.99,1,1,1.0
360,33,543.1,27.69,23.0,18.31,1,1,1.0
361,22,538.95,126.18,63.3,75.25,1,1,1.0
361,23,684.35,200.94,109.0,114.19,1,1,1.0
361,25,673.45,40.5,28.0,19.18,1,1,1.0
361,26,554.0,81.52,43.1,40.98,1,1,1.0
361,27,625.15,91.9,44.6,50.32,1,1,1.0
361,28,654.75,55.56,38.9,28.52,1,1,0.0635
361,29,498.98,37.38,21.27,22.8,1,1,1.0
361,30,537.9,45.17,33.75,22.81,1,1,1.0
361,31,775.2,96.58,53.95,42.54,1,1,1.0
361,32,866.1,101.25,82.0,57.07,1,1,1.0
361,33,542.6,28.04,23.3,18.66,1,1,1.0
362,22,538.45,129.55,64.7,75.08,1,1,1.0
362,23,688.05,207.44,113.95,118.34,1,1,1.0
362,25,672.5,39.81,28.0,19.35,1,1,1.0
362,26,553.35,82.21,44.85,42.02,1,1,1.0
362,27,626.35,93.64,45.5,51.36,1,1,1.0
362,28,653.7,54.52,38.5,28.78,1,1,0.0181
362,29,498.12,36.86,22.03,23.32,1,1,1.0
362,30,537.85,45.43,33.2,22.63,1,1,1.0
362,31,772.35,95.36,53.95,41.58,1,1,1.0
362,32,862.9,100.73,80.25,54.57,1,1,1.0
362,33,542.7,28.04,23.15,19.17,1,1,1.0
363,22,537.9,132.93,66.1,74.89,1,1,1.0
363,23,691.8,213.93,118.85,122.5,1,1,1.0
363,25,671.55,39.12,28.0,19.52,1,1,1.0
363,26,552.65,82.9,46.7,43.06,1,1,1.0
363,27,627.6,95.36,46.3,52.4,1,1,1.0
363,28,652.65,53.48,38.05,29.04,1,1,0.0179
363,29,497.25,36.35,22.8,23.84,1,1,1.0
363,30,537.75,45.69,32.65,22.46,1,1,1.0
363,31,769.5,94.16,53.95,40.64,1,1,1.0
363,32,859.65,100.21,78.55,52.06,1,1,1.0
363,33,542.75,28.04,23.0,19.69,1,1,1.0
364,22,537.4,136.3,67.45,74.73,1,1,1.0
364,23,695.5,220.41,123.8,126.66,1,1,1.0
364,25,670.6,38.42,28.0,19.69,1,1,1.0
364,26,551.95,83.6,48.5,44.1,1,1,1.0
364,27,628.8,97.1,47.2,53.44,1,1,1.0
364,28,651.65,52.44,37.6,29.3,1,1,0.0408
364,29,496.38,35.83,23.57,24.36,1,1,1.0
364,30,537.65,45.95,32.15,22.29,1,1,1.0
364,31,766.65,92.94,53.95,39.69,1,1,1.0
364,32,856.45,99.69,76.85,49.55,1,1,1.0
364,33,542.85,28.04,22.8,20.21,1,1,1.0
365,22,536.9,139.68,68.85,74.55,1,1,1.0
365,23,699.25,226.91,128.7,130.8,1,1,1.0
365,25,669.65,37.73,28.0,19.86,1,1,1.0
365,26,551.25,84.29,50.35,45.14,1,1,1.0
365,27,630.0,98.82,48.1,54.48,1,1,1.0
365,28,650.6,51.4,37.15,29.56,1,1,0.0201
365,29,495.52,35.31,24.38,24.88,1,1,1.0
365,30,537.6,46.21,31.6,22.11,1,1,1.0
365,31,763.8,91.73,53.95,38.73,1,1,1.0
365,32,853.25,99.18,75.1,47.04,1,1,1.0
365,33,542.95,28.04,22.65,20.73,1,1,1.0
366,22,536.35,143.05,70.25,74.39,1,1,1.0
366,23,702.95,233.4,133.65,134.96,1,1,1.0
366,25,668.7,37.04,28.0,20.04,1,1,1.0
366,26,550.55,84.98,52.15,46.18,1,1,1.0
366,27,631.2,100.56,48.95,55.51,1,1,1.0
366,28,649.55,50.36,36.75,29.82,1,1,0.0122
366,29,494.65,34.79,25.15,25.4,1,1,1.0
366,30,537.5,46.47,31.1,21.94,1,1,1.0
366,31,760.95,90.52,53.95,37.78,1,1,1.0
366,32,850.05,98.66,73.35,44.54,1,1,1.0
366,33,543.05,28.04,22.45,21.25,1,1,1.0
367,22,535.85,146.43,71.6,74.2,1,1,1.0
367,23,706.65,239.88,138.6,139.12,1,1,1.0
367,25,667.75,36.35,28.0,20.21,1,1,1.0
367,26,549.85,85.68,54.0,47.2,1,1,1.0
367,27,632.4,102.29,49.85,56.56,1,1,1.0
367,28,648.5,49.33,36.35,30.08,1,1,0.0358
367,29,493.79,34.27,25.91,25.92,1,1,1.0
367,30,537.4,46.73,30.6,21.77,1,1,1.0
367,31,758.1,89.31,53.95,36.83,1,1,1.0
367,32,846.85,98.14,71.65,42.02,1,1,1.0
367,33,543.1,28.04,22.3,21.77,1,1,1.0
367,34,904.5,167.19,56.5,70.06,1,1,1.0
367,35,528.05,21.81,18.65,19.69,1,1,0.868
368,22,536.35,148.32,71.3,75.78,1,1,1.0
368,23,712.55,248.8,144.65,146.47,1,1,1.0
368,25,666.45,35.39,28.15,20.65,1,1,1.0
368,26,550.15,86.45,53.6,48.51,1,1,1.0
368,27,632.75,105.06,51.05,55.6,1,1,1.0
368,28,646.8,48.12,35.95,29.3,1,1,0.0471
368,29,493.1,34.36,25.9,26.09,1,1,1.0
368,30,537.15,46.3,31.1,22.98,1,1,1.0
368,31,755.3,87.58,53.9,37.35,1,1,1.0
368,32,842.9,95.28,70.75,43.15,1,1,1.0
368,33,542.35,27.95,22.9,22.2,1,1,1.0
368,34,899.5,164.51,61.5,68.68,1,1,1.0
368,35,527.45,21.63,19.2,20.13,1,1,0.8463
369,22,536.9,150.23,70.9,77.33,1,1,1.0
369,23,718.45,257.71,150.7,153.83,1,1,1.0
369,25,665.15,34.44,28.35,21.08,1,1,1.0
369,26,550.4,87.23,53.25,49.81,1,1,1.0
369,27,633.1,107.83,52.25,54.65,1,1,1.0
369,28,645.05,46.9,35.6,28.52,1,1,0.0786
369,29,492.4,34.44,25.95,26.27,1,1,1.0
369,30,536.9,45.86,31.6,24.2,1,1,1.0
369,31,752.55,85.84,53.8,37.86,1,1,1.0
369,32,838.9,92.42,69.9,44.26,1,1,1.0
369,33,541.55,27.87,23.5,22.63,1,1,1.0
369,34,894.45,161.82,66.55,67.3,1,1,1.0
369,35,526.85,21.46,19.7,20.56,1,1,0.8253
370,22,537.4,152.13,70.6,78.89,1,1,1.0
370,23,724.35,266.63,156.75,161.18,1,1,1.0
370,25,663.85,33.49,28.5,21.51,1,1,1.0
370,26,550.65,88.01,52.9,51.11,1,1,1.0
370,27,633.45,110.6,53.45,53.7,1,1,1.0
370,28,643.35,45.69,35.25,27.74,1,1,0.8313
370,29,491.71,34.53,25.94,26.44,1,1,1.0
370,30,536.65,45.43,32.15,25.4,1,1,1.0
370,31,749.75,84.12,53.7,38.38,1,1,1.0
370,32,834.9,89.56,69.05,45.4,1,1,1.0
370,33,540.8,27.78,24.1,23.07,1,1,1.0
370,34,889.45,159.15,71.55,65.9,1,1,1.0
370,35,526.25,21.29,20.2,20.99,1,1,0.8068
371,22,537.9,154.04,70.25,80.44,1,1,1.0
371,23,730.2,275.54,162.85,168.53,1,1,1.0
371,25,662.55,32.54,28.7,21.94,1,1,1.0
371,26,550.9,88.79,52.6,52.4,1,1,1.0
371,27,633.8,113.36,54.65,52.76,1,1,1.0
371,28,641.6,44.48,34.9,26.96,1,1,0.848
371,29,491.02,34.62,25.93,26.62,1,1,1.0
371,30,536.35,45.0,32.7,26.62,1,1,1.0
371,31,747.0,82.38,53.6,38.9,1,1,1.0
371,32,830.95,86.71,68.15,46.52,1,1,1.0
371,33,540.0,27.69,24.7,23.5,1,1,1.0
371,34,884.4,156.46,76.6,64.52,1,1,1.0
371,35,525.65,21.12,20.7,21.42,1,1,0.7874
372,22,538.45,155.94,69.9,82.0,1,1,1.0
372,23,736.1,284.45,168.9,175.9,1,1,1.0
372,25,661.25,31.59,28.85,22.37,1,1,1.0
372,26,551.15,89.56,52.25,53.7,1,1,1.0
372,27,634.15,116.14,55.85,51.8,1,1,1.0
372,28,639.85,43.27,34.6,26.18,1,1,0.8421
372,29,490.32,34.7,25.93,26.79,1,1,1.0
372,30,536.1,44.57,33.2,27.83,1,1,1.0
372,31,744.25,80.66,53.5,39.42,1,1,1.0
372,32,826.95,83.86,67.3,47.64,1,1,1.0
372,33,539.2,27.61,25.35,23.93,1,1,1.0
372,34,879.4,153.78,81.6,63.13,1,1,1.0
372,35,525.05,20.94,21.25,21.86,1,1,0.7678
373,22,538.95,157.85,69.55,83.56,1,1,1.0
373,23,742.0,293.37,174.9,183.25,1,1,1.0
373,25,659.95,30.63,29.05,22.81,1,1,1.0
373,26,551.4,90.34,51.9,55.0,1,1,1.0
373,27,634.5,118.91,57.1,50.84,1,1,1.0
373,28,638.15,42.06,34.2,25.4,1,1,0.8373
373,29,489.63,34.79,25.92,26.96,1,1,1.0
373,30,535.85,44.14,33.7,29.04,1,1,1.0
373,31,741.45,78.92,53.45,39.94,1,1,1.0
373,32,823.0,81.0,66.4,48.77,1,1,1.0
373,33,538.45,27.52,25.9,24.37,1,1,1.0
373,34,874.4,151.1,86.6,61.75,1,1,1.0
373,35,524.4,20.77,21.8,22.29,1,1,0.7522
374,22,539.15,161.05,71.95,86.5,1,1,1.0
374,23,751.85,307.9,171.4,177.29,1,1,1.0
374,25,659.15,29.94,29.15,22.81,1,1,1.0
374,26,552.3,91.56,52.15,54.65,1,1,1.0
374,27,636.65,120.98,57.85,52.67,1,1,1.0
374,28,637.25,41.11,34.0,25.58,1,1,0.8403
374,29,489.46,34.96,25.49,26.87,1,1,1.0
374,30,536.3,44.48,33.35,29.04,1,1,1.0
374,31,739.9,78.06,52.65,39.16,1,1,1.0
374,32,820.15,79.79,64.95,47.99,1,1,1.0
374,33,538.55,27.52,26.25,24.11,1,1,1.0
374,34,871.0,148.85,90.0,61.58,1,1,1.0
374,35,524.6,20.94,21.7,22.55,1,1,0.747
375,22,539.3,164.25,74.4,89.44,1,1,1.0
375,23,761.7,322.44,167.85,171.31,1,1,1.0
375,25,658.4,29.25,29.2,22.81,1,1,1.0
375,26,553.15,92.77,52.4,54.3,1,1,1.0
375,27,638.85,123.06,58.6,54.48,1,1,1.0
375,28,636.4,40.15,33.7,25.75,1,1,0.8562
375,29,489.29,35.14,25.06,26.79,1,1,1.0
375,30,536.7,44.83,33.05,29.04,1,1,1.0
375,31,738.35,77.19,51.9,38.39,1,1,1.0
375,32,817.25,78.58,63.5,47.22,1,1,1.0
375,33,538.6,27.52,26.65,23.85,1,1,1.0
375,34,867.65,146.6,93.35,61.4,1,1,1.0
375,35,524.75,21.12,21.6,22.81,1,1,0.7419
376,22,539.5,167.45,76.8,92.38,1,1,1.0
376,23,771.6,336.98,164.3,165.32,1,1,1.0
376,25,657.6,28.56,29.3,22.81,1,1,1.0
376,26,554.0,93.98,52.7,53.96,1,1,1.0
376,27,641.0,125.14,59.4,56.3,1,1,1.0
376,28,635.55,39.2,33.45,25.92,1,1,0.8858
376,29,489.12,35.31,24.63,26.7,1,1,1.0
376,30,537.15,45.17,32.65,29.04,1,1,1.0
376,31,736.8,76.32,51.1,37.62,1,1,1.0
376,32,814.4,77.36,62.0,46.44,1,1,1.0
376,33,538.7,27.52,26.95,23.59,1,1,1.0
376,34,864.25,144.35,96.75,61.22,1,1,1.0
376,35,524.95,21.29,21.5,23.07,1,1,0.7369
377,22,539.65,170.66,79.25,95.32,1,1,1.0
377,23,781.45,351.52,160.75,159.38,1,1,1.0
377,25,656.85,27.87,29.35,22.81,1,1,1.0
377,26,554.9,95.19,52.9,53.62,1,1,1.0
377,27,643.15,127.21,60.2,58.11,1,1,1.0
377,28,634.65,38.25,33.2,26.1,1,1,0.881
377,29,488.94,35.48,24.21,26.61,1,1,1.0
377,30,537.6,45.52,32.3,29.04,1,1,1.0
377,31,735.25,75.46,50.3,36.83,1,1,1.0
377,32,811.55,76.16,60.55,45.66,1,1,1.0
377,33,538.8,27.52,27.3,23.33,1,1,1.0
377,34,860.9,142.1,84.6,61.06,1,1,1.0
377,35,525.1,21.46,21.45,23.33,1,1,0.7325
378,22,539.85,173.85,81.65,98.28,1,1,1.0
378,23,791.3,366.06,157.2,153.39,1,1,1.0
378,25,656.05,27.17,29.45,22.81,1,1,1.0
378,26,555.75,96.4,53.2,53.28,1,1,1.0
378,27,645.3,129.29,61.0,59.93,1,1,1.0
378,28,633.8,37.3,32.95,26.27,1,1,0.8648
378,29,488.77,35.65,23.78,26.53,1,1,1.0
378,30,538.0,45.86,32.0,29.04,1,1,1.0
378,31,733.65,74.6,49.55,36.06,1,1,1.0
378,32,808.7,74.94,59.05,44.88,1,1,1.0
378,33,538.9,27.52,27.65,23.07,1,1,1.0
378,34,857.5,139.85,84.35,60.88,1,1,1.0
378,35,525.3,21.63,21.35,23.59,1,1,0.7276
379,22,540.0,177.06,84.1,101.21,1,1,1.0
379,23,801.15,380.6,159.85,147.4,1,1,1.0
379,25,655.25,26.48,29.6,22.81,1,1,1.0
379,26,556.6,97.62,53.45,52.92,1,1,1.0
379,27,647.5,131.37,61.75,61.75,1,1,1.0
379,28,632.95,36.35,32.65,26.44,1,1,0.8677
379,29,488.6,35.83,23.3,26.44,1,1,1.0
379,30,538.45,46.21,31.65,29.04,1,1,1.0
379,31,732.1,73.73,48.8,35.27,1,1,1.0
379,32,805.85,73.73,57.6,44.1,1,1,1.0
379,33,538.95,27.52,28.0,22.81,1,1,1.0
379,34,854.15,137.6,84.05,60.71,1,1,1.0
379,35,525.45,21.81,21.25,23.85,1,1,0.7226
380,22,540.45,181.21,85.35,103.64,1,1,1.0
380,25,655.1,25.88,29.2,22.89,1,1,1.0
380,26,557.3,99.18,54.3,52.92,1,1,1.0
380,27,649.75,134.91,63.45,62.36,1,1,1.0
380,28,632.25,35.65,32.85,25.92,1,1,0.8864
380,29,488.43,36.09,24.12,26.44,1,1,1.0
380,30,538.6,46.9,31.8,28.35,1,1,1.0
380,31,731.25,72.52,47.75,34.75,1,1,1.0
380,32,803.95,72.34,56.45,43.32,1,1,1.0
380,33,539.9,27.69,26.65,22.46,1,1,1.0
380,34,850.85,135.0,82.95,60.45,1,1,1.0
380,35,525.8,21.89,21.45,23.67,1,1,0.7413
381,22,540.85,185.37,86.7,106.06,1,1,1.0
381,25,654.9,25.27,28.9,22.98,1,1,0.9898
381,26,558.0,100.73,55.15,52.93,1,1,1.0
381,27,652.0,138.46,65.2,62.97,1,1,1.0
381,28,631.55,34.96,33.05,25.4,1,1,0.0539
381,29,488.25,36.35,24.9,26.44,1,1,1.0
381,30,538.8,47.6,31.95,27.65,1,1,1.0
381,31,730.4,71.31,46.7,34.23,1,1,1.0
381,32,802.05,70.96,55.35,42.54,1,1,1.0
381,33,540.85,27.87,25.25,22.12,1,1,1.0
381,34,847.55,132.41,81.85,60.19,1,1,1.0
381,35,526.15,21.98,21.6,23.5,1,1,0.7606
382,22,541.3,189.52,87.95,108.48,1,1,1.0
382,25,654.75,24.66,28.5,23.07,1,1,1.0
382,26,558.7,102.29,56.05,52.92,1,1,1.0
382,27,654.25,142.01,66.9,63.56,1,1,1.0
382,28,630.85,34.27,33.2,24.89,1,1,0.0407
382,29,488.07,36.61,25.68,26.44,1,1,1.0
382,30,538.95,48.29,32.15,26.96,1,1,1.0
382,31,729.5,70.1,45.65,33.72,1,1,1.0
382,32,800.15,69.58,54.2,41.76,1,1,1.0
382,33,541.8,28.04,23.85,21.77,1,1,1.0
382,34,844.25,129.81,80.7,59.93,1,1,1.0
382,35,526.5,22.07,21.75,23.33,1,1,0.7794
383,22,541.75,193.68,89.25,110.89,1,1,1.0
383,25,654.6,24.06,28.15,23.15,1,1,1.0
383,26,559.4,103.85,56.9,52.92,1,1,1.0
383,27,656.5,145.56,68.65,64.17,1,1,1.0
383,28,630.15,33.58,33.4,24.36,1,1,0.0335
383,29,487.9,36.86,26.45,26.44,1,1,1.0
383,30,539.15,48.98,32.3,26.27,1,1,1.0
383,31,728.65,68.89,44.6,33.2,1,1,1.0
383,32,798.25,68.19,53.1,40.99,1,1,1.0
383,33,542.75,28.21,22.5,21.42,1,1,1.0
383,34,841.0,127.21,79.55,59.67,1,1,1.0
383,35,526.85,22.15,21.95,23.15,1,1,0.7965
384,22,542.15,197.82,90.6,113.33,1,1,1.0
384,25,654.4,23.45,27.85,23.24,1,1,1.0
384,26,560.1,105.41,57.75,52.91,1,1,1.0
384,27,658.75,149.1,70.4,64.78,1,1,1.0
384,28,629.5,32.88,33.5,23.84,1,1,0.061
384,29,487.73,37.12,27.22,26.44,1,1,1.0
384,30,539.3,49.67,32.5,25.58,1,1,1.0
384,31,727.8,67.68,43.55,32.67,1,1,1.0
384,32,796.35,66.81,51.95,40.2,1,1,1.0
384,33,543.7,28.38,21.1,21.08,1,1,1.0
384,34,837.7,124.61,78.45,59.42,1,1,1.0
384,35,527.2,22.24,22.1,22.98,1,1,0.8143
385,22,542.6,201.98,91.85,115.75,1,1,1.0
385,25,654.25,22.85,27.45,23.33,1,1,1.0
385,26,560.75,106.96,58.65,52.92,1,1,1.0
385,27,661.0,152.66,72.1,65.38,1,1,1.0
385,28,628.8,32.19,33.7,23.33,1,1,0.0571
385,29,487.56,37.38,27.99,26.44,1,1,1.0
385,30,539.5,50.36,32.65,24.88,1,1,1.0
385,31,726.9,66.46,42.55,32.16,1,1,1.0
385,32,794.4,65.42,50.85,39.42,1,1,1.0
385,33,544.65,28.56,19.7,20.73,1,1,1.0
385,34,834.4,122.02,77.35,59.16,1,1,1.0
385,35,527.55,22.33,22.3,22.81,1,1,0.8305
385,36,570.65,20.25,25.4,18.14,1,1,1.0
386,22,543.4,207.44,93.75,120.5,1,1,1.0
386,25,654.15,22.59,26.95,23.41,1,1,1.0
386,26,561.45,108.52,59.45,53.96,1,1,1.0
386,27,663.4,156.63,75.35,68.07,1,1,1.0
386,28,628.1,31.76,33.0,23.16,1,1,0.0134
386,29,487.82,37.82,27.83,26.01,1,1,1.0
386,30,539.75,50.8,33.2,26.44,1,1,1.0
386,31,725.8,66.03,42.2,31.54,1,1,1.0
386,32,792.0,64.73,50.75,38.99,1,1,1.0
386,33,545.0,28.9,20.25,21.34,1,1,1.0
386,34,831.9,121.33,75.95,57.77,1,1,1.0
386,35,527.9,22.41,22.2,23.24,1,1,0.8344
386,36,571.35,20.77,25.05,18.48,1,1,1.0
387,22,544.15,212.88,95.7,125.27,1,1,1.0
387,25,654.05,22.33,26.45,23.5,1,1,1.0
387,26,562.15,110.08,60.2,54.99,1,1,1.0
387,27,665.85,160.62,78.5,70.75,1,1,1.0
387,28,627.4,31.33,32.35,22.98,1,1,0.0473
387,29,488.07,38.25,27.68,25.58,1,1,1.0
387,30,540.0,51.23,33.7,28.0,1,1,1.0
387,31,724.65,65.6,41.85,30.94,1,1,1.0
387,32,789.6,64.04,50.65,38.56,1,1,1.0
387,33,545.35,29.25,20.75,21.94,1,1,1.0
387,34,829.4,120.64,74.55,56.38,1,1,1.0
387,35,528.25,22.5,22.1,23.67,1,1,0.8383
387,36,572.0,21.29,24.75,18.83,1,1,1.0
388,22,544.95,218.34,97.55,130.03,1,1,1.0
388,25,653.95,22.07,25.95,23.59,1,1,1.0
388,26,562.85,111.64,60.95,56.04,1,1,1.0
388,27,668.25,164.6,81.75,73.43,1,1,1.0
388,28,626.7,30.89,31.65,22.81,1,1,0.0792
388,29,488.33,38.68,27.47,25.14,1,1,1.0
388,30,540.25,51.66,34.25,29.56,1,1,1.0
388,31,723.55,65.17,41.5,30.34,1,1,1.0
388,32,787.15,63.34,50.6,38.12,1,1,1.0
388,33,545.7,29.6,21.25,22.55,1,1,1.0
388,34,826.9,119.94,73.15,55.0,1,1,1.0
388,35,528.6,22.59,22.0,24.11,1,1,0.842
388,36,572.7,21.81,24.4,19.17,1,1,1.0
389,22,545.7,223.79,99.5,134.78,1,1,1.0
389,25,653.9,21.81,25.4,23.67,1,1,1.0
389,26,563.55,113.19,61.75,57.08,1,1,1.0
389,27,670.65,168.57,84.95,76.12,1,1,1.0
389,28,626.0,30.46,30.95,22.63,1,1,0.0042
389,29,488.6,39.12,27.3,24.71,1,1,1.0
389,30,540.5,52.1,34.75,31.12,1,1,1.0
389,31,722.4,64.73,41.2,29.73,1,1,1.0
389,32,784.75,62.66,50.5,37.69,1,1,1.0
389,33,546.05,29.94,21.8,23.15,1,1,1.0
389,34,824.35,119.25,71.8,53.62,1,1,1.0
389,35,528.9,22.67,21.95,24.54,1,1,0.8461
389,36,573.4,22.33,24.0,19.52,1,1,1.0
390,22,546.5,229.24,101.4,139.55,1,1,1.0
390,25,653.8,21.55,24.9,23.76,1,1,1.0
390,26,564.25,114.75,62.5,58.12,1,1,1.0
390,27,673.1,172.56,88.15,78.79,1,1,1.0
390,28,625.35,30.03,30.25,22.46,1,1,0.0413
390,29,488.86,39.55,27.14,24.28,1,1,1.0
390,30,540.8,52.53,35.25,32.67,1,1,1.0
390,31,721.3,64.3,40.8,29.12,1,1,1.0
390,32,782.3,61.96,50.4,37.26,1,1,1.0
390,33,546.4,30.29,22.3,23.76,1,1,1.0
390,34,821.85,118.56,70.4,52.23,1,1,1.0
390,35,529.25,22.76,21.9,24.97,1,1,0.8485
390,36,574.1,22.85,23.65,19.87,1,1,1.0
391,22,547.25,234.69,103.3,144.31,1,1,1.0
391,25,653.7,21.29,24.4,23.85,1,1,1.0
391,26,564.9,116.31,63.35,59.15,1,1,1.0
391,27,675.5,176.54,91.35,81.48,1,1,1.0
391,28,624.65,29.6,29.55,22.29,1,1,0.0181
391,29,489.12,39.98,26.98,23.84,1,1,1.0
391,30,541.05,52.96,35.8,34.23,1,1,1.0
391,31,720.15,63.86,40.5,28.52,1,1,1.0
391,32,779.9,61.27,50.3,36.83,1,1,1.0
391,33,546.75,30.63,22.8,24.37,1,1,1.0
391,34,819.35,117.86,69.0,50.85,1,1,1.0
391,35,529.6,22.85,21.8,25.4,1,1,0.8521
391,36,574.8,23.37,23.3,20.21,1,1,1.0
392,22,545.35,242.82,108.0,149.5,1,1,1.0
392,25,652.65,22.24,24.4,23.07,1,1,1.0
392,26,565.25,119.08,66.1,61.83,1,1,1.0
392,27,677.4,182.94,93.9,83.74,1,1,1.0
392,28,624.1,29.94,28.9,22.29,1,1,0.0026
392,29,488.43,40.93,27.22,24.88,1,1,1.0
392,30,540.6,54.69,36.25,33.37,1,1,1.0
392,31,718.6,63.95,39.85,29.04,1,1,1.0
392,32,777.7,61.62,50.25,36.14,1,1,1.0
392,33,545.95,32.11,23.8,24.36,1,1,1.0
392,34,815.7,117.08,69.2,50.08,1,1,1.0
392,35,529.0,24.32,22.05,25.4,1,1,0.8396
392,36,574.7,24.66,23.6,20.73,1,1,1.0
393,22,543.45,250.96,112.65,154.69,1,1,1.0
393,25,651.65,23.19,24.35,22.29,1,1,1.0
393,26,565.6,121.85,68.85,64.52,1,1,1.0
393,27,679.35,189.35,96.35,85.97,1,1,1.0
393,28,623.6,30.29,28.15,22.29,1,1,0.0142
393,29,487.73,41.88,27.47,25.92,1,1,1.0
393,30,540.15,56.42,36.7,32.5,1,1,1.0
393,31,717.05,64.04,39.25,29.56,1,1,1.0
393,32,775.55,61.96,50.15,35.44,1,1,1.0
393,33,545.2,33.58,24.7,24.36,1,1,1.0
393,34,812.1,116.31,69.35,49.29,1,1,1.0
393,35,528.4,25.79,22.3,25.4,1,1,0.829
393,36,574.6,25.96,23.85,21.25,1,1,1.0
394,22,541.55,259.1,117.3,159.88,1,1,1.0
394,25,650.6,24.14,24.35,21.51,1,1,0.9863
394,26,565.95,124.61,71.65,67.21,1,1,1.0
394,27,681.25,195.75,98.85,88.23,1,1,1.0
394,28,623.1,30.63,27.45,22.29,1,1,0.0328
394,29,487.04,42.84,27.76,26.96,1,1,1.0
394,30,539.75,58.16,37.1,31.64,1,1,1.0
394,31,715.5,64.12,38.65,30.08,1,1,1.0
394,32,773.4,62.31,50.05,34.75,1,1,1.0
394,33,544.4,35.05,25.7,24.37,1,1,1.0
394,34,808.45,115.53,69.55,48.51,1,1,1.0
394,35,527.8,27.26,22.55,25.41,1,1,0.817
394,36,574.55,27.26,24.1,21.77,1,1,1.0
395,22,539.65,267.23,122.0,165.08,1,1,1.0
395,25,649.55,25.1,24.35,20.73,1,1,0.9621
395,26,566.3,127.39,74.4,69.88,1,1,1.0
395,27,683.15,202.16,101.35,90.47,1,1,1.0
395,28,622.55,30.98,26.8,22.29,1,1,0.0701
395,29,486.35,43.79,28.0,28.0,1,1,1.0
395,30,539.3,59.88,37.55,30.77,1,1,1.0
395,31,713.95,64.21,38.05,30.6,1,1,1.0
395,32,771.25,62.66,49.95,34.06,1,1,1.0
395,33,543.65,36.52,26.6,24.37,1,1,1.0
395,34,804.8,114.75,69.7,47.73,1,1,1.0
395,35,527.2,28.73,22.8,25.4,1,1,0.8069
395,36,574.45,28.56,24.35,22.29,1,1,1.0
396,22,537.75,275.37,126.65,170.26,1,1,1.0
396,25,648.5,26.05,24.4,19.95,1,1,0.9199
396,26,566.65,130.16,77.15,72.56,1,1,1.0
396,27,685.05,208.56,103.9,92.73,1,1,1.0
396,28,622.05,31.33,26.1,22.29,1,1,0.0578
396,29,485.65,44.74,28.25,29.04,1,1,1.0
396,30,538.9,61.62,37.95,29.9,1,1,1.0
396,31,712.4,64.3,37.4,31.12,1,1,1.0
396,32,769.05,63.0,49.9,33.36,1,1,1.0
396,33,542.85,37.99,27.55,24.36,1,1,1.0
396,34,801.15,113.97,69.9,46.96,1,1,1.0
396,35,526.6,30.2,23.05,25.4,1,1,0.7954
396,36,574.35,29.86,24.65,22.81,1,1,1.0
397,22,535.85,283.5,131.3,175.46,1,1,1.0
397,25,647.5,27.0,24.35,19.17,1,1,0.9074
397,26,567.0,132.93,79.9,75.25,1,1,1.0
397,27,686.95,214.96,106.4,94.98,1,1,1.0
397,28,621.5,31.67,25.4,22.29,1,1,0.0341
397,29,484.96,45.69,28.54,30.08,1,1,1.0
397,30,538.45,63.34,38.4,29.04,1,1,1.0
397,31,710.85,64.39,36.8,31.64,1,1,0.9999
397,32,766.9,63.34,49.8,32.67,1,1,1.0
397,33,542.1,39.46,28.5,24.36,1,1,1.0
397,34,797.55,113.19,70.05,46.18,1,1,1.0
397,35,526.0,31.67,23.3,25.4,1,1,0.7857
397,36,574.25,31.15,24.9,23.33,1,1,1.0
397,37,885.3,228.46,75.7,81.48,1,1,0.241
397,38,926.3,155.25,34.7,50.32,1,1,1.0
398,22,536.0,293.28,136.0,177.54,1,1,1.0
398,25,647.05,25.79,23.75,19.0,1,1,0.9469
398,26,568.75,134.74,79.8,75.08,1,1,1.0
398,27,693.15,220.94,108.75,98.87,1,1,1.0
398,28,620.3,30.2,25.15,22.2,1,1,0.0179
398,29,484.79,45.17,28.41,29.56,1,1,1.0
398,30,538.7,63.52,37.85,29.38,1,1,1.0
398,31,708.75,62.66,37.7,31.54,1,1,1.0
398,32,764.75,61.79,48.85,32.06,1,1,1.0
398,33,541.8,38.86,28.7,24.97,1,1,1.0
398,34,795.4,110.86,68.55,45.91,1,1,1.0
398,35,525.45,31.07,23.25,25.06,1,1,0.7955
398,36,574.7,30.72,24.65,23.24,1,1,1.0
398,37,880.95,222.75,80.05,80.01,1,1,0.2847
398,38,922.25,151.1,38.75,50.59,1,1,1.0
399,22,536.2,303.06,140.65,179.62,1,1,1.0
399,25,646.6,24.58,23.15,18.83,1,1,0.9495
399,26,570.45,136.56,79.75,74.9,1,1,1.0
399,27,699.4,226.91,111.1,102.77,1,1,1.0
399,28,619.1,28.73,24.9,22.12,1,1,0.0361
399,29,484.62,44.65,28.33,29.04,1,1,1.0
399,30,538.95,63.69,37.35,29.74,1,1,1.0
399,31,706.65,60.92,38.6,31.46,1,1,0.9954
399,32,762.6,60.23,47.9,31.46,1,1,1.0
399,33,541.55,38.25,28.85,25.58,1,1,1.0
399,34,793.2,108.52,67.15,45.66,1,1,1.0
399,35,524.95,30.46,23.15,24.71,1,1,0.8062
399,36,575.15,30.29,24.35,23.15,1,1,1.0
399,37,876.65,217.04,84.35,78.53,1,1,0.3912
399,38,918.15,146.94,42.85,50.85,1,1,1.0
400,22,536.35,312.83,145.35,181.7,1,1,1.0
400,25,646.2,23.37,22.55,18.65,1,1,0.935
400,26,572.2,138.38,79.65,74.72,1,1,1.0
400,27,705.65,232.88,113.4,106.66,1,1,1.0
400,28,617.9,27.26,24.6,22.03,1,1,0.0506
400,29,484.44,44.14,28.26,28.52,1,1,1.0
400,30,539.2,63.86,36.85,30.08,1,1,1.0
400,31,704.6,59.19,39.4,31.38,1,1,0.9909
400,32,760.4,58.68,46.95,30.86,1,1,1.0
400,33,541.3,37.64,29.05,26.18,1,1,1.0
400,34,791.05,106.19,65.65,45.38,1,1,1.0
400,35,524.4,29.86,23.1,24.36,1,1,0.8174
400,36,575.55,29.86,24.1,23.07,1,1,1.0
400,37,872.3,211.32,88.7,77.07,1,1,0.4498
400,38,914.1,142.79,46.9,51.11,1,1,1.0
401,22,536.55,322.62,150.0,183.78,1,1,1.0
401,25,645.75,22.15,21.95,18.48,1,1,0.9675
401,26,573.9,140.19,79.6,74.56,1,1,1.0
401,27,711.85,238.85,115.75,110.55,1,1,1.0
401,28,616.65,25.79,24.4,21.94,1,1,0.0449
401,29,484.27,43.62,28.18,28.0,1,1,1.0
401,30,539.5,64.04,36.3,30.42,1,1,1.0
401,31,702.5,57.46,40.3,31.29,1,1,0.9902
401,32,758.25,57.12,46.0,30.25,1,1,1.0
401,33,541.05,37.04,29.2,26.79,1,1,1.0
401,34,788.9,103.85,64.15,45.13,1,1,1.0
401,35,523.9,29.25,23.0,24.02,1,1,0.8281
401,36,576.0,29.42,23.85,22.98,1,1,1.0
401,37,868.0,205.62,93.0,75.59,1,1,0.5401
401,38,910.05,138.63,50.95,51.37,1,1,1.0
402,22,536.7,332.39,154.7,185.86,1,1,1.0
402,25,645.3,20.94,21.35,18.31,1,1,1.0
402,26,575.65,142.01,79.5,74.39,1,1,1.0
402,27,718.1,244.82,118.1,114.45,1,1,1.0
402,28,615.45,24.32,24.1,21.86,1,1,0.8293
402,29,484.1,43.1,28.1,27.48,1,1,1.0
402,30,539.75,64.21,35.8,30.77,1,1,1.0
402,31,700.45,55.73,41.15,31.2,1,1,1.0
402,32,756.1,55.56,45.05,29.64,1,1,1.0
402,33,540.8,36.43,29.35,27.39,1,1,1.0
402,34,786.7,101.51,62.7,44.87,1,1,1.0
402,35,523.4,28.64,22.9,23.67,1,1,0.8388
402,36,576.45,28.99,23.55,22.89,1,1,1.0
402,37,863.65,199.91,97.35,74.12,1,1,0.6796
402,38,905.95,134.48,55.05,51.62,1,1,1.0
403,22,536.9,342.18,159.35,187.92,1,1,1.0
403,25,644.9,19.73,20.7,18.13,1,1,1.0
403,26,577.4,143.82,79.4,74.22,1,1,1.0
403,27,724.35,250.79,120.4,118.34,1,1,1.0
403,28,614.25,22.85,23.85,21.77,1,1,0.8885
403,29,483.93,42.58,27.97,26.96,1,1,1.0
403,30,540.0,64.39,35.25,31.12,1,1,1.0
403,31,698.35,54.0,42.05,31.12,1,1,1.0
403,32,753.9,54.0,44.1,29.04,1,1,1.0
403,33,540.5,35.83,29.6,28.0,1,1,1.0
403,34,784.55,99.18,61.25,44.62,1,1,1.0
403,35,522.85,28.04,22.8,23.33,1,1,0.8495
403,36,576.85,28.56,23.35,22.81,1,1,1.0
403,37,859.35,194.19,101.65,72.66,1,1,0.7655
403,38,901.9,130.32,59.1,51.89,1,1,1.0
404,22,541.3,356.02,154.85,173.83,1,1,1.0
404,25,644.1,19.73,21.0,18.05,1,1,1.0
404,26,578.4,146.43,82.8,77.14,1,1,1.0
404,27,731.7,261.61,125.75,123.88,1,1,1.0
404,28,613.65,22.93,24.1,20.9,1,1,0.8957
404,29,483.57,42.92,27.93,27.39,1,1,1.0
404,30,540.1,65.33,35.7,31.38,1,1,1.0
404,31,698.0,53.82,40.9,30.42,1,1,1.0
404,32,752.55,53.14,43.85,29.64,1,1,1.0
404,33,540.6,36.69,29.55,27.22,1,1,1.0
404,34,782.5,98.14,60.35,43.58,1,1,1.0
404,35,523.15,28.82,23.05,23.24,1,1,0.8394
404,36,576.85,29.25,23.8,22.64,1,1,1.0
404,37,851.8,190.82,109.2,71.44,1,1,0.7597
404,38,897.75,128.69,63.25,51.79,1,1,1.0
405,22,545.7,369.87,150.4,159.73,1,1,1.0
405,25,643.35,19.73,21.25,17.96,1,1,1.0
405,26,579.45,149.02,86.15,80.1,1,1,1.0
405,27,739.05,272.43,131.15,129.42,1,1,1.0
405,28,613.05,23.02,24.35,20.04,1,1,0.9693
405,29,483.23,43.27,27.82,27.83,1,1,1.0
405,30,540.15,66.29,36.15,31.64,1,1,1.0
405,31,697.65,53.66,39.8,29.73,1,1,1.0
405,32,751.15,52.27,43.6,30.25,1,1,1.0
405,33,540.7,37.56,29.55,26.44,1,1,1.0
405,34,780.4,97.1,59.5,42.54,1,1,1.0
405,35,523.4,29.6,23.3,23.15,1,1,0.831
405,36,576.85,29.94,24.2,22.46,1,1,1.0
405,37,844.25,187.44,98.8,70.24,1,1,0.726
405,38,893.6,127.04,67.4,51.71,1,1,1.0
406,22,550.15,383.71,145.85,145.59,1,1,1.0
406,25,642.55,19.73,21.5,17.88,1,1,1.0
406,26,580.5,151.62,89.55,83.04,1,1,1.0
406,27,746.4,283.24,136.5,134.96,1,1,1.0
406,28,612.45,23.11,24.6,19.17,1,1,0.9406
406,29,482.88,43.62,27.77,28.26,1,1,1.0
406,30,540.25,67.24,36.6,31.9,1,1,1.0
406,31,697.35,53.48,38.6,29.04,1,1,1.0
406,32,749.75,51.4,43.35,30.86,1,1,1.0
406,33,540.8,38.42,29.55,25.66,1,1,1.0
406,34,778.35,96.06,58.6,41.5,1,1,1.0
406,35,523.65,30.38,23.6,23.06,1,1,0.8221
406,36,576.85,30.63,24.65,22.29,1,1,1.0
406,37,836.75,184.07,99.15,69.02,1,1,0.7094
406,38,889.45,125.4,71.55,51.62,1,1,1.0
407,22,554.55,397.56,141.35,131.49,1,1,1.0
407,25,641.75,19.73,21.8,17.79,1,1,1.0
407,26,581.55,154.21,92.9,85.98,1,1,1.0
407,27,753.75,294.06,141.9,140.5,1,1,1.0
407,28,611.85,23.19,24.85,18.31,1,1,0.9231
407,29,482.54,43.96,27.66,28.69,1,1,1.0
407,30,540.35,68.19,37.0,32.16,1,1,1.0
407,31,697.0,53.31,37.5,28.34,1,1,1.0
407,32,748.4,50.54,43.05,31.46,1,1,1.0
407,33,540.85,39.29,29.55,24.89,1,1,1.0
407,34,776.25,95.02,57.75,40.46,1,1,1.0
407,35,523.9,31.15,23.85,22.98,1,1,0.8131
407,36,576.85,31.33,25.05,22.11,1,1,1.0
407,37,829.2,180.69,99.5,67.81,1,1,0.6662
407,38,885.3,123.75,75.7,51.54,1,1,1.0
408,22,558.95,411.4,136.85,117.4,1,1,1.0
408,25,641.0,19.73,22.0,17.7,1,1,1.0
408,26,582.6,156.81,96.25,88.92,1,1,1.0
408,27,761.1,304.88,147.25,146.04,1,1,1.0
408,28,611.2,23.28,25.15,17.44,1,1,0.9247
408,29,482.19,44.31,27.56,29.13,1,1,1.0
408,30,540.45,69.14,37.4,32.42,1,1,1.0
408,31,696.65,53.14,36.4,27.66,1,1,1.0
408,32,747.0,49.67,42.8,32.07,1,1,1.0
408,33,540.95,40.15,29.55,24.11,1,1,1.0
408,34,774.15,93.98,56.95,39.43,1,1,1.0
408,35,524.15,31.93,24.1,22.89,1,1,0.8059
408,36,576.85,32.02,25.5,21.94,1,1,1.0
408,37,821.7,177.32,99.8,66.59,1,1,0.6234
408,38,881.15,122.11,79.85,51.45,1,1,1.0
409,22,563.35,425.25,132.4,103.3,1,1,1.0
409,25,640.2,19.73,22.3,17.61,1,1,0.9786
409,26,583.6,159.41,99.65,91.86,1,1,1.0
409,27,768.45,315.69,152.65,151.58,1,1,1.0
409,28,610.6,23.37,25.4,16.58,1,1,0.0382
409,29,481.85,44.65,27.5,29.56,1,1,1.0
409,30,540.5,70.1,37.9,32.67,1,1,1.0
409,31,696.3,52.96,35.25,26.96,1,1,1.0
409,32,745.6,48.81,42.55,32.67,1,1,1.0
409,33,541.05,41.02,29.55,23.33,1,1,1.0
409,34,772.1,92.94,56.05,38.38,1,1,1.0
409,35,524.4,32.71,24.4,22.81,1,1,0.7981
409,36,576.85,32.71,25.95,21.77,1,1,1.0
409,37,814.15,173.94,100.2,65.38,1,1,0.4555
409,38,877.0,120.46,84.0,51.36,1,1,1.0
409,39,562.85,14.02,24.35,23.33,1,1,1.0
410,25,640.3,19.64,21.4,17.88,1,1,0.9788
410,26,586.4,163.47,100.75,92.99,1,1,1.0
410,27,781.1,330.57,146.05,147.0,1,1,1.0
410,28,610.55,23.11,24.85,17.01,1,1,0.0678
410,29,481.68,45.35,28.07,29.47,1,1,1.0
410,30,540.7,70.96,38.05,33.89,1,1,1.0
410,31,695.4,52.7,34.5,26.44,1,1,1.0
410,32,743.95,48.64,42.05,31.72,1,1,1.0
410,33,541.8,41.88,28.9,23.68,1,1,1.0
410,34,769.75,91.99,55.9,38.3,1,1,1.0
410,35,524.75,33.14,24.4,23.33,1,1,0.8117
410,36,577.8,33.58,26.3,22.2,1,1,1.0
410,37,810.85,170.48,97.15,63.83,1,1,0.4854
410,38,873.15,119.25,73.7,50.32,1,1,1.0
410,39,563.35,14.28,24.45,23.33,1,1,1.0
411,25,640.4,19.56,20.55,18.14,1,1,0.9791
411,26,589.15,167.54,101.9,94.11,1,1,1.0
411,27,793.75,345.46,139.45,142.41,1,1,1.0
411,28,610.45,22.85,24.35,17.44,1,1,0.0662
411,29,481.5,46.04,28.7,29.39,1,1,1.0
411,30,540.85,71.82,38.25,35.1,1,1,1.0
411,31,694.55,52.44,33.7,25.92,1,1,1.0
411,32,742.35,48.46,41.5,30.77,1,1,1.0
411,33,542.6,42.75,28.15,24.02,1,1,1.0
411,34,767.4,91.04,55.7,38.21,1,1,1.0
411,35,525.1,33.58,24.4,23.85,1,1,0.826
411,36,578.75,34.44,26.65,22.63,1,1,1.0
411,37,807.6,167.02,94.1,62.27,1,1,0.4865
411,38,869.35,118.04,74.25,49.28,1,1,1.0
411,39,563.9,14.54,24.5,23.33,1,1,1.0
412,25,640.45,19.47,19.7,18.39,1,1,0.9766
412,26,591.9,171.6,103.05,95.25,1,1,1.0
412,27,806.35,360.35,132.9,137.82,1,1,1.0
412,28,610.35,22.59,23.85,17.88,1,1,0.0
412,29,481.32,46.73,29.33,29.3,1,1,1.0
412,30,541.05,72.69,38.35,36.31,1,1,1.0
412,31,693.7,52.18,32.95,25.4,1,1,1.0
412,32,740.7,48.29,40.95,29.82,1,1,1.0
412,33,543.4,43.62,27.45,24.36,1,1,1.0
412,34,765.1,90.08,55.5,38.12,1,1,1.0
412,35,525.45,34.01,24.4,24.36,1,1,0.8399
412,36,579.7,35.31,27.0,23.07,1,1,1.0
412,37,804.3,163.56,91.1,60.71,1,1,0.5051
412,38,865.55,116.83,74.75,48.24,1,1,1.0
412,39,564.4,14.8,24.65,23.33,1,1,1.0
413,25,640.55,19.38,18.85,18.65,1,1,0.9742
413,26,594.7,175.68,104.15,96.36,1,1,1.0
413,27,819.0,375.23,126.3,133.22,1,1,1.0
413,28,610.25,22.33,23.35,18.31,1,1,0.0257
413,29,481.15,47.42,29.9,29.21,1,1,1.0
413,30,541.2,73.56,38.55,37.52,1,1,1.0
413,31,692.85,51.92,32.15,24.88,1,1,1.0
413,32,739.05,48.12,40.45,28.86,1,1,1.0
413,33,544.15,44.48,26.8,24.71,1,1,1.0
413,34,762.75,89.14,55.35,38.04,1,1,1.0
413,35,525.8,34.44,24.35,24.88,1,1,0.853
413,36,580.65,36.17,27.35,23.5,1,1,1.0
413,37,801.0,160.1,88.05,59.15,1,1,0.5421
413,38,861.75,115.61,75.25,47.21,1,1,1.0
413,39,564.9,15.06,24.75,23.33,1,1,1.0
414,25,640.65,19.3,17.95,18.91,1,1,0.9717
414,26,597.45,179.74,105.3,97.49,1,1,1.0
414,27,831.65,390.12,129.35,128.63,1,1,1.0
414,28,610.2,22.07,22.8,18.74,1,1,0.0
414,29,480.98,48.12,30.52,29.12,1,1,1.0
414,30,541.4,74.42,38.7,38.74,1,1,1.0
414,31,691.95,51.66,31.4,24.36,1,1,1.0
414,32,737.4,47.94,39.95,27.91,1,1,1.0
414,33,544.95,45.35,26.1,25.06,1,1,1.0
414,34,760.4,88.18,55.2,37.96,1,1,1.0
414,35,526.15,34.88,24.35,25.4,1,1,0.866
414,36,581.65,37.04,27.65,23.93,1,1,1.0
414,37,797.7,156.63,85.05,57.6,1,1,0.5215
414,38,857.95,114.41,75.75,46.16,1,1,1.0
414,39,565.45,15.32,24.8,23.33,1,1,1.0
415,25,640.75,19.21,17.1,19.17,1,1,1.0
415,26,600.25,183.81,106.4,98.62,1,1,1.0
415,27,844.25,405.0,116.75,124.05,1,1,1.0
415,28,610.1,21.81,22.3,19.17,1,1,0.01
415,29,480.81,48.81,31.09,29.04,1,1,1.0
415,30,541.55,75.29,38.9,39.94,1,1,1.0
415,31,691.1,51.4,30.6,23.84,1,1,1.0
415,32,735.75,47.77,39.4,26.96,1,1,1.0
415,33,545.7,46.21,25.4,25.4,1,1,1.0
415,34,758.1,87.23,55.0,37.87,1,1,1.0
415,35,526.5,35.31,24.35,25.92,1,1,0.8775
415,36,582.6,37.9,28.0,24.37,1,1,1.0
415,37,794.4,153.18,82.0,56.03,1,1,0.5663
415,38,854.15,113.19,76.25,45.13,1,1,1.0
415,39,565.95,15.58,24.9,23.33,1,1,1.0
416,25,639.7,18.78,17.95,19.52,1,1,0.9974
416,26,602.85,187.35,109.0,101.57,1,1,1.0
416,28,609.6,21.03,21.9,18.91,1,1,0.0903
416,29,480.63,48.98,30.87,28.69,1,1,1.0
416,30,541.2,75.81,40.05,40.72,1,1,1.0
416,31,690.15,50.71,31.2,23.94,1,1,1.0
416,32,734.35,46.47,39.45,27.91,1,1,1.0
416,33,545.45,46.04,26.2,26.18,1,1,1.0
416,34,756.15,86.54,54.7,36.74,1,1,1.0
416,35,526.4,35.74,24.3,25.23,1,1,0.8721
416,36,582.9,38.08,27.6,24.19,1,1,1.0
416,37,790.1,150.75,81.3,55.52,1,1,0.5637
416,38,851.55,111.64,74.3,44.79,1,1,1.0
416,39,565.95,15.66,24.65,23.76,1,1,1.0
417,25,638.65,18.35,18.85,19.87,1,1,0.9743
417,26,605.4,190.91,111.6,104.49,1,1,1.0
417,28,609.05,20.25,21.6,18.65,1,1,0.044
417,29,480.46,49.15,30.59,28.35,1,1,1.0
417,30,540.85,76.32,41.15,41.5,1,1,1.0
417,31,689.2,50.02,31.8,24.02,1,1,1.0
417,32,733.0,45.17,39.4,28.87,1,1,1.0
417,33,545.2,45.86,26.95,26.96,1,1,1.0
417,34,754.25,85.84,54.35,35.62,1,1,1.0
417,35,526.35,36.17,24.15,24.54,1,1,0.8672
417,36,583.25,38.25,27.15,24.02,1,1,1.0
417,37,785.75,148.32,80.65,55.0,1,1,0.5656
417,38,848.95,110.08,72.3,44.44,1,1,1.0
417,39,565.95,15.75,24.4,24.19,1,1,1.0
418,25,637.6,17.91,19.7,20.21,1,1,0.9991
418,26,608.0,194.45,114.2,107.44,1,1,1.0
418,28,608.55,19.47,21.25,18.39,1,1,0.0288
418,29,480.29,49.33,30.36,28.0,1,1,1.0
418,30,540.5,76.84,42.3,42.28,1,1,1.0
418,31,688.25,49.33,32.4,24.11,1,1,1.0
418,32,731.6,43.88,39.4,29.82,1,1,1.0
418,33,544.95,45.69,27.7,27.74,1,1,1.0
418,34,752.35,85.16,54.0,34.49,1,1,1.0
418,35,526.25,36.61,24.1,23.84,1,1,0.8613
418,36,583.6,38.42,26.7,23.85,1,1,1.0
418,37,781.45,145.91,79.9,54.47,1,1,0.5454
418,38,846.35,108.52,70.3,44.1,1,1,1.0
418,39,565.95,15.84,24.1,24.63,1,1,1.0
419,25,636.6,17.48,20.55,20.56,1,1,0.9788
419,26,610.6,198.0,116.8,110.38,1,1,1.0
419,28,608.0,18.69,20.9,18.14,1,1,0.0
419,29,480.12,49.5,30.08,27.66,1,1,1.0
419,30,540.15,77.36,43.45,43.06,1,1,1.0
419,31,687.3,48.64,33.0,24.19,1,1,1.0
419,32,730.2,42.58,39.45,30.77,1,1,1.0
419,33,544.65,45.52,28.55,28.52,1,1,1.0
419,34,750.45,84.46,53.65,33.37,1,1,1.0
419,35,526.15,37.04,24.0,23.15,1,1,0.8548
419,36,583.95,38.6,26.3,23.67,1,1,1.0
419,37,777.1,143.48,79.25,53.96,1,1,0.5302
419,38,843.75,106.96,68.35,43.75,1,1,1.0
419,39,565.95,15.92,23.85,25.06,1,1,1.0
420,25,635.55,17.05,21.4,20.9,1,1,0.9782
420,26,613.2,201.55,119.4,113.33,1,1,1.0
420,28,607.5,17.91,20.55,17.88,1,1,0.0291
420,29,479.94,49.67,29.81,27.31,1,1,1.0
420,30,539.85,77.89,44.5,43.84,1,1,1.0
420,31,686.35,47.94,33.6,24.28,1,1,1.0
420,32,728.85,41.28,39.4,31.72,1,1,1.0
420,33,544.4,45.35,29.3,29.3,1,1,1.0
420,34,748.55,83.77,53.3,32.24,1,1,1.0
420,35,526.05,37.47,23.95,22.46,1,1,0.8481
420,36,584.3,38.77,25.85,23.5,1,1,1.0
420,37,772.8,141.06,78.55,53.44,1,1,0.5039
420,38,841.15,105.41,66.35,43.4,1,1,1.0
420,39,565.95,16.01,23.6,25.49,1,1,1.0
421,25,634.5,16.62,22.3,21.25,1,1,0.9823
421,26,615.8,205.1,122.0,116.27,1,1,1.0
421,28,607.0,17.13,20.2,17.62,1,1,0.1056
421,29,479.77,49.85,29.58,26.96,1,1,1.0
421,30,539.5,78.4,45.65,44.62,1,1,1.0
421,31,685.4,47.25,34.2,24.36,1,1,1.0
421,32,727.45,39.98,39.4,32.67,1,1,1.0
421,33,544.15,45.17,30.1,30.08,1,1,1.0
421,34,746.65,83.08,52.95,31.12,1,1,1.0
421,35,526.0,37.9,23.85,21.77,1,1,0.8408
421,36,584.65,38.94,25.4,23.33,1,1,1.0
421,37,768.45,138.63,77.85,52.93,1,1,0.4725
421,38,838.55,103.85,64.35,43.06,1,1,1.0
421,39,565.95,16.1,23.35,25.92,1,1,1.0
421,40,889.95,225.87,71.05,82.51,1,1,0.3556
422,26,618.5,208.56,125.15,121.63,1,1,1.0
422,29,479.51,49.76,29.29,26.88,1,1,1.0
422,30,539.05,79.53,46.1,43.58,1,1,1.0
422,31,684.15,46.12,34.1,24.54,1,1,1.0
422,32,726.25,39.12,38.7,32.07,1,1,1.0
422,33,543.9,45.26,30.05,30.25,1,1,1.0
422,34,745.25,81.26,51.65,31.12,1,1,1.0
422,35,525.7,37.38,24.05,22.8,1,1,0.8408
422,36,585.35,38.94,25.3,23.76,1,1,1.0
422,37,765.6,135.09,76.55,52.92,1,1,0.4711
422,38,835.6,101.77,64.8,42.71,1,1,1.0
422,39,565.25,16.27,24.8,25.32,1,1,1.0
422,40,883.9,220.16,77.1,82.26,1,1,0.404
423,26,621.15,212.02,128.4,127.0,1,1,1.0
423,29,479.25,49.67,29.05,26.79,1,1,1.0
423,30,538.6,80.66,46.55,42.54,1,1,1.0
423,31,682.95,45.0,33.9,24.71,1,1,1.0
423,32,725.0,38.25,38.05,31.46,1,1,1.0
423,33,543.65,45.35,30.05,30.42,1,1,1.0
423,34,743.9,79.44,50.3,31.12,1,1,1.0
423,35,525.45,36.86,24.2,23.84,1,1,0.8402
423,36,586.05,38.94,25.2,24.19,1,1,1.0
423,37,762.75,131.54,75.25,52.92,1,1,0.5022
423,38,832.65,99.69,65.25,42.37,1,1,1.0
423,39,564.6,16.44,26.25,24.71,1,1,1.0
423,40,877.85,214.44,83.15,82.0,1,1,0.4454
424,26,623.85,215.48,131.6,132.37,1,1,1.0
424,29,478.99,49.59,28.76,26.7,1,1,1.0
424,30,538.2,81.78,46.95,41.5,1,1,1.0
424,31,681.75,43.88,33.7,24.88,1,1,1.0
424,32,723.8,37.38,37.35,30.86,1,1,1.0
424,33,543.4,45.43,30.05,30.6,1,1,1.0
424,34,742.5,77.62,49.05,31.12,1,1,1.0
424,35,525.2,36.35,24.35,24.88,1,1,0.8397
424,36,586.75,38.94,25.15,24.62,1,1,1.0
424,37,759.9,127.99,73.95,52.92,1,1,0.4878
424,38,829.75,97.62,65.65,42.02,1,1,1.0
424,39,563.9,16.62,27.75,24.1,1,1,1.0
424,40,871.8,208.73,89.2,81.74,1,1,0.4811
425,26,626.55,218.94,134.8,137.74,1,1,1.0
425,29,478.73,49.5,28.52,26.62,1,1,1.0
425,30,537.75,82.9,47.4,40.46,1,1,1.0
425,31,680.55,42.75,33.55,25.06,1,1,1.0
425,32,722.6,36.52,36.65,30.25,1,1,1.0
425,33,543.1,45.52,30.1,30.77,1,1,1.0
425,34,741.1,75.81,47.75,31.12,1,1,1.0
425,35,524.95,35.83,24.55,25.92,1,1,0.8368
425,36,587.4,38.94,25.1,25.06,1,1,1.0
425,37,757.05,124.44,72.65,52.93,1,1,0.5436
425,38,826.8,95.54,66.05,41.67,1,1,1.0
425,39,563.2,16.79,29.2,23.5,1,1,1.0
425,40,865.75,203.02,95.25,81.48,1,1,0.5435
426,26,629.2,222.41,138.0,143.09,1,1,1.0
426,29,478.47,49.41,28.28,26.53,1,1,1.0
426,30,537.3,84.03,47.85,39.42,1,1,1.0
426,31,679.35,41.62,33.35,25.23,1,1,1.0
426,32,721.4,35.65,35.95,29.65,1,1,1.0
426,33,542.85,45.61,30.1,30.94,1,1,1.0
426,34,739.75,73.99,46.4,31.12,1,1,1.0
426,35,524.7,35.31,24.7,26.96,1,1,0.8361
426,36,588.1,38.94,25.0,25.49,1,1,1.0
426,37,754.2,120.9,71.35,52.92,1,1,0.5064
426,38,823.85,93.46,66.5,41.33,1,1,1.0
426,39,562.5,16.96,30.7,22.89,1,1,1.0
426,40,859.65,197.31,101.35,81.22,1,1,0.5694
427,26,631.9,225.87,141.2,148.45,1,1,1.0
427,29,478.21,49.33,27.99,26.44,1,1,1.0
427,30,536.9,85.16,48.25,38.38,1,1,1.0
427,31,678.1,40.5,33.2,25.4,1,1,1.0
427,32,720.15,34.79,35.3,29.04,1,1,1.0
427,33,542.6,45.69,30.05,31.12,1,1,1.0
427,34,738.35,72.18,45.15,31.12,1,1,1.0
427,35,524.4,34.79,24.9,28.0,1,1,0.8357
427,36,588.8,38.94,24.9,25.92,1,1,1.0
427,37,751.35,117.35,70.05,52.92,1,1,0.5148
427,38,820.9,91.38,66.95,40.98,1,1,1.0
427,39,561.8,17.13,32.15,22.29,1,1,1.0
427,40,853.6,191.6,107.4,80.96,1,1,0.5921
428,26,636.3,233.4,145.95,151.83,1,1,1.0
428,29,477.69,48.89,27.91,27.05,1,1,1.0
428,30,537.05,85.42,48.1,40.72,1,1,1.0
428,31,676.9,39.72,33.3,25.84,1,1,1.0
428,32,719.5,34.1,34.75,28.78,1,1,1.0
428,33,542.4,46.04,30.95,31.03,1,1,1.0
428,34,736.8,70.96,44.35,31.55,1,1,1.0
428,35,524.15,35.31,25.7,27.31,1,1,0.824
428,36,588.45,39.2,26.55,26.79,1,1,1.0
428,37,748.3,114.83,70.5,52.41,1,1,0.5282
428,38,819.5,89.66,64.3,41.16,1,1,1.0
428,39,562.15,16.7,32.15,23.41,1,1,1.0
428,40,847.15,186.23,101.55,81.4,1,1,0.5675
429,26,640.75,240.93,150.7,155.2,1,1,1.0
429,29,477.18,48.46,27.82,27.65,1,1,1.0
429,30,537.25,85.68,47.9,43.06,1,1,1.0
429,31,675.7,38.94,33.35,26.27,1,1,1.0
429,32,718.8,33.4,34.2,28.52,1,1,1.0
429,33,542.25,46.38,31.8,30.94,1,1,1.0
429,34,735.25,69.75,43.55,31.98,1,1,1.0
429,35,523.9,35.83,26.45,26.61,1,1,0.8153
429,36,588.1,39.46,28.2,27.65,1,1,1.0
429,37,745.25,112.33,70.95,51.88,1,1,0.5573
429,38,818.15,87.92,61.55,41.32,1,1,1.0
429,39,562.5,16.27,32.15,24.54,1,1,1.0
429,40,840.65,180.87,101.9,81.82,1,1,0.5489
430,26,645.15,248.45,155.45,158.59,1,1,1.0
430,29,476.65,48.03,27.75,28.26,1,1,1.0
430,30,537.4,85.94,47.75,45.38,1,1,1.0
430,31,674.5,38.16,33.45,26.7,1,1,1.0
430,32,718.1,32.71,33.7,28.26,1,1,1.0
430,33,542.1,46.73,32.65,30.85,1,1,1.0
430,34,733.65,68.54,42.8,32.41,1,1,1.0
430,35,523.65,36.35,27.2,25.92,1,1,0.8072
430,36,587.75,39.72,29.85,28.52,1,1,1.0
430,37,742.25,109.82,71.35,51.37,1,1,0.5238
430,38,816.75,86.19,58.9,41.5,1,1,1.0
430,39,562.85,15.84,32.15,25.66,1,1,1.0
430,40,834.15,175.5,102.25,82.26,1,1,0.5272
431,26,649.55,255.98,160.25,161.96,1,1,1.0
431,29,476.13,47.6,27.67,28.86,1,1,1.0
431,30,537.6,86.19,47.55,47.74,1,1,1.0
431,31,673.25,37.38,33.55,27.14,1,1,1.0
431,32,717.4,32.02,33.2,28.0,1,1,1.0
431,33,541.9,47.08,33.55,30.77,1,1,1.0
431,34,732.1,67.32,42.05,32.85,1,1,1.0
431,35,523.4,36.86,28.0,25.23,1,1,0.798
431,36,587.4,39.98,31.5,29.38,1,1,1.0
431,37,739.2,107.31,71.8,50.85,1,1,0.5543
431,38,815.35,84.46,56.25,41.68,1,1,1.0
431,39,563.2,15.4,32.15,26.79,1,1,1.0
431,40,827.65,170.13,102.6,82.69,1,1,0.5379
432,26,653.95,263.51,165.0,165.34,1,1,1.0
432,29,475.62,47.16,27.58,29.47,1,1,1.0
432,30,537.75,86.45,47.4,50.07,1,1,1.0
432,31,672.05,36.61,33.65,27.57,1,1,1.0
432,32,716.7,31.33,32.7,27.74,1,1,1.0
432,33,541.75,47.42,34.4,30.68,1,1,1.0
432,34,730.55,66.11,41.25,33.28,1,1,1.0
432,35,523.15,37.38,28.75,24.54,1,1,0.7914
432,36,587.1,40.24,33.1,30.25,1,1,1.0
432,37,736.2,104.8,72.2,50.33,1,1,0.5438
432,38,814.0,82.73,53.5,41.85,1,1,1.0
432,39,563.55,14.97,32.15,27.91,1,1,1.0
432,40,821.15,164.77,102.95,83.13,1,1,0.5197
433,26,658.4,271.04,169.75,168.71,1,1,1.0
433,29,475.1,46.73,27.5,30.08,1,1,1.0
433,30,537.9,86.71,47.25,52.41,1,1,1.0
433,31,670.85,35.83,33.7,28.0,1,1,1.0
433,32,716.0,30.63,32.15,27.48,1,1,1.0
433,33,541.55,47.77,35.3,30.6,1,1,1.0
433,34,729.0,64.9,40.45,33.71,1,1,1.0
433,35,522.85,37.9,29.55,23.85,1,1,0.7847
433,36,586.75,40.5,34.75,31.12,1,1,1.0
433,37,733.15,102.29,72.65,49.81,1,1,0.5511
433,38,812.6,81.0,50.85,42.02,1,1,1.0
433,39,563.9,14.54,32.15,29.04,1,1,1.0
433,40,814.65,159.41,103.3,83.55,1,1,0.489
434,26,663.25,279.08,176.9,175.04,1,1,1.0
434,29,473.45,46.3,28.85,29.99,1,1,1.0
434,30,537.3,87.66,48.35,52.32,1,1,1.0
434,31,670.6,35.05,32.55,26.88,1,1,1.0
434,32,713.95,29.25,33.25,28.18,1,1,1.0
434,33,541.3,47.51,35.55,30.42,1,1,1.0
434,34,727.2,63.52,40.8,33.19,1,1,1.0
434,35,523.2,37.47,29.05,24.45,1,1,0.7778
434,36,587.35,40.67,34.15,30.77,1,1,1.0
434,37,730.75,100.82,71.4,48.68,1,1,0.567
434,38,809.15,79.36,51.35,41.94,1,1,1.0
434,39,563.8,13.93,32.5,29.39,1,1,1.0
434,40,810.15,156.72,101.95,80.62,1,1,0.5225
435,26,668.1,287.13,184.1,181.35,1,1,1.0
435,29,471.81,45.86,30.24,29.9,1,1,1.0
435,30,536.7,88.62,49.45,52.24,1,1,1.0
435,31,670.35,34.27,31.45,25.75,1,1,1.0
435,32,711.85,27.87,34.4,28.86,1,1,1.0
435,33,541.05,47.25,35.8,30.25,1,1,1.0
435,34,725.35,62.14,41.15,32.67,1,1,1.0
435,35,523.55,37.04,28.55,25.06,1,1,0.7707
435,36,587.95,40.85,33.55,30.42,1,1,1.0
435,37,728.3,99.34,70.25,47.56,1,1,0.5283
435,38,805.65,77.71,51.9,41.85,1,1,1.0
435,39,563.7,13.33,32.85,29.73,1,1,1.0
435,40,805.65,154.04,100.55,77.67,1,1,0.5422
436,26,672.9,295.19,191.3,187.66,1,1,1.0
436,29,470.17,45.43,31.63,29.82,1,1,1.0
436,30,536.1,89.56,50.6,52.14,1,1,1.0
436,31,670.05,33.49,30.35,24.62,1,1,1.0
436,32,709.8,26.48,35.5,29.56,1,1,1.0
436,33,540.8,46.99,36.05,30.08,1,1,1.0
436,34,723.55,60.75,41.5,32.16,1,1,1.0
436,35,523.9,36.61,28.0,25.66,1,1,0.764
436,36,588.55,41.02,32.95,30.08,1,1,1.0
436,37,725.9,97.88,69.0,46.44,1,1,0.49
436,38,802.2,76.06,52.4,41.76,1,1,1.0
436,39,563.65,12.72,33.15,30.08,1,1,1.0
436,40,801.15,151.35,99.15,74.74,1,1,0.511
437,26,677.75,303.23,198.5,193.98,1,1,1.0
437,29,468.52,45.0,33.03,29.73,1,1,1.0
437,30,535.5,90.52,51.7,52.05,1,1,1.0
437,31,669.8,32.71,29.2,23.5,1,1,1.0
437,32,707.7,25.1,36.65,30.25,1,1,1.0
437,33,540.5,46.73,36.35,29.9,1,1,1.0
437,34,721.75,59.36,41.85,31.64,1,1,1.0
437,35,524.25,36.17,27.5,26.27,1,1,0.7553
437,36,589.15,41.19,32.35,29.73,1,1,1.0
437,37,723.45,96.4,67.8,45.3,1,1,0.5328
437,38,798.75,74.42,52.9,41.68,1,1,1.0
437,39,563.55,12.12,33.55,30.42,1,1,1.0
437,40,796.65,148.68,97.75,71.78,1,1,0.5005
438,26,682.6,311.28,205.7,200.32,1,1,1.0
438,29,466.88,44.57,34.42,29.64,1,1,1.0
438,30,534.9,91.47,52.85,51.97,1,1,1.0
438,31,669.55,31.93,28.1,22.38,1,1,1.0
438,32,705.65,23.71,37.75,30.94,1,1,1.0
438,33,540.25,46.47,36.6,29.73,1,1,1.0
438,34,719.9,57.98,42.2,31.12,1,1,1.0
438,35,524.6,35.74,26.95,26.88,1,1,0.7481
438,36,589.75,41.36,31.75,29.38,1,1,1.0
438,37,721.05,94.94,66.6,44.18,1,1,0.5626
438,38,795.3,72.78,53.45,41.58,1,1,1.0
438,39,563.45,11.51,33.9,30.77,1,1,1.0
438,40,792.15,145.99,96.4,68.85,1,1,0.5339
439,26,687.45,319.32,212.85,206.63,1,1,1.0
439,29,465.23,44.14,35.77,29.56,1,1,1.0
439,30,534.3,92.42,53.95,51.88,1,1,1.0
439,31,669.3,31.15,26.95,21.25,1,1,1.0
439,32,703.55,22.33,38.9,31.63,1,1,1.0
439,33,540.0,46.21,36.85,29.56,1,1,1.0
439,34,718.1,56.6,42.55,30.6,1,1,1.0
439,35,524.95,35.31,26.45,27.48,1,1,0.74
439,36,590.35,41.54,31.15,29.04,1,1,1.0
439,37,718.6,93.46,65.4,43.06,1,1,0.5335
439,38,791.85,71.14,53.95,41.5,1,1,1.0
439,39,563.35,10.9,34.25,31.12,1,1,1.0
439,40,787.65,143.31,95.0,65.9,1,1,0.5721
439,41,899.3,136.56,61.7,61.75,1,1,1.0
440,26,698.95,332.05,208.35,194.95,1,1,1.0
440,29,464.88,44.39,36.12,30.08,1,1,1.0
440,30,534.7,94.32,54.35,51.88,1,1,1.0
440,31,668.0,30.72,27.4,22.03,1,1,1.0
440,32,702.95,22.59,38.05,30.25,1,1,1.0
440,33,540.7,47.42,36.15,29.64,1,1,1.0
440,34,716.35,56.6,42.8,29.64,1,1,1.0
440,35,524.85,36.0,26.95,27.48,1,1,0.7593
440,36,590.95,42.75,30.9,28.78,1,1,1.0
440,37,717.65,93.12,63.15,41.32,1,1,0.5684
440,38,790.35,70.44,53.0,40.73,1,1,1.0
440,39,564.25,11.77,33.5,31.03,1,1,1.0
440,40,784.3,141.15,92.3,64.26,1,1,0.5665
440,41,895.85,134.4,65.15,62.35,1,1,1.0
441,26,710.5,344.77,203.85,183.23,1,1,1.0
441,29,464.54,44.65,36.46,30.6,1,1,1.0
441,30,535.15,96.23,54.65,51.89,1,1,1.0
441,31,666.7,30.29,27.8,22.81,1,1,1.0
441,32,702.35,22.85,37.15,28.86,1,1,1.0
441,33,541.4,48.64,35.45,29.73,1,1,1.0
441,34,714.65,56.6,43.05,28.7,1,1,1.0
441,35,524.75,36.69,27.5,27.48,1,1,0.7769
441,36,591.6,43.96,30.55,28.52,1,1,1.0
441,37,716.7,92.77,60.9,39.6,1,1,0.5429
441,38,788.9,69.75,52.05,39.94,1,1,1.0
441,39,565.1,12.63,32.85,30.94,1,1,1.0
441,40,780.9,138.98,89.65,62.62,1,1,0.594
441,41,892.4,132.23,68.6,62.96,1,1,1.0
442,26,722.0,357.49,199.35,171.56,1,1,1.0
442,29,464.19,44.91,36.81,31.12,1,1,1.0
442,30,535.6,98.14,55.0,51.88,1,1,1.0
442,31,665.4,29.86,28.25,23.58,1,1,1.0
442,32,701.75,23.11,36.3,27.48,1,1,1.0
442,33,542.1,49.85,34.75,29.82,1,1,1.0
442,34,712.9,56.6,43.3,27.74,1,1,1.0
442,35,524.7,37.38,28.0,27.48,1,1,0.7931
442,36,592.2,45.17,30.3,28.26,1,1,1.0
442,37,715.75,92.42,58.65,37.86,1,1,0.6093
442,38,787.4,69.06,51.1,39.16,1,1,1.0
442,39,565.95,13.5,32.15,30.86,1,1,1.0
442,40,777.55,136.82,86.95,60.97,1,1,0.5622
442,41,888.9,130.07,72.1,63.56,1,1,1.0
443,26,733.5,370.21,194.85,159.89,1,1,1.0
443,29,463.85,45.17,37.15,31.64,1,1,1.0
443,30,536.0,100.04,55.35,51.89,1,1,1.0
443,31,664.1,29.42,28.7,24.37,1,1,1.0
443,32,701.15,23.37,35.45,26.1,1,1,1.0
443,33,542.75,51.06,34.1,29.9,1,1,1.0
443,34,711.15,56.6,43.6,26.79,1,1,1.0
443,35,524.6,38.08,28.5,27.48,1,1,0.8084
443,36,592.8,46.38,30.05,28.0,1,1,1.0
443,37,714.8,92.08,56.4,36.14,1,1,0.6317
443,38,785.95,68.36,50.15,38.38,1,1,1.0
443,39,566.85,14.37,31.45,30.77,1,1,1.0
443,40,774.15,134.66,84.25,59.32,1,1,0.5561
443,41,885.45,127.91,75.55,64.16,1,1,1.0
444,26,745.0,382.94,190.35,148.21,1,1,1.0
444,29,463.5,45.43,37.5,32.15,1,1,1.0
444,30,536.45,101.94,55.7,51.88,1,1,1.0
444,31,662.8,28.99,29.1,25.14,1,1,1.0
444,32,700.55,23.62,34.55,24.71,1,1,1.0
444,33,543.45,52.27,33.4,29.99,1,1,1.0
444,34,709.45,56.6,43.85,25.84,1,1,1.0
444,35,524.5,38.77,29.05,27.48,1,1,0.8231
444,36,593.4,47.6,29.8,27.74,1,1,1.0
444,37,713.85,91.73,54.15,34.41,1,1,0.6554
444,38,784.45,67.68,49.2,37.6,1,1,1.0
444,39,567.7,15.23,30.75,30.68,1,1,1.0
444,40,770.8,132.49,81.55,57.69,1,1,0.5815
444,41,882.0,125.74,79.0,64.78,1,1,1.0
445,26,756.5,395.65,185.85,136.5,1,1,1.0
445,29,463.15,45.69,37.85,32.67,1,1,1.0
445,30,536.9,103.85,56.0,51.88,1,1,1.0
445,31,661.5,28.56,29.55,25.92,1,1,1.0
445,32,699.9,23.88,33.75,23.33,1,1,1.0
445,33,544.15,53.48,32.7,30.08,1,1,1.0
445,34,707.7,56.6,44.1,24.88,1,1,1.0
445,35,524.4,39.46,29.6,27.48,1,1,0.837
445,36,594.0,48.81,29.55,27.48,1,1,1.0
445,37,712.9,91.38,51.9,32.67,1,1,0.6806
445,38,783.0,66.98,48.25,36.83,1,1,1.0
445,39,568.55,16.1,30.1,30.6,1,1,1.0
445,40,767.4,130.32,78.9,56.05,1,1,0.5749
445,41,878.55,123.58,82.45,65.38,1,1,1.0
446,29,462.46,46.12,37.69,32.67,1,1,1.0
446,30,537.25,105.75,56.55,52.66,1,1,1.0
446,31,660.1,28.21,30.45,25.84,1,1,1.0
446,32,698.65,23.8,33.5,23.41,1,1,1.0
446,33,543.65,54.44,33.7,30.25,1,1,1.0
446,34,706.85,55.47,42.9,24.97,1,1,1.0
446,35,524.5,40.33,29.75,27.48,1,1,0.8266
446,36,594.85,49.5,29.75,28.52,1,1,1.0
446,37,710.85,89.66,51.85,32.84,1,1,0.6991
446,38,780.85,66.11,50.05,37.34,1,1,1.0
446,39,568.8,17.05,30.0,30.34,1,1,1.0
446,40,764.65,127.82,77.75,56.21,1,1,0.5793
446,41,874.65,122.28,86.35,64.0,1,1,1.0
447,29,461.77,46.56,37.52,32.67,1,1,1.0
447,30,537.6,107.66,57.05,53.44,1,1,1.0
447,31,658.75,27.87,31.25,25.75,1,1,1.0
447,32,697.35,23.71,33.35,23.5,1,1,1.0
447,33,543.1,55.38,34.75,30.42,1,1,1.0
447,34,706.0,54.34,41.65,25.06,1,1,1.0
447,35,524.6,41.19,29.9,27.48,1,1,0.8156
447,36,595.75,50.19,29.9,29.56,1,1,1.0
447,37,708.75,87.92,51.9,33.02,1,1,0.6945
447,38,778.65,65.25,51.9,37.86,1,1,1.0
447,39,569.1,18.0,29.9,30.08,1,1,1.0
447,40,761.9,125.31,76.6,56.38,1,1,0.5973
447,41,870.75,120.98,76.1,62.62,1,1,1.0
448,29,461.07,46.99,37.36,32.67,1,1,1.0
448,30,537.9,109.56,57.6,54.22,1,1,1.0
448,31,657.35,27.52,32.15,25.67,1,1,1.0
448,32,696.05,23.62,33.15,23.59,1,1,1.0
448,33,542.6,56.34,35.8,30.6,1,1,1.0
448,34,705.1,53.22,40.5,25.14,1,1,1.0
448,35,524.7,42.06,30.05,27.48,1,1,0.8057
448,36,596.6,50.88,30.05,30.6,1,1,1.0
448,37,706.65,86.19,51.9,33.2,1,1,0.9212
448,38,776.5,64.39,53.7,38.38,1,1,1.0
448,39,569.35,18.95,29.8,29.82,1,1,1.0
448,40,759.1,122.8,75.55,56.55,1,1,0.8546
448,41,866.85,119.69,76.3,61.22,1,1,1.0
449,29,460.38,47.42,37.18,32.67,1,1,1.0
449,30,538.25,111.46,58.15,55.0,1,1,1.0
449,31,655.95,27.17,33.05,25.58,1,1,1.0
449,32,694.75,23.54,33.0,23.67,1,1,1.0
449,33,542.1,57.29,36.8,30.77,1,1,1.0
449,34,704.25,52.1,39.25,25.23,1,1,1.0
449,35,524.75,42.92,30.25,27.48,1,1,0.7965
449,36,597.45,51.58,30.25,31.64,1,1,1.0
449,37,704.6,84.46,51.9,33.37,1,1,0.9016
449,38,774.35,63.52,55.5,38.91,1,1,1.0
449,39,569.6,19.9,29.75,29.56,1,1,1.0
449,40,756.35,120.29,74.4,56.73,1,1,0.8421
449,41,862.95,118.39,76.45,59.84,1,1,1.0
450,29,459.69,47.86,37.0,32.67,1,1,1.0
450,30,538.6,113.36,58.65,55.79,1,1,1.0
450,31,654.6,26.83,33.85,25.49,1,1,1.0
450,32,693.45,23.45,32.85,23.76,1,1,1.0
450,33,541.55,58.24,37.85,30.94,1,1,1.0
450,34,703.4,50.97,38.0,25.32,1,1,1.0
450,35,524.85,43.79,30.45,27.48,1,1,0.7859
450,36,598.35,52.27,30.4,32.67,1,1,1.0
450,37,702.5,82.73,51.9,33.54,1,1,0.9263
450,38,772.2,62.66,57.3,39.42,1,1,1.0
450,39,569.85,20.86,29.65,29.3,1,1,1.0
450,40,753.6,117.78,73.25,56.91,1,1,0.853
450,41,859.05,117.08,76.65,58.47,1,1,1.0
451,29,459.0,48.29,36.82,32.67,1,1,1.0
451,30,538.95,115.27,59.15,56.55,1,1,1.0
451,31,653.2,26.48,34.75,25.4,1,1,1.0
451,32,692.15,23.37,32.65,23.85,1,1,1.0
451,33,541.05,59.19,38.9,31.12,1,1,1.0
451,34,702.5,49.85,36.85,25.4,1,1,1.0
451,35,524.95,44.65,30.6,27.48,1,1,0.7768
451,36,599.2,52.96,30.6,33.72,1,1,1.0
451,37,700.45,81.0,51.9,33.71,1,1,0.9232
451,38,770.0,61.79,59.15,39.94,1,1,1.0
451,39,570.1,21.81,29.55,29.04,1,1,1.0
451,40,750.8,115.27,72.15,57.08,1,1,0.8535
451,41,855.15,115.79,76.85,57.08,1,1,1.0
452,29,458.82,48.12,37.7,33.1,1,1,1.0
452,30,538.55,117.52,61.8,58.29,1,1,1.0
452,31,653.35,26.13,34.0,25.15,1,1,1.0
452,32,691.55,22.76,32.5,23.76,1,1,1.0
452,33,541.9,60.06,38.75,31.38,1,1,1.0
452,34,700.9,49.33,37.3,25.49,1,1,1.0
452,35,525.3,45.09,30.15,27.22,1,1,0.7978
452,36,599.55,54.44,31.55,33.02,1,1,1.0
452,37,698.3,79.27,51.95,34.41,1,1,0.9219
452,38,768.4,61.01,56.6,39.08,1,1,1.0
452,39,571.05,21.81,29.65,30.08,1,1,1.0
452,40,747.85,113.54,71.55,56.21,1,1,0.8287
452,41,851.7,113.45,76.65,57.77,1,1,1.0
453,29,458.65,47.94,38.56,33.54,1,1,1.0
453,30,538.1,119.77,64.5,60.02,1,1,1.0
453,31,653.55,25.79,33.2,24.88,1,1,1.0
453,32,690.9,22.15,32.35,23.67,1,1,1.0
453,33,542.75,60.92,38.6,31.64,1,1,1.0
453,34,699.25,48.81,37.85,25.58,1,1,1.0
453,35,525.65,45.52,29.7,26.96,1,1,0.8182
453,36,599.9,55.9,32.5,32.33,1,1,1.0
453,37,696.1,77.54,52.05,35.1,1,1,0.8806
453,38,766.75,60.23,54.1,38.21,1,1,1.0
453,39,572.0,21.81,29.75,31.12,1,1,1.0
453,40,744.9,111.81,70.95,55.35,1,1,0.8419
453,41,848.25,111.11,76.45,58.46,1,1,1.0
454,29,458.48,47.77,39.42,33.97,1,1,1.0
454,30,537.65,122.02,67.2,61.75,1,1,1.0
454,31,653.7,25.44,32.45,24.63,1,1,1.0
454,32,690.3,21.55,32.15,23.59,1,1,1.0
454,33,543.65,61.79,38.35,31.9,1,1,1.0
454,34,697.6,48.29,38.35,25.66,1,1,1.0
454,35,526.0,45.95,29.3,26.7,1,1,0.8382
454,36,600.25,57.38,33.45,31.64,1,1,1.0
454,37,693.95,75.81,52.15,35.79,1,1,0.8955
454,38,765.1,59.45,51.6,37.35,1,1,1.0
454,39,572.95,21.81,29.85,32.15,1,1,1.0
454,40,742.0,110.08,70.3,54.48,1,1,0.814
454,41,844.8,108.78,76.3,59.16,1,1,1.0
455,29,458.31,47.6,40.29,34.4,1,1,1.0
455,30,537.25,124.27,69.85,63.48,1,1,1.0
455,31,653.9,25.1,31.6,24.37,1,1,1.0
455,32,689.7,20.94,32.0,23.5,1,1,1.0
455,33,544.5,62.66,38.2,32.16,1,1,1.0
455,34,695.95,47.77,38.9,25.75,1,1,1.0
455,35,526.35,46.38,28.85,26.44,1,1,0.8573
455,36,600.6,58.84,34.4,30.94,1,1,1.0
455,37,691.8,74.08,52.2,36.48,1,1,0.626
455,38,763.45,58.68,49.1,36.48,1,1,1.0
455,39,573.9,21.81,29.95,33.19,1,1,1.0
455,40,739.05,108.35,69.7,53.61,1,1,0.5669
455,41,841.35,106.44,76.1,59.85,1,1,1.0
456,29,458.13,47.42,41.16,34.84,1,1,1.0
456,30,536.8,126.52,72.55,65.21,1,1,1.0
456,31,654.05,24.75,30.85,24.11,1,1,1.0
456,32,689.1,20.34,31.8,23.41,1,1,1.0
456,33,545.35,63.52,38.05,32.42,1,1,1.0
456,34,694.3,47.25,39.4,25.84,1,1,1.0
456,35,526.65,46.82,28.45,26.18,1,1,0.8759
456,36,600.9,60.32,35.4,30.25,1,1,1.0
456,37,689.65,72.34,52.3,37.17,1,1,0.6569
456,38,761.8,57.9,46.6,35.62,1,1,1.0
456,39,574.9,21.81,29.95,34.23,1,1,1.0
456,40,736.1,106.61,69.1,52.76,1,1,0.5646
456,41,837.85,104.11,75.95,60.54,1,1,1.0
457,29,457.96,47.25,42.02,35.27,1,1,1.0
457,30,536.35,128.77,75.25,66.94,1,1,1.0
457,31,654.25,24.4,30.05,23.85,1,1,1.0
457,32,688.5,19.73,31.65,23.33,1,1,1.0
457,33,546.25,64.39,37.85,32.67,1,1,1.0
457,34,692.65,46.73,39.95,25.92,1,1,1.0
457,35,527.0,47.25,28.0,25.92,1,1,0.894
457,36,601.25,61.79,36.35,29.56,1,1,1.0
457,37,687.45,70.61,52.4,37.86,1,1,0.6175
457,38,760.15,57.12,44.1,34.75,1,1,1.0
457,39,575.85,21.81,30.05,35.27,1,1,1.0
457,40,733.15,104.89,68.5,51.88,1,1,0.5793
457,41,834.4,101.77,75.75,61.23,1,1,1.0
457,42,537.9,14.54,20.75,17.1,1,1,1.0
458,29,458.39,47.08,40.99,35.1,1,1,1.0
458,30,538.0,131.37,73.35,66.85,1,1,1.0
458,31,654.3,24.49,29.05,23.07,1,1,1.0
458,32,687.9,19.64,31.8,22.72,1,1,1.0
458,33,546.65,65.17,37.25,32.41,1,1,1.0
458,34,692.2,46.82,39.35,24.88,1,1,1.0
458,35,527.0,47.94,28.7,26.1,1,1,0.8928
458,36,602.65,62.82,35.95,30.08,1,1,1.0
458,37,686.85,70.1,51.7,36.58,1,1,0.6217
458,38,760.25,57.72,42.55,32.67,1,1,1.0
458,39,576.35,22.67,30.7,35.18,1,1,1.0
458,40,731.85,103.16,66.35,50.75,1,1,0.5201
458,41,832.35,100.04,74.1,61.31,1,1,1.0
458,42,538.1,14.97,21.0,17.36,1,1,1.0
459,29,458.82,46.9,39.95,34.92,1,1,1.0
459,30,539.65,133.96,71.45,66.77,1,1,1.0
459,31,654.4,24.58,28.0,22.29,1,1,1.0
459,32,687.3,19.56,31.95,22.12,1,1,1.0
459,33,547.1,65.94,36.65,32.16,1,1,1.0
459,34,691.8,46.9,38.7,23.85,1,1,1.0
459,35,527.0,48.64,29.4,26.27,1,1,0.892
459,36,604.05,63.86,35.6,30.6,1,1,1.0
459,37,686.25,69.58,51.0,35.28,1,1,0.6029
459,38,760.35,58.32,40.95,30.6,1,1,1.0
459,39,576.85,23.54,31.3,35.1,1,1,1.0
459,40,730.55,101.43,64.2,49.63,1,1,0.5557
459,41,830.25,98.31,72.5,61.4,1,1,1.0
459,42,538.25,15.4,21.25,17.61,1,1,1.0
460,29,459.26,46.73,38.91,34.75,1,1,1.0
460,30,541.3,136.56,69.55,66.68,1,1,1.0
460,31,654.5,24.66,26.95,21.51,1,1,1.0
460,32,686.7,19.47,32.15,21.51,1,1,1.0
460,33,547.55,66.72,36.05,31.9,1,1,1.0
460,34,691.35,46.99,38.15,22.81,1,1,1.0
460,35,527.0,49.33,30.1,26.44,1,1,0.8914
460,36,605.4,64.9,35.3,31.12,1,1,1.0
460,37,685.65,69.06,50.3,33.97,1,1,0.6096
460,38,760.4,58.94,39.45,28.52,1,1,1.0
460,39,577.4,24.4,31.9,35.01,1,1,1.0
460,40,729.25,99.69,62.0,48.51,1,1,0.5825
460,41,828.15,96.58,70.85,61.5,1,1,1.0
460,42,538.45,15.84,21.5,17.88,1,1,1.0
461,29,459.69,46.56,37.87,34.58,1,1,1.0
461,30,542.95,139.16,67.65,66.59,1,1,1.0
461,31,654.6,24.75,25.9,20.73,1,1,1.0
461,32,686.1,19.38,32.3,20.9,1,1,1.0
461,33,547.95,67.5,35.45,31.64,1,1,1.0
461,34,690.9,47.08,37.55,21.77,1,1,1.0
461,35,527.0,50.02,30.8,26.62,1,1,0.8902
461,36,606.8,65.94,34.95,31.64,1,1,1.0
461,37,685.05,68.54,49.6,32.67,1,1,0.676
461,38,760.5,59.54,37.85,26.44,1,1,1.0
461,39,577.9,25.27,32.5,34.92,1,1,1.0
461,40,727.95,97.96,59.85,47.39,1,1,0.5956
461,41,826.1,94.84,69.2,61.58,1,1,1.0
461,42,538.6,16.27,21.8,18.14,1,1,1.0
462,29,460.13,46.38,36.82,34.4,1,1,1.0
462,30,544.6,141.75,65.7,66.51,1,1,1.0
462,31,654.65,24.84,24.9,19.95,1,1,1.0
462,32,685.45,19.3,32.5,20.3,1,1,1.0
462,33,548.4,68.28,34.85,31.38,1,1,1.0
462,34,690.5,47.16,36.9,20.73,1,1,1.0
462,35,527.0,50.71,31.5,26.79,1,1,0.8897
462,36,608.2,66.98,34.55,32.16,1,1,1.0
462,37,684.45,68.02,48.95,31.38,1,1,0.6024
462,38,760.6,60.14,36.3,24.36,1,1,1.0
462,39,578.4,26.13,33.15,34.84,1,1,1.0
462,40,726.65,96.23,57.7,46.26,1,1,0.5848
462,41,824.0,93.12,67.55,61.66,1,1,1.0
462,42,538.8,16.7,22.0,18.39,1,1,1.0
463,29,460.56,46.21,35.79,34.23,1,1,1.0
463,30,546.25,144.35,63.8,66.42,1,1,1.0
463,31,654.75,24.92,23.85,19.17,1,1,1.0
463,32,684.85,19.21,32.7,19.69,1,1,1.0
463,33,548.85,69.06,34.2,31.12,1,1,1.0
463,34,690.05,47.25,36.3,19.69,1,1,1.0
463,35,527.0,51.4,32.15,26.96,1,1,0.8894
463,36,609.6,68.02,34.2,32.67,1,1,1.0
463,37,683.85,67.5,48.25,30.08,1,1,0.6382
463,38,760.65,60.75,34.75,22.29,1,1,1.0
463,39,578.95,27.0,33.7,34.75,1,1,1.0
463,40,725.35,94.5,55.55,45.13,1,1,0.6446
463,41,821.95,91.38,65.9,61.74,1,1,1.0
463,42,538.95,17.13,22.3,18.65,1,1,1.0
464,29,460.21,46.99,35.97,33.8,1,1,1.0
464,30,545.95,147.29,66.6,67.81,1,1,1.0
464,31,654.25,24.58,24.15,19.43,1,1,1.0
464,32,684.95,18.95,31.55,19.87,1,1,1.0
464,33,548.75,69.67,35.5,32.06,1,1,1.0
464,34,690.05,46.47,35.8,20.04,1,1,1.0
464,35,527.3,52.01,32.2,27.82,1,1,0.878
464,36,609.75,69.58,35.7,33.53,1,1,1.0
464,37,683.2,66.9,47.25,29.56,1,1,0.6339
464,38,758.25,59.19,34.6,23.33,1,1,1.0
464,39,579.3,27.69,34.55,35.7,1,1,1.0
464,40,723.1,93.2,55.55,45.49,1,1,0.5749
464,41,819.15,90.6,65.6,60.28,1,1,1.0
464,42,539.05,17.48,22.65,19.09,1,1,1.0
465,29,459.87,47.77,36.13,33.37,1,1,1.0
465,30,545.7,150.23,69.4,69.2,1,1,1.0
465,31,653.7,24.23,24.55,19.69,1,1,1.0
465,32,685.05,18.69,30.4,20.04,1,1,1.0
465,33,548.65,70.27,36.85,33.02,1,1,1.0
465,34,690.05,45.69,35.3,20.38,1,1,1.0
465,35,527.55,52.62,32.3,28.7,1,1,0.8666
465,36,609.9,71.14,37.2,34.4,1,1,1.0
465,37,682.6,66.29,46.2,29.04,1,1,0.618
465,38,755.85,57.64,34.4,24.36,1,1,1.0
465,39,579.65,28.38,35.45,36.66,1,1,1.0
465,40,720.85,91.9,55.55,45.82,1,1,0.6013
465,41,816.4,89.82,65.2,58.8,1,1,1.0
465,42,539.15,17.83,22.95,19.52,1,1,1.0
466,29,459.52,48.55,36.3,32.93,1,1,1.0
466,30,545.45,153.18,72.15,70.57,1,1,1.0
466,31,653.2,23.88,24.9,19.95,1,1,1.0
466,32,685.15,18.43,29.25,20.21,1,1,1.0
466,33,548.55,70.88,38.15,33.98,1,1,1.0
466,34,690.05,44.91,34.75,20.73,1,1,1.0
466,35,527.8,53.22,32.4,29.56,1,1,0.8552
466,36,610.1,72.69,38.65,35.27,1,1,1.0
466,37,682.0,65.68,45.15,28.52,1,1,0.6078
466,38,753.4,56.08,34.25,25.4,1,1,1.0
466,39,580.0,29.08,36.3,37.61,1,1,1.0
466,40,718.6,90.6,55.55,46.18,1,1,0.5093
466,41,813.65,89.05,64.85,57.33,1,1,1.0
466,42,539.2,18.17,23.35,19.95,1,1,1.0
467,29,459.18,49.33,36.47,32.5,1,1,1.0
467,30,545.2,156.12,74.9,71.95,1,1,1.0
467,31,652.65,23.54,25.25,20.21,1,1,1.0
467,32,685.2,18.17,28.2,20.38,1,1,1.0
467,33,548.5,71.48,39.4,34.93,1,1,1.0
467,34,690.05,44.14,34.25,21.08,1,1,1.0
467,35,528.05,53.82,32.5,30.42,1,1,0.8444
467,36,610.25,74.25,40.15,36.14,1,1,1.0
467,37,681.4,65.08,44.1,28.0,1,1,0.6461
467,38,751.0,54.52,34.05,26.44,1,1,1.0
467,39,580.35,29.77,37.15,38.56,1,1,1.0
467,40,716.35,89.31,55.55,46.51,1,1,0.4679
467,41,810.85,88.27,64.55,55.86,1,1,1.0
467,42,539.3,18.52,23.7,20.39,1,1,1.0
468,29,458.82,50.1,36.66,32.07,1,1,1.0
468,30,544.95,159.06,77.65,73.35,1,1,1.0
468,31,652.15,23.19,25.6,20.47,1,1,1.0
468,32,685.3,17.91,27.05,20.56,1,1,1.0
468,33,548.4,72.08,40.7,35.88,1,1,1.0
468,34,690.05,43.36,33.7,21.42,1,1,1.0
468,35,528.3,54.44,32.6,31.28,1,1,0.8329
468,36,610.45,75.81,41.6,37.0,1,1,1.0
468,37,680.8,64.47,43.05,27.48,1,1,0.651
468,38,748.55,52.96,33.9,27.48,1,1,1.0
468,39,580.65,30.46,38.05,39.51,1,1,1.0
468,40,714.1,88.01,55.55,46.87,1,1,0.4521
468,41,808.1,87.49,64.15,54.39,1,1,1.0
468,42,539.4,18.87,24.0,20.82,1,1,1.0
469,29,458.48,50.88,36.83,31.64,1,1,1.0
469,30,544.65,162.0,80.45,74.73,1,1,1.0
469,31,651.65,22.85,25.9,20.73,1,1,1.0
469,32,685.4,17.65,25.9,20.73,1,1,1.0
469,33,548.3,72.69,42.05,36.83,1,1,1.0
469,34,690.05,42.58,33.2,21.77,1,1,1.0
469,35,528.6,55.04,32.65,32.15,1,1,0.8211
469,36,610.6,77.36,43.05,37.86,1,1,1.0
469,37,680.2,63.86,42.0,26.96,1,1,0.6209
469,38,746.15,51.4,33.7,28.52,1,1,1.0
469,39,581.0,31.15,38.9,40.46,1,1,1.0
469,40,711.85,86.71,55.55,47.22,1,1,0.411
469,41,805.35,86.71,63.8,52.92,1,1,1.0
469,42,539.5,19.21,24.35,21.25,1,1,1.0
470,29,458.31,50.8,36.82,32.15,1,1,1.0
470,30,545.55,165.29,80.7,77.41,1,1,1.0
470,31,651.3,22.93,25.5,20.47,1,1,1.0
470,32,684.5,18.09,25.6,20.12,1,1,1.0
470,33,548.2,74.42,42.55,37.26,1,1,1.0
470,34,689.1,42.4,32.85,21.34,1,1,1.0
470,35,527.9,56.25,33.2,31.9,1,1,0.8329
470,36,611.4,78.67,43.25,37.34,1,1,1.0
470,37,679.4,62.92,41.1,27.04,1,1,0.6284
470,38,744.65,50.28,34.05,28.69,1,1,1.0
470,39,581.55,31.24,39.0,40.81,1,1,1.0
470,40,709.8,85.84,54.9,46.18,1,1,0.4229
470,41,802.2,85.42,63.75,52.74,1,1,1.0
470,42,539.85,19.9,24.15,20.99,1,1,1.0
471,29,458.13,50.71,36.83,32.67,1,1,1.0
471,30,546.4,168.57,80.95,80.11,1,1,1.0
471,31,650.95,23.02,25.05,20.21,1,1,1.0
471,32,683.65,18.52,25.25,19.52,1,1,1.0
471,33,548.15,76.16,43.05,37.7,1,1,1.0
471,34,688.15,42.23,32.5,20.9,1,1,1.0
471,35,527.2,57.46,33.7,31.64,1,1,0.8452
471,36,612.15,79.96,43.45,36.83,1,1,1.0
471,37,678.65,61.96,40.1,27.14,1,1,0.6097
471,38,743.2,49.15,34.4,28.87,1,1,1.0
471,39,582.05,31.33,39.1,41.15,1,1,1.0
471,40,707.7,84.98,54.3,45.14,1,1,0.4014
471,41,799.1,84.12,63.65,52.58,1,1,1.0
471,42,540.15,20.6,24.05,20.73,1,1,1.0
472,29,457.96,50.62,36.83,33.19,1,1,1.0
472,30,547.25,171.87,81.25,82.78,1,1,1.0
472,31,650.6,23.11,24.6,19.95,1,1,1.0
472,32,682.8,18.95,24.85,18.91,1,1,1.0
472,33,548.05,77.89,43.6,38.12,1,1,1.0
472,34,687.2,42.06,32.15,20.47,1,1,1.0
472,35,526.5,58.68,34.25,31.38,1,1,0.8562
472,36,612.95,81.26,43.6,36.31,1,1,1.0
472,37,677.85,61.01,39.15,27.22,1,1,0.6065
472,38,741.7,48.03,34.75,29.04,1,1,1.0
472,39,582.6,31.41,39.15,41.5,1,1,1.0
472,40,705.65,84.12,53.7,44.1,1,1,0.3788
472,41,796.0,82.82,63.55,52.4,1,1,1.0
472,42,540.5,21.29,23.85,20.47,1,1,1.0
473,29,457.79,50.54,36.83,33.71,1,1,1.0
473,30,548.15,175.16,81.45,85.46,1,1,1.0
473,31,650.25,23.19,24.2,19.69,1,1,1.0
473,32,681.9,19.38,24.55,18.31,1,1,1.0
473,33,547.95,79.61,44.1,38.56,1,1,1.0
473,34,686.25,41.88,31.8,20.04,1,1,1.0
473,35,525.8,59.88,34.75,31.12,1,1,0.8673
473,36,613.75,82.56,43.75,35.79,1,1,1.0
473,37,677.1,60.06,38.2,27.3,1,1,0.6577
473,38,740.25,46.9,35.1,29.21,1,1,1.0
473,39,583.1,31.5,39.25,41.84,1,1,1.0
473,40,703.55,83.25,53.1,43.06,1,1,0.3848
473,41,792.85,81.52,63.5,52.23,1,1,1.0
473,42,540.85,21.98,23.7,20.21,1,1,1.0
474,29,457.62,50.45,36.82,34.24,1,1,1.0
474,30,549.0,178.44,81.75,88.14,1,1,1.0
474,31,649.9,23.28,23.75,19.43,1,1,1.0
474,32,681.05,19.82,24.2,17.7,1,1,1.0
474,33,547.9,81.34,44.6,38.98,1,1,1.0
474,34,685.3,41.71,31.45,19.6,1,1,1.0
474,35,525.1,61.1,35.3,30.86,1,1,0.8783
474,36,614.5,83.86,43.95,35.28,1,1,1.0
474,37,676.3,59.1,37.25,27.4,1,1,0.5885
474,38,738.8,45.78,35.4,29.39,1,1,1.0
474,39,583.6,31.59,39.35,42.19,1,1,1.0
474,40,701.5,82.38,52.45,42.02,1,1,0.3599
474,41,789.75,80.22,63.4,52.06,1,1,1.0
474,42,541.2,22.67,23.5,19.95,1,1,1.0
475,29,457.44,50.36,36.83,34.75,1,1,1.0
475,30,549.85,181.73,82.0,90.83,1,1,1.0
475,31,649.55,23.37,23.35,19.17,1,1,1.0
475,32,680.2,20.25,23.85,17.1,1,1,1.0
475,33,547.8,83.08,45.1,39.42,1,1,1.0
475,34,684.35,41.54,31.1,19.17,1,1,1.0
475,35,524.4,62.31,35.8,30.6,1,1,0.8887
475,36,615.3,85.16,44.1,34.76,1,1,1.0
475,37,675.5,58.16,36.35,27.48,1,1,0.6766
475,38,737.3,44.65,35.8,29.56,1,1,1.0
475,39,584.15,31.67,39.4,42.54,1,1,1.0
475,40,699.4,81.52,51.9,40.98,1,1,0.3349
475,41,786.65,78.92,63.3,51.88,1,1,1.0
475,42,541.55,23.37,23.35,19.69,1,1,1.0
475,43,872.85,211.32,88.15,80.45,1,1,0.4379
476,29,457.1,50.54,37.09,34.06,1,1,1.0
476,30,550.4,186.49,84.0,91.18,1,1,1.0
476,31,649.05,22.67,22.95,19.26,1,1,1.0
476,32,679.5,19.38,23.95,17.44,1,1,1.0
476,33,547.8,84.2,44.95,39.34,1,1,1.0
476,34,683.05,40.59,31.35,20.04,1,1,1.0
476,35,524.85,62.66,35.0,31.46,1,1,0.8915
476,36,616.65,85.94,44.75,36.83,1,1,1.0
476,37,674.3,57.46,35.9,27.05,1,1,0.6054
476,38,735.9,43.7,35.75,29.38,1,1,1.0
476,39,584.85,32.45,39.55,42.88,1,1,1.0
476,40,698.2,79.53,51.1,41.85,1,1,0.3323
476,41,783.8,78.58,63.1,50.24,1,1,1.0
476,42,540.85,23.37,24.2,20.73,1,1,1.0
476,43,866.1,206.22,94.9,78.8,1,1,0.4901
477,29,456.75,50.71,37.35,33.36,1,1,1.0
477,30,550.9,191.25,86.0,91.52,1,1,1.0
477,31,648.5,21.98,22.65,19.35,1,1,1.0
477,32,678.8,18.52,24.05,17.79,1,1,1.0
477,33,547.8,85.32,44.8,39.26,1,1,1.0
477,34,681.75,39.64,31.65,20.9,1,1,1.0
477,35,525.3,63.0,34.2,32.33,1,1,0.8942
477,36,618.05,86.71,45.3,38.9,1,1,1.0
477,37,673.1,56.77,35.45,26.62,1,1,0.6577
477,38,734.55,42.75,35.6,29.21,1,1,1.0
477,39,585.5,33.23,39.8,43.23,1,1,1.0
477,40,697.0,77.54,50.3,42.71,1,1,0.3463
477,41,780.9,78.23,63.0,48.6,1,1,1.0
477,42,540.15,23.37,25.1,21.77,1,1,1.0
477,43,859.35,201.12,101.65,77.15,1,1,0.5363
478,29,456.4,50.88,37.61,32.67,1,1,1.0
478,30,551.4,196.01,88.0,91.87,1,1,1.0
478,31,648.0,21.29,22.3,19.43,1,1,1.0
478,32,678.1,17.65,24.1,18.13,1,1,1.0
478,33,547.8,86.45,44.6,39.16,1,1,1.0
478,34,680.45,38.68,31.9,21.77,1,1,0.8334
478,35,525.7,63.34,33.45,33.2,1,1,0.8969
478,36,619.45,87.49,45.9,40.98,1,1,1.0
478,37,671.9,56.08,35.0,26.18,1,1,0.6274
478,38,733.15,41.8,35.55,29.04,1,1,1.0
478,39,586.2,34.01,39.95,43.58,1,1,1.0
478,40,695.75,75.55,49.55,43.58,1,1,0.3734
478,41,778.05,77.89,62.8,46.94,1,1,1.0
478,42,539.5,23.37,25.9,22.81,1,1,1.0
478,43,852.6,196.01,94.7,75.51,1,1,0.5047
479,29,456.06,51.06,37.87,31.98,1,1,1.0
479,30,551.95,200.77,89.95,92.21,1,1,1.0
479,31,647.5,20.6,21.9,19.52,1,1,1.0
479,32,677.4,16.79,24.2,18.48,1,1,1.0
479,33,547.8,87.58,44.45,39.08,1,1,1.0
479,34,679.15,37.73,32.15,22.63,1,1,0.8214
479,35,526.15,63.69,32.7,34.06,1,1,0.8991
479,36,620.85,88.27,46.5,43.05,1,1,1.0
479,37,670.65,55.38,34.6,25.75,1,1,0.6117
479,38,731.75,40.85,35.45,28.86,1,1,1.0
479,39,586.9,34.79,40.1,43.92,1,1,1.0
479,40,694.55,73.56,48.8,44.44,1,1,0.3345
479,41,775.2,77.54,62.65,45.31,1,1,1.0
479,42,538.8,23.37,26.8,23.85,1,1,1.0
479,43,845.85,190.91,97.4,73.86,1,1,0.5379
480,29,455.71,51.23,38.12,31.29,1,1,1.0
480,30,552.45,205.53,91.95,92.55,1,1,1.0
480,31,646.95,19.9,21.6,19.61,1,1,1.0
480,32,676.75,15.92,24.25,18.83,1,1,1.0
480,33,547.8,88.7,44.25,38.99,1,1,1.0
480,34,677.85,36.78,32.4,23.5,1,1,0.811
480,35,526.6,64.04,31.9,34.92,1,1,0.9014
480,36,622.2,89.05,47.15,45.14,1,1,1.0
480,37,669.45,54.69,34.15,25.32,1,1,0.6112
480,38,730.4,39.89,35.35,28.69,1,1,1.0
480,39,587.6,35.57,40.3,44.27,1,1,1.0
480,40,693.35,71.56,48.0,45.32,1,1,0.4105
480,41,772.35,77.19,62.45,43.67,1,1,1.0
480,42,538.1,23.37,27.65,24.88,1,1,1.0
480,43,839.1,185.8,100.05,72.22,1,1,0.5464
481,29,455.37,51.4,38.38,30.6,1,1,1.0
481,30,553.0,210.29,93.9,92.9,1,1,1.0
481,31,646.45,19.21,21.25,19.69,1,1,1.0
481,32,676.05,15.06,24.35,19.17,1,1,1.0
481,33,547.8,89.82,44.1,38.9,1,1,1.0
481,34,676.55,35.83,32.7,24.36,1,1,0.8026
481,35,527.0,64.39,31.15,35.79,1,1,0.9039
481,36,623.6,89.82,47.75,47.22,1,1,1.0
481,37,668.25,54.0,33.7,24.88,1,1,0.5822
481,38,729.0,38.94,35.25,28.52,1,1,1.0
481,39,588.3,36.35,40.45,44.61,1,1,1.0
481,40,692.15,69.58,47.2,46.18,1,1,0.3674
481,41,769.5,76.84,62.25,42.02,1,1,1.0
481,42,537.4,23.37,28.5,25.92,1,1,1.0
481,43,832.35,180.69,102.75,70.58,1,1,0.5735
482,29,455.11,51.49,38.82,30.42,1,1,1.0
482,30,554.3,215.48,95.75,96.8,1,1,1.0
482,33,547.55,90.52,44.7,39.77,1,1,1.0
482,34,675.95,35.05,32.25,24.11,1,1,0.7941
482,35,526.6,64.82,31.6,35.97,1,1,0.9039
482,36,625.0,91.56,48.3,47.73,1,1,1.0
482,37,667.3,52.79,33.8,25.23,1,1,0.6055
482,38,727.45,38.42,35.6,28.35,1,1,1.0
482,39,588.65,37.21,40.6,44.53,1,1,1.0
482,40,690.5,68.71,46.95,44.62,1,1,0.3935
482,41,768.65,74.94,60.5,43.06,1,1,1.0
482,42,537.9,23.54,28.0,25.66,1,1,1.0
482,43,827.3,176.97,99.9,68.76,1,1,0.5791
483,29,454.85,51.58,39.25,30.25,1,1,1.0
483,30,555.6,220.68,97.55,100.69,1,1,1.0
483,33,547.25,91.21,45.35,40.64,1,1,1.0
483,34,675.35,34.27,31.8,23.85,1,1,0.7852
483,35,526.15,65.25,32.15,36.14,1,1,0.9032
483,36,626.35,93.29,48.95,48.25,1,1,1.0
483,37,666.35,51.58,33.9,25.58,1,1,0.5952
483,38,725.9,37.9,35.95,28.17,1,1,1.0
483,39,589.0,38.08,40.8,44.44,1,1,1.0
483,40,688.85,67.84,46.7,43.06,1,1,0.4313
483,41,767.75,73.04,58.85,44.1,1,1,1.0
483,42,538.45,23.71,27.45,25.4,1,1,1.0
483,43,822.3,173.25,97.05,66.94,1,1,0.5646
484,29,454.58,51.66,39.69,30.08,1,1,1.0
484,30,556.9,225.87,99.35,104.58,1,1,1.0
484,33,547.0,91.9,45.9,41.5,1,1,1.0
484,34,674.75,33.49,31.35,23.58,1,1,0.7768
484,35,525.7,65.68,32.7,36.3,1,1,0.9032
484,36,627.75,95.02,49.55,48.77,1,1,1.0
484,37,665.4,50.36,33.95,25.92,1,1,0.4828
484,38,724.35,37.38,36.3,28.0,1,1,1.0
484,39,589.35,38.94,40.95,44.36,1,1,1.0
484,40,687.2,66.98,46.45,41.5,1,1,0.415
484,41,766.9,71.14,57.1,45.14,1,1,1.0
484,42,538.95,23.88,26.95,25.14,1,1,1.0
484,43,817.25,169.53,94.2,65.13,1,1,0.5665
485,29,454.32,51.75,40.12,29.9,1,1,1.0
485,30,558.15,231.06,101.25,108.48,1,1,1.0
485,33,546.75,92.6,46.5,42.36,1,1,1.0
485,34,674.15,32.71,30.95,23.33,1,1,0.7678
485,35,525.3,66.11,33.2,36.48,1,1,0.9029
485,36,629.15,96.75,50.15,49.29,1,1,1.0
485,37,664.45,49.15,34.05,26.27,1,1,0.5542
485,38,722.75,36.86,36.65,27.82,1,1,1.0
485,39,589.65,39.81,41.2,44.27,1,1,1.0
485,40,685.55,66.11,46.2,39.94,1,1,0.4678
485,41,766.05,69.23,55.35,46.18,1,1,1.0
485,42,539.5,24.06,26.4,24.88,1,1,1.0
485,43,812.25,165.81,91.35,63.31,1,1,0.5388
486,29,454.07,51.84,40.55,29.73,1,1,1.0
486,30,559.45,236.25,103.05,112.38,1,1,1.0
486,33,546.5,93.29,47.1,43.23,1,1,1.0
486,34,673.55,31.93,30.5,23.07,1,1,0.7583
486,35,524.85,66.55,33.7,36.65,1,1,0.9033
486,36,630.5,98.48,50.8,49.81,1,1,1.0
486,37,663.5,47.94,34.15,26.62,1,1,0.5548
486,38,721.2,36.35,37.0,27.65,1,1,1.0
486,39,590.0,40.67,41.35,44.18,1,1,1.0
486,40,683.9,65.25,45.95,38.39,1,1,0.4949
486,41,765.15,67.32,53.65,47.22,1,1,1.0
486,42,540.0,24.23,25.9,24.62,1,1,1.0
486,43,807.25,162.09,88.45,61.48,1,1,0.5614
487,29,453.81,51.92,40.98,29.56,1,1,1.0
487,30,560.75,241.44,104.85,116.27,1,1,1.0
487,33,546.25,93.98,47.7,44.09,1,1,1.0
487,34,672.9,31.15,30.1,22.81,1,1,0.7488
487,35,524.4,66.98,34.25,36.83,1,1,0.9034
487,36,631.9,100.21,51.35,50.33,1,1,1.0
487,37,662.55,46.73,34.2,26.96,1,1,0.5535
487,38,719.65,35.83,37.35,27.48,1,1,1.0
487,39,590.35,41.54,41.5,44.1,1,1,1.0
487,40,682.25,64.39,45.65,36.83,1,1,0.474
487,41,764.3,65.42,51.9,48.26,1,1,1.0
487,42,540.5,24.4,25.4,24.36,1,1,1.0
487,43,802.2,158.37,85.65,59.67,1,1,0.5278
488,29,453.81,51.06,41.15,30.08,1,1,1.0
488,30,561.3,248.37,107.95,120.76,1,1,1.0
488,33,545.9,94.16,48.5,45.74,1,1,1.0
488,34,672.05,30.81,29.9,22.38,1,1,0.7399
488,35,523.3,67.76,34.85,37.43,1,1,0.8964
488,36,633.45,101.86,51.3,50.67,1,1,1.0
488,37,660.9,45.78,34.65,27.05,1,1,0.5474
488,38,718.2,35.05,36.55,27.22,1,1,1.0
488,39,590.35,41.54,41.95,44.18,1,1,1.0
488,40,681.05,63.0,44.9,36.92,1,1,0.484
488,41,762.75,64.47,50.75,47.3,1,1,1.0
488,42,540.1,24.92,25.05,23.76,1,1,1.0
488,43,798.3,154.65,84.0,59.06,1,1,0.5606
489,29,453.81,50.19,41.32,30.6,1,1,1.0
489,30,561.8,255.29,111.1,125.27,1,1,1.0
489,33,545.55,94.32,49.3,47.38,1,1,1.0
489,34,671.2,30.46,29.7,21.94,1,1,0.7308
489,35,522.15,68.54,35.45,38.04,1,1,0.8905
489,36,635.0,103.5,51.2,51.02,1,1,1.0
489,37,659.25,44.83,35.1,27.13,1,1,0.5031
489,38,716.7,34.27,35.8,26.96,1,1,1.0
489,39,590.35,41.54,42.4,44.27,1,1,1.0
489,40,679.85,61.62,44.1,37.0,1,1,0.4944
489,41,761.2,63.52,49.65,46.34,1,1,1.0
489,42,539.65,25.44,24.7,23.15,1,1,1.0
489,43,794.4,150.93,82.35,58.45,1,1,0.569
490,29,453.81,49.33,41.5,31.11,1,1,1.0
490,30,562.35,262.21,114.15,129.77,1,1,1.0
490,33,545.2,94.5,50.05,49.03,1,1,1.0
490,34,670.35,30.12,29.55,21.51,1,1,0.722
490,35,521.05,69.32,36.05,38.65,1,1,0.885
490,36,636.6,105.15,51.1,51.36,1,1,1.0
490,37,657.6,43.88,35.55,27.22,1,1,0.5427
490,38,715.25,33.49,35.0,26.7,1,1,1.0
490,39,590.35,41.54,42.8,44.36,1,1,1.0
490,40,678.65,60.23,43.3,37.08,1,1,0.5586
490,41,759.65,62.56,48.5,45.4,1,1,1.0
490,42,539.2,25.96,24.4,22.55,1,1,1.0
490,43,790.55,147.2,80.7,57.86,1,1,0.5746
491,29,453.81,48.46,41.67,31.63,1,1,1.0
491,30,562.85,269.13,117.3,134.27,1,1,1.0
491,33,544.85,94.68,50.85,50.68,1,1,1.0
491,34,669.45,29.77,29.4,21.08,1,1,0.713
491,35,519.9,70.1,36.7,39.26,1,1,0.8803
491,36,638.15,106.79,51.0,51.71,1,1,1.0
491,37,655.95,42.92,35.95,27.31,1,1,0.4846
491,38,713.75,32.71,34.25,26.44,1,1,1.0
491,39,590.35,41.54,43.25,44.44,1,1,1.0
491,40,677.4,58.84,42.55,37.17,1,1,0.5596
491,41,758.1,61.62,47.35,44.44,1,1,1.0
491,42,538.8,26.48,24.0,21.94,1,1,1.0
491,43,786.65,143.48,79.05,57.25,1,1,0.6033
492,29,453.81,47.6,41.84,32.15,1,1,1.0
492,30,563.35,276.06,120.45,138.76,1,1,1.0
492,33,544.5,94.84,51.65,52.32,1,1,1.0
492,34,668.6,29.42,29.2,20.64,1,1,0.7032
492,35,518.8,70.88,37.25,39.85,1,1,0.8764
492,36,639.7,108.44,50.95,52.05,1,1,1.0
492,37,654.3,41.97,36.4,27.39,1,1,0.5081
492,38,712.3,31.93,33.45,26.18,1,1,1.0
492,39,590.35,41.54,43.7,44.53,1,1,1.0
492,40,676.2,57.46,41.75,37.26,1,1,0.5423
492,41,756.5,60.66,46.3,43.5,1,1,1.0
492,42,538.35,27.0,23.7,21.34,1,1,1.0
492,43,782.75,139.76,77.4,56.65,1,1,0.6263
493,29,453.81,46.73,42.01,32.67,1,1,1.0
493,30,563.9,282.98,123.5,143.27,1,1,1.0
493,33,544.15,95.02,52.4,53.96,1,1,1.0
493,34,667.75,29.08,29.0,20.21,1,1,0.6931
493,35,517.65,71.66,37.9,40.46,1,1,0.8729
493,36,641.25,110.08,50.85,52.4,1,1,1.0
493,37,652.65,41.02,36.85,27.48,1,1,0.4503
493,38,710.85,31.15,32.65,25.92,1,1,1.0
493,39,590.35,41.54,44.1,44.62,1,1,1.0
493,40,675.0,56.08,41.0,37.35,1,1,0.5945
493,41,754.95,59.71,45.15,42.54,1,1,1.0
493,42,537.9,27.52,23.35,20.73,1,1,1.0
493,43,778.85,136.04,75.75,56.03,1,1,0.6176
493,44,907.6,147.46,53.4,60.72,1,1,1.0
494,29,454.32,46.56,40.64,32.41,1,1,1.0
494,30,565.1,292.15,128.45,150.2,1,1,1.0
494,33,544.35,96.75,52.45,54.05,1,1,1.0
494,34,666.95,28.64,28.6,20.21,1,1,0.7041
494,35,517.5,72.69,38.4,39.51,1,1,0.8824
494,36,642.45,112.24,52.7,53.79,1,1,1.0
494,37,652.05,40.67,35.8,26.53,1,1,0.5599
494,38,710.3,30.29,32.25,26.1,1,1,1.0
494,39,590.7,42.23,44.9,45.74,1,1,1.0
494,40,674.2,55.21,40.2,36.57,1,1,0.603
494,41,752.45,59.1,46.25,41.94,1,1,1.0
494,42,538.25,27.87,23.15,20.99,1,1,1.0
494,43,775.15,133.19,74.9,54.82,1,1,0.6438
494,44,902.85,145.3,58.15,60.89,1,1,1.0
495,29,454.85,46.38,39.25,32.16,1,1,1.0
495,30,566.3,301.32,133.4,157.12,1,1,1.0
495,33,544.5,98.48,52.6,54.14,1,1,1.0
495,34,666.15,28.21,28.2,20.21,1,1,0.7152
495,35,517.35,73.73,38.9,38.56,1,1,0.8918
495,36,643.65,114.41,54.5,55.16,1,1,1.0
495,37,651.45,40.33,34.75,25.58,1,1,0.5369
495,38,709.8,29.42,31.8,26.27,1,1,1.0
495,39,591.05,42.92,45.65,46.87,1,1,1.0
495,40,673.45,54.34,39.4,35.79,1,1,0.643
495,41,749.95,58.5,47.4,41.32,1,1,1.0
495,42,538.6,28.21,23.0,21.25,1,1,1.0
495,43,771.4,130.32,74.05,53.62,1,1,0.6324
495,44,898.1,143.13,62.9,61.06,1,1,1.0
496,29,455.37,46.21,37.86,31.89,1,1,1.0
496,30,567.5,310.5,138.35,164.04,1,1,1.0
496,33,544.65,100.21,52.7,54.23,1,1,1.0
496,34,665.4,27.78,27.75,20.21,1,1,0.7265
496,35,517.15,74.77,39.45,37.61,1,1,0.902
496,36,644.9,116.57,56.3,56.56,1,1,1.0
496,37,650.85,39.98,33.7,24.62,1,1,0.5822
496,38,709.25,28.56,31.4,26.44,1,1,1.0
496,39,591.4,43.62,46.45,47.99,1,1,1.0
496,40,672.65,53.48,38.65,35.01,1,1,0.6313
496,41,747.45,57.9,48.5,40.72,1,1,1.0
496,42,538.95,28.56,22.8,21.51,1,1,1.0
496,43,767.7,127.47,73.15,52.41,1,1,0.62
496,44,893.35,140.97,67.65,61.23,1,1,1.0
497,29,455.88,46.04,36.49,31.64,1,1,1.0
497,30,568.75,319.68,143.25,170.95,1,1,1.0
497,33,544.85,101.94,52.75,54.31,1,1,1.0
497,34,664.6,27.35,27.3,20.21,1,1,0.7373
497,35,517.0,75.81,39.9,36.65,1,1,0.9133
497,36,646.1,118.73,58.1,57.95,1,1,1.0
497,37,650.25,39.64,32.65,23.68,1,1,0.5997
497,38,708.75,27.69,30.95,26.62,1,1,1.0
497,39,591.75,44.31,47.2,49.12,1,1,1.0
497,40,671.9,52.62,37.85,34.23,1,1,0.6655
497,41,744.9,57.29,49.65,40.12,1,1,1.0
497,42,539.3,28.9,22.65,21.77,1,1,1.0
497,43,763.95,124.61,72.3,51.2,1,1,0.6477
497,44,888.6,138.81,72.4,61.4,1,1,1.0
498,29,456.4,45.86,35.1,31.38,1,1,1.0
498,30,569.95,328.85,148.2,177.9,1,1,1.0
498,33,545.0,103.68,52.85,54.39,1,1,1.0
498,34,663.85,26.91,26.85,20.21,1,1,0.748
498,35,516.8,76.84,40.45,35.7,1,1,0.9248
498,36,647.3,120.9,59.95,59.32,1,1,1.0
498,37,649.65,39.29,31.65,22.72,1,1,0.604
498,38,708.25,26.83,30.5,26.79,1,1,1.0
498,39,592.1,45.0,48.0,50.24,1,1,1.0
498,40,671.1,51.75,37.1,33.45,1,1,0.7397
498,41,742.4,56.68,50.75,39.51,1,1,1.0
498,42,539.65,29.25,22.45,22.03,1,1,1.0
498,43,760.25,121.76,71.45,49.98,1,1,0.681
498,44,883.8,136.65,77.2,61.57,1,1,1.0
499,29,456.93,45.69,33.7,31.12,1,1,1.0
499,30,571.15,338.02,153.15,184.83,1,1,1.0
499,33,545.2,105.41,52.9,54.47,1,1,1.0
499,34,663.05,26.48,26.45,20.21,1,1,0.7594
499,35,516.65,77.89,40.95,34.76,1,1,0.937
499,36,648.5,123.06,61.75,60.71,1,1,1.0
499,37,649.05,38.94,30.6,21.77,1,1,0.6538
499,38,707.7,25.96,30.1,26.96,1,1,1.0
499,39,592.45,45.69,48.75,51.37,1,1,1.0
499,40,670.35,50.88,36.3,32.67,1,1,0.7641
499,41,739.9,56.08,51.9,38.9,1,1,1.0
499,42,540.0,29.6,22.3,22.29,1,1,1.0
499,43,756.5,118.91,70.6,48.77,1,1,0.7094
499,44,879.05,134.48,81.95,61.75,1,1,1.0
500,29,456.75,46.12,33.8,30.34,1,1,1.0
500,30,573.85,351.44,151.75,172.86,1,1,1.0
500,33,545.0,107.31,53.45,54.91,1,1,1.0
500,34,662.2,25.88,26.35,19.86,1,1,0.7575
500,35,516.4,79.36,41.3,35.88,1,1,0.9321
500,36,650.1,126.44,63.35,60.44,1,1,1.0
500,37,648.7,38.16,30.25,21.86,1,1,0.5925
500,38,706.5,25.62,29.75,26.87,1,1,1.0
500,39,594.0,46.73,48.5,51.36,1,1,1.0
500,40,668.85,50.36,36.3,32.42,1,1,0.7613
500,41,738.5,55.47,50.7,38.22,1,1,1.0
500,42,539.3,30.2,23.15,22.72,1,1,1.0
500,43,753.85,116.4,69.0,48.94,1,1,0.6994
500,44,875.15,132.32,85.85,60.62,1,1,1.0
501,29,456.57,46.56,33.89,29.56,1,1,1.0
501,30,576.5,364.85,150.4,160.9,1,1,1.0
501,33,544.85,109.21,53.95,55.35,1,1,1.0
501,34,661.35,25.27,26.25,19.52,1,1,0.7558
501,35,516.1,80.82,41.7,37.01,1,1,0.9277
501,36,651.65,129.81,65.0,60.19,1,1,1.0
501,37,648.35,37.38,29.9,21.94,1,1,0.6311
501,38,705.3,25.27,29.35,26.79,1,1,1.0
501,39,595.55,47.77,48.25,51.37,1,1,1.0
501,40,667.4,49.85,36.3,32.15,1,1,0.7121
501,41,737.15,54.86,49.45,37.52,1,1,1.0
501,42,538.6,30.81,24.05,23.15,1,1,1.0
501,43,751.15,113.89,67.45,49.11,1,1,0.6936
501,44,871.25,130.16,89.75,59.5,1,1,1.0
502,29,456.4,46.99,33.98,28.78,1,1,1.0
502,30,579.2,378.26,149.0,148.99,1,1,1.0
502,33,544.65,111.11,54.5,55.79,1,1,1.0
502,34,660.45,24.66,26.2,19.17,1,1,0.7539
502,35,515.85,82.3,42.05,38.13,1,1,0.923
502,36,653.2,133.19,66.7,59.93,1,1,1.0
502,37,648.0,36.61,29.55,22.03,1,1,0.621
502,38,704.1,24.92,29.0,26.7,1,1,1.0
502,39,597.1,48.81,48.0,51.37,1,1,1.0
502,40,665.9,49.33,36.3,31.89,1,1,0.6916
502,41,735.75,54.26,48.25,36.83,1,1,1.0
502,42,537.9,31.41,24.9,23.59,1,1,1.0
502,43,748.45,111.38,65.95,49.28,1,1,0.6777
502,44,867.4,127.99,78.35,58.38,1,1,1.0
503,29,456.23,47.42,34.06,28.0,1,1,1.0
503,30,581.9,391.68,147.6,137.02,1,1,1.0
503,33,544.5,113.02,55.0,56.21,1,1,1.0
503,34,659.6,24.06,26.1,18.83,1,1,0.7522
503,35,515.6,83.77,42.35,39.25,1,1,0.9191
503,36,654.75,136.56,68.35,59.67,1,1,1.0
503,37,647.65,35.83,29.2,22.11,1,1,0.6245
503,38,702.85,24.58,28.7,26.61,1,1,1.0
503,39,598.65,49.85,47.75,51.36,1,1,1.0
503,40,664.45,48.81,36.3,31.63,1,1,0.6379
503,41,734.35,53.66,47.05,36.14,1,1,1.0
503,42,537.25,32.02,25.75,24.02,1,1,1.0
503,43,745.8,108.86,64.35,49.46,1,1,0.6708
503,44,863.5,125.83,78.7,57.24,1,1,1.0
504,29,456.06,47.86,34.14,27.22,1,1,1.0
504,30,584.55,405.08,146.25,125.12,1,1,1.0
504,33,544.35,114.93,55.5,56.64,1,1,1.0
504,34,658.75,23.45,26.0,18.48,1,1,0.7507
504,35,515.35,85.24,42.7,40.37,1,1,0.9151
504,36,656.3,139.94,70.0,59.41,1,1,1.0
504,37,647.3,35.05,28.85,22.2,1,1,0.6889
504,38,701.65,24.23,28.35,26.53,1,1,1.0
504,39,600.25,50.88,47.45,51.36,1,1,1.0
504,40,662.95,48.29,36.35,31.38,1,1,0.687
504,41,733.0,53.05,45.8,35.44,1,1,1.0
504,42,536.55,32.62,26.6,24.45,1,1,1.0
504,43,743.1,106.36,62.8,49.63,1,1,0.6857
504,44,859.6,123.67,79.05,56.12,1,1,1.0
505,29,455.88,48.29,34.24,26.44,1,1,1.0
505,30,587.25,418.5,144.85,113.15,1,1,1.0
505,33,544.15,116.83,56.05,57.08,1,1,1.0
505,34,657.85,22.85,25.95,18.14,1,1,0.7483
505,35,515.1,86.71,43.05,41.5,1,1,0.9108
505,36,657.85,143.31,71.65,59.15,1,1,1.0
505,37,646.95,34.27,28.55,22.29,1,1,0.7138
505,38,700.45,23.88,28.0,26.44,1,1,1.0
505,39,601.8,51.92,47.2,51.36,1,1,1.0
505,40,661.5,47.77,36.3,31.12,1,1,0.6154
505,41,731.6,52.44,44.6,34.75,1,1,1.0
505,42,535.85,33.23,27.5,24.88,1,1,1.0
505,43,740.4,103.85,61.25,49.81,1,1,0.7115
505,44,855.7,121.5,79.4,55.0,1,1,1.0
506,29,456.4,48.12,34.67,27.48,1,1,1.0
506,33,544.75,119.25,56.85,58.03,1,1,1.0
506,34,657.35,23.02,26.45,18.74,1,1,0.7356
506,35,514.9,88.44,43.05,41.59,1,1,0.9205
506,36,659.95,146.94,74.3,61.75,1,1,1.0
506,37,646.9,34.36,28.15,21.94,1,1,0.6923
506,38,699.3,23.88,27.95,26.1,1,1,1.0
506,39,602.3,53.31,48.25,52.4,1,1,1.0
506,40,660.45,47.16,36.05,31.29,1,1,0.5984
506,41,730.05,51.58,45.2,35.27,1,1,1.0
506,42,536.1,33.84,27.85,25.58,1,1,1.0
506,43,738.25,102.72,60.55,48.69,1,1,0.7001
506,44,851.8,118.99,79.3,55.7,1,1,1.0
507,29,456.93,47.94,35.09,28.52,1,1,1.0
507,33,545.35,121.68,57.6,58.98,1,1,1.0
507,34,656.85,23.19,26.95,19.35,1,1,0.7244
507,35,514.75,90.18,43.05,41.68,1,1,0.9294
507,36,662.0,150.57,77.0,64.36,1,1,1.0
507,37,646.8,34.44,27.8,21.6,1,1,0.6694
507,38,698.2,23.88,27.8,25.75,1,1,1.0
507,39,602.85,54.69,49.25,53.45,1,1,1.0
507,40,659.4,46.56,35.8,31.46,1,1,0.6
507,41,728.5,50.71,45.8,35.79,1,1,1.0
507,42,536.35,34.44,28.2,26.27,1,1,1.0
507,43,736.1,101.6,59.85,47.56,1,1,0.6879
507,44,847.9,116.48,79.25,56.39,1,1,1.0
508,29,457.44,47.77,35.53,29.56,1,1,1.0
508,33,545.95,124.1,58.4,59.93,1,1,1.0
508,34,656.3,23.37,27.5,19.95,1,1,0.7133
508,35,514.55,91.9,43.05,41.76,1,1,1.0
508,36,664.1,154.21,79.65,66.95,1,1,1.0
508,37,646.7,34.53,27.5,21.25,1,1,0.5972
508,38,697.05,23.88,27.75,25.4,1,1,1.0
508,39,603.35,56.08,50.3,54.48,1,1,1.0
508,40,658.4,45.95,35.5,31.63,1,1,0.6176
508,41,726.9,49.85,46.45,36.31,1,1,1.0
508,42,536.65,35.05,28.5,26.96,1,1,1.0
508,43,733.95,100.47,59.15,46.44,1,1,0.6767
508,44,844.0,113.97,79.15,57.08,1,1,1.0
509,29,457.96,47.6,35.97,30.59,1,1,1.0
509,33,546.6,126.52,59.15,60.89,1,1,1.0
509,34,655.8,23.54,28.0,20.56,1,1,0.7043
509,35,514.4,93.64,43.05,41.84,1,1,1.0
509,36,666.15,157.85,82.35,69.53,1,1,1.0
509,37,646.6,34.62,27.15,20.9,1,1,0.6024
509,38,695.95,23.88,27.65,25.06,1,1,1.0
509,39,603.85,57.46,51.4,55.52,1,1,1.0
509,40,657.35,45.35,35.25,31.81,1,1,0.6103
509,41,725.35,48.98,47.05,36.83,1,1,1.0
509,42,536.9,35.65,28.85,27.66,1,1,1.0
509,43,731.75,99.34,58.5,45.32,1,1,0.6882
509,44,840.1,111.46,79.05,57.77,1,1,1.0
510,29,458.48,47.42,36.4,31.64,1,1,1.0
510,33,547.2,128.94,59.9,61.84,1,1,1.0
510,34,655.25,23.71,28.55,21.16,1,1,0.6961
510,35,514.2,95.36,43.05,41.94,1,1,1.0
510,36,668.25,161.48,85.05,72.14,1,1,1.0
510,37,646.55,34.7,26.75,20.56,1,1,0.5672
510,38,694.8,23.88,27.6,24.71,1,1,1.0
510,39,604.4,58.84,52.4,56.56,1,1,1.0
510,40,656.3,44.74,35.0,31.98,1,1,0.5428
510,41,723.8,48.12,47.65,37.34,1,1,1.0
510,42,537.15,36.26,29.2,28.34,1,1,1.0
510,43,729.6,98.22,57.8,44.19,1,1,0.6795
510,44,836.2,108.95,79.0,58.46,1,1,1.0
511,29,459.0,47.25,36.82,32.67,1,1,0.6047
511,33,547.8,131.37,60.7,62.79,1,1,1.0
511,34,654.75,23.88,29.05,21.77,1,1,0.6882
511,35,514.05,97.1,43.05,42.02,1,1,1.0
511,36,670.35,165.12,87.7,74.73,1,1,1.0
511,37,646.45,34.79,26.45,20.21,1,1,0.5293
511,38,693.7,23.88,27.45,24.37,1,1,1.0
511,39,604.9,60.23,53.45,57.6,1,1,1.0
511,40,655.25,44.14,34.75,32.16,1,1,0.546
511,41,722.25,47.25,48.25,37.86,1,1,1.0
511,42,537.4,36.86,29.55,29.04,1,1,1.0
511,43,727.45,97.1,57.05,43.06,1,1,0.6952
511,44,832.35,106.44,78.85,59.16,1,1,1.0
511,45,429.4,64.39,60.2,36.3,1,1,1.0
512,29,459.44,47.68,36.3,32.07,1,1,0.5965
512,33,547.8,134.13,62.45,63.57,1,1,1.0
512,34,655.2,23.54,28.0,21.34,1,1,0.702
512,35,513.6,98.31,45.25,43.4,1,1,1.0
512,36,674.15,169.96,89.15,76.81,1,1,1.0
512,37,645.75,34.62,26.8,19.6,1,1,0.5422
512,38,693.1,23.97,27.4,23.67,1,1,1.0
512,39,606.4,61.27,54.2,58.98,1,1,1.0
512,40,654.65,43.79,35.1,32.5,1,1,0.4852
512,41,721.3,46.64,47.65,37.87,1,1,1.0
512,42,537.9,38.08,29.6,28.26,1,1,1.0
512,43,725.95,95.97,55.9,41.59,1,1,0.7329
512,44,830.5,106.36,76.65,57.33,1,1,1.0
512,45,431.82,64.82,59.07,36.05,1,1,1.0
513,29,459.87,48.12,35.78,31.46,1,1,0.5887
513,33,547.8,136.91,64.15,64.34,1,1,1.0
513,34,655.6,23.19,27.0,20.9,1,1,0.7161
513,35,513.15,99.52,47.4,44.79,1,1,1.0
513,36,677.95,174.81,90.65,78.88,1,1,1.0
513,37,645.05,34.44,27.15,19.0,1,1,0.5532
513,38,692.5,24.06,27.3,22.98,1,1,1.0
513,39,607.85,62.31,55.0,60.37,1,1,1.0
513,40,654.05,43.44,35.45,32.85,1,1,0.4458
513,41,720.35,46.04,47.05,37.87,1,1,1.0
513,42,538.45,39.29,29.55,27.48,1,1,1.0
513,43,724.5,94.84,54.65,40.12,1,1,0.7225
513,44,828.7,106.27,74.4,55.52,1,1,1.0
513,45,434.25,65.25,57.94,35.79,1,1,1.0
514,29,460.3,48.55,35.27,30.86,1,1,0.5816
514,33,547.8,139.68,65.9,65.12,1,1,1.0
514,34,656.05,22.85,25.9,20.47,1,1,0.7304
514,35,512.75,100.73,49.55,46.18,1,1,1.0
514,36,681.75,179.66,92.15,80.96,1,1,1.0
514,37,644.35,34.27,27.5,18.4,1,1,0.538
514,38,691.9,24.14,27.2,22.29,1,1,1.0
514,39,609.3,63.34,55.8,61.76,1,1,1.0
514,40,653.45,43.1,35.8,33.19,1,1,0.4936
514,41,719.4,45.43,46.45,37.87,1,1,1.0
514,42,538.95,40.5,29.55,26.7,1,1,1.0
514,43,723.05,93.72,53.4,38.65,1,1,0.7533
514,44,826.9,106.19,72.1,53.69,1,1,1.0
514,45,436.68,65.68,56.81,35.52,1,1,1.0
515,29,460.73,48.98,34.75,30.25,1,1,0.575
515,33,547.8,142.44,67.6,65.91,1,1,1.0
515,34,656.5,22.5,24.85,20.04,1,1,0.7457
515,35,512.3,101.94,51.7,47.56,1,1,1.0
515,36,685.55,184.5,93.6,83.04,1,1,1.0
515,37,643.65,34.1,27.85,17.79,1,1,0.5153
515,38,691.25,24.23,27.15,21.6,1,1,1.0
515,39,610.8,64.39,56.55,63.14,1,1,1.0
515,40,652.85,42.75,36.15,33.54,1,1,0.419
515,41,718.45,44.83,45.8,37.86,1,1,1.0
515,42,539.5,41.71,29.55,25.92,1,1,1.0
515,43,721.55,92.6,52.25,37.17,1,1,0.7455
515,44,825.05,106.1,69.9,51.88,1,1,1.0
515,45,439.1,66.11,55.69,35.28,1,1,1.0
516,29,461.17,49.41,34.22,29.65,1,1,0.578
516,33,547.8,145.21,69.35,66.69,1,1,1.0
516,34,656.9,22.15,23.85,19.61,1,1,0.7612
516,35,511.9,103.16,53.85,48.94,1,1,1.0
516,36,689.35,189.35,95.1,85.11,1,1,1.0
516,37,643.0,33.92,28.15,17.18,1,1,0.5406
516,38,690.65,24.32,27.05,20.9,1,1,1.0
516,39,612.25,65.42,57.35,64.52,1,1,1.0
516,40,652.25,42.4,36.45,33.89,1,1,0.3455
516,41,717.5,44.22,45.2,37.86,1,1,1.0
516,42,540.0,42.92,29.55,25.14,1,1,1.0
516,43,720.1,91.47,51.0,35.71,1,1,0.782
516,44,823.25,106.01,67.65,50.06,1,1,1.0
516,45,441.52,66.55,54.56,35.01,1,1,1.0
517,29,461.6,49.85,33.71,29.04,1,1,0.59
517,33,547.8,147.98,71.1,67.46,1,1,1.0
517,34,657.35,21.81,22.8,19.17,1,1,0.7775
517,35,511.45,104.36,56.05,50.33,1,1,1.0
517,36,693.15,194.19,96.55,87.19,1,1,1.0
517,37,642.3,33.75,28.5,16.58,1,1,0.4998
517,38,690.05,24.4,26.95,20.21,1,1,1.0
517,39,613.75,66.46,58.1,65.91,1,1,1.0
517,40,651.65,42.06,36.8,34.23,1,1,0.3531
517,41,716.55,43.62,44.6,37.86,1,1,1.0
517,42,540.5,44.14,29.6,24.36,1,1,1.0
517,43,718.6,90.34,49.8,34.24,1,1,0.8016
517,44,821.4,105.93,65.4,48.25,1,1,1.0
517,45,443.94,66.98,53.44,34.75,1,1,1.0
517,47,535.35,17.65,17.05,18.65,1,1,1.0
518,29,461.77,50.02,33.11,28.78,1,1,0.6225
518,33,547.6,150.41,72.5,69.53,1,1,1.0
518,34,656.55,21.89,22.65,18.74,1,1,0.749
518,35,510.65,106.7,55.35,50.24,1,1,1.0
518,36,697.6,200.43,98.85,90.9,1,1,1.0
518,37,642.45,32.97,28.0,17.79,1,1,0.4581
518,38,688.95,24.14,27.05,20.3,1,1,1.0
518,39,614.4,67.76,59.8,66.25,1,1,1.0
518,40,650.95,41.8,36.15,32.93,1,1,0.3976
518,41,715.35,43.53,44.05,37.09,1,1,1.0
518,42,540.45,44.91,29.45,24.63,1,1,1.0
518,43,717.15,88.96,49.3,34.06,1,1,0.8076
518,44,818.15,104.28,65.65,48.25,1,1,1.0
518,45,444.03,67.94,54.83,33.98,1,1,1.0
518,47,535.0,17.65,17.6,18.57,1,1,1.0
519,29,461.94,50.19,32.5,28.52,1,1,0.6555
519,33,547.45,152.82,73.85,71.62,1,1,1.0
519,34,655.8,21.98,22.45,18.31,1,1,0.7183
519,35,509.9,109.04,54.65,50.15,1,1,1.0
519,36,702.0,206.66,101.2,94.63,1,1,1.0
519,37,642.65,32.19,27.45,19.0,1,1,0.5014
519,38,687.8,23.88,27.15,20.39,1,1,1.0
519,39,615.1,69.06,61.4,66.6,1,1,1.0
519,40,650.25,41.54,35.45,31.64,1,1,0.3591
519,41,714.1,43.44,43.6,36.31,1,1,1.0
519,42,540.35,45.69,29.4,24.88,1,1,1.0
519,43,715.65,87.58,48.8,33.88,1,1,0.8276
519,44,814.85,102.64,65.9,48.24,1,1,1.0
519,45,444.12,68.89,56.2,33.2,1,1,1.0
519,47,534.65,17.65,18.1,18.48,1,1,1.0
520,29,462.12,50.36,31.89,28.26,1,1,0.689
520,33,547.25,155.25,75.25,73.69,1,1,1.0
520,34,655.0,22.07,22.3,17.88,1,1,0.6844
520,35,509.1,111.38,53.95,50.06,1,1,1.0
520,36,706.4,212.88,103.55,98.36,1,1,1.0
520,37,642.8,31.41,26.95,20.21,1,1,0.5246
520,38,686.7,23.62,27.2,20.47,1,1,1.0
520,39,615.8,70.36,63.05,66.94,1,1,1.0
520,40,649.55,41.28,34.75,30.34,1,1,0.3597
520,41,712.9,43.36,43.05,35.53,1,1,1.0
520,42,540.25,46.47,29.3,25.14,1,1,1.0
520,43,714.2,86.19,48.25,33.72,1,1,0.771
520,44,811.55,100.99,66.15,48.25,1,1,1.0
520,45,444.2,69.83,57.6,32.42,1,1,1.0
520,47,534.3,17.65,18.65,18.39,1,1,1.0
521,29,462.29,50.54,31.28,28.0,1,1,0.7232
521,33,547.1,157.68,76.65,75.76,1,1,1.0
521,34,654.25,22.15,22.1,17.44,1,1,0.6478
521,35,508.35,113.71,53.25,49.98,1,1,1.0
521,36,710.85,219.12,105.85,102.07,1,1,1.0
521,37,643.0,30.63,26.4,21.43,1,1,0.5126
521,38,685.55,23.37,27.3,20.56,1,1,1.0
521,39,616.5,71.66,64.7,67.28,1,1,1.0
521,40,648.85,41.02,34.05,29.04,1,1,0.3431
521,41,711.7,43.27,42.55,34.75,1,1,1.0
521,42,540.15,47.25,29.25,25.4,1,1,1.0
521,43,712.75,84.81,47.7,33.54,1,1,0.8296
521,44,808.25,99.34,66.45,48.26,1,1,1.0
521,45,444.29,70.79,58.96,31.64,1,1,1.0
521,47,533.95,17.65,19.15,18.31,1,1,1.0
522,29,462.46,50.71,30.68,27.74,1,1,0.7581
522,33,546.9,160.1,78.05,77.84,1,1,1.0
522,34,653.45,22.24,21.95,17.01,1,1,0.6062
522,35,507.55,116.05,52.6,49.89,1,1,1.0
522,36,715.25,225.35,108.2,105.79,1,1,1.0
522,37,643.15,29.86,25.95,22.63,1,1,0.4793
522,38,684.45,23.11,27.4,20.64,1,1,1.0
522,39,617.2,72.95,66.35,67.64,1,1,1.0
522,40,648.15,40.76,33.4,27.74,1,1,0.2371
522,41,710.5,43.18,42.0,33.97,1,1,1.0
522,42,540.1,48.03,29.1,25.66,1,1,1.0
522,43,711.25,83.42,47.2,33.36,1,1,0.7974
522,44,805.0,97.7,66.65,48.25,1,1,1.0
522,45,444.38,71.74,60.37,30.86,1,1,1.0
522,47,533.6,17.65,19.7,18.22,1,1,1.0
523,29,462.63,50.88,30.08,27.48,1,1,0.7935
523,33,546.75,162.52,79.4,79.92,1,1,1.0
523,34,652.65,22.33,21.8,16.58,1,1,0.5622
523,35,506.75,118.39,51.9,49.8,1,1,1.0
523,36,719.65,231.57,110.55,109.53,1,1,1.0
523,37,643.35,29.08,25.4,23.85,1,1,0.4799
523,38,683.3,22.85,27.5,20.73,1,1,1.0
523,39,617.9,74.25,67.95,67.98,1,1,1.0
523,40,647.5,40.5,32.65,26.44,1,1,0.2825
523,41,709.25,43.1,41.5,33.19,1,1,1.0
523,42,540.0,48.81,29.05,25.92,1,1,1.0
523,43,709.8,82.04,46.7,33.19,1,1,0.7916
523,44,801.7,96.06,66.95,48.25,1,1,1.0
523,45,444.46,72.69,61.74,30.08,1,1,1.0
523,47,533.25,17.65,20.2,18.13,1,1,1.0
524,29,461.94,50.97,30.86,27.31,1,1,0.786
524,33,547.7,166.16,80.35,80.96,1,1,1.0
524,34,651.9,22.07,22.3,16.92,1,1,0.5831
524,35,507.1,120.03,52.0,50.59,1,1,1.0
524,36,723.3,238.24,117.3,113.76,1,1,1.0
524,37,642.1,29.34,26.1,22.72,1,1,0.3536
524,38,682.8,22.67,26.85,20.12,1,1,1.0
524,39,619.45,75.98,68.5,69.62,1,1,1.0
524,40,645.85,39.89,32.85,27.31,1,1,0.1271
524,41,707.9,42.75,41.25,32.16,1,1,1.0
524,42,540.7,49.24,29.2,26.7,1,1,1.0
524,43,708.4,81.34,46.2,32.24,1,1,0.7877
524,44,799.0,95.1,66.45,47.74,1,1,1.0
524,45,446.8,72.44,61.65,31.02,1,1,1.0
524,47,533.7,18.0,19.75,18.14,1,1,1.0
525,29,461.25,51.06,31.63,27.13,1,1,0.7783
525,33,548.65,169.79,81.3,82.0,1,1,1.0
525,34,651.1,21.81,22.8,17.27,1,1,0.6003
525,35,507.45,121.68,52.05,51.36,1,1,1.0
525,36,726.9,244.91,124.1,117.99,1,1,1.0
525,37,640.9,29.6,26.8,21.59,1,1,0.4388
525,38,682.25,22.5,26.3,19.52,1,1,1.0
525,39,621.0,77.71,69.0,71.27,1,1,1.0
525,40,644.2,39.29,33.0,28.17,1,1,0.1055
525,41,706.5,42.4,41.0,31.12,1,1,1.0
525,42,541.4,49.67,29.35,27.48,1,1,1.0
525,43,707.0,80.66,45.65,31.28,1,1,0.7879
525,44,796.35,94.16,65.9,47.22,1,1,1.0
525,45,449.13,72.18,61.57,31.98,1,1,1.0
525,47,534.1,18.35,19.35,18.14,1,1,1.0
526,29,460.56,51.14,32.41,26.96,1,1,0.7704
526,33,549.6,173.43,82.25,83.03,1,1,1.0
526,34,650.35,21.55,23.3,17.61,1,1,0.619
526,35,507.8,123.32,52.15,52.14,1,1,1.0
526,36,730.55,251.57,130.8,122.24,1,1,1.0
526,37,639.7,29.86,27.45,20.47,1,1,0.3562
526,38,681.75,22.33,25.65,18.91,1,1,1.0
526,39,622.55,79.44,69.55,72.91,1,1,1.0
526,40,642.55,38.68,33.2,29.04,1,1,0.0468
526,41,705.1,42.06,40.75,30.08,1,1,1.0
526,42,542.1,50.1,29.55,28.26,1,1,1.0
526,43,705.65,79.96,45.1,30.34,1,1,0.7737
526,44,793.65,93.2,65.4,46.7,1,1,1.0
526,45,451.47,71.92,61.48,32.94,1,1,1.0
526,47,534.55,18.69,18.9,18.14,1,1,1.0
527,29,459.87,51.23,33.19,26.79,1,1,0.7624
527,33,550.55,177.06,83.2,84.07,1,1,1.0
527,34,649.55,21.29,23.85,17.96,1,1,0.6354
527,35,508.15,124.96,52.25,52.92,1,1,1.0
527,36,734.2,258.23,137.55,126.48,1,1,1.0
527,37,638.5,30.12,28.15,19.35,1,1,0.2071
527,38,681.25,22.15,25.05,18.31,1,1,1.0
527,39,624.1,81.18,70.05,74.56,1,1,1.0
527,40,640.9,38.08,33.35,29.9,1,1,0.033
527,41,703.75,41.71,40.45,29.04,1,1,1.0
527,42,542.75,50.54,29.75,29.04,1,1,1.0
527,43,704.25,79.27,44.6,29.39,1,1,0.7617
527,44,790.95,92.25,64.9,46.18,1,1,1.0
527,45,453.81,71.66,61.39,33.88,1,1,1.0
527,47,535.0,19.04,18.45,18.14,1,1,1.0
528,29,459.18,51.32,33.96,26.62,1,1,0.7543
528,33,551.5,180.69,84.15,85.12,1,1,1.0
528,34,648.8,21.03,24.35,18.31,1,1,0.6512
528,35,508.5,126.61,52.3,53.7,1,1,1.0
528,36,737.85,264.89,144.3,130.73,1,1,1.0
528,37,637.25,30.38,28.9,18.22,1,1,0.2079
528,38,680.7,21.98,24.45,17.7,1,1,1.0
528,39,625.65,82.9,70.6,76.19,1,1,1.0
528,40,639.25,37.47,33.55,30.77,1,1,0.0392
528,41,702.35,41.36,40.2,28.0,1,1,1.0
528,42,543.45,50.97,29.9,29.82,1,1,1.0
528,43,702.85,78.58,44.1,28.44,1,1,0.7966
528,44,788.3,91.3,64.35,45.65,1,1,1.0
528,45,456.14,71.4,61.31,34.84,1,1,1.0
528,47,535.4,19.38,18.05,18.14,1,1,1.0
529,29,458.48,51.4,34.75,26.44,1,1,0.7462
529,33,552.45,184.32,85.15,86.16,1,1,1.0
529,34,648.0,20.77,24.9,18.65,1,1,0.667
529,35,508.85,128.25,52.4,54.48,1,1,1.0
529,36,741.45,271.56,151.05,134.96,1,1,1.0
529,37,636.05,30.63,29.55,17.1,1,1,0.133
529,38,680.2,21.81,23.85,17.1,1,1,1.0
529,39,627.25,84.64,71.1,77.84,1,1,1.0
529,40,637.6,36.86,33.75,31.64,1,1,0.0573
529,41,700.95,41.02,39.95,26.96,1,1,1.0
529,42,544.15,51.4,30.1,30.6,1,1,1.0
529,43,701.5,77.89,43.55,27.48,1,1,0.7869
529,44,785.6,90.34,63.8,45.14,1,1,1.0
529,45,458.48,71.14,61.22,35.8,1,1,1.0
529,47,535.85,19.73,17.6,18.13,1,1,1.0
530,29,457.19,51.14,36.04,28.08,1,1,0.7315
530,33,552.7,187.7,86.6,87.72,1,1,1.0
530,34,647.65,20.42,24.8,18.31,1,1,0.6472
530,35,507.55,130.5,53.25,55.18,1,1,1.0
530,36,749.4,283.24,154.2,142.23,1,1,1.0
530,37,636.25,29.86,29.45,17.44,1,1,0.3908
530,38,679.65,21.38,23.85,17.44,1,1,1.0
530,39,628.9,86.28,71.15,78.63,1,1,1.0
530,40,636.9,36.43,33.55,30.68,1,1,0.8611
530,41,700.7,40.24,39.35,27.57,1,1,1.0
530,42,544.35,52.27,31.2,30.08,1,1,1.0
530,43,700.45,76.24,43.3,28.44,1,1,1.0
530,44,783.45,89.31,62.6,43.84,1,1,1.0
530,45,458.92,71.31,61.03,34.75,1,1,1.0
530,47,535.85,19.99,17.95,18.57,1,1,1.0
531,29,455.88,50.88,37.35,29.73,1,1,0.7213
531,33,553.0,191.07,88.05,89.28,1,1,1.0
531,34,647.3,20.08,24.7,17.96,1,1,0.6263
531,35,506.25,132.75,54.15,55.87,1,1,1.0
531,36,757.4,294.93,157.25,149.5,1,1,1.0
531,37,636.4,29.08,29.4,17.79,1,1,0.3892
531,38,679.15,20.94,23.85,17.79,1,1,1.0
531,39,630.5,87.92,71.3,79.4,1,1,1.0
531,40,636.25,36.0,33.35,29.73,1,1,0.8585
531,41,700.45,39.46,38.7,28.17,1,1,1.0
531,42,544.5,53.14,32.35,29.56,1,1,1.0
531,43,699.4,74.6,43.05,29.38,1,1,1.0
531,44,781.25,88.27,61.4,42.54,1,1,1.0
531,45,459.35,71.48,60.9,33.71,1,1,1.0
531,47,535.85,20.25,18.3,19.0,1,1,1.0
532,29,454.58,50.62,38.65,31.38,1,1,0.7146
532,33,553.25,194.45,89.5,90.83,1,1,1.0
532,34,646.95,19.73,24.65,17.61,1,1,0.6051
532,35,504.95,135.0,55.0,56.56,1,1,1.0
532,36,765.35,306.61,160.4,156.77,1,1,1.0
532,37,636.6,28.3,29.3,18.13,1,1,0.4009
532,38,678.65,20.51,23.85,18.14,1,1,1.0
532,39,632.15,89.56,71.35,80.18,1,1,1.0
532,40,635.55,35.57,33.2,28.78,1,1,0.8592
532,41,700.2,38.68,38.1,28.78,1,1,1.0
532,42,544.65,54.0,33.5,29.04,1,1,1.0
532,43,698.35,72.95,42.8,30.34,1,1,1.0
532,44,779.1,87.23,60.2,41.24,1,1,1.0
532,45,459.78,71.66,60.72,32.67,1,1,1.0
532,47,535.85,20.51,18.65,19.43,1,1,1.0
533,29,453.29,50.36,39.94,33.02,1,1,0.7106
533,33,553.5,197.82,91.0,92.39,1,1,1.0
533,34,646.6,19.38,24.55,17.27,1,1,0.5831
533,35,503.65,137.25,55.85,57.25,1,1,1.0
533,36,773.3,318.29,163.55,164.03,1,1,1.0
533,37,636.75,27.52,29.2,18.48,1,1,0.4121
533,38,678.1,20.08,23.85,18.48,1,1,1.0
533,39,633.8,91.21,71.45,80.97,1,1,1.0
533,40,634.85,35.14,33.0,27.82,1,1,0.8927
533,41,699.9,37.9,37.55,29.39,1,1,1.0
533,42,544.85,54.86,34.55,28.52,1,1,1.0
533,43,697.35,71.31,42.5,31.29,1,1,1.0
533,44,776.95,86.19,58.95,39.95,1,1,1.0
533,45,460.21,71.82,60.54,31.64,1,1,1.0
533,47,535.85,20.77,19.0,19.87,1,1,1.0
534,29,451.99,50.1,41.24,34.66,1,1,0.7089
534,33,553.75,201.2,92.5,93.94,1,1,1.0
534,34,646.25,19.04,24.45,16.92,1,1,0.5588
534,35,502.35,139.5,56.75,57.94,1,1,1.0
534,36,781.25,329.97,166.65,171.33,1,1,1.0
534,37,636.9,26.74,29.15,18.83,1,1,0.4229
534,38,677.6,19.64,23.85,18.83,1,1,1.0
534,39,635.45,92.86,71.55,81.74,1,1,1.0
534,40,634.15,34.7,32.85,26.87,1,1,0.9298
534,41,699.65,37.12,36.95,29.99,1,1,1.0
534,42,545.0,55.73,35.7,28.0,1,1,1.0
534,43,696.3,69.67,42.25,32.24,1,1,1.0
534,44,774.8,85.16,57.75,38.65,1,1,1.0
534,45,460.64,72.0,60.36,30.6,1,1,1.0
534,47,535.85,21.03,19.35,20.3,1,1,1.0
535,29,450.69,49.85,42.54,36.31,1,1,0.7089
535,33,554.0,204.57,93.95,95.5,1,1,1.0
535,34,645.9,18.69,24.4,16.58,1,1,0.5341
535,35,501.05,141.75,57.6,58.63,1,1,1.0
535,36,789.25,341.65,171.75,178.6,1,1,1.0
535,37,637.1,25.96,29.05,19.17,1,1,0.4333
535,38,677.1,19.21,23.8,19.17,1,1,1.0
535,39,637.1,94.5,71.6,82.52,1,1,1.0
535,40,633.45,34.27,32.7,25.92,1,1,0.9343
535,41,699.4,36.35,36.3,30.59,1,1,1.0
535,42,545.2,56.6,36.8,27.48,1,1,1.0
535,43,695.25,68.02,42.0,33.19,1,1,1.0
535,44,772.6,84.12,56.55,37.34,1,1,1.0
535,45,461.07,72.18,60.18,29.56,1,1,1.0
535,47,535.85,21.29,19.7,20.73,1,1,1.0
536,29,450.69,50.36,42.28,35.96,1,1,0.7223
536,33,554.65,209.51,96.1,98.62,1,1,1.0
536,34,645.4,18.78,23.7,17.18,1,1,0.5034
536,35,499.85,144.95,57.4,59.85,1,1,1.0
536,37,636.3,26.05,29.5,19.78,1,1,0.4226
536,38,675.85,18.95,23.95,19.17,1,1,1.0
536,39,638.05,97.1,73.85,82.96,1,1,1.0
536,40,632.5,33.92,32.1,25.84,1,1,0.9018
536,41,697.75,36.17,36.05,30.16,1,1,1.0
536,42,545.55,57.46,37.35,28.86,1,1,1.0
536,43,693.25,67.32,41.75,32.59,1,1,1.0
536,44,770.0,82.9,56.5,38.38,1,1,1.0
536,45,462.2,72.6,59.85,30.26,1,1,1.0
536,47,535.95,21.72,19.15,20.64,1,1,1.0
537,29,450.69,50.88,42.02,35.62,1,1,0.7357
537,33,555.25,214.44,98.25,101.74,1,1,1.0
537,34,644.9,18.87,22.95,17.79,1,1,0.4704
537,35,498.63,148.16,57.27,61.05,1,1,1.0
537,37,635.55,26.13,29.9,20.39,1,1,0.4171
537,38,674.65,18.69,24.0,19.17,1,1,1.0
537,39,639.0,99.69,76.1,83.38,1,1,1.0
537,40,631.55,33.58,31.45,25.75,1,1,0.9222
537,41,696.1,36.0,35.8,29.73,1,1,1.0
537,42,545.9,58.32,37.85,30.25,1,1,1.0
537,43,691.25,66.64,41.5,31.98,1,1,1.0
537,44,767.4,81.69,56.4,39.42,1,1,1.0
537,45,463.32,73.04,59.53,30.94,1,1,1.0
537,47,536.0,22.15,18.65,20.56,1,1,1.0
538,29,450.69,51.4,41.76,35.27,1,1,0.749
538,33,555.85,219.38,100.4,104.84,1,1,1.0
538,34,644.35,18.95,22.3,18.39,1,1,0.4372
538,35,497.43,151.35,57.07,62.28,1,1,1.0
538,37,634.75,26.22,30.35,20.99,1,1,0.4141
538,38,673.45,18.43,24.1,19.17,1,1,1.0
538,39,639.95,102.29,78.35,83.81,1,1,1.0
538,40,630.6,33.23,30.85,25.66,1,1,0.8832
538,41,694.45,35.83,35.55,29.3,1,1,1.0
538,42,546.25,59.19,38.35,31.64,1,1,1.0
538,43,689.3,65.94,41.2,31.38,1,1,1.0
538,44,764.85,80.48,56.3,40.46,1,1,1.0
538,45,464.45,73.47,59.15,31.64,1,1,1.0
538,47,536.1,22.59,18.15,20.47,1,1,1.0
539,29,450.69,51.92,41.5,34.92,1,1,0.7623
539,33,556.45,224.31,102.6,107.96,1,1,1.0
539,34,643.85,19.04,21.6,19.0,1,1,0.4026
539,35,496.21,154.56,56.89,63.48,1,1,1.0
539,37,634.0,26.31,30.75,21.6,1,1,0.4142
539,38,672.25,18.17,24.15,19.17,1,1,1.0
539,39,640.9,104.89,80.6,84.24,1,1,1.0
539,40,629.65,32.88,30.25,25.58,1,1,0.8797
539,41,692.85,35.65,35.25,28.87,1,1,1.0
539,42,546.6,60.06,38.9,33.02,1,1,1.0
539,43,687.3,65.25,40.95,30.77,1,1,1.0
539,44,762.25,79.27,56.2,41.5,1,1,1.0
539,45,465.57,73.9,58.83,32.33,1,1,1.0
539,47,536.2,23.02,17.6,20.39,1,1,1.0
540,29,450.69,52.44,41.25,34.58,1,1,0.7755
540,33,557.05,229.24,104.75,111.08,1,1,1.0
540,34,643.35,19.12,20.9,19.61,1,1,0.3708
540,35,495.0,157.76,56.75,64.69,1,1,1.0
540,37,633.2,26.39,31.2,22.2,1,1,0.417
540,38,671.0,17.91,24.3,19.17,1,1,1.0
540,39,641.85,107.48,82.85,84.68,1,1,1.0
540,40,628.7,32.54,29.65,25.49,1,1,0.8368
540,41,691.2,35.48,35.0,28.43,1,1,1.0
540,42,546.9,60.92,39.45,34.4,1,1,1.0
540,43,685.3,64.56,40.7,30.16,1,1,1.0
540,44,759.65,78.06,56.1,42.54,1,1,1.0
540,45,466.7,74.33,58.45,33.02,1,1,1.0
540,47,536.3,23.45,17.1,20.3,1,1,1.0
541,29,450.69,52.96,40.99,34.23,1,1,0.7888
541,33,557.65,234.18,106.95,114.19,1,1,1.0
541,34,642.8,19.21,20.2,20.21,1,1,0.3597
541,35,493.79,160.96,56.56,65.91,1,1,1.0
541,37,632.4,26.48,31.65,22.81,1,1,0.4221
541,38,669.8,17.65,24.35,19.17,1,1,1.0
541,39,642.8,110.08,85.1,85.11,1,1,1.0
541,40,627.75,32.19,29.05,25.4,1,1,0.8658
541,41,689.55,35.31,34.75,28.0,1,1,1.0
541,42,547.25,61.79,39.95,35.78,1,1,1.0
541,43,683.3,63.86,40.45,29.56,1,1,1.0
541,44,757.05,76.84,56.05,43.58,1,1,1.0
541,45,467.82,74.77,58.13,33.71,1,1,1.0
541,47,536.35,23.88,16.6,20.21,1,1,1.0
541,48,897.75,233.66,63.25,78.36,1,1,0.6395
542,29,450.26,52.96,41.16,33.28,1,1,1.0
542,33,557.9,240.23,109.9,117.14,1,1,1.0
542,35,491.63,163.82,58.22,66.94,1,1,1.0
542,37,633.45,25.79,30.35,22.81,1,1,0.444
542,39,644.8,112.68,87.1,87.79,1,1,1.0
542,40,626.95,31.41,28.9,24.97,1,1,0.8722
542,41,689.1,34.7,34.5,27.05,1,1,1.0
542,42,547.95,62.66,39.35,35.01,1,1,1.0
542,43,682.2,62.66,40.25,28.95,1,1,1.0
542,44,755.15,75.72,55.15,42.11,1,1,1.0
542,45,468.78,74.86,57.62,33.8,1,1,1.0
542,47,536.3,23.62,16.2,20.3,1,1,1.0
542,48,891.1,228.03,69.9,76.37,1,1,0.6932
543,29,449.82,52.96,41.33,32.33,1,1,1.0
543,33,558.15,246.29,112.85,120.08,1,1,1.0
543,35,489.46,166.68,59.84,67.98,1,1,1.0
543,37,634.5,25.1,29.05,22.81,1,1,0.4683
543,39,646.8,115.27,89.1,90.48,1,1,1.0
543,40,626.2,30.63,28.7,24.54,1,1,0.862
543,41,688.65,34.1,34.25,26.09,1,1,1.0
543,42,548.65,63.52,38.75,34.23,1,1,1.0
543,43,681.05,61.44,40.1,28.35,1,1,1.0
543,44,753.25,74.6,54.3,40.64,1,1,1.0
543,45,469.73,74.94,57.07,33.89,1,1,1.0
543,47,536.2,23.37,15.9,20.38,1,1,1.0
543,48,884.4,222.41,76.6,74.38,1,1,0.7399
544,29,449.39,52.96,41.5,31.38,1,1,1.0
544,33,558.45,252.35,115.75,123.02,1,1,1.0
544,35,487.3,169.53,61.5,69.02,1,1,1.0
544,37,635.55,24.4,27.75,22.81,1,1,0.4954
544,39,648.8,117.86,91.05,93.17,1,1,1.0
544,40,625.4,29.86,28.55,24.1,1,1,0.8728
544,41,688.25,33.49,33.95,25.14,1,1,1.0
544,42,549.35,64.39,38.1,33.45,1,1,1.0
544,43,679.95,60.23,39.95,27.74,1,1,1.0
544,44,751.35,73.47,53.4,39.17,1,1,1.0
544,45,470.69,75.03,56.56,33.97,1,1,1.0
544,47,536.1,23.11,15.55,20.47,1,1,1.0
544,48,877.75,216.78,83.25,72.4,1,1,0.7865
545,29,448.96,52.96,41.67,30.42,1,1,1.0
545,33,558.7,258.4,118.7,125.97,1,1,1.0
545,35,485.13,172.38,63.12,70.06,1,1,1.0
545,37,636.6,23.71,26.4,22.81,1,1,0.5249
545,39,650.75,120.46,93.1,95.85,1,1,1.0
545,40,624.65,29.08,28.35,23.67,1,1,0.8911
545,41,687.8,32.88,33.7,24.19,1,1,1.0
545,42,550.05,65.25,37.5,32.67,1,1,1.0
545,43,678.8,59.02,39.8,27.14,1,1,1.0
545,44,749.4,72.34,52.6,37.7,1,1,1.0
545,45,471.63,75.11,56.02,34.06,1,1,1.0
545,47,536.0,22.85,15.2,20.56,1,1,1.0
545,48,871.1,211.16,89.9,70.4,1,1,0.8396
546,29,448.53,52.96,41.85,29.48,1,1,1.0
546,33,558.95,264.46,121.65,128.91,1,1,1.0
546,35,482.97,175.24,64.78,71.1,1,1,1.0
546,37,637.6,23.02,25.15,22.81,1,1,0.5584
546,39,652.75,123.06,95.1,98.53,1,1,1.0
546,40,623.85,28.3,28.2,23.24,1,1,0.9039
546,41,687.4,32.28,33.45,23.24,1,1,1.0
546,42,550.75,66.11,36.9,31.9,1,1,1.0
546,43,677.7,57.81,39.6,26.52,1,1,1.0
546,44,747.5,71.22,51.75,36.22,1,1,1.0
546,45,472.58,75.2,55.52,34.15,1,1,1.0
546,47,535.95,22.59,14.85,20.64,1,1,1.0
546,48,864.45,205.53,96.55,68.41,1,1,0.8253
547,29,448.1,52.96,42.02,28.52,1,1,1.0
547,33,559.2,270.52,124.6,131.85,1,1,1.0
547,35,480.81,178.1,66.44,72.13,1,1,1.0
547,37,638.65,22.33,23.85,22.81,1,1,0.5968
547,39,654.75,125.66,97.05,101.21,1,1,1.0
547,40,623.1,27.52,28.0,22.81,1,1,0.9108
547,41,686.95,31.67,33.2,22.29,1,1,1.0
547,42,551.4,66.98,36.35,31.12,1,1,1.0
547,43,676.55,56.6,39.45,25.92,1,1,1.0
547,44,745.6,70.1,50.85,34.76,1,1,1.0
547,45,473.54,75.29,55.01,34.23,1,1,1.0
547,47,535.85,22.33,14.5,20.73,1,1,1.0
547,48,857.75,199.91,89.8,66.41,1,1,0.8338
547,49,909.15,147.46,51.85,56.56,1,1,0.9462
548,29,449.05,52.7,40.55,28.0,1,1,1.0
548,33,560.15,277.79,128.05,137.39,1,1,1.0
548,35,478.47,181.21,67.98,75.34,1,1,1.0
548,37,638.05,21.29,23.65,22.64,1,1,0.5437
548,39,658.05,127.99,97.15,103.98,1,1,1.0
548,40,622.3,26.57,27.9,22.9,1,1,0.0202
548,41,686.5,30.81,32.35,22.29,1,1,1.0
548,42,552.05,67.76,36.55,31.29,1,1,1.0
548,43,675.8,55.38,38.95,25.92,1,1,0.7475
548,44,743.95,68.54,50.25,34.84,1,1,1.0
548,45,475.27,74.51,54.03,35.18,1,1,1.0
548,47,535.25,22.24,15.2,21.08,1,1,1.0
548,48,851.0,195.32,88.95,64.78,1,1,0.7692
548,49,904.05,143.91,56.95,57.43,1,1,0.9339
549,29,450.0,52.44,39.07,27.48,1,1,1.0
549,33,561.1,285.06,131.5,142.92,1,1,1.0
549,35,476.13,184.32,69.52,78.55,1,1,1.0
549,37,637.45,20.25,23.5,22.46,1,1,0.5811
549,39,661.35,130.32,97.2,106.75,1,1,1.0
549,40,621.5,25.62,27.85,22.98,1,1,0.0467
549,41,686.1,29.94,31.45,22.29,1,1,1.0
549,42,552.65,68.54,36.8,31.46,1,1,1.0
549,43,675.0,54.18,38.55,25.92,1,1,0.7602
549,44,742.35,66.98,49.6,34.93,1,1,1.0
549,45,477.0,73.73,53.1,36.13,1,1,1.0
549,47,534.65,22.15,15.85,21.42,1,1,1.0
549,48,844.25,190.73,88.1,63.14,1,1,0.7372
549,49,898.95,140.37,62.05,58.29,1,1,0.9268
550,29,450.95,52.18,37.61,26.96,1,1,1.0
550,33,562.05,292.32,135.0,148.47,1,1,1.0
550,35,473.8,187.44,71.1,81.75,1,1,1.0
550,37,636.85,19.21,23.3,22.29,1,1,0.6223
550,39,664.6,132.66,97.35,109.53,1,1,1.0
550,40,620.75,24.66,27.75,23.07,1,1,0.0753
550,41,685.65,29.08,30.6,22.29,1,1,1.0
550,42,553.25,69.32,37.1,31.64,1,1,1.0
550,43,674.2,52.96,38.15,25.92,1,1,0.8072
550,44,740.7,65.42,49.0,35.01,1,1,1.0
550,45,478.73,72.95,52.17,37.09,1,1,1.0
550,47,534.05,22.07,16.55,21.77,1,1,1.0
550,48,837.5,186.15,87.2,61.48,1,1,0.7722
550,49,893.85,136.82,67.15,59.15,1,1,0.9237
551,29,451.9,51.92,36.14,26.44,1,1,1.0
551,33,563.0,299.6,138.45,154.0,1,1,1.0
551,35,471.46,190.56,72.64,84.94,1,1,1.0
551,37,636.25,18.17,23.15,22.12,1,1,0.6325
551,39,667.9,135.0,97.4,112.29,1,1,1.0
551,40,619.95,23.71,27.65,23.15,1,1,0.0357
551,41,685.2,28.21,29.75,22.29,1,1,1.0
551,42,553.85,70.1,37.35,31.82,1,1,1.0
551,43,673.45,51.75,37.7,25.92,1,1,0.8537
551,44,739.05,63.86,48.4,35.1,1,1,1.0
551,45,480.46,72.18,51.19,38.03,1,1,1.0
551,47,533.4,21.98,17.3,22.12,1,1,1.0
551,48,830.75,181.56,86.35,59.85,1,1,0.7359
551,49,888.75,133.27,72.25,60.02,1,1,0.9233
552,29,452.86,51.66,34.66,25.92,1,1,1.0
552,33,563.95,306.87,141.9,159.53,1,1,1.0
552,35,469.13,193.68,74.22,88.14,1,1,1.0
552,37,635.65,17.13,22.95,21.94,1,1,0.6403
552,39,671.2,137.34,97.5,115.06,1,1,1.0
552,40,619.2,22.76,27.55,23.24,1,1,0.0809
552,41,684.8,27.35,28.85,22.29,1,1,1.0
552,42,554.45,70.88,37.6,31.98,1,1,1.0
552,43,672.65,50.54,37.25,25.92,1,1,0.8662
552,44,737.4,62.31,47.8,35.18,1,1,1.0
552,45,482.19,71.4,50.26,38.99,1,1,1.0
552,47,532.8,21.89,18.0,22.46,1,1,1.0
552,48,824.0,176.97,85.5,58.21,1,1,0.7257
552,49,883.65,129.72,77.35,60.88,1,1,0.9252
553,29,453.81,51.4,33.19,25.4,1,1,1.0
553,33,564.9,314.13,145.35,165.08,1,1,1.0
553,35,466.79,196.79,75.76,91.34,1,1,1.0
553,37,635.0,16.1,22.85,21.77,1,1,0.6481
553,39,674.5,139.68,97.55,117.82,1,1,1.0
553,40,618.4,21.81,27.5,23.33,1,1,0.014
553,41,684.35,26.48,28.0,22.29,1,1,1.0
553,42,555.05,71.66,37.85,32.16,1,1,1.0
553,43,671.9,49.33,36.8,25.92,1,1,0.8962
553,44,735.75,60.75,47.2,35.27,1,1,1.0
553,45,483.93,70.61,49.27,39.94,1,1,1.0
553,47,532.2,21.81,18.65,22.81,1,1,1.0
553,48,817.25,172.38,84.6,56.56,1,1,0.7152
553,49,878.55,126.18,82.45,61.75,1,1,0.9288
554,29,452.6,50.71,34.32,26.53,1,1,1.0
554,33,565.9,324.35,150.45,163.43,1,1,1.0
554,35,463.85,201.46,77.5,94.73,1,1,1.0
554,37,633.8,15.84,23.15,22.03,1,1,0.6624
554,39,676.65,143.66,100.6,119.29,1,1,1.0
554,40,617.45,21.55,26.9,22.9,1,1,0.0398
554,41,682.7,26.13,28.7,22.46,1,1,1.0
554,42,555.65,72.6,38.9,33.28,1,1,1.0
554,43,670.4,48.12,36.85,25.58,1,1,0.9179
554,44,733.15,60.23,47.75,34.84,1,1,1.0
554,45,483.57,71.22,49.63,39.34,1,1,1.0
554,47,532.05,22.15,18.65,22.63,1,1,1.0
554,48,812.95,167.97,83.05,56.91,1,1,0.7426
554,49,873.6,123.58,75.15,62.36,1,1,0.9141
555,29,451.38,50.02,35.44,27.66,1,1,1.0
555,33,566.85,334.56,155.55,161.79,1,1,1.0
555,35,460.9,206.13,79.25,98.1,1,1,1.0
555,37,632.6,15.58,23.5,22.29,1,1,0.6788
555,39,678.8,147.63,103.65,120.77,1,1,1.0
555,40,616.5,21.29,26.25,22.46,1,1,0.0317
555,41,681.05,25.79,29.4,22.64,1,1,1.0
555,42,556.25,73.56,39.95,34.4,1,1,1.0
555,43,668.95,46.9,36.8,25.23,1,1,0.9211
555,44,730.55,59.71,48.25,34.4,1,1,1.0
555,45,483.23,71.82,49.97,38.74,1,1,1.0
555,47,531.85,22.5,18.65,22.46,1,1,1.0
555,48,808.6,163.56,81.5,57.25,1,1,0.7135
555,49,868.65,120.98,75.1,62.96,1,1,0.9075
556,29,450.18,49.33,36.56,28.78,1,1,1.0
556,33,567.8,344.77,160.65,160.13,1,1,1.0
556,35,457.96,210.81,80.94,101.47,1,1,1.0
556,37,631.4,15.32,23.85,22.55,1,1,0.6932
556,39,680.95,151.62,106.7,122.24,1,1,1.0
556,40,615.55,21.03,25.65,22.03,1,1,0.0708
556,41,679.4,25.44,30.1,22.81,1,1,1.0
556,42,556.9,74.51,40.95,35.53,1,1,1.0
556,43,667.45,45.69,36.85,24.88,1,1,0.9498
556,44,727.95,59.19,48.8,33.98,1,1,1.0
556,45,482.88,72.44,50.32,38.12,1,1,1.0
556,47,531.7,22.85,18.65,22.29,1,1,1.0
556,48,804.3,159.15,79.9,57.59,1,1,0.7078
556,49,863.75,118.39,75.0,63.56,1,1,0.9022
557,29,448.96,48.64,37.69,29.9,1,1,1.0
557,33,568.75,354.98,165.75,158.52,1,1,1.0
557,35,455.02,215.48,82.68,104.84,1,1,1.0
557,37,630.15,15.06,24.2,22.81,1,1,0.6865
557,39,683.15,155.6,109.7,123.71,1,1,1.0
557,40,614.6,20.77,25.05,21.6,1,1,0.0815
557,41,677.75,25.1,30.8,22.98,1,1,1.0
557,42,557.5,75.46,42.0,36.65,1,1,1.0
557,43,666.0,44.48,36.85,24.54,1,1,0.9104
557,44,725.35,58.68,49.3,33.53,1,1,1.0
557,45,482.54,73.04,50.66,37.52,1,1,1.0
557,47,531.5,23.19,18.65,22.12,1,1,1.0
557,48,799.95,154.73,78.4,57.95,1,1,0.7023
557,49,858.8,115.79,74.9,64.17,1,1,0.8974
558,29,447.75,47.94,38.82,31.03,1,1,1.0
558,33,569.7,365.19,170.85,156.86,1,1,1.0
558,35,452.07,220.16,84.43,108.22,1,1,1.0
558,37,628.95,14.8,24.55,23.07,1,1,0.6793
558,39,685.3,159.57,112.7,125.19,1,1,1.0
558,40,613.65,20.51,24.45,21.16,1,1,0.0457
558,41,676.15,24.75,31.45,23.15,1,1,1.0
558,42,558.1,76.42,43.05,37.78,1,1,1.0
558,43,664.55,43.27,36.8,24.19,1,1,0.9336
558,44,722.75,58.16,49.85,33.1,1,1,1.0
558,45,482.19,73.64,51.01,36.92,1,1,1.0
558,47,531.35,23.54,18.65,21.94,1,1,1.0
558,48,795.65,150.32,76.8,58.28,1,1,0.7159
558,49,853.9,113.19,74.8,64.78,1,1,1.0
559,29,446.54,47.25,39.94,32.16,1,1,1.0
559,33,570.65,375.4,175.95,155.2,1,1,1.0
559,35,449.13,224.82,86.17,111.61,1,1,1.0
559,37,627.75,14.54,24.9,23.33,1,1,0.6575
559,39,687.45,163.56,115.75,126.65,1,1,1.0
559,40,612.7,20.25,23.85,20.73,1,1,0.0
559,41,674.5,24.4,32.15,23.33,1,1,1.0
559,42,558.7,77.36,44.1,38.9,1,1,1.0
559,43,663.05,42.06,36.85,23.85,1,1,0.9395
559,44,720.15,57.64,50.35,32.67,1,1,1.0
559,45,481.85,74.25,51.35,36.31,1,1,1.0
559,47,531.15,23.88,18.7,21.77,1,1,1.0
559,48,791.3,145.91,75.25,58.63,1,1,0.7124
559,49,848.95,110.6,74.7,65.38,1,1,1.0
560,29,446.45,48.03,40.03,31.72,1,1,1.0
560,33,574.35,389.77,171.55,140.48,1,1,1.0
560,35,445.85,233.4,88.5,113.67,1,1,1.0
560,37,628.2,14.88,24.0,23.33,1,1,0.6619
560,39,691.8,169.79,120.85,133.49,1,1,1.0
560,40,612.15,20.77,24.15,20.56,1,1,0.0758
560,41,674.55,24.4,31.5,23.76,1,1,1.0
560,42,559.8,79.36,43.75,39.42,1,1,1.0
560,43,662.0,41.71,36.4,24.45,1,1,0.8991
560,44,719.5,57.2,49.2,32.85,1,1,1.0
560,45,482.8,75.72,49.55,35.79,1,1,1.0
560,47,531.5,24.75,18.5,21.16,1,1,1.0
560,48,786.05,144.6,75.6,55.7,1,1,0.6827
560,49,845.4,109.99,72.9,63.74,1,1,1.0
561,29,446.37,48.81,40.11,31.29,1,1,1.0
561,33,578.1,404.13,167.15,125.77,1,1,1.0
561,35,442.56,241.96,90.84,115.75,1,1,1.0
561,37,628.6,15.23,23.15,23.33,1,1,0.6006
561,39,696.1,176.02,126.0,140.33,1,1,1.0
561,40,611.65,21.29,24.35,20.39,1,1,0.0813
561,41,674.65,24.4,30.75,24.19,1,1,1.0
561,42,560.95,81.34,43.4,39.94,1,1,1.0
561,43,661.0,41.36,35.95,25.06,1,1,0.8496
561,44,718.8,56.77,48.05,33.02,1,1,1.0
561,45,483.75,77.19,47.75,35.27,1,1,1.0
561,47,531.85,25.62,18.3,20.56,1,1,1.0
561,48,780.75,143.31,75.95,52.75,1,1,0.6684
561,49,841.85,109.39,71.1,62.09,1,1,1.0
562,29,446.28,49.59,40.2,30.85,1,1,1.0
562,33,581.8,418.5,162.75,111.1,1,1,1.0
562,35,439.27,250.53,93.18,117.83,1,1,1.0
562,37,629.05,15.58,22.3,23.33,1,1,0.6278
562,39,700.45,182.25,131.05,147.17,1,1,1.0
562,40,611.15,21.81,24.6,20.21,1,1,0.0437
562,41,674.75,24.4,30.05,24.62,1,1,1.0
562,42,562.05,83.34,43.1,40.47,1,1,1.0
562,43,659.95,41.02,35.5,25.67,1,1,0.7912
562,44,718.1,56.34,46.95,33.2,1,1,1.0
562,45,484.7,78.67,45.9,34.76,1,1,1.0
562,47,532.2,26.48,18.15,19.95,1,1,1.0
562,48,775.45,142.01,76.3,49.81,1,1,0.6136
562,49,838.3,108.78,69.3,60.45,1,1,1.0
563,29,446.19,50.36,40.29,30.42,1,1,1.0
563,33,585.5,432.87,158.35,96.38,1,1,1.0
563,35,435.98,259.1,95.52,119.9,1,1,1.0
563,37,629.5,15.92,21.4,23.33,1,1,0.6313
563,39,704.75,188.48,136.2,154.0,1,1,1.0
563,40,610.6,22.33,24.9,20.04,1,1,0.0201
563,41,674.85,24.4,29.35,25.06,1,1,1.0
563,42,563.2,85.32,42.7,40.98,1,1,1.0
563,43,658.9,40.67,35.1,26.27,1,1,0.7895
563,44,717.4,55.9,45.85,33.36,1,1,1.0
563,45,485.65,80.14,44.1,34.22,1,1,1.0
563,47,532.55,27.35,17.95,19.35,1,1,1.0
563,48,770.2,140.71,76.65,46.86,1,1,0.6024
563,49,834.75,108.18,67.45,58.8,1,1,1.0
564,29,446.11,51.14,40.37,29.99,1,1,1.0
564,33,589.25,447.23,153.9,81.67,1,1,1.0
564,35,432.69,267.67,97.86,121.97,1,1,1.0
564,37,629.9,16.27,20.55,23.33,1,1,0.6352
564,39,709.1,194.71,141.3,160.84,1,1,1.0
564,40,610.1,22.85,25.15,19.87,1,1,0.0675
564,41,674.9,24.4,28.7,25.49,1,1,1.0
564,42,564.3,87.32,42.4,41.5,1,1,1.0
564,43,657.85,40.33,34.7,26.87,1,1,0.7265
564,44,716.7,55.47,44.7,33.54,1,1,1.0
564,45,486.61,81.6,42.29,33.72,1,1,1.0
564,47,532.9,28.21,17.8,18.74,1,1,1.0
564,48,764.9,139.41,77.0,43.93,1,1,0.5965
564,49,831.2,107.57,65.65,57.16,1,1,1.0
565,29,446.02,51.92,40.46,29.56,1,1,1.0
565,33,592.95,461.6,149.5,66.95,1,1,1.0
565,35,429.4,276.23,100.2,124.06,1,1,1.0
565,37,630.35,16.62,19.7,23.33,1,1,0.6193
565,39,713.4,200.94,146.4,167.68,1,1,1.0
565,40,609.6,23.37,25.4,19.69,1,1,0.0503
565,41,675.0,24.4,28.0,25.92,1,1,1.0
565,42,565.45,89.31,42.0,42.01,1,1,1.0
565,43,656.85,39.98,34.2,27.48,1,1,0.7287
565,44,716.0,55.04,43.6,33.71,1,1,1.0
565,45,487.56,83.08,40.44,33.2,1,1,1.0
565,47,533.25,29.08,17.6,18.14,1,1,1.0
565,48,759.65,138.12,77.3,40.98,1,1,0.5211
565,49,827.65,106.96,63.85,55.52,1,1,1.0
566,29,447.23,52.01,40.29,29.3,1,1,1.0
566,35,426.2,284.8,102.15,129.85,1,1,1.0
566,37,629.85,16.53,20.1,23.07,1,1,0.5794
566,39,719.2,207.78,154.0,175.2,1,1,1.0
566,40,609.4,22.59,24.7,20.04,1,1,0.0243
566,41,674.55,24.23,28.35,25.84,1,1,1.0
566,42,565.9,90.44,43.3,43.92,1,1,1.0
566,43,656.85,39.55,33.35,27.14,1,1,0.6497
566,44,715.25,54.26,43.15,34.15,1,1,1.0
566,45,487.56,83.08,41.69,34.58,1,1,1.0
566,47,533.75,28.99,18.0,19.17,1,1,1.0
566,48,757.55,135.0,75.35,41.85,1,1,0.4975
566,49,825.15,105.32,62.85,54.56,1,1,1.0
567,29,448.44,52.1,40.12,29.04,1,1,1.0
567,35,423.0,293.37,104.15,135.65,1,1,1.0
567,37,629.3,16.44,20.55,22.81,1,1,0.584
567,39,725.0,214.62,161.65,182.73,1,1,1.0
567,40,609.25,21.81,24.0,20.39,1,1,0.0507
567,41,674.15,24.06,28.7,25.75,1,1,1.0
567,42,566.3,91.56,44.6,45.82,1,1,1.0
567,43,656.85,39.12,32.5,26.79,1,1,0.6529
567,44,714.45,53.48,42.7,34.58,1,1,1.0
567,45,487.56,83.08,42.89,35.97,1,1,1.0
567,47,534.3,28.9,18.3,20.21,1,1,1.0
567,48,755.5,131.88,73.35,42.72,1,1,0.5211
567,49,822.65,103.68,61.9,53.61,1,1,1.0
568,29,449.65,52.18,39.95,28.78,1,1,1.0
568,35,419.8,301.94,106.15,141.44,1,1,1.0
568,37,628.8,16.36,21.0,22.55,1,1,0.5912
568,39,730.8,221.45,169.25,190.26,1,1,1.0
568,40,609.05,21.03,23.35,20.73,1,1,0.0856
568,41,673.7,23.88,29.05,25.66,1,1,1.0
568,42,566.75,92.68,45.9,47.72,1,1,1.0
568,43,656.85,38.68,31.6,26.44,1,1,0.7307
568,44,713.7,52.7,42.25,35.01,1,1,1.0
568,45,487.56,83.08,44.09,37.35,1,1,1.0
568,47,534.8,28.82,18.65,21.25,1,1,1.0
568,48,753.4,128.77,71.35,43.58,1,1,0.5207
568,49,820.15,102.03,60.95,52.66,1,1,1.0
569,29,450.87,52.27,39.76,28.52,1,1,1.0
569,35,416.6,310.5,108.15,147.25,1,1,1.0
569,37,628.25,16.27,21.45,22.29,1,1,0.49
569,39,736.6,228.29,176.85,197.78,1,1,1.0
569,40,608.9,20.25,22.6,21.08,1,1,0.0852
569,41,673.25,23.71,29.4,25.58,1,1,1.0
569,42,567.15,93.81,47.25,49.63,1,1,1.0
569,43,656.85,38.25,30.75,26.1,1,1,0.7318
569,44,712.9,51.92,41.85,35.44,1,1,1.0
569,45,487.56,83.08,45.29,38.74,1,1,1.0
569,47,535.35,28.73,19.0,22.29,1,1,1.0
569,48,751.35,125.66,69.35,44.44,1,1,0.5197
569,49,817.6,100.39,60.05,51.71,1,1,1.0
570,29,452.07,52.36,39.61,28.26,1,1,1.0
570,35,413.39,319.07,110.11,153.05,1,1,1.0
570,37,627.75,16.18,21.85,22.03,1,1,0.3601
570,39,742.4,235.13,184.5,205.31,1,1,1.0
570,40,608.7,19.47,21.95,21.42,1,1,0.0247
570,41,672.85,23.54,29.7,25.49,1,1,1.0
570,42,567.6,94.94,48.5,51.54,1,1,1.0
570,43,656.85,37.82,29.9,25.75,1,1,0.7467
570,44,712.15,51.14,41.4,35.88,1,1,1.0
570,45,487.56,83.08,46.54,40.12,1,1,1.0
570,46,498.13,12.8,45.8,57.53,1,1,1.0
570,47,535.85,28.64,19.35,23.33,1,1,0.5824
570,48,749.25,122.54,67.4,45.31,1,1,0.5187
570,49,815.1,98.74,59.05,50.76,1,1,1.0
571,29,453.29,52.44,39.42,28.0,1,1,1.0
571,35,410.19,327.63,112.11,158.85,1,1,1.0
571,37,627.25,16.1,22.25,21.77,1,1,0.3777
571,39,748.2,241.96,192.1,212.85,1,1,1.0
571,40,608.55,18.69,21.25,21.77,1,1,0.0
571,41,672.4,23.37,30.1,25.4,1,1,1.0
571,42,568.05,96.06,49.8,53.44,1,1,1.0
571,43,656.85,37.38,29.0,25.4,1,1,0.7396
571,44,711.35,50.36,41.0,36.31,1,1,1.0
571,45,487.56,83.08,47.74,41.5,1,1,1.0
571,46,498.67,13.55,45.8,57.21,1,1,1.0
571,47,536.35,28.56,19.7,24.37,1,1,0.5878
571,48,747.15,119.43,65.4,46.17,1,1,0.5479
571,49,812.6,97.1,58.1,49.82,1,1,1.0
571,50,557.65,11.94,21.75,19.69,1,1,1.0
572,29,452.94,53.05,39.43,27.65,1,1,1.0
572,35,406.82,337.94,114.53,156.07,1,1,1.0
572,37,627.15,16.01,22.35,21.25,1,1,1.0
572,39,757.3,252.35,185.85,214.92,1,1,1.0
572,40,608.35,19.04,21.35,20.82,1,1,0.8118
572,41,672.6,23.11,29.45,25.4,1,1,1.0
572,42,568.75,98.22,50.4,53.01,1,1,1.0
572,43,656.3,37.47,29.05,24.62,1,1,1.0
572,44,710.65,50.19,40.75,36.05,1,1,1.0
572,45,488.43,84.38,47.72,41.32,1,1,1.0
572,46,499.2,14.29,45.8,56.89,1,1,1.0
572,47,536.35,29.42,19.95,24.45,1,1,0.5664
572,48,744.75,117.69,64.95,46.26,1,1,0.834
572,49,809.4,95.62,57.85,50.06,1,1,1.0
572,50,558.35,12.89,21.25,18.83,1,1,1.0
573,29,452.6,53.66,39.42,27.3,1,1,1.0
573,35,403.44,348.23,116.96,153.32,1,1,1.0
573,37,627.05,15.92,22.45,20.73,1,1,1.0
573,39,766.4,262.73,179.6,217.0,1,1,1.0
573,40,608.2,19.38,21.4,19.87,1,1,0.888
573,41,672.75,22.85,28.85,25.4,1,1,1.0
573,42,569.4,100.39,51.05,52.57,1,1,1.0
573,43,655.8,37.56,29.05,23.85,1,1,1.0
573,44,709.95,50.02,40.45,35.79,1,1,1.0
573,45,489.29,85.68,47.71,41.16,1,1,1.0
573,46,499.73,15.04,45.8,56.57,1,1,1.0
573,47,536.35,30.29,20.25,24.54,1,1,0.5467
573,48,742.35,115.96,64.5,46.35,1,1,0.819
573,49,806.2,94.16,57.6,50.32,1,1,1.0
573,50,559.05,13.85,20.7,17.96,1,1,1.0
574,29,452.25,54.26,39.43,26.96,1,1,1.0
574,35,400.07,358.53,119.38,150.52,1,1,1.0
574,37,626.95,15.84,22.55,20.21,1,1,1.0
574,39,775.45,273.12,173.4,219.07,1,1,1.0
574,40,608.0,19.73,21.55,18.91,1,1,0.8859
574,41,672.9,22.59,28.3,25.4,1,1,1.0
574,42,570.1,102.55,51.65,52.14,1,1,1.0
574,43,655.25,37.64,29.05,23.07,1,1,1.0
574,44,709.25,49.85,40.2,35.53,1,1,1.0
574,45,490.15,86.97,47.75,40.98,1,1,1.0
574,46,500.27,15.79,45.8,56.25,1,1,1.0
574,47,536.35,31.15,20.5,24.63,1,1,0.5259
574,48,739.9,114.23,64.1,46.43,1,1,0.8265
574,49,803.0,92.68,57.35,50.58,1,1,1.0
574,50,559.75,14.8,20.2,17.1,1,1,1.0
575,29,451.9,54.86,39.42,26.62,1,1,1.0
575,35,396.69,368.82,121.81,147.78,1,1,1.0
575,37,626.9,15.75,22.6,19.69,1,1,1.0
575,39,784.55,283.5,176.45,221.15,1,1,1.0
575,40,607.85,20.08,21.6,17.96,1,1,0.8135
575,41,673.1,22.33,27.65,25.4,1,1,1.0
575,42,570.8,104.71,52.25,51.72,1,1,1.0
575,43,654.75,37.73,29.05,22.29,1,1,1.0
575,44,708.6,49.67,39.9,35.27,1,1,1.0
575,45,491.02,88.27,47.73,40.8,1,1,1.0
575,46,500.8,16.53,45.8,55.93,1,1,1.0
575,47,536.35,32.02,20.75,24.71,1,1,0.506
575,48,737.5,112.5,63.65,46.52,1,1,0.8085
575,49,799.8,91.21,57.05,50.85,1,1,1.0
575,50,560.4,15.75,19.7,16.23,1,1,1.0
576,29,451.56,55.47,39.42,26.27,1,1,1.0
576,35,393.32,379.13,124.23,145.02,1,1,1.0
576,37,626.8,15.66,22.7,19.17,1,1,1.0
576,39,793.65,293.88,167.35,223.22,1,1,1.0
576,40,607.65,20.42,21.7,17.01,1,1,0.9323
576,41,673.25,22.07,27.05,25.4,1,1,1.0
576,42,571.5,106.88,52.85,51.28,1,1,1.0
576,43,654.25,37.82,29.0,21.51,1,1,1.0
576,44,707.9,49.5,39.65,35.01,1,1,1.0
576,45,491.88,89.56,47.72,40.64,1,1,1.0
576,46,501.33,17.28,45.8,55.61,1,1,1.0
576,47,536.35,32.88,21.0,24.8,1,1,0.4867
576,48,735.05,110.77,63.25,46.61,1,1,0.8518
576,49,796.6,89.74,56.8,51.11,1,1,1.0
576,50,561.1,16.7,19.2,15.36,1,1,1.0
577,29,451.21,56.08,39.42,25.92,1,1,1.0
577,35,389.94,389.43,126.66,142.22,1,1,1.0
577,37,626.7,15.58,22.8,18.65,1,1,1.0
577,39,802.75,304.27,158.25,225.33,1,1,1.0
577,40,607.5,20.77,21.75,16.06,1,1,0.9309
577,41,673.45,21.81,26.45,25.4,1,1,1.0
577,42,572.2,109.04,53.45,50.84,1,1,1.0
577,43,653.7,37.9,29.05,20.73,1,1,1.0
577,44,707.2,49.33,39.4,34.75,1,1,1.0
577,45,492.75,90.86,47.75,40.46,1,1,1.0
577,46,501.87,18.03,45.8,55.29,1,1,1.0
577,47,536.35,33.75,21.25,24.88,1,1,0.4673
577,48,732.65,109.04,62.75,46.69,1,1,0.8255
577,49,793.4,88.27,56.55,51.36,1,1,1.0
577,50,561.8,17.65,18.65,14.5,1,1,1.0
578,29,451.3,55.99,39.42,26.7,1,1,1.0
578,35,388.73,406.99,125.97,124.56,1,1,1.0
578,37,627.3,15.84,22.55,19.09,1,1,1.0
578,39,815.8,320.88,145.2,208.42,1,1,1.0
578,40,607.0,20.68,21.75,16.14,1,1,0.9313
578,41,673.1,21.81,26.2,24.62,1,1,1.0
578,42,573.3,111.38,53.7,52.14,1,1,1.0
578,43,653.35,37.3,29.4,21.42,1,1,1.0
578,44,706.0,49.41,39.5,33.45,1,1,1.0
578,45,493.1,91.3,47.55,41.41,1,1,1.0
578,46,502.4,18.77,45.8,54.97,1,1,1.0
578,47,536.55,34.01,21.15,24.97,1,1,0.4492
578,48,730.55,107.57,61.0,45.56,1,1,0.8152
578,49,791.5,87.49,55.5,50.94,1,1,1.0
578,50,562.0,18.26,19.5,15.19,1,1,1.0
579,29,451.38,55.9,39.43,27.48,1,1,1.0
579,35,387.52,424.56,125.28,106.94,1,1,1.0
579,37,627.9,16.1,22.3,19.52,1,1,1.0
579,39,828.85,337.5,132.15,191.55,1,1,1.0
579,40,606.45,20.6,21.8,16.23,1,1,0.9318
579,41,672.75,21.81,25.9,23.85,1,1,1.0
579,42,574.45,113.71,53.95,53.45,1,1,1.0
579,43,653.0,36.69,29.75,22.12,1,1,1.0
579,44,704.75,49.5,39.6,32.16,1,1,1.0
579,45,493.44,91.73,47.41,42.37,1,1,1.0
579,46,502.93,19.52,45.8,54.65,1,1,1.0
579,47,536.7,34.27,21.1,25.06,1,1,0.4299
579,48,728.5,106.1,59.15,44.44,1,1,0.8272
579,49,789.6,86.71,54.45,50.5,1,1,1.0
579,50,562.15,18.87,20.4,15.88,1,1,1.0
580,29,451.47,55.82,39.42,28.26,1,1,1.0
580,35,386.31,442.13,124.59,89.27,1,1,1.0
580,37,628.55,16.36,22.0,19.95,1,1,1.0
580,39,841.95,354.12,119.05,174.68,1,1,1.0
580,40,605.95,20.51,21.75,16.32,1,1,0.932
580,41,672.4,21.81,25.65,23.07,1,1,1.0
580,42,575.55,116.05,54.25,54.74,1,1,1.0
580,43,652.65,36.09,30.1,22.81,1,1,1.0
580,44,703.55,49.59,39.7,30.85,1,1,1.0
580,45,493.79,92.16,47.21,43.32,1,1,1.0
580,46,503.47,20.27,45.8,54.33,1,1,1.0
580,47,536.9,34.53,21.0,25.15,1,1,0.411
580,48,726.4,104.63,57.35,43.31,1,1,0.8368
580,49,787.65,85.94,53.45,50.06,1,1,1.0
580,50,562.35,19.47,21.25,16.58,1,1,1.0
581,29,451.56,55.73,39.42,29.04,1,1,1.0
581,35,385.1,459.69,123.9,71.61,1,1,1.0
581,37,629.15,16.62,21.75,20.38,1,1,1.0
581,39,855.0,370.73,106.0,157.82,1,1,1.0
581,40,605.4,20.42,21.8,16.4,1,1,0.9763
581,41,672.05,21.81,25.4,22.29,1,1,1.0
581,42,576.7,118.39,54.45,56.04,1,1,1.0
581,43,652.35,35.48,30.4,23.5,1,1,1.0
581,44,702.35,49.67,39.75,29.56,1,1,1.0
581,45,494.13,92.6,47.02,44.28,1,1,1.0
581,46,503.25,20.37,46.23,55.08,1,1,1.0
581,47,537.05,34.79,20.9,25.23,1,1,0.4053
581,48,724.35,103.16,55.5,42.19,1,1,0.8501
581,49,785.75,85.16,52.4,49.64,1,1,1.0
581,50,562.5,20.08,22.1,17.27,1,1,1.0
582,29,451.64,55.64,39.43,29.82,1,1,1.0
582,35,383.88,477.26,123.22,53.94,1,1,1.0
582,37,629.75,16.88,21.5,20.82,1,1,1.0
582,39,868.05,387.35,92.95,140.95,1,1,1.0
582,40,604.9,20.34,21.75,16.49,1,1,0.9764
582,41,671.7,21.81,25.15,21.51,1,1,1.0
582,42,577.8,120.72,54.75,57.34,1,1,1.0
582,43,652.0,34.88,30.75,24.19,1,1,1.0
582,44,701.15,49.76,39.85,28.26,1,1,1.0
582,45,494.48,93.03,46.87,45.22,1,1,1.0
582,46,503.04,20.48,46.65,55.83,1,1,1.0
582,47,537.25,35.05,20.8,25.32,1,1,0.4019
582,48,722.25,101.69,53.7,41.06,1,1,0.8424
582,49,783.85,84.38,51.4,49.2,1,1,1.0
582,50,562.65,20.68,23.0,17.96,1,1,1.0
583,29,451.73,55.56,39.42,30.6,1,1,1.0
583,35,382.68,494.82,122.47,36.33,1,1,1.0
583,37,630.35,17.13,21.25,21.25,1,1,1.0
583,39,881.15,403.96,79.85,124.04,1,1,1.0
583,40,604.4,20.25,21.75,16.58,1,1,0.9765
583,41,671.35,21.81,24.9,20.73,1,1,1.0
583,42,578.95,123.06,55.0,58.63,1,1,1.0
583,43,651.65,34.27,31.1,24.89,1,1,1.0
583,44,699.9,49.85,39.95,26.96,1,1,1.0
583,45,494.82,93.46,46.68,46.17,1,1,1.0
583,46,502.83,20.59,47.08,56.57,1,1,1.0
583,47,537.4,35.31,20.75,25.4,1,1,0.3971
583,48,720.15,100.21,51.9,39.95,1,1,0.8531
583,49,781.95,83.6,50.35,48.78,1,1,1.0
583,50,562.85,21.29,23.85,18.66,1,1,1.0
584,29,452.07,55.73,39.35,30.08,1,1,1.0
584,37,628.95,16.7,21.5,21.34,1,1,1.0
584,40,603.6,19.64,22.05,17.18,1,1,0.9776
584,41,671.0,21.46,25.1,21.42,1,1,1.0
584,42,578.5,125.48,55.55,59.59,1,1,1.0
584,43,651.05,33.92,30.15,24.89,1,1,1.0
584,44,698.8,49.24,39.25,26.7,1,1,1.0
584,45,494.13,93.81,47.47,47.04,1,1,1.0
584,46,502.61,20.69,47.51,57.32,1,1,1.0
584,47,537.4,35.74,21.0,25.66,1,1,0.3943
584,48,718.1,98.22,51.7,40.29,1,1,0.8683
584,49,778.65,81.95,50.5,48.77,1,1,1.0
584,50,563.0,21.38,23.6,18.74,1,1,1.0
585,29,452.43,55.9,39.25,29.56,1,1,1.0
585,37,627.6,16.27,21.75,21.42,1,1,1.0
585,40,602.85,19.04,22.25,17.79,1,1,0.9979
585,41,670.65,21.12,25.25,22.12,1,1,1.0
585,42,578.1,127.91,56.0,60.53,1,1,1.0
585,43,650.4,33.58,29.25,24.88,1,1,1.0
585,44,697.65,48.64,38.6,26.44,1,1,1.0
585,45,493.44,94.16,48.26,47.9,1,1,1.0
585,46,502.4,20.8,47.93,58.07,1,1,1.0
585,47,537.4,36.17,21.25,25.92,1,1,0.3915
585,48,716.0,96.23,51.55,40.64,1,1,0.8956
585,49,775.4,80.31,50.65,48.76,1,1,1.0
585,50,563.2,21.46,23.3,18.83,1,1,1.0
586,29,452.77,56.08,39.17,29.04,1,1,1.0
586,37,626.2,15.84,22.0,21.51,1,1,1.0
586,40,602.05,18.43,22.55,18.39,1,1,0.998
586,41,670.35,20.77,25.4,22.81,1,1,1.0
586,42,577.65,130.32,56.55,61.5,1,1,1.0
586,43,649.8,33.23,28.3,24.88,1,1,1.0
586,44,696.55,48.03,37.85,26.18,1,1,1.0
586,45,492.75,94.5,49.05,48.77,1,1,1.0
586,46,502.19,20.91,48.36,58.81,1,1,1.0
586,47,537.4,36.61,21.5,26.18,1,1,0.3884
586,48,713.95,94.24,51.35,40.98,1,1,0.9073
586,49,772.1,78.67,50.85,48.78,1,1,1.0
586,50,563.35,21.55,23.1,18.91,1,1,1.0
587,29,453.12,56.25,39.07,28.52,1,1,1.0
587,37,624.8,15.4,22.3,21.6,1,1,1.0
587,40,601.25,17.83,22.85,19.0,1,1,0.9805
587,41,670.0,20.42,25.55,23.5,1,1,1.0
587,42,577.2,132.75,57.1,62.44,1,1,1.0
587,43,649.2,32.88,27.3,24.88,1,1,1.0
587,44,695.4,47.42,37.2,25.92,1,1,1.0
587,45,492.06,94.84,49.79,49.64,1,1,1.0
587,46,501.97,21.01,48.79,59.56,1,1,1.0
587,47,537.4,37.04,21.75,26.44,1,1,0.3857
587,48,711.85,92.25,51.2,41.32,1,1,0.8795
587,49,768.8,77.02,51.05,48.77,1,1,1.0
587,50,563.55,21.63,22.8,19.0,1,1,1.0
588,29,453.46,56.42,38.99,28.0,1,1,1.0
588,37,623.4,14.97,22.55,21.68,1,1,1.0
588,40,600.5,17.22,23.05,19.61,1,1,0.9812
588,41,669.65,20.08,25.75,24.19,1,1,1.0
588,42,576.8,135.18,57.6,63.39,1,1,1.0
588,43,648.6,32.54,26.35,24.89,1,1,1.0
588,44,694.3,46.82,36.5,25.66,1,1,1.0
588,45,491.37,95.19,50.58,50.5,1,1,1.0
588,46,501.76,21.12,49.21,60.31,1,1,1.0
588,47,537.4,37.47,22.05,26.7,1,1,0.3846
588,48,709.8,90.26,51.0,41.68,1,1,0.8885
588,49,765.5,75.38,51.2,48.78,1,1,1.0
588,50,563.7,21.72,22.55,19.09,1,1,1.0
589,29,453.81,56.6,38.9,27.48,1,1,1.0
589,37,622.05,14.54,22.8,21.77,1,1,1.0
589,40,599.7,16.62,23.35,20.21,1,1,0.9489
589,41,669.3,19.73,25.9,24.88,1,1,1.0
589,42,576.35,137.6,58.1,64.34,1,1,1.0
589,43,648.0,32.19,25.4,24.88,1,1,1.0
589,44,693.15,46.21,35.8,25.4,1,1,1.0
589,45,490.68,95.54,51.37,51.37,1,1,1.0
589,46,501.55,21.23,49.64,61.05,1,1,1.0
589,47,537.4,37.9,22.3,26.96,1,1,0.3816
589,48,707.7,88.27,50.85,42.02,1,1,0.8551
589,49,762.25,73.73,51.35,48.77,1,1,1.0
589,50,563.9,21.81,22.25,19.17,1,1,1.0
590,29,452.69,56.08,38.89,27.92,1,1,1.0
590,41,669.05,19.47,25.05,24.45,1,1,1.0
590,42,575.9,141.06,59.85,64.95,1,1,1.0
590,43,647.15,31.76,25.65,24.63,1,1,1.0
590,44,692.05,45.95,35.85,24.88,1,1,1.0
590,45,490.85,97.01,51.3,50.68,1,1,1.0
590,46,501.33,21.33,50.07,61.8,1,1,1.0
590,47,537.5,38.25,22.1,26.1,1,1,0.371
590,48,705.4,87.14,50.65,41.32,1,1,0.8687
590,49,760.05,73.04,50.8,47.73,1,1,1.0
590,50,564.15,21.98,22.65,19.69,1,1,1.0
591,29,451.56,55.56,38.9,28.34,1,1,1.0
591,41,668.75,19.21,24.2,24.02,1,1,1.0
591,42,575.5,144.52,61.55,65.55,1,1,1.0
591,43,646.25,31.33,25.95,24.36,1,1,1.0
591,44,690.9,45.69,36.0,24.37,1,1,1.0
591,45,491.02,98.48,51.18,49.98,1,1,1.0
591,46,501.44,21.33,49.96,61.8,1,1,1.0
591,47,537.6,38.6,21.9,25.23,1,1,0.3699
591,48,703.05,86.02,50.5,40.64,1,1,0.8643
591,49,757.9,72.34,50.15,46.7,1,1,1.0
591,50,564.4,22.15,23.0,20.21,1,1,1.0
592,29,450.44,55.04,38.89,28.78,1,1,1.0
592,41,668.5,18.95,23.35,23.59,1,1,1.0
592,42,575.05,147.98,63.3,66.17,1,1,1.0
592,43,645.4,30.89,26.2,24.11,1,1,1.0
592,44,689.8,45.43,36.05,23.85,1,1,1.0
592,45,491.19,99.95,51.11,49.29,1,1,1.0
592,46,501.55,21.33,49.85,61.8,1,1,1.0
592,47,537.65,38.94,21.8,24.37,1,1,0.3693
592,48,700.7,84.9,50.35,39.94,1,1,0.865
592,49,755.75,71.66,49.55,45.66,1,1,1.0
592,50,564.65,22.33,23.35,20.73,1,1,1.0
593,29,449.31,54.52,38.9,29.21,1,1,1.0
593,41,668.25,18.69,22.45,23.15,1,1,1.0
593,42,574.6,151.44,65.05,66.77,1,1,1.0
593,43,644.55,30.46,26.45,23.85,1,1,0.6268
593,44,688.65,45.17,36.15,23.33,1,1,1.0
593,45,491.37,101.43,51.03,48.59,1,1,1.0
593,46,501.65,21.33,49.75,61.8,1,1,1.0
593,47,537.75,39.29,21.6,23.5,1,1,0.3681
593,48,698.35,83.77,50.15,39.25,1,1,0.3128
593,49,753.6,70.96,48.9,44.62,1,1,1.0
593,50,564.9,22.5,23.7,21.25,1,1,1.0
594,29,448.19,54.0,38.89,29.64,1,1,1.0
594,41,668.0,18.43,21.6,22.72,1,1,1.0
594,42,574.2,154.91,66.75,67.37,1,1,1.0
594,43,643.65,30.03,26.75,23.59,1,1,0.6909
594,44,687.55,44.91,36.2,22.81,1,1,1.0
594,45,491.54,102.9,50.91,47.9,1,1,1.0
594,46,501.76,21.33,49.64,61.8,1,1,1.0
594,47,537.85,39.64,21.4,22.64,1,1,0.3668
594,48,696.05,82.64,49.95,38.56,1,1,0.2921
594,49,751.4,70.27,48.35,43.58,1,1,1.0
594,50,565.2,22.67,24.0,21.77,1,1,1.0
595,29,447.06,53.48,38.9,30.08,1,1,1.0
595,41,667.75,18.17,20.7,22.29,1,1,1.0
595,42,573.75,158.37,68.5,67.98,1,1,1.0
595,43,642.8,29.6,26.95,23.33,1,1,0.7741
595,44,686.4,44.65,36.35,22.29,1,1,1.0
595,45,491.71,104.36,50.84,47.21,1,1,1.0
595,46,501.87,21.33,49.53,61.8,1,1,1.0
595,47,537.9,39.98,21.25,21.77,1,1,0.3647
595,48,693.7,81.52,49.8,37.87,1,1,0.3526
595,49,749.25,69.58,47.75,42.54,1,1,1.0
595,50,565.45,22.85,24.35,22.29,1,1,1.0
596,29,447.75,53.14,39.25,30.42,1,1,1.0
596,41,666.95,17.39,21.6,22.29,1,1,1.0
596,42,573.4,161.48,69.9,68.33,1,1,1.0
596,43,642.45,28.38,26.9,23.85,1,1,0.7226
596,44,685.45,43.36,36.0,23.24,1,1,1.0
596,45,491.54,104.45,51.96,47.99,1,1,1.0
596,46,501.97,21.33,49.43,61.8,1,1,1.0
596,47,538.2,39.12,21.25,22.81,1,1,0.3788
596,48,692.05,79.96,49.3,37.26,1,1,0.3362
596,49,747.0,68.28,47.55,42.28,1,1,1.0
596,50,565.6,22.59,24.75,22.38,1,1,1.0
597,29,448.44,52.79,39.6,30.77,1,1,1.0
597,41,666.15,16.62,22.5,22.29,1,1,1.0
597,42,573.05,164.6,71.3,68.67,1,1,1.0
597,43,642.1,27.17,26.8,24.37,1,1,0.8498
597,44,684.5,42.06,35.65,24.19,1,1,1.0
597,45,491.37,104.54,53.08,48.77,1,1,1.0
597,46,502.08,21.33,49.32,61.8,1,1,1.0
597,47,538.45,38.25,21.25,23.84,1,1,0.3906
597,48,690.4,78.4,48.75,36.66,1,1,0.3651
597,49,744.75,66.98,47.4,42.02,1,1,1.0
597,50,565.8,22.33,25.05,22.46,1,1,1.0
598,29,449.13,52.44,39.94,31.12,1,1,1.0
598,41,665.4,15.84,23.3,22.29,1,1,1.0
598,42,572.7,167.71,72.65,69.02,1,1,1.0
598,43,641.75,25.96,26.7,24.88,1,1,0.8535
598,44,683.55,40.76,35.3,25.14,1,1,1.0
598,45,491.19,104.63,54.21,49.55,1,1,1.0
598,46,502.19,21.33,49.21,61.8,1,1,1.0
598,47,538.7,37.38,21.25,24.88,1,1,0.4024
598,48,688.75,76.84,48.25,36.06,1,1,0.4186
598,49,742.5,65.68,47.2,41.76,1,1,1.0
598,50,565.95,22.07,25.4,22.55,1,1,1.0
599,29,449.82,52.1,40.3,31.46,1,1,1.0
599,41,664.6,15.06,24.2,22.29,1,1,1.0
599,42,572.35,170.82,74.05,69.37,1,1,1.0
599,43,641.4,24.75,26.65,25.4,1,1,0.8916
599,44,682.6,39.46,34.95,26.1,1,1,1.0
599,45,491.02,104.71,55.33,50.33,1,1,1.0
599,46,502.29,21.33,49.11,61.8,1,1,1.0
599,47,538.95,36.52,21.25,25.92,1,1,0.4141
599,48,687.1,75.29,47.75,35.44,1,1,0.4397
599,49,740.25,64.39,47.05,41.5,1,1,1.0
599,50,566.15,21.81,25.75,22.64,1,1,1.0
600,29,450.52,51.75,40.63,31.81,1,1,1.0
600,41,663.85,14.28,25.05,22.29,1,1,1.0
600,42,572.0,173.94,75.45,69.72,1,1,1.0
600,43,641.1,23.54,26.5,25.92,1,1,0.9636
600,44,681.65,38.16,34.6,27.05,1,1,1.0
600,45,490.85,104.8,56.45,51.11,1,1,1.0
600,46,502.4,21.33,49.0,61.8,1,1,1.0
600,47,539.2,35.65,21.25,26.96,1,1,0.4259
600,48,685.45,73.73,47.25,34.84,1,1,0.4997
600,49,738.0,63.08,46.85,41.24,1,1,1.0
600,50,566.3,21.55,26.1,22.72,1,1,1.0
601,29,451.21,51.4,40.98,32.16,1,1,1.0
601,41,663.05,13.5,25.95,22.29,1,1,1.0
601,42,571.65,177.06,76.85,70.06,1,1,1.0
601,43,640.75,22.33,26.4,26.44,1,1,0.9658
601,44,680.7,36.86,34.25,28.0,1,1,1.0
601,45,490.68,104.89,57.57,51.88,1,1,1.0
601,46,502.29,21.33,48.79,62.12,1,1,1.0
601,47,539.5,34.79,21.25,28.0,1,1,0.4551
601,48,683.85,72.18,46.65,34.24,1,1,0.4874
601,49,735.75,61.79,46.7,40.98,1,1,1.0
601,50,566.5,21.29,26.4,22.81,1,1,1.0
602,29,450.69,51.06,41.25,31.8,1,1,1.0
602,42,571.0,181.3,79.2,73.35,1,1,1.0
602,43,640.15,22.15,26.15,25.14,1,1,0.9631
602,44,679.95,36.43,33.85,26.96,1,1,1.0
602,45,490.76,106.36,57.34,51.88,1,1,1.0
602,46,502.19,21.33,48.57,62.44,1,1,1.0
602,47,539.75,35.57,21.05,27.65,1,1,0.477
602,48,682.8,70.96,45.65,33.37,1,1,0.5368
602,49,734.2,60.75,45.8,40.2,1,1,1.0
602,50,567.0,21.38,26.1,23.15,1,1,1.0
603,29,450.18,50.71,41.5,31.46,1,1,1.0
603,42,570.3,185.54,81.65,76.64,1,1,1.0
603,43,639.5,21.98,25.95,23.85,1,1,0.9691
603,44,679.15,36.0,33.55,25.92,1,1,1.0
603,45,490.85,107.83,57.05,51.88,1,1,1.0
603,46,502.08,21.33,48.36,62.76,1,1,1.0
603,47,540.0,36.35,20.9,27.31,1,1,0.5005
603,48,681.75,69.75,44.6,32.5,1,1,0.5483
603,49,732.65,59.71,44.95,39.42,1,1,1.0
603,50,567.5,21.46,25.75,23.5,1,1,1.0
604,29,449.65,50.36,41.77,31.12,1,1,1.0
604,42,569.6,189.78,84.05,79.92,1,1,1.0
604,43,638.9,21.81,25.7,22.55,1,1,0.9878
604,44,678.4,35.57,33.15,24.88,1,1,1.0
604,45,490.94,109.3,56.81,51.89,1,1,1.0
604,46,501.97,21.33,48.15,63.08,1,1,1.0
604,47,540.25,37.12,20.75,26.96,1,1,0.5243
604,48,680.7,68.54,43.6,31.64,1,1,0.5772
604,49,731.1,58.68,44.05,38.64,1,1,1.0
604,50,568.05,21.55,25.4,23.85,1,1,1.0
605,29,449.13,50.02,42.02,30.77,1,1,1.0
605,42,568.9,194.02,86.5,83.21,1,1,1.0
605,43,638.3,21.63,25.4,21.25,1,1,1.0
605,44,677.6,35.14,32.85,23.84,1,1,1.0
605,45,491.02,110.77,56.58,51.89,1,1,1.0
605,46,501.87,21.33,47.93,63.4,1,1,1.0
605,47,540.5,37.9,20.6,26.62,1,1,0.5485
605,48,679.65,67.32,42.55,30.77,1,1,0.647
605,49,729.5,57.64,43.25,37.86,1,1,1.0
605,50,568.55,21.63,25.05,24.19,1,1,1.0
606,29,448.62,49.67,42.27,30.42,1,1,1.0
606,42,568.2,198.26,88.95,86.5,1,1,1.0
606,43,637.7,21.46,25.15,19.95,1,1,1.0
606,44,676.8,34.7,32.5,22.81,1,1,1.0
606,45,491.11,112.24,56.29,51.89,1,1,1.0
606,46,501.76,21.33,47.72,63.72,1,1,1.0
606,47,540.8,38.68,20.35,26.27,1,1,0.5735
606,48,678.65,66.11,41.5,29.9,1,1,0.6395
606,49,727.95,56.6,42.4,37.09,1,1,1.0
606,50,569.1,21.72,24.7,24.54,1,1,1.0
607,29,448.1,49.33,42.53,30.08,1,1,1.0
607,42,567.5,202.5,91.35,89.79,1,1,1.0
607,43,637.1,21.29,24.9,18.66,1,1,1.0
607,44,676.05,34.27,32.15,21.77,1,1,1.0
607,45,491.19,113.71,56.06,51.89,1,1,1.0
607,46,501.65,21.33,47.51,64.04,1,1,1.0
607,47,541.05,39.46,20.2,25.92,1,1,0.5985
607,48,677.6,64.9,40.45,29.04,1,1,0.6792
607,49,726.4,55.56,41.5,36.3,1,1,1.0
607,50,569.6,21.81,24.35,24.88,1,1,1.0
608,29,448.19,49.5,42.01,30.08,1,1,1.0
608,42,568.3,208.47,92.8,92.39,1,1,1.0
608,43,636.65,20.86,24.45,18.48,1,1,1.0
608,44,674.85,33.32,32.75,22.55,1,1,1.0
608,45,490.32,114.15,57.43,53.7,1,1,1.0
608,46,501.55,21.33,47.29,64.36,1,1,1.0
608,47,540.25,39.12,20.5,26.1,1,1,0.581
608,48,675.6,63.6,40.65,29.12,1,1,0.7033
608,49,724.95,54.34,40.7,36.66,1,1,1.0
608,50,569.6,22.33,24.3,24.28,1,1,1.0
609,29,448.27,49.67,41.5,30.08,1,1,1.0
609,42,569.1,214.44,94.25,94.99,1,1,1.0
609,43,636.25,20.42,24.0,18.31,1,1,1.0
609,44,673.6,32.36,33.4,23.32,1,1,1.0
609,45,489.46,114.58,58.79,55.52,1,1,1.0
609,46,501.44,21.33,47.08,64.68,1,1,1.0
609,47,539.5,38.77,20.7,26.27,1,1,0.5643
609,48,673.6,62.31,40.8,29.21,1,1,0.7004
609,49,723.45,53.14,39.95,37.0,1,1,1.0
609,50,569.6,22.85,24.2,23.67,1,1,1.0
610,29,448.36,49.85,40.97,30.08,1,1,1.0
610,42,569.85,220.41,95.75,97.58,1,1,1.0
610,43,635.8,19.99,23.6,18.13,1,1,1.0
610,44,672.4,31.41,34.0,24.11,1,1,1.0
610,45,488.6,115.01,60.2,57.34,1,1,1.0
610,46,501.33,21.33,46.87,65.0,1,1,1.0
610,47,538.7,38.42,21.0,26.44,1,1,0.5476
610,48,671.65,61.01,40.95,29.3,1,1,0.649
610,49,722.0,51.92,39.15,37.34,1,1,1.0
610,50,569.6,23.37,24.1,23.07,1,1,1.0
611,29,448.44,50.02,40.46,30.08,1,1,1.0
611,42,570.65,226.38,97.2,100.18,1,1,1.0
611,43,635.35,19.56,23.15,17.96,1,1,1.0
611,44,671.2,30.46,34.55,24.88,1,1,1.0
611,45,487.73,115.44,61.57,59.16,1,1,1.0
611,46,500.91,21.23,47.08,65.64,1,1,1.0
611,47,537.9,38.08,21.25,26.61,1,1,0.5252
611,48,669.65,59.71,41.15,29.38,1,1,0.6386
611,49,720.5,50.71,38.4,37.7,1,1,1.0
611,50,569.6,23.88,24.0,22.46,1,1,1.0
612,29,448.53,50.19,39.94,30.08,1,1,1.0
612,42,571.4,232.35,98.7,102.78,1,1,1.0
612,43,634.95,19.12,22.7,17.79,1,1,1.0
612,44,670.0,29.51,35.15,25.67,1,1,1.0
612,45,486.87,115.88,62.98,60.97,1,1,1.0
612,46,500.48,21.12,47.29,66.28,1,1,1.0
612,47,537.15,37.73,21.5,26.79,1,1,0.506
612,48,667.65,58.42,41.3,29.47,1,1,0.5916
612,49,719.05,49.5,37.6,38.04,1,1,1.0
612,50,569.6,24.4,23.95,21.86,1,1,1.0
613,29,448.62,50.36,39.42,30.08,1,1,1.0
613,42,572.2,238.32,100.15,105.37,1,1,1.0
613,43,634.5,18.69,22.3,17.61,1,1,1.0
613,44,668.75,28.56,35.8,26.44,1,1,1.0
613,45,486.0,116.31,64.35,62.79,1,1,1.0
613,46,500.05,21.01,47.51,66.92,1,1,1.0
613,47,536.35,37.38,21.8,26.96,1,1,0.4858
613,48,665.65,57.12,41.5,29.56,1,1,0.6124
613,49,717.6,48.29,36.8,38.39,1,1,1.0
613,50,569.6,24.92,23.85,21.25,1,1,1.0
614,29,447.75,49.5,40.46,30.68,1,1,1.0
614,42,571.95,245.6,104.5,111.08,1,1,1.0
614,43,634.5,18.43,21.75,17.27,1,1,1.0
614,44,668.6,28.56,34.65,25.58,1,1,1.0
614,45,486.78,117.18,64.52,62.87,1,1,1.0
614,46,499.63,20.91,47.72,67.56,1,1,1.0
614,47,536.45,37.9,21.85,26.44,1,1,0.5011
614,48,664.2,56.08,41.2,29.48,1,1,0.6057
614,49,715.65,47.16,37.2,38.04,1,1,1.0
614,50,570.05,25.1,23.75,21.6,1,1,1.0
615,29,446.88,48.64,41.5,31.29,1,1,1.0
615,42,571.65,252.87,108.85,116.78,1,1,1.0
615,43,634.5,18.17,21.25,16.92,1,1,1.0
615,44,668.4,28.56,33.55,24.71,1,1,1.0
615,45,487.56,118.04,64.69,62.96,1,1,1.0
615,46,499.2,20.8,47.93,68.2,1,1,1.0
615,47,536.55,38.42,21.95,25.92,1,1,0.518
615,48,662.7,55.04,41.0,29.38,1,1,0.588
615,49,713.75,46.04,37.55,37.69,1,1,1.0
615,50,570.45,25.27,23.7,21.94,1,1,1.0
616,29,446.02,47.77,42.54,31.9,1,1,1.0
616,42,571.4,260.13,113.15,122.5,1,1,1.0
616,43,634.5,17.91,20.75,16.58,1,1,1.0
616,44,668.25,28.56,32.4,23.85,1,1,1.0
616,45,488.33,118.91,64.87,63.04,1,1,1.0
616,46,498.77,20.69,48.15,68.84,1,1,1.0
616,47,536.65,38.94,22.0,25.4,1,1,0.5332
616,48,661.25,54.0,40.7,29.3,1,1,0.6654
616,49,711.85,44.91,37.9,37.35,1,1,1.0
616,50,570.9,25.44,23.6,22.29,1,1,1.0
617,29,445.15,46.9,43.58,32.5,1,1,1.0
617,42,571.15,267.4,117.5,128.22,1,1,1.0
617,43,634.5,17.65,20.2,16.23,1,1,1.0
617,44,668.1,28.56,31.25,22.98,1,1,1.0
617,45,489.12,119.77,65.03,63.14,1,1,1.0
617,46,498.35,20.59,48.36,69.48,1,1,1.0
617,47,536.7,39.46,22.15,24.88,1,1,0.5481
617,48,659.75,52.96,40.5,29.22,1,1,0.5737
617,49,709.95,43.79,38.2,37.0,1,1,1.0
617,50,571.35,25.62,23.5,22.63,1,1,1.0
618,29,444.29,46.04,44.61,33.11,1,1,1.0
618,42,570.9,274.68,121.8,133.92,1,1,1.0
618,43,634.5,17.39,19.7,15.88,1,1,1.0
618,44,667.9,28.56,30.15,22.12,1,1,1.0
618,45,489.89,120.64,65.21,63.21,1,1,1.0
618,46,497.92,20.48,48.57,70.12,1,1,1.0
618,47,536.8,39.98,22.2,24.36,1,1,0.5635
618,48,658.3,51.92,40.2,29.12,1,1,0.557
618,49,708.05,42.66,38.55,36.65,1,1,1.0
618,50,571.75,25.79,23.4,22.98,1,1,1.0
619,29,443.43,45.17,45.64,33.71,1,1,1.0
619,42,570.65,281.94,126.1,139.63,1,1,1.0
619,43,634.5,17.13,19.15,15.54,1,1,1.0
619,44,667.75,28.56,29.0,21.25,1,1,1.0
619,45,490.68,121.5,65.37,63.31,1,1,1.0
619,46,497.49,20.37,48.79,70.76,1,1,1.0
619,47,536.9,40.5,22.25,23.84,1,1,0.5784
619,48,656.85,50.88,39.9,29.04,1,1,0.5701
619,49,706.15,41.54,38.9,36.31,1,1,1.0
619,50,572.2,25.96,23.3,23.33,1,1,1.0
619,51,556.6,12.98,21.8,21.25,1,1,0.8893
620,29,444.38,45.61,44.26,33.36,1,1,1.0
620,42,571.5,294.49,130.65,144.14,1,1,1.0
620,44,667.05,28.12,29.2,21.16,1,1,1.0
620,45,489.72,123.93,67.38,64.51,1,1,1.0
620,46,497.07,20.27,49.0,71.4,1,1,1.0
620,47,537.5,40.76,21.95,24.54,1,1,0.6096
620,48,655.95,50.28,40.05,29.04,1,1,0.5485
620,49,705.65,41.36,38.0,36.22,1,1,1.0
620,50,572.3,26.83,23.75,22.98,1,1,1.0
620,51,556.95,13.76,22.2,21.34,1,1,0.8804
621,29,445.32,46.04,42.89,33.02,1,1,1.0
621,42,572.35,307.04,135.15,148.64,1,1,1.0
621,44,666.35,27.69,29.4,21.08,1,1,1.0
621,45,488.77,126.35,69.38,65.72,1,1,1.0
621,46,496.69,21.01,49.38,71.72,1,1,1.0
621,47,538.1,41.02,21.6,25.23,1,1,0.631
621,48,655.1,49.67,40.1,29.04,1,1,0.5553
621,49,705.1,41.19,37.2,36.13,1,1,1.0
621,50,572.35,27.69,24.2,22.64,1,1,1.0
621,51,557.3,14.54,22.65,21.42,1,1,0.8705
622,29,446.28,46.47,41.5,32.67,1,1,1.0
622,42,573.25,319.58,139.6,153.14,1,1,1.0
622,44,665.65,27.26,29.55,20.99,1,1,1.0
622,45,487.82,128.77,71.33,66.94,1,1,1.0
622,46,496.32,21.76,49.75,72.04,1,1,1.0
622,47,538.7,41.28,21.25,25.92,1,1,0.6532
622,48,654.25,49.07,40.2,29.04,1,1,0.4063
622,49,704.6,41.02,36.3,36.05,1,1,1.0
622,50,572.45,28.56,24.65,22.29,1,1,1.0
622,51,557.65,15.32,23.05,21.51,1,1,0.8624
623,29,447.23,46.9,40.12,32.33,1,1,1.0
623,42,574.1,332.13,144.15,157.64,1,1,1.0
623,44,664.95,26.83,29.75,20.9,1,1,1.0
623,45,486.87,131.19,73.33,68.16,1,1,1.0
623,46,495.95,22.51,50.12,72.36,1,1,1.0
623,47,539.3,41.54,20.9,26.62,1,1,0.6761
623,48,653.35,48.46,40.3,29.04,1,1,0.5086
623,49,704.1,40.85,35.4,35.96,1,1,1.0
623,50,572.55,29.42,25.05,21.94,1,1,1.0
623,51,558.0,16.1,23.5,21.6,1,1,0.8542
624,29,448.19,47.34,38.73,31.98,1,1,1.0
624,42,574.95,344.69,148.65,162.11,1,1,1.0
624,44,664.25,26.39,29.9,20.82,1,1,1.0
624,45,485.92,133.62,75.33,69.36,1,1,1.0
624,46,495.57,23.25,50.5,72.68,1,1,1.0
624,47,539.9,41.8,20.55,27.31,1,1,0.6998
624,48,652.5,47.86,40.4,29.04,1,1,0.4828
624,49,703.55,40.67,34.6,35.88,1,1,1.0
624,50,572.65,30.29,25.45,21.6,1,1,1.0
624,51,558.35,16.88,23.95,21.68,1,1,0.8463
625,29,449.13,47.77,37.35,31.64,1,1,1.0
625,42,575.85,357.23,153.1,166.62,1,1,1.0
625,44,663.6,25.96,30.05,20.73,1,1,1.0
625,45,484.96,136.04,77.34,70.58,1,1,1.0
625,46,495.2,24.0,50.87,73.0,1,1,1.0
625,47,540.5,42.06,20.25,28.0,1,1,0.7249
625,48,651.65,47.25,40.45,29.04,1,1,0.4877
625,49,703.05,40.5,33.7,35.79,1,1,1.0
625,50,572.7,31.15,25.95,21.25,1,1,1.0
625,51,558.7,17.65,24.35,21.77,1,1,0.8385
626,29,449.92,48.29,36.3,31.03,1,1,1.0
626,42,579.45,371.69,151.75,153.06,1,1,1.0
626,44,663.5,25.79,29.8,20.64,1,1,1.0
626,45,486.69,137.85,75.61,69.89,1,1,1.0
626,46,494.83,24.75,51.24,73.32,1,1,1.0
626,47,541.05,42.58,19.85,27.91,1,1,0.7471
626,48,651.3,46.56,39.85,28.78,1,1,0.5422
626,49,701.9,40.41,34.25,35.18,1,1,1.0
626,50,573.3,31.33,26.65,22.37,1,1,1.0
626,51,559.55,17.65,24.55,22.29,1,1,0.8299
627,29,450.69,48.81,35.27,30.42,1,1,1.0
627,42,583.1,386.13,150.35,139.47,1,1,1.0
627,44,663.4,25.62,29.55,20.56,1,1,1.0
627,45,488.43,139.68,73.87,69.19,1,1,1.0
627,46,494.45,25.49,51.62,73.64,1,1,1.0
627,47,541.55,43.1,19.55,27.83,1,1,0.7688
627,48,650.95,45.86,39.25,28.52,1,1,0.4601
627,49,700.8,40.33,34.75,34.58,1,1,1.0
627,50,573.9,31.5,27.35,23.5,1,1,1.0
627,51,560.4,17.65,24.75,22.81,1,1,0.8214
628,29,451.47,49.33,34.23,29.82,1,1,1.0
628,42,586.75,400.58,148.95,125.87,1,1,1.0
628,44,663.3,25.44,29.3,20.47,1,1,1.0
628,45,490.15,141.49,72.15,68.5,1,1,1.0
628,46,494.08,26.24,51.99,73.96,1,1,1.0
628,47,542.1,43.62,19.15,27.74,1,1,0.7927
628,48,650.6,45.17,38.65,28.26,1,1,0.4441
628,49,699.65,40.24,35.3,33.97,1,1,1.0
628,50,574.55,31.67,28.0,24.63,1,1,1.0
628,51,561.3,17.65,24.85,23.33,1,1,0.8137
629,29,452.25,49.85,33.19,29.21,1,1,1.0
629,42,590.35,415.04,147.6,112.31,1,1,1.0
629,44,663.25,25.27,29.0,20.39,1,1,1.0
629,45,491.88,143.31,70.42,67.81,1,1,1.0
629,46,493.71,26.99,52.36,74.28,1,1,1.0
629,47,542.6,44.14,18.8,27.66,1,1,0.8154
629,48,650.25,44.48,38.05,28.0,1,1,0.4356
629,49,698.55,40.15,35.8,33.37,1,1,1.0
629,50,575.15,31.85,28.7,25.75,1,1,1.0
629,51,562.15,17.65,25.05,23.85,1,1,0.8053
630,29,453.03,50.36,32.16,28.6,1,1,1.0
630,42,594.0,429.49,146.2,98.71,1,1,1.0
630,44,663.15,25.1,28.75,20.3,1,1,1.0
630,45,493.62,145.13,68.68,67.11,1,1,1.0
630,46,493.33,27.73,52.74,74.6,1,1,1.0
630,47,543.1,44.65,18.5,27.57,1,1,0.8395
630,48,649.9,43.79,37.45,27.74,1,1,0.4947
630,49,697.4,40.07,36.3,32.76,1,1,1.0
630,50,575.75,32.02,29.4,26.88,1,1,1.0
630,51,563.0,17.65,25.25,24.36,1,1,0.7968
631,29,453.81,50.88,31.12,28.0,1,1,1.0
631,42,597.65,443.94,144.8,85.11,1,1,1.0
631,44,663.05,24.92,28.55,20.21,1,1,1.0
631,45,495.35,146.94,66.95,66.43,1,1,1.0
631,46,492.96,28.48,53.11,74.92,1,1,1.0
631,47,543.65,45.17,18.1,27.48,1,1,0.8663
631,48,649.55,43.1,36.85,27.48,1,1,0.492
631,49,696.3,39.98,36.8,32.15,1,1,1.0
631,50,576.35,32.19,30.05,28.0,1,1,1.0
631,51,563.9,17.65,25.4,24.88,1,1,0.788
631,52,543.65,28.04,19.7,28.0,1,1,0.6434
632,29,453.89,51.49,31.47,28.0,1,1,1.0
632,44,663.25,24.75,27.9,20.39,1,1,1.0
632,45,495.35,149.97,68.95,66.85,1,1,1.0
632,46,492.59,29.23,53.48,75.24,1,1,1.0
632,47,543.65,45.95,18.8,27.05,1,1,0.8713
632,48,649.05,42.49,35.95,28.0,1,1,0.4911
632,49,695.35,39.81,36.45,31.55,1,1,1.0
632,50,577.2,32.45,30.0,28.61,1,1,1.0
632,51,564.15,17.83,25.85,24.97,1,1,0.7948
632,52,543.65,29.08,19.6,26.96,1,1,0.6411
633,29,453.98,52.1,31.81,28.0,1,1,1.0
633,44,663.4,24.58,27.3,20.56,1,1,1.0
633,45,495.35,153.0,70.9,67.29,1,1,1.0
633,46,492.21,29.97,53.86,75.56,1,1,1.0
633,47,543.65,46.73,19.5,26.61,1,1,0.8759
633,48,648.5,41.88,35.1,28.52,1,1,0.4069
633,49,694.4,39.64,36.1,30.94,1,1,1.0
633,50,578.1,32.71,29.9,29.21,1,1,1.0
633,51,564.4,18.0,26.25,25.06,1,1,0.8026
633,52,543.65,30.12,19.5,25.92,1,1,0.6409
634,29,454.07,52.7,32.15,28.0,1,1,1.0
634,44,663.6,24.4,26.7,20.73,1,1,1.0
634,45,495.35,156.03,72.9,67.72,1,1,1.0
634,46,491.84,30.72,54.23,75.88,1,1,1.0
634,47,543.65,47.51,20.2,26.18,1,1,0.8802
634,48,648.0,41.28,34.25,29.04,1,1,0.3942
634,49,693.45,39.46,35.75,30.34,1,1,1.0
634,50,578.95,32.97,29.8,29.82,1,1,1.0
634,51,564.65,18.17,26.7,25.14,1,1,0.8089
634,52,543.65,31.15,19.4,24.89,1,1,0.6572
635,29,454.15,53.31,32.5,28.0,1,1,1.0
635,44,663.75,24.23,26.1,20.9,1,1,1.0
635,45,495.35,159.06,74.9,68.15,1,1,1.0
635,46,491.47,31.47,54.6,76.2,1,1,1.0
635,47,543.65,48.29,20.9,25.75,1,1,0.8842
635,48,647.5,40.67,33.35,29.56,1,1,0.3911
635,49,692.5,39.29,35.4,29.73,1,1,1.0
635,50,579.8,33.23,29.75,30.42,1,1,1.0
635,51,564.9,18.35,27.15,25.23,1,1,0.815
635,52,543.65,32.19,19.35,23.85,1,1,0.6749
636,29,454.24,53.92,32.84,28.0,1,1,1.0
636,44,663.9,24.06,25.5,21.08,1,1,1.0
636,45,495.35,162.09,76.9,68.59,1,1,1.0
636,46,491.09,32.21,54.98,76.52,1,1,1.0
636,47,543.65,49.07,21.6,25.32,1,1,0.888
636,48,646.95,40.07,32.5,30.08,1,1,0.3883
636,49,691.55,39.12,35.1,29.12,1,1,1.0
636,50,580.65,33.49,29.65,31.03,1,1,1.0
636,51,565.2,18.52,27.55,25.32,1,1,0.8205
636,52,543.65,33.23,19.25,22.81,1,1,0.6943
637,29,454.32,54.52,33.2,28.0,1,1,1.0
637,44,664.1,23.88,24.9,21.25,1,1,1.0
637,45,495.35,165.12,78.9,69.01,1,1,1.0
637,46,490.72,32.96,55.35,76.84,1,1,1.0
637,47,543.65,49.85,22.25,24.88,1,1,0.8912
637,48,646.45,39.46,31.65,30.6,1,1,0.2907
637,49,690.6,38.94,34.75,28.52,1,1,1.0
637,50,581.55,33.75,29.55,31.64,1,1,1.0
637,51,565.45,18.69,28.0,25.4,1,1,0.8269
637,52,543.65,34.27,19.15,21.77,1,1,0.7155
637,53,921.1,124.1,35.8,54.47,1,1,1.0
638,29,454.94,55.04,31.88,27.56,1,1,1.0
638,44,663.5,24.4,24.6,20.64,1,1,1.0
638,45,495.69,167.8,79.41,70.23,1,1,1.0
638,46,490.35,33.71,55.72,77.16,1,1,1.0
638,47,543.8,50.62,22.05,24.8,1,1,0.8971
638,48,645.75,39.72,31.45,29.64,1,1,0.4369
638,49,689.7,39.03,34.5,28.43,1,1,1.0
638,50,581.55,35.05,30.15,31.29,1,1,1.0
638,51,566.4,20.08,27.4,24.45,1,1,0.8266
638,52,543.4,34.53,19.95,22.55,1,1,0.7197
638,53,918.25,122.71,38.65,55.0,1,1,1.0
639,29,455.54,55.56,30.59,27.13,1,1,1.0
639,44,662.9,24.92,24.35,20.04,1,1,1.0
639,45,496.04,170.48,79.91,71.45,1,1,1.0
639,46,489.97,34.45,56.1,77.48,1,1,1.0
639,47,544.0,51.4,21.75,24.71,1,1,0.9048
639,48,645.05,39.98,31.3,28.69,1,1,0.4245
639,49,688.85,39.12,34.25,28.34,1,1,1.0
639,50,581.55,36.35,30.75,30.94,1,1,1.0
639,51,567.35,21.46,26.8,23.5,1,1,0.8276
639,52,543.1,34.79,20.75,23.33,1,1,0.7248
639,53,915.4,121.33,41.5,55.52,1,1,1.0
640,29,456.14,56.08,29.3,26.7,1,1,1.0
640,44,662.3,25.44,24.1,19.43,1,1,1.0
640,45,496.38,173.16,80.47,72.66,1,1,1.0
640,46,489.6,35.2,56.47,77.8,1,1,1.0
640,47,544.15,52.18,21.5,24.62,1,1,0.9107
640,48,644.35,40.24,31.15,27.74,1,1,0.3221
640,49,688.0,39.2,33.95,28.26,1,1,1.0
640,50,581.55,37.64,31.35,30.6,1,1,1.0
640,51,568.3,22.85,26.2,22.55,1,1,0.8301
640,52,542.85,35.05,21.5,24.11,1,1,0.7284
640,53,912.55,119.94,44.35,56.04,1,1,1.0
641,29,456.75,56.6,28.0,26.27,1,1,1.0
641,44,661.65,25.96,23.85,18.83,1,1,1.0
641,45,496.73,175.85,80.97,73.86,1,1,1.0
641,46,488.64,35.63,57.43,78.01,1,1,1.0
641,47,544.35,52.96,21.25,24.54,1,1,0.9191
641,48,643.65,40.5,30.95,26.79,1,1,0.3668
641,49,687.1,39.29,33.75,28.17,1,1,1.0
641,50,581.55,38.94,31.95,30.25,1,1,1.0
641,51,569.25,24.23,25.6,21.6,1,1,0.8344
641,52,542.6,35.31,22.3,24.88,1,1,0.7322
641,53,909.7,118.56,47.2,56.56,1,1,1.0
642,29,457.36,57.12,26.7,25.84,1,1,1.0
642,44,661.05,26.48,23.6,18.22,1,1,1.0
642,45,497.07,178.53,81.48,75.07,1,1,1.0
642,46,487.68,36.05,58.39,78.23,1,1,1.0
642,47,544.5,53.74,21.0,24.45,1,1,0.9252
642,48,643.0,40.76,30.75,25.84,1,1,0.3519
642,49,686.25,39.38,33.45,28.08,1,1,1.0
642,50,581.55,40.24,32.6,29.9,1,1,1.0
642,51,570.2,25.62,24.95,20.64,1,1,0.841
642,52,542.35,35.57,23.05,25.66,1,1,0.7354
642,53,906.85,117.18,50.05,57.07,1,1,1.0
643,29,457.96,57.64,25.41,25.4,1,1,1.0
643,44,660.45,27.0,23.35,17.61,1,1,1.0
643,45,497.43,181.21,81.97,76.29,1,1,1.0
643,46,486.72,36.48,59.35,78.44,1,1,1.0
643,47,544.65,54.52,20.75,24.36,1,1,0.9316
643,48,642.3,41.02,30.6,24.89,1,1,0.232
643,49,685.4,39.46,33.2,28.0,1,1,1.0
643,50,581.55,41.54,33.2,29.56,1,1,1.0
643,51,571.15,27.0,24.35,19.69,1,1,0.85
643,52,542.1,35.83,23.8,26.44,1,1,0.7445
643,53,904.0,115.79,52.9,57.59,1,1,1.0
644,29,457.88,57.2,25.31,25.84,1,1,1.0
644,44,659.7,26.22,23.3,17.88,1,1,1.0
644,45,498.2,183.55,81.85,76.38,1,1,1.0
644,46,485.76,36.91,60.31,78.65,1,1,1.0
644,47,544.25,55.04,21.5,24.36,1,1,0.9153
644,48,641.7,40.24,29.9,24.36,1,1,0.3495
644,49,684.35,38.68,32.95,27.91,1,1,1.0
644,50,582.25,42.66,32.75,29.73,1,1,1.0
644,51,571.15,26.83,25.25,20.73,1,1,0.8677
644,52,542.1,36.26,23.55,26.27,1,1,0.7409
644,53,899.2,114.15,57.0,56.81,1,1,1.0
645,29,457.79,56.77,25.23,26.27,1,1,1.0
645,44,658.9,25.44,23.35,18.14,1,1,1.0
645,45,498.98,185.88,81.67,76.47,1,1,1.0
645,46,484.8,37.33,61.27,78.87,1,1,1.0
645,47,543.8,55.56,22.3,24.36,1,1,0.8982
645,48,641.1,39.46,29.2,23.85,1,1,0.427
645,49,683.3,37.9,32.7,27.83,1,1,1.0
645,50,582.9,43.79,32.35,29.9,1,1,1.0
645,51,571.15,26.65,26.1,21.77,1,1,0.8829
645,52,542.1,36.69,23.3,26.1,1,1,0.7432
645,53,894.45,112.5,61.05,56.04,1,1,1.0
646,29,457.7,56.34,25.15,26.7,1,1,1.0
646,44,658.15,24.66,23.3,18.39,1,1,1.0
646,45,499.76,188.22,81.49,76.55,1,1,1.0
646,46,483.84,37.76,62.23,79.08,1,1,1.0
646,47,543.4,56.08,23.05,24.36,1,1,0.8842
646,48,640.45,38.68,28.55,23.33,1,1,0.4443
646,49,682.25,37.12,32.45,27.74,1,1,1.0
646,50,583.6,44.91,31.9,30.08,1,1,1.0
646,51,571.15,26.48,26.95,22.81,1,1,0.8968
646,52,542.1,37.12,23.05,25.92,1,1,0.7461
646,53,889.7,110.86,65.15,55.26,1,1,1.0
647,29,457.62,55.9,25.06,27.14,1,1,1.0
647,44,657.35,23.88,23.3,18.65,1,1,1.0
647,45,500.55,190.56,81.3,76.63,1,1,1.0
647,46,482.88,38.19,63.19,79.29,1,1,1.0
647,47,542.95,56.6,23.85,24.36,1,1,0.8692
647,48,639.85,37.9,27.85,22.81,1,1,0.5001
647,49,681.25,36.35,32.15,27.65,1,1,1.0
647,50,584.3,46.04,31.45,30.25,1,1,1.0
647,51,571.15,26.31,27.85,23.85,1,1,0.9089
647,52,542.1,37.56,22.8,25.75,1,1,0.749
647,53,884.95,109.21,69.2,54.48,1,1,1.0
648,29,457.53,55.47,24.97,27.57,1,1,1.0
648,44,656.55,23.11,23.35,18.91,1,1,1.0
648,45,501.3,192.9,81.15,76.72,1,1,1.0
648,46,481.92,38.61,64.15,79.51,1,1,1.0
648,47,542.5,57.12,24.65,24.36,1,1,0.8552
648,48,639.25,37.12,27.15,22.29,1,1,0.5786
648,49,680.2,35.57,31.9,27.57,1,1,1.0
648,50,585.0,47.16,31.05,30.42,1,1,1.0
648,51,571.15,26.13,28.7,24.89,1,1,0.9198
648,52,542.1,37.99,22.55,25.58,1,1,0.7523
648,53,880.2,107.57,73.25,53.7,1,1,1.0
649,29,457.44,55.04,24.88,28.0,1,1,0.9453
649,44,655.8,22.33,23.3,19.17,1,1,1.0
649,45,502.1,195.23,80.95,76.81,1,1,1.0
649,46,480.96,39.04,65.11,79.72,1,1,1.0
649,47,542.1,57.64,25.4,24.36,1,1,0.8437
649,48,638.65,36.35,26.45,21.77,1,1,0.4864
649,49,679.15,34.79,31.65,27.48,1,1,1.0
649,50,585.7,48.29,30.6,30.6,1,1,1.0
649,51,571.15,25.96,29.55,25.92,1,1,0.9296
649,52,542.1,38.42,22.25,25.4,1,1,0.7563
649,53,875.4,105.93,77.35,52.92,1,1,1.0
650,29,457.79,54.52,24.89,27.56,1,1,0.8923
650,44,655.55,21.72,22.8,18.57,1,1,1.0
650,45,501.6,197.74,83.95,79.49,1,1,1.0
650,46,480.0,39.47,66.07,79.93,1,1,1.0
650,47,542.15,56.86,25.7,24.97,1,1,0.8475
650,48,637.8,35.31,26.25,21.68,1,1,0.4328
650,49,678.2,33.92,31.9,27.39,1,1,1.0
650,50,585.95,47.68,31.65,31.46,1,1,1.0
650,51,571.85,25.7,29.45,26.18,1,1,0.9163
650,52,542.1,38.16,22.35,25.32,1,1,0.7389
650,53,872.75,103.94,75.6,51.79,1,1,1.0
651,29,458.13,54.0,24.89,27.14,1,1,0.8297
651,44,655.25,21.12,22.3,17.96,1,1,1.0
651,45,501.05,200.25,87.05,82.18,1,1,1.0
651,46,478.78,39.31,66.83,80.7,1,1,1.0
651,47,542.25,56.08,25.9,25.58,1,1,0.8703
651,48,636.9,34.27,26.1,21.6,1,1,0.4652
651,49,677.25,33.06,32.15,27.31,1,1,1.0
651,50,586.2,47.08,32.7,32.33,1,1,1.0
651,51,572.55,25.44,29.35,26.44,1,1,0.9027
651,52,542.1,37.9,22.45,25.23,1,1,0.7221
651,53,870.05,101.94,73.85,50.68,1,1,1.0
652,29,458.48,53.48,24.89,26.7,1,1,0.7666
652,44,655.0,20.51,21.8,17.36,1,1,1.0
652,45,500.55,202.76,90.05,84.86,1,1,1.0
652,46,477.56,39.16,67.59,81.46,1,1,1.0
652,47,542.35,55.3,26.15,26.18,1,1,0.8929
652,48,636.05,33.23,25.95,21.51,1,1,0.4996
652,49,676.3,32.19,32.4,27.22,1,1,1.0
652,50,586.45,46.47,33.75,33.19,1,1,1.0
652,51,573.25,25.18,29.3,26.7,1,1,0.8886
652,52,542.1,37.64,22.55,25.15,1,1,0.7054
652,53,867.4,99.95,72.1,49.55,1,1,1.0
653,29,458.82,52.96,24.89,26.27,1,1,0.7039
653,44,654.75,19.9,21.25,16.75,1,1,1.0
653,45,500.0,205.27,93.1,87.54,1,1,1.0
653,46,476.34,39.01,68.36,82.22,1,1,1.0
653,47,542.4,54.52,26.45,26.79,1,1,0.913
653,48,635.2,32.19,25.75,21.42,1,1,0.5377
653,49,675.35,31.33,32.65,27.13,1,1,1.0
653,50,586.75,45.86,34.75,34.06,1,1,1.0
653,51,573.9,24.92,29.25,26.96,1,1,0.8748
653,52,542.1,37.38,22.6,25.06,1,1,0.6881
653,53,864.7,97.96,70.4,48.42,1,1,1.0
654,29,459.18,52.44,24.88,25.84,1,1,0.6407
654,44,654.5,19.3,20.7,16.14,1,1,1.0
654,45,499.5,207.78,96.1,90.22,1,1,1.0
654,46,475.12,38.86,69.12,82.98,1,1,1.0
654,47,542.5,53.74,26.7,27.4,1,1,0.9348
654,48,634.35,31.15,25.55,21.34,1,1,0.5043
654,49,674.4,30.46,32.95,27.05,1,1,1.0
654,50,587.0,45.26,35.8,34.92,1,1,1.0
654,51,574.6,24.66,29.15,27.22,1,1,0.8602
654,52,542.1,37.12,22.7,24.97,1,1,0.6713
654,53,862.0,95.97,68.7,47.3,1,1,1.0
655,29,459.52,51.92,24.88,25.4,1,1,0.578
655,44,654.25,18.69,20.2,15.54,1,1,1.0
655,45,498.98,210.29,99.12,92.9,1,1,1.0
655,46,473.9,38.7,69.88,83.74,1,1,1.0
655,47,542.6,52.96,26.95,28.0,1,1,0.9562
655,48,633.45,30.12,25.4,21.25,1,1,0.5905
655,49,673.45,29.6,33.2,26.96,1,1,1.0
655,50,587.25,44.65,36.85,35.79,1,1,1.0
655,51,575.3,24.4,29.05,27.48,1,1,0.8451
655,52,542.1,36.86,22.8,24.88,1,1,0.6545
655,53,859.35,93.98,66.9,46.18,1,1,1.0
656,29,458.57,51.58,26.18,26.18,1,1,0.5393
656,45,498.72,213.32,101.03,95.41,1,1,1.0
656,46,472.69,38.55,70.63,84.51,1,1,1.0
656,47,541.45,53.56,28.0,27.66,1,1,0.9332
656,48,632.7,29.34,25.65,21.6,1,1,0.5067
656,49,672.65,28.56,32.7,27.22,1,1,1.0
656,50,587.6,45.09,36.65,35.27,1,1,1.0
656,51,575.05,25.01,29.4,27.4,1,1,0.8469
656,52,541.2,37.12,23.75,25.4,1,1,0.6508
656,53,855.85,92.68,66.7,45.92,1,1,1.0
657,29,457.62,51.23,27.48,26.96,1,1,0.504
657,45,498.46,216.35,102.94,97.92,1,1,1.0
657,46,471.47,38.4,71.4,85.27,1,1,1.0
657,47,540.35,54.18,29.05,27.3,1,1,0.9133
657,48,631.9,28.56,25.95,21.94,1,1,0.5162
657,49,671.9,27.52,32.15,27.48,1,1,1.0
657,50,587.95,45.52,36.45,34.75,1,1,1.0
657,51,574.8,25.62,29.7,27.31,1,1,0.8489
657,52,540.35,37.38,24.7,25.92,1,1,0.6476
657,53,852.4,91.38,66.45,45.66,1,1,1.0
658,29,456.67,50.88,28.77,27.74,1,1,0.472
658,45,498.2,219.38,104.85,100.43,1,1,1.0
658,46,470.25,38.25,72.16,86.03,1,1,1.0
658,47,539.2,54.78,30.1,26.96,1,1,0.8934
658,48,631.15,27.78,26.15,22.29,1,1,0.5414
658,49,671.1,26.48,31.65,27.74,1,1,1.0
658,50,588.3,45.95,36.3,34.23,1,1,1.0
658,51,574.55,26.22,30.05,27.22,1,1,0.8508
658,52,539.5,37.64,25.65,26.44,1,1,0.6481
658,53,848.95,90.08,66.15,45.4,1,1,1.0
659,29,455.71,50.54,30.08,28.52,1,1,0.4428
659,45,497.94,222.41,106.76,102.94,1,1,1.0
659,46,469.03,38.1,72.92,86.8,1,1,1.0
659,47,538.1,55.38,31.1,26.62,1,1,0.8762
659,48,630.35,27.0,26.45,22.64,1,1,0.5327
659,49,670.35,25.44,31.1,28.0,1,1,1.0
659,50,588.65,46.38,36.1,33.71,1,1,1.0
659,51,574.25,26.83,30.45,27.13,1,1,0.8528
659,52,538.6,37.9,26.65,26.96,1,1,0.6484
659,53,845.5,88.79,65.9,45.14,1,1,1.0
660,29,454.76,50.19,31.37,29.3,1,1,0.416
660,45,497.69,225.44,108.66,105.44,1,1,1.0
660,46,467.81,37.94,73.69,87.56,1,1,1.0
660,47,536.95,55.99,32.2,26.27,1,1,0.8587
660,48,629.55,26.22,26.7,22.98,1,1,0.5355
660,49,669.55,24.4,30.6,28.26,1,1,1.0
660,50,589.0,46.82,35.95,33.19,1,1,1.0
660,51,574.0,27.43,30.8,27.05,1,1,0.8547
660,52,537.75,38.16,27.55,27.48,1,1,0.6487
660,53,842.0,87.49,65.65,44.88,1,1,1.0
661,29,453.81,49.85,32.67,30.08,1,1,0.3912
661,45,497.43,228.46,110.57,107.97,1,1,1.0
661,46,466.59,37.79,74.45,88.31,1,1,1.0
661,47,535.85,56.6,33.2,25.92,1,1,0.8437
661,48,628.8,25.44,26.95,23.33,1,1,0.5536
661,49,668.75,23.37,30.1,28.52,1,1,1.0
661,50,589.35,47.25,35.75,32.67,1,1,1.0
661,51,573.75,28.04,31.1,26.96,1,1,0.8567
661,52,536.9,38.42,28.5,28.0,1,1,0.649
661,53,838.55,86.19,65.4,44.62,1,1,1.0
662,29,455.19,48.64,29.91,30.08,1,1,0.3404
662,45,497.77,233.48,110.58,108.83,1,1,1.0
662,46,465.37,37.64,75.21,89.07,1,1,1.0
662,47,536.35,56.77,32.85,26.1,1,1,0.8712
662,48,627.75,24.92,26.8,22.12,1,1,0.5698
662,49,667.9,23.37,29.2,27.82,1,1,1.0
662,50,590.0,48.12,36.0,33.02,1,1,1.0
662,51,574.25,27.17,31.65,27.83,1,1,0.8757
662,52,536.0,38.42,30.45,28.35,1,1,0.6513
662,53,834.75,84.12,66.4,47.38,1,1,1.0
663,29,456.57,47.42,27.14,30.08,1,1,0.2793
663,45,498.12,238.5,110.53,109.69,1,1,1.0
663,46,464.15,37.49,75.97,89.83,1,1,1.0
663,47,536.9,56.94,32.5,26.27,1,1,0.9009
663,48,626.7,24.4,26.65,20.9,1,1,0.4415
663,49,667.05,23.37,28.35,27.13,1,1,1.0
663,50,590.7,48.98,36.15,33.36,1,1,1.0
663,51,574.8,26.31,32.15,28.69,1,1,0.894
663,52,535.15,38.42,32.35,28.69,1,1,0.6646
663,53,830.95,82.04,67.45,50.15,1,1,1.0
664,29,457.96,46.21,24.36,30.08,1,1,0.204
664,45,498.46,243.52,110.54,110.55,1,1,1.0
664,46,462.93,37.33,76.74,90.6,1,1,1.0
664,47,537.4,57.12,32.15,26.44,1,1,0.9294
664,48,625.65,23.88,26.45,19.69,1,1,0.5104
664,49,666.15,23.37,27.5,26.44,1,1,1.0
664,50,591.4,49.85,36.3,33.71,1,1,1.0
664,51,575.3,25.44,32.7,29.56,1,1,0.9115
664,52,534.3,38.42,34.2,29.04,1,1,0.676
664,53,827.15,79.96,68.5,52.92,1,1,1.0
