video,track_id,event_id,start_frame,end_frame,length_frames,has_full,gt_before,gt_after,eligible,exclusion_reason
MVI_20011,8,0,25,75,51,False,False,True,False,gt_missing_before
MVI_20011,10,0,47,107,61,False,True,True,True,
MVI_20011,13,0,64,171,108,False,False,True,False,gt_missing_before
MVI_20011,13,1,197,209,13,False,True,True,True,
MVI_20011,21,0,227,302,76,False,True,True,True,
MVI_20011,24,0,229,269,41,False,False,True,False,gt_missing_before
MVI_20011,26,0,295,315,21,False,False,True,False,gt_missing_before
MVI_20011,28,0,301,404,104,True,False,True,False,gt_missing_before
MVI_20011,28,1,409,421,13,True,True,False,False,gt_missing_after
MVI_20011,29,0,511,541,31,False,True,True,True,
MVI_20011,29,1,650,664,15,False,True,False,False,gt_missing_after
MVI_20011,34,0,478,541,64,False,True,False,False,gt_missing_after
MVI_20011,35,0,367,479,113,False,False,True,False,gt_missing_before
MVI_20011,35,1,488,495,8,False,True,True,True,
MVI_20011,37,0,397,447,51,False,False,True,False,gt_missing_before
MVI_20011,37,1,453,571,119,False,True,True,True,
MVI_20011,40,0,421,533,113,True,False,True,False,gt_missing_before
MVI_20011,40,1,538,575,38,True,True,True,True,
MVI_20011,43,0,475,529,55,False,False,True,False,gt_missing_before
MVI_20011,43,1,548,553,6,False,True,True,True,
MVI_20011,43,2,560,571,12,False,True,True,True,
MVI_20011,43,3,593,599,7,False,True,True,True,
MVI_20011,47,0,570,638,69,False,True,True,True,
MVI_20011,47,1,645,652,8,False,True,True,True,
MVI_20011,47,2,658,662,5,False,True,True,True,
MVI_20011,48,0,541,664,124,False,False,False,False,gt_missing_before
MVI_20011,51,0,619,646,28,False,False,True,False,gt_missing_before
MVI_20011,51,1,652,663,12,False,True,True,True,
MVI_20011,52,0,631,664,34,False,False,False,False,gt_missing_before
MVI_20012,3,0,1,11,11,True,False,True,False,gt_missing_before
MVI_20012,3,1,31,402,372,True,True,True,True,
MVI_20012,5,0,1,22,22,False,False,True,False,gt_missing_before
MVI_20012,9,0,34,43,10,False,True,False,False,gt_missing_after
MVI_20012,11,0,1,81,81,False,False,True,False,gt_missing_before
MVI_20012,12,0,35,41,7,False,True,True,True,
MVI_20012,12,1,52,82,31,False,True,True,True,
MVI_20012,14,0,31,88,58,True,False,True,False,gt_missing_before
MVI_20012,14,1,209,326,118,False,True,True,True,
MVI_20012,15,0,293,399,107,False,True,True,True,
MVI_20012,16,0,79,221,143,False,False,True,False,gt_missing_before
MVI_20012,16,1,238,241,4,False,True,True,True,
MVI_20012,16,2,247,267,21,False,True,True,True,
MVI_20012,16,3,295,325,31,False,True,False,False,gt_missing_after
MVI_20012,17,0,209,221,13,False,True,True,True,
MVI_20012,17,1,231,271,41,False,True,False,False,gt_missing_after
MVI_20012,18,0,139,142,4,False,False,True,False,gt_missing_before
MVI_20012,18,1,149,177,29,False,True,True,True,
MVI_20012,18,2,187,224,38,False,True,True,True,
MVI_20012,25,0,321,331,11,False,True,True,True,
MVI_20012,26,0,295,392,98,False,False,True,False,gt_missing_before
MVI_20012,28,0,355,430,76,False,False,True,False,gt_missing_before
MVI_20012,28,1,435,444,10,False,True,True,True,
MVI_20012,31,0,403,480,78,False,False,True,False,gt_missing_before
MVI_20012,31,1,486,513,28,False,True,True,True,
MVI_20012,36,0,544,679,136,False,True,False,False,gt_missing_after
MVI_20012,37,0,487,589,103,False,False,False,False,gt_missing_before
MVI_20012,38,0,499,615,117,True,False,True,False,gt_missing_before
MVI_20012,41,0,815,842,28,False,True,True,True,
MVI_20012,41,1,852,855,4,False,True,False,False,gt_missing_after
MVI_20033,2,0,83,101,19,False,True,True,True,
MVI_20033,2,1,105,173,69,False,True,True,True,
MVI_20033,5,0,211,233,23,False,True,True,True,
MVI_20033,5,1,243,247,5,False,True,False,False,gt_missing_after
MVI_20033,14,0,530,560,31,False,True,True,True,
MVI_20034,2,0,90,91,2,False,True,False,False,gt_missing_after
MVI_20034,4,0,1,31,31,False,False,False,False,gt_missing_before
MVI_20034,6,0,234,253,20,False,True,False,False,gt_missing_after
MVI_20034,7,0,222,325,104,False,True,False,False,gt_missing_after
MVI_20034,15,0,405,469,65,False,True,False,False,gt_missing_after
MVI_20034,16,0,325,343,19,False,True,True,True,
MVI_20034,16,1,619,638,20,False,True,True,True,
MVI_20034,20,0,469,505,37,False,True,False,False,gt_missing_after
MVI_20034,21,0,640,643,4,False,True,False,False,gt_missing_after
MVI_20034,22,0,539,568,30,False,True,True,True,
MVI_20034,23,0,484,643,160,False,True,False,False,gt_missing_after
MVI_20034,24,0,403,417,15,False,False,True,False,gt_missing_before
MVI_20034,24,1,426,440,15,False,True,True,True,
MVI_20034,25,0,403,513,111,False,False,True,False,gt_missing_before
MVI_20034,28,0,439,453,15,False,False,True,False,gt_missing_before
MVI_20034,30,0,548,741,194,False,True,True,True,
MVI_20034,33,0,541,621,81,False,False,True,False,gt_missing_before
MVI_20034,38,0,604,623,20,False,True,True,True,
MVI_20034,38,1,640,662,23,False,True,True,True,
MVI_20034,38,2,684,687,4,False,True,True,True,
MVI_20034,42,0,691,800,110,False,False,False,False,gt_missing_before
MVI_20034,46,0,757,800,44,False,False,False,False,gt_missing_before
MVI_20034,48,0,238,347,110,True,True,True,True,
MVI_20034,48,1,422,455,34,False,True,True,True,
MVI_20034,48,2,646,682,37,False,True,True,True,
MVI_20034,48,3,686,731,46,False,True,False,False,gt_missing_after
MVI_20034,49,0,614,651,38,False,True,False,False,gt_missing_after
MVI_20034,50,0,321,340,20,False,True,True,True,
MVI_20035,1,0,151,157,7,False,True,False,False,gt_missing_after
MVI_20035,2,0,67,115,49,False,True,False,False,gt_missing_after
MVI_20035,10,0,360,375,16,False,True,True,True,
MVI_20035,10,1,381,445,65,False,True,False,False,gt_missing_after
MVI_20035,12,0,389,449,61,False,True,True,True,
MVI_20035,13,0,436,508,73,False,True,True,True,
MVI_20035,15,0,575,601,27,False,True,False,False,gt_missing_after
MVI_20035,19,0,639,691,53,False,True,False,False,gt_missing_after
MVI_20035,22,0,654,727,74,False,True,False,False,gt_missing_after
MVI_20035,28,0,774,800,27,False,True,False,False,gt_missing_after
MVI_20035,33,0,1,11,11,False,False,True,False,gt_missing_before
MVI_20035,34,0,103,135,33,False,True,True,True,
MVI_20035,35,0,1,115,115,False,False,True,False,gt_missing_before
MVI_20035,37,0,99,209,111,False,True,True,True,
MVI_20035,49,0,251,356,106,False,True,True,True,
MVI_20035,54,0,472,500,29,False,True,True,True,
MVI_20035,55,0,397,427,31,False,False,True,False,gt_missing_before
MVI_20035,58,0,487,556,70,False,False,True,False,gt_missing_before
MVI_20035,58,1,605,619,15,False,True,False,False,gt_missing_after
MVI_20035,62,0,577,637,61,False,False,True,False,gt_missing_before
MVI_20051,4,0,1,41,41,False,False,True,False,gt_missing_before
MVI_20051,6,0,19,49,31,False,False,True,False,gt_missing_before
MVI_20051,8,0,67,117,51,False,False,True,False,gt_missing_before
MVI_20051,9,0,73,212,140,False,False,True,False,gt_missing_before
MVI_20051,11,0,134,167,34,False,True,True,True,
MVI_20051,13,0,187,217,31,False,False,True,False,gt_missing_before
MVI_20051,15,0,235,255,21,False,False,True,False,gt_missing_before
MVI_20051,17,0,271,381,111,False,False,True,False,gt_missing_before
MVI_20051,19,0,301,341,41,False,False,True,False,gt_missing_before
MVI_20051,20,0,355,365,11,False,False,True,False,gt_missing_before
MVI_20051,23,0,391,441,51,False,False,True,False,gt_missing_before
MVI_20051,24,0,439,512,74,False,False,True,False,gt_missing_before
MVI_20051,25,0,439,469,31,False,False,True,False,gt_missing_before
MVI_20051,26,0,487,547,61,False,False,True,False,gt_missing_before
MVI_20051,27,0,487,537,51,False,False,True,False,gt_missing_before
MVI_20051,28,0,559,613,55,False,False,True,False,gt_missing_before
MVI_20051,29,0,565,625,61,False,False,True,False,gt_missing_before
MVI_20051,30,0,619,701,83,False,False,True,False,gt_missing_before
MVI_20051,33,0,691,701,11,False,False,True,False,gt_missing_before
MVI_20051,38,0,745,853,109,False,False,True,False,gt_missing_before
MVI_20051,42,0,880,906,27,False,True,False,False,gt_missing_after
MVI_20051,43,0,829,889,61,False,False,True,False,gt_missing_before
MVI_20051,44,0,829,899,71,False,False,True,False,gt_missing_before
MVI_20051,47,0,900,906,7,False,True,False,False,gt_missing_after
MVI_20051,51,0,31,34,4,False,True,True,True,
MVI_20051,51,1,726,762,37,False,True,True,True,
MVI_20051,51,2,786,865,80,False,True,True,True,
MVI_20052,8,0,30,107,78,False,True,True,True,
MVI_20052,10,0,1,31,31,False,False,True,False,gt_missing_before
MVI_20052,12,0,67,109,43,False,True,False,False,gt_missing_after
MVI_20052,13,0,1,11,11,False,False,True,False,gt_missing_before
MVI_20052,14,0,19,69,51,False,False,True,False,gt_missing_before
MVI_20052,15,0,25,65,41,False,False,True,False,gt_missing_before
MVI_20052,20,0,103,178,76,False,False,True,False,gt_missing_before
MVI_20052,23,0,181,211,31,False,False,True,False,gt_missing_before
MVI_20052,24,0,191,286,96,False,True,True,True,
MVI_20052,24,1,295,301,7,False,True,True,True,
MVI_20052,25,0,292,343,52,False,True,False,False,gt_missing_after
MVI_20052,27,0,247,287,41,False,False,True,False,gt_missing_before
MVI_20052,28,0,247,307,61,False,False,True,False,gt_missing_before
MVI_20052,30,0,265,546,282,False,True,True,True,
MVI_20052,31,0,334,394,61,False,True,True,True,
MVI_20052,34,0,343,511,169,False,False,True,False,gt_missing_before
MVI_20052,39,0,427,457,31,False,False,True,False,gt_missing_before
MVI_20052,40,0,599,631,33,False,True,False,False,gt_missing_after
MVI_20052,43,0,128,138,11,False,True,True,True,
MVI_20052,43,1,253,271,19,False,True,True,True,
MVI_20052,43,2,280,353,74,False,True,True,True,
MVI_20052,43,3,364,403,40,False,True,True,True,
MVI_20052,43,4,437,539,103,False,True,True,True,
MVI_20061,7,0,17,267,251,False,True,True,True,
MVI_20061,7,1,339,457,119,False,True,False,False,gt_missing_after
MVI_20061,8,0,96,159,64,False,True,True,True,
MVI_20061,8,1,165,229,65,False,True,False,False,gt_missing_after
MVI_20061,9,0,165,203,39,False,True,True,True,
MVI_20061,9,1,210,212,3,False,True,True,True,
MVI_20061,10,0,1,120,120,False,False,True,False,gt_missing_before
MVI_20061,11,0,1,111,111,False,False,True,False,gt_missing_before
MVI_20061,11,1,134,181,48,False,True,False,False,gt_missing_after
MVI_20061,12,0,1,21,21,False,False,True,False,gt_missing_before
MVI_20061,12,1,102,229,128,False,True,False,False,gt_missing_after
MVI_20061,13,0,21,79,59,False,True,False,False,gt_missing_after
MVI_20061,14,0,1,81,81,False,False,True,False,gt_missing_before
MVI_20061,15,0,1,127,127,False,False,False,False,gt_missing_before
MVI_20061,16,0,1,31,31,False,False,True,False,gt_missing_before
MVI_20061,17,0,1,61,61,False,False,False,False,gt_missing_before
MVI_20061,22,0,173,183,11,False,True,True,True,
MVI_20061,25,0,169,339,171,False,False,True,False,gt_missing_before
MVI_20061,34,0,451,501,51,False,False,True,False,gt_missing_before
MVI_20061,49,0,142,153,12,False,True,True,True,
MVI_20061,49,1,160,215,56,False,True,True,True,
MVI_20061,49,2,219,243,25,False,True,True,True,
MVI_20062,12,0,2,162,161,True,False,True,False,gt_missing_before
MVI_20062,19,0,301,431,131,False,False,True,False,gt_missing_before
MVI_20062,21,0,355,483,129,False,False,True,False,gt_missing_before
MVI_20062,24,0,505,525,21,False,False,True,False,gt_missing_before
MVI_20062,25,0,713,795,83,False,True,True,True,
MVI_20062,26,0,700,778,79,False,False,True,False,gt_missing_before
MVI_20063,4,0,379,383,5,False,True,True,True,
MVI_20063,7,0,235,351,117,False,True,True,True,
MVI_20063,7,1,407,481,75,False,True,False,False,gt_missing_after
MVI_20063,10,0,534,541,8,False,True,False,False,gt_missing_after
MVI_20063,11,0,599,639,41,False,True,True,True,
MVI_20063,11,1,660,662,3,False,True,True,True,
MVI_20063,12,0,381,578,198,False,False,True,False,gt_missing_before
MVI_20063,12,1,583,670,88,False,True,True,True,
MVI_20063,13,0,380,439,60,True,False,True,False,gt_missing_before
MVI_20063,14,0,480,562,83,False,True,True,True,
MVI_20063,16,0,699,779,81,False,True,True,True,
MVI_20063,18,0,581,771,191,False,True,True,True,
MVI_20063,22,0,682,791,110,False,True,True,True,
MVI_20063,23,0,738,746,9,False,True,True,True,
MVI_20063,27,0,761,791,31,False,False,False,False,gt_missing_before
MVI_20064,4,0,1,7,7,False,False,True,False,gt_missing_before
MVI_20064,7,0,3,10,8,False,True,True,True,
MVI_20064,7,1,14,23,10,False,True,True,True,
MVI_20064,7,2,29,38,10,False,True,True,True,
MVI_20064,7,3,184,233,50,False,True,True,True,
MVI_20064,9,0,42,127,86,False,True,False,False,gt_missing_after
MVI_20064,10,0,1,35,35,False,False,True,False,gt_missing_before
MVI_20064,11,0,92,127,36,False,True,True,True,
MVI_20064,14,0,11,19,9,False,True,False,False,gt_missing_after
MVI_20064,15,0,377,379,3,False,True,False,False,gt_missing_after
MVI_20064,16,0,202,239,38,False,True,True,True,
MVI_20064,16,1,245,248,4,False,True,True,True,
MVI_20064,16,2,279,355,77,False,True,False,False,gt_missing_after
MVI_20064,18,0,104,112,9,False,True,True,True,
MVI_20064,18,1,144,294,151,False,True,True,True,
MVI_20064,18,2,404,775,372,False,True,False,False,gt_missing_after
MVI_20064,19,0,117,139,23,False,True,True,True,
MVI_20064,19,1,247,265,19,False,True,True,True,
MVI_20064,19,2,284,328,45,False,True,True,True,
MVI_20064,19,3,407,411,5,False,True,True,True,
MVI_20064,19,4,423,430,8,False,True,True,True,
MVI_20064,20,0,667,669,3,False,True,True,True,
MVI_20064,20,1,721,749,29,False,True,True,True,
MVI_20064,22,0,152,170,19,False,True,True,True,
MVI_20064,22,1,228,302,75,False,True,True,True,
MVI_20064,22,2,310,315,6,False,True,True,True,
MVI_20064,22,3,324,333,10,False,True,True,True,
MVI_20064,24,0,280,341,62,False,True,True,True,
MVI_20064,24,1,345,347,3,False,True,True,True,
MVI_20064,24,2,377,466,90,False,True,True,True,
MVI_20064,24,3,525,582,58,False,True,True,True,
MVI_20064,24,4,600,602,3,False,True,True,True,
MVI_20064,24,5,618,629,12,False,True,True,True,
MVI_20064,24,6,633,691,59,False,True,False,False,gt_missing_after
MVI_20064,25,0,253,262,10,False,False,True,False,gt_missing_before
MVI_20064,25,1,488,605,118,False,True,True,True,
MVI_20064,25,2,630,634,5,False,True,True,True,
MVI_20064,25,3,653,664,12,False,True,True,True,
MVI_20064,25,4,675,732,58,False,True,True,True,
MVI_20064,26,0,408,555,148,False,True,True,True,
MVI_20064,28,0,449,489,41,False,True,True,True,
MVI_20064,28,1,524,534,11,False,True,True,True,
MVI_20064,28,2,547,681,135,False,True,True,True,
MVI_20064,29,0,361,400,40,False,False,True,False,gt_missing_before
MVI_20064,29,1,502,572,71,False,True,True,True,
MVI_20064,29,2,592,605,14,False,True,True,True,
MVI_20064,29,3,611,615,5,False,True,True,True,
MVI_20064,29,4,621,626,6,False,True,True,True,
MVI_20064,29,5,634,744,111,False,True,True,True,
MVI_20064,29,6,748,753,6,False,True,True,True,
MVI_20064,29,7,768,786,19,False,True,True,True,
MVI_20064,29,8,794,799,6,False,True,True,True,
MVI_20064,30,0,374,450,77,False,True,True,True,
MVI_20064,30,1,454,485,32,False,True,True,True,
MVI_20064,30,2,515,646,132,False,True,True,True,
MVI_20064,30,3,652,666,15,False,True,True,True,
MVI_20064,30,4,718,759,42,False,True,True,True,
MVI_20064,30,5,777,800,24,False,True,False,False,gt_missing_after
MVI_20064,31,0,396,398,3,False,True,True,True,
MVI_20064,31,1,408,410,3,False,True,True,True,
MVI_20064,31,2,419,434,16,False,True,True,True,
MVI_20064,31,3,444,445,2,False,True,True,True,
MVI_20064,31,4,455,491,37,False,True,True,True,
MVI_20064,34,0,421,525,105,False,False,True,False,gt_missing_before
MVI_20064,34,1,532,551,20,False,True,True,True,
MVI_20064,34,2,575,686,112,False,True,True,True,
MVI_20064,35,0,563,762,200,False,True,True,True,
MVI_20064,35,1,780,783,4,False,True,True,True,
MVI_20064,35,2,790,800,11,False,True,False,False,gt_missing_after
MVI_20064,38,0,512,550,39,False,True,True,True,
MVI_20064,38,1,752,791,40,False,True,True,True,
MVI_20064,38,2,797,800,4,False,True,False,False,gt_missing_after
MVI_20064,39,0,482,788,307,True,True,True,True,
MVI_20064,43,0,654,695,42,False,True,True,True,
MVI_20064,45,0,710,800,91,False,True,False,False,gt_missing_after
MVI_20064,47,0,707,750,44,False,True,True,True,
MVI_20065,6,0,1,97,97,False,False,False,False,gt_missing_before
MVI_20065,12,0,97,117,21,False,False,True,False,gt_missing_before
MVI_20065,14,0,256,310,55,False,True,True,True,
MVI_20065,15,0,103,250,148,False,False,True,False,gt_missing_before
MVI_20065,15,1,257,263,7,False,True,True,True,
MVI_20065,15,2,289,339,51,False,True,True,True,
MVI_20065,16,0,103,113,11,False,False,True,False,gt_missing_before
MVI_20065,17,0,266,295,30,False,True,False,False,gt_missing_after
MVI_20065,18,0,151,156,6,False,False,True,False,gt_missing_before
MVI_20065,18,1,164,262,99,False,True,True,True,
MVI_20065,18,2,310,318,9,False,True,True,True,
MVI_20065,18,3,367,428,62,False,True,True,True,
MVI_20065,19,0,151,161,11,False,False,True,False,gt_missing_before
MVI_20065,20,0,169,189,21,False,False,True,False,gt_missing_before
MVI_20065,20,1,239,419,181,False,True,True,True,
MVI_20065,21,0,169,249,81,False,False,True,False,gt_missing_before
MVI_20065,23,0,305,333,29,False,True,True,True,
MVI_20065,24,0,275,297,23,False,True,True,True,
MVI_20065,26,0,229,395,167,False,False,True,False,gt_missing_before
MVI_20065,28,0,374,404,31,False,True,True,True,
MVI_20065,30,0,307,337,31,False,False,True,False,gt_missing_before
MVI_20065,30,1,454,475,22,False,True,False,False,gt_missing_after
MVI_20065,32,0,422,473,52,False,True,True,True,
MVI_20065,32,1,481,483,3,False,True,True,True,
MVI_20065,34,0,429,434,6,False,True,True,True,
MVI_20065,37,0,448,488,41,False,True,True,True,
MVI_20065,38,0,435,589,155,False,True,False,False,gt_missing_after
MVI_20065,39,0,527,615,89,False,True,True,True,
MVI_20065,40,0,630,643,14,False,True,False,False,gt_missing_after
MVI_20065,41,0,584,627,44,False,True,True,True,
MVI_20065,42,0,578,598,21,False,True,True,True,
MVI_20065,46,0,628,635,8,False,True,True,True,
MVI_20065,46,1,779,781,3,False,True,False,False,gt_missing_after
MVI_20065,48,0,537,647,111,False,False,True,False,gt_missing_before
MVI_20065,49,0,597,667,71,False,True,True,True,
MVI_20065,52,0,662,781,120,False,True,False,False,gt_missing_after
MVI_20065,53,0,651,674,24,False,True,True,True,
MVI_20065,53,1,708,713,6,False,True,True,True,
MVI_20065,53,2,722,819,98,False,True,True,True,
MVI_20065,54,0,619,698,80,False,False,True,False,gt_missing_before
MVI_20065,54,1,706,709,4,False,True,True,True,
MVI_20065,55,0,844,859,16,False,True,False,False,gt_missing_after
MVI_20065,56,0,649,736,88,False,False,True,False,gt_missing_before
MVI_20065,56,1,750,752,3,False,True,True,True,
MVI_20065,56,2,762,773,12,False,True,True,True,
MVI_20065,59,0,1035,1200,166,False,True,False,False,gt_missing_after
MVI_20065,63,0,715,753,39,False,False,True,False,gt_missing_before
MVI_20065,63,1,775,876,102,False,True,True,True,
MVI_20065,64,0,757,989,233,False,False,True,False,gt_missing_before
MVI_20065,67,0,1045,1055,11,False,True,True,True,
MVI_20065,67,1,1074,1095,22,False,True,True,True,
MVI_20065,67,2,1102,1120,19,False,True,True,True,
MVI_20065,67,3,1124,1137,14,False,True,True,True,
MVI_20065,70,0,895,903,9,False,True,True,True,
MVI_20065,70,1,915,1037,123,False,True,True,True,
MVI_20065,70,2,1070,1148,79,False,True,True,True,
MVI_20065,74,0,1086,1089,4,False,True,True,True,
MVI_20065,74,1,1102,1125,24,False,True,True,True,
MVI_20065,74,2,1143,1183,41,False,True,False,False,gt_missing_after
MVI_39761,2,0,1,70,70,False,False,True,False,gt_missing_before
MVI_39771,11,0,190,200,11,False,True,True,True,
MVI_39771,18,0,309,319,11,False,True,True,True,
MVI_39771,24,0,490,493,4,False,True,True,True,
MVI_39771,24,1,497,552,56,False,True,True,True,
MVI_39771,24,2,560,570,11,False,True,False,False,gt_missing_after
MVI_39771,25,0,511,570,60,False,False,False,False,gt_missing_before
MVI_39781,10,0,386,486,101,False,False,False,False,gt_missing_before
MVI_39781,12,0,576,609,34,False,True,True,True,
MVI_39781,13,0,566,641,76,False,False,False,False,gt_missing_before
MVI_39781,14,0,596,676,81,False,False,False,False,gt_missing_before
MVI_39781,16,0,735,781,47,False,True,False,False,gt_missing_after
MVI_39781,18,0,713,749,37,False,True,True,True,
MVI_39781,19,0,696,781,86,False,False,False,False,gt_missing_before
MVI_39781,20,0,701,703,3,False,False,True,False,gt_missing_before
MVI_39781,23,0,771,861,91,False,False,False,False,gt_missing_before
MVI_39781,26,0,836,853,18,False,False,True,False,gt_missing_before
MVI_39781,28,0,851,903,53,False,False,True,False,gt_missing_before
MVI_39781,30,0,933,1007,75,True,True,True,True,
MVI_39781,31,0,951,1066,116,False,False,False,False,gt_missing_before
MVI_39781,34,0,1032,1287,256,False,True,True,True,
MVI_39781,35,0,1011,1131,121,False,False,False,False,gt_missing_before
MVI_39781,36,0,1011,1121,111,False,False,False,False,gt_missing_before
MVI_39781,37,0,1036,1048,13,False,False,True,False,gt_missing_before
MVI_39781,37,1,1075,1127,53,True,True,True,True,
MVI_39781,38,0,1074,1106,33,False,True,True,True,
MVI_39781,38,1,1218,1227,10,False,True,True,True,
MVI_39781,38,2,1385,1387,3,False,True,True,True,
MVI_39781,38,3,1460,1474,15,False,True,True,True,
MVI_39781,38,4,1586,1601,16,False,True,False,False,gt_missing_after
MVI_39781,39,0,1066,1186,121,False,False,False,False,gt_missing_before
MVI_39781,40,0,1181,1186,6,False,True,False,False,gt_missing_after
MVI_39781,41,0,1185,1195,11,False,True,True,True,
MVI_39781,41,1,1426,1439,14,False,True,True,True,
MVI_39781,41,2,1514,1528,15,False,True,True,True,
MVI_39781,41,3,1672,1703,32,False,True,True,True,
MVI_39781,42,0,1185,1190,6,False,True,True,True,
MVI_39781,43,0,1276,1279,4,False,False,True,False,gt_missing_before
MVI_39781,43,1,1283,1292,10,False,True,True,True,
MVI_39781,43,2,1533,1689,157,False,True,True,True,
MVI_39781,45,0,1420,1431,12,False,True,True,True,
MVI_39781,48,0,1509,1514,6,False,True,True,True,
MVI_39781,48,1,1590,1619,30,True,True,True,True,
MVI_39781,49,0,1857,1865,9,False,True,False,False,gt_missing_after
MVI_39781,50,0,1836,1865,30,False,False,False,False,gt_missing_before
MVI_39801,2,0,12,30,19,False,True,True,True,
MVI_39801,2,1,125,135,11,False,True,True,True,
MVI_39801,4,0,56,77,22,False,False,True,False,gt_missing_before
MVI_39801,4,1,173,182,10,False,True,True,True,
MVI_39801,5,0,81,141,61,False,True,True,True,
MVI_39801,6,0,81,181,101,True,False,False,False,gt_missing_before
MVI_39801,7,0,108,141,34,True,True,True,True,
MVI_39801,8,0,156,163,8,False,True,True,True,
MVI_39801,9,0,245,259,15,False,True,True,True,
MVI_39801,9,1,318,325,8,False,True,True,True,
MVI_39801,10,0,251,258,8,False,True,True,True,
MVI_39801,11,0,263,270,8,False,True,True,True,
MVI_39801,12,0,256,265,10,False,False,True,False,gt_missing_before
MVI_39801,12,1,309,337,29,False,True,True,True,
MVI_39801,12,2,373,383,11,False,True,True,True,
MVI_39801,13,0,281,295,15,False,True,True,True,
MVI_39801,13,1,354,362,9,False,True,True,True,
MVI_39801,14,0,296,391,96,True,False,False,False,gt_missing_before
MVI_39801,15,0,296,333,38,False,False,True,False,gt_missing_before
MVI_39801,16,0,317,334,18,False,True,True,True,
MVI_39801,16,1,399,406,8,False,True,True,True,
MVI_39801,17,0,316,360,45,False,False,True,False,gt_missing_before
MVI_39801,17,1,420,429,10,False,True,True,True,
MVI_39801,18,0,515,539,25,False,True,True,True,
MVI_39801,19,0,327,345,19,True,True,True,True,
MVI_39801,20,0,368,390,23,False,True,True,True,
MVI_39801,20,1,456,466,11,False,True,True,True,
MVI_39801,21,0,384,395,12,True,True,True,True,
MVI_39801,22,0,415,424,10,False,True,True,True,
MVI_39801,23,0,426,432,7,False,False,True,False,gt_missing_before
MVI_39801,23,1,507,514,8,False,True,True,True,
MVI_39801,24,0,443,454,12,False,True,True,True,
MVI_39801,25,0,461,472,12,False,False,True,False,gt_missing_before
MVI_39801,25,1,546,554,9,False,True,True,True,
MVI_39801,26,0,495,520,26,False,True,True,True,
MVI_39801,26,1,607,618,12,False,True,True,True,
MVI_39801,27,0,506,591,86,True,False,False,False,gt_missing_before
MVI_39801,28,0,521,530,10,False,True,True,True,
MVI_39801,29,0,532,540,9,False,True,True,True,
MVI_39801,29,1,563,651,89,False,True,False,False,gt_missing_after
MVI_39801,30,0,542,569,28,False,True,True,True,
MVI_39801,30,1,658,670,13,False,True,True,True,
MVI_39801,31,0,578,589,12,False,True,True,True,
MVI_39801,31,1,626,701,76,False,True,False,False,gt_missing_after
MVI_39801,32,0,585,611,27,False,True,True,True,
MVI_39801,32,1,694,705,12,False,True,True,True,
MVI_39801,33,0,591,701,111,True,False,False,False,gt_missing_before
MVI_39801,34,0,638,646,9,False,True,True,True,
MVI_39801,35,0,666,791,126,True,False,False,False,gt_missing_before
MVI_39801,36,0,686,708,23,False,False,True,False,gt_missing_before
MVI_39801,36,1,782,793,12,False,True,True,True,
MVI_39801,37,0,701,709,9,False,True,True,True,
MVI_39801,37,1,815,831,17,False,True,False,False,gt_missing_after
MVI_39801,38,0,727,737,11,False,True,True,True,
MVI_39801,39,0,752,761,10,False,True,True,True,
MVI_39801,39,1,837,885,49,False,True,False,False,gt_missing_after
MVI_39801,40,0,766,885,120,True,False,False,False,gt_missing_before
MVI_39801,41,0,806,822,17,False,False,True,False,gt_missing_before
MVI_39801,41,1,879,885,7,False,True,False,False,gt_missing_after
MVI_39801,42,0,859,865,7,False,True,True,True,
MVI_39801,43,0,866,885,20,False,True,False,False,gt_missing_after
MVI_39811,1,0,1,6,6,False,False,False,False,gt_missing_before
MVI_39811,2,0,1,51,51,False,False,False,False,gt_missing_before
MVI_39811,3,0,36,101,66,True,False,False,False,gt_missing_before
MVI_39811,4,0,63,74,12,False,True,True,True,
MVI_39811,5,0,119,129,11,False,True,True,True,
MVI_39811,6,0,267,277,11,False,True,True,True,
MVI_39811,7,0,572,593,22,True,True,True,True,
MVI_39811,8,0,656,673,18,True,False,True,False,gt_missing_before
MVI_39811,9,0,770,786,17,True,True,False,False,gt_missing_after
MVI_39821,1,0,1,17,17,False,False,True,False,gt_missing_before
MVI_39821,1,1,85,91,7,False,True,False,False,gt_missing_after
MVI_39821,2,0,60,61,2,False,True,False,False,gt_missing_after
MVI_39821,3,0,35,41,7,False,True,False,False,gt_missing_after
MVI_39821,4,0,78,95,18,False,True,True,True,
MVI_39821,4,1,168,176,9,False,True,False,False,gt_missing_after
MVI_39821,5,0,101,103,3,False,False,True,False,gt_missing_before
MVI_39821,6,0,145,165,21,False,True,True,True,
MVI_39821,6,1,220,226,7,False,True,False,False,gt_missing_after
MVI_39821,7,0,136,142,7,False,False,True,False,gt_missing_before
MVI_39821,8,0,170,190,21,False,True,True,True,
MVI_39821,8,1,261,266,6,False,True,False,False,gt_missing_after
MVI_39821,9,0,201,225,25,False,True,True,True,
MVI_39821,9,1,298,306,9,False,True,False,False,gt_missing_after
MVI_39821,10,0,201,210,10,False,False,True,False,gt_missing_before
MVI_39821,11,0,242,257,16,False,True,True,True,
MVI_39821,11,1,330,336,7,False,True,False,False,gt_missing_after
MVI_39821,12,0,316,324,9,False,False,True,False,gt_missing_before
MVI_39821,13,0,358,409,52,False,True,True,True,
MVI_39821,13,1,465,501,37,False,True,False,False,gt_missing_after
MVI_39821,14,0,419,439,21,False,True,True,True,
MVI_39821,14,1,522,526,5,False,True,False,False,gt_missing_after
MVI_39821,15,0,461,487,27,True,False,True,False,gt_missing_before
MVI_39821,16,0,494,520,27,False,True,True,True,
MVI_39821,16,1,598,606,9,False,True,False,False,gt_missing_after
MVI_39821,17,0,481,611,131,True,False,False,False,gt_missing_before
MVI_39821,18,0,496,511,16,True,False,True,False,gt_missing_before
MVI_39821,19,0,547,564,18,False,True,True,True,
MVI_39821,19,1,639,646,8,False,True,False,False,gt_missing_after
MVI_39821,20,0,536,565,30,False,False,True,False,gt_missing_before
MVI_39821,20,1,661,666,6,False,True,False,False,gt_missing_after
MVI_39821,21,0,619,642,24,False,True,True,True,
MVI_39821,21,1,719,726,8,False,True,False,False,gt_missing_after
MVI_39821,22,0,616,713,98,True,False,True,False,gt_missing_before
MVI_39821,23,0,621,721,101,True,False,False,False,gt_missing_before
MVI_39821,24,0,681,698,18,False,False,True,False,gt_missing_before
MVI_39821,24,1,702,722,21,False,True,True,True,
MVI_39821,24,2,759,784,26,False,True,True,True,
MVI_39821,25,0,732,758,27,False,True,True,True,
MVI_39821,25,1,851,861,11,False,True,False,False,gt_missing_after
MVI_39821,26,0,701,719,19,True,False,True,False,gt_missing_before
MVI_39821,26,1,729,734,6,False,True,True,True,
MVI_39821,26,2,745,757,13,False,True,True,True,
MVI_39821,27,0,736,775,40,True,False,True,False,gt_missing_before
MVI_39821,28,0,787,810,24,False,True,True,True,
MVI_39821,29,0,766,814,49,False,False,True,False,gt_missing_before
MVI_39821,30,0,776,818,43,True,False,True,False,gt_missing_before
MVI_39821,31,0,800,823,24,False,True,True,True,
MVI_39821,32,0,826,833,8,False,False,True,False,gt_missing_before
MVI_39821,33,0,866,880,15,True,False,False,False,gt_missing_before
MVI_39821,34,0,876,880,5,False,False,False,False,gt_missing_before
MVI_39851,13,0,521,531,11,False,False,True,False,gt_missing_before
MVI_39851,18,0,671,781,111,False,False,True,False,gt_missing_before
MVI_39851,20,0,1121,1126,6,False,True,True,True,
MVI_39851,20,1,1219,1229,11,False,True,True,True,
MVI_39851,24,0,896,938,43,False,False,True,False,gt_missing_before
MVI_39851,32,0,1284,1354,71,False,True,True,True,
MVI_39851,32,1,1359,1362,4,False,True,True,True,
MVI_39851,35,0,1261,1357,97,False,False,True,False,gt_missing_before
MVI_39861,1,0,23,48,26,False,True,True,True,
MVI_39861,1,1,169,241,73,True,True,False,False,gt_missing_after
MVI_39861,2,0,1,11,11,False,False,False,False,gt_missing_before
MVI_39861,3,0,1,96,96,True,False,False,False,gt_missing_before
MVI_39861,4,0,1,71,71,True,False,False,False,gt_missing_before
MVI_39861,5,0,152,182,31,True,True,True,True,
MVI_39861,5,1,189,192,4,False,True,True,True,
MVI_39861,5,2,259,281,23,True,True,False,False,gt_missing_after
MVI_39861,6,0,279,324,46,False,True,True,True,
MVI_39861,7,0,406,416,11,False,False,True,False,gt_missing_before
MVI_39861,7,1,420,421,2,False,True,True,True,
MVI_39861,7,2,441,447,7,False,True,True,True,
MVI_39861,7,3,484,521,38,False,True,True,True,
MVI_39861,7,4,529,565,37,False,True,True,True,
MVI_39861,8,0,499,542,44,False,True,True,True,
MVI_39861,8,1,650,652,3,False,True,True,True,
MVI_39861,9,0,556,591,36,True,True,True,True,
MVI_39861,9,1,644,655,12,False,True,True,True,
MVI_39861,9,2,670,691,22,True,True,False,False,gt_missing_after
MVI_39861,11,0,633,658,26,True,True,True,True,
MVI_39861,11,1,730,745,16,True,True,False,False,gt_missing_after
MVI_39861,12,0,561,568,8,False,False,True,False,gt_missing_before
MVI_39861,12,1,573,701,129,True,True,False,False,gt_missing_after
MVI_39861,13,0,737,745,9,False,True,False,False,gt_missing_after
MVI_39931,4,0,1,54,54,False,False,True,False,gt_missing_before
MVI_39931,4,1,142,181,40,True,True,False,False,gt_missing_after
MVI_39931,5,0,66,86,21,False,True,False,False,gt_missing_after
MVI_39931,10,0,1,105,105,False,False,True,False,gt_missing_before
MVI_39931,11,0,63,95,33,False,True,True,True,
MVI_39931,12,0,36,86,51,False,False,True,False,gt_missing_before
MVI_39931,12,1,100,201,102,True,True,False,False,gt_missing_after
MVI_39931,13,0,310,341,32,False,True,False,False,gt_missing_after
MVI_39931,14,0,151,233,83,False,False,True,False,gt_missing_before
MVI_39931,14,1,324,361,38,True,True,False,False,gt_missing_after
MVI_39931,17,0,241,311,71,False,False,True,False,gt_missing_before
MVI_39931,17,1,407,431,25,True,True,False,False,gt_missing_after
MVI_39931,19,0,386,471,86,False,False,True,False,gt_missing_before
MVI_39931,19,1,577,611,35,True,True,False,False,gt_missing_after
MVI_39931,21,0,836,884,49,False,False,True,False,gt_missing_before
MVI_39931,21,1,957,976,20,True,True,False,False,gt_missing_after
MVI_39931,25,0,1051,1096,46,False,False,True,False,gt_missing_before
MVI_39931,25,1,1159,1181,23,True,True,False,False,gt_missing_after
MVI_40131,1,0,157,276,120,True,True,True,True,
MVI_40131,12,0,101,181,81,False,False,True,False,gt_missing_before
MVI_40131,16,0,169,220,52,False,True,True,True,
MVI_40131,16,1,288,309,22,False,True,True,True,
MVI_40131,17,0,131,194,64,False,False,True,False,gt_missing_before
MVI_40131,19,0,221,239,19,False,True,True,True,
MVI_40131,19,1,687,800,114,True,True,True,True,
MVI_40131,19,2,906,923,18,False,True,True,True,
MVI_40131,19,3,929,934,6,False,True,True,True,
MVI_40131,19,4,943,955,13,False,True,True,True,
MVI_40131,19,5,973,1044,72,False,True,True,True,
MVI_40131,19,6,1073,1101,29,False,True,True,True,
MVI_40131,20,0,191,195,5,False,False,True,False,gt_missing_before
MVI_40131,20,1,200,261,62,False,True,True,True,
MVI_40131,20,2,382,388,7,False,True,True,True,
MVI_40131,23,0,291,315,25,False,False,True,False,gt_missing_before
MVI_40131,25,0,368,544,177,False,True,True,True,
MVI_40131,26,0,351,434,84,False,True,True,True,
MVI_40131,29,0,729,830,102,False,True,True,True,
MVI_40131,30,0,467,475,9,False,True,True,True,
MVI_40131,30,1,518,568,51,False,True,True,True,
MVI_40131,31,0,446,469,24,False,False,True,False,gt_missing_before
MVI_40131,31,1,476,483,8,False,True,True,True,
MVI_40131,34,0,606,670,65,False,True,True,True,
MVI_40131,35,0,737,833,97,True,True,True,True,
MVI_40131,35,1,930,955,26,False,True,True,True,
MVI_40131,36,0,711,739,29,False,False,True,False,gt_missing_before
MVI_40131,37,0,711,920,210,False,False,True,False,gt_missing_before
MVI_40131,37,1,977,1009,33,False,True,True,True,
MVI_40131,38,0,789,839,51,False,True,True,True,
MVI_40131,39,0,711,810,100,False,False,True,False,gt_missing_before
MVI_40131,39,1,818,872,55,False,True,True,True,
MVI_40131,40,0,806,924,119,False,False,True,False,gt_missing_before
MVI_40131,40,1,929,939,11,False,True,True,True,
MVI_40131,40,2,975,989,15,False,True,True,True,
MVI_40131,40,3,997,1004,8,False,True,True,True,
MVI_40131,41,0,846,888,43,False,False,True,False,gt_missing_before
MVI_40131,45,0,1101,1125,25,False,False,True,False,gt_missing_before
MVI_40131,60,0,1610,1631,22,False,True,False,False,gt_missing_after
MVI_40131,62,0,1620,1645,26,False,True,False,False,gt_missing_after
MVI_40131,65,0,1586,1645,60,False,False,False,False,gt_missing_before
MVI_40141,8,0,133,156,24,False,True,False,False,gt_missing_after
MVI_40141,11,0,104,140,37,False,True,True,True,
MVI_40141,12,0,61,96,36,False,False,True,False,gt_missing_before
MVI_40141,13,0,91,141,51,False,False,True,False,gt_missing_before
MVI_40152,1,0,13,22,10,False,True,True,True,
MVI_40152,2,0,4,31,28,False,True,True,True,
MVI_40152,3,0,1,41,41,False,False,False,False,gt_missing_before
MVI_40152,5,0,30,48,19,False,True,True,True,
MVI_40152,6,0,11,31,21,False,False,True,False,gt_missing_before
MVI_40152,7,0,50,65,16,False,True,True,True,
MVI_40152,8,0,104,122,19,False,True,True,True,
MVI_40152,9,0,85,102,18,False,True,True,True,
MVI_40152,10,0,175,194,20,False,True,True,True,
MVI_40152,11,0,222,242,21,False,True,True,True,
MVI_40152,12,0,239,257,19,False,True,True,True,
MVI_40152,13,0,269,291,23,False,True,True,True,
MVI_40152,14,0,266,272,7,False,False,True,False,gt_missing_before
MVI_40152,15,0,306,323,18,False,True,True,True,
MVI_40152,16,0,327,346,20,False,True,True,True,
MVI_40152,16,1,372,421,50,False,True,False,False,gt_missing_after
MVI_40152,17,0,341,364,24,False,True,True,True,
MVI_40152,18,0,377,394,18,False,True,True,True,
MVI_40152,19,0,382,402,21,False,True,True,True,
MVI_40152,20,0,415,435,21,False,True,True,True,
MVI_40152,21,0,379,399,21,False,True,True,True,
MVI_40152,22,0,463,482,20,False,True,True,True,
MVI_40152,23,0,540,559,20,False,True,True,True,
MVI_40152,24,0,576,594,19,False,True,True,True,
MVI_40152,25,0,595,619,25,False,True,True,True,
MVI_40152,26,0,581,696,116,True,False,False,False,gt_missing_before
MVI_40152,27,0,636,658,23,False,True,True,True,
MVI_40152,27,1,716,717,2,False,True,True,True,
MVI_40152,27,2,724,741,18,False,True,False,False,gt_missing_after
MVI_40152,28,0,641,656,16,False,True,True,True,
MVI_40152,29,0,690,710,21,False,True,True,True,
MVI_40152,30,0,668,685,18,False,True,True,True,
MVI_40152,31,0,711,728,18,False,False,True,False,gt_missing_before
MVI_40152,32,0,794,816,23,False,True,True,True,
MVI_40152,32,1,828,850,23,False,True,True,True,
MVI_40152,33,0,801,817,17,False,True,True,True,
MVI_40152,34,0,822,835,14,False,True,True,True,
MVI_40152,35,0,860,879,20,False,True,True,True,
MVI_40152,36,0,898,922,25,False,True,True,True,
MVI_40152,37,0,930,954,25,False,True,True,True,
MVI_40152,38,0,958,977,20,False,True,True,True,
MVI_40152,39,0,1020,1040,21,False,True,True,True,
MVI_40152,40,0,1136,1154,19,False,True,True,True,
MVI_40152,41,0,1245,1267,23,False,True,True,True,
MVI_40152,42,0,1286,1305,20,False,True,True,True,
MVI_40152,42,1,1350,1386,37,False,True,False,False,gt_missing_after
MVI_40152,43,0,1300,1316,17,False,True,True,True,
MVI_40152,44,0,1361,1382,22,False,True,True,True,
MVI_40152,45,0,1419,1458,40,False,True,True,True,
MVI_40152,46,0,1611,1706,96,True,False,False,False,gt_missing_before
MVI_40152,47,0,1644,1670,27,False,True,True,True,
MVI_40152,48,0,1696,1750,55,True,False,False,False,gt_missing_before
MVI_40152,49,0,1736,1750,15,False,True,False,False,gt_missing_after
MVI_40161,1,0,1,10,10,False,False,True,False,gt_missing_before
MVI_40161,1,1,42,63,22,False,True,True,True,
MVI_40161,1,2,100,106,7,False,True,False,False,gt_missing_after
MVI_40161,2,0,1,4,4,False,False,True,False,gt_missing_before
MVI_40161,2,1,25,57,33,False,True,True,True,
MVI_40161,2,2,108,110,3,False,True,True,True,
MVI_40161,2,3,204,214,11,False,True,True,True,
MVI_40161,2,4,269,278,10,False,True,True,True,
MVI_40161,2,5,449,455,7,False,True,True,True,
MVI_40161,2,6,506,541,36,False,True,True,True,
MVI_40161,5,0,42,69,28,False,True,True,True,
MVI_40161,6,0,41,100,60,False,True,True,True,
MVI_40161,10,0,217,266,50,False,True,False,False,gt_missing_after
MVI_40161,11,0,166,237,72,False,False,True,False,gt_missing_before
MVI_40161,11,1,245,282,38,False,True,True,True,
MVI_40161,16,0,245,311,67,False,True,False,False,gt_missing_after
MVI_40161,17,0,241,316,76,False,False,False,False,gt_missing_before
MVI_40161,28,0,526,601,76,False,False,False,False,gt_missing_before
MVI_40161,30,0,571,645,75,False,False,True,False,gt_missing_before
MVI_40161,33,0,624,651,28,False,True,True,True,
MVI_40161,34,0,621,704,84,False,False,True,False,gt_missing_before
MVI_40161,40,0,771,835,65,False,False,True,False,gt_missing_before
MVI_40161,44,0,881,943,63,False,False,True,False,gt_missing_before
MVI_40161,50,0,979,1011,33,False,True,True,True,
MVI_40161,51,0,971,1044,74,False,False,True,False,gt_missing_before
MVI_40161,61,0,1306,1328,23,False,True,True,True,
MVI_40161,61,1,1380,1404,25,False,True,True,True,
MVI_40162,3,0,11,106,96,False,False,False,False,gt_missing_before
MVI_40162,6,0,98,197,100,False,True,True,True,
MVI_40162,6,1,209,215,7,False,True,True,True,
MVI_40162,10,0,361,434,74,False,False,True,False,gt_missing_before
MVI_40162,16,0,601,604,4,False,True,True,True,
MVI_40162,16,1,614,620,7,False,True,True,True,
MVI_40162,16,2,627,691,65,False,True,False,False,gt_missing_after
MVI_40162,17,0,586,701,116,False,False,False,False,gt_missing_before
MVI_40162,21,0,661,766,106,False,False,False,False,gt_missing_before
MVI_40162,31,0,870,900,31,False,True,True,True,
MVI_40162,32,0,801,813,13,False,False,True,False,gt_missing_before
MVI_40162,32,1,820,848,29,False,True,True,True,
MVI_40162,32,2,852,854,3,False,True,True,True,
MVI_40162,34,0,826,909,84,False,False,True,False,gt_missing_before
MVI_40162,35,0,899,928,30,False,True,True,True,
MVI_40162,37,0,876,938,63,False,False,True,False,gt_missing_before
MVI_40162,37,1,949,954,6,False,True,True,True,
MVI_40162,39,0,916,966,51,True,False,True,False,gt_missing_before
MVI_40162,40,0,990,1018,29,False,True,True,True,
MVI_40162,40,1,1050,1071,22,False,True,True,True,
MVI_40162,40,2,1116,1135,20,False,True,True,True,
MVI_40162,40,3,1149,1166,18,False,True,True,True,
MVI_40162,40,4,1242,1269,28,False,True,True,True,
MVI_40162,40,5,1299,1314,16,False,True,True,True,
MVI_40162,40,6,1369,1385,17,False,True,True,True,
MVI_40162,40,7,1415,1435,21,False,True,True,True,
MVI_40162,40,8,1449,1472,24,False,True,True,True,
MVI_40162,40,9,1510,1584,75,False,True,True,True,
MVI_40162,40,10,1630,1666,37,False,True,False,False,gt_missing_after
MVI_40162,41,0,931,998,68,False,False,True,False,gt_missing_before
MVI_40162,41,1,1011,1013,3,False,True,True,True,
MVI_40162,41,2,1018,1021,4,False,True,True,True,
MVI_40162,42,0,956,1006,51,False,False,True,False,gt_missing_before
MVI_40162,44,0,1066,1091,26,False,True,False,False,gt_missing_after
MVI_40162,46,0,1011,1093,83,False,False,True,False,gt_missing_before
MVI_40162,47,0,1016,1020,5,False,False,True,False,gt_missing_before
MVI_40162,50,0,1171,1201,31,False,True,False,False,gt_missing_after
MVI_40162,52,0,1113,1144,32,False,True,True,True,
MVI_40162,53,0,1111,1211,101,False,False,False,False,gt_missing_before
MVI_40162,54,0,1126,1186,61,True,False,True,False,gt_missing_before
MVI_40162,55,0,1151,1211,61,True,False,True,False,gt_missing_before
MVI_40162,58,0,1191,1192,2,False,False,True,False,gt_missing_before
MVI_40162,58,1,1197,1261,65,True,True,True,True,
MVI_40162,60,0,1201,1311,111,False,False,False,False,gt_missing_before
MVI_40162,62,0,1261,1321,61,True,False,True,False,gt_missing_before
MVI_40162,65,0,1281,1358,78,False,False,True,False,gt_missing_before
MVI_40162,65,1,1362,1369,8,False,True,True,True,
MVI_40162,71,0,1386,1387,2,False,False,True,False,gt_missing_before
MVI_40162,72,0,1498,1526,29,False,True,False,False,gt_missing_after
MVI_40162,73,0,1421,1535,115,False,False,True,False,gt_missing_before
MVI_40162,75,0,1485,1582,98,False,True,True,True,
MVI_40162,76,0,1471,1586,116,False,False,False,False,gt_missing_before
MVI_40162,82,0,1561,1565,5,False,False,True,False,gt_missing_before
MVI_40162,82,1,1572,1581,10,False,True,True,True,
MVI_40162,83,0,1586,1681,96,False,False,True,False,gt_missing_before
MVI_40162,88,0,1651,1724,74,False,False,True,False,gt_missing_before
MVI_40171,1,0,1,26,26,False,False,False,False,gt_missing_before
MVI_40171,6,0,36,76,41,False,True,True,True,
MVI_40171,7,0,36,91,56,False,False,False,False,gt_missing_before
MVI_40171,8,0,123,134,12,False,True,True,True,
MVI_40171,8,1,163,173,11,False,True,True,True,
MVI_40171,8,2,216,241,26,False,True,True,True,
MVI_40171,8,3,261,285,25,False,True,True,True,
MVI_40171,8,4,299,316,18,False,True,True,True,
MVI_40171,8,5,497,508,12,False,True,True,True,
MVI_40171,8,6,655,686,32,False,True,True,True,
MVI_40171,8,7,690,717,28,False,True,True,True,
MVI_40171,8,8,736,751,16,False,True,True,True,
MVI_40171,9,0,154,154,1,True,True,True,True,
MVI_40171,9,1,158,167,10,True,True,True,True,
MVI_40171,11,0,165,191,27,False,True,True,True,
MVI_40171,12,0,161,221,61,False,False,False,False,gt_missing_before
MVI_40171,14,0,226,256,31,False,True,True,True,
MVI_40171,15,0,226,291,66,False,False,False,False,gt_missing_before
MVI_40171,16,0,261,321,61,False,False,False,False,gt_missing_before
MVI_40171,17,0,266,276,11,False,False,True,False,gt_missing_before
MVI_40171,18,0,467,675,209,False,True,True,True,
MVI_40171,18,1,772,782,11,False,True,True,True,
MVI_40171,18,2,917,920,4,False,True,True,True,
MVI_40171,18,3,925,928,4,False,True,True,True,
MVI_40171,18,4,963,966,4,False,True,True,True,
MVI_40171,19,0,351,411,61,False,False,False,False,gt_missing_before
MVI_40171,22,0,488,556,69,False,True,False,False,gt_missing_after
MVI_40171,23,0,528,589,62,False,True,True,True,
MVI_40171,25,0,596,661,66,False,False,False,False,gt_missing_before
MVI_40171,26,0,621,667,47,True,False,True,False,gt_missing_before
MVI_40171,27,0,621,650,30,False,False,True,False,gt_missing_before
MVI_40171,28,0,651,671,21,False,False,True,False,gt_missing_before
MVI_40171,29,0,654,706,53,False,True,False,False,gt_missing_after
MVI_40171,31,0,796,821,26,False,True,True,True,
MVI_40171,34,0,881,946,66,False,True,False,False,gt_missing_after
MVI_40171,35,0,916,977,62,False,True,True,True,
MVI_40171,36,0,916,981,66,False,False,False,False,gt_missing_before
MVI_40171,38,0,966,973,8,False,False,True,False,gt_missing_before
MVI_40171,39,0,1017,1086,70,False,True,False,False,gt_missing_after
MVI_40171,40,0,1128,1150,23,False,True,False,False,gt_missing_after
MVI_40171,41,0,703,801,99,True,True,True,True,
MVI_40171,41,1,1080,1131,52,True,True,True,True,
MVI_40171,42,0,1,1150,1150,True,False,False,False,gt_missing_before
MVI_40171,43,0,1,1150,1150,True,False,False,False,gt_missing_before
MVI_40171,44,0,1,1150,1150,True,False,False,False,gt_missing_before
MVI_40172,16,0,244,423,180,True,True,True,True,
MVI_40172,35,0,1058,1096,39,False,True,False,False,gt_missing_after
MVI_40172,36,0,1105,1141,37,False,True,False,False,gt_missing_after
MVI_40172,40,0,1286,1314,29,False,True,True,True,
MVI_40172,41,0,1288,1326,39,False,True,False,False,gt_missing_after
MVI_40172,47,0,1409,1456,48,False,True,False,False,gt_missing_after
MVI_40172,50,0,1451,1501,51,False,False,False,False,gt_missing_before
MVI_40172,51,0,1455,1464,10,False,True,True,True,
MVI_40172,56,0,1564,1591,28,False,True,False,False,gt_missing_after
MVI_40172,57,0,1554,1590,37,False,True,True,True,
MVI_40172,60,0,1628,1671,44,False,True,True,True,
MVI_40172,61,0,1636,1648,13,False,True,True,True,
MVI_40172,63,0,1626,1671,46,False,False,False,False,gt_missing_before
MVI_40172,65,0,1680,1708,29,False,True,True,True,
MVI_40172,67,0,1681,1711,31,False,False,True,False,gt_missing_before
MVI_40172,79,0,2114,2227,114,False,True,True,True,
MVI_40172,95,0,2512,2551,40,False,True,False,False,gt_missing_after
MVI_40172,96,0,2586,2635,50,False,False,False,False,gt_missing_before
MVI_40172,99,0,34,83,50,True,True,True,True,
MVI_40172,99,1,364,437,74,True,True,True,True,
MVI_40172,99,2,2208,2247,40,True,True,True,True,
MVI_40172,100,0,1,2635,2635,True,False,False,False,gt_missing_before
MVI_40172,101,0,1,2635,2635,True,False,False,False,gt_missing_before
MVI_40172,102,0,1,2635,2635,True,False,False,False,gt_missing_before
MVI_40172,105,0,45,96,52,True,True,True,True,
MVI_40172,105,1,378,422,45,True,True,True,True,
MVI_40172,105,2,426,446,21,True,True,True,True,
MVI_40172,105,3,2228,2266,39,True,True,True,True,
MVI_40181,3,0,1,8,8,False,False,True,False,gt_missing_before
MVI_40181,3,1,57,72,16,False,True,True,True,
MVI_40181,3,2,167,173,7,False,True,True,True,
MVI_40181,3,3,182,197,16,False,True,True,True,
MVI_40181,3,4,207,223,17,False,True,True,True,
MVI_40181,3,5,301,326,26,False,True,False,False,gt_missing_after
MVI_40181,8,0,155,172,18,False,True,True,True,
MVI_40181,8,1,184,200,17,False,True,True,True,
MVI_40181,8,2,261,285,25,False,True,True,True,
MVI_40181,8,3,321,342,22,False,True,True,True,
MVI_40181,8,4,465,519,55,False,True,True,True,
MVI_40181,8,5,581,604,24,False,True,True,True,
MVI_40181,8,6,680,694,15,False,True,True,True,
MVI_40181,8,7,725,756,32,False,True,True,True,
MVI_40181,11,0,71,142,72,False,False,True,False,gt_missing_before
MVI_40181,12,0,129,134,6,False,True,True,True,
MVI_40181,14,0,202,221,20,False,True,False,False,gt_missing_after
MVI_40181,15,0,161,205,45,False,False,True,False,gt_missing_before
MVI_40181,18,0,191,215,25,False,False,True,False,gt_missing_before
MVI_40181,27,0,416,463,48,False,False,True,False,gt_missing_before
MVI_40181,29,0,519,530,12,False,True,True,True,
MVI_40181,31,0,481,531,51,False,False,False,False,gt_missing_before
MVI_40181,35,0,591,648,58,False,False,True,False,gt_missing_before
MVI_40181,38,0,695,706,12,False,True,True,True,
MVI_40181,40,0,676,743,68,False,False,True,False,gt_missing_before
MVI_40181,41,0,676,736,61,False,False,True,False,gt_missing_before
MVI_40181,45,0,726,773,48,False,False,True,False,gt_missing_before
MVI_40181,56,0,1073,1101,29,False,True,False,False,gt_missing_after
MVI_40181,57,0,1048,1070,23,False,True,True,True,
MVI_40181,57,1,1201,1223,23,False,True,True,True,
MVI_40181,57,2,1233,1264,32,False,True,True,True,
MVI_40181,57,3,1291,1308,18,False,True,True,True,
MVI_40181,57,4,1319,1340,22,False,True,True,True,
MVI_40181,57,5,1443,1458,16,False,True,True,True,
MVI_40181,57,6,1472,1495,24,False,True,True,True,
MVI_40181,57,7,1554,1577,24,False,True,True,True,
MVI_40181,57,8,1601,1611,11,False,True,False,False,gt_missing_after
MVI_40181,58,0,1041,1101,61,False,False,False,False,gt_missing_before
MVI_40181,60,0,1051,1055,5,False,False,True,False,gt_missing_before
MVI_40181,62,0,1086,1146,61,False,False,False,False,gt_missing_before
MVI_40181,65,0,1155,1174,20,False,True,True,True,
MVI_40181,66,0,1151,1207,57,False,False,True,False,gt_missing_before
MVI_40181,67,0,1186,1207,22,False,True,True,True,
MVI_40181,67,1,1271,1279,9,False,True,True,True,
MVI_40181,67,2,1293,1315,23,False,True,True,True,
MVI_40181,67,3,1419,1428,10,False,True,True,True,
MVI_40181,67,4,1448,1469,22,False,True,True,True,
MVI_40181,67,5,1521,1532,12,False,True,True,True,
MVI_40181,67,6,1559,1590,32,False,True,True,True,
MVI_40181,67,7,1629,1656,28,False,True,True,True,
MVI_40181,67,8,1693,1700,8,False,True,False,False,gt_missing_after
MVI_40181,68,0,1176,1223,48,True,False,True,False,gt_missing_before
MVI_40181,71,0,1329,1336,8,False,True,False,False,gt_missing_after
MVI_40181,72,0,1287,1303,17,False,True,True,True,
MVI_40181,74,0,1281,1339,59,False,False,True,False,gt_missing_before
MVI_40181,75,0,1331,1386,56,False,False,False,False,gt_missing_before
MVI_40181,76,0,1398,1410,13,False,True,True,True,
MVI_40181,82,0,1601,1626,26,False,True,True,True,
MVI_40181,83,0,1571,1623,53,False,False,True,False,gt_missing_before
MVI_40181,84,0,1671,1676,6,False,True,False,False,gt_missing_after
MVI_40181,85,0,1621,1681,61,False,False,False,False,gt_missing_before
MVI_40191,7,0,1,11,11,False,False,False,False,gt_missing_before
MVI_40191,22,0,186,187,2,False,True,True,True,
MVI_40191,22,1,194,211,18,False,True,False,False,gt_missing_after
MVI_40191,26,0,91,112,22,False,False,True,False,gt_missing_before
MVI_40191,35,0,171,202,32,False,False,True,False,gt_missing_before
MVI_40191,38,0,196,197,2,False,False,True,False,gt_missing_before
MVI_40191,38,1,205,286,82,False,True,False,False,gt_missing_after
MVI_40191,41,0,226,230,5,False,False,True,False,gt_missing_before
MVI_40191,62,0,386,435,50,False,False,True,False,gt_missing_before
MVI_40191,68,0,436,453,18,False,False,True,False,gt_missing_before
MVI_40191,70,0,538,541,4,False,True,False,False,gt_missing_after
MVI_40191,73,0,476,501,26,False,False,True,False,gt_missing_before
MVI_40191,81,0,690,696,7,False,True,False,False,gt_missing_after
MVI_40191,85,0,569,574,6,False,True,True,True,
MVI_40191,85,1,578,589,12,False,True,True,True,
MVI_40191,85,2,647,673,27,False,True,True,True,
MVI_40191,86,0,571,592,22,False,False,True,False,gt_missing_before
MVI_40191,91,0,627,667,41,False,True,True,True,
MVI_40191,93,0,611,650,40,False,False,True,False,gt_missing_before
MVI_40191,95,0,626,636,11,False,False,True,False,gt_missing_before
MVI_40191,97,0,736,738,3,False,True,True,True,
MVI_40191,97,1,747,766,20,False,True,False,False,gt_missing_after
MVI_40191,112,0,877,887,11,False,True,True,True,
MVI_40191,116,0,776,777,2,False,False,True,False,gt_missing_before
MVI_40191,120,0,836,886,51,False,False,True,False,gt_missing_before
MVI_40191,121,0,841,900,60,False,False,True,False,gt_missing_before
MVI_40191,123,0,846,912,67,False,False,True,False,gt_missing_before
MVI_40191,129,0,891,899,9,False,False,True,False,gt_missing_before
MVI_40191,136,0,946,949,4,False,False,True,False,gt_missing_before
MVI_40191,136,1,953,959,7,False,True,True,True,
MVI_40191,171,0,1335,1342,8,False,True,True,True,
MVI_40191,171,1,1348,1354,7,False,True,True,True,
MVI_40191,180,0,1481,1483,3,False,True,True,True,
MVI_40191,201,0,1531,1586,56,False,False,True,False,gt_missing_before
MVI_40191,204,0,1706,1707,2,False,True,True,True,
MVI_40191,204,1,1713,1719,7,False,True,True,True,
MVI_40191,214,0,1761,1762,2,False,True,True,True,
MVI_40191,214,1,1767,1775,9,False,True,True,True,
MVI_40191,220,0,1797,1799,3,False,True,True,True,
MVI_40191,222,0,1798,1836,39,False,True,False,False,gt_missing_after
MVI_40191,223,0,1817,1851,35,False,True,False,False,gt_missing_after
MVI_40191,231,0,1850,1876,27,False,True,False,False,gt_missing_after
MVI_40191,232,0,1854,1936,83,False,True,False,False,gt_missing_after
MVI_40191,237,0,1959,1961,3,False,True,False,False,gt_missing_after
MVI_40191,240,0,1817,1844,28,False,True,True,True,
MVI_40191,240,1,1850,1863,14,False,True,True,True,
MVI_40191,241,0,1831,1891,61,False,True,False,False,gt_missing_after
MVI_40191,242,0,1911,1971,61,False,True,False,False,gt_missing_after
MVI_40191,260,0,2006,2007,2,False,True,True,True,
MVI_40191,260,1,2034,2039,6,False,True,True,True,
MVI_40191,260,2,2043,2046,4,False,True,False,False,gt_missing_after
MVI_40191,261,0,1971,2009,39,False,False,True,False,gt_missing_before
MVI_40191,263,0,2089,2151,63,False,True,False,False,gt_missing_after
MVI_40191,272,0,2051,2085,35,False,False,True,False,gt_missing_before
MVI_40191,273,0,2066,2124,59,False,False,True,False,gt_missing_before
MVI_40191,275,0,2109,2138,30,False,True,True,True,
MVI_40191,279,0,2131,2134,4,False,True,True,True,
MVI_40191,279,1,2139,2189,51,False,True,True,True,
MVI_40191,279,2,2197,2201,5,False,True,False,False,gt_missing_after
MVI_40191,282,0,2101,2111,11,False,False,True,False,gt_missing_before
MVI_40191,292,0,2302,2331,30,False,True,False,False,gt_missing_after
MVI_40191,299,0,2251,2254,4,False,False,True,False,gt_missing_before
MVI_40191,302,0,2266,2267,2,False,False,True,False,gt_missing_before
MVI_40191,302,1,2274,2278,5,False,True,True,True,
MVI_40191,304,0,2395,2416,22,False,True,False,False,gt_missing_after
MVI_40191,318,0,2484,2490,7,False,True,True,True,
MVI_40191,326,0,2411,2479,69,False,False,True,False,gt_missing_before
MVI_40192,18,0,117,126,10,False,True,False,False,gt_missing_after
MVI_40192,30,0,106,178,73,False,True,True,True,
MVI_40192,40,0,247,261,15,False,True,False,False,gt_missing_after
MVI_40192,42,0,327,346,20,False,True,False,False,gt_missing_after
MVI_40192,49,0,337,386,50,False,True,False,False,gt_missing_after
MVI_40192,61,0,442,451,10,False,True,False,False,gt_missing_after
MVI_40192,87,0,570,581,12,False,True,False,False,gt_missing_after
MVI_40192,109,0,727,743,17,False,True,True,True,
MVI_40192,121,0,855,871,17,False,True,False,False,gt_missing_after
MVI_40192,128,0,920,942,23,False,True,True,True,
MVI_40192,132,0,884,909,26,False,True,True,True,
MVI_40192,134,0,866,905,40,False,False,True,False,gt_missing_before
MVI_40192,147,0,946,965,20,False,False,True,False,gt_missing_before
MVI_40192,155,0,1021,1043,23,False,False,True,False,gt_missing_before
MVI_40192,158,0,1096,1098,3,False,True,True,True,
MVI_40192,158,1,1102,1106,5,False,True,False,False,gt_missing_after
MVI_40192,176,0,1240,1261,22,False,True,False,False,gt_missing_after
MVI_40192,205,0,1445,1463,19,False,True,True,True,
MVI_40192,230,0,1703,1721,19,False,True,False,False,gt_missing_after
MVI_40192,231,0,1636,1656,21,False,False,True,False,gt_missing_before
MVI_40192,236,0,1661,1701,41,False,False,True,False,gt_missing_before
MVI_40192,240,0,1711,1750,40,False,False,True,False,gt_missing_before
MVI_40192,249,0,1787,1855,69,False,True,True,True,
MVI_40192,251,0,1771,1841,71,True,False,True,False,gt_missing_before
MVI_40192,252,0,1786,1836,51,False,False,True,False,gt_missing_before
MVI_40192,286,0,2012,2055,44,False,True,True,True,
MVI_40192,289,0,2066,2096,31,False,True,False,False,gt_missing_after
MVI_40192,291,0,2100,2121,22,False,True,False,False,gt_missing_after
MVI_40192,303,0,2150,2178,29,False,True,True,True,
MVI_40192,307,0,2145,2184,40,False,True,True,True,
MVI_40201,7,0,1,64,64,False,False,True,False,gt_missing_before
MVI_40201,8,0,1,36,36,False,False,False,False,gt_missing_before
MVI_40201,10,0,1,71,71,False,False,False,False,gt_missing_before
MVI_40201,17,0,61,146,86,False,False,False,False,gt_missing_before
MVI_40201,20,0,78,146,69,False,True,False,False,gt_missing_after
MVI_40201,21,0,149,151,3,False,True,False,False,gt_missing_after
MVI_40201,22,0,86,166,81,False,True,False,False,gt_missing_after
MVI_40201,25,0,92,158,67,False,True,True,True,
MVI_40201,26,0,91,111,21,False,False,True,False,gt_missing_before
MVI_40201,27,0,91,166,76,False,False,False,False,gt_missing_before
MVI_40201,28,0,91,166,76,False,False,False,False,gt_missing_before
MVI_40201,30,0,116,156,41,False,False,True,False,gt_missing_before
MVI_40201,32,0,136,201,66,False,True,False,False,gt_missing_after
MVI_40201,33,0,136,216,81,False,False,False,False,gt_missing_before
MVI_40201,37,0,186,276,91,False,False,False,False,gt_missing_before
MVI_40201,40,0,216,301,86,False,False,False,False,gt_missing_before
MVI_40201,42,0,264,278,15,False,True,True,True,
MVI_40201,44,0,251,299,49,False,False,True,False,gt_missing_before
MVI_40201,44,1,303,324,22,False,True,True,True,
MVI_40201,47,0,283,308,26,False,True,True,True,
MVI_40201,48,0,281,356,76,True,False,False,False,gt_missing_before
MVI_40201,51,0,356,396,41,False,True,False,False,gt_missing_after
MVI_40201,52,0,408,416,9,False,True,False,False,gt_missing_after
MVI_40201,54,0,321,406,86,False,False,False,False,gt_missing_before
MVI_40201,55,0,370,411,42,False,True,False,False,gt_missing_after
MVI_40201,57,0,341,431,91,False,False,False,False,gt_missing_before
MVI_40201,60,0,351,389,39,False,False,True,False,gt_missing_before
MVI_40201,60,1,445,448,4,False,True,True,True,
MVI_40201,61,0,361,431,71,False,False,True,False,gt_missing_before
MVI_40201,62,0,371,471,101,True,False,False,False,gt_missing_before
MVI_40201,69,0,517,571,55,False,True,False,False,gt_missing_after
MVI_40201,70,0,486,586,101,False,False,True,False,gt_missing_before
MVI_40201,72,0,491,581,91,False,False,False,False,gt_missing_before
MVI_40201,78,0,631,656,26,False,True,True,True,
MVI_40201,80,0,575,582,8,False,True,True,True,
MVI_40201,80,1,592,666,75,False,True,False,False,gt_missing_after
MVI_40201,81,0,576,601,26,False,False,True,False,gt_missing_before
MVI_40201,82,0,581,666,86,False,False,False,False,gt_missing_before
MVI_40201,85,0,647,697,51,False,True,True,True,
MVI_40201,87,0,611,616,6,False,False,True,False,gt_missing_before
MVI_40201,88,0,621,706,86,False,False,False,False,gt_missing_before
MVI_40201,90,0,679,726,48,False,True,False,False,gt_missing_after
MVI_40201,91,0,674,740,67,False,True,True,True,
MVI_40201,92,0,651,726,76,False,False,False,False,gt_missing_before
MVI_40201,93,0,651,663,13,False,False,True,False,gt_missing_before
MVI_40201,93,1,727,741,15,False,True,False,False,gt_missing_after
MVI_40201,94,0,705,741,37,False,True,False,False,gt_missing_after
MVI_40201,98,0,671,756,86,False,False,False,False,gt_missing_before
MVI_40201,102,0,706,791,86,False,False,False,False,gt_missing_before
MVI_40201,104,0,746,803,58,False,True,True,True,
MVI_40201,104,1,809,814,6,False,True,True,True,
MVI_40201,107,0,762,798,37,False,True,True,True,
MVI_40201,108,0,818,836,19,False,True,False,False,gt_missing_after
MVI_40201,110,0,771,851,81,False,False,False,False,gt_missing_before
MVI_40201,117,0,889,925,37,False,True,False,False,gt_missing_after
MVI_40201,121,0,861,925,65,False,False,False,False,gt_missing_before
MVI_40201,126,0,911,925,15,False,False,False,False,gt_missing_before
MVI_40204,6,0,1,86,86,False,False,False,False,gt_missing_before
MVI_40204,9,0,1,66,66,False,False,False,False,gt_missing_before
MVI_40204,10,0,45,76,32,False,True,False,False,gt_missing_after
MVI_40204,11,0,21,51,31,False,True,True,True,
MVI_40204,12,0,1,16,16,False,False,False,False,gt_missing_before
MVI_40204,15,0,11,146,136,True,False,False,False,gt_missing_before
MVI_40204,27,0,111,221,111,False,False,False,False,gt_missing_before
MVI_40204,30,0,197,267,71,False,True,True,True,
MVI_40204,34,0,225,227,3,False,True,True,True,
MVI_40204,34,1,234,258,25,False,True,True,True,
MVI_40204,34,2,267,291,25,False,True,False,False,gt_missing_after
MVI_40204,35,0,181,311,131,True,False,False,False,gt_missing_before
MVI_40204,36,0,245,296,52,False,True,False,False,gt_missing_after
MVI_40204,39,0,280,301,22,False,True,False,False,gt_missing_after
MVI_40204,40,0,279,317,39,False,True,True,True,
MVI_40204,46,0,241,381,141,False,False,False,False,gt_missing_before
MVI_40204,49,0,305,350,46,False,True,True,True,
MVI_40204,50,0,281,401,121,False,False,False,False,gt_missing_before
MVI_40204,51,0,281,411,131,True,False,False,False,gt_missing_before
MVI_40204,52,0,300,301,2,False,True,True,True,
MVI_40204,60,0,326,456,131,True,False,False,False,gt_missing_before
MVI_40204,63,0,365,403,39,False,True,True,True,
MVI_40204,64,0,362,491,130,False,True,False,False,gt_missing_after
MVI_40204,65,0,361,501,141,True,False,False,False,gt_missing_before
MVI_40204,67,0,484,541,58,False,True,False,False,gt_missing_after
MVI_40204,68,0,532,546,15,False,True,False,False,gt_missing_after
MVI_40204,71,0,446,561,116,True,False,False,False,gt_missing_before
MVI_40204,72,0,489,521,33,False,True,True,True,
MVI_40204,73,0,471,606,136,False,False,False,False,gt_missing_before
MVI_40204,74,0,476,591,116,False,False,False,False,gt_missing_before
MVI_40204,78,0,608,626,19,False,True,False,False,gt_missing_after
MVI_40204,81,0,511,651,141,True,False,False,False,gt_missing_before
MVI_40204,82,0,596,603,8,False,True,True,True,
MVI_40204,82,1,612,651,40,False,True,False,False,gt_missing_after
MVI_40204,85,0,551,691,141,True,False,False,False,gt_missing_before
MVI_40204,86,0,593,706,114,False,True,False,False,gt_missing_after
MVI_40204,88,0,576,721,146,True,False,False,False,gt_missing_before
MVI_40204,90,0,601,746,146,True,False,False,False,gt_missing_before
MVI_40204,92,0,611,651,41,False,False,True,False,gt_missing_before
MVI_40204,93,0,640,751,112,False,True,False,False,gt_missing_after
MVI_40204,96,0,679,760,82,False,True,True,True,
MVI_40204,98,0,641,796,156,True,False,False,False,gt_missing_before
MVI_40204,99,0,646,656,11,False,False,True,False,gt_missing_before
MVI_40204,106,0,696,746,51,False,False,True,False,gt_missing_before
MVI_40204,106,1,752,821,70,False,True,False,False,gt_missing_after
MVI_40204,108,0,716,866,151,True,False,False,False,gt_missing_before
MVI_40204,110,0,787,861,75,False,True,False,False,gt_missing_after
MVI_40204,112,0,737,776,40,False,True,True,True,
MVI_40204,115,0,771,841,71,False,True,True,True,
MVI_40204,115,1,848,851,4,False,True,True,True,
MVI_40204,116,0,751,896,146,True,False,False,False,gt_missing_before
MVI_40204,117,0,863,893,31,False,True,True,True,
MVI_40204,117,1,898,906,9,False,True,False,False,gt_missing_after
MVI_40204,119,0,856,921,66,False,True,False,False,gt_missing_after
MVI_40204,120,0,832,893,62,False,True,True,True,
MVI_40204,121,0,801,821,21,False,False,True,False,gt_missing_before
MVI_40204,122,0,801,941,141,False,False,False,False,gt_missing_before
MVI_40204,126,0,904,946,43,False,True,True,True,
MVI_40204,126,1,988,991,4,False,True,False,False,gt_missing_after
MVI_40204,127,0,831,835,5,False,False,True,False,gt_missing_before
MVI_40204,128,0,860,877,18,False,True,True,True,
MVI_40204,128,1,889,986,98,True,True,False,False,gt_missing_after
MVI_40204,129,0,856,1011,156,True,False,False,False,gt_missing_before
MVI_40204,133,0,939,991,53,False,True,False,False,gt_missing_after
MVI_40204,135,0,962,1036,75,False,True,False,False,gt_missing_after
MVI_40204,137,0,974,1036,63,False,True,False,False,gt_missing_after
MVI_40204,138,0,1070,1076,7,False,True,False,False,gt_missing_after
MVI_40204,142,0,947,1091,145,False,True,False,False,gt_missing_after
MVI_40204,145,0,991,1136,146,False,True,True,True,
MVI_40204,148,0,1032,1141,110,False,True,False,False,gt_missing_after
MVI_40204,149,0,1090,1161,72,False,True,False,False,gt_missing_after
MVI_40204,150,0,1001,1146,146,False,False,False,False,gt_missing_before
MVI_40204,153,0,1026,1154,129,False,True,True,True,
MVI_40204,154,0,1026,1053,28,False,False,True,False,gt_missing_before
MVI_40204,158,0,1051,1081,31,False,False,True,False,gt_missing_before
MVI_40204,161,0,1056,1077,22,False,False,True,False,gt_missing_before
MVI_40204,161,1,1119,1185,67,False,True,True,True,
MVI_40204,162,0,1056,1206,151,True,False,False,False,gt_missing_before
MVI_40204,165,0,1087,1225,139,True,True,False,False,gt_missing_after
MVI_40204,168,0,1106,1225,120,True,False,False,False,gt_missing_before
MVI_40204,173,0,1161,1225,65,False,False,False,False,gt_missing_before
MVI_40204,177,0,1206,1225,20,False,False,False,False,gt_missing_before
MVI_40211,1,0,1,15,15,False,False,True,False,gt_missing_before
MVI_40211,4,0,21,44,24,False,False,True,False,gt_missing_before
MVI_40211,7,0,65,71,7,False,True,False,False,gt_missing_after
MVI_40211,9,0,66,82,17,False,False,True,False,gt_missing_before
MVI_40211,10,0,86,106,21,False,False,True,False,gt_missing_before
MVI_40211,11,0,88,104,17,False,True,True,True,
MVI_40211,14,0,120,123,4,False,True,True,True,
MVI_40211,15,0,101,121,21,False,False,True,False,gt_missing_before
MVI_40211,18,0,141,146,6,False,False,False,False,gt_missing_before
MVI_40211,20,0,156,172,17,False,False,True,False,gt_missing_before
MVI_40211,23,0,173,176,4,False,True,False,False,gt_missing_after
MVI_40211,25,0,236,241,6,False,False,False,False,gt_missing_before
MVI_40211,28,0,266,286,21,False,False,True,False,gt_missing_before
MVI_40211,33,0,311,316,6,False,False,False,False,gt_missing_before
MVI_40211,38,0,361,379,19,False,False,True,False,gt_missing_before
MVI_40211,42,0,386,421,36,False,True,True,True,
MVI_40211,43,0,402,404,3,False,True,True,True,
MVI_40211,48,0,456,477,22,False,False,True,False,gt_missing_before
MVI_40211,54,0,545,551,7,False,True,False,False,gt_missing_after
MVI_40211,56,0,531,542,12,False,False,True,False,gt_missing_before
MVI_40211,58,0,536,541,6,False,False,False,False,gt_missing_before
MVI_40211,62,0,601,636,36,True,False,False,False,gt_missing_before
MVI_40211,63,0,601,620,20,False,False,True,False,gt_missing_before
MVI_40211,69,0,689,693,5,False,True,True,True,
MVI_40211,70,0,711,730,20,False,False,True,False,gt_missing_before
MVI_40211,75,0,751,776,26,False,False,True,False,gt_missing_before
MVI_40211,77,0,756,761,6,False,False,False,False,gt_missing_before
MVI_40211,78,0,786,807,22,False,False,True,False,gt_missing_before
MVI_40211,82,0,841,862,22,False,False,True,False,gt_missing_before
MVI_40211,86,0,871,911,41,False,True,False,False,gt_missing_after
MVI_40211,87,0,911,916,6,False,True,False,False,gt_missing_after
MVI_40211,88,0,881,903,23,False,False,True,False,gt_missing_before
MVI_40211,88,1,915,921,7,False,True,False,False,gt_missing_after
MVI_40211,90,0,901,921,21,False,False,True,False,gt_missing_before
MVI_40211,90,1,925,929,5,False,True,True,True,
MVI_40211,92,0,936,959,24,False,False,True,False,gt_missing_before
MVI_40211,94,0,945,951,7,False,True,False,False,gt_missing_after
MVI_40211,98,0,986,1041,56,False,True,False,False,gt_missing_after
MVI_40211,99,0,986,1005,20,False,False,True,False,gt_missing_before
MVI_40211,102,0,991,995,5,False,False,True,False,gt_missing_before
MVI_40211,104,0,1016,1026,11,False,False,True,False,gt_missing_before
MVI_40211,106,0,1031,1049,19,False,False,True,False,gt_missing_before
MVI_40211,107,0,1031,1041,11,False,False,True,False,gt_missing_before
MVI_40211,110,0,1062,1066,5,False,True,False,False,gt_missing_after
MVI_40211,111,0,1061,1080,20,False,False,True,False,gt_missing_before
MVI_40211,112,0,1061,1071,11,False,False,True,False,gt_missing_before
MVI_40211,113,0,1066,1076,11,False,False,True,False,gt_missing_before
MVI_40211,116,0,1091,1096,6,False,False,False,False,gt_missing_before
MVI_40211,119,0,1131,1150,20,False,False,True,False,gt_missing_before
MVI_40211,120,0,1169,1196,28,False,True,False,False,gt_missing_after
MVI_40211,121,0,1189,1196,8,False,True,False,False,gt_missing_after
MVI_40211,122,0,1151,1156,6,False,False,False,False,gt_missing_before
MVI_40211,125,0,1166,1185,20,False,False,True,False,gt_missing_before
MVI_40211,126,0,1193,1226,34,False,True,True,True,
MVI_40211,127,0,1180,1183,4,False,True,True,True,
MVI_40211,130,0,1206,1225,20,False,True,True,True,
MVI_40211,131,0,1231,1252,22,False,False,True,False,gt_missing_before
MVI_40211,132,0,1236,1266,31,False,False,False,False,gt_missing_before
MVI_40211,133,0,1260,1266,7,False,True,False,False,gt_missing_after
MVI_40211,137,0,1271,1292,22,False,False,True,False,gt_missing_before
MVI_40211,139,0,1277,1281,5,False,True,False,False,gt_missing_after
MVI_40211,145,0,1331,1381,51,False,False,False,False,gt_missing_before
MVI_40211,146,0,1336,1337,2,False,False,True,False,gt_missing_before
MVI_40211,146,1,1372,1386,15,False,True,False,False,gt_missing_after
MVI_40211,148,0,1356,1386,31,False,True,True,True,
MVI_40211,150,0,1356,1373,18,False,False,True,False,gt_missing_before
MVI_40211,151,0,1365,1370,6,False,True,True,True,
MVI_40211,154,0,1406,1426,21,False,False,True,False,gt_missing_before
MVI_40211,156,0,1419,1426,8,False,True,False,False,gt_missing_after
MVI_40211,157,0,1451,1473,23,False,False,True,False,gt_missing_before
MVI_40211,158,0,1451,1468,18,False,False,True,False,gt_missing_before
MVI_40211,159,0,1471,1474,4,False,True,True,True,
MVI_40211,164,0,1516,1538,23,False,False,True,False,gt_missing_before
MVI_40211,165,0,1528,1531,4,False,True,False,False,gt_missing_after
MVI_40211,167,0,1526,1533,8,False,False,True,False,gt_missing_before
MVI_40211,168,0,1541,1586,46,False,True,False,False,gt_missing_after
MVI_40211,171,0,1566,1589,24,False,False,True,False,gt_missing_before
MVI_40211,172,0,1576,1581,6,False,False,False,False,gt_missing_before
MVI_40211,174,0,1601,1620,20,False,False,True,False,gt_missing_before
MVI_40211,177,0,1631,1654,24,False,False,True,False,gt_missing_before
MVI_40211,178,0,1636,1664,29,False,True,True,True,
MVI_40211,180,0,1659,1691,33,False,True,False,False,gt_missing_after
MVI_40211,184,0,1661,1679,19,False,False,True,False,gt_missing_before
MVI_40211,184,1,1685,1687,3,False,True,True,True,
MVI_40211,186,0,1681,1701,21,False,False,True,False,gt_missing_before
MVI_40211,187,0,1696,1713,18,False,False,True,False,gt_missing_before
MVI_40211,190,0,1726,1752,27,False,False,True,False,gt_missing_before
MVI_40211,191,0,1731,1771,41,False,False,False,False,gt_missing_before
MVI_40211,195,0,1776,1811,36,False,True,True,True,
MVI_40211,196,0,1776,1798,23,False,False,True,False,gt_missing_before
MVI_40211,198,0,1801,1823,23,False,False,True,False,gt_missing_before
MVI_40211,201,0,1831,1855,25,False,False,True,False,gt_missing_before
MVI_40211,203,0,1867,1871,5,False,True,False,False,gt_missing_after
MVI_40211,205,0,1912,1919,8,False,True,True,True,
MVI_40211,207,0,1886,1906,21,False,False,True,False,gt_missing_before
MVI_40211,210,0,1921,1941,21,False,False,True,False,gt_missing_before
MVI_40211,213,0,1931,1950,20,False,False,False,False,gt_missing_before
MVI_40212,3,0,1,14,14,False,False,True,False,gt_missing_before
MVI_40212,5,0,11,19,9,False,False,True,False,gt_missing_before
MVI_40212,6,0,26,48,23,False,False,True,False,gt_missing_before
MVI_40212,8,0,31,66,36,False,False,False,False,gt_missing_before
MVI_40212,11,0,56,60,5,False,False,True,False,gt_missing_before
MVI_40212,15,0,86,107,22,False,False,True,False,gt_missing_before
MVI_40212,18,0,114,116,3,False,True,False,False,gt_missing_after
MVI_40212,22,0,156,174,19,False,False,True,False,gt_missing_before
MVI_40212,23,0,188,191,4,False,True,True,True,
MVI_40212,26,0,186,191,6,False,False,False,False,gt_missing_before
MVI_40212,27,0,191,201,11,False,False,True,False,gt_missing_before
MVI_40212,28,0,201,222,22,False,False,True,False,gt_missing_before
MVI_40212,29,0,273,276,4,False,True,False,False,gt_missing_after
MVI_40212,33,0,251,306,56,False,True,False,False,gt_missing_after
MVI_40212,38,0,309,333,25,False,True,True,True,
MVI_40212,39,0,311,351,41,False,False,True,False,gt_missing_before
MVI_40212,40,0,340,381,42,False,True,False,False,gt_missing_after
MVI_40212,44,0,341,364,24,False,False,True,False,gt_missing_before
MVI_40212,48,0,366,389,24,False,False,True,False,gt_missing_before
MVI_40212,52,0,396,416,21,False,False,True,False,gt_missing_before
MVI_40212,53,0,410,411,2,True,True,True,True,
MVI_40212,53,1,415,416,2,False,True,False,False,gt_missing_after
MVI_40212,54,0,401,430,30,False,False,True,False,gt_missing_before
MVI_40212,57,0,436,464,29,False,False,True,False,gt_missing_before
MVI_40212,59,0,451,484,34,False,True,True,True,
MVI_40212,62,0,466,489,24,False,False,True,False,gt_missing_before
MVI_40212,62,1,505,506,2,False,True,False,False,gt_missing_after
MVI_40212,64,0,476,481,6,False,False,False,False,gt_missing_before
MVI_40212,66,0,516,543,28,False,False,True,False,gt_missing_before
MVI_40212,68,0,536,541,6,False,False,False,False,gt_missing_before
MVI_40212,71,0,541,547,7,False,False,True,False,gt_missing_before
MVI_40212,71,1,551,594,44,False,True,True,True,
MVI_40212,71,2,600,601,2,False,True,False,False,gt_missing_after
MVI_40212,74,0,566,590,25,False,False,True,False,gt_missing_before
MVI_40212,75,0,566,583,18,False,False,True,False,gt_missing_before
MVI_40212,77,0,576,604,29,False,False,True,False,gt_missing_before
MVI_40212,77,1,610,611,2,False,True,True,True,
MVI_40212,78,0,593,596,4,False,True,False,False,gt_missing_after
MVI_40212,79,0,601,626,26,False,False,True,False,gt_missing_before
MVI_40212,80,0,601,619,19,False,False,True,False,gt_missing_before
MVI_40212,83,0,626,648,23,False,False,True,False,gt_missing_before
MVI_40212,86,0,661,685,25,False,False,True,False,gt_missing_before
MVI_40212,87,0,671,691,21,False,True,True,True,
MVI_40212,88,0,666,671,6,False,False,False,False,gt_missing_before
MVI_40212,89,0,671,681,11,False,False,True,False,gt_missing_before
MVI_40212,92,0,696,725,30,False,True,True,True,
MVI_40212,93,0,738,746,9,False,True,False,False,gt_missing_after
MVI_40212,94,0,743,763,21,False,True,True,True,
MVI_40212,95,0,711,731,21,False,False,True,False,gt_missing_before
MVI_40212,97,0,716,721,6,False,False,False,False,gt_missing_before
MVI_40212,98,0,721,728,8,False,False,True,False,gt_missing_before
MVI_40212,102,0,751,791,41,False,True,True,True,
MVI_40212,104,0,751,776,26,False,False,True,False,gt_missing_before
MVI_40212,105,0,782,804,23,False,True,True,True,
MVI_40212,108,0,799,826,28,False,True,True,True,
MVI_40212,111,0,807,832,26,False,True,True,True,
MVI_40212,115,0,846,873,28,False,False,True,False,gt_missing_before
MVI_40212,118,0,904,911,8,False,True,True,True,
MVI_40212,119,0,905,911,7,False,True,False,False,gt_missing_after
MVI_40212,121,0,912,933,22,False,True,True,True,
MVI_40212,131,0,981,991,11,False,False,True,False,gt_missing_before
MVI_40212,132,0,981,1001,21,False,False,True,False,gt_missing_before
MVI_40212,133,0,996,1021,26,False,False,True,False,gt_missing_before
MVI_40212,135,0,1009,1015,7,False,True,True,True,
MVI_40212,136,0,1011,1056,46,True,True,True,True,
MVI_40212,139,0,1021,1045,25,False,False,True,False,gt_missing_before
MVI_40212,140,0,1046,1067,22,False,False,True,False,gt_missing_before
MVI_40212,142,0,1051,1056,6,False,False,False,False,gt_missing_before
MVI_40212,146,0,1086,1110,25,False,False,True,False,gt_missing_before
MVI_40212,147,0,1136,1156,21,False,True,False,False,gt_missing_after
MVI_40212,148,0,1123,1144,22,False,True,True,True,
MVI_40212,152,0,1146,1151,6,False,False,False,False,gt_missing_before
MVI_40212,156,0,1176,1195,20,False,False,True,False,gt_missing_before
MVI_40212,159,0,1206,1226,21,False,False,True,False,gt_missing_before
MVI_40212,163,0,1241,1246,6,False,False,False,False,gt_missing_before
MVI_40212,164,0,1251,1272,22,False,False,True,False,gt_missing_before
MVI_40212,166,0,1267,1275,9,False,True,True,True,
MVI_40212,170,0,1311,1316,6,False,False,False,False,gt_missing_before
MVI_40212,172,0,1340,1364,25,False,True,True,True,
MVI_40212,175,0,1371,1376,6,False,False,False,False,gt_missing_before
MVI_40212,178,0,1416,1437,22,False,False,True,False,gt_missing_before
MVI_40212,179,0,1421,1441,21,False,True,True,True,
MVI_40212,182,0,1441,1461,21,False,False,True,False,gt_missing_before
MVI_40212,183,0,1463,1466,4,False,True,False,False,gt_missing_after
MVI_40212,188,0,1516,1521,6,False,False,False,False,gt_missing_before
MVI_40212,189,0,1527,1541,15,False,True,False,False,gt_missing_after
MVI_40212,190,0,1521,1543,23,False,False,True,False,gt_missing_before
MVI_40212,192,0,1540,1541,2,False,True,False,False,gt_missing_after
MVI_40212,194,0,1548,1571,24,False,True,True,True,
MVI_40212,197,0,1551,1570,20,False,False,True,False,gt_missing_before
MVI_40212,198,0,1565,1572,8,False,False,True,False,gt_missing_before
MVI_40212,200,0,1591,1612,22,False,False,True,False,gt_missing_before
MVI_40212,202,0,1616,1619,4,False,False,True,False,gt_missing_before
MVI_40212,204,0,1631,1660,30,False,True,True,True,
MVI_40212,205,0,1643,1676,34,False,True,False,False,gt_missing_after
MVI_40212,206,0,1636,1659,24,False,False,True,False,gt_missing_before
MVI_40212,207,0,1636,1676,41,False,False,False,False,gt_missing_before
MVI_40212,209,0,1656,1661,6,False,False,False,False,gt_missing_before
MVI_40212,210,0,1676,1682,7,False,True,True,True,
MVI_40212,210,1,1688,1690,3,False,True,False,False,gt_missing_after
MVI_40213,5,0,10,12,3,False,True,True,True,
MVI_40213,10,0,26,31,6,False,False,False,False,gt_missing_before
MVI_40213,11,0,51,71,21,False,True,True,True,
MVI_40213,12,0,46,72,27,False,True,True,True,
MVI_40213,13,0,46,63,18,False,False,True,False,gt_missing_before
MVI_40213,14,0,91,106,16,False,True,False,False,gt_missing_after
MVI_40213,15,0,71,91,21,False,True,True,True,
MVI_40213,16,0,66,71,6,False,False,False,False,gt_missing_before
MVI_40213,17,0,71,106,36,False,False,True,False,gt_missing_before
MVI_40213,20,0,76,97,22,False,False,True,False,gt_missing_before
MVI_40213,22,0,116,141,26,False,True,False,False,gt_missing_after
MVI_40213,25,0,121,144,24,False,False,True,False,gt_missing_before
MVI_40213,26,0,131,136,6,False,False,False,False,gt_missing_before
MVI_40213,28,0,156,162,7,False,False,True,False,gt_missing_before
MVI_40213,29,0,166,171,6,False,False,False,False,gt_missing_before
MVI_40213,31,0,206,210,5,False,False,True,False,gt_missing_before
MVI_40213,36,0,241,268,28,False,False,True,False,gt_missing_before
MVI_40213,42,0,276,280,5,False,False,True,False,gt_missing_before
MVI_40213,44,0,316,339,24,False,False,True,False,gt_missing_before
MVI_40213,45,0,316,347,32,False,False,True,False,gt_missing_before
MVI_40213,45,1,354,356,3,False,True,False,False,gt_missing_after
MVI_40213,48,0,346,351,6,False,False,False,False,gt_missing_before
MVI_40213,51,0,366,390,25,False,False,True,False,gt_missing_before
MVI_40213,52,0,376,381,6,False,False,False,False,gt_missing_before
MVI_40213,56,0,387,416,30,False,True,True,True,
MVI_40213,57,0,386,389,4,False,False,True,False,gt_missing_before
MVI_40213,57,1,399,405,7,False,True,True,True,
MVI_40213,58,0,391,396,6,False,False,False,False,gt_missing_before
MVI_40213,62,0,436,461,26,False,False,True,False,gt_missing_before
MVI_40213,65,0,461,465,5,False,False,True,False,gt_missing_before
MVI_40213,67,0,482,486,5,False,True,False,False,gt_missing_after
MVI_40213,68,0,481,506,26,False,False,True,False,gt_missing_before
MVI_40213,69,0,483,485,3,False,True,True,True,
MVI_40213,69,1,491,495,5,False,True,True,True,
MVI_40213,70,0,509,516,8,False,True,False,False,gt_missing_after
MVI_40213,76,0,536,557,22,False,False,True,False,gt_missing_before
MVI_40213,77,0,546,566,21,False,False,True,False,gt_missing_before
MVI_40213,79,0,547,551,5,False,True,False,False,gt_missing_after
MVI_40213,80,0,570,601,32,False,True,True,True,
MVI_40213,80,1,613,621,9,False,True,False,False,gt_missing_after
MVI_40213,83,0,570,592,23,False,True,True,True,
MVI_40213,85,0,591,631,41,False,True,True,True,
MVI_40213,87,0,596,636,41,False,True,True,True,
MVI_40213,88,0,591,612,22,False,False,True,False,gt_missing_before
MVI_40213,90,0,611,635,25,False,False,True,False,gt_missing_before
MVI_40213,93,0,629,631,3,False,True,False,False,gt_missing_after
MVI_40213,97,0,677,686,10,False,True,True,True,
MVI_40213,98,0,666,704,39,False,True,True,True,
MVI_40213,101,0,681,703,23,False,False,True,False,gt_missing_before
MVI_40213,103,0,716,725,10,False,True,True,True,
MVI_40213,104,0,787,791,5,False,True,False,False,gt_missing_after
MVI_40213,110,0,800,811,12,True,True,False,False,gt_missing_after
MVI_40213,111,0,776,806,31,True,True,True,True,
MVI_40213,112,0,771,797,27,False,False,True,False,gt_missing_before
MVI_40213,114,0,776,811,36,False,False,True,False,gt_missing_before
MVI_40213,119,0,806,832,27,False,False,True,False,gt_missing_before
MVI_40213,120,0,812,816,5,False,True,False,False,gt_missing_after
MVI_40213,121,0,831,857,27,False,False,True,False,gt_missing_before
MVI_40213,122,0,831,871,41,False,False,False,False,gt_missing_before
MVI_40213,125,0,842,846,5,False,True,False,False,gt_missing_after
MVI_40213,127,0,856,883,28,False,False,True,False,gt_missing_before
MVI_40213,128,0,856,901,46,False,False,True,False,gt_missing_before
MVI_40213,129,0,876,898,23,False,False,True,False,gt_missing_before
MVI_40213,132,0,908,911,4,False,True,False,False,gt_missing_after
MVI_40213,137,0,936,956,21,False,False,True,False,gt_missing_before
MVI_40213,138,0,936,981,46,False,False,False,False,gt_missing_before
MVI_40213,139,0,944,951,8,False,True,False,False,gt_missing_after
MVI_40213,146,0,996,1036,41,False,False,False,False,gt_missing_before
MVI_40213,147,0,996,1020,25,False,False,True,False,gt_missing_before
MVI_40213,148,0,1011,1016,6,False,False,False,False,gt_missing_before
MVI_40213,150,0,1036,1056,21,False,False,True,False,gt_missing_before
MVI_40213,152,0,1051,1056,6,False,False,False,False,gt_missing_before
MVI_40213,155,0,1081,1086,6,False,False,False,False,gt_missing_before
MVI_40213,157,0,1126,1131,6,False,True,False,False,gt_missing_after
MVI_40213,159,0,1101,1122,22,False,False,True,False,gt_missing_before
MVI_40213,163,0,1171,1176,6,False,False,False,False,gt_missing_before
MVI_40213,171,0,1236,1255,20,False,False,True,False,gt_missing_before
MVI_40213,174,0,1271,1276,6,False,False,False,False,gt_missing_before
MVI_40213,175,0,1291,1309,19,False,False,True,False,gt_missing_before
MVI_40213,181,0,1326,1347,22,False,False,True,False,gt_missing_before
MVI_40213,182,0,1326,1331,6,False,False,False,False,gt_missing_before
MVI_40213,184,0,1384,1396,13,False,True,False,False,gt_missing_after
MVI_40213,188,0,1409,1416,8,False,True,False,False,gt_missing_after
MVI_40213,189,0,1411,1431,21,False,False,True,False,gt_missing_before
MVI_40213,195,0,1471,1493,23,False,False,True,False,gt_missing_before
MVI_40213,198,0,1506,1510,5,False,False,True,False,gt_missing_before
MVI_40213,198,1,1535,1538,4,False,True,True,True,
MVI_40213,199,0,1526,1547,22,False,False,True,False,gt_missing_before
MVI_40213,202,0,1577,1581,5,False,True,False,False,gt_missing_after
MVI_40213,204,0,1546,1568,23,False,False,True,False,gt_missing_before
MVI_40213,205,0,1561,1601,41,True,False,False,False,gt_missing_before
MVI_40213,206,0,1566,1588,23,False,False,True,False,gt_missing_before
MVI_40213,207,0,1566,1571,6,False,False,False,False,gt_missing_before
MVI_40213,209,0,1640,1646,7,False,True,False,False,gt_missing_after
MVI_40213,210,0,1596,1618,23,False,False,True,False,gt_missing_before
MVI_40213,214,0,1631,1655,25,False,False,True,False,gt_missing_before
MVI_40213,216,0,1650,1656,7,False,True,False,False,gt_missing_after
MVI_40213,217,0,1656,1681,26,False,False,True,False,gt_missing_before
MVI_40213,218,0,1666,1711,46,False,True,True,True,
MVI_40213,223,0,1701,1724,24,False,False,True,False,gt_missing_before
MVI_40213,228,0,1754,1756,3,False,True,False,False,gt_missing_after
MVI_40213,229,0,1771,1790,20,False,False,False,False,gt_missing_before
MVI_40213,230,0,1781,1790,10,False,True,False,False,gt_missing_after
MVI_40241,8,0,1,19,19,False,False,True,False,gt_missing_before
MVI_40241,9,0,1,21,21,False,False,False,False,gt_missing_before
MVI_40241,10,0,1,13,13,False,False,True,False,gt_missing_before
MVI_40241,14,0,11,63,53,False,False,True,False,gt_missing_before
MVI_40241,17,0,36,85,50,False,False,True,False,gt_missing_before
MVI_40241,21,0,56,108,53,False,False,True,False,gt_missing_before
MVI_40241,24,0,76,130,55,False,False,True,False,gt_missing_before
MVI_40241,26,0,86,124,39,False,False,True,False,gt_missing_before
MVI_40241,27,0,91,101,11,False,False,True,False,gt_missing_before
MVI_40241,32,0,131,183,53,False,False,True,False,gt_missing_before
MVI_40241,33,0,144,178,35,False,True,True,True,
MVI_40241,35,0,167,206,40,False,True,True,True,
MVI_40241,37,0,198,217,20,False,True,True,True,
MVI_40241,38,0,181,230,50,False,False,True,False,gt_missing_before
MVI_40241,41,0,201,252,52,False,False,True,False,gt_missing_before
MVI_40241,42,0,211,234,24,False,False,True,False,gt_missing_before
MVI_40241,43,0,240,261,22,False,True,False,False,gt_missing_after
MVI_40241,44,0,216,266,51,False,False,False,False,gt_missing_before
MVI_40241,47,0,251,303,53,False,False,True,False,gt_missing_before
MVI_40241,48,0,266,270,5,False,False,True,False,gt_missing_before
MVI_40241,50,0,291,341,51,False,False,True,False,gt_missing_before
MVI_40241,51,0,296,346,51,False,False,True,False,gt_missing_before
MVI_40241,54,0,326,343,18,False,False,True,False,gt_missing_before
MVI_40241,59,0,401,431,31,False,True,True,True,
MVI_40241,60,0,371,428,58,False,False,True,False,gt_missing_before
MVI_40241,72,0,456,510,55,False,False,True,False,gt_missing_before
MVI_40241,74,0,486,544,59,False,False,True,False,gt_missing_before
MVI_40241,75,0,492,551,60,False,True,False,False,gt_missing_after
MVI_40241,77,0,506,519,14,False,False,True,False,gt_missing_before
MVI_40241,79,0,567,586,20,False,True,False,False,gt_missing_after
MVI_40241,80,0,526,584,59,False,False,True,False,gt_missing_before
MVI_40241,84,0,596,611,16,False,True,False,False,gt_missing_after
MVI_40241,85,0,556,609,54,False,False,True,False,gt_missing_before
MVI_40241,87,0,594,611,18,False,True,False,False,gt_missing_after
MVI_40241,88,0,566,575,10,False,False,True,False,gt_missing_before
MVI_40241,89,0,571,631,61,False,False,True,False,gt_missing_before
MVI_40241,94,0,616,675,60,False,False,True,False,gt_missing_before
MVI_40241,95,0,675,681,7,True,True,False,False,gt_missing_after
MVI_40241,105,0,701,703,3,False,False,True,False,gt_missing_before
MVI_40241,105,1,754,761,8,False,True,False,False,gt_missing_after
MVI_40241,110,0,745,786,42,False,True,False,False,gt_missing_after
MVI_40241,113,0,746,799,54,False,False,True,False,gt_missing_before
MVI_40241,127,0,881,931,51,False,False,True,False,gt_missing_before
MVI_40241,129,0,928,945,18,False,True,True,True,
MVI_40241,130,0,901,956,56,True,False,True,False,gt_missing_before
MVI_40241,133,0,967,991,25,False,True,True,True,
MVI_40241,134,0,931,986,56,False,False,True,False,gt_missing_before
MVI_40241,143,0,981,1043,63,False,False,True,False,gt_missing_before
MVI_40241,147,0,1006,1069,64,True,False,True,False,gt_missing_before
MVI_40241,149,0,1068,1086,19,True,True,False,False,gt_missing_after
MVI_40241,150,0,1045,1086,42,False,True,False,False,gt_missing_after
MVI_40241,153,0,1051,1116,66,True,False,True,False,gt_missing_before
MVI_40241,157,0,1098,1121,24,False,True,False,False,gt_missing_after
MVI_40241,158,0,1056,1121,66,False,False,False,False,gt_missing_before
MVI_40241,159,0,1076,1079,4,False,False,True,False,gt_missing_before
MVI_40241,160,0,1076,1147,72,True,False,True,False,gt_missing_before
MVI_40241,161,0,1127,1151,25,False,True,False,False,gt_missing_after
MVI_40241,164,0,1096,1115,20,False,False,True,False,gt_missing_before
MVI_40241,166,0,1106,1161,56,False,False,False,False,gt_missing_before
MVI_40241,168,0,1136,1203,68,False,False,True,False,gt_missing_before
MVI_40241,173,0,1176,1246,71,True,False,True,False,gt_missing_before
MVI_40241,179,0,1206,1275,70,True,False,True,False,gt_missing_before
MVI_40241,180,0,1216,1230,15,False,False,True,False,gt_missing_before
MVI_40241,183,0,1261,1301,41,False,True,False,False,gt_missing_after
MVI_40241,189,0,1288,1327,40,False,True,True,True,
MVI_40241,191,0,1281,1347,67,True,False,True,False,gt_missing_before
MVI_40241,193,0,1291,1297,7,False,False,True,False,gt_missing_before
MVI_40241,193,1,1305,1355,51,False,True,True,True,
MVI_40241,197,0,1333,1375,43,False,True,True,True,
MVI_40241,199,0,1336,1346,11,False,False,True,False,gt_missing_before
MVI_40241,201,0,1351,1413,63,True,False,True,False,gt_missing_before
MVI_40241,202,0,1407,1416,10,False,True,False,False,gt_missing_after
MVI_40241,208,0,1401,1464,64,True,False,True,False,gt_missing_before
MVI_40241,215,0,1451,1506,56,False,False,True,False,gt_missing_before
MVI_40241,216,0,1466,1482,17,False,False,True,False,gt_missing_before
MVI_40241,216,1,1495,1526,32,False,True,True,True,
MVI_40241,220,0,1519,1554,36,False,True,True,True,
MVI_40241,223,0,1528,1540,13,False,True,True,True,
MVI_40241,223,1,1544,1595,52,False,True,True,True,
MVI_40241,228,0,1574,1587,14,False,True,True,True,
MVI_40241,228,1,1593,1639,47,False,True,True,True,
MVI_40241,233,0,1611,1670,60,False,False,True,False,gt_missing_before
MVI_40241,234,0,1640,1666,27,False,True,False,False,gt_missing_after
MVI_40241,235,0,1637,1638,2,False,True,True,True,
MVI_40241,235,1,1644,1678,35,False,True,True,True,
MVI_40241,241,0,1691,1706,16,False,True,False,False,gt_missing_after
MVI_40241,242,0,1656,1720,65,False,False,True,False,gt_missing_before
MVI_40241,243,0,1671,1701,31,True,True,True,True,
MVI_40241,248,0,1696,1762,67,False,False,True,False,gt_missing_before
MVI_40241,251,0,1701,1766,66,False,False,True,False,gt_missing_before
MVI_40241,254,0,1736,1748,13,False,False,True,False,gt_missing_before
MVI_40241,254,1,1760,1799,40,False,True,True,True,
MVI_40241,259,0,1751,1776,26,False,False,True,False,gt_missing_before
MVI_40241,262,0,1771,1831,61,False,False,False,False,gt_missing_before
MVI_40241,266,0,1801,1870,70,False,False,True,False,gt_missing_before
MVI_40241,271,0,1836,1909,74,False,False,True,False,gt_missing_before
MVI_40241,272,0,1836,1843,8,False,False,True,False,gt_missing_before
MVI_40241,272,1,1849,1852,4,False,True,True,True,
MVI_40241,282,0,1906,1979,74,False,False,True,False,gt_missing_before
MVI_40241,284,0,1921,1937,17,False,False,True,False,gt_missing_before
MVI_40241,289,0,1946,2021,76,False,False,True,False,gt_missing_before
MVI_40241,290,0,1961,1988,28,False,False,True,False,gt_missing_before
MVI_40241,291,0,1966,2040,75,False,False,True,False,gt_missing_before
MVI_40241,294,0,1971,2050,80,False,False,True,False,gt_missing_before
MVI_40241,297,0,2001,2006,6,False,False,True,False,gt_missing_before
MVI_40241,303,0,2051,2124,74,False,False,True,False,gt_missing_before
MVI_40241,307,0,2081,2115,35,False,False,True,False,gt_missing_before
MVI_40241,310,0,2116,2186,71,False,False,True,False,gt_missing_before
MVI_40241,311,0,2181,2206,26,True,True,False,False,gt_missing_after
MVI_40241,318,0,2186,2259,74,False,False,True,False,gt_missing_before
MVI_40241,319,0,2191,2241,51,False,False,True,False,gt_missing_before
MVI_40241,322,0,2206,2261,56,False,False,True,False,gt_missing_before
MVI_40241,323,0,2206,2209,4,False,False,True,False,gt_missing_before
MVI_40241,324,0,2215,2218,4,False,True,True,True,
MVI_40241,324,1,2245,2247,3,False,True,True,True,
MVI_40241,324,2,2260,2287,28,False,True,True,True,
MVI_40241,325,0,2255,2291,37,False,True,True,True,
MVI_40241,330,0,2251,2320,70,False,False,False,False,gt_missing_before
MVI_40241,335,0,2288,2299,12,False,True,True,True,
MVI_40241,335,1,2303,2320,18,False,True,False,False,gt_missing_after
MVI_40243,2,0,1,15,15,False,False,True,False,gt_missing_before
MVI_40243,3,0,1,8,8,False,False,True,False,gt_missing_before
MVI_40243,8,0,11,28,18,False,False,True,False,gt_missing_before
MVI_40243,8,1,33,75,43,False,True,True,True,
MVI_40243,9,0,52,71,20,False,True,False,False,gt_missing_after
MVI_40243,14,0,49,106,58,False,True,True,True,
MVI_40243,15,0,52,100,49,False,True,True,True,
MVI_40243,16,0,51,91,41,False,False,True,False,gt_missing_before
MVI_40243,17,0,66,68,3,False,False,True,False,gt_missing_before
MVI_40243,17,1,73,77,5,False,True,True,True,
MVI_40243,18,0,90,98,9,False,True,True,True,
MVI_40243,18,1,103,133,31,False,True,True,True,
MVI_40243,19,0,76,86,11,False,False,True,False,gt_missing_before
MVI_40243,25,0,126,184,59,False,False,True,False,gt_missing_before
MVI_40243,28,0,136,146,11,False,False,True,False,gt_missing_before
MVI_40243,31,0,166,173,8,False,False,True,False,gt_missing_before
MVI_40243,31,1,178,222,45,False,True,True,True,
MVI_40243,42,0,267,272,6,False,True,True,True,
MVI_40243,42,1,278,320,43,False,True,True,True,
MVI_40243,43,0,261,286,26,False,False,True,False,gt_missing_before
MVI_40243,48,0,325,366,42,False,True,False,False,gt_missing_after
MVI_40243,50,0,321,341,21,True,False,True,False,gt_missing_before
MVI_40243,51,0,366,386,21,False,True,True,True,
MVI_40243,53,0,339,351,13,False,True,True,True,
MVI_40243,64,0,416,476,61,False,False,True,False,gt_missing_before
MVI_40243,66,0,426,481,56,False,False,True,False,gt_missing_before
MVI_40243,70,0,466,523,58,False,False,True,False,gt_missing_before
MVI_40243,73,0,496,553,58,False,False,True,False,gt_missing_before
MVI_40243,76,0,511,574,64,False,False,True,False,gt_missing_before
MVI_40243,84,0,576,634,59,False,False,True,False,gt_missing_before
MVI_40243,85,0,601,638,38,False,True,True,True,
MVI_40243,89,0,678,686,9,False,True,False,False,gt_missing_after
MVI_40243,90,0,631,681,51,False,False,False,False,gt_missing_before
MVI_40243,94,0,646,656,11,False,False,True,False,gt_missing_before
MVI_40243,100,0,697,708,12,False,True,True,True,
MVI_40243,100,1,712,748,37,False,True,True,True,
MVI_40243,102,0,748,771,24,False,True,True,True,
MVI_40243,108,0,771,816,46,False,False,False,False,gt_missing_before
MVI_40243,109,0,776,836,61,False,False,True,False,gt_missing_before
MVI_40243,111,0,801,858,58,False,False,True,False,gt_missing_before
MVI_40243,113,0,811,838,28,False,False,True,False,gt_missing_before
MVI_40243,114,0,816,866,51,False,False,False,False,gt_missing_before
MVI_40243,120,0,846,904,59,False,False,True,False,gt_missing_before
MVI_40243,142,0,1061,1111,51,False,True,True,True,
MVI_40243,143,0,1101,1105,5,False,True,True,True,
MVI_40243,144,0,1112,1121,10,False,True,False,False,gt_missing_after
MVI_40243,150,0,1149,1175,27,False,True,True,True,
MVI_40243,152,0,1174,1186,13,False,True,False,False,gt_missing_after
MVI_40243,154,0,1169,1181,13,False,True,True,True,
MVI_40243,155,0,1129,1147,19,False,True,True,True,
MVI_40243,156,0,1136,1186,51,False,False,True,False,gt_missing_before
MVI_40243,157,0,1198,1213,16,False,True,True,True,
MVI_40243,160,0,1187,1238,52,False,True,True,True,
MVI_40243,162,0,1187,1208,22,False,True,True,True,
MVI_40243,164,0,1201,1241,41,False,False,False,False,gt_missing_before
MVI_40243,167,0,1229,1231,3,False,True,True,True,
MVI_40243,167,1,1238,1240,3,False,True,True,True,
MVI_40243,167,2,1251,1265,15,False,True,False,False,gt_missing_after
MVI_40243,168,0,1231,1254,24,False,False,True,False,gt_missing_before
MVI_40243,169,0,1246,1265,20,False,False,False,False,gt_missing_before
MVI_40244,1,0,1,16,16,False,False,True,False,gt_missing_before
MVI_40244,2,0,1,12,12,False,False,True,False,gt_missing_before
MVI_40244,11,0,68,91,24,False,True,True,True,
MVI_40244,12,0,55,91,37,False,True,True,True,
MVI_40244,14,0,80,112,33,False,True,True,True,
MVI_40244,17,0,86,126,41,False,False,False,False,gt_missing_before
MVI_40244,19,0,91,141,51,False,False,False,False,gt_missing_before
MVI_40244,23,0,112,157,46,False,True,True,True,
MVI_40244,29,0,171,172,2,False,True,True,True,
MVI_40244,29,1,178,208,31,False,True,True,True,
MVI_40244,30,0,163,216,54,False,True,False,False,gt_missing_after
MVI_40244,33,0,191,243,53,False,False,True,False,gt_missing_before
MVI_40244,35,0,242,261,20,False,True,False,False,gt_missing_after
MVI_40244,38,0,223,238,16,False,True,True,True,
MVI_40244,38,1,242,269,28,False,True,True,True,
MVI_40244,42,0,249,274,26,False,True,True,True,
MVI_40244,50,0,276,298,23,False,False,True,False,gt_missing_before
MVI_40244,54,0,321,368,48,False,False,True,False,gt_missing_before
MVI_40244,58,0,371,421,51,False,False,True,False,gt_missing_before
MVI_40244,73,0,590,596,7,False,True,False,False,gt_missing_after
MVI_40244,74,0,541,594,54,False,False,True,False,gt_missing_before
MVI_40244,85,0,633,634,2,False,True,True,True,
MVI_40244,85,1,644,683,40,False,True,True,True,
MVI_40244,86,0,641,676,36,False,False,True,False,gt_missing_before
MVI_40244,88,0,656,713,58,False,False,True,False,gt_missing_before
MVI_40244,89,0,661,681,21,False,False,True,False,gt_missing_before
MVI_40244,91,0,696,746,51,False,False,True,False,gt_missing_before
MVI_40244,92,0,701,711,11,False,False,True,False,gt_missing_before
MVI_40244,94,0,706,759,54,False,False,True,False,gt_missing_before
MVI_40244,96,0,721,771,51,False,False,True,False,gt_missing_before
MVI_40244,99,0,757,790,34,False,True,True,True,
MVI_40244,100,0,736,743,8,False,False,True,False,gt_missing_before
MVI_40244,104,0,786,831,46,False,False,True,False,gt_missing_before
MVI_40244,110,0,836,886,51,False,False,True,False,gt_missing_before
MVI_40244,124,0,986,1035,50,False,False,True,False,gt_missing_before
MVI_40244,130,0,1046,1083,38,False,False,True,False,gt_missing_before
MVI_40244,136,0,1091,1137,47,False,False,True,False,gt_missing_before
MVI_40244,142,0,1141,1158,18,False,False,True,False,gt_missing_before
MVI_40244,143,0,1190,1208,19,False,True,True,True,
MVI_40244,145,0,1186,1244,59,False,False,True,False,gt_missing_before
MVI_40244,148,0,1232,1271,40,False,True,False,False,gt_missing_after
MVI_40244,150,0,1241,1303,63,False,False,True,False,gt_missing_before
MVI_40244,157,0,1296,1345,50,False,False,False,False,gt_missing_before
MVI_40244,158,0,1301,1345,45,False,False,False,False,gt_missing_before
MVI_40732,2,0,106,149,44,False,True,True,True,
MVI_40732,2,1,205,219,15,False,True,True,True,
MVI_40732,2,2,916,958,43,True,True,True,True,
MVI_40732,2,3,1544,1559,16,False,True,True,True,
MVI_40732,2,4,1577,1596,20,False,True,True,True,
MVI_40732,2,5,1679,1716,38,True,True,True,True,
MVI_40732,2,6,1879,1890,12,False,True,True,True,
MVI_40732,2,7,2089,2120,32,True,True,False,False,gt_missing_after
MVI_40732,5,0,1,28,28,False,False,True,False,gt_missing_before
MVI_40732,5,1,34,42,9,False,True,True,True,
MVI_40732,6,0,1,174,174,False,False,True,False,gt_missing_before
MVI_40732,7,0,1,1100,1100,False,False,True,False,gt_missing_before
MVI_40732,10,0,26,76,51,False,True,True,True,
MVI_40732,11,0,11,15,5,False,False,True,False,gt_missing_before
MVI_40732,11,1,95,120,26,False,True,True,True,
MVI_40732,11,2,130,131,2,False,True,False,False,gt_missing_after
MVI_40732,14,0,34,106,73,True,True,True,True,
MVI_40732,15,0,53,131,79,False,True,True,True,
MVI_40732,16,0,66,103,38,False,False,True,False,gt_missing_before
MVI_40732,16,1,122,123,2,False,True,True,True,
MVI_40732,16,2,225,326,102,False,True,False,False,gt_missing_after
MVI_40732,17,0,96,104,9,False,False,True,False,gt_missing_before
MVI_40732,20,0,213,216,4,False,True,True,True,
MVI_40732,23,0,256,258,3,False,True,True,True,
MVI_40732,40,0,635,647,13,False,True,True,True,
MVI_40732,40,1,745,811,67,False,True,False,False,gt_missing_after
MVI_40732,50,0,1036,1221,186,False,True,True,True,
MVI_40732,57,0,1534,1577,44,False,True,True,True,
MVI_40732,58,0,1466,1536,71,False,False,True,False,gt_missing_before
MVI_40732,59,0,1511,1564,54,False,False,True,False,gt_missing_before
MVI_40732,62,0,1719,1723,5,False,True,True,True,
MVI_40732,64,0,1785,1823,39,False,True,True,True,
MVI_40732,65,0,1756,1808,53,False,False,True,False,gt_missing_before
MVI_40732,65,1,1814,1868,55,False,True,True,True,
MVI_40732,68,0,1954,1965,12,False,True,True,True,
MVI_40732,68,1,1969,1988,20,False,True,True,True,
MVI_40732,68,2,1994,2006,13,False,True,True,True,
MVI_40732,69,0,1936,1944,9,False,False,True,False,gt_missing_before
MVI_40732,72,0,2087,2120,34,False,True,False,False,gt_missing_after
MVI_40751,2,0,10,81,72,True,True,True,True,
MVI_40751,2,1,514,688,175,False,True,True,True,
MVI_40751,2,2,694,702,9,False,True,True,True,
MVI_40751,2,3,709,714,6,False,True,True,True,
MVI_40751,2,4,735,1144,410,False,True,True,True,
MVI_40751,3,0,1,58,58,False,False,True,False,gt_missing_before
MVI_40751,4,0,43,88,46,False,True,True,True,
MVI_40751,5,0,11,29,19,False,False,True,False,gt_missing_before
MVI_40751,7,0,116,134,19,False,False,True,False,gt_missing_before
MVI_40751,7,1,147,160,14,False,True,True,True,
MVI_40751,7,2,179,275,97,False,True,True,True,
MVI_40751,8,0,455,458,4,False,True,True,True,
MVI_40751,8,1,485,489,5,False,True,True,True,
MVI_40751,8,2,508,517,10,False,True,True,True,
MVI_40751,8,3,525,548,24,False,True,True,True,
MVI_40751,8,4,555,1145,591,False,True,False,False,gt_missing_after
MVI_40751,9,0,338,371,34,False,True,True,True,
MVI_40751,11,0,316,347,32,False,False,True,False,gt_missing_before
MVI_40751,11,1,352,440,89,False,True,True,True,
MVI_40751,15,0,923,1145,223,False,True,False,False,gt_missing_after
MVI_40751,21,0,521,525,5,False,False,True,False,gt_missing_before
MVI_40751,21,1,534,1145,612,True,True,False,False,gt_missing_after
MVI_40751,23,0,601,611,11,False,True,True,True,
MVI_40751,23,1,620,623,4,False,True,True,True,
MVI_40751,28,0,1079,1081,3,False,True,True,True,
MVI_40751,28,1,1085,1099,15,False,True,True,True,
MVI_40751,29,0,1054,1076,23,False,True,True,True,
MVI_40751,31,0,861,901,41,False,False,True,False,gt_missing_before
MVI_40751,32,0,865,1036,172,False,True,True,True,
MVI_40751,33,0,996,1009,14,False,True,True,True,
MVI_40751,35,0,1059,1081,23,False,True,False,False,gt_missing_after
MVI_40751,36,0,1069,1145,77,False,True,False,False,gt_missing_after
MVI_40751,38,0,1078,1090,13,False,True,True,True,
MVI_40751,38,1,1097,1145,49,False,True,False,False,gt_missing_after
MVI_40751,41,0,1101,1145,45,False,False,False,False,gt_missing_before
MVI_40752,2,0,1,40,40,False,False,True,False,gt_missing_before
MVI_40752,4,0,6,88,83,False,False,True,False,gt_missing_before
MVI_40752,5,0,41,116,76,True,False,True,False,gt_missing_before
MVI_40752,6,0,41,72,32,False,False,True,False,gt_missing_before
MVI_40752,6,1,79,127,49,False,True,True,True,
MVI_40752,9,0,136,156,21,False,True,True,True,
MVI_40752,10,0,81,118,38,False,False,True,False,gt_missing_before
MVI_40752,10,1,122,128,7,False,True,True,True,
MVI_40752,10,2,142,147,6,False,True,True,True,
MVI_40752,11,0,86,172,87,True,False,True,False,gt_missing_before
MVI_40752,14,0,111,198,88,True,False,True,False,gt_missing_before
MVI_40752,17,0,185,230,46,False,True,True,True,
MVI_40752,20,0,171,260,90,True,False,True,False,gt_missing_before
MVI_40752,23,0,156,176,21,True,False,False,False,gt_missing_before
MVI_40752,28,0,194,199,6,False,True,True,True,
MVI_40752,28,1,204,230,27,False,True,True,True,
MVI_40752,28,2,240,268,29,False,True,True,True,
MVI_40752,29,0,206,266,61,False,True,True,True,
MVI_40752,30,0,196,280,85,True,False,True,False,gt_missing_before
MVI_40752,34,0,271,341,71,True,False,False,False,gt_missing_before
MVI_40752,36,0,333,337,5,False,True,True,True,
MVI_40752,36,1,345,346,2,False,True,True,True,
MVI_40752,36,2,358,386,29,True,True,False,False,gt_missing_after
MVI_40752,37,0,291,381,91,False,False,True,False,gt_missing_before
MVI_40752,39,0,306,385,80,True,False,True,False,gt_missing_before
MVI_40752,44,0,371,458,88,False,False,True,False,gt_missing_before
MVI_40752,45,0,371,444,74,True,False,True,False,gt_missing_before
MVI_40752,48,0,447,461,15,False,True,False,False,gt_missing_after
MVI_40752,50,0,416,496,81,False,False,False,False,gt_missing_before
MVI_40752,54,0,471,525,55,False,False,True,False,gt_missing_before
MVI_40752,55,0,471,551,81,True,False,True,False,gt_missing_before
MVI_40752,58,0,511,587,77,False,False,True,False,gt_missing_before
MVI_40752,60,0,526,570,45,False,False,True,False,gt_missing_before
MVI_40752,60,1,588,609,22,False,True,True,True,
MVI_40752,63,0,580,583,4,False,True,True,True,
MVI_40752,63,1,596,626,31,False,True,True,True,
MVI_40752,68,0,709,735,27,False,True,True,True,
MVI_40752,69,0,646,661,16,False,False,True,False,gt_missing_before
MVI_40752,69,1,670,674,5,False,True,True,True,
MVI_40752,69,2,720,729,10,True,True,True,True,
MVI_40752,71,0,725,735,11,False,True,True,True,
MVI_40752,72,0,686,761,76,False,False,True,False,gt_missing_before
MVI_40752,76,0,731,811,81,True,False,False,False,gt_missing_before
MVI_40752,78,0,710,729,20,True,False,True,False,gt_missing_before
MVI_40752,78,1,745,774,30,False,True,True,True,
MVI_40752,80,0,776,781,6,True,False,False,False,gt_missing_before
MVI_40752,81,0,791,881,91,True,False,False,False,gt_missing_before
MVI_40752,83,0,821,886,66,True,False,False,False,gt_missing_before
MVI_40752,84,0,826,836,11,False,False,True,False,gt_missing_before
MVI_40752,86,0,836,903,68,False,False,True,False,gt_missing_before
MVI_40752,86,1,909,916,8,False,True,False,False,gt_missing_after
MVI_40752,90,0,786,854,69,True,False,True,False,gt_missing_before
MVI_40752,92,0,881,944,64,True,False,True,False,gt_missing_before
MVI_40752,94,0,901,994,94,False,False,True,False,gt_missing_before
MVI_40752,96,0,951,970,20,False,False,True,False,gt_missing_before
MVI_40752,97,0,951,1034,84,False,False,True,False,gt_missing_before
MVI_40752,98,0,961,1013,53,True,False,True,False,gt_missing_before
MVI_40752,99,0,986,1074,89,True,False,True,False,gt_missing_before
MVI_40752,101,0,996,1050,55,True,False,True,False,gt_missing_before
MVI_40752,101,1,1058,1066,9,True,True,False,False,gt_missing_after
MVI_40752,102,0,1036,1066,31,False,True,True,True,
MVI_40752,103,0,1036,1114,79,False,False,True,False,gt_missing_before
MVI_40752,105,0,1101,1136,36,False,True,False,False,gt_missing_after
MVI_40752,107,0,1086,1173,88,True,False,True,False,gt_missing_before
MVI_40752,108,0,1091,1164,74,False,False,True,False,gt_missing_before
MVI_40752,108,1,1175,1176,2,False,True,True,True,
MVI_40752,111,0,1151,1213,63,True,False,True,False,gt_missing_before
MVI_40752,112,0,1166,1226,61,False,True,False,False,gt_missing_after
MVI_40752,113,0,1151,1198,48,False,False,True,False,gt_missing_before
MVI_40752,113,1,1204,1226,23,False,True,True,True,
MVI_40752,116,0,1196,1281,86,False,False,True,False,gt_missing_before
MVI_40752,121,0,1266,1346,81,True,False,True,False,gt_missing_before
MVI_40752,123,0,1291,1367,77,False,False,True,False,gt_missing_before
MVI_40752,125,0,1308,1316,9,False,True,True,True,
MVI_40752,129,0,1326,1386,61,False,False,False,False,gt_missing_before
MVI_40752,130,0,1326,1403,78,False,False,True,False,gt_missing_before
MVI_40752,132,0,1351,1427,77,False,False,True,False,gt_missing_before
MVI_40752,133,0,1361,1446,86,False,False,True,False,gt_missing_before
MVI_40752,137,0,1406,1479,74,False,False,True,False,gt_missing_before
MVI_40752,138,0,1441,1475,35,False,True,True,True,
MVI_40752,139,0,1426,1466,41,False,False,True,False,gt_missing_before
MVI_40752,140,0,1426,1506,81,False,False,True,False,gt_missing_before
MVI_40752,141,0,1441,1491,51,True,False,False,False,gt_missing_before
MVI_40752,143,0,1461,1565,105,True,False,False,False,gt_missing_before
MVI_40752,144,0,1471,1490,20,False,False,True,False,gt_missing_before
MVI_40752,146,0,1523,1591,69,False,True,True,True,
MVI_40752,147,0,1501,1536,36,True,False,False,False,gt_missing_before
MVI_40752,148,0,1506,1518,13,False,False,True,False,gt_missing_before
MVI_40752,148,1,1534,1558,25,False,True,True,True,
MVI_40752,149,0,1566,1589,24,False,True,True,True,
MVI_40752,149,1,1594,1597,4,False,True,True,True,
MVI_40752,150,0,1526,1586,61,True,False,False,False,gt_missing_before
MVI_40752,152,0,1551,1629,79,False,False,True,False,gt_missing_before
MVI_40752,153,0,1551,1651,101,True,False,False,False,gt_missing_before
MVI_40752,154,0,1581,1676,96,False,True,False,False,gt_missing_after
MVI_40752,155,0,1590,1656,67,False,True,True,True,
MVI_40752,158,0,1607,1676,70,False,True,True,True,
MVI_40752,159,0,1611,1697,87,False,False,True,False,gt_missing_before
MVI_40752,161,0,1626,1691,66,True,False,False,False,gt_missing_before
MVI_40752,163,0,1641,1730,90,False,False,True,False,gt_missing_before
MVI_40752,164,0,1744,1781,38,False,True,False,False,gt_missing_after
MVI_40752,167,0,1686,1774,89,True,False,True,False,gt_missing_before
MVI_40752,171,0,1726,1826,101,True,False,True,False,gt_missing_before
MVI_40752,173,0,1736,1796,61,True,False,False,False,gt_missing_before
MVI_40752,174,0,1806,1838,33,False,True,True,True,
MVI_40752,175,0,1840,1860,21,False,True,True,True,
MVI_40752,178,0,1786,1865,80,False,False,True,False,gt_missing_before
MVI_40752,179,0,1796,1843,48,True,False,True,False,gt_missing_before
MVI_40752,180,0,1914,1936,23,False,True,False,False,gt_missing_after
MVI_40752,181,0,1821,1841,21,False,False,True,False,gt_missing_before
MVI_40752,181,1,1848,1865,18,False,True,True,True,
MVI_40752,181,2,1873,1885,13,False,True,True,True,
MVI_40752,181,3,1893,1899,7,False,True,True,True,
MVI_40752,182,0,1875,1891,17,False,True,True,True,
MVI_40752,183,0,1846,1901,56,True,False,True,False,gt_missing_before
MVI_40752,184,0,1846,1931,86,False,False,True,False,gt_missing_before
MVI_40752,185,0,1846,1906,61,False,False,True,False,gt_missing_before
MVI_40752,187,0,1876,1907,32,False,False,True,False,gt_missing_before
MVI_40752,187,1,1911,1912,2,False,True,True,True,
MVI_40752,187,2,1919,1933,15,False,True,True,True,
MVI_40752,187,3,1938,1959,22,False,True,True,True,
MVI_40752,188,0,1901,1971,71,True,False,True,False,gt_missing_before
MVI_40752,190,0,1911,1989,79,False,False,True,False,gt_missing_before
MVI_40752,195,0,2001,2025,25,True,False,False,False,gt_missing_before
MVI_40752,197,0,256,290,35,True,False,False,False,gt_missing_before
MVI_40752,198,0,640,680,41,True,False,False,False,gt_missing_before
MVI_40752,199,0,1590,1631,42,True,False,False,False,gt_missing_before
MVI_40871,1,0,149,161,13,False,True,True,True,
MVI_40871,2,0,129,147,19,False,True,True,True,
MVI_40871,2,1,176,194,19,False,True,True,True,
MVI_40871,2,2,267,294,28,False,True,True,True,
MVI_40871,2,3,346,361,16,False,True,True,True,
MVI_40871,3,0,97,125,29,False,True,True,True,
MVI_40871,3,1,157,176,20,False,True,True,True,
MVI_40871,3,2,244,262,19,False,True,True,True,
MVI_40871,3,3,312,343,32,False,True,True,True,
MVI_40871,3,4,566,591,26,False,True,True,True,
MVI_40871,4,0,1,141,141,False,False,True,False,gt_missing_before
MVI_40871,4,1,217,244,28,False,True,True,True,
MVI_40871,4,2,285,312,28,False,True,True,True,
MVI_40871,4,3,540,567,28,False,True,True,True,
MVI_40871,8,0,76,286,211,False,False,True,False,gt_missing_before
MVI_40871,8,1,515,542,28,False,True,True,True,
MVI_40871,10,0,201,1327,1127,False,False,True,False,gt_missing_before
MVI_40871,11,0,306,796,491,False,False,True,False,gt_missing_before
MVI_40871,11,1,1369,1455,87,False,True,True,True,
MVI_40871,13,0,1638,1720,83,False,True,False,False,gt_missing_after
MVI_40871,16,0,76,80,5,False,False,True,False,gt_missing_before
MVI_40871,16,1,95,117,23,False,True,True,True,
MVI_40871,16,2,122,137,16,False,True,True,True,
MVI_40871,16,3,143,161,19,False,True,False,False,gt_missing_after
MVI_40871,17,0,121,206,86,False,False,False,False,gt_missing_before
MVI_40871,18,0,206,246,41,False,False,True,False,gt_missing_before
MVI_40871,18,1,256,296,41,False,True,False,False,gt_missing_after
MVI_40871,19,0,271,361,91,False,False,False,False,gt_missing_before
MVI_40871,20,0,501,521,21,False,False,True,False,gt_missing_before
MVI_40871,20,1,532,591,60,False,True,False,False,gt_missing_after
MVI_40871,21,0,571,1720,1150,False,False,False,False,gt_missing_before
MVI_40871,22,0,1,38,38,False,False,True,False,gt_missing_before
MVI_40871,22,1,88,128,41,False,True,True,True,
MVI_40871,23,0,58,86,29,False,True,True,True,
MVI_40871,24,0,1,23,23,False,False,True,False,gt_missing_before
MVI_40871,24,1,52,1720,1669,False,True,False,False,gt_missing_after
MVI_40871,25,0,1,1720,1720,False,False,False,False,gt_missing_before
MVI_40871,26,0,4,31,28,False,True,True,True,
MVI_40871,26,1,79,1720,1642,False,True,False,False,gt_missing_after
MVI_40871,27,0,99,119,21,False,True,True,True,
MVI_40871,27,1,243,273,31,False,True,True,True,
MVI_40871,28,0,1,21,21,False,False,True,False,gt_missing_before
MVI_40871,28,1,55,1720,1666,False,True,False,False,gt_missing_after
MVI_40871,29,0,1,71,71,False,False,True,False,gt_missing_before
MVI_40871,30,0,7,1720,1714,False,True,False,False,gt_missing_after
MVI_40871,31,0,1,25,25,False,False,True,False,gt_missing_before
MVI_40871,31,1,901,1099,199,False,True,True,True,
MVI_40871,31,2,1704,1711,8,False,True,True,True,
MVI_40871,32,0,82,147,66,False,True,True,True,
MVI_40871,32,1,199,218,20,False,True,True,True,
MVI_40871,32,2,248,328,81,False,True,True,True,
MVI_40871,33,0,46,65,20,False,False,True,False,gt_missing_before
MVI_40871,33,1,231,250,20,False,True,True,True,
MVI_40871,33,2,259,1720,1462,False,True,False,False,gt_missing_after
MVI_40871,34,0,101,386,286,False,False,True,False,gt_missing_before
MVI_40871,34,1,395,1000,606,False,True,True,True,
MVI_40871,34,2,1097,1720,624,False,True,False,False,gt_missing_after
MVI_40871,35,0,136,1720,1585,False,False,False,False,gt_missing_before
MVI_40871,36,0,405,1399,995,False,True,True,True,
MVI_40871,36,1,1497,1699,203,False,True,True,True,
MVI_40871,36,2,1703,1715,13,False,True,True,True,
MVI_40871,37,0,427,499,73,False,True,True,True,
MVI_40871,37,1,598,1720,1123,False,True,False,False,gt_missing_after
MVI_40962,48,0,971,981,11,False,False,True,False,gt_missing_before
MVI_40963,6,0,17,21,5,False,True,False,False,gt_missing_after
MVI_40963,8,0,33,61,29,True,True,False,False,gt_missing_after
MVI_40963,9,0,65,76,12,False,True,False,False,gt_missing_after
MVI_40963,10,0,72,81,10,False,True,False,False,gt_missing_after
MVI_40963,11,0,106,136,31,False,True,False,False,gt_missing_after
MVI_40963,14,0,236,271,36,False,True,False,False,gt_missing_after
MVI_40963,16,0,311,344,34,True,True,True,True,
MVI_40963,17,0,340,351,12,False,True,False,False,gt_missing_after
MVI_40963,19,0,346,379,34,True,True,True,True,
MVI_40963,20,0,400,433,34,False,True,True,True,
MVI_40963,23,0,440,451,12,False,True,False,False,gt_missing_after
MVI_40963,30,0,545,583,39,True,True,True,True,
MVI_40963,32,0,586,624,39,True,True,True,True,
MVI_40963,33,0,569,577,9,False,True,True,True,
MVI_40963,33,1,620,666,47,False,True,False,False,gt_missing_after
MVI_40963,35,0,632,671,40,True,True,True,True,
MVI_40963,38,0,611,621,11,False,False,False,False,gt_missing_before
MVI_40963,39,0,669,710,42,True,True,True,True,
MVI_40963,41,0,707,731,25,False,True,False,False,gt_missing_after
MVI_40963,43,0,730,774,45,True,True,True,True,
MVI_40963,44,0,704,742,39,False,True,True,True,
MVI_40963,44,1,755,781,27,False,True,False,False,gt_missing_after
MVI_40963,46,0,781,806,26,False,True,False,False,gt_missing_after
MVI_40963,52,0,809,849,41,True,True,True,True,
MVI_40963,56,0,855,857,3,False,True,True,True,
MVI_40963,57,0,877,880,4,False,True,True,True,
MVI_40963,60,0,860,898,39,True,True,True,True,
MVI_40963,63,0,900,937,38,True,True,True,True,
MVI_40963,67,0,951,966,16,False,True,False,False,gt_missing_after
MVI_40963,68,0,930,971,42,True,True,True,True,
MVI_40963,69,0,923,924,2,False,True,True,True,
MVI_40963,69,1,956,981,26,True,True,False,False,gt_missing_after
MVI_40963,71,0,943,956,14,False,True,True,True,
MVI_40963,71,1,978,1006,29,True,True,False,False,gt_missing_after
MVI_40963,72,0,954,998,45,True,True,True,True,
MVI_40963,79,0,1061,1100,40,False,True,True,True,
MVI_40963,85,0,1145,1201,57,False,True,False,False,gt_missing_after
MVI_40963,88,0,1146,1181,36,True,True,True,True,
MVI_40963,91,0,1216,1245,30,True,True,True,True,
MVI_40963,94,0,1288,1306,19,False,True,False,False,gt_missing_after
MVI_40963,95,0,1284,1313,30,True,True,True,True,
MVI_40963,98,0,1312,1340,29,True,True,True,True,
MVI_40963,102,0,1367,1402,36,True,True,True,True,
MVI_40963,103,0,1420,1441,22,False,True,False,False,gt_missing_after
MVI_40963,106,0,1450,1498,49,False,True,True,True,
MVI_40963,107,0,1445,1480,36,True,True,True,True,
MVI_40963,108,0,1441,1451,11,False,False,True,False,gt_missing_before
MVI_40963,113,0,1515,1552,38,True,True,True,True,
MVI_40963,117,0,1548,1585,38,True,True,True,True,
MVI_40963,123,0,1587,1621,35,True,True,True,True,
MVI_40963,126,0,1615,1631,17,False,True,False,False,gt_missing_after
MVI_40963,129,0,1633,1671,39,True,True,True,True,
MVI_40963,132,0,1697,1736,40,True,True,True,True,
MVI_40963,134,0,1721,1731,11,False,True,False,False,gt_missing_after
MVI_40963,140,0,1781,1796,16,False,True,False,False,gt_missing_after
MVI_40963,141,0,1810,1816,7,False,True,False,False,gt_missing_after
MVI_40981,95,0,1681,1701,21,False,True,False,False,gt_missing_after
MVI_40991,1,0,1,31,31,True,False,True,False,gt_missing_before
MVI_40991,2,0,76,115,40,True,True,True,True,
MVI_40991,3,0,127,172,46,True,True,True,True,
MVI_40991,4,0,340,388,49,True,True,True,True,
MVI_40991,5,0,390,482,93,True,True,True,True,
MVI_40991,5,1,519,556,38,False,True,False,False,gt_missing_after
MVI_40991,6,0,414,445,32,True,True,True,True,
MVI_40991,7,0,457,498,42,True,True,True,True,
MVI_40991,7,1,556,621,66,False,True,False,False,gt_missing_after
MVI_40991,8,0,497,540,44,True,True,True,True,
MVI_40991,8,1,677,727,51,False,True,True,True,
MVI_40991,9,0,569,656,88,True,True,True,True,
MVI_40991,9,1,717,734,18,False,True,True,True,
MVI_40991,10,0,561,644,84,True,False,True,False,gt_missing_before
MVI_40991,11,0,609,680,72,True,True,True,True,
MVI_40991,12,0,652,720,69,True,True,True,True,
MVI_40991,13,0,718,766,49,True,True,True,True,
MVI_40991,13,1,809,818,10,False,True,True,True,
MVI_40991,14,0,727,789,63,True,True,True,True,
MVI_40991,15,0,814,870,57,True,True,True,True,
MVI_40991,16,0,909,960,52,True,True,True,True,
MVI_40991,17,0,985,1021,37,True,True,True,True,
MVI_40991,18,0,1040,1045,6,False,True,True,True,
MVI_40991,18,1,1058,1090,33,True,True,True,True,
MVI_40991,19,0,1158,1197,40,True,True,True,True,
MVI_40991,20,0,1203,1234,32,True,True,True,True,
MVI_40991,21,0,1258,1296,39,True,True,True,True,
MVI_40991,22,0,1281,1339,59,True,False,True,False,gt_missing_before
MVI_40991,23,0,1331,1393,63,True,False,True,False,gt_missing_before
MVI_40991,24,0,1400,1441,42,True,True,True,True,
MVI_40991,24,1,1449,1499,51,False,True,True,True,
MVI_40991,25,0,1398,1454,57,True,True,True,True,
MVI_40991,26,0,1690,1806,117,True,True,False,False,gt_missing_after
MVI_40991,27,0,1676,1731,56,True,False,True,False,gt_missing_before
MVI_40991,28,0,1817,1820,4,False,True,False,False,gt_missing_after
MVI_40992,2,0,15,54,40,True,True,True,True,
MVI_40992,2,1,89,96,8,False,True,False,False,gt_missing_after
MVI_40992,3,0,54,81,28,True,True,True,True,
MVI_40992,4,0,146,184,39,True,True,True,True,
MVI_40992,5,0,228,293,66,True,True,True,True,
MVI_40992,5,1,339,354,16,False,True,True,True,
MVI_40992,6,0,224,275,52,True,True,True,True,
MVI_40992,7,0,294,328,35,True,True,True,True,
MVI_40992,8,0,322,396,75,True,True,False,False,gt_missing_after
MVI_40992,9,0,306,369,64,True,False,True,False,gt_missing_before
MVI_40992,10,0,386,425,40,True,True,True,True,
MVI_40992,11,0,491,537,47,True,False,True,False,gt_missing_before
MVI_40992,12,0,492,517,26,False,True,True,True,
MVI_40992,12,1,524,563,40,True,True,True,True,
MVI_40992,12,2,575,609,35,False,True,True,True,
MVI_40992,13,0,531,581,51,True,False,True,False,gt_missing_before
MVI_40992,14,0,581,633,53,True,False,True,False,gt_missing_before
MVI_40992,15,0,688,746,59,True,True,True,True,
MVI_40992,16,0,775,832,58,True,True,True,True,
MVI_40992,17,0,838,889,52,True,True,True,True,
MVI_40992,18,0,917,933,17,False,True,True,True,
MVI_40992,18,1,938,975,38,True,True,True,True,
MVI_40992,19,0,973,1012,40,True,True,True,True,
MVI_40992,19,1,1048,1066,19,False,True,True,True,
MVI_40992,20,0,987,1033,47,True,True,True,True,
MVI_40992,21,0,996,1005,10,True,False,True,False,gt_missing_before
MVI_40992,21,1,1025,1068,44,True,True,True,True,
MVI_40992,21,2,1084,1126,43,False,True,True,True,
MVI_40992,22,0,1031,1088,58,True,False,True,False,gt_missing_before
MVI_40992,23,0,1123,1168,46,True,True,True,True,
MVI_40992,23,1,1187,1218,32,False,True,True,True,
MVI_40992,24,0,1131,1184,54,True,False,True,False,gt_missing_before
MVI_40992,25,0,1195,1226,32,True,True,True,True,
MVI_40992,26,0,1267,1305,39,True,True,True,True,
MVI_40992,26,1,1370,1371,2,False,True,False,False,gt_missing_after
MVI_40992,27,0,1310,1353,44,True,True,True,True,
MVI_40992,27,1,1421,1431,11,False,True,False,False,gt_missing_after
MVI_40992,28,0,1343,1401,59,True,True,True,True,
MVI_40992,29,0,1388,1450,63,True,True,True,True,
MVI_40992,30,0,1457,1541,85,True,True,False,False,gt_missing_after
MVI_40992,31,0,1446,1508,63,True,False,True,False,gt_missing_before
MVI_40992,32,0,1591,1633,43,True,False,True,False,gt_missing_before
MVI_40992,33,0,1669,1796,128,True,True,False,False,gt_missing_after
MVI_40992,34,0,1686,1746,61,True,False,True,False,gt_missing_before
MVI_40992,35,0,1721,1784,64,True,False,True,False,gt_missing_before
MVI_40992,36,0,1731,1741,11,False,False,True,False,gt_missing_before
MVI_40992,36,1,1769,1835,67,True,True,True,True,
MVI_40992,36,2,1855,1901,47,False,True,False,False,gt_missing_after
MVI_40992,37,0,1808,1898,91,True,True,True,True,
MVI_40992,37,1,1917,1951,35,False,True,False,False,gt_missing_after
MVI_40992,38,0,1796,1857,62,True,False,True,False,gt_missing_before
MVI_40992,39,0,1851,1926,76,True,False,True,False,gt_missing_before
MVI_40992,40,0,1928,1976,49,True,True,True,True,
MVI_40992,41,0,1991,2042,52,True,False,True,False,gt_missing_before
MVI_40992,42,0,2042,2096,55,True,True,True,True,
MVI_40992,43,0,2100,2137,38,True,True,True,True,
MVI_40992,44,0,2143,2160,18,False,True,False,False,gt_missing_after
MVI_40992,45,0,2141,2160,20,False,False,False,False,gt_missing_before
MVI_41063,3,0,1,11,11,False,False,False,False,gt_missing_before
MVI_41063,12,0,27,91,65,False,True,False,False,gt_missing_after
MVI_41063,18,0,82,111,30,False,True,True,True,
MVI_41063,20,0,91,151,61,False,True,False,False,gt_missing_after
MVI_41063,22,0,131,191,61,True,True,False,False,gt_missing_after
MVI_41063,23,0,132,196,65,False,True,False,False,gt_missing_after
MVI_41063,27,0,227,241,15,False,True,False,False,gt_missing_after
MVI_41063,28,0,185,246,62,False,True,False,False,gt_missing_after
MVI_41063,32,0,221,241,21,False,True,True,True,
MVI_41063,34,0,221,301,81,False,False,False,False,gt_missing_before
MVI_41063,35,0,237,301,65,False,True,False,False,gt_missing_after
MVI_41063,38,0,358,366,9,False,True,False,False,gt_missing_after
MVI_41063,39,0,293,356,64,False,True,False,False,gt_missing_after
MVI_41063,41,0,344,387,44,False,True,True,True,
MVI_41063,43,0,332,361,30,False,True,True,True,
MVI_41063,44,0,334,396,63,False,True,False,False,gt_missing_after
MVI_41063,46,0,373,411,39,False,True,True,True,
MVI_41063,47,0,375,441,67,False,True,False,False,gt_missing_after
MVI_41063,57,0,532,591,60,False,True,False,False,gt_missing_after
MVI_41063,59,0,546,547,2,False,False,True,False,gt_missing_before
MVI_41063,59,1,580,621,42,False,True,False,False,gt_missing_after
MVI_41063,61,0,597,623,27,False,True,True,True,
MVI_41063,64,0,586,646,61,False,True,False,False,gt_missing_after
MVI_41063,68,0,677,696,20,False,True,False,False,gt_missing_after
MVI_41063,71,0,637,701,65,False,True,False,False,gt_missing_after
MVI_41063,76,0,718,781,64,False,True,False,False,gt_missing_after
MVI_41063,78,0,773,811,39,False,True,False,False,gt_missing_after
MVI_41063,79,0,751,811,61,False,True,False,False,gt_missing_after
MVI_41063,82,0,751,761,11,False,False,True,False,gt_missing_before
MVI_41063,82,1,797,823,27,False,True,True,True,
MVI_41063,84,0,809,827,19,False,True,True,True,
MVI_41063,86,0,781,820,40,True,True,True,True,
MVI_41063,87,0,785,856,72,False,True,False,False,gt_missing_after
MVI_41063,93,0,856,921,66,False,True,False,False,gt_missing_after
MVI_41063,104,0,981,1041,61,False,True,False,False,gt_missing_after
MVI_41063,105,0,983,1046,64,False,True,False,False,gt_missing_after
MVI_41063,109,0,1022,1086,65,False,True,False,False,gt_missing_after
MVI_41063,110,0,1067,1075,9,False,False,True,False,gt_missing_before
MVI_41063,111,0,1053,1106,54,False,True,False,False,gt_missing_after
MVI_41063,113,0,1083,1099,17,False,True,True,True,
MVI_41063,113,1,1160,1181,22,False,True,False,False,gt_missing_after
MVI_41063,117,0,1084,1146,63,False,True,False,False,gt_missing_after
MVI_41063,121,0,1117,1181,65,False,True,False,False,gt_missing_after
MVI_41063,125,0,1151,1221,71,False,True,False,False,gt_missing_after
MVI_41063,129,0,1194,1251,58,False,True,False,False,gt_missing_after
MVI_41063,130,0,1239,1291,53,False,True,False,False,gt_missing_after
MVI_41063,131,0,1226,1291,66,False,True,False,False,gt_missing_after
MVI_41063,132,0,1226,1261,36,False,True,True,True,
MVI_41063,133,0,1284,1291,8,False,True,False,False,gt_missing_after
MVI_41063,139,0,1302,1345,44,False,True,True,True,
MVI_41063,140,0,1281,1341,61,False,False,False,False,gt_missing_before
MVI_41063,141,0,1281,1299,19,False,False,True,False,gt_missing_before
MVI_41063,142,0,1282,1301,20,False,True,True,True,
MVI_41063,142,1,1321,1361,41,True,True,False,False,gt_missing_after
MVI_41063,145,0,1379,1399,21,False,True,True,True,
MVI_41063,147,0,1332,1396,65,False,True,False,False,gt_missing_after
MVI_41063,150,0,1353,1416,64,False,True,False,False,gt_missing_after
MVI_41063,154,0,1400,1466,67,False,True,False,False,gt_missing_after
MVI_41063,157,0,1426,1505,80,False,False,False,False,gt_missing_before
MVI_41063,158,0,1426,1456,31,False,False,True,False,gt_missing_before
MVI_41063,160,0,1455,1505,51,False,True,False,False,gt_missing_after
MVI_41073,7,0,6,62,57,False,False,True,False,gt_missing_before
MVI_41073,11,0,41,98,58,False,False,True,False,gt_missing_before
MVI_41073,12,0,63,111,49,False,True,True,True,
MVI_41073,12,1,137,151,15,False,True,False,False,gt_missing_after
MVI_41073,14,0,76,134,59,False,False,True,False,gt_missing_before
MVI_41073,17,0,136,201,66,False,True,False,False,gt_missing_after
MVI_41073,18,0,136,195,60,False,False,True,False,gt_missing_before
MVI_41073,20,0,177,203,27,False,True,True,True,
MVI_41073,29,0,271,331,61,False,False,True,False,gt_missing_before
MVI_41073,40,0,431,491,61,False,False,True,False,gt_missing_before
MVI_41073,41,0,431,481,51,False,False,True,False,gt_missing_before
MVI_41073,44,0,494,531,38,False,True,False,False,gt_missing_after
MVI_41073,46,0,510,551,42,False,True,False,False,gt_missing_after
MVI_41073,47,0,491,547,57,False,False,True,False,gt_missing_before
MVI_41073,53,0,561,612,52,False,False,True,False,gt_missing_before
MVI_41073,55,0,566,586,21,False,False,True,False,gt_missing_before
MVI_41073,61,0,651,671,21,False,False,True,False,gt_missing_before
MVI_41073,63,0,676,738,63,False,False,True,False,gt_missing_before
MVI_41073,66,0,721,766,46,True,True,False,False,gt_missing_after
MVI_41073,72,0,746,801,56,False,False,True,False,gt_missing_before
MVI_41073,76,0,776,841,66,False,False,False,False,gt_missing_before
MVI_41073,80,0,836,876,41,False,False,True,False,gt_missing_before
MVI_41073,81,0,856,926,71,False,False,True,False,gt_missing_before
MVI_41073,83,0,901,951,51,False,True,False,False,gt_missing_after
MVI_41073,84,0,881,947,67,False,False,True,False,gt_missing_before
MVI_41073,90,0,926,996,71,False,False,True,False,gt_missing_before
MVI_41073,96,0,991,1054,64,False,False,True,False,gt_missing_before
MVI_41073,98,0,1041,1105,65,False,False,True,False,gt_missing_before
MVI_41073,104,0,1116,1180,65,False,False,True,False,gt_missing_before
MVI_41073,105,0,1159,1206,48,False,True,True,True,
MVI_41073,106,0,1131,1171,41,False,False,True,False,gt_missing_before
MVI_41073,111,0,1116,1176,61,True,False,True,False,gt_missing_before
MVI_41073,116,0,1251,1318,68,False,False,True,False,gt_missing_before
MVI_41073,121,0,1286,1354,69,False,False,True,False,gt_missing_before
MVI_41073,126,0,1356,1423,68,False,False,True,False,gt_missing_before
MVI_41073,134,0,1431,1494,64,False,False,True,False,gt_missing_before
MVI_41073,136,0,1456,1506,51,False,False,True,False,gt_missing_before
MVI_41073,137,0,1456,1519,64,False,False,True,False,gt_missing_before
MVI_41073,139,0,1502,1523,22,False,True,True,True,
MVI_41073,142,0,1516,1579,64,False,False,True,False,gt_missing_before
MVI_41073,143,0,1583,1601,19,True,True,False,False,gt_missing_after
MVI_41073,151,0,1621,1683,63,False,False,True,False,gt_missing_before
MVI_41073,154,0,1703,1721,19,False,True,False,False,gt_missing_after
MVI_41073,155,0,1651,1671,21,False,False,True,False,gt_missing_before
MVI_41073,155,1,1732,1746,15,True,True,False,False,gt_missing_after
MVI_41073,159,0,1676,1740,65,False,False,True,False,gt_missing_before
MVI_41073,166,0,1823,1825,3,False,True,False,False,gt_missing_after
MVI_41073,167,0,1766,1825,60,False,False,False,False,gt_missing_before
MVI_41073,168,0,1771,1781,11,False,False,True,False,gt_missing_before
MVI_41073,169,0,1781,1816,36,False,True,False,False,gt_missing_after
MVI_63521,4,0,56,61,6,False,True,False,False,gt_missing_after
MVI_63521,6,0,309,407,99,False,True,True,True,
MVI_63521,15,0,181,261,81,True,False,True,False,gt_missing_before
MVI_63521,25,0,595,612,18,False,True,True,True,
MVI_63521,25,1,649,669,21,False,True,True,True,
MVI_63521,25,2,889,907,19,False,True,True,True,
MVI_63521,25,3,985,992,8,False,True,True,True,
MVI_63521,25,4,1209,1225,17,False,True,True,True,
MVI_63521,39,0,816,834,19,True,False,True,False,gt_missing_before
MVI_63521,46,0,1351,1451,101,False,True,True,True,
MVI_63521,48,0,1073,1083,11,False,True,True,True,
MVI_63521,50,0,1098,1138,41,False,True,True,True,
MVI_63521,52,0,1136,1156,21,False,False,True,False,gt_missing_before
MVI_63521,52,1,1238,1326,89,False,True,True,True,
MVI_63521,54,0,1183,1283,101,True,True,True,True,
MVI_63521,54,1,1400,1501,102,True,True,False,False,gt_missing_after
MVI_63521,57,0,1191,1266,76,False,False,True,False,gt_missing_before
MVI_63521,57,1,1327,1359,33,False,True,True,True,
MVI_63521,61,0,1256,1276,21,True,False,True,False,gt_missing_before
MVI_63521,63,0,1304,1429,126,True,True,True,True,
MVI_63521,63,1,1433,1453,21,False,True,True,True,
MVI_63521,65,0,1506,1522,17,False,True,True,True,
MVI_63521,65,1,1686,1703,18,False,True,True,True,
MVI_63521,67,0,1381,1411,31,False,False,True,False,gt_missing_before
MVI_63521,77,0,1728,1771,44,True,True,False,False,gt_missing_after
MVI_63521,83,0,1859,1883,25,False,True,True,True,
MVI_63525,6,0,46,56,11,False,False,True,False,gt_missing_before
MVI_63544,1,0,1,11,11,False,False,False,False,gt_missing_before
MVI_63544,2,0,1,16,16,True,False,False,False,gt_missing_before
MVI_63544,3,0,1,56,56,True,False,False,False,gt_missing_before
MVI_63544,4,0,1,119,119,True,False,True,False,gt_missing_before
MVI_63544,5,0,4,91,88,True,False,True,False,gt_missing_before
MVI_63544,6,0,2,31,30,True,True,True,True,
MVI_63544,6,1,39,91,53,True,True,False,False,gt_missing_after
MVI_63544,7,0,16,163,148,True,False,True,False,gt_missing_before
MVI_63544,8,0,76,121,46,False,False,True,False,gt_missing_before
MVI_63544,8,1,125,138,14,False,True,True,True,
MVI_63544,8,2,143,153,11,False,True,True,True,
MVI_63544,8,3,159,220,62,True,True,True,True,
MVI_63544,9,0,81,176,96,True,False,False,False,gt_missing_before
MVI_63544,10,0,101,148,48,False,False,True,False,gt_missing_before
MVI_63544,10,1,159,265,107,True,True,True,True,
MVI_63544,11,0,126,246,121,True,False,False,False,gt_missing_before
MVI_63544,12,0,283,366,84,True,True,False,False,gt_missing_after
MVI_63544,13,0,438,476,39,False,True,True,True,
MVI_63544,14,0,561,572,12,False,True,True,True,
MVI_63544,15,0,689,718,30,False,True,True,True,
MVI_63544,16,0,821,828,8,False,True,True,True,
MVI_63544,17,0,1102,1113,12,False,True,True,True,
MVI_63552,5,0,1,36,36,False,False,False,False,gt_missing_before
MVI_63552,6,0,31,42,12,False,False,True,False,gt_missing_before
MVI_63552,7,0,51,101,51,False,True,False,False,gt_missing_after
MVI_63552,8,0,51,81,31,False,False,True,False,gt_missing_before
MVI_63552,12,0,95,151,57,False,True,False,False,gt_missing_after
MVI_63552,13,0,110,151,42,False,True,False,False,gt_missing_after
MVI_63552,14,0,106,111,6,False,False,False,False,gt_missing_before
MVI_63552,18,0,146,206,61,False,True,False,False,gt_missing_after
MVI_63552,20,0,157,211,55,False,True,False,False,gt_missing_after
MVI_63552,21,0,161,181,21,False,True,True,True,
MVI_63552,23,0,174,231,58,False,True,False,False,gt_missing_after
MVI_63552,28,0,211,221,11,False,False,True,False,gt_missing_before
MVI_63552,29,0,231,240,10,False,False,False,False,gt_missing_before
MVI_63552,31,0,252,301,50,False,True,True,True,
MVI_63552,32,0,292,316,25,False,True,False,False,gt_missing_after
MVI_63552,33,0,270,316,47,False,True,False,False,gt_missing_after
MVI_63552,34,0,293,341,49,False,True,False,False,gt_missing_after
MVI_63552,36,0,301,316,16,True,False,True,False,gt_missing_before
MVI_63552,37,0,323,366,44,False,True,False,False,gt_missing_after
MVI_63552,38,0,317,366,50,False,True,False,False,gt_missing_after
MVI_63552,42,0,391,400,10,True,False,True,False,gt_missing_before
MVI_63552,46,0,431,437,7,False,False,True,False,gt_missing_before
MVI_63552,48,0,458,516,59,True,True,False,False,gt_missing_after
MVI_63552,50,0,461,473,13,False,False,True,False,gt_missing_before
MVI_63552,52,0,487,541,55,True,True,False,False,gt_missing_after
MVI_63552,53,0,486,502,17,False,False,True,False,gt_missing_before
MVI_63552,54,0,496,566,71,False,True,False,False,gt_missing_after
MVI_63552,55,0,496,566,71,False,False,False,False,gt_missing_before
MVI_63552,60,0,538,591,54,False,True,False,False,gt_missing_after
MVI_63552,61,0,536,606,71,False,False,False,False,gt_missing_before
MVI_63552,65,0,556,567,12,True,False,True,False,gt_missing_before
MVI_63552,66,0,575,626,52,True,True,False,False,gt_missing_after
MVI_63552,68,0,586,596,11,False,False,True,False,gt_missing_before
MVI_63552,69,0,594,656,63,False,True,False,False,gt_missing_after
MVI_63552,70,0,591,606,16,False,False,True,False,gt_missing_before
MVI_63552,72,0,618,676,59,False,True,False,False,gt_missing_after
MVI_63552,73,0,627,686,60,False,True,False,False,gt_missing_after
MVI_63552,75,0,626,637,12,True,False,True,False,gt_missing_before
MVI_63552,76,0,651,664,14,False,False,True,False,gt_missing_before
MVI_63552,78,0,664,726,63,False,True,False,False,gt_missing_after
MVI_63552,81,0,712,731,20,False,True,False,False,gt_missing_after
MVI_63552,82,0,686,701,16,False,False,True,False,gt_missing_before
MVI_63552,83,0,698,751,54,False,True,False,False,gt_missing_after
MVI_63552,85,0,706,711,6,False,False,False,False,gt_missing_before
MVI_63552,86,0,709,761,53,False,True,False,False,gt_missing_after
MVI_63552,90,0,726,781,56,False,False,False,False,gt_missing_before
MVI_63552,91,0,734,791,58,False,True,False,False,gt_missing_after
MVI_63552,92,0,731,746,16,True,False,True,False,gt_missing_before
MVI_63552,93,0,746,765,20,True,False,True,False,gt_missing_before
MVI_63552,94,0,757,806,50,False,True,False,False,gt_missing_after
MVI_63552,96,0,766,771,6,False,False,False,False,gt_missing_before
MVI_63552,97,0,771,780,10,False,False,True,False,gt_missing_before
MVI_63552,99,0,781,796,16,False,False,True,False,gt_missing_before
MVI_63552,101,0,796,856,61,False,True,False,False,gt_missing_after
MVI_63552,102,0,806,824,19,False,False,True,False,gt_missing_before
MVI_63552,105,0,827,876,50,False,True,False,False,gt_missing_after
MVI_63552,107,0,850,911,62,False,True,False,False,gt_missing_after
MVI_63552,111,0,881,898,18,False,False,True,False,gt_missing_before
MVI_63552,113,0,899,951,53,False,True,False,False,gt_missing_after
MVI_63552,114,0,896,931,36,False,False,False,False,gt_missing_before
MVI_63552,117,0,921,927,7,False,False,True,False,gt_missing_before
MVI_63552,119,0,932,981,50,True,True,False,False,gt_missing_after
MVI_63552,120,0,926,956,31,False,False,True,False,gt_missing_before
MVI_63552,122,0,958,1011,54,False,True,False,False,gt_missing_after
MVI_63552,123,0,956,969,14,True,False,True,False,gt_missing_before
MVI_63552,124,0,961,1011,51,False,False,True,False,gt_missing_before
MVI_63552,127,0,987,1041,55,False,True,False,False,gt_missing_after
MVI_63552,128,0,991,997,7,False,False,True,False,gt_missing_before
MVI_63552,129,0,997,1051,55,False,True,False,False,gt_missing_after
MVI_63552,131,0,1016,1029,14,True,False,True,False,gt_missing_before
MVI_63552,132,0,1026,1081,56,True,True,False,False,gt_missing_after
MVI_63552,133,0,1026,1036,11,False,False,True,False,gt_missing_before
MVI_63552,135,0,1041,1056,16,True,False,False,False,gt_missing_before
MVI_63552,138,0,1064,1116,53,True,True,False,False,gt_missing_after
MVI_63552,140,0,1076,1087,12,True,False,True,False,gt_missing_before
MVI_63552,141,0,1086,1131,46,False,False,True,False,gt_missing_before
MVI_63552,143,0,1114,1150,37,False,True,False,False,gt_missing_after
MVI_63552,145,0,1116,1146,31,False,False,False,False,gt_missing_before
MVI_63552,146,0,1126,1135,10,False,False,True,False,gt_missing_before
MVI_63552,149,0,1141,1150,10,True,False,False,False,gt_missing_before
MVI_63552,152,0,145,157,13,True,False,True,False,gt_missing_before
MVI_63553,5,0,1,8,8,False,False,True,False,gt_missing_before
MVI_63553,6,0,1,46,46,False,False,False,False,gt_missing_before
MVI_63553,9,0,1,76,76,False,False,False,False,gt_missing_before
MVI_63553,10,0,18,53,36,False,True,True,True,
MVI_63553,10,1,84,87,4,False,True,True,True,
MVI_63553,13,0,31,39,9,False,False,True,False,gt_missing_before
MVI_63553,15,0,52,116,65,False,True,False,False,gt_missing_after
MVI_63553,16,0,56,95,40,True,False,True,False,gt_missing_before
MVI_63553,17,0,64,136,73,False,True,False,False,gt_missing_after
MVI_63553,18,0,73,136,64,True,True,False,False,gt_missing_after
MVI_63553,23,0,111,141,31,False,True,True,True,
MVI_63553,24,0,115,181,67,False,True,False,False,gt_missing_after
MVI_63553,25,0,121,142,22,True,False,True,False,gt_missing_before
MVI_63553,28,0,142,201,60,True,True,False,False,gt_missing_after
MVI_63553,29,0,159,210,52,False,True,True,True,
MVI_63553,31,0,152,221,70,False,True,False,False,gt_missing_after
MVI_63553,32,0,189,226,38,False,True,False,False,gt_missing_after
MVI_63553,33,0,156,178,23,True,False,True,False,gt_missing_before
MVI_63553,38,0,207,266,60,True,True,False,False,gt_missing_after
MVI_63553,41,0,263,306,44,False,True,True,True,
MVI_63553,42,0,243,301,59,False,True,False,False,gt_missing_after
MVI_63553,43,0,241,269,29,False,False,True,False,gt_missing_before
MVI_63553,44,0,241,256,16,True,False,True,False,gt_missing_before
MVI_63553,48,0,261,326,66,True,True,False,False,gt_missing_after
MVI_63553,51,0,293,356,64,True,True,False,False,gt_missing_after
MVI_63553,52,0,296,306,11,True,False,True,False,gt_missing_before
MVI_63553,54,0,308,371,64,False,True,False,False,gt_missing_after
MVI_63553,57,0,331,396,66,False,True,False,False,gt_missing_after
MVI_63553,60,0,341,342,2,False,False,True,False,gt_missing_before
MVI_63553,60,1,385,401,17,False,True,True,True,
MVI_63553,62,0,373,436,64,False,True,False,False,gt_missing_after
MVI_63553,63,0,381,394,14,True,False,True,False,gt_missing_before
MVI_63553,64,0,387,456,70,True,True,False,False,gt_missing_after
MVI_63553,65,0,396,466,71,False,True,False,False,gt_missing_after
MVI_63553,66,0,391,410,20,False,False,True,False,gt_missing_before
MVI_63553,67,0,420,491,72,True,True,False,False,gt_missing_after
MVI_63553,70,0,447,516,70,False,True,False,False,gt_missing_after
MVI_63553,71,0,498,501,4,False,True,False,False,gt_missing_after
MVI_63553,73,0,487,535,49,False,True,True,True,
MVI_63553,74,0,516,546,31,False,True,True,True,
MVI_63553,75,0,496,509,14,True,False,True,False,gt_missing_before
MVI_63553,76,0,512,571,60,True,True,False,False,gt_missing_after
MVI_63553,78,0,556,571,16,False,True,False,False,gt_missing_after
MVI_63553,79,0,533,591,59,False,True,False,False,gt_missing_after
MVI_63553,82,0,564,572,9,False,True,True,True,
MVI_63553,83,0,616,636,21,False,True,False,False,gt_missing_after
MVI_63553,84,0,560,626,67,True,True,False,False,gt_missing_after
MVI_63553,85,0,584,641,58,False,True,False,False,gt_missing_after
MVI_63553,86,0,588,656,69,False,True,False,False,gt_missing_after
MVI_63553,88,0,591,604,14,False,False,True,False,gt_missing_before
MVI_63553,91,0,616,630,15,False,False,True,False,gt_missing_before
MVI_63553,93,0,648,711,64,False,True,False,False,gt_missing_after
MVI_63553,95,0,661,675,15,True,False,True,False,gt_missing_before
MVI_63553,96,0,664,721,58,True,True,False,False,gt_missing_after
MVI_63553,97,0,673,701,29,False,True,True,True,
MVI_63553,99,0,681,699,19,False,False,True,False,gt_missing_before
MVI_63553,102,0,710,766,57,False,True,True,True,
MVI_63553,103,0,710,781,72,False,True,False,False,gt_missing_after
MVI_63553,105,0,722,781,60,False,True,False,False,gt_missing_after
MVI_63553,107,0,721,735,15,True,False,True,False,gt_missing_before
MVI_63553,109,0,760,825,66,False,True,True,True,
MVI_63553,111,0,835,841,7,False,True,False,False,gt_missing_after
MVI_63553,113,0,778,836,59,True,True,False,False,gt_missing_after
MVI_63553,114,0,776,786,11,False,False,True,False,gt_missing_before
MVI_63553,115,0,776,846,71,False,False,False,False,gt_missing_before
MVI_63553,116,0,796,806,11,False,False,True,False,gt_missing_before
MVI_63553,118,0,801,886,86,False,False,False,False,gt_missing_before
MVI_63553,119,0,832,896,65,False,True,False,False,gt_missing_after
MVI_63553,120,0,856,883,28,False,True,True,True,
MVI_63553,121,0,849,916,68,False,True,False,False,gt_missing_after
MVI_63553,123,0,894,938,45,False,True,True,True,
MVI_63553,124,0,880,941,62,True,True,False,False,gt_missing_after
MVI_63553,125,0,876,941,66,False,False,False,False,gt_missing_before
MVI_63553,126,0,886,898,13,False,False,True,False,gt_missing_before
MVI_63553,129,0,927,986,60,True,True,False,False,gt_missing_after
MVI_63553,131,0,966,976,11,False,False,True,False,gt_missing_before
MVI_63553,134,0,1001,1066,66,True,True,False,False,gt_missing_after
MVI_63553,135,0,1001,1056,56,False,False,False,False,gt_missing_before
MVI_63553,139,0,1034,1096,63,False,True,False,False,gt_missing_after
MVI_63553,140,0,1073,1106,34,False,True,False,False,gt_missing_after
MVI_63553,142,0,1046,1059,14,False,False,True,False,gt_missing_before
MVI_63553,144,0,1055,1108,54,False,True,True,True,
MVI_63553,145,0,1063,1121,59,True,True,False,False,gt_missing_after
MVI_63553,146,0,1083,1141,59,False,True,False,False,gt_missing_after
MVI_63553,148,0,1076,1086,11,False,False,True,False,gt_missing_before
MVI_63553,149,0,1111,1151,41,False,True,True,True,
MVI_63553,152,0,1131,1141,11,False,False,True,False,gt_missing_before
MVI_63553,156,0,1169,1225,57,False,True,True,True,
MVI_63553,156,1,1229,1236,8,False,True,False,False,gt_missing_after
MVI_63553,157,0,1181,1201,21,False,True,True,True,
MVI_63553,159,0,1182,1246,65,False,True,False,False,gt_missing_after
MVI_63553,160,0,1181,1246,66,False,False,False,False,gt_missing_before
MVI_63553,161,0,1186,1194,9,False,False,True,False,gt_missing_before
MVI_63553,162,0,1201,1206,6,False,False,False,False,gt_missing_before
MVI_63553,163,0,1201,1212,12,False,False,True,False,gt_missing_before
MVI_63553,165,0,1220,1281,62,False,True,False,False,gt_missing_after
MVI_63553,166,0,1233,1287,55,False,True,True,True,
MVI_63553,166,1,1298,1321,24,False,True,False,False,gt_missing_after
MVI_63553,170,0,1252,1323,72,False,True,True,True,
MVI_63553,170,1,1328,1331,4,False,True,True,True,
MVI_63553,171,0,1258,1326,69,False,True,False,False,gt_missing_after
MVI_63553,172,0,1256,1308,53,False,False,True,False,gt_missing_before
MVI_63553,172,1,1313,1326,14,False,True,True,True,
MVI_63553,173,0,1270,1326,57,False,True,False,False,gt_missing_after
MVI_63553,174,0,1282,1324,43,False,True,True,True,
MVI_63553,174,1,1328,1346,19,False,True,False,False,gt_missing_after
MVI_63553,176,0,1271,1281,11,False,False,True,False,gt_missing_before
MVI_63553,177,0,1311,1319,9,False,False,True,False,gt_missing_before
MVI_63553,180,0,1389,1397,9,False,True,True,True,
MVI_63553,181,0,1336,1345,10,False,False,True,False,gt_missing_before
MVI_63553,182,0,1342,1401,60,True,True,False,False,gt_missing_after
MVI_63553,183,0,1352,1405,54,False,True,False,False,gt_missing_after
MVI_63553,185,0,1374,1405,32,True,True,False,False,gt_missing_after
MVI_63553,186,0,1385,1405,21,False,True,False,False,gt_missing_after
MVI_63553,189,0,1099,1110,12,False,False,True,False,gt_missing_before
MVI_63553,190,0,1305,1361,57,False,True,False,False,gt_missing_after
MVI_63554,3,0,1,11,11,False,False,False,False,gt_missing_before
MVI_63554,4,0,1,26,26,True,False,False,False,gt_missing_before
MVI_63554,5,0,1,40,40,False,False,True,False,gt_missing_before
MVI_63554,8,0,11,23,13,True,False,True,False,gt_missing_before
MVI_63554,9,0,17,71,55,True,True,False,False,gt_missing_after
MVI_63554,11,0,50,101,52,False,True,False,False,gt_missing_after
MVI_63554,13,0,51,66,16,False,False,True,False,gt_missing_before
MVI_63554,15,0,77,141,65,False,True,False,False,gt_missing_after
MVI_63554,19,0,115,176,62,False,True,True,True,
MVI_63554,20,0,120,176,57,True,True,False,False,gt_missing_after
MVI_63554,22,0,136,196,61,False,False,False,False,gt_missing_before
MVI_63554,23,0,156,200,45,False,True,True,True,
MVI_63554,24,0,146,156,11,False,False,True,False,gt_missing_before
MVI_63554,25,0,161,211,51,True,True,False,False,gt_missing_after
MVI_63554,30,0,208,281,74,False,True,False,False,gt_missing_after
MVI_63554,31,0,201,276,76,False,False,False,False,gt_missing_before
MVI_63554,32,0,213,276,64,True,True,False,False,gt_missing_after
MVI_63554,33,0,262,306,45,False,True,True,True,
MVI_63554,35,0,236,251,16,False,False,True,False,gt_missing_before
MVI_63554,36,0,248,306,59,True,True,False,False,gt_missing_after
MVI_63554,41,0,357,381,25,False,True,False,False,gt_missing_after
MVI_63554,42,0,291,301,11,True,False,True,False,gt_missing_before
MVI_63554,43,0,305,366,62,True,True,False,False,gt_missing_after
MVI_63554,44,0,323,386,64,False,True,False,False,gt_missing_after
MVI_63554,47,0,343,401,59,False,True,False,False,gt_missing_after
MVI_63554,49,0,373,426,54,False,True,False,False,gt_missing_after
MVI_63554,50,0,364,426,63,False,True,False,False,gt_missing_after
MVI_63554,51,0,361,371,11,False,False,True,False,gt_missing_before
MVI_63554,55,0,410,471,62,False,True,False,False,gt_missing_after
MVI_63554,56,0,414,461,48,True,True,False,False,gt_missing_after
MVI_63554,58,0,426,446,21,False,True,True,True,
MVI_63554,60,0,426,438,13,False,False,True,False,gt_missing_before
MVI_63554,61,0,406,468,63,True,False,True,False,gt_missing_before
MVI_63554,62,0,458,462,5,False,True,True,True,
MVI_63554,62,1,467,501,35,False,True,False,False,gt_missing_after
MVI_63554,63,0,447,506,60,False,True,False,False,gt_missing_after
MVI_63554,64,0,455,496,42,True,True,False,False,gt_missing_after
MVI_63554,68,0,490,546,57,True,True,False,False,gt_missing_after
MVI_63554,69,0,486,501,16,False,False,True,False,gt_missing_before
MVI_63554,72,0,602,621,20,False,True,False,False,gt_missing_after
MVI_63554,73,0,536,585,50,False,True,True,True,
MVI_63554,76,0,541,553,13,False,False,True,False,gt_missing_before
MVI_63554,77,0,551,606,56,True,True,False,False,gt_missing_after
MVI_63554,79,0,566,626,61,True,True,True,True,
MVI_63554,80,0,572,626,55,False,True,False,False,gt_missing_after
MVI_63554,81,0,571,580,10,False,False,True,False,gt_missing_before
MVI_63554,82,0,574,626,53,True,True,False,False,gt_missing_after
MVI_63554,83,0,576,590,15,True,False,True,False,gt_missing_before
MVI_63554,86,0,623,671,49,True,True,False,False,gt_missing_after
MVI_63554,87,0,631,661,31,False,True,True,True,
MVI_63554,88,0,626,638,13,True,False,True,False,gt_missing_before
MVI_63554,90,0,707,726,20,False,True,False,False,gt_missing_after
MVI_63554,92,0,657,706,50,True,True,False,False,gt_missing_after
MVI_63554,93,0,670,708,39,False,True,True,True,
MVI_63554,93,1,723,731,9,False,True,False,False,gt_missing_after
MVI_63554,94,0,701,726,26,False,True,True,True,
MVI_63554,95,0,691,741,51,False,True,True,True,
MVI_63554,96,0,676,690,15,True,False,True,False,gt_missing_before
MVI_63554,98,0,698,761,64,False,True,False,False,gt_missing_after
MVI_63554,99,0,701,715,15,False,False,True,False,gt_missing_before
MVI_63554,101,0,719,766,48,True,True,False,False,gt_missing_after
MVI_63554,102,0,721,734,14,False,False,True,False,gt_missing_before
MVI_63554,103,0,785,801,17,False,True,False,False,gt_missing_after
MVI_63554,105,0,751,811,61,False,True,False,False,gt_missing_after
MVI_63554,108,0,773,816,44,True,True,False,False,gt_missing_after
MVI_63554,109,0,766,783,18,False,False,True,False,gt_missing_before
MVI_63554,112,0,796,826,31,False,False,True,False,gt_missing_before
MVI_63554,115,0,839,891,53,True,True,False,False,gt_missing_after
MVI_63554,116,0,831,845,15,True,False,True,False,gt_missing_before
MVI_63554,117,0,849,901,53,False,True,False,False,gt_missing_after
MVI_63554,120,0,866,880,15,True,False,True,False,gt_missing_before
MVI_63554,123,0,882,941,60,False,True,False,False,gt_missing_after
MVI_63554,124,0,888,941,54,True,True,False,False,gt_missing_after
MVI_63554,126,0,909,945,37,False,True,True,True,
MVI_63554,129,0,916,928,13,True,False,True,False,gt_missing_before
MVI_63554,132,0,956,967,12,False,False,True,False,gt_missing_before
MVI_63554,134,0,977,1031,55,False,True,False,False,gt_missing_after
MVI_63554,137,0,996,1007,12,True,False,True,False,gt_missing_before
MVI_63554,139,0,1029,1076,48,False,True,False,False,gt_missing_after
MVI_63554,142,0,1056,1070,15,False,False,True,False,gt_missing_before
MVI_63554,143,0,1070,1126,57,False,True,False,False,gt_missing_after
MVI_63554,147,0,1113,1151,39,True,True,False,False,gt_missing_after
MVI_63554,148,0,1114,1121,8,False,True,True,True,
MVI_63554,151,0,1121,1132,12,True,False,True,False,gt_missing_before
MVI_63554,152,0,1138,1147,10,False,True,True,True,
MVI_63554,152,1,1182,1183,2,False,True,True,True,
MVI_63554,152,2,1187,1191,5,False,True,False,False,gt_missing_after
MVI_63554,153,0,1146,1159,14,True,False,True,False,gt_missing_before
MVI_63554,155,0,1158,1206,49,True,True,False,False,gt_missing_after
MVI_63554,158,0,1193,1246,54,False,True,False,False,gt_missing_after
MVI_63554,160,0,1206,1217,12,False,False,True,False,gt_missing_before
MVI_63554,162,0,1218,1271,54,False,True,False,False,gt_missing_after
MVI_63554,163,0,1211,1264,54,False,False,True,False,gt_missing_before
MVI_63554,164,0,1216,1281,66,False,False,False,False,gt_missing_before
MVI_63554,165,0,1225,1276,52,True,True,False,False,gt_missing_after
MVI_63554,168,0,1254,1306,53,False,True,False,False,gt_missing_after
MVI_63554,169,0,1251,1264,14,False,False,True,False,gt_missing_before
MVI_63554,171,0,1277,1326,50,True,True,False,False,gt_missing_after
MVI_63554,174,0,1291,1301,11,True,False,True,False,gt_missing_before
MVI_63554,175,0,1308,1366,59,False,True,False,False,gt_missing_after
MVI_63554,177,0,1316,1366,51,True,True,False,False,gt_missing_after
MVI_63554,180,0,1346,1354,9,False,False,True,False,gt_missing_before
MVI_63554,182,0,1381,1431,51,True,True,False,False,gt_missing_after
MVI_63554,183,0,1401,1408,8,False,False,True,False,gt_missing_before
MVI_63554,185,0,1407,1445,39,False,True,False,False,gt_missing_after
MVI_63554,186,0,1428,1445,18,False,True,False,False,gt_missing_after
MVI_63554,188,0,1431,1441,11,False,False,True,False,gt_missing_before
MVI_63554,189,0,1156,1169,14,False,False,True,False,gt_missing_before
MVI_63554,190,0,786,802,17,False,False,True,False,gt_missing_before
MVI_63561,7,0,11,50,40,False,False,True,False,gt_missing_before
MVI_63561,9,0,26,69,44,False,False,True,False,gt_missing_before
MVI_63561,10,0,54,76,23,False,True,False,False,gt_missing_after
MVI_63561,11,0,51,80,30,False,False,True,False,gt_missing_before
MVI_63561,12,0,56,81,26,False,False,False,False,gt_missing_before
MVI_63561,15,0,102,141,40,False,True,False,False,gt_missing_after
MVI_63561,16,0,90,98,9,False,True,True,True,
MVI_63561,16,1,107,110,4,False,True,True,True,
MVI_63561,17,0,81,121,41,True,False,True,False,gt_missing_before
MVI_63561,19,0,96,131,36,False,False,True,False,gt_missing_before
MVI_63561,20,0,111,138,28,False,False,True,False,gt_missing_before
MVI_63561,21,0,121,148,28,False,True,True,True,
MVI_63561,23,0,121,156,36,True,False,True,False,gt_missing_before
MVI_63561,26,0,136,170,35,False,False,True,False,gt_missing_before
MVI_63561,27,0,151,161,11,True,False,False,False,gt_missing_before
MVI_63561,28,0,172,196,25,False,True,True,True,
MVI_63561,29,0,161,188,28,True,False,True,False,gt_missing_before
MVI_63561,32,0,166,178,13,True,False,True,False,gt_missing_before
MVI_63561,37,0,201,228,28,True,False,True,False,gt_missing_before
MVI_63561,38,0,201,234,34,False,False,True,False,gt_missing_before
MVI_63561,39,0,206,236,31,False,False,False,False,gt_missing_before
MVI_63561,40,0,211,221,11,False,False,True,False,gt_missing_before
MVI_63561,41,0,216,241,26,False,False,True,False,gt_missing_before
MVI_63561,42,0,236,246,11,False,True,True,True,
MVI_63561,47,0,276,294,19,False,False,True,False,gt_missing_before
MVI_63561,48,0,276,297,22,False,False,True,False,gt_missing_before
MVI_63561,49,0,281,306,26,True,False,True,False,gt_missing_before
MVI_63561,50,0,281,285,5,False,False,True,False,gt_missing_before
MVI_63561,52,0,301,336,36,True,False,True,False,gt_missing_before
MVI_63561,54,0,301,341,41,False,False,False,False,gt_missing_before
MVI_63561,56,0,306,313,8,True,False,True,False,gt_missing_before
MVI_63561,57,0,365,371,7,False,True,False,False,gt_missing_after
MVI_63561,58,0,326,367,42,False,False,True,False,gt_missing_before
MVI_63561,59,0,331,371,41,False,False,False,False,gt_missing_before
MVI_63561,62,0,346,352,7,False,False,True,False,gt_missing_before
MVI_63561,64,0,351,389,39,True,False,True,False,gt_missing_before
MVI_63561,65,0,361,405,45,False,False,True,False,gt_missing_before
MVI_63561,66,0,387,407,21,False,True,True,True,
MVI_63561,68,0,386,440,55,False,False,True,False,gt_missing_before
MVI_63561,70,0,406,451,46,False,False,True,False,gt_missing_before
MVI_63561,71,0,425,472,48,False,True,True,True,
MVI_63561,72,0,421,454,34,False,False,True,False,gt_missing_before
MVI_63561,75,0,441,492,52,True,False,True,False,gt_missing_before
MVI_63561,77,0,461,511,51,False,False,True,False,gt_missing_before
MVI_63561,80,0,481,531,51,True,False,True,False,gt_missing_before
MVI_63561,82,0,491,538,48,False,False,True,False,gt_missing_before
MVI_63561,83,0,491,538,48,False,False,True,False,gt_missing_before
MVI_63561,84,0,518,569,52,False,True,True,True,
MVI_63561,86,0,521,586,66,True,False,True,False,gt_missing_before
MVI_63561,90,0,536,599,64,False,False,True,False,gt_missing_before
MVI_63561,91,0,551,602,52,False,False,True,False,gt_missing_before
MVI_63561,92,0,551,624,74,True,False,True,False,gt_missing_before
MVI_63561,93,0,561,601,41,False,False,True,False,gt_missing_before
MVI_63561,96,0,571,656,86,False,False,False,False,gt_missing_before
MVI_63561,98,0,581,646,66,False,True,False,False,gt_missing_after
MVI_63561,99,0,586,650,65,True,False,True,False,gt_missing_before
MVI_63561,100,0,611,626,16,False,False,True,False,gt_missing_before
MVI_63561,100,1,644,649,6,False,True,True,True,
MVI_63561,100,2,656,679,24,False,True,True,True,
MVI_63561,101,0,614,625,12,False,True,True,True,
MVI_63561,102,0,625,672,48,False,True,True,True,
MVI_63561,102,1,677,701,25,True,True,False,False,gt_missing_after
MVI_63561,104,0,636,712,77,False,False,True,False,gt_missing_before
MVI_63561,107,0,656,704,49,False,False,True,False,gt_missing_before
MVI_63561,107,1,708,738,31,False,True,True,True,
MVI_63561,108,0,673,732,60,False,True,True,True,
MVI_63561,109,0,676,756,81,True,False,True,False,gt_missing_before
MVI_63561,113,0,711,795,85,False,False,True,False,gt_missing_before
MVI_63561,116,0,751,828,78,True,False,True,False,gt_missing_before
MVI_63561,117,0,756,836,81,False,False,False,False,gt_missing_before
MVI_63561,118,0,790,836,47,False,True,False,False,gt_missing_after
MVI_63561,120,0,771,853,83,False,False,True,False,gt_missing_before
MVI_63561,124,0,806,813,8,False,False,True,False,gt_missing_before
MVI_63561,125,0,816,880,65,True,False,True,False,gt_missing_before
MVI_63561,127,0,841,908,68,False,False,True,False,gt_missing_before
MVI_63561,128,0,875,891,17,False,True,True,True,
MVI_63561,131,0,876,937,62,False,False,True,False,gt_missing_before
MVI_63561,135,0,886,947,62,False,False,True,False,gt_missing_before
MVI_63561,137,0,916,966,51,False,True,False,False,gt_missing_after
MVI_63561,139,0,916,988,73,False,False,True,False,gt_missing_before
MVI_63561,141,0,931,999,69,True,False,True,False,gt_missing_before
MVI_63561,144,0,949,952,4,False,True,True,True,
MVI_63561,149,0,982,1036,55,False,True,False,False,gt_missing_after
MVI_63561,151,0,1035,1071,37,False,True,False,False,gt_missing_after
MVI_63561,152,0,1001,1065,65,True,False,True,False,gt_missing_before
MVI_63561,154,0,1026,1084,59,True,False,True,False,gt_missing_before
MVI_63561,158,0,1051,1107,57,True,False,True,False,gt_missing_before
MVI_63561,162,0,1081,1133,53,True,False,True,False,gt_missing_before
MVI_63561,163,0,1081,1126,46,False,False,True,False,gt_missing_before
MVI_63561,164,0,1082,1131,50,False,True,True,True,
MVI_63561,166,0,1091,1136,46,False,False,False,False,gt_missing_before
MVI_63561,169,0,1141,1203,63,True,False,True,False,gt_missing_before
MVI_63561,175,0,1181,1244,64,True,False,True,False,gt_missing_before
MVI_63561,176,0,1186,1208,23,False,False,True,False,gt_missing_before
MVI_63561,176,1,1212,1246,35,False,True,False,False,gt_missing_after
MVI_63561,177,0,1206,1255,50,True,True,True,True,
MVI_63561,183,0,1241,1284,44,False,False,True,False,gt_missing_before
MVI_63561,185,0,1256,1283,28,False,False,True,False,gt_missing_before
MVI_63561,187,0,1261,1285,25,True,False,False,False,gt_missing_before
MVI_63562,3,0,1,37,37,True,False,True,False,gt_missing_before
MVI_63562,4,0,1,51,51,False,False,False,False,gt_missing_before
MVI_63562,5,0,11,43,33,False,True,True,True,
MVI_63562,10,0,21,70,50,True,False,True,False,gt_missing_before
MVI_63562,11,0,36,66,31,False,False,True,False,gt_missing_before
MVI_63562,11,1,73,93,21,False,True,True,True,
MVI_63562,12,0,36,85,50,True,False,True,False,gt_missing_before
MVI_63562,17,0,86,132,47,True,False,True,False,gt_missing_before
MVI_63562,18,0,105,106,2,False,True,True,True,
MVI_63562,18,1,120,146,27,False,True,True,True,
MVI_63562,22,0,169,191,23,False,True,False,False,gt_missing_after
MVI_63562,23,0,151,201,51,False,True,True,True,
MVI_63562,24,0,168,195,28,False,True,True,True,
MVI_63562,26,0,171,221,51,False,False,True,False,gt_missing_before
MVI_63562,30,0,205,245,41,False,True,True,True,
MVI_63562,31,0,206,215,10,False,False,True,False,gt_missing_before
MVI_63562,31,1,248,271,24,False,True,True,True,
MVI_63562,32,0,216,264,49,False,False,True,False,gt_missing_before
MVI_63562,34,0,231,284,54,False,False,True,False,gt_missing_before
MVI_63562,38,0,266,316,51,True,False,True,False,gt_missing_before
MVI_63562,40,0,298,330,33,False,True,True,True,
MVI_63562,45,0,301,348,48,True,False,True,False,gt_missing_before
MVI_63562,48,0,316,372,57,False,False,True,False,gt_missing_before
MVI_63562,48,1,381,386,6,False,True,False,False,gt_missing_after
MVI_63562,49,0,336,381,46,True,False,True,False,gt_missing_before
MVI_63562,52,0,380,401,22,False,True,False,False,gt_missing_after
MVI_63562,55,0,381,427,47,False,False,True,False,gt_missing_before
MVI_63562,57,0,431,476,46,False,False,False,False,gt_missing_before
MVI_63562,60,0,441,474,34,True,False,True,False,gt_missing_before
MVI_63562,64,0,466,509,44,False,False,True,False,gt_missing_before
MVI_63562,72,0,571,612,42,False,False,True,False,gt_missing_before
MVI_63562,73,0,581,623,43,False,False,True,False,gt_missing_before
MVI_63562,78,0,626,671,46,True,False,True,False,gt_missing_before
MVI_63562,82,0,661,721,61,True,False,False,False,gt_missing_before
MVI_63562,83,0,666,696,31,False,False,True,False,gt_missing_before
MVI_63562,84,0,671,717,47,False,False,True,False,gt_missing_before
MVI_63562,90,0,716,768,53,True,False,True,False,gt_missing_before
MVI_63562,92,0,808,811,4,False,True,False,False,gt_missing_after
MVI_63562,94,0,761,807,47,False,False,True,False,gt_missing_before
MVI_63562,97,0,806,826,21,False,False,True,False,gt_missing_before
MVI_63562,103,0,866,909,44,False,False,True,False,gt_missing_before
MVI_63562,104,0,866,886,21,False,False,True,False,gt_missing_before
MVI_63562,109,0,936,952,17,False,False,True,False,gt_missing_before
MVI_63562,109,1,959,996,38,False,True,True,True,
MVI_63562,112,0,976,1012,37,False,False,True,False,gt_missing_before
MVI_63562,112,1,1017,1046,30,False,True,False,False,gt_missing_after
MVI_63562,113,0,981,1038,58,False,False,True,False,gt_missing_before
MVI_63562,115,0,996,1007,12,False,False,True,False,gt_missing_before
MVI_63562,117,0,1001,1040,40,True,False,True,False,gt_missing_before
MVI_63562,120,0,1031,1077,47,True,False,True,False,gt_missing_before
MVI_63562,121,0,1053,1081,29,False,True,False,False,gt_missing_after
MVI_63562,123,0,1071,1114,44,False,False,True,False,gt_missing_before
MVI_63562,124,0,1092,1156,65,False,True,False,False,gt_missing_after
MVI_63562,128,0,1106,1148,43,True,False,True,False,gt_missing_before
MVI_63562,132,0,1146,1185,40,False,True,False,False,gt_missing_after
MVI_63562,133,0,1146,1185,40,False,False,False,False,gt_missing_before
MVI_63562,134,0,1146,1185,40,False,False,False,False,gt_missing_before
MVI_63563,2,0,1,16,16,False,False,False,False,gt_missing_before
MVI_63563,3,0,1,13,13,True,False,True,False,gt_missing_before
MVI_63563,4,0,1,17,17,False,False,True,False,gt_missing_before
MVI_63563,5,0,1,54,54,False,False,True,False,gt_missing_before
MVI_63563,8,0,22,45,24,False,True,True,True,
MVI_63563,10,0,31,80,50,False,True,True,True,
MVI_63563,12,0,51,106,56,True,False,True,False,gt_missing_before
MVI_63563,13,0,92,115,24,False,True,True,True,
MVI_63563,14,0,96,153,58,True,False,True,False,gt_missing_before
MVI_63563,16,0,101,113,13,False,False,True,False,gt_missing_before
MVI_63563,16,1,118,168,51,False,True,True,True,
MVI_63563,18,0,141,146,6,False,True,True,True,
MVI_63563,21,0,131,186,56,False,False,True,False,gt_missing_before
MVI_63563,23,0,141,196,56,True,False,True,False,gt_missing_before
MVI_63563,25,0,161,213,53,False,False,True,False,gt_missing_before
MVI_63563,27,0,166,211,46,False,False,True,False,gt_missing_before
MVI_63563,29,0,191,245,55,False,False,True,False,gt_missing_before
MVI_63563,33,0,225,286,62,False,True,False,False,gt_missing_after
MVI_63563,35,0,231,281,51,False,False,True,False,gt_missing_before
MVI_63563,36,0,291,311,21,False,True,False,False,gt_missing_after
MVI_63563,37,0,241,248,8,False,False,True,False,gt_missing_before
MVI_63563,37,1,253,262,10,False,True,True,True,
MVI_63563,37,2,276,299,24,False,True,True,True,
MVI_63563,39,0,246,305,60,False,False,True,False,gt_missing_before
MVI_63563,40,0,261,262,2,False,False,True,False,gt_missing_before
MVI_63563,40,1,276,331,56,False,True,False,False,gt_missing_after
MVI_63563,41,0,298,301,4,False,True,False,False,gt_missing_after
MVI_63563,43,0,271,323,53,True,False,True,False,gt_missing_before
MVI_63563,45,0,343,356,14,False,True,False,False,gt_missing_after
MVI_63563,47,0,291,350,60,False,False,True,False,gt_missing_before
MVI_63563,51,0,321,382,62,True,False,True,False,gt_missing_before
MVI_63563,54,0,341,380,40,False,False,True,False,gt_missing_before
MVI_63563,58,0,371,428,58,False,False,True,False,gt_missing_before
MVI_63563,64,0,421,483,63,True,False,True,False,gt_missing_before
MVI_63563,65,0,436,487,52,False,False,True,False,gt_missing_before
MVI_63563,66,0,451,505,55,False,False,True,False,gt_missing_before
MVI_63563,70,0,466,533,68,True,False,True,False,gt_missing_before
MVI_63563,73,0,511,564,54,False,False,True,False,gt_missing_before
MVI_63563,75,0,540,574,35,False,True,True,True,
MVI_63563,78,0,541,581,41,False,False,True,False,gt_missing_before
MVI_63563,79,0,556,608,53,False,False,True,False,gt_missing_before
MVI_63563,83,0,591,646,56,False,False,True,False,gt_missing_before
MVI_63563,84,0,601,662,62,False,False,True,False,gt_missing_before
MVI_63563,85,0,601,658,58,False,False,True,False,gt_missing_before
MVI_63563,88,0,616,669,54,True,False,True,False,gt_missing_before
MVI_63563,89,0,621,681,61,False,False,True,False,gt_missing_before
MVI_63563,90,0,649,679,31,False,True,True,True,
MVI_63563,92,0,631,658,28,False,False,True,False,gt_missing_before
MVI_63563,96,0,696,756,61,False,False,False,False,gt_missing_before
MVI_63563,97,0,701,761,61,False,True,False,False,gt_missing_after
MVI_63563,98,0,701,751,51,True,False,True,False,gt_missing_before
MVI_63563,101,0,746,796,51,False,False,True,False,gt_missing_before
MVI_63563,103,0,781,830,50,True,False,True,False,gt_missing_before
MVI_63563,106,0,791,847,57,False,False,True,False,gt_missing_before
MVI_63563,109,0,876,883,8,False,True,True,True,
MVI_63563,109,1,887,930,44,False,True,True,True,
MVI_63563,109,2,959,966,8,True,True,False,False,gt_missing_after
MVI_63563,111,0,889,920,32,False,True,True,True,
MVI_63563,112,0,871,881,11,False,False,True,False,gt_missing_before
MVI_63563,113,0,881,928,48,False,False,True,False,gt_missing_before
MVI_63563,115,0,937,958,22,False,True,True,True,
MVI_63563,116,0,906,953,48,True,False,True,False,gt_missing_before
MVI_63563,117,0,984,1002,19,False,True,True,True,
MVI_63563,121,0,946,995,50,False,False,True,False,gt_missing_before
MVI_63563,122,0,946,1001,56,False,False,True,False,gt_missing_before
MVI_63563,123,0,951,961,11,False,False,True,False,gt_missing_before
MVI_63563,128,0,1124,1136,13,False,True,True,True,
MVI_63563,132,0,1098,1107,10,False,True,True,True,
MVI_63563,132,1,1143,1166,24,False,True,True,True,
MVI_63563,133,0,1061,1126,66,False,False,True,False,gt_missing_before
MVI_63563,134,0,1061,1120,60,True,False,True,False,gt_missing_before
MVI_63563,136,0,1081,1084,4,False,False,True,False,gt_missing_before
MVI_63563,137,0,1108,1136,29,False,True,False,False,gt_missing_after
MVI_63563,138,0,1159,1166,8,False,True,False,False,gt_missing_after
MVI_63563,139,0,1106,1134,29,False,False,True,False,gt_missing_before
MVI_63563,139,1,1149,1190,42,False,True,True,True,
MVI_63563,140,0,1106,1160,55,False,False,True,False,gt_missing_before
MVI_63563,142,0,1111,1133,23,False,False,True,False,gt_missing_before
MVI_63563,142,1,1141,1168,28,False,True,True,True,
MVI_63563,143,0,1123,1130,8,False,True,True,True,
MVI_63563,143,1,1134,1170,37,False,True,True,True,
MVI_63563,145,0,1160,1178,19,False,True,True,True,
MVI_63563,147,0,1146,1191,46,False,False,True,False,gt_missing_before
MVI_63563,148,0,1198,1227,30,False,True,True,True,
MVI_63563,149,0,1156,1216,61,True,False,True,False,gt_missing_before
MVI_63563,150,0,1171,1219,49,True,False,True,False,gt_missing_before
MVI_63563,153,0,1206,1255,50,False,False,True,False,gt_missing_before
MVI_63563,157,0,1241,1301,61,False,True,False,False,gt_missing_after
MVI_63563,158,0,1241,1289,49,True,False,True,False,gt_missing_before
MVI_63563,160,0,1266,1320,55,True,False,True,False,gt_missing_before
MVI_63563,162,0,1299,1346,48,False,True,False,False,gt_missing_after
MVI_63563,165,0,1311,1356,46,True,False,True,False,gt_missing_before
MVI_63563,169,0,1361,1390,30,False,False,False,False,gt_missing_before
MVI_63563,170,0,1381,1387,7,False,False,True,False,gt_missing_before
MVI_63563,171,0,1332,1343,12,False,True,True,True,
MVI_63563,175,0,476,481,6,False,False,False,False,gt_missing_before
MVI_63563,176,0,521,540,20,False,False,True,False,gt_missing_before
MVI_63563,177,0,646,651,6,False,False,True,False,gt_missing_before
