video,track_id,seg_id,bucket,length_frames,duration_s,status,id_before,id_after,recall_during,gt_track_len,occlusion_level,track_buffer,motion_model
MVI_40131,1,0,long,120,4.8,switched,4.0,116.0,0.2583,486,partial,30,KF + CV
MVI_40131,12,0,long,81,3.24,no_before,,,0.4938,326,partial,30,KF + CV
MVI_40131,16,0,long,52,2.08,switched,70.0,93.0,0.1923,256,partial,30,KF + CV
MVI_40131,16,1,medium,22,0.88,preserved,93.0,93.0,1.0,256,partial,30,KF + CV
MVI_40131,17,0,long,64,2.56,no_before,,,0.375,171,partial,30,KF + CV
MVI_40131,19,0,medium,19,0.76,preserved,79.0,79.0,0.4211,1086,partial,30,KF + CV
MVI_40131,19,1,long,114,4.56,switched,79.0,408.0,0.2368,1086,partial,30,KF + CV
MVI_40131,19,2,medium,18,0.72,preserved,408.0,408.0,1.0,1086,partial,30,KF + CV
MVI_40131,19,3,short,6,0.24,preserved,408.0,408.0,1.0,1086,partial,30,KF + CV
MVI_40131,19,4,medium,13,0.52,preserved,499.0,499.0,1.0,1086,partial,30,KF + CV
MVI_40131,19,5,long,72,2.88,preserved,499.0,499.0,1.0,1086,partial,30,KF + CV
MVI_40131,19,6,medium,29,1.16,preserved,499.0,499.0,1.0,1086,partial,30,KF + CV
MVI_40131,20,0,short,5,0.2,no_before,,,0.0,406,partial,30,KF + CV
MVI_40131,20,1,long,62,2.48,no_before,,,0.0968,406,partial,30,KF + CV
MVI_40131,20,2,short,7,0.28,preserved,111.0,111.0,1.0,406,partial,30,KF + CV
MVI_40131,23,0,medium,25,1.0,no_before,,,0.24,226,partial,30,KF + CV
MVI_40131,25,0,long,177,7.08,switched,154.0,197.0,0.9209,321,partial,30,KF + CV
MVI_40131,26,0,long,84,3.36,preserved,173.0,173.0,0.6667,231,partial,30,KF + CV
MVI_40131,29,0,long,102,4.08,switched,243.0,425.0,0.9216,816,partial,30,KF + CV
MVI_40131,30,0,short,9,0.36,preserved,214.0,214.0,1.0,296,partial,30,KF + CV
MVI_40131,30,1,long,51,2.04,preserved,214.0,214.0,0.902,296,partial,30,KF + CV
MVI_40131,31,0,medium,24,0.96,no_before,,,0.0,221,partial,30,KF + CV
MVI_40131,31,1,short,8,0.32,no_before,,,0.0,221,partial,30,KF + CV
MVI_40131,34,0,long,65,2.6,no_before,,,0.8769,281,partial,30,KF + CV
MVI_40131,35,0,long,97,3.88,switched,263.0,437.0,0.2784,456,partial,30,KF + CV
MVI_40131,35,1,medium,26,1.04,preserved,437.0,437.0,1.0,456,partial,30,KF + CV
MVI_40131,36,0,medium,29,1.16,no_before,,,0.6207,226,partial,30,KF + CV
MVI_40131,37,0,long,210,8.4,no_before,,,0.2381,421,partial,30,KF + CV
MVI_40131,37,1,medium,33,1.32,preserved,473.0,473.0,1.0,421,partial,30,KF + CV
MVI_40131,38,0,long,51,2.04,preserved,342.0,342.0,0.7451,306,partial,30,KF + CV
MVI_40131,39,0,long,100,4.0,no_before,,,0.85,241,partial,30,KF + CV
MVI_40131,39,1,long,55,2.2,preserved,331.0,331.0,1.0,241,partial,30,KF + CV
MVI_40131,40,0,long,119,4.76,no_before,,,0.7899,366,partial,30,KF + CV
MVI_40131,40,1,short,11,0.44,preserved,452.0,452.0,1.0,366,partial,30,KF + CV
MVI_40131,40,3,medium,15,0.6,preserved,452.0,452.0,1.0,366,partial,30,KF + CV
MVI_40131,40,4,short,8,0.32,preserved,452.0,452.0,1.0,366,partial,30,KF + CV
MVI_40131,41,0,long,43,1.72,no_before,,,0.6047,281,partial,30,KF + CV
MVI_40131,45,0,medium,25,1.0,no_before,,,0.2,206,partial,30,KF + CV
MVI_40131,60,0,medium,22,0.88,lost,711.0,,0.7273,116,partial,30,KF + CV
MVI_40131,62,0,medium,26,1.04,lost,728.0,,0.9231,95,partial,30,KF + CV
MVI_40131,65,0,long,60,2.4,no_before,,,0.0,60,partial,30,KF + CV
MVI_40171,1,0,medium,26,1.04,no_before,,,1.0,26,partial,30,KF + CV
MVI_40171,6,0,long,41,1.64,preserved,21.0,21.0,0.9512,71,partial,30,KF + CV
MVI_40171,7,0,long,56,2.24,no_before,,,0.3036,56,partial,30,KF + CV
MVI_40171,8,0,short,12,0.48,no_before,,,0.0,726,partial,30,KF + CV
MVI_40171,8,1,short,11,0.44,preserved,44.0,44.0,0.0,726,partial,30,KF + CV
MVI_40171,8,3,medium,26,1.04,preserved,44.0,44.0,1.0,726,partial,30,KF + CV
MVI_40171,8,4,medium,25,1.0,preserved,44.0,44.0,1.0,726,partial,30,KF + CV
MVI_40171,8,5,medium,18,0.72,preserved,44.0,44.0,1.0,726,partial,30,KF + CV
MVI_40171,8,6,short,12,0.48,preserved,44.0,44.0,1.0,726,partial,30,KF + CV
MVI_40171,8,7,medium,32,1.28,switched,44.0,176.0,1.0,726,partial,30,KF + CV
MVI_40171,8,8,medium,28,1.12,preserved,44.0,44.0,1.0,726,partial,30,KF + CV
MVI_40171,8,9,medium,16,0.64,preserved,44.0,44.0,1.0,726,partial,30,KF + CV
MVI_40171,9,1,short,10,0.4,preserved,49.0,49.0,0.9,61,partial,30,KF + CV
MVI_40171,11,0,medium,27,1.08,preserved,56.0,56.0,1.0,91,partial,30,KF + CV
MVI_40171,12,0,long,61,2.44,no_before,,,0.459,61,partial,30,KF + CV
MVI_40171,14,0,medium,31,1.24,switched,88.0,96.0,0.7742,86,partial,30,KF + CV
MVI_40171,15,0,long,66,2.64,no_before,,,0.5152,66,partial,30,KF + CV
MVI_40171,16,0,long,61,2.44,no_before,,,0.8361,61,partial,30,KF + CV
MVI_40171,17,0,short,11,0.44,no_before,,,0.2727,76,partial,30,KF + CV
MVI_40171,18,0,long,209,8.36,switched,148.0,189.0,0.11,786,partial,30,KF + CV
MVI_40171,18,1,short,11,0.44,preserved,189.0,189.0,0.7273,786,partial,30,KF + CV
MVI_40171,18,2,short,4,0.16,preserved,189.0,189.0,1.0,786,partial,30,KF + CV
MVI_40171,18,3,short,4,0.16,preserved,189.0,189.0,0.5,786,partial,30,KF + CV
MVI_40171,18,4,short,4,0.16,preserved,189.0,189.0,1.0,786,partial,30,KF + CV
MVI_40171,19,0,long,61,2.44,no_before,,,0.8361,61,partial,30,KF + CV
MVI_40171,22,0,long,69,2.76,lost,164.0,,0.7826,71,partial,30,KF + CV
MVI_40171,23,0,long,62,2.48,preserved,183.0,183.0,0.8387,66,partial,30,KF + CV
MVI_40171,25,0,long,66,2.64,no_before,,,0.7424,66,partial,30,KF + CV
MVI_40171,26,0,long,47,1.88,no_before,,,0.7872,56,partial,30,KF + CV
MVI_40171,27,0,medium,30,1.2,no_before,,,0.3667,76,partial,30,KF + CV
MVI_40171,28,0,medium,21,0.84,no_before,,,0.7619,76,partial,30,KF + CV
MVI_40171,29,0,long,53,2.12,no_before,,,0.7547,56,partial,30,KF + CV
MVI_40171,31,0,medium,26,1.04,preserved,277.0,277.0,1.0,96,partial,30,KF + CV
MVI_40171,34,0,long,66,2.64,lost,318.0,,0.8788,71,partial,30,KF + CV
MVI_40171,35,0,long,62,2.48,switched,326.0,330.0,0.9516,76,partial,30,KF + CV
MVI_40171,36,0,long,66,2.64,no_before,,,0.6364,66,partial,30,KF + CV
MVI_40171,38,0,short,8,0.32,no_before,,,0.0,185,partial,30,KF + CV
MVI_40171,39,0,long,70,2.8,lost,369.0,,0.7571,71,partial,30,KF + CV
MVI_40171,40,0,medium,23,0.92,lost,391.0,,1.0,45,partial,30,KF + CV
MVI_40171,41,0,long,99,3.96,switched,6.0,296.0,0.101,1150,partial,30,KF + CV
MVI_40171,41,1,long,52,2.08,switched,296.0,393.0,0.0769,1150,partial,30,KF + CV
MVI_40171,42,0,long,1150,46.0,no_before,,,0.0,1150,partial,30,KF + CV
MVI_40171,43,0,long,1150,46.0,no_before,,,0.0,1150,partial,30,KF + CV
MVI_40171,44,0,long,1150,46.0,no_before,,,0.0,1150,partial,30,KF + CV
MVI_40172,16,0,long,180,7.2,no_before,,,0.0111,227,partial,30,KF + CV
MVI_40172,35,0,long,39,1.56,no_before,,,0.8718,46,partial,30,KF + CV
MVI_40172,36,0,medium,37,1.48,no_before,,,0.973,41,partial,30,KF + CV
MVI_40172,40,0,medium,29,1.16,preserved,518.0,518.0,0.5517,71,partial,30,KF + CV
MVI_40172,41,0,long,39,1.56,lost,521.0,,0.4615,41,partial,30,KF + CV
MVI_40172,47,0,long,48,1.92,lost,555.0,,0.8958,51,partial,30,KF + CV
MVI_40172,50,0,long,51,2.04,no_before,,,0.7451,51,partial,30,KF + CV
MVI_40172,51,0,short,10,0.4,switched,569.0,572.0,0.5,81,partial,30,KF + CV
MVI_40172,56,0,medium,28,1.12,lost,601.0,,1.0,61,partial,30,KF + CV
MVI_40172,57,0,medium,37,1.48,preserved,607.0,607.0,1.0,51,partial,30,KF + CV
MVI_40172,60,0,long,44,1.76,preserved,621.0,621.0,0.7955,66,partial,30,KF + CV
MVI_40172,61,0,medium,13,0.52,preserved,622.0,622.0,1.0,36,partial,30,KF + CV
MVI_40172,63,0,long,46,1.84,no_before,,,0.7391,46,partial,30,KF + CV
MVI_40172,65,0,medium,29,1.16,switched,640.0,663.0,0.4483,46,partial,30,KF + CV
MVI_40172,67,0,medium,31,1.24,no_before,,,0.6774,41,partial,30,KF + CV
MVI_40172,79,0,long,114,4.56,no_before,,,0.0526,201,partial,30,KF + CV
MVI_40172,95,0,long,40,1.6,lost,841.0,,0.85,41,partial,30,KF + CV
MVI_40172,96,0,long,50,2.0,no_before,,,0.88,50,partial,30,KF + CV
MVI_40172,99,0,long,50,2.0,switched,2.0,57.0,0.12,2635,partial,30,KF + CV
MVI_40172,99,1,long,74,2.96,switched,67.0,243.0,0.0811,2635,partial,30,KF + CV
MVI_40172,99,2,long,40,1.6,switched,243.0,807.0,0.125,2635,partial,30,KF + CV
MVI_40172,100,0,long,2635,105.4,no_before,,,0.0,2635,partial,30,KF + CV
MVI_40172,101,0,long,2635,105.4,no_before,,,0.0,2635,partial,30,KF + CV
MVI_40172,102,0,long,2635,105.4,no_before,,,0.0,2635,partial,30,KF + CV
MVI_40172,105,0,long,52,2.08,switched,3.0,66.0,0.0385,2635,partial,30,KF + CV
MVI_40172,105,1,long,45,1.8,switched,66.0,230.0,0.0222,2635,partial,30,KF + CV
MVI_40172,105,2,medium,21,0.84,no_before,,,0.0,2635,partial,30,KF + CV
MVI_40172,105,3,long,39,1.56,switched,438.0,814.0,0.2051,2635,partial,30,KF + CV
MVI_40204,6,0,long,86,3.44,no_before,,,0.2442,86,partial,30,KF + CV
MVI_40204,9,0,long,66,2.64,no_before,,,0.0,66,partial,30,KF + CV
MVI_40204,10,0,medium,32,1.28,lost,9.0,,0.4062,76,partial,30,KF + CV
MVI_40204,11,0,medium,31,1.24,switched,11.0,69.0,0.3871,66,partial,30,KF + CV
MVI_40204,12,0,medium,16,0.64,no_before,,,0.375,16,partial,30,KF + CV
MVI_40204,15,0,long,136,5.44,no_before,,,0.6691,136,partial,30,KF + CV
MVI_40204,27,0,long,111,4.44,no_before,,,0.7928,111,partial,30,KF + CV
MVI_40204,30,0,long,71,2.84,lost,129.0,,0.1831,141,partial,30,KF + CV
MVI_40204,34,0,short,3,0.12,preserved,140.0,140.0,0.6667,116,partial,30,KF + CV
MVI_40204,34,1,medium,25,1.0,lost,140.0,,0.2,116,partial,30,KF + CV
MVI_40204,34,2,medium,25,1.0,lost,140.0,,0.0,116,partial,30,KF + CV
MVI_40204,35,0,long,131,5.24,no_before,,,0.3511,131,partial,30,KF + CV
MVI_40204,36,0,long,52,2.08,lost,147.0,,0.0,116,partial,30,KF + CV
MVI_40204,39,0,medium,22,0.88,lost,217.0,,0.0,111,partial,30,KF + CV
MVI_40204,40,0,long,39,1.56,lost,166.0,,0.0,151,partial,30,KF + CV
MVI_40204,46,0,long,141,5.64,no_before,,,0.6596,141,partial,30,KF + CV
MVI_40204,49,0,long,46,1.84,preserved,221.0,221.0,0.7391,151,partial,30,KF + CV
MVI_40204,50,0,long,121,4.84,no_before,,,0.3636,121,partial,30,KF + CV
MVI_40204,51,0,long,131,5.24,no_before,,,0.3282,131,partial,30,KF + CV
MVI_40204,52,0,short,2,0.08,preserved,240.0,240.0,1.0,131,partial,30,KF + CV
MVI_40204,60,0,long,131,5.24,no_before,,,0.3282,131,partial,30,KF + CV
MVI_40204,63,0,long,39,1.56,switched,350.0,399.0,0.5897,141,partial,30,KF + CV
MVI_40204,64,0,long,130,5.2,no_before,,,0.5615,131,partial,30,KF + CV
MVI_40204,65,0,long,141,5.64,no_before,,,0.1064,141,partial,30,KF + CV
MVI_40204,67,0,long,58,2.32,lost,421.0,,0.0517,131,partial,30,KF + CV
MVI_40204,68,0,medium,15,0.6,lost,446.0,,0.0,126,partial,30,KF + CV
MVI_40204,71,0,long,116,4.64,no_before,,,0.2759,116,partial,30,KF + CV
MVI_40204,72,0,medium,33,1.32,preserved,494.0,494.0,1.0,141,partial,30,KF + CV
MVI_40204,73,0,long,136,5.44,no_before,,,0.3015,136,partial,30,KF + CV
MVI_40204,74,0,long,116,4.64,no_before,,,0.4483,116,partial,30,KF + CV
MVI_40204,78,0,medium,19,0.76,lost,541.0,,0.2632,131,partial,30,KF + CV
MVI_40204,81,0,long,141,5.64,no_before,,,0.2979,141,partial,30,KF + CV
MVI_40204,82,0,short,8,0.32,preserved,579.0,579.0,1.0,136,partial,30,KF + CV
MVI_40204,82,1,long,40,1.6,lost,579.0,,0.825,136,partial,30,KF + CV
MVI_40204,85,0,long,141,5.64,no_before,,,0.5319,141,partial,30,KF + CV
MVI_40204,86,0,long,114,4.56,lost,623.0,,0.2982,136,partial,30,KF + CV
MVI_40204,88,0,long,146,5.84,no_before,,,0.137,146,partial,30,KF + CV
MVI_40204,90,0,long,146,5.84,no_before,,,0.6849,146,partial,30,KF + CV
MVI_40204,92,0,long,41,1.64,no_before,,,0.9512,156,partial,30,KF + CV
MVI_40204,93,0,long,112,4.48,lost,674.0,,0.5089,131,partial,30,KF + CV
MVI_40204,96,0,long,82,3.28,switched,690.0,797.0,0.7073,161,partial,30,KF + CV
MVI_40204,98,0,long,156,6.24,no_before,,,0.5705,156,partial,30,KF + CV
MVI_40204,99,0,short,11,0.44,no_before,,,0.8182,151,partial,30,KF + CV
MVI_40204,106,0,long,51,2.04,no_before,,,0.6275,126,partial,30,KF + CV
MVI_40204,106,1,long,70,2.8,lost,803.0,,0.4,126,partial,30,KF + CV
MVI_40204,108,0,long,151,6.04,no_before,,,0.4238,151,partial,30,KF + CV
MVI_40204,110,0,long,75,3.0,lost,808.0,,0.1733,131,partial,30,KF + CV
MVI_40204,112,0,long,40,1.6,no_before,,,0.0,146,partial,30,KF + CV
MVI_40204,115,0,long,71,2.84,preserved,838.0,838.0,0.8169,151,partial,30,KF + CV
MVI_40204,115,1,short,4,0.16,lost,838.0,,0.0,151,partial,30,KF + CV
MVI_40204,116,0,long,146,5.84,no_before,,,0.0,146,partial,30,KF + CV
MVI_40204,117,0,medium,31,1.24,lost,847.0,,0.2581,141,partial,30,KF + CV
MVI_40204,117,1,short,9,0.36,lost,847.0,,0.0,141,partial,30,KF + CV
MVI_40204,119,0,long,66,2.64,lost,856.0,,0.1061,151,partial,30,KF + CV
MVI_40204,120,0,long,62,2.48,lost,887.0,,0.6452,156,partial,30,KF + CV
MVI_40204,121,0,medium,21,0.84,no_before,,,0.9524,156,partial,30,KF + CV
MVI_40204,122,0,long,141,5.64,no_before,,,0.1135,141,partial,30,KF + CV
MVI_40204,126,0,long,43,1.72,switched,934.0,1062.0,0.5116,166,partial,30,KF + CV
MVI_40204,126,1,short,4,0.16,lost,1062.0,,0.0,166,partial,30,KF + CV
MVI_40204,127,0,short,5,0.2,no_before,,,0.4,161,partial,30,KF + CV
MVI_40204,128,0,medium,18,0.72,preserved,933.0,933.0,1.0,131,partial,30,KF + CV
MVI_40204,128,1,long,98,3.92,lost,933.0,,0.2959,131,partial,30,KF + CV
MVI_40204,129,0,long,156,6.24,no_before,,,0.2564,156,partial,30,KF + CV
MVI_40204,133,0,long,53,2.12,lost,984.0,,0.283,106,partial,30,KF + CV
MVI_40204,135,0,long,75,3.0,lost,999.0,,0.1333,141,partial,30,KF + CV
MVI_40204,137,0,long,63,2.52,lost,1030.0,,0.2857,126,partial,30,KF + CV
MVI_40204,138,0,short,7,0.28,lost,1199.0,,0.0,166,partial,30,KF + CV
MVI_40204,142,0,long,145,5.8,no_before,,,0.8345,146,partial,30,KF + CV
MVI_40204,145,0,long,146,5.84,no_before,,,0.5411,161,partial,30,KF + CV
MVI_40204,148,0,long,110,4.4,lost,1130.0,,0.3091,151,partial,30,KF + CV
MVI_40204,149,0,long,72,2.88,lost,1145.0,,0.1389,161,partial,30,KF + CV
MVI_40204,150,0,long,146,5.84,no_before,,,0.7192,146,partial,30,KF + CV
MVI_40204,153,0,long,129,5.16,lost,1165.0,,0.4651,171,partial,30,KF + CV
MVI_40204,154,0,medium,28,1.12,no_before,,,0.5714,166,partial,30,KF + CV
MVI_40204,158,0,medium,31,1.24,no_before,,,0.0,175,partial,30,KF + CV
MVI_40204,161,0,medium,22,0.88,no_before,,,0.8636,170,partial,30,KF + CV
MVI_40204,161,1,long,67,2.68,lost,1223.0,,0.1642,170,partial,30,KF + CV
MVI_40204,162,0,long,151,6.04,no_before,,,0.0199,151,partial,30,KF + CV
MVI_40204,165,1,long,139,5.56,lost,1252.0,,0.6259,145,partial,30,KF + CV
MVI_40204,168,0,long,120,4.8,no_before,,,0.725,120,partial,30,KF + CV
MVI_40204,173,0,long,65,2.6,no_before,,,0.9692,65,partial,30,KF + CV
MVI_40204,177,0,medium,20,0.8,no_before,,,0.6,20,partial,30,KF + CV
MVI_40751,2,0,long,72,2.88,switched,1.0,28.0,0.0833,1140,partial,30,KF + CV
MVI_40751,2,1,long,175,7.0,switched,28.0,362.0,0.6514,1140,partial,30,KF + CV
MVI_40751,2,2,short,9,0.36,preserved,362.0,362.0,1.0,1140,partial,30,KF + CV
MVI_40751,2,3,short,6,0.24,preserved,362.0,362.0,1.0,1140,partial,30,KF + CV
MVI_40751,2,4,long,410,16.4,preserved,362.0,362.0,1.0,1140,partial,30,KF + CV
MVI_40751,3,0,long,58,2.32,no_before,,,0.9655,81,partial,30,KF + CV
MVI_40751,4,1,long,46,1.84,preserved,2.0,2.0,1.0,141,partial,30,KF + CV
MVI_40751,5,0,medium,19,0.76,no_before,,,0.0,146,partial,30,KF + CV
MVI_40751,7,0,medium,19,0.76,no_before,,,0.0,186,partial,30,KF + CV
MVI_40751,7,1,medium,14,0.56,preserved,64.0,64.0,1.0,186,partial,30,KF + CV
MVI_40751,7,3,long,97,3.88,preserved,64.0,64.0,1.0,186,partial,30,KF + CV
MVI_40751,8,1,short,4,0.16,preserved,161.0,161.0,1.0,920,partial,30,KF + CV
MVI_40751,8,2,short,5,0.2,preserved,161.0,161.0,1.0,920,partial,30,KF + CV
MVI_40751,8,3,short,10,0.4,preserved,161.0,161.0,1.0,920,partial,30,KF + CV
MVI_40751,8,4,medium,24,0.96,preserved,161.0,161.0,1.0,920,partial,30,KF + CV
MVI_40751,8,5,long,591,23.64,lost,161.0,,0.7783,920,partial,30,KF + CV
MVI_40751,9,0,medium,34,1.36,preserved,154.0,154.0,1.0,96,partial,30,KF + CV
MVI_40751,11,0,medium,32,1.28,no_before,,,0.4062,156,partial,30,KF + CV
MVI_40751,11,1,long,89,3.56,preserved,177.0,177.0,0.9663,156,partial,30,KF + CV
MVI_40751,15,0,long,223,8.92,lost,183.0,,1.0,775,partial,30,KF + CV
MVI_40751,21,0,short,5,0.2,no_before,,,0.0,625,partial,30,KF + CV
MVI_40751,21,1,long,612,24.48,lost,318.0,,0.0294,625,partial,30,KF + CV
MVI_40751,23,0,short,11,0.44,preserved,348.0,348.0,1.0,66,partial,30,KF + CV
MVI_40751,23,1,short,4,0.16,preserved,348.0,348.0,1.0,66,partial,30,KF + CV
MVI_40751,28,0,short,3,0.12,preserved,428.0,428.0,1.0,405,partial,30,KF + CV
MVI_40751,28,1,medium,15,0.6,preserved,428.0,428.0,1.0,405,partial,30,KF + CV
MVI_40751,29,0,medium,23,0.92,preserved,445.0,445.0,1.0,370,partial,30,KF + CV
MVI_40751,31,0,long,41,1.64,no_before,,,0.7073,43,partial,30,KF + CV
MVI_40751,32,0,long,172,6.88,switched,471.0,504.0,0.8721,266,partial,30,KF + CV
MVI_40751,33,0,medium,14,0.56,preserved,484.0,484.0,1.0,270,partial,30,KF + CV
MVI_40751,35,0,medium,23,0.92,lost,513.0,,1.0,156,partial,30,KF + CV
MVI_40751,36,0,long,77,3.08,lost,523.0,,1.0,195,partial,30,KF + CV
MVI_40751,38,0,medium,13,0.52,preserved,541.0,541.0,1.0,140,partial,30,KF + CV
MVI_40751,38,1,long,49,1.96,lost,541.0,,1.0,140,partial,30,KF + CV
MVI_40751,41,0,long,45,1.8,no_before,,,0.3111,45,partial,30,KF + CV
MVI_63554,3,0,short,11,0.44,no_before,,,0.6364,11,partial,30,KF + CV
MVI_63554,4,0,medium,26,1.04,no_before,,,0.0,26,partial,30,KF + CV
MVI_63554,5,0,long,40,1.6,no_before,,,0.925,41,partial,30,KF + CV
MVI_63554,8,0,medium,13,0.52,no_before,,,0.3846,16,partial,30,KF + CV
MVI_63554,9,0,long,55,2.2,lost,16.0,,0.0727,61,partial,30,KF + CV
MVI_63554,11,0,long,52,2.08,lost,30.0,,0.0577,61,partial,30,KF + CV
MVI_63554,13,0,medium,16,0.64,no_before,,,0.25,26,partial,30,KF + CV
MVI_63554,15,0,long,65,2.6,lost,46.0,,0.9538,76,partial,30,KF + CV
MVI_63554,19,0,long,62,2.48,switched,67.0,75.0,0.8548,81,partial,30,KF + CV
MVI_63554,20,0,long,57,2.28,lost,69.0,,0.0,66,partial,30,KF + CV
MVI_63554,22,0,long,61,2.44,no_before,,,0.3607,61,partial,30,KF + CV
MVI_63554,23,0,long,45,1.8,switched,83.0,88.0,0.7111,81,partial,30,KF + CV
MVI_63554,24,0,short,11,0.44,no_before,,,0.1818,21,partial,30,KF + CV
MVI_63554,25,0,long,51,2.04,no_before,,,0.1176,56,partial,30,KF + CV
MVI_63554,30,0,long,74,2.96,lost,136.0,,0.1622,81,partial,30,KF + CV
MVI_63554,31,0,long,76,3.04,no_before,,,0.5395,76,partial,30,KF + CV
MVI_63554,32,0,long,64,2.56,lost,141.0,,0.0938,71,partial,30,KF + CV
MVI_63554,33,0,long,45,1.8,lost,135.0,,0.9556,81,partial,30,KF + CV
MVI_63554,35,0,medium,16,0.64,no_before,,,0.8125,86,partial,30,KF + CV
MVI_63554,36,0,long,59,2.36,lost,171.0,,0.0678,66,partial,30,KF + CV
MVI_63554,41,0,medium,25,1.0,lost,198.0,,0.56,91,partial,30,KF + CV
MVI_63554,42,0,short,11,0.44,no_before,,,0.1818,16,partial,30,KF + CV
MVI_63554,43,0,long,62,2.48,lost,202.0,,0.0645,71,partial,30,KF + CV
MVI_63554,44,0,long,64,2.56,lost,206.0,,0.7812,71,partial,30,KF + CV
MVI_63554,47,0,long,59,2.36,lost,213.0,,0.1356,66,partial,30,KF + CV
MVI_63554,49,0,long,54,2.16,lost,225.0,,0.8333,81,partial,30,KF + CV
MVI_63554,50,0,long,63,2.52,lost,227.0,,0.254,71,partial,30,KF + CV
MVI_63554,51,0,short,11,0.44,no_before,,,0.0,21,partial,30,KF + CV
MVI_63554,55,0,long,62,2.48,lost,286.0,,0.7903,71,partial,30,KF + CV
MVI_63554,56,0,long,48,1.92,no_before,,,0.0,51,partial,30,KF + CV
MVI_63554,58,0,medium,21,0.84,preserved,299.0,299.0,0.9524,41,partial,30,KF + CV
MVI_63554,60,0,medium,13,0.52,no_before,,,0.2308,21,partial,30,KF + CV
MVI_63554,61,0,long,63,2.52,no_before,,,0.5079,66,partial,30,KF + CV
MVI_63554,62,0,short,5,0.2,preserved,316.0,316.0,1.0,66,partial,30,KF + CV
MVI_63554,62,1,medium,35,1.4,lost,316.0,,0.5143,66,partial,30,KF + CV
MVI_63554,63,0,long,60,2.4,lost,321.0,,0.7,66,partial,30,KF + CV
MVI_63554,64,0,long,42,1.68,no_before,,,0.0238,46,partial,30,KF + CV
MVI_63554,68,0,long,57,2.28,lost,323.0,,0.0702,66,partial,30,KF + CV
MVI_63554,69,0,medium,16,0.64,no_before,,,0.5625,26,partial,30,KF + CV
MVI_63554,72,0,medium,20,0.8,lost,367.0,,0.35,101,partial,30,KF + CV
MVI_63554,73,0,long,50,2.0,preserved,370.0,370.0,0.88,61,partial,30,KF + CV
MVI_63554,76,0,medium,13,0.52,no_before,,,0.3077,21,partial,30,KF + CV
MVI_63554,77,0,long,56,2.24,lost,380.0,,0.0714,61,partial,30,KF + CV
MVI_63554,79,0,long,61,2.44,no_before,,,0.3934,71,partial,30,KF + CV
MVI_63554,80,0,long,55,2.2,lost,389.0,,0.8364,61,partial,30,KF + CV
MVI_63554,81,0,short,10,0.4,no_before,,,0.5,81,partial,30,KF + CV
MVI_63554,82,0,long,53,2.12,no_before,,,0.0755,56,partial,30,KF + CV
MVI_63554,83,0,medium,15,0.6,no_before,,,0.1333,21,partial,30,KF + CV
MVI_63554,86,0,long,49,1.96,no_before,,,0.0,56,partial,30,KF + CV
MVI_63554,87,0,medium,31,1.24,preserved,417.0,417.0,0.871,61,partial,30,KF + CV
MVI_63554,88,0,medium,13,0.52,no_before,,,0.2308,16,partial,30,KF + CV
MVI_63554,90,0,medium,20,0.8,lost,429.0,,0.85,86,partial,30,KF + CV
MVI_63554,92,0,long,50,2.0,lost,435.0,,0.1,56,partial,30,KF + CV
MVI_63554,93,0,long,39,1.56,preserved,441.0,441.0,0.7949,71,partial,30,KF + CV
MVI_63554,93,3,short,9,0.36,lost,441.0,,0.0,71,partial,30,KF + CV
MVI_63554,94,0,medium,26,1.04,preserved,443.0,443.0,1.0,56,partial,30,KF + CV
MVI_63554,95,0,long,51,2.04,preserved,451.0,451.0,0.7255,81,partial,30,KF + CV
MVI_63554,96,0,medium,15,0.6,no_before,,,0.0667,26,partial,30,KF + CV
MVI_63554,98,0,long,64,2.56,lost,462.0,,0.7969,71,partial,30,KF + CV
MVI_63554,99,0,medium,15,0.6,no_before,,,0.6667,26,partial,30,KF + CV
MVI_63554,101,0,long,48,1.92,no_before,,,0.0208,51,partial,30,KF + CV
MVI_63554,102,0,medium,14,0.56,no_before,,,0.0714,26,partial,30,KF + CV
MVI_63554,103,0,medium,17,0.68,lost,496.0,,0.5294,71,partial,30,KF + CV
MVI_63554,105,0,long,61,2.44,lost,500.0,,0.7705,66,partial,30,KF + CV
MVI_63554,108,0,long,44,1.76,no_before,,,0.0,51,partial,30,KF + CV
MVI_63554,109,0,medium,18,0.72,no_before,,,0.2778,31,partial,30,KF + CV
MVI_63554,112,0,medium,31,1.24,no_before,,,0.6129,61,partial,30,KF + CV
MVI_63554,115,0,long,53,2.12,lost,556.0,,0.0943,61,partial,30,KF + CV
MVI_63554,116,0,medium,15,0.6,no_before,,,0.2,26,partial,30,KF + CV
MVI_63554,117,0,long,53,2.12,lost,563.0,,0.4717,61,partial,30,KF + CV
MVI_63554,120,0,medium,15,0.6,no_before,,,0.2,26,partial,30,KF + CV
MVI_63554,123,0,long,60,2.4,no_before,,,0.4167,61,partial,30,KF + CV
MVI_63554,124,0,long,54,2.16,no_before,,,0.1111,61,partial,30,KF + CV
MVI_63554,126,0,medium,37,1.48,lost,608.0,,0.9189,56,partial,30,KF + CV
MVI_63554,129,0,medium,13,0.52,no_before,,,0.3846,21,partial,30,KF + CV
MVI_63554,132,0,short,12,0.48,no_before,,,0.4167,26,partial,30,KF + CV
MVI_63554,134,0,long,55,2.2,lost,658.0,,0.6909,61,partial,30,KF + CV
MVI_63554,137,0,short,12,0.48,no_before,,,0.1667,16,partial,30,KF + CV
MVI_63554,139,0,long,48,1.92,lost,680.0,,0.875,56,partial,30,KF + CV
MVI_63554,142,0,medium,15,0.6,no_before,,,0.3333,26,partial,30,KF + CV
MVI_63554,143,0,long,57,2.28,lost,690.0,,0.8772,66,partial,30,KF + CV
MVI_63554,147,0,long,39,1.56,lost,705.0,,0.0256,46,partial,30,KF + CV
MVI_63554,148,0,short,8,0.32,preserved,702.0,702.0,1.0,56,partial,30,KF + CV
MVI_63554,151,0,short,12,0.48,no_before,,,0.5,21,partial,30,KF + CV
MVI_63554,152,0,short,10,0.4,preserved,722.0,722.0,1.0,61,partial,30,KF + CV
MVI_63554,152,1,short,2,0.08,preserved,722.0,722.0,1.0,61,partial,30,KF + CV
MVI_63554,152,2,short,5,0.2,lost,722.0,,0.0,61,partial,30,KF + CV
MVI_63554,153,0,medium,14,0.56,no_before,,,0.3571,20,partial,30,KF + CV
MVI_63554,155,0,long,49,1.96,lost,730.0,,0.0816,56,partial,30,KF + CV
MVI_63554,158,0,long,54,2.16,lost,745.0,,0.8889,66,partial,30,KF + CV
MVI_63554,160,0,short,12,0.48,no_before,,,0.3333,21,partial,30,KF + CV
MVI_63554,162,0,long,54,2.16,lost,753.0,,0.7407,61,partial,30,KF + CV
MVI_63554,163,0,long,54,2.16,no_before,,,0.9259,71,partial,30,KF + CV
MVI_63554,164,0,long,66,2.64,no_before,,,0.9697,66,partial,30,KF + CV
MVI_63554,165,0,long,52,2.08,lost,769.0,,0.0577,56,partial,30,KF + CV
MVI_63554,168,0,long,53,2.12,lost,794.0,,0.8491,61,partial,30,KF + CV
MVI_63554,169,0,medium,14,0.56,no_before,,,0.7143,21,partial,30,KF + CV
MVI_63554,171,0,long,50,2.0,lost,813.0,,0.1,56,partial,30,KF + CV
MVI_63554,174,0,short,11,0.44,no_before,,,0.3636,16,partial,30,KF + CV
MVI_63554,175,0,long,59,2.36,lost,822.0,,0.7288,66,partial,30,KF + CV
MVI_63554,177,0,long,51,2.04,lost,834.0,,0.0784,56,partial,30,KF + CV
MVI_63554,180,0,short,9,0.36,no_before,,,0.8889,16,partial,30,KF + CV
MVI_63554,182,0,long,51,2.04,lost,856.0,,0.098,56,partial,30,KF + CV
MVI_63554,183,0,short,8,0.32,no_before,,,0.125,21,partial,30,KF + CV
MVI_63554,185,0,long,39,1.56,no_before,,,0.8205,40,partial,30,KF + CV
MVI_63554,186,0,medium,18,0.72,lost,865.0,,0.1111,25,partial,30,KF + CV
MVI_63554,188,0,short,11,0.44,no_before,,,0.3636,15,partial,30,KF + CV
MVI_63554,189,0,medium,14,0.56,no_before,,,0.7143,31,partial,30,KF + CV
MVI_63554,190,0,medium,17,0.68,no_before,,,0.4118,31,partial,30,KF + CV
MVI_40131,1,0,long,61,2.44,switched,4.0,116.0,0.0,486,full,30,KF + CV
MVI_40131,19,0,long,54,2.16,switched,79.0,408.0,0.0,1086,full,30,KF + CV
MVI_40131,35,0,long,50,2.0,switched,263.0,437.0,0.0,456,full,30,KF + CV
MVI_40171,9,0,short,1,0.04,preserved,49.0,49.0,1.0,61,full,30,KF + CV
MVI_40171,9,1,short,10,0.4,preserved,49.0,49.0,0.9,61,full,30,KF + CV
MVI_40171,26,0,short,3,0.12,preserved,229.0,229.0,0.6667,56,full,30,KF + CV
MVI_40171,41,0,long,66,2.64,switched,6.0,296.0,0.0,1150,full,30,KF + CV
MVI_40171,41,1,long,38,1.52,switched,296.0,393.0,0.0,1150,full,30,KF + CV
MVI_40171,42,0,medium,14,0.56,no_before,,,0.0,1150,full,30,KF + CV
MVI_40171,42,1,short,1,0.04,no_before,,,0.0,1150,full,30,KF + CV
MVI_40171,42,2,short,2,0.08,no_before,,,0.0,1150,full,30,KF + CV
MVI_40171,42,3,long,772,30.88,no_before,,,0.0,1150,full,30,KF + CV
MVI_40171,42,4,long,142,5.68,no_before,,,0.0,1150,full,30,KF + CV
MVI_40171,43,0,long,121,4.84,no_before,,,0.0,1150,full,30,KF + CV
MVI_40171,43,1,long,1012,40.48,no_before,,,0.0,1150,full,30,KF + CV
MVI_40171,44,0,long,141,5.64,no_before,,,0.0,1150,full,30,KF + CV
MVI_40171,44,1,long,989,39.56,no_before,,,0.0,1150,full,30,KF + CV
MVI_40172,16,0,long,158,6.32,no_before,,,0.0,227,full,30,KF + CV
MVI_40172,99,0,long,42,1.68,switched,2.0,57.0,0.0,2635,full,30,KF + CV
MVI_40172,99,1,long,40,1.6,switched,67.0,243.0,0.0,2635,full,30,KF + CV
MVI_40172,99,2,medium,15,0.6,switched,243.0,807.0,0.0,2635,full,30,KF + CV
MVI_40172,100,0,long,2225,89.0,no_before,,,0.0,2635,full,30,KF + CV
MVI_40172,101,0,long,1489,59.56,no_before,,,0.0,2635,full,30,KF + CV
MVI_40172,101,1,long,148,5.92,no_before,,,0.0,2635,full,30,KF + CV
MVI_40172,101,2,long,526,21.04,no_before,,,0.0,2635,full,30,KF + CV
MVI_40172,101,3,short,2,0.08,no_before,,,0.0,2635,full,30,KF + CV
MVI_40172,101,4,short,9,0.36,no_before,,,0.0,2635,full,30,KF + CV
MVI_40172,101,5,medium,19,0.76,no_before,,,0.0,2635,full,30,KF + CV
MVI_40172,102,0,long,395,15.8,no_before,,,0.0,2635,full,30,KF + CV
MVI_40172,102,1,long,1062,42.48,no_before,,,0.0,2635,full,30,KF + CV
MVI_40172,102,2,short,7,0.28,no_before,,,0.0,2635,full,30,KF + CV
MVI_40172,102,3,short,1,0.04,no_before,,,0.0,2635,full,30,KF + CV
MVI_40172,102,4,short,2,0.08,no_before,,,0.0,2635,full,30,KF + CV
MVI_40172,102,5,long,53,2.12,no_before,,,0.0,2635,full,30,KF + CV
MVI_40172,102,6,short,5,0.2,no_before,,,0.0,2635,full,30,KF + CV
MVI_40172,102,7,medium,19,0.76,no_before,,,0.0,2635,full,30,KF + CV
MVI_40172,102,8,long,67,2.68,no_before,,,0.0,2635,full,30,KF + CV
MVI_40172,102,9,long,87,3.48,no_before,,,0.0,2635,full,30,KF + CV
MVI_40172,102,10,short,2,0.08,no_before,,,0.0,2635,full,30,KF + CV
MVI_40172,102,11,long,95,3.8,no_before,,,0.0,2635,full,30,KF + CV
MVI_40172,105,0,long,47,1.88,switched,3.0,66.0,0.0,2635,full,30,KF + CV
MVI_40172,105,1,long,42,1.68,switched,66.0,230.0,0.0,2635,full,30,KF + CV
MVI_40172,105,2,short,7,0.28,no_before,,,0.0,2635,full,30,KF + CV
MVI_40172,105,3,medium,20,0.8,switched,438.0,814.0,0.0,2635,full,30,KF + CV
MVI_40204,15,0,short,1,0.04,lost,25.0,,0.0,136,full,30,KF + CV
MVI_40204,35,0,medium,21,0.84,no_before,,,0.0,131,full,30,KF + CV
MVI_40204,35,1,short,9,0.36,no_before,,,0.0,131,full,30,KF + CV
MVI_40204,51,0,short,3,0.12,no_before,,,0.0,131,full,30,KF + CV
MVI_40204,51,1,short,6,0.24,no_before,,,0.1667,131,full,30,KF + CV
MVI_40204,51,2,short,1,0.04,lost,378.0,,0.0,131,full,30,KF + CV
MVI_40204,60,0,short,1,0.04,lost,298.0,,0.0,131,full,30,KF + CV
MVI_40204,60,1,short,1,0.04,no_before,,,0.0,131,full,30,KF + CV
MVI_40204,65,0,short,3,0.12,no_before,,,0.0,141,full,30,KF + CV
MVI_40204,71,0,medium,16,0.64,lost,567.0,,0.0,116,full,30,KF + CV
MVI_40204,71,1,short,1,0.04,no_before,,,0.0,116,full,30,KF + CV
MVI_40204,81,0,short,9,0.36,no_before,,,0.0,141,full,30,KF + CV
MVI_40204,81,1,short,3,0.12,no_before,,,0.0,141,full,30,KF + CV
MVI_40204,85,0,short,12,0.48,lost,709.0,,0.0,141,full,30,KF + CV
MVI_40204,85,1,short,7,0.28,lost,709.0,,0.0,141,full,30,KF + CV
MVI_40204,88,0,short,2,0.08,lost,730.0,,0.0,146,full,30,KF + CV
MVI_40204,88,1,short,1,0.04,lost,730.0,,0.0,146,full,30,KF + CV
MVI_40204,88,2,short,1,0.04,lost,730.0,,0.0,146,full,30,KF + CV
MVI_40204,90,0,short,8,0.32,preserved,666.0,666.0,0.75,146,full,30,KF + CV
MVI_40204,90,1,short,4,0.16,preserved,666.0,666.0,0.75,146,full,30,KF + CV
MVI_40204,90,2,short,1,0.04,lost,666.0,,1.0,146,full,30,KF + CV
MVI_40204,90,3,short,1,0.04,lost,666.0,,0.0,146,full,30,KF + CV
MVI_40204,90,4,medium,18,0.72,lost,666.0,,0.0,146,full,30,KF + CV
MVI_40204,98,0,long,53,2.12,lost,699.0,,0.0,156,full,30,KF + CV
MVI_40204,108,0,short,1,0.04,preserved,789.0,789.0,0.0,151,full,30,KF + CV
MVI_40204,116,0,short,1,0.04,no_before,,,0.0,146,full,30,KF + CV
MVI_40204,116,1,short,1,0.04,no_before,,,0.0,146,full,30,KF + CV
MVI_40204,128,0,short,10,0.4,lost,933.0,,0.0,131,full,30,KF + CV
MVI_40204,129,0,short,1,0.04,no_before,,,0.0,156,full,30,KF + CV
MVI_40204,129,1,short,2,0.08,no_before,,,0.0,156,full,30,KF + CV
MVI_40204,162,0,short,1,0.04,no_before,,,0.0,151,full,30,KF + CV
MVI_40204,162,1,short,1,0.04,no_before,,,0.0,151,full,30,KF + CV
MVI_40204,162,2,short,2,0.08,no_before,,,0.0,151,full,30,KF + CV
MVI_40204,162,3,medium,14,0.56,no_before,,,0.0,151,full,30,KF + CV
MVI_40204,165,0,short,6,0.24,switched,1394.0,1452.0,0.0,145,full,30,KF + CV
MVI_40204,168,0,short,1,0.04,preserved,1437.0,1437.0,1.0,120,full,30,KF + CV
MVI_40751,2,0,long,47,1.88,switched,1.0,28.0,0.0,1140,full,30,KF + CV
MVI_40751,21,0,short,12,0.48,lost,318.0,,0.0,625,full,30,KF + CV
MVI_40751,21,1,short,4,0.16,lost,318.0,,0.0,625,full,30,KF + CV
MVI_40751,21,2,short,4,0.16,no_before,,,0.0,625,full,30,KF + CV
MVI_40751,21,3,short,3,0.12,no_before,,,0.0,625,full,30,KF + CV
MVI_40751,21,4,short,2,0.08,no_before,,,0.0,625,full,30,KF + CV
MVI_40751,21,5,short,4,0.16,no_before,,,0.0,625,full,30,KF + CV
MVI_40751,21,6,short,4,0.16,no_before,,,0.0,625,full,30,KF + CV
MVI_63554,4,0,short,3,0.12,no_before,,,0.0,26,full,30,KF + CV
MVI_63554,4,1,short,6,0.24,no_before,,,0.0,26,full,30,KF + CV
MVI_63554,8,0,short,2,0.08,no_before,,,0.0,16,full,30,KF + CV
MVI_63554,9,0,medium,35,1.4,lost,16.0,,0.0,61,full,30,KF + CV
MVI_63554,20,0,short,1,0.04,lost,69.0,,0.0,66,full,30,KF + CV
MVI_63554,25,0,medium,19,0.76,lost,88.0,,0.0,56,full,30,KF + CV
MVI_63554,32,0,long,57,2.28,lost,141.0,,0.0,71,full,30,KF + CV
MVI_63554,36,0,long,49,1.96,lost,171.0,,0.0,66,full,30,KF + CV
MVI_63554,42,0,short,1,0.04,no_before,,,0.0,16,full,30,KF + CV
MVI_63554,43,0,long,55,2.2,lost,202.0,,0.0,71,full,30,KF + CV
MVI_63554,56,0,medium,30,1.2,no_before,,,0.0,51,full,30,KF + CV
MVI_63554,56,1,short,9,0.36,no_before,,,0.0,51,full,30,KF + CV
MVI_63554,61,0,short,1,0.04,no_before,,,0.0,66,full,30,KF + CV
MVI_63554,61,1,short,6,0.24,no_before,,,0.0,66,full,30,KF + CV
MVI_63554,64,0,medium,37,1.48,lost,323.0,,0.0,46,full,30,KF + CV
MVI_63554,68,0,long,51,2.04,lost,323.0,,0.0,66,full,30,KF + CV
MVI_63554,77,0,medium,20,0.8,lost,380.0,,0.0,61,full,30,KF + CV
MVI_63554,79,0,short,9,0.36,switched,387.0,410.0,0.2222,71,full,30,KF + CV
MVI_63554,82,0,long,47,1.88,lost,392.0,,0.0,56,full,30,KF + CV
MVI_63554,83,0,short,5,0.2,no_before,,,0.0,21,full,30,KF + CV
MVI_63554,86,0,long,43,1.72,no_before,,,0.0,56,full,30,KF + CV
MVI_63554,88,0,short,3,0.12,no_before,,,0.0,16,full,30,KF + CV
MVI_63554,92,0,medium,14,0.56,switched,435.0,468.0,0.0,56,full,30,KF + CV
MVI_63554,92,1,short,8,0.32,switched,435.0,468.0,0.0,56,full,30,KF + CV
MVI_63554,96,0,short,4,0.16,no_before,,,0.0,26,full,30,KF + CV
MVI_63554,101,0,long,42,1.68,lost,488.0,,0.0,51,full,30,KF + CV
MVI_63554,108,0,long,39,1.56,no_before,,,0.0,51,full,30,KF + CV
MVI_63554,115,0,short,3,0.12,lost,556.0,,0.0,61,full,30,KF + CV
MVI_63554,115,1,short,9,0.36,lost,556.0,,0.0,61,full,30,KF + CV
MVI_63554,116,0,short,2,0.08,no_before,,,0.0,26,full,30,KF + CV
MVI_63554,120,0,short,4,0.16,no_before,,,0.0,26,full,30,KF + CV
MVI_63554,124,0,medium,24,0.96,lost,606.0,,0.0,61,full,30,KF + CV
MVI_63554,124,1,medium,19,0.76,lost,606.0,,0.0,61,full,30,KF + CV
MVI_63554,129,0,short,2,0.08,no_before,,,0.0,21,full,30,KF + CV
MVI_63554,137,0,short,3,0.12,no_before,,,0.0,16,full,30,KF + CV
MVI_63554,147,0,medium,28,1.12,lost,705.0,,0.0,46,full,30,KF + CV
MVI_63554,151,0,short,1,0.04,no_before,,,0.0,21,full,30,KF + CV
MVI_63554,153,0,short,2,0.08,no_before,,,0.0,20,full,30,KF + CV
MVI_63554,155,0,medium,19,0.76,lost,730.0,,0.0,56,full,30,KF + CV
MVI_63554,165,0,medium,20,0.8,lost,769.0,,0.0,56,full,30,KF + CV
MVI_63554,165,1,medium,22,0.88,lost,769.0,,0.0,56,full,30,KF + CV
MVI_63554,171,0,medium,33,1.32,lost,813.0,,0.0,56,full,30,KF + CV
MVI_63554,174,0,short,2,0.08,no_before,,,0.0,16,full,30,KF + CV
MVI_63554,177,0,medium,13,0.52,no_before,,,0.0,56,full,30,KF + CV
MVI_63554,182,0,long,38,1.52,lost,856.0,,0.0,56,full,30,KF + CV
MVI_40131,1,0,long,120,4.8,switched,4.0,116.0,0.2583,486,partial,30,EKF + CTRV
MVI_40131,12,0,long,81,3.24,no_before,,,0.4938,326,partial,30,EKF + CTRV
MVI_40131,16,0,long,52,2.08,switched,70.0,93.0,0.1923,256,partial,30,EKF + CTRV
MVI_40131,16,1,medium,22,0.88,preserved,93.0,93.0,1.0,256,partial,30,EKF + CTRV
MVI_40131,17,0,long,64,2.56,no_before,,,0.375,171,partial,30,EKF + CTRV
MVI_40131,19,0,medium,19,0.76,preserved,79.0,79.0,0.4211,1086,partial,30,EKF + CTRV
MVI_40131,19,1,long,114,4.56,switched,79.0,407.0,0.2456,1086,partial,30,EKF + CTRV
MVI_40131,19,2,medium,18,0.72,preserved,407.0,407.0,1.0,1086,partial,30,EKF + CTRV
MVI_40131,19,3,short,6,0.24,preserved,407.0,407.0,1.0,1086,partial,30,EKF + CTRV
MVI_40131,19,4,medium,13,0.52,preserved,495.0,495.0,1.0,1086,partial,30,EKF + CTRV
MVI_40131,19,5,long,72,2.88,preserved,407.0,407.0,1.0,1086,partial,30,EKF + CTRV
MVI_40131,19,6,medium,29,1.16,preserved,407.0,407.0,1.0,1086,partial,30,EKF + CTRV
MVI_40131,20,0,short,5,0.2,no_before,,,0.0,406,partial,30,EKF + CTRV
MVI_40131,20,1,long,62,2.48,no_before,,,0.0968,406,partial,30,EKF + CTRV
MVI_40131,20,2,short,7,0.28,preserved,111.0,111.0,1.0,406,partial,30,EKF + CTRV
MVI_40131,23,0,medium,25,1.0,no_before,,,0.24,226,partial,30,EKF + CTRV
MVI_40131,25,0,long,177,7.08,switched,153.0,196.0,0.9209,321,partial,30,EKF + CTRV
MVI_40131,26,0,long,84,3.36,switched,172.0,200.0,0.6548,231,partial,30,EKF + CTRV
MVI_40131,29,0,long,102,4.08,switched,243.0,418.0,0.9412,816,partial,30,EKF + CTRV
MVI_40131,30,0,short,9,0.36,preserved,214.0,214.0,1.0,296,partial,30,EKF + CTRV
MVI_40131,30,1,long,51,2.04,preserved,214.0,214.0,0.902,296,partial,30,EKF + CTRV
MVI_40131,31,0,medium,24,0.96,no_before,,,0.0,221,partial,30,EKF + CTRV
MVI_40131,31,1,short,8,0.32,no_before,,,0.0,221,partial,30,EKF + CTRV
MVI_40131,34,0,long,65,2.6,no_before,,,0.8769,281,partial,30,EKF + CTRV
MVI_40131,35,0,long,97,3.88,switched,263.0,435.0,0.2784,456,partial,30,EKF + CTRV
MVI_40131,35,1,medium,26,1.04,preserved,435.0,435.0,1.0,456,partial,30,EKF + CTRV
MVI_40131,36,0,medium,29,1.16,no_before,,,0.6207,226,partial,30,EKF + CTRV
MVI_40131,37,0,long,210,8.4,no_before,,,0.2381,421,partial,30,EKF + CTRV
MVI_40131,37,1,medium,33,1.32,preserved,469.0,469.0,1.0,421,partial,30,EKF + CTRV
MVI_40131,38,0,long,51,2.04,preserved,342.0,342.0,0.7843,306,partial,30,EKF + CTRV
MVI_40131,39,0,long,100,4.0,no_before,,,0.86,241,partial,30,EKF + CTRV
MVI_40131,39,1,long,55,2.2,preserved,331.0,331.0,1.0,241,partial,30,EKF + CTRV
MVI_40131,40,0,long,119,4.76,no_before,,,0.7899,366,partial,30,EKF + CTRV
MVI_40131,40,1,short,11,0.44,preserved,448.0,448.0,1.0,366,partial,30,EKF + CTRV
MVI_40131,40,3,medium,15,0.6,preserved,448.0,448.0,1.0,366,partial,30,EKF + CTRV
MVI_40131,40,4,short,8,0.32,preserved,448.0,448.0,1.0,366,partial,30,EKF + CTRV
MVI_40131,41,0,long,43,1.72,no_before,,,0.6047,281,partial,30,EKF + CTRV
MVI_40131,45,0,medium,25,1.0,no_before,,,0.2,206,partial,30,EKF + CTRV
MVI_40131,60,0,medium,22,0.88,lost,696.0,,0.7273,116,partial,30,EKF + CTRV
MVI_40131,62,0,medium,26,1.04,lost,711.0,,0.9231,95,partial,30,EKF + CTRV
MVI_40131,65,0,long,60,2.4,no_before,,,0.0,60,partial,30,EKF + CTRV
MVI_40171,1,0,medium,26,1.04,no_before,,,1.0,26,partial,30,EKF + CTRV
MVI_40171,6,0,long,41,1.64,preserved,21.0,21.0,0.9512,71,partial,30,EKF + CTRV
MVI_40171,7,0,long,56,2.24,no_before,,,0.2857,56,partial,30,EKF + CTRV
MVI_40171,8,0,short,12,0.48,no_before,,,0.0,726,partial,30,EKF + CTRV
MVI_40171,8,1,short,11,0.44,preserved,45.0,45.0,0.0,726,partial,30,EKF + CTRV
MVI_40171,8,3,medium,26,1.04,preserved,45.0,45.0,1.0,726,partial,30,EKF + CTRV
MVI_40171,8,4,medium,25,1.0,preserved,45.0,45.0,1.0,726,partial,30,EKF + CTRV
MVI_40171,8,5,medium,18,0.72,preserved,45.0,45.0,1.0,726,partial,30,EKF + CTRV
MVI_40171,8,6,short,12,0.48,preserved,45.0,45.0,1.0,726,partial,30,EKF + CTRV
MVI_40171,8,7,medium,32,1.28,switched,45.0,180.0,1.0,726,partial,30,EKF + CTRV
MVI_40171,8,8,medium,28,1.12,preserved,45.0,45.0,1.0,726,partial,30,EKF + CTRV
MVI_40171,8,9,medium,16,0.64,preserved,45.0,45.0,1.0,726,partial,30,EKF + CTRV
MVI_40171,9,1,short,10,0.4,preserved,52.0,52.0,0.9,61,partial,30,EKF + CTRV
MVI_40171,11,0,medium,27,1.08,preserved,60.0,60.0,1.0,91,partial,30,EKF + CTRV
MVI_40171,12,0,long,61,2.44,no_before,,,0.459,61,partial,30,EKF + CTRV
MVI_40171,14,0,medium,31,1.24,switched,92.0,100.0,0.7742,86,partial,30,EKF + CTRV
MVI_40171,15,0,long,66,2.64,no_before,,,0.5152,66,partial,30,EKF + CTRV
MVI_40171,16,0,long,61,2.44,no_before,,,0.8361,61,partial,30,EKF + CTRV
MVI_40171,17,0,short,11,0.44,no_before,,,0.2727,76,partial,30,EKF + CTRV
MVI_40171,18,0,long,209,8.36,switched,152.0,193.0,0.1148,786,partial,30,EKF + CTRV
MVI_40171,18,1,short,11,0.44,preserved,193.0,193.0,0.7273,786,partial,30,EKF + CTRV
MVI_40171,18,2,short,4,0.16,preserved,193.0,193.0,1.0,786,partial,30,EKF + CTRV
MVI_40171,18,3,short,4,0.16,preserved,193.0,193.0,0.5,786,partial,30,EKF + CTRV
MVI_40171,18,4,short,4,0.16,preserved,193.0,193.0,1.0,786,partial,30,EKF + CTRV
MVI_40171,19,0,long,61,2.44,no_before,,,0.8361,61,partial,30,EKF + CTRV
MVI_40171,22,0,long,69,2.76,lost,168.0,,0.7826,71,partial,30,EKF + CTRV
MVI_40171,23,0,long,62,2.48,preserved,187.0,187.0,0.8387,66,partial,30,EKF + CTRV
MVI_40171,25,0,long,66,2.64,no_before,,,0.7424,66,partial,30,EKF + CTRV
MVI_40171,26,0,long,47,1.88,no_before,,,0.8298,56,partial,30,EKF + CTRV
MVI_40171,27,0,medium,30,1.2,no_before,,,0.3667,76,partial,30,EKF + CTRV
MVI_40171,28,0,medium,21,0.84,no_before,,,0.9048,76,partial,30,EKF + CTRV
MVI_40171,29,0,long,53,2.12,no_before,,,0.7358,56,partial,30,EKF + CTRV
MVI_40171,31,0,medium,26,1.04,preserved,285.0,285.0,1.0,96,partial,30,EKF + CTRV
MVI_40171,34,0,long,66,2.64,lost,323.0,,0.8788,71,partial,30,EKF + CTRV
MVI_40171,35,0,long,62,2.48,preserved,331.0,331.0,0.871,76,partial,30,EKF + CTRV
MVI_40171,36,0,long,66,2.64,no_before,,,0.6364,66,partial,30,EKF + CTRV
MVI_40171,38,0,short,8,0.32,no_before,,,0.0,185,partial,30,EKF + CTRV
MVI_40171,39,0,long,70,2.8,lost,382.0,,0.7571,71,partial,30,EKF + CTRV
MVI_40171,40,0,medium,23,0.92,lost,404.0,,1.0,45,partial,30,EKF + CTRV
MVI_40171,41,0,long,99,3.96,switched,6.0,304.0,0.101,1150,partial,30,EKF + CTRV
MVI_40171,41,1,long,52,2.08,switched,304.0,406.0,0.0769,1150,partial,30,EKF + CTRV
MVI_40171,42,0,long,1150,46.0,no_before,,,0.0,1150,partial,30,EKF + CTRV
MVI_40171,43,0,long,1150,46.0,no_before,,,0.0,1150,partial,30,EKF + CTRV
MVI_40171,44,0,long,1150,46.0,no_before,,,0.0,1150,partial,30,EKF + CTRV
MVI_40172,16,0,long,180,7.2,no_before,,,0.0111,227,partial,30,EKF + CTRV
MVI_40172,35,0,long,39,1.56,no_before,,,0.8974,46,partial,30,EKF + CTRV
MVI_40172,36,0,medium,37,1.48,no_before,,,0.973,41,partial,30,EKF + CTRV
MVI_40172,40,0,medium,29,1.16,preserved,520.0,520.0,0.5517,71,partial,30,EKF + CTRV
MVI_40172,41,0,long,39,1.56,lost,524.0,,0.4615,41,partial,30,EKF + CTRV
MVI_40172,47,0,long,48,1.92,lost,558.0,,0.8958,51,partial,30,EKF + CTRV
MVI_40172,50,0,long,51,2.04,no_before,,,0.7451,51,partial,30,EKF + CTRV
MVI_40172,51,0,short,10,0.4,switched,572.0,575.0,0.5,81,partial,30,EKF + CTRV
MVI_40172,56,0,medium,28,1.12,lost,604.0,,1.0,61,partial,30,EKF + CTRV
MVI_40172,57,0,medium,37,1.48,preserved,610.0,610.0,1.0,51,partial,30,EKF + CTRV
MVI_40172,60,0,long,44,1.76,preserved,624.0,624.0,0.7955,66,partial,30,EKF + CTRV
MVI_40172,61,0,medium,13,0.52,preserved,625.0,625.0,1.0,36,partial,30,EKF + CTRV
MVI_40172,63,0,long,46,1.84,no_before,,,0.7391,46,partial,30,EKF + CTRV
MVI_40172,65,0,medium,29,1.16,switched,643.0,667.0,0.3448,46,partial,30,EKF + CTRV
MVI_40172,67,0,medium,31,1.24,no_before,,,0.6774,41,partial,30,EKF + CTRV
MVI_40172,79,0,long,114,4.56,no_before,,,0.0526,201,partial,30,EKF + CTRV
MVI_40172,95,0,long,40,1.6,lost,849.0,,0.85,41,partial,30,EKF + CTRV
MVI_40172,96,0,long,50,2.0,no_before,,,0.88,50,partial,30,EKF + CTRV
MVI_40172,99,0,long,50,2.0,switched,2.0,56.0,0.12,2635,partial,30,EKF + CTRV
MVI_40172,99,1,long,74,2.96,switched,56.0,244.0,0.0811,2635,partial,30,EKF + CTRV
MVI_40172,99,2,long,40,1.6,switched,244.0,814.0,0.125,2635,partial,30,EKF + CTRV
MVI_40172,100,0,long,2635,105.4,no_before,,,0.0,2635,partial,30,EKF + CTRV
MVI_40172,101,0,long,2635,105.4,no_before,,,0.0,2635,partial,30,EKF + CTRV
MVI_40172,102,0,long,2635,105.4,no_before,,,0.0,2635,partial,30,EKF + CTRV
MVI_40172,105,0,long,52,2.08,switched,3.0,65.0,0.0385,2635,partial,30,EKF + CTRV
MVI_40172,105,1,long,45,1.8,switched,65.0,231.0,0.0222,2635,partial,30,EKF + CTRV
MVI_40172,105,2,medium,21,0.84,no_before,,,0.0,2635,partial,30,EKF + CTRV
MVI_40172,105,3,long,39,1.56,switched,438.0,821.0,0.2051,2635,partial,30,EKF + CTRV
MVI_40204,6,0,long,86,3.44,no_before,,,0.2558,86,partial,30,EKF + CTRV
MVI_40204,9,0,long,66,2.64,no_before,,,0.0,66,partial,30,EKF + CTRV
MVI_40204,10,0,medium,32,1.28,lost,9.0,,0.375,76,partial,30,EKF + CTRV
MVI_40204,11,0,medium,31,1.24,switched,11.0,70.0,0.3871,66,partial,30,EKF + CTRV
MVI_40204,12,0,medium,16,0.64,no_before,,,0.375,16,partial,30,EKF + CTRV
MVI_40204,15,0,long,136,5.44,no_before,,,0.6618,136,partial,30,EKF + CTRV
MVI_40204,27,0,long,111,4.44,no_before,,,0.7928,111,partial,30,EKF + CTRV
MVI_40204,30,0,long,71,2.84,lost,131.0,,0.1831,141,partial,30,EKF + CTRV
MVI_40204,34,0,short,3,0.12,preserved,142.0,142.0,0.6667,116,partial,30,EKF + CTRV
MVI_40204,34,1,medium,25,1.0,lost,142.0,,0.24,116,partial,30,EKF + CTRV
MVI_40204,34,2,medium,25,1.0,lost,142.0,,0.0,116,partial,30,EKF + CTRV
MVI_40204,35,0,long,131,5.24,no_before,,,0.3053,131,partial,30,EKF + CTRV
MVI_40204,36,0,long,52,2.08,lost,149.0,,0.0,116,partial,30,EKF + CTRV
MVI_40204,39,0,medium,22,0.88,lost,226.0,,0.0,111,partial,30,EKF + CTRV
MVI_40204,40,0,long,39,1.56,lost,168.0,,0.0,151,partial,30,EKF + CTRV
MVI_40204,46,0,long,141,5.64,no_before,,,0.6454,141,partial,30,EKF + CTRV
MVI_40204,49,0,long,46,1.84,preserved,230.0,230.0,0.7391,151,partial,30,EKF + CTRV
MVI_40204,50,0,long,121,4.84,no_before,,,0.3884,121,partial,30,EKF + CTRV
MVI_40204,51,0,long,131,5.24,no_before,,,0.3359,131,partial,30,EKF + CTRV
MVI_40204,52,0,short,2,0.08,preserved,249.0,249.0,1.0,131,partial,30,EKF + CTRV
MVI_40204,60,0,long,131,5.24,no_before,,,0.313,131,partial,30,EKF + CTRV
MVI_40204,63,0,long,39,1.56,switched,359.0,409.0,0.5897,141,partial,30,EKF + CTRV
MVI_40204,64,0,long,130,5.2,no_before,,,0.5769,131,partial,30,EKF + CTRV
MVI_40204,65,0,long,141,5.64,no_before,,,0.1135,141,partial,30,EKF + CTRV
MVI_40204,67,0,long,58,2.32,lost,432.0,,0.0517,131,partial,30,EKF + CTRV
MVI_40204,68,0,medium,15,0.6,lost,457.0,,0.0,126,partial,30,EKF + CTRV
MVI_40204,71,0,long,116,4.64,no_before,,,0.2586,116,partial,30,EKF + CTRV
MVI_40204,72,0,medium,33,1.32,preserved,504.0,504.0,1.0,141,partial,30,EKF + CTRV
MVI_40204,73,0,long,136,5.44,no_before,,,0.3088,136,partial,30,EKF + CTRV
MVI_40204,74,0,long,116,4.64,no_before,,,0.431,116,partial,30,EKF + CTRV
MVI_40204,78,0,medium,19,0.76,lost,553.0,,0.2632,131,partial,30,EKF + CTRV
MVI_40204,81,0,long,141,5.64,no_before,,,0.2979,141,partial,30,EKF + CTRV
MVI_40204,82,0,short,8,0.32,preserved,591.0,591.0,1.0,136,partial,30,EKF + CTRV
MVI_40204,82,1,long,40,1.6,lost,591.0,,0.825,136,partial,30,EKF + CTRV
MVI_40204,85,0,long,141,5.64,no_before,,,0.5319,141,partial,30,EKF + CTRV
MVI_40204,86,0,long,114,4.56,lost,634.0,,0.3158,136,partial,30,EKF + CTRV
MVI_40204,88,0,long,146,5.84,no_before,,,0.1233,146,partial,30,EKF + CTRV
MVI_40204,90,0,long,146,5.84,no_before,,,0.6918,146,partial,30,EKF + CTRV
MVI_40204,92,0,long,41,1.64,no_before,,,0.9512,156,partial,30,EKF + CTRV
MVI_40204,93,0,long,112,4.48,lost,690.0,,0.5,131,partial,30,EKF + CTRV
MVI_40204,96,0,long,82,3.28,switched,706.0,810.0,0.7195,161,partial,30,EKF + CTRV
MVI_40204,98,0,long,156,6.24,no_before,,,0.5705,156,partial,30,EKF + CTRV
MVI_40204,99,0,short,11,0.44,no_before,,,0.8182,151,partial,30,EKF + CTRV
MVI_40204,106,0,long,51,2.04,no_before,,,0.6275,126,partial,30,EKF + CTRV
MVI_40204,106,1,long,70,2.8,lost,815.0,,0.4,126,partial,30,EKF + CTRV
MVI_40204,108,0,long,151,6.04,no_before,,,0.4238,151,partial,30,EKF + CTRV
MVI_40204,110,0,long,75,3.0,lost,820.0,,0.1733,131,partial,30,EKF + CTRV
MVI_40204,112,0,long,40,1.6,no_before,,,0.0,146,partial,30,EKF + CTRV
MVI_40204,115,0,long,71,2.84,preserved,851.0,851.0,0.8169,151,partial,30,EKF + CTRV
MVI_40204,115,1,short,4,0.16,lost,851.0,,0.0,151,partial,30,EKF + CTRV
MVI_40204,116,0,long,146,5.84,no_before,,,0.0,146,partial,30,EKF + CTRV
MVI_40204,117,0,medium,31,1.24,lost,860.0,,0.2581,141,partial,30,EKF + CTRV
MVI_40204,117,1,short,9,0.36,lost,860.0,,0.0,141,partial,30,EKF + CTRV
MVI_40204,119,0,long,66,2.64,lost,869.0,,0.1061,151,partial,30,EKF + CTRV
MVI_40204,120,0,long,62,2.48,lost,900.0,,0.6613,156,partial,30,EKF + CTRV
MVI_40204,121,0,medium,21,0.84,no_before,,,0.9048,156,partial,30,EKF + CTRV
MVI_40204,122,0,long,141,5.64,no_before,,,0.1135,141,partial,30,EKF + CTRV
MVI_40204,126,0,long,43,1.72,switched,948.0,1075.0,0.5349,166,partial,30,EKF + CTRV
MVI_40204,126,1,short,4,0.16,no_before,,,0.0,166,partial,30,EKF + CTRV
MVI_40204,127,0,short,5,0.2,no_before,,,0.4,161,partial,30,EKF + CTRV
MVI_40204,128,0,medium,18,0.72,preserved,970.0,970.0,1.0,131,partial,30,EKF + CTRV
MVI_40204,128,1,long,98,3.92,lost,970.0,,0.2959,131,partial,30,EKF + CTRV
MVI_40204,129,0,long,156,6.24,no_before,,,0.2564,156,partial,30,EKF + CTRV
MVI_40204,133,0,long,53,2.12,lost,998.0,,0.283,106,partial,30,EKF + CTRV
MVI_40204,135,0,long,75,3.0,lost,1013.0,,0.1333,141,partial,30,EKF + CTRV
MVI_40204,137,0,long,63,2.52,lost,1044.0,,0.2857,126,partial,30,EKF + CTRV
MVI_40204,138,0,short,7,0.28,lost,1213.0,,0.0,166,partial,30,EKF + CTRV
MVI_40204,142,0,long,145,5.8,no_before,,,0.8345,146,partial,30,EKF + CTRV
MVI_40204,145,0,long,146,5.84,no_before,,,0.5411,161,partial,30,EKF + CTRV
MVI_40204,148,0,long,110,4.4,lost,1146.0,,0.3,151,partial,30,EKF + CTRV
MVI_40204,149,0,long,72,2.88,lost,1161.0,,0.1667,161,partial,30,EKF + CTRV
MVI_40204,150,0,long,146,5.84,no_before,,,0.7055,146,partial,30,EKF + CTRV
MVI_40204,153,0,long,129,5.16,lost,1181.0,,0.4419,171,partial,30,EKF + CTRV
MVI_40204,154,0,medium,28,1.12,no_before,,,0.5714,166,partial,30,EKF + CTRV
MVI_40204,158,0,medium,31,1.24,no_before,,,0.0,175,partial,30,EKF + CTRV
MVI_40204,161,0,medium,22,0.88,no_before,,,0.8636,170,partial,30,EKF + CTRV
MVI_40204,161,1,long,67,2.68,lost,1238.0,,0.1642,170,partial,30,EKF + CTRV
MVI_40204,162,0,long,151,6.04,no_before,,,0.0199,151,partial,30,EKF + CTRV
MVI_40204,165,1,long,139,5.56,lost,1266.0,,0.6259,145,partial,30,EKF + CTRV
MVI_40204,168,0,long,120,4.8,no_before,,,0.725,120,partial,30,EKF + CTRV
MVI_40204,173,0,long,65,2.6,no_before,,,0.9692,65,partial,30,EKF + CTRV
MVI_40204,177,0,medium,20,0.8,no_before,,,0.6,20,partial,30,EKF + CTRV
MVI_40751,2,0,long,72,2.88,switched,1.0,28.0,0.0833,1140,partial,30,EKF + CTRV
MVI_40751,2,1,long,175,7.0,switched,28.0,373.0,0.6514,1140,partial,30,EKF + CTRV
MVI_40751,2,2,short,9,0.36,preserved,373.0,373.0,1.0,1140,partial,30,EKF + CTRV
MVI_40751,2,3,short,6,0.24,preserved,373.0,373.0,1.0,1140,partial,30,EKF + CTRV
MVI_40751,2,4,long,410,16.4,preserved,373.0,373.0,1.0,1140,partial,30,EKF + CTRV
MVI_40751,3,0,long,58,2.32,no_before,,,0.9655,81,partial,30,EKF + CTRV
MVI_40751,4,1,long,46,1.84,preserved,2.0,2.0,1.0,141,partial,30,EKF + CTRV
MVI_40751,5,0,medium,19,0.76,no_before,,,0.0,146,partial,30,EKF + CTRV
MVI_40751,7,0,medium,19,0.76,no_before,,,0.0,186,partial,30,EKF + CTRV
MVI_40751,7,1,medium,14,0.56,preserved,65.0,65.0,1.0,186,partial,30,EKF + CTRV
MVI_40751,7,3,long,97,3.88,preserved,65.0,65.0,1.0,186,partial,30,EKF + CTRV
MVI_40751,8,1,short,4,0.16,preserved,164.0,164.0,1.0,920,partial,30,EKF + CTRV
MVI_40751,8,2,short,5,0.2,preserved,164.0,164.0,1.0,920,partial,30,EKF + CTRV
MVI_40751,8,3,short,10,0.4,preserved,164.0,164.0,1.0,920,partial,30,EKF + CTRV
MVI_40751,8,4,medium,24,0.96,preserved,164.0,164.0,1.0,920,partial,30,EKF + CTRV
MVI_40751,8,5,long,591,23.64,lost,164.0,,0.7783,920,partial,30,EKF + CTRV
MVI_40751,9,0,medium,34,1.36,preserved,157.0,157.0,1.0,96,partial,30,EKF + CTRV
MVI_40751,11,0,medium,32,1.28,no_before,,,0.4062,156,partial,30,EKF + CTRV
MVI_40751,11,1,long,89,3.56,preserved,180.0,180.0,0.9663,156,partial,30,EKF + CTRV
MVI_40751,15,0,long,223,8.92,lost,186.0,,1.0,775,partial,30,EKF + CTRV
MVI_40751,21,0,short,5,0.2,no_before,,,0.0,625,partial,30,EKF + CTRV
MVI_40751,21,1,long,612,24.48,lost,329.0,,0.0294,625,partial,30,EKF + CTRV
MVI_40751,23,0,short,11,0.44,preserved,359.0,359.0,1.0,66,partial,30,EKF + CTRV
MVI_40751,23,1,short,4,0.16,preserved,359.0,359.0,1.0,66,partial,30,EKF + CTRV
MVI_40751,28,0,short,3,0.12,preserved,439.0,439.0,1.0,405,partial,30,EKF + CTRV
MVI_40751,28,1,medium,15,0.6,preserved,439.0,439.0,1.0,405,partial,30,EKF + CTRV
MVI_40751,29,0,medium,23,0.92,preserved,461.0,461.0,1.0,370,partial,30,EKF + CTRV
MVI_40751,31,0,long,41,1.64,no_before,,,0.7073,43,partial,30,EKF + CTRV
MVI_40751,32,0,long,172,6.88,switched,487.0,521.0,0.8721,266,partial,30,EKF + CTRV
MVI_40751,33,0,medium,14,0.56,preserved,501.0,501.0,1.0,270,partial,30,EKF + CTRV
MVI_40751,35,0,medium,23,0.92,lost,529.0,,1.0,156,partial,30,EKF + CTRV
MVI_40751,36,0,long,77,3.08,lost,539.0,,1.0,195,partial,30,EKF + CTRV
MVI_40751,38,0,medium,13,0.52,preserved,557.0,557.0,1.0,140,partial,30,EKF + CTRV
MVI_40751,38,1,long,49,1.96,lost,557.0,,1.0,140,partial,30,EKF + CTRV
MVI_40751,41,0,long,45,1.8,no_before,,,0.3111,45,partial,30,EKF + CTRV
MVI_63554,3,0,short,11,0.44,no_before,,,0.6364,11,partial,30,EKF + CTRV
MVI_63554,4,0,medium,26,1.04,no_before,,,0.0,26,partial,30,EKF + CTRV
MVI_63554,5,0,long,40,1.6,no_before,,,0.925,41,partial,30,EKF + CTRV
MVI_63554,8,0,medium,13,0.52,no_before,,,0.3846,16,partial,30,EKF + CTRV
MVI_63554,9,0,long,55,2.2,lost,16.0,,0.0727,61,partial,30,EKF + CTRV
MVI_63554,11,0,long,52,2.08,lost,30.0,,0.0577,61,partial,30,EKF + CTRV
MVI_63554,13,0,medium,16,0.64,no_before,,,0.25,26,partial,30,EKF + CTRV
MVI_63554,15,0,long,65,2.6,lost,46.0,,0.9692,76,partial,30,EKF + CTRV
MVI_63554,19,0,long,62,2.48,switched,66.0,74.0,0.8548,81,partial,30,EKF + CTRV
MVI_63554,20,0,long,57,2.28,lost,68.0,,0.0,66,partial,30,EKF + CTRV
MVI_63554,22,0,long,61,2.44,no_before,,,0.3443,61,partial,30,EKF + CTRV
MVI_63554,23,0,long,45,1.8,switched,82.0,87.0,0.6889,81,partial,30,EKF + CTRV
MVI_63554,24,0,short,11,0.44,no_before,,,0.1818,21,partial,30,EKF + CTRV
MVI_63554,25,0,long,51,2.04,no_before,,,0.098,56,partial,30,EKF + CTRV
MVI_63554,30,0,long,74,2.96,lost,135.0,,0.2027,81,partial,30,EKF + CTRV
MVI_63554,31,0,long,76,3.04,no_before,,,0.5263,76,partial,30,EKF + CTRV
MVI_63554,32,0,long,64,2.56,lost,140.0,,0.0938,71,partial,30,EKF + CTRV
MVI_63554,33,0,long,45,1.8,lost,149.0,,0.9556,81,partial,30,EKF + CTRV
MVI_63554,35,0,medium,16,0.64,no_before,,,0.8125,86,partial,30,EKF + CTRV
MVI_63554,36,0,long,59,2.36,lost,172.0,,0.0678,66,partial,30,EKF + CTRV
MVI_63554,41,0,medium,25,1.0,lost,196.0,,0.56,91,partial,30,EKF + CTRV
MVI_63554,42,0,short,11,0.44,no_before,,,0.1818,16,partial,30,EKF + CTRV
MVI_63554,43,0,long,62,2.48,lost,200.0,,0.0806,71,partial,30,EKF + CTRV
MVI_63554,44,0,long,64,2.56,lost,204.0,,0.7812,71,partial,30,EKF + CTRV
MVI_63554,47,0,long,59,2.36,lost,211.0,,0.1356,66,partial,30,EKF + CTRV
MVI_63554,49,0,long,54,2.16,lost,222.0,,0.8333,81,partial,30,EKF + CTRV
MVI_63554,50,0,long,63,2.52,lost,224.0,,0.254,71,partial,30,EKF + CTRV
MVI_63554,51,0,short,11,0.44,no_before,,,0.0,21,partial,30,EKF + CTRV
MVI_63554,55,0,long,62,2.48,lost,283.0,,0.7903,71,partial,30,EKF + CTRV
MVI_63554,56,0,long,48,1.92,no_before,,,0.0,51,partial,30,EKF + CTRV
MVI_63554,58,0,medium,21,0.84,preserved,294.0,294.0,0.9524,41,partial,30,EKF + CTRV
MVI_63554,60,0,medium,13,0.52,no_before,,,0.2308,21,partial,30,EKF + CTRV
MVI_63554,61,0,long,63,2.52,no_before,,,0.5079,66,partial,30,EKF + CTRV
MVI_63554,62,0,short,5,0.2,preserved,311.0,311.0,1.0,66,partial,30,EKF + CTRV
MVI_63554,62,1,medium,35,1.4,lost,311.0,,0.5429,66,partial,30,EKF + CTRV
MVI_63554,63,0,long,60,2.4,lost,316.0,,0.7,66,partial,30,EKF + CTRV
MVI_63554,64,0,long,42,1.68,no_before,,,0.0238,46,partial,30,EKF + CTRV
MVI_63554,68,0,long,57,2.28,lost,346.0,,0.0702,66,partial,30,EKF + CTRV
MVI_63554,69,0,medium,16,0.64,no_before,,,0.5625,26,partial,30,EKF + CTRV
MVI_63554,72,0,medium,20,0.8,lost,360.0,,0.35,101,partial,30,EKF + CTRV
MVI_63554,73,0,long,50,2.0,preserved,363.0,363.0,0.88,61,partial,30,EKF + CTRV
MVI_63554,76,0,medium,13,0.52,no_before,,,0.3077,21,partial,30,EKF + CTRV
MVI_63554,77,0,long,56,2.24,lost,373.0,,0.0714,61,partial,30,EKF + CTRV
MVI_63554,79,0,long,61,2.44,no_before,,,0.3934,71,partial,30,EKF + CTRV
MVI_63554,80,0,long,55,2.2,lost,381.0,,0.8364,61,partial,30,EKF + CTRV
MVI_63554,81,0,short,10,0.4,no_before,,,0.5,81,partial,30,EKF + CTRV
MVI_63554,82,0,long,53,2.12,no_before,,,0.0755,56,partial,30,EKF + CTRV
MVI_63554,83,0,medium,15,0.6,no_before,,,0.1333,21,partial,30,EKF + CTRV
MVI_63554,86,0,long,49,1.96,no_before,,,0.0,56,partial,30,EKF + CTRV
MVI_63554,87,0,medium,31,1.24,preserved,410.0,410.0,0.871,61,partial,30,EKF + CTRV
MVI_63554,88,0,medium,13,0.52,no_before,,,0.2308,16,partial,30,EKF + CTRV
MVI_63554,90,0,medium,20,0.8,lost,422.0,,0.85,86,partial,30,EKF + CTRV
MVI_63554,92,0,long,50,2.0,lost,428.0,,0.1,56,partial,30,EKF + CTRV
MVI_63554,93,0,long,39,1.56,preserved,434.0,434.0,0.7949,71,partial,30,EKF + CTRV
MVI_63554,93,3,short,9,0.36,lost,434.0,,0.0,71,partial,30,EKF + CTRV
MVI_63554,94,0,medium,26,1.04,preserved,436.0,436.0,1.0,56,partial,30,EKF + CTRV
MVI_63554,95,0,long,51,2.04,preserved,444.0,444.0,0.7059,81,partial,30,EKF + CTRV
MVI_63554,96,0,medium,15,0.6,no_before,,,0.0667,26,partial,30,EKF + CTRV
MVI_63554,98,0,long,64,2.56,lost,453.0,,0.7344,71,partial,30,EKF + CTRV
MVI_63554,99,0,medium,15,0.6,no_before,,,0.6667,26,partial,30,EKF + CTRV
MVI_63554,101,0,long,48,1.92,no_before,,,0.0417,51,partial,30,EKF + CTRV
MVI_63554,102,0,medium,14,0.56,no_before,,,0.0714,26,partial,30,EKF + CTRV
MVI_63554,103,0,medium,17,0.68,lost,493.0,,0.5294,71,partial,30,EKF + CTRV
MVI_63554,105,0,long,61,2.44,lost,497.0,,0.7541,66,partial,30,EKF + CTRV
MVI_63554,108,0,long,44,1.76,no_before,,,0.0,51,partial,30,EKF + CTRV
MVI_63554,109,0,medium,18,0.72,no_before,,,0.2778,31,partial,30,EKF + CTRV
MVI_63554,112,0,medium,31,1.24,no_before,,,0.6129,61,partial,30,EKF + CTRV
MVI_63554,115,0,long,53,2.12,lost,554.0,,0.0943,61,partial,30,EKF + CTRV
MVI_63554,116,0,medium,15,0.6,no_before,,,0.2,26,partial,30,EKF + CTRV
MVI_63554,117,0,long,53,2.12,lost,561.0,,0.4528,61,partial,30,EKF + CTRV
MVI_63554,120,0,medium,15,0.6,no_before,,,0.2,26,partial,30,EKF + CTRV
MVI_63554,123,0,long,60,2.4,no_before,,,0.4,61,partial,30,EKF + CTRV
MVI_63554,124,0,long,54,2.16,no_before,,,0.1111,61,partial,30,EKF + CTRV
MVI_63554,126,0,medium,37,1.48,lost,606.0,,0.9189,56,partial,30,EKF + CTRV
MVI_63554,129,0,medium,13,0.52,no_before,,,0.3846,21,partial,30,EKF + CTRV
MVI_63554,132,0,short,12,0.48,no_before,,,0.4167,26,partial,30,EKF + CTRV
MVI_63554,134,0,long,55,2.2,lost,657.0,,0.6909,61,partial,30,EKF + CTRV
MVI_63554,137,0,short,12,0.48,no_before,,,0.1667,16,partial,30,EKF + CTRV
MVI_63554,139,0,long,48,1.92,lost,679.0,,0.875,56,partial,30,EKF + CTRV
MVI_63554,142,0,medium,15,0.6,no_before,,,0.3333,26,partial,30,EKF + CTRV
MVI_63554,143,0,long,57,2.28,lost,688.0,,0.8772,66,partial,30,EKF + CTRV
MVI_63554,147,0,long,39,1.56,lost,703.0,,0.0769,46,partial,30,EKF + CTRV
MVI_63554,148,0,short,8,0.32,preserved,700.0,700.0,1.0,56,partial,30,EKF + CTRV
MVI_63554,151,0,short,12,0.48,no_before,,,0.5833,21,partial,30,EKF + CTRV
MVI_63554,152,0,short,10,0.4,preserved,718.0,718.0,1.0,61,partial,30,EKF + CTRV
MVI_63554,152,1,short,2,0.08,preserved,718.0,718.0,1.0,61,partial,30,EKF + CTRV
MVI_63554,152,2,short,5,0.2,lost,718.0,,0.0,61,partial,30,EKF + CTRV
MVI_63554,153,0,medium,14,0.56,no_before,,,0.3571,20,partial,30,EKF + CTRV
MVI_63554,155,0,long,49,1.96,lost,726.0,,0.0816,56,partial,30,EKF + CTRV
MVI_63554,158,0,long,54,2.16,lost,741.0,,0.8889,66,partial,30,EKF + CTRV
MVI_63554,160,0,short,12,0.48,no_before,,,0.3333,21,partial,30,EKF + CTRV
MVI_63554,162,0,long,54,2.16,lost,749.0,,0.7407,61,partial,30,EKF + CTRV
MVI_63554,163,0,long,54,2.16,no_before,,,0.9259,71,partial,30,EKF + CTRV
MVI_63554,164,0,long,66,2.64,no_before,,,1.0,66,partial,30,EKF + CTRV
MVI_63554,165,0,long,52,2.08,lost,764.0,,0.0577,56,partial,30,EKF + CTRV
MVI_63554,168,0,long,53,2.12,lost,789.0,,0.8491,61,partial,30,EKF + CTRV
MVI_63554,169,0,medium,14,0.56,no_before,,,0.7143,21,partial,30,EKF + CTRV
MVI_63554,171,0,long,50,2.0,lost,809.0,,0.1,56,partial,30,EKF + CTRV
MVI_63554,174,0,short,11,0.44,no_before,,,0.3636,16,partial,30,EKF + CTRV
MVI_63554,175,0,long,59,2.36,lost,818.0,,0.7288,66,partial,30,EKF + CTRV
MVI_63554,177,0,long,51,2.04,lost,827.0,,0.098,56,partial,30,EKF + CTRV
MVI_63554,180,0,short,9,0.36,no_before,,,0.8889,16,partial,30,EKF + CTRV
MVI_63554,182,0,long,51,2.04,lost,852.0,,0.098,56,partial,30,EKF + CTRV
MVI_63554,183,0,short,8,0.32,no_before,,,0.125,21,partial,30,EKF + CTRV
MVI_63554,185,0,long,39,1.56,no_before,,,0.8205,40,partial,30,EKF + CTRV
MVI_63554,186,0,medium,18,0.72,lost,861.0,,0.1111,25,partial,30,EKF + CTRV
MVI_63554,188,0,short,11,0.44,no_before,,,0.3636,15,partial,30,EKF + CTRV
MVI_63554,189,0,medium,14,0.56,no_before,,,0.7143,31,partial,30,EKF + CTRV
MVI_63554,190,0,medium,17,0.68,no_before,,,0.4118,31,partial,30,EKF + CTRV
MVI_40131,1,0,long,61,2.44,switched,4.0,116.0,0.0,486,full,30,EKF + CTRV
MVI_40131,19,0,long,54,2.16,switched,79.0,407.0,0.0,1086,full,30,EKF + CTRV
MVI_40131,35,0,long,50,2.0,switched,263.0,435.0,0.0,456,full,30,EKF + CTRV
MVI_40171,9,0,short,1,0.04,preserved,52.0,52.0,1.0,61,full,30,EKF + CTRV
MVI_40171,9,1,short,10,0.4,preserved,52.0,52.0,0.9,61,full,30,EKF + CTRV
MVI_40171,26,0,short,3,0.12,preserved,234.0,234.0,0.6667,56,full,30,EKF + CTRV
MVI_40171,41,0,long,66,2.64,switched,6.0,304.0,0.0,1150,full,30,EKF + CTRV
MVI_40171,41,1,long,38,1.52,switched,304.0,406.0,0.0,1150,full,30,EKF + CTRV
MVI_40171,42,0,medium,14,0.56,no_before,,,0.0,1150,full,30,EKF + CTRV
MVI_40171,42,1,short,1,0.04,no_before,,,0.0,1150,full,30,EKF + CTRV
MVI_40171,42,2,short,2,0.08,no_before,,,0.0,1150,full,30,EKF + CTRV
MVI_40171,42,3,long,772,30.88,no_before,,,0.0,1150,full,30,EKF + CTRV
MVI_40171,42,4,long,142,5.68,no_before,,,0.0,1150,full,30,EKF + CTRV
MVI_40171,43,0,long,121,4.84,no_before,,,0.0,1150,full,30,EKF + CTRV
MVI_40171,43,1,long,1012,40.48,no_before,,,0.0,1150,full,30,EKF + CTRV
MVI_40171,44,0,long,141,5.64,no_before,,,0.0,1150,full,30,EKF + CTRV
MVI_40171,44,1,long,989,39.56,no_before,,,0.0,1150,full,30,EKF + CTRV
MVI_40172,16,0,long,158,6.32,no_before,,,0.0,227,full,30,EKF + CTRV
MVI_40172,99,0,long,42,1.68,switched,2.0,56.0,0.0,2635,full,30,EKF + CTRV
MVI_40172,99,1,long,40,1.6,switched,56.0,244.0,0.0,2635,full,30,EKF + CTRV
MVI_40172,99,2,medium,15,0.6,switched,244.0,814.0,0.0,2635,full,30,EKF + CTRV
MVI_40172,100,0,long,2225,89.0,no_before,,,0.0,2635,full,30,EKF + CTRV
MVI_40172,101,0,long,1489,59.56,no_before,,,0.0,2635,full,30,EKF + CTRV
MVI_40172,101,1,long,148,5.92,no_before,,,0.0,2635,full,30,EKF + CTRV
MVI_40172,101,2,long,526,21.04,no_before,,,0.0,2635,full,30,EKF + CTRV
MVI_40172,101,3,short,2,0.08,no_before,,,0.0,2635,full,30,EKF + CTRV
MVI_40172,101,4,short,9,0.36,no_before,,,0.0,2635,full,30,EKF + CTRV
MVI_40172,101,5,medium,19,0.76,no_before,,,0.0,2635,full,30,EKF + CTRV
MVI_40172,102,0,long,395,15.8,no_before,,,0.0,2635,full,30,EKF + CTRV
MVI_40172,102,1,long,1062,42.48,no_before,,,0.0,2635,full,30,EKF + CTRV
MVI_40172,102,2,short,7,0.28,no_before,,,0.0,2635,full,30,EKF + CTRV
MVI_40172,102,3,short,1,0.04,no_before,,,0.0,2635,full,30,EKF + CTRV
MVI_40172,102,4,short,2,0.08,no_before,,,0.0,2635,full,30,EKF + CTRV
MVI_40172,102,5,long,53,2.12,no_before,,,0.0,2635,full,30,EKF + CTRV
MVI_40172,102,6,short,5,0.2,no_before,,,0.0,2635,full,30,EKF + CTRV
MVI_40172,102,7,medium,19,0.76,no_before,,,0.0,2635,full,30,EKF + CTRV
MVI_40172,102,8,long,67,2.68,no_before,,,0.0,2635,full,30,EKF + CTRV
MVI_40172,102,9,long,87,3.48,no_before,,,0.0,2635,full,30,EKF + CTRV
MVI_40172,102,10,short,2,0.08,no_before,,,0.0,2635,full,30,EKF + CTRV
MVI_40172,102,11,long,95,3.8,no_before,,,0.0,2635,full,30,EKF + CTRV
MVI_40172,105,0,long,47,1.88,switched,3.0,65.0,0.0,2635,full,30,EKF + CTRV
MVI_40172,105,1,long,42,1.68,switched,65.0,231.0,0.0,2635,full,30,EKF + CTRV
MVI_40172,105,2,short,7,0.28,no_before,,,0.0,2635,full,30,EKF + CTRV
MVI_40172,105,3,medium,20,0.8,switched,438.0,821.0,0.0,2635,full,30,EKF + CTRV
MVI_40204,15,0,short,1,0.04,lost,25.0,,0.0,136,full,30,EKF + CTRV
MVI_40204,35,0,medium,21,0.84,no_before,,,0.0,131,full,30,EKF + CTRV
MVI_40204,35,1,short,9,0.36,no_before,,,0.0,131,full,30,EKF + CTRV
MVI_40204,51,0,short,3,0.12,preserved,367.0,367.0,0.0,131,full,30,EKF + CTRV
MVI_40204,51,1,short,6,0.24,lost,367.0,,0.1667,131,full,30,EKF + CTRV
MVI_40204,51,2,short,1,0.04,lost,367.0,,0.0,131,full,30,EKF + CTRV
MVI_40204,60,0,short,1,0.04,lost,306.0,,0.0,131,full,30,EKF + CTRV
MVI_40204,60,1,short,1,0.04,no_before,,,0.0,131,full,30,EKF + CTRV
MVI_40204,65,0,short,3,0.12,no_before,,,0.0,141,full,30,EKF + CTRV
MVI_40204,71,0,medium,16,0.64,lost,579.0,,0.0,116,full,30,EKF + CTRV
MVI_40204,71,1,short,1,0.04,no_before,,,0.0,116,full,30,EKF + CTRV
MVI_40204,81,0,short,9,0.36,no_before,,,0.0,141,full,30,EKF + CTRV
MVI_40204,81,1,short,3,0.12,no_before,,,0.0,141,full,30,EKF + CTRV
MVI_40204,85,0,short,12,0.48,lost,725.0,,0.0,141,full,30,EKF + CTRV
MVI_40204,85,1,short,7,0.28,lost,725.0,,0.0,141,full,30,EKF + CTRV
MVI_40204,88,0,short,2,0.08,lost,743.0,,0.0,146,full,30,EKF + CTRV
MVI_40204,88,1,short,1,0.04,lost,743.0,,0.0,146,full,30,EKF + CTRV
MVI_40204,88,2,short,1,0.04,lost,743.0,,0.0,146,full,30,EKF + CTRV
MVI_40204,90,0,short,8,0.32,preserved,678.0,678.0,0.75,146,full,30,EKF + CTRV
MVI_40204,90,1,short,4,0.16,preserved,678.0,678.0,0.75,146,full,30,EKF + CTRV
MVI_40204,90,2,short,1,0.04,lost,678.0,,1.0,146,full,30,EKF + CTRV
MVI_40204,90,3,short,1,0.04,lost,678.0,,0.0,146,full,30,EKF + CTRV
MVI_40204,90,4,medium,18,0.72,lost,678.0,,0.0,146,full,30,EKF + CTRV
MVI_40204,98,0,long,53,2.12,lost,715.0,,0.0,156,full,30,EKF + CTRV
MVI_40204,108,0,short,1,0.04,preserved,802.0,802.0,0.0,151,full,30,EKF + CTRV
MVI_40204,116,0,short,1,0.04,no_before,,,0.0,146,full,30,EKF + CTRV
MVI_40204,116,1,short,1,0.04,no_before,,,0.0,146,full,30,EKF + CTRV
MVI_40204,128,0,short,10,0.4,lost,970.0,,0.0,131,full,30,EKF + CTRV
MVI_40204,129,0,short,1,0.04,no_before,,,0.0,156,full,30,EKF + CTRV
MVI_40204,129,1,short,2,0.08,no_before,,,0.0,156,full,30,EKF + CTRV
MVI_40204,162,0,short,1,0.04,no_before,,,0.0,151,full,30,EKF + CTRV
MVI_40204,162,1,short,1,0.04,no_before,,,0.0,151,full,30,EKF + CTRV
MVI_40204,162,2,short,2,0.08,no_before,,,0.0,151,full,30,EKF + CTRV
MVI_40204,162,3,medium,14,0.56,no_before,,,0.0,151,full,30,EKF + CTRV
MVI_40204,165,0,short,6,0.24,switched,1409.0,1468.0,0.0,145,full,30,EKF + CTRV
MVI_40204,168,0,short,1,0.04,preserved,1453.0,1453.0,1.0,120,full,30,EKF + CTRV
MVI_40751,2,0,long,47,1.88,switched,1.0,28.0,0.0,1140,full,30,EKF + CTRV
MVI_40751,21,0,short,12,0.48,lost,329.0,,0.0,625,full,30,EKF + CTRV
MVI_40751,21,1,short,4,0.16,lost,329.0,,0.0,625,full,30,EKF + CTRV
MVI_40751,21,2,short,4,0.16,no_before,,,0.0,625,full,30,EKF + CTRV
MVI_40751,21,3,short,3,0.12,no_before,,,0.0,625,full,30,EKF + CTRV
MVI_40751,21,4,short,2,0.08,no_before,,,0.0,625,full,30,EKF + CTRV
MVI_40751,21,5,short,4,0.16,no_before,,,0.0,625,full,30,EKF + CTRV
MVI_40751,21,6,short,4,0.16,no_before,,,0.0,625,full,30,EKF + CTRV
MVI_63554,4,0,short,3,0.12,no_before,,,0.0,26,full,30,EKF + CTRV
MVI_63554,4,1,short,6,0.24,no_before,,,0.0,26,full,30,EKF + CTRV
MVI_63554,8,0,short,2,0.08,no_before,,,0.0,16,full,30,EKF + CTRV
MVI_63554,9,0,medium,35,1.4,lost,16.0,,0.0,61,full,30,EKF + CTRV
MVI_63554,20,0,short,1,0.04,lost,68.0,,0.0,66,full,30,EKF + CTRV
MVI_63554,25,0,medium,19,0.76,lost,87.0,,0.0,56,full,30,EKF + CTRV
MVI_63554,32,0,long,57,2.28,lost,140.0,,0.0,71,full,30,EKF + CTRV
MVI_63554,36,0,long,49,1.96,lost,172.0,,0.0,66,full,30,EKF + CTRV
MVI_63554,42,0,short,1,0.04,no_before,,,0.0,16,full,30,EKF + CTRV
MVI_63554,43,0,long,55,2.2,lost,200.0,,0.0,71,full,30,EKF + CTRV
MVI_63554,56,0,medium,30,1.2,no_before,,,0.0,51,full,30,EKF + CTRV
MVI_63554,56,1,short,9,0.36,no_before,,,0.0,51,full,30,EKF + CTRV
MVI_63554,61,0,short,1,0.04,no_before,,,0.0,66,full,30,EKF + CTRV
MVI_63554,61,1,short,6,0.24,no_before,,,0.0,66,full,30,EKF + CTRV
MVI_63554,64,0,medium,37,1.48,lost,318.0,,0.0,46,full,30,EKF + CTRV
MVI_63554,68,0,long,51,2.04,lost,346.0,,0.0,66,full,30,EKF + CTRV
MVI_63554,77,0,medium,20,0.8,lost,373.0,,0.0,61,full,30,EKF + CTRV
MVI_63554,79,0,short,9,0.36,switched,380.0,403.0,0.2222,71,full,30,EKF + CTRV
MVI_63554,82,0,long,47,1.88,lost,384.0,,0.0,56,full,30,EKF + CTRV
MVI_63554,83,0,short,5,0.2,no_before,,,0.0,21,full,30,EKF + CTRV
MVI_63554,86,0,long,43,1.72,no_before,,,0.0,56,full,30,EKF + CTRV
MVI_63554,88,0,short,3,0.12,no_before,,,0.0,16,full,30,EKF + CTRV
MVI_63554,92,0,medium,14,0.56,switched,428.0,446.0,0.0,56,full,30,EKF + CTRV
MVI_63554,92,1,short,8,0.32,switched,428.0,446.0,0.0,56,full,30,EKF + CTRV
MVI_63554,96,0,short,4,0.16,no_before,,,0.0,26,full,30,EKF + CTRV
MVI_63554,101,0,long,42,1.68,lost,484.0,,0.0,51,full,30,EKF + CTRV
MVI_63554,108,0,long,39,1.56,no_before,,,0.0,51,full,30,EKF + CTRV
MVI_63554,115,0,short,3,0.12,lost,554.0,,0.0,61,full,30,EKF + CTRV
MVI_63554,115,1,short,9,0.36,lost,554.0,,0.0,61,full,30,EKF + CTRV
MVI_63554,116,0,short,2,0.08,no_before,,,0.0,26,full,30,EKF + CTRV
MVI_63554,120,0,short,4,0.16,no_before,,,0.0,26,full,30,EKF + CTRV
MVI_63554,124,0,medium,24,0.96,lost,604.0,,0.0,61,full,30,EKF + CTRV
MVI_63554,124,1,medium,19,0.76,lost,604.0,,0.0,61,full,30,EKF + CTRV
MVI_63554,129,0,short,2,0.08,no_before,,,0.0,21,full,30,EKF + CTRV
MVI_63554,137,0,short,3,0.12,no_before,,,0.0,16,full,30,EKF + CTRV
MVI_63554,147,0,medium,28,1.12,lost,703.0,,0.0,46,full,30,EKF + CTRV
MVI_63554,151,0,short,1,0.04,no_before,,,0.0,21,full,30,EKF + CTRV
MVI_63554,153,0,short,2,0.08,no_before,,,0.0,20,full,30,EKF + CTRV
MVI_63554,155,0,medium,19,0.76,lost,726.0,,0.0,56,full,30,EKF + CTRV
MVI_63554,165,0,medium,20,0.8,lost,764.0,,0.0,56,full,30,EKF + CTRV
MVI_63554,165,1,medium,22,0.88,lost,764.0,,0.0,56,full,30,EKF + CTRV
MVI_63554,171,0,medium,33,1.32,lost,809.0,,0.0,56,full,30,EKF + CTRV
MVI_63554,174,0,short,2,0.08,no_before,,,0.0,16,full,30,EKF + CTRV
MVI_63554,177,0,medium,13,0.52,no_before,,,0.0,56,full,30,EKF + CTRV
MVI_63554,182,0,long,38,1.52,lost,852.0,,0.0,56,full,30,EKF + CTRV
MVI_40131,1,0,long,120,4.8,switched,4.0,117.0,0.2583,486,partial,30,UKF + CTRV
MVI_40131,12,0,long,81,3.24,no_before,,,0.4938,326,partial,30,UKF + CTRV
MVI_40131,16,0,long,52,2.08,switched,70.0,94.0,0.1923,256,partial,30,UKF + CTRV
MVI_40131,16,1,medium,22,0.88,preserved,94.0,94.0,1.0,256,partial,30,UKF + CTRV
MVI_40131,17,0,long,64,2.56,no_before,,,0.375,171,partial,30,UKF + CTRV
MVI_40131,19,0,medium,19,0.76,preserved,79.0,79.0,0.4211,1086,partial,30,UKF + CTRV
MVI_40131,19,1,long,114,4.56,switched,79.0,410.0,0.2456,1086,partial,30,UKF + CTRV
MVI_40131,19,2,medium,18,0.72,preserved,410.0,410.0,1.0,1086,partial,30,UKF + CTRV
MVI_40131,19,3,short,6,0.24,preserved,410.0,410.0,1.0,1086,partial,30,UKF + CTRV
MVI_40131,19,4,medium,13,0.52,preserved,498.0,498.0,1.0,1086,partial,30,UKF + CTRV
MVI_40131,19,5,long,72,2.88,preserved,410.0,410.0,1.0,1086,partial,30,UKF + CTRV
MVI_40131,19,6,medium,29,1.16,preserved,410.0,410.0,1.0,1086,partial,30,UKF + CTRV
MVI_40131,20,0,short,5,0.2,no_before,,,0.0,406,partial,30,UKF + CTRV
MVI_40131,20,1,long,62,2.48,no_before,,,0.0968,406,partial,30,UKF + CTRV
MVI_40131,20,2,short,7,0.28,preserved,112.0,112.0,1.0,406,partial,30,UKF + CTRV
MVI_40131,23,0,medium,25,1.0,no_before,,,0.24,226,partial,30,UKF + CTRV
MVI_40131,25,0,long,177,7.08,switched,151.0,194.0,0.9209,321,partial,30,UKF + CTRV
MVI_40131,26,0,long,84,3.36,switched,170.0,198.0,0.6548,231,partial,30,UKF + CTRV
MVI_40131,29,0,long,102,4.08,switched,241.0,421.0,0.9412,816,partial,30,UKF + CTRV
MVI_40131,30,0,short,9,0.36,preserved,212.0,212.0,1.0,296,partial,30,UKF + CTRV
MVI_40131,30,1,long,51,2.04,preserved,212.0,212.0,0.902,296,partial,30,UKF + CTRV
MVI_40131,31,0,medium,24,0.96,no_before,,,0.0,221,partial,30,UKF + CTRV
MVI_40131,31,1,short,8,0.32,no_before,,,0.0,221,partial,30,UKF + CTRV
MVI_40131,34,0,long,65,2.6,no_before,,,0.8769,281,partial,30,UKF + CTRV
MVI_40131,35,0,long,97,3.88,switched,261.0,438.0,0.2784,456,partial,30,UKF + CTRV
MVI_40131,35,1,medium,26,1.04,preserved,438.0,438.0,1.0,456,partial,30,UKF + CTRV
MVI_40131,36,0,medium,29,1.16,no_before,,,0.6207,226,partial,30,UKF + CTRV
MVI_40131,37,0,long,210,8.4,no_before,,,0.2381,421,partial,30,UKF + CTRV
MVI_40131,37,1,medium,33,1.32,preserved,472.0,472.0,1.0,421,partial,30,UKF + CTRV
MVI_40131,38,0,long,51,2.04,preserved,340.0,340.0,0.7647,306,partial,30,UKF + CTRV
MVI_40131,39,0,long,100,4.0,no_before,,,0.86,241,partial,30,UKF + CTRV
MVI_40131,39,1,long,55,2.2,preserved,329.0,329.0,1.0,241,partial,30,UKF + CTRV
MVI_40131,40,0,long,119,4.76,no_before,,,0.7899,366,partial,30,UKF + CTRV
MVI_40131,40,1,short,11,0.44,preserved,451.0,451.0,1.0,366,partial,30,UKF + CTRV
MVI_40131,40,3,medium,15,0.6,preserved,451.0,451.0,1.0,366,partial,30,UKF + CTRV
MVI_40131,40,4,short,8,0.32,preserved,451.0,451.0,1.0,366,partial,30,UKF + CTRV
MVI_40131,41,0,long,43,1.72,no_before,,,0.6047,281,partial,30,UKF + CTRV
MVI_40131,45,0,medium,25,1.0,no_before,,,0.2,206,partial,30,UKF + CTRV
MVI_40131,60,0,medium,22,0.88,lost,699.0,,0.7273,116,partial,30,UKF + CTRV
MVI_40131,62,0,medium,26,1.04,lost,714.0,,0.9231,95,partial,30,UKF + CTRV
MVI_40131,65,0,long,60,2.4,no_before,,,0.0,60,partial,30,UKF + CTRV
MVI_40171,1,0,medium,26,1.04,no_before,,,1.0,26,partial,30,UKF + CTRV
MVI_40171,6,0,long,41,1.64,preserved,21.0,21.0,0.9512,71,partial,30,UKF + CTRV
MVI_40171,7,0,long,56,2.24,no_before,,,0.2857,56,partial,30,UKF + CTRV
MVI_40171,8,0,short,12,0.48,no_before,,,0.0,726,partial,30,UKF + CTRV
MVI_40171,8,1,short,11,0.44,preserved,45.0,45.0,0.0,726,partial,30,UKF + CTRV
MVI_40171,8,3,medium,26,1.04,preserved,45.0,45.0,1.0,726,partial,30,UKF + CTRV
MVI_40171,8,4,medium,25,1.0,preserved,45.0,45.0,1.0,726,partial,30,UKF + CTRV
MVI_40171,8,5,medium,18,0.72,preserved,45.0,45.0,1.0,726,partial,30,UKF + CTRV
MVI_40171,8,6,short,12,0.48,preserved,45.0,45.0,1.0,726,partial,30,UKF + CTRV
MVI_40171,8,7,medium,32,1.28,switched,45.0,179.0,1.0,726,partial,30,UKF + CTRV
MVI_40171,8,8,medium,28,1.12,preserved,45.0,45.0,1.0,726,partial,30,UKF + CTRV
MVI_40171,8,9,medium,16,0.64,preserved,45.0,45.0,1.0,726,partial,30,UKF + CTRV
MVI_40171,9,1,short,10,0.4,preserved,52.0,52.0,0.9,61,partial,30,UKF + CTRV
MVI_40171,11,0,medium,27,1.08,preserved,59.0,59.0,1.0,91,partial,30,UKF + CTRV
MVI_40171,12,0,long,61,2.44,no_before,,,0.459,61,partial,30,UKF + CTRV
MVI_40171,14,0,medium,31,1.24,switched,92.0,100.0,0.7742,86,partial,30,UKF + CTRV
MVI_40171,15,0,long,66,2.64,no_before,,,0.5152,66,partial,30,UKF + CTRV
MVI_40171,16,0,long,61,2.44,no_before,,,0.8361,61,partial,30,UKF + CTRV
MVI_40171,17,0,short,11,0.44,no_before,,,0.2727,76,partial,30,UKF + CTRV
MVI_40171,18,0,long,209,8.36,switched,151.0,193.0,0.1196,786,partial,30,UKF + CTRV
MVI_40171,18,1,short,11,0.44,preserved,193.0,193.0,0.7273,786,partial,30,UKF + CTRV
MVI_40171,18,2,short,4,0.16,preserved,193.0,193.0,1.0,786,partial,30,UKF + CTRV
MVI_40171,18,3,short,4,0.16,preserved,193.0,193.0,0.5,786,partial,30,UKF + CTRV
MVI_40171,18,4,short,4,0.16,preserved,193.0,193.0,1.0,786,partial,30,UKF + CTRV
MVI_40171,19,0,long,61,2.44,no_before,,,0.8361,61,partial,30,UKF + CTRV
MVI_40171,22,0,long,69,2.76,lost,167.0,,0.7826,71,partial,30,UKF + CTRV
MVI_40171,23,0,long,62,2.48,preserved,187.0,187.0,0.8387,66,partial,30,UKF + CTRV
MVI_40171,25,0,long,66,2.64,no_before,,,0.7424,66,partial,30,UKF + CTRV
MVI_40171,26,0,long,47,1.88,no_before,,,0.8298,56,partial,30,UKF + CTRV
MVI_40171,27,0,medium,30,1.2,no_before,,,0.3667,76,partial,30,UKF + CTRV
MVI_40171,28,0,medium,21,0.84,no_before,,,0.9048,76,partial,30,UKF + CTRV
MVI_40171,29,0,long,53,2.12,no_before,,,0.7358,56,partial,30,UKF + CTRV
MVI_40171,31,0,medium,26,1.04,preserved,281.0,281.0,1.0,96,partial,30,UKF + CTRV
MVI_40171,34,0,long,66,2.64,lost,319.0,,0.8788,71,partial,30,UKF + CTRV
MVI_40171,35,0,long,62,2.48,preserved,327.0,327.0,0.871,76,partial,30,UKF + CTRV
MVI_40171,36,0,long,66,2.64,no_before,,,0.6364,66,partial,30,UKF + CTRV
MVI_40171,38,0,short,8,0.32,no_before,,,0.0,185,partial,30,UKF + CTRV
MVI_40171,39,0,long,70,2.8,lost,378.0,,0.7571,71,partial,30,UKF + CTRV
MVI_40171,40,0,medium,23,0.92,lost,400.0,,1.0,45,partial,30,UKF + CTRV
MVI_40171,41,0,long,99,3.96,switched,6.0,300.0,0.101,1150,partial,30,UKF + CTRV
MVI_40171,41,1,long,52,2.08,switched,300.0,402.0,0.0769,1150,partial,30,UKF + CTRV
MVI_40171,42,0,long,1150,46.0,no_before,,,0.0,1150,partial,30,UKF + CTRV
MVI_40171,43,0,long,1150,46.0,no_before,,,0.0,1150,partial,30,UKF + CTRV
MVI_40171,44,0,long,1150,46.0,no_before,,,0.0,1150,partial,30,UKF + CTRV
MVI_40172,16,0,long,180,7.2,no_before,,,0.0111,227,partial,30,UKF + CTRV
MVI_40172,35,0,long,39,1.56,no_before,,,0.8974,46,partial,30,UKF + CTRV
MVI_40172,36,0,medium,37,1.48,no_before,,,0.973,41,partial,30,UKF + CTRV
MVI_40172,40,0,medium,29,1.16,preserved,518.0,518.0,0.5517,71,partial,30,UKF + CTRV
MVI_40172,41,0,long,39,1.56,lost,522.0,,0.4615,41,partial,30,UKF + CTRV
MVI_40172,47,0,long,48,1.92,lost,556.0,,0.8958,51,partial,30,UKF + CTRV
MVI_40172,50,0,long,51,2.04,no_before,,,0.7451,51,partial,30,UKF + CTRV
MVI_40172,51,0,short,10,0.4,switched,570.0,573.0,0.5,81,partial,30,UKF + CTRV
MVI_40172,56,0,medium,28,1.12,lost,602.0,,1.0,61,partial,30,UKF + CTRV
MVI_40172,57,0,medium,37,1.48,preserved,608.0,608.0,1.0,51,partial,30,UKF + CTRV
MVI_40172,60,0,long,44,1.76,preserved,622.0,622.0,0.7955,66,partial,30,UKF + CTRV
MVI_40172,61,0,medium,13,0.52,preserved,623.0,623.0,1.0,36,partial,30,UKF + CTRV
MVI_40172,63,0,long,46,1.84,no_before,,,0.7391,46,partial,30,UKF + CTRV
MVI_40172,65,0,medium,29,1.16,switched,641.0,664.0,0.4483,46,partial,30,UKF + CTRV
MVI_40172,67,0,medium,31,1.24,no_before,,,0.6774,41,partial,30,UKF + CTRV
MVI_40172,79,0,long,114,4.56,no_before,,,0.0526,201,partial,30,UKF + CTRV
MVI_40172,95,0,long,40,1.6,lost,847.0,,0.85,41,partial,30,UKF + CTRV
MVI_40172,96,0,long,50,2.0,no_before,,,0.88,50,partial,30,UKF + CTRV
MVI_40172,99,0,long,50,2.0,switched,2.0,56.0,0.12,2635,partial,30,UKF + CTRV
MVI_40172,99,1,long,74,2.96,switched,56.0,243.0,0.0946,2635,partial,30,UKF + CTRV
MVI_40172,99,2,long,40,1.6,switched,243.0,812.0,0.125,2635,partial,30,UKF + CTRV
MVI_40172,100,0,long,2635,105.4,no_before,,,0.0,2635,partial,30,UKF + CTRV
MVI_40172,101,0,long,2635,105.4,no_before,,,0.0,2635,partial,30,UKF + CTRV
MVI_40172,102,0,long,2635,105.4,no_before,,,0.0,2635,partial,30,UKF + CTRV
MVI_40172,105,0,long,52,2.08,switched,3.0,65.0,0.0385,2635,partial,30,UKF + CTRV
MVI_40172,105,1,long,45,1.8,switched,65.0,230.0,0.0222,2635,partial,30,UKF + CTRV
MVI_40172,105,2,medium,21,0.84,no_before,,,0.0,2635,partial,30,UKF + CTRV
MVI_40172,105,3,long,39,1.56,switched,437.0,819.0,0.2051,2635,partial,30,UKF + CTRV
MVI_40204,6,0,long,86,3.44,no_before,,,0.2442,86,partial,30,UKF + CTRV
MVI_40204,9,0,long,66,2.64,no_before,,,0.0,66,partial,30,UKF + CTRV
MVI_40204,10,0,medium,32,1.28,lost,9.0,,0.375,76,partial,30,UKF + CTRV
MVI_40204,11,0,medium,31,1.24,switched,11.0,70.0,0.3871,66,partial,30,UKF + CTRV
MVI_40204,12,0,medium,16,0.64,no_before,,,0.375,16,partial,30,UKF + CTRV
MVI_40204,15,0,long,136,5.44,no_before,,,0.6618,136,partial,30,UKF + CTRV
MVI_40204,27,0,long,111,4.44,no_before,,,0.7928,111,partial,30,UKF + CTRV
MVI_40204,30,0,long,71,2.84,lost,132.0,,0.1831,141,partial,30,UKF + CTRV
MVI_40204,34,0,short,3,0.12,preserved,143.0,143.0,0.6667,116,partial,30,UKF + CTRV
MVI_40204,34,1,medium,25,1.0,lost,143.0,,0.24,116,partial,30,UKF + CTRV
MVI_40204,34,2,medium,25,1.0,lost,143.0,,0.0,116,partial,30,UKF + CTRV
MVI_40204,35,0,long,131,5.24,no_before,,,0.3053,131,partial,30,UKF + CTRV
MVI_40204,36,0,long,52,2.08,lost,150.0,,0.0,116,partial,30,UKF + CTRV
MVI_40204,39,0,medium,22,0.88,lost,227.0,,0.0,111,partial,30,UKF + CTRV
MVI_40204,40,0,long,39,1.56,lost,169.0,,0.0,151,partial,30,UKF + CTRV
MVI_40204,46,0,long,141,5.64,no_before,,,0.6454,141,partial,30,UKF + CTRV
MVI_40204,49,0,long,46,1.84,preserved,231.0,231.0,0.7391,151,partial,30,UKF + CTRV
MVI_40204,50,0,long,121,4.84,no_before,,,0.3967,121,partial,30,UKF + CTRV
MVI_40204,51,0,long,131,5.24,no_before,,,0.3359,131,partial,30,UKF + CTRV
MVI_40204,52,0,short,2,0.08,preserved,250.0,250.0,1.0,131,partial,30,UKF + CTRV
MVI_40204,60,0,long,131,5.24,no_before,,,0.313,131,partial,30,UKF + CTRV
MVI_40204,63,0,long,39,1.56,switched,360.0,411.0,0.5897,141,partial,30,UKF + CTRV
MVI_40204,64,0,long,130,5.2,no_before,,,0.5769,131,partial,30,UKF + CTRV
MVI_40204,65,0,long,141,5.64,no_before,,,0.1206,141,partial,30,UKF + CTRV
MVI_40204,67,0,long,58,2.32,lost,433.0,,0.0517,131,partial,30,UKF + CTRV
MVI_40204,68,0,medium,15,0.6,lost,458.0,,0.0,126,partial,30,UKF + CTRV
MVI_40204,71,0,long,116,4.64,no_before,,,0.2672,116,partial,30,UKF + CTRV
MVI_40204,72,0,medium,33,1.32,preserved,504.0,504.0,1.0,141,partial,30,UKF + CTRV
MVI_40204,73,0,long,136,5.44,no_before,,,0.3088,136,partial,30,UKF + CTRV
MVI_40204,74,0,long,116,4.64,no_before,,,0.4483,116,partial,30,UKF + CTRV
MVI_40204,78,0,medium,19,0.76,lost,553.0,,0.2632,131,partial,30,UKF + CTRV
MVI_40204,81,0,long,141,5.64,no_before,,,0.2979,141,partial,30,UKF + CTRV
MVI_40204,82,0,short,8,0.32,preserved,590.0,590.0,1.0,136,partial,30,UKF + CTRV
MVI_40204,82,1,long,40,1.6,lost,590.0,,0.825,136,partial,30,UKF + CTRV
MVI_40204,85,0,long,141,5.64,no_before,,,0.5319,141,partial,30,UKF + CTRV
MVI_40204,86,0,long,114,4.56,lost,631.0,,0.3158,136,partial,30,UKF + CTRV
MVI_40204,88,0,long,146,5.84,no_before,,,0.1233,146,partial,30,UKF + CTRV
MVI_40204,90,0,long,146,5.84,no_before,,,0.6918,146,partial,30,UKF + CTRV
MVI_40204,92,0,long,41,1.64,no_before,,,0.9512,156,partial,30,UKF + CTRV
MVI_40204,93,0,long,112,4.48,lost,687.0,,0.5,131,partial,30,UKF + CTRV
MVI_40204,96,0,long,82,3.28,switched,703.0,807.0,0.7195,161,partial,30,UKF + CTRV
MVI_40204,98,0,long,156,6.24,no_before,,,0.5705,156,partial,30,UKF + CTRV
MVI_40204,99,0,short,11,0.44,no_before,,,0.8182,151,partial,30,UKF + CTRV
MVI_40204,106,0,long,51,2.04,no_before,,,0.6275,126,partial,30,UKF + CTRV
MVI_40204,106,1,long,70,2.8,lost,812.0,,0.4,126,partial,30,UKF + CTRV
MVI_40204,108,0,long,151,6.04,no_before,,,0.4238,151,partial,30,UKF + CTRV
MVI_40204,110,0,long,75,3.0,lost,817.0,,0.1733,131,partial,30,UKF + CTRV
MVI_40204,112,0,long,40,1.6,no_before,,,0.0,146,partial,30,UKF + CTRV
MVI_40204,115,0,long,71,2.84,preserved,848.0,848.0,0.8169,151,partial,30,UKF + CTRV
MVI_40204,115,1,short,4,0.16,lost,848.0,,0.0,151,partial,30,UKF + CTRV
MVI_40204,116,0,long,146,5.84,no_before,,,0.0,146,partial,30,UKF + CTRV
MVI_40204,117,0,medium,31,1.24,lost,857.0,,0.2581,141,partial,30,UKF + CTRV
MVI_40204,117,1,short,9,0.36,lost,857.0,,0.0,141,partial,30,UKF + CTRV
MVI_40204,119,0,long,66,2.64,lost,866.0,,0.1061,151,partial,30,UKF + CTRV
MVI_40204,120,0,long,62,2.48,lost,896.0,,0.6613,156,partial,30,UKF + CTRV
MVI_40204,121,0,medium,21,0.84,no_before,,,0.9048,156,partial,30,UKF + CTRV
MVI_40204,122,0,long,141,5.64,no_before,,,0.1135,141,partial,30,UKF + CTRV
MVI_40204,126,0,long,43,1.72,switched,944.0,1071.0,0.5349,166,partial,30,UKF + CTRV
MVI_40204,126,1,short,4,0.16,no_before,,,0.0,166,partial,30,UKF + CTRV
MVI_40204,127,0,short,5,0.2,no_before,,,0.4,161,partial,30,UKF + CTRV
MVI_40204,128,0,medium,18,0.72,preserved,966.0,966.0,1.0,131,partial,30,UKF + CTRV
MVI_40204,128,1,long,98,3.92,lost,966.0,,0.2959,131,partial,30,UKF + CTRV
MVI_40204,129,0,long,156,6.24,no_before,,,0.2564,156,partial,30,UKF + CTRV
MVI_40204,133,0,long,53,2.12,lost,994.0,,0.283,106,partial,30,UKF + CTRV
MVI_40204,135,0,long,75,3.0,lost,1009.0,,0.1333,141,partial,30,UKF + CTRV
MVI_40204,137,0,long,63,2.52,lost,1040.0,,0.2857,126,partial,30,UKF + CTRV
MVI_40204,138,0,short,7,0.28,lost,1210.0,,0.0,166,partial,30,UKF + CTRV
MVI_40204,142,0,long,145,5.8,no_before,,,0.8345,146,partial,30,UKF + CTRV
MVI_40204,145,0,long,146,5.84,no_before,,,0.5411,161,partial,30,UKF + CTRV
MVI_40204,148,0,long,110,4.4,lost,1142.0,,0.3,151,partial,30,UKF + CTRV
MVI_40204,149,0,long,72,2.88,lost,1157.0,,0.1667,161,partial,30,UKF + CTRV
MVI_40204,150,0,long,146,5.84,no_before,,,0.7192,146,partial,30,UKF + CTRV
MVI_40204,153,0,long,129,5.16,lost,1177.0,,0.4574,171,partial,30,UKF + CTRV
MVI_40204,154,0,medium,28,1.12,no_before,,,0.5714,166,partial,30,UKF + CTRV
MVI_40204,158,0,medium,31,1.24,no_before,,,0.0,175,partial,30,UKF + CTRV
MVI_40204,161,0,medium,22,0.88,no_before,,,0.8636,170,partial,30,UKF + CTRV
MVI_40204,161,1,long,67,2.68,lost,1235.0,,0.1642,170,partial,30,UKF + CTRV
MVI_40204,162,0,long,151,6.04,no_before,,,0.0331,151,partial,30,UKF + CTRV
MVI_40204,165,1,long,139,5.56,lost,1265.0,,0.6259,145,partial,30,UKF + CTRV
MVI_40204,168,0,long,120,4.8,no_before,,,0.725,120,partial,30,UKF + CTRV
MVI_40204,173,0,long,65,2.6,no_before,,,0.9692,65,partial,30,UKF + CTRV
MVI_40204,177,0,medium,20,0.8,no_before,,,0.6,20,partial,30,UKF + CTRV
MVI_40751,2,0,long,72,2.88,switched,1.0,28.0,0.0833,1140,partial,30,UKF + CTRV
MVI_40751,2,1,long,175,7.0,switched,28.0,372.0,0.6514,1140,partial,30,UKF + CTRV
MVI_40751,2,2,short,9,0.36,preserved,372.0,372.0,1.0,1140,partial,30,UKF + CTRV
MVI_40751,2,3,short,6,0.24,preserved,372.0,372.0,1.0,1140,partial,30,UKF + CTRV
MVI_40751,2,4,long,410,16.4,preserved,372.0,372.0,1.0,1140,partial,30,UKF + CTRV
MVI_40751,3,0,long,58,2.32,no_before,,,0.9655,81,partial,30,UKF + CTRV
MVI_40751,4,1,long,46,1.84,preserved,2.0,2.0,1.0,141,partial,30,UKF + CTRV
MVI_40751,5,0,medium,19,0.76,no_before,,,0.0,146,partial,30,UKF + CTRV
MVI_40751,7,0,medium,19,0.76,no_before,,,0.0,186,partial,30,UKF + CTRV
MVI_40751,7,1,medium,14,0.56,preserved,65.0,65.0,1.0,186,partial,30,UKF + CTRV
MVI_40751,7,3,long,97,3.88,preserved,65.0,65.0,1.0,186,partial,30,UKF + CTRV
MVI_40751,8,1,short,4,0.16,preserved,117.0,117.0,1.0,920,partial,30,UKF + CTRV
MVI_40751,8,2,short,5,0.2,preserved,117.0,117.0,1.0,920,partial,30,UKF + CTRV
MVI_40751,8,3,short,10,0.4,preserved,117.0,117.0,1.0,920,partial,30,UKF + CTRV
MVI_40751,8,4,medium,24,0.96,preserved,117.0,117.0,1.0,920,partial,30,UKF + CTRV
MVI_40751,8,5,long,591,23.64,lost,117.0,,0.7783,920,partial,30,UKF + CTRV
MVI_40751,9,0,medium,34,1.36,preserved,156.0,156.0,1.0,96,partial,30,UKF + CTRV
MVI_40751,11,0,medium,32,1.28,no_before,,,0.4062,156,partial,30,UKF + CTRV
MVI_40751,11,1,long,89,3.56,preserved,179.0,179.0,0.9663,156,partial,30,UKF + CTRV
MVI_40751,15,0,long,223,8.92,lost,185.0,,1.0,775,partial,30,UKF + CTRV
MVI_40751,21,0,short,5,0.2,no_before,,,0.0,625,partial,30,UKF + CTRV
MVI_40751,21,1,long,612,24.48,lost,328.0,,0.0294,625,partial,30,UKF + CTRV
MVI_40751,23,0,short,11,0.44,preserved,358.0,358.0,1.0,66,partial,30,UKF + CTRV
MVI_40751,23,1,short,4,0.16,preserved,358.0,358.0,1.0,66,partial,30,UKF + CTRV
MVI_40751,28,0,short,3,0.12,preserved,438.0,438.0,1.0,405,partial,30,UKF + CTRV
MVI_40751,28,1,medium,15,0.6,preserved,438.0,438.0,1.0,405,partial,30,UKF + CTRV
MVI_40751,29,0,medium,23,0.92,preserved,460.0,460.0,1.0,370,partial,30,UKF + CTRV
MVI_40751,31,0,long,41,1.64,no_before,,,0.7073,43,partial,30,UKF + CTRV
MVI_40751,32,0,long,172,6.88,switched,486.0,520.0,0.8721,266,partial,30,UKF + CTRV
MVI_40751,33,0,medium,14,0.56,preserved,500.0,500.0,1.0,270,partial,30,UKF + CTRV
MVI_40751,35,0,medium,23,0.92,lost,528.0,,1.0,156,partial,30,UKF + CTRV
MVI_40751,36,0,long,77,3.08,lost,538.0,,1.0,195,partial,30,UKF + CTRV
MVI_40751,38,0,medium,13,0.52,preserved,556.0,556.0,1.0,140,partial,30,UKF + CTRV
MVI_40751,38,1,long,49,1.96,lost,556.0,,1.0,140,partial,30,UKF + CTRV
MVI_40751,41,0,long,45,1.8,no_before,,,0.3111,45,partial,30,UKF + CTRV
MVI_63554,3,0,short,11,0.44,no_before,,,0.6364,11,partial,30,UKF + CTRV
MVI_63554,4,0,medium,26,1.04,no_before,,,0.0,26,partial,30,UKF + CTRV
MVI_63554,5,0,long,40,1.6,no_before,,,0.925,41,partial,30,UKF + CTRV
MVI_63554,8,0,medium,13,0.52,no_before,,,0.3846,16,partial,30,UKF + CTRV
MVI_63554,9,0,long,55,2.2,lost,16.0,,0.0727,61,partial,30,UKF + CTRV
MVI_63554,11,0,long,52,2.08,lost,30.0,,0.0577,61,partial,30,UKF + CTRV
MVI_63554,13,0,medium,16,0.64,no_before,,,0.25,26,partial,30,UKF + CTRV
MVI_63554,15,0,long,65,2.6,lost,46.0,,0.9692,76,partial,30,UKF + CTRV
MVI_63554,19,0,long,62,2.48,switched,66.0,74.0,0.8548,81,partial,30,UKF + CTRV
MVI_63554,20,0,long,57,2.28,lost,68.0,,0.0,66,partial,30,UKF + CTRV
MVI_63554,22,0,long,61,2.44,no_before,,,0.3443,61,partial,30,UKF + CTRV
MVI_63554,23,0,long,45,1.8,switched,82.0,93.0,0.7556,81,partial,30,UKF + CTRV
MVI_63554,24,0,short,11,0.44,no_before,,,0.1818,21,partial,30,UKF + CTRV
MVI_63554,25,0,long,51,2.04,no_before,,,0.1176,56,partial,30,UKF + CTRV
MVI_63554,30,0,long,74,2.96,lost,133.0,,0.2027,81,partial,30,UKF + CTRV
MVI_63554,31,0,long,76,3.04,no_before,,,0.5263,76,partial,30,UKF + CTRV
MVI_63554,32,0,long,64,2.56,lost,138.0,,0.0938,71,partial,30,UKF + CTRV
MVI_63554,33,0,long,45,1.8,lost,147.0,,0.9556,81,partial,30,UKF + CTRV
MVI_63554,35,0,medium,16,0.64,no_before,,,0.8125,86,partial,30,UKF + CTRV
MVI_63554,36,0,long,59,2.36,lost,170.0,,0.0678,66,partial,30,UKF + CTRV
MVI_63554,41,0,medium,25,1.0,lost,194.0,,0.56,91,partial,30,UKF + CTRV
MVI_63554,42,0,short,11,0.44,no_before,,,0.1818,16,partial,30,UKF + CTRV
MVI_63554,43,0,long,62,2.48,lost,198.0,,0.0806,71,partial,30,UKF + CTRV
MVI_63554,44,0,long,64,2.56,lost,202.0,,0.7812,71,partial,30,UKF + CTRV
MVI_63554,47,0,long,59,2.36,lost,209.0,,0.1356,66,partial,30,UKF + CTRV
MVI_63554,49,0,long,54,2.16,lost,220.0,,0.8333,81,partial,30,UKF + CTRV
MVI_63554,50,0,long,63,2.52,lost,222.0,,0.254,71,partial,30,UKF + CTRV
MVI_63554,51,0,short,11,0.44,no_before,,,0.0,21,partial,30,UKF + CTRV
MVI_63554,55,0,long,62,2.48,lost,281.0,,0.7903,71,partial,30,UKF + CTRV
MVI_63554,56,0,long,48,1.92,no_before,,,0.0,51,partial,30,UKF + CTRV
MVI_63554,58,0,medium,21,0.84,preserved,292.0,292.0,0.9524,41,partial,30,UKF + CTRV
MVI_63554,60,0,medium,13,0.52,no_before,,,0.2308,21,partial,30,UKF + CTRV
MVI_63554,61,0,long,63,2.52,no_before,,,0.5079,66,partial,30,UKF + CTRV
MVI_63554,62,0,short,5,0.2,preserved,309.0,309.0,1.0,66,partial,30,UKF + CTRV
MVI_63554,62,1,medium,35,1.4,lost,309.0,,0.5429,66,partial,30,UKF + CTRV
MVI_63554,63,0,long,60,2.4,lost,314.0,,0.7,66,partial,30,UKF + CTRV
MVI_63554,64,0,long,42,1.68,no_before,,,0.0238,46,partial,30,UKF + CTRV
MVI_63554,68,0,long,57,2.28,lost,344.0,,0.0702,66,partial,30,UKF + CTRV
MVI_63554,69,0,medium,16,0.64,no_before,,,0.5625,26,partial,30,UKF + CTRV
MVI_63554,72,0,medium,20,0.8,lost,358.0,,0.35,101,partial,30,UKF + CTRV
MVI_63554,73,0,long,50,2.0,preserved,361.0,361.0,0.88,61,partial,30,UKF + CTRV
MVI_63554,76,0,medium,13,0.52,no_before,,,0.3077,21,partial,30,UKF + CTRV
MVI_63554,77,0,long,56,2.24,lost,371.0,,0.0714,61,partial,30,UKF + CTRV
MVI_63554,79,0,long,61,2.44,no_before,,,0.3934,71,partial,30,UKF + CTRV
MVI_63554,80,0,long,55,2.2,lost,379.0,,0.8364,61,partial,30,UKF + CTRV
MVI_63554,81,0,short,10,0.4,no_before,,,0.5,81,partial,30,UKF + CTRV
MVI_63554,82,0,long,53,2.12,no_before,,,0.0755,56,partial,30,UKF + CTRV
MVI_63554,83,0,medium,15,0.6,no_before,,,0.1333,21,partial,30,UKF + CTRV
MVI_63554,86,0,long,49,1.96,no_before,,,0.0,56,partial,30,UKF + CTRV
MVI_63554,87,0,medium,31,1.24,preserved,408.0,408.0,0.871,61,partial,30,UKF + CTRV
MVI_63554,88,0,medium,13,0.52,no_before,,,0.2308,16,partial,30,UKF + CTRV
MVI_63554,90,0,medium,20,0.8,lost,420.0,,0.85,86,partial,30,UKF + CTRV
MVI_63554,92,0,long,50,2.0,lost,426.0,,0.1,56,partial,30,UKF + CTRV
MVI_63554,93,0,long,39,1.56,preserved,432.0,432.0,0.7949,71,partial,30,UKF + CTRV
MVI_63554,93,3,short,9,0.36,lost,432.0,,0.0,71,partial,30,UKF + CTRV
MVI_63554,94,0,medium,26,1.04,preserved,434.0,434.0,1.0,56,partial,30,UKF + CTRV
MVI_63554,95,0,long,51,2.04,preserved,442.0,442.0,0.7059,81,partial,30,UKF + CTRV
MVI_63554,96,0,medium,15,0.6,no_before,,,0.0667,26,partial,30,UKF + CTRV
MVI_63554,98,0,long,64,2.56,lost,451.0,,0.7188,71,partial,30,UKF + CTRV
MVI_63554,99,0,medium,15,0.6,no_before,,,0.6667,26,partial,30,UKF + CTRV
MVI_63554,101,0,long,48,1.92,no_before,,,0.0417,51,partial,30,UKF + CTRV
MVI_63554,102,0,medium,14,0.56,no_before,,,0.0714,26,partial,30,UKF + CTRV
MVI_63554,103,0,medium,17,0.68,lost,492.0,,0.5294,71,partial,30,UKF + CTRV
MVI_63554,105,0,long,61,2.44,lost,496.0,,0.7541,66,partial,30,UKF + CTRV
MVI_63554,108,0,long,44,1.76,no_before,,,0.0,51,partial,30,UKF + CTRV
MVI_63554,109,0,medium,18,0.72,no_before,,,0.2778,31,partial,30,UKF + CTRV
MVI_63554,112,0,medium,31,1.24,no_before,,,0.6129,61,partial,30,UKF + CTRV
MVI_63554,115,0,long,53,2.12,lost,553.0,,0.0943,61,partial,30,UKF + CTRV
MVI_63554,116,0,medium,15,0.6,no_before,,,0.2,26,partial,30,UKF + CTRV
MVI_63554,117,0,long,53,2.12,lost,560.0,,0.4528,61,partial,30,UKF + CTRV
MVI_63554,120,0,medium,15,0.6,no_before,,,0.2,26,partial,30,UKF + CTRV
MVI_63554,123,0,long,60,2.4,no_before,,,0.4,61,partial,30,UKF + CTRV
MVI_63554,124,0,long,54,2.16,no_before,,,0.1111,61,partial,30,UKF + CTRV
MVI_63554,126,0,medium,37,1.48,lost,605.0,,0.9189,56,partial,30,UKF + CTRV
MVI_63554,129,0,medium,13,0.52,no_before,,,0.3846,21,partial,30,UKF + CTRV
MVI_63554,132,0,short,12,0.48,no_before,,,0.4167,26,partial,30,UKF + CTRV
MVI_63554,134,0,long,55,2.2,lost,656.0,,0.6909,61,partial,30,UKF + CTRV
MVI_63554,137,0,short,12,0.48,no_before,,,0.1667,16,partial,30,UKF + CTRV
MVI_63554,139,0,long,48,1.92,lost,678.0,,0.875,56,partial,30,UKF + CTRV
MVI_63554,142,0,medium,15,0.6,no_before,,,0.4,26,partial,30,UKF + CTRV
MVI_63554,143,0,long,57,2.28,lost,688.0,,0.8772,66,partial,30,UKF + CTRV
MVI_63554,147,0,long,39,1.56,lost,701.0,,0.0769,46,partial,30,UKF + CTRV
MVI_63554,148,0,short,8,0.32,preserved,698.0,698.0,1.0,56,partial,30,UKF + CTRV
MVI_63554,151,0,short,12,0.48,no_before,,,0.5833,21,partial,30,UKF + CTRV
MVI_63554,152,0,short,10,0.4,preserved,716.0,716.0,1.0,61,partial,30,UKF + CTRV
MVI_63554,152,1,short,2,0.08,preserved,716.0,716.0,1.0,61,partial,30,UKF + CTRV
MVI_63554,152,2,short,5,0.2,lost,716.0,,0.0,61,partial,30,UKF + CTRV
MVI_63554,153,0,medium,14,0.56,no_before,,,0.3571,20,partial,30,UKF + CTRV
MVI_63554,155,0,long,49,1.96,lost,724.0,,0.0816,56,partial,30,UKF + CTRV
MVI_63554,158,0,long,54,2.16,lost,739.0,,0.8889,66,partial,30,UKF + CTRV
MVI_63554,160,0,short,12,0.48,no_before,,,0.3333,21,partial,30,UKF + CTRV
MVI_63554,162,0,long,54,2.16,lost,747.0,,0.7407,61,partial,30,UKF + CTRV
MVI_63554,163,0,long,54,2.16,no_before,,,0.9259,71,partial,30,UKF + CTRV
MVI_63554,164,0,long,66,2.64,no_before,,,1.0,66,partial,30,UKF + CTRV
MVI_63554,165,0,long,52,2.08,lost,762.0,,0.0577,56,partial,30,UKF + CTRV
MVI_63554,168,0,long,53,2.12,lost,787.0,,0.8491,61,partial,30,UKF + CTRV
MVI_63554,169,0,medium,14,0.56,no_before,,,0.7143,21,partial,30,UKF + CTRV
MVI_63554,171,0,long,50,2.0,lost,807.0,,0.1,56,partial,30,UKF + CTRV
MVI_63554,174,0,short,11,0.44,no_before,,,0.3636,16,partial,30,UKF + CTRV
MVI_63554,175,0,long,59,2.36,lost,816.0,,0.7288,66,partial,30,UKF + CTRV
MVI_63554,177,0,long,51,2.04,lost,825.0,,0.098,56,partial,30,UKF + CTRV
MVI_63554,180,0,short,9,0.36,no_before,,,0.8889,16,partial,30,UKF + CTRV
MVI_63554,182,0,long,51,2.04,lost,850.0,,0.098,56,partial,30,UKF + CTRV
MVI_63554,183,0,short,8,0.32,no_before,,,0.125,21,partial,30,UKF + CTRV
MVI_63554,185,0,long,39,1.56,no_before,,,0.8205,40,partial,30,UKF + CTRV
MVI_63554,186,0,medium,18,0.72,lost,859.0,,0.1111,25,partial,30,UKF + CTRV
MVI_63554,188,0,short,11,0.44,no_before,,,0.3636,15,partial,30,UKF + CTRV
MVI_63554,189,0,medium,14,0.56,no_before,,,0.7143,31,partial,30,UKF + CTRV
MVI_63554,190,0,medium,17,0.68,no_before,,,0.4118,31,partial,30,UKF + CTRV
MVI_40131,1,0,long,61,2.44,switched,4.0,117.0,0.0,486,full,30,UKF + CTRV
MVI_40131,19,0,long,54,2.16,switched,79.0,410.0,0.0,1086,full,30,UKF + CTRV
MVI_40131,35,0,long,50,2.0,switched,261.0,438.0,0.0,456,full,30,UKF + CTRV
MVI_40171,9,0,short,1,0.04,preserved,52.0,52.0,1.0,61,full,30,UKF + CTRV
MVI_40171,9,1,short,10,0.4,preserved,52.0,52.0,0.9,61,full,30,UKF + CTRV
MVI_40171,26,0,short,3,0.12,preserved,234.0,234.0,0.6667,56,full,30,UKF + CTRV
MVI_40171,41,0,long,66,2.64,switched,6.0,300.0,0.0,1150,full,30,UKF + CTRV
MVI_40171,41,1,long,38,1.52,switched,300.0,402.0,0.0,1150,full,30,UKF + CTRV
MVI_40171,42,0,medium,14,0.56,no_before,,,0.0,1150,full,30,UKF + CTRV
MVI_40171,42,1,short,1,0.04,no_before,,,0.0,1150,full,30,UKF + CTRV
MVI_40171,42,2,short,2,0.08,no_before,,,0.0,1150,full,30,UKF + CTRV
MVI_40171,42,3,long,772,30.88,no_before,,,0.0,1150,full,30,UKF + CTRV
MVI_40171,42,4,long,142,5.68,no_before,,,0.0,1150,full,30,UKF + CTRV
MVI_40171,43,0,long,121,4.84,no_before,,,0.0,1150,full,30,UKF + CTRV
MVI_40171,43,1,long,1012,40.48,no_before,,,0.0,1150,full,30,UKF + CTRV
MVI_40171,44,0,long,141,5.64,no_before,,,0.0,1150,full,30,UKF + CTRV
MVI_40171,44,1,long,989,39.56,no_before,,,0.0,1150,full,30,UKF + CTRV
MVI_40172,16,0,long,158,6.32,no_before,,,0.0,227,full,30,UKF + CTRV
MVI_40172,99,0,long,42,1.68,switched,2.0,56.0,0.0,2635,full,30,UKF + CTRV
MVI_40172,99,1,long,40,1.6,switched,56.0,243.0,0.0,2635,full,30,UKF + CTRV
MVI_40172,99,2,medium,15,0.6,switched,243.0,812.0,0.0,2635,full,30,UKF + CTRV
MVI_40172,100,0,long,2225,89.0,no_before,,,0.0,2635,full,30,UKF + CTRV
MVI_40172,101,0,long,1489,59.56,no_before,,,0.0,2635,full,30,UKF + CTRV
MVI_40172,101,1,long,148,5.92,no_before,,,0.0,2635,full,30,UKF + CTRV
MVI_40172,101,2,long,526,21.04,no_before,,,0.0,2635,full,30,UKF + CTRV
MVI_40172,101,3,short,2,0.08,no_before,,,0.0,2635,full,30,UKF + CTRV
MVI_40172,101,4,short,9,0.36,no_before,,,0.0,2635,full,30,UKF + CTRV
MVI_40172,101,5,medium,19,0.76,no_before,,,0.0,2635,full,30,UKF + CTRV
MVI_40172,102,0,long,395,15.8,no_before,,,0.0,2635,full,30,UKF + CTRV
MVI_40172,102,1,long,1062,42.48,no_before,,,0.0,2635,full,30,UKF + CTRV
MVI_40172,102,2,short,7,0.28,no_before,,,0.0,2635,full,30,UKF + CTRV
MVI_40172,102,3,short,1,0.04,no_before,,,0.0,2635,full,30,UKF + CTRV
MVI_40172,102,4,short,2,0.08,no_before,,,0.0,2635,full,30,UKF + CTRV
MVI_40172,102,5,long,53,2.12,no_before,,,0.0,2635,full,30,UKF + CTRV
MVI_40172,102,6,short,5,0.2,no_before,,,0.0,2635,full,30,UKF + CTRV
MVI_40172,102,7,medium,19,0.76,no_before,,,0.0,2635,full,30,UKF + CTRV
MVI_40172,102,8,long,67,2.68,no_before,,,0.0,2635,full,30,UKF + CTRV
MVI_40172,102,9,long,87,3.48,no_before,,,0.0,2635,full,30,UKF + CTRV
MVI_40172,102,10,short,2,0.08,no_before,,,0.0,2635,full,30,UKF + CTRV
MVI_40172,102,11,long,95,3.8,no_before,,,0.0,2635,full,30,UKF + CTRV
MVI_40172,105,0,long,47,1.88,switched,3.0,65.0,0.0,2635,full,30,UKF + CTRV
MVI_40172,105,1,long,42,1.68,switched,65.0,230.0,0.0,2635,full,30,UKF + CTRV
MVI_40172,105,2,short,7,0.28,no_before,,,0.0,2635,full,30,UKF + CTRV
MVI_40172,105,3,medium,20,0.8,switched,437.0,819.0,0.0,2635,full,30,UKF + CTRV
MVI_40204,15,0,short,1,0.04,lost,25.0,,0.0,136,full,30,UKF + CTRV
MVI_40204,35,0,medium,21,0.84,no_before,,,0.0,131,full,30,UKF + CTRV
MVI_40204,35,1,short,9,0.36,no_before,,,0.0,131,full,30,UKF + CTRV
MVI_40204,51,0,short,3,0.12,preserved,368.0,368.0,0.0,131,full,30,UKF + CTRV
MVI_40204,51,1,short,6,0.24,lost,368.0,,0.1667,131,full,30,UKF + CTRV
MVI_40204,51,2,short,1,0.04,lost,368.0,,0.0,131,full,30,UKF + CTRV
MVI_40204,60,0,short,1,0.04,lost,307.0,,0.0,131,full,30,UKF + CTRV
MVI_40204,60,1,short,1,0.04,no_before,,,0.0,131,full,30,UKF + CTRV
MVI_40204,65,0,short,3,0.12,no_before,,,0.0,141,full,30,UKF + CTRV
MVI_40204,71,0,medium,16,0.64,lost,536.0,,0.0,116,full,30,UKF + CTRV
MVI_40204,71,1,short,1,0.04,no_before,,,0.0,116,full,30,UKF + CTRV
MVI_40204,81,0,short,9,0.36,no_before,,,0.0,141,full,30,UKF + CTRV
MVI_40204,81,1,short,3,0.12,no_before,,,0.0,141,full,30,UKF + CTRV
MVI_40204,85,0,short,12,0.48,lost,722.0,,0.0,141,full,30,UKF + CTRV
MVI_40204,85,1,short,7,0.28,lost,722.0,,0.0,141,full,30,UKF + CTRV
MVI_40204,88,0,short,2,0.08,lost,740.0,,0.0,146,full,30,UKF + CTRV
MVI_40204,88,1,short,1,0.04,lost,740.0,,0.0,146,full,30,UKF + CTRV
MVI_40204,88,2,short,1,0.04,lost,740.0,,0.0,146,full,30,UKF + CTRV
MVI_40204,90,0,short,8,0.32,preserved,675.0,675.0,0.75,146,full,30,UKF + CTRV
MVI_40204,90,1,short,4,0.16,preserved,675.0,675.0,0.75,146,full,30,UKF + CTRV
MVI_40204,90,2,short,1,0.04,lost,675.0,,1.0,146,full,30,UKF + CTRV
MVI_40204,90,3,short,1,0.04,lost,675.0,,0.0,146,full,30,UKF + CTRV
MVI_40204,90,4,medium,18,0.72,lost,675.0,,0.0,146,full,30,UKF + CTRV
MVI_40204,98,0,long,53,2.12,lost,712.0,,0.0,156,full,30,UKF + CTRV
MVI_40204,108,0,short,1,0.04,preserved,799.0,799.0,0.0,151,full,30,UKF + CTRV
MVI_40204,116,0,short,1,0.04,no_before,,,0.0,146,full,30,UKF + CTRV
MVI_40204,116,1,short,1,0.04,no_before,,,0.0,146,full,30,UKF + CTRV
MVI_40204,128,0,short,10,0.4,lost,966.0,,0.0,131,full,30,UKF + CTRV
MVI_40204,129,0,short,1,0.04,no_before,,,0.0,156,full,30,UKF + CTRV
MVI_40204,129,1,short,2,0.08,no_before,,,0.0,156,full,30,UKF + CTRV
MVI_40204,162,0,short,1,0.04,no_before,,,0.0,151,full,30,UKF + CTRV
MVI_40204,162,1,short,1,0.04,no_before,,,0.0,151,full,30,UKF + CTRV
MVI_40204,162,2,short,2,0.08,no_before,,,0.0,151,full,30,UKF + CTRV
MVI_40204,162,3,medium,14,0.56,no_before,,,0.0,151,full,30,UKF + CTRV
MVI_40204,165,0,short,6,0.24,switched,1405.0,1464.0,0.0,145,full,30,UKF + CTRV
MVI_40204,168,0,short,1,0.04,preserved,1449.0,1449.0,1.0,120,full,30,UKF + CTRV
MVI_40751,2,0,long,47,1.88,switched,1.0,28.0,0.0,1140,full,30,UKF + CTRV
MVI_40751,21,0,short,12,0.48,lost,328.0,,0.0,625,full,30,UKF + CTRV
MVI_40751,21,1,short,4,0.16,lost,328.0,,0.0,625,full,30,UKF + CTRV
MVI_40751,21,2,short,4,0.16,no_before,,,0.0,625,full,30,UKF + CTRV
MVI_40751,21,3,short,3,0.12,no_before,,,0.0,625,full,30,UKF + CTRV
MVI_40751,21,4,short,2,0.08,no_before,,,0.0,625,full,30,UKF + CTRV
MVI_40751,21,5,short,4,0.16,no_before,,,0.0,625,full,30,UKF + CTRV
MVI_40751,21,6,short,4,0.16,no_before,,,0.0,625,full,30,UKF + CTRV
MVI_63554,4,0,short,3,0.12,no_before,,,0.0,26,full,30,UKF + CTRV
MVI_63554,4,1,short,6,0.24,no_before,,,0.0,26,full,30,UKF + CTRV
MVI_63554,8,0,short,2,0.08,no_before,,,0.0,16,full,30,UKF + CTRV
MVI_63554,9,0,medium,35,1.4,lost,16.0,,0.0,61,full,30,UKF + CTRV
MVI_63554,20,0,short,1,0.04,lost,68.0,,0.0,66,full,30,UKF + CTRV
MVI_63554,25,0,medium,19,0.76,lost,87.0,,0.0,56,full,30,UKF + CTRV
MVI_63554,32,0,long,57,2.28,lost,138.0,,0.0,71,full,30,UKF + CTRV
MVI_63554,36,0,long,49,1.96,lost,170.0,,0.0,66,full,30,UKF + CTRV
MVI_63554,42,0,short,1,0.04,no_before,,,0.0,16,full,30,UKF + CTRV
MVI_63554,43,0,long,55,2.2,lost,198.0,,0.0,71,full,30,UKF + CTRV
MVI_63554,56,0,medium,30,1.2,no_before,,,0.0,51,full,30,UKF + CTRV
MVI_63554,56,1,short,9,0.36,no_before,,,0.0,51,full,30,UKF + CTRV
MVI_63554,61,0,short,1,0.04,no_before,,,0.0,66,full,30,UKF + CTRV
MVI_63554,61,1,short,6,0.24,no_before,,,0.0,66,full,30,UKF + CTRV
MVI_63554,64,0,medium,37,1.48,lost,316.0,,0.0,46,full,30,UKF + CTRV
MVI_63554,68,0,long,51,2.04,lost,344.0,,0.0,66,full,30,UKF + CTRV
MVI_63554,77,0,medium,20,0.8,lost,371.0,,0.0,61,full,30,UKF + CTRV
MVI_63554,79,0,short,9,0.36,switched,378.0,401.0,0.2222,71,full,30,UKF + CTRV
MVI_63554,82,0,long,47,1.88,lost,382.0,,0.0,56,full,30,UKF + CTRV
MVI_63554,83,0,short,5,0.2,no_before,,,0.0,21,full,30,UKF + CTRV
MVI_63554,86,0,long,43,1.72,no_before,,,0.0,56,full,30,UKF + CTRV
MVI_63554,88,0,short,3,0.12,no_before,,,0.0,16,full,30,UKF + CTRV
MVI_63554,92,0,medium,14,0.56,switched,426.0,444.0,0.0,56,full,30,UKF + CTRV
MVI_63554,92,1,short,8,0.32,switched,426.0,444.0,0.0,56,full,30,UKF + CTRV
MVI_63554,96,0,short,4,0.16,no_before,,,0.0,26,full,30,UKF + CTRV
MVI_63554,101,0,long,42,1.68,lost,483.0,,0.0,51,full,30,UKF + CTRV
MVI_63554,108,0,long,39,1.56,no_before,,,0.0,51,full,30,UKF + CTRV
MVI_63554,115,0,short,3,0.12,lost,553.0,,0.0,61,full,30,UKF + CTRV
MVI_63554,115,1,short,9,0.36,lost,553.0,,0.0,61,full,30,UKF + CTRV
MVI_63554,116,0,short,2,0.08,no_before,,,0.0,26,full,30,UKF + CTRV
MVI_63554,120,0,short,4,0.16,no_before,,,0.0,26,full,30,UKF + CTRV
MVI_63554,124,0,medium,24,0.96,lost,603.0,,0.0,61,full,30,UKF + CTRV
MVI_63554,124,1,medium,19,0.76,lost,603.0,,0.0,61,full,30,UKF + CTRV
MVI_63554,129,0,short,2,0.08,no_before,,,0.0,21,full,30,UKF + CTRV
MVI_63554,137,0,short,3,0.12,no_before,,,0.0,16,full,30,UKF + CTRV
MVI_63554,147,0,medium,28,1.12,lost,701.0,,0.0,46,full,30,UKF + CTRV
MVI_63554,151,0,short,1,0.04,no_before,,,0.0,21,full,30,UKF + CTRV
MVI_63554,153,0,short,2,0.08,no_before,,,0.0,20,full,30,UKF + CTRV
MVI_63554,155,0,medium,19,0.76,lost,724.0,,0.0,56,full,30,UKF + CTRV
MVI_63554,165,0,medium,20,0.8,lost,762.0,,0.0,56,full,30,UKF + CTRV
MVI_63554,165,1,medium,22,0.88,lost,762.0,,0.0,56,full,30,UKF + CTRV
MVI_63554,171,0,medium,33,1.32,lost,807.0,,0.0,56,full,30,UKF + CTRV
MVI_63554,174,0,short,2,0.08,no_before,,,0.0,16,full,30,UKF + CTRV
MVI_63554,177,0,medium,13,0.52,no_before,,,0.0,56,full,30,UKF + CTRV
MVI_63554,182,0,long,38,1.52,lost,850.0,,0.0,56,full,30,UKF + CTRV
MVI_40131,1,0,long,120,4.8,switched,4.0,115.0,0.2583,486,partial,60,KF + CV
MVI_40131,12,0,long,81,3.24,no_before,,,0.4938,326,partial,60,KF + CV
MVI_40131,16,0,long,52,2.08,switched,70.0,92.0,0.1923,256,partial,60,KF + CV
MVI_40131,16,1,medium,22,0.88,preserved,92.0,92.0,1.0,256,partial,60,KF + CV
MVI_40131,17,0,long,64,2.56,no_before,,,0.375,171,partial,60,KF + CV
MVI_40131,19,0,medium,19,0.76,preserved,79.0,79.0,0.4211,1086,partial,60,KF + CV
MVI_40131,19,1,long,114,4.56,switched,79.0,407.0,0.2368,1086,partial,60,KF + CV
MVI_40131,19,2,medium,18,0.72,preserved,407.0,407.0,1.0,1086,partial,60,KF + CV
MVI_40131,19,3,short,6,0.24,preserved,407.0,407.0,1.0,1086,partial,60,KF + CV
MVI_40131,19,4,medium,13,0.52,preserved,498.0,498.0,1.0,1086,partial,60,KF + CV
MVI_40131,19,5,long,72,2.88,preserved,498.0,498.0,1.0,1086,partial,60,KF + CV
MVI_40131,19,6,medium,29,1.16,preserved,498.0,498.0,1.0,1086,partial,60,KF + CV
MVI_40131,20,0,short,5,0.2,no_before,,,0.0,406,partial,60,KF + CV
MVI_40131,20,1,long,62,2.48,no_before,,,0.0968,406,partial,60,KF + CV
MVI_40131,20,2,short,7,0.28,preserved,110.0,110.0,1.0,406,partial,60,KF + CV
MVI_40131,23,0,medium,25,1.0,no_before,,,0.24,226,partial,60,KF + CV
MVI_40131,25,0,long,177,7.08,switched,153.0,196.0,0.9209,321,partial,60,KF + CV
MVI_40131,26,0,long,84,3.36,preserved,172.0,172.0,0.6667,231,partial,60,KF + CV
MVI_40131,29,0,long,102,4.08,switched,242.0,424.0,0.9216,816,partial,60,KF + CV
MVI_40131,30,0,short,9,0.36,preserved,213.0,213.0,1.0,296,partial,60,KF + CV
MVI_40131,30,1,long,51,2.04,preserved,213.0,213.0,0.902,296,partial,60,KF + CV
MVI_40131,31,0,medium,24,0.96,no_before,,,0.0,221,partial,60,KF + CV
MVI_40131,31,1,short,8,0.32,no_before,,,0.0,221,partial,60,KF + CV
MVI_40131,34,0,long,65,2.6,no_before,,,0.8769,281,partial,60,KF + CV
MVI_40131,35,0,long,97,3.88,switched,262.0,436.0,0.2784,456,partial,60,KF + CV
MVI_40131,35,1,medium,26,1.04,preserved,436.0,436.0,1.0,456,partial,60,KF + CV
MVI_40131,36,0,medium,29,1.16,no_before,,,0.6207,226,partial,60,KF + CV
MVI_40131,37,0,long,210,8.4,no_before,,,0.2381,421,partial,60,KF + CV
MVI_40131,37,1,medium,33,1.32,preserved,472.0,472.0,1.0,421,partial,60,KF + CV
MVI_40131,38,0,long,51,2.04,preserved,341.0,341.0,0.7451,306,partial,60,KF + CV
MVI_40131,39,0,long,100,4.0,no_before,,,0.85,241,partial,60,KF + CV
MVI_40131,39,1,long,55,2.2,preserved,330.0,330.0,1.0,241,partial,60,KF + CV
MVI_40131,40,0,long,119,4.76,no_before,,,0.7899,366,partial,60,KF + CV
MVI_40131,40,1,short,11,0.44,preserved,451.0,451.0,1.0,366,partial,60,KF + CV
MVI_40131,40,3,medium,15,0.6,preserved,451.0,451.0,1.0,366,partial,60,KF + CV
MVI_40131,40,4,short,8,0.32,preserved,451.0,451.0,1.0,366,partial,60,KF + CV
MVI_40131,41,0,long,43,1.72,no_before,,,0.6047,281,partial,60,KF + CV
MVI_40131,45,0,medium,25,1.0,no_before,,,0.2,206,partial,60,KF + CV
MVI_40131,60,0,medium,22,0.88,lost,708.0,,0.7273,116,partial,60,KF + CV
MVI_40131,62,0,medium,26,1.04,lost,724.0,,0.9231,95,partial,60,KF + CV
MVI_40131,65,0,long,60,2.4,no_before,,,0.0,60,partial,60,KF + CV
MVI_40171,1,0,medium,26,1.04,no_before,,,1.0,26,partial,60,KF + CV
MVI_40171,6,0,long,41,1.64,preserved,21.0,21.0,0.9512,71,partial,60,KF + CV
MVI_40171,7,0,long,56,2.24,no_before,,,0.3036,56,partial,60,KF + CV
MVI_40171,8,0,short,12,0.48,no_before,,,0.0,726,partial,60,KF + CV
MVI_40171,8,1,short,11,0.44,preserved,44.0,44.0,0.0,726,partial,60,KF + CV
MVI_40171,8,3,medium,26,1.04,preserved,44.0,44.0,1.0,726,partial,60,KF + CV
MVI_40171,8,4,medium,25,1.0,preserved,44.0,44.0,1.0,726,partial,60,KF + CV
MVI_40171,8,5,medium,18,0.72,preserved,44.0,44.0,1.0,726,partial,60,KF + CV
MVI_40171,8,6,short,12,0.48,preserved,44.0,44.0,1.0,726,partial,60,KF + CV
MVI_40171,8,7,medium,32,1.28,switched,174.0,44.0,1.0,726,partial,60,KF + CV
MVI_40171,8,8,medium,28,1.12,preserved,174.0,174.0,1.0,726,partial,60,KF + CV
MVI_40171,8,9,medium,16,0.64,preserved,174.0,174.0,1.0,726,partial,60,KF + CV
MVI_40171,9,1,short,10,0.4,preserved,49.0,49.0,0.9,61,partial,60,KF + CV
MVI_40171,11,0,medium,27,1.08,preserved,56.0,56.0,1.0,91,partial,60,KF + CV
MVI_40171,12,0,long,61,2.44,no_before,,,0.459,61,partial,60,KF + CV
MVI_40171,14,0,medium,31,1.24,switched,88.0,96.0,0.7742,86,partial,60,KF + CV
MVI_40171,15,0,long,66,2.64,no_before,,,0.5152,66,partial,60,KF + CV
MVI_40171,16,0,long,61,2.44,no_before,,,0.8361,61,partial,60,KF + CV
MVI_40171,17,0,short,11,0.44,no_before,,,0.2727,76,partial,60,KF + CV
MVI_40171,18,0,long,209,8.36,preserved,148.0,148.0,0.11,786,partial,60,KF + CV
MVI_40171,18,1,short,11,0.44,preserved,148.0,148.0,0.7273,786,partial,60,KF + CV
MVI_40171,18,2,short,4,0.16,preserved,148.0,148.0,1.0,786,partial,60,KF + CV
MVI_40171,18,3,short,4,0.16,preserved,148.0,148.0,0.5,786,partial,60,KF + CV
MVI_40171,18,4,short,4,0.16,preserved,148.0,148.0,1.0,786,partial,60,KF + CV
MVI_40171,19,0,long,61,2.44,no_before,,,0.8361,61,partial,60,KF + CV
MVI_40171,22,0,long,69,2.76,lost,163.0,,0.7826,71,partial,60,KF + CV
MVI_40171,23,0,long,62,2.48,preserved,183.0,183.0,0.8387,66,partial,60,KF + CV
MVI_40171,25,0,long,66,2.64,no_before,,,0.7424,66,partial,60,KF + CV
MVI_40171,26,0,long,47,1.88,no_before,,,0.7872,56,partial,60,KF + CV
MVI_40171,27,0,medium,30,1.2,no_before,,,0.3667,76,partial,60,KF + CV
MVI_40171,28,0,medium,21,0.84,no_before,,,0.7619,76,partial,60,KF + CV
MVI_40171,29,0,long,53,2.12,no_before,,,0.7547,56,partial,60,KF + CV
MVI_40171,31,0,medium,26,1.04,preserved,287.0,287.0,1.0,96,partial,60,KF + CV
MVI_40171,34,0,long,66,2.64,lost,323.0,,0.8788,71,partial,60,KF + CV
MVI_40171,35,0,long,62,2.48,switched,330.0,334.0,0.9516,76,partial,60,KF + CV
MVI_40171,36,0,long,66,2.64,no_before,,,0.6364,66,partial,60,KF + CV
MVI_40171,38,0,short,8,0.32,no_before,,,0.0,185,partial,60,KF + CV
MVI_40171,39,0,long,70,2.8,lost,368.0,,0.7571,71,partial,60,KF + CV
MVI_40171,40,0,medium,23,0.92,lost,390.0,,1.0,45,partial,60,KF + CV
MVI_40171,41,0,long,99,3.96,switched,6.0,306.0,0.101,1150,partial,60,KF + CV
MVI_40171,41,1,long,52,2.08,preserved,306.0,306.0,0.0769,1150,partial,60,KF + CV
MVI_40171,42,0,long,1150,46.0,no_before,,,0.0,1150,partial,60,KF + CV
MVI_40171,43,0,long,1150,46.0,no_before,,,0.0,1150,partial,60,KF + CV
MVI_40171,44,0,long,1150,46.0,no_before,,,0.0,1150,partial,60,KF + CV
MVI_40172,16,0,long,180,7.2,no_before,,,0.0111,227,partial,60,KF + CV
MVI_40172,35,0,long,39,1.56,no_before,,,0.8718,46,partial,60,KF + CV
MVI_40172,36,0,medium,37,1.48,no_before,,,0.973,41,partial,60,KF + CV
MVI_40172,40,0,medium,29,1.16,preserved,517.0,517.0,0.5517,71,partial,60,KF + CV
MVI_40172,41,0,long,39,1.56,lost,520.0,,0.4615,41,partial,60,KF + CV
MVI_40172,47,0,long,48,1.92,lost,553.0,,0.8958,51,partial,60,KF + CV
MVI_40172,50,0,long,51,2.04,no_before,,,0.7451,51,partial,60,KF + CV
MVI_40172,51,0,short,10,0.4,switched,566.0,569.0,0.5,81,partial,60,KF + CV
MVI_40172,56,0,medium,28,1.12,lost,598.0,,1.0,61,partial,60,KF + CV
MVI_40172,57,0,medium,37,1.48,preserved,604.0,604.0,1.0,51,partial,60,KF + CV
MVI_40172,60,0,long,44,1.76,preserved,618.0,618.0,0.7955,66,partial,60,KF + CV
MVI_40172,61,0,medium,13,0.52,preserved,619.0,619.0,1.0,36,partial,60,KF + CV
MVI_40172,63,0,long,46,1.84,no_before,,,0.7391,46,partial,60,KF + CV
MVI_40172,65,0,medium,29,1.16,switched,637.0,660.0,0.4483,46,partial,60,KF + CV
MVI_40172,67,0,medium,31,1.24,no_before,,,0.6774,41,partial,60,KF + CV
MVI_40172,79,0,long,114,4.56,no_before,,,0.0526,201,partial,60,KF + CV
MVI_40172,95,0,long,40,1.6,lost,837.0,,0.85,41,partial,60,KF + CV
MVI_40172,96,0,long,50,2.0,no_before,,,0.88,50,partial,60,KF + CV
MVI_40172,99,0,long,50,2.0,switched,2.0,57.0,0.12,2635,partial,60,KF + CV
MVI_40172,99,1,long,74,2.96,switched,67.0,243.0,0.0811,2635,partial,60,KF + CV
MVI_40172,99,2,long,40,1.6,switched,243.0,804.0,0.125,2635,partial,60,KF + CV
MVI_40172,100,0,long,2635,105.4,no_before,,,0.0,2635,partial,60,KF + CV
MVI_40172,101,0,long,2635,105.4,no_before,,,0.0,2635,partial,60,KF + CV
MVI_40172,102,0,long,2635,105.4,no_before,,,0.0,2635,partial,60,KF + CV
MVI_40172,105,0,long,52,2.08,preserved,3.0,3.0,0.0385,2635,partial,60,KF + CV
MVI_40172,105,1,long,45,1.8,switched,3.0,230.0,0.0222,2635,partial,60,KF + CV
MVI_40172,105,2,medium,21,0.84,no_before,,,0.0,2635,partial,60,KF + CV
MVI_40172,105,3,long,39,1.56,switched,550.0,811.0,0.2051,2635,partial,60,KF + CV
MVI_40204,6,0,long,86,3.44,no_before,,,0.2442,86,partial,60,KF + CV
MVI_40204,9,0,long,66,2.64,no_before,,,0.0,66,partial,60,KF + CV
MVI_40204,10,0,medium,32,1.28,lost,9.0,,0.4062,76,partial,60,KF + CV
MVI_40204,11,0,medium,31,1.24,switched,11.0,69.0,0.3871,66,partial,60,KF + CV
MVI_40204,12,0,medium,16,0.64,no_before,,,0.375,16,partial,60,KF + CV
MVI_40204,15,0,long,136,5.44,no_before,,,0.6691,136,partial,60,KF + CV
MVI_40204,27,0,long,111,4.44,no_before,,,0.7928,111,partial,60,KF + CV
MVI_40204,30,0,long,71,2.84,lost,129.0,,0.1831,141,partial,60,KF + CV
MVI_40204,34,0,short,3,0.12,preserved,140.0,140.0,0.6667,116,partial,60,KF + CV
MVI_40204,34,1,medium,25,1.0,lost,140.0,,0.2,116,partial,60,KF + CV
MVI_40204,34,2,medium,25,1.0,lost,140.0,,0.0,116,partial,60,KF + CV
MVI_40204,35,0,long,131,5.24,no_before,,,0.3511,131,partial,60,KF + CV
MVI_40204,36,0,long,52,2.08,lost,147.0,,0.0,116,partial,60,KF + CV
MVI_40204,39,0,medium,22,0.88,lost,217.0,,0.0,111,partial,60,KF + CV
MVI_40204,40,0,long,39,1.56,lost,166.0,,0.0,151,partial,60,KF + CV
MVI_40204,46,0,long,141,5.64,no_before,,,0.6596,141,partial,60,KF + CV
MVI_40204,49,0,long,46,1.84,preserved,221.0,221.0,0.7391,151,partial,60,KF + CV
MVI_40204,50,0,long,121,4.84,no_before,,,0.3636,121,partial,60,KF + CV
MVI_40204,51,0,long,131,5.24,no_before,,,0.3282,131,partial,60,KF + CV
MVI_40204,52,0,short,2,0.08,preserved,240.0,240.0,1.0,131,partial,60,KF + CV
MVI_40204,60,0,long,131,5.24,no_before,,,0.3282,131,partial,60,KF + CV
MVI_40204,63,0,long,39,1.56,switched,350.0,399.0,0.5897,141,partial,60,KF + CV
MVI_40204,64,0,long,130,5.2,no_before,,,0.5615,131,partial,60,KF + CV
MVI_40204,65,0,long,141,5.64,no_before,,,0.1064,141,partial,60,KF + CV
MVI_40204,67,0,long,58,2.32,lost,421.0,,0.0517,131,partial,60,KF + CV
MVI_40204,68,0,medium,15,0.6,lost,446.0,,0.0,126,partial,60,KF + CV
MVI_40204,71,0,long,116,4.64,no_before,,,0.2759,116,partial,60,KF + CV
MVI_40204,72,0,medium,33,1.32,preserved,494.0,494.0,1.0,141,partial,60,KF + CV
MVI_40204,73,0,long,136,5.44,no_before,,,0.3015,136,partial,60,KF + CV
MVI_40204,74,0,long,116,4.64,no_before,,,0.4483,116,partial,60,KF + CV
MVI_40204,78,0,medium,19,0.76,lost,541.0,,0.2632,131,partial,60,KF + CV
MVI_40204,81,0,long,141,5.64,no_before,,,0.2979,141,partial,60,KF + CV
MVI_40204,82,0,short,8,0.32,preserved,578.0,578.0,1.0,136,partial,60,KF + CV
MVI_40204,82,1,long,40,1.6,lost,578.0,,0.825,136,partial,60,KF + CV
MVI_40204,85,0,long,141,5.64,no_before,,,0.5319,141,partial,60,KF + CV
MVI_40204,86,0,long,114,4.56,lost,622.0,,0.2982,136,partial,60,KF + CV
MVI_40204,88,0,long,146,5.84,no_before,,,0.137,146,partial,60,KF + CV
MVI_40204,90,0,long,146,5.84,no_before,,,0.6849,146,partial,60,KF + CV
MVI_40204,92,0,long,41,1.64,no_before,,,0.9512,156,partial,60,KF + CV
MVI_40204,93,0,long,112,4.48,lost,673.0,,0.5089,131,partial,60,KF + CV
MVI_40204,96,0,long,82,3.28,switched,689.0,796.0,0.7073,161,partial,60,KF + CV
MVI_40204,98,0,long,156,6.24,no_before,,,0.5705,156,partial,60,KF + CV
MVI_40204,99,0,short,11,0.44,no_before,,,0.8182,151,partial,60,KF + CV
MVI_40204,106,0,long,51,2.04,no_before,,,0.6275,126,partial,60,KF + CV
MVI_40204,106,1,long,70,2.8,lost,802.0,,0.4,126,partial,60,KF + CV
MVI_40204,108,0,long,151,6.04,no_before,,,0.4238,151,partial,60,KF + CV
MVI_40204,110,0,long,75,3.0,lost,807.0,,0.1733,131,partial,60,KF + CV
MVI_40204,112,0,long,40,1.6,no_before,,,0.0,146,partial,60,KF + CV
MVI_40204,115,0,long,71,2.84,preserved,837.0,837.0,0.8169,151,partial,60,KF + CV
MVI_40204,115,1,short,4,0.16,lost,837.0,,0.0,151,partial,60,KF + CV
MVI_40204,116,0,long,146,5.84,no_before,,,0.0,146,partial,60,KF + CV
MVI_40204,117,0,medium,31,1.24,lost,846.0,,0.2581,141,partial,60,KF + CV
MVI_40204,117,1,short,9,0.36,lost,846.0,,0.0,141,partial,60,KF + CV
MVI_40204,119,0,long,66,2.64,lost,855.0,,0.1061,151,partial,60,KF + CV
MVI_40204,120,0,long,62,2.48,lost,886.0,,0.6452,156,partial,60,KF + CV
MVI_40204,121,0,medium,21,0.84,no_before,,,0.9524,156,partial,60,KF + CV
MVI_40204,122,0,long,141,5.64,no_before,,,0.1135,141,partial,60,KF + CV
MVI_40204,126,0,long,43,1.72,switched,933.0,1061.0,0.5116,166,partial,60,KF + CV
MVI_40204,126,1,short,4,0.16,lost,1061.0,,0.0,166,partial,60,KF + CV
MVI_40204,127,0,short,5,0.2,no_before,,,0.4,161,partial,60,KF + CV
MVI_40204,128,0,medium,18,0.72,preserved,932.0,932.0,1.0,131,partial,60,KF + CV
MVI_40204,128,1,long,98,3.92,lost,932.0,,0.2959,131,partial,60,KF + CV
MVI_40204,129,0,long,156,6.24,no_before,,,0.2564,156,partial,60,KF + CV
MVI_40204,133,0,long,53,2.12,lost,983.0,,0.283,106,partial,60,KF + CV
MVI_40204,135,0,long,75,3.0,lost,998.0,,0.1333,141,partial,60,KF + CV
MVI_40204,137,0,long,63,2.52,lost,1029.0,,0.2857,126,partial,60,KF + CV
MVI_40204,138,0,short,7,0.28,lost,1198.0,,0.0,166,partial,60,KF + CV
MVI_40204,142,0,long,145,5.8,no_before,,,0.8345,146,partial,60,KF + CV
MVI_40204,145,0,long,146,5.84,no_before,,,0.5411,161,partial,60,KF + CV
MVI_40204,148,0,long,110,4.4,lost,1129.0,,0.3091,151,partial,60,KF + CV
MVI_40204,149,0,long,72,2.88,lost,1144.0,,0.1389,161,partial,60,KF + CV
MVI_40204,150,0,long,146,5.84,no_before,,,0.7192,146,partial,60,KF + CV
MVI_40204,153,0,long,129,5.16,lost,1164.0,,0.4651,171,partial,60,KF + CV
MVI_40204,154,0,medium,28,1.12,no_before,,,0.5714,166,partial,60,KF + CV
MVI_40204,158,0,medium,31,1.24,no_before,,,0.0,175,partial,60,KF + CV
MVI_40204,161,0,medium,22,0.88,no_before,,,0.8636,170,partial,60,KF + CV
MVI_40204,161,1,long,67,2.68,lost,1222.0,,0.1642,170,partial,60,KF + CV
MVI_40204,162,0,long,151,6.04,no_before,,,0.0199,151,partial,60,KF + CV
MVI_40204,165,1,long,139,5.56,lost,1251.0,,0.6259,145,partial,60,KF + CV
MVI_40204,168,0,long,120,4.8,no_before,,,0.725,120,partial,60,KF + CV
MVI_40204,173,0,long,65,2.6,no_before,,,0.9692,65,partial,60,KF + CV
MVI_40204,177,0,medium,20,0.8,no_before,,,0.6,20,partial,60,KF + CV
MVI_40751,2,0,long,72,2.88,switched,1.0,28.0,0.0833,1140,partial,60,KF + CV
MVI_40751,2,1,long,175,7.0,switched,28.0,359.0,0.6514,1140,partial,60,KF + CV
MVI_40751,2,2,short,9,0.36,preserved,359.0,359.0,1.0,1140,partial,60,KF + CV
MVI_40751,2,3,short,6,0.24,preserved,359.0,359.0,1.0,1140,partial,60,KF + CV
MVI_40751,2,4,long,410,16.4,preserved,359.0,359.0,1.0,1140,partial,60,KF + CV
MVI_40751,3,0,long,58,2.32,no_before,,,0.9655,81,partial,60,KF + CV
MVI_40751,4,1,long,46,1.84,preserved,2.0,2.0,1.0,141,partial,60,KF + CV
MVI_40751,5,0,medium,19,0.76,no_before,,,0.0,146,partial,60,KF + CV
MVI_40751,7,0,medium,19,0.76,no_before,,,0.0,186,partial,60,KF + CV
MVI_40751,7,1,medium,14,0.56,preserved,64.0,64.0,1.0,186,partial,60,KF + CV
MVI_40751,7,3,long,97,3.88,preserved,64.0,64.0,1.0,186,partial,60,KF + CV
MVI_40751,8,1,short,4,0.16,preserved,161.0,161.0,1.0,920,partial,60,KF + CV
MVI_40751,8,2,short,5,0.2,preserved,161.0,161.0,1.0,920,partial,60,KF + CV
MVI_40751,8,3,short,10,0.4,preserved,161.0,161.0,1.0,920,partial,60,KF + CV
MVI_40751,8,4,medium,24,0.96,preserved,161.0,161.0,1.0,920,partial,60,KF + CV
MVI_40751,8,5,long,591,23.64,lost,161.0,,0.7783,920,partial,60,KF + CV
MVI_40751,9,0,medium,34,1.36,preserved,154.0,154.0,1.0,96,partial,60,KF + CV
MVI_40751,11,0,medium,32,1.28,no_before,,,0.4062,156,partial,60,KF + CV
MVI_40751,11,1,long,89,3.56,preserved,177.0,177.0,0.9663,156,partial,60,KF + CV
MVI_40751,15,0,long,223,8.92,lost,183.0,,1.0,775,partial,60,KF + CV
MVI_40751,21,0,short,5,0.2,no_before,,,0.0,625,partial,60,KF + CV
MVI_40751,21,1,long,612,24.48,lost,315.0,,0.0294,625,partial,60,KF + CV
MVI_40751,23,0,short,11,0.44,preserved,345.0,345.0,1.0,66,partial,60,KF + CV
MVI_40751,23,1,short,4,0.16,preserved,345.0,345.0,1.0,66,partial,60,KF + CV
MVI_40751,28,0,short,3,0.12,preserved,422.0,422.0,1.0,405,partial,60,KF + CV
MVI_40751,28,1,medium,15,0.6,preserved,422.0,422.0,1.0,405,partial,60,KF + CV
MVI_40751,29,0,medium,23,0.92,preserved,439.0,439.0,1.0,370,partial,60,KF + CV
MVI_40751,31,0,long,41,1.64,no_before,,,0.7073,43,partial,60,KF + CV
MVI_40751,32,0,long,172,6.88,switched,463.0,496.0,0.8721,266,partial,60,KF + CV
MVI_40751,33,0,medium,14,0.56,preserved,476.0,476.0,1.0,270,partial,60,KF + CV
MVI_40751,35,0,medium,23,0.92,lost,505.0,,1.0,156,partial,60,KF + CV
MVI_40751,36,0,long,77,3.08,lost,515.0,,1.0,195,partial,60,KF + CV
MVI_40751,38,0,medium,13,0.52,preserved,533.0,533.0,1.0,140,partial,60,KF + CV
MVI_40751,38,1,long,49,1.96,lost,533.0,,1.0,140,partial,60,KF + CV
MVI_40751,41,0,long,45,1.8,no_before,,,0.3111,45,partial,60,KF + CV
MVI_63554,3,0,short,11,0.44,no_before,,,0.6364,11,partial,60,KF + CV
MVI_63554,4,0,medium,26,1.04,no_before,,,0.0,26,partial,60,KF + CV
MVI_63554,5,0,long,40,1.6,no_before,,,0.925,41,partial,60,KF + CV
MVI_63554,8,0,medium,13,0.52,no_before,,,0.3846,16,partial,60,KF + CV
MVI_63554,9,0,long,55,2.2,lost,16.0,,0.0727,61,partial,60,KF + CV
MVI_63554,11,0,long,52,2.08,lost,30.0,,0.0577,61,partial,60,KF + CV
MVI_63554,13,0,medium,16,0.64,no_before,,,0.25,26,partial,60,KF + CV
MVI_63554,15,0,long,65,2.6,lost,46.0,,0.9538,76,partial,60,KF + CV
MVI_63554,19,0,long,62,2.48,switched,67.0,75.0,0.8548,81,partial,60,KF + CV
MVI_63554,20,0,long,57,2.28,lost,69.0,,0.0,66,partial,60,KF + CV
MVI_63554,22,0,long,61,2.44,no_before,,,0.3607,61,partial,60,KF + CV
MVI_63554,23,0,long,45,1.8,switched,83.0,88.0,0.7111,81,partial,60,KF + CV
MVI_63554,24,0,short,11,0.44,no_before,,,0.1818,21,partial,60,KF + CV
MVI_63554,25,0,long,51,2.04,lost,88.0,,0.1176,56,partial,60,KF + CV
MVI_63554,30,0,long,74,2.96,lost,135.0,,0.1486,81,partial,60,KF + CV
MVI_63554,31,0,long,76,3.04,no_before,,,0.5132,76,partial,60,KF + CV
MVI_63554,32,0,long,64,2.56,lost,140.0,,0.0938,71,partial,60,KF + CV
MVI_63554,33,0,long,45,1.8,lost,94.0,,0.9556,81,partial,60,KF + CV
MVI_63554,35,0,medium,16,0.64,no_before,,,0.8125,86,partial,60,KF + CV
MVI_63554,36,0,long,59,2.36,lost,170.0,,0.0678,66,partial,60,KF + CV
MVI_63554,41,0,medium,25,1.0,lost,197.0,,0.56,91,partial,60,KF + CV
MVI_63554,42,0,short,11,0.44,no_before,,,0.1818,16,partial,60,KF + CV
MVI_63554,43,0,long,62,2.48,lost,201.0,,0.0645,71,partial,60,KF + CV
MVI_63554,44,0,long,64,2.56,lost,205.0,,0.7812,71,partial,60,KF + CV
MVI_63554,47,0,long,59,2.36,lost,212.0,,0.1356,66,partial,60,KF + CV
MVI_63554,49,0,long,54,2.16,lost,224.0,,0.8333,81,partial,60,KF + CV
MVI_63554,50,0,long,63,2.52,lost,226.0,,0.2222,71,partial,60,KF + CV
MVI_63554,51,0,short,11,0.44,no_before,,,0.0,21,partial,60,KF + CV
MVI_63554,55,0,long,62,2.48,lost,223.0,,0.7903,71,partial,60,KF + CV
MVI_63554,56,0,long,48,1.92,no_before,,,0.0,51,partial,60,KF + CV
MVI_63554,58,0,medium,21,0.84,preserved,296.0,296.0,0.9524,41,partial,60,KF + CV
MVI_63554,60,0,medium,13,0.52,no_before,,,0.2308,21,partial,60,KF + CV
MVI_63554,61,0,long,63,2.52,no_before,,,0.5079,66,partial,60,KF + CV
MVI_63554,62,0,short,5,0.2,preserved,313.0,313.0,1.0,66,partial,60,KF + CV
MVI_63554,62,1,medium,35,1.4,lost,313.0,,0.5429,66,partial,60,KF + CV
MVI_63554,63,0,long,60,2.4,lost,318.0,,0.7,66,partial,60,KF + CV
MVI_63554,64,0,long,42,1.68,no_before,,,0.0238,46,partial,60,KF + CV
MVI_63554,68,0,long,57,2.28,lost,320.0,,0.0702,66,partial,60,KF + CV
MVI_63554,69,0,medium,16,0.64,no_before,,,0.5625,26,partial,60,KF + CV
MVI_63554,72,0,medium,20,0.8,lost,363.0,,0.35,101,partial,60,KF + CV
MVI_63554,73,0,long,50,2.0,preserved,365.0,365.0,0.88,61,partial,60,KF + CV
MVI_63554,76,0,medium,13,0.52,no_before,,,0.3077,21,partial,60,KF + CV
MVI_63554,77,0,long,56,2.24,lost,342.0,,0.0893,61,partial,60,KF + CV
MVI_63554,79,0,long,61,2.44,no_before,,,0.3934,71,partial,60,KF + CV
MVI_63554,80,0,long,55,2.2,lost,377.0,,0.8364,61,partial,60,KF + CV
MVI_63554,81,0,short,10,0.4,no_before,,,0.5,81,partial,60,KF + CV
MVI_63554,82,0,long,53,2.12,no_before,,,0.0755,56,partial,60,KF + CV
MVI_63554,83,0,medium,15,0.6,no_before,,,0.1333,21,partial,60,KF + CV
MVI_63554,86,0,long,49,1.96,no_before,,,0.0,56,partial,60,KF + CV
MVI_63554,87,0,medium,31,1.24,preserved,405.0,405.0,0.871,61,partial,60,KF + CV
MVI_63554,88,0,medium,13,0.52,no_before,,,0.2308,16,partial,60,KF + CV
MVI_63554,90,0,medium,20,0.8,lost,417.0,,0.85,86,partial,60,KF + CV
MVI_63554,92,0,long,50,2.0,lost,423.0,,0.1,56,partial,60,KF + CV
MVI_63554,93,0,long,39,1.56,preserved,429.0,429.0,0.7949,71,partial,60,KF + CV
MVI_63554,93,3,short,9,0.36,lost,429.0,,0.0,71,partial,60,KF + CV
MVI_63554,94,0,medium,26,1.04,preserved,431.0,431.0,1.0,56,partial,60,KF + CV
MVI_63554,95,0,long,51,2.04,preserved,439.0,439.0,0.7255,81,partial,60,KF + CV
MVI_63554,96,0,medium,15,0.6,no_before,,,0.0667,26,partial,60,KF + CV
MVI_63554,98,0,long,64,2.56,lost,450.0,,0.7969,71,partial,60,KF + CV
MVI_63554,99,0,medium,15,0.6,no_before,,,0.6667,26,partial,60,KF + CV
MVI_63554,101,0,long,48,1.92,no_before,,,0.0208,51,partial,60,KF + CV
MVI_63554,102,0,medium,14,0.56,no_before,,,0.0714,26,partial,60,KF + CV
MVI_63554,103,0,medium,17,0.68,lost,484.0,,0.5294,71,partial,60,KF + CV
MVI_63554,105,0,long,61,2.44,lost,488.0,,0.7705,66,partial,60,KF + CV
MVI_63554,108,0,long,44,1.76,no_before,,,0.0,51,partial,60,KF + CV
MVI_63554,109,0,medium,18,0.72,no_before,,,0.2778,31,partial,60,KF + CV
MVI_63554,112,0,medium,31,1.24,no_before,,,0.6129,61,partial,60,KF + CV
MVI_63554,115,0,long,53,2.12,lost,544.0,,0.0943,61,partial,60,KF + CV
MVI_63554,116,0,medium,15,0.6,no_before,,,0.2,26,partial,60,KF + CV
MVI_63554,117,0,long,53,2.12,lost,551.0,,0.4717,61,partial,60,KF + CV
MVI_63554,120,0,medium,15,0.6,no_before,,,0.2,26,partial,60,KF + CV
MVI_63554,123,0,long,60,2.4,no_before,,,0.4167,61,partial,60,KF + CV
MVI_63554,124,0,long,54,2.16,no_before,,,0.1111,61,partial,60,KF + CV
MVI_63554,126,0,medium,37,1.48,lost,596.0,,0.9189,56,partial,60,KF + CV
MVI_63554,129,0,medium,13,0.52,no_before,,,0.3846,21,partial,60,KF + CV
MVI_63554,132,0,short,12,0.48,no_before,,,0.4167,26,partial,60,KF + CV
MVI_63554,134,0,long,55,2.2,lost,646.0,,0.6909,61,partial,60,KF + CV
MVI_63554,137,0,short,12,0.48,no_before,,,0.1667,16,partial,60,KF + CV
MVI_63554,139,0,long,48,1.92,lost,668.0,,0.875,56,partial,60,KF + CV
MVI_63554,142,0,medium,15,0.6,no_before,,,0.3333,26,partial,60,KF + CV
MVI_63554,143,0,long,57,2.28,lost,678.0,,0.8772,66,partial,60,KF + CV
MVI_63554,147,0,long,39,1.56,lost,693.0,,0.0256,46,partial,60,KF + CV
MVI_63554,148,0,short,8,0.32,preserved,690.0,690.0,1.0,56,partial,60,KF + CV
MVI_63554,151,0,short,12,0.48,no_before,,,0.5,21,partial,60,KF + CV
MVI_63554,152,0,short,10,0.4,preserved,710.0,710.0,1.0,61,partial,60,KF + CV
MVI_63554,152,1,short,2,0.08,preserved,710.0,710.0,1.0,61,partial,60,KF + CV
MVI_63554,152,2,short,5,0.2,lost,710.0,,0.0,61,partial,60,KF + CV
MVI_63554,153,0,medium,14,0.56,no_before,,,0.3571,20,partial,60,KF + CV
MVI_63554,155,0,long,49,1.96,lost,698.0,,0.0612,56,partial,60,KF + CV
MVI_63554,158,0,long,54,2.16,lost,733.0,,0.8889,66,partial,60,KF + CV
MVI_63554,160,0,short,12,0.48,no_before,,,0.3333,21,partial,60,KF + CV
MVI_63554,162,0,long,54,2.16,lost,741.0,,0.7407,61,partial,60,KF + CV
MVI_63554,163,0,long,54,2.16,no_before,,,0.9259,71,partial,60,KF + CV
MVI_63554,164,0,long,66,2.64,no_before,,,0.9697,66,partial,60,KF + CV
MVI_63554,165,0,long,52,2.08,lost,757.0,,0.0577,56,partial,60,KF + CV
MVI_63554,168,0,long,53,2.12,lost,782.0,,0.8491,61,partial,60,KF + CV
MVI_63554,169,0,medium,14,0.56,no_before,,,0.7143,21,partial,60,KF + CV
MVI_63554,171,0,long,50,2.0,lost,801.0,,0.1,56,partial,60,KF + CV
MVI_63554,174,0,short,11,0.44,no_before,,,0.3636,16,partial,60,KF + CV
MVI_63554,175,0,long,59,2.36,lost,810.0,,0.7288,66,partial,60,KF + CV
MVI_63554,177,0,long,51,2.04,lost,822.0,,0.0784,56,partial,60,KF + CV
MVI_63554,180,0,short,9,0.36,no_before,,,0.8889,16,partial,60,KF + CV
MVI_63554,182,0,long,51,2.04,lost,844.0,,0.098,56,partial,60,KF + CV
MVI_63554,183,0,short,8,0.32,no_before,,,0.125,21,partial,60,KF + CV
MVI_63554,185,0,long,39,1.56,no_before,,,0.8205,40,partial,60,KF + CV
MVI_63554,186,0,medium,18,0.72,lost,853.0,,0.1111,25,partial,60,KF + CV
MVI_63554,188,0,short,11,0.44,no_before,,,0.3636,15,partial,60,KF + CV
MVI_63554,189,0,medium,14,0.56,no_before,,,0.7143,31,partial,60,KF + CV
MVI_63554,190,0,medium,17,0.68,no_before,,,0.4118,31,partial,60,KF + CV
MVI_40131,1,0,long,61,2.44,switched,4.0,115.0,0.0,486,full,60,KF + CV
MVI_40131,19,0,long,54,2.16,switched,79.0,407.0,0.0,1086,full,60,KF + CV
MVI_40131,35,0,long,50,2.0,switched,262.0,436.0,0.0,456,full,60,KF + CV
MVI_40171,9,0,short,1,0.04,preserved,49.0,49.0,1.0,61,full,60,KF + CV
MVI_40171,9,1,short,10,0.4,preserved,49.0,49.0,0.9,61,full,60,KF + CV
MVI_40171,26,0,short,3,0.12,preserved,239.0,239.0,0.6667,56,full,60,KF + CV
MVI_40171,41,0,long,66,2.64,switched,6.0,306.0,0.0,1150,full,60,KF + CV
MVI_40171,41,1,long,38,1.52,preserved,306.0,306.0,0.0,1150,full,60,KF + CV
MVI_40171,42,0,medium,14,0.56,no_before,,,0.0,1150,full,60,KF + CV
MVI_40171,42,1,short,1,0.04,no_before,,,0.0,1150,full,60,KF + CV
MVI_40171,42,2,short,2,0.08,no_before,,,0.0,1150,full,60,KF + CV
MVI_40171,42,3,long,772,30.88,no_before,,,0.0,1150,full,60,KF + CV
MVI_40171,42,4,long,142,5.68,no_before,,,0.0,1150,full,60,KF + CV
MVI_40171,43,0,long,121,4.84,no_before,,,0.0,1150,full,60,KF + CV
MVI_40171,43,1,long,1012,40.48,no_before,,,0.0,1150,full,60,KF + CV
MVI_40171,44,0,long,141,5.64,no_before,,,0.0,1150,full,60,KF + CV
MVI_40171,44,1,long,989,39.56,no_before,,,0.0,1150,full,60,KF + CV
MVI_40172,16,0,long,158,6.32,no_before,,,0.0,227,full,60,KF + CV
MVI_40172,99,0,long,42,1.68,switched,2.0,57.0,0.0,2635,full,60,KF + CV
MVI_40172,99,1,long,40,1.6,switched,67.0,243.0,0.0,2635,full,60,KF + CV
MVI_40172,99,2,medium,15,0.6,switched,243.0,804.0,0.0,2635,full,60,KF + CV
MVI_40172,100,0,long,2225,89.0,no_before,,,0.0,2635,full,60,KF + CV
MVI_40172,101,0,long,1489,59.56,no_before,,,0.0,2635,full,60,KF + CV
MVI_40172,101,1,long,148,5.92,no_before,,,0.0,2635,full,60,KF + CV
MVI_40172,101,2,long,526,21.04,no_before,,,0.0,2635,full,60,KF + CV
MVI_40172,101,3,short,2,0.08,no_before,,,0.0,2635,full,60,KF + CV
MVI_40172,101,4,short,9,0.36,no_before,,,0.0,2635,full,60,KF + CV
MVI_40172,101,5,medium,19,0.76,no_before,,,0.0,2635,full,60,KF + CV
MVI_40172,102,0,long,395,15.8,no_before,,,0.0,2635,full,60,KF + CV
MVI_40172,102,1,long,1062,42.48,no_before,,,0.0,2635,full,60,KF + CV
MVI_40172,102,2,short,7,0.28,no_before,,,0.0,2635,full,60,KF + CV
MVI_40172,102,3,short,1,0.04,no_before,,,0.0,2635,full,60,KF + CV
MVI_40172,102,4,short,2,0.08,no_before,,,0.0,2635,full,60,KF + CV
MVI_40172,102,5,long,53,2.12,no_before,,,0.0,2635,full,60,KF + CV
MVI_40172,102,6,short,5,0.2,no_before,,,0.0,2635,full,60,KF + CV
MVI_40172,102,7,medium,19,0.76,no_before,,,0.0,2635,full,60,KF + CV
MVI_40172,102,8,long,67,2.68,no_before,,,0.0,2635,full,60,KF + CV
MVI_40172,102,9,long,87,3.48,no_before,,,0.0,2635,full,60,KF + CV
MVI_40172,102,10,short,2,0.08,no_before,,,0.0,2635,full,60,KF + CV
MVI_40172,102,11,long,95,3.8,no_before,,,0.0,2635,full,60,KF + CV
MVI_40172,105,0,long,47,1.88,preserved,3.0,3.0,0.0,2635,full,60,KF + CV
MVI_40172,105,1,long,42,1.68,switched,3.0,230.0,0.0,2635,full,60,KF + CV
MVI_40172,105,2,short,7,0.28,no_before,,,0.0,2635,full,60,KF + CV
MVI_40172,105,3,medium,20,0.8,switched,550.0,811.0,0.0,2635,full,60,KF + CV
MVI_40204,15,0,short,1,0.04,lost,25.0,,0.0,136,full,60,KF + CV
MVI_40204,35,0,medium,21,0.84,no_before,,,0.0,131,full,60,KF + CV
MVI_40204,35,1,short,9,0.36,no_before,,,0.0,131,full,60,KF + CV
MVI_40204,51,0,short,3,0.12,no_before,,,0.0,131,full,60,KF + CV
MVI_40204,51,1,short,6,0.24,no_before,,,0.1667,131,full,60,KF + CV
MVI_40204,51,2,short,1,0.04,lost,378.0,,0.0,131,full,60,KF + CV
MVI_40204,60,0,short,1,0.04,lost,298.0,,0.0,131,full,60,KF + CV
MVI_40204,60,1,short,1,0.04,no_before,,,0.0,131,full,60,KF + CV
MVI_40204,65,0,short,3,0.12,no_before,,,0.0,141,full,60,KF + CV
MVI_40204,71,0,medium,16,0.64,lost,566.0,,0.0,116,full,60,KF + CV
MVI_40204,71,1,short,1,0.04,no_before,,,0.0,116,full,60,KF + CV
MVI_40204,81,0,short,9,0.36,no_before,,,0.0,141,full,60,KF + CV
MVI_40204,81,1,short,3,0.12,no_before,,,0.0,141,full,60,KF + CV
MVI_40204,85,0,short,12,0.48,lost,708.0,,0.0,141,full,60,KF + CV
MVI_40204,85,1,short,7,0.28,lost,708.0,,0.0,141,full,60,KF + CV
MVI_40204,88,0,short,2,0.08,lost,729.0,,0.0,146,full,60,KF + CV
MVI_40204,88,1,short,1,0.04,lost,729.0,,0.0,146,full,60,KF + CV
MVI_40204,88,2,short,1,0.04,lost,729.0,,0.0,146,full,60,KF + CV
MVI_40204,90,0,short,8,0.32,preserved,665.0,665.0,0.75,146,full,60,KF + CV
MVI_40204,90,1,short,4,0.16,switched,665.0,718.0,0.75,146,full,60,KF + CV
MVI_40204,90,2,short,1,0.04,lost,665.0,,1.0,146,full,60,KF + CV
MVI_40204,90,3,short,1,0.04,lost,665.0,,0.0,146,full,60,KF + CV
MVI_40204,90,4,medium,18,0.72,lost,665.0,,0.0,146,full,60,KF + CV
MVI_40204,98,0,long,53,2.12,lost,698.0,,0.0,156,full,60,KF + CV
MVI_40204,108,0,short,1,0.04,preserved,788.0,788.0,0.0,151,full,60,KF + CV
MVI_40204,116,0,short,1,0.04,no_before,,,0.0,146,full,60,KF + CV
MVI_40204,116,1,short,1,0.04,no_before,,,0.0,146,full,60,KF + CV
MVI_40204,128,0,short,10,0.4,lost,932.0,,0.0,131,full,60,KF + CV
MVI_40204,129,0,short,1,0.04,no_before,,,0.0,156,full,60,KF + CV
MVI_40204,129,1,short,2,0.08,no_before,,,0.0,156,full,60,KF + CV
MVI_40204,162,0,short,1,0.04,no_before,,,0.0,151,full,60,KF + CV
MVI_40204,162,1,short,1,0.04,no_before,,,0.0,151,full,60,KF + CV
MVI_40204,162,2,short,2,0.08,no_before,,,0.0,151,full,60,KF + CV
MVI_40204,162,3,medium,14,0.56,no_before,,,0.0,151,full,60,KF + CV
MVI_40204,165,0,short,6,0.24,switched,1393.0,1451.0,0.0,145,full,60,KF + CV
MVI_40204,168,0,short,1,0.04,preserved,1436.0,1436.0,1.0,120,full,60,KF + CV
MVI_40751,2,0,long,47,1.88,switched,1.0,28.0,0.0,1140,full,60,KF + CV
MVI_40751,21,0,short,12,0.48,lost,315.0,,0.0,625,full,60,KF + CV
MVI_40751,21,1,short,4,0.16,lost,315.0,,0.0,625,full,60,KF + CV
MVI_40751,21,2,short,4,0.16,no_before,,,0.0,625,full,60,KF + CV
MVI_40751,21,3,short,3,0.12,no_before,,,0.0,625,full,60,KF + CV
MVI_40751,21,4,short,2,0.08,no_before,,,0.0,625,full,60,KF + CV
MVI_40751,21,5,short,4,0.16,no_before,,,0.0,625,full,60,KF + CV
MVI_40751,21,6,short,4,0.16,no_before,,,0.0,625,full,60,KF + CV
MVI_63554,4,0,short,3,0.12,no_before,,,0.0,26,full,60,KF + CV
MVI_63554,4,1,short,6,0.24,no_before,,,0.0,26,full,60,KF + CV
MVI_63554,8,0,short,2,0.08,no_before,,,0.0,16,full,60,KF + CV
MVI_63554,9,0,medium,35,1.4,lost,16.0,,0.0,61,full,60,KF + CV
MVI_63554,20,0,short,1,0.04,lost,69.0,,0.0,66,full,60,KF + CV
MVI_63554,25,0,medium,19,0.76,lost,88.0,,0.0,56,full,60,KF + CV
MVI_63554,32,0,long,57,2.28,lost,140.0,,0.0,71,full,60,KF + CV
MVI_63554,36,0,long,49,1.96,lost,170.0,,0.0,66,full,60,KF + CV
MVI_63554,42,0,short,1,0.04,no_before,,,0.0,16,full,60,KF + CV
MVI_63554,43,0,long,55,2.2,lost,201.0,,0.0,71,full,60,KF + CV
MVI_63554,56,0,medium,30,1.2,no_before,,,0.0,51,full,60,KF + CV
MVI_63554,56,1,short,9,0.36,no_before,,,0.0,51,full,60,KF + CV
MVI_63554,61,0,short,1,0.04,no_before,,,0.0,66,full,60,KF + CV
MVI_63554,61,1,short,6,0.24,no_before,,,0.0,66,full,60,KF + CV
MVI_63554,64,0,medium,37,1.48,lost,320.0,,0.0,46,full,60,KF + CV
MVI_63554,68,0,long,51,2.04,lost,320.0,,0.0,66,full,60,KF + CV
MVI_63554,77,0,medium,20,0.8,lost,342.0,,0.0,61,full,60,KF + CV
MVI_63554,79,0,short,9,0.36,switched,375.0,398.0,0.2222,71,full,60,KF + CV
MVI_63554,82,0,long,47,1.88,lost,380.0,,0.0,56,full,60,KF + CV
MVI_63554,83,0,short,5,0.2,no_before,,,0.0,21,full,60,KF + CV
MVI_63554,86,0,long,43,1.72,no_before,,,0.0,56,full,60,KF + CV
MVI_63554,88,0,short,3,0.12,no_before,,,0.0,16,full,60,KF + CV
MVI_63554,92,0,medium,14,0.56,switched,423.0,456.0,0.0,56,full,60,KF + CV
MVI_63554,92,1,short,8,0.32,switched,423.0,456.0,0.0,56,full,60,KF + CV
MVI_63554,96,0,short,4,0.16,no_before,,,0.0,26,full,60,KF + CV
MVI_63554,101,0,long,42,1.68,lost,476.0,,0.0,51,full,60,KF + CV
MVI_63554,108,0,long,39,1.56,no_before,,,0.0,51,full,60,KF + CV
MVI_63554,115,0,short,3,0.12,lost,544.0,,0.0,61,full,60,KF + CV
MVI_63554,115,1,short,9,0.36,lost,544.0,,0.0,61,full,60,KF + CV
MVI_63554,116,0,short,2,0.08,no_before,,,0.0,26,full,60,KF + CV
MVI_63554,120,0,short,4,0.16,no_before,,,0.0,26,full,60,KF + CV
MVI_63554,124,0,medium,24,0.96,lost,594.0,,0.0,61,full,60,KF + CV
MVI_63554,124,1,medium,19,0.76,lost,594.0,,0.0,61,full,60,KF + CV
MVI_63554,129,0,short,2,0.08,no_before,,,0.0,21,full,60,KF + CV
MVI_63554,137,0,short,3,0.12,no_before,,,0.0,16,full,60,KF + CV
MVI_63554,147,0,medium,28,1.12,lost,693.0,,0.0,46,full,60,KF + CV
MVI_63554,151,0,short,1,0.04,no_before,,,0.0,21,full,60,KF + CV
MVI_63554,153,0,short,2,0.08,no_before,,,0.0,20,full,60,KF + CV
MVI_63554,155,0,medium,19,0.76,lost,698.0,,0.0,56,full,60,KF + CV
MVI_63554,165,0,medium,20,0.8,lost,757.0,,0.0,56,full,60,KF + CV
MVI_63554,165,1,medium,22,0.88,lost,757.0,,0.0,56,full,60,KF + CV
MVI_63554,171,0,medium,33,1.32,lost,801.0,,0.0,56,full,60,KF + CV
MVI_63554,174,0,short,2,0.08,no_before,,,0.0,16,full,60,KF + CV
MVI_63554,177,0,medium,13,0.52,no_before,,,0.0,56,full,60,KF + CV
MVI_63554,182,0,long,38,1.52,lost,844.0,,0.0,56,full,60,KF + CV
MVI_40131,1,0,long,120,4.8,switched,4.0,115.0,0.2583,486,partial,60,EKF + CTRV
MVI_40131,12,0,long,81,3.24,no_before,,,0.4938,326,partial,60,EKF + CTRV
MVI_40131,16,0,long,52,2.08,switched,70.0,92.0,0.1923,256,partial,60,EKF + CTRV
MVI_40131,16,1,medium,22,0.88,preserved,92.0,92.0,1.0,256,partial,60,EKF + CTRV
MVI_40131,17,0,long,64,2.56,no_before,,,0.375,171,partial,60,EKF + CTRV
MVI_40131,19,0,medium,19,0.76,preserved,79.0,79.0,0.4211,1086,partial,60,EKF + CTRV
MVI_40131,19,1,long,114,4.56,switched,79.0,406.0,0.2456,1086,partial,60,EKF + CTRV
MVI_40131,19,2,medium,18,0.72,preserved,406.0,406.0,1.0,1086,partial,60,EKF + CTRV
MVI_40131,19,3,short,6,0.24,preserved,406.0,406.0,1.0,1086,partial,60,EKF + CTRV
MVI_40131,19,4,medium,13,0.52,preserved,494.0,494.0,1.0,1086,partial,60,EKF + CTRV
MVI_40131,19,5,long,72,2.88,preserved,406.0,406.0,1.0,1086,partial,60,EKF + CTRV
MVI_40131,19,6,medium,29,1.16,preserved,406.0,406.0,1.0,1086,partial,60,EKF + CTRV
MVI_40131,20,0,short,5,0.2,no_before,,,0.0,406,partial,60,EKF + CTRV
MVI_40131,20,1,long,62,2.48,no_before,,,0.0968,406,partial,60,EKF + CTRV
MVI_40131,20,2,short,7,0.28,preserved,110.0,110.0,1.0,406,partial,60,EKF + CTRV
MVI_40131,23,0,medium,25,1.0,no_before,,,0.24,226,partial,60,EKF + CTRV
MVI_40131,25,0,long,177,7.08,switched,152.0,195.0,0.9209,321,partial,60,EKF + CTRV
MVI_40131,26,0,long,84,3.36,switched,171.0,199.0,0.6548,231,partial,60,EKF + CTRV
MVI_40131,29,0,long,102,4.08,switched,242.0,417.0,0.9412,816,partial,60,EKF + CTRV
MVI_40131,30,0,short,9,0.36,preserved,213.0,213.0,1.0,296,partial,60,EKF + CTRV
MVI_40131,30,1,long,51,2.04,preserved,213.0,213.0,0.902,296,partial,60,EKF + CTRV
MVI_40131,31,0,medium,24,0.96,no_before,,,0.0,221,partial,60,EKF + CTRV
MVI_40131,31,1,short,8,0.32,no_before,,,0.0,221,partial,60,EKF + CTRV
MVI_40131,34,0,long,65,2.6,no_before,,,0.8769,281,partial,60,EKF + CTRV
MVI_40131,35,0,long,97,3.88,switched,262.0,434.0,0.2784,456,partial,60,EKF + CTRV
MVI_40131,35,1,medium,26,1.04,preserved,434.0,434.0,1.0,456,partial,60,EKF + CTRV
MVI_40131,36,0,medium,29,1.16,no_before,,,0.6207,226,partial,60,EKF + CTRV
MVI_40131,37,0,long,210,8.4,no_before,,,0.2381,421,partial,60,EKF + CTRV
MVI_40131,37,1,medium,33,1.32,preserved,468.0,468.0,1.0,421,partial,60,EKF + CTRV
MVI_40131,38,0,long,51,2.04,preserved,341.0,341.0,0.7843,306,partial,60,EKF + CTRV
MVI_40131,39,0,long,100,4.0,no_before,,,0.86,241,partial,60,EKF + CTRV
MVI_40131,39,1,long,55,2.2,preserved,330.0,330.0,1.0,241,partial,60,EKF + CTRV
MVI_40131,40,0,long,119,4.76,no_before,,,0.7899,366,partial,60,EKF + CTRV
MVI_40131,40,1,short,11,0.44,preserved,447.0,447.0,1.0,366,partial,60,EKF + CTRV
MVI_40131,40,3,medium,15,0.6,preserved,447.0,447.0,1.0,366,partial,60,EKF + CTRV
MVI_40131,40,4,short,8,0.32,preserved,447.0,447.0,1.0,366,partial,60,EKF + CTRV
MVI_40131,41,0,long,43,1.72,no_before,,,0.6047,281,partial,60,EKF + CTRV
MVI_40131,45,0,medium,25,1.0,no_before,,,0.2,206,partial,60,EKF + CTRV
MVI_40131,60,0,medium,22,0.88,lost,695.0,,0.7273,116,partial,60,EKF + CTRV
MVI_40131,62,0,medium,26,1.04,lost,710.0,,0.9231,95,partial,60,EKF + CTRV
MVI_40131,65,0,long,60,2.4,no_before,,,0.0,60,partial,60,EKF + CTRV
MVI_40171,1,0,medium,26,1.04,no_before,,,1.0,26,partial,60,EKF + CTRV
MVI_40171,6,0,long,41,1.64,preserved,21.0,21.0,0.9512,71,partial,60,EKF + CTRV
MVI_40171,7,0,long,56,2.24,no_before,,,0.2857,56,partial,60,EKF + CTRV
MVI_40171,8,0,short,12,0.48,no_before,,,0.0,726,partial,60,EKF + CTRV
MVI_40171,8,1,short,11,0.44,preserved,44.0,44.0,0.0,726,partial,60,EKF + CTRV
MVI_40171,8,3,medium,26,1.04,preserved,44.0,44.0,1.0,726,partial,60,EKF + CTRV
MVI_40171,8,4,medium,25,1.0,preserved,44.0,44.0,1.0,726,partial,60,EKF + CTRV
MVI_40171,8,5,medium,18,0.72,preserved,44.0,44.0,1.0,726,partial,60,EKF + CTRV
MVI_40171,8,6,short,12,0.48,preserved,44.0,44.0,1.0,726,partial,60,EKF + CTRV
MVI_40171,8,7,medium,32,1.28,switched,177.0,44.0,1.0,726,partial,60,EKF + CTRV
MVI_40171,8,8,medium,28,1.12,preserved,177.0,177.0,1.0,726,partial,60,EKF + CTRV
MVI_40171,8,9,medium,16,0.64,preserved,177.0,177.0,1.0,726,partial,60,EKF + CTRV
MVI_40171,9,1,short,10,0.4,preserved,51.0,51.0,0.9,61,partial,60,EKF + CTRV
MVI_40171,11,0,medium,27,1.08,preserved,59.0,59.0,1.0,91,partial,60,EKF + CTRV
MVI_40171,12,0,long,61,2.44,no_before,,,0.459,61,partial,60,EKF + CTRV
MVI_40171,14,0,medium,31,1.24,switched,91.0,99.0,0.7742,86,partial,60,EKF + CTRV
MVI_40171,15,0,long,66,2.64,no_before,,,0.5303,66,partial,60,EKF + CTRV
MVI_40171,16,0,long,61,2.44,no_before,,,0.8361,61,partial,60,EKF + CTRV
MVI_40171,17,0,short,11,0.44,no_before,,,0.2727,76,partial,60,EKF + CTRV
MVI_40171,18,0,long,209,8.36,preserved,151.0,151.0,0.11,786,partial,60,EKF + CTRV
MVI_40171,18,1,short,11,0.44,preserved,151.0,151.0,0.7273,786,partial,60,EKF + CTRV
MVI_40171,18,2,short,4,0.16,preserved,151.0,151.0,1.0,786,partial,60,EKF + CTRV
MVI_40171,18,3,short,4,0.16,preserved,151.0,151.0,0.5,786,partial,60,EKF + CTRV
MVI_40171,18,4,short,4,0.16,preserved,151.0,151.0,1.0,786,partial,60,EKF + CTRV
MVI_40171,19,0,long,61,2.44,no_before,,,0.8361,61,partial,60,EKF + CTRV
MVI_40171,22,0,long,69,2.76,lost,166.0,,0.7826,71,partial,60,EKF + CTRV
MVI_40171,23,0,long,62,2.48,preserved,186.0,186.0,0.8387,66,partial,60,EKF + CTRV
MVI_40171,25,0,long,66,2.64,no_before,,,0.7424,66,partial,60,EKF + CTRV
MVI_40171,26,0,long,47,1.88,no_before,,,0.8298,56,partial,60,EKF + CTRV
MVI_40171,27,0,medium,30,1.2,no_before,,,0.3667,76,partial,60,EKF + CTRV
MVI_40171,28,0,medium,21,0.84,no_before,,,0.9048,76,partial,60,EKF + CTRV
MVI_40171,29,0,long,53,2.12,no_before,,,0.7358,56,partial,60,EKF + CTRV
MVI_40171,31,0,medium,26,1.04,preserved,289.0,289.0,1.0,96,partial,60,EKF + CTRV
MVI_40171,34,0,long,66,2.64,lost,322.0,,0.8788,71,partial,60,EKF + CTRV
MVI_40171,35,0,long,62,2.48,preserved,329.0,329.0,0.871,76,partial,60,EKF + CTRV
MVI_40171,36,0,long,66,2.64,no_before,,,0.6364,66,partial,60,EKF + CTRV
MVI_40171,38,0,short,8,0.32,no_before,,,0.0,185,partial,60,EKF + CTRV
MVI_40171,39,0,long,70,2.8,lost,377.0,,0.7571,71,partial,60,EKF + CTRV
MVI_40171,40,0,medium,23,0.92,lost,399.0,,1.0,45,partial,60,EKF + CTRV
MVI_40171,41,0,long,99,3.96,switched,195.0,308.0,0.101,1150,partial,60,EKF + CTRV
MVI_40171,41,1,long,52,2.08,switched,308.0,401.0,0.0769,1150,partial,60,EKF + CTRV
MVI_40171,42,0,long,1150,46.0,no_before,,,0.0,1150,partial,60,EKF + CTRV
MVI_40171,43,0,long,1150,46.0,no_before,,,0.0,1150,partial,60,EKF + CTRV
MVI_40171,44,0,long,1150,46.0,no_before,,,0.0,1150,partial,60,EKF + CTRV
MVI_40172,16,0,long,180,7.2,no_before,,,0.0111,227,partial,60,EKF + CTRV
MVI_40172,35,0,long,39,1.56,no_before,,,0.8974,46,partial,60,EKF + CTRV
MVI_40172,36,0,medium,37,1.48,no_before,,,0.973,41,partial,60,EKF + CTRV
MVI_40172,40,0,medium,29,1.16,preserved,520.0,520.0,0.5517,71,partial,60,EKF + CTRV
MVI_40172,41,0,long,39,1.56,lost,524.0,,0.4615,41,partial,60,EKF + CTRV
MVI_40172,47,0,long,48,1.92,lost,558.0,,0.8958,51,partial,60,EKF + CTRV
MVI_40172,50,0,long,51,2.04,no_before,,,0.7451,51,partial,60,EKF + CTRV
MVI_40172,51,0,short,10,0.4,switched,571.0,574.0,0.5,81,partial,60,EKF + CTRV
MVI_40172,56,0,medium,28,1.12,lost,603.0,,1.0,61,partial,60,EKF + CTRV
MVI_40172,57,0,medium,37,1.48,preserved,609.0,609.0,1.0,51,partial,60,EKF + CTRV
MVI_40172,60,0,long,44,1.76,preserved,623.0,623.0,0.7955,66,partial,60,EKF + CTRV
MVI_40172,61,0,medium,13,0.52,preserved,624.0,624.0,1.0,36,partial,60,EKF + CTRV
MVI_40172,63,0,long,46,1.84,no_before,,,0.7391,46,partial,60,EKF + CTRV
MVI_40172,65,0,medium,29,1.16,switched,642.0,670.0,0.3448,46,partial,60,EKF + CTRV
MVI_40172,67,0,medium,31,1.24,no_before,,,0.5484,41,partial,60,EKF + CTRV
MVI_40172,79,0,long,114,4.56,no_before,,,0.0526,201,partial,60,EKF + CTRV
MVI_40172,95,0,long,40,1.6,lost,852.0,,0.85,41,partial,60,EKF + CTRV
MVI_40172,96,0,long,50,2.0,no_before,,,0.88,50,partial,60,EKF + CTRV
MVI_40172,99,0,long,50,2.0,switched,2.0,56.0,0.12,2635,partial,60,EKF + CTRV
MVI_40172,99,1,long,74,2.96,switched,56.0,244.0,0.0811,2635,partial,60,EKF + CTRV
MVI_40172,99,2,long,40,1.6,preserved,244.0,244.0,0.125,2635,partial,60,EKF + CTRV
MVI_40172,100,0,long,2635,105.4,no_before,,,0.0,2635,partial,60,EKF + CTRV
MVI_40172,101,0,long,2635,105.4,no_before,,,0.0,2635,partial,60,EKF + CTRV
MVI_40172,102,0,long,2635,105.4,no_before,,,0.0,2635,partial,60,EKF + CTRV
MVI_40172,105,0,long,52,2.08,preserved,3.0,3.0,0.0385,2635,partial,60,EKF + CTRV
MVI_40172,105,1,long,45,1.8,switched,3.0,231.0,0.0222,2635,partial,60,EKF + CTRV
MVI_40172,105,2,medium,21,0.84,no_before,,,0.0,2635,partial,60,EKF + CTRV
MVI_40172,105,3,long,39,1.56,switched,555.0,824.0,0.2051,2635,partial,60,EKF + CTRV
MVI_40204,6,0,long,86,3.44,no_before,,,0.2558,86,partial,60,EKF + CTRV
MVI_40204,9,0,long,66,2.64,no_before,,,0.0,66,partial,60,EKF + CTRV
MVI_40204,10,0,medium,32,1.28,lost,9.0,,0.375,76,partial,60,EKF + CTRV
MVI_40204,11,0,medium,31,1.24,switched,11.0,70.0,0.3871,66,partial,60,EKF + CTRV
MVI_40204,12,0,medium,16,0.64,no_before,,,0.375,16,partial,60,EKF + CTRV
MVI_40204,15,0,long,136,5.44,no_before,,,0.6618,136,partial,60,EKF + CTRV
MVI_40204,27,0,long,111,4.44,no_before,,,0.7928,111,partial,60,EKF + CTRV
MVI_40204,30,0,long,71,2.84,lost,131.0,,0.1831,141,partial,60,EKF + CTRV
MVI_40204,34,0,short,3,0.12,preserved,142.0,142.0,0.6667,116,partial,60,EKF + CTRV
MVI_40204,34,1,medium,25,1.0,lost,142.0,,0.24,116,partial,60,EKF + CTRV
MVI_40204,34,2,medium,25,1.0,lost,142.0,,0.0,116,partial,60,EKF + CTRV
MVI_40204,35,0,long,131,5.24,no_before,,,0.3053,131,partial,60,EKF + CTRV
MVI_40204,36,0,long,52,2.08,lost,149.0,,0.0,116,partial,60,EKF + CTRV
MVI_40204,39,0,medium,22,0.88,lost,226.0,,0.0,111,partial,60,EKF + CTRV
MVI_40204,40,0,long,39,1.56,lost,168.0,,0.0,151,partial,60,EKF + CTRV
MVI_40204,46,0,long,141,5.64,no_before,,,0.6454,141,partial,60,EKF + CTRV
MVI_40204,49,0,long,46,1.84,preserved,230.0,230.0,0.7391,151,partial,60,EKF + CTRV
MVI_40204,50,0,long,121,4.84,no_before,,,0.3884,121,partial,60,EKF + CTRV
MVI_40204,51,0,long,131,5.24,no_before,,,0.3359,131,partial,60,EKF + CTRV
MVI_40204,52,0,short,2,0.08,preserved,249.0,249.0,1.0,131,partial,60,EKF + CTRV
MVI_40204,60,0,long,131,5.24,no_before,,,0.313,131,partial,60,EKF + CTRV
MVI_40204,63,0,long,39,1.56,switched,359.0,409.0,0.5897,141,partial,60,EKF + CTRV
MVI_40204,64,0,long,130,5.2,no_before,,,0.5769,131,partial,60,EKF + CTRV
MVI_40204,65,0,long,141,5.64,no_before,,,0.1135,141,partial,60,EKF + CTRV
MVI_40204,67,0,long,58,2.32,lost,432.0,,0.0517,131,partial,60,EKF + CTRV
MVI_40204,68,0,medium,15,0.6,lost,457.0,,0.0,126,partial,60,EKF + CTRV
MVI_40204,71,0,long,116,4.64,no_before,,,0.2586,116,partial,60,EKF + CTRV
MVI_40204,72,0,medium,33,1.32,preserved,504.0,504.0,1.0,141,partial,60,EKF + CTRV
MVI_40204,73,0,long,136,5.44,no_before,,,0.3088,136,partial,60,EKF + CTRV
MVI_40204,74,0,long,116,4.64,no_before,,,0.431,116,partial,60,EKF + CTRV
MVI_40204,78,0,medium,19,0.76,lost,553.0,,0.2632,131,partial,60,EKF + CTRV
MVI_40204,81,0,long,141,5.64,no_before,,,0.2979,141,partial,60,EKF + CTRV
MVI_40204,82,0,short,8,0.32,preserved,591.0,591.0,1.0,136,partial,60,EKF + CTRV
MVI_40204,82,1,long,40,1.6,lost,591.0,,0.825,136,partial,60,EKF + CTRV
MVI_40204,85,0,long,141,5.64,no_before,,,0.5319,141,partial,60,EKF + CTRV
MVI_40204,86,0,long,114,4.56,lost,634.0,,0.3158,136,partial,60,EKF + CTRV
MVI_40204,88,0,long,146,5.84,no_before,,,0.1233,146,partial,60,EKF + CTRV
MVI_40204,90,0,long,146,5.84,no_before,,,0.6918,146,partial,60,EKF + CTRV
MVI_40204,92,0,long,41,1.64,no_before,,,0.9512,156,partial,60,EKF + CTRV
MVI_40204,93,0,long,112,4.48,lost,690.0,,0.5,131,partial,60,EKF + CTRV
MVI_40204,96,0,long,82,3.28,switched,706.0,810.0,0.7195,161,partial,60,EKF + CTRV
MVI_40204,98,0,long,156,6.24,no_before,,,0.5705,156,partial,60,EKF + CTRV
MVI_40204,99,0,short,11,0.44,no_before,,,0.8182,151,partial,60,EKF + CTRV
MVI_40204,106,0,long,51,2.04,no_before,,,0.6275,126,partial,60,EKF + CTRV
MVI_40204,106,1,long,70,2.8,lost,815.0,,0.4,126,partial,60,EKF + CTRV
MVI_40204,108,0,long,151,6.04,no_before,,,0.4238,151,partial,60,EKF + CTRV
MVI_40204,110,0,long,75,3.0,lost,820.0,,0.1733,131,partial,60,EKF + CTRV
MVI_40204,112,0,long,40,1.6,no_before,,,0.0,146,partial,60,EKF + CTRV
MVI_40204,115,0,long,71,2.84,preserved,851.0,851.0,0.8169,151,partial,60,EKF + CTRV
MVI_40204,115,1,short,4,0.16,lost,851.0,,0.0,151,partial,60,EKF + CTRV
MVI_40204,116,0,long,146,5.84,no_before,,,0.0,146,partial,60,EKF + CTRV
MVI_40204,117,0,medium,31,1.24,lost,860.0,,0.2581,141,partial,60,EKF + CTRV
MVI_40204,117,1,short,9,0.36,lost,860.0,,0.0,141,partial,60,EKF + CTRV
MVI_40204,119,0,long,66,2.64,lost,869.0,,0.1061,151,partial,60,EKF + CTRV
MVI_40204,120,0,long,62,2.48,lost,900.0,,0.6613,156,partial,60,EKF + CTRV
MVI_40204,121,0,medium,21,0.84,no_before,,,0.9048,156,partial,60,EKF + CTRV
MVI_40204,122,0,long,141,5.64,no_before,,,0.1135,141,partial,60,EKF + CTRV
MVI_40204,126,0,long,43,1.72,switched,948.0,1075.0,0.5349,166,partial,60,EKF + CTRV
MVI_40204,126,1,short,4,0.16,no_before,,,0.0,166,partial,60,EKF + CTRV
MVI_40204,127,0,short,5,0.2,no_before,,,0.4,161,partial,60,EKF + CTRV
MVI_40204,128,0,medium,18,0.72,preserved,970.0,970.0,1.0,131,partial,60,EKF + CTRV
MVI_40204,128,1,long,98,3.92,lost,970.0,,0.2959,131,partial,60,EKF + CTRV
MVI_40204,129,0,long,156,6.24,no_before,,,0.2564,156,partial,60,EKF + CTRV
MVI_40204,133,0,long,53,2.12,lost,998.0,,0.283,106,partial,60,EKF + CTRV
MVI_40204,135,0,long,75,3.0,lost,1013.0,,0.1333,141,partial,60,EKF + CTRV
MVI_40204,137,0,long,63,2.52,lost,1044.0,,0.2857,126,partial,60,EKF + CTRV
MVI_40204,138,0,short,7,0.28,lost,1213.0,,0.0,166,partial,60,EKF + CTRV
MVI_40204,142,0,long,145,5.8,no_before,,,0.8345,146,partial,60,EKF + CTRV
MVI_40204,145,0,long,146,5.84,no_before,,,0.5411,161,partial,60,EKF + CTRV
MVI_40204,148,0,long,110,4.4,lost,1146.0,,0.3,151,partial,60,EKF + CTRV
MVI_40204,149,0,long,72,2.88,lost,1161.0,,0.1667,161,partial,60,EKF + CTRV
MVI_40204,150,0,long,146,5.84,no_before,,,0.7055,146,partial,60,EKF + CTRV
MVI_40204,153,0,long,129,5.16,lost,1181.0,,0.4419,171,partial,60,EKF + CTRV
MVI_40204,154,0,medium,28,1.12,no_before,,,0.5714,166,partial,60,EKF + CTRV
MVI_40204,158,0,medium,31,1.24,no_before,,,0.0,175,partial,60,EKF + CTRV
MVI_40204,161,0,medium,22,0.88,no_before,,,0.8636,170,partial,60,EKF + CTRV
MVI_40204,161,1,long,67,2.68,lost,1238.0,,0.1642,170,partial,60,EKF + CTRV
MVI_40204,162,0,long,151,6.04,no_before,,,0.0199,151,partial,60,EKF + CTRV
MVI_40204,165,1,long,139,5.56,lost,1266.0,,0.6259,145,partial,60,EKF + CTRV
MVI_40204,168,0,long,120,4.8,no_before,,,0.725,120,partial,60,EKF + CTRV
MVI_40204,173,0,long,65,2.6,no_before,,,0.9692,65,partial,60,EKF + CTRV
MVI_40204,177,0,medium,20,0.8,no_before,,,0.6,20,partial,60,EKF + CTRV
MVI_40751,2,0,long,72,2.88,switched,1.0,28.0,0.0833,1140,partial,60,EKF + CTRV
MVI_40751,2,1,long,175,7.0,preserved,28.0,28.0,0.6457,1140,partial,60,EKF + CTRV
MVI_40751,2,2,short,9,0.36,preserved,28.0,28.0,1.0,1140,partial,60,EKF + CTRV
MVI_40751,2,3,short,6,0.24,preserved,28.0,28.0,1.0,1140,partial,60,EKF + CTRV
MVI_40751,2,4,long,410,16.4,preserved,28.0,28.0,1.0,1140,partial,60,EKF + CTRV
MVI_40751,3,0,long,58,2.32,no_before,,,0.9655,81,partial,60,EKF + CTRV
MVI_40751,4,1,long,46,1.84,preserved,2.0,2.0,1.0,141,partial,60,EKF + CTRV
MVI_40751,5,0,medium,19,0.76,no_before,,,0.0,146,partial,60,EKF + CTRV
MVI_40751,7,0,medium,19,0.76,no_before,,,0.0,186,partial,60,EKF + CTRV
MVI_40751,7,1,medium,14,0.56,preserved,65.0,65.0,1.0,186,partial,60,EKF + CTRV
MVI_40751,7,3,long,97,3.88,preserved,65.0,65.0,1.0,186,partial,60,EKF + CTRV
MVI_40751,8,1,short,4,0.16,preserved,164.0,164.0,1.0,920,partial,60,EKF + CTRV
MVI_40751,8,2,short,5,0.2,preserved,164.0,164.0,1.0,920,partial,60,EKF + CTRV
MVI_40751,8,3,short,10,0.4,preserved,164.0,164.0,1.0,920,partial,60,EKF + CTRV
MVI_40751,8,4,medium,24,0.96,preserved,164.0,164.0,1.0,920,partial,60,EKF + CTRV
MVI_40751,8,5,long,591,23.64,lost,164.0,,0.7783,920,partial,60,EKF + CTRV
MVI_40751,9,0,medium,34,1.36,preserved,157.0,157.0,1.0,96,partial,60,EKF + CTRV
MVI_40751,11,0,medium,32,1.28,no_before,,,0.4062,156,partial,60,EKF + CTRV
MVI_40751,11,1,long,89,3.56,preserved,180.0,180.0,0.9663,156,partial,60,EKF + CTRV
MVI_40751,15,0,long,223,8.92,lost,186.0,,1.0,775,partial,60,EKF + CTRV
MVI_40751,21,0,short,5,0.2,no_before,,,0.0,625,partial,60,EKF + CTRV
MVI_40751,21,1,long,612,24.48,lost,326.0,,0.0294,625,partial,60,EKF + CTRV
MVI_40751,23,0,short,11,0.44,preserved,356.0,356.0,1.0,66,partial,60,EKF + CTRV
MVI_40751,23,1,short,4,0.16,preserved,356.0,356.0,1.0,66,partial,60,EKF + CTRV
MVI_40751,28,0,short,3,0.12,preserved,433.0,433.0,1.0,405,partial,60,EKF + CTRV
MVI_40751,28,1,medium,15,0.6,preserved,433.0,433.0,1.0,405,partial,60,EKF + CTRV
MVI_40751,29,0,medium,23,0.92,preserved,455.0,455.0,1.0,370,partial,60,EKF + CTRV
MVI_40751,31,0,long,41,1.64,no_before,,,0.7073,43,partial,60,EKF + CTRV
MVI_40751,32,0,long,172,6.88,switched,475.0,509.0,0.8721,266,partial,60,EKF + CTRV
MVI_40751,33,0,medium,14,0.56,preserved,489.0,489.0,1.0,270,partial,60,EKF + CTRV
MVI_40751,35,0,medium,23,0.92,lost,517.0,,1.0,156,partial,60,EKF + CTRV
MVI_40751,36,0,long,77,3.08,lost,527.0,,1.0,195,partial,60,EKF + CTRV
MVI_40751,38,0,medium,13,0.52,preserved,545.0,545.0,1.0,140,partial,60,EKF + CTRV
MVI_40751,38,1,long,49,1.96,lost,545.0,,1.0,140,partial,60,EKF + CTRV
MVI_40751,41,0,long,45,1.8,no_before,,,0.3111,45,partial,60,EKF + CTRV
MVI_63554,3,0,short,11,0.44,no_before,,,0.6364,11,partial,60,EKF + CTRV
MVI_63554,4,0,medium,26,1.04,no_before,,,0.0,26,partial,60,EKF + CTRV
MVI_63554,5,0,long,40,1.6,no_before,,,0.925,41,partial,60,EKF + CTRV
MVI_63554,8,0,medium,13,0.52,no_before,,,0.3846,16,partial,60,EKF + CTRV
MVI_63554,9,0,long,55,2.2,lost,16.0,,0.0727,61,partial,60,EKF + CTRV
MVI_63554,11,0,long,52,2.08,lost,30.0,,0.0577,61,partial,60,EKF + CTRV
MVI_63554,13,0,medium,16,0.64,no_before,,,0.25,26,partial,60,EKF + CTRV
MVI_63554,15,0,long,65,2.6,lost,46.0,,0.9692,76,partial,60,EKF + CTRV
MVI_63554,19,0,long,62,2.48,switched,66.0,74.0,0.8548,81,partial,60,EKF + CTRV
MVI_63554,20,0,long,57,2.28,lost,68.0,,0.0,66,partial,60,EKF + CTRV
MVI_63554,22,0,long,61,2.44,no_before,,,0.3443,61,partial,60,EKF + CTRV
MVI_63554,23,0,long,45,1.8,switched,82.0,87.0,0.6889,81,partial,60,EKF + CTRV
MVI_63554,24,0,short,11,0.44,no_before,,,0.1818,21,partial,60,EKF + CTRV
MVI_63554,25,0,long,51,2.04,no_before,,,0.098,56,partial,60,EKF + CTRV
MVI_63554,30,0,long,74,2.96,lost,135.0,,0.2027,81,partial,60,EKF + CTRV
MVI_63554,31,0,long,76,3.04,no_before,,,0.5263,76,partial,60,EKF + CTRV
MVI_63554,32,0,long,64,2.56,lost,140.0,,0.0938,71,partial,60,EKF + CTRV
MVI_63554,33,0,long,45,1.8,lost,149.0,,0.9556,81,partial,60,EKF + CTRV
MVI_63554,35,0,medium,16,0.64,no_before,,,0.8125,86,partial,60,EKF + CTRV
MVI_63554,36,0,long,59,2.36,lost,172.0,,0.0678,66,partial,60,EKF + CTRV
MVI_63554,41,0,medium,25,1.0,lost,196.0,,0.56,91,partial,60,EKF + CTRV
MVI_63554,42,0,short,11,0.44,no_before,,,0.1818,16,partial,60,EKF + CTRV
MVI_63554,43,0,long,62,2.48,lost,200.0,,0.0806,71,partial,60,EKF + CTRV
MVI_63554,44,0,long,64,2.56,lost,204.0,,0.7812,71,partial,60,EKF + CTRV
MVI_63554,47,0,long,59,2.36,lost,211.0,,0.1356,66,partial,60,EKF + CTRV
MVI_63554,49,0,long,54,2.16,lost,222.0,,0.8333,81,partial,60,EKF + CTRV
MVI_63554,50,0,long,63,2.52,lost,224.0,,0.254,71,partial,60,EKF + CTRV
MVI_63554,51,0,short,11,0.44,no_before,,,0.0,21,partial,60,EKF + CTRV
MVI_63554,55,0,long,62,2.48,lost,283.0,,0.7903,71,partial,60,EKF + CTRV
MVI_63554,56,0,long,48,1.92,no_before,,,0.0,51,partial,60,EKF + CTRV
MVI_63554,58,0,medium,21,0.84,preserved,294.0,294.0,0.9524,41,partial,60,EKF + CTRV
MVI_63554,60,0,medium,13,0.52,no_before,,,0.2308,21,partial,60,EKF + CTRV
MVI_63554,61,0,long,63,2.52,no_before,,,0.5079,66,partial,60,EKF + CTRV
MVI_63554,62,0,short,5,0.2,preserved,311.0,311.0,1.0,66,partial,60,EKF + CTRV
MVI_63554,62,1,medium,35,1.4,lost,311.0,,0.5429,66,partial,60,EKF + CTRV
MVI_63554,63,0,long,60,2.4,lost,316.0,,0.7,66,partial,60,EKF + CTRV
MVI_63554,64,0,long,42,1.68,no_before,,,0.0238,46,partial,60,EKF + CTRV
MVI_63554,68,0,long,57,2.28,lost,346.0,,0.0702,66,partial,60,EKF + CTRV
MVI_63554,69,0,medium,16,0.64,no_before,,,0.5625,26,partial,60,EKF + CTRV
MVI_63554,72,0,medium,20,0.8,lost,360.0,,0.35,101,partial,60,EKF + CTRV
MVI_63554,73,0,long,50,2.0,preserved,363.0,363.0,0.88,61,partial,60,EKF + CTRV
MVI_63554,76,0,medium,13,0.52,no_before,,,0.3077,21,partial,60,EKF + CTRV
MVI_63554,77,0,long,56,2.24,lost,373.0,,0.0714,61,partial,60,EKF + CTRV
MVI_63554,79,0,long,61,2.44,no_before,,,0.3934,71,partial,60,EKF + CTRV
MVI_63554,80,0,long,55,2.2,lost,381.0,,0.8364,61,partial,60,EKF + CTRV
MVI_63554,81,0,short,10,0.4,no_before,,,0.5,81,partial,60,EKF + CTRV
MVI_63554,82,0,long,53,2.12,no_before,,,0.0755,56,partial,60,EKF + CTRV
MVI_63554,83,0,medium,15,0.6,no_before,,,0.1333,21,partial,60,EKF + CTRV
MVI_63554,86,0,long,49,1.96,no_before,,,0.0,56,partial,60,EKF + CTRV
MVI_63554,87,0,medium,31,1.24,preserved,410.0,410.0,0.871,61,partial,60,EKF + CTRV
MVI_63554,88,0,medium,13,0.52,no_before,,,0.2308,16,partial,60,EKF + CTRV
MVI_63554,90,0,medium,20,0.8,lost,422.0,,0.85,86,partial,60,EKF + CTRV
MVI_63554,92,0,long,50,2.0,lost,428.0,,0.1,56,partial,60,EKF + CTRV
MVI_63554,93,0,long,39,1.56,preserved,434.0,434.0,0.7949,71,partial,60,EKF + CTRV
MVI_63554,93,3,short,9,0.36,lost,434.0,,0.0,71,partial,60,EKF + CTRV
MVI_63554,94,0,medium,26,1.04,preserved,436.0,436.0,1.0,56,partial,60,EKF + CTRV
MVI_63554,95,0,long,51,2.04,preserved,444.0,444.0,0.7059,81,partial,60,EKF + CTRV
MVI_63554,96,0,medium,15,0.6,no_before,,,0.0667,26,partial,60,EKF + CTRV
MVI_63554,98,0,long,64,2.56,lost,453.0,,0.7344,71,partial,60,EKF + CTRV
MVI_63554,99,0,medium,15,0.6,no_before,,,0.6667,26,partial,60,EKF + CTRV
MVI_63554,101,0,long,48,1.92,no_before,,,0.0417,51,partial,60,EKF + CTRV
MVI_63554,102,0,medium,14,0.56,no_before,,,0.0714,26,partial,60,EKF + CTRV
MVI_63554,103,0,medium,17,0.68,lost,493.0,,0.5294,71,partial,60,EKF + CTRV
MVI_63554,105,0,long,61,2.44,lost,497.0,,0.7541,66,partial,60,EKF + CTRV
MVI_63554,108,0,long,44,1.76,no_before,,,0.0,51,partial,60,EKF + CTRV
MVI_63554,109,0,medium,18,0.72,no_before,,,0.2778,31,partial,60,EKF + CTRV
MVI_63554,112,0,medium,31,1.24,no_before,,,0.6129,61,partial,60,EKF + CTRV
MVI_63554,115,0,long,53,2.12,lost,554.0,,0.0943,61,partial,60,EKF + CTRV
MVI_63554,116,0,medium,15,0.6,no_before,,,0.2,26,partial,60,EKF + CTRV
MVI_63554,117,0,long,53,2.12,lost,561.0,,0.4528,61,partial,60,EKF + CTRV
MVI_63554,120,0,medium,15,0.6,no_before,,,0.2,26,partial,60,EKF + CTRV
MVI_63554,123,0,long,60,2.4,no_before,,,0.4,61,partial,60,EKF + CTRV
MVI_63554,124,0,long,54,2.16,no_before,,,0.1111,61,partial,60,EKF + CTRV
MVI_63554,126,0,medium,37,1.48,lost,606.0,,0.9189,56,partial,60,EKF + CTRV
MVI_63554,129,0,medium,13,0.52,no_before,,,0.3846,21,partial,60,EKF + CTRV
MVI_63554,132,0,short,12,0.48,no_before,,,0.4167,26,partial,60,EKF + CTRV
MVI_63554,134,0,long,55,2.2,lost,657.0,,0.6909,61,partial,60,EKF + CTRV
MVI_63554,137,0,short,12,0.48,no_before,,,0.1667,16,partial,60,EKF + CTRV
MVI_63554,139,0,long,48,1.92,lost,679.0,,0.875,56,partial,60,EKF + CTRV
MVI_63554,142,0,medium,15,0.6,no_before,,,0.3333,26,partial,60,EKF + CTRV
MVI_63554,143,0,long,57,2.28,lost,688.0,,0.8772,66,partial,60,EKF + CTRV
MVI_63554,147,0,long,39,1.56,lost,703.0,,0.0769,46,partial,60,EKF + CTRV
MVI_63554,148,0,short,8,0.32,preserved,700.0,700.0,1.0,56,partial,60,EKF + CTRV
MVI_63554,151,0,short,12,0.48,no_before,,,0.5833,21,partial,60,EKF + CTRV
MVI_63554,152,0,short,10,0.4,preserved,718.0,718.0,1.0,61,partial,60,EKF + CTRV
MVI_63554,152,1,short,2,0.08,preserved,718.0,718.0,1.0,61,partial,60,EKF + CTRV
MVI_63554,152,2,short,5,0.2,lost,718.0,,0.0,61,partial,60,EKF + CTRV
MVI_63554,153,0,medium,14,0.56,no_before,,,0.3571,20,partial,60,EKF + CTRV
MVI_63554,155,0,long,49,1.96,lost,726.0,,0.0816,56,partial,60,EKF + CTRV
MVI_63554,158,0,long,54,2.16,lost,741.0,,0.8889,66,partial,60,EKF + CTRV
MVI_63554,160,0,short,12,0.48,no_before,,,0.3333,21,partial,60,EKF + CTRV
MVI_63554,162,0,long,54,2.16,lost,749.0,,0.7407,61,partial,60,EKF + CTRV
MVI_63554,163,0,long,54,2.16,no_before,,,0.9259,71,partial,60,EKF + CTRV
MVI_63554,164,0,long,66,2.64,no_before,,,1.0,66,partial,60,EKF + CTRV
MVI_63554,165,0,long,52,2.08,lost,764.0,,0.0577,56,partial,60,EKF + CTRV
MVI_63554,168,0,long,53,2.12,lost,789.0,,0.8491,61,partial,60,EKF + CTRV
MVI_63554,169,0,medium,14,0.56,no_before,,,0.7143,21,partial,60,EKF + CTRV
MVI_63554,171,0,long,50,2.0,lost,809.0,,0.1,56,partial,60,EKF + CTRV
MVI_63554,174,0,short,11,0.44,no_before,,,0.3636,16,partial,60,EKF + CTRV
MVI_63554,175,0,long,59,2.36,lost,818.0,,0.7288,66,partial,60,EKF + CTRV
MVI_63554,177,0,long,51,2.04,lost,827.0,,0.098,56,partial,60,EKF + CTRV
MVI_63554,180,0,short,9,0.36,no_before,,,0.8889,16,partial,60,EKF + CTRV
MVI_63554,182,0,long,51,2.04,lost,852.0,,0.098,56,partial,60,EKF + CTRV
MVI_63554,183,0,short,8,0.32,no_before,,,0.125,21,partial,60,EKF + CTRV
MVI_63554,185,0,long,39,1.56,no_before,,,0.8205,40,partial,60,EKF + CTRV
MVI_63554,186,0,medium,18,0.72,lost,861.0,,0.1111,25,partial,60,EKF + CTRV
MVI_63554,188,0,short,11,0.44,no_before,,,0.3636,15,partial,60,EKF + CTRV
MVI_63554,189,0,medium,14,0.56,no_before,,,0.7143,31,partial,60,EKF + CTRV
MVI_63554,190,0,medium,17,0.68,no_before,,,0.4118,31,partial,60,EKF + CTRV
MVI_40131,1,0,long,61,2.44,switched,4.0,115.0,0.0,486,full,60,EKF + CTRV
MVI_40131,19,0,long,54,2.16,switched,79.0,406.0,0.0,1086,full,60,EKF + CTRV
MVI_40131,35,0,long,50,2.0,switched,262.0,434.0,0.0,456,full,60,EKF + CTRV
MVI_40171,9,0,short,1,0.04,preserved,51.0,51.0,1.0,61,full,60,EKF + CTRV
MVI_40171,9,1,short,10,0.4,preserved,51.0,51.0,0.9,61,full,60,EKF + CTRV
MVI_40171,26,0,short,3,0.12,preserved,241.0,241.0,0.6667,56,full,60,EKF + CTRV
MVI_40171,41,0,long,66,2.64,switched,195.0,308.0,0.0,1150,full,60,EKF + CTRV
MVI_40171,41,1,long,38,1.52,switched,308.0,401.0,0.0,1150,full,60,EKF + CTRV
MVI_40171,42,0,medium,14,0.56,no_before,,,0.0,1150,full,60,EKF + CTRV
MVI_40171,42,1,short,1,0.04,no_before,,,0.0,1150,full,60,EKF + CTRV
MVI_40171,42,2,short,2,0.08,no_before,,,0.0,1150,full,60,EKF + CTRV
MVI_40171,42,3,long,772,30.88,no_before,,,0.0,1150,full,60,EKF + CTRV
MVI_40171,42,4,long,142,5.68,no_before,,,0.0,1150,full,60,EKF + CTRV
MVI_40171,43,0,long,121,4.84,no_before,,,0.0,1150,full,60,EKF + CTRV
MVI_40171,43,1,long,1012,40.48,no_before,,,0.0,1150,full,60,EKF + CTRV
MVI_40171,44,0,long,141,5.64,no_before,,,0.0,1150,full,60,EKF + CTRV
MVI_40171,44,1,long,989,39.56,no_before,,,0.0,1150,full,60,EKF + CTRV
MVI_40172,16,0,long,158,6.32,no_before,,,0.0,227,full,60,EKF + CTRV
MVI_40172,99,0,long,42,1.68,switched,2.0,56.0,0.0,2635,full,60,EKF + CTRV
MVI_40172,99,1,long,40,1.6,switched,56.0,244.0,0.0,2635,full,60,EKF + CTRV
MVI_40172,99,2,medium,15,0.6,preserved,244.0,244.0,0.0,2635,full,60,EKF + CTRV
MVI_40172,100,0,long,2225,89.0,no_before,,,0.0,2635,full,60,EKF + CTRV
MVI_40172,101,0,long,1489,59.56,no_before,,,0.0,2635,full,60,EKF + CTRV
MVI_40172,101,1,long,148,5.92,no_before,,,0.0,2635,full,60,EKF + CTRV
MVI_40172,101,2,long,526,21.04,no_before,,,0.0,2635,full,60,EKF + CTRV
MVI_40172,101,3,short,2,0.08,no_before,,,0.0,2635,full,60,EKF + CTRV
MVI_40172,101,4,short,9,0.36,no_before,,,0.0,2635,full,60,EKF + CTRV
MVI_40172,101,5,medium,19,0.76,no_before,,,0.0,2635,full,60,EKF + CTRV
MVI_40172,102,0,long,395,15.8,no_before,,,0.0,2635,full,60,EKF + CTRV
MVI_40172,102,1,long,1062,42.48,no_before,,,0.0,2635,full,60,EKF + CTRV
MVI_40172,102,2,short,7,0.28,no_before,,,0.0,2635,full,60,EKF + CTRV
MVI_40172,102,3,short,1,0.04,no_before,,,0.0,2635,full,60,EKF + CTRV
MVI_40172,102,4,short,2,0.08,no_before,,,0.0,2635,full,60,EKF + CTRV
MVI_40172,102,5,long,53,2.12,no_before,,,0.0,2635,full,60,EKF + CTRV
MVI_40172,102,6,short,5,0.2,no_before,,,0.0,2635,full,60,EKF + CTRV
MVI_40172,102,7,medium,19,0.76,no_before,,,0.0,2635,full,60,EKF + CTRV
MVI_40172,102,8,long,67,2.68,no_before,,,0.0,2635,full,60,EKF + CTRV
MVI_40172,102,9,long,87,3.48,no_before,,,0.0,2635,full,60,EKF + CTRV
MVI_40172,102,10,short,2,0.08,no_before,,,0.0,2635,full,60,EKF + CTRV
MVI_40172,102,11,long,95,3.8,no_before,,,0.0,2635,full,60,EKF + CTRV
MVI_40172,105,0,long,47,1.88,preserved,3.0,3.0,0.0,2635,full,60,EKF + CTRV
MVI_40172,105,1,long,42,1.68,switched,3.0,231.0,0.0,2635,full,60,EKF + CTRV
MVI_40172,105,2,short,7,0.28,no_before,,,0.0,2635,full,60,EKF + CTRV
MVI_40172,105,3,medium,20,0.8,switched,555.0,824.0,0.0,2635,full,60,EKF + CTRV
MVI_40204,15,0,short,1,0.04,lost,25.0,,0.0,136,full,60,EKF + CTRV
MVI_40204,35,0,medium,21,0.84,no_before,,,0.0,131,full,60,EKF + CTRV
MVI_40204,35,1,short,9,0.36,no_before,,,0.0,131,full,60,EKF + CTRV
MVI_40204,51,0,short,3,0.12,preserved,367.0,367.0,0.0,131,full,60,EKF + CTRV
MVI_40204,51,1,short,6,0.24,lost,367.0,,0.1667,131,full,60,EKF + CTRV
MVI_40204,51,2,short,1,0.04,lost,367.0,,0.0,131,full,60,EKF + CTRV
MVI_40204,60,0,short,1,0.04,lost,306.0,,0.0,131,full,60,EKF + CTRV
MVI_40204,60,1,short,1,0.04,no_before,,,0.0,131,full,60,EKF + CTRV
MVI_40204,65,0,short,3,0.12,no_before,,,0.0,141,full,60,EKF + CTRV
MVI_40204,71,0,medium,16,0.64,lost,579.0,,0.0,116,full,60,EKF + CTRV
MVI_40204,71,1,short,1,0.04,no_before,,,0.0,116,full,60,EKF + CTRV
MVI_40204,81,0,short,9,0.36,no_before,,,0.0,141,full,60,EKF + CTRV
MVI_40204,81,1,short,3,0.12,no_before,,,0.0,141,full,60,EKF + CTRV
MVI_40204,85,0,short,12,0.48,lost,725.0,,0.0,141,full,60,EKF + CTRV
MVI_40204,85,1,short,7,0.28,lost,725.0,,0.0,141,full,60,EKF + CTRV
MVI_40204,88,0,short,2,0.08,lost,743.0,,0.0,146,full,60,EKF + CTRV
MVI_40204,88,1,short,1,0.04,lost,743.0,,0.0,146,full,60,EKF + CTRV
MVI_40204,88,2,short,1,0.04,lost,743.0,,0.0,146,full,60,EKF + CTRV
MVI_40204,90,0,short,8,0.32,preserved,678.0,678.0,0.75,146,full,60,EKF + CTRV
MVI_40204,90,1,short,4,0.16,preserved,678.0,678.0,0.75,146,full,60,EKF + CTRV
MVI_40204,90,2,short,1,0.04,lost,678.0,,1.0,146,full,60,EKF + CTRV
MVI_40204,90,3,short,1,0.04,lost,678.0,,0.0,146,full,60,EKF + CTRV
MVI_40204,90,4,medium,18,0.72,lost,678.0,,0.0,146,full,60,EKF + CTRV
MVI_40204,98,0,long,53,2.12,lost,715.0,,0.0,156,full,60,EKF + CTRV
MVI_40204,108,0,short,1,0.04,preserved,802.0,802.0,0.0,151,full,60,EKF + CTRV
MVI_40204,116,0,short,1,0.04,no_before,,,0.0,146,full,60,EKF + CTRV
MVI_40204,116,1,short,1,0.04,no_before,,,0.0,146,full,60,EKF + CTRV
MVI_40204,128,0,short,10,0.4,lost,970.0,,0.0,131,full,60,EKF + CTRV
MVI_40204,129,0,short,1,0.04,no_before,,,0.0,156,full,60,EKF + CTRV
MVI_40204,129,1,short,2,0.08,no_before,,,0.0,156,full,60,EKF + CTRV
MVI_40204,162,0,short,1,0.04,no_before,,,0.0,151,full,60,EKF + CTRV
MVI_40204,162,1,short,1,0.04,no_before,,,0.0,151,full,60,EKF + CTRV
MVI_40204,162,2,short,2,0.08,no_before,,,0.0,151,full,60,EKF + CTRV
MVI_40204,162,3,medium,14,0.56,no_before,,,0.0,151,full,60,EKF + CTRV
MVI_40204,165,0,short,6,0.24,switched,1409.0,1468.0,0.0,145,full,60,EKF + CTRV
MVI_40204,168,0,short,1,0.04,preserved,1453.0,1453.0,1.0,120,full,60,EKF + CTRV
MVI_40751,2,0,long,47,1.88,switched,1.0,28.0,0.0,1140,full,60,EKF + CTRV
MVI_40751,21,0,short,12,0.48,lost,326.0,,0.0,625,full,60,EKF + CTRV
MVI_40751,21,1,short,4,0.16,lost,326.0,,0.0,625,full,60,EKF + CTRV
MVI_40751,21,2,short,4,0.16,no_before,,,0.0,625,full,60,EKF + CTRV
MVI_40751,21,3,short,3,0.12,no_before,,,0.0,625,full,60,EKF + CTRV
MVI_40751,21,4,short,2,0.08,no_before,,,0.0,625,full,60,EKF + CTRV
MVI_40751,21,5,short,4,0.16,no_before,,,0.0,625,full,60,EKF + CTRV
MVI_40751,21,6,short,4,0.16,no_before,,,0.0,625,full,60,EKF + CTRV
MVI_63554,4,0,short,3,0.12,no_before,,,0.0,26,full,60,EKF + CTRV
MVI_63554,4,1,short,6,0.24,no_before,,,0.0,26,full,60,EKF + CTRV
MVI_63554,8,0,short,2,0.08,no_before,,,0.0,16,full,60,EKF + CTRV
MVI_63554,9,0,medium,35,1.4,lost,16.0,,0.0,61,full,60,EKF + CTRV
MVI_63554,20,0,short,1,0.04,lost,68.0,,0.0,66,full,60,EKF + CTRV
MVI_63554,25,0,medium,19,0.76,lost,87.0,,0.0,56,full,60,EKF + CTRV
MVI_63554,32,0,long,57,2.28,lost,140.0,,0.0,71,full,60,EKF + CTRV
MVI_63554,36,0,long,49,1.96,lost,172.0,,0.0,66,full,60,EKF + CTRV
MVI_63554,42,0,short,1,0.04,no_before,,,0.0,16,full,60,EKF + CTRV
MVI_63554,43,0,long,55,2.2,lost,200.0,,0.0,71,full,60,EKF + CTRV
MVI_63554,56,0,medium,30,1.2,no_before,,,0.0,51,full,60,EKF + CTRV
MVI_63554,56,1,short,9,0.36,no_before,,,0.0,51,full,60,EKF + CTRV
MVI_63554,61,0,short,1,0.04,no_before,,,0.0,66,full,60,EKF + CTRV
MVI_63554,61,1,short,6,0.24,no_before,,,0.0,66,full,60,EKF + CTRV
MVI_63554,64,0,medium,37,1.48,lost,318.0,,0.0,46,full,60,EKF + CTRV
MVI_63554,68,0,long,51,2.04,lost,346.0,,0.0,66,full,60,EKF + CTRV
MVI_63554,77,0,medium,20,0.8,lost,373.0,,0.0,61,full,60,EKF + CTRV
MVI_63554,79,0,short,9,0.36,switched,380.0,403.0,0.2222,71,full,60,EKF + CTRV
MVI_63554,82,0,long,47,1.88,lost,384.0,,0.0,56,full,60,EKF + CTRV
MVI_63554,83,0,short,5,0.2,no_before,,,0.0,21,full,60,EKF + CTRV
MVI_63554,86,0,long,43,1.72,no_before,,,0.0,56,full,60,EKF + CTRV
MVI_63554,88,0,short,3,0.12,no_before,,,0.0,16,full,60,EKF + CTRV
MVI_63554,92,0,medium,14,0.56,switched,428.0,446.0,0.0,56,full,60,EKF + CTRV
MVI_63554,92,1,short,8,0.32,switched,428.0,446.0,0.0,56,full,60,EKF + CTRV
MVI_63554,96,0,short,4,0.16,no_before,,,0.0,26,full,60,EKF + CTRV
MVI_63554,101,0,long,42,1.68,lost,484.0,,0.0,51,full,60,EKF + CTRV
MVI_63554,108,0,long,39,1.56,no_before,,,0.0,51,full,60,EKF + CTRV
MVI_63554,115,0,short,3,0.12,lost,554.0,,0.0,61,full,60,EKF + CTRV
MVI_63554,115,1,short,9,0.36,lost,554.0,,0.0,61,full,60,EKF + CTRV
MVI_63554,116,0,short,2,0.08,no_before,,,0.0,26,full,60,EKF + CTRV
MVI_63554,120,0,short,4,0.16,no_before,,,0.0,26,full,60,EKF + CTRV
MVI_63554,124,0,medium,24,0.96,lost,604.0,,0.0,61,full,60,EKF + CTRV
MVI_63554,124,1,medium,19,0.76,lost,604.0,,0.0,61,full,60,EKF + CTRV
MVI_63554,129,0,short,2,0.08,no_before,,,0.0,21,full,60,EKF + CTRV
MVI_63554,137,0,short,3,0.12,no_before,,,0.0,16,full,60,EKF + CTRV
MVI_63554,147,0,medium,28,1.12,lost,703.0,,0.0,46,full,60,EKF + CTRV
MVI_63554,151,0,short,1,0.04,no_before,,,0.0,21,full,60,EKF + CTRV
MVI_63554,153,0,short,2,0.08,no_before,,,0.0,20,full,60,EKF + CTRV
MVI_63554,155,0,medium,19,0.76,lost,726.0,,0.0,56,full,60,EKF + CTRV
MVI_63554,165,0,medium,20,0.8,lost,764.0,,0.0,56,full,60,EKF + CTRV
MVI_63554,165,1,medium,22,0.88,lost,764.0,,0.0,56,full,60,EKF + CTRV
MVI_63554,171,0,medium,33,1.32,lost,809.0,,0.0,56,full,60,EKF + CTRV
MVI_63554,174,0,short,2,0.08,no_before,,,0.0,16,full,60,EKF + CTRV
MVI_63554,177,0,medium,13,0.52,no_before,,,0.0,56,full,60,EKF + CTRV
MVI_63554,182,0,long,38,1.52,lost,852.0,,0.0,56,full,60,EKF + CTRV
MVI_40131,1,0,long,120,4.8,switched,4.0,116.0,0.2583,486,partial,60,UKF + CTRV
MVI_40131,12,0,long,81,3.24,no_before,,,0.4938,326,partial,60,UKF + CTRV
MVI_40131,16,0,long,52,2.08,switched,70.0,93.0,0.1923,256,partial,60,UKF + CTRV
MVI_40131,16,1,medium,22,0.88,preserved,93.0,93.0,1.0,256,partial,60,UKF + CTRV
MVI_40131,17,0,long,64,2.56,no_before,,,0.375,171,partial,60,UKF + CTRV
MVI_40131,19,0,medium,19,0.76,preserved,79.0,79.0,0.4211,1086,partial,60,UKF + CTRV
MVI_40131,19,1,long,114,4.56,switched,79.0,409.0,0.2456,1086,partial,60,UKF + CTRV
MVI_40131,19,2,medium,18,0.72,preserved,409.0,409.0,1.0,1086,partial,60,UKF + CTRV
MVI_40131,19,3,short,6,0.24,preserved,409.0,409.0,1.0,1086,partial,60,UKF + CTRV
MVI_40131,19,4,medium,13,0.52,preserved,497.0,497.0,1.0,1086,partial,60,UKF + CTRV
MVI_40131,19,5,long,72,2.88,preserved,409.0,409.0,1.0,1086,partial,60,UKF + CTRV
MVI_40131,19,6,medium,29,1.16,preserved,409.0,409.0,1.0,1086,partial,60,UKF + CTRV
MVI_40131,20,0,short,5,0.2,no_before,,,0.0,406,partial,60,UKF + CTRV
MVI_40131,20,1,long,62,2.48,no_before,,,0.0968,406,partial,60,UKF + CTRV
MVI_40131,20,2,short,7,0.28,preserved,111.0,111.0,1.0,406,partial,60,UKF + CTRV
MVI_40131,23,0,medium,25,1.0,no_before,,,0.24,226,partial,60,UKF + CTRV
MVI_40131,25,0,long,177,7.08,switched,150.0,193.0,0.9209,321,partial,60,UKF + CTRV
MVI_40131,26,0,long,84,3.36,switched,169.0,197.0,0.6548,231,partial,60,UKF + CTRV
MVI_40131,29,0,long,102,4.08,switched,240.0,420.0,0.9412,816,partial,60,UKF + CTRV
MVI_40131,30,0,short,9,0.36,preserved,211.0,211.0,1.0,296,partial,60,UKF + CTRV
MVI_40131,30,1,long,51,2.04,preserved,211.0,211.0,0.902,296,partial,60,UKF + CTRV
MVI_40131,31,0,medium,24,0.96,no_before,,,0.0,221,partial,60,UKF + CTRV
MVI_40131,31,1,short,8,0.32,no_before,,,0.0,221,partial,60,UKF + CTRV
MVI_40131,34,0,long,65,2.6,no_before,,,0.8769,281,partial,60,UKF + CTRV
MVI_40131,35,0,long,97,3.88,switched,260.0,437.0,0.2784,456,partial,60,UKF + CTRV
MVI_40131,35,1,medium,26,1.04,preserved,437.0,437.0,1.0,456,partial,60,UKF + CTRV
MVI_40131,36,0,medium,29,1.16,no_before,,,0.6207,226,partial,60,UKF + CTRV
MVI_40131,37,0,long,210,8.4,no_before,,,0.2381,421,partial,60,UKF + CTRV
MVI_40131,37,1,medium,33,1.32,preserved,471.0,471.0,1.0,421,partial,60,UKF + CTRV
MVI_40131,38,0,long,51,2.04,preserved,339.0,339.0,0.7647,306,partial,60,UKF + CTRV
MVI_40131,39,0,long,100,4.0,no_before,,,0.86,241,partial,60,UKF + CTRV
MVI_40131,39,1,long,55,2.2,preserved,328.0,328.0,1.0,241,partial,60,UKF + CTRV
MVI_40131,40,0,long,119,4.76,no_before,,,0.7899,366,partial,60,UKF + CTRV
MVI_40131,40,1,short,11,0.44,preserved,450.0,450.0,1.0,366,partial,60,UKF + CTRV
MVI_40131,40,3,medium,15,0.6,preserved,450.0,450.0,1.0,366,partial,60,UKF + CTRV
MVI_40131,40,4,short,8,0.32,preserved,450.0,450.0,1.0,366,partial,60,UKF + CTRV
MVI_40131,41,0,long,43,1.72,no_before,,,0.6047,281,partial,60,UKF + CTRV
MVI_40131,45,0,medium,25,1.0,no_before,,,0.2,206,partial,60,UKF + CTRV
MVI_40131,60,0,medium,22,0.88,lost,698.0,,0.7273,116,partial,60,UKF + CTRV
MVI_40131,62,0,medium,26,1.04,lost,713.0,,0.9231,95,partial,60,UKF + CTRV
MVI_40131,65,0,long,60,2.4,no_before,,,0.0,60,partial,60,UKF + CTRV
MVI_40171,1,0,medium,26,1.04,no_before,,,1.0,26,partial,60,UKF + CTRV
MVI_40171,6,0,long,41,1.64,preserved,21.0,21.0,0.9512,71,partial,60,UKF + CTRV
MVI_40171,7,0,long,56,2.24,no_before,,,0.2857,56,partial,60,UKF + CTRV
MVI_40171,8,0,short,12,0.48,no_before,,,0.0,726,partial,60,UKF + CTRV
MVI_40171,8,1,short,11,0.44,preserved,44.0,44.0,0.0,726,partial,60,UKF + CTRV
MVI_40171,8,3,medium,26,1.04,preserved,44.0,44.0,1.0,726,partial,60,UKF + CTRV
MVI_40171,8,4,medium,25,1.0,preserved,44.0,44.0,1.0,726,partial,60,UKF + CTRV
MVI_40171,8,5,medium,18,0.72,preserved,44.0,44.0,1.0,726,partial,60,UKF + CTRV
MVI_40171,8,6,short,12,0.48,preserved,44.0,44.0,1.0,726,partial,60,UKF + CTRV
MVI_40171,8,7,medium,32,1.28,preserved,177.0,177.0,1.0,726,partial,60,UKF + CTRV
MVI_40171,8,8,medium,28,1.12,preserved,267.0,267.0,1.0,726,partial,60,UKF + CTRV
MVI_40171,8,9,medium,16,0.64,preserved,267.0,267.0,1.0,726,partial,60,UKF + CTRV
MVI_40171,9,1,short,10,0.4,preserved,51.0,51.0,0.9,61,partial,60,UKF + CTRV
MVI_40171,11,0,medium,27,1.08,preserved,58.0,58.0,1.0,91,partial,60,UKF + CTRV
MVI_40171,12,0,long,61,2.44,no_before,,,0.459,61,partial,60,UKF + CTRV
MVI_40171,14,0,medium,31,1.24,switched,63.0,99.0,0.8387,86,partial,60,UKF + CTRV
MVI_40171,15,0,long,66,2.64,no_before,,,0.5152,66,partial,60,UKF + CTRV
MVI_40171,16,0,long,61,2.44,no_before,,,0.8361,61,partial,60,UKF + CTRV
MVI_40171,17,0,short,11,0.44,no_before,,,0.2727,76,partial,60,UKF + CTRV
MVI_40171,18,0,long,209,8.36,switched,151.0,194.0,0.1196,786,partial,60,UKF + CTRV
MVI_40171,18,1,short,11,0.44,preserved,194.0,194.0,0.7273,786,partial,60,UKF + CTRV
MVI_40171,18,2,short,4,0.16,preserved,194.0,194.0,1.0,786,partial,60,UKF + CTRV
MVI_40171,18,3,short,4,0.16,preserved,194.0,194.0,0.5,786,partial,60,UKF + CTRV
MVI_40171,18,4,short,4,0.16,preserved,194.0,194.0,1.0,786,partial,60,UKF + CTRV
MVI_40171,19,0,long,61,2.44,no_before,,,0.8361,61,partial,60,UKF + CTRV
MVI_40171,22,0,long,69,2.76,lost,166.0,,0.7826,71,partial,60,UKF + CTRV
MVI_40171,23,0,long,62,2.48,preserved,187.0,187.0,0.8387,66,partial,60,UKF + CTRV
MVI_40171,25,0,long,66,2.64,no_before,,,0.7424,66,partial,60,UKF + CTRV
MVI_40171,26,0,long,47,1.88,no_before,,,0.8298,56,partial,60,UKF + CTRV
MVI_40171,27,0,medium,30,1.2,no_before,,,0.3667,76,partial,60,UKF + CTRV
MVI_40171,28,0,medium,21,0.84,no_before,,,0.9048,76,partial,60,UKF + CTRV
MVI_40171,29,0,long,53,2.12,no_before,,,0.7358,56,partial,60,UKF + CTRV
MVI_40171,31,0,medium,26,1.04,preserved,296.0,296.0,1.0,96,partial,60,UKF + CTRV
MVI_40171,34,0,long,66,2.64,lost,329.0,,0.8788,71,partial,60,UKF + CTRV
MVI_40171,35,0,long,62,2.48,preserved,336.0,336.0,0.871,76,partial,60,UKF + CTRV
MVI_40171,36,0,long,66,2.64,no_before,,,0.6364,66,partial,60,UKF + CTRV
MVI_40171,38,0,short,8,0.32,no_before,,,0.0,185,partial,60,UKF + CTRV
MVI_40171,39,0,long,70,2.8,lost,384.0,,0.7571,71,partial,60,UKF + CTRV
MVI_40171,40,0,medium,23,0.92,lost,406.0,,1.0,45,partial,60,UKF + CTRV
MVI_40171,41,0,long,99,3.96,switched,197.0,315.0,0.101,1150,partial,60,UKF + CTRV
MVI_40171,41,1,long,52,2.08,preserved,315.0,315.0,0.0769,1150,partial,60,UKF + CTRV
MVI_40171,42,0,long,1150,46.0,no_before,,,0.0,1150,partial,60,UKF + CTRV
MVI_40171,43,0,long,1150,46.0,no_before,,,0.0,1150,partial,60,UKF + CTRV
MVI_40171,44,0,long,1150,46.0,no_before,,,0.0,1150,partial,60,UKF + CTRV
MVI_40172,16,0,long,180,7.2,no_before,,,0.0111,227,partial,60,UKF + CTRV
MVI_40172,35,0,long,39,1.56,no_before,,,0.8974,46,partial,60,UKF + CTRV
MVI_40172,36,0,medium,37,1.48,no_before,,,0.973,41,partial,60,UKF + CTRV
MVI_40172,40,0,medium,29,1.16,preserved,517.0,517.0,0.5517,71,partial,60,UKF + CTRV
MVI_40172,41,0,long,39,1.56,lost,521.0,,0.4615,41,partial,60,UKF + CTRV
MVI_40172,47,0,long,48,1.92,lost,555.0,,0.8958,51,partial,60,UKF + CTRV
MVI_40172,50,0,long,51,2.04,no_before,,,0.7451,51,partial,60,UKF + CTRV
MVI_40172,51,0,short,10,0.4,switched,568.0,571.0,0.5,81,partial,60,UKF + CTRV
MVI_40172,56,0,medium,28,1.12,lost,600.0,,1.0,61,partial,60,UKF + CTRV
MVI_40172,57,0,medium,37,1.48,preserved,606.0,606.0,1.0,51,partial,60,UKF + CTRV
MVI_40172,60,0,long,44,1.76,preserved,620.0,620.0,0.7955,66,partial,60,UKF + CTRV
MVI_40172,61,0,medium,13,0.52,preserved,621.0,621.0,1.0,36,partial,60,UKF + CTRV
MVI_40172,63,0,long,46,1.84,no_before,,,0.7391,46,partial,60,UKF + CTRV
MVI_40172,65,0,medium,29,1.16,switched,639.0,662.0,0.4483,46,partial,60,UKF + CTRV
MVI_40172,67,0,medium,31,1.24,no_before,,,0.6774,41,partial,60,UKF + CTRV
MVI_40172,79,0,long,114,4.56,no_before,,,0.0526,201,partial,60,UKF + CTRV
MVI_40172,95,0,long,40,1.6,lost,845.0,,0.85,41,partial,60,UKF + CTRV
MVI_40172,96,0,long,50,2.0,no_before,,,0.88,50,partial,60,UKF + CTRV
MVI_40172,99,0,long,50,2.0,switched,2.0,56.0,0.12,2635,partial,60,UKF + CTRV
MVI_40172,99,1,long,74,2.96,switched,56.0,243.0,0.0946,2635,partial,60,UKF + CTRV
MVI_40172,99,2,long,40,1.6,switched,243.0,810.0,0.125,2635,partial,60,UKF + CTRV
MVI_40172,100,0,long,2635,105.4,no_before,,,0.0,2635,partial,60,UKF + CTRV
MVI_40172,101,0,long,2635,105.4,no_before,,,0.0,2635,partial,60,UKF + CTRV
MVI_40172,102,0,long,2635,105.4,no_before,,,0.0,2635,partial,60,UKF + CTRV
MVI_40172,105,0,long,52,2.08,preserved,3.0,3.0,0.0385,2635,partial,60,UKF + CTRV
MVI_40172,105,1,long,45,1.8,switched,3.0,230.0,0.0222,2635,partial,60,UKF + CTRV
MVI_40172,105,2,medium,21,0.84,no_before,,,0.0,2635,partial,60,UKF + CTRV
MVI_40172,105,3,long,39,1.56,switched,437.0,817.0,0.2051,2635,partial,60,UKF + CTRV
MVI_40204,6,0,long,86,3.44,no_before,,,0.2442,86,partial,60,UKF + CTRV
MVI_40204,9,0,long,66,2.64,no_before,,,0.0,66,partial,60,UKF + CTRV
MVI_40204,10,0,medium,32,1.28,lost,9.0,,0.375,76,partial,60,UKF + CTRV
MVI_40204,11,0,medium,31,1.24,switched,11.0,70.0,0.3871,66,partial,60,UKF + CTRV
MVI_40204,12,0,medium,16,0.64,no_before,,,0.375,16,partial,60,UKF + CTRV
MVI_40204,15,0,long,136,5.44,no_before,,,0.6618,136,partial,60,UKF + CTRV
MVI_40204,27,0,long,111,4.44,no_before,,,0.7928,111,partial,60,UKF + CTRV
MVI_40204,30,0,long,71,2.84,lost,132.0,,0.1831,141,partial,60,UKF + CTRV
MVI_40204,34,0,short,3,0.12,preserved,143.0,143.0,0.6667,116,partial,60,UKF + CTRV
MVI_40204,34,1,medium,25,1.0,lost,143.0,,0.24,116,partial,60,UKF + CTRV
MVI_40204,34,2,medium,25,1.0,lost,143.0,,0.0,116,partial,60,UKF + CTRV
MVI_40204,35,0,long,131,5.24,no_before,,,0.3053,131,partial,60,UKF + CTRV
MVI_40204,36,0,long,52,2.08,lost,150.0,,0.0,116,partial,60,UKF + CTRV
MVI_40204,39,0,medium,22,0.88,lost,227.0,,0.0,111,partial,60,UKF + CTRV
MVI_40204,40,0,long,39,1.56,lost,169.0,,0.0,151,partial,60,UKF + CTRV
MVI_40204,46,0,long,141,5.64,no_before,,,0.6454,141,partial,60,UKF + CTRV
MVI_40204,49,0,long,46,1.84,preserved,231.0,231.0,0.7391,151,partial,60,UKF + CTRV
MVI_40204,50,0,long,121,4.84,no_before,,,0.3967,121,partial,60,UKF + CTRV
MVI_40204,51,0,long,131,5.24,no_before,,,0.3359,131,partial,60,UKF + CTRV
MVI_40204,52,0,short,2,0.08,preserved,250.0,250.0,1.0,131,partial,60,UKF + CTRV
MVI_40204,60,0,long,131,5.24,no_before,,,0.313,131,partial,60,UKF + CTRV
MVI_40204,63,0,long,39,1.56,switched,360.0,411.0,0.5897,141,partial,60,UKF + CTRV
MVI_40204,64,0,long,130,5.2,no_before,,,0.5769,131,partial,60,UKF + CTRV
MVI_40204,65,0,long,141,5.64,no_before,,,0.1206,141,partial,60,UKF + CTRV
MVI_40204,67,0,long,58,2.32,lost,433.0,,0.0517,131,partial,60,UKF + CTRV
MVI_40204,68,0,medium,15,0.6,lost,458.0,,0.0,126,partial,60,UKF + CTRV
MVI_40204,71,0,long,116,4.64,no_before,,,0.2672,116,partial,60,UKF + CTRV
MVI_40204,72,0,medium,33,1.32,preserved,504.0,504.0,1.0,141,partial,60,UKF + CTRV
MVI_40204,73,0,long,136,5.44,no_before,,,0.3088,136,partial,60,UKF + CTRV
MVI_40204,74,0,long,116,4.64,no_before,,,0.4483,116,partial,60,UKF + CTRV
MVI_40204,78,0,medium,19,0.76,lost,553.0,,0.2632,131,partial,60,UKF + CTRV
MVI_40204,81,0,long,141,5.64,no_before,,,0.2979,141,partial,60,UKF + CTRV
MVI_40204,82,0,short,8,0.32,preserved,590.0,590.0,1.0,136,partial,60,UKF + CTRV
MVI_40204,82,1,long,40,1.6,lost,590.0,,0.825,136,partial,60,UKF + CTRV
MVI_40204,85,0,long,141,5.64,no_before,,,0.5319,141,partial,60,UKF + CTRV
MVI_40204,86,0,long,114,4.56,lost,631.0,,0.3158,136,partial,60,UKF + CTRV
MVI_40204,88,0,long,146,5.84,no_before,,,0.1233,146,partial,60,UKF + CTRV
MVI_40204,90,0,long,146,5.84,no_before,,,0.6918,146,partial,60,UKF + CTRV
MVI_40204,92,0,long,41,1.64,no_before,,,0.9512,156,partial,60,UKF + CTRV
MVI_40204,93,0,long,112,4.48,lost,687.0,,0.5,131,partial,60,UKF + CTRV
MVI_40204,96,0,long,82,3.28,switched,703.0,807.0,0.7195,161,partial,60,UKF + CTRV
MVI_40204,98,0,long,156,6.24,no_before,,,0.5705,156,partial,60,UKF + CTRV
MVI_40204,99,0,short,11,0.44,no_before,,,0.8182,151,partial,60,UKF + CTRV
MVI_40204,106,0,long,51,2.04,no_before,,,0.6275,126,partial,60,UKF + CTRV
MVI_40204,106,1,long,70,2.8,lost,812.0,,0.4,126,partial,60,UKF + CTRV
MVI_40204,108,0,long,151,6.04,no_before,,,0.4238,151,partial,60,UKF + CTRV
MVI_40204,110,0,long,75,3.0,lost,817.0,,0.1733,131,partial,60,UKF + CTRV
MVI_40204,112,0,long,40,1.6,no_before,,,0.0,146,partial,60,UKF + CTRV
MVI_40204,115,0,long,71,2.84,preserved,848.0,848.0,0.8169,151,partial,60,UKF + CTRV
MVI_40204,115,1,short,4,0.16,lost,848.0,,0.0,151,partial,60,UKF + CTRV
MVI_40204,116,0,long,146,5.84,no_before,,,0.0,146,partial,60,UKF + CTRV
MVI_40204,117,0,medium,31,1.24,lost,857.0,,0.2581,141,partial,60,UKF + CTRV
MVI_40204,117,1,short,9,0.36,lost,857.0,,0.0,141,partial,60,UKF + CTRV
MVI_40204,119,0,long,66,2.64,lost,866.0,,0.1061,151,partial,60,UKF + CTRV
MVI_40204,120,0,long,62,2.48,lost,896.0,,0.6613,156,partial,60,UKF + CTRV
MVI_40204,121,0,medium,21,0.84,no_before,,,0.9048,156,partial,60,UKF + CTRV
MVI_40204,122,0,long,141,5.64,no_before,,,0.1135,141,partial,60,UKF + CTRV
MVI_40204,126,0,long,43,1.72,switched,944.0,1071.0,0.5349,166,partial,60,UKF + CTRV
MVI_40204,126,1,short,4,0.16,no_before,,,0.0,166,partial,60,UKF + CTRV
MVI_40204,127,0,short,5,0.2,no_before,,,0.4,161,partial,60,UKF + CTRV
MVI_40204,128,0,medium,18,0.72,preserved,966.0,966.0,1.0,131,partial,60,UKF + CTRV
MVI_40204,128,1,long,98,3.92,lost,966.0,,0.2959,131,partial,60,UKF + CTRV
MVI_40204,129,0,long,156,6.24,no_before,,,0.2564,156,partial,60,UKF + CTRV
MVI_40204,133,0,long,53,2.12,lost,994.0,,0.283,106,partial,60,UKF + CTRV
MVI_40204,135,0,long,75,3.0,lost,1009.0,,0.1333,141,partial,60,UKF + CTRV
MVI_40204,137,0,long,63,2.52,lost,1040.0,,0.2857,126,partial,60,UKF + CTRV
MVI_40204,138,0,short,7,0.28,lost,1210.0,,0.0,166,partial,60,UKF + CTRV
MVI_40204,142,0,long,145,5.8,no_before,,,0.8345,146,partial,60,UKF + CTRV
MVI_40204,145,0,long,146,5.84,no_before,,,0.5411,161,partial,60,UKF + CTRV
MVI_40204,148,0,long,110,4.4,lost,1142.0,,0.3,151,partial,60,UKF + CTRV
MVI_40204,149,0,long,72,2.88,lost,1157.0,,0.1667,161,partial,60,UKF + CTRV
MVI_40204,150,0,long,146,5.84,no_before,,,0.7192,146,partial,60,UKF + CTRV
MVI_40204,153,0,long,129,5.16,lost,1177.0,,0.4574,171,partial,60,UKF + CTRV
MVI_40204,154,0,medium,28,1.12,no_before,,,0.5714,166,partial,60,UKF + CTRV
MVI_40204,158,0,medium,31,1.24,no_before,,,0.0,175,partial,60,UKF + CTRV
MVI_40204,161,0,medium,22,0.88,no_before,,,0.8636,170,partial,60,UKF + CTRV
MVI_40204,161,1,long,67,2.68,lost,1235.0,,0.1642,170,partial,60,UKF + CTRV
MVI_40204,162,0,long,151,6.04,no_before,,,0.0331,151,partial,60,UKF + CTRV
MVI_40204,165,1,long,139,5.56,lost,1265.0,,0.6259,145,partial,60,UKF + CTRV
MVI_40204,168,0,long,120,4.8,no_before,,,0.725,120,partial,60,UKF + CTRV
MVI_40204,173,0,long,65,2.6,no_before,,,0.9692,65,partial,60,UKF + CTRV
MVI_40204,177,0,medium,20,0.8,no_before,,,0.6,20,partial,60,UKF + CTRV
MVI_40751,2,0,long,72,2.88,switched,1.0,28.0,0.0833,1140,partial,60,UKF + CTRV
MVI_40751,2,1,long,175,7.0,preserved,28.0,28.0,0.6457,1140,partial,60,UKF + CTRV
MVI_40751,2,2,short,9,0.36,preserved,28.0,28.0,1.0,1140,partial,60,UKF + CTRV
MVI_40751,2,3,short,6,0.24,preserved,28.0,28.0,1.0,1140,partial,60,UKF + CTRV
MVI_40751,2,4,long,410,16.4,preserved,28.0,28.0,1.0,1140,partial,60,UKF + CTRV
MVI_40751,3,0,long,58,2.32,no_before,,,0.9655,81,partial,60,UKF + CTRV
MVI_40751,4,1,long,46,1.84,preserved,2.0,2.0,1.0,141,partial,60,UKF + CTRV
MVI_40751,5,0,medium,19,0.76,no_before,,,0.0,146,partial,60,UKF + CTRV
MVI_40751,7,0,medium,19,0.76,no_before,,,0.0,186,partial,60,UKF + CTRV
MVI_40751,7,1,medium,14,0.56,preserved,65.0,65.0,1.0,186,partial,60,UKF + CTRV
MVI_40751,7,3,long,97,3.88,preserved,65.0,65.0,1.0,186,partial,60,UKF + CTRV
MVI_40751,8,1,short,4,0.16,preserved,117.0,117.0,1.0,920,partial,60,UKF + CTRV
MVI_40751,8,2,short,5,0.2,preserved,117.0,117.0,1.0,920,partial,60,UKF + CTRV
MVI_40751,8,3,short,10,0.4,preserved,117.0,117.0,1.0,920,partial,60,UKF + CTRV
MVI_40751,8,4,medium,24,0.96,preserved,117.0,117.0,1.0,920,partial,60,UKF + CTRV
MVI_40751,8,5,long,591,23.64,lost,117.0,,0.7783,920,partial,60,UKF + CTRV
MVI_40751,9,0,medium,34,1.36,preserved,156.0,156.0,1.0,96,partial,60,UKF + CTRV
MVI_40751,11,0,medium,32,1.28,no_before,,,0.4062,156,partial,60,UKF + CTRV
MVI_40751,11,1,long,89,3.56,preserved,179.0,179.0,0.9663,156,partial,60,UKF + CTRV
MVI_40751,15,0,long,223,8.92,lost,185.0,,1.0,775,partial,60,UKF + CTRV
MVI_40751,21,0,short,5,0.2,no_before,,,0.0,625,partial,60,UKF + CTRV
MVI_40751,21,1,long,612,24.48,lost,325.0,,0.0294,625,partial,60,UKF + CTRV
MVI_40751,23,0,short,11,0.44,preserved,355.0,355.0,1.0,66,partial,60,UKF + CTRV
MVI_40751,23,1,short,4,0.16,preserved,355.0,355.0,1.0,66,partial,60,UKF + CTRV
MVI_40751,28,0,short,3,0.12,preserved,432.0,432.0,1.0,405,partial,60,UKF + CTRV
MVI_40751,28,1,medium,15,0.6,preserved,432.0,432.0,1.0,405,partial,60,UKF + CTRV
MVI_40751,29,0,medium,23,0.92,preserved,454.0,454.0,1.0,370,partial,60,UKF + CTRV
MVI_40751,31,0,long,41,1.64,no_before,,,0.7073,43,partial,60,UKF + CTRV
MVI_40751,32,0,long,172,6.88,switched,474.0,508.0,0.8721,266,partial,60,UKF + CTRV
MVI_40751,33,0,medium,14,0.56,preserved,488.0,488.0,1.0,270,partial,60,UKF + CTRV
MVI_40751,35,0,medium,23,0.92,lost,516.0,,1.0,156,partial,60,UKF + CTRV
MVI_40751,36,0,long,77,3.08,lost,526.0,,1.0,195,partial,60,UKF + CTRV
MVI_40751,38,0,medium,13,0.52,preserved,544.0,544.0,1.0,140,partial,60,UKF + CTRV
MVI_40751,38,1,long,49,1.96,lost,544.0,,1.0,140,partial,60,UKF + CTRV
MVI_40751,41,0,long,45,1.8,no_before,,,0.3111,45,partial,60,UKF + CTRV
MVI_63554,3,0,short,11,0.44,no_before,,,0.6364,11,partial,60,UKF + CTRV
MVI_63554,4,0,medium,26,1.04,no_before,,,0.0,26,partial,60,UKF + CTRV
MVI_63554,5,0,long,40,1.6,no_before,,,0.925,41,partial,60,UKF + CTRV
MVI_63554,8,0,medium,13,0.52,no_before,,,0.3846,16,partial,60,UKF + CTRV
MVI_63554,9,0,long,55,2.2,lost,16.0,,0.0727,61,partial,60,UKF + CTRV
MVI_63554,11,0,long,52,2.08,lost,30.0,,0.0577,61,partial,60,UKF + CTRV
MVI_63554,13,0,medium,16,0.64,no_before,,,0.25,26,partial,60,UKF + CTRV
MVI_63554,15,0,long,65,2.6,lost,46.0,,0.9692,76,partial,60,UKF + CTRV
MVI_63554,19,0,long,62,2.48,switched,66.0,74.0,0.8548,81,partial,60,UKF + CTRV
MVI_63554,20,0,long,57,2.28,lost,68.0,,0.0,66,partial,60,UKF + CTRV
MVI_63554,22,0,long,61,2.44,no_before,,,0.3443,61,partial,60,UKF + CTRV
MVI_63554,23,0,long,45,1.8,switched,82.0,93.0,0.7556,81,partial,60,UKF + CTRV
MVI_63554,24,0,short,11,0.44,no_before,,,0.1818,21,partial,60,UKF + CTRV
MVI_63554,25,0,long,51,2.04,no_before,,,0.1176,56,partial,60,UKF + CTRV
MVI_63554,30,0,long,74,2.96,lost,133.0,,0.2027,81,partial,60,UKF + CTRV
MVI_63554,31,0,long,76,3.04,no_before,,,0.5263,76,partial,60,UKF + CTRV
MVI_63554,32,0,long,64,2.56,lost,138.0,,0.0938,71,partial,60,UKF + CTRV
MVI_63554,33,0,long,45,1.8,lost,147.0,,0.9556,81,partial,60,UKF + CTRV
MVI_63554,35,0,medium,16,0.64,no_before,,,0.8125,86,partial,60,UKF + CTRV
MVI_63554,36,0,long,59,2.36,lost,170.0,,0.0678,66,partial,60,UKF + CTRV
MVI_63554,41,0,medium,25,1.0,lost,194.0,,0.56,91,partial,60,UKF + CTRV
MVI_63554,42,0,short,11,0.44,no_before,,,0.1818,16,partial,60,UKF + CTRV
MVI_63554,43,0,long,62,2.48,lost,198.0,,0.0806,71,partial,60,UKF + CTRV
MVI_63554,44,0,long,64,2.56,lost,202.0,,0.7812,71,partial,60,UKF + CTRV
MVI_63554,47,0,long,59,2.36,lost,209.0,,0.1356,66,partial,60,UKF + CTRV
MVI_63554,49,0,long,54,2.16,lost,220.0,,0.8333,81,partial,60,UKF + CTRV
MVI_63554,50,0,long,63,2.52,lost,222.0,,0.254,71,partial,60,UKF + CTRV
MVI_63554,51,0,short,11,0.44,no_before,,,0.0,21,partial,60,UKF + CTRV
MVI_63554,55,0,long,62,2.48,lost,281.0,,0.7903,71,partial,60,UKF + CTRV
MVI_63554,56,0,long,48,1.92,no_before,,,0.0,51,partial,60,UKF + CTRV
MVI_63554,58,0,medium,21,0.84,preserved,292.0,292.0,0.9524,41,partial,60,UKF + CTRV
MVI_63554,60,0,medium,13,0.52,no_before,,,0.2308,21,partial,60,UKF + CTRV
MVI_63554,61,0,long,63,2.52,no_before,,,0.5079,66,partial,60,UKF + CTRV
MVI_63554,62,0,short,5,0.2,preserved,309.0,309.0,1.0,66,partial,60,UKF + CTRV
MVI_63554,62,1,medium,35,1.4,lost,309.0,,0.5429,66,partial,60,UKF + CTRV
MVI_63554,63,0,long,60,2.4,lost,314.0,,0.7,66,partial,60,UKF + CTRV
MVI_63554,64,0,long,42,1.68,no_before,,,0.0238,46,partial,60,UKF + CTRV
MVI_63554,68,0,long,57,2.28,lost,344.0,,0.0702,66,partial,60,UKF + CTRV
MVI_63554,69,0,medium,16,0.64,no_before,,,0.5625,26,partial,60,UKF + CTRV
MVI_63554,72,0,medium,20,0.8,lost,358.0,,0.35,101,partial,60,UKF + CTRV
MVI_63554,73,0,long,50,2.0,preserved,361.0,361.0,0.88,61,partial,60,UKF + CTRV
MVI_63554,76,0,medium,13,0.52,no_before,,,0.3077,21,partial,60,UKF + CTRV
MVI_63554,77,0,long,56,2.24,lost,371.0,,0.0714,61,partial,60,UKF + CTRV
MVI_63554,79,0,long,61,2.44,no_before,,,0.3934,71,partial,60,UKF + CTRV
MVI_63554,80,0,long,55,2.2,lost,379.0,,0.8364,61,partial,60,UKF + CTRV
MVI_63554,81,0,short,10,0.4,no_before,,,0.5,81,partial,60,UKF + CTRV
MVI_63554,82,0,long,53,2.12,no_before,,,0.0755,56,partial,60,UKF + CTRV
MVI_63554,83,0,medium,15,0.6,no_before,,,0.1333,21,partial,60,UKF + CTRV
MVI_63554,86,0,long,49,1.96,no_before,,,0.0,56,partial,60,UKF + CTRV
MVI_63554,87,0,medium,31,1.24,preserved,408.0,408.0,0.871,61,partial,60,UKF + CTRV
MVI_63554,88,0,medium,13,0.52,no_before,,,0.2308,16,partial,60,UKF + CTRV
MVI_63554,90,0,medium,20,0.8,lost,420.0,,0.85,86,partial,60,UKF + CTRV
MVI_63554,92,0,long,50,2.0,lost,426.0,,0.1,56,partial,60,UKF + CTRV
MVI_63554,93,0,long,39,1.56,preserved,432.0,432.0,0.7949,71,partial,60,UKF + CTRV
MVI_63554,93,3,short,9,0.36,lost,432.0,,0.0,71,partial,60,UKF + CTRV
MVI_63554,94,0,medium,26,1.04,preserved,434.0,434.0,1.0,56,partial,60,UKF + CTRV
MVI_63554,95,0,long,51,2.04,preserved,442.0,442.0,0.7059,81,partial,60,UKF + CTRV
MVI_63554,96,0,medium,15,0.6,no_before,,,0.0667,26,partial,60,UKF + CTRV
MVI_63554,98,0,long,64,2.56,lost,451.0,,0.7188,71,partial,60,UKF + CTRV
MVI_63554,99,0,medium,15,0.6,no_before,,,0.6667,26,partial,60,UKF + CTRV
MVI_63554,101,0,long,48,1.92,no_before,,,0.0417,51,partial,60,UKF + CTRV
MVI_63554,102,0,medium,14,0.56,no_before,,,0.0714,26,partial,60,UKF + CTRV
MVI_63554,103,0,medium,17,0.68,lost,492.0,,0.5294,71,partial,60,UKF + CTRV
MVI_63554,105,0,long,61,2.44,lost,496.0,,0.7541,66,partial,60,UKF + CTRV
MVI_63554,108,0,long,44,1.76,no_before,,,0.0,51,partial,60,UKF + CTRV
MVI_63554,109,0,medium,18,0.72,no_before,,,0.2778,31,partial,60,UKF + CTRV
MVI_63554,112,0,medium,31,1.24,no_before,,,0.6129,61,partial,60,UKF + CTRV
MVI_63554,115,0,long,53,2.12,lost,553.0,,0.0943,61,partial,60,UKF + CTRV
MVI_63554,116,0,medium,15,0.6,no_before,,,0.2,26,partial,60,UKF + CTRV
MVI_63554,117,0,long,53,2.12,lost,560.0,,0.4528,61,partial,60,UKF + CTRV
MVI_63554,120,0,medium,15,0.6,no_before,,,0.2,26,partial,60,UKF + CTRV
MVI_63554,123,0,long,60,2.4,no_before,,,0.4,61,partial,60,UKF + CTRV
MVI_63554,124,0,long,54,2.16,no_before,,,0.1111,61,partial,60,UKF + CTRV
MVI_63554,126,0,medium,37,1.48,lost,605.0,,0.9189,56,partial,60,UKF + CTRV
MVI_63554,129,0,medium,13,0.52,no_before,,,0.3846,21,partial,60,UKF + CTRV
MVI_63554,132,0,short,12,0.48,no_before,,,0.4167,26,partial,60,UKF + CTRV
MVI_63554,134,0,long,55,2.2,lost,656.0,,0.6909,61,partial,60,UKF + CTRV
MVI_63554,137,0,short,12,0.48,no_before,,,0.1667,16,partial,60,UKF + CTRV
MVI_63554,139,0,long,48,1.92,lost,678.0,,0.875,56,partial,60,UKF + CTRV
MVI_63554,142,0,medium,15,0.6,no_before,,,0.4,26,partial,60,UKF + CTRV
MVI_63554,143,0,long,57,2.28,lost,688.0,,0.8772,66,partial,60,UKF + CTRV
MVI_63554,147,0,long,39,1.56,lost,701.0,,0.0769,46,partial,60,UKF + CTRV
MVI_63554,148,0,short,8,0.32,preserved,698.0,698.0,1.0,56,partial,60,UKF + CTRV
MVI_63554,151,0,short,12,0.48,no_before,,,0.5833,21,partial,60,UKF + CTRV
MVI_63554,152,0,short,10,0.4,preserved,716.0,716.0,1.0,61,partial,60,UKF + CTRV
MVI_63554,152,1,short,2,0.08,preserved,716.0,716.0,1.0,61,partial,60,UKF + CTRV
MVI_63554,152,2,short,5,0.2,lost,716.0,,0.0,61,partial,60,UKF + CTRV
MVI_63554,153,0,medium,14,0.56,no_before,,,0.3571,20,partial,60,UKF + CTRV
MVI_63554,155,0,long,49,1.96,lost,724.0,,0.0816,56,partial,60,UKF + CTRV
MVI_63554,158,0,long,54,2.16,lost,739.0,,0.8889,66,partial,60,UKF + CTRV
MVI_63554,160,0,short,12,0.48,no_before,,,0.3333,21,partial,60,UKF + CTRV
MVI_63554,162,0,long,54,2.16,lost,747.0,,0.7407,61,partial,60,UKF + CTRV
MVI_63554,163,0,long,54,2.16,no_before,,,0.9259,71,partial,60,UKF + CTRV
MVI_63554,164,0,long,66,2.64,no_before,,,1.0,66,partial,60,UKF + CTRV
MVI_63554,165,0,long,52,2.08,lost,762.0,,0.0577,56,partial,60,UKF + CTRV
MVI_63554,168,0,long,53,2.12,lost,787.0,,0.8491,61,partial,60,UKF + CTRV
MVI_63554,169,0,medium,14,0.56,no_before,,,0.7143,21,partial,60,UKF + CTRV
MVI_63554,171,0,long,50,2.0,lost,807.0,,0.1,56,partial,60,UKF + CTRV
MVI_63554,174,0,short,11,0.44,no_before,,,0.3636,16,partial,60,UKF + CTRV
MVI_63554,175,0,long,59,2.36,lost,816.0,,0.7288,66,partial,60,UKF + CTRV
MVI_63554,177,0,long,51,2.04,lost,825.0,,0.098,56,partial,60,UKF + CTRV
MVI_63554,180,0,short,9,0.36,no_before,,,0.8889,16,partial,60,UKF + CTRV
MVI_63554,182,0,long,51,2.04,lost,850.0,,0.098,56,partial,60,UKF + CTRV
MVI_63554,183,0,short,8,0.32,no_before,,,0.125,21,partial,60,UKF + CTRV
MVI_63554,185,0,long,39,1.56,no_before,,,0.8205,40,partial,60,UKF + CTRV
MVI_63554,186,0,medium,18,0.72,lost,859.0,,0.1111,25,partial,60,UKF + CTRV
MVI_63554,188,0,short,11,0.44,no_before,,,0.3636,15,partial,60,UKF + CTRV
MVI_63554,189,0,medium,14,0.56,no_before,,,0.7143,31,partial,60,UKF + CTRV
MVI_63554,190,0,medium,17,0.68,no_before,,,0.4118,31,partial,60,UKF + CTRV
MVI_40131,1,0,long,61,2.44,switched,4.0,116.0,0.0,486,full,60,UKF + CTRV
MVI_40131,19,0,long,54,2.16,switched,79.0,409.0,0.0,1086,full,60,UKF + CTRV
MVI_40131,35,0,long,50,2.0,switched,260.0,437.0,0.0,456,full,60,UKF + CTRV
MVI_40171,9,0,short,1,0.04,preserved,51.0,51.0,1.0,61,full,60,UKF + CTRV
MVI_40171,9,1,short,10,0.4,preserved,51.0,51.0,0.9,61,full,60,UKF + CTRV
MVI_40171,26,0,short,3,0.12,preserved,243.0,243.0,0.6667,56,full,60,UKF + CTRV
MVI_40171,41,0,long,66,2.64,switched,197.0,315.0,0.0,1150,full,60,UKF + CTRV
MVI_40171,41,1,long,38,1.52,preserved,315.0,315.0,0.0,1150,full,60,UKF + CTRV
MVI_40171,42,0,medium,14,0.56,no_before,,,0.0,1150,full,60,UKF + CTRV
MVI_40171,42,1,short,1,0.04,no_before,,,0.0,1150,full,60,UKF + CTRV
MVI_40171,42,2,short,2,0.08,no_before,,,0.0,1150,full,60,UKF + CTRV
MVI_40171,42,3,long,772,30.88,no_before,,,0.0,1150,full,60,UKF + CTRV
MVI_40171,42,4,long,142,5.68,no_before,,,0.0,1150,full,60,UKF + CTRV
MVI_40171,43,0,long,121,4.84,no_before,,,0.0,1150,full,60,UKF + CTRV
MVI_40171,43,1,long,1012,40.48,no_before,,,0.0,1150,full,60,UKF + CTRV
MVI_40171,44,0,long,141,5.64,no_before,,,0.0,1150,full,60,UKF + CTRV
MVI_40171,44,1,long,989,39.56,no_before,,,0.0,1150,full,60,UKF + CTRV
MVI_40172,16,0,long,158,6.32,no_before,,,0.0,227,full,60,UKF + CTRV
MVI_40172,99,0,long,42,1.68,switched,2.0,56.0,0.0,2635,full,60,UKF + CTRV
MVI_40172,99,1,long,40,1.6,switched,56.0,243.0,0.0,2635,full,60,UKF + CTRV
MVI_40172,99,2,medium,15,0.6,switched,243.0,810.0,0.0,2635,full,60,UKF + CTRV
MVI_40172,100,0,long,2225,89.0,no_before,,,0.0,2635,full,60,UKF + CTRV
MVI_40172,101,0,long,1489,59.56,no_before,,,0.0,2635,full,60,UKF + CTRV
MVI_40172,101,1,long,148,5.92,no_before,,,0.0,2635,full,60,UKF + CTRV
MVI_40172,101,2,long,526,21.04,no_before,,,0.0,2635,full,60,UKF + CTRV
MVI_40172,101,3,short,2,0.08,no_before,,,0.0,2635,full,60,UKF + CTRV
MVI_40172,101,4,short,9,0.36,no_before,,,0.0,2635,full,60,UKF + CTRV
MVI_40172,101,5,medium,19,0.76,no_before,,,0.0,2635,full,60,UKF + CTRV
MVI_40172,102,0,long,395,15.8,no_before,,,0.0,2635,full,60,UKF + CTRV
MVI_40172,102,1,long,1062,42.48,no_before,,,0.0,2635,full,60,UKF + CTRV
MVI_40172,102,2,short,7,0.28,no_before,,,0.0,2635,full,60,UKF + CTRV
MVI_40172,102,3,short,1,0.04,no_before,,,0.0,2635,full,60,UKF + CTRV
MVI_40172,102,4,short,2,0.08,no_before,,,0.0,2635,full,60,UKF + CTRV
MVI_40172,102,5,long,53,2.12,no_before,,,0.0,2635,full,60,UKF + CTRV
MVI_40172,102,6,short,5,0.2,no_before,,,0.0,2635,full,60,UKF + CTRV
MVI_40172,102,7,medium,19,0.76,no_before,,,0.0,2635,full,60,UKF + CTRV
MVI_40172,102,8,long,67,2.68,no_before,,,0.0,2635,full,60,UKF + CTRV
MVI_40172,102,9,long,87,3.48,no_before,,,0.0,2635,full,60,UKF + CTRV
MVI_40172,102,10,short,2,0.08,no_before,,,0.0,2635,full,60,UKF + CTRV
MVI_40172,102,11,long,95,3.8,no_before,,,0.0,2635,full,60,UKF + CTRV
MVI_40172,105,0,long,47,1.88,preserved,3.0,3.0,0.0,2635,full,60,UKF + CTRV
MVI_40172,105,1,long,42,1.68,switched,3.0,230.0,0.0,2635,full,60,UKF + CTRV
MVI_40172,105,2,short,7,0.28,no_before,,,0.0,2635,full,60,UKF + CTRV
MVI_40172,105,3,medium,20,0.8,switched,437.0,817.0,0.0,2635,full,60,UKF + CTRV
MVI_40204,15,0,short,1,0.04,lost,25.0,,0.0,136,full,60,UKF + CTRV
MVI_40204,35,0,medium,21,0.84,no_before,,,0.0,131,full,60,UKF + CTRV
MVI_40204,35,1,short,9,0.36,no_before,,,0.0,131,full,60,UKF + CTRV
MVI_40204,51,0,short,3,0.12,preserved,368.0,368.0,0.0,131,full,60,UKF + CTRV
MVI_40204,51,1,short,6,0.24,lost,368.0,,0.1667,131,full,60,UKF + CTRV
MVI_40204,51,2,short,1,0.04,lost,368.0,,0.0,131,full,60,UKF + CTRV
MVI_40204,60,0,short,1,0.04,lost,307.0,,0.0,131,full,60,UKF + CTRV
MVI_40204,60,1,short,1,0.04,no_before,,,0.0,131,full,60,UKF + CTRV
MVI_40204,65,0,short,3,0.12,no_before,,,0.0,141,full,60,UKF + CTRV
MVI_40204,71,0,medium,16,0.64,lost,536.0,,0.0,116,full,60,UKF + CTRV
MVI_40204,71,1,short,1,0.04,no_before,,,0.0,116,full,60,UKF + CTRV
MVI_40204,81,0,short,9,0.36,no_before,,,0.0,141,full,60,UKF + CTRV
MVI_40204,81,1,short,3,0.12,no_before,,,0.0,141,full,60,UKF + CTRV
MVI_40204,85,0,short,12,0.48,lost,722.0,,0.0,141,full,60,UKF + CTRV
MVI_40204,85,1,short,7,0.28,lost,722.0,,0.0,141,full,60,UKF + CTRV
MVI_40204,88,0,short,2,0.08,lost,740.0,,0.0,146,full,60,UKF + CTRV
MVI_40204,88,1,short,1,0.04,lost,740.0,,0.0,146,full,60,UKF + CTRV
MVI_40204,88,2,short,1,0.04,lost,740.0,,0.0,146,full,60,UKF + CTRV
MVI_40204,90,0,short,8,0.32,preserved,675.0,675.0,0.75,146,full,60,UKF + CTRV
MVI_40204,90,1,short,4,0.16,preserved,675.0,675.0,0.75,146,full,60,UKF + CTRV
MVI_40204,90,2,short,1,0.04,lost,675.0,,1.0,146,full,60,UKF + CTRV
MVI_40204,90,3,short,1,0.04,lost,675.0,,0.0,146,full,60,UKF + CTRV
MVI_40204,90,4,medium,18,0.72,lost,675.0,,0.0,146,full,60,UKF + CTRV
MVI_40204,98,0,long,53,2.12,lost,712.0,,0.0,156,full,60,UKF + CTRV
MVI_40204,108,0,short,1,0.04,preserved,799.0,799.0,0.0,151,full,60,UKF + CTRV
MVI_40204,116,0,short,1,0.04,no_before,,,0.0,146,full,60,UKF + CTRV
MVI_40204,116,1,short,1,0.04,no_before,,,0.0,146,full,60,UKF + CTRV
MVI_40204,128,0,short,10,0.4,lost,966.0,,0.0,131,full,60,UKF + CTRV
MVI_40204,129,0,short,1,0.04,no_before,,,0.0,156,full,60,UKF + CTRV
MVI_40204,129,1,short,2,0.08,no_before,,,0.0,156,full,60,UKF + CTRV
MVI_40204,162,0,short,1,0.04,no_before,,,0.0,151,full,60,UKF + CTRV
MVI_40204,162,1,short,1,0.04,no_before,,,0.0,151,full,60,UKF + CTRV
MVI_40204,162,2,short,2,0.08,no_before,,,0.0,151,full,60,UKF + CTRV
MVI_40204,162,3,medium,14,0.56,no_before,,,0.0,151,full,60,UKF + CTRV
MVI_40204,165,0,short,6,0.24,switched,1405.0,1464.0,0.0,145,full,60,UKF + CTRV
MVI_40204,168,0,short,1,0.04,preserved,1449.0,1449.0,1.0,120,full,60,UKF + CTRV
MVI_40751,2,0,long,47,1.88,switched,1.0,28.0,0.0,1140,full,60,UKF + CTRV
MVI_40751,21,0,short,12,0.48,lost,325.0,,0.0,625,full,60,UKF + CTRV
MVI_40751,21,1,short,4,0.16,lost,325.0,,0.0,625,full,60,UKF + CTRV
MVI_40751,21,2,short,4,0.16,no_before,,,0.0,625,full,60,UKF + CTRV
MVI_40751,21,3,short,3,0.12,no_before,,,0.0,625,full,60,UKF + CTRV
MVI_40751,21,4,short,2,0.08,no_before,,,0.0,625,full,60,UKF + CTRV
MVI_40751,21,5,short,4,0.16,no_before,,,0.0,625,full,60,UKF + CTRV
MVI_40751,21,6,short,4,0.16,no_before,,,0.0,625,full,60,UKF + CTRV
MVI_63554,4,0,short,3,0.12,no_before,,,0.0,26,full,60,UKF + CTRV
MVI_63554,4,1,short,6,0.24,no_before,,,0.0,26,full,60,UKF + CTRV
MVI_63554,8,0,short,2,0.08,no_before,,,0.0,16,full,60,UKF + CTRV
MVI_63554,9,0,medium,35,1.4,lost,16.0,,0.0,61,full,60,UKF + CTRV
MVI_63554,20,0,short,1,0.04,lost,68.0,,0.0,66,full,60,UKF + CTRV
MVI_63554,25,0,medium,19,0.76,lost,87.0,,0.0,56,full,60,UKF + CTRV
MVI_63554,32,0,long,57,2.28,lost,138.0,,0.0,71,full,60,UKF + CTRV
MVI_63554,36,0,long,49,1.96,lost,170.0,,0.0,66,full,60,UKF + CTRV
MVI_63554,42,0,short,1,0.04,no_before,,,0.0,16,full,60,UKF + CTRV
MVI_63554,43,0,long,55,2.2,lost,198.0,,0.0,71,full,60,UKF + CTRV
MVI_63554,56,0,medium,30,1.2,no_before,,,0.0,51,full,60,UKF + CTRV
MVI_63554,56,1,short,9,0.36,no_before,,,0.0,51,full,60,UKF + CTRV
MVI_63554,61,0,short,1,0.04,no_before,,,0.0,66,full,60,UKF + CTRV
MVI_63554,61,1,short,6,0.24,no_before,,,0.0,66,full,60,UKF + CTRV
MVI_63554,64,0,medium,37,1.48,lost,316.0,,0.0,46,full,60,UKF + CTRV
MVI_63554,68,0,long,51,2.04,lost,344.0,,0.0,66,full,60,UKF + CTRV
MVI_63554,77,0,medium,20,0.8,lost,371.0,,0.0,61,full,60,UKF + CTRV
MVI_63554,79,0,short,9,0.36,switched,378.0,401.0,0.2222,71,full,60,UKF + CTRV
MVI_63554,82,0,long,47,1.88,lost,382.0,,0.0,56,full,60,UKF + CTRV
MVI_63554,83,0,short,5,0.2,no_before,,,0.0,21,full,60,UKF + CTRV
MVI_63554,86,0,long,43,1.72,no_before,,,0.0,56,full,60,UKF + CTRV
MVI_63554,88,0,short,3,0.12,no_before,,,0.0,16,full,60,UKF + CTRV
MVI_63554,92,0,medium,14,0.56,switched,426.0,444.0,0.0,56,full,60,UKF + CTRV
MVI_63554,92,1,short,8,0.32,switched,426.0,444.0,0.0,56,full,60,UKF + CTRV
MVI_63554,96,0,short,4,0.16,no_before,,,0.0,26,full,60,UKF + CTRV
MVI_63554,101,0,long,42,1.68,lost,483.0,,0.0,51,full,60,UKF + CTRV
MVI_63554,108,0,long,39,1.56,no_before,,,0.0,51,full,60,UKF + CTRV
MVI_63554,115,0,short,3,0.12,lost,553.0,,0.0,61,full,60,UKF + CTRV
MVI_63554,115,1,short,9,0.36,lost,553.0,,0.0,61,full,60,UKF + CTRV
MVI_63554,116,0,short,2,0.08,no_before,,,0.0,26,full,60,UKF + CTRV
MVI_63554,120,0,short,4,0.16,no_before,,,0.0,26,full,60,UKF + CTRV
MVI_63554,124,0,medium,24,0.96,lost,603.0,,0.0,61,full,60,UKF + CTRV
MVI_63554,124,1,medium,19,0.76,lost,603.0,,0.0,61,full,60,UKF + CTRV
MVI_63554,129,0,short,2,0.08,no_before,,,0.0,21,full,60,UKF + CTRV
MVI_63554,137,0,short,3,0.12,no_before,,,0.0,16,full,60,UKF + CTRV
MVI_63554,147,0,medium,28,1.12,lost,701.0,,0.0,46,full,60,UKF + CTRV
MVI_63554,151,0,short,1,0.04,no_before,,,0.0,21,full,60,UKF + CTRV
MVI_63554,153,0,short,2,0.08,no_before,,,0.0,20,full,60,UKF + CTRV
MVI_63554,155,0,medium,19,0.76,lost,724.0,,0.0,56,full,60,UKF + CTRV
MVI_63554,165,0,medium,20,0.8,lost,762.0,,0.0,56,full,60,UKF + CTRV
MVI_63554,165,1,medium,22,0.88,lost,762.0,,0.0,56,full,60,UKF + CTRV
MVI_63554,171,0,medium,33,1.32,lost,807.0,,0.0,56,full,60,UKF + CTRV
MVI_63554,174,0,short,2,0.08,no_before,,,0.0,16,full,60,UKF + CTRV
MVI_63554,177,0,medium,13,0.52,no_before,,,0.0,56,full,60,UKF + CTRV
MVI_63554,182,0,long,38,1.52,lost,850.0,,0.0,56,full,60,UKF + CTRV
MVI_40131,1,0,long,120,4.8,switched,4.0,115.0,0.2583,486,partial,90,KF + CV
MVI_40131,12,0,long,81,3.24,no_before,,,0.4938,326,partial,90,KF + CV
MVI_40131,16,0,long,52,2.08,switched,70.0,92.0,0.1923,256,partial,90,KF + CV
MVI_40131,16,1,medium,22,0.88,preserved,92.0,92.0,1.0,256,partial,90,KF + CV
MVI_40131,17,0,long,64,2.56,no_before,,,0.375,171,partial,90,KF + CV
MVI_40131,19,0,medium,19,0.76,preserved,79.0,79.0,0.4211,1086,partial,90,KF + CV
MVI_40131,19,1,long,114,4.56,switched,79.0,407.0,0.2368,1086,partial,90,KF + CV
MVI_40131,19,2,medium,18,0.72,preserved,407.0,407.0,1.0,1086,partial,90,KF + CV
MVI_40131,19,3,short,6,0.24,preserved,407.0,407.0,1.0,1086,partial,90,KF + CV
MVI_40131,19,4,medium,13,0.52,preserved,496.0,496.0,1.0,1086,partial,90,KF + CV
MVI_40131,19,5,long,72,2.88,preserved,496.0,496.0,1.0,1086,partial,90,KF + CV
MVI_40131,19,6,medium,29,1.16,preserved,496.0,496.0,1.0,1086,partial,90,KF + CV
MVI_40131,20,0,short,5,0.2,no_before,,,0.0,406,partial,90,KF + CV
MVI_40131,20,1,long,62,2.48,no_before,,,0.0968,406,partial,90,KF + CV
MVI_40131,20,2,short,7,0.28,preserved,110.0,110.0,1.0,406,partial,90,KF + CV
MVI_40131,23,0,medium,25,1.0,no_before,,,0.24,226,partial,90,KF + CV
MVI_40131,25,0,long,177,7.08,switched,153.0,196.0,0.9209,321,partial,90,KF + CV
MVI_40131,26,0,long,84,3.36,preserved,172.0,172.0,0.6667,231,partial,90,KF + CV
MVI_40131,29,0,long,102,4.08,switched,242.0,424.0,0.9216,816,partial,90,KF + CV
MVI_40131,30,0,short,9,0.36,preserved,213.0,213.0,1.0,296,partial,90,KF + CV
MVI_40131,30,1,long,51,2.04,preserved,213.0,213.0,0.902,296,partial,90,KF + CV
MVI_40131,31,0,medium,24,0.96,no_before,,,0.0,221,partial,90,KF + CV
MVI_40131,31,1,short,8,0.32,no_before,,,0.0,221,partial,90,KF + CV
MVI_40131,34,0,long,65,2.6,no_before,,,0.8769,281,partial,90,KF + CV
MVI_40131,35,0,long,97,3.88,switched,262.0,436.0,0.2784,456,partial,90,KF + CV
MVI_40131,35,1,medium,26,1.04,preserved,436.0,436.0,1.0,456,partial,90,KF + CV
MVI_40131,36,0,medium,29,1.16,no_before,,,0.6207,226,partial,90,KF + CV
MVI_40131,37,0,long,210,8.4,no_before,,,0.2381,421,partial,90,KF + CV
MVI_40131,37,1,medium,33,1.32,preserved,472.0,472.0,1.0,421,partial,90,KF + CV
MVI_40131,38,0,long,51,2.04,preserved,341.0,341.0,0.7451,306,partial,90,KF + CV
MVI_40131,39,0,long,100,4.0,no_before,,,0.85,241,partial,90,KF + CV
MVI_40131,39,1,long,55,2.2,preserved,330.0,330.0,1.0,241,partial,90,KF + CV
MVI_40131,40,0,long,119,4.76,no_before,,,0.7899,366,partial,90,KF + CV
MVI_40131,40,1,short,11,0.44,preserved,451.0,451.0,1.0,366,partial,90,KF + CV
MVI_40131,40,3,medium,15,0.6,preserved,451.0,451.0,1.0,366,partial,90,KF + CV
MVI_40131,40,4,short,8,0.32,preserved,451.0,451.0,1.0,366,partial,90,KF + CV
MVI_40131,41,0,long,43,1.72,no_before,,,0.6047,281,partial,90,KF + CV
MVI_40131,45,0,medium,25,1.0,no_before,,,0.2,206,partial,90,KF + CV
MVI_40131,60,0,medium,22,0.88,lost,706.0,,0.7273,116,partial,90,KF + CV
MVI_40131,62,0,medium,26,1.04,lost,722.0,,0.9231,95,partial,90,KF + CV
MVI_40131,65,0,long,60,2.4,no_before,,,0.0,60,partial,90,KF + CV
MVI_40171,1,0,medium,26,1.04,no_before,,,1.0,26,partial,90,KF + CV
MVI_40171,6,0,long,41,1.64,preserved,21.0,21.0,0.9512,71,partial,90,KF + CV
MVI_40171,7,0,long,56,2.24,no_before,,,0.3036,56,partial,90,KF + CV
MVI_40171,8,0,short,12,0.48,no_before,,,0.0,726,partial,90,KF + CV
MVI_40171,8,1,short,11,0.44,preserved,44.0,44.0,0.0,726,partial,90,KF + CV
MVI_40171,8,3,medium,26,1.04,preserved,44.0,44.0,1.0,726,partial,90,KF + CV
MVI_40171,8,4,medium,25,1.0,preserved,44.0,44.0,1.0,726,partial,90,KF + CV
MVI_40171,8,5,medium,18,0.72,preserved,44.0,44.0,1.0,726,partial,90,KF + CV
MVI_40171,8,6,short,12,0.48,preserved,44.0,44.0,1.0,726,partial,90,KF + CV
MVI_40171,8,7,medium,32,1.28,switched,44.0,57.0,1.0,726,partial,90,KF + CV
MVI_40171,8,8,medium,28,1.12,preserved,44.0,44.0,1.0,726,partial,90,KF + CV
MVI_40171,8,9,medium,16,0.64,preserved,44.0,44.0,1.0,726,partial,90,KF + CV
MVI_40171,9,1,short,10,0.4,preserved,29.0,29.0,0.9,61,partial,90,KF + CV
MVI_40171,11,0,medium,27,1.08,preserved,56.0,56.0,1.0,91,partial,90,KF + CV
MVI_40171,12,0,long,61,2.44,no_before,,,0.459,61,partial,90,KF + CV
MVI_40171,14,0,medium,31,1.24,switched,88.0,96.0,0.7742,86,partial,90,KF + CV
MVI_40171,15,0,long,66,2.64,no_before,,,0.5152,66,partial,90,KF + CV
MVI_40171,16,0,long,61,2.44,no_before,,,0.8361,61,partial,90,KF + CV
MVI_40171,17,0,short,11,0.44,no_before,,,0.2727,76,partial,90,KF + CV
MVI_40171,18,0,long,209,8.36,preserved,148.0,148.0,0.11,786,partial,90,KF + CV
MVI_40171,18,1,short,11,0.44,preserved,148.0,148.0,0.7273,786,partial,90,KF + CV
MVI_40171,18,2,short,4,0.16,preserved,148.0,148.0,1.0,786,partial,90,KF + CV
MVI_40171,18,3,short,4,0.16,preserved,148.0,148.0,0.5,786,partial,90,KF + CV
MVI_40171,18,4,short,4,0.16,preserved,148.0,148.0,1.0,786,partial,90,KF + CV
MVI_40171,19,0,long,61,2.44,no_before,,,0.8361,61,partial,90,KF + CV
MVI_40171,22,0,long,69,2.76,lost,163.0,,0.7826,71,partial,90,KF + CV
MVI_40171,23,0,long,62,2.48,preserved,181.0,181.0,0.8387,66,partial,90,KF + CV
MVI_40171,25,0,long,66,2.64,no_before,,,0.7424,66,partial,90,KF + CV
MVI_40171,26,0,long,47,1.88,no_before,,,0.7872,56,partial,90,KF + CV
MVI_40171,27,0,medium,30,1.2,no_before,,,0.3667,76,partial,90,KF + CV
MVI_40171,28,0,medium,21,0.84,no_before,,,0.7619,76,partial,90,KF + CV
MVI_40171,29,0,long,53,2.12,no_before,,,0.7547,56,partial,90,KF + CV
MVI_40171,31,0,medium,26,1.04,preserved,273.0,273.0,1.0,96,partial,90,KF + CV
MVI_40171,34,0,long,66,2.64,lost,309.0,,0.8788,71,partial,90,KF + CV
MVI_40171,35,0,long,62,2.48,switched,316.0,320.0,0.9516,76,partial,90,KF + CV
MVI_40171,36,0,long,66,2.64,no_before,,,0.6364,66,partial,90,KF + CV
MVI_40171,38,0,short,8,0.32,no_before,,,0.0,185,partial,90,KF + CV
MVI_40171,39,0,long,70,2.8,lost,354.0,,0.7571,71,partial,90,KF + CV
MVI_40171,40,0,medium,23,0.92,lost,375.0,,1.0,45,partial,90,KF + CV
MVI_40171,41,0,long,99,3.96,switched,6.0,292.0,0.101,1150,partial,90,KF + CV
MVI_40171,41,1,long,52,2.08,preserved,292.0,292.0,0.0769,1150,partial,90,KF + CV
MVI_40171,42,0,long,1150,46.0,no_before,,,0.0,1150,partial,90,KF + CV
MVI_40171,43,0,long,1150,46.0,no_before,,,0.0,1150,partial,90,KF + CV
MVI_40171,44,0,long,1150,46.0,no_before,,,0.0,1150,partial,90,KF + CV
MVI_40172,16,0,long,180,7.2,no_before,,,0.0111,227,partial,90,KF + CV
MVI_40172,35,0,long,39,1.56,no_before,,,0.8718,46,partial,90,KF + CV
MVI_40172,36,0,medium,37,1.48,no_before,,,0.973,41,partial,90,KF + CV
MVI_40172,40,0,medium,29,1.16,preserved,517.0,517.0,0.5517,71,partial,90,KF + CV
MVI_40172,41,0,long,39,1.56,lost,520.0,,0.4615,41,partial,90,KF + CV
MVI_40172,47,0,long,48,1.92,lost,550.0,,0.8958,51,partial,90,KF + CV
MVI_40172,50,0,long,51,2.04,no_before,,,0.7451,51,partial,90,KF + CV
MVI_40172,51,0,short,10,0.4,switched,563.0,566.0,0.5,81,partial,90,KF + CV
MVI_40172,56,0,medium,28,1.12,lost,595.0,,1.0,61,partial,90,KF + CV
MVI_40172,57,0,medium,37,1.48,preserved,601.0,601.0,1.0,51,partial,90,KF + CV
MVI_40172,60,0,long,44,1.76,preserved,615.0,615.0,0.7955,66,partial,90,KF + CV
MVI_40172,61,0,medium,13,0.52,preserved,616.0,616.0,1.0,36,partial,90,KF + CV
MVI_40172,63,0,long,46,1.84,no_before,,,0.7391,46,partial,90,KF + CV
MVI_40172,65,0,medium,29,1.16,switched,634.0,657.0,0.4483,46,partial,90,KF + CV
MVI_40172,67,0,medium,31,1.24,no_before,,,0.6774,41,partial,90,KF + CV
MVI_40172,79,0,long,114,4.56,no_before,,,0.0526,201,partial,90,KF + CV
MVI_40172,95,0,long,40,1.6,lost,833.0,,0.85,41,partial,90,KF + CV
MVI_40172,96,0,long,50,2.0,no_before,,,0.88,50,partial,90,KF + CV
MVI_40172,99,0,long,50,2.0,switched,2.0,57.0,0.12,2635,partial,90,KF + CV
MVI_40172,99,1,long,74,2.96,switched,67.0,243.0,0.0811,2635,partial,90,KF + CV
MVI_40172,99,2,long,40,1.6,switched,243.0,800.0,0.125,2635,partial,90,KF + CV
MVI_40172,100,0,long,2635,105.4,no_before,,,0.0,2635,partial,90,KF + CV
MVI_40172,101,0,long,2635,105.4,no_before,,,0.0,2635,partial,90,KF + CV
MVI_40172,102,0,long,2635,105.4,no_before,,,0.0,2635,partial,90,KF + CV
MVI_40172,105,0,long,52,2.08,preserved,3.0,3.0,0.0385,2635,partial,90,KF + CV
MVI_40172,105,1,long,45,1.8,switched,3.0,230.0,0.0222,2635,partial,90,KF + CV
MVI_40172,105,2,medium,21,0.84,no_before,,,0.0,2635,partial,90,KF + CV
MVI_40172,105,3,long,39,1.56,switched,514.0,807.0,0.2051,2635,partial,90,KF + CV
MVI_40204,6,0,long,86,3.44,no_before,,,0.2442,86,partial,90,KF + CV
MVI_40204,9,0,long,66,2.64,no_before,,,0.0,66,partial,90,KF + CV
MVI_40204,10,0,medium,32,1.28,lost,9.0,,0.4062,76,partial,90,KF + CV
MVI_40204,11,0,medium,31,1.24,switched,11.0,69.0,0.3871,66,partial,90,KF + CV
MVI_40204,12,0,medium,16,0.64,no_before,,,0.375,16,partial,90,KF + CV
MVI_40204,15,0,long,136,5.44,no_before,,,0.6691,136,partial,90,KF + CV
MVI_40204,27,0,long,111,4.44,no_before,,,0.7928,111,partial,90,KF + CV
MVI_40204,30,0,long,71,2.84,lost,129.0,,0.1831,141,partial,90,KF + CV
MVI_40204,34,0,short,3,0.12,preserved,140.0,140.0,0.6667,116,partial,90,KF + CV
MVI_40204,34,1,medium,25,1.0,lost,140.0,,0.2,116,partial,90,KF + CV
MVI_40204,34,2,medium,25,1.0,lost,140.0,,0.0,116,partial,90,KF + CV
MVI_40204,35,0,long,131,5.24,no_before,,,0.3511,131,partial,90,KF + CV
MVI_40204,36,0,long,52,2.08,lost,147.0,,0.0,116,partial,90,KF + CV
MVI_40204,39,0,medium,22,0.88,lost,217.0,,0.0,111,partial,90,KF + CV
MVI_40204,40,0,long,39,1.56,lost,166.0,,0.0,151,partial,90,KF + CV
MVI_40204,46,0,long,141,5.64,no_before,,,0.6596,141,partial,90,KF + CV
MVI_40204,49,0,long,46,1.84,preserved,221.0,221.0,0.7391,151,partial,90,KF + CV
MVI_40204,50,0,long,121,4.84,no_before,,,0.3636,121,partial,90,KF + CV
MVI_40204,51,0,long,131,5.24,no_before,,,0.3282,131,partial,90,KF + CV
MVI_40204,52,0,short,2,0.08,preserved,240.0,240.0,1.0,131,partial,90,KF + CV
MVI_40204,60,0,long,131,5.24,no_before,,,0.3282,131,partial,90,KF + CV
MVI_40204,63,0,long,39,1.56,switched,350.0,399.0,0.5897,141,partial,90,KF + CV
MVI_40204,64,0,long,130,5.2,no_before,,,0.5615,131,partial,90,KF + CV
MVI_40204,65,0,long,141,5.64,no_before,,,0.1064,141,partial,90,KF + CV
MVI_40204,67,0,long,58,2.32,lost,420.0,,0.0517,131,partial,90,KF + CV
MVI_40204,68,0,medium,15,0.6,lost,445.0,,0.0,126,partial,90,KF + CV
MVI_40204,71,0,long,116,4.64,no_before,,,0.1983,116,partial,90,KF + CV
MVI_40204,72,0,medium,33,1.32,preserved,493.0,493.0,1.0,141,partial,90,KF + CV
MVI_40204,73,0,long,136,5.44,no_before,,,0.3088,136,partial,90,KF + CV
MVI_40204,74,0,long,116,4.64,no_before,,,0.4569,116,partial,90,KF + CV
MVI_40204,78,0,medium,19,0.76,lost,549.0,,0.2632,131,partial,90,KF + CV
MVI_40204,81,0,long,141,5.64,no_before,,,0.2979,141,partial,90,KF + CV
MVI_40204,82,0,short,8,0.32,preserved,584.0,584.0,1.0,136,partial,90,KF + CV
MVI_40204,82,1,long,40,1.6,lost,584.0,,0.825,136,partial,90,KF + CV
MVI_40204,85,0,long,141,5.64,no_before,,,0.5319,141,partial,90,KF + CV
MVI_40204,86,0,long,114,4.56,lost,630.0,,0.2982,136,partial,90,KF + CV
MVI_40204,88,0,long,146,5.84,no_before,,,0.137,146,partial,90,KF + CV
MVI_40204,90,0,long,146,5.84,no_before,,,0.6849,146,partial,90,KF + CV
MVI_40204,92,0,long,41,1.64,no_before,,,0.9512,156,partial,90,KF + CV
MVI_40204,93,0,long,112,4.48,lost,681.0,,0.5089,131,partial,90,KF + CV
MVI_40204,96,0,long,82,3.28,switched,697.0,804.0,0.7073,161,partial,90,KF + CV
MVI_40204,98,0,long,156,6.24,no_before,,,0.5705,156,partial,90,KF + CV
MVI_40204,99,0,short,11,0.44,no_before,,,0.8182,151,partial,90,KF + CV
MVI_40204,106,0,long,51,2.04,no_before,,,0.6275,126,partial,90,KF + CV
MVI_40204,106,1,long,70,2.8,lost,810.0,,0.4,126,partial,90,KF + CV
MVI_40204,108,0,long,151,6.04,no_before,,,0.4238,151,partial,90,KF + CV
MVI_40204,110,0,long,75,3.0,lost,815.0,,0.1733,131,partial,90,KF + CV
MVI_40204,112,0,long,40,1.6,no_before,,,0.0,146,partial,90,KF + CV
MVI_40204,115,0,long,71,2.84,preserved,845.0,845.0,0.8169,151,partial,90,KF + CV
MVI_40204,115,1,short,4,0.16,lost,845.0,,0.0,151,partial,90,KF + CV
MVI_40204,116,0,long,146,5.84,no_before,,,0.0,146,partial,90,KF + CV
MVI_40204,117,0,medium,31,1.24,lost,854.0,,0.2581,141,partial,90,KF + CV
MVI_40204,117,1,short,9,0.36,lost,854.0,,0.0,141,partial,90,KF + CV
MVI_40204,119,0,long,66,2.64,lost,863.0,,0.1061,151,partial,90,KF + CV
MVI_40204,120,0,long,62,2.48,lost,894.0,,0.6452,156,partial,90,KF + CV
MVI_40204,121,0,medium,21,0.84,no_before,,,0.9524,156,partial,90,KF + CV
MVI_40204,122,0,long,141,5.64,no_before,,,0.1135,141,partial,90,KF + CV
MVI_40204,126,0,long,43,1.72,switched,941.0,1069.0,0.5116,166,partial,90,KF + CV
MVI_40204,126,1,short,4,0.16,lost,1069.0,,0.0,166,partial,90,KF + CV
MVI_40204,127,0,short,5,0.2,no_before,,,0.4,161,partial,90,KF + CV
MVI_40204,128,0,medium,18,0.72,preserved,940.0,940.0,1.0,131,partial,90,KF + CV
MVI_40204,128,1,long,98,3.92,lost,940.0,,0.2959,131,partial,90,KF + CV
MVI_40204,129,0,long,156,6.24,no_before,,,0.2564,156,partial,90,KF + CV
MVI_40204,133,0,long,53,2.12,lost,991.0,,0.283,106,partial,90,KF + CV
MVI_40204,135,0,long,75,3.0,lost,1006.0,,0.1333,141,partial,90,KF + CV
MVI_40204,137,0,long,63,2.52,lost,1037.0,,0.2857,126,partial,90,KF + CV
MVI_40204,138,0,short,7,0.28,lost,1205.0,,0.0,166,partial,90,KF + CV
MVI_40204,142,0,long,145,5.8,no_before,,,0.8345,146,partial,90,KF + CV
MVI_40204,145,0,long,146,5.84,no_before,,,0.5411,161,partial,90,KF + CV
MVI_40204,148,0,long,110,4.4,lost,1030.0,,0.3091,151,partial,90,KF + CV
MVI_40204,149,0,long,72,2.88,lost,1151.0,,0.1389,161,partial,90,KF + CV
MVI_40204,150,0,long,146,5.84,no_before,,,0.7192,146,partial,90,KF + CV
MVI_40204,153,0,long,129,5.16,lost,1171.0,,0.4651,171,partial,90,KF + CV
MVI_40204,154,0,medium,28,1.12,no_before,,,0.5714,166,partial,90,KF + CV
MVI_40204,158,0,medium,31,1.24,no_before,,,0.0,175,partial,90,KF + CV
MVI_40204,161,0,medium,22,0.88,no_before,,,0.8636,170,partial,90,KF + CV
MVI_40204,161,1,long,67,2.68,lost,1229.0,,0.1642,170,partial,90,KF + CV
MVI_40204,162,0,long,151,6.04,no_before,,,0.0199,151,partial,90,KF + CV
MVI_40204,165,1,long,139,5.56,lost,1258.0,,0.6259,145,partial,90,KF + CV
MVI_40204,168,0,long,120,4.8,no_before,,,0.725,120,partial,90,KF + CV
MVI_40204,173,0,long,65,2.6,no_before,,,0.9692,65,partial,90,KF + CV
MVI_40204,177,0,medium,20,0.8,no_before,,,0.6,20,partial,90,KF + CV
MVI_40751,2,0,long,72,2.88,switched,1.0,28.0,0.0833,1140,partial,90,KF + CV
MVI_40751,2,1,long,175,7.0,switched,28.0,346.0,0.6514,1140,partial,90,KF + CV
MVI_40751,2,2,short,9,0.36,preserved,346.0,346.0,1.0,1140,partial,90,KF + CV
MVI_40751,2,3,short,6,0.24,preserved,346.0,346.0,1.0,1140,partial,90,KF + CV
MVI_40751,2,4,long,410,16.4,preserved,346.0,346.0,1.0,1140,partial,90,KF + CV
MVI_40751,3,0,long,58,2.32,no_before,,,0.9655,81,partial,90,KF + CV
MVI_40751,4,1,long,46,1.84,preserved,2.0,2.0,1.0,141,partial,90,KF + CV
MVI_40751,5,0,medium,19,0.76,no_before,,,0.0,146,partial,90,KF + CV
MVI_40751,7,0,medium,19,0.76,no_before,,,0.0,186,partial,90,KF + CV
MVI_40751,7,1,medium,14,0.56,preserved,64.0,64.0,1.0,186,partial,90,KF + CV
MVI_40751,7,3,long,97,3.88,preserved,64.0,64.0,1.0,186,partial,90,KF + CV
MVI_40751,8,1,short,4,0.16,preserved,148.0,148.0,1.0,920,partial,90,KF + CV
MVI_40751,8,2,short,5,0.2,preserved,148.0,148.0,1.0,920,partial,90,KF + CV
MVI_40751,8,3,short,10,0.4,preserved,148.0,148.0,1.0,920,partial,90,KF + CV
MVI_40751,8,4,medium,24,0.96,preserved,148.0,148.0,1.0,920,partial,90,KF + CV
MVI_40751,8,5,long,591,23.64,lost,148.0,,0.7783,920,partial,90,KF + CV
MVI_40751,9,0,medium,34,1.36,preserved,141.0,141.0,1.0,96,partial,90,KF + CV
MVI_40751,11,0,medium,32,1.28,no_before,,,0.4062,156,partial,90,KF + CV
MVI_40751,11,1,long,89,3.56,preserved,164.0,164.0,0.9663,156,partial,90,KF + CV
MVI_40751,15,0,long,223,8.92,lost,170.0,,1.0,775,partial,90,KF + CV
MVI_40751,21,0,short,5,0.2,no_before,,,0.0,625,partial,90,KF + CV
MVI_40751,21,1,long,612,24.48,lost,302.0,,0.0294,625,partial,90,KF + CV
MVI_40751,23,0,short,11,0.44,preserved,332.0,332.0,1.0,66,partial,90,KF + CV
MVI_40751,23,1,short,4,0.16,preserved,332.0,332.0,1.0,66,partial,90,KF + CV
MVI_40751,28,0,short,3,0.12,preserved,409.0,409.0,1.0,405,partial,90,KF + CV
MVI_40751,28,1,medium,15,0.6,preserved,409.0,409.0,1.0,405,partial,90,KF + CV
MVI_40751,29,0,medium,23,0.92,preserved,426.0,426.0,1.0,370,partial,90,KF + CV
MVI_40751,31,0,long,41,1.64,no_before,,,0.7073,43,partial,90,KF + CV
MVI_40751,32,0,long,172,6.88,switched,450.0,483.0,0.8721,266,partial,90,KF + CV
MVI_40751,33,0,medium,14,0.56,preserved,463.0,463.0,1.0,270,partial,90,KF + CV
MVI_40751,35,0,medium,23,0.92,lost,492.0,,1.0,156,partial,90,KF + CV
MVI_40751,36,0,long,77,3.08,lost,502.0,,1.0,195,partial,90,KF + CV
MVI_40751,38,0,medium,13,0.52,preserved,520.0,520.0,1.0,140,partial,90,KF + CV
MVI_40751,38,1,long,49,1.96,lost,520.0,,1.0,140,partial,90,KF + CV
MVI_40751,41,0,long,45,1.8,no_before,,,0.3111,45,partial,90,KF + CV
MVI_63554,3,0,short,11,0.44,no_before,,,0.6364,11,partial,90,KF + CV
MVI_63554,4,0,medium,26,1.04,no_before,,,0.0,26,partial,90,KF + CV
MVI_63554,5,0,long,40,1.6,no_before,,,0.925,41,partial,90,KF + CV
MVI_63554,8,0,medium,13,0.52,no_before,,,0.3846,16,partial,90,KF + CV
MVI_63554,9,0,long,55,2.2,lost,16.0,,0.0727,61,partial,90,KF + CV
MVI_63554,11,0,long,52,2.08,lost,30.0,,0.0577,61,partial,90,KF + CV
MVI_63554,13,0,medium,16,0.64,no_before,,,0.25,26,partial,90,KF + CV
MVI_63554,15,0,long,65,2.6,lost,46.0,,0.9538,76,partial,90,KF + CV
MVI_63554,19,0,long,62,2.48,switched,67.0,75.0,0.8548,81,partial,90,KF + CV
MVI_63554,20,0,long,57,2.28,lost,69.0,,0.0,66,partial,90,KF + CV
MVI_63554,22,0,long,61,2.44,no_before,,,0.3607,61,partial,90,KF + CV
MVI_63554,23,0,long,45,1.8,switched,83.0,88.0,0.7111,81,partial,90,KF + CV
MVI_63554,24,0,short,11,0.44,no_before,,,0.1818,21,partial,90,KF + CV
MVI_63554,25,0,long,51,2.04,lost,88.0,,0.1176,56,partial,90,KF + CV
MVI_63554,30,0,long,74,2.96,lost,135.0,,0.1486,81,partial,90,KF + CV
MVI_63554,31,0,long,76,3.04,no_before,,,0.5132,76,partial,90,KF + CV
MVI_63554,32,0,long,64,2.56,lost,140.0,,0.0938,71,partial,90,KF + CV
MVI_63554,33,0,long,45,1.8,lost,94.0,,0.9556,81,partial,90,KF + CV
MVI_63554,35,0,medium,16,0.64,no_before,,,0.8125,86,partial,90,KF + CV
MVI_63554,36,0,long,59,2.36,lost,170.0,,0.0678,66,partial,90,KF + CV
MVI_63554,41,0,medium,25,1.0,lost,197.0,,0.56,91,partial,90,KF + CV
MVI_63554,42,0,short,11,0.44,no_before,,,0.1818,16,partial,90,KF + CV
MVI_63554,43,0,long,62,2.48,lost,201.0,,0.0645,71,partial,90,KF + CV
MVI_63554,44,0,long,64,2.56,lost,205.0,,0.7812,71,partial,90,KF + CV
MVI_63554,47,0,long,59,2.36,lost,212.0,,0.1356,66,partial,90,KF + CV
MVI_63554,49,0,long,54,2.16,lost,224.0,,0.8333,81,partial,90,KF + CV
MVI_63554,50,0,long,63,2.52,lost,226.0,,0.2222,71,partial,90,KF + CV
MVI_63554,51,0,short,11,0.44,no_before,,,0.0,21,partial,90,KF + CV
MVI_63554,55,0,long,62,2.48,lost,223.0,,0.7903,71,partial,90,KF + CV
MVI_63554,56,0,long,48,1.92,no_before,,,0.0,51,partial,90,KF + CV
MVI_63554,58,0,medium,21,0.84,preserved,296.0,296.0,0.9524,41,partial,90,KF + CV
MVI_63554,60,0,medium,13,0.52,no_before,,,0.2308,21,partial,90,KF + CV
MVI_63554,61,0,long,63,2.52,no_before,,,0.5079,66,partial,90,KF + CV
MVI_63554,62,0,short,5,0.2,preserved,313.0,313.0,1.0,66,partial,90,KF + CV
MVI_63554,62,1,medium,35,1.4,lost,313.0,,0.5429,66,partial,90,KF + CV
MVI_63554,63,0,long,60,2.4,lost,318.0,,0.7,66,partial,90,KF + CV
MVI_63554,64,0,long,42,1.68,no_before,,,0.0238,46,partial,90,KF + CV
MVI_63554,68,0,long,57,2.28,lost,320.0,,0.0702,66,partial,90,KF + CV
MVI_63554,69,0,medium,16,0.64,no_before,,,0.5625,26,partial,90,KF + CV
MVI_63554,72,0,medium,20,0.8,lost,363.0,,0.35,101,partial,90,KF + CV
MVI_63554,73,0,long,50,2.0,preserved,365.0,365.0,0.88,61,partial,90,KF + CV
MVI_63554,76,0,medium,13,0.52,no_before,,,0.3077,21,partial,90,KF + CV
MVI_63554,77,0,long,56,2.24,lost,342.0,,0.0893,61,partial,90,KF + CV
MVI_63554,79,0,long,61,2.44,no_before,,,0.3934,71,partial,90,KF + CV
MVI_63554,80,0,long,55,2.2,lost,377.0,,0.8364,61,partial,90,KF + CV
MVI_63554,81,0,short,10,0.4,no_before,,,0.5,81,partial,90,KF + CV
MVI_63554,82,0,long,53,2.12,no_before,,,0.0755,56,partial,90,KF + CV
MVI_63554,83,0,medium,15,0.6,no_before,,,0.1333,21,partial,90,KF + CV
MVI_63554,86,0,long,49,1.96,no_before,,,0.0,56,partial,90,KF + CV
MVI_63554,87,0,medium,31,1.24,preserved,405.0,405.0,0.871,61,partial,90,KF + CV
MVI_63554,88,0,medium,13,0.52,no_before,,,0.2308,16,partial,90,KF + CV
MVI_63554,90,0,medium,20,0.8,lost,417.0,,0.85,86,partial,90,KF + CV
MVI_63554,92,0,long,50,2.0,lost,423.0,,0.1,56,partial,90,KF + CV
MVI_63554,93,0,long,39,1.56,preserved,429.0,429.0,0.7949,71,partial,90,KF + CV
MVI_63554,93,3,short,9,0.36,lost,429.0,,0.0,71,partial,90,KF + CV
MVI_63554,94,0,medium,26,1.04,preserved,431.0,431.0,1.0,56,partial,90,KF + CV
MVI_63554,95,0,long,51,2.04,preserved,439.0,439.0,0.7255,81,partial,90,KF + CV
MVI_63554,96,0,medium,15,0.6,no_before,,,0.0667,26,partial,90,KF + CV
MVI_63554,98,0,long,64,2.56,lost,450.0,,0.7969,71,partial,90,KF + CV
MVI_63554,99,0,medium,15,0.6,no_before,,,0.6667,26,partial,90,KF + CV
MVI_63554,101,0,long,48,1.92,no_before,,,0.0208,51,partial,90,KF + CV
MVI_63554,102,0,medium,14,0.56,no_before,,,0.0714,26,partial,90,KF + CV
MVI_63554,103,0,medium,17,0.68,lost,484.0,,0.5294,71,partial,90,KF + CV
MVI_63554,105,0,long,61,2.44,lost,488.0,,0.7705,66,partial,90,KF + CV
MVI_63554,108,0,long,44,1.76,no_before,,,0.0,51,partial,90,KF + CV
MVI_63554,109,0,medium,18,0.72,no_before,,,0.2778,31,partial,90,KF + CV
MVI_63554,112,0,medium,31,1.24,no_before,,,0.6129,61,partial,90,KF + CV
MVI_63554,115,0,long,53,2.12,lost,544.0,,0.0943,61,partial,90,KF + CV
MVI_63554,116,0,medium,15,0.6,no_before,,,0.2,26,partial,90,KF + CV
MVI_63554,117,0,long,53,2.12,lost,551.0,,0.4717,61,partial,90,KF + CV
MVI_63554,120,0,medium,15,0.6,no_before,,,0.2,26,partial,90,KF + CV
MVI_63554,123,0,long,60,2.4,no_before,,,0.4167,61,partial,90,KF + CV
MVI_63554,124,0,long,54,2.16,no_before,,,0.1111,61,partial,90,KF + CV
MVI_63554,126,0,medium,37,1.48,lost,596.0,,0.9189,56,partial,90,KF + CV
MVI_63554,129,0,medium,13,0.52,no_before,,,0.3846,21,partial,90,KF + CV
MVI_63554,132,0,short,12,0.48,no_before,,,0.4167,26,partial,90,KF + CV
MVI_63554,134,0,long,55,2.2,lost,595.0,,0.6909,61,partial,90,KF + CV
MVI_63554,137,0,short,12,0.48,no_before,,,0.1667,16,partial,90,KF + CV
MVI_63554,139,0,long,48,1.92,lost,667.0,,0.875,56,partial,90,KF + CV
MVI_63554,142,0,medium,15,0.6,no_before,,,0.3333,26,partial,90,KF + CV
MVI_63554,143,0,long,57,2.28,lost,677.0,,0.8772,66,partial,90,KF + CV
MVI_63554,147,0,long,39,1.56,lost,692.0,,0.0256,46,partial,90,KF + CV
MVI_63554,148,0,short,8,0.32,preserved,689.0,689.0,1.0,56,partial,90,KF + CV
MVI_63554,151,0,short,12,0.48,no_before,,,0.5,21,partial,90,KF + CV
MVI_63554,152,0,short,10,0.4,preserved,709.0,709.0,1.0,61,partial,90,KF + CV
MVI_63554,152,1,short,2,0.08,preserved,709.0,709.0,1.0,61,partial,90,KF + CV
MVI_63554,152,2,short,5,0.2,lost,709.0,,0.0,61,partial,90,KF + CV
MVI_63554,153,0,medium,14,0.56,no_before,,,0.3571,20,partial,90,KF + CV
MVI_63554,155,0,long,49,1.96,lost,697.0,,0.0612,56,partial,90,KF + CV
MVI_63554,158,0,long,54,2.16,lost,732.0,,0.8889,66,partial,90,KF + CV
MVI_63554,160,0,short,12,0.48,no_before,,,0.3333,21,partial,90,KF + CV
MVI_63554,162,0,long,54,2.16,lost,740.0,,0.7407,61,partial,90,KF + CV
MVI_63554,163,0,long,54,2.16,no_before,,,0.9259,71,partial,90,KF + CV
MVI_63554,164,0,long,66,2.64,no_before,,,0.9697,66,partial,90,KF + CV
MVI_63554,165,0,long,52,2.08,lost,756.0,,0.0577,56,partial,90,KF + CV
MVI_63554,168,0,long,53,2.12,lost,781.0,,0.8491,61,partial,90,KF + CV
MVI_63554,169,0,medium,14,0.56,no_before,,,0.7143,21,partial,90,KF + CV
MVI_63554,171,0,long,50,2.0,lost,800.0,,0.1,56,partial,90,KF + CV
MVI_63554,174,0,short,11,0.44,no_before,,,0.3636,16,partial,90,KF + CV
MVI_63554,175,0,long,59,2.36,lost,809.0,,0.7288,66,partial,90,KF + CV
MVI_63554,177,0,long,51,2.04,lost,821.0,,0.0784,56,partial,90,KF + CV
MVI_63554,180,0,short,9,0.36,no_before,,,0.8889,16,partial,90,KF + CV
MVI_63554,182,0,long,51,2.04,lost,843.0,,0.098,56,partial,90,KF + CV
MVI_63554,183,0,short,8,0.32,no_before,,,0.125,21,partial,90,KF + CV
MVI_63554,185,0,long,39,1.56,no_before,,,0.8205,40,partial,90,KF + CV
MVI_63554,186,0,medium,18,0.72,lost,852.0,,0.1111,25,partial,90,KF + CV
MVI_63554,188,0,short,11,0.44,no_before,,,0.3636,15,partial,90,KF + CV
MVI_63554,189,0,medium,14,0.56,no_before,,,0.7143,31,partial,90,KF + CV
MVI_63554,190,0,medium,17,0.68,no_before,,,0.4118,31,partial,90,KF + CV
MVI_40131,1,0,long,61,2.44,switched,4.0,115.0,0.0,486,full,90,KF + CV
MVI_40131,19,0,long,54,2.16,switched,79.0,407.0,0.0,1086,full,90,KF + CV
MVI_40131,35,0,long,50,2.0,switched,262.0,436.0,0.0,456,full,90,KF + CV
MVI_40171,9,0,short,1,0.04,preserved,29.0,29.0,1.0,61,full,90,KF + CV
MVI_40171,9,1,short,10,0.4,preserved,29.0,29.0,0.9,61,full,90,KF + CV
MVI_40171,26,0,short,3,0.12,preserved,226.0,226.0,0.6667,56,full,90,KF + CV
MVI_40171,41,0,long,66,2.64,switched,6.0,292.0,0.0,1150,full,90,KF + CV
MVI_40171,41,1,long,38,1.52,preserved,292.0,292.0,0.0,1150,full,90,KF + CV
MVI_40171,42,0,medium,14,0.56,no_before,,,0.0,1150,full,90,KF + CV
MVI_40171,42,1,short,1,0.04,no_before,,,0.0,1150,full,90,KF + CV
MVI_40171,42,2,short,2,0.08,no_before,,,0.0,1150,full,90,KF + CV
MVI_40171,42,3,long,772,30.88,no_before,,,0.0,1150,full,90,KF + CV
MVI_40171,42,4,long,142,5.68,no_before,,,0.0,1150,full,90,KF + CV
MVI_40171,43,0,long,121,4.84,no_before,,,0.0,1150,full,90,KF + CV
MVI_40171,43,1,long,1012,40.48,no_before,,,0.0,1150,full,90,KF + CV
MVI_40171,44,0,long,141,5.64,no_before,,,0.0,1150,full,90,KF + CV
MVI_40171,44,1,long,989,39.56,no_before,,,0.0,1150,full,90,KF + CV
MVI_40172,16,0,long,158,6.32,no_before,,,0.0,227,full,90,KF + CV
MVI_40172,99,0,long,42,1.68,switched,2.0,57.0,0.0,2635,full,90,KF + CV
MVI_40172,99,1,long,40,1.6,switched,67.0,243.0,0.0,2635,full,90,KF + CV
MVI_40172,99,2,medium,15,0.6,switched,243.0,800.0,0.0,2635,full,90,KF + CV
MVI_40172,100,0,long,2225,89.0,no_before,,,0.0,2635,full,90,KF + CV
MVI_40172,101,0,long,1489,59.56,no_before,,,0.0,2635,full,90,KF + CV
MVI_40172,101,1,long,148,5.92,no_before,,,0.0,2635,full,90,KF + CV
MVI_40172,101,2,long,526,21.04,no_before,,,0.0,2635,full,90,KF + CV
MVI_40172,101,3,short,2,0.08,no_before,,,0.0,2635,full,90,KF + CV
MVI_40172,101,4,short,9,0.36,no_before,,,0.0,2635,full,90,KF + CV
MVI_40172,101,5,medium,19,0.76,no_before,,,0.0,2635,full,90,KF + CV
MVI_40172,102,0,long,395,15.8,no_before,,,0.0,2635,full,90,KF + CV
MVI_40172,102,1,long,1062,42.48,no_before,,,0.0,2635,full,90,KF + CV
MVI_40172,102,2,short,7,0.28,no_before,,,0.0,2635,full,90,KF + CV
MVI_40172,102,3,short,1,0.04,no_before,,,0.0,2635,full,90,KF + CV
MVI_40172,102,4,short,2,0.08,no_before,,,0.0,2635,full,90,KF + CV
MVI_40172,102,5,long,53,2.12,no_before,,,0.0,2635,full,90,KF + CV
MVI_40172,102,6,short,5,0.2,no_before,,,0.0,2635,full,90,KF + CV
MVI_40172,102,7,medium,19,0.76,no_before,,,0.0,2635,full,90,KF + CV
MVI_40172,102,8,long,67,2.68,no_before,,,0.0,2635,full,90,KF + CV
MVI_40172,102,9,long,87,3.48,no_before,,,0.0,2635,full,90,KF + CV
MVI_40172,102,10,short,2,0.08,no_before,,,0.0,2635,full,90,KF + CV
MVI_40172,102,11,long,95,3.8,no_before,,,0.0,2635,full,90,KF + CV
MVI_40172,105,0,long,47,1.88,preserved,3.0,3.0,0.0,2635,full,90,KF + CV
MVI_40172,105,1,long,42,1.68,switched,3.0,230.0,0.0,2635,full,90,KF + CV
MVI_40172,105,2,short,7,0.28,no_before,,,0.0,2635,full,90,KF + CV
MVI_40172,105,3,medium,20,0.8,switched,514.0,807.0,0.0,2635,full,90,KF + CV
MVI_40204,15,0,short,1,0.04,lost,25.0,,0.0,136,full,90,KF + CV
MVI_40204,35,0,medium,21,0.84,no_before,,,0.0,131,full,90,KF + CV
MVI_40204,35,1,short,9,0.36,no_before,,,0.0,131,full,90,KF + CV
MVI_40204,51,0,short,3,0.12,no_before,,,0.0,131,full,90,KF + CV
MVI_40204,51,1,short,6,0.24,no_before,,,0.1667,131,full,90,KF + CV
MVI_40204,51,2,short,1,0.04,lost,378.0,,0.0,131,full,90,KF + CV
MVI_40204,60,0,short,1,0.04,lost,298.0,,0.0,131,full,90,KF + CV
MVI_40204,60,1,short,1,0.04,no_before,,,0.0,131,full,90,KF + CV
MVI_40204,65,0,short,3,0.12,no_before,,,0.0,141,full,90,KF + CV
MVI_40204,71,0,medium,16,0.64,lost,572.0,,0.0,116,full,90,KF + CV
MVI_40204,71,1,short,1,0.04,no_before,,,0.0,116,full,90,KF + CV
MVI_40204,81,0,short,9,0.36,no_before,,,0.0,141,full,90,KF + CV
MVI_40204,81,1,short,3,0.12,no_before,,,0.0,141,full,90,KF + CV
MVI_40204,85,0,short,12,0.48,lost,716.0,,0.0,141,full,90,KF + CV
MVI_40204,85,1,short,7,0.28,lost,716.0,,0.0,141,full,90,KF + CV
MVI_40204,88,0,short,2,0.08,lost,737.0,,0.0,146,full,90,KF + CV
MVI_40204,88,1,short,1,0.04,lost,737.0,,0.0,146,full,90,KF + CV
MVI_40204,88,2,short,1,0.04,lost,737.0,,0.0,146,full,90,KF + CV
MVI_40204,90,0,short,8,0.32,preserved,673.0,673.0,0.75,146,full,90,KF + CV
MVI_40204,90,1,short,4,0.16,switched,673.0,726.0,0.75,146,full,90,KF + CV
MVI_40204,90,2,short,1,0.04,lost,673.0,,1.0,146,full,90,KF + CV
MVI_40204,90,3,short,1,0.04,lost,673.0,,0.0,146,full,90,KF + CV
MVI_40204,90,4,medium,18,0.72,lost,673.0,,0.0,146,full,90,KF + CV
MVI_40204,98,0,long,53,2.12,lost,706.0,,0.0,156,full,90,KF + CV
MVI_40204,108,0,short,1,0.04,preserved,796.0,796.0,0.0,151,full,90,KF + CV
MVI_40204,116,0,short,1,0.04,no_before,,,0.0,146,full,90,KF + CV
MVI_40204,116,1,short,1,0.04,no_before,,,0.0,146,full,90,KF + CV
MVI_40204,128,0,short,10,0.4,lost,940.0,,0.0,131,full,90,KF + CV
MVI_40204,129,0,short,1,0.04,no_before,,,0.0,156,full,90,KF + CV
MVI_40204,129,1,short,2,0.08,no_before,,,0.0,156,full,90,KF + CV
MVI_40204,162,0,short,1,0.04,no_before,,,0.0,151,full,90,KF + CV
MVI_40204,162,1,short,1,0.04,no_before,,,0.0,151,full,90,KF + CV
MVI_40204,162,2,short,2,0.08,no_before,,,0.0,151,full,90,KF + CV
MVI_40204,162,3,medium,14,0.56,no_before,,,0.0,151,full,90,KF + CV
MVI_40204,165,0,short,6,0.24,switched,1400.0,1458.0,0.0,145,full,90,KF + CV
MVI_40204,168,0,short,1,0.04,preserved,1443.0,1443.0,1.0,120,full,90,KF + CV
MVI_40751,2,0,long,47,1.88,switched,1.0,28.0,0.0,1140,full,90,KF + CV
MVI_40751,21,0,short,12,0.48,lost,302.0,,0.0,625,full,90,KF + CV
MVI_40751,21,1,short,4,0.16,lost,302.0,,0.0,625,full,90,KF + CV
MVI_40751,21,2,short,4,0.16,no_before,,,0.0,625,full,90,KF + CV
MVI_40751,21,3,short,3,0.12,no_before,,,0.0,625,full,90,KF + CV
MVI_40751,21,4,short,2,0.08,no_before,,,0.0,625,full,90,KF + CV
MVI_40751,21,5,short,4,0.16,no_before,,,0.0,625,full,90,KF + CV
MVI_40751,21,6,short,4,0.16,no_before,,,0.0,625,full,90,KF + CV
MVI_63554,4,0,short,3,0.12,no_before,,,0.0,26,full,90,KF + CV
MVI_63554,4,1,short,6,0.24,no_before,,,0.0,26,full,90,KF + CV
MVI_63554,8,0,short,2,0.08,no_before,,,0.0,16,full,90,KF + CV
MVI_63554,9,0,medium,35,1.4,lost,16.0,,0.0,61,full,90,KF + CV
MVI_63554,20,0,short,1,0.04,lost,69.0,,0.0,66,full,90,KF + CV
MVI_63554,25,0,medium,19,0.76,lost,88.0,,0.0,56,full,90,KF + CV
MVI_63554,32,0,long,57,2.28,lost,140.0,,0.0,71,full,90,KF + CV
MVI_63554,36,0,long,49,1.96,lost,170.0,,0.0,66,full,90,KF + CV
MVI_63554,42,0,short,1,0.04,no_before,,,0.0,16,full,90,KF + CV
MVI_63554,43,0,long,55,2.2,lost,201.0,,0.0,71,full,90,KF + CV
MVI_63554,56,0,medium,30,1.2,no_before,,,0.0,51,full,90,KF + CV
MVI_63554,56,1,short,9,0.36,no_before,,,0.0,51,full,90,KF + CV
MVI_63554,61,0,short,1,0.04,no_before,,,0.0,66,full,90,KF + CV
MVI_63554,61,1,short,6,0.24,no_before,,,0.0,66,full,90,KF + CV
MVI_63554,64,0,medium,37,1.48,lost,320.0,,0.0,46,full,90,KF + CV
MVI_63554,68,0,long,51,2.04,lost,320.0,,0.0,66,full,90,KF + CV
MVI_63554,77,0,medium,20,0.8,lost,342.0,,0.0,61,full,90,KF + CV
MVI_63554,79,0,short,9,0.36,switched,375.0,398.0,0.2222,71,full,90,KF + CV
MVI_63554,82,0,long,47,1.88,lost,380.0,,0.0,56,full,90,KF + CV
MVI_63554,83,0,short,5,0.2,no_before,,,0.0,21,full,90,KF + CV
MVI_63554,86,0,long,43,1.72,no_before,,,0.0,56,full,90,KF + CV
MVI_63554,88,0,short,3,0.12,no_before,,,0.0,16,full,90,KF + CV
MVI_63554,92,0,medium,14,0.56,switched,423.0,456.0,0.0,56,full,90,KF + CV
MVI_63554,92,1,short,8,0.32,switched,423.0,456.0,0.0,56,full,90,KF + CV
MVI_63554,96,0,short,4,0.16,no_before,,,0.0,26,full,90,KF + CV
MVI_63554,101,0,long,42,1.68,lost,476.0,,0.0,51,full,90,KF + CV
MVI_63554,108,0,long,39,1.56,no_before,,,0.0,51,full,90,KF + CV
MVI_63554,115,0,short,3,0.12,lost,544.0,,0.0,61,full,90,KF + CV
MVI_63554,115,1,short,9,0.36,lost,544.0,,0.0,61,full,90,KF + CV
MVI_63554,116,0,short,2,0.08,no_before,,,0.0,26,full,90,KF + CV
MVI_63554,120,0,short,4,0.16,no_before,,,0.0,26,full,90,KF + CV
MVI_63554,124,0,medium,24,0.96,lost,594.0,,0.0,61,full,90,KF + CV
MVI_63554,124,1,medium,19,0.76,lost,594.0,,0.0,61,full,90,KF + CV
MVI_63554,129,0,short,2,0.08,no_before,,,0.0,21,full,90,KF + CV
MVI_63554,137,0,short,3,0.12,no_before,,,0.0,16,full,90,KF + CV
MVI_63554,147,0,medium,28,1.12,lost,692.0,,0.0,46,full,90,KF + CV
MVI_63554,151,0,short,1,0.04,no_before,,,0.0,21,full,90,KF + CV
MVI_63554,153,0,short,2,0.08,no_before,,,0.0,20,full,90,KF + CV
MVI_63554,155,0,medium,19,0.76,lost,697.0,,0.0,56,full,90,KF + CV
MVI_63554,165,0,medium,20,0.8,lost,756.0,,0.0,56,full,90,KF + CV
MVI_63554,165,1,medium,22,0.88,lost,756.0,,0.0,56,full,90,KF + CV
MVI_63554,171,0,medium,33,1.32,lost,800.0,,0.0,56,full,90,KF + CV
MVI_63554,174,0,short,2,0.08,no_before,,,0.0,16,full,90,KF + CV
MVI_63554,177,0,medium,13,0.52,no_before,,,0.0,56,full,90,KF + CV
MVI_63554,182,0,long,38,1.52,lost,843.0,,0.0,56,full,90,KF + CV
MVI_40131,1,0,long,120,4.8,switched,4.0,115.0,0.2583,486,partial,90,EKF + CTRV
MVI_40131,12,0,long,81,3.24,no_before,,,0.4938,326,partial,90,EKF + CTRV
MVI_40131,16,0,long,52,2.08,switched,70.0,92.0,0.1923,256,partial,90,EKF + CTRV
MVI_40131,16,1,medium,22,0.88,preserved,92.0,92.0,1.0,256,partial,90,EKF + CTRV
MVI_40131,17,0,long,64,2.56,no_before,,,0.375,171,partial,90,EKF + CTRV
MVI_40131,19,0,medium,19,0.76,preserved,79.0,79.0,0.4211,1086,partial,90,EKF + CTRV
MVI_40131,19,1,long,114,4.56,switched,79.0,406.0,0.2456,1086,partial,90,EKF + CTRV
MVI_40131,19,2,medium,18,0.72,preserved,406.0,406.0,1.0,1086,partial,90,EKF + CTRV
MVI_40131,19,3,short,6,0.24,preserved,406.0,406.0,1.0,1086,partial,90,EKF + CTRV
MVI_40131,19,4,medium,13,0.52,preserved,492.0,492.0,1.0,1086,partial,90,EKF + CTRV
MVI_40131,19,5,long,72,2.88,preserved,406.0,406.0,1.0,1086,partial,90,EKF + CTRV
MVI_40131,19,6,medium,29,1.16,preserved,406.0,406.0,1.0,1086,partial,90,EKF + CTRV
MVI_40131,20,0,short,5,0.2,no_before,,,0.0,406,partial,90,EKF + CTRV
MVI_40131,20,1,long,62,2.48,no_before,,,0.0968,406,partial,90,EKF + CTRV
MVI_40131,20,2,short,7,0.28,preserved,110.0,110.0,1.0,406,partial,90,EKF + CTRV
MVI_40131,23,0,medium,25,1.0,no_before,,,0.24,226,partial,90,EKF + CTRV
MVI_40131,25,0,long,177,7.08,switched,152.0,195.0,0.9209,321,partial,90,EKF + CTRV
MVI_40131,26,0,long,84,3.36,switched,171.0,199.0,0.6548,231,partial,90,EKF + CTRV
MVI_40131,29,0,long,102,4.08,switched,242.0,417.0,0.9412,816,partial,90,EKF + CTRV
MVI_40131,30,0,short,9,0.36,preserved,213.0,213.0,1.0,296,partial,90,EKF + CTRV
MVI_40131,30,1,long,51,2.04,preserved,213.0,213.0,0.902,296,partial,90,EKF + CTRV
MVI_40131,31,0,medium,24,0.96,no_before,,,0.0,221,partial,90,EKF + CTRV
MVI_40131,31,1,short,8,0.32,no_before,,,0.0,221,partial,90,EKF + CTRV
MVI_40131,34,0,long,65,2.6,no_before,,,0.8769,281,partial,90,EKF + CTRV
MVI_40131,35,0,long,97,3.88,switched,262.0,434.0,0.2784,456,partial,90,EKF + CTRV
MVI_40131,35,1,medium,26,1.04,preserved,434.0,434.0,1.0,456,partial,90,EKF + CTRV
MVI_40131,36,0,medium,29,1.16,no_before,,,0.6207,226,partial,90,EKF + CTRV
MVI_40131,37,0,long,210,8.4,no_before,,,0.2381,421,partial,90,EKF + CTRV
MVI_40131,37,1,medium,33,1.32,preserved,468.0,468.0,1.0,421,partial,90,EKF + CTRV
MVI_40131,38,0,long,51,2.04,preserved,341.0,341.0,0.7843,306,partial,90,EKF + CTRV
MVI_40131,39,0,long,100,4.0,no_before,,,0.86,241,partial,90,EKF + CTRV
MVI_40131,39,1,long,55,2.2,preserved,330.0,330.0,1.0,241,partial,90,EKF + CTRV
MVI_40131,40,0,long,119,4.76,no_before,,,0.7899,366,partial,90,EKF + CTRV
MVI_40131,40,1,short,11,0.44,preserved,447.0,447.0,1.0,366,partial,90,EKF + CTRV
MVI_40131,40,3,medium,15,0.6,preserved,447.0,447.0,1.0,366,partial,90,EKF + CTRV
MVI_40131,40,4,short,8,0.32,preserved,447.0,447.0,1.0,366,partial,90,EKF + CTRV
MVI_40131,41,0,long,43,1.72,no_before,,,0.6047,281,partial,90,EKF + CTRV
MVI_40131,45,0,medium,25,1.0,no_before,,,0.2,206,partial,90,EKF + CTRV
MVI_40131,60,0,medium,22,0.88,lost,693.0,,0.7273,116,partial,90,EKF + CTRV
MVI_40131,62,0,medium,26,1.04,lost,708.0,,0.9231,95,partial,90,EKF + CTRV
MVI_40131,65,0,long,60,2.4,no_before,,,0.0,60,partial,90,EKF + CTRV
MVI_40171,1,0,medium,26,1.04,no_before,,,1.0,26,partial,90,EKF + CTRV
MVI_40171,6,0,long,41,1.64,preserved,21.0,21.0,0.9512,71,partial,90,EKF + CTRV
MVI_40171,7,0,long,56,2.24,no_before,,,0.2857,56,partial,90,EKF + CTRV
MVI_40171,8,0,short,12,0.48,no_before,,,0.0,726,partial,90,EKF + CTRV
MVI_40171,8,1,short,11,0.44,preserved,44.0,44.0,0.0,726,partial,90,EKF + CTRV
MVI_40171,8,3,medium,26,1.04,preserved,44.0,44.0,1.0,726,partial,90,EKF + CTRV
MVI_40171,8,4,medium,25,1.0,preserved,44.0,44.0,1.0,726,partial,90,EKF + CTRV
MVI_40171,8,5,medium,18,0.72,preserved,44.0,44.0,1.0,726,partial,90,EKF + CTRV
MVI_40171,8,6,short,12,0.48,preserved,44.0,44.0,1.0,726,partial,90,EKF + CTRV
MVI_40171,8,7,medium,32,1.28,switched,44.0,60.0,1.0,726,partial,90,EKF + CTRV
MVI_40171,8,8,medium,28,1.12,preserved,44.0,44.0,1.0,726,partial,90,EKF + CTRV
MVI_40171,8,9,medium,16,0.64,preserved,44.0,44.0,1.0,726,partial,90,EKF + CTRV
MVI_40171,9,1,short,10,0.4,preserved,51.0,51.0,0.9,61,partial,90,EKF + CTRV
MVI_40171,11,0,medium,27,1.08,preserved,59.0,59.0,1.0,91,partial,90,EKF + CTRV
MVI_40171,12,0,long,61,2.44,no_before,,,0.459,61,partial,90,EKF + CTRV
MVI_40171,14,0,medium,31,1.24,switched,91.0,99.0,0.7742,86,partial,90,EKF + CTRV
MVI_40171,15,0,long,66,2.64,no_before,,,0.5303,66,partial,90,EKF + CTRV
MVI_40171,16,0,long,61,2.44,no_before,,,0.8361,61,partial,90,EKF + CTRV
MVI_40171,17,0,short,11,0.44,no_before,,,0.2727,76,partial,90,EKF + CTRV
MVI_40171,18,0,long,209,8.36,preserved,151.0,151.0,0.11,786,partial,90,EKF + CTRV
MVI_40171,18,1,short,11,0.44,preserved,151.0,151.0,0.7273,786,partial,90,EKF + CTRV
MVI_40171,18,2,short,4,0.16,preserved,151.0,151.0,1.0,786,partial,90,EKF + CTRV
MVI_40171,18,3,short,4,0.16,preserved,151.0,151.0,0.5,786,partial,90,EKF + CTRV
MVI_40171,18,4,short,4,0.16,preserved,151.0,151.0,1.0,786,partial,90,EKF + CTRV
MVI_40171,19,0,long,61,2.44,no_before,,,0.8361,61,partial,90,EKF + CTRV
MVI_40171,22,0,long,69,2.76,lost,166.0,,0.7826,71,partial,90,EKF + CTRV
MVI_40171,23,0,long,62,2.48,preserved,184.0,184.0,0.8387,66,partial,90,EKF + CTRV
MVI_40171,25,0,long,66,2.64,no_before,,,0.7424,66,partial,90,EKF + CTRV
MVI_40171,26,0,long,47,1.88,no_before,,,0.8298,56,partial,90,EKF + CTRV
MVI_40171,27,0,medium,30,1.2,no_before,,,0.3667,76,partial,90,EKF + CTRV
MVI_40171,28,0,medium,21,0.84,no_before,,,0.9048,76,partial,90,EKF + CTRV
MVI_40171,29,0,long,53,2.12,no_before,,,0.7358,56,partial,90,EKF + CTRV
MVI_40171,31,0,medium,26,1.04,preserved,272.0,272.0,1.0,96,partial,90,EKF + CTRV
MVI_40171,34,0,long,66,2.64,lost,305.0,,0.8788,71,partial,90,EKF + CTRV
MVI_40171,35,0,long,62,2.48,preserved,312.0,312.0,0.871,76,partial,90,EKF + CTRV
MVI_40171,36,0,long,66,2.64,no_before,,,0.6364,66,partial,90,EKF + CTRV
MVI_40171,38,0,short,8,0.32,no_before,,,0.0,185,partial,90,EKF + CTRV
MVI_40171,39,0,long,70,2.8,lost,360.0,,0.7571,71,partial,90,EKF + CTRV
MVI_40171,40,0,medium,23,0.92,lost,382.0,,1.0,45,partial,90,EKF + CTRV
MVI_40171,41,0,long,99,3.96,switched,191.0,291.0,0.101,1150,partial,90,EKF + CTRV
MVI_40171,41,1,long,52,2.08,switched,291.0,384.0,0.0769,1150,partial,90,EKF + CTRV
MVI_40171,42,0,long,1150,46.0,no_before,,,0.0,1150,partial,90,EKF + CTRV
MVI_40171,43,0,long,1150,46.0,no_before,,,0.0,1150,partial,90,EKF + CTRV
MVI_40171,44,0,long,1150,46.0,no_before,,,0.0,1150,partial,90,EKF + CTRV
MVI_40172,16,0,long,180,7.2,no_before,,,0.0111,227,partial,90,EKF + CTRV
MVI_40172,35,0,long,39,1.56,no_before,,,0.8974,46,partial,90,EKF + CTRV
MVI_40172,36,0,medium,37,1.48,no_before,,,0.973,41,partial,90,EKF + CTRV
MVI_40172,40,0,medium,29,1.16,preserved,520.0,520.0,0.5517,71,partial,90,EKF + CTRV
MVI_40172,41,0,long,39,1.56,lost,524.0,,0.4615,41,partial,90,EKF + CTRV
MVI_40172,47,0,long,48,1.92,lost,558.0,,0.8958,51,partial,90,EKF + CTRV
MVI_40172,50,0,long,51,2.04,no_before,,,0.7451,51,partial,90,EKF + CTRV
MVI_40172,51,0,short,10,0.4,switched,571.0,574.0,0.5,81,partial,90,EKF + CTRV
MVI_40172,56,0,medium,28,1.12,lost,603.0,,1.0,61,partial,90,EKF + CTRV
MVI_40172,57,0,medium,37,1.48,preserved,609.0,609.0,1.0,51,partial,90,EKF + CTRV
MVI_40172,60,0,long,44,1.76,preserved,623.0,623.0,0.7955,66,partial,90,EKF + CTRV
MVI_40172,61,0,medium,13,0.52,preserved,624.0,624.0,1.0,36,partial,90,EKF + CTRV
MVI_40172,63,0,long,46,1.84,no_before,,,0.7391,46,partial,90,EKF + CTRV
MVI_40172,65,0,medium,29,1.16,switched,642.0,670.0,0.3448,46,partial,90,EKF + CTRV
MVI_40172,67,0,medium,31,1.24,no_before,,,0.5484,41,partial,90,EKF + CTRV
MVI_40172,79,0,long,114,4.56,no_before,,,0.0526,201,partial,90,EKF + CTRV
MVI_40172,95,0,long,40,1.6,lost,852.0,,0.85,41,partial,90,EKF + CTRV
MVI_40172,96,0,long,50,2.0,no_before,,,0.88,50,partial,90,EKF + CTRV
MVI_40172,99,0,long,50,2.0,switched,2.0,56.0,0.12,2635,partial,90,EKF + CTRV
MVI_40172,99,1,long,74,2.96,switched,56.0,244.0,0.0811,2635,partial,90,EKF + CTRV
MVI_40172,99,2,long,40,1.6,preserved,244.0,244.0,0.125,2635,partial,90,EKF + CTRV
MVI_40172,100,0,long,2635,105.4,no_before,,,0.0,2635,partial,90,EKF + CTRV
MVI_40172,101,0,long,2635,105.4,no_before,,,0.0,2635,partial,90,EKF + CTRV
MVI_40172,102,0,long,2635,105.4,no_before,,,0.0,2635,partial,90,EKF + CTRV
MVI_40172,105,0,long,52,2.08,preserved,3.0,3.0,0.0385,2635,partial,90,EKF + CTRV
MVI_40172,105,1,long,45,1.8,preserved,3.0,3.0,0.0222,2635,partial,90,EKF + CTRV
MVI_40172,105,2,medium,21,0.84,no_before,,,0.0,2635,partial,90,EKF + CTRV
MVI_40172,105,3,long,39,1.56,switched,438.0,824.0,0.2051,2635,partial,90,EKF + CTRV
MVI_40204,6,0,long,86,3.44,no_before,,,0.2558,86,partial,90,EKF + CTRV
MVI_40204,9,0,long,66,2.64,no_before,,,0.0,66,partial,90,EKF + CTRV
MVI_40204,10,0,medium,32,1.28,lost,9.0,,0.375,76,partial,90,EKF + CTRV
MVI_40204,11,0,medium,31,1.24,switched,11.0,70.0,0.3871,66,partial,90,EKF + CTRV
MVI_40204,12,0,medium,16,0.64,no_before,,,0.375,16,partial,90,EKF + CTRV
MVI_40204,15,0,long,136,5.44,no_before,,,0.6618,136,partial,90,EKF + CTRV
MVI_40204,27,0,long,111,4.44,no_before,,,0.7928,111,partial,90,EKF + CTRV
MVI_40204,30,0,long,71,2.84,lost,131.0,,0.1831,141,partial,90,EKF + CTRV
MVI_40204,34,0,short,3,0.12,preserved,142.0,142.0,0.6667,116,partial,90,EKF + CTRV
MVI_40204,34,1,medium,25,1.0,lost,142.0,,0.24,116,partial,90,EKF + CTRV
MVI_40204,34,2,medium,25,1.0,lost,142.0,,0.0,116,partial,90,EKF + CTRV
MVI_40204,35,0,long,131,5.24,no_before,,,0.3053,131,partial,90,EKF + CTRV
MVI_40204,36,0,long,52,2.08,lost,149.0,,0.0,116,partial,90,EKF + CTRV
MVI_40204,39,0,medium,22,0.88,lost,226.0,,0.0,111,partial,90,EKF + CTRV
MVI_40204,40,0,long,39,1.56,lost,168.0,,0.0,151,partial,90,EKF + CTRV
MVI_40204,46,0,long,141,5.64,no_before,,,0.6454,141,partial,90,EKF + CTRV
MVI_40204,49,0,long,46,1.84,preserved,230.0,230.0,0.7391,151,partial,90,EKF + CTRV
MVI_40204,50,0,long,121,4.84,no_before,,,0.3884,121,partial,90,EKF + CTRV
MVI_40204,51,0,long,131,5.24,no_before,,,0.3359,131,partial,90,EKF + CTRV
MVI_40204,52,0,short,2,0.08,preserved,249.0,249.0,1.0,131,partial,90,EKF + CTRV
MVI_40204,60,0,long,131,5.24,no_before,,,0.313,131,partial,90,EKF + CTRV
MVI_40204,63,0,long,39,1.56,switched,359.0,409.0,0.5897,141,partial,90,EKF + CTRV
MVI_40204,64,0,long,130,5.2,no_before,,,0.5769,131,partial,90,EKF + CTRV
MVI_40204,65,0,long,141,5.64,no_before,,,0.1135,141,partial,90,EKF + CTRV
MVI_40204,67,0,long,58,2.32,lost,432.0,,0.0517,131,partial,90,EKF + CTRV
MVI_40204,68,0,medium,15,0.6,lost,457.0,,0.0,126,partial,90,EKF + CTRV
MVI_40204,71,0,long,116,4.64,no_before,,,0.2586,116,partial,90,EKF + CTRV
MVI_40204,72,0,medium,33,1.32,preserved,504.0,504.0,1.0,141,partial,90,EKF + CTRV
MVI_40204,73,0,long,136,5.44,no_before,,,0.3088,136,partial,90,EKF + CTRV
MVI_40204,74,0,long,116,4.64,no_before,,,0.431,116,partial,90,EKF + CTRV
MVI_40204,78,0,medium,19,0.76,lost,553.0,,0.2632,131,partial,90,EKF + CTRV
MVI_40204,81,0,long,141,5.64,no_before,,,0.2979,141,partial,90,EKF + CTRV
MVI_40204,82,0,short,8,0.32,preserved,591.0,591.0,1.0,136,partial,90,EKF + CTRV
MVI_40204,82,1,long,40,1.6,lost,591.0,,0.825,136,partial,90,EKF + CTRV
MVI_40204,85,0,long,141,5.64,no_before,,,0.5319,141,partial,90,EKF + CTRV
MVI_40204,86,0,long,114,4.56,lost,634.0,,0.3158,136,partial,90,EKF + CTRV
MVI_40204,88,0,long,146,5.84,no_before,,,0.1233,146,partial,90,EKF + CTRV
MVI_40204,90,0,long,146,5.84,no_before,,,0.6918,146,partial,90,EKF + CTRV
MVI_40204,92,0,long,41,1.64,no_before,,,0.9512,156,partial,90,EKF + CTRV
MVI_40204,93,0,long,112,4.48,lost,690.0,,0.5,131,partial,90,EKF + CTRV
MVI_40204,96,0,long,82,3.28,switched,706.0,810.0,0.7195,161,partial,90,EKF + CTRV
MVI_40204,98,0,long,156,6.24,no_before,,,0.5705,156,partial,90,EKF + CTRV
MVI_40204,99,0,short,11,0.44,no_before,,,0.8182,151,partial,90,EKF + CTRV
MVI_40204,106,0,long,51,2.04,no_before,,,0.6275,126,partial,90,EKF + CTRV
MVI_40204,106,1,long,70,2.8,lost,815.0,,0.4,126,partial,90,EKF + CTRV
MVI_40204,108,0,long,151,6.04,no_before,,,0.4238,151,partial,90,EKF + CTRV
MVI_40204,110,0,long,75,3.0,lost,820.0,,0.1733,131,partial,90,EKF + CTRV
MVI_40204,112,0,long,40,1.6,no_before,,,0.0,146,partial,90,EKF + CTRV
MVI_40204,115,0,long,71,2.84,preserved,851.0,851.0,0.8169,151,partial,90,EKF + CTRV
MVI_40204,115,1,short,4,0.16,lost,851.0,,0.0,151,partial,90,EKF + CTRV
MVI_40204,116,0,long,146,5.84,no_before,,,0.0,146,partial,90,EKF + CTRV
MVI_40204,117,0,medium,31,1.24,lost,860.0,,0.2581,141,partial,90,EKF + CTRV
MVI_40204,117,1,short,9,0.36,lost,860.0,,0.0,141,partial,90,EKF + CTRV
MVI_40204,119,0,long,66,2.64,lost,869.0,,0.1061,151,partial,90,EKF + CTRV
MVI_40204,120,0,long,62,2.48,lost,900.0,,0.6613,156,partial,90,EKF + CTRV
MVI_40204,121,0,medium,21,0.84,no_before,,,0.9048,156,partial,90,EKF + CTRV
MVI_40204,122,0,long,141,5.64,no_before,,,0.1135,141,partial,90,EKF + CTRV
MVI_40204,126,0,long,43,1.72,switched,948.0,1075.0,0.5349,166,partial,90,EKF + CTRV
MVI_40204,126,1,short,4,0.16,no_before,,,0.0,166,partial,90,EKF + CTRV
MVI_40204,127,0,short,5,0.2,no_before,,,0.4,161,partial,90,EKF + CTRV
MVI_40204,128,0,medium,18,0.72,preserved,970.0,970.0,1.0,131,partial,90,EKF + CTRV
MVI_40204,128,1,long,98,3.92,lost,970.0,,0.2959,131,partial,90,EKF + CTRV
MVI_40204,129,0,long,156,6.24,no_before,,,0.2564,156,partial,90,EKF + CTRV
MVI_40204,133,0,long,53,2.12,lost,998.0,,0.283,106,partial,90,EKF + CTRV
MVI_40204,135,0,long,75,3.0,lost,1013.0,,0.1333,141,partial,90,EKF + CTRV
MVI_40204,137,0,long,63,2.52,lost,1044.0,,0.2857,126,partial,90,EKF + CTRV
MVI_40204,138,0,short,7,0.28,lost,1213.0,,0.0,166,partial,90,EKF + CTRV
MVI_40204,142,0,long,145,5.8,no_before,,,0.8345,146,partial,90,EKF + CTRV
MVI_40204,145,0,long,146,5.84,no_before,,,0.5411,161,partial,90,EKF + CTRV
MVI_40204,148,0,long,110,4.4,lost,1146.0,,0.3,151,partial,90,EKF + CTRV
MVI_40204,149,0,long,72,2.88,lost,1161.0,,0.1667,161,partial,90,EKF + CTRV
MVI_40204,150,0,long,146,5.84,no_before,,,0.7055,146,partial,90,EKF + CTRV
MVI_40204,153,0,long,129,5.16,lost,1181.0,,0.4419,171,partial,90,EKF + CTRV
MVI_40204,154,0,medium,28,1.12,no_before,,,0.5714,166,partial,90,EKF + CTRV
MVI_40204,158,0,medium,31,1.24,no_before,,,0.0,175,partial,90,EKF + CTRV
MVI_40204,161,0,medium,22,0.88,no_before,,,0.8636,170,partial,90,EKF + CTRV
MVI_40204,161,1,long,67,2.68,lost,1238.0,,0.1642,170,partial,90,EKF + CTRV
MVI_40204,162,0,long,151,6.04,no_before,,,0.0199,151,partial,90,EKF + CTRV
MVI_40204,165,1,long,139,5.56,lost,1266.0,,0.6259,145,partial,90,EKF + CTRV
MVI_40204,168,0,long,120,4.8,no_before,,,0.725,120,partial,90,EKF + CTRV
MVI_40204,173,0,long,65,2.6,no_before,,,0.9692,65,partial,90,EKF + CTRV
MVI_40204,177,0,medium,20,0.8,no_before,,,0.6,20,partial,90,EKF + CTRV
MVI_40751,2,0,long,72,2.88,switched,1.0,28.0,0.0833,1140,partial,90,EKF + CTRV
MVI_40751,2,1,long,175,7.0,preserved,28.0,28.0,0.6457,1140,partial,90,EKF + CTRV
MVI_40751,2,2,short,9,0.36,preserved,28.0,28.0,1.0,1140,partial,90,EKF + CTRV
MVI_40751,2,3,short,6,0.24,preserved,28.0,28.0,1.0,1140,partial,90,EKF + CTRV
MVI_40751,2,4,long,410,16.4,preserved,28.0,28.0,1.0,1140,partial,90,EKF + CTRV
MVI_40751,3,0,long,58,2.32,no_before,,,0.9655,81,partial,90,EKF + CTRV
MVI_40751,4,1,long,46,1.84,preserved,2.0,2.0,1.0,141,partial,90,EKF + CTRV
MVI_40751,5,0,medium,19,0.76,no_before,,,0.0,146,partial,90,EKF + CTRV
MVI_40751,7,0,medium,19,0.76,no_before,,,0.0,186,partial,90,EKF + CTRV
MVI_40751,7,1,medium,14,0.56,preserved,65.0,65.0,1.0,186,partial,90,EKF + CTRV
MVI_40751,7,3,long,97,3.88,preserved,65.0,65.0,1.0,186,partial,90,EKF + CTRV
MVI_40751,8,1,short,4,0.16,preserved,164.0,164.0,1.0,920,partial,90,EKF + CTRV
MVI_40751,8,2,short,5,0.2,preserved,164.0,164.0,1.0,920,partial,90,EKF + CTRV
MVI_40751,8,3,short,10,0.4,preserved,164.0,164.0,1.0,920,partial,90,EKF + CTRV
MVI_40751,8,4,medium,24,0.96,preserved,164.0,164.0,1.0,920,partial,90,EKF + CTRV
MVI_40751,8,5,long,591,23.64,lost,164.0,,0.7783,920,partial,90,EKF + CTRV
MVI_40751,9,0,medium,34,1.36,preserved,157.0,157.0,1.0,96,partial,90,EKF + CTRV
MVI_40751,11,0,medium,32,1.28,no_before,,,0.4062,156,partial,90,EKF + CTRV
MVI_40751,11,1,long,89,3.56,preserved,180.0,180.0,0.9663,156,partial,90,EKF + CTRV
MVI_40751,15,0,long,223,8.92,lost,186.0,,1.0,775,partial,90,EKF + CTRV
MVI_40751,21,0,short,5,0.2,no_before,,,0.0,625,partial,90,EKF + CTRV
MVI_40751,21,1,long,612,24.48,lost,326.0,,0.0294,625,partial,90,EKF + CTRV
MVI_40751,23,0,short,11,0.44,preserved,356.0,356.0,1.0,66,partial,90,EKF + CTRV
MVI_40751,23,1,short,4,0.16,preserved,356.0,356.0,1.0,66,partial,90,EKF + CTRV
MVI_40751,28,0,short,3,0.12,preserved,433.0,433.0,1.0,405,partial,90,EKF + CTRV
MVI_40751,28,1,medium,15,0.6,preserved,433.0,433.0,1.0,405,partial,90,EKF + CTRV
MVI_40751,29,0,medium,23,0.92,preserved,455.0,455.0,1.0,370,partial,90,EKF + CTRV
MVI_40751,31,0,long,41,1.64,no_before,,,0.7073,43,partial,90,EKF + CTRV
MVI_40751,32,0,long,172,6.88,switched,475.0,509.0,0.8721,266,partial,90,EKF + CTRV
MVI_40751,33,0,medium,14,0.56,preserved,489.0,489.0,1.0,270,partial,90,EKF + CTRV
MVI_40751,35,0,medium,23,0.92,lost,517.0,,1.0,156,partial,90,EKF + CTRV
MVI_40751,36,0,long,77,3.08,lost,527.0,,1.0,195,partial,90,EKF + CTRV
MVI_40751,38,0,medium,13,0.52,preserved,545.0,545.0,1.0,140,partial,90,EKF + CTRV
MVI_40751,38,1,long,49,1.96,lost,545.0,,1.0,140,partial,90,EKF + CTRV
MVI_40751,41,0,long,45,1.8,no_before,,,0.3111,45,partial,90,EKF + CTRV
MVI_63554,3,0,short,11,0.44,no_before,,,0.6364,11,partial,90,EKF + CTRV
MVI_63554,4,0,medium,26,1.04,no_before,,,0.0,26,partial,90,EKF + CTRV
MVI_63554,5,0,long,40,1.6,no_before,,,0.925,41,partial,90,EKF + CTRV
MVI_63554,8,0,medium,13,0.52,no_before,,,0.3846,16,partial,90,EKF + CTRV
MVI_63554,9,0,long,55,2.2,lost,16.0,,0.0727,61,partial,90,EKF + CTRV
MVI_63554,11,0,long,52,2.08,lost,30.0,,0.0577,61,partial,90,EKF + CTRV
MVI_63554,13,0,medium,16,0.64,no_before,,,0.25,26,partial,90,EKF + CTRV
MVI_63554,15,0,long,65,2.6,lost,46.0,,0.9692,76,partial,90,EKF + CTRV
MVI_63554,19,0,long,62,2.48,switched,66.0,74.0,0.8548,81,partial,90,EKF + CTRV
MVI_63554,20,0,long,57,2.28,lost,68.0,,0.0,66,partial,90,EKF + CTRV
MVI_63554,22,0,long,61,2.44,no_before,,,0.3443,61,partial,90,EKF + CTRV
MVI_63554,23,0,long,45,1.8,switched,82.0,87.0,0.6889,81,partial,90,EKF + CTRV
MVI_63554,24,0,short,11,0.44,no_before,,,0.1818,21,partial,90,EKF + CTRV
MVI_63554,25,0,long,51,2.04,no_before,,,0.098,56,partial,90,EKF + CTRV
MVI_63554,30,0,long,74,2.96,lost,135.0,,0.2027,81,partial,90,EKF + CTRV
MVI_63554,31,0,long,76,3.04,no_before,,,0.5263,76,partial,90,EKF + CTRV
MVI_63554,32,0,long,64,2.56,lost,140.0,,0.0938,71,partial,90,EKF + CTRV
MVI_63554,33,0,long,45,1.8,lost,149.0,,0.9556,81,partial,90,EKF + CTRV
MVI_63554,35,0,medium,16,0.64,no_before,,,0.8125,86,partial,90,EKF + CTRV
MVI_63554,36,0,long,59,2.36,lost,172.0,,0.0678,66,partial,90,EKF + CTRV
MVI_63554,41,0,medium,25,1.0,lost,196.0,,0.56,91,partial,90,EKF + CTRV
MVI_63554,42,0,short,11,0.44,no_before,,,0.1818,16,partial,90,EKF + CTRV
MVI_63554,43,0,long,62,2.48,lost,200.0,,0.0806,71,partial,90,EKF + CTRV
MVI_63554,44,0,long,64,2.56,lost,204.0,,0.7812,71,partial,90,EKF + CTRV
MVI_63554,47,0,long,59,2.36,lost,211.0,,0.1356,66,partial,90,EKF + CTRV
MVI_63554,49,0,long,54,2.16,lost,222.0,,0.8333,81,partial,90,EKF + CTRV
MVI_63554,50,0,long,63,2.52,lost,224.0,,0.254,71,partial,90,EKF + CTRV
MVI_63554,51,0,short,11,0.44,no_before,,,0.0,21,partial,90,EKF + CTRV
MVI_63554,55,0,long,62,2.48,lost,283.0,,0.7903,71,partial,90,EKF + CTRV
MVI_63554,56,0,long,48,1.92,no_before,,,0.0,51,partial,90,EKF + CTRV
MVI_63554,58,0,medium,21,0.84,preserved,294.0,294.0,0.9524,41,partial,90,EKF + CTRV
MVI_63554,60,0,medium,13,0.52,no_before,,,0.2308,21,partial,90,EKF + CTRV
MVI_63554,61,0,long,63,2.52,no_before,,,0.5079,66,partial,90,EKF + CTRV
MVI_63554,62,0,short,5,0.2,preserved,311.0,311.0,1.0,66,partial,90,EKF + CTRV
MVI_63554,62,1,medium,35,1.4,lost,311.0,,0.5429,66,partial,90,EKF + CTRV
MVI_63554,63,0,long,60,2.4,lost,316.0,,0.7,66,partial,90,EKF + CTRV
MVI_63554,64,0,long,42,1.68,no_before,,,0.0238,46,partial,90,EKF + CTRV
MVI_63554,68,0,long,57,2.28,lost,346.0,,0.0702,66,partial,90,EKF + CTRV
MVI_63554,69,0,medium,16,0.64,no_before,,,0.5625,26,partial,90,EKF + CTRV
MVI_63554,72,0,medium,20,0.8,lost,360.0,,0.35,101,partial,90,EKF + CTRV
MVI_63554,73,0,long,50,2.0,preserved,363.0,363.0,0.88,61,partial,90,EKF + CTRV
MVI_63554,76,0,medium,13,0.52,no_before,,,0.3077,21,partial,90,EKF + CTRV
MVI_63554,77,0,long,56,2.24,lost,373.0,,0.0714,61,partial,90,EKF + CTRV
MVI_63554,79,0,long,61,2.44,no_before,,,0.3934,71,partial,90,EKF + CTRV
MVI_63554,80,0,long,55,2.2,lost,381.0,,0.8364,61,partial,90,EKF + CTRV
MVI_63554,81,0,short,10,0.4,no_before,,,0.5,81,partial,90,EKF + CTRV
MVI_63554,82,0,long,53,2.12,no_before,,,0.0755,56,partial,90,EKF + CTRV
MVI_63554,83,0,medium,15,0.6,no_before,,,0.1333,21,partial,90,EKF + CTRV
MVI_63554,86,0,long,49,1.96,no_before,,,0.0,56,partial,90,EKF + CTRV
MVI_63554,87,0,medium,31,1.24,preserved,410.0,410.0,0.871,61,partial,90,EKF + CTRV
MVI_63554,88,0,medium,13,0.52,no_before,,,0.2308,16,partial,90,EKF + CTRV
MVI_63554,90,0,medium,20,0.8,lost,422.0,,0.85,86,partial,90,EKF + CTRV
MVI_63554,92,0,long,50,2.0,lost,428.0,,0.1,56,partial,90,EKF + CTRV
MVI_63554,93,0,long,39,1.56,preserved,434.0,434.0,0.7949,71,partial,90,EKF + CTRV
MVI_63554,93,3,short,9,0.36,lost,434.0,,0.0,71,partial,90,EKF + CTRV
MVI_63554,94,0,medium,26,1.04,preserved,436.0,436.0,1.0,56,partial,90,EKF + CTRV
MVI_63554,95,0,long,51,2.04,preserved,444.0,444.0,0.7059,81,partial,90,EKF + CTRV
MVI_63554,96,0,medium,15,0.6,no_before,,,0.0667,26,partial,90,EKF + CTRV
MVI_63554,98,0,long,64,2.56,lost,453.0,,0.7344,71,partial,90,EKF + CTRV
MVI_63554,99,0,medium,15,0.6,no_before,,,0.6667,26,partial,90,EKF + CTRV
MVI_63554,101,0,long,48,1.92,no_before,,,0.0417,51,partial,90,EKF + CTRV
MVI_63554,102,0,medium,14,0.56,no_before,,,0.0714,26,partial,90,EKF + CTRV
MVI_63554,103,0,medium,17,0.68,lost,493.0,,0.5294,71,partial,90,EKF + CTRV
MVI_63554,105,0,long,61,2.44,lost,497.0,,0.7541,66,partial,90,EKF + CTRV
MVI_63554,108,0,long,44,1.76,no_before,,,0.0,51,partial,90,EKF + CTRV
MVI_63554,109,0,medium,18,0.72,no_before,,,0.2778,31,partial,90,EKF + CTRV
MVI_63554,112,0,medium,31,1.24,no_before,,,0.6129,61,partial,90,EKF + CTRV
MVI_63554,115,0,long,53,2.12,lost,554.0,,0.0943,61,partial,90,EKF + CTRV
MVI_63554,116,0,medium,15,0.6,no_before,,,0.2,26,partial,90,EKF + CTRV
MVI_63554,117,0,long,53,2.12,lost,561.0,,0.4528,61,partial,90,EKF + CTRV
MVI_63554,120,0,medium,15,0.6,no_before,,,0.2,26,partial,90,EKF + CTRV
MVI_63554,123,0,long,60,2.4,no_before,,,0.4,61,partial,90,EKF + CTRV
MVI_63554,124,0,long,54,2.16,no_before,,,0.1111,61,partial,90,EKF + CTRV
MVI_63554,126,0,medium,37,1.48,lost,606.0,,0.9189,56,partial,90,EKF + CTRV
MVI_63554,129,0,medium,13,0.52,no_before,,,0.3846,21,partial,90,EKF + CTRV
MVI_63554,132,0,short,12,0.48,no_before,,,0.4167,26,partial,90,EKF + CTRV
MVI_63554,134,0,long,55,2.2,lost,657.0,,0.6909,61,partial,90,EKF + CTRV
MVI_63554,137,0,short,12,0.48,no_before,,,0.1667,16,partial,90,EKF + CTRV
MVI_63554,139,0,long,48,1.92,lost,679.0,,0.875,56,partial,90,EKF + CTRV
MVI_63554,142,0,medium,15,0.6,no_before,,,0.3333,26,partial,90,EKF + CTRV
MVI_63554,143,0,long,57,2.28,lost,688.0,,0.8772,66,partial,90,EKF + CTRV
MVI_63554,147,0,long,39,1.56,lost,703.0,,0.0769,46,partial,90,EKF + CTRV
MVI_63554,148,0,short,8,0.32,preserved,700.0,700.0,1.0,56,partial,90,EKF + CTRV
MVI_63554,151,0,short,12,0.48,no_before,,,0.5833,21,partial,90,EKF + CTRV
MVI_63554,152,0,short,10,0.4,preserved,718.0,718.0,1.0,61,partial,90,EKF + CTRV
MVI_63554,152,1,short,2,0.08,preserved,718.0,718.0,1.0,61,partial,90,EKF + CTRV
MVI_63554,152,2,short,5,0.2,lost,718.0,,0.0,61,partial,90,EKF + CTRV
MVI_63554,153,0,medium,14,0.56,no_before,,,0.3571,20,partial,90,EKF + CTRV
MVI_63554,155,0,long,49,1.96,lost,726.0,,0.0816,56,partial,90,EKF + CTRV
MVI_63554,158,0,long,54,2.16,lost,741.0,,0.8889,66,partial,90,EKF + CTRV
MVI_63554,160,0,short,12,0.48,no_before,,,0.3333,21,partial,90,EKF + CTRV
MVI_63554,162,0,long,54,2.16,lost,749.0,,0.7407,61,partial,90,EKF + CTRV
MVI_63554,163,0,long,54,2.16,no_before,,,0.9259,71,partial,90,EKF + CTRV
MVI_63554,164,0,long,66,2.64,no_before,,,1.0,66,partial,90,EKF + CTRV
MVI_63554,165,0,long,52,2.08,lost,764.0,,0.0577,56,partial,90,EKF + CTRV
MVI_63554,168,0,long,53,2.12,lost,789.0,,0.8491,61,partial,90,EKF + CTRV
MVI_63554,169,0,medium,14,0.56,no_before,,,0.7143,21,partial,90,EKF + CTRV
MVI_63554,171,0,long,50,2.0,lost,809.0,,0.1,56,partial,90,EKF + CTRV
MVI_63554,174,0,short,11,0.44,no_before,,,0.3636,16,partial,90,EKF + CTRV
MVI_63554,175,0,long,59,2.36,lost,818.0,,0.7288,66,partial,90,EKF + CTRV
MVI_63554,177,0,long,51,2.04,lost,827.0,,0.098,56,partial,90,EKF + CTRV
MVI_63554,180,0,short,9,0.36,no_before,,,0.8889,16,partial,90,EKF + CTRV
MVI_63554,182,0,long,51,2.04,lost,852.0,,0.098,56,partial,90,EKF + CTRV
MVI_63554,183,0,short,8,0.32,no_before,,,0.125,21,partial,90,EKF + CTRV
MVI_63554,185,0,long,39,1.56,no_before,,,0.8205,40,partial,90,EKF + CTRV
MVI_63554,186,0,medium,18,0.72,lost,861.0,,0.1111,25,partial,90,EKF + CTRV
MVI_63554,188,0,short,11,0.44,no_before,,,0.3636,15,partial,90,EKF + CTRV
MVI_63554,189,0,medium,14,0.56,no_before,,,0.7143,31,partial,90,EKF + CTRV
MVI_63554,190,0,medium,17,0.68,no_before,,,0.4118,31,partial,90,EKF + CTRV
MVI_40131,1,0,long,61,2.44,switched,4.0,115.0,0.0,486,full,90,EKF + CTRV
MVI_40131,19,0,long,54,2.16,switched,79.0,406.0,0.0,1086,full,90,EKF + CTRV
MVI_40131,35,0,long,50,2.0,switched,262.0,434.0,0.0,456,full,90,EKF + CTRV
MVI_40171,9,0,short,1,0.04,preserved,51.0,51.0,1.0,61,full,90,EKF + CTRV
MVI_40171,9,1,short,10,0.4,preserved,51.0,51.0,0.9,61,full,90,EKF + CTRV
MVI_40171,26,0,short,3,0.12,preserved,225.0,225.0,0.6667,56,full,90,EKF + CTRV
MVI_40171,41,0,long,66,2.64,switched,191.0,291.0,0.0,1150,full,90,EKF + CTRV
MVI_40171,41,1,long,38,1.52,switched,291.0,384.0,0.0,1150,full,90,EKF + CTRV
MVI_40171,42,0,medium,14,0.56,no_before,,,0.0,1150,full,90,EKF + CTRV
MVI_40171,42,1,short,1,0.04,no_before,,,0.0,1150,full,90,EKF + CTRV
MVI_40171,42,2,short,2,0.08,no_before,,,0.0,1150,full,90,EKF + CTRV
MVI_40171,42,3,long,772,30.88,no_before,,,0.0,1150,full,90,EKF + CTRV
MVI_40171,42,4,long,142,5.68,no_before,,,0.0,1150,full,90,EKF + CTRV
MVI_40171,43,0,long,121,4.84,no_before,,,0.0,1150,full,90,EKF + CTRV
MVI_40171,43,1,long,1012,40.48,no_before,,,0.0,1150,full,90,EKF + CTRV
MVI_40171,44,0,long,141,5.64,no_before,,,0.0,1150,full,90,EKF + CTRV
MVI_40171,44,1,long,989,39.56,no_before,,,0.0,1150,full,90,EKF + CTRV
MVI_40172,16,0,long,158,6.32,no_before,,,0.0,227,full,90,EKF + CTRV
MVI_40172,99,0,long,42,1.68,switched,2.0,56.0,0.0,2635,full,90,EKF + CTRV
MVI_40172,99,1,long,40,1.6,switched,56.0,244.0,0.0,2635,full,90,EKF + CTRV
MVI_40172,99,2,medium,15,0.6,preserved,244.0,244.0,0.0,2635,full,90,EKF + CTRV
MVI_40172,100,0,long,2225,89.0,no_before,,,0.0,2635,full,90,EKF + CTRV
MVI_40172,101,0,long,1489,59.56,no_before,,,0.0,2635,full,90,EKF + CTRV
MVI_40172,101,1,long,148,5.92,no_before,,,0.0,2635,full,90,EKF + CTRV
MVI_40172,101,2,long,526,21.04,no_before,,,0.0,2635,full,90,EKF + CTRV
MVI_40172,101,3,short,2,0.08,no_before,,,0.0,2635,full,90,EKF + CTRV
MVI_40172,101,4,short,9,0.36,no_before,,,0.0,2635,full,90,EKF + CTRV
MVI_40172,101,5,medium,19,0.76,no_before,,,0.0,2635,full,90,EKF + CTRV
MVI_40172,102,0,long,395,15.8,no_before,,,0.0,2635,full,90,EKF + CTRV
MVI_40172,102,1,long,1062,42.48,no_before,,,0.0,2635,full,90,EKF + CTRV
MVI_40172,102,2,short,7,0.28,no_before,,,0.0,2635,full,90,EKF + CTRV
MVI_40172,102,3,short,1,0.04,no_before,,,0.0,2635,full,90,EKF + CTRV
MVI_40172,102,4,short,2,0.08,no_before,,,0.0,2635,full,90,EKF + CTRV
MVI_40172,102,5,long,53,2.12,no_before,,,0.0,2635,full,90,EKF + CTRV
MVI_40172,102,6,short,5,0.2,no_before,,,0.0,2635,full,90,EKF + CTRV
MVI_40172,102,7,medium,19,0.76,no_before,,,0.0,2635,full,90,EKF + CTRV
MVI_40172,102,8,long,67,2.68,no_before,,,0.0,2635,full,90,EKF + CTRV
MVI_40172,102,9,long,87,3.48,no_before,,,0.0,2635,full,90,EKF + CTRV
MVI_40172,102,10,short,2,0.08,no_before,,,0.0,2635,full,90,EKF + CTRV
MVI_40172,102,11,long,95,3.8,no_before,,,0.0,2635,full,90,EKF + CTRV
MVI_40172,105,0,long,47,1.88,preserved,3.0,3.0,0.0,2635,full,90,EKF + CTRV
MVI_40172,105,1,long,42,1.68,preserved,3.0,3.0,0.0,2635,full,90,EKF + CTRV
MVI_40172,105,2,short,7,0.28,no_before,,,0.0,2635,full,90,EKF + CTRV
MVI_40172,105,3,medium,20,0.8,switched,438.0,824.0,0.0,2635,full,90,EKF + CTRV
MVI_40204,15,0,short,1,0.04,lost,25.0,,0.0,136,full,90,EKF + CTRV
MVI_40204,35,0,medium,21,0.84,no_before,,,0.0,131,full,90,EKF + CTRV
MVI_40204,35,1,short,9,0.36,no_before,,,0.0,131,full,90,EKF + CTRV
MVI_40204,51,0,short,3,0.12,preserved,367.0,367.0,0.0,131,full,90,EKF + CTRV
MVI_40204,51,1,short,6,0.24,lost,367.0,,0.1667,131,full,90,EKF + CTRV
MVI_40204,51,2,short,1,0.04,lost,367.0,,0.0,131,full,90,EKF + CTRV
MVI_40204,60,0,short,1,0.04,lost,306.0,,0.0,131,full,90,EKF + CTRV
MVI_40204,60,1,short,1,0.04,no_before,,,0.0,131,full,90,EKF + CTRV
MVI_40204,65,0,short,3,0.12,no_before,,,0.0,141,full,90,EKF + CTRV
MVI_40204,71,0,medium,16,0.64,lost,579.0,,0.0,116,full,90,EKF + CTRV
MVI_40204,71,1,short,1,0.04,no_before,,,0.0,116,full,90,EKF + CTRV
MVI_40204,81,0,short,9,0.36,no_before,,,0.0,141,full,90,EKF + CTRV
MVI_40204,81,1,short,3,0.12,no_before,,,0.0,141,full,90,EKF + CTRV
MVI_40204,85,0,short,12,0.48,lost,725.0,,0.0,141,full,90,EKF + CTRV
MVI_40204,85,1,short,7,0.28,lost,725.0,,0.0,141,full,90,EKF + CTRV
MVI_40204,88,0,short,2,0.08,lost,743.0,,0.0,146,full,90,EKF + CTRV
MVI_40204,88,1,short,1,0.04,lost,743.0,,0.0,146,full,90,EKF + CTRV
MVI_40204,88,2,short,1,0.04,lost,743.0,,0.0,146,full,90,EKF + CTRV
MVI_40204,90,0,short,8,0.32,preserved,678.0,678.0,0.75,146,full,90,EKF + CTRV
MVI_40204,90,1,short,4,0.16,preserved,678.0,678.0,0.75,146,full,90,EKF + CTRV
MVI_40204,90,2,short,1,0.04,lost,678.0,,1.0,146,full,90,EKF + CTRV
MVI_40204,90,3,short,1,0.04,lost,678.0,,0.0,146,full,90,EKF + CTRV
MVI_40204,90,4,medium,18,0.72,lost,678.0,,0.0,146,full,90,EKF + CTRV
MVI_40204,98,0,long,53,2.12,lost,715.0,,0.0,156,full,90,EKF + CTRV
MVI_40204,108,0,short,1,0.04,preserved,802.0,802.0,0.0,151,full,90,EKF + CTRV
MVI_40204,116,0,short,1,0.04,no_before,,,0.0,146,full,90,EKF + CTRV
MVI_40204,116,1,short,1,0.04,no_before,,,0.0,146,full,90,EKF + CTRV
MVI_40204,128,0,short,10,0.4,lost,970.0,,0.0,131,full,90,EKF + CTRV
MVI_40204,129,0,short,1,0.04,no_before,,,0.0,156,full,90,EKF + CTRV
MVI_40204,129,1,short,2,0.08,no_before,,,0.0,156,full,90,EKF + CTRV
MVI_40204,162,0,short,1,0.04,no_before,,,0.0,151,full,90,EKF + CTRV
MVI_40204,162,1,short,1,0.04,no_before,,,0.0,151,full,90,EKF + CTRV
MVI_40204,162,2,short,2,0.08,no_before,,,0.0,151,full,90,EKF + CTRV
MVI_40204,162,3,medium,14,0.56,no_before,,,0.0,151,full,90,EKF + CTRV
MVI_40204,165,0,short,6,0.24,switched,1409.0,1468.0,0.0,145,full,90,EKF + CTRV
MVI_40204,168,0,short,1,0.04,preserved,1453.0,1453.0,1.0,120,full,90,EKF + CTRV
MVI_40751,2,0,long,47,1.88,switched,1.0,28.0,0.0,1140,full,90,EKF + CTRV
MVI_40751,21,0,short,12,0.48,lost,326.0,,0.0,625,full,90,EKF + CTRV
MVI_40751,21,1,short,4,0.16,lost,326.0,,0.0,625,full,90,EKF + CTRV
MVI_40751,21,2,short,4,0.16,no_before,,,0.0,625,full,90,EKF + CTRV
MVI_40751,21,3,short,3,0.12,no_before,,,0.0,625,full,90,EKF + CTRV
MVI_40751,21,4,short,2,0.08,no_before,,,0.0,625,full,90,EKF + CTRV
MVI_40751,21,5,short,4,0.16,no_before,,,0.0,625,full,90,EKF + CTRV
MVI_40751,21,6,short,4,0.16,no_before,,,0.0,625,full,90,EKF + CTRV
MVI_63554,4,0,short,3,0.12,no_before,,,0.0,26,full,90,EKF + CTRV
MVI_63554,4,1,short,6,0.24,no_before,,,0.0,26,full,90,EKF + CTRV
MVI_63554,8,0,short,2,0.08,no_before,,,0.0,16,full,90,EKF + CTRV
MVI_63554,9,0,medium,35,1.4,lost,16.0,,0.0,61,full,90,EKF + CTRV
MVI_63554,20,0,short,1,0.04,lost,68.0,,0.0,66,full,90,EKF + CTRV
MVI_63554,25,0,medium,19,0.76,lost,87.0,,0.0,56,full,90,EKF + CTRV
MVI_63554,32,0,long,57,2.28,lost,140.0,,0.0,71,full,90,EKF + CTRV
MVI_63554,36,0,long,49,1.96,lost,172.0,,0.0,66,full,90,EKF + CTRV
MVI_63554,42,0,short,1,0.04,no_before,,,0.0,16,full,90,EKF + CTRV
MVI_63554,43,0,long,55,2.2,lost,200.0,,0.0,71,full,90,EKF + CTRV
MVI_63554,56,0,medium,30,1.2,no_before,,,0.0,51,full,90,EKF + CTRV
MVI_63554,56,1,short,9,0.36,no_before,,,0.0,51,full,90,EKF + CTRV
MVI_63554,61,0,short,1,0.04,no_before,,,0.0,66,full,90,EKF + CTRV
MVI_63554,61,1,short,6,0.24,no_before,,,0.0,66,full,90,EKF + CTRV
MVI_63554,64,0,medium,37,1.48,lost,318.0,,0.0,46,full,90,EKF + CTRV
MVI_63554,68,0,long,51,2.04,lost,346.0,,0.0,66,full,90,EKF + CTRV
MVI_63554,77,0,medium,20,0.8,lost,373.0,,0.0,61,full,90,EKF + CTRV
MVI_63554,79,0,short,9,0.36,switched,380.0,403.0,0.2222,71,full,90,EKF + CTRV
MVI_63554,82,0,long,47,1.88,lost,384.0,,0.0,56,full,90,EKF + CTRV
MVI_63554,83,0,short,5,0.2,no_before,,,0.0,21,full,90,EKF + CTRV
MVI_63554,86,0,long,43,1.72,no_before,,,0.0,56,full,90,EKF + CTRV
MVI_63554,88,0,short,3,0.12,no_before,,,0.0,16,full,90,EKF + CTRV
MVI_63554,92,0,medium,14,0.56,switched,428.0,446.0,0.0,56,full,90,EKF + CTRV
MVI_63554,92,1,short,8,0.32,switched,428.0,446.0,0.0,56,full,90,EKF + CTRV
MVI_63554,96,0,short,4,0.16,no_before,,,0.0,26,full,90,EKF + CTRV
MVI_63554,101,0,long,42,1.68,lost,484.0,,0.0,51,full,90,EKF + CTRV
MVI_63554,108,0,long,39,1.56,no_before,,,0.0,51,full,90,EKF + CTRV
MVI_63554,115,0,short,3,0.12,lost,554.0,,0.0,61,full,90,EKF + CTRV
MVI_63554,115,1,short,9,0.36,lost,554.0,,0.0,61,full,90,EKF + CTRV
MVI_63554,116,0,short,2,0.08,no_before,,,0.0,26,full,90,EKF + CTRV
MVI_63554,120,0,short,4,0.16,no_before,,,0.0,26,full,90,EKF + CTRV
MVI_63554,124,0,medium,24,0.96,lost,604.0,,0.0,61,full,90,EKF + CTRV
MVI_63554,124,1,medium,19,0.76,lost,604.0,,0.0,61,full,90,EKF + CTRV
MVI_63554,129,0,short,2,0.08,no_before,,,0.0,21,full,90,EKF + CTRV
MVI_63554,137,0,short,3,0.12,no_before,,,0.0,16,full,90,EKF + CTRV
MVI_63554,147,0,medium,28,1.12,lost,703.0,,0.0,46,full,90,EKF + CTRV
MVI_63554,151,0,short,1,0.04,no_before,,,0.0,21,full,90,EKF + CTRV
MVI_63554,153,0,short,2,0.08,no_before,,,0.0,20,full,90,EKF + CTRV
MVI_63554,155,0,medium,19,0.76,lost,726.0,,0.0,56,full,90,EKF + CTRV
MVI_63554,165,0,medium,20,0.8,lost,764.0,,0.0,56,full,90,EKF + CTRV
MVI_63554,165,1,medium,22,0.88,lost,764.0,,0.0,56,full,90,EKF + CTRV
MVI_63554,171,0,medium,33,1.32,lost,809.0,,0.0,56,full,90,EKF + CTRV
MVI_63554,174,0,short,2,0.08,no_before,,,0.0,16,full,90,EKF + CTRV
MVI_63554,177,0,medium,13,0.52,no_before,,,0.0,56,full,90,EKF + CTRV
MVI_63554,182,0,long,38,1.52,lost,852.0,,0.0,56,full,90,EKF + CTRV
MVI_40131,1,0,long,120,4.8,switched,4.0,116.0,0.2583,486,partial,90,UKF + CTRV
MVI_40131,12,0,long,81,3.24,no_before,,,0.4938,326,partial,90,UKF + CTRV
MVI_40131,16,0,long,52,2.08,switched,70.0,93.0,0.1923,256,partial,90,UKF + CTRV
MVI_40131,16,1,medium,22,0.88,preserved,93.0,93.0,1.0,256,partial,90,UKF + CTRV
MVI_40131,17,0,long,64,2.56,no_before,,,0.375,171,partial,90,UKF + CTRV
MVI_40131,19,0,medium,19,0.76,preserved,79.0,79.0,0.4211,1086,partial,90,UKF + CTRV
MVI_40131,19,1,long,114,4.56,switched,79.0,409.0,0.2456,1086,partial,90,UKF + CTRV
MVI_40131,19,2,medium,18,0.72,preserved,409.0,409.0,1.0,1086,partial,90,UKF + CTRV
MVI_40131,19,3,short,6,0.24,preserved,409.0,409.0,1.0,1086,partial,90,UKF + CTRV
MVI_40131,19,4,medium,13,0.52,preserved,495.0,495.0,1.0,1086,partial,90,UKF + CTRV
MVI_40131,19,5,long,72,2.88,preserved,409.0,409.0,1.0,1086,partial,90,UKF + CTRV
MVI_40131,19,6,medium,29,1.16,preserved,409.0,409.0,1.0,1086,partial,90,UKF + CTRV
MVI_40131,20,0,short,5,0.2,no_before,,,0.0,406,partial,90,UKF + CTRV
MVI_40131,20,1,long,62,2.48,no_before,,,0.0968,406,partial,90,UKF + CTRV
MVI_40131,20,2,short,7,0.28,preserved,111.0,111.0,1.0,406,partial,90,UKF + CTRV
MVI_40131,23,0,medium,25,1.0,no_before,,,0.24,226,partial,90,UKF + CTRV
MVI_40131,25,0,long,177,7.08,switched,150.0,193.0,0.9209,321,partial,90,UKF + CTRV
MVI_40131,26,0,long,84,3.36,switched,169.0,197.0,0.6548,231,partial,90,UKF + CTRV
MVI_40131,29,0,long,102,4.08,switched,240.0,420.0,0.9412,816,partial,90,UKF + CTRV
MVI_40131,30,0,short,9,0.36,preserved,211.0,211.0,1.0,296,partial,90,UKF + CTRV
MVI_40131,30,1,long,51,2.04,preserved,211.0,211.0,0.902,296,partial,90,UKF + CTRV
MVI_40131,31,0,medium,24,0.96,no_before,,,0.0,221,partial,90,UKF + CTRV
MVI_40131,31,1,short,8,0.32,no_before,,,0.0,221,partial,90,UKF + CTRV
MVI_40131,34,0,long,65,2.6,no_before,,,0.8769,281,partial,90,UKF + CTRV
MVI_40131,35,0,long,97,3.88,switched,260.0,437.0,0.2784,456,partial,90,UKF + CTRV
MVI_40131,35,1,medium,26,1.04,preserved,437.0,437.0,1.0,456,partial,90,UKF + CTRV
MVI_40131,36,0,medium,29,1.16,no_before,,,0.6207,226,partial,90,UKF + CTRV
MVI_40131,37,0,long,210,8.4,no_before,,,0.2381,421,partial,90,UKF + CTRV
MVI_40131,37,1,medium,33,1.32,preserved,471.0,471.0,1.0,421,partial,90,UKF + CTRV
MVI_40131,38,0,long,51,2.04,preserved,339.0,339.0,0.7647,306,partial,90,UKF + CTRV
MVI_40131,39,0,long,100,4.0,no_before,,,0.86,241,partial,90,UKF + CTRV
MVI_40131,39,1,long,55,2.2,preserved,328.0,328.0,1.0,241,partial,90,UKF + CTRV
MVI_40131,40,0,long,119,4.76,no_before,,,0.7899,366,partial,90,UKF + CTRV
MVI_40131,40,1,short,11,0.44,preserved,450.0,450.0,1.0,366,partial,90,UKF + CTRV
MVI_40131,40,3,medium,15,0.6,preserved,450.0,450.0,1.0,366,partial,90,UKF + CTRV
MVI_40131,40,4,short,8,0.32,preserved,450.0,450.0,1.0,366,partial,90,UKF + CTRV
MVI_40131,41,0,long,43,1.72,no_before,,,0.6047,281,partial,90,UKF + CTRV
MVI_40131,45,0,medium,25,1.0,no_before,,,0.2,206,partial,90,UKF + CTRV
MVI_40131,60,0,medium,22,0.88,lost,696.0,,0.7273,116,partial,90,UKF + CTRV
MVI_40131,62,0,medium,26,1.04,lost,711.0,,0.9231,95,partial,90,UKF + CTRV
MVI_40131,65,0,long,60,2.4,no_before,,,0.0,60,partial,90,UKF + CTRV
MVI_40171,1,0,medium,26,1.04,no_before,,,1.0,26,partial,90,UKF + CTRV
MVI_40171,6,0,long,41,1.64,preserved,21.0,21.0,0.9512,71,partial,90,UKF + CTRV
MVI_40171,7,0,long,56,2.24,no_before,,,0.2857,56,partial,90,UKF + CTRV
MVI_40171,8,0,short,12,0.48,no_before,,,0.0,726,partial,90,UKF + CTRV
MVI_40171,8,1,short,11,0.44,preserved,44.0,44.0,0.0,726,partial,90,UKF + CTRV
MVI_40171,8,3,medium,26,1.04,preserved,44.0,44.0,1.0,726,partial,90,UKF + CTRV
MVI_40171,8,4,medium,25,1.0,preserved,44.0,44.0,1.0,726,partial,90,UKF + CTRV
MVI_40171,8,5,medium,18,0.72,preserved,44.0,44.0,1.0,726,partial,90,UKF + CTRV
MVI_40171,8,6,short,12,0.48,preserved,44.0,44.0,1.0,726,partial,90,UKF + CTRV
MVI_40171,8,7,medium,32,1.28,preserved,44.0,44.0,1.0,726,partial,90,UKF + CTRV
MVI_40171,8,8,medium,28,1.12,preserved,44.0,44.0,1.0,726,partial,90,UKF + CTRV
MVI_40171,8,9,medium,16,0.64,preserved,44.0,44.0,1.0,726,partial,90,UKF + CTRV
MVI_40171,9,1,short,10,0.4,preserved,51.0,51.0,0.9,61,partial,90,UKF + CTRV
MVI_40171,11,0,medium,27,1.08,preserved,58.0,58.0,1.0,91,partial,90,UKF + CTRV
MVI_40171,12,0,long,61,2.44,no_before,,,0.459,61,partial,90,UKF + CTRV
MVI_40171,14,0,medium,31,1.24,switched,63.0,99.0,0.8387,86,partial,90,UKF + CTRV
MVI_40171,15,0,long,66,2.64,no_before,,,0.5152,66,partial,90,UKF + CTRV
MVI_40171,16,0,long,61,2.44,no_before,,,0.8361,61,partial,90,UKF + CTRV
MVI_40171,17,0,short,11,0.44,no_before,,,0.2727,76,partial,90,UKF + CTRV
MVI_40171,18,0,long,209,8.36,switched,151.0,191.0,0.1196,786,partial,90,UKF + CTRV
MVI_40171,18,1,short,11,0.44,preserved,191.0,191.0,0.7273,786,partial,90,UKF + CTRV
MVI_40171,18,2,short,4,0.16,preserved,191.0,191.0,1.0,786,partial,90,UKF + CTRV
MVI_40171,18,3,short,4,0.16,preserved,191.0,191.0,0.5,786,partial,90,UKF + CTRV
MVI_40171,18,4,short,4,0.16,preserved,191.0,191.0,1.0,786,partial,90,UKF + CTRV
MVI_40171,19,0,long,61,2.44,no_before,,,0.8361,61,partial,90,UKF + CTRV
MVI_40171,22,0,long,69,2.76,lost,166.0,,0.7826,71,partial,90,UKF + CTRV
MVI_40171,23,0,long,62,2.48,preserved,185.0,185.0,0.8387,66,partial,90,UKF + CTRV
MVI_40171,25,0,long,66,2.64,no_before,,,0.7424,66,partial,90,UKF + CTRV
MVI_40171,26,0,long,47,1.88,no_before,,,0.8298,56,partial,90,UKF + CTRV
MVI_40171,27,0,medium,30,1.2,no_before,,,0.3667,76,partial,90,UKF + CTRV
MVI_40171,28,0,medium,21,0.84,no_before,,,0.9048,76,partial,90,UKF + CTRV
MVI_40171,29,0,long,53,2.12,no_before,,,0.7358,56,partial,90,UKF + CTRV
MVI_40171,31,0,medium,26,1.04,preserved,274.0,274.0,1.0,96,partial,90,UKF + CTRV
MVI_40171,34,0,long,66,2.64,lost,307.0,,0.8788,71,partial,90,UKF + CTRV
MVI_40171,35,0,long,62,2.48,preserved,314.0,314.0,0.871,76,partial,90,UKF + CTRV
MVI_40171,36,0,long,66,2.64,no_before,,,0.6364,66,partial,90,UKF + CTRV
MVI_40171,38,0,short,8,0.32,no_before,,,0.0,185,partial,90,UKF + CTRV
MVI_40171,39,0,long,70,2.8,lost,362.0,,0.7571,71,partial,90,UKF + CTRV
MVI_40171,40,0,medium,23,0.92,lost,384.0,,1.0,45,partial,90,UKF + CTRV
MVI_40171,41,0,long,99,3.96,switched,193.0,293.0,0.101,1150,partial,90,UKF + CTRV
MVI_40171,41,1,long,52,2.08,preserved,293.0,293.0,0.0769,1150,partial,90,UKF + CTRV
MVI_40171,42,0,long,1150,46.0,no_before,,,0.0,1150,partial,90,UKF + CTRV
MVI_40171,43,0,long,1150,46.0,no_before,,,0.0,1150,partial,90,UKF + CTRV
MVI_40171,44,0,long,1150,46.0,no_before,,,0.0,1150,partial,90,UKF + CTRV
MVI_40172,16,0,long,180,7.2,no_before,,,0.0111,227,partial,90,UKF + CTRV
MVI_40172,35,0,long,39,1.56,no_before,,,0.8974,46,partial,90,UKF + CTRV
MVI_40172,36,0,medium,37,1.48,no_before,,,0.973,41,partial,90,UKF + CTRV
MVI_40172,40,0,medium,29,1.16,preserved,516.0,516.0,0.5517,71,partial,90,UKF + CTRV
MVI_40172,41,0,long,39,1.56,lost,520.0,,0.4615,41,partial,90,UKF + CTRV
MVI_40172,47,0,long,48,1.92,lost,554.0,,0.8958,51,partial,90,UKF + CTRV
MVI_40172,50,0,long,51,2.04,no_before,,,0.7451,51,partial,90,UKF + CTRV
MVI_40172,51,0,short,10,0.4,switched,567.0,570.0,0.5,81,partial,90,UKF + CTRV
MVI_40172,56,0,medium,28,1.12,lost,599.0,,1.0,61,partial,90,UKF + CTRV
MVI_40172,57,0,medium,37,1.48,preserved,605.0,605.0,1.0,51,partial,90,UKF + CTRV
MVI_40172,60,0,long,44,1.76,preserved,619.0,619.0,0.7955,66,partial,90,UKF + CTRV
MVI_40172,61,0,medium,13,0.52,preserved,620.0,620.0,1.0,36,partial,90,UKF + CTRV
MVI_40172,63,0,long,46,1.84,no_before,,,0.7391,46,partial,90,UKF + CTRV
MVI_40172,65,0,medium,29,1.16,switched,638.0,661.0,0.4483,46,partial,90,UKF + CTRV
MVI_40172,67,0,medium,31,1.24,no_before,,,0.6774,41,partial,90,UKF + CTRV
MVI_40172,79,0,long,114,4.56,no_before,,,0.0526,201,partial,90,UKF + CTRV
MVI_40172,95,0,long,40,1.6,lost,844.0,,0.85,41,partial,90,UKF + CTRV
MVI_40172,96,0,long,50,2.0,no_before,,,0.88,50,partial,90,UKF + CTRV
MVI_40172,99,0,long,50,2.0,switched,2.0,56.0,0.12,2635,partial,90,UKF + CTRV
MVI_40172,99,1,long,74,2.96,switched,56.0,243.0,0.0946,2635,partial,90,UKF + CTRV
MVI_40172,99,2,long,40,1.6,switched,243.0,809.0,0.125,2635,partial,90,UKF + CTRV
MVI_40172,100,0,long,2635,105.4,no_before,,,0.0,2635,partial,90,UKF + CTRV
MVI_40172,101,0,long,2635,105.4,no_before,,,0.0,2635,partial,90,UKF + CTRV
MVI_40172,102,0,long,2635,105.4,no_before,,,0.0,2635,partial,90,UKF + CTRV
MVI_40172,105,0,long,52,2.08,preserved,3.0,3.0,0.0385,2635,partial,90,UKF + CTRV
MVI_40172,105,1,long,45,1.8,preserved,3.0,3.0,0.0222,2635,partial,90,UKF + CTRV
MVI_40172,105,2,medium,21,0.84,no_before,,,0.0,2635,partial,90,UKF + CTRV
MVI_40172,105,3,long,39,1.56,switched,436.0,816.0,0.2051,2635,partial,90,UKF + CTRV
MVI_40204,6,0,long,86,3.44,no_before,,,0.2442,86,partial,90,UKF + CTRV
MVI_40204,9,0,long,66,2.64,no_before,,,0.0,66,partial,90,UKF + CTRV
MVI_40204,10,0,medium,32,1.28,lost,9.0,,0.375,76,partial,90,UKF + CTRV
MVI_40204,11,0,medium,31,1.24,switched,11.0,70.0,0.3871,66,partial,90,UKF + CTRV
MVI_40204,12,0,medium,16,0.64,no_before,,,0.375,16,partial,90,UKF + CTRV
MVI_40204,15,0,long,136,5.44,no_before,,,0.6618,136,partial,90,UKF + CTRV
MVI_40204,27,0,long,111,4.44,no_before,,,0.7928,111,partial,90,UKF + CTRV
MVI_40204,30,0,long,71,2.84,lost,132.0,,0.1831,141,partial,90,UKF + CTRV
MVI_40204,34,0,short,3,0.12,preserved,143.0,143.0,0.6667,116,partial,90,UKF + CTRV
MVI_40204,34,1,medium,25,1.0,lost,143.0,,0.24,116,partial,90,UKF + CTRV
MVI_40204,34,2,medium,25,1.0,lost,143.0,,0.0,116,partial,90,UKF + CTRV
MVI_40204,35,0,long,131,5.24,no_before,,,0.3053,131,partial,90,UKF + CTRV
MVI_40204,36,0,long,52,2.08,lost,150.0,,0.0,116,partial,90,UKF + CTRV
MVI_40204,39,0,medium,22,0.88,lost,227.0,,0.0,111,partial,90,UKF + CTRV
MVI_40204,40,0,long,39,1.56,lost,169.0,,0.0,151,partial,90,UKF + CTRV
MVI_40204,46,0,long,141,5.64,no_before,,,0.6454,141,partial,90,UKF + CTRV
MVI_40204,49,0,long,46,1.84,preserved,231.0,231.0,0.7391,151,partial,90,UKF + CTRV
MVI_40204,50,0,long,121,4.84,no_before,,,0.3967,121,partial,90,UKF + CTRV
MVI_40204,51,0,long,131,5.24,no_before,,,0.3359,131,partial,90,UKF + CTRV
MVI_40204,52,0,short,2,0.08,preserved,250.0,250.0,1.0,131,partial,90,UKF + CTRV
MVI_40204,60,0,long,131,5.24,no_before,,,0.313,131,partial,90,UKF + CTRV
MVI_40204,63,0,long,39,1.56,switched,360.0,411.0,0.5897,141,partial,90,UKF + CTRV
MVI_40204,64,0,long,130,5.2,no_before,,,0.5769,131,partial,90,UKF + CTRV
MVI_40204,65,0,long,141,5.64,no_before,,,0.1206,141,partial,90,UKF + CTRV
MVI_40204,67,0,long,58,2.32,lost,433.0,,0.0517,131,partial,90,UKF + CTRV
MVI_40204,68,0,medium,15,0.6,lost,458.0,,0.0,126,partial,90,UKF + CTRV
MVI_40204,71,0,long,116,4.64,no_before,,,0.2672,116,partial,90,UKF + CTRV
MVI_40204,72,0,medium,33,1.32,preserved,504.0,504.0,1.0,141,partial,90,UKF + CTRV
MVI_40204,73,0,long,136,5.44,no_before,,,0.3088,136,partial,90,UKF + CTRV
MVI_40204,74,0,long,116,4.64,no_before,,,0.4483,116,partial,90,UKF + CTRV
MVI_40204,78,0,medium,19,0.76,lost,553.0,,0.2632,131,partial,90,UKF + CTRV
MVI_40204,81,0,long,141,5.64,no_before,,,0.2979,141,partial,90,UKF + CTRV
MVI_40204,82,0,short,8,0.32,preserved,590.0,590.0,1.0,136,partial,90,UKF + CTRV
MVI_40204,82,1,long,40,1.6,lost,590.0,,0.825,136,partial,90,UKF + CTRV
MVI_40204,85,0,long,141,5.64,no_before,,,0.5319,141,partial,90,UKF + CTRV
MVI_40204,86,0,long,114,4.56,lost,631.0,,0.3158,136,partial,90,UKF + CTRV
MVI_40204,88,0,long,146,5.84,no_before,,,0.1233,146,partial,90,UKF + CTRV
MVI_40204,90,0,long,146,5.84,no_before,,,0.6918,146,partial,90,UKF + CTRV
MVI_40204,92,0,long,41,1.64,no_before,,,0.9512,156,partial,90,UKF + CTRV
MVI_40204,93,0,long,112,4.48,lost,687.0,,0.5,131,partial,90,UKF + CTRV
MVI_40204,96,0,long,82,3.28,switched,703.0,806.0,0.7195,161,partial,90,UKF + CTRV
MVI_40204,98,0,long,156,6.24,no_before,,,0.5705,156,partial,90,UKF + CTRV
MVI_40204,99,0,short,11,0.44,no_before,,,0.8182,151,partial,90,UKF + CTRV
MVI_40204,106,0,long,51,2.04,no_before,,,0.6275,126,partial,90,UKF + CTRV
MVI_40204,106,1,long,70,2.8,lost,811.0,,0.4,126,partial,90,UKF + CTRV
MVI_40204,108,0,long,151,6.04,no_before,,,0.4238,151,partial,90,UKF + CTRV
MVI_40204,110,0,long,75,3.0,lost,816.0,,0.1733,131,partial,90,UKF + CTRV
MVI_40204,112,0,long,40,1.6,no_before,,,0.0,146,partial,90,UKF + CTRV
MVI_40204,115,0,long,71,2.84,preserved,847.0,847.0,0.8169,151,partial,90,UKF + CTRV
MVI_40204,115,1,short,4,0.16,lost,847.0,,0.0,151,partial,90,UKF + CTRV
MVI_40204,116,0,long,146,5.84,no_before,,,0.0,146,partial,90,UKF + CTRV
MVI_40204,117,0,medium,31,1.24,lost,856.0,,0.2581,141,partial,90,UKF + CTRV
MVI_40204,117,1,short,9,0.36,lost,856.0,,0.0,141,partial,90,UKF + CTRV
MVI_40204,119,0,long,66,2.64,lost,865.0,,0.1061,151,partial,90,UKF + CTRV
MVI_40204,120,0,long,62,2.48,lost,895.0,,0.6613,156,partial,90,UKF + CTRV
MVI_40204,121,0,medium,21,0.84,no_before,,,0.9048,156,partial,90,UKF + CTRV
MVI_40204,122,0,long,141,5.64,no_before,,,0.1135,141,partial,90,UKF + CTRV
MVI_40204,126,0,long,43,1.72,switched,943.0,1070.0,0.5349,166,partial,90,UKF + CTRV
MVI_40204,126,1,short,4,0.16,no_before,,,0.0,166,partial,90,UKF + CTRV
MVI_40204,127,0,short,5,0.2,no_before,,,0.4,161,partial,90,UKF + CTRV
MVI_40204,128,0,medium,18,0.72,preserved,965.0,965.0,1.0,131,partial,90,UKF + CTRV
MVI_40204,128,1,long,98,3.92,lost,965.0,,0.2959,131,partial,90,UKF + CTRV
MVI_40204,129,0,long,156,6.24,no_before,,,0.2564,156,partial,90,UKF + CTRV
MVI_40204,133,0,long,53,2.12,lost,993.0,,0.283,106,partial,90,UKF + CTRV
MVI_40204,135,0,long,75,3.0,lost,1008.0,,0.1333,141,partial,90,UKF + CTRV
MVI_40204,137,0,long,63,2.52,lost,1039.0,,0.2857,126,partial,90,UKF + CTRV
MVI_40204,138,0,short,7,0.28,lost,1209.0,,0.0,166,partial,90,UKF + CTRV
MVI_40204,142,0,long,145,5.8,no_before,,,0.8345,146,partial,90,UKF + CTRV
MVI_40204,145,0,long,146,5.84,no_before,,,0.5411,161,partial,90,UKF + CTRV
MVI_40204,148,0,long,110,4.4,lost,1141.0,,0.3,151,partial,90,UKF + CTRV
MVI_40204,149,0,long,72,2.88,lost,1156.0,,0.1667,161,partial,90,UKF + CTRV
MVI_40204,150,0,long,146,5.84,no_before,,,0.7192,146,partial,90,UKF + CTRV
MVI_40204,153,0,long,129,5.16,lost,1176.0,,0.4574,171,partial,90,UKF + CTRV
MVI_40204,154,0,medium,28,1.12,no_before,,,0.5714,166,partial,90,UKF + CTRV
MVI_40204,158,0,medium,31,1.24,no_before,,,0.0,175,partial,90,UKF + CTRV
MVI_40204,161,0,medium,22,0.88,no_before,,,0.8636,170,partial,90,UKF + CTRV
MVI_40204,161,1,long,67,2.68,lost,1234.0,,0.1642,170,partial,90,UKF + CTRV
MVI_40204,162,0,long,151,6.04,no_before,,,0.0331,151,partial,90,UKF + CTRV
MVI_40204,165,1,long,139,5.56,lost,1264.0,,0.6259,145,partial,90,UKF + CTRV
MVI_40204,168,0,long,120,4.8,no_before,,,0.725,120,partial,90,UKF + CTRV
MVI_40204,173,0,long,65,2.6,no_before,,,0.9692,65,partial,90,UKF + CTRV
MVI_40204,177,0,medium,20,0.8,no_before,,,0.6,20,partial,90,UKF + CTRV
MVI_40751,2,0,long,72,2.88,switched,1.0,28.0,0.0833,1140,partial,90,UKF + CTRV
MVI_40751,2,1,long,175,7.0,preserved,28.0,28.0,0.6457,1140,partial,90,UKF + CTRV
MVI_40751,2,2,short,9,0.36,preserved,28.0,28.0,1.0,1140,partial,90,UKF + CTRV
MVI_40751,2,3,short,6,0.24,preserved,28.0,28.0,1.0,1140,partial,90,UKF + CTRV
MVI_40751,2,4,long,410,16.4,preserved,28.0,28.0,1.0,1140,partial,90,UKF + CTRV
MVI_40751,3,0,long,58,2.32,no_before,,,0.9655,81,partial,90,UKF + CTRV
MVI_40751,4,1,long,46,1.84,preserved,2.0,2.0,1.0,141,partial,90,UKF + CTRV
MVI_40751,5,0,medium,19,0.76,no_before,,,0.0,146,partial,90,UKF + CTRV
MVI_40751,7,0,medium,19,0.76,no_before,,,0.0,186,partial,90,UKF + CTRV
MVI_40751,7,1,medium,14,0.56,preserved,65.0,65.0,1.0,186,partial,90,UKF + CTRV
MVI_40751,7,3,long,97,3.88,preserved,65.0,65.0,1.0,186,partial,90,UKF + CTRV
MVI_40751,8,1,short,4,0.16,preserved,117.0,117.0,1.0,920,partial,90,UKF + CTRV
MVI_40751,8,2,short,5,0.2,preserved,117.0,117.0,1.0,920,partial,90,UKF + CTRV
MVI_40751,8,3,short,10,0.4,preserved,117.0,117.0,1.0,920,partial,90,UKF + CTRV
MVI_40751,8,4,medium,24,0.96,preserved,117.0,117.0,1.0,920,partial,90,UKF + CTRV
MVI_40751,8,5,long,591,23.64,lost,117.0,,0.7783,920,partial,90,UKF + CTRV
MVI_40751,9,0,medium,34,1.36,preserved,156.0,156.0,1.0,96,partial,90,UKF + CTRV
MVI_40751,11,0,medium,32,1.28,no_before,,,0.4062,156,partial,90,UKF + CTRV
MVI_40751,11,1,long,89,3.56,preserved,179.0,179.0,0.9663,156,partial,90,UKF + CTRV
MVI_40751,15,0,long,223,8.92,lost,185.0,,1.0,775,partial,90,UKF + CTRV
MVI_40751,21,0,short,5,0.2,no_before,,,0.0,625,partial,90,UKF + CTRV
MVI_40751,21,1,long,612,24.48,lost,320.0,,0.0294,625,partial,90,UKF + CTRV
MVI_40751,23,0,short,11,0.44,preserved,350.0,350.0,1.0,66,partial,90,UKF + CTRV
MVI_40751,23,1,short,4,0.16,preserved,350.0,350.0,1.0,66,partial,90,UKF + CTRV
MVI_40751,28,0,short,3,0.12,preserved,427.0,427.0,1.0,405,partial,90,UKF + CTRV
MVI_40751,28,1,medium,15,0.6,preserved,427.0,427.0,1.0,405,partial,90,UKF + CTRV
MVI_40751,29,0,medium,23,0.92,preserved,449.0,449.0,1.0,370,partial,90,UKF + CTRV
MVI_40751,31,0,long,41,1.64,no_before,,,0.7073,43,partial,90,UKF + CTRV
MVI_40751,32,0,long,172,6.88,switched,469.0,503.0,0.8721,266,partial,90,UKF + CTRV
MVI_40751,33,0,medium,14,0.56,preserved,483.0,483.0,1.0,270,partial,90,UKF + CTRV
MVI_40751,35,0,medium,23,0.92,lost,511.0,,1.0,156,partial,90,UKF + CTRV
MVI_40751,36,0,long,77,3.08,lost,521.0,,1.0,195,partial,90,UKF + CTRV
MVI_40751,38,0,medium,13,0.52,preserved,539.0,539.0,1.0,140,partial,90,UKF + CTRV
MVI_40751,38,1,long,49,1.96,lost,539.0,,1.0,140,partial,90,UKF + CTRV
MVI_40751,41,0,long,45,1.8,no_before,,,0.3111,45,partial,90,UKF + CTRV
MVI_63554,3,0,short,11,0.44,no_before,,,0.6364,11,partial,90,UKF + CTRV
MVI_63554,4,0,medium,26,1.04,no_before,,,0.0,26,partial,90,UKF + CTRV
MVI_63554,5,0,long,40,1.6,no_before,,,0.925,41,partial,90,UKF + CTRV
MVI_63554,8,0,medium,13,0.52,no_before,,,0.3846,16,partial,90,UKF + CTRV
MVI_63554,9,0,long,55,2.2,lost,16.0,,0.0727,61,partial,90,UKF + CTRV
MVI_63554,11,0,long,52,2.08,lost,30.0,,0.0577,61,partial,90,UKF + CTRV
MVI_63554,13,0,medium,16,0.64,no_before,,,0.25,26,partial,90,UKF + CTRV
MVI_63554,15,0,long,65,2.6,lost,46.0,,0.9692,76,partial,90,UKF + CTRV
MVI_63554,19,0,long,62,2.48,switched,66.0,74.0,0.8548,81,partial,90,UKF + CTRV
MVI_63554,20,0,long,57,2.28,lost,68.0,,0.0,66,partial,90,UKF + CTRV
MVI_63554,22,0,long,61,2.44,no_before,,,0.3443,61,partial,90,UKF + CTRV
MVI_63554,23,0,long,45,1.8,switched,82.0,93.0,0.7556,81,partial,90,UKF + CTRV
MVI_63554,24,0,short,11,0.44,no_before,,,0.1818,21,partial,90,UKF + CTRV
MVI_63554,25,0,long,51,2.04,no_before,,,0.1176,56,partial,90,UKF + CTRV
MVI_63554,30,0,long,74,2.96,lost,133.0,,0.2027,81,partial,90,UKF + CTRV
MVI_63554,31,0,long,76,3.04,no_before,,,0.5263,76,partial,90,UKF + CTRV
MVI_63554,32,0,long,64,2.56,lost,138.0,,0.0938,71,partial,90,UKF + CTRV
MVI_63554,33,0,long,45,1.8,lost,147.0,,0.9556,81,partial,90,UKF + CTRV
MVI_63554,35,0,medium,16,0.64,no_before,,,0.8125,86,partial,90,UKF + CTRV
MVI_63554,36,0,long,59,2.36,lost,170.0,,0.0678,66,partial,90,UKF + CTRV
MVI_63554,41,0,medium,25,1.0,lost,194.0,,0.56,91,partial,90,UKF + CTRV
MVI_63554,42,0,short,11,0.44,no_before,,,0.1818,16,partial,90,UKF + CTRV
MVI_63554,43,0,long,62,2.48,lost,198.0,,0.0806,71,partial,90,UKF + CTRV
MVI_63554,44,0,long,64,2.56,lost,202.0,,0.7812,71,partial,90,UKF + CTRV
MVI_63554,47,0,long,59,2.36,lost,209.0,,0.1356,66,partial,90,UKF + CTRV
MVI_63554,49,0,long,54,2.16,lost,220.0,,0.8333,81,partial,90,UKF + CTRV
MVI_63554,50,0,long,63,2.52,lost,222.0,,0.254,71,partial,90,UKF + CTRV
MVI_63554,51,0,short,11,0.44,no_before,,,0.0,21,partial,90,UKF + CTRV
MVI_63554,55,0,long,62,2.48,lost,281.0,,0.7903,71,partial,90,UKF + CTRV
MVI_63554,56,0,long,48,1.92,no_before,,,0.0,51,partial,90,UKF + CTRV
MVI_63554,58,0,medium,21,0.84,preserved,292.0,292.0,0.9524,41,partial,90,UKF + CTRV
MVI_63554,60,0,medium,13,0.52,no_before,,,0.2308,21,partial,90,UKF + CTRV
MVI_63554,61,0,long,63,2.52,no_before,,,0.5079,66,partial,90,UKF + CTRV
MVI_63554,62,0,short,5,0.2,preserved,309.0,309.0,1.0,66,partial,90,UKF + CTRV
MVI_63554,62,1,medium,35,1.4,lost,309.0,,0.5429,66,partial,90,UKF + CTRV
MVI_63554,63,0,long,60,2.4,lost,314.0,,0.7,66,partial,90,UKF + CTRV
MVI_63554,64,0,long,42,1.68,no_before,,,0.0238,46,partial,90,UKF + CTRV
MVI_63554,68,0,long,57,2.28,lost,344.0,,0.0702,66,partial,90,UKF + CTRV
MVI_63554,69,0,medium,16,0.64,no_before,,,0.5625,26,partial,90,UKF + CTRV
MVI_63554,72,0,medium,20,0.8,lost,358.0,,0.35,101,partial,90,UKF + CTRV
MVI_63554,73,0,long,50,2.0,preserved,361.0,361.0,0.88,61,partial,90,UKF + CTRV
MVI_63554,76,0,medium,13,0.52,no_before,,,0.3077,21,partial,90,UKF + CTRV
MVI_63554,77,0,long,56,2.24,lost,371.0,,0.0714,61,partial,90,UKF + CTRV
MVI_63554,79,0,long,61,2.44,no_before,,,0.3934,71,partial,90,UKF + CTRV
MVI_63554,80,0,long,55,2.2,lost,379.0,,0.8364,61,partial,90,UKF + CTRV
MVI_63554,81,0,short,10,0.4,no_before,,,0.5,81,partial,90,UKF + CTRV
MVI_63554,82,0,long,53,2.12,no_before,,,0.0755,56,partial,90,UKF + CTRV
MVI_63554,83,0,medium,15,0.6,no_before,,,0.1333,21,partial,90,UKF + CTRV
MVI_63554,86,0,long,49,1.96,no_before,,,0.0,56,partial,90,UKF + CTRV
MVI_63554,87,0,medium,31,1.24,preserved,408.0,408.0,0.871,61,partial,90,UKF + CTRV
MVI_63554,88,0,medium,13,0.52,no_before,,,0.2308,16,partial,90,UKF + CTRV
MVI_63554,90,0,medium,20,0.8,lost,420.0,,0.85,86,partial,90,UKF + CTRV
MVI_63554,92,0,long,50,2.0,lost,426.0,,0.1,56,partial,90,UKF + CTRV
MVI_63554,93,0,long,39,1.56,preserved,432.0,432.0,0.7949,71,partial,90,UKF + CTRV
MVI_63554,93,3,short,9,0.36,lost,432.0,,0.0,71,partial,90,UKF + CTRV
MVI_63554,94,0,medium,26,1.04,preserved,434.0,434.0,1.0,56,partial,90,UKF + CTRV
MVI_63554,95,0,long,51,2.04,preserved,442.0,442.0,0.7059,81,partial,90,UKF + CTRV
MVI_63554,96,0,medium,15,0.6,no_before,,,0.0667,26,partial,90,UKF + CTRV
MVI_63554,98,0,long,64,2.56,lost,451.0,,0.7188,71,partial,90,UKF + CTRV
MVI_63554,99,0,medium,15,0.6,no_before,,,0.6667,26,partial,90,UKF + CTRV
MVI_63554,101,0,long,48,1.92,no_before,,,0.0417,51,partial,90,UKF + CTRV
MVI_63554,102,0,medium,14,0.56,no_before,,,0.0714,26,partial,90,UKF + CTRV
MVI_63554,103,0,medium,17,0.68,lost,492.0,,0.5294,71,partial,90,UKF + CTRV
MVI_63554,105,0,long,61,2.44,lost,496.0,,0.7541,66,partial,90,UKF + CTRV
MVI_63554,108,0,long,44,1.76,no_before,,,0.0,51,partial,90,UKF + CTRV
MVI_63554,109,0,medium,18,0.72,no_before,,,0.2778,31,partial,90,UKF + CTRV
MVI_63554,112,0,medium,31,1.24,no_before,,,0.6129,61,partial,90,UKF + CTRV
MVI_63554,115,0,long,53,2.12,lost,553.0,,0.0943,61,partial,90,UKF + CTRV
MVI_63554,116,0,medium,15,0.6,no_before,,,0.2,26,partial,90,UKF + CTRV
MVI_63554,117,0,long,53,2.12,lost,560.0,,0.4528,61,partial,90,UKF + CTRV
MVI_63554,120,0,medium,15,0.6,no_before,,,0.2,26,partial,90,UKF + CTRV
MVI_63554,123,0,long,60,2.4,no_before,,,0.4,61,partial,90,UKF + CTRV
MVI_63554,124,0,long,54,2.16,no_before,,,0.1111,61,partial,90,UKF + CTRV
MVI_63554,126,0,medium,37,1.48,lost,605.0,,0.9189,56,partial,90,UKF + CTRV
MVI_63554,129,0,medium,13,0.52,no_before,,,0.3846,21,partial,90,UKF + CTRV
MVI_63554,132,0,short,12,0.48,no_before,,,0.4167,26,partial,90,UKF + CTRV
MVI_63554,134,0,long,55,2.2,lost,656.0,,0.6909,61,partial,90,UKF + CTRV
MVI_63554,137,0,short,12,0.48,no_before,,,0.1667,16,partial,90,UKF + CTRV
MVI_63554,139,0,long,48,1.92,lost,678.0,,0.875,56,partial,90,UKF + CTRV
MVI_63554,142,0,medium,15,0.6,no_before,,,0.4,26,partial,90,UKF + CTRV
MVI_63554,143,0,long,57,2.28,lost,688.0,,0.8772,66,partial,90,UKF + CTRV
MVI_63554,147,0,long,39,1.56,lost,701.0,,0.0769,46,partial,90,UKF + CTRV
MVI_63554,148,0,short,8,0.32,preserved,698.0,698.0,1.0,56,partial,90,UKF + CTRV
MVI_63554,151,0,short,12,0.48,no_before,,,0.5833,21,partial,90,UKF + CTRV
MVI_63554,152,0,short,10,0.4,preserved,716.0,716.0,1.0,61,partial,90,UKF + CTRV
MVI_63554,152,1,short,2,0.08,preserved,716.0,716.0,1.0,61,partial,90,UKF + CTRV
MVI_63554,152,2,short,5,0.2,lost,716.0,,0.0,61,partial,90,UKF + CTRV
MVI_63554,153,0,medium,14,0.56,no_before,,,0.3571,20,partial,90,UKF + CTRV
MVI_63554,155,0,long,49,1.96,lost,724.0,,0.0816,56,partial,90,UKF + CTRV
MVI_63554,158,0,long,54,2.16,lost,739.0,,0.8889,66,partial,90,UKF + CTRV
MVI_63554,160,0,short,12,0.48,no_before,,,0.3333,21,partial,90,UKF + CTRV
MVI_63554,162,0,long,54,2.16,lost,747.0,,0.7407,61,partial,90,UKF + CTRV
MVI_63554,163,0,long,54,2.16,no_before,,,0.9259,71,partial,90,UKF + CTRV
MVI_63554,164,0,long,66,2.64,no_before,,,1.0,66,partial,90,UKF + CTRV
MVI_63554,165,0,long,52,2.08,lost,762.0,,0.0577,56,partial,90,UKF + CTRV
MVI_63554,168,0,long,53,2.12,lost,787.0,,0.8491,61,partial,90,UKF + CTRV
MVI_63554,169,0,medium,14,0.56,no_before,,,0.7143,21,partial,90,UKF + CTRV
MVI_63554,171,0,long,50,2.0,lost,807.0,,0.1,56,partial,90,UKF + CTRV
MVI_63554,174,0,short,11,0.44,no_before,,,0.3636,16,partial,90,UKF + CTRV
MVI_63554,175,0,long,59,2.36,lost,816.0,,0.7288,66,partial,90,UKF + CTRV
MVI_63554,177,0,long,51,2.04,lost,825.0,,0.098,56,partial,90,UKF + CTRV
MVI_63554,180,0,short,9,0.36,no_before,,,0.8889,16,partial,90,UKF + CTRV
MVI_63554,182,0,long,51,2.04,lost,850.0,,0.098,56,partial,90,UKF + CTRV
MVI_63554,183,0,short,8,0.32,no_before,,,0.125,21,partial,90,UKF + CTRV
MVI_63554,185,0,long,39,1.56,no_before,,,0.8205,40,partial,90,UKF + CTRV
MVI_63554,186,0,medium,18,0.72,lost,859.0,,0.1111,25,partial,90,UKF + CTRV
MVI_63554,188,0,short,11,0.44,no_before,,,0.3636,15,partial,90,UKF + CTRV
MVI_63554,189,0,medium,14,0.56,no_before,,,0.7143,31,partial,90,UKF + CTRV
MVI_63554,190,0,medium,17,0.68,no_before,,,0.4118,31,partial,90,UKF + CTRV
MVI_40131,1,0,long,61,2.44,switched,4.0,116.0,0.0,486,full,90,UKF + CTRV
MVI_40131,19,0,long,54,2.16,switched,79.0,409.0,0.0,1086,full,90,UKF + CTRV
MVI_40131,35,0,long,50,2.0,switched,260.0,437.0,0.0,456,full,90,UKF + CTRV
MVI_40171,9,0,short,1,0.04,preserved,51.0,51.0,1.0,61,full,90,UKF + CTRV
MVI_40171,9,1,short,10,0.4,preserved,51.0,51.0,0.9,61,full,90,UKF + CTRV
MVI_40171,26,0,short,3,0.12,preserved,227.0,227.0,0.6667,56,full,90,UKF + CTRV
MVI_40171,41,0,long,66,2.64,switched,193.0,293.0,0.0,1150,full,90,UKF + CTRV
MVI_40171,41,1,long,38,1.52,preserved,293.0,293.0,0.0,1150,full,90,UKF + CTRV
MVI_40171,42,0,medium,14,0.56,no_before,,,0.0,1150,full,90,UKF + CTRV
MVI_40171,42,1,short,1,0.04,no_before,,,0.0,1150,full,90,UKF + CTRV
MVI_40171,42,2,short,2,0.08,no_before,,,0.0,1150,full,90,UKF + CTRV
MVI_40171,42,3,long,772,30.88,no_before,,,0.0,1150,full,90,UKF + CTRV
MVI_40171,42,4,long,142,5.68,no_before,,,0.0,1150,full,90,UKF + CTRV
MVI_40171,43,0,long,121,4.84,no_before,,,0.0,1150,full,90,UKF + CTRV
MVI_40171,43,1,long,1012,40.48,no_before,,,0.0,1150,full,90,UKF + CTRV
MVI_40171,44,0,long,141,5.64,no_before,,,0.0,1150,full,90,UKF + CTRV
MVI_40171,44,1,long,989,39.56,no_before,,,0.0,1150,full,90,UKF + CTRV
MVI_40172,16,0,long,158,6.32,no_before,,,0.0,227,full,90,UKF + CTRV
MVI_40172,99,0,long,42,1.68,switched,2.0,56.0,0.0,2635,full,90,UKF + CTRV
MVI_40172,99,1,long,40,1.6,switched,56.0,243.0,0.0,2635,full,90,UKF + CTRV
MVI_40172,99,2,medium,15,0.6,switched,243.0,809.0,0.0,2635,full,90,UKF + CTRV
MVI_40172,100,0,long,2225,89.0,no_before,,,0.0,2635,full,90,UKF + CTRV
MVI_40172,101,0,long,1489,59.56,no_before,,,0.0,2635,full,90,UKF + CTRV
MVI_40172,101,1,long,148,5.92,no_before,,,0.0,2635,full,90,UKF + CTRV
MVI_40172,101,2,long,526,21.04,no_before,,,0.0,2635,full,90,UKF + CTRV
MVI_40172,101,3,short,2,0.08,no_before,,,0.0,2635,full,90,UKF + CTRV
MVI_40172,101,4,short,9,0.36,no_before,,,0.0,2635,full,90,UKF + CTRV
MVI_40172,101,5,medium,19,0.76,no_before,,,0.0,2635,full,90,UKF + CTRV
MVI_40172,102,0,long,395,15.8,no_before,,,0.0,2635,full,90,UKF + CTRV
MVI_40172,102,1,long,1062,42.48,no_before,,,0.0,2635,full,90,UKF + CTRV
MVI_40172,102,2,short,7,0.28,no_before,,,0.0,2635,full,90,UKF + CTRV
MVI_40172,102,3,short,1,0.04,no_before,,,0.0,2635,full,90,UKF + CTRV
MVI_40172,102,4,short,2,0.08,no_before,,,0.0,2635,full,90,UKF + CTRV
MVI_40172,102,5,long,53,2.12,no_before,,,0.0,2635,full,90,UKF + CTRV
MVI_40172,102,6,short,5,0.2,no_before,,,0.0,2635,full,90,UKF + CTRV
MVI_40172,102,7,medium,19,0.76,no_before,,,0.0,2635,full,90,UKF + CTRV
MVI_40172,102,8,long,67,2.68,no_before,,,0.0,2635,full,90,UKF + CTRV
MVI_40172,102,9,long,87,3.48,no_before,,,0.0,2635,full,90,UKF + CTRV
MVI_40172,102,10,short,2,0.08,no_before,,,0.0,2635,full,90,UKF + CTRV
MVI_40172,102,11,long,95,3.8,no_before,,,0.0,2635,full,90,UKF + CTRV
MVI_40172,105,0,long,47,1.88,preserved,3.0,3.0,0.0,2635,full,90,UKF + CTRV
MVI_40172,105,1,long,42,1.68,preserved,3.0,3.0,0.0,2635,full,90,UKF + CTRV
MVI_40172,105,2,short,7,0.28,no_before,,,0.0,2635,full,90,UKF + CTRV
MVI_40172,105,3,medium,20,0.8,switched,436.0,816.0,0.0,2635,full,90,UKF + CTRV
MVI_40204,15,0,short,1,0.04,lost,25.0,,0.0,136,full,90,UKF + CTRV
MVI_40204,35,0,medium,21,0.84,no_before,,,0.0,131,full,90,UKF + CTRV
MVI_40204,35,1,short,9,0.36,no_before,,,0.0,131,full,90,UKF + CTRV
MVI_40204,51,0,short,3,0.12,preserved,368.0,368.0,0.0,131,full,90,UKF + CTRV
MVI_40204,51,1,short,6,0.24,lost,368.0,,0.1667,131,full,90,UKF + CTRV
MVI_40204,51,2,short,1,0.04,lost,368.0,,0.0,131,full,90,UKF + CTRV
MVI_40204,60,0,short,1,0.04,lost,307.0,,0.0,131,full,90,UKF + CTRV
MVI_40204,60,1,short,1,0.04,no_before,,,0.0,131,full,90,UKF + CTRV
MVI_40204,65,0,short,3,0.12,no_before,,,0.0,141,full,90,UKF + CTRV
MVI_40204,71,0,medium,16,0.64,lost,536.0,,0.0,116,full,90,UKF + CTRV
MVI_40204,71,1,short,1,0.04,no_before,,,0.0,116,full,90,UKF + CTRV
MVI_40204,81,0,short,9,0.36,no_before,,,0.0,141,full,90,UKF + CTRV
MVI_40204,81,1,short,3,0.12,no_before,,,0.0,141,full,90,UKF + CTRV
MVI_40204,85,0,short,12,0.48,lost,721.0,,0.0,141,full,90,UKF + CTRV
MVI_40204,85,1,short,7,0.28,lost,721.0,,0.0,141,full,90,UKF + CTRV
MVI_40204,88,0,short,2,0.08,lost,739.0,,0.0,146,full,90,UKF + CTRV
MVI_40204,88,1,short,1,0.04,lost,739.0,,0.0,146,full,90,UKF + CTRV
MVI_40204,88,2,short,1,0.04,lost,739.0,,0.0,146,full,90,UKF + CTRV
MVI_40204,90,0,short,8,0.32,preserved,675.0,675.0,0.75,146,full,90,UKF + CTRV
MVI_40204,90,1,short,4,0.16,preserved,675.0,675.0,0.75,146,full,90,UKF + CTRV
MVI_40204,90,2,short,1,0.04,lost,675.0,,1.0,146,full,90,UKF + CTRV
MVI_40204,90,3,short,1,0.04,lost,675.0,,0.0,146,full,90,UKF + CTRV
MVI_40204,90,4,medium,18,0.72,lost,675.0,,0.0,146,full,90,UKF + CTRV
MVI_40204,98,0,long,53,2.12,lost,712.0,,0.0,156,full,90,UKF + CTRV
MVI_40204,108,0,short,1,0.04,preserved,798.0,798.0,0.0,151,full,90,UKF + CTRV
MVI_40204,116,0,short,1,0.04,no_before,,,0.0,146,full,90,UKF + CTRV
MVI_40204,116,1,short,1,0.04,no_before,,,0.0,146,full,90,UKF + CTRV
MVI_40204,128,0,short,10,0.4,lost,965.0,,0.0,131,full,90,UKF + CTRV
MVI_40204,129,0,short,1,0.04,no_before,,,0.0,156,full,90,UKF + CTRV
MVI_40204,129,1,short,2,0.08,no_before,,,0.0,156,full,90,UKF + CTRV
MVI_40204,162,0,short,1,0.04,no_before,,,0.0,151,full,90,UKF + CTRV
MVI_40204,162,1,short,1,0.04,no_before,,,0.0,151,full,90,UKF + CTRV
MVI_40204,162,2,short,2,0.08,no_before,,,0.0,151,full,90,UKF + CTRV
MVI_40204,162,3,medium,14,0.56,no_before,,,0.0,151,full,90,UKF + CTRV
MVI_40204,165,0,short,6,0.24,switched,1404.0,1463.0,0.0,145,full,90,UKF + CTRV
MVI_40204,168,0,short,1,0.04,preserved,1448.0,1448.0,1.0,120,full,90,UKF + CTRV
MVI_40751,2,0,long,47,1.88,switched,1.0,28.0,0.0,1140,full,90,UKF + CTRV
MVI_40751,21,0,short,12,0.48,lost,320.0,,0.0,625,full,90,UKF + CTRV
MVI_40751,21,1,short,4,0.16,lost,320.0,,0.0,625,full,90,UKF + CTRV
MVI_40751,21,2,short,4,0.16,no_before,,,0.0,625,full,90,UKF + CTRV
MVI_40751,21,3,short,3,0.12,no_before,,,0.0,625,full,90,UKF + CTRV
MVI_40751,21,4,short,2,0.08,no_before,,,0.0,625,full,90,UKF + CTRV
MVI_40751,21,5,short,4,0.16,no_before,,,0.0,625,full,90,UKF + CTRV
MVI_40751,21,6,short,4,0.16,no_before,,,0.0,625,full,90,UKF + CTRV
MVI_63554,4,0,short,3,0.12,no_before,,,0.0,26,full,90,UKF + CTRV
MVI_63554,4,1,short,6,0.24,no_before,,,0.0,26,full,90,UKF + CTRV
MVI_63554,8,0,short,2,0.08,no_before,,,0.0,16,full,90,UKF + CTRV
MVI_63554,9,0,medium,35,1.4,lost,16.0,,0.0,61,full,90,UKF + CTRV
MVI_63554,20,0,short,1,0.04,lost,68.0,,0.0,66,full,90,UKF + CTRV
MVI_63554,25,0,medium,19,0.76,lost,87.0,,0.0,56,full,90,UKF + CTRV
MVI_63554,32,0,long,57,2.28,lost,138.0,,0.0,71,full,90,UKF + CTRV
MVI_63554,36,0,long,49,1.96,lost,170.0,,0.0,66,full,90,UKF + CTRV
MVI_63554,42,0,short,1,0.04,no_before,,,0.0,16,full,90,UKF + CTRV
MVI_63554,43,0,long,55,2.2,lost,198.0,,0.0,71,full,90,UKF + CTRV
MVI_63554,56,0,medium,30,1.2,no_before,,,0.0,51,full,90,UKF + CTRV
MVI_63554,56,1,short,9,0.36,no_before,,,0.0,51,full,90,UKF + CTRV
MVI_63554,61,0,short,1,0.04,no_before,,,0.0,66,full,90,UKF + CTRV
MVI_63554,61,1,short,6,0.24,no_before,,,0.0,66,full,90,UKF + CTRV
MVI_63554,64,0,medium,37,1.48,lost,316.0,,0.0,46,full,90,UKF + CTRV
MVI_63554,68,0,long,51,2.04,lost,344.0,,0.0,66,full,90,UKF + CTRV
MVI_63554,77,0,medium,20,0.8,lost,371.0,,0.0,61,full,90,UKF + CTRV
MVI_63554,79,0,short,9,0.36,switched,378.0,401.0,0.2222,71,full,90,UKF + CTRV
MVI_63554,82,0,long,47,1.88,lost,382.0,,0.0,56,full,90,UKF + CTRV
MVI_63554,83,0,short,5,0.2,no_before,,,0.0,21,full,90,UKF + CTRV
MVI_63554,86,0,long,43,1.72,no_before,,,0.0,56,full,90,UKF + CTRV
MVI_63554,88,0,short,3,0.12,no_before,,,0.0,16,full,90,UKF + CTRV
MVI_63554,92,0,medium,14,0.56,switched,426.0,444.0,0.0,56,full,90,UKF + CTRV
MVI_63554,92,1,short,8,0.32,switched,426.0,444.0,0.0,56,full,90,UKF + CTRV
MVI_63554,96,0,short,4,0.16,no_before,,,0.0,26,full,90,UKF + CTRV
MVI_63554,101,0,long,42,1.68,lost,483.0,,0.0,51,full,90,UKF + CTRV
MVI_63554,108,0,long,39,1.56,no_before,,,0.0,51,full,90,UKF + CTRV
MVI_63554,115,0,short,3,0.12,lost,553.0,,0.0,61,full,90,UKF + CTRV
MVI_63554,115,1,short,9,0.36,lost,553.0,,0.0,61,full,90,UKF + CTRV
MVI_63554,116,0,short,2,0.08,no_before,,,0.0,26,full,90,UKF + CTRV
MVI_63554,120,0,short,4,0.16,no_before,,,0.0,26,full,90,UKF + CTRV
MVI_63554,124,0,medium,24,0.96,lost,603.0,,0.0,61,full,90,UKF + CTRV
MVI_63554,124,1,medium,19,0.76,lost,603.0,,0.0,61,full,90,UKF + CTRV
MVI_63554,129,0,short,2,0.08,no_before,,,0.0,21,full,90,UKF + CTRV
MVI_63554,137,0,short,3,0.12,no_before,,,0.0,16,full,90,UKF + CTRV
MVI_63554,147,0,medium,28,1.12,lost,701.0,,0.0,46,full,90,UKF + CTRV
MVI_63554,151,0,short,1,0.04,no_before,,,0.0,21,full,90,UKF + CTRV
MVI_63554,153,0,short,2,0.08,no_before,,,0.0,20,full,90,UKF + CTRV
MVI_63554,155,0,medium,19,0.76,lost,724.0,,0.0,56,full,90,UKF + CTRV
MVI_63554,165,0,medium,20,0.8,lost,762.0,,0.0,56,full,90,UKF + CTRV
MVI_63554,165,1,medium,22,0.88,lost,762.0,,0.0,56,full,90,UKF + CTRV
MVI_63554,171,0,medium,33,1.32,lost,807.0,,0.0,56,full,90,UKF + CTRV
MVI_63554,174,0,short,2,0.08,no_before,,,0.0,16,full,90,UKF + CTRV
MVI_63554,177,0,medium,13,0.52,no_before,,,0.0,56,full,90,UKF + CTRV
MVI_63554,182,0,long,38,1.52,lost,850.0,,0.0,56,full,90,UKF + CTRV
