1,1,537.1412353515625,15.043371200561523,41.6474609375,35.99897766113281,0.8551775813102722
1,2,597.9666748046875,60.72657775878906,53.42578125,52.58038330078125,0.8337783217430115
1,3,362.7646179199219,89.72994995117188,60.06158447265625,60.86846923828125,0.7856965065002441
1,4,459.58978271484375,17.75242805480957,53.58563232421875,47.94526672363281,0.7709265947341919
1,5,389.556884765625,13.57482624053955,38.72552490234375,20.5167236328125,0.6820482015609741
1,6,627.8446044921875,300.2098388671875,160.4320068359375,200.35601806640625,0.5142961740493774
2,1,536.5714721679688,15.293683052062988,42.60870361328125,36.87131881713867,0.8187849521636963
2,2,597.7406616210938,63.4660530090332,55.12652587890625,54.30294418334961,0.7643696665763855
2,3,361.87274169921875,91.97354888916016,60.42547607421875,61.21459197998047,0.8390649557113647
2,4,458.8213806152344,18.95594024658203,54.065521240234375,48.405250549316406,0.7999740839004517
2,5,388.0346374511719,13.92880630493164,39.1156005859375,20.72708511352539,0.6384137868881226
2,6,637.7129516601562,317.07000732421875,160.97808837890625,201.116455078125,0.45250946283340454
3,1,536.5501098632812,15.786786079406738,42.988037109375,37.234405517578125,0.8596614003181458
3,2,598.0588989257812,67.37420654296875,55.7603759765625,54.987464904785156,0.8526895642280579
3,3,358.12677001953125,95.67774963378906,62.986175537109375,63.84013366699219,0.7706526517868042
3,4,458.4656066894531,21.919795989990234,52.621246337890625,47.079830169677734,0.7692668437957764
3,5,383.91693115234375,13.949384689331055,44.137939453125,23.444246292114258,0.6717185378074646
4,1,536.1494140625,16.698509216308594,44.259521484375,38.412105560302734,0.8760328888893127
4,2,598.0115966796875,69.97362518310547,57.01690673828125,56.296531677246094,0.8241580724716187
4,3,356.3838195800781,99.08006286621094,63.842498779296875,64.67698669433594,0.8095419406890869
4,4,457.4687805175781,23.701566696166992,52.016754150390625,46.465187072753906,0.8441976308822632
4,5,380.48797607421875,13.840375900268555,47.833404541015625,25.521665573120117,0.7483639717102051
4,6,658.5668334960938,350.9730224609375,151.19775390625,188.00482177734375,0.42872217297554016
5,1,536.0745239257812,17.286405563354492,45.00189208984375,39.13996124267578,0.8525184988975525
5,2,598.38232421875,72.92377471923828,56.8544921875,56.19098663330078,0.7742455005645752
5,3,353.5932922363281,101.44977569580078,66.30081176757812,67.26802825927734,0.7953903079032898
5,4,456.423828125,24.577796936035156,52.429962158203125,46.78972625732422,0.8088528513908386
5,5,376.189208984375,13.677897453308105,52.0362548828125,28.02426528930664,0.7673007845878601
6,1,535.6334228515625,17.400440216064453,46.136474609375,40.283485412597656,0.8090865612030029
6,2,599.04931640625,75.29547119140625,58.46893310546875,57.91847229003906,0.8387206792831421
6,3,350.2047119140625,105.10792541503906,68.11126708984375,69.21583557128906,0.7678831815719604
6,4,454.364013671875,25.754831314086914,54.144866943359375,48.337554931640625,0.7759581208229065
6,5,371.9160461425781,12.96650505065918,55.600982666015625,30.34473991394043,0.7494967579841614
6,6,679.237548828125,386.4809265136719,126.649169921875,153.51907348632812,0.4588378667831421
7,1,534.5634765625,17.924339294433594,47.98883056640625,42.2263069152832,0.770828902721405
7,2,599.5923461914062,77.9266128540039,59.34490966796875,58.836036682128906,0.861584484577179
7,3,347.72747802734375,109.01824951171875,68.30288696289062,69.44755554199219,0.7326838970184326
7,4,453.1444091796875,26.407426834106445,55.530120849609375,49.67328643798828,0.794558584690094
7,5,369.4489440917969,12.523833274841309,57.447845458984375,31.861679077148438,0.7238463759422302
7,8,496.3714599609375,12.212336540222168,32.7607421875,18.06403350830078,0.47625041007995605
7,6,688.3414306640625,407.1036071777344,113.442138671875,132.89639282226562,0.41127341985702515
8,1,534.1032104492188,19.30979347229004,48.28851318359375,42.77349090576172,0.8200878500938416
8,2,599.76953125,82.0025634765625,59.7926025390625,59.2735595703125,0.7752156853675842
8,3,345.27203369140625,112.64602661132812,70.03988647460938,71.2205810546875,0.651577889919281
8,4,451.6898498535156,26.97595977783203,56.35369873046875,50.479286193847656,0.8010682463645935
8,5,367.1546936035156,12.417254447937012,59.0487060546875,33.33686828613281,0.7418109774589539
8,8,497.3962707519531,12.11811637878418,30.747955322265625,16.914785385131836,0.48126617074012756
8,6,697.598388671875,429.67706298828125,99.30718994140625,110.32293701171875,0.3557009994983673
9,1,533.6323852539062,20.72141456604004,48.5966796875,43.382835388183594,0.8022472262382507
9,2,599.6065063476562,84.95989990234375,61.6810302734375,61.40852355957031,0.7689221501350403
9,3,342.3788757324219,115.39301300048828,71.75839233398438,73.04779815673828,0.6659265160560608
9,4,450.6845703125,27.61041259765625,56.1654052734375,50.356651306152344,0.7821329832077026
9,5,365.3359375,12.720349311828613,59.21185302734375,34.01556396484375,0.7347610592842102
9,8,498.4967346191406,12.166160583496094,29.451568603515625,16.15032958984375,0.567622721195221
10,1,534.0504150390625,23.43726921081543,47.0469970703125,42.16236877441406,0.7888765335083008
10,2,599.37353515625,88.0645980834961,61.84381103515625,61.711524963378906,0.7764963507652283
10,3,339.3882751464844,120.45164489746094,72.89114379882812,74.05497741699219,0.7687360644340515
10,4,449.15106201171875,27.831674575805664,56.46978759765625,50.81812286376953,0.7252168655395508
10,5,363.0810241699219,13.266234397888184,60.814849853515625,35.604339599609375,0.8031212091445923
10,8,498.58795166015625,12.183602333068848,29.96612548828125,16.38396453857422,0.5708068013191223
11,1,534.731689453125,25.733013153076172,45.906494140625,41.33455276489258,0.8112481236457825
11,2,599.823974609375,91.88484954833984,62.3819580078125,62.25011444091797,0.8005257844924927
11,3,336.35565185546875,124.72442626953125,72.79632568359375,73.56114196777344,0.7602375149726868
11,4,448.5339050292969,29.248050689697266,56.01788330078125,50.4945182800293,0.6891879439353943
11,5,360.6546630859375,14.70808219909668,62.236572265625,37.153480529785156,0.8946447372436523
11,8,498.5856018066406,12.453752517700195,30.696319580078125,16.74549102783203,0.5674868226051331
12,1,534.7259521484375,27.214141845703125,45.79632568359375,41.45710754394531,0.8125143051147461
12,2,600.4500732421875,94.81436157226562,63.63885498046875,63.708984375,0.7425383925437927
12,3,332.68463134765625,128.5093536376953,76.1370849609375,76.78086853027344,0.7106257677078247
12,4,448.51556396484375,30.082555770874023,55.342376708984375,49.98894500732422,0.6655818819999695
12,5,358.38427734375,15.91157341003418,62.787811279296875,38.249305725097656,0.8540101647377014
12,8,497.9303894042969,12.688145637512207,32.478973388671875,17.728885650634766,0.5526535511016846
13,1,533.9634399414062,28.33257293701172,46.87969970703125,42.815391540527344,0.8044152855873108
13,2,599.1286010742188,98.25627136230469,66.26202392578125,66.59400939941406,0.6767077445983887
13,3,329.5515441894531,133.86790466308594,76.88998413085938,77.3931884765625,0.8149566650390625
13,4,448.1822204589844,31.48468017578125,54.117431640625,48.772361755371094,0.6680589914321899
13,5,356.2630310058594,18.10690689086914,62.0958251953125,38.556480407714844,0.7801965475082397
13,8,496.9602966308594,13.055405616760254,34.829437255859375,19.095535278320312,0.5028123259544373
14,1,533.1559448242188,29.487464904785156,48.1583251953125,44.46403503417969,0.8101717829704285
14,2,598.766845703125,102.92111206054688,68.42303466796875,69.13337707519531,0.716715931892395
14,3,325.59979248046875,138.5041961669922,79.71255493164062,80.2137451171875,0.8020427227020264
14,4,445.557373046875,32.2895393371582,56.0938720703125,50.42756271362305,0.8376836180686951
14,5,354.52154541015625,19.387189865112305,62.17828369140625,39.380043029785156,0.8213585019111633
14,8,496.9850769042969,13.824399948120117,35.488800048828125,19.559736251831055,0.4988867938518524
15,1,532.8692626953125,30.995540618896484,48.319580078125,45.00111770629883,0.8218015432357788
15,2,599.5467529296875,106.09203338623047,70.0572509765625,71.29474639892578,0.6823172569274902
15,3,322.8915710449219,143.56739807128906,80.06539916992188,80.16044616699219,0.8055657148361206
15,4,443.7029113769531,33.555564880371094,57.425140380859375,51.498626708984375,0.8114791512489319
15,5,352.27032470703125,21.402790069580078,61.20220947265625,39.32332992553711,0.774894118309021
15,8,496.5337219238281,14.134354591369629,36.632293701171875,20.29434585571289,0.4822867214679718
16,1,532.71826171875,32.09046173095703,48.60369873046875,45.64811706542969,0.8040460348129272
16,2,600.2930908203125,110.29666137695312,70.813720703125,72.36965942382812,0.7034491896629333
16,3,317.72247314453125,148.3889923095703,82.93600463867188,83.07351684570312,0.7808231711387634
16,4,442.41033935546875,34.69345474243164,58.32110595703125,52.25069046020508,0.7688072323799133
16,5,350.409912109375,23.476661682128906,60.910186767578125,39.72609329223633,0.7995185852050781
16,8,496.54681396484375,14.121175765991211,36.9993896484375,20.56712532043457,0.5258998274803162
17,1,533.1703491210938,33.908016204833984,47.61865234375,44.805606842041016,0.7765104174613953
17,2,601.6967163085938,114.84024047851562,69.85894775390625,71.33250427246094,0.758661687374115
17,3,313.54217529296875,154.062255859375,85.12640380859375,85.39572143554688,0.8071878552436829
17,4,440.9568176269531,36.94273376464844,58.54473876953125,52.682945251464844,0.6326026916503906
17,5,348.725830078125,24.981401443481445,60.797088623046875,40.22505187988281,0.8540412783622742
17,8,495.6513671875,14.357479095458984,39.6424560546875,22.254844665527344,0.5395611524581909
18,1,532.6924438476562,35.77814483642578,48.03814697265625,45.43451690673828,0.8264719843864441
18,2,601.1471557617188,119.18767547607422,72.092529296875,73.94771575927734,0.710061252117157
18,3,309.7518615722656,159.56137084960938,85.74380493164062,85.76390075683594,0.8261487483978271
18,4,439.7935485839844,38.48564529418945,58.3919677734375,52.7430534362793,0.640923023223877
18,5,346.47625732421875,26.674945831298828,60.53399658203125,40.682796478271484,0.8547288179397583
18,8,495.30908203125,14.659014701843262,40.82733154296875,23.149364471435547,0.5403063893318176
19,1,532.0184936523438,38.30812454223633,49.0164794921875,46.708621978759766,0.7806610465049744
19,2,601.5811767578125,123.40213012695312,73.1971435546875,75.3927001953125,0.6696908473968506
19,3,305.2115783691406,165.71849060058594,88.67855834960938,88.53753662109375,0.7564245462417603
19,4,438.47027587890625,40.074989318847656,58.7357177734375,53.17207336425781,0.6839488744735718
19,5,343.8700256347656,28.778377532958984,59.706451416015625,40.601680755615234,0.8436019420623779
19,8,495.7727355957031,15.343918800354004,40.502471923828125,23.16763687133789,0.5667640566825867
20,1,531.4763793945312,39.556541442871094,49.95355224609375,47.88378143310547,0.7621355056762695
20,2,601.1591796875,127.6695785522461,76.043701171875,78.93379974365234,0.7599940896034241
20,3,299.5245056152344,170.9741973876953,92.80203247070312,92.88066101074219,0.8286088109016418
20,4,437.29266357421875,40.860382080078125,59.61114501953125,54.127906799316406,0.7427912354469299
20,5,341.3533935546875,30.66681480407715,59.45745849609375,40.8939208984375,0.8393615484237671
20,8,495.7991027832031,15.899487495422363,41.195770263671875,23.824520111083984,0.6343106031417847
21,1,531.4505615234375,41.32978057861328,50.30560302734375,48.56687927246094,0.7610371708869934
21,2,601.1649169921875,131.7338104248047,77.77001953125,81.12229919433594,0.7853094935417175
21,3,295.2253112792969,177.00025939941406,94.0145263671875,94.08036804199219,0.7948470711708069
21,4,435.9762268066406,41.59785842895508,60.305023193359375,54.927425384521484,0.69941645860672
21,5,338.65924072265625,32.20680618286133,59.865325927734375,41.66830825805664,0.8535001873970032
21,8,496.3029479980469,16.019668579101562,41.326873779296875,24.138317108154297,0.6587368249893188
22,1,531.0095825195312,43.06684494018555,50.611083984375,49.17499923706055,0.7512807250022888
22,2,602.1084594726562,137.19244384765625,78.33734130859375,82.12080383300781,0.7743218541145325
22,3,289.134521484375,182.60842895507812,97.88140869140625,98.14071655273438,0.8646284341812134
22,4,433.7655029296875,42.231754302978516,61.623016357421875,56.30734634399414,0.780673086643219
22,5,336.2238464355469,33.638946533203125,60.67626953125,42.77986145019531,0.8570954203605652
22,8,495.4385681152344,15.87453842163086,43.762115478515625,25.994617462158203,0.6517482995986938
23,1,529.9877319335938,45.18485641479492,51.08135986328125,49.77473068237305,0.7379187345504761
23,2,602.8108520507812,143.12155151367188,79.36187744140625,83.67465209960938,0.7800498604774475
23,3,284.10894775390625,190.41482543945312,100.13742065429688,100.32257080078125,0.8502166271209717
23,4,432.8561096191406,43.48616027832031,61.739990234375,56.488807678222656,0.8238955736160278
23,5,333.4756164550781,35.626129150390625,60.925079345703125,43.45518493652344,0.8903787136077881
23,8,494.9942932128906,16.346057891845703,45.712310791015625,27.697250366210938,0.558947741985321
24,1,529.9609375,47.4229736328125,51.37188720703125,50.30994415283203,0.7979894280433655
24,2,602.5451049804688,147.8857879638672,82.3878173828125,87.55891418457031,0.7874919772148132
24,3,277.3106384277344,196.47764587402344,104.146728515625,104.56993103027344,0.8149424195289612
24,4,431.49859619140625,44.31977844238281,62.19647216796875,57.001007080078125,0.7970165610313416
24,5,330.05413818359375,37.15760040283203,62.130096435546875,44.749046325683594,0.9124699234962463
24,8,494.486083984375,15.861554145812988,48.1007080078125,29.772747039794922,0.5867230892181396
25,1,528.6188354492188,49.07661819458008,52.90673828125,51.86276626586914,0.7835182547569275
25,2,602.6543579101562,152.6142578125,84.8526611328125,90.68267822265625,0.8137683868408203
25,3,270.3287353515625,203.2079315185547,108.60250854492188,109.43229675292969,0.817847490310669
25,4,430.48931884765625,46.0257682800293,61.894744873046875,56.66057205200195,0.8208326697349548
25,5,326.90606689453125,39.63727951049805,62.80377197265625,45.81937026977539,0.8533625602722168
25,8,494.39605712890625,14.913409233093262,50.27301025390625,31.91077423095703,0.6101778745651245
26,1,527.0499267578125,51.14641571044922,54.2208251953125,53.014739990234375,0.8008315563201904
26,2,603.5347290039062,158.63189697265625,86.32537841796875,92.74713134765625,0.7838683128356934
26,3,264.63446044921875,212.4405059814453,110.25070190429688,111.13432312011719,0.8779556155204773
26,4,428.7917785644531,46.99463653564453,62.75042724609375,57.50701904296875,0.831217348575592
26,5,324.0162048339844,42.41535568237305,63.17572021484375,46.765804290771484,0.8433797359466553
26,8,493.69647216796875,13.992015838623047,52.41192626953125,34.22715759277344,0.5379437208175659
27,1,528.2410278320312,52.772212982177734,54.5919189453125,53.81206130981445,0.8192275166511536
27,2,604.9476318359375,165.47482299804688,88.1943359375,95.32260131835938,0.6973501443862915
27,3,256.9193115234375,219.06436157226562,115.62094116210938,116.9976806640625,0.7832047939300537
27,4,427.39068603515625,48.11127471923828,63.404266357421875,58.134864807128906,0.7288963198661804
27,5,321.0777893066406,44.73365783691406,63.212890625,47.15037536621094,0.7893138527870178
27,8,494.046142578125,14.026602745056152,53.05047607421875,35.57207489013672,0.4727255702018738
28,1,526.9353637695312,54.942726135253906,55.43463134765625,54.632591247558594,0.8088470697402954
28,2,605.0319213867188,172.24375915527344,90.1597900390625,98.09373474121094,0.6685466766357422
28,3,249.9533233642578,228.06884765625,118.25822448730469,119.74374389648438,0.7408987283706665
28,4,425.6195068359375,48.913124084472656,64.33123779296875,58.896575927734375,0.7145492434501648
28,5,317.8778076171875,47.11537170410156,63.3834228515625,47.60504150390625,0.7802021503448486
28,8,495.03887939453125,14.975625038146973,52.443603515625,36.06336212158203,0.6709663271903992
29,1,525.78662109375,57.27720260620117,56.28753662109375,55.584651947021484,0.8113949298858643
29,2,605.7213745117188,179.14588928222656,91.98394775390625,100.57185363769531,0.7516773343086243
29,3,242.19241333007812,237.63320922851562,122.92648315429688,124.73623657226562,0.7366632223129272
29,4,423.59991455078125,50.011680603027344,65.8294677734375,60.23906707763672,0.6533459424972534
29,5,315.3604431152344,49.629005432128906,63.19287109375,47.70161437988281,0.8068251013755798
29,8,495.658447265625,15.947503089904785,52.5216064453125,36.997154235839844,0.6896610856056213
30,1,525.2317504882812,60.17865753173828,57.0411376953125,56.30961608886719,0.7930077910423279
30,2,604.635986328125,185.2465362548828,95.752685546875,105.48497009277344,0.7935345768928528
30,3,234.4428253173828,247.34930419921875,126.05998229980469,127.79946899414062,0.8027593493461609
30,4,422.32684326171875,51.29832077026367,66.4532470703125,60.8651237487793,0.6202065944671631
30,5,311.91650390625,51.53758239746094,63.27777099609375,48.06437683105469,0.7834678292274475
30,8,496.1619567871094,16.37468719482422,52.774871826171875,38.1037712097168,0.6875209808349609
30,11,595.3475952148438,13.978757858276367,32.919921875,12.87322998046875,0.41219717264175415
31,1,523.6932983398438,62.496063232421875,58.730712890625,58.03539276123047,0.7457066774368286
31,2,604.82470703125,192.55868530273438,98.60430908203125,109.18002319335938,0.8187720775604248
31,3,223.5806884765625,257.65753173828125,133.3707275390625,135.52197265625,0.811637818813324
31,4,421.4129333496094,52.8977165222168,66.18191528320312,60.553829193115234,0.6720747351646423
31,5,308.3871765136719,54.366790771484375,63.078521728515625,47.9892578125,0.7116665840148926
31,8,496.0152587890625,16.974763870239258,53.66192626953125,39.735557556152344,0.757120668888092
31,11,593.9971313476562,14.18227767944336,37.261474609375,14.611310958862305,0.4813283681869507
32,1,524.85498046875,66.27816772460938,57.998779296875,57.507965087890625,0.8385535478591919
32,2,604.8932495117188,200.6739044189453,101.6385498046875,113.08311462402344,0.8159794211387634
32,3,215.04592895507812,267.9931945800781,137.76312255859375,140.40899658203125,0.8753564357757568
32,4,418.94329833984375,53.9307975769043,67.4962158203125,61.80173110961914,0.6923822164535522
32,5,304.25537109375,57.74760818481445,64.07009887695312,48.96987533569336,0.8163986802101135
32,8,496.2697448730469,17.64263343811035,53.524017333984375,40.69425964355469,0.6838705539703369
32,11,592.4795532226562,13.924520492553711,41.08355712890625,16.20777702331543,0.4949552118778229
33,1,523.7832641601562,67.68189239501953,59.56182861328125,59.32225799560547,0.8369560837745667
33,2,604.9384155273438,209.3592071533203,104.2591552734375,116.47001647949219,0.8434179425239563
33,3,205.0858154296875,279.28759765625,142.62680053710938,145.50140380859375,0.8616970777511597
33,4,417.5668029785156,55.08495330810547,67.9862060546875,62.25355529785156,0.668835461139679
33,5,300.2178955078125,59.96998977661133,65.70443725585938,50.49466323852539,0.8272358775138855
33,8,497.4994201660156,18.601993560791016,52.832916259765625,41.01858139038086,0.6600044369697571
33,11,592.0023803710938,13.916430473327637,42.4371337890625,16.86835479736328,0.4352431297302246
34,1,524.5701293945312,71.33859252929688,59.119140625,59.224273681640625,0.7317959666252136
34,2,604.172607421875,217.086669921875,109.13336181640625,122.66986083984375,0.8641157150268555
34,3,193.8511505126953,289.2506103515625,150.51991271972656,154.1727294921875,0.8721757531166077
34,4,416.4569396972656,57.1234245300293,67.94049072265625,62.18539047241211,0.6838620901107788
34,5,295.6992492675781,62.29806900024414,66.982666015625,51.84243392944336,0.8013592958450317
34,8,498.57562255859375,20.500961303710938,51.881591796875,40.95140838623047,0.6482669711112976
34,11,590.5542602539062,13.891650199890137,45.701416015625,18.396827697753906,0.42870238423347473
35,1,524.1168212890625,74.17822265625,59.8125,60.2877197265625,0.7456778883934021
35,2,605.1298828125,225.9502410888672,112.460205078125,126.79124450683594,0.8432657122612
35,3,182.33163452148438,302.8347473144531,155.96224975585938,160.12429809570312,0.8271477222442627
35,4,415.5695495605469,59.42401885986328,68.0318603515625,62.255348205566406,0.6285635232925415
35,5,292.2802734375,65.91675567626953,67.268310546875,52.14404296875,0.7329190373420715
35,8,499.67352294921875,22.66827392578125,50.744384765625,40.5633544921875,0.6499805450439453
35,11,589.8900756835938,13.941390991210938,47.27911376953125,19.307025909423828,0.45049771666526794
36,1,523.6674194335938,77.39556884765625,60.55242919921875,61.28572082519531,0.8126491904258728
36,2,605.7470092773438,236.7915496826172,115.73809814453125,130.99476623535156,0.8385863900184631
36,3,168.35267639160156,314.3488464355469,165.11351013183594,170.23736572265625,0.8633792400360107
36,4,414.0382080078125,61.787445068359375,69.01690673828125,63.147804260253906,0.5889219045639038
36,5,287.2728271484375,69.27759552001953,68.407958984375,53.37395477294922,0.8114142417907715
36,8,500.8827209472656,24.27022933959961,50.336822509765625,40.647884368896484,0.6473137140274048
36,11,588.927734375,13.986736297607422,48.50689697265625,20.139095306396484,0.4428214132785797
37,1,523.3001098632812,80.30217742919922,60.994384765625,61.89917755126953,0.7934929728507996
37,2,605.2985229492188,247.32717895507812,120.5654296875,137.47293090820312,0.8681947588920593
37,3,153.8612518310547,328.3413391113281,174.03565979003906,180.11041259765625,0.6469378471374512
37,4,412.5718078613281,64.13512420654297,69.35098266601562,63.44379425048828,0.41085922718048096
37,5,283.0361022949219,72.62207794189453,68.55459594726562,53.591827392578125,0.7566151022911072
37,8,501.30889892578125,25.473621368408203,50.80682373046875,41.488704681396484,0.6719403862953186
37,11,588.25146484375,13.877174377441406,50.16778564453125,21.187747955322266,0.6200935244560242
38,1,522.423828125,84.0269775390625,62.37506103515625,63.49833679199219,0.7024852633476257
38,2,605.9839477539062,257.6178894042969,124.75201416015625,143.208251953125,0.7839887738227844
38,3,139.6585693359375,343.769775390625,180.89013671875,187.5472412109375,0.6470927000045776
38,4,410.44970703125,65.29936981201172,70.70339965820312,64.7383041381836,0.494307279586792
38,5,277.6983947753906,75.29537200927734,70.89334106445312,55.672019958496094,0.6638644933700562
38,8,501.2765808105469,27.0976505279541,50.943267822265625,42.14396667480469,0.6919132471084595
38,11,586.637451171875,14.084259033203125,53.4866943359375,23.11678695678711,0.5909797549247742
39,1,521.7734985351562,86.82953643798828,64.20074462890625,65.83867645263672,0.7578017115592957
39,2,606.3076782226562,269.06829833984375,129.6143798828125,149.968505859375,0.8056530952453613
39,3,132.37130737304688,360.7466735839844,174.0108642578125,178.16201782226562,0.6433111429214478
39,4,408.813720703125,66.75988006591797,71.05856323242188,64.9111557006836,0.3801095485687256
39,5,274.1139831542969,79.31268310546875,70.53131103515625,55.47686767578125,0.7929372191429138
39,8,501.4229431152344,28.91476821899414,50.982879638671875,42.76890182495117,0.7165993452072144
39,11,585.6806030273438,14.5151948928833,55.45550537109375,24.56155776977539,0.6129526495933533
40,1,521.6082763671875,89.7337875366211,64.3446044921875,66.29261016845703,0.7405996918678284
40,2,606.7171020507812,278.2174072265625,136.226806640625,159.11587524414062,0.7906021475791931
40,3,126.75916290283203,377.0284118652344,164.55599975585938,162.97158813476562,0.5975877046585083
40,4,407.36260986328125,67.71907806396484,71.8665771484375,65.62618255615234,0.5305236577987671
40,5,269.0478820800781,82.56548309326172,72.07717895507812,56.973731994628906,0.753092885017395
40,8,501.4461669921875,30.06891441345215,51.642578125,43.854270935058594,0.6937678456306458
40,11,585.4867553710938,14.67705249786377,57.03277587890625,25.88829803466797,0.5529487729072571
41,1,521.1981201171875,93.82530212402344,64.6561279296875,66.88133239746094,0.7176560163497925
41,2,604.9646606445312,284.5713195800781,146.60333251953125,173.794677734375,0.7355514764785767
41,3,122.40422058105469,395.04248046875,153.2493133544922,144.95751953125,0.7515531182289124
41,4,405.45294189453125,69.99826049804688,71.6016845703125,65.48318481445312,0.5089855194091797
41,5,264.0271301269531,85.72343444824219,73.81033325195312,58.402801513671875,0.8134641051292419
41,8,501.8212585449219,32.08283233642578,51.273773193359375,43.967994689941406,0.6890949606895447
41,11,585.42919921875,15.144195556640625,57.99285888671875,26.98398208618164,0.5983114838600159
42,1,520.6235961914062,96.4383544921875,65.75604248046875,68.33718872070312,0.7558741569519043
42,2,605.8993530273438,303.0006408691406,148.7952880859375,178.06304931640625,0.7258737683296204
42,3,119.85370635986328,414.3324279785156,141.09930419921875,125.66757202148438,0.6767805218696594
42,4,402.3086853027344,71.5641098022461,72.87548828125,66.9974136352539,0.377762109041214
42,5,258.78485107421875,88.56031799316406,75.65982055664062,59.95903015136719,0.7151264548301697
42,8,502.096923828125,34.04050827026367,50.8529052734375,44.00014114379883,0.6311976313591003
42,11,584.0716552734375,14.62861442565918,59.4232177734375,28.510404586791992,0.5239149332046509
43,1,520.6060791015625,100.39100646972656,66.16448974609375,69.07662963867188,0.7615789771080017
43,2,606.4776611328125,319.3407897949219,154.2666015625,186.32427978515625,0.8177314400672913
43,3,119.8087387084961,434.1820068359375,126.7374496459961,105.8179931640625,0.7113635540008545
43,4,400.4928283691406,72.49165344238281,74.35482788085938,68.60421752929688,0.39513668417930603
43,5,254.3484649658203,93.58003997802734,75.58067321777344,59.91643524169922,0.7602800726890564
43,8,503.04022216796875,35.57827377319336,49.96026611328125,43.423770904541016,0.6536398530006409
43,11,583.5859985351562,14.15726089477539,60.0255126953125,29.746559143066406,0.4992968738079071
44,1,517.9946899414062,102.3970718383789,69.5989990234375,73.48912811279297,0.712029218673706
44,2,606.29296875,333.66357421875,160.795654296875,196.1956787109375,0.8025016188621521
44,3,121.49736785888672,455.0389709472656,109.50334930419922,84.96102905273438,0.6197434663772583
44,4,398.11737060546875,74.89163970947266,74.24691772460938,68.86113739013672,0.3719770610332489
44,5,248.9319305419922,97.3209457397461,76.71116638183594,60.84595489501953,0.774314820766449
44,8,503.31329345703125,36.64555740356445,51.417236328125,45.139774322509766,0.7229783535003662
44,11,583.0944213867188,13.724273681640625,61.9151611328125,31.67209243774414,0.5167059302330017
45,1,518.6696166992188,107.00440979003906,69.57525634765625,73.73570251464844,0.6691982746124268
45,2,613.4618530273438,350.2485656738281,155.349365234375,189.28189086914062,0.6582514643669128
45,3,123.23171997070312,479.12811279296875,89.11956787109375,60.87188720703125,0.678831160068512
45,4,396.70074462890625,77.32054138183594,73.73910522460938,68.19557189941406,0.613572359085083
45,5,242.26670837402344,100.94905853271484,79.99440002441406,63.64769744873047,0.7869383096694946
45,8,504.1019287109375,38.768699645996094,51.33251953125,45.46760559082031,0.8211539387702942
45,11,580.9558715820312,13.219141006469727,66.6514892578125,35.38554382324219,0.7204796671867371
46,1,517.8800048828125,111.69297790527344,70.878173828125,75.65107727050781,0.717157781124115
46,2,620.892822265625,367.94915771484375,146.199462890625,172.05084228515625,0.6074969172477722
46,4,394.94415283203125,79.39811706542969,73.95721435546875,68.22633361816406,0.5518930554389954
46,5,235.69410705566406,104.97735595703125,82.36543273925781,65.66276550292969,0.8396815657615662
46,8,504.0328369140625,39.922969818115234,52.3109130859375,46.81099319458008,0.8210660219192505
46,11,580.7932739257812,13.527599334716797,67.75067138671875,37.40412521362305,0.7292099595069885
47,1,517.2467041015625,115.45011138916016,71.87139892578125,77.0945816040039,0.7513056397438049
47,2,629.7156372070312,386.0193786621094,135.178955078125,153.98062133789062,0.44715946912765503
47,4,393.01495361328125,81.24551391601562,75.50265502929688,69.48612976074219,0.5271475315093994
47,5,229.93971252441406,108.00154876708984,83.90339660644531,66.97447967529297,0.8261131048202515
47,8,504.01568603515625,41.32933044433594,53.0721435546875,47.99505615234375,0.8276379704475403
47,11,581.1277465820312,13.916075706481934,67.55987548828125,38.72373962402344,0.6965476274490356
48,1,516.8429565429688,120.60794067382812,72.39471435546875,78.07882690429688,0.7626822590827942
48,2,638.596923828125,404.4903259277344,123.85595703125,135.50967407226562,0.6400496363639832
48,4,391.08416748046875,84.21820068359375,76.14984130859375,69.86036682128906,0.5697537660598755
48,5,222.51239013671875,112.29339599609375,88.25350952148438,70.81980895996094,0.7776162028312683
48,8,504.49835205078125,43.464813232421875,52.6507568359375,47.993385314941406,0.841315507888794
48,11,581.4430541992188,14.520720481872559,67.51416015625,40.16357421875,0.7217409014701843
49,1,516.3900146484375,125.21398162841797,72.9599609375,79.1005630493164,0.7445248961448669
49,2,645.46630859375,425.9812316894531,110.6158447265625,114.01876831054688,0.37031078338623047
49,4,389.58514404296875,86.32064056396484,75.89694213867188,69.2028579711914,0.44762155413627625
49,5,215.7584228515625,116.85767364501953,89.63262939453125,72.18291473388672,0.8209786415100098
49,8,504.97210693359375,45.154380798339844,52.74029541015625,48.48883056640625,0.8395728468894958
49,11,582.4581909179688,15.212831497192383,66.0684814453125,40.76222229003906,0.7155655026435852
50,1,514.8087158203125,128.61549377441406,75.693603515625,82.67692565917969,0.7473095655441284
50,2,653.5425415039062,449.5494384765625,95.29864501953125,90.4505615234375,0.3847888708114624
50,4,387.673828125,88.40568542480469,76.39923095703125,69.3245849609375,0.35725781321525574
50,5,208.6952667236328,120.45650482177734,92.12666320800781,74.4544448852539,0.8027114868164062
50,8,505.1917419433594,46.96403503417969,53.237518310546875,49.32005310058594,0.8441314101219177
50,11,583.172607421875,16.0318603515625,64.485595703125,41.160308837890625,0.6772465705871582
51,1,514.3280029296875,133.23724365234375,76.61865234375,84.07658386230469,0.7462486624717712
51,4,384.5442199707031,90.28842163085938,78.17611694335938,71.00813293457031,0.40034133195877075
51,5,202.0303192138672,125.00656127929688,91.14842224121094,73.71315002441406,0.7453893423080444
51,8,504.5748291015625,48.66994094848633,54.70751953125,51.32185745239258,0.8646643757820129
51,11,583.3438720703125,17.690397262573242,64.26031494140625,42.40687561035156,0.661169707775116
52,1,513.3056640625,138.31292724609375,79.23822021484375,87.405029296875,0.7430859208106995
52,4,381.5069580078125,92.53767395019531,79.34164428710938,71.84815979003906,0.4868994653224945
52,5,193.51470947265625,129.9947052001953,94.74673461914062,76.81446838378906,0.741425633430481
52,8,504.6758728027344,51.02410888671875,54.238677978515625,51.28900909423828,0.8376621007919312
52,11,584.120849609375,19.430334091186523,63.16571044921875,42.99757385253906,0.7170285582542419
53,1,512.432861328125,144.3984832763672,80.64691162109375,89.42555236816406,0.756014883518219
53,4,378.83251953125,92.9986801147461,81.36407470703125,73.59784698486328,0.5019195079803467
53,5,185.67564392089844,135.05123901367188,97.39582824707031,79.13319396972656,0.7097118496894836
53,8,505.172607421875,53.47311782836914,53.77984619140625,51.22880172729492,0.8608685731887817
53,11,584.63916015625,21.40523338317871,62.16363525390625,43.51152801513672,0.7792547345161438
54,1,511.15863037109375,149.3992919921875,82.19354248046875,91.60662841796875,0.7967424392700195
54,4,376.08111572265625,93.90059661865234,83.49948120117188,75.61791229248047,0.5648838877677917
54,5,178.23965454101562,140.8029022216797,98.36041259765625,79.88594055175781,0.7927141189575195
54,8,505.9554748535156,55.481998443603516,53.639190673828125,51.48299026489258,0.8509265780448914
54,11,585.3722534179688,23.267457962036133,61.125732421875,43.960655212402344,0.7372119426727295
55,1,509.49114990234375,154.99258422851562,84.32391357421875,94.54156494140625,0.7882213592529297
55,4,371.57647705078125,94.88214874267578,88.37380981445312,80.56298065185547,0.6792794466018677
55,5,169.3073272705078,146.09144592285156,101.38130187988281,82.34846496582031,0.8067294359207153
55,8,505.6641845703125,57.2508659362793,53.92828369140625,52.2015495300293,0.828926146030426
55,11,587.0806274414062,25.304035186767578,58.4166259765625,42.96360397338867,0.7332860827445984
56,1,507.8810119628906,159.1211700439453,87.28109741210938,98.62413024902344,0.7704683542251587
56,4,369.4703369140625,96.41220092773438,88.93527221679688,81.4306640625,0.608249843120575
56,5,160.64231872558594,152.32339477539062,102.45170593261719,82.95437622070312,0.795495867729187
56,8,505.76202392578125,59.000160217285156,53.990966796875,52.58349609375,0.805595874786377
56,11,587.6834716796875,26.62472152709961,58.16680908203125,43.748477935791016,0.8273758292198181
57,1,508.14111328125,166.0396270751953,87.50726318359375,99.21305847167969,0.7974410057067871
57,4,366.4257507324219,97.67562103271484,90.22348022460938,82.83612823486328,0.5903189182281494
57,5,151.85177612304688,158.11962890625,104.38626098632812,84.39968872070312,0.7567766308784485
57,8,505.5120544433594,61.45428466796875,53.778533935546875,52.655799865722656,0.7687589526176453
57,11,588.680908203125,28.382375717163086,57.1043701171875,43.779571533203125,0.7177109122276306
57,17,570.5521850585938,12.792144775390625,40.05303955078125,16.748294830322266,0.36481401324272156
58,1,506.2357177734375,172.59478759765625,89.3695068359375,101.942138671875,0.8021992444992065
58,4,364.7710266113281,99.6996841430664,89.33987426757812,82.04950714111328,0.5685152411460876
58,5,141.20919799804688,165.02450561523438,108.65287780761719,87.67094421386719,0.7543173432350159
58,8,505.3548583984375,63.89716720581055,54.51885986328125,53.683956146240234,0.7771913409233093
58,11,588.6564331054688,29.94106101989746,57.5721435546875,45.02680969238281,0.683702290058136
58,17,570.3740234375,13.394631385803223,42.06976318359375,17.62680435180664,0.313524454832077
58,19,487.78082275390625,12.61001968383789,40.98040771484375,16.355356216430664,0.47163036465644836
59,1,504.86334228515625,178.6150360107422,91.62347412109375,105.16856384277344,0.7931085824966431
59,4,362.2048034667969,102.94564819335938,88.91232299804688,81.61143493652344,0.5564002990722656
59,5,130.06434631347656,171.06275939941406,112.57444763183594,90.84672546386719,0.8265146613121033
59,8,504.6628723144531,66.62712860107422,56.277801513671875,55.76777648925781,0.8183577656745911
59,11,589.3305053710938,31.844297409057617,56.2626953125,44.743438720703125,0.6865871548652649
59,19,486.5870361328125,12.691131591796875,42.39654541015625,16.981334686279297,0.368761271238327
60,1,503.5785827636719,185.2904815673828,94.99331665039062,109.95301818847656,0.830359160900116
60,4,358.7882385253906,105.71160888671875,89.91607666015625,82.38186645507812,0.6843960881233215
60,5,120.00647735595703,178.49855041503906,114.8829116821289,92.24583435058594,0.7729001045227051
60,8,504.6493225097656,69.30506134033203,56.440582275390625,56.26121520996094,0.870324432849884
60,11,589.169189453125,33.00580596923828,56.94049072265625,46.152931213378906,0.6729157567024231
60,19,487.6737060546875,13.785828590393066,40.53057861328125,16.289249420166016,0.4488978385925293
60,17,568.0440673828125,13.644693374633789,46.20648193359375,19.511457443237305,0.29445722699165344
61,1,502.5467834472656,192.1776123046875,97.47653198242188,113.56997680664062,0.8062834739685059
61,4,355.3281555175781,108.1122817993164,91.43240356445312,83.69271087646484,0.6215440034866333
61,5,108.01561737060547,185.4660186767578,119.9422378540039,96.19630432128906,0.7767065167427063
61,8,504.66705322265625,71.76519012451172,56.4747314453125,56.575294494628906,0.8494545817375183
61,11,589.48486328125,34.93330383300781,57.01422119140625,47.14653778076172,0.5340662598609924
61,19,487.109375,14.209242820739746,41.26116943359375,16.69345474243164,0.4479609429836273
61,17,567.0701293945312,14.038294792175293,47.7086181640625,20.375625610351562,0.3343966603279114
62,1,500.84014892578125,198.65985107421875,100.45721435546875,117.85052490234375,0.754808247089386
62,4,351.8692932128906,109.28307342529297,92.770751953125,84.77718353271484,0.7354813814163208
62,5,95.27019500732422,192.13128662109375,124.51705169677734,99.56997680664062,0.7398191690444946
62,8,505.1198425292969,74.27680969238281,56.432403564453125,56.8148193359375,0.759509801864624
62,11,590.2725830078125,37.55037307739258,56.12493896484375,47.04671859741211,0.6945887804031372
62,19,485.2320251464844,14.211751937866211,43.987457275390625,17.9905948638916,0.44978225231170654
62,17,566.0795288085938,14.359048843383789,49.948974609375,21.596860885620117,0.3899659514427185
63,1,499.0885314941406,205.89353942871094,101.14468383789062,118.85893249511719,0.8300667405128479
63,4,348.06451416015625,112.33883666992188,94.09280395507812,85.88529968261719,0.6709109544754028
63,5,81.97378540039062,201.00169372558594,128.47300720214844,102.43269348144531,0.7485474944114685
63,8,506.0029602050781,77.82176971435547,55.749786376953125,56.099327087402344,0.859515368938446
63,11,590.4833984375,39.240943908691406,55.827880859375,47.39757537841797,0.7391128540039062
63,19,484.1572570800781,14.243538856506348,44.952789306640625,18.60218048095703,0.4687668979167938
63,17,565.3768310546875,14.487512588500977,51.36761474609375,22.543893814086914,0.409521222114563
64,1,496.2174987792969,215.24200439453125,105.58816528320312,124.53680419921875,0.8386014103889465
64,4,343.49261474609375,114.93968963623047,96.19400024414062,87.79589080810547,0.6466415524482727
64,5,67.10193634033203,208.45175170898438,134.35995483398438,107.05062866210938,0.6995417475700378
64,8,505.9868469238281,80.01776885986328,56.853790283203125,57.422813415527344,0.8568969368934631
64,11,590.0618896484375,40.66498947143555,57.05859375,49.1464729309082,0.77195143699646
64,19,483.0835266113281,14.307421684265137,45.977386474609375,19.295318603515625,0.49885085225105286
64,17,563.8950805664062,14.528146743774414,54.0906982421875,24.222307205200195,0.49129146337509155
65,1,494.45501708984375,223.71153259277344,109.063720703125,129.2399444580078,0.7886644601821899
65,4,339.913818359375,117.76043701171875,97.11257934570312,88.474365234375,0.7520989775657654
65,5,52.11379623413086,216.56178283691406,139.42076110839844,110.88661193847656,0.7228983640670776
65,8,503.9290771484375,81.98712158203125,59.759521484375,60.97782897949219,0.799178421497345
65,11,590.4599609375,42.962181091308594,56.631591796875,49.33123016357422,0.6102119088172913
65,19,482.3430480957031,14.356902122497559,46.539581298828125,19.84215545654297,0.5328139662742615
65,17,562.2424926757812,14.47362995147705,56.7362060546875,26.051780700683594,0.44982072710990906
66,1,493.6186828613281,233.61917114257812,111.71841430664062,132.98916625976562,0.7959522604942322
66,4,336.1407470703125,120.4869613647461,98.20150756835938,89.1500015258789,0.6211989521980286
66,5,36.84602737426758,225.33543395996094,145.9435577392578,115.81349182128906,0.7531529664993286
66,8,502.9342041015625,85.66548156738281,60.9718017578125,62.7647705078125,0.7639884948730469
66,11,590.9364624023438,44.73267364501953,56.597412109375,49.77821350097656,0.6255147457122803
66,19,481.74774169921875,14.405117988586426,47.052490234375,20.383262634277344,0.5075048804283142
66,17,561.0023193359375,14.223849296569824,59.05914306640625,27.904190063476562,0.4229901134967804
66,21,393.48095703125,13.820584297180176,43.676971435546875,19.703880310058594,0.3883882761001587
67,1,491.6827697753906,242.5274200439453,114.72341918945312,136.9836883544922,0.8144587874412537
67,4,331.1180419921875,122.53227233886719,102.18148803710938,92.98530578613281,0.6726016402244568
67,5,20.38228416442871,234.83567810058594,153.17520141601562,121.40101623535156,0.8073770999908447
67,8,502.44659423828125,88.82306671142578,61.4163818359375,63.606773376464844,0.8666793704032898
67,11,591.4468383789062,46.8140869140625,56.2401123046875,49.953880310058594,0.6962444186210632
67,19,480.1531982421875,14.716166496276855,49.39654541015625,21.85649871826172,0.5660897493362427
67,17,559.0877685546875,13.83605670928955,62.53582763671875,30.566856384277344,0.43150511384010315
67,21,390.5693054199219,13.684946060180664,48.297821044921875,21.85698127746582,0.4591459631919861
68,1,488.5921630859375,252.32083129882812,120.160888671875,144.42459106445312,0.8055586814880371
68,4,327.88262939453125,124.8236083984375,102.76974487304688,93.49259948730469,0.7931954264640808
68,5,3.3133456707000732,245.41786193847656,160.2337188720703,127.12638854980469,0.8401235342025757
68,8,502.19024658203125,91.7028579711914,61.40472412109375,63.907203674316406,0.9086676239967346
68,11,591.4544677734375,48.73443603515625,56.81365966796875,50.86656951904297,0.651507556438446
68,19,479.1108093261719,15.111900329589844,50.753692626953125,22.972881317138672,0.5531583428382874
68,17,558.1492919921875,13.842842102050781,64.4266357421875,32.632293701171875,0.5632064938545227
68,21,387.7082824707031,14.150421142578125,50.917144775390625,23.159202575683594,0.5019974112510681
69,1,485.156982421875,261.45037841796875,124.7889404296875,151.00827026367188,0.8285097479820251
69,4,324.9776916503906,127.9190444946289,103.1304931640625,93.62996673583984,0.8197880983352661
69,5,0.0,254.5548553466797,157.06346130371094,132.39512634277344,0.8818532824516296
69,8,501.23016357421875,94.65902709960938,63.0228271484375,65.95785522460938,0.7808639407157898
69,11,590.9451904296875,50.51905059814453,57.8612060546875,52.445220947265625,0.7496619820594788
69,19,478.190673828125,15.02503490447998,52.11224365234375,24.143348693847656,0.6176398396492004
69,17,557.9859619140625,14.141870498657227,64.5982666015625,33.87006378173828,0.6129200458526611
69,21,386.0965576171875,14.158510208129883,52.138671875,23.857423782348633,0.5049604177474976
70,1,481.72161865234375,272.9197998046875,129.29718017578125,157.44284057617188,0.8505474328994751
70,4,320.9718017578125,131.0951385498047,105.12362670898438,95.5784912109375,0.8383097648620605
70,5,0.0,264.19097900390625,153.74334716796875,141.12826538085938,0.8747878074645996
70,8,501.23785400390625,97.07366180419922,62.8521728515625,65.91272735595703,0.8166325688362122
70,11,591.1195068359375,52.616615295410156,57.8690185546875,52.946632385253906,0.7452396154403687
70,19,477.12359619140625,14.975757598876953,53.05615234375,25.230484008789062,0.614801287651062
70,17,557.7036743164062,14.337547302246094,64.93035888671875,35.322898864746094,0.6141863465309143
70,21,384.6978759765625,14.276834487915039,52.75714111328125,24.322813034057617,0.5110124349594116
71,1,478.7882385253906,286.0971984863281,133.00314331054688,162.41232299804688,0.7844746708869934
71,4,316.668701171875,133.56170654296875,106.61105346679688,96.94760131835938,0.8396202325820923
71,5,0.0,275.97674560546875,146.9367218017578,145.05023193359375,0.8394525051116943
71,8,499.6979675292969,101.0130386352539,63.761505126953125,67.1739730834961,0.765324056148529
71,11,591.8242797851562,55.135066986083984,57.30743408203125,52.81642532348633,0.7285212874412537
71,19,475.9494934082031,14.771949768066406,54.027069091796875,26.426795959472656,0.5861154794692993
71,17,558.4486083984375,14.63545036315918,63.7208251953125,35.914398193359375,0.6668945550918579
71,21,380.7188415527344,14.033469200134277,57.688323974609375,26.939456939697266,0.5557460188865662
72,1,475.2871398925781,298.4085998535156,139.45858764648438,171.5233154296875,0.8351308703422546
72,4,312.6533203125,138.10098266601562,106.95330810546875,97.22674560546875,0.7981160879135132
72,5,0.0,287.935791015625,142.5084228515625,153.40390014648438,0.7503752112388611
72,8,497.73834228515625,104.02058410644531,67.21466064453125,71.42704772949219,0.8494330048561096
72,11,591.6156005859375,57.30043411254883,58.11920166015625,54.08436965942383,0.7073195576667786
72,19,474.5535888671875,14.156452178955078,55.95489501953125,28.23062515258789,0.6075615286827087
72,17,557.7352294921875,15.588032722473145,64.897216796875,37.91366195678711,0.7028484344482422
72,21,376.8482971191406,13.245421409606934,62.765106201171875,29.847339630126953,0.6143612265586853
73,1,472.02984619140625,310.82135009765625,147.10552978515625,182.42205810546875,0.830040693283081
73,4,307.3797912597656,141.58993530273438,109.31814575195312,99.39256286621094,0.8065446615219116
73,5,0.0,301.141845703125,134.22036743164062,159.1671142578125,0.7149930000305176
73,8,497.5870361328125,107.26676177978516,67.24560546875,71.7565689086914,0.7841734886169434
73,11,591.3106689453125,59.80930709838867,58.7744140625,55.229984283447266,0.6777687668800354
73,19,473.27056884765625,13.901198387145996,57.84259033203125,30.142364501953125,0.6503373384475708
73,17,556.9412841796875,16.237857818603516,66.21484375,40.18495559692383,0.7544930577278137
73,21,374.0988464355469,12.65803050994873,64.52865600585938,31.294567108154297,0.5558727383613586
74,1,467.6783142089844,325.89105224609375,155.90768432617188,195.37689208984375,0.7698307037353516
74,4,303.162841796875,144.7548065185547,109.69253540039062,99.42799377441406,0.8430320620536804
74,5,0.0,314.1914978027344,122.34805297851562,158.71749877929688,0.4661378264427185
74,8,496.2103271484375,111.57354736328125,68.98223876953125,74.25601196289062,0.7594108581542969
74,11,591.439453125,61.959564208984375,59.01141357421875,56.00309753417969,0.6947227120399475
74,19,472.0423889160156,14.313447952270508,58.500701904296875,31.453107833862305,0.6175074577331543
74,17,557.343505859375,16.86350440979004,65.62786865234375,41.349090576171875,0.7026010155677795
74,21,370.9396057128906,12.093709945678711,67.621826171875,33.55860137939453,0.6749656200408936
75,1,466.8390197753906,341.1131896972656,154.87466430664062,194.84426879882812,0.7251821160316467
75,4,297.5914306640625,146.61776733398438,113.88922119140625,103.35972595214844,0.823658287525177
75,8,495.6469421386719,115.26717376708984,68.61172485351562,74.09453582763672,0.7974776029586792
75,11,591.4639282226562,64.30774688720703,59.53485107421875,56.97168731689453,0.7233415842056274
75,19,466.7479553222656,13.440847396850586,61.398406982421875,33.548614501953125,0.629442572593689
75,17,557.666259765625,17.98432731628418,64.98492431640625,42.38252258300781,0.6714161038398743
75,21,369.00592041015625,12.333553314208984,69.65213012695312,35.40735626220703,0.7140601873397827
75,22,0.0,329.94708251953125,67.85577392578125,134.37765502929688,0.4852887988090515
76,1,469.29498291015625,356.4991455078125,148.60858154296875,183.5008544921875,0.7329785227775574
76,4,291.8872985839844,149.65103149414062,115.91802978515625,105.15785217285156,0.733647882938385
76,8,494.3852844238281,119.5447769165039,70.55081176757812,76.80558013916016,0.7553492784500122
76,11,590.3862915039062,66.8263168334961,61.16717529296875,59.01091003417969,0.7710627913475037
76,19,464.7202453613281,13.008644104003906,62.591644287109375,34.8720588684082,0.5974971055984497
76,17,558.925537109375,20.38212013244629,61.6466064453125,41.436622619628906,0.7154548764228821
76,21,367.2745361328125,12.731775283813477,70.30032348632812,36.60212707519531,0.7738857269287109
76,22,0.0,344.35382080078125,53.71170425415039,117.75872802734375,0.4430371820926666
77,1,474.060302734375,375.4299011230469,138.09197998046875,164.57009887695312,0.7744485139846802
77,4,286.1954650878906,153.57281494140625,118.33932495117188,107.48605346679688,0.6410524845123291
77,8,494.5229187011719,123.53470611572266,69.78073120117188,76.1497573852539,0.8339666724205017
77,11,590.4423828125,69.6867904663086,61.043212890625,59.16986846923828,0.7551171779632568
77,19,466.03692626953125,13.521638870239258,62.27508544921875,35.71832275390625,0.6158322095870972
77,17,560.1917724609375,22.45861053466797,59.2454833984375,40.8618278503418,0.6781438589096069
77,21,366.7005920410156,13.951916694641113,68.20123291015625,36.29388427734375,0.7553128600120544
77,22,0.0,362.2146301269531,40.69944763183594,108.26922607421875,0.4949943721294403
78,1,476.832763671875,395.037109375,126.972412109375,144.962890625,0.8149018883705139
78,4,280.23626708984375,157.09185791015625,120.40982055664062,109.29852294921875,0.7386906147003174
78,8,493.26611328125,126.12531280517578,71.26934814453125,78.1437759399414,0.8105301856994629
78,11,590.8422241210938,72.61336517333984,60.254150390625,58.66521453857422,0.7664505243301392
78,19,464.71221923828125,13.631610870361328,62.92034912109375,37.09649658203125,0.6741200089454651
78,17,560.4630737304688,24.805631637573242,57.844482421875,40.88307189941406,0.6846892833709717
78,21,363.7967224121094,15.125655174255371,70.13955688476562,38.36201477050781,0.7887235283851624
79,1,482.47900390625,416.0627746582031,115.7357177734375,123.93722534179688,0.7507105469703674
79,4,274.9288330078125,161.18045043945312,122.00534057617188,110.55117797851562,0.757684588432312
79,8,491.4244689941406,129.72386169433594,73.12222290039062,80.64591979980469,0.7461821436882019
79,11,590.921630859375,74.83915710449219,60.89007568359375,59.66978454589844,0.7161924242973328
79,19,464.13568115234375,14.338245391845703,62.4483642578125,37.74397659301758,0.7486052513122559
79,17,560.3963012695312,26.847265243530273,56.59735107421875,40.999000549316406,0.676682710647583
79,21,362.37493896484375,16.61273956298828,68.44122314453125,38.31462478637695,0.7389810085296631
80,1,491.1330261230469,438.6309814453125,101.10269165039062,101.3690185546875,0.7739754915237427
80,4,268.2790222167969,165.5380859375,125.40478515625,113.5306396484375,0.7525095343589783
80,8,490.97344970703125,135.2125701904297,72.87957763671875,80.58970642089844,0.6465082168579102
80,11,590.2395629882812,77.89906311035156,61.943359375,61.14219665527344,0.7602387070655823
80,19,463.77978515625,14.794241905212402,61.789306640625,38.22506332397461,0.7951468825340271
80,17,560.5543212890625,28.310611724853516,55.99395751953125,41.49668502807617,0.7363567352294922
80,21,360.828125,17.958560943603516,68.33758544921875,39.07921600341797,0.7992400527000427
81,1,499.5939636230469,464.0291442871094,84.72171020507812,75.97085571289062,0.4913684129714966
81,4,260.9686584472656,168.53659057617188,128.87612915039062,116.7259521484375,0.6999152302742004
81,8,490.5123596191406,139.84681701660156,73.22952270507812,81.19891357421875,0.676131010055542
81,11,589.2003784179688,79.30763244628906,63.31781005859375,63.00480651855469,0.6984116435050964
81,19,463.32122802734375,15.408156394958496,60.87774658203125,38.47624969482422,0.7998901605606079
81,17,560.3248291015625,29.96711540222168,56.31561279296875,42.650291442871094,0.799221396446228
81,21,358.300537109375,19.969093322753906,68.42327880859375,40.10262680053711,0.7435339093208313
82,4,254.31004333496094,172.1904296875,130.89320373535156,118.39971923828125,0.7436673641204834
82,8,490.3358154296875,145.3461456298828,72.93609619140625,80.88642883300781,0.7697703838348389
82,11,588.8508911132812,83.17886352539062,64.2950439453125,64.38597106933594,0.7445181608200073
82,19,462.5157775878906,15.87357234954834,60.957855224609375,39.37480163574219,0.8242636919021606
82,17,561.0712280273438,32.22648620605469,54.960205078125,42.42919158935547,0.7777472734451294
82,21,357.3691101074219,20.746667861938477,67.48580932617188,40.37164306640625,0.7837283611297607
83,4,246.3837890625,175.9617156982422,134.8291015625,122.18382263183594,0.7637192010879517
83,8,488.13916015625,149.5688018798828,75.51043701171875,84.1055908203125,0.8040384650230408
83,11,588.11279296875,85.85448455810547,66.0601806640625,66.77587127685547,0.6802587509155273
83,19,462.5433349609375,16.7021484375,60.27545166015625,39.7654914855957,0.8393173217773438
83,17,560.32421875,33.61226272583008,55.64068603515625,43.8887825012207,0.7970412373542786
83,21,355.83917236328125,22.532846450805664,66.21209716796875,40.352378845214844,0.7821118831634521
84,4,239.50929260253906,180.62039184570312,136.74913024902344,123.787353515625,0.6782268285751343
84,8,485.6804504394531,155.0272979736328,78.31045532226562,87.58738708496094,0.7669112086296082
84,11,587.1907348632812,88.49331665039062,66.6243896484375,67.76522827148438,0.7393978238105774
84,19,461.99322509765625,17.268335342407227,60.3387451171875,40.66294860839844,0.8299543857574463
84,17,559.8768920898438,35.055965423583984,56.235595703125,45.26511001586914,0.7736311554908752
84,21,353.69281005859375,23.95193099975586,66.35653686523438,41.26308059692383,0.8312678933143616
85,4,232.01669311523438,184.95042419433594,140.09005737304688,126.75758361816406,0.6719101071357727
85,8,484.5308837890625,159.84744262695312,78.9249267578125,88.34968566894531,0.7869654893875122
85,11,586.7147216796875,92.55229949951172,66.45281982421875,67.90105438232422,0.7322806715965271
85,19,462.0849914550781,17.87811279296875,60.242462158203125,41.52638244628906,0.8272956013679504
85,17,559.7202758789062,37.142276763916016,55.92755126953125,45.91841506958008,0.7731218338012695
85,21,351.5245666503906,25.77769660949707,66.37542724609375,42.007904052734375,0.8145160675048828
86,4,225.03121948242188,189.75889587402344,142.95040893554688,129.50758361816406,0.6496189832687378
86,8,483.03399658203125,165.66659545898438,80.9520263671875,91.09921264648438,0.8042179942131042
86,11,586.1673583984375,95.44703674316406,67.514404296875,69.33903503417969,0.6730597019195557
86,19,461.3917541503906,18.650667190551758,60.537689208984375,42.79784393310547,0.7649888396263123
86,17,559.7163696289062,39.280067443847656,55.3236083984375,46.12953186035156,0.7299501299858093
86,21,349.87188720703125,27.56556510925293,65.23443603515625,41.97563171386719,0.7010117173194885
87,4,217.30833435058594,194.44949340820312,146.13035583496094,132.35183715820312,0.8096159100532532
87,8,481.5426330566406,172.18714904785156,83.22897338867188,94.17298889160156,0.8078792691230774
87,11,585.7302856445312,98.20313262939453,68.69818115234375,70.89066314697266,0.7155911326408386
87,19,461.5569763183594,19.907087326049805,59.475555419921875,42.96833038330078,0.7610213160514832
87,17,560.3279418945312,41.20610427856445,54.615234375,46.12636947631836,0.7429023385047913
87,21,347.9571533203125,29.545228958129883,65.07537841796875,42.52545166015625,0.7749097347259521
88,4,208.42550659179688,199.89292907714844,150.06964111328125,136.1608123779297,0.7727149128913879
88,8,481.12298583984375,177.43511962890625,83.36224365234375,94.58648681640625,0.7783143520355225
88,11,584.6752319335938,101.15696716308594,70.66650390625,73.45840454101562,0.7060914635658264
88,19,462.17535400390625,21.411197662353516,58.10955810546875,42.830142974853516,0.7817785143852234
88,17,559.9910278320312,44.0181884765625,54.8592529296875,47.01024627685547,0.7752341032028198
88,21,345.2702941894531,30.85114288330078,65.93954467773438,43.72930145263672,0.7671722173690796
89,4,200.46998596191406,205.73301696777344,152.44126892089844,138.38490295410156,0.8333861827850342
89,8,478.48297119140625,184.1327667236328,85.72967529296875,97.52903747558594,0.8246906399726868
89,11,584.1687622070312,104.43305969238281,71.52935791015625,74.79142761230469,0.735824465751648
89,19,462.5086975097656,22.943910598754883,56.510833740234375,42.37755584716797,0.7933025360107422
89,17,559.7930297851562,45.70771026611328,55.496826171875,48.232208251953125,0.8023066520690918
89,21,343.5782775878906,32.77080535888672,66.43148803710938,44.789039611816406,0.7920902371406555
89,23,599.3309326171875,12.581624984741211,36.5684814453125,21.133817672729492,0.3729455769062042
90,4,191.64134216308594,211.59579467773438,155.00852966308594,140.6712646484375,0.8518692851066589
90,8,475.9664611816406,190.77468872070312,88.64340209960938,101.09298706054688,0.808622419834137
90,11,583.40283203125,107.39937591552734,72.52642822265625,76.2958755493164,0.7291248440742493
90,19,462.47369384765625,24.010608673095703,55.35272216796875,42.24393844604492,0.750499427318573
90,17,559.6123657226562,47.41376495361328,55.9921875,49.33971405029297,0.7381269335746765
90,21,341.86669921875,34.530513763427734,66.361083984375,45.50258255004883,0.7881314754486084
90,23,599.0750122070312,13.617340087890625,37.4801025390625,21.677547454833984,0.4081827700138092
91,4,181.78195190429688,216.83755493164062,160.46170043945312,145.84146118164062,0.8417145609855652
91,8,473.2269592285156,197.0906982421875,92.77108764648438,105.989013671875,0.8174628019332886
91,11,582.5001220703125,110.94342803955078,74.4061279296875,78.75679779052734,0.7547748684883118
91,19,461.819091796875,25.18459701538086,55.5120849609375,43.18252182006836,0.7932059168815613
91,17,559.3115844726562,49.54068374633789,56.265380859375,50.26827621459961,0.7755100131034851
91,21,339.8723449707031,36.76729965209961,65.30059814453125,45.3665657043457,0.8253856897354126
91,23,598.8289184570312,14.480193138122559,38.49468994140625,22.301963806152344,0.3057129383087158
92,4,172.02774047851562,221.2436981201172,165.08782958984375,150.37513732910156,0.8391920924186707
92,8,470.3384704589844,203.8709716796875,96.52621459960938,110.65484619140625,0.8630365133285522
92,11,582.0079345703125,115.04605102539062,75.14306640625,80.05499267578125,0.7009466290473938
92,19,460.74871826171875,25.590662002563477,55.639404296875,44.02690124511719,0.7945489883422852
92,17,558.88818359375,51.36445236206055,57.02996826171875,51.648929595947266,0.7471409440040588
92,21,336.8232116699219,39.148929595947266,64.30731201171875,45.02585983276367,0.7387169599533081
92,23,598.4707641601562,14.860248565673828,39.90374755859375,23.176132202148438,0.37898868322372437
93,4,162.3513946533203,227.85255432128906,169.1023712158203,154.38230895996094,0.8657882809638977
93,8,469.1341857910156,210.95399475097656,98.38168334960938,113.25444030761719,0.8469407558441162
93,11,581.8504028320312,120.32172393798828,75.28509521484375,80.3498306274414,0.73069167137146
93,19,459.6605529785156,25.704914093017578,56.761383056640625,45.829898834228516,0.7806033492088318
93,17,559.3244018554688,54.76860427856445,55.94012451171875,51.08945083618164,0.7763142585754395
93,21,333.44671630859375,41.15232849121094,65.278076171875,46.116127014160156,0.7387728691101074
93,23,598.582763671875,15.055475234985352,40.18878173828125,23.390615463256836,0.3939493000507355
94,4,150.42724609375,234.34088134765625,174.31954956054688,159.44085693359375,0.8543444275856018
94,8,466.5898132324219,218.55905151367188,101.41915893554688,117.55780029296875,0.8156452775001526
94,11,581.2354125976562,124.03755950927734,76.13525390625,81.46985626220703,0.749586820602417
94,19,459.081787109375,26.68819236755371,56.89703369140625,46.827659606933594,0.7556267976760864
94,17,559.361328125,56.84946060180664,56.3585205078125,51.96889877319336,0.6911941170692444
94,21,330.28106689453125,42.931156158447266,66.99676513671875,47.87199020385742,0.7408975958824158
94,23,597.6356201171875,15.416160583496094,42.263671875,24.722946166992188,0.4304484724998474
95,4,140.28294372558594,241.35472106933594,176.6584014892578,161.2697296142578,0.9109252095222473
95,8,465.1492004394531,226.01332092285156,104.04507446289062,121.49574279785156,0.8757412433624268
95,11,580.040283203125,127.70254516601562,77.99664306640625,83.96231079101562,0.7304192781448364
95,19,458.2551574707031,27.105880737304688,57.711456298828125,48.415191650390625,0.7425506711006165
95,17,559.0234375,59.07167053222656,56.783935546875,52.928977966308594,0.6715837121009827
95,21,327.1378173828125,45.92412567138672,65.704345703125,47.561317443847656,0.6587080955505371
95,23,596.6162719726562,15.489724159240723,44.80975341796875,26.432411193847656,0.5795173048973083
96,4,129.27296447753906,247.8225860595703,180.9137420654297,165.1443328857422,0.7846211791038513
96,8,462.00152587890625,235.24594116210938,107.23388671875,125.48776245117188,0.874781608581543
96,11,577.7777709960938,129.92160034179688,80.956787109375,87.71084594726562,0.7562670707702637
96,19,457.78131103515625,28.553909301757812,56.822998046875,48.5008544921875,0.7705118656158447
96,17,559.1171264648438,61.612430572509766,56.391357421875,52.97403335571289,0.676515519618988
96,21,326.2019958496094,48.097389221191406,64.25210571289062,46.771812438964844,0.7324044108390808
96,23,595.41943359375,14.871246337890625,47.7464599609375,28.523326873779297,0.562213122844696
97,4,118.11334991455078,255.02049255371094,185.44485473632812,169.2379608154297,0.8196122050285339
97,8,459.06640625,244.01393127441406,110.9346923828125,130.4334259033203,0.8864322304725647
97,11,577.714111328125,134.77395629882812,82.1002197265625,89.34231567382812,0.682379424571991
97,19,457.9932556152344,29.511014938354492,55.716644287109375,48.30408477783203,0.8082593083381653
97,17,558.843505859375,63.44151306152344,57.98431396484375,55.060760498046875,0.7024092078208923
97,21,323.7032775878906,49.861820220947266,65.2047119140625,47.625667572021484,0.7955955862998962
97,23,594.6549072265625,13.922894477844238,50.0400390625,30.378189086914062,0.6018474698066711
98,4,105.5235595703125,262.2450866699219,191.36590576171875,174.59927368164062,0.8028098940849304
98,8,455.9517517089844,253.18760681152344,115.08517456054688,136.18760681152344,0.8697192072868347
98,11,577.0208129882812,137.51258850097656,83.49896240234375,91.46124267578125,0.7675995230674744
98,19,458.34246826171875,32.37416076660156,53.90496826171875,47.27217102050781,0.81907719373703
98,17,558.8131103515625,66.96221923828125,58.5216064453125,56.07952880859375,0.8151364922523499
98,21,321.5592956542969,51.780189514160156,66.441650390625,49.04180145263672,0.7596340179443359
98,23,593.37109375,13.307579040527344,53.236083984375,32.89974594116211,0.5863632559776306
99,4,88.7812728881836,269.0567626953125,198.94955444335938,180.7960205078125,0.8287288546562195
99,8,452.4264831542969,261.9259338378906,119.72091674804688,142.92562866210938,0.8785629868507385
99,11,577.7825317382812,144.87786865234375,82.645751953125,90.55645751953125,0.8157585263252258
99,19,458.407958984375,34.925594329833984,52.59564208984375,46.474239349365234,0.807849109172821
99,17,558.9445190429688,69.3009262084961,58.8226318359375,56.751487731933594,0.82767254114151
99,21,318.3504333496094,53.95792007446289,67.368408203125,49.97163772583008,0.7734502553939819
99,23,592.6557006835938,12.884296417236328,56.06463623046875,35.437496185302734,0.6322792768478394
99,27,531.2609252929688,14.031097412109375,41.09912109375,19.588584899902344,0.4756448268890381
100,4,75.08543395996094,277.3583068847656,205.1461944580078,186.18832397460938,0.8606875538825989
100,8,448.9302673339844,272.5359191894531,123.03890991210938,147.83444213867188,0.8335667252540588
100,11,576.8588256835938,150.9630584716797,85.09881591796875,93.69093322753906,0.7986984848976135
100,19,458.0329895019531,36.94406509399414,52.304290771484375,46.53157424926758,0.7983834743499756
100,17,559.1366577148438,71.90695190429688,59.6715087890625,57.92314147949219,0.8084396719932556
100,21,316.628173828125,56.259033203125,67.55404663085938,50.51383972167969,0.6429374814033508
100,23,592.4156494140625,12.831314086914062,56.81524658203125,36.75053405761719,0.659263551235199
100,27,528.9669799804688,13.8965482711792,44.17669677734375,21.101051330566406,0.4848100543022156
101,4,60.090614318847656,285.8160705566406,212.59646606445312,192.83822631835938,0.8899222016334534
101,8,444.88311767578125,281.45477294921875,128.43450927734375,155.91738891601562,0.8533695936203003
101,11,577.017578125,155.78428649902344,86.4156494140625,95.29670715332031,0.802596926689148
101,19,457.29840087890625,38.84428787231445,52.227203369140625,46.78615951538086,0.7337043881416321
101,17,559.6715087890625,74.72574615478516,59.78021240234375,58.370018005371094,0.7968540787696838
101,21,312.9247131347656,58.55020523071289,68.2205810546875,51.21442794799805,0.7480310797691345
101,23,591.9285278320312,12.905869483947754,57.82550048828125,38.43648147583008,0.6832310557365417
101,27,529.233154296875,13.9606351852417,44.0264892578125,21.103633880615234,0.5529213547706604
102,4,43.10912322998047,289.0189514160156,223.24813842773438,203.14450073242188,0.8433682918548584
102,8,442.1208190917969,292.53326416015625,132.15274047851562,162.1192626953125,0.7424235343933105
102,11,576.1828002929688,162.29930114746094,86.9425048828125,95.86402893066406,0.8034110069274902
102,19,456.6126708984375,40.381996154785156,52.062347412109375,46.922584533691406,0.679722011089325
102,17,559.3475341796875,76.97071838378906,60.9476318359375,59.87843322753906,0.7684752345085144
102,21,309.28948974609375,61.50498580932617,68.81491088867188,51.79854202270508,0.7330772876739502
102,23,590.6199951171875,13.5426025390625,59.15570068359375,40.43567657470703,0.6579780578613281
102,27,526.5548706054688,14.099729537963867,48.7950439453125,23.533601760864258,0.5445518493652344
103,4,24.54624366760254,294.9278869628906,235.5086212158203,215.30255126953125,0.8325976729393005
103,8,439.6171569824219,306.6605224609375,134.00454711914062,165.65057373046875,0.8118330836296082
103,11,573.6001586914062,167.85459899902344,90.036376953125,99.15135192871094,0.8080370426177979
103,19,455.35906982421875,41.88426971435547,52.4100341796875,47.54167938232422,0.6941121816635132
103,17,559.0631103515625,79.83428192138672,61.56207275390625,60.913795471191406,0.7921527624130249
103,21,304.8706359863281,64.5919189453125,70.34683227539062,53.23396301269531,0.7446677684783936
103,23,591.6950073242188,14.415261268615723,58.370361328125,40.94423294067383,0.6227627396583557
103,27,523.751953125,13.867464065551758,53.4444580078125,26.052515029907227,0.5793876051902771
104,4,6.6493730545043945,307.441650390625,240.78968811035156,220.16876220703125,0.8465870022773743
104,8,435.9700927734375,321.5727844238281,139.29998779296875,173.90188598632812,0.6551792025566101
104,11,572.4166870117188,174.94285583496094,91.71942138671875,100.88896179199219,0.826444685459137
104,19,454.4799499511719,43.678916931152344,51.885040283203125,47.18086242675781,0.5898786187171936
104,17,559.4740600585938,83.4967269897461,61.3743896484375,61.059913635253906,0.8002511858940125
104,21,300.4906311035156,66.7149429321289,72.42864990234375,55.07935333251953,0.7956477403640747
104,23,592.0198364257812,14.920109748840332,58.103759765625,41.70633316040039,0.6704631447792053
104,27,523.1227416992188,13.6357421875,55.77813720703125,27.537891387939453,0.6291326284408569
105,4,0.0,318.92755126953125,236.92234802246094,217.87213134765625,0.7672693729400635
105,8,431.0380859375,334.8377685546875,144.65557861328125,182.50335693359375,0.7672755718231201
105,11,570.9597778320312,179.8234405517578,93.507568359375,102.99302673339844,0.8516545295715332
105,19,453.1704406738281,44.96977615356445,52.745574951171875,48.11062240600586,0.6384032368659973
105,17,559.5147094726562,85.87926483154297,62.84637451171875,63.04767608642578,0.8100299835205078
105,21,298.17584228515625,69.54108428955078,72.55487060546875,55.49085998535156,0.674964189529419
105,23,591.667236328125,15.478375434875488,58.7294921875,43.1915283203125,0.6621145009994507
105,27,522.3145751953125,13.443131446838379,57.69207763671875,28.924518585205078,0.6675713062286377
106,4,0.0,331.1382141113281,225.03097534179688,208.45242309570312,0.7896683216094971
106,8,427.74053955078125,349.22137451171875,146.224365234375,185.6817626953125,0.6499419212341309
106,11,569.159912109375,186.30755615234375,96.513916015625,106.5679931640625,0.8243634700775146
106,19,451.6211853027344,45.43404769897461,54.42083740234375,49.95320510864258,0.6575922966003418
106,17,559.5510864257812,88.57364654541016,64.0645751953125,64.78398895263672,0.7938250303268433
106,21,295.3963623046875,71.8116226196289,73.15118408203125,56.27214813232422,0.6491109132766724
106,23,591.3385620117188,15.781628608703613,60.28009033203125,45.53154754638672,0.6103266477584839
106,27,521.5517578125,13.350847244262695,60.26104736328125,30.770116806030273,0.6235904693603516
107,4,0.0,342.6279602050781,212.75196838378906,197.37203979492188,0.8145638108253479
107,8,428.1352844238281,363.20928955078125,140.68923950195312,176.79071044921875,0.7188891768455505
107,11,567.6902465820312,192.65760803222656,98.3134765625,108.67420959472656,0.8455703258514404
107,19,449.8089599609375,46.52138900756836,55.431121826171875,51.13679122924805,0.7021901607513428
107,17,559.60205078125,91.03602600097656,65.43896484375,66.76060485839844,0.8252663612365723
107,21,290.746337890625,74.03836059570312,74.81427001953125,57.64915466308594,0.7554259896278381
107,23,591.6304931640625,16.204084396362305,60.8939208984375,47.18666076660156,0.5520426630973816
107,27,520.3369750976562,12.919281005859375,63.0426025390625,32.921390533447266,0.5946678519248962
108,4,0.0,353.27264404296875,201.1681365966797,186.72735595703125,0.7758122682571411
108,8,431.6133728027344,379.7410583496094,132.15658569335938,160.25894165039062,0.7045595049858093
108,11,565.7269287109375,199.2517547607422,101.9755859375,113.17933654785156,0.8606196641921997
108,19,449.20721435546875,48.250457763671875,55.557708740234375,51.51502227783203,0.688614010810852
108,17,560.5008544921875,95.53419494628906,64.8900146484375,66.6746826171875,0.8427897095680237
108,21,285.6839904785156,76.39878845214844,77.51995849609375,60.03863525390625,0.6974109411239624
108,23,592.6063232421875,17.96219253540039,59.32757568359375,47.01045608520508,0.5408527851104736
108,27,520.1527099609375,12.717580795288086,64.333740234375,34.358680725097656,0.581553041934967
109,4,0.0,365.13360595703125,188.9024200439453,174.79461669921875,0.859368085861206
109,8,433.2319030761719,397.24774169921875,122.08926391601562,142.75225830078125,0.5710222721099854
109,11,564.3804321289062,206.45140075683594,104.30169677734375,116.04295349121094,0.8659372925758362
109,19,448.5292053222656,49.6832389831543,55.481842041015625,51.60929489135742,0.6166993975639343
109,17,559.4557495117188,98.65425109863281,67.55780029296875,70.08787536621094,0.8194668292999268
109,21,281.3220520019531,78.9752426147461,79.02874755859375,61.43212127685547,0.5672648549079895
109,23,594.6448364257812,21.504871368408203,56.050048828125,45.055850982666016,0.6339267492294312
109,27,519.1536865234375,12.794135093688965,65.64910888671875,36.015140533447266,0.5730931162834167
110,4,0.0,378.2457275390625,175.36831665039062,161.52337646484375,0.8348290920257568
110,8,439.0086364746094,415.8381042480469,111.86318969726562,124.16189575195312,0.6248006820678711
110,11,562.6921997070312,214.71739196777344,106.430908203125,118.83674621582031,0.8711522221565247
110,19,446.8448791503906,51.396400451660156,55.119140625,51.23524475097656,0.6354668140411377
110,17,560.0377197265625,101.73652648925781,68.39080810546875,71.49844360351562,0.8624259233474731
110,21,276.94012451171875,82.99129486083984,80.48529052734375,62.84337615966797,0.7103431224822998
110,23,595.752197265625,23.485015869140625,55.04730224609375,44.85301971435547,0.6331506371498108
110,27,519.0035400390625,13.267718315124512,66.6448974609375,37.59896469116211,0.598012387752533
111,4,0.0,392.38116455078125,160.6910858154297,146.83758544921875,0.7006016373634338
111,8,444.1536865234375,436.68438720703125,99.27667236328125,103.31561279296875,0.5803520083427429
111,11,560.8892211914062,222.13902282714844,109.92919921875,123.20628356933594,0.8232610821723938
111,19,444.8533020019531,53.38325119018555,56.04669189453125,51.870365142822266,0.640068769454956
111,17,562.0391235351562,106.17646789550781,67.2437744140625,70.45393371582031,0.8248627781867981
111,21,272.9990234375,85.79459381103516,81.5242919921875,64.08904266357422,0.714253306388855
111,23,596.4284057617188,26.078750610351562,54.6224365234375,45.18336486816406,0.6891650557518005
111,27,519.6758422851562,13.775094985961914,65.90069580078125,38.190704345703125,0.5028712153434753
112,4,0.0,403.7037048339844,147.08810424804688,135.27511596679688,0.5626834630966187
112,8,451.41168212890625,459.2860107421875,85.1820068359375,80.7139892578125,0.4515503942966461
112,11,557.6936645507812,229.46180725097656,114.0689697265625,128.3996124267578,0.8655505776405334
112,19,442.7686462402344,55.016929626464844,57.360626220703125,53.090721130371094,0.7317072749137878
112,17,561.6724853515625,109.95861053466797,69.02020263671875,72.6511001586914,0.8518126010894775
112,21,270.6150817871094,89.77523803710938,80.15420532226562,63.3211669921875,0.6387945413589478
112,23,596.4254760742188,28.364389419555664,54.18218994140625,45.559539794921875,0.7664341330528259
112,27,519.2271118164062,14.179340362548828,66.2086181640625,39.477142333984375,0.5842183828353882
113,4,0.0,419.08905029296875,130.8264617919922,118.82452392578125,0.6725943088531494
113,8,460.59881591796875,482.36572265625,68.87860107421875,57.63427734375,0.4362073242664337
113,11,555.3662109375,238.010009765625,116.886962890625,131.97698974609375,0.8619022965431213
113,19,440.5202941894531,56.466190338134766,58.83746337890625,54.33907699584961,0.7620114684104919
113,17,562.2526245117188,114.05113220214844,70.503662109375,74.55593872070312,0.8477575182914734
113,21,266.5728759765625,92.82615661621094,81.20199584960938,64.3477783203125,0.667852520942688
113,23,596.5811157226562,30.825979232788086,54.28399658203125,46.221885681152344,0.820625364780426
113,27,518.6687622070312,13.988404273986816,67.5140380859375,41.574031829833984,0.523398220539093
114,4,0.0,437.1582946777344,113.24373626708984,102.31753540039062,0.3552349805831909
114,11,552.3046875,246.4269561767578,121.271484375,137.4967803955078,0.87517249584198
114,19,439.959716796875,58.90046691894531,58.9461669921875,54.36970520019531,0.7346392869949341
114,17,561.9949951171875,117.4774398803711,72.89495849609375,77.63465118408203,0.8403969407081604
114,21,261.7003479003906,95.69267272949219,82.73544311523438,65.65608215332031,0.6412870287895203
114,23,597.2084350585938,32.628089904785156,53.06170654296875,45.687950134277344,0.7901372909545898
114,27,518.3584594726562,14.511993408203125,67.26934814453125,42.7618293762207,0.5347828269004822
115,4,0.33023425936698914,454.48394775390625,95.38221740722656,85.51605224609375,0.5307125449180603
115,11,550.5399780273438,256.32293701171875,123.78741455078125,140.82034301757812,0.8571605682373047
115,19,439.28814697265625,61.16990280151367,58.923370361328125,54.256595611572266,0.7326992750167847
115,17,563.0507202148438,121.62263488769531,73.54248046875,78.79217529296875,0.8388344049453735
115,21,255.2987060546875,98.20207214355469,86.782470703125,69.13841247558594,0.6580873727798462
115,23,598.11962890625,34.067203521728516,53.15350341796875,46.25369644165039,0.7542417645454407
115,27,518.8639526367188,15.42004680633545,66.45452880859375,43.64087677001953,0.5206738710403442
116,4,1.035311222076416,472.7275695800781,75.558349609375,67.27243041992188,0.37628552317619324
116,11,546.2216796875,263.4934387207031,130.72650146484375,149.79461669921875,0.8481793403625488
116,19,437.8008728027344,62.567588806152344,60.39239501953125,55.85065460205078,0.7562307715415955
116,17,564.072509765625,126.17420959472656,73.954345703125,79.60646057128906,0.8174694776535034
116,21,250.06544494628906,101.29953002929688,89.66285705566406,71.87654113769531,0.566961407661438
116,23,598.7346801757812,35.570396423339844,53.31292724609375,46.913658142089844,0.7780730128288269
116,27,520.2627563476562,19.053991317749023,63.851318359375,43.11095428466797,0.3996880352497101
117,11,542.3384399414062,274.0257873535156,135.9608154296875,156.88168334960938,0.815592348575592
117,19,437.440185546875,65.25762939453125,60.39447021484375,56.050376892089844,0.7523244023323059
117,17,565.368408203125,131.0185546875,75.28375244140625,81.26203918457031,0.8247678279876709
117,21,245.50717163085938,105.3514633178711,90.62820434570312,72.88951873779297,0.5880675911903381
117,23,598.7568969726562,37.71949005126953,53.9254150390625,47.848426818847656,0.7844721078872681
117,27,521.6664428710938,21.97130584716797,61.55322265625,42.69744873046875,0.4289543926715851
118,11,538.7485961914062,285.1685791015625,140.05169677734375,162.84988403320312,0.649278998374939
118,19,436.3999328613281,67.33349609375,61.518524169921875,57.498809814453125,0.7991544008255005
118,17,566.04345703125,135.29371643066406,76.89501953125,83.22700500488281,0.8245947957038879
118,21,240.52667236328125,109.35391998291016,92.78057861328125,74.8023910522461,0.6303938627243042
118,23,599.3154907226562,39.852657318115234,54.03277587890625,48.34737014770508,0.8268622756004333
118,27,521.22802734375,22.396448135375977,62.9322509765625,45.036094665527344,0.4476606845855713
119,11,535.7886962890625,295.0613098144531,145.8096923828125,171.31396484375,0.6504818201065063
119,19,435.2657470703125,68.40460205078125,62.9456787109375,59.384735107421875,0.8117089867591858
119,17,566.2471923828125,139.87525939941406,78.34423828125,84.75932312011719,0.8378574848175049
119,21,236.24935913085938,113.64927673339844,92.3126220703125,74.4244384765625,0.5867952704429626
119,23,600.2467041015625,41.91657638549805,53.31988525390625,47.922611236572266,0.730068564414978
119,27,523.15869140625,25.521785736083984,59.82177734375,43.90799331665039,0.6828604340553284
120,11,532.078369140625,306.37591552734375,152.2261962890625,180.63739013671875,0.7266684770584106
120,19,434.3064270019531,70.0650405883789,63.074066162109375,59.969383239746094,0.7141110301017761
120,17,567.4136352539062,145.44578552246094,80.24462890625,86.82630920410156,0.8724768757820129
120,21,230.83424377441406,117.47276306152344,94.62425231933594,76.35305786132812,0.6227423548698425
120,23,599.9229736328125,43.650150299072266,53.91741943359375,48.77944564819336,0.7172539234161377
120,27,525.1696166992188,29.29505157470703,56.174560546875,41.993247985839844,0.6917562484741211
121,11,528.435302734375,319.27484130859375,158.12713623046875,189.52755737304688,0.7176311016082764
121,19,433.4819030761719,72.89469146728516,63.012786865234375,60.33197784423828,0.6906806826591492
121,17,567.6998291015625,150.55825805664062,82.30731201171875,89.04934692382812,0.865696370601654
121,21,225.47067260742188,120.25725555419922,96.69479370117188,78.22895050048828,0.6989992260932922
121,23,599.65234375,44.84413528442383,56.7001953125,51.87739944458008,0.8076398372650146
121,27,525.3521728515625,31.879032135009766,55.490478515625,42.34101486206055,0.6919931173324585
122,11,523.4474487304688,330.86700439453125,165.43841552734375,199.7698974609375,0.7491004467010498
122,19,432.59857177734375,75.66888427734375,62.3284912109375,59.948089599609375,0.7583299279212952
122,17,567.9937744140625,155.80801391601562,85.329345703125,92.34378051757812,0.8378066420555115
122,21,219.4236602783203,124.60431671142578,98.89567565917969,80.07637786865234,0.6292414665222168
122,23,600.4483642578125,47.118614196777344,56.93115234375,52.610679626464844,0.7846075296401978
122,27,525.7305908203125,33.44303894042969,54.79913330078125,42.60101318359375,0.6902916431427002
123,11,524.8394775390625,345.2924499511719,161.099853515625,194.47341918945312,0.7678396105766296
123,19,431.5245056152344,78.37503814697266,62.334808349609375,60.17131805419922,0.8030738234519958
123,17,569.008056640625,161.55804443359375,87.01171875,94.22343444824219,0.8404961824417114
123,21,214.34564208984375,128.39825439453125,100.0860595703125,80.87831115722656,0.7175106406211853
123,23,601.5614624023438,49.65179443359375,55.71527099609375,51.94999694824219,0.7373219728469849
123,27,525.669921875,35.048988342285156,54.50433349609375,43.16316223144531,0.62543785572052
124,11,526.7766723632812,357.5408935546875,154.5911865234375,182.4591064453125,0.8258563876152039
124,19,430.52716064453125,81.36589813232422,62.502105712890625,60.49787139892578,0.7363400459289551
124,17,570.1852416992188,167.33294677734375,88.619384765625,95.81393432617188,0.8387021422386169
124,21,208.14178466796875,133.1804962158203,103.25473022460938,83.49661254882812,0.7683315277099609
124,23,603.6531372070312,52.94721984863281,55.41156005859375,52.050758361816406,0.757962703704834
124,27,525.52880859375,37.05247497558594,55.01727294921875,44.294837951660156,0.7076116800308228
125,11,531.3470458984375,371.978271484375,145.85302734375,168.021728515625,0.8777865171432495
125,19,428.7559509277344,84.56453704833984,62.799560546875,60.85100555419922,0.7727941870689392
125,17,570.5723266601562,173.19488525390625,91.66827392578125,99.12460327148438,0.8257749080657959
125,21,202.4757843017578,138.31483459472656,104.09059143066406,84.181884765625,0.6569330096244812
125,23,604.205810546875,55.419097900390625,55.4521484375,52.56218719482422,0.7573901414871216
125,27,524.848876953125,38.38707733154297,55.9918212890625,45.78437805175781,0.6907975077629089
126,11,535.4490966796875,387.4067687988281,136.64068603515625,152.59323120117188,0.8021546006202698
126,19,427.100341796875,86.91815948486328,63.298797607421875,61.575645446777344,0.7363331913948059
126,17,571.746826171875,178.7300567626953,94.3382568359375,101.87217712402344,0.7812746167182922
126,21,195.107421875,142.38575744628906,107.47805786132812,87.02978515625,0.6642172932624817
126,23,604.4219360351562,58.10193634033203,56.162353515625,53.77000427246094,0.7183905243873596
126,27,524.6871337890625,40.5075569152832,55.877197265625,46.280033111572266,0.6707870960235596
127,11,541.2774047851562,403.4525146484375,128.78118896484375,136.5474853515625,0.7521247863769531
127,19,425.6034240722656,88.09637451171875,64.38632202148438,62.99501037597656,0.7368354201316833
127,17,572.82177734375,185.67103576660156,96.79534912109375,104.38883972167969,0.7911337614059448
127,21,189.1477508544922,146.04750061035156,108.62953186035156,87.91275024414062,0.62599778175354
127,23,605.666259765625,60.87348556518555,54.8861083984375,52.76820755004883,0.7579473257064819
127,27,524.7391357421875,43.45394515991211,55.54931640625,46.55306625366211,0.5658934116363525
128,11,546.306396484375,421.2922668457031,118.07916259765625,118.70773315429688,0.806678056716919
128,19,423.7796936035156,89.55406188964844,65.98583984375,64.99986267089844,0.8229537010192871
128,17,574.15283203125,190.63714599609375,100.47491455078125,108.73934936523438,0.8131442070007324
128,21,181.50770568847656,151.31776428222656,111.05668640136719,89.91180419921875,0.8066105842590332
128,23,606.482666015625,63.718448638916016,55.36138916015625,53.43806076049805,0.7122218012809753
128,27,524.2678833007812,45.06795120239258,56.3265380859375,47.87685012817383,0.6410261392593384
129,11,552.8325805664062,442.1973571777344,104.317626953125,97.80264282226562,0.7709299325942993
129,19,422.0485534667969,92.03931427001953,66.64401245117188,65.97913360595703,0.7413568496704102
129,17,575.1814575195312,197.09036254882812,104.232666015625,113.20651245117188,0.7798874974250793
129,21,174.55198669433594,157.0137939453125,113.05271911621094,91.4736328125,0.7189138531684875
129,23,606.0679931640625,65.76007843017578,57.59283447265625,55.89869689941406,0.6894593834877014
129,27,524.396484375,47.36461639404297,56.32696533203125,48.44963073730469,0.6990765333175659
130,11,559.6710205078125,463.20758056640625,90.82208251953125,76.79241943359375,0.6672950387001038
130,19,420.60455322265625,94.1015625,67.07382202148438,66.66763305664062,0.7033117413520813
130,17,575.829345703125,203.8256072998047,108.3743896484375,118.27949523925781,0.780402421951294
130,21,166.63771057128906,162.16685485839844,116.22865295410156,93.93074035644531,0.7163056135177612
130,23,606.32568359375,68.22061157226562,58.4051513671875,56.91058349609375,0.7445929050445557
130,27,524.6351318359375,49.65237808227539,55.345703125,48.097164154052734,0.6699207425117493
131,11,568.8604736328125,487.4369812011719,71.66656494140625,52.563018798828125,0.4903566539287567
131,19,418.6925964355469,96.22801971435547,67.57522583007812,67.31610870361328,0.6581298112869263
131,17,577.1683349609375,210.7400360107422,111.8118896484375,122.73857116699219,0.7852869033813477
131,21,158.59225463867188,167.1476287841797,119.830078125,96.83424377441406,0.7978023290634155
131,23,606.4577026367188,70.25699615478516,59.64703369140625,58.20825958251953,0.7358989715576172
131,27,523.6881713867188,51.29719924926758,56.7957763671875,49.822635650634766,0.6669589281082153
132,19,415.76824951171875,98.9078598022461,69.20242309570312,69.24149322509766,0.614588737487793
132,17,579.1017456054688,218.42015075683594,115.34185791015625,127.15596008300781,0.8103657960891724
132,21,150.56568908691406,172.1812744140625,123.31654357910156,99.7786865234375,0.6325089335441589
132,23,607.5961303710938,73.38546752929688,59.6817626953125,58.24613952636719,0.6925617456436157
132,27,524.26025390625,54.6392707824707,56.2376708984375,49.66341781616211,0.6698501110076904
133,19,413.47991943359375,100.85549926757812,71.1583251953125,71.56101989746094,0.658866286277771
133,17,580.0311279296875,226.58865356445312,119.31170654296875,132.20455932617188,0.8645133376121521
133,21,142.24314880371094,178.36419677734375,125.36778259277344,101.37664794921875,0.6945161819458008
133,23,608.0072021484375,76.10088348388672,60.5135498046875,59.15550994873047,0.7564200758934021
133,27,524.7283935546875,56.698978424072266,56.547607421875,50.336849212646484,0.7696385383605957
134,19,412.4637756347656,103.12234497070312,70.9874267578125,71.47187805175781,0.6813862919807434
134,17,580.8184814453125,234.14796447753906,123.928466796875,137.9653778076172,0.8255111575126648
134,21,133.61248779296875,185.20663452148438,128.81686401367188,104.1846923828125,0.6789548397064209
134,23,609.247314453125,79.3354263305664,60.82958984375,59.294883728027344,0.8319782018661499
134,27,525.2564086914062,58.602291107177734,56.988037109375,51.06211471557617,0.7379591464996338
135,19,410.4278259277344,106.74070739746094,71.9188232421875,72.70127868652344,0.6505789160728455
135,17,582.7687377929688,243.26637268066406,128.962646484375,144.72633361816406,0.8106354475021362
135,21,123.50677490234375,191.02626037597656,133.22723388671875,107.76692199707031,0.6220762133598328
135,23,609.6424560546875,81.98339080810547,62.85223388671875,61.59221649169922,0.7236685156822205
135,27,525.4342651367188,61.494747161865234,57.14508056640625,51.51547622680664,0.7004185914993286
136,19,408.29449462890625,109.33842468261719,73.43603515625,74.52621459960938,0.7431728839874268
136,17,585.30224609375,252.596435546875,133.17291259765625,150.31536865234375,0.8470624685287476
136,21,113.48263549804688,198.53952026367188,137.46080017089844,111.11257934570312,0.6619369387626648
136,23,610.6060180664062,85.8300552368164,62.81719970703125,61.815574645996094,0.7121533751487732
136,27,524.3267822265625,63.6041374206543,58.60888671875,53.344478607177734,0.672663152217865
137,19,407.49615478515625,113.09905242919922,72.04791259765625,72.8403549194336,0.65345698595047
137,17,586.95654296875,262.30377197265625,137.8798828125,156.68829345703125,0.8658819198608398
137,21,102.69808959960938,205.0087432861328,142.51248168945312,115.21507263183594,0.5630642771720886
137,23,611.9880981445312,90.28480529785156,62.40753173828125,61.41465759277344,0.7730870842933655
137,27,524.1395263671875,66.43392944335938,59.01678466796875,54.22686004638672,0.7279397249221802
138,19,404.4674072265625,116.08780670166016,74.17684936523438,75.20490264892578,0.7354761362075806
138,17,588.5208740234375,272.53363037109375,143.72174072265625,164.55230712890625,0.8230865001678467
138,21,92.6332015991211,212.3816680908203,146.09097290039062,117.97163391113281,0.7209110260009766
138,23,611.4912719726562,92.44890594482422,64.43780517578125,63.476585388183594,0.7831394672393799
138,27,524.0654907226562,69.17505645751953,60.37432861328125,56.01664733886719,0.7696853280067444
139,19,402.8456115722656,119.03773498535156,74.48455810546875,75.57806396484375,0.741050124168396
139,17,590.6743774414062,283.70672607421875,149.18548583984375,172.33489990234375,0.7846052646636963
139,21,81.1750717163086,219.96047973632812,150.46731567382812,121.33010864257812,0.7180817723274231
139,23,611.8961181640625,96.1373062133789,65.34649658203125,64.19872283935547,0.7729120850563049
139,27,524.31787109375,71.91439819335938,60.21728515625,56.299041748046875,0.7891099452972412
140,19,400.6803283691406,122.21150207519531,75.1683349609375,76.33078002929688,0.7135579586029053
140,17,593.7965698242188,295.5136413574219,154.8118896484375,180.3505859375,0.7919488549232483
140,21,69.45306396484375,227.42735290527344,156.0242156982422,125.62583923339844,0.7363587617874146
140,23,611.595703125,98.8195571899414,68.5986328125,67.81781768798828,0.733733057975769
140,27,524.1490478515625,74.58349609375,60.653564453125,57.00428771972656,0.735357403755188
141,19,395.9554138183594,125.07268524169922,77.83053588867188,78.6792984008789,0.7720639109611511
141,17,596.1974487304688,308.51348876953125,161.32049560546875,189.73214721679688,0.781326174736023
141,21,56.23663330078125,236.6014862060547,163.71922302246094,131.90965270996094,0.7570195198059082
141,23,614.7571411132812,104.86537170410156,67.81085205078125,66.90769958496094,0.807056188583374
141,27,524.3917236328125,77.32090759277344,60.704345703125,57.25520324707031,0.7671307325363159
141,29,428.99969482421875,13.528498649597168,38.116973876953125,16.730621337890625,0.41581085324287415
142,19,394.4969482421875,129.68589782714844,77.47406005859375,77.85026550292969,0.8034347891807556
142,17,599.642822265625,321.8819885253906,167.5413818359375,198.92343139648438,0.7163699865341187
142,21,41.42845153808594,244.04571533203125,171.66738891601562,138.64202880859375,0.7454383373260498
142,23,613.6281127929688,106.29348754882812,70.166748046875,69.5025634765625,0.5406780242919922
142,27,523.7653198242188,80.81608581542969,62.00982666015625,58.84686279296875,0.7058874368667603
142,29,427.4178466796875,13.719457626342773,37.689453125,16.51319694519043,0.43145665526390076
143,19,391.43231201171875,133.1832275390625,80.78640747070312,81.31039428710938,0.8078566193580627
143,17,606.2133178710938,335.07598876953125,168.73455810546875,201.04058837890625,0.6781274080276489
143,21,27.408458709716797,252.98284912109375,178.2359161376953,144.203369140625,0.8361016511917114
143,23,612.4940795898438,109.3942642211914,71.9195556640625,71.16059112548828,0.6469284892082214
143,27,523.2592163085938,84.4176254272461,63.265380859375,60.419944763183594,0.6812548041343689
143,29,424.2080383300781,14.404292106628418,39.32135009765625,17.216724395751953,0.4419460594654083
144,19,389.22222900390625,136.23085021972656,82.62869262695312,83.32279968261719,0.8397402763366699
144,17,616.9246826171875,350.5871887207031,161.96697998046875,189.41281127929688,0.553349494934082
144,21,12.501958847045898,262.2080078125,184.56314086914062,149.51284790039062,0.8846152424812317
144,23,614.7587280273438,113.21521759033203,72.61297607421875,72.08162689208984,0.5743586421012878
144,27,522.1289672851562,87.45520782470703,65.33099365234375,63.00653839111328,0.7070984244346619
144,29,420.7515869140625,14.485193252563477,43.80023193359375,19.2280330657959,0.4381575286388397
145,19,387.1761779785156,140.35980224609375,83.93911743164062,84.81674194335938,0.8300632834434509
145,17,627.3550415039062,367.93267822265625,152.71221923828125,172.06732177734375,0.6283887028694153
145,21,0.0,271.1136169433594,192.1687469482422,157.99429321289062,0.8657280802726746
145,23,615.5833740234375,116.80357360839844,74.60614013671875,74.11073303222656,0.5930894613265991
145,27,522.2461547851562,90.97284698486328,65.4794921875,63.513206481933594,0.79445880651474
145,29,418.16162109375,14.683249473571777,47.0345458984375,20.786197662353516,0.5885196328163147
146,19,384.98773193359375,144.53765869140625,84.90509033203125,86.091796875,0.841889500617981
146,17,637.0191650390625,384.43548583984375,142.63446044921875,155.56451416015625,0.76171875
146,21,0.0,281.1139831542969,189.1934356689453,165.14761352539062,0.8155909180641174
146,23,616.5223388671875,120.43782806396484,76.19970703125,75.74480438232422,0.7323408126831055
146,27,521.6204223632812,93.03715515136719,66.57244873046875,64.95445251464844,0.6450183987617493
146,29,414.3658142089844,14.851231575012207,51.198455810546875,22.85809326171875,0.5414242148399353
147,19,382.9522399902344,148.74691772460938,84.99459838867188,86.22242736816406,0.8405178189277649
147,17,649.8724365234375,405.3807373046875,129.60150146484375,134.6192626953125,0.6327203512191772
147,21,0.0,288.9897155761719,187.90567016601562,175.5772705078125,0.8326791524887085
147,23,617.7103881835938,124.92408752441406,77.43365478515625,77.00190734863281,0.5211686491966248
147,27,522.3782958984375,96.40261840820312,65.67376708984375,64.19821166992188,0.7131495475769043
147,29,410.9440612792969,14.420159339904785,55.69134521484375,25.164264678955078,0.6280192136764526
148,19,379.5308837890625,152.93418884277344,86.431640625,87.82992553710938,0.7773582935333252
148,17,657.9027099609375,427.3927917480469,115.1754150390625,112.60720825195312,0.7263774871826172
148,21,0.0,300.0396423339844,184.8534393310547,184.52194213867188,0.784381628036499
148,23,617.8922729492188,128.5780487060547,80.32110595703125,80.18571472167969,0.6792624592781067
148,27,521.287841796875,99.69583129882812,67.9625244140625,66.83734130859375,0.6401445865631104
148,29,409.40362548828125,14.704297065734863,56.794464111328125,26.030414581298828,0.6323205232620239
149,19,376.34027099609375,156.457275390625,87.23959350585938,88.730712890625,0.7696330547332764
149,17,668.515869140625,450.6661376953125,97.93701171875,89.3338623046875,0.5673971176147461
149,21,0.0,310.6974182128906,181.91786193847656,196.32980346679688,0.8294075727462769
149,23,618.5322875976562,132.86460876464844,82.62384033203125,82.90139770507812,0.6104139685630798
149,27,521.0692749023438,103.92247009277344,68.2183837890625,67.46627807617188,0.7890940308570862
149,29,407.79254150390625,14.537466049194336,58.554229736328125,27.354562759399414,0.6555123925209045
149,30,545.4915771484375,14.639738082885742,36.19964599609375,19.768815994262695,0.35088130831718445
150,19,373.0078430175781,161.56211853027344,89.06253051757812,90.67445373535156,0.7949497103691101
150,17,680.1739501953125,476.2107238769531,79.56097412109375,63.789276123046875,0.6593606472015381
150,21,0.0,322.9504699707031,177.09417724609375,205.36056518554688,0.7420036792755127
150,23,619.36962890625,137.8577117919922,84.228271484375,84.90036010742188,0.6970569491386414
150,27,520.7149047851562,107.82378387451172,67.75750732421875,67.20044708251953,0.7184678316116333
150,29,405.9234619140625,14.430058479309082,60.77532958984375,29.023143768310547,0.6175402998924255
150,30,544.7950439453125,15.12742805480957,37.62982177734375,20.568632125854492,0.33054548501968384
150,31,373.7290954589844,9.81190299987793,45.30084228515625,19.47218132019043,0.510651171207428
150,33,373.9679870605469,4.027263164520264,42.3262939453125,23.636255264282227,0.4633723795413971
151,19,369.7916564941406,166.64743041992188,90.68572998046875,92.47412109375,0.7780033349990845
151,21,0.0,336.5011901855469,165.20953369140625,201.63424682617188,0.46202829480171204
151,23,619.78466796875,142.88223266601562,86.12908935546875,87.19163513183594,0.5302208662033081
151,27,520.1146240234375,111.9937515258789,68.91943359375,68.79764556884766,0.6404740214347839
151,29,401.8849182128906,13.476593971252441,65.69338989257812,32.22810745239258,0.6081318855285645
151,30,544.2615966796875,15.007463455200195,38.8851318359375,21.290376663208008,0.301978200674057
151,31,370.05560302734375,9.4484281539917,47.524139404296875,20.505416870117188,0.50322026014328
151,33,369.53204345703125,2.912287950515747,46.528411865234375,26.10155487060547,0.449025958776474
152,19,366.1195373535156,170.34693908691406,93.13095092773438,95.20948791503906,0.7348604798316956
152,21,0.0,350.5259094238281,149.87869262695312,189.47409057617188,0.4797252416610718
152,23,620.9031372070312,146.91941833496094,88.5889892578125,90.36068725585938,0.5437269806861877
152,27,519.6763305664062,115.2882080078125,70.25335693359375,70.57086181640625,0.6532947421073914
152,29,397.1368713378906,12.897441864013672,71.6197509765625,36.293025970458984,0.6433411240577698
152,30,542.3126220703125,14.865943908691406,42.73321533203125,23.536399841308594,0.39141708612442017
152,31,364.363037109375,7.889030456542969,54.9525146484375,23.921873092651367,0.5028812289237976
152,33,364.59814453125,0.8601471185684204,52.4039306640625,29.657014846801758,0.34664541482925415
153,19,362.5101318359375,174.6014404296875,95.73187255859375,98.22695922851562,0.7498106360435486
153,21,0.0,366.75048828125,131.39944458007812,173.24951171875,0.6333435773849487
153,23,622.7509765625,152.78900146484375,89.24713134765625,91.38905334472656,0.6775556802749634
153,27,518.174072265625,120.3050765991211,72.81396484375,73.8730239868164,0.6878141164779663
153,29,394.6142272949219,13.14828872680664,73.91107177734375,38.70294952392578,0.7228919863700867
153,30,540.490478515625,14.220766067504883,47.1171875,26.21193504333496,0.5022591948509216
153,31,361.05157470703125,8.197705268859863,57.618377685546875,25.371170043945312,0.5556431412696838
153,33,359.8870849609375,0.0,57.347259521484375,32.79957580566406,0.42435726523399353
154,19,359.2354736328125,178.9988250732422,97.29473876953125,99.82844543457031,0.8085343241691589
154,21,0.0,382.4399719238281,112.42766571044922,155.35354614257812,0.6018097400665283
154,23,624.0033569335938,158.43235778808594,90.7733154296875,93.48304748535156,0.5969805121421814
154,27,517.91845703125,124.1634292602539,72.70709228515625,74.02051544189453,0.7844938635826111
154,29,392.5024108886719,13.678712844848633,73.53860473632812,39.66741180419922,0.7626363039016724
154,30,539.8463745117188,14.011151313781738,48.77001953125,27.466869354248047,0.47921496629714966
154,31,356.3789367675781,6.41477632522583,63.453582763671875,28.430992126464844,0.5726847052574158
154,33,356.7501220703125,0.0,57.544158935546875,33.56322479248047,0.44116222858428955
155,19,355.0837707519531,184.4292755126953,99.36959838867188,102.14942932128906,0.8070200681686401
155,23,626.609130859375,165.14955139160156,92.166748046875,95.18751525878906,0.7324339151382446
155,27,516.5211791992188,128.02659606933594,74.6134033203125,76.4197998046875,0.6702039241790771
155,29,392.03515625,14.025446891784668,72.24349975585938,40.18605041503906,0.7739191055297852
155,30,538.9771118164062,13.822476387023926,51.35821533203125,29.36063003540039,0.46464839577674866
155,31,351.7356872558594,5.244553089141846,67.32925415039062,30.864112854003906,0.53648841381073
156,19,350.78765869140625,190.10360717773438,102.05911254882812,105.27639770507812,0.8181546330451965
156,23,627.1964111328125,170.02706909179688,95.067138671875,98.5369873046875,0.7721149325370789
156,27,515.577392578125,132.1241455078125,76.32781982421875,78.62127685546875,0.7306134104728699
156,29,390.48321533203125,14.454577445983887,73.27825927734375,42.150028228759766,0.771101713180542
156,30,537.2816772460938,13.766578674316406,56.47113037109375,32.840579986572266,0.5176742076873779
156,33,352.4429931640625,1.7946813106536865,60.1295166015625,35.81488800048828,0.6138707995414734
157,19,347.2643127441406,195.39678955078125,103.35360717773438,106.73126220703125,0.8125782012939453
157,23,628.3387451171875,176.2020263671875,97.8114013671875,101.6949462890625,0.7931108474731445
157,27,514.0841674804688,136.62384033203125,78.1451416015625,80.97406005859375,0.7289373278617859
157,29,388.85638427734375,15.880210876464844,73.72100830078125,43.751914978027344,0.7729783058166504
157,30,535.235107421875,13.780946731567383,60.4261474609375,35.99286651611328,0.5277947187423706
157,33,350.873779296875,3.0644989013671875,59.5921630859375,36.24329376220703,0.6463987231254578
158,19,343.01605224609375,200.81019592285156,105.95703125,109.76847839355469,0.8353076577186584
158,23,628.7825317382812,182.19345092773438,101.20135498046875,105.74032592773438,0.8282672762870789
158,27,513.5665893554688,141.82244873046875,78.48248291015625,81.69889831542969,0.7837297916412354
158,29,387.3697509765625,17.592933654785156,72.94607543945312,44.581214904785156,0.7840899229049683
158,30,535.0874633789062,14.189294815063477,61.131103515625,37.302757263183594,0.601311445236206
158,33,349.8083801269531,3.8045670986175537,58.868682861328125,36.5260124206543,0.7223606705665588
159,19,338.6444396972656,206.83351135253906,109.12472534179688,113.51264953613281,0.8523651361465454
159,23,630.0646362304688,189.89105224609375,102.5921630859375,107.57662963867188,0.7853635549545288
159,27,511.8258056640625,145.9751739501953,81.15386962890625,85.17510986328125,0.7741906642913818
159,29,386.0599670410156,18.59868812561035,72.50021362304688,45.655799865722656,0.7534267902374268
159,30,535.4144287109375,14.814056396484375,61.1846923828125,38.22520446777344,0.6226018667221069
159,33,346.8577880859375,5.089426517486572,60.84527587890625,38.71040725708008,0.7436258792877197
160,19,334.89013671875,213.06922912597656,110.06271362304688,114.47157287597656,0.851965069770813
160,23,630.9871215820312,196.0582275390625,106.18341064453125,111.77114868164062,0.8310810327529907
160,27,509.1640625,150.16163635253906,85.0218505859375,90.01817321777344,0.7975335717201233
160,29,385.8812255859375,21.12894058227539,69.08648681640625,44.50667190551758,0.7748787999153137
160,30,535.5971069335938,15.383782386779785,60.80889892578125,39.00685501098633,0.5898986458778381
160,33,344.29144287109375,6.212950229644775,62.577239990234375,40.8311882019043,0.708990752696991
161,19,329.41827392578125,218.70220947265625,113.32086181640625,118.13980102539062,0.8074885010719299
161,23,632.8543090820312,203.321533203125,109.37567138671875,115.53048706054688,0.8336893320083618
161,27,508.34326171875,155.16705322265625,85.62994384765625,91.06787109375,0.8292331695556641
161,29,384.37994384765625,23.44378089904785,68.54312133789062,45.29457092285156,0.7157751321792603
161,30,535.4441528320312,16.16476058959961,59.7022705078125,39.462860107421875,0.5844942331314087
161,33,343.1377258300781,8.409661293029785,61.052520751953125,40.62278747558594,0.6439496278762817
162,19,325.5690612792969,227.09963989257812,114.32159423828125,119.02322387695312,0.7304965853691101
162,23,634.8336181640625,211.93447875976562,111.61883544921875,118.52963256835938,0.8215174078941345
162,27,506.2088928222656,159.19642639160156,89.07565307617188,95.66923522949219,0.7525956630706787
162,29,382.0851745605469,25.408817291259766,70.05722045898438,47.61516189575195,0.7032609581947327
162,30,536.3562622070312,17.85781478881836,59.71728515625,40.51581954956055,0.4846544861793518
162,33,343.0745849609375,13.58968448638916,56.70819091796875,38.15211486816406,0.6601713299751282
163,19,319.6693420410156,234.08377075195312,117.88900756835938,123.22021484375,0.7260329127311707
163,23,637.7546997070312,219.31906127929688,114.25390625,122.01641845703125,0.7612829208374023
163,27,504.52325439453125,164.05621337890625,92.293701171875,100.1290283203125,0.7345755100250244
163,29,380.5148010253906,26.614225387573242,70.97085571289062,49.587646484375,0.731989860534668
163,30,539.0433349609375,20.63889503479004,56.58551025390625,39.12738037109375,0.4749484658241272
163,33,342.53302001953125,16.22014617919922,53.803558349609375,36.51778030395508,0.7425843477249146
164,19,314.7897644042969,239.69949340820312,121.55709838867188,127.5087890625,0.7892147898674011
164,23,638.0654296875,227.48289489746094,117.84185791015625,126.49092102050781,0.8521236777305603
164,27,504.1481018066406,171.300537109375,92.18453979492188,100.50909423828125,0.7767007946968079
164,29,379.06109619140625,28.754018783569336,69.25564575195312,49.518348693847656,0.8008028268814087
164,30,539.4345703125,22.854164123535156,56.8262939453125,40.16920471191406,0.5413647890090942
164,33,340.1402282714844,19.386329650878906,54.06396484375,37.140071868896484,0.7955278158187866
165,19,308.95648193359375,247.56346130371094,124.89553833007812,131.1732940673828,0.8145946860313416
165,23,639.1665649414062,237.44952392578125,120.58544921875,129.90243530273438,0.8165698051452637
165,27,503.4380187988281,178.17726135253906,93.52297973632812,102.30036926269531,0.7531783580780029
165,29,377.143310546875,30.711488723754883,68.57186889648438,49.97978210449219,0.8497446775436401
165,30,540.4962158203125,25.101655960083008,56.29217529296875,40.53688049316406,0.6980882883071899
165,33,336.504150390625,20.92817497253418,56.028167724609375,38.91210174560547,0.7983428239822388
166,19,303.1399230957031,255.33905029296875,127.46804809570312,134.18212890625,0.810154378414154
166,23,639.4313354492188,245.75704956054688,126.2891845703125,136.55438232421875,0.8143258690834045
166,27,507.8146057128906,197.64816284179688,86.10586547851562,92.98211669921875,0.553827702999115
166,29,375.5119934082031,33.29283905029297,68.35574340820312,50.71434020996094,0.8552653193473816
166,30,541.1817016601562,27.110366821289062,55.61334228515625,40.86503601074219,0.6699292063713074
166,33,333.9722900390625,21.8580265045166,56.2301025390625,39.4522705078125,0.7044512629508972
167,19,296.583740234375,263.4161376953125,130.98648071289062,138.10833740234375,0.6780486702919006
167,23,641.0198974609375,254.837158203125,130.56048583984375,141.89227294921875,0.7676124572753906
167,27,503.0177307128906,197.19651794433594,94.73635864257812,102.76628112792969,0.7331700325012207
167,29,373.6011962890625,35.4929313659668,68.82156372070312,52.14529800415039,0.7694461941719055
167,30,540.971923828125,28.359573364257812,56.45330810546875,42.37464904785156,0.6877246499061584
167,33,332.1363830566406,24.16221809387207,55.05029296875,38.899879455566406,0.805171549320221
168,19,290.4312744140625,270.854248046875,135.18618774414062,142.91357421875,0.8693894743919373
168,23,643.1581420898438,264.7022705078125,135.21484375,147.76290893554688,0.8395191431045532
168,27,499.40032958984375,201.16952514648438,100.726318359375,109.86505126953125,0.7097505331039429
168,29,371.5360412597656,37.88064956665039,67.2149658203125,51.81160354614258,0.7306880950927734
168,30,541.5081176757812,30.003881454467773,56.10333251953125,42.865966796875,0.699975311756134
168,33,329.9130554199219,26.150320053100586,54.536407470703125,38.79521179199219,0.7858445048332214
169,19,283.17578125,279.17645263671875,139.56256103515625,147.82424926757812,0.7975794672966003
169,23,643.7709350585938,275.38494873046875,140.48089599609375,154.51943969726562,0.8279595375061035
169,27,496.2201232910156,207.02395629882812,104.64468383789062,114.813720703125,0.800743579864502
169,29,369.3870849609375,40.35696792602539,67.5306396484375,52.87663650512695,0.7070610523223877
169,30,542.308837890625,31.464689254760742,55.4658203125,43.14332580566406,0.7623509764671326
169,33,326.1853942871094,28.070615768432617,56.3458251953125,40.35807800292969,0.8099449276924133
170,19,275.02044677734375,286.23974609375,145.052978515625,154.16806030273438,0.6903961896896362
170,23,646.7537841796875,287.0581970214844,144.84844970703125,160.23941040039062,0.8087528944015503
170,27,495.4297180175781,213.48330688476562,107.38320922851562,118.30563354492188,0.7362467050552368
170,29,366.4621276855469,43.154972076416016,68.08245849609375,54.03437423706055,0.6898580193519592
170,30,543.106201171875,34.37793731689453,54.7071533203125,43.280540466308594,0.696578860282898
170,33,322.6669006347656,30.23976707458496,56.770416259765625,41.00312042236328,0.8301364183425903
171,19,263.26898193359375,289.86669921875,155.26058959960938,166.365234375,0.4463212490081787
171,23,647.7706298828125,298.39312744140625,151.16229248046875,168.50146484375,0.753428041934967
171,27,493.59222412109375,222.27496337890625,109.541748046875,121.4298095703125,0.70682692527771
171,29,363.33343505859375,45.347740173339844,69.1697998046875,55.73039245605469,0.7368969321250916
171,30,544.704345703125,37.2767219543457,54.57537841796875,43.68667221069336,0.714623749256134
171,33,319.81890869140625,32.03096008300781,57.089630126953125,41.46759796142578,0.8484014868736267
172,19,252.83514404296875,292.2630310058594,164.91387939453125,178.57327270507812,0.6633697748184204
172,23,650.6482543945312,311.73297119140625,156.73370361328125,175.98907470703125,0.7769520282745361
172,27,491.4976501464844,231.19537353515625,112.99960327148438,125.74285888671875,0.7491124868392944
172,29,361.80108642578125,47.61903381347656,68.85858154296875,56.229583740234375,0.7394272089004517
172,30,545.6370239257812,39.544273376464844,54.80279541015625,44.31708526611328,0.730806827545166
172,33,316.9454650878906,34.99338912963867,57.245849609375,41.92508316040039,0.8093408942222595
173,19,241.67210388183594,290.8575439453125,177.48997497558594,195.50421142578125,0.32896801829338074
173,23,652.5542602539062,323.36602783203125,164.358642578125,186.36184692382812,0.9022543430328369
173,27,489.666015625,240.76454162597656,115.557861328125,129.0489044189453,0.7089160084724426
173,29,358.6441955566406,49.5333137512207,69.50640869140625,57.3548469543457,0.7386517524719238
173,30,546.17822265625,41.28069305419922,56.12353515625,45.74110412597656,0.6762297749519348
173,33,312.6195373535156,37.21833419799805,59.21722412109375,43.630313873291016,0.8348664045333862
174,19,238.188232421875,314.3025207519531,172.39407348632812,190.47097778320312,0.646015465259552
174,23,654.9207153320312,335.89556884765625,170.61627197265625,195.048828125,0.9094759821891785
174,27,487.2825012207031,249.851806640625,119.51736450195312,134.33816528320312,0.7794022560119629
174,29,355.2525939941406,52.868995666503906,70.24386596679688,58.59907531738281,0.732975959777832
174,30,547.0691528320312,43.85844421386719,56.33172607421875,46.231842041015625,0.6824495196342468
174,33,308.6817932128906,39.87257385253906,59.93939208984375,44.46781921386719,0.834781289100647
175,19,230.81333923339844,329.7208557128906,173.44700622558594,192.52066040039062,0.4884735345840454
175,23,662.7800903320312,349.4364929199219,166.30682373046875,189.83944702148438,0.7113537788391113
175,27,484.7978515625,259.68597412109375,122.9234619140625,138.79168701171875,0.7029238939285278
175,29,352.779296875,54.74809646606445,70.88070678710938,59.80655288696289,0.8125794529914856
175,30,547.7572021484375,45.66322326660156,57.04022216796875,47.13964080810547,0.7888087034225464
175,33,304.35443115234375,41.745094299316406,61.497833251953125,46.041709899902344,0.8475288152694702
176,19,220.36366271972656,335.7991027832031,179.49571228027344,200.28823852539062,0.3511357009410858
176,23,671.3858032226562,362.5296325683594,159.18426513671875,177.47036743164062,0.5229994654655457
176,27,481.1034851074219,268.88214111328125,127.99130249023438,145.82614135742188,0.7335478067398071
176,29,350.5096130371094,57.92277145385742,71.36627197265625,60.95283126831055,0.7768275737762451
176,30,548.1210327148438,47.46369171142578,57.87994384765625,48.29350280761719,0.8316329717636108
176,33,301.3735046386719,44.25222396850586,60.84893798828125,45.69112777709961,0.8752451539039612
177,19,217.58326721191406,352.8131103515625,169.96961975097656,187.1868896484375,0.41247281432151794
177,23,681.896484375,379.6044616699219,147.92236328125,160.39553833007812,0.733598530292511
177,27,478.833740234375,280.4410095214844,131.87005615234375,151.50418090820312,0.7434347867965698
177,29,346.9320068359375,61.13853454589844,72.49859619140625,62.60176086425781,0.7360209226608276
177,30,548.7135009765625,49.59962844848633,57.75262451171875,48.5909538269043,0.8229302167892456
177,33,298.0212707519531,47.29122543334961,61.3226318359375,46.147708892822266,0.8452355861663818
178,19,215.43104553222656,368.235595703125,160.38902282714844,171.764404296875,0.4738583266735077
178,23,690.766357421875,396.4757995605469,137.81353759765625,143.52420043945312,0.6500938534736633
178,27,475.61492919921875,291.1647033691406,136.69805908203125,158.1654052734375,0.695545494556427
178,29,344.10491943359375,64.42053985595703,72.28579711914062,62.941383361816406,0.7238525152206421
178,30,549.3184814453125,51.80732727050781,57.84051513671875,49.08336639404297,0.8327980041503906
178,33,293.4296875,50.51117706298828,61.571258544921875,46.804283142089844,0.7408674359321594
179,19,213.9443817138672,381.7366027832031,152.1938934326172,158.26339721679688,0.5503218173980713
179,23,698.4064331054688,415.3060302734375,126.05535888671875,124.6939697265625,0.552642285823822
179,27,471.4012451171875,302.9112854003906,141.79425048828125,165.57656860351562,0.7301254868507385
179,29,340.6357421875,66.50143432617188,73.33218383789062,64.28842163085938,0.7062996625900269
179,30,550.265380859375,54.117427825927734,58.7667236328125,50.312191009521484,0.7970736622810364
179,33,289.67236328125,52.341552734375,62.602569580078125,47.687477111816406,0.8293168544769287
180,19,212.30078125,395.22137451171875,143.054931640625,144.77862548828125,0.5807942152023315
180,23,709.6744384765625,434.37347412109375,113.43817138671875,105.62652587890625,0.5574425458908081
180,27,467.6859436035156,314.30511474609375,148.67965698242188,175.50921630859375,0.7610589861869812
180,29,336.7533874511719,69.0303726196289,75.47158813476562,66.79723358154297,0.5422571301460266
180,30,551.2157592773438,56.284873962402344,58.9127197265625,50.999267578125,0.7593904137611389
180,33,285.1833801269531,54.32603073120117,64.8363037109375,49.759037017822266,0.8993900418281555
181,19,210.97628784179688,409.0231018066406,136.28692626953125,130.97689819335938,0.549456000328064
181,23,719.6256103515625,455.58026123046875,97.42169189453125,84.41973876953125,0.5746959447860718
181,27,464.1810302734375,327.85528564453125,154.91021728515625,184.89910888671875,0.6435036659240723
181,29,333.5226745605469,72.3195571899414,75.23446655273438,66.9697036743164,0.6292744278907776
181,30,552.7041015625,59.211673736572266,58.31573486328125,50.6623649597168,0.7081485390663147
181,33,281.4626770019531,57.69093704223633,65.26373291015625,50.228328704833984,0.8012667894363403
182,19,207.97154235839844,423.6161193847656,128.23887634277344,116.38388061523438,0.570082426071167
182,27,460.03814697265625,341.23138427734375,159.3814697265625,192.15191650390625,0.5928952097892761
182,29,328.4241943359375,75.56278228759766,77.6953125,69.7912826538086,0.6083670854568481
182,30,553.1661987304688,61.61754608154297,58.8057861328125,51.34522247314453,0.6846127510070801
182,33,276.50238037109375,60.48777389526367,66.08395385742188,50.96225357055664,0.828525960445404
183,19,208.77737426757812,439.88262939453125,117.70050048828125,100.11737060546875,0.6746525764465332
183,27,460.7814025878906,356.110107421875,153.44082641601562,183.889892578125,0.8071075081825256
183,29,326.3091735839844,81.26232147216797,75.99557495117188,68.53992462158203,0.6658161878585815
183,30,553.282958984375,63.799095153808594,60.52581787109375,53.26685333251953,0.638965368270874
183,33,271.9167785644531,63.41347885131836,67.29678344726562,52.0521125793457,0.854246973991394
184,19,211.34014892578125,456.60736083984375,104.80841064453125,83.39263916015625,0.7448657155036926
184,27,462.79840087890625,371.4906005859375,144.052490234375,168.5093994140625,0.5949475169181824
184,29,322.82122802734375,84.54119873046875,76.4493408203125,69.26493835449219,0.6259556412696838
184,30,553.07177734375,66.47037506103516,62.23193359375,55.28258514404297,0.6452659964561462
184,33,266.8587646484375,66.19438934326172,69.2760009765625,53.782379150390625,0.7365346550941467
185,19,212.94932556152344,474.9255065917969,90.73875427246094,65.07449340820312,0.7099084854125977
185,27,466.9750671386719,389.86590576171875,132.70443725585938,150.13409423828125,0.4578934609889984
185,29,317.81622314453125,87.66519165039062,78.95364379882812,71.85444641113281,0.6779980659484863
185,30,555.1670532226562,69.40575408935547,62.82489013671875,56.046173095703125,0.6875720024108887
185,33,262.2361145019531,69.8828353881836,69.53536987304688,53.94805145263672,0.8758611083030701
186,19,217.91122436523438,494.3697509765625,72.599853515625,45.6302490234375,0.5808745622634888
186,27,472.2953186035156,407.81488037109375,122.86264038085938,132.18511962890625,0.5288791060447693
186,29,313.13836669921875,89.17101287841797,81.30630493164062,74.3003921508789,0.6439367532730103
186,30,556.961669921875,72.92546081542969,63.04144287109375,56.40855407714844,0.7763334512710571
186,33,257.3768615722656,73.20506286621094,71.19161987304688,55.49078369140625,0.8519865870475769
187,27,479.27923583984375,427.4416809082031,110.659912109375,112.55831909179688,0.5828263759613037
187,29,308.5435485839844,92.47859954833984,83.00015258789062,76.11493682861328,0.6686897277832031
187,30,558.2998046875,75.63236999511719,64.150146484375,57.71307373046875,0.7836701273918152
187,33,251.75599670410156,76.0242919921875,72.52110290527344,56.54454040527344,0.8548319935798645
188,27,486.7197265625,450.2687072753906,94.95855712890625,89.73129272460938,0.47987332940101624
188,29,303.2193603515625,96.40782165527344,85.3463134765625,78.65864562988281,0.6555020809173584
188,30,559.4186401367188,78.86653900146484,64.242919921875,58.010826110839844,0.7999390959739685
188,33,246.54525756835938,80.21665954589844,73.72653198242188,57.50492858886719,0.8274945616722107
189,29,298.0769348144531,99.70989227294922,87.92413330078125,81.3866958618164,0.6926679611206055
189,30,560.5045166015625,81.58099365234375,64.43817138671875,58.357208251953125,0.7721498608589172
189,33,240.14015197753906,84.15409088134766,75.62928771972656,58.95946502685547,0.8835729360580444
190,29,293.58258056640625,103.66416931152344,89.08370971679688,82.81806945800781,0.5587462782859802
190,30,561.25537109375,84.34954833984375,66.29156494140625,60.44825744628906,0.7611104846000671
190,33,233.95811462402344,87.19322204589844,78.20567321777344,61.163818359375,0.837874710559845
191,29,288.4595031738281,109.22180938720703,90.14385986328125,83.98296356201172,0.591946005821228
191,30,561.8890991210938,86.54342651367188,67.80181884765625,62.29008483886719,0.736521303653717
191,33,228.14898681640625,91.57096099853516,79.69549560546875,62.21269989013672,0.8193279504776001
191,47,525.2149047851562,14.659706115722656,41.2666015625,26.74048614501953,0.5093632936477661
192,29,281.8787841796875,113.4039306640625,92.30184936523438,85.95762634277344,0.6390693783760071
192,30,562.56884765625,90.8472671508789,68.22735595703125,63.011009216308594,0.6813839673995972
192,33,221.72080993652344,95.68049621582031,80.99018859863281,63.392822265625,0.735596776008606
192,47,525.0263061523438,14.596579551696777,42.48089599609375,27.555912017822266,0.6094874143600464
193,29,276.52716064453125,119.02131652832031,93.47933959960938,87.10324096679688,0.6689214706420898
193,30,563.4691772460938,93.57077026367188,69.6904296875,64.6865234375,0.7319460511207581
193,33,214.60357666015625,99.27320098876953,83.210693359375,65.04344940185547,0.6404090523719788
193,47,523.3508911132812,14.168083190917969,46.28009033203125,30.136573791503906,0.6083284616470337
194,29,271.5884094238281,123.10737609863281,95.05731201171875,88.6976318359375,0.7522131204605103
194,30,564.1185302734375,96.99896240234375,71.37713623046875,66.68865966796875,0.7685354351997375
194,33,206.94168090820312,103.92743682861328,85.48995971679688,66.78682708740234,0.7408912181854248
194,47,521.7876586914062,13.688282012939453,49.57025146484375,32.49280548095703,0.7527822852134705
194,48,597.0484008789062,14.0936279296875,37.74151611328125,15.554496765136719,0.4527483284473419
195,29,264.5477294921875,127.12860870361328,98.4327392578125,92.1639175415039,0.7435922622680664
195,30,564.7539672851562,100.74945068359375,73.83233642578125,69.4610595703125,0.7919641137123108
195,33,199.01412963867188,107.92610168457031,88.53546142578125,69.26927185058594,0.6831070184707642
195,47,521.6223754882812,13.853911399841309,50.92767333984375,33.62436294555664,0.7568176984786987
195,48,596.6641845703125,14.013250350952148,39.19903564453125,16.18343734741211,0.5559163093566895
196,29,258.75714111328125,131.72308349609375,100.18862915039062,93.97470092773438,0.8176466822624207
196,30,565.614501953125,104.3205795288086,75.156005859375,71.16680145263672,0.7332894206047058
196,33,191.48980712890625,112.3773422241211,90.62680053710938,70.8366470336914,0.6458649635314941
196,47,521.5855102539062,14.386574745178223,52.0523681640625,34.67359161376953,0.8118429780006409
196,48,596.1906127929688,14.350887298583984,40.25006103515625,16.67397117614746,0.6265410780906677
197,29,253.29345703125,137.73532104492188,100.68695068359375,94.29756164550781,0.8113676905632019
197,30,567.2290649414062,108.24299621582031,75.39300537109375,71.70030212402344,0.6788899898529053
197,33,183.36085510253906,117.22528076171875,93.20198059082031,72.84089660644531,0.7223898768424988
197,47,521.3798828125,14.825791358947754,52.8187255859375,35.62521743774414,0.8034368753433228
197,48,595.1688232421875,14.522686958312988,42.9815673828125,17.922107696533203,0.6326510310173035
198,29,245.77037048339844,142.91064453125,104.41462707519531,97.90626525878906,0.7890021800994873
198,30,569.0344848632812,111.93096160888672,75.9920654296875,72.47437286376953,0.6937959790229797
198,33,175.42506408691406,122.707275390625,94.20649719238281,73.39627075195312,0.7192434072494507
198,47,521.4124755859375,15.387399673461914,53.37322998046875,36.45136260986328,0.7292822003364563
198,48,594.2301635742188,14.7391939163208,45.5606689453125,19.167343139648438,0.585250198841095
199,29,236.99534606933594,146.63739013671875,109.06022644042969,102.46360778808594,0.7164371609687805
199,30,570.1587524414062,115.55364990234375,77.8062744140625,74.50701904296875,0.767194390296936
199,33,166.96116638183594,127.66104888916016,97.52397155761719,75.97867584228516,0.7565643787384033
199,47,520.4485473632812,16.20881462097168,55.68621826171875,38.65199279785156,0.7017661333084106
199,48,594.0572509765625,14.836448669433594,46.74639892578125,19.879074096679688,0.5834349393844604
200,29,229.0684814453125,152.15138244628906,111.989501953125,105.39418029785156,0.6939679980278015
200,30,571.1640014648438,120.24199676513672,79.39459228515625,76.3292465209961,0.7408176064491272
200,33,157.4219512939453,133.69110107421875,100.33384704589844,78.17239379882812,0.6382465362548828
200,47,519.3804321289062,16.835163116455078,58.25634765625,41.25453567504883,0.7063372135162354
200,48,593.427001953125,14.598947525024414,48.63470458984375,20.967164993286133,0.5781034827232361
201,29,221.79847717285156,159.1061553955078,114.25910949707031,107.49794006347656,0.795249879360199
201,30,572.5222778320312,124.1872329711914,81.1651611328125,78.2907943725586,0.7593613862991333
201,33,148.0206298828125,138.95057678222656,103.60311889648438,80.43559265136719,0.7635236978530884
201,47,520.3341674804688,19.058143615722656,57.2191162109375,41.134178161621094,0.7290021181106567
201,48,591.8009643554688,14.947710990905762,52.29888916015625,22.972518920898438,0.6359720826148987
202,29,212.5606689453125,165.5406036376953,118.1484375,111.39833068847656,0.8137381672859192
202,30,574.0074462890625,128.21229553222656,82.32659912109375,79.74641418457031,0.6491540670394897
202,33,137.1569061279297,144.6879425048828,107.35865783691406,83.29867553710938,0.7773985862731934
202,47,521.3958740234375,22.115081787109375,55.49267578125,40.3178596496582,0.7613429427146912
202,48,590.6981201171875,15.051738739013672,54.40594482421875,24.381309509277344,0.6862279772758484
203,29,203.45921325683594,172.03677368164062,122.50709533691406,115.62408447265625,0.8175783157348633
203,30,574.7203979492188,131.6003875732422,85.6376953125,83.36692810058594,0.7623046636581421
203,33,126.6774673461914,151.07965087890625,111.29479217529297,86.15182495117188,0.7735442519187927
203,47,522.6036987304688,24.721242904663086,53.7957763671875,39.56049346923828,0.772331714630127
203,48,590.4818115234375,15.117993354797363,55.26092529296875,25.331207275390625,0.7842726111412048
204,29,193.3672637939453,178.57052612304688,127.13160705566406,120.2059326171875,0.765969455242157
204,30,575.6154174804688,135.90924072265625,87.84722900390625,85.93841552734375,0.7636182308197021
204,33,116.28687286376953,157.2305908203125,112.66121673583984,86.8577880859375,0.8102020025253296
204,47,522.0015869140625,26.84977912902832,54.87054443359375,40.97199249267578,0.7585026025772095
204,48,590.5219116210938,15.224442481994629,56.52178955078125,26.568580627441406,0.7819421291351318
205,29,183.36839294433594,186.5360565185547,130.63563537597656,123.53684997558594,0.7194821834564209
205,30,577.9056396484375,142.63446044921875,87.7135009765625,85.92469787597656,0.7399885654449463
205,33,104.02738952636719,164.51718139648438,116.27365112304688,89.45561218261719,0.7609613537788391
205,47,522.3220825195312,28.71693229675293,54.79107666015625,41.48619842529297,0.7644704580307007
205,48,590.0655517578125,15.282876968383789,58.72705078125,28.442529678344727,0.6716897487640381
206,29,171.47740173339844,193.23806762695312,136.31410217285156,129.24435424804688,0.8257420063018799
206,30,580.1710205078125,148.94033813476562,88.41363525390625,86.63838195800781,0.696026086807251
206,33,90.8742904663086,171.07830810546875,122.9103775024414,94.46319580078125,0.8047826290130615
206,47,522.2762451171875,30.36117172241211,55.78656005859375,42.84334182739258,0.7273039221763611
206,48,588.91552734375,14.758336067199707,61.650146484375,30.837451934814453,0.6953962445259094
207,29,161.01791381835938,202.37982177734375,140.77093505859375,133.66397094726562,0.8125476837158203
207,30,580.9503784179688,153.85926818847656,91.19183349609375,89.59735107421875,0.6987170577049255
207,33,77.4917984008789,178.33071899414062,128.33670043945312,98.52828979492188,0.7819750308990479
207,47,522.4241333007812,32.97798156738281,56.13397216796875,43.731903076171875,0.7870743274688721
207,48,588.9071044921875,14.461416244506836,62.433349609375,32.26507568359375,0.717254638671875
208,29,149.34933471679688,211.19798278808594,144.98638916015625,137.6234588623047,0.8371474742889404
208,30,582.5289306640625,158.51123046875,93.958740234375,92.76644897460938,0.607124388217926
208,33,63.7457275390625,186.81121826171875,132.89398193359375,101.96554565429688,0.7898037433624268
208,47,523.1358642578125,34.95035171508789,55.207763671875,43.56967544555664,0.768294632434845
208,48,587.6535034179688,14.163341522216797,66.02764892578125,35.45573043823242,0.7730875611305237
209,29,136.22354125976562,219.53921508789062,151.4896240234375,144.05514526367188,0.8867905139923096
209,30,584.3114624023438,162.79820251464844,96.6094970703125,96.03645324707031,0.7202519774436951
209,33,48.2151985168457,194.01966857910156,138.97509765625,106.65992736816406,0.7647058367729187
209,47,522.224853515625,37.38924026489258,56.12811279296875,44.69499588012695,0.7570728659629822
209,48,587.7180786132812,13.898465156555176,66.7760009765625,37.19816207885742,0.7337148189544678
210,29,122.26520538330078,228.870849609375,157.98638916015625,150.40667724609375,0.8558464646339417
210,30,586.461669921875,168.77037048339844,99.057861328125,99.28993225097656,0.7043456435203552
210,33,32.86045837402344,203.4438934326172,144.1500701904297,110.48777770996094,0.8047968149185181
210,47,520.8258666992188,39.32594299316406,57.5777587890625,46.293968200683594,0.7710170149803162
210,48,588.119873046875,13.918903350830078,66.5804443359375,38.4422721862793,0.7151088118553162
211,29,103.51908874511719,239.82012939453125,164.8085479736328,155.99566650390625,0.8320808410644531
211,30,588.5631713867188,174.9116668701172,100.767333984375,101.72834777832031,0.7896068692207336
211,33,16.592567443847656,212.55694580078125,149.87301635742188,114.61395263671875,0.8236823081970215
211,47,520.6483764648438,41.744754791259766,58.28265380859375,47.38380813598633,0.7661082744598389
211,48,590.3807983398438,14.604443550109863,64.31060791015625,38.34832763671875,0.6958754062652588
212,29,82.48381042480469,249.73777770996094,174.81455993652344,163.8633270263672,0.8500019311904907
212,30,590.2136840820312,181.04759216308594,103.47869873046875,105.11775207519531,0.8187059164047241
212,33,0.7275816798210144,223.03768920898438,156.3166961669922,119.98165893554688,0.7368923425674438
212,47,519.9620361328125,43.845821380615234,59.14007568359375,48.62080764770508,0.7982619404792786
212,48,590.3541870117188,14.794925689697266,64.638427734375,39.92327880859375,0.7458791136741638
213,29,71.08320617675781,261.7657165527344,181.83445739746094,170.59103393554688,0.9160152077674866
213,30,592.55322265625,189.53489685058594,105.2908935546875,107.32173156738281,0.7717459201812744
213,33,0.0,233.25840759277344,150.95875549316406,124.97904968261719,0.8452165126800537
213,47,519.6253662109375,46.2580680847168,59.59515380859375,49.380924224853516,0.7724120020866394
213,48,591.6463623046875,16.343448638916016,63.74896240234375,40.60102844238281,0.6856666803359985
214,29,55.10991668701172,273.95098876953125,192.04779052734375,180.56179809570312,0.8792376518249512
214,30,593.6436157226562,196.20867919921875,108.92987060546875,111.45510864257812,0.767906129360199
214,33,0.0,244.63607788085938,145.5546875,129.6285400390625,0.8535505533218384
214,47,519.1234130859375,48.420013427734375,60.681884765625,50.787200927734375,0.7635045647621155
214,48,591.300048828125,16.81483268737793,65.16680908203125,42.93708801269531,0.755139172077179
215,29,37.48112106323242,285.99530029296875,199.82894897460938,188.44866943359375,0.7264278531074524
215,30,594.572265625,203.5577850341797,112.7401123046875,116.04438781738281,0.7784433364868164
215,33,0.0,256.5496520996094,139.66053771972656,135.13287353515625,0.616706371307373
215,47,519.8095092773438,51.47325897216797,60.06292724609375,50.68280029296875,0.7723866701126099
215,48,591.9758911132812,18.079866409301758,64.93707275390625,44.19499969482422,0.7261618971824646
216,29,15.463360786437988,298.0302734375,211.3194122314453,200.00137329101562,0.8199597597122192
216,30,597.2606811523438,212.41758728027344,114.8900146484375,118.80192565917969,0.8276398181915283
216,33,0.0,268.3597717285156,132.32818603515625,140.22991943359375,0.72050541639328
216,47,520.7409057617188,55.12368392944336,59.810546875,50.77798843383789,0.7789446711540222
216,48,594.0545043945312,21.373178482055664,61.0577392578125,42.59716033935547,0.7518577575683594
217,29,0.0,312.1212463378906,220.36029052734375,214.76705932617188,0.7677479982376099
217,30,599.4368286132812,220.45025634765625,118.78839111328125,123.46902465820312,0.7948893308639526
217,47,521.0281372070312,57.999725341796875,59.76214599609375,51.05421447753906,0.802068293094635
217,48,596.0758666992188,23.56396484375,57.8839111328125,41.3236083984375,0.7221645712852478
217,49,489.7770690917969,14.054539680480957,34.596038818359375,14.999032020568848,0.456997811794281
218,29,0.0,327.1922607421875,208.14413452148438,211.05633544921875,0.7378361225128174
218,30,601.2373657226562,228.79441833496094,122.7403564453125,128.36143493652344,0.8030433654785156
218,47,520.7249145507812,60.52150344848633,61.45159912109375,53.010868072509766,0.7491642832756042
218,48,597.267578125,26.106687545776367,56.14935302734375,41.000648498535156,0.7857425808906555
218,49,487.3569641113281,14.042109489440918,38.277191162109375,16.664371490478516,0.4281843602657318
219,29,0.0,342.6983947753906,194.26199340820312,197.30160522460938,0.590323269367218
219,30,604.4256591796875,239.2366180419922,124.96697998046875,131.19187927246094,0.7626703381538391
219,47,520.2095336914062,62.93690872192383,63.42987060546875,55.389278411865234,0.7677621245384216
219,48,597.08740234375,27.568714141845703,56.9261474609375,42.53129196166992,0.8265262842178345
219,49,485.58709716796875,13.81884479522705,40.8121337890625,17.882976531982422,0.5689622759819031
219,51,564.2680053710938,13.338533401489258,39.8204345703125,14.912130355834961,0.38559624552726746
220,29,0.0,360.87567138671875,178.51199340820312,179.12432861328125,0.8332705497741699
220,30,605.4127807617188,249.0410919189453,130.12786865234375,137.5343780517578,0.7645118832588196
220,47,520.3189697265625,66.3846206665039,63.96746826171875,56.522216796875,0.7638252973556519
220,48,597.5598754882812,29.07558822631836,57.713134765625,44.21229934692383,0.7877057790756226
220,49,482.97198486328125,13.388529777526855,44.9412841796875,19.908435821533203,0.5686277151107788
220,51,563.74169921875,13.868179321289062,41.71856689453125,15.645393371582031,0.39886438846588135
221,29,0.0,379.7684020996094,161.17221069335938,160.23159790039062,0.8113669157028198
221,30,607.8693237304688,258.9298095703125,134.42535400390625,142.95611572265625,0.7862148284912109
221,47,520.3357543945312,68.9637680053711,64.28857421875,57.37383270263672,0.8300841450691223
221,48,598.4222412109375,30.971128463745117,56.60302734375,44.225006103515625,0.8132573366165161
221,49,481.4336853027344,13.467142105102539,46.574554443359375,20.9067440032959,0.5188642740249634
221,51,562.7583618164062,14.225462913513184,43.96478271484375,16.54788589477539,0.3692975342273712
222,29,0.0,400.19866943359375,142.07066345214844,139.80133056640625,0.7727648615837097
222,30,610.1677856445312,269.14239501953125,139.37652587890625,149.27450561523438,0.7729801535606384
222,47,520.3571166992188,71.69093322753906,64.97100830078125,58.60902404785156,0.8428416848182678
222,48,599.3735961914062,32.43197250366211,55.828857421875,44.387386322021484,0.8584883213043213
222,49,478.9623718261719,13.952497482299805,49.965423583984375,22.842435836791992,0.6456188559532166
222,51,560.8067626953125,14.263727188110352,48.38043212890625,18.341737747192383,0.316917359828949
223,29,0.0,422.2041320800781,122.46852111816406,117.79586791992188,0.6383764147758484
223,30,609.983154296875,275.70745849609375,148.6680908203125,161.03414916992188,0.7724037766456604
223,47,519.2564697265625,75.71011352539062,66.3861083984375,60.401336669921875,0.8280897736549377
223,48,599.5411987304688,34.76918029785156,57.12890625,46.295135498046875,0.8864395618438721
223,49,477.3632507324219,14.295452117919922,51.707550048828125,24.15268325805664,0.5838724970817566
223,51,558.4716796875,14.414545059204102,52.14593505859375,20.00640296936035,0.3488457202911377
224,29,1.0586276054382324,447.0226745605469,98.2298583984375,92.97732543945312,0.6494424343109131
224,30,611.0671997070312,284.21551513671875,156.47613525390625,171.42108154296875,0.6788872480392456
224,47,518.5770874023438,78.52166748046875,67.1861572265625,61.735076904296875,0.8312512636184692
224,48,600.293701171875,36.547489166259766,56.43450927734375,46.4362678527832,0.8614770770072937
224,49,474.5208740234375,14.674324989318848,54.99853515625,26.34188461303711,0.5193739533424377
224,51,557.4671020507812,14.785816192626953,54.780517578125,21.32758331298828,0.4570779800415039
225,30,606.5264282226562,280.0609436035156,175.49700927734375,196.33377075195312,0.6670222878456116
225,47,518.2030029296875,81.5850830078125,68.6578369140625,63.94923400878906,0.7825064063072205
225,48,600.68603515625,38.62158203125,56.98712158203125,47.67736053466797,0.8327714204788208
225,49,474.0632019042969,14.522562026977539,56.256744384765625,27.719186782836914,0.6303369998931885
225,51,557.240234375,15.276167869567871,55.677734375,22.024429321289062,0.4618932008743286
226,30,616.0952758789062,307.5213317871094,169.19439697265625,190.09405517578125,0.5066319108009338
226,47,518.4170532226562,85.1209945678711,69.4439697265625,65.32508087158203,0.8260869383811951
226,48,601.2084350585938,40.01165008544922,56.78802490234375,48.31221008300781,0.8213721513748169
226,49,472.27947998046875,14.270681381225586,58.84527587890625,29.937482833862305,0.6622409820556641
226,51,554.250732421875,15.175182342529297,60.99615478515625,24.68868637084961,0.5792446732521057
227,30,621.7013549804688,327.4353332519531,172.22467041015625,194.83224487304688,0.8425296545028687
227,47,518.701171875,89.79509735107422,69.34698486328125,65.7471694946289,0.8141037225723267
227,48,602.0986938476562,41.75691223144531,56.8663330078125,49.042396545410156,0.7801837921142578
227,49,470.66552734375,13.998392105102539,60.15875244140625,31.692922592163086,0.6875771284103394
227,51,553.0066528320312,15.612512588500977,62.61077880859375,25.943742752075195,0.5475224852561951
228,30,628.6554565429688,343.2637023925781,171.1419677734375,194.04788208007812,0.7995046973228455
228,47,518.2855834960938,94.13274383544922,70.541259765625,67.56156158447266,0.8054850697517395
228,48,602.176513671875,44.7677116394043,57.099365234375,49.81386184692383,0.8337388634681702
228,49,468.0523986816406,14.359949111938477,63.007720947265625,34.44432830810547,0.6849950551986694
228,51,551.3189086914062,14.568967819213867,66.1851806640625,28.191221237182617,0.5575515031814575
229,30,638.3986206054688,357.8065490722656,164.41827392578125,182.19345092773438,0.6355156302452087
229,47,517.4175415039062,97.40113830566406,72.02728271484375,69.71945190429688,0.7915887832641602
229,48,602.6375122070312,46.63782501220703,57.219970703125,50.443641662597656,0.8202991485595703
229,49,466.1519775390625,14.67077922821045,64.48284912109375,36.58498764038086,0.6395463347434998
229,51,549.1815185546875,13.952714920043945,70.56170654296875,31.063383102416992,0.608380913734436
230,30,648.734130859375,374.24652099609375,153.1981201171875,165.75347900390625,0.7295668125152588
230,47,516.8946533203125,100.9790267944336,73.4879150390625,71.93798065185547,0.8293780088424683
230,48,603.2183837890625,49.38395309448242,57.6993408203125,51.47458267211914,0.8300480842590332
230,49,464.64044189453125,14.741835594177246,64.64129638671875,37.86977767944336,0.7118574976921082
230,51,548.4066772460938,13.795745849609375,72.407958984375,32.9618034362793,0.5941272377967834
231,30,660.584716796875,392.2953796386719,140.90496826171875,147.70462036132812,0.7939928770065308
231,47,516.174072265625,104.4886245727539,74.81756591796875,73.96451568603516,0.7982987761497498
231,48,603.7554321289062,50.82649612426758,58.05029296875,52.402774810791016,0.8628047704696655
231,49,463.2388610839844,15.527716636657715,64.64266967773438,39.09370422363281,0.7177025675773621
231,51,548.1889038085938,13.81788158416748,73.03558349609375,34.436466217041016,0.613629162311554
232,30,669.4705200195312,410.966552734375,129.790771484375,129.033447265625,0.7224340438842773
232,47,515.0557250976562,108.86636352539062,76.70965576171875,76.76713562011719,0.7823506593704224
232,48,603.9990234375,53.02745056152344,58.5010986328125,53.49371337890625,0.8626918196678162
232,49,460.9304504394531,16.253618240356445,66.64700317382812,41.713043212890625,0.7919579744338989
232,51,547.7420043945312,13.909668922424316,74.29107666015625,36.328826904296875,0.6987552046775818
233,30,679.29638671875,431.7507629394531,115.765380859375,108.24923706054688,0.6362807154655457
233,47,515.1319580078125,114.38560485839844,77.2091064453125,77.82945251464844,0.8161286115646362
233,48,604.40966796875,56.19217300415039,58.58587646484375,54.075687408447266,0.8631240725517273
233,49,459.8375244140625,17.79119300842285,66.852294921875,43.2764892578125,0.8299791812896729
233,51,547.0918579101562,14.276355743408203,75.72564697265625,38.42195510864258,0.7602301836013794
234,30,691.3248901367188,454.42974853515625,98.60467529296875,85.57025146484375,0.4993024170398712
234,47,515.3460693359375,119.4638671875,77.86328125,78.94721984863281,0.7953388094902039
234,48,605.3721313476562,58.70960998535156,58.29766845703125,54.17564392089844,0.7835703492164612
234,49,459.6422424316406,19.46653938293457,65.91842651367188,44.09198760986328,0.8246986865997314
234,51,547.7034301757812,15.26140308380127,74.510986328125,39.13206100463867,0.7130676507949829
235,30,704.7890014648438,478.60418701171875,79.1510009765625,61.39581298828125,0.43607574701309204
235,47,514.99072265625,124.07329559326172,78.82635498046875,80.37677764892578,0.7919227480888367
235,48,606.4801025390625,61.28411865234375,57.85406494140625,54.01032257080078,0.7821143269538879
235,49,460.0378723144531,21.12708854675293,64.93106079101562,44.84815979003906,0.8325968980789185
235,51,548.80712890625,16.461517333984375,72.8692626953125,39.57244873046875,0.7062618136405945
236,47,513.7015380859375,129.3568572998047,81.3994140625,83.56976318359375,0.7858886122703552
236,48,606.7061157226562,63.46843719482422,59.3927001953125,55.8572998046875,0.7824992537498474
236,49,460.73590087890625,22.863759994506836,62.66192626953125,44.57665252685547,0.760036826133728
236,51,549.4412231445312,17.805479049682617,71.14544677734375,39.91120147705078,0.7513659000396729
237,47,512.7014770507812,134.53517150878906,83.61285400390625,86.52516174316406,0.8196326494216919
237,48,607.4179077148438,66.52681732177734,60.539306640625,57.46581268310547,0.8926486968994141
237,49,460.19390869140625,24.372709274291992,62.72088623046875,46.075401306152344,0.7659214735031128
237,51,550.10693359375,19.750680923461914,70.05657958984375,40.55194854736328,0.7301641702651978
238,47,512.4534912109375,141.24423217773438,83.84307861328125,87.12289428710938,0.8181231617927551
238,48,607.844482421875,68.83906555175781,61.50323486328125,58.958168029785156,0.8462086915969849
238,49,459.78240966796875,25.988080978393555,62.779541015625,47.68897247314453,0.7812292575836182
238,51,551.4705810546875,22.214162826538086,68.04180908203125,40.53498077392578,0.7354349493980408
239,47,511.0615539550781,146.47567749023438,87.41720581054688,91.68391418457031,0.8023150563240051
239,48,608.3341064453125,71.41061401367188,61.98089599609375,59.98304748535156,0.8391954898834229
239,49,459.7069091796875,27.717424392700195,61.3497314453125,48.008636474609375,0.7232919335365295
239,51,552.6303100585938,24.291603088378906,65.63848876953125,40.150367736816406,0.6924149394035339
240,47,510.2447814941406,152.47613525390625,88.71798706054688,93.77171325683594,0.7891378402709961
240,48,608.9066162109375,74.19203186035156,62.48468017578125,60.84600830078125,0.7235780954360962
240,49,459.2405700683594,29.390153884887695,60.612335205078125,48.758270263671875,0.7721330523490906
240,51,552.3760375976562,25.583919525146484,66.0013427734375,41.475704193115234,0.771222710609436
241,47,509.54058837890625,158.23068237304688,90.39453125,96.13279724121094,0.8408198952674866
241,48,610.2230834960938,77.41386413574219,61.290283203125,59.74085998535156,0.7849085927009583
241,49,458.2982482910156,31.390228271484375,60.627532958984375,50.139892578125,0.8022207021713257
241,51,552.261962890625,26.924728393554688,65.89910888671875,42.5125732421875,0.8545602560043335
242,47,507.8304443359375,163.5079345703125,93.873046875,100.72491455078125,0.8223601579666138
242,48,609.0183715820312,79.98431396484375,64.703369140625,63.658355712890625,0.8432176113128662
242,49,457.37359619140625,34.08131790161133,60.37457275390625,51.17414474487305,0.8046208024024963
242,51,552.03662109375,28.234607696533203,66.1422119140625,43.78862380981445,0.8041567206382751
243,47,506.45404052734375,168.44004821777344,97.689208984375,105.78923034667969,0.8133823275566101
243,48,609.0408325195312,82.45185852050781,66.72027587890625,66.40223693847656,0.8330435752868652
243,49,457.6355895996094,38.15106964111328,58.388824462890625,50.50022888183594,0.8553816676139832
243,51,551.8190307617188,29.609960556030273,67.114501953125,45.68730163574219,0.8032687902450562
244,47,505.75665283203125,177.04354858398438,98.81646728515625,107.7991943359375,0.7880740761756897
244,48,609.8922729492188,85.38196563720703,65.611083984375,65.35831451416016,0.758365273475647
244,49,457.4082336425781,41.13774490356445,56.671295166015625,49.90488052368164,0.8755829930305481
244,51,552.922607421875,31.930599212646484,64.98272705078125,45.29799270629883,0.7817761301994324
245,47,504.6502990722656,185.6729278564453,100.28182983398438,110.14518737792969,0.7993949055671692
245,48,611.197021484375,88.8850326538086,65.838134765625,65.7914810180664,0.7881526350975037
245,49,456.5249328613281,43.4253044128418,57.001861572265625,51.237674713134766,0.8826096653938293
245,51,553.1472778320312,33.1827278137207,64.9471435546875,46.4056282043457,0.7710183262825012
246,47,502.61181640625,193.33828735351562,103.62060546875,114.52676391601562,0.8138192296028137
246,48,611.2691040039062,91.70277404785156,68.12823486328125,68.358642578125,0.8029161691665649
246,49,455.46392822265625,46.005836486816406,56.99920654296875,52.161109924316406,0.86944580078125
246,51,553.7717895507812,35.43352508544922,63.56781005859375,46.28705596923828,0.7569981217384338
247,47,500.737548828125,201.15809631347656,107.03118896484375,119.01188659667969,0.8440854549407959
247,48,613.2896118164062,94.73735809326172,67.05389404296875,67.0451431274414,0.7968142032623291
247,49,454.0020751953125,48.322208404541016,57.210235595703125,53.34225845336914,0.8790621757507324
247,51,553.501708984375,37.3030891418457,63.856689453125,47.47072982788086,0.7216227054595947
248,47,499.1376647949219,210.90463256835938,110.12088012695312,122.98831176757812,0.8630366921424866
248,48,612.2333984375,97.69905853271484,70.703369140625,71.30181121826172,0.7364755272865295
248,49,453.45062255859375,50.8800163269043,55.563323974609375,52.58273696899414,0.8343490362167358
248,51,553.4586791992188,38.626014709472656,64.9007568359375,49.22224426269531,0.7313416004180908
249,47,496.6559143066406,219.374267578125,114.48477172851562,128.8994140625,0.8335452675819397
249,48,612.1121826171875,101.52204132080078,71.46795654296875,72.30803680419922,0.7737011313438416
249,49,452.0329895019531,53.72031784057617,55.327728271484375,53.02878189086914,0.7913040518760681
249,51,553.8048095703125,41.209320068359375,64.10003662109375,49.49121856689453,0.680177628993988
250,47,494.2842712402344,229.21392822265625,119.03775024414062,135.166748046875,0.8681251406669617
250,48,611.3851318359375,104.87537384033203,73.7591552734375,74.8534927368164,0.7402498722076416
250,49,448.80694580078125,56.31666946411133,58.175018310546875,56.59834671020508,0.7649607062339783
250,51,554.1236572265625,42.78132247924805,64.2945556640625,50.55942916870117,0.6585298776626587
251,47,491.9076232910156,240.0049591064453,123.19833374023438,141.11705017089844,0.8027651906013489
251,48,611.8707885742188,107.74169158935547,74.8062744140625,76.04120635986328,0.7453706860542297
251,49,447.4032897949219,58.94882583618164,58.4027099609375,57.521183013916016,0.836498498916626
251,51,554.5427856445312,45.132476806640625,63.995361328125,51.139366149902344,0.6816684007644653
252,47,489.638916015625,251.10775756835938,127.37677001953125,147.00143432617188,0.8245720267295837
252,48,613.615966796875,111.70803833007812,76.09246826171875,77.70144653320312,0.668826162815094
252,49,446.03826904296875,61.941978454589844,58.80987548828125,58.62946319580078,0.7354611158370972
252,51,554.6547241210938,47.71098709106445,63.70703125,51.639591217041016,0.6129627823829651
253,47,487.4283142089844,262.8376770019531,132.47866821289062,154.04660034179688,0.8183563351631165
253,48,616.0188598632812,116.48297882080078,76.36309814453125,78.20133209228516,0.6592785716056824
253,49,443.80706787109375,65.45870971679688,59.73095703125,60.232452392578125,0.846847414970398
253,51,554.9104614257812,50.43553924560547,63.53851318359375,52.141212463378906,0.6349509954452515
254,47,483.34039306640625,273.5404357910156,139.462158203125,163.90292358398438,0.8023538589477539
254,48,617.2008666992188,120.52220153808594,77.62335205078125,79.53176879882812,0.7581075429916382
254,49,441.7857666015625,68.30474090576172,60.03594970703125,61.110633850097656,0.8575515747070312
254,51,555.2479858398438,53.10558319091797,62.7369384765625,52.067710876464844,0.5638170838356018
255,47,479.6462707519531,286.9686584472656,145.49966430664062,172.73684692382812,0.8107504844665527
255,48,617.9136962890625,124.7175064086914,79.65167236328125,81.8978500366211,0.8096314668655396
255,49,440.27154541015625,70.95833587646484,60.81268310546875,62.340614318847656,0.7840583920478821
255,51,554.951904296875,55.32230758666992,63.663818359375,53.48440170288086,0.635179340839386
256,47,474.41351318359375,299.2834777832031,153.70965576171875,184.71209716796875,0.8766196370124817
256,48,618.3514404296875,128.74119567871094,81.92987060546875,84.64018249511719,0.7315850853919983
256,49,438.0185852050781,73.1921157836914,62.06024169921875,64.29401397705078,0.7428473234176636
256,51,554.8436889648438,58.40182113647461,63.5858154296875,53.84104537963867,0.5266133546829224
257,47,470.5405578613281,314.1966247558594,161.43112182617188,196.5625,0.798028826713562
257,48,619.0238647460938,133.42849731445312,83.7247314453125,86.89883422851562,0.7676049470901489
257,49,436.1670227050781,78.20118713378906,63.013916015625,65.85879516601562,0.7796124815940857
257,51,554.2299194335938,60.51028060913086,65.11590576171875,55.74470901489258,0.5355228185653687
258,47,467.8512268066406,330.6472473144531,164.75350952148438,202.46347045898438,0.6652058362960815
258,48,620.4829711914062,137.92694091796875,85.693115234375,89.28826904296875,0.8111124038696289
258,49,434.6338195800781,81.18814086914062,63.58538818359375,67.15342712402344,0.8352213501930237
258,51,554.2335815429688,63.53010559082031,65.1026611328125,56.240211486816406,0.5725570917129517
259,47,469.9678649902344,345.8054504394531,158.80667114257812,194.19454956054688,0.7354819178581238
259,48,620.6726684570312,144.1974334716797,87.3062744140625,91.10527038574219,0.795940637588501
259,49,433.20770263671875,84.99067687988281,61.773956298828125,65.50453186035156,0.8264564275741577
259,51,553.767333984375,66.1377944946289,66.31353759765625,57.9456787109375,0.5006008148193359
260,47,473.6081237792969,364.9370422363281,148.37979125976562,175.06295776367188,0.5268239974975586
260,48,622.5543212890625,149.46519470214844,88.69635009765625,92.80169677734375,0.8029893636703491
260,49,430.9438171386719,89.73958587646484,62.573944091796875,66.6597671508789,0.8214752674102783
260,51,554.1480712890625,68.85761260986328,66.347412109375,58.37519073486328,0.5765268206596375
261,47,478.701416015625,384.55401611328125,136.01715087890625,155.44598388671875,0.6803126335144043
261,48,624.0360107421875,154.34207153320312,90.911376953125,95.2518310546875,0.8478431701660156
261,49,427.7467346191406,93.23573303222656,65.2822265625,70.05805969238281,0.7720723748207092
261,51,553.6624755859375,71.20100402832031,67.379150390625,59.8011474609375,0.6753774881362915
262,47,483.2666015625,405.7234191894531,124.568359375,134.27658081054688,0.6449488997459412
262,48,625.5325317382812,159.169921875,93.55279541015625,98.22357177734375,0.825167715549469
262,49,426.02239990234375,97.06037139892578,65.13238525390625,70.17687225341797,0.7490443587303162
262,51,553.2715454101562,74.03501892089844,68.6917724609375,61.39018249511719,0.673797070980072
263,47,491.674560546875,428.95855712890625,110.4371337890625,111.04144287109375,0.7456254959106445
263,48,626.85791015625,165.34181213378906,95.7550048828125,100.90168762207031,0.8432530760765076
263,49,423.0893249511719,101.44908905029297,66.52212524414062,72.19408416748047,0.8386427760124207
263,51,554.0179443359375,77.40008544921875,67.52850341796875,60.514739990234375,0.5798918604850769
264,47,500.24786376953125,454.2001037597656,94.3126220703125,85.79989624023438,0.6808363199234009
264,48,627.6868896484375,170.1105499267578,98.99737548828125,104.80091857910156,0.8709043264389038
264,49,420.79534912109375,105.32768249511719,66.2393798828125,71.96220397949219,0.7827789187431335
264,51,553.3214111328125,81.42852020263672,69.2315673828125,62.430076599121094,0.6162604093551636
265,47,511.51324462890625,483.4094543457031,72.8341064453125,56.590545654296875,0.5145413279533386
265,48,628.515380859375,176.46836853027344,101.75335693359375,108.20027160644531,0.8400462865829468
265,49,417.2491149902344,111.14933776855469,68.2728271484375,74.43002319335938,0.7210633754730225
265,51,552.666748046875,84.73678588867188,69.98114013671875,63.365264892578125,0.6871935129165649
266,48,629.9339599609375,183.3888702392578,103.5721435546875,110.59193420410156,0.8218165636062622
266,49,414.12646484375,115.14520263671875,70.332275390625,77.09718322753906,0.7719998359680176
266,51,552.944091796875,87.43235778808594,69.5421142578125,63.05137634277344,0.7534621953964233
267,48,631.6143188476562,190.45999145507812,105.947509765625,113.42678833007812,0.8663634061813354
267,49,410.0996398925781,120.63777160644531,73.85894775390625,81.75840759277344,0.7895190715789795
267,51,552.1699829101562,90.52812957763672,71.192626953125,64.9183120727539,0.7513796091079712
268,48,633.1420288085938,196.950927734375,109.43499755859375,117.65774536132812,0.8398165702819824
268,49,407.1015319824219,125.16336059570312,74.92251586914062,83.30207824707031,0.8022392392158508
268,51,551.140869140625,93.50721740722656,73.22686767578125,67.275634765625,0.7960480451583862
269,48,634.6246337890625,204.6289520263672,112.3731689453125,121.21559143066406,0.8521736264228821
269,49,403.28271484375,130.48504638671875,76.6136474609375,85.70980834960938,0.7695339918136597
269,51,551.7096557617188,96.75225830078125,73.6212158203125,67.9903564453125,0.7023655772209167
270,48,636.7261962890625,213.03848266601562,115.236572265625,124.86331176757812,0.8103772401809692
270,49,398.460693359375,136.70761108398438,78.77627563476562,88.67477416992188,0.8033772110939026
270,51,550.5614624023438,101.06556701660156,75.9376220703125,70.5992431640625,0.7193439602851868
271,48,637.8412475585938,220.8092498779297,119.3746337890625,130.0935821533203,0.8056648969650269
271,49,393.2496337890625,141.0397491455078,81.383056640625,91.79302978515625,0.8146646618843079
271,51,550.29248046875,103.99699401855469,76.6158447265625,71.64614868164062,0.8203595876693726
272,48,638.2603759765625,228.00418090820312,124.494384765625,136.4520263671875,0.8445854783058167
272,49,389.6639709472656,147.09393310546875,83.79403686523438,94.83865356445312,0.836243212223053
272,51,548.7525634765625,106.70744323730469,79.8992919921875,75.50553894042969,0.8216679096221924
273,48,640.58447265625,237.75692749023438,127.73040771484375,140.51058959960938,0.8320237398147583
273,49,385.7705383300781,153.6073760986328,85.23941040039062,97.01229858398438,0.8259807825088501
273,51,548.866455078125,110.25898742675781,79.9134521484375,76.09770202636719,0.8010604977607727
274,48,642.0423583984375,247.49044799804688,131.92987060546875,145.72671508789062,0.8179420232772827
274,49,380.3346252441406,161.62513732910156,88.81625366210938,101.71046447753906,0.866445004940033
274,51,547.8432006835938,114.79186248779297,81.69635009765625,78.34310150146484,0.7927569150924683
275,48,643.5842895507812,257.4536437988281,136.18646240234375,151.20626831054688,0.7973539233207703
275,49,375.0458679199219,167.9763946533203,91.8472900390625,106.19850158691406,0.8169967532157898
275,51,547.7684936523438,119.47421264648438,81.466796875,78.48583984375,0.7619016766548157
276,48,645.0577392578125,266.8075256347656,142.14453125,158.63735961914062,0.8155493140220642
276,49,369.2093505859375,175.66102600097656,95.0330810546875,110.68812561035156,0.8416814208030701
276,51,546.315185546875,123.56056213378906,84.92236328125,82.48660278320312,0.76944500207901
277,48,647.9147338867188,278.8190002441406,147.0880126953125,165.0880126953125,0.8379047513008118
277,49,363.826904296875,182.69664001464844,98.07608032226562,115.11326599121094,0.8551903367042542
277,51,545.598876953125,127.48282623291016,86.05645751953125,84.12023162841797,0.7995367646217346
278,48,649.6173706054688,290.2333679199219,153.56304931640625,173.65240478515625,0.8040306568145752
278,49,358.0646667480469,190.22677612304688,101.2816162109375,119.58474731445312,0.8662460446357727
278,51,544.4819946289062,131.52285766601562,88.67181396484375,87.47850036621094,0.8072347044944763
278,58,591.8733520507812,14.680662155151367,45.721435546875,31.5599422454834,0.44157281517982483
279,48,652.1542358398438,301.9725036621094,160.33294677734375,182.84130859375,0.8667476177215576
279,49,352.51043701171875,199.1563720703125,103.22653198242188,122.24871826171875,0.8403966426849365
279,51,544.4216918945312,136.8733673095703,88.93853759765625,88.27923583984375,0.830490231513977
279,58,591.02197265625,14.891827583312988,47.4384765625,32.79497528076172,0.5126039385795593
280,48,654.0193481445312,314.05291748046875,169.16436767578125,194.78732299804688,0.8357142806053162
280,49,345.1305847167969,208.1234588623047,107.3935546875,127.88142395019531,0.8723170161247253
280,51,543.4698486328125,143.0096435546875,89.64764404296875,89.43850708007812,0.8130667209625244
280,58,590.7806396484375,13.921743392944336,51.353271484375,35.69127655029297,0.6124117374420166
280,60,486.3238220214844,14.194345474243164,39.219635009765625,19.282663345336914,0.38769984245300293
281,48,657.2025146484375,328.280029296875,174.34417724609375,202.16534423828125,0.8399863839149475
281,49,337.7835388183594,217.2028045654297,111.53897094726562,133.6507110595703,0.8746364116668701
281,51,541.2774658203125,148.00494384765625,92.9498291015625,93.57870483398438,0.7983571290969849
281,58,589.453857421875,13.787811279296875,54.22955322265625,37.99319076538086,0.6771073937416077
281,60,485.6641540527344,14.24515151977539,40.071136474609375,19.718338012695312,0.4932817816734314
282,48,665.3812866210938,342.3833923339844,170.8697509765625,197.46975708007812,0.8407734036445618
282,49,330.7583923339844,226.71002197265625,114.010986328125,137.04800415039062,0.8823369741439819
282,51,541.2723999023438,152.76766967773438,93.667724609375,94.82365417480469,0.7586053013801575
282,58,590.2523193359375,14.346173286437988,54.13165283203125,38.227848052978516,0.6866701245307922
282,60,484.17205810546875,14.441521644592285,42.2864990234375,20.86859130859375,0.4074179232120514
283,48,676.0394897460938,356.9458923339844,163.6416015625,183.05410766601562,0.801506519317627
283,49,322.91046142578125,237.56639099121094,117.79119873046875,141.9224395751953,0.8873184323310852
283,51,540.0328369140625,158.51243591308594,96.027587890625,97.75489807128906,0.8554920554161072
283,58,590.2044677734375,14.740013122558594,54.87945556640625,39.21672821044922,0.6318944692611694
283,60,478.9452819824219,14.74155044555664,50.137725830078125,24.924480438232422,0.45138630270957947
284,48,687.443359375,373.6354675292969,153.5819091796875,166.36453247070312,0.7762764692306519
284,49,314.1896667480469,249.64785766601562,121.57260131835938,146.8143310546875,0.852466881275177
284,51,538.03466796875,164.0568084716797,99.4931640625,102.08885192871094,0.7967036366462708
284,58,589.6622314453125,15.09372329711914,57.024658203125,41.322235107421875,0.5975778102874756
284,60,478.2518615722656,14.971240043640137,50.628692626953125,25.356311798095703,0.5543034076690674
285,48,697.1470947265625,391.5397033691406,142.894287109375,148.46029663085938,0.7523613572120667
285,49,303.54803466796875,261.4326171875,128.92535400390625,156.7154541015625,0.8690711259841919
285,51,537.2667236328125,170.7855224609375,101.19232177734375,104.417236328125,0.8269132375717163
285,58,588.9894409179688,15.806331634521484,58.74835205078125,43.28361129760742,0.6131718754768372
285,60,474.3277587890625,14.737263679504395,53.98370361328125,27.317401885986328,0.6165422797203064
286,48,706.4155883789062,410.80548095703125,129.39495849609375,129.19451904296875,0.7118643522262573
286,49,293.23211669921875,273.9647216796875,134.0086669921875,163.57852172851562,0.9001380801200867
286,51,535.4191284179688,176.68838500976562,104.487548828125,108.482666015625,0.8241254091262817
286,58,588.3661499023438,17.459209442138672,59.491943359375,44.596736907958984,0.5600520372390747
286,60,471.0780944824219,14.330322265625,57.465179443359375,29.420700073242188,0.6260257363319397
287,48,716.7512817382812,431.2541198730469,115.353515625,108.74588012695312,0.7409289479255676
287,49,280.957763671875,286.4291687011719,142.0233154296875,174.51748657226562,0.8341244459152222
287,51,534.3292236328125,182.0013427734375,107.9254150390625,113.09295654296875,0.7852603197097778
287,58,589.246337890625,20.366151809692383,58.03759765625,44.2403564453125,0.6362566947937012
287,60,467.34197998046875,14.154070854187012,60.766357421875,31.56985855102539,0.665898323059082
288,48,726.597900390625,453.28460693359375,100.58978271484375,86.71539306640625,0.6434424519538879
288,49,268.5481262207031,300.7041015625,149.72653198242188,185.12921142578125,0.8706541061401367
288,51,533.49658203125,189.8350067138672,109.23602294921875,115.30851745605469,0.8176960349082947
288,58,591.0917358398438,23.491239547729492,55.80914306640625,42.952980041503906,0.6227568984031677
288,60,464.5679016113281,13.777046203613281,64.27633666992188,33.936302185058594,0.7171844244003296
289,48,737.196044921875,477.488037109375,82.5888671875,62.511962890625,0.6350741386413574
289,49,255.23577880859375,317.0653991699219,157.2572021484375,195.93685913085938,0.8492775559425354
289,51,530.8599243164062,195.65640258789062,113.0543212890625,120.4613037109375,0.8016135692596436
289,58,592.443115234375,26.67759895324707,53.8162841796875,41.81117248535156,0.7414038777351379
289,60,462.884521484375,14.129613876342773,66.41619873046875,35.797607421875,0.8162658214569092
290,49,243.2929229736328,333.4004211425781,160.83470153808594,200.64303588867188,0.7593562602996826
290,51,529.8296508789062,202.33470153808594,115.81463623046875,124.42662048339844,0.8746907711029053
290,58,593.1802368164062,28.863449096679688,53.7501220703125,42.236412048339844,0.788473904132843
290,60,462.56805419921875,14.79715633392334,66.40826416015625,36.59651184082031,0.8277055025100708
291,49,235.45574951171875,352.7123718261719,154.05313110351562,187.28762817382812,0.7211233973503113
291,51,528.7977294921875,210.4059600830078,118.78240966796875,128.79197692871094,0.8778859972953796
291,58,594.0872192382812,31.341428756713867,53.67889404296875,42.590118408203125,0.7047873139381409
291,60,461.298095703125,15.661872863769531,66.87420654296875,37.756683349609375,0.8175780177116394
292,49,231.66700744628906,373.7062683105469,142.92796325683594,166.29373168945312,0.8218042254447937
292,51,526.7916870117188,218.07591247558594,122.69903564453125,134.41786193847656,0.8716394901275635
292,58,595.0609130859375,33.956878662109375,52.91522216796875,42.312713623046875,0.7171210646629333
292,60,460.1829528808594,16.20780372619629,68.71737670898438,39.80799102783203,0.8078995943069458
293,49,230.09869384765625,395.553955078125,130.70596313476562,144.446044921875,0.7763450145721436
293,51,525.0894775390625,226.99484252929688,126.3890380859375,139.6812744140625,0.8626207113265991
293,58,595.1292724609375,35.76949691772461,53.33551025390625,43.033382415771484,0.784694492816925
293,60,459.4871520996094,17.518165588378906,69.34017944335938,41.246829986572266,0.8157868981361389
294,49,228.64976501464844,420.05584716796875,115.93321228027344,119.94415283203125,0.7448340058326721
294,51,523.5042724609375,236.22213745117188,129.31988525390625,144.17388916015625,0.8573399186134338
294,58,596.1346435546875,37.72014617919922,53.88153076171875,43.88414764404297,0.8249830007553101
294,60,459.4504699707031,19.23027992248535,68.66714477539062,41.96458435058594,0.8306507468223572
295,49,231.6295928955078,447.7555847167969,97.30665588378906,92.24441528320312,0.7999637126922607
295,51,521.4756469726562,246.00286865234375,133.8487548828125,150.71575927734375,0.8197084665298462
295,58,595.51171875,40.13039016723633,55.6298828125,45.71439743041992,0.7890139222145081
295,60,459.2120666503906,20.9398250579834,67.71969604492188,42.52629852294922,0.8673445582389832
296,51,518.79931640625,255.61215209960938,139.1981201171875,158.66232299804688,0.8260965347290039
296,58,596.221923828125,42.07797622680664,55.88140869140625,46.320980072021484,0.7534202337265015
296,60,459.5267333984375,22.63245391845703,65.635009765625,42.30890655517578,0.8557606339454651
297,51,516.2271728515625,265.9898681640625,144.1844482421875,166.29998779296875,0.8546637296676636
297,58,596.8896484375,44.4054069519043,55.41961669921875,46.2780876159668,0.7616704702377319
297,60,458.9690856933594,24.364606857299805,64.81155395507812,42.83857727050781,0.8616666197776794
298,51,512.7753295898438,275.47271728515625,149.96820068359375,175.132080078125,0.8726341724395752
298,58,596.2012939453125,45.980960845947266,57.0775146484375,48.05117416381836,0.824439525604248
298,60,458.08465576171875,25.999570846557617,64.9295654296875,44.09513854980469,0.8653623461723328
299,51,510.1274719238281,284.2542724609375,155.78909301757812,184.61343383789062,0.8582887649536133
299,58,595.7588500976562,48.2198600769043,58.33642578125,49.53762435913086,0.7940670251846313
299,60,456.4428405761719,27.592464447021484,66.04232788085938,46.031986236572266,0.860537588596344
300,51,507.2441711425781,297.4063720703125,161.75112915039062,194.465087890625,0.6736289858818054
300,58,595.98193359375,51.0982780456543,58.27789306640625,49.87550735473633,0.8607339262962341
300,60,455.9738464355469,29.18439483642578,65.57040405273438,46.776268005371094,0.8698899745941162
301,51,504.4308776855469,311.5357971191406,167.77194213867188,204.61141967773438,0.6981325149536133
301,58,597.56494140625,53.40667724609375,57.52398681640625,49.678504943847656,0.8054872751235962
301,60,456.0660400390625,31.05188751220703,64.6065673828125,47.18799591064453,0.8316267132759094
302,51,503.8026123046875,326.5872802734375,168.3275146484375,207.6588134765625,0.6494700908660889
302,58,598.0303344726562,55.67264938354492,57.93310546875,50.52045822143555,0.8410845994949341
302,60,456.2583312988281,33.91152572631836,63.229522705078125,47.00217819213867,0.7954782247543335
303,51,507.0621337890625,342.394287109375,160.76739501953125,197.605712890625,0.7077038884162903
303,58,598.5748901367188,59.10475158691406,57.8978271484375,50.76739501953125,0.8659319281578064
303,60,456.1335754394531,37.257781982421875,61.576080322265625,46.49646759033203,0.796954870223999
304,51,510.48223876953125,357.7212829589844,151.5465087890625,182.27871704101562,0.7445138096809387
304,58,599.7552490234375,62.32186508178711,58.13995361328125,51.19668960571289,0.8101760149002075
304,60,455.0133361816406,39.640220642089844,61.233184814453125,46.97906494140625,0.8446051478385925
305,51,515.6021118164062,374.0069885253906,142.16143798828125,165.99301147460938,0.7808188796043396
305,58,599.9884643554688,65.60665130615234,60.1439208984375,53.63322448730469,0.7676249146461487
305,60,454.21929931640625,42.07640838623047,60.64984130859375,47.15399169921875,0.9007354974746704
306,51,521.7617797851562,393.17303466796875,130.137451171875,146.82696533203125,0.7414917945861816
306,58,600.06103515625,67.64767456054688,61.96453857421875,55.900909423828125,0.7893372774124146
306,60,452.8253479003906,44.073089599609375,61.814605712890625,48.862457275390625,0.8984041810035706
307,51,527.4205322265625,411.5122985839844,118.88702392578125,128.48770141601562,0.5800459384918213
307,58,600.6995849609375,70.5135498046875,62.379150390625,56.855621337890625,0.7765976190567017
307,60,451.4411315917969,46.508846282958984,62.245147705078125,49.89866256713867,0.8868502974510193
308,51,533.6893310546875,431.2516784667969,107.20147705078125,108.74832153320312,0.3684314489364624
308,58,601.9854125976562,73.63314819335938,61.59686279296875,56.59588623046875,0.7150405645370483
308,60,449.7540283203125,48.871490478515625,62.6153564453125,50.78944396972656,0.8691504597663879
309,58,602.9030151367188,76.71063232421875,61.4857177734375,56.90574645996094,0.7124875783920288
309,60,447.83233642578125,51.361289978027344,63.199798583984375,51.78369140625,0.8497257232666016
310,58,603.3837280273438,79.70899963378906,62.47540283203125,58.123870849609375,0.7671046257019043
310,60,447.48638916015625,54.03837966918945,63.28045654296875,52.413455963134766,0.8173953294754028
311,58,603.7345581054688,83.75455474853516,63.37347412109375,59.278770446777344,0.7525182366371155
311,60,445.1331481933594,56.01936340332031,64.77426147460938,54.275352478027344,0.8476772308349609
311,64,432.2224426269531,12.659573554992676,33.65948486328125,14.416829109191895,0.4378758370876312
312,58,604.3629760742188,87.29393768310547,64.65234375,60.875648498535156,0.7152459025382996
312,60,443.296142578125,58.76533126831055,64.58953857421875,54.40634536743164,0.8238442540168762
312,64,429.34765625,12.775023460388184,37.515960693359375,16.109390258789062,0.5758363604545593
313,58,605.590576171875,91.61085510253906,64.11187744140625,60.4002685546875,0.7294996380805969
313,60,439.3022766113281,61.507259368896484,66.53485107421875,56.29298782348633,0.828494668006897
313,64,426.9897766113281,12.76152515411377,40.209442138671875,17.333786010742188,0.6203936338424683
314,58,604.0582275390625,93.8397216796875,68.7022705078125,65.3031005859375,0.7811635732650757
314,60,437.2945556640625,64.03211975097656,68.02716064453125,57.93132781982422,0.8269474506378174
314,64,426.6799621582031,13.452285766601562,39.644317626953125,17.122148513793945,0.6209830641746521
315,58,603.8204956054688,96.73934173583984,70.33441162109375,67.35587310791016,0.7807331681251526
315,60,436.1728515625,66.75370025634766,68.38101196289062,58.674095153808594,0.8661442399024963
315,64,424.3852844238281,13.628350257873535,42.05316162109375,18.294788360595703,0.5866130590438843
316,58,604.5474853515625,102.70931243896484,71.33636474609375,68.92630767822266,0.7362034320831299
316,60,435.3193054199219,69.97431945800781,68.7103271484375,59.35295104980469,0.8540010452270508
316,64,421.80059814453125,13.705938339233398,44.79803466796875,19.702756881713867,0.5792111754417419
317,58,605.1947631835938,105.54861450195312,72.29412841796875,70.39498901367188,0.7592601180076599
317,60,432.9975891113281,72.50416564941406,70.896484375,61.84498596191406,0.7805535197257996
317,64,420.1656494140625,13.953898429870605,46.081207275390625,20.516754150390625,0.5805299878120422
318,58,605.725341796875,109.11866760253906,73.5457763671875,72.0382080078125,0.7879329323768616
318,60,430.79095458984375,74.63663482666016,72.014404296875,63.249046325683594,0.7012032270431519
318,64,418.16912841796875,14.525678634643555,47.920257568359375,21.636415481567383,0.5723745226860046
319,58,605.5731201171875,113.78482055664062,73.94256591796875,72.49055480957031,0.836998462677002
319,60,428.2304992675781,79.31787109375,73.46136474609375,65.15946960449219,0.7849227786064148
319,64,415.66107177734375,14.824431419372559,50.479583740234375,23.230079650878906,0.6626685857772827
320,58,605.6141967773438,118.2977523803711,75.914306640625,74.77251434326172,0.7720494866371155
320,60,426.89532470703125,84.60318756103516,71.85641479492188,63.908424377441406,0.7968548536300659
320,64,412.7977600097656,15.203556060791016,53.399169921875,25.14377212524414,0.7791956663131714
321,58,606.7493896484375,122.78780364990234,77.304443359375,76.43804168701172,0.7201499938964844
321,60,425.2354736328125,88.4636001586914,72.94808959960938,65.23131561279297,0.852899432182312
321,64,411.0724182128906,15.350570678710938,54.598846435546875,26.320415496826172,0.7964838743209839
322,58,607.0374755859375,127.2352523803711,79.15380859375,78.6598129272461,0.6862205862998962
322,60,423.2321472167969,92.93771362304688,73.49127197265625,66.07072448730469,0.8561766147613525
322,64,409.0809631347656,14.436737060546875,56.93377685546875,28.18927764892578,0.708511233329773
323,58,606.7423706054688,131.7909393310547,82.85711669921875,83.06668090820312,0.7547881007194519
323,60,420.1894226074219,95.2817611694336,76.10769653320312,68.96428680419922,0.8422979712486267
323,64,406.5608215332031,13.890703201293945,59.67401123046875,30.453371047973633,0.7823779582977295
323,67,572.9261474609375,14.14757251739502,39.54583740234375,25.022106170654297,0.501575231552124
324,58,608.0347900390625,135.95809936523438,83.88800048828125,84.46879577636719,0.7621169686317444
324,60,416.6866455078125,97.75585174560547,79.12521362304688,72.5682144165039,0.8000515699386597
324,64,404.5021667480469,13.604945182800293,61.460968017578125,32.30461120605469,0.8342260122299194
324,67,571.7485961914062,14.151407241821289,41.5477294921875,26.356103897094727,0.5025477409362793
325,58,610.4652099609375,142.60684204101562,84.94964599609375,86.27342224121094,0.6039921045303345
325,60,414.2362365722656,102.00244140625,79.37466430664062,73.31770324707031,0.7604592442512512
325,64,402.9238586425781,13.751442909240723,61.784423828125,33.51018524169922,0.7650363445281982
326,58,611.666259765625,147.9205322265625,87.09228515625,89.10263061523438,0.6522829532623291
326,60,411.79791259765625,106.35869598388672,80.51809692382812,74.91936492919922,0.7522577047348022
326,64,400.82342529296875,13.93606948852539,62.990325927734375,35.32156753540039,0.7368072271347046
326,67,567.4270629882812,13.281338691711426,49.93658447265625,31.981388092041016,0.7026358842849731
327,58,612.2489624023438,153.99908447265625,89.29302978515625,92.15594482421875,0.6259058117866516
327,60,408.3584899902344,110.88569641113281,81.53912353515625,76.2708740234375,0.8203410506248474
327,64,398.86798095703125,14.275182723999023,63.754669189453125,36.889244079589844,0.8391147255897522
327,67,566.7676391601562,13.619465827941895,51.96246337890625,33.678680419921875,0.7287013530731201
328,58,613.1808471679688,159.8551788330078,91.23211669921875,94.75881958007812,0.7680363059043884
328,60,404.9189758300781,115.85839080810547,83.32992553710938,78.35883331298828,0.7478541135787964
328,64,397.6174011230469,14.75975513458252,63.660400390625,37.95126724243164,0.8599473834037781
328,67,565.4685668945312,14.097602844238281,54.133544921875,35.637264251708984,0.7144950032234192
329,58,612.822509765625,166.6107177734375,94.18505859375,98.57339477539062,0.7689085602760315
329,60,402.6666259765625,120.77085876464844,83.09661865234375,78.23161315917969,0.8167933821678162
329,64,396.5062255859375,15.380331993103027,63.13763427734375,38.71795654296875,0.8494908809661865
329,67,565.1967163085938,14.831642150878906,54.9473876953125,36.71686935424805,0.7282342910766602
330,58,614.77099609375,174.23675537109375,95.13568115234375,100.0694580078125,0.7385053634643555
330,60,399.2291564941406,125.50579071044922,85.13095092773438,80.48169708251953,0.8174663186073303
330,64,395.0800476074219,16.138206481933594,63.54803466796875,40.097599029541016,0.8821549415588379
330,67,565.3675537109375,15.517979621887207,55.8873291015625,37.9311408996582,0.6985048055648804
331,58,615.0782470703125,180.50685119628906,98.4658203125,104.32618713378906,0.7806322574615479
331,60,394.62152099609375,130.89076232910156,87.36309814453125,82.77134704589844,0.8229787945747375
331,64,393.24945068359375,17.0517520904541,63.13494873046875,40.983604431152344,0.8506973385810852
331,67,564.297119140625,16.24205780029297,58.30596923828125,40.400779724121094,0.7598431706428528
332,58,617.7505493164062,189.00950622558594,100.40899658203125,106.72611999511719,0.7920857071876526
332,60,390.9051208496094,136.4315643310547,88.56732177734375,83.94297790527344,0.8237523436546326
332,64,392.3544616699219,19.192956924438477,61.528228759765625,40.976226806640625,0.8098148703575134
332,67,563.77490234375,18.579181671142578,58.538818359375,41.4130744934082,0.7751835584640503
333,58,617.6878662109375,195.77017211914062,104.58551025390625,111.86895751953125,0.7820041179656982
333,60,387.58514404296875,142.40240478515625,90.4376220703125,85.83633422851562,0.7861368060112
333,64,391.6429748535156,21.420940399169922,60.37530517578125,41.119873046875,0.8132402896881104
333,67,564.647705078125,21.79815101623535,56.04730224609375,40.355552673339844,0.7891861200332642
334,58,618.6064453125,204.64578247070312,106.61651611328125,114.44970703125,0.8352301120758057
334,60,383.3732604980469,147.50135803222656,93.4744873046875,89.09864807128906,0.7562723159790039
334,64,390.78173828125,23.091320037841797,58.95355224609375,40.94822311401367,0.8083403706550598
334,67,565.2601928710938,24.48457145690918,54.51336669921875,39.828887939453125,0.8097396492958069
335,58,618.6292724609375,213.07907104492188,110.85919189453125,119.531005859375,0.8581778407096863
335,60,379.3794860839844,153.86846923828125,94.90863037109375,90.53369140625,0.8341249823570251
335,64,390.0444030761719,26.030004501342773,56.521697998046875,39.90674591064453,0.8363795280456543
335,67,565.6758422851562,26.232423782348633,53.63812255859375,39.76356506347656,0.8011322021484375
336,58,620.6306762695312,221.787841796875,114.558837890625,124.30755615234375,0.8224056959152222
336,60,373.8707580566406,158.91583251953125,98.61505126953125,94.40574645996094,0.8075677752494812
336,64,387.91033935546875,27.172075271606445,57.414398193359375,41.30517578125,0.8730302453041077
336,67,565.73828125,28.425519943237305,54.1552734375,40.78144073486328,0.8010862469673157
336,68,431.55023193359375,12.60744571685791,35.25518798828125,14.281346321105957,0.4658948481082916
337,58,621.5046997070312,231.1100311279297,118.43896484375,129.4894256591797,0.8620792627334595
337,60,368.97393798828125,165.51634216308594,101.93045043945312,98.11396789550781,0.8175898194313049
337,64,386.20184326171875,28.32693862915039,58.36285400390625,42.71611404418945,0.8348957300186157
337,67,565.7401123046875,31.327606201171875,53.89862060546875,41.15980529785156,0.8357051610946655
337,68,429.9748229980469,12.653581619262695,37.43023681640625,15.178426742553711,0.5879685282707214
338,58,622.4398193359375,240.82179260253906,122.884765625,134.9681854248047,0.8512981534004211
338,60,364.8696594238281,172.13272094726562,103.75262451171875,100.151123046875,0.8050491213798523
338,64,385.6214904785156,31.042098999023438,57.2054443359375,42.42774200439453,0.8289116024971008
338,67,565.3370361328125,33.01248550415039,54.7078857421875,42.480472564697266,0.812839925289154
338,68,429.0294189453125,12.799103736877441,38.6619873046875,15.713141441345215,0.6429449319839478
339,58,622.463134765625,251.4468994140625,127.59136962890625,140.89846801757812,0.7122212648391724
339,60,358.8032531738281,179.6669921875,106.24801635742188,102.73812866210938,0.7967479825019836
339,64,383.92071533203125,32.919281005859375,57.369140625,43.14515686035156,0.8373373746871948
339,67,565.8818969726562,34.93482208251953,54.63385009765625,43.02812957763672,0.8157526254653931
339,68,428.0560607910156,13.544747352600098,38.547882080078125,15.704934120178223,0.6025919914245605
340,58,622.1486206054688,262.86553955078125,133.57086181640625,148.37734985351562,0.6509386897087097
340,60,353.6392822265625,187.5501708984375,108.74197387695312,105.39849853515625,0.7518053650856018
340,64,382.3773498535156,34.86628341674805,56.44598388671875,42.91008377075195,0.8119767308235168
340,67,567.025390625,37.66453170776367,53.0506591796875,42.127437591552734,0.8284640908241272
340,68,426.48529052734375,13.528146743774414,40.322509765625,16.525270462036133,0.6055746674537659
341,58,623.664306640625,274.4296875,140.2777099609375,157.15487670898438,0.757307767868042
341,60,346.76190185546875,194.15640258789062,113.53872680664062,110.53561401367188,0.7375115156173706
341,64,381.0141296386719,37.46538162231445,55.803466796875,42.81160354614258,0.8538908362388611
341,67,565.8458251953125,40.01864242553711,55.080810546875,44.35659408569336,0.8214758038520813
341,68,424.02301025390625,13.628745079040527,43.22003173828125,17.90300750732422,0.5567992329597473
342,58,622.475341796875,281.41162109375,150.30889892578125,170.12533569335938,0.5426973700523376
342,60,340.5469665527344,202.38722229003906,117.64459228515625,115.01188659667969,0.7587636709213257
342,64,378.8447265625,39.202293395996094,56.942138671875,44.08821105957031,0.811590313911438
342,67,565.3328247070312,42.72806930541992,55.96258544921875,45.6824836730957,0.8236070275306702
342,68,421.3876647949219,13.428786277770996,46.960968017578125,19.7630615234375,0.6045979261398315
343,58,627.3222045898438,298.2445983886719,152.86572265625,174.56842041015625,0.6373907923698425
343,60,332.9783630371094,211.33872985839844,121.60418701171875,119.18260192871094,0.8000012040138245
343,64,375.9192810058594,40.644630432128906,58.059844970703125,45.544219970703125,0.7793712615966797
343,67,565.0171508789062,43.902523040771484,56.750244140625,47.06410598754883,0.7955577969551086
343,68,419.8278503417969,13.581677436828613,48.39923095703125,20.727622985839844,0.5675960779190063
344,58,630.110595703125,313.6963195800781,157.98834228515625,182.09225463867188,0.7998557686805725
344,60,325.39990234375,217.8928680419922,127.81951904296875,126.05357360839844,0.7215330600738525
344,64,374.4326171875,42.8625602722168,57.2034912109375,45.323909759521484,0.7883074879646301
344,67,565.58251953125,47.35212707519531,56.18878173828125,47.08556365966797,0.7817323207855225
344,68,417.7794189453125,14.02530288696289,50.71124267578125,22.140716552734375,0.6850259304046631
345,58,631.9833984375,330.13214111328125,165.6236572265625,192.7806396484375,0.8108594417572021
345,60,317.2550354003906,227.0566864013672,132.670166015625,131.5222625732422,0.7898116707801819
345,64,372.8061218261719,44.19504928588867,57.365478515625,45.83345413208008,0.7982609272003174
345,67,565.2927856445312,50.270057678222656,56.83184814453125,48.191871643066406,0.7970960140228271
345,68,416.44635009765625,14.427797317504883,52.36669921875,23.35120964050293,0.6752718687057495
346,58,639.151123046875,345.073974609375,164.595947265625,191.6734619140625,0.8483559489250183
346,60,308.7973327636719,237.28482055664062,138.05215454101562,137.78619384765625,0.7727953195571899
346,64,369.6911315917969,46.28108215332031,59.105438232421875,47.61162567138672,0.8117063045501709
346,67,565.8732299804688,53.11426544189453,55.97607421875,47.928443908691406,0.8220652937889099
346,68,414.1625061035156,14.702098846435547,54.503265380859375,24.935596466064453,0.7299646139144897
347,58,649.55810546875,361.78570556640625,156.052490234375,178.21429443359375,0.6073484420776367
347,60,300.52410888671875,248.0459747314453,142.66915893554688,143.14271545410156,0.8191620111465454
347,64,367.49652099609375,48.64340591430664,59.057098388671875,48.00387954711914,0.8427026867866516
347,67,565.2905883789062,56.31520080566406,57.498779296875,49.79167175292969,0.7805073261260986
347,68,412.4381408691406,14.554997444152832,55.8367919921875,26.243858337402344,0.7623751759529114
348,58,659.5892333984375,380.3946533203125,144.97796630859375,159.6053466796875,0.6487154364585876
348,60,291.23492431640625,258.9803466796875,148.47113037109375,149.848388671875,0.6790465116500854
348,64,364.2894287109375,50.371891021728516,60.61798095703125,49.761898040771484,0.7937557101249695
348,67,565.8882446289062,58.92660140991211,57.6396484375,50.25992965698242,0.8220917582511902
348,68,409.07476806640625,13.858603477478027,60.04766845703125,29.165958404541016,0.6858422160148621
349,58,670.0611572265625,401.556640625,131.7691650390625,138.443359375,0.678962767124176
349,60,276.5278015136719,269.6593017578125,157.03326416015625,158.83355712890625,0.5710052251815796
349,64,362.20074462890625,52.41409683227539,61.07366943359375,50.460758209228516,0.8270046710968018
349,67,566.5343017578125,61.852272033691406,56.82635498046875,49.73009490966797,0.8221554160118103
349,68,406.8955078125,13.400068283081055,62.827392578125,31.62693977355957,0.7100178599357605
349,71,534.9295043945312,13.535150527954102,37.4283447265625,16.29852294921875,0.3775561451911926
350,58,679.3716430664062,422.54315185546875,119.4593505859375,117.45684814453125,0.4324413537979126
350,60,266.1785888671875,281.6634521484375,163.79437255859375,166.52435302734375,0.7203198671340942
350,64,359.73583984375,55.48155212402344,61.26190185546875,50.821380615234375,0.8729385733604431
350,67,565.3211059570312,64.7359390258789,59.44927978515625,52.589759826660156,0.7515272498130798
350,68,405.3396301269531,13.48895263671875,63.657470703125,33.229209899902344,0.7608818411827087
350,71,534.569091796875,13.70047378540039,38.312744140625,16.72894859313965,0.34655144810676575
351,58,689.2339477539062,446.47052001953125,102.95245361328125,93.52947998046875,0.3810693025588989
351,60,254.18557739257812,290.3265380859375,174.82687377929688,179.64328002929688,0.5319388508796692
351,64,357.12225341796875,58.04110336303711,61.878692626953125,51.592586517333984,0.8672791719436646
351,67,564.197021484375,67.62408447265625,61.55523681640625,55.13731384277344,0.7766004204750061
351,68,404.2972106933594,14.235564231872559,63.083984375,34.05906295776367,0.7452242374420166
351,71,533.0123291015625,13.830936431884766,42.22247314453125,18.548381805419922,0.4434681534767151
351,72,602.91650390625,13.447452545166016,34.98406982421875,13.160533905029297,0.37538909912109375
352,60,236.8590850830078,290.9591369628906,193.31163024902344,202.16168212890625,0.5326696634292603
352,64,355.11199951171875,60.962615966796875,61.88092041015625,51.71942901611328,0.8496026396751404
352,67,565.670654296875,71.78076934814453,59.299560546875,53.28693389892578,0.8038901090621948
352,68,403.04296875,14.584600448608398,63.386474609375,35.380218505859375,0.7642133831977844
352,71,531.5057983398438,13.899116516113281,44.70867919921875,19.806636810302734,0.5664069056510925
352,72,602.0482177734375,13.79798698425293,38.12628173828125,14.358949661254883,0.38305288553237915
353,60,227.30897521972656,314.00189208984375,194.78684997558594,205.59173583984375,0.506691575050354
353,64,352.04144287109375,62.867191314697266,64.21206665039062,54.12150955200195,0.8392062783241272
353,67,565.1968383789062,74.11408233642578,60.641845703125,54.97138214111328,0.7663646936416626
353,68,401.27142333984375,14.680819511413574,64.36691284179688,37.139381408691406,0.7900151610374451
353,71,530.4656372070312,14.073562622070312,46.4832763671875,20.791229248046875,0.5487823486328125
353,72,601.63818359375,14.314915657043457,40.59600830078125,15.337433815002441,0.4517955482006073
354,60,219.6250762939453,332.0993957519531,192.15309143066406,203.24288940429688,0.46956849098205566
354,64,349.2166748046875,65.07462310791016,65.21282958984375,55.307891845703125,0.7866703271865845
354,67,564.918701171875,77.3696517944336,60.98175048828125,55.65337371826172,0.8202930688858032
354,68,400.6556396484375,15.39345645904541,62.7689208984375,37.29340744018555,0.7540817260742188
354,71,527.9313354492188,14.119022369384766,50.62786865234375,22.92963409423828,0.6736564636230469
354,72,599.4364013671875,14.0712308883667,45.7442626953125,17.440242767333984,0.4919545352458954
355,60,213.27197265625,350.1893615722656,182.14886474609375,189.81063842773438,0.6329184770584106
355,64,346.343017578125,68.0260009765625,65.24835205078125,55.497650146484375,0.8139528632164001
355,67,564.5796508789062,80.19294738769531,61.10400390625,55.949859619140625,0.8000631928443909
355,68,399.3191833496094,16.15983772277832,62.360687255859375,38.076019287109375,0.7820653915405273
355,71,525.964111328125,14.435922622680664,54.32659912109375,25.0510311126709,0.7434520125389099
355,72,597.8035888671875,14.065146446228027,49.84136962890625,19.229679107666016,0.5608900189399719
356,60,210.18893432617188,368.2301330566406,170.38638305664062,171.76986694335938,0.4557303190231323
356,64,343.1094970703125,70.9746322631836,65.16574096679688,55.53973388671875,0.8580678701400757
356,67,563.9947509765625,84.37439727783203,62.80841064453125,57.920860290527344,0.827280580997467
356,68,397.6943054199219,16.732437133789062,63.076019287109375,39.677059173583984,0.8266006708145142
356,71,523.9113159179688,14.238173484802246,58.489501953125,27.576541900634766,0.6981968283653259
356,72,596.4918823242188,14.102822303771973,53.54656982421875,20.980236053466797,0.6714838743209839
357,60,209.16224670410156,388.2860412597656,156.95396423339844,151.71395874023438,0.4591779410839081
357,64,340.0850524902344,73.96438598632812,66.3182373046875,56.75477600097656,0.7874584794044495
357,67,564.01220703125,88.34048461914062,63.4656982421875,58.810516357421875,0.7852035760879517
357,68,397.1326904296875,17.842273712158203,62.821258544921875,40.637046813964844,0.831060528755188
357,71,521.72021484375,13.881454467773438,62.45947265625,30.25869369506836,0.7277767658233643
357,72,594.8271484375,14.757976531982422,57.9329833984375,23.158836364746094,0.6222798228263855
358,60,205.32614135742188,407.980224609375,143.3709716796875,132.019775390625,0.3346138894557953
358,64,337.4652404785156,76.4282455444336,66.9749755859375,57.334373474121094,0.7469027042388916
358,67,563.074951171875,91.3014144897461,65.65673828125,61.328529357910156,0.7625979781150818
358,68,396.0849914550781,19.410993576049805,62.179473876953125,41.318153381347656,0.801698625087738
358,71,519.4592895507812,13.300844192504883,66.9466552734375,33.48274230957031,0.6950444579124451
358,72,593.3123168945312,15.229042053222656,62.14813232421875,25.431381225585938,0.6719487905502319
359,60,211.38169860839844,431.22998046875,125.95997619628906,108.77001953125,0.5591570138931274
359,64,333.7155456542969,80.24835968017578,67.77691650390625,58.221656799316406,0.7863380312919617
359,67,563.1932983398438,95.51263427734375,65.9434814453125,61.859344482421875,0.8253752589225769
359,68,395.47625732421875,22.336772918701172,59.99127197265625,40.82036209106445,0.8100790977478027
359,71,518.5850830078125,12.975605964660645,69.095947265625,35.70767593383789,0.621655285358429
359,72,592.7801513671875,15.553414344787598,64.16046142578125,26.917701721191406,0.5985491871833801
360,60,218.45204162597656,456.36981201171875,105.90483093261719,83.63018798828125,0.5927649140357971
360,64,329.97540283203125,83.75932312011719,69.25515747070312,59.68724060058594,0.777353823184967
360,67,562.9408569335938,99.993408203125,66.35784912109375,62.39251708984375,0.7346967458724976
360,68,395.0961608886719,23.960668563842773,58.924468994140625,41.007713317871094,0.8194522261619568
360,71,518.4197998046875,13.329458236694336,69.84576416015625,37.31976318359375,0.6627894639968872
360,72,591.9917602539062,16.22001075744629,66.54229736328125,28.66957664489746,0.508447527885437
361,60,225.64724731445312,484.2760314941406,81.62582397460938,55.723968505859375,0.4996773898601532
361,64,327.2145690917969,87.9780502319336,68.85537719726562,59.374900817871094,0.8367401361465454
361,67,561.3841552734375,104.83138275146484,69.94342041015625,66.35791778564453,0.7736684083938599
361,68,393.6340637207031,25.580774307250977,58.180084228515625,41.36383056640625,0.8170380592346191
361,71,518.2026977539062,13.900375366210938,69.65374755859375,38.481510162353516,0.7397104501724243
361,72,590.77099609375,15.532893180847168,70.63665771484375,31.404781341552734,0.5385810732841492
362,64,323.3415832519531,90.84959411621094,70.12417602539062,60.567962646484375,0.8590983152389526
362,67,562.2802734375,109.4923324584961,69.69482421875,66.31798553466797,0.7477738857269287
362,68,391.5218200683594,26.911117553710938,59.0732421875,43.015037536621094,0.8065231442451477
362,71,518.9191284179688,14.496966361999512,68.5972900390625,39.18571090698242,0.7454624176025391
362,72,588.4063110351562,15.006669044494629,76.47967529296875,35.29899978637695,0.617867112159729
363,64,320.1336975097656,94.55343627929688,70.83319091796875,61.20744323730469,0.7947240471839905
363,67,561.6076049804688,114.31198120117188,71.5601806640625,68.54959106445312,0.7588633298873901
363,68,390.2900085449219,28.366445541381836,58.403961181640625,43.370338439941406,0.787534773349762
363,71,519.0194702148438,14.781882286071777,67.91302490234375,40.11119842529297,0.7255071401596069
363,72,587.81396484375,14.860724449157715,79.051513671875,37.940860748291016,0.7432093024253845
364,64,315.998291015625,97.78709411621094,72.4398193359375,62.629150390625,0.8330094218254089
364,67,559.3442993164062,119.67748260498047,77.125244140625,74.78943634033203,0.7954506874084473
364,68,388.5038757324219,30.184505462646484,58.583770751953125,44.28714370727539,0.7879669070243835
364,71,519.0864868164062,16.048337936401367,67.63031005859375,41.28589630126953,0.7231712341308594
364,72,588.381591796875,14.674575805664062,79.34259033203125,39.64820861816406,0.7441515326499939
365,64,310.7333068847656,100.31673431396484,75.97872924804688,66.01016998291016,0.7787784934043884
365,67,559.5934448242188,124.12106323242188,76.46771240234375,74.46708679199219,0.7905175089836121
365,68,387.4639587402344,32.279056549072266,57.811065673828125,44.42536544799805,0.8563238382339478
365,71,519.2889404296875,17.48062515258789,67.80712890625,42.87399673461914,0.7571131587028503
365,72,588.966064453125,15.22195053100586,79.13189697265625,41.1923713684082,0.7996610403060913
366,64,307.07666015625,104.40290832519531,76.8817138671875,66.96762084960938,0.7477802038192749
366,67,558.5645141601562,129.0389404296875,79.66485595703125,78.23870849609375,0.7910804748535156
366,68,386.44921875,33.72159957885742,57.564849853515625,44.91555404663086,0.8718797564506531
366,71,520.0349731445312,19.271387100219727,66.708740234375,43.59357452392578,0.7306293249130249
366,72,589.9099731445312,16.09604263305664,77.79254150390625,42.18408203125,0.8456545472145081
367,64,303.1792297363281,107.94722747802734,78.16314697265625,68.11389923095703,0.7764741778373718
367,67,557.0319213867188,133.8982696533203,83.3526611328125,82.68290710449219,0.7864528894424438
367,68,384.985595703125,35.92460632324219,57.536376953125,45.57464599609375,0.8534683585166931
367,71,521.45166015625,21.971834182739258,63.571044921875,42.819786071777344,0.70984947681427
367,72,590.519287109375,16.5477294921875,78.6424560546875,44.397491455078125,0.7899325489997864
368,64,298.1122741699219,111.84546661376953,79.90179443359375,69.97595977783203,0.7914046049118042
368,67,558.44873046875,139.58609008789062,81.1527099609375,80.5780029296875,0.7988728880882263
368,68,382.751220703125,38.26816940307617,57.557891845703125,46.23481369018555,0.7997320890426636
368,71,522.2733764648438,23.985979080200195,61.73553466796875,42.79639434814453,0.7677303552627563
368,72,591.25439453125,18.55206298828125,77.76080322265625,45.68927001953125,0.7315641641616821
369,64,294.4072570800781,116.67633056640625,79.6964111328125,69.70770263671875,0.797536313533783
369,67,558.49755859375,146.34478759765625,82.4376220703125,82.24595642089844,0.8056981563568115
369,68,379.9481506347656,39.98800277709961,58.3238525390625,47.51913833618164,0.8306389451026917
369,71,522.1403198242188,25.940820693969727,61.99554443359375,44.2637939453125,0.8159795999526978
369,72,594.2745971679688,22.262407302856445,72.546142578125,44.05919647216797,0.8047322034835815
370,64,289.0863037109375,121.10160064697266,81.76031494140625,71.5455093383789,0.7186659574508667
370,67,557.8379516601562,153.28607177734375,84.7537841796875,85.03433227539062,0.7963688373565674
370,68,378.341552734375,41.65845489501953,57.809906005859375,47.654151916503906,0.7476770877838135
370,71,522.5343627929688,28.322359085083008,61.2171630859375,44.957115173339844,0.7890642285346985
370,72,596.2696533203125,24.595090866088867,69.76507568359375,43.72080993652344,0.7819262742996216
371,64,283.63238525390625,125.37093353271484,83.4219970703125,72.7764663696289,0.7206788063049316
371,67,558.1609497070312,160.20352172851562,85.0589599609375,85.52793884277344,0.7792048454284668
371,68,376.91705322265625,44.098392486572266,57.499359130859375,47.83601760864258,0.7283552289009094
371,71,523.1167602539062,29.947145462036133,60.21612548828125,45.402732849121094,0.7767560482025146
371,72,597.5823364257812,26.836341857910156,69.27197265625,44.7481689453125,0.831965446472168
372,64,277.2449951171875,129.9333953857422,86.59353637695312,75.64047241210938,0.846674919128418
372,67,554.6109619140625,168.02630615234375,93.22607421875,95.13198852539062,0.7130181193351746
372,68,374.68695068359375,46.48171615600586,57.978057861328125,48.75992965698242,0.7726256847381592
372,71,524.385009765625,32.502010345458984,58.18829345703125,44.94667434692383,0.755748987197876
372,72,597.7286376953125,28.90738296508789,70.15460205078125,46.70748519897461,0.7927335500717163
373,64,272.4238586425781,134.49899291992188,87.99859619140625,76.88951110839844,0.8033913969993591
373,67,555.9204711914062,174.86924743652344,91.47698974609375,93.62358093261719,0.7318084836006165
373,68,372.39971923828125,48.08137130737305,58.53472900390625,49.766231536865234,0.7249362468719482
373,71,525.078369140625,34.93449783325195,56.412841796875,44.38454818725586,0.7908164858818054
373,72,599.3355712890625,31.408756256103516,68.24908447265625,46.65792465209961,0.7795019149780273
374,64,266.6453857421875,139.40078735351562,91.08984375,79.630859375,0.8255798816680908
374,67,555.6627197265625,180.8441162109375,93.56109619140625,96.31594848632812,0.7269220948219299
374,68,370.6094970703125,50.527748107910156,58.330810546875,49.91730499267578,0.733374297618866
374,71,524.2088623046875,36.58435821533203,57.62451171875,46.242706298828125,0.7976744174957275
374,72,599.9572143554688,33.89754867553711,68.0477294921875,47.678653717041016,0.7701175212860107
375,64,260.2791442871094,144.4849395751953,93.46408081054688,81.86293029785156,0.8211731314659119
375,67,555.3070068359375,189.84701538085938,95.8355712890625,99.23077392578125,0.720291018486023
375,68,368.7649841308594,52.972415924072266,57.95941162109375,49.82123947143555,0.7468987703323364
375,71,522.3005981445312,37.80040740966797,59.53204345703125,48.596160888671875,0.7826926708221436
375,72,602.0040893554688,36.9432373046875,66.21807861328125,47.42583465576172,0.7668519020080566
376,64,255.08798217773438,149.09263610839844,94.65939331054688,82.92976379394531,0.8705871105194092
376,67,554.1609497070312,198.60861206054688,99.32342529296875,103.45111083984375,0.7361429929733276
376,68,366.24578857421875,55.76018524169922,58.161468505859375,50.276527404785156,0.7233850359916687
376,71,521.40283203125,40.6884880065918,59.1502685546875,48.71720504760742,0.7680794596672058
376,72,603.543212890625,39.32568359375,65.12872314453125,47.709930419921875,0.7304425239562988
377,64,248.4379425048828,154.36196899414062,97.79380798339844,85.79132080078125,0.7950279116630554
377,67,552.2001342773438,206.94635009765625,104.67095947265625,109.97784423828125,0.6734341979026794
377,68,363.06219482421875,58.08139419555664,59.263336181640625,51.56223678588867,0.7291837334632874
377,71,521.1748657226562,43.79506301879883,59.21832275390625,49.26156997680664,0.8605517745018005
377,72,604.5752563476562,42.17068099975586,64.4052734375,48.1484489440918,0.6718623638153076
378,64,242.2026824951172,161.0079345703125,98.69548034667969,86.40663146972656,0.7886587381362915
378,67,552.0137939453125,216.07984924316406,106.5889892578125,112.75779724121094,0.6942214965820312
378,68,360.17938232421875,60.207698822021484,60.111083984375,52.45755386352539,0.810465395450592
378,71,520.5797729492188,46.367618560791016,60.43359375,50.85432815551758,0.8989624381065369
378,72,605.0902709960938,44.209320068359375,65.4005126953125,49.97016906738281,0.6983840465545654
379,64,235.531982421875,167.12098693847656,100.32638549804688,87.7274169921875,0.8145788311958313
379,67,550.2584228515625,226.22654724121094,111.716796875,119.33201599121094,0.6773731708526611
379,68,357.3863830566406,62.39569854736328,61.584625244140625,54.03959655761719,0.8172136545181274
379,71,520.6298217773438,48.73444366455078,60.54461669921875,51.48030090332031,0.8739219307899475
379,72,606.2005004882812,47.06666564941406,66.14300537109375,51.42864227294922,0.7837774753570557
380,64,227.23565673828125,173.62864685058594,105.06500244140625,92.00682067871094,0.8269394636154175
380,67,548.5574951171875,236.05471801757812,116.73779296875,126.08847045898438,0.6901307702064514
380,68,354.63385009765625,66.26214599609375,62.16351318359375,54.79899597167969,0.8379718065261841
380,71,521.7427978515625,52.08842849731445,58.965087890625,50.49898910522461,0.8144741654396057
380,72,607.2611083984375,49.506553649902344,65.8050537109375,52.07891845703125,0.8101062178611755
381,64,219.0471954345703,179.48948669433594,109.27476501464844,95.82423400878906,0.858968198299408
381,67,548.2445678710938,248.3857879638672,120.314453125,131.14183044433594,0.7704602479934692
381,68,351.8705749511719,68.72856140136719,63.029083251953125,55.89019012451172,0.8258684277534485
381,71,521.3956909179688,54.586387634277344,60.050048828125,52.01324462890625,0.8605536222457886
381,72,608.09619140625,52.468414306640625,66.6451416015625,53.723304748535156,0.755598783493042
382,64,211.27197265625,186.7923583984375,111.83663940429688,98.19912719726562,0.8462247252464294
382,67,547.5042724609375,261.1085205078125,124.08935546875,136.4854736328125,0.7680371999740601
382,68,349.1432189941406,71.44747161865234,63.47430419921875,56.394134521484375,0.7770296931266785
382,71,521.3512573242188,57.92634582519531,60.46673583984375,52.974891662597656,0.8627459406852722
382,72,608.5847778320312,55.564476013183594,67.35345458984375,55.12651062011719,0.8059830069541931
383,64,201.98837280273438,193.21200561523438,115.943115234375,101.92828369140625,0.7997459173202515
383,67,546.5606079101562,274.0254821777344,127.9012451171875,141.67294311523438,0.7135930061340332
383,68,346.05194091796875,74.21414947509766,65.23599243164062,58.24829864501953,0.7277054786682129
383,71,521.4113159179688,60.43940734863281,60.57830810546875,53.63207244873047,0.8452552556991577
383,72,610.4134521484375,59.056888580322266,66.51080322265625,55.18751907348633,0.7784965634346008
384,64,193.64793395996094,200.57818603515625,119.52680969238281,105.26870727539062,0.8188349008560181
384,67,544.4295654296875,288.0573425292969,134.3719482421875,150.23162841796875,0.737568736076355
384,68,343.0986633300781,76.78970336914062,65.65396118164062,58.77496337890625,0.8326059579849243
384,71,519.813232421875,62.25914001464844,63.790771484375,57.489784240722656,0.7728919386863708
384,72,610.9692993164062,62.268043518066406,68.39068603515625,57.71025848388672,0.7458925247192383
385,64,184.5941619873047,208.34097290039062,123.14158630371094,108.6759033203125,0.8634932637214661
385,67,541.635498046875,301.38287353515625,141.9874267578125,160.55770874023438,0.6791464686393738
385,68,339.76959228515625,79.68531799316406,67.1810302734375,60.49165344238281,0.8273139595985413
385,71,519.8052978515625,65.42061614990234,64.09161376953125,58.663536071777344,0.8871220350265503
385,72,612.3387451171875,66.20829772949219,67.9716796875,58.149253845214844,0.7532313466072083
386,64,174.09030151367188,215.6222381591797,128.67428588867188,113.90318298339844,0.8602973222732544
386,67,533.4528198242188,305.3064880371094,162.16986083984375,187.57373046875,0.6323513388633728
386,68,336.622314453125,83.53085327148438,67.72311401367188,61.16227722167969,0.765002429485321
386,71,520.63525390625,68.61238098144531,62.975830078125,58.34441375732422,0.8867040872573853
386,72,613.5031127929688,69.57217407226562,68.28814697265625,59.220306396484375,0.7862809896469116
387,64,164.05264282226562,224.74330139160156,132.21768188476562,117.20606994628906,0.8565286993980408
387,67,533.4105834960938,329.4611511230469,166.3609619140625,195.43844604492188,0.7205027341842651
387,68,333.2183532714844,86.37772369384766,68.08242797851562,61.53510284423828,0.8265645503997803
387,71,520.1477661132812,72.01395416259766,63.0367431640625,59.161949157714844,0.8284006118774414
387,72,614.8798828125,72.69705963134766,68.14971923828125,59.85730743408203,0.779262363910675
388,64,152.5054931640625,233.30886840820312,137.5723876953125,122.26901245117188,0.8811566829681396
388,67,537.72265625,348.3037109375,161.13751220703125,190.19305419921875,0.7166454195976257
388,68,330.47216796875,90.64369201660156,68.02700805664062,61.531036376953125,0.8529466390609741
388,71,519.8510131835938,74.71271514892578,64.337646484375,61.18108367919922,0.7855202555656433
388,72,615.6290283203125,75.93985748291016,69.28070068359375,61.420860290527344,0.7716060876846313
389,64,140.50672912597656,241.96897888183594,143.0074920654297,127.52082824707031,0.851162850856781
389,67,545.4974975585938,367.67095947265625,150.98358154296875,172.32904052734375,0.5751765370368958
389,68,326.7691345214844,94.34951782226562,70.0048828125,63.576995849609375,0.8457193374633789
389,71,519.9150390625,78.69893646240234,64.7451171875,62.217384338378906,0.8963926434516907
389,72,616.2509155273438,80.06175994873047,70.72088623046875,63.31835174560547,0.7283362150192261
390,64,127.81553649902344,251.44454956054688,148.49266052246094,132.77880859375,0.8943055868148804
390,68,323.3414306640625,97.8767318725586,70.09515380859375,63.628746032714844,0.7785349488258362
390,71,519.8585205078125,82.8443603515625,65.5728759765625,63.71461486816406,0.8651829361915588
390,72,616.7730712890625,84.03966522216797,71.37603759765625,64.37097930908203,0.7823657989501953
391,64,114.69225311279297,261.1542053222656,154.8292236328125,138.9866943359375,0.8358384966850281
391,68,318.9765319824219,100.93555450439453,72.8341064453125,66.27388763427734,0.7767220139503479
391,71,519.67724609375,86.03733825683594,65.3729248046875,64.13679504394531,0.8344232439994812
391,72,618.736572265625,87.99057006835938,71.53302001953125,65.08599853515625,0.6995910406112671
392,64,93.29395294189453,272.2860412597656,162.58749389648438,144.61898803710938,0.7807026505470276
392,68,315.6415100097656,103.95207214355469,74.45730590820312,68.08879089355469,0.8007544279098511
392,71,518.22998046875,89.45407104492188,67.370849609375,66.94850158691406,0.8146097660064697
392,72,620.77001953125,93.08599090576172,71.8695068359375,65.9198226928711,0.7211406230926514
393,64,78.62517547607422,284.7887878417969,169.11483764648438,150.05532836914062,0.9237380027770996
393,68,311.6768798828125,107.56339263916016,75.27874755859375,68.98969268798828,0.8119704723358154
393,71,517.5728759765625,92.96914672851562,67.25653076171875,67.65328979492188,0.7806598544120789
393,72,621.4536743164062,95.9966812133789,74.48431396484375,69.12288665771484,0.6933028101921082
394,64,63.6878776550293,294.0150451660156,179.93057250976562,160.6578369140625,0.737777054309845
394,68,306.5899353027344,111.55962371826172,77.66680908203125,71.0904769897461,0.809550940990448
394,71,516.1688842773438,95.79752349853516,69.5980224609375,71.0589370727539,0.7734392285346985
394,72,622.676025390625,100.37648010253906,75.65191650390625,70.83340454101562,0.6903111934661865
395,64,47.725311279296875,307.54364013671875,186.84800720214844,167.33547973632812,0.696721613407135
395,68,302.756103515625,116.09762573242188,79.03164672851562,72.45338439941406,0.748598039150238
395,71,515.6102294921875,100.58558654785156,69.10137939453125,71.17720031738281,0.7634939551353455
395,72,623.9189453125,105.10014343261719,76.3463134765625,72.02235412597656,0.599556565284729
396,64,29.78263282775879,321.3851623535156,193.93792724609375,173.95111083984375,0.7670935392379761
396,68,298.30694580078125,120.452880859375,80.40597534179688,73.97280883789062,0.767192006111145
396,71,514.926025390625,104.90875244140625,68.9002685546875,71.50634765625,0.6442601084709167
396,72,623.87451171875,109.73162841796875,79.89971923828125,76.28547668457031,0.6675879955291748
397,64,9.242141723632812,336.26849365234375,204.15362548828125,183.56072998046875,0.5216955542564392
397,68,294.047607421875,124.8405532836914,81.12969970703125,74.80652618408203,0.6686989665031433
397,71,512.4147338867188,109.40699768066406,70.9649658203125,74.01394653320312,0.7294002771377563
397,72,624.48876953125,114.58647918701172,82.22613525390625,79.47834014892578,0.5809838771820068
398,64,0.0,352.08935546875,202.54205322265625,183.2027587890625,0.7561267018318176
398,68,289.2056884765625,129.3756103515625,82.52749633789062,75.99662780761719,0.6886488199234009
398,71,510.7904357910156,114.47206115722656,72.81845092773438,76.38337707519531,0.7465353012084961
398,72,626.037353515625,119.93807983398438,83.0704345703125,80.89974975585938,0.5787732601165771
399,64,0.0,366.4405212402344,190.00706481933594,173.55947875976562,0.573515772819519
399,68,281.9691467285156,133.58033752441406,86.76382446289062,80.2606201171875,0.7167219519615173
399,71,509.46343994140625,119.06727600097656,73.44012451171875,77.21878051757812,0.7223107218742371
399,72,628.3215942382812,125.44883728027344,83.39813232421875,81.78927612304688,0.5736830830574036
400,64,0.0,383.6700134277344,174.353759765625,156.32998657226562,0.8023965358734131
400,68,278.10546875,139.0961151123047,87.2440185546875,80.82778930664062,0.8201979994773865
400,71,508.0244140625,123.70317077636719,76.052978515625,80.39010620117188,0.6601361632347107
400,72,628.5921020507812,131.00787353515625,86.70489501953125,85.68791198730469,0.6538361310958862
401,64,0.0,402.4113464355469,158.5146942138672,137.58865356445312,0.8324383497238159
401,68,273.1226806640625,144.6993408203125,89.62567138671875,83.1976318359375,0.8728950619697571
401,71,506.6354064941406,128.2526397705078,79.02822875976562,84.28196716308594,0.7296972274780273
401,72,630.2223510742188,138.02430725097656,87.7275390625,86.96095275878906,0.718827486038208
402,64,2.930870532989502,423.2962951660156,137.3409881591797,116.70370483398438,0.7571238279342651
402,68,267.23199462890625,149.40652465820312,92.87457275390625,86.66452026367188,0.841010332107544
402,71,504.7446594238281,132.96316528320312,80.33523559570312,86.06997680664062,0.6897682547569275
402,72,632.2376098632812,144.74966430664062,90.21722412109375,89.9683837890625,0.7256873846054077
403,64,6.991021156311035,445.2523498535156,113.33418273925781,94.74765014648438,0.7176438570022583
403,68,262.0586853027344,154.08877563476562,94.27487182617188,88.09957885742188,0.8012399673461914
403,71,503.3636474609375,138.78256225585938,81.40362548828125,87.71992492675781,0.7836219668388367
403,72,632.5231323242188,150.01417541503906,93.51983642578125,93.83467102050781,0.673251211643219
404,64,11.002315521240234,468.6983947753906,88.34793090820312,71.30160522460938,0.4539002776145935
404,68,256.1942443847656,161.33447265625,95.619384765625,89.39767456054688,0.8125014901161194
404,71,501.4828796386719,144.6356658935547,83.75845336914062,91.27732849121094,0.719085693359375
404,72,633.627685546875,157.44300842285156,95.97955322265625,96.91873168945312,0.7634692788124084
405,68,249.55584716796875,167.3209991455078,99.41787719726562,93.08900451660156,0.8278163075447083
405,71,500.6000671386719,151.39410400390625,83.98806762695312,92.302001953125,0.6888477206230164
405,72,635.6666259765625,165.1057891845703,98.91339111328125,100.46571350097656,0.5979032516479492
406,68,242.70018005371094,173.55322265625,101.58180236816406,95.26898193359375,0.8047600388526917
406,71,498.9638366699219,157.41481018066406,86.69784545898438,96.14588928222656,0.8163577318191528
406,72,636.8120727539062,171.58863830566406,102.96502685546875,105.30101013183594,0.7220418453216553
407,68,235.89175415039062,180.38027954101562,104.19314575195312,97.94012451171875,0.8619675040245056
407,71,497.65167236328125,163.75633239746094,88.5626220703125,99.03782653808594,0.7852672338485718
407,72,641.6995239257812,185.8080596923828,101.47393798828125,103.56379699707031,0.6055591702461243
408,68,228.6321258544922,188.75267028808594,106.15837097167969,99.77894592285156,0.843783438205719
408,71,495.3168640136719,169.632568359375,91.77572631835938,103.57119750976562,0.7972639799118042
408,72,642.6797485351562,192.6881103515625,107.376708984375,109.97268676757812,0.6053813099861145
409,68,219.97711181640625,194.57830810546875,111.138427734375,104.8533935546875,0.831764280796051
409,71,493.2169494628906,177.47024536132812,94.39218139648438,107.56884765625,0.8287497758865356
409,72,642.4916381835938,199.36929321289062,114.08111572265625,117.60577392578125,0.6611133217811584
410,68,211.8714141845703,202.1717987060547,114.74137878417969,108.54844665527344,0.8681755065917969
410,71,490.9792785644531,185.29705810546875,96.90573120117188,111.10665893554688,0.8029235601425171
410,72,643.2315673828125,207.213623046875,120.112548828125,124.98275756835938,0.6074860095977783
410,75,543.2496948242188,13.798352241516113,37.91473388671875,16.651870727539062,0.39732763171195984
411,68,203.49302673339844,211.0448455810547,117.40653991699219,111.14994812011719,0.8553382158279419
411,71,488.6395568847656,192.53948974609375,100.85250854492188,116.25320434570312,0.8313843011856079
411,72,645.550537109375,216.57501220703125,124.251953125,130.18746948242188,0.7394602298736572
411,75,542.60595703125,14.186736106872559,38.92205810546875,17.114334106445312,0.33312639594078064
412,68,194.0741729736328,218.40838623046875,122.46687316894531,116.35089111328125,0.8672988414764404
412,71,486.14324951171875,200.3378448486328,104.15509033203125,120.63691711425781,0.8062495589256287
412,72,647.5368041992188,227.4415283203125,129.477783203125,136.67596435546875,0.734436571598053
412,75,541.12744140625,14.319843292236328,41.2498779296875,18.18735122680664,0.4619043469429016
413,68,184.0478515625,226.7772216796875,126.8095703125,120.79318237304688,0.8734149932861328
413,71,483.19482421875,209.72938537597656,107.58050537109375,125.31507873535156,0.7654405236244202
413,72,649.6577758789062,239.28343200683594,134.44976806640625,143.3638153076172,0.676217257976532
413,75,539.57470703125,14.304258346557617,44.7177734375,19.817415237426758,0.4042917788028717
414,68,174.0738983154297,236.05479431152344,131.10108947753906,125.09590148925781,0.8712073564529419
414,71,479.8722229003906,217.1478729248047,112.15634155273438,131.49708557128906,0.7769911885261536
414,72,652.3809204101562,251.756103515625,139.9517822265625,150.70660400390625,0.7777485847473145
414,75,538.0695190429688,14.329492568969727,48.4178466796875,21.681116104125977,0.47852814197540283
415,68,163.54409790039062,245.8946990966797,136.00830078125,129.92530822753906,0.8469437956809998
415,71,476.1155090332031,227.87472534179688,114.17745971679688,134.649658203125,0.8299208879470825
415,72,653.8404541015625,263.5307922363281,147.82623291015625,160.80642700195312,0.8483726978302002
415,75,537.223388671875,14.480315208435059,50.4403076171875,22.892597198486328,0.585218071937561
416,68,151.8060760498047,256.0277099609375,141.50038146972656,135.33566284179688,0.8917827606201172
416,71,473.1698303222656,238.27096557617188,118.07852172851562,139.94125366210938,0.8443194031715393
416,72,655.783935546875,277.2126770019531,154.95098876953125,170.28741455078125,0.8334424495697021
416,75,534.8523559570312,14.87409496307373,54.84814453125,25.367462158203125,0.4871630072593689
417,68,139.2781982421875,265.2613220214844,148.47195434570312,142.54721069335938,0.8266202211380005
417,71,469.5025939941406,249.45091247558594,123.48550415039062,147.2622528076172,0.7609359622001648
417,72,657.3317260742188,288.88525390625,165.157958984375,183.5706787109375,0.7274014949798584
417,75,533.6106567382812,14.708294868469238,57.255859375,27.026042938232422,0.5369775891304016
418,68,124.9957275390625,276.5644836425781,155.17132568359375,149.26043701171875,0.8838393092155457
418,71,466.5260009765625,261.00103759765625,127.3369140625,152.72885131835938,0.734341025352478
418,72,661.5770874023438,305.8736267089844,172.7598876953125,194.37783813476562,0.5996229648590088
418,75,532.6375732421875,14.18636703491211,58.78717041015625,28.41048812866211,0.6431434750556946
419,68,110.26783752441406,287.5256652832031,163.12220764160156,157.50918579101562,0.8184548616409302
419,71,462.44403076171875,273.3543395996094,132.46795654296875,160.462646484375,0.7514095306396484
419,72,665.241943359375,322.19354248046875,181.3140869140625,205.95526123046875,0.5443699955940247
419,75,531.8485717773438,13.800551414489746,60.314453125,29.89556121826172,0.6833536624908447
420,68,92.48875427246094,296.87725830078125,173.86756896972656,168.9891357421875,0.751919150352478
420,71,457.607177734375,285.8548583984375,138.92486572265625,169.90829467773438,0.7707082033157349
420,72,681.498291015625,348.58697509765625,169.73760986328125,191.2523193359375,0.3414403200149536
420,75,531.2008666992188,13.785883903503418,61.9888916015625,31.558345794677734,0.6654154658317566
421,68,75.2300033569336,310.3978576660156,182.44766235351562,177.79678344726562,0.7355839610099792
421,71,453.9613342285156,297.4991760253906,144.68478393554688,178.70904541015625,0.689965546131134
421,72,693.1978759765625,364.2272644042969,161.48004150390625,175.77273559570312,0.5826018452644348
421,75,529.458984375,13.4613676071167,65.0806884765625,34.19040298461914,0.7341343760490417
422,68,57.580657958984375,325.72479248046875,191.27346801757812,187.08502197265625,0.6393911242485046
422,71,448.2449035644531,314.12152099609375,148.25875854492188,185.6654052734375,0.6475081443786621
422,72,719.2826538085938,398.0568542480469,138.5523681640625,141.94314575195312,0.4174567461013794
422,75,529.3955078125,13.91346549987793,65.33026123046875,35.379234313964844,0.7454421520233154
423,68,40.9150505065918,340.59478759765625,196.0955047607422,191.81024169921875,0.37810850143432617
423,71,443.15625,329.86639404296875,153.07708740234375,194.29364013671875,0.7196953892707825
423,72,721.481201171875,405.7872314453125,136.34979248046875,134.2127685546875,0.5303294062614441
423,75,529.5979614257812,14.592277526855469,65.02032470703125,36.165313720703125,0.7670578956604004
424,68,27.634571075439453,356.14971923828125,191.00436401367188,183.85028076171875,0.3404545485973358
424,71,441.55902099609375,345.7502746582031,149.4677734375,191.26901245117188,0.6517961025238037
424,72,730.4160766601562,425.4481506347656,124.1080322265625,114.55184936523438,0.5085419416427612
424,75,529.0089721679688,15.167277336120605,66.22119140625,38.09297561645508,0.7837481498718262
425,68,19.989593505859375,373.13653564453125,180.50755310058594,166.86346435546875,0.7467483282089233
425,71,441.4869384765625,361.7931213378906,141.38275146484375,178.20687866210938,0.6088451147079468
425,72,743.657958984375,451.0341796875,104.63348388671875,88.9658203125,0.47588199377059937
425,75,529.0231323242188,15.987748146057129,65.5970458984375,38.90933609008789,0.8009632229804993
426,68,17.15732765197754,391.22869873046875,168.0059051513672,148.77130126953125,0.749126136302948
426,71,444.3983154296875,380.79876708984375,130.26104736328125,159.20123291015625,0.6255506873130798
426,75,529.092529296875,17.19853401184082,65.08056640625,39.681060791015625,0.7722461223602295
427,68,17.122554779052734,410.8310546875,151.0711212158203,129.1689453125,0.6485452651977539
427,71,447.6098327636719,403.37689208984375,117.07760620117188,136.62310791015625,0.3295880854129791
427,75,529.30126953125,17.878311157226562,64.84552001953125,40.63960647583008,0.7445254325866699
428,75,529.7240600585938,19.565523147583008,64.093994140625,41.272987365722656,0.7577630281448364
429,75,531.1500854492188,21.716917037963867,62.33380126953125,41.096824645996094,0.7797489762306213
429,68,23.583250045776367,454.9347839355469,109.07807922363281,85.06521606445312,0.4719889760017395
430,75,532.0511474609375,23.58326530456543,61.34906005859375,41.47119140625,0.7521905303001404
430,77,491.2416687011719,12.11060619354248,36.988494873046875,13.745993614196777,0.4604931175708771
431,75,533.36328125,25.933889389038086,59.06561279296875,40.789588928222656,0.7393143177032471
431,77,488.04144287109375,12.822973251342773,40.947021484375,15.277748107910156,0.5832267999649048
432,75,533.1290283203125,27.422380447387695,59.08575439453125,41.664756774902344,0.7403455972671509
432,77,486.80596923828125,13.439249992370605,42.22393798828125,15.838061332702637,0.5290507078170776
433,75,532.5277709960938,29.05348777770996,59.84136962890625,43.123146057128906,0.716671347618103
433,77,486.3247985839844,13.623384475708008,43.135467529296875,16.2982234954834,0.5640213489532471
434,75,532.3297729492188,30.76736831665039,59.62249755859375,43.78519058227539,0.7718927264213562
434,77,485.56060791015625,13.607454299926758,44.84552001953125,17.13055992126465,0.5785035490989685
435,75,532.28857421875,32.395782470703125,59.51080322265625,44.49696350097656,0.7982960939407349
435,77,484.0355529785156,13.499452590942383,46.512298583984375,18.009998321533203,0.5504100322723389
436,75,533.5608520507812,34.75217056274414,57.91339111328125,44.062076568603516,0.7375227212905884
436,77,481.4160461425781,13.388975143432617,49.472381591796875,19.49336814880371,0.5194201469421387
437,75,533.727294921875,36.506927490234375,57.9322509765625,44.88519287109375,0.7595712542533875
437,77,480.6728210449219,13.675317764282227,49.846771240234375,20.012666702270508,0.5704004764556885
438,75,533.7801513671875,38.00372314453125,57.87933349609375,45.56544494628906,0.7755136489868164
438,77,479.2569580078125,14.128273963928223,51.4066162109375,21.049922943115234,0.6176311373710632
439,75,533.6127319335938,40.02335739135742,57.62786865234375,46.03060531616211,0.7210646271705627
439,77,477.99334716796875,14.325594902038574,52.645751953125,21.9949951171875,0.6251635551452637
440,75,533.3106079101562,42.33646774291992,58.0430908203125,47.1240119934082,0.7345565557479858
440,77,474.9953308105469,14.445921897888184,56.752532958984375,24.308189392089844,0.6167205572128296
441,75,533.0559692382812,43.936988830566406,59.232421875,48.95692443847656,0.6974267959594727
441,77,472.8508605957031,14.94680404663086,59.377105712890625,26.10028839111328,0.581602931022644
442,75,533.2247924804688,46.636531829833984,58.49267578125,48.945858001708984,0.7315790057182312
442,77,471.10369873046875,14.748109817504883,61.2021484375,27.64069938659668,0.6044488549232483
443,75,532.3416748046875,48.44126510620117,59.89715576171875,50.86750411987305,0.7616062164306641
443,77,468.6747131347656,14.667354583740234,63.643341064453125,29.540813446044922,0.5174347162246704
444,75,532.6627197265625,50.67871856689453,59.4539794921875,51.15673828125,0.7147548198699951
444,77,465.6792297363281,14.65062427520752,67.24270629882812,32.15989303588867,0.4913386404514313
445,75,532.493896484375,53.307674407958984,60.1348876953125,52.27505111694336,0.7762047648429871
445,77,462.503662109375,14.650919914245605,72.4256591796875,35.91372299194336,0.6672044396400452
446,75,532.6192626953125,55.70527267456055,59.80865478515625,52.40732192993164,0.7947800755500793
446,77,461.05438232421875,14.268744468688965,74.70166015625,38.47238540649414,0.73201584815979
447,75,532.3267211914062,58.332847595214844,60.03948974609375,53.0947265625,0.7721332311630249
447,77,461.0486145019531,14.424398422241211,74.00918579101562,39.56121826171875,0.7567671537399292
448,75,532.470703125,60.59776306152344,59.87939453125,53.345489501953125,0.7354503870010376
448,77,460.59844970703125,14.661439895629883,73.08154296875,40.49284362792969,0.7284241318702698
449,75,531.9752197265625,64.14054107666016,60.4552001953125,54.44129180908203,0.675729513168335
449,77,460.1173095703125,15.631847381591797,72.1463623046875,41.43516540527344,0.7337411046028137
450,75,531.6238403320312,66.64680480957031,61.18994140625,55.655235290527344,0.7326721549034119
450,77,460.5105895996094,16.057954788208008,70.90304565429688,42.19269561767578,0.7248305082321167
451,75,530.6174926757812,68.56904602050781,62.41937255859375,57.38798522949219,0.7131910920143127
451,77,459.9096984863281,17.021442413330078,71.64352416992188,44.19844055175781,0.7248378992080688
451,79,543.6736450195312,13.142580032348633,38.26995849609375,13.857990264892578,0.47131067514419556
452,75,530.4017944335938,71.25920867919922,62.646484375,58.07427215576172,0.7075201272964478
452,77,459.3282165527344,18.632204055786133,71.19302368164062,45.429840087890625,0.7384698390960693
452,79,542.1295776367188,13.28630256652832,41.06964111328125,14.94780158996582,0.45927438139915466
453,75,530.010009765625,73.7457275390625,62.68994140625,58.31266784667969,0.7253867387771606
453,77,459.99444580078125,20.123291015625,68.6544189453125,45.17559814453125,0.7915845513343811
453,79,541.3314819335938,13.153252601623535,42.913330078125,15.738661766052246,0.4919314682483673
454,75,529.7900390625,76.79499053955078,64.00885009765625,60.206993103027344,0.6647411584854126
454,77,460.4185791015625,22.295764923095703,66.1119384765625,44.76765060424805,0.7946339249610901
454,79,540.22119140625,13.563414573669434,45.45013427734375,16.867889404296875,0.5498455166816711
455,75,528.904541015625,80.09607696533203,64.71600341796875,61.34711456298828,0.7168411612510681
455,77,460.3236083984375,24.009960174560547,65.0166015625,45.24325180053711,0.844774067401886
455,79,538.8938598632812,13.995996475219727,48.3204345703125,18.1914005279541,0.5250446796417236
456,75,527.80322265625,82.05734252929688,66.65240478515625,63.87550354003906,0.7132511734962463
456,77,459.7320861816406,25.66059684753418,65.03042602539062,46.53245544433594,0.802902102470398
456,79,538.5292358398438,13.983194351196289,50.04248046875,19.14748191833496,0.5469610095024109
457,75,527.1897583007812,84.72313690185547,67.80615234375,65.68036651611328,0.6568794250488281
457,77,458.2886047363281,26.509502410888672,66.79446411132812,49.16780471801758,0.7988535761833191
457,79,538.4425048828125,13.88980484008789,51.04119873046875,19.88766098022461,0.594224750995636
458,75,527.3096313476562,87.84844207763672,68.27099609375,66.7088394165039,0.6590467691421509
458,77,458.4331970214844,28.00359344482422,65.91299438476562,49.74285125732422,0.7914751768112183
458,79,537.635498046875,14.389998435974121,53.151123046875,21.169898986816406,0.5754179358482361
459,75,527.1762084960938,92.07762145996094,68.550537109375,67.5479736328125,0.6613261699676514
459,77,458.982177734375,30.069908142089844,63.84576416015625,49.303375244140625,0.7356069684028625
459,79,537.2977905273438,14.570708274841309,54.08709716796875,22.031932830810547,0.6119600534439087
460,75,527.4157104492188,95.56639099121094,68.43780517578125,67.84065246582031,0.7367947101593018
460,77,459.0636901855469,31.4803524017334,62.705963134765625,49.609893798828125,0.742280900478363
460,79,535.3117065429688,14.73576831817627,58.13037109375,24.36269760131836,0.6517264246940613
461,75,526.5834350585938,98.60316467285156,69.907470703125,69.75431823730469,0.7462842464447021
461,77,459.0110778808594,32.796539306640625,62.193756103515625,50.384490966796875,0.7170372009277344
461,79,534.7646484375,14.682404518127441,60.1324462890625,25.94467544555664,0.6507629752159119
462,75,525.8387451171875,101.4231185913086,72.163818359375,72.42623138427734,0.7390713095664978
462,77,458.0076904296875,35.59037399291992,61.58331298828125,50.768672943115234,0.7252459526062012
462,79,534.1962890625,14.921401023864746,62.145263671875,27.652347564697266,0.6613855361938477
463,75,526.2909545898438,105.5405502319336,72.0223388671875,72.76140594482422,0.7312641739845276
463,77,456.9944152832031,37.11296081542969,62.159576416015625,52.332862854003906,0.6775773167610168
463,79,533.61962890625,15.191155433654785,64.05621337890625,29.433795928955078,0.686708927154541
464,75,524.5676879882812,108.96913146972656,74.54443359375,76.166259765625,0.6403800249099731
464,77,456.98370361328125,39.175453186035156,61.12615966796875,52.4112548828125,0.5962979197502136
464,79,533.130615234375,14.968060493469238,65.23260498046875,31.040576934814453,0.6563522219657898
465,75,524.3271484375,112.79845428466797,75.712158203125,77.91410064697266,0.7985931038856506
465,77,454.76678466796875,41.46982955932617,61.95941162109375,53.94182205200195,0.6986289024353027
465,79,532.9852294921875,14.174857139587402,65.75579833984375,32.4312629699707,0.7282578945159912
466,75,523.1829223632812,116.67022705078125,76.91461181640625,79.57559204101562,0.7917844653129578
466,77,452.82757568359375,44.109161376953125,62.3424072265625,54.69275665283203,0.7684746384620667
466,79,533.1588745117188,14.508328437805176,66.51397705078125,34.03544235229492,0.7271168231964111
467,75,522.0580444335938,120.88587188720703,78.50677490234375,81.78534698486328,0.7916923761367798
467,77,450.9405822753906,46.50796890258789,62.868255615234375,55.49772262573242,0.8052478432655334
467,79,532.6653442382812,14.837019920349121,67.68353271484375,35.93214416503906,0.7811462879180908
468,75,521.295166015625,125.54530334472656,80.39410400390625,84.50640869140625,0.7910683155059814
468,77,450.07147216796875,48.22067642211914,63.7015380859375,56.72432327270508,0.7525915503501892
468,79,533.3196411132812,15.722260475158691,67.37640380859375,37.133506774902344,0.717590868473053
469,75,520.6051635742188,129.90785217285156,81.8358154296875,86.70024108886719,0.7886192798614502
469,77,449.3614501953125,50.2598762512207,64.19366455078125,57.69991683959961,0.5644072890281677
469,79,534.4085693359375,16.863019943237305,66.63671875,38.12842559814453,0.6589736342430115
470,75,520.0681762695312,134.2310333251953,83.0667724609375,88.45327758789062,0.8237134218215942
470,77,448.0909118652344,52.56358337402344,65.01345825195312,59.07463836669922,0.6468097567558289
470,79,534.985595703125,17.904685974121094,66.95660400390625,39.76499557495117,0.7049403190612793
471,75,518.5307006835938,140.1070098876953,85.31402587890625,91.45919799804688,0.7851252555847168
471,77,444.9168395996094,54.49782943725586,67.33926391601562,61.91605758666992,0.7208519577980042
471,79,535.993896484375,19.180877685546875,65.00323486328125,39.8226318359375,0.6447875499725342
472,75,518.04541015625,144.34799194335938,86.08966064453125,92.79393005371094,0.8045228123664856
472,77,443.0516357421875,56.74998474121094,67.73443603515625,62.84429168701172,0.705555260181427
472,79,537.8267211914062,21.313709259033203,62.2462158203125,39.28782272338867,0.6463735103607178
473,75,517.4121704101562,150.04119873046875,85.76123046875,92.64788818359375,0.8308262825012207
473,77,441.6295166015625,59.32352828979492,68.7891845703125,64.4534912109375,0.6772336959838867
473,79,538.1697387695312,22.604923248291016,61.970703125,40.2955322265625,0.6174687147140503
474,75,516.5518188476562,155.80967712402344,87.08563232421875,94.25914001464844,0.8411062359809875
474,77,440.7613525390625,61.78266525268555,68.93307495117188,65.18180847167969,0.6651801466941833
474,79,537.7548828125,23.626537322998047,61.4619140625,40.90445327758789,0.6061536073684692
475,75,515.1567993164062,160.8629150390625,89.18048095703125,96.8028564453125,0.8950157165527344
475,77,440.0981750488281,63.950286865234375,68.6431884765625,65.36785888671875,0.6019260883331299
475,79,537.5728149414062,24.73463249206543,62.1732177734375,42.43763732910156,0.531410276889801
476,75,512.7948608398438,166.5573272705078,91.8221435546875,99.87425231933594,0.8652975559234619
476,77,438.2686462402344,65.81135559082031,69.73941040039062,67.07737731933594,0.641226053237915
476,79,538.9139404296875,26.6798038482666,60.583740234375,42.446800231933594,0.629773736000061
477,75,511.1849060058594,173.4037322998047,93.55294799804688,101.72947692871094,0.8398721814155579
477,77,436.3157043457031,68.7253646850586,70.88372802734375,68.86371612548828,0.5898213386535645
477,79,539.5625610351562,28.498580932617188,59.4058837890625,42.629119873046875,0.6940277218818665
478,75,509.6410827636719,179.48464965820312,95.92245483398438,104.46746826171875,0.8609277606010437
478,77,434.693115234375,72.5675277709961,70.81866455078125,69.29712677001953,0.6107244491577148
478,79,539.8147583007812,30.568628311157227,59.0843505859375,43.40502166748047,0.7211653590202332
479,75,507.3025817871094,186.10215759277344,99.08993530273438,108.19718933105469,0.8599836230278015
479,77,431.97161865234375,74.67047119140625,72.67312622070312,71.69569396972656,0.5025493502616882
479,79,540.6305541992188,31.857872009277344,58.329345703125,43.753211975097656,0.7833420634269714
480,75,504.86370849609375,192.31396484375,102.7952880859375,112.816650390625,0.863570511341095
480,77,430.0779724121094,80.95401000976562,70.95797729492188,70.17518615722656,0.5305918455123901
480,79,541.7562866210938,34.183197021484375,56.20587158203125,42.83789825439453,0.7461919188499451
481,75,502.7713928222656,199.52828979492188,105.58627319335938,116.26507568359375,0.8038164973258972
481,77,429.7137451171875,84.87242126464844,69.191650390625,69.13603210449219,0.465160608291626
481,79,541.4525756835938,35.430782318115234,57.26800537109375,44.498836517333984,0.811974048614502
482,75,500.91094970703125,207.6065216064453,108.80145263671875,119.94877624511719,0.8602467179298401
482,77,426.8380432128906,87.86312103271484,70.49087524414062,70.82154083251953,0.42652687430381775
482,79,541.1052856445312,37.55305099487305,58.0435791015625,45.99320602416992,0.7629284262657166
483,75,497.42388916015625,215.00218200683594,114.62371826171875,126.82292175292969,0.8600680828094482
483,77,423.6460876464844,90.48067474365234,72.82220458984375,73.4556655883789,0.5002350807189941
483,79,540.8168334960938,39.92927932739258,59.42169189453125,48.13148880004883,0.7057121396064758
484,75,494.5975036621094,223.8733673095703,118.73776245117188,131.96376037597656,0.8621599078178406
484,77,419.07470703125,92.42845916748047,77.44918823242188,78.8006362915039,0.5975317358970642
484,79,541.3480834960938,42.519493103027344,58.17608642578125,47.97759246826172,0.7174837589263916
485,75,492.155517578125,233.51622009277344,122.6068115234375,136.80238342285156,0.8027374744415283
485,77,416.5087585449219,94.93643951416016,79.05368041992188,80.98079681396484,0.5621389150619507
485,79,541.3971557617188,44.640567779541016,58.48712158203125,49.16263961791992,0.7262093424797058
486,75,489.09722900390625,242.36585998535156,127.082275390625,142.5262908935547,0.8581148982048035
486,77,415.13861083984375,97.41703796386719,79.878173828125,82.6455078125,0.4446711838245392
486,79,541.3793334960938,46.40303039550781,58.430908203125,49.999427795410156,0.6661127805709839
487,75,485.9649353027344,252.38479614257812,131.85165405273438,148.41290283203125,0.8787587285041809
487,77,411.9063415527344,102.44666290283203,80.65814208984375,83.76805877685547,0.5870528221130371
487,79,540.7596435546875,48.79789733886719,59.6229248046875,51.99976348876953,0.6557040214538574
488,75,482.04974365234375,262.9311828613281,138.4432373046875,156.8658447265625,0.7986940145492554
488,77,406.5656433105469,107.22367095947266,83.45468139648438,87.02591705322266,0.678896427154541
488,79,540.71484375,51.0145149230957,59.0064697265625,52.31473922729492,0.639773428440094
489,75,477.8692321777344,273.0191955566406,144.85403442382812,165.46127319335938,0.8029050230979919
489,77,402.9293212890625,112.54425048828125,83.7525634765625,87.34817504882812,0.6763579845428467
489,79,540.7724609375,51.913761138916016,60.23797607421875,54.34519577026367,0.7923077940940857
489,80,614.44873046875,13.268807411193848,37.59649658203125,20.091266632080078,0.3476666510105133
490,75,473.47125244140625,285.3357849121094,150.469970703125,173.577392578125,0.7772424221038818
490,77,398.9526672363281,118.0125732421875,86.07220458984375,89.84890747070312,0.7067000865936279
490,79,541.1485595703125,56.18254852294922,58.88787841796875,53.85749816894531,0.7365688681602478
490,80,614.1535034179688,13.94526195526123,40.111572265625,21.46973419189453,0.338457316160202
491,75,467.9453125,296.3961486816406,158.6334228515625,185.1796875,0.6998198628425598
491,77,394.5455017089844,121.06584930419922,89.51217651367188,93.81743621826172,0.7555249333381653
491,79,540.484130859375,59.025909423828125,59.14532470703125,54.851341247558594,0.6087794303894043
491,80,612.8566284179688,14.485786437988281,42.4515380859375,22.78399658203125,0.2578814923763275
492,75,462.96978759765625,309.51470947265625,165.33197021484375,195.19046020507812,0.7100843787193298
492,77,391.5408630371094,126.4240493774414,90.43563842773438,95.04015350341797,0.7191966772079468
492,79,540.7208862304688,62.76569747924805,57.40765380859375,53.58377456665039,0.6166256666183472
493,75,457.7820739746094,323.3229675292969,171.85208129882812,205.21682739257812,0.6404224634170532
493,77,387.2280578613281,131.74070739746094,92.872802734375,97.82521057128906,0.6648404002189636
493,79,540.8154296875,64.88822937011719,58.336181640625,54.985450744628906,0.6935929656028748
494,75,458.92889404296875,339.3857116699219,167.1121826171875,199.17538452148438,0.41467219591140747
494,77,382.7841796875,138.1854248046875,94.3509521484375,99.46426391601562,0.6883832812309265
494,79,540.2203979492188,68.98522186279297,59.16290283203125,56.312042236328125,0.752138614654541
495,75,461.2613830566406,354.8033447265625,158.79110717773438,185.1966552734375,0.6776310801506042
495,77,378.5281066894531,143.7080078125,96.9898681640625,102.43013000488281,0.6904327273368835
495,79,540.441650390625,71.84123229980469,58.88330078125,56.2384033203125,0.6453655362129211
495,80,605.1328125,13.960541725158691,63.63330078125,35.00770950317383,0.38269665837287903
496,75,464.8898010253906,373.32794189453125,147.53909301757812,166.67205810546875,0.6164150834083557
496,77,373.12652587890625,150.2307891845703,99.64486694335938,105.56608581542969,0.6527199745178223
496,79,538.748779296875,75.1543197631836,60.4114990234375,58.08515167236328,0.6543045043945312
497,75,470.4389343261719,392.01708984375,137.21633911132812,147.98291015625,0.6434314846992493
497,77,367.0636901855469,156.22528076171875,103.38558959960938,109.92739868164062,0.7044280171394348
497,79,537.3408813476562,78.66397857666016,60.1005859375,57.71471405029297,0.7181563973426819
498,75,474.8952941894531,412.4931640625,126.05819702148438,127.5068359375,0.7250891327857971
498,77,361.1346130371094,163.38970947265625,105.69329833984375,112.62277221679688,0.7117039561271667
498,79,535.4178466796875,82.45049285888672,62.86151123046875,60.993568420410156,0.6336035132408142
498,80,603.2074584960938,16.274099349975586,69.01446533203125,39.31105041503906,0.46172231435775757
499,75,481.34112548828125,435.869384765625,110.00250244140625,104.130615234375,0.7807828187942505
499,77,355.0448913574219,169.8162384033203,110.05862426757812,117.80204772949219,0.7370744347572327
499,79,534.169677734375,86.72924041748047,64.376220703125,63.096885681152344,0.739030122756958
500,75,488.99774169921875,460.4983215332031,92.74163818359375,79.50167846679688,0.6450808644294739
500,77,348.8302307128906,176.47625732421875,113.49072265625,121.88739013671875,0.6216503977775574
500,79,534.1140747070312,88.90071105957031,64.18975830078125,63.41258239746094,0.588557779788971
501,77,341.4328308105469,183.66073608398438,118.10061645507812,127.316650390625,0.7443541884422302
501,79,533.4551391601562,93.05554962158203,64.66009521484375,64.47185516357422,0.6335821151733398
502,77,334.3012390136719,191.146484375,121.89947509765625,131.84930419921875,0.8113424181938171
502,79,532.9869995117188,95.78480529785156,64.4532470703125,64.65818786621094,0.6524463891983032
502,80,603.4148559570312,25.63311004638672,70.59912109375,42.07102966308594,0.4115632474422455
503,77,326.45111083984375,200.19955444335938,125.5760498046875,136.25491333007812,0.8620770573616028
503,79,532.5629272460938,100.03723907470703,64.4478759765625,64.80139923095703,0.5593438744544983
503,87,429.30035400390625,14.108453750610352,36.215606689453125,18.7990779876709,0.4462526738643646
503,80,604.2401123046875,27.500303268432617,69.39453125,42.93748474121094,0.3346399962902069
504,77,319.2637939453125,209.66366577148438,129.03631591796875,140.50881958007812,0.8064988255500793
504,79,530.1661987304688,103.350341796875,67.59771728515625,68.41983032226562,0.7710722088813782
504,87,426.9630432128906,14.219722747802734,37.76025390625,19.616363525390625,0.4494655728340149
504,80,605.7639770507812,30.718339920043945,67.8079833984375,43.60990905761719,0.46562904119491577
505,77,310.10858154296875,217.19300842285156,135.54129028320312,148.3550262451172,0.8280775547027588
505,79,528.8252563476562,107.78569030761719,69.97332763671875,71.48477172851562,0.5970376133918762
505,87,424.0986328125,14.23703384399414,41.9676513671875,21.875476837158203,0.5485925078392029
505,80,607.5535888671875,33.757469177246094,66.12091064453125,44.069854736328125,0.6188017725944519
506,77,300.72515869140625,227.060302734375,141.0369873046875,155.0640869140625,0.7532263398170471
506,79,528.2041015625,111.51451110839844,69.8046875,71.7303466796875,0.5870500802993774
506,87,419.73138427734375,14.433433532714844,46.773468017578125,24.57742691040039,0.5672866106033325
506,80,608.2548828125,36.38832473754883,66.56829833984375,45.90776443481445,0.7337232232093811
507,77,290.6461486816406,238.358154296875,146.35919189453125,161.6285400390625,0.8025965094566345
507,79,526.2353515625,115.93135070800781,73.379638671875,76.13076782226562,0.5524095296859741
507,87,417.3930969238281,14.831623077392578,48.826568603515625,25.869388580322266,0.6524587869644165
507,80,609.7459106445312,38.82715606689453,65.96697998046875,46.77061462402344,0.7179276347160339
508,77,277.80853271484375,250.0506591796875,152.988037109375,169.01821899414062,0.8636861443519592
508,79,525.5267333984375,120.93400573730469,75.02471923828125,78.54627990722656,0.6509186029434204
508,87,414.7670593261719,14.49972915649414,52.015625,27.927162170410156,0.6805892586708069
508,80,610.169189453125,41.530147552490234,66.755126953125,48.66312789916992,0.6616368889808655
509,77,267.27484130859375,262.2169494628906,159.75216674804688,177.47613525390625,0.8456177711486816
509,79,523.6314697265625,125.13758850097656,78.02142333984375,82.59977722167969,0.6114091277122498
509,87,412.26031494140625,13.667108535766602,55.3970947265625,30.26474952697754,0.7042451500892639
509,80,611.2444458007812,44.085227966308594,65.43017578125,48.93714904785156,0.5712458491325378
510,77,255.72183227539062,274.1567077636719,168.37942504882812,188.37423706054688,0.7972193956375122
510,79,522.7785034179688,129.97486877441406,78.50555419921875,83.75416564941406,0.6165476441383362
510,87,409.55255126953125,13.206136703491211,57.834014892578125,32.23381805419922,0.7058203220367432
510,80,612.3455810546875,47.55694580078125,65.17364501953125,49.86329650878906,0.4869595766067505
511,77,241.5489044189453,283.67755126953125,178.93736267089844,201.92205810546875,0.7678694128990173
511,79,522.5232543945312,135.23403930664062,78.92559814453125,84.67381286621094,0.6059279441833496
511,87,407.1618347167969,13.48824405670166,60.55517578125,34.582298278808594,0.6504863500595093
511,80,613.23193359375,50.567108154296875,65.29339599609375,50.97594451904297,0.5794248580932617
512,77,222.83396911621094,285.6948547363281,197.71311950683594,226.67739868164062,0.7369546294212341
512,79,520.9557495117188,141.1062469482422,80.381591796875,86.87136840820312,0.691068708896637
512,87,404.94122314453125,13.871870994567871,61.94659423828125,36.3214225769043,0.6924701929092407
512,80,613.9945068359375,53.38889694213867,65.17401123046875,51.8234748840332,0.5977534651756287
513,77,212.00404357910156,309.3750305175781,193.5839385986328,223.03054809570312,0.5322223901748657
513,79,519.6556396484375,146.09559631347656,82.551513671875,89.99185180664062,0.6740743517875671
513,87,403.32196044921875,14.754003524780273,61.839111328125,37.07765197753906,0.6657769083976746
513,80,614.8624877929688,56.463802337646484,65.885986328125,53.38017654418945,0.6497507095336914
514,77,204.56631469726562,330.14910888671875,183.82806396484375,209.7412109375,0.5177375674247742
514,79,518.8883666992188,151.58258056640625,82.61126708984375,90.35389709472656,0.6806008815765381
514,87,403.1477355957031,16.010662078857422,59.99700927734375,36.6970329284668,0.676647424697876
514,80,616.553466796875,59.27521514892578,65.65301513671875,53.920013427734375,0.6746896505355835
515,77,203.61196899414062,350.1441345214844,171.60757446289062,189.85586547851562,0.5138201713562012
515,79,516.458740234375,157.90721130371094,85.8353271484375,94.52670288085938,0.7217721343040466
515,87,401.8046875,16.883790969848633,59.710113525390625,37.33551025390625,0.7320940494537354
515,80,616.6597290039062,62.07331848144531,67.547119140625,56.61809539794922,0.6642196774482727
516,77,203.1121368408203,370.3388977050781,157.98435974121094,169.66110229492188,0.627083420753479
516,79,515.6188354492188,164.45481872558594,87.17877197265625,96.63594055175781,0.6794514656066895
516,87,401.0015869140625,18.126253128051758,59.429656982421875,37.9425048828125,0.6404136419296265
516,80,617.770263671875,65.96559143066406,67.310546875,57.379356384277344,0.6251382231712341
517,77,201.48049926757812,391.9381103515625,144.85006713867188,148.0618896484375,0.6999240517616272
517,79,513.46240234375,171.19393920898438,89.9017333984375,100.30361938476562,0.7553810477256775
517,87,400.0849609375,19.015865325927734,58.886016845703125,38.46726989746094,0.5966856479644775
517,80,619.1282958984375,69.10172271728516,67.51593017578125,58.258148193359375,0.7121958136558533
518,77,198.94496154785156,415.50225830078125,130.07423400878906,124.49774169921875,0.7776918411254883
518,79,512.6168212890625,179.72279357910156,91.3800048828125,102.45933532714844,0.7800015807151794
518,87,397.8584899902344,21.403926849365234,59.569366455078125,39.74260330200195,0.615655779838562
518,80,618.82666015625,72.2795181274414,69.05914306640625,60.35283660888672,0.5119019746780396
519,77,199.08010864257812,441.9737243652344,111.11114501953125,98.02627563476562,0.639614462852478
519,79,510.8330078125,186.22340393066406,93.44708251953125,105.40461730957031,0.7871916890144348
519,87,396.1918029785156,23.823760986328125,58.5648193359375,39.80305862426758,0.7024317979812622
519,80,620.1561279296875,76.58550262451172,69.3824462890625,61.53461456298828,0.4698884189128876
520,77,200.9453887939453,470.8248596191406,89.07060241699219,69.17514038085938,0.554485023021698
520,79,508.653076171875,192.45919799804688,97.0126953125,110.17022705078125,0.7963917851448059
520,87,395.51458740234375,25.812938690185547,57.18865966796875,39.539554595947266,0.7739354968070984
520,80,620.3711547851562,80.6783218383789,72.74945068359375,65.56169891357422,0.5629110932350159
521,79,506.4144287109375,199.71038818359375,100.6593017578125,115.20718383789062,0.8298081755638123
521,87,393.9656066894531,27.28169822692871,56.686614990234375,39.80810546875,0.8322479128837585
521,80,621.4796142578125,84.52899932861328,72.5159912109375,66.09685516357422,0.4970594048500061
522,79,505.0414733886719,209.35556030273438,102.45596313476562,117.81671142578125,0.8586475849151611
522,87,391.7019348144531,29.662195205688477,57.18310546875,40.830848693847656,0.8095957636833191
522,80,623.8937377929688,89.12269592285156,72.33148193359375,66.63931274414062,0.456298291683197
523,79,502.8489074707031,216.9243927001953,106.20761108398438,123.01188659667969,0.8434158563613892
523,87,390.44049072265625,30.86522674560547,57.2703857421875,41.54369354248047,0.7447525858879089
523,80,626.380859375,94.00576782226562,72.133544921875,67.09675598144531,0.664180338382721
524,79,503.6980895996094,232.60333251953125,104.21304321289062,120.82180786132812,0.8387465476989746
524,87,388.40008544921875,32.90991973876953,58.00677490234375,42.87035369873047,0.7111949324607849
524,80,626.665771484375,98.68280792236328,74.10906982421875,69.87889862060547,0.5769859552383423
525,79,500.50775146484375,240.23458862304688,110.17535400390625,128.95614624023438,0.8690561652183533
525,87,386.5679931640625,34.77458572387695,58.18719482421875,43.736141204833984,0.7759186625480652
525,80,628.7252197265625,104.3667984008789,72.69708251953125,68.95442962646484,0.6410074830055237
526,79,496.4964904785156,247.5598907470703,116.09860229492188,137.32432556152344,0.8115326762199402
526,87,384.529296875,36.201141357421875,58.5269775390625,44.634605407714844,0.8146369457244873
526,80,629.2548828125,107.5866928100586,74.758056640625,71.70800018310547,0.6117324829101562
527,79,493.0523986816406,257.1393127441406,121.07980346679688,144.76730346679688,0.7296751737594604
527,87,382.2080993652344,38.98530197143555,58.191375732421875,44.9790153503418,0.8279795050621033
527,80,631.0206298828125,113.85474395751953,74.422119140625,71.75191497802734,0.653556764125824
528,79,489.841796875,266.43841552734375,127.29876708984375,154.21246337890625,0.8245444893836975
528,87,379.8804931640625,40.709781646728516,59.352447509765625,46.610591888427734,0.7658492922782898
528,80,631.7429809570312,118.35643005371094,77.92974853515625,75.77665710449219,0.6024273633956909
529,79,488.41436767578125,280.1873779296875,130.29278564453125,159.55657958984375,0.8409612774848938
529,87,378.3674011230469,42.6147575378418,58.580322265625,46.60787582397461,0.7615715861320496
529,80,632.808837890625,123.35150909423828,80.07733154296875,78.44945526123047,0.5619809627532959
530,79,484.96197509765625,291.4103698730469,136.7177734375,169.6680908203125,0.8193582892417908
530,87,377.50592041015625,45.38783645629883,56.771392822265625,45.52640914916992,0.6049312353134155
530,80,634.1149291992188,128.77755737304688,81.389892578125,80.30862426757812,0.6729194521903992
531,79,480.60723876953125,303.2464904785156,144.613037109375,182.15875244140625,0.8420822620391846
531,87,374.88763427734375,47.457794189453125,57.4912109375,46.457496643066406,0.5726417899131775
531,80,635.7042846679688,135.46951293945312,83.31341552734375,82.58216857910156,0.7454070448875427
532,79,477.61883544921875,317.4674987792969,150.4608154296875,192.28359985351562,0.8471442461013794
532,87,371.4280700683594,48.988033294677734,60.01318359375,49.06019973754883,0.7109543085098267
532,80,637.3260498046875,142.60585021972656,86.060302734375,85.6812744140625,0.7073681354522705
533,79,476.3780517578125,333.8879699707031,152.11126708984375,196.31106567382812,0.8825013041496277
533,87,369.41009521484375,52.05818176269531,59.66815185546875,49.19562530517578,0.7925503253936768
533,80,638.406494140625,148.79380798339844,89.00335693359375,89.15986633300781,0.7021386623382568
534,79,477.4273986816406,349.57073974609375,147.96719360351562,190.42926025390625,0.844763994216919
534,87,367.76318359375,54.18132400512695,59.833465576171875,49.8830451965332,0.7506785988807678
534,80,639.51513671875,155.12144470214844,91.7559814453125,92.43960571289062,0.6103963255882263
535,79,481.74224853515625,368.8542785644531,138.037353515625,171.14572143554688,0.6370289921760559
535,87,364.49102783203125,56.191551208496094,61.0499267578125,51.354522705078125,0.7634467482566833
535,80,640.28515625,163.0836639404297,95.13629150390625,96.50956726074219,0.6387587189674377
536,79,486.1416931152344,385.5485534667969,128.63369750976562,154.45144653320312,0.5559577345848083
536,87,361.1972961425781,58.50092315673828,61.58563232421875,52.139678955078125,0.8069019317626953
536,80,642.1997680664062,171.09637451171875,98.08831787109375,100.02972412109375,0.665860116481781
537,79,491.4945068359375,405.2801513671875,117.71533203125,134.7198486328125,0.43153858184814453
537,87,358.4006652832031,60.932315826416016,62.450592041015625,53.2902946472168,0.82767254114151
537,80,643.8013305664062,179.38328552246094,102.10980224609375,104.92405700683594,0.6813011765480042
538,87,355.6221923828125,63.71712875366211,63.67919921875,54.77656936645508,0.81402188539505
538,80,646.6817626953125,188.8480224609375,105.54901123046875,109.09390258789062,0.6310181021690369
539,87,352.4072265625,66.86388397216797,65.45797729492188,56.978721618652344,0.8012101650238037
539,80,647.9664306640625,197.79449462890625,110.1632080078125,114.91134643554688,0.4375167191028595
540,87,349.5111083984375,69.79082489013672,65.150146484375,56.916015625,0.7807908058166504
540,80,650.661865234375,207.3473358154297,113.51324462890625,119.21138000488281,0.731456458568573
540,90,469.534423828125,14.846786499023438,55.47998046875,23.22927474975586,0.4937075078487396
541,87,346.7264404296875,72.3203353881836,65.95208740234375,57.918434143066406,0.7370616793632507
541,80,652.4296875,217.2840118408203,118.332763671875,125.11979675292969,0.6268547773361206
541,90,466.30059814453125,14.250530242919922,60.69195556640625,25.470439910888672,0.4636242687702179
542,87,343.2432556152344,75.35269165039062,66.7886962890625,58.9500732421875,0.6680166721343994
542,80,654.8255004882812,228.87808227539062,123.5450439453125,131.62799072265625,0.6511625647544861
542,90,463.3017272949219,13.5641508102417,65.74111938476562,27.71316909790039,0.648707389831543
543,87,339.59173583984375,78.5837631225586,67.44464111328125,59.81798553466797,0.7427447438240051
543,80,656.8316040039062,240.52549743652344,129.911376953125,139.75331115722656,0.7142826914787292
543,90,461.9646911621094,13.587800979614258,67.59030151367188,28.669248580932617,0.6276354789733887
544,87,335.915283203125,82.33663940429688,68.19195556640625,60.6151123046875,0.7539448142051697
544,80,660.0173950195312,253.91470336914062,134.28314208984375,145.33462524414062,0.6491537094116211
544,90,458.5304870605469,13.594962120056152,73.38803100585938,31.465991973876953,0.608302116394043
545,87,331.4512634277344,85.92876434326172,69.88003540039062,62.282020568847656,0.6982764005661011
545,80,663.1812744140625,268.0267639160156,140.70745849609375,153.42144775390625,0.6848213076591492
545,90,456.1953430175781,13.682807922363281,77.28854370117188,33.61539840698242,0.5920172333717346
546,87,328.0609130859375,89.66046142578125,70.64239501953125,63.25868225097656,0.7848107218742371
546,80,667.1563110351562,282.99072265625,148.6043701171875,163.17718505859375,0.6518235802650452
546,90,454.43389892578125,14.353914260864258,80.07696533203125,35.42420196533203,0.5969868898391724
547,87,324.35247802734375,93.69657135009766,70.76251220703125,63.47032928466797,0.8048486113548279
547,80,669.7636108398438,298.1705322265625,158.58624267578125,175.86843872070312,0.6722562909126282
547,90,453.00750732421875,14.290082931518555,81.98876953125,36.972190856933594,0.6211072206497192
548,87,319.7688293457031,96.42008209228516,73.35501098632812,66.1642837524414,0.6861702799797058
548,80,673.166748046875,315.6312255859375,168.1668701171875,188.28799438476562,0.6459635496139526
548,90,451.2104797363281,14.074113845825195,83.65615844726562,38.53007507324219,0.6423503160476685
549,87,314.554443359375,99.12213897705078,76.31341552734375,69.20349884033203,0.6920415163040161
549,80,678.0399780273438,332.7555236816406,175.61248779296875,197.94985961914062,0.49330511689186096
549,90,450.83209228515625,14.059629440307617,83.7376708984375,39.397361755371094,0.673130452632904
550,87,309.36181640625,101.8542251586914,78.35751342773438,71.38599395751953,0.7820857763290405
550,80,691.2808227539062,352.84893798828125,167.65960693359375,187.01934814453125,0.34616410732269287
550,90,447.60467529296875,13.439153671264648,88.42388916015625,42.712066650390625,0.658894956111908
551,87,305.2753601074219,105.18466186523438,79.31005859375,72.53054809570312,0.6568405628204346
551,80,705.5249633789062,373.5975646972656,156.21954345703125,166.40243530273438,0.43515291810035706
551,90,445.1554870605469,13.189558982849121,91.24966430664062,45.311805725097656,0.542824923992157
552,87,301.25286865234375,110.33636474609375,79.66769409179688,73.00221252441406,0.6087871193885803
552,90,444.913330078125,13.412956237792969,91.17449951171875,46.49443435668945,0.49592483043670654
553,87,296.8493957519531,115.13628387451172,79.42642211914062,72.8740463256836,0.6774014830589294
553,90,444.1120910644531,13.610023498535156,91.71005249023438,48.16143798828125,0.45743560791015625
553,80,733.3753662109375,423.6062316894531,120.18341064453125,116.39376831054688,0.43551018834114075
554,87,289.9416809082031,119.92908477783203,82.55731201171875,75.91065216064453,0.6391791105270386
554,90,442.7232666015625,13.643238067626953,93.3402099609375,50.45619583129883,0.5896316766738892
555,87,283.7772521972656,123.88379669189453,85.43304443359375,78.7879867553711,0.6331969499588013
555,90,441.0459899902344,13.923745155334473,95.25473022460938,53.033111572265625,0.6160988807678223
556,87,277.84979248046875,128.4139404296875,88.73095703125,82.17100524902344,0.7384436726570129
556,90,439.05157470703125,13.914947509765625,98.211669921875,56.42816162109375,0.5376796722412109
557,87,272.03656005859375,133.44252014160156,90.238525390625,83.97776794433594,0.6310691833496094
557,90,438.25701904296875,14.15046501159668,98.4581298828125,58.29151153564453,0.5688638091087341
558,87,266.14324951171875,138.64076232910156,91.34011840820312,85.09759521484375,0.6799449920654297
558,90,436.63812255859375,14.277697563171387,99.907470703125,61.022159576416016,0.45847514271736145
559,87,259.1007080078125,143.1302490234375,94.99713134765625,88.96452331542969,0.65263432264328
559,90,435.7703552246094,14.329049110412598,100.29544067382812,63.15033721923828,0.4653160572052002
560,87,253.55123901367188,150.05184936523438,95.75762939453125,89.68989562988281,0.6207857131958008
560,90,434.0885314941406,14.430573463439941,101.35043334960938,65.85281372070312,0.3547724783420563
561,87,247.7541961669922,156.97532653808594,96.07539367675781,89.86393737792969,0.4338139295578003
562,87,239.06468200683594,163.9253387451172,98.86219787597656,92.36753845214844,0.5288515686988831
562,90,430.58184814453125,14.694814682006836,106.05889892578125,71.34516906738281,0.343712717294693
563,87,230.78713989257812,170.08421325683594,103.09478759765625,96.38975524902344,0.6800705790519714
563,90,430.0276794433594,15.037827491760254,105.04263305664062,72.93809509277344,0.471805214881897
564,87,221.8008270263672,176.64683532714844,106.02018737792969,99.19093322753906,0.6860642433166504
564,90,426.5702209472656,14.94298267364502,107.64596557617188,77.13761138916016,0.42330601811408997
565,87,212.09275817871094,182.44711303710938,111.16502380371094,104.28964233398438,0.779433012008667
565,90,423.48724365234375,14.12276840209961,110.21710205078125,81.41975402832031,0.40425246953964233
566,87,202.83358764648438,190.62008666992188,113.98300170898438,107.08267211914062,0.629236102104187
566,90,421.0653381347656,14.100587844848633,113.08517456054688,86.1346206665039,0.41980868577957153
567,87,193.27664184570312,199.57723999023438,117.41827392578125,110.44406127929688,0.698657214641571
567,90,419.5785217285156,14.569890975952148,114.04653930664062,89.48491668701172,0.47193092107772827
568,87,182.12083435058594,207.73471069335938,122.25733947753906,115.17193603515625,0.7641541957855225
568,90,418.7359924316406,14.484919548034668,114.68447875976562,92.48526000976562,0.4673267602920532
569,87,170.6549835205078,215.8960418701172,127.85588073730469,120.78742980957031,0.6184888482093811
569,90,416.97625732421875,14.89510726928711,115.74786376953125,95.78125,0.4445892572402954
569,96,430.6341552734375,14.973821640014648,88.03363037109375,96.82077026367188,0.3683460056781769
570,87,158.13792419433594,225.62777709960938,131.93055725097656,124.8809814453125,0.6935133337974548
570,96,426.2719421386719,16.684904098510742,91.72213745117188,100.94707489013672,0.32416123151779175
571,87,145.56307983398438,235.49908447265625,136.35397338867188,128.93402099609375,0.6799843907356262
571,96,422.88116455078125,17.23649024963379,94.76202392578125,104.46704864501953,0.33006662130355835
572,87,132.1747589111328,244.96778869628906,143.3500518798828,135.83094787597656,0.7437462210655212
572,96,418.6439208984375,16.495588302612305,99.64068603515625,110.35108184814453,0.33547624945640564
573,87,117.08465576171875,255.82608032226562,149.4749755859375,141.626953125,0.8245408535003662
573,96,415.2520751953125,15.61487102508545,104.04534912109375,116.09873962402344,0.45053502917289734
574,87,95.57560729980469,267.80029296875,156.59056091308594,146.85488891601562,0.7671694755554199
574,96,413.398681640625,15.493560791015625,106.01861572265625,119.2529296875,0.40230244398117065
575,87,80.89904022216797,277.35821533203125,166.67257690429688,156.94412231445312,0.8074376583099365
575,96,410.6661071777344,15.85463809967041,108.76846313476562,123.5448989868164,0.36014655232429504
576,87,61.332427978515625,285.6325378417969,180.22039794921875,171.04229736328125,0.8078097105026245
577,87,45.20667266845703,303.8486633300781,184.55825805664062,175.50991821289062,0.6387237310409546
577,96,404.16943359375,16.521162033081055,115.25396728515625,132.51968383789062,0.2967909574508667
578,87,24.105634689331055,319.6948547363281,193.61892700195312,184.91265869140625,0.7785921096801758
578,96,400.52288818359375,16.024463653564453,119.23260498046875,139.22784423828125,0.36378681659698486
579,87,5.184842586517334,337.6502990722656,200.49928283691406,192.21389770507812,0.8286177515983582
580,87,0.0,354.38812255859375,190.76817321777344,184.97271728515625,0.5546994805335999
580,106,404.93414306640625,14.184823989868164,103.25656127929688,58.19990539550781,0.3862955868244171
581,87,0.0,373.9064025878906,174.20164489746094,166.09359741210938,0.6813788414001465
581,106,402.0560607910156,14.619329452514648,106.61575317382812,60.17192077636719,0.38300445675849915
582,87,0.0,393.2386474609375,157.01046752929688,146.7613525390625,0.6205737590789795
582,96,385.19500732421875,15.483318328857422,136.6708984375,162.53518676757812,0.2929072976112366
583,87,0.0,416.2825012207031,135.62628173828125,123.71749877929688,0.6151151657104492
584,96,376.9020690917969,15.326567649841309,145.01351928710938,175.12322998046875,0.2847248315811157
586,96,377.353759765625,50.5626220703125,127.91043090820312,153.9599609375,0.36431360244750977
587,96,366.91827392578125,29.344362258911133,149.01348876953125,182.73052978515625,0.5802786350250244
588,96,361.3123474121094,25.66392707824707,156.77835083007812,195.5154571533203,0.7361244559288025
589,96,355.7530517578125,24.704944610595703,162.14349365234375,205.01531982421875,0.7578962445259094
590,96,350.2528381347656,26.534191131591797,166.48367309570312,212.88160705566406,0.6723825335502625
591,96,344.6383972167969,33.54726791381836,166.58181762695312,216.17657470703125,0.41294875741004944
592,96,341.0093078613281,34.184104919433594,170.47329711914062,223.23855590820312,0.6695405840873718
593,96,337.24169921875,35.92842483520508,174.77301025390625,231.46302795410156,0.7908223271369934
594,96,329.501220703125,38.23587417602539,180.07748413085938,240.59909057617188,0.7245460748672485
595,96,323.7197265625,41.72173309326172,185.1358642578125,250.09140014648438,0.8503002524375916
596,96,319.33917236328125,45.52056884765625,188.6539306640625,257.6861572265625,0.7830026149749756
597,96,310.08221435546875,49.54102325439453,195.58309936523438,269.0404968261719,0.8437607884407043
598,96,302.2333679199219,53.78007888793945,201.97817993164062,280.0943908691406,0.8502572178840637
599,96,294.4266662597656,57.94078826904297,207.65200805664062,289.7584228515625,0.8824470639228821
600,96,288.8680114746094,62.01495361328125,214.55715942382812,302.6303405761719,0.9004744291305542
601,96,279.69146728515625,66.13554382324219,223.67340087890625,318.8753662109375,0.8868452310562134
602,96,264.6947021484375,70.43370056152344,233.66876220703125,334.24200439453125,0.8250430822372437
603,96,254.54193115234375,76.67656707763672,241.59957885742188,347.3964538574219,0.8378846645355225
604,96,244.26998901367188,82.01898956298828,251.0400390625,363.1159973144531,0.8434349894523621
605,96,228.3925323486328,87.77485656738281,262.8511962890625,381.35479736328125,0.7129396200180054
606,96,211.24925231933594,94.67132568359375,276.6722412109375,401.3356628417969,0.7052890658378601
625,124,430.43212890625,15.256336212158203,34.125274658203125,15.226119995117188,0.5241498947143555
626,124,426.6864013671875,14.57931900024414,38.474853515625,17.21629524230957,0.5897486805915833
627,124,423.3077392578125,14.137462615966797,42.696319580078125,19.22308349609375,0.649351954460144
628,124,420.215087890625,13.906851768493652,45.938323974609375,20.860576629638672,0.6545596718788147
629,124,418.6101379394531,14.411980628967285,47.77874755859375,21.961517333984375,0.7645522356033325
630,124,417.1650695800781,14.895650863647461,48.58221435546875,22.641454696655273,0.7587103843688965
630,130,501.294189453125,14.179834365844727,45.3695068359375,16.814210891723633,0.35948094725608826
631,124,413.771484375,14.927397727966309,51.98187255859375,24.689987182617188,0.8007426261901855
631,130,499.1607971191406,13.746517181396484,49.024200439453125,18.215036392211914,0.4255434274673462
632,124,411.056396484375,14.803190231323242,54.9771728515625,26.679746627807617,0.7878038883209229
632,130,497.6296081542969,13.631046295166016,51.983062744140625,19.401020050048828,0.5280362367630005
633,124,409.3315124511719,14.769623756408691,56.09320068359375,27.875022888183594,0.7428591847419739
633,130,496.3016357421875,13.582154273986816,54.4608154296875,20.47760009765625,0.42102447152137756
634,124,406.6954650878906,14.510576248168945,58.33599853515625,29.795602798461914,0.7005239725112915
634,130,494.8076477050781,13.49699878692627,55.970977783203125,21.265716552734375,0.5014767646789551
635,124,404.1492004394531,14.543617248535156,60.62109375,31.87502670288086,0.6991007924079895
635,130,492.8446044921875,13.163019180297852,60.25030517578125,23.22553062438965,0.6415061950683594
636,124,401.9527282714844,14.59368896484375,62.09466552734375,33.726165771484375,0.6964734792709351
636,130,490.614990234375,13.150498390197754,63.52972412109375,24.93552017211914,0.6745314002037048
637,124,400.72601318359375,15.3063383102417,61.973785400390625,34.806884765625,0.7259310483932495
637,130,489.4846496582031,13.51641845703125,64.79965209960938,25.960323333740234,0.6551408171653748
638,124,397.8345642089844,14.293634414672852,64.39108276367188,37.39214324951172,0.6895390152931213
638,130,488.6955261230469,13.813867568969727,66.33560180664062,27.18451499938965,0.6057464480400085
639,124,396.0050048828125,14.388421058654785,64.88693237304688,39.05975341796875,0.616303026676178
639,130,488.0668029785156,13.85621166229248,67.09500122070312,28.154006958007812,0.582613468170166
640,124,393.91632080078125,14.464123725891113,66.14920043945312,41.3496208190918,0.5501936674118042
640,130,485.37530517578125,13.64075756072998,71.22186279296875,30.782176971435547,0.5224965214729309
641,124,393.1491394042969,14.594191551208496,65.64505004882812,42.59222412109375,0.4881051182746887
641,130,483.919921875,13.506773948669434,73.5125732421875,32.74462127685547,0.6120578646659851
642,124,391.12384033203125,14.647167205810547,66.15402221679688,44.553104400634766,0.7262017130851746
642,130,480.6334228515625,13.32276725769043,75.37347412109375,34.91082000732422,0.6056578159332275
643,124,389.0811462402344,14.73964786529541,66.87509155273438,46.77584457397461,0.704873263835907
643,130,478.1050720214844,13.49211311340332,76.33749389648438,36.726707458496094,0.6198430061340332
644,124,387.7032165527344,14.624876976013184,67.48147583007812,49.09345245361328,0.6525275111198425
644,130,476.9414367675781,14.208783149719238,76.17050170898438,38.02960968017578,0.6600927710533142
644,134,581.2276000976562,13.400688171386719,46.1781005859375,11.54881477355957,0.5351603627204895
645,124,385.9177551269531,14.57826042175293,68.07196044921875,51.30219268798828,0.6903305649757385
645,130,476.4118957519531,14.791969299316406,76.19119262695312,39.420372009277344,0.690871000289917
645,134,579.89453125,13.914534568786621,50.58514404296875,12.703825950622559,0.5581063628196716
646,124,383.87384033203125,14.323735237121582,68.9034423828125,53.90864944458008,0.6837748885154724
646,130,475.6285400390625,15.690258979797363,76.80194091796875,41.22248077392578,0.7302032709121704
646,134,577.12646484375,14.267356872558594,57.03179931640625,14.454238891601562,0.5784423351287842
647,124,382.4184265136719,14.712966918945312,68.81051635742188,55.83881378173828,0.695436418056488
647,130,474.061279296875,15.810309410095215,78.666259765625,43.852256774902344,0.7135177850723267
647,134,574.777587890625,13.750046730041504,62.4935302734375,16.04334259033203,0.5665788054466248
648,124,380.7633972167969,15.573857307434082,68.73373413085938,57.720088958740234,0.7862968444824219
648,130,473.32232666015625,16.334264755249023,77.8387451171875,45.22674560546875,0.769199788570404
648,134,572.8929443359375,13.737217903137207,67.9837646484375,17.767784118652344,0.6107649803161621
649,124,379.61737060546875,17.233123779296875,67.30218505859375,58.36720275878906,0.7361398339271545
649,130,474.2138366699219,18.641706466674805,73.86935424804688,44.511817932128906,0.7955650091171265
649,134,571.8290405273438,13.982352256774902,72.32568359375,19.327030181884766,0.6423680782318115
650,124,377.85186767578125,18.919939041137695,67.26104736328125,60.12178039550781,0.754461944103241
650,130,475.3574523925781,21.319196701049805,69.92666625976562,43.60535430908203,0.7302126288414001
650,134,569.5426025390625,14.135160446166992,78.8917236328125,21.718473434448242,0.6718726754188538
651,124,376.3888244628906,20.22555923461914,66.02175903320312,60.75820541381836,0.7400793433189392
651,130,476.0920104980469,24.194580078125,67.15719604492188,43.230918884277344,0.800302267074585
651,134,568.3780517578125,14.435954093933105,82.759765625,23.519485473632812,0.7099278569221497
652,124,375.2052307128906,22.07399559020996,65.2301025390625,61.65678405761719,0.7180614471435547
652,130,475.2224426269531,25.957096099853516,67.81759643554688,45.05735397338867,0.8115378022193909
652,134,567.0821533203125,14.520515441894531,86.9136962890625,25.59756088256836,0.6710673570632935
653,124,374.0140380859375,23.86262321472168,64.77456665039062,62.74005126953125,0.6723331809043884
653,130,473.5505065917969,27.22496223449707,69.66043090820312,47.66864776611328,0.8281675577163696
653,134,567.8151245117188,15.52834415435791,87.10125732421875,26.618606567382812,0.6869397163391113
654,124,372.0723571777344,25.86516761779785,64.16256713867188,63.730934143066406,0.5432977676391602
654,130,473.8185729980469,29.207767486572266,68.33236694335938,47.976924896240234,0.844608724117279
654,134,567.3499755859375,15.756543159484863,90.19195556640625,28.692489624023438,0.7129592895507812
655,124,369.9726257324219,27.84123992919922,64.10498046875,65.1664810180664,0.7393164038658142
655,130,472.757080078125,30.706714630126953,69.1541748046875,49.731624603271484,0.8292801380157471
655,134,567.9020385742188,16.268861770629883,90.495361328125,30.02106285095215,0.7170455455780029
656,124,368.22607421875,30.607797622680664,62.835205078125,65.1205825805664,0.721965491771698
656,130,472.5365905761719,32.95066833496094,68.70370483398438,50.31749725341797,0.8155338168144226
656,134,565.4144287109375,15.103410720825195,96.33648681640625,33.478111267089844,0.7524089813232422
657,124,366.24114990234375,32.9404411315918,63.06640625,66.61746215820312,0.6635895371437073
657,130,471.94122314453125,35.19479751586914,68.44287109375,50.94247817993164,0.8291381001472473
657,134,564.3851928710938,14.648066520690918,101.12744140625,36.919273376464844,0.8847382068634033
658,124,364.78546142578125,37.426719665527344,60.7713623046875,65.20267486572266,0.6731201410293579
658,130,472.0775146484375,37.58210754394531,66.9150390625,50.41571044921875,0.7924350500106812
658,134,565.7965698242188,14.607632637023926,101.3670654296875,38.892242431640625,0.8786049485206604
659,124,362.7348937988281,38.7153205871582,60.918243408203125,66.35150146484375,0.7492170929908752
659,130,470.87298583984375,39.40950012207031,67.7664794921875,51.96490478515625,0.7634692788124084
659,134,566.0897827148438,14.704745292663574,103.2376708984375,41.62899398803711,0.8672386407852173
660,124,359.8470153808594,40.69821548461914,61.81805419921875,68.23410034179688,0.7607073783874512
660,130,470.36163330078125,42.357357025146484,67.6754150390625,52.79204177856445,0.6132288575172424
660,134,568.2882080078125,15.573016166687012,101.13446044921875,42.78520965576172,0.8544005751609802
660,139,363.0611572265625,39.751338958740234,55.289031982421875,69.25868225097656,0.4953962564468384
661,124,357.6260681152344,42.45065689086914,62.444091796875,69.96151733398438,0.3596206307411194
661,130,468.5612487792969,45.18698501586914,67.88992309570312,53.9575309753418,0.6630600690841675
661,134,570.2474975585938,16.376728057861328,99.8978271484375,44.260009765625,0.8045442700386047
661,139,360.3424072265625,43.51426315307617,55.549652099609375,69.6461181640625,0.5823836326599121
662,130,467.4675598144531,47.26210403442383,66.74954223632812,54.015743255615234,0.7123982906341553
662,134,571.9010620117188,18.370882034301758,97.85064697265625,45.40117645263672,0.7578366994857788
662,139,358.3354187011719,46.65874099731445,54.8348388671875,68.69685363769531,0.7299174070358276
663,130,466.2939147949219,50.29060363769531,65.54867553710938,53.85087585449219,0.6942917704582214
663,134,574.4461059570312,20.913785934448242,93.76519775390625,45.43113708496094,0.764434814453125
663,139,354.8097839355469,48.79112243652344,56.607940673828125,70.97187805175781,0.7095473408699036
664,130,464.8861083984375,52.9507942199707,65.5771484375,54.73946762084961,0.6839750409126282
664,134,575.8580322265625,23.38507652282715,91.86187744140625,46.470863342285156,0.7438005805015564
664,139,351.3111877441406,51.32509231567383,58.102203369140625,72.89112854003906,0.5864590406417847
665,130,463.9945373535156,55.901466369628906,65.69845581054688,55.544700622558594,0.7393169403076172
665,134,577.9930419921875,25.58553123474121,89.6590576171875,47.280029296875,0.766990065574646
665,139,348.78326416015625,53.2695198059082,59.47662353515625,74.672607421875,0.5493447780609131
665,124,347.2024841308594,53.068870544433594,65.08917236328125,73.99777221679688,0.3354567289352417
666,130,462.96429443359375,58.82278823852539,65.5162353515625,55.97549057006836,0.7215958833694458
666,134,579.7080078125,27.513853073120117,87.8719482421875,48.201759338378906,0.795580267906189
667,130,460.87060546875,61.56197738647461,67.370361328125,58.516544342041016,0.7291370630264282
667,134,581.6717529296875,30.299840927124023,86.04693603515625,49.00457763671875,0.7546998262405396
667,124,341.5181884765625,59.36276626586914,65.430908203125,74.96730041503906,0.6307122707366943
668,130,459.3248291015625,64.44810485839844,67.8360595703125,59.74793243408203,0.866539478302002
668,134,583.2301025390625,32.581634521484375,84.88177490234375,50.10382843017578,0.7988095879554749
668,140,338.5350036621094,61.52661895751953,62.491241455078125,76.77083587646484,0.39197057485580444
668,124,337.5841064453125,61.54199981689453,67.02633666992188,77.8080825805664,0.39546406269073486
669,130,458.1612548828125,67.08908081054688,68.03802490234375,60.72905731201172,0.8726192116737366
669,134,585.5709838867188,35.04454803466797,83.7821044921875,51.04485321044922,0.7913033962249756
669,140,333.0472717285156,64.37468719482422,65.74993896484375,80.87702178955078,0.5101061463356018
669,124,333.83349609375,64.44992065429688,68.0625,79.95701599121094,0.3474408984184265
670,130,456.3984069824219,70.62417602539062,68.05203247070312,61.31053161621094,0.7688083052635193
670,134,587.6553344726562,37.21996307373047,82.51922607421875,51.76422882080078,0.820995032787323
671,130,454.75604248046875,73.244140625,68.64434814453125,62.49180603027344,0.7029121518135071
671,134,588.302001953125,39.63698196411133,82.7821044921875,53.57554244995117,0.7398850321769714
671,124,326.4712829589844,71.20903778076172,68.02877807617188,79.95378875732422,0.7266708016395569
672,130,452.6193542480469,76.44023895263672,70.20571899414062,64.67960357666016,0.6444600820541382
672,134,589.73974609375,43.07958221435547,81.3216552734375,54.20838928222656,0.775485634803772
672,124,322.6282653808594,73.4990005493164,70.60122680664062,83.56029510498047,0.5834493041038513
673,130,451.3523254394531,80.57196044921875,70.17251586914062,65.24197387695312,0.6808186769485474
673,134,590.72412109375,45.696624755859375,80.36614990234375,55.20648193359375,0.7753032445907593
673,124,319.03619384765625,77.22562408447266,70.98391723632812,84.27954864501953,0.6666169762611389
674,130,449.8393249511719,83.6316146850586,70.80245971679688,66.40937042236328,0.7350003719329834
674,134,592.163818359375,48.80350875854492,79.47650146484375,55.99568557739258,0.6539379954338074
674,124,315.3150939941406,81.13603973388672,72.51931762695312,86.5534896850586,0.6287885904312134
675,130,449.1867980957031,87.13780212402344,70.29031372070312,66.27012634277344,0.6895385980606079
675,134,593.9544067382812,52.267391204833984,78.50738525390625,56.70359420776367,0.6833796501159668
675,124,311.8104553222656,84.28520965576172,73.82290649414062,88.57804107666016,0.43256282806396484
676,130,446.5166015625,90.60426330566406,72.68609619140625,69.21247863769531,0.6693023443222046
676,134,596.0734252929688,55.869850158691406,77.00390625,56.89966583251953,0.7413693070411682
676,124,306.9423828125,88.4162368774414,73.87445068359375,88.67357635498047,0.35302338004112244
677,130,443.32568359375,94.39111328125,75.2738037109375,72.41165161132812,0.6703705787658691
677,134,597.6620483398438,59.1628532409668,77.25457763671875,58.375972747802734,0.6780655384063721
677,124,301.4675598144531,92.5605697631836,75.38998413085938,90.8442153930664,0.5316584706306458
678,130,440.9584045410156,98.00536346435547,77.28030395507812,75.0748519897461,0.7068430185317993
678,134,599.3505249023438,62.90449142456055,76.75531005859375,59.1265983581543,0.6969248652458191
678,124,297.3337097167969,96.81013488769531,76.19662475585938,91.74383544921875,0.6204107403755188
679,130,439.5794372558594,102.328369140625,77.04025268554688,75.23675537109375,0.6739096641540527
679,134,600.5450439453125,66.68142700195312,75.6685791015625,59.34624481201172,0.7195351123809814
679,124,290.2596740722656,101.18196105957031,77.35513305664062,92.43447875976562,0.5752292275428772
680,130,437.8651123046875,106.6001205444336,78.15826416015625,76.83521270751953,0.7097603678703308
680,134,601.0853881835938,69.72469329833984,76.91534423828125,61.39862823486328,0.6984787583351135
680,124,283.4371643066406,105.08975982666016,80.94488525390625,96.42029571533203,0.6965702176094055
681,130,435.7209167480469,110.89105987548828,80.01895141601562,79.0541763305664,0.672245979309082
681,134,601.5764770507812,73.42903900146484,77.5684814453125,62.770164489746094,0.7391854524612427
681,124,279.78863525390625,109.34467315673828,82.08584594726562,97.3826675415039,0.670368492603302
682,130,432.47003173828125,115.420166015625,81.650146484375,81.06251525878906,0.6453689932823181
682,134,602.3899536132812,77.284423828125,78.66864013671875,64.69952392578125,0.8137069940567017
682,124,274.7222595214844,113.83332824707031,84.83224487304688,100.75169372558594,0.7199063301086426
683,130,430.11651611328125,120.22379302978516,81.2430419921875,80.87749481201172,0.6269862055778503
683,134,603.6879272460938,81.56277465820312,79.26287841796875,66.06533813476562,0.8234850764274597
683,124,269.766845703125,118.86914825439453,85.50851440429688,101.39373016357422,0.6615433096885681
684,130,427.16314697265625,125.14740753173828,82.61383056640625,82.72061920166016,0.7524256706237793
684,134,605.256591796875,85.49946594238281,79.66632080078125,67.17576599121094,0.8299263715744019
684,124,264.2900085449219,123.41232299804688,87.94598388671875,104.00679016113281,0.7569223046302795
685,130,424.5950927734375,130.3129425048828,83.61752319335938,84.35011291503906,0.6291847229003906
685,134,605.783447265625,89.47712707519531,81.13861083984375,69.22149658203125,0.8127565979957581
685,124,257.1277770996094,128.18209838867188,91.16888427734375,107.70687866210938,0.7319761514663696
686,130,422.5782775878906,135.10874938964844,83.96258544921875,84.99534606933594,0.638588547706604
686,134,606.2577514648438,93.67523193359375,82.9351806640625,71.84559631347656,0.7575345039367676
686,124,250.22235107421875,133.36190795898438,92.764892578125,109.63961791992188,0.6460586786270142
687,130,418.4570617675781,140.88693237304688,86.14935302734375,87.81275939941406,0.7693822979927063
687,134,607.6734008789062,98.34905242919922,82.861572265625,72.46219635009766,0.7962886095046997
687,124,242.3496856689453,137.79434204101562,96.27870178222656,113.99476623535156,0.7650806903839111
688,130,415.3581237792969,146.42628479003906,88.31350708007812,90.42997741699219,0.6554773449897766
688,134,608.8400268554688,103.2588119506836,83.36297607421875,73.60887908935547,0.7517622113227844
688,124,234.51553344726562,142.5292205810547,99.712158203125,118.35292053222656,0.714961051940918
689,130,413.0823669433594,152.22406005859375,89.27362060546875,91.67091369628906,0.678398072719574
689,134,609.5103149414062,107.12360382080078,86.796142578125,77.43172454833984,0.7615019679069519
689,124,226.58998107910156,150.04771423339844,101.74137878417969,121.02586364746094,0.7642064690589905
690,130,408.9684753417969,158.1934814453125,91.82742309570312,94.48646545410156,0.7846360206604004
690,134,611.4829711914062,113.1861343383789,87.40069580078125,78.5389633178711,0.7514223456382751
690,124,219.15794372558594,157.06356811523438,103.13304138183594,122.42529296875,0.7595535516738892
691,130,404.9203186035156,164.48876953125,94.5767822265625,97.64712524414062,0.8349499702453613
691,134,612.2724609375,118.836181640625,88.8856201171875,80.49822998046875,0.8070601224899292
691,124,210.162109375,163.46617126464844,106.38458251953125,126.13233947753906,0.74408358335495
692,130,401.15673828125,170.40443420410156,97.67514038085938,101.28202819824219,0.8576517105102539
692,134,613.8479614257812,124.95807647705078,90.773681640625,83.02938079833984,0.7887526154518127
692,124,201.22340393066406,170.60208129882812,109.35545349121094,129.59426879882812,0.7260454893112183
693,130,396.7557678222656,176.931396484375,100.715576171875,105.05133056640625,0.8230176568031311
693,134,613.7750244140625,130.46270751953125,93.15789794921875,85.86541748046875,0.7147855162620544
693,124,192.0995635986328,177.57835388183594,113.63417053222656,134.78492736816406,0.5400830507278442
694,130,392.0028991699219,184.24415588378906,103.10476684570312,107.95021057128906,0.7811984419822693
694,134,614.220947265625,136.20826721191406,95.96807861328125,89.13945007324219,0.7779884934425354
694,124,182.63389587402344,184.83602905273438,117.63218688964844,139.64694213867188,0.7141382694244385
695,130,387.50982666015625,191.7523193359375,105.83981323242188,111.27255249023438,0.8242405652999878
695,134,614.894775390625,143.12371826171875,98.61810302734375,92.06011962890625,0.7975666522979736
695,124,171.4832305908203,192.33656311035156,121.27357482910156,144.2107391357422,0.6480133533477783
696,130,380.7835693359375,199.619873046875,110.08877563476562,116.10940551757812,0.7965761423110962
696,134,616.8842163085938,149.98936462402344,101.3267822265625,94.95143127441406,0.8109232187271118
696,124,160.72409057617188,201.56553649902344,124.08261108398438,147.2965545654297,0.755298376083374
697,130,375.2126770019531,207.4719696044922,115.04977416992188,121.84403991699219,0.8773608207702637
697,134,617.5164794921875,156.58895874023438,105.34429931640625,99.37461853027344,0.8156573176383972
697,124,147.56314086914062,209.9687042236328,129.32159423828125,153.4357147216797,0.7511422634124756
698,130,370.4154357910156,215.209228515625,119.07986450195312,126.89736938476562,0.8687386512756348
698,134,618.9196166992188,164.6625518798828,107.8277587890625,102.35487365722656,0.8416146636009216
698,124,135.31915283203125,218.71278381347656,134.14065551757812,158.9871063232422,0.7630862593650818
699,130,365.3301696777344,224.25473022460938,122.59466552734375,131.45388793945312,0.8602160811424255
699,134,620.1622924804688,172.54327392578125,111.9053955078125,107.19668579101562,0.832463800907135
699,124,121.60179901123047,228.1779327392578,139.67221069335938,165.4197540283203,0.5554514527320862
700,130,359.7706604003906,234.44427490234375,126.24087524414062,135.85211181640625,0.8318500518798828
700,134,621.0784301757812,180.9938201904297,115.702392578125,111.62190246582031,0.7860556244850159
700,124,103.8466567993164,238.81446838378906,145.13800048828125,170.4698944091797,0.5159650444984436
701,130,353.4623107910156,243.74298095703125,132.42791748046875,143.03909301757812,0.8308596014976501
701,134,622.3466186523438,189.87026977539062,120.5609130859375,117.2410888671875,0.7910419702529907
701,124,89.05430603027344,249.3852996826172,154.21946716308594,179.56068420410156,0.6443145275115967
702,130,347.13079833984375,254.0681610107422,136.72525024414062,148.3072967529297,0.7785976529121399
702,134,624.2237548828125,199.4443817138672,124.37713623046875,121.93354797363281,0.7943059802055359
703,130,340.0592346191406,264.35333251953125,143.50930786132812,156.42678833007812,0.7517070770263672
703,134,625.038818359375,208.99485778808594,129.71600341796875,128.3555145263672,0.8106077909469604
703,124,54.110389709472656,273.493896484375,168.57125854492188,196.3966064453125,0.32761093974113464
704,130,329.2734375,274.60919189453125,149.98757934570312,165.03219604492188,0.8162438869476318
704,134,625.4287719726562,217.98907470703125,136.3662109375,136.4110107421875,0.7750855088233948
705,130,318.6192932128906,284.7375183105469,157.92788696289062,176.125244140625,0.6929829716682434
705,134,626.4345092773438,228.91404724121094,142.9705810546875,144.4048309326172,0.81703782081604
706,130,308.6735534667969,298.65185546875,163.82159423828125,184.94705200195312,0.7532563209533691
706,134,626.9990844726562,240.192138671875,149.151611328125,152.03073120117188,0.8134073615074158
707,130,298.5939636230469,312.1121826171875,171.33657836914062,195.72348022460938,0.7436337471008301
707,134,628.3833618164062,252.11439514160156,157.2442626953125,162.14418029785156,0.7798051238059998
707,146,536.00048828125,13.98275375366211,49.4013671875,21.627887725830078,0.41726312041282654
707,124,1.2257062196731567,330.9571228027344,172.9134521484375,201.88040161132812,0.38743793964385986
708,130,289.203857421875,327.25299072265625,176.46450805664062,203.58599853515625,0.7623357772827148
708,134,629.0280151367188,264.0242919921875,166.1912841796875,173.4293212890625,0.7328118681907654
708,146,535.134765625,14.988688468933105,52.613037109375,23.112560272216797,0.37109190225601196
709,130,283.41851806640625,341.6158447265625,172.408203125,198.3841552734375,0.7567376494407654
709,134,631.502685546875,277.91021728515625,174.9683837890625,185.36343383789062,0.6996251344680786
709,146,533.36474609375,14.63510799407959,58.09796142578125,25.711708068847656,0.6160312294960022
710,130,279.78826904296875,357.6044006347656,163.73648071289062,182.39559936523438,0.6226605772972107
710,134,633.697998046875,292.9023132324219,183.8450927734375,197.7244873046875,0.7296317219734192
710,146,532.3505859375,14.52753734588623,61.23712158203125,27.403079986572266,0.6084838509559631
711,130,279.24365234375,376.043212890625,152.06192016601562,163.956787109375,0.7374221086502075
711,134,636.2437133789062,308.4001159667969,194.71820068359375,212.59768676757812,0.6780778169631958
711,146,530.9963989257812,14.53355598449707,64.31097412109375,29.201589584350586,0.6024163365364075
712,130,277.7942810058594,394.6031799316406,140.92630004882812,145.39682006835938,0.5717577338218689
712,134,645.4944458007812,325.7583923339844,192.657958984375,211.50271606445312,0.5608641505241394
712,146,528.9689331054688,14.158498764038086,68.1993408203125,31.563081741333008,0.6757221817970276
713,130,282.45880126953125,416.1146240234375,126.73715209960938,123.8853759765625,0.5354039669036865
713,134,659.143310546875,344.2071228027344,182.95440673828125,195.79287719726562,0.39931535720825195
713,146,526.5560302734375,13.849703788757324,72.3155517578125,34.2585334777832,0.6992666125297546
714,130,288.5703430175781,438.8625793457031,109.85382080078125,101.13742065429688,0.4469369053840637
714,134,673.9483032226562,365.352294921875,168.2943115234375,174.647705078125,0.6692816615104675
714,146,526.892822265625,14.464898109436035,70.163818359375,33.984153747558594,0.6555492281913757
715,130,295.4234619140625,464.3011474609375,91.52304077148438,75.6988525390625,0.4510417580604553
715,134,687.1666870117188,388.716552734375,151.7916259765625,151.283447265625,0.5013096332550049
715,146,525.1898803710938,14.770732879638672,73.5167236328125,36.5844841003418,0.6991547346115112
716,134,698.0975952148438,413.9410400390625,134.6268310546875,126.0589599609375,0.5129241943359375
716,146,524.4691162109375,14.710742950439453,75.78778076171875,38.976802825927734,0.6269578337669373
717,134,710.9131469726562,442.2583923339844,113.65130615234375,97.74160766601562,0.3605387210845947
717,146,525.5275268554688,15.664508819580078,72.284912109375,38.32063293457031,0.5741093754768372
718,146,524.7544555664062,17.83778190612793,75.1412353515625,41.14171600341797,0.5892797112464905
719,146,525.0999755859375,19.750102996826172,74.89752197265625,42.323020935058594,0.601703941822052
720,146,527.0827026367188,22.610809326171875,70.72784423828125,41.15401077270508,0.6122532486915588
721,146,527.5698852539062,24.840784072875977,69.9051513671875,41.87549591064453,0.5376497507095337
722,146,526.8414306640625,27.022794723510742,69.61114501953125,42.91627502441406,0.5455084443092346
723,146,524.863525390625,29.70340919494629,72.30523681640625,45.909568786621094,0.6091595888137817
724,146,525.624755859375,31.953115463256836,72.1336669921875,47.20082092285156,0.5864157676696777
725,146,528.241455078125,34.61746597290039,69.18096923828125,46.3103141784668,0.5717673301696777
726,146,526.8487548828125,37.43964767456055,70.26025390625,47.913639068603516,0.6503890156745911
727,146,526.800537109375,39.715171813964844,70.67364501953125,49.21776580810547,0.6425251364707947
728,146,528.7459106445312,42.51699447631836,68.2894287109375,48.52570724487305,0.5604782104492188
729,146,528.7527465820312,44.52006912231445,68.93170166015625,50.1685676574707,0.46069028973579407
730,146,528.6450805664062,48.6137580871582,69.0841064453125,51.301212310791016,0.6797608733177185
731,146,529.63671875,51.04083251953125,67.644287109375,51.06773376464844,0.6787953972816467
732,146,528.352783203125,54.03683090209961,71.33026123046875,55.12210464477539,0.6856874823570251
733,146,527.7532348632812,56.01666259765625,72.70574951171875,57.45426940917969,0.7177416086196899
734,146,530.3538818359375,60.486968994140625,68.5885009765625,54.99340057373047,0.6918720006942749
735,146,529.235107421875,63.603187561035156,70.43035888671875,57.602455139160156,0.6745259165763855
736,146,528.1806640625,66.7041015625,72.54742431640625,60.473365783691406,0.6975257992744446
737,146,529.2998657226562,70.57831573486328,71.50482177734375,60.533363342285156,0.596703052520752
738,146,528.0980224609375,73.81781005859375,74.44976806640625,64.14474487304688,0.6064889430999756
739,146,528.4595336914062,77.41902160644531,73.3643798828125,64.1168212890625,0.7124502658843994
739,148,524.93505859375,13.050627708435059,40.03076171875,19.486549377441406,0.44485512375831604
740,146,526.0579833984375,80.44647979736328,77.736328125,69.36637115478516,0.7716246247291565
740,148,524.6869506835938,13.529777526855469,40.9317626953125,19.943862915039062,0.4729233384132385
741,146,527.3731079101562,84.6464614868164,75.16839599609375,67.99752044677734,0.6936563849449158
741,148,524.4900512695312,14.12757682800293,40.51763916015625,19.753835678100586,0.4203146994113922
742,146,528.0691528320312,87.6703109741211,73.47125244140625,67.14051055908203,0.5908096432685852
742,148,524.194091796875,14.221782684326172,41.87042236328125,20.44854736328125,0.43892842531204224
743,146,527.822998046875,91.71278381347656,74.56903076171875,68.93441772460938,0.6240615844726562
743,148,523.5243530273438,14.165581703186035,43.62969970703125,21.389049530029297,0.5759775042533875
744,146,526.6168823242188,96.8209457397461,76.77496337890625,71.98094940185547,0.6694796681404114
744,148,521.3583374023438,14.27945613861084,47.829345703125,23.692119598388672,0.4921376407146454
745,146,525.8257446289062,101.30338287353516,77.8831787109375,73.69792938232422,0.7332045435905457
745,148,519.191162109375,14.565790176391602,53.0198974609375,26.67698097229004,0.5194265842437744
746,146,525.39453125,105.58289337158203,78.51910400390625,75.27790069580078,0.6266542673110962
746,148,518.3162841796875,14.967377662658691,55.0284423828125,28.130367279052734,0.5902707576751709
747,146,524.3883056640625,110.5692138671875,80.94964599609375,78.58432006835938,0.6657285094261169
747,148,517.377197265625,14.912604331970215,57.36236572265625,29.872962951660156,0.6210227608680725
748,146,522.7770385742188,115.01887512207031,82.87896728515625,81.61492919921875,0.6924610137939453
748,148,516.1626586914062,15.5974760055542,60.32318115234375,32.11614227294922,0.5165632963180542
749,146,522.3922119140625,120.73681640625,83.6851806640625,83.295166015625,0.6379297375679016
749,148,514.7384033203125,15.480835914611816,63.31494140625,34.56228256225586,0.6877233982086182
750,146,521.8347778320312,126.27912902832031,84.043701171875,84.40286254882812,0.7248105406761169
750,148,512.5655517578125,14.594339370727539,68.1822509765625,38.320831298828125,0.8031865954399109
751,146,520.8456420898438,131.5771942138672,87.05572509765625,88.53738403320312,0.7001293301582336
751,148,512.308837890625,14.23762035369873,69.27313232421875,40.10141372680664,0.7986872792243958
752,146,520.1493530273438,138.60922241210938,88.69866943359375,91.17250061035156,0.7622896432876587
752,148,513.1690673828125,14.239667892456055,68.22088623046875,40.67317199707031,0.7887457609176636
753,146,519.0740356445312,145.45936584472656,91.12310791015625,94.69023132324219,0.7495601773262024
753,148,513.0177612304688,14.755913734436035,68.75189208984375,42.26056671142578,0.8069813847541809
754,146,518.5573120117188,151.2572479248047,91.27044677734375,95.56916809082031,0.7340351939201355
754,148,513.0281982421875,15.677631378173828,68.90203857421875,43.6218376159668,0.7339664697647095
755,146,516.2374267578125,157.14268493652344,95.56884765625,101.09269714355469,0.7629358768463135
755,148,512.6781005859375,16.717336654663086,69.6429443359375,45.48753356933594,0.7649982571601868
756,146,515.419189453125,166.13525390625,95.41546630859375,101.53842163085938,0.8161394596099854
756,148,512.6144409179688,17.917818069458008,70.1854248046875,47.215843200683594,0.7583858966827393
757,146,513.1980590820312,173.33404541015625,98.87823486328125,106.2689208984375,0.8127700686454773
757,148,513.8934936523438,20.55046272277832,67.67120361328125,46.69490051269531,0.7347588539123535
758,146,512.139892578125,180.30264282226562,101.17144775390625,109.796630859375,0.8158038258552551
758,148,514.1746826171875,23.028160095214844,67.92510986328125,48.13787078857422,0.7038260698318481
759,146,510.85882568359375,189.30975341796875,103.82470703125,113.7227783203125,0.7454065084457397
759,148,513.6442260742188,24.264135360717773,68.1778564453125,49.641563415527344,0.7383084297180176
760,146,509.91619873046875,197.9155731201172,105.60858154296875,116.50260925292969,0.7806626558303833
760,148,513.2588500976562,26.29612159729004,68.69580078125,51.37110137939453,0.7329609990119934
761,146,508.0726318359375,208.0081024169922,108.5198974609375,120.49205017089844,0.7944974303245544
761,148,514.1053466796875,28.97892189025879,67.32562255859375,51.490745544433594,0.7500724792480469
762,146,505.11614990234375,216.59664916992188,113.79656982421875,127.59963989257812,0.8028722405433655
762,148,515.137939453125,31.68086051940918,65.569580078125,51.141380310058594,0.7486358284950256
763,146,502.40411376953125,227.47117614746094,117.56365966796875,133.04222106933594,0.8030799627304077
763,148,515.1276245117188,33.730247497558594,66.2347412109375,52.806060791015625,0.7882034182548523
764,146,499.2264404296875,238.7892303466797,122.11163330078125,139.58836364746094,0.7283101677894592
764,148,514.5057373046875,34.75168228149414,67.8134765625,55.36758041381836,0.764859676361084
765,146,496.3155517578125,250.86158752441406,127.50433349609375,147.39854431152344,0.724727988243103
765,148,515.6743774414062,37.198909759521484,65.802734375,54.66877365112305,0.7618329524993896
766,146,492.60601806640625,262.11090087890625,133.99871826171875,156.9417724609375,0.7289934754371643
766,148,515.353759765625,39.64662170410156,66.931884765625,56.76066589355469,0.694666862487793
767,146,489.4016418457031,275.7908630371094,140.48446655273438,166.6124267578125,0.7626861929893494
767,148,514.9376831054688,41.41189193725586,67.912841796875,58.82888412475586,0.7000676393508911
768,146,484.1456604003906,287.8994140625,148.53286743164062,178.9373779296875,0.7757642269134521
768,148,515.7432250976562,43.875396728515625,66.9940185546875,59.06605529785156,0.6312866806983948
769,146,479.0473327636719,300.8105773925781,157.83779907226562,193.5223388671875,0.775521993637085
769,148,516.133056640625,46.23823928833008,67.0830078125,60.0634880065918,0.7284249067306519
770,146,474.1473693847656,315.29095458984375,167.33425903320312,209.22784423828125,0.7474656105041504
770,148,515.6746826171875,49.15442657470703,68.01922607421875,61.823585510253906,0.7198092341423035
771,146,475.0197448730469,331.9862365722656,163.00369262695312,205.78439331054688,0.6373061537742615
771,148,516.5145263671875,52.25273132324219,67.71405029296875,62.396942138671875,0.6512235999107361
772,146,478.0536193847656,347.3471374511719,155.44436645507812,192.65286254882812,0.5808829069137573
772,148,516.5953369140625,54.326377868652344,67.68853759765625,63.02849578857422,0.7050614953041077
773,146,483.8996887207031,368.10467529296875,142.60263061523438,171.89532470703125,0.6510061025619507
773,148,513.979736328125,56.242679595947266,71.819580078125,67.96662902832031,0.6922650337219238
774,146,490.52703857421875,389.9269104003906,129.46368408203125,150.07308959960938,0.6154605746269226
774,148,514.4177856445312,59.372459411621094,70.8607177734375,67.71029663085938,0.6910735964775085
775,146,497.5345764160156,413.9862976074219,114.19393920898438,126.01370239257812,0.37697136402130127
775,148,514.4488525390625,62.16452407836914,71.53839111328125,69.12806701660156,0.7433568835258484
776,148,514.571044921875,66.68181610107422,71.90704345703125,70.11467742919922,0.8201729655265808
777,148,515.4217529296875,70.46419525146484,70.67706298828125,69.34741973876953,0.7468475103378296
778,148,514.4852905273438,74.5931167602539,73.21502685546875,72.5916976928711,0.7401683330535889
779,148,514.5121459960938,77.63800048828125,72.6761474609375,72.54365539550781,0.7470785975456238
780,148,514.5203857421875,81.55506896972656,72.25,72.37808227539062,0.7244107127189636
781,148,513.428955078125,85.48565673828125,74.96673583984375,75.76106262207031,0.7658566832542419
782,148,511.38568115234375,90.15016174316406,77.840087890625,79.19404602050781,0.7344189286231995
783,148,509.8896179199219,94.15108489990234,79.69570922851562,81.56035614013672,0.7598416805267334
784,148,508.1103515625,97.17156982421875,82.7047119140625,85.18745422363281,0.772667407989502
785,148,507.8778381347656,101.5150146484375,82.80874633789062,85.64048767089844,0.6893219947814941
786,148,506.9266052246094,105.63945007324219,86.22103881835938,89.95515441894531,0.7308787107467651
787,148,507.64599609375,110.3614501953125,85.66180419921875,89.85136413574219,0.7362306118011475
788,148,508.0555725097656,115.92402648925781,86.15664672851562,90.91229248046875,0.7555549144744873
789,148,507.0527038574219,120.70526123046875,89.61001586914062,95.37405395507812,0.7761234045028687
790,148,506.7173767089844,125.5649185180664,91.45553588867188,98.1152114868164,0.7543683052062988
791,148,505.9753723144531,131.55482482910156,93.68801879882812,101.51345825195312,0.7703954577445984
792,148,506.1160583496094,138.48440551757812,94.26962280273438,102.9322509765625,0.8196187019348145
793,148,506.2123718261719,144.53753662109375,94.00576782226562,103.19352722167969,0.7650064826011658
794,148,504.0520935058594,149.48321533203125,97.37973022460938,107.56228637695312,0.7716946601867676
795,148,501.14166259765625,153.9976043701172,103.2335205078125,115.25926208496094,0.8113898038864136
796,148,499.6450500488281,160.494140625,106.05459594726562,119.39517211914062,0.8142678141593933
797,148,498.69586181640625,168.99154663085938,107.7474365234375,121.94845581054688,0.8422789573669434
798,148,497.8640441894531,176.77232360839844,110.27743530273438,125.68223571777344,0.7375539541244507
799,148,496.5371398925781,184.50759887695312,113.55514526367188,130.26568603515625,0.8456974029541016
800,148,494.54010009765625,192.70297241210938,116.638916015625,134.61590576171875,0.8396349549293518
801,148,492.14093017578125,201.26495361328125,120.974609375,140.486328125,0.8208621740341187
802,148,490.5591735839844,210.36456298828125,124.98928833007812,146.16189575195312,0.8109187483787537
803,148,488.54180908203125,220.4012908935547,129.3812255859375,152.3672332763672,0.7778664231300354
804,148,486.2554931640625,231.07627868652344,134.40643310546875,159.65733337402344,0.8002480864524841
805,148,483.901123046875,241.31015014648438,140.8624267578125,168.8580322265625,0.7932364344596863
806,148,480.1746520996094,252.8686065673828,147.21414184570312,177.87681579589844,0.8038155436515808
807,148,476.4685974121094,264.67132568359375,154.61862182617188,188.93124389648438,0.6047634482383728
808,148,473.3135070800781,278.6875915527344,160.47360229492188,198.32879638671875,0.5713844895362854
809,148,469.53326416015625,292.4271545410156,167.6861572265625,209.86834716796875,0.7123451828956604
810,148,467.4236145019531,308.1488952636719,173.52151489257812,219.62881469726562,0.6152199506759644
810,150,518.3077392578125,14.794821739196777,43.49359130859375,21.109973907470703,0.4547206461429596
811,148,470.3994140625,325.4945373535156,168.4407958984375,213.04244995117188,0.7035920023918152
811,150,516.7052001953125,14.76852798461914,47.01312255859375,22.880382537841797,0.6768988370895386
812,148,476.10302734375,342.7155456542969,158.9310302734375,197.28445434570312,0.6123254895210266
812,150,514.7816162109375,14.773558616638184,51.45477294921875,25.191513061523438,0.6858240962028503
813,148,480.87200927734375,363.0277404785156,148.30267333984375,176.97225952148438,0.699387788772583
813,150,512.2000122070312,14.401968955993652,55.8701171875,27.6029052734375,0.7726637125015259
814,148,486.6973571777344,384.2655029296875,136.62924194335938,155.7344970703125,0.5807760953903198
814,150,509.4262390136719,13.821592330932617,61.445648193359375,30.81528663635254,0.794001042842865
815,148,495.8780517578125,407.95159912109375,125.21234130859375,132.04840087890625,0.6831084489822388
815,150,507.6494445800781,13.43763542175293,65.53530883789062,33.509788513183594,0.7848812341690063
816,148,501.1771545410156,434.0623474121094,109.13809204101562,105.93765258789062,0.5237091183662415
816,150,506.964111328125,13.858680725097656,67.43304443359375,35.2154541015625,0.8057465553283691
817,150,505.91693115234375,14.325652122497559,70.30133056640625,37.68284606933594,0.8445031046867371
818,150,505.963623046875,15.693037986755371,70.156494140625,38.60104751586914,0.8483700156211853
819,150,504.81219482421875,16.567703247070312,71.9671630859375,40.75545883178711,0.863438069820404
820,150,505.1094055175781,18.220497131347656,71.67526245117188,41.795162200927734,0.8513844013214111
821,150,505.1571044921875,19.92011070251465,71.32293701171875,42.814659118652344,0.8491268157958984
822,150,505.9757080078125,22.297687530517578,69.646240234375,43.01669692993164,0.8205701112747192
823,150,506.6602478027344,24.39865493774414,68.47842407226562,43.49544906616211,0.8208072781562805
824,150,507.3140869140625,27.2995662689209,67.1546630859375,43.810768127441406,0.820826530456543
825,150,506.9120178222656,30.7320613861084,67.19277954101562,44.961952209472656,0.8312804102897644
826,150,506.7055969238281,32.80459213256836,67.45492553710938,46.39750289916992,0.8318358659744263
827,150,506.4073791503906,34.4821891784668,68.41232299804688,48.362850189208984,0.8079653978347778
828,150,506.0168762207031,36.466796875,68.39791870117188,49.67292022705078,0.7771983742713928
829,150,507.00689697265625,39.62840270996094,66.4656982421875,49.37224578857422,0.8092631101608276
830,150,507.1629333496094,42.359928131103516,65.78103637695312,49.95821762084961,0.7822718620300293
831,150,507.26971435546875,45.63069152832031,65.18646240234375,50.43402862548828,0.802086353302002
832,150,506.2336730957031,47.92256546020508,66.76669311523438,52.81033706665039,0.8026018738746643
833,150,506.642333984375,51.30789566040039,66.1832275390625,53.339168548583984,0.8007776737213135
834,150,506.4273376464844,53.6844367980957,66.51138305664062,54.57424545288086,0.781720757484436
835,150,506.6173095703125,57.166961669921875,65.8211669921875,54.81596374511719,0.7757072448730469
836,150,506.492431640625,59.80632019042969,66.2069091796875,56.063140869140625,0.7310702204704285
837,150,506.07379150390625,63.9659423828125,66.768798828125,57.433433532714844,0.8215492963790894
838,150,505.78729248046875,67.1802978515625,67.4375,58.907615661621094,0.8924663662910461
839,150,506.63421630859375,71.3377914428711,66.47100830078125,58.70439910888672,0.7793278098106384
840,150,505.82330322265625,74.8778305053711,68.1419677734375,60.978675842285156,0.7106102705001831
841,150,505.3758239746094,79.32032012939453,68.69619750976562,62.15827178955078,0.8031519651412964
842,150,504.6922912597656,83.08080291748047,70.56967163085938,64.81424713134766,0.8107330799102783
843,150,504.48394775390625,86.57168579101562,71.3828125,66.37843322753906,0.8159827589988708
844,150,503.8621520996094,90.82797241210938,71.99258422851562,67.61769104003906,0.8080019950866699
845,150,502.4449462890625,94.2502212524414,74.35272216796875,70.53958892822266,0.7554173469543457
846,150,501.6893005371094,98.74404907226562,75.38949584960938,72.30934143066406,0.7479062676429749
847,150,501.6439208984375,103.34881591796875,76.399169921875,74.05023193359375,0.8113642930984497
848,150,500.596435546875,107.86515808105469,78.06304931640625,76.51640319824219,0.8146803379058838
849,150,500.0435485839844,113.52957153320312,79.00863647460938,78.18893432617188,0.7708730101585388
850,150,499.4991760253906,119.02025604248047,80.00039672851562,79.65840911865234,0.7845527529716492
851,150,497.7003173828125,123.78221893310547,83.90130615234375,84.48320770263672,0.7752909660339355
852,150,496.70928955078125,129.33889770507812,85.2548828125,86.65234375,0.7616991400718689
853,150,495.9430236816406,134.84909057617188,87.09603881835938,89.24424743652344,0.8060728311538696
854,150,496.3170471191406,142.698974609375,87.95675659179688,90.59153747558594,0.7735137343406677
855,150,495.66912841796875,150.11355590820312,89.81024169921875,93.0328369140625,0.7594883441925049
856,150,494.20098876953125,156.65106201171875,93.2607421875,97.34843444824219,0.7824729681015015
857,150,493.3956298828125,165.16769409179688,95.9249267578125,100.69821166992188,0.8259804844856262
858,150,491.4844970703125,172.407958984375,98.2939453125,103.9781494140625,0.8064939975738525
859,150,489.8432922363281,180.01919555664062,101.50790405273438,108.07144165039062,0.7989693880081177
860,150,489.1169128417969,189.59454345703125,104.00949096679688,111.24615478515625,0.7519677877426147
861,150,486.7833557128906,197.81028747558594,108.35549926757812,116.99449157714844,0.8437047004699707
862,150,484.1435241699219,208.19122314453125,112.43679809570312,122.37551879882812,0.8314886689186096
863,150,481.2054443359375,216.7459716796875,117.87225341796875,129.8175048828125,0.7953731417655945
864,150,478.2544250488281,229.22264099121094,122.03518676757812,135.56529235839844,0.7554046511650085
865,150,473.73046875,240.29159545898438,128.25311279296875,143.73095703125,0.735715389251709
866,150,465.56292724609375,253.68035888671875,134.50653076171875,150.81500244140625,0.7017883658409119
867,150,464.3825988769531,265.63885498046875,142.83908081054688,162.49188232421875,0.7432073354721069
868,150,461.42864990234375,278.7002258300781,150.43853759765625,173.70269775390625,0.729389488697052
869,150,458.3338928222656,293.032958984375,158.18484497070312,185.90966796875,0.6728417873382568
870,150,455.1061096191406,310.7242736816406,164.98672485351562,196.60415649414062,0.7047919034957886
871,150,454.7820129394531,328.468994140625,167.85519409179688,202.55279541015625,0.7329180836677551
872,150,457.83819580078125,347.5218811035156,159.96856689453125,192.47811889648438,0.5631659030914307
873,150,463.2968444824219,368.3016662597656,147.92807006835938,171.69833374023438,0.5492165684700012
874,150,470.5783996582031,390.5873718261719,134.48532104492188,149.41262817382812,0.48628100752830505
875,150,478.31097412109375,415.4995422363281,118.70562744140625,124.50045776367188,0.33542972803115845
876,150,487.9347229003906,443.3013916015625,100.73696899414062,96.6986083984375,0.3648725748062134
880,151,476.9312744140625,13.608306884765625,47.14080810546875,25.09585952758789,0.3617938160896301
881,151,478.1441345214844,14.50815200805664,44.754241943359375,23.82564926147461,0.5960272550582886
882,151,477.8872985839844,14.879155158996582,44.894378662109375,23.928638458251953,0.604062557220459
883,151,475.83575439453125,14.816666603088379,48.6949462890625,26.085269927978516,0.645672082901001
883,152,605.7254028320312,14.546919822692871,43.66650390625,21.751636505126953,0.39974915981292725
884,151,474.2335205078125,14.621334075927734,52.5938720703125,28.462661743164062,0.759014904499054
884,152,605.0914306640625,14.544654846191406,45.3720703125,22.638351440429688,0.526669442653656
885,151,472.3052978515625,14.266042709350586,56.4532470703125,30.921045303344727,0.8280424475669861
885,152,603.4234008789062,14.388919830322266,49.0489501953125,24.568817138671875,0.6181138753890991
886,151,470.53485107421875,14.112762451171875,58.81829833984375,32.72514724731445,0.7935742139816284
886,152,601.5814208984375,14.071229934692383,53.0889892578125,26.799104690551758,0.6434178948402405
887,151,468.17041015625,14.38218879699707,62.99371337890625,35.79917907714844,0.8510358929634094
887,152,600.71484375,14.212820053100586,56.09765625,28.61601448059082,0.6097556352615356
888,151,467.2088928222656,14.845744132995605,64.08987426757812,37.25794219970703,0.8554315567016602
888,152,600.85009765625,14.719987869262695,57.4957275390625,29.674150466918945,0.6135500073432922
889,151,465.7035827636719,15.28348159790039,65.71548461914062,39.214664459228516,0.842176616191864
889,152,600.270263671875,14.245656967163086,59.623779296875,31.211515426635742,0.6049312353134155
890,151,464.68743896484375,15.881768226623535,66.991943359375,41.16196823120117,0.8509076237678528
890,152,599.0574340820312,14.334359169006348,62.409912109375,33.30064392089844,0.6265352964401245
891,151,463.0682678222656,16.577606201171875,68.08004760742188,43.00050735473633,0.8602233529090881
891,152,597.6378784179688,14.36416244506836,65.25921630859375,35.6627082824707,0.6371331214904785
892,151,461.68084716796875,17.084897994995117,69.45257568359375,45.238800048828125,0.8415648937225342
892,152,596.3694458007812,14.401418685913086,68.15997314453125,38.23231506347656,0.7121209502220154
893,151,461.024169921875,18.927406311035156,69.034423828125,46.34784698486328,0.794122040271759
893,152,595.4271240234375,14.597940444946289,69.8101806640625,40.241554260253906,0.7455376982688904
893,153,561.8123168945312,13.677716255187988,37.82440185546875,17.847293853759766,0.39170220494270325
894,151,460.67779541015625,21.592517852783203,66.89459228515625,46.12270736694336,0.76630699634552
894,152,594.6094360351562,14.69294261932373,71.1217041015625,42.25242233276367,0.7473349571228027
894,153,559.6563110351562,13.181306838989258,39.2799072265625,18.5900936126709,0.425935834646225
895,151,461.232421875,24.775644302368164,64.55450439453125,45.59098815917969,0.8541693687438965
895,152,595.320556640625,15.103310585021973,69.870361328125,42.75886535644531,0.7497521638870239
895,153,558.1725463867188,13.099411010742188,41.52008056640625,19.758163452148438,0.5212634205818176
896,151,460.8421630859375,26.83136558532715,64.01116943359375,46.3594970703125,0.8437117338180542
896,152,595.9663696289062,15.833962440490723,69.28533935546875,43.6671028137207,0.7129979729652405
896,153,557.4913330078125,13.455183029174805,42.76971435546875,20.496461868286133,0.519777238368988
897,151,459.4523010253906,29.002975463867188,64.01968383789062,47.364051818847656,0.8472935557365417
897,152,595.2861328125,16.539567947387695,71.04168701171875,46.233924865722656,0.693864643573761
897,153,557.94140625,13.827909469604492,42.3304443359375,20.399293899536133,0.5397014021873474
898,151,459.3722229003906,30.969104766845703,63.002166748046875,47.56486892700195,0.8506932854652405
898,152,594.2825317382812,16.045129776000977,73.10528564453125,49.19141387939453,0.7166818380355835
898,153,557.3223876953125,13.963443756103516,43.16107177734375,20.98211669921875,0.5668532848358154
899,151,459.6231689453125,34.386051177978516,60.76300048828125,46.632511138916016,0.8051685094833374
899,152,594.8840942382812,16.87493324279785,71.94390869140625,49.919471740722656,0.7004876136779785
899,153,555.137939453125,13.954299926757812,47.21905517578125,23.276500701904297,0.6220228672027588
900,151,459.3697509765625,37.87422180175781,58.9864501953125,45.99737548828125,0.8201500773429871
900,152,597.3096313476562,20.829402923583984,68.00848388671875,48.35982131958008,0.7011588215827942
900,153,550.9556884765625,13.878793716430664,55.40240478515625,27.947900772094727,0.5768508911132812
901,151,457.7413635253906,39.83303451538086,61.134979248046875,48.63570785522461,0.8142435550689697
901,152,598.6051635742188,22.847238540649414,66.64404296875,48.509796142578125,0.7180348038673401
901,153,550.4004516601562,14.172142028808594,55.3140869140625,28.506858825683594,0.6461700201034546
902,151,456.5897521972656,41.7844123840332,61.100189208984375,49.48556137084961,0.810105562210083
902,152,598.812255859375,25.51920509338379,65.30279541015625,48.61756134033203,0.7553780674934387
902,153,549.482421875,14.05657958984375,56.32275390625,29.724857330322266,0.5952395796775818
903,151,454.2985534667969,43.5724983215332,62.276702880859375,51.20442581176758,0.8494287133216858
903,152,599.2684326171875,27.55280303955078,64.05841064453125,48.750022888183594,0.7096955180168152
903,153,548.9989624023438,13.433233261108398,56.811279296875,30.737638473510742,0.5742935538291931
904,151,452.1556701660156,46.025875091552734,63.561187744140625,53.1307487487793,0.8824792504310608
904,152,599.6035766601562,29.21722984313965,63.898193359375,49.81016540527344,0.6924338340759277
904,153,548.1614990234375,13.113606452941895,57.95745849609375,32.23206329345703,0.5749043226242065
905,151,451.3710632324219,49.36817932128906,62.832000732421875,53.10759735107422,0.8725970387458801
905,152,600.4964599609375,30.70353889465332,63.8262939453125,50.724639892578125,0.7232009768486023
905,153,543.5690307617188,13.3717041015625,65.40362548828125,37.6719856262207,0.6624209880828857
906,151,448.9009094238281,51.26865005493164,64.05459594726562,54.54446792602539,0.8554361462593079
906,152,602.0924072265625,33.770503997802734,62.4456787109375,50.42142868041992,0.7240356802940369
906,153,542.8502197265625,13.503594398498535,65.83001708984375,39.125736236572266,0.7607147097587585
906,155,494.3331604003906,12.962458610534668,29.142730712890625,16.840076446533203,0.5000901222229004
907,151,447.7848815917969,53.509864807128906,64.72628784179688,55.734275817871094,0.828096866607666
907,152,602.7577514648438,35.962276458740234,61.905029296875,50.670467376708984,0.6561750173568726
907,153,543.0751342773438,13.96931266784668,65.3421630859375,40.129600524902344,0.6935631632804871
907,155,493.02166748046875,13.390910148620605,29.605224609375,17.086578369140625,0.5210311412811279
908,151,446.8011779785156,55.7464714050293,65.05307006835938,56.6154670715332,0.8308025002479553
908,152,603.42236328125,38.37967300415039,61.11669921875,50.7099494934082,0.5783205032348633
908,153,543.4849853515625,14.437164306640625,63.5277099609375,40.28449249267578,0.7324668169021606
908,155,491.5715026855469,13.629088401794434,31.150177001953125,17.96743392944336,0.5907766819000244
908,156,696.6746215820312,66.12564849853516,42.0201416015625,27.818389892578125,0.38066431879997253
909,151,446.1358947753906,58.99388885498047,64.73428344726562,56.86357116699219,0.7404955625534058
909,152,603.0631103515625,40.07777404785156,61.8751220703125,51.96344757080078,0.5454027652740479
909,153,542.43603515625,14.877364158630371,63.74395751953125,41.68562698364258,0.7103778123855591
909,155,490.7909240722656,13.829182624816895,31.934906005859375,18.387496948242188,0.5681298971176147
909,156,697.2664794921875,66.04470825195312,40.00628662109375,26.467262268066406,0.32128652930259705
910,151,444.53179931640625,61.40907669067383,65.27963256835938,57.85856246948242,0.699720561504364
910,152,603.477294921875,41.47377395629883,62.48291015625,53.11452102661133,0.5122460722923279
910,153,540.6278076171875,15.487312316894531,65.90460205078125,44.540321350097656,0.6628250479698181
910,155,489.5078125,14.001238822937012,33.81524658203125,19.47669219970703,0.652655303478241
910,156,697.230224609375,66.12178039550781,40.43768310546875,26.72801971435547,0.34829282760620117
911,151,440.26702880859375,62.63483810424805,68.89117431640625,61.95314407348633,0.7436891794204712
911,152,602.9383544921875,43.46725845336914,64.1156005859375,55.305171966552734,0.6019240021705627
911,153,539.32568359375,16.02156639099121,67.19586181640625,46.86888885498047,0.7395479679107666
911,155,488.43182373046875,13.908506393432617,35.25750732421875,20.301218032836914,0.6578295230865479
911,156,697.4076538085938,66.55156707763672,39.38665771484375,25.996482849121094,0.3178934156894684
912,151,439.9446105957031,67.35098266601562,67.54901123046875,61.33119201660156,0.8124666213989258
912,152,603.625732421875,45.616851806640625,64.318359375,56.27339172363281,0.7341408729553223
912,153,539.944091796875,18.078861236572266,65.33099365234375,46.90182876586914,0.7444203495979309
912,155,487.0584411621094,14.076374053955078,37.153717041015625,21.427082061767578,0.6273095607757568
912,156,698.1114501953125,66.96129608154297,38.55145263671875,25.36437225341797,0.29918354749679565
913,151,440.43231201171875,71.8916015625,65.40213012695312,59.66822814941406,0.7713004350662231
913,152,604.988037109375,47.865638732910156,64.01690673828125,56.699134826660156,0.720866322517395
913,153,541.9102783203125,21.665773391723633,60.0838623046875,44.021568298339844,0.7887672185897827
913,155,485.1850280761719,14.279379844665527,40.599639892578125,23.58831024169922,0.6161794066429138
913,156,697.375244140625,67.10090637207031,40.00311279296875,26.322853088378906,0.3458952307701111
914,151,437.9238586425781,74.97020721435547,67.33221435546875,62.088294982910156,0.8082606196403503
914,152,605.7415771484375,50.71162414550781,62.28436279296875,55.690528869628906,0.6689275503158569
914,153,543.190185546875,24.177444458007812,56.83306884765625,42.361534118652344,0.7066904306411743
914,155,482.5819396972656,13.731131553649902,44.802642822265625,26.399028778076172,0.6416219472885132
914,156,697.4274291992188,67.38133239746094,40.04925537109375,26.316604614257812,0.25342464447021484
915,151,436.4149475097656,79.04447174072266,68.2666015625,63.80292510986328,0.7757770419120789
915,152,606.63818359375,53.64322280883789,63.26953125,57.18581771850586,0.566860020160675
915,153,542.246337890625,26.078012466430664,58.02423095703125,44.20561218261719,0.7189072966575623
915,155,480.1553649902344,12.950440406799316,48.180450439453125,28.953536987304688,0.6285457015037537
916,151,434.5052490234375,84.57157135009766,67.79678344726562,63.900001525878906,0.6931541562080383
916,152,606.8186645507812,55.71570587158203,63.749267578125,58.12877655029297,0.5094886422157288
916,153,541.6892700195312,27.635831832885742,58.083984375,45.056251525878906,0.6767624020576477
916,155,478.066650390625,12.752169609069824,50.2178955078125,30.85321044921875,0.5873714089393616
917,151,431.1311950683594,87.77159881591797,68.61834716796875,65.28166961669922,0.7221798896789551
917,152,607.5601806640625,58.23970031738281,63.8175048828125,58.599342346191406,0.5974436402320862
917,153,541.95458984375,29.153108596801758,57.23663330078125,45.089141845703125,0.7458252906799316
917,155,475.386962890625,12.810911178588867,53.3773193359375,33.611732482910156,0.6356192827224731
918,151,429.195556640625,90.82748413085938,68.98236083984375,66.04583740234375,0.7150366902351379
918,152,607.142822265625,60.13399124145508,65.74395751953125,60.87038040161133,0.5415000319480896
918,153,542.1917114257812,32.54108810424805,56.02459716796875,44.73660659790039,0.8027967810630798
918,155,473.3330993652344,13.131657600402832,56.051971435546875,36.25300216674805,0.7325554490089417
919,151,425.81842041015625,92.6089096069336,72.92507934570312,70.5982894897461,0.6561986804008484
919,152,607.2537231445312,63.4195556640625,67.7664794921875,63.54292297363281,0.7075434327125549
919,153,541.9503784179688,35.20682907104492,56.826416015625,46.08903121948242,0.7909979820251465
919,155,472.55401611328125,14.316627502441406,56.5313720703125,37.42207336425781,0.7076448798179626
920,151,423.67462158203125,96.8576889038086,73.01351928710938,71.3320541381836,0.674609899520874
920,152,608.358642578125,66.65284729003906,66.330322265625,62.661285400390625,0.6690905690193176
920,153,541.8026123046875,37.19605255126953,56.772705078125,46.701988220214844,0.7762115001678467
920,155,471.0606689453125,15.177734375,57.77239990234375,39.24405288696289,0.7011324167251587
921,151,421.217041015625,102.57785034179688,73.53363037109375,72.33702087402344,0.8023781776428223
921,152,608.69677734375,68.85430145263672,65.04461669921875,61.73827362060547,0.6864870190620422
921,153,541.2052001953125,39.030616760253906,57.1710205078125,47.72630310058594,0.7752459049224854
921,155,469.9714660644531,15.834527969360352,58.428924560546875,40.73658752441406,0.7556783556938171
922,151,418.6219787597656,106.12728118896484,75.19525146484375,74.3359603881836,0.8026757836341858
922,152,609.0133666992188,71.91693115234375,68.1568603515625,65.35133361816406,0.6747974157333374
922,153,539.8950805664062,41.22514343261719,58.861572265625,49.948020935058594,0.7558887004852295
922,155,469.31195068359375,17.219385147094727,58.4224853515625,41.80265808105469,0.8014172911643982
923,151,415.6045227050781,109.89585876464844,77.62200927734375,77.34902954101562,0.8317142128944397
923,152,610.5845947265625,75.74230194091797,67.26116943359375,64.79976654052734,0.6808116436004639
923,153,538.6398315429688,43.334327697753906,60.6126708984375,52.30400848388672,0.8322258591651917
923,155,468.7680358886719,18.803874969482422,57.844879150390625,42.3950309753418,0.8070669770240784
924,151,412.62384033203125,112.46656036376953,80.62197875976562,81.19225311279297,0.7421064376831055
924,152,609.7545776367188,78.5264663696289,69.8045654296875,67.84931182861328,0.5718868374824524
924,153,538.1849975585938,46.59618377685547,60.602294921875,52.89531707763672,0.8541781902313232
924,155,467.9698486328125,20.507190704345703,57.74664306640625,43.27890396118164,0.7779315114021301
925,151,410.2179260253906,119.10943603515625,79.85330200195312,81.06950378417969,0.7747992873191833
925,152,612.837890625,86.23531341552734,67.32733154296875,65.44983673095703,0.721000611782074
925,153,537.9644165039062,49.4343147277832,59.760986328125,52.6136589050293,0.8222460150718689
925,155,467.9101257324219,23.606822967529297,56.092681884765625,42.88319778442383,0.808357298374176
926,151,406.7366027832031,124.80614471435547,81.6282958984375,83.33235931396484,0.6984130144119263
926,152,614.4334716796875,87.89744567871094,66.873291015625,64.79342651367188,0.6151472330093384
926,153,537.1150512695312,51.41975784301758,60.14251708984375,53.55573654174805,0.7874771356582642
926,155,466.45404052734375,25.390531539916992,57.29278564453125,44.82074737548828,0.7948773503303528
926,160,552.044677734375,13.03569507598877,42.34674072265625,23.693199157714844,0.32971811294555664
927,151,404.1170349121094,130.3306884765625,80.9349365234375,83.02662658691406,0.7691423296928406
927,152,612.5673828125,89.76256561279297,71.71923828125,70.02765655517578,0.5674024820327759
927,153,534.0826416015625,53.919315338134766,64.83099365234375,58.8147087097168,0.6965585350990295
927,155,466.3875427246094,27.607704162597656,55.686065673828125,44.345794677734375,0.7914416790008545
927,160,550.6483154296875,12.863785743713379,44.132080078125,24.74312973022461,0.41530147194862366
928,151,400.7583312988281,136.02157592773438,83.21148681640625,85.96102905273438,0.7709442377090454
928,152,612.1754150390625,92.68598937988281,73.590576171875,72.32481384277344,0.711357057094574
928,153,533.2440185546875,56.3577766418457,65.68304443359375,60.423099517822266,0.7168777585029602
928,155,465.6856994628906,30.61334228515625,55.256134033203125,44.68206787109375,0.7940123081207275
928,160,547.8841552734375,12.827371597290039,48.59722900390625,27.389562606811523,0.4870093762874603
929,151,397.08538818359375,140.991455078125,84.78469848632812,87.78413391113281,0.7803477048873901
929,152,611.9566040039062,95.0205307006836,75.810302734375,74.96927642822266,0.6918253898620605
929,153,531.6277465820312,60.30145263671875,68.14666748046875,63.91084289550781,0.6353664994239807
929,155,464.8878173828125,32.73309326171875,55.3349609375,45.463478088378906,0.7529076337814331
929,160,547.0248413085938,12.902143478393555,49.4561767578125,28.054513931274414,0.5116422772407532
930,151,394.32867431640625,146.62022399902344,85.65338134765625,88.75398254394531,0.8203956484794617
930,152,611.470703125,97.92027282714844,78.328125,77.77244567871094,0.6708033680915833
930,153,530.68603515625,62.636207580566406,68.678466796875,65.36844635009766,0.6062792539596558
930,155,463.9726867675781,35.10004425048828,54.888031005859375,45.746253967285156,0.7742621898651123
930,160,545.5250244140625,13.036649703979492,51.29254150390625,29.351289749145508,0.6526445150375366
931,151,390.0293273925781,151.86036682128906,90.0262451171875,93.81968688964844,0.7503675818443298
931,152,612.4076538085938,102.16031646728516,78.37200927734375,78.09192657470703,0.6284610629081726
931,153,531.0952758789062,65.68387603759766,67.16619873046875,64.5450668334961,0.7456961870193481
931,155,462.5815124511719,37.747066497802734,54.368743896484375,45.91984176635742,0.7722144722938538
931,160,545.1777954101562,13.608317375183105,51.56573486328125,29.798297882080078,0.562698483467102
932,151,385.4034118652344,156.8678741455078,91.558349609375,95.72537231445312,0.7327029705047607
932,152,612.0451049804688,105.53582763671875,80.48675537109375,80.67137145996094,0.5460545420646667
932,153,532.0922241210938,69.33808135986328,64.3837890625,62.05786895751953,0.7090248465538025
932,155,461.7643737792969,39.3264045715332,53.999908447265625,46.177127838134766,0.7574686408042908
932,160,544.7008056640625,13.610018730163574,52.88800048828125,30.892547607421875,0.5121669769287109
933,151,382.80364990234375,165.5802764892578,91.04315185546875,94.78581237792969,0.7932041883468628
933,152,613.5266723632812,109.72393798828125,81.68524169921875,82.03347778320312,0.654064416885376
933,153,530.2761840820312,72.64461517333984,67.52056884765625,65.99089813232422,0.6825739741325378
933,155,460.9453430175781,42.27440643310547,52.668487548828125,45.280723571777344,0.7115399837493896
933,160,544.9644775390625,13.56401252746582,52.51171875,31.041200637817383,0.5752112865447998
934,151,378.7028503417969,172.02139282226562,94.09597778320312,98.00680541992188,0.8402295112609863
934,152,614.61328125,114.09890747070312,82.3634033203125,82.97825622558594,0.5641641616821289
934,153,530.5730590820312,74.49861907958984,66.4031982421875,65.39014434814453,0.7073758840560913
934,155,459.1305847167969,43.72227478027344,54.099090576171875,47.129112243652344,0.6997829675674438
934,160,542.8047485351562,13.486520767211914,56.0968017578125,33.77294921875,0.49545183777809143
935,151,372.3422546386719,178.43507385253906,98.25881958007812,102.47953796386719,0.8825481534004211
935,152,615.9382934570312,118.7806396484375,82.23095703125,82.86198425292969,0.615990161895752
935,153,529.879638671875,77.78150177001953,67.89984130859375,67.41207122802734,0.747418999671936
935,155,457.58056640625,47.245826721191406,54.97039794921875,48.38794708251953,0.757457971572876
935,160,539.0103759765625,13.160172462463379,63.5814208984375,39.29152297973633,0.4443433880805969
936,151,366.6570739746094,185.87733459472656,102.08218383789062,106.80699157714844,0.8181488513946533
936,152,617.41357421875,123.65900421142578,83.82073974609375,84.83843231201172,0.7082910537719727
936,153,529.095947265625,82.48145294189453,67.634033203125,67.4361343383789,0.7815287113189697
936,155,456.1207275390625,49.58845901489258,56.591552734375,50.2972297668457,0.7278385162353516
936,160,537.917724609375,13.509703636169434,65.01727294921875,41.19671630859375,0.6318264007568359
937,151,361.0185241699219,193.7975311279297,104.3128662109375,109.06578063964844,0.8205177783966064
937,152,617.7862548828125,128.3829803466797,85.70391845703125,87.02748107910156,0.6891213655471802
937,153,529.0176391601562,86.11134338378906,65.81005859375,65.52976989746094,0.6647643446922302
937,155,453.4668884277344,51.455078125,59.240509033203125,53.208106994628906,0.7922458648681641
937,160,537.40478515625,13.92666244506836,64.29913330078125,41.86550521850586,0.6678992509841919
938,151,355.1733093261719,202.21202087402344,108.19094848632812,113.33403015136719,0.8224407434463501
938,152,617.8145751953125,132.38983154296875,87.66619873046875,89.01614379882812,0.7381178736686707
938,153,526.6625366210938,89.85797882080078,71.03118896484375,71.42967987060547,0.6861538290977478
938,155,452.3291320800781,53.892581939697266,59.181884765625,53.5604133605957,0.7674649357795715
938,160,537.1615600585938,14.566754341125488,63.29498291015625,42.33897399902344,0.6489346623420715
939,151,348.5766906738281,211.35211181640625,110.78353881835938,115.87197875976562,0.8412899971008301
939,152,619.58447265625,138.2844696044922,89.684326171875,91.50961303710938,0.6233027577400208
939,153,527.5563354492188,93.53572082519531,69.43634033203125,69.90196228027344,0.7039278149604797
939,155,451.0797424316406,56.382896423339844,59.247802734375,54.058135986328125,0.7913663983345032
939,160,537.6337280273438,15.161222457885742,61.60601806640625,42.29674530029297,0.6025506854057312
940,151,341.6758728027344,221.10899353027344,116.43936157226562,122.13252258300781,0.7922565937042236
940,152,620.7944946289062,144.46484375,91.525390625,93.77922058105469,0.6824660301208496
940,153,523.9530029296875,97.38480377197266,74.85980224609375,76.3484878540039,0.7297167778015137
940,155,449.4999694824219,60.21318817138672,58.208404541015625,53.46276092529297,0.7705152034759521
940,160,536.222900390625,15.777010917663574,63.5443115234375,44.9930534362793,0.510840892791748
940,161,422.93389892578125,12.658088684082031,41.368377685546875,19.00084686279297,0.45385512709617615
941,151,333.82257080078125,231.01388549804688,121.28207397460938,127.44540405273438,0.8459745049476624
941,152,619.9996337890625,149.42019653320312,94.2833251953125,97.04232788085938,0.6888514161109924
941,153,519.1962280273438,101.31820678710938,82.9083251953125,86.35247802734375,0.7173484563827515
941,155,446.94775390625,63.233341217041016,60.13006591796875,55.88265609741211,0.7632588148117065
941,160,534.551513671875,16.63693618774414,65.216796875,47.535282135009766,0.5740270614624023
941,161,422.6130676269531,13.799325942993164,40.883270263671875,18.79570960998535,0.38701680302619934
942,151,326.7078857421875,240.7122344970703,125.71658325195312,132.48109436035156,0.8397482633590698
942,152,622.0857543945312,155.5586700439453,96.689697265625,99.84896850585938,0.6424283385276794
942,153,517.8414916992188,106.35689544677734,84.9329833984375,90.1145248413086,0.698740541934967
942,155,444.6335754394531,65.94217681884766,60.80279541015625,56.92756652832031,0.7507093548774719
942,160,534.5994873046875,18.02495002746582,63.90155029296875,47.83477783203125,0.6005169749259949
942,161,419.7406005859375,14.183391571044922,44.46826171875,20.50497817993164,0.5458803772926331
943,151,318.4429016113281,252.51487731933594,130.192138671875,137.51536560058594,0.8482341170310974
943,152,622.3826904296875,161.59078979492188,99.11981201171875,102.61569213867188,0.7750677466392517
943,153,517.657470703125,110.89836883544922,84.18426513671875,90.64037322998047,0.6942621469497681
943,155,443.8528137207031,69.83174133300781,60.017364501953125,56.39507293701172,0.7291640043258667
943,160,535.5919189453125,20.401615142822266,60.78350830078125,46.53817367553711,0.5241618156433105
943,161,415.8817443847656,13.898900032043457,50.357818603515625,23.384380340576172,0.5987762808799744
944,151,309.187255859375,263.6022644042969,135.81021118164062,143.820556640625,0.8453183770179749
944,152,623.4227905273438,168.07815551757812,101.85205078125,106.14578247070312,0.7084710597991943
944,153,517.640869140625,115.85045623779297,83.27294921875,90.72530364990234,0.7638279795646667
944,155,442.3970642089844,73.61717224121094,61.024749755859375,57.50830078125,0.7467858195304871
944,160,534.1112060546875,22.6727352142334,63.26885986328125,49.554359436035156,0.5839158296585083
944,161,412.42877197265625,13.908767700195312,55.829864501953125,26.18548583984375,0.7232842445373535
945,151,299.2897033691406,276.0940246582031,142.03060913085938,150.79489135742188,0.8068703413009644
945,152,625.236083984375,175.00376892089844,103.032958984375,107.91535949707031,0.764347493648529
945,153,516.0753173828125,120.32290649414062,85.81689453125,94.86087036132812,0.7069661021232605
945,155,440.5869140625,76.83039855957031,60.78704833984375,57.39598083496094,0.6860385537147522
945,160,532.1829833984375,24.602888107299805,65.4144287109375,52.691246032714844,0.5428104996681213
945,161,409.7375183105469,13.913176536560059,59.472747802734375,28.238994598388672,0.7220379114151001
946,151,288.88946533203125,289.7520751953125,148.99234008789062,158.5284423828125,0.8227117657661438
946,152,624.8639526367188,182.5630645751953,106.86932373046875,112.35310363769531,0.7298954129219055
946,153,517.8487548828125,125.18925476074219,80.04254150390625,88.39117431640625,0.8094964027404785
946,155,438.72900390625,80.8101577758789,60.5140380859375,57.082374572753906,0.7045924663543701
946,160,532.94189453125,27.29427146911621,62.99456787109375,51.78241729736328,0.5849254131317139
946,161,407.0810546875,14.054597854614258,62.53704833984375,30.134241104125977,0.6913819909095764
947,151,278.2569580078125,305.3284912109375,154.4732666015625,164.62161254882812,0.8937904834747314
947,152,624.7355346679688,189.70896911621094,110.35296630859375,116.61219787597656,0.7996614575386047
947,153,517.6934814453125,130.61415100097656,78.77728271484375,86.85752868652344,0.8226114511489868
947,155,434.1897277832031,84.83580017089844,64.15054321289062,60.98573303222656,0.6593848466873169
947,160,533.2355346679688,30.223039627075195,61.65277099609375,51.643409729003906,0.538068413734436
947,161,405.0845642089844,14.490601539611816,63.676727294921875,31.138675689697266,0.6716974973678589
948,151,264.6828308105469,319.8819274902344,163.04144287109375,174.2322998046875,0.9193385243415833
948,152,625.2903442382812,195.5156707763672,113.62615966796875,120.59449768066406,0.8437984585762024
948,153,513.4445190429688,136.57940673828125,85.737060546875,95.4378662109375,0.8067898750305176
948,155,431.19879150390625,89.15345764160156,64.36227416992188,61.37689208984375,0.7018557786941528
948,160,533.2039184570312,33.8872184753418,60.45526123046875,51.429508209228516,0.5904868245124817
948,161,402.589111328125,14.182302474975586,65.71817016601562,32.699066162109375,0.6475662589073181
949,151,248.53843688964844,334.8544616699219,178.4844512939453,192.45034790039062,0.7065397500991821
949,152,626.7146606445312,203.23727416992188,116.4376220703125,124.1458740234375,0.7744041681289673
949,153,514.3846435546875,143.11453247070312,82.6629638671875,91.82328796386719,0.786377489566803
949,155,428.6553649902344,92.81180572509766,66.50180053710938,63.77532196044922,0.5493818521499634
949,160,533.0233764648438,36.70146942138672,60.3052978515625,52.05171203613281,0.6338514685630798
949,161,398.821533203125,13.756490707397461,71.23025512695312,36.33331298828125,0.6650343537330627
950,151,240.19606018066406,351.1685485839844,175.11131286621094,187.74215698242188,0.4228236973285675
950,152,627.0655517578125,212.25267028808594,120.16943359375,128.74208068847656,0.7538577318191528
950,153,511.208740234375,147.78292846679688,85.52899169921875,95.21835327148438,0.7922095656394958
950,155,425.9512634277344,97.29589080810547,68.69610595703125,66.4204330444336,0.6626719832420349
950,160,532.688720703125,38.098716735839844,59.47222900390625,52.16090393066406,0.5993078947067261
950,161,395.90972900390625,13.490479469299316,74.98321533203125,39.269203186035156,0.7076585292816162
951,151,236.57814025878906,368.4366149902344,164.90086364746094,171.56338500976562,0.5474820137023926
951,152,627.4774169921875,220.104248046875,125.1259765625,134.89340209960938,0.7705514430999756
951,153,509.05517578125,154.69895935058594,88.2374267578125,98.4063720703125,0.8315522074699402
951,155,423.6966247558594,100.73725128173828,69.61373901367188,67.6703872680664,0.684529721736908
951,160,533.368896484375,40.94248580932617,58.44232177734375,51.682796478271484,0.5116100907325745
951,161,393.8754577636719,13.351907730102539,77.41574096679688,41.719390869140625,0.806927502155304
952,151,234.88221740722656,387.56524658203125,151.8157196044922,152.43475341796875,0.8169406652450562
952,152,627.348388671875,229.857666015625,130.3319091796875,141.29336547851562,0.7959195971488953
952,153,506.9363098144531,161.13705444335938,91.46780395507812,102.37176513671875,0.8364793658256531
952,155,421.2122497558594,104.28466033935547,70.70599365234375,68.87676239013672,0.7841862440109253
952,160,530.2009887695312,43.30304718017578,63.191650390625,57.07765197753906,0.5382141470909119
952,161,391.8249816894531,13.442713737487793,79.2886962890625,43.959163665771484,0.7696767449378967
953,151,233.9738006591797,408.30096435546875,138.0038604736328,131.69903564453125,0.8267339468002319
953,152,630.2982177734375,240.75888061523438,133.5626220703125,145.38967895507812,0.7612044215202332
953,153,504.8711242675781,168.4935760498047,94.04214477539062,105.63395690917969,0.8125929832458496
953,155,418.1140441894531,107.72383880615234,73.28033447265625,71.6524429321289,0.771229088306427
953,160,529.4599609375,47.52219772338867,62.9537353515625,57.68399429321289,0.5141344666481018
953,161,389.9876708984375,13.37968921661377,79.84848022460938,45.626224517822266,0.7202696800231934
954,151,237.12940979003906,431.41510009765625,122.45719909667969,108.58489990234375,0.7231504321098328
954,152,630.5423583984375,250.58460998535156,138.89459228515625,151.7465362548828,0.7328084707260132
954,153,501.78955078125,174.95855712890625,97.6939697265625,110.09381103515625,0.7659889459609985
954,155,414.91510009765625,111.66693878173828,75.29803466796875,74.04528045654297,0.8051629662513733
954,160,530.5540161132812,49.511592864990234,60.32177734375,55.68851089477539,0.6746812462806702
954,161,387.8252868652344,13.709308624267578,80.96163940429688,47.69401550292969,0.8182100057601929
955,151,241.26278686523438,456.3708801269531,102.3885498046875,83.62911987304688,0.6588675379753113
955,152,631.0530395507812,260.4199523925781,147.387939453125,162.28564453125,0.637051522731781
955,153,499.01116943359375,183.09458923339844,100.53558349609375,113.50511169433594,0.80829918384552
955,155,410.4565124511719,115.91393280029297,78.00543212890625,77.45862579345703,0.6625171303749084
955,160,529.6849365234375,52.979373931884766,60.66204833984375,56.51308059692383,0.5929651260375977
955,161,385.356689453125,14.295273780822754,81.52545166015625,49.509925842285156,0.844452440738678
955,164,519.9130249023438,13.039649963378906,39.1959228515625,15.300594329833984,0.39063358306884766
956,151,247.99935913085938,485.3770751953125,78.4552001953125,54.6229248046875,0.488295316696167
956,152,631.9375,270.9479064941406,154.01806640625,170.88034057617188,0.7186418175697327
956,153,496.0822448730469,189.81419372558594,105.40402221679688,119.60334777832031,0.8237563371658325
956,155,407.9869384765625,122.12443542480469,78.93896484375,78.56875610351562,0.7430617213249207
956,160,528.2348022460938,55.53415298461914,63.64337158203125,60.178348541259766,0.5871258974075317
956,161,384.0399169921875,15.259611129760742,81.02059936523438,50.61726379394531,0.8067906498908997
956,164,519.5691528320312,13.507774353027344,39.19183349609375,15.289888381958008,0.49477025866508484
957,152,633.8565673828125,281.51251220703125,160.26190185546875,179.07080078125,0.7330940961837769
957,153,492.4001159667969,198.485595703125,110.17965698242188,125.9161376953125,0.8477493524551392
957,155,404.1239013671875,128.75885009765625,80.88601684570312,80.66268920898438,0.6994867920875549
957,160,529.6764526367188,59.6393928527832,60.4000244140625,57.25156784057617,0.5584866404533386
957,161,382.7742614746094,16.21234130859375,80.46875,51.770790100097656,0.7411847710609436
957,164,518.8147583007812,13.50421142578125,42.35662841796875,16.54896354675293,0.4331408739089966
958,152,635.6262817382812,295.8710021972656,167.64569091796875,188.76953125,0.8953210711479187
958,153,490.7908020019531,207.68365478515625,112.41000366210938,129.20138549804688,0.8431574702262878
958,155,400.9108581542969,135.30557250976562,82.536865234375,82.47129821777344,0.731183648109436
958,160,528.0220947265625,62.46340560913086,62.2816162109375,59.6907844543457,0.5152347683906555
958,161,382.4217224121094,18.974254608154297,78.03631591796875,51.62644577026367,0.700446367263794
958,164,517.5946044921875,13.390335083007812,46.09332275390625,18.107080459594727,0.45989924669265747
959,152,636.5176391601562,309.5223083496094,176.9527587890625,201.34542846679688,0.858136773109436
959,153,487.4129638671875,216.4583740234375,116.510009765625,134.44509887695312,0.8603516817092896
959,155,397.4057312011719,141.14617919921875,83.93130493164062,84.00489807128906,0.7740328907966614
959,160,526.2798461914062,65.44697570800781,65.4638671875,63.563018798828125,0.6918432712554932
959,161,379.9359436035156,21.602964401245117,78.39730834960938,53.42120361328125,0.7076525092124939
959,164,517.3641967773438,13.45632553100586,46.51849365234375,18.381336212158203,0.4757913053035736
960,152,640.5104370117188,323.7015686035156,181.95513916015625,208.66256713867188,0.61036616563797
960,153,483.27978515625,226.14346313476562,120.68511962890625,140.06024169921875,0.8042477369308472
960,155,394.2989501953125,147.13601684570312,84.69009399414062,84.72230529785156,0.7830932140350342
960,160,527.388916015625,67.77969360351562,62.8162841796875,60.97175598144531,0.8108879923820496
960,161,377.5068054199219,23.148427963256836,78.44110107421875,55.044776916503906,0.6276976466178894
960,164,517.0021362304688,13.698986053466797,47.765380859375,19.041179656982422,0.5202768445014954
961,152,649.08447265625,338.5007019042969,176.51910400390625,201.49929809570312,0.631584107875824
961,153,480.1914978027344,237.3765106201172,124.43179321289062,145.3678741455078,0.8053551316261292
961,155,389.24609375,152.390380859375,89.08456420898438,89.46365356445312,0.7075929641723633
961,160,526.3861694335938,71.72518920898438,63.7161865234375,62.085845947265625,0.601952314376831
961,161,376.06768798828125,24.91777801513672,77.53140258789062,55.86058044433594,0.7276918888092041
961,164,515.1959228515625,13.68798542022705,52.9442138671875,21.46530532836914,0.5052021145820618
962,152,661.3094482421875,354.852783203125,166.9908447265625,185.147216796875,0.6203889846801758
962,153,475.8057861328125,248.5269317626953,129.8216552734375,152.8037567138672,0.7873810529708862
962,155,384.9571533203125,159.3363494873047,90.99295043945312,91.38102722167969,0.8459218144416809
962,160,525.2081298828125,74.53960418701172,65.63470458984375,64.34151458740234,0.7315662503242493
962,161,375.88873291015625,27.199344635009766,75.72274780273438,55.725093841552734,0.7231042385101318
962,164,514.3381958007812,13.636137008666992,56.40509033203125,23.30765724182129,0.564972996711731
963,152,671.7173461914062,371.58203125,156.4151611328125,168.41796875,0.5134183168411255
963,153,471.08447265625,260.0422058105469,135.96246337890625,161.01937866210938,0.8518031239509583
963,155,379.7906799316406,167.5289306640625,93.6259765625,94.08816528320312,0.824738085269928
963,160,526.366943359375,77.7978286743164,62.51336669921875,60.971412658691406,0.6956869959831238
963,161,374.6180419921875,30.232004165649414,74.71792602539062,56.11493682861328,0.7375268340110779
963,164,513.0978393554688,13.446887016296387,59.87127685546875,25.318870544433594,0.6411771178245544
964,152,681.4779052734375,390.0353698730469,144.1845703125,149.96463012695312,0.6761980056762695
964,153,467.4322814941406,272.9204406738281,141.97463989257812,169.5517578125,0.7986202239990234
964,155,374.9660339355469,174.61334228515625,96.3177490234375,96.90118408203125,0.8343088030815125
964,160,524.3236694335938,82.04521942138672,67.184326171875,66.0404281616211,0.6068805456161499
964,161,373.5169677734375,32.88524627685547,73.71279907226562,56.518463134765625,0.7426801919937134
964,164,512.0787353515625,13.815252304077148,62.269775390625,27.01170539855957,0.5903239846229553
965,152,691.4849853515625,410.38916015625,131.6400146484375,129.61083984375,0.5742394924163818
965,153,463.2723083496094,285.6470642089844,149.51004028320312,180.59994506835938,0.8402739763259888
965,155,368.48974609375,181.2608642578125,101.588623046875,102.8668212890625,0.6930890679359436
965,160,524.3912353515625,85.07013702392578,65.10797119140625,63.93524932861328,0.7137705087661743
965,161,371.6226501464844,35.03556442260742,74.06643676757812,57.88429641723633,0.7159329652786255
965,164,511.94390869140625,14.169228553771973,63.05999755859375,28.0498046875,0.6040595769882202
966,152,701.3558959960938,433.9231262207031,115.221923828125,106.07687377929688,0.33016297221183777
966,153,458.73773193359375,300.0925598144531,156.05242919921875,190.75897216796875,0.7891773581504822
966,155,362.692626953125,190.083740234375,102.68429565429688,104.2178955078125,0.6641605496406555
966,160,523.6041870117188,89.52416229248047,64.74957275390625,63.563209533691406,0.5530791282653809
966,161,368.4268798828125,36.98215866088867,75.10946655273438,59.62180709838867,0.6791024208068848
966,164,511.951904296875,14.226446151733398,63.7119140625,29.069753646850586,0.6051632165908813
967,153,453.0306701660156,314.730224609375,165.33529663085938,204.651611328125,0.7330368161201477
967,155,356.32080078125,197.81141662597656,108.06103515625,110.24656677246094,0.6382222175598145
967,160,522.173583984375,93.49523162841797,66.8741455078125,65.65621185302734,0.7367976903915405
967,161,365.6045227050781,39.747337341308594,75.523193359375,60.94701385498047,0.7032569646835327
967,164,511.9013366699219,13.99068546295166,64.55477905273438,30.25890350341797,0.6317443251609802
968,153,451.4468688964844,331.014404296875,164.75485229492188,204.81500244140625,0.6174868941307068
968,155,349.1477355957031,205.76528930664062,112.997802734375,115.92568969726562,0.7879500389099121
968,160,518.6698608398438,97.39640808105469,72.308837890625,71.89921569824219,0.5767021775245667
968,161,363.97821044921875,41.93194580078125,75.30056762695312,61.608924865722656,0.6983521580696106
968,164,510.9780578613281,13.656033515930176,67.69406127929688,32.768394470214844,0.5870685577392578
969,153,453.14031982421875,348.7527160644531,157.13812255859375,191.24728393554688,0.5455223917961121
969,155,343.18621826171875,215.0007781982422,116.69403076171875,120.24302673339844,0.4830653667449951
969,160,518.05712890625,101.53992462158203,72.48895263671875,72.30374908447266,0.7504439949989319
969,161,361.97943115234375,44.53484344482422,74.8616943359375,61.95049285888672,0.7209118008613586
969,164,509.73040771484375,13.615808486938477,71.63299560546875,35.947975158691406,0.7351060509681702
970,153,454.524658203125,367.34246826171875,146.8402099609375,172.65753173828125,0.6243962049484253
970,155,335.18438720703125,224.72264099121094,120.5528564453125,124.73506164550781,0.60123211145401
970,160,512.96923828125,106.53440856933594,81.72308349609375,83.20146179199219,0.6377434134483337
970,161,358.2596130371094,47.1094856262207,76.33441162109375,63.82096481323242,0.6284826993942261
970,164,509.29229736328125,13.126561164855957,74.5489501953125,38.95149612426758,0.7692052125930786
971,153,462.2470703125,388.1084289550781,135.30010986328125,151.89157104492188,0.6327226161956787
971,155,327.7481689453125,236.32223510742188,124.61798095703125,129.54714965820312,0.7447941303253174
971,160,512.5692749023438,110.33425903320312,81.54974365234375,83.82437133789062,0.7144386172294617
971,161,355.8333740234375,49.8155403137207,76.26678466796875,64.46794128417969,0.6902524828910828
971,164,509.1561279296875,12.606857299804688,76.49163818359375,41.59730911254883,0.8285405039787292
972,153,468.4152526855469,411.35797119140625,120.43527221679688,128.64202880859375,0.7423303723335266
972,155,320.12060546875,247.08717346191406,128.6839599609375,134.4403533935547,0.6348717212677002
972,160,510.02325439453125,115.27021789550781,85.9532470703125,89.689208984375,0.667875349521637
972,161,352.7905578613281,51.55531692504883,77.62625122070312,66.35527038574219,0.7507417798042297
972,164,511.2105712890625,13.266341209411621,73.27423095703125,41.28950500488281,0.7850238680839539
973,153,476.5768737792969,437.8464660644531,103.31533813476562,102.15353393554688,0.6822670102119446
973,155,310.7539978027344,258.4592590332031,133.7005615234375,140.24166870117188,0.6277765035629272
973,160,507.4272155761719,120.57231903076172,90.02468872070312,95.61554718017578,0.6951684951782227
973,161,348.7805480957031,54.10566711425781,79.64602661132812,69.04773712158203,0.7783308029174805
973,164,512.873779296875,13.96712589263916,70.256591796875,40.8709716796875,0.7457974553108215
973,167,505.8051452636719,12.442483901977539,24.966278076171875,16.28095054626465,0.37868231534957886
973,168,424.6351318359375,12.295184135437012,36.90850830078125,13.632554054260254,0.39715883135795593
974,153,485.0299987792969,466.37628173828125,83.89254760742188,73.62371826171875,0.5888891220092773
974,155,300.37469482421875,269.2654113769531,141.77572631835938,149.76126098632812,0.8198867440223694
974,160,508.520263671875,124.81269073486328,86.61895751953125,92.62703704833984,0.7312270998954773
974,161,346.520263671875,57.437644958496094,79.521484375,69.46721649169922,0.7300862073898315
974,164,513.462890625,14.120413780212402,70.52313232421875,42.42392349243164,0.7480285167694092
974,167,504.6363220214844,13.136239051818848,26.603607177734375,17.360671997070312,0.3499630391597748
974,168,419.32373046875,11.9522066116333,43.244384765625,16.034481048583984,0.5595728158950806
975,155,289.60919189453125,280.8987731933594,149.69589233398438,159.4046630859375,0.6716750264167786
975,160,505.2730712890625,130.14971923828125,92.101806640625,100.07460021972656,0.6966965794563293
975,161,344.4767150878906,60.93683624267578,78.834228515625,69.23004913330078,0.7070733308792114
975,164,512.8985595703125,14.545230865478516,72.24212646484375,44.948631286621094,0.7563444972038269
975,167,503.4933166503906,13.186014175415039,30.056793212890625,19.64753532409668,0.426617830991745
975,168,416.54559326171875,12.090337753295898,46.11737060546875,17.196056365966797,0.5602707862854004
976,155,278.7688293457031,296.13311767578125,155.65231323242188,166.7720947265625,0.7343763113021851
976,160,507.96722412109375,135.18284606933594,85.76007080078125,92.92463684082031,0.7508543729782104
976,161,340.3340759277344,63.24843215942383,81.13348388671875,71.91455078125,0.775524914264679
976,164,512.0936889648438,15.338327407836914,74.240234375,47.92882537841797,0.7265129685401917
976,167,503.1397705078125,13.4943208694458,31.7017822265625,20.727191925048828,0.4877651333808899
976,168,414.6182861328125,12.500905990600586,48.80181884765625,18.358118057250977,0.5496457815170288
977,155,265.8656005859375,311.05120849609375,164.57345581054688,177.47885131835938,0.7397370934486389
977,160,504.5606994628906,142.7486114501953,89.55972290039062,98.16487121582031,0.6949914693832397
977,161,337.6855773925781,67.43199920654297,79.92120361328125,70.9387435913086,0.6781117916107178
977,164,511.7474670410156,15.814976692199707,75.54660034179688,50.63052749633789,0.7694312930107117
977,167,503.75189208984375,13.927186965942383,32.286865234375,21.002199172973633,0.5123730897903442
977,168,412.62640380859375,13.12306022644043,50.930572509765625,19.3597469329834,0.5760669112205505
978,155,251.61163330078125,324.9126281738281,175.0064697265625,190.50045776367188,0.5295758247375488
978,160,499.9671325683594,148.03147888183594,97.05783081054688,108.12318420410156,0.6791558265686035
978,161,333.1399230957031,70.38945007324219,82.18914794921875,73.33053588867188,0.42396894097328186
978,164,513.7236328125,16.70722007751465,73.03076171875,50.52562713623047,0.6201128959655762
978,167,503.1361083984375,14.803272247314453,34.048583984375,22.05234146118164,0.46773582696914673
978,168,410.7469787597656,13.687206268310547,52.999114990234375,20.423755645751953,0.535245954990387
979,155,241.20169067382812,342.68572998046875,175.57879638671875,191.0159912109375,0.7241069674491882
979,160,502.76513671875,153.45391845703125,90.04058837890625,99.83381652832031,0.7785509824752808
979,161,329.3050537109375,73.9208755493164,83.76358032226562,75.09088897705078,0.6923261880874634
979,164,512.9069213867188,18.698991775512695,75.21234130859375,53.93379211425781,0.6726564168930054
979,167,503.08404541015625,15.359725952148438,36.080810546875,23.248844146728516,0.5721731185913086
979,168,408.8866271972656,14.362178802490234,54.126068115234375,21.165878295898438,0.5561816096305847
980,155,234.36773681640625,359.8505554199219,169.40866088867188,180.14944458007812,0.639824390411377
980,160,502.4317626953125,159.7787628173828,88.97479248046875,98.56593322753906,0.7378646731376648
980,161,326.0500793457031,77.45626831054688,83.84817504882812,75.33143615722656,0.6675207018852234
980,164,512.8047485351562,20.30774688720703,75.017578125,55.59313201904297,0.7064517736434937
980,167,501.3065490722656,15.228623390197754,39.288177490234375,25.354232788085938,0.5795939564704895
980,168,404.9531555175781,14.859110832214355,58.60693359375,23.382526397705078,0.5982344746589661
981,155,232.24932861328125,378.4398498535156,158.7996826171875,161.56015014648438,0.6796045303344727
981,160,502.3851318359375,167.89463806152344,88.30047607421875,97.38923645019531,0.8243083953857422
981,161,322.1069641113281,80.29821014404297,85.90005493164062,77.53038787841797,0.7077158689498901
981,164,513.1119384765625,21.96942710876465,74.32196044921875,56.777015686035156,0.7632899880409241
981,167,499.1810607910156,14.83667278289795,43.369598388671875,28.033710479736328,0.6117865443229675
981,168,402.95855712890625,15.300912857055664,60.39617919921875,24.57464027404785,0.6404140591621399
982,155,233.7261199951172,400.3775939941406,143.4989776611328,139.62240600585938,0.7387563586235046
982,160,500.4845886230469,174.84652709960938,90.52426147460938,99.52288818359375,0.8240559101104736
982,161,317.1310729980469,82.90766906738281,88.6884765625,80.48304748535156,0.652393639087677
982,164,514.0859985351562,23.453947067260742,72.84454345703125,57.151893615722656,0.7923235297203064
982,167,497.3485107421875,14.565131187438965,46.8953857421875,30.49822235107422,0.5777192115783691
982,168,400.53912353515625,15.090764999389648,63.385040283203125,26.422574996948242,0.7282518744468689
983,155,233.9114532470703,423.5317077636719,127.27418518066406,116.46829223632812,0.6879172921180725
983,160,498.04425048828125,182.1479949951172,93.31103515625,102.57475280761719,0.7976598143577576
983,161,312.331787109375,86.88833618164062,90.5093994140625,82.33854675292969,0.7694166302680969
983,164,515.6634521484375,25.327421188354492,70.240966796875,56.35438537597656,0.7125123739242554
983,167,495.4474792480469,14.544893264770508,48.622711181640625,31.955869674682617,0.5143926739692688
983,168,396.64093017578125,14.021242141723633,68.43341064453125,29.382200241088867,0.6885442733764648
984,155,238.00413513183594,448.4150390625,107.62925720214844,91.5849609375,0.7313436269760132
984,160,496.0570983886719,190.5263214111328,96.28457641601562,105.66706848144531,0.7606155872344971
984,161,307.0204772949219,89.98445129394531,93.31121826171875,85.46910095214844,0.7020605206489563
984,164,515.8820190429688,27.392982482910156,70.32177734375,57.906044006347656,0.8046123385429382
984,167,493.3280029296875,13.823392868041992,51.46002197265625,34.404747009277344,0.5409456491470337
984,168,393.2631530761719,13.163314819335938,72.10308837890625,31.971729278564453,0.7152785658836365
985,155,240.35304260253906,474.1800231933594,87.12980651855469,65.81997680664062,0.6839631199836731
985,160,492.9737548828125,198.2520751953125,100.1312255859375,109.7513427734375,0.7502110600471497
985,161,302.320556640625,93.92353057861328,94.73086547851562,87.17784881591797,0.6410923600196838
985,164,516.9127197265625,29.70552635192871,68.91204833984375,57.852867126464844,0.8697234392166138
985,167,491.7979431152344,13.352849006652832,53.464935302734375,36.40043258666992,0.6221439242362976
985,168,391.4227294921875,12.787113189697266,72.89138793945312,33.44416427612305,0.7288870215415955
986,160,489.80902099609375,207.19688415527344,104.2059326171875,113.98976135253906,0.7792173027992249
986,161,297.8927307128906,97.67603302001953,95.61483764648438,88.4247817993164,0.7294028997421265
986,164,517.0806884765625,31.139957427978516,69.16180419921875,59.204647064208984,0.8578886985778809
986,167,490.856201171875,13.597940444946289,54.64166259765625,37.87776184082031,0.6336987614631653
986,168,388.7164001464844,12.904459953308105,76.18075561523438,36.2662467956543,0.7102054953575134
987,160,486.4024658203125,216.8313751220703,108.02642822265625,118.09922790527344,0.8176431059837341
987,161,292.0565185546875,101.95661163330078,99.10653686523438,92.22801971435547,0.7427888512611389
987,164,517.7622680664062,33.40983200073242,68.10247802734375,59.33218765258789,0.8359828591346741
987,167,489.5924987792969,13.658844947814941,55.093109130859375,38.95320129394531,0.6351476907730103
987,168,386.1963195800781,13.499755859375,77.78744506835938,38.41072463989258,0.8107168674468994
988,160,483.9996643066406,225.7897491455078,112.46157836914062,123.36137390136719,0.7941857576370239
988,161,286.653076171875,106.48040008544922,100.18701171875,93.4439926147461,0.7897605299949646
988,164,517.8574829101562,35.76205825805664,68.374755859375,60.7086067199707,0.7408309578895569
988,167,488.48345947265625,14.539449691772461,55.12060546875,39.66691589355469,0.6591131687164307
988,168,385.5228576660156,14.490849494934082,76.14810180664062,38.93042755126953,0.8387894034385681
989,160,480.24676513671875,237.08993530273438,115.78631591796875,127.2137451171875,0.7767808437347412
989,161,280.64251708984375,111.81697845458984,101.57821655273438,94.64579010009766,0.7993651032447815
989,164,518.8989868164062,38.327232360839844,67.322998046875,60.79296112060547,0.7733121514320374
989,167,487.0957946777344,15.50575065612793,55.753570556640625,40.83030700683594,0.7419766783714294
989,168,384.14813232421875,15.16135025024414,75.86105346679688,40.161808013916016,0.8622748255729675
990,160,476.1435546875,247.3065948486328,121.07232666015625,133.4260711669922,0.7530176639556885
990,161,275.4516906738281,117.15958404541016,102.81341552734375,95.9811019897461,0.8077349066734314
990,164,519.404541015625,40.29227066040039,66.9169921875,61.30695724487305,0.7929022908210754
990,167,486.0816955566406,16.307409286499023,56.200775146484375,41.82646179199219,0.7732671499252319
990,168,382.338623046875,16.093252182006836,75.58453369140625,41.42695617675781,0.8422717452049255
991,160,471.94146728515625,258.3014221191406,126.56439208984375,140.31146240234375,0.7039805054664612
991,161,268.6271667480469,121.59864807128906,105.95016479492188,99.20021057128906,0.8578785061836243
991,164,520.1741943359375,42.75605010986328,66.00665283203125,61.22669982910156,0.8477385640144348
991,167,485.1366271972656,17.10924530029297,56.734832763671875,43.029029846191406,0.7149412631988525
991,168,380.9093017578125,17.003019332885742,75.9964599609375,43.138641357421875,0.7990072965621948
992,160,467.16204833984375,269.1895446777344,132.7032470703125,148.1748046875,0.6874164938926697
992,161,261.9639587402344,126.0467529296875,109.11099243164062,102.43598937988281,0.8496456146240234
992,164,519.7122802734375,45.302608489990234,66.87969970703125,62.96797561645508,0.7251214385032654
992,167,484.7786865234375,19.68486213684082,55.01068115234375,42.36680603027344,0.666170060634613
992,168,380.19964599609375,18.592416763305664,74.42474365234375,43.654083251953125,0.7703134417533875
993,160,463.76287841796875,281.3896789550781,138.3319091796875,156.20101928710938,0.6733070611953735
993,161,255.32217407226562,130.92344665527344,110.99404907226562,104.2236328125,0.8055438995361328
993,164,520.9050903320312,47.80516815185547,65.1849365234375,62.00440979003906,0.6196780800819397
993,167,484.83074951171875,22.793500900268555,52.6346435546875,40.959068298339844,0.7895247936248779
993,168,378.6528015136719,20.238609313964844,73.97268676757812,44.820762634277344,0.794551432132721
994,160,458.8583984375,295.1028137207031,144.959228515625,165.36541748046875,0.582657516002655
994,161,248.30429077148438,136.15707397460938,114.61953735351562,107.96199035644531,0.7552556991577148
994,164,521.1541137695312,50.20042037963867,66.21514892578125,63.8178596496582,0.7376177906990051
994,167,484.10638427734375,24.970476150512695,52.37933349609375,41.162109375,0.8126249313354492
994,168,377.4729309082031,22.86319351196289,71.72579956054688,44.61495590209961,0.8397039175033569
995,160,454.8799743652344,308.968505859375,152.88772583007812,176.85610961914062,0.6359301209449768
995,161,240.71212768554688,141.34259033203125,117.80429077148438,110.95936584472656,0.6006180644035339
995,164,519.5214233398438,51.90850830078125,69.78424072265625,68.53374481201172,0.78254634141922
995,167,482.7584228515625,26.35198211669922,53.6435546875,42.68247985839844,0.8053632378578186
995,168,376.80169677734375,25.63490867614746,69.643310546875,44.37217712402344,0.8548727631568909
996,160,449.3993225097656,325.2401428222656,160.23721313476562,187.78213500976562,0.7305666208267212
996,161,232.5545196533203,148.24623107910156,120.97941589355469,114.10731506347656,0.6316848397254944
996,164,519.8211059570312,54.80455017089844,69.7811279296875,69.47196197509766,0.7491329312324524
996,167,481.38604736328125,27.357892990112305,54.21527099609375,43.74833679199219,0.7460275292396545
996,168,374.64276123046875,27.504364013671875,70.27658081054688,45.99102020263672,0.7929663062095642
997,160,445.9360046386719,339.07623291015625,164.55868530273438,194.791748046875,0.7239495515823364
997,161,224.5790252685547,154.37933349609375,124.85151672363281,118.031982421875,0.7108927965164185
997,164,521.364501953125,57.17740249633789,67.2764892578125,67.52261352539062,0.6950086355209351
997,167,479.9001770019531,28.738603591918945,55.147918701171875,45.085060119628906,0.7747867703437805
997,168,373.8682556152344,30.114208221435547,68.8653564453125,46.0855827331543,0.8065052032470703
998,160,447.9779357910156,356.4859924316406,156.74716186523438,183.51400756835938,0.5988633036613464
998,161,216.11053466796875,160.52418518066406,127.86541748046875,120.90257263183594,0.6249028444290161
998,164,521.40478515625,60.11062240600586,67.5958251953125,68.55403137207031,0.7122567892074585
998,167,478.87371826171875,30.3792667388916,55.246337890625,45.77989196777344,0.7006454467773438
998,168,373.2322082519531,31.960145950317383,67.137939453125,45.943519592285156,0.7532864809036255
999,160,451.25860595703125,373.7486877441406,145.71484375,166.25131225585938,0.5429513454437256
999,161,206.56869506835938,167.99388122558594,131.976806640625,124.89552307128906,0.7561689019203186
999,164,521.3466186523438,62.765663146972656,67.91339111328125,69.49922943115234,0.7143368124961853
999,167,478.10675048828125,32.39070129394531,55.3319091796875,46.19641876220703,0.7801139950752258
999,168,371.9337158203125,34.458770751953125,66.13177490234375,46.095733642578125,0.697769045829773
1000,160,460.14990234375,394.9621276855469,131.2518310546875,145.03787231445312,0.3276233375072479
1000,161,196.4451904296875,174.16384887695312,137.0740966796875,129.93264770507812,0.6561396718025208
1000,164,521.0785522460938,66.42332458496094,68.57586669921875,70.73158264160156,0.7014753222465515
1000,167,476.6939697265625,34.12350082397461,55.30120849609375,46.63096237182617,0.6863246560096741
1000,168,369.0710144042969,37.322696685791016,66.54904174804688,47.13478469848633,0.7134214639663696
1001,160,465.3279724121094,416.4440002441406,119.22665405273438,123.55599975585938,0.47459691762924194
1001,161,185.460205078125,181.7294158935547,142.26461791992188,135.09410095214844,0.6736411452293396
1001,164,520.1170043945312,69.00301361083984,70.66815185546875,73.57262420654297,0.632850706577301
1001,167,475.51806640625,35.70446014404297,55.714111328125,47.37183380126953,0.6488838195800781
1001,168,366.2916259765625,39.01475524902344,67.58401489257812,48.77555847167969,0.7427542209625244
1002,161,174.94577026367188,189.96002197265625,147.16409301757812,139.82217407226562,0.7661542892456055
1002,164,519.2833251953125,71.70574951171875,72.50018310546875,76.30596923828125,0.6921512484550476
1002,167,473.30950927734375,36.98545837402344,57.282470703125,49.27030944824219,0.5457689762115479
1002,168,364.44256591796875,41.31501770019531,67.12615966796875,49.28459930419922,0.745179295539856
1003,161,162.67543029785156,197.90341186523438,153.2517852783203,145.98220825195312,0.8596242666244507
1003,164,519.739501953125,74.09471893310547,71.74139404296875,76.13556671142578,0.6526036858558655
1003,167,472.2751159667969,39.146217346191406,57.204864501953125,49.58397674560547,0.6560208797454834
1003,168,361.9385986328125,44.016571044921875,67.36099243164062,50.25574493408203,0.7515791058540344
1004,161,149.9052734375,206.3252716064453,159.9443359375,152.86656188964844,0.8239481449127197
1004,164,519.3931274414062,77.62626647949219,72.32061767578125,77.37135314941406,0.6180055737495422
1004,167,470.7095031738281,41.50861358642578,57.576812744140625,50.44879913330078,0.6389451026916504
1004,168,358.8995361328125,46.187137603759766,68.45074462890625,51.81637191772461,0.7579089999198914
1005,161,136.84710693359375,216.0521697998047,166.01919555664062,159.0382537841797,0.8402231335639954
1005,164,519.9279174804688,80.12034606933594,71.855224609375,77.13589477539062,0.6486661434173584
1005,167,469.5909729003906,43.744049072265625,56.945159912109375,50.36400604248047,0.6591299176216125
1005,168,356.3427734375,48.91050338745117,68.2333984375,52.33735275268555,0.7732476592063904
1006,161,122.4600601196289,225.4246826171875,172.21658325195312,165.35128784179688,0.9084727168083191
1006,164,520.5943603515625,84.75321197509766,71.69793701171875,77.16742706298828,0.6041733622550964
1006,167,467.875,46.01692581176758,57.4818115234375,51.21450424194336,0.7864148020744324
1006,168,353.7405090332031,51.520748138427734,68.89028930664062,53.52694320678711,0.7707667350769043
1007,161,108.5577392578125,236.62644958496094,178.26986694335938,171.46214294433594,0.8706651329994202
1007,164,520.6026611328125,88.0467529296875,73.31011962890625,79.51173400878906,0.6579729914665222
1007,167,465.5144958496094,47.59901809692383,58.507537841796875,52.584659576416016,0.6303941011428833
1007,168,351.4717712402344,54.83660125732422,69.03924560546875,54.31480407714844,0.7940199375152588
1008,161,91.88107299804688,245.8722686767578,188.0860595703125,181.3302459716797,0.8469427227973938
1008,164,520.8985595703125,91.72576904296875,73.8502197265625,80.41569519042969,0.6944642066955566
1008,167,464.32421875,49.9881477355957,58.12847900390625,52.5936164855957,0.7745753526687622
1008,168,348.3349914550781,56.925865173339844,69.98202514648438,55.735984802246094,0.8040324449539185
1009,161,74.77167510986328,258.0694580078125,196.28408813476562,189.517578125,0.889981210231781
1009,164,520.2272338867188,95.52871704101562,75.728271484375,83.02056884765625,0.649224042892456
1009,167,463.0875244140625,52.52912902832031,58.420166015625,53.17018127441406,0.6617662310600281
1009,168,345.616455078125,60.67498016357422,69.7491455078125,56.00498962402344,0.7733427286148071
1010,161,55.88855743408203,270.1861267089844,205.7176513671875,198.84451293945312,0.907356321811676
1010,164,520.1373291015625,98.93433380126953,77.16162109375,85.12738800048828,0.5585283041000366
1010,167,461.62115478515625,55.08977127075195,58.94256591796875,54.05336380004883,0.6551207900047302
1010,168,342.4041442871094,63.86498260498047,71.37228393554688,57.914405822753906,0.6707637310028076
1011,161,33.87234115600586,279.144287109375,219.42327880859375,213.13226318359375,0.8373056650161743
1011,164,519.9772338867188,103.38871765136719,78.59307861328125,87.080078125,0.6899476051330566
1011,167,460.5632019042969,58.02455139160156,58.246734619140625,53.71015930175781,0.5724798440933228
1011,168,339.54486083984375,67.3176498413086,71.54885864257812,58.550743103027344,0.8053249716758728
1012,161,11.550241470336914,292.4927062988281,233.2604217529297,227.54464721679688,0.8120401501655579
1012,164,519.861328125,107.14673614501953,79.21514892578125,88.06346893310547,0.7190603017807007
1012,167,458.97705078125,60.91900634765625,59.06005859375,54.794105529785156,0.6214162111282349
1012,168,336.31304931640625,71.26078033447266,71.64474487304688,58.869041442871094,0.7781872749328613
1013,161,0.0,308.0038757324219,231.46627807617188,226.64010620117188,0.5493209958076477
1013,164,519.4441528320312,111.67268371582031,80.23614501953125,89.46600341796875,0.6992453932762146
1013,167,457.3338623046875,63.47746658325195,59.947265625,55.930294036865234,0.5823637247085571
1013,168,332.8656311035156,75.07794189453125,72.20361328125,59.43601989746094,0.705760657787323
1014,161,0.0,325.8960876464844,216.77162170410156,214.08267211914062,0.5609734058380127
1014,164,519.4937133789062,116.76937866210938,81.1448974609375,90.68368530273438,0.7963764071464539
1014,167,455.5255432128906,66.85047149658203,59.626068115234375,55.564849853515625,0.6086858510971069
1014,168,329.0216979980469,79.04875946044922,73.07131958007812,60.57068634033203,0.7967764139175415
1015,161,0.0,343.0798645019531,201.55169677734375,196.92013549804688,0.7476928234100342
1015,164,517.666259765625,120.35655212402344,84.5531005859375,95.03533935546875,0.7929055690765381
1015,167,453.59832763671875,68.92671203613281,61.1959228515625,57.32691955566406,0.5790673494338989
1015,168,324.67120361328125,82.89238739013672,75.315185546875,62.82762908935547,0.7841429710388184
1016,161,0.0,361.8515625,186.1728973388672,178.1484375,0.6739342212677002
1016,164,515.8374633789062,125.6030044555664,88.65679931640625,100.56221771240234,0.8018088936805725
1016,167,451.7457580566406,71.50603485107422,61.704437255859375,58.106407165527344,0.46231257915496826
1016,168,321.6236572265625,86.96607208251953,75.4598388671875,63.02558135986328,0.7545832991600037
1017,161,1.4902392625808716,382.0340576171875,167.48545837402344,157.9659423828125,0.7618422508239746
1017,164,515.2479248046875,130.26856994628906,89.28277587890625,101.75601196289062,0.7920933961868286
1017,167,449.712158203125,74.64443969726562,63.06817626953125,59.641998291015625,0.5689264535903931
1017,168,317.75518798828125,90.0468521118164,76.94598388671875,64.4692153930664,0.7702697515487671
1018,161,4.457159042358398,402.90704345703125,146.43873596191406,137.09295654296875,0.7663044333457947
1018,164,513.9376831054688,135.19818115234375,92.41961669921875,105.88107299804688,0.8164960145950317
1018,167,446.9591369628906,78.30479431152344,63.921966552734375,60.592193603515625,0.6860301494598389
1018,168,312.4749755859375,93.56613159179688,79.44580078125,67.0086669921875,0.6679496169090271
1019,161,6.171647071838379,426.21533203125,124.34884643554688,113.78466796875,0.5210156440734863
1019,164,512.64453125,141.3176727294922,95.32415771484375,109.90667724609375,0.775104284286499
1019,167,443.9853820800781,80.88290405273438,65.85934448242188,62.680938720703125,0.6335541605949402
1019,168,307.7480773925781,97.37289428710938,80.661376953125,68.29573059082031,0.739507257938385
1020,161,9.375655174255371,452.8031921386719,98.3463363647461,87.19680786132812,0.6058302521705627
1020,164,511.6310729980469,145.85293579101562,98.26596069335938,114.0982666015625,0.8142483234405518
1020,167,442.2288818359375,83.89508056640625,66.30276489257812,63.30696105957031,0.6196213960647583
1020,168,302.779052734375,102.66231536865234,82.36105346679688,69.9634017944336,0.7268027663230896
1021,164,510.196044921875,151.35601806640625,100.32855224609375,117.04544067382812,0.8539673089981079
1021,167,440.1741027832031,86.61005401611328,67.23709106445312,64.5249252319336,0.5001633167266846
1021,168,298.5792236328125,107.45946502685547,83.79788208007812,71.36051177978516,0.7586331963539124
1022,164,508.7725830078125,157.1514129638672,103.490234375,121.32789611816406,0.8528262376785278
1022,167,437.18511962890625,89.60812377929688,69.18084716796875,66.73014831542969,0.5193961262702942
1022,168,294.03717041015625,111.7971420288086,85.1580810546875,72.81993865966797,0.7503538131713867
1023,164,507.93145751953125,164.3616943359375,106.56005859375,125.42919921875,0.8626718521118164
1023,167,435.07891845703125,93.14801788330078,70.58029174804688,68.21654510498047,0.579113781452179
1023,168,286.73406982421875,116.52449798583984,88.548828125,76.01551055908203,0.7611330151557922
1024,164,506.6050720214844,170.539794921875,110.12185668945312,130.24911499023438,0.8427203893661499
1024,167,431.5212097167969,97.0656967163086,73.53170776367188,71.39147186279297,0.4655037224292755
1024,168,281.3628845214844,121.38371276855469,90.04840087890625,77.36465454101562,0.7010535001754761
1025,164,505.4148254394531,177.4043731689453,114.19515991210938,135.97972106933594,0.8027801513671875
1025,167,429.4839172363281,100.68585205078125,73.86328125,72.00154113769531,0.5740904808044434
1025,168,275.1906433105469,126.48587036132812,93.3226318359375,80.54043579101562,0.8320362567901611
1026,164,503.89154052734375,184.89573669433594,116.956298828125,139.93980407714844,0.8915117979049683
1026,167,427.5266418457031,104.68436431884766,73.65713500976562,71.8265609741211,0.4771701395511627
1026,168,269.0992431640625,131.5460662841797,95.41943359375,82.60136413574219,0.8467603325843811
1027,164,501.3449401855469,192.41531372070312,121.24911499023438,145.68179321289062,0.8705270886421204
1027,167,424.40289306640625,108.43649291992188,75.95974731445312,74.36474609375,0.5177109241485596
1027,168,262.3018798828125,135.21646118164062,98.39581298828125,85.42091369628906,0.8146727681159973
1028,164,499.4654541015625,200.67901611328125,123.9178466796875,149.19644165039062,0.8873887062072754
1028,167,422.0500793457031,112.38776397705078,77.26333618164062,75.63939666748047,0.6997238993644714
1028,168,255.6800079345703,142.63677978515625,100.79875183105469,87.71379089355469,0.8298749923706055
1029,164,497.3419494628906,209.05873107910156,127.57064819335938,154.39866638183594,0.8572277426719666
1029,167,419.3515319824219,115.92234802246094,79.03271484375,77.43978881835938,0.6654925346374512
1029,168,248.92027282714844,150.3347930908203,102.33164978027344,89.1239013671875,0.8292779922485352
1030,164,495.7774658203125,217.60507202148438,131.88385009765625,160.76678466796875,0.8394510746002197
1030,167,416.8597412109375,120.4263687133789,78.65274047851562,76.91980743408203,0.692360520362854
1030,168,241.02407836914062,156.98422241210938,105.09185791015625,91.64187622070312,0.8005084991455078
1031,164,493.3613586425781,226.814453125,137.11563110351562,168.68048095703125,0.8003048300743103
1031,167,413.9481506347656,125.2106704711914,80.56039428710938,78.89691925048828,0.654005765914917
1031,168,233.5176544189453,163.97991943359375,107.51045227050781,93.74490356445312,0.753566563129425
1032,164,491.0458984375,237.16932678222656,141.96490478515625,176.22877502441406,0.8399616479873657
1032,167,409.63623046875,129.54254150390625,83.65921020507812,82.05908203125,0.7250855565071106
1032,168,225.3893585205078,171.18724060058594,110.10423278808594,95.95167541503906,0.7581741809844971
1033,164,487.9189758300781,247.64620971679688,147.82095336914062,185.468505859375,0.9031317234039307
1033,167,406.55877685546875,134.40316772460938,85.06951904296875,83.39822387695312,0.6866682767868042
1033,168,215.82627868652344,178.76722717285156,114.41371154785156,99.70771789550781,0.8483132719993591
1034,164,486.50262451171875,258.58917236328125,151.3314208984375,191.86074829101562,0.8661038279533386
1034,167,402.5643005371094,139.4297332763672,87.46170043945312,85.82896423339844,0.7908642888069153
1034,168,206.1864013671875,186.38096618652344,118.93801879882812,103.73030090332031,0.8360328078269958
1035,164,483.9302978515625,270.4061584472656,155.77972412109375,199.46429443359375,0.7372117638587952
1035,167,399.0406494140625,144.2415313720703,88.7420654296875,87.26060485839844,0.7107383012771606
1035,168,195.6473388671875,193.79331970214844,123.77288818359375,108.16758728027344,0.7862792611122131
1036,164,481.02178955078125,284.4970703125,162.0703125,209.6265869140625,0.6861154437065125
1036,167,394.71868896484375,149.43064880371094,91.66766357421875,90.55349731445312,0.7611303329467773
1036,168,185.36587524414062,202.42367553710938,128.36593627929688,112.44464111328125,0.8139641880989075
1037,164,476.2683410644531,296.9268798828125,169.67855834960938,221.42095947265625,0.7290754318237305
1037,167,390.1355285644531,154.62728881835938,93.91641235351562,93.08863830566406,0.7678537368774414
1037,168,174.20602416992188,212.1362762451172,133.42318725585938,117.11973571777344,0.8576921224594116
1038,164,475.4266052246094,310.6969299316406,170.82394409179688,223.52035522460938,0.6610699892044067
1038,167,386.349365234375,160.6299591064453,95.24703979492188,94.37516784667969,0.7600460648536682
1038,168,162.34840393066406,221.3860626220703,138.11463928222656,121.36433410644531,0.8218638896942139
1039,164,478.00653076171875,325.0115966796875,165.80841064453125,214.9884033203125,0.7979905009269714
1039,167,382.1722412109375,167.09561157226562,97.635986328125,96.91921997070312,0.7094317674636841
1039,168,148.6043701171875,231.8006134033203,145.02413940429688,127.73469543457031,0.8394857048988342
1040,164,483.25726318359375,340.83203125,157.140380859375,199.16796875,0.640175998210907
1040,167,376.9185485839844,172.54461669921875,101.11471557617188,100.6483154296875,0.7928839921951294
1040,168,136.07688903808594,243.51722717285156,148.98875427246094,131.2755584716797,0.7852123975753784
1041,164,487.1488037109375,358.9913635253906,147.5059814453125,181.00863647460938,0.6955174207687378
1041,167,371.7715148925781,178.60614013671875,103.84173583984375,103.68048095703125,0.7964734435081482
1041,168,120.81928253173828,255.03001403808594,155.783203125,137.36195373535156,0.7626280188560486
1042,164,490.8324279785156,379.0452880859375,137.53817749023438,160.9547119140625,0.38532766699790955
1042,167,366.95208740234375,185.55108642578125,106.24212646484375,106.39614868164062,0.7619263529777527
1042,168,102.96730041503906,266.5108947753906,164.69459533691406,145.22042846679688,0.7237371802330017
1042,177,493.7281188964844,14.278755187988281,37.830780029296875,18.14838409423828,0.43012183904647827
1043,164,498.9736022949219,400.50360107421875,125.97360229492188,139.49639892578125,0.7783022522926331
1043,167,361.72003173828125,192.77783203125,108.77365112304688,109.01327514648438,0.8322530388832092
1043,168,85.27314758300781,278.3459167480469,174.1374969482422,153.84652709960938,0.7577675580978394
1043,177,492.3725280761719,14.447657585144043,40.741058349609375,19.530803680419922,0.47101104259490967
1044,164,507.29541015625,423.82489013671875,112.33355712890625,116.17510986328125,0.7489798665046692
1044,167,356.1378173828125,200.44216918945312,112.17874145507812,112.62396240234375,0.7738852500915527
1044,168,66.9736557006836,290.17974853515625,185.41262817382812,164.38885498046875,0.6788833141326904
1044,177,490.0539245605469,14.167688369750977,44.072967529296875,21.158246994018555,0.5077012777328491
1045,164,515.3655395507812,449.2737121582031,96.243896484375,90.72628784179688,0.7500912547111511
1045,167,349.9045715332031,208.01129150390625,115.79086303710938,116.56085205078125,0.800001859664917
1045,168,48.413822174072266,304.7027587890625,195.35031127929688,173.537353515625,0.5147569179534912
1045,177,486.7991027832031,14.1333646774292,48.566436767578125,23.430782318115234,0.5411601662635803
1046,164,524.9569091796875,477.7972106933594,76.02642822265625,62.202789306640625,0.6553304195404053
1046,167,343.3885498046875,216.0719451904297,120.04156494140625,121.14582824707031,0.7327674627304077
1046,177,484.92877197265625,13.951675415039062,50.5328369140625,24.580585479736328,0.5110119581222534
1047,167,336.9765319824219,224.26490783691406,123.37762451171875,124.89097595214844,0.6457676291465759
1047,177,483.0302734375,14.009029388427734,54.4324951171875,26.831329345703125,0.5888329744338989
1047,168,7.398405075073242,339.4977722167969,211.21304321289062,188.04556274414062,0.6940593123435974
1048,167,330.038330078125,233.2504425048828,127.2713623046875,129.03880310058594,0.7519702315330505
1048,177,480.1554870605469,13.767777442932129,58.276885986328125,29.227989196777344,0.6105325818061829
1048,168,0.7258070111274719,357.905029296875,201.53912353515625,179.18927001953125,0.6509753465652466
1049,167,322.3298034667969,241.7638397216797,132.48251342773438,134.9036407470703,0.832506537437439
1049,177,477.5101318359375,13.426137924194336,61.4307861328125,31.4439640045166,0.6569974422454834
1049,168,0.21835921704769135,377.045654296875,185.04762268066406,162.954345703125,0.680597722530365
1050,167,314.6943664550781,251.04791259765625,137.88162231445312,141.06057739257812,0.7754608392715454
1050,177,474.6084289550781,13.917230606079102,63.433868408203125,33.15180206298828,0.5891239047050476
1050,168,1.4359049797058105,395.9316101074219,167.49044799804688,144.06838989257812,0.7378711700439453
1051,167,306.4958801269531,261.53997802734375,142.20419311523438,146.130126953125,0.7769549489021301
1051,177,471.6325988769531,14.026378631591797,67.77810668945312,36.37835693359375,0.7585008144378662
1051,168,4.040329456329346,417.2884216308594,145.95428466796875,122.71157836914062,0.5642337799072266
1052,167,297.9142761230469,271.8162841796875,147.3226318359375,152.24014282226562,0.7800012826919556
1052,177,470.2561950683594,13.93409538269043,69.89572143554688,38.62498474121094,0.7125475406646729
1052,168,9.539854049682617,441.2900695800781,120.53138732910156,98.70993041992188,0.4591488540172577
1053,167,289.4019470214844,283.065673828125,152.94815063476562,158.9425048828125,0.5947604775428772
1053,177,468.711669921875,14.109285354614258,72.060791015625,41.15130615234375,0.7685001492500305
1053,168,13.895748138427734,466.446044921875,93.82331848144531,73.553955078125,0.48504942655563354
1054,167,279.22943115234375,295.3603210449219,159.94427490234375,167.49853515625,0.8328334093093872
1054,177,468.12554931640625,14.908645629882812,71.824951171875,42.31873321533203,0.766754150390625
1055,167,268.0724792480469,307.7048034667969,166.64535522460938,175.6429443359375,0.7891167998313904
1055,177,467.81982421875,16.070236206054688,71.8941650390625,43.638370513916016,0.7824400067329407
1056,167,256.4172058105469,318.66680908203125,174.23880004882812,184.79672241210938,0.7193372249603271
1056,177,467.4616394042969,17.59705352783203,71.74295043945312,44.851470947265625,0.742649257183075
1057,167,244.48060607910156,332.2689514160156,182.2478790283203,194.71029663085938,0.5924943685531616
1057,177,467.80352783203125,19.697471618652344,70.32916259765625,45.21112060546875,0.7713949084281921
1058,167,237.54132080078125,346.33355712890625,179.51687622070312,191.34417724609375,0.42693862318992615
1058,177,469.1415100097656,22.407703399658203,66.47000122070312,43.74802780151367,0.7397170662879944
1059,167,230.62095642089844,360.1085510253906,173.9037628173828,179.89144897460938,0.52496337890625
1059,177,469.1867370605469,24.715002059936523,64.98794555664062,43.79998779296875,0.7571897506713867
1060,167,230.23411560058594,377.4859924316406,162.03477478027344,162.51400756835938,0.7148768901824951
1060,177,467.7637939453125,25.45357894897461,67.630615234375,46.74872970581055,0.7931563258171082
1061,167,231.38575744628906,394.2628479003906,149.75148010253906,145.73715209960938,0.7410976886749268
1061,177,466.46478271484375,27.005247116088867,68.89935302734375,48.85810089111328,0.7838943004608154
1062,167,233.89088439941406,412.75201416015625,136.4800262451172,127.24798583984375,0.6104427576065063
1062,177,467.2851867675781,29.319135665893555,67.73098754882812,48.990196228027344,0.7412896156311035
1063,167,236.49754333496094,432.7262878417969,121.43458557128906,107.27371215820312,0.7299343347549438
1063,177,467.5478515625,31.143329620361328,67.068359375,49.39755630493164,0.7725327014923096
1064,167,238.9591522216797,454.8401794433594,103.42161560058594,85.15982055664062,0.6235944628715515
1064,177,467.40185546875,33.20143508911133,66.5040283203125,49.776302337646484,0.8125448822975159
1065,167,242.9971466064453,478.70892333984375,84.44682312011719,61.29107666015625,0.43099308013916016
1065,177,465.30462646484375,35.45444107055664,65.86346435546875,50.09751510620117,0.8192795515060425
1066,177,464.0390625,37.59978103637695,65.6162109375,50.8423957824707,0.8302081227302551
1067,177,463.5000915527344,40.01307678222656,64.38742065429688,50.736671447753906,0.8068873882293701
1068,177,462.6875915527344,42.66876983642578,63.423675537109375,50.688819885253906,0.8111032843589783
1069,177,460.9837341308594,44.917354583740234,64.48269653320312,52.440555572509766,0.8439722061157227
1070,177,459.4740905761719,47.39435577392578,65.74130249023438,54.479209899902344,0.8041565418243408
1071,177,459.0267639160156,49.78993606567383,65.78469848632812,55.39839553833008,0.7699376940727234
1072,177,458.96124267578125,52.45737075805664,64.67193603515625,55.19562911987305,0.7611206769943237
1073,177,457.8592224121094,54.93632125854492,65.40939331054688,56.5643424987793,0.7755634784698486
1074,177,457.1328125,57.760894775390625,63.87841796875,55.74076843261719,0.727014422416687
1075,177,455.387451171875,60.354469299316406,64.23919677734375,56.64459228515625,0.6510831713676453
1076,177,453.9752502441406,63.061256408691406,65.28018188476562,58.308143615722656,0.8305192589759827
1076,184,533.880859375,15.341554641723633,42.55615234375,25.5329532623291,0.44167816638946533
1077,177,452.5817565917969,66.75580596923828,66.10739135742188,59.706298828125,0.7763385772705078
1077,184,532.3241577148438,15.50057315826416,45.96539306640625,27.67135238647461,0.36573052406311035
1078,177,451.82867431640625,69.53925323486328,66.628662109375,60.733314514160156,0.7604366540908813
1078,184,529.5540771484375,14.494369506835938,49.83111572265625,30.176593780517578,0.42063772678375244
1079,177,451.1573486328125,71.89937591552734,67.0281982421875,61.825462341308594,0.67134028673172
1079,184,527.9003295898438,13.974221229553223,54.18609619140625,33.17060852050781,0.4966171085834503
1080,177,449.2790832519531,75.76882934570312,68.25643920898438,63.60295104980469,0.7337619662284851
1080,184,526.5818481445312,14.32185173034668,56.63458251953125,35.129180908203125,0.5304902195930481
1081,177,447.3234558105469,78.88705444335938,71.23733520507812,67.09352111816406,0.7186751961708069
1081,184,526.0619506835938,14.943123817443848,57.9422607421875,36.51712417602539,0.5728116631507874
1082,177,444.6009521484375,82.11483764648438,73.0465087890625,69.58026123046875,0.7384178638458252
1082,184,526.0936889648438,15.475360870361328,58.2044677734375,37.35469055175781,0.5266925096511841
1082,185,419.94610595703125,13.928600311279297,40.405487060546875,15.356887817382812,0.393218457698822
1083,177,443.5374755859375,85.92403411865234,72.2735595703125,69.34282684326172,0.6390920281410217
1083,184,524.5187377929688,16.210668563842773,60.20263671875,39.381385803222656,0.6198201179504395
1083,185,415.5086364746094,14.076834678649902,46.027557373046875,17.53121566772461,0.3907087743282318
1084,177,440.7777099609375,89.3261489868164,75.15771484375,72.92659759521484,0.7606024146080017
1084,184,523.2896118164062,17.276254653930664,62.0103759765625,41.46405029296875,0.5052841305732727
1084,185,411.6648254394531,14.113237380981445,51.138763427734375,19.578763961791992,0.4368165135383606
1085,177,440.1091003417969,92.6487808227539,75.92129516601562,74.13953399658203,0.7718145847320557
1085,184,524.4658813476562,20.41455078125,59.715576171875,40.75815963745117,0.5136172771453857
1085,185,409.5646057128906,14.366313934326172,52.932342529296875,20.43435287475586,0.4983672797679901
1086,177,438.0103454589844,96.61945343017578,78.10330200195312,76.85594940185547,0.8147327899932861
1086,184,524.3403930664062,22.697786331176758,59.4075927734375,41.3463134765625,0.5405970215797424
1086,185,405.7867431640625,14.657825469970703,56.92486572265625,22.223224639892578,0.5117037296295166
1087,177,436.34515380859375,101.087646484375,77.7276611328125,76.84957885742188,0.756426990032196
1087,184,525.0783081054688,25.259258270263672,57.60235595703125,40.78732681274414,0.4635647237300873
1087,185,402.13385009765625,15.198799133300781,60.554351806640625,24.012863159179688,0.6028187870979309
1088,177,433.7950744628906,105.10669708251953,80.87600708007812,80.4685287475586,0.7428099513053894
1088,184,523.0234985351562,26.862503051757812,60.1522216796875,43.48772430419922,0.6969727873802185
1088,185,398.9120178222656,15.040966033935547,64.89962768554688,26.236793518066406,0.6202735304832458
1089,177,431.10589599609375,109.62265014648438,81.6014404296875,81.77520751953125,0.7782328724861145
1089,184,520.0804443359375,28.35403060913086,62.87811279296875,46.41782760620117,0.6883367300033569
1089,185,395.1023254394531,14.692778587341309,69.97808837890625,28.974895477294922,0.6912704110145569
1090,177,427.4662170410156,113.19759368896484,84.17770385742188,85.34232330322266,0.7763539552688599
1090,184,519.63671875,30.165010452270508,63.044189453125,47.384971618652344,0.6304982900619507
1090,185,391.2081298828125,14.462363243103027,74.60409545898438,31.85736083984375,0.7001063227653503
1091,177,425.8499755859375,118.64567565917969,83.33682250976562,85.0877685546875,0.7906019687652588
1091,184,520.3170166015625,31.96198081970215,61.8416748046875,47.22516632080078,0.5472840070724487
1091,185,388.40570068359375,14.019476890563965,77.7183837890625,34.30104064941406,0.7382867336273193
1092,177,424.4201354980469,123.85857391357422,83.43927001953125,85.8055648803711,0.6838681101799011
1092,184,520.7759399414062,34.83470916748047,60.48779296875,46.80992889404297,0.6160210967063904
1092,185,385.68682861328125,14.163468360900879,79.80526733398438,36.44947052001953,0.761440634727478
1093,177,421.3077697753906,129.52890014648438,85.3963623046875,88.48416137695312,0.7878523468971252
1093,184,520.6061401367188,37.25483703613281,60.2872314453125,47.33740997314453,0.7526475191116333
1093,185,382.7103576660156,14.401286125183105,80.97885131835938,38.43563461303711,0.7243615984916687
1094,177,419.26287841796875,134.5322265625,85.699951171875,89.02949523925781,0.7408767342567444
1094,184,520.3818359375,39.292449951171875,60.052734375,47.71874237060547,0.7413446307182312
1094,185,380.65264892578125,15.190646171569824,81.90444946289062,40.416343688964844,0.8094291687011719
1095,177,417.6091003417969,139.99456787109375,86.61868286132812,90.18307495117188,0.795325756072998
1095,184,520.9373168945312,41.39820098876953,59.11865234375,47.405792236328125,0.6199268102645874
1095,185,378.73040771484375,16.27741241455078,81.79556274414062,41.956756591796875,0.7161641120910645
1096,177,413.97393798828125,145.56411743164062,88.6319580078125,93.03123474121094,0.6791723966598511
1096,184,521.1876220703125,43.02250289916992,59.13031005859375,47.97934341430664,0.5658200979232788
1096,185,377.4479675292969,17.484907150268555,81.36541748046875,43.3101806640625,0.7576106786727905
1097,177,410.0899963378906,150.15663146972656,92.03256225585938,97.5391845703125,0.741233766078949
1097,184,520.74169921875,47.02293014526367,59.116455078125,48.72651290893555,0.6155427098274231
1097,185,376.78948974609375,19.374866485595703,80.48941040039062,44.40446853637695,0.8277882933616638
1098,177,406.5296630859375,155.83612060546875,94.571044921875,100.8153076171875,0.7517471313476562
1098,184,520.4132080078125,49.51476287841797,59.93243408203125,50.090484619140625,0.7036473155021667
1098,185,376.93182373046875,21.4896297454834,77.39306640625,44.16002655029297,0.8084633350372314
1099,177,402.733154296875,162.52127075195312,97.32781982421875,104.63894653320312,0.7329643964767456
1099,184,520.74560546875,51.8776741027832,59.92572021484375,50.73555374145508,0.6844232678413391
1099,185,374.9111633300781,23.17857551574707,77.00711059570312,45.39601135253906,0.8366653919219971
1099,186,552.5355834960938,13.795830726623535,36.14300537109375,23.962852478027344,0.39038029313087463
1100,177,400.0553283691406,169.3582305908203,98.48785400390625,106.70130920410156,0.8038400411605835
1100,184,520.4634399414062,53.7786979675293,61.22967529296875,52.6377067565918,0.6717772483825684
1100,185,374.1504211425781,26.06768798828125,75.49154663085938,45.836517333984375,0.8032970428466797
1100,186,550.3576049804688,14.080607414245605,39.67181396484375,26.35928726196289,0.34636834263801575
1101,177,397.2312316894531,176.8255615234375,99.74676513671875,108.28524780273438,0.8098825812339783
1101,184,519.978515625,56.2553596496582,61.547607421875,53.698238372802734,0.5700270533561707
1101,185,371.61529541015625,27.933874130249023,76.37405395507812,47.8125,0.8652240633964539
1101,186,549.2596435546875,14.178089141845703,40.68975830078125,27.104694366455078,0.41684138774871826
1102,177,393.5773010253906,183.94309997558594,102.3277587890625,111.50505065917969,0.7854349613189697
1102,184,519.2720336914062,58.46340560913086,62.190673828125,55.03224563598633,0.6631112098693848
1102,185,370.69903564453125,30.134735107421875,74.07406616210938,47.68006134033203,0.812256932258606
1102,186,549.0335693359375,14.065045356750488,40.89349365234375,27.304515838623047,0.28875532746315
1103,177,389.42523193359375,191.5011749267578,105.60110473632812,115.45875549316406,0.8079015016555786
1103,184,520.4989013671875,62.344825744628906,60.67974853515625,54.28118133544922,0.6110368371009827
1103,185,369.4920654296875,33.20002365112305,72.73736572265625,48.110233306884766,0.6691251993179321
1103,186,549.4303588867188,13.997880935668945,39.83056640625,26.625864028930664,0.3424847722053528
1104,177,383.91552734375,199.520751953125,110.22482299804688,121.24325561523438,0.7506894469261169
1104,184,519.9620971679688,64.91944885253906,62.07818603515625,56.39942169189453,0.5500055551528931
1104,185,368.1253356933594,35.370704650878906,71.59246826171875,48.463134765625,0.7449324131011963
1104,186,546.9713134765625,13.706080436706543,44.4010009765625,29.937522888183594,0.4218241572380066
1105,177,379.1927795410156,207.43104553222656,112.68328857421875,124.01921081542969,0.8299334645271301
1105,184,519.7742309570312,69.34130096435547,61.87408447265625,56.851417541503906,0.717181921005249
1105,185,366.1626892089844,38.10797882080078,70.55044555664062,48.76134490966797,0.7436861991882324
1105,186,546.13525390625,13.242995262145996,44.87481689453125,30.377960205078125,0.5341963171958923
1106,177,372.6350402832031,214.8114776611328,118.69168090820312,131.3390655517578,0.7933757901191711
1106,184,519.588134765625,72.53133392333984,62.2762451171875,57.78026580810547,0.780702531337738
1106,185,364.13092041015625,40.77396011352539,70.004150390625,49.30842971801758,0.8063182234764099
1106,186,543.892333984375,13.260834693908691,48.290771484375,33.0471305847168,0.5956322550773621
1107,177,367.64630126953125,223.27540588378906,122.16958618164062,136.16322326660156,0.7628632187843323
1107,184,518.3016967773438,75.00994873046875,64.4940185546875,60.635009765625,0.7758857011795044
1107,185,361.6398010253906,43.235923767089844,70.8375244140625,50.88849639892578,0.7715375423431396
1107,186,542.1171264648438,13.591092109680176,50.87744140625,35.310001373291016,0.5592907071113586
1108,177,362.39263916015625,233.3297882080078,127.79074096679688,143.65357971191406,0.8523241281509399
1108,184,517.5231323242188,77.15699005126953,65.67852783203125,62.499061584472656,0.7349429726600647
1108,185,358.6533508300781,46.02552032470703,71.72244262695312,52.552284240722656,0.8218289017677307
1108,186,541.3583984375,13.882234573364258,51.83990478515625,36.463623046875,0.6710530519485474
1109,177,356.97283935546875,242.30856323242188,131.35891723632812,148.61740112304688,0.7938634157180786
1109,184,516.6408081054688,80.9745101928711,66.5386962890625,64.07808685302734,0.700634241104126
1109,185,356.2629089355469,48.540889739990234,71.4415283203125,53.24814987182617,0.8038613796234131
1109,186,540.1737060546875,14.241255760192871,54.38665771484375,38.961334228515625,0.6504275798797607
1110,177,351.46148681640625,253.85682678222656,135.17587280273438,153.81080627441406,0.8170437812805176
1110,184,516.1843872070312,84.57264709472656,66.7896728515625,65.11570739746094,0.6862204074859619
1110,185,353.96502685546875,51.489540100097656,71.45675659179688,54.105018615722656,0.8038057684898376
1110,186,539.60693359375,14.565940856933594,55.27154541015625,40.36268997192383,0.7039055824279785
1111,177,344.6676330566406,263.5838623046875,140.19952392578125,160.6822509765625,0.831948459148407
1111,184,514.2972412109375,87.77549743652344,68.03466796875,66.83908081054688,0.6820871829986572
1111,185,351.1590270996094,54.275787353515625,71.6522216796875,55.20539855957031,0.8067060708999634
1111,186,539.3729248046875,15.577247619628906,55.6639404296875,41.484989166259766,0.5924246311187744
1112,177,337.175048828125,275.6011047363281,145.86538696289062,168.83383178710938,0.8243278861045837
1112,184,513.8212280273438,91.2152328491211,69.78253173828125,69.37642669677734,0.6644204258918762
1112,185,349.2646484375,57.24448013305664,70.9169921875,55.403385162353516,0.8665192127227783
1112,186,539.1944580078125,16.608245849609375,55.914794921875,42.443485260009766,0.624190628528595
1113,177,327.7438659667969,287.438720703125,153.73440551757812,179.75274658203125,0.8014280200004578
1113,184,513.7896728515625,95.00763702392578,69.2498779296875,69.31220245361328,0.6812376379966736
1113,185,346.1751708984375,60.93067932128906,71.83370971679688,56.77521514892578,0.7955828309059143
1113,186,539.62744140625,19.233020782470703,54.17242431640625,41.78118133544922,0.7797561287879944
1114,177,319.1463928222656,300.9335021972656,160.64218139648438,189.75970458984375,0.7980712056159973
1114,184,510.4510498046875,98.43607330322266,73.2008056640625,73.88277435302734,0.6691587567329407
1114,185,342.5927734375,63.604095458984375,72.8602294921875,58.314056396484375,0.7976972460746765
1114,186,539.9701538085938,21.716562271118164,53.70281982421875,41.95726776123047,0.7364553809165955
1114,187,487.2525939941406,13.617908477783203,40.109527587890625,16.471410751342773,0.38657164573669434
1115,177,309.7939453125,315.2007141113281,168.21072387695312,200.75765991210938,0.7769956588745117
1115,184,508.9725036621094,102.63639068603516,73.71389770507812,74.6036148071289,0.6849258542060852
1115,185,339.4013366699219,66.99263763427734,73.10806274414062,59.152549743652344,0.8485276699066162
1115,186,538.7503662109375,23.761402130126953,54.64569091796875,43.33414077758789,0.7631039619445801
1115,187,485.1990661621094,13.235859870910645,42.755645751953125,17.595230102539062,0.478400319814682
1116,177,301.5682373046875,330.22332763671875,170.5191650390625,205.30242919921875,0.6157457828521729
1116,184,507.6356506347656,106.41365051269531,75.98690795898438,77.50289916992188,0.6834195256233215
1116,185,336.38232421875,70.47021484375,73.69732666015625,60.17706298828125,0.7959403395652771
1116,186,537.10302734375,25.791574478149414,55.36456298828125,44.49561309814453,0.79645836353302
1116,187,483.3225402832031,12.796980857849121,45.476776123046875,18.787315368652344,0.5057618618011475
1117,177,296.3165588378906,340.899169921875,166.87448120117188,199.100830078125,0.7635244131088257
1117,184,506.8300476074219,110.67964935302734,77.06491088867188,79.09412384033203,0.7818722724914551
1117,185,332.6744689941406,74.23997497558594,74.54415893554688,61.17695617675781,0.8235288858413696
1117,186,536.3031005859375,28.00963592529297,56.3203125,45.999176025390625,0.7393373250961304
1117,187,481.6284484863281,12.885570526123047,47.695281982421875,19.838703155517578,0.40872082114219666
1118,177,297.39654541015625,361.6769104003906,154.02239990234375,178.32308959960938,0.7287641167640686
1118,184,505.8098449707031,115.50591278076172,78.43142700195312,81.3270492553711,0.7763559818267822
1118,185,327.7423400878906,77.25775146484375,76.82965087890625,63.835601806640625,0.7665860652923584
1118,186,536.5592651367188,29.80156135559082,55.4014892578125,45.881690979003906,0.7893604040145874
1119,177,298.6666564941406,379.9696350097656,142.73562622070312,160.03036499023438,0.7036928534507751
1119,184,506.4395751953125,119.79439544677734,78.23785400390625,81.8748550415039,0.7533783912658691
1119,185,324.2239685058594,81.46580505371094,78.47723388671875,65.85519409179688,0.845589816570282
1119,186,536.5025634765625,32.34596252441406,54.760009765625,45.806983947753906,0.813030481338501
1119,187,473.2200927734375,14.547188758850098,57.0018310546875,23.95785140991211,0.3795531094074249
1120,177,300.5648193359375,400.64825439453125,130.179443359375,139.35174560546875,0.6586135029792786
1120,184,505.12738037109375,124.79015350341797,80.34771728515625,84.86664581298828,0.7035723328590393
1120,185,321.40045166015625,84.82511138916016,78.08505249023438,65.92948150634766,0.8442248106002808
1120,186,536.5518188476562,34.83121109008789,53.85693359375,45.418460845947266,0.8616195321083069
1120,187,470.6972351074219,14.934503555297852,58.792327880859375,24.929006576538086,0.5277607440948486
1121,177,303.103515625,422.431396484375,117.42233276367188,117.568603515625,0.6140206456184387
1121,184,505.2905578613281,129.20741271972656,80.86514282226562,86.10591125488281,0.7524515986442566
1121,185,317.5337829589844,88.25800323486328,79.06539916992188,67.07527923583984,0.8038915395736694
1121,186,535.513916015625,37.094234466552734,54.46331787109375,46.410160064697266,0.7808958888053894
1121,187,469.33721923828125,15.022045135498047,60.2947998046875,25.861583709716797,0.5393310785293579
1122,177,310.3677062988281,446.9578857421875,100.586181640625,93.0421142578125,0.45902618765830994
1122,184,504.75164794921875,133.8363037109375,81.81170654296875,87.76564025878906,0.7968540787696838
1122,185,312.6541748046875,91.94873046875,80.7705078125,68.988525390625,0.8082720041275024
1122,186,535.0806274414062,38.923030853271484,55.079345703125,47.35342788696289,0.7784944772720337
1122,187,468.6465759277344,15.250079154968262,61.035308837890625,26.549461364746094,0.5556979775428772
1123,177,316.2550964355469,472.54376220703125,81.68527221679688,67.45623779296875,0.5713894367218018
1123,184,503.9303283691406,140.0397491455078,83.06869506835938,89.92576599121094,0.7397394180297852
1123,185,307.5282897949219,96.42501068115234,83.162109375,71.57047271728516,0.8167874217033386
1123,186,534.7554931640625,40.77573776245117,55.5416259765625,48.281063079833984,0.7244406342506409
1123,187,465.98272705078125,14.833250045776367,64.714599609375,28.693429946899414,0.6313797235488892
1124,184,502.58441162109375,145.5178985595703,84.576171875,92.39649963378906,0.8052956461906433
1124,185,303.9800109863281,101.36456298828125,83.48980712890625,72.08012390136719,0.7931791543960571
1124,186,532.8626098632812,42.563411712646484,57.7098388671875,50.7863883972168,0.7392202615737915
1124,187,466.1028137207031,14.92553424835205,63.181304931640625,28.485301971435547,0.6306856274604797
1125,184,500.84637451171875,150.0408477783203,86.35675048828125,95.18174743652344,0.7907683253288269
1125,185,299.0482482910156,105.8018569946289,85.87966918945312,74.37830352783203,0.8060383796691895
1125,186,531.8314208984375,45.262569427490234,59.06329345703125,52.72306442260742,0.8088440299034119
1125,187,463.69549560546875,14.334420204162598,67.52490234375,31.208560943603516,0.574792206287384
1126,184,498.8526611328125,156.32754516601562,88.5494384765625,98.41378784179688,0.801896870136261
1126,185,294.5006408691406,110.93456268310547,86.8106689453125,75.4429702758789,0.7737928032875061
1126,186,531.5223388671875,48.191497802734375,58.797119140625,53.038543701171875,0.7720521688461304
1126,187,459.68048095703125,13.814715385437012,74.421630859375,35.51908874511719,0.5946229696273804
1127,184,497.256591796875,163.9543914794922,90.443603515625,101.33305358886719,0.8187296986579895
1127,185,286.97637939453125,115.25154876708984,90.7406005859375,79.28458404541016,0.8051977157592773
1127,186,531.203125,52.27793502807617,58.13226318359375,52.84525680541992,0.719264805316925
1127,187,457.6957092285156,13.382747650146484,76.40737915039062,37.68122482299805,0.6304678320884705
1127,189,583.6145629882812,13.16530990600586,40.0931396484375,18.123064041137695,0.43278172612190247
1128,184,496.1310729980469,170.12135314941406,91.66146850585938,103.44590759277344,0.8169452548027039
1128,185,281.7345886230469,120.19220733642578,92.03662109375,80.54853057861328,0.8092222213745117
1128,186,529.9075927734375,54.4951286315918,59.49761962890625,54.6064338684082,0.6718156933784485
1128,187,456.7061462402344,13.041831970214844,77.40859985351562,39.4455680847168,0.6814215183258057
1128,189,583.95703125,13.717130661010742,41.35028076171875,18.710187911987305,0.49720481038093567
1129,184,495.22747802734375,176.5712890625,94.35888671875,107.18740844726562,0.8460996747016907
1129,185,275.4490661621094,125.696044921875,93.632568359375,82.18519592285156,0.8702150583267212
1129,186,529.0547485351562,56.85593032836914,60.0147705078125,55.522525787353516,0.7310932874679565
1129,187,455.3504638671875,12.782544136047363,79.9703369140625,42.26478576660156,0.6855858564376831
1129,189,583.7720336914062,13.990961074829102,42.95147705078125,19.472902297973633,0.4743712842464447
1129,190,366.42779541015625,2.2900032997131348,44.879547119140625,26.861305236816406,0.44287317991256714
1130,184,493.5889892578125,184.81845092773438,95.522705078125,108.985107421875,0.8290238380432129
1130,185,268.88995361328125,130.27316284179688,97.96087646484375,86.71006774902344,0.855449914932251
1130,186,527.0429077148438,58.803672790527344,63.6383056640625,59.83937072753906,0.7104672789573669
1130,187,455.25665283203125,12.943604469299316,78.5018310546875,42.99519348144531,0.7277436852455139
1130,189,582.7593994140625,14.122265815734863,46.774169921875,21.312461853027344,0.5787939429283142
1130,190,363.5113525390625,1.4080709218978882,45.9632568359375,27.612838745117188,0.4662814140319824
1131,184,490.7113342285156,192.3873748779297,98.44747924804688,112.73561096191406,0.8495919704437256
1131,185,263.5643615722656,136.78334045410156,98.673828125,87.40560913085938,0.8572102189064026
1131,186,526.9989013671875,63.26115417480469,62.2440185546875,58.88165283203125,0.7633253335952759
1131,187,455.100830078125,13.979767799377441,76.75164794921875,43.43572235107422,0.7893970012664795
1131,189,581.6790161132812,14.07274341583252,50.6556396484375,23.292713165283203,0.6454628109931946
1131,190,361.5972595214844,1.0288805961608887,46.904052734375,28.228097915649414,0.48216360807418823
1132,184,487.8071594238281,200.173095703125,101.49691772460938,116.25656127929688,0.847027599811554
1132,185,257.4685363769531,143.66700744628906,99.92034912109375,88.6837158203125,0.8438763618469238
1132,186,526.9017333984375,66.28150177001953,62.51873779296875,59.42266082763672,0.6975903511047363
1132,187,452.1595153808594,14.304084777832031,80.11459350585938,47.02876663208008,0.7947588562965393
1132,189,579.672119140625,14.055208206176758,56.28363037109375,26.235387802124023,0.6559000015258789
1132,190,357.97662353515625,0.35043957829475403,50.497802734375,30.568038940429688,0.5438753366470337
1133,184,485.9567565917969,208.5882568359375,104.93026733398438,120.34564208984375,0.8577890396118164
1133,185,250.0908203125,150.6389617919922,102.1993408203125,90.96543884277344,0.8323166370391846
1133,186,524.14990234375,69.24812316894531,67.354736328125,65.15310668945312,0.5738931894302368
1133,187,451.1412048339844,14.713751792907715,80.20382690429688,48.7755012512207,0.8108944296836853
1133,189,578.3194580078125,13.7769136428833,60.48236083984375,28.673233032226562,0.6447551846504211
1133,190,353.5921630859375,0.0,54.594879150390625,33.39732360839844,0.6389442086219788
1134,184,483.37017822265625,216.57839965820312,109.23626708984375,125.79135131835938,0.8174751400947571
1134,185,242.3946990966797,156.69598388671875,105.71620178222656,94.07916259765625,0.7170836329460144
1134,186,524.8809204101562,72.93634796142578,65.9842529296875,64.51569366455078,0.651473343372345
1134,187,449.9011535644531,15.055065155029297,80.41268920898438,50.69619369506836,0.7231760621070862
1134,189,578.5131225585938,14.558303833007812,61.1982421875,29.50277328491211,0.5447919368743896
1134,190,350.0508728027344,0.0,56.8582763671875,35.159271240234375,0.675265371799469
1135,184,477.06256103515625,225.428466796875,114.9742431640625,132.54116821289062,0.8399279117584229
1135,185,234.6732635498047,164.03184509277344,108.63731384277344,96.85643005371094,0.7715612053871155
1135,186,524.8768920898438,76.81592559814453,64.90087890625,63.89263153076172,0.7791280746459961
1135,187,449.30108642578125,15.457695007324219,79.79034423828125,51.99280548095703,0.7030137181282043
1135,189,576.2633056640625,14.56069564819336,67.31689453125,33.23056411743164,0.5208964347839355
1135,190,346.5008544921875,0.0,60.08013916015625,37.79745864868164,0.6613889336585999
1136,184,475.3186950683594,235.77174377441406,118.41812133789062,136.78440856933594,0.8529602289199829
1136,185,226.37356567382812,170.8669891357422,111.9520263671875,99.97624206542969,0.802649974822998
1136,186,524.0877685546875,79.55235290527344,65.9696044921875,65.41238403320312,0.7162009477615356
1136,187,447.9262390136719,16.068227767944336,81.54299926757812,54.94292449951172,0.6291335225105286
1136,189,574.1466064453125,13.540254592895508,72.76611328125,37.01153564453125,0.5606032013893127
1136,190,344.1785888671875,0.48085567355155945,61.112152099609375,39.153743743896484,0.8029623627662659
1137,184,472.1844482421875,246.27975463867188,123.22247314453125,143.07568359375,0.8535788655281067
1137,185,217.776611328125,178.50408935546875,115.2476806640625,102.82574462890625,0.8258318305015564
1137,186,524.41552734375,84.37041473388672,63.88580322265625,63.389610290527344,0.6187446713447571
1137,187,446.06170654296875,17.521934509277344,82.565185546875,57.51372528076172,0.6179283857345581
1137,189,572.945068359375,13.3275785446167,75.99371337890625,39.827945709228516,0.6034892201423645
1137,190,342.0481872558594,1.193730115890503,62.316986083984375,40.5765380859375,0.8269720673561096
1138,184,468.9416809082031,256.5821838378906,127.98965454101562,149.28265380859375,0.7662218809127808
1138,185,208.40829467773438,186.7919464111328,119.1259765625,106.34754943847656,0.7438527345657349
1138,186,522.32421875,88.80431365966797,67.11737060546875,67.14485931396484,0.5870914459228516
1138,187,444.8996887207031,19.0954532623291,82.30459594726562,59.15373992919922,0.7403210997581482
1138,189,572.779052734375,12.649211883544922,77.773681640625,42.08121871948242,0.5743537545204163
1138,190,339.3863220214844,1.2042696475982666,64.18069458007812,42.52616882324219,0.7751966714859009
1139,184,466.79913330078125,268.1362609863281,132.73077392578125,156.03671264648438,0.8717610836029053
1139,185,198.68638610839844,194.88992309570312,123.74903869628906,110.75173950195312,0.7669208645820618
1139,186,521.8145751953125,92.55974578857422,67.8448486328125,68.1745834350586,0.6351848244667053
1139,187,444.04803466796875,20.542695999145508,81.6053466796875,60.48170471191406,0.7788998484611511
1139,189,573.126953125,13.124046325683594,78.10125732421875,43.60099792480469,0.6831408739089966
1139,190,337.8181457519531,2.897132635116577,64.02398681640625,43.20257568359375,0.7348927855491638
1140,184,464.0514831542969,280.2169189453125,138.17257690429688,163.6864013671875,0.843900740146637
1140,185,187.5910186767578,203.64219665527344,129.39720153808594,116.03874206542969,0.810802161693573
1140,186,520.9796752929688,96.65402221679688,69.6278076171875,70.34101867675781,0.6622974872589111
1140,187,445.2160949707031,23.710601806640625,77.42239379882812,58.84027862548828,0.7492284178733826
1140,189,573.6832275390625,13.702699661254883,78.6685791015625,45.301513671875,0.67709881067276
1140,190,336.2626647949219,5.482203960418701,63.5498046875,43.63665008544922,0.672291100025177
1141,184,459.9075622558594,292.50323486328125,144.25833129882812,172.83551025390625,0.8483059406280518
1141,185,175.79217529296875,212.78695678710938,135.63558959960938,122.00341796875,0.8802486062049866
1141,186,520.7047119140625,101.1626205444336,68.81756591796875,69.64823150634766,0.6473772525787354
1141,187,445.342041015625,27.20191192626953,75.00390625,58.29225158691406,0.6880598068237305
1141,189,573.7966918945312,14.155462265014648,80.24078369140625,47.75318908691406,0.6181696653366089
1141,190,333.936279296875,8.932581901550293,61.856292724609375,42.99271774291992,0.7617159485816956
1142,184,455.1476745605469,305.7840576171875,150.45333862304688,182.70114135742188,0.8357723951339722
1142,185,163.44932556152344,222.5499725341797,141.23863220214844,127.32240295410156,0.8652780055999756
1142,186,518.6493530273438,104.85450744628906,71.413818359375,72.72540283203125,0.6497312188148499
1142,187,443.88348388671875,28.675188064575195,75.42193603515625,59.992820739746094,0.7564864158630371
1142,189,574.1515502929688,14.573180198669434,82.1673583984375,50.581443786621094,0.7009052038192749
1142,190,332.67718505859375,12.147123336791992,59.369232177734375,41.614952087402344,0.7889477014541626
1143,184,449.3517761230469,319.0770263671875,158.42294311523438,195.217529296875,0.8075922727584839
1143,185,151.20321655273438,232.95135498046875,146.2589111328125,132.11502075195312,0.8454440236091614
1143,186,517.8424682617188,109.67778778076172,72.4427490234375,74.12310028076172,0.7221978306770325
1143,187,441.6131896972656,29.59653663635254,77.33126831054688,62.97779083251953,0.7849022746086121
1143,189,575.3461303710938,15.250554084777832,82.28436279296875,52.3661994934082,0.6753643155097961
1143,190,330.6103515625,14.7024564743042,58.671905517578125,41.42931365966797,0.8072674870491028
1144,184,446.10076904296875,333.73187255859375,160.68731689453125,199.9677734375,0.7768034934997559
1144,185,137.35096740722656,244.06039428710938,152.8736114501953,138.53054809570312,0.890537440776825
1144,186,516.3881225585938,113.96800231933594,74.4287109375,76.60200500488281,0.7294194102287292
1144,187,439.61151123046875,30.782669067382812,78.0535888671875,64.88851928710938,0.726012110710144
1144,189,575.8667602539062,15.527576446533203,84.9542236328125,56.05161666870117,0.5873062014579773
1144,190,328.0365295410156,16.903749465942383,58.999053955078125,42.10491180419922,0.7613973021507263
1145,184,447.4869079589844,350.1908874511719,153.75222778320312,189.80911254882812,0.5222896933555603
1145,185,122.19424438476562,255.58026123046875,160.35598754882812,145.80209350585938,0.8090596795082092
1145,186,515.6612548828125,119.0057601928711,75.53125,78.15247344970703,0.7405588030815125
1145,187,437.0478820800781,32.80051040649414,79.65090942382812,67.54830932617188,0.7891427278518677
1145,189,577.3782348632812,17.20977783203125,84.29132080078125,57.53260803222656,0.7143139839172363
1145,190,324.5855407714844,18.944469451904297,60.44927978515625,43.55144500732422,0.8376686573028564
1146,184,450.7254943847656,367.07269287109375,144.63516235351562,172.92730712890625,0.5875327587127686
1146,185,106.75350189208984,267.5951232910156,168.31350708007812,153.55715942382812,0.7413950562477112
1146,186,513.7588500976562,123.88953399658203,78.01361083984375,81.18448638916016,0.7959386110305786
1146,187,436.2090148925781,34.72041320800781,79.63595581054688,68.71745300292969,0.7477537393569946
1146,189,579.0807495117188,19.942378997802734,82.095458984375,57.87643051147461,0.6645375490188599
1146,190,321.8617248535156,20.650667190551758,60.8369140625,44.251625061035156,0.8480599522590637
1146,192,453.3816833496094,366.6635437011719,139.89260864257812,169.04611206054688,0.35330265760421753
1147,185,86.3946762084961,276.4644470214844,181.34429931640625,166.18084716796875,0.5888475775718689
1147,186,512.2693481445312,128.6682586669922,79.80865478515625,83.640869140625,0.6510806679725647
1147,187,436.1492004394531,36.414554595947266,77.70870971679688,68.15361022949219,0.7267763018608093
1147,189,581.5010986328125,22.579708099365234,77.7572021484375,56.37849807739258,0.6848546862602234
1147,190,320.0467529296875,23.28868865966797,59.374176025390625,43.519203186035156,0.728540301322937
1147,192,457.4469299316406,385.38226318359375,127.07168579101562,152.654541015625,0.544083297252655
1148,185,65.36405181884766,282.99951171875,196.85321044921875,182.4278564453125,0.4035037159919739
1148,186,512.02294921875,134.7786407470703,80.68072509765625,84.85545349121094,0.7675427198410034
1148,187,436.1648864746094,38.993309020996094,76.32516479492188,67.87957763671875,0.7488752603530884
1148,189,583.5775756835938,25.857885360717773,75.33123779296875,56.09315490722656,0.4983048439025879
1148,190,315.62896728515625,25.23021125793457,61.444091796875,45.42650604248047,0.7068032622337341
1148,192,463.6038818359375,407.8032531738281,111.0283203125,131.37942504882812,0.5523359775543213
1149,185,48.70634841918945,303.5340881347656,201.14578247070312,187.2835693359375,0.5913453698158264
1149,186,509.6682434082031,141.2973175048828,84.33792114257812,89.56266784667969,0.719120979309082
1149,187,434.4505920410156,41.884761810302734,77.44351196289062,70.06562805175781,0.7896163463592529
1149,189,584.4635620117188,28.223445892333984,74.9591064453125,57.27262496948242,0.5366847515106201
1149,190,310.150634765625,27.44945526123047,64.20791625976562,48.06877136230469,0.8139605522155762
1149,192,472.6455993652344,429.9895935058594,95.70169067382812,110.01040649414062,0.5887284278869629
1150,185,28.391202926635742,320.98504638671875,210.9883575439453,197.364501953125,0.3540528118610382
1150,186,508.34234619140625,146.2834930419922,85.89178466796875,91.84188842773438,0.8037200570106506
1150,187,432.720703125,44.11387634277344,78.46224975585938,72.21662139892578,0.8374640941619873
1150,189,585.293701171875,30.71622657775879,75.0355224609375,58.77055358886719,0.6406307816505432
1150,190,308.178466796875,29.989337921142578,62.68316650390625,47.211055755615234,0.8500787615776062
1151,185,11.1142578125,338.9479675292969,210.624267578125,196.14590454101562,0.3865772783756256
1151,186,507.048095703125,153.08734130859375,87.177001953125,93.74984741210938,0.7292577624320984
1151,187,431.2904357910156,46.85600280761719,78.85641479492188,73.90711975097656,0.6937171816825867
1151,189,586.5222778320312,33.59052276611328,74.7166748046875,59.88127899169922,0.6096650958061218
1151,190,306.0735778808594,32.19178009033203,62.426422119140625,47.377288818359375,0.8090304732322693
1152,186,505.01177978515625,159.3588409423828,89.26947021484375,96.61830139160156,0.741731584072113
1152,187,428.702392578125,48.770626068115234,80.70065307617188,76.71217346191406,0.69304358959198
1152,189,587.2448120117188,36.18876266479492,75.13909912109375,61.6074104309082,0.5725668668746948
1152,190,302.39263916015625,35.7748908996582,62.30157470703125,47.5415153503418,0.7835373282432556
1153,186,503.5513610839844,166.5500030517578,91.06625366210938,99.22431945800781,0.7214699983596802
1153,187,427.1175231933594,51.27680969238281,80.74417114257812,77.71754455566406,0.709502100944519
1153,189,589.3202514648438,39.63739776611328,73.0845947265625,60.98207092285156,0.6392990350723267
1153,190,298.50457763671875,38.101993560791016,62.937408447265625,48.32716751098633,0.8015867471694946
1153,185,5.647969722747803,376.5343933105469,182.26483154296875,163.46560668945312,0.6369408369064331
1154,186,501.6459045410156,172.92361450195312,94.09597778320312,103.48065185546875,0.7857872843742371
1154,187,426.2710266113281,54.03083038330078,79.73117065429688,77.67401885986328,0.6175855994224548
1154,189,590.3897094726562,42.539405822753906,73.04718017578125,62.01081848144531,0.6228433847427368
1154,190,295.1606140136719,40.516082763671875,63.46881103515625,48.83222198486328,0.7775397896766663
1154,185,9.567641258239746,399.9815368652344,158.39356994628906,140.01846313476562,0.8442678451538086
1155,186,499.7403259277344,180.81817626953125,95.84231567382812,106.17367553710938,0.83250492811203
1155,187,425.28900146484375,56.66984558105469,78.87799072265625,77.53054809570312,0.49334943294525146
1155,189,590.2522583007812,45.081974029541016,75.373779296875,65.34109497070312,0.5641418695449829
1155,190,290.7002258300781,42.844600677490234,64.90994262695312,50.16859817504883,0.6676790118217468
1155,185,13.009652137756348,424.60662841796875,134.7093048095703,115.39337158203125,0.6091219186782837
1155,195,429.68310546875,54.41667175292969,72.08294677734375,80.1490478515625,0.4291415214538574
1156,186,496.3243713378906,189.69598388671875,98.98507690429688,110.14114379882812,0.847653865814209
1156,189,592.3311157226562,48.427711486816406,73.29278564453125,64.47464752197266,0.6226224899291992
1156,190,285.4151611328125,45.736366271972656,67.38790893554688,52.379547119140625,0.8320267200469971
1156,185,18.586280822753906,450.4717712402344,109.03055572509766,89.52822875976562,0.6957934498786926
1156,195,427.0789489746094,61.376712799072266,71.69119262695312,79.69303894042969,0.46898138523101807
1157,186,493.8245849609375,196.57179260253906,102.48297119140625,114.78175354003906,0.8471792340278625
1157,189,593.524169921875,51.56702423095703,73.61529541015625,65.67582702636719,0.5297651886940002
1157,190,281.5909118652344,48.648189544677734,67.26870727539062,52.553531646728516,0.8275861144065857
1157,195,424.4787902832031,64.70883178710938,73.7623291015625,82.02497863769531,0.48455822467803955
1158,186,491.8240051269531,204.8487091064453,105.65780639648438,119.34672546386719,0.8581876754760742
1158,189,594.5076293945312,55.04475784301758,74.19451904296875,67.10737609863281,0.608072817325592
1158,190,278.07452392578125,52.58755111694336,67.0068359375,52.34464645385742,0.7955312132835388
1158,195,421.83135986328125,67.36904907226562,74.91744995117188,83.33885192871094,0.5329559445381165
1159,186,490.4671325683594,214.5951690673828,107.86691284179688,122.65281677246094,0.8255038857460022
1159,189,594.86181640625,57.71927261352539,75.77410888671875,69.54083251953125,0.6127051115036011
1159,190,273.4085388183594,55.96845245361328,68.16497802734375,53.39886474609375,0.7496410608291626
1159,195,419.8402099609375,71.4082260131836,73.42291259765625,81.51004791259766,0.5165002346038818
1159,187,416.59552001953125,69.38050842285156,82.02874755859375,81.59776306152344,0.42379918694496155
1160,186,487.7132873535156,223.38282775878906,112.18533325195312,128.64317321777344,0.7720301747322083
1160,189,595.9970092773438,60.98065948486328,76.61956787109375,71.1421890258789,0.6936468482017517
1160,190,268.06134033203125,58.585689544677734,70.14312744140625,55.021732330322266,0.8010351061820984
1160,195,417.1922912597656,73.44636535644531,74.72592163085938,82.86312866210938,0.5755082964897156
1160,187,414.0338439941406,71.72359466552734,82.98904418945312,83.4496078491211,0.4076760411262512
1161,186,485.0655517578125,233.17576599121094,115.904541015625,134.2413787841797,0.8044572472572327
1161,189,596.5366821289062,64.92921447753906,78.9095458984375,74.09130859375,0.6004828214645386
1161,190,262.1275329589844,61.527339935302734,72.34219360351562,56.755008697509766,0.8561100363731384
1162,186,482.2788391113281,242.852294921875,119.86758422851562,140.32583618164062,0.8121465444564819
1162,189,596.88916015625,68.900146484375,80.97467041015625,77.21652221679688,0.5321680307388306
1162,190,257.2432861328125,64.56887817382812,74.7462158203125,58.78455352783203,0.7365319728851318
1162,187,408.18511962890625,79.77446746826172,86.09036254882812,87.44091033935547,0.44672921299934387
1163,186,479.5901184082031,253.26327514648438,123.51162719726562,146.2764892578125,0.7817033529281616
1163,189,599.0955200195312,73.5059814453125,81.5684814453125,78.65879821777344,0.5323745608329773
1163,190,253.1758270263672,69.3060531616211,73.54985046386719,57.756980895996094,0.7981395125389099
1163,187,405.179931640625,82.63141632080078,86.96319580078125,89.0141830444336,0.43411314487457275
1164,186,476.2861022949219,264.5315856933594,127.87826538085938,153.04568481445312,0.6570754647254944
1164,189,600.3506469726562,77.79940795898438,82.3253173828125,80.26255798339844,0.6521700024604797
1164,190,247.72286987304688,73.14306640625,75.49893188476562,59.439727783203125,0.7315062880516052
1164,187,402.1090087890625,85.11209106445312,88.89434814453125,91.86044311523438,0.5243290066719055
1165,186,474.168701171875,278.282958984375,131.06488037109375,158.35653686523438,0.7605117559432983
1165,189,601.4864501953125,81.52701568603516,83.8497314453125,82.5086441040039,0.7287053465843201
1165,190,241.59632873535156,76.6982650756836,76.94602966308594,60.611045837402344,0.7298459410667419
1165,187,399.8681945800781,90.381103515625,88.843505859375,92.27774047851562,0.525885283946991
1166,186,468.8770751953125,289.21630859375,138.5555419921875,169.46017456054688,0.7803984880447388
1166,189,602.9017944335938,86.59070587158203,83.5897216796875,82.77361297607422,0.6566073298454285
1166,190,235.04933166503906,81.07881927490234,78.94993591308594,62.229652404785156,0.7154765725135803
1166,187,395.8775634765625,94.97354888916016,90.89459228515625,94.75528717041016,0.6686360836029053
1167,186,463.62762451171875,303.17425537109375,145.86572265625,180.836181640625,0.7703966498374939
1167,189,604.1231079101562,91.83230590820312,84.96942138671875,84.78330993652344,0.5986153483390808
1167,190,228.81393432617188,84.25967407226562,81.3116455078125,64.21426391601562,0.6662540435791016
1167,187,393.028076171875,98.8388671875,91.72586059570312,95.97076416015625,0.7300655841827393
1168,186,458.8601379394531,317.1498107910156,151.57351684570312,190.3446044921875,0.7251837253570557
1168,189,605.3345947265625,96.77619171142578,86.40087890625,86.9183120727539,0.5995423793792725
1168,190,223.1836700439453,89.34290313720703,81.76884460449219,64.49210357666016,0.746375322341919
1168,187,389.6318359375,102.82313537597656,93.94766235351562,98.94319152832031,0.7060489058494568
1169,186,455.54229736328125,332.29266357421875,156.63372802734375,199.02337646484375,0.6876474022865295
1169,189,606.6900024414062,101.47737121582031,88.85382080078125,90.02482604980469,0.5518029928207397
1169,190,216.3865966796875,93.94224548339844,83.83111572265625,66.07514953613281,0.7519152760505676
1169,187,385.6357421875,106.57586669921875,97.66629028320312,103.80230712890625,0.6685445308685303
1170,186,455.8156433105469,345.31146240234375,152.81961059570312,194.3092041015625,0.6925032734870911
1170,189,607.259765625,105.95130157470703,91.53155517578125,93.49593353271484,0.6226251721382141
1170,190,208.72048950195312,97.87977600097656,87.38983154296875,68.91978454589844,0.6889274716377258
1170,187,381.5795593261719,110.47398376464844,100.32977294921875,107.40029907226562,0.6961479783058167
1171,186,459.4233703613281,362.6857604980469,142.86129760742188,177.31423950195312,0.5915948748588562
1171,189,608.7940673828125,111.8556900024414,92.84619140625,95.44451141357422,0.5944193005561829
1171,190,201.50868225097656,102.50398254394531,89.14717102050781,70.30911254882812,0.7387979626655579
1171,187,378.9290771484375,115.91055297851562,100.11752319335938,107.57693481445312,0.581977903842926
1172,186,464.1020202636719,381.47467041015625,131.66915893554688,158.52532958984375,0.6216615438461304
1172,189,609.5997924804688,118.48519897460938,94.88116455078125,98.09053039550781,0.5338882803916931
1172,190,193.19407653808594,107.00872039794922,92.92308044433594,73.41149139404297,0.8012217283248901
1172,187,374.6691589355469,121.49324798583984,102.781494140625,111.11084747314453,0.657011866569519
1173,186,470.25506591796875,403.0265197753906,119.30706787109375,136.97348022460938,0.568468451499939
1173,189,611.2113037109375,124.79295349121094,97.58489990234375,101.63621520996094,0.6657440662384033
1173,190,186.0782928466797,112.4903335571289,93.65812683105469,73.94908905029297,0.6825547218322754
1173,187,370.3986511230469,125.96821594238281,104.4586181640625,113.33444213867188,0.7120352983474731
1174,186,474.6776123046875,423.1345520019531,108.564453125,116.86544799804688,0.5091082453727722
1174,189,611.5772094726562,130.7479705810547,100.85345458984375,105.80587768554688,0.7111766934394836
1174,190,177.0552520751953,117.76993560791016,96.91004943847656,76.60297393798828,0.7251518368721008
1174,187,366.2912292480469,130.8521270751953,106.17221069335938,115.60797119140625,0.6062631011009216
1175,186,481.8195495605469,448.9805603027344,92.86795043945312,91.01943969726562,0.599433183670044
1175,189,612.2213134765625,138.30140686035156,104.06951904296875,109.8538818359375,0.6243273019790649
1175,190,168.7967529296875,123.68535614013672,98.8988037109375,78.13062286376953,0.716261625289917
1175,187,361.25164794921875,136.58773803710938,108.78683471679688,118.98945617675781,0.6244660019874573
1176,189,613.2028198242188,144.6114501953125,107.83740234375,114.35781860351562,0.6459539532661438
1176,190,159.6298065185547,128.59848022460938,101.76548767089844,80.14860534667969,0.760346531867981
1176,187,356.4718933105469,142.88011169433594,111.50820922851562,122.46717834472656,0.6683726906776428
1177,189,613.8970947265625,150.8794403076172,112.31903076171875,119.77668762207031,0.7274714708328247
1177,190,149.38967895507812,134.3216094970703,106.080322265625,83.61483764648438,0.7346785068511963
1177,187,351.7995910644531,147.87521362304688,114.2349853515625,125.93881225585938,0.6831433176994324
1178,189,614.319091796875,158.68966674804688,116.76544189453125,125.3548583984375,0.8256036043167114
1178,190,139.91552734375,140.99008178710938,108.16934204101562,84.94961547851562,0.7802891731262207
1178,187,346.740478515625,154.1419677734375,115.62539672851562,127.66024780273438,0.7394115924835205
1179,189,615.075439453125,166.58128356933594,120.4844970703125,130.28880310058594,0.7606375813484192
1179,190,129.15185546875,148.17852783203125,111.37492370605469,87.37895202636719,0.8027280569076538
1179,187,341.0105285644531,161.514892578125,118.976318359375,131.50750732421875,0.7411668300628662
1180,189,616.2214965820312,174.65794372558594,126.127685546875,137.5841827392578,0.7507301568984985
1180,190,117.87257385253906,154.79168701171875,114.98013305664062,89.97685241699219,0.8140296936035156
1180,187,334.7924499511719,167.12010192871094,123.33035278320312,136.8788604736328,0.6872500777244568
1181,189,618.1630859375,183.81716918945312,130.677978515625,143.66165161132812,0.8691781759262085
1181,190,106.1158676147461,162.05355834960938,118.9129867553711,92.74940490722656,0.7185795903205872
1181,187,328.5118408203125,174.16192626953125,126.98147583007812,141.4598388671875,0.7149022221565247
1182,189,619.1253051757812,192.710693359375,135.7618408203125,150.56561279296875,0.8075276613235474
1182,190,93.32050323486328,168.80186462402344,124.48656463623047,97.01499938964844,0.6791475415229797
1182,187,322.3712463378906,181.85447692871094,130.28067016601562,145.4337921142578,0.7844842076301575
1183,189,619.9931030273438,202.53782653808594,141.67169189453125,158.4895782470703,0.807378351688385
1183,190,80.26041412353516,177.60733032226562,129.1461181640625,100.53506469726562,0.7833910584449768
1183,187,314.7057800292969,190.16461181640625,134.63357543945312,150.815185546875,0.7410837411880493
1184,189,621.5303955078125,213.6863250732422,147.31890869140625,166.04002380371094,0.8460459113121033
1184,190,67.26426696777344,186.77967834472656,133.00491333007812,103.25788879394531,0.6839118003845215
1184,187,306.5262145996094,198.37319946289062,138.70928955078125,155.62405395507812,0.7100798487663269
1185,189,623.55615234375,225.43942260742188,153.9434814453125,175.12835693359375,0.7884451150894165
1185,190,52.782894134521484,196.18943786621094,137.99981689453125,106.95744323730469,0.803668737411499
1185,187,298.1627502441406,206.0462646484375,144.59725952148438,162.62835693359375,0.6761522889137268
1186,189,624.8065185546875,237.46002197265625,161.3001708984375,185.3206787109375,0.7517387866973877
1186,190,35.883079528808594,204.9921112060547,144.625244140625,111.91316223144531,0.8014937043190002
1186,187,289.52752685546875,215.9561309814453,149.25363159179688,168.34547424316406,0.6881615519523621
1187,189,627.1091918945312,250.11647033691406,168.911865234375,196.0348663330078,0.7795430421829224
1187,190,18.68153190612793,214.5328826904297,152.0509033203125,117.45674133300781,0.7773101329803467
1187,187,279.3254699707031,225.75238037109375,155.210693359375,175.54275512695312,0.7226162552833557
1188,189,628.398193359375,264.32086181640625,177.7003173828125,208.75311279296875,0.7675589919090271
1188,190,1.9872071743011475,225.57447814941406,159.61614990234375,123.56059265136719,0.8251585364341736
1188,187,268.46551513671875,237.33474731445312,161.16403198242188,182.34756469726562,0.8265534043312073
1189,189,631.3187255859375,279.7482604980469,187.39459228515625,222.9398193359375,0.65315842628479
1189,190,0.0,236.23626708984375,155.68177795410156,128.97030639648438,0.8632797002792358
1189,187,257.820556640625,248.42124938964844,168.65451049804688,191.52085876464844,0.6393227577209473
1189,202,549.2335205078125,14.515487670898438,43.7435302734375,28.432613372802734,0.44580283761024475
1190,189,636.0477294921875,296.8393859863281,194.0546875,233.14724731445312,0.6345254182815552
1190,190,0.0,248.51844787597656,150.83590698242188,135.77931213378906,0.8584595918655396
1190,187,247.0032501220703,259.9919738769531,175.24156188964844,199.62103271484375,0.5026755332946777
1190,202,548.4851684570312,14.366106033325195,46.37353515625,30.175565719604492,0.45471805334091187
1191,189,646.5118408203125,314.79864501953125,188.1214599609375,225.13909912109375,0.4703771471977234
1191,190,0.0,260.5461120605469,145.52163696289062,143.11273193359375,0.780694305896759
1191,187,233.88088989257812,269.8624572753906,185.14788818359375,212.01467895507812,0.2903364300727844
1191,202,547.6713256835938,13.479854583740234,50.16192626953125,32.764854431152344,0.6479646563529968
1192,189,659.7352905273438,333.54766845703125,178.32110595703125,206.45233154296875,0.27579617500305176
1192,190,0.0,274.8555603027344,137.9041290283203,147.3875732421875,0.7069269418716431
1192,187,218.98321533203125,275.1279296875,198.0484619140625,228.94464111328125,0.3635905981063843
1192,202,544.9332275390625,13.08327579498291,55.62078857421875,36.57673645019531,0.5633509755134583
1193,189,669.9871826171875,355.16583251953125,164.4215087890625,184.83416748046875,0.339865505695343
1193,190,0.0,289.2822265625,128.48609924316406,150.10494995117188,0.5423544049263
1193,202,543.8909301757812,13.147281646728516,59.6112060546875,39.582916259765625,0.5885122418403625
1194,189,682.6965942382812,379.4587097167969,148.87371826171875,160.54129028320312,0.31827735900878906
1194,202,544.8959350585938,13.454439163208008,59.96807861328125,40.26152801513672,0.6891589164733887
1195,189,692.5336303710938,405.20751953125,132.19061279296875,134.79248046875,0.5038978457450867
1195,202,544.372314453125,13.837977409362793,62.0718994140625,42.28333282470703,0.6438280344009399
1195,203,0.0,319.2182922363281,63.8420295715332,117.54669189453125,0.5100889801979065
1196,189,705.9757690429688,436.2261657714844,111.0704345703125,103.77383422851562,0.3709409832954407
1196,202,542.9298706054688,14.468482971191406,66.26593017578125,46.04034423828125,0.7455588579177856
1197,189,720.3971557617188,467.83880615234375,88.21820068359375,72.16119384765625,0.5227632522583008
1197,202,542.4420166015625,14.862813949584961,68.04052734375,48.208984375,0.7898960113525391
1197,187,194.78106689453125,360.087646484375,160.624755859375,177.04931640625,0.34063994884490967
1198,202,543.2722778320312,15.382013320922852,68.42230224609375,49.467620849609375,0.7260825037956238
1199,202,542.8153686523438,17.286285400390625,70.48828125,52.16980743408203,0.7678236961364746
1200,202,542.1096801757812,19.581567764282227,73.7230224609375,56.00214385986328,0.7832828164100647
1201,202,542.8661499023438,22.278701782226562,73.37371826171875,57.07337951660156,0.8592143058776855
1201,204,372.69171142578125,3.338108777999878,39.479766845703125,26.756196975708008,0.5202528238296509
1202,202,546.5556640625,25.459457397460938,67.8050537109375,53.50811767578125,0.8499526977539062
1202,204,370.2987060546875,3.1429662704467773,40.6353759765625,27.584060668945312,0.6101951003074646
1203,202,547.6231079101562,28.175527572631836,67.44940185546875,54.28765106201172,0.8181536793708801
1203,204,368.22076416015625,2.330472707748413,43.015594482421875,29.294809341430664,0.5443276166915894
1204,202,547.4257202148438,30.353435516357422,68.54571533203125,56.226383209228516,0.8229057192802429
1204,204,365.69549560546875,1.8556963205337524,46.345428466796875,31.719621658325195,0.4809381663799286
1205,202,548.3301391601562,33.2662467956543,67.6478271484375,56.282230377197266,0.7668083310127258
1205,204,362.0450134277344,0.9870993494987488,50.107269287109375,34.61882781982422,0.5196805596351624
1206,202,548.5575561523438,35.6089973449707,69.3555908203125,58.840885162353516,0.7250959873199463
1206,204,359.45709228515625,0.4569094479084015,53.02508544921875,37.03948974609375,0.5903279185295105
1207,202,549.2022705078125,37.756954193115234,71.26898193359375,61.848506927490234,0.8388062715530396
1207,204,356.9311828613281,0.6506838202476501,55.439422607421875,39.20370864868164,0.6998414993286133
1208,202,551.7303466796875,40.586936950683594,69.02081298828125,60.79069519042969,0.7660689949989319
1208,204,354.7411804199219,1.7797285318374634,55.790374755859375,39.956573486328125,0.6806636452674866
1209,202,552.8273315429688,44.2254753112793,69.248046875,61.9013786315918,0.7683922648429871
1209,204,352.0045471191406,2.2888314723968506,57.826202392578125,42.073978424072266,0.7006200551986694
1210,202,553.2764282226562,47.620426177978516,70.8973388671875,64.45677185058594,0.7430086731910706
1210,204,349.6317138671875,3.477797746658325,59.54339599609375,44.06075668334961,0.7010980844497681
1211,202,554.7337036132812,49.945743560791016,69.607421875,63.97409439086914,0.6695212125778198
1211,204,347.2540588378906,5.075745582580566,61.511322021484375,46.37546920776367,0.6455590724945068
1212,202,554.0321044921875,53.10015106201172,73.064208984375,68.23067474365234,0.8588384985923767
1212,204,346.5280456542969,10.035186767578125,58.195770263671875,44.502166748046875,0.6322726011276245
1213,202,556.1648559570312,57.28794860839844,70.48297119140625,66.3116226196289,0.8133724927902222
1213,204,346.1397705078125,14.74384593963623,55.17218017578125,42.512874603271484,0.7716431021690369
1214,202,557.3536376953125,59.74592971801758,70.092041015625,66.39016723632812,0.7263630628585815
1214,204,344.82861328125,17.71352767944336,55.2103271484375,42.813209533691406,0.7524640560150146
1215,202,557.9432983398438,63.816558837890625,71.29388427734375,68.06964111328125,0.7898621559143066
1215,204,343.1817626953125,19.921321868896484,55.598907470703125,43.4189453125,0.7851908802986145
1215,207,420.016845703125,12.719595909118652,41.864044189453125,14.688267707824707,0.5614144206047058
1216,202,559.3364868164062,67.57222747802734,71.445556640625,68.56673431396484,0.7989823222160339
1216,204,341.2752380371094,21.788026809692383,56.1256103515625,44.14213562011719,0.7823531627655029
1216,207,416.0185546875,12.74691104888916,46.40460205078125,16.34842300415039,0.595759928226471
1217,202,559.250732421875,71.45374298095703,74.24365234375,72.05365753173828,0.8116909265518188
1217,204,338.573486328125,24.317676544189453,57.221038818359375,45.44497299194336,0.8159350752830505
1217,207,412.9247131347656,13.078627586364746,50.121917724609375,17.781543731689453,0.5380781292915344
1218,202,560.9256591796875,75.83833312988281,73.93878173828125,72.26689147949219,0.7401111125946045
1218,204,334.6879577636719,25.68514633178711,59.56488037109375,47.863224029541016,0.8396974802017212
1218,207,410.1124267578125,13.541242599487305,53.495391845703125,19.164804458618164,0.5241572856903076
1219,202,560.309814453125,78.98374938964844,78.17169189453125,77.40499877929688,0.7940272688865662
1219,204,332.47186279296875,28.35953712463379,60.33978271484375,48.848838806152344,0.8345701098442078
1219,207,407.34881591796875,14.21522331237793,55.546966552734375,20.150758743286133,0.5196748375892639
1220,202,561.7054443359375,83.80477142333984,78.225341796875,77.97933197021484,0.7997944951057434
1220,204,329.6884460449219,31.148000717163086,61.86669921875,50.52875518798828,0.896085798740387
1220,207,404.2896728515625,14.827041625976562,58.359466552734375,21.515457153320312,0.6240676045417786
1221,202,561.5874633789062,89.08104705810547,80.774169921875,81.25084686279297,0.8313741683959961
1221,204,327.7186279296875,34.101959228515625,62.17059326171875,51.19197082519531,0.8322588801383972
1221,207,401.6141052246094,15.165925979614258,60.93365478515625,22.894330978393555,0.6807492971420288
1222,202,562.2615966796875,94.34229278564453,82.31756591796875,83.56946563720703,0.8160239458084106
1222,204,324.59100341796875,36.26690673828125,63.144866943359375,52.292762756347656,0.7977002859115601
1222,207,399.1151123046875,15.104998588562012,63.557281494140625,24.400405883789062,0.7462946772575378
1223,202,562.4749145507812,98.59004974365234,84.6197509765625,86.79682159423828,0.8324069976806641
1223,204,322.0145568847656,38.94545364379883,62.668121337890625,52.103153228759766,0.767618715763092
1223,207,396.47900390625,15.084327697753906,66.13137817382812,25.97356414794922,0.7769877314567566
1224,202,563.2523193359375,103.97977447509766,87.02044677734375,90.04448699951172,0.8405188918113708
1224,204,318.8634338378906,43.10344314575195,63.364044189453125,53.05409622192383,0.70361328125
1224,207,392.668212890625,14.383702278137207,71.17977905273438,28.83026123046875,0.7617293000221252
1225,202,564.8980102539062,109.10246276855469,87.19403076171875,90.77816772460938,0.7778863310813904
1225,204,315.7039794921875,47.174339294433594,64.50503540039062,54.37147521972656,0.7300382852554321
1225,207,389.42669677734375,13.341233253479004,75.69699096679688,31.730796813964844,0.717089831829071
1225,208,555.4353637695312,12.3775053024292,40.73138427734375,16.49423599243164,0.3824416399002075
1226,202,565.3240356445312,114.72688293457031,89.3857421875,93.63273620605469,0.8212810158729553
1226,204,312.6044921875,50.597267150878906,64.57272338867188,54.683815002441406,0.7900496125221252
1226,207,385.39837646484375,12.960232734680176,80.54150390625,35.03955078125,0.6178581118583679
1226,208,553.7511596679688,12.198341369628906,44.1585693359375,17.937557220458984,0.422453910112381
1227,202,565.4578857421875,119.593994140625,92.455322265625,97.48826599121094,0.8334701061248779
1227,204,309.9374084472656,53.79249954223633,65.08023071289062,55.20138168334961,0.7621209621429443
1227,207,382.15667724609375,12.651895523071289,83.06924438476562,37.52312469482422,0.6942028999328613
1227,208,551.475341796875,12.227795600891113,48.313232421875,19.76272964477539,0.39447903633117676
1228,202,566.155029296875,126.79793548583984,95.78729248046875,101.64899444580078,0.7984768152236938
1228,204,305.7021789550781,57.96329116821289,67.51129150390625,57.686763763427734,0.8181235790252686
1228,207,380.9632568359375,13.204105377197266,82.53631591796875,38.67522048950195,0.7116890549659729
1228,208,550.83203125,12.580477714538574,49.7628173828125,20.531692504882812,0.43986955285072327
1229,202,567.1209716796875,133.58921813964844,97.11627197265625,103.41091918945312,0.778443455696106
1229,204,301.2594909667969,61.80634689331055,68.87979125976562,59.19050979614258,0.6799609661102295
1229,207,380.1370849609375,14.65434455871582,80.40548706054688,39.056427001953125,0.7315958142280579
1229,208,550.4549560546875,12.957335472106934,50.907958984375,21.221332550048828,0.49472203850746155
1230,202,567.5794677734375,140.3845977783203,100.77032470703125,107.82232666015625,0.7710070610046387
1230,204,296.4783630371094,66.62919616699219,70.41006469726562,61.043731689453125,0.7502728700637817
1230,207,378.4364929199219,15.14374828338623,80.49005126953125,40.56066131591797,0.7527715563774109
1230,208,548.6608276367188,13.40526008605957,54.1007080078125,22.87162971496582,0.5803316235542297
1231,202,568.3400268554688,146.90145874023438,104.389404296875,112.21328735351562,0.762900710105896
1231,204,293.194091796875,70.2267837524414,71.01007080078125,61.76221466064453,0.7401984333992004
1231,207,376.97454833984375,15.820655822753906,80.4810791015625,42.084197998046875,0.7395116686820984
1231,208,547.3362426757812,13.671079635620117,57.7689208984375,24.84543800354004,0.5718677043914795
1232,202,569.6925048828125,153.6741180419922,106.09906005859375,114.55647277832031,0.8310791850090027
1232,204,288.6124572753906,73.78260803222656,73.21328735351562,63.72181701660156,0.7487847208976746
1232,207,375.4299621582031,17.01065444946289,80.04876708984375,43.42155838012695,0.7388802170753479
1232,208,546.43115234375,13.558661460876465,60.5106201171875,26.530670166015625,0.6027770042419434
1233,202,569.49951171875,160.88546752929688,111.9822998046875,121.63327026367188,0.841072678565979
1233,204,283.9319152832031,77.63860321044922,74.82476806640625,65.1472396850586,0.6700038313865662
1233,207,373.7017822265625,18.933595657348633,79.45602416992188,44.616004943847656,0.7691059708595276
1233,208,545.486083984375,13.696441650390625,62.08544921875,27.83086395263672,0.6377958655357361
1234,202,570.4562377929688,168.07073974609375,117.2833251953125,128.32342529296875,0.8157179951667786
1234,204,278.49102783203125,82.32718658447266,77.07977294921875,67.2270736694336,0.6631985306739807
1234,207,371.1924133300781,20.550016403198242,79.24972534179688,45.998497009277344,0.7500787973403931
1234,208,544.4585571289062,13.430105209350586,64.44049072265625,29.627927780151367,0.6527295112609863
1234,209,483.5832824707031,14.196691513061523,43.583953857421875,10.390066146850586,0.42367759346961975
1235,202,571.810791015625,177.35748291015625,122.2239990234375,134.85809326171875,0.7830107808113098
1235,204,273.90472412109375,86.75772094726562,78.1727294921875,68.42787170410156,0.6781086325645447
1235,207,371.2406921386719,24.218992233276367,75.18243408203125,44.898277282714844,0.7857720851898193
1235,208,542.8485107421875,12.820060729980469,67.887451171875,32.147499084472656,0.6679404973983765
1235,209,477.52838134765625,13.954371452331543,52.7960205078125,12.666863441467285,0.44772791862487793
1236,202,573.626953125,187.20266723632812,125.59466552734375,139.51766967773438,0.840277910232544
1236,204,267.2560119628906,91.17665100097656,81.81121826171875,71.98158264160156,0.551177442073822
1236,207,370.05908203125,26.57474136352539,74.1807861328125,45.57333755493164,0.7850934863090515
1236,208,541.4349365234375,12.69295597076416,71.010009765625,34.74150085449219,0.6914168000221252
1236,209,475.0210876464844,14.480896949768066,55.477508544921875,13.400897026062012,0.4513612389564514
1237,202,574.692626953125,196.8458709716797,131.61053466796875,147.42112731933594,0.7248316407203674
1237,204,261.4275207519531,96.40509796142578,84.931884765625,75.1366195678711,0.5431839227676392
1237,207,368.93133544921875,28.662307739257812,73.12344360351562,46.207237243652344,0.7464327812194824
1237,208,540.2752685546875,13.042622566223145,73.16802978515625,37.02595901489258,0.6721091866493225
1237,209,469.77496337890625,14.420068740844727,61.39691162109375,14.983345031738281,0.4815578758716583
1238,202,575.3927001953125,207.76853942871094,137.6895751953125,155.63929748535156,0.8002759218215942
1238,204,255.81141662597656,100.78564453125,85.80354309082031,76.06100463867188,0.7080420851707458
1238,207,368.2406311035156,31.041940689086914,71.54421997070312,46.33063507080078,0.7210485935211182
1238,208,539.6423950195312,13.441061973571777,73.9537353515625,38.74840545654297,0.7293165326118469
1238,209,464.9769592285156,14.39897346496582,66.78390502929688,16.550018310546875,0.540168285369873
1239,202,577.3786010742188,217.7671356201172,143.811767578125,164.20396423339844,0.8412954807281494
1239,204,249.31956481933594,106.27172088623047,88.71577453613281,78.9035415649414,0.7126989364624023
1239,207,366.1150817871094,32.92641067504883,71.43359375,47.261043548583984,0.7886801362037659
1239,208,538.7620849609375,13.736474990844727,75.3187255859375,40.928306579589844,0.7523050308227539
1239,209,458.18963623046875,13.905062675476074,76.61798095703125,19.42620086669922,0.6036856174468994
1240,202,579.3670043945312,229.0080108642578,148.69775390625,171.4367218017578,0.8188724517822266
1240,204,242.1329803466797,112.56880187988281,92.26890563964844,82.32200622558594,0.6951612234115601
1240,207,363.3872375488281,35.436031341552734,71.8017578125,48.53945541381836,0.8100607991218567
1240,208,538.64404296875,13.963160514831543,75.342529296875,42.44232940673828,0.7912859320640564
1240,209,454.0660400390625,13.853419303894043,82.1143798828125,21.39046859741211,0.6671690344810486
1241,202,581.103759765625,242.13507080078125,155.70654296875,181.33737182617188,0.8486641645431519
1241,204,235.6077117919922,118.76483154296875,93.60102844238281,83.60067749023438,0.7114974856376648
1241,207,361.862548828125,38.37343978881836,70.02224731445312,48.35691452026367,0.7539592981338501
1241,208,538.9998168945312,14.720856666564941,74.3580322265625,43.40060806274414,0.7893909811973572
1241,209,449.29705810546875,13.936001777648926,90.43768310546875,24.377487182617188,0.7184898853302002
1242,202,581.9151000976562,253.9576873779297,163.62725830078125,192.47764587402344,0.7753117680549622
1242,204,228.7110595703125,124.78271484375,96.44454956054688,86.23753356933594,0.7600923776626587
1242,207,359.1220397949219,41.389095306396484,69.51852416992188,48.70085525512695,0.7559013962745667
1242,208,538.4881591796875,15.505241394042969,75.44354248046875,45.73494338989258,0.7733649611473083
1242,209,447.1866149902344,14.754777908325195,93.99380493164062,26.31498908996582,0.7967714071273804
1243,202,583.4500122070312,269.6588439941406,172.19488525390625,204.63815307617188,0.7095636129379272
1243,204,220.63519287109375,130.5535888671875,99.61279296875,89.36058044433594,0.7815161347389221
1243,207,356.81378173828125,44.004615783691406,69.9378662109375,49.751731872558594,0.7807328701019287
1243,208,538.3735961914062,16.347492218017578,75.32061767578125,47.37532043457031,0.7528246641159058
1243,209,445.56549072265625,14.660080909729004,96.69000244140625,28.18891143798828,0.7230715751647949
1244,202,584.4462890625,286.24554443359375,181.86676025390625,218.880859375,0.8316721320152283
1244,204,212.4647216796875,137.68785095214844,102.54119873046875,92.0928955078125,0.8482407927513123
1244,207,352.1894836425781,45.72058868408203,73.01333618164062,52.914390563964844,0.8385366201400757
1244,208,538.5330810546875,17.299089431762695,74.4158935546875,48.39421844482422,0.7424451112747192
1244,209,444.39019775390625,14.385478019714355,96.93646240234375,29.526477813720703,0.6963182091712952
1245,202,588.9210205078125,303.96966552734375,186.46502685546875,226.04205322265625,0.6139244437217712
1245,204,204.72006225585938,145.19049072265625,104.57794189453125,93.72976684570312,0.7830237150192261
1245,207,350.370361328125,48.21897888183594,72.40841674804688,53.336395263671875,0.8335270881652832
1245,208,539.8978881835938,19.69443702697754,71.88092041015625,48.31428527832031,0.7486321926116943
1245,209,441.590087890625,13.743123054504395,101.56011962890625,32.45036315917969,0.7223373055458069
1246,202,599.429443359375,321.0476989746094,180.9149169921875,218.22567749023438,0.8194493055343628
1246,204,195.93017578125,153.20838928222656,107.22360229492188,95.94540405273438,0.775170624256134
1246,207,347.8416442871094,50.55254364013672,73.21694946289062,54.85967254638672,0.7857762575149536
1246,208,541.265380859375,22.62181854248047,69.40777587890625,48.085411071777344,0.8050107955932617
1246,209,438.9975891113281,13.500190734863281,105.85964965820312,35.584293365478516,0.7611655592918396
1246,213,377.3240661621094,3.583251953125,47.168701171875,23.310619354248047,0.46708887815475464
1247,202,612.6912231445312,340.9378662109375,170.0933837890625,199.0621337890625,0.7248698472976685
1247,204,187.3610076904297,161.24566650390625,109.37385559082031,97.31927490234375,0.6610381007194519
1247,207,344.9054870605469,53.333335876464844,72.73556518554688,55.234764099121094,0.7091867327690125
1247,208,540.5281982421875,23.95705223083496,70.1600341796875,50.041046142578125,0.7748936414718628
1247,209,437.5567626953125,13.625362396240234,107.9056396484375,38.22332000732422,0.7333093285560608
1247,213,371.593017578125,1.8725590705871582,54.6734619140625,27.16505241394043,0.6127659678459167
1247,214,375.8988952636719,10.531919479370117,47.2021484375,18.388586044311523,0.4841338098049164
1247,215,614.2425537109375,13.217791557312012,38.0888671875,18.128982543945312,0.3595525324344635
1248,202,626.6526489257812,364.0029296875,156.367431640625,175.9970703125,0.3603624105453491
1248,204,175.77166748046875,169.03781127929688,115.022216796875,102.11062622070312,0.7470188140869141
1248,207,341.70233154296875,56.01039505004883,73.36898803710938,56.40861892700195,0.7419818043708801
1248,208,540.6409912109375,25.77827262878418,69.24664306640625,50.720977783203125,0.7538288831710815
1248,209,437.2784423828125,13.749603271484375,107.016357421875,39.90259552001953,0.760793149471283
1248,214,368.79693603515625,7.649747848510742,56.61297607421875,22.170846939086914,0.5989766716957092
1248,215,612.9568481445312,13.199250221252441,40.3255615234375,19.2244873046875,0.36694565415382385
1249,202,640.2525024414062,390.198486328125,140.566162109375,149.801513671875,0.5453561544418335
1249,204,164.8939666748047,177.70465087890625,120.22007751464844,106.424072265625,0.6850688457489014
1249,207,338.97052001953125,59.60720443725586,73.11956787109375,56.949031829833984,0.7535507678985596
1249,208,540.75146484375,27.712907791137695,68.72515869140625,51.69480895996094,0.8180153965950012
1249,209,437.7342834472656,14.20444107055664,105.16799926757812,41.27252960205078,0.7425092458724976
1249,214,367.0625,9.518023490905762,56.336517333984375,22.173274993896484,0.5921321511268616
1249,215,611.9202880859375,13.375001907348633,44.04559326171875,21.060205459594727,0.4448018968105316
1249,213,363.7681579589844,1.5215455293655396,61.732086181640625,31.01272964477539,0.48657333850860596
1250,204,152.61862182617188,187.54727172851562,125.24130249023438,110.48040771484375,0.786479651927948
1250,207,336.0841979980469,63.21307373046875,73.58938598632812,58.076820373535156,0.7264640927314758
1250,208,542.0880737304688,30.032732009887695,66.49761962890625,51.13844299316406,0.7827950119972229
1250,209,436.8377685546875,14.642605781555176,105.3526611328125,43.5721435546875,0.7180368900299072
1250,214,358.3725891113281,6.894178867340088,68.85250854492188,27.49452781677246,0.6913848519325256
1250,215,611.88134765625,13.864290237426758,45.68939208984375,21.91169548034668,0.49712568521499634
1251,204,139.00265502929688,196.59043884277344,132.31747436523438,116.56114196777344,0.5866317749023438
1251,207,332.4847412109375,68.3328857421875,72.22750854492188,57.59284973144531,0.8062175512313843
1251,208,542.3496704101562,32.65558624267578,65.83660888671875,51.52854919433594,0.7405195832252502
1251,209,436.5793151855469,15.467259407043457,103.85189819335938,45.2313117980957,0.7520003318786621
1251,215,611.9894409179688,13.936887741088867,47.74609375,23.01597023010254,0.49695804715156555
1251,213,355.22735595703125,1.2554545402526855,68.59109497070312,35.183040618896484,0.6920069456100464
1252,204,124.1564712524414,207.32608032226562,140.47100830078125,123.74456787109375,0.7801039814949036
1252,207,329.2764587402344,70.70948791503906,73.66976928710938,59.29632568359375,0.711565375328064
1252,208,541.8507690429688,34.48352813720703,66.484619140625,53.123146057128906,0.7782330513000488
1252,209,435.6766662597656,16.44902992248535,103.40756225585938,47.43476104736328,0.7253943085670471
1252,215,611.037841796875,14.055227279663086,49.942138671875,24.243627548217773,0.473375529050827
1252,213,351.7422180175781,0.9356815218925476,71.33963012695312,37.467464447021484,0.6902934908866882
1253,204,109.30795288085938,218.4054412841797,146.36328125,128.56260681152344,0.6121864914894104
1253,207,326.0625915527344,74.4561767578125,75.0096435546875,60.95556640625,0.7042098045349121
1253,208,541.439208984375,36.38980484008789,67.0634765625,54.65095901489258,0.7882299423217773
1253,209,436.51123046875,17.9721736907959,100.0916748046875,48.292579650878906,0.7176403403282166
1253,215,610.3777465820312,14.424016952514648,51.85791015625,25.404085159301758,0.4058660864830017
1253,213,349.0976257324219,1.4653890132904053,72.66043090820312,39.096153259277344,0.6951143741607666
1254,204,93.3792953491211,230.20989990234375,152.8087158203125,133.87966918945312,0.4321863055229187
1254,207,322.54144287109375,77.6451187133789,75.65902709960938,61.788108825683594,0.8363308906555176
1254,208,541.3599243164062,38.66341781616211,67.3731689453125,56.01644515991211,0.798811137676239
1254,209,436.24169921875,20.614503860473633,97.62548828125,49.28807067871094,0.7540956735610962
1254,215,608.6122436523438,14.49132251739502,55.4429931640625,27.575237274169922,0.3337862491607666
1254,213,345.9869079589844,2.115555763244629,74.0399169921875,40.768516540527344,0.8209865093231201
1255,204,74.73308563232422,242.5295867919922,163.657470703125,143.12290954589844,0.7482694387435913
1255,207,318.7992248535156,81.27850341796875,77.25778198242188,63.70550537109375,0.766209602355957
1255,208,540.7120361328125,40.889312744140625,68.16021728515625,57.83245086669922,0.8326480984687805
1255,209,436.2275085449219,23.402076721191406,94.42214965820312,49.84575653076172,0.7764456868171692
1255,215,605.6821899414062,13.5032958984375,59.884033203125,30.474319458007812,0.34768158197402954
1255,213,342.799072265625,2.3982441425323486,76.04928588867188,42.965335845947266,0.7506076097488403
1256,204,54.291259765625,255.52194213867188,175.16770935058594,153.55743408203125,0.7936263680458069
1256,207,315.52716064453125,84.01585388183594,77.88217163085938,64.67689514160156,0.6235519051551819
1256,208,540.5294189453125,43.621639251708984,68.1561279296875,59.02633285522461,0.8114956021308899
1256,209,436.802490234375,26.831026077270508,90.2037353515625,49.589378356933594,0.7154554724693298
1256,215,604.73193359375,13.847512245178223,61.98236083984375,32.23783874511719,0.3401006758213043
1256,213,338.4508361816406,2.4110748767852783,78.1505126953125,45.379940032958984,0.773977518081665
1257,204,32.911346435546875,268.5556945800781,187.5748748779297,164.77273559570312,0.7978677749633789
1257,207,310.2795715332031,86.96326446533203,80.33767700195312,67.26045989990234,0.664292573928833
1257,208,541.0740356445312,46.61510467529297,66.6602783203125,58.672569274902344,0.8188396692276001
1257,209,436.7073974609375,29.764551162719727,87.61248779296875,50.06560516357422,0.7602505683898926
1257,215,604.2647705078125,14.105031967163086,64.262939453125,34.230751037597656,0.330173522233963
1257,213,334.7798156738281,3.3969528675079346,79.4010009765625,47.515586853027344,0.7647147178649902
1258,204,8.60815715789795,283.9665222167969,199.93614196777344,175.98248291015625,0.831000030040741
1258,207,305.7171325683594,91.14633178710938,82.00827026367188,69.15045166015625,0.7655104994773865
1258,208,541.2780151367188,49.26152801513672,65.5189208984375,58.5306396484375,0.7581003904342651
1258,209,436.9114685058594,32.14990997314453,84.78988647460938,50.243553161621094,0.6397053003311157
1258,215,605.4000854492188,14.962963104248047,65.2386474609375,35.62729263305664,0.3483545780181885
1258,213,335.6401672363281,9.432456016540527,72.10684204101562,43.980281829833984,0.7380427122116089
1259,204,0.0,300.8387756347656,202.9843292236328,188.88259887695312,0.7419769763946533
1259,207,302.12615966796875,96.4251480102539,82.29257202148438,69.56316375732422,0.6987236738204956
1259,208,541.7994995117188,52.12390899658203,64.85369873046875,58.783294677734375,0.7842748165130615
1259,209,435.0498352050781,34.9070930480957,84.47958374023438,51.71999740600586,0.6760988235473633
1259,215,604.9986572265625,14.405107498168945,67.67144775390625,38.08183288574219,0.45807528495788574
1259,213,334.3710632324219,14.051048278808594,68.81378173828125,42.73941421508789,0.7866119146347046
1260,204,0.0,319.191650390625,200.16075134277344,205.11590576171875,0.7309807538986206
1260,207,297.5042724609375,100.6514663696289,84.1202392578125,71.53446197509766,0.73902827501297
1260,208,540.98486328125,54.672603607177734,66.21771240234375,61.03630447387695,0.7760834693908691
1260,209,433.969970703125,36.93949508666992,83.67816162109375,52.781986236572266,0.710385799407959
1260,215,604.328125,13.66168212890625,70.47845458984375,40.98225784301758,0.48802629113197327
1260,213,331.12744140625,16.592458724975586,68.769775390625,43.501220703125,0.8219354748725891
1261,204,0.0,338.4732360839844,187.10543823242188,200.13980102539062,0.7737470269203186
1261,207,292.6006774902344,105.30423736572266,85.49395751953125,73.18692779541016,0.7492879033088684
1261,208,540.3561401367188,57.586360931396484,66.77716064453125,62.45194625854492,0.6973996162414551
1261,209,433.50140380859375,39.46043014526367,82.0914306640625,53.172428131103516,0.6482565402984619
1261,215,604.6062622070312,13.821166038513184,70.96966552734375,42.678890228271484,0.3939021825790405
1261,213,327.7344055175781,18.57142448425293,69.31390380859375,44.63880920410156,0.8347147703170776
1262,204,0.0,357.9370422363281,168.6370086669922,182.06295776367188,0.807693600654602
1262,207,287.2684326171875,109.76596069335938,87.29510498046875,75.0245361328125,0.7132106423377991
1262,208,539.7228393554688,60.29697036743164,68.0841064453125,64.68791198730469,0.7158963680267334
1262,209,432.491943359375,42.463470458984375,81.49041748046875,54.221923828125,0.6997169256210327
1262,215,605.36279296875,14.692778587341309,70.4107666015625,43.843624114990234,0.5710570812225342
1262,213,325.000732421875,21.40289306640625,68.542724609375,44.924102783203125,0.8258316516876221
1263,204,0.0,377.9763488769531,147.27603149414062,162.02365112304688,0.6330514550209045
1263,207,281.3388977050781,114.9356918334961,89.3201904296875,77.11803436279297,0.7097483277320862
1263,208,539.3404541015625,63.12920379638672,67.74462890625,65.1167984008789,0.7827309370040894
1263,209,431.8570861816406,45.576961517333984,80.81838989257812,55.11558151245117,0.7962745428085327
1263,215,606.0335693359375,15.730949401855469,69.72454833984375,44.91144561767578,0.5784356594085693
1263,213,321.9447021484375,23.594207763671875,68.27374267578125,45.53954315185547,0.8071008324623108
1264,204,0.0,403.2602233886719,123.03253936767578,136.73977661132812,0.6484941840171814
1264,207,276.32904052734375,120.08899688720703,89.8995361328125,77.71353912353516,0.7760423421859741
1264,208,539.4085693359375,66.7867202758789,67.000244140625,64.91991424560547,0.8205832242965698
1264,209,431.1455993652344,48.01075744628906,80.34732055664062,56.235633850097656,0.7347294092178345
1264,215,606.9735107421875,16.589061737060547,69.7451171875,46.31174850463867,0.4531571567058563
1264,213,318.5506286621094,25.74323844909668,69.30636596679688,47.00346374511719,0.6774921417236328
1265,207,270.2835998535156,124.77088928222656,92.762451171875,80.51318359375,0.8037487864494324
1265,208,538.3446655273438,69.36272430419922,68.563720703125,67.21422576904297,0.7768069505691528
1265,209,429.86962890625,50.57465362548828,80.55252075195312,57.84413146972656,0.6353448629379272
1265,215,608.2788696289062,17.567493438720703,69.00030517578125,47.20075607299805,0.4418129622936249
1265,213,315.0090637207031,28.344615936279297,69.81295776367188,48.0639762878418,0.6872500777244568
1266,207,263.6181945800781,129.63858032226562,96.23715209960938,83.82395935058594,0.8028165698051453
1266,208,538.0908203125,72.75709533691406,68.82196044921875,68.0919189453125,0.7807497978210449
1266,209,429.6489562988281,54.14136505126953,78.90975952148438,58.01582336425781,0.743914008140564
1266,215,609.7290649414062,18.904695510864258,67.37408447265625,47.32880401611328,0.39954549074172974
1266,213,310.95733642578125,31.045530319213867,69.67547607421875,48.71138000488281,0.7422619462013245
1267,207,258.8287658691406,136.0258331298828,96.19076538085938,83.65185546875,0.7869383096694946
1267,208,536.7271118164062,74.9893798828125,71.04302978515625,71.23124694824219,0.7823995351791382
1267,209,428.451416015625,57.15771484375,78.40936279296875,58.93144989013672,0.703988254070282
1267,215,611.3458862304688,21.426830291748047,65.644775390625,47.390628814697266,0.508042573928833
1267,213,306.43310546875,33.31382751464844,70.02578735351562,49.70893096923828,0.733267068862915
1268,207,251.44984436035156,142.6956787109375,99.59013366699219,86.82527160644531,0.8253684043884277
1268,208,536.2430419921875,77.58963012695312,72.01861572265625,73.06588745117188,0.7264864444732666
1268,209,427.3446350097656,61.114681243896484,77.41177368164062,59.35239791870117,0.615084707736969
1268,215,612.1753540039062,23.843048095703125,65.28240966796875,48.31206512451172,0.6550270915031433
1268,213,303.041259765625,36.27859878540039,69.576416015625,49.96577835083008,0.7623062133789062
1269,207,245.0271759033203,148.7491912841797,101.85993957519531,88.91560363769531,0.7749868035316467
1269,208,536.17919921875,81.8031234741211,71.31829833984375,72.8616714477539,0.6760625243186951
1269,209,425.15625,64.24073791503906,78.31503295898438,61.243614196777344,0.7020202279090881
1269,215,613.5140380859375,25.635610580444336,64.1458740234375,48.43702697753906,0.5571696162223816
1269,213,298.2279968261719,39.02605056762695,70.73721313476562,51.442142486572266,0.7413538098335266
1270,207,237.65390014648438,154.48817443847656,104.130859375,90.97184753417969,0.7918270826339722
1270,208,535.6156616210938,85.63701629638672,72.4100341796875,74.6617202758789,0.723984956741333
1270,209,424.38299560546875,69.32705688476562,76.16583251953125,60.49444580078125,0.7727481126785278
1270,215,614.4658203125,27.159685134887695,64.6842041015625,49.782958984375,0.5905315279960632
1270,213,294.1811218261719,42.219886779785156,70.38351440429688,51.69933319091797,0.7179722189903259
1271,207,230.01858520507812,162.57666015625,106.05014038085938,92.51535034179688,0.7369686961174011
1271,208,535.81591796875,90.39058685302734,72.28619384765625,75.02277374267578,0.7632316946983337
1271,209,421.947021484375,72.11469268798828,77.56976318359375,62.61675262451172,0.7077729105949402
1271,215,616.4783935546875,29.824499130249023,62.8328857421875,49.134063720703125,0.582434892654419
1271,213,290.29754638671875,44.806182861328125,70.60455322265625,52.3740234375,0.7581568360328674
1272,207,220.7103729248047,168.4651336669922,111.29231262207031,97.24797058105469,0.6518082618713379
1272,208,533.9734497070312,94.48955535888672,74.85504150390625,78.62267303466797,0.6830281615257263
1272,209,419.4465637207031,75.33695983886719,78.97042846679688,64.90081787109375,0.659755527973175
1272,215,617.4759521484375,32.01735305786133,61.97357177734375,49.21559524536133,0.5157716274261475
1272,213,285.5518798828125,48.44063186645508,70.8953857421875,52.96278762817383,0.6833696961402893
1273,207,211.3172607421875,174.77752685546875,116.09881591796875,101.73138427734375,0.8457678556442261
1273,208,532.9061279296875,97.78927612304688,76.34686279296875,80.8720703125,0.7700070738792419
1273,209,416.1688537597656,79.27230834960938,80.91336059570312,67.47328186035156,0.7163869738578796
1273,215,618.776123046875,34.04524612426758,61.7081298828125,49.66538619995117,0.718044638633728
1273,213,279.5816650390625,51.557491302490234,72.71194458007812,54.77272415161133,0.7551104426383972
1274,207,201.6886749267578,180.67152404785156,121.22108459472656,106.71846008300781,0.7454548478126526
1274,208,532.1198120117188,102.02364349365234,77.3956298828125,82.59098052978516,0.7674739956855774
1274,209,414.48065185546875,82.15180206298828,80.84368896484375,68.27816009521484,0.6559869050979614
1274,215,619.903076171875,35.9684944152832,60.9827880859375,49.61672592163086,0.6925601363182068
1274,213,274.03826904296875,55.38685607910156,73.12255859375,55.357078552246094,0.8612512946128845
1275,207,192.6101531982422,189.56497192382812,123.67704772949219,109.02581787109375,0.7734492421150208
1275,208,531.6683349609375,106.50175476074219,77.4744873046875,83.27937316894531,0.7880361676216125
1275,209,411.7664489746094,85.75608825683594,80.82730102539062,69.23486328125,0.5218269228935242
1275,215,620.4759521484375,38.13468551635742,60.6365966796875,49.87905502319336,0.654722273349762
1275,213,268.404541015625,58.42209243774414,75.32284545898438,57.522151947021484,0.7869642376899719
1276,207,182.29104614257812,197.93780517578125,128.33938598632812,113.40399169921875,0.8188477754592896
1276,208,530.9750366210938,111.32085418701172,78.5606689453125,85.11164093017578,0.7558144927024841
1276,209,408.6683349609375,89.70210266113281,82.45257568359375,71.53602600097656,0.6316690444946289
1276,215,619.9649047851562,39.71208572387695,62.2149658203125,52.0159797668457,0.6032550930976868
1276,213,262.57427978515625,61.74775695800781,76.85125732421875,59.02374267578125,0.8207505345344543
1277,207,171.03561401367188,206.84796142578125,133.26187133789062,117.95233154296875,0.8351403474807739
1277,208,531.90673828125,116.42591857910156,76.79119873046875,83.38053894042969,0.7837384939193726
1277,209,405.6684875488281,94.4131088256836,83.28289794921875,72.99427032470703,0.6596947312355042
1277,215,619.7726440429688,41.621551513671875,64.13470458984375,54.57371520996094,0.5813035368919373
1277,213,256.4613952636719,65.66323852539062,77.90350341796875,60.21202850341797,0.757830798625946
1278,207,159.9822540283203,214.87246704101562,138.55030822753906,122.94863891601562,0.7746770977973938
1278,208,530.5242919921875,120.8333740234375,79.4337158203125,86.95350646972656,0.7910945415496826
1278,209,402.1053161621094,98.17218017578125,84.6126708984375,74.87962341308594,0.7252288460731506
1278,215,621.241455078125,43.69759750366211,62.95770263671875,54.28036880493164,0.6233847737312317
1278,213,250.4550018310547,70.01603698730469,79.15888977050781,61.46063232421875,0.8634136915206909
1279,207,148.1864013671875,225.47683715820312,142.7806396484375,126.8297119140625,0.7701014280319214
1279,208,530.1170654296875,125.53948211669922,79.6016845703125,87.5989761352539,0.8081904053688049
1279,209,398.07672119140625,103.41853332519531,87.04440307617188,77.97625732421875,0.6052185893058777
1279,215,621.53857421875,45.86762619018555,63.35772705078125,55.25107192993164,0.6301514506340027
1279,213,244.97132873535156,74.27662658691406,79.59590148925781,62.00086975097656,0.6797864437103271
1280,207,135.25338745117188,236.790771484375,147.20040893554688,130.762451171875,0.6439346075057983
1280,208,528.799560546875,131.10739135742188,80.3304443359375,88.49191284179688,0.7880617380142212
1280,209,395.06402587890625,109.23702239990234,87.1007080078125,78.34294891357422,0.6119011640548706
1280,215,622.7520751953125,47.823246002197266,61.6038818359375,54.37741470336914,0.4966047704219818
1280,213,238.039794921875,78.23675537109375,81.72189331054688,63.92498779296875,0.809729278087616
1281,207,120.87776947021484,248.0989227294922,154.23068237304688,137.18507385253906,0.6943303942680359
1281,208,528.0523681640625,137.91798400878906,80.45849609375,88.58303833007812,0.8066633343696594
1281,209,391.84991455078125,114.57425689697266,88.662353515625,80.39127349853516,0.7892082929611206
1281,215,623.9049682617188,50.561058044433594,62.573486328125,55.92137908935547,0.3892991542816162
1281,213,231.03839111328125,83.03297424316406,82.92080688476562,65.04867553710938,0.7269455194473267
1282,207,106.29125213623047,259.9422607421875,159.6268310546875,141.80075073242188,0.7977932095527649
1282,208,526.2634887695312,143.46530151367188,83.46630859375,92.11259460449219,0.8631726503372192
1282,209,388.1734924316406,119.37982940673828,90.95819091796875,83.3023910522461,0.7949270606040955
1282,215,625.101806640625,52.28532791137695,62.72454833984375,56.7546272277832,0.478292316198349
1282,213,223.6188201904297,87.35012817382812,85.25733947753906,67.11962890625,0.7211281657218933
1283,207,89.04994201660156,271.0020446777344,169.1376495361328,150.32257080078125,0.8770769834518433
1283,208,525.2868041992188,148.7426300048828,86.04510498046875,95.33702087402344,0.8395406007766724
1283,209,384.9556579589844,124.24908447265625,92.55178833007812,85.557861328125,0.7582858800888062
1283,215,625.7391357421875,55.30147933959961,64.29498291015625,58.898250579833984,0.44322362542152405
1283,213,216.8284454345703,92.24761962890625,85.89710998535156,67.71234130859375,0.7087337374687195
1284,207,69.97054290771484,279.1261291503906,183.10079956054688,163.4246826171875,0.6025844216346741
1284,208,523.4403686523438,155.02783203125,89.39776611328125,99.71475219726562,0.8238133788108826
1284,209,381.558837890625,129.57666015625,93.66726684570312,87.18072509765625,0.7718881368637085
1284,215,626.8326416015625,57.88139343261719,63.7972412109375,59.23469543457031,0.3441861569881439
1284,213,207.99188232421875,96.78292846679688,89.69094848632812,70.99679565429688,0.7844579219818115
1285,207,47.84141540527344,286.05206298828125,199.20518493652344,179.52297973632812,0.599655270576477
1285,208,522.0946655273438,162.47747802734375,89.99505615234375,100.25091552734375,0.8629131317138672
1285,209,376.3932189941406,135.9461212158203,97.64593505859375,91.92701721191406,0.7940816879272461
1285,215,628.1405639648438,60.658851623535156,65.3369140625,61.521507263183594,0.3196234703063965
1285,213,200.32350158691406,101.80357360839844,90.69883728027344,71.9378662109375,0.7957433462142944
1286,207,32.51011276245117,308.21539306640625,200.9879608154297,181.19931030273438,0.7431133985519409
1286,208,520.7302856445312,168.87289428710938,92.77178955078125,103.66940307617188,0.7903265357017517
1286,209,373.1539611816406,143.12925720214844,97.7493896484375,92.53926086425781,0.716042160987854
1286,215,629.2097778320312,63.04315185546875,64.53802490234375,61.582191467285156,0.38649365305900574
1286,213,191.22462463378906,106.53275299072266,94.10618591308594,74.76634979248047,0.7926627397537231
1286,222,634.0370483398438,63.556270599365234,56.07879638671875,61.148746490478516,0.3615278899669647
1287,207,11.370025634765625,327.4597473144531,209.96397399902344,189.48031616210938,0.7336825728416443
1287,208,519.6242065429688,175.6349334716797,94.9195556640625,106.24678039550781,0.8446795344352722
1287,209,368.5960388183594,148.56973266601562,99.72894287109375,95.13345336914062,0.7508110404014587
1287,213,181.16490173339844,111.45143127441406,97.63557434082031,77.80400085449219,0.8341113924980164
1287,222,635.6668090820312,67.23770141601562,55.39227294921875,60.330169677734375,0.6403675079345703
1288,207,0.0,344.7237854003906,209.09202575683594,189.80722045898438,0.6627888083457947
1288,208,517.9778442382812,182.73843383789062,97.77191162109375,109.6851806640625,0.8088223338127136
1288,209,363.65283203125,155.6876220703125,101.99935913085938,97.88322448730469,0.4252529740333557
1288,213,172.0795135498047,117.80770111083984,99.23429870605469,79.1244125366211,0.7197796702384949
1288,222,636.4390258789062,69.80162811279297,56.51708984375,61.484779357910156,0.3528088629245758
1288,215,631.424560546875,68.68182373046875,64.85040283203125,62.42073059082031,0.510157585144043
1289,207,0.0,362.8695983886719,193.37767028808594,177.13040161132812,0.7210314869880676
1289,208,516.6216430664062,190.7814483642578,100.2288818359375,112.70976257324219,0.8712806105613708
1289,209,357.439697265625,163.18333435058594,105.231689453125,101.58683776855469,0.7480276823043823
1289,213,162.22227478027344,123.81732940673828,102.02976989746094,81.44014739990234,0.8004735112190247
1289,222,637.2083740234375,72.21393585205078,57.7884521484375,62.724281311035156,0.3547680974006653
1289,215,633.1908569335938,71.80450439453125,64.2008056640625,61.89674377441406,0.49264317750930786
1290,207,0.0,381.69464111328125,176.6427764892578,158.30535888671875,0.7672529220581055
1290,208,514.3547973632812,198.61537170410156,103.49920654296875,116.56166076660156,0.8708881735801697
1290,209,351.2981262207031,169.46031188964844,110.21945190429688,107.26283264160156,0.7405941486358643
1290,213,150.92955017089844,129.3725128173828,106.20237731933594,85.12078857421875,0.8180587291717529
1291,207,0.0,401.9018249511719,158.2835693359375,138.09817504882812,0.766606867313385
1291,208,511.930908203125,206.95358276367188,107.31048583984375,121.29531860351562,0.8827884197235107
1291,209,345.2832946777344,177.36268615722656,113.19354248046875,110.74952697753906,0.7593575119972229
1291,213,140.00363159179688,135.34780883789062,108.59494018554688,87.13508605957031,0.8254008293151855
1291,215,635.970703125,80.75054168701172,63.8099365234375,61.613075256347656,0.4698222279548645
1292,207,2.7040913105010986,423.61285400390625,136.6131134033203,116.38714599609375,0.6011662483215332
1292,208,509.9117431640625,215.05908203125,111.5164794921875,126.73153686523438,0.8528706431388855
1292,209,338.61663818359375,186.27052307128906,116.56451416015625,114.53019714355469,0.7874346971511841
1292,213,127.7142105102539,143.01914978027344,111.87752532958984,89.76170349121094,0.813532829284668
1292,215,637.5560302734375,85.86923217773438,63.3839111328125,61.08453369140625,0.5931840538978577
1293,207,7.076678276062012,446.714111328125,112.70942687988281,93.285888671875,0.7090359926223755
1293,208,507.7922058105469,224.3460235595703,114.94967651367188,131.39845275878906,0.8540351390838623
1293,209,332.4193115234375,195.37095642089844,119.50369262695312,118.19761657714844,0.8377615809440613
1293,213,114.86804962158203,150.4894256591797,114.80020904541016,91.92054748535156,0.873110830783844
1293,215,636.4603271484375,86.05726623535156,66.63848876953125,64.69134521484375,0.521298885345459
1294,207,11.434605598449707,471.68902587890625,85.59648895263672,68.31097412109375,0.32709017395973206
1294,208,505.5758361816406,234.93589782714844,117.94259643554688,135.59519958496094,0.8773144483566284
1294,209,325.1307067871094,204.32290649414062,123.15313720703125,122.21328735351562,0.873901903629303
1294,213,100.36119842529297,157.21539306640625,121.24602508544922,97.3310546875,0.7986829876899719
1294,215,636.5901489257812,88.16160583496094,69.18292236328125,67.53898620605469,0.3727533221244812
1295,208,502.8498840332031,245.02114868164062,122.89303588867188,142.3916015625,0.8832248449325562
1295,209,317.88714599609375,214.1970977783203,128.692626953125,128.48411560058594,0.8283177018165588
1295,213,86.14114379882812,165.4828338623047,125.90155029296875,101.02738952636719,0.8275139331817627
1295,215,637.9540405273438,92.26156616210938,70.8529052734375,69.22808837890625,0.6900428533554077
1296,208,498.97161865234375,254.0370635986328,129.85809326171875,151.93040466308594,0.7696234583854675
1296,209,309.30596923828125,225.2084503173828,132.88372802734375,133.57752990722656,0.8095175623893738
1296,213,71.9385986328125,174.67237854003906,129.38633728027344,103.79002380371094,0.8100711703300476
1296,215,637.6593017578125,94.01850128173828,73.51519775390625,72.39136505126953,0.48529335856437683
1296,224,590.2650756835938,14.40017032623291,37.532958984375,20.231510162353516,0.4362085163593292
1297,208,495.7151794433594,265.2005920410156,134.70455932617188,158.92837524414062,0.7993439435958862
1297,209,300.014404296875,236.8688201904297,137.6104736328125,138.95533752441406,0.8496487140655518
1297,213,54.819419860839844,182.7854461669922,135.3548583984375,108.44184875488281,0.8504986763000488
1297,215,638.0791015625,95.9417495727539,75.3699951171875,74.5524673461914,0.6422918438911438
1297,224,588.7075805664062,14.899123191833496,40.44500732421875,21.859962463378906,0.5694250464439392
1298,208,493.05145263671875,278.1414489746094,138.3211669921875,164.52767944335938,0.7680189609527588
1298,209,290.2408447265625,248.81126403808594,144.08493041992188,146.3568878173828,0.8267881870269775
1298,213,37.8281364440918,193.02755737304688,140.69252014160156,112.6234130859375,0.787240207195282
1298,215,638.6170043945312,99.46984100341797,76.50262451171875,76.0188980102539,0.6542696356773376
1298,224,586.2843017578125,14.817632675170898,44.470703125,24.165510177612305,0.5153112411499023
1299,208,489.646240234375,290.58135986328125,144.37701416015625,173.47946166992188,0.7678724527359009
1299,209,278.1938781738281,260.73284912109375,150.91781616210938,153.963134765625,0.8383550047874451
1299,213,20.22985076904297,203.4208984375,146.75729370117188,117.36932373046875,0.8473637700080872
1299,215,638.8458862304688,103.42442321777344,77.2718505859375,77.07484436035156,0.6620844006538391
1299,224,584.215576171875,14.61936092376709,48.21868896484375,26.436302185058594,0.518214762210846
1300,208,485.0944519042969,303.65155029296875,152.34872436523438,185.19302368164062,0.7777413129806519
1300,209,264.9358825683594,271.0950927734375,161.03634643554688,165.6566162109375,0.8915202021598816
1300,213,1.6742610931396484,213.3633575439453,154.60670471191406,124.11116027832031,0.8210321664810181
1300,215,640.5088500976562,107.0831527709961,78.645751953125,78.7470474243164,0.6430011987686157
1300,224,582.7969360351562,14.67894458770752,50.73358154296875,28.125385284423828,0.5430060029029846
1301,208,480.203369140625,318.4600524902344,159.83544921875,196.86672973632812,0.821375846862793
1301,209,252.21917724609375,283.2041320800781,170.44659423828125,177.27212524414062,0.8281674385070801
1301,213,0.0,225.29995727539062,149.0498809814453,130.75888061523438,0.8590498566627502
1301,215,641.7034301757812,111.00141906738281,79.58038330078125,79.83804321289062,0.6942556500434875
1301,224,581.3781127929688,14.612399101257324,53.0101318359375,29.795696258544922,0.5982716083526611
1302,208,477.76947021484375,333.7817077636719,161.56829833984375,200.35482788085938,0.7982466220855713
1302,209,241.51358032226562,300.30963134765625,175.65322875976562,184.02316284179688,0.8428893685340881
1302,213,0.0,237.84970092773438,143.0177764892578,137.2742919921875,0.8487643599510193
1302,215,642.427001953125,115.27367401123047,80.80157470703125,81.31107330322266,0.5817895531654358
1302,224,578.7053833007812,14.274717330932617,56.7679443359375,32.468109130859375,0.6168732047080994
1303,208,479.7591552734375,348.7695007324219,155.3665771484375,191.23049926757812,0.718411922454834
1303,209,226.71673583984375,316.91021728515625,185.35101318359375,195.89508056640625,0.7265074253082275
1303,213,0.0,251.50253295898438,135.36154174804688,142.58819580078125,0.7436635494232178
1303,215,642.5699462890625,119.42086791992188,82.8642578125,83.58599853515625,0.623437762260437
1303,224,576.9948120117188,14.054085731506348,59.59063720703125,34.781341552734375,0.6743313670158386
1303,225,421.1566162109375,13.478395462036133,41.998931884765625,14.137809753417969,0.42520567774772644
1304,208,484.6979064941406,366.23907470703125,145.00698852539062,173.76092529296875,0.5572418570518494
1304,209,214.60671997070312,333.9104919433594,187.548583984375,198.35891723632812,0.610012948513031
1304,213,0.0,264.70074462890625,126.54251098632812,147.3004150390625,0.7155561447143555
1304,215,643.0093994140625,123.72901916503906,84.039794921875,85.00070190429688,0.6552244424819946
1304,224,575.3682250976562,13.824048042297363,62.6790771484375,37.48445510864258,0.7828471660614014
1304,225,415.9761962890625,14.091195106506348,47.135589599609375,15.901816368103027,0.45742353796958923
1305,208,488.26922607421875,384.54205322265625,133.8848876953125,155.45794677734375,0.662922203540802
1305,209,205.11825561523438,351.1534729003906,180.87496948242188,188.84652709960938,0.7759085297584534
1305,215,644.5025634765625,128.34500122070312,85.821044921875,87.03135681152344,0.6472000479698181
1305,224,574.8109130859375,14.144270896911621,63.4808349609375,38.914859771728516,0.8073974847793579
1305,225,412.1758728027344,14.011101722717285,52.893951416015625,17.93866729736328,0.5426587462425232
1306,208,492.4609375,405.5081481933594,122.828369140625,134.49185180664062,0.44097840785980225
1306,209,202.86683654785156,369.5865783691406,168.8619842529297,170.41342163085938,0.7386276721954346
1306,215,645.2874145507812,132.28794860839844,87.99053955078125,89.67787170410156,0.6528998017311096
1306,224,575.017333984375,14.657219886779785,63.06048583984375,39.64255905151367,0.8270139098167419
1306,225,408.6756896972656,14.216879844665527,57.755523681640625,19.770248413085938,0.5585233569145203
1306,226,0.0,295.7705078125,62.23285675048828,123.45989990234375,0.48464518785476685
1307,208,501.4542541503906,427.4398193359375,109.60415649414062,112.5601806640625,0.3849360942840576
1307,209,199.69821166992188,391.2835998535156,155.4456787109375,148.71640014648438,0.7172130942344666
1307,215,647.0684204101562,137.26695251464844,88.95147705078125,90.87663269042969,0.627196729183197
1307,224,574.6402587890625,15.770902633666992,63.36614990234375,41.014923095703125,0.7849132418632507
1307,225,404.5836181640625,14.566454887390137,64.01220703125,22.2454833984375,0.610395610332489
1308,209,197.89837646484375,415.36859130859375,139.2908935546875,124.63140869140625,0.6954430341720581
1308,215,648.5615844726562,142.99932861328125,91.09869384765625,93.32994079589844,0.5739573240280151
1308,224,573.5071411132812,17.102825164794922,64.299560546875,42.90481185913086,0.6965656280517578
1308,225,400.97607421875,14.36883544921875,69.60595703125,24.641536712646484,0.6615887880325317
1309,209,202.5892333984375,440.8484191894531,119.41043090820312,99.15158081054688,0.7903690338134766
1309,215,657.0731811523438,159.57252502441406,82.41192626953125,83.25099182128906,0.49145257472991943
1309,224,572.9244384765625,18.088245391845703,64.67437744140625,44.51320266723633,0.5987191796302795
1309,225,397.1092224121094,14.149171829223633,74.22918701171875,26.86973762512207,0.7128636837005615
1310,209,207.1431121826172,468.38446044921875,96.58052062988281,71.61553955078125,0.7492572665214539
1310,215,653.2647705078125,156.90615844726562,91.9886474609375,93.15873718261719,0.5778466463088989
1310,224,573.7494506835938,21.349271774291992,62.4404296875,44.16681671142578,0.671855628490448
1310,225,394.8493347167969,14.08929443359375,76.9095458984375,28.540359497070312,0.7372715473175049
1311,215,652.1334838867188,159.07199096679688,97.8138427734375,99.68545532226562,0.5664024353027344
1311,224,574.6156616210938,23.954059600830078,60.3380126953125,43.82173538208008,0.7282572984695435
1311,225,392.7301025390625,14.112812042236328,79.26361083984375,30.257633209228516,0.7194487452507019
1312,215,658.3545532226562,171.30807495117188,93.25946044921875,94.8184814453125,0.551699697971344
1312,224,574.024658203125,25.940874099731445,60.08447265625,44.93598175048828,0.671620786190033
1312,225,388.68975830078125,13.814207077026367,84.8433837890625,33.505157470703125,0.7598474025726318
1313,215,656.183349609375,172.15432739257812,100.52178955078125,102.39950561523438,0.7452540397644043
1313,224,573.1666870117188,28.55733299255371,59.60015869140625,45.67225646972656,0.6877493858337402
1313,225,384.1304016113281,13.583626747131348,90.74136352539062,37.240543365478516,0.7957121729850769
1314,215,654.8377075195312,175.2630615234375,106.7506103515625,109.20645141601562,0.7193878889083862
1314,224,572.9241943359375,30.050275802612305,60.07470703125,47.24266052246094,0.7711565494537354
1314,225,382.2054138183594,13.71993637084961,91.76605224609375,39.135982513427734,0.756446123123169
1315,215,656.3518676757812,180.41175842285156,109.8135986328125,112.88102722167969,0.6363495588302612
1315,224,573.136474609375,31.71932029724121,58.98614501953125,47.38862609863281,0.745223343372345
1315,225,380.7315368652344,14.005609512329102,91.016357421875,40.30210876464844,0.7954198122024536
1316,215,658.7203369140625,188.01368713378906,111.9306640625,115.40711975097656,0.6564275026321411
1316,224,573.03515625,34.35566329956055,57.83514404296875,47.53952407836914,0.7720717787742615
1316,225,378.6197509765625,14.710968017578125,91.96533203125,42.3656120300293,0.8542038202285767
1317,215,659.5643920898438,193.2058868408203,115.55010986328125,119.69639587402344,0.5395632982254028
1317,224,572.6290283203125,37.1253662109375,57.55517578125,48.201416015625,0.7477728128433228
1317,225,377.22772216796875,15.944925308227539,90.96255493164062,43.560638427734375,0.833149254322052
1318,215,661.775146484375,200.91973876953125,118.04571533203125,122.57864379882812,0.6377002000808716
1318,224,572.2870483398438,39.675872802734375,57.6053466796875,49.17108917236328,0.7787438035011292
1318,225,375.4806213378906,17.06330108642578,91.28875732421875,45.47929000854492,0.8154268860816956
1319,215,663.2807006835938,207.19985961914062,122.10821533203125,127.3741455078125,0.6149162650108337
1319,224,572.4147338867188,42.12031936645508,57.22894287109375,49.79983139038086,0.7072984576225281
1319,225,375.2625732421875,18.531234741210938,89.50799560546875,46.34015655517578,0.8006475567817688
1319,229,664.6889038085938,206.8919219970703,118.78955078125,127.60963439941406,0.5356633067131042
1320,224,571.452880859375,43.423980712890625,57.87286376953125,51.51624298095703,0.7061629295349121
1320,225,375.7354736328125,20.75948143005371,85.51956176757812,45.95038604736328,0.654194712638855
1321,224,570.8568115234375,46.5136833190918,57.84698486328125,52.351444244384766,0.7450209856033325
1321,225,374.4405822753906,23.201377868652344,83.6951904296875,46.501068115234375,0.7098811268806458
1321,215,667.8175659179688,223.63583374023438,128.50762939453125,134.56314086914062,0.6409201622009277
1322,224,570.3878173828125,49.5623664855957,57.73779296875,53.062313079833984,0.6967719197273254
1322,225,372.8299255371094,25.220230102539062,83.123046875,47.724456787109375,0.7438572645187378
1322,215,670.5111083984375,232.25466918945312,131.609130859375,138.5257568359375,0.6940613389015198
1323,224,570.2296752929688,52.37607955932617,57.32550048828125,53.38740158081055,0.643247663974762
1323,225,370.68450927734375,27.175867080688477,82.75958251953125,49.0645751953125,0.790720522403717
1323,215,671.9342041015625,241.7915496826172,136.120849609375,143.89280700683594,0.7146124839782715
1324,224,569.778076171875,55.73769760131836,57.280029296875,54.120914459228516,0.6956391930580139
1324,225,370.1366271972656,30.023117065429688,80.72357177734375,49.242340087890625,0.8443266153335571
1324,215,673.8370971679688,250.47520446777344,141.79296875,150.83848571777344,0.7138352394104004
1325,224,569.0185546875,58.45541763305664,57.4306640625,54.844356536865234,0.6065860986709595
1325,225,368.79278564453125,32.18328094482422,80.32852172851562,50.440147399902344,0.7536607384681702
1325,215,675.84716796875,260.2190246582031,145.863037109375,155.86639404296875,0.6499488949775696
1326,224,568.1996459960938,61.809261322021484,58.51373291015625,56.60683822631836,0.6237247586250305
1326,225,367.1004943847656,34.70828628540039,79.88836669921875,51.6086311340332,0.7419140338897705
1326,215,678.1555786132812,268.75787353515625,151.527099609375,162.9569091796875,0.6317961812019348
1326,233,679.4305419921875,268.0353698730469,148.6981201171875,164.92813110351562,0.5167121887207031
1327,224,567.8579711914062,65.31281280517578,58.49151611328125,57.24512481689453,0.7106162905693054
1327,225,364.4166259765625,36.71882247924805,79.49166870117188,52.5620002746582,0.7372738122940063
1327,215,678.3543090820312,278.6005859375,158.467529296875,171.40191650390625,0.29617828130722046
1327,233,681.2399291992188,279.5116271972656,155.7103271484375,172.86642456054688,0.5730207562446594
1328,224,567.18408203125,68.28490447998047,58.26983642578125,57.53650665283203,0.7501139640808105
1328,225,362.5657043457031,39.350929260253906,78.2713623046875,52.966827392578125,0.7157793641090393
1329,224,566.047119140625,70.61919403076172,59.5150146484375,59.34766387939453,0.7538161873817444
1329,225,359.9317626953125,42.79417419433594,77.64962768554688,53.768882751464844,0.5697947144508362
1329,215,683.8358154296875,301.0137023925781,173.13580322265625,189.22174072265625,0.6530554294586182
1330,224,565.9473876953125,74.1961898803711,59.62255859375,59.96092987060547,0.7036445140838623
1330,225,357.00714111328125,45.21724319458008,78.02230834960938,55.18813705444336,0.704914927482605
1330,215,686.72265625,311.9877624511719,179.63031005859375,198.36422729492188,0.8077636957168579
1331,224,565.7639770507812,77.67543029785156,58.61248779296875,59.10093688964844,0.6593161225318909
1331,225,355.239990234375,47.558109283447266,77.99887084960938,56.13108444213867,0.7440834641456604
1331,215,690.0827026367188,324.3741760253906,186.1676025390625,207.28274536132812,0.5476714968681335
1332,224,563.4779663085938,80.67899322509766,61.35205078125,62.38665008544922,0.6953138113021851
1332,225,353.29425048828125,50.81240463256836,77.00259399414062,56.30025100708008,0.7804790735244751
1332,215,698.415771484375,335.46240234375,182.658447265625,203.510986328125,0.5570799708366394
1333,224,562.9190063476562,85.50819396972656,61.78466796875,63.26332092285156,0.6399329900741577
1333,225,350.9049377441406,53.43043899536133,77.208740234375,57.25455093383789,0.7078315019607544
1333,215,710.158203125,350.2938537597656,174.7313232421875,189.70614624023438,0.4215902090072632
1334,224,562.4207153320312,89.24650573730469,60.887939453125,62.511749267578125,0.6273291707038879
1334,225,348.3258056640625,56.6239128112793,78.05691528320312,58.83987808227539,0.8075188994407654
1334,215,723.5764770507812,366.0272216796875,164.98101806640625,173.9727783203125,0.47542575001716614
1335,224,561.3861694335938,93.42314147949219,63.00994873046875,65.07058715820312,0.6756578087806702
1335,225,344.486083984375,60.09070587158203,78.2098388671875,59.79936218261719,0.6006928086280823
1335,215,733.0301513671875,380.6990051269531,156.0960693359375,159.30099487304688,0.5066636204719543
1335,236,614.2401123046875,13.966336250305176,37.807861328125,15.449240684509277,0.43359893560409546
1336,224,560.4993896484375,96.46825408935547,63.3326416015625,65.84709930419922,0.592841386795044
1336,225,341.3916015625,63.3718147277832,79.2567138671875,61.44565200805664,0.6444851756095886
1336,215,740.8258666992188,397.15087890625,145.6827392578125,142.84912109375,0.36541619896888733
1336,236,613.2113037109375,14.002392768859863,41.3089599609375,16.93639373779297,0.5159403085708618
1337,224,559.2780151367188,100.68748474121094,65.2171630859375,68.17987060546875,0.6453087329864502
1337,225,338.5839538574219,66.8990707397461,79.08041381835938,62.04920196533203,0.7279896140098572
1337,236,612.67626953125,14.257526397705078,42.83038330078125,17.645587921142578,0.41891998052597046
1338,224,558.5106811523438,104.65443420410156,65.677001953125,69.09461975097656,0.6461215019226074
1338,225,335.2756042480469,70.39266967773438,79.32681274414062,62.783203125,0.6909806132316589
1338,236,611.7669067382812,14.487643241882324,45.58026123046875,18.892986297607422,0.3329925239086151
1338,215,760.4515380859375,432.458740234375,120.69744873046875,107.541259765625,0.5431039929389954
1339,224,557.6823120117188,108.91423034667969,66.6846923828125,70.53120422363281,0.5926548838615417
1339,225,331.6890563964844,74.2483139038086,79.75836181640625,63.53577423095703,0.5851041674613953
1339,236,611.0216674804688,14.782957077026367,48.72503662109375,20.39090919494629,0.27152833342552185
1339,215,770.2866821289062,453.3076171875,106.114501953125,86.6923828125,0.5635792016983032
1340,224,556.433837890625,113.49823760986328,67.96099853515625,72.3782730102539,0.5992004871368408
1340,225,326.86285400390625,77.12885284423828,82.50808715820312,66.37004852294922,0.5556250214576721
1341,224,554.8590087890625,118.36881256103516,70.106689453125,75.2887191772461,0.6275505423545837
1341,225,322.8316955566406,81.71037292480469,83.07083129882812,67.38330078125,0.6487226486206055
1342,224,553.6442260742188,122.94436645507812,71.13250732421875,76.95840454101562,0.6619625687599182
1342,225,320.0364990234375,85.06066131591797,82.8721923828125,67.58460235595703,0.6749346852302551
1343,224,551.9885864257812,126.68258666992188,73.29534912109375,80.17488098144531,0.5413861274719238
1343,225,314.8371887207031,87.88923645019531,86.85348510742188,71.54779052734375,0.7598703503608704
1344,224,550.7728271484375,132.81126403808594,74.9114990234375,82.73272705078125,0.5963215827941895
1344,225,310.7742919921875,91.5974349975586,87.73443603515625,72.61173248291016,0.7032663226127625
1345,224,550.2648315429688,139.5715789794922,74.95513916015625,83.24833679199219,0.6292096376419067
1345,225,306.4626159667969,96.44136047363281,89.27392578125,74.41801452636719,0.6740561723709106
1346,224,549.063720703125,145.36618041992188,76.2669677734375,85.35914611816406,0.5919612050056458
1346,225,301.94024658203125,100.78311157226562,89.72006225585938,75.07878112792969,0.7174066305160522
1347,224,547.6758422851562,151.37216186523438,77.7867431640625,87.78446960449219,0.6270303130149841
1347,225,296.1981201171875,105.04403686523438,92.82656860351562,78.31430053710938,0.7204278111457825
1348,224,545.6759643554688,157.61813354492188,80.337890625,91.52738952636719,0.7015493512153625
1348,225,291.4008483886719,110.3958969116211,94.41787719726562,80.0577163696289,0.6215887069702148
1349,224,543.5948486328125,164.5869598388672,82.16888427734375,94.19725036621094,0.7124189734458923
1349,225,285.0215148925781,115.40357208251953,96.7366943359375,82.25118255615234,0.6605475544929504
1350,224,542.378662109375,170.26026916503906,84.76055908203125,97.82981872558594,0.6698279976844788
1350,225,279.0677185058594,120.17240142822266,98.93618774414062,84.5110092163086,0.6740894913673401
1350,240,483.41693115234375,14.4273681640625,44.49755859375,16.31610107421875,0.408191055059433
1350,241,546.8457641601562,13.275520324707031,42.50067138671875,14.286737442016602,0.4592244029045105
1351,224,540.6149291992188,177.7181854248047,86.44598388671875,100.38179016113281,0.7507703900337219
1351,225,273.99566650390625,124.63988494873047,99.98065185546875,85.55200958251953,0.7826722264289856
1351,240,478.60345458984375,14.409125328063965,46.09600830078125,16.903114318847656,0.5126985311508179
1351,241,544.0964965820312,13.216292381286621,48.28857421875,16.323989868164062,0.5138568878173828
1352,224,539.3164672851562,184.91734313964844,89.09930419921875,104.43128967285156,0.8158196210861206
1352,225,266.67181396484375,129.97491455078125,103.84286499023438,89.48695373535156,0.8383733630180359
1352,240,475.50311279296875,14.210978507995605,49.74102783203125,18.277626037597656,0.6067089438438416
1352,241,542.9155883789062,13.432049751281738,51.2410888671875,17.48703384399414,0.6233276128768921
1352,243,618.8176879882812,15.849363327026367,46.856689453125,48.65855407714844,0.3616863787174225
1353,224,537.330810546875,193.0213165283203,91.3880615234375,107.76771545410156,0.7583767771720886
1353,225,261.1562805175781,136.1691131591797,104.13833618164062,89.89689636230469,0.8490345478057861
1353,240,473.1878967285156,14.405096054077148,52.958953857421875,19.52052116394043,0.6118859648704529
1353,241,541.4982299804688,13.77461051940918,54.10638427734375,18.70231056213379,0.5966571569442749
1353,243,618.1920776367188,16.982158660888672,50.21185302734375,52.2176399230957,0.275895357131958
1354,224,535.4415283203125,201.89027404785156,93.706298828125,111.42704772949219,0.8090310096740723
1354,225,255.98741149902344,142.70309448242188,104.25077819824219,89.69291687011719,0.7995120286941528
1354,240,469.9207458496094,14.46423625946045,58.602081298828125,21.807872772216797,0.6013132929801941
1354,241,540.109130859375,13.956381797790527,57.3997802734375,20.160259246826172,0.6302887797355652
1354,243,617.13330078125,17.466087341308594,54.88714599609375,57.311500549316406,0.2531126141548157
1355,224,533.2991333007812,209.6513671875,97.26220703125,116.581298828125,0.8304075002670288
1355,225,248.48089599609375,148.9530792236328,107.92745971679688,92.91819763183594,0.746020495891571
1355,240,466.8294372558594,14.447349548339844,63.213226318359375,23.846267700195312,0.6635208129882812
1355,241,538.0674438476562,14.15234088897705,61.75421142578125,22.145645141601562,0.6719334721565247
1355,243,615.2957153320312,14.629035949707031,60.49676513671875,63.63623046875,0.4208175837993622
1356,224,531.2271118164062,218.08934020996094,100.20465087890625,121.15577697753906,0.7847911715507507
1356,225,239.99566650390625,155.37075805664062,111.78860473632812,96.40008544921875,0.6577054262161255
1356,240,464.2553405761719,14.257444381713867,67.96865844726562,26.10577964782715,0.7043494582176208
1356,241,534.5972900390625,14.806828498840332,67.63330078125,24.90201187133789,0.8283828496932983
1356,243,614.5173950195312,12.053513526916504,64.307861328125,68.24903869628906,0.4194270968437195
1357,224,530.3151245117188,227.83091735839844,102.75811767578125,124.97566223144531,0.7932272553443909
1357,225,231.71755981445312,162.29254150390625,115.74591064453125,100.0692138671875,0.6862404942512512
1357,240,464.271240234375,14.42724895477295,68.92156982421875,27.026992797851562,0.7437142133712769
1357,241,532.6211547851562,15.214438438415527,69.76275634765625,26.36480712890625,0.8062164783477783
1357,243,617.4269409179688,18.094907760620117,60.57568359375,64.49464416503906,0.42818108201026917
1358,224,526.2339477539062,237.4584197998047,107.5550537109375,132.02085876464844,0.7882080078125
1358,225,223.3028564453125,168.9031219482422,119.32736206054688,103.24494934082031,0.7086079120635986
1358,240,463.27813720703125,14.592046737670898,68.87115478515625,27.553232192993164,0.7216934561729431
1358,241,532.2491455078125,15.38097858428955,70.75543212890625,27.520523071289062,0.8182131052017212
1358,243,615.73974609375,13.661664009094238,65.16204833984375,70.1935043334961,0.4465114176273346
1359,224,524.8403930664062,248.74124145507812,110.398193359375,136.44876098632812,0.8123930096626282
1359,225,214.3172607421875,176.15672302246094,123.05694580078125,106.57780456542969,0.7299208045005798
1359,240,460.9471740722656,14.188767433166504,73.51388549804688,30.246768951416016,0.6831893920898438
1359,241,530.9034423828125,15.195401191711426,74.62310791015625,30.07119369506836,0.820218563079834
1359,243,618.9019165039062,21.520092010498047,60.09930419921875,64.86569213867188,0.58111572265625
1360,224,522.0932006835938,259.3602294921875,114.26190185546875,142.349365234375,0.7883994579315186
1360,225,204.4073486328125,184.0522003173828,127.39825439453125,110.42085266113281,0.7118934988975525
1360,240,458.01300048828125,14.374489784240723,79.58154296875,33.92340087890625,0.6636127233505249
1360,241,529.014404296875,14.888428688049316,76.82647705078125,32.080162048339844,0.7588367462158203
1360,243,615.5841064453125,15.58156681060791,67.48822021484375,74.07926177978516,0.4325665831565857
1361,224,519.1685791015625,271.6270751953125,117.421875,147.498291015625,0.8159324526786804
1361,225,194.39601135253906,192.12933349609375,131.47019958496094,114.08456420898438,0.6341018080711365
1361,240,456.5269470214844,14.591459274291992,81.80972290039062,36.16259765625,0.6657637357711792
1361,241,526.4684448242188,14.575252532958984,81.28485107421875,35.39916229248047,0.7629138231277466
1361,243,615.3346557617188,14.486329078674316,69.3416748046875,77.290283203125,0.42217350006103516
1362,224,516.1572875976562,284.58978271484375,122.280029296875,155.27322387695312,0.7865968942642212
1362,225,183.2420654296875,200.62782287597656,137.51620483398438,119.60960388183594,0.6982693672180176
1362,240,455.5345458984375,14.875576972961426,82.39984130859375,37.76935958862305,0.6773247718811035
1362,241,525.5469970703125,14.499393463134766,83.0162353515625,37.757728576660156,0.8090880513191223
1362,243,614.1380615234375,13.084760665893555,73.4715576171875,83.59103393554688,0.47831064462661743
1363,224,513.766357421875,298.23797607421875,127.04510498046875,163.39120483398438,0.7797442078590393
1363,225,171.87014770507812,209.2274627685547,143.00692749023438,124.70829772949219,0.7783018350601196
1363,240,454.6136474609375,14.858689308166504,82.77728271484375,39.3970832824707,0.7297413945198059
1363,241,525.1799926757812,14.46318244934082,84.00103759765625,39.93506622314453,0.8499462008476257
1363,243,616.6919555664062,18.712108612060547,69.531005859375,80.30047607421875,0.5093117952346802
1364,224,509.1089782714844,311.7120361328125,134.34054565429688,175.39498901367188,0.7383862137794495
1364,225,158.97418212890625,217.41539001464844,149.48135375976562,130.80418395996094,0.645415723323822
1364,240,454.1357116699219,14.481416702270508,82.76065063476562,40.87981414794922,0.7913832068443298
1364,241,525.5768432617188,14.851740837097168,83.06982421875,41.28553009033203,0.8613752722740173
1364,243,617.9493408203125,21.344547271728516,67.97369384765625,79.70655822753906,0.376628041267395
1365,224,505.6110534667969,326.66217041015625,138.65335083007812,183.51022338867188,0.8059530258178711
1365,225,146.17039489746094,227.67388916015625,154.5863800048828,135.49990844726562,0.6533528566360474
1365,240,452.6783142089844,14.031793594360352,84.12118530273438,43.165374755859375,0.8223750591278076
1365,241,526.0507202148438,15.56790828704834,82.26629638671875,42.75198745727539,0.8817542791366577
1365,243,618.5799560546875,22.188745498657227,68.0772705078125,80.9825668334961,0.42817947268486023
1366,224,502.7437744140625,342.5023193359375,142.337646484375,190.72918701171875,0.7155801057815552
1366,225,131.45745849609375,238.51780700683594,163.3319091796875,144.1649932861328,0.7285614013671875
1366,240,450.3189392089844,14.10134506225586,88.12716674804688,47.2173957824707,0.8344441056251526
1366,241,525.2614135742188,15.846880912780762,84.33648681640625,45.857330322265625,0.8218506574630737
1366,243,619.3309326171875,24.930957794189453,69.1815185546875,83.56024169921875,0.5445913672447205
1367,224,505.3139343261719,361.20379638671875,134.99093627929688,178.79620361328125,0.6754061579704285
1367,225,118.0529556274414,249.36715698242188,168.22817993164062,149.05120849609375,0.5541759729385376
1367,240,449.7096862792969,14.18742847442627,88.30245971679688,49.31639099121094,0.7821463346481323
1367,241,525.0715942382812,16.117876052856445,83.9925537109375,47.84651184082031,0.8355083465576172
1367,243,620.6548461914062,27.38828468322754,68.38165283203125,83.51386260986328,0.6513368487358093
1368,224,509.9083557128906,380.5301208496094,124.16946411132812,159.46987915039062,0.5472632646560669
1368,225,97.95732116699219,260.417724609375,177.6549530029297,156.985107421875,0.5880496501922607
1368,240,449.56768798828125,14.372268676757812,87.25091552734375,50.81645965576172,0.726052463054657
1368,241,526.5286865234375,18.040952682495117,81.25360107421875,48.356201171875,0.7925461530685425
1368,243,621.8540649414062,30.238025665283203,68.08148193359375,83.988037109375,0.6127051115036011
1369,225,81.55195617675781,271.3465576171875,187.6199493408203,166.4302978515625,0.7640728950500488
1369,240,449.29547119140625,14.166248321533203,86.47650146484375,52.46243667602539,0.7133366465568542
1369,241,528.2537231445312,20.161603927612305,77.96575927734375,48.381500244140625,0.8075381517410278
1369,243,622.2796630859375,34.12599182128906,68.722412109375,85.70963287353516,0.45550137758255005
1370,225,63.82973098754883,282.5467224121094,198.34837341308594,177.12005615234375,0.7080612182617188
1370,240,446.6996765136719,13.406557083129883,89.46255493164062,56.61113739013672,0.6343234777450562
1370,241,528.7840576171875,22.912654876708984,76.4696044921875,49.4089241027832,0.8307879567146301
1370,243,623.2154541015625,37.09626007080078,69.5531005859375,87.72273254394531,0.34645166993141174
1371,240,446.275634765625,14.76364803314209,88.887939453125,58.682334899902344,0.5880803465843201
1371,241,528.8147583007812,24.531492233276367,75.78802490234375,50.893798828125,0.8660733699798584
1371,243,624.1862182617188,40.019813537597656,69.174072265625,88.0531234741211,0.4068111181259155
1372,240,444.47021484375,14.012389183044434,89.9146728515625,61.947349548339844,0.5978787541389465
1372,241,529.3362426757812,26.274065017700195,73.65594482421875,51.25792694091797,0.8178876042366028
1372,243,624.758544921875,41.82451629638672,69.4620361328125,89.3322525024414,0.30112674832344055
1372,225,25.154752731323242,312.2284240722656,218.4508819580078,196.77261352539062,0.3827058672904968
1373,240,443.8121643066406,14.420588493347168,88.50448608398438,63.63283157348633,0.5822722911834717
1373,241,531.4122314453125,28.241762161254883,69.95928955078125,50.30097198486328,0.7525460720062256
1373,243,626.27685546875,44.448753356933594,69.90093994140625,90.43596649169922,0.3887957036495209
1373,225,5.798863410949707,328.4876708984375,223.74301147460938,202.1217041015625,0.36375412344932556
1374,240,444.63751220703125,17.271028518676758,83.86810302734375,62.399688720703125,0.6220484375953674
1374,241,531.5093383789062,30.012338638305664,68.9718017578125,51.083168029785156,0.7378990054130554
1374,243,626.964599609375,47.10639572143555,71.82696533203125,93.55772399902344,0.33071812987327576
1374,225,0.0,346.1347961425781,213.55523681640625,193.86520385742188,0.37562480568885803
1375,240,443.066650390625,16.771108627319336,84.53741455078125,65.22127532958984,0.5458489060401917
1375,241,530.8826293945312,31.394771575927734,69.16424560546875,52.77888870239258,0.6569265723228455
1375,243,627.2335815429688,49.556331634521484,73.86083984375,96.90422058105469,0.3786648213863373
1375,225,0.0,361.6578369140625,197.0610809326172,178.3421630859375,0.5969173908233643
1376,240,442.1700439453125,16.981578826904297,84.2379150390625,67.35649108886719,0.5283145308494568
1376,241,530.637939453125,35.163204193115234,68.5771484375,53.74586868286133,0.8179884552955627
1376,243,628.4075317382812,52.648399353027344,74.5609130859375,98.26885223388672,0.4140772223472595
1376,225,0.0,379.9631042480469,181.45870971679688,160.03689575195312,0.5674898028373718
1376,246,455.6358337402344,16.274761199951172,55.93408203125,69.50810241699219,0.33185264468193054
1377,240,441.0198059082031,17.837265014648438,84.14212036132812,69.71129608154297,0.3840937614440918
1377,241,531.134765625,38.1069221496582,66.60321044921875,53.4673957824707,0.582510769367218
1377,243,628.7233276367188,55.91447448730469,75.37872314453125,100.03009033203125,0.46074357628822327
1377,225,1.523923397064209,397.5999450683594,162.73069763183594,142.40005493164062,0.46207761764526367
1377,246,454.63348388671875,20.05724334716797,55.115570068359375,68.48727416992188,0.40637117624282837
1378,240,439.66400146484375,18.45939064025879,83.72247314453125,71.59445190429688,0.37349259853363037
1378,241,529.8734741210938,39.967960357666016,68.34332275390625,56.29020309448242,0.709862470626831
1378,243,629.4415283203125,59.44437026977539,76.2833251953125,101.75828552246094,0.47725701332092285
1378,225,4.5615644454956055,419.2698059082031,140.70379638671875,120.73019409179688,0.5555416345596313
1378,246,452.6259765625,21.75698471069336,56.105987548828125,69.66317749023438,0.37811458110809326
1379,241,529.6889038085938,42.52853775024414,68.9339599609375,58.25216293334961,0.6677156090736389
1379,243,629.8862915039062,62.5237922668457,77.26055908203125,103.48085021972656,0.4202449917793274
1379,246,450.51519775390625,23.362167358398438,57.7197265625,71.66419982910156,0.4803953468799591
1380,241,529.5267944335938,45.45002746582031,68.15985107421875,58.92070770263672,0.805726945400238
1380,243,630.5192260742188,65.46359252929688,77.94805908203125,104.70573425292969,0.6730021834373474
1380,246,448.3236083984375,26.522022247314453,59.099945068359375,73.43023681640625,0.6046319603919983
1381,241,530.7203979492188,48.61260223388672,66.475830078125,58.674041748046875,0.7386773824691772
1381,243,631.8756713867188,67.81620025634766,79.39581298828125,107.01432037353516,0.560932993888855
1381,246,445.9976501464844,27.674575805664062,60.47747802734375,75.04487609863281,0.6381931900978088
1381,250,446.8478698730469,28.402421951293945,60.410736083984375,73.4301986694336,0.33452659845352173
1382,241,529.514404296875,51.101627349853516,67.5845947265625,60.74496078491211,0.6543161869049072
1382,243,632.49853515625,71.24613189697266,80.7877197265625,109.53404998779297,0.46014177799224854
1382,253,633.7078247070312,71.87944793701172,77.8436279296875,108.69962310791016,0.35812368988990784
1382,254,613.3011474609375,14.379016876220703,43.6473388671875,22.76343536376953,0.381368488073349
1383,241,529.578857421875,54.64931106567383,66.91546630859375,61.06825637817383,0.7856882214546204
1383,254,613.1813354492188,15.332432746887207,44.37237548828125,23.15640640258789,0.4542056918144226
1383,246,444.2026062011719,33.53512954711914,59.5218505859375,73.37982177734375,0.664801299571991
1384,241,528.6505126953125,57.25667190551758,68.6234130859375,63.8617057800293,0.7703999876976013
1384,254,612.0408935546875,15.597230911254883,47.6219482421875,24.897550582885742,0.5259005427360535
1384,246,442.491943359375,36.291107177734375,60.27398681640625,73.87854766845703,0.6117911338806152
1384,243,634.2549438476562,78.86547088623047,84.173583984375,114.6324691772461,0.6163352727890015
1385,241,527.838134765625,60.0108757019043,68.74774169921875,64.91111755371094,0.7252873778343201
1385,254,609.866455078125,15.198928833007812,52.15875244140625,27.420642852783203,0.323753297328949
1385,246,443.53857421875,43.997013092041016,57.30474853515625,69.2720947265625,0.5342280864715576
1385,243,635.3728637695312,83.07868194580078,86.30645751953125,117.79541778564453,0.6926135420799255
1386,241,528.173583984375,63.074283599853516,68.0098876953125,65.21653747558594,0.6394595503807068
1386,246,439.86859130859375,41.234989166259766,62.001434326171875,74.95985412597656,0.49709421396255493
1386,243,636.5758666992188,87.57814025878906,87.69329833984375,120.22274780273438,0.7072765827178955
1387,241,527.3011474609375,67.03036499023438,69.22479248046875,67.404296875,0.7958196401596069
1387,246,436.6690979003906,41.969173431396484,65.67800903320312,79.80769348144531,0.45089957118034363
1387,243,637.7732543945312,91.4244384765625,89.80975341796875,123.55413818359375,0.7200846672058105
1387,255,436.3523254394531,40.65171813964844,67.14419555664062,81.75044250488281,0.35028332471847534
1387,254,606.1763305664062,14.565777778625488,61.056884765625,32.633663177490234,0.3814578056335449
1388,241,527.1263427734375,70.36421966552734,69.30865478515625,68.44393157958984,0.6152980327606201
1388,246,433.967529296875,44.63502883911133,66.78939819335938,81.17031860351562,0.43689674139022827
1388,243,638.7890625,96.10057830810547,91.4688720703125,126.17952728271484,0.8117172718048096
1388,255,434.87054443359375,44.77528381347656,67.1953125,81.83956146240234,0.3406965732574463
1389,241,526.7866821289062,74.25074768066406,69.75823974609375,69.89154052734375,0.6871355175971985
1389,246,432.837646484375,47.95627975463867,66.52432250976562,80.70359802246094,0.5729325413703918
1389,243,640.0562744140625,99.84734344482422,94.12744140625,130.27957153320312,0.7527921199798584
1389,255,433.5841064453125,47.09256362915039,67.98822021484375,82.86289978027344,0.349722295999527
1389,254,604.5396728515625,15.084219932556152,66.739990234375,36.550018310546875,0.3190142810344696
1390,241,526.7499389648438,78.1600570678711,69.686279296875,70.60746002197266,0.6757959723472595
1390,246,431.1055908203125,50.115821838378906,67.57305908203125,81.94286346435547,0.5018911361694336
1390,243,640.6130981445312,104.22415161132812,97.15374755859375,135.10446166992188,0.677237868309021
1390,254,604.4611206054688,14.845966339111328,68.21142578125,38.360172271728516,0.46800604462623596
1391,241,525.97021484375,83.0404281616211,68.86834716796875,70.0998306274414,0.720859169960022
1391,246,428.7171325683594,52.082916259765625,69.01931762695312,83.61248779296875,0.3982510268688202
1391,243,641.473876953125,108.79293823242188,99.53045654296875,139.05364990234375,0.64833003282547
1391,254,604.541015625,15.486603736877441,69.2825927734375,40.01375198364258,0.6489405632019043
1392,241,525.8129272460938,86.77153015136719,70.08612060546875,72.053466796875,0.568800151348114
1392,246,426.2079772949219,54.8220100402832,70.76296997070312,86.08132934570312,0.41090402007102966
1392,243,643.0300903320312,113.69461822509766,102.08599853515625,143.0211181640625,0.6885729432106018
1392,254,604.2647705078125,15.751194953918457,70.21954345703125,41.755008697509766,0.6567524075508118
1393,241,525.1776123046875,90.48259735107422,69.70867919921875,71.99297332763672,0.6155266761779785
1393,246,423.0280456542969,56.49534606933594,73.51089477539062,90.08522033691406,0.27569133043289185
1393,243,644.3207397460938,118.05386352539062,105.3194580078125,148.19943237304688,0.5864328742027283
1393,254,603.8223876953125,16.31721305847168,70.80029296875,43.391845703125,0.5182852149009705
1394,241,523.1538696289062,93.63646697998047,73.4356689453125,76.7844009399414,0.5860051512718201
1394,246,420.8018493652344,60.31690216064453,73.34197998046875,89.74808502197266,0.4499545395374298
1394,243,646.1919555664062,123.23896026611328,108.15521240234375,152.54751586914062,0.6302492022514343
1394,254,604.031494140625,17.072114944458008,72.2081298828125,45.68590545654297,0.45181798934936523
1395,241,523.3003540039062,97.80549621582031,73.2874755859375,77.33280944824219,0.6519995331764221
1395,246,419.8791809082031,63.26504135131836,73.30474853515625,89.88368225097656,0.3753470778465271
1395,243,647.1845703125,129.8367462158203,111.76019287109375,158.36973571777344,0.48006588220596313
1395,254,605.0278930664062,18.426984786987305,71.25885009765625,46.651573181152344,0.40194064378738403
1396,241,523.0201416015625,102.63200378417969,73.6669921875,78.42706298828125,0.5973374247550964
1396,246,417.5691833496094,67.47720336914062,74.31546020507812,91.36663818359375,0.5684990882873535
1396,243,648.995849609375,135.21484375,114.8321533203125,163.174072265625,0.6575158834457397
1396,254,605.7532958984375,19.998910903930664,72.0289306640625,48.74310302734375,0.5302417278289795
1397,241,523.0132446289062,107.64852905273438,72.50775146484375,77.47203063964844,0.5411476492881775
1397,246,414.7973937988281,70.51362609863281,75.75897216796875,93.5152587890625,0.3680848777294159
1397,243,651.393798828125,142.05267333984375,117.500244140625,167.01712036132812,0.5731703042984009
1397,254,607.5964965820312,23.246089935302734,69.90093994140625,48.62594223022461,0.643436074256897
1398,241,522.2649536132812,114.96541595458984,73.28192138671875,78.5640640258789,0.6336407661437988
1398,246,409.8926086425781,73.51105499267578,79.23114013671875,98.1540298461914,0.37692657113075256
1398,243,652.5678100585938,147.8030548095703,121.823974609375,173.63331604003906,0.6093650460243225
1398,254,609.0596313476562,25.772388458251953,68.70819091796875,49.108089447021484,0.5534232258796692
1399,241,520.581787109375,119.19891357421875,75.6219482421875,81.57034301757812,0.5753098726272583
1399,246,408.474365234375,76.97795867919922,79.11697387695312,98.18341827392578,0.4030458629131317
1399,243,654.1613159179688,154.21804809570312,126.0782470703125,180.36618041992188,0.5208326578140259
1399,254,611.0792236328125,28.546382904052734,66.84893798828125,48.75199508666992,0.5820317268371582
1400,241,518.78076171875,123.48162841796875,78.059814453125,84.84214782714844,0.5648707747459412
1400,246,406.0205383300781,80.3050537109375,79.981201171875,99.486328125,0.429954469203949
1400,243,655.9949951171875,161.58782958984375,129.81378173828125,186.37176513671875,0.4333200454711914
1400,254,611.8529663085938,30.783143997192383,66.65576171875,49.72431182861328,0.5523732304573059
1401,241,516.9510498046875,127.80189514160156,80.47552490234375,88.21244812011719,0.675446093082428
1401,246,402.6579895019531,83.55751037597656,82.20889282226562,102.64474487304688,0.36968544125556946
1401,243,657.9017944335938,168.04685974121094,135.348876953125,194.7718963623047,0.6012821793556213
1401,254,612.7139282226562,33.084373474121094,66.105712890625,50.25109100341797,0.5982136130332947
1402,241,516.2735595703125,133.8908233642578,81.32476806640625,89.34587097167969,0.780437707901001
1402,246,398.9147033691406,87.34954071044922,84.14584350585938,105.33402252197266,0.45328646898269653
1402,243,660.1557006835938,175.3953399658203,139.529052734375,201.0340118408203,0.5859686136245728
1402,254,613.3012084960938,35.90581512451172,65.8533935546875,51.07154846191406,0.48829174041748047
1403,241,514.9603271484375,141.39088439941406,82.81488037109375,91.30322265625,0.7783000469207764
1403,246,395.189208984375,90.99437713623047,85.89215087890625,107.5858383178711,0.59916752576828
1403,243,661.6907348632812,184.82176208496094,144.5709228515625,208.9463653564453,0.5628712177276611
1403,254,614.3741455078125,38.14871597290039,65.43743896484375,51.505069732666016,0.6079257130622864
1403,268,395.7684020996094,90.72266387939453,83.61297607421875,106.95307159423828,0.36455726623535156
1404,241,512.740478515625,146.2655792236328,86.20269775390625,95.71548461914062,0.739116907119751
1404,246,392.76287841796875,94.92412567138672,87.34475708007812,109.5730972290039,0.4496385455131531
1404,243,663.6666259765625,193.19558715820312,150.62030029296875,218.327880859375,0.5621302723884583
1404,254,615.2614135742188,40.32845687866211,65.25860595703125,52.09164810180664,0.5422277450561523
1404,268,392.8399963378906,95.6991958618164,84.81155395507812,108.45536041259766,0.2824719250202179
1405,241,511.1053161621094,152.40606689453125,88.87197875976562,99.38587951660156,0.7527252435684204
1405,246,389.54443359375,98.2431869506836,88.529052734375,110.90760040283203,0.5705460906028748
1405,243,665.9017944335938,202.51683044433594,156.04730224609375,226.9198455810547,0.6618362069129944
1405,254,615.6619262695312,42.84821701049805,66.444580078125,54.0947151184082,0.5260767340660095
1406,241,511.4866027832031,159.82859802246094,89.10354614257812,100.24006652832031,0.7781974077224731
1406,246,386.658203125,102.71175384521484,89.96975708007812,112.78327178955078,0.3683619797229767
1406,243,668.320068359375,211.24937438964844,162.72003173828125,237.2000274658203,0.6882948875427246
1406,254,616.2234497070312,44.66643142700195,67.3243408203125,55.84574508666992,0.48382946848869324
1407,241,510.2366638183594,166.92715454101562,91.05569458007812,102.913818359375,0.7939144372940063
1407,246,382.7442626953125,107.43024444580078,92.43096923828125,116.0586929321289,0.5199536085128784
1407,243,670.4744262695312,220.25376892089844,170.80078125,249.4685516357422,0.6361238360404968
1407,254,618.1415405273438,47.83478927612305,65.33087158203125,55.00075912475586,0.6930959820747375
1407,272,425.2815856933594,14.530936241149902,35.9176025390625,15.619847297668457,0.37877747416496277
1408,241,510.0989074707031,178.7079620361328,90.49063110351562,102.39476013183594,0.7569145560264587
1408,246,379.31683349609375,111.85507202148438,94.08074951171875,118.29525756835938,0.551487386226654
1408,243,672.5947265625,231.4132843017578,178.81317138671875,262.21728515625,0.593430757522583
1408,254,619.334716796875,50.16022491455078,65.3743896484375,55.970664978027344,0.6753862500190735
1408,272,422.29840087890625,14.75871753692627,39.60009765625,17.274658203125,0.4419998824596405
1408,274,921.3635864257812,372.54534912109375,34.26129150390625,15.21490478515625,0.33969369530677795
1409,241,509.530029296875,189.21356201171875,91.0770263671875,103.149169921875,0.7829846739768982
1409,246,375.2799377441406,117.57369995117188,96.28402709960938,121.26728820800781,0.41567716002464294
1409,243,676.19384765625,242.3063201904297,187.85986328125,276.70977783203125,0.47318220138549805
1409,254,620.3159790039062,53.4627571105957,64.3709716796875,55.7625617980957,0.717295229434967
1409,272,417.3555603027344,14.713757514953613,45.742279052734375,20.081470489501953,0.4967520534992218
1410,241,506.64404296875,196.12843322753906,94.76922607421875,107.75633239746094,0.7320253849029541
1410,246,371.83404541015625,121.5682144165039,98.64114379882812,124.27054595947266,0.6798295974731445
1410,243,691.6288452148438,254.7158660888672,193.22930908203125,279.77423095703125,0.3093049228191376
1410,254,620.9780883789062,56.35865783691406,64.6473388671875,56.59962463378906,0.7100626230239868
1410,272,415.0476989746094,14.568770408630371,48.85333251953125,21.6456298828125,0.5264428853988647
1411,241,505.0860900878906,206.826904296875,96.48092651367188,109.79537963867188,0.7888144850730896
1411,246,367.4307556152344,125.78482055664062,101.67193603515625,128.19216918945312,0.5470137000083923
1411,243,709.1604614257812,266.8899230957031,195.0599365234375,272.6313781738281,0.5149350762367249
1411,254,620.98681640625,59.15008544921875,66.735107421875,59.15385437011719,0.6586573123931885
1411,272,411.3243713378906,14.361920356750488,52.60430908203125,23.60808563232422,0.6285386085510254
1412,241,501.78515625,213.45811462402344,101.38739013671875,115.95674133300781,0.7267794609069824
1412,246,361.8554992675781,130.95753479003906,104.62185668945312,131.9676055908203,0.4157123863697052
1412,243,712.0753784179688,280.558837890625,190.57733154296875,259.441162109375,0.5902220606803894
1412,254,621.7445068359375,62.603206634521484,67.2279052734375,60.30526351928711,0.5289989113807678
1412,272,408.0403137207031,14.11407470703125,57.431976318359375,26.269161224365234,0.7014205455780029
1412,277,497.1676025390625,12.704778671264648,37.550048828125,14.948368072509766,0.3686192035675049
1413,241,496.88458251953125,216.87506103515625,109.01983642578125,126.04049682617188,0.7441829442977905
1413,246,357.12237548828125,137.00144958496094,106.5980224609375,134.41331481933594,0.7043909430503845
1413,243,717.4642944335938,294.645263671875,185.33636474609375,245.354736328125,0.45167556405067444
1413,254,622.9493408203125,66.4406967163086,66.354248046875,60.087440490722656,0.4642254710197449
1413,272,405.7753601074219,13.920012474060059,59.804779052734375,27.943214416503906,0.6126091480255127
1413,277,495.1584167480469,12.596708297729492,39.835479736328125,15.868341445922852,0.3583519458770752
1414,241,492.8846435546875,224.4207305908203,114.4620361328125,133.65602111816406,0.6954988837242126
1414,246,352.40655517578125,142.27745056152344,109.75030517578125,138.1913299560547,0.6698705554008484
1414,243,720.11865234375,308.7355041503906,178.63665771484375,231.26449584960938,0.45921042561531067
1414,254,623.2017211914062,68.5676498413086,66.715576171875,60.889625549316406,0.6356620788574219
1414,272,403.784912109375,14.370481491088867,61.28497314453125,29.32719612121582,0.5899336934089661
1414,277,491.7467041015625,12.278340339660645,44.82373046875,17.90542221069336,0.3873801827430725
1415,241,489.1041259765625,232.16629028320312,120.0247802734375,141.82003784179688,0.7881150245666504
1415,246,347.3356628417969,147.98269653320312,113.35391235351562,142.89242553710938,0.7170985341072083
1415,254,623.3446655273438,71.7723617553711,69.243896484375,63.88323211669922,0.6955709457397461
1415,272,401.631591796875,14.567410469055176,63.445281982421875,31.186092376708984,0.6027434468269348
1415,277,490.44305419921875,12.427713394165039,47.090576171875,18.907093048095703,0.38758665323257446
1416,241,488.1467590332031,245.4598846435547,121.65780639648438,145.12464904785156,0.731606662273407
1416,246,341.4981994628906,153.47372436523438,117.25711059570312,147.66995239257812,0.800656795501709
1416,254,623.916748046875,74.66844177246094,70.23797607421875,65.24761962890625,0.6716487407684326
1416,272,399.33056640625,14.940435409545898,65.47381591796875,33.11473083496094,0.6187806725502014
1416,277,489.4533996582031,12.619206428527832,49.235076904296875,19.93811798095703,0.47969886660575867
1417,241,483.2361755371094,253.51068115234375,128.67788696289062,155.6104736328125,0.6373791098594666
1417,246,335.8070068359375,159.9168243408203,120.62939453125,152.39097595214844,0.6753055453300476
1417,254,627.1619262695312,79.80010986328125,68.6287841796875,63.82489013671875,0.6196138262748718
1417,272,397.5362854003906,15.019214630126953,67.02896118164062,34.98758316040039,0.6761552095413208
1417,277,489.3128662109375,13.45952033996582,49.855224609375,20.36638069152832,0.37584224343299866
1418,241,482.6517639160156,271.9368896484375,128.69058227539062,156.66415405273438,0.8040043711662292
1418,246,330.3702697753906,166.54600524902344,124.23919677734375,157.37831115722656,0.8025892376899719
1418,254,628.6102905273438,83.99732208251953,68.4080810546875,63.726905822753906,0.700393557548523
1418,272,396.1226806640625,15.060676574707031,67.80072021484375,36.61016082763672,0.6631506681442261
1418,277,487.289306640625,13.894464492797852,52.9158935546875,21.91005516052246,0.4060123562812805
1419,241,477.3543395996094,280.552734375,137.13607788085938,169.22750854492188,0.7714941501617432
1419,246,323.35357666015625,173.0948944091797,128.197021484375,162.7461700439453,0.803156316280365
1419,254,629.6516723632812,88.35979461669922,67.95361328125,63.349082946777344,0.5889974236488342
1419,272,393.693603515625,14.637866973876953,69.16671752929688,38.641265869140625,0.6250508427619934
1419,277,485.1804504394531,13.268418312072754,57.640228271484375,24.314517974853516,0.5139612555503845
1420,241,472.9346923828125,291.2749938964844,144.1717529296875,180.45187377929688,0.5243604183197021
1420,246,315.9781799316406,179.75656127929688,132.56582641601562,168.77725219726562,0.809286892414093
1420,254,629.119873046875,92.20540618896484,70.39093017578125,66.1922378540039,0.6338842511177063
1420,272,390.6674499511719,14.357978820800781,71.08538818359375,41.16131591796875,0.7464287877082825
1420,277,483.7970886230469,13.243758201599121,59.910858154296875,25.80431365966797,0.6192030906677246
1421,241,468.09307861328125,306.4773254394531,149.91748046875,190.24398803710938,0.8470938801765442
1421,246,309.31121826171875,188.13204956054688,136.55996704101562,174.16998291015625,0.653093159198761
1421,254,628.1472778320312,93.05792999267578,73.921142578125,70.1375503540039,0.4994411766529083
1421,272,388.2262878417969,14.323267936706543,72.80587768554688,43.76106262207031,0.8534960150718689
1421,277,483.17877197265625,13.599773406982422,60.57550048828125,26.658878326416016,0.6831596493721008
1422,241,463.5094909667969,320.2093505859375,156.25503540039062,201.414306640625,0.6622847318649292
1422,246,301.2080993652344,195.9231719970703,141.86358642578125,181.58973693847656,0.5732900500297546
1422,254,628.6102294921875,96.84492492675781,75.95184326171875,72.66015625,0.639103889465332
1422,272,385.2635803222656,14.267297744750977,75.71292114257812,47.386962890625,0.8329405188560486
1422,277,481.31646728515625,13.928705215454102,62.8321533203125,28.431005477905273,0.7436951994895935
1423,241,462.4451599121094,335.5914306640625,154.50277709960938,200.92333984375,0.6186508536338806
1423,246,293.3421325683594,203.6699981689453,147.39346313476562,189.2700653076172,0.5493688583374023
1423,254,629.80908203125,100.92291259765625,76.244873046875,73.42462158203125,0.616179883480072
1423,272,383.1712341308594,14.343406677246094,76.57815551757812,49.96412658691406,0.7283535599708557
1423,277,480.4239196777344,14.759492874145508,63.032562255859375,29.307558059692383,0.6458625793457031
1424,241,465.2373352050781,355.0733642578125,145.17727661132812,184.9266357421875,0.49109122157096863
1424,246,284.0698547363281,213.90731811523438,151.42678833007812,194.32208251953125,0.5072948336601257
1424,254,631.2866821289062,104.61334228515625,77.55645751953125,75.14617919921875,0.3979032039642334
1424,272,381.12646484375,14.336892127990723,77.33416748046875,52.51995849609375,0.62422776222229
1424,277,481.42889404296875,14.49046802520752,63.1922607421875,30.07726287841797,0.6569852232933044
1425,241,466.9832458496094,373.0966491699219,135.08358764648438,166.90335083007812,0.6360116600990295
1425,246,270.64556884765625,223.1043701171875,159.2569580078125,203.48348999023438,0.5054410099983215
1425,254,631.8165283203125,108.59072875976562,78.82440185546875,76.78512573242188,0.700706422328949
1425,272,379.5641784667969,14.215806007385254,77.26693725585938,54.58671569824219,0.7043159008026123
1425,277,480.3316345214844,14.447702407836914,66.20993041992188,32.41106414794922,0.6376451253890991
1426,241,472.6070251464844,394.5481872558594,122.67044067382812,145.45181274414062,0.7100253105163574
1426,246,262.6767578125,233.0576934814453,164.46859741210938,210.4488067626953,0.49306386709213257
1426,254,632.7432250976562,113.63287353515625,80.6199951171875,79.0126953125,0.5426516532897949
1426,272,377.8786315917969,15.030535697937012,77.05795288085938,56.577701568603516,0.7299970388412476
1426,277,478.7421875,14.630151748657227,69.1385498046875,34.832725524902344,0.6746445894241333
1427,241,476.632080078125,417.6353759765625,108.08917236328125,122.3646240234375,0.5494503378868103
1427,246,253.96522521972656,242.4581756591797,172.5148468017578,222.22080993652344,0.4625261723995209
1427,254,633.9441528320312,117.82169342041016,81.649658203125,80.3304672241211,0.5363413095474243
1427,272,375.6507568359375,15.751771926879883,78.25997924804688,59.77008056640625,0.8063627481460571
1427,277,476.9250793457031,14.242486000061035,72.25845336914062,37.608360290527344,0.7122982144355774
1428,241,488.3815002441406,445.01910400390625,91.75869750976562,94.98089599609375,0.4512426555156708
1428,246,243.58030700683594,251.65457153320312,180.23207092285156,233.53494262695312,0.3218314051628113
1428,254,635.9653930664062,122.64326477050781,83.02374267578125,81.87718200683594,0.590074896812439
1428,272,375.0691833496094,18.41260528564453,76.0390625,60.21540069580078,0.7335476875305176
1428,277,476.0162048339844,13.813637733459473,73.47927856445312,39.551326751708984,0.7050485610961914
1429,246,231.52699279785156,262.8355712890625,189.44007873535156,246.89044189453125,0.4474506676197052
1429,254,636.4998168945312,126.46330261230469,85.37738037109375,84.54991149902344,0.6244661808013916
1429,272,373.6702880859375,19.76481819152832,74.7841796875,61.28160095214844,0.6751713156700134
1429,277,475.8702087402344,13.395227432250977,73.88980102539062,41.07769012451172,0.680315375328064
1430,246,220.23696899414062,273.5127258300781,195.4906005859375,256.0506896972656,0.35629355907440186
1430,254,636.619384765625,130.3993377685547,88.2916259765625,87.92205810546875,0.6023864150047302
1430,272,372.1983642578125,21.412309646606445,74.41790771484375,63.15198516845703,0.6004118919372559
1430,277,474.83160400390625,13.590180397033691,74.1551513671875,42.75932312011719,0.7696431279182434
1431,246,212.52548217773438,286.4184875488281,193.39816284179688,252.46347045898438,0.3056606948375702
1431,254,638.283447265625,136.47640991210938,89.02935791015625,88.87889099121094,0.7243512868881226
1431,272,370.9485168457031,23.8289852142334,73.014892578125,63.98973083496094,0.62820965051651
1431,277,474.0336608886719,13.680787086486816,74.92898559570312,44.87406921386719,0.7609432339668274
1432,246,205.31260681152344,300.1900939941406,186.92726135253906,239.80990600585938,0.6394553184509277
1432,254,638.7305297851562,143.0487518310547,91.1707763671875,91.65728759765625,0.39728081226348877
1432,272,369.8371887207031,26.64672088623047,70.72906494140625,63.71825408935547,0.5784821510314941
1432,277,472.5125732421875,13.390225410461426,76.8582763671875,47.687103271484375,0.698783278465271
1433,254,639.4708862304688,147.182373046875,93.83935546875,94.83103942871094,0.5665389895439148
1433,272,368.25933837890625,29.902870178222656,68.85888671875,63.63892364501953,0.6275177001953125
1433,277,472.449462890625,13.813695907592773,76.69561767578125,49.35911560058594,0.700750470161438
1434,254,643.91845703125,158.77244567871094,91.59967041015625,92.16178894042969,0.5885462164878845
1434,272,367.0386962890625,31.83087921142578,67.66494750976562,63.90534973144531,0.5419893860816956
1434,277,473.0480041503906,14.524968147277832,75.08114624023438,50.11452102661133,0.7492780685424805
1434,292,374.3052062988281,50.940547943115234,52.074493408203125,46.69832229614258,0.5334048271179199
1435,254,643.4444580078125,161.3220672607422,97.39691162109375,98.48802185058594,0.7270799875259399
1435,277,473.4082336425781,15.159022331237793,74.33755493164062,51.44167709350586,0.7504127025604248
1435,292,365.9614562988281,42.35846710205078,65.17892456054688,58.7308349609375,0.6412243247032166
1436,254,645.0780029296875,166.9805908203125,100.3377685546875,101.82989501953125,0.7098817229270935
1436,277,473.3849182128906,15.666670799255371,73.15475463867188,52.48535919189453,0.7426067590713501
1436,292,361.9306335449219,43.22442626953125,67.89987182617188,61.537147521972656,0.6855612397193909
1437,254,646.205322265625,172.81146240234375,104.34307861328125,106.32760620117188,0.7282835245132446
1437,277,472.2684631347656,16.871129989624023,74.21408081054688,55.16600799560547,0.7648302316665649
1437,292,356.6109924316406,43.228309631347656,71.77029418945312,65.52220916748047,0.6122587323188782
1438,254,647.9158935546875,179.7053680419922,107.066650390625,109.50868225097656,0.7349750995635986
1438,277,471.65625,18.99187469482422,73.9473876953125,56.6796875,0.8003982901573181
1438,292,352.2877502441406,43.131771087646484,75.46450805664062,69.65007019042969,0.6247940063476562
1438,272,354.558837890625,42.41226577758789,71.91226196289062,69.88385009765625,0.3423434793949127
1439,254,649.131591796875,187.46023559570312,110.48626708984375,113.40713500976562,0.7400765419006348
1439,277,472.3323059082031,20.51146125793457,72.31259155273438,56.92597961425781,0.8823004961013794
1439,292,349.37823486328125,44.01838302612305,77.54263305664062,72.57763671875,0.3798093795776367
1439,272,352.8057861328125,45.005794525146484,70.70352172851562,70.34809875488281,0.7147892713546753
1440,254,650.8701171875,194.31845092773438,114.845458984375,118.41110229492188,0.716794490814209
1440,277,472.4467468261719,21.797883987426758,71.37600708007812,57.70050048828125,0.8605073094367981
1440,272,349.22943115234375,47.62154769897461,72.39096069335938,73.63218688964844,0.7833279967308044
1441,254,652.7754516601562,202.66107177734375,117.60760498046875,121.50753784179688,0.7866190075874329
1441,277,473.0396423339844,23.023910522460938,69.98068237304688,57.899208068847656,0.7848107218742371
1441,272,346.1280822753906,50.46221923828125,72.22756958007812,74.91946411132812,0.674156129360199
1442,254,653.795166015625,210.93260192871094,121.4764404296875,126.19255065917969,0.7621159553527832
1442,277,472.9541320800781,23.94940948486328,70.64089965820312,59.996337890625,0.802619457244873
1442,272,343.6662292480469,53.11355972290039,71.73025512695312,75.70048522949219,0.652590274810791
1443,254,656.475830078125,219.48939514160156,124.97857666015625,130.4760284423828,0.7566414475440979
1443,277,472.3460388183594,24.228317260742188,71.23098754882812,62.03932189941406,0.7555170655250549
1443,272,340.2391357421875,56.51103210449219,71.55322265625,76.45521545410156,0.7751772999763489
1444,254,658.4644165039062,229.34585571289062,128.2152099609375,134.38589477539062,0.6891859173774719
1444,277,472.6221008300781,25.930953979492188,70.47622680664062,62.88372039794922,0.8287599682807922
1444,272,337.7831726074219,59.32993698120117,70.7882080078125,76.25247192382812,0.4719711244106293
1445,254,660.5175170898438,239.0963592529297,133.27679443359375,140.3540802001953,0.8279261589050293
1445,277,473.5545349121094,27.327638626098633,68.82400512695312,62.79387664794922,0.737880527973175
1445,272,333.4305725097656,61.74329376220703,73.4263916015625,80.13707733154297,0.4355293810367584
1446,254,662.412841796875,249.80810546875,138.22296142578125,146.1357421875,0.8284228444099426
1446,277,473.4902648925781,29.009931564331055,68.43069458007812,63.768638610839844,0.7253414988517761
1446,272,328.7945251464844,65.62313842773438,74.57565307617188,82.30838012695312,0.525499165058136
1447,254,663.8775024414062,259.90252685546875,143.3927001953125,152.57342529296875,0.8257480263710022
1447,277,472.7336120605469,32.591426849365234,69.41213989257812,66.16105651855469,0.684948742389679
1447,272,327.1479187011719,74.11517333984375,70.87527465820312,78.24813842773438,0.6690574288368225
1448,254,666.9967041015625,272.41552734375,148.839599609375,159.48098754882812,0.7488123178482056
1448,277,473.30499267578125,35.43616485595703,68.0137939453125,66.18006134033203,0.7842885851860046
1448,272,322.01837158203125,74.06297302246094,74.36764526367188,82.80747985839844,0.6286091208457947
1449,254,670.2750244140625,285.08477783203125,152.6180419921875,164.03366088867188,0.7864745259284973
1449,277,474.3254699707031,39.4600944519043,65.78274536132812,65.03759765625,0.819956362247467
1449,272,317.2515563964844,77.06713104248047,76.24331665039062,85.3055191040039,0.7005954384803772
1450,254,671.6552124023438,296.3298034667969,160.9150390625,174.46585083007812,0.8092123866081238
1450,277,474.8382873535156,41.71995162963867,64.49392700195312,64.70475769042969,0.7432548403739929
1450,272,311.99456787109375,80.25189208984375,78.16073608398438,88.02581787109375,0.5817087888717651
1451,254,674.4765014648438,308.1123962402344,169.73760986328125,185.59695434570312,0.7461814880371094
1451,277,474.2784118652344,43.420082092285156,64.87557983398438,66.09771728515625,0.7274293303489685
1451,272,307.5968017578125,84.25389099121094,79.61929321289062,90.24417114257812,0.5316466093063354
1452,254,678.4814453125,321.5084228515625,177.6136474609375,195.72576904296875,0.8777811527252197
1452,277,472.884521484375,43.451690673828125,66.9884033203125,69.36554718017578,0.8081540465354919
1452,272,302.57623291015625,88.79505157470703,81.44927978515625,92.82048797607422,0.6132026314735413
1453,254,683.9015502929688,334.9145812988281,180.19036865234375,199.35781860351562,0.7483817338943481
1453,277,472.7431640625,44.91924285888672,66.83984375,70.1743392944336,0.7398968935012817
1453,272,297.3893737792969,93.48664093017578,81.87237548828125,94.01477813720703,0.49026942253112793
1454,254,696.0783081054688,350.4754333496094,173.435302734375,189.52456665039062,0.8253272771835327
1454,277,471.83489990234375,47.33652114868164,67.976806640625,72.47694396972656,0.6981680393218994
1454,272,288.84783935546875,98.00909423828125,84.02117919921875,96.08416748046875,0.4895986020565033
1455,254,708.8153686523438,365.9200744628906,164.21875,174.07992553710938,0.7185000777244568
1455,277,473.54962158203125,54.276092529296875,65.1923828125,69.97161102294922,0.7114263772964478
1455,272,281.8970947265625,102.62589263916016,86.72909545898438,98.77880096435547,0.6928289532661438
1456,254,718.9765014648438,382.158447265625,154.116943359375,157.841552734375,0.7921635508537292
1456,277,475.01495361328125,61.614803314208984,61.60125732421875,66.148193359375,0.814424455165863
1456,272,277.4604187011719,107.10613250732422,88.57049560546875,101.28787994384766,0.6538578867912292
1457,254,731.5460205078125,402.2453918457031,142.271484375,137.75460815429688,0.5660955905914307
1457,277,474.202880859375,63.2939453125,62.89398193359375,68.00341796875,0.8563789129257202
1457,272,273.1181945800781,112.18973541259766,90.37741088867188,103.98511505126953,0.7823268175125122
1458,254,741.28564453125,422.73785400390625,128.904296875,117.26214599609375,0.627118706703186
1458,277,472.6462707519531,63.12928771972656,65.41549682617188,71.4766845703125,0.7804563641548157
1458,272,267.9732360839844,117.33164978027344,92.46112060546875,106.67752075195312,0.6639481782913208
1459,254,753.95068359375,444.5745849609375,112.5589599609375,95.4254150390625,0.6684156060218811
1459,277,473.50390625,67.8949966430664,64.14642333984375,70.37041473388672,0.7199912071228027
1459,272,261.1040954589844,122.55364990234375,93.64837646484375,108.62113952636719,0.5512590408325195
1459,297,262.64520263671875,121.4669418334961,90.90521240234375,109.81267547607422,0.46992385387420654
1460,254,768.1357421875,470.6709289550781,92.4254150390625,69.32907104492188,0.5505516529083252
1460,277,473.23992919921875,70.85729217529297,63.98443603515625,70.58060455322266,0.6993119716644287
1460,272,253.2880096435547,127.75050354003906,96.24647521972656,112.14631652832031,0.27073007822036743
1460,297,253.7014617919922,128.29783630371094,93.50569152832031,112.96994018554688,0.53199303150177
1461,277,472.14398193359375,73.5437240600586,66.05670166015625,73.66165924072266,0.6520268321037292
1461,272,245.32395935058594,133.14602661132812,99.73869323730469,116.64178466796875,0.4272853434085846
1461,297,245.099609375,133.58839416503906,97.275634765625,117.55792236328125,0.5344732403755188
1462,277,471.1492614746094,74.63641357421875,67.89590454101562,76.55024719238281,0.733633816242218
1462,272,237.01171875,136.5263214111328,104.14584350585938,122.86372375488281,0.5764045715332031
1462,297,236.3388214111328,135.8406524658203,102.41566467285156,124.03761291503906,0.47073283791542053
1463,277,472.16046142578125,80.93235778808594,65.6363525390625,74.22073364257812,0.7322298288345337
1463,272,229.70840454101562,144.47813415527344,105.15777587890625,124.43458557128906,0.4741703271865845
1463,297,229.18455505371094,144.29287719726562,103.63294982910156,125.547607421875,0.5217189192771912
1464,277,471.5899963378906,84.19927215576172,66.70736694335938,75.91437530517578,0.6199946999549866
1464,272,220.7914276123047,151.77093505859375,108.10145568847656,128.19161987304688,0.45129838585853577
1464,297,220.4563751220703,152.40821838378906,105.90162658691406,128.2455291748047,0.5623149871826172
1465,277,467.7298889160156,79.56393432617188,73.85171508789062,85.53016662597656,0.5608072876930237
1466,277,467.5080871582031,83.95631408691406,74.90866088867188,87.89823913574219,0.5695798397064209
1466,272,202.282470703125,166.95651245117188,112.46829223632812,133.345947265625,0.6221500039100647
1467,277,465.7430114746094,82.72893524169922,77.69058227539062,92.60955047607422,0.6988184452056885
1467,272,191.735595703125,174.54249572753906,116.4385986328125,138.2196502685547,0.5523927807807922
1468,277,465.6145935058594,84.02152252197266,77.31759643554688,93.17325592041016,0.5988850593566895
1468,272,180.330078125,182.90579223632812,120.44146728515625,143.0284423828125,0.6744614243507385
1469,277,469.227783203125,97.3824462890625,70.00250244140625,83.700927734375,0.5644853711128235
1469,272,168.09378051757812,191.53359985351562,124.78326416015625,148.1339111328125,0.6634004712104797
1470,277,471.1524353027344,107.60107421875,65.49594116210938,77.42247009277344,0.7873872518539429
1470,272,156.48817443847656,200.6190643310547,129.60533142089844,153.8488311767578,0.6937609910964966
1471,277,470.099609375,112.86141204833984,67.4346923828125,79.44634246826172,0.631312906742096
1471,272,142.23736572265625,210.20565795898438,135.451904296875,160.8350830078125,0.6699894666671753
1472,277,469.24310302734375,117.0547866821289,68.0792236328125,79.81079864501953,0.6067924499511719
1472,272,127.52421569824219,219.94546508789062,141.68006896972656,168.24557495117188,0.7451604604721069
1473,277,463.0434875488281,107.61495971679688,79.08639526367188,94.07255554199219,0.45846593379974365
1473,272,112.83231353759766,231.28346252441406,147.42288208007812,174.7350311279297,0.753044068813324
1474,277,461.8993225097656,110.5091552734375,81.25491333007812,97.49472045898438,0.5661429166793823
1474,272,92.39601135253906,242.1773681640625,155.24424743652344,182.62771606445312,0.8480184078216553
1475,277,461.53765869140625,118.6825180053711,81.167236328125,98.0851821899414,0.5990279912948608
1475,272,77.01258850097656,254.1318359375,163.800537109375,192.16290283203125,0.8135157823562622
1476,277,459.6622619628906,118.1849365234375,84.29299926757812,102.83125305175781,0.5991269946098328
1476,272,57.3807373046875,266.58856201171875,172.6551055908203,202.2816162109375,0.692654550075531
1477,277,457.14080810546875,117.58484649658203,89.3819580078125,110.55945587158203,0.6605064868927002
1477,272,36.29263687133789,277.9856262207031,183.37510681152344,214.90402221679688,0.6431439518928528
1478,277,456.25372314453125,119.97810363769531,90.7684326171875,113.67304992675781,0.6596528887748718
1478,272,6.478375434875488,280.23944091796875,205.13038635253906,242.2301025390625,0.8138140439987183
1479,277,455.1562805175781,125.58560943603516,91.64358520507812,116.11238861083984,0.4786066710948944
1479,272,0.0,303.7499694824219,195.52670288085938,232.97549438476562,0.5379586219787598
1480,277,455.1581115722656,134.0464630126953,90.55075073242188,115.42915344238281,0.481486439704895
1480,272,0.0,324.07012939453125,180.4087677001953,215.92987060546875,0.8680148124694824
1481,277,452.3832702636719,133.10462951660156,95.64797973632812,123.33708190917969,0.4573161005973816
1481,272,0.0,342.7423400878906,164.3876190185547,197.25765991210938,0.696977436542511
1482,277,450.99029541015625,139.3384246826172,98.1041259765625,127.84608459472656,0.37325674295425415
1482,272,0.0,363.15478515625,146.6488494873047,176.84521484375,0.34831538796424866
1483,277,451.5693054199219,145.7198944091797,98.09097290039062,128.6949005126953,0.5657507181167603
1483,306,422.8486328125,14.416511535644531,40.305877685546875,19.116329193115234,0.3762195110321045
1484,277,449.8067321777344,149.07652282714844,99.75070190429688,131.8696746826172,0.6420799493789673
1484,306,419.427734375,15.257946014404297,43.75457763671875,20.798370361328125,0.3744997978210449
1485,277,453.6863098144531,172.30276489257812,91.43472290039062,119.29306030273438,0.42437586188316345
1485,306,415.53839111328125,15.352852821350098,47.621063232421875,22.75075912475586,0.412249356508255
1486,277,454.2866516113281,187.42430114746094,88.52536010742188,114.20680236816406,0.6333519816398621
1486,306,412.9900207519531,15.734475135803223,49.29656982421875,23.724262237548828,0.5514140725135803
1487,277,448.57745361328125,181.83457946777344,100.3497314453125,130.15382385253906,0.4929027855396271
1487,306,410.0484924316406,15.589564323425293,52.56280517578125,25.54625701904297,0.6128582954406738
1488,277,447.35015869140625,188.17274475097656,103.3865966796875,134.26673889160156,0.5874511003494263
1488,306,404.9369812011719,14.962696075439453,58.187774658203125,28.66834259033203,0.6218710541725159
1489,277,442.04931640625,186.12586975097656,112.417236328125,147.4215850830078,0.6340433359146118
1489,306,401.46173095703125,14.325227737426758,61.252166748046875,30.65151023864746,0.5880641341209412
1490,277,437.59130859375,187.2245330810547,119.31451416015625,158.1872100830078,0.6604971289634705
1490,306,398.3115539550781,14.235224723815918,64.7939453125,33.075347900390625,0.5920975804328918
1491,277,435.33642578125,191.68289184570312,123.3846435546875,165.27743530273438,0.6187968254089355
1491,306,396.42938232421875,14.391429901123047,66.34158325195312,34.66823959350586,0.5722793340682983
1492,277,431.89501953125,196.97117614746094,128.506591796875,173.9300079345703,0.7486156225204468
1492,306,394.177734375,14.222306251525879,67.82455444335938,36.33549499511719,0.6729604601860046
1493,277,428.5372619628906,203.44918823242188,133.28439331054688,182.44241333007812,0.900862991809845
1493,306,391.8409729003906,14.37801456451416,70.5682373046875,38.930912017822266,0.8023715615272522
1494,277,426.81201171875,211.7507781982422,134.0330810546875,185.40647888183594,0.9045577645301819
1494,306,389.3597412109375,15.317776679992676,71.2034912109375,40.371856689453125,0.8037002086639404
1495,277,424.0068359375,220.48776245117188,137.462646484375,192.32681274414062,0.8623591661453247
1495,306,386.5907287597656,15.992219924926758,72.77426147460938,42.50630187988281,0.8125897645950317
1496,277,421.3558654785156,229.12135314941406,140.71780395507812,199.2340850830078,0.9119350910186768
1496,306,384.73968505859375,16.95907974243164,73.01629638671875,43.97810363769531,0.713793933391571
1497,277,418.0759582519531,238.21234130859375,144.36825561523438,206.80490112304688,0.8768324851989746
1497,306,384.5350341796875,20.282421112060547,70.52597045898438,43.74061965942383,0.6494678854942322
1498,277,414.95098876953125,247.920166015625,148.33135986328125,214.9993896484375,0.8784849643707275
1498,306,382.5691833496094,22.265031814575195,70.84378051757812,45.261863708496094,0.6948070526123047
1499,277,410.8955993652344,257.6141052246094,153.31655883789062,225.1390380859375,0.7617848515510559
1499,306,381.1978454589844,24.64716911315918,69.68328857421875,45.73014831542969,0.7839081883430481
1500,277,407.7968444824219,267.9892272949219,157.81094360351562,234.68515014648438,0.740361750125885
1500,306,379.4806213378906,27.204734802246094,69.34097290039062,46.72179412841797,0.6917148232460022
1501,277,403.814453125,278.6624450683594,163.5977783203125,246.43777465820312,0.7212666273117065
1501,306,377.9454345703125,29.22638511657715,68.26214599609375,47.037071228027344,0.7310981154441833
1502,277,400.6407470703125,284.55413818359375,164.78271484375,250.681396484375,0.44594067335128784
1502,306,376.4819030761719,31.602745056152344,67.2889404296875,47.455902099609375,0.7456954121589661
1503,277,402.77294921875,302.5477600097656,156.762939453125,237.45223999023438,0.46408697962760925
1503,306,374.963623046875,33.85905075073242,67.35928344726562,48.60625076293945,0.6527089476585388
1504,306,373.6940002441406,36.53105163574219,66.06991577148438,48.682945251464844,0.5370731353759766
1505,306,370.7716979980469,39.20405197143555,65.6063232421875,49.2403450012207,0.5397591590881348
1505,277,408.46673583984375,333.55938720703125,140.3577880859375,206.44061279296875,0.30572324991226196
1506,306,367.7148742675781,41.94314193725586,64.48153686523438,48.8738899230957,0.6214720010757446
1506,277,413.5628967285156,350.9422912597656,130.90896606445312,189.05770874023438,0.5097922682762146
1507,306,364.26678466796875,44.7982292175293,65.44720458984375,50.36582565307617,0.5597866773605347
1507,277,418.4856872558594,368.19842529296875,123.50619506835938,171.80157470703125,0.3633159101009369
1508,306,360.6528625488281,47.12602996826172,66.07351684570312,51.55181884765625,0.5653641223907471
1508,277,422.2257080078125,386.19549560546875,115.91192626953125,153.80450439453125,0.5752003192901611
1509,306,357.2995910644531,49.84883117675781,66.60726928710938,52.438232421875,0.6690029501914978
1509,277,425.54437255859375,406.2319030761719,106.81707763671875,133.76809692382812,0.32987767457962036
1510,306,354.9825134277344,52.684139251708984,67.24212646484375,53.6052360534668,0.7868871688842773
1511,306,352.9132080078125,56.04583740234375,66.602294921875,53.634239196777344,0.7768903374671936
1511,311,515.7877807617188,13.424155235290527,38.85479736328125,14.928854942321777,0.40642890334129333
1512,306,349.56597900390625,59.735137939453125,66.63153076171875,54.140106201171875,0.6701400279998779
1512,311,512.980224609375,13.410658836364746,43.4990234375,16.75973129272461,0.4928009808063507
1513,306,345.7391357421875,62.66317367553711,68.82696533203125,56.41371536254883,0.708173930644989
1513,311,511.3781433105469,13.670499801635742,46.698944091796875,18.084888458251953,0.4934770166873932
1514,306,343.2617492675781,67.6273422241211,67.3990478515625,55.495750427246094,0.6268267035484314
1514,311,509.4073181152344,13.768616676330566,50.422943115234375,19.693397521972656,0.4921852648258209
1515,306,339.50531005859375,70.52388763427734,69.43228149414062,57.66400909423828,0.6822208762168884
1515,311,506.71429443359375,13.9757661819458,55.38006591796875,21.920482635498047,0.4946150481700897
1516,306,335.87603759765625,74.88294219970703,69.02655029296875,57.51178741455078,0.761100709438324
1516,311,504.1336364746094,14.41594409942627,61.128204345703125,24.709148406982422,0.6155745387077332
1517,306,331.3660888671875,79.66019439697266,70.05581665039062,58.51122283935547,0.763972818851471
1517,311,501.9513854980469,14.712443351745605,65.17086791992188,26.987415313720703,0.5794331431388855
1518,306,327.27142333984375,82.4752426147461,72.69094848632812,61.070533752441406,0.7304331660270691
1518,311,500.36871337890625,14.759045600891113,68.6795654296875,29.222064971923828,0.6335505843162537
1519,306,322.9273986816406,87.0172119140625,73.58999633789062,62.00889587402344,0.6934646368026733
1519,311,499.4209289550781,14.802999496459961,71.51760864257812,31.398496627807617,0.5478997230529785
1520,306,318.8536376953125,88.9397201538086,76.41622924804688,64.7618179321289,0.7321876883506775
1520,311,496.5150146484375,15.188693046569824,76.6385498046875,34.8936882019043,0.5961968898773193
1521,306,312.9962158203125,91.77908325195312,78.40594482421875,66.98272705078125,0.5812157988548279
1521,311,494.4784240722656,14.741453170776367,80.59616088867188,38.16834259033203,0.6683610677719116
1522,306,308.2186584472656,96.09500885009766,80.4306640625,69.0859146118164,0.6474493145942688
1522,311,492.4346008300781,14.35744857788086,83.98098754882812,41.46730422973633,0.7478025555610657
1523,306,303.4636535644531,101.6216049194336,81.1417236328125,70.02233123779297,0.6183157563209534
1523,311,492.06512451171875,14.577824592590332,85.3641357421875,43.94590377807617,0.8293609619140625
1524,306,298.71539306640625,106.91871643066406,81.90304565429688,70.84542846679688,0.6265071630477905
1524,311,491.9710388183594,14.89404010772705,85.75466918945312,46.049495697021484,0.8179545998573303
1525,306,293.6582336425781,111.4007339477539,83.91290283203125,72.8205337524414,0.6209213137626648
1525,311,491.5334167480469,15.884846687316895,86.20974731445312,48.30695724487305,0.7624232172966003
1526,306,286.0527648925781,115.94207763671875,86.98526000976562,75.55450439453125,0.5488867163658142
1526,311,491.3916015625,16.736690521240234,86.92413330078125,50.96249771118164,0.6991772055625916
1527,306,279.97576904296875,121.24934387207031,89.06097412109375,77.34321594238281,0.573747456073761
1527,311,492.121826171875,19.593402862548828,84.78521728515625,51.814449310302734,0.6818608641624451
1528,306,274.5063781738281,126.94197845458984,90.60867309570312,78.77848052978516,0.7066220045089722
1528,311,491.6551513671875,22.091794967651367,85.43878173828125,54.565185546875,0.7051312923431396
1529,306,267.1146545410156,131.67059326171875,94.22869873046875,82.14373779296875,0.8315922021865845
1529,311,492.2088928222656,24.038597106933594,84.04421997070312,55.94831848144531,0.7395532131195068
1530,306,259.3192138671875,134.59457397460938,98.9140625,86.72198486328125,0.7935391068458557
1530,311,492.7809753417969,25.83742904663086,81.49923706054688,56.27384567260742,0.7628499865531921
1531,306,252.96328735351562,142.08627319335938,99.88009643554688,87.70756530761719,0.7928919196128845
1531,311,492.9434509277344,27.644651412963867,80.50888061523438,57.621826171875,0.8100522756576538
1532,306,245.913330078125,149.64231872558594,101.54714965820312,89.23167419433594,0.6782903671264648
1532,311,493.17327880859375,30.163658142089844,79.31951904296875,58.67256164550781,0.8765140771865845
1533,306,237.64871215820312,155.7770538330078,104.73248291015625,92.13929748535156,0.7213034629821777
1533,311,492.4256896972656,32.661624908447266,79.99063110351562,61.19621658325195,0.7043915390968323
1534,306,228.8602752685547,163.12423706054688,108.03736877441406,95.09860229492188,0.7655219435691833
1534,311,491.98602294921875,35.867305755615234,79.9676513671875,63.165767669677734,0.7591220140457153
1535,306,220.34764099121094,169.9993438720703,111.00181579589844,97.54844665527344,0.7444555759429932
1535,311,492.63140869140625,38.54570007324219,79.10858154296875,64.42367553710938,0.8330925703048706
1536,306,211.73834228515625,177.9636993408203,113.66973876953125,99.75541687011719,0.8225509524345398
1536,311,493.6805419921875,41.99662399291992,77.1956787109375,64.64891052246094,0.808603823184967
1537,306,200.94947814941406,184.9276580810547,118.80802917480469,104.33720397949219,0.7981395125389099
1537,311,494.5843200683594,45.507225036621094,74.97030639648438,64.4181137084961,0.8112553954124451
1538,306,190.32151794433594,192.8375244140625,123.66288757324219,108.64306640625,0.7003212571144104
1538,311,494.3042297363281,48.394527435302734,76.27511596679688,67.33038330078125,0.8042964935302734
1539,306,179.4342041015625,201.79296875,128.30706787109375,112.83148193359375,0.7498745322227478
1539,311,493.4163513183594,52.14373779296875,77.54141235351562,70.25916290283203,0.8559861779212952
1540,306,167.3027801513672,211.37042236328125,133.11769104003906,117.06536865234375,0.8679967522621155
1540,311,493.84649658203125,56.200191497802734,76.14599609375,70.44505310058594,0.8703495264053345
1541,306,154.9685516357422,220.50933837890625,138.95314025878906,122.3116455078125,0.8137181997299194
1541,311,493.6217346191406,58.74745178222656,76.40707397460938,72.31001281738281,0.7507187724113464
1542,306,142.45291137695312,230.45758056640625,143.7147216796875,126.51751708984375,0.7686653733253479
1542,311,492.92962646484375,63.625152587890625,76.60546875,74.06576538085938,0.8255617618560791
1543,306,126.49248504638672,240.0819854736328,152.31829833984375,134.3764190673828,0.5644537210464478
1543,311,492.4053039550781,68.24736785888672,77.08554077148438,76.11177825927734,0.7611862421035767
1544,306,111.35197448730469,251.16258239746094,158.6780242919922,140.0470428466797,0.7255018353462219
1544,311,492.1922912597656,71.6614761352539,77.07119750976562,77.66414642333984,0.7902689576148987
1545,306,90.033447265625,263.0255432128906,166.6795654296875,145.88922119140625,0.8455473780632019
1545,311,491.6348876953125,75.89041137695312,77.63714599609375,79.75199890136719,0.8279814720153809
1546,306,76.6311264038086,275.83026123046875,173.65090942382812,151.95513916015625,0.9137647747993469
1546,311,489.33648681640625,79.91658020019531,80.181640625,83.78411865234375,0.7307847738265991
1547,306,58.34909439086914,288.8090515136719,183.42796325683594,160.83889770507812,0.8078994154930115
1547,311,487.4467468261719,84.41761779785156,81.82418823242188,87.13449096679688,0.5176203846931458
1548,306,39.49644470214844,303.2559814453125,191.82200622558594,168.53466796875,0.7493040561676025
1548,311,487.6352844238281,89.38809204101562,80.20223999023438,86.53778076171875,0.6194458603858948
1549,306,16.72748565673828,318.0228576660156,205.34378051757812,181.00897216796875,0.7059275507926941
1549,311,487.1818542480469,95.21980285644531,80.34994506835938,87.89411926269531,0.7005264163017273
1550,306,0.0,334.32080078125,214.880859375,192.1890869140625,0.7241491675376892
1550,311,485.5802917480469,100.5805435180664,82.21206665039062,91.2669448852539,0.7903214693069458
1551,306,0.0,349.99945068359375,201.52671813964844,187.9124755859375,0.7209388613700867
1551,311,485.1577453613281,105.89836883544922,82.56057739257812,92.81888580322266,0.7677056789398193
1552,306,0.0,368.65740966796875,185.14596557617188,171.34259033203125,0.6092192530632019
1552,311,483.76898193359375,111.37060546875,84.32916259765625,96.32160949707031,0.73258376121521
1553,306,0.0,387.1519470214844,167.9986572265625,152.84805297851562,0.7777892351150513
1553,311,482.5819091796875,117.4457015991211,85.2215576171875,98.50911712646484,0.690711498260498
1554,306,0.0,407.7895812988281,148.2091522216797,132.21041870117188,0.4691706597805023
1554,311,480.8783874511719,123.86677551269531,86.41006469726562,100.81524658203125,0.7168044447898865
1555,306,0.2098916620016098,429.76409912109375,128.68405151367188,110.23590087890625,0.3336738646030426
1555,311,478.9004821777344,129.6707000732422,88.83505249023438,104.81632995605469,0.6252973675727844
1556,306,4.041284561157227,454.40911865234375,101.30064392089844,85.59088134765625,0.5867649912834167
1556,311,477.35546875,137.39303588867188,90.06768798828125,106.94639587402344,0.6607893705368042
1557,311,476.5975036621094,144.45318603515625,92.62026977539062,110.628662109375,0.8003124594688416
1558,311,474.8600769042969,151.85093688964844,95.61318969726562,115.18400573730469,0.791059136390686
1558,313,497.2099914550781,13.753039360046387,39.589874267578125,17.18294906616211,0.3656619191169739
1559,311,472.7059020996094,160.07484436035156,97.55477905273438,118.28364562988281,0.7997588515281677
1559,313,494.9668273925781,14.362665176391602,43.234954833984375,18.808534622192383,0.4323575496673584
1560,311,469.80352783203125,168.23106384277344,101.3453369140625,123.94371032714844,0.8090332746505737
1560,313,492.1275329589844,14.656253814697266,48.009674072265625,21.014984130859375,0.5358238816261292
1561,311,467.0493469238281,176.57589721679688,105.25863647460938,129.89041137695312,0.758344292640686
1561,313,489.37005615234375,14.940279006958008,51.996826171875,23.006864547729492,0.6917585134506226
1562,311,464.03875732421875,186.5933074951172,108.3494873046875,134.7543182373047,0.8379767537117004
1562,313,486.7741394042969,15.238033294677734,54.677459716796875,24.547466278076172,0.7505255937576294
1563,311,460.7123718261719,195.9801483154297,112.83096313476562,141.75694274902344,0.7204915285110474
1563,313,484.4316711425781,15.149246215820312,57.578704833984375,26.32763671875,0.7832135558128357
1564,311,456.5612487792969,207.43917846679688,117.65487670898438,149.2547607421875,0.771699070930481
1564,313,480.8124084472656,14.711935997009277,63.564483642578125,29.79955291748047,0.7096607089042664
1565,311,451.4390563964844,218.1515655517578,123.61392211914062,158.8006134033203,0.8264133334159851
1565,313,478.5123291015625,14.668924331665039,66.81005859375,32.20611572265625,0.7242076992988586
1566,311,448.10906982421875,231.0601043701172,126.72955322265625,164.43284606933594,0.7750151753425598
1566,313,475.9637451171875,14.801726341247559,70.12347412109375,34.8404426574707,0.7611607313156128
1567,311,444.34271240234375,243.93624877929688,131.58868408203125,172.8345947265625,0.837877631187439
1567,313,473.34600830078125,14.62111759185791,73.4310302734375,37.709808349609375,0.8154318332672119
1568,311,440.7189025878906,257.93792724609375,136.81967163085938,181.85989379882812,0.8085359334945679
1568,313,472.0845947265625,14.705994606018066,74.37322998046875,39.53030014038086,0.7973614931106567
1569,311,434.23492431640625,269.8771667480469,144.65997314453125,195.33346557617188,0.7730807662010193
1569,313,470.4635314941406,14.906332015991211,76.39340209960938,42.111671447753906,0.8177435398101807
1570,311,427.20166015625,282.89501953125,153.2984619140625,210.41741943359375,0.7251421809196472
1570,313,469.92498779296875,16.033540725708008,77.752685546875,44.489036560058594,0.8288653492927551
1571,311,421.56695556640625,301.8145751953125,157.92041015625,220.331787109375,0.48836609721183777
1571,313,469.75848388671875,17.668859481811523,76.81103515625,45.669647216796875,0.7732585072517395
1571,314,597.2677001953125,13.64381217956543,37.63433837890625,16.432605743408203,0.5808255672454834
1572,311,421.0489807128906,322.9047546386719,152.21408081054688,213.76132202148438,0.5214087963104248
1572,313,470.6571960449219,20.739028930664062,73.73342895507812,45.34276580810547,0.730890691280365
1572,314,596.1196899414062,13.766944885253906,40.2657470703125,17.619277954101562,0.6222018003463745
1573,313,469.98211669921875,23.87790870666504,71.97296142578125,45.67893981933594,0.7841165065765381
1573,314,594.9205932617188,13.912276268005371,42.9072265625,18.857868194580078,0.6516687870025635
1574,313,468.9146728515625,26.12491226196289,71.6163330078125,46.992122650146484,0.7783442139625549
1574,314,594.6478881835938,14.243780136108398,43.4532470703125,19.170549392700195,0.6039012670516968
1575,313,468.4912414550781,28.71981430053711,70.57241821289062,47.76688003540039,0.7512197494506836
1575,314,593.4525146484375,14.50855827331543,45.61102294921875,20.232454299926758,0.627895712852478
1576,313,469.2221984863281,31.877904891967773,67.83316040039062,47.14036560058594,0.7599804997444153
1576,314,591.3219604492188,15.13907527923584,49.9229736328125,22.395301818847656,0.7777994871139526
1577,313,468.7829895019531,34.8098030090332,66.66488647460938,47.40750503540039,0.7444806098937988
1577,314,589.9326171875,15.477027893066406,52.3543701171875,23.80282211303711,0.7610086798667908
1578,313,468.13104248046875,37.22515869140625,67.3345947265625,48.915313720703125,0.7766842842102051
1578,314,588.455810546875,15.333195686340332,54.61614990234375,25.22775650024414,0.768193244934082
1579,313,466.7238464355469,39.22701644897461,67.39407348632812,50.202884674072266,0.7650234699249268
1579,314,587.4710083007812,15.196859359741211,57.028076171875,26.882158279418945,0.7072278261184692
1580,313,466.1239013671875,42.79261779785156,66.25372314453125,50.59210205078125,0.8188288807868958
1580,314,585.4447021484375,14.947175025939941,60.98968505859375,29.450180053710938,0.6344988942146301
1581,313,464.08392333984375,45.836158752441406,66.507080078125,51.95759582519531,0.8085933923721313
1581,314,584.4740600585938,14.74886703491211,63.76483154296875,31.653141021728516,0.6078091263771057
1582,313,463.14862060546875,49.00096893310547,65.5479736328125,52.203529357910156,0.7945772409439087
1582,314,582.529541015625,13.863804817199707,67.8199462890625,34.76243591308594,0.6747172474861145
1583,313,461.792724609375,51.2800407409668,66.2911376953125,53.815364837646484,0.7883829474449158
1583,314,581.41357421875,13.96138858795166,70.22320556640625,37.21297073364258,0.7510156035423279
1584,313,461.1018981933594,55.2696418762207,65.53469848632812,54.07381057739258,0.8321987986564636
1584,314,580.8713989257812,14.338483810424805,71.8873291015625,39.440147399902344,0.7490680813789368
1585,313,459.5362854003906,58.72697830200195,66.05203247070312,55.44388198852539,0.7755857110023499
1585,314,580.4938354492188,14.715544700622559,72.71240234375,41.33978271484375,0.7044572830200195
1586,313,457.43414306640625,62.357948303222656,67.3712158203125,57.714263916015625,0.7866463661193848
1586,314,580.3346557617188,15.599322319030762,73.1708984375,42.997066497802734,0.8269237279891968
1587,313,456.17364501953125,65.78832244873047,67.4864501953125,58.81495666503906,0.845516562461853
1587,314,580.0441284179688,16.038135528564453,74.37664794921875,45.26582336425781,0.7761121392250061
1588,313,454.20648193359375,69.09764862060547,67.66729736328125,59.78325653076172,0.781348705291748
1588,314,580.8827514648438,17.490636825561523,73.0860595703125,45.99022674560547,0.7464969158172607
1589,313,452.598876953125,72.74429321289062,68.88726806640625,61.848541259765625,0.7201895713806152
1589,314,581.8624877929688,19.881710052490234,71.08941650390625,46.162227630615234,0.7133914232254028
1590,313,451.2322082519531,77.4173812866211,68.28182983398438,61.863075256347656,0.7775892615318298
1590,314,583.5734252929688,23.00527572631836,68.4005126953125,45.63765335083008,0.769167959690094
1591,313,448.9036560058594,82.07049560546875,68.88748168945312,63.12876892089844,0.6994913816452026
1591,314,584.0020751953125,24.960613250732422,67.78228759765625,46.42281723022461,0.7773622870445251
1592,313,446.5873107910156,86.13883972167969,69.36746215820312,64.3895263671875,0.6665726900100708
1592,314,584.5056762695312,26.4094181060791,67.27838134765625,47.341468811035156,0.7561615109443665
1592,316,540.01123046875,13.505915641784668,42.4998779296875,19.196090698242188,0.5686235427856445
1593,313,443.5537414550781,91.46568298339844,69.89389038085938,65.37057495117188,0.7033608555793762
1593,314,585.1868896484375,28.17436981201172,66.38232421875,47.9539794921875,0.722622811794281
1593,316,539.3214721679688,13.637131690979004,43.9793701171875,19.884315490722656,0.5674242377281189
1594,313,441.2922668457031,95.49165344238281,71.56277465820312,67.61990356445312,0.7189388871192932
1594,314,585.2676391601562,29.85744285583496,66.7239990234375,49.574951171875,0.718498945236206
1594,316,537.1072387695312,13.493019104003906,48.6102294921875,22.07544708251953,0.6333515644073486
1595,313,438.0470275878906,100.02296447753906,73.91436767578125,70.48641967773438,0.7154581546783447
1595,314,585.5433959960938,31.505596160888672,66.4659423828125,50.703006744384766,0.8196344971656799
1595,316,534.017822265625,13.385984420776367,54.4007568359375,24.934236526489258,0.6263461112976074
1596,313,435.774658203125,103.93603515625,76.07699584960938,73.25413513183594,0.6702260375022888
1596,314,586.5632934570312,34.107566833496094,65.138916015625,50.76685333251953,0.8321557641029358
1596,316,533.8350219726562,14.063704490661621,55.85894775390625,25.911666870117188,0.6716040968894958
1597,313,431.9906311035156,108.9104232788086,77.182861328125,75.17859649658203,0.8064817190170288
1597,314,587.2620849609375,36.684513092041016,63.83111572265625,50.750370025634766,0.7614381909370422
1597,316,532.4585571289062,14.03998851776123,58.78643798828125,27.68048858642578,0.5830965042114258
1598,313,428.8182678222656,113.2071304321289,78.2235107421875,77.09500885009766,0.6800746321678162
1598,314,587.14306640625,39.26405715942383,63.45953369140625,51.58528518676758,0.5578636527061462
1598,316,530.6780395507812,13.75761604309082,62.23114013671875,29.857763290405273,0.4845951795578003
1599,313,427.057373046875,122.19249725341797,76.0340576171875,75.09090423583984,0.6022160053253174
1599,314,586.9299926757812,41.281429290771484,65.1612548828125,54.04875564575195,0.6608902812004089
1599,316,530.413330078125,13.670799255371094,63.59088134765625,31.15152359008789,0.44929802417755127
1600,313,423.7742614746094,127.6052017211914,78.60452270507812,78.08704376220703,0.6409466862678528
1600,314,586.8324584960938,43.625770568847656,65.6573486328125,55.459747314453125,0.6915093660354614
1601,313,420.4103088378906,133.1530303955078,82.00149536132812,81.8284912109375,0.6684010028839111
1601,314,587.5385131835938,46.768592834472656,64.42974853515625,55.233131408691406,0.6612111926078796
1601,316,525.2088012695312,13.302408218383789,74.24285888671875,37.627601623535156,0.4817085862159729
1602,313,416.2657165527344,139.3629150390625,83.88961791992188,84.10772705078125,0.6575433611869812
1602,314,587.3316040039062,49.400428771972656,64.0345458984375,55.809722900390625,0.48921939730644226
1602,316,525.1309814453125,13.454869270324707,75.46051025390625,39.49605941772461,0.42350345849990845
1603,313,412.0718078613281,144.89273071289062,87.21835327148438,87.97904968261719,0.7206486463546753
1603,314,587.967041015625,52.70405197143555,63.6063232421875,56.214656829833984,0.7448217272758484
1603,316,525.2875366210938,13.426559448242188,75.8245849609375,40.98674774169922,0.6385914087295532
1604,313,407.7109375,150.92611694335938,89.92218017578125,91.18415832519531,0.7647339701652527
1604,314,587.9525146484375,55.48210906982422,63.9012451171875,57.18363952636719,0.7399817705154419
1604,316,525.2531127929688,13.747759819030762,75.40472412109375,42.25007629394531,0.5964863896369934
1605,313,402.78643798828125,157.65982055664062,93.45248413085938,95.28877258300781,0.807645320892334
1605,314,588.15185546875,58.89131546020508,63.94830322265625,57.90647506713867,0.7821983695030212
1605,316,525.267578125,13.967662811279297,75.442626953125,43.76508331298828,0.591816782951355
1606,313,398.4633483886719,166.27171325683594,95.85980224609375,98.18702697753906,0.790157675743103
1606,314,587.6824340820312,62.173583984375,65.21240234375,59.82005310058594,0.7646580934524536
1606,316,524.45556640625,14.096064567565918,76.6007080078125,46.0697135925293,0.5964480638504028
1607,313,393.011474609375,173.80575561523438,100.00567626953125,102.98837280273438,0.8010984659194946
1607,314,587.5921020507812,64.81748962402344,65.262939453125,60.52539825439453,0.7192937731742859
1607,316,525.146728515625,15.40635871887207,75.51165771484375,47.095802307128906,0.4652600586414337
1608,313,387.8158874511719,182.6168975830078,102.61795043945312,106.17652893066406,0.81751549243927
1608,314,587.3360595703125,68.71934509277344,65.16021728515625,60.91839599609375,0.8094135522842407
1608,316,525.4197387695312,16.28583335876465,75.904296875,49.099571228027344,0.5057761669158936
1609,313,381.7620544433594,191.24822998046875,106.48675537109375,110.70147705078125,0.7991414070129395
1609,314,586.3622436523438,71.93153381347656,66.77691650390625,63.0870361328125,0.7886194586753845
1609,316,528.0453491210938,19.576448440551758,71.8231201171875,47.94837188720703,0.5791330933570862
1610,313,374.0469055175781,201.0393524169922,111.53329467773438,116.51808166503906,0.8129891157150269
1610,314,585.4691772460938,74.92628479003906,67.94085693359375,64.842041015625,0.7910118699073792
1610,316,529.54638671875,22.384376525878906,69.11138916015625,47.53643798828125,0.7377298474311829
1611,313,368.27154541015625,211.80274963378906,115.30081176757812,121.04280090332031,0.8558318018913269
1611,314,584.9161376953125,78.4945297241211,69.29339599609375,66.80651092529297,0.7611756920814514
1611,316,528.3861083984375,23.31425666809082,71.51251220703125,50.7891845703125,0.6279333829879761
1612,313,360.9203186035156,222.24586486816406,119.884521484375,126.59126281738281,0.8450866341590881
1612,314,585.149658203125,82.23180389404297,68.8017578125,66.79625701904297,0.7717846632003784
1612,316,527.5534057617188,24.298219680786133,72.1148681640625,52.624237060546875,0.6817044019699097
1613,313,352.4461669921875,233.65847778320312,124.91802978515625,132.79742431640625,0.7574395537376404
1613,314,584.5322265625,86.30963897705078,70.10186767578125,68.56450653076172,0.7292524576187134
1613,316,527.68994140625,27.093873977661133,70.5687255859375,52.501686096191406,0.65081387758255
1614,313,345.4216003417969,245.74542236328125,129.57052612304688,138.58895874023438,0.8135507702827454
1614,314,583.6588134765625,90.36997985839844,71.392578125,70.3428955078125,0.8213634490966797
1614,316,529.7265014648438,28.739336013793945,68.3427734375,52.112213134765625,0.5944620370864868
1615,313,336.2598571777344,258.6061706542969,136.011474609375,146.66152954101562,0.7809117436408997
1615,314,583.281494140625,94.6292724609375,72.5565185546875,72.0899658203125,0.763952910900116
1615,316,530.9144287109375,31.96460723876953,66.11883544921875,51.410423278808594,0.5799373984336853
1616,313,326.5252685546875,272.0765075683594,142.9132080078125,155.17605590820312,0.8465605974197388
1616,314,583.1563720703125,98.8484878540039,73.32073974609375,73.28466033935547,0.8065846562385559
1616,316,530.6185302734375,33.318599700927734,67.57659912109375,53.804622650146484,0.5300688147544861
1617,313,316.2559509277344,286.6156005859375,149.93743896484375,164.0963134765625,0.8501951694488525
1617,314,581.4111328125,103.5583724975586,75.87322998046875,76.63871002197266,0.7924744486808777
1617,316,531.136474609375,35.07216262817383,66.985107421875,54.46633529663086,0.5450771450996399
1618,313,303.8092956542969,302.93939208984375,157.96908569335938,174.39981079101562,0.8609799146652222
1618,314,580.1192016601562,107.1217269897461,78.25067138671875,79.83979034423828,0.7924816608428955
1618,316,530.6322021484375,37.14238739013672,68.36395263671875,56.583335876464844,0.5897178053855896
1619,313,290.0897521972656,319.3114318847656,167.57852172851562,187.080078125,0.9023280143737793
1619,314,579.43994140625,112.00389862060547,80.49273681640625,82.98140716552734,0.7625487446784973
1619,316,531.5614624023438,38.82284164428711,69.36138916015625,58.66170883178711,0.6546666622161865
1620,313,279.01806640625,336.98333740234375,173.56463623046875,194.8538818359375,0.6802294254302979
1620,314,579.4915161132812,117.43064880371094,81.6082763671875,84.85420227050781,0.8032791614532471
1620,316,531.5340576171875,40.760746002197266,70.6536865234375,61.17721176147461,0.864338755607605
1621,313,273.4959716796875,355.8289794921875,165.77334594726562,184.16265869140625,0.7255988717079163
1621,314,578.9359741210938,122.68829345703125,83.24554443359375,87.3267822265625,0.8134623765945435
1621,316,532.64697265625,42.921142578125,69.8038330078125,61.52891540527344,0.7373270392417908
1622,313,271.2427978515625,376.5948791503906,154.74478149414062,163.40512084960938,0.7573023438453674
1622,314,579.201171875,128.21592712402344,83.6925048828125,88.21408081054688,0.8267747759819031
1622,316,533.3095703125,45.57377243041992,69.347412109375,62.011165618896484,0.7096279263496399
1623,313,268.4493103027344,397.7585754394531,142.08944702148438,142.24142456054688,0.739717960357666
1623,314,578.3270874023438,133.619873046875,86.32989501953125,91.72662353515625,0.8075084090232849
1623,316,534.17431640625,47.67683410644531,69.6129150390625,63.137184143066406,0.6278359889984131
1624,313,273.12384033203125,422.1966552734375,125.29766845703125,117.8033447265625,0.7979695200920105
1624,314,578.084228515625,140.27284240722656,87.59857177734375,93.784912109375,0.831464409828186
1624,316,534.435791015625,49.85171127319336,70.16790771484375,64.64129638671875,0.7135909199714661
1625,313,279.2078857421875,449.76715087890625,103.9482421875,90.23284912109375,0.7465183734893799
1625,314,577.7791137695312,146.24423217773438,90.2080078125,97.3316650390625,0.8379358053207397
1625,316,534.9348754882812,53.4163703918457,69.71881103515625,65.16441345214844,0.6674423813819885
1626,313,284.764404296875,479.5617370605469,79.97454833984375,60.438262939453125,0.6533435583114624
1626,314,577.5692138671875,152.31199645996094,92.41375732421875,100.57057189941406,0.8187357783317566
1626,316,534.9580078125,55.562660217285156,70.9697265625,67.23614501953125,0.6707022190093994
1627,314,576.6843872070312,158.1029510498047,94.9893798828125,104.35032653808594,0.8210526704788208
1627,316,535.5283813476562,58.06018829345703,71.810302734375,69.03313446044922,0.6074835062026978
1628,314,577.2764282226562,165.9310760498047,95.52655029296875,105.65455627441406,0.8291584849357605
1628,316,536.593505859375,60.3879508972168,71.0556640625,69.23373413085938,0.595178484916687
1628,324,490.263916015625,14.174293518066406,41.0863037109375,15.031904220581055,0.4779793322086334
1629,314,576.7665405273438,173.13526916503906,98.36334228515625,109.51182556152344,0.854032576084137
1629,316,537.0162353515625,62.729854583740234,71.455322265625,70.44685363769531,0.6232738494873047
1629,324,487.4223937988281,14.327064514160156,44.181121826171875,16.221981048583984,0.4868878424167633
1630,314,576.9915161132812,180.35345458984375,99.93316650390625,111.64187622070312,0.8529492020606995
1630,316,536.9173583984375,65.51181030273438,73.39556884765625,73.31660461425781,0.7118207216262817
1630,324,484.11944580078125,14.177714347839355,49.0728759765625,18.15489959716797,0.5705884099006653
1631,314,576.6448974609375,188.26861572265625,101.99298095703125,114.5892333984375,0.8606038093566895
1631,316,537.302734375,68.23145294189453,73.67340087890625,74.57588958740234,0.716710090637207
1631,324,481.2344970703125,14.159299850463867,53.4168701171875,19.981050491333008,0.6248367428779602
1632,314,576.0303955078125,196.4332275390625,104.77630615234375,118.38967895507812,0.8780012130737305
1632,316,537.975830078125,71.13880920410156,73.15673828125,74.80220031738281,0.7620291113853455
1632,324,478.8396301269531,14.18092155456543,56.661163330078125,21.518144607543945,0.5723334550857544
1633,314,575.231201171875,204.9623565673828,108.29791259765625,123.20927429199219,0.8719523549079895
1633,316,539.033447265625,74.781982421875,73.14923095703125,75.63467407226562,0.7268006801605225
1633,324,475.7265625,14.094745635986328,60.90264892578125,23.604705810546875,0.6727731823921204
1634,314,574.3820190429688,214.61834716796875,111.88800048828125,128.01318359375,0.888583242893219
1634,316,540.0053100585938,78.06836700439453,72.24456787109375,75.31713104248047,0.6690791845321655
1634,324,473.8612976074219,14.59128189086914,64.46499633789062,25.59204864501953,0.6570030450820923
1635,314,573.3806762695312,224.8916015625,115.40606689453125,132.9471435546875,0.8664706349372864
1635,316,539.8762817382812,81.0484390258789,74.19158935546875,78.0874252319336,0.6396709680557251
1635,324,471.84033203125,14.751212120056152,66.53717041015625,27.088546752929688,0.6769065856933594
1636,314,572.5707397460938,235.81114196777344,119.340087890625,138.3496856689453,0.8781768679618835
1636,316,540.5962524414062,85.27090454101562,75.7406005859375,80.10125732421875,0.6375508308410645
1636,324,469.70703125,14.555267333984375,68.46429443359375,28.639698028564453,0.7054857015609741
1636,326,602.5958251953125,13.21468448638916,41.11370849609375,14.625504493713379,0.5303557515144348
1637,314,571.6788940429688,247.22518920898438,123.7603759765625,144.2244873046875,0.8831984400749207
1637,316,539.4044799804688,88.70304870605469,79.91595458984375,85.376708984375,0.7405593395233154
1637,324,466.5424499511719,14.444343566894531,72.83468627929688,31.45328140258789,0.6669445633888245
1637,326,602.721435546875,13.186379432678223,43.73614501953125,15.602189064025879,0.47717252373695374
1638,314,570.9419555664062,258.82110595703125,128.8604736328125,151.24142456054688,0.8829541802406311
1638,316,541.2222290039062,93.26892852783203,79.4354248046875,85.13724517822266,0.7837496399879456
1638,324,464.6762390136719,14.231734275817871,75.10061645507812,33.547691345214844,0.7202823758125305
1638,326,600.6508178710938,13.179963111877441,48.145263671875,17.270751953125,0.45659950375556946
1639,314,569.2054443359375,271.72869873046875,134.91632080078125,159.51666259765625,0.8736981153488159
1639,316,542.3483276367188,97.3130874633789,80.7584228515625,86.8591537475586,0.8139774203300476
1639,324,462.2432556152344,13.902539253234863,77.73544311523438,35.92179489135742,0.8030290007591248
1639,326,599.4703369140625,13.398087501525879,51.31201171875,18.576202392578125,0.5221988558769226
1640,314,567.74755859375,285.11541748046875,140.74017333984375,167.75979614257812,0.7970784306526184
1640,316,544.0152587890625,101.08333587646484,80.0118408203125,86.00064849853516,0.7963259816169739
1640,324,460.5841369628906,13.97737979888916,79.15518188476562,37.93834686279297,0.826321542263031
1640,326,599.2671508789062,14.118335723876953,53.05633544921875,19.42447280883789,0.5253281593322754
1641,314,565.7008056640625,298.3516845703125,147.02593994140625,176.67013549804688,0.8805757164955139
1641,316,543.285888671875,105.21207427978516,83.6915283203125,90.33338165283203,0.8024765253067017
1641,324,459.8500671386719,14.149588584899902,79.73489379882812,39.73493194580078,0.824748694896698
1641,326,598.6187133789062,14.446463584899902,56.006591796875,20.838062286376953,0.5800489187240601
1642,314,564.5099487304688,312.57464599609375,153.3359375,185.83407592773438,0.923209547996521
1642,316,543.4866943359375,109.6402359008789,85.51385498046875,92.79033660888672,0.8056093454360962
1642,324,458.8545837402344,14.672000885009766,80.18380737304688,41.579193115234375,0.8654810786247253
1642,326,597.2359619140625,15.137346267700195,59.97021484375,22.78670310974121,0.6092422008514404
1643,314,561.7311401367188,326.68670654296875,163.37042236328125,200.1441650390625,0.8850315809249878
1643,316,544.364013671875,113.96304321289062,86.63421630859375,94.28334045410156,0.777384877204895
1643,324,458.2550354003906,15.31602668762207,80.13296508789062,43.253753662109375,0.8396628499031067
1643,326,596.3726196289062,15.853142738342285,62.02545166015625,24.129840850830078,0.7011538147926331
1644,314,569.1454467773438,341.2120666503906,162.18212890625,197.35580444335938,0.8971616625785828
1644,316,544.5477294921875,118.76324462890625,88.58392333984375,96.64872741699219,0.7811383008956909
1644,324,457.2961730957031,16.012502670288086,81.02987670898438,45.629981994628906,0.8269302845001221
1644,326,596.4151611328125,16.268280029296875,62.44989013671875,24.890785217285156,0.7274304628372192
1645,314,572.6978759765625,355.9400939941406,155.282958984375,184.05990600585938,0.8526439666748047
1645,316,544.4130859375,122.61954498291016,91.24041748046875,100.05127716064453,0.7430523633956909
1645,324,457.21142578125,17.699134826660156,80.0113525390625,46.859771728515625,0.8563511967658997
1645,326,595.9155883789062,16.008237838745117,64.27288818359375,26.3232364654541,0.6449622511863708
1646,314,578.7884521484375,375.9376220703125,142.5833740234375,164.0623779296875,0.9067255854606628
1646,316,545.6577758789062,127.3057861328125,92.12762451171875,101.13571166992188,0.8074401617050171
1646,324,457.5868835449219,18.58318519592285,78.30728149414062,47.72248840332031,0.8389114737510681
1646,326,594.7125244140625,15.679879188537598,67.91705322265625,28.732006072998047,0.6258838772773743
1647,314,587.6436157226562,397.6711730957031,129.5556640625,142.32882690429688,0.7946544885635376
1647,316,546.3558959960938,132.90640258789062,94.748779296875,104.38960266113281,0.809887707233429
1647,324,457.87567138671875,20.86211395263672,75.66650390625,47.822509765625,0.8604282736778259
1647,326,593.2576904296875,15.407241821289062,70.655517578125,30.925945281982422,0.6365334391593933
1648,314,595.6795043945312,419.6044921875,116.57464599609375,120.3955078125,0.7831128239631653
1648,316,547.2198486328125,138.927978515625,97.2366943359375,107.60459899902344,0.7544004917144775
1648,324,456.90472412109375,22.52950096130371,75.270751953125,49.42986297607422,0.8040485382080078
1648,326,592.5445556640625,15.490741729736328,72.535888671875,32.86869430541992,0.6220011115074158
1649,314,604.9781494140625,446.8436279296875,99.34967041015625,93.1563720703125,0.6598165035247803
1649,316,547.9580688476562,144.40628051757812,99.98138427734375,111.32711791992188,0.770241379737854
1649,324,456.2841491699219,25.218917846679688,73.92666625976562,50.30908203125,0.811892569065094
1649,326,591.8564453125,15.381024360656738,74.64691162109375,35.14122772216797,0.578268826007843
1650,316,548.3275756835938,149.65969848632812,103.7041015625,116.27279663085938,0.7944854497909546
1650,324,456.42156982421875,28.044904708862305,71.44439697265625,50.204017639160156,0.7757465243339539
1650,326,591.6721801757812,15.073408126831055,76.3955078125,37.386375427246094,0.7411192655563354
1651,316,550.1395874023438,155.92349243164062,105.2532958984375,118.663330078125,0.8464698791503906
1651,324,455.9234313964844,30.58624839782715,69.94656372070312,50.61500549316406,0.7880474925041199
1651,326,592.0615234375,14.95769214630127,75.99957275390625,38.61531448364258,0.7971737384796143
1652,316,550.692138671875,162.73023986816406,108.238037109375,122.72419738769531,0.8234118819236755
1652,324,455.7353820800781,33.754234313964844,68.38723754882812,50.836997985839844,0.823313295841217
1652,326,592.1945190429688,15.275547981262207,76.9307861328125,40.640464782714844,0.8404458165168762
1653,316,550.8788452148438,168.0106964111328,111.5941162109375,127.40858459472656,0.8278824090957642
1653,324,455.0538635253906,35.70819091796875,68.03945922851562,51.930641174316406,0.830630898475647
1653,326,593.4132080078125,15.984758377075195,76.26611328125,41.85935974121094,0.8384425640106201
1654,316,553.1770629882812,175.07957458496094,113.87286376953125,130.52821350097656,0.7971498370170593
1654,324,455.0143737792969,37.61728286743164,67.14291381835938,52.48237228393555,0.8370566368103027
1654,326,594.025390625,16.369768142700195,76.2021484375,43.433738708496094,0.8122656941413879
1655,316,554.9512329101562,183.0912628173828,116.36651611328125,133.9933624267578,0.7636393904685974
1655,324,454.5394592285156,40.898590087890625,66.02230834960938,52.7344970703125,0.8453546166419983
1655,326,594.102783203125,16.686670303344727,77.48858642578125,45.835296630859375,0.7123724818229675
1656,316,556.0875854492188,190.77256774902344,120.3922119140625,139.15748596191406,0.8045160174369812
1656,324,452.8542785644531,43.663902282714844,66.43917846679688,54.187782287597656,0.8862763047218323
1656,326,595.0316772460938,17.288604736328125,76.712158203125,46.98261260986328,0.738543689250946
1657,316,557.5999755859375,199.11973571777344,124.3170166015625,144.22032165527344,0.8301464915275574
1657,324,451.6241455078125,46.0820198059082,66.27740478515625,55.14643478393555,0.9070786237716675
1657,326,595.837158203125,18.43058967590332,75.7080078125,47.96955871582031,0.7224547266960144
1658,316,559.714111328125,207.151611328125,129.29681396484375,150.78353881835938,0.8367729783058167
1658,324,450.3618469238281,48.46251678466797,66.37301635742188,56.22290802001953,0.862119197845459
1658,326,598.1616821289062,21.556840896606445,72.3106689453125,47.17285919189453,0.7907434105873108
1659,316,561.58203125,216.5208282470703,133.5533447265625,156.4751739501953,0.8320420384407043
1659,324,448.1118469238281,51.18632125854492,67.20303344726562,57.8038215637207,0.840904176235199
1659,326,599.2073364257812,23.61631202697754,71.93994140625,48.482810974121094,0.8293805718421936
1660,316,563.2723999023438,225.64105224609375,137.737548828125,162.11422729492188,0.8747705817222595
1660,324,444.1698303222656,52.71952819824219,69.25198364257812,60.093780517578125,0.7931577563285828
1660,326,600.2300415039062,25.918607711791992,70.8597412109375,49.2254638671875,0.7976380586624146
1661,316,564.1737670898438,237.13877868652344,142.69403076171875,168.89927673339844,0.7883312106132507
1661,324,443.5001220703125,56.40323257446289,69.7908935546875,61.523738861083984,0.8071897625923157
1661,326,601.7921752929688,27.88309669494629,68.6783447265625,48.94542694091797,0.8148471713066101
1662,316,565.40478515625,247.5506591796875,147.30487060546875,175.35147094726562,0.8282620310783386
1662,324,441.94891357421875,59.28514862060547,71.22137451171875,63.960777282714844,0.7921025156974792
1662,326,604.2101440429688,30.796920776367188,65.69476318359375,47.85784149169922,0.7687579393386841
1663,316,567.664794921875,259.67523193359375,152.727783203125,182.84719848632812,0.9173147082328796
1663,324,440.6033630371094,61.55995559692383,70.57781982421875,64.32052612304688,0.8397623896598816
1663,326,605.3567504882812,32.68471908569336,64.5450439453125,48.10390853881836,0.7232968211174011
1664,316,570.455322265625,271.29278564453125,156.94232177734375,189.03579711914062,0.839201033115387
1664,324,439.9091796875,66.28524780273438,69.01748657226562,63.481109619140625,0.8246251344680786
1664,326,606.1034545898438,34.49147033691406,65.35430908203125,49.99793243408203,0.6932093501091003
1665,316,572.4393310546875,284.8199768066406,164.6793212890625,199.5694580078125,0.7985745668411255
1665,324,437.8670959472656,70.04336547851562,70.19281005859375,65.09812927246094,0.8482082486152649
1665,326,606.8342895507812,36.09880447387695,65.1435546875,51.03305435180664,0.6620795130729675
1666,316,574.8189086914062,298.4155578613281,171.655517578125,209.3388671875,0.7727521657943726
1666,324,436.066650390625,73.77147674560547,69.79254150390625,65.24720001220703,0.7610485553741455
1666,326,607.6266479492188,38.323421478271484,63.609130859375,50.69631576538086,0.6604662537574768
1667,316,577.6517944335938,313.7749328613281,176.96160888671875,216.89468383789062,0.5670871734619141
1667,324,434.4691467285156,78.56121826171875,69.76480102539062,65.88319396972656,0.7902930378913879
1667,326,609.1015625,40.723060607910156,62.990234375,51.05414581298828,0.646016538143158
1668,316,586.8968505859375,328.4955749511719,172.71044921875,210.34274291992188,0.3779096305370331
1668,324,431.0309753417969,80.8938217163086,71.692626953125,68.4612045288086,0.8286216855049133
1668,326,609.3533325195312,41.983760833740234,64.67132568359375,53.42665481567383,0.6527245044708252
1669,316,597.43408203125,345.0738830566406,164.05902099609375,194.92611694335938,0.5054929256439209
1669,324,428.6423034667969,84.4466781616211,72.861083984375,70.15454864501953,0.7396867275238037
1669,326,610.3212890625,43.7160758972168,65.055908203125,54.68783187866211,0.7427093982696533
1670,316,608.3233642578125,365.1639404296875,152.3121337890625,174.8360595703125,0.6097622513771057
1670,324,425.3951416015625,87.68037414550781,74.7078857421875,72.58306884765625,0.7222544550895691
1670,326,611.653564453125,46.393463134765625,63.31072998046875,53.99256134033203,0.7131853103637695
1671,316,619.983154296875,385.2808532714844,141.4564208984375,154.71914672851562,0.6071933507919312
1671,324,421.9564208984375,92.04459381103516,76.27081298828125,74.86333465576172,0.7036393284797668
1671,326,612.8124389648438,48.785682678222656,62.6424560546875,54.06132507324219,0.7115215063095093
1672,316,627.6939086914062,407.3963928222656,128.8568115234375,132.60360717773438,0.5608254075050354
1672,324,419.477294921875,95.24321746826172,77.49472045898438,76.66841888427734,0.6943292021751404
1672,326,612.8577270507812,51.083011627197266,63.39007568359375,55.45058059692383,0.7061827182769775
1673,316,638.3054809570312,433.28515625,111.8070068359375,106.71484375,0.5386704206466675
1673,324,417.6658935546875,99.2654037475586,78.94342041015625,78.56096649169922,0.8150473833084106
1673,326,613.499267578125,53.53864288330078,63.5679931640625,56.23381042480469,0.7339204549789429
1674,316,650.3427124023438,460.4311828613281,92.61822509765625,79.56881713867188,0.5923170447349548
1674,324,415.45166015625,104.07667541503906,79.43463134765625,79.38381958007812,0.7944725155830383
1674,326,614.5758666992188,55.29375457763672,63.756591796875,56.9041748046875,0.7784900069236755
1675,324,411.5747375488281,108.32066345214844,82.66326904296875,83.3184814453125,0.7483174800872803
1675,326,614.887939453125,57.92037582397461,64.0430908203125,57.64622116088867,0.7563331127166748
1676,324,408.183349609375,111.2618637084961,84.78726196289062,85.9720230102539,0.7027586102485657
1676,326,615.6591796875,60.792720794677734,65.1646728515625,59.2933464050293,0.7612410187721252
1677,324,404.61669921875,116.95633697509766,86.42437744140625,88.07909393310547,0.7414765954017639
1677,326,616.8139038085938,63.0013542175293,65.57342529296875,60.21048355102539,0.8019329309463501
1678,324,400.7632141113281,123.11012268066406,87.58187866210938,89.59681701660156,0.8010486364364624
1678,326,618.691162109375,66.38516235351562,64.436767578125,59.262664794921875,0.8620848655700684
1679,324,398.0801696777344,129.25314331054688,87.97113037109375,90.1226806640625,0.8332436680793762
1679,326,617.9573974609375,67.83245086669922,66.87200927734375,62.20490264892578,0.7271024584770203
1680,324,393.6205139160156,134.68609619140625,91.01870727539062,93.69001770019531,0.8454969525337219
1680,326,618.1362915039062,70.79301452636719,66.93212890625,62.753631591796875,0.6938946843147278
1681,324,389.2353820800781,141.0747833251953,93.30014038085938,96.49996948242188,0.8228133320808411
1681,326,618.3038940429688,73.19158172607422,67.5211181640625,63.74272918701172,0.6499642729759216
1682,324,384.5328063964844,146.93380737304688,96.5927734375,100.18710327148438,0.7973493337631226
1682,326,620.2149047851562,78.17742919921875,66.34014892578125,62.84132385253906,0.633364200592041
1683,324,379.6458740234375,152.8076934814453,99.3018798828125,103.48603820800781,0.7647895812988281
1683,326,620.1671752929688,80.30662536621094,69.095947265625,66.10043334960938,0.6433172821998596
1684,324,374.69427490234375,160.37974548339844,101.46295166015625,106.11695861816406,0.8297629356384277
1684,326,621.6410522460938,83.67464447021484,68.416015625,65.60004425048828,0.6328312158584595
1685,324,368.774169921875,167.15927124023438,104.85293579101562,110.21975708007812,0.878290057182312
1685,326,621.8118896484375,86.71994018554688,69.9417724609375,67.4443359375,0.6479448676109314
1686,324,363.1651306152344,174.06515502929688,108.42007446289062,114.55584716796875,0.8723722100257874
1686,326,622.5891723632812,89.88370513916016,71.4093017578125,68.98323822021484,0.7444300055503845
1687,324,357.10662841796875,182.03858947753906,111.5072021484375,118.31990051269531,0.8275773525238037
1687,326,622.7103881835938,92.87662506103516,72.75408935546875,70.52648162841797,0.7345931529998779
1688,324,350.77392578125,189.69415283203125,115.53799438476562,123.39022827148438,0.8577192425727844
1688,326,622.6534423828125,96.20746612548828,74.27569580078125,72.39287567138672,0.6697340607643127
1689,324,342.9974670410156,198.3367462158203,119.85357666015625,128.7647247314453,0.7221736907958984
1689,326,624.2879638671875,100.4393310546875,74.2515869140625,72.62043762207031,0.6901891231536865
1690,324,335.6903991699219,206.38320922851562,125.25689697265625,135.53262329101562,0.7863205671310425
1690,326,624.8153686523438,103.50357818603516,76.1962890625,74.96634674072266,0.725945234298706
1691,324,327.40447998046875,215.81053161621094,130.4874267578125,142.18592834472656,0.8607125878334045
1691,326,625.942626953125,107.18677520751953,77.03057861328125,76.21736907958984,0.8343470692634583
1692,324,319.8457946777344,225.99905395507812,135.23672485351562,148.4476318359375,0.8813627362251282
1692,326,627.3074340820312,113.0014877319336,76.63873291015625,76.01482391357422,0.7933554649353027
1693,324,311.4744567871094,237.7787322998047,139.778076171875,154.43800354003906,0.9075969457626343
1693,326,627.8876342773438,116.18975067138672,78.31414794921875,77.88603973388672,0.7790234088897705
1694,324,301.8829650878906,249.2483673095703,145.50372314453125,161.83815002441406,0.8661139607429504
1694,326,628.3485717773438,121.09886932373047,79.71826171875,79.55855560302734,0.7830939888954163
1695,324,291.38653564453125,261.32952880859375,152.5330810546875,170.93887329101562,0.8784419894218445
1695,326,628.3887939453125,125.20854187011719,81.38165283203125,81.46810913085938,0.8154364824295044
1696,324,280.28265380859375,272.57598876953125,159.94329833984375,180.88101196289062,0.8243429660797119
1696,326,628.6748657226562,129.32894897460938,84.44488525390625,84.90029907226562,0.786417543888092
1697,324,267.9838562011719,286.2842712402344,167.86618041992188,191.5528564453125,0.837924599647522
1697,326,629.6182861328125,133.17848205566406,86.54132080078125,87.38777160644531,0.7159630060195923
1698,324,254.9231414794922,301.7870178222656,176.7102508544922,203.49838256835938,0.7202410697937012
1698,326,631.2427978515625,138.645751953125,88.16357421875,89.32022094726562,0.7840738892555237
1699,324,242.19911193847656,317.67755126953125,182.77784729003906,211.89263916015625,0.6722112894058228
1699,326,631.8157958984375,143.7470245361328,90.3814697265625,91.97502136230469,0.7389009594917297
1700,324,234.23861694335938,334.20343017578125,178.38204956054688,205.79656982421875,0.41244742274284363
1700,326,632.134033203125,148.49386596679688,93.08404541015625,95.23336791992188,0.7354440689086914
1701,324,228.66619873046875,354.342529296875,167.89993286132812,185.657470703125,0.5510323643684387
1701,326,632.4217529296875,154.20066833496094,95.360595703125,98.06599426269531,0.8152880668640137
1702,324,226.3349151611328,375.19073486328125,154.98789978027344,164.80926513671875,0.7370728254318237
1702,326,633.646240234375,160.3490753173828,97.933837890625,101.16404724121094,0.803363561630249
1703,324,220.12564086914062,397.69024658203125,142.09967041015625,142.30975341796875,0.482115775346756
1703,326,635.0592041015625,167.1244354248047,99.285400390625,102.97480773925781,0.7831897139549255
1704,324,225.09310913085938,422.0798034667969,125.67214965820312,117.92019653320312,0.636070191860199
1704,326,636.7689819335938,173.8824462890625,101.78265380859375,105.94949340820312,0.7733736634254456
1705,324,231.5460662841797,449.34942626953125,105.05067443847656,90.65057373046875,0.4717617630958557
1705,326,638.4796752929688,180.6336212158203,104.48760986328125,109.09324645996094,0.7294110059738159
1706,326,639.9534301757812,189.0443878173828,106.77471923828125,111.58189392089844,0.6456249952316284
1707,326,640.8721923828125,195.9529266357422,110.75750732421875,116.32649230957031,0.6428061127662659
1708,326,642.81689453125,203.2600860595703,113.81048583984375,120.15959167480469,0.7171629667282104
1709,326,644.8225708007812,212.30018615722656,116.6708984375,123.57295227050781,0.7850658893585205
1709,332,372.3570556640625,2.759302854537964,44.2274169921875,26.492063522338867,0.44066479802131653
1710,326,646.15087890625,220.19407653808594,120.46124267578125,128.03147888183594,0.6510958075523376
1710,332,370.6118469238281,2.8411052227020264,45.78271484375,27.463029861450195,0.4050072133541107
1711,326,647.205322265625,229.21041870117188,125.21075439453125,133.75411987304688,0.7402280569076538
1711,332,368.63995361328125,2.3078906536102295,48.1304931640625,28.954021453857422,0.4758729338645935
1712,326,648.4319458007812,238.510498046875,129.30792236328125,138.78323364257812,0.7940334677696228
1712,332,366.8883972167969,1.9091774225234985,50.19525146484375,30.294095993041992,0.5178725719451904
1713,326,650.1734008789062,249.60862731933594,134.1141357421875,144.7648468017578,0.8154676556587219
1713,332,363.55584716796875,1.5856937170028687,52.613525390625,31.921157836914062,0.4560451805591583
1714,326,652.2911987304688,260.22100830078125,138.83941650390625,150.74761962890625,0.731162965297699
1714,332,361.3995361328125,1.4844238758087158,54.252471923828125,33.1375732421875,0.4528941214084625
1715,326,653.350830078125,270.98089599609375,145.2528076171875,159.04754638671875,0.7416544556617737
1715,332,358.4920959472656,1.6469391584396362,57.016204833984375,35.13319778442383,0.6067412495613098
1716,326,656.0548706054688,283.38006591796875,149.21429443359375,164.39910888671875,0.6154063940048218
1716,332,355.87213134765625,1.8242977857589722,59.01470947265625,36.738616943359375,0.6968680620193481
1717,326,657.9937133789062,294.9906921386719,155.82562255859375,173.03103637695312,0.7254242897033691
1717,332,354.8778991699219,2.358895778656006,60.162322998046875,37.848514556884766,0.4995687007904053
1718,326,659.8741455078125,308.64788818359375,162.63616943359375,182.0035400390625,0.7608453631401062
1718,332,353.1788635253906,2.60918927192688,60.62030029296875,38.63469696044922,0.6837002038955688
1719,326,661.6318359375,320.62640380859375,171.1824951171875,193.40460205078125,0.9040342569351196
1719,332,349.8905944824219,2.2196226119995117,63.256072998046875,41.053218841552734,0.6673270463943481
1720,326,665.8513793945312,334.123291015625,175.18658447265625,199.26873779296875,0.7814211845397949
1720,332,349.5334777832031,3.5330357551574707,62.576995849609375,41.21894073486328,0.7313380241394043
1721,326,675.29833984375,349.37200927734375,169.1121826171875,190.62799072265625,0.6659971475601196
1721,332,347.3248596191406,4.279674053192139,63.500946044921875,42.36357879638672,0.697550356388092
1722,326,686.2108764648438,365.8236999511719,159.55023193359375,174.17630004882812,0.6007930636405945
1722,332,345.16351318359375,6.332823276519775,63.291595458984375,42.779537200927734,0.7281242609024048
1723,326,695.9694213867188,382.4381103515625,149.753173828125,157.5618896484375,0.6241409778594971
1723,332,344.7228088378906,9.469566345214844,60.364898681640625,41.234458923339844,0.6744176745414734
1724,326,706.08447265625,401.7583312988281,136.6890869140625,138.24166870117188,0.45027369260787964
1724,332,343.9132995605469,12.534318923950195,58.91046142578125,40.64237976074219,0.7515982985496521
1724,336,532.8670654296875,13.42773151397705,41.2642822265625,15.01124095916748,0.40824565291404724
1725,326,714.30517578125,421.45208740234375,123.96051025390625,118.54791259765625,0.5087378621101379
1725,332,344.1252136230469,14.912468910217285,56.6776123046875,39.47315216064453,0.7374358177185059
1725,336,531.2257690429688,13.479082107543945,44.92724609375,16.399808883666992,0.4182736277580261
1726,326,726.2105102539062,443.40338134765625,107.68585205078125,96.59661865234375,0.6201764941215515
1726,332,342.0453796386719,17.37983512878418,55.9693603515625,39.18378448486328,0.7245738506317139
1726,336,528.0926513671875,13.799312591552734,50.22137451171875,18.461505889892578,0.4486885666847229
1727,326,736.6829833984375,468.2704162597656,90.126220703125,71.72958374023438,0.4669319987297058
1727,332,338.01031494140625,18.767274856567383,58.517303466796875,41.19297790527344,0.8163061738014221
1727,336,526.4260864257812,13.970640182495117,53.23486328125,19.76734733581543,0.5164323449134827
1728,332,334.7619323730469,19.96106719970703,60.390838623046875,42.89400100708008,0.806117832660675
1728,336,524.893310546875,14.018537521362305,56.971435546875,21.43971824645996,0.5596073269844055
1729,332,332.45635986328125,21.733097076416016,60.683563232421875,43.28615188598633,0.7380933165550232
1729,336,522.0892333984375,14.133427619934082,61.9649658203125,23.711376190185547,0.5010855197906494
1730,332,330.6878662109375,23.667118072509766,59.995391845703125,42.93758773803711,0.7555020451545715
1730,336,520.1043090820312,14.667945861816406,65.1322021484375,25.462268829345703,0.6494010090827942
1731,332,328.6285095214844,25.939546585083008,60.33587646484375,43.275421142578125,0.8046370148658752
1731,336,518.605712890625,14.924393653869629,66.75543212890625,26.691104888916016,0.6636293530464172
1731,340,447.6986389160156,13.247865676879883,34.954803466796875,15.800434112548828,0.4117768704891205
1732,332,326.361083984375,27.307411193847656,61.08843994140625,43.95814514160156,0.7633323669433594
1732,336,515.8402099609375,14.8081693649292,70.71527099609375,29.032611846923828,0.6704519987106323
1732,340,444.141357421875,13.043644905090332,38.76806640625,17.538909912109375,0.5276464223861694
1733,332,324.3445129394531,28.916423797607422,61.55328369140625,44.508235931396484,0.7800007462501526
1733,336,514.6268920898438,14.314431190490723,72.53814697265625,30.64984893798828,0.6525191068649292
1733,340,444.37451171875,13.245329856872559,39.036224365234375,17.652496337890625,0.376308798789978
1734,332,321.2071533203125,30.43060302734375,63.666656494140625,46.41802978515625,0.7989190220832825
1734,336,513.0278930664062,14.712688446044922,74.8197021484375,32.64427185058594,0.6822949051856995
1734,340,443.14910888671875,13.663382530212402,40.500030517578125,18.316707611083984,0.3620409071445465
1735,332,318.8743896484375,32.0197868347168,63.77685546875,46.41730880737305,0.7952377200126648
1735,336,511.38861083984375,14.325836181640625,78.5338134765625,35.5316162109375,0.7755740880966187
1735,340,441.1113586425781,13.669951438903809,43.88287353515625,19.888526916503906,0.5196622014045715
1736,332,316.1139221191406,33.79244613647461,64.69381713867188,47.136714935302734,0.7797643542289734
1736,336,510.6029968261719,14.428359985351562,79.90518188476562,37.533843994140625,0.82098788022995
1736,340,439.10589599609375,13.826927185058594,46.136505126953125,20.98194122314453,0.5559188723564148
1737,332,313.314208984375,36.14794921875,64.35491943359375,47.00129699707031,0.7002744674682617
1737,336,510.1021423339844,14.721654891967773,80.03005981445312,39.04718780517578,0.7996480464935303
1737,340,436.3371887207031,13.707788467407227,48.922698974609375,22.43767738342285,0.596636950969696
1738,332,308.94085693359375,38.6276969909668,65.66696166992188,48.08024215698242,0.7860405445098877
1738,336,509.61590576171875,15.165507316589355,79.1441650390625,40.126007080078125,0.8235726356506348
1738,340,432.76885986328125,13.706618309020996,53.707275390625,24.898311614990234,0.6470335125923157
1739,332,305.9267272949219,40.6154899597168,65.75619506835938,48.183956146240234,0.8049538731575012
1739,336,508.8084716796875,15.548897743225098,80.5648193359375,42.53782653808594,0.8084832429885864
1739,340,429.5630187988281,13.639898300170898,58.29608154296875,27.398500442504883,0.7032710909843445
1740,332,303.3067321777344,43.0126838684082,65.86181640625,48.19657516479492,0.755524754524231
1740,336,508.8390808105469,16.831275939941406,80.09725952148438,43.9913215637207,0.8102689385414124
1740,340,427.0365295410156,13.58920669555664,60.92413330078125,29.14023208618164,0.6954158544540405
1741,332,300.019287109375,44.70692825317383,67.18887329101562,49.26706314086914,0.7805984616279602
1741,336,510.19415283203125,19.44277572631836,77.14923095703125,43.94990921020508,0.8208601474761963
1741,340,424.1477966308594,13.629866600036621,63.945770263671875,31.211143493652344,0.6885940432548523
1742,332,297.2596130371094,47.10885238647461,67.49041748046875,49.56227493286133,0.8093587160110474
1742,336,511.4848937988281,22.652332305908203,73.90451049804688,43.51144027709961,0.8093041777610779
1742,340,421.9562683105469,14.386712074279785,65.8043212890625,32.882720947265625,0.6401324272155762
1743,332,294.37396240234375,49.1660270690918,68.22320556640625,50.21464157104492,0.6935199499130249
1743,336,510.9539489746094,24.45352554321289,73.41921997070312,44.67905807495117,0.8137580156326294
1743,340,419.8385009765625,14.46284008026123,67.49722290039062,34.61042404174805,0.7592991590499878
1744,332,290.29315185546875,51.709835052490234,68.5826416015625,50.3118782043457,0.745425820350647
1744,336,509.4781799316406,25.423999786376953,74.59695434570312,46.9979362487793,0.799407958984375
1744,340,417.6795349121094,14.744214057922363,69.38430786132812,36.645790100097656,0.8482553958892822
1745,332,287.4119873046875,54.182960510253906,69.32888793945312,50.743247985839844,0.7390262484550476
1745,336,509.37744140625,27.331233978271484,74.46881103515625,48.36521530151367,0.8543378114700317
1745,340,415.5099182128906,15.122593879699707,71.97195434570312,39.133201599121094,0.7978910207748413
1746,332,284.64520263671875,55.97758483886719,70.53472900390625,51.756446838378906,0.7608009576797485
1746,336,509.21942138671875,28.931482315063477,73.50860595703125,49.087432861328125,0.8406498432159424
1746,340,414.4958801269531,15.934682846069336,71.103515625,39.77337646484375,0.8353444933891296
1747,332,280.5946350097656,58.31267547607422,72.37625122070312,53.164520263671875,0.6922904253005981
1747,336,510.0542907714844,31.335451126098633,70.85092163085938,48.48515319824219,0.8438816666603088
1747,340,412.7001953125,16.853784561157227,70.94464111328125,40.84187316894531,0.8506356477737427
1747,342,600.8324584960938,13.449892044067383,46.49407958984375,16.52767562866211,0.5443011522293091
1748,332,276.7035827636719,60.789363861083984,72.67300415039062,53.32150650024414,0.8264877796173096
1748,336,510.2919616699219,32.89085006713867,69.40988159179688,48.5615348815918,0.834999680519104
1748,340,410.3449401855469,18.194499969482422,70.91949462890625,42.002071380615234,0.7892433404922485
1748,342,600.4720458984375,14.230727195739746,47.80572509765625,17.035293579101562,0.6049713492393494
1749,332,273.12603759765625,63.12109375,74.105712890625,54.45018005371094,0.8213772177696228
1749,336,509.7218017578125,34.99794006347656,68.57177734375,48.926490783691406,0.8630678653717041
1749,340,408.8851623535156,19.46829605102539,70.59036254882812,42.9337043762207,0.8125069737434387
1749,342,599.196533203125,14.049572944641113,51.484375,18.4505615234375,0.6373017430305481
1750,332,269.4779968261719,65.9500961303711,75.11248779296875,55.306640625,0.7404443025588989
1750,336,509.3773193359375,37.071746826171875,68.0281982421875,49.44770812988281,0.868564784526825
1750,340,408.45745849609375,21.900962829589844,68.34100341796875,42.54756164550781,0.7902846336364746
1750,342,597.2244873046875,13.864702224731445,56.49542236328125,20.457735061645508,0.6174112558364868
1751,332,264.2820129394531,68.13934326171875,76.79440307617188,56.53163146972656,0.7394191026687622
1751,336,508.19677734375,38.80099105834961,68.8641357421875,51.07784652709961,0.8481959700584412
1751,340,408.1191711425781,24.01323127746582,67.03219604492188,42.65058898925781,0.7733476161956787
1751,342,596.0374755859375,14.2113618850708,59.54107666015625,21.857749938964844,0.5682380199432373
1752,332,260.22515869140625,71.07323455810547,78.24957275390625,57.520790100097656,0.8046333193778992
1752,336,508.2516784667969,41.36423110961914,68.39077758789062,51.752010345458984,0.8274990916252136
1752,340,405.8330993652344,25.004486083984375,68.6661376953125,44.834129333496094,0.8342539668083191
1752,342,594.4635620117188,15.137737274169922,63.53082275390625,23.752056121826172,0.6456498503684998
1753,332,256.2250061035156,73.68213653564453,79.46157836914062,58.42664337158203,0.7770372033119202
1753,336,507.30743408203125,43.65837478637695,69.45745849609375,53.56184005737305,0.8378877639770508
1753,340,403.99102783203125,26.978633880615234,67.91021728515625,45.40253829956055,0.8175936937332153
1753,342,593.6090087890625,15.546895980834961,66.25433349609375,25.313020706176758,0.6156336665153503
1754,332,251.70452880859375,76.4210205078125,81.2120361328125,59.77088928222656,0.7543688416481018
1754,336,506.8987731933594,46.46209716796875,69.23806762695312,54.3135986328125,0.8909977078437805
1754,340,402.4855651855469,30.024843215942383,68.33279418945312,46.6121826171875,0.8478102684020996
1754,342,593.6069946289062,15.626016616821289,67.89300537109375,26.57904624938965,0.6440867781639099
1755,332,247.48902893066406,79.16981506347656,82.18949890136719,60.57429504394531,0.8115758895874023
1755,336,506.3874206542969,49.134864807128906,69.14901733398438,55.17344665527344,0.8859394192695618
1755,340,400.9613342285156,31.42378044128418,68.56570434570312,47.669273376464844,0.838491678237915
1755,342,593.3297119140625,15.658574104309082,69.73382568359375,28.08697509765625,0.6413712501525879
1756,332,242.09771728515625,81.62899780273438,84.24819946289062,62.15753173828125,0.7516664862632751
1756,336,506.72869873046875,51.59380340576172,67.9732666015625,55.0343017578125,0.8456452488899231
1756,340,400.1928405761719,34.04164505004883,67.73477172851562,47.91765213012695,0.7841786742210388
1756,342,592.161865234375,15.786673545837402,72.9622802734375,30.34334945678711,0.5889655351638794
1757,332,236.7510986328125,83.86153411865234,86.68124389648438,64.09021759033203,0.7278791069984436
1757,336,505.6806335449219,54.1069221496582,68.95925903320312,56.72507095336914,0.835887610912323
1757,340,399.4206237792969,36.207122802734375,66.64453125,47.77986145019531,0.8122507333755493
1757,342,591.2183837890625,15.640732765197754,75.412109375,32.4395866394043,0.5554601550102234
1758,332,232.49725341796875,87.30848693847656,86.93994140625,64.29856872558594,0.6957219839096069
1758,336,504.63226318359375,56.54172134399414,69.88604736328125,58.3878288269043,0.8625465035438538
1758,340,397.27618408203125,38.200992584228516,66.14260864257812,48.23130416870117,0.7278773784637451
1758,342,589.53466796875,15.206622123718262,79.84130859375,35.6805534362793,0.7088251113891602
1759,332,227.90597534179688,91.29673767089844,88.04400634765625,65.1859130859375,0.834407389163971
1759,336,503.4002380371094,59.47500991821289,70.40274047851562,59.81789016723633,0.791039764881134
1759,340,395.0086975097656,40.19767379760742,65.94268798828125,48.8224983215332,0.7072157859802246
1759,342,588.8429565429688,15.069136619567871,82.09869384765625,38.19267272949219,0.7897617816925049
1760,332,223.6551055908203,95.29156494140625,88.92536926269531,65.91824340820312,0.7841284871101379
1760,336,501.86309814453125,62.173954010009766,71.5758056640625,61.79560470581055,0.7996957302093506
1760,340,393.7970275878906,42.42727279663086,66.12493896484375,49.32976150512695,0.7544711232185364
1760,342,589.2305908203125,15.355009078979492,82.561279296875,39.972076416015625,0.793891966342926
1761,332,217.88632202148438,98.54936218261719,90.70867919921875,67.09994506835938,0.7628294229507446
1761,336,501.0638122558594,65.28742218017578,71.02938842773438,61.92753601074219,0.8499167561531067
1761,340,391.3405456542969,45.72964096069336,65.93841552734375,49.645450592041016,0.6931032538414001
1761,342,589.6686401367188,16.317031860351562,82.41448974609375,41.52142333984375,0.791382908821106
1762,332,211.59466552734375,101.86454010009766,93.08645629882812,68.8898696899414,0.7701308727264404
1762,336,500.08935546875,68.83545684814453,70.89599609375,62.345298767089844,0.7849414348602295
1762,340,387.2588806152344,48.015296936035156,66.1912841796875,50.726707458496094,0.6398870348930359
1762,342,590.2835693359375,17.12748908996582,82.1348876953125,42.991844177246094,0.7159419059753418
1763,332,205.70895385742188,104.86004638671875,94.46322631835938,69.92317199707031,0.8026028275489807
1763,336,498.25958251953125,72.27749633789062,72.08721923828125,64.1160888671875,0.7590914964675903
1763,340,384.6630554199219,50.0279541015625,66.515625,51.84596252441406,0.7203828692436218
1763,342,589.7020263671875,18.760784149169922,83.776611328125,45.59865951538086,0.6956016421318054
1764,332,199.7924346923828,108.45597076416016,96.77381896972656,71.59412384033203,0.8113987445831299
1764,336,497.0976867675781,75.42296600341797,72.30490112304688,64.85242462158203,0.7994714975357056
1764,340,382.0592956542969,51.76304244995117,67.6466064453125,53.28012466430664,0.7534117102622986
1764,342,591.6253051757812,21.454051971435547,81.08831787109375,45.69462203979492,0.7174317836761475
1765,332,193.83607482910156,112.54916381835938,98.59556579589844,72.98886108398438,0.7962154150009155
1765,336,494.7004089355469,78.97663879394531,74.72616577148438,67.87362670898438,0.8495630621910095
1765,340,379.8758239746094,54.39297103881836,68.27133178710938,54.20944595336914,0.7279788255691528
1765,342,592.3543701171875,23.798828125,80.66778564453125,47.151336669921875,0.7245588302612305
1766,332,187.470703125,116.66996765136719,100.14932250976562,74.04994201660156,0.6967781782150269
1766,336,493.9325866699219,81.48606872558594,75.16909790039062,68.98713684082031,0.7753804922103882
1766,340,377.47125244140625,57.78680419921875,68.20199584960938,54.581016540527344,0.7569316029548645
1766,342,593.875,26.215665817260742,78.5404052734375,47.474464416503906,0.7092955112457275
1767,332,180.98963928222656,120.70198059082031,103.06782531738281,76.25169372558594,0.7797288298606873
1767,336,491.4124450683594,85.3936538696289,76.16860961914062,70.4753189086914,0.7656095623970032
1767,340,375.01312255859375,60.181495666503906,68.58224487304688,55.46369171142578,0.7600709199905396
1767,342,594.58251953125,28.365785598754883,77.8297119140625,48.60999298095703,0.71388840675354
1767,345,485.2395324707031,13.805988311767578,41.511627197265625,14.639448165893555,0.5188580751419067
1768,332,174.819580078125,124.8479995727539,104.23287963867188,77.06554412841797,0.7710715532302856
1768,336,489.710693359375,88.95591735839844,76.8717041015625,71.76084899902344,0.8295950293540955
1768,340,370.6495361328125,62.82228469848633,71.06729125976562,58.13444137573242,0.7807403802871704
1768,342,595.8709716796875,30.622522354125977,76.02191162109375,48.8883056640625,0.7033236622810364
1768,345,483.83660888671875,13.938693046569824,43.5313720703125,15.392840385437012,0.5497206449508667
1769,332,168.10394287109375,129.06639099121094,106.09439086914062,78.43524169921875,0.785834550857544
1769,336,488.5137939453125,93.26213073730469,77.6729736328125,73.21037292480469,0.7914106845855713
1769,340,366.700439453125,64.8912124633789,73.31607055664062,60.61631774902344,0.8172197341918945
1769,342,597.2225341796875,33.32746505737305,74.8172607421875,49.49972915649414,0.7930649518966675
1769,345,481.4872741699219,14.078341484069824,46.418426513671875,16.505821228027344,0.5805900692939758
1770,332,160.27883911132812,132.7682342529297,109.36520385742188,80.98635864257812,0.8095734119415283
1770,336,486.6351013183594,97.30802154541016,79.65664672851562,75.85620880126953,0.8362454175949097
1770,340,364.47174072265625,68.79337310791016,72.6741943359375,60.440879821777344,0.7371619939804077
1770,342,598.6507568359375,35.49423599243164,73.11004638671875,49.54330062866211,0.6988719701766968
1770,345,477.6016845703125,14.2698335647583,51.57525634765625,18.500350952148438,0.5805433988571167
1771,332,153.2872772216797,137.65159606933594,111.10029602050781,82.32366943359375,0.7430005073547363
1771,336,484.7569580078125,101.77421569824219,80.32305908203125,77.21957397460938,0.8011847734451294
1771,340,361.5787658691406,71.70460510253906,73.78680419921875,61.76678466796875,0.7525830268859863
1771,342,599.6073608398438,38.11267852783203,72.30914306640625,50.263946533203125,0.6228153705596924
1771,345,474.43975830078125,14.382518768310547,54.616943359375,19.796512603759766,0.5760811567306519
1772,332,145.48257446289062,142.60626220703125,113.61013793945312,83.94442749023438,0.7839468121528625
1772,336,484.2035217285156,106.36997985839844,80.16915893554688,77.52336120605469,0.8403618335723877
1772,340,358.541748046875,75.2177963256836,74.20684814453125,62.299964904785156,0.7150413990020752
1772,342,601.369140625,40.73995590209961,71.6722412109375,51.09537124633789,0.6005411744117737
1772,345,472.354736328125,14.431473731994629,56.89202880859375,20.88753890991211,0.5694224834442139
1773,332,137.70501708984375,146.7431640625,115.91004943847656,85.46778869628906,0.788349986076355
1773,336,481.9053649902344,110.00983428955078,82.43380737304688,80.4981460571289,0.8643620610237122
1773,340,355.09710693359375,78.08783721923828,74.68408203125,62.89624786376953,0.6618989706039429
1773,342,602.3843994140625,43.402984619140625,71.47637939453125,52.257591247558594,0.5639320015907288
1773,345,469.34478759765625,14.69311809539795,61.9586181640625,23.16079330444336,0.5311352610588074
1774,332,130.28993225097656,151.78274536132812,117.71566772460938,86.45570373535156,0.760465681552887
1774,336,479.4099426269531,114.0967788696289,83.72573852539062,82.43346405029297,0.8410910367965698
1774,340,350.9577941894531,81.83193969726562,76.8404541015625,65.17063903808594,0.5740970373153687
1774,342,604.0712890625,45.809452056884766,71.23333740234375,53.1639518737793,0.6651092171669006
1774,345,466.0570373535156,14.866216659545898,66.15896606445312,25.25963020324707,0.6164926290512085
1775,332,121.53568267822266,156.4405517578125,120.86571502685547,88.54339599609375,0.7421161532402039
1775,336,476.89654541015625,119.03913879394531,85.30059814453125,84.69631958007812,0.840532124042511
1775,340,347.5548400878906,84.71380615234375,77.84835815429688,66.33979797363281,0.7644716501235962
1775,342,605.5928955078125,47.95280075073242,69.8643798828125,53.062679290771484,0.5867802500724792
1775,345,463.2833557128906,14.590888977050781,68.94985961914062,26.961532592773438,0.5910530686378479
1776,332,112.46502685546875,162.83462524414062,124.19906616210938,90.81510925292969,0.5678834915161133
1776,336,475.0770263671875,124.0605239868164,86.0384521484375,86.0093765258789,0.8297619819641113
1776,340,343.41156005859375,88.0216064453125,79.9326171875,68.49124145507812,0.7325201034545898
1776,342,606.2408447265625,50.86835479736328,71.45880126953125,55.348358154296875,0.588071346282959
1776,345,461.9076843261719,14.703353881835938,69.74423217773438,27.98456573486328,0.5574474930763245
1777,332,104.6617660522461,168.20932006835938,126.1115951538086,92.05844116210938,0.7439452409744263
1777,336,472.1315002441406,128.950439453125,88.32785034179688,89.04061889648438,0.8473983407020569
1777,340,339.68408203125,91.98603057861328,82.02279663085938,70.49724578857422,0.7431904077529907
1777,342,607.5657958984375,55.105552673339844,70.439453125,55.5372314453125,0.6700906753540039
1777,345,459.6141052246094,14.619733810424805,72.78768920898438,30.06751823425293,0.6420235633850098
1778,332,94.53089141845703,173.15797424316406,130.21560668945312,94.92601013183594,0.5760864615440369
1778,336,470.2807312011719,135.0249786376953,89.63156127929688,91.07539367675781,0.8240125775337219
1778,340,334.76141357421875,95.67308044433594,84.876708984375,73.31158447265625,0.7362748980522156
1778,342,608.365966796875,56.98759841918945,69.68255615234375,55.82148361206055,0.6817517876625061
1778,345,457.1658020019531,13.753682136535645,76.89804077148438,32.91423034667969,0.6783275604248047
1779,332,84.90071868896484,179.1848602294922,133.82882690429688,97.32060241699219,0.666376531124115
1779,336,467.7201232910156,141.1626739501953,90.18997192382812,91.94407653808594,0.8366071581840515
1779,340,330.5615539550781,99.23887634277344,87.150390625,75.70111083984375,0.6765441298484802
1779,342,608.5902099609375,60.57564163208008,71.23486328125,58.01169967651367,0.6002503633499146
1779,345,455.3791809082031,13.589198112487793,79.93405151367188,35.56354522705078,0.7568019032478333
1779,354,436.7856140136719,13.674642562866211,33.769317626953125,14.17713737487793,0.5297877192497253
1780,332,73.9603500366211,185.262451171875,138.75045776367188,100.85873413085938,0.5930036306381226
1780,336,464.8163757324219,147.11773681640625,92.56692504882812,94.77085876464844,0.8287897706031799
1780,340,327.0070495605469,103.26885986328125,86.759521484375,75.52947998046875,0.7710397839546204
1780,342,609.4793090820312,63.79673767089844,71.91729736328125,59.45262145996094,0.5996295809745789
1780,345,455.0453186035156,14.095440864562988,80.86813354492188,37.4810791015625,0.7833098769187927
1780,354,433.8782043457031,13.926106452941895,37.010162353515625,15.554606437683105,0.5798086524009705
1781,332,62.579185485839844,191.14706420898438,143.37921142578125,104.14712524414062,0.5721810460090637
1781,336,461.98077392578125,152.78062438964844,95.03448486328125,97.66996765136719,0.8269245624542236
1781,340,322.9933166503906,108.00492095947266,86.94192504882812,75.7791519165039,0.7723915576934814
1781,342,610.3826904296875,67.72985076904297,72.09332275390625,60.421531677246094,0.5183476209640503
1781,345,454.93707275390625,14.453536987304688,80.55059814453125,38.94802474975586,0.7188882231712341
1781,354,431.0735168457031,13.655050277709961,40.700225830078125,17.14809226989746,0.5201154947280884
1782,332,51.32231140136719,197.72103881835938,147.97756958007812,107.35748291015625,0.5663991570472717
1782,336,458.93316650390625,159.13319396972656,98.0599365234375,101.24510192871094,0.781704306602478
1782,340,320.199951171875,112.90935516357422,85.49081420898438,74.23551177978516,0.6686899065971375
1782,342,611.1873168945312,71.19599151611328,72.93426513671875,61.914100646972656,0.5313219428062439
1782,345,454.1453552246094,15.32198429107666,80.17013549804688,40.464351654052734,0.7652495503425598
1782,354,426.6817321777344,13.458399772644043,46.360137939453125,19.70086669921875,0.5681490898132324
1782,361,50.26877975463867,196.816650390625,150.49197387695312,108.24734497070312,0.5451622605323792
1783,332,39.19514846801758,204.1039581298828,152.7793731689453,110.76011657714844,0.503847062587738
1783,336,454.4067077636719,166.1804962158203,100.00003051757812,103.21531677246094,0.8223263025283813
1783,340,313.263671875,117.69388580322266,89.6856689453125,77.99945831298828,0.6712176203727722
1783,342,613.1228637695312,74.5484390258789,71.88140869140625,61.438316345214844,0.4751969575881958
1783,345,454.4584045410156,16.3834285736084,78.82052612304688,41.476783752441406,0.7215436100959778
1783,354,423.6395568847656,13.324514389038086,49.24847412109375,21.141923904418945,0.5355380177497864
1783,361,37.850433349609375,205.618896484375,152.89193725585938,109.95315551757812,0.5153509974479675
1784,336,451.0565490722656,172.75778198242188,102.36471557617188,105.840576171875,0.791408896446228
1784,340,307.4858093261719,121.77525329589844,92.33746337890625,80.43011474609375,0.7058107256889343
1784,342,613.9267578125,79.11884307861328,73.43359375,63.389915466308594,0.6513100266456604
1784,345,453.91326904296875,16.949047088623047,79.05621337890625,43.34959411621094,0.7789077758789062
1784,354,421.7029113769531,13.336219787597656,51.221771240234375,22.274959564208984,0.5915920734405518
1784,366,536.6583862304688,14.016580581665039,46.45855712890625,18.420915603637695,0.5036742091178894
1785,336,447.99114990234375,178.5885467529297,106.21380615234375,110.39338684082031,0.783954381942749
1785,340,302.2787170410156,126.53599548339844,94.50213623046875,82.31060791015625,0.8061113953590393
1785,342,614.1957397460938,82.72958374023438,75.0889892578125,65.39039611816406,0.6533589363098145
1785,345,453.1761169433594,18.2550106048584,78.43502807617188,44.75470733642578,0.7582921981811523
1785,354,419.1333923339844,13.613022804260254,54.029571533203125,23.884986877441406,0.5691857933998108
1785,366,536.23583984375,14.330724716186523,48.2735595703125,19.1934871673584,0.4937494695186615
1785,332,14.348331451416016,218.39002990722656,162.75485229492188,118.10545349121094,0.6316424608230591
1786,336,444.3840637207031,187.1078338623047,109.00875854492188,113.86082458496094,0.7894918322563171
1786,340,296.4826354980469,131.08575439453125,96.863525390625,84.66117858886719,0.7450065016746521
1786,342,614.989990234375,86.22686767578125,76.234130859375,66.9327392578125,0.5945870876312256
1786,345,452.6158142089844,19.58808135986328,77.36953735351562,45.82170867919922,0.7261891961097717
1786,354,416.63433837890625,14.013936042785645,57.3167724609375,25.885234832763672,0.6110959649085999
1786,366,535.4512329101562,14.285966873168945,49.84808349609375,19.91520118713379,0.612158477306366
1786,369,1.7938649654388428,225.42115783691406,168.7689971923828,122.51060485839844,0.5230059027671814
1786,332,1.5219377279281616,226.07972717285156,167.73069763183594,121.99470520019531,0.5634706020355225
1787,336,439.4561767578125,194.75994873046875,113.05474853515625,118.70999145507812,0.7177060842514038
1787,340,290.5390930175781,136.02207946777344,97.49972534179688,85.24295043945312,0.822089672088623
1787,342,614.6494140625,90.33965301513672,79.36065673828125,70.17731475830078,0.741672933101654
1787,345,453.5502014160156,21.86441993713379,73.94308471679688,45.234458923339844,0.7183580994606018
1787,354,413.9925842285156,14.330345153808594,58.782470703125,27.1624755859375,0.6862470507621765
1787,366,534.192138671875,14.285520553588867,52.47021484375,21.125703811645508,0.7258033752441406
1787,371,605.05029296875,13.678600311279297,42.8994140625,15.700113296508789,0.49237266182899475
1788,336,435.7232360839844,202.3819580078125,115.96871948242188,122.30093383789062,0.8443800806999207
1788,340,285.1445617675781,142.744140625,99.13095092773438,86.69828796386719,0.7096558213233948
1788,342,614.2908325195312,94.23622131347656,81.3189697265625,72.17491149902344,0.7778910994529724
1788,345,453.1971435546875,23.30199432373047,72.26116943359375,45.64879608154297,0.6970650553703308
1788,354,411.8517150878906,14.523122787475586,60.491485595703125,28.588842391967773,0.7150314450263977
1788,366,533.5103149414062,14.49586296081543,53.603271484375,21.78602409362793,0.7181193828582764
1788,371,605.350830078125,13.97564697265625,44.42156982421875,16.273609161376953,0.49259573221206665
1788,332,0.0,242.1377410888672,161.82321166992188,130.95130920410156,0.7771254777908325
1789,336,430.84649658203125,211.44932556152344,120.47894287109375,127.68022155761719,0.8712202906608582
1789,340,278.0682678222656,147.966552734375,101.93548583984375,89.21044921875,0.7557322382926941
1789,342,614.9744873046875,98.80118560791016,82.10205078125,73.07451629638672,0.7544876933097839
1789,345,453.119384765625,25.571130752563477,71.12786865234375,46.410499572753906,0.7275002002716064
1789,354,410.0531921386719,14.686118125915527,62.291229248046875,30.151844024658203,0.7173267602920532
1789,366,529.8615112304688,14.431923866271973,60.4202880859375,24.993030548095703,0.8204012513160706
1789,371,603.6782836914062,13.66105842590332,47.8857421875,17.5855770111084,0.4843524098396301
1789,332,0.0,250.68115234375,159.40321350097656,138.06570434570312,0.8345881104469299
1790,336,425.8725280761719,220.94139099121094,124.14016723632812,132.2622528076172,0.8584725856781006
1790,340,271.60736083984375,154.52285766601562,103.58816528320312,90.66432189941406,0.7522261142730713
1790,342,616.6736450195312,103.36245727539062,84.378173828125,75.80233764648438,0.6737188696861267
1790,345,452.43109130859375,28.403696060180664,70.51702880859375,47.53907012939453,0.8155171871185303
1790,354,408.8719177246094,14.909029006958008,62.90313720703125,31.238191604614258,0.6648895144462585
1790,366,527.416015625,14.437878608703613,64.89654541015625,27.431541442871094,0.8305568099021912
1790,371,601.7089233398438,13.769303321838379,52.7520751953125,19.515789031982422,0.5466157793998718
1790,332,0.0,259.4932556152344,154.53895568847656,142.72885131835938,0.8119505047798157
1791,336,419.7430419921875,230.1470489501953,129.69793701171875,139.37901306152344,0.8900322318077087
1791,340,264.5251159667969,160.77134704589844,106.24136352539062,93.02241516113281,0.7848192453384399
1791,342,617.6273803710938,107.82156372070312,86.71466064453125,78.65982055664062,0.8052416443824768
1791,345,451.7485656738281,30.215707778930664,70.52230834960938,49.02252960205078,0.8643519878387451
1791,354,407.03369140625,14.768062591552734,64.56680297851562,32.95729446411133,0.665643036365509
1791,366,526.2659301757812,14.158661842346191,66.9959716796875,29.016998291015625,0.8254880309104919
1791,371,600.7000732421875,13.72150707244873,55.9224853515625,20.930404663085938,0.6130381226539612
1791,332,0.0,268.22882080078125,149.64382934570312,147.72702026367188,0.7807348370552063
1792,336,413.5738830566406,239.6797637939453,134.45388793945312,145.68727111816406,0.9189207553863525
1792,340,256.0955810546875,166.3412628173828,110.843994140625,97.16676330566406,0.7128660082817078
1792,342,618.2540893554688,112.68159484863281,89.11016845703125,81.45668029785156,0.7178905010223389
1792,345,451.78289794921875,32.42087173461914,68.8775634765625,49.2255973815918,0.8848193883895874
1792,354,404.7266845703125,14.427340507507324,66.01016235351562,34.700477600097656,0.6518539190292358
1792,366,524.6641845703125,13.633551597595215,70.2613525390625,31.311752319335938,0.7947078347206116
1792,371,600.4483642578125,13.93798828125,58.53094482421875,22.253562927246094,0.6008129715919495
1792,332,0.0,277.7212219238281,142.4486846923828,151.1361083984375,0.5877954959869385
1793,336,407.0879211425781,250.431396484375,139.26602172851562,152.1640625,0.8588539958000183
1793,340,248.057373046875,172.0099639892578,114.889892578125,100.97410583496094,0.7016951441764832
1793,342,619.7628173828125,118.51300048828125,91.16522216796875,84.24699401855469,0.7113999724388123
1793,345,451.0575256347656,35.57656478881836,67.15414428710938,49.074283599853516,0.8718802332878113
1793,354,401.3508605957031,13.735783576965332,70.371826171875,38.338470458984375,0.6229704022407532
1793,366,524.5552368164062,13.547286033630371,70.33343505859375,32.26602554321289,0.8182811737060547
1793,371,600.0076293945312,14.274200439453125,60.3177490234375,23.351757049560547,0.669812798500061
1793,332,0.0,287.6228332519531,133.9554443359375,152.82144165039062,0.7591588497161865
1794,336,399.01556396484375,261.2235412597656,145.6851806640625,160.71112060546875,0.853482723236084
1794,340,239.42745971679688,178.9397430419922,119.23806762695312,105.00617980957031,0.7061417698860168
1794,342,622.4132690429688,125.29833221435547,90.486083984375,84.14925384521484,0.6756369471549988
1794,345,450.4453430175781,38.47156524658203,66.11734008789062,49.342864990234375,0.8188876509666443
1794,354,398.20361328125,13.7230806350708,72.68722534179688,40.99943542480469,0.6744921803474426
1794,366,523.580322265625,14.15538215637207,72.29730224609375,34.255279541015625,0.747123658657074
1794,371,599.0097045898438,14.6512451171875,63.0758056640625,24.996910095214844,0.756239116191864
1794,373,922.647216796875,376.93206787109375,35.91339111328125,15.673583984375,0.3316860496997833
1795,336,391.30126953125,273.1145324707031,152.42724609375,169.823974609375,0.8198900818824768
1795,340,230.83197021484375,187.00103759765625,121.97216796875,107.5718994140625,0.715752363204956
1795,342,622.9135131835938,130.0699920654297,93.78375244140625,88.166259765625,0.7651820182800293
1795,345,448.5252990722656,39.958900451660156,67.15847778320312,51.111358642578125,0.8201607465744019
1795,354,396.8919372558594,13.609846115112305,72.22012329101562,42.131591796875,0.647395133972168
1795,366,522.0186767578125,14.08678913116455,74.870361328125,36.72897720336914,0.7537188529968262
1795,371,598.1528930664062,14.64193058013916,65.96026611328125,26.84383773803711,0.7431255578994751
1796,336,382.60736083984375,285.79083251953125,159.76605224609375,180.00759887695312,0.8327250480651855
1796,340,221.6497344970703,194.17205810546875,126.50688171386719,111.857177734375,0.717863917350769
1796,342,624.0087280273438,135.76437377929688,96.67694091796875,91.71406555175781,0.7149930000305176
1796,345,446.6309509277344,41.94540023803711,67.13278198242188,51.82162857055664,0.7927345037460327
1796,354,395.6917724609375,13.597721099853516,73.04757690429688,44.12633514404297,0.5760429501533508
1796,366,521.5130004882812,14.102766990661621,75.54742431640625,38.45984649658203,0.7940966486930847
1796,371,596.3143920898438,14.158039093017578,70.5306396484375,29.64468002319336,0.7048419117927551
1796,377,0.0,318.23626708984375,63.865074157714844,117.7188720703125,0.44443124532699585
1796,373,923.2794799804688,377.05126953125,35.381103515625,15.441619873046875,0.2514437437057495
1797,336,373.6507873535156,298.5454406738281,167.28884887695312,190.596923828125,0.880767285823822
1797,340,211.398193359375,202.4964141845703,131.204345703125,116.30439758300781,0.7268849611282349
1797,342,624.9785766601562,142.9808807373047,99.6444091796875,95.14570617675781,0.780218780040741
1797,345,444.73333740234375,44.315155029296875,67.92852783203125,53.27721405029297,0.8042441010475159
1797,354,394.0130615234375,13.672538757324219,74.34762573242188,46.467185974121094,0.6324560046195984
1797,366,521.4288330078125,14.309601783752441,75.20452880859375,39.73356246948242,0.8097735643386841
1797,371,595.1448364257812,14.970709800720215,73.1646728515625,31.79523468017578,0.6519541144371033
1797,377,0.0,332.30242919921875,52.24482727050781,105.72259521484375,0.4867427349090576
1798,336,364.22247314453125,312.93408203125,174.97833251953125,201.8590087890625,0.7859511971473694
1798,340,200.7860107421875,211.3253936767578,136.68569946289062,121.56721496582031,0.7453595995903015
1798,342,625.7991333007812,148.7744598388672,102.863037109375,99.08161926269531,0.6497379541397095
1798,345,444.162109375,47.244293212890625,67.03939819335938,53.340179443359375,0.6643319129943848
1798,354,392.4090881347656,13.977100372314453,73.9490966796875,47.79070281982422,0.6269596219062805
1798,366,521.4924926757812,14.750555992126465,74.83868408203125,41.035091400146484,0.8324751257896423
1798,371,594.3052368164062,15.040701866149902,75.642578125,34.071197509765625,0.7114322781562805
1798,377,0.0,344.4496154785156,41.39699172973633,95.74697875976562,0.5058047771453857
1799,336,356.3487548828125,327.6238098144531,177.6470947265625,206.15280151367188,0.7467995285987854
1799,340,190.3388214111328,220.6072235107422,140.56166076660156,124.95420837402344,0.5792635083198547
1799,342,628.0924072265625,155.4664306640625,104.74615478515625,101.75033569335938,0.7369635105133057
1799,345,442.318359375,50.027381896972656,67.54879760742188,54.470603942871094,0.6944089531898499
1799,354,390.6499328613281,13.85718822479248,74.71453857421875,49.978965759277344,0.6160170435905457
1799,366,521.7122802734375,15.014862060546875,73.72796630859375,41.95201110839844,0.774262547492981
1799,371,593.92626953125,14.37838077545166,77.62701416015625,36.28266525268555,0.703581690788269
1799,373,922.4736328125,376.5928039550781,36.86968994140625,16.153656005859375,0.2709021270275116
1800,336,352.87860107421875,342.7857666015625,171.496337890625,197.2142333984375,0.7713758945465088
1800,340,178.66854858398438,229.448486328125,146.20468139648438,130.213623046875,0.716105580329895
1800,342,629.4025268554688,162.9524383544922,107.40338134765625,105.03291320800781,0.7705754041671753
1800,345,441.7243347167969,52.54600524902344,67.12875366210938,54.882232666015625,0.7266941070556641
1800,354,388.0251770019531,13.9704008102417,76.41973876953125,52.91562271118164,0.678886890411377
1800,366,521.0361328125,15.301614761352539,74.5987548828125,44.05670166015625,0.7764711976051331
1800,371,593.1372680664062,13.251715660095215,80.87066650390625,39.32196044921875,0.7512072920799255
1801,336,351.1728515625,359.8077392578125,161.23724365234375,180.1922607421875,0.7662114500999451
1801,340,166.87432861328125,238.3165283203125,151.467041015625,135.06826782226562,0.7608271837234497
1801,342,631.27001953125,170.1307830810547,110.410400390625,108.99684143066406,0.7894120812416077
1801,345,440.90911865234375,54.969364166259766,67.20205688476562,55.73226547241211,0.7208771109580994
1801,354,386.92510986328125,14.312941551208496,76.27642822265625,54.52360534667969,0.7321142554283142
1801,366,520.6868896484375,15.344220161437988,75.43780517578125,46.24274444580078,0.7292072772979736
1801,371,593.8395385742188,13.481117248535156,81.41619873046875,41.117576599121094,0.7395426034927368
1802,336,352.1546936035156,379.2193603515625,149.31985473632812,160.7806396484375,0.6984919905662537
1802,340,153.55120849609375,249.0248260498047,158.46322631835938,141.54307556152344,0.8249198198318481
1802,342,633.267333984375,177.86326599121094,113.7076416015625,113.13426208496094,0.7238247394561768
1802,345,440.9166564941406,58.152015686035156,66.57305908203125,55.915283203125,0.6886696815490723
1802,354,385.52313232421875,15.18436336517334,76.11923217773438,56.142738342285156,0.70075923204422
1802,366,520.0779418945312,16.40566062927246,75.342529296875,47.98645782470703,0.6771486401557922
1802,371,594.7041625976562,14.180647850036621,80.8968505859375,42.4897575378418,0.6863847970962524
1803,336,349.41217041015625,399.781982421875,136.89743041992188,140.218017578125,0.6932377815246582
1803,340,139.33485412597656,259.9830322265625,165.57252502441406,148.24789428710938,0.8106180429458618
1803,342,635.3861083984375,187.1977996826172,116.2298583984375,116.40409851074219,0.7658191919326782
1803,345,439.14031982421875,60.86717224121094,67.24887084960938,57.012542724609375,0.6947176456451416
1803,354,383.11468505859375,15.560324668884277,77.35104370117188,58.98699951171875,0.6859104037284851
1803,366,521.6683349609375,19.125511169433594,71.81463623046875,47.29487609863281,0.6505914926528931
1803,371,593.7765502929688,14.373281478881836,82.85260009765625,45.31809997558594,0.6817079782485962
1804,336,358.8359375,422.1783447265625,122.5662841796875,117.8216552734375,0.7275518178939819
1804,340,124.4743881225586,271.4056396484375,174.35983276367188,156.8472900390625,0.9077067971229553
1804,342,636.0062866210938,195.27305603027344,121.909912109375,123.32518005371094,0.7394400238990784
1804,345,436.4941711425781,63.290924072265625,69.46823120117188,59.89934539794922,0.6429620385169983
1804,354,381.2909240722656,16.18642234802246,77.45645141601562,60.92852783203125,0.7191221117973328
1804,366,523.2750244140625,22.030689239501953,67.9371337890625,46.10813522338867,0.6524903774261475
1804,371,594.8663330078125,14.812833786010742,82.6099853515625,47.03174591064453,0.6579576730728149
1804,373,923.0499877929688,377.0630798339844,35.846923828125,15.766754150390625,0.26326778531074524
1805,336,367.0011901855469,447.6327819824219,105.13986206054688,92.36721801757812,0.6014689803123474
1805,340,107.07193756103516,280.9357604980469,183.428955078125,165.79171752929688,0.8298752307891846
1805,342,635.9512329101562,204.10401916503906,127.6776123046875,130.5001678466797,0.7032860517501831
1805,345,435.2876281738281,66.42227172851562,69.45599365234375,60.73053741455078,0.7805799245834351
1805,354,379.725830078125,17.864118576049805,76.21524047851562,61.726036071777344,0.6968523263931274
1805,366,523.185791015625,25.517515182495117,66.714111328125,46.65972900390625,0.6697596311569214
1805,371,595.0593872070312,14.829668998718262,83.4476318359375,49.4699821472168,0.6922171115875244
1806,336,378.10235595703125,474.0929260253906,84.9632568359375,65.90707397460938,0.5618206262588501
1806,340,90.53824615478516,293.91436767578125,191.798583984375,174.00729370117188,0.7680721282958984
1806,342,638.4972534179688,213.64349365234375,131.343017578125,135.19796752929688,0.703191876411438
1806,345,435.1071472167969,70.652099609375,67.77188110351562,59.938720703125,0.743327796459198
1806,354,378.6181945800781,19.872318267822266,74.91275024414062,62.3513069152832,0.733273983001709
1806,366,522.3284301757812,27.623929977416992,67.15679931640625,48.26300811767578,0.7697995901107788
1806,371,596.1901245117188,15.742498397827148,81.656005859375,50.36676788330078,0.5459581613540649
1807,340,71.54650115966797,307.2840881347656,201.13265991210938,183.16049194335938,0.8175084590911865
1807,342,641.2736206054688,224.50062561035156,136.2490234375,141.6441192626953,0.748923659324646
1807,345,433.3971862792969,74.07510375976562,69.12496948242188,61.996826171875,0.6407129168510437
1807,354,377.1584167480469,21.684566497802734,73.52011108398438,62.740970611572266,0.5689135789871216
1807,366,522.5210571289062,29.75913429260254,66.3143310546875,48.793365478515625,0.7883630990982056
1807,371,596.863037109375,17.416505813598633,81.38037109375,52.1890869140625,0.6529335379600525
1808,340,44.831932067871094,308.6443786621094,224.30923461914062,206.80868530273438,0.6408705115318298
1808,342,643.496826171875,235.35159301757812,141.334716796875,148.3994140625,0.6910235285758972
1808,345,431.8813171386719,76.69060516357422,69.63702392578125,63.174522399902344,0.6851304173469543
1808,354,375.3577880859375,23.554515838623047,73.09677124023438,63.91512680053711,0.6729261875152588
1808,366,523.194091796875,31.46086883544922,64.30364990234375,48.31639099121094,0.731522798538208
1808,371,597.5034790039062,17.906204223632812,82.36700439453125,54.97981262207031,0.6123008131980896
1808,373,921.5550537109375,376.6766357421875,36.92303466796875,16.41961669921875,0.27644801139831543
1809,340,30.463634490966797,330.03912353515625,221.48341369628906,203.45562744140625,0.637782871723175
1809,342,644.7716064453125,248.4834747314453,146.78314208984375,155.39085388183594,0.5790635943412781
1809,345,430.05322265625,80.1836166381836,69.70651245117188,63.948570251464844,0.7735185623168945
1809,354,373.85345458984375,25.477279663085938,72.8604736328125,65.24459838867188,0.6532599925994873
1809,366,522.3592529296875,32.0054931640625,64.7852783203125,49.740333557128906,0.8076142072677612
1809,371,599.0241088867188,18.836849212646484,81.47808837890625,56.41584396362305,0.7022179961204529
1810,340,20.004695892333984,350.530029296875,210.00790405273438,189.469970703125,0.7736829519271851
1810,342,648.2484130859375,261.9294738769531,152.0885009765625,162.61920166015625,0.6506420373916626
1810,345,426.5703430175781,83.48303985595703,72.30853271484375,67.21736907958984,0.6929715871810913
1810,354,372.5284423828125,28.34607696533203,71.47872924804688,65.23040771484375,0.5021474361419678
1810,366,521.5339965820312,33.11115264892578,65.4747314453125,51.248443603515625,0.7742366790771484
1810,371,601.7099609375,21.68792152404785,77.67388916015625,55.52891540527344,0.7944470643997192
1811,340,20.616832733154297,369.5428771972656,194.7822265625,170.45712280273438,0.6989529132843018
1811,342,650.2822265625,273.13916015625,159.513427734375,172.43048095703125,0.5996776819229126
1811,345,424.3158874511719,87.06824493408203,73.6898193359375,69.33318328857422,0.6090992093086243
1811,354,371.3287658691406,30.360153198242188,70.85052490234375,65.9057388305664,0.6646621227264404
1811,366,521.7889404296875,35.84169387817383,64.14422607421875,50.9974250793457,0.8686581254005432
1811,371,603.3804321289062,23.941699981689453,76.14019775390625,56.20289993286133,0.7121090292930603
1812,340,19.93435287475586,388.38775634765625,177.78640747070312,151.61224365234375,0.47631606459617615
1812,342,651.4547729492188,285.6712341308594,170.57806396484375,186.82583618164062,0.8789697885513306
1812,345,422.394287109375,90.81697082519531,74.19369506835938,70.58517456054688,0.6680321097373962
1812,354,368.3477478027344,32.700748443603516,70.90167236328125,67.17994689941406,0.44315487146377563
1812,366,522.8849487304688,38.10454177856445,62.53692626953125,50.49843978881836,0.7553878426551819
1812,371,605.2998657226562,26.2297306060791,74.915771484375,56.954833984375,0.6524324417114258
1813,340,19.882328033447266,407.5903625488281,158.86077880859375,132.40963745117188,0.5605729222297668
1813,342,652.3390502929688,300.1779479980469,179.41668701171875,199.38931274414062,0.5758819580078125
1813,345,420.24847412109375,94.88356018066406,74.20526123046875,71.11628723144531,0.6352447867393494
1813,354,366.83319091796875,34.87643814086914,69.84112548828125,67.20468139648438,0.5712649822235107
1813,366,523.1715087890625,41.33523941040039,61.1627197265625,50.17781448364258,0.7176722288131714
1813,371,607.2863159179688,28.838655471801758,72.95892333984375,56.93254089355469,0.581434428691864
1814,342,655.4694213867188,316.3207702636719,187.38775634765625,210.65939331054688,0.5216856002807617
1814,345,417.1399841308594,98.18586730957031,76.43963623046875,74.04505920410156,0.6657932996749878
1814,354,364.9880676269531,37.0350227355957,69.42276000976562,67.64775085449219,0.479422003030777
1814,366,522.3767700195312,43.64118576049805,62.3046875,52.071529388427734,0.7151379585266113
1814,371,609.1278686523438,32.18700408935547,71.738037109375,57.24175262451172,0.6814481616020203
1814,382,370.56719970703125,37.35541534423828,59.41790771484375,67.213623046875,0.36867690086364746
1815,342,673.9315795898438,342.822021484375,175.32708740234375,196.37823486328125,0.3963106572628021
1815,345,414.29669189453125,101.76850891113281,78.21176147460938,76.47210693359375,0.735034167766571
1815,354,362.8207702636719,39.08872985839844,70.47225952148438,69.3827896118164,0.4007933437824249
1815,366,521.9364013671875,45.93825149536133,62.571044921875,53.12496566772461,0.8298810720443726
1815,371,610.2325439453125,34.60297393798828,71.5380859375,58.336585998535156,0.7110499143600464
1815,382,367.3958740234375,40.49662780761719,60.346954345703125,68.21031188964844,0.5785619020462036
1815,373,923.7415771484375,377.8204040527344,33.37847900390625,14.793792724609375,0.25086477398872375
1816,342,682.5840454101562,353.03289794921875,171.11456298828125,186.96710205078125,0.5275247693061829
1816,345,411.4369201660156,106.00199890136719,80.1326904296875,79.26325988769531,0.7585439682006836
1816,354,360.18017578125,41.22076416015625,71.4052734375,71.15216064453125,0.4038519859313965
1816,366,522.3583984375,48.99922180175781,61.0699462890625,52.51685333251953,0.8361489176750183
1816,371,611.2000732421875,37.942134857177734,71.401611328125,59.53744125366211,0.5985933542251587
1816,382,364.1844177246094,42.56062316894531,62.3486328125,70.4937515258789,0.5900935530662537
1817,342,692.9759521484375,369.0438232421875,160.935546875,170.9561767578125,0.6213793754577637
1817,345,410.7146911621094,110.4432601928711,78.80712890625,78.2048568725586,0.826374351978302
1817,366,521.9105834960938,50.532718658447266,61.95977783203125,54.02888107299805,0.8646970987319946
1817,371,611.884765625,40.20756530761719,71.31915283203125,60.66279602050781,0.7244213223457336
1817,382,361.5086669921875,45.121456146240234,62.568359375,70.70550537109375,0.608151912689209
1818,342,702.793701171875,389.77044677734375,146.72857666015625,150.22955322265625,0.5482911467552185
1818,345,408.07025146484375,115.1506576538086,81.17578125,81.21231842041016,0.7698493003845215
1818,366,522.0305786132812,53.53812789916992,61.37835693359375,54.16349411010742,0.6964607834815979
1818,371,613.2456665039062,43.08086013793945,70.129638671875,60.5428352355957,0.8059424757957458
1818,382,357.9274597167969,47.55782699584961,64.63711547851562,73.15953063964844,0.645098090171814
1818,373,922.365234375,377.3229675292969,36.2550048828125,16.232818603515625,0.298145592212677
1819,342,714.945556640625,413.1388854980469,129.4228515625,126.86111450195312,0.5657413601875305
1819,345,403.1260681152344,119.81653594970703,83.687744140625,84.24146270751953,0.7701621055603027
1819,366,521.9451293945312,57.1085319519043,61.3021240234375,54.71806716918945,0.8150542974472046
1819,371,614.6859741210938,45.53406524658203,70.54718017578125,61.646156311035156,0.7515430450439453
1819,382,354.3470458984375,49.171180725097656,66.40243530273438,75.158935546875,0.5775770545005798
1819,385,481.3661804199219,13.966354370117188,40.593475341796875,19.87356185913086,0.4402438998222351
1820,342,728.9476928710938,440.4495849609375,111.14093017578125,99.5504150390625,0.5108098387718201
1820,345,399.2548828125,125.11929321289062,86.6741943359375,88.215087890625,0.8061292767524719
1820,366,521.1275024414062,59.457069396972656,61.833740234375,55.82555389404297,0.7858341932296753
1820,371,615.1837768554688,47.78254699707031,71.04315185546875,63.053619384765625,0.6942391395568848
1820,382,351.93560791015625,51.8519172668457,66.72445678710938,75.64712524414062,0.6693124175071716
1820,385,479.92803955078125,14.287079811096191,42.001220703125,20.562564849853516,0.49705055356025696
1820,354,348.7707214355469,50.767555236816406,74.26620483398438,75.30453491210938,0.310085266828537
1821,345,396.9230651855469,129.98606872558594,86.88226318359375,88.97801208496094,0.8193489909172058
1821,366,521.32421875,62.436767578125,61.4580078125,56.030120849609375,0.6648163795471191
1821,371,616.33203125,49.42062759399414,71.68939208984375,64.57048034667969,0.700146496295929
1821,382,348.6820373535156,54.31723403930664,67.49334716796875,76.55714416503906,0.46226966381073
1821,385,477.857421875,14.657666206359863,44.7786865234375,21.939678192138672,0.536080002784729
1821,354,345.8139343261719,53.58313751220703,74.158203125,76.18781280517578,0.39719676971435547
1822,345,393.8612976074219,135.11123657226562,88.8385009765625,91.76573181152344,0.8532100915908813
1822,366,519.9465942382812,65.000732421875,62.37249755859375,57.63433837890625,0.6666161417961121
1822,371,617.0156860351562,51.90911865234375,73.2110595703125,67.06412506103516,0.7442507147789001
1822,385,475.1819763183594,14.430628776550293,49.449249267578125,24.34341049194336,0.648622453212738
1822,387,549.657470703125,13.737249374389648,36.80096435546875,19.971635818481445,0.4690307676792145
1822,373,923.777099609375,378.7332458496094,33.15179443359375,14.767974853515625,0.251065731048584
1823,345,392.20904541015625,140.82351684570312,87.09469604492188,90.17585754394531,0.8038555383682251
1823,366,519.346435546875,67.66301727294922,63.38916015625,59.2462158203125,0.8550507426261902
1823,371,617.5435180664062,54.03752517700195,74.6468505859375,69.6341552734375,0.781136155128479
1823,385,472.49749755859375,14.318771362304688,53.5504150390625,26.568164825439453,0.6974469423294067
1823,387,548.6461181640625,14.040894508361816,39.6175537109375,21.55618667602539,0.5716554522514343
1823,354,338.4940185546875,58.877384185791016,76.22332763671875,79.40830993652344,0.6410138010978699
1824,345,388.0000305175781,146.1387939453125,90.40899658203125,94.26969909667969,0.8042141199111938
1824,366,518.892822265625,69.99496459960938,64.05413818359375,60.52900695800781,0.7886230945587158
1824,371,618.825927734375,56.58644485473633,73.62298583984375,69.58268737792969,0.7494317889213562
1824,385,470.498779296875,13.679158210754395,56.8475341796875,28.538921356201172,0.7103913426399231
1824,387,548.1073608398438,14.025726318359375,40.29315185546875,21.994979858398438,0.6587104201316833
1824,354,335.1615905761719,62.04145050048828,76.82913208007812,81.01667022705078,0.5174237489700317
1824,373,923.5090942382812,378.94482421875,33.7156982421875,15.056610107421875,0.26153698563575745
1825,345,385.7438659667969,152.41424560546875,90.06698608398438,94.13450622558594,0.8100197911262512
1825,366,517.7955322265625,73.2249984741211,64.9351806640625,62.10382843017578,0.6699028015136719
1825,371,620.1163940429688,59.7476692199707,73.793212890625,70.66195678710938,0.6483345627784729
1825,385,469.5195617675781,14.219070434570312,58.964752197265625,30.028705596923828,0.7257181406021118
1825,387,548.1102905273438,14.149901390075684,39.64483642578125,21.663593292236328,0.5666459798812866
1825,354,331.9433288574219,65.6046371459961,77.1229248046875,82.10588836669922,0.46591946482658386
1825,373,923.2944946289062,378.7115783691406,34.457275390625,15.4552001953125,0.2677743136882782
1826,345,381.2655029296875,158.4861602783203,92.01907348632812,96.54483032226562,0.8182445764541626
1826,366,517.5087890625,76.5836181640625,64.2159423828125,61.869537353515625,0.7775241136550903
1826,371,620.88330078125,63.04554748535156,74.5264892578125,72.13847351074219,0.6265861988067627
1826,385,468.0388488769531,13.840038299560547,61.833160400390625,32.07859802246094,0.7413854002952576
1826,387,546.5784912109375,14.119413375854492,43.48779296875,23.919878005981445,0.561547040939331
1826,354,328.5010986328125,67.98558044433594,78.14947509765625,83.81797790527344,0.42027685046195984
1827,345,376.11639404296875,165.82591247558594,96.13137817382812,101.57478332519531,0.8415754437446594
1827,366,516.6455078125,79.86003875732422,65.4298095703125,63.57312774658203,0.7517289519309998
1827,371,621.323486328125,65.73484802246094,74.75103759765625,73.02395629882812,0.5815061926841736
1827,385,465.93841552734375,13.29711627960205,65.3072509765625,34.62283706665039,0.7407848238945007
1827,387,544.946533203125,14.024044036865234,47.020751953125,26.151805877685547,0.6648287177085876
1827,354,324.6250915527344,71.68907928466797,78.995361328125,85.3829116821289,0.5839180946350098
1828,345,372.6896667480469,171.98402404785156,97.46661376953125,103.55946350097656,0.8122856616973877
1828,366,516.0511474609375,83.72622680664062,65.52459716796875,64.35841369628906,0.5699756145477295
1828,371,622.7149658203125,69.22038269042969,76.504150390625,75.43962097167969,0.5162432193756104
1828,385,463.4986267089844,13.111756324768066,69.37973022460938,37.77989196777344,0.7823072075843811
1828,387,543.2146606445312,13.830955505371094,50.9737548828125,28.836483001708984,0.5944857597351074
1828,354,321.4246826171875,74.68341827392578,79.34500122070312,86.35701751708984,0.6216685771942139
1828,373,923.7173461914062,378.8452453613281,33.64422607421875,15.0406494140625,0.32287678122520447
1829,345,367.71380615234375,178.8370819091797,98.544921875,104.96623229980469,0.8424853682518005
1829,366,516.62646484375,86.88401794433594,64.0938720703125,63.37019348144531,0.6570189595222473
1829,371,624.0333251953125,72.35143280029297,76.3089599609375,75.93392181396484,0.6025252938270569
1829,385,462.7373352050781,13.674375534057617,70.44033813476562,39.413978576660156,0.8656109571456909
1829,387,542.2911987304688,13.6303129196167,52.8419189453125,30.471221923828125,0.6519309282302856
1829,354,317.1961975097656,78.51009368896484,80.23428344726562,87.6788101196289,0.5995016098022461
1829,373,923.6345825195312,378.83648681640625,33.7911376953125,15.135986328125,0.3088964521884918
1830,345,363.2225646972656,187.10137939453125,100.88705444335938,107.78558349609375,0.831554114818573
1830,366,516.4935302734375,89.66168975830078,64.34429931640625,64.07064056396484,0.7418673038482666
1830,371,624.6648559570312,75.57901763916016,76.591552734375,76.91974639892578,0.6091774702072144
1830,385,462.2082214355469,14.13778305053711,70.53250122070312,40.61643981933594,0.8731525540351868
1830,387,541.8735961914062,13.732451438903809,53.3477783203125,31.347412109375,0.6959835290908813
1830,354,312.77728271484375,81.93824768066406,81.81039428710938,89.79661560058594,0.5768024921417236
1830,373,923.293701171875,378.4156188964844,34.19415283203125,15.36724853515625,0.3223651349544525
1831,345,357.8272705078125,194.41915893554688,103.35049438476562,110.55899047851562,0.8454017639160156
1831,366,514.6239013671875,92.35881805419922,66.38037109375,66.70207977294922,0.6742936968803406
1831,371,625.505859375,79.4374771118164,76.84832763671875,77.8084945678711,0.5189897418022156
1831,385,461.87420654296875,14.893758773803711,69.7789306640625,41.40974426269531,0.8875331282615662
1831,387,541.330078125,14.024443626403809,54.203857421875,32.50593566894531,0.6668292880058289
1831,354,308.7362976074219,85.31101989746094,83.79171752929688,92.49137878417969,0.5681682825088501
1831,373,922.727294921875,378.0037536621094,35.40234375,16.055877685546875,0.2664763927459717
1832,345,351.1612548828125,202.24456787109375,108.58364868164062,116.75778198242188,0.8397945761680603
1832,366,513.170654296875,97.08348083496094,66.6871337890625,67.12478637695312,0.7425812482833862
1832,371,626.5276489257812,82.76644897460938,79.248046875,81.10649108886719,0.48412927985191345
1832,385,460.8172302246094,15.566550254821777,69.87911987304688,42.687286376953125,0.8994982242584229
1832,387,540.0068969726562,14.257230758666992,55.31671142578125,33.894554138183594,0.6207062602043152
1832,354,304.8000793457031,89.45085144042969,84.6895751953125,93.84344482421875,0.6125577688217163
1832,373,923.1332397460938,378.32275390625,34.6806640625,15.7987060546875,0.28882622718811035
1833,345,345.6191101074219,211.20901489257812,111.26730346679688,119.84356689453125,0.8702799081802368
1833,366,510.04718017578125,100.06608581542969,70.8702392578125,71.91017150878906,0.7497768998146057
1833,371,627.8878173828125,86.71620178222656,80.50970458984375,83.0894775390625,0.5174573063850403
1833,385,459.489013671875,15.911138534545898,70.93450927734375,44.66477966308594,0.8050357699394226
1833,387,538.2922973632812,14.478477478027344,57.14752197265625,35.71596145629883,0.6416962742805481
1833,354,300.15625,93.07788848876953,85.506103515625,94.99852752685547,0.6274972558021545
1834,345,337.7880859375,219.64437866210938,117.28765869140625,127.02432250976562,0.8245825171470642
1834,366,509.6174011230469,103.44091796875,71.16494750976562,72.490478515625,0.7554890513420105
1834,371,628.5460815429688,90.32809448242188,82.39501953125,85.87216186523438,0.4068734645843506
1834,385,458.4335632324219,16.557458877563477,70.81674194335938,46.03887939453125,0.8121525049209595
1834,387,537.8584594726562,14.825911521911621,58.32330322265625,37.21912384033203,0.6992975473403931
1834,354,295.623291015625,96.72357940673828,87.06796264648438,97.0966567993164,0.5219611525535583
1835,345,330.2222595214844,229.2975616455078,121.2315673828125,131.7503204345703,0.8895906209945679
1835,366,508.2278747558594,107.49652099609375,72.67086791992188,74.49923706054688,0.7541731595993042
1835,371,629.990234375,95.12376403808594,82.61322021484375,86.73841857910156,0.47112560272216797
1835,385,457.31256103515625,17.497133255004883,71.26971435546875,47.862342834472656,0.839118242263794
1835,387,537.1715087890625,14.93344497680664,60.92022705078125,39.91731643676758,0.6975159645080566
1835,354,289.5195617675781,101.01929473876953,89.05612182617188,99.3188705444336,0.6399081349372864
1835,373,923.762451171875,378.2940979003906,33.6385498046875,15.338287353515625,0.3140990138053894
1836,345,324.3329162597656,239.43618774414062,123.97659301757812,135.1424560546875,0.893925130367279
1836,366,507.5572509765625,111.27130889892578,72.5509033203125,74.63141632080078,0.8604341149330139
1836,371,631.153564453125,99.25289916992188,84.247314453125,89.24476623535156,0.5832459926605225
1836,385,457.98516845703125,20.42633819580078,68.1085205078125,46.992042541503906,0.8358248472213745
1836,387,537.475830078125,15.505742073059082,61.42724609375,41.337684631347656,0.6874690055847168
1836,354,284.51312255859375,104.95231628417969,90.9759521484375,101.70683288574219,0.6859615445137024
1837,345,315.36456298828125,249.83627319335938,131.20639038085938,143.89935302734375,0.865175724029541
1837,366,506.29083251953125,114.94467163085938,75.44317626953125,78.24993896484375,0.766504168510437
1837,371,632.1040649414062,102.9729995727539,85.70745849609375,91.14171600341797,0.586194634437561
1837,385,458.49505615234375,23.08555793762207,65.5341796875,46.29065704345703,0.7961186766624451
1837,387,537.2842407226562,17.128522872924805,61.43359375,42.533348083496094,0.8019474744796753
1837,354,278.3389587402344,109.09175872802734,93.60543823242188,105.18102264404297,0.6904944777488708
1837,373,923.2406005859375,377.7143859863281,34.74462890625,15.94598388671875,0.26115164160728455
1838,345,306.960205078125,261.0380859375,136.00973510742188,149.76321411132812,0.8810299038887024
1838,366,506.9377746582031,118.86289978027344,75.99850463867188,78.87161254882812,0.7814719676971436
1838,371,633.3457641601562,107.54402160644531,88.1422119140625,94.1124267578125,0.7307158708572388
1838,385,458.05584716796875,25.5179500579834,64.84259033203125,46.933380126953125,0.7784839272499084
1838,387,538.1140747070312,19.42961883544922,59.2305908203125,42.04554748535156,0.7163726687431335
1838,354,273.91766357421875,113.84486389160156,94.21484375,106.14384460449219,0.7376565337181091
1839,345,297.6571960449219,272.6783752441406,142.53564453125,158.01913452148438,0.8694643974304199
1839,366,507.1113586425781,123.6927719116211,78.14529418945312,81.12476348876953,0.7222479581832886
1839,371,633.8759765625,112.19678497314453,90.6429443359375,97.50597381591797,0.5578175187110901
1839,385,457.6138000488281,27.375247955322266,64.46774291992188,47.7475700378418,0.7992175817489624
1839,387,539.2191772460938,22.03697395324707,57.236328125,41.477020263671875,0.7413742542266846
1839,354,268.8469543457031,118.73983764648438,96.40341186523438,108.57191467285156,0.7336352467536926
1840,345,288.08697509765625,284.5233154296875,148.56036376953125,165.50607299804688,0.8668985366821289
1840,366,504.5149230957031,127.3880615234375,80.19467163085938,83.78741455078125,0.7455682754516602
1840,371,635.9346923828125,117.23625946044922,92.43695068359375,100.14041900634766,0.5568787455558777
1840,385,457.4689025878906,29.50796127319336,63.421234130859375,47.96901321411133,0.8110935091972351
1840,387,540.2686767578125,24.643171310424805,55.525634765625,40.986976623535156,0.7394622564315796
1840,354,262.99688720703125,123.1035385131836,98.04071044921875,110.21434783935547,0.693098783493042
1841,345,277.4598388671875,298.41986083984375,155.19131469726562,173.80535888671875,0.8690052032470703
1841,366,502.449951171875,131.247314453125,83.27227783203125,87.82925415039062,0.6791489720344543
1841,371,637.7032470703125,121.72540283203125,94.84075927734375,103.61860656738281,0.6161238551139832
1841,385,457.755126953125,31.887659072875977,61.50714111328125,47.29225158691406,0.7858128547668457
1841,387,540.9984130859375,26.397613525390625,55.05377197265625,41.37199401855469,0.7921048402786255
1841,354,256.20306396484375,127.95082092285156,101.826416015625,114.77821350097656,0.5572545528411865
1842,345,265.2608642578125,313.0113830566406,163.02685546875,183.58050537109375,0.9390921592712402
1842,366,501.35260009765625,135.0487518310547,84.5830078125,89.87205505371094,0.6789583563804626
1842,371,638.9308471679688,127.1358871459961,97.063720703125,106.79520416259766,0.6340230107307434
1842,385,457.1746520996094,34.61915588378906,61.313323974609375,47.94343566894531,0.7925780415534973
1842,387,541.487548828125,27.98815155029297,54.2926025390625,41.377967834472656,0.8093441128730774
1842,354,249.6986846923828,132.25062561035156,104.73085021972656,118.31236267089844,0.6076204180717468
1842,373,923.7384033203125,378.1183776855469,33.05609130859375,15.15313720703125,0.3253704309463501
1843,345,250.77650451660156,327.7117919921875,175.15867614746094,199.3221435546875,0.8351216912269592
1843,366,501.8138427734375,141.79739379882812,84.2457275390625,89.48321533203125,0.7254112362861633
1843,371,640.00390625,132.03338623046875,99.22491455078125,109.86494445800781,0.6245310306549072
1843,385,451.7236022949219,36.64631652832031,62.829864501953125,48.99700927734375,0.8097497820854187
1843,387,540.6779174804688,29.61758804321289,55.54241943359375,43.10751724243164,0.7567628026008606
1843,354,241.7244873046875,137.15530395507812,106.03485107421875,119.5865478515625,0.4873864948749542
1844,345,242.96047973632812,343.8674011230469,172.34341430664062,195.37759399414062,0.7142848372459412
1844,366,500.4988098144531,147.56121826171875,86.31057739257812,92.09848022460938,0.7290792465209961
1844,371,641.308349609375,138.044189453125,101.9254150390625,113.48492431640625,0.6630178689956665
1844,385,448.9620666503906,38.19103240966797,64.52279663085938,50.50373077392578,0.8385098576545715
1844,387,540.3818359375,30.82807159423828,56.13861083984375,44.427032470703125,0.805680513381958
1844,354,234.3802032470703,142.39244079589844,109.47984313964844,123.74934387207031,0.5035132765769958
1845,345,238.12083435058594,361.0411376953125,162.9540252685547,178.9588623046875,0.7183170318603516
1845,366,498.1646728515625,151.83895874023438,89.04925537109375,95.5963134765625,0.7264392375946045
1845,371,641.8605346679688,143.80438232421875,105.8436279296875,118.67034912109375,0.6766753792762756
1845,385,448.21282958984375,39.78073501586914,65.34295654296875,51.52155685424805,0.8153842687606812
1845,387,540.9763793945312,33.15032958984375,54.8199462890625,44.09715270996094,0.7153306007385254
1845,354,226.78726196289062,148.4049530029297,112.50503540039062,127.21122741699219,0.47656869888305664
1846,345,235.7882843017578,379.7619934082031,151.4591827392578,160.23800659179688,0.8431960940361023
1846,366,495.5975341796875,157.24874877929688,91.140869140625,98.68331909179688,0.779662013053894
1846,371,643.6328125,150.01182556152344,108.74713134765625,122.54277038574219,0.640509843826294
1846,385,448.0370788574219,42.08451461791992,65.42660522460938,52.05165481567383,0.7258386611938477
1846,387,541.186279296875,36.03838348388672,55.1138916015625,45.017066955566406,0.7801504135131836
1846,354,218.0269317626953,154.63076782226562,116.63374328613281,131.88693237304688,0.4912855327129364
1846,390,219.26394653320312,154.24179077148438,114.80908203125,132.44668579101562,0.43878474831581116
1847,345,229.8878173828125,399.9049072265625,140.44900512695312,140.0950927734375,0.8336303234100342
1847,366,495.09503173828125,165.20433044433594,92.0784912109375,100.10939025878906,0.7834489941596985
1847,371,645.8449096679688,157.50958251953125,111.5267333984375,126.36090087890625,0.7384147644042969
1847,385,446.2734680175781,43.99402618408203,67.18515014648438,54.019927978515625,0.752495288848877
1847,387,541.3260498046875,38.16748809814453,54.4149169921875,45.07795715332031,0.7538443207740784
1847,354,209.40924072265625,161.57456970214844,119.933837890625,135.7527313232422,0.37322798371315
1847,390,209.6417999267578,163.08990478515625,116.97737121582031,134.88137817382812,0.49566590785980225
1847,373,923.4456787109375,378.1523742675781,34.47235107421875,15.852996826171875,0.30373743176460266
1848,345,235.13645935058594,421.8826599121094,125.79063415527344,118.11734008789062,0.8406032919883728
1848,366,494.2784118652344,171.2190399169922,94.30715942382812,102.78358459472656,0.8138329982757568
1848,371,647.3790283203125,164.27296447753906,115.6329345703125,131.9407501220703,0.6621368527412415
1848,385,445.584228515625,47.14076232910156,66.9644775390625,54.249610900878906,0.8214964866638184
1848,387,540.20703125,39.91889953613281,55.566650390625,46.702606201171875,0.7049559950828552
1848,354,200.87075805664062,168.1749725341797,122.91104125976562,139.1212921142578,0.4983220100402832
1848,390,201.21487426757812,170.11068725585938,119.90191650390625,138.16958618164062,0.4825817048549652
1848,373,923.4805297851562,377.5704650878906,35.14190673828125,16.18511962890625,0.3169613480567932
1849,345,238.87307739257812,446.4258117675781,108.01681518554688,93.57418823242188,0.7934765815734863
1849,366,492.00244140625,177.4165802001953,96.95416259765625,106.52400207519531,0.8360700011253357
1849,371,649.3219604492188,170.80552673339844,119.188720703125,136.8611602783203,0.5066753029823303
1849,385,444.4382019042969,49.28949737548828,67.40380859375,55.02672576904297,0.7509801387786865
1849,387,540.748779296875,42.004215240478516,54.8505859375,46.61068344116211,0.6759561896324158
1849,373,923.6036987304688,377.7219543457031,34.04669189453125,15.69830322265625,0.26916536688804626
1850,345,244.2625732421875,472.4995422363281,87.85357666015625,67.50045776367188,0.7662400007247925
1850,366,489.97076416015625,183.65818786621094,98.911376953125,109.20939636230469,0.7796975374221802
1850,371,650.7337036132812,178.0950469970703,123.067138671875,142.2897186279297,0.49264150857925415
1850,385,442.8488464355469,51.48033905029297,68.54336547851562,56.46277618408203,0.7905070781707764
1850,387,539.7261352539062,44.016578674316406,56.72412109375,48.942054748535156,0.7181085348129272
1850,354,181.78036499023438,182.35337829589844,130.56585693359375,147.9477996826172,0.5569769144058228
1851,366,488.0118103027344,191.3939971923828,100.99099731445312,112.11891174316406,0.8006250262260437
1851,371,653.3594360351562,186.89187622070312,125.91119384765625,146.38247680664062,0.5368834733963013
1851,385,442.09600830078125,53.913307189941406,68.64297485351562,57.083213806152344,0.755694568157196
1851,387,539.94140625,47.181312561035156,56.2353515625,48.92664337158203,0.778576672077179
1851,393,171.8341522216797,190.60073852539062,133.50782775878906,154.76608276367188,0.5393568873405457
1851,354,171.08840942382812,190.78619384765625,135.2216796875,153.54611206054688,0.5397769808769226
1851,373,923.9494018554688,378.1090087890625,33.4422607421875,15.420379638671875,0.27080851793289185
1852,366,485.1739501953125,198.10813903808594,104.15032958984375,116.39094543457031,0.7882295250892639
1852,371,655.4905395507812,194.90939331054688,130.3970947265625,152.59292602539062,0.5277175307273865
1852,385,441.0005187988281,56.1728401184082,69.18179321289062,58.232295989990234,0.7971981167793274
1852,387,539.8060302734375,49.646888732910156,56.3289794921875,49.36474609375,0.7938075661659241
1852,373,924.1199951171875,377.53973388671875,34.46551513671875,15.907989501953125,0.2739642262458801
1853,366,483.5912170410156,205.91807556152344,107.02792358398438,120.03654479980469,0.8880797028541565
1853,371,658.3943481445312,203.12705993652344,135.44671630859375,159.4924774169922,0.5063484907150269
1853,385,439.96942138671875,58.02154541015625,68.98861694335938,58.745521545410156,0.7700325846672058
1853,387,539.5336303710938,51.86745834350586,56.618408203125,50.09453201293945,0.7470864057540894
1853,354,148.4567413330078,207.0034637451172,144.22447204589844,163.87379455566406,0.5361456871032715
1854,366,481.2811584472656,214.2347869873047,109.61404418945312,123.71580505371094,0.8522862792015076
1854,371,660.1544189453125,212.59690856933594,140.74212646484375,166.81553649902344,0.5991610884666443
1854,385,438.2402038574219,60.798587799072266,70.21942138671875,60.55934524536133,0.6900716423988342
1854,387,539.2528686523438,54.210105895996094,57.40460205078125,51.33650207519531,0.7542341351509094
1854,354,136.1002960205078,215.51502990722656,149.20555114746094,169.5956268310547,0.5907928347587585
1854,373,924.2157592773438,377.9949645996094,32.82647705078125,15.128509521484375,0.3152705132961273
1855,366,478.7373046875,221.78668212890625,113.082275390625,128.40484619140625,0.8428531289100647
1855,371,662.2532958984375,221.94200134277344,146.41943359375,174.71534729003906,0.5209161639213562
1855,385,436.5735778808594,64.04426574707031,70.93539428710938,62.022132873535156,0.7954084873199463
1855,387,538.2999267578125,56.27586364746094,58.54241943359375,52.84027099609375,0.7595282196998596
1855,354,122.29183197021484,225.37086486816406,154.76580810546875,175.93968200683594,0.36946970224380493
1855,373,923.710205078125,377.702392578125,33.27392578125,15.3656005859375,0.2935132384300232
1856,366,475.3162841796875,230.79421997070312,116.529296875,132.92449951171875,0.8441929817199707
1856,371,665.1051635742188,233.01502990722656,152.7850341796875,183.5023956298828,0.6218856573104858
1856,385,435.529052734375,66.96893310546875,70.52151489257812,62.36848449707031,0.8095892667770386
1856,387,538.5928344726562,59.5792236328125,58.01519775390625,52.64381408691406,0.7849069833755493
1856,354,106.96785736083984,236.48646545410156,160.8994140625,182.36708068847656,0.4056377410888672
1856,373,923.3895874023438,377.496826171875,33.4652099609375,15.475738525390625,0.30540895462036133
1857,366,470.9884033203125,239.948974609375,121.3001708984375,139.14566040039062,0.8663058280944824
1857,371,667.4585571289062,243.83702087402344,160.83538818359375,194.7042999267578,0.6219441294670105
1857,385,433.1976318359375,70.26134490966797,70.63116455078125,63.094764709472656,0.6990803480148315
1857,387,537.1807250976562,62.45409393310547,60.3133544921875,55.24291229248047,0.6436259746551514
1857,354,90.05552673339844,245.47882080078125,169.75709533691406,191.9302978515625,0.6279228925704956
1857,373,923.2223510742188,377.2157897949219,33.52838134765625,15.555023193359375,0.41205134987831116
1858,366,468.2146301269531,251.05079650878906,124.65219116210938,143.5516815185547,0.8128247857093811
1858,371,669.7110595703125,254.60337829589844,169.3580322265625,207.03794860839844,0.5700258612632751
1858,385,431.0189208984375,72.98973083496094,71.48724365234375,64.48085021972656,0.5931626558303833
1858,387,536.6922607421875,65.11762237548828,61.11151123046875,56.469329833984375,0.762106716632843
1858,354,76.4381332397461,256.6449890136719,176.78689575195312,199.3653564453125,0.467049777507782
1858,400,76.03439331054688,256.3009338378906,178.54295349121094,200.6751708984375,0.4123990833759308
1859,366,464.91961669921875,260.56390380859375,129.429443359375,149.89260864257812,0.8094485998153687
1859,371,672.4509887695312,267.7265625,177.2587890625,218.85501098632812,0.5526160597801208
1859,385,429.75592041015625,75.8819351196289,71.39739990234375,64.87285614013672,0.6243297457695007
1859,387,536.7356567382812,67.4706802368164,61.1097412109375,56.84679412841797,0.7701541185379028
1859,373,922.5521240234375,376.6734313964844,34.9696044921875,16.381683349609375,0.25660762190818787
1860,366,461.19171142578125,270.4947204589844,135.1951904296875,157.32601928710938,0.8211572766304016
1860,371,675.8818359375,281.9905090332031,184.41046142578125,229.70672607421875,0.6453818678855896
1860,385,426.9342956542969,79.7947998046875,73.79278564453125,67.771240234375,0.6954222917556763
1860,387,536.0001220703125,70.47701263427734,62.044921875,58.271583557128906,0.7163323760032654
1860,373,923.2986450195312,376.75921630859375,34.81951904296875,16.350250244140625,0.33503249287605286
1860,354,36.84342956542969,278.9450988769531,194.7051239013672,221.1644287109375,0.5834845304489136
1861,366,456.07061767578125,278.2892761230469,143.1865234375,168.31759643554688,0.7449716925621033
1861,371,683.3580932617188,295.719970703125,189.12017822265625,236.9527587890625,0.5169000625610352
1861,385,424.87957763671875,82.9779281616211,74.7606201171875,69.3636245727539,0.7073370218276978
1861,387,535.4288940429688,73.7048110961914,63.4144287109375,60.112098693847656,0.6706944108009338
1861,373,922.9056396484375,376.9443359375,33.99420166015625,15.989837646484375,0.27077576518058777
1861,354,14.756086349487305,288.11651611328125,207.05271911621094,236.66119384765625,0.4509269595146179
1862,366,452.7092590332031,290.39984130859375,148.65774536132812,177.1619873046875,0.6095289587974548
1862,371,695.2841186523438,309.7170715332031,185.16461181640625,229.88082885742188,0.5648203492164612
1862,385,422.802734375,85.76870727539062,75.709716796875,70.99517822265625,0.7594372034072876
1862,387,535.685546875,76.57727813720703,62.5809326171875,59.624534606933594,0.6732932329177856
1862,354,4.098913669586182,305.4576416015625,203.64833068847656,231.7789306640625,0.573352038860321
1863,366,451.6999816894531,307.3529052734375,150.30307006835938,181.39471435546875,0.7665543556213379
1863,371,707.9523315429688,328.0374755859375,176.0574951171875,211.9625244140625,0.5045884847640991
1863,385,419.6434020996094,89.33873748779297,76.95709228515625,72.69620513916016,0.767670750617981
1863,387,534.3170776367188,79.62764739990234,65.2874755859375,62.906394958496094,0.6715484261512756
1863,354,0.7690497040748596,320.1612548828125,194.04576110839844,219.64276123046875,0.7326362729072571
1863,373,923.9952392578125,377.3388671875,32.58941650390625,15.280120849609375,0.252223402261734
1864,366,447.864990234375,321.486083984375,156.10516357421875,190.93121337890625,0.6839260458946228
1864,371,718.6239013671875,345.23382568359375,167.5435791015625,194.76617431640625,0.4668489098548889
1864,385,418.4170837402344,92.42212677001953,76.06130981445312,72.23902130126953,0.6932888627052307
1864,387,534.1235961914062,83.3670425415039,66.1954345703125,64.4747085571289,0.6608996987342834
1864,354,0.0,335.8042907714844,179.91015625,204.19570922851562,0.30966389179229736
1865,366,444.599609375,335.3717956542969,159.64068603515625,197.39559936523438,0.7515131831169128
1865,371,729.6760864257812,365.7443542480469,155.1702880859375,174.25564575195312,0.43526920676231384
1865,385,414.6661376953125,96.03733825683594,78.99615478515625,75.8157958984375,0.6742909550666809
1865,387,534.7161865234375,86.74431610107422,64.7930908203125,63.45496368408203,0.6875759363174438
1866,366,445.07684326171875,351.510009765625,152.64794921875,188.489990234375,0.6684401035308838
1866,371,740.931640625,387.88360595703125,141.75543212890625,152.11639404296875,0.45705628395080566
1866,385,411.9205017089844,100.48909759521484,79.62332153320312,76.85999298095703,0.7434746623039246
1866,387,534.8007202148438,90.17391204833984,64.57354736328125,63.620887756347656,0.6151783466339111
1867,366,447.3602600097656,368.4197082519531,143.02371215820312,171.58029174804688,0.577116072177887
1867,371,751.9213256835938,412.25152587890625,126.39422607421875,127.74847412109375,0.3715222477912903
1867,385,408.6854248046875,104.0864486694336,82.336669921875,80.19420623779297,0.6436233520507812
1867,387,534.2645263671875,94.48079681396484,66.34881591796875,65.75943756103516,0.6473206877708435
1868,366,450.95648193359375,384.9170227050781,132.510009765625,155.08297729492188,0.7179884314537048
1868,385,405.9456787109375,108.2731704711914,83.58740234375,81.79521942138672,0.7923420667648315
1868,387,532.6180419921875,97.40682983398438,69.61212158203125,69.68173217773438,0.7064754962921143
1868,404,484.0442810058594,16.006977081298828,44.987091064453125,26.48709487915039,0.4336961507797241
1869,366,454.8605041503906,404.1033630371094,120.71694946289062,135.89663696289062,0.5032035708427429
1869,385,401.6893005371094,111.62495422363281,86.04562377929688,84.67001342773438,0.7483733296394348
1869,387,532.530029296875,101.57182312011719,70.381591796875,71.07162475585938,0.6782274842262268
1869,404,479.8939514160156,14.948854446411133,48.328033447265625,28.443387985229492,0.4085601568222046
1870,366,460.8514709472656,423.27777099609375,109.65591430664062,116.72222900390625,0.45993876457214355
1870,385,399.78173828125,116.84274291992188,85.78668212890625,84.78143310546875,0.7136752605438232
1870,387,533.2848510742188,105.00277709960938,69.3232421875,70.43635559082031,0.670947790145874
1870,404,478.5956115722656,15.341153144836426,50.698272705078125,29.88155746459961,0.39311739802360535
1871,366,468.52392578125,445.560302734375,95.21917724609375,94.439697265625,0.44923877716064453
1871,385,396.7691955566406,121.56005096435547,87.68435668945312,86.98639678955078,0.8218083381652832
1871,387,530.8225708007812,108.53942108154297,73.8055419921875,75.96666717529297,0.6628718972206116
1871,404,475.8174743652344,15.370457649230957,55.230255126953125,32.71826171875,0.49581730365753174
1872,385,394.5567321777344,126.77809143066406,87.24032592773438,86.60649108886719,0.8057937026023865
1872,387,530.4979248046875,113.33504486083984,73.5540771484375,76.25218963623047,0.745597779750824
1872,404,473.3597412109375,14.70495319366455,59.589111328125,35.62445068359375,0.6610651016235352
1873,385,390.6121826171875,131.5263214111328,90.46847534179688,90.33419799804688,0.7955143451690674
1873,387,530.5463256835938,117.71443176269531,73.85089111328125,76.94337463378906,0.7446548938751221
1873,404,471.686767578125,14.17634391784668,62.06640625,37.515594482421875,0.6956179738044739
1874,385,389.3289489746094,136.54342651367188,89.28155517578125,89.03968811035156,0.8289961814880371
1874,387,530.7357177734375,122.24243927001953,73.7982177734375,77.30878448486328,0.6413019299507141
1874,404,470.8118896484375,14.444937705993652,63.5394287109375,38.904361724853516,0.7075134515762329
1875,385,385.4923095703125,142.72703552246094,91.30422973632812,91.09202575683594,0.8329306840896606
1875,387,529.3004760742188,126.60340118408203,77.16650390625,81.4660415649414,0.7196682691574097
1875,404,468.6600341796875,14.629408836364746,66.14532470703125,41.16264724731445,0.7802904844284058
1875,405,381.4278259277344,12.52285385131836,43.347412109375,17.575279235839844,0.5252825021743774
