1,1,550.25,306.11,114.15,124.87,1,1,1.0
1,2,379.95,316.82,114.15,140.36,1,1,1.0
1,3,574.1,157.22,58.15,62.94,1,1,1.0
1,4,614.6,91.71,40.3,37.92,1,1,1.0
1,5,541.95,91.71,40.3,37.92,1,1,1.0
1,6,514.55,64.32,29.6,28.39,1,1,1.0
1,7,570.5,41.69,28.4,33.16,1,1,1.0
1,8,788.5,89.33,46.25,51.02,1,1,1.0
1,9,509.1,41.3,23.75,25.44,1,1,1.0
2,1,551.55,311.98,116.5,128.53,1,1,1.0
2,2,374.92,326.81,118.19,144.24,1,1,1.0
2,3,574.5,158.41,59.15,63.57,1,1,1.0
2,4,615.55,92.16,41.05,37.95,1,1,1.0
2,5,542.35,91.74,40.5,37.95,1,1,1.0
2,6,515.3,63.86,29.75,28.6,1,1,1.0
2,7,571.25,41.06,28.3,33.28,1,1,1.0
2,8,787.0,87.64,46.05,51.12,1,1,1.0
2,9,509.1,40.88,24.15,25.3,1,1,1.0
2,12,570.67,39.47,21.26,23.4,1,1,0.0935
3,1,552.85,317.86,118.85,132.18,1,1,1.0
3,2,369.89,336.8,122.24,148.13,1,1,1.0
3,3,574.9,159.6,60.2,64.21,1,1,1.0
3,4,616.5,92.61,41.8,37.98,1,1,1.0
3,5,542.8,91.76,40.65,37.98,1,1,1.0
3,6,516.1,63.39,29.9,28.82,1,1,1.0
3,7,571.95,40.43,28.25,33.4,1,1,1.0
3,8,785.55,85.96,45.75,51.21,1,1,1.0
3,9,509.1,40.46,24.6,25.16,1,1,1.0
3,12,570.89,39.73,21.35,23.47,1,1,0.078
4,1,554.1,323.73,121.25,135.84,1,1,1.0
4,2,364.87,346.79,126.26,152.01,1,1,1.0
4,3,575.3,160.79,61.2,64.84,1,1,1.0
4,4,617.45,93.06,42.6,38.01,1,1,1.0
4,5,543.2,91.79,40.9,38.0,1,1,1.0
4,6,516.85,62.92,30.05,29.02,1,1,1.0
4,7,572.65,39.81,28.2,33.52,1,1,1.0
4,8,784.05,84.28,45.55,51.29,1,1,1.0
4,9,509.1,40.03,25.0,25.02,1,1,1.0
4,12,571.11,40.0,21.45,23.53,1,1,0.0718
5,1,555.4,329.61,123.55,139.49,1,1,1.0
5,2,359.83,356.77,130.31,155.88,1,1,1.0
5,3,575.7,161.97,62.2,65.48,1,1,1.0
5,4,618.4,93.5,43.35,38.03,1,1,1.0
5,5,543.65,91.82,41.05,38.03,1,1,1.0
5,6,517.65,62.46,30.2,29.24,1,1,1.0
5,7,573.4,39.18,28.1,33.63,1,1,1.0
5,8,782.6,82.6,45.3,51.4,1,1,1.0
5,9,509.1,39.61,25.4,24.88,1,1,1.0
5,12,571.33,40.27,21.54,23.6,1,1,0.0961
6,1,556.7,335.48,125.9,143.15,1,1,1.0
6,2,354.81,366.76,134.34,159.79,1,1,1.0
6,3,576.1,163.16,63.2,66.12,1,1,1.0
6,4,619.4,93.95,44.05,38.06,1,1,1.0
6,5,544.05,91.84,41.25,38.06,1,1,1.0
6,6,518.4,62.0,30.35,29.44,1,1,1.0
6,7,574.1,38.55,28.05,33.75,1,1,1.0
6,8,781.1,80.91,45.05,51.48,1,1,1.0
6,9,509.1,39.19,25.85,24.74,1,1,1.0
6,12,571.56,40.53,21.62,23.67,1,1,0.1175
7,1,557.95,341.35,128.3,146.82,1,1,1.0
7,2,349.78,376.75,138.39,164.25,1,1,1.0
7,3,576.5,164.35,64.2,66.75,1,1,1.0
7,4,620.35,94.4,44.8,38.09,1,1,1.0
7,5,544.5,91.87,41.45,38.09,1,1,1.0
7,6,519.2,61.53,30.5,29.66,1,1,1.0
7,7,574.8,37.93,28.0,33.87,1,1,1.0
7,8,779.65,79.22,44.8,51.58,1,1,1.0
7,9,509.1,38.77,26.25,24.6,1,1,1.0
7,12,571.78,40.8,21.71,23.73,1,1,0.1391
8,1,558.65,349.36,131.4,147.52,1,1,1.0
8,2,346.69,392.35,140.49,148.65,1,1,1.0
8,3,576.5,166.88,65.2,67.31,1,1,1.0
8,4,620.75,95.66,45.1,38.78,1,1,1.0
8,5,544.35,92.86,41.85,38.36,1,1,1.0
8,6,519.2,62.37,30.65,29.38,1,1,1.0
8,7,574.7,38.49,28.25,33.31,1,1,1.0
8,8,777.8,78.81,44.55,50.46,1,1,1.0
8,9,508.8,39.05,26.15,25.02,1,1,1.0
8,12,572.0,41.07,21.8,23.8,1,1,0.1239
9,1,559.35,357.37,134.45,148.23,1,1,1.0
9,2,343.6,407.94,142.6,133.06,1,1,1.0
9,3,576.5,169.41,66.2,67.87,1,1,1.0
9,4,621.2,96.92,45.35,39.48,1,1,1.0
9,5,544.2,93.84,42.3,38.66,1,1,1.0
9,6,519.2,63.22,30.75,29.1,1,1,1.0
9,7,574.55,39.05,28.5,32.75,1,1,1.0
9,8,776.0,78.39,44.25,49.32,1,1,1.0
9,9,508.5,39.33,26.0,25.44,1,1,1.0
9,12,572.22,41.33,21.89,23.87,1,1,0.1064
10,1,560.05,365.38,137.55,148.92,1,1,1.0
10,2,340.51,423.53,144.7,117.47,1,1,1.0
10,3,576.5,171.94,67.15,68.43,1,1,1.0
10,4,621.6,98.19,45.65,40.19,1,1,1.0
10,5,544.05,94.82,42.75,38.93,1,1,1.0
10,6,519.2,64.06,30.9,28.82,1,1,1.0
10,7,574.4,39.61,28.8,32.19,1,1,1.0
10,8,774.15,77.96,44.0,48.2,1,1,1.0
10,9,508.25,39.61,25.85,25.87,1,1,1.0
10,12,572.44,41.6,21.98,23.93,1,1,0.0892
11,1,560.75,373.38,140.65,149.62,1,1,1.0
11,2,337.42,439.12,146.81,101.88,1,1,1.0
11,3,576.5,174.47,68.15,68.99,1,1,1.0
11,4,622.0,99.46,45.95,40.9,1,1,1.0
11,5,543.9,95.8,43.15,39.2,1,1,1.0
11,6,519.2,64.9,31.05,28.53,1,1,1.0
11,7,574.25,40.18,29.1,31.62,1,1,1.0
11,8,772.35,77.54,43.7,47.07,1,1,1.0
11,9,507.95,39.9,25.75,26.28,1,1,1.0
11,12,572.67,41.87,22.06,24.0,1,1,0.0716
12,1,561.45,381.38,143.75,150.32,1,1,1.0
12,2,334.33,454.71,148.92,86.29,1,1,1.0
12,3,576.5,177.0,69.15,69.55,1,1,1.0
12,4,622.45,100.72,46.2,41.6,1,1,1.0
12,5,543.8,96.78,43.55,39.49,1,1,1.0
12,6,519.2,65.74,31.2,28.26,1,1,1.0
12,7,574.1,40.74,29.4,31.06,1,1,1.0
12,8,770.5,77.12,43.4,45.95,1,1,1.0
12,9,507.65,40.18,25.6,26.7,1,1,1.0
12,12,572.89,42.13,22.15,24.07,1,1,0.0546
13,1,562.2,389.39,146.8,151.61,1,1,1.0
13,2,331.24,470.31,151.02,70.69,1,1,1.0
13,3,576.5,179.53,70.1,70.11,1,1,1.0
13,4,622.85,101.99,46.55,42.3,1,1,1.0
13,5,543.65,97.77,43.95,39.77,1,1,1.0
13,6,519.2,66.58,31.35,27.97,1,1,1.0
13,7,574.0,41.3,29.65,30.5,1,1,1.0
13,8,768.65,76.7,43.15,44.83,1,1,1.0
13,9,507.4,40.46,25.45,27.13,1,1,1.0
13,12,573.11,42.4,22.25,24.13,1,1,0.04
14,1,562.3,400.77,149.1,140.23,1,1,1.0
14,3,577.05,182.19,71.1,71.24,1,1,1.0
14,4,623.7,103.11,46.95,42.44,1,1,1.0
14,5,543.9,98.9,44.0,39.92,1,1,1.0
14,6,519.45,67.0,31.65,28.12,1,1,1.0
14,7,574.25,41.3,29.5,31.34,1,1,1.0
14,8,767.55,76.0,42.45,44.84,1,1,1.0
14,9,507.25,41.02,25.85,26.99,1,1,1.0
14,12,573.33,42.67,22.34,24.2,1,1,0.0412
15,1,562.45,412.15,151.3,128.85,1,1,1.0
15,3,577.65,184.87,72.05,72.36,1,1,1.0
15,4,624.55,104.23,47.35,42.58,1,1,1.0
15,5,544.2,100.02,44.0,40.05,1,1,1.0
15,6,519.75,67.43,31.9,28.25,1,1,1.0
15,7,574.55,41.3,29.35,32.18,1,1,1.0
15,8,766.45,75.3,41.7,44.82,1,1,1.0
15,9,507.1,41.58,26.3,26.85,1,1,1.0
15,12,573.56,42.93,22.42,24.27,1,1,0.0442
16,1,562.6,423.53,153.55,117.47,1,1,1.0
16,3,578.2,187.54,73.05,73.48,1,1,1.0
16,4,625.4,105.36,47.75,42.71,1,1,1.0
16,5,544.5,101.14,43.95,40.2,1,1,1.0
16,6,520.05,67.85,32.15,28.39,1,1,1.0
16,7,574.8,41.3,29.25,33.02,1,1,1.0
16,8,765.3,74.59,41.05,44.83,1,1,1.0
16,9,506.95,42.14,26.75,26.71,1,1,1.0
16,12,573.78,43.2,22.51,24.33,1,1,0.0453
17,1,562.75,434.91,155.8,106.09,1,1,1.0
17,3,578.75,190.2,74.05,74.61,1,1,1.0
17,4,626.25,106.48,48.2,42.86,1,1,1.0
17,5,544.75,102.27,44.0,40.33,1,1,1.0
17,6,520.3,68.27,32.5,28.54,1,1,1.0
17,7,575.1,41.3,29.1,33.87,1,1,1.0
17,8,764.2,73.89,40.3,44.83,1,1,1.0
17,9,506.85,42.7,27.1,26.57,1,1,1.0
17,12,574.0,43.47,22.6,24.4,1,1,0.0487
18,1,562.9,446.29,158.05,94.71,1,1,1.0
18,3,579.3,192.87,75.05,75.74,1,1,1.0
18,4,627.1,107.61,48.6,42.99,1,1,1.0
18,5,545.05,103.39,43.95,40.47,1,1,1.0
18,6,520.6,68.69,32.75,28.68,1,1,1.0
18,7,575.4,41.3,28.95,34.72,1,1,1.0
18,8,763.05,73.18,39.65,44.84,1,1,1.0
18,9,506.7,43.27,27.55,26.42,1,1,1.0
18,12,574.22,43.73,22.69,24.47,1,1,0.052
19,1,563.0,457.67,160.3,83.33,1,1,1.0
19,3,579.9,195.54,76.0,76.85,1,1,1.0
19,4,627.9,108.72,49.05,43.15,1,1,1.0
19,5,545.3,104.52,44.0,40.61,1,1,1.0
19,6,520.9,69.11,33.0,28.81,1,1,1.0
19,7,575.65,41.3,28.85,35.56,1,1,1.0
19,8,761.95,72.48,38.9,44.84,1,1,1.0
19,9,506.55,43.83,27.95,26.29,1,1,1.0
19,12,574.44,44.0,22.78,24.53,1,1,0.0531
20,3,579.9,199.05,77.25,77.7,1,1,1.0
20,4,628.05,110.42,50.05,43.42,1,1,1.0
20,5,544.5,105.78,44.95,41.18,1,1,1.0
20,6,520.6,69.68,33.15,29.24,1,1,1.0
20,7,575.1,42.0,29.1,35.56,1,1,1.0
20,8,759.95,72.2,38.8,44.4,1,1,1.0
20,9,505.85,44.11,27.85,26.29,1,1,1.0
20,12,574.67,44.27,22.86,24.6,1,1,0.0188
21,3,579.9,202.57,78.5,78.54,1,1,1.0
21,4,628.2,112.1,51.0,43.7,1,1,1.0
21,5,543.65,107.04,45.95,41.74,1,1,1.0
21,6,520.3,70.24,33.35,29.66,1,1,1.0
21,7,574.55,42.7,29.35,35.56,1,1,1.0
21,8,758.0,71.92,38.65,43.98,1,1,1.0
21,9,505.15,44.39,27.7,26.28,1,1,1.0
21,12,574.89,44.53,22.95,24.67,1,1,0.0
22,3,579.9,206.07,79.8,79.39,1,1,1.0
22,4,628.35,113.79,52.0,43.98,1,1,1.0
22,5,542.8,108.31,46.95,42.29,1,1,1.0
22,6,520.05,70.8,33.45,30.08,1,1,1.0
22,7,574.0,43.41,29.65,35.56,1,1,1.0
22,8,756.05,71.64,38.5,43.57,1,1,1.0
22,9,504.45,44.67,27.55,26.28,1,1,1.0
22,12,575.11,44.8,23.05,24.73,1,1,0.0
23,3,579.9,209.59,81.05,80.23,1,1,1.0
23,4,628.5,115.47,52.95,44.27,1,1,1.0
23,5,541.95,109.57,47.9,42.86,1,1,1.0
23,6,519.75,71.36,33.6,30.5,1,1,1.0
23,7,573.4,44.11,29.95,35.56,1,1,1.0
23,8,754.05,71.36,38.4,43.15,1,1,1.0
23,9,503.75,44.95,27.4,26.28,1,1,1.0
23,12,575.33,45.07,23.14,24.8,1,1,0.0
24,3,579.9,213.1,82.3,81.07,1,1,1.0
24,4,628.6,117.16,54.0,44.54,1,1,1.0
24,5,541.1,110.83,48.9,43.43,1,1,1.0
24,6,519.45,71.92,33.75,30.92,1,1,1.0
24,7,572.85,44.81,30.2,35.56,1,1,1.0
24,8,752.1,71.08,38.2,42.72,1,1,1.0
24,9,503.05,45.23,27.25,26.29,1,1,1.0
24,12,575.56,45.33,23.22,24.87,1,1,0.0
25,3,579.9,216.61,83.6,81.91,1,1,1.0
25,4,628.75,118.84,54.95,44.83,1,1,1.0
25,5,540.25,112.1,49.9,43.99,1,1,1.0
25,6,519.2,72.48,33.85,31.34,1,1,1.0
25,7,572.3,45.51,30.5,35.56,1,1,1.0
25,8,750.15,70.8,38.05,42.3,1,1,1.0
25,9,502.35,45.51,27.1,26.29,1,1,1.0
25,12,575.78,45.6,23.31,24.93,1,1,0.0
26,3,579.9,220.54,85.4,84.16,1,1,1.0
26,4,629.75,120.53,54.95,45.38,1,1,1.0
26,5,540.4,113.22,50.05,44.55,1,1,1.0
26,6,519.35,73.18,33.85,31.48,1,1,1.0
26,7,572.45,45.94,30.75,35.56,1,1,1.0
26,8,749.0,70.24,37.8,42.3,1,1,1.0
26,9,502.2,45.94,27.4,26.99,1,1,1.0
26,12,576.0,45.87,23.4,25.0,1,1,0.0027
27,3,579.9,224.48,87.25,86.4,1,1,1.0
27,4,630.75,122.21,54.9,45.95,1,1,1.0
27,5,540.55,114.35,50.15,45.11,1,1,1.0
27,6,519.45,73.89,33.9,31.63,1,1,1.0
27,7,572.55,46.36,31.1,35.56,1,1,1.0
27,8,747.9,69.68,37.5,42.3,1,1,1.0
27,9,502.05,46.36,27.7,27.69,1,1,1.0
27,12,576.22,46.13,23.49,25.07,1,1,0.0089
28,3,579.9,228.41,89.05,88.66,1,1,1.0
28,4,631.7,123.9,54.95,46.51,1,1,1.0
28,5,540.7,115.47,50.3,45.67,1,1,1.0
28,6,519.6,74.59,33.9,31.77,1,1,1.0
28,7,572.7,46.78,31.35,35.56,1,1,1.0
28,8,746.75,69.11,37.25,42.3,1,1,1.0
28,9,501.9,46.78,28.0,28.39,1,1,1.0
28,12,576.44,46.4,23.58,25.13,1,1,0.015
29,3,579.9,232.35,90.9,90.9,1,1,1.0
29,4,632.7,125.58,54.95,47.08,1,1,1.0
29,5,540.85,116.6,50.4,46.22,1,1,1.0
29,6,519.75,75.3,33.9,31.9,1,1,1.0
29,7,572.85,47.2,31.65,35.56,1,1,1.0
29,8,745.65,68.55,36.95,42.3,1,1,1.0
29,9,501.75,47.2,28.3,29.1,1,1,1.0
29,12,576.67,46.67,23.66,25.2,1,1,0.0212
30,3,579.9,236.28,92.7,93.15,1,1,1.0
30,4,633.7,127.27,54.9,47.64,1,1,1.0
30,5,540.95,117.72,50.6,46.79,1,1,1.0
30,6,519.9,76.0,33.85,32.04,1,1,1.0
30,7,573.0,47.62,31.9,35.55,1,1,1.0
30,8,744.5,67.99,36.7,42.3,1,1,1.0
30,9,501.65,47.62,28.5,29.8,1,1,1.0
30,12,576.89,46.93,23.75,25.27,1,1,0.0272
31,3,579.9,240.21,94.55,95.4,1,1,1.0
31,4,634.65,128.96,54.95,48.2,1,1,1.0
31,5,541.1,118.84,50.75,47.36,1,1,1.0
31,6,520.05,76.7,33.85,32.19,1,1,1.0
31,7,573.15,48.04,32.15,35.56,1,1,1.0
31,8,743.4,67.43,36.4,42.29,1,1,1.0
31,9,501.5,48.04,28.8,30.5,1,1,1.0
31,12,577.11,47.2,23.85,25.33,1,1,0.0332
32,3,581.4,244.85,96.0,97.22,1,1,1.0
32,4,635.95,130.5,56.05,49.04,1,1,1.0
32,5,541.65,120.25,50.9,47.63,1,1,1.0
32,6,520.75,77.26,34.0,32.32,1,1,1.0
32,7,573.4,48.32,32.35,35.84,1,1,1.0
32,8,742.55,66.72,36.1,42.16,1,1,1.0
32,9,501.35,48.32,28.95,30.36,1,1,1.0
32,12,577.33,47.47,23.94,25.4,1,1,0.0337
33,3,582.95,249.48,97.4,99.06,1,1,1.0
33,4,637.2,132.04,57.2,49.89,1,1,1.0
33,5,542.25,121.65,51.0,47.92,1,1,1.0
33,6,521.45,77.82,34.15,32.47,1,1,1.0
33,7,573.7,48.6,32.45,36.12,1,1,1.0
33,8,741.7,66.03,35.85,42.02,1,1,1.0
33,9,501.2,48.6,29.1,30.22,1,1,1.0
33,12,577.56,47.73,24.02,25.47,1,1,0.0342
34,3,584.5,254.12,98.8,100.88,1,1,1.0
34,4,638.45,133.59,58.3,50.73,1,1,1.0
34,5,542.8,123.06,51.15,48.2,1,1,1.0
34,6,522.15,78.39,34.3,32.6,1,1,1.0
34,7,574.0,48.88,32.6,36.4,1,1,1.0
34,8,740.85,65.32,35.55,41.88,1,1,1.0
34,9,501.05,48.88,29.25,30.08,1,1,1.0
34,12,577.78,48.0,24.11,25.53,1,1,0.0347
35,3,586.05,258.76,100.2,102.69,1,1,1.0
35,4,639.7,135.13,59.45,51.58,1,1,1.0
35,5,543.35,124.46,51.3,48.48,1,1,1.0
35,6,522.85,78.94,34.45,32.74,1,1,1.0
35,7,574.25,49.17,32.75,36.68,1,1,1.0
35,8,740.0,64.62,35.3,41.74,1,1,1.0
35,9,500.95,49.17,29.35,29.94,1,1,1.0
35,12,578.0,48.27,24.2,25.6,1,1,0.0351
36,3,587.6,263.39,101.6,104.53,1,1,1.0
36,4,641.0,136.68,60.55,52.42,1,1,1.0
36,5,543.9,125.86,51.45,48.77,1,1,1.0
36,6,523.55,79.51,34.55,32.89,1,1,1.0
36,7,574.55,49.45,32.9,36.96,1,1,1.0
36,8,739.15,63.92,35.0,41.6,1,1,1.0
36,9,500.8,49.45,29.5,29.8,1,1,1.0
36,12,578.22,48.53,24.29,25.67,1,1,0.0356
37,3,589.15,268.02,103.0,106.36,1,1,1.0
37,4,642.25,138.22,61.7,53.27,1,1,1.0
37,5,544.5,127.27,51.55,49.04,1,1,1.0
37,6,524.25,80.07,34.7,33.03,1,1,1.0
37,7,574.8,49.73,33.05,37.24,1,1,1.0
37,8,738.35,63.22,34.7,41.46,1,1,1.0
37,9,500.65,49.73,29.65,29.66,1,1,1.0
37,12,578.44,48.8,24.38,25.73,1,1,0.0361
38,3,590.85,272.8,105.5,110.15,1,1,1.0
38,4,644.35,139.35,62.25,53.82,1,1,1.0
38,5,545.45,127.83,52.4,50.02,1,1,1.0
38,6,525.25,80.07,34.85,33.03,1,1,1.0
38,7,575.95,49.59,33.15,36.96,1,1,1.0
38,8,738.05,61.95,34.7,41.04,1,1,1.0
38,9,501.35,49.17,29.65,29.94,1,1,1.0
38,12,578.67,49.07,24.46,25.8,1,1,0.0202
39,3,592.5,277.57,108.05,113.95,1,1,1.0
39,4,646.45,140.47,62.8,54.38,1,1,1.0
39,5,546.45,128.4,53.25,51.0,1,1,1.0
39,6,526.2,80.07,35.0,33.03,1,1,1.0
39,7,577.05,49.45,33.35,36.68,1,1,1.0
39,8,737.75,60.68,34.75,40.62,1,1,1.0
39,9,502.05,48.6,29.65,30.22,1,1,1.0
39,12,578.89,49.33,24.55,25.87,1,1,0.0044
40,3,594.2,282.36,110.6,117.72,1,1,1.0
40,4,648.55,141.6,63.4,54.94,1,1,1.0
40,5,547.45,128.96,54.1,51.98,1,1,1.0
40,6,527.2,80.07,35.15,33.03,1,1,1.0
40,7,578.2,49.31,33.45,36.4,1,1,1.0
40,8,737.5,59.42,34.7,40.2,1,1,1.0
40,9,502.75,48.04,29.65,30.5,1,1,1.0
40,12,579.11,49.6,24.65,25.93,1,1,0.0
41,3,595.9,287.13,113.1,121.52,1,1,1.0
41,4,650.7,142.72,63.9,55.5,1,1,1.0
41,5,548.4,129.51,54.95,52.99,1,1,1.0
41,6,528.2,80.07,35.25,33.03,1,1,1.0
41,7,579.3,49.17,33.6,36.12,1,1,1.0
41,8,737.2,58.16,34.7,39.77,1,1,1.0
41,9,503.45,47.48,29.65,30.78,1,1,1.0
41,12,579.33,49.87,24.74,26.0,1,1,0.0
42,3,597.6,291.9,115.6,125.33,1,1,1.0
42,4,652.8,143.85,64.5,56.06,1,1,1.0
42,5,549.4,130.08,55.8,53.96,1,1,1.0
42,6,529.15,80.07,35.45,33.03,1,1,1.0
42,7,580.45,49.03,33.7,35.84,1,1,1.0
42,8,736.95,56.89,34.7,39.35,1,1,1.0
42,9,504.15,46.92,29.65,31.06,1,1,1.0
42,12,579.56,50.13,24.82,26.07,1,1,0.0359
43,3,599.25,296.68,118.15,129.12,1,1,1.0
43,4,654.9,144.97,65.05,56.63,1,1,1.0
43,5,550.4,130.64,56.6,54.95,1,1,1.0
43,6,530.15,80.07,35.55,33.03,1,1,1.0
43,7,581.55,48.88,33.9,35.56,1,1,1.0
43,8,736.65,55.63,34.7,38.92,1,1,1.0
43,9,504.85,46.36,29.65,31.34,1,1,1.0
43,12,579.78,50.4,24.91,26.13,1,1,0.0711
44,3,601.25,304.69,121.2,133.05,1,1,1.0
44,4,656.6,148.48,65.85,57.33,1,1,1.0
44,5,550.65,133.31,57.2,55.23,1,1,1.0
44,6,530.45,81.47,35.95,33.6,1,1,1.0
44,7,582.0,50.15,34.0,36.54,1,1,1.0
44,8,736.1,55.91,34.3,39.06,1,1,1.0
44,9,504.85,47.62,29.8,31.48,1,1,1.0
44,12,580.0,50.67,25.0,26.2,1,1,0.08
45,3,603.2,312.69,124.35,136.99,1,1,1.0
45,4,658.25,152.0,66.75,58.03,1,1,1.0
45,5,550.95,135.98,57.75,55.51,1,1,1.0
45,6,530.7,82.88,36.4,34.15,1,1,1.0
45,7,582.4,51.42,34.15,37.52,1,1,1.0
45,8,735.5,56.19,33.9,39.21,1,1,1.0
45,9,504.85,48.88,29.95,31.62,1,1,1.0
45,12,580.22,50.93,25.09,26.27,1,1,0.1036
46,3,605.15,320.7,127.45,140.92,1,1,1.0
46,4,659.95,155.51,67.6,58.73,1,1,1.0
46,5,551.2,138.65,58.35,55.79,1,1,1.0
46,6,531.0,84.28,36.8,34.72,1,1,1.0
46,7,582.85,52.68,34.25,38.51,1,1,1.0
46,8,734.95,56.47,33.45,39.35,1,1,1.0
46,9,504.85,50.15,30.1,31.76,1,1,1.0
46,12,580.44,51.2,25.18,26.33,1,1,0.1465
47,3,607.15,328.71,130.5,144.85,1,1,1.0
47,4,661.65,159.01,68.4,59.45,1,1,1.0
47,5,551.5,141.32,58.9,56.06,1,1,1.0
47,6,531.25,85.69,37.25,35.28,1,1,1.0
47,7,583.25,53.94,34.45,39.49,1,1,1.0
47,8,734.4,56.75,33.05,39.49,1,1,1.0
47,9,504.85,51.42,30.25,31.9,1,1,1.0
47,12,580.67,51.47,25.26,26.4,1,1,0.1862
48,3,609.1,336.71,133.6,148.79,1,1,1.0
48,4,663.3,162.53,69.3,60.14,1,1,1.0
48,5,551.8,143.99,59.4,56.35,1,1,1.0
48,6,531.55,87.1,37.65,35.84,1,1,1.0
48,7,583.65,55.2,34.6,40.48,1,1,1.0
48,8,733.85,57.03,32.6,39.64,1,1,1.0
48,9,504.85,52.68,30.35,32.04,1,1,1.0
48,12,580.89,51.73,25.35,26.47,1,1,0.2258
49,3,611.05,344.73,136.7,152.71,1,1,1.0
49,4,665.0,166.04,70.1,60.84,1,1,1.0
49,5,552.05,146.66,60.0,56.63,1,1,1.0
49,6,531.85,88.5,38.05,36.4,1,1,1.0
49,7,584.1,56.47,34.7,41.46,1,1,1.0
49,8,733.25,57.32,32.2,39.77,1,1,1.0
49,9,504.85,53.94,30.5,32.18,1,1,1.0
49,12,581.11,52.0,25.45,26.53,1,1,0.2662
50,3,612.75,353.15,140.9,151.45,1,1,1.0
50,4,666.95,167.59,71.25,62.38,1,1,1.0
50,5,552.65,147.64,60.7,57.19,1,1,1.0
50,6,532.25,88.36,38.1,36.68,1,1,1.0
50,7,584.65,56.05,34.6,41.6,1,1,1.0
50,8,732.7,56.19,31.9,39.49,1,1,1.0
50,9,505.0,53.8,30.65,32.04,1,1,1.0
50,12,581.33,52.27,25.54,26.6,1,1,0.2537
51,3,614.45,361.58,145.1,150.17,1,1,1.0
51,4,668.95,169.13,72.35,63.94,1,1,1.0
51,5,553.2,148.62,61.4,57.76,1,1,1.0
51,6,532.7,88.22,38.05,36.96,1,1,1.0
51,7,585.2,55.63,34.45,41.74,1,1,1.0
51,8,732.15,55.06,31.6,39.21,1,1,1.0
51,9,505.15,53.66,30.8,31.9,1,1,1.0
51,12,581.57,52.56,25.79,26.77,1,1,0.2391
52,3,616.1,370.01,149.35,148.94,1,1,1.0
52,4,670.9,170.68,73.5,65.48,1,1,1.0
52,5,553.75,149.6,62.1,58.32,1,1,1.0
52,6,533.1,88.08,38.1,37.24,1,1,1.0
52,7,585.8,55.2,34.25,41.88,1,1,1.0
52,8,731.6,53.94,31.35,38.93,1,1,1.0
52,9,505.3,53.52,30.9,31.76,1,1,1.0
52,12,581.8,52.86,26.05,26.94,1,1,0.2271
53,3,617.8,378.44,153.55,147.66,1,1,1.0
53,4,672.85,172.22,74.65,67.03,1,1,1.0
53,5,554.3,150.59,62.8,58.88,1,1,1.0
53,6,533.5,87.94,38.1,37.52,1,1,1.0
53,7,586.35,54.78,34.15,42.02,1,1,1.0
53,8,731.05,52.82,31.05,38.65,1,1,1.0
53,9,505.45,53.38,31.05,31.62,1,1,1.0
53,12,582.04,53.16,26.3,27.11,1,1,0.2139
54,3,619.5,386.87,157.75,146.38,1,1,1.0
54,4,674.85,173.76,75.7,68.58,1,1,1.0
54,5,554.85,151.57,63.55,59.44,1,1,1.0
54,6,533.95,87.8,38.1,37.8,1,1,1.0
54,7,586.9,54.36,34.0,42.16,1,1,1.0
54,8,730.45,51.7,30.8,38.36,1,1,1.0
54,9,505.55,53.24,31.2,31.48,1,1,1.0
54,12,582.27,53.46,26.56,27.28,1,1,0.2017
55,3,621.2,395.3,161.95,145.7,1,1,1.0
55,4,676.8,175.31,76.85,70.12,1,1,1.0
55,5,555.45,152.56,64.2,60.0,1,1,1.0
55,6,534.35,87.66,38.1,38.08,1,1,1.0
55,7,587.45,53.94,33.9,42.3,1,1,1.0
55,8,729.9,50.57,30.5,38.08,1,1,1.0
55,9,505.7,53.1,31.35,31.34,1,1,1.0
55,12,582.51,53.76,26.81,27.45,1,1,0.1896
56,3,623.55,407.51,161.85,133.49,1,1,1.0
56,4,678.5,177.98,78.65,71.38,1,1,1.0
56,5,555.6,154.66,65.15,60.43,1,1,1.0
56,6,534.35,88.5,38.1,38.08,1,1,1.0
56,7,587.45,54.08,34.45,42.44,1,1,1.0
56,8,729.05,49.87,30.35,37.95,1,1,1.0
56,9,505.45,52.96,31.6,32.04,1,1,1.0
56,12,582.74,54.06,27.07,27.62,1,1,0.1748
57,3,625.95,419.74,161.7,121.26,1,1,1.0
57,4,680.2,180.65,80.5,72.64,1,1,1.0
57,5,555.7,156.77,66.2,60.84,1,1,1.0
57,6,534.35,89.34,38.1,38.09,1,1,1.0
57,7,587.45,54.22,35.0,42.58,1,1,1.0
57,8,728.2,49.17,30.25,37.8,1,1,1.0
57,9,505.15,52.82,31.9,32.74,1,1,1.0
57,12,582.98,54.36,27.32,27.8,1,1,0.1636
58,3,628.35,431.96,161.55,109.04,1,1,1.0
58,4,681.85,183.32,82.35,73.91,1,1,1.0
58,5,555.85,158.88,67.15,61.26,1,1,1.0
58,6,534.35,90.18,38.1,38.08,1,1,1.0
58,7,587.45,54.36,35.55,42.72,1,1,1.0
58,8,727.35,48.46,30.1,37.66,1,1,1.0
58,9,504.85,52.68,32.2,33.44,1,1,1.0
58,12,583.21,54.66,27.58,27.96,1,1,0.1537
59,3,630.75,444.18,161.4,96.82,1,1,1.0
59,4,683.55,185.99,84.15,75.17,1,1,1.0
59,5,556.0,160.99,68.15,61.68,1,1,1.0
59,6,534.35,91.02,38.1,38.08,1,1,1.0
59,7,587.45,54.5,36.15,42.86,1,1,1.0
59,8,726.55,47.76,29.9,37.52,1,1,1.0
59,9,504.6,52.54,32.45,34.16,1,1,1.0
59,12,583.45,54.96,27.83,28.14,1,1,0.1437
60,3,633.1,456.4,161.3,84.6,1,1,1.0
60,4,685.25,188.66,85.95,76.43,1,1,1.0
60,5,556.15,163.09,69.1,62.1,1,1,1.0
60,6,534.35,91.87,38.1,38.09,1,1,1.0
60,7,587.45,54.64,36.7,43.0,1,1,1.0
60,8,725.7,47.06,29.8,37.38,1,1,1.0
60,9,504.3,52.4,32.75,34.85,1,1,1.0
60,12,583.68,55.25,28.09,28.31,1,1,0.1342
61,3,635.5,468.62,161.15,72.38,1,1,1.0
61,4,686.9,191.32,87.85,77.7,1,1,1.0
61,5,556.3,165.2,70.1,62.52,1,1,1.0
61,6,534.35,92.72,38.1,38.08,1,1,1.0
61,7,587.45,54.78,37.25,43.14,1,1,1.0
61,8,724.85,46.36,29.65,37.24,1,1,1.0
61,9,504.0,52.26,33.05,35.56,1,1,1.0
61,12,583.91,55.55,28.35,28.48,1,1,0.1249
62,4,688.75,194.69,89.5,79.25,1,1,1.0
62,5,556.4,167.44,71.55,63.8,1,1,1.0
62,6,533.95,93.28,38.9,38.51,1,1,1.0
62,7,587.45,55.34,37.4,43.14,1,1,1.0
62,8,723.7,45.94,29.7,36.68,1,1,1.0
62,9,503.75,52.68,33.3,35.14,1,1,1.0
62,12,584.15,55.85,28.6,28.65,1,1,0.1154
63,4,690.55,198.07,91.2,80.79,1,1,1.0
63,5,556.55,169.69,72.95,65.06,1,1,1.0
63,6,533.5,93.84,39.8,38.92,1,1,1.0
63,7,587.45,55.91,37.55,43.14,1,1,1.0
63,8,722.6,45.51,29.65,36.12,1,1,1.0
63,9,503.45,53.1,33.6,34.72,1,1,1.0
63,12,584.38,56.15,28.87,28.82,1,1,0.1063
64,4,692.4,201.44,92.85,82.33,1,1,1.0
64,5,556.7,171.94,74.35,66.32,1,1,1.0
64,6,533.1,94.4,40.6,39.35,1,1,1.0
64,7,587.45,56.47,37.7,43.14,1,1,1.0
64,8,721.45,45.09,29.7,35.56,1,1,1.0
64,9,503.2,53.52,33.85,34.3,1,1,1.0
64,12,584.62,56.45,29.12,28.99,1,1,0.0979
65,4,694.2,204.81,94.6,83.88,1,1,1.0
65,5,556.85,174.19,75.7,67.59,1,1,1.0
65,6,532.7,94.96,41.45,39.77,1,1,1.0
65,7,587.45,57.03,37.8,43.14,1,1,1.0
65,8,720.35,44.67,29.65,34.99,1,1,1.0
65,9,502.9,53.94,34.15,33.88,1,1,1.0
65,12,584.85,56.75,29.38,29.16,1,1,0.0973
66,4,696.05,208.19,96.25,85.42,1,1,1.0
66,5,557.0,176.44,77.1,68.85,1,1,1.0
66,6,532.25,95.52,42.3,40.2,1,1,1.0
66,7,587.45,57.6,37.95,43.14,1,1,1.0
66,8,719.25,44.25,29.65,34.43,1,1,1.0
66,9,502.6,54.36,34.45,33.45,1,1,1.0
66,12,585.09,57.04,29.63,29.33,1,1,0.0969
67,4,697.9,211.56,97.9,86.96,1,1,1.0
67,5,557.1,178.69,78.55,70.1,1,1,1.0
67,6,531.85,96.08,43.15,40.62,1,1,1.0
67,7,587.45,58.16,38.1,43.14,1,1,1.0
67,8,718.1,43.83,29.65,33.87,1,1,1.0
67,9,502.35,54.78,34.7,33.03,1,1,1.0
67,12,585.32,57.34,29.89,29.5,1,1,0.0968
68,4,701.25,215.63,99.75,88.8,1,1,1.0
68,5,558.4,180.51,79.25,71.09,1,1,1.0
68,6,532.0,96.36,43.0,40.76,1,1,1.0
68,7,588.0,58.02,38.4,43.7,1,1,1.0
68,8,717.95,42.56,29.25,34.29,1,1,1.0
68,9,502.75,54.5,34.7,33.59,1,1,1.0
68,12,585.56,57.64,30.14,29.67,1,1,0.0925
69,4,704.6,219.7,101.6,90.62,1,1,1.0
69,5,559.65,182.34,79.95,72.07,1,1,1.0
69,6,532.1,96.64,42.9,40.9,1,1,1.0
69,7,588.6,57.88,38.65,44.26,1,1,1.0
69,8,717.8,41.3,28.85,34.72,1,1,1.0
69,9,503.2,54.22,34.7,34.15,1,1,1.0
69,12,585.79,57.94,30.4,29.84,1,1,0.0924
70,4,708.0,223.78,103.4,92.45,1,1,1.0
70,5,560.9,184.16,80.65,73.07,1,1,1.0
70,6,532.25,96.92,42.75,41.04,1,1,1.0
70,7,589.15,57.74,38.95,44.84,1,1,1.0
70,8,717.7,40.03,28.35,35.14,1,1,1.0
70,9,503.6,53.94,34.7,34.72,1,1,1.0
70,12,586.03,58.24,30.65,30.01,1,1,0.1018
71,4,711.35,227.85,105.25,94.28,1,1,1.0
71,5,562.2,185.99,81.35,74.05,1,1,1.0
71,6,532.4,97.21,42.6,41.17,1,1,1.0
71,7,589.7,57.6,39.2,45.4,1,1,1.0
71,8,717.55,38.77,27.95,35.55,1,1,1.0
71,9,504.0,53.66,34.75,35.28,1,1,1.0
71,12,586.26,58.54,30.91,30.18,1,1,0.1113
72,4,714.75,231.93,107.05,96.09,1,1,1.0
72,5,563.45,187.82,82.05,75.03,1,1,1.0
72,6,532.55,97.49,42.45,41.32,1,1,1.0
72,7,590.25,57.46,39.5,45.96,1,1,1.0
72,8,717.4,37.51,27.55,35.98,1,1,1.0
72,9,504.45,53.38,34.7,35.84,1,1,1.0
72,12,586.5,58.84,31.16,30.36,1,1,0.1203
73,4,718.1,236.0,108.9,97.93,1,1,1.0
73,5,564.7,189.64,82.75,76.01,1,1,1.0
73,6,532.7,97.77,42.3,41.45,1,1,1.0
73,7,590.85,57.32,39.75,46.52,1,1,1.0
73,8,717.25,36.24,27.15,36.4,1,1,1.0
73,9,504.85,53.1,34.75,36.4,1,1,1.0
73,12,586.73,59.14,31.42,30.52,1,1,0.1311
74,4,721.35,241.19,111.95,101.58,1,1,1.0
74,5,565.55,193.15,84.85,78.27,1,1,1.0
74,6,532.4,99.04,42.7,42.16,1,1,1.0
74,7,591.1,58.16,40.05,46.8,1,1,1.0
74,8,716.4,36.38,27.3,35.7,1,1,1.0
74,9,504.7,53.94,35.0,36.26,1,1,1.0
74,12,586.97,59.44,31.67,30.7,1,1,0.1304
75,4,724.55,246.39,115.1,105.24,1,1,1.0
75,5,566.4,196.66,86.95,80.51,1,1,1.0
75,6,532.1,100.3,43.15,42.86,1,1,1.0
75,7,591.4,59.0,40.35,47.08,1,1,1.0
75,8,715.6,36.52,27.4,35.0,1,1,1.0
75,9,504.6,54.78,35.25,36.12,1,1,1.0
75,12,587.2,59.73,31.93,30.87,1,1,0.1315
76,4,727.8,251.59,118.15,108.89,1,1,1.0
76,5,567.25,200.18,89.05,82.75,1,1,1.0
76,6,531.85,101.57,43.55,43.56,1,1,1.0
76,7,591.7,59.84,40.6,47.36,1,1,1.0
76,8,714.75,36.66,27.55,34.29,1,1,1.0
76,9,504.45,55.63,35.55,35.98,1,1,1.0
76,12,587.43,60.03,32.19,31.04,1,1,0.1326
77,4,731.05,256.79,121.2,112.53,1,1,1.0
77,5,568.1,203.69,91.15,85.0,1,1,1.0
77,6,531.55,102.83,44.0,44.27,1,1,1.0
77,7,591.95,60.68,40.9,47.64,1,1,1.0
77,8,713.9,36.8,27.7,33.59,1,1,1.0
77,9,504.3,56.47,35.85,35.84,1,1,1.0
77,12,587.67,60.33,32.44,31.21,1,1,0.1418
78,4,734.25,261.99,124.35,116.19,1,1,1.0
78,5,568.9,207.2,93.3,87.25,1,1,1.0
78,6,531.25,104.09,44.45,44.97,1,1,1.0
78,7,592.25,61.53,41.15,47.91,1,1,1.0
78,8,713.05,36.94,27.85,32.89,1,1,1.0
78,9,504.15,57.32,36.15,35.7,1,1,1.0
78,12,587.9,60.63,32.71,31.38,1,1,0.1579
79,4,737.5,267.18,127.4,119.84,1,1,1.0
79,5,569.75,210.71,95.4,89.5,1,1,1.0
79,6,531.0,105.36,44.8,45.67,1,1,1.0
79,7,592.5,62.37,41.5,48.2,1,1,1.0
79,8,712.2,37.08,27.95,32.18,1,1,1.0
79,9,504.0,58.16,36.4,35.56,1,1,1.0
79,12,588.14,60.93,32.96,31.55,1,1,0.1719
80,4,741.4,274.35,131.95,123.21,1,1,1.0
80,5,571.3,214.37,97.25,91.74,1,1,1.0
80,6,531.0,106.48,45.1,45.95,1,1,1.0
80,7,593.2,62.93,41.5,48.63,1,1,1.0
80,8,712.05,36.52,27.7,32.33,1,1,1.0
80,9,504.3,58.44,36.8,35.98,1,1,1.0
80,12,588.37,61.23,33.22,31.72,1,1,0.1913
81,4,745.35,281.51,136.4,126.59,1,1,1.0
81,5,572.85,218.01,99.05,94.0,1,1,1.0
81,6,531.0,107.61,45.4,46.23,1,1,1.0
81,7,593.9,63.5,41.5,49.04,1,1,1.0
81,8,711.9,35.96,27.45,32.47,1,1,1.0
81,9,504.6,58.72,37.25,36.4,1,1,1.0
81,12,588.61,61.52,33.47,31.89,1,1,0.2101
82,4,749.3,288.68,140.9,129.95,1,1,1.0
82,5,574.4,221.67,100.9,96.24,1,1,1.0
82,6,531.0,108.72,45.65,46.52,1,1,1.0
82,7,594.65,64.06,41.45,49.46,1,1,1.0
82,8,711.8,35.4,27.1,32.6,1,1,1.0
82,9,504.85,59.0,37.7,36.82,1,1,1.0
82,12,588.84,61.82,33.73,32.06,1,1,0.2299
83,4,753.2,295.84,145.45,133.33,1,1,1.0
83,5,575.95,225.32,102.7,98.49,1,1,1.0
83,6,531.0,109.85,45.95,46.8,1,1,1.0
83,7,595.35,64.62,41.45,49.89,1,1,1.0
83,8,711.65,34.84,26.85,32.75,1,1,1.0
83,9,505.15,59.28,38.1,37.24,1,1,1.0
83,12,589.08,62.12,33.98,32.23,1,1,0.2477
84,4,757.15,303.01,149.9,136.69,1,1,1.0
84,5,577.5,228.97,104.5,100.74,1,1,1.0
84,6,531.0,110.97,46.2,47.08,1,1,1.0
84,7,596.05,65.18,41.45,50.31,1,1,1.0
84,8,711.5,34.28,26.55,32.89,1,1,1.0
84,9,505.45,59.56,38.5,37.66,1,1,1.0
84,12,589.31,62.42,34.24,32.4,1,1,0.2652
85,4,761.1,310.17,154.4,140.07,1,1,1.0
85,5,579.05,232.63,106.35,102.98,1,1,1.0
85,6,531.0,112.1,46.5,47.36,1,1,1.0
85,7,596.75,65.74,41.45,50.73,1,1,1.0
85,8,711.35,33.71,26.3,33.03,1,1,1.0
85,9,505.7,59.84,38.95,38.08,1,1,1.0
85,12,589.55,62.72,34.49,32.57,1,1,0.2821
86,4,767.55,318.88,155.4,146.38,1,1,1.0
86,5,581.15,237.54,108.05,105.38,1,1,1.0
86,6,530.7,112.94,46.65,47.78,1,1,1.0
86,7,597.15,66.31,41.9,50.86,1,1,1.0
86,8,710.8,33.57,26.3,32.75,1,1,1.0
86,9,505.7,60.12,38.95,38.36,1,1,1.0
86,12,589.78,63.02,34.75,32.74,1,1,0.2912
87,4,774.0,327.58,156.4,152.72,1,1,1.0
87,5,583.25,242.46,109.75,107.76,1,1,1.0
87,6,530.45,113.79,46.75,48.2,1,1,1.0
87,7,597.6,66.86,42.3,51.02,1,1,1.0
87,8,710.25,33.43,26.25,32.47,1,1,1.0
87,9,505.7,60.4,38.95,38.65,1,1,1.0
87,12,590.02,63.32,35.0,32.92,1,1,0.301
88,4,780.45,336.3,157.35,159.03,1,1,1.0
88,5,585.35,247.38,111.4,110.14,1,1,1.0
88,6,530.15,114.63,46.95,48.62,1,1,1.0
88,7,598.0,67.43,42.7,51.15,1,1,1.0
88,8,709.7,33.29,26.25,32.19,1,1,1.0
88,9,505.7,60.68,38.95,38.93,1,1,1.0
88,12,590.25,63.62,35.26,33.08,1,1,0.3097
89,4,786.95,345.01,158.3,165.34,1,1,1.0
89,5,587.45,252.29,113.1,112.54,1,1,1.0
89,6,529.85,115.47,47.1,49.04,1,1,1.0
89,7,598.4,67.99,43.15,51.29,1,1,1.0
89,8,709.1,33.15,26.3,31.9,1,1,1.0
89,9,505.7,60.96,38.95,39.21,1,1,1.0
89,12,590.49,63.92,35.51,33.26,1,1,0.318
90,4,793.4,353.71,167.6,171.69,1,1,1.0
90,5,589.55,257.21,114.8,114.92,1,1,1.0
90,6,529.6,116.32,47.2,49.46,1,1,1.0
90,7,598.85,68.55,43.55,51.43,1,1,1.0
90,8,708.55,33.01,26.3,31.62,1,1,1.0
90,9,505.7,61.24,38.95,39.49,1,1,1.0
90,12,590.72,64.21,35.77,33.43,1,1,0.3275
91,4,799.85,362.43,161.15,178.57,1,1,1.0
91,5,591.7,262.13,116.45,117.31,1,1,1.0
91,6,529.3,117.16,47.35,49.88,1,1,1.0
91,7,599.25,69.11,44.0,51.58,1,1,1.0
91,8,708.0,32.87,26.25,31.34,1,1,1.0
91,9,505.7,61.53,38.95,39.77,1,1,1.0
91,10,541.95,33.71,24.6,22.07,1,1,1.0
91,12,590.95,64.51,36.03,33.6,1,1,0.3358
92,4,806.3,374.51,154.7,166.49,1,1,1.0
92,5,594.35,268.02,119.3,119.99,1,1,1.0
92,6,528.9,118.56,48.2,50.31,1,1,1.0
92,7,599.7,69.82,44.55,52.56,1,1,1.0
92,8,707.55,32.31,26.3,31.34,1,1,1.0
92,9,506.0,62.09,39.05,39.77,1,1,1.0
92,10,542.25,33.85,24.6,22.63,1,1,1.0
92,12,591.19,64.81,36.28,33.77,1,1,0.348
93,4,812.8,386.58,148.2,154.42,1,1,1.0
93,5,597.0,273.93,122.1,122.64,1,1,1.0
93,6,528.45,119.97,49.05,50.72,1,1,1.0
93,7,600.1,70.52,45.1,53.54,1,1,1.0
93,8,707.15,31.75,26.3,31.34,1,1,1.0
93,9,506.25,62.65,39.25,39.77,1,1,1.0
93,10,542.5,33.99,24.6,23.2,1,1,1.0
93,12,591.42,65.11,36.55,33.94,1,1,0.3591
94,4,819.25,398.67,141.75,142.33,1,1,1.0
94,5,599.7,279.82,124.9,125.32,1,1,1.0
94,6,528.05,121.37,49.9,51.15,1,1,1.0
94,7,600.55,71.22,45.65,54.52,1,1,1.0
94,8,706.75,31.19,26.25,31.34,1,1,1.0
94,9,506.55,63.22,39.35,39.78,1,1,1.0
94,10,542.8,34.14,24.6,23.76,1,1,1.0
94,12,591.66,65.41,36.8,34.11,1,1,0.3708
95,4,825.7,410.75,135.3,130.25,1,1,1.0
95,5,602.35,285.73,127.7,127.98,1,1,1.0
95,6,527.6,122.78,50.75,51.57,1,1,1.0
95,7,600.95,71.92,46.25,55.5,1,1,1.0
95,8,706.3,30.62,26.3,31.34,1,1,1.0
95,9,506.85,63.78,39.45,39.78,1,1,1.0
95,10,543.05,34.28,24.6,24.32,1,1,1.0
95,12,591.89,65.71,37.06,34.28,1,1,0.3815
96,4,832.15,422.82,128.85,118.18,1,1,1.0
96,5,605.0,291.63,130.55,130.65,1,1,1.0
96,6,527.2,124.18,51.55,51.99,1,1,1.0
96,7,601.35,72.62,46.8,56.48,1,1,1.0
96,8,705.9,30.06,26.25,31.34,1,1,1.0
96,9,507.1,64.33,39.65,39.78,1,1,1.0
96,10,543.35,34.42,24.6,24.88,1,1,1.0
96,12,592.13,66.0,37.31,34.45,1,1,0.3918
97,4,838.65,434.91,122.35,106.09,1,1,1.0
97,5,607.7,297.52,133.3,133.33,1,1,1.0
97,6,526.8,125.58,52.4,52.42,1,1,1.0
97,7,601.8,73.32,47.35,57.48,1,1,1.0
97,8,705.45,29.5,26.3,31.34,1,1,1.0
97,9,507.4,64.9,39.75,39.77,1,1,1.0
97,10,543.65,34.56,24.6,25.44,1,1,1.0
97,11,921.25,128.96,38.9,61.68,1,1,1.0
97,12,592.36,66.3,37.57,34.62,1,1,0.4031
98,5,610.35,305.11,137.7,138.1,1,1,1.0
98,6,526.65,127.27,52.4,53.26,1,1,1.0
98,7,602.65,74.73,47.2,57.62,1,1,1.0
98,8,705.2,29.5,26.1,31.2,1,1,1.0
98,9,507.8,66.03,39.95,40.34,1,1,1.0
98,10,543.65,35.26,24.85,25.44,1,1,1.0
98,11,917.7,127.55,42.45,61.69,1,1,1.0
98,12,592.6,66.6,37.82,34.79,1,1,0.4373
99,5,613.05,312.69,142.0,142.88,1,1,1.0
99,6,526.5,128.96,52.4,54.1,1,1,1.0
99,7,603.5,76.14,47.05,57.76,1,1,1.0
99,8,704.9,29.5,26.0,31.06,1,1,1.0
99,9,508.25,67.14,40.05,40.9,1,1,1.0
99,10,543.65,35.96,25.15,25.44,1,1,1.0
99,11,914.2,126.15,45.95,61.68,1,1,1.0
99,12,592.83,66.9,38.08,34.96,1,1,0.4703
100,5,615.7,320.28,146.4,147.66,1,1,1.0
100,6,526.35,130.64,52.4,54.95,1,1,1.0
100,7,604.3,77.54,46.95,57.9,1,1,1.0
100,8,704.6,29.5,25.9,30.92,1,1,1.0
100,9,508.65,68.27,40.2,41.45,1,1,1.0
100,10,543.65,36.66,25.45,25.44,1,1,1.0
100,11,910.7,124.74,49.45,61.69,1,1,1.0
100,12,593.07,67.2,38.33,35.13,1,1,0.5011
101,5,618.35,327.87,150.75,152.43,1,1,1.0
101,6,526.2,132.32,52.45,55.79,1,1,1.0
101,7,605.15,78.94,46.8,58.04,1,1,1.0
101,8,704.35,29.5,25.7,30.78,1,1,1.0
101,9,509.1,69.4,40.3,42.02,1,1,1.0
101,10,543.65,37.37,25.7,25.44,1,1,1.0
101,11,907.2,123.33,52.95,61.69,1,1,1.0
101,12,593.8,67.65,38.73,35.4,1,1,0.5186
102,5,621.05,335.45,155.1,157.21,1,1,1.0
102,6,526.1,134.01,52.4,56.63,1,1,1.0
102,7,606.0,80.35,46.65,58.18,1,1,1.0
102,8,704.05,29.5,25.6,30.64,1,1,1.0
102,9,509.5,70.52,40.45,42.58,1,1,1.0
102,10,543.65,38.07,26.0,25.44,1,1,1.0
102,11,903.65,121.93,56.5,61.69,1,1,1.0
102,12,594.54,68.1,39.11,35.66,1,1,0.5358
103,5,623.7,343.04,159.45,161.96,1,1,1.0
103,6,525.95,135.7,52.4,57.47,1,1,1.0
103,7,606.85,81.76,46.5,58.32,1,1,1.0
103,8,703.8,29.5,25.4,30.5,1,1,1.0
103,9,509.9,71.64,40.65,43.15,1,1,1.0
103,10,543.65,38.77,26.25,25.44,1,1,1.0
103,11,900.15,120.53,60.0,61.68,1,1,1.0
103,12,595.28,68.56,39.5,35.91,1,1,0.5528
104,5,627.8,351.89,164.9,159.01,1,1,1.0
104,6,525.65,136.54,53.0,57.61,1,1,1.0
104,7,607.4,81.76,47.1,59.02,1,1,1.0
104,8,703.65,28.52,25.15,30.22,1,1,1.0
104,9,510.05,71.22,40.9,43.29,1,1,1.0
104,10,543.9,38.21,26.3,25.44,1,1,1.0
104,11,897.5,118.28,62.65,60.7,1,1,1.0
104,12,596.02,69.01,39.88,36.18,1,1,0.5371
105,5,631.85,360.74,170.4,156.06,1,1,1.0
105,6,525.35,137.38,53.55,57.75,1,1,1.0
105,7,607.95,81.76,47.65,59.72,1,1,1.0
105,8,703.5,27.53,24.85,29.94,1,1,1.0
105,9,510.2,70.8,41.2,43.42,1,1,1.0
105,10,544.2,37.65,26.3,25.44,1,1,1.0
105,11,894.8,116.03,65.35,59.72,1,1,1.0
105,12,596.75,69.46,40.28,36.44,1,1,0.5216
106,5,635.95,369.58,175.85,153.12,1,1,1.0
106,6,525.1,138.22,54.1,57.9,1,1,1.0
106,7,608.55,81.76,48.2,60.42,1,1,1.0
106,8,703.35,26.55,24.6,29.66,1,1,1.0
106,9,510.35,70.38,41.45,43.56,1,1,1.0
106,10,544.5,37.08,26.25,25.44,1,1,1.0
106,11,892.15,113.79,68.0,58.73,1,1,1.0
106,12,597.49,69.91,40.67,36.7,1,1,0.5069
107,5,640.0,378.44,181.35,150.16,1,1,1.0
107,6,524.8,139.07,54.65,58.03,1,1,1.0
107,7,609.1,81.76,48.75,61.12,1,1,1.0
107,8,703.2,25.57,24.35,29.37,1,1,1.0
107,9,510.5,69.96,41.7,43.7,1,1,1.0
107,10,544.75,36.52,26.3,25.44,1,1,1.0
107,11,889.5,111.54,70.65,57.75,1,1,1.0
107,12,598.23,70.37,41.05,36.96,1,1,0.4913
108,5,644.05,387.29,186.85,147.21,1,1,1.0
108,6,524.55,139.91,55.2,58.18,1,1,1.0
108,7,609.65,81.76,49.35,61.82,1,1,1.0
108,8,703.05,24.58,24.05,29.1,1,1,1.0
108,9,510.6,69.54,42.05,43.84,1,1,1.0
108,10,545.05,35.96,26.25,25.44,1,1,1.0
108,11,886.8,109.29,73.35,56.77,1,1,1.0
108,12,598.97,70.82,41.44,37.22,1,1,0.4758
109,5,648.15,396.13,192.3,144.87,1,1,1.0
109,6,524.25,140.76,55.8,58.31,1,1,1.0
109,7,610.2,81.76,49.9,62.54,1,1,1.0
109,8,702.95,23.6,23.75,28.82,1,1,1.0
109,9,510.75,69.11,42.3,43.98,1,1,1.0
109,10,545.3,35.4,26.3,25.44,1,1,1.0
109,11,884.15,107.04,76.0,55.78,1,1,1.0
109,12,599.7,71.27,41.84,37.48,1,1,0.4605
110,5,653.75,408.92,190.65,132.08,1,1,1.0
110,6,523.95,142.02,56.35,58.74,1,1,1.0
110,7,611.05,82.32,50.45,62.94,1,1,1.0
110,8,702.8,22.62,23.75,28.95,1,1,1.0
110,9,511.05,69.11,42.45,44.4,1,1,1.0
110,10,545.6,35.4,26.45,25.44,1,1,1.0
110,11,881.9,105.22,75.6,55.5,1,1,1.0
110,12,600.44,71.72,42.22,37.75,1,1,0.4615
111,5,659.4,421.7,188.95,119.3,1,1,1.0
111,6,523.7,143.29,56.9,59.15,1,1,1.0
111,7,611.9,82.88,51.0,63.37,1,1,1.0
111,8,702.65,21.63,23.75,29.1,1,1,1.0
111,9,511.35,69.11,42.55,44.82,1,1,1.0
111,10,545.9,35.4,26.55,25.44,1,1,1.0
111,11,879.65,103.39,75.15,55.22,1,1,1.0
111,12,601.18,72.18,42.61,38.0,1,1,0.4624
112,5,665.0,434.49,187.25,106.51,1,1,1.0
112,6,523.4,144.55,57.5,59.58,1,1,1.0
112,7,612.75,83.44,51.55,63.8,1,1,1.0
112,8,702.5,20.65,23.75,29.24,1,1,1.0
112,9,511.6,69.11,42.75,45.24,1,1,1.0
112,10,546.15,35.4,26.7,25.44,1,1,1.0
112,11,877.4,101.57,74.75,54.94,1,1,1.0
112,12,601.91,72.63,43.0,38.26,1,1,0.4634
113,5,670.6,447.27,185.6,93.73,1,1,1.0
113,6,523.15,145.81,58.0,60.0,1,1,1.0
113,7,613.6,84.0,52.1,64.22,1,1,1.0
113,8,702.35,19.67,23.8,29.38,1,1,1.0
113,9,511.9,69.11,42.85,45.68,1,1,1.0
113,10,546.45,35.4,26.85,25.44,1,1,1.0
113,11,875.15,99.74,74.35,54.66,1,1,1.0
113,12,602.65,73.08,43.39,38.53,1,1,0.4643
114,5,676.25,460.06,183.9,80.94,1,1,1.0
114,6,522.85,147.07,58.6,60.43,1,1,1.0
114,7,614.45,84.56,52.7,64.64,1,1,1.0
114,8,702.25,18.68,23.75,29.52,1,1,1.0
114,9,512.15,69.11,43.0,46.1,1,1,1.0
114,10,546.75,35.4,26.95,25.44,1,1,1.0
114,11,872.9,97.91,73.9,54.38,1,1,1.0
114,12,603.39,73.53,43.78,38.79,1,1,0.4652
115,5,681.85,472.83,182.2,68.17,1,1,1.0
115,6,522.55,148.34,59.15,60.85,1,1,1.0
115,7,615.3,85.12,53.25,65.06,1,1,1.0
115,8,702.1,17.7,23.75,29.66,1,1,1.0
115,9,512.45,69.11,43.15,46.52,1,1,1.0
115,10,547.0,35.4,27.15,25.44,1,1,1.0
115,11,870.65,96.08,73.5,54.1,1,1,1.0
115,12,604.13,73.99,44.16,39.04,1,1,0.4661
116,6,521.85,150.45,59.75,62.11,1,1,1.0
116,7,615.4,86.39,54.0,65.76,1,1,1.0
116,8,701.4,17.42,23.75,29.8,1,1,1.0
116,9,512.45,69.96,43.55,46.66,1,1,1.0
116,10,546.85,35.68,27.4,25.58,1,1,1.0
116,11,868.15,94.96,72.6,53.68,1,1,1.0
116,12,604.86,74.44,44.56,39.31,1,1,0.4687
117,6,521.15,152.56,60.3,63.37,1,1,1.0
117,7,615.55,87.66,54.65,66.46,1,1,1.0
117,8,700.7,17.14,23.75,29.94,1,1,1.0
117,9,512.45,70.8,44.0,46.8,1,1,1.0
117,10,546.75,35.96,27.65,25.72,1,1,1.0
117,11,865.6,93.84,71.8,53.26,1,1,1.0
117,12,605.6,74.89,44.95,39.57,1,1,0.4725
118,6,520.45,154.66,60.85,64.63,1,1,1.0
118,7,615.7,88.92,55.35,67.17,1,1,1.0
118,8,700.0,16.86,23.75,30.08,1,1,1.0
118,9,512.45,71.64,44.4,46.94,1,1,1.0
118,10,546.6,36.24,27.95,25.86,1,1,1.0
118,11,863.05,92.72,71.0,52.84,1,1,1.0
118,12,606.34,75.34,45.33,39.83,1,1,0.477
119,6,519.75,156.77,61.4,65.9,1,1,1.0
119,7,615.85,90.18,56.05,67.86,1,1,1.0
119,8,699.3,16.58,23.75,30.22,1,1,1.0
119,9,512.45,72.48,44.85,47.08,1,1,1.0
119,10,546.45,36.52,28.25,26.01,1,1,1.0
119,11,860.55,91.59,70.1,52.42,1,1,1.0
119,12,607.08,75.8,45.72,40.1,1,1,0.4819
120,6,519.05,158.88,61.95,67.16,1,1,1.0
120,7,616.0,91.45,56.75,68.56,1,1,1.0
120,8,698.6,16.3,23.75,30.36,1,1,1.0
120,9,512.45,73.32,45.25,47.22,1,1,1.0
120,10,546.3,36.8,28.55,26.15,1,1,1.0
120,11,858.0,90.46,69.3,52.0,1,1,1.0
120,12,607.81,76.25,46.11,40.35,1,1,0.4874
121,6,518.35,160.99,62.55,68.42,1,1,1.0
121,7,616.1,92.72,57.5,69.28,1,1,1.0
121,8,697.9,16.01,23.75,30.5,1,1,1.0
121,9,512.45,74.17,45.65,47.36,1,1,1.0
121,10,546.15,37.08,28.85,26.28,1,1,1.0
121,11,855.5,89.34,68.4,51.57,1,1,1.0
121,12,608.55,76.7,46.5,40.62,1,1,0.4926
122,6,517.65,163.51,63.35,68.99,1,1,1.0
122,7,616.8,94.12,58.05,70.25,1,1,1.0
122,8,697.6,16.15,23.6,29.8,1,1,1.0
122,9,512.6,75.16,45.95,47.92,1,1,1.0
122,10,546.0,37.79,29.0,26.29,1,1,1.0
122,11,853.4,88.64,67.85,51.15,1,1,1.0
122,12,609.4,77.68,46.05,40.9,1,1,0.4981
123,6,516.95,166.04,64.2,69.55,1,1,1.0
123,7,617.5,95.52,58.6,71.24,1,1,1.0
123,8,697.3,16.3,23.5,29.1,1,1,1.0
123,9,512.75,76.14,46.2,48.48,1,1,1.0
123,10,545.9,38.49,29.1,26.28,1,1,1.0
123,11,851.25,87.94,67.35,50.72,1,1,1.0
123,12,610.2,78.67,45.7,41.18,1,1,0.5037
124,6,516.25,168.57,65.05,70.11,1,1,1.0
124,7,618.25,96.92,59.15,72.22,1,1,1.0
124,8,697.05,16.44,23.3,28.39,1,1,1.0
124,9,512.85,77.12,46.55,49.04,1,1,1.0
124,10,545.75,39.19,29.25,26.29,1,1,1.0
124,11,849.15,87.24,66.75,50.3,1,1,1.0
124,12,611.05,79.65,45.25,41.46,1,1,0.5095
125,6,515.55,171.1,65.9,70.68,1,1,1.0
125,7,618.95,98.33,59.7,73.21,1,1,1.0
125,8,696.75,16.58,23.2,27.69,1,1,1.0
125,9,513.0,78.1,46.8,49.6,1,1,1.0
125,10,545.6,39.9,29.4,26.28,1,1,1.0
125,11,847.05,86.53,66.2,49.88,1,1,1.0
125,12,611.9,80.63,44.85,41.74,1,1,0.5146
126,6,514.85,173.63,66.75,71.24,1,1,1.0
126,7,619.65,99.74,60.25,74.19,1,1,1.0
126,8,696.45,16.72,23.1,26.99,1,1,1.0
126,9,513.15,79.08,47.1,50.18,1,1,1.0
126,10,545.45,40.6,29.55,26.28,1,1,1.0
126,11,844.95,85.83,65.6,49.46,1,1,1.0
126,12,612.75,81.61,44.4,42.02,1,1,0.5196
127,6,514.15,176.16,67.55,71.8,1,1,1.0
127,7,620.35,101.14,60.85,75.17,1,1,1.0
127,8,696.2,16.86,22.9,26.28,1,1,1.0
127,9,513.3,80.07,47.35,50.73,1,1,1.0
127,10,545.3,41.3,29.7,26.28,1,1,1.0
127,11,842.85,85.12,65.05,49.04,1,1,1.0
127,12,613.6,82.6,44.0,42.3,1,1,0.5245
128,6,513.55,179.25,68.6,72.92,1,1,1.0
128,7,621.05,102.97,61.65,76.01,1,1,1.0
128,8,695.75,16.86,22.8,26.57,1,1,1.0
128,9,513.45,81.47,47.35,50.88,1,1,1.0
128,10,545.45,42.14,29.8,26.57,1,1,1.0
128,11,840.9,84.42,64.45,48.62,1,1,1.0
128,12,614.15,84.0,44.55,42.72,1,1,0.5301
129,6,513.0,182.34,69.55,74.04,1,1,1.0
129,7,621.75,104.8,62.5,76.85,1,1,1.0
129,8,695.35,16.86,22.65,26.85,1,1,1.0
129,9,513.55,82.88,47.4,51.01,1,1,1.0
129,10,545.6,42.98,29.95,26.84,1,1,1.0
129,11,838.9,83.72,63.95,48.2,1,1,1.0
129,12,614.7,85.41,45.1,43.14,1,1,0.5355
130,6,512.45,185.43,70.55,75.17,1,1,1.0
130,7,622.45,106.62,63.35,77.7,1,1,1.0
130,8,694.95,16.86,22.45,27.13,1,1,1.0
130,9,513.7,84.28,47.35,51.16,1,1,1.0
130,10,545.75,43.83,30.05,27.13,1,1,1.0
130,11,836.95,83.02,63.35,47.78,1,1,1.0
130,12,615.3,86.82,45.65,43.56,1,1,0.54
131,6,511.9,188.51,71.5,76.3,1,1,1.0
131,7,623.15,108.44,64.2,78.55,1,1,1.0
131,8,694.5,16.86,22.35,27.41,1,1,1.0
131,9,513.85,85.69,47.35,51.29,1,1,1.0
131,10,545.9,44.67,30.2,27.41,1,1,1.0
131,11,835.0,82.32,62.8,47.36,1,1,1.0
131,12,615.85,88.22,46.2,43.99,1,1,0.545
132,6,511.35,191.6,72.5,77.42,1,1,1.0
132,7,623.85,110.27,65.05,79.39,1,1,1.0
132,8,694.1,16.86,22.2,27.69,1,1,1.0
132,9,514.0,87.1,47.35,51.44,1,1,1.0
132,10,546.0,45.51,30.4,27.69,1,1,1.0
132,11,833.0,81.61,62.25,46.94,1,1,1.0
132,12,616.4,89.62,46.8,44.41,1,1,0.5502
133,6,510.75,194.69,73.5,78.55,1,1,1.0
133,7,624.55,112.1,65.9,80.22,1,1,1.0
133,8,693.65,16.86,22.1,27.97,1,1,1.0
133,9,514.15,88.5,47.35,51.57,1,1,1.0
133,10,546.15,46.36,30.5,27.97,1,1,1.0
133,11,831.05,80.92,61.7,46.52,1,1,1.0
133,12,616.95,91.02,47.35,44.82,1,1,0.5552
134,6,509.9,198.21,74.5,79.53,1,1,1.0
134,7,625.4,114.07,67.0,81.06,1,1,1.0
134,9,513.85,89.48,48.05,52.28,1,1,1.0
134,10,546.3,46.92,30.5,28.25,1,1,1.0
134,11,829.2,80.07,61.3,46.37,1,1,1.0
134,12,617.5,92.29,48.35,44.83,1,1,0.5698
135,6,509.1,201.72,75.45,80.51,1,1,1.0
135,7,626.25,116.03,68.15,81.91,1,1,1.0
135,9,513.55,90.46,48.8,52.98,1,1,1.0
135,10,546.45,47.48,30.5,28.54,1,1,1.0
135,11,827.4,79.22,60.85,46.24,1,1,1.0
135,12,618.1,93.56,49.3,44.82,1,1,0.5838
136,6,508.25,205.24,76.4,81.49,1,1,1.0
136,7,627.1,118.0,69.25,82.76,1,1,1.0
136,9,513.3,91.45,49.45,53.68,1,1,1.0
136,10,546.6,48.04,30.5,28.81,1,1,1.0
136,11,825.55,78.39,60.45,46.08,1,1,1.0
136,12,618.65,94.82,50.3,44.83,1,1,0.5982
137,6,507.4,208.75,77.4,82.47,1,1,1.0
137,7,627.9,119.97,70.4,83.6,1,1,1.0
137,9,513.0,92.43,50.2,54.38,1,1,1.0
137,10,546.75,48.6,30.45,29.1,1,1,1.0
137,11,823.75,77.54,60.0,45.96,1,1,1.0
137,12,619.2,96.08,51.3,44.82,1,1,0.6121
138,6,506.55,212.26,78.4,83.45,1,1,1.0
138,7,628.75,121.93,71.55,84.45,1,1,1.0
138,9,512.75,93.42,50.85,55.08,1,1,1.0
138,10,546.85,49.17,30.5,29.37,1,1,1.0
138,11,821.9,76.7,59.6,45.81,1,1,1.0
138,12,619.75,97.35,52.3,44.83,1,1,0.626
139,6,505.7,215.77,79.4,84.44,1,1,1.0
139,7,629.6,123.9,72.65,85.29,1,1,1.0
139,9,512.45,94.4,51.55,55.79,1,1,1.0
139,10,547.0,49.73,30.5,29.66,1,1,1.0
139,11,820.1,75.86,59.15,45.68,1,1,1.0
139,12,620.35,98.62,53.25,44.82,1,1,0.6398
140,6,505.0,219.42,80.8,86.69,1,1,1.0
140,7,631.0,126.01,73.35,86.27,1,1,1.0
140,9,512.6,95.94,52.0,55.92,1,1,1.0
140,10,547.15,50.43,30.8,29.8,1,1,1.0
140,11,818.55,75.16,58.75,45.4,1,1,1.0
140,12,621.2,99.88,53.65,45.68,1,1,0.6503
141,6,504.3,223.07,82.2,88.94,1,1,1.0
141,7,632.4,128.11,74.05,87.26,1,1,1.0
141,9,512.75,97.49,52.4,56.07,1,1,1.0
141,10,547.3,51.14,31.05,29.94,1,1,1.0
141,11,817.0,74.45,58.3,45.11,1,1,1.0
141,12,622.0,101.14,54.1,46.52,1,1,0.6605
142,6,503.6,226.72,83.6,91.19,1,1,1.0
142,7,633.8,130.22,74.75,88.24,1,1,1.0
142,9,512.85,99.04,52.85,56.2,1,1,1.0
142,10,547.45,51.84,31.3,30.08,1,1,1.0
142,11,815.45,73.75,57.9,44.83,1,1,1.0
142,12,622.85,102.41,54.55,47.35,1,1,0.6702
143,6,502.9,230.38,85.0,93.43,1,1,1.0
143,7,635.2,132.32,75.5,89.22,1,1,1.0
143,9,513.0,100.58,53.25,56.35,1,1,1.0
143,10,547.55,52.54,31.65,30.22,1,1,1.0
143,11,813.9,73.04,57.5,44.56,1,1,1.0
143,12,623.7,103.67,54.95,48.2,1,1,0.6793
144,6,502.2,234.03,86.4,95.68,1,1,1.0
144,7,636.65,134.44,76.15,90.19,1,1,1.0
144,9,513.15,102.13,53.7,56.48,1,1,1.0
144,10,547.7,53.24,31.9,30.36,1,1,1.0
144,11,812.35,72.34,57.05,44.26,1,1,1.0
144,12,624.55,104.94,55.35,49.03,1,1,0.6888
145,6,501.5,237.68,87.8,97.93,1,1,1.0
145,7,638.05,136.54,76.85,91.18,1,1,1.0
145,9,513.3,103.67,54.1,56.63,1,1,1.0
145,10,547.85,53.94,32.2,30.5,1,1,1.0
145,11,810.8,71.64,56.65,43.99,1,1,1.0
145,12,625.4,106.2,55.8,49.89,1,1,0.697
146,6,501.35,242.6,88.8,99.9,1,1,1.0
146,7,639.3,139.21,78.1,92.73,1,1,1.0
146,9,513.15,105.36,54.4,57.33,1,1,1.0
146,10,548.0,55.2,32.15,30.5,1,1,1.0
146,11,809.25,71.5,56.25,43.43,1,1,1.0
146,12,626.5,108.03,56.35,50.58,1,1,0.7036
147,6,501.2,247.51,89.8,101.87,1,1,1.0
147,7,640.55,141.88,79.4,94.28,1,1,1.0
147,9,513.0,107.04,54.65,58.03,1,1,1.0
147,10,548.15,56.47,32.15,30.5,1,1,1.0
147,11,807.75,71.36,55.75,42.86,1,1,1.0
147,12,627.65,109.85,56.9,51.29,1,1,0.7096
148,6,501.05,252.43,90.8,103.83,1,1,1.0
148,7,641.85,144.55,80.6,95.82,1,1,1.0
148,9,512.85,108.72,54.95,58.74,1,1,1.0
148,10,548.25,57.74,32.2,30.5,1,1,1.0
148,11,806.2,71.22,55.35,42.3,1,1,1.0
148,12,628.75,111.68,57.5,51.99,1,1,0.716
149,6,500.95,257.35,91.75,105.79,1,1,1.0
149,7,643.1,147.22,81.9,97.36,1,1,1.0
149,9,512.75,110.42,55.2,59.43,1,1,1.0
149,10,548.4,59.0,32.2,30.5,1,1,1.0
149,11,804.65,71.08,54.95,41.74,1,1,1.0
149,12,629.9,113.51,58.0,52.69,1,1,0.7218
150,6,500.8,262.26,92.7,107.76,1,1,1.0
150,7,644.35,149.88,83.2,98.91,1,1,1.0
150,9,512.6,112.1,55.5,60.14,1,1,1.0
150,10,548.55,60.26,32.2,30.5,1,1,1.0
150,11,803.1,70.94,54.5,41.17,1,1,1.0
150,12,631.0,115.33,58.6,53.39,1,1,0.7275
151,6,500.65,267.18,93.7,109.73,1,1,1.0
151,7,645.6,152.56,84.45,100.45,1,1,1.0
151,9,512.45,113.79,55.8,60.84,1,1,1.0
151,10,548.7,61.53,32.2,30.5,1,1,1.0
151,11,801.55,70.8,54.1,40.62,1,1,1.0
151,12,632.15,117.16,59.15,54.1,1,1,0.7329
152,6,499.94,272.38,95.81,112.68,1,1,1.0
152,7,647.45,154.52,86.0,102.29,1,1,1.0
152,9,512.3,114.35,56.65,61.54,1,1,1.0
152,10,549.1,61.1,32.5,31.2,1,1,1.0
152,11,800.55,69.4,53.7,40.62,1,1,1.0
152,12,633.25,118.14,59.6,54.38,1,1,0.7479
153,6,499.25,277.57,97.9,115.63,1,1,1.0
153,7,649.25,156.49,87.55,104.11,1,1,1.0
153,9,512.15,114.91,57.5,62.25,1,1,1.0
153,10,549.55,60.68,32.75,31.9,1,1,1.0
153,11,799.6,67.99,53.25,40.62,1,1,1.0
153,12,634.4,119.12,60.0,54.67,1,1,0.7619
154,6,498.55,282.77,100.05,118.58,1,1,1.0
154,7,651.1,158.46,89.05,105.93,1,1,1.0
154,9,512.05,115.47,58.3,62.95,1,1,1.0
154,10,549.95,60.26,33.05,32.6,1,1,1.0
154,11,798.6,66.58,52.85,40.62,1,1,1.0
154,12,635.5,120.11,60.45,54.93,1,1,0.7761
155,6,497.84,287.97,102.16,121.53,1,1,1.0
155,7,652.9,160.42,90.65,107.76,1,1,1.0
155,9,511.9,116.03,59.15,63.66,1,1,1.0
155,10,550.4,59.84,33.3,33.31,1,1,1.0
155,11,797.6,65.18,52.45,40.62,1,1,1.0
155,12,636.65,121.09,60.8,55.22,1,1,0.7892
156,6,497.14,293.17,104.26,124.47,1,1,1.0
156,7,654.75,162.39,92.15,109.59,1,1,1.0
156,9,511.75,116.6,60.0,64.34,1,1,1.0
156,10,550.8,59.42,33.6,34.01,1,1,1.0
156,11,796.65,63.78,51.95,40.62,1,1,1.0
156,12,637.75,122.07,61.25,55.5,1,1,0.8024
157,6,496.44,298.37,106.36,127.43,1,1,1.0
157,7,656.6,164.35,93.7,111.41,1,1,1.0
157,9,511.6,117.16,60.85,65.05,1,1,1.0
157,10,551.2,59.0,33.9,34.72,1,1,1.0
157,11,795.65,62.37,51.55,40.62,1,1,1.0
157,12,638.9,123.06,61.65,55.78,1,1,0.8148
158,6,495.03,304.69,108.32,131.5,1,1,1.0
158,7,658.1,167.03,95.3,113.52,1,1,1.0
158,9,510.75,118.28,61.3,65.76,1,1,1.0
158,10,550.65,59.28,34.3,34.58,1,1,1.0
158,11,793.7,61.24,51.7,40.34,1,1,1.0
158,12,639.45,123.76,62.65,57.05,1,1,0.8304
159,6,493.63,311.01,110.27,135.57,1,1,1.0
159,7,659.65,169.69,96.8,115.63,1,1,1.0
159,9,509.9,119.41,61.7,66.46,1,1,1.0
159,10,550.1,59.56,34.7,34.44,1,1,1.0
159,11,791.7,60.12,51.85,40.05,1,1,1.0
159,12,640.0,124.46,63.65,58.32,1,1,0.8448
160,6,492.22,317.33,112.28,139.65,1,1,1.0
160,7,661.2,172.36,98.35,117.74,1,1,1.0
160,9,509.1,120.53,62.1,67.16,1,1,1.0
160,10,549.55,59.84,35.1,34.3,1,1,1.0
160,11,789.75,59.0,52.0,39.77,1,1,1.0
160,12,640.55,125.16,64.65,59.58,1,1,0.8586
161,6,490.82,323.65,114.23,143.73,1,1,1.0
161,7,662.75,175.03,99.9,119.84,1,1,1.0
161,9,508.25,121.65,62.5,67.86,1,1,1.0
161,10,548.95,60.12,35.6,34.15,1,1,1.0
161,11,787.8,57.88,52.1,39.49,1,1,1.0
161,12,641.1,125.86,65.65,60.85,1,1,0.8714
162,6,489.41,329.98,116.19,147.79,1,1,1.0
162,7,664.3,177.7,101.45,121.95,1,1,1.0
162,9,507.4,122.78,62.95,68.56,1,1,1.0
162,10,548.4,60.4,36.0,34.01,1,1,1.0
162,11,785.8,56.75,52.3,39.21,1,1,1.0
162,12,641.7,126.57,66.6,62.11,1,1,0.8832
163,6,488.01,336.3,118.14,151.87,1,1,1.0
163,7,665.85,180.37,103.0,124.06,1,1,1.0
163,9,506.55,123.9,63.35,69.27,1,1,1.0
163,10,547.85,60.68,36.4,33.87,1,1,1.0
163,11,783.85,55.63,52.4,38.92,1,1,1.0
163,12,642.25,127.27,67.6,63.37,1,1,1.0
164,6,486.32,345.57,121.68,151.31,1,1,1.0
164,7,667.65,184.16,105.55,126.86,1,1,1.0
164,9,506.25,125.16,63.8,69.84,1,1,1.0
164,10,548.0,61.1,36.55,34.02,1,1,1.0
164,11,782.85,54.92,51.6,38.65,1,1,1.0
164,12,643.5,128.82,68.0,63.37,1,1,1.0
165,6,484.63,354.84,125.17,150.76,1,1,1.0
165,7,669.5,187.96,108.05,129.67,1,1,1.0
165,9,506.0,126.43,64.2,70.39,1,1,1.0
165,10,548.15,61.53,36.65,34.15,1,1,1.0
165,11,781.9,54.22,50.7,38.36,1,1,1.0
165,12,644.8,130.36,68.4,63.37,1,1,1.0
166,6,482.95,364.11,128.7,150.19,1,1,1.0
166,7,671.35,191.75,110.55,132.48,1,1,1.0
166,9,505.7,127.69,64.65,70.96,1,1,1.0
166,10,548.25,61.95,36.85,34.29,1,1,1.0
166,11,780.9,53.52,49.9,38.08,1,1,1.0
166,12,646.05,131.91,68.85,63.37,1,1,1.0
167,6,481.26,373.38,132.19,149.62,1,1,1.0
167,7,673.15,195.54,113.1,135.29,1,1,1.0
167,9,505.45,128.96,65.05,71.51,1,1,1.0
167,10,548.4,62.37,36.95,34.44,1,1,1.0
167,11,779.9,52.82,49.05,37.8,1,1,1.0
167,12,647.3,133.45,69.3,63.37,1,1,1.0
168,6,479.58,382.65,135.72,149.05,1,1,1.0
168,7,675.0,199.34,115.6,138.1,1,1,1.0
168,9,505.15,130.22,65.45,72.08,1,1,1.0
168,10,548.55,62.79,37.1,34.58,1,1,1.0
168,11,778.95,52.12,48.2,37.52,1,1,1.0
168,12,648.55,135.0,69.7,63.37,1,1,1.0
169,6,477.89,391.93,139.21,149.07,1,1,1.0
169,7,676.8,203.13,118.15,140.91,1,1,1.0
169,9,504.85,131.49,65.9,72.64,1,1,1.0
169,10,548.7,63.22,37.25,34.71,1,1,1.0
169,11,777.95,51.42,47.35,37.24,1,1,1.0
169,12,649.85,136.54,70.1,63.37,1,1,1.0
170,6,476.35,405.13,140.75,135.87,1,1,1.0
170,7,679.9,207.62,120.95,144.43,1,1,1.0
170,9,504.6,133.03,66.3,74.04,1,1,1.0
170,10,548.95,63.92,37.4,34.72,1,1,1.0
170,11,776.7,50.85,47.05,36.83,1,1,1.0
170,12,651.1,138.51,71.25,63.93,1,1,1.0
171,6,474.8,418.33,142.3,122.67,1,1,1.0
171,7,683.0,212.12,123.75,147.93,1,1,1.0
171,9,504.3,134.57,66.75,75.46,1,1,1.0
171,10,549.25,64.62,37.55,34.71,1,1,1.0
171,11,775.4,50.29,46.8,36.4,1,1,1.0
171,12,652.35,140.47,72.35,64.5,1,1,1.0
172,6,473.26,431.54,143.84,109.46,1,1,1.0
172,7,686.1,216.61,126.55,151.45,1,1,1.0
172,9,504.0,136.12,67.2,76.85,1,1,1.0
172,10,549.55,65.32,37.65,34.72,1,1,1.0
172,11,774.15,49.73,46.5,35.98,1,1,1.0
172,12,653.65,142.44,73.45,65.06,1,1,1.0
173,6,471.71,444.74,145.39,96.26,1,1,1.0
173,7,689.15,221.1,129.4,154.97,1,1,1.0
173,9,503.75,137.66,67.55,78.27,1,1,1.0
173,10,549.8,66.03,37.8,34.71,1,1,1.0
173,11,772.9,49.17,46.2,35.56,1,1,1.0
173,12,654.9,144.41,74.6,65.62,1,1,1.0
174,6,470.17,457.94,146.93,83.06,1,1,1.0
174,7,692.25,225.6,132.2,158.47,1,1,1.0
174,9,503.45,139.21,68.0,79.67,1,1,1.0
174,10,550.1,66.72,37.95,34.72,1,1,1.0
174,11,771.6,48.6,46.0,35.14,1,1,1.0
174,12,656.15,146.38,75.75,66.18,1,1,1.0
175,6,468.62,471.15,148.48,69.85,1,1,1.0
175,7,695.35,230.1,135.0,161.98,1,1,1.0
175,9,503.2,140.76,68.4,81.06,1,1,1.0
175,10,550.4,67.43,38.05,34.71,1,1,1.0
175,11,770.35,48.04,45.7,34.71,1,1,1.0
175,12,657.4,148.34,76.85,66.75,1,1,1.0
176,7,697.9,235.85,139.9,168.31,1,1,1.0
176,9,502.5,143.29,69.55,81.62,1,1,1.0
176,10,550.4,67.99,38.5,35.42,1,1,1.0
176,11,769.25,47.34,45.5,34.58,1,1,1.0
176,12,658.4,150.03,77.85,68.43,1,1,1.0
177,7,700.4,241.62,144.85,174.62,1,1,1.0
177,9,501.75,145.81,70.7,82.2,1,1,1.0
177,10,550.4,68.55,38.9,36.12,1,1,1.0
177,11,768.1,46.64,45.4,34.43,1,1,1.0
177,12,659.4,151.71,78.8,70.11,1,1,1.0
178,7,702.95,247.38,149.75,180.94,1,1,1.0
178,9,501.05,148.34,71.8,82.76,1,1,1.0
178,10,550.4,69.11,39.35,36.83,1,1,1.0
178,11,767.0,45.94,45.25,34.29,1,1,1.0
178,12,660.35,153.4,79.8,71.79,1,1,1.0
179,7,705.45,253.13,154.7,187.27,1,1,1.0
179,9,500.35,150.87,72.95,83.32,1,1,1.0
179,10,550.4,69.68,39.75,37.52,1,1,1.0
179,11,765.85,45.23,45.1,34.15,1,1,1.0
179,12,661.35,155.09,80.8,73.48,1,1,1.0
180,7,708.0,258.89,159.6,193.6,1,1,1.0
180,9,499.67,153.4,74.03,83.88,1,1,1.0
180,10,550.4,70.24,40.15,38.24,1,1,1.0
180,11,764.75,44.53,44.95,34.01,1,1,1.0
180,12,662.35,156.77,81.75,75.17,1,1,1.0
181,7,710.5,264.65,164.55,199.92,1,1,1.0
181,9,498.96,155.93,75.19,84.44,1,1,1.0
181,10,550.4,70.8,40.6,38.92,1,1,1.0
181,11,763.6,43.83,44.85,33.87,1,1,1.0
181,12,663.3,158.46,82.75,76.85,1,1,1.0
181,13,418.05,99.46,83.6,55.78,1,1,1.0
182,7,714.85,272.52,170.15,204.68,1,1,1.0
182,9,498.26,158.18,76.44,85.98,1,1,1.0
182,10,550.4,71.36,40.75,38.93,1,1,1.0
182,11,762.2,43.27,44.55,33.73,1,1,1.0
182,12,665.15,161.13,83.45,77.13,1,1,1.0
182,13,419.04,99.46,83.16,56.06,1,1,1.0
183,7,719.25,280.38,175.75,209.47,1,1,1.0
183,9,497.56,160.42,77.69,87.54,1,1,1.0
183,10,550.4,71.92,40.85,38.92,1,1,1.0
183,11,760.8,42.7,44.25,33.59,1,1,1.0
183,12,666.95,163.79,84.2,77.42,1,1,1.0
183,13,420.02,99.46,82.73,56.34,1,1,1.0
184,7,723.6,288.26,181.35,214.24,1,1,1.0
184,9,496.86,162.67,78.94,89.08,1,1,1.0
184,10,550.4,72.48,41.0,38.94,1,1,1.0
184,11,759.4,42.14,44.0,33.45,1,1,1.0
184,12,668.8,166.46,84.85,77.7,1,1,1.0
184,13,421.0,99.46,82.35,56.64,1,1,1.0
185,7,727.95,296.12,186.95,219.03,1,1,1.0
185,9,496.15,164.91,80.25,90.63,1,1,1.0
185,10,550.4,73.04,41.15,38.92,1,1,1.0
185,11,758.0,41.58,43.7,33.31,1,1,1.0
185,12,670.6,169.13,85.6,77.98,1,1,1.0
185,13,421.99,99.46,81.91,56.92,1,1,1.0
186,7,732.3,303.99,192.6,223.81,1,1,1.0
186,9,495.45,167.16,81.5,92.17,1,1,1.0
186,10,550.4,73.61,41.3,38.93,1,1,1.0
186,11,756.6,41.02,43.4,33.17,1,1,1.0
186,12,672.45,171.8,86.25,78.26,1,1,1.0
186,13,422.97,99.46,81.48,57.2,1,1,1.0
187,7,736.65,311.86,198.2,229.14,1,1,1.0
187,9,494.75,169.41,82.75,93.72,1,1,1.0
187,10,550.4,74.17,41.45,38.93,1,1,1.0
187,11,755.2,40.46,43.15,33.03,1,1,1.0
187,12,674.3,174.47,86.95,78.54,1,1,1.0
187,13,423.95,99.46,81.05,57.48,1,1,1.0
188,7,742.25,322.67,196.85,218.33,1,1,1.0
188,9,494.61,172.36,83.59,95.4,1,1,1.0
188,10,550.95,75.3,41.45,39.06,1,1,1.0
188,11,754.35,40.32,42.85,32.89,1,1,1.0
188,12,676.4,177.42,88.2,80.22,1,1,1.0
188,13,425.07,99.88,80.63,57.9,1,1,1.0
189,7,747.9,333.49,195.4,207.51,1,1,1.0
189,9,494.47,175.31,84.43,97.08,1,1,1.0
189,10,551.5,76.42,41.45,39.21,1,1,1.0
189,11,753.5,40.18,42.6,32.75,1,1,1.0
189,12,678.5,180.37,89.5,81.91,1,1,1.0
189,13,426.2,100.3,80.25,58.31,1,1,1.0
190,7,753.5,344.3,194.0,196.7,1,1,1.0
190,9,494.33,178.26,85.27,98.77,1,1,1.0
190,10,552.05,77.54,41.45,39.35,1,1,1.0
190,11,752.65,40.03,42.3,32.6,1,1,1.0
190,12,680.6,183.32,90.75,83.6,1,1,1.0
190,13,427.32,100.72,79.83,58.74,1,1,1.0
191,7,759.1,355.12,201.9,185.88,1,1,1.0
191,9,494.19,181.21,86.11,100.46,1,1,1.0
191,10,552.65,78.67,41.45,39.49,1,1,1.0
191,11,751.8,39.9,42.05,32.47,1,1,1.0
191,12,682.7,186.27,92.05,85.29,1,1,1.0
191,13,428.44,101.14,79.41,59.16,1,1,1.0
192,7,764.75,365.94,196.25,175.06,1,1,1.0
192,9,494.05,184.16,86.95,102.15,1,1,1.0
192,10,553.2,79.79,41.45,39.63,1,1,1.0
192,11,750.95,39.75,41.75,32.33,1,1,1.0
192,12,684.8,189.22,93.3,86.97,1,1,1.0
192,13,429.57,101.57,78.98,59.57,1,1,1.0
193,7,770.35,376.75,190.65,164.25,1,1,1.0
193,9,493.9,187.11,87.8,103.83,1,1,1.0
193,10,553.75,80.92,41.45,39.78,1,1,1.0
193,11,750.15,39.61,41.45,32.19,1,1,1.0
193,12,686.9,192.17,94.55,88.65,1,1,1.0
193,13,430.69,101.99,78.56,60.0,1,1,1.0
194,9,492.93,191.47,89.47,105.23,1,1,1.0
194,10,553.45,83.16,42.2,40.05,1,1,1.0
194,11,748.6,40.18,41.45,32.32,1,1,1.0
194,12,688.6,196.66,96.1,89.92,1,1,1.0
194,13,431.39,103.39,78.11,60.14,1,1,1.0
195,9,491.94,195.82,91.16,106.63,1,1,1.0
195,10,553.2,85.41,42.85,40.33,1,1,1.0
195,11,747.05,40.74,41.45,32.47,1,1,1.0
195,12,690.3,201.16,97.65,91.19,1,1,1.0
195,13,432.1,104.8,77.7,60.27,1,1,1.0
196,9,490.95,200.18,92.9,108.03,1,1,1.0
196,10,552.9,87.66,43.55,40.62,1,1,1.0
196,11,745.5,41.3,41.45,32.6,1,1,1.0
196,12,692.0,205.66,99.15,92.45,1,1,1.0
196,13,432.8,106.2,77.3,60.42,1,1,1.0
197,9,489.98,204.53,94.57,109.45,1,1,1.0
197,10,552.65,89.9,44.25,40.9,1,1,1.0
197,11,743.95,41.86,41.45,32.75,1,1,1.0
197,12,693.65,210.15,100.75,93.71,1,1,1.0
197,13,433.51,107.61,76.84,60.55,1,1,1.0
198,9,488.99,208.88,96.26,110.86,1,1,1.0
198,10,552.35,92.15,44.95,41.17,1,1,1.0
198,11,742.4,42.42,41.45,32.89,1,1,1.0
198,12,695.35,214.65,102.3,94.97,1,1,1.0
198,13,434.2,109.01,76.45,60.7,1,1,1.0
199,9,488.01,213.24,97.94,112.26,1,1,1.0
199,10,552.05,94.4,45.7,41.45,1,1,1.0
199,11,740.85,42.98,41.45,33.03,1,1,1.0
199,12,697.05,219.14,103.8,96.24,1,1,1.0
199,13,434.91,110.42,75.99,60.84,1,1,1.0
199,14,573.15,33.71,27.95,24.6,1,1,1.0
200,9,487.87,216.75,98.93,114.64,1,1,1.0
200,10,552.65,94.96,45.8,41.74,1,1,1.0
200,11,740.15,42.28,41.2,32.75,1,1,1.0
200,12,699.3,222.23,106.2,98.63,1,1,1.0
200,13,435.75,110.42,75.45,61.12,1,1,1.0
200,14,573.4,33.71,28.0,24.6,1,1,1.0
201,9,487.73,220.26,99.87,117.04,1,1,1.0
201,10,553.2,95.52,45.95,42.02,1,1,1.0
201,11,739.45,41.58,40.9,32.46,1,1,1.0
201,12,701.55,225.32,108.6,101.02,1,1,1.0
201,13,436.6,110.42,74.9,61.4,1,1,1.0
201,14,573.7,33.71,27.95,24.6,1,1,1.0
202,9,487.58,223.78,100.87,119.41,1,1,1.0
202,10,553.75,96.08,46.1,42.3,1,1,1.0
202,11,738.75,40.88,40.6,32.19,1,1,1.0
202,12,703.8,228.41,110.95,103.41,1,1,1.0
202,13,437.44,110.42,74.31,61.68,1,1,1.0
202,14,574.0,33.71,27.95,24.6,1,1,1.0
203,9,487.44,227.29,101.86,121.81,1,1,1.0
203,10,554.3,96.64,46.25,42.58,1,1,1.0
203,11,738.05,40.18,40.35,31.9,1,1,1.0
203,12,706.0,231.5,113.4,105.8,1,1,1.0
203,13,438.28,110.42,73.77,61.96,1,1,1.0
203,14,574.25,33.71,28.0,24.6,1,1,1.0
204,9,487.31,230.8,102.84,124.2,1,1,1.0
204,10,554.85,97.21,46.4,42.86,1,1,1.0
204,11,737.35,39.47,40.05,31.62,1,1,1.0
204,12,708.25,234.59,115.8,108.18,1,1,1.0
204,13,439.12,110.42,73.23,62.24,1,1,1.0
204,14,574.55,33.71,27.95,24.6,1,1,1.0
205,9,487.17,234.31,103.83,126.58,1,1,1.0
205,10,555.45,97.77,46.5,43.14,1,1,1.0
205,11,736.65,38.77,39.75,31.34,1,1,1.0
205,12,710.5,237.68,118.15,110.57,1,1,1.0
205,13,439.96,110.42,72.64,62.52,1,1,1.0
205,14,574.8,33.71,28.0,24.6,1,1,1.0
206,9,486.46,237.68,105.79,129.39,1,1,1.0
206,10,556.15,97.77,46.9,43.42,1,1,1.0
206,11,736.1,37.22,39.45,31.2,1,1,1.0
206,12,713.9,241.06,120.25,112.95,1,1,1.0
206,13,441.09,109.99,72.21,62.39,1,1,1.0
206,14,575.4,33.15,28.1,24.6,1,1,1.0
207,9,485.76,241.06,107.74,132.2,1,1,1.0
207,10,556.85,97.77,47.35,43.7,1,1,1.0
207,11,735.5,35.68,39.25,31.06,1,1,1.0
207,12,717.25,244.43,122.4,115.34,1,1,1.0
207,13,442.21,109.57,71.79,62.25,1,1,1.0
207,14,575.95,32.59,28.25,24.6,1,1,1.0
208,9,485.06,244.43,109.74,135.01,1,1,1.0
208,10,557.55,97.77,47.75,43.99,1,1,1.0
208,11,734.95,34.14,38.95,30.92,1,1,1.0
208,12,720.65,247.79,124.45,117.74,1,1,1.0
208,13,443.33,109.15,71.37,62.11,1,1,1.0
208,14,576.5,32.03,28.4,24.6,1,1,1.0
209,9,484.36,247.79,111.69,137.83,1,1,1.0
209,10,558.25,97.77,48.2,44.27,1,1,1.0
209,11,734.4,32.59,38.65,30.78,1,1,1.0
209,12,724.0,251.17,126.6,120.12,1,1,1.0
209,13,444.46,108.72,70.94,61.97,1,1,1.0
209,14,577.05,31.47,28.55,24.6,1,1,1.0
210,9,483.65,251.17,113.65,140.63,1,1,1.0
210,10,558.95,97.77,48.6,44.55,1,1,1.0
210,11,733.85,31.04,38.35,30.64,1,1,1.0
210,12,727.35,254.54,128.7,122.51,1,1,1.0
210,13,445.58,108.31,70.52,61.82,1,1,1.0
210,14,577.65,30.9,28.65,24.6,1,1,1.0
211,9,482.95,254.54,115.65,143.44,1,1,1.0
211,10,559.65,97.77,49.05,44.83,1,1,1.0
211,11,733.25,29.5,38.1,30.5,1,1,1.0
211,12,730.75,257.91,130.8,124.9,1,1,1.0
211,13,446.71,107.89,70.09,61.68,1,1,1.0
211,14,578.2,30.34,28.8,24.6,1,1,1.0
212,9,482.11,259.74,118.44,147.94,1,1,1.0
212,10,560.05,98.9,49.75,45.26,1,1,1.0
212,11,732.55,29.22,38.1,30.36,1,1,1.0
212,12,734.55,263.81,133.75,127.57,1,1,1.0
212,13,447.55,108.03,69.7,62.24,1,1,1.0
212,14,578.6,30.48,29.25,25.02,1,1,1.0
213,9,481.26,264.94,121.24,152.43,1,1,1.0
213,10,560.5,100.02,50.45,45.67,1,1,1.0
213,11,731.85,28.94,38.1,30.22,1,1,1.0
213,12,738.35,269.71,136.7,130.23,1,1,1.0
213,13,448.39,108.17,69.26,62.8,1,1,1.0
213,14,579.05,30.62,29.65,25.44,1,1,1.0
214,9,480.42,270.13,124.08,156.93,1,1,1.0
214,10,560.9,101.14,51.15,46.1,1,1,1.0
214,11,731.15,28.66,38.1,30.08,1,1,1.0
214,12,742.1,275.61,139.65,132.9,1,1,1.0
214,13,449.24,108.31,68.86,63.37,1,1,1.0
214,14,579.45,30.76,30.1,25.87,1,1,1.0
215,9,479.58,275.33,126.87,161.42,1,1,1.0
215,10,561.35,102.27,51.85,46.51,1,1,1.0
215,11,730.45,28.38,38.1,29.94,1,1,1.0
215,12,745.9,281.51,142.6,135.57,1,1,1.0
215,13,450.08,108.44,68.42,63.94,1,1,1.0
215,14,579.9,30.9,30.5,26.29,1,1,1.0
216,9,478.74,280.52,129.66,165.92,1,1,1.0
216,10,561.75,103.39,52.55,46.93,1,1,1.0
216,11,729.75,28.1,38.1,29.8,1,1,1.0
216,12,749.7,287.41,145.55,138.24,1,1,1.0
216,13,450.92,108.58,68.03,64.5,1,1,1.0
216,14,580.3,31.04,30.9,26.7,1,1,1.0
217,9,477.89,285.73,132.51,170.4,1,1,1.0
217,10,562.2,104.52,53.25,47.35,1,1,1.0
217,11,729.05,27.81,38.1,29.66,1,1,1.0
217,12,753.5,293.31,148.5,140.91,1,1,1.0
217,13,451.76,108.72,67.59,65.07,1,1,1.0
217,14,580.7,31.19,31.35,27.13,1,1,1.0
218,9,475.51,293.87,136.54,175.89,1,1,1.0
218,10,562.45,106.06,53.7,47.91,1,1,1.0
218,11,728.1,27.81,37.65,29.24,1,1,1.0
218,12,756.6,300.48,152.85,144.7,1,1,1.0
218,13,452.05,109.71,67.15,64.92,1,1,1.0
218,14,580.7,31.89,31.5,27.27,1,1,1.0
219,9,473.12,302.02,140.63,181.37,1,1,1.0
219,10,562.75,107.61,54.1,48.48,1,1,1.0
219,11,727.1,27.81,37.25,28.82,1,1,1.0
219,12,759.7,307.64,157.2,148.49,1,1,1.0
219,13,452.32,110.69,66.73,64.78,1,1,1.0
219,14,580.7,32.59,31.65,27.41,1,1,1.0
220,9,470.73,310.17,144.72,186.84,1,1,1.0
220,10,563.0,109.15,54.55,49.04,1,1,1.0
220,11,726.1,27.81,36.85,28.39,1,1,1.0
220,12,762.75,314.8,161.6,152.3,1,1,1.0
220,13,452.61,111.68,66.34,64.63,1,1,1.0
220,14,580.7,33.29,31.8,27.55,1,1,1.0
221,9,468.34,318.32,148.76,192.33,1,1,1.0
221,10,563.3,110.69,54.95,49.61,1,1,1.0
221,11,725.15,27.81,36.4,27.97,1,1,1.0
221,12,765.85,321.96,165.95,156.09,1,1,1.0
221,13,452.89,112.66,65.91,64.5,1,1,1.0
221,14,580.7,33.99,31.9,27.69,1,1,1.0
222,9,465.95,326.46,152.85,197.79,1,1,1.0
222,10,563.6,112.24,55.35,50.17,1,1,1.0
222,11,724.15,27.81,35.95,27.55,1,1,1.0
222,12,768.95,329.13,170.3,159.88,1,1,1.0
222,13,453.17,113.65,65.48,64.35,1,1,1.0
222,14,580.7,34.7,32.05,27.83,1,1,1.0
223,9,463.57,334.61,156.93,206.39,1,1,1.0
223,10,563.85,113.79,55.8,50.72,1,1,1.0
223,11,723.15,27.81,35.55,27.13,1,1,1.0
223,12,772.05,336.3,174.6,163.66,1,1,1.0
223,13,453.45,114.63,65.05,64.21,1,1,1.0
223,14,580.7,35.4,32.2,27.97,1,1,1.0
224,9,462.16,343.18,160.04,197.82,1,1,1.0
224,10,564.85,114.49,56.5,51.14,1,1,1.0
224,11,722.9,26.69,35.4,27.55,1,1,1.0
224,12,777.65,344.3,171.25,162.4,1,1,1.0
224,13,454.15,114.35,64.8,65.05,1,1,1.0
224,14,581.3,35.26,32.3,28.11,1,1,1.0
225,9,460.76,351.75,163.09,189.25,1,1,1.0
225,10,565.85,115.19,57.15,51.57,1,1,1.0
225,11,722.6,25.57,35.25,27.97,1,1,1.0
225,12,783.3,352.31,177.7,161.14,1,1,1.0
225,13,454.86,114.07,64.49,65.9,1,1,1.0
225,14,581.85,35.12,32.45,28.25,1,1,1.0
226,9,459.35,360.32,166.2,180.68,1,1,1.0
226,10,566.8,115.89,57.9,51.99,1,1,1.0
226,11,722.3,24.44,35.15,28.39,1,1,1.0
226,12,788.9,360.32,172.1,159.88,1,1,1.0
226,13,455.56,113.79,64.19,66.74,1,1,1.0
226,14,582.4,34.98,32.6,28.39,1,1,1.0
227,9,457.94,368.88,169.31,172.12,1,1,1.0
227,10,567.8,116.6,58.6,52.41,1,1,1.0
227,11,722.05,23.32,35.0,28.82,1,1,1.0
227,12,794.5,368.32,166.5,158.63,1,1,1.0
227,13,456.26,113.51,63.94,67.58,1,1,1.0
227,14,582.95,34.84,32.75,28.53,1,1,1.0
228,9,456.54,377.45,172.36,163.55,1,1,1.0
228,10,568.8,117.3,59.3,52.83,1,1,1.0
228,11,721.75,22.2,34.85,29.24,1,1,1.0
228,12,800.15,376.33,160.85,157.37,1,1,1.0
228,13,456.96,113.22,63.64,68.43,1,1,1.0
228,14,583.55,34.7,32.85,28.67,1,1,1.0
229,9,455.13,386.02,175.47,154.98,1,1,1.0
229,10,569.75,118.0,60.0,53.26,1,1,1.0
229,11,721.45,21.07,34.75,29.66,1,1,1.0
229,12,805.75,384.33,155.25,156.67,1,1,1.0
229,13,457.67,112.94,63.38,69.27,1,1,1.0
229,14,584.1,34.56,33.0,28.81,1,1,1.0
230,9,455.98,400.07,174.47,140.93,1,1,1.0
230,10,571.05,120.25,60.25,53.68,1,1,1.0
230,11,721.05,21.07,34.45,29.38,1,1,1.0
230,12,811.95,395.71,149.05,145.29,1,1,1.0
230,13,458.08,113.79,63.52,69.4,1,1,1.0
230,14,584.8,35.54,33.0,28.68,1,1,1.0
231,9,456.82,414.12,173.48,126.88,1,1,1.0
231,10,572.3,122.5,60.55,54.1,1,1,1.0
231,11,720.65,21.07,34.15,29.1,1,1,1.0
231,12,818.1,407.1,142.9,133.9,1,1,1.0
231,13,458.51,114.63,63.64,69.55,1,1,1.0
231,14,585.5,36.52,33.0,28.53,1,1,1.0
232,9,457.67,428.17,172.53,112.83,1,1,1.0
232,10,573.55,124.74,60.85,54.52,1,1,1.0
232,11,720.2,21.07,33.9,28.81,1,1,1.0
232,12,824.3,418.47,136.7,122.53,1,1,1.0
232,13,458.93,115.47,63.77,69.69,1,1,1.0
232,14,586.2,37.51,33.05,28.39,1,1,1.0
233,9,458.51,442.21,171.54,98.79,1,1,1.0
233,10,574.8,126.99,61.15,54.94,1,1,1.0
233,11,719.8,21.07,33.6,28.53,1,1,1.0
233,12,830.5,429.85,130.5,111.15,1,1,1.0
233,13,459.35,116.32,63.95,69.83,1,1,1.0
233,14,586.9,38.49,33.05,28.25,1,1,1.0
234,9,459.35,456.26,170.55,84.74,1,1,1.0
234,10,576.1,129.24,61.4,55.36,1,1,1.0
234,11,719.35,21.07,33.35,28.25,1,1,1.0
234,12,836.65,441.23,124.35,99.77,1,1,1.0
234,13,459.77,117.16,64.08,69.97,1,1,1.0
234,14,587.6,39.47,33.05,28.11,1,1,1.0
235,9,460.19,470.31,169.56,70.69,1,1,1.0
235,10,577.35,131.49,61.7,55.78,1,1,1.0
235,11,718.95,21.07,33.0,27.97,1,1,1.0
235,12,842.85,452.61,118.15,88.39,1,1,1.0
235,13,460.19,118.0,64.21,70.11,1,1,1.0
235,14,588.3,40.46,33.05,27.97,1,1,1.0
236,10,577.75,133.45,62.55,56.49,1,1,1.0
236,13,460.06,118.98,64.49,70.12,1,1,1.0
236,14,588.6,41.16,33.3,28.67,1,1,1.0
237,10,578.2,135.41,63.35,57.19,1,1,1.0
237,13,459.91,119.97,64.79,70.11,1,1,1.0
237,14,588.85,41.86,33.6,29.37,1,1,1.0
238,10,578.6,137.38,64.25,57.9,1,1,1.0
238,13,459.77,120.95,65.08,70.11,1,1,1.0
238,14,589.15,42.56,33.85,30.08,1,1,1.0
239,10,579.05,139.35,65.05,58.59,1,1,1.0
239,13,459.63,121.93,65.32,70.11,1,1,1.0
239,14,589.45,43.27,34.15,30.78,1,1,1.0
240,10,579.45,141.32,65.9,59.3,1,1,1.0
240,13,459.49,122.92,65.61,70.11,1,1,1.0
240,14,589.7,43.97,34.45,31.48,1,1,1.0
241,10,579.9,143.29,66.7,60.0,1,1,1.0
241,13,459.35,123.9,65.9,70.11,1,1,1.0
241,14,590.0,44.67,34.7,32.18,1,1,1.0
241,15,539.4,28.66,29.7,31.34,1,1,1.0
242,10,580.7,146.1,67.45,61.12,1,1,1.0
242,13,459.77,125.02,66.03,70.39,1,1,1.0
242,14,590.25,45.65,35.15,31.91,1,1,1.0
242,15,539.55,29.36,29.95,31.34,1,1,1.0
243,10,581.55,148.91,68.15,62.24,1,1,1.0
243,13,460.19,126.15,66.16,70.67,1,1,1.0
243,14,590.55,46.64,35.55,31.62,1,1,1.0
243,15,539.7,30.06,30.2,31.34,1,1,1.0
244,10,582.4,151.71,68.85,63.38,1,1,1.0
244,13,460.62,127.27,66.33,70.95,1,1,1.0
244,14,590.85,47.62,35.95,31.34,1,1,1.0
244,15,539.85,30.76,30.5,31.34,1,1,1.0
245,10,583.25,154.52,69.55,64.49,1,1,1.0
245,13,461.04,128.4,66.46,71.23,1,1,1.0
245,14,591.1,48.6,36.4,31.06,1,1,1.0
245,15,540.0,31.47,30.75,31.34,1,1,1.0
246,10,584.1,157.33,70.25,65.62,1,1,1.0
246,13,461.45,129.51,66.6,71.53,1,1,1.0
246,14,591.4,49.59,36.8,30.78,1,1,1.0
246,15,540.1,32.17,31.1,31.34,1,1,1.0
247,10,584.95,160.14,70.95,66.74,1,1,1.0
247,13,461.88,130.64,66.72,71.8,1,1,1.0
247,14,591.7,50.57,37.2,30.5,1,1,1.0
247,15,540.25,32.87,31.35,31.34,1,1,1.0
248,10,585.65,162.95,71.95,67.45,1,1,1.0
248,13,461.88,131.49,67.42,72.77,1,1,1.0
248,14,592.25,51.56,37.25,31.2,1,1,1.0
248,15,540.4,33.57,31.35,31.48,1,1,1.0
249,10,586.35,165.76,72.9,68.15,1,1,1.0
249,13,461.88,132.32,68.17,73.77,1,1,1.0
249,14,592.8,52.54,37.25,31.9,1,1,1.0
249,15,540.55,34.28,31.35,31.62,1,1,1.0
250,10,587.05,168.57,73.9,68.85,1,1,1.0
250,13,461.88,133.17,68.87,74.75,1,1,1.0
250,14,593.35,53.52,37.25,32.6,1,1,1.0
250,15,540.7,34.98,31.35,31.76,1,1,1.0
251,10,587.75,171.38,74.9,69.55,1,1,1.0
251,13,461.88,134.01,69.57,75.74,1,1,1.0
251,14,593.9,54.5,37.25,33.31,1,1,1.0
251,15,540.85,35.68,31.3,31.9,1,1,1.0
252,10,588.45,174.19,75.85,70.25,1,1,1.0
252,13,461.88,134.85,70.27,76.72,1,1,1.0
252,14,594.5,55.48,37.25,34.02,1,1,1.0
252,15,540.95,36.38,31.35,32.05,1,1,1.0
253,10,589.15,177.0,76.85,70.96,1,1,1.0
253,13,461.88,135.7,70.97,77.7,1,1,1.0
253,14,595.05,56.47,37.25,34.72,1,1,1.0
253,15,541.1,37.08,31.35,32.18,1,1,1.0
254,10,589.45,180.09,77.7,72.64,1,1,1.0
254,13,461.74,136.68,71.36,77.7,1,1,1.0
254,14,594.9,57.18,37.65,34.85,1,1,1.0
254,15,540.4,37.65,31.5,32.18,1,1,1.0
255,10,589.7,183.18,78.55,74.33,1,1,1.0
255,13,461.6,137.66,71.8,77.71,1,1,1.0
255,14,594.75,57.88,38.1,34.99,1,1,1.0
255,15,539.7,38.21,31.6,32.19,1,1,1.0
256,10,590.0,186.27,79.4,76.01,1,1,1.0
256,13,461.45,138.65,72.25,77.7,1,1,1.0
256,14,594.65,58.58,38.5,35.14,1,1,1.0
256,15,539.0,38.77,31.75,32.18,1,1,1.0
257,10,590.25,189.36,80.25,77.7,1,1,1.0
257,13,461.32,139.63,72.63,77.7,1,1,1.0
257,14,594.5,59.28,38.9,35.28,1,1,1.0
257,15,538.3,39.33,31.9,32.19,1,1,1.0
258,10,590.55,192.45,81.05,79.38,1,1,1.0
258,13,461.18,140.62,73.07,77.7,1,1,1.0
258,14,594.35,59.98,39.35,35.42,1,1,1.0
258,15,537.6,39.9,32.05,32.18,1,1,1.0
259,10,590.85,195.54,81.9,81.07,1,1,1.0
259,13,461.04,141.6,73.46,77.69,1,1,1.0
259,14,594.2,60.68,39.8,35.56,1,1,1.0
259,15,536.9,40.46,32.2,32.18,1,1,1.0
260,10,590.95,198.49,83.05,82.47,1,1,1.0
260,13,461.04,141.18,73.91,78.68,1,1,1.0
260,14,594.2,60.4,39.9,35.98,1,1,1.0
260,15,536.35,39.75,32.45,32.47,1,1,1.0
261,10,591.1,201.44,84.2,83.88,1,1,1.0
261,13,461.04,140.76,74.31,79.66,1,1,1.0
261,14,594.2,60.12,40.05,36.4,1,1,1.0
261,15,535.75,39.05,32.75,32.75,1,1,1.0
262,10,591.25,204.39,85.3,85.29,1,1,1.0
262,13,461.04,140.34,74.76,80.64,1,1,1.0
262,14,594.2,59.84,40.2,36.83,1,1,1.0
262,15,535.2,38.35,33.05,33.03,1,1,1.0
263,10,591.4,207.34,86.4,86.69,1,1,1.0
263,13,461.04,139.91,75.16,81.63,1,1,1.0
263,14,594.2,59.56,40.35,37.24,1,1,1.0
263,15,534.65,37.65,33.3,33.31,1,1,1.0
264,10,591.55,210.29,87.5,88.09,1,1,1.0
264,13,461.04,139.49,75.61,82.61,1,1,1.0
264,14,594.2,59.28,40.5,37.66,1,1,1.0
264,15,534.1,36.94,33.55,33.59,1,1,1.0
265,10,591.7,213.24,88.65,89.5,1,1,1.0
265,13,461.04,139.07,76.01,83.6,1,1,1.0
265,14,594.2,59.0,40.6,38.08,1,1,1.0
265,15,533.5,36.24,33.9,33.87,1,1,1.0
266,10,592.5,217.74,90.2,91.46,1,1,1.0
266,13,461.18,139.77,76.97,84.3,1,1,1.0
266,14,594.65,59.56,41.0,38.08,1,1,1.0
266,15,533.8,36.1,33.6,34.29,1,1,1.0
267,10,593.35,222.23,91.75,93.43,1,1,1.0
267,13,461.32,140.47,77.98,85.01,1,1,1.0
267,14,595.05,60.12,41.45,38.08,1,1,1.0
267,15,534.1,35.96,33.3,34.71,1,1,1.0
268,10,594.2,226.72,93.3,95.41,1,1,1.0
268,13,461.45,141.18,78.95,85.7,1,1,1.0
268,14,595.45,60.68,41.9,38.08,1,1,1.0
268,15,534.35,35.82,33.05,35.13,1,1,1.0
269,10,595.05,231.22,94.85,97.36,1,1,1.0
269,13,461.6,141.88,79.95,86.41,1,1,1.0
269,14,595.9,61.24,42.3,38.08,1,1,1.0
269,15,534.65,35.68,32.75,35.55,1,1,1.0
270,10,595.9,235.72,96.35,99.33,1,1,1.0
270,13,461.74,142.58,80.91,87.11,1,1,1.0
270,14,596.3,61.81,42.75,38.08,1,1,1.0
270,15,534.95,35.54,32.45,35.98,1,1,1.0
271,10,596.75,240.21,97.9,101.3,1,1,1.0
271,13,461.88,143.29,81.92,87.81,1,1,1.0
271,14,596.75,62.37,43.15,38.08,1,1,1.0
271,15,535.2,35.4,32.2,36.4,1,1,1.0
272,10,597.7,245.83,99.9,104.25,1,1,1.0
272,13,462.44,145.11,82.63,88.37,1,1,1.0
272,14,597.6,63.78,43.4,38.22,1,1,1.0
272,15,535.35,36.24,32.45,36.26,1,1,1.0
273,10,598.7,251.45,101.85,107.19,1,1,1.0
273,13,463.0,146.94,83.33,88.93,1,1,1.0
273,14,598.4,65.18,43.7,38.37,1,1,1.0
273,15,535.5,37.08,32.75,36.12,1,1,1.0
274,10,599.7,257.07,103.8,110.14,1,1,1.0
274,13,463.57,148.76,84.03,89.5,1,1,1.0
274,14,599.25,66.58,44.0,38.51,1,1,1.0
274,15,535.65,37.93,33.0,35.98,1,1,1.0
275,10,600.65,262.69,105.8,113.1,1,1,1.0
275,13,464.13,150.59,84.74,90.06,1,1,1.0
275,14,600.1,67.99,44.25,38.65,1,1,1.0
275,15,535.75,38.77,33.35,35.84,1,1,1.0
276,10,601.65,268.31,107.75,116.05,1,1,1.0
276,13,464.69,152.41,85.44,90.63,1,1,1.0
276,14,600.95,69.4,44.55,38.78,1,1,1.0
276,15,535.9,39.61,33.6,35.7,1,1,1.0
277,10,602.65,273.93,109.7,119.0,1,1,1.0
277,13,465.25,154.24,86.15,91.19,1,1,1.0
277,14,601.8,70.8,44.8,38.92,1,1,1.0
277,15,536.05,40.46,33.85,35.56,1,1,1.0
278,10,603.75,280.52,113.1,122.52,1,1,1.0
278,13,466.8,155.09,86.1,92.02,1,1,1.0
278,14,602.65,71.36,45.5,39.91,1,1,1.0
278,15,536.35,40.6,34.15,35.7,1,1,1.0
279,10,604.9,287.13,116.45,126.02,1,1,1.0
279,13,468.34,155.93,86.11,92.86,1,1,1.0
279,14,603.5,71.92,46.2,40.9,1,1,1.0
279,15,536.6,40.74,34.45,35.84,1,1,1.0
280,10,606.0,293.73,119.85,129.53,1,1,1.0
280,13,469.88,156.77,86.12,93.71,1,1,1.0
280,14,604.3,72.48,46.95,41.88,1,1,1.0
280,15,536.9,40.88,34.7,35.98,1,1,1.0
281,10,607.15,300.33,123.2,133.05,1,1,1.0
281,13,471.43,157.61,86.12,94.56,1,1,1.0
281,14,605.15,73.04,47.65,42.86,1,1,1.0
281,15,537.15,41.02,35.0,36.12,1,1,1.0
282,10,608.25,306.94,126.6,136.56,1,1,1.0
282,13,472.98,158.46,86.12,95.39,1,1,1.0
282,14,606.0,73.61,48.35,43.85,1,1,1.0
282,15,537.45,41.16,35.3,36.26,1,1,1.0
283,10,609.4,313.54,129.95,140.07,1,1,1.0
283,13,474.52,159.3,86.13,96.24,1,1,1.0
283,14,606.85,74.17,49.05,44.83,1,1,1.0
283,15,537.75,41.3,35.55,36.4,1,1,1.0
283,16,413.83,91.87,77.71,62.53,1,1,1.0
283,17,889.2,130.64,71.8,153.55,1,1,1.0
284,10,610.8,322.95,133.85,144.99,1,1,1.0
284,13,474.66,160.7,87.79,97.23,1,1,1.0
284,14,607.85,75.72,49.0,44.98,1,1,1.0
284,15,537.9,42.14,35.55,36.82,1,1,1.0
284,16,415.52,92.57,76.58,62.25,1,1,1.0
284,17,885.55,128.68,75.45,151.58,1,1,1.0
285,10,612.2,332.36,137.8,149.9,1,1,1.0
285,13,474.8,162.1,89.5,98.22,1,1,1.0
285,14,608.8,77.26,49.05,45.11,1,1,1.0
285,15,538.0,42.98,35.55,37.24,1,1,1.0
285,16,417.21,93.28,75.45,61.96,1,1,1.0
285,17,881.9,126.71,79.1,149.62,1,1,1.0
286,10,613.6,341.77,141.75,154.83,1,1,1.0
286,13,474.94,163.51,91.21,99.19,1,1,1.0
286,14,609.8,78.81,49.05,45.26,1,1,1.0
286,15,538.15,43.83,35.55,37.66,1,1,1.0
286,16,418.89,93.98,74.33,61.68,1,1,1.0
286,17,878.25,124.74,82.75,147.65,1,1,1.0
287,10,615.0,351.19,145.7,159.71,1,1,1.0
287,13,475.08,164.91,92.87,100.18,1,1,1.0
287,14,610.8,80.35,49.0,45.39,1,1,1.0
287,15,538.3,44.67,35.55,38.08,1,1,1.0
287,16,420.58,94.68,73.21,61.41,1,1,1.0
287,17,874.6,122.78,86.4,145.68,1,1,1.0
288,10,616.4,360.6,149.6,164.65,1,1,1.0
288,13,475.23,166.32,94.57,101.16,1,1,1.0
288,14,611.75,81.9,49.05,45.54,1,1,1.0
288,15,538.45,45.51,35.55,38.51,1,1,1.0
288,16,422.26,95.38,72.09,61.13,1,1,1.0
288,17,870.95,120.81,90.05,143.72,1,1,1.0
289,10,617.8,370.01,153.55,170.99,1,1,1.0
289,13,475.37,167.72,96.23,102.15,1,1,1.0
289,14,612.75,83.44,49.05,45.67,1,1,1.0
289,15,538.6,46.36,35.55,38.93,1,1,1.0
289,16,423.95,96.08,70.95,60.84,1,1,1.0
289,17,867.3,118.84,93.7,141.76,1,1,1.0
290,10,619.05,382.37,156.1,158.63,1,1,1.0
290,13,476.2,169.97,96.55,102.99,1,1,1.0
290,14,613.3,84.98,49.75,45.82,1,1,1.0
290,15,538.6,47.34,35.65,38.65,1,1,1.0
290,16,425.07,96.78,70.12,61.4,1,1,1.0
290,17,863.35,117.3,97.65,140.49,1,1,1.0
291,10,620.35,394.73,158.6,146.27,1,1,1.0
291,13,477.05,172.22,96.8,103.83,1,1,1.0
291,14,613.85,86.53,50.45,45.96,1,1,1.0
291,15,538.6,48.32,35.8,38.37,1,1,1.0
291,16,426.2,97.49,69.27,61.97,1,1,1.0
291,17,859.4,115.75,101.6,139.22,1,1,1.0
292,10,621.6,407.1,161.15,133.9,1,1,1.0
292,13,477.89,174.47,97.11,104.67,1,1,1.0
292,14,614.45,88.08,51.15,46.1,1,1,1.0
292,15,538.6,49.31,35.95,38.08,1,1,1.0
292,16,427.32,98.19,68.43,62.53,1,1,1.0
292,17,855.5,114.21,105.5,137.96,1,1,1.0
293,10,622.85,419.45,163.7,121.55,1,1,1.0
293,13,478.74,176.72,97.36,105.51,1,1,1.0
293,14,615.0,89.62,51.85,46.23,1,1,1.0
293,15,538.6,50.29,36.1,37.8,1,1,1.0
293,16,428.44,98.9,67.59,63.1,1,1,1.0
293,17,851.55,112.66,109.45,136.7,1,1,1.0
294,10,624.15,431.82,166.15,109.18,1,1,1.0
294,13,479.58,178.97,97.62,106.35,1,1,1.0
294,14,615.55,91.17,52.55,46.37,1,1,1.0
294,15,538.6,51.28,36.25,37.52,1,1,1.0
294,16,429.57,99.6,66.74,63.66,1,1,1.0
294,17,847.6,111.11,113.4,135.44,1,1,1.0
295,10,625.4,444.18,168.7,96.82,1,1,1.0
295,13,480.42,181.21,97.93,107.2,1,1,1.0
295,14,616.1,92.72,53.3,46.5,1,1,1.0
295,15,538.6,52.26,36.4,37.24,1,1,1.0
295,16,430.69,100.3,65.91,64.21,1,1,1.0
295,17,843.7,109.57,117.3,134.17,1,1,1.0
296,13,481.55,182.9,98.35,107.48,1,1,1.0
296,14,617.1,94.12,53.7,46.94,1,1,1.0
296,15,538.6,52.68,36.5,37.8,1,1,1.0
296,16,431.82,100.86,65.33,64.08,1,1,1.0
296,17,840.45,108.03,120.55,132.19,1,1,1.0
297,13,482.67,184.59,98.78,107.76,1,1,1.0
297,14,618.1,95.52,54.1,47.36,1,1,1.0
297,15,538.6,53.1,36.65,38.36,1,1,1.0
297,16,432.94,101.42,64.77,63.93,1,1,1.0
297,17,837.25,106.48,123.75,130.24,1,1,1.0
298,13,483.8,186.27,99.2,108.04,1,1,1.0
298,14,619.05,96.92,54.55,47.78,1,1,1.0
298,15,538.6,53.52,36.8,38.93,1,1,1.0
298,16,434.07,101.99,64.21,63.79,1,1,1.0
298,17,834.0,104.94,127.0,128.27,1,1,1.0
299,13,484.92,187.96,99.63,108.31,1,1,1.0
299,14,620.05,98.33,54.95,48.2,1,1,1.0
299,15,538.6,53.94,36.95,39.49,1,1,1.0
299,16,435.19,102.55,63.65,63.65,1,1,1.0
299,17,830.75,103.39,130.25,126.3,1,1,1.0
300,13,486.04,189.64,100.01,108.61,1,1,1.0
300,14,621.05,99.74,55.35,48.62,1,1,1.0
300,15,538.6,54.36,37.1,40.05,1,1,1.0
300,16,436.32,103.11,63.08,63.51,1,1,1.0
300,17,827.55,101.85,133.45,124.33,1,1,1.0
300,28,484.27,1.0,44.73,67.2,1,1,1.0
301,13,487.17,191.32,100.43,108.89,1,1,1.0
301,14,622.0,101.14,55.8,49.05,1,1,1.0
301,15,538.6,54.78,37.2,40.62,1,1,1.0
301,16,437.44,103.67,62.52,63.37,1,1,1.0
301,17,824.3,100.3,136.7,122.37,1,1,1.0
301,19,547.0,37.08,28.8,29.66,1,1,0.5969
301,28,484.2,1.0,44.8,67.54,1,1,1.0
302,13,487.87,192.87,101.43,110.85,1,1,1.0
302,14,622.45,102.83,56.6,49.46,1,1,1.0
302,15,538.6,55.34,37.2,40.9,1,1,1.0
302,16,438.0,104.23,61.96,64.08,1,1,1.0
302,17,821.65,98.9,127.0,121.1,1,1,1.0
302,19,547.0,37.65,28.95,29.66,1,1,0.5988
302,28,484.14,1.0,44.86,67.88,1,1,1.0
303,13,488.57,194.41,102.43,112.83,1,1,1.0
303,14,622.85,104.52,57.5,49.88,1,1,1.0
303,15,538.6,55.91,37.2,41.18,1,1,1.0
303,16,438.56,104.8,61.4,64.77,1,1,1.0
303,17,818.95,97.49,124.9,119.84,1,1,1.0
303,19,547.0,38.21,29.1,29.66,1,1,0.601
303,28,484.07,1.0,44.93,68.22,1,1,1.0
304,13,489.27,195.96,103.43,114.79,1,1,1.0
304,14,623.3,106.2,58.3,50.31,1,1,1.0
304,15,538.6,56.47,37.2,41.46,1,1,1.0
304,16,439.12,105.36,60.84,65.48,1,1,1.0
304,17,816.3,96.08,122.8,118.58,1,1,1.0
304,19,547.0,38.77,29.25,29.66,1,1,0.603
304,28,484.01,1.0,44.99,68.56,1,1,1.0
305,13,489.98,197.51,104.37,116.75,1,1,1.0
305,14,623.7,107.89,59.15,50.72,1,1,1.0
305,15,538.6,57.03,37.2,41.74,1,1,1.0
305,16,439.69,105.92,60.27,66.18,1,1,1.0
305,17,813.65,94.68,120.65,117.31,1,1,1.0
305,19,547.0,39.33,29.4,29.66,1,1,0.605
305,28,483.95,1.0,45.05,68.91,1,1,1.0
306,13,490.68,199.05,105.37,118.72,1,1,1.0
306,14,624.15,109.57,60.0,51.15,1,1,1.0
306,15,538.6,57.6,37.2,42.02,1,1,1.0
306,16,440.25,106.48,59.71,66.88,1,1,1.0
306,17,810.95,93.28,118.6,116.04,1,1,1.0
306,19,547.0,39.9,29.5,29.66,1,1,0.6064
306,28,483.88,1.0,45.12,69.25,1,1,1.0
307,13,491.38,200.6,106.37,120.68,1,1,1.0
307,14,624.55,111.26,60.85,51.56,1,1,1.0
307,15,538.6,58.16,37.2,42.3,1,1,1.0
307,16,440.81,107.04,59.15,67.59,1,1,1.0
307,17,808.3,91.87,116.45,114.79,1,1,1.0
307,19,547.0,40.46,29.65,29.66,1,1,0.6083
307,28,483.82,1.0,45.18,69.59,1,1,1.0
308,13,492.36,202.57,107.19,121.38,1,1,1.0
308,14,625.95,112.52,61.55,52.55,1,1,1.0
308,15,538.7,58.44,37.4,42.72,1,1,1.0
308,16,441.37,107.18,58.88,67.86,1,1,1.0
308,17,806.05,90.46,114.75,113.8,1,1,1.0
308,19,547.3,40.74,29.65,29.38,1,1,0.6138
308,28,483.75,1.0,45.25,69.93,1,1,1.0
309,13,493.35,204.53,108.05,122.09,1,1,1.0
309,14,627.35,113.79,62.25,53.53,1,1,1.0
309,15,538.85,58.72,37.55,43.14,1,1,1.0
309,16,441.93,107.32,58.59,68.15,1,1,1.0
309,17,803.8,89.06,113.1,112.82,1,1,1.0
309,19,547.55,41.02,29.65,29.1,1,1,0.6189
309,28,483.69,1.0,45.31,70.27,1,1,1.0
310,13,494.33,206.5,108.87,122.79,1,1,1.0
310,14,628.75,115.05,62.95,54.52,1,1,1.0
310,15,539.0,59.0,37.65,43.57,1,1,1.0
310,16,442.5,107.47,58.31,68.42,1,1,1.0
310,17,801.55,87.66,111.4,111.84,1,1,1.0
310,19,547.85,41.3,29.65,28.82,1,1,0.6253
310,28,483.63,1.0,45.37,70.61,1,1,1.0
311,13,495.31,208.47,109.74,123.48,1,1,1.0
311,14,630.15,116.32,63.65,55.5,1,1,1.0
311,15,539.15,59.28,37.8,43.99,1,1,1.0
311,16,443.06,107.61,58.04,68.7,1,1,1.0
311,17,799.3,86.25,109.7,110.85,1,1,1.0
311,19,548.15,41.58,29.65,28.53,1,1,0.6312
311,28,483.56,1.0,45.44,70.96,1,1,1.0
312,13,496.3,210.43,110.55,124.2,1,1,1.0
312,14,631.55,117.58,64.4,56.49,1,1,1.0
312,15,539.3,59.56,37.9,44.41,1,1,1.0
312,16,443.62,107.75,57.73,68.99,1,1,1.0
312,17,797.05,84.84,108.05,109.88,1,1,1.0
312,19,548.4,41.86,29.65,28.25,1,1,0.6371
312,28,483.5,1.0,45.5,71.3,1,1,1.0
313,13,497.28,212.4,111.42,124.9,1,1,1.0
313,14,633.0,118.84,65.05,57.47,1,1,1.0
313,15,539.4,59.84,38.1,44.83,1,1,1.0
313,16,444.18,107.89,57.47,69.27,1,1,1.0
313,17,794.8,83.44,106.35,108.88,1,1,1.0
313,19,548.7,42.14,29.65,27.97,1,1,0.6432
313,28,483.43,1.0,45.57,71.64,1,1,1.0
314,13,498.26,213.66,111.84,126.86,1,1,1.0
314,14,634.1,119.97,65.35,57.88,1,1,1.0
314,15,539.3,59.28,38.5,44.69,1,1,1.0
314,16,444.6,107.75,57.45,69.69,1,1,1.0
314,17,792.85,81.47,104.8,107.34,1,1,1.0
314,19,548.7,41.58,29.95,27.97,1,1,0.6432
314,28,483.37,1.0,45.63,71.98,1,1,1.0
315,13,499.25,214.93,112.25,128.83,1,1,1.0
315,14,635.2,121.09,65.65,58.31,1,1,1.0
315,15,539.15,58.72,38.9,44.55,1,1,1.0
315,16,445.02,107.61,57.48,70.11,1,1,1.0
315,17,790.85,79.51,103.3,105.79,1,1,1.0
315,19,548.7,41.02,30.2,27.97,1,1,0.6432
315,28,483.31,1.0,45.69,72.32,1,1,1.0
316,13,500.25,216.19,112.65,130.8,1,1,1.0
316,14,636.35,122.21,65.9,58.73,1,1,1.0
316,15,539.0,58.16,39.35,44.42,1,1,1.0
316,16,445.44,107.47,57.46,70.53,1,1,1.0
316,17,788.9,77.54,101.7,104.25,1,1,1.0
316,19,548.7,40.46,30.5,27.97,1,1,0.6429
316,28,483.24,1.0,45.76,72.66,1,1,1.0
317,13,501.2,217.46,113.1,132.76,1,1,1.0
317,14,637.45,123.33,66.2,59.17,1,1,1.0
317,15,538.85,57.6,39.8,44.26,1,1,1.0
317,16,445.87,107.32,57.48,70.96,1,1,1.0
317,17,786.95,75.58,100.15,102.7,1,1,1.0
317,19,548.7,39.9,30.75,27.97,1,1,0.6424
317,28,483.18,1.0,45.82,73.0,1,1,1.0
318,13,502.2,218.72,113.5,134.73,1,1,1.0
318,14,638.6,124.46,66.45,59.58,1,1,1.0
318,15,538.7,57.03,40.2,44.13,1,1,1.0
318,16,446.29,107.18,57.46,71.38,1,1,1.0
318,17,784.95,73.61,98.65,101.15,1,1,1.0
318,19,548.7,39.33,31.05,27.97,1,1,0.6427
318,28,483.11,1.0,45.89,73.34,1,1,1.0
319,13,503.2,219.98,113.9,136.7,1,1,1.0
319,14,639.7,125.58,66.75,60.01,1,1,1.0
319,15,538.6,56.47,40.6,43.98,1,1,1.0
319,16,446.71,107.04,57.49,71.8,1,1,1.0
319,17,783.0,71.64,97.1,99.62,1,1,1.0
319,19,548.7,38.77,31.35,27.97,1,1,0.6428
319,28,483.05,1.0,45.95,73.68,1,1,1.0
320,13,503.9,222.65,115.2,138.39,1,1,1.0
320,14,640.55,127.55,68.15,61.55,1,1,1.0
320,15,538.3,57.18,40.6,44.26,1,1,1.0
320,16,446.99,107.75,57.21,71.94,1,1,1.0
320,17,780.9,71.22,95.95,98.63,1,1,1.0
320,19,548.7,39.33,31.35,28.39,1,1,0.642
320,28,482.99,1.0,46.01,74.03,1,1,1.0
321,13,504.6,225.32,116.45,140.07,1,1,1.0
321,14,641.4,129.51,69.55,63.09,1,1,1.0
321,15,538.0,57.88,40.65,44.54,1,1,1.0
321,16,447.27,108.44,56.93,72.09,1,1,1.0
321,17,778.8,70.8,94.85,97.64,1,1,1.0
321,19,548.7,39.9,31.35,28.82,1,1,0.6408
321,28,482.92,1.0,46.08,74.37,1,1,1.0
322,13,505.3,227.99,117.7,141.76,1,1,1.0
322,14,642.25,131.49,70.95,64.63,1,1,1.0
322,15,537.75,58.58,40.6,44.83,1,1,1.0
322,16,447.55,109.15,56.65,72.22,1,1,1.0
322,17,776.7,70.38,93.7,96.66,1,1,1.0
322,19,548.7,40.46,31.35,29.23,1,1,0.6406
322,28,482.86,1.0,46.14,74.71,1,1,1.0
323,13,506.0,230.66,119.0,143.44,1,1,1.0
323,14,643.1,133.45,72.35,66.18,1,1,1.0
323,15,537.45,59.28,40.6,45.11,1,1,1.0
323,16,447.83,109.85,56.37,72.36,1,1,1.0
323,17,774.55,69.96,92.6,95.68,1,1,1.0
323,19,548.7,41.02,31.35,29.66,1,1,0.6403
323,28,482.79,1.0,46.21,75.05,1,1,1.0
324,13,506.7,233.32,120.25,145.13,1,1,1.0
324,14,643.95,135.41,73.75,67.73,1,1,1.0
324,15,537.15,59.98,40.65,45.39,1,1,1.0
324,16,448.11,110.56,56.09,72.5,1,1,1.0
324,17,772.45,69.54,91.5,94.7,1,1,1.0
324,19,548.7,41.58,31.35,30.08,1,1,0.6396
324,28,482.73,1.0,46.27,75.39,1,1,1.0
325,13,507.4,236.0,121.5,146.81,1,1,1.0
325,14,644.8,137.38,75.15,69.28,1,1,1.0
325,15,536.9,60.68,40.6,45.68,1,1,1.0
325,16,448.39,111.26,55.81,72.64,1,1,1.0
325,17,770.35,69.11,90.35,93.7,1,1,1.0
325,19,548.7,42.14,31.35,30.5,1,1,0.6399
325,28,482.67,1.0,46.33,75.73,1,1,1.0
326,13,508.8,238.66,122.5,148.65,1,1,1.0
326,14,646.75,139.63,76.15,70.12,1,1,1.0
326,15,537.15,61.38,40.9,45.96,1,1,1.0
326,16,448.82,112.24,56.18,73.06,1,1,1.0
326,17,768.95,67.99,89.1,92.45,1,1,1.0
326,19,549.1,42.7,31.5,30.64,1,1,0.6413
326,28,482.6,1.0,46.4,76.08,1,1,1.0
327,13,510.2,241.34,123.5,150.46,1,1,1.0
327,14,648.7,141.88,77.15,70.96,1,1,1.0
327,15,537.45,62.09,41.2,46.23,1,1,1.0
327,16,449.24,113.22,56.61,73.49,1,1,1.0
327,17,767.55,66.86,87.8,91.18,1,1,1.0
327,19,549.55,43.27,31.6,30.78,1,1,0.6423
327,28,482.54,1.0,46.46,76.42,1,1,1.0
328,13,511.6,244.01,124.5,152.29,1,1,1.0
328,14,650.7,144.13,78.1,71.8,1,1,1.0
328,15,537.75,62.79,41.45,46.52,1,1,1.0
328,16,449.66,114.21,57.04,73.9,1,1,1.0
328,17,766.15,65.74,86.55,89.92,1,1,1.0
328,19,549.95,43.83,31.75,30.92,1,1,0.6437
328,28,482.47,1.0,46.53,76.76,1,1,1.0
329,13,513.0,246.68,125.45,154.11,1,1,1.0
329,14,652.65,146.38,79.1,72.63,1,1,1.0
329,15,538.0,63.5,41.75,46.8,1,1,1.0
329,16,450.08,115.19,57.47,74.32,1,1,1.0
329,17,764.75,64.62,85.3,88.66,1,1,1.0
329,19,550.4,44.39,31.9,31.06,1,1,0.6459
329,28,482.41,1.0,46.59,77.1,1,1,1.0
330,13,514.4,249.34,126.45,155.95,1,1,1.0
330,14,654.6,148.62,80.1,73.48,1,1,1.0
330,15,538.3,64.19,42.0,47.08,1,1,1.0
330,16,450.5,116.17,57.9,74.75,1,1,1.0
330,17,763.35,63.5,84.0,87.38,1,1,1.0
330,19,550.8,44.95,32.05,31.2,1,1,0.6472
330,28,482.35,1.0,46.65,77.44,1,1,1.0
331,13,515.8,252.01,127.45,157.77,1,1,1.0
331,14,656.6,150.87,81.05,74.32,1,1,1.0
331,15,538.6,64.9,42.3,47.36,1,1,1.0
331,16,450.92,117.16,58.33,75.16,1,1,1.0
331,17,761.95,62.37,82.75,86.13,1,1,1.0
331,19,551.2,45.51,32.2,31.34,1,1,0.6482
331,28,482.28,1.0,46.72,77.78,1,1,1.0
332,13,516.25,254.96,129.55,161.14,1,1,1.0
332,14,658.8,153.54,82.2,75.31,1,1,1.0
332,15,538.85,65.04,42.75,47.5,1,1,1.0
332,16,451.49,117.44,58.16,75.73,1,1,1.0
332,17,760.55,60.82,82.3,85.98,1,1,1.0
332,19,551.65,45.51,32.3,31.34,1,1,0.6504
332,28,482.22,1.0,46.78,78.12,1,1,1.0
333,13,516.65,257.91,131.65,164.51,1,1,1.0
333,14,661.05,156.21,83.35,76.29,1,1,1.0
333,15,539.15,65.18,43.15,47.64,1,1,1.0
333,16,452.05,117.72,58.05,76.29,1,1,1.0
333,17,759.1,59.28,81.95,85.85,1,1,1.0
333,19,552.05,45.51,32.5,31.34,1,1,0.6533
333,28,482.15,1.0,46.85,78.46,1,1,1.0
334,13,517.1,260.86,133.75,167.89,1,1,1.0
334,14,663.3,158.88,84.45,77.28,1,1,1.0
334,15,539.4,65.32,43.6,47.78,1,1,1.0
334,16,452.61,118.0,57.89,76.85,1,1,1.0
334,17,757.7,57.74,81.5,85.7,1,1,1.0
334,19,552.5,45.51,32.6,31.34,1,1,0.6557
334,28,482.09,1.0,46.91,78.81,1,1,1.0
335,13,517.5,263.81,135.85,171.26,1,1,1.0
335,14,665.55,161.54,85.6,78.27,1,1,1.0
335,15,539.7,65.46,44.0,47.92,1,1,1.0
335,16,453.17,118.28,57.73,77.41,1,1,1.0
335,17,756.3,56.19,81.1,85.57,1,1,1.0
335,19,552.9,45.51,32.75,31.34,1,1,0.6581
335,28,482.03,1.0,46.97,79.15,1,1,1.0
336,13,517.95,266.76,137.95,174.62,1,1,1.0
336,14,667.8,164.22,86.7,79.24,1,1,1.0
336,15,540.0,65.6,44.4,48.06,1,1,1.0
336,16,453.73,118.56,57.62,77.98,1,1,1.0
336,17,754.9,54.64,80.65,85.42,1,1,1.0
336,19,553.35,45.51,32.85,31.34,1,1,0.6606
336,28,481.96,1.0,47.04,79.49,1,1,1.0
337,13,518.35,269.71,140.05,178.0,1,1,1.0
337,14,670.05,166.88,87.8,80.23,1,1,1.0
337,15,540.25,65.74,44.85,48.2,1,1,1.0
337,16,454.3,118.84,57.45,78.54,1,1,1.0
337,17,753.5,53.1,80.25,85.28,1,1,1.0
337,19,553.75,45.51,33.05,31.34,1,1,0.6636
337,20,593.35,35.4,32.2,28.82,1,1,1.0
337,28,481.9,1.0,47.1,79.83,1,1,1.0
338,13,518.5,274.63,142.05,181.64,1,1,1.0
338,14,671.35,171.24,89.9,81.63,1,1,1.0
338,15,539.85,67.57,44.7,48.62,1,1,1.0
338,16,453.87,120.81,57.88,79.53,1,1,1.0
338,17,751.55,53.66,79.65,84.59,1,1,1.0
338,19,553.45,47.2,33.35,32.04,1,1,0.6602
338,20,593.8,37.37,32.15,29.23,1,1,1.0
338,28,481.83,1.0,47.17,80.17,1,1,1.0
339,13,518.65,279.55,144.0,185.3,1,1,1.0
339,14,672.6,175.6,92.0,83.03,1,1,1.0
339,15,539.4,69.4,44.55,49.04,1,1,1.0
339,16,453.45,122.78,58.3,80.51,1,1,1.0
339,17,749.55,54.22,79.1,83.88,1,1,1.0
339,19,553.2,48.88,33.6,32.74,1,1,0.658
339,20,594.2,39.33,32.2,29.66,1,1,1.0
339,28,481.77,1.0,47.23,80.51,1,1,1.0
340,13,518.75,284.46,146.0,188.96,1,1,1.0
340,14,673.85,179.94,94.15,84.45,1,1,1.0
340,15,539.0,71.22,44.4,49.47,1,1,1.0
340,16,453.03,124.74,58.72,81.5,1,1,1.0
340,17,747.6,54.78,78.55,83.18,1,1,1.0
340,19,552.9,50.57,33.9,33.45,1,1,0.6557
340,20,594.65,41.3,32.15,30.08,1,1,1.0
340,28,481.71,1.0,47.29,80.85,1,1,1.0
341,13,518.9,289.38,147.95,192.61,1,1,1.0
341,14,675.1,184.3,96.25,85.85,1,1,1.0
341,15,538.6,73.04,44.25,49.88,1,1,1.0
341,16,452.61,126.71,59.14,82.48,1,1,1.0
341,17,745.65,55.34,77.95,82.48,1,1,1.0
341,19,552.65,52.26,34.15,34.16,1,1,0.654
341,20,595.05,43.27,32.2,30.5,1,1,1.0
341,28,481.64,1.0,47.36,81.19,1,1,1.0
342,13,519.05,294.3,149.9,196.25,1,1,1.0
342,14,676.4,188.66,98.35,87.25,1,1,1.0
342,15,538.15,74.88,44.15,50.3,1,1,1.0
342,16,452.19,128.68,59.56,83.45,1,1,1.0
342,17,743.65,55.91,77.45,81.77,1,1,1.0
342,19,552.35,53.94,34.45,34.85,1,1,0.6528
342,20,595.45,45.23,32.2,30.92,1,1,1.0
342,28,481.58,1.0,47.42,81.54,1,1,1.0
343,13,519.2,299.21,151.85,199.91,1,1,1.0
343,14,677.65,193.01,100.45,88.66,1,1,1.0
343,15,537.75,76.7,43.95,50.73,1,1,1.0
343,16,451.76,130.64,59.99,84.45,1,1,1.0
343,17,741.7,56.47,76.85,81.07,1,1,1.0
343,19,552.05,55.63,34.75,35.56,1,1,0.6524
343,20,595.9,47.2,32.2,31.34,1,1,1.0
343,28,481.51,1.0,47.49,81.88,1,1,1.0
344,13,519.9,303.7,154.25,202.3,1,1,1.0
344,14,680.75,196.66,101.85,90.35,1,1,1.0
344,15,538.0,77.12,44.3,51.29,1,1,1.0
344,16,451.76,131.63,60.44,85.14,1,1,1.0
344,17,740.7,55.34,76.15,80.66,1,1,1.0
344,19,552.5,55.91,34.85,35.28,1,1,0.6591
344,20,596.6,47.76,32.45,31.2,1,1,1.0
344,28,481.45,1.0,47.55,82.22,1,1,1.0
345,13,520.6,308.2,156.65,204.7,1,1,1.0
345,14,683.85,200.32,103.25,92.03,1,1,1.0
345,15,538.3,77.54,44.55,51.86,1,1,1.0
345,16,451.76,132.61,60.84,85.85,1,1,1.0
345,17,739.75,54.22,75.45,80.22,1,1,1.0
345,19,552.9,56.19,35.0,34.99,1,1,0.6663
345,20,597.3,48.32,32.75,31.06,1,1,1.0
345,28,481.39,1.0,47.61,82.56,1,1,1.0
346,13,521.3,312.69,159.05,207.06,1,1,1.0
346,14,686.9,203.97,104.7,93.71,1,1,1.0
346,15,538.6,77.96,44.8,52.42,1,1,1.0
346,16,451.76,133.59,61.29,86.55,1,1,1.0
346,17,738.75,53.1,74.75,79.81,1,1,1.0
346,19,553.35,56.47,35.1,34.72,1,1,0.674
346,20,598.0,48.88,33.05,30.92,1,1,1.0
346,28,481.32,1.0,47.68,82.9,1,1,1.0
347,13,522.0,317.19,161.4,209.46,1,1,1.0
347,14,690.0,207.62,106.1,95.4,1,1,1.0
347,15,538.85,78.39,45.1,52.98,1,1,1.0
347,16,451.76,134.57,61.69,87.25,1,1,1.0
347,17,737.75,51.98,74.05,79.39,1,1,1.0
347,19,553.75,56.75,35.25,34.44,1,1,0.6815
347,20,598.7,49.45,33.3,30.78,1,1,1.0
347,28,481.26,1.0,47.74,83.24,1,1,1.0
348,13,522.7,321.69,163.8,211.86,1,1,1.0
348,14,693.1,211.28,107.5,97.08,1,1,1.0
348,15,539.15,78.81,45.4,53.54,1,1,1.0
348,16,451.76,135.56,62.09,87.95,1,1,1.0
348,17,736.8,50.85,73.35,78.97,1,1,1.0
348,19,554.15,57.03,35.45,34.16,1,1,0.6892
348,20,599.4,50.01,33.6,30.64,1,1,1.0
348,28,481.19,1.0,47.81,83.58,1,1,1.0
349,13,523.4,326.18,166.2,214.82,1,1,1.0
349,14,696.2,214.93,108.85,98.76,1,1,1.0
349,15,539.4,79.22,45.7,54.1,1,1,1.0
349,16,451.76,136.54,62.54,88.65,1,1,1.0
349,17,735.8,49.73,72.65,78.54,1,1,1.0
349,19,554.6,57.32,35.55,33.87,1,1,0.697
349,20,600.1,50.57,33.9,30.5,1,1,1.0
349,28,481.13,1.0,47.87,83.92,1,1,1.0
350,13,524.1,331.8,168.45,209.2,1,1,1.0
350,14,698.85,219.84,111.85,101.16,1,1,1.0
350,15,539.3,79.93,46.2,54.1,1,1,1.0
350,16,451.9,137.94,62.55,89.37,1,1,1.0
350,17,734.8,49.31,71.8,77.84,1,1,1.0
350,19,554.75,57.88,35.7,34.15,1,1,0.6949
350,20,601.1,51.28,34.0,31.06,1,1,1.0
350,28,481.07,1.0,47.93,84.27,1,1,1.0
351,13,524.8,337.42,170.7,203.58,1,1,1.0
351,14,701.55,224.76,114.75,103.55,1,1,1.0
351,15,539.15,80.63,46.8,54.1,1,1,1.0
351,16,452.05,139.35,62.5,90.06,1,1,1.0
351,17,733.85,48.88,70.95,77.14,1,1,1.0
351,19,554.85,58.44,35.85,34.44,1,1,0.6916
351,20,602.05,51.98,34.15,31.62,1,1,1.0
351,28,480.85,1.0,48.22,84.8,1,1,1.0
352,13,525.5,343.04,172.95,197.96,1,1,1.0
352,14,704.2,229.68,117.75,105.93,1,1,1.0
352,15,539.0,81.33,47.35,54.1,1,1,1.0
352,16,452.19,140.76,62.51,90.76,1,1,1.0
352,17,732.85,48.46,70.1,76.44,1,1,1.0
352,19,555.0,59.0,36.0,34.72,1,1,0.6894
352,20,603.05,52.68,34.3,32.18,1,1,1.0
352,28,480.64,1.0,48.5,85.33,1,1,1.0
353,13,526.2,348.65,175.2,192.35,1,1,1.0
353,14,706.85,234.59,120.7,108.33,1,1,1.0
353,15,538.85,82.04,47.95,54.1,1,1,1.0
353,16,452.32,142.16,62.53,91.47,1,1,1.0
353,17,731.85,48.04,69.3,75.74,1,1,1.0
353,19,555.15,59.56,36.1,34.99,1,1,0.6863
353,20,604.05,53.38,34.4,32.74,1,1,1.0
353,28,480.43,1.0,48.78,85.87,1,1,1.0
354,13,526.9,354.27,177.45,186.73,1,1,1.0
354,14,709.55,239.51,123.6,110.71,1,1,1.0
354,15,538.7,82.74,48.5,54.1,1,1,1.0
354,16,452.46,143.57,62.54,92.16,1,1,1.0
354,17,730.9,47.62,68.4,75.03,1,1,1.0
354,19,555.3,60.12,36.25,35.28,1,1,0.6842
354,20,605.0,54.08,34.6,33.3,1,1,1.0
354,28,480.21,1.0,49.07,86.4,1,1,1.0
355,13,527.6,359.89,179.7,181.11,1,1,1.0
355,14,712.2,244.43,126.6,113.09,1,1,1.0
355,15,538.6,83.44,49.0,54.1,1,1,1.0
355,16,452.61,144.97,62.54,92.87,1,1,1.0
355,17,729.9,47.2,67.6,74.33,1,1,1.0
355,19,555.45,60.68,36.4,35.56,1,1,0.682
355,20,606.0,54.78,34.7,33.87,1,1,1.0
355,21,541.95,47.2,29.65,29.66,1,1,0.703
355,28,480.0,1.0,49.36,86.93,1,1,1.0
356,13,528.05,367.06,180.4,173.94,1,1,1.0
356,14,715.85,249.91,129.7,116.74,1,1,1.0
356,15,538.45,84.56,49.15,54.52,1,1,1.0
356,16,451.9,146.51,63.5,93.58,1,1,1.0
356,17,728.8,46.92,67.0,73.63,1,1,1.0
356,19,555.0,61.67,36.85,35.56,1,1,0.685
356,20,606.45,56.05,35.25,34.15,1,1,1.0
356,21,541.95,48.18,29.8,29.8,1,1,0.6923
356,28,479.79,1.0,49.64,87.47,1,1,1.0
357,13,528.45,374.23,181.1,166.77,1,1,1.0
357,14,719.5,255.38,132.75,120.41,1,1,1.0
357,15,538.3,85.69,49.3,54.94,1,1,1.0
357,16,451.2,148.06,64.5,94.28,1,1,1.0
357,17,727.65,46.64,66.45,72.92,1,1,1.0
357,19,554.6,62.65,37.25,35.56,1,1,0.6881
357,20,606.85,57.32,35.85,34.43,1,1,1.0
357,21,541.95,49.17,29.95,29.94,1,1,0.6825
357,28,479.57,1.0,49.93,88.0,1,1,1.0
358,13,528.9,381.38,181.8,159.62,1,1,1.0
358,14,723.15,260.86,135.85,124.06,1,1,1.0
358,15,538.15,86.82,49.45,55.36,1,1,1.0
358,16,450.5,149.6,65.5,94.98,1,1,1.0
358,17,726.55,46.36,65.9,72.22,1,1,1.0
358,19,554.15,63.64,37.7,35.56,1,1,0.6912
358,20,607.25,58.58,36.4,34.71,1,1,1.0
358,21,541.95,50.15,30.1,30.08,1,1,0.672
358,28,479.36,1.0,50.21,88.53,1,1,1.0
359,13,529.3,388.55,182.5,152.45,1,1,1.0
359,14,726.8,266.34,138.95,127.71,1,1,1.0
359,15,538.0,87.94,49.6,55.78,1,1,1.0
359,16,449.8,151.15,66.45,95.68,1,1,1.0
359,17,725.4,46.08,65.35,71.53,1,1,1.0
359,19,553.75,64.62,38.1,35.56,1,1,0.6941
359,20,607.7,59.84,36.95,34.99,1,1,1.0
359,21,541.95,51.14,30.2,30.22,1,1,0.6626
359,28,479.15,1.0,50.49,89.07,1,1,1.0
360,13,529.75,395.71,183.15,145.29,1,1,1.0
360,14,730.45,271.82,142.05,131.36,1,1,1.0
360,15,537.9,89.06,49.7,56.2,1,1,1.0
360,16,449.1,152.69,67.45,96.38,1,1,1.0
360,17,724.3,45.79,64.75,70.82,1,1,1.0
360,19,553.35,65.6,38.5,35.56,1,1,0.6973
360,20,608.1,61.1,37.55,35.28,1,1,1.0
360,21,541.95,52.12,30.35,30.36,1,1,0.6529
360,28,478.93,1.0,50.78,89.6,1,1,1.0
361,13,530.15,402.88,183.9,138.12,1,1,1.0
361,14,734.1,277.3,145.15,135.01,1,1,1.0
361,15,537.75,90.18,49.85,56.62,1,1,1.0
361,16,448.39,154.24,68.41,97.08,1,1,1.0
361,17,723.15,45.51,64.2,70.12,1,1,1.0
361,19,552.9,66.58,38.95,35.56,1,1,0.7004
361,20,608.55,62.37,38.05,35.56,1,1,1.0
361,21,541.95,53.1,30.5,30.5,1,1,0.6424
361,28,478.72,1.0,51.06,90.13,1,1,1.0
362,13,530.7,410.32,183.2,130.68,1,1,1.0
362,14,738.45,284.46,149.35,139.36,1,1,1.0
362,15,537.15,90.6,50.6,56.9,1,1,1.0
362,16,447.55,155.37,69.0,97.92,1,1,1.0
362,17,721.9,44.39,63.65,69.55,1,1,1.0
362,19,552.75,66.72,38.95,36.12,1,1,0.6954
362,20,608.8,62.65,38.5,36.12,1,1,1.0
362,21,541.8,52.96,30.65,30.64,1,1,0.646
362,28,478.51,1.0,51.34,90.67,1,1,1.0
363,13,531.25,417.77,182.5,123.23,1,1,1.0
363,14,742.85,291.63,153.55,143.72,1,1,1.0
363,15,536.6,91.02,51.3,57.2,1,1,1.0
363,16,446.71,156.49,69.54,98.77,1,1,1.0
363,17,720.65,43.27,63.05,68.99,1,1,1.0
363,19,552.65,66.86,38.9,36.68,1,1,0.6906
363,20,609.1,62.93,38.9,36.68,1,1,1.0
363,21,541.65,52.82,30.8,30.78,1,1,0.6505
363,28,478.29,1.0,51.63,91.2,1,1,1.0
364,13,531.85,425.21,181.8,115.79,1,1,1.0
364,14,747.2,298.79,157.75,148.08,1,1,1.0
364,15,536.05,91.45,52.0,57.47,1,1,1.0
364,16,445.87,157.61,70.13,99.62,1,1,1.0
364,17,719.35,42.14,62.55,68.43,1,1,1.0
364,19,552.5,67.0,38.9,37.24,1,1,0.6859
364,20,609.4,63.22,39.35,37.24,1,1,1.0
364,21,541.55,52.68,30.9,30.92,1,1,0.6535
364,28,478.08,1.0,51.92,91.73,1,1,1.0
365,13,532.4,432.66,181.1,108.34,1,1,1.0
365,14,751.55,305.95,161.95,152.43,1,1,1.0
365,15,535.5,91.87,52.7,57.75,1,1,1.0
365,16,445.02,158.74,70.68,100.45,1,1,1.0
365,17,718.1,41.02,61.95,67.87,1,1,1.0
365,19,552.35,67.14,38.9,37.8,1,1,0.6811
365,20,609.65,63.5,39.8,37.8,1,1,1.0
365,21,541.4,52.54,31.05,31.06,1,1,0.6571
365,28,477.87,1.0,52.2,92.27,1,1,1.0
366,13,532.95,440.11,180.4,100.89,1,1,1.0
366,14,755.9,313.12,166.2,156.78,1,1,1.0
366,15,534.95,92.29,53.35,58.03,1,1,1.0
366,16,444.18,159.86,71.22,101.3,1,1,1.0
366,17,716.85,39.9,61.4,67.31,1,1,1.0
366,19,552.2,67.28,38.95,38.38,1,1,0.6771
366,20,609.95,63.78,40.2,38.36,1,1,1.0
366,21,541.25,52.4,31.2,31.2,1,1,0.6607
366,28,477.65,1.0,52.49,92.8,1,1,1.0
367,13,533.5,447.55,179.7,93.45,1,1,1.0
367,14,760.25,320.28,170.4,161.14,1,1,1.0
367,15,534.35,92.72,54.1,58.32,1,1,1.0
367,16,443.33,160.99,71.82,102.14,1,1,1.0
367,17,715.6,38.77,60.8,66.75,1,1,1.0
367,19,552.05,67.43,38.95,38.93,1,1,0.6724
367,20,610.2,64.06,40.65,38.94,1,1,1.0
367,21,541.1,52.26,31.35,31.34,1,1,0.6643
367,28,477.44,1.0,52.77,93.33,1,1,1.0
368,14,765.3,329.41,170.25,161.85,1,1,1.0
368,15,534.5,92.86,53.95,59.02,1,1,1.0
368,16,443.19,162.1,72.21,102.57,1,1,1.0
368,17,714.45,37.93,60.7,66.04,1,1,1.0
368,19,552.05,67.57,39.1,39.07,1,1,0.6715
368,20,611.2,64.9,40.9,38.79,1,1,1.0
368,21,541.25,52.12,31.35,31.76,1,1,0.6634
368,28,477.23,1.0,53.05,93.87,1,1,1.0
369,14,770.35,338.55,170.15,162.55,1,1,1.0
369,15,534.65,93.0,53.8,59.72,1,1,1.0
369,16,443.06,163.23,72.64,102.98,1,1,1.0
369,17,713.35,37.08,60.55,65.33,1,1,1.0
369,19,552.05,67.71,39.2,39.21,1,1,0.6702
369,20,612.2,65.74,41.15,38.65,1,1,1.0
369,21,541.4,51.98,31.35,32.18,1,1,0.6625
369,28,477.01,1.0,53.34,94.4,1,1,1.0
370,14,775.4,347.68,170.0,163.22,1,1,1.0
370,15,534.8,93.14,53.65,60.42,1,1,1.0
370,16,442.92,164.35,73.08,103.41,1,1,1.0
370,17,712.2,36.24,60.4,64.63,1,1,1.0
370,19,552.05,67.85,39.35,39.35,1,1,0.6694
370,20,613.15,66.58,41.5,38.51,1,1,1.0
370,21,541.55,51.84,31.3,32.6,1,1,0.6619
370,28,476.8,1.0,53.62,94.93,1,1,1.0
371,14,780.45,356.81,180.55,163.94,1,1,1.0
371,15,534.95,93.28,53.5,61.12,1,1,1.0
371,16,442.77,165.48,73.48,103.83,1,1,1.0
371,17,711.1,35.4,60.25,63.93,1,1,1.0
371,19,552.05,67.99,39.5,39.49,1,1,0.6685
371,20,614.15,67.43,41.75,38.37,1,1,1.0
371,21,541.65,51.7,31.35,33.03,1,1,0.6614
371,28,476.59,1.0,53.9,95.47,1,1,1.0
372,14,785.55,365.94,175.45,164.66,1,1,1.0
372,15,535.05,93.42,53.4,61.82,1,1,1.0
372,16,442.63,166.6,73.92,104.25,1,1,1.0
372,17,709.95,34.56,60.15,63.23,1,1,1.0
372,19,552.05,68.13,39.65,39.63,1,1,0.6677
372,20,615.15,68.27,42.0,38.23,1,1,1.0
372,21,541.8,51.56,31.35,33.45,1,1,0.6605
372,28,476.37,1.0,54.19,96.0,1,1,1.0
373,14,790.6,375.07,170.4,165.93,1,1,1.0
373,15,535.2,93.56,53.25,62.54,1,1,1.0
373,16,442.5,167.72,74.3,104.67,1,1,1.0
373,17,708.85,33.71,60.0,62.53,1,1,1.0
373,19,552.05,68.27,39.8,39.77,1,1,0.6669
373,20,616.1,69.11,42.3,38.08,1,1,1.0
373,21,541.95,51.42,31.35,33.87,1,1,0.6595
373,28,476.16,1.0,54.48,96.53,1,1,1.0
374,14,798.75,387.85,162.25,153.15,1,1,1.0
374,15,535.65,94.68,53.5,62.81,1,1,1.0
374,16,442.36,169.41,74.59,105.94,1,1,1.0
374,17,708.4,33.01,59.45,62.53,1,1,1.0
374,19,552.35,69.11,40.05,39.64,1,1,0.6738
374,20,617.1,70.38,42.6,38.23,1,1,1.0
374,21,542.1,52.12,31.75,33.45,1,1,0.667
374,28,475.95,6.19,54.76,91.88,1,1,1.0
375,14,806.9,400.63,154.1,140.37,1,1,1.0
375,15,536.05,95.8,53.8,63.1,1,1,1.0
375,16,442.21,171.1,74.89,107.2,1,1,1.0
375,17,708.0,32.31,58.85,62.53,1,1,1.0
375,19,552.65,69.96,40.3,39.48,1,1,0.6812
375,20,618.1,71.64,42.85,38.37,1,1,1.0
375,21,542.25,52.82,32.15,33.02,1,1,0.6745
375,28,475.73,6.4,55.05,92.2,1,1,1.0
376,14,815.05,413.42,145.95,127.58,1,1,1.0
376,15,536.45,96.92,54.1,63.38,1,1,1.0
376,16,442.07,172.79,75.18,108.46,1,1,1.0
376,17,707.55,31.61,58.35,62.53,1,1,1.0
376,19,552.9,70.8,40.6,39.35,1,1,0.6883
376,20,619.05,72.9,43.15,38.52,1,1,1.0
376,21,542.35,53.52,32.65,32.6,1,1,0.6819
376,28,475.52,6.61,55.33,92.52,1,1,1.0
377,14,823.2,426.2,137.8,114.8,1,1,1.0
377,15,536.9,98.05,54.35,63.65,1,1,1.0
377,16,441.93,174.47,75.47,109.72,1,1,1.0
377,17,707.15,30.9,57.75,62.53,1,1,1.0
377,19,553.2,71.64,40.9,39.21,1,1,0.6963
377,20,620.05,74.17,43.45,38.65,1,1,1.0
377,21,542.5,54.22,33.05,32.18,1,1,0.6897
377,28,475.31,6.83,55.61,92.84,1,1,1.0
378,14,831.35,438.98,129.65,102.02,1,1,1.0
378,15,537.3,99.18,54.65,63.92,1,1,1.0
378,16,441.79,176.16,75.71,110.98,1,1,1.0
378,17,706.75,30.2,57.15,62.53,1,1,1.0
378,19,553.45,72.48,41.2,39.08,1,1,0.7038
378,20,621.05,75.44,43.7,38.78,1,1,1.0
378,21,542.65,54.92,33.45,31.76,1,1,0.6972
378,28,475.09,7.04,55.9,93.16,1,1,1.0
379,14,839.45,451.76,121.55,89.24,1,1,1.0
379,15,537.75,100.3,54.95,64.21,1,1,1.0
379,16,441.65,177.84,76.0,112.26,1,1,1.0
379,17,706.3,29.5,56.65,62.52,1,1,1.0
379,19,553.75,73.32,41.45,38.94,1,1,0.7113
379,20,622.0,76.7,44.0,38.93,1,1,1.0
379,21,542.8,55.63,33.85,31.34,1,1,0.7055
379,28,474.88,7.25,56.18,93.48,1,1,1.0
380,15,537.9,100.72,55.05,64.5,1,1,1.0
380,16,441.37,179.53,76.98,112.96,1,1,1.0
380,17,705.6,28.94,56.05,62.11,1,1,1.0
380,19,553.75,73.32,41.75,39.49,1,1,0.7123
380,20,623.0,77.54,44.25,39.63,1,1,1.0
380,21,543.05,55.34,34.05,31.76,1,1,0.7024
380,28,474.67,7.47,56.46,93.8,1,1,1.0
381,15,538.0,101.14,55.25,64.77,1,1,1.0
381,16,441.09,181.21,77.96,113.66,1,1,1.0
381,17,704.9,28.38,55.5,61.68,1,1,1.0
381,19,553.75,73.32,42.0,40.06,1,1,0.7126
381,20,624.0,78.39,44.55,40.34,1,1,1.0
381,21,543.35,55.06,34.15,32.18,1,1,0.6991
381,28,474.35,7.77,56.76,94.2,1,1,1.0
382,15,538.15,101.57,55.35,65.05,1,1,1.0
382,16,440.81,182.9,78.94,114.36,1,1,1.0
382,17,704.2,27.81,54.95,61.26,1,1,1.0
382,19,553.75,73.32,42.3,40.62,1,1,0.7138
382,20,624.95,79.22,44.85,41.04,1,1,1.0
382,21,543.65,54.78,34.3,32.6,1,1,0.6956
382,28,474.03,8.06,57.06,94.61,1,1,1.0
383,15,538.3,101.99,55.5,65.33,1,1,1.0
383,16,440.52,184.59,79.93,115.06,1,1,1.0
383,17,703.5,27.25,54.35,60.84,1,1,1.0
383,19,553.75,73.32,42.6,41.18,1,1,0.7142
383,20,625.95,80.07,45.1,41.74,1,1,1.0
383,21,543.9,54.5,34.45,33.02,1,1,0.6929
383,28,473.71,8.36,57.36,95.02,1,1,1.0
384,15,538.45,102.41,55.65,65.62,1,1,1.0
384,16,440.25,186.27,80.95,115.77,1,1,1.0
384,17,702.8,26.69,53.8,60.42,1,1,1.0
384,19,553.75,73.32,42.85,41.74,1,1,0.7144
384,20,626.95,80.92,45.4,42.44,1,1,1.0
384,21,544.2,54.22,34.55,33.45,1,1,0.6896
384,28,473.39,8.66,57.66,95.42,1,1,1.0
385,15,538.6,102.83,55.75,65.89,1,1,1.0
385,16,439.96,187.96,81.94,116.47,1,1,1.0
385,17,702.1,26.13,53.25,60.0,1,1,1.0
385,19,553.75,73.32,43.15,42.3,1,1,0.7153
385,20,627.9,81.76,45.7,43.14,1,1,1.0
385,21,544.5,53.94,34.7,33.88,1,1,0.6863
385,28,473.07,8.96,57.96,95.83,1,1,1.0
386,15,538.6,104.09,56.45,66.6,1,1,1.0
386,16,439.4,190.2,82.9,118.72,1,1,1.0
386,17,701.55,25.57,52.8,59.86,1,1,1.0
386,19,553.9,74.45,43.4,42.3,1,1,0.7162
386,20,628.6,83.44,46.7,43.85,1,1,1.0
386,21,544.5,54.64,35.1,34.15,1,1,0.6924
386,28,472.75,9.26,58.26,96.23,1,1,1.0
387,15,538.6,105.36,57.15,67.3,1,1,1.0
387,16,438.84,192.45,83.86,120.97,1,1,1.0
387,17,700.95,25.0,52.45,59.72,1,1,1.0
387,19,554.05,75.58,43.7,42.3,1,1,0.7176
387,20,629.3,85.12,47.65,44.56,1,1,1.0
387,21,544.5,55.34,35.55,34.44,1,1,0.6983
387,28,472.43,9.56,58.55,96.63,1,1,1.0
388,15,538.6,106.62,57.85,68.01,1,1,1.0
388,16,438.28,194.69,84.87,123.22,1,1,1.0
388,17,700.4,24.44,52.0,59.58,1,1,1.0
388,19,554.15,76.7,44.0,42.3,1,1,0.7186
388,20,630.05,86.82,48.6,45.24,1,1,1.0
388,21,544.5,56.05,35.95,34.72,1,1,0.7036
388,28,472.11,9.86,58.85,97.04,1,1,1.0
389,15,538.6,107.89,58.55,68.71,1,1,1.0
389,16,437.71,196.94,85.84,125.46,1,1,1.0
389,17,699.85,23.88,51.55,59.44,1,1,1.0
389,19,554.3,77.82,44.3,42.3,1,1,0.7203
389,20,630.75,88.5,49.6,45.95,1,1,1.0
389,21,544.5,56.75,36.4,34.99,1,1,0.7093
389,28,471.79,10.15,59.15,97.44,1,1,1.0
390,15,538.6,109.15,59.25,69.41,1,1,1.0
390,16,437.15,199.19,86.85,127.71,1,1,1.0
390,17,699.3,23.32,51.15,59.3,1,1,1.0
390,19,554.45,78.94,44.55,42.3,1,1,0.7214
390,20,631.45,90.18,50.55,46.66,1,1,1.0
390,21,544.5,57.46,36.8,35.28,1,1,0.7149
390,28,471.47,10.45,59.45,97.86,1,1,1.0
391,15,538.6,110.42,60.0,70.11,1,1,1.0
391,16,436.6,201.44,87.8,129.95,1,1,1.0
391,17,698.7,22.76,50.75,59.16,1,1,1.0
391,19,554.6,80.07,44.8,42.3,1,1,0.7225
391,20,632.15,91.87,51.55,47.35,1,1,1.0
391,21,544.5,58.16,37.2,35.56,1,1,0.7205
391,28,471.15,10.75,59.75,98.26,1,1,1.0
392,15,538.6,111.96,60.55,70.39,1,1,1.0
392,16,436.74,204.25,88.66,131.08,1,1,1.0
392,17,698.15,22.62,50.45,58.87,1,1,1.0
392,19,554.45,81.47,45.25,42.72,1,1,0.7172
392,20,633.1,93.84,52.3,47.92,1,1,1.0
392,21,544.9,59.14,37.25,35.7,1,1,0.7217
392,28,470.83,11.05,60.05,98.66,1,1,1.0
393,15,538.6,113.51,61.1,70.67,1,1,1.0
393,16,436.88,207.06,89.47,132.2,1,1,1.0
393,17,697.6,22.48,50.15,58.59,1,1,1.0
393,19,554.3,82.88,45.7,43.14,1,1,0.7119
393,20,634.1,95.8,53.0,48.48,1,1,1.0
393,21,545.3,60.12,37.25,35.84,1,1,0.7232
393,28,470.51,11.35,60.35,99.07,1,1,1.0
394,15,538.6,115.05,61.65,70.96,1,1,1.0
394,16,437.01,209.87,90.34,133.32,1,1,1.0
394,17,697.05,22.34,49.85,58.31,1,1,1.0
394,19,554.15,84.28,46.1,43.56,1,1,0.7062
394,20,635.1,97.77,53.65,49.04,1,1,1.0
394,21,545.75,61.1,37.25,35.98,1,1,0.7245
394,28,470.19,11.65,60.64,99.47,1,1,1.0
395,15,538.6,116.6,62.2,71.23,1,1,1.0
395,16,437.15,212.68,91.2,134.45,1,1,1.0
395,17,696.45,22.2,49.6,58.03,1,1,1.0
395,19,554.05,85.69,46.5,43.99,1,1,0.7027
395,20,636.05,99.74,54.4,49.6,1,1,1.0
395,21,546.15,62.09,37.25,36.12,1,1,0.7269
395,28,469.87,11.95,60.94,99.88,1,1,1.0
396,15,538.6,118.14,62.8,71.52,1,1,1.0
396,16,437.3,215.49,92.0,135.57,1,1,1.0
396,17,695.9,22.06,49.35,57.75,1,1,1.0
396,19,553.9,87.1,46.9,44.4,1,1,0.6991
396,20,637.05,101.71,55.1,50.16,1,1,1.0
396,21,546.6,63.08,37.25,36.26,1,1,0.7287
396,28,469.55,12.24,61.24,100.28,1,1,1.0
397,15,538.6,119.69,63.35,71.8,1,1,1.0
397,16,437.44,218.29,92.86,136.71,1,1,1.0
397,17,695.35,21.91,49.05,57.47,1,1,1.0
397,19,553.75,88.5,47.35,44.82,1,1,0.6959
397,20,638.05,103.67,55.75,50.73,1,1,1.0
397,21,547.0,64.06,37.25,36.4,1,1,0.7311
397,28,469.23,12.54,61.54,100.69,1,1,1.0
398,15,539.15,120.95,63.8,72.36,1,1,1.0
398,16,437.57,221.67,93.98,138.52,1,1,1.0
398,17,695.05,21.91,48.35,56.77,1,1,1.0
398,19,554.15,89.34,47.25,45.11,1,1,0.7007
398,20,639.85,105.78,56.35,51.57,1,1,1.0
398,21,547.45,64.9,37.5,36.68,1,1,0.7259
398,28,468.91,12.84,61.84,101.1,1,1,1.0
399,15,539.7,122.21,64.2,72.92,1,1,1.0
399,16,437.71,225.04,95.14,140.35,1,1,1.0
399,17,694.8,21.91,47.6,56.07,1,1,1.0
399,19,554.6,90.18,47.05,45.38,1,1,0.7056
399,20,641.7,107.89,56.9,52.41,1,1,1.0
399,21,547.85,65.74,37.8,36.97,1,1,0.7217
399,28,468.59,13.14,62.14,101.5,1,1,1.0
400,15,540.25,123.47,64.65,73.49,1,1,1.0
400,16,437.86,228.41,96.24,142.17,1,1,1.0
400,17,694.5,21.91,46.95,55.36,1,1,1.0
400,19,555.0,91.02,46.95,45.68,1,1,0.7103
400,20,643.5,109.99,57.5,53.26,1,1,1.0
400,21,548.25,66.58,38.1,37.24,1,1,0.7171
400,28,468.27,13.44,62.44,101.91,1,1,1.0
401,15,540.85,124.74,65.05,74.05,1,1,1.0
401,16,438.0,231.78,97.35,144.01,1,1,1.0
401,17,694.2,21.91,46.25,54.66,1,1,1.0
401,19,555.45,91.87,46.8,45.95,1,1,0.7153
401,20,645.35,112.1,58.0,54.1,1,1,1.0
401,21,548.7,67.43,38.35,37.52,1,1,0.7127
401,28,467.95,13.74,62.74,102.31,1,1,1.0
402,15,541.4,126.01,65.45,74.61,1,1,1.0
402,16,438.14,235.16,98.51,145.82,1,1,1.0
402,17,693.95,21.91,45.5,53.96,1,1,1.0
402,19,555.85,92.72,46.65,46.22,1,1,0.7203
402,20,647.15,114.21,58.6,54.94,1,1,1.0
402,21,549.1,68.27,38.65,37.81,1,1,0.7083
402,28,467.63,14.04,63.03,102.71,1,1,1.0
403,15,541.95,127.27,65.9,75.17,1,1,1.0
403,16,438.28,238.53,99.62,147.65,1,1,1.0
403,17,693.65,21.91,44.85,53.26,1,1,1.0
403,19,556.3,93.56,46.5,46.52,1,1,0.7248
403,20,649.0,116.32,59.15,55.78,1,1,1.0
403,21,549.55,69.11,38.9,38.08,1,1,0.7039
403,28,467.31,14.34,63.33,103.12,1,1,1.0
404,15,541.95,128.68,65.9,75.73,1,1,1.0
404,16,438.28,241.47,100.47,150.33,1,1,1.0
404,17,692.7,22.06,44.95,52.56,1,1,1.0
404,19,556.4,94.68,46.65,46.51,1,1,0.731
404,20,650.25,119.12,59.7,55.92,1,1,1.0
404,21,549.7,69.82,39.05,37.94,1,1,0.7144
404,28,466.99,14.64,63.63,103.52,1,1,1.0
405,15,541.95,130.08,65.9,76.3,1,1,1.0
405,16,438.28,244.43,101.32,152.99,1,1,1.0
405,17,691.7,22.2,45.1,51.85,1,1,1.0
405,19,556.55,95.8,46.8,46.52,1,1,0.7369
405,20,651.5,121.93,60.3,56.07,1,1,1.0
405,21,549.8,70.52,39.2,37.8,1,1,0.7259
405,28,466.67,14.93,63.93,103.94,1,1,1.0
406,15,541.95,131.49,65.9,76.85,1,1,1.0
406,16,438.28,247.38,102.12,155.66,1,1,1.0
406,17,690.7,22.34,45.25,51.15,1,1,1.0
406,19,556.7,96.92,46.95,46.52,1,1,0.7431
406,20,652.8,124.74,60.85,56.2,1,1,1.0
406,21,549.95,71.22,39.35,37.67,1,1,0.7369
406,28,466.35,15.23,64.23,104.34,1,1,1.0
407,15,541.95,132.89,65.9,77.42,1,1,1.0
407,16,438.28,250.32,102.97,158.33,1,1,1.0
407,17,689.75,22.48,45.35,50.45,1,1,1.0
407,19,556.85,98.05,47.05,46.52,1,1,0.7489
407,20,654.05,127.55,61.4,56.35,1,1,1.0
407,21,550.1,71.92,39.5,37.52,1,1,0.7483
407,28,466.03,15.53,64.53,104.74,1,1,1.0
408,15,541.95,134.29,65.9,77.99,1,1,1.0
408,16,438.28,253.28,103.82,160.99,1,1,1.0
408,17,688.75,22.62,45.5,49.74,1,1,1.0
408,19,557.0,99.18,47.2,46.52,1,1,0.7549
408,20,655.3,130.36,62.0,56.49,1,1,1.0
408,21,550.25,72.62,39.6,37.38,1,1,0.7596
408,28,465.71,15.83,64.83,105.15,1,1,1.0
409,15,541.95,135.7,65.9,78.54,1,1,1.0
409,16,438.28,256.23,104.67,163.66,1,1,1.0
409,17,687.75,22.76,45.7,49.04,1,1,1.0
409,19,557.1,100.3,47.4,46.51,1,1,0.7611
409,20,656.6,133.17,62.5,56.62,1,1,1.0
409,21,550.4,73.32,39.75,37.24,1,1,0.7707
409,28,465.39,16.13,65.12,105.55,1,1,1.0
410,15,541.4,137.66,66.75,79.39,1,1,1.0
410,16,437.3,260.72,106.75,166.76,1,1,1.0
410,17,686.65,22.62,45.4,49.6,1,1,1.0
410,19,556.55,101.71,48.05,47.07,1,1,0.7638
410,20,657.15,135.98,64.2,58.17,1,1,1.0
410,21,549.95,74.31,40.05,37.66,1,1,0.7725
410,28,465.07,16.43,65.42,105.96,1,1,1.0
411,15,540.85,139.63,67.55,80.23,1,1,1.0
411,16,436.32,265.21,108.88,169.86,1,1,1.0
411,17,685.5,22.48,45.1,50.16,1,1,1.0
411,19,556.0,103.11,48.75,47.64,1,1,0.7666
411,20,657.7,138.79,65.9,59.72,1,1,1.0
411,21,549.55,75.3,40.3,38.08,1,1,0.7735
411,28,464.75,16.73,65.72,106.36,1,1,1.0
412,15,540.25,141.6,68.45,81.07,1,1,1.0
412,16,435.33,269.71,110.97,172.94,1,1,1.0
412,17,684.4,22.34,44.8,50.73,1,1,1.0
412,19,555.45,104.52,49.45,48.19,1,1,0.7695
412,20,658.25,141.6,67.6,61.26,1,1,1.0
412,21,549.1,76.28,40.65,38.52,1,1,0.775
412,28,464.43,17.02,66.02,106.77,1,1,1.0
413,15,539.7,143.57,69.25,81.91,1,1,1.0
413,16,434.35,274.2,113.1,176.04,1,1,1.0
413,17,683.25,22.2,44.55,51.29,1,1,1.0
413,19,554.85,105.92,50.2,48.76,1,1,0.7721
413,20,658.8,144.41,69.3,62.81,1,1,1.0
413,21,548.7,77.26,40.9,38.93,1,1,0.7759
413,28,464.11,17.32,66.32,107.18,1,1,1.0
414,15,539.15,145.53,70.1,82.76,1,1,1.0
414,16,433.37,278.7,115.18,179.12,1,1,1.0
414,17,682.15,22.06,44.25,51.85,1,1,1.0
414,19,554.3,107.32,50.9,49.33,1,1,0.7746
414,20,659.4,147.22,70.95,64.35,1,1,1.0
414,21,548.25,78.24,41.2,39.35,1,1,0.7771
414,28,463.79,17.62,66.62,107.58,1,1,1.0
415,15,538.6,147.5,70.95,83.6,1,1,1.0
415,16,432.38,283.19,117.32,182.21,1,1,1.0
415,17,681.0,21.91,44.0,52.41,1,1,1.0
415,19,553.75,108.72,51.55,49.89,1,1,0.7773
415,20,659.95,150.03,72.65,65.9,1,1,1.0
415,21,547.85,79.22,41.45,39.78,1,1,0.7783
415,28,463.47,17.92,66.92,107.99,1,1,1.0
416,15,538.6,148.48,71.9,85.01,1,1,1.0
416,16,432.24,287.13,118.71,185.73,1,1,1.0
416,17,680.6,21.35,43.85,52.13,1,1,1.0
416,19,554.05,109.43,51.4,50.31,1,1,0.7762
416,20,662.05,152.97,73.65,66.89,1,1,1.0
416,21,548.4,79.79,41.45,39.49,1,1,0.7846
416,28,463.15,18.22,67.22,108.39,1,1,1.0
417,15,538.6,149.47,72.9,86.41,1,1,1.0
417,16,432.1,291.06,120.1,189.24,1,1,1.0
417,17,680.2,20.79,43.7,51.85,1,1,1.0
417,19,554.3,110.13,51.3,50.73,1,1,0.7755
417,20,664.15,155.93,74.6,67.86,1,1,1.0
417,21,548.95,80.35,41.5,39.21,1,1,0.7905
417,28,462.83,18.52,67.51,108.79,1,1,1.0
418,15,538.6,150.45,73.9,87.81,1,1,1.0
418,16,431.96,295.0,121.54,192.75,1,1,1.0
418,17,679.75,20.23,43.55,51.57,1,1,1.0
418,19,554.6,110.83,51.15,51.16,1,1,0.7744
418,20,666.25,158.88,75.6,68.84,1,1,1.0
418,21,549.55,80.92,41.45,38.92,1,1,0.7967
418,28,462.51,18.82,67.81,109.2,1,1,1.0
419,15,538.6,151.43,74.85,89.22,1,1,1.0
419,16,431.82,298.93,122.93,196.26,1,1,1.0
419,17,679.35,19.67,43.4,51.29,1,1,1.0
419,19,554.85,111.54,51.05,51.56,1,1,0.7737
419,20,668.4,161.82,76.55,69.84,1,1,1.0
419,21,550.1,81.47,41.45,38.65,1,1,0.8034
419,28,462.19,19.11,68.11,109.6,1,1,1.0
420,15,538.6,152.41,75.85,90.63,1,1,1.0
420,16,431.68,302.86,124.32,199.79,1,1,1.0
420,17,678.9,19.1,43.3,51.01,1,1,1.0
420,19,555.15,112.24,50.85,51.99,1,1,0.7726
420,20,670.5,164.78,77.55,70.81,1,1,1.0
420,21,550.65,82.04,41.45,38.38,1,1,0.8102
420,28,461.87,19.41,68.41,110.02,1,1,1.0
421,15,538.6,153.4,76.85,92.03,1,1,1.0
421,16,431.54,306.8,125.76,203.3,1,1,1.0
421,17,678.5,18.54,43.15,50.73,1,1,1.0
421,19,555.45,112.94,50.7,52.41,1,1,0.772
421,20,672.6,167.72,78.55,71.81,1,1,1.0
421,21,551.2,82.6,41.5,38.09,1,1,0.8174
421,28,461.55,19.71,68.71,110.42,1,1,1.0
422,15,538.85,154.8,77.45,92.88,1,1,1.0
422,16,431.26,312.69,128.29,202.46,1,1,1.0
422,17,678.05,18.26,43.15,49.88,1,1,1.0
422,19,555.6,113.51,51.4,52.83,1,1,0.7816
422,20,674.7,171.1,80.65,73.2,1,1,1.0
422,21,551.65,83.16,41.75,38.65,1,1,0.8056
422,28,461.23,20.01,69.01,110.82,1,1,1.0
423,15,539.15,156.21,77.95,93.71,1,1,1.0
423,16,430.98,318.6,130.77,201.6,1,1,1.0
423,17,677.65,17.98,43.15,49.04,1,1,1.0
423,19,555.7,114.07,52.15,53.25,1,1,0.7914
423,20,676.8,174.47,82.75,74.6,1,1,1.0
423,21,552.05,83.72,42.05,39.2,1,1,0.7936
423,28,460.91,20.31,69.31,111.23,1,1,1.0
424,15,539.4,157.61,78.55,94.56,1,1,1.0
424,16,430.69,324.5,133.31,200.75,1,1,1.0
424,17,677.25,17.7,43.1,48.2,1,1,1.0
424,19,555.85,114.63,52.85,53.68,1,1,0.8007
424,20,678.9,177.84,84.85,76.01,1,1,1.0
424,21,552.5,84.28,42.3,39.78,1,1,0.7817
424,28,460.59,20.61,69.6,111.63,1,1,1.0
425,15,539.7,159.01,79.1,95.4,1,1,1.0
425,16,430.42,330.39,135.83,199.91,1,1,1.0
425,17,676.8,17.42,43.15,47.36,1,1,1.0
425,19,556.0,115.19,53.55,54.1,1,1,0.81
425,20,681.0,181.21,87.0,77.42,1,1,1.0
425,21,552.9,84.84,42.6,40.34,1,1,0.7703
425,28,460.27,20.91,69.9,112.04,1,1,1.0
426,15,540.0,160.42,79.65,96.24,1,1,1.0
426,16,430.13,336.3,138.37,204.7,1,1,1.0
426,17,676.4,17.14,43.15,46.51,1,1,1.0
426,19,556.15,115.75,54.25,54.52,1,1,0.8193
426,20,683.15,184.59,89.05,78.81,1,1,1.0
426,21,553.35,85.41,42.85,40.9,1,1,0.7587
426,28,459.95,21.2,70.2,112.44,1,1,1.0
427,15,540.25,161.82,80.25,97.09,1,1,1.0
427,16,429.85,342.19,140.9,198.81,1,1,1.0
427,17,675.95,16.86,43.15,45.67,1,1,1.0
427,19,556.3,116.32,54.9,54.94,1,1,0.8282
427,20,685.25,187.96,91.15,80.22,1,1,1.0
427,21,553.75,85.97,43.15,41.46,1,1,0.7479
427,28,459.63,21.5,70.5,112.85,1,1,1.0
428,15,540.0,163.79,81.35,97.37,1,1,1.0
428,16,428.87,349.92,143.18,191.08,1,1,1.0
428,17,675.55,16.72,42.55,45.39,1,1,1.0
428,19,556.15,117.58,55.65,55.64,1,1,0.8305
428,20,687.75,192.31,92.75,82.89,1,1,1.0
428,21,553.9,86.82,43.15,42.3,1,1,0.7416
428,28,459.31,21.8,70.8,113.26,1,1,1.0
429,15,539.7,165.76,82.5,97.64,1,1,1.0
429,16,427.88,357.64,145.42,183.36,1,1,1.0
429,17,675.1,16.58,42.05,45.11,1,1,1.0
429,19,556.0,118.84,56.35,56.35,1,1,0.8327
429,20,690.3,196.66,94.25,85.57,1,1,1.0
429,21,554.05,87.66,43.1,43.14,1,1,0.7353
429,28,458.99,22.1,71.1,113.66,1,1,1.0
430,15,539.4,167.72,83.6,97.93,1,1,1.0
430,16,426.9,365.38,147.65,175.62,1,1,1.0
430,17,674.7,16.44,41.45,44.83,1,1,1.0
430,19,555.85,120.11,57.05,57.05,1,1,0.8345
430,20,692.8,201.02,95.85,88.24,1,1,1.0
430,21,554.15,88.5,43.15,43.99,1,1,0.7297
430,28,458.67,22.4,71.4,114.07,1,1,1.0
431,15,539.15,169.69,84.7,98.21,1,1,1.0
431,16,425.92,373.1,149.88,167.9,1,1,1.0
431,17,674.3,16.3,40.85,44.54,1,1,1.0
431,19,555.7,121.37,57.75,57.75,1,1,0.8367
431,20,695.35,205.38,97.35,90.89,1,1,1.0
431,21,554.3,89.34,43.15,44.83,1,1,0.7237
431,28,458.24,22.76,71.79,114.6,1,1,1.0
432,15,538.85,171.66,85.85,98.49,1,1,1.0
432,16,424.94,380.82,152.16,160.18,1,1,1.0
432,17,673.85,16.15,40.35,44.27,1,1,1.0
432,19,555.6,122.64,58.45,58.45,1,1,1.0
432,20,697.9,209.73,98.9,93.57,1,1,1.0
432,21,554.45,90.18,43.15,45.66,1,1,0.7184
432,28,457.81,23.11,72.19,115.13,1,1,1.0
433,15,538.6,173.63,86.95,98.76,1,1,1.0
433,16,423.95,388.55,154.4,152.45,1,1,1.0
433,17,673.45,16.01,39.75,43.99,1,1,1.0
433,19,555.45,123.9,59.15,59.16,1,1,1.0
433,20,700.4,214.09,100.45,96.23,1,1,1.0
433,21,554.6,91.02,43.15,46.52,1,1,0.7125
433,28,457.39,23.47,72.57,115.66,1,1,1.0
434,15,539.15,175.6,87.25,100.59,1,1,1.0
434,17,673.0,15.45,39.65,43.84,1,1,1.0
434,19,555.85,124.88,59.45,59.58,1,1,1.0
434,20,703.65,219.7,103.4,98.21,1,1,1.0
434,21,554.6,91.87,43.7,45.95,1,1,0.7264
434,28,456.96,23.82,72.96,116.2,1,1,1.0
435,15,539.7,177.56,87.55,102.42,1,1,1.0
435,17,672.6,14.89,39.5,43.7,1,1,1.0
435,19,556.3,125.86,59.7,60.01,1,1,1.0
435,20,706.85,225.32,106.35,100.18,1,1,1.0
435,21,554.6,92.72,44.25,45.38,1,1,0.7407
435,28,456.53,24.18,73.36,116.73,1,1,1.0
436,15,540.25,179.53,87.85,104.24,1,1,1.0
436,17,672.15,14.33,39.35,43.56,1,1,1.0
436,19,556.7,126.85,60.0,60.42,1,1,1.0
436,20,710.1,230.94,109.3,102.14,1,1,1.0
436,21,554.6,93.56,44.8,44.82,1,1,0.7548
436,28,456.11,24.53,73.74,117.27,1,1,1.0
437,15,540.85,181.5,88.05,106.07,1,1,1.0
437,17,671.75,13.77,39.2,43.42,1,1,1.0
437,19,557.1,127.83,60.3,60.85,1,1,1.0
437,20,713.35,236.56,112.25,104.11,1,1,1.0
437,21,554.6,94.4,45.4,44.26,1,1,0.7688
437,28,455.68,24.89,74.14,117.8,1,1,1.0
438,15,541.4,183.46,88.35,107.9,1,1,1.0
438,17,671.35,13.2,39.05,43.28,1,1,1.0
438,19,557.55,128.82,60.55,61.26,1,1,1.0
438,20,716.55,242.18,115.2,106.07,1,1,1.0
438,21,554.6,95.24,45.95,43.7,1,1,0.7833
438,28,455.25,25.24,74.53,118.34,1,1,1.0
439,15,541.95,185.43,88.65,109.72,1,1,1.0
439,17,670.9,12.64,38.95,43.14,1,1,1.0
439,19,557.95,129.8,60.85,61.69,1,1,1.0
439,20,719.8,247.79,118.15,108.05,1,1,1.0
439,21,554.6,96.08,46.5,43.14,1,1,0.7973
439,28,454.83,25.6,74.92,118.87,1,1,1.0
440,15,541.95,187.68,89.9,111.97,1,1,1.0
440,17,670.75,12.36,38.5,42.86,1,1,1.0
440,19,558.25,131.35,61.4,62.1,1,1,1.0
440,20,723.6,254.12,121.25,112.68,1,1,1.0
440,21,555.15,97.21,46.4,43.0,1,1,0.8077
440,28,454.4,25.96,75.31,119.4,1,1,1.0
441,15,541.95,189.92,91.2,114.22,1,1,1.0
441,17,670.6,12.08,38.1,42.58,1,1,1.0
441,19,558.55,132.89,61.95,62.52,1,1,1.0
441,20,727.35,260.44,124.35,117.31,1,1,1.0
441,21,555.7,98.33,46.25,42.86,1,1,0.8183
441,28,453.97,26.31,75.71,119.93,1,1,1.0
442,15,541.95,192.17,92.45,116.47,1,1,1.0
442,17,670.5,11.8,37.65,42.3,1,1,1.0
442,19,558.8,134.44,62.55,62.94,1,1,1.0
442,20,731.15,266.76,127.45,121.95,1,1,1.0
442,21,556.3,99.46,46.05,42.72,1,1,0.8287
442,28,453.55,26.67,76.09,120.46,1,1,1.0
443,15,541.95,194.41,93.7,118.72,1,1,1.0
443,17,670.35,11.52,37.25,42.02,1,1,1.0
443,19,559.1,135.98,63.1,63.37,1,1,1.0
443,20,734.95,273.08,130.55,126.59,1,1,1.0
443,21,556.85,100.58,45.95,42.58,1,1,0.8396
443,28,453.12,27.02,76.48,121.0,1,1,1.0
444,15,541.95,196.66,95.0,120.97,1,1,1.0
444,17,670.2,11.24,36.8,41.74,1,1,1.0
444,19,559.35,137.53,63.65,63.79,1,1,1.0
444,20,738.75,279.4,133.6,131.22,1,1,1.0
444,21,557.4,101.71,45.8,42.44,1,1,0.8507
444,28,452.69,27.38,76.88,121.53,1,1,1.0
445,15,541.95,198.91,96.25,123.22,1,1,1.0
445,17,670.05,10.96,36.4,41.46,1,1,1.0
445,19,559.65,139.07,64.2,64.22,1,1,1.0
445,20,742.55,285.73,136.7,135.85,1,1,1.0
445,21,557.95,102.83,45.7,42.3,1,1,0.8621
445,28,452.27,27.73,77.26,122.07,1,1,1.0
446,15,542.25,201.72,97.05,124.9,1,1,1.0
446,17,669.5,11.1,36.55,41.46,1,1,1.0
446,19,560.2,141.04,64.35,64.91,1,1,1.0
446,20,747.3,295.27,141.35,139.8,1,1,1.0
446,21,557.55,103.95,46.2,43.71,1,1,0.8572
446,28,451.84,28.09,77.66,122.6,1,1,1.0
447,15,542.5,204.53,97.95,126.59,1,1,1.0
447,17,668.95,11.24,36.65,41.46,1,1,1.0
447,19,560.75,143.01,64.5,65.61,1,1,1.0
447,20,752.1,304.83,145.95,143.72,1,1,1.0
447,21,557.1,105.08,46.8,45.11,1,1,0.8532
447,28,451.41,28.44,78.05,123.14,1,1,1.0
448,15,542.8,207.34,98.75,128.27,1,1,1.0
448,17,668.4,11.38,36.8,41.46,1,1,1.0
448,19,561.35,144.97,64.6,66.32,1,1,1.0
448,20,756.85,314.38,150.65,147.66,1,1,1.0
448,21,556.7,106.2,47.35,46.51,1,1,0.8499
448,28,450.99,28.8,78.44,123.67,1,1,1.0
449,15,543.05,210.15,99.65,129.96,1,1,1.0
449,17,667.8,11.52,37.0,41.46,1,1,1.0
449,19,561.9,146.94,64.75,67.02,1,1,1.0
449,20,761.65,323.94,155.25,151.58,1,1,1.0
449,21,556.3,107.32,47.9,47.92,1,1,0.847
449,28,450.56,29.16,78.83,124.2,1,1,1.0
450,15,543.35,212.96,100.45,131.64,1,1,1.0
450,17,667.25,11.66,37.1,41.46,1,1,1.0
450,19,562.45,148.91,64.9,67.72,1,1,1.0
450,20,766.45,333.49,159.85,155.52,1,1,1.0
450,21,555.85,108.44,48.5,49.33,1,1,0.8448
450,28,450.13,29.51,79.23,124.73,1,1,1.0
451,15,543.65,215.77,101.3,133.33,1,1,1.0
451,17,666.7,11.8,37.25,41.46,1,1,1.0
451,19,563.0,150.87,65.1,68.42,1,1,1.0
451,20,771.2,343.04,164.5,159.46,1,1,1.0
451,21,555.45,109.57,49.05,50.73,1,1,0.8427
451,22,890.05,200.6,70.95,104.66,1,1,1.0
451,28,449.71,29.87,79.61,125.26,1,1,1.0
452,15,543.8,219.14,102.95,134.87,1,1,1.0
452,17,666.55,11.52,36.95,41.6,1,1,1.0
452,19,563.3,152.28,65.9,68.98,1,1,1.0
452,20,776.7,354.13,163.1,154.67,1,1,1.0
452,21,555.85,111.11,49.2,50.74,1,1,0.84
452,22,885.55,197.22,75.45,102.01,1,1,1.0
452,28,449.28,30.22,80.0,125.8,1,1,1.0
453,15,543.9,222.51,104.7,136.42,1,1,1.0
453,17,666.4,11.24,36.7,41.74,1,1,1.0
453,19,563.6,153.68,66.7,69.55,1,1,1.0
453,20,782.15,365.24,161.7,149.91,1,1,1.0
453,21,556.3,112.66,49.3,50.73,1,1,0.8369
453,22,881.05,193.85,79.95,99.34,1,1,1.0
453,28,448.85,30.58,80.4,126.33,1,1,1.0
454,15,544.05,225.88,106.35,137.97,1,1,1.0
454,17,666.25,10.96,36.4,41.88,1,1,1.0
454,19,563.85,155.09,67.6,70.1,1,1,1.0
454,20,787.65,376.33,160.3,145.12,1,1,1.0
454,21,556.7,114.21,49.45,50.73,1,1,0.8339
454,22,876.55,190.49,84.45,96.65,1,1,1.0
454,28,448.43,30.93,80.78,126.87,1,1,1.0
455,15,544.2,229.26,108.05,139.5,1,1,1.0
455,17,666.15,10.68,36.1,42.02,1,1,1.0
455,19,564.15,156.49,68.4,70.67,1,1,1.0
455,20,793.1,387.43,167.9,140.37,1,1,1.0
455,21,557.1,115.75,49.6,50.73,1,1,0.8311
455,22,872.05,187.11,88.95,94.0,1,1,1.0
455,28,448.0,31.29,81.18,127.4,1,1,1.0
456,15,544.35,232.63,109.7,141.05,1,1,1.0
456,17,666.0,10.4,35.85,42.16,1,1,1.0
456,19,564.4,157.9,69.3,71.23,1,1,1.0
456,20,798.6,398.52,162.4,135.58,1,1,1.0
456,21,557.55,117.3,49.75,50.73,1,1,0.8278
456,22,867.55,183.74,93.45,91.33,1,1,1.0
456,28,447.57,31.64,81.57,127.94,1,1,1.0
457,15,544.5,236.0,111.4,142.6,1,1,1.0
457,17,665.85,10.11,35.55,42.3,1,1,1.0
457,19,564.7,159.3,70.1,71.8,1,1,1.0
457,20,804.05,409.62,156.95,131.38,1,1,1.0
457,21,557.95,118.84,49.9,50.73,1,1,0.8249
457,22,863.05,180.37,97.95,88.65,1,1,1.0
457,28,447.15,32.0,81.96,128.47,1,1,1.0
458,15,544.75,239.37,112.95,145.4,1,1,1.0
458,17,665.45,10.11,35.4,42.44,1,1,1.0
458,19,565.25,161.41,70.85,72.78,1,1,1.0
458,21,557.55,120.39,50.45,51.01,1,1,0.834
458,22,858.7,177.56,102.3,87.53,1,1,1.0
458,28,446.72,32.36,82.35,129.0,1,1,1.0
459,15,545.05,242.74,114.5,148.21,1,1,1.0
459,17,665.0,10.11,35.3,42.58,1,1,1.0
459,19,565.85,163.51,71.5,73.77,1,1,1.0
459,21,557.1,121.93,51.05,51.29,1,1,0.8431
459,22,854.35,174.75,106.65,86.41,1,1,1.0
459,28,446.29,32.71,82.75,129.53,1,1,1.0
460,15,545.3,246.11,116.05,151.02,1,1,1.0
460,17,664.6,10.11,35.1,42.72,1,1,1.0
460,19,566.4,165.62,72.2,74.75,1,1,1.0
460,21,556.7,123.47,51.55,51.57,1,1,0.8517
460,22,850.0,171.94,111.0,85.29,1,1,1.0
460,28,445.87,33.07,83.13,130.06,1,1,1.0
461,15,545.6,249.48,117.6,153.84,1,1,1.0
461,17,664.15,10.11,35.0,42.86,1,1,1.0
461,19,566.95,167.72,72.95,75.74,1,1,1.0
461,21,556.3,125.02,52.1,51.86,1,1,0.8595
461,22,845.65,169.13,102.7,84.16,1,1,1.0
461,28,445.17,33.55,83.46,130.6,1,1,1.0
462,15,545.9,252.85,119.1,156.65,1,1,1.0
462,17,663.75,10.11,34.85,43.0,1,1,1.0
462,19,567.5,169.84,73.65,76.71,1,1,1.0
462,21,555.85,126.57,52.7,52.13,1,1,0.8676
462,22,841.3,166.32,104.1,83.04,1,1,1.0
462,28,444.48,34.03,83.77,131.13,1,1,1.0
463,15,546.15,256.23,120.7,159.45,1,1,1.0
463,17,663.3,10.11,34.75,43.14,1,1,1.0
463,19,568.1,171.94,74.3,77.7,1,1,1.0
463,21,555.45,128.11,53.25,52.42,1,1,0.8751
463,22,836.95,163.51,105.5,81.92,1,1,1.0
463,28,443.79,34.51,84.09,131.66,1,1,1.0
464,15,546.45,260.58,122.1,162.82,1,1,1.0
464,17,662.75,10.26,34.45,42.72,1,1,1.0
464,19,567.8,173.91,75.45,78.82,1,1,1.0
464,21,555.15,129.8,53.55,53.11,1,1,0.8706
464,22,832.85,161.13,103.7,80.93,1,1,1.0
464,28,443.09,34.99,84.42,132.2,1,1,1.0
465,15,546.75,264.94,123.45,166.19,1,1,1.0
465,17,662.2,10.4,34.15,42.3,1,1,1.0
465,19,567.5,175.88,76.6,79.94,1,1,1.0
465,21,554.85,131.49,53.85,53.81,1,1,0.8661
465,22,828.8,158.74,101.85,79.94,1,1,1.0
465,28,442.4,35.47,84.73,132.73,1,1,1.0
466,15,547.0,269.29,124.9,169.57,1,1,1.0
466,17,661.65,10.54,33.85,41.88,1,1,1.0
466,19,567.25,177.84,77.7,81.07,1,1,1.0
466,21,554.6,133.17,54.1,54.52,1,1,0.8616
466,22,824.7,156.35,100.05,78.96,1,1,1.0
466,28,441.71,35.95,85.05,133.26,1,1,1.0
467,15,547.3,273.64,126.3,172.94,1,1,1.0
467,17,661.05,10.68,33.6,41.46,1,1,1.0
467,19,566.95,179.81,78.85,82.19,1,1,1.0
467,21,554.3,134.85,54.4,55.23,1,1,0.8573
467,22,820.65,153.96,98.2,77.98,1,1,1.0
467,28,441.01,36.43,85.38,133.8,1,1,1.0
468,15,547.55,278.0,127.75,176.31,1,1,1.0
468,17,660.5,10.82,33.3,41.03,1,1,1.0
468,19,566.65,181.78,79.95,83.31,1,1,1.0
468,21,554.05,136.54,54.65,55.93,1,1,0.8529
468,22,816.6,151.57,96.35,77.0,1,1,1.0
468,28,440.32,36.91,85.69,134.33,1,1,1.0
469,15,547.85,282.36,129.1,179.68,1,1,1.0
469,17,659.95,10.96,33.05,40.61,1,1,1.0
469,19,566.4,183.74,81.05,84.44,1,1,1.0
469,21,553.75,138.22,54.95,56.63,1,1,0.849
469,22,812.5,149.19,94.55,76.0,1,1,1.0
469,28,439.63,37.39,86.01,134.86,1,1,1.0
470,15,547.15,286.71,131.9,183.61,1,1,1.0
470,19,566.8,185.43,81.8,85.0,1,1,1.0
470,21,553.75,139.35,55.35,57.05,1,1,0.853
470,22,809.25,146.79,93.15,75.03,1,1,1.0
470,28,438.93,37.87,86.34,135.4,1,1,1.0
471,15,546.45,291.06,134.75,187.55,1,1,1.0
471,19,567.25,187.11,82.45,85.57,1,1,1.0
471,21,553.75,140.47,55.8,57.47,1,1,0.8571
471,22,806.05,144.41,91.75,74.05,1,1,1.0
471,28,438.24,38.35,86.65,135.93,1,1,1.0
472,15,545.75,295.42,137.55,191.48,1,1,1.0
472,19,567.65,188.79,83.2,86.14,1,1,1.0
472,21,553.75,141.6,56.2,57.89,1,1,0.8609
472,22,802.8,142.02,90.35,73.07,1,1,1.0
472,28,437.55,38.83,86.97,136.46,1,1,1.0
473,15,545.05,299.77,140.35,195.42,1,1,1.0
473,19,568.1,190.49,83.85,86.68,1,1,1.0
473,21,553.75,142.72,56.65,58.32,1,1,0.8649
473,22,799.6,139.63,88.9,72.08,1,1,1.0
473,28,436.85,39.31,87.3,137.0,1,1,1.0
474,15,544.35,304.13,143.15,199.37,1,1,1.0
474,19,568.5,192.17,84.6,87.25,1,1,1.0
474,21,553.75,143.85,57.05,58.73,1,1,0.8686
474,22,796.35,137.25,87.55,71.09,1,1,1.0
474,28,436.16,39.79,87.61,137.53,1,1,1.0
475,15,543.65,308.48,145.95,203.27,1,1,1.0
475,19,568.9,193.85,85.3,87.82,1,1,1.0
475,21,553.75,144.97,57.45,59.16,1,1,0.8721
475,22,793.1,134.85,86.15,70.12,1,1,1.0
475,28,435.47,40.27,87.93,138.06,1,1,1.0
476,15,543.65,314.1,147.9,202.45,1,1,1.0
476,19,569.2,196.24,86.0,88.52,1,1,1.0
476,21,553.05,146.66,58.6,60.0,1,1,0.8742
476,22,790.15,133.17,85.0,69.13,1,1,1.0
476,28,434.77,40.75,88.26,138.6,1,1,1.0
477,15,543.65,319.72,149.9,201.58,1,1,1.0
477,19,569.5,198.63,86.65,89.22,1,1,1.0
477,21,552.35,148.34,59.7,60.85,1,1,0.8763
477,22,787.2,131.49,83.9,68.14,1,1,1.0
477,28,434.08,41.23,88.57,139.13,1,1,1.0
478,15,543.65,325.34,151.85,200.76,1,1,1.0
478,19,569.75,201.02,87.4,89.92,1,1,1.0
478,21,551.65,150.03,60.85,61.68,1,1,0.8782
478,22,784.25,129.8,82.75,67.16,1,1,1.0
478,28,433.39,41.71,88.89,139.66,1,1,1.0
479,15,543.65,330.95,153.8,199.9,1,1,1.0
479,19,570.05,203.41,88.1,90.62,1,1,1.0
479,21,550.95,151.71,61.95,62.53,1,1,0.8802
479,22,781.3,128.11,81.65,66.18,1,1,1.0
479,28,432.69,42.19,89.22,140.2,1,1,1.0
480,15,543.65,336.57,155.8,204.43,1,1,1.0
480,19,570.3,205.79,88.8,91.33,1,1,1.0
480,21,550.25,153.4,63.1,63.37,1,1,0.8818
480,22,778.35,126.43,80.55,65.2,1,1,1.0
480,28,432.0,42.67,89.53,140.73,1,1,1.0
481,15,543.65,342.19,157.75,198.81,1,1,1.0
481,19,570.6,208.19,89.5,92.02,1,1,1.0
481,21,549.55,155.09,64.2,64.2,1,1,0.8838
481,22,775.4,124.74,79.4,64.22,1,1,1.0
481,28,431.43,43.02,90.0,141.62,1,1,1.0
482,15,543.35,349.22,160.45,191.78,1,1,1.0
482,19,571.3,210.85,90.35,93.44,1,1,1.0
482,21,549.55,157.19,64.6,64.35,1,1,0.8898
482,22,772.6,123.33,78.85,63.66,1,1,1.0
482,28,430.86,43.38,90.46,142.51,1,1,1.0
483,15,543.05,356.24,163.15,184.76,1,1,1.0
483,19,572.0,213.52,91.2,94.84,1,1,1.0
483,21,549.55,159.3,65.05,64.49,1,1,0.8957
483,22,769.8,121.93,78.25,63.09,1,1,1.0
483,28,430.29,43.73,90.92,143.4,1,1,1.0
484,15,542.8,363.26,165.75,177.74,1,1,1.0
484,19,572.7,216.19,92.05,96.24,1,1,1.0
484,21,549.55,161.41,65.45,64.63,1,1,0.9015
484,22,767.0,120.53,77.7,62.53,1,1,1.0
484,28,429.72,44.09,91.39,144.29,1,1,1.0
485,15,542.5,370.29,168.45,170.71,1,1,1.0
485,19,573.4,218.86,92.9,97.65,1,1,1.0
485,21,549.55,163.51,65.9,64.78,1,1,0.9071
485,22,764.2,119.12,77.1,61.97,1,1,1.0
485,28,429.16,44.44,91.84,145.18,1,1,1.0
486,15,542.25,377.32,171.1,163.68,1,1,1.0
486,19,574.1,221.53,93.75,99.05,1,1,1.0
486,21,549.55,165.62,66.3,64.92,1,1,1.0
486,22,761.35,117.72,76.6,61.4,1,1,1.0
486,28,428.59,44.8,92.3,146.07,1,1,1.0
487,15,541.95,384.33,173.8,156.67,1,1,1.0
487,19,574.8,224.19,94.6,100.46,1,1,1.0
487,21,549.55,167.72,66.75,65.06,1,1,1.0
487,22,758.55,116.32,76.0,60.84,1,1,1.0
487,28,428.02,45.16,92.77,146.95,1,1,1.0
488,15,542.95,391.78,174.05,149.22,1,1,1.0
488,19,575.8,226.31,95.95,102.13,1,1,1.0
488,21,550.1,168.85,67.45,65.9,1,1,1.0
488,22,757.3,114.21,74.9,60.14,1,1,1.0
488,28,427.45,45.51,93.23,147.85,1,1,1.0
489,15,543.9,399.23,174.35,141.77,1,1,1.0
489,19,576.8,228.41,97.35,103.83,1,1,1.0
489,21,550.65,169.97,68.15,66.75,1,1,1.0
489,22,756.05,112.1,73.75,59.44,1,1,1.0
489,28,426.88,45.87,93.69,148.73,1,1,1.0
490,15,544.9,406.68,174.65,134.32,1,1,1.0
490,19,577.75,230.52,98.8,105.51,1,1,1.0
490,21,551.2,171.1,68.85,67.58,1,1,1.0
490,22,754.75,109.99,72.65,58.73,1,1,1.0
490,28,426.31,46.22,94.16,149.62,1,1,1.0
491,15,545.9,414.12,174.9,126.88,1,1,1.0
491,19,578.75,232.63,100.2,107.19,1,1,1.0
491,21,551.8,172.22,69.55,68.43,1,1,1.0
491,22,753.5,107.89,71.5,58.02,1,1,1.0
491,28,425.74,46.58,94.62,150.51,1,1,1.0
492,15,546.85,421.57,175.2,119.43,1,1,1.0
492,19,579.75,234.73,101.55,108.89,1,1,1.0
492,21,552.35,173.35,70.25,69.27,1,1,1.0
492,22,752.25,105.78,70.4,57.32,1,1,1.0
492,28,425.17,46.93,95.08,151.4,1,1,1.0
493,15,547.85,429.01,175.45,111.99,1,1,1.0
493,19,580.7,236.84,103.0,110.57,1,1,1.0
493,21,552.9,174.47,70.95,70.11,1,1,1.0
493,22,750.95,103.67,69.3,56.63,1,1,1.0
493,28,424.6,47.29,95.55,152.29,1,1,1.0
494,19,581.4,240.78,104.55,112.25,1,1,1.0
494,21,553.05,177.0,71.65,71.24,1,1,1.0
494,22,749.3,102.69,68.3,56.21,1,1,1.0
494,28,424.04,47.64,96.0,153.18,1,1,1.0
495,19,582.1,244.71,106.1,113.93,1,1,1.0
495,21,553.2,179.53,72.35,72.35,1,1,1.0
495,22,747.6,101.71,67.3,55.78,1,1,1.0
495,28,423.47,48.0,96.46,154.07,1,1,1.0
496,19,582.85,248.64,107.6,115.62,1,1,1.0
496,21,553.35,182.06,73.05,73.48,1,1,1.0
496,22,745.9,100.72,66.35,55.37,1,1,1.0
496,28,422.9,48.36,96.93,154.95,1,1,1.0
497,19,583.55,252.57,109.15,117.31,1,1,1.0
497,21,553.45,184.59,73.8,74.6,1,1,1.0
497,22,744.25,99.74,65.3,54.94,1,1,1.0
497,28,422.33,48.71,97.39,155.85,1,1,1.0
498,19,584.25,256.51,110.7,119.0,1,1,1.0
498,21,553.6,187.11,74.5,75.74,1,1,1.0
498,22,742.55,98.76,64.35,54.52,1,1,1.0
498,28,421.76,49.07,97.85,156.73,1,1,1.0
499,19,584.95,260.44,112.25,120.69,1,1,1.0
499,21,553.75,189.64,75.15,76.86,1,1,1.0
499,22,740.85,97.77,63.4,54.1,1,1,1.0
499,23,904.35,155.93,56.65,62.53,1,1,1.0
499,28,421.19,49.42,98.32,157.62,1,1,1.0
500,19,585.5,264.37,113.8,124.06,1,1,1.0
500,21,553.35,191.89,75.85,78.12,1,1,1.0
500,22,739.15,96.64,62.85,53.26,1,1,1.0
500,23,900.3,153.82,60.7,61.55,1,1,1.0
500,28,420.62,49.78,98.78,158.51,1,1,1.0
501,19,586.05,268.31,115.35,127.42,1,1,1.0
501,21,552.9,194.13,76.6,79.39,1,1,1.0
501,22,737.5,95.52,62.25,52.42,1,1,1.0
501,23,896.2,151.71,64.8,60.57,1,1,1.0
501,28,420.05,50.13,99.24,159.4,1,1,1.0
502,19,586.6,272.24,116.9,130.8,1,1,1.0
502,21,552.5,196.38,77.25,80.65,1,1,1.0
502,22,735.8,94.4,61.7,51.57,1,1,1.0
502,23,892.15,149.6,68.85,59.59,1,1,1.0
502,28,419.48,50.49,99.71,160.29,1,1,1.0
503,19,587.2,276.17,118.4,134.17,1,1,1.0
503,21,552.05,198.63,78.0,81.92,1,1,1.0
503,22,734.1,93.28,61.15,50.74,1,1,1.0
503,23,888.1,147.5,72.9,58.59,1,1,1.0
503,28,418.92,50.84,100.16,161.18,1,1,1.0
504,19,587.75,280.11,120.0,137.53,1,1,1.0
504,21,551.65,200.88,78.65,83.18,1,1,1.0
504,22,732.45,92.15,60.55,49.89,1,1,1.0
504,23,884.0,145.39,77.0,57.61,1,1,1.0
504,28,418.35,51.2,100.62,162.07,1,1,1.0
505,19,588.3,284.04,121.55,140.91,1,1,1.0
505,21,551.2,203.13,79.4,84.44,1,1,1.0
505,22,730.75,91.02,60.0,49.04,1,1,1.0
505,23,879.95,143.29,81.05,56.62,1,1,1.0
505,24,501.5,102.83,44.0,41.46,1,1,0.6052
505,28,417.78,51.56,101.09,162.95,1,1,1.0
506,19,588.3,289.1,123.65,143.44,1,1,1.0
506,21,550.4,206.35,79.9,85.15,1,1,1.0
506,22,728.8,90.32,59.3,48.76,1,1,1.0
506,23,875.85,141.18,85.15,56.76,1,1,1.0
506,24,501.65,103.39,44.4,41.74,1,1,0.6146
506,28,417.21,51.91,101.55,163.85,1,1,1.0
507,19,588.3,294.15,125.75,145.97,1,1,1.0
507,21,549.55,209.59,80.5,85.85,1,1,1.0
507,22,726.8,89.62,58.6,48.48,1,1,1.0
507,23,871.8,139.07,89.2,56.91,1,1,1.0
507,24,501.75,103.95,44.85,42.02,1,1,0.6232
507,28,416.64,52.27,102.01,164.73,1,1,1.0
508,19,588.3,299.21,127.85,148.5,1,1,1.0
508,21,548.7,212.82,81.05,86.55,1,1,1.0
508,22,724.85,88.92,57.9,48.2,1,1,1.0
508,23,867.7,136.96,79.8,57.05,1,1,1.0
508,24,501.9,104.52,45.25,42.29,1,1,0.632
508,28,416.07,52.62,102.48,165.62,1,1,1.0
509,19,588.3,304.26,129.95,151.04,1,1,1.0
509,21,547.85,216.05,81.65,87.25,1,1,1.0
509,22,722.9,88.22,57.15,47.91,1,1,1.0
509,23,863.65,134.85,79.65,57.19,1,1,1.0
509,24,502.05,105.08,45.7,42.58,1,1,0.6414
509,28,415.5,52.98,102.94,166.51,1,1,1.0
510,19,588.3,309.32,132.05,153.56,1,1,1.0
510,21,547.0,219.28,82.2,87.96,1,1,1.0
510,22,720.9,87.52,56.5,47.64,1,1,1.0
510,23,859.55,132.75,79.55,57.33,1,1,1.0
510,24,502.2,105.64,46.1,42.86,1,1,0.6501
510,28,414.93,53.33,103.4,167.4,1,1,1.0
511,19,588.3,314.38,134.15,156.08,1,1,1.0
511,21,546.15,222.51,82.75,88.66,1,1,1.0
511,22,718.95,86.82,55.8,47.36,1,1,1.0
511,23,855.5,130.64,79.35,57.47,1,1,1.0
511,24,502.35,106.2,46.5,43.14,1,1,0.6624
511,28,414.12,53.69,103.93,168.64,1,1,1.0
512,19,588.3,319.86,137.25,162.13,1,1,1.0
512,21,544.5,226.03,84.15,89.91,1,1,1.0
512,22,717.0,85.83,55.5,47.08,1,1,1.0
512,23,851.85,129.24,78.1,56.48,1,1,1.0
512,24,502.05,107.18,47.8,43.57,1,1,0.6713
512,28,413.3,54.04,104.46,169.89,1,1,1.0
513,19,588.3,325.34,140.35,168.16,1,1,1.0
513,21,542.8,229.54,85.55,91.18,1,1,1.0
513,22,715.0,84.84,55.25,46.8,1,1,1.0
513,23,848.2,127.83,76.85,55.51,1,1,1.0
513,24,501.75,108.17,49.05,43.98,1,1,0.6793
513,28,412.48,54.4,105.0,171.13,1,1,1.0
514,19,588.3,330.82,143.45,174.18,1,1,1.0
514,21,541.1,233.04,87.0,92.46,1,1,1.0
514,22,713.05,83.86,54.95,46.52,1,1,1.0
514,23,844.55,126.43,75.55,54.51,1,1,1.0
514,24,501.5,109.15,50.3,44.41,1,1,0.6879
514,28,411.66,54.76,105.54,172.37,1,1,1.0
515,19,588.3,336.3,146.55,180.25,1,1,1.0
515,21,539.4,236.56,88.4,93.71,1,1,1.0
515,22,711.1,82.88,54.65,46.23,1,1,1.0
515,23,840.9,125.02,74.3,53.54,1,1,1.0
515,24,501.2,110.13,51.6,44.83,1,1,0.6955
515,28,410.84,55.11,106.07,173.62,1,1,1.0
516,19,588.3,341.77,149.65,186.28,1,1,1.0
516,21,537.75,240.07,89.75,94.98,1,1,1.0
516,22,709.1,81.9,54.4,45.96,1,1,1.0
516,23,837.25,123.61,73.05,52.56,1,1,1.0
516,24,500.95,111.11,52.8,45.26,1,1,0.703
516,28,410.03,55.47,106.6,174.86,1,1,1.0
517,19,588.3,347.25,152.7,193.75,1,1,1.0
517,21,536.05,243.58,91.2,96.24,1,1,1.0
517,22,707.15,80.92,54.1,45.66,1,1,1.0
517,23,833.55,122.21,71.8,51.58,1,1,1.0
517,24,500.65,112.1,54.1,45.67,1,1,0.71
517,28,409.21,55.82,107.13,176.11,1,1,1.0
518,19,590.0,354.69,155.1,186.31,1,1,1.0
518,21,534.35,246.68,92.6,98.06,1,1,1.0
518,22,706.3,80.21,53.4,45.53,1,1,1.0
518,23,830.75,120.67,70.85,51.01,1,1,1.0
518,24,501.2,112.94,54.55,45.96,1,1,0.7276
518,28,408.39,56.18,107.67,177.35,1,1,1.0
519,19,591.7,362.14,157.45,178.86,1,1,1.0
519,21,532.7,249.76,93.95,99.89,1,1,1.0
519,22,705.45,79.51,52.7,45.39,1,1,1.0
519,23,827.95,119.12,69.85,50.45,1,1,1.0
519,24,501.75,113.79,54.95,46.22,1,1,0.7449
519,28,407.57,56.53,108.2,178.6,1,1,1.0
520,19,593.35,369.58,159.9,171.42,1,1,1.0
520,21,531.0,252.85,95.4,101.72,1,1,1.0
520,22,704.6,78.81,52.0,45.26,1,1,1.0
520,23,825.15,117.58,68.85,49.88,1,1,1.0
520,24,502.35,114.63,55.35,46.51,1,1,0.7626
520,28,406.76,56.89,108.73,179.84,1,1,1.0
521,19,595.05,377.03,162.25,163.97,1,1,1.0
521,21,529.3,255.94,96.8,103.55,1,1,1.0
521,22,703.8,78.1,51.25,45.1,1,1,1.0
521,23,822.35,116.03,67.85,49.32,1,1,1.0
521,24,502.9,115.47,55.8,46.79,1,1,0.7796
521,28,405.94,57.24,109.26,181.09,1,1,1.0
522,19,596.75,384.48,164.65,156.52,1,1,1.0
522,21,527.6,259.04,98.25,105.36,1,1,1.0
522,22,702.95,77.4,50.55,44.97,1,1,1.0
522,23,819.55,114.49,66.85,48.76,1,1,1.0
522,24,503.45,116.32,56.2,47.07,1,1,0.7959
522,28,405.12,57.6,109.8,182.33,1,1,1.0
523,19,598.4,391.93,167.05,149.07,1,1,1.0
523,21,525.95,262.13,99.6,107.19,1,1,1.0
523,22,702.1,76.7,49.85,44.83,1,1,1.0
523,23,816.7,112.94,65.9,48.2,1,1,1.0
523,24,504.0,117.16,56.65,47.35,1,1,0.8122
523,28,404.3,57.96,110.34,183.57,1,1,1.0
524,19,600.1,399.93,167.2,141.07,1,1,1.0
524,21,524.55,266.2,101.15,109.17,1,1,1.0
524,22,701.1,75.72,49.6,44.12,1,1,1.0
524,23,814.45,111.11,65.5,47.79,1,1,1.0
524,24,505.45,117.72,57.0,47.22,1,1,0.8439
524,28,403.48,58.31,110.87,184.82,1,1,1.0
525,19,601.8,407.94,167.3,133.06,1,1,1.0
525,21,523.15,270.27,102.7,111.13,1,1,1.0
525,22,700.1,74.73,49.35,43.43,1,1,1.0
525,23,812.2,109.29,65.1,47.36,1,1,1.0
525,24,506.85,118.28,57.45,47.07,1,1,0.8743
525,28,402.67,58.67,111.4,186.06,1,1,1.0
526,19,603.5,415.94,167.45,125.06,1,1,1.0
526,21,521.7,274.35,104.25,113.09,1,1,1.0
526,22,699.15,73.75,49.05,42.72,1,1,1.0
526,23,809.95,107.47,64.65,46.93,1,1,1.0
526,24,508.25,118.84,57.9,46.94,1,1,0.9045
526,28,401.85,59.02,111.93,187.31,1,1,1.0
527,19,605.15,423.95,167.6,117.05,1,1,1.0
527,21,520.3,278.42,105.8,115.07,1,1,1.0
527,22,698.15,72.76,48.75,42.02,1,1,1.0
527,23,807.75,105.64,64.2,46.51,1,1,1.0
527,24,509.65,119.41,58.3,46.79,1,1,0.934
527,28,401.03,59.38,112.47,188.55,1,1,1.0
528,19,606.85,431.96,167.75,109.04,1,1,1.0
528,21,518.9,282.5,107.35,117.02,1,1,1.0
528,22,697.15,71.78,48.5,41.32,1,1,1.0
528,23,805.5,103.81,63.75,46.1,1,1,1.0
528,24,511.05,119.97,58.75,46.65,1,1,0.9632
528,28,400.21,59.73,113.0,189.8,1,1,1.0
529,19,608.55,439.96,167.85,101.04,1,1,1.0
529,21,517.5,286.57,108.9,119.0,1,1,1.0
529,22,696.2,70.8,48.2,40.62,1,1,1.0
529,23,803.25,101.99,63.35,45.67,1,1,1.0
529,24,512.45,120.53,59.15,46.51,1,1,1.0
529,28,399.4,60.09,113.53,191.04,1,1,1.0
530,21,514.7,291.49,111.25,122.08,1,1,1.0
530,22,694.95,69.54,47.9,40.18,1,1,1.0
530,23,800.7,100.16,62.55,45.39,1,1,1.0
530,24,513.15,120.81,59.45,47.35,1,1,1.0
530,28,398.58,60.44,114.06,192.29,1,1,1.0
531,21,511.9,296.4,113.65,125.18,1,1,1.0
531,22,693.65,68.27,47.65,39.77,1,1,1.0
531,23,798.15,98.33,61.7,45.11,1,1,1.0
531,24,513.85,121.09,59.7,48.2,1,1,1.0
531,28,397.76,60.8,114.6,193.53,1,1,1.0
532,21,509.1,301.32,116.05,128.26,1,1,1.0
532,22,692.4,67.0,47.35,39.35,1,1,1.0
532,23,795.65,96.5,60.85,44.84,1,1,1.0
532,24,514.55,121.37,60.0,49.04,1,1,1.0
532,28,396.94,61.16,115.14,194.77,1,1,1.0
533,21,506.25,306.24,118.45,131.36,1,1,1.0
533,22,691.15,65.74,47.05,38.93,1,1,1.0
533,23,793.1,94.68,60.0,44.54,1,1,1.0
533,24,515.25,121.65,60.3,49.89,1,1,1.0
533,28,396.12,61.51,115.67,196.02,1,1,1.0
534,21,503.45,311.15,120.85,134.45,1,1,1.0
534,22,689.85,64.48,46.8,38.51,1,1,1.0
534,23,790.6,92.86,59.15,44.26,1,1,1.0
534,24,515.95,121.93,60.55,50.73,1,1,1.0
534,28,395.31,61.87,116.2,197.26,1,1,1.0
535,21,500.65,316.07,123.2,137.54,1,1,1.0
535,22,688.6,63.22,46.5,38.08,1,1,1.0
535,23,788.05,91.02,58.3,43.98,1,1,1.0
535,24,516.65,122.21,60.85,51.58,1,1,1.0
535,28,394.49,62.22,116.73,198.51,1,1,1.0
536,21,496.57,323.09,126.03,140.07,1,1,1.0
536,22,687.9,62.37,46.1,38.22,1,1,1.0
536,23,786.1,89.9,57.75,43.28,1,1,1.0
536,24,517.65,123.47,61.25,51.57,1,1,1.0
536,28,393.67,62.58,117.27,199.75,1,1,1.0
537,21,492.5,330.12,128.85,142.59,1,1,1.0
537,22,687.2,61.53,45.65,38.36,1,1,1.0
537,23,784.15,88.78,57.15,42.58,1,1,1.0
537,24,518.65,124.74,61.65,51.57,1,1,1.0
537,28,392.85,62.93,117.8,201.0,1,1,1.0
538,21,488.43,337.14,131.62,145.12,1,1,1.0
538,22,686.5,60.68,45.25,38.51,1,1,1.0
538,23,782.15,87.66,56.65,41.88,1,1,1.0
538,24,519.6,126.01,62.1,51.56,1,1,1.0
538,28,392.04,63.29,118.33,202.24,1,1,1.0
539,21,484.36,344.16,134.44,147.66,1,1,1.0
539,22,685.8,59.84,44.8,38.65,1,1,1.0
539,23,780.2,86.53,56.05,41.18,1,1,1.0
539,24,520.6,127.27,62.5,51.57,1,1,1.0
539,28,391.22,63.64,118.86,203.49,1,1,1.0
540,21,480.28,351.19,137.27,150.16,1,1,1.0
540,22,685.1,59.0,44.4,38.78,1,1,1.0
540,23,778.25,85.41,55.5,40.47,1,1,1.0
540,24,521.6,128.54,62.95,51.56,1,1,1.0
540,28,390.4,64.0,119.4,204.73,1,1,1.0
541,21,476.2,358.21,140.1,152.69,1,1,1.0
541,22,684.4,58.16,43.95,38.93,1,1,1.0
541,23,776.25,84.28,54.95,39.78,1,1,1.0
541,24,522.55,129.8,63.4,51.57,1,1,1.0
541,28,389.68,64.53,120.2,206.28,1,1,1.0
542,21,472.83,366.92,143.02,148.93,1,1,1.0
542,22,683.85,57.88,43.8,38.65,1,1,1.0
542,23,774.85,83.72,54.4,39.06,1,1,1.0
542,24,524.1,130.92,63.8,52.55,1,1,1.0
542,28,388.96,65.07,121.0,207.82,1,1,1.0
543,21,469.46,375.63,145.99,145.12,1,1,1.0
543,22,683.25,57.6,43.7,38.36,1,1,1.0
543,23,773.45,83.16,53.8,38.37,1,1,1.0
543,24,525.65,132.04,64.2,53.55,1,1,1.0
543,28,388.24,65.6,121.8,209.37,1,1,1.0
544,21,466.1,384.33,148.9,141.32,1,1,1.0
544,22,682.7,57.32,43.55,38.08,1,1,1.0
544,23,772.05,82.6,53.25,37.67,1,1,1.0
544,24,527.2,133.17,64.65,54.52,1,1,1.0
544,28,387.52,66.13,122.6,210.92,1,1,1.0
545,21,462.72,393.05,151.88,137.55,1,1,1.0
545,22,682.15,57.03,43.4,37.8,1,1,1.0
545,23,770.65,82.04,52.7,36.97,1,1,1.0
545,24,528.75,134.29,65.05,55.5,1,1,1.0
545,28,386.8,66.67,123.4,212.46,1,1,1.0
546,21,459.35,401.76,154.8,139.24,1,1,1.0
546,22,681.6,56.75,43.25,37.52,1,1,1.0
546,23,769.25,81.47,52.1,36.26,1,1,1.0
546,24,530.3,135.41,65.45,56.5,1,1,1.0
546,28,386.08,67.2,124.2,214.01,1,1,1.0
547,21,455.98,410.46,157.77,130.54,1,1,1.0
547,22,681.0,56.47,43.15,37.24,1,1,1.0
547,23,767.85,80.92,51.55,35.56,1,1,1.0
547,24,531.85,136.54,65.9,57.47,1,1,1.0
547,28,385.36,67.73,125.0,215.56,1,1,1.0
548,21,455.0,421.14,158.05,119.86,1,1,1.0
548,22,680.3,55.91,43.0,36.68,1,1,1.0
548,23,766.3,79.79,51.3,35.56,1,1,1.0
548,24,533.4,138.22,65.75,57.34,1,1,1.0
548,28,384.64,68.27,125.8,217.1,1,1,1.0
549,21,454.01,431.82,158.34,109.18,1,1,1.0
549,22,679.6,55.34,42.85,36.12,1,1,1.0
549,23,764.75,78.67,51.0,35.56,1,1,1.0
549,24,534.95,139.91,65.6,57.19,1,1,1.0
549,28,383.92,68.8,126.6,218.65,1,1,1.0
550,21,453.03,442.5,158.62,98.5,1,1,1.0
550,22,678.9,54.78,42.75,35.56,1,1,1.0
550,23,763.2,77.54,50.7,35.56,1,1,1.0
550,24,536.45,141.6,65.5,57.05,1,1,1.0
550,28,383.2,69.33,127.4,220.2,1,1,1.0
551,21,452.05,453.17,158.9,87.83,1,1,1.0
551,22,678.2,54.22,42.6,34.99,1,1,1.0
551,23,761.65,76.42,50.45,35.55,1,1,1.0
551,24,538.0,143.29,65.35,56.9,1,1,1.0
551,28,382.48,69.87,128.2,221.74,1,1,1.0
552,21,451.06,463.85,159.19,77.15,1,1,1.0
552,22,677.5,53.66,42.45,34.44,1,1,1.0
552,23,760.1,75.3,50.15,35.56,1,1,1.0
552,24,539.55,144.97,65.2,56.77,1,1,1.0
552,28,381.76,70.4,129.0,223.29,1,1,1.0
553,21,450.08,474.52,159.47,66.48,1,1,1.0
553,22,676.8,53.1,42.3,33.87,1,1,1.0
553,23,758.55,74.17,49.9,35.55,1,1,1.0
553,24,541.1,146.66,65.05,56.63,1,1,1.0
553,25,498.12,32.03,27.13,31.34,1,1,1.0
553,28,381.04,70.93,129.8,224.84,1,1,1.0
554,22,676.65,52.4,41.9,34.02,1,1,1.0
554,23,757.6,73.32,49.3,35.28,1,1,1.0
554,24,542.25,147.92,65.75,57.47,1,1,1.0
554,25,498.12,32.31,27.43,31.48,1,1,1.0
554,28,380.32,71.47,130.6,226.38,1,1,1.0
555,22,676.5,51.7,41.5,34.15,1,1,1.0
555,23,756.6,72.48,48.75,34.99,1,1,1.0
555,24,543.35,149.19,66.45,58.31,1,1,1.0
555,25,498.12,32.59,27.68,31.62,1,1,1.0
555,28,379.6,72.0,131.4,227.93,1,1,1.0
556,22,676.4,50.99,41.0,34.3,1,1,1.0
556,23,755.6,71.64,48.2,34.72,1,1,1.0
556,24,544.5,150.45,67.15,59.15,1,1,1.0
556,25,498.12,32.87,27.98,31.76,1,1,1.0
556,28,378.88,72.53,132.2,229.48,1,1,1.0
557,22,676.25,50.29,40.6,34.44,1,1,1.0
557,23,754.65,70.8,47.6,34.43,1,1,1.0
557,24,545.6,151.71,67.85,60.0,1,1,1.0
557,25,498.12,33.15,28.23,31.9,1,1,1.0
557,28,378.16,73.07,133.0,231.02,1,1,1.0
558,22,676.1,49.59,40.2,34.57,1,1,1.0
558,23,753.65,69.96,47.05,34.16,1,1,1.0
558,24,546.75,152.97,68.55,60.85,1,1,1.0
558,25,498.12,33.43,28.53,32.05,1,1,1.0
558,28,377.44,73.6,133.8,232.57,1,1,1.0
559,22,675.95,48.88,39.8,34.72,1,1,1.0
559,23,752.65,69.11,46.5,33.88,1,1,1.0
559,24,547.85,154.24,69.25,61.69,1,1,1.0
559,25,498.12,33.71,28.83,32.19,1,1,1.0
559,28,376.72,74.13,134.6,234.12,1,1,1.0
560,22,674.7,48.88,39.65,34.58,1,1,1.0
560,23,750.95,68.69,46.1,33.73,1,1,1.0
560,24,548.4,156.63,69.7,62.11,1,1,1.0
560,25,497.7,34.28,28.65,32.6,1,1,1.0
560,28,376.0,74.67,135.4,235.66,1,1,1.0
561,22,673.45,48.88,39.45,34.44,1,1,1.0
561,23,749.3,68.27,45.65,33.59,1,1,1.0
561,24,548.95,159.01,70.15,62.53,1,1,1.0
561,25,497.28,34.84,28.52,33.03,1,1,1.0
561,28,375.28,75.2,136.2,237.21,1,1,1.0
562,22,672.15,48.88,39.35,34.29,1,1,1.0
562,23,747.6,67.85,45.25,33.45,1,1,1.0
562,24,549.55,161.41,70.5,62.94,1,1,1.0
562,25,496.86,35.4,28.39,33.45,1,1,1.0
562,28,374.56,75.73,137.0,238.76,1,1,1.0
563,22,670.9,48.88,39.2,34.15,1,1,1.0
563,23,745.9,67.43,44.85,33.3,1,1,1.0
563,24,550.1,163.79,70.95,63.37,1,1,1.0
563,25,496.44,35.96,28.26,33.87,1,1,1.0
563,28,373.84,76.27,137.8,240.3,1,1,1.0
564,22,669.65,48.88,39.05,34.01,1,1,1.0
564,23,744.25,67.0,44.4,33.17,1,1,1.0
564,24,550.65,166.18,71.4,63.79,1,1,1.0
564,25,496.01,36.52,28.14,34.29,1,1,1.0
564,28,373.12,76.8,138.6,241.85,1,1,1.0
565,22,668.4,48.88,38.9,33.87,1,1,1.0
565,23,742.55,66.58,44.0,33.03,1,1,1.0
565,24,551.2,168.57,71.8,64.21,1,1,1.0
565,25,495.6,37.08,27.95,34.72,1,1,1.0
565,28,372.4,77.33,139.4,243.4,1,1,1.0
566,22,667.55,48.6,38.35,33.45,1,1,1.0
566,23,741.0,65.88,43.55,32.75,1,1,1.0
566,24,552.2,170.54,72.1,64.63,1,1,1.0
566,25,495.03,37.65,28.12,34.43,1,1,1.0
566,28,371.68,77.87,140.2,244.94,1,1,1.0
567,22,666.7,48.32,37.8,33.03,1,1,1.0
567,23,739.45,65.18,43.15,32.47,1,1,1.0
567,24,553.2,172.5,72.35,65.06,1,1,1.0
567,25,494.47,38.21,28.23,34.15,1,1,1.0
567,28,370.96,78.4,141.0,246.49,1,1,1.0
568,22,665.85,48.04,37.25,32.61,1,1,1.0
568,23,737.9,64.48,42.75,32.18,1,1,1.0
568,24,554.15,174.47,72.65,65.47,1,1,1.0
568,25,493.9,38.77,28.4,33.87,1,1,1.0
568,28,370.24,78.93,141.8,248.04,1,1,1.0
569,22,665.0,47.76,36.7,32.18,1,1,1.0
569,23,736.35,63.78,42.3,31.9,1,1,1.0
569,24,555.15,176.44,72.95,65.9,1,1,1.0
569,25,493.35,39.33,28.55,33.59,1,1,1.0
569,28,369.52,79.47,142.6,249.58,1,1,1.0
570,22,664.15,47.48,36.15,31.76,1,1,1.0
570,23,734.8,63.08,41.9,31.62,1,1,1.0
570,24,556.15,178.4,73.2,66.32,1,1,1.0
570,25,492.79,39.9,28.66,33.31,1,1,1.0
570,28,368.8,80.0,143.4,251.13,1,1,1.0
571,22,663.3,47.2,35.6,31.34,1,1,1.0
571,23,733.25,62.37,41.5,31.34,1,1,1.0
571,24,557.1,180.37,73.5,66.74,1,1,1.0
571,25,492.22,40.46,28.83,33.03,1,1,1.0
571,28,368.08,80.53,144.2,252.68,1,1,1.0
572,22,662.9,46.22,35.4,31.34,1,1,1.0
572,23,732.0,61.1,41.35,31.2,1,1,1.0
572,24,557.7,182.19,74.3,67.73,1,1,1.0
572,25,492.36,40.03,28.69,33.73,1,1,1.0
572,28,367.36,81.07,145.0,254.22,1,1,1.0
573,22,662.5,45.23,35.25,31.34,1,1,1.0
573,23,730.75,59.84,41.15,31.06,1,1,1.0
573,24,558.25,184.02,75.15,68.71,1,1,1.0
573,25,492.5,39.61,28.55,34.43,1,1,1.0
573,28,366.64,81.6,145.8,255.77,1,1,1.0
574,22,662.05,44.25,35.15,31.34,1,1,1.0
574,23,729.5,58.58,41.0,30.92,1,1,1.0
574,24,558.8,185.85,76.0,69.69,1,1,1.0
574,25,492.64,39.19,28.41,35.13,1,1,1.0
574,28,365.92,82.13,146.6,257.32,1,1,1.0
575,22,661.65,43.27,35.0,31.34,1,1,1.0
575,23,728.2,57.32,40.9,30.78,1,1,1.0
575,24,559.35,187.68,76.85,70.67,1,1,1.0
575,25,492.79,38.77,28.26,35.84,1,1,1.0
575,28,365.2,82.67,147.4,258.86,1,1,1.0
576,22,661.2,42.28,34.85,31.34,1,1,1.0
576,23,726.95,56.05,40.75,30.64,1,1,1.0
576,24,559.95,189.5,77.7,71.66,1,1,1.0
576,25,492.93,38.35,28.12,36.54,1,1,1.0
576,28,364.48,83.2,148.2,260.41,1,1,1.0
577,22,660.8,41.3,34.7,31.34,1,1,1.0
577,23,725.7,54.78,40.6,30.5,1,1,1.0
577,24,560.5,191.32,78.55,72.65,1,1,1.0
577,25,493.07,37.93,27.98,37.24,1,1,1.0
577,28,363.76,83.73,149.0,261.96,1,1,1.0
578,22,660.35,40.6,34.75,30.92,1,1,1.0
578,23,725.15,53.8,40.05,30.36,1,1,1.0
578,24,561.35,193.44,79.35,73.48,1,1,1.0
578,25,492.93,37.93,28.27,37.1,1,1,1.0
578,28,363.04,84.27,149.8,263.5,1,1,1.0
579,22,659.95,39.9,34.7,30.5,1,1,1.0
579,23,724.55,52.82,39.5,30.22,1,1,1.0
579,24,562.2,195.54,80.2,74.33,1,1,1.0
579,25,492.79,37.93,28.51,36.96,1,1,1.0
579,28,362.32,84.8,150.6,265.05,1,1,1.0
580,22,659.55,39.19,34.7,30.08,1,1,1.0
580,23,724.0,51.84,38.95,30.08,1,1,1.0
580,24,563.0,197.65,81.1,75.17,1,1,1.0
580,25,492.64,37.93,28.81,36.82,1,1,1.0
580,28,361.6,85.33,151.4,266.6,1,1,1.0
581,22,659.1,38.49,34.7,29.66,1,1,1.0
581,23,723.45,50.85,38.35,29.94,1,1,1.0
581,24,563.85,199.76,81.95,76.0,1,1,1.0
581,25,492.5,37.93,29.1,36.68,1,1,1.0
581,28,360.46,85.97,152.5,268.59,1,1,1.0
582,22,658.7,37.79,34.7,29.24,1,1,1.0
582,23,722.9,49.87,37.8,29.8,1,1,1.0
582,24,564.7,201.86,82.75,76.85,1,1,1.0
582,25,492.36,37.93,29.39,36.54,1,1,1.0
582,28,359.32,86.61,153.61,270.59,1,1,1.0
583,22,658.25,37.08,34.75,28.82,1,1,1.0
583,23,722.3,48.88,37.25,29.66,1,1,1.0
583,24,565.55,203.97,83.6,77.7,1,1,1.0
583,25,492.22,37.93,29.68,36.4,1,1,1.0
583,28,358.19,87.25,154.7,272.58,1,1,1.0
584,22,657.4,35.68,34.6,28.95,1,1,1.0
584,23,721.35,47.34,37.1,29.8,1,1,1.0
584,24,566.25,205.79,84.45,79.25,1,1,1.0
584,25,491.94,37.22,29.51,36.68,1,1,1.0
584,28,357.05,87.89,155.81,274.57,1,1,1.0
585,22,656.6,34.28,34.4,29.09,1,1,1.0
585,23,720.35,45.79,36.95,29.94,1,1,1.0
585,24,566.95,207.62,85.3,80.79,1,1,1.0
585,25,491.66,36.52,29.39,36.96,1,1,1.0
585,28,355.91,88.53,156.91,276.56,1,1,1.0
586,22,655.75,32.87,34.3,29.23,1,1,1.0
586,23,719.35,44.25,36.85,30.08,1,1,1.0
586,24,567.65,209.44,86.15,82.34,1,1,1.0
586,25,491.38,35.82,29.22,37.24,1,1,1.0
586,28,354.77,89.17,158.02,278.55,1,1,1.0
587,22,654.9,31.47,34.15,29.37,1,1,1.0
587,23,718.4,42.7,36.65,30.22,1,1,1.0
587,24,568.35,211.28,87.0,83.87,1,1,1.0
587,25,491.1,35.12,29.1,37.52,1,1,1.0
587,28,353.64,89.81,159.11,280.54,1,1,1.0
588,22,654.05,30.06,34.0,29.52,1,1,1.0
588,23,717.4,41.16,36.55,30.36,1,1,1.0
588,24,569.05,213.1,87.8,85.42,1,1,1.0
588,25,490.82,34.42,28.93,37.8,1,1,1.0
588,28,352.5,90.45,160.22,282.53,1,1,1.0
589,22,653.2,28.66,33.9,29.66,1,1,1.0
589,23,716.4,39.61,36.4,30.5,1,1,1.0
589,24,569.75,214.93,88.65,86.96,1,1,1.0
589,25,490.54,33.71,28.81,38.09,1,1,1.0
589,28,351.36,91.09,161.32,284.52,1,1,1.0
590,22,652.9,28.8,33.6,29.94,1,1,1.0
590,23,715.45,39.9,36.1,29.94,1,1,1.0
590,24,570.6,219.14,89.65,88.51,1,1,1.0
590,25,490.54,34.98,28.96,37.8,1,1,1.0
590,28,350.22,91.73,162.42,286.51,1,1,1.0
591,22,652.65,28.94,33.3,30.22,1,1,1.0
591,23,714.45,40.18,35.85,29.37,1,1,1.0
591,24,571.45,223.35,90.6,90.07,1,1,1.0
591,25,490.54,36.24,29.11,37.52,1,1,1.0
591,28,349.08,92.37,163.53,288.51,1,1,1.0
592,22,652.35,29.08,33.05,30.5,1,1,1.0
592,23,713.45,40.46,35.55,28.81,1,1,1.0
592,24,572.3,227.57,91.6,91.61,1,1,1.0
592,25,490.54,37.51,29.21,37.24,1,1,1.0
592,28,347.95,93.01,164.62,290.5,1,1,1.0
593,22,652.1,29.22,32.75,30.78,1,1,1.0
593,23,712.5,40.74,35.25,28.25,1,1,1.0
593,24,573.15,231.78,92.55,93.16,1,1,1.0
593,25,490.54,38.77,29.36,36.96,1,1,1.0
593,28,346.81,93.65,165.73,292.49,1,1,1.0
594,22,651.8,29.36,32.45,31.06,1,1,1.0
594,23,711.5,41.02,35.0,27.69,1,1,1.0
594,24,574.0,236.0,93.55,94.69,1,1,1.0
594,25,490.54,40.03,29.51,36.68,1,1,1.0
594,28,345.67,94.29,166.83,294.48,1,1,1.0
595,22,651.5,29.5,32.2,31.34,1,1,1.0
595,23,710.5,41.3,34.75,27.13,1,1,1.0
595,24,574.8,240.21,94.6,96.24,1,1,1.0
595,25,490.54,41.3,29.66,36.4,1,1,1.0
595,28,344.53,94.93,167.94,296.47,1,1,1.0
596,22,651.1,29.5,31.9,30.78,1,1,1.0
596,23,709.8,40.74,34.45,27.41,1,1,1.0
596,24,575.5,244.99,95.85,97.51,1,1,1.0
596,25,490.26,41.44,29.94,37.24,1,1,1.0
596,28,343.4,95.57,169.03,298.46,1,1,1.0
597,22,650.7,29.5,31.6,30.22,1,1,1.0
597,23,709.1,40.18,34.15,27.69,1,1,1.0
597,24,576.2,249.76,97.1,98.78,1,1,1.0
597,25,489.98,41.58,30.22,38.08,1,1,1.0
597,28,342.26,96.21,170.14,300.45,1,1,1.0
598,22,650.25,29.5,31.35,29.66,1,1,1.0
598,23,708.4,39.61,33.9,27.97,1,1,1.0
598,24,576.95,254.54,98.35,100.03,1,1,1.0
598,25,489.69,41.72,30.51,38.93,1,1,1.0
598,28,341.12,96.85,171.24,302.44,1,1,1.0
599,22,649.85,29.5,31.05,29.1,1,1,1.0
599,23,707.7,39.05,33.6,28.25,1,1,1.0
599,24,577.65,259.32,99.6,101.3,1,1,1.0
599,25,489.41,41.86,30.79,39.77,1,1,1.0
599,28,339.98,97.49,172.34,304.43,1,1,1.0
600,22,649.4,29.5,30.8,28.53,1,1,1.0
600,23,707.0,38.49,33.3,28.54,1,1,1.0
600,24,578.35,264.09,100.85,102.56,1,1,1.0
600,25,489.13,42.0,31.07,40.61,1,1,1.0
600,28,338.84,98.13,173.45,306.43,1,1,1.0
601,22,649.0,29.5,30.5,27.97,1,1,1.0
601,23,706.3,37.93,33.05,28.81,1,1,1.0
601,24,579.05,268.87,102.15,103.82,1,1,1.0
601,25,488.85,42.14,31.35,41.46,1,1,1.0
601,28,337.71,98.77,174.54,308.42,1,1,1.0
602,22,648.45,29.5,30.5,27.69,1,1,1.0
602,23,705.45,37.65,32.9,28.53,1,1,1.0
602,24,579.75,273.93,104.4,106.77,1,1,1.0
602,25,488.71,42.7,31.19,41.18,1,1,1.0
602,28,336.57,99.41,175.65,310.41,1,1,1.0
603,22,647.85,29.5,30.5,27.41,1,1,1.0
603,23,704.6,37.37,32.75,28.25,1,1,1.0
603,24,580.45,278.98,106.65,109.73,1,1,1.0
603,25,488.57,43.27,31.08,40.89,1,1,1.0
603,28,335.43,100.05,176.75,312.4,1,1,1.0
604,22,647.3,29.5,30.5,27.13,1,1,1.0
604,23,703.8,37.08,32.6,27.97,1,1,1.0
604,24,581.15,284.04,108.9,112.67,1,1,1.0
604,25,488.43,43.83,30.92,40.61,1,1,1.0
604,28,334.29,100.69,177.86,314.39,1,1,1.0
605,22,646.75,29.5,30.5,26.84,1,1,1.0
605,23,702.95,36.8,32.45,27.69,1,1,1.0
605,24,581.85,289.1,111.15,115.63,1,1,1.0
605,25,488.29,44.39,30.76,40.34,1,1,1.0
605,28,333.16,101.33,178.95,316.38,1,1,1.0
606,22,646.2,29.5,30.5,26.56,1,1,1.0
606,23,702.1,36.52,32.3,27.41,1,1,1.0
606,24,582.55,294.15,113.4,118.58,1,1,1.0
606,25,488.14,44.95,30.66,40.05,1,1,1.0
606,28,332.02,101.97,180.06,318.37,1,1,1.0
607,22,645.6,29.5,30.5,26.28,1,1,1.0
607,23,701.25,36.24,32.2,27.13,1,1,1.0
607,24,583.25,299.21,115.65,121.53,1,1,1.0
607,25,488.01,45.51,30.49,39.77,1,1,1.0
607,28,330.88,102.61,181.16,320.36,1,1,1.0
608,22,644.8,29.78,30.6,26.0,1,1,1.0
608,23,700.1,36.52,32.05,26.71,1,1,1.0
608,24,583.25,305.95,118.3,125.61,1,1,1.0
608,25,487.73,46.5,30.52,40.05,1,1,1.0
608,28,329.74,103.25,182.26,322.35,1,1,1.0
609,22,643.95,30.06,30.75,25.72,1,1,1.0
609,23,699.0,36.8,31.9,26.29,1,1,1.0
609,24,583.25,312.69,120.95,129.68,1,1,1.0
609,25,487.44,47.48,30.51,40.34,1,1,1.0
609,28,328.6,103.89,183.37,324.35,1,1,1.0
610,22,643.1,30.34,30.9,25.44,1,1,1.0
610,23,697.9,37.08,31.75,25.86,1,1,1.0
610,24,583.25,319.44,123.65,133.75,1,1,1.0
610,25,487.17,48.46,30.48,40.61,1,1,1.0
610,28,327.47,104.53,184.46,326.34,1,1,1.0
611,22,642.25,30.62,31.05,25.16,1,1,1.0
611,23,696.75,37.37,31.6,25.44,1,1,1.0
611,24,583.25,326.18,126.3,137.83,1,1,1.0
611,25,486.88,49.45,30.52,40.89,1,1,1.0
611,28,327.0,104.71,184.68,327.33,1,1,1.0
612,22,641.4,30.9,31.2,24.88,1,1,1.0
612,23,695.65,37.65,31.45,25.02,1,1,1.0
612,24,583.25,332.93,128.95,141.89,1,1,1.0
612,25,486.6,50.43,30.5,41.18,1,1,1.0
612,28,326.54,104.89,184.9,328.32,1,1,1.0
613,22,640.55,31.19,31.35,24.6,1,1,1.0
613,23,694.5,37.93,31.35,24.6,1,1,1.0
613,24,583.25,339.67,131.65,145.96,1,1,1.0
613,25,486.32,51.42,30.48,41.46,1,1,1.0
613,28,326.08,105.07,185.11,329.32,1,1,1.0
614,22,640.4,30.34,30.8,25.02,1,1,1.0
614,23,693.95,37.08,30.9,24.6,1,1,1.0
614,24,584.35,347.68,134.45,147.08,1,1,1.0
614,25,486.04,51.56,30.91,41.6,1,1,1.0
614,28,325.62,105.24,185.32,330.32,1,1,1.0
615,22,640.3,29.5,30.2,25.44,1,1,1.0
615,23,693.4,36.24,30.5,24.6,1,1,1.0
615,24,585.5,355.68,137.25,148.22,1,1,1.0
615,25,485.76,51.7,31.34,41.74,1,1,1.0
615,28,325.16,105.42,185.53,331.31,1,1,1.0
616,22,640.15,28.66,29.65,25.86,1,1,1.0
616,23,692.8,35.4,30.1,24.6,1,1,1.0
616,24,586.6,363.69,140.1,149.36,1,1,1.0
616,25,485.48,51.84,31.77,41.88,1,1,1.0
616,28,324.69,105.6,185.75,332.31,1,1,1.0
617,22,640.0,27.81,29.1,26.29,1,1,1.0
617,23,692.25,34.56,29.65,24.6,1,1,1.0
617,24,587.75,371.69,142.85,150.46,1,1,1.0
617,25,485.2,51.98,32.2,42.02,1,1,1.0
617,28,324.23,105.78,185.96,333.3,1,1,1.0
618,22,639.85,26.97,28.55,26.71,1,1,1.0
618,23,691.7,33.71,29.25,24.6,1,1,1.0
618,24,588.85,379.7,145.7,151.6,1,1,1.0
618,25,484.92,52.12,32.58,42.16,1,1,1.0
618,28,323.77,105.96,186.17,334.29,1,1,1.0
619,22,639.7,26.13,28.0,27.13,1,1,1.0
619,23,691.15,32.87,28.8,24.6,1,1,1.0
619,24,590.0,387.71,148.5,153.29,1,1,1.0
619,25,484.63,52.26,33.02,42.3,1,1,1.0
619,28,323.31,106.13,186.38,335.3,1,1,1.0
620,22,639.15,26.13,28.1,27.13,1,1,1.0
620,23,690.7,32.73,28.55,24.6,1,1,1.0
620,24,591.1,397.96,149.2,143.04,1,1,1.0
620,25,484.63,52.96,33.02,42.3,1,1,1.0
620,28,322.84,106.31,186.6,336.29,1,1,1.0
621,22,638.6,26.13,28.25,27.13,1,1,1.0
621,23,690.3,32.59,28.25,24.6,1,1,1.0
621,24,592.25,408.22,149.9,132.78,1,1,1.0
621,25,484.63,53.66,33.02,42.3,1,1,1.0
621,28,322.38,106.49,186.82,337.28,1,1,1.0
622,22,638.05,26.13,28.4,27.13,1,1,1.0
622,23,689.85,32.45,28.0,24.6,1,1,1.0
622,24,593.35,418.47,150.6,122.53,1,1,1.0
622,25,484.63,54.36,33.02,42.3,1,1,1.0
622,28,321.92,106.67,187.03,338.28,1,1,1.0
623,22,637.45,26.13,28.55,27.13,1,1,1.0
623,23,689.45,32.31,27.7,24.6,1,1,1.0
623,24,594.5,428.73,151.3,112.27,1,1,1.0
623,25,484.63,55.06,33.02,42.3,1,1,1.0
623,28,321.46,106.84,187.24,339.28,1,1,1.0
624,22,636.9,26.13,28.7,27.13,1,1,1.0
624,23,689.05,32.17,27.4,24.6,1,1,1.0
624,24,595.6,438.98,152.0,102.02,1,1,1.0
624,25,484.63,55.77,33.02,42.3,1,1,1.0
624,28,321.0,107.02,187.45,340.27,1,1,1.0
625,22,636.35,26.13,28.8,27.13,1,1,1.0
625,23,688.6,32.03,27.15,24.6,1,1,1.0
625,24,596.75,449.24,152.7,91.76,1,1,1.0
625,25,484.63,56.47,33.02,42.3,1,1,1.0
625,28,320.53,107.2,187.67,341.27,1,1,1.0
626,22,635.65,26.41,28.8,26.85,1,1,1.0
626,23,687.75,32.03,27.3,24.6,1,1,1.0
626,25,484.5,57.03,32.9,42.44,1,1,1.0
626,28,320.07,107.38,187.88,342.26,1,1,1.0
627,22,634.95,26.69,28.8,26.56,1,1,1.0
627,23,686.9,32.03,27.45,24.6,1,1,1.0
627,25,484.36,57.6,32.74,42.58,1,1,1.0
627,28,319.61,107.56,188.09,343.25,1,1,1.0
628,22,634.25,26.97,28.8,26.28,1,1,1.0
628,23,686.1,32.03,27.55,24.6,1,1,1.0
628,25,484.21,58.16,32.59,42.72,1,1,1.0
628,28,319.15,107.73,188.3,344.26,1,1,1.0
629,22,633.55,27.25,28.8,26.0,1,1,1.0
629,23,685.25,32.03,27.65,24.6,1,1,1.0
629,25,484.07,58.72,32.48,42.86,1,1,1.0
629,28,318.68,107.91,188.52,345.25,1,1,1.0
630,22,632.85,27.53,28.8,25.72,1,1,1.0
630,23,684.4,32.03,27.8,24.6,1,1,1.0
630,25,483.94,59.28,32.31,43.0,1,1,1.0
630,28,318.22,108.09,188.74,346.24,1,1,1.0
631,22,632.15,27.81,28.8,25.44,1,1,1.0
631,23,683.55,32.03,27.95,24.6,1,1,1.0
631,25,483.8,59.84,32.2,43.15,1,1,1.0
631,28,317.76,108.27,188.95,347.24,1,1,1.0
632,25,483.8,59.0,32.2,43.42,1,1,1.0
632,28,317.3,108.44,189.16,348.24,1,1,1.0
633,25,483.8,58.16,32.2,43.7,1,1,1.0
633,28,316.84,108.62,189.37,349.23,1,1,1.0
634,25,483.8,57.32,32.2,43.98,1,1,1.0
634,28,316.37,108.8,189.59,350.23,1,1,1.0
635,25,483.8,56.47,32.2,44.26,1,1,1.0
635,28,315.91,108.98,189.8,351.22,1,1,1.0
636,25,483.8,55.63,32.2,44.54,1,1,1.0
636,28,315.45,109.16,190.01,352.21,1,1,1.0
637,25,483.8,54.78,32.2,44.83,1,1,1.0
637,28,314.99,109.33,190.22,353.22,1,1,1.0
638,25,483.51,55.48,32.49,44.97,1,1,1.0
638,28,314.52,109.51,190.44,354.21,1,1,1.0
639,25,483.23,56.19,32.77,45.11,1,1,1.0
639,28,314.06,109.69,190.66,355.2,1,1,1.0
640,25,482.95,56.89,33.05,45.25,1,1,1.0
640,28,313.6,109.87,190.87,356.2,1,1,1.0
641,25,482.67,57.6,33.33,45.4,1,1,1.0
641,28,313.57,109.97,190.98,356.23,1,1,1.0
642,25,482.39,58.3,33.61,45.54,1,1,1.0
642,28,313.55,110.08,191.08,356.25,1,1,1.0
643,25,482.11,59.0,33.89,45.67,1,1,1.0
643,28,313.52,110.19,191.19,356.28,1,1,1.0
644,25,482.11,59.28,33.74,45.81,1,1,1.0
644,28,313.49,110.29,191.3,356.31,1,1,1.0
645,25,482.11,59.56,33.59,45.96,1,1,1.0
645,28,313.47,110.4,191.4,356.33,1,1,1.0
646,25,482.11,59.84,33.44,46.1,1,1,1.0
646,28,313.44,110.51,191.51,356.36,1,1,1.0
647,25,482.11,60.12,33.29,46.24,1,1,1.0
647,28,313.41,110.61,191.62,356.39,1,1,1.0
648,25,482.11,60.4,33.19,46.38,1,1,1.0
648,28,313.39,110.72,191.72,356.41,1,1,1.0
649,25,482.11,60.68,33.04,46.52,1,1,1.0
649,28,313.36,110.83,191.83,356.44,1,1,1.0
650,25,481.96,60.4,33.44,46.66,1,1,1.0
650,28,313.33,110.93,191.94,356.47,1,1,1.0
651,25,481.82,60.12,33.88,46.8,1,1,1.0
651,28,313.31,111.04,192.04,356.49,1,1,1.0
652,25,481.69,59.84,34.31,46.94,1,1,1.0
652,28,313.28,111.15,192.15,356.52,1,1,1.0
653,25,481.55,59.56,34.7,47.08,1,1,1.0
653,28,313.25,111.25,192.26,356.55,1,1,1.0
654,25,481.4,59.28,35.15,47.22,1,1,1.0
654,28,313.23,111.36,192.36,356.57,1,1,1.0
655,25,481.26,59.0,35.54,47.36,1,1,1.0
655,28,313.2,111.47,192.47,356.6,1,1,1.0
656,25,480.99,59.98,35.26,47.36,1,1,1.0
656,28,313.17,111.57,192.58,356.63,1,1,1.0
657,25,480.7,60.96,35.0,47.36,1,1,1.0
657,28,313.15,111.68,192.68,356.65,1,1,1.0
658,25,480.42,61.95,34.73,47.36,1,1,1.0
658,28,313.12,111.79,192.79,356.68,1,1,1.0
659,25,480.14,62.93,34.41,47.36,1,1,1.0
659,28,313.09,111.89,192.9,356.71,1,1,1.0
660,25,479.86,63.92,34.14,47.36,1,1,1.0
660,28,313.07,112.0,193.0,356.73,1,1,1.0
661,25,479.58,64.9,33.87,47.36,1,1,1.0
661,28,313.04,112.11,193.11,356.76,1,1,1.0
662,25,479.86,65.04,33.99,47.22,1,1,1.0
662,28,313.01,112.21,193.22,356.79,1,1,1.0
663,25,480.14,65.18,34.16,47.08,1,1,1.0
663,28,312.99,112.32,193.32,356.81,1,1,1.0
664,25,480.42,65.32,34.28,46.94,1,1,1.0
664,28,312.96,112.43,193.43,356.84,1,1,1.0
665,25,480.7,65.46,34.45,46.8,1,1,1.0
665,28,312.93,112.53,193.54,356.87,1,1,1.0
666,25,480.99,65.6,34.56,46.66,1,1,1.0
666,28,312.91,112.64,193.64,356.89,1,1,1.0
667,25,481.26,65.74,34.74,46.52,1,1,1.0
667,28,312.88,112.75,193.75,356.92,1,1,1.0
668,25,480.99,65.74,35.56,46.8,1,1,1.0
668,28,312.85,112.85,193.86,356.95,1,1,1.0
669,25,480.7,65.74,36.4,47.08,1,1,1.0
669,28,312.83,112.96,193.96,356.97,1,1,1.0
670,25,480.42,65.74,37.23,47.36,1,1,1.0
670,28,312.8,113.07,194.07,357.0,1,1,1.0
671,25,480.14,65.74,38.11,47.64,1,1,1.0
671,28,312.77,113.17,194.18,357.03,1,1,1.0
672,25,479.86,65.74,38.94,47.92,1,1,1.0
672,28,312.75,113.28,194.28,357.05,1,1,1.0
673,25,479.58,65.74,39.77,48.2,1,1,1.0
673,28,312.72,113.39,194.39,357.08,1,1,1.0
674,25,478.6,66.31,40.45,48.06,1,1,1.0
674,28,312.69,113.49,194.5,357.11,1,1,1.0
675,25,477.61,66.86,41.19,47.92,1,1,1.0
675,28,312.67,113.6,194.6,357.13,1,1,1.0
676,25,476.63,67.43,41.87,47.78,1,1,1.0
676,28,312.64,113.71,194.71,357.16,1,1,1.0
677,25,475.64,67.99,42.61,47.64,1,1,1.0
677,28,312.61,113.81,194.82,357.19,1,1,1.0
678,25,474.66,68.55,43.29,47.5,1,1,1.0
678,28,312.59,113.92,194.92,357.21,1,1,1.0
679,25,473.68,69.11,43.97,47.36,1,1,1.0
679,28,312.56,114.03,195.03,357.24,1,1,1.0
680,25,473.4,69.68,44.0,47.22,1,1,1.0
680,28,312.53,114.13,195.14,357.27,1,1,1.0
681,25,473.12,70.24,43.98,47.08,1,1,1.0
681,28,312.57,114.1,195.24,357.05,1,1,1.0
682,25,472.83,70.8,43.97,46.94,1,1,1.0
682,28,312.6,114.06,195.35,356.84,1,1,1.0
683,25,472.56,71.36,43.99,46.8,1,1,1.0
683,28,312.64,114.03,195.45,356.62,1,1,1.0
684,25,472.27,71.92,43.98,46.66,1,1,1.0
684,28,312.68,113.99,195.56,356.41,1,1,1.0
685,25,472.0,72.48,44.0,46.52,1,1,1.0
685,28,312.71,113.96,195.67,356.2,1,1,1.0
686,25,471.01,72.34,44.69,46.66,1,1,1.0
686,28,312.75,113.92,195.77,355.99,1,1,1.0
687,25,470.02,72.2,45.38,46.8,1,1,1.0
687,28,312.78,113.88,195.88,355.78,1,1,1.0
688,25,469.05,72.06,46.1,46.94,1,1,1.0
688,28,312.82,113.85,195.98,355.56,1,1,1.0
689,25,468.06,71.92,46.79,47.08,1,1,1.0
689,28,312.85,113.81,196.1,355.35,1,1,1.0
690,25,467.07,71.78,47.48,47.22,1,1,1.0
690,28,312.89,113.78,196.2,355.13,1,1,1.0
691,25,466.1,71.64,48.2,47.36,1,1,1.0
691,28,312.92,113.74,196.31,354.92,1,1,1.0
692,25,464.97,71.78,49.18,46.94,1,1,1.0
692,28,312.96,113.71,196.41,354.7,1,1,1.0
693,25,463.85,71.92,50.15,46.52,1,1,1.0
693,28,313.0,113.67,196.52,354.49,1,1,1.0
694,25,462.72,72.06,51.13,46.1,1,1,1.0
694,28,313.03,113.64,196.63,354.28,1,1,1.0
695,25,461.6,72.2,52.15,45.68,1,1,0.9134
695,28,313.07,113.6,196.73,354.07,1,1,1.0
696,25,460.48,72.34,53.12,45.26,1,1,0.9169
696,28,313.1,113.56,196.84,353.86,1,1,1.0
697,25,459.35,72.48,54.1,44.84,1,1,0.9207
697,28,313.14,113.53,196.94,353.64,1,1,1.0
698,25,458.37,71.78,55.08,45.11,1,1,0.929
698,28,313.17,113.49,197.06,353.43,1,1,1.0
699,25,457.38,71.08,56.07,45.39,1,1,0.9373
699,28,313.21,113.46,197.16,353.21,1,1,1.0
700,25,456.4,70.38,57.05,45.67,1,1,0.9454
700,26,304.0,101.33,109.8,38.34,1,1,0.373
700,28,313.24,113.42,197.27,353.0,1,1,1.0
701,25,455.42,69.68,58.03,45.96,1,1,0.9536
701,26,306.7,101.16,109.91,38.36,1,1,0.3596
701,28,313.28,113.39,197.37,352.78,1,1,1.0
702,25,454.44,68.97,59.01,46.24,1,1,0.9616
702,26,309.4,100.98,110.02,38.4,1,1,0.3463
702,28,313.32,113.35,197.48,352.57,1,1,1.0
703,25,453.45,68.27,60.0,46.52,1,1,0.9697
703,26,312.11,100.8,110.12,38.44,1,1,0.3333
703,28,313.35,113.32,197.59,352.36,1,1,1.0
704,25,452.75,68.27,60.55,46.66,1,1,0.9659
704,26,314.81,100.62,110.23,38.48,1,1,0.329
704,28,313.39,113.28,197.69,352.15,1,1,1.0
705,25,452.05,68.27,61.1,46.8,1,1,0.9621
705,26,317.51,100.44,110.33,38.52,1,1,0.3323
705,28,313.42,113.24,197.8,351.94,1,1,1.0
706,25,451.35,68.27,61.7,46.94,1,1,0.9586
706,26,320.21,100.27,110.44,38.54,1,1,0.3358
706,28,313.46,113.21,197.9,351.72,1,1,1.0
707,25,450.64,68.27,62.26,47.08,1,1,0.9547
707,26,322.92,100.09,110.54,38.58,1,1,0.339
707,28,313.49,113.17,198.02,351.51,1,1,1.0
708,25,449.94,68.27,62.81,47.22,1,1,0.9511
708,26,325.62,99.91,110.65,38.62,1,1,0.3426
708,28,313.53,113.14,198.12,351.29,1,1,1.0
709,25,449.24,68.27,63.36,47.36,1,1,0.9473
709,26,328.32,99.73,110.76,38.66,1,1,0.3458
709,28,313.56,113.1,198.23,351.08,1,1,1.0
710,25,447.97,68.41,64.08,47.36,1,1,0.9431
710,26,331.02,99.56,110.87,38.68,1,1,0.3493
710,28,313.6,113.07,198.33,350.86,1,1,1.0
711,25,446.71,68.55,64.79,47.36,1,1,0.936
711,26,333.72,99.38,110.98,38.72,1,1,0.3487
711,28,313.68,112.88,198.28,351.03,1,1,1.0
712,25,445.44,68.69,65.46,47.36,1,1,0.92
712,26,336.43,99.2,111.08,38.76,1,1,0.348
712,28,313.76,112.69,198.23,351.19,1,1,1.0
713,25,444.18,68.83,66.17,47.36,1,1,0.8959
713,26,339.13,99.02,111.19,38.8,1,1,0.3476
713,28,313.84,112.51,198.17,351.34,1,1,1.0
714,25,442.92,68.97,66.88,47.36,1,1,0.8719
714,26,341.83,98.84,111.29,38.84,1,1,0.347
714,28,313.92,112.32,198.12,351.51,1,1,1.0
715,25,441.65,69.11,67.6,47.36,1,1,0.8483
715,26,344.53,98.67,111.4,38.86,1,1,0.3464
715,28,314.0,112.13,198.07,351.67,1,1,1.0
716,25,440.38,68.97,68.42,47.64,1,1,0.8979
716,26,347.24,98.49,111.5,38.9,1,1,0.346
716,28,314.08,111.95,198.01,351.82,1,1,1.0
717,25,439.12,68.83,69.28,47.92,1,1,0.8754
717,26,349.94,98.31,111.61,38.94,1,1,0.3454
717,28,314.16,111.76,197.96,351.99,1,1,1.0
718,25,437.86,68.69,70.09,48.2,1,1,0.8529
718,26,352.64,98.13,111.72,38.98,1,1,0.3447
718,28,314.24,111.57,197.91,352.15,1,1,1.0
719,25,436.6,68.55,70.95,48.48,1,1,0.8305
719,26,355.34,97.96,111.83,39.0,1,1,0.3444
719,28,314.32,111.39,197.85,352.3,1,1,1.0
720,25,435.33,68.41,71.82,48.76,1,1,0.8081
720,26,358.04,97.78,111.94,39.04,1,1,0.3438
720,28,314.4,111.2,197.8,352.47,1,1,1.0
721,25,434.07,68.27,72.63,49.05,1,1,0.7857
721,26,360.75,97.6,112.04,39.08,1,1,0.3431
721,28,314.48,111.01,197.75,352.63,1,1,1.0
722,25,432.52,68.55,73.93,48.34,1,1,0.7653
722,26,363.45,97.42,112.15,39.12,1,1,0.3428
722,28,314.56,110.83,197.69,352.78,1,1,1.0
723,25,430.98,68.83,75.17,47.64,1,1,0.7454
723,26,366.15,97.24,112.25,39.16,1,1,0.3421
723,28,314.64,110.64,197.64,352.95,1,1,1.0
724,25,429.43,69.11,76.42,46.94,1,1,0.726
724,26,368.85,97.07,112.36,39.18,1,1,0.3416
724,28,314.72,110.45,197.59,353.11,1,1,1.0
725,25,427.88,69.4,77.72,46.24,1,1,0.7072
725,26,371.56,96.89,112.46,39.22,1,1,0.3412
725,28,314.8,110.27,197.53,353.26,1,1,1.0
726,25,426.34,69.68,78.96,45.54,1,1,0.6888
726,26,374.26,96.71,112.57,39.26,1,1,0.3405
726,28,314.88,110.08,197.48,353.43,1,1,1.0
727,25,424.8,69.96,80.2,44.84,1,1,0.6708
727,26,376.96,96.53,112.68,39.3,1,1,0.3399
727,28,314.96,109.89,197.43,353.59,1,1,1.0
728,25,424.09,70.38,80.11,44.69,1,1,0.6427
728,26,379.66,96.36,112.79,39.32,1,1,0.3396
728,28,315.04,109.71,197.37,353.74,1,1,1.0
729,25,423.39,70.8,79.96,44.55,1,1,0.6132
729,26,382.36,96.18,112.9,39.36,1,1,0.339
729,28,315.12,109.52,197.32,353.91,1,1,1.0
730,25,422.69,71.22,79.81,44.41,1,1,0.5825
730,26,385.07,96.0,113.0,39.4,1,1,0.3383
730,28,315.2,109.33,197.27,354.07,1,1,1.0
731,25,421.99,71.64,79.66,44.27,1,1,0.5761
731,26,387.2,96.43,111.51,38.33,1,1,0.3319
731,28,315.28,109.15,197.21,354.22,1,1,1.0
732,25,421.28,72.06,79.53,44.12,1,1,0.5698
732,26,389.33,96.85,110.02,37.27,1,1,0.3249
732,28,315.36,108.96,197.16,354.39,1,1,1.0
733,25,420.58,72.48,79.38,43.98,1,1,0.5637
733,26,391.47,97.28,108.52,36.2,1,1,0.3174
733,28,315.44,108.77,197.11,354.55,1,1,1.0
734,25,418.76,73.32,80.64,44.7,1,1,0.5455
734,26,393.6,97.71,107.03,35.13,1,1,0.3098
734,28,315.52,108.59,197.05,354.7,1,1,1.0
735,25,416.93,74.17,81.91,45.39,1,1,0.5279
735,26,395.73,98.13,105.54,34.07,1,1,0.3014
735,28,315.6,108.4,197.0,354.87,1,1,1.0
736,25,415.1,75.02,83.18,46.1,1,1,0.4942
736,26,397.92,97.8,105.74,34.36,1,1,0.3031
736,28,315.68,108.21,196.95,355.03,1,1,1.0
737,25,413.27,75.86,84.44,46.8,1,1,0.4616
737,26,400.1,97.46,105.96,34.67,1,1,0.305
737,28,315.76,108.03,196.89,355.18,1,1,1.0
738,25,411.45,76.7,85.7,47.49,1,1,0.4299
738,26,402.29,97.12,106.16,34.98,1,1,0.3065
738,28,315.84,107.84,196.84,355.35,1,1,1.0
739,25,409.62,77.54,86.98,48.2,1,1,0.3991
739,26,404.47,96.78,106.38,35.28,1,1,0.3081
739,28,315.92,107.65,196.79,355.51,1,1,1.0
740,25,408.07,76.84,87.26,48.9,1,1,0.4008
740,26,406.66,96.44,106.59,35.59,1,1,0.3133
740,28,316.0,107.47,196.73,355.66,1,1,1.0
741,25,406.53,76.14,87.54,49.6,1,1,0.4183
741,26,408.84,96.1,106.8,35.89,1,1,0.3301
741,28,316.08,107.28,196.68,355.83,1,1,1.0
742,25,404.99,75.44,87.81,50.3,1,1,0.4451
742,26,411.03,95.76,107.01,36.2,1,1,0.3466
742,28,316.16,107.09,196.63,355.99,1,1,1.0
743,25,403.44,74.73,88.1,51.01,1,1,0.4716
743,26,413.21,95.42,107.22,36.5,1,1,0.3634
743,28,316.24,106.91,196.57,356.14,1,1,1.0
744,25,401.89,74.03,88.38,51.71,1,1,0.4978
744,26,415.4,95.09,107.43,36.79,1,1,0.3798
744,28,316.32,106.72,196.52,356.31,1,1,1.0
745,25,400.35,73.32,88.66,52.42,1,1,0.5236
745,26,417.58,94.75,107.65,37.1,1,1,0.3959
745,28,316.4,106.53,196.47,356.47,1,1,1.0
746,25,398.25,72.62,90.33,52.28,1,1,0.5557
746,26,419.77,94.41,107.85,37.41,1,1,0.4122
746,28,316.48,106.35,196.41,356.62,1,1,1.0
747,25,396.13,71.92,92.04,52.14,1,1,0.5861
747,26,421.95,94.07,108.07,37.71,1,1,0.4281
747,28,316.56,106.16,196.36,356.79,1,1,1.0
748,25,394.03,71.22,93.72,51.99,1,1,0.6152
748,26,424.14,93.73,108.27,38.02,1,1,0.4438
748,28,316.64,105.97,196.31,356.95,1,1,1.0
749,25,391.93,70.52,95.39,51.85,1,1,0.6426
749,26,426.32,93.39,108.49,38.32,1,1,0.4597
749,28,316.72,105.79,196.25,357.1,1,1,1.0
750,25,389.82,69.82,97.08,51.72,1,1,0.6688
750,26,428.51,93.05,108.69,38.63,1,1,0.4751
750,28,316.8,105.6,196.2,357.27,1,1,1.0
751,25,387.71,69.11,98.77,51.58,1,1,0.6936
751,26,430.69,92.72,108.91,38.92,1,1,0.498
751,27,901.85,198.91,59.15,81.91,1,1,1.0
751,28,316.59,105.74,196.27,357.2,1,1,1.0
752,25,386.17,69.68,98.63,52.28,1,1,0.707
752,26,432.38,93.14,109.17,38.92,1,1,0.505
752,27,894.95,194.28,66.05,80.79,1,1,1.0
752,28,316.37,105.88,196.35,357.13,1,1,1.0
753,25,384.62,70.24,98.49,52.98,1,1,1.0
753,26,434.07,93.56,109.43,38.94,1,1,0.5125
753,27,888.1,189.64,72.9,79.67,1,1,1.0
753,28,316.16,106.03,196.41,357.05,1,1,1.0
754,25,383.07,70.8,98.35,53.67,1,1,1.0
754,26,435.75,93.98,109.75,38.94,1,1,0.5202
754,27,881.2,185.01,79.8,78.54,1,1,1.0
754,28,315.95,106.17,196.48,356.98,1,1,1.0
755,25,381.53,71.36,98.21,54.38,1,1,0.6427
755,26,437.44,94.4,110.01,38.92,1,1,0.5278
755,27,874.3,180.37,86.7,77.42,1,1,1.0
755,28,315.73,106.31,196.56,356.91,1,1,1.0
756,25,379.98,71.92,98.07,55.08,1,1,0.6268
756,26,439.12,94.82,110.28,38.93,1,1,0.5356
756,27,867.45,175.74,93.55,76.29,1,1,1.0
756,28,315.52,106.45,196.63,356.84,1,1,1.0
757,25,378.44,72.48,97.93,55.78,1,1,0.6115
757,26,440.81,95.24,110.59,38.93,1,1,0.5441
757,27,860.55,171.1,100.45,75.17,1,1,1.0
757,28,315.31,106.6,196.69,356.76,1,1,1.0
758,25,376.61,72.76,98.49,55.64,1,1,0.6106
758,26,443.62,95.24,109.43,39.07,1,1,0.56
758,27,855.5,167.44,105.5,73.77,1,1,1.0
758,28,315.09,106.74,196.77,356.7,1,1,1.0
759,25,374.79,73.04,99.04,55.5,1,1,0.6096
759,26,446.43,95.24,108.32,39.21,1,1,0.5762
759,27,850.45,163.79,97.9,72.37,1,1,1.0
759,28,314.88,106.88,196.84,356.63,1,1,1.0
760,25,372.96,73.32,99.61,55.36,1,1,0.6086
760,26,449.24,95.24,107.21,39.35,1,1,0.5926
760,27,845.35,160.14,97.1,70.96,1,1,1.0
760,28,314.67,107.02,196.91,356.56,1,1,1.0
761,25,371.13,73.61,100.18,55.22,1,1,0.6076
761,26,452.05,95.24,106.05,39.49,1,1,0.609
761,27,840.3,156.49,96.25,69.55,1,1,1.0
761,28,314.45,107.16,196.99,356.49,1,1,1.0
762,25,369.31,73.89,100.74,55.08,1,1,0.6068
762,26,454.86,95.24,104.94,39.63,1,1,0.626
762,27,835.25,152.84,95.4,68.14,1,1,1.0
762,28,314.24,107.31,197.05,356.41,1,1,1.0
763,25,367.48,74.17,101.3,54.94,1,1,0.6058
763,26,457.67,95.24,103.83,39.77,1,1,0.6431
763,27,830.2,149.19,94.55,66.74,1,1,1.0
763,28,314.03,107.45,197.12,356.34,1,1,1.0
764,25,365.8,74.45,101.58,55.23,1,1,0.6
764,26,459.91,95.24,103.14,39.77,1,1,0.6584
764,27,825.85,146.66,93.0,65.33,1,1,1.0
764,28,313.81,107.59,197.2,356.27,1,1,1.0
765,25,364.11,74.73,101.86,55.51,1,1,0.5945
765,26,462.16,95.24,102.44,39.77,1,1,0.6738
765,27,821.5,144.13,91.45,63.93,1,1,1.0
765,28,313.6,107.73,197.27,356.2,1,1,1.0
766,25,362.43,75.02,102.14,55.78,1,1,0.5891
766,26,464.4,95.24,101.75,39.77,1,1,0.6895
766,27,817.15,141.6,89.9,62.53,1,1,1.0
766,28,313.39,107.88,197.33,356.12,1,1,1.0
767,25,360.74,75.3,102.42,56.06,1,1,0.5837
767,26,466.65,95.24,101.0,39.77,1,1,0.7048
767,27,812.8,139.07,88.35,61.12,1,1,1.0
767,28,313.17,108.02,197.41,356.06,1,1,1.0
768,25,359.05,75.58,102.71,56.34,1,1,0.5783
768,26,468.9,95.24,100.3,39.77,1,1,0.7204
768,27,808.45,136.54,86.8,59.72,1,1,1.0
768,28,312.96,108.16,197.48,355.99,1,1,1.0
769,25,357.37,75.86,102.98,56.64,1,1,0.5729
769,26,471.15,95.24,99.6,39.77,1,1,0.736
769,27,804.05,134.01,85.3,58.31,1,1,1.0
769,28,312.75,108.3,197.55,355.92,1,1,1.0
770,25,355.54,75.72,102.98,56.2,1,1,0.5822
770,26,473.96,95.1,98.49,41.03,1,1,0.752
770,27,800.85,131.76,83.75,57.75,1,1,1.0
770,28,312.53,108.44,197.63,355.85,1,1,1.0
771,25,353.71,75.58,102.99,55.78,1,1,0.5918
771,26,476.77,94.96,97.38,42.3,1,1,0.7686
771,27,797.6,129.51,82.2,57.2,1,1,1.0
771,28,312.32,108.59,197.69,355.77,1,1,1.0
772,25,351.89,75.44,102.98,55.36,1,1,0.6014
772,26,479.58,94.82,96.22,43.56,1,1,0.7857
772,27,794.4,127.27,80.65,56.63,1,1,1.0
772,28,312.11,108.73,197.76,355.7,1,1,1.0
773,25,350.06,75.3,102.99,54.94,1,1,0.6111
773,26,482.39,94.68,95.11,44.83,1,1,0.8035
773,27,791.15,125.02,79.1,56.07,1,1,1.0
773,28,311.89,108.87,197.84,355.63,1,1,1.0
774,25,348.24,75.16,102.98,54.52,1,1,0.6209
774,26,485.2,94.54,94.0,46.09,1,1,0.822
774,27,787.9,122.78,77.6,55.5,1,1,1.0
774,28,311.68,109.01,197.91,355.56,1,1,1.0
775,25,346.41,75.02,102.98,54.1,1,1,0.6312
775,26,488.01,94.4,92.89,47.36,1,1,0.8412
775,27,784.7,120.53,76.0,54.94,1,1,1.0
775,28,311.47,109.16,197.97,355.48,1,1,1.0
776,25,344.3,75.58,103.69,53.82,1,1,0.6266
776,26,490.54,95.1,91.16,46.66,1,1,0.8568
776,27,781.75,118.56,74.6,54.38,1,1,1.0
776,28,311.25,109.3,198.05,355.42,1,1,1.0
777,25,342.19,76.14,104.39,53.54,1,1,0.622
777,26,493.07,95.8,89.48,45.96,1,1,0.8735
777,27,778.8,116.6,73.2,53.81,1,1,1.0
777,28,311.04,109.44,198.12,355.35,1,1,1.0
778,25,340.09,76.7,105.09,53.26,1,1,0.6173
778,26,495.6,96.5,87.8,45.26,1,1,0.8913
778,27,775.85,114.63,71.8,53.25,1,1,1.0
778,28,310.83,109.58,198.19,355.28,1,1,1.0
779,25,337.98,77.26,105.79,52.98,1,1,0.6127
779,26,498.12,97.21,86.13,44.55,1,1,0.9102
779,27,772.9,112.66,70.4,52.69,1,1,1.0
779,28,310.61,109.72,198.27,355.21,1,1,1.0
780,25,335.88,77.82,106.49,52.68,1,1,0.6082
780,26,500.65,97.91,84.45,43.85,1,1,0.9304
780,27,769.95,110.69,69.0,52.13,1,1,1.0
780,28,310.4,109.87,198.33,355.13,1,1,1.0
781,25,333.76,78.39,107.2,52.42,1,1,0.6007
781,26,503.2,98.62,82.75,43.14,1,1,1.0
781,27,767.0,108.72,67.55,51.58,1,1,1.0
781,28,310.4,109.87,198.44,355.18,1,1,1.0
782,25,331.8,78.94,107.06,52.56,1,1,0.5884
782,26,505.45,99.32,81.35,43.7,1,1,1.0
782,27,764.05,107.47,67.15,50.58,1,1,1.0
782,28,310.4,109.87,198.55,355.24,1,1,1.0
783,25,329.83,79.51,106.92,52.7,1,1,0.5761
783,26,507.65,100.02,79.95,44.27,1,1,1.0
783,27,761.1,106.2,66.75,49.6,1,1,1.0
783,28,310.4,109.87,198.65,355.29,1,1,1.0
784,25,327.87,80.07,106.77,52.84,1,1,0.564
784,26,509.9,100.72,78.55,44.83,1,1,1.0
784,27,758.15,104.94,66.3,48.62,1,1,1.0
784,28,310.4,109.87,198.76,355.34,1,1,1.0
785,25,325.9,80.63,106.64,52.98,1,1,0.5519
785,26,512.15,101.42,77.15,45.39,1,1,1.0
785,27,755.2,103.67,65.9,47.64,1,1,1.0
785,28,310.4,109.87,198.87,355.4,1,1,1.0
786,25,323.94,81.19,106.49,53.12,1,1,0.5399
786,26,514.4,102.13,75.75,45.94,1,1,1.0
786,27,752.25,102.41,65.45,46.65,1,1,1.0
786,28,310.4,109.87,198.97,355.45,1,1,1.0
787,25,321.96,81.76,106.36,53.26,1,1,0.5279
787,26,516.65,102.83,74.35,46.51,1,1,1.0
787,27,749.3,101.14,65.05,45.67,1,1,1.0
787,28,310.4,109.87,199.08,355.5,1,1,1.0
788,25,319.72,81.76,106.35,53.26,1,1,0.5279
788,26,518.5,103.39,73.45,46.23,1,1,1.0
788,27,747.3,99.46,63.95,45.26,1,1,1.0
788,28,310.4,109.87,199.19,355.56,1,1,1.0
789,25,317.47,81.76,106.35,53.26,1,1,0.5279
789,26,520.3,103.95,72.65,45.96,1,1,1.0
789,27,745.35,97.77,62.8,44.83,1,1,1.0
789,28,310.4,109.87,199.29,355.61,1,1,1.0
790,25,315.23,81.76,106.35,53.26,1,1,0.5279
790,26,522.15,104.52,71.8,45.67,1,1,1.0
790,27,743.4,96.08,61.65,44.4,1,1,1.0
790,28,310.4,109.87,199.4,355.66,1,1,1.0
791,25,312.98,81.76,106.35,53.26,1,1,0.5279
791,26,523.95,105.08,70.95,45.39,1,1,1.0
791,27,741.4,94.4,60.6,43.98,1,1,1.0
791,28,310.4,109.87,199.51,355.72,1,1,1.0
792,25,310.73,81.76,106.35,53.26,1,1,0.5279
792,26,525.8,105.64,70.1,45.11,1,1,1.0
792,27,739.45,92.72,59.45,43.56,1,1,1.0
792,28,310.4,109.87,199.61,355.77,1,1,1.0
793,25,308.48,81.76,106.35,53.26,1,1,0.5365
793,26,527.6,106.2,69.3,44.83,1,1,1.0
793,27,737.5,91.02,58.3,43.14,1,1,1.0
793,28,310.4,109.87,199.72,355.82,1,1,1.0
794,25,306.38,82.32,106.07,52.97,1,1,0.5383
794,26,528.75,106.9,68.7,44.83,1,1,1.0
794,27,735.4,90.04,57.45,42.58,1,1,1.0
794,28,310.4,109.87,199.83,355.88,1,1,1.0
795,25,304.26,82.88,105.8,52.69,1,1,0.5405
795,26,529.85,107.61,68.15,44.82,1,1,1.0
795,27,733.25,89.06,56.65,42.02,1,1,1.0
795,28,310.4,109.87,199.93,355.93,1,1,1.0
796,25,302.16,83.44,105.52,52.41,1,1,1.0
796,26,531.0,108.31,67.6,44.82,1,1,1.0
796,27,731.15,88.08,55.8,41.46,1,1,1.0
796,28,310.4,109.87,200.04,355.98,1,1,1.0
797,25,300.06,84.0,105.23,52.12,1,1,1.0
797,26,532.1,109.01,67.05,44.83,1,1,1.0
797,27,729.05,87.1,54.95,40.9,1,1,1.0
797,28,310.4,109.87,200.15,356.04,1,1,1.0
798,25,297.94,84.56,104.95,51.84,1,1,1.0
798,26,533.25,109.71,66.45,44.83,1,1,1.0
798,27,726.95,86.11,54.1,40.33,1,1,1.0
798,28,310.4,109.87,200.25,356.09,1,1,1.0
799,25,295.84,85.12,104.67,51.58,1,1,1.0
799,26,534.35,110.42,65.9,44.82,1,1,1.0
799,27,724.85,85.12,53.25,39.78,1,1,1.0
799,28,310.4,109.87,200.36,356.14,1,1,1.0
800,25,291.63,83.44,106.35,53.26,1,1,1.0
800,26,535.2,108.72,65.05,46.52,1,1,1.0
800,27,722.3,82.6,53.25,39.77,1,1,1.0
800,28,310.4,109.87,200.47,356.2,1,1,1.0
